OWNER_COST_SNAPSHOT_SCOPE_RED count=2 passed=1
capstone probe workers=8 target=0.00493879791 grid=69x69x106 dx=0.0305931161 t_ft=2.09320803
capstone step-start=0 speed=0 gprime=0 nu=2.23472097e-05 selected=5.23521035 previous=0
capstone event-step=0.00164626597 pilot_ceiling=0.0115509308 ramp_end=0.209320803
RISE_FIRE_OWNER_PROFILE_V1 {"scope":2,"parent":1,"phase":"Prepare","stage":4294967295,"raw_iteration":4294967295,"iteration_kind":"owner","wall_ms":521.415083000,"device_sum_ms":424.763124902,"wall_minus_device_ms":96.651958098,"exclusive_wall_ms":521.415083000,"exclusive_device_sum_ms":424.763124902,"child_observer_wall_ms":0.000000000,"count_scope":"inclusive","owner_commits":1,"projection_invocations":0}
RISE_FIRE_OWNER_PROFILE_V1 {"scope":5,"parent":4,"phase":"ProjectionAdapter","stage":0,"raw_iteration":4294967295,"iteration_kind":"bootstrap","wall_ms":193.770000000,"device_sum_ms":187.832208350,"wall_minus_device_ms":5.937791650,"exclusive_wall_ms":193.770000000,"exclusive_device_sum_ms":187.832208350,"child_observer_wall_ms":0.000000000,"count_scope":"inclusive","owner_commits":0,"projection_invocations":1}
RISE_FIRE_OWNER_PROFILE_V1 {"scope":4,"parent":3,"phase":"Project","stage":0,"raw_iteration":4294967295,"iteration_kind":"bootstrap","wall_ms":194.904209000,"device_sum_ms":187.879041769,"wall_minus_device_ms":7.025167231,"exclusive_wall_ms":1.117209000,"exclusive_device_sum_ms":0.046833418,"child_observer_wall_ms":0.017000000,"count_scope":"inclusive","owner_commits":2,"projection_invocations":1}
PRODUCER_COMMAND_V1 stage=0 raw_iteration=4294967295 cpu_begin=1943404942006041 cpu_end=1943410305951958 gpu_begin=1943404942006041 gpu_end=1943410305951958 device_ms=5280.3987085353583 encoders=38 interval_scope=possibly_overlapping
PRODUCER_KERNEL_V1 stage=0 raw_iteration=4294967295 ordinal=0 kernel=owner_pack_faces threads=1533387 begin_tick=1943405025465833 end_tick=1943405025520458 ms_per_tick=9.9999999999999995e-07 device_ms=0.054625
PRODUCER_KERNEL_V1 stage=0 raw_iteration=4294967295 ordinal=1 kernel=owner_pack_faces threads=1533387 begin_tick=1943405025512041 end_tick=1943405025584416 ms_per_tick=9.9999999999999995e-07 device_ms=0.072374999999999995
PRODUCER_KERNEL_V1 stage=0 raw_iteration=4294967295 ordinal=2 kernel=owner_pack_faces threads=1533387 begin_tick=1943405025458416 end_tick=1943405025512041 ms_per_tick=9.9999999999999995e-07 device_ms=0.053624999999999999
PRODUCER_KERNEL_V1 stage=0 raw_iteration=4294967295 ordinal=3 kernel=fct_extract_gas_density threads=504666 begin_tick=1943405025520875 end_tick=1943405025565208 ms_per_tick=9.9999999999999995e-07 device_ms=0.044332999999999997
PRODUCER_KERNEL_V1 stage=0 raw_iteration=4294967295 ordinal=4 kernel=owner_gas_source threads=504666 begin_tick=1943405025584750 end_tick=1943405025629041 ms_per_tick=9.9999999999999995e-07 device_ms=0.044290999999999997
PRODUCER_KERNEL_V1 stage=0 raw_iteration=4294967295 ordinal=5 kernel=evaluate_resident_transport threads=504666 begin_tick=1943405025691333 end_tick=1943405026279333 ms_per_tick=9.9999999999999995e-07 device_ms=0.58799999999999997
PRODUCER_KERNEL_V1 stage=0 raw_iteration=4294967295 ordinal=6 kernel=identify_resident_transport threads=1 begin_tick=1943405026279708 end_tick=1943405616307333 ms_per_tick=9.9999999999999995e-07 device_ms=590.02762499999994
PRODUCER_KERNEL_V1 stage=0 raw_iteration=4294967295 ordinal=7 kernel=owner_bind_transport threads=1 begin_tick=1943405616330500 end_tick=1943405616373416 ms_per_tick=9.9999999999999995e-07 device_ms=0.042915999999999996
PRODUCER_KERNEL_V1 stage=0 raw_iteration=4294967295 ordinal=8 kernel=identify_resident_owner_endpoint_class threads=1 begin_tick=1943405616373875 end_tick=1943405618924666 ms_per_tick=9.9999999999999995e-07 device_ms=2.5507909999999998
PRODUCER_KERNEL_V1 stage=0 raw_iteration=4294967295 ordinal=9 kernel=evaluate_resident_physical_flux threads=1533387 begin_tick=1943405618925333 end_tick=1943405620066416 ms_per_tick=9.9999999999999995e-07 device_ms=1.1410829999999998
PRODUCER_KERNEL_V1 stage=0 raw_iteration=4294967295 ordinal=10 kernel=evaluate_resident_advective_pair threads=13800483 begin_tick=1943405620066958 end_tick=1943405627426041 ms_per_tick=9.9999999999999995e-07 device_ms=7.359083
PRODUCER_KERNEL_V1 stage=0 raw_iteration=4294967295 ordinal=11 kernel=finalize_resident_advective_high threads=13800483 begin_tick=1943405627445083 end_tick=1943405627871250 ms_per_tick=9.9999999999999995e-07 device_ms=0.42616699999999996
PRODUCER_KERNEL_V1 stage=0 raw_iteration=4294967295 ordinal=12 kernel=compose_resident_flux_pair threads=13800483 begin_tick=1943405627871583 end_tick=1943405628754458 ms_per_tick=9.9999999999999995e-07 device_ms=0.88287499999999997
PRODUCER_KERNEL_V1 stage=0 raw_iteration=4294967295 ordinal=13 kernel=validate_resident_physical_flux threads=13800483 begin_tick=1943405628755083 end_tick=1943405629612541 ms_per_tick=9.9999999999999995e-07 device_ms=0.85745799999999994
PRODUCER_KERNEL_V1 stage=0 raw_iteration=4294967295 ordinal=14 kernel=identify_resident_physical_flux threads=1 begin_tick=1943405629613166 end_tick=1943408863913125 ms_per_tick=9.9999999999999995e-07 device_ms=3234.2999589999999
PRODUCER_KERNEL_V1 stage=0 raw_iteration=4294967295 ordinal=15 kernel=fct_build_ratios threads=5551326 begin_tick=1943408863929416 end_tick=1943408868873166 ms_per_tick=9.9999999999999995e-07 device_ms=4.9437499999999996
PRODUCER_KERNEL_V1 stage=0 raw_iteration=4294967295 ordinal=16 kernel=fct_build_face_alpha threads=1533387 begin_tick=1943408868889500 end_tick=1943408869148291 ms_per_tick=9.9999999999999995e-07 device_ms=0.25879099999999999
PRODUCER_KERNEL_V1 stage=0 raw_iteration=4294967295 ordinal=17 kernel=fct_commit_scalar threads=504666 begin_tick=1943408869148708 end_tick=1943408869338041 ms_per_tick=9.9999999999999995e-07 device_ms=0.189333
PRODUCER_KERNEL_V1 stage=0 raw_iteration=4294967295 ordinal=18 kernel=owner_bind_candidate threads=1 begin_tick=1943408869338583 end_tick=1943409310460000 ms_per_tick=9.9999999999999995e-07 device_ms=441.12141700000001
PRODUCER_KERNEL_V1 stage=0 raw_iteration=4294967295 ordinal=19 kernel=finalize_resident_eos_candidate threads=1 begin_tick=1943409310477291 end_tick=1943409310479958 ms_per_tick=9.9999999999999995e-07 device_ms=0.0026669999999999997
PRODUCER_KERNEL_V1 stage=0 raw_iteration=4294967295 ordinal=20 kernel=evaluate_resident_eos_candidate threads=504666 begin_tick=1943409310480416 end_tick=1943409917245083 ms_per_tick=9.9999999999999995e-07 device_ms=606.76466699999992
PRODUCER_KERNEL_V1 stage=0 raw_iteration=4294967295 ordinal=21 kernel=finalize_resident_eos_candidate threads=1 begin_tick=1943409917258958 end_tick=1943409917282041 ms_per_tick=9.9999999999999995e-07 device_ms=0.023082999999999999
PRODUCER_KERNEL_V1 stage=0 raw_iteration=4294967295 ordinal=22 kernel=identify_resident_eos threads=1 begin_tick=1943409917282416 end_tick=1943409961751666 ms_per_tick=9.9999999999999995e-07 device_ms=44.469249999999995
PRODUCER_KERNEL_V1 stage=0 raw_iteration=4294967295 ordinal=23 kernel=produce_resident_frozen_source threads=504666 begin_tick=1943409961766708 end_tick=1943409961796958 ms_per_tick=9.9999999999999995e-07 device_ms=0.030249999999999999
PRODUCER_KERNEL_V1 stage=0 raw_iteration=4294967295 ordinal=24 kernel=identify_resident_frozen_source threads=1 begin_tick=1943409961797375 end_tick=1943409997900583 ms_per_tick=9.9999999999999995e-07 device_ms=36.103207999999995
PRODUCER_KERNEL_V1 stage=0 raw_iteration=4294967295 ordinal=25 kernel=evaluate_resident_target_terms threads=504666 begin_tick=1943409997915791 end_tick=1943410122477666 ms_per_tick=9.9999999999999995e-07 device_ms=124.561875
PRODUCER_KERNEL_V1 stage=0 raw_iteration=4294967295 ordinal=26 kernel=finalize_resident_target threads=1 begin_tick=1943410122492333 end_tick=1943410122495833 ms_per_tick=9.9999999999999995e-07 device_ms=0.0034999999999999996
PRODUCER_KERNEL_V1 stage=0 raw_iteration=4294967295 ordinal=27 kernel=identify_resident_target threads=1 begin_tick=1943410122496166 end_tick=1943410179244750 ms_per_tick=9.9999999999999995e-07 device_ms=56.748583999999994
PRODUCER_KERNEL_V1 stage=0 raw_iteration=4294967295 ordinal=28 kernel=issue_resident_projection_consumer threads=1 begin_tick=1943410179259625 end_tick=1943410179263833 ms_per_tick=9.9999999999999995e-07 device_ms=0.0042079999999999999
PRODUCER_KERNEL_V1 stage=0 raw_iteration=4294967295 ordinal=29 kernel=consume_resident_target threads=1 begin_tick=1943410179264250 end_tick=1943410216997916 ms_per_tick=9.9999999999999995e-07 device_ms=37.733665999999999
PRODUCER_KERNEL_V1 stage=0 raw_iteration=4294967295 ordinal=30 kernel=owner_compose_target threads=504666 begin_tick=1943410217011750 end_tick=1943410217362583 ms_per_tick=9.9999999999999995e-07 device_ms=0.35083300000000001
PRODUCER_KERNEL_V1 stage=0 raw_iteration=4294967295 ordinal=31 kernel=finalize_resident_target threads=1 begin_tick=1943410217363291 end_tick=1943410217366583 ms_per_tick=9.9999999999999995e-07 device_ms=0.0032919999999999998
PRODUCER_KERNEL_V1 stage=0 raw_iteration=4294967295 ordinal=32 kernel=owner_identify_target threads=1 begin_tick=1943410217367333 end_tick=1943410267417375 ms_per_tick=9.9999999999999995e-07 device_ms=50.050041999999998
PRODUCER_KERNEL_V1 stage=0 raw_iteration=4294967295 ordinal=33 kernel=issue_resident_projection_consumer threads=1 begin_tick=1943410267418000 end_tick=1943410267422125 ms_per_tick=9.9999999999999995e-07 device_ms=0.0041250000000000002
PRODUCER_KERNEL_V1 stage=0 raw_iteration=4294967295 ordinal=34 kernel=consume_resident_target threads=1 begin_tick=1943410267422500 end_tick=1943410304866875 ms_per_tick=9.9999999999999995e-07 device_ms=37.444375000000001
PRODUCER_KERNEL_V1 stage=0 raw_iteration=4294967295 ordinal=35 kernel=owner_issue_stage_seal threads=1 begin_tick=1943410304882666 end_tick=1943410304886375 ms_per_tick=9.9999999999999995e-07 device_ms=0.0037089999999999996
PRODUCER_KERNEL_V1 stage=0 raw_iteration=4294967295 ordinal=36 kernel=fct_compatible_stage_rate threads=1533387 begin_tick=1943410305287125 end_tick=1943410305802208 ms_per_tick=9.9999999999999995e-07 device_ms=0.51508299999999996
PRODUCER_KERNEL_V1 stage=0 raw_iteration=4294967295 ordinal=37 kernel=owner_predict_momentum threads=1533387 begin_tick=1943410305802666 end_tick=1943410305851875 ms_per_tick=9.9999999999999995e-07 device_ms=0.049208999999999996
RISE_FIRE_OWNER_PROFILE_V1 {"scope":6,"parent":3,"phase":"BuildStageProducerGroup","stage":0,"raw_iteration":4294967295,"iteration_kind":"bootstrap","wall_ms":5364.173166000,"device_sum_ms":5280.398708535,"wall_minus_device_ms":83.774457465,"exclusive_wall_ms":5364.173166000,"exclusive_device_sum_ms":5280.398708535,"child_observer_wall_ms":0.000000000,"count_scope":"inclusive","owner_commits":1,"projection_invocations":0}
RISE_FIRE_OWNER_PROFILE_V1 {"scope":9,"parent":8,"phase":"ProjectionAdapter","stage":0,"raw_iteration":0,"iteration_kind":"picard","wall_ms":191.511792000,"device_sum_ms":188.372416887,"wall_minus_device_ms":3.139375113,"exclusive_wall_ms":191.511792000,"exclusive_device_sum_ms":188.372416887,"child_observer_wall_ms":0.000000000,"count_scope":"inclusive","owner_commits":0,"projection_invocations":1}
RISE_FIRE_OWNER_PROFILE_V1 {"scope":8,"parent":7,"phase":"Project","stage":0,"raw_iteration":0,"iteration_kind":"picard","wall_ms":194.386541000,"device_sum_ms":188.428500434,"wall_minus_device_ms":5.958040566,"exclusive_wall_ms":2.845041000,"exclusive_device_sum_ms":0.056083547,"child_observer_wall_ms":0.029708000,"count_scope":"inclusive","owner_commits":2,"projection_invocations":1}
RISE_FIRE_OWNER_PROFILE_V1 {"scope":10,"parent":7,"phase":"ReadOpenClass","stage":0,"raw_iteration":0,"iteration_kind":"picard","wall_ms":0.192167000,"device_sum_ms":0.002541812,"wall_minus_device_ms":0.189625188,"exclusive_wall_ms":0.192167000,"exclusive_device_sum_ms":0.002541812,"child_observer_wall_ms":0.000000000,"count_scope":"inclusive","owner_commits":1,"projection_invocations":0}
RISE_FIRE_OWNER_PROFILE_V1 {"scope":11,"parent":7,"phase":"ReadOpenClass","stage":0,"raw_iteration":0,"iteration_kind":"picard","wall_ms":0.153334000,"device_sum_ms":0.002249843,"wall_minus_device_ms":0.151084157,"exclusive_wall_ms":0.153334000,"exclusive_device_sum_ms":0.002249843,"child_observer_wall_ms":0.000000000,"count_scope":"inclusive","owner_commits":1,"projection_invocations":0}
PRODUCER_COMMAND_V1 stage=0 raw_iteration=0 cpu_begin=1943410500939041 cpu_end=1943415861887375 gpu_begin=1943410500939041 gpu_end=1943415861887375 device_ms=5278.8685418199748 encoders=38 interval_scope=possibly_overlapping
PRODUCER_KERNEL_V1 stage=0 raw_iteration=0 ordinal=0 kernel=owner_pack_faces threads=1533387 begin_tick=1943410582833250 end_tick=1943410583201083 ms_per_tick=9.9999999999999995e-07 device_ms=0.36783299999999997
PRODUCER_KERNEL_V1 stage=0 raw_iteration=0 ordinal=1 kernel=owner_pack_faces threads=1533387 begin_tick=1943410582945541 end_tick=1943410583420083 ms_per_tick=9.9999999999999995e-07 device_ms=0.47454199999999996
PRODUCER_KERNEL_V1 stage=0 raw_iteration=0 ordinal=2 kernel=owner_pack_faces threads=1533387 begin_tick=1943410583201083 end_tick=1943410584367333 ms_per_tick=9.9999999999999995e-07 device_ms=1.16625
PRODUCER_KERNEL_V1 stage=0 raw_iteration=0 ordinal=3 kernel=fct_extract_gas_density threads=504666 begin_tick=1943410583420083 end_tick=1943410584219916 ms_per_tick=9.9999999999999995e-07 device_ms=0.79983300000000002
PRODUCER_KERNEL_V1 stage=0 raw_iteration=0 ordinal=4 kernel=owner_gas_source threads=504666 begin_tick=1943410584446333 end_tick=1943410585065583 ms_per_tick=9.9999999999999995e-07 device_ms=0.61924999999999997
PRODUCER_KERNEL_V1 stage=0 raw_iteration=0 ordinal=5 kernel=evaluate_resident_transport threads=504666 begin_tick=1943410584445791 end_tick=1943410585104958 ms_per_tick=9.9999999999999995e-07 device_ms=0.65916699999999995
PRODUCER_KERNEL_V1 stage=0 raw_iteration=0 ordinal=6 kernel=identify_resident_transport threads=1 begin_tick=1943410585117416 end_tick=1943411175004708 ms_per_tick=9.9999999999999995e-07 device_ms=589.887292
PRODUCER_KERNEL_V1 stage=0 raw_iteration=0 ordinal=7 kernel=owner_bind_transport threads=1 begin_tick=1943411175022125 end_tick=1943411175025750 ms_per_tick=9.9999999999999995e-07 device_ms=0.0036249999999999998
PRODUCER_KERNEL_V1 stage=0 raw_iteration=0 ordinal=8 kernel=identify_resident_owner_endpoint_class threads=1 begin_tick=1943411175026166 end_tick=1943411177477166 ms_per_tick=9.9999999999999995e-07 device_ms=2.4510000000000001
PRODUCER_KERNEL_V1 stage=0 raw_iteration=0 ordinal=9 kernel=evaluate_resident_physical_flux threads=1533387 begin_tick=1943411177477625 end_tick=1943411178619166 ms_per_tick=9.9999999999999995e-07 device_ms=1.1415409999999999
PRODUCER_KERNEL_V1 stage=0 raw_iteration=0 ordinal=10 kernel=evaluate_resident_advective_pair threads=13800483 begin_tick=1943411178619750 end_tick=1943411187002333 ms_per_tick=9.9999999999999995e-07 device_ms=8.3825830000000003
PRODUCER_KERNEL_V1 stage=0 raw_iteration=0 ordinal=11 kernel=finalize_resident_advective_high threads=13800483 begin_tick=1943411187017541 end_tick=1943411187434208 ms_per_tick=9.9999999999999995e-07 device_ms=0.41666699999999995
PRODUCER_KERNEL_V1 stage=0 raw_iteration=0 ordinal=12 kernel=compose_resident_flux_pair threads=13800483 begin_tick=1943411187434625 end_tick=1943411188321083 ms_per_tick=9.9999999999999995e-07 device_ms=0.88645799999999997
PRODUCER_KERNEL_V1 stage=0 raw_iteration=0 ordinal=13 kernel=validate_resident_physical_flux threads=13800483 begin_tick=1943411188321791 end_tick=1943411189155541 ms_per_tick=9.9999999999999995e-07 device_ms=0.83374999999999999
PRODUCER_KERNEL_V1 stage=0 raw_iteration=0 ordinal=14 kernel=identify_resident_physical_flux threads=1 begin_tick=1943411189156333 end_tick=1943414427010208 ms_per_tick=9.9999999999999995e-07 device_ms=3237.8538749999998
PRODUCER_KERNEL_V1 stage=0 raw_iteration=0 ordinal=15 kernel=fct_build_ratios threads=5551326 begin_tick=1943414427027666 end_tick=1943414430641958 ms_per_tick=9.9999999999999995e-07 device_ms=3.6142919999999998
PRODUCER_KERNEL_V1 stage=0 raw_iteration=0 ordinal=16 kernel=fct_build_face_alpha threads=1533387 begin_tick=1943414430642708 end_tick=1943414430901375 ms_per_tick=9.9999999999999995e-07 device_ms=0.25866699999999998
PRODUCER_KERNEL_V1 stage=0 raw_iteration=0 ordinal=17 kernel=fct_commit_scalar threads=504666 begin_tick=1943414430901875 end_tick=1943414431089375 ms_per_tick=9.9999999999999995e-07 device_ms=0.1875
PRODUCER_KERNEL_V1 stage=0 raw_iteration=0 ordinal=18 kernel=owner_bind_candidate threads=1 begin_tick=1943414431089875 end_tick=1943414872943083 ms_per_tick=9.9999999999999995e-07 device_ms=441.853208
PRODUCER_KERNEL_V1 stage=0 raw_iteration=0 ordinal=19 kernel=finalize_resident_eos_candidate threads=1 begin_tick=1943414872958791 end_tick=1943414872961541 ms_per_tick=9.9999999999999995e-07 device_ms=0.0027499999999999998
PRODUCER_KERNEL_V1 stage=0 raw_iteration=0 ordinal=20 kernel=evaluate_resident_eos_candidate threads=504666 begin_tick=1943414872961958 end_tick=1943415472460458 ms_per_tick=9.9999999999999995e-07 device_ms=599.49849999999992
PRODUCER_KERNEL_V1 stage=0 raw_iteration=0 ordinal=21 kernel=finalize_resident_eos_candidate threads=1 begin_tick=1943415472476333 end_tick=1943415472479250 ms_per_tick=9.9999999999999995e-07 device_ms=0.0029169999999999999
PRODUCER_KERNEL_V1 stage=0 raw_iteration=0 ordinal=22 kernel=identify_resident_eos threads=1 begin_tick=1943415472479541 end_tick=1943415516903375 ms_per_tick=9.9999999999999995e-07 device_ms=44.423833999999999
PRODUCER_KERNEL_V1 stage=0 raw_iteration=0 ordinal=23 kernel=produce_resident_frozen_source threads=504666 begin_tick=1943415516918708 end_tick=1943415516949041 ms_per_tick=9.9999999999999995e-07 device_ms=0.030332999999999999
PRODUCER_KERNEL_V1 stage=0 raw_iteration=0 ordinal=24 kernel=identify_resident_frozen_source threads=1 begin_tick=1943415516949458 end_tick=1943415552239625 ms_per_tick=9.9999999999999995e-07 device_ms=35.290166999999997
PRODUCER_KERNEL_V1 stage=0 raw_iteration=0 ordinal=25 kernel=evaluate_resident_target_terms threads=504666 begin_tick=1943415552254916 end_tick=1943415677106416 ms_per_tick=9.9999999999999995e-07 device_ms=124.85149999999999
PRODUCER_KERNEL_V1 stage=0 raw_iteration=0 ordinal=26 kernel=finalize_resident_target threads=1 begin_tick=1943415677121125 end_tick=1943415677124375 ms_per_tick=9.9999999999999995e-07 device_ms=0.0032499999999999999
PRODUCER_KERNEL_V1 stage=0 raw_iteration=0 ordinal=27 kernel=identify_resident_target threads=1 begin_tick=1943415677124666 end_tick=1943415734233125 ms_per_tick=9.9999999999999995e-07 device_ms=57.108458999999996
PRODUCER_KERNEL_V1 stage=0 raw_iteration=0 ordinal=28 kernel=issue_resident_projection_consumer threads=1 begin_tick=1943415734257000 end_tick=1943415734314666 ms_per_tick=9.9999999999999995e-07 device_ms=0.057665999999999995
PRODUCER_KERNEL_V1 stage=0 raw_iteration=0 ordinal=29 kernel=consume_resident_target threads=1 begin_tick=1943415734315000 end_tick=1943415771629875 ms_per_tick=9.9999999999999995e-07 device_ms=37.314875000000001
PRODUCER_KERNEL_V1 stage=0 raw_iteration=0 ordinal=30 kernel=owner_compose_target threads=504666 begin_tick=1943415771630666 end_tick=1943415771709041 ms_per_tick=9.9999999999999995e-07 device_ms=0.078375
PRODUCER_KERNEL_V1 stage=0 raw_iteration=0 ordinal=31 kernel=finalize_resident_target threads=1 begin_tick=1943415771709458 end_tick=1943415771712291 ms_per_tick=9.9999999999999995e-07 device_ms=0.002833
PRODUCER_KERNEL_V1 stage=0 raw_iteration=0 ordinal=32 kernel=owner_identify_target threads=1 begin_tick=1943415771712708 end_tick=1943415823225833 ms_per_tick=9.9999999999999995e-07 device_ms=51.513124999999995
PRODUCER_KERNEL_V1 stage=0 raw_iteration=0 ordinal=33 kernel=issue_resident_projection_consumer threads=1 begin_tick=1943415823238250 end_tick=1943415823242458 ms_per_tick=9.9999999999999995e-07 device_ms=0.0042079999999999999
PRODUCER_KERNEL_V1 stage=0 raw_iteration=0 ordinal=34 kernel=consume_resident_target threads=1 begin_tick=1943415823242875 end_tick=1943415860699875 ms_per_tick=9.9999999999999995e-07 device_ms=37.457000000000001
PRODUCER_KERNEL_V1 stage=0 raw_iteration=0 ordinal=35 kernel=owner_issue_stage_seal threads=1 begin_tick=1943415860716083 end_tick=1943415860719791 ms_per_tick=9.9999999999999995e-07 device_ms=0.0037079999999999999
PRODUCER_KERNEL_V1 stage=0 raw_iteration=0 ordinal=36 kernel=fct_compatible_stage_rate threads=1533387 begin_tick=1943415861115166 end_tick=1943415861649833 ms_per_tick=9.9999999999999995e-07 device_ms=0.534667
PRODUCER_KERNEL_V1 stage=0 raw_iteration=0 ordinal=37 kernel=owner_predict_momentum threads=1533387 begin_tick=1943415861650375 end_tick=1943415861699500 ms_per_tick=9.9999999999999995e-07 device_ms=0.049124999999999995
RISE_FIRE_OWNER_PROFILE_V1 {"scope":12,"parent":7,"phase":"BuildStageProducerGroup","stage":0,"raw_iteration":0,"iteration_kind":"picard","wall_ms":5361.138375000,"device_sum_ms":5278.868541820,"wall_minus_device_ms":82.269833180,"exclusive_wall_ms":5361.138375000,"exclusive_device_sum_ms":5278.868541820,"child_observer_wall_ms":0.000000000,"count_scope":"inclusive","owner_commits":1,"projection_invocations":0}
RISE_FIRE_OWNER_PROFILE_V1 {"scope":13,"parent":7,"phase":"Residual","stage":0,"raw_iteration":0,"iteration_kind":"picard","wall_ms":2.370834000,"device_sum_ms":0.022750115,"wall_minus_device_ms":2.348083885,"exclusive_wall_ms":2.370834000,"exclusive_device_sum_ms":0.022750115,"child_observer_wall_ms":0.000000000,"count_scope":"inclusive","owner_commits":1,"projection_invocations":0}
RISE_FIRE_OWNER_PROFILE_V1 {"scope":7,"parent":3,"phase":"PicardIteration","stage":0,"raw_iteration":0,"iteration_kind":"picard","wall_ms":5560.883875000,"device_sum_ms":5467.324584024,"wall_minus_device_ms":93.559290976,"exclusive_wall_ms":2.586540000,"exclusive_device_sum_ms":0.000000000,"child_observer_wall_ms":0.056084000,"count_scope":"inclusive","owner_commits":6,"projection_invocations":1}
RISE_FIRE_OWNER_PROFILE_V1 {"scope":16,"parent":15,"phase":"ProjectionAdapter","stage":0,"raw_iteration":1,"iteration_kind":"picard","wall_ms":187.608500000,"device_sum_ms":184.743416496,"wall_minus_device_ms":2.865083504,"exclusive_wall_ms":187.608500000,"exclusive_device_sum_ms":184.743416496,"child_observer_wall_ms":0.000000000,"count_scope":"inclusive","owner_commits":0,"projection_invocations":1}
RISE_FIRE_OWNER_PROFILE_V1 {"scope":15,"parent":14,"phase":"Project","stage":0,"raw_iteration":1,"iteration_kind":"picard","wall_ms":188.313041000,"device_sum_ms":184.919458115,"wall_minus_device_ms":3.393582885,"exclusive_wall_ms":0.682958000,"exclusive_device_sum_ms":0.176041620,"child_observer_wall_ms":0.021583000,"count_scope":"inclusive","owner_commits":2,"projection_invocations":1}
RISE_FIRE_OWNER_PROFILE_V1 {"scope":17,"parent":14,"phase":"ReadOpenClass","stage":0,"raw_iteration":1,"iteration_kind":"picard","wall_ms":0.163042000,"device_sum_ms":0.002624933,"wall_minus_device_ms":0.160417067,"exclusive_wall_ms":0.163042000,"exclusive_device_sum_ms":0.002624933,"child_observer_wall_ms":0.000000000,"count_scope":"inclusive","owner_commits":1,"projection_invocations":0}
RISE_FIRE_OWNER_PROFILE_V1 {"scope":18,"parent":14,"phase":"ReadOpenClass","stage":0,"raw_iteration":1,"iteration_kind":"picard","wall_ms":0.154458000,"device_sum_ms":0.002624933,"wall_minus_device_ms":0.151833067,"exclusive_wall_ms":0.154458000,"exclusive_device_sum_ms":0.002624933,"child_observer_wall_ms":0.000000000,"count_scope":"inclusive","owner_commits":1,"projection_invocations":0}
PRODUCER_COMMAND_V1 stage=0 raw_iteration=1 cpu_begin=1943416055707041 cpu_end=1943421421134708 gpu_begin=1943416055707041 gpu_end=1943421421134708 device_ms=5284.4880833290517 encoders=38 interval_scope=possibly_overlapping
PRODUCER_KERNEL_V1 stage=0 raw_iteration=1 ordinal=0 kernel=owner_pack_faces threads=1533387 begin_tick=1943416136654000 end_tick=1943416136705333 ms_per_tick=9.9999999999999995e-07 device_ms=0.051332999999999997
PRODUCER_KERNEL_V1 stage=0 raw_iteration=1 ordinal=1 kernel=owner_pack_faces threads=1533387 begin_tick=1943416136753375 end_tick=1943416136803791 ms_per_tick=9.9999999999999995e-07 device_ms=0.050415999999999996
PRODUCER_KERNEL_V1 stage=0 raw_iteration=1 ordinal=2 kernel=owner_pack_faces threads=1533387 begin_tick=1943416136865541 end_tick=1943416136943416 ms_per_tick=9.9999999999999995e-07 device_ms=0.077875
PRODUCER_KERNEL_V1 stage=0 raw_iteration=1 ordinal=3 kernel=fct_extract_gas_density threads=504666 begin_tick=1943416136891250 end_tick=1943416136936500 ms_per_tick=9.9999999999999995e-07 device_ms=0.045249999999999999
PRODUCER_KERNEL_V1 stage=0 raw_iteration=1 ordinal=4 kernel=owner_gas_source threads=504666 begin_tick=1943416136974625 end_tick=1943416137021000 ms_per_tick=9.9999999999999995e-07 device_ms=0.046375
PRODUCER_KERNEL_V1 stage=0 raw_iteration=1 ordinal=5 kernel=evaluate_resident_transport threads=504666 begin_tick=1943416137044208 end_tick=1943416137632333 ms_per_tick=9.9999999999999995e-07 device_ms=0.58812500000000001
PRODUCER_KERNEL_V1 stage=0 raw_iteration=1 ordinal=6 kernel=identify_resident_transport threads=1 begin_tick=1943416137632666 end_tick=1943416727967416 ms_per_tick=9.9999999999999995e-07 device_ms=590.33474999999999
PRODUCER_KERNEL_V1 stage=0 raw_iteration=1 ordinal=7 kernel=owner_bind_transport threads=1 begin_tick=1943416727983500 end_tick=1943416727987000 ms_per_tick=9.9999999999999995e-07 device_ms=0.0034999999999999996
PRODUCER_KERNEL_V1 stage=0 raw_iteration=1 ordinal=8 kernel=identify_resident_owner_endpoint_class threads=1 begin_tick=1943416727987416 end_tick=1943416730400958 ms_per_tick=9.9999999999999995e-07 device_ms=2.4135420000000001
PRODUCER_KERNEL_V1 stage=0 raw_iteration=1 ordinal=9 kernel=evaluate_resident_physical_flux threads=1533387 begin_tick=1943416730401500 end_tick=1943416731542041 ms_per_tick=9.9999999999999995e-07 device_ms=1.140541
PRODUCER_KERNEL_V1 stage=0 raw_iteration=1 ordinal=10 kernel=evaluate_resident_advective_pair threads=13800483 begin_tick=1943416731542416 end_tick=1943416739884958 ms_per_tick=9.9999999999999995e-07 device_ms=8.3425419999999999
PRODUCER_KERNEL_V1 stage=0 raw_iteration=1 ordinal=11 kernel=finalize_resident_advective_high threads=13800483 begin_tick=1943416739900250 end_tick=1943416740318041 ms_per_tick=9.9999999999999995e-07 device_ms=0.41779099999999997
PRODUCER_KERNEL_V1 stage=0 raw_iteration=1 ordinal=12 kernel=compose_resident_flux_pair threads=13800483 begin_tick=1943416740318416 end_tick=1943416741200750 ms_per_tick=9.9999999999999995e-07 device_ms=0.88233399999999995
PRODUCER_KERNEL_V1 stage=0 raw_iteration=1 ordinal=13 kernel=validate_resident_physical_flux threads=13800483 begin_tick=1943416741201375 end_tick=1943416742031333 ms_per_tick=9.9999999999999995e-07 device_ms=0.82995799999999997
PRODUCER_KERNEL_V1 stage=0 raw_iteration=1 ordinal=14 kernel=identify_resident_physical_flux threads=1 begin_tick=1943416742031958 end_tick=1943419980918750 ms_per_tick=9.9999999999999995e-07 device_ms=3238.8867919999998
PRODUCER_KERNEL_V1 stage=0 raw_iteration=1 ordinal=15 kernel=fct_build_ratios threads=5551326 begin_tick=1943419980935083 end_tick=1943419985877875 ms_per_tick=9.9999999999999995e-07 device_ms=4.9427919999999999
PRODUCER_KERNEL_V1 stage=0 raw_iteration=1 ordinal=16 kernel=fct_build_face_alpha threads=1533387 begin_tick=1943419985893583 end_tick=1943419986153041 ms_per_tick=9.9999999999999995e-07 device_ms=0.25945799999999997
PRODUCER_KERNEL_V1 stage=0 raw_iteration=1 ordinal=17 kernel=fct_commit_scalar threads=504666 begin_tick=1943419986153458 end_tick=1943419986338708 ms_per_tick=9.9999999999999995e-07 device_ms=0.18525
PRODUCER_KERNEL_V1 stage=0 raw_iteration=1 ordinal=18 kernel=owner_bind_candidate threads=1 begin_tick=1943419986339333 end_tick=1943420427561000 ms_per_tick=9.9999999999999995e-07 device_ms=441.22166699999997
PRODUCER_KERNEL_V1 stage=0 raw_iteration=1 ordinal=19 kernel=finalize_resident_eos_candidate threads=1 begin_tick=1943420427578333 end_tick=1943420427581250 ms_per_tick=9.9999999999999995e-07 device_ms=0.0029169999999999999
PRODUCER_KERNEL_V1 stage=0 raw_iteration=1 ordinal=20 kernel=evaluate_resident_eos_candidate threads=504666 begin_tick=1943420427581625 end_tick=1943421030546916 ms_per_tick=9.9999999999999995e-07 device_ms=602.96529099999998
PRODUCER_KERNEL_V1 stage=0 raw_iteration=1 ordinal=21 kernel=finalize_resident_eos_candidate threads=1 begin_tick=1943421030562125 end_tick=1943421030610916 ms_per_tick=9.9999999999999995e-07 device_ms=0.048791000000000001
PRODUCER_KERNEL_V1 stage=0 raw_iteration=1 ordinal=22 kernel=identify_resident_eos threads=1 begin_tick=1943421030611250 end_tick=1943421075785125 ms_per_tick=9.9999999999999995e-07 device_ms=45.173874999999995
PRODUCER_KERNEL_V1 stage=0 raw_iteration=1 ordinal=23 kernel=produce_resident_frozen_source threads=504666 begin_tick=1943421075800875 end_tick=1943421075831250 ms_per_tick=9.9999999999999995e-07 device_ms=0.030374999999999999
PRODUCER_KERNEL_V1 stage=0 raw_iteration=1 ordinal=24 kernel=identify_resident_frozen_source threads=1 begin_tick=1943421075831666 end_tick=1943421111758583 ms_per_tick=9.9999999999999995e-07 device_ms=35.926916999999996
PRODUCER_KERNEL_V1 stage=0 raw_iteration=1 ordinal=25 kernel=evaluate_resident_target_terms threads=504666 begin_tick=1943421111759333 end_tick=1943421235633541 ms_per_tick=9.9999999999999995e-07 device_ms=123.874208
PRODUCER_KERNEL_V1 stage=0 raw_iteration=1 ordinal=26 kernel=finalize_resident_target threads=1 begin_tick=1943421235646375 end_tick=1943421235649791 ms_per_tick=9.9999999999999995e-07 device_ms=0.0034159999999999998
PRODUCER_KERNEL_V1 stage=0 raw_iteration=1 ordinal=27 kernel=identify_resident_target threads=1 begin_tick=1943421235650125 end_tick=1943421293227000 ms_per_tick=9.9999999999999995e-07 device_ms=57.576874999999994
PRODUCER_KERNEL_V1 stage=0 raw_iteration=1 ordinal=28 kernel=issue_resident_projection_consumer threads=1 begin_tick=1943421293227750 end_tick=1943421293232083 ms_per_tick=9.9999999999999995e-07 device_ms=0.004333
PRODUCER_KERNEL_V1 stage=0 raw_iteration=1 ordinal=29 kernel=consume_resident_target threads=1 begin_tick=1943421293232500 end_tick=1943421330509833 ms_per_tick=9.9999999999999995e-07 device_ms=37.277332999999999
PRODUCER_KERNEL_V1 stage=0 raw_iteration=1 ordinal=30 kernel=owner_compose_target threads=504666 begin_tick=1943421330510541 end_tick=1943421330589291 ms_per_tick=9.9999999999999995e-07 device_ms=0.078750000000000001
PRODUCER_KERNEL_V1 stage=0 raw_iteration=1 ordinal=31 kernel=finalize_resident_target threads=1 begin_tick=1943421330589666 end_tick=1943421330592708 ms_per_tick=9.9999999999999995e-07 device_ms=0.003042
PRODUCER_KERNEL_V1 stage=0 raw_iteration=1 ordinal=32 kernel=owner_identify_target threads=1 begin_tick=1943421330593083 end_tick=1943421382201916 ms_per_tick=9.9999999999999995e-07 device_ms=51.608832999999997
PRODUCER_KERNEL_V1 stage=0 raw_iteration=1 ordinal=33 kernel=issue_resident_projection_consumer threads=1 begin_tick=1943421382217291 end_tick=1943421382221291 ms_per_tick=9.9999999999999995e-07 device_ms=0.0040000000000000001
PRODUCER_KERNEL_V1 stage=0 raw_iteration=1 ordinal=34 kernel=consume_resident_target threads=1 begin_tick=1943421382221708 end_tick=1943421420028583 ms_per_tick=9.9999999999999995e-07 device_ms=37.806874999999998
PRODUCER_KERNEL_V1 stage=0 raw_iteration=1 ordinal=35 kernel=owner_issue_stage_seal threads=1 begin_tick=1943421420042208 end_tick=1943421420045583 ms_per_tick=9.9999999999999995e-07 device_ms=0.003375
PRODUCER_KERNEL_V1 stage=0 raw_iteration=1 ordinal=36 kernel=fct_compatible_stage_rate threads=1533387 begin_tick=1943421420442000 end_tick=1943421420956041 ms_per_tick=9.9999999999999995e-07 device_ms=0.51404099999999997
PRODUCER_KERNEL_V1 stage=0 raw_iteration=1 ordinal=37 kernel=owner_predict_momentum threads=1533387 begin_tick=1943421420956416 end_tick=1943421421004958 ms_per_tick=9.9999999999999995e-07 device_ms=0.048541999999999995
RISE_FIRE_OWNER_PROFILE_V1 {"scope":19,"parent":14,"phase":"BuildStageProducerGroup","stage":0,"raw_iteration":1,"iteration_kind":"picard","wall_ms":5365.595541000,"device_sum_ms":5284.488083329,"wall_minus_device_ms":81.107457671,"exclusive_wall_ms":5365.595541000,"exclusive_device_sum_ms":5284.488083329,"child_observer_wall_ms":0.000000000,"count_scope":"inclusive","owner_commits":1,"projection_invocations":0}
RISE_FIRE_OWNER_PROFILE_V1 {"scope":20,"parent":14,"phase":"Residual","stage":0,"raw_iteration":1,"iteration_kind":"picard","wall_ms":2.802375000,"device_sum_ms":0.211874954,"wall_minus_device_ms":2.590500046,"exclusive_wall_ms":2.802375000,"exclusive_device_sum_ms":0.211874954,"child_observer_wall_ms":0.000000000,"count_scope":"inclusive","owner_commits":1,"projection_invocations":0}
RISE_FIRE_OWNER_PROFILE_V1 {"scope":23,"parent":22,"phase":"ProjectionAdapter","stage":0,"raw_iteration":2147483649,"iteration_kind":"terminal","wall_ms":193.270541000,"device_sum_ms":190.343833528,"wall_minus_device_ms":2.926707472,"exclusive_wall_ms":193.270541000,"exclusive_device_sum_ms":190.343833528,"child_observer_wall_ms":0.000000000,"count_scope":"inclusive","owner_commits":0,"projection_invocations":1}
RISE_FIRE_OWNER_PROFILE_V1 {"scope":22,"parent":21,"phase":"Project","stage":0,"raw_iteration":2147483649,"iteration_kind":"terminal","wall_ms":193.831042000,"device_sum_ms":190.403291723,"wall_minus_device_ms":3.427750277,"exclusive_wall_ms":0.536709000,"exclusive_device_sum_ms":0.059458194,"child_observer_wall_ms":0.023792000,"count_scope":"inclusive","owner_commits":2,"projection_invocations":1}
RISE_FIRE_OWNER_PROFILE_V1 {"scope":24,"parent":21,"phase":"ReadOpenClass","stage":0,"raw_iteration":2147483649,"iteration_kind":"terminal","wall_ms":0.155625000,"device_sum_ms":0.008499948,"wall_minus_device_ms":0.147125052,"exclusive_wall_ms":0.155625000,"exclusive_device_sum_ms":0.008499948,"child_observer_wall_ms":0.000000000,"count_scope":"inclusive","owner_commits":1,"projection_invocations":0}
RISE_FIRE_OWNER_PROFILE_V1 {"scope":25,"parent":21,"phase":"ReadOpenClass","stage":0,"raw_iteration":2147483649,"iteration_kind":"terminal","wall_ms":0.184167000,"device_sum_ms":0.049583381,"wall_minus_device_ms":0.134583619,"exclusive_wall_ms":0.184167000,"exclusive_device_sum_ms":0.049583381,"child_observer_wall_ms":0.000000000,"count_scope":"inclusive","owner_commits":1,"projection_invocations":0}
PRODUCER_COMMAND_V1 stage=0 raw_iteration=2147483649 cpu_begin=1943421618346000 cpu_end=1943426980408416 gpu_begin=1943421618346000 gpu_end=1943426980408416 device_ms=5279.7260000370443 encoders=38 interval_scope=possibly_overlapping
PRODUCER_KERNEL_V1 stage=0 raw_iteration=2147483649 ordinal=0 kernel=owner_pack_faces threads=1533387 begin_tick=1943421700569208 end_tick=1943421700931291 ms_per_tick=9.9999999999999995e-07 device_ms=0.36208299999999999
PRODUCER_KERNEL_V1 stage=0 raw_iteration=2147483649 ordinal=1 kernel=owner_pack_faces threads=1533387 begin_tick=1943421700629875 end_tick=1943421700931416 ms_per_tick=9.9999999999999995e-07 device_ms=0.301541
PRODUCER_KERNEL_V1 stage=0 raw_iteration=2147483649 ordinal=2 kernel=owner_pack_faces threads=1533387 begin_tick=1943421700931291 end_tick=1943421702102458 ms_per_tick=9.9999999999999995e-07 device_ms=1.1711669999999998
PRODUCER_KERNEL_V1 stage=0 raw_iteration=2147483649 ordinal=3 kernel=fct_extract_gas_density threads=504666 begin_tick=1943421702125166 end_tick=1943421702371083 ms_per_tick=9.9999999999999995e-07 device_ms=0.245917
PRODUCER_KERNEL_V1 stage=0 raw_iteration=2147483649 ordinal=4 kernel=owner_gas_source threads=504666 begin_tick=1943421700931833 end_tick=1943421701968500 ms_per_tick=9.9999999999999995e-07 device_ms=1.036667
PRODUCER_KERNEL_V1 stage=0 raw_iteration=2147483649 ordinal=5 kernel=evaluate_resident_transport threads=504666 begin_tick=1943421702125125 end_tick=1943421702742958 ms_per_tick=9.9999999999999995e-07 device_ms=0.61783299999999997
PRODUCER_KERNEL_V1 stage=0 raw_iteration=2147483649 ordinal=6 kernel=identify_resident_transport threads=1 begin_tick=1943421702743458 end_tick=1943422293447375 ms_per_tick=9.9999999999999995e-07 device_ms=590.70391699999993
PRODUCER_KERNEL_V1 stage=0 raw_iteration=2147483649 ordinal=7 kernel=owner_bind_transport threads=1 begin_tick=1943422293463791 end_tick=1943422293467166 ms_per_tick=9.9999999999999995e-07 device_ms=0.003375
PRODUCER_KERNEL_V1 stage=0 raw_iteration=2147483649 ordinal=8 kernel=identify_resident_owner_endpoint_class threads=1 begin_tick=1943422293467458 end_tick=1943422295902583 ms_per_tick=9.9999999999999995e-07 device_ms=2.4351249999999998
PRODUCER_KERNEL_V1 stage=0 raw_iteration=2147483649 ordinal=9 kernel=evaluate_resident_physical_flux threads=1533387 begin_tick=1943422295903041 end_tick=1943422297041458 ms_per_tick=9.9999999999999995e-07 device_ms=1.138417
PRODUCER_KERNEL_V1 stage=0 raw_iteration=2147483649 ordinal=10 kernel=evaluate_resident_advective_pair threads=13800483 begin_tick=1943422297042000 end_tick=1943422305394416 ms_per_tick=9.9999999999999995e-07 device_ms=8.3524159999999998
PRODUCER_KERNEL_V1 stage=0 raw_iteration=2147483649 ordinal=11 kernel=finalize_resident_advective_high threads=13800483 begin_tick=1943422305408750 end_tick=1943422305826083 ms_per_tick=9.9999999999999995e-07 device_ms=0.41733299999999995
PRODUCER_KERNEL_V1 stage=0 raw_iteration=2147483649 ordinal=12 kernel=compose_resident_flux_pair threads=13800483 begin_tick=1943422305826500 end_tick=1943422306710625 ms_per_tick=9.9999999999999995e-07 device_ms=0.88412499999999994
PRODUCER_KERNEL_V1 stage=0 raw_iteration=2147483649 ordinal=13 kernel=validate_resident_physical_flux threads=13800483 begin_tick=1943422306711333 end_tick=1943422307541875 ms_per_tick=9.9999999999999995e-07 device_ms=0.830542
PRODUCER_KERNEL_V1 stage=0 raw_iteration=2147483649 ordinal=14 kernel=identify_resident_physical_flux threads=1 begin_tick=1943422307542666 end_tick=1943425546010791 ms_per_tick=9.9999999999999995e-07 device_ms=3238.4681249999999
PRODUCER_KERNEL_V1 stage=0 raw_iteration=2147483649 ordinal=15 kernel=fct_build_ratios threads=5551326 begin_tick=1943425546026166 end_tick=1943425549639208 ms_per_tick=9.9999999999999995e-07 device_ms=3.6130419999999996
PRODUCER_KERNEL_V1 stage=0 raw_iteration=2147483649 ordinal=16 kernel=fct_build_face_alpha threads=1533387 begin_tick=1943425549640000 end_tick=1943425549898750 ms_per_tick=9.9999999999999995e-07 device_ms=0.25874999999999998
PRODUCER_KERNEL_V1 stage=0 raw_iteration=2147483649 ordinal=17 kernel=fct_commit_scalar threads=504666 begin_tick=1943425549899291 end_tick=1943425550088125 ms_per_tick=9.9999999999999995e-07 device_ms=0.188834
PRODUCER_KERNEL_V1 stage=0 raw_iteration=2147483649 ordinal=18 kernel=owner_bind_candidate threads=1 begin_tick=1943425550088666 end_tick=1943425992351708 ms_per_tick=9.9999999999999995e-07 device_ms=442.26304199999998
PRODUCER_KERNEL_V1 stage=0 raw_iteration=2147483649 ordinal=19 kernel=finalize_resident_eos_candidate threads=1 begin_tick=1943425992369750 end_tick=1943425992372875 ms_per_tick=9.9999999999999995e-07 device_ms=0.0031249999999999997
PRODUCER_KERNEL_V1 stage=0 raw_iteration=2147483649 ordinal=20 kernel=evaluate_resident_eos_candidate threads=504666 begin_tick=1943425992373416 end_tick=1943426591119333 ms_per_tick=9.9999999999999995e-07 device_ms=598.74591699999996
PRODUCER_KERNEL_V1 stage=0 raw_iteration=2147483649 ordinal=21 kernel=finalize_resident_eos_candidate threads=1 begin_tick=1943426591138291 end_tick=1943426591141250 ms_per_tick=9.9999999999999995e-07 device_ms=0.0029589999999999998
PRODUCER_KERNEL_V1 stage=0 raw_iteration=2147483649 ordinal=22 kernel=identify_resident_eos threads=1 begin_tick=1943426591141541 end_tick=1943426635516416 ms_per_tick=9.9999999999999995e-07 device_ms=44.374874999999996
PRODUCER_KERNEL_V1 stage=0 raw_iteration=2147483649 ordinal=23 kernel=produce_resident_frozen_source threads=504666 begin_tick=1943426635517083 end_tick=1943426635547833 ms_per_tick=9.9999999999999995e-07 device_ms=0.03075
PRODUCER_KERNEL_V1 stage=0 raw_iteration=2147483649 ordinal=24 kernel=identify_resident_frozen_source threads=1 begin_tick=1943426635548250 end_tick=1943426671906416 ms_per_tick=9.9999999999999995e-07 device_ms=36.358165999999997
PRODUCER_KERNEL_V1 stage=0 raw_iteration=2147483649 ordinal=25 kernel=evaluate_resident_target_terms threads=504666 begin_tick=1943426671922250 end_tick=1943426794804083 ms_per_tick=9.9999999999999995e-07 device_ms=122.881833
PRODUCER_KERNEL_V1 stage=0 raw_iteration=2147483649 ordinal=26 kernel=finalize_resident_target threads=1 begin_tick=1943426794819000 end_tick=1943426794822333 ms_per_tick=9.9999999999999995e-07 device_ms=0.003333
PRODUCER_KERNEL_V1 stage=0 raw_iteration=2147483649 ordinal=27 kernel=identify_resident_target threads=1 begin_tick=1943426794822625 end_tick=1943426852726500 ms_per_tick=9.9999999999999995e-07 device_ms=57.903874999999999
PRODUCER_KERNEL_V1 stage=0 raw_iteration=2147483649 ordinal=28 kernel=issue_resident_projection_consumer threads=1 begin_tick=1943426852727250 end_tick=1943426852731875 ms_per_tick=9.9999999999999995e-07 device_ms=0.0046249999999999998
PRODUCER_KERNEL_V1 stage=0 raw_iteration=2147483649 ordinal=29 kernel=consume_resident_target threads=1 begin_tick=1943426852732291 end_tick=1943426890234750 ms_per_tick=9.9999999999999995e-07 device_ms=37.502459000000002
PRODUCER_KERNEL_V1 stage=0 raw_iteration=2147483649 ordinal=30 kernel=owner_compose_target threads=504666 begin_tick=1943426890250375 end_tick=1943426890328791 ms_per_tick=9.9999999999999995e-07 device_ms=0.078416
PRODUCER_KERNEL_V1 stage=0 raw_iteration=2147483649 ordinal=31 kernel=finalize_resident_target threads=1 begin_tick=1943426890329208 end_tick=1943426890331916 ms_per_tick=9.9999999999999995e-07 device_ms=0.0027079999999999999
PRODUCER_KERNEL_V1 stage=0 raw_iteration=2147483649 ordinal=32 kernel=owner_identify_target threads=1 begin_tick=1943426890332333 end_tick=1943426941854791 ms_per_tick=9.9999999999999995e-07 device_ms=51.522458
PRODUCER_KERNEL_V1 stage=0 raw_iteration=2147483649 ordinal=33 kernel=issue_resident_projection_consumer threads=1 begin_tick=1943426941871083 end_tick=1943426941875125 ms_per_tick=9.9999999999999995e-07 device_ms=0.0040419999999999996
PRODUCER_KERNEL_V1 stage=0 raw_iteration=2147483649 ordinal=34 kernel=consume_resident_target threads=1 begin_tick=1943426941875541 end_tick=1943426979304458 ms_per_tick=9.9999999999999995e-07 device_ms=37.428916999999998
PRODUCER_KERNEL_V1 stage=0 raw_iteration=2147483649 ordinal=35 kernel=owner_issue_stage_seal threads=1 begin_tick=1943426979319750 end_tick=1943426979323208 ms_per_tick=9.9999999999999995e-07 device_ms=0.0034579999999999997
PRODUCER_KERNEL_V1 stage=0 raw_iteration=2147483649 ordinal=36 kernel=fct_compatible_stage_rate threads=1533387 begin_tick=1943426979721583 end_tick=1943426980243375 ms_per_tick=9.9999999999999995e-07 device_ms=0.52179199999999992
PRODUCER_KERNEL_V1 stage=0 raw_iteration=2147483649 ordinal=37 kernel=owner_predict_momentum threads=1533387 begin_tick=1943426980243791 end_tick=1943426980292833 ms_per_tick=9.9999999999999995e-07 device_ms=0.049041999999999995
RISE_FIRE_OWNER_PROFILE_V1 {"scope":26,"parent":21,"phase":"BuildStageProducerGroup","stage":0,"raw_iteration":2147483649,"iteration_kind":"terminal","wall_ms":5362.236542000,"device_sum_ms":5279.726000037,"wall_minus_device_ms":82.510541963,"exclusive_wall_ms":5362.236542000,"exclusive_device_sum_ms":5279.726000037,"child_observer_wall_ms":0.000000000,"count_scope":"inclusive","owner_commits":1,"projection_invocations":0}
RISE_FIRE_OWNER_PROFILE_V1 {"scope":27,"parent":21,"phase":"AlphaResidual","stage":0,"raw_iteration":2147483649,"iteration_kind":"terminal","wall_ms":5.369875000,"device_sum_ms":0.076875091,"wall_minus_device_ms":5.292999909,"exclusive_wall_ms":5.369875000,"exclusive_device_sum_ms":0.076875091,"child_observer_wall_ms":0.000000000,"count_scope":"inclusive","owner_commits":1,"projection_invocations":0}
RISE_FIRE_OWNER_PROFILE_V1 {"scope":28,"parent":21,"phase":"Residual","stage":0,"raw_iteration":2147483649,"iteration_kind":"terminal","wall_ms":0.375333000,"device_sum_ms":0.213708263,"wall_minus_device_ms":0.161624737,"exclusive_wall_ms":0.375333000,"exclusive_device_sum_ms":0.213708263,"child_observer_wall_ms":0.000000000,"count_scope":"inclusive","owner_commits":1,"projection_invocations":0}
RISE_FIRE_OWNER_PROFILE_V1 {"scope":21,"parent":14,"phase":"TerminalVerification","stage":0,"raw_iteration":2147483649,"iteration_kind":"terminal","wall_ms":5562.213542000,"device_sum_ms":5470.477958443,"wall_minus_device_ms":91.735583557,"exclusive_wall_ms":0.004125000,"exclusive_device_sum_ms":0.000000000,"child_observer_wall_ms":0.056833000,"count_scope":"inclusive","owner_commits":7,"projection_invocations":1}
RISE_FIRE_OWNER_PROFILE_V1 {"scope":14,"parent":3,"phase":"PicardIteration","stage":0,"raw_iteration":1,"iteration_kind":"picard","wall_ms":11121.467625000,"device_sum_ms":10940.102624707,"wall_minus_device_ms":181.365000293,"exclusive_wall_ms":2.171082000,"exclusive_device_sum_ms":0.000000000,"child_observer_wall_ms":0.054544000,"count_scope":"inclusive","owner_commits":13,"projection_invocations":2}
RISE_FIRE_OWNER_PROFILE_V1 {"scope":3,"parent":1,"phase":"SolveStage","stage":0,"raw_iteration":4294967295,"iteration_kind":"bootstrap","wall_ms":22243.491792000,"device_sum_ms":21875.704959035,"wall_minus_device_ms":367.786832965,"exclusive_wall_ms":2.020959000,"exclusive_device_sum_ms":0.000000000,"child_observer_wall_ms":0.041958000,"count_scope":"inclusive","owner_commits":22,"projection_invocations":4}
RISE_FIRE_OWNER_PROFILE_V1 {"scope":31,"parent":30,"phase":"ProjectionAdapter","stage":1,"raw_iteration":4294967295,"iteration_kind":"bootstrap","wall_ms":193.833042000,"device_sum_ms":191.055833362,"wall_minus_device_ms":2.777208638,"exclusive_wall_ms":193.833042000,"exclusive_device_sum_ms":191.055833362,"child_observer_wall_ms":0.000000000,"count_scope":"inclusive","owner_commits":0,"projection_invocations":1}
RISE_FIRE_OWNER_PROFILE_V1 {"scope":30,"parent":29,"phase":"Project","stage":1,"raw_iteration":4294967295,"iteration_kind":"bootstrap","wall_ms":194.633250000,"device_sum_ms":191.099083284,"wall_minus_device_ms":3.534166716,"exclusive_wall_ms":0.774375000,"exclusive_device_sum_ms":0.043249922,"child_observer_wall_ms":0.025833000,"count_scope":"inclusive","owner_commits":2,"projection_invocations":1}
PRODUCER_COMMAND_V1 stage=1 raw_iteration=4294967295 cpu_begin=1943427185214916 cpu_end=1943433698134333 gpu_begin=1943427185214916 gpu_end=1943433698134333 device_ms=6429.9382085446268 encoders=41 interval_scope=possibly_overlapping
PRODUCER_KERNEL_V1 stage=1 raw_iteration=4294967295 ordinal=0 kernel=owner_pack_faces threads=1533387 begin_tick=1943427268210166 end_tick=1943427268260875 ms_per_tick=9.9999999999999995e-07 device_ms=0.050708999999999997
PRODUCER_KERNEL_V1 stage=1 raw_iteration=4294967295 ordinal=1 kernel=owner_pack_faces threads=1533387 begin_tick=1943427268278583 end_tick=1943427268329791 ms_per_tick=9.9999999999999995e-07 device_ms=0.051207999999999997
PRODUCER_KERNEL_V1 stage=1 raw_iteration=4294967295 ordinal=2 kernel=owner_pack_faces threads=1533387 begin_tick=1943427268420166 end_tick=1943427268519375 ms_per_tick=9.9999999999999995e-07 device_ms=0.099208999999999992
PRODUCER_KERNEL_V1 stage=1 raw_iteration=4294967295 ordinal=3 kernel=fct_extract_gas_density threads=504666 begin_tick=1943427268431041 end_tick=1943427268478375 ms_per_tick=9.9999999999999995e-07 device_ms=0.047334000000000001
PRODUCER_KERNEL_V1 stage=1 raw_iteration=4294967295 ordinal=4 kernel=owner_gas_source threads=504666 begin_tick=1943427268478375 end_tick=1943427268522500 ms_per_tick=9.9999999999999995e-07 device_ms=0.044124999999999998
PRODUCER_KERNEL_V1 stage=1 raw_iteration=4294967295 ordinal=5 kernel=evaluate_resident_transport threads=504666 begin_tick=1943427268621458 end_tick=1943427269224500 ms_per_tick=9.9999999999999995e-07 device_ms=0.60304199999999997
PRODUCER_KERNEL_V1 stage=1 raw_iteration=4294967295 ordinal=6 kernel=identify_resident_transport threads=1 begin_tick=1943427269224833 end_tick=1943427859510500 ms_per_tick=9.9999999999999995e-07 device_ms=590.28566699999999
PRODUCER_KERNEL_V1 stage=1 raw_iteration=4294967295 ordinal=7 kernel=owner_bind_transport threads=1 begin_tick=1943427859525958 end_tick=1943427859529625 ms_per_tick=9.9999999999999995e-07 device_ms=0.0036669999999999997
PRODUCER_KERNEL_V1 stage=1 raw_iteration=4294967295 ordinal=8 kernel=identify_resident_owner_endpoint_class threads=1 begin_tick=1943427859529958 end_tick=1943427861976958 ms_per_tick=9.9999999999999995e-07 device_ms=2.4470000000000001
PRODUCER_KERNEL_V1 stage=1 raw_iteration=4294967295 ordinal=9 kernel=evaluate_resident_physical_flux threads=1533387 begin_tick=1943427861977416 end_tick=1943427863296125 ms_per_tick=9.9999999999999995e-07 device_ms=1.3187089999999999
PRODUCER_KERNEL_V1 stage=1 raw_iteration=4294967295 ordinal=10 kernel=evaluate_resident_advective_pair threads=13800483 begin_tick=1943427863296666 end_tick=1943427871601708 ms_per_tick=9.9999999999999995e-07 device_ms=8.3050420000000003
PRODUCER_KERNEL_V1 stage=1 raw_iteration=4294967295 ordinal=11 kernel=finalize_resident_advective_high threads=13800483 begin_tick=1943427871619083 end_tick=1943427872045458 ms_per_tick=9.9999999999999995e-07 device_ms=0.426375
PRODUCER_KERNEL_V1 stage=1 raw_iteration=4294967295 ordinal=12 kernel=compose_resident_flux_pair threads=13800483 begin_tick=1943427872045833 end_tick=1943427872929416 ms_per_tick=9.9999999999999995e-07 device_ms=0.88358300000000001
PRODUCER_KERNEL_V1 stage=1 raw_iteration=4294967295 ordinal=13 kernel=validate_resident_physical_flux threads=13800483 begin_tick=1943427872929916 end_tick=1943427873760666 ms_per_tick=9.9999999999999995e-07 device_ms=0.83074999999999999
PRODUCER_KERNEL_V1 stage=1 raw_iteration=4294967295 ordinal=14 kernel=identify_resident_physical_flux threads=1 begin_tick=1943427873761250 end_tick=1943431116266875 ms_per_tick=9.9999999999999995e-07 device_ms=3242.5056249999998
PRODUCER_KERNEL_V1 stage=1 raw_iteration=4294967295 ordinal=15 kernel=owner_average_flux threads=13800483 begin_tick=1943431116284208 end_tick=1943431117092125 ms_per_tick=9.9999999999999995e-07 device_ms=0.807917
PRODUCER_KERNEL_V1 stage=1 raw_iteration=4294967295 ordinal=16 kernel=owner_bind_averaged_flux threads=1 begin_tick=1943431117092625 end_tick=1943432252714958 ms_per_tick=9.9999999999999995e-07 device_ms=1135.622333
PRODUCER_KERNEL_V1 stage=1 raw_iteration=4294967295 ordinal=17 kernel=fct_build_ratios threads=5551326 begin_tick=1943432252730458 end_tick=1943432256350916 ms_per_tick=9.9999999999999995e-07 device_ms=3.6204579999999997
PRODUCER_KERNEL_V1 stage=1 raw_iteration=4294967295 ordinal=18 kernel=fct_build_face_alpha threads=1533387 begin_tick=1943432256351708 end_tick=1943432256613541 ms_per_tick=9.9999999999999995e-07 device_ms=0.26183299999999998
PRODUCER_KERNEL_V1 stage=1 raw_iteration=4294967295 ordinal=19 kernel=fct_commit_scalar threads=504666 begin_tick=1943432256614291 end_tick=1943432256801166 ms_per_tick=9.9999999999999995e-07 device_ms=0.18687499999999999
PRODUCER_KERNEL_V1 stage=1 raw_iteration=4294967295 ordinal=20 kernel=owner_bind_candidate threads=1 begin_tick=1943432256801708 end_tick=1943432698008875 ms_per_tick=9.9999999999999995e-07 device_ms=441.20716699999997
PRODUCER_KERNEL_V1 stage=1 raw_iteration=4294967295 ordinal=21 kernel=finalize_resident_eos_candidate threads=1 begin_tick=1943432698024708 end_tick=1943432698027583 ms_per_tick=9.9999999999999995e-07 device_ms=0.002875
PRODUCER_KERNEL_V1 stage=1 raw_iteration=4294967295 ordinal=22 kernel=evaluate_resident_eos_candidate threads=504666 begin_tick=1943432698027958 end_tick=1943433308130375 ms_per_tick=9.9999999999999995e-07 device_ms=610.10241699999995
PRODUCER_KERNEL_V1 stage=1 raw_iteration=4294967295 ordinal=23 kernel=finalize_resident_eos_candidate threads=1 begin_tick=1943433308145791 end_tick=1943433308148375 ms_per_tick=9.9999999999999995e-07 device_ms=0.0025839999999999999
PRODUCER_KERNEL_V1 stage=1 raw_iteration=4294967295 ordinal=24 kernel=identify_resident_eos threads=1 begin_tick=1943433308148791 end_tick=1943433352643833 ms_per_tick=9.9999999999999995e-07 device_ms=44.495041999999998
PRODUCER_KERNEL_V1 stage=1 raw_iteration=4294967295 ordinal=25 kernel=produce_resident_frozen_source threads=504666 begin_tick=1943433352644625 end_tick=1943433352675625 ms_per_tick=9.9999999999999995e-07 device_ms=0.031
PRODUCER_KERNEL_V1 stage=1 raw_iteration=4294967295 ordinal=26 kernel=identify_resident_frozen_source threads=1 begin_tick=1943433352676041 end_tick=1943433387452708 ms_per_tick=9.9999999999999995e-07 device_ms=34.776666999999996
PRODUCER_KERNEL_V1 stage=1 raw_iteration=4294967295 ordinal=27 kernel=evaluate_resident_target_terms threads=504666 begin_tick=1943433387467958 end_tick=1943433511955875 ms_per_tick=9.9999999999999995e-07 device_ms=124.487917
PRODUCER_KERNEL_V1 stage=1 raw_iteration=4294967295 ordinal=28 kernel=finalize_resident_target threads=1 begin_tick=1943433511971625 end_tick=1943433511975000 ms_per_tick=9.9999999999999995e-07 device_ms=0.003375
PRODUCER_KERNEL_V1 stage=1 raw_iteration=4294967295 ordinal=29 kernel=identify_resident_target threads=1 begin_tick=1943433511975333 end_tick=1943433570017666 ms_per_tick=9.9999999999999995e-07 device_ms=58.042332999999999
PRODUCER_KERNEL_V1 stage=1 raw_iteration=4294967295 ordinal=30 kernel=issue_resident_projection_consumer threads=1 begin_tick=1943433570033208 end_tick=1943433570037250 ms_per_tick=9.9999999999999995e-07 device_ms=0.0040419999999999996
PRODUCER_KERNEL_V1 stage=1 raw_iteration=4294967295 ordinal=31 kernel=consume_resident_target threads=1 begin_tick=1943433570037500 end_tick=1943433607457000 ms_per_tick=9.9999999999999995e-07 device_ms=37.419499999999999
PRODUCER_KERNEL_V1 stage=1 raw_iteration=4294967295 ordinal=32 kernel=owner_compose_target threads=504666 begin_tick=1943433607473125 end_tick=1943433607503583 ms_per_tick=9.9999999999999995e-07 device_ms=0.030457999999999999
PRODUCER_KERNEL_V1 stage=1 raw_iteration=4294967295 ordinal=33 kernel=finalize_resident_target threads=1 begin_tick=1943433607503958 end_tick=1943433607507000 ms_per_tick=9.9999999999999995e-07 device_ms=0.003042
PRODUCER_KERNEL_V1 stage=1 raw_iteration=4294967295 ordinal=34 kernel=owner_identify_target threads=1 begin_tick=1943433607507375 end_tick=1943433659419291 ms_per_tick=9.9999999999999995e-07 device_ms=51.911915999999998
PRODUCER_KERNEL_V1 stage=1 raw_iteration=4294967295 ordinal=35 kernel=issue_resident_projection_consumer threads=1 begin_tick=1943433659433041 end_tick=1943433659437250 ms_per_tick=9.9999999999999995e-07 device_ms=0.0042090000000000001
PRODUCER_KERNEL_V1 stage=1 raw_iteration=4294967295 ordinal=36 kernel=consume_resident_target threads=1 begin_tick=1943433659437666 end_tick=1943433696903000 ms_per_tick=9.9999999999999995e-07 device_ms=37.465333999999999
PRODUCER_KERNEL_V1 stage=1 raw_iteration=4294967295 ordinal=37 kernel=owner_issue_stage_seal threads=1 begin_tick=1943433696918541 end_tick=1943433696921958 ms_per_tick=9.9999999999999995e-07 device_ms=0.0034169999999999999
PRODUCER_KERNEL_V1 stage=1 raw_iteration=4294967295 ordinal=38 kernel=fct_compatible_stage_rate threads=1533387 begin_tick=1943433696922541 end_tick=1943433697420916 ms_per_tick=9.9999999999999995e-07 device_ms=0.49837499999999996
PRODUCER_KERNEL_V1 stage=1 raw_iteration=4294967295 ordinal=39 kernel=fct_compatible_stage_rate threads=1533387 begin_tick=1943433697421416 end_tick=1943433697918250 ms_per_tick=9.9999999999999995e-07 device_ms=0.496834
PRODUCER_KERNEL_V1 stage=1 raw_iteration=4294967295 ordinal=40 kernel=owner_heun_momentum threads=1533387 begin_tick=1943433697918666 end_tick=1943433698010833 ms_per_tick=9.9999999999999995e-07 device_ms=0.092166999999999999
RISE_FIRE_OWNER_PROFILE_V1 {"scope":32,"parent":29,"phase":"BuildStageProducerGroup","stage":1,"raw_iteration":4294967295,"iteration_kind":"bootstrap","wall_ms":6513.135750000,"device_sum_ms":6429.938208545,"wall_minus_device_ms":83.197541455,"exclusive_wall_ms":6513.135750000,"exclusive_device_sum_ms":6429.938208545,"child_observer_wall_ms":0.000000000,"count_scope":"inclusive","owner_commits":1,"projection_invocations":0}
RISE_FIRE_OWNER_PROFILE_V1 {"scope":35,"parent":34,"phase":"ProjectionAdapter","stage":1,"raw_iteration":0,"iteration_kind":"picard","wall_ms":192.992958000,"device_sum_ms":189.645666629,"wall_minus_device_ms":3.347291371,"exclusive_wall_ms":192.992958000,"exclusive_device_sum_ms":189.645666629,"child_observer_wall_ms":0.000000000,"count_scope":"inclusive","owner_commits":0,"projection_invocations":1}
RISE_FIRE_OWNER_PROFILE_V1 {"scope":34,"parent":33,"phase":"Project","stage":1,"raw_iteration":0,"iteration_kind":"picard","wall_ms":197.019791000,"device_sum_ms":190.138666658,"wall_minus_device_ms":6.881124342,"exclusive_wall_ms":4.002416000,"exclusive_device_sum_ms":0.493000029,"child_observer_wall_ms":0.024417000,"count_scope":"inclusive","owner_commits":2,"projection_invocations":1}
RISE_FIRE_OWNER_PROFILE_V1 {"scope":36,"parent":33,"phase":"ReadOpenClass","stage":1,"raw_iteration":0,"iteration_kind":"picard","wall_ms":0.155292000,"device_sum_ms":0.002583256,"wall_minus_device_ms":0.152708744,"exclusive_wall_ms":0.155292000,"exclusive_device_sum_ms":0.002583256,"child_observer_wall_ms":0.000000000,"count_scope":"inclusive","owner_commits":1,"projection_invocations":0}
RISE_FIRE_OWNER_PROFILE_V1 {"scope":37,"parent":33,"phase":"ReadOpenClass","stage":1,"raw_iteration":0,"iteration_kind":"picard","wall_ms":0.146667000,"device_sum_ms":0.002416782,"wall_minus_device_ms":0.144250218,"exclusive_wall_ms":0.146667000,"exclusive_device_sum_ms":0.002416782,"child_observer_wall_ms":0.000000000,"count_scope":"inclusive","owner_commits":1,"projection_invocations":0}
PRODUCER_COMMAND_V1 stage=1 raw_iteration=0 cpu_begin=1943433895706416 cpu_end=1943440389409291 gpu_begin=1943433895706416 gpu_end=1943440389409291 device_ms=6411.4007500465959 encoders=41 interval_scope=possibly_overlapping
PRODUCER_KERNEL_V1 stage=1 raw_iteration=0 ordinal=0 kernel=owner_pack_faces threads=1533387 begin_tick=1943433977945083 end_tick=1943433977998125 ms_per_tick=9.9999999999999995e-07 device_ms=0.053041999999999999
PRODUCER_KERNEL_V1 stage=1 raw_iteration=0 ordinal=1 kernel=owner_pack_faces threads=1533387 begin_tick=1943433977995291 end_tick=1943433978074166 ms_per_tick=9.9999999999999995e-07 device_ms=0.078875000000000001
PRODUCER_KERNEL_V1 stage=1 raw_iteration=0 ordinal=2 kernel=owner_pack_faces threads=1533387 begin_tick=1943433977942458 end_tick=1943433977995291 ms_per_tick=9.9999999999999995e-07 device_ms=0.052832999999999998
PRODUCER_KERNEL_V1 stage=1 raw_iteration=0 ordinal=3 kernel=fct_extract_gas_density threads=504666 begin_tick=1943433977998583 end_tick=1943433978045916 ms_per_tick=9.9999999999999995e-07 device_ms=0.047333
PRODUCER_KERNEL_V1 stage=1 raw_iteration=0 ordinal=4 kernel=owner_gas_source threads=504666 begin_tick=1943433978074458 end_tick=1943433978115333 ms_per_tick=9.9999999999999995e-07 device_ms=0.040875000000000002
PRODUCER_KERNEL_V1 stage=1 raw_iteration=0 ordinal=5 kernel=evaluate_resident_transport threads=504666 begin_tick=1943433978113666 end_tick=1943433978708875 ms_per_tick=9.9999999999999995e-07 device_ms=0.59520899999999999
PRODUCER_KERNEL_V1 stage=1 raw_iteration=0 ordinal=6 kernel=identify_resident_transport threads=1 begin_tick=1943433978709166 end_tick=1943434568802750 ms_per_tick=9.9999999999999995e-07 device_ms=590.09358399999996
PRODUCER_KERNEL_V1 stage=1 raw_iteration=0 ordinal=7 kernel=owner_bind_transport threads=1 begin_tick=1943434568818291 end_tick=1943434568822583 ms_per_tick=9.9999999999999995e-07 device_ms=0.0042919999999999998
PRODUCER_KERNEL_V1 stage=1 raw_iteration=0 ordinal=8 kernel=identify_resident_owner_endpoint_class threads=1 begin_tick=1943434568823000 end_tick=1943434571278958 ms_per_tick=9.9999999999999995e-07 device_ms=2.4559579999999999
PRODUCER_KERNEL_V1 stage=1 raw_iteration=0 ordinal=9 kernel=evaluate_resident_physical_flux threads=1533387 begin_tick=1943434571279375 end_tick=1943434572589916 ms_per_tick=9.9999999999999995e-07 device_ms=1.310541
PRODUCER_KERNEL_V1 stage=1 raw_iteration=0 ordinal=10 kernel=evaluate_resident_advective_pair threads=13800483 begin_tick=1943434572590458 end_tick=1943434579662291 ms_per_tick=9.9999999999999995e-07 device_ms=7.0718329999999998
PRODUCER_KERNEL_V1 stage=1 raw_iteration=0 ordinal=11 kernel=finalize_resident_advective_high threads=13800483 begin_tick=1943434579662916 end_tick=1943434580082333 ms_per_tick=9.9999999999999995e-07 device_ms=0.41941699999999998
PRODUCER_KERNEL_V1 stage=1 raw_iteration=0 ordinal=12 kernel=compose_resident_flux_pair threads=13800483 begin_tick=1943434580082708 end_tick=1943434580964250 ms_per_tick=9.9999999999999995e-07 device_ms=0.88154199999999994
PRODUCER_KERNEL_V1 stage=1 raw_iteration=0 ordinal=13 kernel=validate_resident_physical_flux threads=13800483 begin_tick=1943434580964958 end_tick=1943434581821500 ms_per_tick=9.9999999999999995e-07 device_ms=0.85654199999999991
PRODUCER_KERNEL_V1 stage=1 raw_iteration=0 ordinal=14 kernel=identify_resident_physical_flux threads=1 begin_tick=1943434581822291 end_tick=1943437824818875 ms_per_tick=9.9999999999999995e-07 device_ms=3242.996584
PRODUCER_KERNEL_V1 stage=1 raw_iteration=0 ordinal=15 kernel=owner_average_flux threads=13800483 begin_tick=1943437824836958 end_tick=1943437825637166 ms_per_tick=9.9999999999999995e-07 device_ms=0.80020799999999992
PRODUCER_KERNEL_V1 stage=1 raw_iteration=0 ordinal=16 kernel=owner_bind_averaged_flux threads=1 begin_tick=1943437825637708 end_tick=1943438957690750 ms_per_tick=9.9999999999999995e-07 device_ms=1132.053042
PRODUCER_KERNEL_V1 stage=1 raw_iteration=0 ordinal=17 kernel=fct_build_ratios threads=5551326 begin_tick=1943438957706666 end_tick=1943438961304625 ms_per_tick=9.9999999999999995e-07 device_ms=3.5979589999999999
PRODUCER_KERNEL_V1 stage=1 raw_iteration=0 ordinal=18 kernel=fct_build_face_alpha threads=1533387 begin_tick=1943438961305250 end_tick=1943438961566208 ms_per_tick=9.9999999999999995e-07 device_ms=0.26095799999999997
PRODUCER_KERNEL_V1 stage=1 raw_iteration=0 ordinal=19 kernel=fct_commit_scalar threads=504666 begin_tick=1943438961566833 end_tick=1943438961757833 ms_per_tick=9.9999999999999995e-07 device_ms=0.191
PRODUCER_KERNEL_V1 stage=1 raw_iteration=0 ordinal=20 kernel=owner_bind_candidate threads=1 begin_tick=1943438961758375 end_tick=1943439403782208 ms_per_tick=9.9999999999999995e-07 device_ms=442.02383299999997
PRODUCER_KERNEL_V1 stage=1 raw_iteration=0 ordinal=21 kernel=finalize_resident_eos_candidate threads=1 begin_tick=1943439403798208 end_tick=1943439403801291 ms_per_tick=9.9999999999999995e-07 device_ms=0.0030829999999999998
PRODUCER_KERNEL_V1 stage=1 raw_iteration=0 ordinal=22 kernel=evaluate_resident_eos_candidate threads=504666 begin_tick=1943439403801791 end_tick=1943440000523291 ms_per_tick=9.9999999999999995e-07 device_ms=596.72149999999999
PRODUCER_KERNEL_V1 stage=1 raw_iteration=0 ordinal=23 kernel=finalize_resident_eos_candidate threads=1 begin_tick=1943440000537666 end_tick=1943440000540500 ms_per_tick=9.9999999999999995e-07 device_ms=0.0028339999999999997
PRODUCER_KERNEL_V1 stage=1 raw_iteration=0 ordinal=24 kernel=identify_resident_eos threads=1 begin_tick=1943440000540916 end_tick=1943440043685208 ms_per_tick=9.9999999999999995e-07 device_ms=43.144292
PRODUCER_KERNEL_V1 stage=1 raw_iteration=0 ordinal=25 kernel=produce_resident_frozen_source threads=504666 begin_tick=1943440043700083 end_tick=1943440043731666 ms_per_tick=9.9999999999999995e-07 device_ms=0.031583
PRODUCER_KERNEL_V1 stage=1 raw_iteration=0 ordinal=26 kernel=identify_resident_frozen_source threads=1 begin_tick=1943440043732000 end_tick=1943440079533666 ms_per_tick=9.9999999999999995e-07 device_ms=35.801665999999997
PRODUCER_KERNEL_V1 stage=1 raw_iteration=0 ordinal=27 kernel=evaluate_resident_target_terms threads=504666 begin_tick=1943440079534375 end_tick=1943440205383416 ms_per_tick=9.9999999999999995e-07 device_ms=125.849041
PRODUCER_KERNEL_V1 stage=1 raw_iteration=0 ordinal=28 kernel=finalize_resident_target threads=1 begin_tick=1943440205399333 end_tick=1943440205402541 ms_per_tick=9.9999999999999995e-07 device_ms=0.0032079999999999999
PRODUCER_KERNEL_V1 stage=1 raw_iteration=0 ordinal=29 kernel=identify_resident_target threads=1 begin_tick=1943440205402833 end_tick=1943440262466875 ms_per_tick=9.9999999999999995e-07 device_ms=57.064042000000001
PRODUCER_KERNEL_V1 stage=1 raw_iteration=0 ordinal=30 kernel=issue_resident_projection_consumer threads=1 begin_tick=1943440262467625 end_tick=1943440262472125 ms_per_tick=9.9999999999999995e-07 device_ms=0.0044999999999999997
PRODUCER_KERNEL_V1 stage=1 raw_iteration=0 ordinal=31 kernel=consume_resident_target threads=1 begin_tick=1943440262472541 end_tick=1943440299664000 ms_per_tick=9.9999999999999995e-07 device_ms=37.191459000000002
PRODUCER_KERNEL_V1 stage=1 raw_iteration=0 ordinal=32 kernel=owner_compose_target threads=504666 begin_tick=1943440299680041 end_tick=1943440299758708 ms_per_tick=9.9999999999999995e-07 device_ms=0.078667000000000001
PRODUCER_KERNEL_V1 stage=1 raw_iteration=0 ordinal=33 kernel=finalize_resident_target threads=1 begin_tick=1943440299759125 end_tick=1943440299762125 ms_per_tick=9.9999999999999995e-07 device_ms=0.0030000000000000001
PRODUCER_KERNEL_V1 stage=1 raw_iteration=0 ordinal=34 kernel=owner_identify_target threads=1 begin_tick=1943440299762541 end_tick=1943440350185000 ms_per_tick=9.9999999999999995e-07 device_ms=50.422458999999996
PRODUCER_KERNEL_V1 stage=1 raw_iteration=0 ordinal=35 kernel=issue_resident_projection_consumer threads=1 begin_tick=1943440350199250 end_tick=1943440350203291 ms_per_tick=9.9999999999999995e-07 device_ms=0.0040409999999999995
PRODUCER_KERNEL_V1 stage=1 raw_iteration=0 ordinal=36 kernel=consume_resident_target threads=1 begin_tick=1943440350203666 end_tick=1943440387795708 ms_per_tick=9.9999999999999995e-07 device_ms=37.592041999999999
PRODUCER_KERNEL_V1 stage=1 raw_iteration=0 ordinal=37 kernel=owner_issue_stage_seal threads=1 begin_tick=1943440387810833 end_tick=1943440387814458 ms_per_tick=9.9999999999999995e-07 device_ms=0.0036249999999999998
PRODUCER_KERNEL_V1 stage=1 raw_iteration=0 ordinal=38 kernel=fct_compatible_stage_rate threads=1533387 begin_tick=1943440388213208 end_tick=1943440388729333 ms_per_tick=9.9999999999999995e-07 device_ms=0.51612499999999994
PRODUCER_KERNEL_V1 stage=1 raw_iteration=0 ordinal=39 kernel=fct_compatible_stage_rate threads=1533387 begin_tick=1943440388729750 end_tick=1943440389246375 ms_per_tick=9.9999999999999995e-07 device_ms=0.516625
PRODUCER_KERNEL_V1 stage=1 raw_iteration=0 ordinal=40 kernel=owner_heun_momentum threads=1533387 begin_tick=1943440389247041 end_tick=1943440389337708 ms_per_tick=9.9999999999999995e-07 device_ms=0.090666999999999998
RISE_FIRE_OWNER_PROFILE_V1 {"scope":38,"parent":33,"phase":"BuildStageProducerGroup","stage":1,"raw_iteration":0,"iteration_kind":"picard","wall_ms":6493.859125000,"device_sum_ms":6411.400750047,"wall_minus_device_ms":82.458374953,"exclusive_wall_ms":6493.859125000,"exclusive_device_sum_ms":6411.400750047,"child_observer_wall_ms":0.000000000,"count_scope":"inclusive","owner_commits":1,"projection_invocations":0}
RISE_FIRE_OWNER_PROFILE_V1 {"scope":39,"parent":33,"phase":"Residual","stage":1,"raw_iteration":0,"iteration_kind":"picard","wall_ms":6.315125000,"device_sum_ms":0.022500055,"wall_minus_device_ms":6.292624945,"exclusive_wall_ms":6.315125000,"exclusive_device_sum_ms":0.022500055,"child_observer_wall_ms":0.000000000,"count_scope":"inclusive","owner_commits":1,"projection_invocations":0}
RISE_FIRE_OWNER_PROFILE_V1 {"scope":33,"parent":29,"phase":"PicardIteration","stage":1,"raw_iteration":0,"iteration_kind":"picard","wall_ms":6700.779083000,"device_sum_ms":6601.566916797,"wall_minus_device_ms":99.212166203,"exclusive_wall_ms":3.233124000,"exclusive_device_sum_ms":0.000000000,"child_observer_wall_ms":0.049959000,"count_scope":"inclusive","owner_commits":6,"projection_invocations":1}
RISE_FIRE_OWNER_PROFILE_V1 {"scope":42,"parent":41,"phase":"ProjectionAdapter","stage":1,"raw_iteration":1,"iteration_kind":"picard","wall_ms":188.580375000,"device_sum_ms":185.456583044,"wall_minus_device_ms":3.123791956,"exclusive_wall_ms":188.580375000,"exclusive_device_sum_ms":185.456583044,"child_observer_wall_ms":0.000000000,"count_scope":"inclusive","owner_commits":0,"projection_invocations":1}
RISE_FIRE_OWNER_PROFILE_V1 {"scope":41,"parent":40,"phase":"Project","stage":1,"raw_iteration":1,"iteration_kind":"picard","wall_ms":189.820541000,"device_sum_ms":185.504916357,"wall_minus_device_ms":4.315624643,"exclusive_wall_ms":1.226166000,"exclusive_device_sum_ms":0.048333313,"child_observer_wall_ms":0.014000000,"count_scope":"inclusive","owner_commits":2,"projection_invocations":1}
RISE_FIRE_OWNER_PROFILE_V1 {"scope":43,"parent":40,"phase":"ReadOpenClass","stage":1,"raw_iteration":1,"iteration_kind":"picard","wall_ms":0.199875000,"device_sum_ms":0.002624933,"wall_minus_device_ms":0.197250067,"exclusive_wall_ms":0.199875000,"exclusive_device_sum_ms":0.002624933,"child_observer_wall_ms":0.000000000,"count_scope":"inclusive","owner_commits":1,"projection_invocations":0}
RISE_FIRE_OWNER_PROFILE_V1 {"scope":44,"parent":40,"phase":"ReadOpenClass","stage":1,"raw_iteration":1,"iteration_kind":"picard","wall_ms":0.140750000,"device_sum_ms":0.002499903,"wall_minus_device_ms":0.138250097,"exclusive_wall_ms":0.140750000,"exclusive_device_sum_ms":0.002499903,"child_observer_wall_ms":0.000000000,"count_scope":"inclusive","owner_commits":1,"projection_invocations":0}
PRODUCER_COMMAND_V1 stage=1 raw_iteration=1 cpu_begin=1943440589326333 cpu_end=1943447090931541 gpu_begin=1943440589326333 gpu_end=1943447090931541 device_ms=6420.037625124678 encoders=41 interval_scope=possibly_overlapping
PRODUCER_KERNEL_V1 stage=1 raw_iteration=1 ordinal=0 kernel=owner_pack_faces threads=1533387 begin_tick=1943440670916958 end_tick=1943440670968208 ms_per_tick=9.9999999999999995e-07 device_ms=0.051249999999999997
PRODUCER_KERNEL_V1 stage=1 raw_iteration=1 ordinal=1 kernel=owner_pack_faces threads=1533387 begin_tick=1943440670989500 end_tick=1943440671040208 ms_per_tick=9.9999999999999995e-07 device_ms=0.050707999999999996
PRODUCER_KERNEL_V1 stage=1 raw_iteration=1 ordinal=2 kernel=owner_pack_faces threads=1533387 begin_tick=1943440671125708 end_tick=1943440671216375 ms_per_tick=9.9999999999999995e-07 device_ms=0.090666999999999998
PRODUCER_KERNEL_V1 stage=1 raw_iteration=1 ordinal=3 kernel=fct_extract_gas_density threads=504666 begin_tick=1943440671132791 end_tick=1943440671179416 ms_per_tick=9.9999999999999995e-07 device_ms=0.046625
PRODUCER_KERNEL_V1 stage=1 raw_iteration=1 ordinal=4 kernel=owner_gas_source threads=504666 begin_tick=1943440671185916 end_tick=1943440671232916 ms_per_tick=9.9999999999999995e-07 device_ms=0.047
PRODUCER_KERNEL_V1 stage=1 raw_iteration=1 ordinal=5 kernel=evaluate_resident_transport threads=504666 begin_tick=1943440671309791 end_tick=1943440671897166 ms_per_tick=9.9999999999999995e-07 device_ms=0.58737499999999998
PRODUCER_KERNEL_V1 stage=1 raw_iteration=1 ordinal=6 kernel=identify_resident_transport threads=1 begin_tick=1943440671897500 end_tick=1943441261087375 ms_per_tick=9.9999999999999995e-07 device_ms=589.18987500000003
PRODUCER_KERNEL_V1 stage=1 raw_iteration=1 ordinal=7 kernel=owner_bind_transport threads=1 begin_tick=1943441261103333 end_tick=1943441261106708 ms_per_tick=9.9999999999999995e-07 device_ms=0.003375
PRODUCER_KERNEL_V1 stage=1 raw_iteration=1 ordinal=8 kernel=identify_resident_owner_endpoint_class threads=1 begin_tick=1943441261107041 end_tick=1943441263540625 ms_per_tick=9.9999999999999995e-07 device_ms=2.4335839999999997
PRODUCER_KERNEL_V1 stage=1 raw_iteration=1 ordinal=9 kernel=evaluate_resident_physical_flux threads=1533387 begin_tick=1943441263541166 end_tick=1943441264851208 ms_per_tick=9.9999999999999995e-07 device_ms=1.3100419999999999
PRODUCER_KERNEL_V1 stage=1 raw_iteration=1 ordinal=10 kernel=evaluate_resident_advective_pair threads=13800483 begin_tick=1943441264851750 end_tick=1943441273155500 ms_per_tick=9.9999999999999995e-07 device_ms=8.3037499999999991
PRODUCER_KERNEL_V1 stage=1 raw_iteration=1 ordinal=11 kernel=finalize_resident_advective_high threads=13800483 begin_tick=1943441273170458 end_tick=1943441273587208 ms_per_tick=9.9999999999999995e-07 device_ms=0.41674999999999995
PRODUCER_KERNEL_V1 stage=1 raw_iteration=1 ordinal=12 kernel=compose_resident_flux_pair threads=13800483 begin_tick=1943441273587541 end_tick=1943441274468500 ms_per_tick=9.9999999999999995e-07 device_ms=0.88095899999999994
PRODUCER_KERNEL_V1 stage=1 raw_iteration=1 ordinal=13 kernel=validate_resident_physical_flux threads=13800483 begin_tick=1943441274469125 end_tick=1943441275302125 ms_per_tick=9.9999999999999995e-07 device_ms=0.83299999999999996
PRODUCER_KERNEL_V1 stage=1 raw_iteration=1 ordinal=14 kernel=identify_resident_physical_flux threads=1 begin_tick=1943441275302708 end_tick=1943444510535375 ms_per_tick=9.9999999999999995e-07 device_ms=3235.2326669999998
PRODUCER_KERNEL_V1 stage=1 raw_iteration=1 ordinal=15 kernel=owner_average_flux threads=13800483 begin_tick=1943444510552250 end_tick=1943444511360666 ms_per_tick=9.9999999999999995e-07 device_ms=0.80841599999999991
PRODUCER_KERNEL_V1 stage=1 raw_iteration=1 ordinal=16 kernel=owner_bind_averaged_flux threads=1 begin_tick=1943444511361166 end_tick=1943445644266958 ms_per_tick=9.9999999999999995e-07 device_ms=1132.905792
PRODUCER_KERNEL_V1 stage=1 raw_iteration=1 ordinal=17 kernel=fct_build_ratios threads=5551326 begin_tick=1943445644283166 end_tick=1943445647884708 ms_per_tick=9.9999999999999995e-07 device_ms=3.6015419999999998
PRODUCER_KERNEL_V1 stage=1 raw_iteration=1 ordinal=18 kernel=fct_build_face_alpha threads=1533387 begin_tick=1943445647885375 end_tick=1943445648146333 ms_per_tick=9.9999999999999995e-07 device_ms=0.26095799999999997
PRODUCER_KERNEL_V1 stage=1 raw_iteration=1 ordinal=19 kernel=fct_commit_scalar threads=504666 begin_tick=1943445648147000 end_tick=1943445648337666 ms_per_tick=9.9999999999999995e-07 device_ms=0.190666
PRODUCER_KERNEL_V1 stage=1 raw_iteration=1 ordinal=20 kernel=owner_bind_candidate threads=1 begin_tick=1943445648338166 end_tick=1943446090198958 ms_per_tick=9.9999999999999995e-07 device_ms=441.860792
PRODUCER_KERNEL_V1 stage=1 raw_iteration=1 ordinal=21 kernel=finalize_resident_eos_candidate threads=1 begin_tick=1943446090215541 end_tick=1943446090218458 ms_per_tick=9.9999999999999995e-07 device_ms=0.0029169999999999999
PRODUCER_KERNEL_V1 stage=1 raw_iteration=1 ordinal=22 kernel=evaluate_resident_eos_candidate threads=504666 begin_tick=1943446090218875 end_tick=1943446699681750 ms_per_tick=9.9999999999999995e-07 device_ms=609.46287499999994
PRODUCER_KERNEL_V1 stage=1 raw_iteration=1 ordinal=23 kernel=finalize_resident_eos_candidate threads=1 begin_tick=1943446699697000 end_tick=1943446699699416 ms_per_tick=9.9999999999999995e-07 device_ms=0.0024159999999999997
PRODUCER_KERNEL_V1 stage=1 raw_iteration=1 ordinal=24 kernel=identify_resident_eos threads=1 begin_tick=1943446699699791 end_tick=1943446744358500 ms_per_tick=9.9999999999999995e-07 device_ms=44.658708999999995
PRODUCER_KERNEL_V1 stage=1 raw_iteration=1 ordinal=25 kernel=produce_resident_frozen_source threads=504666 begin_tick=1943446744373125 end_tick=1943446744403750 ms_per_tick=9.9999999999999995e-07 device_ms=0.030624999999999999
PRODUCER_KERNEL_V1 stage=1 raw_iteration=1 ordinal=26 kernel=identify_resident_frozen_source threads=1 begin_tick=1943446744404166 end_tick=1943446780546458 ms_per_tick=9.9999999999999995e-07 device_ms=36.142291999999998
PRODUCER_KERNEL_V1 stage=1 raw_iteration=1 ordinal=27 kernel=evaluate_resident_target_terms threads=504666 begin_tick=1943446780561708 end_tick=1943446904360791 ms_per_tick=9.9999999999999995e-07 device_ms=123.799083
PRODUCER_KERNEL_V1 stage=1 raw_iteration=1 ordinal=28 kernel=finalize_resident_target threads=1 begin_tick=1943446904375958 end_tick=1943446904379291 ms_per_tick=9.9999999999999995e-07 device_ms=0.003333
PRODUCER_KERNEL_V1 stage=1 raw_iteration=1 ordinal=29 kernel=identify_resident_target threads=1 begin_tick=1943446904379625 end_tick=1943446962333416 ms_per_tick=9.9999999999999995e-07 device_ms=57.953790999999995
PRODUCER_KERNEL_V1 stage=1 raw_iteration=1 ordinal=30 kernel=issue_resident_projection_consumer threads=1 begin_tick=1943446962348291 end_tick=1943446962352458 ms_per_tick=9.9999999999999995e-07 device_ms=0.0041669999999999997
PRODUCER_KERNEL_V1 stage=1 raw_iteration=1 ordinal=31 kernel=consume_resident_target threads=1 begin_tick=1943446962352833 end_tick=1943446999844833 ms_per_tick=9.9999999999999995e-07 device_ms=37.491999999999997
PRODUCER_KERNEL_V1 stage=1 raw_iteration=1 ordinal=32 kernel=owner_compose_target threads=504666 begin_tick=1943446999860000 end_tick=1943446999938666 ms_per_tick=9.9999999999999995e-07 device_ms=0.078666
PRODUCER_KERNEL_V1 stage=1 raw_iteration=1 ordinal=33 kernel=finalize_resident_target threads=1 begin_tick=1943446999939041 end_tick=1943446999942000 ms_per_tick=9.9999999999999995e-07 device_ms=0.0029589999999999998
PRODUCER_KERNEL_V1 stage=1 raw_iteration=1 ordinal=34 kernel=owner_identify_target threads=1 begin_tick=1943446999942375 end_tick=1943447051947250 ms_per_tick=9.9999999999999995e-07 device_ms=52.004874999999998
PRODUCER_KERNEL_V1 stage=1 raw_iteration=1 ordinal=35 kernel=issue_resident_projection_consumer threads=1 begin_tick=1943447051960958 end_tick=1943447052075250 ms_per_tick=9.9999999999999995e-07 device_ms=0.11429199999999999
PRODUCER_KERNEL_V1 stage=1 raw_iteration=1 ordinal=36 kernel=consume_resident_target threads=1 begin_tick=1943447052075666 end_tick=1943447089697875 ms_per_tick=9.9999999999999995e-07 device_ms=37.622208999999998
PRODUCER_KERNEL_V1 stage=1 raw_iteration=1 ordinal=37 kernel=owner_issue_stage_seal threads=1 begin_tick=1943447089713625 end_tick=1943447089717041 ms_per_tick=9.9999999999999995e-07 device_ms=0.0034159999999999998
PRODUCER_KERNEL_V1 stage=1 raw_iteration=1 ordinal=38 kernel=fct_compatible_stage_rate threads=1533387 begin_tick=1943447089717625 end_tick=1943447090223250 ms_per_tick=9.9999999999999995e-07 device_ms=0.50562499999999999
PRODUCER_KERNEL_V1 stage=1 raw_iteration=1 ordinal=39 kernel=fct_compatible_stage_rate threads=1533387 begin_tick=1943447090223625 end_tick=1943447090717125 ms_per_tick=9.9999999999999995e-07 device_ms=0.49349999999999999
PRODUCER_KERNEL_V1 stage=1 raw_iteration=1 ordinal=40 kernel=owner_heun_momentum threads=1533387 begin_tick=1943447090717541 end_tick=1943447090807666 ms_per_tick=9.9999999999999995e-07 device_ms=0.090124999999999997
RISE_FIRE_OWNER_PROFILE_V1 {"scope":45,"parent":40,"phase":"BuildStageProducerGroup","stage":1,"raw_iteration":1,"iteration_kind":"picard","wall_ms":6501.788750000,"device_sum_ms":6420.037625125,"wall_minus_device_ms":81.751124875,"exclusive_wall_ms":6501.788750000,"exclusive_device_sum_ms":6420.037625125,"child_observer_wall_ms":0.000000000,"count_scope":"inclusive","owner_commits":1,"projection_invocations":0}
RISE_FIRE_OWNER_PROFILE_V1 {"scope":46,"parent":40,"phase":"Residual","stage":1,"raw_iteration":1,"iteration_kind":"picard","wall_ms":3.155083000,"device_sum_ms":0.200249953,"wall_minus_device_ms":2.954833047,"exclusive_wall_ms":3.155083000,"exclusive_device_sum_ms":0.200249953,"child_observer_wall_ms":0.000000000,"count_scope":"inclusive","owner_commits":1,"projection_invocations":0}
RISE_FIRE_OWNER_PROFILE_V1 {"scope":49,"parent":48,"phase":"ProjectionAdapter","stage":1,"raw_iteration":2147483649,"iteration_kind":"terminal","wall_ms":193.087208000,"device_sum_ms":190.090916585,"wall_minus_device_ms":2.996291415,"exclusive_wall_ms":193.087208000,"exclusive_device_sum_ms":190.090916585,"child_observer_wall_ms":0.000000000,"count_scope":"inclusive","owner_commits":0,"projection_invocations":1}
RISE_FIRE_OWNER_PROFILE_V1 {"scope":48,"parent":47,"phase":"Project","stage":1,"raw_iteration":2147483649,"iteration_kind":"terminal","wall_ms":193.704750000,"device_sum_ms":190.130458446,"wall_minus_device_ms":3.574291554,"exclusive_wall_ms":0.593542000,"exclusive_device_sum_ms":0.039541861,"child_observer_wall_ms":0.024000000,"count_scope":"inclusive","owner_commits":2,"projection_invocations":1}
RISE_FIRE_OWNER_PROFILE_V1 {"scope":50,"parent":47,"phase":"ReadOpenClass","stage":1,"raw_iteration":2147483649,"iteration_kind":"terminal","wall_ms":0.199208000,"device_sum_ms":0.002666609,"wall_minus_device_ms":0.196541391,"exclusive_wall_ms":0.199208000,"exclusive_device_sum_ms":0.002666609,"child_observer_wall_ms":0.000000000,"count_scope":"inclusive","owner_commits":1,"projection_invocations":0}
RISE_FIRE_OWNER_PROFILE_V1 {"scope":51,"parent":47,"phase":"ReadOpenClass","stage":1,"raw_iteration":2147483649,"iteration_kind":"terminal","wall_ms":0.161667000,"device_sum_ms":0.002500135,"wall_minus_device_ms":0.159166865,"exclusive_wall_ms":0.161667000,"exclusive_device_sum_ms":0.002500135,"child_observer_wall_ms":0.000000000,"count_scope":"inclusive","owner_commits":1,"projection_invocations":0}
PRODUCER_COMMAND_V1 stage=1 raw_iteration=2147483649 cpu_begin=1943447288391541 cpu_end=1943453792547041 gpu_begin=1943447288391541 gpu_end=1943453792547041 device_ms=6418.7065833248198 encoders=41 interval_scope=possibly_overlapping
PRODUCER_KERNEL_V1 stage=1 raw_iteration=2147483649 ordinal=0 kernel=owner_pack_faces threads=1533387 begin_tick=1943447373889833 end_tick=1943447373940916 ms_per_tick=9.9999999999999995e-07 device_ms=0.051082999999999996
PRODUCER_KERNEL_V1 stage=1 raw_iteration=2147483649 ordinal=1 kernel=owner_pack_faces threads=1533387 begin_tick=1943447373968708 end_tick=1943447374018750 ms_per_tick=9.9999999999999995e-07 device_ms=0.050041999999999996
PRODUCER_KERNEL_V1 stage=1 raw_iteration=2147483649 ordinal=2 kernel=owner_pack_faces threads=1533387 begin_tick=1943447374107208 end_tick=1943447374184833 ms_per_tick=9.9999999999999995e-07 device_ms=0.077625
PRODUCER_KERNEL_V1 stage=1 raw_iteration=2147483649 ordinal=3 kernel=fct_extract_gas_density threads=504666 begin_tick=1943447374132458 end_tick=1943447374177416 ms_per_tick=9.9999999999999995e-07 device_ms=0.044957999999999998
PRODUCER_KERNEL_V1 stage=1 raw_iteration=2147483649 ordinal=4 kernel=owner_gas_source threads=504666 begin_tick=1943447374215583 end_tick=1943447374261208 ms_per_tick=9.9999999999999995e-07 device_ms=0.045624999999999999
PRODUCER_KERNEL_V1 stage=1 raw_iteration=2147483649 ordinal=5 kernel=evaluate_resident_transport threads=504666 begin_tick=1943447374322291 end_tick=1943447374909166 ms_per_tick=9.9999999999999995e-07 device_ms=0.58687499999999992
PRODUCER_KERNEL_V1 stage=1 raw_iteration=2147483649 ordinal=6 kernel=identify_resident_transport threads=1 begin_tick=1943447374909541 end_tick=1943447965127166 ms_per_tick=9.9999999999999995e-07 device_ms=590.217625
PRODUCER_KERNEL_V1 stage=1 raw_iteration=2147483649 ordinal=7 kernel=owner_bind_transport threads=1 begin_tick=1943447965143625 end_tick=1943447965147041 ms_per_tick=9.9999999999999995e-07 device_ms=0.0034159999999999998
PRODUCER_KERNEL_V1 stage=1 raw_iteration=2147483649 ordinal=8 kernel=identify_resident_owner_endpoint_class threads=1 begin_tick=1943447965147333 end_tick=1943447967561375 ms_per_tick=9.9999999999999995e-07 device_ms=2.4140419999999998
PRODUCER_KERNEL_V1 stage=1 raw_iteration=2147483649 ordinal=9 kernel=evaluate_resident_physical_flux threads=1533387 begin_tick=1943447967561791 end_tick=1943447970203000 ms_per_tick=9.9999999999999995e-07 device_ms=2.6412089999999999
PRODUCER_KERNEL_V1 stage=1 raw_iteration=2147483649 ordinal=10 kernel=evaluate_resident_advective_pair threads=13800483 begin_tick=1943447970219958 end_tick=1943447977404833 ms_per_tick=9.9999999999999995e-07 device_ms=7.1848749999999999
PRODUCER_KERNEL_V1 stage=1 raw_iteration=2147483649 ordinal=11 kernel=finalize_resident_advective_high threads=13800483 begin_tick=1943447977419833 end_tick=1943447977840791 ms_per_tick=9.9999999999999995e-07 device_ms=0.420958
PRODUCER_KERNEL_V1 stage=1 raw_iteration=2147483649 ordinal=12 kernel=compose_resident_flux_pair threads=13800483 begin_tick=1943447977841208 end_tick=1943447978726916 ms_per_tick=9.9999999999999995e-07 device_ms=0.88570799999999994
PRODUCER_KERNEL_V1 stage=1 raw_iteration=2147483649 ordinal=13 kernel=validate_resident_physical_flux threads=13800483 begin_tick=1943447978727625 end_tick=1943447979586541 ms_per_tick=9.9999999999999995e-07 device_ms=0.85891600000000001
PRODUCER_KERNEL_V1 stage=1 raw_iteration=2147483649 ordinal=14 kernel=identify_resident_physical_flux threads=1 begin_tick=1943447979587333 end_tick=1943451220914375 ms_per_tick=9.9999999999999995e-07 device_ms=3241.3270419999999
PRODUCER_KERNEL_V1 stage=1 raw_iteration=2147483649 ordinal=15 kernel=owner_average_flux threads=13800483 begin_tick=1943451220929708 end_tick=1943451221741416 ms_per_tick=9.9999999999999995e-07 device_ms=0.81170799999999999
PRODUCER_KERNEL_V1 stage=1 raw_iteration=2147483649 ordinal=16 kernel=owner_bind_averaged_flux threads=1 begin_tick=1943451221741958 end_tick=1943452350038833 ms_per_tick=9.9999999999999995e-07 device_ms=1128.296875
PRODUCER_KERNEL_V1 stage=1 raw_iteration=2147483649 ordinal=17 kernel=fct_build_ratios threads=5551326 begin_tick=1943452350054625 end_tick=1943452355045208 ms_per_tick=9.9999999999999995e-07 device_ms=4.990583
PRODUCER_KERNEL_V1 stage=1 raw_iteration=2147483649 ordinal=18 kernel=fct_build_face_alpha threads=1533387 begin_tick=1943452355062250 end_tick=1943452355323250 ms_per_tick=9.9999999999999995e-07 device_ms=0.26100000000000001
PRODUCER_KERNEL_V1 stage=1 raw_iteration=2147483649 ordinal=19 kernel=fct_commit_scalar threads=504666 begin_tick=1943452355323875 end_tick=1943452355512291 ms_per_tick=9.9999999999999995e-07 device_ms=0.188416
PRODUCER_KERNEL_V1 stage=1 raw_iteration=2147483649 ordinal=20 kernel=owner_bind_candidate threads=1 begin_tick=1943452355512875 end_tick=1943452796769791 ms_per_tick=9.9999999999999995e-07 device_ms=441.25691599999999
PRODUCER_KERNEL_V1 stage=1 raw_iteration=2147483649 ordinal=21 kernel=finalize_resident_eos_candidate threads=1 begin_tick=1943452796786208 end_tick=1943452796789083 ms_per_tick=9.9999999999999995e-07 device_ms=0.002875
PRODUCER_KERNEL_V1 stage=1 raw_iteration=2147483649 ordinal=22 kernel=evaluate_resident_eos_candidate threads=504666 begin_tick=1943452796789541 end_tick=1943453400260541 ms_per_tick=9.9999999999999995e-07 device_ms=603.471
PRODUCER_KERNEL_V1 stage=1 raw_iteration=2147483649 ordinal=23 kernel=finalize_resident_eos_candidate threads=1 begin_tick=1943453400275250 end_tick=1943453400277958 ms_per_tick=9.9999999999999995e-07 device_ms=0.0027079999999999999
PRODUCER_KERNEL_V1 stage=1 raw_iteration=2147483649 ordinal=24 kernel=identify_resident_eos threads=1 begin_tick=1943453400278375 end_tick=1943453445391166 ms_per_tick=9.9999999999999995e-07 device_ms=45.112791000000001
PRODUCER_KERNEL_V1 stage=1 raw_iteration=2147483649 ordinal=25 kernel=produce_resident_frozen_source threads=504666 begin_tick=1943453445406791 end_tick=1943453445436666 ms_per_tick=9.9999999999999995e-07 device_ms=0.029874999999999999
PRODUCER_KERNEL_V1 stage=1 raw_iteration=2147483649 ordinal=26 kernel=identify_resident_frozen_source threads=1 begin_tick=1943453445437083 end_tick=1943453481917333 ms_per_tick=9.9999999999999995e-07 device_ms=36.480249999999998
PRODUCER_KERNEL_V1 stage=1 raw_iteration=2147483649 ordinal=27 kernel=evaluate_resident_target_terms threads=504666 begin_tick=1943453481932500 end_tick=1943453606015750 ms_per_tick=9.9999999999999995e-07 device_ms=124.08324999999999
PRODUCER_KERNEL_V1 stage=1 raw_iteration=2147483649 ordinal=28 kernel=finalize_resident_target threads=1 begin_tick=1943453606029916 end_tick=1943453606033041 ms_per_tick=9.9999999999999995e-07 device_ms=0.0031249999999999997
PRODUCER_KERNEL_V1 stage=1 raw_iteration=2147483649 ordinal=29 kernel=identify_resident_target threads=1 begin_tick=1943453606033375 end_tick=1943453664247416 ms_per_tick=9.9999999999999995e-07 device_ms=58.214040999999995
PRODUCER_KERNEL_V1 stage=1 raw_iteration=2147483649 ordinal=30 kernel=issue_resident_projection_consumer threads=1 begin_tick=1943453664263666 end_tick=1943453664267750 ms_per_tick=9.9999999999999995e-07 device_ms=0.004084
PRODUCER_KERNEL_V1 stage=1 raw_iteration=2147483649 ordinal=31 kernel=consume_resident_target threads=1 begin_tick=1943453664268166 end_tick=1943453701969500 ms_per_tick=9.9999999999999995e-07 device_ms=37.701333999999996
PRODUCER_KERNEL_V1 stage=1 raw_iteration=2147483649 ordinal=32 kernel=owner_compose_target threads=504666 begin_tick=1943453701995291 end_tick=1943453702138000 ms_per_tick=9.9999999999999995e-07 device_ms=0.142709
PRODUCER_KERNEL_V1 stage=1 raw_iteration=2147483649 ordinal=33 kernel=finalize_resident_target threads=1 begin_tick=1943453702138416 end_tick=1943453702141291 ms_per_tick=9.9999999999999995e-07 device_ms=0.002875
PRODUCER_KERNEL_V1 stage=1 raw_iteration=2147483649 ordinal=34 kernel=owner_identify_target threads=1 begin_tick=1943453702141708 end_tick=1943453753231666 ms_per_tick=9.9999999999999995e-07 device_ms=51.089957999999996
PRODUCER_KERNEL_V1 stage=1 raw_iteration=2147483649 ordinal=35 kernel=issue_resident_projection_consumer threads=1 begin_tick=1943453753232250 end_tick=1943453753241166 ms_per_tick=9.9999999999999995e-07 device_ms=0.0089160000000000003
PRODUCER_KERNEL_V1 stage=1 raw_iteration=2147483649 ordinal=36 kernel=consume_resident_target threads=1 begin_tick=1943453753241458 end_tick=1943453790861791 ms_per_tick=9.9999999999999995e-07 device_ms=37.620332999999995
PRODUCER_KERNEL_V1 stage=1 raw_iteration=2147483649 ordinal=37 kernel=owner_issue_stage_seal threads=1 begin_tick=1943453790877083 end_tick=1943453790880833 ms_per_tick=9.9999999999999995e-07 device_ms=0.0037499999999999999
PRODUCER_KERNEL_V1 stage=1 raw_iteration=2147483649 ordinal=38 kernel=fct_compatible_stage_rate threads=1533387 begin_tick=1943453791275541 end_tick=1943453791810333 ms_per_tick=9.9999999999999995e-07 device_ms=0.53479199999999993
PRODUCER_KERNEL_V1 stage=1 raw_iteration=2147483649 ordinal=39 kernel=fct_compatible_stage_rate threads=1533387 begin_tick=1943453791810750 end_tick=1943453792320625 ms_per_tick=9.9999999999999995e-07 device_ms=0.50987499999999997
PRODUCER_KERNEL_V1 stage=1 raw_iteration=2147483649 ordinal=40 kernel=owner_heun_momentum threads=1533387 begin_tick=1943453792321083 end_tick=1943453792414666 ms_per_tick=9.9999999999999995e-07 device_ms=0.093583
RISE_FIRE_OWNER_PROFILE_V1 {"scope":52,"parent":47,"phase":"BuildStageProducerGroup","stage":1,"raw_iteration":2147483649,"iteration_kind":"terminal","wall_ms":6504.364333000,"device_sum_ms":6418.706583325,"wall_minus_device_ms":85.657749675,"exclusive_wall_ms":6504.364333000,"exclusive_device_sum_ms":6418.706583325,"child_observer_wall_ms":0.000000000,"count_scope":"inclusive","owner_commits":1,"projection_invocations":0}
RISE_FIRE_OWNER_PROFILE_V1 {"scope":53,"parent":47,"phase":"AlphaResidual","stage":1,"raw_iteration":2147483649,"iteration_kind":"terminal","wall_ms":2.702125000,"device_sum_ms":0.073124887,"wall_minus_device_ms":2.629000113,"exclusive_wall_ms":2.702125000,"exclusive_device_sum_ms":0.073124887,"child_observer_wall_ms":0.000000000,"count_scope":"inclusive","owner_commits":1,"projection_invocations":0}
RISE_FIRE_OWNER_PROFILE_V1 {"scope":54,"parent":47,"phase":"Residual","stage":1,"raw_iteration":2147483649,"iteration_kind":"terminal","wall_ms":0.420041000,"device_sum_ms":0.234166626,"wall_minus_device_ms":0.185874374,"exclusive_wall_ms":0.420041000,"exclusive_device_sum_ms":0.234166626,"child_observer_wall_ms":0.000000000,"count_scope":"inclusive","owner_commits":1,"projection_invocations":0}
RISE_FIRE_OWNER_PROFILE_V1 {"scope":47,"parent":40,"phase":"TerminalVerification","stage":1,"raw_iteration":2147483649,"iteration_kind":"terminal","wall_ms":6701.617917000,"device_sum_ms":6609.149500029,"wall_minus_device_ms":92.468416971,"exclusive_wall_ms":0.004042000,"exclusive_device_sum_ms":0.000000000,"child_observer_wall_ms":0.061751000,"count_scope":"inclusive","owner_commits":7,"projection_invocations":1}
RISE_FIRE_OWNER_PROFILE_V1 {"scope":40,"parent":29,"phase":"PicardIteration","stage":1,"raw_iteration":1,"iteration_kind":"picard","wall_ms":13399.778250000,"device_sum_ms":13214.897416299,"wall_minus_device_ms":184.880833701,"exclusive_wall_ms":3.003751000,"exclusive_device_sum_ms":0.000000000,"child_observer_wall_ms":0.051583000,"count_scope":"inclusive","owner_commits":13,"projection_invocations":2}
RISE_FIRE_OWNER_PROFILE_V1 {"scope":29,"parent":1,"phase":"SolveStage","stage":1,"raw_iteration":4294967295,"iteration_kind":"bootstrap","wall_ms":26811.067709000,"device_sum_ms":26437.501624925,"wall_minus_device_ms":373.566084075,"exclusive_wall_ms":2.712376000,"exclusive_device_sum_ms":0.000000000,"child_observer_wall_ms":0.029000000,"count_scope":"inclusive","owner_commits":22,"projection_invocations":4}
RISE_FIRE_OWNER_PROFILE_V1 {"scope":57,"parent":56,"phase":"ProjectionAdapter","stage":2,"raw_iteration":4294967295,"iteration_kind":"bootstrap","wall_ms":193.736416000,"device_sum_ms":190.762916580,"wall_minus_device_ms":2.973499420,"exclusive_wall_ms":193.736416000,"exclusive_device_sum_ms":190.762916580,"child_observer_wall_ms":0.000000000,"count_scope":"inclusive","owner_commits":0,"projection_invocations":1}
RISE_FIRE_OWNER_PROFILE_V1 {"scope":56,"parent":55,"phase":"Project","stage":2,"raw_iteration":4294967295,"iteration_kind":"bootstrap","wall_ms":194.790458000,"device_sum_ms":191.250916803,"wall_minus_device_ms":3.539541197,"exclusive_wall_ms":1.032500000,"exclusive_device_sum_ms":0.488000223,"child_observer_wall_ms":0.021542000,"count_scope":"inclusive","owner_commits":2,"projection_invocations":1}
PRODUCER_COMMAND_V1 stage=2 raw_iteration=4294967295 cpu_begin=1943453996959041 cpu_end=1943459349525291 gpu_begin=1943453996959041 gpu_end=1943459349525291 device_ms=5270.5561250913888 encoders=35 interval_scope=possibly_overlapping
PRODUCER_KERNEL_V1 stage=2 raw_iteration=4294967295 ordinal=0 kernel=owner_pack_faces threads=1533387 begin_tick=1943454078853583 end_tick=1943454078910208 ms_per_tick=9.9999999999999995e-07 device_ms=0.056624999999999995
PRODUCER_KERNEL_V1 stage=2 raw_iteration=4294967295 ordinal=1 kernel=owner_pack_faces threads=1533387 begin_tick=1943454078910000 end_tick=1943454079241541 ms_per_tick=9.9999999999999995e-07 device_ms=0.33154099999999997
PRODUCER_KERNEL_V1 stage=2 raw_iteration=4294967295 ordinal=2 kernel=owner_pack_faces threads=1533387 begin_tick=1943454078851333 end_tick=1943454078910000 ms_per_tick=9.9999999999999995e-07 device_ms=0.058666999999999997
PRODUCER_KERNEL_V1 stage=2 raw_iteration=4294967295 ordinal=3 kernel=fct_extract_gas_density threads=504666 begin_tick=1943454078910625 end_tick=1943454078957250 ms_per_tick=9.9999999999999995e-07 device_ms=0.046625
PRODUCER_KERNEL_V1 stage=2 raw_iteration=4294967295 ordinal=4 kernel=owner_gas_source threads=504666 begin_tick=1943454079241833 end_tick=1943454079546291 ms_per_tick=9.9999999999999995e-07 device_ms=0.30445800000000001
PRODUCER_KERNEL_V1 stage=2 raw_iteration=4294967295 ordinal=5 kernel=evaluate_resident_transport threads=504666 begin_tick=1943454078962958 end_tick=1943454079563666 ms_per_tick=9.9999999999999995e-07 device_ms=0.60070800000000002
PRODUCER_KERNEL_V1 stage=2 raw_iteration=4294967295 ordinal=6 kernel=identify_resident_transport threads=1 begin_tick=1943454079564208 end_tick=1943454669271791 ms_per_tick=9.9999999999999995e-07 device_ms=589.707583
PRODUCER_KERNEL_V1 stage=2 raw_iteration=4294967295 ordinal=7 kernel=owner_bind_transport threads=1 begin_tick=1943454669300041 end_tick=1943454669326625 ms_per_tick=9.9999999999999995e-07 device_ms=0.026584
PRODUCER_KERNEL_V1 stage=2 raw_iteration=4294967295 ordinal=8 kernel=identify_resident_owner_endpoint_class threads=1 begin_tick=1943454669327083 end_tick=1943454671802916 ms_per_tick=9.9999999999999995e-07 device_ms=2.4758329999999997
PRODUCER_KERNEL_V1 stage=2 raw_iteration=4294967295 ordinal=9 kernel=evaluate_resident_physical_flux threads=1533387 begin_tick=1943454671803500 end_tick=1943454673118416 ms_per_tick=9.9999999999999995e-07 device_ms=1.314916
PRODUCER_KERNEL_V1 stage=2 raw_iteration=4294967295 ordinal=10 kernel=evaluate_resident_advective_pair threads=13800483 begin_tick=1943454673118958 end_tick=1943454680190583 ms_per_tick=9.9999999999999995e-07 device_ms=7.071625
PRODUCER_KERNEL_V1 stage=2 raw_iteration=4294967295 ordinal=11 kernel=finalize_resident_advective_high threads=13800483 begin_tick=1943454680191333 end_tick=1943454680610666 ms_per_tick=9.9999999999999995e-07 device_ms=0.41933299999999996
PRODUCER_KERNEL_V1 stage=2 raw_iteration=4294967295 ordinal=12 kernel=compose_resident_flux_pair threads=13800483 begin_tick=1943454680611000 end_tick=1943454681495083 ms_per_tick=9.9999999999999995e-07 device_ms=0.88408299999999995
PRODUCER_KERNEL_V1 stage=2 raw_iteration=4294967295 ordinal=13 kernel=validate_resident_physical_flux threads=13800483 begin_tick=1943454681495708 end_tick=1943454682349125 ms_per_tick=9.9999999999999995e-07 device_ms=0.85341699999999998
PRODUCER_KERNEL_V1 stage=2 raw_iteration=4294967295 ordinal=14 kernel=identify_resident_physical_flux threads=1 begin_tick=1943454682349708 end_tick=1943457919892541 ms_per_tick=9.9999999999999995e-07 device_ms=3237.542833
PRODUCER_KERNEL_V1 stage=2 raw_iteration=4294967295 ordinal=15 kernel=owner_bind_candidate threads=1 begin_tick=1943457919907958 end_tick=1943458362197416 ms_per_tick=9.9999999999999995e-07 device_ms=442.28945799999997
PRODUCER_KERNEL_V1 stage=2 raw_iteration=4294967295 ordinal=16 kernel=finalize_resident_eos_candidate threads=1 begin_tick=1943458362212666 end_tick=1943458362215458 ms_per_tick=9.9999999999999995e-07 device_ms=0.0027919999999999998
PRODUCER_KERNEL_V1 stage=2 raw_iteration=4294967295 ordinal=17 kernel=evaluate_resident_eos_candidate threads=504666 begin_tick=1943458362216041 end_tick=1943458961812916 ms_per_tick=9.9999999999999995e-07 device_ms=599.59687499999995
PRODUCER_KERNEL_V1 stage=2 raw_iteration=4294967295 ordinal=18 kernel=finalize_resident_eos_candidate threads=1 begin_tick=1943458961830416 end_tick=1943458961833041 ms_per_tick=9.9999999999999995e-07 device_ms=0.0026249999999999997
PRODUCER_KERNEL_V1 stage=2 raw_iteration=4294967295 ordinal=19 kernel=identify_resident_eos threads=1 begin_tick=1943458961833583 end_tick=1943459005260250 ms_per_tick=9.9999999999999995e-07 device_ms=43.426666999999995
PRODUCER_KERNEL_V1 stage=2 raw_iteration=4294967295 ordinal=20 kernel=produce_resident_frozen_source threads=504666 begin_tick=1943459005261000 end_tick=1943459005291541 ms_per_tick=9.9999999999999995e-07 device_ms=0.030540999999999999
PRODUCER_KERNEL_V1 stage=2 raw_iteration=4294967295 ordinal=21 kernel=identify_resident_frozen_source threads=1 begin_tick=1943459005292208 end_tick=1943459039943583 ms_per_tick=9.9999999999999995e-07 device_ms=34.651375000000002
PRODUCER_KERNEL_V1 stage=2 raw_iteration=4294967295 ordinal=22 kernel=evaluate_resident_target_terms threads=504666 begin_tick=1943459039944375 end_tick=1943459163696666 ms_per_tick=9.9999999999999995e-07 device_ms=123.752291
PRODUCER_KERNEL_V1 stage=2 raw_iteration=4294967295 ordinal=23 kernel=finalize_resident_target threads=1 begin_tick=1943459163711416 end_tick=1943459163714708 ms_per_tick=9.9999999999999995e-07 device_ms=0.0032919999999999998
PRODUCER_KERNEL_V1 stage=2 raw_iteration=4294967295 ordinal=24 kernel=identify_resident_target threads=1 begin_tick=1943459163715000 end_tick=1943459221612208 ms_per_tick=9.9999999999999995e-07 device_ms=57.897207999999999
PRODUCER_KERNEL_V1 stage=2 raw_iteration=4294967295 ordinal=25 kernel=issue_resident_projection_consumer threads=1 begin_tick=1943459221628250 end_tick=1943459221632250 ms_per_tick=9.9999999999999995e-07 device_ms=0.0040000000000000001
PRODUCER_KERNEL_V1 stage=2 raw_iteration=4294967295 ordinal=26 kernel=consume_resident_target threads=1 begin_tick=1943459221632666 end_tick=1943459259073875 ms_per_tick=9.9999999999999995e-07 device_ms=37.441209000000001
PRODUCER_KERNEL_V1 stage=2 raw_iteration=4294967295 ordinal=27 kernel=owner_compose_target threads=504666 begin_tick=1943459259088416 end_tick=1943459259118458 ms_per_tick=9.9999999999999995e-07 device_ms=0.030041999999999999
PRODUCER_KERNEL_V1 stage=2 raw_iteration=4294967295 ordinal=28 kernel=finalize_resident_target threads=1 begin_tick=1943459259118833 end_tick=1943459259121791 ms_per_tick=9.9999999999999995e-07 device_ms=0.0029579999999999997
PRODUCER_KERNEL_V1 stage=2 raw_iteration=4294967295 ordinal=29 kernel=owner_identify_target threads=1 begin_tick=1943459259122333 end_tick=1943459310929166 ms_per_tick=9.9999999999999995e-07 device_ms=51.806832999999997
PRODUCER_KERNEL_V1 stage=2 raw_iteration=4294967295 ordinal=30 kernel=issue_resident_projection_consumer threads=1 begin_tick=1943459310945875 end_tick=1943459310950083 ms_per_tick=9.9999999999999995e-07 device_ms=0.0042079999999999999
PRODUCER_KERNEL_V1 stage=2 raw_iteration=4294967295 ordinal=31 kernel=consume_resident_target threads=1 begin_tick=1943459310950583 end_tick=1943459348365666 ms_per_tick=9.9999999999999995e-07 device_ms=37.415082999999996
PRODUCER_KERNEL_V1 stage=2 raw_iteration=4294967295 ordinal=32 kernel=owner_issue_stage_seal threads=1 begin_tick=1943459348380583 end_tick=1943459348383791 ms_per_tick=9.9999999999999995e-07 device_ms=0.0032079999999999999
PRODUCER_KERNEL_V1 stage=2 raw_iteration=4294967295 ordinal=33 kernel=fct_compatible_stage_rate threads=1533387 begin_tick=1943459348786041 end_tick=1943459349308875 ms_per_tick=9.9999999999999995e-07 device_ms=0.52283400000000002
PRODUCER_KERNEL_V1 stage=2 raw_iteration=4294967295 ordinal=34 kernel=owner_heun_momentum threads=1533387 begin_tick=1943459349309250 end_tick=1943459349401583 ms_per_tick=9.9999999999999995e-07 device_ms=0.092332999999999998
RISE_FIRE_OWNER_PROFILE_V1 {"scope":58,"parent":55,"phase":"BuildStageProducerGroup","stage":2,"raw_iteration":4294967295,"iteration_kind":"bootstrap","wall_ms":5352.755500000,"device_sum_ms":5270.556125091,"wall_minus_device_ms":82.199374909,"exclusive_wall_ms":5352.755500000,"exclusive_device_sum_ms":5270.556125091,"child_observer_wall_ms":0.000000000,"count_scope":"inclusive","owner_commits":1,"projection_invocations":0}
RISE_FIRE_OWNER_PROFILE_V1 {"scope":61,"parent":60,"phase":"ProjectionAdapter","stage":2,"raw_iteration":0,"iteration_kind":"picard","wall_ms":192.668292000,"device_sum_ms":189.604458399,"wall_minus_device_ms":3.063833601,"exclusive_wall_ms":192.668292000,"exclusive_device_sum_ms":189.604458399,"child_observer_wall_ms":0.000000000,"count_scope":"inclusive","owner_commits":0,"projection_invocations":1}
RISE_FIRE_OWNER_PROFILE_V1 {"scope":60,"parent":59,"phase":"Project","stage":2,"raw_iteration":0,"iteration_kind":"picard","wall_ms":195.589250000,"device_sum_ms":189.640625380,"wall_minus_device_ms":5.948624620,"exclusive_wall_ms":2.899583000,"exclusive_device_sum_ms":0.036166981,"child_observer_wall_ms":0.021375000,"count_scope":"inclusive","owner_commits":2,"projection_invocations":1}
RISE_FIRE_OWNER_PROFILE_V1 {"scope":62,"parent":59,"phase":"ReadOpenClass","stage":2,"raw_iteration":0,"iteration_kind":"picard","wall_ms":0.188959000,"device_sum_ms":0.002625166,"wall_minus_device_ms":0.186333834,"exclusive_wall_ms":0.188959000,"exclusive_device_sum_ms":0.002625166,"child_observer_wall_ms":0.000000000,"count_scope":"inclusive","owner_commits":1,"projection_invocations":0}
RISE_FIRE_OWNER_PROFILE_V1 {"scope":63,"parent":59,"phase":"ReadOpenClass","stage":2,"raw_iteration":0,"iteration_kind":"picard","wall_ms":0.158541000,"device_sum_ms":0.002375105,"wall_minus_device_ms":0.156165895,"exclusive_wall_ms":0.158541000,"exclusive_device_sum_ms":0.002375105,"child_observer_wall_ms":0.000000000,"count_scope":"inclusive","owner_commits":1,"projection_invocations":0}
PRODUCER_COMMAND_V1 stage=2 raw_iteration=0 cpu_begin=1943459545693333 cpu_end=1943464906564375 gpu_begin=1943459545693333 gpu_end=1943464906564375 device_ms=5278.0006248503923 encoders=35 interval_scope=possibly_overlapping
PRODUCER_KERNEL_V1 stage=2 raw_iteration=0 ordinal=0 kernel=owner_pack_faces threads=1533387 begin_tick=1943459628450833 end_tick=1943459628508875 ms_per_tick=9.9999999999999995e-07 device_ms=0.058041999999999996
PRODUCER_KERNEL_V1 stage=2 raw_iteration=0 ordinal=1 kernel=owner_pack_faces threads=1533387 begin_tick=1943459628508666 end_tick=1943459628916791 ms_per_tick=9.9999999999999995e-07 device_ms=0.40812499999999996
PRODUCER_KERNEL_V1 stage=2 raw_iteration=0 ordinal=2 kernel=owner_pack_faces threads=1533387 begin_tick=1943459628448333 end_tick=1943459628508666 ms_per_tick=9.9999999999999995e-07 device_ms=0.060332999999999998
PRODUCER_KERNEL_V1 stage=2 raw_iteration=0 ordinal=3 kernel=fct_extract_gas_density threads=504666 begin_tick=1943459628509333 end_tick=1943459628556375 ms_per_tick=9.9999999999999995e-07 device_ms=0.047042
PRODUCER_KERNEL_V1 stage=2 raw_iteration=0 ordinal=4 kernel=owner_gas_source threads=504666 begin_tick=1943459628917125 end_tick=1943459629133000 ms_per_tick=9.9999999999999995e-07 device_ms=0.21587499999999998
PRODUCER_KERNEL_V1 stage=2 raw_iteration=0 ordinal=5 kernel=evaluate_resident_transport threads=504666 begin_tick=1943459628556375 end_tick=1943459629151375 ms_per_tick=9.9999999999999995e-07 device_ms=0.59499999999999997
PRODUCER_KERNEL_V1 stage=2 raw_iteration=0 ordinal=6 kernel=identify_resident_transport threads=1 begin_tick=1943459629151750 end_tick=1943460219281916 ms_per_tick=9.9999999999999995e-07 device_ms=590.13016599999992
PRODUCER_KERNEL_V1 stage=2 raw_iteration=0 ordinal=7 kernel=owner_bind_transport threads=1 begin_tick=1943460219298625 end_tick=1943460219302291 ms_per_tick=9.9999999999999995e-07 device_ms=0.003666
PRODUCER_KERNEL_V1 stage=2 raw_iteration=0 ordinal=8 kernel=identify_resident_owner_endpoint_class threads=1 begin_tick=1943460219302666 end_tick=1943460221742166 ms_per_tick=9.9999999999999995e-07 device_ms=2.4394999999999998
PRODUCER_KERNEL_V1 stage=2 raw_iteration=0 ordinal=9 kernel=evaluate_resident_physical_flux threads=1533387 begin_tick=1943460221742625 end_tick=1943460223052666 ms_per_tick=9.9999999999999995e-07 device_ms=1.310041
PRODUCER_KERNEL_V1 stage=2 raw_iteration=0 ordinal=10 kernel=evaluate_resident_advective_pair threads=13800483 begin_tick=1943460223053166 end_tick=1943460230127458 ms_per_tick=9.9999999999999995e-07 device_ms=7.0742919999999998
PRODUCER_KERNEL_V1 stage=2 raw_iteration=0 ordinal=11 kernel=finalize_resident_advective_high threads=13800483 begin_tick=1943460230128083 end_tick=1943460230549000 ms_per_tick=9.9999999999999995e-07 device_ms=0.42091699999999999
PRODUCER_KERNEL_V1 stage=2 raw_iteration=0 ordinal=12 kernel=compose_resident_flux_pair threads=13800483 begin_tick=1943460230549375 end_tick=1943460231433833 ms_per_tick=9.9999999999999995e-07 device_ms=0.88445799999999997
PRODUCER_KERNEL_V1 stage=2 raw_iteration=0 ordinal=13 kernel=validate_resident_physical_flux threads=13800483 begin_tick=1943460231434416 end_tick=1943460232287291 ms_per_tick=9.9999999999999995e-07 device_ms=0.85287499999999994
PRODUCER_KERNEL_V1 stage=2 raw_iteration=0 ordinal=14 kernel=identify_resident_physical_flux threads=1 begin_tick=1943460232287833 end_tick=1943463477326875 ms_per_tick=9.9999999999999995e-07 device_ms=3245.0390419999999
PRODUCER_KERNEL_V1 stage=2 raw_iteration=0 ordinal=15 kernel=owner_bind_candidate threads=1 begin_tick=1943463477344208 end_tick=1943463919151333 ms_per_tick=9.9999999999999995e-07 device_ms=441.80712499999998
PRODUCER_KERNEL_V1 stage=2 raw_iteration=0 ordinal=16 kernel=finalize_resident_eos_candidate threads=1 begin_tick=1943463919160416 end_tick=1943463919224208 ms_per_tick=9.9999999999999995e-07 device_ms=0.063792000000000001
PRODUCER_KERNEL_V1 stage=2 raw_iteration=0 ordinal=17 kernel=evaluate_resident_eos_candidate threads=504666 begin_tick=1943463919224875 end_tick=1943464514215916 ms_per_tick=9.9999999999999995e-07 device_ms=594.991041
PRODUCER_KERNEL_V1 stage=2 raw_iteration=0 ordinal=18 kernel=finalize_resident_eos_candidate threads=1 begin_tick=1943464514231791 end_tick=1943464514234541 ms_per_tick=9.9999999999999995e-07 device_ms=0.0027499999999999998
PRODUCER_KERNEL_V1 stage=2 raw_iteration=0 ordinal=19 kernel=identify_resident_eos threads=1 begin_tick=1943464514235125 end_tick=1943464558933500 ms_per_tick=9.9999999999999995e-07 device_ms=44.698374999999999
PRODUCER_KERNEL_V1 stage=2 raw_iteration=0 ordinal=20 kernel=produce_resident_frozen_source threads=504666 begin_tick=1943464558947250 end_tick=1943464558979250 ms_per_tick=9.9999999999999995e-07 device_ms=0.032000000000000001
PRODUCER_KERNEL_V1 stage=2 raw_iteration=0 ordinal=21 kernel=identify_resident_frozen_source threads=1 begin_tick=1943464558979875 end_tick=1943464594621750 ms_per_tick=9.9999999999999995e-07 device_ms=35.641874999999999
PRODUCER_KERNEL_V1 stage=2 raw_iteration=0 ordinal=22 kernel=evaluate_resident_target_terms threads=504666 begin_tick=1943464594636625 end_tick=1943464720419708 ms_per_tick=9.9999999999999995e-07 device_ms=125.78308299999999
PRODUCER_KERNEL_V1 stage=2 raw_iteration=0 ordinal=23 kernel=finalize_resident_target threads=1 begin_tick=1943464720435833 end_tick=1943464720439000 ms_per_tick=9.9999999999999995e-07 device_ms=0.0031669999999999997
PRODUCER_KERNEL_V1 stage=2 raw_iteration=0 ordinal=24 kernel=identify_resident_target threads=1 begin_tick=1943464720439375 end_tick=1943464778350833 ms_per_tick=9.9999999999999995e-07 device_ms=57.911457999999996
PRODUCER_KERNEL_V1 stage=2 raw_iteration=0 ordinal=25 kernel=issue_resident_projection_consumer threads=1 begin_tick=1943464778365916 end_tick=1943464778370291 ms_per_tick=9.9999999999999995e-07 device_ms=0.0043749999999999995
PRODUCER_KERNEL_V1 stage=2 raw_iteration=0 ordinal=26 kernel=consume_resident_target threads=1 begin_tick=1943464778370666 end_tick=1943464816022500 ms_per_tick=9.9999999999999995e-07 device_ms=37.651834000000001
PRODUCER_KERNEL_V1 stage=2 raw_iteration=0 ordinal=27 kernel=owner_compose_target threads=504666 begin_tick=1943464816037250 end_tick=1943464816069000 ms_per_tick=9.9999999999999995e-07 device_ms=0.03175
PRODUCER_KERNEL_V1 stage=2 raw_iteration=0 ordinal=28 kernel=finalize_resident_target threads=1 begin_tick=1943464816069416 end_tick=1943464816072333 ms_per_tick=9.9999999999999995e-07 device_ms=0.0029169999999999999
PRODUCER_KERNEL_V1 stage=2 raw_iteration=0 ordinal=29 kernel=owner_identify_target threads=1 begin_tick=1943464816072875 end_tick=1943464867834708 ms_per_tick=9.9999999999999995e-07 device_ms=51.761832999999996
PRODUCER_KERNEL_V1 stage=2 raw_iteration=0 ordinal=30 kernel=issue_resident_projection_consumer threads=1 begin_tick=1943464867850375 end_tick=1943464867854541 ms_per_tick=9.9999999999999995e-07 device_ms=0.0041659999999999996
PRODUCER_KERNEL_V1 stage=2 raw_iteration=0 ordinal=31 kernel=consume_resident_target threads=1 begin_tick=1943464867855125 end_tick=1943464905414916 ms_per_tick=9.9999999999999995e-07 device_ms=37.559790999999997
PRODUCER_KERNEL_V1 stage=2 raw_iteration=0 ordinal=32 kernel=owner_issue_stage_seal threads=1 begin_tick=1943464905430375 end_tick=1943464905434208 ms_per_tick=9.9999999999999995e-07 device_ms=0.003833
PRODUCER_KERNEL_V1 stage=2 raw_iteration=0 ordinal=33 kernel=fct_compatible_stage_rate threads=1533387 begin_tick=1943464905833541 end_tick=1943464906350666 ms_per_tick=9.9999999999999995e-07 device_ms=0.51712499999999995
PRODUCER_KERNEL_V1 stage=2 raw_iteration=0 ordinal=34 kernel=owner_heun_momentum threads=1533387 begin_tick=1943464906351208 end_tick=1943464906443291 ms_per_tick=9.9999999999999995e-07 device_ms=0.092082999999999998
RISE_FIRE_OWNER_PROFILE_V1 {"scope":64,"parent":59,"phase":"BuildStageProducerGroup","stage":2,"raw_iteration":0,"iteration_kind":"picard","wall_ms":5361.061750000,"device_sum_ms":5278.000624850,"wall_minus_device_ms":83.061125150,"exclusive_wall_ms":5361.061750000,"exclusive_device_sum_ms":5278.000624850,"child_observer_wall_ms":0.000000000,"count_scope":"inclusive","owner_commits":1,"projection_invocations":0}
RISE_FIRE_OWNER_PROFILE_V1 {"scope":65,"parent":59,"phase":"Residual","stage":2,"raw_iteration":0,"iteration_kind":"picard","wall_ms":2.274125000,"device_sum_ms":0.022625085,"wall_minus_device_ms":2.251499915,"exclusive_wall_ms":2.274125000,"exclusive_device_sum_ms":0.022625085,"child_observer_wall_ms":0.000000000,"count_scope":"inclusive","owner_commits":1,"projection_invocations":0}
RISE_FIRE_OWNER_PROFILE_V1 {"scope":59,"parent":55,"phase":"PicardIteration","stage":2,"raw_iteration":0,"iteration_kind":"picard","wall_ms":5562.051333000,"device_sum_ms":5467.668875586,"wall_minus_device_ms":94.382457414,"exclusive_wall_ms":2.724834000,"exclusive_device_sum_ms":0.000000000,"child_observer_wall_ms":0.053874000,"count_scope":"inclusive","owner_commits":6,"projection_invocations":1}
RISE_FIRE_OWNER_PROFILE_V1 {"scope":68,"parent":67,"phase":"ProjectionAdapter","stage":2,"raw_iteration":1,"iteration_kind":"picard","wall_ms":192.596000000,"device_sum_ms":189.623791724,"wall_minus_device_ms":2.972208276,"exclusive_wall_ms":192.596000000,"exclusive_device_sum_ms":189.623791724,"child_observer_wall_ms":0.000000000,"count_scope":"inclusive","owner_commits":0,"projection_invocations":1}
RISE_FIRE_OWNER_PROFILE_V1 {"scope":67,"parent":66,"phase":"Project","stage":2,"raw_iteration":1,"iteration_kind":"picard","wall_ms":193.193209000,"device_sum_ms":189.673000015,"wall_minus_device_ms":3.520208985,"exclusive_wall_ms":0.572293000,"exclusive_device_sum_ms":0.049208291,"child_observer_wall_ms":0.024916000,"count_scope":"inclusive","owner_commits":2,"projection_invocations":1}
RISE_FIRE_OWNER_PROFILE_V1 {"scope":69,"parent":66,"phase":"ReadOpenClass","stage":2,"raw_iteration":1,"iteration_kind":"picard","wall_ms":0.163625000,"device_sum_ms":0.002625166,"wall_minus_device_ms":0.160999834,"exclusive_wall_ms":0.163625000,"exclusive_device_sum_ms":0.002625166,"child_observer_wall_ms":0.000000000,"count_scope":"inclusive","owner_commits":1,"projection_invocations":0}
RISE_FIRE_OWNER_PROFILE_V1 {"scope":70,"parent":66,"phase":"ReadOpenClass","stage":2,"raw_iteration":1,"iteration_kind":"picard","wall_ms":0.150625000,"device_sum_ms":0.002458226,"wall_minus_device_ms":0.148166774,"exclusive_wall_ms":0.150625000,"exclusive_device_sum_ms":0.002458226,"child_observer_wall_ms":0.000000000,"count_scope":"inclusive","owner_commits":1,"projection_invocations":0}
PRODUCER_COMMAND_V1 stage=2 raw_iteration=1 cpu_begin=1943465105319208 cpu_end=1943470461552750 gpu_begin=1943465105319208 gpu_end=1943470461552750 device_ms=5274.5959584135562 encoders=35 interval_scope=possibly_overlapping
PRODUCER_KERNEL_V1 stage=2 raw_iteration=1 ordinal=0 kernel=owner_pack_faces threads=1533387 begin_tick=1943465186958416 end_tick=1943465187009250 ms_per_tick=9.9999999999999995e-07 device_ms=0.050833999999999997
PRODUCER_KERNEL_V1 stage=2 raw_iteration=1 ordinal=1 kernel=owner_pack_faces threads=1533387 begin_tick=1943465187039166 end_tick=1943465187089833 ms_per_tick=9.9999999999999995e-07 device_ms=0.050666999999999997
PRODUCER_KERNEL_V1 stage=2 raw_iteration=1 ordinal=2 kernel=owner_pack_faces threads=1533387 begin_tick=1943465187169250 end_tick=1943465187248708 ms_per_tick=9.9999999999999995e-07 device_ms=0.079458000000000001
PRODUCER_KERNEL_V1 stage=2 raw_iteration=1 ordinal=3 kernel=fct_extract_gas_density threads=504666 begin_tick=1943465187195416 end_tick=1943465187241666 ms_per_tick=9.9999999999999995e-07 device_ms=0.046249999999999999
PRODUCER_KERNEL_V1 stage=2 raw_iteration=1 ordinal=4 kernel=owner_gas_source threads=504666 begin_tick=1943465187280458 end_tick=1943465187323791 ms_per_tick=9.9999999999999995e-07 device_ms=0.043332999999999997
PRODUCER_KERNEL_V1 stage=2 raw_iteration=1 ordinal=5 kernel=evaluate_resident_transport threads=504666 begin_tick=1943465187405375 end_tick=1943465187996833 ms_per_tick=9.9999999999999995e-07 device_ms=0.59145799999999993
PRODUCER_KERNEL_V1 stage=2 raw_iteration=1 ordinal=6 kernel=identify_resident_transport threads=1 begin_tick=1943465187997208 end_tick=1943465778419458 ms_per_tick=9.9999999999999995e-07 device_ms=590.42224999999996
PRODUCER_KERNEL_V1 stage=2 raw_iteration=1 ordinal=7 kernel=owner_bind_transport threads=1 begin_tick=1943465778435208 end_tick=1943465778438625 ms_per_tick=9.9999999999999995e-07 device_ms=0.0034169999999999999
PRODUCER_KERNEL_V1 stage=2 raw_iteration=1 ordinal=8 kernel=identify_resident_owner_endpoint_class threads=1 begin_tick=1943465778439041 end_tick=1943465780881000 ms_per_tick=9.9999999999999995e-07 device_ms=2.4419589999999998
PRODUCER_KERNEL_V1 stage=2 raw_iteration=1 ordinal=9 kernel=evaluate_resident_physical_flux threads=1533387 begin_tick=1943465780881583 end_tick=1943465782184583 ms_per_tick=9.9999999999999995e-07 device_ms=1.3029999999999999
PRODUCER_KERNEL_V1 stage=2 raw_iteration=1 ordinal=10 kernel=evaluate_resident_advective_pair threads=13800483 begin_tick=1943465782185125 end_tick=1943465790526291 ms_per_tick=9.9999999999999995e-07 device_ms=8.3411659999999994
PRODUCER_KERNEL_V1 stage=2 raw_iteration=1 ordinal=11 kernel=finalize_resident_advective_high threads=13800483 begin_tick=1943465790545958 end_tick=1943465790970750 ms_per_tick=9.9999999999999995e-07 device_ms=0.424792
PRODUCER_KERNEL_V1 stage=2 raw_iteration=1 ordinal=12 kernel=compose_resident_flux_pair threads=13800483 begin_tick=1943465790971125 end_tick=1943465791855500 ms_per_tick=9.9999999999999995e-07 device_ms=0.88437499999999991
PRODUCER_KERNEL_V1 stage=2 raw_iteration=1 ordinal=13 kernel=validate_resident_physical_flux threads=13800483 begin_tick=1943465791856000 end_tick=1943465792698958 ms_per_tick=9.9999999999999995e-07 device_ms=0.84295799999999999
PRODUCER_KERNEL_V1 stage=2 raw_iteration=1 ordinal=14 kernel=identify_resident_physical_flux threads=1 begin_tick=1943465792699541 end_tick=1943469034586750 ms_per_tick=9.9999999999999995e-07 device_ms=3241.887209
PRODUCER_KERNEL_V1 stage=2 raw_iteration=1 ordinal=15 kernel=owner_bind_candidate threads=1 begin_tick=1943469034601791 end_tick=1943469476416833 ms_per_tick=9.9999999999999995e-07 device_ms=441.81504200000001
PRODUCER_KERNEL_V1 stage=2 raw_iteration=1 ordinal=16 kernel=finalize_resident_eos_candidate threads=1 begin_tick=1943469476432916 end_tick=1943469476435833 ms_per_tick=9.9999999999999995e-07 device_ms=0.0029169999999999999
PRODUCER_KERNEL_V1 stage=2 raw_iteration=1 ordinal=17 kernel=evaluate_resident_eos_candidate threads=504666 begin_tick=1943469476436375 end_tick=1943470070052291 ms_per_tick=9.9999999999999995e-07 device_ms=593.61591599999997
PRODUCER_KERNEL_V1 stage=2 raw_iteration=1 ordinal=18 kernel=finalize_resident_eos_candidate threads=1 begin_tick=1943470070067833 end_tick=1943470070070583 ms_per_tick=9.9999999999999995e-07 device_ms=0.0027499999999999998
PRODUCER_KERNEL_V1 stage=2 raw_iteration=1 ordinal=19 kernel=identify_resident_eos threads=1 begin_tick=1943470070070875 end_tick=1943470113141166 ms_per_tick=9.9999999999999995e-07 device_ms=43.070290999999997
PRODUCER_KERNEL_V1 stage=2 raw_iteration=1 ordinal=20 kernel=produce_resident_frozen_source threads=504666 begin_tick=1943470113141791 end_tick=1943470113172625 ms_per_tick=9.9999999999999995e-07 device_ms=0.030834
PRODUCER_KERNEL_V1 stage=2 raw_iteration=1 ordinal=21 kernel=identify_resident_frozen_source threads=1 begin_tick=1943470113173291 end_tick=1943470149368958 ms_per_tick=9.9999999999999995e-07 device_ms=36.195667
PRODUCER_KERNEL_V1 stage=2 raw_iteration=1 ordinal=22 kernel=evaluate_resident_target_terms threads=504666 begin_tick=1943470149384791 end_tick=1943470275433375 ms_per_tick=9.9999999999999995e-07 device_ms=126.04858399999999
PRODUCER_KERNEL_V1 stage=2 raw_iteration=1 ordinal=23 kernel=finalize_resident_target threads=1 begin_tick=1943470275448666 end_tick=1943470275452083 ms_per_tick=9.9999999999999995e-07 device_ms=0.0034169999999999999
PRODUCER_KERNEL_V1 stage=2 raw_iteration=1 ordinal=24 kernel=identify_resident_target threads=1 begin_tick=1943470275452375 end_tick=1943470333319000 ms_per_tick=9.9999999999999995e-07 device_ms=57.866624999999999
PRODUCER_KERNEL_V1 stage=2 raw_iteration=1 ordinal=25 kernel=issue_resident_projection_consumer threads=1 begin_tick=1943470333334833 end_tick=1943470333339000 ms_per_tick=9.9999999999999995e-07 device_ms=0.0041669999999999997
PRODUCER_KERNEL_V1 stage=2 raw_iteration=1 ordinal=26 kernel=consume_resident_target threads=1 begin_tick=1943470333339291 end_tick=1943470371013125 ms_per_tick=9.9999999999999995e-07 device_ms=37.673833999999999
PRODUCER_KERNEL_V1 stage=2 raw_iteration=1 ordinal=27 kernel=owner_compose_target threads=504666 begin_tick=1943470371026958 end_tick=1943470371485208 ms_per_tick=9.9999999999999995e-07 device_ms=0.45824999999999999
PRODUCER_KERNEL_V1 stage=2 raw_iteration=1 ordinal=28 kernel=finalize_resident_target threads=1 begin_tick=1943470371509041 end_tick=1943470371512166 ms_per_tick=9.9999999999999995e-07 device_ms=0.0031249999999999997
PRODUCER_KERNEL_V1 stage=2 raw_iteration=1 ordinal=29 kernel=owner_identify_target threads=1 begin_tick=1943470371512583 end_tick=1943470422995458 ms_per_tick=9.9999999999999995e-07 device_ms=51.482875
PRODUCER_KERNEL_V1 stage=2 raw_iteration=1 ordinal=30 kernel=issue_resident_projection_consumer threads=1 begin_tick=1943470423010875 end_tick=1943470423014916 ms_per_tick=9.9999999999999995e-07 device_ms=0.0040409999999999995
PRODUCER_KERNEL_V1 stage=2 raw_iteration=1 ordinal=31 kernel=consume_resident_target threads=1 begin_tick=1943470423015458 end_tick=1943470460422750 ms_per_tick=9.9999999999999995e-07 device_ms=37.407291999999998
PRODUCER_KERNEL_V1 stage=2 raw_iteration=1 ordinal=32 kernel=owner_issue_stage_seal threads=1 begin_tick=1943470460423458 end_tick=1943470460426958 ms_per_tick=9.9999999999999995e-07 device_ms=0.0034999999999999996
PRODUCER_KERNEL_V1 stage=2 raw_iteration=1 ordinal=33 kernel=fct_compatible_stage_rate threads=1533387 begin_tick=1943470460820666 end_tick=1943470461335916 ms_per_tick=9.9999999999999995e-07 device_ms=0.51524999999999999
PRODUCER_KERNEL_V1 stage=2 raw_iteration=1 ordinal=34 kernel=owner_heun_momentum threads=1533387 begin_tick=1943470461336416 end_tick=1943470461428000 ms_per_tick=9.9999999999999995e-07 device_ms=0.091583999999999999
RISE_FIRE_OWNER_PROFILE_V1 {"scope":71,"parent":66,"phase":"BuildStageProducerGroup","stage":2,"raw_iteration":1,"iteration_kind":"picard","wall_ms":5356.426500000,"device_sum_ms":5274.595958414,"wall_minus_device_ms":81.830541586,"exclusive_wall_ms":5356.426500000,"exclusive_device_sum_ms":5274.595958414,"child_observer_wall_ms":0.000000000,"count_scope":"inclusive","owner_commits":1,"projection_invocations":0}
RISE_FIRE_OWNER_PROFILE_V1 {"scope":72,"parent":66,"phase":"Residual","stage":2,"raw_iteration":1,"iteration_kind":"picard","wall_ms":2.490458000,"device_sum_ms":0.188875012,"wall_minus_device_ms":2.301582988,"exclusive_wall_ms":2.490458000,"exclusive_device_sum_ms":0.188875012,"child_observer_wall_ms":0.000000000,"count_scope":"inclusive","owner_commits":1,"projection_invocations":0}
RISE_FIRE_OWNER_PROFILE_V1 {"scope":75,"parent":74,"phase":"ProjectionAdapter","stage":2,"raw_iteration":2147483649,"iteration_kind":"terminal","wall_ms":193.549667000,"device_sum_ms":190.654124832,"wall_minus_device_ms":2.895542168,"exclusive_wall_ms":193.549667000,"exclusive_device_sum_ms":190.654124832,"child_observer_wall_ms":0.000000000,"count_scope":"inclusive","owner_commits":0,"projection_invocations":1}
RISE_FIRE_OWNER_PROFILE_V1 {"scope":74,"parent":73,"phase":"Project","stage":2,"raw_iteration":2147483649,"iteration_kind":"terminal","wall_ms":194.135458000,"device_sum_ms":190.694583114,"wall_minus_device_ms":3.440874886,"exclusive_wall_ms":0.553083000,"exclusive_device_sum_ms":0.040458282,"child_observer_wall_ms":0.032708000,"count_scope":"inclusive","owner_commits":2,"projection_invocations":1}
RISE_FIRE_OWNER_PROFILE_V1 {"scope":76,"parent":73,"phase":"ReadOpenClass","stage":2,"raw_iteration":2147483649,"iteration_kind":"terminal","wall_ms":0.172459000,"device_sum_ms":0.002625166,"wall_minus_device_ms":0.169833834,"exclusive_wall_ms":0.172459000,"exclusive_device_sum_ms":0.002625166,"child_observer_wall_ms":0.000000000,"count_scope":"inclusive","owner_commits":1,"projection_invocations":0}
RISE_FIRE_OWNER_PROFILE_V1 {"scope":77,"parent":73,"phase":"ReadOpenClass","stage":2,"raw_iteration":2147483649,"iteration_kind":"terminal","wall_ms":0.153084000,"device_sum_ms":0.002500135,"wall_minus_device_ms":0.150583865,"exclusive_wall_ms":0.153084000,"exclusive_device_sum_ms":0.002500135,"child_observer_wall_ms":0.000000000,"count_scope":"inclusive","owner_commits":1,"projection_invocations":0}
PRODUCER_COMMAND_V1 stage=2 raw_iteration=2147483649 cpu_begin=1943470658751208 cpu_end=1943476022015875 gpu_begin=1943470658751208 gpu_end=1943476022015875 device_ms=5281.7743751220405 encoders=35 interval_scope=possibly_overlapping
PRODUCER_KERNEL_V1 stage=2 raw_iteration=2147483649 ordinal=0 kernel=owner_pack_faces threads=1533387 begin_tick=1943470740279250 end_tick=1943470740335250 ms_per_tick=9.9999999999999995e-07 device_ms=0.055999999999999994
PRODUCER_KERNEL_V1 stage=2 raw_iteration=2147483649 ordinal=1 kernel=owner_pack_faces threads=1533387 begin_tick=1943470740438416 end_tick=1943470740489250 ms_per_tick=9.9999999999999995e-07 device_ms=0.050833999999999997
PRODUCER_KERNEL_V1 stage=2 raw_iteration=2147483649 ordinal=2 kernel=owner_pack_faces threads=1533387 begin_tick=1943470740598500 end_tick=1943470740669750 ms_per_tick=9.9999999999999995e-07 device_ms=0.071249999999999994
PRODUCER_KERNEL_V1 stage=2 raw_iteration=2147483649 ordinal=3 kernel=fct_extract_gas_density threads=504666 begin_tick=1943470740608916 end_tick=1943470740655125 ms_per_tick=9.9999999999999995e-07 device_ms=0.046209
PRODUCER_KERNEL_V1 stage=2 raw_iteration=2147483649 ordinal=4 kernel=owner_gas_source threads=504666 begin_tick=1943470740866541 end_tick=1943470740905500 ms_per_tick=9.9999999999999995e-07 device_ms=0.038959000000000001
PRODUCER_KERNEL_V1 stage=2 raw_iteration=2147483649 ordinal=5 kernel=evaluate_resident_transport threads=504666 begin_tick=1943470740980000 end_tick=1943470741574666 ms_per_tick=9.9999999999999995e-07 device_ms=0.59466600000000003
PRODUCER_KERNEL_V1 stage=2 raw_iteration=2147483649 ordinal=6 kernel=identify_resident_transport threads=1 begin_tick=1943470741575000 end_tick=1943471331386875 ms_per_tick=9.9999999999999995e-07 device_ms=589.81187499999999
PRODUCER_KERNEL_V1 stage=2 raw_iteration=2147483649 ordinal=7 kernel=owner_bind_transport threads=1 begin_tick=1943471331401833 end_tick=1943471331405041 ms_per_tick=9.9999999999999995e-07 device_ms=0.0032079999999999999
PRODUCER_KERNEL_V1 stage=2 raw_iteration=2147483649 ordinal=8 kernel=identify_resident_owner_endpoint_class threads=1 begin_tick=1943471331405333 end_tick=1943471333819875 ms_per_tick=9.9999999999999995e-07 device_ms=2.414542
PRODUCER_KERNEL_V1 stage=2 raw_iteration=2147483649 ordinal=9 kernel=evaluate_resident_physical_flux threads=1533387 begin_tick=1943471333820333 end_tick=1943471335127666 ms_per_tick=9.9999999999999995e-07 device_ms=1.3073329999999999
PRODUCER_KERNEL_V1 stage=2 raw_iteration=2147483649 ordinal=10 kernel=evaluate_resident_advective_pair threads=13800483 begin_tick=1943471335128208 end_tick=1943471343492458 ms_per_tick=9.9999999999999995e-07 device_ms=8.3642500000000002
PRODUCER_KERNEL_V1 stage=2 raw_iteration=2147483649 ordinal=11 kernel=finalize_resident_advective_high threads=13800483 begin_tick=1943471343508875 end_tick=1943471343927000 ms_per_tick=9.9999999999999995e-07 device_ms=0.41812499999999997
PRODUCER_KERNEL_V1 stage=2 raw_iteration=2147483649 ordinal=12 kernel=compose_resident_flux_pair threads=13800483 begin_tick=1943471343927416 end_tick=1943471344809250 ms_per_tick=9.9999999999999995e-07 device_ms=0.88183400000000001
PRODUCER_KERNEL_V1 stage=2 raw_iteration=2147483649 ordinal=13 kernel=validate_resident_physical_flux threads=13800483 begin_tick=1943471344809833 end_tick=1943471345638166 ms_per_tick=9.9999999999999995e-07 device_ms=0.82833299999999999
PRODUCER_KERNEL_V1 stage=2 raw_iteration=2147483649 ordinal=14 kernel=identify_resident_physical_flux threads=1 begin_tick=1943471345638708 end_tick=1943474581880250 ms_per_tick=9.9999999999999995e-07 device_ms=3236.2415419999998
PRODUCER_KERNEL_V1 stage=2 raw_iteration=2147483649 ordinal=15 kernel=owner_bind_candidate threads=1 begin_tick=1943474581895541 end_tick=1943475023943208 ms_per_tick=9.9999999999999995e-07 device_ms=442.04766699999999
PRODUCER_KERNEL_V1 stage=2 raw_iteration=2147483649 ordinal=16 kernel=finalize_resident_eos_candidate threads=1 begin_tick=1943475023961708 end_tick=1943475023964708 ms_per_tick=9.9999999999999995e-07 device_ms=0.0030000000000000001
PRODUCER_KERNEL_V1 stage=2 raw_iteration=2147483649 ordinal=17 kernel=evaluate_resident_eos_candidate threads=504666 begin_tick=1943475023965416 end_tick=1943475632523500 ms_per_tick=9.9999999999999995e-07 device_ms=608.55808400000001
PRODUCER_KERNEL_V1 stage=2 raw_iteration=2147483649 ordinal=18 kernel=finalize_resident_eos_candidate threads=1 begin_tick=1943475632538291 end_tick=1943475632540833 ms_per_tick=9.9999999999999995e-07 device_ms=0.002542
PRODUCER_KERNEL_V1 stage=2 raw_iteration=2147483649 ordinal=19 kernel=identify_resident_eos threads=1 begin_tick=1943475632541291 end_tick=1943475676839625 ms_per_tick=9.9999999999999995e-07 device_ms=44.298333999999997
PRODUCER_KERNEL_V1 stage=2 raw_iteration=2147483649 ordinal=20 kernel=produce_resident_frozen_source threads=504666 begin_tick=1943475676854791 end_tick=1943475676886083 ms_per_tick=9.9999999999999995e-07 device_ms=0.031292
PRODUCER_KERNEL_V1 stage=2 raw_iteration=2147483649 ordinal=21 kernel=identify_resident_frozen_source threads=1 begin_tick=1943475676886750 end_tick=1943475713074750 ms_per_tick=9.9999999999999995e-07 device_ms=36.187999999999995
PRODUCER_KERNEL_V1 stage=2 raw_iteration=2147483649 ordinal=22 kernel=evaluate_resident_target_terms threads=504666 begin_tick=1943475713090666 end_tick=1943475836846333 ms_per_tick=9.9999999999999995e-07 device_ms=123.75566699999999
PRODUCER_KERNEL_V1 stage=2 raw_iteration=2147483649 ordinal=23 kernel=finalize_resident_target threads=1 begin_tick=1943475836861375 end_tick=1943475836864625 ms_per_tick=9.9999999999999995e-07 device_ms=0.0032499999999999999
PRODUCER_KERNEL_V1 stage=2 raw_iteration=2147483649 ordinal=24 kernel=identify_resident_target threads=1 begin_tick=1943475836864916 end_tick=1943475894589583 ms_per_tick=9.9999999999999995e-07 device_ms=57.724666999999997
PRODUCER_KERNEL_V1 stage=2 raw_iteration=2147483649 ordinal=25 kernel=issue_resident_projection_consumer threads=1 begin_tick=1943475894604208 end_tick=1943475894608208 ms_per_tick=9.9999999999999995e-07 device_ms=0.0040000000000000001
PRODUCER_KERNEL_V1 stage=2 raw_iteration=2147483649 ordinal=26 kernel=consume_resident_target threads=1 begin_tick=1943475894608500 end_tick=1943475932029833 ms_per_tick=9.9999999999999995e-07 device_ms=37.421332999999997
PRODUCER_KERNEL_V1 stage=2 raw_iteration=2147483649 ordinal=27 kernel=owner_compose_target threads=504666 begin_tick=1943475932044916 end_tick=1943475932075833 ms_per_tick=9.9999999999999995e-07 device_ms=0.030917
PRODUCER_KERNEL_V1 stage=2 raw_iteration=2147483649 ordinal=28 kernel=finalize_resident_target threads=1 begin_tick=1943475932076250 end_tick=1943475932079250 ms_per_tick=9.9999999999999995e-07 device_ms=0.0030000000000000001
PRODUCER_KERNEL_V1 stage=2 raw_iteration=2147483649 ordinal=29 kernel=owner_identify_target threads=1 begin_tick=1943475932079791 end_tick=1943475983428750 ms_per_tick=9.9999999999999995e-07 device_ms=51.348959000000001
PRODUCER_KERNEL_V1 stage=2 raw_iteration=2147483649 ordinal=30 kernel=issue_resident_projection_consumer threads=1 begin_tick=1943475983444791 end_tick=1943475983448958 ms_per_tick=9.9999999999999995e-07 device_ms=0.0041669999999999997
PRODUCER_KERNEL_V1 stage=2 raw_iteration=2147483649 ordinal=31 kernel=consume_resident_target threads=1 begin_tick=1943475983449541 end_tick=1943476020877416 ms_per_tick=9.9999999999999995e-07 device_ms=37.427875
PRODUCER_KERNEL_V1 stage=2 raw_iteration=2147483649 ordinal=32 kernel=owner_issue_stage_seal threads=1 begin_tick=1943476020878166 end_tick=1943476020882041 ms_per_tick=9.9999999999999995e-07 device_ms=0.003875
PRODUCER_KERNEL_V1 stage=2 raw_iteration=2147483649 ordinal=33 kernel=fct_compatible_stage_rate threads=1533387 begin_tick=1943476021280166 end_tick=1943476021805166 ms_per_tick=9.9999999999999995e-07 device_ms=0.52500000000000002
PRODUCER_KERNEL_V1 stage=2 raw_iteration=2147483649 ordinal=34 kernel=owner_heun_momentum threads=1533387 begin_tick=1943476021805583 end_tick=1943476021898000 ms_per_tick=9.9999999999999995e-07 device_ms=0.092416999999999999
RISE_FIRE_OWNER_PROFILE_V1 {"scope":78,"parent":73,"phase":"BuildStageProducerGroup","stage":2,"raw_iteration":2147483649,"iteration_kind":"terminal","wall_ms":5363.448458000,"device_sum_ms":5281.774375122,"wall_minus_device_ms":81.674082878,"exclusive_wall_ms":5363.448458000,"exclusive_device_sum_ms":5281.774375122,"child_observer_wall_ms":0.000000000,"count_scope":"inclusive","owner_commits":1,"projection_invocations":0}
RISE_FIRE_OWNER_PROFILE_V1 {"scope":79,"parent":73,"phase":"Residual","stage":2,"raw_iteration":2147483649,"iteration_kind":"terminal","wall_ms":2.525000000,"device_sum_ms":0.234958250,"wall_minus_device_ms":2.290041750,"exclusive_wall_ms":2.525000000,"exclusive_device_sum_ms":0.234958250,"child_observer_wall_ms":0.000000000,"count_scope":"inclusive","owner_commits":1,"projection_invocations":0}
RISE_FIRE_OWNER_PROFILE_V1 {"scope":73,"parent":66,"phase":"TerminalVerification","stage":2,"raw_iteration":2147483649,"iteration_kind":"terminal","wall_ms":5560.495166000,"device_sum_ms":5472.709041787,"wall_minus_device_ms":87.786124213,"exclusive_wall_ms":0.004459000,"exclusive_device_sum_ms":0.000000000,"child_observer_wall_ms":0.056248000,"count_scope":"inclusive","owner_commits":6,"projection_invocations":1}
RISE_FIRE_OWNER_PROFILE_V1 {"scope":66,"parent":55,"phase":"PicardIteration","stage":2,"raw_iteration":1,"iteration_kind":"picard","wall_ms":11115.176875000,"device_sum_ms":10937.171958620,"wall_minus_device_ms":178.004916380,"exclusive_wall_ms":2.200710000,"exclusive_device_sum_ms":0.000000000,"child_observer_wall_ms":0.056582000,"count_scope":"inclusive","owner_commits":12,"projection_invocations":2}
RISE_FIRE_OWNER_PROFILE_V1 {"scope":55,"parent":1,"phase":"SolveStage","stage":2,"raw_iteration":4294967295,"iteration_kind":"bootstrap","wall_ms":22226.883458000,"device_sum_ms":21866.647876101,"wall_minus_device_ms":360.235581899,"exclusive_wall_ms":2.076001000,"exclusive_device_sum_ms":0.000000000,"child_observer_wall_ms":0.033291000,"count_scope":"inclusive","owner_commits":21,"projection_invocations":4}
RISE_FIRE_OWNER_PROFILE_V1 {"scope":80,"parent":1,"phase":"TerminalPublication","stage":4294967295,"raw_iteration":4294967295,"iteration_kind":"owner","wall_ms":13.654334000,"device_sum_ms":4.248874960,"wall_minus_device_ms":9.405459040,"exclusive_wall_ms":13.654334000,"exclusive_device_sum_ms":4.248874960,"child_observer_wall_ms":0.000000000,"count_scope":"inclusive","owner_commits":1,"projection_invocations":0}
RISE_FIRE_OWNER_PROFILE_V1 {"scope":1,"parent":0,"phase":"OwnerRun","stage":4294967295,"raw_iteration":4294967295,"iteration_kind":"owner","wall_ms":71822.885292000,"device_sum_ms":70609.042918077,"wall_minus_device_ms":1213.842373923,"exclusive_wall_ms":6.285291000,"exclusive_device_sum_ms":0.176458154,"child_observer_wall_ms":0.087625000,"count_scope":"inclusive","owner_commits":68,"projection_invocations":12}
capstone accepted step=1 time=0.00164626597 dt=0.00164626597 Tmax=302.592941 qmax=0 eos_max=1.45011372e-05 approach_eos_max=1.45011372e-05 limiter_class=continuous limiter_discrepancy=0 active_set_class=continuous active_set_discrepancy=0 active_set_cycle=0 active_set_faces=0
capstone step-start=1 speed=0.129151717 gprime=0.0884640856 nu=8.61405907e-05 selected=0.00181089257 previous=0.00164626597
capstone event-step=0.00164626597 pilot_ceiling=0.0115509308 ramp_end=0.209320803
RISE_FIRE_OWNER_PROFILE_V1 {"scope":2,"parent":1,"phase":"Prepare","stage":4294967295,"raw_iteration":4294967295,"iteration_kind":"owner","wall_ms":513.484166000,"device_sum_ms":423.184749903,"wall_minus_device_ms":90.299416097,"exclusive_wall_ms":513.484166000,"exclusive_device_sum_ms":423.184749903,"child_observer_wall_ms":0.000000000,"count_scope":"inclusive","owner_commits":1,"projection_invocations":0}
RISE_FIRE_OWNER_PROFILE_V1 {"scope":5,"parent":4,"phase":"ProjectionAdapter","stage":0,"raw_iteration":4294967295,"iteration_kind":"bootstrap","wall_ms":190.590709000,"device_sum_ms":187.452416634,"wall_minus_device_ms":3.138292366,"exclusive_wall_ms":190.590709000,"exclusive_device_sum_ms":187.452416634,"child_observer_wall_ms":0.000000000,"count_scope":"inclusive","owner_commits":0,"projection_invocations":1}
RISE_FIRE_OWNER_PROFILE_V1 {"scope":4,"parent":3,"phase":"Project","stage":0,"raw_iteration":4294967295,"iteration_kind":"bootstrap","wall_ms":191.857916000,"device_sum_ms":188.021374866,"wall_minus_device_ms":3.836541134,"exclusive_wall_ms":1.245832000,"exclusive_device_sum_ms":0.568958232,"child_observer_wall_ms":0.021375000,"count_scope":"inclusive","owner_commits":2,"projection_invocations":1}
PRODUCER_COMMAND_V1 stage=0 raw_iteration=4294967295 cpu_begin=1943477878647250 cpu_end=1943483255225208 gpu_begin=1943477878647250 gpu_end=1943483255225208 device_ms=5294.5904999505728 encoders=38 interval_scope=possibly_overlapping
PRODUCER_KERNEL_V1 stage=0 raw_iteration=4294967295 ordinal=0 kernel=owner_pack_faces threads=1533387 begin_tick=1943477960532125 end_tick=1943477960590166 ms_per_tick=9.9999999999999995e-07 device_ms=0.058040999999999995
PRODUCER_KERNEL_V1 stage=0 raw_iteration=4294967295 ordinal=1 kernel=owner_pack_faces threads=1533387 begin_tick=1943477960590166 end_tick=1943477961052541 ms_per_tick=9.9999999999999995e-07 device_ms=0.46237499999999998
PRODUCER_KERNEL_V1 stage=0 raw_iteration=4294967295 ordinal=2 kernel=owner_pack_faces threads=1533387 begin_tick=1943477960529833 end_tick=1943477960590375 ms_per_tick=9.9999999999999995e-07 device_ms=0.060541999999999999
PRODUCER_KERNEL_V1 stage=0 raw_iteration=4294967295 ordinal=3 kernel=fct_extract_gas_density threads=504666 begin_tick=1943477960590666 end_tick=1943477960638041 ms_per_tick=9.9999999999999995e-07 device_ms=0.047375
PRODUCER_KERNEL_V1 stage=0 raw_iteration=4294967295 ordinal=4 kernel=owner_gas_source threads=504666 begin_tick=1943477961052833 end_tick=1943477961223291 ms_per_tick=9.9999999999999995e-07 device_ms=0.170458
PRODUCER_KERNEL_V1 stage=0 raw_iteration=4294967295 ordinal=5 kernel=evaluate_resident_transport threads=504666 begin_tick=1943477960638041 end_tick=1943477961236166 ms_per_tick=9.9999999999999995e-07 device_ms=0.59812500000000002
PRODUCER_KERNEL_V1 stage=0 raw_iteration=4294967295 ordinal=6 kernel=identify_resident_transport threads=1 begin_tick=1943477961236583 end_tick=1943478551173625 ms_per_tick=9.9999999999999995e-07 device_ms=589.93704200000002
PRODUCER_KERNEL_V1 stage=0 raw_iteration=4294967295 ordinal=7 kernel=owner_bind_transport threads=1 begin_tick=1943478551189125 end_tick=1943478551192541 ms_per_tick=9.9999999999999995e-07 device_ms=0.0034159999999999998
PRODUCER_KERNEL_V1 stage=0 raw_iteration=4294967295 ordinal=8 kernel=identify_resident_owner_endpoint_class threads=1 begin_tick=1943478551192833 end_tick=1943478553982500 ms_per_tick=9.9999999999999995e-07 device_ms=2.7896669999999997
PRODUCER_KERNEL_V1 stage=0 raw_iteration=4294967295 ordinal=9 kernel=evaluate_resident_physical_flux threads=1533387 begin_tick=1943478553997166 end_tick=1943478555141416 ms_per_tick=9.9999999999999995e-07 device_ms=1.14425
PRODUCER_KERNEL_V1 stage=0 raw_iteration=4294967295 ordinal=10 kernel=evaluate_resident_advective_pair threads=13800483 begin_tick=1943478555141958 end_tick=1943478562213708 ms_per_tick=9.9999999999999995e-07 device_ms=7.0717499999999998
PRODUCER_KERNEL_V1 stage=0 raw_iteration=4294967295 ordinal=11 kernel=finalize_resident_advective_high threads=13800483 begin_tick=1943478562214458 end_tick=1943478562635791 ms_per_tick=9.9999999999999995e-07 device_ms=0.42133299999999996
PRODUCER_KERNEL_V1 stage=0 raw_iteration=4294967295 ordinal=12 kernel=compose_resident_flux_pair threads=13800483 begin_tick=1943478562636166 end_tick=1943478563525833 ms_per_tick=9.9999999999999995e-07 device_ms=0.88966699999999999
PRODUCER_KERNEL_V1 stage=0 raw_iteration=4294967295 ordinal=13 kernel=validate_resident_physical_flux threads=13800483 begin_tick=1943478563526333 end_tick=1943478564376083 ms_per_tick=9.9999999999999995e-07 device_ms=0.84975000000000001
PRODUCER_KERNEL_V1 stage=0 raw_iteration=4294967295 ordinal=14 kernel=identify_resident_physical_flux threads=1 begin_tick=1943478564376541 end_tick=1943481808385375 ms_per_tick=9.9999999999999995e-07 device_ms=3244.0088339999998
PRODUCER_KERNEL_V1 stage=0 raw_iteration=4294967295 ordinal=15 kernel=fct_build_ratios threads=5551326 begin_tick=1943481808402791 end_tick=1943481811991958 ms_per_tick=9.9999999999999995e-07 device_ms=3.5891669999999998
PRODUCER_KERNEL_V1 stage=0 raw_iteration=4294967295 ordinal=16 kernel=fct_build_face_alpha threads=1533387 begin_tick=1943481811992458 end_tick=1943481812258250 ms_per_tick=9.9999999999999995e-07 device_ms=0.26579199999999997
PRODUCER_KERNEL_V1 stage=0 raw_iteration=4294967295 ordinal=17 kernel=fct_commit_scalar threads=504666 begin_tick=1943481812258666 end_tick=1943481812448625 ms_per_tick=9.9999999999999995e-07 device_ms=0.18995899999999999
PRODUCER_KERNEL_V1 stage=0 raw_iteration=4294967295 ordinal=18 kernel=owner_bind_candidate threads=1 begin_tick=1943481812449208 end_tick=1943482254708791 ms_per_tick=9.9999999999999995e-07 device_ms=442.25958299999996
PRODUCER_KERNEL_V1 stage=0 raw_iteration=4294967295 ordinal=19 kernel=finalize_resident_eos_candidate threads=1 begin_tick=1943482254722625 end_tick=1943482254743000 ms_per_tick=9.9999999999999995e-07 device_ms=0.020375000000000001
PRODUCER_KERNEL_V1 stage=0 raw_iteration=4294967295 ordinal=20 kernel=evaluate_resident_eos_candidate threads=504666 begin_tick=1943482254743375 end_tick=1943482864330583 ms_per_tick=9.9999999999999995e-07 device_ms=609.58720799999992
PRODUCER_KERNEL_V1 stage=0 raw_iteration=4294967295 ordinal=21 kernel=finalize_resident_eos_candidate threads=1 begin_tick=1943482864346708 end_tick=1943482864349291 ms_per_tick=9.9999999999999995e-07 device_ms=0.0025829999999999998
PRODUCER_KERNEL_V1 stage=0 raw_iteration=4294967295 ordinal=22 kernel=identify_resident_eos threads=1 begin_tick=1943482864349541 end_tick=1943482908487083 ms_per_tick=9.9999999999999995e-07 device_ms=44.137541999999996
PRODUCER_KERNEL_V1 stage=0 raw_iteration=4294967295 ordinal=23 kernel=produce_resident_frozen_source threads=504666 begin_tick=1943482908502208 end_tick=1943482908533500 ms_per_tick=9.9999999999999995e-07 device_ms=0.031292
PRODUCER_KERNEL_V1 stage=0 raw_iteration=4294967295 ordinal=24 kernel=identify_resident_frozen_source threads=1 begin_tick=1943482908533833 end_tick=1943482943547916 ms_per_tick=9.9999999999999995e-07 device_ms=35.014082999999999
PRODUCER_KERNEL_V1 stage=0 raw_iteration=4294967295 ordinal=25 kernel=evaluate_resident_target_terms threads=504666 begin_tick=1943482943563208 end_tick=1943483069081416 ms_per_tick=9.9999999999999995e-07 device_ms=125.518208
PRODUCER_KERNEL_V1 stage=0 raw_iteration=4294967295 ordinal=26 kernel=finalize_resident_target threads=1 begin_tick=1943483069095875 end_tick=1943483069099125 ms_per_tick=9.9999999999999995e-07 device_ms=0.0032499999999999999
PRODUCER_KERNEL_V1 stage=0 raw_iteration=4294967295 ordinal=27 kernel=identify_resident_target threads=1 begin_tick=1943483069099541 end_tick=1943483127567875 ms_per_tick=9.9999999999999995e-07 device_ms=58.468333999999999
PRODUCER_KERNEL_V1 stage=0 raw_iteration=4294967295 ordinal=28 kernel=issue_resident_projection_consumer threads=1 begin_tick=1943483127583500 end_tick=1943483127587500 ms_per_tick=9.9999999999999995e-07 device_ms=0.0040000000000000001
PRODUCER_KERNEL_V1 stage=0 raw_iteration=4294967295 ordinal=29 kernel=consume_resident_target threads=1 begin_tick=1943483127587791 end_tick=1943483165025500 ms_per_tick=9.9999999999999995e-07 device_ms=37.437708999999998
PRODUCER_KERNEL_V1 stage=0 raw_iteration=4294967295 ordinal=30 kernel=owner_compose_target threads=504666 begin_tick=1943483165040875 end_tick=1943483165072083 ms_per_tick=9.9999999999999995e-07 device_ms=0.031208
PRODUCER_KERNEL_V1 stage=0 raw_iteration=4294967295 ordinal=31 kernel=finalize_resident_target threads=1 begin_tick=1943483165072458 end_tick=1943483165075208 ms_per_tick=9.9999999999999995e-07 device_ms=0.0027499999999999998
PRODUCER_KERNEL_V1 stage=0 raw_iteration=4294967295 ordinal=32 kernel=owner_identify_target threads=1 begin_tick=1943483165075583 end_tick=1943483216718333 ms_per_tick=9.9999999999999995e-07 device_ms=51.642749999999999
PRODUCER_KERNEL_V1 stage=0 raw_iteration=4294967295 ordinal=33 kernel=issue_resident_projection_consumer threads=1 begin_tick=1943483216734458 end_tick=1943483216738666 ms_per_tick=9.9999999999999995e-07 device_ms=0.0042079999999999999
PRODUCER_KERNEL_V1 stage=0 raw_iteration=4294967295 ordinal=34 kernel=consume_resident_target threads=1 begin_tick=1943483216739041 end_tick=1943483253968333 ms_per_tick=9.9999999999999995e-07 device_ms=37.229292000000001
PRODUCER_KERNEL_V1 stage=0 raw_iteration=4294967295 ordinal=35 kernel=owner_issue_stage_seal threads=1 begin_tick=1943483253968875 end_tick=1943483254036958 ms_per_tick=9.9999999999999995e-07 device_ms=0.068082999999999991
PRODUCER_KERNEL_V1 stage=0 raw_iteration=4294967295 ordinal=36 kernel=fct_compatible_stage_rate threads=1533387 begin_tick=1943483254540500 end_tick=1943483255065208 ms_per_tick=9.9999999999999995e-07 device_ms=0.52470799999999995
PRODUCER_KERNEL_V1 stage=0 raw_iteration=4294967295 ordinal=37 kernel=owner_predict_momentum threads=1533387 begin_tick=1943483255065625 end_tick=1943483255114250 ms_per_tick=9.9999999999999995e-07 device_ms=0.048624999999999995
RISE_FIRE_OWNER_PROFILE_V1 {"scope":6,"parent":3,"phase":"BuildStageProducerGroup","stage":0,"raw_iteration":4294967295,"iteration_kind":"bootstrap","wall_ms":5376.791417000,"device_sum_ms":5294.590499951,"wall_minus_device_ms":82.200917049,"exclusive_wall_ms":5376.791417000,"exclusive_device_sum_ms":5294.590499951,"child_observer_wall_ms":0.000000000,"count_scope":"inclusive","owner_commits":1,"projection_invocations":0}
RISE_FIRE_OWNER_PROFILE_V1 {"scope":9,"parent":8,"phase":"ProjectionAdapter","stage":0,"raw_iteration":0,"iteration_kind":"picard","wall_ms":192.736417000,"device_sum_ms":189.719333313,"wall_minus_device_ms":3.017083687,"exclusive_wall_ms":192.736417000,"exclusive_device_sum_ms":189.719333313,"child_observer_wall_ms":0.000000000,"count_scope":"inclusive","owner_commits":0,"projection_invocations":1}
RISE_FIRE_OWNER_PROFILE_V1 {"scope":8,"parent":7,"phase":"Project","stage":0,"raw_iteration":0,"iteration_kind":"picard","wall_ms":196.240375000,"device_sum_ms":189.775083447,"wall_minus_device_ms":6.465291553,"exclusive_wall_ms":3.476791000,"exclusive_device_sum_ms":0.055750133,"child_observer_wall_ms":0.027167000,"count_scope":"inclusive","owner_commits":2,"projection_invocations":1}
RISE_FIRE_OWNER_PROFILE_V1 {"scope":10,"parent":7,"phase":"ReadOpenClass","stage":0,"raw_iteration":0,"iteration_kind":"picard","wall_ms":0.159667000,"device_sum_ms":0.002624933,"wall_minus_device_ms":0.157042067,"exclusive_wall_ms":0.159667000,"exclusive_device_sum_ms":0.002624933,"child_observer_wall_ms":0.000000000,"count_scope":"inclusive","owner_commits":1,"projection_invocations":0}
RISE_FIRE_OWNER_PROFILE_V1 {"scope":11,"parent":7,"phase":"ReadOpenClass","stage":0,"raw_iteration":0,"iteration_kind":"picard","wall_ms":0.145458000,"device_sum_ms":0.002375105,"wall_minus_device_ms":0.143082895,"exclusive_wall_ms":0.145458000,"exclusive_device_sum_ms":0.002375105,"child_observer_wall_ms":0.000000000,"count_scope":"inclusive","owner_commits":1,"projection_invocations":0}
PRODUCER_COMMAND_V1 stage=0 raw_iteration=0 cpu_begin=1943483452018208 cpu_end=1943488817748375 gpu_begin=1943483452018208 gpu_end=1943488817748375 device_ms=5284.0469582006335 encoders=38 interval_scope=possibly_overlapping
PRODUCER_KERNEL_V1 stage=0 raw_iteration=0 ordinal=0 kernel=owner_pack_faces threads=1533387 begin_tick=1943483533572083 end_tick=1943483533626958 ms_per_tick=9.9999999999999995e-07 device_ms=0.054875
PRODUCER_KERNEL_V1 stage=0 raw_iteration=0 ordinal=1 kernel=owner_pack_faces threads=1533387 begin_tick=1943483533626708 end_tick=1943483534201541 ms_per_tick=9.9999999999999995e-07 device_ms=0.57483299999999993
PRODUCER_KERNEL_V1 stage=0 raw_iteration=0 ordinal=2 kernel=owner_pack_faces threads=1533387 begin_tick=1943483533569416 end_tick=1943483533626708 ms_per_tick=9.9999999999999995e-07 device_ms=0.057291999999999996
PRODUCER_KERNEL_V1 stage=0 raw_iteration=0 ordinal=3 kernel=fct_extract_gas_density threads=504666 begin_tick=1943483534201541 end_tick=1943483534226291 ms_per_tick=9.9999999999999995e-07 device_ms=0.024749999999999998
PRODUCER_KERNEL_V1 stage=0 raw_iteration=0 ordinal=4 kernel=owner_gas_source threads=504666 begin_tick=1943483534226291 end_tick=1943483534274250 ms_per_tick=9.9999999999999995e-07 device_ms=0.047958999999999995
PRODUCER_KERNEL_V1 stage=0 raw_iteration=0 ordinal=5 kernel=evaluate_resident_transport threads=504666 begin_tick=1943483533627333 end_tick=1943483534286750 ms_per_tick=9.9999999999999995e-07 device_ms=0.65941699999999992
PRODUCER_KERNEL_V1 stage=0 raw_iteration=0 ordinal=6 kernel=identify_resident_transport threads=1 begin_tick=1943483534287250 end_tick=1943484124946208 ms_per_tick=9.9999999999999995e-07 device_ms=590.65895799999998
PRODUCER_KERNEL_V1 stage=0 raw_iteration=0 ordinal=7 kernel=owner_bind_transport threads=1 begin_tick=1943484124961541 end_tick=1943484124964958 ms_per_tick=9.9999999999999995e-07 device_ms=0.0034169999999999999
PRODUCER_KERNEL_V1 stage=0 raw_iteration=0 ordinal=8 kernel=identify_resident_owner_endpoint_class threads=1 begin_tick=1943484124965250 end_tick=1943484127420833 ms_per_tick=9.9999999999999995e-07 device_ms=2.4555829999999998
PRODUCER_KERNEL_V1 stage=0 raw_iteration=0 ordinal=9 kernel=evaluate_resident_physical_flux threads=1533387 begin_tick=1943484127421250 end_tick=1943484128560958 ms_per_tick=9.9999999999999995e-07 device_ms=1.1397079999999999
PRODUCER_KERNEL_V1 stage=0 raw_iteration=0 ordinal=10 kernel=evaluate_resident_advective_pair threads=13800483 begin_tick=1943484128561333 end_tick=1943484135630916 ms_per_tick=9.9999999999999995e-07 device_ms=7.0695829999999997
PRODUCER_KERNEL_V1 stage=0 raw_iteration=0 ordinal=11 kernel=finalize_resident_advective_high threads=13800483 begin_tick=1943484135631666 end_tick=1943484136385375 ms_per_tick=9.9999999999999995e-07 device_ms=0.75370899999999996
PRODUCER_KERNEL_V1 stage=0 raw_iteration=0 ordinal=12 kernel=compose_resident_flux_pair threads=13800483 begin_tick=1943484136385916 end_tick=1943484138288291 ms_per_tick=9.9999999999999995e-07 device_ms=1.9023749999999999
PRODUCER_KERNEL_V1 stage=0 raw_iteration=0 ordinal=13 kernel=validate_resident_physical_flux threads=13800483 begin_tick=1943484138289000 end_tick=1943484139123208 ms_per_tick=9.9999999999999995e-07 device_ms=0.83420799999999995
PRODUCER_KERNEL_V1 stage=0 raw_iteration=0 ordinal=14 kernel=identify_resident_physical_flux threads=1 begin_tick=1943484139123875 end_tick=1943487375762625 ms_per_tick=9.9999999999999995e-07 device_ms=3236.6387500000001
PRODUCER_KERNEL_V1 stage=0 raw_iteration=0 ordinal=15 kernel=fct_build_ratios threads=5551326 begin_tick=1943487375778333 end_tick=1943487379438125 ms_per_tick=9.9999999999999995e-07 device_ms=3.6597919999999999
PRODUCER_KERNEL_V1 stage=0 raw_iteration=0 ordinal=16 kernel=fct_build_face_alpha threads=1533387 begin_tick=1943487379438916 end_tick=1943487379705541 ms_per_tick=9.9999999999999995e-07 device_ms=0.266625
PRODUCER_KERNEL_V1 stage=0 raw_iteration=0 ordinal=17 kernel=fct_commit_scalar threads=504666 begin_tick=1943487379706250 end_tick=1943487379904166 ms_per_tick=9.9999999999999995e-07 device_ms=0.19791599999999998
PRODUCER_KERNEL_V1 stage=0 raw_iteration=0 ordinal=18 kernel=owner_bind_candidate threads=1 begin_tick=1943487379904541 end_tick=1943487821370750 ms_per_tick=9.9999999999999995e-07 device_ms=441.46620899999999
PRODUCER_KERNEL_V1 stage=0 raw_iteration=0 ordinal=19 kernel=finalize_resident_eos_candidate threads=1 begin_tick=1943487821385041 end_tick=1943487821387791 ms_per_tick=9.9999999999999995e-07 device_ms=0.0027499999999999998
PRODUCER_KERNEL_V1 stage=0 raw_iteration=0 ordinal=20 kernel=evaluate_resident_eos_candidate threads=504666 begin_tick=1943487821388208 end_tick=1943488429723291 ms_per_tick=9.9999999999999995e-07 device_ms=608.33508299999994
PRODUCER_KERNEL_V1 stage=0 raw_iteration=0 ordinal=21 kernel=finalize_resident_eos_candidate threads=1 begin_tick=1943488429737750 end_tick=1943488429740416 ms_per_tick=9.9999999999999995e-07 device_ms=0.002666
PRODUCER_KERNEL_V1 stage=0 raw_iteration=0 ordinal=22 kernel=identify_resident_eos threads=1 begin_tick=1943488429740708 end_tick=1943488473713916 ms_per_tick=9.9999999999999995e-07 device_ms=43.973208
PRODUCER_KERNEL_V1 stage=0 raw_iteration=0 ordinal=23 kernel=produce_resident_frozen_source threads=504666 begin_tick=1943488473728750 end_tick=1943488473760083 ms_per_tick=9.9999999999999995e-07 device_ms=0.031333
PRODUCER_KERNEL_V1 stage=0 raw_iteration=0 ordinal=24 kernel=identify_resident_frozen_source threads=1 begin_tick=1943488473760416 end_tick=1943488508703208 ms_per_tick=9.9999999999999995e-07 device_ms=34.942791999999997
PRODUCER_KERNEL_V1 stage=0 raw_iteration=0 ordinal=25 kernel=evaluate_resident_target_terms threads=504666 begin_tick=1943488508718750 end_tick=1943488631815375 ms_per_tick=9.9999999999999995e-07 device_ms=123.09662499999999
PRODUCER_KERNEL_V1 stage=0 raw_iteration=0 ordinal=26 kernel=finalize_resident_target threads=1 begin_tick=1943488631830250 end_tick=1943488631833666 ms_per_tick=9.9999999999999995e-07 device_ms=0.0034159999999999998
PRODUCER_KERNEL_V1 stage=0 raw_iteration=0 ordinal=27 kernel=identify_resident_target threads=1 begin_tick=1943488631833958 end_tick=1943488690295208 ms_per_tick=9.9999999999999995e-07 device_ms=58.46125
PRODUCER_KERNEL_V1 stage=0 raw_iteration=0 ordinal=28 kernel=issue_resident_projection_consumer threads=1 begin_tick=1943488690311500 end_tick=1943488690315750 ms_per_tick=9.9999999999999995e-07 device_ms=0.0042499999999999994
PRODUCER_KERNEL_V1 stage=0 raw_iteration=0 ordinal=29 kernel=consume_resident_target threads=1 begin_tick=1943488690316166 end_tick=1943488727733916 ms_per_tick=9.9999999999999995e-07 device_ms=37.417749999999998
PRODUCER_KERNEL_V1 stage=0 raw_iteration=0 ordinal=30 kernel=owner_compose_target threads=504666 begin_tick=1943488727750000 end_tick=1943488727828458 ms_per_tick=9.9999999999999995e-07 device_ms=0.078458
PRODUCER_KERNEL_V1 stage=0 raw_iteration=0 ordinal=31 kernel=finalize_resident_target threads=1 begin_tick=1943488727828875 end_tick=1943488727831833 ms_per_tick=9.9999999999999995e-07 device_ms=0.0029579999999999997
PRODUCER_KERNEL_V1 stage=0 raw_iteration=0 ordinal=32 kernel=owner_identify_target threads=1 begin_tick=1943488727832208 end_tick=1943488779222750 ms_per_tick=9.9999999999999995e-07 device_ms=51.390541999999996
PRODUCER_KERNEL_V1 stage=0 raw_iteration=0 ordinal=33 kernel=issue_resident_projection_consumer threads=1 begin_tick=1943488779237833 end_tick=1943488779241875 ms_per_tick=9.9999999999999995e-07 device_ms=0.0040419999999999996
PRODUCER_KERNEL_V1 stage=0 raw_iteration=0 ordinal=34 kernel=consume_resident_target threads=1 begin_tick=1943488779242291 end_tick=1943488816623625 ms_per_tick=9.9999999999999995e-07 device_ms=37.381333999999995
PRODUCER_KERNEL_V1 stage=0 raw_iteration=0 ordinal=35 kernel=owner_issue_stage_seal threads=1 begin_tick=1943488816638625 end_tick=1943488816642250 ms_per_tick=9.9999999999999995e-07 device_ms=0.0036249999999999998
PRODUCER_KERNEL_V1 stage=0 raw_iteration=0 ordinal=36 kernel=fct_compatible_stage_rate threads=1533387 begin_tick=1943488817040625 end_tick=1943488817562000 ms_per_tick=9.9999999999999995e-07 device_ms=0.52137499999999992
PRODUCER_KERNEL_V1 stage=0 raw_iteration=0 ordinal=37 kernel=owner_predict_momentum threads=1533387 begin_tick=1943488817562458 end_tick=1943488817610833 ms_per_tick=9.9999999999999995e-07 device_ms=0.048374999999999994
RISE_FIRE_OWNER_PROFILE_V1 {"scope":12,"parent":7,"phase":"BuildStageProducerGroup","stage":0,"raw_iteration":0,"iteration_kind":"picard","wall_ms":5365.913000000,"device_sum_ms":5284.046958201,"wall_minus_device_ms":81.866041799,"exclusive_wall_ms":5365.913000000,"exclusive_device_sum_ms":5284.046958201,"child_observer_wall_ms":0.000000000,"count_scope":"inclusive","owner_commits":1,"projection_invocations":0}
RISE_FIRE_OWNER_PROFILE_V1 {"scope":13,"parent":7,"phase":"Residual","stage":0,"raw_iteration":0,"iteration_kind":"picard","wall_ms":2.420792000,"device_sum_ms":0.042000087,"wall_minus_device_ms":2.378791913,"exclusive_wall_ms":2.420792000,"exclusive_device_sum_ms":0.042000087,"child_observer_wall_ms":0.000000000,"count_scope":"inclusive","owner_commits":1,"projection_invocations":0}
RISE_FIRE_OWNER_PROFILE_V1 {"scope":7,"parent":3,"phase":"PicardIteration","stage":0,"raw_iteration":0,"iteration_kind":"picard","wall_ms":5567.753250000,"device_sum_ms":5473.869041773,"wall_minus_device_ms":93.884208227,"exclusive_wall_ms":2.818582000,"exclusive_device_sum_ms":0.000000000,"child_observer_wall_ms":0.055376000,"count_scope":"inclusive","owner_commits":6,"projection_invocations":1}
RISE_FIRE_OWNER_PROFILE_V1 {"scope":16,"parent":15,"phase":"ProjectionAdapter","stage":0,"raw_iteration":1,"iteration_kind":"picard","wall_ms":191.493208000,"device_sum_ms":188.507958548,"wall_minus_device_ms":2.985249452,"exclusive_wall_ms":191.493208000,"exclusive_device_sum_ms":188.507958548,"child_observer_wall_ms":0.000000000,"count_scope":"inclusive","owner_commits":0,"projection_invocations":1}
RISE_FIRE_OWNER_PROFILE_V1 {"scope":15,"parent":14,"phase":"Project","stage":0,"raw_iteration":1,"iteration_kind":"picard","wall_ms":192.091833000,"device_sum_ms":188.556833658,"wall_minus_device_ms":3.534999342,"exclusive_wall_ms":0.580250000,"exclusive_device_sum_ms":0.048875110,"child_observer_wall_ms":0.018375000,"count_scope":"inclusive","owner_commits":2,"projection_invocations":1}
RISE_FIRE_OWNER_PROFILE_V1 {"scope":17,"parent":14,"phase":"ReadOpenClass","stage":0,"raw_iteration":1,"iteration_kind":"picard","wall_ms":0.164750000,"device_sum_ms":0.002541579,"wall_minus_device_ms":0.162208421,"exclusive_wall_ms":0.164750000,"exclusive_device_sum_ms":0.002541579,"child_observer_wall_ms":0.000000000,"count_scope":"inclusive","owner_commits":1,"projection_invocations":0}
RISE_FIRE_OWNER_PROFILE_V1 {"scope":18,"parent":14,"phase":"ReadOpenClass","stage":0,"raw_iteration":1,"iteration_kind":"picard","wall_ms":0.149750000,"device_sum_ms":0.002291752,"wall_minus_device_ms":0.147458248,"exclusive_wall_ms":0.149750000,"exclusive_device_sum_ms":0.002291752,"child_observer_wall_ms":0.000000000,"count_scope":"inclusive","owner_commits":1,"projection_invocations":0}
PRODUCER_COMMAND_V1 stage=0 raw_iteration=1 cpu_begin=1943489015635125 cpu_end=1943494383339083 gpu_begin=1943489015635125 gpu_end=1943494383339083 device_ms=5286.2219999078661 encoders=38 interval_scope=possibly_overlapping
PRODUCER_KERNEL_V1 stage=0 raw_iteration=1 ordinal=0 kernel=owner_pack_faces threads=1533387 begin_tick=1943489097000416 end_tick=1943489097058666 ms_per_tick=9.9999999999999995e-07 device_ms=0.058249999999999996
PRODUCER_KERNEL_V1 stage=0 raw_iteration=1 ordinal=1 kernel=owner_pack_faces threads=1533387 begin_tick=1943489097058416 end_tick=1943489097444625 ms_per_tick=9.9999999999999995e-07 device_ms=0.38620899999999997
PRODUCER_KERNEL_V1 stage=0 raw_iteration=1 ordinal=2 kernel=owner_pack_faces threads=1533387 begin_tick=1943489096998125 end_tick=1943489097058416 ms_per_tick=9.9999999999999995e-07 device_ms=0.060290999999999997
PRODUCER_KERNEL_V1 stage=0 raw_iteration=1 ordinal=3 kernel=fct_extract_gas_density threads=504666 begin_tick=1943489097059083 end_tick=1943489097104708 ms_per_tick=9.9999999999999995e-07 device_ms=0.045624999999999999
PRODUCER_KERNEL_V1 stage=0 raw_iteration=1 ordinal=4 kernel=owner_gas_source threads=504666 begin_tick=1943489097444958 end_tick=1943489097689875 ms_per_tick=9.9999999999999995e-07 device_ms=0.244917
PRODUCER_KERNEL_V1 stage=0 raw_iteration=1 ordinal=5 kernel=evaluate_resident_transport threads=504666 begin_tick=1943489097104750 end_tick=1943489097703833 ms_per_tick=9.9999999999999995e-07 device_ms=0.59908299999999992
PRODUCER_KERNEL_V1 stage=0 raw_iteration=1 ordinal=6 kernel=identify_resident_transport threads=1 begin_tick=1943489097704166 end_tick=1943489688208250 ms_per_tick=9.9999999999999995e-07 device_ms=590.50408399999992
PRODUCER_KERNEL_V1 stage=0 raw_iteration=1 ordinal=7 kernel=owner_bind_transport threads=1 begin_tick=1943489688224500 end_tick=1943489688228250 ms_per_tick=9.9999999999999995e-07 device_ms=0.0037499999999999999
PRODUCER_KERNEL_V1 stage=0 raw_iteration=1 ordinal=8 kernel=identify_resident_owner_endpoint_class threads=1 begin_tick=1943489688228583 end_tick=1943489690682000 ms_per_tick=9.9999999999999995e-07 device_ms=2.453417
PRODUCER_KERNEL_V1 stage=0 raw_iteration=1 ordinal=9 kernel=evaluate_resident_physical_flux threads=1533387 begin_tick=1943489690682583 end_tick=1943489691832625 ms_per_tick=9.9999999999999995e-07 device_ms=1.150042
PRODUCER_KERNEL_V1 stage=0 raw_iteration=1 ordinal=10 kernel=evaluate_resident_advective_pair threads=13800483 begin_tick=1943489691833333 end_tick=1943489699025208 ms_per_tick=9.9999999999999995e-07 device_ms=7.1918749999999996
PRODUCER_KERNEL_V1 stage=0 raw_iteration=1 ordinal=11 kernel=finalize_resident_advective_high threads=13800483 begin_tick=1943489699040958 end_tick=1943489699460708 ms_per_tick=9.9999999999999995e-07 device_ms=0.41974999999999996
PRODUCER_KERNEL_V1 stage=0 raw_iteration=1 ordinal=12 kernel=compose_resident_flux_pair threads=13800483 begin_tick=1943489699461041 end_tick=1943489700344125 ms_per_tick=9.9999999999999995e-07 device_ms=0.88308399999999998
PRODUCER_KERNEL_V1 stage=0 raw_iteration=1 ordinal=13 kernel=validate_resident_physical_flux threads=13800483 begin_tick=1943489700344625 end_tick=1943489701201958 ms_per_tick=9.9999999999999995e-07 device_ms=0.85733300000000001
PRODUCER_KERNEL_V1 stage=0 raw_iteration=1 ordinal=14 kernel=identify_resident_physical_flux threads=1 begin_tick=1943489701202458 end_tick=1943492933948416 ms_per_tick=9.9999999999999995e-07 device_ms=3232.745958
PRODUCER_KERNEL_V1 stage=0 raw_iteration=1 ordinal=15 kernel=fct_build_ratios threads=5551326 begin_tick=1943492933965000 end_tick=1943492938893375 ms_per_tick=9.9999999999999995e-07 device_ms=4.928375
PRODUCER_KERNEL_V1 stage=0 raw_iteration=1 ordinal=16 kernel=fct_build_face_alpha threads=1533387 begin_tick=1943492938907375 end_tick=1943492939186000 ms_per_tick=9.9999999999999995e-07 device_ms=0.27862500000000001
PRODUCER_KERNEL_V1 stage=0 raw_iteration=1 ordinal=17 kernel=fct_commit_scalar threads=504666 begin_tick=1943492939186666 end_tick=1943492939382250 ms_per_tick=9.9999999999999995e-07 device_ms=0.19558399999999998
PRODUCER_KERNEL_V1 stage=0 raw_iteration=1 ordinal=18 kernel=owner_bind_candidate threads=1 begin_tick=1943492939382958 end_tick=1943493381115583 ms_per_tick=9.9999999999999995e-07 device_ms=441.73262499999998
PRODUCER_KERNEL_V1 stage=0 raw_iteration=1 ordinal=19 kernel=finalize_resident_eos_candidate threads=1 begin_tick=1943493381132500 end_tick=1943493381135291 ms_per_tick=9.9999999999999995e-07 device_ms=0.0027910000000000001
PRODUCER_KERNEL_V1 stage=0 raw_iteration=1 ordinal=20 kernel=evaluate_resident_eos_candidate threads=504666 begin_tick=1943493381135666 end_tick=1943493989725958 ms_per_tick=9.9999999999999995e-07 device_ms=608.59029199999998
PRODUCER_KERNEL_V1 stage=0 raw_iteration=1 ordinal=21 kernel=finalize_resident_eos_candidate threads=1 begin_tick=1943493989742208 end_tick=1943493989744875 ms_per_tick=9.9999999999999995e-07 device_ms=0.0026669999999999997
PRODUCER_KERNEL_V1 stage=0 raw_iteration=1 ordinal=22 kernel=identify_resident_eos threads=1 begin_tick=1943493989745166 end_tick=1943494034594666 ms_per_tick=9.9999999999999995e-07 device_ms=44.849499999999999
PRODUCER_KERNEL_V1 stage=0 raw_iteration=1 ordinal=23 kernel=produce_resident_frozen_source threads=504666 begin_tick=1943494034610000 end_tick=1943494034641416 ms_per_tick=9.9999999999999995e-07 device_ms=0.031415999999999999
PRODUCER_KERNEL_V1 stage=0 raw_iteration=1 ordinal=24 kernel=identify_resident_frozen_source threads=1 begin_tick=1943494034641833 end_tick=1943494071713041 ms_per_tick=9.9999999999999995e-07 device_ms=37.071207999999999
PRODUCER_KERNEL_V1 stage=0 raw_iteration=1 ordinal=25 kernel=evaluate_resident_target_terms threads=504666 begin_tick=1943494071713625 end_tick=1943494197777375 ms_per_tick=9.9999999999999995e-07 device_ms=126.06375
PRODUCER_KERNEL_V1 stage=0 raw_iteration=1 ordinal=26 kernel=finalize_resident_target threads=1 begin_tick=1943494197794333 end_tick=1943494197797750 ms_per_tick=9.9999999999999995e-07 device_ms=0.0034169999999999999
PRODUCER_KERNEL_V1 stage=0 raw_iteration=1 ordinal=27 kernel=identify_resident_target threads=1 begin_tick=1943494197798083 end_tick=1943494255621958 ms_per_tick=9.9999999999999995e-07 device_ms=57.823874999999994
PRODUCER_KERNEL_V1 stage=0 raw_iteration=1 ordinal=28 kernel=issue_resident_projection_consumer threads=1 begin_tick=1943494255638083 end_tick=1943494255642500 ms_per_tick=9.9999999999999995e-07 device_ms=0.0044169999999999999
PRODUCER_KERNEL_V1 stage=0 raw_iteration=1 ordinal=29 kernel=consume_resident_target threads=1 begin_tick=1943494255642916 end_tick=1943494292909083 ms_per_tick=9.9999999999999995e-07 device_ms=37.266166999999996
PRODUCER_KERNEL_V1 stage=0 raw_iteration=1 ordinal=30 kernel=owner_compose_target threads=504666 begin_tick=1943494292909833 end_tick=1943494292988458 ms_per_tick=9.9999999999999995e-07 device_ms=0.078625
PRODUCER_KERNEL_V1 stage=0 raw_iteration=1 ordinal=31 kernel=finalize_resident_target threads=1 begin_tick=1943494292988833 end_tick=1943494292991708 ms_per_tick=9.9999999999999995e-07 device_ms=0.002875
PRODUCER_KERNEL_V1 stage=0 raw_iteration=1 ordinal=32 kernel=owner_identify_target threads=1 begin_tick=1943494292992083 end_tick=1943494344642625 ms_per_tick=9.9999999999999995e-07 device_ms=51.650541999999994
PRODUCER_KERNEL_V1 stage=0 raw_iteration=1 ordinal=33 kernel=issue_resident_projection_consumer threads=1 begin_tick=1943494344658500 end_tick=1943494344662750 ms_per_tick=9.9999999999999995e-07 device_ms=0.0042499999999999994
PRODUCER_KERNEL_V1 stage=0 raw_iteration=1 ordinal=34 kernel=consume_resident_target threads=1 begin_tick=1943494344663125 end_tick=1943494382236375 ms_per_tick=9.9999999999999995e-07 device_ms=37.573250000000002
PRODUCER_KERNEL_V1 stage=0 raw_iteration=1 ordinal=35 kernel=owner_issue_stage_seal threads=1 begin_tick=1943494382250375 end_tick=1943494382253583 ms_per_tick=9.9999999999999995e-07 device_ms=0.0032079999999999999
PRODUCER_KERNEL_V1 stage=0 raw_iteration=1 ordinal=36 kernel=fct_compatible_stage_rate threads=1533387 begin_tick=1943494382645708 end_tick=1943494383164916 ms_per_tick=9.9999999999999995e-07 device_ms=0.519208
PRODUCER_KERNEL_V1 stage=0 raw_iteration=1 ordinal=37 kernel=owner_predict_momentum threads=1533387 begin_tick=1943494383165291 end_tick=1943494383214250 ms_per_tick=9.9999999999999995e-07 device_ms=0.048958999999999996
RISE_FIRE_OWNER_PROFILE_V1 {"scope":19,"parent":14,"phase":"BuildStageProducerGroup","stage":0,"raw_iteration":1,"iteration_kind":"picard","wall_ms":5367.883125000,"device_sum_ms":5286.221999908,"wall_minus_device_ms":81.661125092,"exclusive_wall_ms":5367.883125000,"exclusive_device_sum_ms":5286.221999908,"child_observer_wall_ms":0.000000000,"count_scope":"inclusive","owner_commits":1,"projection_invocations":0}
RISE_FIRE_OWNER_PROFILE_V1 {"scope":20,"parent":14,"phase":"Residual","stage":0,"raw_iteration":1,"iteration_kind":"picard","wall_ms":2.820083000,"device_sum_ms":0.231374986,"wall_minus_device_ms":2.588708014,"exclusive_wall_ms":2.820083000,"exclusive_device_sum_ms":0.231374986,"child_observer_wall_ms":0.000000000,"count_scope":"inclusive","owner_commits":1,"projection_invocations":0}
RISE_FIRE_OWNER_PROFILE_V1 {"scope":14,"parent":3,"phase":"PicardIteration","stage":0,"raw_iteration":1,"iteration_kind":"picard","wall_ms":5565.787250000,"device_sum_ms":5475.015041884,"wall_minus_device_ms":90.772208116,"exclusive_wall_ms":2.631457000,"exclusive_device_sum_ms":0.000000000,"child_observer_wall_ms":0.046252000,"count_scope":"inclusive","owner_commits":6,"projection_invocations":1}
RISE_FIRE_OWNER_PROFILE_V1 {"scope":23,"parent":22,"phase":"ProjectionAdapter","stage":0,"raw_iteration":2,"iteration_kind":"picard","wall_ms":193.396833000,"device_sum_ms":190.380083397,"wall_minus_device_ms":3.016749603,"exclusive_wall_ms":193.396833000,"exclusive_device_sum_ms":190.380083397,"child_observer_wall_ms":0.000000000,"count_scope":"inclusive","owner_commits":0,"projection_invocations":1}
RISE_FIRE_OWNER_PROFILE_V1 {"scope":22,"parent":21,"phase":"Project","stage":0,"raw_iteration":2,"iteration_kind":"picard","wall_ms":194.001000000,"device_sum_ms":190.429291921,"wall_minus_device_ms":3.571708079,"exclusive_wall_ms":0.580709000,"exclusive_device_sum_ms":0.049208524,"child_observer_wall_ms":0.023458000,"count_scope":"inclusive","owner_commits":2,"projection_invocations":1}
RISE_FIRE_OWNER_PROFILE_V1 {"scope":24,"parent":21,"phase":"ReadOpenClass","stage":0,"raw_iteration":2,"iteration_kind":"picard","wall_ms":0.168250000,"device_sum_ms":0.002708286,"wall_minus_device_ms":0.165541714,"exclusive_wall_ms":0.168250000,"exclusive_device_sum_ms":0.002708286,"child_observer_wall_ms":0.000000000,"count_scope":"inclusive","owner_commits":1,"projection_invocations":0}
RISE_FIRE_OWNER_PROFILE_V1 {"scope":25,"parent":21,"phase":"ReadOpenClass","stage":0,"raw_iteration":2,"iteration_kind":"picard","wall_ms":0.152375000,"device_sum_ms":0.002375105,"wall_minus_device_ms":0.149999895,"exclusive_wall_ms":0.152375000,"exclusive_device_sum_ms":0.002375105,"child_observer_wall_ms":0.000000000,"count_scope":"inclusive","owner_commits":1,"projection_invocations":0}
PRODUCER_COMMAND_V1 stage=0 raw_iteration=2 cpu_begin=1943494583354791 cpu_end=1943499938765000 gpu_begin=1943494583354791 gpu_end=1943499938765000 device_ms=5272.9384999256581 encoders=38 interval_scope=possibly_overlapping
PRODUCER_KERNEL_V1 stage=0 raw_iteration=2 ordinal=0 kernel=owner_pack_faces threads=1533387 begin_tick=1943494665734166 end_tick=1943494665787666 ms_per_tick=9.9999999999999995e-07 device_ms=0.053499999999999999
PRODUCER_KERNEL_V1 stage=0 raw_iteration=2 ordinal=1 kernel=owner_pack_faces threads=1533387 begin_tick=1943494665787416 end_tick=1943494666368250 ms_per_tick=9.9999999999999995e-07 device_ms=0.58083399999999996
PRODUCER_KERNEL_V1 stage=0 raw_iteration=2 ordinal=2 kernel=owner_pack_faces threads=1533387 begin_tick=1943494665731958 end_tick=1943494665787416 ms_per_tick=9.9999999999999995e-07 device_ms=0.055458
PRODUCER_KERNEL_V1 stage=0 raw_iteration=2 ordinal=3 kernel=fct_extract_gas_density threads=504666 begin_tick=1943494666368250 end_tick=1943494666393250 ms_per_tick=9.9999999999999995e-07 device_ms=0.024999999999999998
PRODUCER_KERNEL_V1 stage=0 raw_iteration=2 ordinal=4 kernel=owner_gas_source threads=504666 begin_tick=1943494666393250 end_tick=1943494666442291 ms_per_tick=9.9999999999999995e-07 device_ms=0.049040999999999994
PRODUCER_KERNEL_V1 stage=0 raw_iteration=2 ordinal=5 kernel=evaluate_resident_transport threads=504666 begin_tick=1943494665788125 end_tick=1943494666445125 ms_per_tick=9.9999999999999995e-07 device_ms=0.65699999999999992
PRODUCER_KERNEL_V1 stage=0 raw_iteration=2 ordinal=6 kernel=identify_resident_transport threads=1 begin_tick=1943494666445625 end_tick=1943495256603333 ms_per_tick=9.9999999999999995e-07 device_ms=590.15770799999996
PRODUCER_KERNEL_V1 stage=0 raw_iteration=2 ordinal=7 kernel=owner_bind_transport threads=1 begin_tick=1943495256624708 end_tick=1943495256629541 ms_per_tick=9.9999999999999995e-07 device_ms=0.0048329999999999996
PRODUCER_KERNEL_V1 stage=0 raw_iteration=2 ordinal=8 kernel=identify_resident_owner_endpoint_class threads=1 begin_tick=1943495256629958 end_tick=1943495259071541 ms_per_tick=9.9999999999999995e-07 device_ms=2.4415830000000001
PRODUCER_KERNEL_V1 stage=0 raw_iteration=2 ordinal=9 kernel=evaluate_resident_physical_flux threads=1533387 begin_tick=1943495259072000 end_tick=1943495260215875 ms_per_tick=9.9999999999999995e-07 device_ms=1.143875
PRODUCER_KERNEL_V1 stage=0 raw_iteration=2 ordinal=10 kernel=evaluate_resident_advective_pair threads=13800483 begin_tick=1943495260216416 end_tick=1943495267286541 ms_per_tick=9.9999999999999995e-07 device_ms=7.070125
PRODUCER_KERNEL_V1 stage=0 raw_iteration=2 ordinal=11 kernel=finalize_resident_advective_high threads=13800483 begin_tick=1943495267287208 end_tick=1943495267707333 ms_per_tick=9.9999999999999995e-07 device_ms=0.42012499999999997
PRODUCER_KERNEL_V1 stage=0 raw_iteration=2 ordinal=12 kernel=compose_resident_flux_pair threads=13800483 begin_tick=1943495267707750 end_tick=1943495268590708 ms_per_tick=9.9999999999999995e-07 device_ms=0.88295799999999991
PRODUCER_KERNEL_V1 stage=0 raw_iteration=2 ordinal=13 kernel=validate_resident_physical_flux threads=13800483 begin_tick=1943495268591250 end_tick=1943495269437875 ms_per_tick=9.9999999999999995e-07 device_ms=0.84662499999999996
PRODUCER_KERNEL_V1 stage=0 raw_iteration=2 ordinal=14 kernel=identify_resident_physical_flux threads=1 begin_tick=1943495269438583 end_tick=1943498507338916 ms_per_tick=9.9999999999999995e-07 device_ms=3237.900333
PRODUCER_KERNEL_V1 stage=0 raw_iteration=2 ordinal=15 kernel=fct_build_ratios threads=5551326 begin_tick=1943498507353833 end_tick=1943498511054250 ms_per_tick=9.9999999999999995e-07 device_ms=3.7004169999999998
PRODUCER_KERNEL_V1 stage=0 raw_iteration=2 ordinal=16 kernel=fct_build_face_alpha threads=1533387 begin_tick=1943498511069791 end_tick=1943498511334916 ms_per_tick=9.9999999999999995e-07 device_ms=0.265125
PRODUCER_KERNEL_V1 stage=0 raw_iteration=2 ordinal=17 kernel=fct_commit_scalar threads=504666 begin_tick=1943498511335458 end_tick=1943498511524166 ms_per_tick=9.9999999999999995e-07 device_ms=0.18870799999999999
PRODUCER_KERNEL_V1 stage=0 raw_iteration=2 ordinal=18 kernel=owner_bind_candidate threads=1 begin_tick=1943498511524541 end_tick=1943498953158708 ms_per_tick=9.9999999999999995e-07 device_ms=441.63416699999999
PRODUCER_KERNEL_V1 stage=0 raw_iteration=2 ordinal=19 kernel=finalize_resident_eos_candidate threads=1 begin_tick=1943498953174208 end_tick=1943498953176958 ms_per_tick=9.9999999999999995e-07 device_ms=0.0027499999999999998
PRODUCER_KERNEL_V1 stage=0 raw_iteration=2 ordinal=20 kernel=evaluate_resident_eos_candidate threads=504666 begin_tick=1943498953177375 end_tick=1943499547420583 ms_per_tick=9.9999999999999995e-07 device_ms=594.24320799999998
PRODUCER_KERNEL_V1 stage=0 raw_iteration=2 ordinal=21 kernel=finalize_resident_eos_candidate threads=1 begin_tick=1943499547436250 end_tick=1943499547438875 ms_per_tick=9.9999999999999995e-07 device_ms=0.0026249999999999997
PRODUCER_KERNEL_V1 stage=0 raw_iteration=2 ordinal=22 kernel=identify_resident_eos threads=1 begin_tick=1943499547439291 end_tick=1943499592029458 ms_per_tick=9.9999999999999995e-07 device_ms=44.590167000000001
PRODUCER_KERNEL_V1 stage=0 raw_iteration=2 ordinal=23 kernel=produce_resident_frozen_source threads=504666 begin_tick=1943499592046000 end_tick=1943499592077291 ms_per_tick=9.9999999999999995e-07 device_ms=0.031290999999999999
PRODUCER_KERNEL_V1 stage=0 raw_iteration=2 ordinal=24 kernel=identify_resident_frozen_source threads=1 begin_tick=1943499592077708 end_tick=1943499627074625 ms_per_tick=9.9999999999999995e-07 device_ms=34.996916999999996
PRODUCER_KERNEL_V1 stage=0 raw_iteration=2 ordinal=25 kernel=evaluate_resident_target_terms threads=504666 begin_tick=1943499627075375 end_tick=1943499752449958 ms_per_tick=9.9999999999999995e-07 device_ms=125.374583
PRODUCER_KERNEL_V1 stage=0 raw_iteration=2 ordinal=26 kernel=finalize_resident_target threads=1 begin_tick=1943499752464041 end_tick=1943499752467291 ms_per_tick=9.9999999999999995e-07 device_ms=0.0032499999999999999
PRODUCER_KERNEL_V1 stage=0 raw_iteration=2 ordinal=27 kernel=identify_resident_target threads=1 begin_tick=1943499752467583 end_tick=1943499810345791 ms_per_tick=9.9999999999999995e-07 device_ms=57.878208000000001
PRODUCER_KERNEL_V1 stage=0 raw_iteration=2 ordinal=28 kernel=issue_resident_projection_consumer threads=1 begin_tick=1943499810361666 end_tick=1943499810365916 ms_per_tick=9.9999999999999995e-07 device_ms=0.0042499999999999994
PRODUCER_KERNEL_V1 stage=0 raw_iteration=2 ordinal=29 kernel=consume_resident_target threads=1 begin_tick=1943499810366333 end_tick=1943499847640708 ms_per_tick=9.9999999999999995e-07 device_ms=37.274374999999999
PRODUCER_KERNEL_V1 stage=0 raw_iteration=2 ordinal=30 kernel=owner_compose_target threads=504666 begin_tick=1943499847641458 end_tick=1943499847719833 ms_per_tick=9.9999999999999995e-07 device_ms=0.078375
PRODUCER_KERNEL_V1 stage=0 raw_iteration=2 ordinal=31 kernel=finalize_resident_target threads=1 begin_tick=1943499847720208 end_tick=1943499847723083 ms_per_tick=9.9999999999999995e-07 device_ms=0.002875
PRODUCER_KERNEL_V1 stage=0 raw_iteration=2 ordinal=32 kernel=owner_identify_target threads=1 begin_tick=1943499847723500 end_tick=1943499898938958 ms_per_tick=9.9999999999999995e-07 device_ms=51.215457999999998
PRODUCER_KERNEL_V1 stage=0 raw_iteration=2 ordinal=33 kernel=issue_resident_projection_consumer threads=1 begin_tick=1943499898954041 end_tick=1943499898958541 ms_per_tick=9.9999999999999995e-07 device_ms=0.0044999999999999997
PRODUCER_KERNEL_V1 stage=0 raw_iteration=2 ordinal=34 kernel=consume_resident_target threads=1 begin_tick=1943499898958958 end_tick=1943499936333625 ms_per_tick=9.9999999999999995e-07 device_ms=37.374666999999995
PRODUCER_KERNEL_V1 stage=0 raw_iteration=2 ordinal=35 kernel=owner_issue_stage_seal threads=1 begin_tick=1943499936348708 end_tick=1943499936352250 ms_per_tick=9.9999999999999995e-07 device_ms=0.003542
PRODUCER_KERNEL_V1 stage=0 raw_iteration=2 ordinal=36 kernel=fct_compatible_stage_rate threads=1533387 begin_tick=1943499936746958 end_tick=1943499938401041 ms_per_tick=9.9999999999999995e-07 device_ms=1.654083
PRODUCER_KERNEL_V1 stage=0 raw_iteration=2 ordinal=37 kernel=owner_predict_momentum threads=1533387 begin_tick=1943499938415958 end_tick=1943499938664250 ms_per_tick=9.9999999999999995e-07 device_ms=0.24829199999999998
RISE_FIRE_OWNER_PROFILE_V1 {"scope":26,"parent":21,"phase":"BuildStageProducerGroup","stage":0,"raw_iteration":2,"iteration_kind":"picard","wall_ms":5355.588792000,"device_sum_ms":5272.938499926,"wall_minus_device_ms":82.650292074,"exclusive_wall_ms":5355.588792000,"exclusive_device_sum_ms":5272.938499926,"child_observer_wall_ms":0.000000000,"count_scope":"inclusive","owner_commits":1,"projection_invocations":0}
RISE_FIRE_OWNER_PROFILE_V1 {"scope":27,"parent":21,"phase":"Residual","stage":0,"raw_iteration":2,"iteration_kind":"picard","wall_ms":2.562042000,"device_sum_ms":0.211833278,"wall_minus_device_ms":2.350208722,"exclusive_wall_ms":2.562042000,"exclusive_device_sum_ms":0.211833278,"child_observer_wall_ms":0.000000000,"count_scope":"inclusive","owner_commits":1,"projection_invocations":0}
RISE_FIRE_OWNER_PROFILE_V1 {"scope":30,"parent":29,"phase":"ProjectionAdapter","stage":0,"raw_iteration":2147483650,"iteration_kind":"terminal","wall_ms":192.759333000,"device_sum_ms":189.730874961,"wall_minus_device_ms":3.028458039,"exclusive_wall_ms":192.759333000,"exclusive_device_sum_ms":189.730874961,"child_observer_wall_ms":0.000000000,"count_scope":"inclusive","owner_commits":0,"projection_invocations":1}
RISE_FIRE_OWNER_PROFILE_V1 {"scope":29,"parent":28,"phase":"Project","stage":0,"raw_iteration":2147483650,"iteration_kind":"terminal","wall_ms":193.338750000,"device_sum_ms":189.770833356,"wall_minus_device_ms":3.567916644,"exclusive_wall_ms":0.558625000,"exclusive_device_sum_ms":0.039958395,"child_observer_wall_ms":0.020792000,"count_scope":"inclusive","owner_commits":2,"projection_invocations":1}
RISE_FIRE_OWNER_PROFILE_V1 {"scope":31,"parent":28,"phase":"ReadOpenClass","stage":0,"raw_iteration":2147483650,"iteration_kind":"terminal","wall_ms":0.162375000,"device_sum_ms":0.002791639,"wall_minus_device_ms":0.159583361,"exclusive_wall_ms":0.162375000,"exclusive_device_sum_ms":0.002791639,"child_observer_wall_ms":0.000000000,"count_scope":"inclusive","owner_commits":1,"projection_invocations":0}
RISE_FIRE_OWNER_PROFILE_V1 {"scope":32,"parent":28,"phase":"ReadOpenClass","stage":0,"raw_iteration":2147483650,"iteration_kind":"terminal","wall_ms":0.139959000,"device_sum_ms":0.002458459,"wall_minus_device_ms":0.137500541,"exclusive_wall_ms":0.139959000,"exclusive_device_sum_ms":0.002458459,"child_observer_wall_ms":0.000000000,"count_scope":"inclusive","owner_commits":1,"projection_invocations":0}
PRODUCER_COMMAND_V1 stage=0 raw_iteration=2147483650 cpu_begin=1943500135205541 cpu_end=1943505503546208 gpu_begin=1943500135205541 gpu_end=1943505503546208 device_ms=5286.4576666615903 encoders=38 interval_scope=possibly_overlapping
PRODUCER_KERNEL_V1 stage=0 raw_iteration=2147483650 ordinal=0 kernel=owner_pack_faces threads=1533387 begin_tick=1943500216974666 end_tick=1943500217027458 ms_per_tick=9.9999999999999995e-07 device_ms=0.052791999999999999
PRODUCER_KERNEL_V1 stage=0 raw_iteration=2147483650 ordinal=1 kernel=owner_pack_faces threads=1533387 begin_tick=1943500217027291 end_tick=1943500217428083 ms_per_tick=9.9999999999999995e-07 device_ms=0.40079199999999998
PRODUCER_KERNEL_V1 stage=0 raw_iteration=2147483650 ordinal=2 kernel=owner_pack_faces threads=1533387 begin_tick=1943500216974166 end_tick=1943500217027291 ms_per_tick=9.9999999999999995e-07 device_ms=0.053124999999999999
PRODUCER_KERNEL_V1 stage=0 raw_iteration=2147483650 ordinal=3 kernel=fct_extract_gas_density threads=504666 begin_tick=1943500217027875 end_tick=1943500217073458 ms_per_tick=9.9999999999999995e-07 device_ms=0.045582999999999999
PRODUCER_KERNEL_V1 stage=0 raw_iteration=2147483650 ordinal=4 kernel=owner_gas_source threads=504666 begin_tick=1943500217428458 end_tick=1943500217658666 ms_per_tick=9.9999999999999995e-07 device_ms=0.230208
PRODUCER_KERNEL_V1 stage=0 raw_iteration=2147483650 ordinal=5 kernel=evaluate_resident_transport threads=504666 begin_tick=1943500217073458 end_tick=1943500217676875 ms_per_tick=9.9999999999999995e-07 device_ms=0.60341699999999998
PRODUCER_KERNEL_V1 stage=0 raw_iteration=2147483650 ordinal=6 kernel=identify_resident_transport threads=1 begin_tick=1943500217677291 end_tick=1943500807551208 ms_per_tick=9.9999999999999995e-07 device_ms=589.87391700000001
PRODUCER_KERNEL_V1 stage=0 raw_iteration=2147483650 ordinal=7 kernel=owner_bind_transport threads=1 begin_tick=1943500807568000 end_tick=1943500807572208 ms_per_tick=9.9999999999999995e-07 device_ms=0.0042079999999999999
PRODUCER_KERNEL_V1 stage=0 raw_iteration=2147483650 ordinal=8 kernel=identify_resident_owner_endpoint_class threads=1 begin_tick=1943500807572541 end_tick=1943500810024833 ms_per_tick=9.9999999999999995e-07 device_ms=2.4522919999999999
PRODUCER_KERNEL_V1 stage=0 raw_iteration=2147483650 ordinal=9 kernel=evaluate_resident_physical_flux threads=1533387 begin_tick=1943500810025416 end_tick=1943500811163583 ms_per_tick=9.9999999999999995e-07 device_ms=1.1381669999999999
PRODUCER_KERNEL_V1 stage=0 raw_iteration=2147483650 ordinal=10 kernel=evaluate_resident_advective_pair threads=13800483 begin_tick=1943500811164125 end_tick=1943500818238291 ms_per_tick=9.9999999999999995e-07 device_ms=7.074166
PRODUCER_KERNEL_V1 stage=0 raw_iteration=2147483650 ordinal=11 kernel=finalize_resident_advective_high threads=13800483 begin_tick=1943500818239041 end_tick=1943500818658583 ms_per_tick=9.9999999999999995e-07 device_ms=0.41954199999999997
PRODUCER_KERNEL_V1 stage=0 raw_iteration=2147483650 ordinal=12 kernel=compose_resident_flux_pair threads=13800483 begin_tick=1943500818658958 end_tick=1943500819546541 ms_per_tick=9.9999999999999995e-07 device_ms=0.88758300000000001
PRODUCER_KERNEL_V1 stage=0 raw_iteration=2147483650 ordinal=13 kernel=validate_resident_physical_flux threads=13800483 begin_tick=1943500819547041 end_tick=1943500820416000 ms_per_tick=9.9999999999999995e-07 device_ms=0.86895899999999993
PRODUCER_KERNEL_V1 stage=0 raw_iteration=2147483650 ordinal=14 kernel=identify_resident_physical_flux threads=1 begin_tick=1943500820416500 end_tick=1943504060954833 ms_per_tick=9.9999999999999995e-07 device_ms=3240.538333
PRODUCER_KERNEL_V1 stage=0 raw_iteration=2147483650 ordinal=15 kernel=fct_build_ratios threads=5551326 begin_tick=1943504060970083 end_tick=1943504064559166 ms_per_tick=9.9999999999999995e-07 device_ms=3.589083
PRODUCER_KERNEL_V1 stage=0 raw_iteration=2147483650 ordinal=16 kernel=fct_build_face_alpha threads=1533387 begin_tick=1943504064559791 end_tick=1943504064825666 ms_per_tick=9.9999999999999995e-07 device_ms=0.26587499999999997
PRODUCER_KERNEL_V1 stage=0 raw_iteration=2147483650 ordinal=17 kernel=fct_commit_scalar threads=504666 begin_tick=1943504064826083 end_tick=1943504065016458 ms_per_tick=9.9999999999999995e-07 device_ms=0.19037499999999999
PRODUCER_KERNEL_V1 stage=0 raw_iteration=2147483650 ordinal=18 kernel=owner_bind_candidate threads=1 begin_tick=1943504065017000 end_tick=1943504506994666 ms_per_tick=9.9999999999999995e-07 device_ms=441.977666
PRODUCER_KERNEL_V1 stage=0 raw_iteration=2147483650 ordinal=19 kernel=finalize_resident_eos_candidate threads=1 begin_tick=1943504507009916 end_tick=1943504507012875 ms_per_tick=9.9999999999999995e-07 device_ms=0.0029589999999999998
PRODUCER_KERNEL_V1 stage=0 raw_iteration=2147483650 ordinal=20 kernel=evaluate_resident_eos_candidate threads=504666 begin_tick=1943504507013250 end_tick=1943505115321833 ms_per_tick=9.9999999999999995e-07 device_ms=608.308583
PRODUCER_KERNEL_V1 stage=0 raw_iteration=2147483650 ordinal=21 kernel=finalize_resident_eos_candidate threads=1 begin_tick=1943505115337333 end_tick=1943505115340000 ms_per_tick=9.9999999999999995e-07 device_ms=0.0026669999999999997
PRODUCER_KERNEL_V1 stage=0 raw_iteration=2147483650 ordinal=22 kernel=identify_resident_eos threads=1 begin_tick=1943505115340375 end_tick=1943505159711375 ms_per_tick=9.9999999999999995e-07 device_ms=44.370999999999995
PRODUCER_KERNEL_V1 stage=0 raw_iteration=2147483650 ordinal=23 kernel=produce_resident_frozen_source threads=504666 begin_tick=1943505159711958 end_tick=1943505159742083 ms_per_tick=9.9999999999999995e-07 device_ms=0.030124999999999999
PRODUCER_KERNEL_V1 stage=0 raw_iteration=2147483650 ordinal=24 kernel=identify_resident_frozen_source threads=1 begin_tick=1943505159742500 end_tick=1943505195063708 ms_per_tick=9.9999999999999995e-07 device_ms=35.321207999999999
PRODUCER_KERNEL_V1 stage=0 raw_iteration=2147483650 ordinal=25 kernel=evaluate_resident_target_terms threads=504666 begin_tick=1943505195064458 end_tick=1943505317913916 ms_per_tick=9.9999999999999995e-07 device_ms=122.849458
PRODUCER_KERNEL_V1 stage=0 raw_iteration=2147483650 ordinal=26 kernel=finalize_resident_target threads=1 begin_tick=1943505317929041 end_tick=1943505317932333 ms_per_tick=9.9999999999999995e-07 device_ms=0.0032919999999999998
PRODUCER_KERNEL_V1 stage=0 raw_iteration=2147483650 ordinal=27 kernel=identify_resident_target threads=1 begin_tick=1943505317932666 end_tick=1943505375771083 ms_per_tick=9.9999999999999995e-07 device_ms=57.838417
PRODUCER_KERNEL_V1 stage=0 raw_iteration=2147483650 ordinal=28 kernel=issue_resident_projection_consumer threads=1 begin_tick=1943505375771833 end_tick=1943505375776291 ms_per_tick=9.9999999999999995e-07 device_ms=0.0044580000000000002
PRODUCER_KERNEL_V1 stage=0 raw_iteration=2147483650 ordinal=29 kernel=consume_resident_target threads=1 begin_tick=1943505375776708 end_tick=1943505413066500 ms_per_tick=9.9999999999999995e-07 device_ms=37.289791999999998
PRODUCER_KERNEL_V1 stage=0 raw_iteration=2147483650 ordinal=30 kernel=owner_compose_target threads=504666 begin_tick=1943505413067250 end_tick=1943505413145666 ms_per_tick=9.9999999999999995e-07 device_ms=0.078416
PRODUCER_KERNEL_V1 stage=0 raw_iteration=2147483650 ordinal=31 kernel=finalize_resident_target threads=1 begin_tick=1943505413146041 end_tick=1943505413149125 ms_per_tick=9.9999999999999995e-07 device_ms=0.0030839999999999999
PRODUCER_KERNEL_V1 stage=0 raw_iteration=2147483650 ordinal=32 kernel=owner_identify_target threads=1 begin_tick=1943505413149500 end_tick=1943505464963333 ms_per_tick=9.9999999999999995e-07 device_ms=51.813832999999995
PRODUCER_KERNEL_V1 stage=0 raw_iteration=2147483650 ordinal=33 kernel=issue_resident_projection_consumer threads=1 begin_tick=1943505464979458 end_tick=1943505464983375 ms_per_tick=9.9999999999999995e-07 device_ms=0.0039169999999999995
PRODUCER_KERNEL_V1 stage=0 raw_iteration=2147483650 ordinal=34 kernel=consume_resident_target threads=1 begin_tick=1943505464983791 end_tick=1943505502443083 ms_per_tick=9.9999999999999995e-07 device_ms=37.459291999999998
PRODUCER_KERNEL_V1 stage=0 raw_iteration=2147483650 ordinal=35 kernel=owner_issue_stage_seal threads=1 begin_tick=1943505502458583 end_tick=1943505502462041 ms_per_tick=9.9999999999999995e-07 device_ms=0.0034579999999999997
PRODUCER_KERNEL_V1 stage=0 raw_iteration=2147483650 ordinal=36 kernel=fct_compatible_stage_rate threads=1533387 begin_tick=1943505502856875 end_tick=1943505503376000 ms_per_tick=9.9999999999999995e-07 device_ms=0.51912499999999995
PRODUCER_KERNEL_V1 stage=0 raw_iteration=2147483650 ordinal=37 kernel=owner_predict_momentum threads=1533387 begin_tick=1943505503376416 end_tick=1943505503425958 ms_per_tick=9.9999999999999995e-07 device_ms=0.049541999999999996
RISE_FIRE_OWNER_PROFILE_V1 {"scope":33,"parent":28,"phase":"BuildStageProducerGroup","stage":0,"raw_iteration":2147483650,"iteration_kind":"terminal","wall_ms":5368.519250000,"device_sum_ms":5286.457666662,"wall_minus_device_ms":82.061583338,"exclusive_wall_ms":5368.519250000,"exclusive_device_sum_ms":5286.457666662,"child_observer_wall_ms":0.000000000,"count_scope":"inclusive","owner_commits":1,"projection_invocations":0}
RISE_FIRE_OWNER_PROFILE_V1 {"scope":34,"parent":28,"phase":"AlphaResidual","stage":0,"raw_iteration":2147483650,"iteration_kind":"terminal","wall_ms":2.550750000,"device_sum_ms":0.218250090,"wall_minus_device_ms":2.332499910,"exclusive_wall_ms":2.550750000,"exclusive_device_sum_ms":0.218250090,"child_observer_wall_ms":0.000000000,"count_scope":"inclusive","owner_commits":1,"projection_invocations":0}
RISE_FIRE_OWNER_PROFILE_V1 {"scope":35,"parent":28,"phase":"Residual","stage":0,"raw_iteration":2147483650,"iteration_kind":"terminal","wall_ms":0.409000000,"device_sum_ms":0.233124942,"wall_minus_device_ms":0.175875058,"exclusive_wall_ms":0.409000000,"exclusive_device_sum_ms":0.233124942,"child_observer_wall_ms":0.000000000,"count_scope":"inclusive","owner_commits":1,"projection_invocations":0}
RISE_FIRE_OWNER_PROFILE_V1 {"scope":28,"parent":21,"phase":"TerminalVerification","stage":0,"raw_iteration":2147483650,"iteration_kind":"terminal","wall_ms":5565.185667000,"device_sum_ms":5476.685125148,"wall_minus_device_ms":88.500541852,"exclusive_wall_ms":0.004125000,"exclusive_device_sum_ms":0.000000000,"child_observer_wall_ms":0.061458000,"count_scope":"inclusive","owner_commits":7,"projection_invocations":1}
RISE_FIRE_OWNER_PROFILE_V1 {"scope":21,"parent":3,"phase":"PicardIteration","stage":0,"raw_iteration":2,"iteration_kind":"picard","wall_ms":11120.221708000,"device_sum_ms":10940.269833663,"wall_minus_device_ms":179.951874337,"exclusive_wall_ms":2.500790000,"exclusive_device_sum_ms":0.000000000,"child_observer_wall_ms":0.062792000,"count_scope":"inclusive","owner_commits":13,"projection_invocations":2}
RISE_FIRE_OWNER_PROFILE_V1 {"scope":3,"parent":1,"phase":"SolveStage","stage":0,"raw_iteration":4294967295,"iteration_kind":"bootstrap","wall_ms":27824.566625000,"device_sum_ms":27371.765792137,"wall_minus_device_ms":452.800832863,"exclusive_wall_ms":2.106209000,"exclusive_device_sum_ms":0.000000000,"child_observer_wall_ms":0.048875000,"count_scope":"inclusive","owner_commits":28,"projection_invocations":5}
RISE_FIRE_OWNER_PROFILE_V1 {"scope":38,"parent":37,"phase":"ProjectionAdapter","stage":1,"raw_iteration":4294967295,"iteration_kind":"bootstrap","wall_ms":193.990875000,"device_sum_ms":191.035249969,"wall_minus_device_ms":2.955625031,"exclusive_wall_ms":193.990875000,"exclusive_device_sum_ms":191.035249969,"child_observer_wall_ms":0.000000000,"count_scope":"inclusive","owner_commits":0,"projection_invocations":1}
RISE_FIRE_OWNER_PROFILE_V1 {"scope":37,"parent":36,"phase":"Project","stage":1,"raw_iteration":4294967295,"iteration_kind":"bootstrap","wall_ms":194.595208000,"device_sum_ms":191.077499883,"wall_minus_device_ms":3.517708117,"exclusive_wall_ms":0.579833000,"exclusive_device_sum_ms":0.042249914,"child_observer_wall_ms":0.024500000,"count_scope":"inclusive","owner_commits":2,"projection_invocations":1}
PRODUCER_COMMAND_V1 stage=1 raw_iteration=4294967295 cpu_begin=1943505705957875 cpu_end=1943512203420791 gpu_begin=1943505705957875 gpu_end=1943512203420791 device_ms=6416.0346249118447 encoders=41 interval_scope=possibly_overlapping
PRODUCER_KERNEL_V1 stage=1 raw_iteration=4294967295 ordinal=0 kernel=owner_pack_faces threads=1533387 begin_tick=1943505787266416 end_tick=1943505787630708 ms_per_tick=9.9999999999999995e-07 device_ms=0.364292
PRODUCER_KERNEL_V1 stage=1 raw_iteration=4294967295 ordinal=1 kernel=owner_pack_faces threads=1533387 begin_tick=1943505787330375 end_tick=1943505787630833 ms_per_tick=9.9999999999999995e-07 device_ms=0.300458
PRODUCER_KERNEL_V1 stage=1 raw_iteration=4294967295 ordinal=2 kernel=owner_pack_faces threads=1533387 begin_tick=1943505787630708 end_tick=1943505788804875 ms_per_tick=9.9999999999999995e-07 device_ms=1.174167
PRODUCER_KERNEL_V1 stage=1 raw_iteration=4294967295 ordinal=3 kernel=fct_extract_gas_density threads=504666 begin_tick=1943505788832000 end_tick=1943505789190458 ms_per_tick=9.9999999999999995e-07 device_ms=0.358458
PRODUCER_KERNEL_V1 stage=1 raw_iteration=4294967295 ordinal=4 kernel=owner_gas_source threads=504666 begin_tick=1943505787631250 end_tick=1943505788664208 ms_per_tick=9.9999999999999995e-07 device_ms=1.032958
PRODUCER_KERNEL_V1 stage=1 raw_iteration=4294967295 ordinal=5 kernel=evaluate_resident_transport threads=504666 begin_tick=1943505788832333 end_tick=1943505789446333 ms_per_tick=9.9999999999999995e-07 device_ms=0.61399999999999999
PRODUCER_KERNEL_V1 stage=1 raw_iteration=4294967295 ordinal=6 kernel=identify_resident_transport threads=1 begin_tick=1943505789446750 end_tick=1943506380218458 ms_per_tick=9.9999999999999995e-07 device_ms=590.77170799999999
PRODUCER_KERNEL_V1 stage=1 raw_iteration=4294967295 ordinal=7 kernel=owner_bind_transport threads=1 begin_tick=1943506380234750 end_tick=1943506380238208 ms_per_tick=9.9999999999999995e-07 device_ms=0.0034579999999999997
PRODUCER_KERNEL_V1 stage=1 raw_iteration=4294967295 ordinal=8 kernel=identify_resident_owner_endpoint_class threads=1 begin_tick=1943506380238625 end_tick=1943506382682041 ms_per_tick=9.9999999999999995e-07 device_ms=2.443416
PRODUCER_KERNEL_V1 stage=1 raw_iteration=4294967295 ordinal=9 kernel=evaluate_resident_physical_flux threads=1533387 begin_tick=1943506382682500 end_tick=1943506383825416 ms_per_tick=9.9999999999999995e-07 device_ms=1.142916
PRODUCER_KERNEL_V1 stage=1 raw_iteration=4294967295 ordinal=10 kernel=evaluate_resident_advective_pair threads=13800483 begin_tick=1943506383825916 end_tick=1943506392168916 ms_per_tick=9.9999999999999995e-07 device_ms=8.343
PRODUCER_KERNEL_V1 stage=1 raw_iteration=4294967295 ordinal=11 kernel=finalize_resident_advective_high threads=13800483 begin_tick=1943506392187916 end_tick=1943506392608000 ms_per_tick=9.9999999999999995e-07 device_ms=0.42008399999999996
PRODUCER_KERNEL_V1 stage=1 raw_iteration=4294967295 ordinal=12 kernel=compose_resident_flux_pair threads=13800483 begin_tick=1943506392608375 end_tick=1943506393492291 ms_per_tick=9.9999999999999995e-07 device_ms=0.88391599999999992
PRODUCER_KERNEL_V1 stage=1 raw_iteration=4294967295 ordinal=13 kernel=validate_resident_physical_flux threads=13800483 begin_tick=1943506393492833 end_tick=1943506394322125 ms_per_tick=9.9999999999999995e-07 device_ms=0.82929199999999992
PRODUCER_KERNEL_V1 stage=1 raw_iteration=4294967295 ordinal=14 kernel=identify_resident_physical_flux threads=1 begin_tick=1943506394322791 end_tick=1943509635255583 ms_per_tick=9.9999999999999995e-07 device_ms=3240.9327920000001
PRODUCER_KERNEL_V1 stage=1 raw_iteration=4294967295 ordinal=15 kernel=owner_average_flux threads=13800483 begin_tick=1943509635272208 end_tick=1943509636072875 ms_per_tick=9.9999999999999995e-07 device_ms=0.80066700000000002
PRODUCER_KERNEL_V1 stage=1 raw_iteration=4294967295 ordinal=16 kernel=owner_bind_averaged_flux threads=1 begin_tick=1943509636073541 end_tick=1943510766537125 ms_per_tick=9.9999999999999995e-07 device_ms=1130.4635839999999
PRODUCER_KERNEL_V1 stage=1 raw_iteration=4294967295 ordinal=17 kernel=fct_build_ratios threads=5551326 begin_tick=1943510766552708 end_tick=1943510770166375 ms_per_tick=9.9999999999999995e-07 device_ms=3.613667
PRODUCER_KERNEL_V1 stage=1 raw_iteration=4294967295 ordinal=18 kernel=fct_build_face_alpha threads=1533387 begin_tick=1943510770167000 end_tick=1943510770432375 ms_per_tick=9.9999999999999995e-07 device_ms=0.26537499999999997
PRODUCER_KERNEL_V1 stage=1 raw_iteration=4294967295 ordinal=19 kernel=fct_commit_scalar threads=504666 begin_tick=1943510770433125 end_tick=1943510770624625 ms_per_tick=9.9999999999999995e-07 device_ms=0.1915
PRODUCER_KERNEL_V1 stage=1 raw_iteration=4294967295 ordinal=20 kernel=owner_bind_candidate threads=1 begin_tick=1943510770625000 end_tick=1943511212762958 ms_per_tick=9.9999999999999995e-07 device_ms=442.13795799999997
PRODUCER_KERNEL_V1 stage=1 raw_iteration=4294967295 ordinal=21 kernel=finalize_resident_eos_candidate threads=1 begin_tick=1943511212778666 end_tick=1943511212781500 ms_per_tick=9.9999999999999995e-07 device_ms=0.0028339999999999997
PRODUCER_KERNEL_V1 stage=1 raw_iteration=4294967295 ordinal=22 kernel=evaluate_resident_eos_candidate threads=504666 begin_tick=1943511212781916 end_tick=1943511810581083 ms_per_tick=9.9999999999999995e-07 device_ms=597.79916700000001
PRODUCER_KERNEL_V1 stage=1 raw_iteration=4294967295 ordinal=23 kernel=finalize_resident_eos_candidate threads=1 begin_tick=1943511810596166 end_tick=1943511810598666 ms_per_tick=9.9999999999999995e-07 device_ms=0.0025000000000000001
PRODUCER_KERNEL_V1 stage=1 raw_iteration=4294967295 ordinal=24 kernel=identify_resident_eos threads=1 begin_tick=1943511810599125 end_tick=1943511854848958 ms_per_tick=9.9999999999999995e-07 device_ms=44.249832999999995
PRODUCER_KERNEL_V1 stage=1 raw_iteration=4294967295 ordinal=25 kernel=produce_resident_frozen_source threads=504666 begin_tick=1943511854860041 end_tick=1943511855602916 ms_per_tick=9.9999999999999995e-07 device_ms=0.74287499999999995
PRODUCER_KERNEL_V1 stage=1 raw_iteration=4294967295 ordinal=26 kernel=identify_resident_frozen_source threads=1 begin_tick=1943511855623375 end_tick=1943511891323833 ms_per_tick=9.9999999999999995e-07 device_ms=35.700457999999998
PRODUCER_KERNEL_V1 stage=1 raw_iteration=4294967295 ordinal=27 kernel=evaluate_resident_target_terms threads=504666 begin_tick=1943511891338666 end_tick=1943512017261750 ms_per_tick=9.9999999999999995e-07 device_ms=125.92308399999999
PRODUCER_KERNEL_V1 stage=1 raw_iteration=4294967295 ordinal=28 kernel=finalize_resident_target threads=1 begin_tick=1943512017275916 end_tick=1943512017279000 ms_per_tick=9.9999999999999995e-07 device_ms=0.0030839999999999999
PRODUCER_KERNEL_V1 stage=1 raw_iteration=4294967295 ordinal=29 kernel=identify_resident_target threads=1 begin_tick=1943512017279416 end_tick=1943512075563916 ms_per_tick=9.9999999999999995e-07 device_ms=58.284499999999994
PRODUCER_KERNEL_V1 stage=1 raw_iteration=4294967295 ordinal=30 kernel=issue_resident_projection_consumer threads=1 begin_tick=1943512075580666 end_tick=1943512075584833 ms_per_tick=9.9999999999999995e-07 device_ms=0.0041669999999999997
PRODUCER_KERNEL_V1 stage=1 raw_iteration=4294967295 ordinal=31 kernel=consume_resident_target threads=1 begin_tick=1943512075585125 end_tick=1943512113109458 ms_per_tick=9.9999999999999995e-07 device_ms=37.524332999999999
PRODUCER_KERNEL_V1 stage=1 raw_iteration=4294967295 ordinal=32 kernel=owner_compose_target threads=504666 begin_tick=1943512113125750 end_tick=1943512113156583 ms_per_tick=9.9999999999999995e-07 device_ms=0.030832999999999999
PRODUCER_KERNEL_V1 stage=1 raw_iteration=4294967295 ordinal=33 kernel=finalize_resident_target threads=1 begin_tick=1943512113157000 end_tick=1943512113159833 ms_per_tick=9.9999999999999995e-07 device_ms=0.002833
PRODUCER_KERNEL_V1 stage=1 raw_iteration=4294967295 ordinal=34 kernel=owner_identify_target threads=1 begin_tick=1943512113160250 end_tick=1943512164530125 ms_per_tick=9.9999999999999995e-07 device_ms=51.369875
PRODUCER_KERNEL_V1 stage=1 raw_iteration=4294967295 ordinal=35 kernel=issue_resident_projection_consumer threads=1 begin_tick=1943512164530875 end_tick=1943512164535208 ms_per_tick=9.9999999999999995e-07 device_ms=0.004333
PRODUCER_KERNEL_V1 stage=1 raw_iteration=4294967295 ordinal=36 kernel=consume_resident_target threads=1 begin_tick=1943512164535583 end_tick=1943512201784916 ms_per_tick=9.9999999999999995e-07 device_ms=37.249333
PRODUCER_KERNEL_V1 stage=1 raw_iteration=4294967295 ordinal=37 kernel=owner_issue_stage_seal threads=1 begin_tick=1943512201785625 end_tick=1943512201789333 ms_per_tick=9.9999999999999995e-07 device_ms=0.0037079999999999999
PRODUCER_KERNEL_V1 stage=1 raw_iteration=4294967295 ordinal=38 kernel=fct_compatible_stage_rate threads=1533387 begin_tick=1943512202185291 end_tick=1943512202706208 ms_per_tick=9.9999999999999995e-07 device_ms=0.52091699999999996
PRODUCER_KERNEL_V1 stage=1 raw_iteration=4294967295 ordinal=39 kernel=fct_compatible_stage_rate threads=1533387 begin_tick=1943512202706708 end_tick=1943512203206541 ms_per_tick=9.9999999999999995e-07 device_ms=0.49983299999999997
PRODUCER_KERNEL_V1 stage=1 raw_iteration=4294967295 ordinal=40 kernel=owner_heun_momentum threads=1533387 begin_tick=1943512203207250 end_tick=1943512203298333 ms_per_tick=9.9999999999999995e-07 device_ms=0.091082999999999997
RISE_FIRE_OWNER_PROFILE_V1 {"scope":39,"parent":36,"phase":"BuildStageProducerGroup","stage":1,"raw_iteration":4294967295,"iteration_kind":"bootstrap","wall_ms":6497.671208000,"device_sum_ms":6416.034624912,"wall_minus_device_ms":81.636583088,"exclusive_wall_ms":6497.671208000,"exclusive_device_sum_ms":6416.034624912,"child_observer_wall_ms":0.000000000,"count_scope":"inclusive","owner_commits":1,"projection_invocations":0}
RISE_FIRE_OWNER_PROFILE_V1 {"scope":42,"parent":41,"phase":"ProjectionAdapter","stage":1,"raw_iteration":0,"iteration_kind":"picard","wall_ms":192.421042000,"device_sum_ms":189.275624929,"wall_minus_device_ms":3.145417071,"exclusive_wall_ms":192.421042000,"exclusive_device_sum_ms":189.275624929,"child_observer_wall_ms":0.000000000,"count_scope":"inclusive","owner_commits":0,"projection_invocations":1}
RISE_FIRE_OWNER_PROFILE_V1 {"scope":41,"parent":40,"phase":"Project","stage":1,"raw_iteration":0,"iteration_kind":"picard","wall_ms":199.602750000,"device_sum_ms":189.331458183,"wall_minus_device_ms":10.271291817,"exclusive_wall_ms":7.160417000,"exclusive_device_sum_ms":0.055833254,"child_observer_wall_ms":0.021291000,"count_scope":"inclusive","owner_commits":2,"projection_invocations":1}
RISE_FIRE_OWNER_PROFILE_V1 {"scope":43,"parent":40,"phase":"ReadOpenClass","stage":1,"raw_iteration":0,"iteration_kind":"picard","wall_ms":0.171833000,"device_sum_ms":0.002624933,"wall_minus_device_ms":0.169208067,"exclusive_wall_ms":0.171833000,"exclusive_device_sum_ms":0.002624933,"child_observer_wall_ms":0.000000000,"count_scope":"inclusive","owner_commits":1,"projection_invocations":0}
RISE_FIRE_OWNER_PROFILE_V1 {"scope":44,"parent":40,"phase":"ReadOpenClass","stage":1,"raw_iteration":0,"iteration_kind":"picard","wall_ms":0.142458000,"device_sum_ms":0.002375105,"wall_minus_device_ms":0.140082895,"exclusive_wall_ms":0.142458000,"exclusive_device_sum_ms":0.002375105,"child_observer_wall_ms":0.000000000,"count_scope":"inclusive","owner_commits":1,"projection_invocations":0}
PRODUCER_COMMAND_V1 stage=1 raw_iteration=0 cpu_begin=1943512403574750 cpu_end=1943518920516250 gpu_begin=1943512403574750 gpu_end=1943518920516250 device_ms=6435.0830833427608 encoders=41 interval_scope=possibly_overlapping
PRODUCER_KERNEL_V1 stage=1 raw_iteration=0 ordinal=0 kernel=owner_pack_faces threads=1533387 begin_tick=1943512485327791 end_tick=1943512485381208 ms_per_tick=9.9999999999999995e-07 device_ms=0.053416999999999999
PRODUCER_KERNEL_V1 stage=1 raw_iteration=0 ordinal=1 kernel=owner_pack_faces threads=1533387 begin_tick=1943512485380583 end_tick=1943512485854791 ms_per_tick=9.9999999999999995e-07 device_ms=0.47420799999999996
PRODUCER_KERNEL_V1 stage=1 raw_iteration=0 ordinal=2 kernel=owner_pack_faces threads=1533387 begin_tick=1943512485325041 end_tick=1943512485380583 ms_per_tick=9.9999999999999995e-07 device_ms=0.055541999999999994
PRODUCER_KERNEL_V1 stage=1 raw_iteration=0 ordinal=3 kernel=fct_extract_gas_density threads=504666 begin_tick=1943512485381625 end_tick=1943512485430375 ms_per_tick=9.9999999999999995e-07 device_ms=0.048749999999999995
PRODUCER_KERNEL_V1 stage=1 raw_iteration=0 ordinal=4 kernel=owner_gas_source threads=504666 begin_tick=1943512485855166 end_tick=1943512486012708 ms_per_tick=9.9999999999999995e-07 device_ms=0.15754199999999999
PRODUCER_KERNEL_V1 stage=1 raw_iteration=0 ordinal=5 kernel=evaluate_resident_transport threads=504666 begin_tick=1943512485430375 end_tick=1943512486032458 ms_per_tick=9.9999999999999995e-07 device_ms=0.60208299999999992
PRODUCER_KERNEL_V1 stage=1 raw_iteration=0 ordinal=6 kernel=identify_resident_transport threads=1 begin_tick=1943512486032875 end_tick=1943513075739458 ms_per_tick=9.9999999999999995e-07 device_ms=589.70658300000002
PRODUCER_KERNEL_V1 stage=1 raw_iteration=0 ordinal=7 kernel=owner_bind_transport threads=1 begin_tick=1943513075752208 end_tick=1943513075756666 ms_per_tick=9.9999999999999995e-07 device_ms=0.0044580000000000002
PRODUCER_KERNEL_V1 stage=1 raw_iteration=0 ordinal=8 kernel=identify_resident_owner_endpoint_class threads=1 begin_tick=1943513075757000 end_tick=1943513078176791 ms_per_tick=9.9999999999999995e-07 device_ms=2.419791
PRODUCER_KERNEL_V1 stage=1 raw_iteration=0 ordinal=9 kernel=evaluate_resident_physical_flux threads=1533387 begin_tick=1943513078177375 end_tick=1943513079318000 ms_per_tick=9.9999999999999995e-07 device_ms=1.140625
PRODUCER_KERNEL_V1 stage=1 raw_iteration=0 ordinal=10 kernel=evaluate_resident_advective_pair threads=13800483 begin_tick=1943513079318375 end_tick=1943513086395041 ms_per_tick=9.9999999999999995e-07 device_ms=7.0766659999999995
PRODUCER_KERNEL_V1 stage=1 raw_iteration=0 ordinal=11 kernel=finalize_resident_advective_high threads=13800483 begin_tick=1943513086395833 end_tick=1943513086814708 ms_per_tick=9.9999999999999995e-07 device_ms=0.418875
PRODUCER_KERNEL_V1 stage=1 raw_iteration=0 ordinal=12 kernel=compose_resident_flux_pair threads=13800483 begin_tick=1943513086815083 end_tick=1943513087695083 ms_per_tick=9.9999999999999995e-07 device_ms=0.88
PRODUCER_KERNEL_V1 stage=1 raw_iteration=0 ordinal=13 kernel=validate_resident_physical_flux threads=13800483 begin_tick=1943513087695583 end_tick=1943513089893416 ms_per_tick=9.9999999999999995e-07 device_ms=2.1978329999999997
PRODUCER_KERNEL_V1 stage=1 raw_iteration=0 ordinal=14 kernel=identify_resident_physical_flux threads=1 begin_tick=1943513089894041 end_tick=1943516328453833 ms_per_tick=9.9999999999999995e-07 device_ms=3238.559792
PRODUCER_KERNEL_V1 stage=1 raw_iteration=0 ordinal=15 kernel=owner_average_flux threads=13800483 begin_tick=1943516328469750 end_tick=1943516329278666 ms_per_tick=9.9999999999999995e-07 device_ms=0.80891599999999997
PRODUCER_KERNEL_V1 stage=1 raw_iteration=0 ordinal=16 kernel=owner_bind_averaged_flux threads=1 begin_tick=1943516329279208 end_tick=1943517461771166 ms_per_tick=9.9999999999999995e-07 device_ms=1132.4919579999998
PRODUCER_KERNEL_V1 stage=1 raw_iteration=0 ordinal=17 kernel=fct_build_ratios threads=5551326 begin_tick=1943517461788000 end_tick=1943517465375250 ms_per_tick=9.9999999999999995e-07 device_ms=3.58725
PRODUCER_KERNEL_V1 stage=1 raw_iteration=0 ordinal=18 kernel=fct_build_face_alpha threads=1533387 begin_tick=1943517465375916 end_tick=1943517465642083 ms_per_tick=9.9999999999999995e-07 device_ms=0.26616699999999999
PRODUCER_KERNEL_V1 stage=1 raw_iteration=0 ordinal=19 kernel=fct_commit_scalar threads=504666 begin_tick=1943517465642958 end_tick=1943517465834500 ms_per_tick=9.9999999999999995e-07 device_ms=0.19154199999999999
PRODUCER_KERNEL_V1 stage=1 raw_iteration=0 ordinal=20 kernel=owner_bind_candidate threads=1 begin_tick=1943517465834916 end_tick=1943517907590291 ms_per_tick=9.9999999999999995e-07 device_ms=441.75537499999996
PRODUCER_KERNEL_V1 stage=1 raw_iteration=0 ordinal=21 kernel=finalize_resident_eos_candidate threads=1 begin_tick=1943517907606291 end_tick=1943517907609083 ms_per_tick=9.9999999999999995e-07 device_ms=0.0027919999999999998
PRODUCER_KERNEL_V1 stage=1 raw_iteration=0 ordinal=22 kernel=evaluate_resident_eos_candidate threads=504666 begin_tick=1943517907609500 end_tick=1943518527379541 ms_per_tick=9.9999999999999995e-07 device_ms=619.77004099999999
PRODUCER_KERNEL_V1 stage=1 raw_iteration=0 ordinal=23 kernel=finalize_resident_eos_candidate threads=1 begin_tick=1943518527395083 end_tick=1943518527397750 ms_per_tick=9.9999999999999995e-07 device_ms=0.0026669999999999997
PRODUCER_KERNEL_V1 stage=1 raw_iteration=0 ordinal=24 kernel=identify_resident_eos threads=1 begin_tick=1943518527398041 end_tick=1943518571819958 ms_per_tick=9.9999999999999995e-07 device_ms=44.421917000000001
PRODUCER_KERNEL_V1 stage=1 raw_iteration=0 ordinal=25 kernel=produce_resident_frozen_source threads=504666 begin_tick=1943518571841083 end_tick=1943518571906875 ms_per_tick=9.9999999999999995e-07 device_ms=0.065792000000000003
PRODUCER_KERNEL_V1 stage=1 raw_iteration=0 ordinal=26 kernel=identify_resident_frozen_source threads=1 begin_tick=1943518571907333 end_tick=1943518609582375 ms_per_tick=9.9999999999999995e-07 device_ms=37.675041999999998
PRODUCER_KERNEL_V1 stage=1 raw_iteration=0 ordinal=27 kernel=evaluate_resident_target_terms threads=504666 begin_tick=1943518609597708 end_tick=1943518734121125 ms_per_tick=9.9999999999999995e-07 device_ms=124.52341699999999
PRODUCER_KERNEL_V1 stage=1 raw_iteration=0 ordinal=28 kernel=finalize_resident_target threads=1 begin_tick=1943518734135208 end_tick=1943518734138291 ms_per_tick=9.9999999999999995e-07 device_ms=0.0030829999999999998
PRODUCER_KERNEL_V1 stage=1 raw_iteration=0 ordinal=29 kernel=identify_resident_target threads=1 begin_tick=1943518734138625 end_tick=1943518792277125 ms_per_tick=9.9999999999999995e-07 device_ms=58.138500000000001
PRODUCER_KERNEL_V1 stage=1 raw_iteration=0 ordinal=30 kernel=issue_resident_projection_consumer threads=1 begin_tick=1943518792292166 end_tick=1943518792296041 ms_per_tick=9.9999999999999995e-07 device_ms=0.003875
PRODUCER_KERNEL_V1 stage=1 raw_iteration=0 ordinal=31 kernel=consume_resident_target threads=1 begin_tick=1943518792296333 end_tick=1943518830001250 ms_per_tick=9.9999999999999995e-07 device_ms=37.704917000000002
PRODUCER_KERNEL_V1 stage=1 raw_iteration=0 ordinal=32 kernel=owner_compose_target threads=504666 begin_tick=1943518830016291 end_tick=1943518830094625 ms_per_tick=9.9999999999999995e-07 device_ms=0.078334000000000001
PRODUCER_KERNEL_V1 stage=1 raw_iteration=0 ordinal=33 kernel=finalize_resident_target threads=1 begin_tick=1943518830094875 end_tick=1943518830097750 ms_per_tick=9.9999999999999995e-07 device_ms=0.002875
PRODUCER_KERNEL_V1 stage=1 raw_iteration=0 ordinal=34 kernel=owner_identify_target threads=1 begin_tick=1943518830098041 end_tick=1943518881668166 ms_per_tick=9.9999999999999995e-07 device_ms=51.570124999999997
PRODUCER_KERNEL_V1 stage=1 raw_iteration=0 ordinal=35 kernel=issue_resident_projection_consumer threads=1 begin_tick=1943518881684250 end_tick=1943518881688333 ms_per_tick=9.9999999999999995e-07 device_ms=0.0040829999999999998
PRODUCER_KERNEL_V1 stage=1 raw_iteration=0 ordinal=36 kernel=consume_resident_target threads=1 begin_tick=1943518881688750 end_tick=1943518918884583 ms_per_tick=9.9999999999999995e-07 device_ms=37.195833
PRODUCER_KERNEL_V1 stage=1 raw_iteration=0 ordinal=37 kernel=owner_issue_stage_seal threads=1 begin_tick=1943518918885250 end_tick=1943518918889000 ms_per_tick=9.9999999999999995e-07 device_ms=0.0037499999999999999
PRODUCER_KERNEL_V1 stage=1 raw_iteration=0 ordinal=38 kernel=fct_compatible_stage_rate threads=1533387 begin_tick=1943518919285916 end_tick=1943518919806750 ms_per_tick=9.9999999999999995e-07 device_ms=0.52083400000000002
PRODUCER_KERNEL_V1 stage=1 raw_iteration=0 ordinal=39 kernel=fct_compatible_stage_rate threads=1533387 begin_tick=1943518919807125 end_tick=1943518920310458 ms_per_tick=9.9999999999999995e-07 device_ms=0.50333300000000003
PRODUCER_KERNEL_V1 stage=1 raw_iteration=0 ordinal=40 kernel=owner_heun_momentum threads=1533387 begin_tick=1943518920310875 end_tick=1943518920402583 ms_per_tick=9.9999999999999995e-07 device_ms=0.091707999999999998
RISE_FIRE_OWNER_PROFILE_V1 {"scope":45,"parent":40,"phase":"BuildStageProducerGroup","stage":1,"raw_iteration":0,"iteration_kind":"picard","wall_ms":6517.131625000,"device_sum_ms":6435.083083343,"wall_minus_device_ms":82.048541657,"exclusive_wall_ms":6517.131625000,"exclusive_device_sum_ms":6435.083083343,"child_observer_wall_ms":0.000000000,"count_scope":"inclusive","owner_commits":1,"projection_invocations":0}
RISE_FIRE_OWNER_PROFILE_V1 {"scope":46,"parent":40,"phase":"Residual","stage":1,"raw_iteration":0,"iteration_kind":"picard","wall_ms":2.617459000,"device_sum_ms":0.022375025,"wall_minus_device_ms":2.595083975,"exclusive_wall_ms":2.617459000,"exclusive_device_sum_ms":0.022375025,"child_observer_wall_ms":0.000000000,"count_scope":"inclusive","owner_commits":1,"projection_invocations":0}
RISE_FIRE_OWNER_PROFILE_V1 {"scope":40,"parent":36,"phase":"PicardIteration","stage":1,"raw_iteration":0,"iteration_kind":"picard","wall_ms":6723.072792000,"device_sum_ms":6624.441916589,"wall_minus_device_ms":98.630875411,"exclusive_wall_ms":3.357875000,"exclusive_device_sum_ms":0.000000000,"child_observer_wall_ms":0.048792000,"count_scope":"inclusive","owner_commits":6,"projection_invocations":1}
RISE_FIRE_OWNER_PROFILE_V1 {"scope":49,"parent":48,"phase":"ProjectionAdapter","stage":1,"raw_iteration":1,"iteration_kind":"picard","wall_ms":194.369500000,"device_sum_ms":191.315375036,"wall_minus_device_ms":3.054124964,"exclusive_wall_ms":194.369500000,"exclusive_device_sum_ms":191.315375036,"child_observer_wall_ms":0.000000000,"count_scope":"inclusive","owner_commits":0,"projection_invocations":1}
RISE_FIRE_OWNER_PROFILE_V1 {"scope":48,"parent":47,"phase":"Project","stage":1,"raw_iteration":1,"iteration_kind":"picard","wall_ms":194.971583000,"device_sum_ms":191.360958619,"wall_minus_device_ms":3.610624381,"exclusive_wall_ms":0.580041000,"exclusive_device_sum_ms":0.045583583,"child_observer_wall_ms":0.022042000,"count_scope":"inclusive","owner_commits":2,"projection_invocations":1}
RISE_FIRE_OWNER_PROFILE_V1 {"scope":50,"parent":47,"phase":"ReadOpenClass","stage":1,"raw_iteration":1,"iteration_kind":"picard","wall_ms":0.199583000,"device_sum_ms":0.002624933,"wall_minus_device_ms":0.196958067,"exclusive_wall_ms":0.199583000,"exclusive_device_sum_ms":0.002624933,"child_observer_wall_ms":0.000000000,"count_scope":"inclusive","owner_commits":1,"projection_invocations":0}
RISE_FIRE_OWNER_PROFILE_V1 {"scope":51,"parent":47,"phase":"ReadOpenClass","stage":1,"raw_iteration":1,"iteration_kind":"picard","wall_ms":0.144584000,"device_sum_ms":0.002499903,"wall_minus_device_ms":0.142084097,"exclusive_wall_ms":0.144584000,"exclusive_device_sum_ms":0.002499903,"child_observer_wall_ms":0.000000000,"count_scope":"inclusive","owner_commits":1,"projection_invocations":0}
PRODUCER_COMMAND_V1 stage=1 raw_iteration=1 cpu_begin=1943519122083875 cpu_end=1943525620142333 gpu_begin=1943519122083875 gpu_end=1943525620142333 device_ms=6416.6913332883269 encoders=41 interval_scope=possibly_overlapping
PRODUCER_KERNEL_V1 stage=1 raw_iteration=1 ordinal=0 kernel=owner_pack_faces threads=1533387 begin_tick=1943519203347000 end_tick=1943519203402375 ms_per_tick=9.9999999999999995e-07 device_ms=0.055375000000000001
PRODUCER_KERNEL_V1 stage=1 raw_iteration=1 ordinal=1 kernel=owner_pack_faces threads=1533387 begin_tick=1943519203402125 end_tick=1943519203986000 ms_per_tick=9.9999999999999995e-07 device_ms=0.58387499999999992
PRODUCER_KERNEL_V1 stage=1 raw_iteration=1 ordinal=2 kernel=owner_pack_faces threads=1533387 begin_tick=1943519203344708 end_tick=1943519203402125 ms_per_tick=9.9999999999999995e-07 device_ms=0.057416999999999996
PRODUCER_KERNEL_V1 stage=1 raw_iteration=1 ordinal=3 kernel=fct_extract_gas_density threads=504666 begin_tick=1943519203986000 end_tick=1943519204011750 ms_per_tick=9.9999999999999995e-07 device_ms=0.025749999999999999
PRODUCER_KERNEL_V1 stage=1 raw_iteration=1 ordinal=4 kernel=owner_gas_source threads=504666 begin_tick=1943519204011750 end_tick=1943519204058958 ms_per_tick=9.9999999999999995e-07 device_ms=0.047208
PRODUCER_KERNEL_V1 stage=1 raw_iteration=1 ordinal=5 kernel=evaluate_resident_transport threads=504666 begin_tick=1943519203402750 end_tick=1943519204069875 ms_per_tick=9.9999999999999995e-07 device_ms=0.66712499999999997
PRODUCER_KERNEL_V1 stage=1 raw_iteration=1 ordinal=6 kernel=identify_resident_transport threads=1 begin_tick=1943519204070750 end_tick=1943519794363833 ms_per_tick=9.9999999999999995e-07 device_ms=590.29308300000002
PRODUCER_KERNEL_V1 stage=1 raw_iteration=1 ordinal=7 kernel=owner_bind_transport threads=1 begin_tick=1943519794377958 end_tick=1943519794382375 ms_per_tick=9.9999999999999995e-07 device_ms=0.0044169999999999999
PRODUCER_KERNEL_V1 stage=1 raw_iteration=1 ordinal=8 kernel=identify_resident_owner_endpoint_class threads=1 begin_tick=1943519794382666 end_tick=1943519796836541 ms_per_tick=9.9999999999999995e-07 device_ms=2.453875
PRODUCER_KERNEL_V1 stage=1 raw_iteration=1 ordinal=9 kernel=evaluate_resident_physical_flux threads=1533387 begin_tick=1943519796837000 end_tick=1943519797973375 ms_per_tick=9.9999999999999995e-07 device_ms=1.1363749999999999
PRODUCER_KERNEL_V1 stage=1 raw_iteration=1 ordinal=10 kernel=evaluate_resident_advective_pair threads=13800483 begin_tick=1943519797973916 end_tick=1943519805046916 ms_per_tick=9.9999999999999995e-07 device_ms=7.0729999999999995
PRODUCER_KERNEL_V1 stage=1 raw_iteration=1 ordinal=11 kernel=finalize_resident_advective_high threads=13800483 begin_tick=1943519805047708 end_tick=1943519806819708 ms_per_tick=9.9999999999999995e-07 device_ms=1.772
PRODUCER_KERNEL_V1 stage=1 raw_iteration=1 ordinal=12 kernel=compose_resident_flux_pair threads=13800483 begin_tick=1943519806820250 end_tick=1943519807702166 ms_per_tick=9.9999999999999995e-07 device_ms=0.88191599999999992
PRODUCER_KERNEL_V1 stage=1 raw_iteration=1 ordinal=13 kernel=validate_resident_physical_flux threads=13800483 begin_tick=1943519807702583 end_tick=1943519808565041 ms_per_tick=9.9999999999999995e-07 device_ms=0.86245799999999995
PRODUCER_KERNEL_V1 stage=1 raw_iteration=1 ordinal=14 kernel=identify_resident_physical_flux threads=1 begin_tick=1943519808565833 end_tick=1943523048018083 ms_per_tick=9.9999999999999995e-07 device_ms=3239.4522499999998
PRODUCER_KERNEL_V1 stage=1 raw_iteration=1 ordinal=15 kernel=owner_average_flux threads=13800483 begin_tick=1943523048034500 end_tick=1943523048843041 ms_per_tick=9.9999999999999995e-07 device_ms=0.80854099999999995
PRODUCER_KERNEL_V1 stage=1 raw_iteration=1 ordinal=16 kernel=owner_bind_averaged_flux threads=1 begin_tick=1943523048843666 end_tick=1943524174364708 ms_per_tick=9.9999999999999995e-07 device_ms=1125.5210419999999
PRODUCER_KERNEL_V1 stage=1 raw_iteration=1 ordinal=17 kernel=fct_build_ratios threads=5551326 begin_tick=1943524174380000 end_tick=1943524177995791 ms_per_tick=9.9999999999999995e-07 device_ms=3.6157909999999998
PRODUCER_KERNEL_V1 stage=1 raw_iteration=1 ordinal=18 kernel=fct_build_face_alpha threads=1533387 begin_tick=1943524177996416 end_tick=1943524178262541 ms_per_tick=9.9999999999999995e-07 device_ms=0.266125
PRODUCER_KERNEL_V1 stage=1 raw_iteration=1 ordinal=19 kernel=fct_commit_scalar threads=504666 begin_tick=1943524178263166 end_tick=1943524178450750 ms_per_tick=9.9999999999999995e-07 device_ms=0.187584
PRODUCER_KERNEL_V1 stage=1 raw_iteration=1 ordinal=20 kernel=owner_bind_candidate threads=1 begin_tick=1943524178451375 end_tick=1943524620397083 ms_per_tick=9.9999999999999995e-07 device_ms=441.94570799999997
PRODUCER_KERNEL_V1 stage=1 raw_iteration=1 ordinal=21 kernel=finalize_resident_eos_candidate threads=1 begin_tick=1943524620412458 end_tick=1943524620415333 ms_per_tick=9.9999999999999995e-07 device_ms=0.002875
PRODUCER_KERNEL_V1 stage=1 raw_iteration=1 ordinal=22 kernel=evaluate_resident_eos_candidate threads=504666 begin_tick=1943524620415791 end_tick=1943525230624875 ms_per_tick=9.9999999999999995e-07 device_ms=610.20908399999996
PRODUCER_KERNEL_V1 stage=1 raw_iteration=1 ordinal=23 kernel=finalize_resident_eos_candidate threads=1 begin_tick=1943525230639666 end_tick=1943525230642291 ms_per_tick=9.9999999999999995e-07 device_ms=0.0026249999999999997
PRODUCER_KERNEL_V1 stage=1 raw_iteration=1 ordinal=24 kernel=identify_resident_eos threads=1 begin_tick=1943525230642708 end_tick=1943525274699458 ms_per_tick=9.9999999999999995e-07 device_ms=44.056750000000001
PRODUCER_KERNEL_V1 stage=1 raw_iteration=1 ordinal=25 kernel=produce_resident_frozen_source threads=504666 begin_tick=1943525274700208 end_tick=1943525274730416 ms_per_tick=9.9999999999999995e-07 device_ms=0.030207999999999999
PRODUCER_KERNEL_V1 stage=1 raw_iteration=1 ordinal=26 kernel=identify_resident_frozen_source threads=1 begin_tick=1943525274730791 end_tick=1943525309561833 ms_per_tick=9.9999999999999995e-07 device_ms=34.831041999999997
PRODUCER_KERNEL_V1 stage=1 raw_iteration=1 ordinal=27 kernel=evaluate_resident_target_terms threads=504666 begin_tick=1943525309562458 end_tick=1943525434759833 ms_per_tick=9.9999999999999995e-07 device_ms=125.19737499999999
PRODUCER_KERNEL_V1 stage=1 raw_iteration=1 ordinal=28 kernel=finalize_resident_target threads=1 begin_tick=1943525434775250 end_tick=1943525434778458 ms_per_tick=9.9999999999999995e-07 device_ms=0.0032079999999999999
PRODUCER_KERNEL_V1 stage=1 raw_iteration=1 ordinal=29 kernel=identify_resident_target threads=1 begin_tick=1943525434778750 end_tick=1943525491773333 ms_per_tick=9.9999999999999995e-07 device_ms=56.994582999999999
PRODUCER_KERNEL_V1 stage=1 raw_iteration=1 ordinal=30 kernel=issue_resident_projection_consumer threads=1 begin_tick=1943525491790125 end_tick=1943525491794041 ms_per_tick=9.9999999999999995e-07 device_ms=0.0039160000000000002
PRODUCER_KERNEL_V1 stage=1 raw_iteration=1 ordinal=31 kernel=consume_resident_target threads=1 begin_tick=1943525491794375 end_tick=1943525529034458 ms_per_tick=9.9999999999999995e-07 device_ms=37.240082999999998
PRODUCER_KERNEL_V1 stage=1 raw_iteration=1 ordinal=32 kernel=owner_compose_target threads=504666 begin_tick=1943525529049250 end_tick=1943525529127708 ms_per_tick=9.9999999999999995e-07 device_ms=0.078458
PRODUCER_KERNEL_V1 stage=1 raw_iteration=1 ordinal=33 kernel=finalize_resident_target threads=1 begin_tick=1943525529128125 end_tick=1943525529130916 ms_per_tick=9.9999999999999995e-07 device_ms=0.0027910000000000001
PRODUCER_KERNEL_V1 stage=1 raw_iteration=1 ordinal=34 kernel=owner_identify_target threads=1 begin_tick=1943525529131291 end_tick=1943525580988833 ms_per_tick=9.9999999999999995e-07 device_ms=51.857541999999995
PRODUCER_KERNEL_V1 stage=1 raw_iteration=1 ordinal=35 kernel=issue_resident_projection_consumer threads=1 begin_tick=1943525581004416 end_tick=1943525581008666 ms_per_tick=9.9999999999999995e-07 device_ms=0.0042499999999999994
PRODUCER_KERNEL_V1 stage=1 raw_iteration=1 ordinal=36 kernel=consume_resident_target threads=1 begin_tick=1943525581009041 end_tick=1943525618492625 ms_per_tick=9.9999999999999995e-07 device_ms=37.483584
PRODUCER_KERNEL_V1 stage=1 raw_iteration=1 ordinal=37 kernel=owner_issue_stage_seal threads=1 begin_tick=1943525618507541 end_tick=1943525618511041 ms_per_tick=9.9999999999999995e-07 device_ms=0.0034999999999999996
PRODUCER_KERNEL_V1 stage=1 raw_iteration=1 ordinal=38 kernel=fct_compatible_stage_rate threads=1533387 begin_tick=1943525618908708 end_tick=1943525619433291 ms_per_tick=9.9999999999999995e-07 device_ms=0.52458300000000002
PRODUCER_KERNEL_V1 stage=1 raw_iteration=1 ordinal=39 kernel=fct_compatible_stage_rate threads=1533387 begin_tick=1943525619433708 end_tick=1943525619939208 ms_per_tick=9.9999999999999995e-07 device_ms=0.50549999999999995
PRODUCER_KERNEL_V1 stage=1 raw_iteration=1 ordinal=40 kernel=owner_heun_momentum threads=1533387 begin_tick=1943525619939750 end_tick=1943525620030208 ms_per_tick=9.9999999999999995e-07 device_ms=0.090457999999999997
RISE_FIRE_OWNER_PROFILE_V1 {"scope":52,"parent":47,"phase":"BuildStageProducerGroup","stage":1,"raw_iteration":1,"iteration_kind":"picard","wall_ms":6498.254916000,"device_sum_ms":6416.691333288,"wall_minus_device_ms":81.563582712,"exclusive_wall_ms":6498.254916000,"exclusive_device_sum_ms":6416.691333288,"child_observer_wall_ms":0.000000000,"count_scope":"inclusive","owner_commits":1,"projection_invocations":0}
RISE_FIRE_OWNER_PROFILE_V1 {"scope":53,"parent":47,"phase":"Residual","stage":1,"raw_iteration":1,"iteration_kind":"picard","wall_ms":6.899917000,"device_sum_ms":0.237250002,"wall_minus_device_ms":6.662666998,"exclusive_wall_ms":6.899917000,"exclusive_device_sum_ms":0.237250002,"child_observer_wall_ms":0.000000000,"count_scope":"inclusive","owner_commits":1,"projection_invocations":0}
RISE_FIRE_OWNER_PROFILE_V1 {"scope":47,"parent":36,"phase":"PicardIteration","stage":1,"raw_iteration":1,"iteration_kind":"picard","wall_ms":6703.396708000,"device_sum_ms":6608.294666745,"wall_minus_device_ms":95.102041255,"exclusive_wall_ms":2.853667000,"exclusive_device_sum_ms":0.000000000,"child_observer_wall_ms":0.072458000,"count_scope":"inclusive","owner_commits":6,"projection_invocations":1}
RISE_FIRE_OWNER_PROFILE_V1 {"scope":56,"parent":55,"phase":"ProjectionAdapter","stage":1,"raw_iteration":2,"iteration_kind":"picard","wall_ms":193.570584000,"device_sum_ms":190.442000050,"wall_minus_device_ms":3.128583950,"exclusive_wall_ms":193.570584000,"exclusive_device_sum_ms":190.442000050,"child_observer_wall_ms":0.000000000,"count_scope":"inclusive","owner_commits":0,"projection_invocations":1}
RISE_FIRE_OWNER_PROFILE_V1 {"scope":55,"parent":54,"phase":"Project","stage":1,"raw_iteration":2,"iteration_kind":"picard","wall_ms":194.564750000,"device_sum_ms":190.485166851,"wall_minus_device_ms":4.079583149,"exclusive_wall_ms":0.968000000,"exclusive_device_sum_ms":0.043166801,"child_observer_wall_ms":0.026166000,"count_scope":"inclusive","owner_commits":2,"projection_invocations":1}
RISE_FIRE_OWNER_PROFILE_V1 {"scope":57,"parent":54,"phase":"ReadOpenClass","stage":1,"raw_iteration":2,"iteration_kind":"picard","wall_ms":0.157375000,"device_sum_ms":0.002541579,"wall_minus_device_ms":0.154833421,"exclusive_wall_ms":0.157375000,"exclusive_device_sum_ms":0.002541579,"child_observer_wall_ms":0.000000000,"count_scope":"inclusive","owner_commits":1,"projection_invocations":0}
RISE_FIRE_OWNER_PROFILE_V1 {"scope":58,"parent":54,"phase":"ReadOpenClass","stage":1,"raw_iteration":2,"iteration_kind":"picard","wall_ms":0.139583000,"device_sum_ms":0.002375105,"wall_minus_device_ms":0.137207895,"exclusive_wall_ms":0.139583000,"exclusive_device_sum_ms":0.002375105,"child_observer_wall_ms":0.000000000,"count_scope":"inclusive","owner_commits":1,"projection_invocations":0}
PRODUCER_COMMAND_V1 stage=1 raw_iteration=2 cpu_begin=1943525825033833 cpu_end=1943532320308166 gpu_begin=1943525825033833 gpu_end=1943532320308166 device_ms=6413.6153748258948 encoders=41 interval_scope=possibly_overlapping
PRODUCER_KERNEL_V1 stage=1 raw_iteration=2 ordinal=0 kernel=owner_pack_faces threads=1533387 begin_tick=1943525906731625 end_tick=1943525906782791 ms_per_tick=9.9999999999999995e-07 device_ms=0.051165999999999996
PRODUCER_KERNEL_V1 stage=1 raw_iteration=2 ordinal=1 kernel=owner_pack_faces threads=1533387 begin_tick=1943525906804500 end_tick=1943525906855916 ms_per_tick=9.9999999999999995e-07 device_ms=0.051415999999999996
PRODUCER_KERNEL_V1 stage=1 raw_iteration=2 ordinal=2 kernel=owner_pack_faces threads=1533387 begin_tick=1943525906935125 end_tick=1943525907019375 ms_per_tick=9.9999999999999995e-07 device_ms=0.084249999999999992
PRODUCER_KERNEL_V1 stage=1 raw_iteration=2 ordinal=3 kernel=fct_extract_gas_density threads=504666 begin_tick=1943525906962125 end_tick=1943525907008625 ms_per_tick=9.9999999999999995e-07 device_ms=0.0465
PRODUCER_KERNEL_V1 stage=1 raw_iteration=2 ordinal=4 kernel=owner_gas_source threads=504666 begin_tick=1943525907009791 end_tick=1943525907053375 ms_per_tick=9.9999999999999995e-07 device_ms=0.043583999999999998
PRODUCER_KERNEL_V1 stage=1 raw_iteration=2 ordinal=5 kernel=evaluate_resident_transport threads=504666 begin_tick=1943525907127666 end_tick=1943525907718541 ms_per_tick=9.9999999999999995e-07 device_ms=0.59087499999999993
PRODUCER_KERNEL_V1 stage=1 raw_iteration=2 ordinal=6 kernel=identify_resident_transport threads=1 begin_tick=1943525907718916 end_tick=1943526498247791 ms_per_tick=9.9999999999999995e-07 device_ms=590.52887499999997
PRODUCER_KERNEL_V1 stage=1 raw_iteration=2 ordinal=7 kernel=owner_bind_transport threads=1 begin_tick=1943526498263500 end_tick=1943526498267083 ms_per_tick=9.9999999999999995e-07 device_ms=0.0035829999999999998
PRODUCER_KERNEL_V1 stage=1 raw_iteration=2 ordinal=8 kernel=identify_resident_owner_endpoint_class threads=1 begin_tick=1943526498267375 end_tick=1943526500705125 ms_per_tick=9.9999999999999995e-07 device_ms=2.4377499999999999
PRODUCER_KERNEL_V1 stage=1 raw_iteration=2 ordinal=9 kernel=evaluate_resident_physical_flux threads=1533387 begin_tick=1943526500705708 end_tick=1943526501847166 ms_per_tick=9.9999999999999995e-07 device_ms=1.1414579999999999
PRODUCER_KERNEL_V1 stage=1 raw_iteration=2 ordinal=10 kernel=evaluate_resident_advective_pair threads=13800483 begin_tick=1943526501847583 end_tick=1943526510237708 ms_per_tick=9.9999999999999995e-07 device_ms=8.3901249999999994
PRODUCER_KERNEL_V1 stage=1 raw_iteration=2 ordinal=11 kernel=finalize_resident_advective_high threads=13800483 begin_tick=1943526510252416 end_tick=1943526510669958 ms_per_tick=9.9999999999999995e-07 device_ms=0.41754199999999997
PRODUCER_KERNEL_V1 stage=1 raw_iteration=2 ordinal=12 kernel=compose_resident_flux_pair threads=13800483 begin_tick=1943526510670333 end_tick=1943526511557041 ms_per_tick=9.9999999999999995e-07 device_ms=0.88670799999999994
PRODUCER_KERNEL_V1 stage=1 raw_iteration=2 ordinal=13 kernel=validate_resident_physical_flux threads=13800483 begin_tick=1943526511557541 end_tick=1943526512387125 ms_per_tick=9.9999999999999995e-07 device_ms=0.82958399999999999
PRODUCER_KERNEL_V1 stage=1 raw_iteration=2 ordinal=14 kernel=identify_resident_physical_flux threads=1 begin_tick=1943526512387708 end_tick=1943529754048458 ms_per_tick=9.9999999999999995e-07 device_ms=3241.66075
PRODUCER_KERNEL_V1 stage=1 raw_iteration=2 ordinal=15 kernel=owner_average_flux threads=13800483 begin_tick=1943529754064500 end_tick=1943529754871958 ms_per_tick=9.9999999999999995e-07 device_ms=0.80745800000000001
PRODUCER_KERNEL_V1 stage=1 raw_iteration=2 ordinal=16 kernel=owner_bind_averaged_flux threads=1 begin_tick=1943529754872458 end_tick=1943530882395500 ms_per_tick=9.9999999999999995e-07 device_ms=1127.523042
PRODUCER_KERNEL_V1 stage=1 raw_iteration=2 ordinal=17 kernel=fct_build_ratios threads=5551326 begin_tick=1943530882410833 end_tick=1943530886016333 ms_per_tick=9.9999999999999995e-07 device_ms=3.6054999999999997
PRODUCER_KERNEL_V1 stage=1 raw_iteration=2 ordinal=18 kernel=fct_build_face_alpha threads=1533387 begin_tick=1943530886017083 end_tick=1943530886283125 ms_per_tick=9.9999999999999995e-07 device_ms=0.266042
PRODUCER_KERNEL_V1 stage=1 raw_iteration=2 ordinal=19 kernel=fct_commit_scalar threads=504666 begin_tick=1943530886283791 end_tick=1943530886478208 ms_per_tick=9.9999999999999995e-07 device_ms=0.19441699999999998
PRODUCER_KERNEL_V1 stage=1 raw_iteration=2 ordinal=20 kernel=owner_bind_candidate threads=1 begin_tick=1943530886478625 end_tick=1943531328387833 ms_per_tick=9.9999999999999995e-07 device_ms=441.90920799999998
PRODUCER_KERNEL_V1 stage=1 raw_iteration=2 ordinal=21 kernel=finalize_resident_eos_candidate threads=1 begin_tick=1943531328404458 end_tick=1943531328407541 ms_per_tick=9.9999999999999995e-07 device_ms=0.0030829999999999998
PRODUCER_KERNEL_V1 stage=1 raw_iteration=2 ordinal=22 kernel=evaluate_resident_eos_candidate threads=504666 begin_tick=1943531328408000 end_tick=1943531930905166 ms_per_tick=9.9999999999999995e-07 device_ms=602.49716599999999
PRODUCER_KERNEL_V1 stage=1 raw_iteration=2 ordinal=23 kernel=finalize_resident_eos_candidate threads=1 begin_tick=1943531930919750 end_tick=1943531930922250 ms_per_tick=9.9999999999999995e-07 device_ms=0.0025000000000000001
PRODUCER_KERNEL_V1 stage=1 raw_iteration=2 ordinal=24 kernel=identify_resident_eos threads=1 begin_tick=1943531930922625 end_tick=1943531975424041 ms_per_tick=9.9999999999999995e-07 device_ms=44.501415999999999
PRODUCER_KERNEL_V1 stage=1 raw_iteration=2 ordinal=25 kernel=produce_resident_frozen_source threads=504666 begin_tick=1943531975424916 end_tick=1943531975454541 ms_per_tick=9.9999999999999995e-07 device_ms=0.029624999999999999
PRODUCER_KERNEL_V1 stage=1 raw_iteration=2 ordinal=26 kernel=identify_resident_frozen_source threads=1 begin_tick=1943531975454958 end_tick=1943532010291708 ms_per_tick=9.9999999999999995e-07 device_ms=34.836749999999995
PRODUCER_KERNEL_V1 stage=1 raw_iteration=2 ordinal=27 kernel=evaluate_resident_target_terms threads=504666 begin_tick=1943532010292458 end_tick=1943532135378916 ms_per_tick=9.9999999999999995e-07 device_ms=125.08645799999999
PRODUCER_KERNEL_V1 stage=1 raw_iteration=2 ordinal=28 kernel=finalize_resident_target threads=1 begin_tick=1943532135393625 end_tick=1943532135396750 ms_per_tick=9.9999999999999995e-07 device_ms=0.0031249999999999997
PRODUCER_KERNEL_V1 stage=1 raw_iteration=2 ordinal=29 kernel=identify_resident_target threads=1 begin_tick=1943532135397041 end_tick=1943532193201000 ms_per_tick=9.9999999999999995e-07 device_ms=57.803958999999999
PRODUCER_KERNEL_V1 stage=1 raw_iteration=2 ordinal=30 kernel=issue_resident_projection_consumer threads=1 begin_tick=1943532193201625 end_tick=1943532193205916 ms_per_tick=9.9999999999999995e-07 device_ms=0.0042909999999999997
PRODUCER_KERNEL_V1 stage=1 raw_iteration=2 ordinal=31 kernel=consume_resident_target threads=1 begin_tick=1943532193206291 end_tick=1943532230798291 ms_per_tick=9.9999999999999995e-07 device_ms=37.591999999999999
PRODUCER_KERNEL_V1 stage=1 raw_iteration=2 ordinal=32 kernel=owner_compose_target threads=504666 begin_tick=1943532230813000 end_tick=1943532230891291 ms_per_tick=9.9999999999999995e-07 device_ms=0.078290999999999999
PRODUCER_KERNEL_V1 stage=1 raw_iteration=2 ordinal=33 kernel=finalize_resident_target threads=1 begin_tick=1943532230891666 end_tick=1943532230894541 ms_per_tick=9.9999999999999995e-07 device_ms=0.002875
PRODUCER_KERNEL_V1 stage=1 raw_iteration=2 ordinal=34 kernel=owner_identify_target threads=1 begin_tick=1943532230894916 end_tick=1943532281839791 ms_per_tick=9.9999999999999995e-07 device_ms=50.944874999999996
PRODUCER_KERNEL_V1 stage=1 raw_iteration=2 ordinal=35 kernel=issue_resident_projection_consumer threads=1 begin_tick=1943532281854750 end_tick=1943532281858958 ms_per_tick=9.9999999999999995e-07 device_ms=0.0042079999999999999
PRODUCER_KERNEL_V1 stage=1 raw_iteration=2 ordinal=36 kernel=consume_resident_target threads=1 begin_tick=1943532281859375 end_tick=1943532319069666 ms_per_tick=9.9999999999999995e-07 device_ms=37.210290999999998
PRODUCER_KERNEL_V1 stage=1 raw_iteration=2 ordinal=37 kernel=owner_issue_stage_seal threads=1 begin_tick=1943532319086000 end_tick=1943532319089583 ms_per_tick=9.9999999999999995e-07 device_ms=0.0035829999999999998
PRODUCER_KERNEL_V1 stage=1 raw_iteration=2 ordinal=38 kernel=fct_compatible_stage_rate threads=1533387 begin_tick=1943532319090166 end_tick=1943532319601500 ms_per_tick=9.9999999999999995e-07 device_ms=0.51133399999999996
PRODUCER_KERNEL_V1 stage=1 raw_iteration=2 ordinal=39 kernel=fct_compatible_stage_rate threads=1533387 begin_tick=1943532319601875 end_tick=1943532320098791 ms_per_tick=9.9999999999999995e-07 device_ms=0.49691599999999997
PRODUCER_KERNEL_V1 stage=1 raw_iteration=2 ordinal=40 kernel=owner_heun_momentum threads=1533387 begin_tick=1943532320099250 end_tick=1943532320191041 ms_per_tick=9.9999999999999995e-07 device_ms=0.091790999999999998
RISE_FIRE_OWNER_PROFILE_V1 {"scope":59,"parent":54,"phase":"BuildStageProducerGroup","stage":1,"raw_iteration":2,"iteration_kind":"picard","wall_ms":6495.451542000,"device_sum_ms":6413.615374826,"wall_minus_device_ms":81.836167174,"exclusive_wall_ms":6495.451542000,"exclusive_device_sum_ms":6413.615374826,"child_observer_wall_ms":0.000000000,"count_scope":"inclusive","owner_commits":1,"projection_invocations":0}
RISE_FIRE_OWNER_PROFILE_V1 {"scope":60,"parent":54,"phase":"Residual","stage":1,"raw_iteration":2,"iteration_kind":"picard","wall_ms":3.013416000,"device_sum_ms":0.203666743,"wall_minus_device_ms":2.809749257,"exclusive_wall_ms":3.013416000,"exclusive_device_sum_ms":0.203666743,"child_observer_wall_ms":0.000000000,"count_scope":"inclusive","owner_commits":1,"projection_invocations":0}
RISE_FIRE_OWNER_PROFILE_V1 {"scope":63,"parent":62,"phase":"ProjectionAdapter","stage":1,"raw_iteration":2147483650,"iteration_kind":"terminal","wall_ms":193.426542000,"device_sum_ms":190.387083218,"wall_minus_device_ms":3.039458782,"exclusive_wall_ms":193.426542000,"exclusive_device_sum_ms":190.387083218,"child_observer_wall_ms":0.000000000,"count_scope":"inclusive","owner_commits":0,"projection_invocations":1}
RISE_FIRE_OWNER_PROFILE_V1 {"scope":62,"parent":61,"phase":"Project","stage":1,"raw_iteration":2147483650,"iteration_kind":"terminal","wall_ms":193.964917000,"device_sum_ms":190.426416695,"wall_minus_device_ms":3.538500305,"exclusive_wall_ms":0.517917000,"exclusive_device_sum_ms":0.039333478,"child_observer_wall_ms":0.020458000,"count_scope":"inclusive","owner_commits":2,"projection_invocations":1}
RISE_FIRE_OWNER_PROFILE_V1 {"scope":64,"parent":61,"phase":"ReadOpenClass","stage":1,"raw_iteration":2147483650,"iteration_kind":"terminal","wall_ms":0.171708000,"device_sum_ms":0.002624933,"wall_minus_device_ms":0.169083067,"exclusive_wall_ms":0.171708000,"exclusive_device_sum_ms":0.002624933,"child_observer_wall_ms":0.000000000,"count_scope":"inclusive","owner_commits":1,"projection_invocations":0}
RISE_FIRE_OWNER_PROFILE_V1 {"scope":65,"parent":61,"phase":"ReadOpenClass","stage":1,"raw_iteration":2147483650,"iteration_kind":"terminal","wall_ms":0.155750000,"device_sum_ms":0.002250075,"wall_minus_device_ms":0.153499925,"exclusive_wall_ms":0.155750000,"exclusive_device_sum_ms":0.002250075,"child_observer_wall_ms":0.000000000,"count_scope":"inclusive","owner_commits":1,"projection_invocations":0}
PRODUCER_COMMAND_V1 stage=1 raw_iteration=2147483650 cpu_begin=1943532517839666 cpu_end=1943539000749875 gpu_begin=1943532517839666 gpu_end=1943539000749875 device_ms=6401.4048334211111 encoders=41 interval_scope=possibly_overlapping
PRODUCER_KERNEL_V1 stage=1 raw_iteration=2147483650 ordinal=0 kernel=owner_pack_faces threads=1533387 begin_tick=1943532599192166 end_tick=1943532599245708 ms_per_tick=9.9999999999999995e-07 device_ms=0.053541999999999999
PRODUCER_KERNEL_V1 stage=1 raw_iteration=2147483650 ordinal=1 kernel=owner_pack_faces threads=1533387 begin_tick=1943532599245708 end_tick=1943532599322833 ms_per_tick=9.9999999999999995e-07 device_ms=0.077124999999999999
PRODUCER_KERNEL_V1 stage=1 raw_iteration=2147483650 ordinal=2 kernel=owner_pack_faces threads=1533387 begin_tick=1943532599190000 end_tick=1943532599245958 ms_per_tick=9.9999999999999995e-07 device_ms=0.055958000000000001
PRODUCER_KERNEL_V1 stage=1 raw_iteration=2147483650 ordinal=3 kernel=fct_extract_gas_density threads=504666 begin_tick=1943532599246250 end_tick=1943532599295958 ms_per_tick=9.9999999999999995e-07 device_ms=0.049707999999999995
PRODUCER_KERNEL_V1 stage=1 raw_iteration=2147483650 ordinal=4 kernel=owner_gas_source threads=504666 begin_tick=1943532599323208 end_tick=1943532599498541 ms_per_tick=9.9999999999999995e-07 device_ms=0.17533299999999999
PRODUCER_KERNEL_V1 stage=1 raw_iteration=2147483650 ordinal=5 kernel=evaluate_resident_transport threads=504666 begin_tick=1943532599339875 end_tick=1943532599939666 ms_per_tick=9.9999999999999995e-07 device_ms=0.59979099999999996
PRODUCER_KERNEL_V1 stage=1 raw_iteration=2147483650 ordinal=6 kernel=identify_resident_transport threads=1 begin_tick=1943532599940000 end_tick=1943533189607375 ms_per_tick=9.9999999999999995e-07 device_ms=589.66737499999999
PRODUCER_KERNEL_V1 stage=1 raw_iteration=2147483650 ordinal=7 kernel=owner_bind_transport threads=1 begin_tick=1943533189622541 end_tick=1943533189626083 ms_per_tick=9.9999999999999995e-07 device_ms=0.003542
PRODUCER_KERNEL_V1 stage=1 raw_iteration=2147483650 ordinal=8 kernel=identify_resident_owner_endpoint_class threads=1 begin_tick=1943533189626375 end_tick=1943533192079541 ms_per_tick=9.9999999999999995e-07 device_ms=2.453166
PRODUCER_KERNEL_V1 stage=1 raw_iteration=2147483650 ordinal=9 kernel=evaluate_resident_physical_flux threads=1533387 begin_tick=1943533192080000 end_tick=1943533193219833 ms_per_tick=9.9999999999999995e-07 device_ms=1.1398329999999999
PRODUCER_KERNEL_V1 stage=1 raw_iteration=2147483650 ordinal=10 kernel=evaluate_resident_advective_pair threads=13800483 begin_tick=1943533193220208 end_tick=1943533200288958 ms_per_tick=9.9999999999999995e-07 device_ms=7.0687499999999996
PRODUCER_KERNEL_V1 stage=1 raw_iteration=2147483650 ordinal=11 kernel=finalize_resident_advective_high threads=13800483 begin_tick=1943533200289708 end_tick=1943533200710083 ms_per_tick=9.9999999999999995e-07 device_ms=0.420375
PRODUCER_KERNEL_V1 stage=1 raw_iteration=2147483650 ordinal=12 kernel=compose_resident_flux_pair threads=13800483 begin_tick=1943533200710500 end_tick=1943533201590791 ms_per_tick=9.9999999999999995e-07 device_ms=0.88029099999999993
PRODUCER_KERNEL_V1 stage=1 raw_iteration=2147483650 ordinal=13 kernel=validate_resident_physical_flux threads=13800483 begin_tick=1943533201591500 end_tick=1943533202452708 ms_per_tick=9.9999999999999995e-07 device_ms=0.86120799999999997
PRODUCER_KERNEL_V1 stage=1 raw_iteration=2147483650 ordinal=14 kernel=identify_resident_physical_flux threads=1 begin_tick=1943533202453333 end_tick=1943536443212583 ms_per_tick=9.9999999999999995e-07 device_ms=3240.7592500000001
PRODUCER_KERNEL_V1 stage=1 raw_iteration=2147483650 ordinal=15 kernel=owner_average_flux threads=13800483 begin_tick=1943536443228625 end_tick=1943536444056625 ms_per_tick=9.9999999999999995e-07 device_ms=0.82799999999999996
PRODUCER_KERNEL_V1 stage=1 raw_iteration=2147483650 ordinal=16 kernel=owner_bind_averaged_flux threads=1 begin_tick=1943536444057250 end_tick=1943537559565791 ms_per_tick=9.9999999999999995e-07 device_ms=1115.5085409999999
PRODUCER_KERNEL_V1 stage=1 raw_iteration=2147483650 ordinal=17 kernel=fct_build_ratios threads=5551326 begin_tick=1943537559582250 end_tick=1943537563219708 ms_per_tick=9.9999999999999995e-07 device_ms=3.6374579999999996
PRODUCER_KERNEL_V1 stage=1 raw_iteration=2147483650 ordinal=18 kernel=fct_build_face_alpha threads=1533387 begin_tick=1943537563220333 end_tick=1943537563487250 ms_per_tick=9.9999999999999995e-07 device_ms=0.26691700000000002
PRODUCER_KERNEL_V1 stage=1 raw_iteration=2147483650 ordinal=19 kernel=fct_commit_scalar threads=504666 begin_tick=1943537563488166 end_tick=1943537563686083 ms_per_tick=9.9999999999999995e-07 device_ms=0.19791699999999998
PRODUCER_KERNEL_V1 stage=1 raw_iteration=2147483650 ordinal=20 kernel=owner_bind_candidate threads=1 begin_tick=1943537563686625 end_tick=1943538005648791 ms_per_tick=9.9999999999999995e-07 device_ms=441.96216599999997
PRODUCER_KERNEL_V1 stage=1 raw_iteration=2147483650 ordinal=21 kernel=finalize_resident_eos_candidate threads=1 begin_tick=1943538005667458 end_tick=1943538005670166 ms_per_tick=9.9999999999999995e-07 device_ms=0.0027079999999999999
PRODUCER_KERNEL_V1 stage=1 raw_iteration=2147483650 ordinal=22 kernel=evaluate_resident_eos_candidate threads=504666 begin_tick=1943538005670625 end_tick=1943538606804666 ms_per_tick=9.9999999999999995e-07 device_ms=601.13404100000002
PRODUCER_KERNEL_V1 stage=1 raw_iteration=2147483650 ordinal=23 kernel=finalize_resident_eos_candidate threads=1 begin_tick=1943538606821375 end_tick=1943538606824000 ms_per_tick=9.9999999999999995e-07 device_ms=0.0026249999999999997
PRODUCER_KERNEL_V1 stage=1 raw_iteration=2147483650 ordinal=24 kernel=identify_resident_eos threads=1 begin_tick=1943538606824333 end_tick=1943538651389000 ms_per_tick=9.9999999999999995e-07 device_ms=44.564667
PRODUCER_KERNEL_V1 stage=1 raw_iteration=2147483650 ordinal=25 kernel=produce_resident_frozen_source threads=504666 begin_tick=1943538651389708 end_tick=1943538651420708 ms_per_tick=9.9999999999999995e-07 device_ms=0.031
PRODUCER_KERNEL_V1 stage=1 raw_iteration=2147483650 ordinal=26 kernel=identify_resident_frozen_source threads=1 begin_tick=1943538651421125 end_tick=1943538688025625 ms_per_tick=9.9999999999999995e-07 device_ms=36.604500000000002
PRODUCER_KERNEL_V1 stage=1 raw_iteration=2147483650 ordinal=27 kernel=evaluate_resident_target_terms threads=504666 begin_tick=1943538688041208 end_tick=1943538814419875 ms_per_tick=9.9999999999999995e-07 device_ms=126.37866699999999
PRODUCER_KERNEL_V1 stage=1 raw_iteration=2147483650 ordinal=28 kernel=finalize_resident_target threads=1 begin_tick=1943538814434541 end_tick=1943538814438000 ms_per_tick=9.9999999999999995e-07 device_ms=0.0034589999999999998
PRODUCER_KERNEL_V1 stage=1 raw_iteration=2147483650 ordinal=29 kernel=identify_resident_target threads=1 begin_tick=1943538814438291 end_tick=1943538872139166 ms_per_tick=9.9999999999999995e-07 device_ms=57.700874999999996
PRODUCER_KERNEL_V1 stage=1 raw_iteration=2147483650 ordinal=30 kernel=issue_resident_projection_consumer threads=1 begin_tick=1943538872139916 end_tick=1943538872144041 ms_per_tick=9.9999999999999995e-07 device_ms=0.0041250000000000002
PRODUCER_KERNEL_V1 stage=1 raw_iteration=2147483650 ordinal=31 kernel=consume_resident_target threads=1 begin_tick=1943538872144458 end_tick=1943538909964208 ms_per_tick=9.9999999999999995e-07 device_ms=37.819749999999999
PRODUCER_KERNEL_V1 stage=1 raw_iteration=2147483650 ordinal=32 kernel=owner_compose_target threads=504666 begin_tick=1943538909979250 end_tick=1943538910057791 ms_per_tick=9.9999999999999995e-07 device_ms=0.078541
PRODUCER_KERNEL_V1 stage=1 raw_iteration=2147483650 ordinal=33 kernel=finalize_resident_target threads=1 begin_tick=1943538910058208 end_tick=1943538910061000 ms_per_tick=9.9999999999999995e-07 device_ms=0.0027919999999999998
PRODUCER_KERNEL_V1 stage=1 raw_iteration=2147483650 ordinal=34 kernel=owner_identify_target threads=1 begin_tick=1943538910061416 end_tick=1943538961664541 ms_per_tick=9.9999999999999995e-07 device_ms=51.603124999999999
PRODUCER_KERNEL_V1 stage=1 raw_iteration=2147483650 ordinal=35 kernel=issue_resident_projection_consumer threads=1 begin_tick=1943538961680041 end_tick=1943538961684083 ms_per_tick=9.9999999999999995e-07 device_ms=0.0040419999999999996
PRODUCER_KERNEL_V1 stage=1 raw_iteration=2147483650 ordinal=36 kernel=consume_resident_target threads=1 begin_tick=1943538961684416 end_tick=1943538999055208 ms_per_tick=9.9999999999999995e-07 device_ms=37.370792000000002
PRODUCER_KERNEL_V1 stage=1 raw_iteration=2147483650 ordinal=37 kernel=owner_issue_stage_seal threads=1 begin_tick=1943538999071291 end_tick=1943538999074833 ms_per_tick=9.9999999999999995e-07 device_ms=0.003542
PRODUCER_KERNEL_V1 stage=1 raw_iteration=2147483650 ordinal=38 kernel=fct_compatible_stage_rate threads=1533387 begin_tick=1943538999472750 end_tick=1943538999989333 ms_per_tick=9.9999999999999995e-07 device_ms=0.51658300000000001
PRODUCER_KERNEL_V1 stage=1 raw_iteration=2147483650 ordinal=39 kernel=fct_compatible_stage_rate threads=1533387 begin_tick=1943538999989833 end_tick=1943539000496416 ms_per_tick=9.9999999999999995e-07 device_ms=0.50658300000000001
PRODUCER_KERNEL_V1 stage=1 raw_iteration=2147483650 ordinal=40 kernel=owner_heun_momentum threads=1533387 begin_tick=1943539000496875 end_tick=1943539000588875 ms_per_tick=9.9999999999999995e-07 device_ms=0.091999999999999998
RISE_FIRE_OWNER_PROFILE_V1 {"scope":66,"parent":61,"phase":"BuildStageProducerGroup","stage":1,"raw_iteration":2147483650,"iteration_kind":"terminal","wall_ms":6483.114417000,"device_sum_ms":6401.404833421,"wall_minus_device_ms":81.709583579,"exclusive_wall_ms":6483.114417000,"exclusive_device_sum_ms":6401.404833421,"child_observer_wall_ms":0.000000000,"count_scope":"inclusive","owner_commits":1,"projection_invocations":0}
RISE_FIRE_OWNER_PROFILE_V1 {"scope":67,"parent":61,"phase":"AlphaResidual","stage":1,"raw_iteration":2147483650,"iteration_kind":"terminal","wall_ms":2.658458000,"device_sum_ms":0.073333271,"wall_minus_device_ms":2.585124729,"exclusive_wall_ms":2.658458000,"exclusive_device_sum_ms":0.073333271,"child_observer_wall_ms":0.000000000,"count_scope":"inclusive","owner_commits":1,"projection_invocations":0}
RISE_FIRE_OWNER_PROFILE_V1 {"scope":68,"parent":61,"phase":"Residual","stage":1,"raw_iteration":2147483650,"iteration_kind":"terminal","wall_ms":0.465333000,"device_sum_ms":0.285541639,"wall_minus_device_ms":0.179791361,"exclusive_wall_ms":0.465333000,"exclusive_device_sum_ms":0.285541639,"child_observer_wall_ms":0.000000000,"count_scope":"inclusive","owner_commits":1,"projection_invocations":0}
RISE_FIRE_OWNER_PROFILE_V1 {"scope":61,"parent":54,"phase":"TerminalVerification","stage":1,"raw_iteration":2147483650,"iteration_kind":"terminal","wall_ms":6680.585125000,"device_sum_ms":6592.195000034,"wall_minus_device_ms":88.390124966,"exclusive_wall_ms":0.004959000,"exclusive_device_sum_ms":0.000000000,"child_observer_wall_ms":0.049583000,"count_scope":"inclusive","owner_commits":7,"projection_invocations":1}
RISE_FIRE_OWNER_PROFILE_V1 {"scope":54,"parent":36,"phase":"PicardIteration","stage":1,"raw_iteration":2,"iteration_kind":"picard","wall_ms":13377.197916000,"device_sum_ms":13196.504125139,"wall_minus_device_ms":180.693790861,"exclusive_wall_ms":3.230666000,"exclusive_device_sum_ms":0.000000000,"child_observer_wall_ms":0.055459000,"count_scope":"inclusive","owner_commits":13,"projection_invocations":2}
RISE_FIRE_OWNER_PROFILE_V1 {"scope":36,"parent":1,"phase":"SolveStage","stage":1,"raw_iteration":4294967295,"iteration_kind":"bootstrap","wall_ms":33498.731708000,"device_sum_ms":33036.352833267,"wall_minus_device_ms":462.378874733,"exclusive_wall_ms":2.730500000,"exclusive_device_sum_ms":0.000000000,"child_observer_wall_ms":0.067376000,"count_scope":"inclusive","owner_commits":28,"projection_invocations":5}
RISE_FIRE_OWNER_PROFILE_V1 {"scope":71,"parent":70,"phase":"ProjectionAdapter","stage":2,"raw_iteration":4294967295,"iteration_kind":"bootstrap","wall_ms":193.490292000,"device_sum_ms":190.528166713,"wall_minus_device_ms":2.962125287,"exclusive_wall_ms":193.490292000,"exclusive_device_sum_ms":190.528166713,"child_observer_wall_ms":0.000000000,"count_scope":"inclusive","owner_commits":0,"projection_invocations":1}
RISE_FIRE_OWNER_PROFILE_V1 {"scope":70,"parent":69,"phase":"Project","stage":2,"raw_iteration":4294967295,"iteration_kind":"bootstrap","wall_ms":194.045042000,"device_sum_ms":190.574250184,"wall_minus_device_ms":3.470791816,"exclusive_wall_ms":0.532750000,"exclusive_device_sum_ms":0.046083471,"child_observer_wall_ms":0.022000000,"count_scope":"inclusive","owner_commits":2,"projection_invocations":1}
PRODUCER_COMMAND_V1 stage=2 raw_iteration=4294967295 cpu_begin=1943539204480208 cpu_end=1943544572539291 gpu_begin=1943539204480208 gpu_end=1943544572539291 device_ms=5286.3088331650943 encoders=35 interval_scope=possibly_overlapping
PRODUCER_KERNEL_V1 stage=2 raw_iteration=4294967295 ordinal=0 kernel=owner_pack_faces threads=1533387 begin_tick=1943539286078875 end_tick=1943539286131625 ms_per_tick=9.9999999999999995e-07 device_ms=0.052749999999999998
PRODUCER_KERNEL_V1 stage=2 raw_iteration=4294967295 ordinal=1 kernel=owner_pack_faces threads=1533387 begin_tick=1943539286131333 end_tick=1943539286639791 ms_per_tick=9.9999999999999995e-07 device_ms=0.50845799999999997
PRODUCER_KERNEL_V1 stage=2 raw_iteration=4294967295 ordinal=2 kernel=owner_pack_faces threads=1533387 begin_tick=1943539286076166 end_tick=1943539286131333 ms_per_tick=9.9999999999999995e-07 device_ms=0.055167000000000001
PRODUCER_KERNEL_V1 stage=2 raw_iteration=4294967295 ordinal=3 kernel=fct_extract_gas_density threads=504666 begin_tick=1943539286132041 end_tick=1943539286181500 ms_per_tick=9.9999999999999995e-07 device_ms=0.049458999999999996
PRODUCER_KERNEL_V1 stage=2 raw_iteration=4294967295 ordinal=4 kernel=owner_gas_source threads=504666 begin_tick=1943539286640166 end_tick=1943539286766750 ms_per_tick=9.9999999999999995e-07 device_ms=0.126584
PRODUCER_KERNEL_V1 stage=2 raw_iteration=4294967295 ordinal=5 kernel=evaluate_resident_transport threads=504666 begin_tick=1943539286181541 end_tick=1943539286786958 ms_per_tick=9.9999999999999995e-07 device_ms=0.60541699999999998
PRODUCER_KERNEL_V1 stage=2 raw_iteration=4294967295 ordinal=6 kernel=identify_resident_transport threads=1 begin_tick=1943539286787500 end_tick=1943539877585416 ms_per_tick=9.9999999999999995e-07 device_ms=590.79791599999999
PRODUCER_KERNEL_V1 stage=2 raw_iteration=4294967295 ordinal=7 kernel=owner_bind_transport threads=1 begin_tick=1943539877602666 end_tick=1943539877606458 ms_per_tick=9.9999999999999995e-07 device_ms=0.0037919999999999998
PRODUCER_KERNEL_V1 stage=2 raw_iteration=4294967295 ordinal=8 kernel=identify_resident_owner_endpoint_class threads=1 begin_tick=1943539877606750 end_tick=1943539880062625 ms_per_tick=9.9999999999999995e-07 device_ms=2.4558749999999998
PRODUCER_KERNEL_V1 stage=2 raw_iteration=4294967295 ordinal=9 kernel=evaluate_resident_physical_flux threads=1533387 begin_tick=1943539880063208 end_tick=1943539881199875 ms_per_tick=9.9999999999999995e-07 device_ms=1.1366669999999999
PRODUCER_KERNEL_V1 stage=2 raw_iteration=4294967295 ordinal=10 kernel=evaluate_resident_advective_pair threads=13800483 begin_tick=1943539881200416 end_tick=1943539888267750 ms_per_tick=9.9999999999999995e-07 device_ms=7.0673339999999998
PRODUCER_KERNEL_V1 stage=2 raw_iteration=4294967295 ordinal=11 kernel=finalize_resident_advective_high threads=13800483 begin_tick=1943539888268541 end_tick=1943539888686083 ms_per_tick=9.9999999999999995e-07 device_ms=0.41754199999999997
PRODUCER_KERNEL_V1 stage=2 raw_iteration=4294967295 ordinal=12 kernel=compose_resident_flux_pair threads=13800483 begin_tick=1943539888686458 end_tick=1943539890921833 ms_per_tick=9.9999999999999995e-07 device_ms=2.2353749999999999
PRODUCER_KERNEL_V1 stage=2 raw_iteration=4294967295 ordinal=13 kernel=validate_resident_physical_flux threads=13800483 begin_tick=1943539890937583 end_tick=1943539891777750 ms_per_tick=9.9999999999999995e-07 device_ms=0.840167
PRODUCER_KERNEL_V1 stage=2 raw_iteration=4294967295 ordinal=14 kernel=identify_resident_physical_flux threads=1 begin_tick=1943539891778250 end_tick=1943543130812250 ms_per_tick=9.9999999999999995e-07 device_ms=3239.0339999999997
PRODUCER_KERNEL_V1 stage=2 raw_iteration=4294967295 ordinal=15 kernel=owner_bind_candidate threads=1 begin_tick=1943543130828625 end_tick=1943543572664625 ms_per_tick=9.9999999999999995e-07 device_ms=441.83599999999996
PRODUCER_KERNEL_V1 stage=2 raw_iteration=4294967295 ordinal=16 kernel=finalize_resident_eos_candidate threads=1 begin_tick=1943543572700625 end_tick=1943543572870708 ms_per_tick=9.9999999999999995e-07 device_ms=0.17008299999999998
PRODUCER_KERNEL_V1 stage=2 raw_iteration=4294967295 ordinal=17 kernel=evaluate_resident_eos_candidate threads=504666 begin_tick=1943543572871333 end_tick=1943544182063000 ms_per_tick=9.9999999999999995e-07 device_ms=609.19166699999994
PRODUCER_KERNEL_V1 stage=2 raw_iteration=4294967295 ordinal=18 kernel=finalize_resident_eos_candidate threads=1 begin_tick=1943544182078250 end_tick=1943544182081000 ms_per_tick=9.9999999999999995e-07 device_ms=0.0027499999999999998
PRODUCER_KERNEL_V1 stage=2 raw_iteration=4294967295 ordinal=19 kernel=identify_resident_eos threads=1 begin_tick=1943544182081541 end_tick=1943544226555708 ms_per_tick=9.9999999999999995e-07 device_ms=44.474167000000001
PRODUCER_KERNEL_V1 stage=2 raw_iteration=4294967295 ordinal=20 kernel=produce_resident_frozen_source threads=504666 begin_tick=1943544226572375 end_tick=1943544226603250 ms_per_tick=9.9999999999999995e-07 device_ms=0.030875
PRODUCER_KERNEL_V1 stage=2 raw_iteration=4294967295 ordinal=21 kernel=identify_resident_frozen_source threads=1 begin_tick=1943544226603916 end_tick=1943544261506083 ms_per_tick=9.9999999999999995e-07 device_ms=34.902166999999999
PRODUCER_KERNEL_V1 stage=2 raw_iteration=4294967295 ordinal=22 kernel=evaluate_resident_target_terms threads=504666 begin_tick=1943544261506875 end_tick=1943544386850250 ms_per_tick=9.9999999999999995e-07 device_ms=125.34337499999999
PRODUCER_KERNEL_V1 stage=2 raw_iteration=4294967295 ordinal=23 kernel=finalize_resident_target threads=1 begin_tick=1943544386866083 end_tick=1943544386869375 ms_per_tick=9.9999999999999995e-07 device_ms=0.0032919999999999998
PRODUCER_KERNEL_V1 stage=2 raw_iteration=4294967295 ordinal=24 kernel=identify_resident_target threads=1 begin_tick=1943544386869791 end_tick=1943544444893583 ms_per_tick=9.9999999999999995e-07 device_ms=58.023792
PRODUCER_KERNEL_V1 stage=2 raw_iteration=4294967295 ordinal=25 kernel=issue_resident_projection_consumer threads=1 begin_tick=1943544444907666 end_tick=1943544444911625 ms_per_tick=9.9999999999999995e-07 device_ms=0.0039589999999999998
PRODUCER_KERNEL_V1 stage=2 raw_iteration=4294967295 ordinal=26 kernel=consume_resident_target threads=1 begin_tick=1943544444912041 end_tick=1943544482231583 ms_per_tick=9.9999999999999995e-07 device_ms=37.319541999999998
PRODUCER_KERNEL_V1 stage=2 raw_iteration=4294967295 ordinal=27 kernel=owner_compose_target threads=504666 begin_tick=1943544482232375 end_tick=1943544482262916 ms_per_tick=9.9999999999999995e-07 device_ms=0.030540999999999999
PRODUCER_KERNEL_V1 stage=2 raw_iteration=4294967295 ordinal=28 kernel=finalize_resident_target threads=1 begin_tick=1943544482263291 end_tick=1943544482266041 ms_per_tick=9.9999999999999995e-07 device_ms=0.0027499999999999998
PRODUCER_KERNEL_V1 stage=2 raw_iteration=4294967295 ordinal=29 kernel=owner_identify_target threads=1 begin_tick=1943544482266583 end_tick=1943544533829708 ms_per_tick=9.9999999999999995e-07 device_ms=51.563124999999999
PRODUCER_KERNEL_V1 stage=2 raw_iteration=4294967295 ordinal=30 kernel=issue_resident_projection_consumer threads=1 begin_tick=1943544533845375 end_tick=1943544533849291 ms_per_tick=9.9999999999999995e-07 device_ms=0.0039160000000000002
PRODUCER_KERNEL_V1 stage=2 raw_iteration=4294967295 ordinal=31 kernel=consume_resident_target threads=1 begin_tick=1943544533849833 end_tick=1943544571348416 ms_per_tick=9.9999999999999995e-07 device_ms=37.498582999999996
PRODUCER_KERNEL_V1 stage=2 raw_iteration=4294967295 ordinal=32 kernel=owner_issue_stage_seal threads=1 begin_tick=1943544571364041 end_tick=1943544571367708 ms_per_tick=9.9999999999999995e-07 device_ms=0.0036669999999999997
PRODUCER_KERNEL_V1 stage=2 raw_iteration=4294967295 ordinal=33 kernel=fct_compatible_stage_rate threads=1533387 begin_tick=1943544571764750 end_tick=1943544572287291 ms_per_tick=9.9999999999999995e-07 device_ms=0.52254099999999992
PRODUCER_KERNEL_V1 stage=2 raw_iteration=4294967295 ordinal=34 kernel=owner_heun_momentum threads=1533387 begin_tick=1943544572287666 end_tick=1943544572379500 ms_per_tick=9.9999999999999995e-07 device_ms=0.091833999999999999
RISE_FIRE_OWNER_PROFILE_V1 {"scope":72,"parent":69,"phase":"BuildStageProducerGroup","stage":2,"raw_iteration":4294967295,"iteration_kind":"bootstrap","wall_ms":5368.250541000,"device_sum_ms":5286.308833165,"wall_minus_device_ms":81.941707835,"exclusive_wall_ms":5368.250541000,"exclusive_device_sum_ms":5286.308833165,"child_observer_wall_ms":0.000000000,"count_scope":"inclusive","owner_commits":1,"projection_invocations":0}
RISE_FIRE_OWNER_PROFILE_V1 {"scope":75,"parent":74,"phase":"ProjectionAdapter","stage":2,"raw_iteration":0,"iteration_kind":"picard","wall_ms":192.058667000,"device_sum_ms":188.958541723,"wall_minus_device_ms":3.100125277,"exclusive_wall_ms":192.058667000,"exclusive_device_sum_ms":188.958541723,"child_observer_wall_ms":0.000000000,"count_scope":"inclusive","owner_commits":0,"projection_invocations":1}
RISE_FIRE_OWNER_PROFILE_V1 {"scope":74,"parent":73,"phase":"Project","stage":2,"raw_iteration":0,"iteration_kind":"picard","wall_ms":194.762584000,"device_sum_ms":189.014375210,"wall_minus_device_ms":5.748208790,"exclusive_wall_ms":2.677625000,"exclusive_device_sum_ms":0.055833487,"child_observer_wall_ms":0.026292000,"count_scope":"inclusive","owner_commits":2,"projection_invocations":1}
RISE_FIRE_OWNER_PROFILE_V1 {"scope":76,"parent":73,"phase":"ReadOpenClass","stage":2,"raw_iteration":0,"iteration_kind":"picard","wall_ms":0.163166000,"device_sum_ms":0.002708286,"wall_minus_device_ms":0.160457714,"exclusive_wall_ms":0.163166000,"exclusive_device_sum_ms":0.002708286,"child_observer_wall_ms":0.000000000,"count_scope":"inclusive","owner_commits":1,"projection_invocations":0}
RISE_FIRE_OWNER_PROFILE_V1 {"scope":77,"parent":73,"phase":"ReadOpenClass","stage":2,"raw_iteration":0,"iteration_kind":"picard","wall_ms":0.146250000,"device_sum_ms":0.002375105,"wall_minus_device_ms":0.143874895,"exclusive_wall_ms":0.146250000,"exclusive_device_sum_ms":0.002375105,"child_observer_wall_ms":0.000000000,"count_scope":"inclusive","owner_commits":1,"projection_invocations":0}
PRODUCER_COMMAND_V1 stage=2 raw_iteration=0 cpu_begin=1943544767841375 cpu_end=1943550128296416 gpu_begin=1943544767841375 gpu_end=1943550128296416 device_ms=5279.1095001157373 encoders=35 interval_scope=possibly_overlapping
PRODUCER_KERNEL_V1 stage=2 raw_iteration=0 ordinal=0 kernel=owner_pack_faces threads=1533387 begin_tick=1943544849036583 end_tick=1943544849093166 ms_per_tick=9.9999999999999995e-07 device_ms=0.056582999999999994
PRODUCER_KERNEL_V1 stage=2 raw_iteration=0 ordinal=1 kernel=owner_pack_faces threads=1533387 begin_tick=1943544849092875 end_tick=1943544849368291 ms_per_tick=9.9999999999999995e-07 device_ms=0.27541599999999999
PRODUCER_KERNEL_V1 stage=2 raw_iteration=0 ordinal=2 kernel=owner_pack_faces threads=1533387 begin_tick=1943544849032875 end_tick=1943544849092875 ms_per_tick=9.9999999999999995e-07 device_ms=0.059999999999999998
PRODUCER_KERNEL_V1 stage=2 raw_iteration=0 ordinal=3 kernel=fct_extract_gas_density threads=504666 begin_tick=1943544849093625 end_tick=1943544849144333 ms_per_tick=9.9999999999999995e-07 device_ms=0.050707999999999996
PRODUCER_KERNEL_V1 stage=2 raw_iteration=0 ordinal=4 kernel=owner_gas_source threads=504666 begin_tick=1943544849368625 end_tick=1943544849737541 ms_per_tick=9.9999999999999995e-07 device_ms=0.36891599999999997
PRODUCER_KERNEL_V1 stage=2 raw_iteration=0 ordinal=5 kernel=evaluate_resident_transport threads=504666 begin_tick=1943544849153750 end_tick=1943544849750916 ms_per_tick=9.9999999999999995e-07 device_ms=0.59716599999999997
PRODUCER_KERNEL_V1 stage=2 raw_iteration=0 ordinal=6 kernel=identify_resident_transport threads=1 begin_tick=1943544849751333 end_tick=1943545440404583 ms_per_tick=9.9999999999999995e-07 device_ms=590.65324999999996
PRODUCER_KERNEL_V1 stage=2 raw_iteration=0 ordinal=7 kernel=owner_bind_transport threads=1 begin_tick=1943545440418041 end_tick=1943545440421291 ms_per_tick=9.9999999999999995e-07 device_ms=0.0032499999999999999
PRODUCER_KERNEL_V1 stage=2 raw_iteration=0 ordinal=8 kernel=identify_resident_owner_endpoint_class threads=1 begin_tick=1943545440421583 end_tick=1943545442872333 ms_per_tick=9.9999999999999995e-07 device_ms=2.4507499999999998
PRODUCER_KERNEL_V1 stage=2 raw_iteration=0 ordinal=9 kernel=evaluate_resident_physical_flux threads=1533387 begin_tick=1943545442872791 end_tick=1943545444011458 ms_per_tick=9.9999999999999995e-07 device_ms=1.1386669999999999
PRODUCER_KERNEL_V1 stage=2 raw_iteration=0 ordinal=10 kernel=evaluate_resident_advective_pair threads=13800483 begin_tick=1943545444011791 end_tick=1943545451505333 ms_per_tick=9.9999999999999995e-07 device_ms=7.4935419999999997
PRODUCER_KERNEL_V1 stage=2 raw_iteration=0 ordinal=11 kernel=finalize_resident_advective_high threads=13800483 begin_tick=1943545451518625 end_tick=1943545451938041 ms_per_tick=9.9999999999999995e-07 device_ms=0.41941599999999996
PRODUCER_KERNEL_V1 stage=2 raw_iteration=0 ordinal=12 kernel=compose_resident_flux_pair threads=13800483 begin_tick=1943545451938458 end_tick=1943545452816500 ms_per_tick=9.9999999999999995e-07 device_ms=0.87804199999999999
PRODUCER_KERNEL_V1 stage=2 raw_iteration=0 ordinal=13 kernel=validate_resident_physical_flux threads=13800483 begin_tick=1943545452817083 end_tick=1943545453674125 ms_per_tick=9.9999999999999995e-07 device_ms=0.85704199999999997
PRODUCER_KERNEL_V1 stage=2 raw_iteration=0 ordinal=14 kernel=identify_resident_physical_flux threads=1 begin_tick=1943545453674791 end_tick=1943548690318083 ms_per_tick=9.9999999999999995e-07 device_ms=3236.6432919999997
PRODUCER_KERNEL_V1 stage=2 raw_iteration=0 ordinal=15 kernel=owner_bind_candidate threads=1 begin_tick=1943548690332500 end_tick=1943549132007416 ms_per_tick=9.9999999999999995e-07 device_ms=441.674916
PRODUCER_KERNEL_V1 stage=2 raw_iteration=0 ordinal=16 kernel=finalize_resident_eos_candidate threads=1 begin_tick=1943549132019625 end_tick=1943549132022458 ms_per_tick=9.9999999999999995e-07 device_ms=0.002833
PRODUCER_KERNEL_V1 stage=2 raw_iteration=0 ordinal=17 kernel=evaluate_resident_eos_candidate threads=504666 begin_tick=1943549132023083 end_tick=1943549736105250 ms_per_tick=9.9999999999999995e-07 device_ms=604.08216700000003
PRODUCER_KERNEL_V1 stage=2 raw_iteration=0 ordinal=18 kernel=finalize_resident_eos_candidate threads=1 begin_tick=1943549736121166 end_tick=1943549736123833 ms_per_tick=9.9999999999999995e-07 device_ms=0.0026669999999999997
PRODUCER_KERNEL_V1 stage=2 raw_iteration=0 ordinal=19 kernel=identify_resident_eos threads=1 begin_tick=1943549736124291 end_tick=1943549781032166 ms_per_tick=9.9999999999999995e-07 device_ms=44.907874999999997
PRODUCER_KERNEL_V1 stage=2 raw_iteration=0 ordinal=20 kernel=produce_resident_frozen_source threads=504666 begin_tick=1943549781048041 end_tick=1943549781078666 ms_per_tick=9.9999999999999995e-07 device_ms=0.030624999999999999
PRODUCER_KERNEL_V1 stage=2 raw_iteration=0 ordinal=21 kernel=identify_resident_frozen_source threads=1 begin_tick=1943549781079333 end_tick=1943549816866333 ms_per_tick=9.9999999999999995e-07 device_ms=35.786999999999999
PRODUCER_KERNEL_V1 stage=2 raw_iteration=0 ordinal=22 kernel=evaluate_resident_target_terms threads=504666 begin_tick=1943549816883083 end_tick=1943549943408666 ms_per_tick=9.9999999999999995e-07 device_ms=126.525583
PRODUCER_KERNEL_V1 stage=2 raw_iteration=0 ordinal=23 kernel=finalize_resident_target threads=1 begin_tick=1943549943422583 end_tick=1943549943425875 ms_per_tick=9.9999999999999995e-07 device_ms=0.0032919999999999998
PRODUCER_KERNEL_V1 stage=2 raw_iteration=0 ordinal=24 kernel=identify_resident_target threads=1 begin_tick=1943549943426250 end_tick=1943550001606333 ms_per_tick=9.9999999999999995e-07 device_ms=58.180082999999996
PRODUCER_KERNEL_V1 stage=2 raw_iteration=0 ordinal=25 kernel=issue_resident_projection_consumer threads=1 begin_tick=1943550001621916 end_tick=1943550001625791 ms_per_tick=9.9999999999999995e-07 device_ms=0.003875
PRODUCER_KERNEL_V1 stage=2 raw_iteration=0 ordinal=26 kernel=consume_resident_target threads=1 begin_tick=1943550001626083 end_tick=1943550038977250 ms_per_tick=9.9999999999999995e-07 device_ms=37.351166999999997
PRODUCER_KERNEL_V1 stage=2 raw_iteration=0 ordinal=27 kernel=owner_compose_target threads=504666 begin_tick=1943550039003166 end_tick=1943550039036125 ms_per_tick=9.9999999999999995e-07 device_ms=0.032958999999999995
PRODUCER_KERNEL_V1 stage=2 raw_iteration=0 ordinal=28 kernel=finalize_resident_target threads=1 begin_tick=1943550039036541 end_tick=1943550039039666 ms_per_tick=9.9999999999999995e-07 device_ms=0.0031249999999999997
PRODUCER_KERNEL_V1 stage=2 raw_iteration=0 ordinal=29 kernel=owner_identify_target threads=1 begin_tick=1943550039040250 end_tick=1943550089604416 ms_per_tick=9.9999999999999995e-07 device_ms=50.564166
PRODUCER_KERNEL_V1 stage=2 raw_iteration=0 ordinal=30 kernel=issue_resident_projection_consumer threads=1 begin_tick=1943550089632791 end_tick=1943550089818958 ms_per_tick=9.9999999999999995e-07 device_ms=0.186167
PRODUCER_KERNEL_V1 stage=2 raw_iteration=0 ordinal=31 kernel=consume_resident_target threads=1 begin_tick=1943550089819458 end_tick=1943550127105750 ms_per_tick=9.9999999999999995e-07 device_ms=37.286291999999996
PRODUCER_KERNEL_V1 stage=2 raw_iteration=0 ordinal=32 kernel=owner_issue_stage_seal threads=1 begin_tick=1943550127106458 end_tick=1943550127109791 ms_per_tick=9.9999999999999995e-07 device_ms=0.003333
PRODUCER_KERNEL_V1 stage=2 raw_iteration=0 ordinal=33 kernel=fct_compatible_stage_rate threads=1533387 begin_tick=1943550127515708 end_tick=1943550128044333 ms_per_tick=9.9999999999999995e-07 device_ms=0.52862500000000001
PRODUCER_KERNEL_V1 stage=2 raw_iteration=0 ordinal=34 kernel=owner_heun_momentum threads=1533387 begin_tick=1943550128044750 end_tick=1943550128136708 ms_per_tick=9.9999999999999995e-07 device_ms=0.091957999999999998
RISE_FIRE_OWNER_PROFILE_V1 {"scope":78,"parent":73,"phase":"BuildStageProducerGroup","stage":2,"raw_iteration":0,"iteration_kind":"picard","wall_ms":5360.618791000,"device_sum_ms":5279.109500116,"wall_minus_device_ms":81.509290884,"exclusive_wall_ms":5360.618791000,"exclusive_device_sum_ms":5279.109500116,"child_observer_wall_ms":0.000000000,"count_scope":"inclusive","owner_commits":1,"projection_invocations":0}
RISE_FIRE_OWNER_PROFILE_V1 {"scope":79,"parent":73,"phase":"Residual","stage":2,"raw_iteration":0,"iteration_kind":"picard","wall_ms":2.392500000,"device_sum_ms":0.022666762,"wall_minus_device_ms":2.369833238,"exclusive_wall_ms":2.392500000,"exclusive_device_sum_ms":0.022666762,"child_observer_wall_ms":0.000000000,"count_scope":"inclusive","owner_commits":1,"projection_invocations":0}
RISE_FIRE_OWNER_PROFILE_V1 {"scope":73,"parent":69,"phase":"PicardIteration","stage":2,"raw_iteration":0,"iteration_kind":"picard","wall_ms":5560.921459000,"device_sum_ms":5468.151625479,"wall_minus_device_ms":92.769833521,"exclusive_wall_ms":2.792042000,"exclusive_device_sum_ms":0.000000000,"child_observer_wall_ms":0.046126000,"count_scope":"inclusive","owner_commits":6,"projection_invocations":1}
RISE_FIRE_OWNER_PROFILE_V1 {"scope":82,"parent":81,"phase":"ProjectionAdapter","stage":2,"raw_iteration":1,"iteration_kind":"picard","wall_ms":193.149000000,"device_sum_ms":190.213666763,"wall_minus_device_ms":2.935333237,"exclusive_wall_ms":193.149000000,"exclusive_device_sum_ms":190.213666763,"child_observer_wall_ms":0.000000000,"count_scope":"inclusive","owner_commits":0,"projection_invocations":1}
RISE_FIRE_OWNER_PROFILE_V1 {"scope":81,"parent":80,"phase":"Project","stage":2,"raw_iteration":1,"iteration_kind":"picard","wall_ms":194.213500000,"device_sum_ms":190.259208204,"wall_minus_device_ms":3.954291796,"exclusive_wall_ms":1.038000000,"exclusive_device_sum_ms":0.045541441,"child_observer_wall_ms":0.026500000,"count_scope":"inclusive","owner_commits":2,"projection_invocations":1}
RISE_FIRE_OWNER_PROFILE_V1 {"scope":83,"parent":80,"phase":"ReadOpenClass","stage":2,"raw_iteration":1,"iteration_kind":"picard","wall_ms":0.162791000,"device_sum_ms":0.002666842,"wall_minus_device_ms":0.160124158,"exclusive_wall_ms":0.162791000,"exclusive_device_sum_ms":0.002666842,"child_observer_wall_ms":0.000000000,"count_scope":"inclusive","owner_commits":1,"projection_invocations":0}
RISE_FIRE_OWNER_PROFILE_V1 {"scope":84,"parent":80,"phase":"ReadOpenClass","stage":2,"raw_iteration":1,"iteration_kind":"picard","wall_ms":0.152917000,"device_sum_ms":0.002375105,"wall_minus_device_ms":0.150541895,"exclusive_wall_ms":0.152917000,"exclusive_device_sum_ms":0.002375105,"child_observer_wall_ms":0.000000000,"count_scope":"inclusive","owner_commits":1,"projection_invocations":0}
PRODUCER_COMMAND_V1 stage=2 raw_iteration=1 cpu_begin=1943550328224208 cpu_end=1943555687409250 gpu_begin=1943550328224208 gpu_end=1943555687409250 device_ms=5277.4380417540669 encoders=35 interval_scope=possibly_overlapping
PRODUCER_KERNEL_V1 stage=2 raw_iteration=1 ordinal=0 kernel=owner_pack_faces threads=1533387 begin_tick=1943550409988833 end_tick=1943550410040041 ms_per_tick=9.9999999999999995e-07 device_ms=0.051207999999999997
PRODUCER_KERNEL_V1 stage=2 raw_iteration=1 ordinal=1 kernel=owner_pack_faces threads=1533387 begin_tick=1943550410058916 end_tick=1943550410110166 ms_per_tick=9.9999999999999995e-07 device_ms=0.051249999999999997
PRODUCER_KERNEL_V1 stage=2 raw_iteration=1 ordinal=2 kernel=owner_pack_faces threads=1533387 begin_tick=1943550410190708 end_tick=1943550410289458 ms_per_tick=9.9999999999999995e-07 device_ms=0.098749999999999991
PRODUCER_KERNEL_V1 stage=2 raw_iteration=1 ordinal=3 kernel=fct_extract_gas_density threads=504666 begin_tick=1943550410193625 end_tick=1943550410240916 ms_per_tick=9.9999999999999995e-07 device_ms=0.047291
PRODUCER_KERNEL_V1 stage=2 raw_iteration=1 ordinal=4 kernel=owner_gas_source threads=504666 begin_tick=1943550410245791 end_tick=1943550410289666 ms_per_tick=9.9999999999999995e-07 device_ms=0.043874999999999997
PRODUCER_KERNEL_V1 stage=2 raw_iteration=1 ordinal=5 kernel=evaluate_resident_transport threads=504666 begin_tick=1943550410369666 end_tick=1943550410962125 ms_per_tick=9.9999999999999995e-07 device_ms=0.59245899999999996
PRODUCER_KERNEL_V1 stage=2 raw_iteration=1 ordinal=6 kernel=identify_resident_transport threads=1 begin_tick=1943550410962541 end_tick=1943551001641375 ms_per_tick=9.9999999999999995e-07 device_ms=590.67883399999994
PRODUCER_KERNEL_V1 stage=2 raw_iteration=1 ordinal=7 kernel=owner_bind_transport threads=1 begin_tick=1943551001657208 end_tick=1943551001660625 ms_per_tick=9.9999999999999995e-07 device_ms=0.0034169999999999999
PRODUCER_KERNEL_V1 stage=2 raw_iteration=1 ordinal=8 kernel=identify_resident_owner_endpoint_class threads=1 begin_tick=1943551001661041 end_tick=1943551004074500 ms_per_tick=9.9999999999999995e-07 device_ms=2.413459
PRODUCER_KERNEL_V1 stage=2 raw_iteration=1 ordinal=9 kernel=evaluate_resident_physical_flux threads=1533387 begin_tick=1943551004074958 end_tick=1943551005212250 ms_per_tick=9.9999999999999995e-07 device_ms=1.137292
PRODUCER_KERNEL_V1 stage=2 raw_iteration=1 ordinal=10 kernel=evaluate_resident_advective_pair threads=13800483 begin_tick=1943551005212791 end_tick=1943551013525458 ms_per_tick=9.9999999999999995e-07 device_ms=8.3126669999999994
PRODUCER_KERNEL_V1 stage=2 raw_iteration=1 ordinal=11 kernel=finalize_resident_advective_high threads=13800483 begin_tick=1943551013541000 end_tick=1943551013961500 ms_per_tick=9.9999999999999995e-07 device_ms=0.42049999999999998
PRODUCER_KERNEL_V1 stage=2 raw_iteration=1 ordinal=12 kernel=compose_resident_flux_pair threads=13800483 begin_tick=1943551013961875 end_tick=1943551014845083 ms_per_tick=9.9999999999999995e-07 device_ms=0.88320799999999999
PRODUCER_KERNEL_V1 stage=2 raw_iteration=1 ordinal=13 kernel=validate_resident_physical_flux threads=13800483 begin_tick=1943551014845583 end_tick=1943551015671958 ms_per_tick=9.9999999999999995e-07 device_ms=0.82637499999999997
PRODUCER_KERNEL_V1 stage=2 raw_iteration=1 ordinal=14 kernel=identify_resident_physical_flux threads=1 begin_tick=1943551015672333 end_tick=1943554248734291 ms_per_tick=9.9999999999999995e-07 device_ms=3233.0619579999998
PRODUCER_KERNEL_V1 stage=2 raw_iteration=1 ordinal=15 kernel=owner_bind_candidate threads=1 begin_tick=1943554248749750 end_tick=1943554691273291 ms_per_tick=9.9999999999999995e-07 device_ms=442.52354099999997
PRODUCER_KERNEL_V1 stage=2 raw_iteration=1 ordinal=16 kernel=finalize_resident_eos_candidate threads=1 begin_tick=1943554691288875 end_tick=1943554691291750 ms_per_tick=9.9999999999999995e-07 device_ms=0.002875
PRODUCER_KERNEL_V1 stage=2 raw_iteration=1 ordinal=17 kernel=evaluate_resident_eos_candidate threads=504666 begin_tick=1943554691292333 end_tick=1943555299157125 ms_per_tick=9.9999999999999995e-07 device_ms=607.86479199999997
PRODUCER_KERNEL_V1 stage=2 raw_iteration=1 ordinal=18 kernel=finalize_resident_eos_candidate threads=1 begin_tick=1943555299174041 end_tick=1943555299176791 ms_per_tick=9.9999999999999995e-07 device_ms=0.0027499999999999998
PRODUCER_KERNEL_V1 stage=2 raw_iteration=1 ordinal=19 kernel=identify_resident_eos threads=1 begin_tick=1943555299177333 end_tick=1943555343544833 ms_per_tick=9.9999999999999995e-07 device_ms=44.3675
PRODUCER_KERNEL_V1 stage=2 raw_iteration=1 ordinal=20 kernel=produce_resident_frozen_source threads=504666 begin_tick=1943555343545500 end_tick=1943555343575833 ms_per_tick=9.9999999999999995e-07 device_ms=0.030332999999999999
PRODUCER_KERNEL_V1 stage=2 raw_iteration=1 ordinal=21 kernel=identify_resident_frozen_source threads=1 begin_tick=1943555343576500 end_tick=1943555378826708 ms_per_tick=9.9999999999999995e-07 device_ms=35.250208000000001
PRODUCER_KERNEL_V1 stage=2 raw_iteration=1 ordinal=22 kernel=evaluate_resident_target_terms threads=504666 begin_tick=1943555378841041 end_tick=1943555502340166 ms_per_tick=9.9999999999999995e-07 device_ms=123.49912499999999
PRODUCER_KERNEL_V1 stage=2 raw_iteration=1 ordinal=23 kernel=finalize_resident_target threads=1 begin_tick=1943555502355958 end_tick=1943555502359250 ms_per_tick=9.9999999999999995e-07 device_ms=0.0032919999999999998
PRODUCER_KERNEL_V1 stage=2 raw_iteration=1 ordinal=24 kernel=identify_resident_target threads=1 begin_tick=1943555502359541 end_tick=1943555560426208 ms_per_tick=9.9999999999999995e-07 device_ms=58.066666999999995
PRODUCER_KERNEL_V1 stage=2 raw_iteration=1 ordinal=25 kernel=issue_resident_projection_consumer threads=1 begin_tick=1943555560442000 end_tick=1943555560446083 ms_per_tick=9.9999999999999995e-07 device_ms=0.0040829999999999998
PRODUCER_KERNEL_V1 stage=2 raw_iteration=1 ordinal=26 kernel=consume_resident_target threads=1 begin_tick=1943555560446500 end_tick=1943555597840458 ms_per_tick=9.9999999999999995e-07 device_ms=37.393957999999998
PRODUCER_KERNEL_V1 stage=2 raw_iteration=1 ordinal=27 kernel=owner_compose_target threads=504666 begin_tick=1943555597854458 end_tick=1943555597885000 ms_per_tick=9.9999999999999995e-07 device_ms=0.030542
PRODUCER_KERNEL_V1 stage=2 raw_iteration=1 ordinal=28 kernel=finalize_resident_target threads=1 begin_tick=1943555597885375 end_tick=1943555597888291 ms_per_tick=9.9999999999999995e-07 device_ms=0.0029159999999999998
PRODUCER_KERNEL_V1 stage=2 raw_iteration=1 ordinal=29 kernel=owner_identify_target threads=1 begin_tick=1943555597888791 end_tick=1943555649407750 ms_per_tick=9.9999999999999995e-07 device_ms=51.518958999999995
PRODUCER_KERNEL_V1 stage=2 raw_iteration=1 ordinal=30 kernel=issue_resident_projection_consumer threads=1 begin_tick=1943555649422666 end_tick=1943555649426875 ms_per_tick=9.9999999999999995e-07 device_ms=0.0042090000000000001
PRODUCER_KERNEL_V1 stage=2 raw_iteration=1 ordinal=31 kernel=consume_resident_target threads=1 begin_tick=1943555649427416 end_tick=1943555686677291 ms_per_tick=9.9999999999999995e-07 device_ms=37.249874999999996
PRODUCER_KERNEL_V1 stage=2 raw_iteration=1 ordinal=32 kernel=owner_issue_stage_seal threads=1 begin_tick=1943555686678000 end_tick=1943555686681666 ms_per_tick=9.9999999999999995e-07 device_ms=0.003666
PRODUCER_KERNEL_V1 stage=2 raw_iteration=1 ordinal=33 kernel=fct_compatible_stage_rate threads=1533387 begin_tick=1943555686682083 end_tick=1943555687189416 ms_per_tick=9.9999999999999995e-07 device_ms=0.50733299999999992
PRODUCER_KERNEL_V1 stage=2 raw_iteration=1 ordinal=34 kernel=owner_heun_momentum threads=1533387 begin_tick=1943555687189791 end_tick=1943555687281208 ms_per_tick=9.9999999999999995e-07 device_ms=0.091416999999999998
RISE_FIRE_OWNER_PROFILE_V1 {"scope":85,"parent":80,"phase":"BuildStageProducerGroup","stage":2,"raw_iteration":1,"iteration_kind":"picard","wall_ms":5359.357083000,"device_sum_ms":5277.438041754,"wall_minus_device_ms":81.919041246,"exclusive_wall_ms":5359.357083000,"exclusive_device_sum_ms":5277.438041754,"child_observer_wall_ms":0.000000000,"count_scope":"inclusive","owner_commits":1,"projection_invocations":0}
RISE_FIRE_OWNER_PROFILE_V1 {"scope":86,"parent":80,"phase":"Residual","stage":2,"raw_iteration":1,"iteration_kind":"picard","wall_ms":3.717666000,"device_sum_ms":1.386166783,"wall_minus_device_ms":2.331499217,"exclusive_wall_ms":3.717666000,"exclusive_device_sum_ms":1.386166783,"child_observer_wall_ms":0.000000000,"count_scope":"inclusive","owner_commits":1,"projection_invocations":0}
RISE_FIRE_OWNER_PROFILE_V1 {"scope":80,"parent":69,"phase":"PicardIteration","stage":2,"raw_iteration":1,"iteration_kind":"picard","wall_ms":5559.763291000,"device_sum_ms":5469.088458689,"wall_minus_device_ms":90.674832311,"exclusive_wall_ms":2.114917000,"exclusive_device_sum_ms":0.000000000,"child_observer_wall_ms":0.044417000,"count_scope":"inclusive","owner_commits":6,"projection_invocations":1}
RISE_FIRE_OWNER_PROFILE_V1 {"scope":89,"parent":88,"phase":"ProjectionAdapter","stage":2,"raw_iteration":2,"iteration_kind":"picard","wall_ms":193.189083000,"device_sum_ms":190.114083234,"wall_minus_device_ms":3.074999766,"exclusive_wall_ms":193.189083000,"exclusive_device_sum_ms":190.114083234,"child_observer_wall_ms":0.000000000,"count_scope":"inclusive","owner_commits":0,"projection_invocations":1}
RISE_FIRE_OWNER_PROFILE_V1 {"scope":88,"parent":87,"phase":"Project","stage":2,"raw_iteration":2,"iteration_kind":"picard","wall_ms":193.759625000,"device_sum_ms":190.160916420,"wall_minus_device_ms":3.598708580,"exclusive_wall_ms":0.551083000,"exclusive_device_sum_ms":0.046833185,"child_observer_wall_ms":0.019459000,"count_scope":"inclusive","owner_commits":2,"projection_invocations":1}
RISE_FIRE_OWNER_PROFILE_V1 {"scope":90,"parent":87,"phase":"ReadOpenClass","stage":2,"raw_iteration":2,"iteration_kind":"picard","wall_ms":0.162500000,"device_sum_ms":0.002458226,"wall_minus_device_ms":0.160041774,"exclusive_wall_ms":0.162500000,"exclusive_device_sum_ms":0.002458226,"child_observer_wall_ms":0.000000000,"count_scope":"inclusive","owner_commits":1,"projection_invocations":0}
RISE_FIRE_OWNER_PROFILE_V1 {"scope":91,"parent":87,"phase":"ReadOpenClass","stage":2,"raw_iteration":2,"iteration_kind":"picard","wall_ms":0.149000000,"device_sum_ms":0.002416782,"wall_minus_device_ms":0.146583218,"exclusive_wall_ms":0.149000000,"exclusive_device_sum_ms":0.002416782,"child_observer_wall_ms":0.000000000,"count_scope":"inclusive","owner_commits":1,"projection_invocations":0}
PRODUCER_COMMAND_V1 stage=2 raw_iteration=2 cpu_begin=1943555887528833 cpu_end=1943561255449833 gpu_begin=1943555887528833 gpu_end=1943561255449833 device_ms=5285.5231249704957 encoders=35 interval_scope=possibly_overlapping
PRODUCER_KERNEL_V1 stage=2 raw_iteration=2 ordinal=0 kernel=owner_pack_faces threads=1533387 begin_tick=1943555969800666 end_tick=1943555969853166 ms_per_tick=9.9999999999999995e-07 device_ms=0.052499999999999998
PRODUCER_KERNEL_V1 stage=2 raw_iteration=2 ordinal=1 kernel=owner_pack_faces threads=1533387 begin_tick=1943555969852875 end_tick=1943555969929791 ms_per_tick=9.9999999999999995e-07 device_ms=0.076915999999999998
PRODUCER_KERNEL_V1 stage=2 raw_iteration=2 ordinal=2 kernel=owner_pack_faces threads=1533387 begin_tick=1943555969798583 end_tick=1943555969852875 ms_per_tick=9.9999999999999995e-07 device_ms=0.054292
PRODUCER_KERNEL_V1 stage=2 raw_iteration=2 ordinal=3 kernel=fct_extract_gas_density threads=504666 begin_tick=1943555969853625 end_tick=1943555969899375 ms_per_tick=9.9999999999999995e-07 device_ms=0.045749999999999999
PRODUCER_KERNEL_V1 stage=2 raw_iteration=2 ordinal=4 kernel=owner_gas_source threads=504666 begin_tick=1943555969930083 end_tick=1943555969971333 ms_per_tick=9.9999999999999995e-07 device_ms=0.041249999999999995
PRODUCER_KERNEL_V1 stage=2 raw_iteration=2 ordinal=5 kernel=evaluate_resident_transport threads=504666 begin_tick=1943555969969291 end_tick=1943555970559166 ms_per_tick=9.9999999999999995e-07 device_ms=0.58987499999999993
PRODUCER_KERNEL_V1 stage=2 raw_iteration=2 ordinal=6 kernel=identify_resident_transport threads=1 begin_tick=1943555970559500 end_tick=1943556560524125 ms_per_tick=9.9999999999999995e-07 device_ms=589.96462499999996
PRODUCER_KERNEL_V1 stage=2 raw_iteration=2 ordinal=7 kernel=owner_bind_transport threads=1 begin_tick=1943556560539916 end_tick=1943556560566625 ms_per_tick=9.9999999999999995e-07 device_ms=0.026709
PRODUCER_KERNEL_V1 stage=2 raw_iteration=2 ordinal=8 kernel=identify_resident_owner_endpoint_class threads=1 begin_tick=1943556560567291 end_tick=1943556563059291 ms_per_tick=9.9999999999999995e-07 device_ms=2.492
PRODUCER_KERNEL_V1 stage=2 raw_iteration=2 ordinal=9 kernel=evaluate_resident_physical_flux threads=1533387 begin_tick=1943556563059791 end_tick=1943556564202875 ms_per_tick=9.9999999999999995e-07 device_ms=1.143084
PRODUCER_KERNEL_V1 stage=2 raw_iteration=2 ordinal=10 kernel=evaluate_resident_advective_pair threads=13800483 begin_tick=1943556564203250 end_tick=1943556571277500 ms_per_tick=9.9999999999999995e-07 device_ms=7.0742499999999993
PRODUCER_KERNEL_V1 stage=2 raw_iteration=2 ordinal=11 kernel=finalize_resident_advective_high threads=13800483 begin_tick=1943556571278291 end_tick=1943556571699416 ms_per_tick=9.9999999999999995e-07 device_ms=0.42112499999999997
PRODUCER_KERNEL_V1 stage=2 raw_iteration=2 ordinal=12 kernel=compose_resident_flux_pair threads=13800483 begin_tick=1943556571699791 end_tick=1943556572583541 ms_per_tick=9.9999999999999995e-07 device_ms=0.88374999999999992
PRODUCER_KERNEL_V1 stage=2 raw_iteration=2 ordinal=13 kernel=validate_resident_physical_flux threads=13800483 begin_tick=1943556572584083 end_tick=1943556574784875 ms_per_tick=9.9999999999999995e-07 device_ms=2.2007919999999999
PRODUCER_KERNEL_V1 stage=2 raw_iteration=2 ordinal=14 kernel=identify_resident_physical_flux threads=1 begin_tick=1943556574799958 end_tick=1943559815335583 ms_per_tick=9.9999999999999995e-07 device_ms=3240.535625
PRODUCER_KERNEL_V1 stage=2 raw_iteration=2 ordinal=15 kernel=owner_bind_candidate threads=1 begin_tick=1943559815349833 end_tick=1943560257534625 ms_per_tick=9.9999999999999995e-07 device_ms=442.18479199999996
PRODUCER_KERNEL_V1 stage=2 raw_iteration=2 ordinal=16 kernel=finalize_resident_eos_candidate threads=1 begin_tick=1943560257549750 end_tick=1943560257552666 ms_per_tick=9.9999999999999995e-07 device_ms=0.0029159999999999998
PRODUCER_KERNEL_V1 stage=2 raw_iteration=2 ordinal=17 kernel=evaluate_resident_eos_candidate threads=504666 begin_tick=1943560257553291 end_tick=1943560865223791 ms_per_tick=9.9999999999999995e-07 device_ms=607.67049999999995
PRODUCER_KERNEL_V1 stage=2 raw_iteration=2 ordinal=18 kernel=finalize_resident_eos_candidate threads=1 begin_tick=1943560865239583 end_tick=1943560865242250 ms_per_tick=9.9999999999999995e-07 device_ms=0.0026669999999999997
PRODUCER_KERNEL_V1 stage=2 raw_iteration=2 ordinal=19 kernel=identify_resident_eos threads=1 begin_tick=1943560865242708 end_tick=1943560909791333 ms_per_tick=9.9999999999999995e-07 device_ms=44.548625000000001
PRODUCER_KERNEL_V1 stage=2 raw_iteration=2 ordinal=20 kernel=produce_resident_frozen_source threads=504666 begin_tick=1943560909792083 end_tick=1943560909822375 ms_per_tick=9.9999999999999995e-07 device_ms=0.030291999999999999
PRODUCER_KERNEL_V1 stage=2 raw_iteration=2 ordinal=21 kernel=identify_resident_frozen_source threads=1 begin_tick=1943560909823000 end_tick=1943560946780458 ms_per_tick=9.9999999999999995e-07 device_ms=36.957457999999995
PRODUCER_KERNEL_V1 stage=2 raw_iteration=2 ordinal=22 kernel=evaluate_resident_target_terms threads=504666 begin_tick=1943560946796375 end_tick=1943561069630458 ms_per_tick=9.9999999999999995e-07 device_ms=122.83408299999999
PRODUCER_KERNEL_V1 stage=2 raw_iteration=2 ordinal=23 kernel=finalize_resident_target threads=1 begin_tick=1943561069645791 end_tick=1943561069649083 ms_per_tick=9.9999999999999995e-07 device_ms=0.0032919999999999998
PRODUCER_KERNEL_V1 stage=2 raw_iteration=2 ordinal=24 kernel=identify_resident_target threads=1 begin_tick=1943561069649375 end_tick=1943561127565625 ms_per_tick=9.9999999999999995e-07 device_ms=57.916249999999998
PRODUCER_KERNEL_V1 stage=2 raw_iteration=2 ordinal=25 kernel=issue_resident_projection_consumer threads=1 begin_tick=1943561127566458 end_tick=1943561127571083 ms_per_tick=9.9999999999999995e-07 device_ms=0.0046249999999999998
PRODUCER_KERNEL_V1 stage=2 raw_iteration=2 ordinal=26 kernel=consume_resident_target threads=1 begin_tick=1943561127571500 end_tick=1943561165070208 ms_per_tick=9.9999999999999995e-07 device_ms=37.498708000000001
PRODUCER_KERNEL_V1 stage=2 raw_iteration=2 ordinal=27 kernel=owner_compose_target threads=504666 begin_tick=1943561165085083 end_tick=1943561165115625 ms_per_tick=9.9999999999999995e-07 device_ms=0.030542
PRODUCER_KERNEL_V1 stage=2 raw_iteration=2 ordinal=28 kernel=finalize_resident_target threads=1 begin_tick=1943561165116041 end_tick=1943561165119000 ms_per_tick=9.9999999999999995e-07 device_ms=0.0029589999999999998
PRODUCER_KERNEL_V1 stage=2 raw_iteration=2 ordinal=29 kernel=owner_identify_target threads=1 begin_tick=1943561165119541 end_tick=1943561216852541 ms_per_tick=9.9999999999999995e-07 device_ms=51.732999999999997
PRODUCER_KERNEL_V1 stage=2 raw_iteration=2 ordinal=30 kernel=issue_resident_projection_consumer threads=1 begin_tick=1943561216867333 end_tick=1943561216871541 ms_per_tick=9.9999999999999995e-07 device_ms=0.0042079999999999999
PRODUCER_KERNEL_V1 stage=2 raw_iteration=2 ordinal=31 kernel=consume_resident_target threads=1 begin_tick=1943561216872125 end_tick=1943561254285375 ms_per_tick=9.9999999999999995e-07 device_ms=37.413249999999998
PRODUCER_KERNEL_V1 stage=2 raw_iteration=2 ordinal=32 kernel=owner_issue_stage_seal threads=1 begin_tick=1943561254300541 end_tick=1943561254303916 ms_per_tick=9.9999999999999995e-07 device_ms=0.003375
PRODUCER_KERNEL_V1 stage=2 raw_iteration=2 ordinal=33 kernel=fct_compatible_stage_rate threads=1533387 begin_tick=1943561254697291 end_tick=1943561255224291 ms_per_tick=9.9999999999999995e-07 device_ms=0.52700000000000002
PRODUCER_KERNEL_V1 stage=2 raw_iteration=2 ordinal=34 kernel=owner_heun_momentum threads=1533387 begin_tick=1943561255224708 end_tick=1943561255316041 ms_per_tick=9.9999999999999995e-07 device_ms=0.091332999999999998
RISE_FIRE_OWNER_PROFILE_V1 {"scope":92,"parent":87,"phase":"BuildStageProducerGroup","stage":2,"raw_iteration":2,"iteration_kind":"picard","wall_ms":5368.085917000,"device_sum_ms":5285.523124970,"wall_minus_device_ms":82.562792030,"exclusive_wall_ms":5368.085917000,"exclusive_device_sum_ms":5285.523124970,"child_observer_wall_ms":0.000000000,"count_scope":"inclusive","owner_commits":1,"projection_invocations":0}
RISE_FIRE_OWNER_PROFILE_V1 {"scope":93,"parent":87,"phase":"Residual","stage":2,"raw_iteration":2,"iteration_kind":"picard","wall_ms":3.123666000,"device_sum_ms":0.663124956,"wall_minus_device_ms":2.460541044,"exclusive_wall_ms":3.123666000,"exclusive_device_sum_ms":0.663124956,"child_observer_wall_ms":0.000000000,"count_scope":"inclusive","owner_commits":1,"projection_invocations":0}
RISE_FIRE_OWNER_PROFILE_V1 {"scope":96,"parent":95,"phase":"ProjectionAdapter","stage":2,"raw_iteration":2147483650,"iteration_kind":"terminal","wall_ms":188.540125000,"device_sum_ms":185.416583437,"wall_minus_device_ms":3.123541563,"exclusive_wall_ms":188.540125000,"exclusive_device_sum_ms":185.416583437,"child_observer_wall_ms":0.000000000,"count_scope":"inclusive","owner_commits":0,"projection_invocations":1}
RISE_FIRE_OWNER_PROFILE_V1 {"scope":95,"parent":94,"phase":"Project","stage":2,"raw_iteration":2147483650,"iteration_kind":"terminal","wall_ms":189.139750000,"device_sum_ms":185.456666863,"wall_minus_device_ms":3.683083137,"exclusive_wall_ms":0.572000000,"exclusive_device_sum_ms":0.040083425,"child_observer_wall_ms":0.027625000,"count_scope":"inclusive","owner_commits":2,"projection_invocations":1}
RISE_FIRE_OWNER_PROFILE_V1 {"scope":97,"parent":94,"phase":"ReadOpenClass","stage":2,"raw_iteration":2147483650,"iteration_kind":"terminal","wall_ms":0.181542000,"device_sum_ms":0.002624933,"wall_minus_device_ms":0.178917067,"exclusive_wall_ms":0.181542000,"exclusive_device_sum_ms":0.002624933,"child_observer_wall_ms":0.000000000,"count_scope":"inclusive","owner_commits":1,"projection_invocations":0}
RISE_FIRE_OWNER_PROFILE_V1 {"scope":98,"parent":94,"phase":"ReadOpenClass","stage":2,"raw_iteration":2147483650,"iteration_kind":"terminal","wall_ms":0.152208000,"device_sum_ms":0.002250075,"wall_minus_device_ms":0.149957925,"exclusive_wall_ms":0.152208000,"exclusive_device_sum_ms":0.002250075,"child_observer_wall_ms":0.000000000,"count_scope":"inclusive","owner_commits":1,"projection_invocations":0}
PRODUCER_COMMAND_V1 stage=2 raw_iteration=2147483650 cpu_begin=1943561448281166 cpu_end=1943566809468333 gpu_begin=1943561448281166 gpu_end=1943566809468333 device_ms=5280.3556248545647 encoders=35 interval_scope=possibly_overlapping
PRODUCER_KERNEL_V1 stage=2 raw_iteration=2147483650 ordinal=0 kernel=owner_pack_faces threads=1533387 begin_tick=1943561529132291 end_tick=1943561529183083 ms_per_tick=9.9999999999999995e-07 device_ms=0.050791999999999997
PRODUCER_KERNEL_V1 stage=2 raw_iteration=2147483650 ordinal=1 kernel=owner_pack_faces threads=1533387 begin_tick=1943561529230041 end_tick=1943561529280000 ms_per_tick=9.9999999999999995e-07 device_ms=0.049958999999999996
PRODUCER_KERNEL_V1 stage=2 raw_iteration=2147483650 ordinal=2 kernel=owner_pack_faces threads=1533387 begin_tick=1943561529339500 end_tick=1943561529416708 ms_per_tick=9.9999999999999995e-07 device_ms=0.077207999999999999
PRODUCER_KERNEL_V1 stage=2 raw_iteration=2147483650 ordinal=3 kernel=fct_extract_gas_density threads=504666 begin_tick=1943561529359708 end_tick=1943561529406250 ms_per_tick=9.9999999999999995e-07 device_ms=0.046542
PRODUCER_KERNEL_V1 stage=2 raw_iteration=2147483650 ordinal=4 kernel=owner_gas_source threads=504666 begin_tick=1943561529446875 end_tick=1943561529492291 ms_per_tick=9.9999999999999995e-07 device_ms=0.045415999999999998
PRODUCER_KERNEL_V1 stage=2 raw_iteration=2147483650 ordinal=5 kernel=evaluate_resident_transport threads=504666 begin_tick=1943561529514541 end_tick=1943561530110458 ms_per_tick=9.9999999999999995e-07 device_ms=0.59591699999999992
PRODUCER_KERNEL_V1 stage=2 raw_iteration=2147483650 ordinal=6 kernel=identify_resident_transport threads=1 begin_tick=1943561530110791 end_tick=1943562121189833 ms_per_tick=9.9999999999999995e-07 device_ms=591.07904199999996
PRODUCER_KERNEL_V1 stage=2 raw_iteration=2147483650 ordinal=7 kernel=owner_bind_transport threads=1 begin_tick=1943562121205333 end_tick=1943562121208958 ms_per_tick=9.9999999999999995e-07 device_ms=0.0036249999999999998
PRODUCER_KERNEL_V1 stage=2 raw_iteration=2147483650 ordinal=8 kernel=identify_resident_owner_endpoint_class threads=1 begin_tick=1943562121209375 end_tick=1943562123812125 ms_per_tick=9.9999999999999995e-07 device_ms=2.6027499999999999
PRODUCER_KERNEL_V1 stage=2 raw_iteration=2147483650 ordinal=9 kernel=evaluate_resident_physical_flux threads=1533387 begin_tick=1943562123829583 end_tick=1943562125781083 ms_per_tick=9.9999999999999995e-07 device_ms=1.9515
PRODUCER_KERNEL_V1 stage=2 raw_iteration=2147483650 ordinal=10 kernel=evaluate_resident_advective_pair threads=13800483 begin_tick=1943562125781625 end_tick=1943562132916500 ms_per_tick=9.9999999999999995e-07 device_ms=7.1348750000000001
PRODUCER_KERNEL_V1 stage=2 raw_iteration=2147483650 ordinal=11 kernel=finalize_resident_advective_high threads=13800483 begin_tick=1943562132917291 end_tick=1943562133335708 ms_per_tick=9.9999999999999995e-07 device_ms=0.41841699999999998
PRODUCER_KERNEL_V1 stage=2 raw_iteration=2147483650 ordinal=12 kernel=compose_resident_flux_pair threads=13800483 begin_tick=1943562133336083 end_tick=1943562134224083 ms_per_tick=9.9999999999999995e-07 device_ms=0.88800000000000001
PRODUCER_KERNEL_V1 stage=2 raw_iteration=2147483650 ordinal=13 kernel=validate_resident_physical_flux threads=13800483 begin_tick=1943562134224708 end_tick=1943562135071666 ms_per_tick=9.9999999999999995e-07 device_ms=0.84695799999999999
PRODUCER_KERNEL_V1 stage=2 raw_iteration=2147483650 ordinal=14 kernel=identify_resident_physical_flux threads=1 begin_tick=1943562135072125 end_tick=1943565374697375 ms_per_tick=9.9999999999999995e-07 device_ms=3239.6252500000001
PRODUCER_KERNEL_V1 stage=2 raw_iteration=2147483650 ordinal=15 kernel=owner_bind_candidate threads=1 begin_tick=1943565374712333 end_tick=1943565817062833 ms_per_tick=9.9999999999999995e-07 device_ms=442.35049999999995
PRODUCER_KERNEL_V1 stage=2 raw_iteration=2147483650 ordinal=16 kernel=finalize_resident_eos_candidate threads=1 begin_tick=1943565817079125 end_tick=1943565817081875 ms_per_tick=9.9999999999999995e-07 device_ms=0.0027499999999999998
PRODUCER_KERNEL_V1 stage=2 raw_iteration=2147483650 ordinal=17 kernel=evaluate_resident_eos_candidate threads=504666 begin_tick=1943565817082458 end_tick=1943566417698250 ms_per_tick=9.9999999999999995e-07 device_ms=600.61579199999994
PRODUCER_KERNEL_V1 stage=2 raw_iteration=2147483650 ordinal=18 kernel=finalize_resident_eos_candidate threads=1 begin_tick=1943566417803000 end_tick=1943566417805583 ms_per_tick=9.9999999999999995e-07 device_ms=0.0025829999999999998
PRODUCER_KERNEL_V1 stage=2 raw_iteration=2147483650 ordinal=19 kernel=identify_resident_eos threads=1 begin_tick=1943566417805916 end_tick=1943566462328750 ms_per_tick=9.9999999999999995e-07 device_ms=44.522833999999996
PRODUCER_KERNEL_V1 stage=2 raw_iteration=2147483650 ordinal=20 kernel=produce_resident_frozen_source threads=504666 begin_tick=1943566462344125 end_tick=1943566462373958 ms_per_tick=9.9999999999999995e-07 device_ms=0.029832999999999998
PRODUCER_KERNEL_V1 stage=2 raw_iteration=2147483650 ordinal=21 kernel=identify_resident_frozen_source threads=1 begin_tick=1943566462374625 end_tick=1943566497745708 ms_per_tick=9.9999999999999995e-07 device_ms=35.371082999999999
PRODUCER_KERNEL_V1 stage=2 raw_iteration=2147483650 ordinal=22 kernel=evaluate_resident_target_terms threads=504666 begin_tick=1943566497761458 end_tick=1943566623258208 ms_per_tick=9.9999999999999995e-07 device_ms=125.49674999999999
PRODUCER_KERNEL_V1 stage=2 raw_iteration=2147483650 ordinal=23 kernel=finalize_resident_target threads=1 begin_tick=1943566623272958 end_tick=1943566623276291 ms_per_tick=9.9999999999999995e-07 device_ms=0.003333
PRODUCER_KERNEL_V1 stage=2 raw_iteration=2147483650 ordinal=24 kernel=identify_resident_target threads=1 begin_tick=1943566623276583 end_tick=1943566681859583 ms_per_tick=9.9999999999999995e-07 device_ms=58.582999999999998
PRODUCER_KERNEL_V1 stage=2 raw_iteration=2147483650 ordinal=25 kernel=issue_resident_projection_consumer threads=1 begin_tick=1943566681875666 end_tick=1943566681879708 ms_per_tick=9.9999999999999995e-07 device_ms=0.0040419999999999996
PRODUCER_KERNEL_V1 stage=2 raw_iteration=2147483650 ordinal=26 kernel=consume_resident_target threads=1 begin_tick=1943566681880125 end_tick=1943566719287541 ms_per_tick=9.9999999999999995e-07 device_ms=37.407415999999998
PRODUCER_KERNEL_V1 stage=2 raw_iteration=2147483650 ordinal=27 kernel=owner_compose_target threads=504666 begin_tick=1943566719303166 end_tick=1943566719334958 ms_per_tick=9.9999999999999995e-07 device_ms=0.031792000000000001
PRODUCER_KERNEL_V1 stage=2 raw_iteration=2147483650 ordinal=28 kernel=finalize_resident_target threads=1 begin_tick=1943566719335333 end_tick=1943566719338083 ms_per_tick=9.9999999999999995e-07 device_ms=0.0027499999999999998
PRODUCER_KERNEL_V1 stage=2 raw_iteration=2147483650 ordinal=29 kernel=owner_identify_target threads=1 begin_tick=1943566719338625 end_tick=1943566770847125 ms_per_tick=9.9999999999999995e-07 device_ms=51.508499999999998
PRODUCER_KERNEL_V1 stage=2 raw_iteration=2147483650 ordinal=30 kernel=issue_resident_projection_consumer threads=1 begin_tick=1943566770862791 end_tick=1943566770866958 ms_per_tick=9.9999999999999995e-07 device_ms=0.0041669999999999997
PRODUCER_KERNEL_V1 stage=2 raw_iteration=2147483650 ordinal=31 kernel=consume_resident_target threads=1 begin_tick=1943566770867500 end_tick=1943566808322916 ms_per_tick=9.9999999999999995e-07 device_ms=37.455416
PRODUCER_KERNEL_V1 stage=2 raw_iteration=2147483650 ordinal=32 kernel=owner_issue_stage_seal threads=1 begin_tick=1943566808337875 end_tick=1943566808341333 ms_per_tick=9.9999999999999995e-07 device_ms=0.0034579999999999997
PRODUCER_KERNEL_V1 stage=2 raw_iteration=2147483650 ordinal=33 kernel=fct_compatible_stage_rate threads=1533387 begin_tick=1943566808741125 end_tick=1943566809263250 ms_per_tick=9.9999999999999995e-07 device_ms=0.52212499999999995
PRODUCER_KERNEL_V1 stage=2 raw_iteration=2147483650 ordinal=34 kernel=owner_heun_momentum threads=1533387 begin_tick=1943566809263625 end_tick=1943566809354000 ms_per_tick=9.9999999999999995e-07 device_ms=0.090374999999999997
RISE_FIRE_OWNER_PROFILE_V1 {"scope":99,"parent":94,"phase":"BuildStageProducerGroup","stage":2,"raw_iteration":2147483650,"iteration_kind":"terminal","wall_ms":5361.358167000,"device_sum_ms":5280.355624855,"wall_minus_device_ms":81.002542145,"exclusive_wall_ms":5361.358167000,"exclusive_device_sum_ms":5280.355624855,"child_observer_wall_ms":0.000000000,"count_scope":"inclusive","owner_commits":1,"projection_invocations":0}
RISE_FIRE_OWNER_PROFILE_V1 {"scope":100,"parent":94,"phase":"Residual","stage":2,"raw_iteration":2147483650,"iteration_kind":"terminal","wall_ms":2.562333000,"device_sum_ms":0.216833316,"wall_minus_device_ms":2.345499684,"exclusive_wall_ms":2.562333000,"exclusive_device_sum_ms":0.216833316,"child_observer_wall_ms":0.000000000,"count_scope":"inclusive","owner_commits":1,"projection_invocations":0}
RISE_FIRE_OWNER_PROFILE_V1 {"scope":94,"parent":87,"phase":"TerminalVerification","stage":2,"raw_iteration":2147483650,"iteration_kind":"terminal","wall_ms":5553.452417000,"device_sum_ms":5466.034000041,"wall_minus_device_ms":87.418416959,"exclusive_wall_ms":0.004542000,"exclusive_device_sum_ms":0.000000000,"child_observer_wall_ms":0.053875000,"count_scope":"inclusive","owner_commits":6,"projection_invocations":1}
RISE_FIRE_OWNER_PROFILE_V1 {"scope":87,"parent":69,"phase":"PicardIteration","stage":2,"raw_iteration":2,"iteration_kind":"picard","wall_ms":11121.140250000,"device_sum_ms":10942.386041395,"wall_minus_device_ms":178.754208605,"exclusive_wall_ms":2.355458000,"exclusive_device_sum_ms":0.000000000,"child_observer_wall_ms":0.051667000,"count_scope":"inclusive","owner_commits":12,"projection_invocations":2}
RISE_FIRE_OWNER_PROFILE_V1 {"scope":69,"parent":1,"phase":"SolveStage","stage":2,"raw_iteration":4294967295,"iteration_kind":"bootstrap","wall_ms":27806.261667000,"device_sum_ms":27356.509208912,"wall_minus_device_ms":449.752458088,"exclusive_wall_ms":2.107125000,"exclusive_device_sum_ms":0.000000000,"child_observer_wall_ms":0.033959000,"count_scope":"inclusive","owner_commits":27,"projection_invocations":5}
RISE_FIRE_OWNER_PROFILE_V1 {"scope":101,"parent":1,"phase":"TerminalPublication","stage":4294967295,"raw_iteration":4294967295,"iteration_kind":"owner","wall_ms":14.013125000,"device_sum_ms":4.328374984,"wall_minus_device_ms":9.684750016,"exclusive_wall_ms":14.013125000,"exclusive_device_sum_ms":4.328374984,"child_observer_wall_ms":0.000000000,"count_scope":"inclusive","owner_commits":1,"projection_invocations":0}
RISE_FIRE_OWNER_PROFILE_V1 {"scope":1,"parent":0,"phase":"OwnerRun","stage":4294967295,"raw_iteration":4294967295,"iteration_kind":"owner","wall_ms":89664.185458000,"device_sum_ms":88192.160250852,"wall_minus_device_ms":1472.025207148,"exclusive_wall_ms":7.044168000,"exclusive_device_sum_ms":0.019291649,"child_observer_wall_ms":0.083999000,"count_scope":"inclusive","owner_commits":86,"projection_invocations":15}
capstone accepted step=2 time=0.00329253194 dt=0.00164626597 Tmax=305.218193 qmax=0 eos_max=4.70601489e-05 approach_eos_max=4.70601489e-05 limiter_class=continuous limiter_discrepancy=0 active_set_class=continuous active_set_discrepancy=0 active_set_cycle=0 active_set_faces=0
capstone step-start=2 speed=0.154281661 gprime=0.178086095 nu=0.000104673754 selected=0.00181089257 previous=0.00164626597
capstone event-step=0.00164626597 pilot_ceiling=0.0115509308 ramp_end=0.209320803
RISE_FIRE_OWNER_PROFILE_V1 {"scope":2,"parent":1,"phase":"Prepare","stage":4294967295,"raw_iteration":4294967295,"iteration_kind":"owner","wall_ms":507.590458000,"device_sum_ms":418.299125042,"wall_minus_device_ms":89.291332958,"exclusive_wall_ms":507.590458000,"exclusive_device_sum_ms":418.299125042,"child_observer_wall_ms":0.000000000,"count_scope":"inclusive","owner_commits":1,"projection_invocations":0}
RISE_FIRE_OWNER_PROFILE_V1 {"scope":5,"parent":4,"phase":"ProjectionAdapter","stage":0,"raw_iteration":4294967295,"iteration_kind":"bootstrap","wall_ms":193.391459000,"device_sum_ms":190.348541597,"wall_minus_device_ms":3.042917403,"exclusive_wall_ms":193.391459000,"exclusive_device_sum_ms":190.348541597,"child_observer_wall_ms":0.000000000,"count_scope":"inclusive","owner_commits":0,"projection_invocations":1}
RISE_FIRE_OWNER_PROFILE_V1 {"scope":4,"parent":3,"phase":"Project","stage":0,"raw_iteration":4294967295,"iteration_kind":"bootstrap","wall_ms":194.083250000,"device_sum_ms":190.397749888,"wall_minus_device_ms":3.685500112,"exclusive_wall_ms":0.667541000,"exclusive_device_sum_ms":0.049208291,"child_observer_wall_ms":0.024250000,"count_scope":"inclusive","owner_commits":2,"projection_invocations":1}
PRODUCER_COMMAND_V1 stage=0 raw_iteration=4294967295 cpu_begin=1943568653926333 cpu_end=1943574025670500 gpu_begin=1943568653926333 gpu_end=1943574025670500 device_ms=5290.3215831611305 encoders=38 interval_scope=possibly_overlapping
PRODUCER_KERNEL_V1 stage=0 raw_iteration=4294967295 ordinal=0 kernel=owner_pack_faces threads=1533387 begin_tick=1943568735245041 end_tick=1943568735302666 ms_per_tick=9.9999999999999995e-07 device_ms=0.057624999999999996
PRODUCER_KERNEL_V1 stage=0 raw_iteration=4294967295 ordinal=1 kernel=owner_pack_faces threads=1533387 begin_tick=1943568735302458 end_tick=1943568735705875 ms_per_tick=9.9999999999999995e-07 device_ms=0.40341699999999997
PRODUCER_KERNEL_V1 stage=0 raw_iteration=4294967295 ordinal=2 kernel=owner_pack_faces threads=1533387 begin_tick=1943568735243041 end_tick=1943568735302458 ms_per_tick=9.9999999999999995e-07 device_ms=0.059416999999999998
PRODUCER_KERNEL_V1 stage=0 raw_iteration=4294967295 ordinal=3 kernel=fct_extract_gas_density threads=504666 begin_tick=1943568735303125 end_tick=1943568735349583 ms_per_tick=9.9999999999999995e-07 device_ms=0.046457999999999999
PRODUCER_KERNEL_V1 stage=0 raw_iteration=4294967295 ordinal=4 kernel=owner_gas_source threads=504666 begin_tick=1943568735706250 end_tick=1943568735925750 ms_per_tick=9.9999999999999995e-07 device_ms=0.2195
PRODUCER_KERNEL_V1 stage=0 raw_iteration=4294967295 ordinal=5 kernel=evaluate_resident_transport threads=504666 begin_tick=1943568735349583 end_tick=1943568735942333 ms_per_tick=9.9999999999999995e-07 device_ms=0.59275
PRODUCER_KERNEL_V1 stage=0 raw_iteration=4294967295 ordinal=6 kernel=identify_resident_transport threads=1 begin_tick=1943568735942708 end_tick=1943569325682041 ms_per_tick=9.9999999999999995e-07 device_ms=589.73933299999999
PRODUCER_KERNEL_V1 stage=0 raw_iteration=4294967295 ordinal=7 kernel=owner_bind_transport threads=1 begin_tick=1943569325696708 end_tick=1943569325700083 ms_per_tick=9.9999999999999995e-07 device_ms=0.003375
PRODUCER_KERNEL_V1 stage=0 raw_iteration=4294967295 ordinal=8 kernel=identify_resident_owner_endpoint_class threads=1 begin_tick=1943569325700375 end_tick=1943569328154375 ms_per_tick=9.9999999999999995e-07 device_ms=2.4539999999999997
PRODUCER_KERNEL_V1 stage=0 raw_iteration=4294967295 ordinal=9 kernel=evaluate_resident_physical_flux threads=1533387 begin_tick=1943569328154791 end_tick=1943569329297541 ms_per_tick=9.9999999999999995e-07 device_ms=1.1427499999999999
PRODUCER_KERNEL_V1 stage=0 raw_iteration=4294967295 ordinal=10 kernel=evaluate_resident_advective_pair threads=13800483 begin_tick=1943569329298083 end_tick=1943569336370250 ms_per_tick=9.9999999999999995e-07 device_ms=7.0721669999999994
PRODUCER_KERNEL_V1 stage=0 raw_iteration=4294967295 ordinal=11 kernel=finalize_resident_advective_high threads=13800483 begin_tick=1943569336370875 end_tick=1943569336787500 ms_per_tick=9.9999999999999995e-07 device_ms=0.41662499999999997
PRODUCER_KERNEL_V1 stage=0 raw_iteration=4294967295 ordinal=12 kernel=compose_resident_flux_pair threads=13800483 begin_tick=1943569336787875 end_tick=1943569337669500 ms_per_tick=9.9999999999999995e-07 device_ms=0.88162499999999999
PRODUCER_KERNEL_V1 stage=0 raw_iteration=4294967295 ordinal=13 kernel=validate_resident_physical_flux threads=13800483 begin_tick=1943569337670208 end_tick=1943569338530333 ms_per_tick=9.9999999999999995e-07 device_ms=0.86012499999999992
PRODUCER_KERNEL_V1 stage=0 raw_iteration=4294967295 ordinal=14 kernel=identify_resident_physical_flux threads=1 begin_tick=1943569338531041 end_tick=1943572577315708 ms_per_tick=9.9999999999999995e-07 device_ms=3238.7846669999999
PRODUCER_KERNEL_V1 stage=0 raw_iteration=4294967295 ordinal=15 kernel=fct_build_ratios threads=5551326 begin_tick=1943572577332458 end_tick=1943572580941333 ms_per_tick=9.9999999999999995e-07 device_ms=3.6088749999999998
PRODUCER_KERNEL_V1 stage=0 raw_iteration=4294967295 ordinal=16 kernel=fct_build_face_alpha threads=1533387 begin_tick=1943572580942083 end_tick=1943572581208333 ms_per_tick=9.9999999999999995e-07 device_ms=0.26624999999999999
PRODUCER_KERNEL_V1 stage=0 raw_iteration=4294967295 ordinal=17 kernel=fct_commit_scalar threads=504666 begin_tick=1943572581208916 end_tick=1943572581397583 ms_per_tick=9.9999999999999995e-07 device_ms=0.188667
PRODUCER_KERNEL_V1 stage=0 raw_iteration=4294967295 ordinal=18 kernel=owner_bind_candidate threads=1 begin_tick=1943572581397958 end_tick=1943573021861791 ms_per_tick=9.9999999999999995e-07 device_ms=440.46383299999997
PRODUCER_KERNEL_V1 stage=0 raw_iteration=4294967295 ordinal=19 kernel=finalize_resident_eos_candidate threads=1 begin_tick=1943573021878541 end_tick=1943573021881333 ms_per_tick=9.9999999999999995e-07 device_ms=0.0027919999999999998
PRODUCER_KERNEL_V1 stage=0 raw_iteration=4294967295 ordinal=20 kernel=evaluate_resident_eos_candidate threads=504666 begin_tick=1943573021881750 end_tick=1943573633290958 ms_per_tick=9.9999999999999995e-07 device_ms=611.40920799999992
PRODUCER_KERNEL_V1 stage=0 raw_iteration=4294967295 ordinal=21 kernel=finalize_resident_eos_candidate threads=1 begin_tick=1943573633306125 end_tick=1943573633308750 ms_per_tick=9.9999999999999995e-07 device_ms=0.0026249999999999997
PRODUCER_KERNEL_V1 stage=0 raw_iteration=4294967295 ordinal=22 kernel=identify_resident_eos threads=1 begin_tick=1943573633309083 end_tick=1943573677696166 ms_per_tick=9.9999999999999995e-07 device_ms=44.387082999999997
PRODUCER_KERNEL_V1 stage=0 raw_iteration=4294967295 ordinal=23 kernel=produce_resident_frozen_source threads=504666 begin_tick=1943573677711208 end_tick=1943573677742500 ms_per_tick=9.9999999999999995e-07 device_ms=0.031292
PRODUCER_KERNEL_V1 stage=0 raw_iteration=4294967295 ordinal=24 kernel=identify_resident_frozen_source threads=1 begin_tick=1943573677742916 end_tick=1943573714295416 ms_per_tick=9.9999999999999995e-07 device_ms=36.552499999999995
PRODUCER_KERNEL_V1 stage=0 raw_iteration=4294967295 ordinal=25 kernel=evaluate_resident_target_terms threads=504666 begin_tick=1943573714311291 end_tick=1943573838075958 ms_per_tick=9.9999999999999995e-07 device_ms=123.76466699999999
PRODUCER_KERNEL_V1 stage=0 raw_iteration=4294967295 ordinal=26 kernel=finalize_resident_target threads=1 begin_tick=1943573838090125 end_tick=1943573838093291 ms_per_tick=9.9999999999999995e-07 device_ms=0.003166
PRODUCER_KERNEL_V1 stage=0 raw_iteration=4294967295 ordinal=27 kernel=identify_resident_target threads=1 begin_tick=1943573838093666 end_tick=1943573896727583 ms_per_tick=9.9999999999999995e-07 device_ms=58.633916999999997
PRODUCER_KERNEL_V1 stage=0 raw_iteration=4294967295 ordinal=28 kernel=issue_resident_projection_consumer threads=1 begin_tick=1943573896742291 end_tick=1943573896746250 ms_per_tick=9.9999999999999995e-07 device_ms=0.0039589999999999998
PRODUCER_KERNEL_V1 stage=0 raw_iteration=4294967295 ordinal=29 kernel=consume_resident_target threads=1 begin_tick=1943573896746541 end_tick=1943573934370416 ms_per_tick=9.9999999999999995e-07 device_ms=37.623874999999998
PRODUCER_KERNEL_V1 stage=0 raw_iteration=4294967295 ordinal=30 kernel=owner_compose_target threads=504666 begin_tick=1943573934386791 end_tick=1943573934417291 ms_per_tick=9.9999999999999995e-07 device_ms=0.030499999999999999
PRODUCER_KERNEL_V1 stage=0 raw_iteration=4294967295 ordinal=31 kernel=finalize_resident_target threads=1 begin_tick=1943573934417750 end_tick=1943573934420666 ms_per_tick=9.9999999999999995e-07 device_ms=0.0029159999999999998
PRODUCER_KERNEL_V1 stage=0 raw_iteration=4294967295 ordinal=32 kernel=owner_identify_target threads=1 begin_tick=1943573934421083 end_tick=1943573985930291 ms_per_tick=9.9999999999999995e-07 device_ms=51.509208000000001
PRODUCER_KERNEL_V1 stage=0 raw_iteration=4294967295 ordinal=33 kernel=issue_resident_projection_consumer threads=1 begin_tick=1943573985931083 end_tick=1943573985935333 ms_per_tick=9.9999999999999995e-07 device_ms=0.0042499999999999994
PRODUCER_KERNEL_V1 stage=0 raw_iteration=4294967295 ordinal=34 kernel=consume_resident_target threads=1 begin_tick=1943573985935708 end_tick=1943574023264916 ms_per_tick=9.9999999999999995e-07 device_ms=37.329208000000001
PRODUCER_KERNEL_V1 stage=0 raw_iteration=4294967295 ordinal=35 kernel=owner_issue_stage_seal threads=1 begin_tick=1943574023265958 end_tick=1943574023291583 ms_per_tick=9.9999999999999995e-07 device_ms=0.025624999999999998
PRODUCER_KERNEL_V1 stage=0 raw_iteration=4294967295 ordinal=36 kernel=fct_compatible_stage_rate threads=1533387 begin_tick=1943574024985875 end_tick=1943574025508916 ms_per_tick=9.9999999999999995e-07 device_ms=0.52304099999999998
PRODUCER_KERNEL_V1 stage=0 raw_iteration=4294967295 ordinal=37 kernel=owner_predict_momentum threads=1533387 begin_tick=1943574025509500 end_tick=1943574025558541 ms_per_tick=9.9999999999999995e-07 device_ms=0.049040999999999994
RISE_FIRE_OWNER_PROFILE_V1 {"scope":6,"parent":3,"phase":"BuildStageProducerGroup","stage":0,"raw_iteration":4294967295,"iteration_kind":"bootstrap","wall_ms":5371.937666000,"device_sum_ms":5290.321583161,"wall_minus_device_ms":81.616082839,"exclusive_wall_ms":5371.937666000,"exclusive_device_sum_ms":5290.321583161,"child_observer_wall_ms":0.000000000,"count_scope":"inclusive","owner_commits":1,"projection_invocations":0}
RISE_FIRE_OWNER_PROFILE_V1 {"scope":9,"parent":8,"phase":"ProjectionAdapter","stage":0,"raw_iteration":0,"iteration_kind":"picard","wall_ms":193.195750000,"device_sum_ms":190.130249830,"wall_minus_device_ms":3.065500170,"exclusive_wall_ms":193.195750000,"exclusive_device_sum_ms":190.130249830,"child_observer_wall_ms":0.000000000,"count_scope":"inclusive","owner_commits":0,"projection_invocations":1}
RISE_FIRE_OWNER_PROFILE_V1 {"scope":8,"parent":7,"phase":"Project","stage":0,"raw_iteration":0,"iteration_kind":"picard","wall_ms":195.867125000,"device_sum_ms":190.186416497,"wall_minus_device_ms":5.680708503,"exclusive_wall_ms":2.647125000,"exclusive_device_sum_ms":0.056166667,"child_observer_wall_ms":0.024250000,"count_scope":"inclusive","owner_commits":2,"projection_invocations":1}
RISE_FIRE_OWNER_PROFILE_V1 {"scope":10,"parent":7,"phase":"ReadOpenClass","stage":0,"raw_iteration":0,"iteration_kind":"picard","wall_ms":0.198666000,"device_sum_ms":0.002624933,"wall_minus_device_ms":0.196041067,"exclusive_wall_ms":0.198666000,"exclusive_device_sum_ms":0.002624933,"child_observer_wall_ms":0.000000000,"count_scope":"inclusive","owner_commits":1,"projection_invocations":0}
RISE_FIRE_OWNER_PROFILE_V1 {"scope":11,"parent":7,"phase":"ReadOpenClass","stage":0,"raw_iteration":0,"iteration_kind":"picard","wall_ms":0.157583000,"device_sum_ms":0.002541579,"wall_minus_device_ms":0.155041421,"exclusive_wall_ms":0.157583000,"exclusive_device_sum_ms":0.002541579,"child_observer_wall_ms":0.000000000,"count_scope":"inclusive","owner_commits":1,"projection_invocations":0}
PRODUCER_COMMAND_V1 stage=0 raw_iteration=0 cpu_begin=1943574222116000 cpu_end=1943579590788708 gpu_begin=1943574222116000 gpu_end=1943579590788708 device_ms=5286.9634998496622 encoders=38 interval_scope=possibly_overlapping
PRODUCER_KERNEL_V1 stage=0 raw_iteration=0 ordinal=0 kernel=owner_pack_faces threads=1533387 begin_tick=1943574303706083 end_tick=1943574303759125 ms_per_tick=9.9999999999999995e-07 device_ms=0.053041999999999999
PRODUCER_KERNEL_V1 stage=0 raw_iteration=0 ordinal=1 kernel=owner_pack_faces threads=1533387 begin_tick=1943574303758875 end_tick=1943574304255458 ms_per_tick=9.9999999999999995e-07 device_ms=0.496583
PRODUCER_KERNEL_V1 stage=0 raw_iteration=0 ordinal=2 kernel=owner_pack_faces threads=1533387 begin_tick=1943574303704750 end_tick=1943574303758833 ms_per_tick=9.9999999999999995e-07 device_ms=0.054082999999999999
PRODUCER_KERNEL_V1 stage=0 raw_iteration=0 ordinal=3 kernel=fct_extract_gas_density threads=504666 begin_tick=1943574303759541 end_tick=1943574303805833 ms_per_tick=9.9999999999999995e-07 device_ms=0.046292
PRODUCER_KERNEL_V1 stage=0 raw_iteration=0 ordinal=4 kernel=owner_gas_source threads=504666 begin_tick=1943574304255833 end_tick=1943574304389250 ms_per_tick=9.9999999999999995e-07 device_ms=0.13341700000000001
PRODUCER_KERNEL_V1 stage=0 raw_iteration=0 ordinal=5 kernel=evaluate_resident_transport threads=504666 begin_tick=1943574303805833 end_tick=1943574304408750 ms_per_tick=9.9999999999999995e-07 device_ms=0.60291699999999993
PRODUCER_KERNEL_V1 stage=0 raw_iteration=0 ordinal=6 kernel=identify_resident_transport threads=1 begin_tick=1943574304409166 end_tick=1943574894296708 ms_per_tick=9.9999999999999995e-07 device_ms=589.88754199999994
PRODUCER_KERNEL_V1 stage=0 raw_iteration=0 ordinal=7 kernel=owner_bind_transport threads=1 begin_tick=1943574894315208 end_tick=1943574894319583 ms_per_tick=9.9999999999999995e-07 device_ms=0.0043749999999999995
PRODUCER_KERNEL_V1 stage=0 raw_iteration=0 ordinal=8 kernel=identify_resident_owner_endpoint_class threads=1 begin_tick=1943574894319875 end_tick=1943574896767875 ms_per_tick=9.9999999999999995e-07 device_ms=2.448
PRODUCER_KERNEL_V1 stage=0 raw_iteration=0 ordinal=9 kernel=evaluate_resident_physical_flux threads=1533387 begin_tick=1943574896768375 end_tick=1943574897914291 ms_per_tick=9.9999999999999995e-07 device_ms=1.1459159999999999
PRODUCER_KERNEL_V1 stage=0 raw_iteration=0 ordinal=10 kernel=evaluate_resident_advective_pair threads=13800483 begin_tick=1943574897914833 end_tick=1943574904985291 ms_per_tick=9.9999999999999995e-07 device_ms=7.0704579999999995
PRODUCER_KERNEL_V1 stage=0 raw_iteration=0 ordinal=11 kernel=finalize_resident_advective_high threads=13800483 begin_tick=1943574904986083 end_tick=1943574905404833 ms_per_tick=9.9999999999999995e-07 device_ms=0.41874999999999996
PRODUCER_KERNEL_V1 stage=0 raw_iteration=0 ordinal=12 kernel=compose_resident_flux_pair threads=13800483 begin_tick=1943574905405208 end_tick=1943574906290333 ms_per_tick=9.9999999999999995e-07 device_ms=0.88512499999999994
PRODUCER_KERNEL_V1 stage=0 raw_iteration=0 ordinal=13 kernel=validate_resident_physical_flux threads=13800483 begin_tick=1943574906290833 end_tick=1943574907207208 ms_per_tick=9.9999999999999995e-07 device_ms=0.91637499999999994
PRODUCER_KERNEL_V1 stage=0 raw_iteration=0 ordinal=14 kernel=identify_resident_physical_flux threads=1 begin_tick=1943574907208000 end_tick=1943578149646916 ms_per_tick=9.9999999999999995e-07 device_ms=3242.4389160000001
PRODUCER_KERNEL_V1 stage=0 raw_iteration=0 ordinal=15 kernel=fct_build_ratios threads=5551326 begin_tick=1943578149662791 end_tick=1943578153269458 ms_per_tick=9.9999999999999995e-07 device_ms=3.6066669999999998
PRODUCER_KERNEL_V1 stage=0 raw_iteration=0 ordinal=16 kernel=fct_build_face_alpha threads=1533387 begin_tick=1943578153270000 end_tick=1943578153537375 ms_per_tick=9.9999999999999995e-07 device_ms=0.26737499999999997
PRODUCER_KERNEL_V1 stage=0 raw_iteration=0 ordinal=17 kernel=fct_commit_scalar threads=504666 begin_tick=1943578153537791 end_tick=1943578153728500 ms_per_tick=9.9999999999999995e-07 device_ms=0.19070899999999999
PRODUCER_KERNEL_V1 stage=0 raw_iteration=0 ordinal=18 kernel=owner_bind_candidate threads=1 begin_tick=1943578153729041 end_tick=1943578595581375 ms_per_tick=9.9999999999999995e-07 device_ms=441.85233399999998
PRODUCER_KERNEL_V1 stage=0 raw_iteration=0 ordinal=19 kernel=finalize_resident_eos_candidate threads=1 begin_tick=1943578595596041 end_tick=1943578595598625 ms_per_tick=9.9999999999999995e-07 device_ms=0.0025839999999999999
PRODUCER_KERNEL_V1 stage=0 raw_iteration=0 ordinal=20 kernel=evaluate_resident_eos_candidate threads=504666 begin_tick=1943578595599125 end_tick=1943579200357375 ms_per_tick=9.9999999999999995e-07 device_ms=604.75824999999998
PRODUCER_KERNEL_V1 stage=0 raw_iteration=0 ordinal=21 kernel=finalize_resident_eos_candidate threads=1 begin_tick=1943579200372416 end_tick=1943579200375125 ms_per_tick=9.9999999999999995e-07 device_ms=0.002709
PRODUCER_KERNEL_V1 stage=0 raw_iteration=0 ordinal=22 kernel=identify_resident_eos threads=1 begin_tick=1943579200375500 end_tick=1943579244841250 ms_per_tick=9.9999999999999995e-07 device_ms=44.46575
PRODUCER_KERNEL_V1 stage=0 raw_iteration=0 ordinal=23 kernel=produce_resident_frozen_source threads=504666 begin_tick=1943579244857375 end_tick=1943579244888583 ms_per_tick=9.9999999999999995e-07 device_ms=0.031208
PRODUCER_KERNEL_V1 stage=0 raw_iteration=0 ordinal=24 kernel=identify_resident_frozen_source threads=1 begin_tick=1943579244889000 end_tick=1943579279952833 ms_per_tick=9.9999999999999995e-07 device_ms=35.063832999999995
PRODUCER_KERNEL_V1 stage=0 raw_iteration=0 ordinal=25 kernel=evaluate_resident_target_terms threads=504666 begin_tick=1943579279953541 end_tick=1943579405118833 ms_per_tick=9.9999999999999995e-07 device_ms=125.16529199999999
PRODUCER_KERNEL_V1 stage=0 raw_iteration=0 ordinal=26 kernel=finalize_resident_target threads=1 begin_tick=1943579405133916 end_tick=1943579405137333 ms_per_tick=9.9999999999999995e-07 device_ms=0.0034169999999999999
PRODUCER_KERNEL_V1 stage=0 raw_iteration=0 ordinal=27 kernel=identify_resident_target threads=1 begin_tick=1943579405137666 end_tick=1943579463352291 ms_per_tick=9.9999999999999995e-07 device_ms=58.214624999999998
PRODUCER_KERNEL_V1 stage=0 raw_iteration=0 ordinal=28 kernel=issue_resident_projection_consumer threads=1 begin_tick=1943579463367583 end_tick=1943579463371875 ms_per_tick=9.9999999999999995e-07 device_ms=0.0042919999999999998
PRODUCER_KERNEL_V1 stage=0 raw_iteration=0 ordinal=29 kernel=consume_resident_target threads=1 begin_tick=1943579463372208 end_tick=1943579500585208 ms_per_tick=9.9999999999999995e-07 device_ms=37.213000000000001
PRODUCER_KERNEL_V1 stage=0 raw_iteration=0 ordinal=30 kernel=owner_compose_target threads=504666 begin_tick=1943579500585916 end_tick=1943579500664375 ms_per_tick=9.9999999999999995e-07 device_ms=0.078459000000000001
PRODUCER_KERNEL_V1 stage=0 raw_iteration=0 ordinal=31 kernel=finalize_resident_target threads=1 begin_tick=1943579500664750 end_tick=1943579500667625 ms_per_tick=9.9999999999999995e-07 device_ms=0.002875
PRODUCER_KERNEL_V1 stage=0 raw_iteration=0 ordinal=32 kernel=owner_identify_target threads=1 begin_tick=1943579500668000 end_tick=1943579552191666 ms_per_tick=9.9999999999999995e-07 device_ms=51.523665999999999
PRODUCER_KERNEL_V1 stage=0 raw_iteration=0 ordinal=33 kernel=issue_resident_projection_consumer threads=1 begin_tick=1943579552208708 end_tick=1943579552213083 ms_per_tick=9.9999999999999995e-07 device_ms=0.0043749999999999995
PRODUCER_KERNEL_V1 stage=0 raw_iteration=0 ordinal=34 kernel=consume_resident_target threads=1 begin_tick=1943579552213458 end_tick=1943579589681916 ms_per_tick=9.9999999999999995e-07 device_ms=37.468457999999998
PRODUCER_KERNEL_V1 stage=0 raw_iteration=0 ordinal=35 kernel=owner_issue_stage_seal threads=1 begin_tick=1943579589691375 end_tick=1943579589695000 ms_per_tick=9.9999999999999995e-07 device_ms=0.0036249999999999998
PRODUCER_KERNEL_V1 stage=0 raw_iteration=0 ordinal=36 kernel=fct_compatible_stage_rate threads=1533387 begin_tick=1943579590089500 end_tick=1943579590613583 ms_per_tick=9.9999999999999995e-07 device_ms=0.52408299999999997
PRODUCER_KERNEL_V1 stage=0 raw_iteration=0 ordinal=37 kernel=owner_predict_momentum threads=1533387 begin_tick=1943579590614041 end_tick=1943579590662583 ms_per_tick=9.9999999999999995e-07 device_ms=0.048541999999999995
RISE_FIRE_OWNER_PROFILE_V1 {"scope":12,"parent":7,"phase":"BuildStageProducerGroup","stage":0,"raw_iteration":0,"iteration_kind":"picard","wall_ms":5368.868959000,"device_sum_ms":5286.963499850,"wall_minus_device_ms":81.905459150,"exclusive_wall_ms":5368.868959000,"exclusive_device_sum_ms":5286.963499850,"child_observer_wall_ms":0.000000000,"count_scope":"inclusive","owner_commits":1,"projection_invocations":0}
RISE_FIRE_OWNER_PROFILE_V1 {"scope":13,"parent":7,"phase":"Residual","stage":0,"raw_iteration":0,"iteration_kind":"picard","wall_ms":2.878875000,"device_sum_ms":0.023666536,"wall_minus_device_ms":2.855208464,"exclusive_wall_ms":2.878875000,"exclusive_device_sum_ms":0.023666536,"child_observer_wall_ms":0.000000000,"count_scope":"inclusive","owner_commits":1,"projection_invocations":0}
RISE_FIRE_OWNER_PROFILE_V1 {"scope":7,"parent":3,"phase":"PicardIteration","stage":0,"raw_iteration":0,"iteration_kind":"picard","wall_ms":5570.729792000,"device_sum_ms":5477.178749396,"wall_minus_device_ms":93.551042604,"exclusive_wall_ms":2.714750000,"exclusive_device_sum_ms":0.000000000,"child_observer_wall_ms":0.043834000,"count_scope":"inclusive","owner_commits":6,"projection_invocations":1}
RISE_FIRE_OWNER_PROFILE_V1 {"scope":16,"parent":15,"phase":"ProjectionAdapter","stage":0,"raw_iteration":1,"iteration_kind":"picard","wall_ms":193.683750000,"device_sum_ms":190.762333339,"wall_minus_device_ms":2.921416661,"exclusive_wall_ms":193.683750000,"exclusive_device_sum_ms":190.762333339,"child_observer_wall_ms":0.000000000,"count_scope":"inclusive","owner_commits":0,"projection_invocations":1}
RISE_FIRE_OWNER_PROFILE_V1 {"scope":15,"parent":14,"phase":"Project","stage":0,"raw_iteration":1,"iteration_kind":"picard","wall_ms":194.262375000,"device_sum_ms":190.835874993,"wall_minus_device_ms":3.426500007,"exclusive_wall_ms":0.561500000,"exclusive_device_sum_ms":0.073541654,"child_observer_wall_ms":0.017125000,"count_scope":"inclusive","owner_commits":2,"projection_invocations":1}
RISE_FIRE_OWNER_PROFILE_V1 {"scope":17,"parent":14,"phase":"ReadOpenClass","stage":0,"raw_iteration":1,"iteration_kind":"picard","wall_ms":0.287958000,"device_sum_ms":0.138875097,"wall_minus_device_ms":0.149082903,"exclusive_wall_ms":0.287958000,"exclusive_device_sum_ms":0.138875097,"child_observer_wall_ms":0.000000000,"count_scope":"inclusive","owner_commits":1,"projection_invocations":0}
RISE_FIRE_OWNER_PROFILE_V1 {"scope":18,"parent":14,"phase":"ReadOpenClass","stage":0,"raw_iteration":1,"iteration_kind":"picard","wall_ms":0.169334000,"device_sum_ms":0.037416583,"wall_minus_device_ms":0.131917417,"exclusive_wall_ms":0.169334000,"exclusive_device_sum_ms":0.037416583,"child_observer_wall_ms":0.000000000,"count_scope":"inclusive","owner_commits":1,"projection_invocations":0}
PRODUCER_COMMAND_V1 stage=0 raw_iteration=1 cpu_begin=1943579791355416 cpu_end=1943585165230958 gpu_begin=1943579791355416 gpu_end=1943585165230958 device_ms=5291.646541794762 encoders=38 interval_scope=possibly_overlapping
PRODUCER_KERNEL_V1 stage=0 raw_iteration=1 ordinal=0 kernel=owner_pack_faces threads=1533387 begin_tick=1943579873465375 end_tick=1943579873518416 ms_per_tick=9.9999999999999995e-07 device_ms=0.053040999999999998
PRODUCER_KERNEL_V1 stage=0 raw_iteration=1 ordinal=1 kernel=owner_pack_faces threads=1533387 begin_tick=1943579873518125 end_tick=1943579873989041 ms_per_tick=9.9999999999999995e-07 device_ms=0.470916
PRODUCER_KERNEL_V1 stage=0 raw_iteration=1 ordinal=2 kernel=owner_pack_faces threads=1533387 begin_tick=1943579873463083 end_tick=1943579873518125 ms_per_tick=9.9999999999999995e-07 device_ms=0.055042000000000001
PRODUCER_KERNEL_V1 stage=0 raw_iteration=1 ordinal=3 kernel=fct_extract_gas_density threads=504666 begin_tick=1943579873518875 end_tick=1943579873567041 ms_per_tick=9.9999999999999995e-07 device_ms=0.048166
PRODUCER_KERNEL_V1 stage=0 raw_iteration=1 ordinal=4 kernel=owner_gas_source threads=504666 begin_tick=1943579873989375 end_tick=1943579874152500 ms_per_tick=9.9999999999999995e-07 device_ms=0.16312499999999999
PRODUCER_KERNEL_V1 stage=0 raw_iteration=1 ordinal=5 kernel=evaluate_resident_transport threads=504666 begin_tick=1943579873567041 end_tick=1943579874170833 ms_per_tick=9.9999999999999995e-07 device_ms=0.603792
PRODUCER_KERNEL_V1 stage=0 raw_iteration=1 ordinal=6 kernel=identify_resident_transport threads=1 begin_tick=1943579874171208 end_tick=1943580464190166 ms_per_tick=9.9999999999999995e-07 device_ms=590.018958
PRODUCER_KERNEL_V1 stage=0 raw_iteration=1 ordinal=7 kernel=owner_bind_transport threads=1 begin_tick=1943580464206625 end_tick=1943580464211583 ms_per_tick=9.9999999999999995e-07 device_ms=0.0049579999999999997
PRODUCER_KERNEL_V1 stage=0 raw_iteration=1 ordinal=8 kernel=identify_resident_owner_endpoint_class threads=1 begin_tick=1943580464211958 end_tick=1943580466626458 ms_per_tick=9.9999999999999995e-07 device_ms=2.4144999999999999
PRODUCER_KERNEL_V1 stage=0 raw_iteration=1 ordinal=9 kernel=evaluate_resident_physical_flux threads=1533387 begin_tick=1943580466626916 end_tick=1943580467766041 ms_per_tick=9.9999999999999995e-07 device_ms=1.1391249999999999
PRODUCER_KERNEL_V1 stage=0 raw_iteration=1 ordinal=10 kernel=evaluate_resident_advective_pair threads=13800483 begin_tick=1943580467766583 end_tick=1943580476177958 ms_per_tick=9.9999999999999995e-07 device_ms=8.4113749999999996
PRODUCER_KERNEL_V1 stage=0 raw_iteration=1 ordinal=11 kernel=finalize_resident_advective_high threads=13800483 begin_tick=1943580476190791 end_tick=1943580476609250 ms_per_tick=9.9999999999999995e-07 device_ms=0.41845899999999997
PRODUCER_KERNEL_V1 stage=0 raw_iteration=1 ordinal=12 kernel=compose_resident_flux_pair threads=13800483 begin_tick=1943580476609666 end_tick=1943580477489583 ms_per_tick=9.9999999999999995e-07 device_ms=0.87991699999999995
PRODUCER_KERNEL_V1 stage=0 raw_iteration=1 ordinal=13 kernel=validate_resident_physical_flux threads=13800483 begin_tick=1943580477490291 end_tick=1943580478343833 ms_per_tick=9.9999999999999995e-07 device_ms=0.85354199999999991
PRODUCER_KERNEL_V1 stage=0 raw_iteration=1 ordinal=14 kernel=identify_resident_physical_flux threads=1 begin_tick=1943580478344416 end_tick=1943583720485666 ms_per_tick=9.9999999999999995e-07 device_ms=3242.1412499999997
PRODUCER_KERNEL_V1 stage=0 raw_iteration=1 ordinal=15 kernel=fct_build_ratios threads=5551326 begin_tick=1943583720501916 end_tick=1943583724125833 ms_per_tick=9.9999999999999995e-07 device_ms=3.6239170000000001
PRODUCER_KERNEL_V1 stage=0 raw_iteration=1 ordinal=16 kernel=fct_build_face_alpha threads=1533387 begin_tick=1943583724126375 end_tick=1943583724393000 ms_per_tick=9.9999999999999995e-07 device_ms=0.266625
PRODUCER_KERNEL_V1 stage=0 raw_iteration=1 ordinal=17 kernel=fct_commit_scalar threads=504666 begin_tick=1943583724393541 end_tick=1943583724584083 ms_per_tick=9.9999999999999995e-07 device_ms=0.19054199999999999
PRODUCER_KERNEL_V1 stage=0 raw_iteration=1 ordinal=18 kernel=owner_bind_candidate threads=1 begin_tick=1943583724584458 end_tick=1943584165838166 ms_per_tick=9.9999999999999995e-07 device_ms=441.25370799999996
PRODUCER_KERNEL_V1 stage=0 raw_iteration=1 ordinal=19 kernel=finalize_resident_eos_candidate threads=1 begin_tick=1943584165858000 end_tick=1943584165860958 ms_per_tick=9.9999999999999995e-07 device_ms=0.0029579999999999997
PRODUCER_KERNEL_V1 stage=0 raw_iteration=1 ordinal=20 kernel=evaluate_resident_eos_candidate threads=504666 begin_tick=1943584165861375 end_tick=1943584775013166 ms_per_tick=9.9999999999999995e-07 device_ms=609.151791
PRODUCER_KERNEL_V1 stage=0 raw_iteration=1 ordinal=21 kernel=finalize_resident_eos_candidate threads=1 begin_tick=1943584775026916 end_tick=1943584775062250 ms_per_tick=9.9999999999999995e-07 device_ms=0.035333999999999997
PRODUCER_KERNEL_V1 stage=0 raw_iteration=1 ordinal=22 kernel=identify_resident_eos threads=1 begin_tick=1943584775062708 end_tick=1943584819733416 ms_per_tick=9.9999999999999995e-07 device_ms=44.670707999999998
PRODUCER_KERNEL_V1 stage=0 raw_iteration=1 ordinal=23 kernel=produce_resident_frozen_source threads=504666 begin_tick=1943584819734166 end_tick=1943584819764916 ms_per_tick=9.9999999999999995e-07 device_ms=0.03075
PRODUCER_KERNEL_V1 stage=0 raw_iteration=1 ordinal=24 kernel=identify_resident_frozen_source threads=1 begin_tick=1943584819765333 end_tick=1943584856230875 ms_per_tick=9.9999999999999995e-07 device_ms=36.465541999999999
PRODUCER_KERNEL_V1 stage=0 raw_iteration=1 ordinal=25 kernel=evaluate_resident_target_terms threads=504666 begin_tick=1943584856231666 end_tick=1943584979558958 ms_per_tick=9.9999999999999995e-07 device_ms=123.327292
PRODUCER_KERNEL_V1 stage=0 raw_iteration=1 ordinal=26 kernel=finalize_resident_target threads=1 begin_tick=1943584979575041 end_tick=1943584979578333 ms_per_tick=9.9999999999999995e-07 device_ms=0.0032919999999999998
PRODUCER_KERNEL_V1 stage=0 raw_iteration=1 ordinal=27 kernel=identify_resident_target threads=1 begin_tick=1943584979578625 end_tick=1943585037139375 ms_per_tick=9.9999999999999995e-07 device_ms=57.560749999999999
PRODUCER_KERNEL_V1 stage=0 raw_iteration=1 ordinal=28 kernel=issue_resident_projection_consumer threads=1 begin_tick=1943585037140125 end_tick=1943585037144625 ms_per_tick=9.9999999999999995e-07 device_ms=0.0044999999999999997
PRODUCER_KERNEL_V1 stage=0 raw_iteration=1 ordinal=29 kernel=consume_resident_target threads=1 begin_tick=1943585037145000 end_tick=1943585074664458 ms_per_tick=9.9999999999999995e-07 device_ms=37.519458
PRODUCER_KERNEL_V1 stage=0 raw_iteration=1 ordinal=30 kernel=owner_compose_target threads=504666 begin_tick=1943585074679416 end_tick=1943585074757833 ms_per_tick=9.9999999999999995e-07 device_ms=0.078417000000000001
PRODUCER_KERNEL_V1 stage=0 raw_iteration=1 ordinal=31 kernel=finalize_resident_target threads=1 begin_tick=1943585074758250 end_tick=1943585074761083 ms_per_tick=9.9999999999999995e-07 device_ms=0.002833
PRODUCER_KERNEL_V1 stage=0 raw_iteration=1 ordinal=32 kernel=owner_identify_target threads=1 begin_tick=1943585074761500 end_tick=1943585126808833 ms_per_tick=9.9999999999999995e-07 device_ms=52.047332999999995
PRODUCER_KERNEL_V1 stage=0 raw_iteration=1 ordinal=33 kernel=issue_resident_projection_consumer threads=1 begin_tick=1943585126823750 end_tick=1943585126828000 ms_per_tick=9.9999999999999995e-07 device_ms=0.0042499999999999994
PRODUCER_KERNEL_V1 stage=0 raw_iteration=1 ordinal=34 kernel=consume_resident_target threads=1 begin_tick=1943585126828375 end_tick=1943585164118666 ms_per_tick=9.9999999999999995e-07 device_ms=37.290290999999996
PRODUCER_KERNEL_V1 stage=0 raw_iteration=1 ordinal=35 kernel=owner_issue_stage_seal threads=1 begin_tick=1943585164133750 end_tick=1943585164137250 ms_per_tick=9.9999999999999995e-07 device_ms=0.0034999999999999996
PRODUCER_KERNEL_V1 stage=0 raw_iteration=1 ordinal=36 kernel=fct_compatible_stage_rate threads=1533387 begin_tick=1943585164534708 end_tick=1943585165054000 ms_per_tick=9.9999999999999995e-07 device_ms=0.51929199999999998
PRODUCER_KERNEL_V1 stage=0 raw_iteration=1 ordinal=37 kernel=owner_predict_momentum threads=1533387 begin_tick=1943585165054416 end_tick=1943585165103541 ms_per_tick=9.9999999999999995e-07 device_ms=0.049124999999999995
RISE_FIRE_OWNER_PROFILE_V1 {"scope":19,"parent":14,"phase":"BuildStageProducerGroup","stage":0,"raw_iteration":1,"iteration_kind":"picard","wall_ms":5374.052833000,"device_sum_ms":5291.646541795,"wall_minus_device_ms":82.406291205,"exclusive_wall_ms":5374.052833000,"exclusive_device_sum_ms":5291.646541795,"child_observer_wall_ms":0.000000000,"count_scope":"inclusive","owner_commits":1,"projection_invocations":0}
RISE_FIRE_OWNER_PROFILE_V1 {"scope":20,"parent":14,"phase":"Residual","stage":0,"raw_iteration":1,"iteration_kind":"picard","wall_ms":2.709959000,"device_sum_ms":0.227874843,"wall_minus_device_ms":2.482084157,"exclusive_wall_ms":2.709959000,"exclusive_device_sum_ms":0.227874843,"child_observer_wall_ms":0.000000000,"count_scope":"inclusive","owner_commits":1,"projection_invocations":0}
RISE_FIRE_OWNER_PROFILE_V1 {"scope":14,"parent":3,"phase":"PicardIteration","stage":0,"raw_iteration":1,"iteration_kind":"picard","wall_ms":5574.104208000,"device_sum_ms":5482.886583311,"wall_minus_device_ms":91.217624689,"exclusive_wall_ms":2.567624000,"exclusive_device_sum_ms":0.000000000,"child_observer_wall_ms":0.054125000,"count_scope":"inclusive","owner_commits":6,"projection_invocations":1}
RISE_FIRE_OWNER_PROFILE_V1 {"scope":23,"parent":22,"phase":"ProjectionAdapter","stage":0,"raw_iteration":2,"iteration_kind":"picard","wall_ms":193.645500000,"device_sum_ms":190.730791772,"wall_minus_device_ms":2.914708228,"exclusive_wall_ms":193.645500000,"exclusive_device_sum_ms":190.730791772,"child_observer_wall_ms":0.000000000,"count_scope":"inclusive","owner_commits":0,"projection_invocations":1}
RISE_FIRE_OWNER_PROFILE_V1 {"scope":22,"parent":21,"phase":"Project","stage":0,"raw_iteration":2,"iteration_kind":"picard","wall_ms":194.259209000,"device_sum_ms":190.773208160,"wall_minus_device_ms":3.486000840,"exclusive_wall_ms":0.586334000,"exclusive_device_sum_ms":0.042416388,"child_observer_wall_ms":0.027375000,"count_scope":"inclusive","owner_commits":2,"projection_invocations":1}
RISE_FIRE_OWNER_PROFILE_V1 {"scope":24,"parent":21,"phase":"ReadOpenClass","stage":0,"raw_iteration":2,"iteration_kind":"picard","wall_ms":0.178125000,"device_sum_ms":0.002625166,"wall_minus_device_ms":0.175499834,"exclusive_wall_ms":0.178125000,"exclusive_device_sum_ms":0.002625166,"child_observer_wall_ms":0.000000000,"count_scope":"inclusive","owner_commits":1,"projection_invocations":0}
RISE_FIRE_OWNER_PROFILE_V1 {"scope":25,"parent":21,"phase":"ReadOpenClass","stage":0,"raw_iteration":2,"iteration_kind":"picard","wall_ms":0.156875000,"device_sum_ms":0.002375105,"wall_minus_device_ms":0.154499895,"exclusive_wall_ms":0.156875000,"exclusive_device_sum_ms":0.002375105,"child_observer_wall_ms":0.000000000,"count_scope":"inclusive","owner_commits":1,"projection_invocations":0}
PRODUCER_COMMAND_V1 stage=0 raw_iteration=2 cpu_begin=1943585365331666 cpu_end=1943590738879166 gpu_begin=1943585365331666 gpu_end=1943590738879166 device_ms=5291.8761249165982 encoders=38 interval_scope=possibly_overlapping
PRODUCER_KERNEL_V1 stage=0 raw_iteration=2 ordinal=0 kernel=owner_pack_faces threads=1533387 begin_tick=1943585447034166 end_tick=1943585447084916 ms_per_tick=9.9999999999999995e-07 device_ms=0.050749999999999997
PRODUCER_KERNEL_V1 stage=0 raw_iteration=2 ordinal=1 kernel=owner_pack_faces threads=1533387 begin_tick=1943585447104916 end_tick=1943585447155708 ms_per_tick=9.9999999999999995e-07 device_ms=0.050791999999999997
PRODUCER_KERNEL_V1 stage=0 raw_iteration=2 ordinal=2 kernel=owner_pack_faces threads=1533387 begin_tick=1943585447250000 end_tick=1943585447328916 ms_per_tick=9.9999999999999995e-07 device_ms=0.078916
PRODUCER_KERNEL_V1 stage=0 raw_iteration=2 ordinal=3 kernel=fct_extract_gas_density threads=504666 begin_tick=1943585447274583 end_tick=1943585447320958 ms_per_tick=9.9999999999999995e-07 device_ms=0.046375
PRODUCER_KERNEL_V1 stage=0 raw_iteration=2 ordinal=4 kernel=owner_gas_source threads=504666 begin_tick=1943585447330291 end_tick=1943585447374875 ms_per_tick=9.9999999999999995e-07 device_ms=0.044583999999999999
PRODUCER_KERNEL_V1 stage=0 raw_iteration=2 ordinal=5 kernel=evaluate_resident_transport threads=504666 begin_tick=1943585447452166 end_tick=1943585448033333 ms_per_tick=9.9999999999999995e-07 device_ms=0.58116699999999999
PRODUCER_KERNEL_V1 stage=0 raw_iteration=2 ordinal=6 kernel=identify_resident_transport threads=1 begin_tick=1943585448033708 end_tick=1943586039260125 ms_per_tick=9.9999999999999995e-07 device_ms=591.22641699999997
PRODUCER_KERNEL_V1 stage=0 raw_iteration=2 ordinal=7 kernel=owner_bind_transport threads=1 begin_tick=1943586039277250 end_tick=1943586039280833 ms_per_tick=9.9999999999999995e-07 device_ms=0.0035829999999999998
PRODUCER_KERNEL_V1 stage=0 raw_iteration=2 ordinal=8 kernel=identify_resident_owner_endpoint_class threads=1 begin_tick=1943586039281166 end_tick=1943586041832000 ms_per_tick=9.9999999999999995e-07 device_ms=2.550834
PRODUCER_KERNEL_V1 stage=0 raw_iteration=2 ordinal=9 kernel=evaluate_resident_physical_flux threads=1533387 begin_tick=1943586041832708 end_tick=1943586043295500 ms_per_tick=9.9999999999999995e-07 device_ms=1.4627919999999999
PRODUCER_KERNEL_V1 stage=0 raw_iteration=2 ordinal=10 kernel=evaluate_resident_advective_pair threads=13800483 begin_tick=1943586043296041 end_tick=1943586050496083 ms_per_tick=9.9999999999999995e-07 device_ms=7.2000419999999998
PRODUCER_KERNEL_V1 stage=0 raw_iteration=2 ordinal=11 kernel=finalize_resident_advective_high threads=13800483 begin_tick=1943586050511666 end_tick=1943586050930125 ms_per_tick=9.9999999999999995e-07 device_ms=0.41845899999999997
PRODUCER_KERNEL_V1 stage=0 raw_iteration=2 ordinal=12 kernel=compose_resident_flux_pair threads=13800483 begin_tick=1943586050930458 end_tick=1943586051814666 ms_per_tick=9.9999999999999995e-07 device_ms=0.88420799999999999
PRODUCER_KERNEL_V1 stage=0 raw_iteration=2 ordinal=13 kernel=validate_resident_physical_flux threads=13800483 begin_tick=1943586051815291 end_tick=1943586052653083 ms_per_tick=9.9999999999999995e-07 device_ms=0.83779199999999998
PRODUCER_KERNEL_V1 stage=0 raw_iteration=2 ordinal=14 kernel=identify_resident_physical_flux threads=1 begin_tick=1943586052653708 end_tick=1943589293423791 ms_per_tick=9.9999999999999995e-07 device_ms=3240.7700829999999
PRODUCER_KERNEL_V1 stage=0 raw_iteration=2 ordinal=15 kernel=fct_build_ratios threads=5551326 begin_tick=1943589293439708 end_tick=1943589297045791 ms_per_tick=9.9999999999999995e-07 device_ms=3.6060829999999999
PRODUCER_KERNEL_V1 stage=0 raw_iteration=2 ordinal=16 kernel=fct_build_face_alpha threads=1533387 begin_tick=1943589297046541 end_tick=1943589297313833 ms_per_tick=9.9999999999999995e-07 device_ms=0.26729199999999997
PRODUCER_KERNEL_V1 stage=0 raw_iteration=2 ordinal=17 kernel=fct_commit_scalar threads=504666 begin_tick=1943589297314250 end_tick=1943589297506000 ms_per_tick=9.9999999999999995e-07 device_ms=0.19175
PRODUCER_KERNEL_V1 stage=0 raw_iteration=2 ordinal=18 kernel=owner_bind_candidate threads=1 begin_tick=1943589297506666 end_tick=1943589740081583 ms_per_tick=9.9999999999999995e-07 device_ms=442.57491699999997
PRODUCER_KERNEL_V1 stage=0 raw_iteration=2 ordinal=19 kernel=finalize_resident_eos_candidate threads=1 begin_tick=1943589740097583 end_tick=1943589740100416 ms_per_tick=9.9999999999999995e-07 device_ms=0.002833
PRODUCER_KERNEL_V1 stage=0 raw_iteration=2 ordinal=20 kernel=evaluate_resident_eos_candidate threads=504666 begin_tick=1943589740100791 end_tick=1943590349934000 ms_per_tick=9.9999999999999995e-07 device_ms=609.83320900000001
PRODUCER_KERNEL_V1 stage=0 raw_iteration=2 ordinal=21 kernel=finalize_resident_eos_candidate threads=1 begin_tick=1943590349947708 end_tick=1943590349950208 ms_per_tick=9.9999999999999995e-07 device_ms=0.0025000000000000001
PRODUCER_KERNEL_V1 stage=0 raw_iteration=2 ordinal=22 kernel=identify_resident_eos threads=1 begin_tick=1943590349950666 end_tick=1943590393382250 ms_per_tick=9.9999999999999995e-07 device_ms=43.431584000000001
PRODUCER_KERNEL_V1 stage=0 raw_iteration=2 ordinal=23 kernel=produce_resident_frozen_source threads=504666 begin_tick=1943590393398416 end_tick=1943590393429625 ms_per_tick=9.9999999999999995e-07 device_ms=0.031208999999999997
PRODUCER_KERNEL_V1 stage=0 raw_iteration=2 ordinal=24 kernel=identify_resident_frozen_source threads=1 begin_tick=1943590393429958 end_tick=1943590427977750 ms_per_tick=9.9999999999999995e-07 device_ms=34.547792000000001
PRODUCER_KERNEL_V1 stage=0 raw_iteration=2 ordinal=25 kernel=evaluate_resident_target_terms threads=504666 begin_tick=1943590427978416 end_tick=1943590553574500 ms_per_tick=9.9999999999999995e-07 device_ms=125.59608399999999
PRODUCER_KERNEL_V1 stage=0 raw_iteration=2 ordinal=26 kernel=finalize_resident_target threads=1 begin_tick=1943590553588833 end_tick=1943590553592166 ms_per_tick=9.9999999999999995e-07 device_ms=0.003333
PRODUCER_KERNEL_V1 stage=0 raw_iteration=2 ordinal=27 kernel=identify_resident_target threads=1 begin_tick=1943590553592458 end_tick=1943590611525958 ms_per_tick=9.9999999999999995e-07 device_ms=57.933499999999995
PRODUCER_KERNEL_V1 stage=0 raw_iteration=2 ordinal=28 kernel=issue_resident_projection_consumer threads=1 begin_tick=1943590611542583 end_tick=1943590611546791 ms_per_tick=9.9999999999999995e-07 device_ms=0.0042079999999999999
PRODUCER_KERNEL_V1 stage=0 raw_iteration=2 ordinal=29 kernel=consume_resident_target threads=1 begin_tick=1943590611547166 end_tick=1943590648952583 ms_per_tick=9.9999999999999995e-07 device_ms=37.405417
PRODUCER_KERNEL_V1 stage=0 raw_iteration=2 ordinal=30 kernel=owner_compose_target threads=504666 begin_tick=1943590648966166 end_tick=1943590649044500 ms_per_tick=9.9999999999999995e-07 device_ms=0.078334000000000001
PRODUCER_KERNEL_V1 stage=0 raw_iteration=2 ordinal=31 kernel=finalize_resident_target threads=1 begin_tick=1943590649044875 end_tick=1943590649047833 ms_per_tick=9.9999999999999995e-07 device_ms=0.0029579999999999997
PRODUCER_KERNEL_V1 stage=0 raw_iteration=2 ordinal=32 kernel=owner_identify_target threads=1 begin_tick=1943590649048166 end_tick=1943590700718583 ms_per_tick=9.9999999999999995e-07 device_ms=51.670417
PRODUCER_KERNEL_V1 stage=0 raw_iteration=2 ordinal=33 kernel=issue_resident_projection_consumer threads=1 begin_tick=1943590700733583 end_tick=1943590700737791 ms_per_tick=9.9999999999999995e-07 device_ms=0.0042079999999999999
PRODUCER_KERNEL_V1 stage=0 raw_iteration=2 ordinal=34 kernel=consume_resident_target threads=1 begin_tick=1943590700738166 end_tick=1943590738171333 ms_per_tick=9.9999999999999995e-07 device_ms=37.433166999999997
PRODUCER_KERNEL_V1 stage=0 raw_iteration=2 ordinal=35 kernel=owner_issue_stage_seal threads=1 begin_tick=1943590738186708 end_tick=1943590738190000 ms_per_tick=9.9999999999999995e-07 device_ms=0.0032919999999999998
PRODUCER_KERNEL_V1 stage=0 raw_iteration=2 ordinal=36 kernel=fct_compatible_stage_rate threads=1533387 begin_tick=1943590738190541 end_tick=1943590738700208 ms_per_tick=9.9999999999999995e-07 device_ms=0.50966699999999998
PRODUCER_KERNEL_V1 stage=0 raw_iteration=2 ordinal=37 kernel=owner_predict_momentum threads=1533387 begin_tick=1943590738700583 end_tick=1943590738749458 ms_per_tick=9.9999999999999995e-07 device_ms=0.048874999999999995
RISE_FIRE_OWNER_PROFILE_V1 {"scope":26,"parent":21,"phase":"BuildStageProducerGroup","stage":0,"raw_iteration":2,"iteration_kind":"picard","wall_ms":5373.717417000,"device_sum_ms":5291.876124917,"wall_minus_device_ms":81.841292083,"exclusive_wall_ms":5373.717417000,"exclusive_device_sum_ms":5291.876124917,"child_observer_wall_ms":0.000000000,"count_scope":"inclusive","owner_commits":1,"projection_invocations":0}
RISE_FIRE_OWNER_PROFILE_V1 {"scope":27,"parent":21,"phase":"Residual","stage":0,"raw_iteration":2,"iteration_kind":"picard","wall_ms":3.768250000,"device_sum_ms":1.432583202,"wall_minus_device_ms":2.335666798,"exclusive_wall_ms":3.768250000,"exclusive_device_sum_ms":1.432583202,"child_observer_wall_ms":0.000000000,"count_scope":"inclusive","owner_commits":1,"projection_invocations":0}
RISE_FIRE_OWNER_PROFILE_V1 {"scope":30,"parent":29,"phase":"ProjectionAdapter","stage":0,"raw_iteration":2147483650,"iteration_kind":"terminal","wall_ms":193.388042000,"device_sum_ms":190.368416719,"wall_minus_device_ms":3.019625281,"exclusive_wall_ms":193.388042000,"exclusive_device_sum_ms":190.368416719,"child_observer_wall_ms":0.000000000,"count_scope":"inclusive","owner_commits":0,"projection_invocations":1}
RISE_FIRE_OWNER_PROFILE_V1 {"scope":29,"parent":28,"phase":"Project","stage":0,"raw_iteration":2147483650,"iteration_kind":"terminal","wall_ms":193.938542000,"device_sum_ms":190.416125115,"wall_minus_device_ms":3.522416885,"exclusive_wall_ms":0.526917000,"exclusive_device_sum_ms":0.047708396,"child_observer_wall_ms":0.023583000,"count_scope":"inclusive","owner_commits":2,"projection_invocations":1}
RISE_FIRE_OWNER_PROFILE_V1 {"scope":31,"parent":28,"phase":"ReadOpenClass","stage":0,"raw_iteration":2147483650,"iteration_kind":"terminal","wall_ms":0.162250000,"device_sum_ms":0.002499903,"wall_minus_device_ms":0.159750097,"exclusive_wall_ms":0.162250000,"exclusive_device_sum_ms":0.002499903,"child_observer_wall_ms":0.000000000,"count_scope":"inclusive","owner_commits":1,"projection_invocations":0}
RISE_FIRE_OWNER_PROFILE_V1 {"scope":32,"parent":28,"phase":"ReadOpenClass","stage":0,"raw_iteration":2147483650,"iteration_kind":"terminal","wall_ms":0.144292000,"device_sum_ms":0.002375105,"wall_minus_device_ms":0.141916895,"exclusive_wall_ms":0.144292000,"exclusive_device_sum_ms":0.002375105,"child_observer_wall_ms":0.000000000,"count_scope":"inclusive","owner_commits":1,"projection_invocations":0}
PRODUCER_COMMAND_V1 stage=0 raw_iteration=2147483650 cpu_begin=1943590937120208 cpu_end=1943596305903958 gpu_begin=1943590937120208 gpu_end=1943596305903958 device_ms=5286.4874168299139 encoders=38 interval_scope=possibly_overlapping
PRODUCER_KERNEL_V1 stage=0 raw_iteration=2147483650 ordinal=0 kernel=owner_pack_faces threads=1533387 begin_tick=1943591019280458 end_tick=1943591019338916 ms_per_tick=9.9999999999999995e-07 device_ms=0.058457999999999996
PRODUCER_KERNEL_V1 stage=0 raw_iteration=2147483650 ordinal=1 kernel=owner_pack_faces threads=1533387 begin_tick=1943591019338666 end_tick=1943591019732000 ms_per_tick=9.9999999999999995e-07 device_ms=0.39333399999999996
PRODUCER_KERNEL_V1 stage=0 raw_iteration=2147483650 ordinal=2 kernel=owner_pack_faces threads=1533387 begin_tick=1943591019279208 end_tick=1943591019338666 ms_per_tick=9.9999999999999995e-07 device_ms=0.059457999999999997
PRODUCER_KERNEL_V1 stage=0 raw_iteration=2147483650 ordinal=3 kernel=fct_extract_gas_density threads=504666 begin_tick=1943591019339375 end_tick=1943591019385041 ms_per_tick=9.9999999999999995e-07 device_ms=0.045665999999999998
PRODUCER_KERNEL_V1 stage=0 raw_iteration=2147483650 ordinal=4 kernel=owner_gas_source threads=504666 begin_tick=1943591019732333 end_tick=1943591019963875 ms_per_tick=9.9999999999999995e-07 device_ms=0.231542
PRODUCER_KERNEL_V1 stage=0 raw_iteration=2147483650 ordinal=5 kernel=evaluate_resident_transport threads=504666 begin_tick=1943591019385041 end_tick=1943591019983875 ms_per_tick=9.9999999999999995e-07 device_ms=0.59883399999999998
PRODUCER_KERNEL_V1 stage=0 raw_iteration=2147483650 ordinal=6 kernel=identify_resident_transport threads=1 begin_tick=1943591019984250 end_tick=1943591609942625 ms_per_tick=9.9999999999999995e-07 device_ms=589.95837499999993
PRODUCER_KERNEL_V1 stage=0 raw_iteration=2147483650 ordinal=7 kernel=owner_bind_transport threads=1 begin_tick=1943591609958083 end_tick=1943591609962416 ms_per_tick=9.9999999999999995e-07 device_ms=0.004333
PRODUCER_KERNEL_V1 stage=0 raw_iteration=2147483650 ordinal=8 kernel=identify_resident_owner_endpoint_class threads=1 begin_tick=1943591609962708 end_tick=1943591612411791 ms_per_tick=9.9999999999999995e-07 device_ms=2.4490829999999999
PRODUCER_KERNEL_V1 stage=0 raw_iteration=2147483650 ordinal=9 kernel=evaluate_resident_physical_flux threads=1533387 begin_tick=1943591612412208 end_tick=1943591613554875 ms_per_tick=9.9999999999999995e-07 device_ms=1.1426669999999999
PRODUCER_KERNEL_V1 stage=0 raw_iteration=2147483650 ordinal=10 kernel=evaluate_resident_advective_pair threads=13800483 begin_tick=1943591613555375 end_tick=1943591620628250 ms_per_tick=9.9999999999999995e-07 device_ms=7.0728749999999998
PRODUCER_KERNEL_V1 stage=0 raw_iteration=2147483650 ordinal=11 kernel=finalize_resident_advective_high threads=13800483 begin_tick=1943591620629041 end_tick=1943591621051125 ms_per_tick=9.9999999999999995e-07 device_ms=0.42208399999999996
PRODUCER_KERNEL_V1 stage=0 raw_iteration=2147483650 ordinal=12 kernel=compose_resident_flux_pair threads=13800483 begin_tick=1943591621051541 end_tick=1943591621936833 ms_per_tick=9.9999999999999995e-07 device_ms=0.88529199999999997
PRODUCER_KERNEL_V1 stage=0 raw_iteration=2147483650 ordinal=13 kernel=validate_resident_physical_flux threads=13800483 begin_tick=1943591621937375 end_tick=1943591622798291 ms_per_tick=9.9999999999999995e-07 device_ms=0.86091600000000001
PRODUCER_KERNEL_V1 stage=0 raw_iteration=2147483650 ordinal=14 kernel=identify_resident_physical_flux threads=1 begin_tick=1943591622798958 end_tick=1943594862914125 ms_per_tick=9.9999999999999995e-07 device_ms=3240.1151669999999
PRODUCER_KERNEL_V1 stage=0 raw_iteration=2147483650 ordinal=15 kernel=fct_build_ratios threads=5551326 begin_tick=1943594862929291 end_tick=1943594866520625 ms_per_tick=9.9999999999999995e-07 device_ms=3.5913339999999998
PRODUCER_KERNEL_V1 stage=0 raw_iteration=2147483650 ordinal=16 kernel=fct_build_face_alpha threads=1533387 begin_tick=1943594866521500 end_tick=1943594866787541 ms_per_tick=9.9999999999999995e-07 device_ms=0.26604099999999997
PRODUCER_KERNEL_V1 stage=0 raw_iteration=2147483650 ordinal=17 kernel=fct_commit_scalar threads=504666 begin_tick=1943594866788083 end_tick=1943594866981083 ms_per_tick=9.9999999999999995e-07 device_ms=0.193
PRODUCER_KERNEL_V1 stage=0 raw_iteration=2147483650 ordinal=18 kernel=owner_bind_candidate threads=1 begin_tick=1943594866981583 end_tick=1943595308127958 ms_per_tick=9.9999999999999995e-07 device_ms=441.14637499999998
PRODUCER_KERNEL_V1 stage=0 raw_iteration=2147483650 ordinal=19 kernel=finalize_resident_eos_candidate threads=1 begin_tick=1943595308146041 end_tick=1943595308222458 ms_per_tick=9.9999999999999995e-07 device_ms=0.076416999999999999
PRODUCER_KERNEL_V1 stage=0 raw_iteration=2147483650 ordinal=20 kernel=evaluate_resident_eos_candidate threads=504666 begin_tick=1943595308222875 end_tick=1943595918024125 ms_per_tick=9.9999999999999995e-07 device_ms=609.80124999999998
PRODUCER_KERNEL_V1 stage=0 raw_iteration=2147483650 ordinal=21 kernel=finalize_resident_eos_candidate threads=1 begin_tick=1943595918037375 end_tick=1943595918039875 ms_per_tick=9.9999999999999995e-07 device_ms=0.0025000000000000001
PRODUCER_KERNEL_V1 stage=0 raw_iteration=2147483650 ordinal=22 kernel=identify_resident_eos threads=1 begin_tick=1943595918040291 end_tick=1943595962463541 ms_per_tick=9.9999999999999995e-07 device_ms=44.423249999999996
PRODUCER_KERNEL_V1 stage=0 raw_iteration=2147483650 ordinal=23 kernel=produce_resident_frozen_source threads=504666 begin_tick=1943595962480666 end_tick=1943595962511791 ms_per_tick=9.9999999999999995e-07 device_ms=0.031125
PRODUCER_KERNEL_V1 stage=0 raw_iteration=2147483650 ordinal=24 kernel=identify_resident_frozen_source threads=1 begin_tick=1943595962512208 end_tick=1943595997868791 ms_per_tick=9.9999999999999995e-07 device_ms=35.356583000000001
PRODUCER_KERNEL_V1 stage=0 raw_iteration=2147483650 ordinal=25 kernel=evaluate_resident_target_terms threads=504666 begin_tick=1943595997883583 end_tick=1943596120708125 ms_per_tick=9.9999999999999995e-07 device_ms=122.82454199999999
PRODUCER_KERNEL_V1 stage=0 raw_iteration=2147483650 ordinal=26 kernel=finalize_resident_target threads=1 begin_tick=1943596120723125 end_tick=1943596120726500 ms_per_tick=9.9999999999999995e-07 device_ms=0.003375
PRODUCER_KERNEL_V1 stage=0 raw_iteration=2147483650 ordinal=27 kernel=identify_resident_target threads=1 begin_tick=1943596120726791 end_tick=1943596178261833 ms_per_tick=9.9999999999999995e-07 device_ms=57.535041999999997
PRODUCER_KERNEL_V1 stage=0 raw_iteration=2147483650 ordinal=28 kernel=issue_resident_projection_consumer threads=1 begin_tick=1943596178276750 end_tick=1943596178281250 ms_per_tick=9.9999999999999995e-07 device_ms=0.0044999999999999997
PRODUCER_KERNEL_V1 stage=0 raw_iteration=2147483650 ordinal=29 kernel=consume_resident_target threads=1 begin_tick=1943596178281625 end_tick=1943596215978708 ms_per_tick=9.9999999999999995e-07 device_ms=37.697082999999999
PRODUCER_KERNEL_V1 stage=0 raw_iteration=2147483650 ordinal=30 kernel=owner_compose_target threads=504666 begin_tick=1943596215993333 end_tick=1943596216071583 ms_per_tick=9.9999999999999995e-07 device_ms=0.07825
PRODUCER_KERNEL_V1 stage=0 raw_iteration=2147483650 ordinal=31 kernel=finalize_resident_target threads=1 begin_tick=1943596216072000 end_tick=1943596216074916 ms_per_tick=9.9999999999999995e-07 device_ms=0.0029159999999999998
PRODUCER_KERNEL_V1 stage=0 raw_iteration=2147483650 ordinal=32 kernel=owner_identify_target threads=1 begin_tick=1943596216075333 end_tick=1943596267433166 ms_per_tick=9.9999999999999995e-07 device_ms=51.357832999999999
PRODUCER_KERNEL_V1 stage=0 raw_iteration=2147483650 ordinal=33 kernel=issue_resident_projection_consumer threads=1 begin_tick=1943596267448208 end_tick=1943596267452291 ms_per_tick=9.9999999999999995e-07 device_ms=0.0040829999999999998
PRODUCER_KERNEL_V1 stage=0 raw_iteration=2147483650 ordinal=34 kernel=consume_resident_target threads=1 begin_tick=1943596267452666 end_tick=1943596304769166 ms_per_tick=9.9999999999999995e-07 device_ms=37.316499999999998
PRODUCER_KERNEL_V1 stage=0 raw_iteration=2147483650 ordinal=35 kernel=owner_issue_stage_seal threads=1 begin_tick=1943596304784750 end_tick=1943596304788333 ms_per_tick=9.9999999999999995e-07 device_ms=0.0035829999999999998
PRODUCER_KERNEL_V1 stage=0 raw_iteration=2147483650 ordinal=36 kernel=fct_compatible_stage_rate threads=1533387 begin_tick=1943596305184333 end_tick=1943596305711666 ms_per_tick=9.9999999999999995e-07 device_ms=0.52733299999999994
PRODUCER_KERNEL_V1 stage=0 raw_iteration=2147483650 ordinal=37 kernel=owner_predict_momentum threads=1533387 begin_tick=1943596305712083 end_tick=1943596305760791 ms_per_tick=9.9999999999999995e-07 device_ms=0.048707999999999994
RISE_FIRE_OWNER_PROFILE_V1 {"scope":33,"parent":28,"phase":"BuildStageProducerGroup","stage":0,"raw_iteration":2147483650,"iteration_kind":"terminal","wall_ms":5368.958917000,"device_sum_ms":5286.487416830,"wall_minus_device_ms":82.471500170,"exclusive_wall_ms":5368.958917000,"exclusive_device_sum_ms":5286.487416830,"child_observer_wall_ms":0.000000000,"count_scope":"inclusive","owner_commits":1,"projection_invocations":0}
RISE_FIRE_OWNER_PROFILE_V1 {"scope":34,"parent":28,"phase":"AlphaResidual","stage":0,"raw_iteration":2147483650,"iteration_kind":"terminal","wall_ms":6.577958000,"device_sum_ms":0.071041519,"wall_minus_device_ms":6.506916481,"exclusive_wall_ms":6.577958000,"exclusive_device_sum_ms":0.071041519,"child_observer_wall_ms":0.000000000,"count_scope":"inclusive","owner_commits":1,"projection_invocations":0}
RISE_FIRE_OWNER_PROFILE_V1 {"scope":35,"parent":28,"phase":"Residual","stage":0,"raw_iteration":2147483650,"iteration_kind":"terminal","wall_ms":0.408125000,"device_sum_ms":0.238499837,"wall_minus_device_ms":0.169625163,"exclusive_wall_ms":0.408125000,"exclusive_device_sum_ms":0.238499837,"child_observer_wall_ms":0.000000000,"count_scope":"inclusive","owner_commits":1,"projection_invocations":0}
RISE_FIRE_OWNER_PROFILE_V1 {"scope":28,"parent":21,"phase":"TerminalVerification","stage":0,"raw_iteration":2147483650,"iteration_kind":"terminal","wall_ms":5570.265083000,"device_sum_ms":5477.217958309,"wall_minus_device_ms":93.047124691,"exclusive_wall_ms":0.004999000,"exclusive_device_sum_ms":0.000000000,"child_observer_wall_ms":0.070000000,"count_scope":"inclusive","owner_commits":7,"projection_invocations":1}
RISE_FIRE_OWNER_PROFILE_V1 {"scope":21,"parent":3,"phase":"PicardIteration","stage":0,"raw_iteration":2,"iteration_kind":"picard","wall_ms":11144.649250000,"device_sum_ms":10961.304874858,"wall_minus_device_ms":183.344375142,"exclusive_wall_ms":2.244292000,"exclusive_device_sum_ms":0.000000000,"child_observer_wall_ms":0.059999000,"count_scope":"inclusive","owner_commits":13,"projection_invocations":2}
RISE_FIRE_OWNER_PROFILE_V1 {"scope":3,"parent":1,"phase":"SolveStage","stage":0,"raw_iteration":4294967295,"iteration_kind":"bootstrap","wall_ms":27857.685208000,"device_sum_ms":27402.089540614,"wall_minus_device_ms":455.595667386,"exclusive_wall_ms":2.138250000,"exclusive_device_sum_ms":0.000000000,"child_observer_wall_ms":0.042792000,"count_scope":"inclusive","owner_commits":28,"projection_invocations":5}
RISE_FIRE_OWNER_PROFILE_V1 {"scope":38,"parent":37,"phase":"ProjectionAdapter","stage":1,"raw_iteration":4294967295,"iteration_kind":"bootstrap","wall_ms":193.819667000,"device_sum_ms":190.886458382,"wall_minus_device_ms":2.933208618,"exclusive_wall_ms":193.819667000,"exclusive_device_sum_ms":190.886458382,"child_observer_wall_ms":0.000000000,"count_scope":"inclusive","owner_commits":0,"projection_invocations":1}
RISE_FIRE_OWNER_PROFILE_V1 {"scope":37,"parent":36,"phase":"Project","stage":1,"raw_iteration":4294967295,"iteration_kind":"bootstrap","wall_ms":195.365917000,"device_sum_ms":190.970666707,"wall_minus_device_ms":4.395250293,"exclusive_wall_ms":1.525792000,"exclusive_device_sum_ms":0.084208325,"child_observer_wall_ms":0.020458000,"count_scope":"inclusive","owner_commits":2,"projection_invocations":1}
PRODUCER_COMMAND_V1 stage=1 raw_iteration=4294967295 cpu_begin=1943596512906125 cpu_end=1943603026190958 gpu_begin=1943596512906125 gpu_end=1943603026190958 device_ms=6431.5279999282211 encoders=41 interval_scope=possibly_overlapping
PRODUCER_KERNEL_V1 stage=1 raw_iteration=4294967295 ordinal=0 kernel=owner_pack_faces threads=1533387 begin_tick=1943596594724125 end_tick=1943596594775791 ms_per_tick=9.9999999999999995e-07 device_ms=0.051665999999999997
PRODUCER_KERNEL_V1 stage=1 raw_iteration=4294967295 ordinal=1 kernel=owner_pack_faces threads=1533387 begin_tick=1943596594795125 end_tick=1943596594845916 ms_per_tick=9.9999999999999995e-07 device_ms=0.050790999999999996
PRODUCER_KERNEL_V1 stage=1 raw_iteration=4294967295 ordinal=2 kernel=owner_pack_faces threads=1533387 begin_tick=1943596594928958 end_tick=1943596595006083 ms_per_tick=9.9999999999999995e-07 device_ms=0.077124999999999999
PRODUCER_KERNEL_V1 stage=1 raw_iteration=4294967295 ordinal=3 kernel=fct_extract_gas_density threads=504666 begin_tick=1943596594968125 end_tick=1943596595014125 ms_per_tick=9.9999999999999995e-07 device_ms=0.045999999999999999
PRODUCER_KERNEL_V1 stage=1 raw_iteration=4294967295 ordinal=4 kernel=owner_gas_source threads=504666 begin_tick=1943596595021416 end_tick=1943596595062125 ms_per_tick=9.9999999999999995e-07 device_ms=0.040708999999999995
PRODUCER_KERNEL_V1 stage=1 raw_iteration=4294967295 ordinal=5 kernel=evaluate_resident_transport threads=504666 begin_tick=1943596595137041 end_tick=1943596595727791 ms_per_tick=9.9999999999999995e-07 device_ms=0.59075
PRODUCER_KERNEL_V1 stage=1 raw_iteration=4294967295 ordinal=6 kernel=identify_resident_transport threads=1 begin_tick=1943596595728125 end_tick=1943597185852500 ms_per_tick=9.9999999999999995e-07 device_ms=590.12437499999999
PRODUCER_KERNEL_V1 stage=1 raw_iteration=4294967295 ordinal=7 kernel=owner_bind_transport threads=1 begin_tick=1943597185938583 end_tick=1943597185942041 ms_per_tick=9.9999999999999995e-07 device_ms=0.0034579999999999997
PRODUCER_KERNEL_V1 stage=1 raw_iteration=4294967295 ordinal=8 kernel=identify_resident_owner_endpoint_class threads=1 begin_tick=1943597185942458 end_tick=1943597188360458 ms_per_tick=9.9999999999999995e-07 device_ms=2.4179999999999997
PRODUCER_KERNEL_V1 stage=1 raw_iteration=4294967295 ordinal=9 kernel=evaluate_resident_physical_flux threads=1533387 begin_tick=1943597188361000 end_tick=1943597189500708 ms_per_tick=9.9999999999999995e-07 device_ms=1.1397079999999999
PRODUCER_KERNEL_V1 stage=1 raw_iteration=4294967295 ordinal=10 kernel=evaluate_resident_advective_pair threads=13800483 begin_tick=1943597189501250 end_tick=1943597197839208 ms_per_tick=9.9999999999999995e-07 device_ms=8.3379580000000004
PRODUCER_KERNEL_V1 stage=1 raw_iteration=4294967295 ordinal=11 kernel=finalize_resident_advective_high threads=13800483 begin_tick=1943597197853916 end_tick=1943597198269958 ms_per_tick=9.9999999999999995e-07 device_ms=0.41604199999999997
PRODUCER_KERNEL_V1 stage=1 raw_iteration=4294967295 ordinal=12 kernel=compose_resident_flux_pair threads=13800483 begin_tick=1943597198270333 end_tick=1943597199152500 ms_per_tick=9.9999999999999995e-07 device_ms=0.88216699999999992
PRODUCER_KERNEL_V1 stage=1 raw_iteration=4294967295 ordinal=13 kernel=validate_resident_physical_flux threads=13800483 begin_tick=1943597199153166 end_tick=1943597199978916 ms_per_tick=9.9999999999999995e-07 device_ms=0.82574999999999998
PRODUCER_KERNEL_V1 stage=1 raw_iteration=4294967295 ordinal=14 kernel=identify_resident_physical_flux threads=1 begin_tick=1943597199979416 end_tick=1943600437079291 ms_per_tick=9.9999999999999995e-07 device_ms=3237.0998749999999
PRODUCER_KERNEL_V1 stage=1 raw_iteration=4294967295 ordinal=15 kernel=owner_average_flux threads=13800483 begin_tick=1943600437093833 end_tick=1943600437894875 ms_per_tick=9.9999999999999995e-07 device_ms=0.80104199999999992
PRODUCER_KERNEL_V1 stage=1 raw_iteration=4294967295 ordinal=16 kernel=owner_bind_averaged_flux threads=1 begin_tick=1943600437895375 end_tick=1943601566484875 ms_per_tick=9.9999999999999995e-07 device_ms=1128.5895
PRODUCER_KERNEL_V1 stage=1 raw_iteration=4294967295 ordinal=17 kernel=fct_build_ratios threads=5551326 begin_tick=1943601566485708 end_tick=1943601570277541 ms_per_tick=9.9999999999999995e-07 device_ms=3.791833
PRODUCER_KERNEL_V1 stage=1 raw_iteration=4294967295 ordinal=18 kernel=fct_build_face_alpha threads=1533387 begin_tick=1943601570292750 end_tick=1943601570560000 ms_per_tick=9.9999999999999995e-07 device_ms=0.26724999999999999
PRODUCER_KERNEL_V1 stage=1 raw_iteration=4294967295 ordinal=19 kernel=fct_commit_scalar threads=504666 begin_tick=1943601570560666 end_tick=1943601570757458 ms_per_tick=9.9999999999999995e-07 device_ms=0.19679199999999999
PRODUCER_KERNEL_V1 stage=1 raw_iteration=4294967295 ordinal=20 kernel=owner_bind_candidate threads=1 begin_tick=1943601570758000 end_tick=1943602014713833 ms_per_tick=9.9999999999999995e-07 device_ms=443.95583299999998
PRODUCER_KERNEL_V1 stage=1 raw_iteration=4294967295 ordinal=21 kernel=finalize_resident_eos_candidate threads=1 begin_tick=1943602014729125 end_tick=1943602014731958 ms_per_tick=9.9999999999999995e-07 device_ms=0.002833
PRODUCER_KERNEL_V1 stage=1 raw_iteration=4294967295 ordinal=22 kernel=evaluate_resident_eos_candidate threads=504666 begin_tick=1943602014732416 end_tick=1943602636635541 ms_per_tick=9.9999999999999995e-07 device_ms=621.90312499999993
PRODUCER_KERNEL_V1 stage=1 raw_iteration=4294967295 ordinal=23 kernel=finalize_resident_eos_candidate threads=1 begin_tick=1943602636649416 end_tick=1943602636652166 ms_per_tick=9.9999999999999995e-07 device_ms=0.0027499999999999998
PRODUCER_KERNEL_V1 stage=1 raw_iteration=4294967295 ordinal=24 kernel=identify_resident_eos threads=1 begin_tick=1943602636652541 end_tick=1943602680661916 ms_per_tick=9.9999999999999995e-07 device_ms=44.009374999999999
PRODUCER_KERNEL_V1 stage=1 raw_iteration=4294967295 ordinal=25 kernel=produce_resident_frozen_source threads=504666 begin_tick=1943602680676916 end_tick=1943602680707916 ms_per_tick=9.9999999999999995e-07 device_ms=0.031
PRODUCER_KERNEL_V1 stage=1 raw_iteration=4294967295 ordinal=26 kernel=identify_resident_frozen_source threads=1 begin_tick=1943602680708333 end_tick=1943602716488125 ms_per_tick=9.9999999999999995e-07 device_ms=35.779792
PRODUCER_KERNEL_V1 stage=1 raw_iteration=4294967295 ordinal=27 kernel=evaluate_resident_target_terms threads=504666 begin_tick=1943602716504916 end_tick=1943602841464041 ms_per_tick=9.9999999999999995e-07 device_ms=124.959125
PRODUCER_KERNEL_V1 stage=1 raw_iteration=4294967295 ordinal=28 kernel=finalize_resident_target threads=1 begin_tick=1943602841479333 end_tick=1943602841482500 ms_per_tick=9.9999999999999995e-07 device_ms=0.0031669999999999997
PRODUCER_KERNEL_V1 stage=1 raw_iteration=4294967295 ordinal=29 kernel=identify_resident_target threads=1 begin_tick=1943602841482833 end_tick=1943602899334125 ms_per_tick=9.9999999999999995e-07 device_ms=57.851292000000001
PRODUCER_KERNEL_V1 stage=1 raw_iteration=4294967295 ordinal=30 kernel=issue_resident_projection_consumer threads=1 begin_tick=1943602899349083 end_tick=1943602899353083 ms_per_tick=9.9999999999999995e-07 device_ms=0.0040000000000000001
PRODUCER_KERNEL_V1 stage=1 raw_iteration=4294967295 ordinal=31 kernel=consume_resident_target threads=1 begin_tick=1943602899353333 end_tick=1943602936629500 ms_per_tick=9.9999999999999995e-07 device_ms=37.276167000000001
PRODUCER_KERNEL_V1 stage=1 raw_iteration=4294967295 ordinal=32 kernel=owner_compose_target threads=504666 begin_tick=1943602936644708 end_tick=1943602936676416 ms_per_tick=9.9999999999999995e-07 device_ms=0.031708
PRODUCER_KERNEL_V1 stage=1 raw_iteration=4294967295 ordinal=33 kernel=finalize_resident_target threads=1 begin_tick=1943602936676791 end_tick=1943602936679708 ms_per_tick=9.9999999999999995e-07 device_ms=0.0029169999999999999
PRODUCER_KERNEL_V1 stage=1 raw_iteration=4294967295 ordinal=34 kernel=owner_identify_target threads=1 begin_tick=1943602936680083 end_tick=1943602987371541 ms_per_tick=9.9999999999999995e-07 device_ms=50.691457999999997
PRODUCER_KERNEL_V1 stage=1 raw_iteration=4294967295 ordinal=35 kernel=issue_resident_projection_consumer threads=1 begin_tick=1943602987386250 end_tick=1943602987390458 ms_per_tick=9.9999999999999995e-07 device_ms=0.0042079999999999999
PRODUCER_KERNEL_V1 stage=1 raw_iteration=4294967295 ordinal=36 kernel=consume_resident_target threads=1 begin_tick=1943602987390875 end_tick=1943603024825333 ms_per_tick=9.9999999999999995e-07 device_ms=37.434457999999999
PRODUCER_KERNEL_V1 stage=1 raw_iteration=4294967295 ordinal=37 kernel=owner_issue_stage_seal threads=1 begin_tick=1943603024929125 end_tick=1943603024944416 ms_per_tick=9.9999999999999995e-07 device_ms=0.015290999999999999
PRODUCER_KERNEL_V1 stage=1 raw_iteration=4294967295 ordinal=38 kernel=fct_compatible_stage_rate threads=1533387 begin_tick=1943603024945000 end_tick=1943603025485750 ms_per_tick=9.9999999999999995e-07 device_ms=0.54074999999999995
PRODUCER_KERNEL_V1 stage=1 raw_iteration=4294967295 ordinal=39 kernel=fct_compatible_stage_rate threads=1533387 begin_tick=1943603025486125 end_tick=1943603025990916 ms_per_tick=9.9999999999999995e-07 device_ms=0.50479099999999999
PRODUCER_KERNEL_V1 stage=1 raw_iteration=4294967295 ordinal=40 kernel=owner_heun_momentum threads=1533387 begin_tick=1943603025991541 end_tick=1943603026082791 ms_per_tick=9.9999999999999995e-07 device_ms=0.091249999999999998
RISE_FIRE_OWNER_PROFILE_V1 {"scope":39,"parent":36,"phase":"BuildStageProducerGroup","stage":1,"raw_iteration":4294967295,"iteration_kind":"bootstrap","wall_ms":6513.517375000,"device_sum_ms":6431.527999928,"wall_minus_device_ms":81.989375072,"exclusive_wall_ms":6513.517375000,"exclusive_device_sum_ms":6431.527999928,"child_observer_wall_ms":0.000000000,"count_scope":"inclusive","owner_commits":1,"projection_invocations":0}
RISE_FIRE_OWNER_PROFILE_V1 {"scope":42,"parent":41,"phase":"ProjectionAdapter","stage":1,"raw_iteration":0,"iteration_kind":"picard","wall_ms":191.796333000,"device_sum_ms":188.712833449,"wall_minus_device_ms":3.083499551,"exclusive_wall_ms":191.796333000,"exclusive_device_sum_ms":188.712833449,"child_observer_wall_ms":0.000000000,"count_scope":"inclusive","owner_commits":0,"projection_invocations":1}
RISE_FIRE_OWNER_PROFILE_V1 {"scope":41,"parent":40,"phase":"Project","stage":1,"raw_iteration":0,"iteration_kind":"picard","wall_ms":194.890833000,"device_sum_ms":188.769541681,"wall_minus_device_ms":6.121291319,"exclusive_wall_ms":3.065083000,"exclusive_device_sum_ms":0.056708232,"child_observer_wall_ms":0.029417000,"count_scope":"inclusive","owner_commits":2,"projection_invocations":1}
RISE_FIRE_OWNER_PROFILE_V1 {"scope":43,"parent":40,"phase":"ReadOpenClass","stage":1,"raw_iteration":0,"iteration_kind":"picard","wall_ms":0.151958000,"device_sum_ms":0.002499903,"wall_minus_device_ms":0.149458097,"exclusive_wall_ms":0.151958000,"exclusive_device_sum_ms":0.002499903,"child_observer_wall_ms":0.000000000,"count_scope":"inclusive","owner_commits":1,"projection_invocations":0}
RISE_FIRE_OWNER_PROFILE_V1 {"scope":44,"parent":40,"phase":"ReadOpenClass","stage":1,"raw_iteration":0,"iteration_kind":"picard","wall_ms":0.138083000,"device_sum_ms":0.002500135,"wall_minus_device_ms":0.135582865,"exclusive_wall_ms":0.138083000,"exclusive_device_sum_ms":0.002500135,"child_observer_wall_ms":0.000000000,"count_scope":"inclusive","owner_commits":1,"projection_invocations":0}
PRODUCER_COMMAND_V1 stage=1 raw_iteration=0 cpu_begin=1943603221631291 cpu_end=1943609717086541 gpu_begin=1943603221631291 gpu_end=1943609717086541 device_ms=6413.5055833030492 encoders=41 interval_scope=possibly_overlapping
PRODUCER_KERNEL_V1 stage=1 raw_iteration=0 ordinal=0 kernel=owner_pack_faces threads=1533387 begin_tick=1943603303460291 end_tick=1943603303513791 ms_per_tick=9.9999999999999995e-07 device_ms=0.053499999999999999
PRODUCER_KERNEL_V1 stage=1 raw_iteration=0 ordinal=1 kernel=owner_pack_faces threads=1533387 begin_tick=1943603303513541 end_tick=1943603304095000 ms_per_tick=9.9999999999999995e-07 device_ms=0.58145899999999995
PRODUCER_KERNEL_V1 stage=1 raw_iteration=0 ordinal=2 kernel=owner_pack_faces threads=1533387 begin_tick=1943603303458000 end_tick=1943603303513541 ms_per_tick=9.9999999999999995e-07 device_ms=0.055541
PRODUCER_KERNEL_V1 stage=1 raw_iteration=0 ordinal=3 kernel=fct_extract_gas_density threads=504666 begin_tick=1943603304095000 end_tick=1943603304118166 ms_per_tick=9.9999999999999995e-07 device_ms=0.023165999999999999
PRODUCER_KERNEL_V1 stage=1 raw_iteration=0 ordinal=4 kernel=owner_gas_source threads=504666 begin_tick=1943603304118166 end_tick=1943603304166875 ms_per_tick=9.9999999999999995e-07 device_ms=0.048708999999999995
PRODUCER_KERNEL_V1 stage=1 raw_iteration=0 ordinal=5 kernel=evaluate_resident_transport threads=504666 begin_tick=1943603303514250 end_tick=1943603304177041 ms_per_tick=9.9999999999999995e-07 device_ms=0.66279100000000002
PRODUCER_KERNEL_V1 stage=1 raw_iteration=0 ordinal=6 kernel=identify_resident_transport threads=1 begin_tick=1943603304177541 end_tick=1943603894794750 ms_per_tick=9.9999999999999995e-07 device_ms=590.617209
PRODUCER_KERNEL_V1 stage=1 raw_iteration=0 ordinal=7 kernel=owner_bind_transport threads=1 begin_tick=1943603894809666 end_tick=1943603894814375 ms_per_tick=9.9999999999999995e-07 device_ms=0.0047089999999999996
PRODUCER_KERNEL_V1 stage=1 raw_iteration=0 ordinal=8 kernel=identify_resident_owner_endpoint_class threads=1 begin_tick=1943603894814666 end_tick=1943603897228625 ms_per_tick=9.9999999999999995e-07 device_ms=2.4139589999999997
PRODUCER_KERNEL_V1 stage=1 raw_iteration=0 ordinal=9 kernel=evaluate_resident_physical_flux threads=1533387 begin_tick=1943603897229083 end_tick=1943603898369166 ms_per_tick=9.9999999999999995e-07 device_ms=1.140083
PRODUCER_KERNEL_V1 stage=1 raw_iteration=0 ordinal=10 kernel=evaluate_resident_advective_pair threads=13800483 begin_tick=1943603898369541 end_tick=1943603905443041 ms_per_tick=9.9999999999999995e-07 device_ms=7.0735000000000001
PRODUCER_KERNEL_V1 stage=1 raw_iteration=0 ordinal=11 kernel=finalize_resident_advective_high threads=13800483 begin_tick=1943603905443833 end_tick=1943603905862791 ms_per_tick=9.9999999999999995e-07 device_ms=0.418958
PRODUCER_KERNEL_V1 stage=1 raw_iteration=0 ordinal=12 kernel=compose_resident_flux_pair threads=13800483 begin_tick=1943603905863208 end_tick=1943603906746708 ms_per_tick=9.9999999999999995e-07 device_ms=0.88349999999999995
PRODUCER_KERNEL_V1 stage=1 raw_iteration=0 ordinal=13 kernel=validate_resident_physical_flux threads=13800483 begin_tick=1943603906747416 end_tick=1943603907598250 ms_per_tick=9.9999999999999995e-07 device_ms=0.85083399999999998
PRODUCER_KERNEL_V1 stage=1 raw_iteration=0 ordinal=14 kernel=identify_resident_physical_flux threads=1 begin_tick=1943603907599000 end_tick=1943607141746083 ms_per_tick=9.9999999999999995e-07 device_ms=3234.1470829999998
PRODUCER_KERNEL_V1 stage=1 raw_iteration=0 ordinal=15 kernel=owner_average_flux threads=13800483 begin_tick=1943607141762208 end_tick=1943607144092958 ms_per_tick=9.9999999999999995e-07 device_ms=2.3307500000000001
PRODUCER_KERNEL_V1 stage=1 raw_iteration=0 ordinal=16 kernel=owner_bind_averaged_flux threads=1 begin_tick=1943607144107250 end_tick=1943608263475333 ms_per_tick=9.9999999999999995e-07 device_ms=1119.3680829999998
PRODUCER_KERNEL_V1 stage=1 raw_iteration=0 ordinal=17 kernel=fct_build_ratios threads=5551326 begin_tick=1943608263510875 end_tick=1943608267207250 ms_per_tick=9.9999999999999995e-07 device_ms=3.6963749999999997
PRODUCER_KERNEL_V1 stage=1 raw_iteration=0 ordinal=18 kernel=fct_build_face_alpha threads=1533387 begin_tick=1943608267222958 end_tick=1943608267488875 ms_per_tick=9.9999999999999995e-07 device_ms=0.26591700000000001
PRODUCER_KERNEL_V1 stage=1 raw_iteration=0 ordinal=19 kernel=fct_commit_scalar threads=504666 begin_tick=1943608267489541 end_tick=1943608267682000 ms_per_tick=9.9999999999999995e-07 device_ms=0.19245899999999999
PRODUCER_KERNEL_V1 stage=1 raw_iteration=0 ordinal=20 kernel=owner_bind_candidate threads=1 begin_tick=1943608267682500 end_tick=1943608710056833 ms_per_tick=9.9999999999999995e-07 device_ms=442.37433299999998
PRODUCER_KERNEL_V1 stage=1 raw_iteration=0 ordinal=21 kernel=finalize_resident_eos_candidate threads=1 begin_tick=1943608710070750 end_tick=1943608710217708 ms_per_tick=9.9999999999999995e-07 device_ms=0.14695800000000001
PRODUCER_KERNEL_V1 stage=1 raw_iteration=0 ordinal=22 kernel=evaluate_resident_eos_candidate threads=504666 begin_tick=1943608710218250 end_tick=1943609326285291 ms_per_tick=9.9999999999999995e-07 device_ms=616.06704100000002
PRODUCER_KERNEL_V1 stage=1 raw_iteration=0 ordinal=23 kernel=finalize_resident_eos_candidate threads=1 begin_tick=1943609326299291 end_tick=1943609326311166 ms_per_tick=9.9999999999999995e-07 device_ms=0.011875
PRODUCER_KERNEL_V1 stage=1 raw_iteration=0 ordinal=24 kernel=identify_resident_eos threads=1 begin_tick=1943609326311541 end_tick=1943609371214875 ms_per_tick=9.9999999999999995e-07 device_ms=44.903334000000001
PRODUCER_KERNEL_V1 stage=1 raw_iteration=0 ordinal=25 kernel=produce_resident_frozen_source threads=504666 begin_tick=1943609371229875 end_tick=1943609371260250 ms_per_tick=9.9999999999999995e-07 device_ms=0.030374999999999999
PRODUCER_KERNEL_V1 stage=1 raw_iteration=0 ordinal=26 kernel=identify_resident_frozen_source threads=1 begin_tick=1943609371260625 end_tick=1943609407809541 ms_per_tick=9.9999999999999995e-07 device_ms=36.548915999999998
PRODUCER_KERNEL_V1 stage=1 raw_iteration=0 ordinal=27 kernel=evaluate_resident_target_terms threads=504666 begin_tick=1943609407810250 end_tick=1943609531080250 ms_per_tick=9.9999999999999995e-07 device_ms=123.27
PRODUCER_KERNEL_V1 stage=1 raw_iteration=0 ordinal=28 kernel=finalize_resident_target threads=1 begin_tick=1943609531095291 end_tick=1943609531098583 ms_per_tick=9.9999999999999995e-07 device_ms=0.0032919999999999998
PRODUCER_KERNEL_V1 stage=1 raw_iteration=0 ordinal=29 kernel=identify_resident_target threads=1 begin_tick=1943609531098875 end_tick=1943609588447291 ms_per_tick=9.9999999999999995e-07 device_ms=57.348416
PRODUCER_KERNEL_V1 stage=1 raw_iteration=0 ordinal=30 kernel=issue_resident_projection_consumer threads=1 begin_tick=1943609588448041 end_tick=1943609588452375 ms_per_tick=9.9999999999999995e-07 device_ms=0.0043340000000000002
PRODUCER_KERNEL_V1 stage=1 raw_iteration=0 ordinal=31 kernel=consume_resident_target threads=1 begin_tick=1943609588452750 end_tick=1943609625672208 ms_per_tick=9.9999999999999995e-07 device_ms=37.219457999999996
PRODUCER_KERNEL_V1 stage=1 raw_iteration=0 ordinal=32 kernel=owner_compose_target threads=504666 begin_tick=1943609625672958 end_tick=1943609625751291 ms_per_tick=9.9999999999999995e-07 device_ms=0.078333
PRODUCER_KERNEL_V1 stage=1 raw_iteration=0 ordinal=33 kernel=finalize_resident_target threads=1 begin_tick=1943609625751708 end_tick=1943609625754500 ms_per_tick=9.9999999999999995e-07 device_ms=0.0027919999999999998
PRODUCER_KERNEL_V1 stage=1 raw_iteration=0 ordinal=34 kernel=owner_identify_target threads=1 begin_tick=1943609625754916 end_tick=1943609677877041 ms_per_tick=9.9999999999999995e-07 device_ms=52.122124999999997
PRODUCER_KERNEL_V1 stage=1 raw_iteration=0 ordinal=35 kernel=issue_resident_projection_consumer threads=1 begin_tick=1943609677890625 end_tick=1943609677894500 ms_per_tick=9.9999999999999995e-07 device_ms=0.003875
PRODUCER_KERNEL_V1 stage=1 raw_iteration=0 ordinal=36 kernel=consume_resident_target threads=1 begin_tick=1943609677894875 end_tick=1943609715443041 ms_per_tick=9.9999999999999995e-07 device_ms=37.548165999999995
PRODUCER_KERNEL_V1 stage=1 raw_iteration=0 ordinal=37 kernel=owner_issue_stage_seal threads=1 begin_tick=1943609715457458 end_tick=1943609715460875 ms_per_tick=9.9999999999999995e-07 device_ms=0.0034169999999999999
PRODUCER_KERNEL_V1 stage=1 raw_iteration=0 ordinal=38 kernel=fct_compatible_stage_rate threads=1533387 begin_tick=1943609715849958 end_tick=1943609716368625 ms_per_tick=9.9999999999999995e-07 device_ms=0.51866699999999999
PRODUCER_KERNEL_V1 stage=1 raw_iteration=0 ordinal=39 kernel=fct_compatible_stage_rate threads=1533387 begin_tick=1943609716369041 end_tick=1943609716866208 ms_per_tick=9.9999999999999995e-07 device_ms=0.49716699999999997
PRODUCER_KERNEL_V1 stage=1 raw_iteration=0 ordinal=40 kernel=owner_heun_momentum threads=1533387 begin_tick=1943609716866666 end_tick=1943609716957750 ms_per_tick=9.9999999999999995e-07 device_ms=0.091083999999999998
RISE_FIRE_OWNER_PROFILE_V1 {"scope":45,"parent":40,"phase":"BuildStageProducerGroup","stage":1,"raw_iteration":0,"iteration_kind":"picard","wall_ms":6495.647417000,"device_sum_ms":6413.505583303,"wall_minus_device_ms":82.141833697,"exclusive_wall_ms":6495.647417000,"exclusive_device_sum_ms":6413.505583303,"child_observer_wall_ms":0.000000000,"count_scope":"inclusive","owner_commits":1,"projection_invocations":0}
RISE_FIRE_OWNER_PROFILE_V1 {"scope":46,"parent":40,"phase":"Residual","stage":1,"raw_iteration":0,"iteration_kind":"picard","wall_ms":6.329000000,"device_sum_ms":0.024041627,"wall_minus_device_ms":6.304958373,"exclusive_wall_ms":6.329000000,"exclusive_device_sum_ms":0.024041627,"child_observer_wall_ms":0.000000000,"count_scope":"inclusive","owner_commits":1,"projection_invocations":0}
RISE_FIRE_OWNER_PROFILE_V1 {"scope":40,"parent":36,"phase":"PicardIteration","stage":1,"raw_iteration":0,"iteration_kind":"picard","wall_ms":6700.524459000,"device_sum_ms":6602.304166649,"wall_minus_device_ms":98.220292351,"exclusive_wall_ms":3.308585000,"exclusive_device_sum_ms":0.000000000,"child_observer_wall_ms":0.058583000,"count_scope":"inclusive","owner_commits":6,"projection_invocations":1}
RISE_FIRE_OWNER_PROFILE_V1 {"scope":49,"parent":48,"phase":"ProjectionAdapter","stage":1,"raw_iteration":1,"iteration_kind":"picard","wall_ms":193.763334000,"device_sum_ms":190.701249987,"wall_minus_device_ms":3.062084013,"exclusive_wall_ms":193.763334000,"exclusive_device_sum_ms":190.701249987,"child_observer_wall_ms":0.000000000,"count_scope":"inclusive","owner_commits":0,"projection_invocations":1}
RISE_FIRE_OWNER_PROFILE_V1 {"scope":48,"parent":47,"phase":"Project","stage":1,"raw_iteration":1,"iteration_kind":"picard","wall_ms":194.563875000,"device_sum_ms":190.751208225,"wall_minus_device_ms":3.812666775,"exclusive_wall_ms":0.778958000,"exclusive_device_sum_ms":0.049958238,"child_observer_wall_ms":0.021583000,"count_scope":"inclusive","owner_commits":2,"projection_invocations":1}
RISE_FIRE_OWNER_PROFILE_V1 {"scope":50,"parent":47,"phase":"ReadOpenClass","stage":1,"raw_iteration":1,"iteration_kind":"picard","wall_ms":0.167250000,"device_sum_ms":0.002583256,"wall_minus_device_ms":0.164666744,"exclusive_wall_ms":0.167250000,"exclusive_device_sum_ms":0.002583256,"child_observer_wall_ms":0.000000000,"count_scope":"inclusive","owner_commits":1,"projection_invocations":0}
RISE_FIRE_OWNER_PROFILE_V1 {"scope":51,"parent":47,"phase":"ReadOpenClass","stage":1,"raw_iteration":1,"iteration_kind":"picard","wall_ms":0.145834000,"device_sum_ms":0.002291752,"wall_minus_device_ms":0.143542248,"exclusive_wall_ms":0.145834000,"exclusive_device_sum_ms":0.002291752,"child_observer_wall_ms":0.000000000,"count_scope":"inclusive","owner_commits":1,"projection_invocations":0}
PRODUCER_COMMAND_V1 stage=1 raw_iteration=1 cpu_begin=1943609921867166 cpu_end=1943616411417958 gpu_begin=1943609921867166 gpu_end=1943616411417958 device_ms=6407.6278335414827 encoders=41 interval_scope=possibly_overlapping
PRODUCER_KERNEL_V1 stage=1 raw_iteration=1 ordinal=0 kernel=owner_pack_faces threads=1533387 begin_tick=1943610003684750 end_tick=1943610003740041 ms_per_tick=9.9999999999999995e-07 device_ms=0.055291
PRODUCER_KERNEL_V1 stage=1 raw_iteration=1 ordinal=1 kernel=owner_pack_faces threads=1533387 begin_tick=1943610003739375 end_tick=1943610004321958 ms_per_tick=9.9999999999999995e-07 device_ms=0.58258299999999996
PRODUCER_KERNEL_V1 stage=1 raw_iteration=1 ordinal=2 kernel=owner_pack_faces threads=1533387 begin_tick=1943610003680791 end_tick=1943610003739375 ms_per_tick=9.9999999999999995e-07 device_ms=0.058583999999999997
PRODUCER_KERNEL_V1 stage=1 raw_iteration=1 ordinal=3 kernel=fct_extract_gas_density threads=504666 begin_tick=1943610004321958 end_tick=1943610004346333 ms_per_tick=9.9999999999999995e-07 device_ms=0.024374999999999997
PRODUCER_KERNEL_V1 stage=1 raw_iteration=1 ordinal=4 kernel=owner_gas_source threads=504666 begin_tick=1943610004346333 end_tick=1943610004393875 ms_per_tick=9.9999999999999995e-07 device_ms=0.047542000000000001
PRODUCER_KERNEL_V1 stage=1 raw_iteration=1 ordinal=5 kernel=evaluate_resident_transport threads=504666 begin_tick=1943610003740416 end_tick=1943610004376666 ms_per_tick=9.9999999999999995e-07 device_ms=0.63624999999999998
PRODUCER_KERNEL_V1 stage=1 raw_iteration=1 ordinal=6 kernel=identify_resident_transport threads=1 begin_tick=1943610004378250 end_tick=1943610594004875 ms_per_tick=9.9999999999999995e-07 device_ms=589.62662499999999
PRODUCER_KERNEL_V1 stage=1 raw_iteration=1 ordinal=7 kernel=owner_bind_transport threads=1 begin_tick=1943610594020041 end_tick=1943610594024333 ms_per_tick=9.9999999999999995e-07 device_ms=0.0042919999999999998
PRODUCER_KERNEL_V1 stage=1 raw_iteration=1 ordinal=8 kernel=identify_resident_owner_endpoint_class threads=1 begin_tick=1943610594024625 end_tick=1943610596465708 ms_per_tick=9.9999999999999995e-07 device_ms=2.4410829999999999
PRODUCER_KERNEL_V1 stage=1 raw_iteration=1 ordinal=9 kernel=evaluate_resident_physical_flux threads=1533387 begin_tick=1943610596466291 end_tick=1943610597608875 ms_per_tick=9.9999999999999995e-07 device_ms=1.142584
PRODUCER_KERNEL_V1 stage=1 raw_iteration=1 ordinal=10 kernel=evaluate_resident_advective_pair threads=13800483 begin_tick=1943610597609416 end_tick=1943610604681083 ms_per_tick=9.9999999999999995e-07 device_ms=7.0716669999999997
PRODUCER_KERNEL_V1 stage=1 raw_iteration=1 ordinal=11 kernel=finalize_resident_advective_high threads=13800483 begin_tick=1943610604681875 end_tick=1943610605102916 ms_per_tick=9.9999999999999995e-07 device_ms=0.421041
PRODUCER_KERNEL_V1 stage=1 raw_iteration=1 ordinal=12 kernel=compose_resident_flux_pair threads=13800483 begin_tick=1943610605103250 end_tick=1943610605985291 ms_per_tick=9.9999999999999995e-07 device_ms=0.88204099999999996
PRODUCER_KERNEL_V1 stage=1 raw_iteration=1 ordinal=13 kernel=validate_resident_physical_flux threads=13800483 begin_tick=1943610605985958 end_tick=1943610606849416 ms_per_tick=9.9999999999999995e-07 device_ms=0.86345799999999995
PRODUCER_KERNEL_V1 stage=1 raw_iteration=1 ordinal=14 kernel=identify_resident_physical_flux threads=1 begin_tick=1943610606849875 end_tick=1943613846187250 ms_per_tick=9.9999999999999995e-07 device_ms=3239.3373750000001
PRODUCER_KERNEL_V1 stage=1 raw_iteration=1 ordinal=15 kernel=owner_average_flux threads=13800483 begin_tick=1943613846203791 end_tick=1943613847019291 ms_per_tick=9.9999999999999995e-07 device_ms=0.8155
PRODUCER_KERNEL_V1 stage=1 raw_iteration=1 ordinal=16 kernel=owner_bind_averaged_flux threads=1 begin_tick=1943613847019833 end_tick=1943614979221291 ms_per_tick=9.9999999999999995e-07 device_ms=1132.201458
PRODUCER_KERNEL_V1 stage=1 raw_iteration=1 ordinal=17 kernel=fct_build_ratios threads=5551326 begin_tick=1943614979236250 end_tick=1943614982923416 ms_per_tick=9.9999999999999995e-07 device_ms=3.6871659999999999
PRODUCER_KERNEL_V1 stage=1 raw_iteration=1 ordinal=18 kernel=fct_build_face_alpha threads=1533387 begin_tick=1943614982939291 end_tick=1943614983205666 ms_per_tick=9.9999999999999995e-07 device_ms=0.26637499999999997
PRODUCER_KERNEL_V1 stage=1 raw_iteration=1 ordinal=19 kernel=fct_commit_scalar threads=504666 begin_tick=1943614983206333 end_tick=1943614983399833 ms_per_tick=9.9999999999999995e-07 device_ms=0.19349999999999998
PRODUCER_KERNEL_V1 stage=1 raw_iteration=1 ordinal=20 kernel=owner_bind_candidate threads=1 begin_tick=1943614983400500 end_tick=1943615424919916 ms_per_tick=9.9999999999999995e-07 device_ms=441.51941599999998
PRODUCER_KERNEL_V1 stage=1 raw_iteration=1 ordinal=21 kernel=finalize_resident_eos_candidate threads=1 begin_tick=1943615424935458 end_tick=1943615424938416 ms_per_tick=9.9999999999999995e-07 device_ms=0.0029579999999999997
PRODUCER_KERNEL_V1 stage=1 raw_iteration=1 ordinal=22 kernel=evaluate_resident_eos_candidate threads=504666 begin_tick=1943615424938791 end_tick=1943616019331375 ms_per_tick=9.9999999999999995e-07 device_ms=594.39258399999994
PRODUCER_KERNEL_V1 stage=1 raw_iteration=1 ordinal=23 kernel=finalize_resident_eos_candidate threads=1 begin_tick=1943616019346208 end_tick=1943616019349041 ms_per_tick=9.9999999999999995e-07 device_ms=0.002833
PRODUCER_KERNEL_V1 stage=1 raw_iteration=1 ordinal=24 kernel=identify_resident_eos threads=1 begin_tick=1943616019349500 end_tick=1943616063963416 ms_per_tick=9.9999999999999995e-07 device_ms=44.613915999999996
PRODUCER_KERNEL_V1 stage=1 raw_iteration=1 ordinal=25 kernel=produce_resident_frozen_source threads=504666 begin_tick=1943616063977708 end_tick=1943616064008833 ms_per_tick=9.9999999999999995e-07 device_ms=0.031125
PRODUCER_KERNEL_V1 stage=1 raw_iteration=1 ordinal=26 kernel=identify_resident_frozen_source threads=1 begin_tick=1943616064009250 end_tick=1943616099024458 ms_per_tick=9.9999999999999995e-07 device_ms=35.015208000000001
PRODUCER_KERNEL_V1 stage=1 raw_iteration=1 ordinal=27 kernel=evaluate_resident_target_terms threads=504666 begin_tick=1943616099039625 end_tick=1943616224323875 ms_per_tick=9.9999999999999995e-07 device_ms=125.28425
PRODUCER_KERNEL_V1 stage=1 raw_iteration=1 ordinal=28 kernel=finalize_resident_target threads=1 begin_tick=1943616224338333 end_tick=1943616224341333 ms_per_tick=9.9999999999999995e-07 device_ms=0.0030000000000000001
PRODUCER_KERNEL_V1 stage=1 raw_iteration=1 ordinal=29 kernel=identify_resident_target threads=1 begin_tick=1943616224341666 end_tick=1943616281921333 ms_per_tick=9.9999999999999995e-07 device_ms=57.579667000000001
PRODUCER_KERNEL_V1 stage=1 raw_iteration=1 ordinal=30 kernel=issue_resident_projection_consumer threads=1 begin_tick=1943616281922041 end_tick=1943616281926375 ms_per_tick=9.9999999999999995e-07 device_ms=0.0043340000000000002
PRODUCER_KERNEL_V1 stage=1 raw_iteration=1 ordinal=31 kernel=consume_resident_target threads=1 begin_tick=1943616281926750 end_tick=1943616319258500 ms_per_tick=9.9999999999999995e-07 device_ms=37.33175
PRODUCER_KERNEL_V1 stage=1 raw_iteration=1 ordinal=32 kernel=owner_compose_target threads=504666 begin_tick=1943616319272833 end_tick=1943616319351208 ms_per_tick=9.9999999999999995e-07 device_ms=0.078375
PRODUCER_KERNEL_V1 stage=1 raw_iteration=1 ordinal=33 kernel=finalize_resident_target threads=1 begin_tick=1943616319351583 end_tick=1943616319354375 ms_per_tick=9.9999999999999995e-07 device_ms=0.0027919999999999998
PRODUCER_KERNEL_V1 stage=1 raw_iteration=1 ordinal=34 kernel=owner_identify_target threads=1 begin_tick=1943616319354750 end_tick=1943616370925666 ms_per_tick=9.9999999999999995e-07 device_ms=51.570915999999997
PRODUCER_KERNEL_V1 stage=1 raw_iteration=1 ordinal=35 kernel=issue_resident_projection_consumer threads=1 begin_tick=1943616370941125 end_tick=1943616370945416 ms_per_tick=9.9999999999999995e-07 device_ms=0.0042909999999999997
PRODUCER_KERNEL_V1 stage=1 raw_iteration=1 ordinal=36 kernel=consume_resident_target threads=1 begin_tick=1943616370945791 end_tick=1943616408363958 ms_per_tick=9.9999999999999995e-07 device_ms=37.418166999999997
PRODUCER_KERNEL_V1 stage=1 raw_iteration=1 ordinal=37 kernel=owner_issue_stage_seal threads=1 begin_tick=1943616408379000 end_tick=1943616408382291 ms_per_tick=9.9999999999999995e-07 device_ms=0.0032909999999999997
PRODUCER_KERNEL_V1 stage=1 raw_iteration=1 ordinal=38 kernel=fct_compatible_stage_rate threads=1533387 begin_tick=1943616410199375 end_tick=1943616410709916 ms_per_tick=9.9999999999999995e-07 device_ms=0.51054100000000002
PRODUCER_KERNEL_V1 stage=1 raw_iteration=1 ordinal=39 kernel=fct_compatible_stage_rate threads=1533387 begin_tick=1943616410710291 end_tick=1943616411212916 ms_per_tick=9.9999999999999995e-07 device_ms=0.50262499999999999
PRODUCER_KERNEL_V1 stage=1 raw_iteration=1 ordinal=40 kernel=owner_heun_momentum threads=1533387 begin_tick=1943616411213333 end_tick=1943616411303416 ms_per_tick=9.9999999999999995e-07 device_ms=0.090082999999999996
RISE_FIRE_OWNER_PROFILE_V1 {"scope":52,"parent":47,"phase":"BuildStageProducerGroup","stage":1,"raw_iteration":1,"iteration_kind":"picard","wall_ms":6489.747667000,"device_sum_ms":6407.627833541,"wall_minus_device_ms":82.119833459,"exclusive_wall_ms":6489.747667000,"exclusive_device_sum_ms":6407.627833541,"child_observer_wall_ms":0.000000000,"count_scope":"inclusive","owner_commits":1,"projection_invocations":0}
RISE_FIRE_OWNER_PROFILE_V1 {"scope":53,"parent":47,"phase":"Residual","stage":1,"raw_iteration":1,"iteration_kind":"picard","wall_ms":3.048208000,"device_sum_ms":0.291333301,"wall_minus_device_ms":2.756874699,"exclusive_wall_ms":3.048208000,"exclusive_device_sum_ms":0.291333301,"child_observer_wall_ms":0.000000000,"count_scope":"inclusive","owner_commits":1,"projection_invocations":0}
RISE_FIRE_OWNER_PROFILE_V1 {"scope":47,"parent":36,"phase":"PicardIteration","stage":1,"raw_iteration":1,"iteration_kind":"picard","wall_ms":6690.845625000,"device_sum_ms":6598.675250076,"wall_minus_device_ms":92.170374924,"exclusive_wall_ms":3.119917000,"exclusive_device_sum_ms":0.000000000,"child_observer_wall_ms":0.052874000,"count_scope":"inclusive","owner_commits":6,"projection_invocations":1}
RISE_FIRE_OWNER_PROFILE_V1 {"scope":56,"parent":55,"phase":"ProjectionAdapter","stage":1,"raw_iteration":2,"iteration_kind":"picard","wall_ms":191.492625000,"device_sum_ms":188.551499974,"wall_minus_device_ms":2.941125026,"exclusive_wall_ms":191.492625000,"exclusive_device_sum_ms":188.551499974,"child_observer_wall_ms":0.000000000,"count_scope":"inclusive","owner_commits":0,"projection_invocations":1}
RISE_FIRE_OWNER_PROFILE_V1 {"scope":55,"parent":54,"phase":"Project","stage":1,"raw_iteration":2,"iteration_kind":"picard","wall_ms":192.120208000,"device_sum_ms":188.645791495,"wall_minus_device_ms":3.474416505,"exclusive_wall_ms":0.613042000,"exclusive_device_sum_ms":0.094291521,"child_observer_wall_ms":0.014541000,"count_scope":"inclusive","owner_commits":2,"projection_invocations":1}
RISE_FIRE_OWNER_PROFILE_V1 {"scope":57,"parent":54,"phase":"ReadOpenClass","stage":1,"raw_iteration":2,"iteration_kind":"picard","wall_ms":0.163542000,"device_sum_ms":0.012750039,"wall_minus_device_ms":0.150791961,"exclusive_wall_ms":0.163542000,"exclusive_device_sum_ms":0.012750039,"child_observer_wall_ms":0.000000000,"count_scope":"inclusive","owner_commits":1,"projection_invocations":0}
RISE_FIRE_OWNER_PROFILE_V1 {"scope":58,"parent":54,"phase":"ReadOpenClass","stage":1,"raw_iteration":2,"iteration_kind":"picard","wall_ms":0.151041000,"device_sum_ms":0.002708286,"wall_minus_device_ms":0.148332714,"exclusive_wall_ms":0.151041000,"exclusive_device_sum_ms":0.002708286,"child_observer_wall_ms":0.000000000,"count_scope":"inclusive","owner_commits":1,"projection_invocations":0}
PRODUCER_COMMAND_V1 stage=1 raw_iteration=2 cpu_begin=1943616610273500 cpu_end=1943623102949041 gpu_begin=1943616610273500 gpu_end=1943623102949041 device_ms=6411.0909167211503 encoders=41 interval_scope=possibly_overlapping
PRODUCER_KERNEL_V1 stage=1 raw_iteration=2 ordinal=0 kernel=owner_pack_faces threads=1533387 begin_tick=1943616691739416 end_tick=1943616691795291 ms_per_tick=9.9999999999999995e-07 device_ms=0.055874999999999994
PRODUCER_KERNEL_V1 stage=1 raw_iteration=2 ordinal=1 kernel=owner_pack_faces threads=1533387 begin_tick=1943616691795291 end_tick=1943616692396375 ms_per_tick=9.9999999999999995e-07 device_ms=0.60108399999999995
PRODUCER_KERNEL_V1 stage=1 raw_iteration=2 ordinal=2 kernel=owner_pack_faces threads=1533387 begin_tick=1943616691737500 end_tick=1943616691795458 ms_per_tick=9.9999999999999995e-07 device_ms=0.057957999999999996
PRODUCER_KERNEL_V1 stage=1 raw_iteration=2 ordinal=3 kernel=fct_extract_gas_density threads=504666 begin_tick=1943616691795833 end_tick=1943616691844000 ms_per_tick=9.9999999999999995e-07 device_ms=0.048166999999999995
PRODUCER_KERNEL_V1 stage=1 raw_iteration=2 ordinal=4 kernel=owner_gas_source threads=504666 begin_tick=1943616692396916 end_tick=1943616692823916 ms_per_tick=9.9999999999999995e-07 device_ms=0.42699999999999999
PRODUCER_KERNEL_V1 stage=1 raw_iteration=2 ordinal=5 kernel=evaluate_resident_transport threads=504666 begin_tick=1943616691844000 end_tick=1943616692853083 ms_per_tick=9.9999999999999995e-07 device_ms=1.009083
PRODUCER_KERNEL_V1 stage=1 raw_iteration=2 ordinal=6 kernel=identify_resident_transport threads=1 begin_tick=1943616692885250 end_tick=1943617283202125 ms_per_tick=9.9999999999999995e-07 device_ms=590.31687499999998
PRODUCER_KERNEL_V1 stage=1 raw_iteration=2 ordinal=7 kernel=owner_bind_transport threads=1 begin_tick=1943617283218791 end_tick=1943617283223375 ms_per_tick=9.9999999999999995e-07 device_ms=0.0045839999999999995
PRODUCER_KERNEL_V1 stage=1 raw_iteration=2 ordinal=8 kernel=identify_resident_owner_endpoint_class threads=1 begin_tick=1943617283223708 end_tick=1943617285677250 ms_per_tick=9.9999999999999995e-07 device_ms=2.4535419999999997
PRODUCER_KERNEL_V1 stage=1 raw_iteration=2 ordinal=9 kernel=evaluate_resident_physical_flux threads=1533387 begin_tick=1943617285677708 end_tick=1943617286817250 ms_per_tick=9.9999999999999995e-07 device_ms=1.1395420000000001
PRODUCER_KERNEL_V1 stage=1 raw_iteration=2 ordinal=10 kernel=evaluate_resident_advective_pair threads=13800483 begin_tick=1943617286817625 end_tick=1943617295125333 ms_per_tick=9.9999999999999995e-07 device_ms=8.3077079999999999
PRODUCER_KERNEL_V1 stage=1 raw_iteration=2 ordinal=11 kernel=finalize_resident_advective_high threads=13800483 begin_tick=1943617295140708 end_tick=1943617295559416 ms_per_tick=9.9999999999999995e-07 device_ms=0.41870799999999997
PRODUCER_KERNEL_V1 stage=1 raw_iteration=2 ordinal=12 kernel=compose_resident_flux_pair threads=13800483 begin_tick=1943617295559791 end_tick=1943617296446500 ms_per_tick=9.9999999999999995e-07 device_ms=0.88670899999999997
PRODUCER_KERNEL_V1 stage=1 raw_iteration=2 ordinal=13 kernel=validate_resident_physical_flux threads=13800483 begin_tick=1943617296447208 end_tick=1943617297306708 ms_per_tick=9.9999999999999995e-07 device_ms=0.85949999999999993
PRODUCER_KERNEL_V1 stage=1 raw_iteration=2 ordinal=14 kernel=identify_resident_physical_flux threads=1 begin_tick=1943617297307458 end_tick=1943620535119125 ms_per_tick=9.9999999999999995e-07 device_ms=3237.8116669999999
PRODUCER_KERNEL_V1 stage=1 raw_iteration=2 ordinal=15 kernel=owner_average_flux threads=13800483 begin_tick=1943620535135125 end_tick=1943620535945208 ms_per_tick=9.9999999999999995e-07 device_ms=0.810083
PRODUCER_KERNEL_V1 stage=1 raw_iteration=2 ordinal=16 kernel=owner_bind_averaged_flux threads=1 begin_tick=1943620535945750 end_tick=1943621664347750 ms_per_tick=9.9999999999999995e-07 device_ms=1128.402
PRODUCER_KERNEL_V1 stage=1 raw_iteration=2 ordinal=17 kernel=fct_build_ratios threads=5551326 begin_tick=1943621664383333 end_tick=1943621668113416 ms_per_tick=9.9999999999999995e-07 device_ms=3.730083
PRODUCER_KERNEL_V1 stage=1 raw_iteration=2 ordinal=18 kernel=fct_build_face_alpha threads=1533387 begin_tick=1943621668127708 end_tick=1943621668394416 ms_per_tick=9.9999999999999995e-07 device_ms=0.266708
PRODUCER_KERNEL_V1 stage=1 raw_iteration=2 ordinal=19 kernel=fct_commit_scalar threads=504666 begin_tick=1943621668395041 end_tick=1943621668601166 ms_per_tick=9.9999999999999995e-07 device_ms=0.206125
PRODUCER_KERNEL_V1 stage=1 raw_iteration=2 ordinal=20 kernel=owner_bind_candidate threads=1 begin_tick=1943621668601583 end_tick=1943622111184083 ms_per_tick=9.9999999999999995e-07 device_ms=442.58249999999998
PRODUCER_KERNEL_V1 stage=1 raw_iteration=2 ordinal=21 kernel=finalize_resident_eos_candidate threads=1 begin_tick=1943622111199458 end_tick=1943622111202375 ms_per_tick=9.9999999999999995e-07 device_ms=0.0029169999999999999
PRODUCER_KERNEL_V1 stage=1 raw_iteration=2 ordinal=22 kernel=evaluate_resident_eos_candidate threads=504666 begin_tick=1943622111202833 end_tick=1943622713446625 ms_per_tick=9.9999999999999995e-07 device_ms=602.24379199999998
PRODUCER_KERNEL_V1 stage=1 raw_iteration=2 ordinal=23 kernel=finalize_resident_eos_candidate threads=1 begin_tick=1943622713462500 end_tick=1943622713465208 ms_per_tick=9.9999999999999995e-07 device_ms=0.0027079999999999999
PRODUCER_KERNEL_V1 stage=1 raw_iteration=2 ordinal=24 kernel=identify_resident_eos threads=1 begin_tick=1943622713465541 end_tick=1943622757678833 ms_per_tick=9.9999999999999995e-07 device_ms=44.213291999999996
PRODUCER_KERNEL_V1 stage=1 raw_iteration=2 ordinal=25 kernel=produce_resident_frozen_source threads=504666 begin_tick=1943622757697416 end_tick=1943622757728833 ms_per_tick=9.9999999999999995e-07 device_ms=0.031417
PRODUCER_KERNEL_V1 stage=1 raw_iteration=2 ordinal=26 kernel=identify_resident_frozen_source threads=1 begin_tick=1943622757729208 end_tick=1943622794714250 ms_per_tick=9.9999999999999995e-07 device_ms=36.985042
PRODUCER_KERNEL_V1 stage=1 raw_iteration=2 ordinal=27 kernel=evaluate_resident_target_terms threads=504666 begin_tick=1943622794727208 end_tick=1943622917716541 ms_per_tick=9.9999999999999995e-07 device_ms=122.98933299999999
PRODUCER_KERNEL_V1 stage=1 raw_iteration=2 ordinal=28 kernel=finalize_resident_target threads=1 begin_tick=1943622917732041 end_tick=1943622917735250 ms_per_tick=9.9999999999999995e-07 device_ms=0.003209
PRODUCER_KERNEL_V1 stage=1 raw_iteration=2 ordinal=29 kernel=identify_resident_target threads=1 begin_tick=1943622917735541 end_tick=1943622974740125 ms_per_tick=9.9999999999999995e-07 device_ms=57.004583999999994
PRODUCER_KERNEL_V1 stage=1 raw_iteration=2 ordinal=30 kernel=issue_resident_projection_consumer threads=1 begin_tick=1943622974754875 end_tick=1943622974758666 ms_per_tick=9.9999999999999995e-07 device_ms=0.0037909999999999997
PRODUCER_KERNEL_V1 stage=1 raw_iteration=2 ordinal=31 kernel=consume_resident_target threads=1 begin_tick=1943622974759000 end_tick=1943623012474375 ms_per_tick=9.9999999999999995e-07 device_ms=37.715375000000002
PRODUCER_KERNEL_V1 stage=1 raw_iteration=2 ordinal=32 kernel=owner_compose_target threads=504666 begin_tick=1943623012488958 end_tick=1943623012567500 ms_per_tick=9.9999999999999995e-07 device_ms=0.078542000000000001
PRODUCER_KERNEL_V1 stage=1 raw_iteration=2 ordinal=33 kernel=finalize_resident_target threads=1 begin_tick=1943623012567916 end_tick=1943623012570583 ms_per_tick=9.9999999999999995e-07 device_ms=0.0026669999999999997
PRODUCER_KERNEL_V1 stage=1 raw_iteration=2 ordinal=34 kernel=owner_identify_target threads=1 begin_tick=1943623012571000 end_tick=1943623064053625 ms_per_tick=9.9999999999999995e-07 device_ms=51.482624999999999
PRODUCER_KERNEL_V1 stage=1 raw_iteration=2 ordinal=35 kernel=issue_resident_projection_consumer threads=1 begin_tick=1943623064068958 end_tick=1943623064073083 ms_per_tick=9.9999999999999995e-07 device_ms=0.0041250000000000002
PRODUCER_KERNEL_V1 stage=1 raw_iteration=2 ordinal=36 kernel=consume_resident_target threads=1 begin_tick=1943623064073458 end_tick=1943623101306125 ms_per_tick=9.9999999999999995e-07 device_ms=37.232666999999999
PRODUCER_KERNEL_V1 stage=1 raw_iteration=2 ordinal=37 kernel=owner_issue_stage_seal threads=1 begin_tick=1943623101306666 end_tick=1943623101310416 ms_per_tick=9.9999999999999995e-07 device_ms=0.0037499999999999999
PRODUCER_KERNEL_V1 stage=1 raw_iteration=2 ordinal=38 kernel=fct_compatible_stage_rate threads=1533387 begin_tick=1943623101707333 end_tick=1943623102226541 ms_per_tick=9.9999999999999995e-07 device_ms=0.519208
PRODUCER_KERNEL_V1 stage=1 raw_iteration=2 ordinal=39 kernel=fct_compatible_stage_rate threads=1533387 begin_tick=1943623102226958 end_tick=1943623102730833 ms_per_tick=9.9999999999999995e-07 device_ms=0.50387499999999996
PRODUCER_KERNEL_V1 stage=1 raw_iteration=2 ordinal=40 kernel=owner_heun_momentum threads=1533387 begin_tick=1943623102731500 end_tick=1943623102822583 ms_per_tick=9.9999999999999995e-07 device_ms=0.091082999999999997
RISE_FIRE_OWNER_PROFILE_V1 {"scope":59,"parent":54,"phase":"BuildStageProducerGroup","stage":1,"raw_iteration":2,"iteration_kind":"picard","wall_ms":6492.854292000,"device_sum_ms":6411.090916721,"wall_minus_device_ms":81.763375279,"exclusive_wall_ms":6492.854292000,"exclusive_device_sum_ms":6411.090916721,"child_observer_wall_ms":0.000000000,"count_scope":"inclusive","owner_commits":1,"projection_invocations":0}
RISE_FIRE_OWNER_PROFILE_V1 {"scope":60,"parent":54,"phase":"Residual","stage":1,"raw_iteration":2,"iteration_kind":"picard","wall_ms":2.998833000,"device_sum_ms":0.198750058,"wall_minus_device_ms":2.800082942,"exclusive_wall_ms":2.998833000,"exclusive_device_sum_ms":0.198750058,"child_observer_wall_ms":0.000000000,"count_scope":"inclusive","owner_commits":1,"projection_invocations":0}
RISE_FIRE_OWNER_PROFILE_V1 {"scope":63,"parent":62,"phase":"ProjectionAdapter","stage":1,"raw_iteration":2147483650,"iteration_kind":"terminal","wall_ms":193.699875000,"device_sum_ms":190.664083231,"wall_minus_device_ms":3.035791769,"exclusive_wall_ms":193.699875000,"exclusive_device_sum_ms":190.664083231,"child_observer_wall_ms":0.000000000,"count_scope":"inclusive","owner_commits":0,"projection_invocations":1}
RISE_FIRE_OWNER_PROFILE_V1 {"scope":62,"parent":61,"phase":"Project","stage":1,"raw_iteration":2147483650,"iteration_kind":"terminal","wall_ms":194.229334000,"device_sum_ms":190.703541739,"wall_minus_device_ms":3.525792261,"exclusive_wall_ms":0.510417000,"exclusive_device_sum_ms":0.039458508,"child_observer_wall_ms":0.019042000,"count_scope":"inclusive","owner_commits":2,"projection_invocations":1}
RISE_FIRE_OWNER_PROFILE_V1 {"scope":64,"parent":61,"phase":"ReadOpenClass","stage":1,"raw_iteration":2147483650,"iteration_kind":"terminal","wall_ms":0.172792000,"device_sum_ms":0.002500135,"wall_minus_device_ms":0.170291865,"exclusive_wall_ms":0.172792000,"exclusive_device_sum_ms":0.002500135,"child_observer_wall_ms":0.000000000,"count_scope":"inclusive","owner_commits":1,"projection_invocations":0}
RISE_FIRE_OWNER_PROFILE_V1 {"scope":65,"parent":61,"phase":"ReadOpenClass","stage":1,"raw_iteration":2147483650,"iteration_kind":"terminal","wall_ms":0.154458000,"device_sum_ms":0.002416549,"wall_minus_device_ms":0.152041451,"exclusive_wall_ms":0.154458000,"exclusive_device_sum_ms":0.002416549,"child_observer_wall_ms":0.000000000,"count_scope":"inclusive","owner_commits":1,"projection_invocations":0}
PRODUCER_COMMAND_V1 stage=1 raw_iteration=2147483650 cpu_begin=1943623300730375 cpu_end=1943629788898500 gpu_begin=1943623300730375 gpu_end=1943629788898500 device_ms=6406.5252500586212 encoders=41 interval_scope=possibly_overlapping
PRODUCER_KERNEL_V1 stage=1 raw_iteration=2147483650 ordinal=0 kernel=owner_pack_faces threads=1533387 begin_tick=1943623382403708 end_tick=1943623382455750 ms_per_tick=9.9999999999999995e-07 device_ms=0.052041999999999998
PRODUCER_KERNEL_V1 stage=1 raw_iteration=2147483650 ordinal=1 kernel=owner_pack_faces threads=1533387 begin_tick=1943623382515666 end_tick=1943623382566125 ms_per_tick=9.9999999999999995e-07 device_ms=0.050458999999999997
PRODUCER_KERNEL_V1 stage=1 raw_iteration=2147483650 ordinal=2 kernel=owner_pack_faces threads=1533387 begin_tick=1943623382629041 end_tick=1943623382706500 ms_per_tick=9.9999999999999995e-07 device_ms=0.077459
PRODUCER_KERNEL_V1 stage=1 raw_iteration=2147483650 ordinal=3 kernel=fct_extract_gas_density threads=504666 begin_tick=1943623382655625 end_tick=1943623382700291 ms_per_tick=9.9999999999999995e-07 device_ms=0.044665999999999997
PRODUCER_KERNEL_V1 stage=1 raw_iteration=2147483650 ordinal=4 kernel=owner_gas_source threads=504666 begin_tick=1943623382737541 end_tick=1943623382779291 ms_per_tick=9.9999999999999995e-07 device_ms=0.041749999999999995
PRODUCER_KERNEL_V1 stage=1 raw_iteration=2147483650 ordinal=5 kernel=evaluate_resident_transport threads=504666 begin_tick=1943623382865166 end_tick=1943623383450041 ms_per_tick=9.9999999999999995e-07 device_ms=0.58487499999999992
PRODUCER_KERNEL_V1 stage=1 raw_iteration=2147483650 ordinal=6 kernel=identify_resident_transport threads=1 begin_tick=1943623383450416 end_tick=1943623974021250 ms_per_tick=9.9999999999999995e-07 device_ms=590.57083399999999
PRODUCER_KERNEL_V1 stage=1 raw_iteration=2147483650 ordinal=7 kernel=owner_bind_transport threads=1 begin_tick=1943623974036791 end_tick=1943623974040250 ms_per_tick=9.9999999999999995e-07 device_ms=0.0034589999999999998
PRODUCER_KERNEL_V1 stage=1 raw_iteration=2147483650 ordinal=8 kernel=identify_resident_owner_endpoint_class threads=1 begin_tick=1943623974040625 end_tick=1943623976465250 ms_per_tick=9.9999999999999995e-07 device_ms=2.4246249999999998
PRODUCER_KERNEL_V1 stage=1 raw_iteration=2147483650 ordinal=9 kernel=evaluate_resident_physical_flux threads=1533387 begin_tick=1943623976465750 end_tick=1943623978866916 ms_per_tick=9.9999999999999995e-07 device_ms=2.4011659999999999
PRODUCER_KERNEL_V1 stage=1 raw_iteration=2147483650 ordinal=10 kernel=evaluate_resident_advective_pair threads=13800483 begin_tick=1943623978867458 end_tick=1943623986022916 ms_per_tick=9.9999999999999995e-07 device_ms=7.1554579999999994
PRODUCER_KERNEL_V1 stage=1 raw_iteration=2147483650 ordinal=11 kernel=finalize_resident_advective_high threads=13800483 begin_tick=1943623986037458 end_tick=1943623986456625 ms_per_tick=9.9999999999999995e-07 device_ms=0.41916699999999996
PRODUCER_KERNEL_V1 stage=1 raw_iteration=2147483650 ordinal=12 kernel=compose_resident_flux_pair threads=13800483 begin_tick=1943623986457000 end_tick=1943623987343875 ms_per_tick=9.9999999999999995e-07 device_ms=0.88687499999999997
PRODUCER_KERNEL_V1 stage=1 raw_iteration=2147483650 ordinal=13 kernel=validate_resident_physical_flux threads=13800483 begin_tick=1943623987344541 end_tick=1943623988215875 ms_per_tick=9.9999999999999995e-07 device_ms=0.87133399999999994
PRODUCER_KERNEL_V1 stage=1 raw_iteration=2147483650 ordinal=14 kernel=identify_resident_physical_flux threads=1 begin_tick=1943623988216541 end_tick=1943627228003916 ms_per_tick=9.9999999999999995e-07 device_ms=3239.7873749999999
PRODUCER_KERNEL_V1 stage=1 raw_iteration=2147483650 ordinal=15 kernel=owner_average_flux threads=13800483 begin_tick=1943627228019625 end_tick=1943627228834458 ms_per_tick=9.9999999999999995e-07 device_ms=0.81483299999999992
PRODUCER_KERNEL_V1 stage=1 raw_iteration=2147483650 ordinal=16 kernel=owner_bind_averaged_flux threads=1 begin_tick=1943627228834958 end_tick=1943628351011500 ms_per_tick=9.9999999999999995e-07 device_ms=1122.1765419999999
PRODUCER_KERNEL_V1 stage=1 raw_iteration=2147483650 ordinal=17 kernel=fct_build_ratios threads=5551326 begin_tick=1943628351026833 end_tick=1943628354621083 ms_per_tick=9.9999999999999995e-07 device_ms=3.5942499999999997
PRODUCER_KERNEL_V1 stage=1 raw_iteration=2147483650 ordinal=18 kernel=fct_build_face_alpha threads=1533387 begin_tick=1943628354621833 end_tick=1943628354888875 ms_per_tick=9.9999999999999995e-07 device_ms=0.267042
PRODUCER_KERNEL_V1 stage=1 raw_iteration=2147483650 ordinal=19 kernel=fct_commit_scalar threads=504666 begin_tick=1943628354889500 end_tick=1943628355081666 ms_per_tick=9.9999999999999995e-07 device_ms=0.192166
PRODUCER_KERNEL_V1 stage=1 raw_iteration=2147483650 ordinal=20 kernel=owner_bind_candidate threads=1 begin_tick=1943628355082250 end_tick=1943628796673083 ms_per_tick=9.9999999999999995e-07 device_ms=441.59083299999998
PRODUCER_KERNEL_V1 stage=1 raw_iteration=2147483650 ordinal=21 kernel=finalize_resident_eos_candidate threads=1 begin_tick=1943628796691583 end_tick=1943628796694250 ms_per_tick=9.9999999999999995e-07 device_ms=0.0026669999999999997
PRODUCER_KERNEL_V1 stage=1 raw_iteration=2147483650 ordinal=22 kernel=evaluate_resident_eos_candidate threads=504666 begin_tick=1943628796694666 end_tick=1943629394052625 ms_per_tick=9.9999999999999995e-07 device_ms=597.35795899999994
PRODUCER_KERNEL_V1 stage=1 raw_iteration=2147483650 ordinal=23 kernel=finalize_resident_eos_candidate threads=1 begin_tick=1943629394067583 end_tick=1943629394070416 ms_per_tick=9.9999999999999995e-07 device_ms=0.002833
PRODUCER_KERNEL_V1 stage=1 raw_iteration=2147483650 ordinal=24 kernel=identify_resident_eos threads=1 begin_tick=1943629394070708 end_tick=1943629439013458 ms_per_tick=9.9999999999999995e-07 device_ms=44.942749999999997
PRODUCER_KERNEL_V1 stage=1 raw_iteration=2147483650 ordinal=25 kernel=produce_resident_frozen_source threads=504666 begin_tick=1943629439028708 end_tick=1943629439059291 ms_per_tick=9.9999999999999995e-07 device_ms=0.030582999999999999
PRODUCER_KERNEL_V1 stage=1 raw_iteration=2147483650 ordinal=26 kernel=identify_resident_frozen_source threads=1 begin_tick=1943629439059708 end_tick=1943629475776208 ms_per_tick=9.9999999999999995e-07 device_ms=36.716499999999996
PRODUCER_KERNEL_V1 stage=1 raw_iteration=2147483650 ordinal=27 kernel=evaluate_resident_target_terms threads=504666 begin_tick=1943629475791208 end_tick=1943629602306125 ms_per_tick=9.9999999999999995e-07 device_ms=126.514917
PRODUCER_KERNEL_V1 stage=1 raw_iteration=2147483650 ordinal=28 kernel=finalize_resident_target threads=1 begin_tick=1943629602321750 end_tick=1943629602325041 ms_per_tick=9.9999999999999995e-07 device_ms=0.0032909999999999997
PRODUCER_KERNEL_V1 stage=1 raw_iteration=2147483650 ordinal=29 kernel=identify_resident_target threads=1 begin_tick=1943629602325333 end_tick=1943629660651666 ms_per_tick=9.9999999999999995e-07 device_ms=58.326332999999998
PRODUCER_KERNEL_V1 stage=1 raw_iteration=2147483650 ordinal=30 kernel=issue_resident_projection_consumer threads=1 begin_tick=1943629660666166 end_tick=1943629660673958 ms_per_tick=9.9999999999999995e-07 device_ms=0.0077919999999999994
PRODUCER_KERNEL_V1 stage=1 raw_iteration=2147483650 ordinal=31 kernel=consume_resident_target threads=1 begin_tick=1943629660674250 end_tick=1943629698432833 ms_per_tick=9.9999999999999995e-07 device_ms=37.758583000000002
PRODUCER_KERNEL_V1 stage=1 raw_iteration=2147483650 ordinal=32 kernel=owner_compose_target threads=504666 begin_tick=1943629698449416 end_tick=1943629698527875 ms_per_tick=9.9999999999999995e-07 device_ms=0.078459000000000001
PRODUCER_KERNEL_V1 stage=1 raw_iteration=2147483650 ordinal=33 kernel=finalize_resident_target threads=1 begin_tick=1943629698528250 end_tick=1943629698531125 ms_per_tick=9.9999999999999995e-07 device_ms=0.002875
PRODUCER_KERNEL_V1 stage=1 raw_iteration=2147483650 ordinal=34 kernel=owner_identify_target threads=1 begin_tick=1943629698531500 end_tick=1943629750120291 ms_per_tick=9.9999999999999995e-07 device_ms=51.588791000000001
PRODUCER_KERNEL_V1 stage=1 raw_iteration=2147483650 ordinal=35 kernel=issue_resident_projection_consumer threads=1 begin_tick=1943629750135375 end_tick=1943629750139333 ms_per_tick=9.9999999999999995e-07 device_ms=0.0039579999999999997
PRODUCER_KERNEL_V1 stage=1 raw_iteration=2147483650 ordinal=36 kernel=consume_resident_target threads=1 begin_tick=1943629750139750 end_tick=1943629787265666 ms_per_tick=9.9999999999999995e-07 device_ms=37.125915999999997
PRODUCER_KERNEL_V1 stage=1 raw_iteration=2147483650 ordinal=37 kernel=owner_issue_stage_seal threads=1 begin_tick=1943629787266416 end_tick=1943629787270083 ms_per_tick=9.9999999999999995e-07 device_ms=0.0036669999999999997
PRODUCER_KERNEL_V1 stage=1 raw_iteration=2147483650 ordinal=38 kernel=fct_compatible_stage_rate threads=1533387 begin_tick=1943629787665000 end_tick=1943629788190833 ms_per_tick=9.9999999999999995e-07 device_ms=0.52583299999999999
PRODUCER_KERNEL_V1 stage=1 raw_iteration=2147483650 ordinal=39 kernel=fct_compatible_stage_rate threads=1533387 begin_tick=1943629788191208 end_tick=1943629788696750 ms_per_tick=9.9999999999999995e-07 device_ms=0.50554199999999994
PRODUCER_KERNEL_V1 stage=1 raw_iteration=2147483650 ordinal=40 kernel=owner_heun_momentum threads=1533387 begin_tick=1943629788697166 end_tick=1943629788789708 ms_per_tick=9.9999999999999995e-07 device_ms=0.092541999999999999
RISE_FIRE_OWNER_PROFILE_V1 {"scope":66,"parent":61,"phase":"BuildStageProducerGroup","stage":1,"raw_iteration":2147483650,"iteration_kind":"terminal","wall_ms":6488.350959000,"device_sum_ms":6406.525250059,"wall_minus_device_ms":81.825708941,"exclusive_wall_ms":6488.350959000,"exclusive_device_sum_ms":6406.525250059,"child_observer_wall_ms":0.000000000,"count_scope":"inclusive","owner_commits":1,"projection_invocations":0}
RISE_FIRE_OWNER_PROFILE_V1 {"scope":67,"parent":61,"phase":"AlphaResidual","stage":1,"raw_iteration":2147483650,"iteration_kind":"terminal","wall_ms":2.799041000,"device_sum_ms":0.077374978,"wall_minus_device_ms":2.721666022,"exclusive_wall_ms":2.799041000,"exclusive_device_sum_ms":0.077374978,"child_observer_wall_ms":0.000000000,"count_scope":"inclusive","owner_commits":1,"projection_invocations":0}
RISE_FIRE_OWNER_PROFILE_V1 {"scope":68,"parent":61,"phase":"Residual","stage":1,"raw_iteration":2147483650,"iteration_kind":"terminal","wall_ms":0.392375000,"device_sum_ms":0.209375052,"wall_minus_device_ms":0.182999948,"exclusive_wall_ms":0.392375000,"exclusive_device_sum_ms":0.209375052,"child_observer_wall_ms":0.000000000,"count_scope":"inclusive","owner_commits":1,"projection_invocations":0}
RISE_FIRE_OWNER_PROFILE_V1 {"scope":61,"parent":54,"phase":"TerminalVerification","stage":1,"raw_iteration":2147483650,"iteration_kind":"terminal","wall_ms":6686.158000000,"device_sum_ms":6597.520458512,"wall_minus_device_ms":88.637541488,"exclusive_wall_ms":0.004292000,"exclusive_device_sum_ms":0.000000000,"child_observer_wall_ms":0.054749000,"count_scope":"inclusive","owner_commits":7,"projection_invocations":1}
RISE_FIRE_OWNER_PROFILE_V1 {"scope":54,"parent":36,"phase":"PicardIteration","stage":1,"raw_iteration":2,"iteration_kind":"picard","wall_ms":13377.632042000,"device_sum_ms":13197.471375111,"wall_minus_device_ms":180.160666889,"exclusive_wall_ms":3.137750000,"exclusive_device_sum_ms":0.000000000,"child_observer_wall_ms":0.048376000,"count_scope":"inclusive","owner_commits":13,"projection_invocations":2}
RISE_FIRE_OWNER_PROFILE_V1 {"scope":36,"parent":1,"phase":"SolveStage","stage":1,"raw_iteration":4294967295,"iteration_kind":"bootstrap","wall_ms":33480.889667000,"device_sum_ms":33020.949458471,"wall_minus_device_ms":459.940208529,"exclusive_wall_ms":2.950583000,"exclusive_device_sum_ms":0.000000000,"child_observer_wall_ms":0.053666000,"count_scope":"inclusive","owner_commits":28,"projection_invocations":5}
RISE_FIRE_OWNER_PROFILE_V1 {"scope":71,"parent":70,"phase":"ProjectionAdapter","stage":2,"raw_iteration":4294967295,"iteration_kind":"bootstrap","wall_ms":193.386166000,"device_sum_ms":190.416999860,"wall_minus_device_ms":2.969166140,"exclusive_wall_ms":193.386166000,"exclusive_device_sum_ms":190.416999860,"child_observer_wall_ms":0.000000000,"count_scope":"inclusive","owner_commits":0,"projection_invocations":1}
RISE_FIRE_OWNER_PROFILE_V1 {"scope":70,"parent":69,"phase":"Project","stage":2,"raw_iteration":4294967295,"iteration_kind":"bootstrap","wall_ms":193.963083000,"device_sum_ms":190.462166443,"wall_minus_device_ms":3.500916557,"exclusive_wall_ms":0.555083000,"exclusive_device_sum_ms":0.045166584,"child_observer_wall_ms":0.021834000,"count_scope":"inclusive","owner_commits":2,"projection_invocations":1}
PRODUCER_COMMAND_V1 stage=2 raw_iteration=4294967295 cpu_begin=1943629992687083 cpu_end=1943635345746958 gpu_begin=1943629992687083 gpu_end=1943635345746958 device_ms=5268.9951250795275 encoders=35 interval_scope=possibly_overlapping
PRODUCER_KERNEL_V1 stage=2 raw_iteration=4294967295 ordinal=0 kernel=owner_pack_faces threads=1533387 begin_tick=1943630076640250 end_tick=1943630076695458 ms_per_tick=9.9999999999999995e-07 device_ms=0.055208
PRODUCER_KERNEL_V1 stage=2 raw_iteration=4294967295 ordinal=1 kernel=owner_pack_faces threads=1533387 begin_tick=1943630076695208 end_tick=1943630077628833 ms_per_tick=9.9999999999999995e-07 device_ms=0.93362499999999993
PRODUCER_KERNEL_V1 stage=2 raw_iteration=4294967295 ordinal=2 kernel=owner_pack_faces threads=1533387 begin_tick=1943630076638416 end_tick=1943630076695208 ms_per_tick=9.9999999999999995e-07 device_ms=0.056791999999999995
PRODUCER_KERNEL_V1 stage=2 raw_iteration=4294967295 ordinal=3 kernel=fct_extract_gas_density threads=504666 begin_tick=1943630076695958 end_tick=1943630076740583 ms_per_tick=9.9999999999999995e-07 device_ms=0.044624999999999998
PRODUCER_KERNEL_V1 stage=2 raw_iteration=4294967295 ordinal=4 kernel=owner_gas_source threads=504666 begin_tick=1943630077980375 end_tick=1943630078754125 ms_per_tick=9.9999999999999995e-07 device_ms=0.77374999999999994
PRODUCER_KERNEL_V1 stage=2 raw_iteration=4294967295 ordinal=5 kernel=evaluate_resident_transport threads=504666 begin_tick=1943630076740583 end_tick=1943630077969250 ms_per_tick=9.9999999999999995e-07 device_ms=1.228667
PRODUCER_KERNEL_V1 stage=2 raw_iteration=4294967295 ordinal=6 kernel=identify_resident_transport threads=1 begin_tick=1943630077980166 end_tick=1943630667458250 ms_per_tick=9.9999999999999995e-07 device_ms=589.47808399999997
PRODUCER_KERNEL_V1 stage=2 raw_iteration=4294967295 ordinal=7 kernel=owner_bind_transport threads=1 begin_tick=1943630667475958 end_tick=1943630667488958 ms_per_tick=9.9999999999999995e-07 device_ms=0.012999999999999999
PRODUCER_KERNEL_V1 stage=2 raw_iteration=4294967295 ordinal=8 kernel=identify_resident_owner_endpoint_class threads=1 begin_tick=1943630667490166 end_tick=1943630669987666 ms_per_tick=9.9999999999999995e-07 device_ms=2.4975000000000001
PRODUCER_KERNEL_V1 stage=2 raw_iteration=4294967295 ordinal=9 kernel=evaluate_resident_physical_flux threads=1533387 begin_tick=1943630669988125 end_tick=1943630671125958 ms_per_tick=9.9999999999999995e-07 device_ms=1.1378329999999999
PRODUCER_KERNEL_V1 stage=2 raw_iteration=4294967295 ordinal=10 kernel=evaluate_resident_advective_pair threads=13800483 begin_tick=1943630671126333 end_tick=1943630679443333 ms_per_tick=9.9999999999999995e-07 device_ms=8.3170000000000002
PRODUCER_KERNEL_V1 stage=2 raw_iteration=4294967295 ordinal=11 kernel=finalize_resident_advective_high threads=13800483 begin_tick=1943630679460000 end_tick=1943630679879166 ms_per_tick=9.9999999999999995e-07 device_ms=0.41916599999999998
PRODUCER_KERNEL_V1 stage=2 raw_iteration=4294967295 ordinal=12 kernel=compose_resident_flux_pair threads=13800483 begin_tick=1943630679879583 end_tick=1943630680766458 ms_per_tick=9.9999999999999995e-07 device_ms=0.88687499999999997
PRODUCER_KERNEL_V1 stage=2 raw_iteration=4294967295 ordinal=13 kernel=validate_resident_physical_flux threads=13800483 begin_tick=1943630680767166 end_tick=1943630681626416 ms_per_tick=9.9999999999999995e-07 device_ms=0.85924999999999996
PRODUCER_KERNEL_V1 stage=2 raw_iteration=4294967295 ordinal=14 kernel=identify_resident_physical_flux threads=1 begin_tick=1943630681627041 end_tick=1943633916867333 ms_per_tick=9.9999999999999995e-07 device_ms=3235.240292
PRODUCER_KERNEL_V1 stage=2 raw_iteration=4294967295 ordinal=15 kernel=owner_bind_candidate threads=1 begin_tick=1943633916885041 end_tick=1943634359455041 ms_per_tick=9.9999999999999995e-07 device_ms=442.56999999999999
PRODUCER_KERNEL_V1 stage=2 raw_iteration=4294967295 ordinal=16 kernel=finalize_resident_eos_candidate threads=1 begin_tick=1943634359470333 end_tick=1943634359473250 ms_per_tick=9.9999999999999995e-07 device_ms=0.0029169999999999999
PRODUCER_KERNEL_V1 stage=2 raw_iteration=4294967295 ordinal=17 kernel=evaluate_resident_eos_candidate threads=504666 begin_tick=1943634359473958 end_tick=1943634957866083 ms_per_tick=9.9999999999999995e-07 device_ms=598.39212499999996
PRODUCER_KERNEL_V1 stage=2 raw_iteration=4294967295 ordinal=18 kernel=finalize_resident_eos_candidate threads=1 begin_tick=1943634957881458 end_tick=1943634957884041 ms_per_tick=9.9999999999999995e-07 device_ms=0.0025829999999999998
PRODUCER_KERNEL_V1 stage=2 raw_iteration=4294967295 ordinal=19 kernel=identify_resident_eos threads=1 begin_tick=1943634957884625 end_tick=1943635002949958 ms_per_tick=9.9999999999999995e-07 device_ms=45.065332999999995
PRODUCER_KERNEL_V1 stage=2 raw_iteration=4294967295 ordinal=20 kernel=produce_resident_frozen_source threads=504666 begin_tick=1943635002964708 end_tick=1943635002995875 ms_per_tick=9.9999999999999995e-07 device_ms=0.031167
PRODUCER_KERNEL_V1 stage=2 raw_iteration=4294967295 ordinal=21 kernel=identify_resident_frozen_source threads=1 begin_tick=1943635002996541 end_tick=1943635038843000 ms_per_tick=9.9999999999999995e-07 device_ms=35.846458999999996
PRODUCER_KERNEL_V1 stage=2 raw_iteration=4294967295 ordinal=22 kernel=evaluate_resident_target_terms threads=504666 begin_tick=1943635038858791 end_tick=1943635163043333 ms_per_tick=9.9999999999999995e-07 device_ms=124.18454199999999
PRODUCER_KERNEL_V1 stage=2 raw_iteration=4294967295 ordinal=23 kernel=finalize_resident_target threads=1 begin_tick=1943635163057708 end_tick=1943635163061041 ms_per_tick=9.9999999999999995e-07 device_ms=0.003333
PRODUCER_KERNEL_V1 stage=2 raw_iteration=4294967295 ordinal=24 kernel=identify_resident_target threads=1 begin_tick=1943635163061333 end_tick=1943635220045875 ms_per_tick=9.9999999999999995e-07 device_ms=56.984541999999998
PRODUCER_KERNEL_V1 stage=2 raw_iteration=4294967295 ordinal=25 kernel=issue_resident_projection_consumer threads=1 begin_tick=1943635220060916 end_tick=1943635220065208 ms_per_tick=9.9999999999999995e-07 device_ms=0.0042919999999999998
PRODUCER_KERNEL_V1 stage=2 raw_iteration=4294967295 ordinal=26 kernel=consume_resident_target threads=1 begin_tick=1943635220065500 end_tick=1943635257050500 ms_per_tick=9.9999999999999995e-07 device_ms=36.984999999999999
PRODUCER_KERNEL_V1 stage=2 raw_iteration=4294967295 ordinal=27 kernel=owner_compose_target threads=504666 begin_tick=1943635257051125 end_tick=1943635257082916 ms_per_tick=9.9999999999999995e-07 device_ms=0.031791
PRODUCER_KERNEL_V1 stage=2 raw_iteration=4294967295 ordinal=28 kernel=finalize_resident_target threads=1 begin_tick=1943635257083333 end_tick=1943635257086000 ms_per_tick=9.9999999999999995e-07 device_ms=0.0026669999999999997
PRODUCER_KERNEL_V1 stage=2 raw_iteration=4294967295 ordinal=29 kernel=owner_identify_target threads=1 begin_tick=1943635257086583 end_tick=1943635307269291 ms_per_tick=9.9999999999999995e-07 device_ms=50.182707999999998
PRODUCER_KERNEL_V1 stage=2 raw_iteration=4294967295 ordinal=30 kernel=issue_resident_projection_consumer threads=1 begin_tick=1943635307270041 end_tick=1943635307274208 ms_per_tick=9.9999999999999995e-07 device_ms=0.0041669999999999997
PRODUCER_KERNEL_V1 stage=2 raw_iteration=4294967295 ordinal=31 kernel=consume_resident_target threads=1 begin_tick=1943635307274791 end_tick=1943635344595708 ms_per_tick=9.9999999999999995e-07 device_ms=37.320917000000001
PRODUCER_KERNEL_V1 stage=2 raw_iteration=4294967295 ordinal=32 kernel=owner_issue_stage_seal threads=1 begin_tick=1943635344610083 end_tick=1943635344613541 ms_per_tick=9.9999999999999995e-07 device_ms=0.0034579999999999997
PRODUCER_KERNEL_V1 stage=2 raw_iteration=4294967295 ordinal=33 kernel=fct_compatible_stage_rate threads=1533387 begin_tick=1943635345013458 end_tick=1943635345535875 ms_per_tick=9.9999999999999995e-07 device_ms=0.52241700000000002
PRODUCER_KERNEL_V1 stage=2 raw_iteration=4294967295 ordinal=34 kernel=owner_heun_momentum threads=1533387 begin_tick=1943635345536291 end_tick=1943635345627541 ms_per_tick=9.9999999999999995e-07 device_ms=0.091249999999999998
RISE_FIRE_OWNER_PROFILE_V1 {"scope":72,"parent":69,"phase":"BuildStageProducerGroup","stage":2,"raw_iteration":4294967295,"iteration_kind":"bootstrap","wall_ms":5353.264833000,"device_sum_ms":5268.995125080,"wall_minus_device_ms":84.269707920,"exclusive_wall_ms":5353.264833000,"exclusive_device_sum_ms":5268.995125080,"child_observer_wall_ms":0.000000000,"count_scope":"inclusive","owner_commits":1,"projection_invocations":0}
RISE_FIRE_OWNER_PROFILE_V1 {"scope":75,"parent":74,"phase":"ProjectionAdapter","stage":2,"raw_iteration":0,"iteration_kind":"picard","wall_ms":187.747000000,"device_sum_ms":184.765083250,"wall_minus_device_ms":2.981916750,"exclusive_wall_ms":187.747000000,"exclusive_device_sum_ms":184.765083250,"child_observer_wall_ms":0.000000000,"count_scope":"inclusive","owner_commits":0,"projection_invocations":1}
RISE_FIRE_OWNER_PROFILE_V1 {"scope":74,"parent":73,"phase":"Project","stage":2,"raw_iteration":0,"iteration_kind":"picard","wall_ms":190.394541000,"device_sum_ms":184.819916496,"wall_minus_device_ms":5.574624504,"exclusive_wall_ms":2.618583000,"exclusive_device_sum_ms":0.054833246,"child_observer_wall_ms":0.028958000,"count_scope":"inclusive","owner_commits":2,"projection_invocations":1}
RISE_FIRE_OWNER_PROFILE_V1 {"scope":76,"parent":73,"phase":"ReadOpenClass","stage":2,"raw_iteration":0,"iteration_kind":"picard","wall_ms":0.162667000,"device_sum_ms":0.002624933,"wall_minus_device_ms":0.160042067,"exclusive_wall_ms":0.162667000,"exclusive_device_sum_ms":0.002624933,"child_observer_wall_ms":0.000000000,"count_scope":"inclusive","owner_commits":1,"projection_invocations":0}
RISE_FIRE_OWNER_PROFILE_V1 {"scope":77,"parent":73,"phase":"ReadOpenClass","stage":2,"raw_iteration":0,"iteration_kind":"picard","wall_ms":0.136458000,"device_sum_ms":0.002374873,"wall_minus_device_ms":0.134083127,"exclusive_wall_ms":0.136458000,"exclusive_device_sum_ms":0.002374873,"child_observer_wall_ms":0.000000000,"count_scope":"inclusive","owner_commits":1,"projection_invocations":0}
PRODUCER_COMMAND_V1 stage=2 raw_iteration=0 cpu_begin=1943635536679333 cpu_end=1943640896178333 gpu_begin=1943635536679333 gpu_end=1943640896178333 device_ms=5278.4890418406576 encoders=35 interval_scope=possibly_overlapping
PRODUCER_KERNEL_V1 stage=2 raw_iteration=0 ordinal=0 kernel=owner_pack_faces threads=1533387 begin_tick=1943635617586125 end_tick=1943635617638916 ms_per_tick=9.9999999999999995e-07 device_ms=0.052790999999999998
PRODUCER_KERNEL_V1 stage=2 raw_iteration=0 ordinal=1 kernel=owner_pack_faces threads=1533387 begin_tick=1943635617635708 end_tick=1943635618067791 ms_per_tick=9.9999999999999995e-07 device_ms=0.43208299999999999
PRODUCER_KERNEL_V1 stage=2 raw_iteration=0 ordinal=2 kernel=owner_pack_faces threads=1533387 begin_tick=1943635617583125 end_tick=1943635617635666 ms_per_tick=9.9999999999999995e-07 device_ms=0.052540999999999997
PRODUCER_KERNEL_V1 stage=2 raw_iteration=0 ordinal=3 kernel=fct_extract_gas_density threads=504666 begin_tick=1943635617639333 end_tick=1943635617682000 ms_per_tick=9.9999999999999995e-07 device_ms=0.042666999999999997
PRODUCER_KERNEL_V1 stage=2 raw_iteration=0 ordinal=4 kernel=owner_gas_source threads=504666 begin_tick=1943635618068083 end_tick=1943635618256166 ms_per_tick=9.9999999999999995e-07 device_ms=0.188083
PRODUCER_KERNEL_V1 stage=2 raw_iteration=0 ordinal=5 kernel=evaluate_resident_transport threads=504666 begin_tick=1943635617682000 end_tick=1943635618270791 ms_per_tick=9.9999999999999995e-07 device_ms=0.58879099999999995
PRODUCER_KERNEL_V1 stage=2 raw_iteration=0 ordinal=6 kernel=identify_resident_transport threads=1 begin_tick=1943635618271208 end_tick=1943636207916375 ms_per_tick=9.9999999999999995e-07 device_ms=589.64516700000001
PRODUCER_KERNEL_V1 stage=2 raw_iteration=0 ordinal=7 kernel=owner_bind_transport threads=1 begin_tick=1943636207931916 end_tick=1943636207935083 ms_per_tick=9.9999999999999995e-07 device_ms=0.0031669999999999997
PRODUCER_KERNEL_V1 stage=2 raw_iteration=0 ordinal=8 kernel=identify_resident_owner_endpoint_class threads=1 begin_tick=1943636207935500 end_tick=1943636210456083 ms_per_tick=9.9999999999999995e-07 device_ms=2.5205829999999998
PRODUCER_KERNEL_V1 stage=2 raw_iteration=0 ordinal=9 kernel=evaluate_resident_physical_flux threads=1533387 begin_tick=1943636210456833 end_tick=1943636212270583 ms_per_tick=9.9999999999999995e-07 device_ms=1.81375
PRODUCER_KERNEL_V1 stage=2 raw_iteration=0 ordinal=10 kernel=evaluate_resident_advective_pair threads=13800483 begin_tick=1943636212287208 end_tick=1943636219366875 ms_per_tick=9.9999999999999995e-07 device_ms=7.0796669999999997
PRODUCER_KERNEL_V1 stage=2 raw_iteration=0 ordinal=11 kernel=finalize_resident_advective_high threads=13800483 begin_tick=1943636219367625 end_tick=1943636219788833 ms_per_tick=9.9999999999999995e-07 device_ms=0.42120799999999997
PRODUCER_KERNEL_V1 stage=2 raw_iteration=0 ordinal=12 kernel=compose_resident_flux_pair threads=13800483 begin_tick=1943636219789166 end_tick=1943636220671375 ms_per_tick=9.9999999999999995e-07 device_ms=0.88220899999999991
PRODUCER_KERNEL_V1 stage=2 raw_iteration=0 ordinal=13 kernel=validate_resident_physical_flux threads=13800483 begin_tick=1943636220672041 end_tick=1943636221520750 ms_per_tick=9.9999999999999995e-07 device_ms=0.84870899999999994
PRODUCER_KERNEL_V1 stage=2 raw_iteration=0 ordinal=14 kernel=identify_resident_physical_flux threads=1 begin_tick=1943636221521333 end_tick=1943639461752500 ms_per_tick=9.9999999999999995e-07 device_ms=3240.2311669999999
PRODUCER_KERNEL_V1 stage=2 raw_iteration=0 ordinal=15 kernel=owner_bind_candidate threads=1 begin_tick=1943639461768333 end_tick=1943639903157375 ms_per_tick=9.9999999999999995e-07 device_ms=441.38904199999996
PRODUCER_KERNEL_V1 stage=2 raw_iteration=0 ordinal=16 kernel=finalize_resident_eos_candidate threads=1 begin_tick=1943639903172208 end_tick=1943639903175000 ms_per_tick=9.9999999999999995e-07 device_ms=0.0027919999999999998
PRODUCER_KERNEL_V1 stage=2 raw_iteration=0 ordinal=17 kernel=evaluate_resident_eos_candidate threads=504666 begin_tick=1943639903175583 end_tick=1943640506577708 ms_per_tick=9.9999999999999995e-07 device_ms=603.40212499999996
PRODUCER_KERNEL_V1 stage=2 raw_iteration=0 ordinal=18 kernel=finalize_resident_eos_candidate threads=1 begin_tick=1943640506592666 end_tick=1943640506595291 ms_per_tick=9.9999999999999995e-07 device_ms=0.0026249999999999997
PRODUCER_KERNEL_V1 stage=2 raw_iteration=0 ordinal=19 kernel=identify_resident_eos threads=1 begin_tick=1943640506595583 end_tick=1943640550872458 ms_per_tick=9.9999999999999995e-07 device_ms=44.276874999999997
PRODUCER_KERNEL_V1 stage=2 raw_iteration=0 ordinal=20 kernel=produce_resident_frozen_source threads=504666 begin_tick=1943640550887458 end_tick=1943640550919208 ms_per_tick=9.9999999999999995e-07 device_ms=0.03175
PRODUCER_KERNEL_V1 stage=2 raw_iteration=0 ordinal=21 kernel=identify_resident_frozen_source threads=1 begin_tick=1943640550919875 end_tick=1943640586337583 ms_per_tick=9.9999999999999995e-07 device_ms=35.417707999999998
PRODUCER_KERNEL_V1 stage=2 raw_iteration=0 ordinal=22 kernel=evaluate_resident_target_terms threads=504666 begin_tick=1943640586352083 end_tick=1943640711907916 ms_per_tick=9.9999999999999995e-07 device_ms=125.55583299999999
PRODUCER_KERNEL_V1 stage=2 raw_iteration=0 ordinal=23 kernel=finalize_resident_target threads=1 begin_tick=1943640711921791 end_tick=1943640711983166 ms_per_tick=9.9999999999999995e-07 device_ms=0.061374999999999999
PRODUCER_KERNEL_V1 stage=2 raw_iteration=0 ordinal=24 kernel=identify_resident_target threads=1 begin_tick=1943640711983541 end_tick=1943640768942666 ms_per_tick=9.9999999999999995e-07 device_ms=56.959125
PRODUCER_KERNEL_V1 stage=2 raw_iteration=0 ordinal=25 kernel=issue_resident_projection_consumer threads=1 begin_tick=1943640768943875 end_tick=1943640768948208 ms_per_tick=9.9999999999999995e-07 device_ms=0.004333
PRODUCER_KERNEL_V1 stage=2 raw_iteration=0 ordinal=26 kernel=consume_resident_target threads=1 begin_tick=1943640768948625 end_tick=1943640806199166 ms_per_tick=9.9999999999999995e-07 device_ms=37.250540999999998
PRODUCER_KERNEL_V1 stage=2 raw_iteration=0 ordinal=27 kernel=owner_compose_target threads=504666 begin_tick=1943640806214791 end_tick=1943640806246625 ms_per_tick=9.9999999999999995e-07 device_ms=0.031834000000000001
PRODUCER_KERNEL_V1 stage=2 raw_iteration=0 ordinal=28 kernel=finalize_resident_target threads=1 begin_tick=1943640806247000 end_tick=1943640806250083 ms_per_tick=9.9999999999999995e-07 device_ms=0.0030829999999999998
PRODUCER_KERNEL_V1 stage=2 raw_iteration=0 ordinal=29 kernel=owner_identify_target threads=1 begin_tick=1943640806250583 end_tick=1943640857182666 ms_per_tick=9.9999999999999995e-07 device_ms=50.932082999999999
PRODUCER_KERNEL_V1 stage=2 raw_iteration=0 ordinal=30 kernel=issue_resident_projection_consumer threads=1 begin_tick=1943640857197708 end_tick=1943640857201875 ms_per_tick=9.9999999999999995e-07 device_ms=0.0041669999999999997
PRODUCER_KERNEL_V1 stage=2 raw_iteration=0 ordinal=31 kernel=consume_resident_target threads=1 begin_tick=1943640857202416 end_tick=1943640894591916 ms_per_tick=9.9999999999999995e-07 device_ms=37.389499999999998
PRODUCER_KERNEL_V1 stage=2 raw_iteration=0 ordinal=32 kernel=owner_issue_stage_seal threads=1 begin_tick=1943640894605416 end_tick=1943640894753541 ms_per_tick=9.9999999999999995e-07 device_ms=0.14812500000000001
PRODUCER_KERNEL_V1 stage=2 raw_iteration=0 ordinal=33 kernel=fct_compatible_stage_rate threads=1533387 begin_tick=1943640895452208 end_tick=1943640895975708 ms_per_tick=9.9999999999999995e-07 device_ms=0.52349999999999997
PRODUCER_KERNEL_V1 stage=2 raw_iteration=0 ordinal=34 kernel=owner_heun_momentum threads=1533387 begin_tick=1943640895976083 end_tick=1943640896066625 ms_per_tick=9.9999999999999995e-07 device_ms=0.090541999999999997
RISE_FIRE_OWNER_PROFILE_V1 {"scope":78,"parent":73,"phase":"BuildStageProducerGroup","stage":2,"raw_iteration":0,"iteration_kind":"picard","wall_ms":5359.672167000,"device_sum_ms":5278.489041841,"wall_minus_device_ms":81.183125159,"exclusive_wall_ms":5359.672167000,"exclusive_device_sum_ms":5278.489041841,"child_observer_wall_ms":0.000000000,"count_scope":"inclusive","owner_commits":1,"projection_invocations":0}
RISE_FIRE_OWNER_PROFILE_V1 {"scope":79,"parent":73,"phase":"Residual","stage":2,"raw_iteration":0,"iteration_kind":"picard","wall_ms":2.388250000,"device_sum_ms":0.021999935,"wall_minus_device_ms":2.366250065,"exclusive_wall_ms":2.388250000,"exclusive_device_sum_ms":0.021999935,"child_observer_wall_ms":0.000000000,"count_scope":"inclusive","owner_commits":1,"projection_invocations":0}
RISE_FIRE_OWNER_PROFILE_V1 {"scope":73,"parent":69,"phase":"PicardIteration","stage":2,"raw_iteration":0,"iteration_kind":"picard","wall_ms":5555.519958000,"device_sum_ms":5463.335958077,"wall_minus_device_ms":92.183999923,"exclusive_wall_ms":2.713374000,"exclusive_device_sum_ms":0.000000000,"child_observer_wall_ms":0.052501000,"count_scope":"inclusive","owner_commits":6,"projection_invocations":1}
RISE_FIRE_OWNER_PROFILE_V1 {"scope":82,"parent":81,"phase":"ProjectionAdapter","stage":2,"raw_iteration":1,"iteration_kind":"picard","wall_ms":190.231292000,"device_sum_ms":187.326666433,"wall_minus_device_ms":2.904625567,"exclusive_wall_ms":190.231292000,"exclusive_device_sum_ms":187.326666433,"child_observer_wall_ms":0.000000000,"count_scope":"inclusive","owner_commits":0,"projection_invocations":1}
RISE_FIRE_OWNER_PROFILE_V1 {"scope":81,"parent":80,"phase":"Project","stage":2,"raw_iteration":1,"iteration_kind":"picard","wall_ms":190.812917000,"device_sum_ms":187.373957830,"wall_minus_device_ms":3.438959170,"exclusive_wall_ms":0.557875000,"exclusive_device_sum_ms":0.047291396,"child_observer_wall_ms":0.023750000,"count_scope":"inclusive","owner_commits":2,"projection_invocations":1}
RISE_FIRE_OWNER_PROFILE_V1 {"scope":83,"parent":80,"phase":"ReadOpenClass","stage":2,"raw_iteration":1,"iteration_kind":"picard","wall_ms":0.161208000,"device_sum_ms":0.002541579,"wall_minus_device_ms":0.158666421,"exclusive_wall_ms":0.161208000,"exclusive_device_sum_ms":0.002541579,"child_observer_wall_ms":0.000000000,"count_scope":"inclusive","owner_commits":1,"projection_invocations":0}
RISE_FIRE_OWNER_PROFILE_V1 {"scope":84,"parent":80,"phase":"ReadOpenClass","stage":2,"raw_iteration":1,"iteration_kind":"picard","wall_ms":0.139791000,"device_sum_ms":0.002499903,"wall_minus_device_ms":0.137291097,"exclusive_wall_ms":0.139791000,"exclusive_device_sum_ms":0.002499903,"child_observer_wall_ms":0.000000000,"count_scope":"inclusive","owner_commits":1,"projection_invocations":0}
PRODUCER_COMMAND_V1 stage=2 raw_iteration=1 cpu_begin=1943641092615958 cpu_end=1943646448022791 gpu_begin=1943641092615958 gpu_end=1943646448022791 device_ms=5273.4000000637025 encoders=35 interval_scope=possibly_overlapping
PRODUCER_KERNEL_V1 stage=2 raw_iteration=1 ordinal=0 kernel=owner_pack_faces threads=1533387 begin_tick=1943641174513958 end_tick=1943641174568708 ms_per_tick=9.9999999999999995e-07 device_ms=0.05475
PRODUCER_KERNEL_V1 stage=2 raw_iteration=1 ordinal=1 kernel=owner_pack_faces threads=1533387 begin_tick=1943641174568416 end_tick=1943641175153875 ms_per_tick=9.9999999999999995e-07 device_ms=0.58545899999999995
PRODUCER_KERNEL_V1 stage=2 raw_iteration=1 ordinal=2 kernel=owner_pack_faces threads=1533387 begin_tick=1943641174511375 end_tick=1943641174568416 ms_per_tick=9.9999999999999995e-07 device_ms=0.057040999999999994
PRODUCER_KERNEL_V1 stage=2 raw_iteration=1 ordinal=3 kernel=fct_extract_gas_density threads=504666 begin_tick=1943641175153875 end_tick=1943641175179083 ms_per_tick=9.9999999999999995e-07 device_ms=0.025207999999999998
PRODUCER_KERNEL_V1 stage=2 raw_iteration=1 ordinal=4 kernel=owner_gas_source threads=504666 begin_tick=1943641175179083 end_tick=1943641175222666 ms_per_tick=9.9999999999999995e-07 device_ms=0.043582999999999997
PRODUCER_KERNEL_V1 stage=2 raw_iteration=1 ordinal=5 kernel=evaluate_resident_transport threads=504666 begin_tick=1943641174569083 end_tick=1943641175238708 ms_per_tick=9.9999999999999995e-07 device_ms=0.66962499999999991
PRODUCER_KERNEL_V1 stage=2 raw_iteration=1 ordinal=6 kernel=identify_resident_transport threads=1 begin_tick=1943641175239208 end_tick=1943641765764583 ms_per_tick=9.9999999999999995e-07 device_ms=590.52537499999994
PRODUCER_KERNEL_V1 stage=2 raw_iteration=1 ordinal=7 kernel=owner_bind_transport threads=1 begin_tick=1943641765781833 end_tick=1943641765796500 ms_per_tick=9.9999999999999995e-07 device_ms=0.014666999999999999
PRODUCER_KERNEL_V1 stage=2 raw_iteration=1 ordinal=8 kernel=identify_resident_owner_endpoint_class threads=1 begin_tick=1943641765797500 end_tick=1943641768294125 ms_per_tick=9.9999999999999995e-07 device_ms=2.4966249999999999
PRODUCER_KERNEL_V1 stage=2 raw_iteration=1 ordinal=9 kernel=evaluate_resident_physical_flux threads=1533387 begin_tick=1943641768294625 end_tick=1943641769432416 ms_per_tick=9.9999999999999995e-07 device_ms=1.137791
PRODUCER_KERNEL_V1 stage=2 raw_iteration=1 ordinal=10 kernel=evaluate_resident_advective_pair threads=13800483 begin_tick=1943641769432958 end_tick=1943641776504750 ms_per_tick=9.9999999999999995e-07 device_ms=7.0717919999999994
PRODUCER_KERNEL_V1 stage=2 raw_iteration=1 ordinal=11 kernel=finalize_resident_advective_high threads=13800483 begin_tick=1943641776505375 end_tick=1943641778287958 ms_per_tick=9.9999999999999995e-07 device_ms=1.782583
PRODUCER_KERNEL_V1 stage=2 raw_iteration=1 ordinal=12 kernel=compose_resident_flux_pair threads=13800483 begin_tick=1943641778305333 end_tick=1943641779189125 ms_per_tick=9.9999999999999995e-07 device_ms=0.88379199999999991
PRODUCER_KERNEL_V1 stage=2 raw_iteration=1 ordinal=13 kernel=validate_resident_physical_flux threads=13800483 begin_tick=1943641779189833 end_tick=1943641780023166 ms_per_tick=9.9999999999999995e-07 device_ms=0.83333299999999999
PRODUCER_KERNEL_V1 stage=2 raw_iteration=1 ordinal=14 kernel=identify_resident_physical_flux threads=1 begin_tick=1943641780023958 end_tick=1943645014017625 ms_per_tick=9.9999999999999995e-07 device_ms=3233.9936669999997
PRODUCER_KERNEL_V1 stage=2 raw_iteration=1 ordinal=15 kernel=owner_bind_candidate threads=1 begin_tick=1943645014032375 end_tick=1943645456145416 ms_per_tick=9.9999999999999995e-07 device_ms=442.11304099999995
PRODUCER_KERNEL_V1 stage=2 raw_iteration=1 ordinal=16 kernel=finalize_resident_eos_candidate threads=1 begin_tick=1943645456159750 end_tick=1943645456162458 ms_per_tick=9.9999999999999995e-07 device_ms=0.0027079999999999999
PRODUCER_KERNEL_V1 stage=2 raw_iteration=1 ordinal=17 kernel=evaluate_resident_eos_candidate threads=504666 begin_tick=1943645456163125 end_tick=1943646057787958 ms_per_tick=9.9999999999999995e-07 device_ms=601.62483299999997
PRODUCER_KERNEL_V1 stage=2 raw_iteration=1 ordinal=18 kernel=finalize_resident_eos_candidate threads=1 begin_tick=1943646057800583 end_tick=1943646057814666 ms_per_tick=9.9999999999999995e-07 device_ms=0.014083
PRODUCER_KERNEL_V1 stage=2 raw_iteration=1 ordinal=19 kernel=identify_resident_eos threads=1 begin_tick=1943646057815208 end_tick=1943646102853041 ms_per_tick=9.9999999999999995e-07 device_ms=45.037832999999999
PRODUCER_KERNEL_V1 stage=2 raw_iteration=1 ordinal=20 kernel=produce_resident_frozen_source threads=504666 begin_tick=1943646102869250 end_tick=1943646102899916 ms_per_tick=9.9999999999999995e-07 device_ms=0.030665999999999999
PRODUCER_KERNEL_V1 stage=2 raw_iteration=1 ordinal=21 kernel=identify_resident_frozen_source threads=1 begin_tick=1943646102900583 end_tick=1943646138808500 ms_per_tick=9.9999999999999995e-07 device_ms=35.907916999999998
PRODUCER_KERNEL_V1 stage=2 raw_iteration=1 ordinal=22 kernel=evaluate_resident_target_terms threads=504666 begin_tick=1943646138809208 end_tick=1943646262230166 ms_per_tick=9.9999999999999995e-07 device_ms=123.420958
PRODUCER_KERNEL_V1 stage=2 raw_iteration=1 ordinal=23 kernel=finalize_resident_target threads=1 begin_tick=1943646262245333 end_tick=1943646262248708 ms_per_tick=9.9999999999999995e-07 device_ms=0.003375
PRODUCER_KERNEL_V1 stage=2 raw_iteration=1 ordinal=24 kernel=identify_resident_target threads=1 begin_tick=1943646262249041 end_tick=1943646319643333 ms_per_tick=9.9999999999999995e-07 device_ms=57.394292
PRODUCER_KERNEL_V1 stage=2 raw_iteration=1 ordinal=25 kernel=issue_resident_projection_consumer threads=1 begin_tick=1943646319644291 end_tick=1943646319648500 ms_per_tick=9.9999999999999995e-07 device_ms=0.0042090000000000001
PRODUCER_KERNEL_V1 stage=2 raw_iteration=1 ordinal=26 kernel=consume_resident_target threads=1 begin_tick=1943646319648916 end_tick=1943646356915875 ms_per_tick=9.9999999999999995e-07 device_ms=37.266959
PRODUCER_KERNEL_V1 stage=2 raw_iteration=1 ordinal=27 kernel=owner_compose_target threads=504666 begin_tick=1943646356916708 end_tick=1943646356947958 ms_per_tick=9.9999999999999995e-07 device_ms=0.03125
PRODUCER_KERNEL_V1 stage=2 raw_iteration=1 ordinal=28 kernel=finalize_resident_target threads=1 begin_tick=1943646356948375 end_tick=1943646356951166 ms_per_tick=9.9999999999999995e-07 device_ms=0.0027910000000000001
PRODUCER_KERNEL_V1 stage=2 raw_iteration=1 ordinal=29 kernel=owner_identify_target threads=1 begin_tick=1943646356951750 end_tick=1943646408969333 ms_per_tick=9.9999999999999995e-07 device_ms=52.017582999999995
PRODUCER_KERNEL_V1 stage=2 raw_iteration=1 ordinal=30 kernel=issue_resident_projection_consumer threads=1 begin_tick=1943646408984541 end_tick=1943646408988791 ms_per_tick=9.9999999999999995e-07 device_ms=0.0042499999999999994
PRODUCER_KERNEL_V1 stage=2 raw_iteration=1 ordinal=31 kernel=consume_resident_target threads=1 begin_tick=1943646408989333 end_tick=1943646446875666 ms_per_tick=9.9999999999999995e-07 device_ms=37.886333
PRODUCER_KERNEL_V1 stage=2 raw_iteration=1 ordinal=32 kernel=owner_issue_stage_seal threads=1 begin_tick=1943646446892250 end_tick=1943646446895833 ms_per_tick=9.9999999999999995e-07 device_ms=0.0035829999999999998
PRODUCER_KERNEL_V1 stage=2 raw_iteration=1 ordinal=33 kernel=fct_compatible_stage_rate threads=1533387 begin_tick=1943646447294458 end_tick=1943646447813083 ms_per_tick=9.9999999999999995e-07 device_ms=0.518625
PRODUCER_KERNEL_V1 stage=2 raw_iteration=1 ordinal=34 kernel=owner_heun_momentum threads=1533387 begin_tick=1943646447813583 end_tick=1943646447905791 ms_per_tick=9.9999999999999995e-07 device_ms=0.092207999999999998
RISE_FIRE_OWNER_PROFILE_V1 {"scope":85,"parent":80,"phase":"BuildStageProducerGroup","stage":2,"raw_iteration":1,"iteration_kind":"picard","wall_ms":5355.590625000,"device_sum_ms":5273.400000064,"wall_minus_device_ms":82.190624936,"exclusive_wall_ms":5355.590625000,"exclusive_device_sum_ms":5273.400000064,"child_observer_wall_ms":0.000000000,"count_scope":"inclusive","owner_commits":1,"projection_invocations":0}
RISE_FIRE_OWNER_PROFILE_V1 {"scope":86,"parent":80,"phase":"Residual","stage":2,"raw_iteration":1,"iteration_kind":"picard","wall_ms":2.767459000,"device_sum_ms":0.258125132,"wall_minus_device_ms":2.509333868,"exclusive_wall_ms":2.767459000,"exclusive_device_sum_ms":0.258125132,"child_observer_wall_ms":0.000000000,"count_scope":"inclusive","owner_commits":1,"projection_invocations":0}
RISE_FIRE_OWNER_PROFILE_V1 {"scope":80,"parent":69,"phase":"PicardIteration","stage":2,"raw_iteration":1,"iteration_kind":"picard","wall_ms":5552.042709000,"device_sum_ms":5461.037124507,"wall_minus_device_ms":91.005584493,"exclusive_wall_ms":2.520541000,"exclusive_device_sum_ms":0.000000000,"child_observer_wall_ms":0.050168000,"count_scope":"inclusive","owner_commits":6,"projection_invocations":1}
RISE_FIRE_OWNER_PROFILE_V1 {"scope":89,"parent":88,"phase":"ProjectionAdapter","stage":2,"raw_iteration":2,"iteration_kind":"picard","wall_ms":193.608375000,"device_sum_ms":190.629041521,"wall_minus_device_ms":2.979333479,"exclusive_wall_ms":193.608375000,"exclusive_device_sum_ms":190.629041521,"child_observer_wall_ms":0.000000000,"count_scope":"inclusive","owner_commits":0,"projection_invocations":1}
RISE_FIRE_OWNER_PROFILE_V1 {"scope":88,"parent":87,"phase":"Project","stage":2,"raw_iteration":2,"iteration_kind":"picard","wall_ms":194.225042000,"device_sum_ms":190.671666525,"wall_minus_device_ms":3.553375475,"exclusive_wall_ms":0.594750000,"exclusive_device_sum_ms":0.042625004,"child_observer_wall_ms":0.021917000,"count_scope":"inclusive","owner_commits":2,"projection_invocations":1}
RISE_FIRE_OWNER_PROFILE_V1 {"scope":90,"parent":87,"phase":"ReadOpenClass","stage":2,"raw_iteration":2,"iteration_kind":"picard","wall_ms":0.178458000,"device_sum_ms":0.002458226,"wall_minus_device_ms":0.175999774,"exclusive_wall_ms":0.178458000,"exclusive_device_sum_ms":0.002458226,"child_observer_wall_ms":0.000000000,"count_scope":"inclusive","owner_commits":1,"projection_invocations":0}
RISE_FIRE_OWNER_PROFILE_V1 {"scope":91,"parent":87,"phase":"ReadOpenClass","stage":2,"raw_iteration":2,"iteration_kind":"picard","wall_ms":0.154583000,"device_sum_ms":0.002416782,"wall_minus_device_ms":0.152166218,"exclusive_wall_ms":0.154583000,"exclusive_device_sum_ms":0.002416782,"child_observer_wall_ms":0.000000000,"count_scope":"inclusive","owner_commits":1,"projection_invocations":0}
PRODUCER_COMMAND_V1 stage=2 raw_iteration=2 cpu_begin=1943646648117458 cpu_end=1943652006937333 gpu_begin=1943646648117458 gpu_end=1943652006937333 device_ms=5276.9744999241084 encoders=35 interval_scope=possibly_overlapping
PRODUCER_KERNEL_V1 stage=2 raw_iteration=2 ordinal=0 kernel=owner_pack_faces threads=1533387 begin_tick=1943646729983791 end_tick=1943646730035083 ms_per_tick=9.9999999999999995e-07 device_ms=0.051291999999999997
PRODUCER_KERNEL_V1 stage=2 raw_iteration=2 ordinal=1 kernel=owner_pack_faces threads=1533387 begin_tick=1943646730064041 end_tick=1943646730113375 ms_per_tick=9.9999999999999995e-07 device_ms=0.049333999999999996
PRODUCER_KERNEL_V1 stage=2 raw_iteration=2 ordinal=2 kernel=owner_pack_faces threads=1533387 begin_tick=1943646730205916 end_tick=1943646730285875 ms_per_tick=9.9999999999999995e-07 device_ms=0.079959000000000002
PRODUCER_KERNEL_V1 stage=2 raw_iteration=2 ordinal=3 kernel=fct_extract_gas_density threads=504666 begin_tick=1943646730231500 end_tick=1943646730279041 ms_per_tick=9.9999999999999995e-07 device_ms=0.047541
PRODUCER_KERNEL_V1 stage=2 raw_iteration=2 ordinal=4 kernel=owner_gas_source threads=504666 begin_tick=1943646730318541 end_tick=1943646730365166 ms_per_tick=9.9999999999999995e-07 device_ms=0.046625
PRODUCER_KERNEL_V1 stage=2 raw_iteration=2 ordinal=5 kernel=evaluate_resident_transport threads=504666 begin_tick=1943646730410166 end_tick=1943646730998416 ms_per_tick=9.9999999999999995e-07 device_ms=0.58824999999999994
PRODUCER_KERNEL_V1 stage=2 raw_iteration=2 ordinal=6 kernel=identify_resident_transport threads=1 begin_tick=1943646730998750 end_tick=1943647321226416 ms_per_tick=9.9999999999999995e-07 device_ms=590.227666
PRODUCER_KERNEL_V1 stage=2 raw_iteration=2 ordinal=7 kernel=owner_bind_transport threads=1 begin_tick=1943647321244541 end_tick=1943647321248083 ms_per_tick=9.9999999999999995e-07 device_ms=0.003542
PRODUCER_KERNEL_V1 stage=2 raw_iteration=2 ordinal=8 kernel=identify_resident_owner_endpoint_class threads=1 begin_tick=1943647321248375 end_tick=1943647323673291 ms_per_tick=9.9999999999999995e-07 device_ms=2.4249160000000001
PRODUCER_KERNEL_V1 stage=2 raw_iteration=2 ordinal=9 kernel=evaluate_resident_physical_flux threads=1533387 begin_tick=1943647323673833 end_tick=1943647324818625 ms_per_tick=9.9999999999999995e-07 device_ms=1.144792
PRODUCER_KERNEL_V1 stage=2 raw_iteration=2 ordinal=10 kernel=evaluate_resident_advective_pair threads=13800483 begin_tick=1943647324819166 end_tick=1943647333124958 ms_per_tick=9.9999999999999995e-07 device_ms=8.3057920000000003
PRODUCER_KERNEL_V1 stage=2 raw_iteration=2 ordinal=11 kernel=finalize_resident_advective_high threads=13800483 begin_tick=1943647333140083 end_tick=1943647333560875 ms_per_tick=9.9999999999999995e-07 device_ms=0.420792
PRODUCER_KERNEL_V1 stage=2 raw_iteration=2 ordinal=12 kernel=compose_resident_flux_pair threads=13800483 begin_tick=1943647333561208 end_tick=1943647334444333 ms_per_tick=9.9999999999999995e-07 device_ms=0.88312499999999994
PRODUCER_KERNEL_V1 stage=2 raw_iteration=2 ordinal=13 kernel=validate_resident_physical_flux threads=13800483 begin_tick=1943647334444958 end_tick=1943647335270500 ms_per_tick=9.9999999999999995e-07 device_ms=0.825542
PRODUCER_KERNEL_V1 stage=2 raw_iteration=2 ordinal=14 kernel=identify_resident_physical_flux threads=1 begin_tick=1943647335271250 end_tick=1943650574116041 ms_per_tick=9.9999999999999995e-07 device_ms=3238.844791
PRODUCER_KERNEL_V1 stage=2 raw_iteration=2 ordinal=15 kernel=owner_bind_candidate threads=1 begin_tick=1943650574131291 end_tick=1943651016856625 ms_per_tick=9.9999999999999995e-07 device_ms=442.72533399999998
PRODUCER_KERNEL_V1 stage=2 raw_iteration=2 ordinal=16 kernel=finalize_resident_eos_candidate threads=1 begin_tick=1943651016871750 end_tick=1943651016874583 ms_per_tick=9.9999999999999995e-07 device_ms=0.002833
PRODUCER_KERNEL_V1 stage=2 raw_iteration=2 ordinal=17 kernel=evaluate_resident_eos_candidate threads=504666 begin_tick=1943651016875375 end_tick=1943651615971625 ms_per_tick=9.9999999999999995e-07 device_ms=599.09624999999994
PRODUCER_KERNEL_V1 stage=2 raw_iteration=2 ordinal=18 kernel=finalize_resident_eos_candidate threads=1 begin_tick=1943651615985750 end_tick=1943651615988208 ms_per_tick=9.9999999999999995e-07 device_ms=0.0024579999999999997
PRODUCER_KERNEL_V1 stage=2 raw_iteration=2 ordinal=19 kernel=identify_resident_eos threads=1 begin_tick=1943651615988500 end_tick=1943651660923583 ms_per_tick=9.9999999999999995e-07 device_ms=44.935082999999999
PRODUCER_KERNEL_V1 stage=2 raw_iteration=2 ordinal=20 kernel=produce_resident_frozen_source threads=504666 begin_tick=1943651660935541 end_tick=1943651661792291 ms_per_tick=9.9999999999999995e-07 device_ms=0.85675000000000001
PRODUCER_KERNEL_V1 stage=2 raw_iteration=2 ordinal=21 kernel=identify_resident_frozen_source threads=1 begin_tick=1943651661793083 end_tick=1943651696276416 ms_per_tick=9.9999999999999995e-07 device_ms=34.483333000000002
PRODUCER_KERNEL_V1 stage=2 raw_iteration=2 ordinal=22 kernel=evaluate_resident_target_terms threads=504666 begin_tick=1943651696277083 end_tick=1943651821392916 ms_per_tick=9.9999999999999995e-07 device_ms=125.11583299999999
PRODUCER_KERNEL_V1 stage=2 raw_iteration=2 ordinal=23 kernel=finalize_resident_target threads=1 begin_tick=1943651821408625 end_tick=1943651821411708 ms_per_tick=9.9999999999999995e-07 device_ms=0.0030829999999999998
PRODUCER_KERNEL_V1 stage=2 raw_iteration=2 ordinal=24 kernel=identify_resident_target threads=1 begin_tick=1943651821412041 end_tick=1943651879236541 ms_per_tick=9.9999999999999995e-07 device_ms=57.8245
PRODUCER_KERNEL_V1 stage=2 raw_iteration=2 ordinal=25 kernel=issue_resident_projection_consumer threads=1 begin_tick=1943651879251500 end_tick=1943651879255875 ms_per_tick=9.9999999999999995e-07 device_ms=0.0043749999999999995
PRODUCER_KERNEL_V1 stage=2 raw_iteration=2 ordinal=26 kernel=consume_resident_target threads=1 begin_tick=1943651879256250 end_tick=1943651916536083 ms_per_tick=9.9999999999999995e-07 device_ms=37.279832999999996
PRODUCER_KERNEL_V1 stage=2 raw_iteration=2 ordinal=27 kernel=owner_compose_target threads=504666 begin_tick=1943651916536791 end_tick=1943651916566916 ms_per_tick=9.9999999999999995e-07 device_ms=0.030124999999999999
PRODUCER_KERNEL_V1 stage=2 raw_iteration=2 ordinal=28 kernel=finalize_resident_target threads=1 begin_tick=1943651916567291 end_tick=1943651916570333 ms_per_tick=9.9999999999999995e-07 device_ms=0.003042
PRODUCER_KERNEL_V1 stage=2 raw_iteration=2 ordinal=29 kernel=owner_identify_target threads=1 begin_tick=1943651916570875 end_tick=1943651968326875 ms_per_tick=9.9999999999999995e-07 device_ms=51.756
PRODUCER_KERNEL_V1 stage=2 raw_iteration=2 ordinal=30 kernel=issue_resident_projection_consumer threads=1 begin_tick=1943651968341833 end_tick=1943651968346041 ms_per_tick=9.9999999999999995e-07 device_ms=0.0042079999999999999
PRODUCER_KERNEL_V1 stage=2 raw_iteration=2 ordinal=31 kernel=consume_resident_target threads=1 begin_tick=1943651968346583 end_tick=1943652005786125 ms_per_tick=9.9999999999999995e-07 device_ms=37.439541999999996
PRODUCER_KERNEL_V1 stage=2 raw_iteration=2 ordinal=32 kernel=owner_issue_stage_seal threads=1 begin_tick=1943652005801416 end_tick=1943652005805125 ms_per_tick=9.9999999999999995e-07 device_ms=0.0037089999999999996
PRODUCER_KERNEL_V1 stage=2 raw_iteration=2 ordinal=33 kernel=fct_compatible_stage_rate threads=1533387 begin_tick=1943652006204000 end_tick=1943652006728291 ms_per_tick=9.9999999999999995e-07 device_ms=0.52429099999999995
PRODUCER_KERNEL_V1 stage=2 raw_iteration=2 ordinal=34 kernel=owner_heun_momentum threads=1533387 begin_tick=1943652006728666 end_tick=1943652006821125 ms_per_tick=9.9999999999999995e-07 device_ms=0.092459
RISE_FIRE_OWNER_PROFILE_V1 {"scope":92,"parent":87,"phase":"BuildStageProducerGroup","stage":2,"raw_iteration":2,"iteration_kind":"picard","wall_ms":5359.017333000,"device_sum_ms":5276.974499924,"wall_minus_device_ms":82.042833076,"exclusive_wall_ms":5359.017333000,"exclusive_device_sum_ms":5276.974499924,"child_observer_wall_ms":0.000000000,"count_scope":"inclusive","owner_commits":1,"projection_invocations":0}
RISE_FIRE_OWNER_PROFILE_V1 {"scope":93,"parent":87,"phase":"Residual","stage":2,"raw_iteration":2,"iteration_kind":"picard","wall_ms":2.460792000,"device_sum_ms":0.235375017,"wall_minus_device_ms":2.225416983,"exclusive_wall_ms":2.460792000,"exclusive_device_sum_ms":0.235375017,"child_observer_wall_ms":0.000000000,"count_scope":"inclusive","owner_commits":1,"projection_invocations":0}
RISE_FIRE_OWNER_PROFILE_V1 {"scope":96,"parent":95,"phase":"ProjectionAdapter","stage":2,"raw_iteration":2147483650,"iteration_kind":"terminal","wall_ms":193.796250000,"device_sum_ms":190.542166820,"wall_minus_device_ms":3.254083180,"exclusive_wall_ms":193.796250000,"exclusive_device_sum_ms":190.542166820,"child_observer_wall_ms":0.000000000,"count_scope":"inclusive","owner_commits":0,"projection_invocations":1}
RISE_FIRE_OWNER_PROFILE_V1 {"scope":95,"parent":94,"phase":"Project","stage":2,"raw_iteration":2147483650,"iteration_kind":"terminal","wall_ms":194.334000000,"device_sum_ms":190.581292147,"wall_minus_device_ms":3.752707853,"exclusive_wall_ms":0.516416000,"exclusive_device_sum_ms":0.039125327,"child_observer_wall_ms":0.021334000,"count_scope":"inclusive","owner_commits":2,"projection_invocations":1}
RISE_FIRE_OWNER_PROFILE_V1 {"scope":97,"parent":94,"phase":"ReadOpenClass","stage":2,"raw_iteration":2147483650,"iteration_kind":"terminal","wall_ms":0.168625000,"device_sum_ms":0.002666609,"wall_minus_device_ms":0.165958391,"exclusive_wall_ms":0.168625000,"exclusive_device_sum_ms":0.002666609,"child_observer_wall_ms":0.000000000,"count_scope":"inclusive","owner_commits":1,"projection_invocations":0}
RISE_FIRE_OWNER_PROFILE_V1 {"scope":98,"parent":94,"phase":"ReadOpenClass","stage":2,"raw_iteration":2147483650,"iteration_kind":"terminal","wall_ms":0.151875000,"device_sum_ms":0.002416782,"wall_minus_device_ms":0.149458218,"exclusive_wall_ms":0.151875000,"exclusive_device_sum_ms":0.002416782,"child_observer_wall_ms":0.000000000,"count_scope":"inclusive","owner_commits":1,"projection_invocations":0}
PRODUCER_COMMAND_V1 stage=2 raw_iteration=2147483650 cpu_begin=1943652204290000 cpu_end=1943657571003750 gpu_begin=1943652204290000 gpu_end=1943657571003750 device_ms=5285.7396251056343 encoders=35 interval_scope=possibly_overlapping
PRODUCER_KERNEL_V1 stage=2 raw_iteration=2147483650 ordinal=0 kernel=owner_pack_faces threads=1533387 begin_tick=1943652285303083 end_tick=1943652285353958 ms_per_tick=9.9999999999999995e-07 device_ms=0.050874999999999997
PRODUCER_KERNEL_V1 stage=2 raw_iteration=2147483650 ordinal=1 kernel=owner_pack_faces threads=1533387 begin_tick=1943652285384750 end_tick=1943652285435541 ms_per_tick=9.9999999999999995e-07 device_ms=0.050790999999999996
PRODUCER_KERNEL_V1 stage=2 raw_iteration=2147483650 ordinal=2 kernel=owner_pack_faces threads=1533387 begin_tick=1943652285497916 end_tick=1943652285574000 ms_per_tick=9.9999999999999995e-07 device_ms=0.076083999999999999
PRODUCER_KERNEL_V1 stage=2 raw_iteration=2147483650 ordinal=3 kernel=fct_extract_gas_density threads=504666 begin_tick=1943652285531166 end_tick=1943652285574208 ms_per_tick=9.9999999999999995e-07 device_ms=0.043041999999999997
PRODUCER_KERNEL_V1 stage=2 raw_iteration=2147483650 ordinal=4 kernel=owner_gas_source threads=504666 begin_tick=1943652285904166 end_tick=1943652285946125 ms_per_tick=9.9999999999999995e-07 device_ms=0.041958999999999996
PRODUCER_KERNEL_V1 stage=2 raw_iteration=2147483650 ordinal=5 kernel=evaluate_resident_transport threads=504666 begin_tick=1943652286014250 end_tick=1943652286607166 ms_per_tick=9.9999999999999995e-07 device_ms=0.592916
PRODUCER_KERNEL_V1 stage=2 raw_iteration=2147483650 ordinal=6 kernel=identify_resident_transport threads=1 begin_tick=1943652286607500 end_tick=1943652876508625 ms_per_tick=9.9999999999999995e-07 device_ms=589.90112499999998
PRODUCER_KERNEL_V1 stage=2 raw_iteration=2147483650 ordinal=7 kernel=owner_bind_transport threads=1 begin_tick=1943652876524000 end_tick=1943652876527375 ms_per_tick=9.9999999999999995e-07 device_ms=0.003375
PRODUCER_KERNEL_V1 stage=2 raw_iteration=2147483650 ordinal=8 kernel=identify_resident_owner_endpoint_class threads=1 begin_tick=1943652876527666 end_tick=1943652879215000 ms_per_tick=9.9999999999999995e-07 device_ms=2.6873339999999999
PRODUCER_KERNEL_V1 stage=2 raw_iteration=2147483650 ordinal=9 kernel=evaluate_resident_physical_flux threads=1533387 begin_tick=1943652879229791 end_tick=1943652880372083 ms_per_tick=9.9999999999999995e-07 device_ms=1.1422919999999999
PRODUCER_KERNEL_V1 stage=2 raw_iteration=2147483650 ordinal=10 kernel=evaluate_resident_advective_pair threads=13800483 begin_tick=1943652880372458 end_tick=1943652887460833 ms_per_tick=9.9999999999999995e-07 device_ms=7.0883750000000001
PRODUCER_KERNEL_V1 stage=2 raw_iteration=2147483650 ordinal=11 kernel=finalize_resident_advective_high threads=13800483 begin_tick=1943652887462541 end_tick=1943652887890791 ms_per_tick=9.9999999999999995e-07 device_ms=0.42824999999999996
PRODUCER_KERNEL_V1 stage=2 raw_iteration=2147483650 ordinal=12 kernel=compose_resident_flux_pair threads=13800483 begin_tick=1943652887891208 end_tick=1943652888780333 ms_per_tick=9.9999999999999995e-07 device_ms=0.88912499999999994
PRODUCER_KERNEL_V1 stage=2 raw_iteration=2147483650 ordinal=13 kernel=validate_resident_physical_flux threads=13800483 begin_tick=1943652888781083 end_tick=1943652889644416 ms_per_tick=9.9999999999999995e-07 device_ms=0.86333299999999991
PRODUCER_KERNEL_V1 stage=2 raw_iteration=2147483650 ordinal=14 kernel=identify_resident_physical_flux threads=1 begin_tick=1943652889645125 end_tick=1943656130006416 ms_per_tick=9.9999999999999995e-07 device_ms=3240.3612909999997
PRODUCER_KERNEL_V1 stage=2 raw_iteration=2147483650 ordinal=15 kernel=owner_bind_candidate threads=1 begin_tick=1943656130022541 end_tick=1943656571901625 ms_per_tick=9.9999999999999995e-07 device_ms=441.87908399999998
PRODUCER_KERNEL_V1 stage=2 raw_iteration=2147483650 ordinal=16 kernel=finalize_resident_eos_candidate threads=1 begin_tick=1943656571918000 end_tick=1943656571920875 ms_per_tick=9.9999999999999995e-07 device_ms=0.002875
PRODUCER_KERNEL_V1 stage=2 raw_iteration=2147483650 ordinal=17 kernel=evaluate_resident_eos_candidate threads=504666 begin_tick=1943656571921625 end_tick=1943657178914541 ms_per_tick=9.9999999999999995e-07 device_ms=606.99291599999992
PRODUCER_KERNEL_V1 stage=2 raw_iteration=2147483650 ordinal=18 kernel=finalize_resident_eos_candidate threads=1 begin_tick=1943657178929958 end_tick=1943657178932625 ms_per_tick=9.9999999999999995e-07 device_ms=0.0026669999999999997
PRODUCER_KERNEL_V1 stage=2 raw_iteration=2147483650 ordinal=19 kernel=identify_resident_eos threads=1 begin_tick=1943657178933208 end_tick=1943657223672916 ms_per_tick=9.9999999999999995e-07 device_ms=44.739708
PRODUCER_KERNEL_V1 stage=2 raw_iteration=2147483650 ordinal=20 kernel=produce_resident_frozen_source threads=504666 begin_tick=1943657223688458 end_tick=1943657223719416 ms_per_tick=9.9999999999999995e-07 device_ms=0.030957999999999999
PRODUCER_KERNEL_V1 stage=2 raw_iteration=2147483650 ordinal=21 kernel=identify_resident_frozen_source threads=1 begin_tick=1943657223720041 end_tick=1943657260358000 ms_per_tick=9.9999999999999995e-07 device_ms=36.637958999999995
PRODUCER_KERNEL_V1 stage=2 raw_iteration=2147483650 ordinal=22 kernel=evaluate_resident_target_terms threads=504666 begin_tick=1943657260373041 end_tick=1943657384509708 ms_per_tick=9.9999999999999995e-07 device_ms=124.13666699999999
PRODUCER_KERNEL_V1 stage=2 raw_iteration=2147483650 ordinal=23 kernel=finalize_resident_target threads=1 begin_tick=1943657384525458 end_tick=1943657384528791 ms_per_tick=9.9999999999999995e-07 device_ms=0.003333
PRODUCER_KERNEL_V1 stage=2 raw_iteration=2147483650 ordinal=24 kernel=identify_resident_target threads=1 begin_tick=1943657384529083 end_tick=1943657442502666 ms_per_tick=9.9999999999999995e-07 device_ms=57.973582999999998
PRODUCER_KERNEL_V1 stage=2 raw_iteration=2147483650 ordinal=25 kernel=issue_resident_projection_consumer threads=1 begin_tick=1943657442518375 end_tick=1943657442522583 ms_per_tick=9.9999999999999995e-07 device_ms=0.0042079999999999999
PRODUCER_KERNEL_V1 stage=2 raw_iteration=2147483650 ordinal=26 kernel=consume_resident_target threads=1 begin_tick=1943657442522875 end_tick=1943657480566708 ms_per_tick=9.9999999999999995e-07 device_ms=38.043832999999999
PRODUCER_KERNEL_V1 stage=2 raw_iteration=2147483650 ordinal=27 kernel=owner_compose_target threads=504666 begin_tick=1943657480581041 end_tick=1943657480612416 ms_per_tick=9.9999999999999995e-07 device_ms=0.031375
PRODUCER_KERNEL_V1 stage=2 raw_iteration=2147483650 ordinal=28 kernel=finalize_resident_target threads=1 begin_tick=1943657480612833 end_tick=1943657480615666 ms_per_tick=9.9999999999999995e-07 device_ms=0.002833
PRODUCER_KERNEL_V1 stage=2 raw_iteration=2147483650 ordinal=29 kernel=owner_identify_target threads=1 begin_tick=1943657480616208 end_tick=1943657532476875 ms_per_tick=9.9999999999999995e-07 device_ms=51.860666999999999
PRODUCER_KERNEL_V1 stage=2 raw_iteration=2147483650 ordinal=30 kernel=issue_resident_projection_consumer threads=1 begin_tick=1943657532507833 end_tick=1943657532512083 ms_per_tick=9.9999999999999995e-07 device_ms=0.0042499999999999994
PRODUCER_KERNEL_V1 stage=2 raw_iteration=2147483650 ordinal=31 kernel=consume_resident_target threads=1 begin_tick=1943657532512666 end_tick=1943657569868625 ms_per_tick=9.9999999999999995e-07 device_ms=37.355958999999999
PRODUCER_KERNEL_V1 stage=2 raw_iteration=2147483650 ordinal=32 kernel=owner_issue_stage_seal threads=1 begin_tick=1943657569884166 end_tick=1943657569887833 ms_per_tick=9.9999999999999995e-07 device_ms=0.0036669999999999997
PRODUCER_KERNEL_V1 stage=2 raw_iteration=2147483650 ordinal=33 kernel=fct_compatible_stage_rate threads=1533387 begin_tick=1943657570289791 end_tick=1943657570812333 ms_per_tick=9.9999999999999995e-07 device_ms=0.52254199999999995
PRODUCER_KERNEL_V1 stage=2 raw_iteration=2147483650 ordinal=34 kernel=owner_heun_momentum threads=1533387 begin_tick=1943657570812833 end_tick=1943657570904458 ms_per_tick=9.9999999999999995e-07 device_ms=0.091624999999999998
RISE_FIRE_OWNER_PROFILE_V1 {"scope":99,"parent":94,"phase":"BuildStageProducerGroup","stage":2,"raw_iteration":2147483650,"iteration_kind":"terminal","wall_ms":5366.868250000,"device_sum_ms":5285.739625106,"wall_minus_device_ms":81.128624894,"exclusive_wall_ms":5366.868250000,"exclusive_device_sum_ms":5285.739625106,"child_observer_wall_ms":0.000000000,"count_scope":"inclusive","owner_commits":1,"projection_invocations":0}
RISE_FIRE_OWNER_PROFILE_V1 {"scope":100,"parent":94,"phase":"Residual","stage":2,"raw_iteration":2147483650,"iteration_kind":"terminal","wall_ms":2.498667000,"device_sum_ms":0.200374983,"wall_minus_device_ms":2.298292017,"exclusive_wall_ms":2.498667000,"exclusive_device_sum_ms":0.200374983,"child_observer_wall_ms":0.000000000,"count_scope":"inclusive","owner_commits":1,"projection_invocations":0}
RISE_FIRE_OWNER_PROFILE_V1 {"scope":94,"parent":87,"phase":"TerminalVerification","stage":2,"raw_iteration":2147483650,"iteration_kind":"terminal","wall_ms":5564.066125000,"device_sum_ms":5476.526375627,"wall_minus_device_ms":87.539749373,"exclusive_wall_ms":0.004251000,"exclusive_device_sum_ms":0.000000000,"child_observer_wall_ms":0.040457000,"count_scope":"inclusive","owner_commits":6,"projection_invocations":1}
RISE_FIRE_OWNER_PROFILE_V1 {"scope":87,"parent":69,"phase":"PicardIteration","stage":2,"raw_iteration":2,"iteration_kind":"picard","wall_ms":11122.569416000,"device_sum_ms":10944.412792102,"wall_minus_device_ms":178.156623898,"exclusive_wall_ms":2.414542000,"exclusive_device_sum_ms":0.000000000,"child_observer_wall_ms":0.052541000,"count_scope":"inclusive","owner_commits":12,"projection_invocations":2}
RISE_FIRE_OWNER_PROFILE_V1 {"scope":69,"parent":1,"phase":"SolveStage","stage":2,"raw_iteration":4294967295,"iteration_kind":"bootstrap","wall_ms":27779.562250000,"device_sum_ms":27328.243166208,"wall_minus_device_ms":451.319083792,"exclusive_wall_ms":2.162042000,"exclusive_device_sum_ms":0.000000000,"child_observer_wall_ms":0.040209000,"count_scope":"inclusive","owner_commits":27,"projection_invocations":5}
RISE_FIRE_OWNER_PROFILE_V1 {"scope":101,"parent":1,"phase":"TerminalPublication","stage":4294967295,"raw_iteration":4294967295,"iteration_kind":"owner","wall_ms":13.719750000,"device_sum_ms":5.041666562,"wall_minus_device_ms":8.678083438,"exclusive_wall_ms":13.719750000,"exclusive_device_sum_ms":5.041666562,"child_observer_wall_ms":0.000000000,"count_scope":"inclusive","owner_commits":1,"projection_invocations":0}
RISE_FIRE_OWNER_PROFILE_V1 {"scope":1,"parent":0,"phase":"OwnerRun","stage":4294967295,"raw_iteration":4294967295,"iteration_kind":"owner","wall_ms":89646.151667000,"device_sum_ms":88174.640623620,"wall_minus_device_ms":1471.511043380,"exclusive_wall_ms":6.643460000,"exclusive_device_sum_ms":0.017666724,"child_observer_wall_ms":0.060874000,"count_scope":"inclusive","owner_commits":86,"projection_invocations":15}
capstone accepted step=3 time=0.00493879791 dt=0.00164626597 Tmax=307.866404 qmax=0 eos_max=7.67236907e-05 approach_eos_max=7.67236907e-05 limiter_class=continuous limiter_discrepancy=0 active_set_class=continuous active_set_discrepancy=0 active_set_cycle=0 active_set_faces=0
capstone pilot diagnostic Tmax=307.866045 CH4max=8.07286779e-06 O2max=0.265995681 eos_max=7.67236907e-05 approach_eos_max=7.67236907e-05
OWNER_COST_PREFIX complete=1 steps=3 time=0.004938797908835113 wall_s=255.07728624999999 outcome_sha256=718368c3830d056a47198bceb0d17619630725d06cbe95f87a672bd135dec9c5 full_verdict=unavailable error=
