accepted_step,time_s,dt_s,maximum_velocity_m_per_s,axis,face,x,y,z,manifold_max,manifold_p95,manifold_p50,tail_cells,tail_drained_m3
1,0.0016462659696117043,0.0016462659696117043,0.12931376695632935,2,2725,34,39,0,0.010313630104064941,1.1920928955078125e-07,1.1920928955078125e-07,0,0
2,0.0032925319392234087,0.0016462659696117043,0.28773248195648193,2,2659,37,38,0,0.017837047576904297,1.1920928955078125e-07,1.1920928955078125e-07,0,0
3,0.004938797908835113,0.0016462659696117043,0.35816061496734619,2,2659,37,38,0,0.018983602523803711,1.1920928955078125e-07,1.1920928955078125e-07,0,0
4,0.0065850638784468174,0.0016462659696117043,0.3095964789390564,2,2659,37,38,0,0.015125274658203125,1.7881393432617188e-07,1.1920928955078125e-07,0,0
5,0.0082313298480585217,0.0016462659696117043,0.25081831216812134,1,2725,34,39,0,0.01385653018951416,3.5762786865234375e-07,1.1920928955078125e-07,0,0
6,0.0098775958176702261,0.0016462659696117043,0.21784582734107971,1,2725,34,39,0,0.015035450458526611,2.9802322387695312e-07,1.1920928955078125e-07,0,0
7,0.01152386178728193,0.0016462659696117043,0.23889824748039246,2,2659,37,38,0,0.016617298126220703,3.5762786865234375e-07,1.1920928955078125e-07,0,0
8,0.013170127756893635,0.0016462659696117043,0.30917400121688843,2,2725,34,39,0,0.01443028450012207,3.5762786865234375e-07,1.1920928955078125e-07,0,0
9,0.014816393726505339,0.0016462659696117043,0.29834693670272827,2,2653,31,38,0,0.015072941780090332,3.5762786865234375e-07,1.1920928955078125e-07,0,0
10,0.016462659696117043,0.0016462659696117043,0.23986369371414185,2,2448,33,35,0,0.016754567623138428,3.5762786865234375e-07,1.1920928955078125e-07,0,0
11,0.018108925665728748,0.0016462659696117043,0.33226558566093445,2,2380,34,34,0,0.021289944648742676,3.5762786865234375e-07,1.1920928955078125e-07,0,0
12,0.019755191635340452,0.0016462659696117043,0.36375430226325989,2,2380,34,34,0,0.026338517665863037,3.5762786865234375e-07,1.1920928955078125e-07,0,0
13,0.021401457604952157,0.0016462659696117043,0.29223701357841492,2,2380,34,34,0,0.023985862731933594,3.5762786865234375e-07,1.1920928955078125e-07,0,0
14,0.023047723574563861,0.0016462659696117043,0.25911170244216919,2,2660,38,38,0,0.015224933624267578,3.5762786865234375e-07,1.1920928955078125e-07,0,0
15,0.024693989544175565,0.0016462659696117043,0.24698163568973541,2,2660,38,38,0,0.011939406394958496,3.5762786865234375e-07,1.1920928955078125e-07,0,0
16,0.02634025551378727,0.0016462659696117043,0.30858248472213745,2,2380,34,34,0,0.024643898010253906,3.5762786865234375e-07,1.1920928955078125e-07,0,0
17,0.027986521483398974,0.0016462659696117043,0.42254772782325745,2,2380,34,34,0,0.036734342575073242,3.5762786865234375e-07,1.1920928955078125e-07,0,0
18,0.029632787453010678,0.0016462659696117043,0.39312568306922913,2,2380,34,34,0,0.035590171813964844,3.5762786865234375e-07,1.1920928955078125e-07,0,0
19,0.031279053422622383,0.0016462659696117043,0.25658497214317322,2,2725,34,39,0,0.020382165908813477,3.5762786865234375e-07,1.1920928955078125e-07,0,0
20,0.032925319392234087,0.0016462659696117043,0.38594916462898254,2,2725,34,39,0,0.016883134841918945,3.5762786865234375e-07,1.1920928955078125e-07,0,0
21,0.034571585361845791,0.0016462659696117043,0.37455305457115173,2,2725,34,39,0,0.022962093353271484,3.5762786865234375e-07,1.1920928955078125e-07,0,0
22,0.036217851331457496,0.0016462659696117043,0.33098435401916504,2,2380,34,34,0,0.031853735446929932,3.5762786865234375e-07,1.1920928955078125e-07,0,0
23,0.0378641173010692,0.0016462659696117043,0.28319317102432251,2,2380,34,34,0,0.025978624820709229,3.5762786865234375e-07,1.1920928955078125e-07,0,0
24,0.039510383270680904,0.0016462659696117043,0.21791845560073853,2,2383,37,34,0,0.018959105014801025,3.5762786865234375e-07,1.1920928955078125e-07,0,0
25,0.041156649240292609,0.0016462659696117043,0.24487252533435822,2,2240,32,32,0,0.021399497985839844,3.5762786865234375e-07,1.1920928955078125e-07,0,0
26,0.042802915209904313,0.0016462659696117043,0.29239675402641296,2,2660,38,38,0,0.02413862943649292,3.5762786865234375e-07,1.1920928955078125e-07,0,0
27,0.044449181179516017,0.0016462659696117043,0.24377243220806122,2,2728,37,39,0,0.017848610877990723,3.5762786865234375e-07,1.1920928955078125e-07,0,0
28,0.046095447149127722,0.0016462659696117043,0.10161643475294113,2,7141,34,34,1,0.012045145034790039,3.5762786865234375e-07,1.1920928955078125e-07,0,0
29,0.047741713118739426,0.0016462659696117043,0.17758810520172119,2,2380,34,34,0,0.019038498401641846,3.5762786865234375e-07,1.1920928955078125e-07,0,0
30,0.04938797908835113,0.0016462659696117043,0.20054645836353302,2,2380,34,34,0,0.028099417686462402,3.5762786865234375e-07,1.1920928955078125e-07,0,0
31,0.051034245057962835,0.0016462659696117043,0.22031527757644653,2,2101,31,30,0,0.0190926194190979,3.5762786865234375e-07,1.1920928955078125e-07,0,0
32,0.052680511027574539,0.0016462659696117043,0.36499732732772827,2,2660,38,38,0,0.014575839042663574,3.5762786865234375e-07,1.1920928955078125e-07,0,0
33,0.054326776997186244,0.0016462659696117043,0.35224989056587219,2,2380,34,34,0,0.03346705436706543,3.5762786865234375e-07,1.1920928955078125e-07,0,0
34,0.055973042966797948,0.0016462659696117043,0.43612381815910339,2,2380,34,34,0,0.048037052154541016,3.5762786865234375e-07,1.1920928955078125e-07,0,0
35,0.057619308936409652,0.0016462659696117043,0.32498708367347717,2,2380,34,34,0,0.038422107696533203,4.76837158203125e-07,1.1920928955078125e-07,0,0
36,0.059265574906021357,0.0016462659696117043,0.25959587097167969,2,7141,34,34,1,0.01277315616607666,4.76837158203125e-07,1.1920928955078125e-07,0,0
37,0.060911840875633061,0.0016462659696117043,0.26711732149124146,2,2380,34,34,0,0.026830077171325684,4.76837158203125e-07,1.1920928955078125e-07,0,0
38,0.062558106845244765,0.0016462659696117043,0.47041225433349609,2,2380,34,34,0,0.047461211681365967,4.76837158203125e-07,1.1920928955078125e-07,0,0
39,0.06420437281485647,0.0016462659696117043,0.47753489017486572,2,2380,34,34,0,0.04513174295425415,4.76837158203125e-07,1.1920928955078125e-07,0,0
40,0.065850638784468174,0.0016462659696117043,0.30997034907341003,2,2380,34,34,0,0.02303314208984375,4.76837158203125e-07,1.1920928955078125e-07,0,0
41,0.067496904754079878,0.0016462659696117043,0.20405967533588409,2,2518,34,36,0,0.019302189350128174,4.76837158203125e-07,1.1920928955078125e-07,0,0
42,0.069143170723691583,0.0016462659696117043,0.15128032863140106,2,2380,34,34,0,0.026611566543579102,4.76837158203125e-07,1.1920928955078125e-07,0,0
43,0.070789436693303287,0.0016462659696117043,0.24788595736026764,2,2380,34,34,0,0.029586076736450195,4.76837158203125e-07,1.1920928955078125e-07,0,0
44,0.072435702662914991,0.0016462659696117043,0.37523353099822998,2,2032,31,29,0,0.018111705780029297,4.76837158203125e-07,1.1920928955078125e-07,0,0
45,0.074081968632526696,0.0016462659696117043,0.26807937026023865,2,2100,30,30,0,0.02503204345703125,4.76837158203125e-07,1.1920928955078125e-07,0,0
46,0.0757282346021384,0.0016462659696117043,0.21035590767860413,2,2448,33,35,0,0.024096250534057617,4.76837158203125e-07,1.1920928955078125e-07,0,0
47,0.077374500571750104,0.0016462659696117043,0.24250577390193939,2,1969,37,28,0,0.014240860939025879,4.76837158203125e-07,1.1920928955078125e-07,0,0
48,0.079020766541361809,0.0016462659696117043,0.20138362050056458,1,2724,33,39,0,0.015456795692443848,4.76837158203125e-07,1.1920928955078125e-07,0,0
49,0.080667032510973513,0.0016462659696117043,0.34900766611099243,2,2728,37,39,0,0.032472729682922363,4.76837158203125e-07,1.1920928955078125e-07,0,0
50,0.082313298480585217,0.0016462659696117043,0.51726353168487549,2,2038,37,29,0,0.019861340522766113,4.76837158203125e-07,1.1920928955078125e-07,0,0
51,0.083959564450196922,0.0016462659696117043,0.35714814066886902,2,2107,37,30,0,0.026234269142150879,4.76837158203125e-07,1.1920928955078125e-07,0,0
52,0.085605830419808626,0.0016462659696117043,0.26272010803222656,0,2628,38,37,0,0.034169375896453857,4.76837158203125e-07,1.1920928955078125e-07,0,0
53,0.087252096389420331,0.0016462659696117043,0.35241007804870605,2,1969,37,28,0,0.025298476219177246,4.76837158203125e-07,1.1920928955078125e-07,0,0
54,0.088898362359032035,0.0016462659696117043,0.29139557480812073,2,2176,37,31,0,0.045135140419006348,4.76837158203125e-07,1.1920928955078125e-07,0,0
55,0.090544628328643739,0.0016462659696117043,0.45964843034744263,2,1969,37,28,0,0.049246072769165039,4.76837158203125e-07,1.1920928955078125e-07,0,0
56,0.092190894298255444,0.0016462659696117043,0.57560700178146362,2,2791,31,40,0,0.015850603580474854,5.3644180297851562e-07,1.1920928955078125e-07,0,0
57,0.093837160267867148,0.0016462659696117043,0.24686595797538757,2,2660,38,38,0,0.046978473663330078,5.3644180297851562e-07,1.1920928955078125e-07,0,0
58,0.095483426237478852,0.0016462659696117043,0.40806624293327332,2,1969,37,28,0,0.050192117691040039,5.3644180297851562e-07,1.1920928955078125e-07,0,0
59,0.097129692207090557,0.0016462659696117043,0.49616110324859619,2,2791,31,40,0,0.014597415924072266,5.3644180297851562e-07,1.1920928955078125e-07,0,0
60,0.098775958176702261,0.0016462659696117043,0.18268248438835144,0,2410,30,34,0,0.065534591674804688,5.3644180297851562e-07,1.1920928955078125e-07,0,0
61,0.10042222414631397,0.0016462659696117043,0.85680770874023438,2,2179,40,31,0,0.075116276741027832,5.3644180297851562e-07,1.1920928955078125e-07,8,6.88217915206668e-07
62,0.10206849011592567,0.0016462659696117043,0.78199446201324463,2,2248,40,32,0,0.019586086273193359,5.9604644775390625e-07,1.1920928955078125e-07,16,4.4050763347246099e-06
63,0.10371475608553737,0.0016462659696117043,0.29493790864944458,2,2380,34,34,0,0.075980126857757568,5.9604644775390625e-07,1.1920928955078125e-07,0,0
64,0.10536102205514908,0.0016462659696117043,0.63486862182617188,2,1969,37,28,0,0.060646891593933105,5.3644180297851562e-07,1.1920928955078125e-07,24,5.8686674769384528e-06
65,0.10700728802476078,0.0016462659696117043,0.62462741136550903,2,2791,31,40,0,0.023630142211914062,5.3644180297851562e-07,1.1920928955078125e-07,0,0
66,0.10865355399437249,0.0016462659696117043,0.40037423372268677,2,1968,36,28,0,0.10050630569458008,5.3644180297851562e-07,1.1920928955078125e-07,0,0
67,0.11029981996398419,0.0016462659696117043,1.134351372718811,2,2248,40,32,0,0.092977046966552734,5.9604644775390625e-07,1.1920928955078125e-07,36,3.2004652294149468e-05
68,0.1119460859335959,0.0016462659696117043,0.91499155759811401,2,2178,39,31,0,0.050474464893341064,5.9604644775390625e-07,1.1920928955078125e-07,36,2.5939954791305619e-05
69,0.1135923519032076,0.0016462659696117043,0.2887953519821167,0,2550,30,36,0,0.081799805164337158,5.9604644775390625e-07,1.1920928955078125e-07,0,0
70,0.1152386178728193,0.0016462659696117043,0.7172505259513855,2,2109,39,30,0,0.0609893798828125,5.9604644775390625e-07,1.1920928955078125e-07,56,1.6067704384195273e-05
71,0.11688488384243101,0.0016462659696117043,0.69253122806549072,2,2109,39,30,0,0.043991327285766602,5.9604644775390625e-07,1.1920928955078125e-07,0,0
72,0.11853114981204271,0.0016462659696117043,0.51406627893447876,2,2592,39,37,0,0.10893189907073975,5.9604644775390625e-07,1.1920928955078125e-07,0,0
73,0.12017741578165442,0.0016462659696117043,1.260532021522522,2,2178,39,31,0,0.094928860664367676,5.9604644775390625e-07,1.1920928955078125e-07,68,6.552480865701985e-05
74,0.12182368175126612,0.0016462659696117043,0.971793532371521,2,2178,39,31,0,0.070043683052062988,5.9604644775390625e-07,1.1920928955078125e-07,56,4.1762514881885877e-05
75,0.12346994772087783,0.0016462659696117043,0.45993009209632874,1,2103,33,30,0,0.087399482727050781,5.9604644775390625e-07,1.1920928955078125e-07,8,1.846463428276945e-06
76,0.12511621369048953,0.0016462659696117043,0.8505624532699585,0,2419,39,34,0,0.061603665351867676,5.9604644775390625e-07,1.1920928955078125e-07,84,3.6919929306367749e-05
77,0.12676247966010123,0.0016462659696117043,0.73352259397506714,1,2104,34,30,0,0.039058029651641846,5.9604644775390625e-07,1.1920928955078125e-07,0,0
78,0.12840874562971294,0.0016462659696117043,0.60314607620239258,2,2660,38,38,0,0.11271059513092041,5.9604644775390625e-07,1.1920928955078125e-07,0,0
79,0.13005501159932464,0.0016462659696117043,1.345726490020752,2,2592,39,37,0,0.096637725830078125,5.9604644775390625e-07,1.1920928955078125e-07,84,7.8743894398806483e-05
80,0.13170127756893635,0.0016462659696117043,1.0229493379592896,2,2168,29,31,0,0.04908907413482666,5.9604644775390625e-07,1.1920928955078125e-07,68,5.2350053289397985e-05
81,0.13334754353854805,0.0016462659696117043,0.37726503610610962,0,2697,37,38,0,0.080826222896575928,5.9604644775390625e-07,1.1920928955078125e-07,0,0
82,0.13499380950815976,0.0016462659696117043,1.0600097179412842,1,2725,34,39,0,0.093147158622741699,5.9604644775390625e-07,1.1920928955078125e-07,92,3.3528518054155579e-05
83,0.13664007547777146,0.0016462659696117043,1.1431635618209839,1,2725,34,39,0,0.039693236351013184,5.9604644775390625e-07,1.1920928955078125e-07,20,1.3967281232337399e-05
84,0.13828634144738317,0.0016462659696117043,0.76944261789321899,2,2725,34,39,0,0.11654102802276611,5.9604644775390625e-07,1.1920928955078125e-07,0,0
85,0.13993260741699487,0.0016462659696117043,1.4711021184921265,2,2582,29,37,0,0.098510026931762695,5.9604644775390625e-07,1.1920928955078125e-07,76,7.6377030612954382e-05
86,0.14157887338660657,0.0016462659696117043,1.1908763647079468,2,2582,29,37,0,0.033649802207946777,5.9604644775390625e-07,1.1920928955078125e-07,68,4.5885631008597498e-05
87,0.14322513935621828,0.0016462659696117043,0.78997033834457397,1,2725,34,39,0,0.083915591239929199,5.9604644775390625e-07,1.1920928955078125e-07,0,0
88,0.14487140532582998,0.0016462659696117043,1.1296324729919434,0,2410,30,34,0,0.062292575836181641,5.9604644775390625e-07,1.1920928955078125e-07,76,2.8027638413674188e-05
89,0.14651767129544169,0.0016462659696117043,1.0149435997009277,0,2410,30,34,0,0.046897947788238525,5.9604644775390625e-07,1.1920928955078125e-07,0,0
90,0.14816393726505339,0.0016462659696117043,0.54549491405487061,2,2728,37,39,0,0.11912500858306885,5.9604644775390625e-07,1.1920928955078125e-07,0,0
91,0.1498102032346651,0.0016462659696117043,1.3528057336807251,2,2582,29,37,0,0.10767745971679688,5.9604644775390625e-07,1.1920928955078125e-07,68,6.7869601992652027e-05
92,0.1514564692042768,0.0016462659696117043,1.0614868402481079,2,2178,39,31,0,0.064474999904632568,5.9604644775390625e-07,1.1920928955078125e-07,68,6.3285052230863285e-05
93,0.1531027351738885,0.0016462659696117043,0.88758951425552368,2,2380,34,34,0,0.083310842514038086,5.9604644775390625e-07,1.1920928955078125e-07,1,3.2297246569993656e-08
94,0.15474900114350021,0.0016462659696117043,1.0571907758712769,1,2103,33,30,0,0.06166529655456543,5.9604644775390625e-07,1.1920928955078125e-07,85,2.4774185584643946e-05
95,0.15639526711311191,0.0016462659696117043,0.99122178554534912,1,2103,33,30,0,0.036407887935638428,5.9604644775390625e-07,1.1920928955078125e-07,0,0
96,0.15804153308272362,0.0016462659696117043,0.51518911123275757,2,2178,39,31,0,0.12020576000213623,5.9604644775390625e-07,1.1920928955078125e-07,0,0
97,0.15968779905233532,0.0016462659696117043,1.3412253856658936,2,2317,40,33,0,0.11369240283966064,5.9604644775390625e-07,1.1920928955078125e-07,76,7.1710963800496758e-05
98,0.16133406502194703,0.0016462659696117043,1.0197829008102417,2,2178,39,31,0,0.10382866859436035,7.152557373046875e-07,1.1920928955078125e-07,73,7.0128411848972247e-05
99,0.16298033099155873,0.0016462659696117043,0.45876246690750122,2,2380,34,34,0,0.086000204086303711,7.152557373046875e-07,1.1920928955078125e-07,5,1.2802643083503173e-06
100,0.16462659696117043,0.0016462659696117043,1.0776840448379517,1,2104,34,30,0,0.06877058744430542,5.9604644775390625e-07,1.1920928955078125e-07,77,2.3723619257910714e-05
101,0.16627286293078214,0.0016462659696117043,1.1422790288925171,1,2104,34,30,0,0.059530019760131836,7.152557373046875e-07,1.1920928955078125e-07,8,1.4214480029146801e-06
102,0.16791912890039384,0.0016462659696117043,0.68040257692337036,2,2380,34,34,0,0.12044525146484375,7.152557373046875e-07,1.1920928955078125e-07,0,0
103,0.16956539487000555,0.0016462659696117043,1.3787800073623657,2,2795,35,40,0,0.11391556262969971,7.152557373046875e-07,1.1920928955078125e-07,69,7.7879098845328614e-05
104,0.17121166083961725,0.0016462659696117043,1.1082485914230347,2,2168,29,31,0,0.081702470779418945,7.152557373046875e-07,1.1920928955078125e-07,69,6.9759161634737096e-05
105,0.17285792680922896,0.0016462659696117043,0.53620225191116333,1,2170,31,31,0,0.080929815769195557,7.152557373046875e-07,1.1920928955078125e-07,5,2.283036043217308e-06
106,0.17450419277884066,0.0016462659696117043,0.9377257227897644,1,2724,33,39,0,0.085634708404541016,7.152557373046875e-07,1.1920928955078125e-07,68,2.5633555432309568e-05
107,0.17615045874845237,0.0016462659696117043,0.9382321834564209,2,1969,37,28,0,0.076501429080963135,7.152557373046875e-07,1.1920928955078125e-07,16,6.8797156022017683e-06
108,0.17779672471806407,0.0016462659696117043,0.55692553520202637,2,7009,40,32,1,0.12179684638977051,7.152557373046875e-07,1.1920928955078125e-07,5,1.9378696885765133e-06
109,0.17944299068767577,0.0016462659696117043,1.3688859939575195,2,2168,29,31,0,0.12083315849304199,7.152557373046875e-07,1.1920928955078125e-07,100,0.00010055045302626951
110,0.18108925665728748,0.0016462659696117043,1.2497801780700684,2,2179,40,31,0,0.066404104232788086,8.3446502685546875e-07,1.1920928955078125e-07,68,9.2381767310934946e-05
111,0.18273552262689918,0.0016462659696117043,0.57143193483352661,1,2583,30,37,0,0.11309456825256348,7.152557373046875e-07,1.1920928955078125e-07,11,6.4209347607916583e-07
112,0.18438178859651089,0.0016462659696117043,1.111897349357605,0,2419,39,34,0,0.11417722702026367,7.152557373046875e-07,1.1920928955078125e-07,93,5.0414251512938611e-05
113,0.18602805456612259,0.0016462659696117043,1.23829185962677,0,2419,39,34,0,0.069510936737060547,7.152557373046875e-07,1.1920928955078125e-07,63,3.7385857490299431e-05
114,0.1876743205357343,0.0016462659696117043,0.58994525671005249,2,2177,38,31,0,0.11659681797027588,7.152557373046875e-07,1.1920928955078125e-07,7,1.3479912951400867e-06
115,0.189320586505346,0.0016462659696117043,1.4173784255981445,2,2178,39,31,0,0.12559020519256592,7.152557373046875e-07,1.1920928955078125e-07,74,6.3411730996218411e-05
116,0.1909668524749577,0.0016462659696117043,1.2934030294418335,2,2593,40,37,0,0.055323958396911621,8.3446502685546875e-07,1.1920928955078125e-07,69,9.1108730185860787e-05
117,0.19261311844456941,0.0016462659696117043,0.54554688930511475,2,2581,28,37,0,0.077842116355895996,8.3446502685546875e-07,1.1920928955078125e-07,0,0
118,0.19425938441418111,0.0016462659696117043,0.8045087456703186,2,2031,30,29,0,0.11604535579681396,7.152557373046875e-07,1.1920928955078125e-07,49,1.7368733375786261e-05
119,0.19590565038379282,0.0016462659696117043,1.0547345876693726,2,1963,31,28,0,0.086932539939880371,8.3446502685546875e-07,1.1920928955078125e-07,36,3.3963512761942539e-05
120,0.19755191635340452,0.0016462659696117043,0.67765998840332031,2,6800,38,29,1,0.12023019790649414,7.152557373046875e-07,1.1920928955078125e-07,1,6.7533404018575225e-07
121,0.19919818232301623,0.0016462659696117043,1.3682297468185425,2,2592,39,37,0,0.12725150585174561,7.152557373046875e-07,1.1920928955078125e-07,88,7.8401086476599492e-05
122,0.20084444829262793,0.0016462659696117043,1.4608533382415771,2,2524,40,36,0,0.05932915210723877,8.3446502685546875e-07,1.1920928955078125e-07,68,9.9959912502308099e-05
123,0.20249071426223963,0.0016462659696117043,0.87939280271530151,2,1963,31,28,0,0.10366332530975342,8.3446502685546875e-07,1.1920928955078125e-07,0,0
124,0.20413698023185134,0.0016462659696117043,1.0816037654876709,0,2419,39,34,0,0.12008965015411377,8.3446502685546875e-07,1.1920928955078125e-07,81,3.2493570493700581e-05
125,0.20578324620146304,0.0016462659696117043,1.1582865715026855,0,2419,39,34,0,0.090916156768798828,8.3446502685546875e-07,1.7881393432617188e-07,65,5.773903490578321e-05
126,0.20742951217107475,0.0016462659696117043,0.77940934896469116,2,6870,39,30,1,0.12035858631134033,8.3446502685546875e-07,1.1920928955078125e-07,8,6.1595541379394394e-06
127,0.20907577814068645,0.0016462659696117043,1.2809691429138184,2,2582,29,37,0,0.12883675098419189,8.3446502685546875e-07,1.1920928955078125e-07,85,5.2708766374762707e-05
128,0.20932080256170593,0.00024502442101947963,10.292028427124023,2,1968,36,28,0,0.17442786693572998,7.152557373046875e-07,1.1920928955078125e-07,73,0.00010266903197296643
129,0.20959032941027544,0.00026952684856951237,8.5752620697021484,2,2593,40,37,0,0.066627860069274902,3.5762786865234375e-07,1.1920928955078125e-07,72,0.00014027885705967966
130,0.20988680893788114,0.00029647952760569751,2.7881054878234863,2,2591,38,37,0,0.11629307270050049,9.5367431640625e-07,1.7881393432617188e-07,13,9.387585506685233e-07
131,0.21021293642115779,0.00032612748327665031,6.0739831924438477,1,2104,34,30,0,0.13859653472900391,8.3446502685546875e-07,1.7881393432617188e-07,39,2.9025750797056258e-05
132,0.21057167666731402,0.00035874024615623057,5.6829853057861328,0,2419,39,34,0,0.059685349464416504,3.5762786865234375e-07,1.1920928955078125e-07,71,5.3049124535985223e-05
133,0.21096629093517549,0.00039461426786147058,2.2644636631011963,2,2374,28,34,0,0.13337945938110352,1.0728836059570312e-06,1.7881393432617188e-07,0,0
134,0.21140036662109196,0.0004340756859164685,6.7891926765441895,2,2592,39,37,0,0.1442800760269165,9.5367431640625e-07,1.7881393432617188e-07,100,9.8942892294428303e-05
135,0.21187784988433123,0.00047748326323926449,5.4708390235900879,2,1964,32,28,0,0.070197343826293945,5.3644180297851562e-07,1.1920928955078125e-07,95,0.00013384605838164665
136,0.21240308147389442,0.00052523158956319094,2.0720696449279785,2,2177,38,31,0,0.11331331729888916,1.2516975402832031e-06,3.5762786865234375e-07,3,4.3998233921792571e-07
137,0.21298083622241393,0.00057775474851951003,3.842475414276123,1,2104,34,30,0,0.14293307065963745,9.5367431640625e-07,1.7881393432617188e-07,124,4.5703655774571912e-05
138,0.21361636643996462,0.00063553021755069494,3.4577724933624268,2,2109,39,30,0,0.10440993309020996,5.9604644775390625e-07,1.1920928955078125e-07,70,0.00010123991184367588
139,0.21431544970255345,0.0006990832625888288,1.2876288890838623,2,2169,30,31,0,0.12702524662017822,1.5497207641601562e-06,3.5762786865234375e-07,24,1.707563970829531e-05
140,0.21508444129722193,0.00076899159466847777,3.7158486843109131,2,2582,29,37,0,0.14516818523406982,1.0728836059570312e-06,1.7881393432617188e-07,156,8.4273639703261226e-05
141,0.21593033208046108,0.00084589078323915601,3.139857292175293,2,2592,39,37,0,0.063511133193969727,9.5367431640625e-07,1.7881393432617188e-07,82,0.00012525691521760726
142,0.21686081192456186,0.00093047984410077333,1.7764896154403687,2,6800,38,29,1,0.11455059051513672,1.6689300537109375e-06,3.5762786865234375e-07,2,2.8899953708189569e-08
143,0.21788433974143118,0.0010235278168693185,2.3965814113616943,0,2419,39,34,0,0.14732730388641357,1.1920928955078125e-06,3.5762786865234375e-07,99,4.7004871093072883e-05
144,0.21901022037491202,0.0011258806334808469,2.1633527278900146,2,2109,39,30,0,0.11338120698928833,1.0728836059570312e-06,1.7881393432617188e-07,88,0.00010152283105750726
145,0.22024868906009942,0.0012384686851873994,1.0397863388061523,2,2101,31,30,0,0.11503040790557861,2.0265579223632812e-06,3.5762786865234375e-07,50,4.7542176077509506e-05
146,0.22161100467201322,0.0013623156119138002,2.3314518928527832,2,2177,38,31,0,0.14535462856292725,1.430511474609375e-06,2.9802322387695312e-07,147,6.0683705691009272e-05
147,0.22310955182183534,0.0014985471498221159,2.1940097808837891,2,2177,38,31,0,0.082641124725341797,1.430511474609375e-06,3.5762786865234375e-07,94,9.9193506140164242e-05
148,0.22475581779144704,0.0016462659696117043,1.5845670700073242,2,7490,38,39,1,0.14480888843536377,2.2649765014648438e-06,4.76837158203125e-07,12,2.2326289487454034e-06
149,0.22640208376105875,0.0016462659696117043,1.9998906850814819,2,7490,38,39,1,0.13792157173156738,1.4901161193847656e-06,3.5762786865234375e-07,152,7.0471424530537172e-05
150,0.22804834973067045,0.0016462659696117043,1.6539880037307739,2,6870,39,30,1,0.10229676961898804,1.430511474609375e-06,3.5762786865234375e-07,96,7.8001048418668422e-05
151,0.22969461570028216,0.0016462659696117043,1.0678205490112305,2,6860,29,30,1,0.11249649524688721,2.2649765014648438e-06,4.76837158203125e-07,49,4.3811295361934784e-05
152,0.23134088166989386,0.0016462659696117043,1.7065075635910034,2,2177,38,31,0,0.13060975074768066,1.5497207641601562e-06,3.5762786865234375e-07,60,4.1913967918173214e-05
153,0.23298714763950557,0.0016462659696117043,1.7233554124832153,2,2177,38,31,0,0.07619786262512207,1.4901161193847656e-06,3.5762786865234375e-07,90,9.4389950862105423e-05
154,0.23463341360911727,0.0016462659696117043,1.5815409421920776,2,6800,38,29,1,0.12412631511688232,2.2649765014648438e-06,4.76837158203125e-07,49,6.413502616805186e-06
155,0.23627967957872897,0.0016462659696117043,1.9333186149597168,2,6870,39,30,1,0.12642371654510498,1.5497207641601562e-06,3.5762786865234375e-07,36,2.6870720065677686e-05
156,0.23792594554834068,0.0016462659696117043,1.6359466314315796,2,7490,38,39,1,0.10939013957977295,1.4901161193847656e-06,3.5762786865234375e-07,78,6.232212796273503e-05
157,0.23957221151795238,0.0016462659696117043,1.1407275199890137,2,6860,29,30,1,0.094199776649475098,2.2649765014648438e-06,4.76837158203125e-07,52,4.833704622030131e-05
158,0.24121847748756409,0.0016462659696117043,1.5568162202835083,2,2177,38,31,0,0.13058912754058838,1.6689300537109375e-06,3.5762786865234375e-07,28,1.3314074542813965e-05
159,0.24286474345717579,0.0016462659696117043,1.5558624267578125,2,2177,38,31,0,0.069880008697509766,1.5497207641601562e-06,3.5762786865234375e-07,76,7.3081107369065259e-05
160,0.2445110094267875,0.0016462659696117043,1.5267350673675537,2,6800,38,29,1,0.10702979564666748,2.2649765014648438e-06,4.76837158203125e-07,44,7.3961832032525867e-06
161,0.2461572753963992,0.0016462659696117043,1.8226407766342163,2,7422,39,38,1,0.12552076578140259,1.6093254089355469e-06,3.5762786865234375e-07,35,1.5762450676723783e-05
162,0.2478035413660109,0.0016462659696117043,1.5572266578674316,2,7490,38,39,1,0.11119407415390015,1.5497207641601562e-06,3.5762786865234375e-07,76,5.4214359419222974e-05
163,0.24944980733562261,0.0016462659696117043,1.2512915134429932,2,6792,30,29,1,0.11184191703796387,2.2649765014648438e-06,4.76837158203125e-07,38,4.9001737420350817e-05
164,0.25109607330523431,0.0016462659696117043,1.4612947702407837,2,2177,38,31,0,0.13952207565307617,1.6689300537109375e-06,3.5762786865234375e-07,51,3.3753680245761284e-05
165,0.25274233927484602,0.0016462659696117043,1.359872579574585,2,2581,28,37,0,0.070607900619506836,1.6689300537109375e-06,3.5762786865234375e-07,73,8.2357763904306576e-05
166,0.25438860524445772,0.0016462659696117043,1.4607642889022827,2,7422,39,38,1,0.10733187198638916,2.2649765014648438e-06,4.76837158203125e-07,45,6.8174646173142198e-06
167,0.25603487121406943,0.0016462659696117043,1.7196348905563354,2,7490,38,39,1,0.12792134284973145,1.6689300537109375e-06,3.5762786865234375e-07,39,1.6983451186268603e-05
168,0.25768113718368113,0.0016462659696117043,1.5513647794723511,2,7490,38,39,1,0.11174315214157104,1.6093254089355469e-06,3.5762786865234375e-07,68,4.1627247073123611e-05
169,0.25932740315329283,0.0016462659696117043,1.3713876008987427,2,6792,30,29,1,0.13203775882720947,2.2649765014648438e-06,4.76837158203125e-07,42,4.5332588166702922e-05
170,0.26097366912290454,0.0016462659696117043,1.4376001358032227,2,2177,38,31,0,0.13935363292694092,1.7881393432617188e-06,3.5762786865234375e-07,50,3.8567689751054536e-05
171,0.26261993509251624,0.0016462659696117043,1.3905218839645386,2,2177,38,31,0,0.069694757461547852,1.6689300537109375e-06,3.5762786865234375e-07,74,8.2955062142523665e-05
172,0.26426620106212795,0.0016462659696117043,1.3410301208496094,2,7422,39,38,1,0.11496984958648682,2.2649765014648438e-06,4.76837158203125e-07,44,6.5827269417692718e-06
173,0.26591246703173965,0.0016462659696117043,1.6369022130966187,0,2410,30,34,0,0.1261933445930481,1.7881393432617188e-06,3.5762786865234375e-07,45,2.6842753089551997e-05
174,0.26755873300135136,0.0016462659696117043,1.54248046875,2,7490,38,39,1,0.11160814762115479,1.6689300537109375e-06,3.5762786865234375e-07,74,4.802386244820651e-05
175,0.26920499897096306,0.0016462659696117043,1.5111156702041626,2,6792,30,29,1,0.12135505676269531,2.2649765014648438e-06,4.76837158203125e-07,37,4.7935813643887035e-05
176,0.27085126494057477,0.0016462659696117043,1.3954644203186035,2,6860,29,30,1,0.14082121849060059,1.9073486328125e-06,3.5762786865234375e-07,61,4.3926478501496394e-05
177,0.27249753091018647,0.0016462659696117043,1.2323757410049438,2,12251,38,39,2,0.074133634567260742,1.7881393432617188e-06,3.5762786865234375e-07,70,7.7581433529177592e-05
178,0.27414379687979817,0.0016462659696117043,1.4617937803268433,2,12251,38,39,2,0.10703325271606445,2.2649765014648438e-06,4.76837158203125e-07,44,8.2404997529885451e-06
179,0.27579006284940988,0.0016462659696117043,1.5118491649627686,1,2104,34,30,0,0.12568932771682739,1.7881393432617188e-06,3.5762786865234375e-07,39,2.2079808829869421e-05
180,0.27743632881902158,0.0016462659696117043,1.5854935646057129,2,7490,38,39,1,0.11182975769042969,1.7881393432617188e-06,3.5762786865234375e-07,75,5.534497148278034e-05
181,0.27908259478863329,0.0016462659696117043,1.6672475337982178,2,6792,30,29,1,0.11960303783416748,2.2649765014648438e-06,4.76837158203125e-07,39,4.135095194304669e-05
182,0.28072886075824499,0.0016462659696117043,1.5420488119125366,2,6860,29,30,1,0.14002311229705811,1.9073486328125e-06,3.5762786865234375e-07,39,3.4989175008718366e-05
183,0.2823751267278567,0.0016462659696117043,1.4220850467681885,2,12251,38,39,2,0.085721254348754883,1.9073486328125e-06,3.5762786865234375e-07,73,8.0194606983820436e-05
184,0.2840213926974684,0.0016462659696117043,1.5740444660186768,2,12251,38,39,2,0.10038197040557861,2.2649765014648438e-06,4.76837158203125e-07,52,1.4126654072289734e-05
185,0.2856676586670801,0.0016462659696117043,1.4997212886810303,0,2419,39,34,0,0.12808799743652344,1.9073486328125e-06,3.5762786865234375e-07,43,1.8016016194992482e-05
186,0.28731392463669181,0.0016462659696117043,1.5740242004394531,2,7490,38,39,1,0.11364978551864624,1.9073486328125e-06,3.5762786865234375e-07,69,5.4092770863123527e-05
187,0.28896019060630351,0.0016462659696117043,1.7832515239715576,2,6792,30,29,1,0.1106036901473999,2.2649765014648438e-06,4.76837158203125e-07,56,4.4185393118899966e-05
188,0.29060645657591522,0.0016462659696117043,1.688536524772644,2,6792,30,29,1,0.13977396488189697,2.0265579223632812e-06,3.5762786865234375e-07,32,2.586637192864213e-05
189,0.29225272254552692,0.0016462659696117043,1.5791969299316406,2,12251,38,39,2,0.10866975784301758,2.0265579223632812e-06,3.5762786865234375e-07,87,7.6920757418888543e-05
190,0.29389898851513863,0.0016462659696117043,1.6365847587585449,2,12251,38,39,2,0.092957496643066406,2.2649765014648438e-06,4.76837158203125e-07,78,3.553475605058841e-05
191,0.29554525448475033,0.0016462659696117043,1.4646033048629761,2,12251,38,39,2,0.12633264064788818,2.0265579223632812e-06,3.5762786865234375e-07,48,1.2431950344766464e-05
192,0.29719152045436203,0.0016462659696117043,1.5576586723327637,2,6860,29,30,1,0.11932957172393799,2.0265579223632812e-06,3.5762786865234375e-07,52,5.4601268429582037e-05
193,0.29883778642397374,0.0016462659696117043,1.834753155708313,2,6792,30,29,1,0.094228148460388184,2.2649765014648438e-06,4.76837158203125e-07,76,4.0400097201651384e-05
194,0.30048405239358544,0.0016462659696117043,1.8048709630966187,2,6792,30,29,1,0.13797855377197266,2.0265579223632812e-06,3.5762786865234375e-07,36,1.5272569110166761e-05
195,0.30213031836319715,0.0016462659696117043,1.6945426464080811,2,12251,38,39,2,0.13039803504943848,2.0265579223632812e-06,3.5762786865234375e-07,91,6.7177165935686399e-05
196,0.30377658433280885,0.0016462659696117043,1.6745494604110718,2,12251,38,39,2,0.081703305244445801,2.3245811462402344e-06,4.76837158203125e-07,88,6.1604789606784337e-05
197,0.30542285030242056,0.0016462659696117043,1.4386171102523804,2,12251,38,39,2,0.12253081798553467,2.0265579223632812e-06,3.5762786865234375e-07,56,1.1489347079185983e-05
198,0.30706911627203226,0.0016462659696117043,1.5261319875717163,2,6860,29,30,1,0.12748056650161743,2.0265579223632812e-06,3.5762786865234375e-07,55,4.8601260971576466e-05
199,0.30871538224164397,0.0016462659696117043,1.8399256467819214,2,6792,30,29,1,0.092291951179504395,2.3245811462402344e-06,4.76837158203125e-07,67,4.1674561740170514e-05
200,0.31036164821125567,0.0016462659696117043,1.855398416519165,2,6792,30,29,1,0.13763284683227539,2.0265579223632812e-06,3.5762786865234375e-07,33,1.6105045513798208e-05
201,0.31200791418086737,0.0016462659696117043,1.8169379234313965,2,12251,38,39,2,0.13872849941253662,2.1457672119140625e-06,3.5762786865234375e-07,79,5.4638607784663223e-05
202,0.31365418015047908,0.0016462659696117043,1.7214778661727905,2,12251,38,39,2,0.074151158332824707,2.3245811462402344e-06,4.76837158203125e-07,100,7.7359023489617372e-05
203,0.31530044612009078,0.0016462659696117043,1.471867561340332,2,11770,40,32,2,0.10960292816162109,2.0265579223632812e-06,3.5762786865234375e-07,45,6.0524584918427287e-06
204,0.31694671208970249,0.0016462659696117043,1.5878481864929199,2,6860,29,30,1,0.12867230176925659,2.0861625671386719e-06,4.76837158203125e-07,41,3.3014236724099659e-05
205,0.31859297805931419,0.0016462659696117043,1.8590238094329834,2,6792,30,29,1,0.10563433170318604,2.3245811462402344e-06,4.76837158203125e-07,37,3.092136756923469e-05
206,0.3202392440289259,0.0016462659696117043,1.8585524559020996,2,6792,30,29,1,0.13485729694366455,2.0265579223632812e-06,3.5762786865234375e-07,49,2.4616293348737367e-05
207,0.3218855099985376,0.0016462659696117043,1.93351149559021,2,12251,38,39,2,0.14114940166473389,2.1457672119140625e-06,3.5762786865234375e-07,64,4.2288508679166584e-05
208,0.3235317759681493,0.0016462659696117043,1.7890377044677734,2,12251,38,39,2,0.076453804969787598,2.3245811462402344e-06,4.76837158203125e-07,106,7.4258606696152212e-05
209,0.32517804193776101,0.0016462659696117043,1.6116375923156738,2,16392,39,30,3,0.10845023393630981,2.0265579223632812e-06,3.5762786865234375e-07,64,1.2640624388646219e-05
210,0.32682430790737271,0.0016462659696117043,1.6665362119674683,2,6792,30,29,1,0.12705886363983154,2.1457672119140625e-06,4.76837158203125e-07,41,3.2470786753036945e-05
211,0.32847057387698442,0.0016462659696117043,1.885875940322876,2,6792,30,29,1,0.10959869623184204,2.3245811462402344e-06,4.76837158203125e-07,48,2.9798729464027155e-05
212,0.33011683984659612,0.0016462659696117043,1.9527765512466431,2,6792,30,29,1,0.1259620189666748,2.0265579223632812e-06,3.5762786865234375e-07,56,3.6256972705295745e-05
213,0.33176310581620783,0.0016462659696117043,2.0417413711547852,2,12251,38,39,2,0.13090193271636963,2.2649765014648438e-06,4.76837158203125e-07,61,3.7250660932821572e-05
214,0.33340937178581953,0.0016462659696117043,1.8973313570022583,2,11561,38,29,2,0.075575470924377441,2.3245811462402344e-06,4.76837158203125e-07,108,7.5106673188182833e-05
215,0.33505563775543123,0.0016462659696117043,1.7102941274642944,2,16392,39,30,3,0.097560763359069824,2.0265579223632812e-06,3.5762786865234375e-07,79,1.4508991216073314e-05
216,0.33670190372504294,0.0016462659696117043,1.7101964950561523,2,6792,30,29,1,0.12838417291641235,2.1457672119140625e-06,4.76837158203125e-07,38,2.3913382540019043e-05
217,0.33834816969465464,0.0016462659696117043,1.9545574188232422,2,6792,30,29,1,0.11008507013320923,2.3245811462402344e-06,4.76837158203125e-07,70,3.1106111474261601e-05
218,0.33999443566426635,0.0016462659696117043,2.0540075302124023,2,6792,30,29,1,0.1181342601776123,2.0265579223632812e-06,3.5762786865234375e-07,56,3.8056590290619861e-05
219,0.34164070163387805,0.0016462659696117043,2.1671442985534668,2,12251,38,39,2,0.13036751747131348,2.2649765014648438e-06,4.76837158203125e-07,55,3.1333198177417537e-05
220,0.34328696760348976,0.0016462659696117043,2.0054605007171631,2,11561,38,29,2,0.080938935279846191,2.3245811462402344e-06,4.76837158203125e-07,103,7.5555746656296162e-05
221,0.34493323357310146,0.0016462659696117043,1.7909929752349854,2,16322,38,29,3,0.10256659984588623,2.0265579223632812e-06,3.5762786865234375e-07,105,2.2434643245409177e-05
222,0.34657949954271317,0.0016462659696117043,1.708528995513916,2,6792,30,29,1,0.12417042255401611,2.1457672119140625e-06,4.76837158203125e-07,49,2.5310354447766605e-05
223,0.34822576551232487,0.0016462659696117043,2.0250515937805176,2,6792,30,29,1,0.113350510597229,2.3245811462402344e-06,4.76837158203125e-07,76,4.9272629868000156e-05
224,0.34987203148193657,0.0016462659696117043,2.1536376476287842,2,6792,30,29,1,0.089196085929870605,2.0265579223632812e-06,3.5762786865234375e-07,69,4.2586580395210613e-05
225,0.35151829745154828,0.0016462659696117043,2.3155438899993896,2,11553,30,29,2,0.13383924961090088,2.2649765014648438e-06,4.76837158203125e-07,63,1.6069018522258273e-05
226,0.35316456342115998,0.0016462659696117043,2.1178061962127686,2,11561,38,29,2,0.10138785839080811,2.3245811462402344e-06,4.76837158203125e-07,109,7.1785378310423005e-05
227,0.35481082939077169,0.0016462659696117043,1.867717981338501,2,16322,38,29,3,0.099503397941589355,1.9073486328125e-06,3.5762786865234375e-07,106,3.0180525953242702e-05
228,0.35645709536038339,0.0016462659696117043,1.7018915414810181,2,6792,30,29,1,0.12292659282684326,2.1457672119140625e-06,4.76837158203125e-07,56,2.2007564439908063e-05
229,0.3581033613299951,0.0016462659696117043,2.093686580657959,2,6792,30,29,1,0.12033051252365112,2.3245811462402344e-06,4.76837158203125e-07,74,5.0325174411222454e-05
230,0.3597496272996068,0.0016462659696117043,2.248213529586792,2,6792,30,29,1,0.074701666831970215,1.9073486328125e-06,3.5762786865234375e-07,65,3.5620697955705141e-05
231,0.3613958932692185,0.0016462659696117043,2.4544272422790527,2,11553,30,29,2,0.13574075698852539,2.1457672119140625e-06,4.76837158203125e-07,50,8.8632312559383047e-06
232,0.36304215923883021,0.0016462659696117043,2.2333865165710449,2,11561,38,29,2,0.12116968631744385,2.3245811462402344e-06,5.3644180297851562e-07,126,7.2191067614729896e-05
233,0.36468842520844191,0.0016462659696117043,2.0033435821533203,2,16322,38,29,3,0.10210871696472168,1.9073486328125e-06,3.5762786865234375e-07,122,4.2907890092863768e-05
234,0.36633469117805362,0.0016462659696117043,1.6946980953216553,2,6792,30,29,1,0.12191778421401978,2.1457672119140625e-06,4.76837158203125e-07,53,1.9204081798854953e-05
235,0.36798095714766532,0.0016462659696117043,2.1260664463043213,2,6792,30,29,1,0.12749910354614258,2.3245811462402344e-06,4.76837158203125e-07,59,5.0134037873519138e-05
236,0.36962722311727703,0.0016462659696117043,2.3286192417144775,2,6792,30,29,1,0.085360229015350342,1.9073486328125e-06,3.5762786865234375e-07,72,3.4157868668055115e-05
237,0.37127348908688873,0.0016462659696117043,2.574249267578125,2,11553,30,29,2,0.1377561092376709,2.1457672119140625e-06,4.76837158203125e-07,54,1.0833490999930383e-05
238,0.37291975505650043,0.0016462659696117043,2.3363487720489502,2,11561,38,29,2,0.13931488990783691,2.3245811462402344e-06,5.3644180297851562e-07,119,5.8892329581489871e-05
239,0.37456602102611214,0.0016462659696117043,2.1182248592376709,2,16322,38,29,3,0.081531286239624023,1.9073486328125e-06,3.5762786865234375e-07,126,7.0016440217066957e-05
240,0.37621228699572384,0.0016462659696117043,1.7932018041610718,2,21773,38,39,4,0.11274933815002441,2.0861625671386719e-06,4.76837158203125e-07,50,1.0546330060071202e-05
241,0.37785855296533555,0.0016462659696117043,2.1463828086853027,2,6792,30,29,1,0.12122601270675659,2.3245811462402344e-06,5.3644180297851562e-07,64,4.4952586034485112e-05
242,0.37950481893494725,0.0016462659696117043,2.3216159343719482,2,6792,30,29,1,0.10919135808944702,1.9073486328125e-06,3.5762786865234375e-07,79,2.5124785344698607e-05
243,0.38115108490455896,0.0016462659696117043,2.6504058837890625,2,11553,30,29,2,0.13302862644195557,2.0265579223632812e-06,4.76837158203125e-07,71,2.0785949727239701e-05
244,0.38279735087417066,0.0016462659696117043,2.4185194969177246,2,16322,38,29,3,0.13327169418334961,2.3245811462402344e-06,5.3644180297851562e-07,118,4.4877622949352148e-05
245,0.38444361684378237,0.0016462659696117043,2.2065544128417969,2,16322,38,29,3,0.077606439590454102,1.7881393432617188e-06,3.5762786865234375e-07,107,6.8803797572626716e-05
246,0.38608988281339407,0.0016462659696117043,1.9175713062286377,2,21083,38,29,4,0.11813235282897949,2.0265579223632812e-06,4.76837158203125e-07,74,1.1892397496436993e-05
247,0.38773614878300577,0.0016462659696117043,2.1435458660125732,2,6792,30,29,1,0.1269075870513916,2.3245811462402344e-06,5.3644180297851562e-07,54,3.5214905054948783e-05
248,0.38938241475261748,0.0016462659696117043,2.292670726776123,2,6792,30,29,1,0.10647869110107422,1.9073486328125e-06,3.5762786865234375e-07,88,3.8965780884770363e-05
249,0.39102868072222918,0.0016462659696117043,2.6866538524627686,2,11553,30,29,2,0.097283244132995605,2.0265579223632812e-06,4.76837158203125e-07,77,2.7012811775656886e-05
250,0.39267494669184089,0.0016462659696117043,2.5173354148864746,2,16322,38,29,3,0.13628125190734863,2.3245811462402344e-06,5.3644180297851562e-07,100,3.3309392695713515e-05
251,0.39432121266145259,0.0016462659696117043,2.2744240760803223,2,16322,38,29,3,0.080058574676513672,1.7881393432617188e-06,4.76837158203125e-07,110,7.0174410056469109e-05
252,0.3959674786310643,0.0016462659696117043,1.9960974454879761,2,21083,38,29,4,0.11676442623138428,2.0265579223632812e-06,4.76837158203125e-07,85,1.4498708163291067e-05
253,0.397613744600676,0.0016462659696117043,2.1131601333618164,2,6860,29,30,1,0.12176775932312012,2.4437904357910156e-06,5.3644180297851562e-07,53,3.2586999872750665e-05
254,0.3992600105702877,0.0016462659696117043,2.378366231918335,2,7555,34,40,1,0.11209893226623535,1.9073486328125e-06,3.5762786865234375e-07,95,5.0587956426621233e-05
255,0.40090627653989941,0.0016462659696117043,2.7104506492614746,2,11621,29,30,2,0.10126781463623047,2.0265579223632812e-06,4.76837158203125e-07,65,1.8386785209349042e-05
256,0.40255254250951111,0.0016462659696117043,2.60007643699646,2,16314,30,29,3,0.13904702663421631,2.4437904357910156e-06,5.3644180297851562e-07,83,1.6954024830577014e-05
257,0.40419880847912282,0.0016462659696117043,2.3442387580871582,2,16322,38,29,3,0.081663846969604492,1.9073486328125e-06,4.76837158203125e-07,111,5.6763139841850561e-05
258,0.40584507444873452,0.0016462659696117043,2.0875084400177002,2,21083,38,29,4,0.12682843208312988,1.9073486328125e-06,4.76837158203125e-07,76,1.749904389172097e-05
259,0.40749134041834623,0.0016462659696117043,1.9834525585174561,2,6800,38,29,1,0.11932867765426636,2.5033950805664062e-06,5.3644180297851562e-07,60,4.3624190295269561e-05
260,0.40913760638795793,0.0016462659696117043,2.479651927947998,2,7555,34,40,1,0.11427438259124756,2.0265579223632812e-06,4.76837158203125e-07,114,6.5079860507170719e-05
261,0.41078387235756963,0.0016462659696117043,2.7023184299468994,2,11621,29,30,2,0.1059882640838623,1.9073486328125e-06,4.76837158203125e-07,48,2.0732414730690075e-05
262,0.41243013832718134,0.0016462659696117043,2.6886711120605469,2,16382,29,30,3,0.13730072975158691,2.5033950805664062e-06,5.3644180297851562e-07,74,1.5000999144393566e-05
263,0.41407640429679304,0.0016462659696117043,2.3773713111877441,2,16322,38,29,3,0.10588741302490234,2.0265579223632812e-06,4.76837158203125e-07,157,7.4358156017856941e-05
264,0.41572267026640475,0.0016462659696117043,2.1329817771911621,2,21083,38,29,4,0.12134301662445068,1.7881393432617188e-06,4.76837158203125e-07,94,2.7428839151145471e-05
265,0.41736893623601645,0.0016462659696117043,1.98063063621521,2,12316,34,40,2,0.12789571285247803,2.5033950805664062e-06,5.3644180297851562e-07,82,4.2820373410762435e-05
266,0.41901520220562816,0.0016462659696117043,2.5525064468383789,2,7135,28,34,1,0.11898988485336304,2.0861625671386719e-06,4.76837158203125e-07,125,6.9319275706213805e-05
267,0.42066146817523986,0.0016462659696117043,2.7423303127288818,2,7135,28,34,1,0.10973072052001953,1.7881393432617188e-06,4.76837158203125e-07,65,2.870414789450498e-05
268,0.42230773414485157,0.0016462659696117043,2.7301652431488037,2,16382,29,30,3,0.14442825317382812,2.5629997253417969e-06,5.3644180297851562e-07,81,1.4920909026149123e-05
269,0.42395400011446327,0.0016462659696117043,2.4046728610992432,2,16322,38,29,3,0.13169229030609131,2.1457672119140625e-06,4.76837158203125e-07,170,8.5341416461172617e-05
270,0.42560026608407497,0.0016462659696117043,2.14766526222229,2,21083,38,29,4,0.11638998985290527,1.7881393432617188e-06,4.76837158203125e-07,108,5.1757727718912656e-05
271,0.42724653205368668,0.0016462659696117043,2.0494735240936279,2,11488,34,28,2,0.14050948619842529,2.6226043701171875e-06,5.3644180297851562e-07,95,4.1236271655190519e-05
272,0.42889279802329838,0.0016462659696117043,2.45993971824646,2,7147,40,34,1,0.12430006265640259,2.2649765014648438e-06,4.76837158203125e-07,129,7.9876207032973575e-05
273,0.43053906399291009,0.0016462659696117043,2.7428536415100098,2,7135,28,34,1,0.090638399124145508,1.7881393432617188e-06,4.76837158203125e-07,112,3.4636575454191058e-05
274,0.43218532996252179,0.0016462659696117043,2.7068021297454834,2,16382,29,30,3,0.14748001098632812,2.6226043701171875e-06,5.3644180297851562e-07,66,1.0759619156179521e-05
275,0.4338315959321335,0.0016462659696117043,2.4661731719970703,2,17077,34,40,3,0.13384521007537842,2.2649765014648438e-06,4.76837158203125e-07,169,7.8419292486131597e-05
276,0.4354778619017452,0.0016462659696117043,2.1755645275115967,2,21083,38,29,4,0.10579502582550049,1.7881393432617188e-06,4.76837158203125e-07,139,7.3607817496315828e-05
277,0.4371241278713569,0.0016462659696117043,2.0427670478820801,2,11488,34,28,2,0.1369624137878418,2.7418136596679688e-06,5.3644180297851562e-07,101,3.2234455607865742e-05
278,0.43877039384096861,0.0016462659696117043,2.3505845069885254,2,11896,28,34,2,0.12170737981796265,2.5033950805664062e-06,4.76837158203125e-07,145,7.6035605389574313e-05
279,0.44041665981058031,0.0016462659696117043,2.7092597484588623,2,7135,28,34,1,0.09837043285369873,1.7881393432617188e-06,4.76837158203125e-07,136,3.6736418231527395e-05
280,0.44206292578019202,0.0016462659696117043,2.8033871650695801,2,16657,28,34,3,0.15615236759185791,2.7418136596679688e-06,5.9604644775390625e-07,92,1.9503045889899119e-05
281,0.44370919174980372,0.0016462659696117043,2.6494462490081787,2,16657,28,34,3,0.1362309455871582,2.5629997253417969e-06,4.76837158203125e-07,167,7.5514018354870774e-05
282,0.44535545771941543,0.0016462659696117043,2.2728903293609619,2,21211,28,31,4,0.11646378040313721,1.7881393432617188e-06,4.76837158203125e-07,155,7.7510891145799428e-05
283,0.44700172368902713,0.0016462659696117043,1.9627988338470459,2,11488,34,28,2,0.14422321319580078,2.9206275939941406e-06,5.9604644775390625e-07,118,3.1108736040314006e-05
284,0.44864798965863883,0.0016462659696117043,2.3675434589385986,2,6929,29,31,1,0.12084543704986572,2.7418136596679688e-06,4.76837158203125e-07,152,7.9999194432709941e-05
285,0.45029425562825054,0.0016462659696117043,2.6945202350616455,2,7147,40,34,1,0.10043555498123169,1.7881393432617188e-06,4.76837158203125e-07,168,5.4124997110405614e-05
286,0.45194052159786224,0.0016462659696117043,2.8353180885314941,2,16657,28,34,3,0.13238191604614258,2.9206275939941406e-06,5.9604644775390625e-07,122,2.5714950420369553e-05
287,0.45358678756747395,0.0016462659696117043,2.7827668190002441,2,16669,40,34,3,0.13543355464935303,2.7418136596679688e-06,4.76837158203125e-07,184,6.4067121190302919e-05
288,0.45523305353708565,0.0016462659696117043,2.399677038192749,2,21211,28,31,4,0.091903328895568848,1.7881393432617188e-06,4.76837158203125e-07,182,8.4354019513401663e-05
289,0.45687931950669736,0.0016462659696117043,2.0354022979736328,2,25972,28,31,5,0.14741945266723633,2.9802322387695312e-06,5.9604644775390625e-07,131,3.3148815395468026e-05
290,0.45852558547630906,0.0016462659696117043,2.3647997379302979,2,6929,29,31,1,0.12407898902893066,2.9802322387695312e-06,4.76837158203125e-07,168,7.6348649204284835e-05
291,0.46017185144592077,0.0016462659696117043,2.7087187767028809,2,7147,40,34,1,0.10110843181610107,1.9073486328125e-06,4.76837158203125e-07,166,7.3720723126144609e-05
292,0.46181811741553247,0.0016462659696117043,2.8421168327331543,2,16657,28,34,3,0.10537099838256836,3.0994415283203125e-06,5.9604644775390625e-07,143,3.1401872764165842e-05
293,0.46346438338514417,0.0016462659696117043,2.8966636657714844,2,16669,40,34,3,0.13702452182769775,3.0994415283203125e-06,5.3644180297851562e-07,206,5.6813637100788764e-05
294,0.46511064935475588,0.0016462659696117043,2.510115385055542,2,21211,28,31,4,0.089539289474487305,1.7881393432617188e-06,4.76837158203125e-07,206,9.0537792263250424e-05
295,0.46675691532436758,0.0016462659696117043,2.1269607543945312,2,25972,28,31,5,0.13695085048675537,3.2186508178710938e-06,5.9604644775390625e-07,171,3.9185752502708812e-05
296,0.46840318129397929,0.0016462659696117043,2.3881857395172119,2,6929,29,31,1,0.12274837493896484,3.337860107421875e-06,5.3644180297851562e-07,173,8.024915237111312e-05
297,0.47004944726359099,0.0016462659696117043,2.7398307323455811,2,6929,29,31,1,0.10241544246673584,1.9073486328125e-06,4.76837158203125e-07,182,7.4691884157656249e-05
298,0.4716957132332027,0.0016462659696117043,2.8792595863342285,2,16657,28,34,3,0.095202088356018066,3.2186508178710938e-06,5.9604644775390625e-07,153,3.7887518031267613e-05
299,0.4733419792028144,0.0016462659696117043,2.9683759212493896,2,16657,28,34,3,0.12345433235168457,3.4570693969726562e-06,5.3644180297851562e-07,198,5.0549361309662256e-05
300,0.4749882451724261,0.0016462659696117043,2.6332979202270508,2,21837,33,40,4,0.082995891571044922,1.9073486328125e-06,4.76837158203125e-07,231,8.2225869482476354e-05
301,0.47663451114203781,0.0016462659696117043,2.2163774967193604,2,25972,28,31,5,0.13484156131744385,3.2186508178710938e-06,5.9604644775390625e-07,190,4.2149968910191045e-05
302,0.47828077711164951,0.0016462659696117043,2.4063971042633057,2,6929,29,31,1,0.12423014640808105,3.6954879760742188e-06,5.3644180297851562e-07,192,7.8934935101424299e-05
303,0.47992704308126122,0.0016462659696117043,2.8329300880432129,2,6929,29,31,1,0.10596925020217896,2.0265579223632812e-06,4.76837158203125e-07,203,7.5247378916345871e-05
304,0.48157330905087292,0.0016462659696117043,2.8993046283721924,2,16657,28,34,3,0.092025041580200195,3.337860107421875e-06,5.9604644775390625e-07,167,3.9274385094230752e-05
305,0.48321957502048463,0.0016462659696117043,3.0420546531677246,2,21418,28,34,4,0.10805284976959229,3.6954879760742188e-06,5.3644180297851562e-07,221,5.3846113731921117e-05
306,0.48486584099009633,0.0016462659696117043,2.9146273136138916,2,21837,33,40,4,0.087079524993896484,2.0265579223632812e-06,4.76837158203125e-07,230,8.1994515059901238e-05
307,0.48651210695970803,0.0016462659696117043,2.2781968116760254,2,21009,33,28,4,0.12518739700317383,3.337860107421875e-06,5.9604644775390625e-07,212,4.5360191915625033e-05
308,0.48815837292931974,0.0016462659696117043,2.4205846786499023,2,6929,29,31,1,0.124839186668396,3.8743019104003906e-06,5.3644180297851562e-07,228,7.7253599747628175e-05
309,0.48980463889893144,0.0016462659696117043,2.9001550674438477,2,6929,29,31,1,0.10605841875076294,2.0265579223632812e-06,4.76837158203125e-07,207,7.44068051839436e-05
310,0.49145090486854315,0.0016462659696117043,3.0328390598297119,2,7489,37,39,1,0.08480536937713623,3.4570693969726562e-06,5.9604644775390625e-07,169,3.8054869361750481e-05
311,0.49309717083815485,0.0016462659696117043,3.1736299991607666,2,21418,28,34,4,0.1035531759262085,3.9935111999511719e-06,5.9604644775390625e-07,257,5.0178030003180028e-05
312,0.49474343680776656,0.0016462659696117043,3.08274245262146,2,21837,33,40,4,0.094017267227172852,2.0861625671386719e-06,4.76837158203125e-07,236,7.3577817318086207e-05
313,0.49638970277737826,0.0016462659696117043,2.4743227958679199,2,26598,33,40,5,0.11900973320007324,3.4570693969726562e-06,5.9604644775390625e-07,207,4.8726217835844903e-05
314,0.49803596874698997,0.0016462659696117043,2.4334907531738281,2,6929,29,31,1,0.123779296875,4.1723251342773438e-06,5.9604644775390625e-07,239,7.6160971612479955e-05
315,0.49968223471660167,0.0016462659696117043,2.9726197719573975,2,6929,29,31,1,0.10616475343704224,2.2649765014648438e-06,5.3644180297851562e-07,237,7.6874493639768123e-05
316,0.50132850068621337,0.0016462659696117043,3.1870040893554688,2,6929,29,31,1,0.086210370063781738,3.5762786865234375e-06,5.9604644775390625e-07,209,3.8880725475243831e-05
317,0.50297476665582508,0.0016462659696117043,3.231447696685791,2,21418,28,34,4,0.10229027271270752,4.1723251342773438e-06,5.9604644775390625e-07,250,4.9122188585044433e-05
318,0.50462103262543678,0.0016462659696117043,3.1539261341094971,2,21837,33,40,4,0.097286701202392578,2.1457672119140625e-06,5.3644180297851562e-07,263,7.0388692953712997e-05
319,0.50626729859504849,0.0016462659696117043,2.6816895008087158,2,26598,33,40,5,0.11509060859680176,3.5762786865234375e-06,5.9604644775390625e-07,230,5.2140482779158711e-05
320,0.50791356456466019,0.0016462659696117043,2.4355015754699707,2,11690,29,31,2,0.12099111080169678,4.291534423828125e-06,5.9604644775390625e-07,238,7.5496648129133611e-05
321,0.5095598305342719,0.0016462659696117043,3.0226724147796631,2,6929,29,31,1,0.10658895969390869,2.2649765014648438e-06,5.3644180297851562e-07,283,8.5777786749878233e-05
322,0.5112060965038836,0.0016462659696117043,3.3131062984466553,2,6929,29,31,1,0.10795652866363525,3.5762786865234375e-06,5.9604644775390625e-07,241,4.5628535416968795e-05
323,0.5128523624734953,0.0016462659696117043,3.2639122009277344,2,21837,33,40,4,0.10312259197235107,4.291534423828125e-06,5.9604644775390625e-07,277,5.5353750836353124e-05
324,0.51449862844310701,0.0016462659696117043,3.2192752361297607,2,26179,28,34,5,0.092036128044128418,2.3245811462402344e-06,5.3644180297851562e-07,296,7.296264353366502e-05
325,0.51614489441271871,0.0016462659696117043,2.8561649322509766,2,25973,29,31,5,0.11955153942108154,3.5762786865234375e-06,5.9604644775390625e-07,253,5.3995258206837971e-05
326,0.51779116038233042,0.0016462659696117043,2.4635472297668457,2,7353,39,37,1,0.12369322776794434,4.5299530029296875e-06,5.9604644775390625e-07,293,8.5030781754830972e-05
327,0.51943742635194212,0.0016462659696117043,3.0773203372955322,2,6929,29,31,1,0.10738790035247803,2.5033950805664062e-06,5.3644180297851562e-07,307,9.0313360090017267e-05
328,0.52108369232155383,0.0016462659696117043,3.3950276374816895,2,7489,37,39,1,0.11128103733062744,3.5762786865234375e-06,5.9604644775390625e-07,289,5.0950510736407266e-05
329,0.52272995829116553,0.0016462659696117043,3.2990155220031738,2,21837,33,40,4,0.10448145866394043,4.5299530029296875e-06,5.9604644775390625e-07,309,7.3465614865101016e-05
330,0.52437622426077724,0.0016462659696117043,3.2977073192596436,2,26179,28,34,5,0.098991990089416504,2.4437904357910156e-06,5.3644180297851562e-07,326,7.9527148892753445e-05
331,0.52602249023038894,0.0016462659696117043,3.0163297653198242,2,26598,33,40,5,0.11117041110992432,3.5762786865234375e-06,5.9604644775390625e-07,283,5.7049751157855598e-05
332,0.52766875620000064,0.0016462659696117043,2.5178933143615723,2,7353,39,37,1,0.12104308605194092,4.5299530029296875e-06,5.9604644775390625e-07,296,8.1599387543773456e-05
333,0.52931502216961235,0.0016462659696117043,3.0873715877532959,2,6929,29,31,1,0.10754489898681641,2.5033950805664062e-06,5.3644180297851562e-07,342,9.379017612252361e-05
334,0.53096128813922405,0.0016462659696117043,3.4340496063232422,2,7489,37,39,1,0.1134108304977417,3.5762786865234375e-06,5.9604644775390625e-07,329,5.9800557251123639e-05
335,0.53260755410883576,0.0016462659696117043,3.2537333965301514,2,21837,33,40,4,0.10464894771575928,4.5299530029296875e-06,5.9604644775390625e-07,324,7.7698490113478177e-05
336,0.53425382007844746,0.0016462659696117043,3.2973508834838867,2,26598,33,40,5,0.084758520126342773,2.4437904357910156e-06,5.3644180297851562e-07,340,7.9354149083601651e-05
337,0.53590008604805917,0.0016462659696117043,3.1105098724365234,2,26598,33,40,5,0.11607098579406738,3.5762786865234375e-06,5.9604644775390625e-07,333,6.1271571302208303e-05
338,0.53754635201767087,0.0016462659696117043,2.5293624401092529,2,7353,39,37,1,0.11599326133728027,4.4107437133789062e-06,5.9604644775390625e-07,312,8.3600905017154004e-05
339,0.53919261798728257,0.0016462659696117043,3.0860123634338379,2,7136,29,34,1,0.091909289360046387,2.5033950805664062e-06,5.3644180297851562e-07,365,9.4973380770725863e-05
340,0.54083888395689428,0.0016462659696117043,3.4350988864898682,2,7489,37,39,1,0.11949694156646729,3.5762786865234375e-06,5.9604644775390625e-07,350,6.6028551448083471e-05
341,0.54248514992650598,0.0016462659696117043,3.282426118850708,2,16658,29,34,3,0.12467217445373535,4.4107437133789062e-06,5.9604644775390625e-07,332,8.951171577016222e-05
342,0.54413141589611769,0.0016462659696117043,3.2787630558013916,2,25770,33,28,5,0.088259339332580566,2.4437904357910156e-06,5.3644180297851562e-07,359,8.3611410253812336e-05
343,0.54577768186572939,0.0016462659696117043,3.1354846954345703,2,25770,33,28,5,0.11282062530517578,3.5762786865234375e-06,5.9604644775390625e-07,366,6.5973056322541913e-05
344,0.5474239478353411,0.0016462659696117043,2.6364290714263916,2,26596,31,40,5,0.10823798179626465,4.291534423828125e-06,5.9604644775390625e-07,333,8.1796949366647092e-05
345,0.5490702138049528,0.0016462659696117043,3.140934944152832,2,7136,29,34,1,0.085201263427734375,2.5033950805664062e-06,5.3644180297851562e-07,391,9.3281435560267463e-05
346,0.5507164797745645,0.0016462659696117043,3.4377992153167725,2,6799,37,29,1,0.12409555912017822,3.5762786865234375e-06,5.9604644775390625e-07,360,7.8060565616272956e-05
347,0.55236274574417621,0.0016462659696117043,3.3990674018859863,2,16658,29,34,3,0.13199615478515625,4.291534423828125e-06,5.9604644775390625e-07,381,9.7154809693906824e-05
348,0.55400901171378791,0.0016462659696117043,3.3173432350158691,2,16658,29,34,3,0.09076690673828125,2.4437904357910156e-06,5.3644180297851562e-07,389,8.7554060662017655e-05
349,0.55565527768339962,0.0016462659696117043,3.2234559059143066,2,25771,34,28,5,0.11594796180725098,3.5762786865234375e-06,5.9604644775390625e-07,357,6.6477328929368437e-05
350,0.55730154365301132,0.0016462659696117043,2.889620304107666,2,26596,31,40,5,0.10952377319335938,4.291534423828125e-06,5.9604644775390625e-07,360,9.051091926439983e-05
351,0.55894780962262303,0.0016462659696117043,3.1886208057403564,2,7136,29,34,1,0.093870162963867188,2.3245811462402344e-06,5.3644180297851562e-07,417,9.6777722451364654e-05
352,0.56059407559223473,0.0016462659696117043,3.4309782981872559,2,6799,37,29,1,0.1307990550994873,3.5762786865234375e-06,5.9604644775390625e-07,376,8.1380469070795115e-05
353,0.56224034156184644,0.0016462659696117043,3.5030217170715332,2,16658,29,34,3,0.13400924205780029,4.1723251342773438e-06,5.9604644775390625e-07,400,0.00010639183162098241
354,0.56388660753145814,0.0016462659696117043,3.3550472259521484,2,16658,29,34,3,0.09535682201385498,2.2649765014648438e-06,5.3644180297851562e-07,432,0.00010214392177726921
355,0.56553287350106984,0.0016462659696117043,3.3489322662353516,2,25771,34,28,5,0.10773217678070068,3.5762786865234375e-06,5.9604644775390625e-07,363,6.8407298149022314e-05
356,0.56717913947068155,0.0016462659696117043,2.970811128616333,2,30529,31,28,6,0.12051719427108765,4.1723251342773438e-06,5.9604644775390625e-07,380,9.0386662369461835e-05
357,0.56882540544029325,0.0016462659696117043,3.2262201309204102,2,7205,29,35,1,0.093305587768554688,2.2649765014648438e-06,5.3644180297851562e-07,450,0.00010271236194199989
358,0.57047167140990496,0.0016462659696117043,3.4468045234680176,2,11897,29,34,2,0.1231086254119873,3.5762786865234375e-06,5.9604644775390625e-07,422,8.828530292007299e-05
359,0.57211793737951666,0.0016462659696117043,3.6040933132171631,2,16658,29,34,3,0.13660943508148193,4.1723251342773438e-06,5.9604644775390625e-07,424,0.00010923492780570696
360,0.57376420334912837,0.0016462659696117043,3.4329211711883545,2,21419,29,34,4,0.093658208847045898,2.2649765014648438e-06,5.3644180297851562e-07,461,0.0001113622798945454
361,0.57541046931874007,0.0016462659696117043,3.4055209159851074,2,25771,34,28,5,0.10929059982299805,3.6954879760742188e-06,5.9604644775390625e-07,415,7.9864368213280809e-05
362,0.57705673528835177,0.0016462659696117043,3.1458618640899658,2,30532,34,28,6,0.12041425704956055,4.1723251342773438e-06,5.9604644775390625e-07,419,9.6760069478352679e-05
363,0.57870300125796348,0.0016462659696117043,3.257889986038208,2,7284,39,36,1,0.089249849319458008,2.1457672119140625e-06,5.3644180297851562e-07,482,0.00010851287142781117
364,0.58034926722757518,0.0016462659696117043,3.5425631999969482,2,11976,39,35,2,0.11071276664733887,3.6358833312988281e-06,5.9604644775390625e-07,433,9.4065027845181796e-05
365,0.58199553319718689,0.0016462659696117043,3.7015554904937744,2,16658,29,34,3,0.13693070411682129,4.1723251342773438e-06,5.9604644775390625e-07,442,0.00011497125767002519
366,0.58364179916679859,0.0016462659696117043,3.5906317234039307,2,16806,39,36,3,0.093970179557800293,2.1457672119140625e-06,5.3644180297851562e-07,495,0.00011854217849953761
367,0.5852880651364103,0.0016462659696117043,3.4234364032745361,2,25771,34,28,5,0.10543727874755859,3.814697265625e-06,7.152557373046875e-07,460,8.8192173988880851e-05
368,0.586934331106022,0.0016462659696117043,3.3294730186462402,2,30532,34,28,6,0.12069380283355713,4.291534423828125e-06,5.9604644775390625e-07,442,0.00010330541980635942
369,0.5885805970756337,0.0016462659696117043,3.28173828125,2,7274,29,36,1,0.091712236404418945,2.1457672119140625e-06,5.3644180297851562e-07,532,0.00011662390077518391
370,0.59022686304524541,0.0016462659696117043,3.6270451545715332,2,12045,39,36,2,0.097022891044616699,3.8743019104003906e-06,7.152557373046875e-07,448,9.8620161481116701e-05
371,0.59187312901485711,0.0016462659696117043,3.8226072788238525,2,16806,39,36,3,0.13869452476501465,4.2319297790527344e-06,5.9604644775390625e-07,489,0.00012301165516804955
372,0.59351939498446882,0.0016462659696117043,3.7109396457672119,2,21419,29,34,4,0.096328139305114746,2.0861625671386719e-06,5.3644180297851562e-07,565,0.00013313748967340547
373,0.59516566095408052,0.0016462659696117043,3.5301425457000732,2,21768,33,39,4,0.10528206825256348,4.1723251342773438e-06,7.152557373046875e-07,483,9.5337635739749119e-05
374,0.59681192692369223,0.0016462659696117043,3.5896608829498291,2,30952,40,34,6,0.12133073806762695,4.4107437133789062e-06,5.9604644775390625e-07,484,0.00011265804676963599
375,0.59845819289330393,0.0016462659696117043,3.3022165298461914,2,7274,29,36,1,0.096090078353881836,2.0861625671386719e-06,5.3644180297851562e-07,577,0.0001232413882287285
376,0.60010445886291564,0.0016462659696117043,3.6666824817657471,2,6861,30,30,1,0.097945213317871094,4.2319297790527344e-06,7.152557373046875e-07,495,0.00010174362793106528
377,0.60175072483252734,0.0016462659696117043,3.8464343547821045,2,16806,39,36,3,0.13830244541168213,4.5299530029296875e-06,5.9604644775390625e-07,542,0.0001310467475627124
378,0.60339699080213904,0.0016462659696117043,3.8671226501464844,2,21567,39,36,4,0.097259044647216797,2.0265579223632812e-06,5.3644180297851562e-07,596,0.00014324336806822746
379,0.60504325677175075,0.0016462659696117043,3.6772313117980957,2,21768,33,39,4,0.097205519676208496,4.5299530029296875e-06,7.152557373046875e-07,533,0.00010607395415438677
380,0.60668952274136245,0.0016462659696117043,3.7880158424377441,2,30952,40,34,6,0.12196969985961914,4.6491622924804688e-06,5.9604644775390625e-07,561,0.00012154498773963047
381,0.60833578871097416,0.0016462659696117043,3.3207447528839111,2,35713,40,34,7,0.10619401931762695,2.0861625671386719e-06,5.3644180297851562e-07,590,0.00012799154995411994
382,0.60998205468058586,0.0016462659696117043,3.6939010620117188,2,6861,30,30,1,0.098049402236938477,4.6491622924804688e-06,7.152557373046875e-07,547,0.00011312876026959631
383,0.61162832065019757,0.0016462659696117043,3.8258376121520996,2,16737,39,35,3,0.11954152584075928,4.76837158203125e-06,5.9604644775390625e-07,581,0.00013899583134589023
384,0.61327458661980927,0.0016462659696117043,3.9300394058227539,2,21498,39,35,4,0.103607177734375,2.0265579223632812e-06,5.3644180297851562e-07,598,0.00014317716211979098
385,0.61492085258942097,0.0016462659696117043,3.7710814476013184,2,21768,33,39,4,0.10184586048126221,4.8875808715820312e-06,7.152557373046875e-07,570,0.00011525991643619032
386,0.61656711855903268,0.0016462659696117043,3.8989923000335693,2,30952,40,34,6,0.11140203475952148,4.8875808715820312e-06,5.9604644775390625e-07,603,0.00012459302069427517
387,0.61821338452864438,0.0016462659696117043,3.4767179489135742,2,35713,40,34,7,0.11376798152923584,2.1457672119140625e-06,5.3644180297851562e-07,592,0.00012794825812470948
388,0.61985965049825609,0.0016462659696117043,3.6452312469482422,2,6861,30,30,1,0.09447634220123291,5.0663948059082031e-06,7.152557373046875e-07,580,0.00012166031265553551
389,0.62150591646786779,0.0016462659696117043,3.7789268493652344,2,16668,39,34,3,0.1056373119354248,5.1259994506835938e-06,5.9604644775390625e-07,629,0.000144353179715819
390,0.6231521824374795,0.0016462659696117043,3.9644849300384521,2,21498,39,35,4,0.12803614139556885,2.0265579223632812e-06,5.3644180297851562e-07,601,0.00014576585550096674
391,0.6247984484070912,0.0016462659696117043,3.9338328838348389,2,26180,29,34,5,0.10119462013244629,5.3644180297851562e-06,8.3446502685546875e-07,628,0.00013173821519596186
392,0.6264447143767029,0.0016462659696117043,3.9831271171569824,2,30952,40,34,6,0.10462296009063721,5.3644180297851562e-06,7.152557373046875e-07,624,0.00012818006933116872
393,0.62809098034631461,0.0016462659696117043,3.6122372150421143,2,35713,40,34,7,0.11397701501846313,2.1457672119140625e-06,5.3644180297851562e-07,576,0.00012672858275110006
394,0.62973724631592631,0.0016462659696117043,3.5869021415710449,2,6861,30,30,1,0.10700321197509766,5.4240226745605469e-06,8.3446502685546875e-07,618,0.00013512325447675078
395,0.63138351228553802,0.0016462659696117043,3.7204420566558838,2,16668,39,34,3,0.099476337432861328,5.4240226745605469e-06,7.152557373046875e-07,672,0.00015291786518666813
396,0.63302977825514972,0.0016462659696117043,3.9365527629852295,2,21429,39,34,4,0.12148070335388184,2.0861625671386719e-06,5.3644180297851562e-07,631,0.00015072141633184916
397,0.63467604422476143,0.0016462659696117043,4.0361604690551758,2,26180,29,34,5,0.097386002540588379,5.6028366088867188e-06,8.3446502685546875e-07,640,0.00013840416576674434
398,0.63632231019437313,0.0016462659696117043,4.0168509483337402,2,30952,40,34,6,0.10643339157104492,5.6028366088867188e-06,7.152557373046875e-07,688,0.00013657707785618277
399,0.63796857616398484,0.0016462659696117043,3.7581729888916016,2,35713,40,34,7,0.096732258796691895,2.2649765014648438e-06,5.9604644775390625e-07,610,0.00014010003027146702
400,0.63961484213359654,0.0016462659696117043,3.6635324954986572,2,35701,28,34,7,0.10322511196136475,5.7816505432128906e-06,8.3446502685546875e-07,663,0.00014140797043935737
401,0.64126110810320824,0.0016462659696117043,3.6693692207336426,2,11622,30,30,2,0.10041391849517822,5.7816505432128906e-06,7.152557373046875e-07,711,0.00015952962076191246
402,0.64290737407281995,0.0016462659696117043,3.9394721984863281,2,21429,39,34,4,0.108711838722229,2.1457672119140625e-06,5.3644180297851562e-07,644,0.00015616303779160723
403,0.64455364004243165,0.0016462659696117043,4.0563230514526367,2,26259,39,35,5,0.1017230749130249,5.8412551879882812e-06,8.3446502685546875e-07,672,0.00014342261138196872
404,0.64619990601204336,0.0016462659696117043,4.0004792213439941,2,30952,40,34,6,0.10215485095977783,5.8412551879882812e-06,7.152557373046875e-07,698,0.00013992952728056311
405,0.64784617198165506,0.0016462659696117043,3.8837094306945801,2,35713,40,34,7,0.099767923355102539,2.2649765014648438e-06,5.9604644775390625e-07,635,0.00014913264918630693
406,0.64949243795126677,0.0016462659696117043,3.766770601272583,2,35701,28,34,7,0.10645461082458496,6.0796737670898438e-06,8.3446502685546875e-07,710,0.00015702099291712283
407,0.65113870392087847,0.0016462659696117043,3.6620943546295166,2,11556,33,29,2,0.10161280632019043,5.9604644775390625e-06,7.152557373046875e-07,729,0.00016032602530825335
408,0.65278496989049017,0.0016462659696117043,3.9325509071350098,2,21429,39,34,4,0.098425149917602539,2.1457672119140625e-06,5.9604644775390625e-07,682,0.00016218561114058878
409,0.65443123586010188,0.0016462659696117043,4.0687389373779297,2,26190,39,34,5,0.098018050193786621,5.9604644775390625e-06,8.3446502685546875e-07,692,0.00015690634729002289
410,0.65607750182971358,0.0016462659696117043,4.0280046463012695,2,31020,39,35,6,0.094698905944824219,6.198883056640625e-06,7.152557373046875e-07,710,0.00013823814142710177
411,0.65772376779932529,0.0016462659696117043,3.9616107940673828,2,35713,40,34,7,0.098584532737731934,2.2649765014648438e-06,5.9604644775390625e-07,698,0.00015007103638512196
412,0.65937003376893699,0.0016462659696117043,3.8061306476593018,2,35701,28,34,7,0.10345721244812012,6.2584877014160156e-06,8.3446502685546875e-07,733,0.00016888076100157309
413,0.6610162997385487,0.0016462659696117043,3.654184103012085,2,40462,28,34,8,0.10352146625518799,6.2584877014160156e-06,7.152557373046875e-07,758,0.00017024782402151657
414,0.6626625657081604,0.0016462659696117043,3.899907112121582,2,21429,39,34,4,0.099800467491149902,2.2649765014648438e-06,5.9604644775390625e-07,741,0.00017079312997154866
415,0.6643088316777721,0.0016462659696117043,4.1121077537536621,2,26190,39,34,5,0.09767460823059082,5.8412551879882812e-06,8.3446502685546875e-07,745,0.00016900173683898523
416,0.66595509764738381,0.0016462659696117043,4.0963220596313477,2,31020,39,35,6,0.098232269287109375,6.198883056640625e-06,7.152557373046875e-07,742,0.00014828129054339541
417,0.66760136361699551,0.0016462659696117043,3.9902441501617432,2,35713,40,34,7,0.10114264488220215,2.3245811462402344e-06,5.9604644775390625e-07,700,0.00016421963450972521
418,0.66924762958660722,0.0016462659696117043,3.8079924583435059,2,35563,28,32,7,0.098128914833068848,6.2584877014160156e-06,8.3446502685546875e-07,787,0.00017947104483552305
419,0.67089389555621892,0.0016462659696117043,3.8893046379089355,2,40462,28,34,8,0.10645663738250732,6.3180923461914062e-06,7.152557373046875e-07,818,0.00018071812552400527
420,0.67254016152583063,0.0016462659696117043,3.8283936977386475,2,21429,39,34,4,0.10546600818634033,2.2649765014648438e-06,5.9604644775390625e-07,752,0.00016978905169999671
421,0.67418642749544233,0.0016462659696117043,4.1219420433044434,2,26190,39,34,5,0.10129213333129883,5.8412551879882812e-06,8.3446502685546875e-07,776,0.0001783955068857006
422,0.67583269346505404,0.0016462659696117043,4.1167802810668945,2,31020,39,35,6,0.10421514511108398,6.198883056640625e-06,7.152557373046875e-07,781,0.00016591580621522158
423,0.67747895943466574,0.0016462659696117043,4.0376667976379395,2,35713,40,34,7,0.098623991012573242,2.4437904357910156e-06,5.9604644775390625e-07,701,0.00016992345321854979
424,0.67912522540427744,0.0016462659696117043,3.7268567085266113,2,35701,28,34,7,0.09837651252746582,6.0796737670898438e-06,8.3446502685546875e-07,827,0.00019027676358246827
425,0.68077149137388915,0.0016462659696117043,4.0527095794677734,2,40462,28,34,8,0.099395394325256348,6.2584877014160156e-06,7.152557373046875e-07,850,0.00019086829046536426
426,0.68241775734350085,0.0016462659696117043,3.7891700267791748,2,21429,39,34,4,0.10801315307617188,2.3245811462402344e-06,5.9604644775390625e-07,785,0.00017372546817633389
427,0.68406402331311256,0.0016462659696117043,4.0279340744018555,2,26190,39,34,5,0.10448861122131348,5.6028366088867188e-06,8.3446502685546875e-07,833,0.00018618713759176986
428,0.68571028928272426,0.0016462659696117043,4.1582126617431641,2,30951,39,34,6,0.099565505981445312,5.8412551879882812e-06,7.152557373046875e-07,797,0.00016992033092809984
429,0.68735655525233597,0.0016462659696117043,4.052556037902832,2,35713,40,34,7,0.10197949409484863,2.5033950805664062e-06,5.9604644775390625e-07,759,0.00018468239446093593
430,0.68900282122194767,0.0016462659696117043,3.7595343589782715,2,40474,40,34,8,0.098050832748413086,5.8412551879882812e-06,8.3446502685546875e-07,878,0.00020398661045567334
431,0.69064908719155937,0.0016462659696117043,4.1050686836242676,2,40462,28,34,8,0.10006272792816162,5.9604644775390625e-06,7.152557373046875e-07,869,0.00020338655218777446
432,0.69229535316117108,0.0016462659696117043,3.8504905700683594,2,45223,28,34,9,0.10478448867797852,2.4437904357910156e-06,5.9604644775390625e-07,832,0.00018969115323180336
433,0.69394161913078278,0.0016462659696117043,3.9749820232391357,2,26190,39,34,5,0.10790538787841797,5.3644180297851562e-06,8.3446502685546875e-07,861,0.00019308428973144123
434,0.69558788510039449,0.0016462659696117043,4.1532115936279297,2,30951,39,34,6,0.098833680152893066,5.4836273193359375e-06,7.152557373046875e-07,835,0.00018574788301208356
435,0.69723415107000619,0.0016462659696117043,4.0356569290161133,2,35713,40,34,7,0.10497915744781494,2.5033950805664062e-06,5.9604644775390625e-07,814,0.00020292430353267162
436,0.6988804170396179,0.0016462659696117043,3.8456225395202637,2,40474,40,34,8,0.11632096767425537,5.7220458984375e-06,8.3446502685546875e-07,898,0.0002093042185924378
437,0.7005266830092296,0.0016462659696117043,4.0513758659362793,2,40462,28,34,8,0.10064518451690674,5.7220458984375e-06,7.152557373046875e-07,891,0.00021177840022300887
438,0.7021729489788413,0.0016462659696117043,3.9107375144958496,2,45223,28,34,9,0.10322380065917969,2.4437904357910156e-06,5.9604644775390625e-07,895,0.0001990521157138
439,0.70381921494845301,0.0016462659696117043,3.9218559265136719,2,26190,39,34,5,0.10683131217956543,5.245208740234375e-06,8.3446502685546875e-07,924,0.00019728143249131207
440,0.70546548091806471,0.0016462659696117043,4.1135883331298828,2,30951,39,34,6,0.10286104679107666,5.1259994506835938e-06,7.152557373046875e-07,862,0.00019301607749522062
441,0.70711174688767642,0.0016462659696117043,4.0451655387878418,2,35781,39,35,7,0.10780620574951172,2.4437904357910156e-06,5.9604644775390625e-07,873,0.00020924107227640368
442,0.70875801285728812,0.0016462659696117043,3.8698928356170654,2,36051,33,39,7,0.10465717315673828,5.4836273193359375e-06,8.3446502685546875e-07,953,0.00022349277973369354
443,0.71040427882689983,0.0016462659696117043,3.9407472610473633,2,40462,28,34,8,0.10164451599121094,5.245208740234375e-06,7.152557373046875e-07,905,0.0002228272453845257
444,0.71205054479651153,0.0016462659696117043,4.016510009765625,2,45223,28,34,9,0.10387670993804932,2.5033950805664062e-06,5.9604644775390625e-07,924,0.00020313851793020985
445,0.71369681076612324,0.0016462659696117043,3.7653036117553711,2,26180,29,34,5,0.10325479507446289,5.1259994506835938e-06,8.3446502685546875e-07,973,0.00020571403657632163
446,0.71534307673573494,0.0016462659696117043,4.1315135955810547,2,30951,39,34,6,0.10454225540161133,4.6491622924804688e-06,7.152557373046875e-07,867,0.00019970097935156504
447,0.71698934270534664,0.0016462659696117043,4.0737833976745605,2,35781,39,35,7,0.10730421543121338,2.5033950805664062e-06,5.9604644775390625e-07,932,0.00020775404290851077
448,0.71863560867495835,0.0016462659696117043,3.8830704689025879,2,36053,35,39,7,0.10204648971557617,5.4240226745605469e-06,8.3446502685546875e-07,1007,0.00023739914335733732
449,0.72028187464457005,0.0016462659696117043,3.8564839363098145,2,40462,28,34,8,0.10169839859008789,4.76837158203125e-06,7.152557373046875e-07,935,0.00023154412481717505
450,0.72192814061418176,0.0016462659696117043,4.0126152038574219,2,45223,28,34,9,0.10508477687835693,2.5629997253417969e-06,5.9604644775390625e-07,971,0.00020555883782726012
451,0.72357440658379346,0.0016462659696117043,3.697857141494751,2,49984,28,34,10,0.10139131546020508,5.245208740234375e-06,8.3446502685546875e-07,976,0.00021247961035424629
452,0.72522067255340517,0.0016462659696117043,3.9729595184326172,2,30951,39,34,6,0.10373795032501221,4.1723251342773438e-06,7.152557373046875e-07,924,0.00021324423352682152
453,0.72686693852301687,0.0016462659696117043,4.0807099342346191,2,35781,39,35,7,0.10725283622741699,2.6226043701171875e-06,5.9604644775390625e-07,1015,0.00020924593611907572
454,0.72851320449262857,0.0016462659696117043,3.8995592594146729,2,40474,40,34,8,0.10229122638702393,5.4836273193359375e-06,8.3446502685546875e-07,993,0.00024506701644598576
455,0.73015947046224028,0.0016462659696117043,3.8329827785491943,2,40474,40,34,8,0.10347890853881836,4.291534423828125e-06,7.152557373046875e-07,986,0.0002524520743294255
456,0.73180573643185198,0.0016462659696117043,3.9626524448394775,2,45223,28,34,9,0.10296642780303955,2.7418136596679688e-06,5.9604644775390625e-07,1003,0.00021657145711731214
457,0.73345200240146369,0.0016462659696117043,3.7275090217590332,2,45642,33,40,9,0.10241615772247314,5.3644180297851562e-06,8.3446502685546875e-07,991,0.00021073772929053306
458,0.73509826837107539,0.0016462659696117043,3.8569295406341553,2,30941,29,34,6,0.10778677463531494,3.7550926208496094e-06,5.9604644775390625e-07,983,0.00022424310419959551
459,0.7367445343406871,0.0016462659696117043,4.1351494789123535,2,35712,39,34,7,0.10328042507171631,2.9206275939941406e-06,5.9604644775390625e-07,1083,0.00021875010604892458
460,0.7383908003102988,0.0016462659696117043,3.9562308788299561,2,40474,40,34,8,0.098169207572937012,5.6028366088867188e-06,8.3446502685546875e-07,1008,0.00024289111874981409
461,0.7400370662799105,0.0016462659696117043,3.8241796493530273,2,40474,40,34,8,0.10085272789001465,4.0531158447265625e-06,5.9604644775390625e-07,1028,0.00026324118188066813
462,0.74168333224952221,0.0016462659696117043,4.0439624786376953,2,45235,40,34,9,0.10549449920654297,2.9802322387695312e-06,5.9604644775390625e-07,1060,0.00023153886190925712
463,0.74332959821913391,0.0016462659696117043,3.7068970203399658,2,49984,28,34,10,0.10104870796203613,5.4836273193359375e-06,8.3446502685546875e-07,999,0.00021265425783962332
464,0.74497586418874562,0.0016462659696117043,3.6870095729827881,2,30941,29,34,6,0.1050184965133667,3.5762786865234375e-06,5.9604644775390625e-07,1021,0.00022761551044992424
465,0.74662213015835732,0.0016462659696117043,4.0257525444030762,2,35712,39,34,7,0.10472595691680908,3.1590461730957031e-06,5.9604644775390625e-07,1140,0.00023707286869623358
466,0.74826839612796903,0.0016462659696117043,3.9605758190155029,2,40474,40,34,8,0.098127365112304688,5.7816505432128906e-06,8.3446502685546875e-07,1013,0.00023988110958218832
467,0.74991466209758073,0.0016462659696117043,3.8367009162902832,2,45235,40,34,9,0.10484004020690918,3.7550926208496094e-06,5.9604644775390625e-07,1077,0.0002603752071537659
468,0.75156092806719244,0.0016462659696117043,4.0992631912231445,2,45235,40,34,9,0.10361409187316895,3.337860107421875e-06,5.9604644775390625e-07,1124,0.00024403439087396881
469,0.75320719403680414,0.0016462659696117043,3.8314695358276367,2,49996,40,34,10,0.106514573097229,5.8412551879882812e-06,8.3446502685546875e-07,1036,0.00022580514626400599
470,0.75485346000641584,0.0016462659696117043,3.6380729675292969,2,21702,36,38,4,0.10015225410461426,3.337860107421875e-06,5.9604644775390625e-07,1059,0.00023213903092828334
471,0.75649972597602755,0.0016462659696117043,3.8862755298614502,2,26459,32,38,5,0.10974156856536865,3.6358833312988281e-06,7.152557373046875e-07,1181,0.0002517269417325283
472,0.75814599194563925,0.0016462659696117043,3.9239392280578613,2,40542,39,35,8,0.10435128211975098,6.2584877014160156e-06,8.3446502685546875e-07,1059,0.00025058613370016521
473,0.75979225791525096,0.0016462659696117043,3.8320131301879883,2,45235,40,34,9,0.10494410991668701,3.6358833312988281e-06,5.9604644775390625e-07,1145,0.00026619794670115326
474,0.76143852388486266,0.0016462659696117043,4.1097240447998047,2,45235,40,34,9,0.10453951358795166,3.6954879760742188e-06,7.152557373046875e-07,1173,0.00026157783547268071
475,0.76308478985447437,0.0016462659696117043,4.0196490287780762,2,49996,40,34,10,0.10871875286102295,6.198883056640625e-06,8.3446502685546875e-07,1058,0.00023413317919554209
476,0.76473105582408607,0.0016462659696117043,3.6618654727935791,2,21702,36,38,4,0.10200536251068115,3.337860107421875e-06,5.9604644775390625e-07,1121,0.00024552613360993251
477,0.76637732179369777,0.0016462659696117043,3.9383423328399658,2,26460,33,38,5,0.10069727897644043,4.1127204895019531e-06,7.152557373046875e-07,1215,0.00026250683746492816
478,0.76802358776330948,0.0016462659696117043,3.9362478256225586,2,31221,33,38,6,0.10631906986236572,6.6161155700683594e-06,9.5367431640625e-07,1118,0.00026320431164083012
479,0.76966985373292118,0.0016462659696117043,3.8387186527252197,2,40533,30,35,8,0.11116254329681396,3.5762786865234375e-06,5.9604644775390625e-07,1197,0.00027270589973614365
480,0.77131611970253289,0.0016462659696117043,4.060821533203125,2,45235,40,34,9,0.10107183456420898,4.0531158447265625e-06,7.152557373046875e-07,1233,0.00027314080727000963
481,0.77296238567214459,0.0016462659696117043,4.1426687240600586,2,49996,40,34,10,0.10702300071716309,6.4373016357421875e-06,8.3446502685546875e-07,1144,0.00025480606998722657
482,0.7746086516417563,0.0016462659696117043,3.7421057224273682,2,54757,40,34,11,0.10617554187774658,3.337860107421875e-06,5.9604644775390625e-07,1180,0.000253358000082527
483,0.776254917611368,0.0016462659696117043,3.8996596336364746,2,26460,33,38,5,0.10409390926361084,4.5299530029296875e-06,7.152557373046875e-07,1242,0.0002593452611461304
484,0.7779011835809797,0.0016462659696117043,4.0759520530700684,2,31221,33,38,6,0.10859262943267822,6.9141387939453125e-06,9.5367431640625e-07,1148,0.00027838294308985131
485,0.77954744955059141,0.0016462659696117043,3.810997486114502,2,35982,33,38,7,0.10620224475860596,3.6358833312988281e-06,5.9604644775390625e-07,1257,0.0002701646927616294
486,0.78119371552020311,0.0016462659696117043,3.972360372543335,2,45235,40,34,9,0.10630881786346436,4.291534423828125e-06,7.152557373046875e-07,1249,0.00027351913084540792
487,0.78283998148981482,0.0016462659696117043,4.1361136436462402,2,49996,40,34,10,0.10597836971282959,6.9141387939453125e-06,9.5367431640625e-07,1185,0.00026925994227433955
488,0.78448624745942652,0.0016462659696117043,3.8411450386047363,2,54757,40,34,11,0.10970258712768555,3.337860107421875e-06,5.9604644775390625e-07,1258,0.00026007410466143854
489,0.78613251342903823,0.0016462659696117043,3.8623893260955811,2,31221,33,38,6,0.10420680046081543,4.76837158203125e-06,7.152557373046875e-07,1290,0.00027300288108582583
490,0.78777877939864993,0.0016462659696117043,4.0857138633728027,2,31221,33,38,6,0.10050129890441895,7.3313713073730469e-06,9.5367431640625e-07,1188,0.00029224230005788106
491,0.78942504536826164,0.0016462659696117043,3.9885580539703369,2,35982,33,38,7,0.10524570941925049,3.7550926208496094e-06,5.9604644775390625e-07,1265,0.000273568832558143
492,0.79107131133787334,0.0016462659696117043,3.8555519580841064,2,45235,40,34,9,0.10782134532928467,4.5299530029296875e-06,7.152557373046875e-07,1266,0.00027672710050900259
493,0.79271757730748504,0.0016462659696117043,4.0685315132141113,2,49996,40,34,10,0.10472381114959717,7.2717666625976562e-06,9.5367431640625e-07,1239,0.0002901561388415038
494,0.79436384327709675,0.0016462659696117043,3.9032151699066162,2,54757,40,34,11,0.10905957221984863,3.5762786865234375e-06,5.9604644775390625e-07,1292,0.00026280027705207517
495,0.79601010924670845,0.0016462659696117043,3.9308934211730957,2,30669,33,30,6,0.102591872215271,5.1259994506835938e-06,8.3446502685546875e-07,1327,0.00027710931660930653
496,0.79765637521632016,0.0016462659696117043,4.1312932968139648,2,31221,33,38,6,0.10632431507110596,7.8678131103515625e-06,9.5367431640625e-07,1258,0.00029812721470642649
497,0.79930264118593186,0.0016462659696117043,4.0785846710205078,2,35982,33,38,7,0.10876142978668213,4.1127204895019531e-06,7.152557373046875e-07,1307,0.000280924538259592
498,0.80094890715554357,0.0016462659696117043,3.899686336517334,2,40743,33,38,8,0.11058247089385986,4.6491622924804688e-06,7.152557373046875e-07,1267,0.00028743439865227285
499,0.80259517312515527,0.0016462659696117043,3.988311767578125,2,49996,40,34,10,0.10000896453857422,7.6889991760253906e-06,9.5367431640625e-07,1311,0.00030422421196367189
500,0.80424143909476697,0.0016462659696117043,3.9189674854278564,2,54757,40,34,11,0.11318886280059814,3.814697265625e-06,7.152557373046875e-07,1364,0.00028108348807639284
501,0.80588770506437868,0.0016462659696117043,3.9341285228729248,2,30669,33,30,6,0.10909175872802734,5.4240226745605469e-06,8.3446502685546875e-07,1355,0.00028342618552511559
502,0.80753397103399038,0.0016462659696117043,4.116973876953125,2,31221,33,38,6,0.10141658782958984,8.3446502685546875e-06,9.5367431640625e-07,1342,0.00030088602876461292
503,0.80918023700360209,0.0016462659696117043,4.1178865432739258,2,35982,33,38,7,0.11050224304199219,4.291534423828125e-06,7.152557373046875e-07,1371,0.00028870738099138772
504,0.81082650297321379,0.0016462659696117043,3.9535109996795654,2,40743,33,38,8,0.11338913440704346,4.76837158203125e-06,7.152557373046875e-07,1259,0.00029743026270839139
505,0.8124727689428255,0.0016462659696117043,3.8870308399200439,2,49996,40,34,10,0.10987257957458496,7.9870223999023438e-06,9.5367431640625e-07,1338,0.00030497158802177587
506,0.8141190349124372,0.0016462659696117043,3.9274845123291016,2,54757,40,34,11,0.10653197765350342,4.2319297790527344e-06,7.152557373046875e-07,1385,0.00030242389979515772
507,0.8157653008820489,0.0016462659696117043,3.961963415145874,2,30668,32,30,6,0.11432468891143799,5.6028366088867188e-06,8.3446502685546875e-07,1374,0.00029707134745611389
508,0.81741156685166061,0.0016462659696117043,4.0546131134033203,2,35982,33,38,7,0.10301125049591064,8.8810920715332031e-06,9.5367431640625e-07,1358,0.00029936288846730413
509,0.81905783282127231,0.0016462659696117043,4.0652318000793457,2,35982,33,38,7,0.11401569843292236,4.7087669372558594e-06,7.152557373046875e-07,1407,0.00029527796542742961
510,0.82070409879088402,0.0016462659696117043,3.973463773727417,2,40743,33,38,8,0.11664175987243652,4.8875808715820312e-06,7.152557373046875e-07,1300,0.00030567403392315929
511,0.82235036476049572,0.0016462659696117043,3.8265736103057861,2,45506,35,38,9,0.1109238862991333,8.4638595581054688e-06,9.5367431640625e-07,1400,0.00030070031093594934
512,0.82399663073010743,0.0016462659696117043,3.9325032234191895,2,26459,32,38,5,0.10990667343139648,4.4107437133789062e-06,7.152557373046875e-07,1438,0.00030822641084079708
513,0.82564289669971913,0.0016462659696117043,4.101250171661377,2,30668,32,30,6,0.11001384258270264,5.7816505432128906e-06,8.3446502685546875e-07,1429,0.00031472052703329059
514,0.82728916266933084,0.0016462659696117043,4.0255117416381836,2,35982,33,38,7,0.10478591918945312,9.3579292297363281e-06,9.5367431640625e-07,1442,0.00029972814039197292
515,0.82893542863894254,0.0016462659696117043,4.0324497222900391,2,35982,33,38,7,0.10924029350280762,4.8875808715820312e-06,7.152557373046875e-07,1408,0.00029730968857347493
516,0.83058169460855424,0.0016462659696117043,4.0033745765686035,2,40743,33,38,8,0.11343562602996826,4.8875808715820312e-06,7.152557373046875e-07,1400,0.00032347083040106775
517,0.83222796057816595,0.0016462659696117043,3.8943688869476318,2,45506,35,38,9,0.11160898208618164,8.58306884765625e-06,9.5367431640625e-07,1456,0.00031255607739382536
518,0.83387422654777765,0.0016462659696117043,3.9324884414672852,2,26459,32,38,5,0.10532534122467041,4.6491622924804688e-06,7.152557373046875e-07,1445,0.0003056521958248964
519,0.83552049251738936,0.0016462659696117043,4.1342911720275879,2,30668,32,30,6,0.10889816284179688,5.8412551879882812e-06,8.3446502685546875e-07,1518,0.00033907055073336269
520,0.83716675848700106,0.0016462659696117043,4.1250295639038086,2,35429,32,30,7,0.10418367385864258,9.5367431640625e-06,9.5367431640625e-07,1506,0.00030473616617856673
521,0.83881302445661277,0.0016462659696117043,4.065216064453125,2,35981,32,38,7,0.10195839405059814,5.1259994506835938e-06,8.3446502685546875e-07,1461,0.00029626465657690219
522,0.84045929042622447,0.0016462659696117043,4.0681133270263672,2,40743,33,38,8,0.10852682590484619,4.8875808715820312e-06,7.152557373046875e-07,1475,0.00033508694880528283
523,0.84210555639583617,0.0016462659696117043,3.9508328437805176,2,45506,35,38,9,0.11149358749389648,8.58306884765625e-06,9.5367431640625e-07,1485,0.00031460107214432341
524,0.84375182236544788,0.0016462659696117043,3.8382163047790527,2,26459,32,38,5,0.11190247535705566,4.6491622924804688e-06,7.152557373046875e-07,1498,0.00031774667390326077
525,0.84539808833505958,0.0016462659696117043,4.0781373977661133,2,31224,36,38,6,0.10933792591094971,5.8412551879882812e-06,8.3446502685546875e-07,1593,0.00035476155463978716
526,0.84704435430467129,0.0016462659696117043,4.2105507850646973,2,35429,32,30,7,0.10538029670715332,9.4771385192871094e-06,9.5367431640625e-07,1569,0.00031763328957452327
527,0.84869062027428299,0.0016462659696117043,4.059323787689209,2,40190,32,30,8,0.098840713500976562,5.245208740234375e-06,8.3446502685546875e-07,1464,0.00030639634438725364
528,0.8503368862438947,0.0016462659696117043,4.1451005935668945,2,40743,33,38,8,0.1116487979888916,4.76837158203125e-06,7.152557373046875e-07,1555,0.00034066593880017728
529,0.8519831522135064,0.0016462659696117043,4.0774712562561035,2,44952,33,30,9,0.11177515983581543,8.3446502685546875e-06,9.5367431640625e-07,1540,0.00032264033048136776
530,0.8536294181831181,0.0016462659696117043,3.9196920394897461,2,49713,33,30,10,0.11241865158081055,4.5299530029296875e-06,7.152557373046875e-07,1467,0.00032335330659605352
531,0.85527568415272981,0.0016462659696117043,4.0729904174804688,2,31220,32,38,6,0.10636937618255615,5.6028366088867188e-06,8.3446502685546875e-07,1619,0.00036323383658929553
532,0.85692195012234151,0.0016462659696117043,4.1941514015197754,2,35429,32,30,7,0.10571300983428955,9.2387199401855469e-06,9.5367431640625e-07,1644,0.00033360971506199736
533,0.85856821609195322,0.0016462659696117043,4.1246433258056641,2,40190,32,30,8,0.10146713256835938,5.245208740234375e-06,8.3446502685546875e-07,1500,0.00031944467747380118
534,0.86021448206156492,0.0016462659696117043,4.1769552230834961,2,40743,33,38,8,0.1081312894821167,4.6491622924804688e-06,7.152557373046875e-07,1606,0.00034754815783944441
535,0.86186074803117663,0.0016462659696117043,4.1636762619018555,2,44952,33,30,9,0.10880076885223389,7.8678131103515625e-06,9.5367431640625e-07,1607,0.00033702189638323431
536,0.86350701400078833,0.0016462659696117043,4.1639842987060547,2,49713,33,30,10,0.11038076877593994,4.291534423828125e-06,7.152557373046875e-07,1550,0.00034052697799315094
537,0.86515327997040004,0.0016462659696117043,3.9945735931396484,2,31220,32,38,6,0.10250675678253174,5.4240226745605469e-06,8.3446502685546875e-07,1734,0.00037393034106051275
538,0.86679954594001174,0.0016462659696117043,4.1434273719787598,2,35429,32,30,7,0.10760080814361572,8.7618827819824219e-06,9.5367431640625e-07,1704,0.00036141958084267862
539,0.86844581190962344,0.0016462659696117043,4.1546921730041504,2,40190,32,30,8,0.1027759313583374,5.1856040954589844e-06,8.3446502685546875e-07,1595,0.00034357434182366863
540,0.87009207787923515,0.0016462659696117043,4.2253241539001465,2,40743,33,38,8,0.10486209392547607,4.4107437133789062e-06,7.152557373046875e-07,1700,0.00035364383415821895
541,0.87173834384884685,0.0016462659696117043,4.1677951812744141,2,44952,33,30,9,0.10835027694702148,7.3909759521484375e-06,9.5367431640625e-07,1648,0.00035281683109549867
542,0.87338460981845856,0.0016462659696117043,4.3116569519042969,2,49713,33,30,10,0.10631334781646729,4.0531158447265625e-06,7.152557373046875e-07,1620,0.00036253388792454358
543,0.87503087578807026,0.0016462659696117043,4.0868558883666992,2,54474,33,30,11,0.10599696636199951,5.245208740234375e-06,8.3446502685546875e-07,1753,0.0003773837723244717
544,0.87667714175768197,0.0016462659696117043,4.0951986312866211,2,35429,32,30,7,0.10831904411315918,8.2254409790039062e-06,9.5367431640625e-07,1754,0.00036669638492050689
545,0.87832340772729367,0.0016462659696117043,4.1875553131103516,2,40190,32,30,8,0.1041485071182251,4.8279762268066406e-06,7.152557373046875e-07,1704,0.00037570377353935607
546,0.87996967369690537,0.0016462659696117043,4.1958880424499512,2,40743,33,38,8,0.10301661491394043,4.4107437133789062e-06,7.152557373046875e-07,1737,0.00036163032986539356
547,0.88161593966651708,0.0016462659696117043,4.3094115257263184,2,45506,35,38,9,0.1094658374786377,6.9141387939453125e-06,9.5367431640625e-07,1657,0.00036303302041487332
548,0.88326220563612878,0.0016462659696117043,4.373481273651123,2,49713,33,30,10,0.10556721687316895,3.6954879760742188e-06,7.152557373046875e-07,1723,0.00039120844096618434
549,0.88490847160574049,0.0016462659696117043,4.2313857078552246,2,54474,33,30,11,0.10881495475769043,5.245208740234375e-06,8.3446502685546875e-07,1796,0.00038568789555140333
550,0.88655473757535219,0.0016462659696117043,4.0496397018432617,2,35981,32,38,7,0.10327935218811035,7.8082084655761719e-06,9.5367431640625e-07,1772,0.00037425379084659075
551,0.8882010035449639,0.0016462659696117043,4.1785731315612793,2,40190,32,30,8,0.1075516939163208,4.5299530029296875e-06,7.152557373046875e-07,1781,0.00039170091334836518
552,0.8898472695145756,0.0016462659696117043,4.1126551628112793,2,40743,33,38,8,0.10139310359954834,4.6491622924804688e-06,7.152557373046875e-07,1793,0.00036889750371344804
553,0.8914935354841873,0.0016462659696117043,4.447502613067627,2,45506,35,38,9,0.10870969295501709,6.4969062805175781e-06,9.5367431640625e-07,1703,0.0003771727059226013
554,0.89313980145379901,0.0016462659696117043,4.379878044128418,2,49713,33,30,10,0.10595095157623291,3.337860107421875e-06,7.152557373046875e-07,1826,0.00040232557912138901
555,0.89478606742341071,0.0016462659696117043,4.2990126609802246,2,54474,33,30,11,0.11147511005401611,5.4240226745605469e-06,8.3446502685546875e-07,1825,0.00039754899505941741
556,0.89643233339302242,0.0016462659696117043,4.008613109588623,2,35981,32,38,7,0.10450756549835205,7.3313713073730469e-06,9.5367431640625e-07,1807,0.00038999501441422586
557,0.89807859936263412,0.0016462659696117043,4.1429214477539062,2,40190,32,30,8,0.1077040433883667,4.291534423828125e-06,7.152557373046875e-07,1860,0.00039942601011720919
558,0.89972486533224583,0.0016462659696117043,4.0588569641113281,2,44951,32,30,9,0.10459685325622559,4.8875808715820312e-06,7.152557373046875e-07,1853,0.00038977065691898124
559,0.90137113130185753,0.0016462659696117043,4.4299378395080566,2,45506,35,38,9,0.10960984230041504,6.3180923461914062e-06,8.3446502685546875e-07,1751,0.00038333115212289283
560,0.90301739727146924,0.0016462659696117043,4.3998560905456543,2,50267,35,38,10,0.10782241821289062,3.2186508178710938e-06,5.9604644775390625e-07,1912,0.00040007769861908954
561,0.90466366324108094,0.0016462659696117043,4.2631950378417969,2,54474,33,30,11,0.10467660427093506,5.7220458984375e-06,8.3446502685546875e-07,1868,0.00040889388896046916
562,0.90630992921069264,0.0016462659696117043,4.0690083503723145,2,59235,33,30,12,0.10685145854949951,7.0333480834960938e-06,9.5367431640625e-07,1824,0.00040226177074297688
563,0.90795619518030435,0.0016462659696117043,4.1212372779846191,2,40190,32,30,8,0.10071611404418945,4.1723251342773438e-06,7.152557373046875e-07,1948,0.00040428956494693695
564,0.90960246114991605,0.0016462659696117043,4.1072945594787598,2,45506,35,38,9,0.10541224479675293,5.245208740234375e-06,7.152557373046875e-07,1900,0.00039541324305594094
565,0.91124872711952776,0.0016462659696117043,4.3312864303588867,2,45506,35,38,9,0.10723316669464111,6.198883056640625e-06,8.3446502685546875e-07,1854,0.00040934398735546215
566,0.91289499308913946,0.0016462659696117043,4.463465690612793,2,50267,35,38,10,0.10805308818817139,3.337860107421875e-06,5.9604644775390625e-07,1947,0.00040283549028909799
567,0.91454125905875117,0.0016462659696117043,4.2643189430236816,2,55028,35,38,11,0.105072021484375,5.9604644775390625e-06,8.3446502685546875e-07,1921,0.00042333318810995727
568,0.91618752502836287,0.0016462659696117043,4.0737576484680176,2,59166,33,29,12,0.10636341571807861,6.7949295043945312e-06,9.5367431640625e-07,1895,0.00042820324097391898
569,0.91783379099797457,0.0016462659696117043,4.1573095321655273,2,59787,33,38,12,0.099011659622192383,4.1127204895019531e-06,5.9604644775390625e-07,1957,0.00041121136597175711
570,0.91948005696758628,0.0016462659696117043,4.1621899604797363,2,45506,35,38,9,0.10344278812408447,5.4836273193359375e-06,8.3446502685546875e-07,1934,0.00040374166567171675
571,0.92112632293719798,0.0016462659696117043,4.2133913040161133,2,45504,33,38,9,0.10212242603302002,5.9604644775390625e-06,8.3446502685546875e-07,1948,0.00042700329759015647
572,0.92277258890680969,0.0016462659696117043,4.4604463577270508,2,50267,35,38,10,0.10953652858734131,3.814697265625e-06,5.9604644775390625e-07,2016,0.00041769083381473836
573,0.92441885487642139,0.0016462659696117043,4.3745331764221191,2,55028,35,38,11,0.10859715938568115,6.2584877014160156e-06,8.3446502685546875e-07,1991,0.00042686165090804156
574,0.9260651208460331,0.0016462659696117043,4.1514372825622559,2,59166,33,29,12,0.10533773899078369,6.67572021484375e-06,9.5367431640625e-07,1965,0.00044391801643722134
575,0.9277113868156448,0.0016462659696117043,4.2118363380432129,2,59787,33,38,12,0.10394155979156494,4.1723251342773438e-06,5.9604644775390625e-07,2036,0.00042211477032410341
576,0.92935765278525651,0.0016462659696117043,4.2399430274963379,2,64550,35,38,13,0.10962927341461182,5.6028366088867188e-06,8.3446502685546875e-07,1987,0.00041234282441721836
577,0.93100391875486821,0.0016462659696117043,4.0684099197387695,2,68757,33,30,14,0.10423648357391357,6.198883056640625e-06,8.3446502685546875e-07,2003,0.00043508558254371936
578,0.93265018472447991,0.0016462659696117043,4.3667807579040527,2,50267,35,38,10,0.10742759704589844,4.4107437133789062e-06,5.9604644775390625e-07,2082,0.00043987726433922632
579,0.93429645069409162,0.0016462659696117043,4.3728547096252441,2,55028,35,38,11,0.10744428634643555,6.4373016357421875e-06,8.3446502685546875e-07,2011,0.00042072320416295555
580,0.93594271666370332,0.0016462659696117043,4.3013553619384766,2,59167,34,29,12,0.10204041004180908,6.67572021484375e-06,9.5367431640625e-07,2058,0.00045000082299111811
581,0.93758898263331503,0.0016462659696117043,4.2326207160949707,2,59787,33,38,12,0.10459029674530029,4.291534423828125e-06,5.9604644775390625e-07,2138,0.00043949689728760408
582,0.93923524860292673,0.0016462659696117043,4.3147177696228027,2,64548,33,38,13,0.11120641231536865,5.7220458984375e-06,8.3446502685546875e-07,2013,0.00042564806356341786
583,0.94088151457253844,0.0016462659696117043,4.1899137496948242,2,68688,33,29,14,0.10382235050201416,5.9604644775390625e-06,8.3446502685546875e-07,2125,0.000445013412848694
584,0.94252778054215014,0.0016462659696117043,4.2090463638305664,2,50265,33,38,10,0.10324656963348389,5.0663948059082031e-06,5.9604644775390625e-07,2147,0.00046392551866838034
585,0.94417404651176184,0.0016462659696117043,4.3446426391601562,2,55028,35,38,11,0.10613691806793213,6.7353248596191406e-06,8.3446502685546875e-07,2051,0.00043142358451567231
586,0.94582031248137355,0.0016462659696117043,4.3608126640319824,2,59166,33,29,12,0.10498857498168945,6.4373016357421875e-06,8.3446502685546875e-07,2200,0.00045736192524275664
587,0.94746657845098525,0.0016462659696117043,4.1839747428894043,2,59787,33,38,12,0.10790228843688965,4.7087669372558594e-06,5.9604644775390625e-07,2181,0.00045416264174059592
588,0.94911284442059696,0.0016462659696117043,4.3303375244140625,2,64548,33,38,13,0.11369109153747559,5.8412551879882812e-06,8.3446502685546875e-07,2114,0.00045174558345098125
589,0.95075911039020866,0.0016462659696117043,4.2652521133422852,2,69309,33,38,14,0.10359597206115723,5.7816505432128906e-06,8.3446502685546875e-07,2242,0.00044956769772760741
590,0.95240537635982037,0.0016462659696117043,4.0775942802429199,2,69309,33,38,14,0.10576844215393066,5.6028366088867188e-06,7.152557373046875e-07,2169,0.00047760179792094494
591,0.95405164232943207,0.0016462659696117043,4.2617716789245605,2,55028,35,38,11,0.10475170612335205,6.9141387939453125e-06,8.3446502685546875e-07,2117,0.00046648996350567845
592,0.95569790829904377,0.0016462659696117043,4.3072571754455566,2,59166,33,29,12,0.1035618782043457,6.3776969909667969e-06,8.3446502685546875e-07,2336,0.00046716925053544371
593,0.95734417426865548,0.0016462659696117043,4.1873469352722168,2,63928,34,29,13,0.10529696941375732,5.1259994506835938e-06,5.9604644775390625e-07,2265,0.0004568795013669686
594,0.95899044023826718,0.0016462659696117043,4.2782297134399414,2,64548,33,38,13,0.11449360847473145,5.9604644775390625e-06,8.3446502685546875e-07,2226,0.00047323433040658252
595,0.96063670620787889,0.0016462659696117043,4.3184285163879395,2,69309,33,38,14,0.10753774642944336,5.7220458984375e-06,8.3446502685546875e-07,2362,0.00047347938544274251
596,0.96228297217749059,0.0016462659696117043,4.1355347633361816,2,73449,33,29,15,0.10237002372741699,6.3180923461914062e-06,7.152557373046875e-07,2198,0.0004794169066587769
597,0.9639292381471023,0.0016462659696117043,4.2025070190429688,2,55026,33,38,11,0.1039808988571167,7.3909759521484375e-06,8.3446502685546875e-07,2232,0.00049662275581904597
598,0.965575504116714,0.0016462659696117043,4.286747932434082,2,59235,33,30,12,0.10027575492858887,6.6161155700683594e-06,8.3446502685546875e-07,2449,0.00049670276020160535
599,0.96722177008632571,0.0016462659696117043,4.2536835670471191,2,63928,34,29,13,0.10182344913482666,5.7816505432128906e-06,7.152557373046875e-07,2271,0.00045980310700001231
600,0.96886803605593741,0.0016462659696117043,4.2334165573120117,2,64548,33,38,13,0.10731709003448486,6.3180923461914062e-06,8.3446502685546875e-07,2299,0.00049089610379644431
601,0.97051430202554911,0.0016462659696117043,4.2927827835083008,2,69309,33,38,14,0.10828232765197754,5.9604644775390625e-06,8.3446502685546875e-07,2441,0.00049211727520841631
602,0.97216056799516082,0.0016462659696117043,4.1886630058288574,2,73449,33,29,15,0.099960803985595703,7.0333480834960938e-06,7.152557373046875e-07,2261,0.00048468546374718133
603,0.97380683396477252,0.0016462659696117043,4.1681361198425293,2,55026,33,38,11,0.10328841209411621,7.9274177551269531e-06,8.3446502685546875e-07,2305,0.0004977245242894072
604,0.97545309993438423,0.0016462659696117043,4.2011747360229492,2,59235,33,30,12,0.10259592533111572,6.9141387939453125e-06,8.3446502685546875e-07,2528,0.00052846800637547126
605,0.97709936590399593,0.0016462659696117043,4.2629785537719727,2,63927,33,29,13,0.10448992252349854,6.8545341491699219e-06,7.152557373046875e-07,2349,0.0004830944259984455
606,0.97874563187360764,0.0016462659696117043,4.0706305503845215,2,64548,33,38,13,0.10309374332427979,6.7949295043945312e-06,8.3446502685546875e-07,2408,0.00050299643078140926
607,0.98039189784321934,0.0016462659696117043,4.243016242980957,2,69309,33,38,14,0.1112673282623291,6.4373016357421875e-06,8.3446502685546875e-07,2526,0.00049935467478302734
608,0.98203816381283104,0.0016462659696117043,4.2149486541748047,2,74070,33,38,15,0.10262548923492432,7.9870223999023438e-06,7.152557373046875e-07,2365,0.00051028944710975789
609,0.98368442978244275,0.0016462659696117043,4.0817461013793945,2,78212,35,29,16,0.10499882698059082,8.4638595581054688e-06,9.5367431640625e-07,2397,0.00050589959244686715
610,0.98533069575205445,0.0016462659696117043,4.1474127769470215,2,78210,33,29,16,0.10206270217895508,7.5101852416992188e-06,8.3446502685546875e-07,2568,0.00054536666879452772
611,0.98697696172166616,0.0016462659696117043,4.2438960075378418,2,82972,34,29,17,0.099627494812011719,7.8678131103515625e-06,7.152557373046875e-07,2449,0.00051780402310759111
612,0.98862322769127786,0.0016462659696117043,4.0234851837158203,2,68688,33,29,14,0.10061085224151611,7.3909759521484375e-06,8.3446502685546875e-07,2545,0.00052415432024244051
613,0.99026949366088957,0.0016462659696117043,4.284998893737793,2,50195,32,37,10,0.11098909378051758,6.9141387939453125e-06,8.3446502685546875e-07,2532,0.00050709332116637726
614,0.99191575963050127,0.0016462659696117043,4.1929221153259277,2,74070,33,38,15,0.10549843311309814,9.059906005859375e-06,8.3446502685546875e-07,2461,0.00053091077076794686
615,0.99356202560011297,0.0016462659696117043,4.0219650268554688,2,78210,33,29,16,0.10183703899383545,9.1195106506347656e-06,9.5367431640625e-07,2559,0.00052343445055147821
616,0.99520829156972468,0.0016462659696117043,4.0818262100219727,2,59786,32,38,12,0.10402929782867432,8.106231689453125e-06,9.5367431640625e-07,2638,0.00055408286309433711
617,0.99685455753933638,0.0016462659696117043,4.2961158752441406,2,82971,33,29,17,0.098174333572387695,9.1195106506347656e-06,7.152557373046875e-07,2552,0.00055300286951937895
618,0.99850082350894809,0.0016462659696117043,4.1041378974914551,2,87733,34,29,18,0.10280776023864746,8.4638595581054688e-06,8.3446502685546875e-07,2646,0.00054784403274957282
619,1.0001470894785598,0.0016462659696117043,4.2672238349914551,2,50195,32,37,10,0.10501646995544434,7.6889991760253906e-06,9.5367431640625e-07,2577,0.00051779296734511514
620,1.0017933554481715,0.0016462659696117043,4.3145380020141602,2,54956,32,37,11,0.10523760318756104,1.049041748046875e-05,8.3446502685546875e-07,2547,0.00054277614554098022
621,1.0034396214177832,0.0016462659696117043,4.0360231399536133,2,54956,32,37,11,0.10498297214508057,1.0132789611816406e-05,9.5367431640625e-07,2633,0.00054726070549496653
622,1.0050858873873949,0.0016462659696117043,4.0573506355285645,2,59786,32,38,12,0.10497581958770752,8.58306884765625e-06,9.5367431640625e-07,2638,0.00055936310868068121
623,1.0067321533570066,0.0016462659696117043,4.280850887298584,2,82971,33,29,17,0.10119819641113281,1.0609626770019531e-05,8.3446502685546875e-07,2668,0.00057486255495924174
624,1.0083784193266183,0.0016462659696117043,4.3255634307861328,2,87733,34,29,18,0.10216355323791504,9.6559524536132812e-06,9.5367431640625e-07,2737,0.00056830750975096355
625,1.01002468529623,0.0016462659696117043,4.1180639266967773,2,50195,32,37,10,0.10126221179962158,8.4638595581054688e-06,9.5367431640625e-07,2698,0.00054118169467364137
626,1.0116709512658417,0.0016462659696117043,4.4455552101135254,2,54956,32,37,11,0.1010059118270874,1.2159347534179688e-05,9.5367431640625e-07,2653,0.00055346021823182376
627,1.0133172172354534,0.0016462659696117043,4.1667542457580566,2,59647,31,36,12,0.10187649726867676,1.1444091796875e-05,9.5367431640625e-07,2730,0.00056407462662318912
628,1.0149634832050651,0.0016462659696117043,4.126767635345459,2,59717,32,37,12,0.10130548477172852,9.1195106506347656e-06,9.5367431640625e-07,2748,0.00058233288390208084
629,1.0166097491746768,0.0016462659696117043,4.2003865242004395,2,82971,33,29,17,0.10196661949157715,1.1980533599853516e-05,8.3446502685546875e-07,2726,0.00058357744594973585
630,1.0182560151442885,0.0016462659696117043,4.4170465469360352,2,87733,34,29,18,0.10281753540039062,1.1205673217773438e-05,9.5367431640625e-07,2798,0.00057412603672820511
631,1.0199022811139002,0.0016462659696117043,4.0551223754882812,2,54892,37,36,11,0.10235786437988281,9.4175338745117188e-06,9.5367431640625e-07,2784,0.00058075507235153575
632,1.0215485470835119,0.0016462659696117043,4.4783062934875488,2,54956,32,37,11,0.10588657855987549,1.3589859008789062e-05,9.5367431640625e-07,2788,0.00056955865771090805
633,1.0231948130531237,0.0016462659696117043,4.3727946281433105,2,59647,31,36,12,0.102874755859375,1.3053417205810547e-05,9.5367431640625e-07,2808,0.00057664920010990146
634,1.0248410790227354,0.0016462659696117043,4.1622796058654785,2,59717,32,37,12,0.099825739860534668,9.7751617431640625e-06,9.5367431640625e-07,2862,0.00060168439589551896
635,1.0264873449923471,0.0016462659696117043,4.178520679473877,2,64547,32,38,13,0.10370182991027832,1.33514404296875e-05,9.5367431640625e-07,2836,0.00060409678104497407
636,1.0281336109619588,0.0016462659696117043,4.4193415641784668,2,87733,34,29,18,0.10188102722167969,1.3113021850585938e-05,9.5367431640625e-07,2887,0.00058136984947408405
637,1.0297798769315705,0.0016462659696117043,4.1823229789733887,2,92494,34,29,19,0.10190701484680176,1.0848045349121094e-05,9.5367431640625e-07,2846,0.00060188482937355227
638,1.0314261429011822,0.0016462659696117043,4.2940940856933594,2,54956,32,37,11,0.10193109512329102,1.5139579772949219e-05,9.5367431640625e-07,2865,0.000578969932968308
639,1.0330724088707939,0.0016462659696117043,4.3986911773681641,2,59303,32,31,12,0.10106122493743896,1.4901161193847656e-05,1.0728836059570312e-06,2908,0.000585706751531329
640,1.0347186748404056,0.0016462659696117043,4.2145037651062012,2,64408,31,36,13,0.10063481330871582,1.0848045349121094e-05,9.5367431640625e-07,2905,0.00061450936753387048
641,1.0363649408100173,0.0016462659696117043,4.137732982635498,2,64478,32,37,13,0.10195028781890869,1.4662742614746094e-05,9.5367431640625e-07,2939,0.00062613396397552979
642,1.038011206779629,0.0016462659696117043,4.3323736190795898,2,87733,34,29,18,0.10335946083068848,1.5020370483398438e-05,9.5367431640625e-07,2934,0.00058979998385028651
643,1.0396574727492407,0.0016462659696117043,4.3075175285339355,2,92494,34,29,19,0.10066354274749756,1.2695789337158203e-05,9.5367431640625e-07,2904,0.00062455586270075724
644,1.0413037387188524,0.0016462659696117043,4.0878572463989258,2,54956,32,37,11,0.10270369052886963,1.6689300537109375e-05,1.0132789611816406e-06,3028,0.00061269006760322439
645,1.0429500046884641,0.0016462659696117043,4.4533205032348633,2,59717,32,37,12,0.10162615776062012,1.6868114471435547e-05,1.0728836059570312e-06,2950,0.00059674718136748918
646,1.0445962706580758,0.0016462659696117043,4.3931069374084473,2,64408,31,36,13,0.099098324775695801,1.2636184692382812e-05,9.5367431640625e-07,2984,0.00063043261553364489
647,1.0462425366276875,0.0016462659696117043,4.1216015815734863,2,64478,32,37,13,0.10464334487915039,1.5974044799804688e-05,9.5367431640625e-07,3065,0.00065016451291211497
648,1.0478888025972992,0.0016462659696117043,4.1882905960083008,2,87732,33,29,18,0.10090863704681396,1.6987323760986328e-05,1.0728836059570312e-06,3029,0.00060500534467554639
649,1.0495350685669109,0.0016462659696117043,4.3706130981445312,2,92494,34,29,19,0.10276651382446289,1.4901161193847656e-05,9.5367431640625e-07,2979,0.00064025723786536215
650,1.0511813345365226,0.0016462659696117043,4.1369762420654297,2,59647,31,36,12,0.10137045383453369,1.8715858459472656e-05,1.0728836059570312e-06,3124,0.00063208894497257398
651,1.0528276005061343,0.0016462659696117043,4.3499550819396973,2,59717,32,37,12,0.10461580753326416,1.9252300262451172e-05,1.1920928955078125e-06,3018,0.00061755297398566615
652,1.054473866475746,0.0016462659696117043,4.3128280639648438,2,64408,31,36,13,0.10288357734680176,1.4722347259521484e-05,9.5367431640625e-07,3110,0.00062591263949263089
653,1.0561201324453577,0.0016462659696117043,4.0668988227844238,2,69169,31,36,14,0.10626530647277832,1.7404556274414062e-05,9.5367431640625e-07,3207,0.00067746192259820353
654,1.0577663984149694,0.0016462659696117043,4.1523723602294922,2,69308,32,38,14,0.1032332181930542,1.9252300262451172e-05,1.1324882507324219e-06,3147,0.00063030816313143295
655,1.0594126643845811,0.0016462659696117043,4.2903790473937988,2,92494,34,29,19,0.10190117359161377,1.71661376953125e-05,9.5367431640625e-07,3109,0.00064944349935778275
656,1.0610589303541929,0.0016462659696117043,4.1514182090759277,2,97254,33,29,20,0.10253214836120605,2.0623207092285156e-05,1.0728836059570312e-06,3248,0.000653521093988833
657,1.0627051963238046,0.0016462659696117043,4.1497211456298828,2,59717,32,37,12,0.10213887691497803,2.193450927734375e-05,1.2516975402832031e-06,3177,0.00065072184479544697
658,1.0643514622934163,0.0016462659696117043,4.3535199165344238,2,64064,32,31,13,0.10385823249816895,1.71661376953125e-05,9.5367431640625e-07,3216,0.00064677042147458393
659,1.065997728263028,0.0016462659696117043,4.2570505142211914,2,69169,31,36,14,0.10213208198547363,1.9371509552001953e-05,1.0132789611816406e-06,3340,0.00071564389710412988
660,1.0676439942326397,0.0016462659696117043,4.0512866973876953,2,69308,32,38,14,0.10551106929779053,2.1457672119140625e-05,1.1920928955078125e-06,3258,0.00066564078052167963
661,1.0692902602022514,0.0016462659696117043,4.1078205108642578,2,92494,34,29,19,0.10218417644500732,1.9669532775878906e-05,9.5367431640625e-07,3231,0.00066740751482744583
662,1.0709365261718631,0.0016462659696117043,4.167870044708252,2,97254,33,29,20,0.10169100761413574,2.3126602172851562e-05,1.0728836059570312e-06,3348,0.00067267060908436833
663,1.0725827921414748,0.0016462659696117043,4.1239399909973145,2,64132,31,32,13,0.10269773006439209,2.4676322937011719e-05,1.430511474609375e-06,3310,0.00067843549636146595
664,1.0742290581110865,0.0016462659696117043,4.3203902244567871,2,64478,32,37,13,0.10183024406433105,1.9073486328125e-05,9.5367431640625e-07,3314,0.00066232003348064273
665,1.0758753240806982,0.0016462659696117043,4.1937642097473145,2,69169,31,36,14,0.10998868942260742,2.1338462829589844e-05,1.0728836059570312e-06,3352,0.00072928842489484286
666,1.0775215900503099,0.0016462659696117043,3.9457528591156006,2,69239,32,37,14,0.099999427795410156,2.3603439331054688e-05,1.2516975402832031e-06,3364,0.00068950820103598921
667,1.0791678560199216,0.0016462659696117043,3.9795205593109131,2,73586,32,31,15,0.10147774219512939,2.1696090698242188e-05,9.5367431640625e-07,3355,0.0006947376384321038
668,1.0808141219895333,0.0016462659696117043,4.0930886268615723,2,59721,36,37,12,0.10016942024230957,2.5689601898193359e-05,1.1324882507324219e-06,3400,0.00066970774975299338
669,1.082460387959145,0.0016462659696117043,4.1742973327636719,2,64408,31,36,13,0.10068464279174805,2.7358531951904297e-05,1.4901161193847656e-06,3411,0.0006987274871163451
670,1.0841066539287567,0.0016462659696117043,4.2314682006835938,2,64478,32,37,13,0.10301315784454346,2.1755695343017578e-05,1.0728836059570312e-06,3485,0.0006840838324484776
671,1.0857529198983684,0.0016462659696117043,4.1591091156005859,2,69243,36,37,14,0.09989774227142334,2.3305416107177734e-05,1.0728836059570312e-06,3392,0.00073751019121196253
672,1.0873991858679801,0.0016462659696117043,4.0917825698852539,2,73930,31,36,15,0.097828865051269531,2.5629997253417969e-05,1.430511474609375e-06,3454,0.00071912600380523786
673,1.0890454518375918,0.0016462659696117043,4.0223240852355957,2,73586,32,31,15,0.1020122766494751,2.3722648620605469e-05,9.5367431640625e-07,3480,0.00072400570220517162
674,1.0906917178072035,0.0016462659696117043,4.111485481262207,2,59717,32,37,12,0.099404811859130859,2.7775764465332031e-05,1.1324882507324219e-06,3475,0.00068622908408438757
675,1.0923379837768152,0.0016462659696117043,4.0402417182922363,2,64408,31,36,13,0.097468972206115723,2.9921531677246094e-05,1.4901161193847656e-06,3523,0.00071930208318936827
676,1.0939842497464269,0.0016462659696117043,4.1232995986938477,2,64137,36,32,13,0.10523152351379395,2.4676322937011719e-05,1.0728836059570312e-06,3552,0.00069778181858290921
677,1.0956305157160386,0.0016462659696117043,4.2301154136657715,2,68825,32,31,14,0.10369217395782471,2.5689601898193359e-05,1.0132789611816406e-06,3429,0.0007470179427081831
678,1.0972767816856503,0.0016462659696117043,4.043968677520752,2,73930,31,36,15,0.09721529483795166,2.765655517578125e-05,1.430511474609375e-06,3538,0.00074670997410266661
679,1.0989230476552621,0.0016462659696117043,3.9285545349121094,2,73586,32,31,15,0.10281288623809814,2.6106834411621094e-05,1.0728836059570312e-06,3609,0.00073887265997903606
680,1.1005693136248738,0.0016462659696117043,4.1209630966186523,2,59652,36,36,12,0.10002493858337402,3.0517578125e-05,1.0728836059570312e-06,3520,0.00071103088708056306
681,1.1022155795944855,0.0016462659696117043,3.9976894855499268,2,64413,36,36,13,0.10010373592376709,3.2663345336914062e-05,1.5497207641601562e-06,3560,0.00073314579963058108
682,1.1038618455640972,0.0016462659696117043,4.1513690948486328,2,69169,31,36,14,0.1039583683013916,2.765655517578125e-05,1.1324882507324219e-06,3619,0.00070206233063590336
683,1.1055081115337089,0.0016462659696117043,4.2101302146911621,2,69239,32,37,14,0.1005401611328125,2.8550624847412109e-05,1.0132789611816406e-06,3549,0.00076200874225846606
684,1.1071543775033206,0.0016462659696117043,4.1139135360717773,2,74004,36,37,15,0.12008416652679443,2.9861927032470703e-05,1.430511474609375e-06,3692,0.00076618999407927508
685,1.1088006434729323,0.0016462659696117043,3.9476253986358643,2,78691,31,36,16,0.096613764762878418,2.8192996978759766e-05,1.0728836059570312e-06,3733,0.00076574548788395618
686,1.110446909442544,0.0016462659696117043,4.1710638999938965,2,59652,36,36,12,0.097513079643249512,3.3020973205566406e-05,1.0728836059570312e-06,3593,0.00073745094243552313
687,1.1120931754121557,0.0016462659696117043,4.0917549133300781,2,64413,36,36,13,0.099982619285583496,3.4809112548828125e-05,1.5497207641601562e-06,3687,0.00075311535025662584
688,1.1137394413817674,0.0016462659696117043,3.9897854328155518,2,64413,36,36,13,0.10961067676544189,3.147125244140625e-05,1.1920928955078125e-06,3715,0.00071657794312188347
689,1.1153857073513791,0.0016462659696117043,4.1432414054870605,2,69239,32,37,14,0.10082435607910156,3.2544136047363281e-05,1.0132789611816406e-06,3621,0.00078319386890012368
690,1.1170319733209908,0.0016462659696117043,4.166783332824707,2,73586,32,31,15,0.11520206928253174,3.2484531402587891e-05,1.430511474609375e-06,3798,0.00077602236109926867
691,1.1186782392906025,0.0016462659696117043,3.9552493095397949,2,78691,31,36,16,0.11414682865142822,3.1173229217529297e-05,1.0728836059570312e-06,3848,0.00078283644876390068
692,1.1203245052602142,0.0016462659696117043,4.0661773681640625,2,59652,36,36,12,0.10281836986541748,3.5762786865234375e-05,1.0728836059570312e-06,3710,0.00077168305563847734
693,1.1219707712298259,0.0016462659696117043,4.210141658782959,2,64413,36,36,13,0.10333359241485596,3.7670135498046875e-05,1.5497207641601562e-06,3842,0.00077431482516426549
694,1.1236170371994376,0.0016462659696117043,3.9920315742492676,2,69174,36,36,14,0.10075950622558594,3.5941600799560547e-05,1.1920928955078125e-06,3803,0.00073329039489770031
695,1.1252633031690493,0.0016462659696117043,4.0868244171142578,2,69174,36,36,14,0.11178350448608398,3.8027763366699219e-05,1.0132789611816406e-06,3764,0.00079324177431903497
696,1.126909569138661,0.0016462659696117043,4.2339377403259277,2,73586,32,31,15,0.1251833438873291,3.5703182220458984e-05,1.430511474609375e-06,3947,0.00079189946893442633
697,1.1285558351082727,0.0016462659696117043,4.0276980400085449,2,78765,36,37,16,0.10268867015838623,3.5643577575683594e-05,1.0728836059570312e-06,3932,0.00079385866906164944
698,1.1302021010778844,0.0016462659696117043,3.9077622890472412,2,69106,37,35,14,0.096230745315551758,4.00543212890625e-05,1.1324882507324219e-06,3813,0.00078675921430616791
699,1.1318483670474961,0.0016462659696117043,4.2609820365905762,2,64413,36,36,13,0.098587512969970703,4.0471553802490234e-05,1.6093254089355469e-06,3985,0.00080360337652136472
700,1.1334946330171078,0.0016462659696117043,4.0872893333435059,2,69174,36,36,14,0.10172724723815918,4.0769577026367188e-05,1.1920928955078125e-06,3966,0.00075604037195956507
701,1.1351408989867195,0.0016462659696117043,3.9802875518798828,2,69174,36,36,14,0.10336291790008545,4.4584274291992188e-05,1.0728836059570312e-06,3882,0.00079677940745730255
702,1.1367871649563313,0.0016462659696117043,4.2141852378845215,2,73935,36,36,15,0.1022871732711792,4.0531158447265625e-05,1.4901161193847656e-06,4056,0.00081305897470198988
703,1.138433430925943,0.0016462659696117043,4.1201796531677246,2,78765,36,37,16,0.10068023204803467,4.0888786315917969e-05,1.0728836059570312e-06,4056,0.00081537202495084637
704,1.1400796968955547,0.0016462659696117043,4.083216667175293,2,64413,36,36,13,0.097173810005187988,4.5120716094970703e-05,1.1920928955078125e-06,3946,0.00081790947195108912
705,1.1417259628651664,0.0016462659696117043,4.1014847755432129,2,64409,32,36,13,0.10876786708831787,4.4286251068115234e-05,1.6093254089355469e-06,4062,0.00083495690788657981
706,1.1433722288347781,0.0016462659696117043,4.2274527549743652,2,69174,36,36,14,0.10533881187438965,4.7087669372558594e-05,1.1920928955078125e-06,4085,0.00080362848257271228
707,1.1450184948043898,0.0016462659696117043,3.9850850105285645,2,73935,36,36,15,0.10482501983642578,5.1140785217285156e-05,1.0728836059570312e-06,3988,0.0008157669197437884
708,1.1466647607740015,0.0016462659696117043,4.1840357780456543,2,73935,36,36,15,0.14470696449279785,4.8041343688964844e-05,1.5497207641601562e-06,4182,0.00082946234017344366
709,1.1483110267436132,0.0016462659696117043,4.2035589218139648,2,69037,37,34,14,0.10921812057495117,4.8518180847167969e-05,1.0728836059570312e-06,4183,0.00084236714436836915
710,1.1499572927132249,0.0016462659696117043,4.2046375274658203,2,64413,36,36,13,0.10142266750335693,5.1558017730712891e-05,1.1920928955078125e-06,4082,0.00084775976977420424
711,1.1516035586828366,0.0016462659696117043,4.0555558204650879,2,69174,36,36,14,0.11614727973937988,4.8875808715820312e-05,1.6689300537109375e-06,4218,0.00085425243165703846
712,1.1532498246524483,0.0016462659696117043,4.2489900588989258,2,69174,36,36,14,0.10105979442596436,5.3644180297851562e-05,1.1920928955078125e-06,4153,0.00085166672926211657
713,1.15489609062206,0.0016462659696117043,4.1708459854125977,2,73935,36,36,15,0.11662328243255615,5.8233737945556641e-05,1.1920928955078125e-06,4112,0.00084348244373632221
714,1.1565423565916717,0.0016462659696117043,4.0628561973571777,2,73935,36,36,15,0.1175997257232666,5.8293342590332031e-05,1.6093254089355469e-06,4296,0.00085148659412095679
715,1.1581886225612834,0.0016462659696117043,4.353510856628418,2,78696,36,36,16,0.10855591297149658,5.9008598327636719e-05,1.0728836059570312e-06,4251,0.00086857642751662207
716,1.1598348885308951,0.0016462659696117043,4.298518180847168,2,64413,36,36,13,0.10331964492797852,6.0439109802246094e-05,1.3709068298339844e-06,4198,0.00087422849659320808
717,1.1614811545005068,0.0016462659696117043,4.2407736778259277,2,69174,36,36,14,0.10413622856140137,5.6862831115722656e-05,1.7881393432617188e-06,4380,0.00085723733157482972
718,1.1631274204701185,0.0016462659696117043,4.0892467498779297,2,68894,32,32,14,0.10401546955108643,6.3538551330566406e-05,1.1920928955078125e-06,4183,0.0008741028348779287
719,1.1647736864397302,0.0016462659696117043,4.2673397064208984,2,73935,36,36,15,0.10677695274353027,6.6399574279785156e-05,1.1920928955078125e-06,4305,0.00088064462882315618
720,1.1664199524093419,0.0016462659696117043,4.1228547096252441,2,59652,36,36,12,0.13291466236114502,6.8187713623046875e-05,1.6689300537109375e-06,4490,0.0008815203830808728
721,1.1680662183789536,0.0016462659696117043,4.2758564949035645,2,78696,36,36,16,0.10885775089263916,7.1883201599121094e-05,1.1324882507324219e-06,4334,0.00087073833799605619
722,1.1697124843485653,0.0016462659696117043,4.4124951362609863,2,64409,32,36,13,0.09978485107421875,7.1287155151367188e-05,1.430511474609375e-06,4367,0.00092172436677518299
723,1.171358750318177,0.0016462659696117043,4.4067802429199219,2,69174,36,36,14,0.10336697101593018,6.8783760070800781e-05,2.0265579223632812e-06,4588,0.00089195754220129685
724,1.1730050162877887,0.0016462659696117043,4.1465969085693359,2,73935,36,36,15,0.10630035400390625,7.534027099609375e-05,1.2516975402832031e-06,4271,0.00089432395018972718
725,1.1746512822574005,0.0016462659696117043,4.1786746978759766,2,73935,36,36,15,0.1047368049621582,7.6353549957275391e-05,1.2516975402832031e-06,4483,0.00091431965371919913
726,1.1762975482270122,0.0016462659696117043,4.2051358222961426,2,78696,36,36,16,0.10780847072601318,8.1300735473632812e-05,1.7881393432617188e-06,4552,0.00092692921637399733
727,1.1779438141966239,0.0016462659696117043,4.2920670509338379,2,64413,36,36,13,0.10466241836547852,8.6426734924316406e-05,1.1920928955078125e-06,4451,0.000887475906398512
728,1.1795900801662356,0.0016462659696117043,4.4175643920898438,2,83457,36,36,17,0.10581123828887939,8.4638595581054688e-05,1.4901161193847656e-06,4608,0.00096664328944360189
729,1.1812363461358473,0.0016462659696117043,4.4831409454345703,2,69174,36,36,14,0.10768425464630127,8.3088874816894531e-05,2.0265579223632812e-06,4661,0.00093041098964856492
730,1.182882612105459,0.0016462659696117043,4.3726558685302734,2,73935,36,36,15,0.10514235496520996,8.9049339294433594e-05,1.3709068298339844e-06,4398,0.00091183044694284664
731,1.1845288780750707,0.0016462659696117043,4.1438584327697754,2,59376,36,32,12,0.10612928867340088,8.9406967163085938e-05,1.430511474609375e-06,4697,0.00093885242098916671
732,1.1861751440446824,0.0016462659696117043,4.2876143455505371,2,78696,36,36,16,0.10672831535339355,9.3758106231689453e-05,2.0265579223632812e-06,4642,0.00096773125502832636
733,1.1878214100142941,0.0016462659696117043,4.4168148040771484,2,64413,36,36,13,0.10146784782409668,0.00010442733764648438,1.1920928955078125e-06,4660,0.00091927377035616869
734,1.1894676759839058,0.0016462659696117043,4.4946680068969727,2,69174,36,36,14,0.10730743408203125,0.00010114908218383789,1.5497207641601562e-06,4756,0.00098722981767019268
735,1.1911139419535175,0.0016462659696117043,4.6096868515014648,2,69170,32,36,14,0.10332679748535156,0.00010049343109130859,2.1457672119140625e-06,4739,0.0009538119767183472
736,1.1927602079231292,0.0016462659696117043,4.506558895111084,2,73935,36,36,15,0.10617876052856445,0.00010824203491210938,1.430511474609375e-06,4594,0.00097048321958201106
737,1.1944064738927409,0.0016462659696117043,4.2871389389038086,2,78420,36,32,16,0.10759305953979492,0.00010442733764648438,1.430511474609375e-06,4834,0.0009568348350339523
738,1.1960527398623526,0.0016462659696117043,4.2764296531677246,2,78764,35,37,16,0.10683417320251465,0.00011134147644042969,2.0265579223632812e-06,4744,0.0010093644203397506
739,1.1976990058319643,0.0016462659696117043,4.4128279685974121,2,64409,32,36,13,0.10535609722137451,0.00012683868408203125,1.2516975402832031e-06,4846,0.00096510683743027104
740,1.199345271801576,0.0016462659696117043,4.633232593536377,2,69174,36,36,14,0.10615265369415283,0.00012391805648803711,1.5497207641601562e-06,4911,0.0010074506799892145
741,1.2009915377711877,0.0016462659696117043,4.5330905914306641,2,73935,36,36,15,0.10556149482727051,0.00012362003326416016,2.2649765014648438e-06,4850,0.0009800205622246521
742,1.2026378037407994,0.0016462659696117043,4.5700154304504395,2,73935,36,36,15,0.10604727268218994,0.00013190507888793945,1.4901161193847656e-06,4752,0.0010083153802734079
743,1.2042840697104111,0.0016462659696117043,4.4850659370422363,2,78420,36,32,16,0.1101754903793335,0.00012612342834472656,1.430511474609375e-06,4932,0.00096436672874270889
744,1.2059303356800228,0.0016462659696117043,4.3778142929077148,2,64137,36,32,13,0.10708272457122803,0.00013047456741333008,2.1457672119140625e-06,4851,0.0010453963591058742
745,1.2075766016496345,0.0016462659696117043,4.4723834991455078,2,83457,36,36,17,0.10680913925170898,0.00014770030975341797,1.430511474609375e-06,5001,0.001002520249837331
746,1.2092228676192462,0.0016462659696117043,4.7732458114624023,2,69174,36,36,14,0.10775208473205566,0.00015103816986083984,1.5497207641601562e-06,4967,0.0010242603107085576
747,1.2108691335888579,0.0016462659696117043,4.7140216827392578,2,73935,36,36,15,0.10978484153747559,0.00015056133270263672,2.3245811462402344e-06,4994,0.0010032275954427591
748,1.2125153995584697,0.0016462659696117043,4.6803231239318848,2,73931,32,36,15,0.10595643520355225,0.00016105175018310547,1.6093254089355469e-06,4939,0.0010550070931716114
749,1.2141616655280814,0.0016462659696117043,4.6415390968322754,2,78420,36,32,16,0.11060535907745361,0.00015771389007568359,1.430511474609375e-06,5014,0.00099163574967417738
750,1.2158079314976931,0.0016462659696117043,4.5117092132568359,2,64413,36,36,13,0.11397159099578857,0.00015759468078613281,2.1457672119140625e-06,4993,0.0010623754857862515
751,1.2174541974673048,0.0016462659696117043,4.5486631393432617,2,83525,35,37,17,0.11297833919525146,0.00017601251602172852,1.4901161193847656e-06,5134,0.0010476495387618941
752,1.2191004634369165,0.0016462659696117043,4.7501678466796875,2,69170,32,36,14,0.10812008380889893,0.00018513202667236328,1.5497207641601562e-06,5060,0.0010534126337647075
753,1.2207467294065282,0.0016462659696117043,4.9249100685119629,2,73659,36,32,15,0.1081242561340332,0.00018239021301269531,2.5033950805664062e-06,5100,0.0010320115014319448
754,1.2223929953761399,0.0016462659696117043,4.7177033424377441,2,78420,36,32,16,0.10940563678741455,0.00019311904907226562,1.6689300537109375e-06,5070,0.001078146543954688
755,1.2240392613457516,0.0016462659696117043,4.7353715896606445,2,78416,32,32,16,0.11042797565460205,0.00019466876983642578,1.3709068298339844e-06,5106,0.0010456236885560254
756,1.2256855273153633,0.0016462659696117043,4.6407537460327148,2,83181,36,32,17,0.11162769794464111,0.00019204616546630859,2.2649765014648438e-06,5134,0.0010776662540159859
757,1.227331793284975,0.0016462659696117043,4.633573055267334,2,68898,36,32,14,0.11203372478485107,0.0002117156982421875,1.5497207641601562e-06,5251,0.0010842891853465072
758,1.2289780592545867,0.0016462659696117043,4.6719183921813965,2,69170,32,36,14,0.10791623592376709,0.00022745132446289062,1.4901161193847656e-06,5196,0.0010978731921614047
759,1.2306243252241984,0.0016462659696117043,4.9965496063232422,2,73935,36,36,15,0.10956025123596191,0.00022721290588378906,2.5033950805664062e-06,5238,0.0010538932818679677
760,1.2322705911938101,0.0016462659696117043,4.9106807708740234,2,78420,36,32,16,0.11245870590209961,0.00023782253265380859,1.7881393432617188e-06,5237,0.0010777559635958929
761,1.2339168571634218,0.0016462659696117043,4.8610477447509766,2,78419,35,32,16,0.1117175817489624,0.00024181604385375977,1.2516975402832031e-06,5261,0.0010934953345955948
762,1.2355631231330335,0.0016462659696117043,4.7791171073913574,2,83181,36,32,17,0.11371088027954102,0.00024169683456420898,2.1457672119140625e-06,5262,0.0010888821752645492
763,1.2372093891026452,0.0016462659696117043,4.7653698921203613,2,69174,36,36,14,0.11007344722747803,0.00025713443756103516,1.6093254089355469e-06,5335,0.0010869618583581361
764,1.2388556550722569,0.0016462659696117043,4.7116193771362305,2,88286,35,37,18,0.11289989948272705,0.00027406215667724609,1.430511474609375e-06,5334,0.0011344748869170198
765,1.2405019210418686,0.0016462659696117043,5.0088529586791992,2,73931,32,36,15,0.11202442646026611,0.00028252601623535156,2.4437904357910156e-06,5369,0.0010906865770997367
766,1.2421481870114803,0.0016462659696117043,5.1374001502990723,2,78420,36,32,16,0.1109311580657959,0.00028645992279052734,1.9073486328125e-06,5380,0.0011023378059408599
767,1.243794452981092,0.0016462659696117043,4.9248433113098145,2,78417,33,32,16,0.11063861846923828,0.00030100345611572266,1.1920928955078125e-06,5364,0.0011246691243778435
768,1.2454407189507037,0.0016462659696117043,4.8318605422973633,2,83453,32,36,17,0.11701691150665283,0.00028967857360839844,2.1457672119140625e-06,5335,0.0011346096009328284
769,1.2470869849203154,0.0016462659696117043,4.8744959831237793,2,87942,36,32,18,0.11602747440338135,0.00031507015228271484,1.6689300537109375e-06,5481,0.0011175836270238661
770,1.2487332508899271,0.0016462659696117043,4.8530259132385254,2,73659,36,32,15,0.11444544792175293,0.00033229589462280273,1.3709068298339844e-06,5500,0.0011588554973001272
771,1.2503795168595389,0.0016462659696117043,5.0823612213134766,2,73932,33,36,15,0.11163389682769775,0.00035041570663452148,2.3245811462402344e-06,5435,0.0011228109636390463
772,1.2520257828291506,0.0016462659696117043,5.1494216918945312,2,78696,36,36,16,0.11520588397979736,0.00034439563751220703,1.9073486328125e-06,5555,0.0011292284156679312
773,1.2536720487987623,0.0016462659696117043,5.0664706230163574,2,64413,36,36,13,0.11374711990356445,0.00037008523941040039,1.1324882507324219e-06,5593,0.0011607220416068715
774,1.255318314768374,0.0016462659696117043,5.1070013046264648,2,83180,35,32,17,0.11374711990356445,0.00036299228668212891,2.0265579223632812e-06,5436,0.0011487732072161603
775,1.2569645807379857,0.0016462659696117043,5.033724308013916,2,87942,36,32,18,0.1176685094833374,0.00038260221481323242,1.6689300537109375e-06,5630,0.0011522298534243712
776,1.2586108467075974,0.0016462659696117043,4.9880166053771973,2,73935,36,36,15,0.11358535289764404,0.00040745735168457031,1.1920928955078125e-06,5636,0.0011923606898325884
777,1.2602571126772091,0.0016462659696117043,4.9601635932922363,2,73932,33,36,15,0.11468875408172607,0.00043302774429321289,2.2649765014648438e-06,5555,0.0011443129552411958
778,1.2619033786468208,0.0016462659696117043,5.2388315200805664,2,78695,35,36,16,0.11621642112731934,0.00042629241943359375,2.0265579223632812e-06,5721,0.0011652816361380617
779,1.2635496446164325,0.0016462659696117043,5.303626537322998,2,83181,36,32,17,0.11584687232971191,0.0004399418830871582,1.0728836059570312e-06,5686,0.0012052532557612634
780,1.2651959105860442,0.0016462659696117043,5.1345911026000977,2,83178,33,32,17,0.11562585830688477,0.00044941902160644531,2.0265579223632812e-06,5602,0.0011882260266863108
781,1.2668421765556559,0.0016462659696117043,5.0465941429138184,2,88218,36,36,18,0.12115979194641113,0.00046002864837646484,1.6689300537109375e-06,5766,0.0011825399061841527
782,1.2684884425252676,0.0016462659696117043,5.0917067527770996,2,73934,35,36,15,0.12322759628295898,0.00049299001693725586,1.1920928955078125e-06,5818,0.0012288036877490275
783,1.2701347084948793,0.0016462659696117043,5.0740885734558105,2,78696,36,36,16,0.1217416524887085,0.00051426887512207031,2.1457672119140625e-06,5682,0.0011917314355451667
784,1.271780974464491,0.0016462659696117043,5.4182343482971191,2,78693,33,36,16,0.11729764938354492,0.00052791833877563477,2.0265579223632812e-06,5848,0.0012013334967593478
785,1.2734272404341027,0.0016462659696117043,5.3421893119812012,2,83453,32,36,17,0.12200593948364258,0.00054097175598144531,1.0728836059570312e-06,5881,0.0012431540417589899
786,1.2750735064037144,0.0016462659696117043,5.1353473663330078,2,87942,36,32,18,0.12066447734832764,0.00053232908248901367,1.9073486328125e-06,5746,0.001222800714579647
787,1.2767197723733261,0.0016462659696117043,5.3023476600646973,2,87941,35,32,18,0.12100934982299805,0.00056672096252441406,1.6689300537109375e-06,5853,0.0012168771033007316
788,1.2783660383429378,0.0016462659696117043,5.2828836441040039,2,73934,35,36,15,0.12376260757446289,0.00059592723846435547,1.1920928955078125e-06,5942,0.0012620062353481724
789,1.2800123043125495,0.0016462659696117043,5.2362403869628906,2,78692,32,36,16,0.12357258796691895,0.00061511993408203125,2.0861625671386719e-06,5853,0.0012353101947809972
790,1.2816585702821612,0.0016462659696117043,5.3254127502441406,2,78693,33,36,16,0.11983609199523926,0.00063240528106689453,2.0265579223632812e-06,6009,0.0012320926397129273
791,1.2833048362517729,0.0016462659696117043,5.4561567306518555,2,83180,35,32,17,0.1292574405670166,0.00065201520919799805,1.0728836059570312e-06,6026,0.0012548224133707168
792,1.2849511022213846,0.0016462659696117043,5.3408565521240234,2,87942,36,32,18,0.12347233295440674,0.0006561279296875,1.7881393432617188e-06,5976,0.0012786090270540912
793,1.2865973681909963,0.0016462659696117043,5.3950309753417969,2,87939,33,32,18,0.12689507007598877,0.00068438053131103516,1.6689300537109375e-06,5978,0.0012542779510378401
794,1.2882436341606081,0.0016462659696117043,5.3838238716125488,2,73934,35,36,15,0.1261591911315918,0.00070917606353759766,1.1920928955078125e-06,6072,0.001277150117094003
795,1.2898899001302198,0.0016462659696117043,5.2906956672668457,2,78416,32,32,16,0.13108158111572266,0.00074905157089233398,2.0265579223632812e-06,6020,0.0012985035267773465
796,1.2915361660998315,0.0016462659696117043,5.1587638854980469,2,83250,36,33,17,0.12527751922607422,0.00077402591705322266,1.9073486328125e-06,6174,0.0012846728392360415
797,1.2931824320694432,0.0016462659696117043,5.5866575241088867,2,83454,33,36,17,0.13230705261230469,0.00078231096267700195,1.0728836059570312e-06,6162,0.0012780322735416894
798,1.2948286980390549,0.0016462659696117043,5.5155439376831055,2,87942,36,32,18,0.13041508197784424,0.00080841779708862305,1.6689300537109375e-06,6166,0.0013115839283425049
799,1.2964749640086666,0.0016462659696117043,5.4228835105895996,2,87939,33,32,18,0.12702763080596924,0.00083971023559570312,1.6093254089355469e-06,6125,0.0013051440157251962
800,1.2981212299782783,0.0016462659696117043,5.5437774658203125,2,92702,35,32,19,0.1291123628616333,0.00086164474487304688,1.1920928955078125e-06,6219,0.0013137227493165865
801,1.29976749594789,0.0016462659696117043,5.4396505355834961,2,78693,33,36,16,0.13421511650085449,0.00089746713638305664,2.0265579223632812e-06,6111,0.0013305247689776205
802,1.3014137619175017,0.0016462659696117043,5.3270888328552246,2,83250,36,33,17,0.13190793991088867,0.00093090534210205078,1.7881393432617188e-06,6283,0.0013403382128432575
803,1.3030600278871134,0.0016462659696117043,5.6760721206665039,2,83454,33,36,17,0.12597322463989258,0.00097060203552246094,1.0728836059570312e-06,6322,0.0013304357515335076
804,1.3047062938567251,0.0016462659696117043,5.5530786514282227,2,87941,35,32,18,0.13524150848388672,0.00098919868469238281,1.6689300537109375e-06,6248,0.0013391092649443141
805,1.3063525598263368,0.0016462659696117043,5.5084261894226074,2,92772,36,33,19,0.12986135482788086,0.0009759068489074707,1.5497207641601562e-06,6269,0.0013458320175533133
806,1.3079988257959485,0.0016462659696117043,5.754786491394043,2,92702,35,32,19,0.12752211093902588,0.0010374188423156738,1.1920928955078125e-06,6320,0.0013506379621335042
807,1.3096450917655602,0.0016462659696117043,5.5908207893371582,2,78693,33,36,16,0.135933518409729,0.0010564923286437988,2.0265579223632812e-06,6212,0.0013736896574542753
808,1.3112913577351719,0.0016462659696117043,5.4664192199707031,2,83384,32,35,17,0.13708317279815674,0.0010648965835571289,1.7881393432617188e-06,6410,0.0013765454703459092
809,1.3129376237047836,0.0016462659696117043,5.6875934600830078,2,83454,33,36,17,0.12697744369506836,0.0011485815048217773,1.0728836059570312e-06,6419,0.0013751804395848637
810,1.3145838896743953,0.0016462659696117043,5.7175893783569336,2,88215,33,36,18,0.13933873176574707,0.0011727809906005859,1.6689300537109375e-06,6382,0.0013729789848833563
811,1.316230155644007,0.0016462659696117043,5.6064486503601074,2,92772,36,33,19,0.12761223316192627,0.0011560916900634766,1.5497207641601562e-06,6412,0.001383617635858491
812,1.3178764216136187,0.0016462659696117043,5.8723549842834473,2,92700,33,32,19,0.12911510467529297,0.0012228488922119141,1.2516975402832031e-06,6500,0.00136607962778751
813,1.3195226875832304,0.0016462659696117043,5.7354159355163574,2,97737,33,36,20,0.14061009883880615,0.0012872219085693359,2.0265579223632812e-06,6419,0.0014172113510400113
814,1.3211689535528421,0.0016462659696117043,5.5002403259277344,2,83384,32,35,17,0.13707876205444336,0.0012687444686889648,1.6689300537109375e-06,6586,0.0014185899120282425
815,1.3228152195224538,0.0016462659696117043,5.6629161834716797,2,83454,33,36,17,0.13205921649932861,0.0013678073883056641,1.1324882507324219e-06,6547,0.0014168964388264493
816,1.3244614854920655,0.0016462659696117043,5.8429512977600098,2,88215,33,36,18,0.14419877529144287,0.0014001131057739258,1.6689300537109375e-06,6510,0.0013982439909002045
817,1.3261077514616773,0.0016462659696117043,5.6180720329284668,2,92768,32,33,19,0.13079285621643066,0.0013813972473144531,1.430511474609375e-06,6536,0.0014282165391495689
818,1.327754017431289,0.0016462659696117043,5.9564943313598633,2,92978,35,36,19,0.1300511360168457,0.0014206171035766602,1.430511474609375e-06,6562,0.0013919812010270089
819,1.3294002834009007,0.0016462659696117043,5.9710021018981934,2,97463,35,32,20,0.14068400859832764,0.001473546028137207,2.0265579223632812e-06,6555,0.0014402485649930403
820,1.3310465493705124,0.0016462659696117043,5.6381392478942871,2,102501,36,36,21,0.13270974159240723,0.0014657974243164062,1.6689300537109375e-06,6738,0.0014724654214837173
821,1.3326928153401241,0.0016462659696117043,5.6643524169921875,2,102222,33,32,21,0.12934410572052002,0.0016067028045654297,1.1920928955078125e-06,6673,0.0014683757511102455
822,1.3343390813097358,0.0016462659696117043,5.9393024444580078,2,88215,33,36,18,0.14300084114074707,0.0016248226165771484,1.6689300537109375e-06,6646,0.0014238191932662418
823,1.3359853472793475,0.0016462659696117043,5.7270278930664062,2,92771,35,33,19,0.13264977931976318,0.001605987548828125,1.430511474609375e-06,6732,0.0014701540594275733
824,1.3376316132489592,0.0016462659696117043,6.0355310440063477,2,92976,33,36,19,0.13037478923797607,0.0017012357711791992,1.430511474609375e-06,6734,0.001452246312398873
825,1.3392778792185709,0.0016462659696117043,6.2558012008666992,2,97739,35,36,20,0.14300692081451416,0.0016988515853881836,2.0265579223632812e-06,6685,0.0014763531008980719
826,1.3409241451881826,0.0016462659696117043,5.8632187843322754,2,102500,35,36,21,0.13891863822937012,0.0016764402389526367,1.6093254089355469e-06,6802,0.0014923124041864291
827,1.3425704111577943,0.0016462659696117043,5.6895956993103027,2,102498,33,36,21,0.12775754928588867,0.0018441677093505859,1.2516975402832031e-06,6842,0.0015234826347735352
828,1.344216677127406,0.0016462659696117043,5.9561362266540527,2,88215,33,36,18,0.14338505268096924,0.0018291473388671875,1.6689300537109375e-06,6821,0.00147453118374283
829,1.3458629430970177,0.0016462659696117043,5.8533849716186523,2,92769,33,33,19,0.1388932466506958,0.0018284916877746582,1.430511474609375e-06,6927,0.0014881942684007194
830,1.3475092090666294,0.0016462659696117043,6.0258517265319824,2,92976,33,36,19,0.12694466114044189,0.0019245743751525879,1.5497207641601562e-06,6827,0.0014790382634930202
831,1.3491554750362411,0.0016462659696117043,6.3595848083496094,2,97737,33,36,20,0.14466047286987305,0.0019316673278808594,2.0861625671386719e-06,6843,0.0015136435279052155
832,1.3508017410058528,0.0016462659696117043,6.0640125274658203,2,102500,35,36,21,0.14511501789093018,0.0018831491470336914,1.6093254089355469e-06,6940,0.001525262761253472
833,1.3524480069754645,0.0016462659696117043,5.7879290580749512,2,102498,33,36,21,0.13130390644073486,0.0020217299461364746,1.3709068298339844e-06,6925,0.0015489752310567817
834,1.3540942729450762,0.0016462659696117043,5.9816408157348633,2,88216,34,36,18,0.14270412921905518,0.0020891427993774414,1.9073486328125e-06,6993,0.001528489253936094
835,1.3557405389146879,0.0016462659696117043,5.9467349052429199,2,92769,33,33,19,0.13987565040588379,0.0020878911018371582,1.430511474609375e-06,7020,0.0015239221561547326
836,1.3573868048842996,0.0016462659696117043,6.0237479209899902,2,92977,34,36,19,0.13120424747467041,0.0021514296531677246,1.5497207641601562e-06,6853,0.0014987519499129155
837,1.3590330708539113,0.0016462659696117043,6.395057201385498,2,97738,34,36,20,0.1432030200958252,0.0022158622741699219,2.2649765014648438e-06,7025,0.0015448706950582228
838,1.360679336823523,0.0016462659696117043,6.2023558616638184,2,102500,35,36,21,0.1496654748916626,0.0021242499351501465,1.6689300537109375e-06,7055,0.0015584112844473344
839,1.3623256027931347,0.0016462659696117043,5.9176125526428223,2,102499,34,36,21,0.13659524917602539,0.0021817684173583984,1.430511474609375e-06,7000,0.001560247231745132
840,1.3639718687627465,0.0016462659696117043,6.098172664642334,2,107259,33,36,22,0.14316129684448242,0.0023510456085205078,2.0265579223632812e-06,7179,0.0015725973426809878
841,1.3656181347323582,0.0016462659696117043,6.0152597427368164,2,111746,35,32,23,0.14581334590911865,0.0023277997970581055,1.430511474609375e-06,7159,0.0015443924682005297
842,1.3672644007019699,0.0016462659696117043,6.0696487426757812,2,97530,33,33,20,0.13749301433563232,0.0024133920669555664,1.6689300537109375e-06,6951,0.0015220895049935072
843,1.3689106666715816,0.0016462659696117043,6.4089741706848145,2,97462,34,32,20,0.14596331119537354,0.0024665594100952148,2.3245811462402344e-06,7204,0.0015631222500812471
844,1.3705569326411933,0.0016462659696117043,6.3490800857543945,2,102499,34,36,21,0.1471245288848877,0.0024036765098571777,1.6689300537109375e-06,7250,0.0015925527902293001
845,1.372203198610805,0.0016462659696117043,6.07855224609375,2,107052,33,33,22,0.13972628116607666,0.0025087594985961914,1.4901161193847656e-06,7129,0.0015964223059575144
846,1.3738494645804167,0.0016462659696117043,6.2695870399475098,2,107260,34,36,22,0.14384889602661133,0.0026493668556213379,2.0861625671386719e-06,7296,0.0015864538209183034
847,1.3754957305500284,0.0016462659696117043,6.1621623039245605,2,111746,35,32,23,0.15426695346832275,0.0026788711547851562,1.4901161193847656e-06,7393,0.0015843086010618305
848,1.3771419965196401,0.0016462659696117043,6.2227282524108887,2,97530,33,33,20,0.14212298393249512,0.0027856826782226562,1.6689300537109375e-06,7039,0.001560019819990138
849,1.3787882624892518,0.0016462659696117043,6.446070671081543,2,97462,34,32,20,0.14196872711181641,0.0028044581413269043,2.5033950805664062e-06,7347,0.001576961549232809
850,1.3804345284588635,0.0016462659696117043,6.4210190773010254,2,102499,34,36,21,0.15092813968658447,0.0027327537536621094,1.7881393432617188e-06,7447,0.0016241344187740562
851,1.3820807944284752,0.0016462659696117043,6.336942195892334,2,107052,33,33,22,0.14013159275054932,0.0028661489486694336,1.4901161193847656e-06,7294,0.0016185671632355364
852,1.3837270603980869,0.0016462659696117043,6.4127130508422852,2,106984,34,32,22,0.14587962627410889,0.0029021501541137695,2.2649765014648438e-06,7415,0.0015882912022849457
853,1.3853733263676986,0.0016462659696117043,6.3704409599304199,2,112021,34,36,23,0.15752744674682617,0.003017723560333252,1.5497207641601562e-06,7573,0.0016221254557642706
854,1.3870195923373103,0.0016462659696117043,6.2581400871276855,2,97530,33,33,20,0.14632689952850342,0.0031230449676513672,1.7881393432617188e-06,7296,0.0016010935266333561
855,1.388665858306922,0.0016462659696117043,6.4351630210876465,2,97462,34,32,20,0.14082181453704834,0.003139495849609375,2.6226043701171875e-06,7444,0.0015898341429249464
856,1.3903121242765337,0.0016462659696117043,6.4741778373718262,2,102292,34,33,21,0.15216231346130371,0.0030717849731445312,1.7881393432617188e-06,7612,0.001646894072452513
857,1.3919583902461454,0.0016462659696117043,6.4351711273193359,2,107052,33,33,22,0.14470124244689941,0.0032235383987426758,1.5497207641601562e-06,7534,0.001655443336780056
858,1.3936046562157571,0.0016462659696117043,6.5107040405273438,2,106984,34,32,22,0.14656925201416016,0.003200232982635498,2.2649765014648438e-06,7527,0.0016165941664220648
859,1.3952509221853688,0.0016462659696117043,6.5765395164489746,2,111745,34,32,23,0.16409945487976074,0.0032739639282226562,1.6093254089355469e-06,7704,0.0016374759251880158
860,1.3968971881549805,0.0016462659696117043,6.2976908683776855,2,116783,35,36,24,0.14399576187133789,0.0034393072128295898,1.9073486328125e-06,7467,0.0016431259893378424
861,1.3985434541245922,0.0016462659696117043,6.2761020660400391,2,97462,34,32,20,0.14238548278808594,0.0034703612327575684,2.7418136596679688e-06,7639,0.0016301178698587028
862,1.4001897200942039,0.0016462659696117043,6.5929231643676758,2,102292,34,33,21,0.15433287620544434,0.0033987760543823242,1.9073486328125e-06,7756,0.001671294375235451
863,1.4018359860638157,0.0016462659696117043,6.6000833511352539,2,107053,34,33,22,0.15283095836639404,0.0035644769668579102,1.5497207641601562e-06,7664,0.0016779357234288311
864,1.4034822520334274,0.0016462659696117043,6.5158677101135254,2,111951,33,35,23,0.14481151103973389,0.003468632698059082,2.4437904357910156e-06,7681,0.001647530013470155
865,1.4051285180030391,0.0016462659696117043,6.7563381195068359,2,111745,34,32,23,0.16486787796020508,0.0036170482635498047,1.6689300537109375e-06,7827,0.0016571378076011088
866,1.4067747839726508,0.0016462659696117043,6.5348110198974609,2,116506,34,32,24,0.14924752712249756,0.0037860274314880371,1.9073486328125e-06,7644,0.001670526646864372
867,1.4084210499422625,0.0016462659696117043,6.3176140785217285,2,97531,34,33,20,0.14080440998077393,0.0037102103233337402,2.9802322387695312e-06,7786,0.0016394879433575594
868,1.4100673159118742,0.0016462659696117043,6.6447200775146484,2,102292,34,33,21,0.16014456748962402,0.0038210153579711914,2.0265579223632812e-06,7871,0.0016902996156434563
869,1.4117135818814859,0.0016462659696117043,6.7200460433959961,2,107053,34,33,22,0.16295194625854492,0.0039612054824829102,1.6093254089355469e-06,7811,0.001684752101854647
870,1.4133598478510976,0.0016462659696117043,6.5948696136474609,2,111814,34,33,23,0.14160418510437012,0.0037896037101745605,2.5629997253417969e-06,7882,0.0016764917680169495
871,1.4150061138207093,0.0016462659696117043,6.756622314453125,2,111745,34,32,23,0.15877461433410645,0.003968358039855957,1.6689300537109375e-06,7919,0.0016746535472336121
872,1.416652379790321,0.0016462659696117043,6.7657365798950195,2,116506,34,32,24,0.15958404541015625,0.0041432380676269531,2.0265579223632812e-06,7794,0.0016946562408530629
873,1.4182986457599327,0.0016462659696117043,6.55517578125,2,121336,34,33,25,0.14814972877502441,0.0040389895439147949,3.0994415283203125e-06,7942,0.0016758849088549454
874,1.4199449117295444,0.0016462659696117043,6.8027763366699219,2,102292,34,33,21,0.15777206420898438,0.0041433572769165039,2.0265579223632812e-06,7977,0.0017069109859660161
875,1.4215911776991561,0.0016462659696117043,6.7830772399902344,2,107053,34,33,22,0.1676793098449707,0.004413604736328125,1.6689300537109375e-06,7976,0.0017193730085270594
876,1.4232374436687678,0.0016462659696117043,6.596036434173584,2,111814,34,33,23,0.14763236045837402,0.0041026473045349121,2.6226043701171875e-06,8011,0.0017143875417996593
877,1.4248837096383795,0.0016462659696117043,6.8271193504333496,2,111814,34,33,23,0.17430317401885986,0.0042810440063476562,1.6689300537109375e-06,8064,0.0017011891851542288
878,1.4265299756079912,0.0016462659696117043,6.8983674049377441,2,116575,34,33,24,0.1608353853225708,0.004543304443359375,2.0265579223632812e-06,7922,0.0017080503491810775
879,1.4281762415776029,0.0016462659696117043,6.752875804901123,2,121336,34,33,25,0.16203701496124268,0.0044425725936889648,3.2186508178710938e-06,8054,0.001709108079871286
880,1.4298225075472146,0.0016462659696117043,6.9531455039978027,2,102361,34,34,21,0.16090202331542969,0.0046004056930541992,2.1457672119140625e-06,8112,0.0017326490672591585
881,1.4314687735168263,0.0016462659696117043,6.8871207237243652,2,107053,34,33,22,0.16748583316802979,0.0047818422317504883,1.6689300537109375e-06,8099,0.0017410574253813652
882,1.433115039486438,0.0016462659696117043,6.8458709716796875,2,107122,34,34,22,0.15763521194458008,0.00453948974609375,2.7418136596679688e-06,8160,0.0017327061153452653
883,1.4347613054560497,0.0016462659696117043,7.0284805297851562,2,111814,34,33,23,0.17588520050048828,0.0046815872192382812,1.7881393432617188e-06,8285,0.0017500773738247648
884,1.4364075714256614,0.0016462659696117043,7.0489602088928223,2,116575,34,33,24,0.18541812896728516,0.0049383640289306641,2.1457672119140625e-06,8097,0.0017218957304757031
885,1.4380538373952731,0.0016462659696117043,6.796842098236084,2,121336,34,33,25,0.15653812885284424,0.0048589706420898438,3.4570693969726562e-06,8175,0.0017279894283850619
886,1.4397001033648849,0.0016462659696117043,7.1801762580871582,2,102361,34,34,21,0.17059528827667236,0.0050559043884277344,2.2649765014648438e-06,8263,0.0017639335653456473
887,1.4413463693344966,0.0016462659696117043,7.1078181266784668,2,107122,34,34,22,0.17845845222473145,0.0051503777503967285,1.6689300537109375e-06,8257,0.0017957298306624631
888,1.4429926353041083,0.0016462659696117043,6.9876093864440918,2,107122,34,34,22,0.15898442268371582,0.0050541162490844727,2.9802322387695312e-06,8281,0.0017653298158008164
889,1.44463890127372,0.0016462659696117043,7.3469581604003906,2,111883,34,34,23,0.17291903495788574,0.0051371455192565918,2.0265579223632812e-06,8483,0.0017606301526384538
890,1.4462851672433317,0.0016462659696117043,7.2125186920166016,2,116644,34,34,24,0.18261039257049561,0.0052815079689025879,2.1457672119140625e-06,8366,0.0017742649677460604
891,1.4479314332129434,0.0016462659696117043,6.8471527099609375,2,116644,34,34,24,0.1485447883605957,0.0053650140762329102,3.6358833312988281e-06,8294,0.0017542103324409294
892,1.4495776991825551,0.0016462659696117043,7.2281684875488281,2,102361,34,34,21,0.18380129337310791,0.0054695606231689453,2.5629997253417969e-06,8358,0.001757593275059486
893,1.4512239651521668,0.0016462659696117043,7.0660896301269531,2,107122,34,34,22,0.17773985862731934,0.0055793523788452148,1.6689300537109375e-06,8350,0.0018230208006623349
894,1.4528702311217785,0.0016462659696117043,7.1541862487792969,2,107122,34,34,22,0.17074024677276611,0.0055695772171020508,3.2186508178710938e-06,8458,0.0018084042822704423
895,1.4545164970913902,0.0016462659696117043,7.6240653991699219,2,111883,34,34,23,0.19338107109069824,0.0056456327438354492,2.1457672119140625e-06,8485,0.0017753717962243065
896,1.4561627630610019,0.0016462659696117043,7.4323678016662598,2,116644,34,34,24,0.18633759021759033,0.0057512521743774414,2.1457672119140625e-06,8551,0.0017890581270913364
897,1.4578090290306136,0.0016462659696117043,7.1889266967773438,2,116644,34,34,24,0.14327347278594971,0.0058946609497070312,3.814697265625e-06,8491,0.0018138051593533959
898,1.4594552950002253,0.0016462659696117043,7.4795126914978027,2,121405,34,34,25,0.19227468967437744,0.0060067176818847656,2.7418136596679688e-06,8414,0.0017737197119477091
899,1.461101560969837,0.0016462659696117043,7.4591798782348633,2,126166,34,34,26,0.19615566730499268,0.0060100555419921875,1.6689300537109375e-06,8538,0.0018483715308545855
900,1.4627478269394487,0.0016462659696117043,7.2352681159973145,2,126166,34,34,26,0.15588021278381348,0.0060088634490966797,3.337860107421875e-06,8681,0.0018708636941219302
901,1.4643940929090604,0.0016462659696117043,7.6283478736877441,2,111883,34,34,23,0.18106138706207275,0.0062332749366760254,2.3245811462402344e-06,8565,0.0018094383716126803
902,1.4660403588786721,0.0016462659696117043,7.4857311248779297,2,116644,34,34,24,0.1901317834854126,0.0062751173973083496,2.0861625671386719e-06,8698,0.001813282759445899
903,1.4676866248482838,0.0016462659696117043,7.2583746910095215,2,116644,34,34,24,0.15985631942749023,0.0063104629516601562,4.0531158447265625e-06,8658,0.0018549626352882429
904,1.4693328908178955,0.0016462659696117043,7.728703498840332,2,121405,34,34,25,0.19682741165161133,0.006689906120300293,3.0994415283203125e-06,8589,0.001809717723295762
905,1.4709791567875072,0.0016462659696117043,7.6401171684265137,2,126166,34,34,26,0.19989132881164551,0.006533503532409668,1.6093254089355469e-06,8643,0.0018678614347497739
906,1.4726254227571189,0.0016462659696117043,7.3640604019165039,2,126166,34,34,26,0.15597724914550781,0.0066012144088745117,3.5762786865234375e-06,8923,0.0019058590381583857
907,1.4742716887267306,0.0016462659696117043,7.7383623123168945,2,130927,34,34,27,0.19983553886413574,0.0069339275360107422,2.6226043701171875e-06,8744,0.0018716945847708059
908,1.4759179546963423,0.0016462659696117043,7.6054649353027344,2,135688,34,34,28,0.2062605619430542,0.0067848563194274902,2.0265579223632812e-06,8838,0.001835502498659887
909,1.4775642206659541,0.0016462659696117043,7.1022067070007324,2,116644,34,34,24,0.15696954727172852,0.0068552494049072266,4.2319297790527344e-06,8879,0.0018942538738858502
910,1.4792104866355658,0.0016462659696117043,7.6960806846618652,2,121405,34,34,25,0.18912899494171143,0.0072878003120422363,3.337860107421875e-06,8753,0.0018563865956824604
911,1.4808567526051775,0.0016462659696117043,7.6262779235839844,2,126166,34,34,26,0.19498038291931152,0.0070924758911132812,1.5497207641601562e-06,8770,0.0018877867805481836
912,1.4825030185747892,0.0016462659696117043,7.3141226768493652,2,126166,34,34,26,0.16143155097961426,0.007135927677154541,3.6954879760742188e-06,9020,0.0019249925731080035
913,1.4841492845444009,0.0016462659696117043,7.8347964286804199,2,130927,34,34,27,0.19690036773681641,0.0075477361679077148,2.9206275939941406e-06,8822,0.0019435522226185593
914,1.4857955505140126,0.0016462659696117043,7.8024373054504395,2,135688,34,34,28,0.20748698711395264,0.0074237585067749023,2.0265579223632812e-06,8998,0.0018850058608925685
915,1.4874418164836243,0.0016462659696117043,7.1857738494873047,2,135688,34,34,28,0.16863703727722168,0.0073897242546081543,4.291534423828125e-06,9021,0.0019192432444906798
916,1.489088082453236,0.0016462659696117043,7.5395903587341309,2,121405,34,34,25,0.19221329689025879,0.0078461766242980957,3.6358833312988281e-06,8890,0.0018838109571900348
917,1.4907343484228477,0.0016462659696117043,7.6897435188293457,2,126166,34,34,26,0.20595633983612061,0.0076621770858764648,1.4901161193847656e-06,8913,0.0019100356172083801
918,1.4923806143924594,0.0016462659696117043,7.1259493827819824,2,130858,34,33,27,0.16855919361114502,0.0077426433563232422,3.6954879760742188e-06,9089,0.0019224755045922064
919,1.4940268803620711,0.0016462659696117043,7.6801714897155762,2,130927,34,34,27,0.19603645801544189,0.0081513524055480957,3.1590461730957031e-06,8950,0.0019702976344112121
920,1.4956731463316828,0.0016462659696117043,7.8303027153015137,2,135688,34,34,28,0.20812308788299561,0.0079808831214904785,1.9073486328125e-06,9176,0.001941394092683378
921,1.4973194123012945,0.0016462659696117043,7.2272439002990723,2,140450,35,34,29,0.17489612102508545,0.0080534219741821289,4.291534423828125e-06,9105,0.0019417307228384044
922,1.4989656782709062,0.0016462659696117043,7.679964542388916,2,140449,34,34,29,0.19568824768066406,0.0084238052368164062,3.814697265625e-06,9095,0.0019066601947243427
923,1.5006119442405179,0.0016462659696117043,7.7147078514099121,2,126166,34,34,26,0.21325111389160156,0.0083304643630981445,1.430511474609375e-06,9087,0.0019312848826402143
924,1.5022582102101296,0.0016462659696117043,7.3265480995178223,2,130858,34,33,27,0.17734205722808838,0.008385777473449707,3.6954879760742188e-06,9190,0.0019346384084537877
925,1.5039044761797413,0.0016462659696117043,7.466484546661377,2,130927,34,34,27,0.17760229110717773,0.0086834430694580078,3.2186508178710938e-06,9080,0.0019895893138352537
926,1.505550742149353,0.0016462659696117043,7.8855056762695312,2,135688,34,34,28,0.20083177089691162,0.0087618827819824219,1.7881393432617188e-06,9379,0.0019754769397874014
927,1.5071970081189647,0.0016462659696117043,7.3188118934631348,2,140450,35,34,29,0.18298661708831787,0.0087398290634155273,4.291534423828125e-06,9335,0.0019953991123333099
928,1.5088432740885764,0.0016462659696117043,7.5102152824401855,2,140449,34,34,29,0.17780911922454834,0.0090184807777404785,3.9935111999511719e-06,9246,0.0019605277477899724
929,1.5104895400581881,0.0016462659696117043,7.7846417427062988,2,145210,34,34,30,0.20795118808746338,0.0090180635452270508,1.430511474609375e-06,9226,0.0019640245653045258
930,1.5121358060277998,0.0016462659696117043,7.5423355102539062,2,130927,34,34,27,0.18643593788146973,0.0090512633323669434,3.5762786865234375e-06,9357,0.0019503221757134798
931,1.5137820719974115,0.0016462659696117043,7.2949533462524414,2,130927,34,34,27,0.17440402507781982,0.0093926191329956055,3.2186508178710938e-06,9234,0.0020028676437189746
932,1.5154283379670233,0.0016462659696117043,7.803276538848877,2,135688,34,34,28,0.201790452003479,0.0093489885330200195,1.6689300537109375e-06,9517,0.0020056065310982223
933,1.517074603936635,0.0016462659696117043,7.5847086906433105,2,140449,34,34,29,0.19397556781768799,0.0093500614166259766,4.1723251342773438e-06,9528,0.0020258768317991845
934,1.5187208699062467,0.0016462659696117043,7.4002447128295898,2,140449,34,34,29,0.17037343978881836,0.0096266269683837891,3.9935111999511719e-06,9375,0.0019844420268190083
935,1.5203671358758584,0.0016462659696117043,7.802800178527832,2,145210,34,34,30,0.19621574878692627,0.0096993446350097656,1.430511474609375e-06,9392,0.0020014729397389952
936,1.5220134018454701,0.0016462659696117043,7.6157445907592773,2,130927,34,34,27,0.19443249702453613,0.0098147988319396973,3.5762786865234375e-06,9507,0.001962341437794491
937,1.5236596678150818,0.0016462659696117043,7.3135476112365723,2,135619,34,33,28,0.16894316673278809,0.0099266767501831055,3.2186508178710938e-06,9350,0.0020021578046474121
938,1.5253059337846935,0.0016462659696117043,7.5979399681091309,2,135688,34,34,28,0.18784976005554199,0.010149061679840088,1.6689300537109375e-06,9599,0.002030459506923093
939,1.5269521997543052,0.0016462659696117043,7.7763247489929199,2,140449,34,34,29,0.19440567493438721,0.010110616683959961,4.1723251342773438e-06,9713,0.0020486817699864324
940,1.5285984657239169,0.0016462659696117043,7.289064884185791,2,145141,34,33,30,0.17971181869506836,0.010279834270477295,3.814697265625e-06,9535,0.0020182877395096958
941,1.5302447316935286,0.0016462659696117043,7.6436944007873535,2,145210,34,34,30,0.18860793113708496,0.010413527488708496,1.430511474609375e-06,9546,0.0020307260326946856
942,1.5318909976631403,0.0016462659696117043,7.7019548416137695,2,149971,34,34,31,0.20265555381774902,0.010471105575561523,3.4570693969726562e-06,9716,0.0020019423787268511
943,1.533537263632752,0.0016462659696117043,7.4328122138977051,2,135688,34,34,28,0.18065941333770752,0.010659575462341309,3.0994415283203125e-06,9520,0.0020251968197115386
944,1.5351835296023637,0.0016462659696117043,7.4649176597595215,2,154732,34,34,32,0.18849945068359375,0.010859489440917969,1.7881393432617188e-06,9743,0.0020430616528954058
945,1.5368297955719754,0.0016462659696117043,7.7815189361572266,2,140449,34,34,29,0.19813048839569092,0.010748445987701416,4.0531158447265625e-06,9919,0.0020772194305236232
946,1.5384760615415871,0.0016462659696117043,7.468787670135498,2,145210,34,34,30,0.18756139278411865,0.010931015014648438,3.6358833312988281e-06,9673,0.0020552843232383494
947,1.5401223275111988,0.0016462659696117043,7.4145107269287109,2,145210,34,34,30,0.16863822937011719,0.011192440986633301,1.4901161193847656e-06,9691,0.0020470431069159953
948,1.5417685934808105,0.0016462659696117043,7.8299298286437988,2,149971,34,34,31,0.18806195259094238,0.011032402515411377,3.337860107421875e-06,9891,0.0020247749569580952
949,1.5434148594504222,0.0016462659696117043,7.687225341796875,2,135688,34,34,28,0.18831765651702881,0.011396169662475586,2.7418136596679688e-06,9623,0.0020419805339326321
950,1.5450611254200339,0.0016462659696117043,7.4167542457580566,2,154732,34,34,32,0.16751778125762939,0.011577129364013672,2.0265579223632812e-06,9873,0.0020643878876944214
951,1.5467073913896456,0.0016462659696117043,7.6553382873535156,2,159493,34,34,33,0.19475245475769043,0.011408507823944092,4.0531158447265625e-06,10014,0.0021028593868515546
952,1.5483536573592573,0.0016462659696117043,7.7041335105895996,2,145210,34,34,30,0.18730795383453369,0.011703133583068848,3.4570693969726562e-06,9866,0.0020920431216101738
953,1.549999923328869,0.0016462659696117043,7.2474780082702637,2,149902,34,33,31,0.17480683326721191,0.011982858180999756,1.6093254089355469e-06,9839,0.00208347180185237
954,1.5516461892984807,0.0016462659696117043,7.6406798362731934,2,149971,34,34,31,0.18718588352203369,0.011762022972106934,3.337860107421875e-06,10023,0.0020566246632740767
955,1.5532924552680925,0.0016462659696117043,7.7515225410461426,2,154732,34,34,32,0.19456970691680908,0.011930644512176514,2.5629997253417969e-06,9810,0.0020674242782084168
956,1.5549387212377042,0.0016462659696117043,7.6241989135742188,2,140449,34,34,29,0.18178343772888184,0.012311577796936035,2.1457672119140625e-06,10024,0.0020805154981427296
957,1.5565849872073159,0.0016462659696117043,7.6604833602905273,2,159493,34,34,33,0.18588626384735107,0.012234866619110107,4.0531158447265625e-06,10143,0.0021057639493019271
958,1.5582312531769276,0.0016462659696117043,7.6541748046875,2,145210,34,34,30,0.19582581520080566,0.012200355529785156,3.2186508178710938e-06,9995,0.0021272666345794524
959,1.5598775191465393,0.0016462659696117043,7.4184670448303223,2,149971,34,34,31,0.18594026565551758,0.012804687023162842,1.7881393432617188e-06,10034,0.0021248040650307999
960,1.561523785116151,0.0016462659696117043,7.3783183097839355,2,149971,34,34,31,0.17768979072570801,0.01268845796585083,3.4570693969726562e-06,10089,0.0020803225018761937
961,1.5631700510857627,0.0016462659696117043,7.8508095741271973,2,154732,34,34,32,0.18581259250640869,0.012678861618041992,2.3245811462402344e-06,10004,0.0021085833873548936
962,1.5648163170553744,0.0016462659696117043,7.7085785865783691,2,140449,34,34,29,0.18296706676483154,0.013147950172424316,2.3245811462402344e-06,10223,0.0021170102536908378
963,1.5664625830249861,0.0016462659696117043,7.6821398735046387,2,159493,34,34,33,0.16814911365509033,0.013118863105773926,4.2319297790527344e-06,10194,0.0021428396804946234
964,1.5681088489945978,0.0016462659696117043,7.8331427574157715,2,164254,34,34,34,0.18270730972290039,0.013102173805236816,3.0994415283203125e-06,10131,0.0021611801816760006
965,1.5697551149642095,0.0016462659696117043,7.6233201026916504,2,149971,34,34,31,0.18059086799621582,0.013712882995605469,2.0265579223632812e-06,10295,0.0021899716343542239
966,1.5714013809338212,0.0016462659696117043,7.3376607894897461,2,135688,34,34,28,0.16502916812896729,0.013606071472167969,3.6358833312988281e-06,10181,0.0021319645097532263
967,1.5730476469034329,0.0016462659696117043,7.6957473754882812,2,154732,34,34,32,0.18328499794006348,0.013562560081481934,2.2649765014648438e-06,10126,0.0021405018648904648
968,1.5746939128730446,0.0016462659696117043,7.9549369812011719,2,159493,34,34,33,0.18349969387054443,0.014080166816711426,2.6226043701171875e-06,10396,0.0021618739288092386
969,1.5763401788426563,0.0016462659696117043,7.7333498001098633,2,145210,34,34,30,0.1744152307510376,0.014005124568939209,4.4107437133789062e-06,10301,0.002163207904986952
970,1.577986444812268,0.0016462659696117043,7.8662896156311035,2,164254,34,34,34,0.16901218891143799,0.013941407203674316,3.0994415283203125e-06,10230,0.0021776777440415569
971,1.5796327107818797,0.0016462659696117043,7.7316150665283203,2,169015,34,34,35,0.19450461864471436,0.014409482479095459,2.1457672119140625e-06,10485,0.0022304875190619689
972,1.5812789767514914,0.0016462659696117043,7.5999031066894531,2,154732,34,34,32,0.18418669700622559,0.014423847198486328,3.814697265625e-06,10334,0.0021804137409221838
973,1.5829252427211031,0.0016462659696117043,7.4732322692871094,2,140449,34,34,29,0.17516899108886719,0.014460206031799316,2.2649765014648438e-06,10300,0.0021841996756142936
974,1.5845715086907148,0.0016462659696117043,7.8880720138549805,2,159493,34,34,33,0.19019675254821777,0.014966011047363281,2.7418136596679688e-06,10557,0.0022039629609939288
975,1.5862177746603265,0.0016462659696117043,7.9014015197753906,2,164254,34,34,34,0.18638360500335693,0.0149117112159729,4.6491622924804688e-06,10413,0.0021839659806575096
976,1.5878640406299382,0.0016462659696117043,7.7552452087402344,2,164254,34,34,34,0.18410015106201172,0.014902949333190918,3.1590461730957031e-06,10377,0.0022290595558874518
977,1.5895103065995499,0.0016462659696117043,7.9759759902954102,2,169015,34,34,35,0.18525075912475586,0.015390694141387939,2.2649765014648438e-06,10622,0.0022709148536715087
978,1.5911565725691617,0.0016462659696117043,7.6968002319335938,2,173776,34,34,36,0.19388711452484131,0.015423297882080078,4.0531158447265625e-06,10478,0.0022349358799292843
979,1.5928028385387734,0.0016462659696117043,7.4453864097595215,2,173776,34,34,36,0.18177998065948486,0.015292763710021973,2.4437904357910156e-06,10554,0.0022497662529116389
980,1.5944491045083851,0.0016462659696117043,7.5926227569580078,2,178537,34,34,37,0.18534970283508301,0.015775322914123535,2.9206275939941406e-06,10715,0.0022551853557265817
981,1.5960953704779968,0.0016462659696117043,7.9930973052978516,2,164254,34,34,34,0.18603301048278809,0.015645503997802734,4.8279762268066406e-06,10613,0.0022299521043405986
982,1.5977416364476085,0.0016462659696117043,7.782562255859375,2,149971,34,34,31,0.17756497859954834,0.015838265419006348,3.337860107421875e-06,10556,0.0022723136207577722
983,1.5993879024172202,0.0016462659696117043,7.9361791610717773,2,169015,34,34,35,0.17831301689147949,0.016291379928588867,2.2649765014648438e-06,10787,0.0022937819514356043
984,1.6010341683868319,0.0016462659696117043,8.0789966583251953,2,173776,34,34,36,0.18243634700775146,0.015956997871398926,4.1723251342773438e-06,10590,0.0022683607901716756
985,1.6026804343564436,0.0016462659696117043,7.6622676849365234,2,159493,34,34,33,0.18338334560394287,0.016234040260314941,2.5629997253417969e-06,10703,0.0023065118093237155
986,1.6043267003260553,0.0016462659696117043,7.6356768608093262,2,145210,34,34,30,0.17106866836547852,0.016749143600463867,2.8014183044433594e-06,10893,0.002302574378963195
987,1.605972966295667,0.0016462659696117043,7.8419113159179688,2,164254,34,34,34,0.17985868453979492,0.016478359699249268,4.8875808715820312e-06,10704,0.0022639983246304997
988,1.6076192322652787,0.0016462659696117043,8.0325469970703125,2,169015,34,34,35,0.17850875854492188,0.016779005527496338,3.5762786865234375e-06,10770,0.0023133744549293533
989,1.6092654982348904,0.0016462659696117043,7.874549388885498,2,154732,34,34,32,0.17857480049133301,0.017267942428588867,2.1457672119140625e-06,10986,0.0023456384539631931
990,1.6109117642045021,0.0016462659696117043,8.1307764053344727,2,173776,34,34,36,0.19178760051727295,0.016842007637023926,4.1723251342773438e-06,10709,0.0023010022060829401
991,1.6125580301741138,0.0016462659696117043,8.0879831314086914,2,178537,34,34,37,0.19204246997833252,0.017212629318237305,2.7418136596679688e-06,10926,0.0023577649458012043
992,1.6142042961437255,0.0016462659696117043,7.77020263671875,2,164254,34,34,34,0.17883014678955078,0.017589032649993896,2.7418136596679688e-06,11017,0.0023776466758857798
993,1.6158505621133372,0.0016462659696117043,7.7872061729431152,2,149971,34,34,31,0.19438111782073975,0.017589449882507324,4.8875808715820312e-06,10839,0.0023126918598685058
994,1.6174968280829489,0.0016462659696117043,8.0332832336425781,2,169015,34,34,35,0.19559943675994873,0.017604827880859375,3.6954879760742188e-06,10929,0.0023448405027331688
995,1.6191430940525606,0.0016462659696117043,8.0726118087768555,2,173776,34,34,36,0.18549263477325439,0.018123865127563477,2.0265579223632812e-06,11113,0.0024142135004303765
996,1.6207893600221723,0.0016462659696117043,7.8849835395812988,2,159493,34,34,33,0.19915485382080078,0.018046438694000244,4.0531158447265625e-06,10880,0.0023536039813546413
997,1.622435625991784,0.0016462659696117043,8.2914819717407227,2,178537,34,34,37,0.18295538425445557,0.018042206764221191,2.9206275939941406e-06,11057,0.0023879212838581786
998,1.6240818919613957,0.0016462659696117043,8.0512313842773438,2,183298,34,34,38,0.19502151012420654,0.018429756164550781,2.6226043701171875e-06,11200,0.0024318692244780483
999,1.6257281579310074,0.0016462659696117043,7.9406023025512695,2,149971,34,34,31,0.19760644435882568,0.018640518188476562,4.8279762268066406e-06,10973,0.0023774762231509143
1000,1.6273744239006191,0.0016462659696117043,7.9068803787231445,2,188059,34,34,39,0.18488049507141113,0.018590867519378662,3.814697265625e-06,11049,0.0023808087556205643
1001,1.6290206898702309,0.0016462659696117043,8.1746244430541992,2,173776,34,34,36,0.19239091873168945,0.018944144248962402,1.9073486328125e-06,11207,0.0024422214262083538
1002,1.6306669558398426,0.0016462659696117043,8.0249662399291992,2,159493,34,34,33,0.19325923919677734,0.019110798835754395,3.9935111999511719e-06,11099,0.0024207176927405921
1003,1.6323132218094543,0.0016462659696117043,7.9930667877197266,2,178537,34,34,37,0.18958914279937744,0.019145607948303223,2.9802322387695312e-06,11263,0.0024353949059269346
1004,1.633959487779066,0.0016462659696117043,8.3765811920166016,2,183298,34,34,38,0.18603074550628662,0.019347548484802246,2.5033950805664062e-06,11345,0.002459620978127772
1005,1.6356057537486777,0.0016462659696117043,7.977931022644043,2,169015,34,34,35,0.19490134716033936,0.019801437854766846,4.7087669372558594e-06,11139,0.0024538232373448503
1006,1.6372520197182894,0.0016462659696117043,7.9472737312316895,2,154732,34,34,32,0.1983039379119873,0.019619584083557129,3.9935111999511719e-06,11267,0.0024343533187320076
1007,1.6388982856879011,0.0016462659696117043,8.0281410217285156,2,192820,34,34,40,0.19356870651245117,0.02005302906036377,1.6689300537109375e-06,11455,0.0024756319294618355
1008,1.6405445516575128,0.0016462659696117043,8.2095260620117188,2,178537,34,34,37,0.19782567024230957,0.020266711711883545,3.7550926208496094e-06,11256,0.0024956362580412553
1009,1.6421908176271245,0.0016462659696117043,8.0700187683105469,2,164254,34,34,34,0.21050012111663818,0.020304620265960693,2.9802322387695312e-06,11558,0.0025311861276177921
1010,1.6438370835967362,0.0016462659696117043,8.1738748550415039,2,183298,34,34,38,0.18745160102844238,0.020424246788024902,2.2649765014648438e-06,11552,0.0025146512862790175
1011,1.6454833495663479,0.0016462659696117043,8.4864959716796875,2,188059,34,34,39,0.19896531105041504,0.02070164680480957,4.6491622924804688e-06,11310,0.0025126112744089349
1012,1.6471296155359596,0.0016462659696117043,8.1333322525024414,2,173776,34,34,36,0.20958662033081055,0.020841002464294434,3.9935111999511719e-06,11496,0.0025040818835378254
1013,1.6487758815055713,0.0016462659696117043,8.1582813262939453,2,192820,34,34,40,0.18929457664489746,0.021021842956542969,1.6689300537109375e-06,11565,0.0024967866852298815
1014,1.650422147475183,0.0016462659696117043,8.1075010299682617,2,197581,34,34,41,0.20918488502502441,0.021082699298858643,3.5762786865234375e-06,11421,0.0025259030608887289
1015,1.6520684134447947,0.0016462659696117043,8.1813507080078125,2,183298,34,34,38,0.21624541282653809,0.021509468555450439,2.9206275939941406e-06,11705,0.002587205089337997
1016,1.6537146794144064,0.0016462659696117043,7.8934650421142578,2,202342,34,34,42,0.1885300874710083,0.021546363830566406,2.2649765014648438e-06,11740,0.0025728111624114302
1017,1.6553609453840181,0.0016462659696117043,8.3536176681518555,2,188059,34,34,39,0.19686555862426758,0.021577119827270508,4.4107437133789062e-06,11458,0.0025532998620621163
1018,1.6570072113536298,0.0016462659696117043,8.4245443344116211,2,192820,34,34,40,0.20913958549499512,0.021907329559326172,3.814697265625e-06,11592,0.0025576380673055293
1019,1.6586534773232415,0.0016462659696117043,8.0104341506958008,2,178537,34,34,37,0.19218575954437256,0.022178530693054199,1.6689300537109375e-06,11722,0.0025561998082941169
1020,1.6602997432928532,0.0016462659696117043,8.3335962295532227,2,197581,34,34,41,0.20690071582794189,0.022305846214294434,3.337860107421875e-06,11617,0.0025648276702889133
1021,1.6619460092624649,0.0016462659696117043,8.2209177017211914,2,183298,34,34,38,0.21149682998657227,0.022591710090637207,2.6822090148925781e-06,11796,0.0026168347788511465
1022,1.6635922752320766,0.0016462659696117043,8.1708660125732422,2,188059,34,34,39,0.197540283203125,0.022672533988952637,2.1457672119140625e-06,11992,0.0026511995603008633
1023,1.6652385412016883,0.0016462659696117043,8.0379199981689453,2,188059,34,34,39,0.20232796669006348,0.023006618022918701,4.1723251342773438e-06,11642,0.0025990957901072757
1024,1.6668848071713001,0.0016462659696117043,8.4952630996704102,2,192820,34,34,40,0.20056581497192383,0.02300560474395752,3.6954879760742188e-06,11793,0.0025984556860836308
1025,1.6685310731409118,0.0016462659696117043,8.3936395645141602,2,178537,34,34,37,0.20741033554077148,0.023262321949005127,1.6689300537109375e-06,11861,0.0025972892605084347
1026,1.6701773391105235,0.0016462659696117043,8.1912641525268555,2,197582,35,34,41,0.17771506309509277,0.023527622222900391,3.2186508178710938e-06,11780,0.0026130858344441143
1027,1.6718236050801352,0.0016462659696117043,8.5253305435180664,2,202342,34,34,42,0.21211361885070801,0.02363133430480957,2.5033950805664062e-06,11998,0.0026471466831197981
1028,1.6734698710497469,0.0016462659696117043,8.2860431671142578,2,188059,34,34,39,0.21700119972229004,0.023591578006744385,2.1457672119140625e-06,12159,0.0026817650367668882
1029,1.6751161370193586,0.0016462659696117043,8.0724287033081055,2,207103,34,34,43,0.18652176856994629,0.023970127105712891,4.0531158447265625e-06,11888,0.0026619907405408894
1030,1.6767624029889703,0.0016462659696117043,8.3207530975341797,2,192820,34,34,40,0.21507477760314941,0.02398383617401123,3.5762786865234375e-06,12015,0.0026547657490641227
1031,1.678408668958582,0.0016462659696117043,8.4439706802368164,2,197581,34,34,41,0.21459066867828369,0.024144649505615234,1.6689300537109375e-06,12035,0.0026374391153555611
1032,1.6800549349281937,0.0016462659696117043,8.0624570846557617,2,183298,34,34,38,0.18509542942047119,0.024282932281494141,2.9802322387695312e-06,11941,0.0026536218556143369
1033,1.6817012008978054,0.0016462659696117043,8.4277257919311523,2,202343,35,34,42,0.20178759098052979,0.024416208267211914,2.2649765014648438e-06,12185,0.0026983775627142429
1034,1.6833474668674171,0.0016462659696117043,8.5651674270629883,2,207103,34,34,43,0.21804869174957275,0.024588942527770996,2.2649765014648438e-06,12300,0.0027302635357042667
1035,1.6849937328370288,0.0016462659696117043,8.3026390075683594,2,192820,34,34,40,0.19611763954162598,0.024802803993225098,3.814697265625e-06,12087,0.0027153424215336165
1036,1.6866399988066405,0.0016462659696117043,8.2514829635620117,2,211864,34,34,44,0.21097350120544434,0.024878621101379395,3.337860107421875e-06,12207,0.0027065849921546216
1037,1.6882862647762522,0.0016462659696117043,8.584345817565918,2,197581,34,34,41,0.21667659282684326,0.025052070617675781,1.7881393432617188e-06,12120,0.0027225159849263037
1038,1.6899325307458639,0.0016462659696117043,8.4710893630981445,2,202342,34,34,42,0.21179854869842529,0.025394320487976074,2.9802322387695312e-06,12155,0.0027146033493759547
1039,1.6915787967154756,0.0016462659696117043,8.219395637512207,2,202342,34,34,42,0.1958087682723999,0.025413751602172852,2.1457672119140625e-06,12361,0.0027513047292206652
1040,1.6932250626850873,0.0016462659696117043,8.5924339294433594,2,207103,34,34,43,0.20269870758056641,0.025602936744689941,2.4437904357910156e-06,12463,0.0027883169631891672
1041,1.694871328654699,0.0016462659696117043,8.6442880630493164,2,211864,34,34,44,0.21804821491241455,0.025996088981628418,3.814697265625e-06,12340,0.0027801396720657174
1042,1.6965175946243107,0.0016462659696117043,8.308650016784668,2,211864,34,34,44,0.17548084259033203,0.026023328304290771,3.2186508178710938e-06,12480,0.0027587818678393369
1043,1.6981638605939224,0.0016462659696117043,8.4701957702636719,2,216625,34,34,45,0.1981281042098999,0.026243925094604492,1.9073486328125e-06,12293,0.0027779781857946656
1044,1.6998101265635341,0.0016462659696117043,8.5276002883911133,2,202342,34,34,42,0.21929645538330078,0.026456177234649658,2.9802322387695312e-06,12371,0.0027922122649465492
1045,1.7014563925331458,0.0016462659696117043,8.0842876434326172,2,207103,34,34,43,0.1899486780166626,0.026595115661621094,2.0861625671386719e-06,12588,0.0028208705748454725
1046,1.7031026585027575,0.0016462659696117043,8.3179512023925781,2,207103,34,34,43,0.1898726224899292,0.026668429374694824,2.5629997253417969e-06,12618,0.0028336468107429133
1047,1.7047489244723693,0.0016462659696117043,8.6795692443847656,2,211864,34,34,44,0.21077632904052734,0.027044832706451416,3.814697265625e-06,12612,0.0028557758825813501
1048,1.706395190441981,0.0016462659696117043,8.534489631652832,2,197581,34,34,41,0.19727098941802979,0.02716219425201416,3.0994415283203125e-06,12698,0.0028349354757596836
1049,1.7080414564115927,0.0016462659696117043,8.5147943496704102,2,216626,35,34,45,0.19182991981506348,0.027293920516967773,2.0265579223632812e-06,12445,0.0028133142062500491
1050,1.7096877223812044,0.0016462659696117043,8.600773811340332,2,221386,34,34,46,0.21811068058013916,0.027645289897918701,2.9802322387695312e-06,12563,0.0028536912796991625
1051,1.7113339883508161,0.0016462659696117043,8.5372238159179688,2,207103,34,34,43,0.20936322212219238,0.027727603912353516,2.0265579223632812e-06,12716,0.0028751805654505997
1052,1.7129802543204278,0.0016462659696117043,8.1204805374145508,2,207103,34,34,43,0.19193994998931885,0.027614951133728027,2.6822090148925781e-06,12810,0.0028964987023600412
1053,1.7146265202900395,0.0016462659696117043,8.5458126068115234,2,211864,34,34,44,0.22030889987945557,0.028167784214019775,3.814697265625e-06,12861,0.0029184525968092715
1054,1.7162727862596512,0.0016462659696117043,8.7126436233520508,2,216625,34,34,45,0.21209621429443359,0.028285980224609375,2.9802322387695312e-06,12957,0.0028907443547649724
1055,1.7179190522292629,0.0016462659696117043,8.3395462036132812,2,202342,34,34,42,0.18686139583587646,0.028150558471679688,2.0265579223632812e-06,12671,0.00286890435773239
1056,1.7195653181988746,0.0016462659696117043,8.7091798782348633,2,221386,34,34,46,0.21391057968139648,0.028793036937713623,2.9206275939941406e-06,12764,0.0029095458169170274
1057,1.7212115841684863,0.0016462659696117043,8.629429817199707,2,226147,34,34,47,0.21291625499725342,0.028856277465820312,2.0265579223632812e-06,12880,0.0029222141001254429
1058,1.722857850138098,0.0016462659696117043,8.403416633605957,2,211864,34,34,44,0.1972736120223999,0.028659820556640625,2.7418136596679688e-06,12968,0.002948171957400303
1059,1.7245041161077097,0.0016462659696117043,8.2603330612182617,2,230908,34,34,48,0.21207332611083984,0.029228031635284424,3.814697265625e-06,13022,0.0029986856547025583
1060,1.7261503820773214,0.0016462659696117043,8.5587139129638672,2,216625,34,34,45,0.22170794010162354,0.029672443866729736,2.9206275939941406e-06,13222,0.0029813425398092846
1061,1.7277966480469331,0.0016462659696117043,8.6133804321289062,2,221386,34,34,46,0.20973503589630127,0.029361605644226074,2.0265579223632812e-06,12845,0.0029192615582050115
1062,1.7294429140165448,0.0016462659696117043,8.5210294723510742,2,221386,34,34,46,0.2068483829498291,0.029787898063659668,2.8014183044433594e-06,12964,0.00295964333379994
1063,1.7310891799861565,0.0016462659696117043,8.840886116027832,2,226147,34,34,47,0.20943832397460938,0.03019481897354126,2.0265579223632812e-06,13153,0.0029898179024818211
1064,1.7327354459557682,0.0016462659696117043,8.6438493728637695,2,230908,34,34,48,0.20372021198272705,0.029803156852722168,2.9206275939941406e-06,13081,0.0029867130767835433
1065,1.7343817119253799,0.0016462659696117043,8.3749465942382812,2,230908,34,34,48,0.20105981826782227,0.030142068862915039,3.814697265625e-06,13203,0.0030505400372189428
1066,1.7360279778949916,0.0016462659696117043,8.5024051666259766,2,235669,34,34,49,0.22575795650482178,0.030771493911743164,2.7418136596679688e-06,13479,0.0030726877803992289
1067,1.7376742438646033,0.0016462659696117043,8.5077486038208008,2,221386,34,34,46,0.20201778411865234,0.030323624610900879,2.0861625671386719e-06,13054,0.002994634745775434
1068,1.739320509834215,0.0016462659696117043,8.4710559844970703,2,207103,34,34,43,0.20727026462554932,0.030652642250061035,2.7418136596679688e-06,13157,0.0030187020773191891
1069,1.7409667758038267,0.0016462659696117043,8.6794834136962891,2,226147,34,34,47,0.22195398807525635,0.031438589096069336,2.0265579223632812e-06,13340,0.0030579530037463869
1070,1.7426130417734385,0.0016462659696117043,8.9261589050292969,2,230908,34,34,48,0.21173214912414551,0.030872523784637451,2.9802322387695312e-06,13270,0.0030463211332294369
1071,1.7442593077430502,0.0016462659696117043,8.5001974105834961,2,235669,34,34,49,0.20627117156982422,0.031130313873291016,3.6954879760742188e-06,13339,0.0030917704548714293
1072,1.7459055737126619,0.0016462659696117043,8.5958194732666016,2,235669,34,34,49,0.2309950590133667,0.032010078430175781,2.6226043701171875e-06,13599,0.0031414764205016338
1073,1.7475518396822736,0.0016462659696117043,8.5481462478637695,2,240430,34,34,50,0.20023167133331299,0.031314432621002197,2.1457672119140625e-06,13288,0.0030852352317088071
1074,1.7491981056518853,0.0016462659696117043,8.5060510635375977,2,226147,34,34,47,0.20551514625549316,0.031698465347290039,2.6226043701171875e-06,13302,0.0030737798388108203
1075,1.750844371621497,0.0016462659696117043,8.4593954086303711,2,169015,34,34,35,0.23274660110473633,0.032338440418243408,2.0265579223632812e-06,13520,0.0031317942893167353
1076,1.7524906375911087,0.0016462659696117043,8.6750974655151367,2,230908,34,34,48,0.21560776233673096,0.031882584095001221,2.9802322387695312e-06,13474,0.003140659907834941
1077,1.7541369035607204,0.0016462659696117043,8.8709278106689453,2,235669,34,34,49,0.19394457340240479,0.032288730144500732,3.5762786865234375e-06,13484,0.003124251280612706
1078,1.7557831695303321,0.0016462659696117043,8.426936149597168,2,221386,34,34,46,0.22725546360015869,0.032766819000244141,2.5033950805664062e-06,13772,0.0031931877913215431
1079,1.7574294354999438,0.0016462659696117043,8.573277473449707,2,240430,34,34,50,0.20823276042938232,0.032699108123779297,2.1457672119140625e-06,13596,0.0031712175533722508
1080,1.7590757014695555,0.0016462659696117043,8.5436859130859375,2,245191,34,34,51,0.20951437950134277,0.032806515693664551,2.5033950805664062e-06,13495,0.0031414369304145293
1081,1.7607219674391672,0.0016462659696117043,8.6335592269897461,2,230908,34,34,48,0.22463977336883545,0.033282577991485596,2.0265579223632812e-06,13732,0.0032048551436863579
1082,1.7623682334087789,0.0016462659696117043,8.5648403167724609,2,192820,34,34,40,0.23222339153289795,0.033324480056762695,2.9206275939941406e-06,13638,0.0032264506273006859
1083,1.7640144993783906,0.0016462659696117043,8.6911449432373047,2,230907,33,34,48,0.2005840539932251,0.03344261646270752,3.337860107421875e-06,13720,0.0032057938755663622
1084,1.7656607653480023,0.0016462659696117043,8.8024682998657227,2,240430,34,34,50,0.22027003765106201,0.033726096153259277,2.5033950805664062e-06,13922,0.0032515389520834728
1085,1.767307031317614,0.0016462659696117043,8.6377334594726562,2,183298,34,34,38,0.2310023307800293,0.033871650695800781,2.1457672119140625e-06,13795,0.0032556583361304956
1086,1.7689532972872257,0.0016462659696117043,8.4563446044921875,2,240429,33,34,50,0.20843291282653809,0.034158110618591309,2.5033950805664062e-06,13741,0.0032336891185397302
1087,1.7705995632568374,0.0016462659696117043,8.4668025970458984,2,188059,34,34,39,0.22471868991851807,0.034287452697753906,2.1457672119140625e-06,13881,0.0032858048100565681
1088,1.7722341995686293,0.0016346363117918372,8.6908102035522461,2,192820,34,34,40,0.24999964237213135,0.034264683723449707,2.7418136596679688e-06,13873,0.0033006722152831708
1089,1.773880465538241,0.0016462659696117043,8.6019220352172852,2,240430,34,34,50,0.21086311340332031,0.034594118595123291,3.2186508178710938e-06,13586,0.0031664632578523918
1090,1.7755267315078527,0.0016462659696117043,8.653935432434082,2,235668,33,34,49,0.2282111644744873,0.035236358642578125,2.3245811462402344e-06,13747,0.0032434508629774115
1091,1.7770679899258539,0.0015412584180012345,8.8575849533081055,2,183298,34,34,38,0.24999988079071045,0.033858776092529297,2.1457672119140625e-06,14648,0.0034894947997543431
1092,1.7787142558954656,0.0016462659696117043,8.3446760177612305,2,249952,34,34,52,0.21490228176116943,0.033960044384002686,2.3245811462402344e-06,10995,0.002511104943833616
1093,1.7803605218650773,0.0016462659696117043,8.5945243835449219,2,188059,34,34,39,0.2361454963684082,0.038411736488342285,2.3245811462402344e-06,11155,0.002790033864938324
1094,1.7818312343442813,0.0014707124792039394,8.8155879974365234,2,192820,34,34,40,0.2499997615814209,0.033435463905334473,2.5033950805664062e-06,17601,0.0050954458767919521
1095,1.7834490180248395,0.0016177836805582047,8.6015043258666992,2,216625,34,34,45,0.21764397621154785,0.03212440013885498,2.9206275939941406e-06,9865,0.0023010631449819881
1096,1.7850952839944512,0.0016462659696117043,8.813201904296875,2,235600,34,33,49,0.23810315132141113,0.043378233909606934,2.6226043701171875e-06,8074,0.0021284950304582074
1097,1.7865069049876183,0.0014116209931671619,8.9762506484985352,2,202342,34,34,42,0.24999988079071045,0.033555567264556885,2.0265579223632812e-06,19633,0.0065950584196934371
1098,1.7880596880568191,0.0015527830692008138,8.513697624206543,2,226147,34,34,47,0.2069326639175415,0.028732061386108398,2.1457672119140625e-06,11118,0.0025020907571553464
1099,1.7897059540264308,0.0016462659696117043,8.7774429321289062,2,207103,34,34,43,0.23823916912078857,0.049604892730712891,3.0994415283203125e-06,5015,0.001562496794325797
1100,1.7911064873915166,0.001400533365085721,9.0351715087890625,2,211864,34,34,44,0.24999988079071045,0.03579479455947876,2.5033950805664062e-06,21607,0.007638894376395265
1101,1.7926470740931109,0.0015405867015942931,8.629307746887207,2,235600,34,33,49,0.20154380798339844,0.025257587432861328,2.3245811462402344e-06,13570,0.0033784064474531614
1102,1.7942933400627226,0.0016462659696117043,8.7854518890380859,2,254644,34,33,53,0.22811496257781982,0.05648493766784668,3.337860107421875e-06,4143,0.0014484157767482436
1103,1.7957690333714709,0.0014756933087483048,8.984156608581543,2,202342,34,34,42,0.25,0.038083434104919434,2.5033950805664062e-06,23507,0.0080045440949184764
1104,1.7973922960227355,0.0016232626512646675,8.7244987487792969,2,245122,34,33,51,0.21372175216674805,0.023415088653564453,2.1457672119140625e-06,15663,0.004043365960620964
1105,1.7990385619923472,0.0016462659696117043,8.8311481475830078,2,207103,34,34,43,0.22781717777252197,0.061023533344268799,3.814697265625e-06,5364,0.0019456887726725628
1106,1.8003858590964228,0.001347297104075551,9.1549959182739258,2,211864,34,34,44,0.24999988079071045,0.039242446422576904,2.9802322387695312e-06,24632,0.0069952074158969165
1107,1.8018678858643398,0.0014820267679169774,8.7560443878173828,2,254712,33,34,53,0.19706988334655762,0.020325183868408203,2.3245811462402344e-06,13168,0.0024875607263895416
1108,1.8034981152741238,0.0016302294097840786,8.8467388153076172,2,216625,34,34,45,0.23295402526855469,0.066718876361846924,4.1723251342773438e-06,3700,0.0012865681765066898
1109,1.804902269388549,0.0014041541144251823,9.1610050201416016,2,202342,34,34,42,0.24999988079071045,0.043422877788543701,3.2186508178710938e-06,27047,0.010185673033690022
1110,1.8064468388911337,0.0015445695025846362,8.9313488006591797,2,259474,34,34,54,0.21185398101806641,0.017549514770507812,2.2649765014648438e-06,17826,0.004829142400877018
1111,1.8080931048607454,0.0016462659696117043,8.9996776580810547,2,264235,34,34,55,0.22653293609619141,0.066407501697540283,5.245208740234375e-06,4303,0.001659182110647366
1112,1.8095181148964912,0.0014250100357457995,9.2211112976074219,2,230908,34,34,48,0.25,0.045955181121826172,3.814697265625e-06,28586,0.0086254272405929169
1113,1.811085625900887,0.0015675110043957829,8.974064826965332,2,254644,34,33,53,0.22740340232849121,0.016607522964477539,2.5033950805664062e-06,18688,0.0041125332873509736
1114,1.8127318918704987,0.0016462659696117043,9.0017538070678711,2,235669,34,34,49,0.22673583030700684,0.06742560863494873,5.4240226745605469e-06,4612,0.0018182433271213504
1115,1.8141420917818323,0.0014101999113336205,9.3056201934814453,2,259474,34,34,54,0.2499997615814209,0.048072099685668945,4.1723251342773438e-06,30015,0.0090215808948809987
1116,1.8156933117425069,0.0015512199606746435,9.2465715408325195,2,245191,34,34,51,0.24291539192199707,0.015662193298339844,2.7418136596679688e-06,19012,0.0037879585588469324
1117,1.8173395777121186,0.0016462659696117043,9.0360240936279297,2,264235,34,34,55,0.22687339782714844,0.068690299987792969,6.7949295043945312e-06,4669,0.0017902501525440429
1118,1.8187814604025334,0.0014418826904147863,9.3552608489990234,2,268996,34,34,56,0.25,0.050086379051208496,4.8279762268066406e-06,31764,0.0099453201448021292
1119,1.8203675313852727,0.0015860709827393293,9.3094367980957031,2,254713,34,34,53,0.24368786811828613,0.015323281288146973,2.7418136596679688e-06,19942,0.0041935178319070484
1120,1.8220106553053483,0.0016431239200755954,9.1394319534301758,2,235669,34,34,49,0.23278045654296875,0.067792713642120361,7.0333480834960938e-06,5252,0.0020684101227418919
1121,1.8233677981188521,0.0013571428135037422,9.5653324127197266,2,240430,34,34,50,0.25,0.051492393016815186,5.1856040954589844e-06,32853,0.0091338690974413182
1122,1.8248606552369893,0.0014928571181371808,9.4066286087036133,2,264235,34,34,55,0.23514127731323242,0.014712333679199219,3.4570693969726562e-06,19610,0.0034456667965722357
1123,1.8264868019614369,0.001626146724447608,9.0056962966918945,2,245191,34,34,51,0.23385870456695557,0.070995330810546875,8.7618827819824219e-06,4485,0.0016104823220121746
1124,1.8279485321836546,0.0014617302222177386,9.2858495712280273,2,230908,34,34,48,0.24999988079071045,0.054554581642150879,6.2584877014160156e-06,34795,0.011976662422373606
1125,1.8295394664164633,0.0015909342328086495,9.1976451873779297,2,273757,34,34,57,0.24999988079071045,0.014184415340423584,3.4570693969726562e-06,21852,0.0052519106483904631
1126,1.831185732386075,0.0016462659696117043,9.1894207000732422,2,235738,34,35,49,0.2353290319442749,0.066769063472747803,9.059906005859375e-06,5749,0.0022817672384377445
1127,1.8325392114929855,0.0013534791069105268,9.7503776550292969,2,259474,34,34,54,0.25,0.055623888969421387,6.67572021484375e-06,34409,0.0083058222148983136
1128,1.8340280385455117,0.001488827052526176,9.6564092636108398,2,264235,34,34,55,0.24536681175231934,0.014177560806274414,4.1723251342773438e-06,20602,0.0033990199000290509
1129,1.8356121219694614,0.0015840834239497781,9.179814338684082,2,245260,34,35,51,0.23921287059783936,0.070484519004821777,1.0848045349121094e-05,4749,0.0016847354694519599
1130,1.8368949956493452,0.0012828736798837781,9.4464550018310547,2,230908,34,34,48,0.24999988079071045,0.058650791645050049,8.0466270446777344e-06,36701,0.011447140877716656
1131,1.8383061566855758,0.0014111610362306237,9.4835739135742188,2,197581,34,34,41,0.24146771430969238,0.013160526752471924,3.9935111999511719e-06,23144,0.0045112146194887801
1132,1.839858433813788,0.0015522771282121539,9.2595396041870117,2,235738,34,35,49,0.23186898231506348,0.071408271789550781,1.2099742889404297e-05,4056,0.0013797205610332865
1133,1.8413413390517235,0.0014829052379354835,9.5752096176147461,2,259474,34,34,54,0.24999988079071045,0.061025261878967285,8.58306884765625e-06,38197,0.012659462808101322
1134,1.8427664202172309,0.0014250811655074358,9.6074466705322266,2,264235,34,34,55,0.24999988079071045,0.011216163635253906,3.9935111999511719e-06,24487,0.0058464885110087149
1135,1.844334009452723,0.0015675892354920506,9.5083427429199219,2,264304,34,35,55,0.21771848201751709,0.062398433685302734,1.3053417205810547e-05,4710,0.0017038219836475129
1136,1.8458356074988842,0.0015015980461612344,9.5027523040771484,2,269065,34,35,56,0.24999988079071045,0.063797473907470703,9.8943710327148438e-06,24884,0.0043657548811363144
1137,1.8471239032223821,0.0012882957234978676,9.7333154678344727,2,216625,34,34,45,0.24999988079071045,0.0153961181640625,2.0265579223632812e-06,25949,0.0061862293840798319
1138,1.8485410285647959,0.0014171253424137831,9.3767766952514648,2,254782,34,35,53,0.20462179183959961,0.05515366792678833,1.1444091796875e-05,4139,0.0014268818088763707
1139,1.8500998663948849,0.0015588378300890326,9.5897989273071289,2,259474,34,34,54,0.23601973056793213,0.066492557525634766,1.0371208190917969e-05,6054,0.0014989204401159636
1140,1.8514206670224667,0.0013208006275817752,9.6773176193237305,2,226147,34,34,47,0.24999988079071045,0.021214842796325684,2.1457672119140625e-06,27661,0.0078480080118426797
1141,1.8528735477011651,0.0014528806786984205,9.7143745422363281,2,264304,34,35,55,0.20296692848205566,0.048682093620300293,1.1205673217773438e-05,6416,0.0025598404475065673
1142,1.8544481790158898,0.0015746313147246838,9.6285495758056641,2,269065,34,35,56,0.2322925329208374,0.067664861679077148,1.1861324310302734e-05,4377,0.0014604459599884786
1143,1.855752868228592,0.0013046892127022147,9.7842645645141602,2,235669,34,34,49,0.24999988079071045,0.027139186859130859,3.337860107421875e-06,29318,0.0086455871747805179
1144,1.8571880264207721,0.0014351581921800971,9.3872804641723633,2,273826,34,35,57,0.20775866508483887,0.041608095169067383,9.8943710327148438e-06,7344,0.0027027894513463086
1145,1.8587667004903778,0.0015786740696057677,9.5503511428833008,2,278587,34,35,58,0.23768901824951172,0.069140195846557617,1.2993812561035156e-05,3970,0.0014043018225525759
1146,1.8600974911823869,0.0013307906920090318,9.9023122787475586,2,245191,34,34,51,0.24999988079071045,0.032661318778991699,5.0663948059082031e-06,31237,0.010019273784722782
1147,1.8615613610018045,0.0014638698194175959,9.5781698226928711,2,264304,34,35,55,0.21945631504058838,0.036064386367797852,1.0311603546142578e-05,8594,0.0032193888950181049
1148,1.8631583841051906,0.0015970231033861637,9.6769790649414062,2,269065,34,35,56,0.23988068103790283,0.069787859916687012,1.5139579772949219e-05,4259,0.0015683150064137036
1149,1.8644008829724044,0.001242498867213726,10.046901702880859,2,235669,34,34,49,0.24999988079071045,0.039711952209472656,7.6889991760253906e-06,33271,0.010735001950089173
1150,1.8657676316797733,0.0013667487073689699,9.6424036026000977,2,221386,34,34,46,0.22110152244567871,0.028825342655181885,8.9406967163085938e-06,10087,0.0031967801688336239
1151,1.8672710552345961,0.0015034235548228025,9.7540855407714844,2,278587,34,35,58,0.24038600921630859,0.071192383766174316,1.6808509826660156e-05,3301,0.0011883249015806456
1152,1.8687073675682768,0.0014363123336806893,9.9666433334350586,2,245191,34,34,51,0.24999988079071045,0.042100429534912109,8.7618827819824219e-06,35781,0.011983598662684893
1153,1.8702421428170055,0.0015347752487286925,9.5538177490234375,2,230908,34,34,48,0.24344038963317871,0.026959121227264404,1.0371208190917969e-05,12717,0.004105006042751093
1154,1.87184323661495,0.0016010937979444861,9.6847476959228516,2,268996,34,34,56,0.23352503776550293,0.067297816276550293,1.8954277038574219e-05,5451,0.002342391836877174
1155,1.8731094383401796,0.0012662017252296209,10.013326644897461,2,254713,34,34,53,0.25,0.045862555503845215,1.1265277862548828e-05,34807,0.0083967996673152637
1156,1.8745022602379322,0.001392821897752583,9.8314943313598633,2,221386,34,34,46,0.23674881458282471,0.024357438087463379,9.5367431640625e-06,14474,0.0031807423166432102
1157,1.8760343643371016,0.0015321040991693735,9.9003496170043945,2,278587,34,35,58,0.23550176620483398,0.071920037269592285,2.1457672119140625e-05,4235,0.0014895452233088735
1158,1.8773615905083716,0.0013272261712700129,10.253205299377441,2,264235,34,34,55,0.25,0.050466537475585938,1.3470649719238281e-05,38070,0.01309374251381991
1159,1.8788215393433347,0.0014599488349631429,9.7353658676147461,2,249952,34,34,52,0.24984550476074219,0.02182924747467041,1.1205673217773438e-05,18008,0.0050332933652890294
1160,1.8803927754051983,0.0015712360618636012,9.7435588836669922,2,288109,34,35,60,0.24211668968200684,0.070049107074737549,2.5451183319091797e-05,5258,0.0020310372364278676
1161,1.8817787059815601,0.0013859305763617158,10.168841361999512,2,273757,34,34,57,0.2499997615814209,0.053664088249206543,1.6093254089355469e-05,39305,0.011570878972970534
1162,1.8831368087558076,0.0013581027742475271,10.104839324951172,2,240430,34,34,50,0.24999988079071045,0.015572130680084229,9.059906005859375e-06,19912,0.0047733371155011277
1163,1.8846307217609137,0.0014939130051061511,9.9675178527832031,2,278587,34,35,58,0.23795139789581299,0.064444959163665771,2.5928020477294922e-05,4115,0.0014618421441210405
1164,1.8860634760931134,0.0014327543321996927,10.070398330688477,2,283279,34,34,59,0.25,0.057287454605102539,1.7642974853515625e-05,31649,0.0056080134437874497
1165,1.8873676544753835,0.0013041783822700381,10.142805099487305,2,268996,34,34,56,0.24999988079071045,0.014691412448883057,7.5101852416992188e-06,22189,0.0057302778689914688
1166,1.8888022507308051,0.0014345962554216385,10.019749641418457,2,288109,34,35,60,0.2246394157409668,0.059148669242858887,2.6226043701171875e-05,4695,0.0016781964547457051
1167,1.8903288914589211,0.0015266407281160355,10.063275337219238,2,292801,34,34,61,0.24763405323028564,0.061545372009277344,1.9490718841552734e-05,14790,0.0025048585622128418
1168,1.8915566233918071,0.0012277319328859448,10.332599639892578,2,278518,34,34,58,0.24999988079071045,0.021729528903961182,4.76837158203125e-06,24696,0.0069125222807551135
1169,1.8929071285529062,0.0013505051610991359,10.280890464782715,2,297631,34,35,62,0.21107077598571777,0.049693465232849121,2.2530555725097656e-05,5857,0.0021038171405621431
1170,1.8943926842184737,0.0014855556655675173,10.136249542236328,2,283279,34,34,59,0.23730695247650146,0.066695809364318848,2.0861625671386719e-05,3419,0.001122559657490338
1171,1.8956455681473017,0.0012528839288279414,10.26246452331543,2,268996,34,34,56,0.24999988079071045,0.027792096138000488,6.198883056640625e-06,27702,0.0084562041144617718
1172,1.8970237404573709,0.0013781723100692034,9.985478401184082,2,288109,34,35,60,0.21553266048431396,0.043369710445404053,2.1755695343017578e-05,7270,0.0028308500679113079
1173,1.898539729998447,0.0015159895410761237,10.137520790100098,2,292801,34,34,61,0.231406569480896,0.068716943264007568,2.3722648620605469e-05,3541,0.0012639216808665596
1174,1.8997486749431118,0.0012089449446648359,10.516707420349121,2,297562,34,34,62,0.24999988079071045,0.034902513027191162,8.4042549133300781e-06,30302,0.0097236446110725849
1175,1.9010785144055262,0.0013298394624143839,10.384590148925781,2,297631,34,35,62,0.21253550052642822,0.035591244697570801,1.9431114196777344e-05,8381,0.0029246620131803372
1176,1.9025413377676159,0.0014628233620896935,10.211915016174316,2,302392,34,35,63,0.23075389862060547,0.070168793201446533,2.6345252990722656e-05,3074,0.0010963471435919826
1177,1.9037890635663643,0.0012477257987484336,10.535477638244629,2,268996,34,34,56,0.25,0.040230870246887207,1.1563301086425781e-05,33236,0.010889866323761337
1178,1.905161561910063,0.0013724983436986804,9.8462381362915039,2,273757,34,34,57,0.21918380260467529,0.031197905540466309,1.9967555999755859e-05,9812,0.0033760459885504432
1179,1.90667131007649,0.0015097481664270163,10.043621063232422,2,292801,34,34,61,0.22997558116912842,0.070997714996337891,3.0517578125e-05,3821,0.0014216502446000199
1180,1.9079693456878886,0.0012980356113985181,10.553006172180176,2,297562,34,34,62,0.24999988079071045,0.045108318328857422,1.4781951904296875e-05,35767,0.012050368051552187
1181,1.9093971848487854,0.0014278391608968377,10.034893035888672,2,264235,34,34,55,0.22850203514099121,0.027654170989990234,1.9967555999755859e-05,12649,0.0038928998771191343
1182,1.9109215218340978,0.0015243369853124022,10.275229454040527,2,302392,34,35,63,0.23728299140930176,0.070255815982818604,3.4213066101074219e-05,4642,0.0017893793938572478
1183,1.9121690756874159,0.0012475538533180952,10.440515518188477,2,307153,34,35,64,0.25,0.049435734748840332,1.8954277038574219e-05,37435,0.01136614691168884
1184,1.9135413849726319,0.0013723092852160335,10.218578338623047,2,273757,34,34,57,0.23254978656768799,0.024403929710388184,2.0623207092285156e-05,16311,0.0039095830224624532
1185,1.9150383210508153,0.0014969360781833529,10.019306182861328,2,292801,34,34,61,0.23889660835266113,0.071420669555664062,3.9815902709960938e-05,4293,0.0015307143905010892
1186,1.9163800798123702,0.0013417587615549564,10.498311996459961,2,297562,34,34,62,0.25,0.05317533016204834,2.2530555725097656e-05,39561,0.012746072205435412
1187,1.9177776931319386,0.001397613319568336,10.418362617492676,2,283279,34,34,59,0.24999988079071045,0.020638644695281982,1.9907951354980469e-05,19441,0.0050274863349718439
1188,1.9192459236364812,0.0014682305045425892,10.166547775268555,2,302392,34,35,63,0.23500955104827881,0.065683722496032715,4.2080879211425781e-05,4902,0.001832505568964037
1189,1.9205256537534297,0.0012797301169484854,10.512419700622559,2,307153,34,35,64,0.24999988079071045,0.055120468139648438,2.6047229766845703e-05,34795,0.006737850676316914
1190,1.9219068000093102,0.0013811462558805943,10.457356452941895,2,292801,34,34,61,0.25,0.021087229251861572,2.1576881408691406e-05,20371,0.0037383990127699556
1191,1.923369555734098,0.0014627557247877121,10.055234909057617,2,292801,34,34,61,0.2359691858291626,0.069074809551239014,4.7445297241210938e-05,5518,0.002002411373685487
1192,1.9245793235022575,0.0012097677681595087,10.64466667175293,2,297562,34,34,62,0.24999988079071045,0.058159589767456055,3.0815601348876953e-05,40050,0.01031189845173015
1193,1.9259100680937991,0.0013307445915415883,10.583970069885254,2,302323,34,34,63,0.2474515438079834,0.019952535629272461,2.2232532501220703e-05,22356,0.0043244954862862901
1194,1.9273553251987323,0.0014452571049332619,9.975794792175293,2,302392,34,35,63,0.21861350536346436,0.071428954601287842,5.435943603515625e-05,5086,0.0017161871531161921
1195,1.9287301338044927,0.0013748086057603359,10.350203514099121,2,307153,34,35,64,0.24999988079071045,0.060886263847351074,3.4332275390625e-05,42141,0.013077499856220661
1196,1.9300287018995732,0.0012985680950805545,10.615214347839355,2,311845,34,34,65,0.24999988079071045,0.015146136283874512,1.9431114196777344e-05,24209,0.0054725851589324482
1197,1.9314571268623695,0.0014284249627962708,10.075092315673828,2,292801,34,34,61,0.20663809776306152,0.062209725379943848,5.5491924285888672e-05,4994,0.0016936441623994515
1198,1.932975381729193,0.001518254866823554,10.361313819885254,2,297562,34,34,62,0.23256289958953857,0.064631462097167969,3.6776065826416016e-05,24116,0.0038510402053920914
1199,1.9341969111701474,0.0012215294409543276,10.608078956604004,2,302323,34,34,63,0.24999988079071045,0.020579934120178223,1.1086463928222656e-05,26559,0.0071416439084510692
1200,1.9355405935784802,0.0013436824083328247,10.006229400634766,2,307084,34,34,64,0.21509742736816406,0.051594853401184082,4.7802925109863281e-05,5973,0.0020960834499484634
1201,1.9370186441810802,0.0014780506025999784,10.288204193115234,2,307084,34,34,64,0.21770632266998291,0.067914903163909912,4.0292739868164062e-05,3710,0.0011435101760925153
1202,1.9384488951181993,0.0014302509371191263,10.473138809204102,2,311845,34,34,65,0.25,0.023126721382141113,1.2576580047607422e-05,29207,0.0086861650786095104
1203,1.9399094465188682,0.0014605514006689191,10.293035507202148,2,316606,34,34,66,0.23109936714172363,0.048356175422668457,4.7802925109863281e-05,8161,0.0038375205650887909
1204,1.9413955541094765,0.0014861075906082988,10.461277008056641,2,297563,35,34,62,0.22421813011169434,0.062597930431365967,4.0888786315917969e-05,5842,0.0019353484381128521
1205,1.9427984997164458,0.0014029456069692969,10.459423065185547,2,302323,34,34,63,0.25,0.025044798851013184,1.1920928955078125e-05,25572,0.0044016075402785832
1206,1.9442609663819894,0.0014624666655436158,10.264704704284668,2,307084,34,34,64,0.24500095844268799,0.04786372184753418,4.6432018280029297e-05,8529,0.0028945656960644986
1207,1.9457511756336316,0.0014902092516422272,10.334298133850098,2,307085,35,34,64,0.22966086864471436,0.063675284385681152,4.2796134948730469e-05,8130,0.0024936138244796391
1208,1.9472313495352864,0.0014801739016547799,10.327836036682129,2,311846,35,34,65,0.24562346935272217,0.026031017303466797,1.3887882232666016e-05,27621,0.0052878855388695063
1209,1.9487124495208263,0.0014810999855399132,10.464045524597168,2,316606,34,34,66,0.24699032306671143,0.047637104988098145,4.7206878662109375e-05,9228,0.0033491138967258129
1210,1.9501742701977491,0.0014618206769227982,10.398548126220703,2,297563,35,34,62,0.22424089908599854,0.061021566390991211,4.2557716369628906e-05,10066,0.0030828672830744194
1211,1.9516452983953059,0.0014710281975567341,10.506402015686035,2,302324,35,34,63,0.24569296836853027,0.026435017585754395,1.3470649719238281e-05,18409,0.0034039460857996522
1212,1.9531012257793918,0.0014559273840859532,10.297745704650879,2,307084,34,34,64,0.24551558494567871,0.048390984535217285,4.6610832214355469e-05,9137,0.0029450089875645053
1213,1.954586653620936,0.0014854278415441513,10.227786064147949,2,307085,35,34,64,0.23543941974639893,0.059830307960510254,4.2438507080078125e-05,11938,0.0034713059923973471
1214,1.9560822419589385,0.0014955883380025625,10.41395378112793,2,311846,35,34,65,0.24405932426452637,0.027915358543395996,1.5854835510253906e-05,15984,0.0034233573446013094
1215,1.9575082497904077,0.0014260078314691782,10.383121490478516,2,316607,35,34,66,0.24999988079071045,0.047967314720153809,4.6133995056152344e-05,10283,0.0034818081161599834
1216,1.9589814635692164,0.001473213778808713,10.341852188110352,2,321367,34,34,67,0.22873866558074951,0.056787729263305664,4.0173530578613281e-05,11511,0.0032389861416910397
1217,1.9604605563217774,0.0014790927525609732,10.684972763061523,2,321368,35,34,67,0.24761080741882324,0.030103564262390137,1.5676021575927734e-05,11827,0.002778527193928688
1218,1.9618431881535798,0.0013826318318024278,10.695631980895996,2,326129,35,34,68,0.24999988079071045,0.046698212623596191,4.3511390686035156e-05,11464,0.0037408905066144828
1219,1.9632733569014817,0.0014301687479019165,10.232207298278809,2,307085,35,34,64,0.22564399242401123,0.053048431873321533,3.7908554077148438e-05,10844,0.0030086937915590169
1220,1.9647682990180328,0.0014949421165511012,10.347199440002441,2,311846,35,34,65,0.2457205057144165,0.033240556716918945,1.9073486328125e-05,8835,0.0022922677843626401
1221,1.9661594077479094,0.0013911087298765779,10.304464340209961,2,316607,35,34,66,0.25,0.047524213790893555,4.4167041778564453e-05,12737,0.0042650175803245769
1222,1.967643867013976,0.0014844592660665512,10.292510032653809,2,316607,35,34,66,0.23162293434143066,0.049613595008850098,3.4987926483154297e-05,13723,0.0037579378873773815
1223,1.9691300505073741,0.0014861834933981299,10.669465065002441,2,321368,35,34,67,0.24490773677825928,0.036928713321685791,1.9431114196777344e-05,9451,0.0026573820986531883
1224,1.9704071355517954,0.0012770850444212556,10.933693885803223,2,326129,35,34,68,0.24999988079071045,0.044595599174499512,3.9577484130859375e-05,14366,0.0047648232070477328
1225,1.9718061648309231,0.001399029279127717,10.378016471862793,2,326129,35,34,68,0.22088241577148438,0.043459296226501465,3.0636787414550781e-05,9624,0.0023873859413113502
1226,1.9732801032951102,0.0014739384641870856,10.320185661315918,2,311846,35,34,65,0.24730706214904785,0.043372392654418945,2.4318695068359375e-05,6088,0.0017333090232809622
1227,1.9743867013603449,0.0011065980652347207,10.564013481140137,2,316607,35,34,66,0.24999988079071045,0.043497323989868164,3.6478042602539062e-05,17134,0.0063765854388986333
1228,1.9756039592903107,0.0012172579299658537,10.420791625976562,2,316607,35,34,66,0.18643045425415039,0.033596277236938477,2.2649765014648438e-05,10322,0.0025234812092753628
1229,1.9769429430598393,0.0013389837695285678,10.868097305297852,2,321368,35,34,67,0.21438860893249512,0.052252769470214844,2.8252601623535156e-05,2311,0.00078197725821984817
1230,1.9783504165243357,0.0014074734644964337,10.770814895629883,2,326129,35,34,68,0.24482059478759766,0.047802209854125977,4.100799560546875e-05,20840,0.0076371361806762432
1231,1.979770602309145,0.0014201857848092914,10.161437034606934,2,326129,35,34,68,0.21749818325042725,0.035181403160095215,2.4735927581787109e-05,15847,0.0051252578421700752
1232,1.981275956146419,0.0015053538372740149,10.298352241516113,2,330890,35,34,69,0.21612727642059326,0.054111361503601074,3.2544136047363281e-05,6481,0.0023789175149392752
1233,1.9826176293427125,0.0013416731962934136,10.446022987365723,2,316607,35,34,66,0.24999988079071045,0.049315810203552246,4.2498111724853516e-05,19336,0.0049375243859324557
1234,1.9840819720411673,0.0014643426984548569,9.7416296005249023,2,302324,35,34,63,0.21609902381896973,0.033239781856536865,2.1457672119140625e-05,17288,0.0040392037998659919
1235,1.9856521978508681,0.0015702258097007871,10.377223014831543,2,321368,35,34,67,0.2232736349105835,0.060917019844055176,3.6597251892089844e-05,7088,0.0024830076368443379
1236,1.9870437124045566,0.0013915145536884665,10.920455932617188,2,326129,35,34,68,0.24999988079071045,0.051854133605957031,4.3988227844238281e-05,24318,0.0085980393633099221
1237,1.9884444376220927,0.0014007252175360918,10.340193748474121,2,330889,34,34,69,0.22409582138061523,0.029489755630493164,2.0503997802734375e-05,19111,0.0048584980838363946
1238,1.9899237675126642,0.0014793298905715346,10.471445083618164,2,330890,35,34,69,0.2125246524810791,0.060716450214385986,4.100799560546875e-05,5421,0.0018119724379959644
1239,1.9911537186708301,0.0012299511581659317,10.507080078125,2,335651,35,34,70,0.25,0.053433239459991455,4.5716762542724609e-05,22632,0.0048760015788780996
1240,1.9925066649448127,0.0013529462739825249,9.8989372253417969,2,321368,35,34,67,0.21614205837249756,0.027046382427215576,1.6689300537109375e-05,19517,0.003620061487153057
1241,1.9939949058461934,0.0014882409013807774,10.076257705688477,2,321368,35,34,67,0.20702338218688965,0.068696558475494385,4.7743320465087891e-05,5044,0.0016744208475289544
1242,1.9955129851587117,0.001518079312518239,10.590811729431152,2,326129,35,34,68,0.24846100807189941,0.057402253150939941,5.0067901611328125e-05,29943,0.010929785169908925
1243,1.9969573086127639,0.0014443234540522099,10.746551513671875,2,330890,35,34,69,0.24402391910552979,0.026742935180664062,1.7881393432617188e-05,22270,0.0065670640842877739
1244,1.9983807008247823,0.0014233922120183706,10.34969425201416,2,330890,35,34,69,0.2242809534072876,0.056131720542907715,4.673004150390625e-05,7275,0.0027710321145693073
1245,1.99985867284704,0.0014779720222577453,10.471820831298828,2,335651,35,34,70,0.24427497386932373,0.0561676025390625,5.0663948059082031e-05,8844,0.0023756811189294133
1246,2.001165873138234,0.0013072002911940217,10.533784866333008,2,340412,35,34,71,0.24999988079071045,0.028042912483215332,1.7762184143066406e-05,14021,0.0033148032845577505
1247,2.0026037935167551,0.0014379203785210848,9.8749151229858398,2,340342,34,33,71,0.2229316234588623,0.055080235004425049,4.482269287109375e-05,8150,0.0025912008828354737
1248,2.0041528253350407,0.0015490318182855844,10.126748085021973,2,326129,35,34,68,0.24707329273223877,0.061816692352294922,5.5909156799316406e-05,9289,0.0025223848326013779
1249,2.0052937447326258,0.001140919397585094,11.04905891418457,2,330890,35,34,69,0.25,0.031756162643432617,2.6226043701171875e-05,24690,0.0076384783481001344
1250,2.0065487560350448,0.0012550113024190068,10.310463905334473,2,330820,34,33,69,0.21485114097595215,0.042704582214355469,3.9815902709960938e-05,8703,0.00270787112849941
1251,2.0079292685259134,0.0013805124908685684,10.43848705291748,2,335651,35,34,70,0.22948157787322998,0.068260014057159424,6.5207481384277344e-05,2658,0.00090598138423811565
1252,2.0093100381782278,0.0013807696523144841,10.355810165405273,2,340412,35,34,71,0.25,0.035115599632263184,2.9206275939941406e-05,29410,0.0094086594217769829
1253,2.0107871373184025,0.0014770991401746869,10.149076461791992,2,326129,35,34,68,0.22775626182556152,0.043413639068603516,4.3034553527832031e-05,12129,0.0045442180815841249
1254,2.0122943244641647,0.0015071871457621455,10.034663200378418,2,345103,34,33,72,0.21174120903015137,0.065655946731567383,6.9081783294677734e-05,6895,0.002586937484279659
1255,2.0138186962576583,0.0015243717934936285,10.18160343170166,2,330890,35,34,69,0.22911572456359863,0.036362051963806152,2.9325485229492188e-05,30554,0.0073074680660634023
1256,2.015312799368985,0.0014941031113266945,10.654744148254395,2,335651,35,34,70,0.2499997615814209,0.042724907398223877,4.3809413909912109e-05,12815,0.0040223108690647623
1257,2.0167484564008191,0.0014356570318341255,10.075627326965332,2,321368,35,34,67,0.22540891170501709,0.059700548648834229,6.8187713623046875e-05,8741,0.0031808735684268753
1258,2.01826663070824,0.0015181743074208498,10.261714935302734,2,359456,35,34,75,0.23400354385375977,0.036009073257446289,2.6881694793701172e-05,12685,0.002792203130353848
1259,2.0196342262206599,0.001367595512419939,10.478878021240234,2,345173,35,34,72,0.24999988079071045,0.043234586715698242,3.8981437683105469e-05,11139,0.0030480028791918679
1260,2.0210939777316526,0.0014597515109926462,10.209980964660645,2,330890,35,34,69,0.23312258720397949,0.054762661457061768,6.2108039855957031e-05,10131,0.003244235120765793
1261,2.0225921742385253,0.0014981965068727732,10.111492156982422,2,349864,34,33,73,0.22753548622131348,0.040001273155212402,2.7537345886230469e-05,9414,0.0025335783097261426
1262,2.0239540981128812,0.0013619238743558526,10.486047744750977,2,335651,35,34,70,0.25,0.043091297149658203,3.6418437957763672e-05,15290,0.0049752930500055982
1263,2.0254128514789045,0.0014587533660233021,10.531656265258789,2,340412,35,34,71,0.24592041969299316,0.050585448741912842,5.9485435485839844e-05,10835,0.0033736566655585762
1264,2.0268652875674888,0.0014524360885843635,10.218623161315918,2,359386,34,33,75,0.21455836296081543,0.044194817543029785,3.0398368835449219e-05,8890,0.0023854321762859032
1265,2.0283622170099989,0.0014969294425100088,10.150253295898438,2,364217,35,34,76,0.24447298049926758,0.0452614426612854,3.7312507629394531e-05,17220,0.0052210996038806858
1266,2.0297362627461553,0.001374045736156404,10.499775886535645,2,349934,35,34,73,0.25,0.051014423370361328,5.8114528656005859e-05,12587,0.0042112980031147364
1267,2.0311931088799611,0.0014568461338058114,10.109357833862305,2,335651,35,34,70,0.21539390087127686,0.042464971542358398,2.6106834411621094e-05,9778,0.0027301273881554129
1268,2.0327062176074833,0.0015131087275221944,10.165082931518555,2,354625,34,33,74,0.22900390625,0.05064845085144043,4.3153762817382812e-05,10048,0.0026232511943666513
1269,2.0340319636743516,0.0013257460668683052,10.683289527893066,2,340412,35,34,71,0.24999988079071045,0.05197453498840332,5.9008598327636719e-05,16546,0.0057670614052549333
1270,2.0354637847049162,0.0014318210305646062,10.343291282653809,2,345173,35,34,72,0.22823870182037354,0.039359927177429199,2.2113323211669922e-05,11825,0.0031759413833534126
1271,2.0369426716351882,0.0014788869302719831,10.342959403991699,2,364147,34,33,76,0.22375452518463135,0.056961596012115479,4.7206878662109375e-05,6671,0.0019628279471222373
1272,2.0382280602352694,0.0012853886000812054,10.491928100585938,2,349934,35,34,73,0.24999988079071045,0.052845001220703125,5.8233737945556641e-05,21206,0.0068819556579502519
1273,2.0396419876487926,0.0014139274135231972,10.260663986206055,2,335651,35,34,70,0.23357915878295898,0.036273479461669922,1.9073486328125e-05,13265,0.0033082721652506288
1274,2.0411327837500721,0.0014907961012795568,10.156292915344238,2,373669,34,33,78,0.21124255657196045,0.065017044544219971,5.7160854339599609e-05,5992,0.0018916171332686485
1275,2.0425707713002339,0.0014379875501617789,10.448622703552246,2,359456,35,34,75,0.25,0.055398941040039062,6.2167644500732422e-05,26961,0.009349606214250291
1276,2.0440329699777067,0.0014621986774727702,10.604630470275879,2,345173,35,34,72,0.24999988079071045,0.035325706005096436,1.7762184143066406e-05,17537,0.0049848114744584383
1277,2.0454754113452509,0.0014424413675442338,10.267692565917969,2,330890,35,34,69,0.21210825443267822,0.061661899089813232,5.5730342864990234e-05,7640,0.0025195378854301165
1278,2.0469651869498193,0.0014897756045684218,10.254873275756836,2,368978,35,34,77,0.24497497081756592,0.054626524448394775,6.0796737670898438e-05,23244,0.004551000541213498
1279,2.0483228899538517,0.0013577030040323734,10.446173667907715,2,354695,35,34,74,0.2499997615814209,0.036225020885467529,1.9431114196777344e-05,15419,0.004084193309143727
1280,2.0497872115811333,0.0014643216272816062,10.329392433166504,2,340412,35,34,71,0.21615219116210938,0.058573365211486816,5.7339668273925781e-05,9124,0.0028376464561536848
1281,2.0512680883985013,0.0014808768173679709,10.231111526489258,2,378430,34,33,79,0.23759400844573975,0.059004426002502441,6.6876411437988281e-05,16182,0.0034356220641091157
1282,2.0526287883985788,0.001360700000077486,10.54044246673584,2,364217,35,34,76,0.25,0.037229418754577637,2.2053718566894531e-05,22130,0.0064140940393494798
1283,2.0540800137678161,0.0014512253692373633,10.726174354553223,2,349934,35,34,73,0.22649228572845459,0.056323051452636719,5.5670738220214844e-05,10530,0.0030521512786600459
1284,2.0555061100749299,0.0014260963071137667,10.232489585876465,2,335651,35,34,70,0.20639896392822266,0.062344074249267578,7.0095062255859375e-05,12855,0.0029615932716317564
1285,2.0570010109804571,0.0014949009055271745,10.258720397949219,2,373739,35,34,78,0.23050820827484131,0.038599491119384766,2.0146369934082031e-05,25074,0.0061273207468673088
1286,2.0584920895053074,0.0014910785248503089,10.480213165283203,2,359456,35,34,75,0.24498307704925537,0.059353828430175781,6.0439109802246094e-05,12032,0.0038475323215941314
1287,2.0599516551010311,0.0014595655957236886,10.292507171630859,2,345173,35,34,72,0.21867740154266357,0.060448348522186279,7.1108341217041016e-05,20640,0.0051193066644697489
1288,2.0614378389436752,0.0014861838426440954,10.26239013671875,2,383261,35,34,80,0.24432754516601562,0.039226651191711426,1.9788742065429688e-05,19248,0.0040514316982906669
1289,2.0629283842863515,0.0014905453426763415,10.447758674621582,2,349934,35,34,73,0.24901938438415527,0.061235666275024414,6.0141086578369141e-05,12339,0.0034518182976092885
1290,2.0643924837931991,0.0014640995068475604,10.789972305297852,2,354695,35,34,74,0.23245751857757568,0.060217022895812988,6.9916248321533203e-05,23516,0.0054037779777119481
1291,2.0658101480221376,0.00141766422893852,10.256145477294922,2,373669,34,33,78,0.23787438869476318,0.039109230041503906,2.002716064453125e-05,18658,0.0041128851360397317
1292,2.0673016009386629,0.0014914529165253043,10.472568511962891,2,359456,35,34,75,0.23788619041442871,0.061047077178955078,6.4253807067871094e-05,11627,0.003099686438655846
1293,2.0687622319674119,0.0014606310287490487,10.661937713623047,2,364217,35,34,76,0.24782037734985352,0.062764763832092285,7.4803829193115234e-05,22774,0.0050205494418792788
1294,2.0701969203073531,0.0014346883399412036,10.354878425598145,2,383191,34,33,80,0.21775400638580322,0.039419770240783691,2.0503997802734375e-05,25558,0.0058469193169878473
1295,2.07167415227741,0.0014772319700568914,10.19804859161377,2,388021,34,34,81,0.22665882110595703,0.060633718967437744,6.3598155975341797e-05,12093,0.0032429648081537987
1296,2.0731741017661989,0.0014999494887888432,10.393364906311035,2,373739,35,34,78,0.24801146984100342,0.062933027744293213,7.5817108154296875e-05,21253,0.004448823709986195
1297,2.0746458636131138,0.0014717618469148874,10.658378601074219,2,359456,35,34,75,0.22202515602111816,0.041007637977600098,2.09808349609375e-05,26175,0.0058939343558110143
1298,2.0760810311185196,0.0014351675054058433,10.190017700195312,2,378499,34,34,79,0.21874046325683594,0.058756530284881592,6.3121318817138672e-05,14550,0.0041471712757111794
1299,2.0775821628049016,0.0015011316863819957,10.400632858276367,2,364217,35,34,76,0.23993599414825439,0.060167074203491211,7.6234340667724609e-05,14355,0.0035096692449936924
1300,2.0790528962388635,0.0014707334339618683,10.68013858795166,2,368978,35,34,77,0.23851525783538818,0.044086575508117676,2.3007392883300781e-05,18867,0.0043493320964906792
1301,2.0804851396242157,0.0014322433853521943,10.319424629211426,2,388021,34,34,81,0.21033573150634766,0.057974934577941895,5.8531761169433594e-05,16641,0.0049281977942339595
1302,2.0819674468366429,0.0014823072124272585,10.020362854003906,2,373739,35,34,78,0.23519062995910645,0.058702826499938965,7.3194503784179688e-05,13809,0.0034848682390942304
1303,2.0834939941996709,0.0015265473630279303,10.42739200592041,2,378500,35,34,79,0.23883485794067383,0.047396063804626465,2.2828578948974609e-05,16257,0.0037595988569291442
1304,2.0849609533324838,0.0014669591328129172,10.362667083740234,2,364217,35,34,76,0.2318882942199707,0.059071958065032959,5.9843063354492188e-05,18188,0.0055626819708427221
1305,2.0864370750496164,0.001476121717132628,10.20627498626709,2,383261,35,34,80,0.24104440212249756,0.056357741355895996,7.2360038757324219e-05,19904,0.0048739752389309974
1306,2.0879358155652881,0.0014987405156716704,10.600120544433594,2,388022,35,34,81,0.22211778163909912,0.049231946468353271,2.2828578948974609e-05,13232,0.0032638443209088443
1307,2.089378870674409,0.0014430551091209054,10.534613609313965,2,373739,35,34,78,0.21518993377685547,0.059421896934509277,5.6982040405273438e-05,17466,0.0045372167506176767
1308,2.0908308990765363,0.0014520284021273255,10.146886825561523,2,392782,34,34,82,0.22296035289764404,0.054396986961364746,6.8366527557373047e-05,20130,0.004546697001542109
1309,2.0923384114867076,0.00150751241017133,9.8524351119995117,2,397543,34,34,83,0.23272359371185303,0.051382064819335938,2.2768974304199219e-05,12512,0.0031611666568969817
1310,2.0932080254424363,0.0008696139557287097,11.028450012207031,2,383261,35,34,80,0.18158960342407227,0.046045064926147461,3.5762786865234375e-05,18265,0.0048552772441319385
1311,2.0941646007704549,0.0009565753280185163,10.311983108520508,2,383261,35,34,80,0.18459832668304443,0.032453179359436035,4.2080879211425781e-05,8735,0.0022394654072622915
1312,2.0952168335788883,0.0010522328084334731,10.702328681945801,2,388022,35,34,81,0.17522037029266357,0.061308979988098145,2.5391578674316406e-05,652,0.00030163447899814053
1313,2.0963742896565236,0.0011574560776352882,10.712261199951172,2,392783,35,34,82,0.19135653972625732,0.054045200347900391,4.3034553527832031e-05,24646,0.0079049310366285774
1314,2.0976474913186394,0.0012732016621157527,10.140389442443848,2,378500,35,34,79,0.1817624568939209,0.036746978759765625,4.6610832214355469e-05,14235,0.0034482056409792842
1315,2.0990480131586082,0.0014005218399688601,10.016582489013672,2,397544,35,34,83,0.19895505905151367,0.067702174186706543,3.0636787414550781e-05,4339,0.0017400113163657934
1316,2.1005751366610639,0.0015271235024556518,9.8265161514282227,2,383261,35,34,80,0.2331010103225708,0.061122477054595947,5.1736831665039062e-05,28685,0.010372630432259991
1317,2.102131797990296,0.0015566613292321563,10.331950187683105,2,388022,35,34,81,0.2065424919128418,0.040343523025512695,5.245208740234375e-05,23142,0.0073052030362925667
1318,2.1036123082158156,0.0014805102255195379,10.062211036682129,2,392783,35,34,82,0.21094667911529541,0.059852421283721924,2.9087066650390625e-05,9474,0.0042819977173983795
1319,2.1051325067528524,0.0015201985370367765,9.9177417755126953,2,392783,35,34,82,0.22674560546875,0.057671546936035156,4.9591064453125e-05,18351,0.0043650328810184288
1320,2.1066748495795764,0.0015423428267240524,10.312607765197754,2,397544,35,34,83,0.20964467525482178,0.043268322944641113,5.2690505981445312e-05,14332,0.003482353785377383
1321,2.1081581366597675,0.0014832870801910758,10.054194450378418,2,402305,35,34,84,0.21543097496032715,0.06040799617767334,3.0457973480224609e-05,12513,0.0043984510036768091
1322,2.1096795473131351,0.0015214106533676386,10.132572174072266,2,388022,35,34,81,0.23236095905303955,0.055587530136108398,5.1379203796386719e-05,18921,0.004310563377392657
1323,2.1111891894252039,0.0015096421120688319,9.8165082931518555,2,392783,35,34,82,0.21296799182891846,0.045721054077148438,5.6028366088867188e-05,13701,0.0034372201578133656
1324,2.1127474378445186,0.0015582484193146229,9.8638153076171875,2,392714,35,33,82,0.23891842365264893,0.060673892498016357,2.9742717742919922e-05,14854,0.0047647647064992266
1325,2.1142982128658332,0.001550775021314621,10.292270660400391,2,397544,35,34,83,0.24273252487182617,0.05730903148651123,5.1558017730712891e-05,21475,0.0055027103008478649
1326,2.1157844309345819,0.0014862180687487125,9.7763376235961914,2,402305,35,34,84,0.21452724933624268,0.046045899391174316,5.4121017456054688e-05,19111,0.0051770835091246191
1327,2.1173490820801817,0.0015646511455997825,9.9892988204956055,2,402305,35,34,84,0.23409271240234375,0.059114694595336914,3.1590461730957031e-05,13537,0.0039967293196465341
1328,2.1187944525736384,0.0014453704934567213,10.359442710876465,2,407066,35,34,85,0.24999988079071045,0.059469938278198242,5.3763389587402344e-05,19006,0.0045526336255930786
1329,2.1202710337820463,0.0014765812084078789,9.8934345245361328,2,392714,35,33,82,0.24343037605285645,0.044517040252685547,5.2094459533691406e-05,21656,0.004985628512534237
1330,2.1218171660439111,0.001546132261864841,9.9246740341186523,2,397475,35,33,83,0.22998380661010742,0.062033116817474365,3.1590461730957031e-05,11390,0.0032300109733288535
1331,2.1233240562141873,0.001506890170276165,10.019660949707031,2,368977,34,34,77,0.24999988079071045,0.061818122863769531,5.3644180297851562e-05,24565,0.0062989293284165136
1332,2.124775878910441,0.0014518226962536573,9.9559097290039062,2,402236,35,33,84,0.24999964237213135,0.043828010559082031,4.9471855163574219e-05,24604,0.0061933073336641557
1333,2.1263123088865541,0.0015364299761131406,10.02076530456543,2,406997,35,33,85,0.22180557250976562,0.06012725830078125,3.5643577575683594e-05,11561,0.0033323431573205262
1334,2.1278387948987074,0.0015264860121533275,9.9662237167358398,2,359455,34,34,75,0.24563121795654297,0.064166486263275146,5.9247016906738281e-05,20638,0.0047415647881360982
1335,2.1293492863769643,0.0015104914782568812,10.173819541931152,2,383260,34,34,80,0.24999988079071045,0.044950485229492188,5.1140785217285156e-05,27164,0.0070135981570284885
1336,2.1308528080699034,0.0015035216929391026,9.8957138061523438,2,349934,35,34,73,0.22311985492706299,0.059443950653076172,3.2186508178710938e-05,14670,0.0042904378410354542
1337,2.1322719600866549,0.0014191520167514682,9.9939699172973633,2,335651,35,34,70,0.2499997615814209,0.060586035251617432,5.4955482482910156e-05,17681,0.0041864859824119688
1338,2.1336788917542435,0.0014069316675886512,10.070032119750977,2,373738,34,34,78,0.2499997615814209,0.043663620948791504,4.7206878662109375e-05,17261,0.0037534797142468566
1339,2.1351979096070863,0.0015190178528428078,9.7131166458129883,2,397474,34,33,83,0.23249268531799316,0.062413275241851807,3.8564205169677734e-05,11063,0.0029439259002534985
1340,2.1367727447650395,0.0015748351579532027,9.9724664688110352,2,345173,35,34,72,0.24418544769287109,0.065557360649108887,6.3538551330566406e-05,25088,0.0063259823391383615
1341,2.1380371720879339,0.0012644273228943348,10.240554809570312,2,364216,34,34,76,0.25,0.044128775596618652,5.2213668823242188e-05,29472,0.008668533737556279
1342,2.1394280421664007,0.0013908700784668326,10.167999267578125,2,349934,35,34,73,0.22797977924346924,0.052240312099456787,3.3557415008544922e-05,11321,0.0032948546002169042
1343,2.1409324244013987,0.0015043822349980474,10.226896286010742,2,354695,35,34,74,0.2369767427444458,0.0696144700050354,7.2121620178222656e-05,6304,0.001962160904895466
1344,2.1421641165507026,0.0012316921493038535,10.073434829711914,2,340412,35,34,71,0.24999988079071045,0.047985553741455078,5.7816505432128906e-05,34630,0.011517605989109836
1345,2.1435189779731445,0.0013548614224418998,10.029167175292969,2,397543,34,34,83,0.21465957164764404,0.045627951622009277,3.8266181945800781e-05,15133,0.0044315372303530996
1346,2.1450093255261891,0.0014903475530445576,9.982539176940918,2,364217,35,34,76,0.23157370090484619,0.07107168436050415,8.7976455688476562e-05,4635,0.0017185254574633203
1347,2.1463725551147945,0.0013632295886054635,10.323254585266113,2,349934,35,34,73,0.25,0.05299687385559082,6.6459178924560547e-05,38928,0.013030963003638932
1348,2.1478543123812415,0.0014817572664469481,10.156099319458008,2,388021,34,34,81,0.2375032901763916,0.04355168342590332,3.9577484130859375e-05,19657,0.0061580632868681899
1349,2.1493604573770426,0.0015061449958011508,10.021188735961914,2,354695,35,34,74,0.21910333633422852,0.068196117877960205,9.4294548034667969e-05,7094,0.0027637291008028768
1350,2.1508111062576063,0.0014506488805636764,10.087593078613281,2,359456,35,34,75,0.24999988079071045,0.053764879703521729,6.7770481109619141e-05,39723,0.010118667974160797
1351,2.1523274797364138,0.0015163734788075089,9.9483709335327148,2,397543,34,34,83,0.24676299095153809,0.043479979038238525,4.5955181121826172e-05,18925,0.0045720824884847924
1352,2.1538650739821605,0.0015375942457467318,10.060762405395508,2,364217,35,34,76,0.23450124263763428,0.066194474697113037,0.00010287761688232422,8803,0.0033758301309924298
1353,2.1552316513261758,0.0013665773440152407,10.145909309387207,2,368978,35,34,77,0.24999988079071045,0.054466545581817627,7.3254108428955078e-05,40030,0.0082634361736117386
1354,2.1567348864045925,0.0015032350784167647,10.144182205200195,2,354695,35,34,74,0.22581565380096436,0.044005870819091797,4.7445297241210938e-05,18283,0.0038296591045685773
1355,2.1582428007968701,0.0015079143922775984,10.166107177734375,2,373739,35,34,78,0.238059401512146,0.06925886869430542,0.00011098384857177734,9604,0.0034004714932160157
1356,2.1597474631271325,0.001504662330262363,9.9486446380615234,2,345173,35,34,72,0.24834525585174561,0.054716706275939941,7.2479248046875e-05,44030,0.01180698639764916
1357,2.1612850151141174,0.0015375519869849086,10.130273818969727,2,364217,35,34,76,0.24261391162872314,0.044341206550598145,5.3644180297851562e-05,17626,0.0044009753244820451
1358,2.1627949997200631,0.0015099846059456468,10.152712821960449,2,383261,35,34,80,0.23587799072265625,0.064010083675384521,0.00011521577835083008,11372,0.0041869707730442397
1359,2.1643016470479779,0.001506647327914834,10.054192543029785,2,388022,35,34,81,0.23806083202362061,0.053923130035400391,7.3194503784179688e-05,35406,0.0060356550178049424
1360,2.1657159204478376,0.0014142733998596668,10.20623779296875,2,373739,35,34,78,0.25,0.043664932250976562,4.4107437133789062e-05,15361,0.0037498927396157336
1361,2.1672146664350294,0.0014987459871917963,10.20232105255127,2,359456,35,34,75,0.23575985431671143,0.061649084091186523,0.00011003017425537109,11041,0.003529951124266577
1362,2.1687139878631569,0.0014993214281275868,10.243425369262695,2,364217,35,34,76,0.22730493545532227,0.057536065578460693,7.6174736022949219e-05,22225,0.0045934534218856288
1363,2.1700957763823681,0.0013817885192111135,10.17745304107666,2,383261,35,34,80,0.24999964237213135,0.043252527713775635,3.9339065551757812e-05,22017,0.0060054944217103274
1364,2.1715987612842582,0.0015029849018901587,10.286051750183105,2,368978,35,34,77,0.22458243370056152,0.060051679611206055,0.00011086463928222656,11247,0.0035774577938628232
1365,2.1730858778464608,0.0014871165622025728,10.538876533508301,2,388022,35,34,81,0.2393869161605835,0.062470078468322754,8.5175037384033203e-05,17818,0.0039317150802631925
1366,2.1744855716242455,0.0013996937777847052,10.451272010803223,2,392783,35,34,82,0.25,0.043300986289978027,3.0875205993652344e-05,25218,0.0075023701595933129
1367,2.1759491789271124,0.0014636073028668761,10.424334526062012,2,392783,35,34,82,0.225868821144104,0.057688236236572266,0.00010561943054199219,12055,0.0037124282799832599
1368,2.1774165683309548,0.0014673894038423896,10.378559112548828,2,397544,35,34,83,0.22971105575561523,0.063404858112335205,8.7380409240722656e-05,13418,0.0032994451661314144
1369,2.1787805007188581,0.0013639323879033327,10.433548927307129,2,416588,35,34,87,0.24999988079071045,0.043449521064758301,2.6941299438476562e-05,26320,0.0063221706352112224
1370,2.1802465941873379,0.0014660934684798121,10.215819358825684,2,354695,35,34,74,0.21666431427001953,0.057297706604003906,0.00010764598846435547,12605,0.0035910147631654571
1371,2.1817439344595186,0.0014973402721807361,10.381781578063965,2,407066,35,34,85,0.23390138149261475,0.065743923187255859,9.6201896667480469e-05,14377,0.0036006530466608064
1372,2.1832173384609632,0.0014734040014445782,10.48975658416748,2,392783,35,34,82,0.24990642070770264,0.045980453491210938,2.5272369384765625e-05,28769,0.008117678371128343
1373,2.1846755761071108,0.0014582376461476088,10.735195159912109,2,411827,35,34,86,0.22052454948425293,0.055658221244812012,0.00010251998901367188,15174,0.0048671333159331772
1374,2.186100474151317,0.001424898044206202,10.597009658813477,2,416588,35,34,87,0.22758126258850098,0.060685276985168457,9.3519687652587891e-05,13514,0.0037550343603589172
1375,2.1875439528957941,0.0014434787444770336,10.694965362548828,2,402305,35,34,84,0.23161804676055908,0.046863734722137451,2.7835369110107422e-05,18967,0.0039482855540394594
1376,2.1889742107014172,0.0014302578056231141,11.087493896484375,2,421349,35,34,88,0.23348820209503174,0.057646036148071289,0.00010585784912109375,14196,0.0038757713804348699
1377,2.190353833429981,0.0013796227285638452,10.673355102539062,2,426110,35,34,89,0.22926831245422363,0.060152947902679443,9.5248222351074219e-05,18052,0.0045676880640130564
1378,2.1917869870667346,0.0014331536367535591,10.726443290710449,2,411827,35,34,86,0.22759509086608887,0.047931313514709473,2.8371810913085938e-05,16342,0.0035313901185750449
1379,2.1932130476343445,0.0014260605676099658,10.587608337402344,2,430871,35,34,90,0.22803330421447754,0.061148226261138916,0.00010752677917480469,14059,0.0037920531557997794
1380,2.1946578081115149,0.0014447604771703482,10.603091239929199,2,402305,35,34,84,0.24372899532318115,0.060034215450286865,9.3042850494384766e-05,23545,0.0062130511150539046
1381,2.1961004589102231,0.0014426507987082005,10.783262252807617,2,421349,35,34,88,0.23667407035827637,0.049913525581359863,3.1709671020507812e-05,19113,0.0046532051194065156
1382,2.1975190053344704,0.0014185464242473245,10.525372505187988,2,407066,35,34,85,0.2385551929473877,0.060859560966491699,0.00010883808135986328,16631,0.0045491165131377074
1383,2.1989723086007871,0.0014533032663166523,10.90599536895752,2,426110,35,34,89,0.24475538730621338,0.059339463710784912,9.34600830078125e-05,20743,0.0047736990022615626
1384,2.2003748911083676,0.0014025825075805187,11.105243682861328,2,430871,35,34,90,0.22764050960540771,0.051580429077148438,2.7835369110107422e-05,18147,0.0043335293352201208
1385,2.2017523086979054,0.0013774175895377994,10.82279109954834,2,416588,35,34,87,0.23867177963256836,0.059013605117797852,0.0001010894775390625,17771,0.0046215055707906653
1386,2.2031656740582548,0.0014133653603494167,10.945595741271973,2,435632,35,34,91,0.23891115188598633,0.058777153491973877,8.9764595031738281e-05,15367,0.0036984266417901869
1387,2.2045631821383722,0.0013975080801174045,10.850800514221191,2,440393,35,34,92,0.23413074016571045,0.053984761238098145,3.0159950256347656e-05,17669,0.0041320594201757297
1388,2.2059728991589509,0.0014097170205786824,10.863648414611816,2,426110,35,34,89,0.23776674270629883,0.059862852096557617,0.00010377168655395508,19645,0.0050751079232363751
1389,2.2073809489957057,0.0014080498367547989,10.614448547363281,2,445154,35,34,93,0.22849082946777344,0.059556245803833008,9.3162059783935547e-05,19443,0.0045834198208079147
1390,2.2088220561272465,0.0014411071315407753,10.858887672424316,2,430871,35,34,90,0.24151194095611572,0.055679500102996826,3.0398368835449219e-05,20195,0.0045427213278809954
1391,2.2102307231980376,0.0014086670707911253,11.18787956237793,2,435632,35,34,91,0.22119784355163574,0.061246752738952637,0.00010192394256591797,19393,0.005042207973321629
1392,2.211597966903355,0.001367243705317378,10.694836616516113,2,407066,35,34,85,0.22503650188446045,0.05826801061630249,8.9287757873535156e-05,22981,0.0053395188970262004
1393,2.2130282419384457,0.0014302750350907445,11.197422027587891,2,440393,35,34,92,0.23609185218811035,0.056226611137390137,3.5881996154785156e-05,15650,0.0036030248094600739
1394,2.2143943204428069,0.0013660785043612123,11.111827850341797,2,445154,35,34,93,0.22934722900390625,0.062927961349487305,0.00010585784912109375,17696,0.0043443114125616463
1395,2.2157709218445234,0.0013766014017164707,10.886944770812988,2,430871,35,34,90,0.22793960571289062,0.056589424610137939,8.7618827819824219e-05,26062,0.0056786520746421347
1396,2.2171759586199187,0.0014050367753952742,10.849635124206543,2,449915,35,34,94,0.21789836883544922,0.057819962501525879,3.5703182220458984e-05,13519,0.0033355559826310993
1397,2.2185858270968311,0.0014098684769123793,10.789231300354004,2,435632,35,34,91,0.23113346099853516,0.063605070114135742,0.0001061558723449707,20061,0.0047932947743877536
1398,2.2200035887653939,0.0014177616685628891,11.176742553710938,2,440393,35,34,92,0.23915755748748779,0.057379722595214844,8.58306884765625e-05,27629,0.0063018250726332263
1399,2.2213721948792227,0.0013686061138287187,10.785946846008301,2,411827,35,34,86,0.22508752346038818,0.057797074317932129,3.5881996154785156e-05,18194,0.0046139625166505905
1400,2.2227903882157989,0.0014181933365762234,11.017038345336914,2,445154,35,34,93,0.23476624488830566,0.061329901218414307,0.00010824203491210938,18350,0.004182540811026236
1401,2.2241788338287733,0.0013884456129744649,11.095386505126953,2,449915,35,34,94,0.24615383148193359,0.059841930866241455,9.1671943664550781e-05,22176,0.0047325890525268992
1402,2.2255574751761742,0.0013786413474008441,10.732954025268555,2,435632,35,34,91,0.21851193904876709,0.057576417922973633,3.2782554626464844e-05,22137,0.0052858140563562866
1403,2.2269826706615277,0.0014251954853534698,10.982029914855957,2,454676,35,34,95,0.21411967277526855,0.062007784843444824,0.00010776519775390625,17175,0.0039320655267931623
1404,2.2283755422686227,0.0013928716070950031,11.020318031311035,2,459437,35,34,96,0.22302627563476562,0.061797142028808594,9.3042850494384766e-05,23995,0.0052532819294432796
1405,2.2297635746072046,0.0013880323385819793,11.28758430480957,2,445154,35,34,93,0.22072267532348633,0.057056665420532227,3.4213066101074219e-05,24388,0.0057215696887221966
1406,2.2311187412706204,0.00135516666341573,10.933734893798828,2,464198,35,34,97,0.21176552772521973,0.060685992240905762,0.00010865926742553711,16753,0.0039411919681001002
1407,2.2325177653110586,0.0013990240404382348,10.727695465087891,2,449915,35,34,94,0.2165374755859375,0.059958934783935547,9.2983245849609375e-05,19030,0.0039729485873462858
1408,2.2339436594047584,0.0014258940936997533,10.961498260498047,2,454676,35,34,95,0.22434461116790771,0.060055971145629883,3.528594970703125e-05,20213,0.0046268497714092218
1409,2.2353391399956308,0.0013954805908724666,10.664255142211914,2,426110,35,34,89,0.22009372711181641,0.062346816062927246,0.00010645389556884766,22968,0.0060393514370926486
1410,2.2367735165753402,0.0014343765797093511,10.997347831726074,2,445154,35,34,93,0.21987068653106689,0.059546232223510742,8.8453292846679688e-05,24708,0.0051518108272045502
1411,2.2381644481210969,0.0013909315457567573,11.03071117401123,2,464198,35,34,97,0.24033498764038086,0.061131417751312256,3.6358833312988281e-05,18787,0.0045005340921080682
1412,2.2395511726499535,0.0013867245288565755,11.185884475708008,2,449915,35,34,94,0.22455763816833496,0.060443878173828125,0.00010597705841064453,23304,0.0052088285511140281
1413,2.2409186602453701,0.0013674875954166055,11.130794525146484,2,454676,35,34,95,0.21635222434997559,0.059334814548492432,9.0837478637695312e-05,18665,0.0040706506329977691
1414,2.2422929159947671,0.0013742557493969798,10.899151802062988,2,473720,35,34,99,0.23599588871002197,0.060377359390258789,3.4630298614501953e-05,18386,0.0039633779728780382
1415,2.2436963791842572,0.0014034631894901395,11.073914527893066,2,459437,35,34,96,0.22581970691680908,0.062256217002868652,0.0001061558723449707,20677,0.0044577217251010413
1416,2.2450776936602779,0.0013813144760206342,10.823807716369629,2,430871,35,34,90,0.21584594249725342,0.061347246170043945,9.059906005859375e-05,24617,0.0054250659607611371
1417,2.2464909263071604,0.001413232646882534,10.870905876159668,2,449915,35,34,94,0.24724459648132324,0.060188055038452148,3.8683414459228516e-05,23039,0.005107737764133302
1418,2.2478980360901915,0.0014071097830310464,10.857129096984863,2,468959,35,34,98,0.21259701251983643,0.063210904598236084,0.00011152029037475586,20662,0.0047792334213186708
1419,2.2493069313350134,0.0014088952448219061,10.809054374694824,2,440393,35,34,92,0.21866977214813232,0.060936450958251953,9.2983245849609375e-05,26992,0.0058821042543339593
1420,2.2507220928673632,0.0014151615323498845,11.056711196899414,2,459437,35,34,96,0.2406843900680542,0.060833930969238281,3.719329833984375e-05,21868,0.0049714680474893386
1421,2.2521055564866401,0.0013834636192768812,10.814084053039551,2,478481,35,34,100,0.23569560050964355,0.061981499195098877,0.00010776519775390625,21872,0.0049041108813741288
1422,2.2535200598067604,0.001414503320120275,10.836410522460938,2,464198,35,34,97,0.22202825546264648,0.060038328170776367,8.8572502136230469e-05,23345,0.0048290554788935789
1423,2.2549316487857141,0.0014115889789536595,11.032304763793945,2,468959,35,34,98,0.23995316028594971,0.06229245662689209,4.0769577026367188e-05,19790,0.0045750326587316818
1424,2.2563181730802171,0.0013865242945030332,10.857490539550781,2,454676,35,34,95,0.22862660884857178,0.061801791191101074,0.00010943412780761719,24853,0.0056306506453991621
1425,2.2577270214096643,0.0014088483294472098,10.850852012634277,2,473720,35,34,99,0.22353446483612061,0.059834480285644531,8.96453857421875e-05,22580,0.004714738954137378
1426,2.2591367316781543,0.0014097102684900165,10.913565635681152,2,478481,35,34,100,0.22632431983947754,0.062743127346038818,3.9398670196533203e-05,19107,0.0043703785841735249
1427,2.2605383413028903,0.001401609624736011,11.024306297302246,2,430871,35,34,90,0.24074816703796387,0.062184631824493408,0.00010716915130615234,25735,0.0057199074978719518
1428,2.2619258715421893,0.0013875302392989397,10.914822578430176,2,483242,35,34,101,0.22690713405609131,0.059736371040344238,8.7261199951171875e-05,24212,0.0051018258173243028
1429,2.2633273196988739,0.0014014481566846371,10.874879837036133,2,454676,35,34,95,0.23041701316833496,0.061629295349121094,4.3094158172607422e-05,19072,0.0043081813538657044
1430,2.2647122943890281,0.0013849746901541948,10.915172576904297,2,440393,35,34,92,0.24999988079071045,0.062568783760070801,0.00011074542999267578,23063,0.0048591425453834202
1431,2.2661136976093985,0.0014014032203704119,10.601500511169434,2,459437,35,34,96,0.23769986629486084,0.06018984317779541,8.8810920715332031e-05,25461,0.0052164743379119419
1432,2.26755656482419,0.0014428672147914767,10.864596366882324,2,464198,35,34,97,0.22908329963684082,0.063166260719299316,4.3988227844238281e-05,20518,0.0046588982750122212
1433,2.2688714893884026,0.0013149245642125607,11.052335739135742,2,430871,35,34,90,0.24999988079071045,0.061665356159210205,0.00010514259338378906,26700,0.0062582404056976031
1434,2.2702555007417686,0.0013840113533660769,10.697043418884277,2,468959,35,34,98,0.23842489719390869,0.056070506572723389,7.8439712524414062e-05,22294,0.0045399076551146675
1435,2.2716854807804339,0.001429980038665235,10.70995044708252,2,454607,35,33,95,0.2337946891784668,0.066044926643371582,5.2869319915771484e-05,13303,0.0032500549836369666
1436,2.2728486165287904,0.0011631357483565807,11.024001121520996,2,440324,35,33,92,0.25,0.058950185775756836,9.8824501037597656e-05,31437,0.0081316676391207151
1437,2.2741280658519827,0.0012794493231922388,10.596391677856445,2,406997,35,33,85,0.22144711017608643,0.047966241836547852,6.5326690673828125e-05,17946,0.003638519162562658
1438,2.2755354601540603,0.0014073943020775914,11.020768165588379,2,445085,35,33,93,0.23833799362182617,0.071852922439575195,6.4730644226074219e-05,5836,0.0016793366864257318
1439,2.2767210000311024,0.0011855398770421743,11.260223388671875,2,430802,35,33,90,0.24999988079071045,0.063447713851928711,0.00010031461715698242,37924,0.013644274118584139
1440,2.2780250938958488,0.0013040938647463918,10.659114837646484,2,435563,35,33,91,0.22509372234344482,0.042221307754516602,5.2690505981445312e-05,26746,0.0064922546130771457
1441,2.2794595971354283,0.0014345032395794988,10.906540870666504,2,454607,35,33,95,0.23917865753173828,0.072060823440551758,8.5353851318359375e-05,5360,0.0018011385517331536
1442,2.2805561269051395,0.0010965297697111964,11.11591911315918,2,440324,35,33,92,0.24999988079071045,0.065810561180114746,0.00010466575622558594,43323,0.014526179974698225
1443,2.2817623096634634,0.0012061827583238482,10.84210205078125,2,426041,35,33,89,0.21638894081115723,0.03383946418762207,4.1723251342773438e-05,31112,0.0069521572717527362
1444,2.2830891106859781,0.0013268010225147009,10.959636688232422,2,464129,35,33,97,0.23272192478179932,0.072529435157775879,0.00010097026824951172,3221,0.0011420482477997925
1445,2.2843679851503111,0.0012788744643330574,11.406918525695801,2,449846,35,33,94,0.24999988079071045,0.06753617525100708,0.00011420249938964844,49135,0.01549633460248105
1446,2.2857089746394195,0.0013409894891083241,11.102922439575195,2,435563,35,33,91,0.23276805877685547,0.033054947853088379,3.9458274841308594e-05,37054,0.0088466600602108581
1447,2.2870866802404635,0.0013777056010439992,10.82869815826416,2,454607,35,33,95,0.20333242416381836,0.066620349884033203,0.00011342763900756836,5756,0.0022496315067961291
1448,2.2884992745821364,0.0014125943416729569,11.046634674072266,2,459368,35,33,96,0.24215412139892578,0.063869595527648926,0.00011879205703735352,44481,0.0084170791884740723
1449,2.2898840001435019,0.0013847255613654852,10.852229118347168,2,445085,35,33,93,0.24747884273529053,0.034925103187561035,4.3272972106933594e-05,33042,0.0058705462188113153
1450,2.2912935315980576,0.0014095314545556903,10.888911247253418,2,430802,35,33,90,0.22482454776763916,0.063575685024261475,0.00011050701141357422,8163,0.0032802804087403909
1451,2.2926983147044666,0.0014047831064090133,11.214892387390137,2,468890,35,33,98,0.23764431476593018,0.063344955444335938,0.00011974573135375977,32070,0.0052085151042621097
1452,2.2940041031106375,0.0013057884061709046,11.325746536254883,2,454607,35,33,95,0.24999988079071045,0.03570854663848877,4.3511390686035156e-05,30235,0.0051710990751700639
1453,2.2953547034994699,0.0013506003888323903,11.016148567199707,2,440324,35,33,92,0.22612214088439941,0.061039268970489502,0.00011032819747924805,8788,0.0029152227818372788
1454,2.2967432612203993,0.0013885577209293842,10.808731079101562,2,459368,35,33,96,0.230979323387146,0.064594745635986328,0.00012612342834472656,17587,0.0032585190049902193
1455,2.2979330261587165,0.0011897649383172393,11.269227027893066,2,464129,35,33,97,0.25,0.036946654319763184,5.054473876953125e-05,35788,0.0064310711522703136
1456,2.2992417675559409,0.0013087413972243667,10.883352279663086,2,449846,35,33,94,0.22854042053222656,0.058653056621551514,0.00010478496551513672,9313,0.0027608228141277748
1457,2.3006472681299783,0.0014055005740374327,11.001849174499512,2,468890,35,33,98,0.23764276504516602,0.069648921489715576,0.00013971328735351562,11167,0.0024465609117718555
1458,2.3017161101452075,0.0010688420152291656,11.62506103515625,2,473651,35,33,99,0.24999988079071045,0.040766477584838867,6.8485736846923828e-05,42682,0.012285527358145625
1459,2.302891836327035,0.0011757261818274856,11.205173492431641,2,440324,35,33,92,0.21123826503753662,0.048575460910797119,9.6559524536132812e-05,11008,0.0031350924227306286
1460,2.3041851351154037,0.0012932987883687019,10.765467643737793,2,445085,35,33,93,0.23314476013183594,0.071648716926574707,0.00016224384307861328,3503,0.0010877134705172496
1461,2.3053083820850588,0.0011232469696551561,11.158660888671875,2,464129,35,33,97,0.24999988079071045,0.046289682388305664,8.5592269897460938e-05,47598,0.014672488972746346
1462,2.3065439537749626,0.0012355716899037361,10.749999046325684,2,449915,35,34,94,0.20460879802703857,0.045489668846130371,9.7990036010742188e-05,14981,0.0045201558748258746
1463,2.3079030826338567,0.0013591288588941097,11.59765625,2,507115,34,35,105,0.2184300422668457,0.07243812084197998,0.00018388032913208008,4892,0.0016337564363013161
1464,2.3092220179387368,0.0013189353048801422,12.161267280578613,2,507115,34,35,105,0.22968816757202148,0.051656484603881836,9.6082687377929688e-05,51840,0.016416645231748638
1465,2.3104798275162466,0.0012578095775097609,12.286274909973145,2,507115,34,35,105,0.21646308898925781,0.040479302406311035,8.9406967163085938e-05,18454,0.0060555627895415116
1466,2.3117248393245973,0.0012450118083506823,12.618491172790527,2,507115,34,35,105,0.21335518360137939,0.059971034526824951,0.00017702579498291016,5928,0.0021200749760465574
1467,2.3129370728856884,0.001212233561091125,13.113146781921387,2,507115,34,35,105,0.21808767318725586,0.051696896553039551,9.7870826721191406e-05,12063,0.0023816037998702086
1468,2.3141035783919506,0.0011665055062621832,13.858345985412598,2,507115,34,35,105,0.19687509536743164,0.040503382682800293,7.9512596130371094e-05,15061,0.0028373397695239033
1469,2.3152073579258285,0.0011037795338779688,14.66444206237793,2,507115,34,35,105,0.19419384002685547,0.057008624076843262,0.00016367435455322266,7118,0.0020676325383316529
1470,2.3162504633073695,0.0010431053815409541,14.994002342224121,2,507115,34,35,105,0.17758369445800781,0.049207448959350586,9.5009803771972656e-05,7493,0.0015768050909620052
1471,2.3172706417390145,0.0010201784316450357,14.990644454956055,2,507115,34,35,105,0.18176400661468506,0.039652466773986816,7.343292236328125e-05,7478,0.0013214572439585563
1472,2.3182910486939363,0.001020406954921782,15.0224609375,2,507115,34,35,105,0.18117129802703857,0.056806325912475586,0.00016134977340698242,6763,0.0015072436311485725
1473,2.3193092945148237,0.0010182458208873868,15.351222038269043,2,507115,34,35,105,0.17179059982299805,0.049956321716308594,9.6082687377929688e-05,10198,0.0019563237984371448
1474,2.3203057336504571,0.00099643913563340902,15.96169376373291,2,507115,34,35,105,0.16982269287109375,0.040966987609863281,6.9379806518554688e-05,12050,0.0021356354352955946
1475,2.3212640628917143,0.0009583292412571609,16.529909133911133,2,507115,34,35,105,0.16165482997894287,0.055414319038391113,0.00015377998352050781,9100,0.0021757618277920957
1476,2.3221894495654851,0.00092538667377084494,16.751789093017578,2,507115,34,35,105,0.15015816688537598,0.048382759094238281,9.34600830078125e-05,9507,0.0017417166767125253
1477,2.3231025793938898,0.00091312982840463519,16.679365158081055,2,507115,34,35,105,0.16315233707427979,0.04100334644317627,6.6936016082763672e-05,8715,0.0013274470326493438
1478,2.3240196741535328,0.00091709475964307785,16.466014862060547,2,507115,34,35,105,0.1607353687286377,0.055828690528869629,0.00015336275100708008,8398,0.0016401805768267699
1479,2.3249486517161131,0.00092897756258025765,16.563690185546875,2,507115,34,35,105,0.14808154106140137,0.049339890480041504,9.4234943389892578e-05,12237,0.0021274168051173352
1480,2.3258721511228941,0.00092349940678104758,16.881513595581055,2,507115,34,35,105,0.15613377094268799,0.043214917182922363,6.6220760345458984e-05,12937,0.00222131228879897
1481,2.3267782640759833,0.00090611295308917761,17.35108757019043,2,506980,37,33,105,0.15389060974121094,0.055808067321777344,0.00014990568161010742,11312,0.0025633266791682688
1482,2.3276598547818139,0.00088159070583060384,17.595626831054688,2,506980,37,33,105,0.14184296131134033,0.048806905746459961,9.2864036560058594e-05,12892,0.002223177660242469
1483,2.3285291934153065,0.000869338633492589,17.298538208007812,2,507115,34,35,105,0.15854477882385254,0.043213725090026855,6.4849853515625e-05,10856,0.0016275693413140852
1484,2.3294134622556157,0.00088426884030923247,17.389053344726562,2,506980,37,33,105,0.1501164436340332,0.056471884250640869,0.00015103816986083984,9535,0.001727253665723949
1485,2.3302931282087229,0.00087966595310717821,17.716489791870117,2,506980,37,33,105,0.13655459880828857,0.050203680992126465,9.5844268798828125e-05,14552,0.00242833814899
1486,2.3311565361800604,0.00086340797133743763,18.204996109008789,2,506980,37,33,105,0.15300238132476807,0.043978214263916016,6.0915946960449219e-05,15031,0.0024724609513181147
1487,2.3319967757561244,0.0008402395760640502,18.643335342407227,2,506980,37,33,105,0.14396965503692627,0.055349469184875488,0.00014466047286987305,10989,0.0020538158525616099
1488,2.3328172597102821,0.00082048395415768027,18.665548324584961,2,506980,37,33,105,0.13474416732788086,0.049184560775756836,9.3102455139160156e-05,11116,0.0016711884116098999
1489,2.3336367672891356,0.00081950757885351777,18.246957778930664,2,506980,37,33,105,0.13799440860748291,0.044526994228363037,6.1631202697753906e-05,10401,0.0014207507241053379
1490,2.334475074603688,0.00083830731455236673,18.132650375366211,2,506980,37,33,105,0.14541685581207275,0.056900203227996826,0.00014817714691162109,10468,0.0017322574841775245
1491,2.335318666533567,0.00084359192987903953,18.407360076904297,2,506980,37,33,105,0.13834905624389648,0.051006078720092773,9.6201896667480469e-05,16566,0.0026119120033899191
1492,2.3361496687866747,0.00083100225310772657,18.435628890991211,2,506980,37,33,105,0.14836907386779785,0.045820713043212891,5.9247016906738281e-05,16276,0.0026439670681232433
1493,2.3369793968158774,0.00082972802920266986,18.842464447021484,2,506980,37,33,105,0.14309310913085938,0.056629538536071777,0.00014466047286987305,12611,0.0022772246984280879
1494,2.3377912098658271,0.0008118130499497056,18.732917785644531,2,506980,37,33,105,0.13231766223907471,0.051201939582824707,9.5665454864501953e-05,14322,0.0021339447080811957
1495,2.3386077702161856,0.00081656035035848618,18.144201278686523,2,506980,37,33,105,0.14557003974914551,0.046400547027587891,6.1452388763427734e-05,13893,0.0019911977561760776
1496,2.3394508251221851,0.00084305490599945188,17.79463005065918,2,506980,37,33,105,0.14743673801422119,0.058714509010314941,0.00015056133270263672,11521,0.0019381302422313881
1497,2.3403104416211136,0.0008596164989285171,17.997714996337891,2,506980,37,33,105,0.14207053184509277,0.053665876388549805,9.9301338195800781e-05,19397,0.0032298752285602004
1498,2.3411603582790121,0.00084991665789857507,18.666292190551758,2,506978,35,33,105,0.14238953590393066,0.048357605934143066,6.008148193359375e-05,18941,0.0034790364587386122
1499,2.3419798332033679,0.00081947492435574532,20.116127014160156,2,506978,35,33,105,0.13837707042694092,0.057014942169189453,0.00014400482177734375,14670,0.0027703478832739568
1500,2.3427402458619326,0.00076041265856474638,20.089441299438477,2,506978,35,33,105,0.13223743438720703,0.051272273063659668,9.72747802734375e-05,12292,0.0018085957264720514
1501,2.3435016686562449,0.00076142279431223869,19.815889358520508,2,506978,35,33,105,0.14696156978607178,0.046243548393249512,5.8650970458984375e-05,7939,0.00099623829126474148
1502,2.3442736026481725,0.00077193399192765355,19.914581298828125,2,506978,35,33,105,0.13862025737762451,0.05869293212890625,0.0001468658447265625,6952,0.00094484123524976756
1503,2.3450417111162096,0.00076810846803709865,20.215883255004883,2,506978,35,33,105,0.13017952442169189,0.052525460720062256,9.9539756774902344e-05,18369,0.0022791027695233399
1504,2.3457983714761212,0.00075666035991162062,21.474893569946289,2,506978,35,33,105,0.12830924987792969,0.046804070472717285,5.6028366088867188e-05,13512,0.001798333158956944
1505,2.3465106710791588,0.00071229960303753614,22.830789566040039,2,506978,35,33,105,0.12354564666748047,0.056447982788085938,0.00013828277587890625,9919,0.0014453088525997041
1506,2.3471806679735892,0.00066999689443036914,22.862428665161133,2,506978,35,33,105,0.12419801950454712,0.049289584159851074,9.5129013061523438e-05,9498,0.0011741515667320855
1507,2.3478497376781888,0.00066906970459967852,22.443387985229492,2,506978,35,33,105,0.13436049222946167,0.045225381851196289,5.4299831390380859e-05,4859,0.00055539814145359669
1508,2.3485312995617278,0.00068156188353896141,22.254585266113281,2,506978,35,33,105,0.12758421897888184,0.057874321937561035,0.00014054775238037109,6566,0.00079028760819949725
1509,2.3492186436778866,0.00068734411615878344,22.346174240112305,2,506978,35,33,105,0.12179350852966309,0.050716996192932129,9.7036361694335938e-05,16234,0.0018900361012701855
1510,2.3499031706014648,0.00068452692357823253,23.437984466552734,2,506978,35,33,105,0.11647605895996094,0.046677112579345703,5.4121017456054688e-05,11600,0.0015381663972083457
1511,2.3505558102624491,0.00065263966098427773,24.548694610595703,2,506978,35,33,105,0.1205604076385498,0.056739687919616699,0.00013506412506103516,11589,0.0016362842131381838
1512,2.3511789211188443,0.0006231108563952148,24.402074813842773,2,506978,35,33,105,0.13305681943893433,0.048263907432556152,9.3221664428710938e-05,11554,0.0013332725721235945
1513,2.3518057759501971,0.00062685483135282993,23.838350296020508,2,506978,35,33,105,0.12855803966522217,0.045760452747344971,5.4478645324707031e-05,5897,0.00062472892444200186
1514,2.3524474545265548,0.00064167857635766268,23.422149658203125,2,506978,35,33,105,0.12127995491027832,0.058291137218475342,0.00013887882232666016,7893,0.00097598990595483841
1515,2.3531005354016088,0.00065308087505400181,23.142095565795898,2,506978,35,33,105,0.11980950832366943,0.050003945827484131,9.5248222351074219e-05,18632,0.0023751611680950884
1516,2.3537615195382386,0.00066098413662984967,24.067502975463867,2,506978,35,33,105,0.11657536029815674,0.048055291175842285,5.6684017181396484e-05,13004,0.001799406803238349
1517,2.3543970885220915,0.00063556898385286331,24.941680908203125,2,506978,35,33,105,0.12172126770019531,0.058222591876983643,0.00013601779937744141,13592,0.0021267633767801191
1518,2.3550103814923204,0.00061329297022894025,24.614191055297852,2,506978,35,33,105,0.13920354843139648,0.048045098781585693,9.1552734375e-05,15808,0.0018068381394255853
1519,2.3556318343034945,0.00062145281117409468,24.014396667480469,2,506978,35,33,105,0.12313872575759888,0.047721266746520996,5.8770179748535156e-05,7167,0.00076668832372194992
1520,2.3562688087695278,0.0006369744660332799,23.598590850830078,2,506978,35,33,105,0.11126315593719482,0.060007810592651367,0.00014126300811767578,9844,0.0012129744830987894
1521,2.3569170067203231,0.00064819795079529285,23.164888381958008,2,506978,35,33,105,0.11827576160430908,0.049729704856872559,9.3579292297363281e-05,21195,0.0029429062940443526
1522,2.3575773405027576,0.0006603337824344635,23.924589157104492,2,506978,35,33,105,0.11823618412017822,0.050126194953918457,6.1631202697753906e-05,14079,0.0019842600529925022
1523,2.3582167060230859,0.00063936552032828331,24.633712768554688,2,506978,35,33,105,0.12299442291259766,0.060268998146057129,0.00013935565948486328,15164,0.0023943796582356963
1524,2.358837666339241,0.00062096031615510583,24.176179885864258,2,506978,35,33,105,0.14284318685531616,0.048116803169250488,9.0241432189941406e-05,19347,0.0021892686917586199
1525,2.3594703783164732,0.00063271197723224759,23.673618316650391,2,506978,35,33,105,0.11237865686416626,0.050278306007385254,6.4969062805175781e-05,8369,0.00093149813493817902
1526,2.3601165219442919,0.00064614362781867385,23.293867111206055,2,506978,35,33,105,0.11931049823760986,0.061711609363555908,0.00014519691467285156,11672,0.0014651766068152709
1527,2.3607731994125061,0.00065667746821418405,22.902286529541016,2,506978,35,33,105,0.12284183502197266,0.049609065055847168,9.1671943664550781e-05,23522,0.0032838607758183041
1528,2.3614411046728492,0.0006679052603431046,23.569456100463867,2,506978,35,33,105,0.11973989009857178,0.052398800849914551,6.7591667175292969e-05,14514,0.0020533689509295728
1529,2.3620901038520969,0.00064899917924776673,24.09861946105957,2,506978,35,33,105,0.12058365345001221,0.061352849006652832,0.00014352798461914062,16475,0.0025227905725391958
1530,2.3627248521661386,0.00063474831404164433,23.459236145019531,2,506978,35,33,105,0.14578521251678467,0.048265814781188965,8.8334083557128906e-05,20719,0.002301927198859746
1531,2.363376900611911,0.00065204844577237964,23.044731140136719,2,506978,35,33,105,0.11499547958374023,0.053098201751708984,7.2658061981201172e-05,9341,0.0010574665655504053
1532,2.3640406774356961,0.00066377682378515601,22.757072448730469,2,506978,35,33,105,0.12717735767364502,0.062894642353057861,0.00015032291412353516,14281,0.001864439896375846
1533,2.3647128446609713,0.00067216722527518868,22.532384872436523,2,506978,35,33,105,0.12006497383117676,0.049535632133483887,8.9764595031738281e-05,26223,0.003737911258176655
1534,2.3653917145566083,0.00067886989563703537,23.195018768310547,2,506978,35,33,105,0.12072849273681641,0.054821789264678955,7.4148178100585938e-05,14718,0.0020814822781179791
1535,2.3660511905327439,0.00065947597613558173,23.474636077880859,2,506978,35,33,105,0.11146533489227295,0.061438202857971191,0.00014770030975341797,17442,0.0025237388980545988
1536,2.3667028112104163,0.00065162067767232656,22.880348205566406,2,506978,35,33,105,0.14444953203201294,0.048346996307373047,8.5711479187011719e-05,19720,0.0021520974952062111
1537,2.3673713568714447,0.00066854566102847457,22.421249389648438,2,506978,35,33,105,0.11571586132049561,0.055801928043365479,8.0049037933349609e-05,10002,0.0011528584753293292
1538,2.3680535917519592,0.00068223488051444292,22.145915985107422,2,506978,35,33,105,0.1248093843460083,0.063226401805877686,0.00015461444854736328,16937,0.0022547173415566365
1539,2.3687443086528219,0.00069071690086275339,22.119379043579102,2,506978,35,33,105,0.11557435989379883,0.049814105033874512,8.7618827819824219e-05,27367,0.0038217026808285803
1540,2.3694358541979454,0.00069154554512351751,22.807760238647461,2,506978,35,33,105,0.12128806114196777,0.057251453399658203,8.0347061157226562e-05,15471,0.0022438863483537244
1541,2.370106527581811,0.00067067338386550546,22.721973419189453,2,506978,35,33,105,0.11101806163787842,0.061088263988494873,0.00015050172805786133,18818,0.0026300851886532622
1542,2.3707797331153415,0.00067320553353056312,22.22599983215332,2,506978,35,33,105,0.13997179269790649,0.048792362213134766,8.2433223724365234e-05,17210,0.0018888496222853055
1543,2.3714679612312466,0.00068822811590507627,21.761873245239258,2,506978,35,33,105,0.11620783805847168,0.05890953540802002,8.7022781372070312e-05,10936,0.0013087627127790226
1544,2.3721708675147966,0.00070290628354996443,21.56562614440918,2,506978,35,33,105,0.11665141582489014,0.062982082366943359,0.00015687942504882812,20344,0.0028722928975219121
1545,2.372880170296412,0.00070930278161540627,21.706981658935547,2,506978,35,33,105,0.10558092594146729,0.050381958484649658,8.4638595581054688e-05,26924,0.0036205034680809739
1546,2.3735848540673032,0.00070468377089127898,22.339120864868164,2,506978,35,33,105,0.12045824527740479,0.059676885604858398,8.5949897766113281e-05,15963,0.0023164295503358356
1547,2.3742695971159264,0.00068474304862320423,21.943599700927734,2,506978,35,33,105,0.1180528998374939,0.060725092887878418,0.00015187263488769531,19981,0.0026461034093208644
1548,2.3749666822841391,0.00069708516821265221,21.662059783935547,2,506978,35,33,105,0.14022922515869141,0.049745857715606689,7.8797340393066406e-05,15514,0.0017436208108164836
1549,2.3756728274165653,0.00070614513242617249,21.295112609863281,2,506978,35,33,105,0.11348843574523926,0.061418056488037109,9.250640869140625e-05,12246,0.0015494283463837136
1550,2.3763911405112594,0.00071831309469416738,21.124710083007812,2,506978,35,33,105,0.11708223819732666,0.062160670757293701,0.00015652179718017578,23334,0.0033686379940526569
1551,2.3771152478875592,0.00072410737629979849,21.273319244384766,2,506978,35,33,105,0.1047511100769043,0.051179587841033936,8.0883502960205078e-05,23864,0.0030315122496510868
1552,2.3778342968435027,0.00071904895594343543,21.768537521362305,2,506978,35,33,105,0.11642360687255859,0.06118166446685791,9.1314315795898438e-05,15944,0.002289014482746965
1553,2.3785369879915379,0.00070269114803522825,21.306024551391602,2,506978,35,33,105,0.12902218103408813,0.060660719871520996,0.00015199184417724609,21882,0.0028080373903349013
1554,2.3792549332138151,0.00071794522227719426,21.039726257324219,2,506978,35,33,105,0.13990044593811035,0.050999581813812256,7.5697898864746094e-05,15949,0.0018465701343133175
1555,2.3799819654086605,0.0007270321948453784,20.876842498779297,2,506978,35,33,105,0.11447620391845703,0.062687039375305176,9.8288059234619141e-05,13387,0.0017753481895539519
1556,2.3807146699982695,0.00073270458960905671,20.510971069335938,2,506978,35,33,105,0.11638689041137695,0.06194460391998291,0.00015580654144287109,25617,0.0037386640498844577
1557,2.3814604444196448,0.00074577442137524486,20.898212432861328,2,506978,35,33,105,0.10645675659179688,0.052146553993225098,7.6651573181152344e-05,23110,0.0028865392978135729
1558,2.3821923997602426,0.00073195534059777856,21.088893890380859,2,506978,35,33,105,0.11806011199951172,0.062171459197998047,9.6559524536132812e-05,15750,0.0023198025488832975
1559,2.3829177368897945,0.00072533712955191731,20.702110290527344,2,506978,35,33,105,0.14410477876663208,0.060113728046417236,0.00015032291412353516,24159,0.0029972799455153542
1560,2.3836566256941296,0.00073888880433514714,20.133935928344727,2,506978,35,33,105,0.13319092988967896,0.052664995193481445,7.2658061981201172e-05,15245,0.0018612400544862854
1561,2.3844163657631725,0.00075974006904289126,20.22852897644043,2,506978,35,33,105,0.12200307846069336,0.063531816005706787,0.00010538101196289062,15150,0.0021080802030167744
1562,2.3851725531276315,0.00075618736445903778,19.734533309936523,2,506978,35,33,105,0.11825394630432129,0.062319159507751465,0.00015580654144287109,27662,0.004322124068472771
1563,2.385947669390589,0.00077511626295745373,20.483745574951172,2,506978,35,33,105,0.11346352100372314,0.053385257720947266,7.2538852691650391e-05,24652,0.0032028653113174376
1564,2.3866944350884296,0.00074676569784060121,20.450628280639648,2,506978,35,33,105,0.11447560787200928,0.06242835521697998,0.00010192394256591797,15670,0.0023664755476707064
1565,2.3874424100504257,0.00074797496199607849,19.834905624389648,2,506978,35,33,105,0.166423499584198,0.059187710285186768,0.00014829635620117188,24905,0.0028783760869354287
1566,2.3882136039319448,0.00077119388151913881,19.288814544677734,2,506978,35,33,105,0.11909002065658569,0.054796338081359863,6.9320201873779297e-05,13432,0.0016953376219288286
1567,2.3890066313324496,0.0007930274005047977,19.373077392578125,2,506978,35,33,105,0.11585736274719238,0.064669370651245117,0.00011193752288818359,17308,0.0026344502008686628
1568,2.389796209463384,0.00078957813093438745,19.217416763305664,2,506978,35,33,105,0.12167572975158691,0.061632990837097168,0.0001538395881652832,30822,0.0051427062868253286
1569,2.3905921831610613,0.00079597369767725468,19.869874954223633,2,506978,35,33,105,0.11071348190307617,0.055260419845581055,7.0333480834960938e-05,22507,0.0031073140493021465
1570,2.3913620198145509,0.00076983665348961949,19.736553192138672,2,506978,35,33,105,0.11591935157775879,0.061912953853607178,0.00010740756988525391,15718,0.0023258157672747777
1571,2.3921370567404665,0.00077503692591562867,18.855890274047852,2,506978,35,33,105,0.16378837823867798,0.059059262275695801,0.00014710426330566406,21886,0.0024548325206490795
1572,2.3929482917301357,0.00081123498966917396,18.656488418579102,2,506978,35,33,105,0.12401431798934937,0.057572603225708008,6.7353248596191406e-05,14501,0.0018863435925317695
1573,2.3937681972747669,0.00081990554463118315,18.361303329467773,2,506978,35,33,105,0.10875248908996582,0.065053343772888184,0.00011694431304931641,19686,0.0033358413429299657
1574,2.3946012840024196,0.00083308672765269876,18.941085815429688,2,506978,35,33,105,0.12020397186279297,0.060567378997802734,0.00015121698379516602,33008,0.0054500313864167824
1575,2.3954088701284491,0.00080758612602949142,19.058948516845703,2,506978,35,33,105,0.11530381441116333,0.057485222816467285,7.1048736572265625e-05,20318,0.0031006618466062055
1576,2.3962114620371722,0.00080259190872311592,18.916070938110352,2,506978,35,33,105,0.12828099727630615,0.060560464859008789,0.0001118779182434082,17186,0.0024560054723787627
1577,2.3970201160991564,0.00080865406198427081,17.905641555786133,2,506978,35,33,105,0.14661556482315063,0.059884428977966309,0.00014859437942504883,15209,0.0018996312818353284
1578,2.3978744031628594,0.00085428706370294094,17.91217041015625,2,506978,35,33,105,0.12303519248962402,0.060396313667297363,6.8902969360351562e-05,18337,0.002535071485063448
1579,2.3987283788737841,0.0008539757109247148,17.508567810058594,2,506978,35,33,105,0.1089712381362915,0.064480185508728027,0.00012105703353881836,21918,0.0040278033569546142
1580,2.3996020401827991,0.00087366130901500583,18.169614791870117,2,506978,35,33,105,0.11924004554748535,0.060419797897338867,0.00015151500701904297,31819,0.0051326730170271166
1581,2.4004439159180038,0.00084187573520466685,18.476274490356445,2,506978,35,33,105,0.11575210094451904,0.060030162334442139,7.2598457336425781e-05,20261,0.0031995037963957439
1582,2.4012718186713755,0.00082790275337174535,17.640630722045898,2,506978,35,33,105,0.16855317354202271,0.059911608695983887,0.00011402368545532227,20064,0.0027883461500485124
1583,2.402138939476572,0.00086712080519646406,17.189922332763672,2,506978,35,33,105,0.12240695953369141,0.05997014045715332,0.00014925003051757812,12465,0.0017001137700086248
1584,2.4030287956120446,0.0008898561354726553,16.796701431274414,2,506978,35,33,105,0.12476170063018799,0.063783645629882812,7.4326992034912109e-05,19474,0.0030586354771308254
1585,2.4039394838036969,0.00091068819165229797,17.113193511962891,2,506978,35,33,105,0.11783981323242188,0.062658429145812988,0.00012314319610595703,27079,0.0055006811521481043
1586,2.4048333297250792,0.00089384592138230801,17.328937530517578,2,506978,35,33,105,0.11876130104064941,0.060370028018951416,0.00015443563461303711,25787,0.0042470375239542085
1587,2.4057160473312251,0.00088271760614588857,17.553382873535156,2,506978,35,33,105,0.12329912185668945,0.060090124607086182,7.4803829193115234e-05,20456,0.0030537236464829639
1588,2.4065874781226739,0.00087143079144880176,16.439142227172852,2,506978,35,33,105,0.15452694892883301,0.06093132495880127,0.0001195073127746582,17214,0.0023335339441042198
1589,2.4075179742649198,0.00093049614224582911,16.219444274902344,2,506978,35,33,105,0.12026494741439819,0.060954451560974121,0.00015389919281005859,18038,0.002280741358536671
1590,2.4084610742866062,0.00094310002168640494,15.89739990234375,2,506978,35,33,105,0.12810444831848145,0.065140962600708008,7.82012939453125e-05,22469,0.00407820770546096
1591,2.4094232792849652,0.00096220499835908413,16.522369384765625,2,506978,35,33,105,0.12390577793121338,0.062712311744689941,0.00012689828872680664,29532,0.006263639391207945
1592,2.410349088255316,0.00092580897035077214,16.955207824707031,2,506978,35,33,105,0.12710905075073242,0.060221672058105469,0.00015747547149658203,25849,0.0042325141471576105
1593,2.4112512628780678,0.0009021746227517724,16.069726943969727,2,506978,35,33,105,0.15938889980316162,0.059157252311706543,7.7366828918457031e-05,19229,0.0028066319940966626
1594,2.4122031495207921,0.00095188664272427559,15.587645530700684,2,506978,35,33,105,0.11979556083679199,0.061622202396392822,0.00013136863708496094,12570,0.0017624521873874498
1595,2.4131844752700999,0.00098132574930787086,15.407608985900879,2,506907,33,32,105,0.12793052196502686,0.064991533756256104,0.00016605854034423828,22752,0.0034093572963649222
1596,2.4141772676957771,0.00099279242567718029,15.923378944396973,2,506907,33,32,105,0.13203322887420654,0.062608122825622559,7.7962875366210938e-05,28892,0.0063079825905598278
1597,2.415137902891729,0.00096063519595190883,16.05201530456543,2,506978,35,33,105,0.12443387508392334,0.061167597770690918,0.00013124942779541016,25520,0.004358860824591468
1598,2.4160908398334868,0.00095293694175779819,16.002523422241211,2,506978,35,33,105,0.12306535243988037,0.05966484546661377,0.00016248226165771484,19972,0.0027853931255643642
1599,2.417046723945532,0.00095588411204516888,14.968264579772949,2,506978,35,33,105,0.13013654947280884,0.061430871486663818,7.8737735748291016e-05,15096,0.0022154943086571369
1600,2.4180686565232463,0.001021932577714324,15.11228084564209,2,506907,33,32,105,0.12890434265136719,0.063400566577911377,0.0001417994499206543,22078,0.0030574358662034543
1601,2.4190808503772132,0.0010121938539668918,15.589598655700684,2,506907,33,32,105,0.13207137584686279,0.064614772796630859,0.00017124414443969727,27096,0.0050908076204736327
1602,2.4200620531919412,0.00098120281472802162,15.917784690856934,2,506907,33,32,105,0.12946844100952148,0.060553967952728271,7.6770782470703125e-05,29663,0.0057510237179087082
1603,2.4210230259923264,0.00096097280038520694,15.866304397583008,2,506907,33,32,105,0.12861430644989014,0.059373736381530762,0.00013709068298339844,17388,0.0026012797573976201
1604,2.4219871168024838,0.00096409081015735865,14.867950439453125,2,506978,35,33,105,0.13235914707183838,0.060918629169464111,0.00017035007476806641,12622,0.0018556415349075209
1605,2.4230159444268793,0.0010288276243954897,14.649524688720703,2,506907,33,32,105,0.13638842105865479,0.06263279914855957,7.7843666076660156e-05,19636,0.0027603558548286865
1606,2.4240601119818166,0.0010441675549373031,14.773979187011719,2,506907,33,32,105,0.12515676021575928,0.064968287944793701,0.00014835596084594727,25511,0.0049507584748083337
1607,2.4250954835442826,0.0010353715624660254,15.627506256103516,2,506907,33,32,105,0.13125121593475342,0.062176525592803955,0.00017023086547851562,30913,0.0061029250582499955
1608,2.4260743062477559,0.00097882270347326994,15.996921539306641,2,506907,33,32,105,0.1432260274887085,0.059736669063568115,7.6055526733398438e-05,24069,0.0039349281671352265
1609,2.427030525112059,0.00095621886430308223,15.452075004577637,2,506907,33,32,105,0.1223456859588623,0.058531343936920166,0.00013947486877441406,14505,0.0021624751278508819
1610,2.4280204605893232,0.00098993547726422548,14.715714454650879,2,506907,33,32,105,0.12743937969207764,0.061070263385772705,0.00017035007476806641,10732,0.0015899409828233461
1611,2.429059931600932,0.001039471011608839,14.503806114196777,2,506907,33,32,105,0.13194489479064941,0.064318537712097168,7.9512596130371094e-05,21171,0.0031708638150512282
1612,2.4301145898061804,0.0010546582052484155,14.897012710571289,2,506907,33,32,105,0.12735962867736816,0.063084602355957031,0.00014871358871459961,29374,0.0056169129986453547
1613,2.4311414103140123,0.0010268205078318715,15.490950584411621,2,506907,33,32,105,0.12974071502685547,0.061545372009277344,0.00016939640045166016,26841,0.0049870990756958377
1614,2.4321288614883088,0.00098745117429643869,15.882213592529297,2,506907,33,32,105,0.12859916687011719,0.05974125862121582,7.6174736022949219e-05,21586,0.0033021810703515158
1615,2.4330919865751639,0.00096312508685514331,15.129695892333984,2,506907,33,32,105,0.11955630779266357,0.059209585189819336,0.00014185905456542969,14019,0.0020341047011264483
1616,2.4341030153445899,0.0010110287694260478,14.685604095458984,2,506907,33,32,105,0.12763667106628418,0.061141371726989746,0.0001697540283203125,12857,0.0018468958490998359
1617,2.4351446175714955,0.0010416022269055247,14.354475021362305,2,506907,33,32,105,0.12814223766326904,0.064652979373931885,8.106231689453125e-05,21991,0.0034852994011210997
1618,2.4362102474551648,0.0010656298836693168,14.971698760986328,2,506907,33,32,105,0.12839782238006592,0.06270301342010498,0.00014948844909667969,30802,0.0057889623461477423
1619,2.4372319456888363,0.0010216982336714864,15.531086921691895,2,506907,33,32,105,0.12807559967041016,0.061545848846435547,0.00016963481903076172,25833,0.0047381189982142824
1620,2.4382168450392783,0.00098489935044199228,15.472223281860352,2,506907,33,32,105,0.12855470180511475,0.05914539098739624,7.5995922088623047e-05,21919,0.0032565069272510972
1621,2.4392054914496839,0.00098864641040563583,14.835552215576172,2,506907,33,32,105,0.11660456657409668,0.059877872467041016,0.00014758110046386719,12294,0.0017751981159811029
1622,2.4402365658897907,0.0010310744401067495,14.431405067443848,2,506907,33,32,105,0.1240919828414917,0.06289517879486084,0.00017416477203369141,16094,0.0022362871459984481
1623,2.4412965151714161,0.0010599492816254497,14.445077896118164,2,506907,33,32,105,0.12928891181945801,0.063767552375793457,8.0347061157226562e-05,26058,0.0046314327525865786
1624,2.442355461185798,0.0010589460143819451,15.012402534484863,2,506907,33,32,105,0.13053309917449951,0.062570035457611084,0.00015091896057128906,28971,0.0051827985912740208
1625,2.4433743892004713,0.0010189280146732926,15.513928413391113,2,506907,33,32,105,0.12029480934143066,0.060858726501464844,0.00017035007476806641,25430,0.0042157557245302369
1626,2.4443603778490797,0.00098598864860832691,15.10273551940918,2,506907,33,32,105,0.12995976209640503,0.059366285800933838,7.534027099609375e-05,18559,0.0027432273018719857
1627,2.44537321140524,0.0010128335561603308,14.777756690979004,2,506907,33,32,105,0.11960470676422119,0.060667991638183594,0.00015318393707275391,12950,0.0018181901090566716
1628,2.4464083183556795,0.0010351069504395127,14.322629928588867,2,506907,33,32,105,0.12435245513916016,0.063733816146850586,0.00017809867858886719,19959,0.0028928826910131311
1629,2.447476317640394,0.0010679992847144604,14.64552116394043,2,506907,33,32,105,0.13480567932128906,0.062728643417358398,7.82012939453125e-05,28665,0.0049625414873635107
1630,2.4485207706457004,0.0010444530053064227,15.068563461303711,2,506907,33,32,105,0.13070416450500488,0.062584877014160156,0.00015389919281005859,25949,0.0044836549206610085
1631,2.4495359010761604,0.0010151304304599762,15.255608558654785,2,506907,33,32,105,0.1221579909324646,0.060189545154571533,0.00017082691192626953,25535,0.0039434144143108011
1632,2.4505385853117332,0.0010026842355728149,14.89000415802002,2,506907,33,32,105,0.12333047389984131,0.06020653247833252,7.3790550231933594e-05,16272,0.0024007304747813945
1633,2.4515658891759813,0.0010273038642480969,14.576271057128906,2,506907,33,32,105,0.1219707727432251,0.061992526054382324,0.00015860795974731445,16363,0.0022287863201335663
1634,2.4526153042679653,0.001049415091983974,14.452230453491211,2,506907,33,32,105,0.12610971927642822,0.063083052635192871,0.00017797946929931641,23894,0.0037022483331642635
1635,2.4536737261805683,0.0010584219126030803,14.817014694213867,2,506907,33,32,105,0.1322091817855835,0.062811970710754395,7.6949596405029297e-05,27141,0.0046578160387541756
1636,2.4547060905024409,0.001032364321872592,15.230584144592285,2,506907,33,32,105,0.12833452224731445,0.061746299266815186,0.00015521049499511719,26250,0.0042130538478179604
1637,2.4557104221312329,0.0010043316287919879,14.930464744567871,2,506907,33,32,105,0.13748621940612793,0.059945821762084961,0.00017052888870239258,21985,0.0032282620731322051
1638,2.4567349420394748,0.0010245199082419276,14.77855396270752,2,506907,33,32,105,0.12465322017669678,0.061151981353759766,7.2479248046875e-05,15370,0.0022081609068409728
1639,2.4577699931105599,0.0010350510710850358,14.503247261047363,2,506907,33,32,105,0.12494957447052002,0.063494622707366943,0.0001627802848815918,20913,0.0029327691615434999
1640,2.4588246919447556,0.0010546988341957331,14.777145385742188,2,506907,33,32,105,0.12470602989196777,0.062069535255432129,0.00017499923706054688,27911,0.0046472516091486549
1641,2.4598598416196182,0.0010351496748626232,15.010756492614746,2,506907,33,32,105,0.11993408203125,0.062331557273864746,7.5876712799072266e-05,23909,0.0039798750946248105
1642,2.4608788813930005,0.0010190397733822465,15.154545783996582,2,506907,33,32,105,0.12314224243164062,0.060713231563568115,0.00015652179718017578,24594,0.0035647007005695144
1643,2.4618882522918284,0.0010093708988279104,14.934684753417969,2,506907,33,32,105,0.12425720691680908,0.060572385787963867,0.00017017126083374023,17863,0.0026303631480352617
1644,2.4629124826751649,0.001024230383336544,14.799628257751465,2,506907,33,32,105,0.12463951110839844,0.062144637107849121,7.2836875915527344e-05,18482,0.0026263102525294429
1645,2.4639460598118603,0.001033577136695385,14.565308570861816,2,506907,33,32,105,0.123829185962677,0.062567532062530518,0.00016307830810546875,24163,0.0034855483203430492
1646,2.4649962646653876,0.0010502048535272479,15.014582633972168,2,506907,33,32,105,0.12555611133575439,0.062189757823944092,0.00017458200454711914,25497,0.0040776811929213088
1647,2.4660150447161868,0.0010187800507992506,15.141233444213867,2,506907,33,32,105,0.12144315242767334,0.06235969066619873,7.6055526733398438e-05,24387,0.0040277270345896905
1648,2.467025303049013,0.0010102583328261971,14.992611885070801,2,506907,33,32,105,0.13295799493789673,0.060030758380889893,0.00015622377395629883,24615,0.0034300602039932502
1649,2.4680455761263147,0.001020273077301681,14.832212448120117,2,506907,33,32,105,0.12265443801879883,0.061399340629577637,0.00017154216766357422,15819,0.0023452538250699241
1650,2.4690768826985732,0.0010313065722584724,14.718327522277832,2,506907,33,32,105,0.12501227855682373,0.063280999660491943,7.4505805969238281e-05,21824,0.0032227504345425277
1651,2.4701161690754816,0.0010392863769084215,14.826127052307129,2,506907,33,32,105,0.12904340028762817,0.061894774436950684,0.00016188621520996094,27632,0.0043027352878485239
1652,2.4711478989338502,0.0010317298583686352,15.128024101257324,2,506907,33,32,105,0.12303590774536133,0.061876177787780762,0.00017523765563964844,23244,0.0037429530523386319
1653,2.4721590394619852,0.0010111405281350017,15.222784996032715,2,506907,33,32,105,0.12145024538040161,0.061539232730865479,7.5995922088623047e-05,23059,0.0034858330136143694
1654,2.4731638856464997,0.0010048461845144629,14.965025901794434,2,506907,33,32,105,0.14211732149124146,0.060284674167633057,0.00015699863433837891,20954,0.0028559763411493406
1655,2.4741860394133255,0.0010221537668257952,14.895549774169922,2,506907,33,32,105,0.12422609329223633,0.061883389949798584,0.00017303228378295898,17629,0.0025531979311595203
1656,2.4752129607368261,0.0010269213235005736,14.746242523193359,2,506907,33,32,105,0.12420177459716797,0.063190937042236328,7.5042247772216797e-05,23425,0.0035306706701820042
1657,2.4762502798112109,0.0010373190743848681,14.989632606506348,2,506907,33,32,105,0.12742096185684204,0.061675667762756348,0.00016230344772338867,27792,0.0042312971040702491
1658,2.4772707556840032,0.0010204758727923036,15.141959190368652,2,506907,33,32,105,0.11844956874847412,0.062046647071838379,0.0001767277717590332,23032,0.0036838496431563202
1659,2.4782809657044709,0.001010210020467639,15.046722412109375,2,506907,33,32,105,0.12493610382080078,0.061259865760803223,7.5876712799072266e-05,23423,0.0034322189462410195
1660,2.4792975697200745,0.0010166040156036615,14.834274291992188,2,506907,33,32,105,0.12965017557144165,0.060998260974884033,0.00016099214553833008,20087,0.0027415725446891248
1661,2.4803287329850718,0.0010311632649973035,14.855801582336426,2,506907,33,32,105,0.12822127342224121,0.06275475025177002,0.00017666816711425781,20790,0.0030857571971103187
1662,2.4813584019429982,0.001029668957926333,14.731060981750488,2,506907,33,32,105,0.12200057506561279,0.062667489051818848,7.4625015258789062e-05,25983,0.0040917837503680705
1663,2.4823967900592834,0.0010383881162852049,15.016277313232422,2,506907,33,32,105,0.12423712015151978,0.061494290828704834,0.00016510486602783203,25893,0.0038692345324488888
1664,2.48341545520816,0.0010186651488766074,15.012356758117676,2,506907,33,32,105,0.12433016300201416,0.06219017505645752,0.00018012523651123047,22454,0.0035088369519401916
1665,2.484434386366047,0.001018931157886982,14.662004470825195,2,506907,33,32,105,0.12903356552124023,0.061229705810546875,7.5280666351318359e-05,23974,0.0034444916522777132
1666,2.4854776650900021,0.0010432787239551544,14.48702335357666,2,506907,33,32,105,0.12098085880279541,0.061976075172424316,0.00016844272613525391,20282,0.0028264523473748894
1667,2.4865335450740531,0.0010558799840509892,14.558388710021973,2,506907,33,32,105,0.13270020484924316,0.063942074775695801,0.00018298625946044922,23964,0.0038900737993117765
1668,2.4875842491164804,0.0010507040424272418,14.664387702941895,2,506907,33,32,105,0.12092697620391846,0.062398910522460938,7.3790550231933594e-05,29404,0.0050331624605368152
1669,2.4886273583397269,0.0010431092232465744,14.954323768615723,2,506907,33,32,105,0.12085843086242676,0.061147928237915039,0.00016945600509643555,24831,0.0037873387310026598
1670,2.4896502436604351,0.0010228853207081556,14.807625770568848,2,506907,33,32,105,0.11860382556915283,0.061531484127044678,0.00018358230590820312,20706,0.003115205039127017
1671,2.4906832625856623,0.0010330189252272248,14.298624038696289,2,506907,33,32,105,0.14131319522857666,0.061255335807800293,7.4326992034912109e-05,21099,0.0029360467090058578
1672,2.4917530548991635,0.0010697923135012388,14.091790199279785,2,506907,33,32,105,0.12162637710571289,0.063002586364746094,0.00017654895782470703,20869,0.0029691309490007282
1673,2.4928385491948575,0.001085494295693934,14.306015014648438,2,506907,33,32,105,0.12743330001831055,0.064494967460632324,0.00018894672393798828,26371,0.0046464816959712824
1674,2.4939077887684107,0.0010692395735532045,14.624493598937988,2,506907,33,32,105,0.12387847900390625,0.06235659122467041,7.3075294494628906e-05,31407,0.0056418272845717753
1675,2.4949537435313687,0.0010459547629579902,14.947011947631836,2,506907,33,32,105,0.12405705451965332,0.060453116893768311,0.00017309188842773438,24678,0.0037813085109361781
1676,2.49597712920513,0.0010233856737613678,14.548710823059082,2,506907,33,32,105,0.11996102333068848,0.060732722282409668,0.00018650293350219727,17455,0.0026179212121381005
1677,2.4970285322051495,0.0010514030000194907,13.993301391601562,2,506907,33,32,105,0.14688563346862793,0.061454653739929199,7.3194503784179688e-05,17585,0.002381785674359429
1678,2.498121666489169,0.0010931342840194702,13.847126960754395,2,506907,33,32,105,0.12553036212921143,0.063958883285522461,0.00018417835235595703,22038,0.0032682709943607771
1679,2.4992263402091339,0.0011046737199649215,14.094076156616211,2,506907,33,32,105,0.12698173522949219,0.064321517944335938,0.0001926422119140625,28814,0.0054821658191190371
1680,2.5003116584848613,0.0010853182757273316,14.462510108947754,2,506907,33,32,105,0.12568140029907227,0.062029004096984863,7.1704387664794922e-05,31281,0.0055237132197096259
1681,2.5013693281216547,0.0010576696367934346,14.693292617797852,2,506907,33,32,105,0.1271512508392334,0.060470104217529297,0.00017940998077392578,23319,0.003586963330313271
1682,2.5024103852920234,0.001041057170368731,14.204423904418945,2,506907,33,32,105,0.11628192663192749,0.060791492462158203,0.00018930435180664062,17384,0.0025846353812603792
1683,2.5034872721880674,0.0010768868960440159,13.678976058959961,2,506907,33,32,105,0.1402890682220459,0.061864256858825684,7.2479248046875e-05,17950,0.0024182982976804564
1684,2.5046055252896622,0.0011182531015947461,13.65634822845459,2,506907,33,32,105,0.1277846097946167,0.064419388771057129,0.00019204616546630859,23468,0.0036406562889890765
1685,2.5057256313739344,0.0011201060842722654,13.694360733032227,2,506907,33,32,105,0.12453043460845947,0.064095139503479004,0.00019508600234985352,30182,0.005904902930119962
1686,2.5068426282377914,0.0011169968638569117,14.293224334716797,2,506907,33,32,105,0.12436819076538086,0.061855912208557129,7.0333480834960938e-05,30842,0.0052820334662909956
1687,2.50791282474529,0.0010701965074986219,14.472753524780273,2,506907,33,32,105,0.12849438190460205,0.061067402362823486,0.00018668174743652344,23022,0.0036794879784503359
1688,2.5089697458315641,0.0010569210862740874,13.922523498535156,2,506907,33,32,105,0.13557153940200806,0.059955000877380371,0.00018906593322753906,19132,0.0028461921574656607
1689,2.5100684373173863,0.0010986914858222008,13.33326244354248,2,506907,33,32,105,0.13321936130523682,0.062078535556793213,7.2181224822998047e-05,14951,0.0021052738661104663
1690,2.5112156852846965,0.0011472479673102498,13.340926170349121,2,506907,33,32,105,0.127738356590271,0.065315365791320801,0.00020182132720947266,24015,0.0038187253270330775
1691,2.5123622742248699,0.0011465889401733875,13.502685546875,2,506978,35,33,105,0.1267925500869751,0.0638924241065979,0.00019609928131103516,32268,0.0067216518160232311
1692,2.5134951272048056,0.0011328529799357057,14.235123634338379,2,506978,35,33,105,0.11918795108795166,0.061509966850280762,6.9677829742431641e-05,29625,0.0052792203752357342
1693,2.5145696916151792,0.0010745644103735685,14.265082359313965,2,506907,33,32,105,0.12983477115631104,0.060501456260681152,0.00019276142120361328,21674,0.0034545032325612539
1694,2.5156419993145391,0.0010723076993599534,13.588312149047852,2,506978,35,33,105,0.15144312381744385,0.059565842151641846,0.00018858909606933594,16499,0.0024564548110120044
1695,2.5167677137069404,0.001125714392401278,13.356207847595215,2,506978,35,33,105,0.12348747253417969,0.063023149967193604,7.3254108428955078e-05,14230,0.0020248114493738372
1696,2.5179129907628521,0.0011452770559117198,13.411189079284668,2,506978,35,33,105,0.13377654552459717,0.064977705478668213,0.00020527839660644531,26556,0.004575372020874306
1697,2.5190535725560039,0.0011405817931517959,13.941585540771484,2,506978,35,33,105,0.13358521461486816,0.061985254287719727,0.00019049644470214844,32928,0.0062032831843150879
1698,2.5201507618185133,0.001097189262509346,14.67137622833252,2,506978,35,33,105,0.11805510520935059,0.060712516307830811,6.9320201873779297e-05,23435,0.0038385878453737654
1699,2.5211933741811663,0.001042612362653017,14.493231773376465,2,506978,35,33,105,0.12096977233886719,0.059233188629150391,0.00019150972366333008,17879,0.0027404798194938947
1700,2.522248801891692,0.0010554277105256915,14.026473045349121,2,506978,35,33,105,0.13651633262634277,0.059400677680969238,0.00018358230590820312,12501,0.0017798389328260197
1701,2.523339351057075,0.0010905491653829813,13.736967086791992,2,506978,35,33,105,0.1258729100227356,0.063397407531738281,7.2956085205078125e-05,15112,0.0020886079316338336
1702,2.5244528835173696,0.0011135324602946639,13.795670509338379,2,506978,35,33,105,0.12791705131530762,0.063089966773986816,0.00020146369934082031,27984,0.0045189394314596896
1703,2.5255616776412353,0.001108794123865664,14.452670097351074,2,506978,35,33,105,0.12817144393920898,0.062046647071838379,0.00018620491027832031,27225,0.0047303670601905453
1704,2.5266200674232095,0.001058389781974256,15.154703140258789,2,506978,35,33,105,0.11760985851287842,0.0609244704246521,6.8902969360351562e-05,24070,0.0038352748237567577
1705,2.5276294278446585,0.001009360421448946,14.831117630004883,2,506978,35,33,105,0.12297046184539795,0.058558762073516846,0.00018715858459472656,18213,0.0026745517877273745
1706,2.5286608105525374,0.0010313827078789473,14.457888603210449,2,506978,35,33,105,0.12824529409408569,0.059633970260620117,0.00018048286437988281,11049,0.001506038673834711
1707,2.5297188182594255,0.00105800770688802,14.191612243652344,2,506978,35,33,105,0.12660890817642212,0.063792586326599121,7.2360038757324219e-05,16715,0.0022555695979240612
1708,2.5307966773398221,0.0010778590803965926,14.346187591552734,2,506978,35,33,105,0.12496829032897949,0.062101483345031738,0.00019508600234985352,29405,0.0047847134262317794
1709,2.5318629228277132,0.0010662454878911376,15.001786231994629,2,506978,35,33,105,0.12311017513275146,0.061845779418945312,0.00018250942230224609,23894,0.003976230460611521
1710,2.5328825719188899,0.0010196490911766887,15.523172378540039,2,506978,35,33,105,0.11624550819396973,0.060755074024200439,6.8426132202148438e-05,23305,0.0034688559455557898
1711,2.5338679734850302,0.00098540156614035368,15.12859058380127,2,506978,35,33,105,0.12673425674438477,0.058536887168884277,0.00018358230590820312,17299,0.0024054115674688467
1712,2.5348790761781856,0.0010111026931554079,14.834136009216309,2,506978,35,33,105,0.12827622890472412,0.060412824153900146,0.000179290771484375,11685,0.0015402540768836386
1713,2.5359102489892393,0.0010311728110536933,14.628152847290039,2,506978,35,33,105,0.1241912841796875,0.063699007034301758,7.1763992309570312e-05,19573,0.002661772939456498
1714,2.5369559420505539,0.0010456930613145232,14.729198455810547,2,506978,35,33,105,0.12346160411834717,0.061604917049407959,0.00018960237503051758,29591,0.0046796919865526726
1715,2.5379944614833221,0.0010385194327682257,15.425000190734863,2,506978,35,33,105,0.11939167976379395,0.061981797218322754,0.00018048286437988281,22757,0.0036313831929109495
1716,2.5389861345756799,0.00099167309235781431,15.768978118896484,2,506978,35,33,105,0.10926496982574463,0.060992240905761719,6.8902969360351562e-05,23686,0.003463634947175223
1717,2.5399561757221818,0.00097004114650189877,15.450785636901855,2,506978,35,33,105,0.12562602758407593,0.058309614658355713,0.00018024444580078125,18069,0.0024232007919135997
1718,2.5409461938543245,0.00099001813214272261,15.170247077941895,2,506978,35,33,105,0.12768203020095825,0.061074256896972656,0.00017976760864257812,12018,0.0015825083075763273
1719,2.5419545200420544,0.0010083261877298355,14.963142395019531,2,506978,35,33,105,0.12013286352157593,0.06343454122543335,7.1406364440917969e-05,21231,0.0028657684535915626
1720,2.5429768024478108,0.0010222824057564139,15.010507583618164,2,506978,35,33,105,0.12379598617553711,0.061218678951263428,0.00018590688705444336,28793,0.0043673341510279918
1721,2.5439958591014147,0.0010190566536039114,15.713264465332031,2,506978,35,33,105,0.11755764484405518,0.062349975109100342,0.00018107891082763672,22240,0.0034998158490464116
1722,2.5449693396803923,0.00097348057897761464,15.84047794342041,2,506978,35,33,105,0.11082088947296143,0.061231553554534912,6.9499015808105469e-05,24758,0.0036149734409567551
1723,2.545935002330225,0.00096566264983266592,15.523724555969238,2,506978,35,33,105,0.12076586484909058,0.058305621147155762,0.000179290771484375,18860,0.0024661016384310138
1724,2.5469203688553534,0.00098536652512848377,15.345147132873535,2,506978,35,33,105,0.12377059459686279,0.062084674835205078,0.00018274784088134766,12863,0.0017323723328145444
1725,2.5479172024060972,0.00099683355074375868,15.186825752258301,2,506978,35,33,105,0.115195631980896,0.063373863697052002,7.2002410888671875e-05,24069,0.0034211779140334926
1726,2.5489244278869592,0.0010072254808619618,15.324729919433594,2,506978,35,33,105,0.12556743621826172,0.06064760684967041,0.00018274784088134766,28717,0.0042087649061406437
1727,2.5499225895036943,0.00099816161673516035,15.799182891845703,2,506978,35,33,105,0.11587345600128174,0.062323331832885742,0.00018340349197387695,20964,0.0031913118295756153
1728,2.5508907761541195,0.00096818665042519569,16.048934936523438,2,506978,35,33,105,0.11219263076782227,0.06129908561706543,7.0333480834960938e-05,24585,0.0034004525677467741
1729,2.5518438959843479,0.00095311983022838831,15.647763252258301,2,506978,35,33,105,0.13959026336669922,0.058618068695068359,0.00017774105072021484,19310,0.0024697320403140226
1730,2.5528214515070431,0.00097755552269518375,15.484786987304688,2,506978,35,33,105,0.11841928958892822,0.062054872512817383,0.00018382072448730469,14150,0.0019117129597668377
1731,2.5538092958158813,0.00098784430883824825,15.354245185852051,2,506978,35,33,105,0.11449825763702393,0.063604474067687988,7.3075294494628906e-05,23795,0.0032969117209792832
1732,2.5548055387916975,0.00099624297581613064,15.545677185058594,2,506978,35,33,105,0.12697076797485352,0.060743212699890137,0.00018060207366943359,29603,0.0043714150310845508
1733,2.5557895138044842,0.00098397501278668642,15.945918083190918,2,506978,35,33,105,0.11996221542358398,0.062162220478057861,0.00018388032913208008,21532,0.0032599084167184104
1734,2.5567487911321223,0.00095927732763811946,15.95014476776123,2,506978,35,33,105,0.11523318290710449,0.061193346977233887,7.152557373046875e-05,23809,0.0031684407042467401
1735,2.5577078142669052,0.00095902313478291035,15.617903709411621,2,506978,35,33,105,0.14398777484893799,0.059355378150939941,0.00017917156219482422,18810,0.0023965234597746262
1736,2.5586872388375923,0.00097942457068711519,15.508844375610352,2,506978,35,33,105,0.11882627010345459,0.062927782535552979,0.00018727779388427734,16636,0.0022729834370170585
1737,2.5596735507715493,0.00098631193395704031,15.408785820007324,2,506978,35,33,105,0.11623275279998779,0.063189685344696045,7.4148178100585938e-05,26540,0.0038569642725671217
1738,2.560666267410852,0.00099271663930267096,15.658601760864258,2,506978,35,33,105,0.11859309673309326,0.060858011245727539,0.00018066167831420898,28130,0.0040293985922155431
1739,2.5616431463276967,0.00097687891684472561,15.955897331237793,2,506978,35,33,105,0.12183451652526855,0.062207520008087158,0.00018697977066040039,21321,0.0032241475193323025
1740,2.5626018237089738,0.00095867738127708435,15.715695381164551,2,506978,35,33,105,0.12148255109786987,0.061058998107910156,7.2598457336425781e-05,23879,0.0031347119081025789
1741,2.5635751537047327,0.0009733299957588315,15.406526565551758,2,506978,35,33,105,0.13282924890518188,0.060118436813354492,0.00018334388732910156,18354,0.0023612950427987951
1742,2.5645680158631876,0.00099286215845495462,15.381904602050781,2,506978,35,33,105,0.12558114528656006,0.06390833854675293,0.00019347667694091797,19213,0.0027503792951093626
1743,2.5655624673236161,0.00099445146042853594,15.304237365722656,2,506978,35,33,105,0.11279952526092529,0.062940716743469238,7.534027099609375e-05,29686,0.0046678492878105271
1744,2.5665619655046612,0.00099949818104505539,15.670291900634766,2,506978,35,33,105,0.1160280704498291,0.060889482498168945,0.00018346309661865234,27115,0.0038815992988379413
1745,2.5675381156615913,0.000976150156930089,15.984071731567383,2,506978,35,33,105,0.12365365028381348,0.06213688850402832,0.00019252300262451172,20752,0.0031243701854188396
1746,2.5684951032162644,0.00095698755467310548,15.432660102844238,2,506978,35,33,105,0.15311813354492188,0.060495853424072266,7.3790550231933594e-05,23405,0.0030029244376122009
1747,2.5694862841046415,0.00099118088837713003,15.174848556518555,2,506978,35,33,105,0.11295545101165771,0.060564756393432617,0.00019001960754394531,16325,0.0021094032893751928
1748,2.5704943045857362,0.001008020481094718,15.186701774597168,2,506978,35,33,105,0.12289965152740479,0.065169334411621094,0.00020295381546020508,20673,0.0031442532703047634
1749,2.5715015383320861,0.0010072337463498116,15.253720283508301,2,506978,35,33,105,0.11287784576416016,0.062440395355224609,7.62939453125e-05,33393,0.0057579458910728557
1750,2.5725043466663919,0.0010028083343058825,15.718472480773926,2,506978,35,33,105,0.11493468284606934,0.060584068298339844,0.0001875758171081543,25011,0.0036302932988177897
1751,2.5734775047167204,0.00097315805032849312,15.752655029296875,2,506978,35,33,105,0.12363815307617188,0.061648368835449219,0.00019979476928710938,19431,0.0028433482991907476
1752,2.5744485510513186,0.00097104633459821343,15.125259399414062,2,506978,35,33,105,0.14801567792892456,0.060228228569030762,7.3909759521484375e-05,20660,0.002599145301166048
1753,2.5754598763305694,0.001011325279250741,15.029899597167969,2,506978,35,33,105,0.11320757865905762,0.061893284320831299,0.00019890069961547852,16686,0.0021724046364842028
1754,2.5764776181895286,0.001017741858959198,14.953387260437012,2,506978,35,33,105,0.1254807710647583,0.065073370933532715,0.00021094083786010742,23906,0.0039666197142867298
1755,2.5775005675386637,0.0010229493491351604,15.157832145690918,2,506978,35,33,105,0.11900663375854492,0.061677813529968262,7.5459480285644531e-05,34437,0.0056869469039778613
1756,2.5785097195766866,0.0010091520380228758,15.675741195678711,2,506978,35,33,105,0.11646902561187744,0.061195731163024902,0.00019568204879760742,22406,0.0033467966118867478
1757,2.5794855303829536,0.00097581080626696348,15.401063919067383,2,506978,35,33,105,0.13034737110137939,0.06119990348815918,0.00020611286163330078,20941,0.003040079374098574
1758,2.5804787446977571,0.0009932143148034811,14.928319931030273,2,506978,35,33,105,0.12240457534790039,0.059920668601989746,7.2419643402099609e-05,18116,0.0023027816918947566
1759,2.5815034117549658,0.0010246670572087169,14.806853294372559,2,506978,35,33,105,0.11460912227630615,0.063460111618041992,0.00020909309387207031,17164,0.0023532601151926209
1760,2.582536484580487,0.0010330728255212307,14.555731773376465,2,506978,35,33,105,0.12732791900634766,0.064256489276885986,0.0002155303955078125,27432,0.0047896579172879801
1761,2.5835873804753646,0.0010508958948776126,14.994107246398926,2,506978,35,33,105,0.12081253528594971,0.061667382717132568,7.3730945587158203e-05,32153,0.0050603478933916469
1762,2.584607551805675,0.0010201713303104043,15.548782348632812,2,506978,35,33,105,0.11840617656707764,0.06222236156463623,0.00020503997802734375,22903,0.0036457990067968026
1763,2.5855913303093985,0.00098377850372344255,15.010965347290039,2,506978,35,33,105,0.13288211822509766,0.060180902481079102,0.00020754337310791016,24194,0.0034822391917851878
1764,2.5866103558801115,0.0010190255707129836,14.747157096862793,2,506978,35,33,105,0.11693787574768066,0.059906065464019775,7.1048736572265625e-05,14168,0.0018599464918399975
1765,2.5876476105768234,0.0010372546967118979,14.408244132995605,2,506978,35,33,105,0.11908066272735596,0.064842820167541504,0.0002193450927734375,18155,0.0025977476469008793
1766,2.5887092637130991,0.0010616531362757087,14.333998680114746,2,506978,35,33,105,0.134429931640625,0.063022613525390625,0.00021380186080932617,31145,0.0056770670479973319
1767,2.5897764158435166,0.0010671521304175258,14.924847602844238,2,506978,35,33,105,0.12800383567810059,0.062257647514343262,7.343292236328125e-05,27110,0.0044209481232750508
1768,2.5908013213193044,0.0010249054757878184,15.164190292358398,2,506978,35,33,105,0.11988329887390137,0.061851263046264648,0.00021123886108398438,24536,0.0039403814925382252
1769,2.5918100503040478,0.0010087289847433567,14.597692489624023,2,506978,35,33,105,0.12752854824066162,0.05974113941192627,0.00020444393157958984,22005,0.0030426290801786075
1770,2.5928579253377393,0.0010478750336915255,14.35964298248291,2,506978,35,33,105,0.11845541000366211,0.061590850353240967,7.4088573455810547e-05,13613,0.0018105860856582386
1771,2.5939231717493385,0.0010652464115992188,13.936944961547852,2,506978,35,33,105,0.12305974960327148,0.064983606338500977,0.00022560358047485352,22914,0.0035571565337846204
1772,2.5950207263231277,0.0010975545737892389,14.163281440734863,2,506978,35,33,105,0.14926111698150635,0.062823832035064697,0.00021088123321533203,32613,0.005887266918970715
1773,2.5961007414152846,0.0010800150921568274,14.780800819396973,2,506978,35,33,105,0.13736701011657715,0.062968254089355469,7.6174736022949219e-05,26208,0.0044706421805748532
1774,2.5971356350928545,0.0010348936775699258,14.54982852935791,2,506978,35,33,105,0.12012457847595215,0.060773134231567383,0.00021249055862426758,26655,0.0041941016471365227
1775,2.5981869573006406,0.0010513222077861428,14.250897407531738,2,506978,35,33,105,0.12542033195495605,0.060111522674560547,0.00020146369934082031,17108,0.0023661924126805113
1776,2.5992603324120864,0.0010733751114457846,13.959959030151367,2,506978,35,33,105,0.11764752864837646,0.063791394233703613,7.8797340393066406e-05,16487,0.002234420254963768
1777,2.6003560776589438,0.0010957452468574047,13.73308277130127,2,506978,35,33,105,0.12280809879302979,0.063352406024932861,0.00022351741790771484,28847,0.0048037059912320271
1778,2.601469925022684,0.0011138473637402058,14.158354759216309,2,506978,35,33,105,0.146689772605896,0.062981843948364258,0.00020897388458251953,28179,0.0047662851623112472
1779,2.6025503159034997,0.0010803908808156848,14.362297058105469,2,506978,35,33,105,0.1320343017578125,0.062697529792785645,7.9929828643798828e-05,26713,0.0043754616212233269
1780,2.6036153654567897,0.0010650495532900095,13.85307502746582,2,506978,35,33,105,0.12250590324401855,0.060478091239929199,0.00021243095397949219,26147,0.0038036544613802184
1781,2.6047195649007335,0.0011041994439437985,13.638412475585938,2,506978,35,33,105,0.13080501556396484,0.062411785125732422,0.00020563602447509766,16928,0.0023362861233415227
1782,2.6058411439880729,0.0011215790873393416,13.357665061950684,2,506978,35,33,105,0.12510073184967041,0.065281987190246582,8.392333984375e-05,24982,0.0038809733085121995
1783,2.6069862961303443,0.0011451521422713995,13.411940574645996,2,506978,35,33,105,0.12474644184112549,0.062881231307983398,0.00022280216217041016,33060,0.0061190748564432526
1784,2.6081268140114844,0.0011405178811401129,13.897971153259277,2,506978,35,33,105,0.14723408222198486,0.063210964202880859,0.00021278858184814453,26378,0.0046291013763663617
1785,2.6092274464899674,0.0011006324784830213,13.629368782043457,2,506978,35,33,105,0.13783490657806396,0.061764419078826904,8.4102153778076172e-05,27736,0.0043924809716347534
1786,2.6103497698204592,0.0011223233304917812,13.310482025146484,2,506978,35,33,105,0.13303720951080322,0.060732662677764893,0.00021696090698242188,21668,0.0030902642239002119
1787,2.6114989812485874,0.0011492114281281829,13.069844245910645,2,506978,35,33,105,0.13468408584594727,0.064639091491699219,0.00021660327911376953,19328,0.0028281103660169372
1788,2.6126693516271189,0.0011703703785315156,12.889143943786621,2,506978,35,33,105,0.13598001003265381,0.064288794994354248,8.6665153503417969e-05,31421,0.0054526034009113765
1789,2.61385613004677,0.0011867784196510911,13.148813247680664,2,506978,35,33,105,0.13229525089263916,0.062959790229797363,0.00022727251052856445,31262,0.005470322392374178
1790,2.6150194713845849,0.0011633413378149271,13.312088966369629,2,506978,35,33,105,0.14825725555419922,0.063150405883789062,0.00022220611572265625,26679,0.0046636110969601107
1791,2.6161685440456495,0.0011490726610645652,12.752401351928711,2,506978,35,33,105,0.138863205909729,0.061492323875427246,8.6128711700439453e-05,28140,0.0042336307132628025
1792,2.6173680481733754,0.0011995041277259588,12.458530426025391,2,506978,35,33,105,0.15706348419189453,0.062739729881286621,0.00023150444030761719,20757,0.0029917838332236052
1793,2.6185958461137488,0.0012277979403734207,12.226892471313477,2,506978,35,33,105,0.14782440662384033,0.066439390182495117,0.00023126602172851562,25863,0.0044948675473015023
1794,2.6198469046503305,0.0012510585365816951,12.26541805267334,2,506978,35,33,105,0.14034509658813477,0.064059257507324219,8.8334083557128906e-05,36177,0.0073959287974221409
1795,2.621094033587724,0.0012471289373934269,12.702469825744629,2,506978,35,33,105,0.15324699878692627,0.063168525695800781,0.00023865699768066406,30253,0.0056053386111731707
1796,2.6222982527688146,0.0012042191810905933,12.425668716430664,2,506978,35,33,105,0.15453422069549561,0.062110424041748047,0.00023287534713745117,27488,0.0047491465994808444
1797,2.6235292978817597,0.0012310451129451394,11.879855155944824,2,506978,35,33,105,0.13799798488616943,0.061447679996490479,8.678436279296875e-05,23220,0.0034429326567616556
1798,2.6248169026803225,0.0012876047985628247,11.48906135559082,2,506978,35,33,105,0.16729974746704102,0.065451920032501221,0.00025218725204467773,21392,0.0032777640444910505
1799,2.6261483045527712,0.0013314018724486232,11.410465240478516,2,506978,35,33,105,0.17451775074005127,0.066599369049072266,0.00024306774139404297,32554,0.0067007521516436611
1800,2.6274888772750273,0.0013405727222561836,11.522607803344727,2,506978,35,33,105,0.1573798656463623,0.064263105392456055,9.0479850769042969e-05,37417,0.0080835254532144393
1801,2.6288164029829204,0.0013275257078930736,11.684980392456055,2,506978,35,33,105,0.14928531646728516,0.063095033168792725,0.00025534629821777344,30888,0.0059335071039929091
1802,2.6301254816353321,0.0013090786524116993,11.519468307495117,2,506843,38,31,105,0.15262138843536377,0.062554717063903809,0.00024336576461791992,27639,0.0047242037309502749
1803,2.6314533691620454,0.0013278875267133117,11.717910766601562,2,506843,38,31,105,0.14154434204101562,0.062591433525085449,9.0718269348144531e-05,25514,0.0038719005164499841
1804,2.6327587689738721,0.0013053998118266463,11.800354957580566,2,506843,38,31,105,0.14535987377166748,0.063376307487487793,0.00025296211242675781,25551,0.0042407079364221115
1805,2.6340550484601408,0.0012962794862687588,11.900595664978027,2,506843,38,31,105,0.16600823402404785,0.061718463897705078,0.00023806095123291016,29127,0.0046258770120027005
1806,2.6353404091205448,0.0012853606604039669,12.017664909362793,2,506843,38,31,105,0.14852380752563477,0.061979889869689941,9.059906005859375e-05,21753,0.0034384947779513841
1807,2.6366132486145943,0.0012728394940495491,12.080373764038086,2,506843,38,31,105,0.14597666263580322,0.062511086463928223,0.00025236606597900391,22977,0.0035828923207400017
1808,2.6378794808406383,0.0012662322260439396,12.301308631896973,2,506843,38,31,105,0.14014840126037598,0.062065303325653076,0.00023877620697021484,25276,0.003895449738056762
1809,2.6391229711007327,0.0012434902600944042,12.539340019226074,2,506843,38,31,105,0.14704298973083496,0.061898291110992432,9.1314315795898438e-05,23504,0.0035860541584575609
1810,2.6403428565245122,0.0012198854237794876,12.653831481933594,2,506843,38,31,105,0.13390719890594482,0.061270594596862793,0.00024175643920898438,22491,0.0033744935804630471
1811,2.6415517044952139,0.0012088479707017541,12.663284301757812,2,506843,38,31,105,0.15588557720184326,0.061294496059417725,0.00023329257965087891,19740,0.0029560949632278974
1812,2.6427596500143409,0.0012079455191269517,12.842671394348145,2,506843,38,31,105,0.1450120210647583,0.062070488929748535,9.0956687927246094e-05,20182,0.0029351521855796592
1813,2.6439507228787988,0.0011910728644579649,12.714377403259277,2,506843,38,31,105,0.13260984420776367,0.06204146146774292,0.00024169683456420898,23643,0.0034846649863667597
1814,2.6451538142282516,0.001203091349452734,13.010112762451172,2,506843,38,31,105,0.1437067985534668,0.061876058578491211,0.00023329257965087891,23282,0.0034528557878703179
1815,2.6463295578723773,0.0011757436441257596,13.249302864074707,2,506843,38,31,105,0.14874064922332764,0.062587141990661621,9.34600830078125e-05,23030,0.0035064391754370213
1816,2.6474840758601204,0.0011545179877430201,13.303531646728516,2,506843,38,31,105,0.14797848463058472,0.060705661773681641,0.0002307891845703125,25609,0.0036808160872833662
1817,2.6486338876420632,0.0011498117819428444,13.330546379089355,2,506843,38,31,105,0.14519703388214111,0.06110227108001709,0.00022804737091064453,18273,0.0026407950798352669
1818,2.6497813693713397,0.0011474817292764783,13.469142913818359,2,506843,38,31,105,0.13815319538116455,0.062444090843200684,9.3579292297363281e-05,19906,0.0027944685584305692
1819,2.6509170435601845,0.0011356741888448596,13.362258911132812,2,506843,38,31,105,0.12522625923156738,0.061644434928894043,0.00023090839385986328,25019,0.0035736462919809774
1820,2.6520618019858375,0.0011447584256529808,13.62025260925293,2,506843,38,31,105,0.12931168079376221,0.061777830123901367,0.00022912025451660156,22082,0.0031887834701637471
1821,2.6531848764279857,0.0011230744421482086,13.85460376739502,2,506843,38,31,105,0.14097988605499268,0.062630176544189453,9.6142292022705078e-05,22874,0.0033266356871606072
1822,2.6542889541015029,0.0011040776735171676,13.78697395324707,2,506843,38,31,105,0.1538282036781311,0.060594677925109863,0.00022149085998535156,25836,0.0035542757662600406
1823,2.6553984476486221,0.0011094935471192002,13.897671699523926,2,506843,38,31,105,0.13092303276062012,0.061270296573638916,0.00022447109222412109,18332,0.0025534435604925316
1824,2.6564991037594154,0.0011006561107933521,13.946048736572266,2,506843,38,31,105,0.13726615905761719,0.06279444694519043,9.7036361694335938e-05,20955,0.0029003518132470615
1825,2.6575959419133142,0.001096838153898716,13.858135223388672,2,506843,38,31,105,0.11943113803863525,0.061178863048553467,0.00022184848785400391,26480,0.003641874175468953
1826,2.6586997382109985,0.0011037962976843119,14.03688907623291,2,506843,38,31,105,0.12617695331573486,0.062046408653259277,0.0002269744873046875,20914,0.0029726475848219692
1827,2.6597894780570641,0.0010897398460656404,14.194253921508789,2,506843,38,31,105,0.13280153274536133,0.062751889228820801,9.9539756774902344e-05,23730,0.0034226257618594946
1828,2.6608671365538612,0.0010776584967970848,14.154803276062012,2,506843,38,31,105,0.15113574266433716,0.060775101184844971,0.00021493434906005859,26408,0.0035905784102238667
1829,2.6619477985659614,0.0010806620121002197,14.364883422851562,2,506843,38,31,105,0.12809908390045166,0.061600685119628906,0.00022363662719726562,19375,0.0026908364473217624
1830,2.6630126563832164,0.0010648578172549605,14.293488502502441,2,506843,38,31,105,0.12944197654724121,0.062437057495117188,0.00010037422180175781,22027,0.0030273393945967337
1831,2.6640828331001103,0.0010701767168939114,14.19398021697998,2,506843,38,31,105,0.11523890495300293,0.060782194137573242,0.00021570920944213867,24913,0.0032672516757831873
1832,2.6651605123188347,0.00107767921872437,14.296727180480957,2,506843,38,31,105,0.12647128105163574,0.062683701515197754,0.00022816658020019531,20068,0.0028247764567269316
1833,2.6662304465426132,0.0010699342237785459,14.462944030761719,2,506843,38,31,105,0.1312255859375,0.062838077545166016,0.00010311603546142578,25854,0.0037694428552185726
1834,2.6672880845144391,0.0010576379718258977,14.366199493408203,2,506843,38,31,105,0.15248560905456543,0.060792028903961182,0.00020956993103027344,26772,0.0036536027512609091
1835,2.6683528447756544,0.0010647602612152696,14.67243766784668,2,506843,38,31,105,0.12322485446929932,0.061918020248413086,0.00022494792938232422,19536,0.0027149964655265144
1836,2.6693953817011788,0.0010425369255244732,14.508904457092285,2,506843,38,31,105,0.12443077564239502,0.062500536441802979,0.00010478496551513672,23110,0.0031598036691624274
1837,2.6704496693564579,0.0010542876552790403,14.483232498168945,2,506843,38,31,105,0.11419212818145752,0.060395717620849609,0.00021064281463623047,25239,0.0032120446533475022
1838,2.6715058257104829,0.0010561563540250063,14.490993499755859,2,506843,38,31,105,0.12630748748779297,0.063004195690155029,0.00023066997528076172,19179,0.0026822416342520577
1839,2.6725614164024591,0.0010555906919762492,14.682634353637695,2,506843,38,31,105,0.12713897228240967,0.062692940235137939,0.0001068115234375,27193,0.0038611523407752549
1840,2.6736032293410972,0.0010418129386380315,14.486132621765137,2,506843,38,31,105,0.15417104959487915,0.060919046401977539,0.00020563602447509766,26043,0.0035520551387900824
1841,2.6746591742848977,0.0010559449438005686,14.89551830291748,2,506843,38,31,105,0.12401831150054932,0.062265217304229736,0.00022721290588378906,20180,0.0027643603708704134
1842,2.6756860978202894,0.0010269235353916883,14.66920280456543,2,506843,38,31,105,0.12228798866271973,0.062648415565490723,0.00010931491851806641,24341,0.0033298787604727664
1843,2.6767288646660745,0.0010427668457850814,14.664950370788574,2,506843,38,31,105,0.11418139934539795,0.059962928295135498,0.00020617246627807617,26092,0.0032509199520559455
1844,2.6777719338424504,0.0010430691763758659,14.60936450958252,2,506843,38,31,105,0.12329649925231934,0.06327974796295166,0.0002339482307434082,18256,0.0025491202668214905
1845,2.6788189717335626,0.001047037891112268,14.749224662780762,2,506843,38,31,105,0.1240575909614563,0.062731385231018066,0.00011122226715087891,28457,0.0039888235068348777
1846,2.6798560810275376,0.001037109293974936,14.514897346496582,2,506843,38,31,105,0.15188121795654297,0.060987174510955811,0.0002028346061706543,26181,0.0035942122348049791
1847,2.680909933289513,0.0010538522619754076,14.910065650939941,2,506843,38,31,105,0.13218295574188232,0.062721729278564453,0.00023126602172851562,20722,0.002885226767698295
1848,2.6819358548382297,0.0010259215487167239,14.709763526916504,2,506843,38,31,105,0.12691164016723633,0.062824666500091553,0.00011396408081054688,26071,0.0036061785328953505
1849,2.682975746341981,0.0010398915037512779,14.765083312988281,2,506843,38,31,105,0.12449610233306885,0.059931278228759766,0.00020337104797363281,27058,0.0033705560301586267
1850,2.6840117417741567,0.0010359954321756959,14.706179618835449,2,506843,38,31,105,0.13620352745056152,0.063217580318450928,0.00023746490478515625,18205,0.0025516560468660109
1851,2.6850518867140636,0.0010401449399068952,14.599440574645996,2,506843,38,31,105,0.13802516460418701,0.062527775764465332,0.00011551380157470703,28426,0.0038505019077617417
1852,2.6860996363684535,0.0010477496543899179,14.365680694580078,2,506843,38,31,105,0.14203238487243652,0.061293721199035645,0.00020337104797363281,25360,0.0034118997461940583
1853,2.687164435046725,0.0010647986782714725,14.710901260375977,2,506843,38,31,105,0.15451896190643311,0.063856720924377441,0.0002390742301940918,21966,0.0032486617101245294
1854,2.6882042461074889,0.0010398110607638955,15.955209732055664,2,7141,34,34,1,0.12810385227203369,0.062872171401977539,0.00011837482452392578,30279,0.0044904032545242051
1855,2.6891629648162052,0.00095871870871633291,16.665525436401367,2,7141,34,34,1,0.14940625429153442,0.057609260082244873,0.00018543004989624023,27228,0.0034895752646228444
1856,2.6900808211648837,0.00091785634867846966,16.275665283203125,2,7141,34,34,1,0.18377906084060669,0.056595742702484131,0.00022035837173461914,10793,0.0014042976212501671
1857,2.6910206634202041,0.0009398422553204,16.407440185546875,2,7141,34,34,1,0.17398834228515625,0.06057286262512207,0.00011444091796875,5922,0.00073920990000407181
1858,2.6919529574224725,0.00093229400226846337,18.485214233398438,2,7141,34,34,1,0.13410460948944092,0.060695648193359375,0.00018727779388427734,16739,0.0018984107022819456
1859,2.6927804597653449,0.00082750234287232161,21.336980819702148,2,7141,34,34,1,0.13744771480560303,0.054134845733642578,0.0002117156982421875,20285,0.0025932577144969614
1860,2.69349736336153,0.00071690359618514776,23.442115783691406,2,7141,34,34,1,0.12017643451690674,0.050532698631286621,0.00010722875595092773,5202,0.00067167127941987416
1861,2.6941498880041763,0.00065252464264631271,24.461036682128906,2,7141,34,34,1,0.14179736375808716,0.050043046474456787,0.00014650821685791016,1076,0.00013481872775485167
1862,2.6947752318228595,0.00062534381868317723,24.467342376708984,2,7141,34,34,1,0.15446603298187256,0.049088954925537109,0.00019043684005737305,568,5.9428029647224333e-05
1863,2.6954004144645296,0.00062518264167010784,25.307872772216797,2,7141,34,34,1,0.1428673267364502,0.049659430980682373,0.00010317564010620117,1392,0.00012733286699130258
1864,2.6960048334440216,0.00060441897949203849,28.383701324462891,2,7141,34,34,1,0.11973315477371216,0.050310492515563965,0.0001404881477355957,1422,0.00017903267132074617
1865,2.6965437539038248,0.00053892045980319381,32.694915771484375,2,7141,34,34,1,0.11625957489013672,0.045374572277069092,0.00017726421356201172,1636,0.00019685347661784887
1866,2.6970116113079712,0.00046785740414634347,36.729827880859375,2,7141,34,34,1,0.1396978497505188,0.041484415531158447,9.7930431365966797e-05,952,0.00010590342015940394
1867,2.6974280727736186,0.00041646146564744413,39.289085388183594,2,7141,34,34,1,0.17813479900360107,0.040816009044647217,0.00010496377944946289,217,2.3707552584468995e-05
1868,2.6978174062969629,0.00038933352334424853,40.703033447265625,2,7141,34,34,1,0.20072686672210693,0.039352536201477051,0.00015366077423095703,89,1.0348514217161441e-05
1869,2.6981932150956709,0.00037580879870802164,43.924396514892578,2,7141,34,34,1,0.18433564901351929,0.038697242736816406,9.2923641204833984e-05,132,1.4896724001405683e-05
1870,2.6985414625087287,0.00034824741305783391,50.102157592773438,2,7141,34,34,1,0.14449203014373779,0.037977457046508789,9.0837478637695312e-05,129,1.3923302637675037e-05
1871,2.6988467698683962,0.00030530735966749489,57.374759674072266,2,7141,34,34,1,0.11808770895004272,0.034093499183654785,0.00013434886932373047,89,8.3812256977433348e-06
1872,2.6991133776609786,0.00026660779258236289,63.960872650146484,2,7141,34,34,1,0.12326276302337646,0.031588554382324219,8.4519386291503906e-05,32,6.1921133711069369e-06
