beginning_time_s,candidate,represented_dt_s,maximum_deviation,p95,tail_cells,tail_drained_m3,dynamics_passed,physical_valid,terminal_valid,token,next_available,suggested_dt_s,disposition,error
1.7705995632568374,0,0.0016462659696117043,0.25094103813171387,0.034367680549621582,13873,0.0033006740315252615,0,1,1,0,1,0.0016366583295166492,1,production realized manifold deviation exceeds the dynamics-validity bound
1.7705995632568374,1,0.0016366583295166492,0.25016367435455322,0.034265577793121338,13873,0.0033006725310460896,0,1,1,0,1,0.0016349888173863292,1,production realized manifold deviation exceeds the dynamics-validity bound
1.7705995632568374,2,0.0016349888173863292,0.25002837646447373,0.034263432025909424,13873,0.0033006722703883169,0,1,1,0,1,0.0016346992924809456,1,production realized manifold deviation exceeds the dynamics-validity bound
1.7705995632568374,3,0.0016346992924809456,0.25000495289507096,0.03426516056060791,13873,0.0033006722251070603,0,1,1,0,1,0.0016346486518159509,1,production realized manifold deviation exceeds the dynamics-validity bound
1.7705995632568374,4,0.0016346486518159509,0.25000085464235489,0.034264922142028809,13873,0.0033006722172308151,0,1,1,0,1,0.001634639804251492,1,production realized manifold deviation exceeds the dynamics-validity bound
1.7705995632568374,5,0.001634639804251492,0.25000019712739596,0.034264922142028809,13873,0.0033006722158803441,0,1,1,0,1,0.0016346377087756991,1,production realized manifold deviation exceeds the dynamics-validity bound
1.7705995632568374,6,0.0016346377087756991,0.25000007464089147,0.034264922142028809,13873,0.003300672215490171,0,1,1,0,1,0.0016346367774531245,1,production realized manifold deviation exceeds the dynamics-validity bound
1.7705995632568374,7,0.0016346367774531245,0.25000003508101365,0.034264683723449707,13873,0.003300672215442774,0,1,1,0,1,0.0016346363117918372,1,production realized manifold deviation exceeds the dynamics-validity bound
1.7755267315078527,0,0.0016462659696117043,0.25683993889928503,0.034687995910644531,14648,0.0034894908888256837,0,1,1,0,1,0.0015655156457796693,1,production realized manifold deviation exceeds the dynamics-validity bound
1.7755267315078527,1,0.0015655156457796693,0.25160176475563922,0.034063756465911865,14648,0.0034894938954313998,0,1,1,0,1,0.0015468312194570899,1,production realized manifold deviation exceeds the dynamics-validity bound
1.7755267315078527,2,0.0015468312194570899,0.25036914363174168,0.033926248550415039,14648,0.0034894945919711228,0,1,1,0,1,0.0015425371238961816,1,production realized manifold deviation exceeds the dynamics-validity bound
1.7755267315078527,3,0.0015425371238961816,0.25008480394654442,0.03387761116027832,14648,0.003489494752058995,0,1,1,0,1,0.0015415512025356293,1,production realized manifold deviation exceeds the dynamics-validity bound
1.7755267315078527,4,0.0015415512025356293,0.25001952433775898,0.033857464790344238,14648,0.0034894947888439434,0,1,1,0,1,0.0015413241926580667,1,production realized manifold deviation exceeds the dynamics-validity bound
1.7755267315078527,5,0.0015413241926580667,0.2500042936985396,0.033857464790344238,14648,0.00348949479727947,0,1,1,0,1,0.0015412741340696812,1,production realized manifold deviation exceeds the dynamics-validity bound
1.7755267315078527,6,0.0015412741340696812,0.25000084647694365,0.033858358860015869,14648,0.0034894947991571364,0,1,1,0,1,0.0015412641223520041,1,production realized manifold deviation exceeds the dynamics-validity bound
1.7755267315078527,7,0.0015412641223520041,0.25000040454390327,0.033858656883239746,14648,0.0034894947995457132,0,1,1,0,1,0.0015412593493238091,1,production realized manifold deviation exceeds the dynamics-validity bound
1.7755267315078527,8,0.0015412593493238091,0.25000006700493871,0.033858776092529297,14648,0.0034894947997543431,0,1,1,0,1,0.0015412584180012345,1,production realized manifold deviation exceeds the dynamics-validity bound
1.7803605218650773,0,0.0016462659696117043,0.26444839696019762,0.034400463104248047,17601,0.0050954821901428964,0,1,1,0,1,0.0015019037527963519,1,production realized manifold deviation exceeds the dynamics-validity bound
1.7803605218650773,1,0.0015019037527963519,0.25250780026391029,0.033637821674346924,17601,0.0050954523422064284,0,1,1,0,1,0.0014772579306736588,1,production realized manifold deviation exceeds the dynamics-validity bound
1.7803605218650773,2,0.0014772579306736588,0.25052833557128906,0.033483505249023438,17601,0.0050954472339208093,0,1,1,0,1,0.0014720837352797389,1,production realized manifold deviation exceeds the dynamics-validity bound
1.7803605218650773,3,0.0014720837352797389,0.25011166496494752,0.033455610275268555,17601,0.0050954461610868288,0,1,1,0,1,0.0014709908282384276,1,production realized manifold deviation exceeds the dynamics-validity bound
1.7803605218650773,4,0.0014709908282384276,0.2500227689743042,0.033431053161621094,17601,0.0050954459344785367,0,1,1,0,1,0.0014707678928971291,1,production realized manifold deviation exceeds the dynamics-validity bound
1.7803605218650773,5,0.0014707678928971291,0.25000445932970727,0.033434867858886719,17601,0.0050954458883010704,0,1,1,0,1,0.0014707241207361221,1,production realized manifold deviation exceeds the dynamics-validity bound
1.7803605218650773,6,0.0014707241207361221,0.25000087705137308,0.033435821533203125,17601,0.0050954458792385618,0,1,1,0,1,0.0014707153895869851,1,production realized manifold deviation exceeds the dynamics-validity bound
1.7803605218650773,7,0.0014707153895869851,0.25000018164850935,0.033435463905334473,17601,0.0050954458773908359,0,1,1,0,1,0.0014707135269418359,1,production realized manifold deviation exceeds the dynamics-validity bound
1.7803605218650773,8,0.0014707135269418359,0.2500000987007851,0.033435463905334473,17601,0.0050954458769971083,0,1,1,0,1,0.0014707124792039394,1,production realized manifold deviation exceeds the dynamics-validity bound
1.7850952839944512,0,0.0016462659696117043,0.26922965049743652,0.03439939022064209,19633,0.0065950305189428132,0,1,1,0,1,0.0014516584342345595,1,production realized manifold deviation exceeds the dynamics-validity bound
1.7850952839944512,1,0.0014516584342345595,0.25330483913421631,0.033732891082763672,19633,0.0065950536494041321,0,1,1,0,1,0.0014189659850671887,1,production realized manifold deviation exceeds the dynamics-validity bound
1.7850952839944512,2,0.0014189659850671887,0.25060639204044288,0.033601880073547363,19633,0.0065950575442504239,0,1,1,0,1,0.0014129924820736051,1,production realized manifold deviation exceeds the dynamics-validity bound
1.7850952839944512,3,0.0014129924820736051,0.25011341339595528,0.033561766147613525,19633,0.0065950582562394541,0,1,1,0,1,0.0014118760591372848,1,production realized manifold deviation exceeds the dynamics-validity bound
1.7850952839944512,4,0.0014118760591372848,0.25002121925354004,0.033550500869750977,19633,0.0065950583893537229,0,1,1,0,1,0.0014116670936346054,1,production realized manifold deviation exceeds the dynamics-validity bound
1.7850952839944512,5,0.0014116670936346054,0.25000381469726562,0.033556342124938965,19633,0.00659505841422046,0,1,1,0,1,0.0014116294914856553,1,production realized manifold deviation exceeds the dynamics-validity bound
1.7850952839944512,6,0.0014116294914856553,0.2500007152557373,0.033555328845977783,19633,0.006595058418682004,0,1,1,0,1,0.001411622273735702,1,production realized manifold deviation exceeds the dynamics-validity bound
1.7850952839944512,7,0.001411622273735702,0.25000011920928955,0.033555567264556885,19633,0.0065950584195619442,0,1,1,0,1,0.0014116209931671619,1,production realized manifold deviation exceeds the dynamics-validity bound
1.7897059540264308,0,0.0016462659696117043,0.26950371265411377,0.035861968994140625,21607,0.0076389595394916717,0,1,1,0,1,0.0014425180852413177,1,production realized manifold deviation exceeds the dynamics-validity bound
1.7897059540264308,1,0.0014425180852413177,0.25342478868319973,0.03572237491607666,21607,0.0076389055437523544,0,1,1,0,1,0.0014076064107939601,1,production realized manifold deviation exceeds the dynamics-validity bound
1.7897059540264308,2,0.0014076064107939601,0.25057971263936807,0.035772442817687988,21607,0.0076388962588480229,0,1,1,0,1,0.0014017214998602867,1,production realized manifold deviation exceeds the dynamics-validity bound
1.7897059540264308,3,0.0014017214998602867,0.25009739398956299,0.035785555839538574,21607,0.007638894692676034,0,1,1,0,1,0.0014007333666086197,1,production realized manifold deviation exceeds the dynamics-validity bound
1.7897059540264308,4,0.0014007333666086197,0.25001645088195801,0.035790026187896729,21607,0.0076388944296424763,0,1,1,0,1,0.0014005664270371199,1,production realized manifold deviation exceeds the dynamics-validity bound
1.7897059540264308,5,0.0014005664270371199,0.25000274181365967,0.03579401969909668,21607,0.0076388943852191962,0,1,1,0,1,0.0014005383709445596,1,production realized manifold deviation exceeds the dynamics-validity bound
1.7897059540264308,6,0.0014005383709445596,0.2500004768371582,0.035794615745544434,21607,0.0076388943777414998,0,1,1,0,1,0.001400533365085721,1,production realized manifold deviation exceeds the dynamics-validity bound
1.7942933400627226,0,0.0016462659696117043,0.26349222660064697,0.037823796272277832,23507,0.0080045313784669822,0,1,1,0,1,0.0015049787471070886,1,production realized manifold deviation exceeds the dynamics-validity bound
1.7942933400627226,1,0.0015049787471070886,0.25236095786894586,0.037960171699523926,23507,0.0080045419087134088,0,1,1,0,1,0.001480654813349247,1,production realized manifold deviation exceeds the dynamics-validity bound
1.7942933400627226,2,0.001480654813349247,0.25040115339183799,0.038039624691009521,23507,0.0080045437245003914,0,1,1,0,1,0.001476533361710608,1,production realized manifold deviation exceeds the dynamics-validity bound
1.7942933400627226,3,0.001476533361710608,0.25006783008575439,0.038082003593444824,23507,0.0080045440322256082,0,1,1,0,1,0.0014758367324247956,1,production realized manifold deviation exceeds the dynamics-validity bound
1.7942933400627226,4,0.0014758367324247956,0.25001144409179688,0.03808283805847168,23507,0.0080045440842369964,0,1,1,0,1,0.0014757191529497504,1,production realized manifold deviation exceeds the dynamics-validity bound
1.7942933400627226,5,0.0014757191529497504,0.25000202655792236,0.038083314895629883,23507,0.00800454409301995,0,1,1,0,1,0.0014756983146071434,1,production realized manifold deviation exceeds the dynamics-validity bound
1.7942933400627226,6,0.0014756983146071434,0.2500004768371582,0.038083434104919434,23507,0.0080045440946199722,0,1,1,0,1,0.0014756933087483048,1,production realized manifold deviation exceeds the dynamics-validity bound
1.7990385619923472,0,0.0016462659696117043,0.27140939235687256,0.037867546081542969,24632,0.0069952986435852793,0,1,1,0,1,0.0014119853731244802,1,production realized manifold deviation exceeds the dynamics-validity bound
1.7990385619923472,1,0.0014119853731244802,0.25490260124206543,0.038739919662475586,24632,0.0069952272210003288,0,1,1,0,1,0.001360300462692976,1,production realized manifold deviation exceeds the dynamics-validity bound
1.7990385619923472,2,0.001360300462692976,0.25099374869641,0.039112865924835205,24632,0.0069952113999739995,0,1,1,0,1,0.0013499039923772216,1,production realized manifold deviation exceeds the dynamics-validity bound
1.7990385619923472,3,0.0013499039923772216,0.25019967555999756,0.03921806812286377,24632,0.0069952082147608091,0,1,1,0,1,0.0013478181790560484,1,production realized manifold deviation exceeds the dynamics-validity bound
1.7990385619923472,4,0.0013478181790560484,0.25003994997274126,0.039239466190338135,24632,0.0069952075755453013,0,1,1,0,1,0.0013474009465426207,1,production realized manifold deviation exceeds the dynamics-validity bound
1.7990385619923472,5,0.0013474009465426207,0.25000810623168945,0.039240241050720215,24632,0.0069952074477406751,0,1,1,0,1,0.0013473161961883307,1,production realized manifold deviation exceeds the dynamics-validity bound
1.7990385619923472,6,0.0013473161961883307,0.25000144627984344,0.039242148399353027,24632,0.0069952074218045408,0,1,1,0,1,0.0013473009457811713,1,production realized manifold deviation exceeds the dynamics-validity bound
1.7990385619923472,7,0.0013473009457811713,0.25000035762786865,0.039242386817932129,24632,0.0069952074170763195,0,1,1,0,1,0.001347297104075551,1,production realized manifold deviation exceeds the dynamics-validity bound
1.8034981152741238,0,0.0016462659696117043,0.26897025482237669,0.041847586631774902,27047,0.010185618000365791,0,1,1,0,1,0.0014487926382571459,1,production realized manifold deviation exceeds the dynamics-validity bound
1.8034981152741238,1,0.0014487926382571459,0.25360000947699324,0.043079137802124023,27047,0.010185662860710643,0,1,1,0,1,0.001412262674421072,1,production realized manifold deviation exceeds the dynamics-validity bound
1.8034981152741238,2,0.001412262674421072,0.25065743923187256,0.043339192867279053,27047,0.010185671184883069,0,1,1,0,1,0.001405622810125351,1,production realized manifold deviation exceeds the dynamics-validity bound
1.8034981152741238,3,0.001405622810125351,0.25011924347439596,0.043404817581176758,27047,0.010185672698798134,0,1,1,0,1,0.0014044194249436259,1,production realized manifold deviation exceeds the dynamics-validity bound
1.8034981152741238,4,0.0014044194249436259,0.25002133744503219,0.043422579765319824,27047,0.010185672973099797,0,1,1,0,1,0.0014042040565982461,1,production realized manifold deviation exceeds the dynamics-validity bound
1.8034981152741238,5,0.0014042040565982461,0.2500039814760191,0.043422341346740723,27047,0.010185673022291277,0,1,1,0,1,0.001404163776896894,1,production realized manifold deviation exceeds the dynamics-validity bound
1.8034981152741238,6,0.001404163776896894,0.25000079327108438,0.043422698974609375,27047,0.010185673031461078,0,1,1,0,1,0.0014041556278243661,1,production realized manifold deviation exceeds the dynamics-validity bound
1.8034981152741238,7,0.0014041556278243661,0.25000013598561432,0.043422877788543701,27047,0.010185673033371154,0,1,1,0,1,0.0014041541144251823,1,production realized manifold deviation exceeds the dynamics-validity bound
1.8080931048607454,0,0.0016462659696117043,0.26510560512542725,0.044485211372375488,28586,0.0086255048667046186,0,1,1,0,1,0.0014788530534133315,1,production realized manifold deviation exceeds the dynamics-validity bound
1.8080931048607454,1,0.0014788530534133315,0.25394070148468018,0.045557975769042969,28586,0.0086254461801052885,0,1,1,0,1,0.0014364316593855619,1,production realized manifold deviation exceeds the dynamics-validity bound
1.8080931048607454,2,0.0014364316593855619,0.25084175246741869,0.045839190483093262,28586,0.0086254312608252011,0,1,1,0,1,0.0014274269342422485,1,production realized manifold deviation exceeds the dynamics-validity bound
1.8080931048607454,3,0.0014274269342422485,0.25017869472503662,0.045930743217468262,28586,0.00862542809149296,0,1,1,0,1,0.0014255177229642868,1,production realized manifold deviation exceeds the dynamics-validity bound
1.8080931048607454,4,0.0014255177229642868,0.2500375509262085,0.045953869819641113,28586,0.0086254274193535534,0,1,1,0,1,0.0014251165557652712,1,production realized manifold deviation exceeds the dynamics-validity bound
1.8080931048607454,5,0.0014251165557652712,0.25000791459803429,0.045954048633575439,28586,0.008625427278095895,0,1,1,0,1,0.001425031921826303,1,production realized manifold deviation exceeds the dynamics-validity bound
1.8080931048607454,6,0.001425031921826303,0.25000155135278268,0.045955181121826172,28586,0.0086254272482815583,0,1,1,0,1,0.0014250152744352818,1,production realized manifold deviation exceeds the dynamics-validity bound
1.8080931048607454,7,0.0014250152744352818,0.2500004768371582,0.045955061912536621,28586,0.0086254272424553611,0,1,1,0,1,0.0014250100357457995,1,production realized manifold deviation exceeds the dynamics-validity bound
1.8127318918704987,0,0.0016462659696117043,0.26675385355469028,0.04634624719619751,30015,0.0090215286678734814,0,1,1,0,1,0.001458860351704061,1,production realized manifold deviation exceeds the dynamics-validity bound
1.8127318918704987,1,0.001458860351704061,0.2533951997756958,0.047629117965698242,30015,0.0090215701026193831,0,1,1,0,1,0.0014218457508832216,1,production realized manifold deviation exceeds the dynamics-validity bound
1.8127318918704987,2,0.0014218457508832216,0.25081821383583391,0.04797440767288208,30015,0.0090215783106736818,0,1,1,0,1,0.001412981073372066,1,production realized manifold deviation exceeds the dynamics-validity bound
1.8127318918704987,3,0.001412981073372066,0.25019561439925186,0.048077106475830078,30015,0.0090215802776281006,0,1,1,0,1,0.001410864875651896,1,production realized manifold deviation exceeds the dynamics-validity bound
1.8127318918704987,4,0.001410864875651896,0.25004663381569925,0.048073291778564453,30015,0.0090215807472732237,0,1,1,0,1,0.0014103604480624199,1,production realized manifold deviation exceeds the dynamics-validity bound
1.8127318918704987,5,0.0014103604480624199,0.25001120567321777,0.048071146011352539,30015,0.0090215808591698234,0,1,1,0,1,0.0014102391432970762,1,production realized manifold deviation exceeds the dynamics-validity bound
1.8127318918704987,6,0.0014102391432970762,0.25000250621531483,0.048072278499603271,30015,0.00902158088610471,0,1,1,0,1,0.0014102119021117687,1,production realized manifold deviation exceeds the dynamics-validity bound
1.8127318918704987,7,0.0014102119021117687,0.25000059604644775,0.048072099685668945,30015,0.0090215808922006584,0,1,1,0,1,0.0014102053828537464,1,production realized manifold deviation exceeds the dynamics-validity bound
1.8127318918704987,8,0.0014102053828537464,0.25000035762786865,0.048072099685668945,30015,0.0090215808936473223,0,1,1,0,1,0.0014102014247328043,1,production realized manifold deviation exceeds the dynamics-validity bound
1.8127318918704987,9,0.0014102014247328043,0.25000011920928955,0.048072099685668945,30015,0.0090215808945155115,0,1,1,0,1,0.0014101999113336205,1,production realized manifold deviation exceeds the dynamics-validity bound
1.8173395777121186,0,0.0016462659696117043,0.26381727970987456,0.048510313034057617,31764,0.0099454069262320654,0,1,1,0,1,0.0014938813401386142,1,production realized manifold deviation exceeds the dynamics-validity bound
1.8173395777121186,1,0.0014938813401386142,0.25362396240234375,0.049644231796264648,31764,0.0099453422823414777,0,1,1,0,1,0.0014549556653946638,1,production realized manifold deviation exceeds the dynamics-validity bound
1.8173395777121186,2,0.0014549556653946638,0.25091814994812012,0.049991905689239502,31764,0.009945325714062184,0,1,1,0,1,0.0014451598981395364,1,production realized manifold deviation exceeds the dynamics-validity bound
1.8173395777121186,3,0.0014451598981395364,0.25023078918457031,0.050055742263793945,31764,0.0099453215412116155,0,1,1,0,1,0.0014427017886191607,1,production realized manifold deviation exceeds the dynamics-validity bound
1.8173395777121186,4,0.0014427017886191607,0.25005781650543213,0.050078630447387695,31764,0.0099453204938451945,0,1,1,0,1,0.001442086067982018,1,production realized manifold deviation exceeds the dynamics-validity bound
1.8173395777121186,5,0.001442086067982018,0.25001430511474609,0.050083518028259277,31764,0.0099453202314641834,0,1,1,0,1,0.0014419336803257465,1,production realized manifold deviation exceeds the dynamics-validity bound
1.8173395777121186,6,0.0014419336803257465,0.25000357627868652,0.050085663795471191,31764,0.0099453201665006957,0,1,1,0,1,0.0014418956125155091,1,production realized manifold deviation exceeds the dynamics-validity bound
1.8173395777121186,7,0.0014418956125155091,0.25000095884633966,0.050086259841918945,31764,0.0099453201502560928,0,1,1,0,1,0.0014418852515518665,1,production realized manifold deviation exceeds the dynamics-validity bound
1.8173395777121186,8,0.0014418852515518665,0.25000022232193886,0.050086379051208496,31764,0.0099453201458803639,0,1,1,0,1,0.0014418828068301082,1,production realized manifold deviation exceeds the dynamics-validity bound
1.8173395777121186,9,0.0014418828068301082,0.25000000075907836,0.050086379051208496,31764,0.0099453201448461721,0,1,1,0,1,0.0014418826904147863,1,production realized manifold deviation exceeds the dynamics-validity bound
1.8220106553053483,0,0.0016462659696117043,0.26833655142252177,0.049295186996459961,32853,0.0091337535113435054,0,1,1,0,1,0.0014312267303466797,1,production realized manifold deviation exceeds the dynamics-validity bound
1.8220106553053483,1,0.0014312267303466797,0.25491919291214771,0.050847530364990234,32853,0.0091338393915745466,0,1,1,0,1,0.0013757727574557066,1,production realized manifold deviation exceeds the dynamics-validity bound
1.8220106553053483,2,0.0013757727574557066,0.2512519359588623,0.051311850547790527,32853,0.0091338616214256072,0,1,1,0,1,0.0013618030352517962,1,production realized manifold deviation exceeds the dynamics-validity bound
1.8220106553053483,3,0.0013618030352517962,0.25031399726867676,0.051462054252624512,32853,0.0091338672269744292,0,1,1,0,1,0.0013583081308752298,1,production realized manifold deviation exceeds the dynamics-validity bound
1.8220106553053483,4,0.0013583081308752298,0.25007855892181396,0.051485002040863037,32853,0.0091338686296664941,0,1,1,0,1,0.001357434201054275,1,production realized manifold deviation exceeds the dynamics-validity bound
1.8220106553053483,5,0.001357434201054275,0.25001978874206543,0.051492571830749512,32853,0.0091338689803650615,0,1,1,0,1,0.0013572140596807003,1,production realized manifold deviation exceeds the dynamics-validity bound
1.8220106553053483,6,0.0013572140596807003,0.2500045981888368,0.051491439342498779,32853,0.0091338690688454217,0,1,1,0,1,0.0013571628369390965,1,production realized manifold deviation exceeds the dynamics-validity bound
1.8220106553053483,7,0.0013571628369390965,0.25000143051147461,0.051492035388946533,32853,0.0091338690892186492,0,1,1,0,1,0.0013571468880400062,1,production realized manifold deviation exceeds the dynamics-validity bound
1.8220106553053483,8,0.0013571468880400062,0.2500002384185791,0.051492393016815186,32853,0.0091338690958241049,0,1,1,0,1,0.0013571442104876041,1,production realized manifold deviation exceeds the dynamics-validity bound
1.8220106553053483,9,0.0013571442104876041,0.25000011920928955,0.051492393016815186,32853,0.0091338690968503604,0,1,1,0,1,0.0013571428135037422,1,production realized manifold deviation exceeds the dynamics-validity bound
1.8264868019614369,0,0.0016462659696117043,0.26495571631066328,0.053090095520019531,34795,0.011976758988961719,0,1,1,0,1,0.0014961098786443472,1,production realized manifold deviation exceeds the dynamics-validity bound
1.8264868019614369,1,0.0014961098786443472,0.25284802913665771,0.05424654483795166,34795,0.011976680462099112,0,1,1,0,1,0.001468051690608263,1,production realized manifold deviation exceeds the dynamics-validity bound
1.8264868019614369,2,0.001468051690608263,0.25052574524133342,0.054490804672241211,34795,0.011976665741025797,0,1,1,0,1,0.001462890300899744,1,production realized manifold deviation exceeds the dynamics-validity bound
1.8264868019614369,3,0.001462890300899744,0.25009649936261424,0.054547905921936035,34795,0.011976663031313128,0,1,1,0,1,0.0014619434950873256,1,production realized manifold deviation exceeds the dynamics-validity bound
1.8264868019614369,4,0.0014619434950873256,0.25001776218414307,0.054551601409912109,34795,0.011976662534122769,0,1,1,0,1,0.0014617691049352288,1,production realized manifold deviation exceeds the dynamics-validity bound
1.8264868019614369,5,0.0014617691049352288,0.25000324801539664,0.054553985595703125,34795,0.011976662442712279,0,1,1,0,1,0.0014617370907217264,1,production realized manifold deviation exceeds the dynamics-validity bound
1.8264868019614369,6,0.0014617370907217264,0.25000064386896281,0.054554462432861328,34795,0.011976662425889902,0,1,1,0,1,0.0014617306878790259,1,production realized manifold deviation exceeds the dynamics-validity bound
1.8264868019614369,7,0.0014617306878790259,0.25000003031479356,0.054554581642150879,34795,0.011976662422415707,0,1,1,0,1,0.0014617302222177386,1,production realized manifold deviation exceeds the dynamics-validity bound
1.8279485321836546,0,0.001607903279364109,0.25141990184783936,0.014571547508239746,21852,0.0052519170480406427,0,1,1,0,1,0.0015946908388286829,1,production realized manifold deviation exceeds the dynamics-validity bound
1.8279485321836546,1,0.0015946908388286829,0.25031483173370361,0.014267325401306152,21852,0.0052519120654348182,0,1,1,0,1,0.0015917666023597121,1,production realized manifold deviation exceeds the dynamics-validity bound
1.8279485321836546,2,0.0015917666023597121,0.25006968276145036,0.014205098152160645,21852,0.0052519109624271712,0,1,1,0,1,0.001591119566000998,1,production realized manifold deviation exceeds the dynamics-validity bound
1.8279485321836546,3,0.001591119566000998,0.25001543534867277,0.014187872409820557,21852,0.0052519107182554059,0,1,1,0,1,0.0015909761423245072,1,production realized manifold deviation exceeds the dynamics-validity bound
1.8279485321836546,4,0.0015909761423245072,0.25000333786010742,0.014185786247253418,21852,0.0052519106642101481,0,1,1,0,1,0.0015909450594335794,1,production realized manifold deviation exceeds the dynamics-validity bound
1.8279485321836546,5,0.0015909450594335794,0.2500006401262258,0.014184713363647461,21852,0.0052519106525169921,0,1,1,0,1,0.0015909390058368444,1,production realized manifold deviation exceeds the dynamics-validity bound
1.8279485321836546,6,0.0015909390058368444,0.25000036407411996,0.014184474945068359,21852,0.0052519106502018796,0,1,1,0,1,0.0015909355133771896,1,production realized manifold deviation exceeds the dynamics-validity bound
1.8279485321836546,7,0.0015909355133771896,0.25000011920928955,0.014184415340423584,21852,0.0052519106488263852,0,1,1,0,1,0.0015909342328086495,1,production realized manifold deviation exceeds the dynamics-validity bound
1.831185732386075,0,0.0016462659696117043,0.27397847175598145,0.053499102592468262,34409,0.0083056884815343093,0,1,1,0,1,0.0014036217471584678,1,production realized manifold deviation exceeds the dynamics-validity bound
1.831185732386075,1,0.0014036217471584678,0.25424635410308838,0.055204272270202637,34409,0.0083057992360578373,0,1,1,0,1,0.0013619281817227602,1,production realized manifold deviation exceeds the dynamics-validity bound
1.831185732386075,2,0.0013619281817227602,0.25071966648101807,0.055536150932312012,34409,0.0083058183408350212,0,1,1,0,1,0.0013548983260989189,1,production realized manifold deviation exceeds the dynamics-validity bound
1.831185732386075,3,0.0013548983260989189,0.25012087821960449,0.055605530738830566,34409,0.0083058215640800081,0,1,1,0,1,0.0013537185732275248,1,production realized manifold deviation exceeds the dynamics-validity bound
1.831185732386075,4,0.0013537185732275248,0.25002038478851318,0.055621743202209473,34409,0.0083058221052068303,0,1,1,0,1,0.0013535195030272007,1,production realized manifold deviation exceeds the dynamics-validity bound
1.831185732386075,5,0.0013535195030272007,0.25000337155092445,0.055623412132263184,34409,0.0083058221963219284,0,1,1,0,1,0.0013534864410758018,1,production realized manifold deviation exceeds the dynamics-validity bound
1.831185732386075,6,0.0013534864410758018,0.25000059604644775,0.055623769760131836,34409,0.0083058222115986752,0,1,1,0,1,0.0013534805038943887,1,production realized manifold deviation exceeds the dynamics-validity bound
1.831185732386075,7,0.0013534805038943887,0.25000000206268247,0.055623769760131836,34409,0.0083058222142685465,0,1,1,0,1,0.0013534803874790668,1,production realized manifold deviation exceeds the dynamics-validity bound
1.831185732386075,8,0.0013534803874790668,0.25000011920928955,0.055623769760131836,34409,0.008305822214279026,0,1,1,0,1,0.0013534791069105268,1,production realized manifold deviation exceeds the dynamics-validity bound
1.8356121219694614,0,0.0016462659696117043,0.28058984497371475,0.055709958076477051,36701,0.011447374476432976,0,1,1,0,1,0.0013428902020677924,1,production realized manifold deviation exceeds the dynamics-validity bound
1.8356121219694614,1,0.0013428902020677924,0.25527274608612061,0.058134198188781738,36701,0.011447179664947243,0,1,1,0,1,0.001292557455599308,1,production realized manifold deviation exceeds the dynamics-validity bound
1.8356121219694614,2,0.001292557455599308,0.25085687637329102,0.058578968048095703,36701,0.011447147141697268,0,1,1,0,1,0.0012844292214140296,1,production realized manifold deviation exceeds the dynamics-validity bound
1.8356121219694614,3,0.0012844292214140296,0.2501378059387207,0.058643221855163574,36701,0.011447141884036796,0,1,1,0,1,0.001283123274333775,1,production realized manifold deviation exceeds the dynamics-validity bound
1.8356121219694614,4,0.001283123274333775,0.25002193450927734,0.058647632598876953,36701,0.01144714103913363,0,1,1,0,1,0.0012829153565689921,1,production realized manifold deviation exceeds the dynamics-validity bound
1.8356121219694614,5,0.0012829153565689921,0.25000359366899261,0.058650314807891846,36701,0.011447140904731118,0,1,1,0,1,0.0012828812468796968,1,production realized manifold deviation exceeds the dynamics-validity bound
1.8356121219694614,6,0.0012828812468796968,0.25000053167118419,0.058650672435760498,36701,0.011447140882712118,0,1,1,0,1,0.0012828761246055365,1,production realized manifold deviation exceeds the dynamics-validity bound
1.8356121219694614,7,0.0012828761246055365,0.2500002384185791,0.058650791645050049,36701,0.011447140879324079,0,1,1,0,1,0.0012828736798837781,1,production realized manifold deviation exceeds the dynamics-validity bound
1.839858433813788,0,0.0016462659696117043,0.26333165168762207,0.059901714324951172,38197,0.01265935565287073,0,1,1,0,1,0.0015107151120901108,1,production realized manifold deviation exceeds the dynamics-validity bound
1.839858433813788,1,0.0015107151120901108,0.25230896472930908,0.060846328735351562,38197,0.012659444530775363,0,1,1,0,1,0.0014875977067276835,1,production realized manifold deviation exceeds the dynamics-validity bound
1.839858433813788,2,0.0014875977067276835,0.25039100646972656,0.060987591743469238,38197,0.012659459722968721,0,1,1,0,1,0.0014836931368336082,1,production realized manifold deviation exceeds the dynamics-validity bound
1.839858433813788,3,0.0014836931368336082,0.25006568431854248,0.061020374298095703,38197,0.012659462289967078,0,1,1,0,1,0.0014830374857410789,1,production realized manifold deviation exceeds the dynamics-validity bound
1.839858433813788,4,0.0014830374857410789,0.25001095674344453,0.061025559902191162,38197,0.01265946272102763,0,1,1,0,1,0.0014829280553385615,1,production realized manifold deviation exceeds the dynamics-validity bound
1.839858433813788,5,0.0014829280553385615,0.25000190734863281,0.061025321483612061,38197,0.012659462793064603,0,1,1,0,1,0.0014829088468104601,1,production realized manifold deviation exceeds the dynamics-validity bound
1.839858433813788,6,0.0014829088468104601,0.25000035762786865,0.061025261878967285,38197,0.01265946280560421,0,1,1,0,1,0.0014829052379354835,1,production realized manifold deviation exceeds the dynamics-validity bound
1.8413413390517235,0,0.0015975168207660317,0.2620929479598999,0.013061702251434326,24487,0.0058463967583302209,0,1,1,0,1,0.0014727594098076224,1,production realized manifold deviation exceeds the dynamics-validity bound
1.8413413390517235,1,0.0014727594098076224,0.25343992564226414,0.011030733585357666,24487,0.0058464630934255335,0,1,1,0,1,0.0014381061773747206,1,production realized manifold deviation exceeds the dynamics-validity bound
1.8413413390517235,2,0.0014381061773747206,0.25094723701477051,0.011111259460449219,24487,0.0058464815637740107,0,1,1,0,1,0.0014286267105489969,1,production realized manifold deviation exceeds the dynamics-validity bound
1.8413413390517235,3,0.0014286267105489969,0.25025836889246511,0.011178255081176758,24487,0.0058464866196447042,0,1,1,0,1,0.001426045666448772,1,production realized manifold deviation exceeds the dynamics-validity bound
1.8413413390517235,4,0.001426045666448772,0.25007045269012451,0.011200785636901855,24487,0.0058464879965162819,0,1,1,0,1,0.00142534205224365,1,production realized manifold deviation exceeds the dynamics-validity bound
1.8413413390517235,5,0.00142534205224365,0.25001899972591413,0.011212706565856934,24487,0.0058464883718566544,0,1,1,0,1,0.0014251522952690721,1,production realized manifold deviation exceeds the dynamics-validity bound
1.8413413390517235,6,0.0014251522952690721,0.25000507217376389,0.011216461658477783,24487,0.005846488473258837,0,1,1,0,1,0.0014251015381887555,1,production realized manifold deviation exceeds the dynamics-validity bound
1.8413413390517235,7,0.0014251015381887555,0.25000143051147461,0.011215746402740479,24487,0.0058464885004162123,0,1,1,0,1,0.001425087102688849,1,production realized manifold deviation exceeds the dynamics-validity bound
1.8413413390517235,8,0.001425087102688849,0.25000028234679483,0.011216282844543457,24487,0.0058464885078181057,0,1,1,0,1,0.0014250841923058033,1,production realized manifold deviation exceeds the dynamics-validity bound
1.8413413390517235,9,0.0014250841923058033,0.25000016093763078,0.011216044425964355,24487,0.0058464885096470784,0,1,1,0,1,0.0014250824460759759,1,production realized manifold deviation exceeds the dynamics-validity bound
1.8413413390517235,10,0.0014250824460759759,0.25000011920928955,0.011216163635253906,24487,0.0058464885103947546,0,1,1,0,1,0.0014250811655074358,1,production realized manifold deviation exceeds the dynamics-validity bound
1.844334009452723,0,0.0016087512485682964,0.25866067409515381,0.063677549362182617,24884,0.0043658295904364271,0,1,1,0,1,0.0015207063406705856,1,production realized manifold deviation exceeds the dynamics-validity bound
1.844334009452723,1,0.0015207063406705856,0.25156211853027344,0.06376338005065918,24884,0.0043657682241848407,0,1,1,0,1,0.0015049898065626621,1,production realized manifold deviation exceeds the dynamics-validity bound
1.844334009452723,2,0.0015049898065626621,0.25027786983172606,0.063790202140808105,24884,0.0043657572501510731,0,1,1,0,1,0.0015021992148831487,1,production realized manifold deviation exceeds the dynamics-validity bound
1.844334009452723,3,0.0015021992148831487,0.25004947185516357,0.06379544734954834,24884,0.0043657553009870996,0,1,1,0,1,0.0015017024707049131,1,production realized manifold deviation exceeds the dynamics-validity bound
1.844334009452723,4,0.0015017024707049131,0.25000834736299904,0.0637969970703125,24884,0.0043657549539623704,0,1,1,0,1,0.0015016185352578759,1,production realized manifold deviation exceeds the dynamics-validity bound
1.844334009452723,5,0.0015016185352578759,0.25000166893005371,0.063797235488891602,24884,0.0043657548952052878,0,1,1,0,1,0.0015016015386208892,1,production realized manifold deviation exceeds the dynamics-validity bound
1.844334009452723,6,0.0015016015386208892,0.25000027860609131,0.063797473907470703,24884,0.0043657548833861762,0,1,1,0,1,0.0015015986282378435,1,production realized manifold deviation exceeds the dynamics-validity bound
1.844334009452723,7,0.0015015986282378435,0.25000004424024191,0.063797473907470703,24884,0.0043657548815025406,0,1,1,0,1,0.0015015980461612344,1,production realized manifold deviation exceeds the dynamics-validity bound
1.8458356074988842,0,0.0016096977051347494,0.27333399154457227,0.012440204620361328,25949,0.0061864284396462108,0,1,1,0,1,0.0013686282327398658,1,production realized manifold deviation exceeds the dynamics-validity bound
1.8458356074988842,1,0.0013686282327398658,0.25615192338236259,0.013274133205413818,25949,0.0061862793503182235,0,1,1,0,1,0.00130789156537503,1,production realized manifold deviation exceeds the dynamics-validity bound
1.8458356074988842,2,0.00130789156537503,0.25152068693414131,0.014835476875305176,25949,0.0061862415856453901,0,1,1,0,1,0.0012930483790114522,1,production realized manifold deviation exceeds the dynamics-validity bound
1.8458356074988842,3,0.0012930483790114522,0.25037002563476562,0.015259623527526855,25949,0.0061862323440707431,0,1,1,0,1,0.0012894466053694487,1,production realized manifold deviation exceeds the dynamics-validity bound
1.8458356074988842,4,0.0012894466053694487,0.25008964538574219,0.015366435050964355,25949,0.0061862301009288859,0,1,1,0,1,0.0012885744217783213,1,production realized manifold deviation exceeds the dynamics-validity bound
1.8458356074988842,5,0.0012885744217783213,0.25002146653991919,0.015386283397674561,25949,0.0061862295575265637,0,1,1,0,1,0.0012883655726909637,1,production realized manifold deviation exceeds the dynamics-validity bound
1.8458356074988842,6,0.0012883655726909637,0.25000548362731934,0.015393972396850586,25949,0.0061862294276286431,0,1,1,0,1,0.0012883121380582452,1,production realized manifold deviation exceeds the dynamics-validity bound
1.8458356074988842,7,0.0012883121380582452,0.25000131130218506,0.0153961181640625,25949,0.0061862293942424006,0,1,1,0,1,0.0012882993323728442,1,production realized manifold deviation exceeds the dynamics-validity bound
1.8458356074988842,8,0.0012882993323728442,0.25000035762786865,0.015395879745483398,25949,0.0061862293862163771,0,1,1,0,1,0.0012882957234978676,1,production realized manifold deviation exceeds the dynamics-validity bound
1.8500998663948849,0,0.0015950864180922508,0.27222108840942383,0.015573501586914062,27661,0.0078478211628805108,0,1,1,0,1,0.0013754266547039151,1,production realized manifold deviation exceeds the dynamics-validity bound
1.8500998663948849,1,0.0013754266547039151,0.25459970737174276,0.019822061061859131,27661,0.0078479706831102169,0,1,1,0,1,0.0013314125826582313,1,production realized manifold deviation exceeds the dynamics-validity bound
1.8500998663948849,2,0.0013314125826582313,0.25090038776397705,0.020940184593200684,27661,0.0078480007556575651,0,1,1,0,1,0.0013228522147983313,1,production realized manifold deviation exceeds the dynamics-validity bound
1.8500998663948849,3,0.0013228522147983313,0.25017440319061279,0.021163284778594971,27661,0.0078480066087027022,0,1,1,0,1,0.0013211959740146995,1,production realized manifold deviation exceeds the dynamics-validity bound
1.8500998663948849,4,0.0013211959740146995,0.25003373622894287,0.021201431751251221,27661,0.0078480077415550697,0,1,1,0,1,0.0013208755990490317,1,production realized manifold deviation exceeds the dynamics-validity bound
1.8500998663948849,5,0.0013208755990490317,0.25000619888305664,0.021212577819824219,27661,0.0078480079605125208,0,1,1,0,1,0.0013208165764808655,1,production realized manifold deviation exceeds the dynamics-validity bound
1.8500998663948849,6,0.0013208165764808655,0.25000143051147461,0.02121436595916748,27661,0.0078480080011481806,0,1,1,0,1,0.0013208029558882117,1,production realized manifold deviation exceeds the dynamics-validity bound
1.8500998663948849,7,0.0013208029558882117,0.25000011920928955,0.021214842796325684,27661,0.0078480080101821659,0,1,1,0,1,0.0013208017917349935,1,production realized manifold deviation exceeds the dynamics-validity bound
1.8500998663948849,8,0.0013208017917349935,0.25000011920928955,0.021214842796325684,27661,0.0078480080110099378,0,1,1,0,1,0.0013208006275817752,1,production realized manifold deviation exceeds the dynamics-validity bound
1.8544481790158898,0,0.0015886669280007482,0.27222669124603271,0.021459579467773438,29318,0.0086457904814459148,0,1,1,0,1,0.0013649692991748452,1,production realized manifold deviation exceeds the dynamics-validity bound
1.8544481790158898,1,0.0013649692991748452,0.25491905212402344,0.025730490684509277,29318,0.0086456304967701871,0,1,1,0,1,0.0013171947794035077,1,production realized manifold deviation exceeds the dynamics-validity bound
1.8544481790158898,2,0.0013171947794035077,0.25102949142456055,0.026849985122680664,29318,0.008645596169560954,0,1,1,0,1,0.001307271420955658,1,production realized manifold deviation exceeds the dynamics-validity bound
1.8544481790158898,3,0.001307271420955658,0.2502129077911377,0.027077555656433105,29318,0.0086455890324177408,0,1,1,0,1,0.0013052222784608603,1,production realized manifold deviation exceeds the dynamics-validity bound
1.8544481790158898,4,0.0013052222784608603,0.25004398822784424,0.027124524116516113,29318,0.0086455875581541494,0,1,1,0,1,0.0013047988759353757,1,production realized manifold deviation exceeds the dynamics-validity bound
1.8544481790158898,5,0.0013047988759353757,0.25000905990600586,0.027136325836181641,29318,0.0086455872538785446,0,1,1,0,1,0.0013047116808593273,1,production realized manifold deviation exceeds the dynamics-validity bound
1.8544481790158898,6,0.0013047116808593273,0.25000171070701271,0.027138769626617432,29318,0.0086455871908479257,0,1,1,0,1,0.0013046951498836279,1,production realized manifold deviation exceeds the dynamics-validity bound
1.8544481790158898,7,0.0013046951498836279,0.25000039458673085,0.027139186859130859,29318,0.0086455871790131374,0,1,1,0,1,0.0013046911917626858,1,production realized manifold deviation exceeds the dynamics-validity bound
1.8544481790158898,8,0.0013046911917626858,0.25000001627191226,0.027139186859130859,29318,0.0086455871762207252,0,1,1,0,1,0.0013046909589320421,1,production realized manifold deviation exceeds the dynamics-validity bound
1.8544481790158898,9,0.0013046909589320421,0.25000004823330202,0.027139186859130859,29318,0.0086455871760511855,0,1,1,0,1,0.001304690376855433,1,production realized manifold deviation exceeds the dynamics-validity bound
1.8544481790158898,10,0.001304690376855433,0.25000011920928955,0.027139186859130859,29318,0.0086455871756921862,0,1,1,0,1,0.0013046892127022147,1,production realized manifold deviation exceeds the dynamics-validity bound
1.8587667004903778,0,0.0016016749432310462,0.27251994609832764,0.027707695960998535,31237,0.010019059892608088,0,1,1,0,1,0.0013852897100150585,1,production realized manifold deviation exceeds the dynamics-validity bound
1.8587667004903778,1,0.0013852897100150585,0.25470376014709473,0.031551837921142578,31237,0.010019230631545794,0,1,1,0,1,0.0013415210414677858,1,production realized manifold deviation exceeds the dynamics-validity bound
1.8587667004903778,2,0.0013415210414677858,0.25093293190002441,0.032454192638397217,31237,0.010019265283210878,0,1,1,0,1,0.0013328958302736282,1,production realized manifold deviation exceeds the dynamics-validity bound
1.8587667004903778,3,0.0013328958302736282,0.25018322467803955,0.032613277435302734,31237,0.010019272116620428,0,1,1,0,1,0.0013312038499861956,1,production realized manifold deviation exceeds the dynamics-validity bound
1.8587667004903778,4,0.0013312038499861956,0.25003588199615479,0.032653510570526123,31237,0.010019273457259953,0,1,1,0,1,0.0013308724155649543,1,production realized manifold deviation exceeds the dynamics-validity bound
1.8587667004903778,5,0.0013308724155649543,0.2500072717666626,0.032659649848937988,31237,0.01001927372003157,0,1,1,0,1,0.0013308052439242601,1,production realized manifold deviation exceeds the dynamics-validity bound
1.8587667004903778,6,0.0013308052439242601,0.25000119209289551,0.032660841941833496,31237,0.010019273772938661,0,1,1,0,1,0.0013307941844686866,1,production realized manifold deviation exceeds the dynamics-validity bound
1.8587667004903778,7,0.0013307941844686866,0.25000035762786865,0.032661080360412598,31237,0.010019273781736752,0,1,1,0,1,0.0013307906920090318,1,production realized manifold deviation exceeds the dynamics-validity bound
1.8631583841051906,0,0.0015807162271812558,0.27667140384823119,0.033805489540100098,33271,0.010735294315303269,0,1,1,0,1,0.0013156925560906529,1,production realized manifold deviation exceeds the dynamics-validity bound
1.8631583841051906,1,0.0013156925560906529,0.2560821091756158,0.038309812545776367,33271,0.010735065495752477,0,1,1,0,1,0.0012579109752550721,1,production realized manifold deviation exceeds the dynamics-validity bound
1.8631583841051906,2,0.0012579109752550721,0.25129535538927517,0.03939509391784668,33271,0.010735015343251542,0,1,1,0,1,0.0012457239208742976,1,production realized manifold deviation exceeds the dynamics-validity bound
1.8631583841051906,3,0.0012457239208742976,0.25027191638946533,0.039649665355682373,33271,0.010735004753141642,0,1,1,0,1,0.0012431708164513111,1,production realized manifold deviation exceeds the dynamics-validity bound
1.8631583841051906,4,0.0012431708164513111,0.25005662441253662,0.039702832698822021,33271,0.01073500253407134,0,1,1,0,1,0.0012426393805071712,1,production realized manifold deviation exceeds the dynamics-validity bound
1.8631583841051906,5,0.0012426393805071712,0.2500120123145364,0.039708495140075684,33271,0.010735002072143117,0,1,1,0,1,0.0012425265740603209,1,production realized manifold deviation exceeds the dynamics-validity bound
1.8631583841051906,6,0.0012425265740603209,0.25000262260437012,0.039711356163024902,33271,0.010735001974014726,0,1,1,0,1,0.0012425018940120935,1,production realized manifold deviation exceeds the dynamics-validity bound
1.8631583841051906,7,0.0012425018940120935,0.25000030765606973,0.039711833000183105,33271,0.010735001952796978,0,1,1,0,1,0.001242498867213726,1,production realized manifold deviation exceeds the dynamics-validity bound
1.8672710552345961,0,0.0015682206721976399,0.26214522104587523,0.04017561674118042,35781,0.011983482896634482,0,1,1,0,1,0.0014619495486840606,1,production realized manifold deviation exceeds the dynamics-validity bound
1.8672710552345961,1,0.0014619495486840606,0.25240027904510498,0.04169619083404541,35781,0.01198357613205934,0,1,1,0,1,0.0014412442687898874,1,production realized manifold deviation exceeds the dynamics-validity bound
1.8672710552345961,2,0.0014412442687898874,0.25046312808990479,0.042017042636871338,35781,0.011983594327481381,0,1,1,0,1,0.0014372603036463261,1,production realized manifold deviation exceeds the dynamics-validity bound
1.8672710552345961,3,0.0014372603036463261,0.25008902068353156,0.042092382907867432,35781,0.011983597829346826,0,1,1,0,1,0.001436494872905314,1,production realized manifold deviation exceeds the dynamics-validity bound
1.8672710552345961,4,0.001436494872905314,0.25001697657282773,0.042096734046936035,35781,0.011983598502226139,0,1,1,0,1,0.0014363487716764212,1,production realized manifold deviation exceeds the dynamics-validity bound
1.8672710552345961,5,0.0014363487716764212,0.25000329870875038,0.042099535465240479,35781,0.011983598630578048,0,1,1,0,1,0.0014363202499225736,1,production realized manifold deviation exceeds the dynamics-validity bound
1.8672710552345961,6,0.0014363202499225736,0.25000062671210865,0.042100191116333008,35781,0.01198359865590271,0,1,1,0,1,0.0014363147784024477,1,production realized manifold deviation exceeds the dynamics-validity bound
1.8672710552345961,7,0.0014363147784024477,0.25000016668241498,0.042100429534912109,35781,0.011983598660525336,0,1,1,0,1,0.001436313265003264,1,production realized manifold deviation exceeds the dynamics-validity bound
1.8672710552345961,8,0.001436313265003264,0.25000008819021313,0.042100429534912109,35781,0.011983598662103183,0,1,1,0,1,0.0014363123336806893,1,production realized manifold deviation exceeds the dynamics-validity bound
1.87184323661495,0,0.0015794482314959168,0.27249167164458021,0.042045354843139648,34807,0.008397094297846833,0,1,1,0,1,0.0013465126976370811,1,production realized manifold deviation exceeds the dynamics-validity bound
1.87184323661495,1,0.0013465126976370811,0.25608543727682775,0.044788718223571777,34807,0.0083968754863708479,0,1,1,0,1,0.0012863066513091326,1,production realized manifold deviation exceeds the dynamics-validity bound
1.87184323661495,2,0.0012863066513091326,0.25154447555541992,0.045579075813293457,34807,0.0083968186659908305,0,1,1,0,1,0.0012712057214230299,1,production realized manifold deviation exceeds the dynamics-validity bound
1.87184323661495,3,0.0012712057214230299,0.2503858314094165,0.045783162117004395,34807,0.0083968043969812178,0,1,1,0,1,0.0012674443423748016,1,production realized manifold deviation exceeds the dynamics-validity bound
1.87184323661495,4,0.0012674443423748016,0.2500959333481676,0.045839905738830566,34807,0.0083968008415993504,0,1,1,0,1,0.001266509760171175,1,production realized manifold deviation exceeds the dynamics-validity bound
1.87184323661495,5,0.001266509760171175,0.25002384185791016,0.045856833457946777,34807,0.0083967999586728962,0,1,1,0,1,0.0012662775116041303,1,production realized manifold deviation exceeds the dynamics-validity bound
1.87184323661495,6,0.0012662775116041303,0.25000596046447754,0.045861124992370605,34807,0.0083967997387009823,0,1,1,0,1,0.0012662193039432168,1,production realized manifold deviation exceeds the dynamics-validity bound
1.87184323661495,7,0.0012662193039432168,0.25000143051147461,0.045862317085266113,34807,0.0083967996836915963,0,1,1,0,1,0.0012662053341045976,1,production realized manifold deviation exceeds the dynamics-validity bound
1.87184323661495,8,0.0012662053341045976,0.25000035762786865,0.045862555503845215,34807,0.0083967996704330458,0,1,1,0,1,0.0012662017252296209,1,production realized manifold deviation exceeds the dynamics-validity bound
1.8760343643371016,0,0.0015450522769242525,0.2668992280960083,0.047760248184204102,38070,0.013093534671165145,0,1,1,0,1,0.001380722620524466,1,production realized manifold deviation exceeds the dynamics-validity bound
1.8760343643371016,1,0.001380722620524466,0.25430300450486931,0.049778997898101807,38070,0.013093691366700425,0,1,1,0,1,0.0013401104370132089,1,production realized manifold deviation exceeds the dynamics-validity bound
1.8760343643371016,2,0.0013401104370132089,0.25104557941177807,0.050281643867492676,38070,0.013093730189286031,0,1,1,0,1,0.0013303142040967941,1,production realized manifold deviation exceeds the dynamics-validity bound
1.8760343643371016,3,0.0013303142040967941,0.2502511739730835,0.050423622131347656,38070,0.013093739559173983,0,1,1,0,1,0.0013279649429023266,1,production realized manifold deviation exceeds the dynamics-validity bound
1.8760343643371016,4,0.0013279649429023266,0.25005989073829782,0.050458788871765137,38070,0.013093741806880147,0,1,1,0,1,0.001327404985204339,1,production realized manifold deviation exceeds the dynamics-validity bound
1.8760343643371016,5,0.001327404985204339,0.2500145435333252,0.050463616847991943,38070,0.013093742342653533,0,1,1,0,1,0.0013272690121084452,1,production realized manifold deviation exceeds the dynamics-validity bound
1.8760343643371016,6,0.0013272690121084452,0.2500034145861243,0.050465822219848633,38070,0.013093742472692422,0,1,1,0,1,0.0013272369978949428,1,production realized manifold deviation exceeds the dynamics-validity bound
1.8760343643371016,7,0.0013272369978949428,0.25000076828606654,0.050466418266296387,38070,0.013093742503510924,0,1,1,0,1,0.0013272296637296677,1,production realized manifold deviation exceeds the dynamics-validity bound
1.8760343643371016,8,0.0013272296637296677,0.25000015997252301,0.050466418266296387,38070,0.01309374251016515,0,1,1,0,1,0.0013272280339151621,1,production realized manifold deviation exceeds the dynamics-validity bound
1.8760343643371016,9,0.0013272280339151621,0.25000005231020683,0.050466418266296387,38070,0.013093742511902273,0,1,1,0,1,0.001327227451838553,1,production realized manifold deviation exceeds the dynamics-validity bound
1.8760343643371016,10,0.001327227451838553,0.25000011920928955,0.050466537475585938,38070,0.013093742512507733,0,1,1,0,1,0.0013272261712700129,1,production realized manifold deviation exceeds the dynamics-validity bound
1.8803927754051983,0,0.0015699148643761873,0.26857411861419678,0.051750302314758301,39305,0.011571068277837229,0,1,1,0,1,0.0014108481118455529,1,production realized manifold deviation exceeds the dynamics-validity bound
1.8803927754051983,1,0.0014108481118455529,0.25243934013746427,0.053357601165771484,39305,0.0115709046762048,0,1,1,0,1,0.0013902626233175397,1,production realized manifold deviation exceeds the dynamics-validity bound
1.8803927754051983,2,0.0013902626233175397,0.25031250435834385,0.053612709045410156,39305,0.01157088344316917,0,1,1,0,1,0.0013872388517484069,1,production realized manifold deviation exceeds the dynamics-validity bound
1.8803927754051983,3,0.0013872388517484069,0.25008153921821008,0.053644418716430664,39305,0.011570880323082025,0,1,1,0,1,0.0013863258063793182,1,production realized manifold deviation exceeds the dynamics-validity bound
1.8803927754051983,4,0.0013863258063793182,0.25002487127644124,0.053658246994018555,39305,0.011570879380971476,0,1,1,0,1,0.0013860473409295082,1,production realized manifold deviation exceeds the dynamics-validity bound
1.8803927754051983,5,0.0013860473409295082,0.25000728228160995,0.053662419319152832,39305,0.011570879093517988,0,1,1,0,1,0.0013859657337889075,1,production realized manifold deviation exceeds the dynamics-validity bound
1.8803927754051983,6,0.0013859657337889075,0.25000233669645056,0.053663551807403564,39305,0.011570879009257551,0,1,1,0,1,0.0013859394239261746,1,production realized manifold deviation exceeds the dynamics-validity bound
1.8803927754051983,7,0.0013859394239261746,0.25000049066160135,0.053664028644561768,39305,0.011570878982314927,0,1,1,0,1,0.0013859338359907269,1,production realized manifold deviation exceeds the dynamics-validity bound
1.8803927754051983,8,0.0013859338359907269,0.25000015925095553,0.053664028644561768,39305,0.011570878976410589,0,1,1,0,1,0.0013859319733455777,1,production realized manifold deviation exceeds the dynamics-validity bound
1.8803927754051983,9,0.0013859319733455777,0.25000011920928955,0.053664088249206543,39305,0.011570878974438781,0,1,1,0,1,0.0013859305763617158,1,production realized manifold deviation exceeds the dynamics-validity bound
1.8817787059815601,0,0.0015042576706036925,0.26261675357818604,0.019818603992462158,19912,0.0047734830119984563,0,1,1,0,1,0.0013916959287598729,1,production realized manifold deviation exceeds the dynamics-validity bound
1.8817787059815601,1,0.0013916959287598729,0.2529677451779746,0.016409039497375488,19912,0.0047733707076308106,0,1,1,0,1,0.0013657130766659975,1,production realized manifold deviation exceeds the dynamics-validity bound
1.8817787059815601,2,0.0013657130766659975,0.25067576929239221,0.015748977661132812,19912,0.0047733447287734883,0,1,1,0,1,0.0013598221121355891,1,production realized manifold deviation exceeds the dynamics-validity bound
1.8817787059815601,3,0.0013598221121355891,0.250152587890625,0.015609562397003174,19912,0.0047733388357771517,0,1,1,0,1,0.0013584931148216128,1,production realized manifold deviation exceeds the dynamics-validity bound
1.8817787059815601,4,0.0013584931148216128,0.25003440563164148,0.015580415725708008,19912,0.004773337505963521,0,1,1,0,1,0.0013581934617832303,1,production realized manifold deviation exceeds the dynamics-validity bound
1.8817787059815601,5,0.0013581934617832303,0.2500079870223999,0.015574038028717041,19912,0.0047733372061631828,0,1,1,0,1,0.001358123729005456,1,production realized manifold deviation exceeds the dynamics-validity bound
1.8817787059815601,6,0.001358123729005456,0.25000166893005371,0.015572488307952881,19912,0.0047733371362875384,0,1,1,0,1,0.0013581090606749058,1,production realized manifold deviation exceeds the dynamics-validity bound
1.8817787059815601,7,0.0013581090606749058,0.25000035762786865,0.015572249889373779,19912,0.0047733371217823463,0,1,1,0,1,0.0013581059174612164,1,production realized manifold deviation exceeds the dynamics-validity bound
1.8817787059815601,8,0.0013581059174612164,0.25000035762786865,0.015572249889373779,19912,0.0047733371184843221,0,1,1,0,1,0.0013581027742475271,1,production realized manifold deviation exceeds the dynamics-validity bound
1.8846307217609137,0,0.0015346406726166606,0.26096737384796143,0.056908726692199707,31649,0.0056079122144517312,0,1,1,0,1,0.001445591333322227,1,production realized manifold deviation exceeds the dynamics-validity bound
1.8846307217609137,1,0.001445591333322227,0.25139367580413818,0.057226061820983887,31649,0.0056080006758814716,0,1,1,0,1,0.001434363191947341,1,production realized manifold deviation exceeds the dynamics-validity bound
1.8846307217609137,2,0.001434363191947341,0.250174880027771,0.057270407676696777,31649,0.0056080118434583609,0,1,1,0,1,0.0014329554978758097,1,production realized manifold deviation exceeds the dynamics-validity bound
1.8846307217609137,3,0.0014329554978758097,0.25002197094297252,0.057285666465759277,31649,0.0056080132436797719,0,1,1,0,1,0.0014327785465866327,1,production realized manifold deviation exceeds the dynamics-validity bound
1.8846307217609137,4,0.0014327785465866327,0.25000261739369045,0.057287216186523438,31649,0.0056080134199526822,0,1,1,0,1,0.0014327573589980602,1,production realized manifold deviation exceeds the dynamics-validity bound
1.8846307217609137,5,0.0014327573589980602,0.25000035762786865,0.057287454605102539,31649,0.0056080134407394079,0,1,1,0,1,0.0014327543321996927,1,production realized manifold deviation exceeds the dynamics-validity bound
1.8860634760931134,0,0.00151896255556494,0.27013454286583127,0.017852067947387695,22189,0.0057300611599963251,0,1,1,0,1,0.0013464110670611262,1,production realized manifold deviation exceeds the dynamics-validity bound
1.8860634760931134,1,0.0013464110670611262,0.25408375263214111,0.014457166194915771,22189,0.005730235165053988,0,1,1,0,1,0.0013123002136126161,1,production realized manifold deviation exceeds the dynamics-validity bound
1.8860634760931134,2,0.0013123002136126161,0.25079023838043213,0.014621257781982422,22189,0.0057302696529979652,0,1,1,0,1,0.0013057324104011059,1,production realized manifold deviation exceeds the dynamics-validity bound
1.8860634760931134,3,0.0013057324104011059,0.25015151500701904,0.014679431915283203,22189,0.0057302762970230722,0,1,1,0,1,0.0013044743100181222,1,production realized manifold deviation exceeds the dynamics-validity bound
1.8860634760931134,4,0.0013044743100181222,0.25002908706665039,0.014684617519378662,22189,0.0057302775695931511,0,1,1,0,1,0.0013042327482253313,1,production realized manifold deviation exceeds the dynamics-validity bound
1.8860634760931134,5,0.0013042327482253313,0.25000524520874023,0.014690279960632324,22189,0.0057302778140247059,0,1,1,0,1,0.0013041890924796462,1,production realized manifold deviation exceeds the dynamics-validity bound
1.8860634760931134,6,0.0013041890924796462,0.25000107288360596,0.014690995216369629,22189,0.0057302778580455059,0,1,1,0,1,0.0013041801284998655,1,production realized manifold deviation exceeds the dynamics-validity bound
1.8860634760931134,7,0.0013041801284998655,0.25000011920928955,0.014691412448883057,22189,0.0057302778671146333,0,1,1,0,1,0.0013041790807619691,1,production realized manifold deviation exceeds the dynamics-validity bound
1.8860634760931134,8,0.0013041790807619691,0.25000006841384526,0.014691412448883057,22189,0.0057302778682955923,0,1,1,0,1,0.0013041783822700381,1,production realized manifold deviation exceeds the dynamics-validity bound
1.8903288914589211,0,0.0015200377674773335,0.27503019049364275,0.016354680061340332,24696,0.0069128333253216795,0,1,1,0,1,0.0012888478813692927,1,production realized manifold deviation exceeds the dynamics-validity bound
1.8903288914589211,1,0.0012888478813692927,0.25547933983343718,0.020060181617736816,24696,0.0069125875437897819,0,1,1,0,1,0.0012401504209265113,1,production realized manifold deviation exceeds the dynamics-validity bound
1.8903288914589211,2,0.0012401504209265113,0.25112407987488661,0.021375417709350586,24696,0.0069125355516287011,0,1,1,0,1,0.0012302399845793843,1,production realized manifold deviation exceeds the dynamics-validity bound
1.8903288914589211,3,0.0012302399845793843,0.25022745132446289,0.02165830135345459,24696,0.0069125249613440614,0,1,1,0,1,0.0012282377574592829,1,production realized manifold deviation exceeds the dynamics-validity bound
1.8903288914589211,4,0.0012282377574592829,0.2500460147857666,0.021715462207794189,24696,0.0069125228213815426,0,1,1,0,1,0.001227832748554647,1,production realized manifold deviation exceeds the dynamics-validity bound
1.8903288914589211,5,0.001227832748554647,0.25000914989349732,0.021726608276367188,24696,0.0069125223882911032,0,1,1,0,1,0.0012277520727366209,1,production realized manifold deviation exceeds the dynamics-validity bound
1.8903288914589211,6,0.0012277520727366209,0.25000190734863281,0.021729826927185059,24696,0.006912522302182607,0,1,1,0,1,0.0012277350760996342,1,production realized manifold deviation exceeds the dynamics-validity bound
1.8903288914589211,7,0.0012277350760996342,0.25000027676927461,0.021729528903961182,24696,0.0069125222841032955,0,1,1,0,1,0.001227732514962554,1,production realized manifold deviation exceeds the dynamics-validity bound
1.8903288914589211,8,0.001227732514962554,0.25000005307056239,0.021729528903961182,24696,0.0069125222813952525,0,1,1,0,1,0.0012277319328859448,1,production realized manifold deviation exceeds the dynamics-validity bound
1.8943926842184737,0,0.001509094494394958,0.27234471498989632,0.022716045379638672,27702,0.0084559212070234677,0,1,1,0,1,0.0013053090078756213,1,production realized manifold deviation exceeds the dynamics-validity bound
1.8943926842184737,1,0.0013053090078756213,0.25475150618173492,0.026618123054504395,27702,0.0084561460804230392,0,1,1,0,1,0.0012633672449737787,1,production realized manifold deviation exceeds the dynamics-validity bound
1.8943926842184737,2,0.0012633672449737787,0.25095748901367188,0.027563214302062988,27702,0.0084561925034896488,0,1,1,0,1,0.001254971488378942,1,production realized manifold deviation exceeds the dynamics-validity bound
1.8943926842184737,3,0.001254971488378942,0.25019097328186035,0.027751564979553223,27702,0.0084562018020337918,0,1,1,0,1,0.0012532990658655763,1,production realized manifold deviation exceeds the dynamics-validity bound
1.8943926842184737,4,0.0012532990658655763,0.25003793363940496,0.027784824371337891,27702,0.0084562036546033982,0,1,1,0,1,0.0012529668165370822,1,production realized manifold deviation exceeds the dynamics-validity bound
1.8943926842184737,5,0.0012529668165370822,0.25000757305289101,0.027790188789367676,27702,0.0084562040227983207,0,1,1,0,1,0.0012529004598036408,1,production realized manifold deviation exceeds the dynamics-validity bound
1.8943926842184737,6,0.0012529004598036408,0.25000150476348693,0.027792096138000488,27702,0.00845620409611339,0,1,1,0,1,0.0012528871884569526,1,production realized manifold deviation exceeds the dynamics-validity bound
1.8943926842184737,7,0.0012528871884569526,0.25000035762786865,0.027792096138000488,27702,0.0084562041111000755,0,1,1,0,1,0.0012528839288279414,1,production realized manifold deviation exceeds the dynamics-validity bound
1.898539729998447,0,0.0015089052030816674,0.27236883137382772,0.029461979866027832,30302,0.00972398195375687,0,1,1,0,1,0.001284824451431632,1,production realized manifold deviation exceeds the dynamics-validity bound
1.898539729998447,1,0.001284824451431632,0.25596439650164249,0.033402442932128906,30302,0.009723730239411468,0,1,1,0,1,0.0012277307687327266,1,production realized manifold deviation exceeds the dynamics-validity bound
1.898539729998447,2,0.0012277307687327266,0.25149691104888916,0.034528255462646484,30302,0.0097236658288020698,0,1,1,0,1,0.0012135668657720089,1,production realized manifold deviation exceeds the dynamics-validity bound
1.898539729998447,3,0.0012135668657720089,0.25036978721618652,0.03480827808380127,30302,0.0097236498325398556,0,1,1,0,1,0.0012100778985768557,1,production realized manifold deviation exceeds the dynamics-validity bound
1.898539729998447,4,0.0012100778985768557,0.25009071826934814,0.03488612174987793,30302,0.0097236458911065873,0,1,1,0,1,0.0012092224787920713,1,production realized manifold deviation exceeds the dynamics-validity bound
1.898539729998447,5,0.0012092224787920713,0.25002223618669173,0.034902095794677734,30302,0.0097236449245128986,0,1,1,0,1,0.0012090126983821392,1,production realized manifold deviation exceeds the dynamics-validity bound
1.898539729998447,6,0.0012090126983821392,0.25000560283660889,0.03490149974822998,30302,0.0097236446876566972,0,1,1,0,1,0.0012089598458260298,1,production realized manifold deviation exceeds the dynamics-validity bound
1.898539729998447,7,0.0012089598458260298,0.25000131130218506,0.034902453422546387,30302,0.0097236446280515448,0,1,1,0,1,0.0012089473893865943,1,production realized manifold deviation exceeds the dynamics-validity bound
1.898539729998447,8,0.0012089473893865943,0.2500002384185791,0.034902513027191162,30302,0.0097236446136910078,0,1,1,0,1,0.0012089449446648359,1,production realized manifold deviation exceeds the dynamics-validity bound
1.9025413377676159,0,0.0014979128027334809,0.26833438949674848,0.036121845245361328,33236,0.010889615595636407,0,1,1,0,1,0.0013173448387533426,1,production realized manifold deviation exceeds the dynamics-validity bound
1.9025413377676159,1,0.0013173448387533426,0.25536036491394043,0.038927197456359863,33236,0.010889796408267744,0,1,1,0,1,0.0012665868271142244,1,production realized manifold deviation exceeds the dynamics-validity bound
1.9025413377676159,2,0.0012665868271142244,0.25147246153135949,0.039838552474975586,33236,0.010889847371343221,0,1,1,0,1,0.0012527955695986748,1,production realized manifold deviation exceeds the dynamics-validity bound
1.9025413377676159,3,0.0012527955695986748,0.2503972053527832,0.040121257305145264,33236,0.010889861228553722,0,1,1,0,1,0.001249086344614625,1,production realized manifold deviation exceeds the dynamics-validity bound
1.9025413377676159,4,0.001249086344614625,0.25010650396611012,0.040202617645263672,33236,0.010889864956164981,0,1,1,0,1,0.0012480925070121884,1,production realized manifold deviation exceeds the dynamics-validity bound
1.9025413377676159,5,0.0012480925070121884,0.25002872943878174,0.040222108364105225,33236,0.01088986595527028,0,1,1,0,1,0.0012478242861106992,1,production realized manifold deviation exceeds the dynamics-validity bound
1.9025413377676159,6,0.0012478242861106992,0.2500077486038208,0.040228128433227539,33236,0.01088986622480303,0,1,1,0,1,0.0012477518757805228,1,production realized manifold deviation exceeds the dynamics-validity bound
1.9025413377676159,7,0.0012477518757805228,0.25000202683572592,0.040230214595794678,33236,0.010889866297583952,0,1,1,0,1,0.001247732900083065,1,production realized manifold deviation exceeds the dynamics-validity bound
1.9025413377676159,8,0.001247732900083065,0.25000044998080773,0.040230691432952881,33236,0.010889866316654903,0,1,1,0,1,0.0012477285927161574,1,production realized manifold deviation exceeds the dynamics-validity bound
1.9025413377676159,9,0.0012477285927161574,0.25000016822992821,0.040230751037597656,33236,0.01088986632094683,0,1,1,0,1,0.0012477269629016519,1,production realized manifold deviation exceeds the dynamics-validity bound
1.9025413377676159,10,0.0012477269629016519,0.25000011920928955,0.040230751037597656,33236,0.010889866322554526,0,1,1,0,1,0.0012477257987484336,1,production realized manifold deviation exceeds the dynamics-validity bound
1.90667131007649,0,0.0015230122953653336,0.26560554870718933,0.042065739631652832,35767,0.012050607438116047,0,1,1,0,1,0.0013639756944030523,1,production realized manifold deviation exceeds the dynamics-validity bound
1.90667131007649,1,0.0013639756944030523,0.25479165291179307,0.044147133827209473,35767,0.012050438376336599,0,1,1,0,1,0.0013168315635994077,1,production realized manifold deviation exceeds the dynamics-validity bound
1.90667131007649,2,0.0013168315635994077,0.25138282775878906,0.044824004173278809,35767,0.012050388111005481,0,1,1,0,1,0.001303365221247077,1,production realized manifold deviation exceeds the dynamics-validity bound
1.90667131007649,3,0.001303365221247077,0.25039350986480713,0.045024573802947998,35767,0.012050373740515053,0,1,1,0,1,0.0012995442375540733,1,production realized manifold deviation exceeds the dynamics-validity bound
1.90667131007649,4,0.0012995442375540733,0.25011157989501953,0.045090913772583008,35767,0.012050369662033491,0,1,1,0,1,0.0012984616914764047,1,production realized manifold deviation exceeds the dynamics-validity bound
1.90667131007649,5,0.0012984616914764047,0.25003147125244141,0.045104086399078369,35767,0.012050368506423843,0,1,1,0,1,0.0012981564505025744,1,production realized manifold deviation exceeds the dynamics-validity bound
1.90667131007649,6,0.0012981564505025744,0.25000882148742676,0.045105874538421631,35767,0.012050368180703607,0,1,1,0,1,0.0012980707688257098,1,production realized manifold deviation exceeds the dynamics-validity bound
1.90667131007649,7,0.0012980707688257098,0.25000262260437012,0.045107483863830566,35767,0.012050368089161238,0,1,1,0,1,0.0012980452738702297,1,production realized manifold deviation exceeds the dynamics-validity bound
1.90667131007649,8,0.0012980452738702297,0.25000059604644775,0.04510807991027832,35767,0.012050368061757044,0,1,1,0,1,0.0012980394531041384,1,production realized manifold deviation exceeds the dynamics-validity bound
1.90667131007649,9,0.0012980394531041384,0.25000011920928955,0.045108318328857422,35767,0.01205036805558571,0,1,1,0,1,0.0012980382889509201,1,production realized manifold deviation exceeds the dynamics-validity bound
1.90667131007649,10,0.0012980382889509201,0.25000001908408809,0.045108318328857422,35767,0.012050368054354912,0,1,1,0,1,0.0012980379397049546,1,production realized manifold deviation exceeds the dynamics-validity bound
1.90667131007649,11,0.0012980379397049546,0.25000011920928955,0.045108318328857422,35767,0.012050368053949583,0,1,1,0,1,0.0012980367755517364,1,production realized manifold deviation exceeds the dynamics-validity bound
1.90667131007649,12,0.0012980367755517364,0.25000011920928955,0.045108318328857422,35767,0.01205036805288616,0,1,1,0,1,0.0012980356113985181,1,production realized manifold deviation exceeds the dynamics-validity bound
1.9109215218340978,0,0.0014886828139424324,0.26779139041900635,0.046474754810333252,37435,0.011365924661907707,0,1,1,0,1,0.0013219418469816446,1,production realized manifold deviation exceeds the dynamics-validity bound
1.9109215218340978,1,0.0013219418469816446,0.25467944145202637,0.048474252223968506,37435,0.011366078216328774,0,1,1,0,1,0.0012700844090431929,1,production realized manifold deviation exceeds the dynamics-validity bound
1.9109215218340978,2,0.0012700844090431929,0.25143873691558838,0.049134194850921631,37435,0.011366126092866526,0,1,1,0,1,0.0012543380726128817,1,production realized manifold deviation exceeds the dynamics-validity bound
1.9109215218340978,3,0.0012543380726128817,0.25043511390686035,0.049349665641784668,37435,0.01136614064200115,0,1,1,0,1,0.0012495937990024686,1,production realized manifold deviation exceeds the dynamics-validity bound
1.9109215218340978,4,0.0012495937990024686,0.25013089179992676,0.049415767192840576,37435,0.011366145026429159,0,1,1,0,1,0.0012481682933866978,1,production realized manifold deviation exceeds the dynamics-validity bound
1.9109215218340978,5,0.0012481682933866978,0.25003945827484131,0.049432039260864258,37435,0.01136614634385303,0,1,1,0,1,0.0012477386044338346,1,production realized manifold deviation exceeds the dynamics-validity bound
1.9109215218340978,6,0.0012477386044338346,0.25001192092895508,0.049435019493103027,37435,0.011366146741127901,0,1,1,0,1,0.0012476086849346757,1,production realized manifold deviation exceeds the dynamics-validity bound
1.9109215218340978,7,0.0012476086849346757,0.25000331849280211,0.049436569213867188,37435,0.01136614686117257,0,1,1,0,1,0.0012475724797695875,1,production realized manifold deviation exceeds the dynamics-validity bound
1.9109215218340978,8,0.0012475724797695875,0.25000107288360596,0.049435973167419434,37435,0.011366146894581293,0,1,1,0,1,0.0012475606054067612,1,production realized manifold deviation exceeds the dynamics-validity bound
1.9109215218340978,9,0.0012475606054067612,0.25000035762786865,0.049435853958129883,37435,0.011366146905586504,0,1,1,0,1,0.0012475566472858191,1,production realized manifold deviation exceeds the dynamics-validity bound
1.9109215218340978,10,0.0012475566472858191,0.25000011920928955,0.049435853958129883,37435,0.011366146909065117,0,1,1,0,1,0.0012475552503019571,1,production realized manifold deviation exceeds the dynamics-validity bound
1.9109215218340978,11,0.0012475552503019571,0.25000011920928955,0.049435853958129883,37435,0.01136614691046672,0,1,1,0,1,0.0012475538533180952,1,production realized manifold deviation exceeds the dynamics-validity bound
1.9150383210508153,0,0.0015267083654180169,0.26885703203175315,0.051288843154907227,39561,0.012746246882827958,0,1,1,0,1,0.0013675718801096082,1,production realized manifold deviation exceeds the dynamics-validity bound
1.9150383210508153,1,0.0013675718801096082,0.25267877960084273,0.052881121635437012,39561,0.012746096639719883,0,1,1,0,1,0.001345332944765687,1,production realized manifold deviation exceeds the dynamics-validity bound
1.9150383210508153,2,0.001345332944765687,0.25037188199961879,0.053146064281463623,39561,0.012746075589966448,0,1,1,0,1,0.0013422525953501463,1,production realized manifold deviation exceeds the dynamics-validity bound
1.9150383210508153,3,0.0013422525953501463,0.25005140334143205,0.053168773651123047,39561,0.012746072672917651,0,1,1,0,1,0.0013418268645182252,1,production realized manifold deviation exceeds the dynamics-validity bound
1.9150383210508153,4,0.0013418268645182252,0.2500071245386688,0.053174018859863281,39561,0.012746072269985876,0,1,1,0,1,0.0013417677255347371,1,production realized manifold deviation exceeds the dynamics-validity bound
1.9150383210508153,5,0.0013417677255347371,0.25000095367431641,0.053175091743469238,39561,0.01274607221394693,0,1,1,0,1,0.0013417598092928529,1,production realized manifold deviation exceeds the dynamics-validity bound
1.9150383210508153,6,0.0013417598092928529,0.25000011920928955,0.053175210952758789,39561,0.01274607220624554,0,1,1,0,1,0.0013417587615549564,1,production realized manifold deviation exceeds the dynamics-validity bound
1.9163800798123702,0,0.0014570492785423994,0.25592041170718494,0.022478103637695312,19441,0.0050275558298819066,0,1,1,0,1,0.0014100110856816173,1,production realized manifold deviation exceeds the dynamics-validity bound
1.9163800798123702,1,0.0014100110856816173,0.25124549865722656,0.021014094352722168,19441,0.0050275008406324984,0,1,1,0,1,0.0014001843519508839,1,production realized manifold deviation exceeds the dynamics-validity bound
1.9163800798123702,2,0.0014001843519508839,0.2502586841583252,0.020708143711090088,19441,0.0050274893432731994,0,1,1,0,1,0.0013981463853269815,1,production realized manifold deviation exceeds the dynamics-validity bound
1.9163800798123702,3,0.0013981463853269815,0.2500537633895874,0.020655274391174316,19441,0.0050274869586136159,0,1,1,0,1,0.0013977228663861752,1,production realized manifold deviation exceeds the dynamics-validity bound
1.9163800798123702,4,0.0013977228663861752,0.25001096725463867,0.020642757415771484,19441,0.0050274864628760772,0,1,1,0,1,0.0013976363698020577,1,production realized manifold deviation exceeds the dynamics-validity bound
1.9163800798123702,5,0.0013976363698020577,0.25000226497650146,0.020639300346374512,19441,0.0050274863615604633,0,1,1,0,1,0.0013976184418424964,1,production realized manifold deviation exceeds the dynamics-validity bound
1.9163800798123702,6,0.0013976184418424964,0.2500004768371582,0.020638823509216309,19441,0.0050274863406905195,0,1,1,0,1,0.0013976144837215543,1,production realized manifold deviation exceeds the dynamics-validity bound
1.9163800798123702,7,0.0013976144837215543,0.25000011920928955,0.020638644695281982,19441,0.0050274863358700239,0,1,1,0,1,0.001397613319568336,1,production realized manifold deviation exceeds the dynamics-validity bound
1.9192459236364812,0,0.001504597021266818,0.27178578062178782,0.053676009178161621,34795,0.0067377132457248261,0,1,1,0,1,0.001316203735768795,1,production realized manifold deviation exceeds the dynamics-validity bound
1.9192459236364812,1,0.001316203735768795,0.25361871719360352,0.054861962795257568,34795,0.0067378283364779206,0,1,1,0,1,0.0012856372632086277,1,production realized manifold deviation exceeds the dynamics-validity bound
1.9192459236364812,2,0.0012856372632086277,0.25058865547180176,0.055066823959350586,34795,0.0067378470570172077,0,1,1,0,1,0.0012806841405108571,1,production realized manifold deviation exceeds the dynamics-validity bound
1.9192459236364812,3,0.0012806841405108571,0.25009524822235107,0.055115699768066406,34795,0.0067378500917923863,0,1,1,0,1,0.0012798832030966878,1,production realized manifold deviation exceeds the dynamics-validity bound
1.9192459236364812,4,0.0012798832030966878,0.2500154972076416,0.055118560791015625,34795,0.006737850582379243,0,1,1,0,1,0.0012797528179362416,1,production realized manifold deviation exceeds the dynamics-validity bound
1.9192459236364812,5,0.0012797528179362416,0.25000226497650146,0.055120229721069336,34795,0.0067378506623970583,0,1,1,0,1,0.0012797336094081402,1,production realized manifold deviation exceeds the dynamics-validity bound
1.9192459236364812,6,0.0012797336094081402,0.25000035762786865,0.055120348930358887,34795,0.0067378506741120137,0,1,1,0,1,0.0012797304661944509,1,production realized manifold deviation exceeds the dynamics-validity bound
1.9192459236364812,7,0.0012797304661944509,0.25000002115643438,0.055120468139648438,34795,0.0067378506760357622,0,1,1,0,1,0.0012797301169484854,1,production realized manifold deviation exceeds the dynamics-validity bound
1.9205256537534297,0,0.0014077031519263983,0.25253582000732422,0.021947085857391357,20371,0.0037383738750626796,0,1,1,0,1,0.0013871672563254833,1,production realized manifold deviation exceeds the dynamics-validity bound
1.9205256537534297,1,0.0013871672563254833,0.25057744979858398,0.021279096603393555,20371,0.0037383933121611394,0,1,1,0,1,0.001382506568916142,1,production realized manifold deviation exceeds the dynamics-validity bound
1.9205256537534297,2,0.001382506568916142,0.25013089179992676,0.021124422550201416,20371,0.0037383977249122141,0,1,1,0,1,0.0013814507983624935,1,production realized manifold deviation exceeds the dynamics-validity bound
1.9205256537534297,3,0.0013814507983624935,0.25002912627221652,0.021101474761962891,20371,0.0037383987245123138,0,1,1,0,1,0.0013812158722430468,1,production realized manifold deviation exceeds the dynamics-validity bound
1.9205256537534297,4,0.0013812158722430468,0.25000691413879395,0.02109062671661377,20371,0.0037383989468137055,0,1,1,0,1,0.0013811599928885698,1,production realized manifold deviation exceeds the dynamics-validity bound
1.9205256537534297,5,0.0013811599928885698,0.25000128998194615,0.021087944507598877,20371,0.0037383989998125379,0,1,1,0,1,0.0013811495155096054,1,production realized manifold deviation exceeds the dynamics-validity bound
1.9205256537534297,6,0.0013811495155096054,0.25000035762786865,0.021087527275085449,20371,0.0037383990098243656,0,1,1,0,1,0.0013811464887112379,1,production realized manifold deviation exceeds the dynamics-validity bound
1.9205256537534297,7,0.0013811464887112379,0.25000001192450894,0.021087229251861572,20371,0.0037383990125534291,0,1,1,0,1,0.0013811462558805943,1,production realized manifold deviation exceeds the dynamics-validity bound
1.923369555734098,0,0.0015212531434372067,0.27359671460708235,0.055806756019592285,40050,0.010312143312808959,0,1,1,0,1,0.0012748073786497116,1,production realized manifold deviation exceeds the dynamics-validity bound
1.923369555734098,1,0.0012748073786497116,0.25513458251953125,0.057612180709838867,40050,0.010311949753172716,0,1,1,0,1,0.0012233461020514369,1,production realized manifold deviation exceeds the dynamics-validity bound
1.923369555734098,2,0.0012233461020514369,0.25107944011688232,0.05802607536315918,40050,0.010311909169611272,0,1,1,0,1,0.0012126221554353833,1,production realized manifold deviation exceeds the dynamics-validity bound
1.923369555734098,3,0.0012126221554353833,0.25022757053375244,0.05813145637512207,40050,0.010311900705366044,0,1,1,0,1,0.0012103654444217682,1,production realized manifold deviation exceeds the dynamics-validity bound
1.923369555734098,4,0.0012103654444217682,0.25004759905771889,0.058153390884399414,40050,0.01031189892386908,0,1,1,0,1,0.0012098934967070818,1,production realized manifold deviation exceeds the dynamics-validity bound
1.923369555734098,5,0.0012098934967070818,0.25001013278961182,0.058158278465270996,40050,0.010311898551103801,0,1,1,0,1,0.0012097930302843451,1,production realized manifold deviation exceeds the dynamics-validity bound
1.923369555734098,6,0.0012097930302843451,0.25000208294516524,0.058159351348876953,40050,0.010311898471669767,0,1,1,0,1,0.00120977230835706,1,production realized manifold deviation exceeds the dynamics-validity bound
1.923369555734098,7,0.00120977230835706,0.25000039517277672,0.058159589767456055,40050,0.01031189845547675,0,1,1,0,1,0.001209768233820796,1,production realized manifold deviation exceeds the dynamics-validity bound
1.923369555734098,8,0.001209768233820796,0.25000000131843558,0.058159589767456055,40050,0.010311898452247541,0,1,1,0,1,0.0012097681174054742,1,production realized manifold deviation exceeds the dynamics-validity bound
1.923369555734098,9,0.0012097681174054742,0.25000000130486821,0.058159589767456055,40050,0.01031189845211552,0,1,1,0,1,0.0012097680009901524,1,production realized manifold deviation exceeds the dynamics-validity bound
1.923369555734098,10,0.0012097680009901524,0.25000000130486821,0.058159589767456055,40050,0.010311898451933758,0,1,1,0,1,0.0012097678845748305,1,production realized manifold deviation exceeds the dynamics-validity bound
1.923369555734098,11,0.0012097678845748305,0.25000000131843558,0.058159589767456055,40050,0.010311898451862868,0,1,1,0,1,0.0012097677681595087,1,production realized manifold deviation exceeds the dynamics-validity bound
1.9273553251987323,0,0.0015333673218265176,0.26207533506586289,0.059752821922302246,42141,0.013077385938596678,0,1,1,0,1,0.0014072861522436142,1,production realized manifold deviation exceeds the dynamics-validity bound
1.9273553251987323,1,0.0014072861522436142,0.25252235261484657,0.060621321201324463,42141,0.013077476488810174,0,1,1,0,1,0.0013814334524795413,1,production realized manifold deviation exceeds the dynamics-validity bound
1.9273553251987323,2,0.0013814334524795413,0.25051641579580486,0.0608367919921875,42141,0.013077495088379652,0,1,1,0,1,0.0013761605368927121,1,production realized manifold deviation exceeds the dynamics-validity bound
1.9273553251987323,3,0.0013761605368927121,0.25010526999801663,0.060873866081237793,42141,0.013077498883415382,0,1,1,0,1,0.001375086372718215,1,production realized manifold deviation exceeds the dynamics-validity bound
1.9273553251987323,4,0.001375086372718215,0.25002157688140869,0.060883641242980957,42141,0.013077499656313569,0,1,1,0,1,0.0013748661149293184,1,production realized manifold deviation exceeds the dynamics-validity bound
1.9273553251987323,5,0.0013748661149293184,0.25000441074371338,0.06088566780090332,42141,0.013077499815173607,0,1,1,0,1,0.0013748209457844496,1,production realized manifold deviation exceeds the dynamics-validity bound
1.9273553251987323,6,0.0013748209457844496,0.25000083446502686,0.060886144638061523,42141,0.01307749984748495,0,1,1,0,1,0.0013748123310506344,1,production realized manifold deviation exceeds the dynamics-validity bound
1.9273553251987323,7,0.0013748123310506344,0.25000035762786865,0.060886263847351074,42141,0.013077499853585271,0,1,1,0,1,0.0013748086057603359,1,production realized manifold deviation exceeds the dynamics-validity bound
1.9287301338044927,0,0.0014778992626816034,0.26343597659009066,0.01976478099822998,24209,0.0054724196163209232,0,1,1,0,1,0.0013504396192729473,1,production realized manifold deviation exceeds the dynamics-validity bound
1.9287301338044927,1,0.0013504396192729473,0.25401735305786133,0.016169309616088867,24209,0.0054725372034480062,0,1,1,0,1,0.001313375192694366,1,production realized manifold deviation exceeds the dynamics-validity bound
1.9287301338044927,2,0.001313375192694366,0.25115780833714507,0.015397846698760986,24209,0.0054725714636152684,0,1,1,0,1,0.0013027791865170002,1,production realized manifold deviation exceeds the dynamics-validity bound
1.9287301338044927,3,0.0013027791865170002,0.25033020770623171,0.015213131904602051,24209,0.0054725812634369535,0,1,1,0,1,0.0012997641460970044,1,production realized manifold deviation exceeds the dynamics-validity bound
1.9287301338044927,4,0.0012997641460970044,0.25009381608400916,0.015172243118286133,24209,0.0054725840523296328,0,1,1,0,1,0.0012989080278202891,1,production realized manifold deviation exceeds the dynamics-validity bound
1.9287301338044927,5,0.0012989080278202891,0.25002658367156982,0.015153169631958008,24209,0.0054725848443721312,0,1,1,0,1,0.00129866530187428,1,production realized manifold deviation exceeds the dynamics-validity bound
1.9287301338044927,6,0.00129866530187428,0.25000749113951359,0.015147268772125244,24209,0.0054725850687637372,0,1,1,0,1,0.0012985968496650457,1,production realized manifold deviation exceeds the dynamics-validity bound
1.9287301338044927,7,0.0012985968496650457,0.25000226497650146,0.015145599842071533,24209,0.005472585132075442,0,1,1,0,1,0.0012985761277377605,1,production realized manifold deviation exceeds the dynamics-validity bound
1.9287301338044927,8,0.0012985761277377605,0.25000050161659781,0.015145957469940186,24209,0.0054725851516744025,0,1,1,0,1,0.0012985714711248875,1,production realized manifold deviation exceeds the dynamics-validity bound
1.9287301338044927,9,0.0012985714711248875,0.25000035762786865,0.015146017074584961,24209,0.0054725851552909132,0,1,1,0,1,0.0012985680950805545,1,production realized manifold deviation exceeds the dynamics-validity bound
1.932975381729193,0,0.0014763145009055734,0.26430276549946496,0.016739249229431152,26559,0.0071419179710394097,0,1,1,0,1,0.0013053540606051683,1,production realized manifold deviation exceeds the dynamics-validity bound
1.932975381729193,1,0.0013053540606051683,0.25496113300323486,0.018250346183776855,26559,0.0071417342904433667,0,1,1,0,1,0.0012486306950449944,1,production realized manifold deviation exceeds the dynamics-validity bound
1.932975381729193,2,0.0012486306950449944,0.25163280963897705,0.019782960414886475,26559,0.007141673153149947,0,1,1,0,1,0.0012302367249503732,1,production realized manifold deviation exceeds the dynamics-validity bound
1.932975381729193,3,0.0012302367249503732,0.25052759919933121,0.020328879356384277,26559,0.0071416533068834713,0,1,1,0,1,0.0012243216624483466,1,production realized manifold deviation exceeds the dynamics-validity bound
1.932975381729193,4,0.0012243216624483466,0.25016951560974121,0.020501971244812012,26559,0.0071416469226150067,0,1,1,0,1,0.0012224240927025676,1,production realized manifold deviation exceeds the dynamics-validity bound
1.932975381729193,5,0.0012224240927025676,0.25005435943603516,0.020555257797241211,26559,0.0071416448741502244,0,1,1,0,1,0.0012218157062307,1,production realized manifold deviation exceeds the dynamics-validity bound
1.932975381729193,6,0.0012218157062307,0.25001740455627441,0.020574331283569336,26559,0.0071416442175116692,0,1,1,0,1,0.0012216208269819617,1,production realized manifold deviation exceeds the dynamics-validity bound
1.932975381729193,7,0.0012216208269819617,0.25000560283660889,0.020577967166900635,26559,0.0071416440074598131,0,1,1,0,1,0.001221558079123497,1,production realized manifold deviation exceeds the dynamics-validity bound
1.932975381729193,8,0.001221558079123497,0.25000170607058014,0.020579934120178223,26559,0.0071416439393261495,0,1,1,0,1,0.0012215388705953956,1,production realized manifold deviation exceeds the dynamics-validity bound
1.932975381729193,9,0.0012215388705953956,0.25000051436765758,0.020579814910888672,26559,0.0071416439189181417,0,1,1,0,1,0.0012215330498293042,1,production realized manifold deviation exceeds the dynamics-validity bound
1.932975381729193,10,0.0012215330498293042,0.25000031027257652,0.020579814910888672,26559,0.007141643912474605,0,1,1,0,1,0.0012215294409543276,1,production realized manifold deviation exceeds the dynamics-validity bound
1.9370186441810802,0,0.0014868055004626513,0.25256118197212274,0.022047281265258789,29207,0.0086861175895435148,0,1,1,0,1,0.0014516434166580439,1,production realized manifold deviation exceeds the dynamics-validity bound
1.9370186441810802,1,0.0014516434166580439,0.25097888884684982,0.022713422775268555,29207,0.0086861471081466617,0,1,1,0,1,0.0014383275993168354,1,production realized manifold deviation exceeds the dynamics-validity bound
1.9370186441810802,2,0.0014383275993168354,0.25037097930908203,0.022973060607910156,29207,0.0086861582929484253,0,1,1,0,1,0.0014332986902445555,1,production realized manifold deviation exceeds the dynamics-validity bound
1.9370186441810802,3,0.0014332986902445555,0.25014019012451172,0.023069620132446289,29207,0.008686162517838325,0,1,1,0,1,0.001431400771252811,1,production realized manifold deviation exceeds the dynamics-validity bound
1.9370186441810802,4,0.001431400771252811,0.25005297059089848,0.02310335636138916,29207,0.0086861641124538168,0,1,1,0,1,0.0014306838857010007,1,production realized manifold deviation exceeds the dynamics-validity bound
1.9370186441810802,5,0.0014306838857010007,0.25002002716064453,0.02311551570892334,29207,0.0086861647147670178,0,1,1,0,1,0.0014304128708317876,1,production realized manifold deviation exceeds the dynamics-validity bound
1.9370186441810802,6,0.0014304128708317876,0.25000739097595215,0.023122429847717285,29207,0.0086861649425720201,0,1,1,0,1,0.0014303128700703382,1,production realized manifold deviation exceeds the dynamics-validity bound
1.9370186441810802,7,0.0014303128700703382,0.25000298023223877,0.023125588893890381,29207,0.008686165026501165,0,1,1,0,1,0.0014302724739536643,1,production realized manifold deviation exceeds the dynamics-validity bound
1.9370186441810802,8,0.0014302724739536643,0.25000091118289935,0.023126721382141113,29207,0.008686165060618754,0,1,1,0,1,0.0014302600175142288,1,production realized manifold deviation exceeds the dynamics-validity bound
1.9370186441810802,9,0.0014302600175142288,0.25000030014372476,0.023126482963562012,29207,0.0086861650708541099,0,1,1,0,1,0.0014302558265626431,1,production realized manifold deviation exceeds the dynamics-validity bound
1.9370186441810802,10,0.0014302558265626431,0.25000011920928955,0.023126482963562012,29207,0.0086861650746105704,0,1,1,0,1,0.0014302541967481375,1,production realized manifold deviation exceeds the dynamics-validity bound
1.9370186441810802,11,0.0014302541967481375,0.25000011920928955,0.023126602172851562,29207,0.0086861650758765351,0,1,1,0,1,0.0014302525669336319,1,production realized manifold deviation exceeds the dynamics-validity bound
1.9370186441810802,12,0.0014302525669336319,0.25000011920928955,0.023126602172851562,29207,0.0086861650773244464,0,1,1,0,1,0.0014302509371191263,1,production realized manifold deviation exceeds the dynamics-validity bound
1.9413955541094765,0,0.0014622075250372291,0.25459349947934418,0.024198770523071289,25572,0.0044016573138044085,0,1,1,0,1,0.0014163003070279956,1,production realized manifold deviation exceeds the dynamics-validity bound
1.9413955541094765,1,0.0014163003070279956,0.25104320147348669,0.024840831756591797,25572,0.0044016187637587285,0,1,1,0,1,0.0014059507520869374,1,production realized manifold deviation exceeds the dynamics-validity bound
1.9413955541094765,2,0.0014059507520869374,0.25023508071899414,0.024997830390930176,25572,0.004401610066078674,0,1,1,0,1,0.0014036223292350769,1,production realized manifold deviation exceeds the dynamics-validity bound
1.9413955541094765,3,0.0014036223292350769,0.25005282568474119,0.025033831596374512,25572,0.00440160810892779,0,1,1,0,1,0.0014030991587787867,1,production realized manifold deviation exceeds the dynamics-validity bound
1.9413955541094765,4,0.0014030991587787867,0.25001178854299311,0.025041103363037109,25572,0.004401607669272954,0,1,1,0,1,0.0014029823942109942,1,production realized manifold deviation exceeds the dynamics-validity bound
1.9413955541094765,5,0.0014029823942109942,0.25000274181365967,0.025043725967407227,25572,0.0044016075712754021,0,1,1,0,1,0.0014029551530256867,1,production realized manifold deviation exceeds the dynamics-validity bound
1.9413955541094765,6,0.0014029551530256867,0.25000083446502686,0.025044500827789307,25572,0.0044016075481434387,0,1,1,0,1,0.001402946887537837,1,production realized manifold deviation exceeds the dynamics-validity bound
1.9413955541094765,7,0.001402946887537837,0.25000011920928955,0.025044798851013184,25572,0.0044016075410963926,0,1,1,0,1,0.0014029456069692969,1,production realized manifold deviation exceeds the dynamics-validity bound
1.9560822419589385,0,0.001468852162361145,0.25413167476654053,0.04915165901184082,10283,0.0034818019181558956,0,1,1,0,1,0.0014332177815958858,1,production realized manifold deviation exceeds the dynamics-validity bound
1.9560822419589385,1,0.0014332177815958858,0.25069844722747803,0.048185467720031738,10283,0.0034818070728201977,0,1,1,0,1,0.0014272189000621438,1,production realized manifold deviation exceeds the dynamics-validity bound
1.9560822419589385,2,0.0014272189000621438,0.25011765956878662,0.048006713390350342,10283,0.0034818079408930939,0,1,1,0,1,0.0014262089971452951,1,production realized manifold deviation exceeds the dynamics-validity bound
1.9560822419589385,3,0.0014262089971452951,0.25001943915528302,0.047972559928894043,10283,0.0034818080871597138,0,1,1,0,1,0.0014260420575737953,1,production realized manifold deviation exceeds the dynamics-validity bound
1.9560822419589385,4,0.0014260420575737953,0.25000323477671427,0.047967016696929932,10283,0.0034818081113053997,0,1,1,0,1,0.0014260142343118787,1,production realized manifold deviation exceeds the dynamics-validity bound
1.9560822419589385,5,0.0014260142343118787,0.25000059604644775,0.047967433929443359,10283,0.0034818081153015091,0,1,1,0,1,0.0014260089956223965,1,production realized manifold deviation exceeds the dynamics-validity bound
1.9560822419589385,6,0.0014260089956223965,0.25000011920928955,0.047967433929443359,10283,0.003481808116092474,0,1,1,0,1,0.0014260078314691782,1,production realized manifold deviation exceeds the dynamics-validity bound
1.9604605563217774,0,0.0014315954176709056,0.25522405477406207,0.047877669334411621,11464,0.0037409036342955851,0,1,1,0,1,0.0013903386425226927,1,production realized manifold deviation exceeds the dynamics-validity bound
1.9604605563217774,1,0.0013903386425226927,0.250826536612478,0.046874701976776123,11464,0.0037408925740249448,0,1,1,0,1,0.0013838415034115314,1,production realized manifold deviation exceeds the dynamics-validity bound
1.9604605563217774,2,0.0013838415034115314,0.25012984662767157,0.046728253364562988,11464,0.0037408908310143144,0,1,1,0,1,0.0013828214723616838,1,production realized manifold deviation exceeds the dynamics-validity bound
1.9604605563217774,3,0.0013828214723616838,0.25002038478851318,0.046705245971679688,11464,0.003740890557364106,0,1,1,0,1,0.00138266128487885,1,production realized manifold deviation exceeds the dynamics-validity bound
1.9604605563217774,4,0.00138266128487885,0.25000333786010742,0.046699285507202148,11464,0.0037408905144401925,0,1,1,0,1,0.0013826349750161171,1,production realized manifold deviation exceeds the dynamics-validity bound
1.9604605563217774,5,0.0013826349750161171,0.25000035762786865,0.046698331832885742,11464,0.0037408905075075835,0,1,1,0,1,0.0013826320646330714,1,production realized manifold deviation exceeds the dynamics-validity bound
1.9604605563217774,6,0.0013826320646330714,0.25000001527168836,0.046698212623596191,11464,0.0037408905067211028,0,1,1,0,1,0.0013826318318024278,1,production realized manifold deviation exceeds the dynamics-validity bound
1.9647682990180328,0,0.0014783283695578575,0.25909949238486418,0.049323678016662598,12737,0.0042650133057289437,0,1,1,0,1,0.0014050363097339869,1,production realized manifold deviation exceeds the dynamics-validity bound
1.9647682990180328,1,0.0014050363097339869,0.25146698951721191,0.047807455062866211,12737,0.0042650168971324898,0,1,1,0,1,0.0013933188747614622,1,production realized manifold deviation exceeds the dynamics-validity bound
1.9647682990180328,2,0.0013933188747614622,0.25023341178894043,0.047565817832946777,12737,0.0042650174719407749,0,1,1,0,1,0.0013914569281041622,1,production realized manifold deviation exceeds the dynamics-validity bound
1.9647682990180328,3,0.0013914569281041622,0.25003673619757039,0.047533273696899414,12737,0.0042650175632182518,0,1,1,0,1,0.001391163794323802,1,production realized manifold deviation exceeds the dynamics-validity bound
1.9647682990180328,4,0.001391163794323802,0.25000619888305664,0.047523617744445801,12737,0.0042650175776564759,0,1,1,0,1,0.0013911142013967037,1,production realized manifold deviation exceeds the dynamics-validity bound
1.9647682990180328,5,0.0013911142013967037,0.25000059604644775,0.047524213790893555,12737,0.0042650175800508514,0,1,1,0,1,0.001391109311953187,1,production realized manifold deviation exceeds the dynamics-validity bound
1.9647682990180328,6,0.001391109311953187,0.25000006326528146,0.047524213790893555,12737,0.0042650175803245769,0,1,1,0,1,0.0013911087298765779,1,production realized manifold deviation exceeds the dynamics-validity bound
1.9691300505073741,0,0.0014336762251332402,0.26583552360534668,0.047116696834564209,14366,0.0047648716959582107,0,1,1,0,1,0.0013051367131993175,1,production realized manifold deviation exceeds the dynamics-validity bound
1.9691300505073741,1,0.0013051367131993175,0.25289487838745117,0.044982075691223145,14366,0.0047648319088702202,0,1,1,0,1,0.0012820539996027946,1,production realized manifold deviation exceeds the dynamics-validity bound
1.9691300505073741,2,0.0012820539996027946,0.25051462650299072,0.044661998748779297,14366,0.0047648247489079573,0,1,1,0,1,0.0012779635144397616,1,production realized manifold deviation exceeds the dynamics-validity bound
1.9691300505073741,3,0.0012779635144397616,0.25009095668792725,0.044608950614929199,14366,0.0047648234796935762,0,1,1,0,1,0.0012772409245371819,1,production realized manifold deviation exceeds the dynamics-validity bound
1.9691300505073741,4,0.0012772409245371819,0.25001621246337891,0.04459834098815918,14366,0.0047648232552904403,0,1,1,0,1,0.0012771120527759194,1,production realized manifold deviation exceeds the dynamics-validity bound
1.9691300505073741,5,0.0012771120527759194,0.2500027170876955,0.044596552848815918,14366,0.0047648232153280458,0,1,1,0,1,0.0012770903995260596,1,production realized manifold deviation exceeds the dynamics-validity bound
1.9691300505073741,6,0.0012770903995260596,0.25000052409058848,0.044595718383789062,14366,0.0047648232087180026,0,1,1,0,1,0.001277086092159152,1,production realized manifold deviation exceeds the dynamics-validity bound
1.9691300505073741,7,0.001277086092159152,0.25000011920928955,0.044595599174499512,14366,0.0047648232073049203,0,1,1,0,1,0.0012770850444212556,1,production realized manifold deviation exceeds the dynamics-validity bound
1.9732801032951102,0,0.001482197898440063,0.28092718124389648,0.047421634197235107,17134,0.0063765370331560402,0,1,1,0,1,0.0011859390651807189,1,production realized manifold deviation exceeds the dynamics-validity bound
1.9732801032951102,1,0.0011859390651807189,0.25699388980865479,0.044090807437896729,17134,0.0063765751779640044,0,1,1,0,1,0.0011225251946598291,1,production realized manifold deviation exceeds the dynamics-validity bound
1.9732801032951102,2,0.0011225251946598291,0.25142312049865723,0.04358971118927002,17134,0.0063765833775458062,0,1,1,0,1,0.0011097682872787118,1,production realized manifold deviation exceeds the dynamics-validity bound
1.9732801032951102,3,0.0011097682872787118,0.25028395303293816,0.043525040149688721,17134,0.0063765850284740275,0,1,1,0,1,0.0011072286870330572,1,production realized manifold deviation exceeds the dynamics-validity bound
1.9732801032951102,4,0.0011072286870330572,0.25005648998030594,0.043491780757904053,17134,0.0063765853572794341,0,1,1,0,1,0.0011067235609516501,1,production realized manifold deviation exceeds the dynamics-validity bound
1.9732801032951102,5,0.0011067235609516501,0.25001132488250732,0.043498873710632324,17134,0.0063765854226890128,0,1,1,0,1,0.0011066222796216607,1,production realized manifold deviation exceeds the dynamics-validity bound
1.9732801032951102,6,0.0011066222796216607,0.25000208869091112,0.043497562408447266,17134,0.0063765854358009411,0,1,1,0,1,0.0011066035367548466,1,production realized manifold deviation exceeds the dynamics-validity bound
1.9732801032951102,7,0.0011066035367548466,0.2500004768371582,0.043497443199157715,17134,0.006376585438177187,0,1,1,0,1,0.001106599229387939,1,production realized manifold deviation exceeds the dynamics-validity bound
1.9732801032951102,8,0.001106599229387939,0.25000011920928955,0.043497323989868164,17134,0.0063765854387551491,0,1,1,0,1,0.0011065980652347207,1,production realized manifold deviation exceeds the dynamics-validity bound
1.981275956146419,0,0.0014853402972221375,0.25969642589031294,0.05039370059967041,19336,0.0049375299194163854,0,1,1,0,1,0.0013795292470604181,1,production realized manifold deviation exceeds the dynamics-validity bound
1.981275956146419,1,0.0013795292470604181,0.25261188079985519,0.049591422080993652,19336,0.0049375258462967453,0,1,1,0,1,0.001351604238152504,1,production realized manifold deviation exceeds the dynamics-validity bound
1.981275956146419,2,0.001351604238152504,0.25068919657458677,0.049382507801055908,19336,0.0049375247691852611,0,1,1,0,1,0.0013442755443975329,1,production realized manifold deviation exceeds the dynamics-validity bound
1.981275956146419,3,0.0013442755443975329,0.25018095970153809,0.049330711364746094,19336,0.0049375244863651569,0,1,1,0,1,0.0013423538766801357,1,production realized manifold deviation exceeds the dynamics-validity bound
1.981275956146419,4,0.0013423538766801357,0.25004734852277455,0.049315810203552246,19336,0.0049375244121864382,0,1,1,0,1,0.001341851195320487,1,production realized manifold deviation exceeds the dynamics-validity bound
1.981275956146419,5,0.001341851195320487,0.25001242875617469,0.049315810203552246,19336,0.0049375243927893301,0,1,1,0,1,0.0013417191803455353,1,production realized manifold deviation exceeds the dynamics-validity bound
1.981275956146419,6,0.0013417191803455353,0.25000321865081787,0.049316763877868652,19336,0.0049375243877063917,0,1,1,0,1,0.0013416848378255963,1,production realized manifold deviation exceeds the dynamics-validity bound
1.981275956146419,7,0.0013416848378255963,0.25000083446502686,0.049315989017486572,19336,0.0049375243863640384,0,1,1,0,1,0.0013416758738458157,1,production realized manifold deviation exceeds the dynamics-validity bound
1.981275956146419,8,0.0013416758738458157,0.2500002384185791,0.049315929412841797,19336,0.0049375243860276599,0,1,1,0,1,0.0013416731962934136,1,production realized manifold deviation exceeds the dynamics-validity bound
1.9856521978508681,0,0.0014740511542186141,0.25544190406799316,0.052087664604187012,24318,0.0085980460880613081,0,1,1,0,1,0.0014096687082201242,1,production realized manifold deviation exceeds the dynamics-validity bound
1.9856521978508681,1,0.0014096687082201242,0.25120961666107178,0.051910459995269775,24318,0.0085980408438414303,0,1,1,0,1,0.0013955016620457172,1,production realized manifold deviation exceeds the dynamics-validity bound
1.9856521978508681,2,0.0013955016620457172,0.25026620490726681,0.051865041255950928,24318,0.0085980396884741146,0,1,1,0,1,0.0013923906954005361,1,production realized manifold deviation exceeds the dynamics-validity bound
1.9856521978508681,3,0.0013923906954005361,0.25005841255187988,0.051861166954040527,24318,0.008598039434710025,0,1,1,0,1,0.0013917083851993084,1,production realized manifold deviation exceeds the dynamics-validity bound
1.9856521978508681,4,0.0013917083851993084,0.25001300303819152,0.051855325698852539,24318,0.008598039379104902,0,1,1,0,1,0.0013915564632043242,1,production realized manifold deviation exceeds the dynamics-validity bound
1.9856521978508681,5,0.0013915564632043242,0.25000286102294922,0.051853775978088379,24318,0.0085980393667004947,0,1,1,0,1,0.0013915230520069599,1,production realized manifold deviation exceeds the dynamics-validity bound
1.9856521978508681,6,0.0013915230520069599,0.25000059604644775,0.051854372024536133,24318,0.0085980393639677188,0,1,1,0,1,0.0013915159506723285,1,production realized manifold deviation exceeds the dynamics-validity bound
1.9856521978508681,7,0.0013915159506723285,0.25000011920928955,0.051854133605957031,24318,0.0085980393633339116,0,1,1,0,1,0.0013915145536884665,1,production realized manifold deviation exceeds the dynamics-validity bound
1.9899237675126642,0,0.0014607877237722278,0.26342793071951487,0.054173111915588379,22632,0.0048759918184421427,0,1,1,0,1,0.001293722540140152,1,production realized manifold deviation exceeds the dynamics-validity bound
1.9899237675126642,1,0.001293722540140152,0.25385022163391113,0.053563475608825684,22632,0.0048759988771476274,0,1,1,0,1,0.0012475298717617989,1,production realized manifold deviation exceeds the dynamics-validity bound
1.9899237675126642,2,0.0012475298717617989,0.25107264518737793,0.053462386131286621,22632,0.0048760008337169159,0,1,1,0,1,0.001234792172908783,1,production realized manifold deviation exceeds the dynamics-validity bound
1.9899237675126642,3,0.001234792172908783,0.25029623508453369,0.053440570831298828,22632,0.0048760013736062974,0,1,1,0,1,0.0012312843464314938,1,production realized manifold deviation exceeds the dynamics-validity bound
1.9899237675126642,4,0.0012312843464314938,0.25008152820623075,0.053438425064086914,22632,0.0048760015223200436,0,1,1,0,1,0.001230319612659514,1,production realized manifold deviation exceeds the dynamics-validity bound
1.9899237675126642,5,0.001230319612659514,0.25002264976501465,0.053431510925292969,22632,0.0048760015632487016,0,1,1,0,1,0.0012300516245886683,1,production realized manifold deviation exceeds the dynamics-validity bound
1.9899237675126642,6,0.0012300516245886683,0.25000619888305664,0.053432047367095947,22632,0.0048760015746656159,0,1,1,0,1,0.0012299781665205956,1,production realized manifold deviation exceeds the dynamics-validity bound
1.9899237675126642,7,0.0012299781665205956,0.25000166893005371,0.053433001041412354,22632,0.0048760015776937718,0,1,1,0,1,0.0012299582595005631,1,production realized manifold deviation exceeds the dynamics-validity bound
1.9899237675126642,8,0.0012299582595005631,0.25000059604644775,0.053433239459991455,22632,0.0048760015785698279,0,1,1,0,1,0.0012299511581659317,1,production realized manifold deviation exceeds the dynamics-validity bound
1.99985867284704,0,0.0014607352204620838,0.2661745548248291,0.029456377029418945,14021,0.0033148223422922465,0,1,1,0,1,0.0013325336622074246,1,production realized manifold deviation exceeds the dynamics-validity bound
1.99985867284704,1,0.0013325336622074246,0.25271895337998318,0.028232097625732422,14021,0.0033148064351789792,0,1,1,0,1,0.0013113258173689246,1,production realized manifold deviation exceeds the dynamics-validity bound
1.99985867284704,2,0.0013113258173689246,0.2504441841435423,0.028079807758331299,14021,0.0033148037977563834,0,1,1,0,1,0.0013078702613711357,1,production realized manifold deviation exceeds the dynamics-validity bound
1.99985867284704,3,0.0013078702613711357,0.25007236003875732,0.028048992156982422,14021,0.0033148033678934482,0,1,1,0,1,0.0013073073932901025,1,production realized manifold deviation exceeds the dynamics-validity bound
1.99985867284704,4,0.0013073073932901025,0.25001168251037598,0.028044700622558594,14021,0.0033148032978737164,0,1,1,0,1,0.0013072164729237556,1,production realized manifold deviation exceeds the dynamics-validity bound
1.99985867284704,5,0.0013072164729237556,0.25000176136730223,0.02804267406463623,14021,0.0033148032865946151,0,1,1,0,1,0.0013072026195004582,1,production realized manifold deviation exceeds the dynamics-validity bound
1.99985867284704,6,0.0013072026195004582,0.25000028088775106,0.028042912483215332,14021,0.0033148032848633346,0,1,1,0,1,0.0013072002911940217,1,production realized manifold deviation exceeds the dynamics-validity bound
2.0041528253350407,0,0.0015105103375390172,0.28143036365509033,0.031673848628997803,24690,0.0076384390100378476,0,1,1,0,1,0.0012141593033447862,1,production realized manifold deviation exceeds the dynamics-validity bound
2.0041528253350407,1,0.0012141593033447862,0.25662553310394287,0.031183600425720215,24690,0.0076384705243162819,0,1,1,0,1,0.0011547453468665481,1,production realized manifold deviation exceeds the dynamics-validity bound
2.0041528253350407,2,0.0011547453468665481,0.25126469135284424,0.031625926494598389,24690,0.007638476870029466,0,1,1,0,1,0.00114351452793926,1,production realized manifold deviation exceeds the dynamics-validity bound
2.0041528253350407,3,0.00114351452793926,0.25023806095123291,0.031737208366394043,24690,0.0076384780706440511,0,1,1,0,1,0.0011414042674005032,1,production realized manifold deviation exceeds the dynamics-validity bound
2.0041528253350407,4,0.0011414042674005032,0.25004449878275326,0.031754732131958008,24690,0.0076384782962279543,0,1,1,0,1,0.0011410098522901535,1,production realized manifold deviation exceeds the dynamics-validity bound
2.0041528253350407,5,0.0011410098522901535,0.25000834465026855,0.031753897666931152,24690,0.0076384783383485538,0,1,1,0,1,0.0011409356957301497,1,production realized manifold deviation exceeds the dynamics-validity bound
2.0041528253350407,6,0.0011409356957301497,0.25000145989823896,0.031755208969116211,24690,0.0076384783463487177,0,1,1,0,1,0.0011409226572141051,1,production realized manifold deviation exceeds the dynamics-validity bound
2.0041528253350407,7,0.0011409226572141051,0.25000035762786865,0.031755924224853516,24690,0.0076384783477005617,0,1,1,0,1,0.001140919397585094,1,production realized manifold deviation exceeds the dynamics-validity bound
2.0079292685259134,0,0.0014653998659923673,0.25693478488884258,0.034869790077209473,29410,0.0094086701719016796,0,1,1,0,1,0.0013996519846841693,1,production realized manifold deviation exceeds the dynamics-validity bound
2.0079292685259134,1,0.0013996519846841693,0.25156619827613191,0.035013079643249512,29410,0.0094086618227718806,0,1,1,0,1,0.0013849588576704264,1,production realized manifold deviation exceeds the dynamics-validity bound
2.0079292685259134,2,0.0013849588576704264,0.25034840691553706,0.035079121589660645,29410,0.0094086599545341373,0,1,1,0,1,0.0013816979480907321,1,production realized manifold deviation exceeds the dynamics-validity bound
2.0079292685259134,3,0.0013816979480907321,0.25007736682891846,0.035107612609863281,29410,0.0094086595398239856,0,1,1,0,1,0.001380974194034934,1,production realized manifold deviation exceeds the dynamics-validity bound
2.0079292685259134,4,0.001380974194034934,0.25001702607170495,0.035111725330352783,29410,0.009408659447754035,0,1,1,0,1,0.001380814821459353,1,production realized manifold deviation exceeds the dynamics-validity bound
2.0079292685259134,5,0.001380814821459353,0.25000393390655518,0.03511512279510498,29410,0.0094086594274790016,0,1,1,0,1,0.001380777801387012,1,production realized manifold deviation exceeds the dynamics-validity bound
2.0079292685259134,6,0.001380777801387012,0.2500007152557373,0.035116016864776611,29410,0.0094086594227874125,0,1,1,0,1,0.0013807709328830242,1,production realized manifold deviation exceeds the dynamics-validity bound
2.0079292685259134,7,0.0013807709328830242,0.25000011920928955,0.035115659236907959,29410,0.0094086594218889402,0,1,1,0,1,0.0013807696523144841,1,production realized manifold deviation exceeds the dynamics-validity bound
2.0138186962576583,0,0.0015023722080513835,0.25066918556569595,0.042952895164489746,12815,0.0040223118977095774,0,1,1,0,1,0.0014960261760279536,1,production realized manifold deviation exceeds the dynamics-validity bound
2.0138186962576583,1,0.0014960261760279536,0.2501558102020871,0.042772948741912842,12815,0.0040223111082716449,0,1,1,0,1,0.0014945500297471881,1,production realized manifold deviation exceeds the dynamics-validity bound
2.0138186962576583,2,0.0014945500297471881,0.25003623962402344,0.042742133140563965,12815,0.0040223109246377686,0,1,1,0,1,0.0014942067209631205,1,production realized manifold deviation exceeds the dynamics-validity bound
2.0138186962576583,3,0.0014942067209631205,0.25000846385955811,0.042728900909423828,12815,0.0040223108819480895,0,1,1,0,1,0.0014941265108063817,1,production realized manifold deviation exceeds the dynamics-validity bound
2.0138186962576583,4,0.0014941265108063817,0.25000168397202338,0.042725741863250732,12815,0.0040223108719328726,0,1,1,0,1,0.0014941104454919696,1,production realized manifold deviation exceeds the dynamics-validity bound
2.0138186962576583,5,0.0014941104454919696,0.25000050413700747,0.042725086212158203,12815,0.0040223108699235207,0,1,1,0,1,0.0014941055560484529,1,production realized manifold deviation exceeds the dynamics-validity bound
2.0138186962576583,6,0.0014941055560484529,0.2500002384185791,0.042724907398223877,12815,0.0040223108693507289,0,1,1,0,1,0.0014941031113266945,1,production realized manifold deviation exceeds the dynamics-validity bound
2.01826663070824,0,0.0014906434807926416,0.25859737396240234,0.046444296836853027,11139,0.0030480027919972136,0,1,1,0,1,0.0013984797988086939,1,production realized manifold deviation exceeds the dynamics-validity bound
2.01826663070824,1,0.0013984797988086939,0.25219765347747125,0.044016838073730469,11139,0.0030480028571445062,0,1,1,0,1,0.0013753111707046628,1,production realized manifold deviation exceeds the dynamics-validity bound
2.01826663070824,2,0.0013753111707046628,0.25055160895907935,0.043438255786895752,11139,0.0030480028736733127,0,1,1,0,1,0.0013695203233510256,1,production realized manifold deviation exceeds the dynamics-validity bound
2.01826663070824,3,0.0013695203233510256,0.25013792514801025,0.043276190757751465,11139,0.0030480028778150647,0,1,1,0,1,0.0013680737465620041,1,production realized manifold deviation exceeds the dynamics-validity bound
2.01826663070824,4,0.0013680737465620041,0.25003435574430988,0.043245434761047363,11139,0.0030480028788496118,0,1,1,0,1,0.0013677134411409497,1,production realized manifold deviation exceeds the dynamics-validity bound
2.01826663070824,5,0.0013677134411409497,0.25000847372075219,0.043234348297119141,11139,0.0030480028791075413,0,1,1,0,1,0.0013676244998350739,1,production realized manifold deviation exceeds the dynamics-validity bound
2.01826663070824,6,0.0013676244998350739,0.25000226497650146,0.043235182762145996,11139,0.0030480028791710343,0,1,1,0,1,0.0013676006346940994,1,production realized manifold deviation exceeds the dynamics-validity bound
2.01826663070824,7,0.0013676006346940994,0.2500004768371582,0.043234825134277344,11139,0.0030480028791878997,0,1,1,0,1,0.001367595512419939,1,production realized manifold deviation exceeds the dynamics-validity bound
2.0225921742385253,0,0.0015127894002944231,0.25763547420501709,0.046527504920959473,15290,0.0049752791277946004,0,1,1,0,1,0.0014101495034992695,1,production realized manifold deviation exceeds the dynamics-validity bound
2.0225921742385253,1,0.0014101495034992695,0.25250056202491189,0.044163942337036133,15290,0.0049752885941969456,0,1,1,0,1,0.001377318287268281,1,production realized manifold deviation exceeds the dynamics-validity bound
2.0225921742385253,2,0.001377318287268281,0.25080466270446777,0.043413877487182617,15290,0.0049752916271826918,0,1,1,0,1,0.0013668338069692254,1,production realized manifold deviation exceeds the dynamics-validity bound
2.0225921742385253,3,0.0013668338069692254,0.25025715337045806,0.04320216178894043,15290,0.004975292596148072,0,1,1,0,1,0.0013634912902489305,1,production realized manifold deviation exceeds the dynamics-validity bound
2.0225921742385253,4,0.0013634912902489305,0.25008208942760546,0.043129086494445801,15290,0.0049752929051282415,0,1,1,0,1,0.0013624250423163176,1,production realized manifold deviation exceeds the dynamics-validity bound
2.0225921742385253,5,0.0013624250423163176,0.25002622604370117,0.043101072311401367,15290,0.0049752930036626982,0,1,1,0,1,0.0013620844110846519,1,production realized manifold deviation exceeds the dynamics-validity bound
2.0225921742385253,6,0.0013620844110846519,0.25000815404738619,0.043092906475067139,15290,0.0049752930351010423,0,1,1,0,1,0.0013619784731417894,1,production realized manifold deviation exceeds the dynamics-validity bound
2.0225921742385253,7,0.0013619784731417894,0.25000274181365967,0.043092131614685059,15290,0.0049752930449562804,0,1,1,0,1,0.0013619428500533104,1,production realized manifold deviation exceeds the dynamics-validity bound
2.0225921742385253,8,0.0013619428500533104,0.2500007152557373,0.043091416358947754,15290,0.0049752930483050427,0,1,1,0,1,0.0013619335368275642,1,production realized manifold deviation exceeds the dynamics-validity bound
2.0225921742385253,9,0.0013619335368275642,0.25000035762786865,0.043091416358947754,15290,0.0049752930490826065,0,1,1,0,1,0.0013619287637993693,1,production realized manifold deviation exceeds the dynamics-validity bound
2.0225921742385253,10,0.0013619287637993693,0.25000011920928955,0.043091416358947754,15290,0.0049752930495983987,0,1,1,0,1,0.0013619270175695419,1,production realized manifold deviation exceeds the dynamics-validity bound
2.0225921742385253,11,0.0013619270175695419,0.2500002384185791,0.043091416358947754,15290,0.0049752930495964897,0,1,1,0,1,0.0013619238743558526,1,production realized manifold deviation exceeds the dynamics-validity bound
2.0283622170099989,0,0.0015070124063640833,0.26162165188933706,0.052232086658477783,12587,0.0042112931386383157,0,1,1,0,1,0.0014019034570083022,1,production realized manifold deviation exceeds the dynamics-validity bound
2.0283622170099989,1,0.0014019034570083022,0.25248113963353136,0.051252007484436035,12587,0.0042112969829552309,0,1,1,0,1,0.0013798169093206525,1,production realized manifold deviation exceeds the dynamics-validity bound
2.0283622170099989,2,0.0013798169093206525,0.25051617622375488,0.051069676876068115,12587,0.0042112977917254197,0,1,1,0,1,0.0013752371305599809,1,production realized manifold deviation exceeds the dynamics-validity bound
2.0283622170099989,3,0.0013752371305599809,0.25010669231414795,0.051028549671173096,12587,0.0042112979594943062,0,1,1,0,1,0.0013742910232394934,1,production realized manifold deviation exceeds the dynamics-validity bound
2.0283622170099989,4,0.0013742910232394934,0.25002200535924923,0.051019549369812012,12587,0.004211297994160498,0,1,1,0,1,0.0013740957947447896,1,production realized manifold deviation exceeds the dynamics-validity bound
2.0283622170099989,5,0.0013740957947447896,0.25000452995300293,0.051014900207519531,12587,0.0042112980012983421,0,1,1,0,1,0.0013740555150434375,1,production realized manifold deviation exceeds the dynamics-validity bound
2.0283622170099989,6,0.0013740555150434375,0.25000082749009422,0.05101478099822998,12587,0.0042112980027738467,0,1,1,0,1,0.0013740480644628406,1,production realized manifold deviation exceeds the dynamics-validity bound
2.0283622170099989,7,0.0013740480644628406,0.25000024962094591,0.051014542579650879,12587,0.0042112980030303074,0,1,1,0,1,0.001374045736156404,1,production realized manifold deviation exceeds the dynamics-validity bound
2.0327062176074833,0,0.0015048139030113816,0.26394736766815186,0.053269863128662109,16546,0.0057671046077622514,0,1,1,0,1,0.0013708845945075154,1,production realized manifold deviation exceeds the dynamics-validity bound
2.0327062176074833,1,0.0013708845945075154,0.25361871719360352,0.052293777465820312,16546,0.0057670723162848497,0,1,1,0,1,0.0013369949301704764,1,production realized manifold deviation exceeds the dynamics-validity bound
2.0327062176074833,2,0.0013369949301704764,0.25090839340487814,0.052058935165405273,16546,0.0057670641256964833,0,1,1,0,1,0.0013285414315760136,1,production realized manifold deviation exceeds the dynamics-validity bound
2.0327062176074833,3,0.0013285414315760136,0.25022625923156738,0.051992297172546387,16546,0.0057670620813946938,0,1,1,0,1,0.0013264390872791409,1,production realized manifold deviation exceeds the dynamics-validity bound
2.0327062176074833,4,0.0013264390872791409,0.25005626678466797,0.051976799964904785,16546,0.00576706157294073,0,1,1,0,1,0.001325916382484138,1,production realized manifold deviation exceeds the dynamics-validity bound
2.0327062176074833,5,0.001325916382484138,0.25001384036579388,0.051974773406982422,16546,0.005767061446574127,0,1,1,0,1,0.0013257877435535192,1,production realized manifold deviation exceeds the dynamics-validity bound
2.0327062176074833,6,0.0013257877435535192,0.25000337688195873,0.05197453498840332,16546,0.0057670614153334078,0,1,1,0,1,0.001325756311416626,1,production realized manifold deviation exceeds the dynamics-validity bound
2.0327062176074833,7,0.001325756311416626,0.25000107288360596,0.05197453498840332,16546,0.0057670614078151935,0,1,1,0,1,0.001325746183283627,1,production realized manifold deviation exceeds the dynamics-validity bound
2.0327062176074833,8,0.001325746183283627,0.25000000335884054,0.05197453498840332,16546,0.005767061405368902,0,1,1,0,1,0.0013257460668683052,1,production realized manifold deviation exceeds the dynamics-validity bound
2.0369426716351882,0,0.0014789343113079667,0.26510989665985107,0.053740143775939941,21206,0.0068819269542350131,0,1,1,0,1,0.0013299845159053802,1,production realized manifold deviation exceeds the dynamics-validity bound
2.0369426716351882,1,0.0013299845159053802,0.25358334607339938,0.053056776523590088,21206,0.0068819490318190726,0,1,1,0,1,0.0012955745914950967,1,production realized manifold deviation exceeds the dynamics-validity bound
2.0369426716351882,2,0.0012955745914950967,0.2508242130279541,0.052894830703735352,21206,0.0068819541438643536,0,1,1,0,1,0.0012877078261226416,1,production realized manifold deviation exceeds the dynamics-validity bound
2.0369426716351882,3,0.0012877078261226416,0.25018789187406121,0.052858948707580566,21206,0.0068819553132237745,0,1,1,0,1,0.001285916892811656,1,production realized manifold deviation exceeds the dynamics-validity bound
2.0369426716351882,4,0.001285916892811656,0.25004269054330908,0.052848935127258301,21206,0.006881955579432021,0,1,1,0,1,0.0012855100212618709,1,production realized manifold deviation exceeds the dynamics-validity bound
2.0369426716351882,5,0.0012855100212618709,0.25000981737147043,0.052845478057861328,21206,0.0068819556398870994,0,1,1,0,1,0.001285416423343122,1,production realized manifold deviation exceeds the dynamics-validity bound
2.0369426716351882,6,0.001285416423343122,0.25000215017068306,0.05284583568572998,21206,0.0068819556537938736,0,1,1,0,1,0.0012853958178311586,1,production realized manifold deviation exceeds the dynamics-validity bound
2.0369426716351882,7,0.0012853958178311586,0.2500004768371582,0.052845358848571777,21206,0.0068819556569395752,0,1,1,0,1,0.0012853911612182856,1,production realized manifold deviation exceeds the dynamics-validity bound
2.0369426716351882,8,0.0012853911612182856,0.25000015500306128,0.052845239639282227,21206,0.0068819556574947916,0,1,1,0,1,0.00128538953140378,1,production realized manifold deviation exceeds the dynamics-validity bound
2.0369426716351882,9,0.00128538953140378,0.25000008824688136,0.052845001220703125,21206,0.0068819556578395289,0,1,1,0,1,0.0012853886000812054,1,production realized manifold deviation exceeds the dynamics-validity bound
2.0411327837500721,0,0.0015061162412166595,0.25368847500411373,0.055506587028503418,26961,0.0093496195544155083,0,1,1,0,1,0.0014582140138372779,1,production realized manifold deviation exceeds the dynamics-validity bound
2.0411327837500721,1,0.0014582140138372779,0.251106858253479,0.055446624755859375,26961,0.0093496101774503803,0,1,1,0,1,0.0014439794467762113,1,production realized manifold deviation exceeds the dynamics-validity bound
2.0411327837500721,2,0.0014439794467762113,0.25032901763916016,0.055405616760253906,26961,0.0093496073886380586,0,1,1,0,1,0.0014397604390978813,1,production realized manifold deviation exceeds the dynamics-validity bound
2.0411327837500721,3,0.0014397604390978813,0.25009752458978962,0.055406272411346436,26961,0.0093496065617155212,0,1,1,0,1,0.001438510837033391,1,production realized manifold deviation exceeds the dynamics-validity bound
2.0411327837500721,4,0.001438510837033391,0.25002872943878174,0.055402994155883789,26961,0.0093496063168996522,0,1,1,0,1,0.0014381428482010961,1,production realized manifold deviation exceeds the dynamics-validity bound
2.0411327837500721,5,0.0014381428482010961,0.25000846385955811,0.055399775505065918,26961,0.009349606244811768,0,1,1,0,1,0.0014380343491211534,1,production realized manifold deviation exceeds the dynamics-validity bound
2.0411327837500721,6,0.0014380343491211534,0.25000274181365967,0.055398404598236084,26961,0.0093496062234422802,0,1,1,0,1,0.0014379990752786398,1,production realized manifold deviation exceeds the dynamics-validity bound
2.0411327837500721,7,0.0014379990752786398,0.25000059604644775,0.055398941040039062,26961,0.009349606216527204,0,1,1,0,1,0.0014379912754520774,1,production realized manifold deviation exceeds the dynamics-validity bound
2.0411327837500721,8,0.0014379912754520774,0.2500002384185791,0.055398941040039062,26961,0.0093496062151177638,0,1,1,0,1,0.0014379880158230662,1,production realized manifold deviation exceeds the dynamics-validity bound
2.0411327837500721,9,0.0014379880158230662,0.25000003090043266,0.055398941040039062,26961,0.0093496062144344978,0,1,1,0,1,0.0014379875501617789,1,production realized manifold deviation exceeds the dynamics-validity bound
2.0425707713002339,0,0.0014639784349128604,0.25019997495806856,0.035341084003448486,17537,0.0049848119704345873,0,1,1,0,1,0.0014625057810917497,1,production realized manifold deviation exceeds the dynamics-validity bound
2.0425707713002339,1,0.0014625057810917497,0.25003448510869553,0.03533017635345459,17537,0.0049848115600382098,0,1,1,0,1,0.0014622517628595233,1,production realized manifold deviation exceeds the dynamics-validity bound
2.0425707713002339,2,0.0014622517628595233,0.25000598912479322,0.035326659679412842,17537,0.004984811489240723,0,1,1,0,1,0.0014622075250372291,1,production realized manifold deviation exceeds the dynamics-validity bound
2.0425707713002339,3,0.0014622075250372291,0.25000107288360596,0.035326063632965088,17537,0.0049848114770009479,0,1,1,0,1,0.0014621996087953448,1,production realized manifold deviation exceeds the dynamics-validity bound
2.0425707713002339,4,0.0014621996087953448,0.25000011920928955,0.035325765609741211,17537,0.0049848114746444223,0,1,1,0,1,0.0014621986774727702,1,production realized manifold deviation exceeds the dynamics-validity bound
2.0469651869498193,0,0.0014916379004716873,0.26433169841766357,0.037833988666534424,15419,0.004084192190093123,0,1,1,0,1,0.0013790478697046638,1,production realized manifold deviation exceeds the dynamics-validity bound
2.0469651869498193,1,0.0013790478697046638,0.25232017040252686,0.036455631256103516,15419,0.0040841931304197079,0,1,1,0,1,0.0013610582100227475,1,production realized manifold deviation exceeds the dynamics-validity bound
2.0469651869498193,2,0.0013610582100227475,0.2503654956817627,0.03626406192779541,15419,0.0040841932810091125,0,1,1,0,1,0.0013582301326096058,1,production realized manifold deviation exceeds the dynamics-validity bound
2.0469651869498193,3,0.0013582301326096058,0.25005733966827393,0.036230862140655518,15419,0.0040841933046962776,0,1,1,0,1,0.0013577864738181233,1,production realized manifold deviation exceeds the dynamics-validity bound
2.0469651869498193,4,0.0013577864738181233,0.25000905652867544,0.036224842071533203,15419,0.0040841933084414927,0,1,1,0,1,0.0013577162753790617,1,production realized manifold deviation exceeds the dynamics-validity bound
2.0469651869498193,5,0.0013577162753790617,0.25000119209289551,0.036224722862243652,15419,0.0040841933090032794,0,1,1,0,1,0.0013577069621533155,1,production realized manifold deviation exceeds the dynamics-validity bound
2.0469651869498193,6,0.0013577069621533155,0.25000035762786865,0.036224842071533203,15419,0.004084193309096912,0,1,1,0,1,0.0013577040517702699,1,production realized manifold deviation exceeds the dynamics-validity bound
2.0469651869498193,7,0.0013577040517702699,0.25000011920928955,0.036225020885467529,15419,0.004084193309096912,0,1,1,0,1,0.0013577030040323734,1,production realized manifold deviation exceeds the dynamics-validity bound
2.0512680883985013,0,0.0014951023040339351,0.26239848136901855,0.038454771041870117,22130,0.0064141092905149466,0,1,1,0,1,0.0013838469749316573,1,production realized manifold deviation exceeds the dynamics-validity bound
2.0512680883985013,1,0.0013838469749316573,0.25217136809148921,0.037424325942993164,22130,0.0064140966697820859,0,1,1,0,1,0.001364633091725409,1,production realized manifold deviation exceeds the dynamics-validity bound
2.0512680883985013,2,0.001364633091725409,0.25036988019716944,0.03726428747177124,22130,0.0064140944864463255,0,1,1,0,1,0.0013613678747788072,1,production realized manifold deviation exceeds the dynamics-validity bound
2.0512680883985013,3,0.0013613678747788072,0.25006294250488281,0.037242531776428223,22130,0.0064140941152478308,0,1,1,0,1,0.001360812340863049,1,production realized manifold deviation exceeds the dynamics-validity bound
2.0512680883985013,4,0.001360812340863049,0.25001037120819092,0.037232518196105957,22130,0.00641409405213475,0,1,1,0,1,0.0013607207220047712,1,production realized manifold deviation exceeds the dynamics-validity bound
2.0512680883985013,5,0.0013607207220047712,0.25000202655792236,0.037229955196380615,22130,0.0064140940416599684,0,1,1,0,1,0.0013607027940452099,1,production realized manifold deviation exceeds the dynamics-validity bound
2.0512680883985013,6,0.0013607027940452099,0.25000018474265828,0.037229537963867188,22130,0.006414094039653674,0,1,1,0,1,0.0013607010478153825,1,production realized manifold deviation exceeds the dynamics-validity bound
2.0512680883985013,7,0.0013607010478153825,0.25000011920928955,0.037229537963867188,22130,0.0064140940394582435,0,1,1,0,1,0.001360700000077486,1,production realized manifold deviation exceeds the dynamics-validity bound
2.1173490820801817,0,0.0015312944306060672,0.25685250759124756,0.06021040678024292,19006,0.0045526458988346813,0,1,1,0,1,0.0014656656421720982,1,production realized manifold deviation exceeds the dynamics-validity bound
2.1173490820801817,1,0.0014656656421720982,0.25163990931643276,0.05962979793548584,19006,0.0045526365272452124,0,1,1,0,1,0.0014501261757686734,1,production realized manifold deviation exceeds the dynamics-validity bound
2.1173490820801817,2,0.0014501261757686734,0.25038534226066411,0.059502243995666504,19006,0.0045526343055695999,0,1,1,0,1,0.0014464837731793523,1,production realized manifold deviation exceeds the dynamics-validity bound
2.1173490820801817,3,0.0014464837731793523,0.25009020276559291,0.059475600719451904,19006,0.0045526337848130439,0,1,1,0,1,0.0014456316130235791,1,production realized manifold deviation exceeds the dynamics-validity bound
2.1173490820801817,4,0.0014456316130235791,0.25002110004425049,0.05946958065032959,19006,0.0045526336628491969,0,1,1,0,1,0.0014454320771619678,1,production realized manifold deviation exceeds the dynamics-validity bound
2.1173490820801817,5,0.0014454320771619678,0.250004891065853,0.059469699859619141,19006,0.00455263363431969,0,1,1,0,1,0.0014453857438638806,1,production realized manifold deviation exceeds the dynamics-validity bound
2.1173490820801817,6,0.0014453857438638806,0.25000108345526084,0.059469938278198242,19006,0.004552633627686562,0,1,1,0,1,0.001445375382900238,1,production realized manifold deviation exceeds the dynamics-validity bound
2.1173490820801817,7,0.001445375382900238,0.25000035762786865,0.059469938278198242,19006,0.0045526336262233878,0,1,1,0,1,0.0014453717740252614,1,production realized manifold deviation exceeds the dynamics-validity bound
2.1173490820801817,8,0.0014453717740252614,0.25000011920928955,0.059469938278198242,19006,0.0045526336256452608,0,1,1,0,1,0.0014453704934567213,1,production realized manifold deviation exceeds the dynamics-validity bound
2.1218171660439111,0,0.001541265519335866,0.25332927703857422,0.062056899070739746,24565,0.0062989276878281696,0,1,1,0,1,0.0015115451533347368,1,production realized manifold deviation exceeds the dynamics-validity bound
2.1218171660439111,1,0.0015115451533347368,0.25045216083526611,0.061857104301452637,24565,0.0062989291061711639,0,1,1,0,1,0.0015075193950906396,1,production realized manifold deviation exceeds the dynamics-validity bound
2.1218171660439111,2,0.0015075193950906396,0.25006097734284194,0.061819195747375488,24565,0.0062989292983582391,0,1,1,0,1,0.0015069765504449606,1,production realized manifold deviation exceeds the dynamics-validity bound
2.1218171660439111,3,0.0015069765504449606,0.25000824160045654,0.061818599700927734,24565,0.00629892932424953,0,1,1,0,1,0.0015069030923768878,1,production realized manifold deviation exceeds the dynamics-validity bound
2.1218171660439111,4,0.0015069030923768878,0.25000131130218506,0.061818242073059082,24565,0.006298929327769944,0,1,1,0,1,0.0015068913344293833,1,production realized manifold deviation exceeds the dynamics-validity bound
2.1218171660439111,5,0.0015068913344293833,0.25000011920928955,0.061818122863769531,24565,0.0062989293283944774,0,1,1,0,1,0.001506890170276165,1,production realized manifold deviation exceeds the dynamics-validity bound
2.1233240562141873,0,0.0015266542322933674,0.25643172463013264,0.04482734203338623,24604,0.0061933058515046824,0,1,1,0,1,0.0014661186141893268,1,production realized manifold deviation exceeds the dynamics-validity bound
2.1233240562141873,1,0.0014661186141893268,0.25124036536126182,0.044009089469909668,24604,0.0061933070502794589,0,1,1,0,1,0.0014545363374054432,1,production realized manifold deviation exceeds the dynamics-validity bound
2.1233240562141873,2,0.0014545363374054432,0.25023581513461335,0.043859958648681641,24604,0.0061933072798696477,0,1,1,0,1,0.0014523376012220979,1,production realized manifold deviation exceeds the dynamics-validity bound
2.1233240562141873,3,0.0014523376012220979,0.25004463018633438,0.043833255767822266,24604,0.0061933073234542039,0,1,1,0,1,0.0014519215328618884,1,production realized manifold deviation exceeds the dynamics-validity bound
2.1233240562141873,4,0.0014519215328618884,0.25000853726208194,0.043828606605529785,24604,0.0061933073316965317,0,1,1,0,1,0.001451841788366437,1,production realized manifold deviation exceeds the dynamics-validity bound
2.1233240562141873,5,0.001451841788366437,0.25000160007311667,0.043827712535858154,24604,0.0061933073332776168,0,1,1,0,1,0.0014518267707899213,1,production realized manifold deviation exceeds the dynamics-validity bound
2.1233240562141873,6,0.0014518267707899213,0.25000029265921508,0.043828010559082031,24604,0.0061933073335740021,0,1,1,0,1,0.0014518239768221974,1,production realized manifold deviation exceeds the dynamics-validity bound
2.1233240562141873,7,0.0014518239768221974,0.25000003609561583,0.043828129768371582,24604,0.0061933073336292218,0,1,1,0,1,0.0014518235111609101,1,production realized manifold deviation exceeds the dynamics-validity bound
2.1233240562141873,8,0.0014518235111609101,0.25000003609561583,0.043828129768371582,24604,0.0061933073336641557,0,1,1,0,1,0.0014518230454996228,1,production realized manifold deviation exceeds the dynamics-validity bound
2.1233240562141873,9,0.0014518230454996228,0.25000002848510672,0.043828010559082031,24604,0.0061933073336641557,0,1,1,0,1,0.0014518226962536573,1,production realized manifold deviation exceeds the dynamics-validity bound
2.1278387948987074,0,0.0015348399756476283,0.25190205012506439,0.045294642448425293,27164,0.0070135977066536409,0,1,1,0,1,0.0015159861650317907,1,production realized manifold deviation exceeds the dynamics-validity bound
2.1278387948987074,1,0.0015159861650317907,0.25043082445731057,0.045031905174255371,27164,0.007013598055387921,0,1,1,0,1,0.0015117275761440396,1,production realized manifold deviation exceeds the dynamics-validity bound
2.1278387948987074,2,0.0015117275761440396,0.25009704730141435,0.044956684112548828,27164,0.007013598134144026,0,1,1,0,1,0.001510768779553473,1,production realized manifold deviation exceeds the dynamics-validity bound
2.1278387948987074,3,0.001510768779553473,0.25002164371566504,0.044947624206542969,27164,0.0070135981518973812,0,1,1,0,1,0.0015105549246072769,1,production realized manifold deviation exceeds the dynamics-validity bound
2.1278387948987074,4,0.0015105549246072769,0.25000494159734554,0.044949471950531006,27164,0.0070135981558483327,0,1,1,0,1,0.0015105060301721096,1,production realized manifold deviation exceeds the dynamics-validity bound
2.1278387948987074,5,0.0015105060301721096,0.25000106808959788,0.044950127601623535,27164,0.0070135981567719333,0,1,1,0,1,0.0015104953199625015,1,production realized manifold deviation exceeds the dynamics-validity bound
2.1278387948987074,6,0.0015104953199625015,0.25000019520487093,0.044950366020202637,27164,0.007013598156977178,0,1,1,0,1,0.0015104932244867086,1,production realized manifold deviation exceeds the dynamics-validity bound
2.1278387948987074,7,0.0015104932244867086,0.25000008031300491,0.044950366020202637,27164,0.007013598156977178,0,1,1,0,1,0.001510492293164134,1,production realized manifold deviation exceeds the dynamics-validity bound
2.1278387948987074,8,0.001510492293164134,0.25000007189931184,0.044950485229492188,27164,0.0070135981570284885,0,1,1,0,1,0.0015104914782568812,1,production realized manifold deviation exceeds the dynamics-validity bound
2.1308528080699034,0,0.0015457761473953724,0.25903031631861695,0.061509251594543457,17681,0.0041864927765073168,0,1,1,0,1,0.0014517082599923015,1,production realized manifold deviation exceeds the dynamics-validity bound
2.1308528080699034,1,0.0014517082599923015,0.25234103202819824,0.060894608497619629,17681,0.0041864877318084324,0,1,1,0,1,0.0014277247246354818,1,production realized manifold deviation exceeds the dynamics-validity bound
2.1308528080699034,2,0.0014277247246354818,0.25061949025978514,0.060672998428344727,17681,0.004186486443142544,0,1,1,0,1,0.0014214061666280031,1,production realized manifold deviation exceeds the dynamics-validity bound
2.1308528080699034,3,0.0014214061666280031,0.25016319751739502,0.060607254505157471,17681,0.004186486103545049,0,1,1,0,1,0.0014197435230016708,1,production realized manifold deviation exceeds the dynamics-validity bound
2.1308528080699034,4,0.0014197435230016708,0.25004276046192042,0.060592234134674072,17681,0.0041864860141914081,0,1,1,0,1,0.0014193078968673944,1,production realized manifold deviation exceeds the dynamics-validity bound
2.1308528080699034,5,0.0014193078968673944,0.2500113022238224,0.060588061809539795,17681,0.0041864859907192091,0,1,1,0,1,0.0014191926456987858,1,production realized manifold deviation exceeds the dynamics-validity bound
2.1308528080699034,6,0.0014191926456987858,0.25000297178800701,0.060586392879486084,17681,0.0041864859845377623,0,1,1,0,1,0.001419162261299789,1,production realized manifold deviation exceeds the dynamics-validity bound
2.1308528080699034,7,0.001419162261299789,0.25000081710046484,0.060586214065551758,17681,0.0041864859829185289,0,1,1,0,1,0.0014191538793966174,1,production realized manifold deviation exceeds the dynamics-validity bound
2.1308528080699034,8,0.0014191538793966174,0.25000016744208065,0.060586035251617432,17681,0.0041864859824305217,0,1,1,0,1,0.0014191520167514682,1,production realized manifold deviation exceeds the dynamics-validity bound
2.1322719600866549,0,0.0015305787092074752,0.26095032691955566,0.045454204082489014,17261,0.0037534905214924824,0,1,1,0,1,0.0014318104367703199,1,production realized manifold deviation exceeds the dynamics-validity bound
2.1322719600866549,1,0.0014318104367703199,0.25224047898944546,0.04406428337097168,17261,0.0037534818919232006,0,1,1,0,1,0.001411883276887238,1,production realized manifold deviation exceeds the dynamics-validity bound
2.1322719600866549,2,0.001411883276887238,0.25044747628083353,0.043730616569519043,17261,0.0037534801477539814,0,1,1,0,1,0.0014079144457355142,1,production realized manifold deviation exceeds the dynamics-validity bound
2.1322719600866549,3,0.0014079144457355142,0.25008889963937508,0.043667316436767578,17261,0.0037534798002275172,0,1,1,0,1,0.0014071263140067458,1,production realized manifold deviation exceeds the dynamics-validity bound
2.1322719600866549,4,0.0014071263140067458,0.25001800060272217,0.04366379976272583,17261,0.0037534797312949869,0,1,1,0,1,0.0014069667086005211,1,production realized manifold deviation exceeds the dynamics-validity bound
2.1322719600866549,5,0.0014069667086005211,0.25000333786010742,0.043662846088409424,17261,0.0037534797172780071,0,1,1,0,1,0.0014069370226934552,1,production realized manifold deviation exceeds the dynamics-validity bound
2.1322719600866549,6,0.0014069370226934552,0.25000059604644775,0.043663501739501953,17261,0.0037534797146801194,0,1,1,0,1,0.0014069316675886512,1,production realized manifold deviation exceeds the dynamics-validity bound
2.1367727447650395,0,0.0015338790835812688,0.26952165146059648,0.046306729316711426,29472,0.008668533737556279,0,1,1,0,1,0.0013276843819767237,1,production realized manifold deviation exceeds the dynamics-validity bound
2.1367727447650395,1,0.0013276843819767237,0.25479246578032821,0.04445946216583252,29472,0.008668533737556279,0,1,1,0,1,0.0012789235915988684,1,production realized manifold deviation exceeds the dynamics-validity bound
2.1367727447650395,2,0.0012789235915988684,0.25110974401331743,0.044251024723052979,29472,0.008668533737556279,0,1,1,0,1,0.001267731306143105,1,production realized manifold deviation exceeds the dynamics-validity bound
2.1367727447650395,3,0.001267731306143105,0.25025355815887451,0.044165492057800293,29472,0.008668533737556279,0,1,1,0,1,0.0012651791330426931,1,production realized manifold deviation exceeds the dynamics-validity bound
2.1367727447650395,4,0.0012651791330426931,0.25005781650543213,0.044142782688140869,29472,0.008668533737556279,0,1,1,0,1,0.0012645974056795239,1,production realized manifold deviation exceeds the dynamics-validity bound
2.1367727447650395,5,0.0012645974056795239,0.25001300325121978,0.044128060340881348,29472,0.008668533737556279,0,1,1,0,1,0.0012644664384424686,1,production realized manifold deviation exceeds the dynamics-validity bound
2.1367727447650395,6,0.0012644664384424686,0.25000309944152832,0.044128060340881348,29472,0.008668533737556279,0,1,1,0,1,0.0012644351227208972,1,production realized manifold deviation exceeds the dynamics-validity bound
2.1367727447650395,7,0.0012644351227208972,0.25000061315782718,0.044128656387329102,29472,0.008668533737556279,0,1,1,0,1,0.0012644288362935185,1,production realized manifold deviation exceeds the dynamics-validity bound
2.1367727447650395,8,0.0012644288362935185,0.25000014130378756,0.044128775596618652,29472,0.008668533737556279,0,1,1,0,1,0.0012644273228943348,1,production realized manifold deviation exceeds the dynamics-validity bound
2.1409324244013987,0,0.001495718490332365,0.27260885482068975,0.048774302005767822,34630,0.011517601476752723,0,1,1,0,1,0.0012821163982152939,1,production realized manifold deviation exceeds the dynamics-validity bound
2.1409324244013987,1,0.0012821163982152939,0.25447954667940542,0.048011541366577148,34630,0.011517605124731387,0,1,1,0,1,0.0012411471689119935,1,production realized manifold deviation exceeds the dynamics-validity bound
2.1409324244013987,2,0.0012411471689119935,0.25084594832055229,0.047995090484619141,34630,0.01151760582694549,0,1,1,0,1,0.0012334580533206463,1,production realized manifold deviation exceeds the dynamics-validity bound
2.1409324244013987,3,0.0012334580533206463,0.25015826024476873,0.047988295555114746,34630,0.011517605958841111,0,1,1,0,1,0.0012320211390033364,1,production realized manifold deviation exceeds the dynamics-validity bound
2.1409324244013987,4,0.0012320211390033364,0.25002956390380859,0.047984063625335693,34630,0.011517605983471893,0,1,1,0,1,0.0012317528016865253,1,production realized manifold deviation exceeds the dynamics-validity bound
2.1409324244013987,5,0.0012317528016865253,0.250005453318632,0.04798424243927002,34630,0.011517605988075426,0,1,1,0,1,0.0012317032087594271,1,production realized manifold deviation exceeds the dynamics-validity bound
2.1409324244013987,6,0.0012317032087594271,0.25000095367431641,0.047985315322875977,34630,0.01151760598893628,0,1,1,0,1,0.0012316944776102901,1,production realized manifold deviation exceeds the dynamics-validity bound
2.1409324244013987,7,0.0012316944776102901,0.25000019471576818,0.047985553741455078,34630,0.011517605989079754,0,1,1,0,1,0.0012316926149651408,1,production realized manifold deviation exceeds the dynamics-validity bound
2.1409324244013987,8,0.0012316926149651408,0.25000004063118686,0.047985553741455078,34630,0.011517605989109836,0,1,1,0,1,0.0012316921493038535,1,production realized manifold deviation exceeds the dynamics-validity bound
2.1450093255261891,0,0.0015323313418775797,0.26194560527801514,0.053110241889953613,38928,0.013030964879638137,0,1,1,0,1,0.0014092475175857544,1,production realized manifold deviation exceeds the dynamics-validity bound
2.1450093255261891,1,0.0014092475175857544,0.25337791442871094,0.052968084812164307,38928,0.013030963515068853,0,1,1,0,1,0.0013752813683822751,1,production realized manifold deviation exceeds the dynamics-validity bound
2.1450093255261891,2,0.0013752813683822751,0.2508940366170318,0.052985668182373047,38928,0.013030963137628616,0,1,1,0,1,0.001366349752061069,1,production realized manifold deviation exceeds the dynamics-validity bound
2.1450093255261891,3,0.001366349752061069,0.25023284332469631,0.052984535694122314,38928,0.01303096303831543,0,1,1,0,1,0.0013640274992212653,1,production realized manifold deviation exceeds the dynamics-validity bound
2.1450093255261891,4,0.0013640274992212653,0.25006043910980225,0.052992820739746094,38928,0.013030963012504141,0,1,1,0,1,0.0013634248171001673,1,production realized manifold deviation exceeds the dynamics-validity bound
2.1450093255261891,5,0.0013634248171001673,0.25001479614157529,0.052996218204498291,38928,0.013030963005800436,0,1,1,0,1,0.0013632772024720907,1,production realized manifold deviation exceeds the dynamics-validity bound
2.1450093255261891,6,0.0013632772024720907,0.25000368150409336,0.052995920181274414,38928,0.013030963004140153,0,1,1,0,1,0.0013632404152303934,1,production realized manifold deviation exceeds the dynamics-validity bound
2.1450093255261891,7,0.0013632404152303934,0.2500008906337674,0.052996635437011719,38928,0.013030963003732915,0,1,1,0,1,0.0013632314512506127,1,production realized manifold deviation exceeds the dynamics-validity bound
2.1450093255261891,8,0.0013632314512506127,0.25000016174632567,0.05299687385559082,38928,0.013030963003638932,0,1,1,0,1,0.0013632297050207853,1,production realized manifold deviation exceeds the dynamics-validity bound
2.1450093255261891,9,0.0013632297050207853,0.25000000361594465,0.05299687385559082,38928,0.013030963003638932,0,1,1,0,1,0.0013632295886054635,1,production realized manifold deviation exceeds the dynamics-validity bound
2.1493604573770426,0,0.0015264215180650353,0.25605964660644531,0.053930997848510742,39723,0.010118682951061999,0,1,1,0,1,0.0014667889336124063,1,production realized manifold deviation exceeds the dynamics-validity bound
2.1493604573770426,1,0.0014667889336124063,0.25130248069763184,0.053773999214172363,39723,0.010118671167329892,0,1,1,0,1,0.0014540823176503181,1,production realized manifold deviation exceeds the dynamics-validity bound
2.1493604573770426,2,0.0014540823176503181,0.25027742388668028,0.053766965866088867,39723,0.010118668653647665,0,1,1,0,1,0.0014513807836920023,1,production realized manifold deviation exceeds the dynamics-validity bound
2.1493604573770426,3,0.0014513807836920023,0.25005912780761719,0.053762197494506836,39723,0.010118668118938174,0,1,1,0,1,0.0014508051099255681,1,production realized manifold deviation exceeds the dynamics-validity bound
2.1493604573770426,4,0.0014508051099255681,0.25001251697540283,0.053764939308166504,39723,0.010118668005100693,0,1,1,0,1,0.0014506832230836153,1,production realized manifold deviation exceeds the dynamics-validity bound
2.1493604573770426,5,0.0014506832230836153,0.25000262260437012,0.053764104843139648,39723,0.010118667981099581,0,1,1,0,1,0.0014506574952974916,1,production realized manifold deviation exceeds the dynamics-validity bound
2.1493604573770426,6,0.0014506574952974916,0.25000059604644775,0.053764641284942627,39723,0.010118667975756288,0,1,1,0,1,0.0014506514417007565,1,production realized manifold deviation exceeds the dynamics-validity bound
2.1493604573770426,7,0.0014506514417007565,0.25000011920928955,0.053764700889587402,39723,0.01011866797465205,0,1,1,0,1,0.0014506501611322165,1,production realized manifold deviation exceeds the dynamics-validity bound
2.1493604573770426,8,0.0014506501611322165,0.25000011920928955,0.053764700889587402,39723,0.010118667974474161,0,1,1,0,1,0.0014506488805636764,1,production realized manifold deviation exceeds the dynamics-validity bound
2.1538650739821605,0,0.0015204173978418112,0.25985748078204862,0.05466616153717041,40030,0.0082634462502052062,0,1,1,0,1,0.0014112192438915372,1,production realized manifold deviation exceeds the dynamics-validity bound
2.1538650739821605,1,0.0014112192438915372,0.25297657718307831,0.054525613784790039,40030,0.0082634391026336629,0,1,1,0,1,0.0013789983931928873,1,production realized manifold deviation exceeds the dynamics-validity bound
2.1538650739821605,2,0.0013789983931928873,0.2508431176960495,0.05448305606842041,40030,0.0082634369889714367,0,1,1,0,1,0.001369931735098362,1,production realized manifold deviation exceeds the dynamics-validity bound
2.1538650739821605,3,0.001369931735098362,0.25022815294460488,0.054471969604492188,40030,0.0082634363938564603,0,1,1,0,1,0.0013674825895577669,1,production realized manifold deviation exceeds the dynamics-validity bound
2.1538650739821605,4,0.0013674825895577669,0.25006163120269775,0.054469585418701172,40030,0.0082634362330221665,0,1,1,0,1,0.0013668212341144681,1,production realized manifold deviation exceeds the dynamics-validity bound
2.1538650739821605,5,0.0013668212341144681,0.25001657943664357,0.054465770721435547,40030,0.0082634361896421326,0,1,1,0,1,0.0013666432350873947,1,production realized manifold deviation exceeds the dynamics-validity bound
2.1538650739821605,6,0.0013666432350873947,0.25000457191005609,0.054465770721435547,40030,0.0082634361779104337,0,1,1,0,1,0.0013665941078215837,1,production realized manifold deviation exceeds the dynamics-validity bound
2.1538650739821605,7,0.0013665941078215837,0.25000115357040298,0.054466366767883301,40030,0.0082634361747120459,0,1,1,0,1,0.0013665816513821483,1,production realized manifold deviation exceeds the dynamics-validity bound
2.1538650739821605,8,0.0013665816513821483,0.25000030248655047,0.054466366767883301,40030,0.0082634361739033126,0,1,1,0,1,0.0013665782753378153,1,production realized manifold deviation exceeds the dynamics-validity bound
2.1538650739821605,9,0.0013665782753378153,0.25000007240814459,0.054466545581817627,40030,0.0082634361736534327,0,1,1,0,1,0.0013665773440152407,1,production realized manifold deviation exceeds the dynamics-validity bound
2.1643016470479779,0,0.0015214108861982822,0.25889050960540771,0.046709060668945312,15361,0.0037498927396157336,0,1,1,0,1,0.0014401206281036139,1,production realized manifold deviation exceeds the dynamics-validity bound
2.1643016470479779,1,0.0014401206281036139,0.25218386061710518,0.044372677803039551,15361,0.0037498927396157336,0,1,1,0,1,0.001420425483956933,1,production realized manifold deviation exceeds the dynamics-validity bound
2.1643016470479779,2,0.001420425483956933,0.25052208879106264,0.043843388557434082,15361,0.0037498927396157336,0,1,1,0,1,0.0014157325495034456,1,production realized manifold deviation exceeds the dynamics-validity bound
2.1643016470479779,3,0.0014157325495034456,0.25012400475274577,0.043702125549316406,15361,0.0037498927396157336,0,1,1,0,1,0.0014146186877042055,1,production realized manifold deviation exceeds the dynamics-validity bound
2.1643016470479779,4,0.0014146186877042055,0.25002932139193201,0.043672561645507812,15361,0.0037498927396157336,0,1,1,0,1,0.0014143552398309112,1,production realized manifold deviation exceeds the dynamics-validity bound
2.1643016470479779,5,0.0014143552398309112,0.25000691413879395,0.043667137622833252,15361,0.0037498927396157336,0,1,1,0,1,0.0014142930740490556,1,production realized manifold deviation exceeds the dynamics-validity bound
2.1643016470479779,6,0.0014142930740490556,0.25000166893005371,0.043665289878845215,15361,0.0037498927396157336,0,1,1,0,1,0.0014142779400572181,1,production realized manifold deviation exceeds the dynamics-validity bound
2.1643016470479779,7,0.0014142779400572181,0.2500004768371582,0.043664932250976562,15361,0.0037498927396157336,0,1,1,0,1,0.0014142736326903105,1,production realized manifold deviation exceeds the dynamics-validity bound
2.1643016470479779,8,0.0014142736326903105,0.25000001311416997,0.043664932250976562,15361,0.0037498927396157336,0,1,1,0,1,0.0014142733998596668,1,production realized manifold deviation exceeds the dynamics-validity bound
2.1687139878631569,0,0.001493304967880249,0.25606287155320828,0.046025872230529785,22017,0.0060054951275153355,0,1,1,0,1,0.001422047964297235,1,production realized manifold deviation exceeds the dynamics-validity bound
2.1687139878631569,1,0.001422047964297235,0.25224399566650391,0.044216752052307129,22017,0.0060054946768398352,0,1,1,0,1,0.0013961544027552009,1,production realized manifold deviation exceeds the dynamics-validity bound
2.1687139878631569,2,0.0013961544027552009,0.2508089542388916,0.043611288070678711,22017,0.0060054945127943279,0,1,1,0,1,0.0013868818059563637,1,production realized manifold deviation exceeds the dynamics-validity bound
2.1687139878631569,3,0.0013868818059563637,0.25028848648071289,0.043375730514526367,22017,0.0060054944540201896,0,1,1,0,1,0.001383582828566432,1,production realized manifold deviation exceeds the dynamics-validity bound
2.1687139878631569,4,0.001383582828566432,0.25010162372334044,0.043290972709655762,22017,0.0060054944331050276,0,1,1,0,1,0.0013824215857312083,1,production realized manifold deviation exceeds the dynamics-validity bound
2.1687139878631569,5,0.0013824215857312083,0.2500358616796905,0.043269991874694824,22017,0.0060054944257404595,0,1,1,0,1,0.0013820118037983775,1,production realized manifold deviation exceeds the dynamics-validity bound
2.1687139878631569,6,0.0013820118037983775,0.25001252494767212,0.043258607387542725,22017,0.0060054944231369336,0,1,1,0,1,0.0013818686129525304,1,production realized manifold deviation exceeds the dynamics-validity bound
2.1687139878631569,7,0.0013818686129525304,0.25000449823057913,0.043255150318145752,22017,0.0060054944222274736,0,1,1,0,1,0.0013818171573802829,1,production realized manifold deviation exceeds the dynamics-validity bound
2.1687139878631569,8,0.0013818171573802829,0.25000166893005371,0.043253064155578613,22017,0.0060054944219064873,0,1,1,0,1,0.0013817979488521814,1,production realized manifold deviation exceeds the dynamics-validity bound
2.1687139878631569,9,0.0013817979488521814,0.25000059604644775,0.043252766132354736,22017,0.0060054944217816575,0,1,1,0,1,0.0013817910803481936,1,production realized manifold deviation exceeds the dynamics-validity bound
2.1687139878631569,10,0.0013817910803481936,0.25000008339066815,0.04325258731842041,22017,0.0060054944217281594,0,1,1,0,1,0.0013817900326102972,1,production realized manifold deviation exceeds the dynamics-validity bound
2.1687139878631569,11,0.0013817900326102972,0.25000000023657942,0.04325258731842041,22017,0.0060054944217281594,0,1,1,0,1,0.0013817899161949754,1,production realized manifold deviation exceeds the dynamics-validity bound
2.1687139878631569,12,0.0013817899161949754,0.25000011920928955,0.04325258731842041,22017,0.0060054944217281594,0,1,1,0,1,0.0013817885192111135,1,production realized manifold deviation exceeds the dynamics-validity bound
2.1730858778464608,0,0.0014514410868287086,0.2544178243904478,0.044478774070739746,25218,0.0075023705725240529,0,1,1,0,1,0.0014106676680967212,1,production realized manifold deviation exceeds the dynamics-validity bound
2.1730858778464608,1,0.0014106676680967212,0.25094366073608398,0.043535470962524414,25218,0.007502370247221962,0,1,1,0,1,0.0014020117232576013,1,production realized manifold deviation exceeds the dynamics-validity bound
2.1730858778464608,2,0.0014020117232576013,0.25019972818367231,0.043360710144042969,25218,0.0075023701781174283,0,1,1,0,1,0.0014001819072291255,1,production realized manifold deviation exceeds the dynamics-validity bound
2.1730858778464608,3,0.0014001819072291255,0.25004201639731671,0.043310761451721191,25218,0.0075023701635107158,0,1,1,0,1,0.0013997970381751657,1,production realized manifold deviation exceeds the dynamics-validity bound
2.1730858778464608,4,0.0013997970381751657,0.25000894069671631,0.043301820755004883,25218,0.0075023701604343433,0,1,1,0,1,0.0013997149653732777,1,production realized manifold deviation exceeds the dynamics-validity bound
2.1730858778464608,5,0.0013997149653732777,0.25000181908230679,0.043301820755004883,25218,0.0075023701597703718,0,1,1,0,1,0.0013996982015669346,1,production realized manifold deviation exceeds the dynamics-validity bound
2.1730858778464608,6,0.0013996982015669346,0.2500004768371582,0.043301224708557129,25218,0.0075023701596375779,0,1,1,0,1,0.0013996937777847052,1,production realized manifold deviation exceeds the dynamics-validity bound
2.1774165683309548,0,0.0014738613972440362,0.25761985778808594,0.045638918876647949,26320,0.006322169904264487,0,1,1,0,1,0.0013948403066024184,1,production realized manifold deviation exceeds the dynamics-validity bound
2.1774165683309548,1,0.0013948403066024184,0.25217624785188231,0.044027507305145264,26320,0.0063221704294507755,0,1,1,0,1,0.0013726309407502413,1,production realized manifold deviation exceeds the dynamics-validity bound
2.1774165683309548,2,0.0013726309407502413,0.25061583518981934,0.043623387813568115,26320,0.0063221705772805014,0,1,1,0,1,0.0013663747813552618,1,production realized manifold deviation exceeds the dynamics-validity bound
2.1774165683309548,3,0.0013663747813552618,0.25017321109771729,0.043502092361450195,26320,0.0063221706189506791,0,1,1,0,1,0.0013646172592416406,1,production realized manifold deviation exceeds the dynamics-validity bound
2.1774165683309548,4,0.0013646172592416406,0.25004849413860386,0.04346388578414917,26320,0.0063221706306522425,0,1,1,0,1,0.0013641252880915999,1,production realized manifold deviation exceeds the dynamics-validity bound
2.1774165683309548,5,0.0013641252880915999,0.25001368937022361,0.043453693389892578,26320,0.0063221706339376526,0,1,1,0,1,0.0013639864046126604,1,production realized manifold deviation exceeds the dynamics-validity bound
2.1774165683309548,6,0.0013639864046126604,0.25000381469726562,0.043451666831970215,26320,0.006322170634860529,0,1,1,0,1,0.001363947638310492,1,production realized manifold deviation exceeds the dynamics-validity bound
2.1774165683309548,7,0.001363947638310492,0.25000107288360596,0.043450236320495605,26320,0.0063221706351189351,0,1,1,0,1,0.0013639365788549185,1,production realized manifold deviation exceeds the dynamics-validity bound
2.1774165683309548,8,0.0013639365788549185,0.25000027756006649,0.043449759483337402,26320,0.0063221706351927658,0,1,1,0,1,0.0013639336684718728,1,production realized manifold deviation exceeds the dynamics-validity bound
2.1774165683309548,9,0.0013639336684718728,0.25000011920928955,0.043449640274047852,26320,0.0063221706352112224,0,1,1,0,1,0.0013639323879033327,1,production realized manifold deviation exceeds the dynamics-validity bound
2.2633273196988739,0,0.0014065955765545368,0.2520136833190918,0.062937736511230469,23063,0.0048591440138412573,0,1,1,0,1,0.0013899632031098008,1,production realized manifold deviation exceeds the dynamics-validity bound
2.2633273196988739,1,0.0013899632031098008,0.25046610832214355,0.062664151191711426,23063,0.0048591428842815346,0,1,1,0,1,0.0013861239422112703,1,production realized manifold deviation exceeds the dynamics-validity bound
2.2633273196988739,2,0.0013861239422112703,0.25010742307393841,0.062592387199401855,23063,0.0048591426234226038,0,1,1,0,1,0.0013852395350113511,1,production realized manifold deviation exceeds the dynamics-validity bound
2.2633273196988739,3,0.0013852395350113511,0.25002479553222656,0.062574565410614014,23063,0.0048591425633713664,0,1,1,0,1,0.0013850353425368667,1,production realized manifold deviation exceeds the dynamics-validity bound
2.2633273196988739,4,0.0013850353425368667,0.25000568615346697,0.062568902969360352,23063,0.0048591425495103481,0,1,1,0,1,0.0013849884271621704,1,production realized manifold deviation exceeds the dynamics-validity bound
2.2633273196988739,5,0.0013849884271621704,0.25000143051147461,0.062568724155426025,23063,0.0048591425462781498,0,1,1,0,1,0.0013849765527993441,1,production realized manifold deviation exceeds the dynamics-validity bound
2.2633273196988739,6,0.0013849765527993441,0.25000021678352113,0.062568783760070801,23063,0.0048591425455228035,0,1,1,0,1,0.0013849746901541948,1,production realized manifold deviation exceeds the dynamics-validity bound
2.26755656482419,0,0.0014079269021749496,0.25692391395568848,0.063630819320678711,26700,0.0062582386698344147,0,1,1,0,1,0.0013382111210376024,1,production realized manifold deviation exceeds the dynamics-validity bound
2.26755656482419,1,0.0013382111210376024,0.25175847143071262,0.062229275703430176,26700,0.0062582399704020839,0,1,1,0,1,0.0013207364827394485,1,production realized manifold deviation exceeds the dynamics-validity bound
2.26755656482419,2,0.0013207364827394485,0.25044043873751676,0.061807751655578613,26700,0.0062582402970114892,0,1,1,0,1,0.0013163740513846278,1,production realized manifold deviation exceeds the dynamics-validity bound
2.26755656482419,3,0.0013163740513846278,0.25010991850642728,0.061702191829681396,26700,0.0062582403785821604,0,1,1,0,1,0.0013152861502021551,1,production realized manifold deviation exceeds the dynamics-validity bound
2.26755656482419,4,0.0013152861502021551,0.25002741813659668,0.061675131320953369,26700,0.0062582403989377101,0,1,1,0,1,0.0013150146696716547,1,production realized manifold deviation exceeds the dynamics-validity bound
2.26755656482419,5,0.0013150146696716547,0.25000691413879395,0.061667680740356445,26700,0.0062582404040112507,0,1,1,0,1,0.0013149462174624205,1,production realized manifold deviation exceeds the dynamics-validity bound
2.26755656482419,6,0.0013149462174624205,0.25000166893005371,0.061665594577789307,26700,0.0062582404052827873,0,1,1,0,1,0.001314929686486721,1,production realized manifold deviation exceeds the dynamics-validity bound
2.26755656482419,7,0.001314929686486721,0.25000035762786865,0.06166529655456543,26700,0.0062582404055938979,0,1,1,0,1,0.0013149259611964226,1,production realized manifold deviation exceeds the dynamics-validity bound
2.26755656482419,8,0.0013149259611964226,0.25000011920928955,0.06166529655456543,26700,0.0062582404056705093,0,1,1,0,1,0.0013149245642125607,1,production realized manifold deviation exceeds the dynamics-validity bound
2.2716854807804339,0,0.0014282566262409091,0.27146546202136257,0.064149320125579834,31437,0.0081316654783067221,0,1,1,0,1,0.0012187048560008407,1,production realized manifold deviation exceeds the dynamics-validity bound
2.2716854807804339,1,0.0012187048560008407,0.2546800862282963,0.06028592586517334,31437,0.0081316671891989729,0,1,1,0,1,0.0011746673844754696,1,production realized manifold deviation exceeds the dynamics-validity bound
2.2716854807804339,2,0.0011746673844754696,0.25097942352294922,0.059234976768493652,31437,0.0081316675458977181,0,1,1,0,1,0.0011655230773612857,1,production realized manifold deviation exceeds the dynamics-validity bound
2.2716854807804339,3,0.0011655230773612857,0.25020313262939453,0.059009194374084473,31437,0.0081316676198430159,0,1,1,0,1,0.0011636294657364488,1,production realized manifold deviation exceeds the dynamics-validity bound
2.2716854807804339,4,0.0011636294657364488,0.25004196166992188,0.058963596820831299,31437,0.0081316676350866954,0,1,1,0,1,0.0011632383102551103,1,production realized manifold deviation exceeds the dynamics-validity bound
2.2716854807804339,5,0.0011632383102551103,0.25000883657941908,0.058952629566192627,31437,0.0081316676382511988,0,1,1,0,1,0.0011631558882072568,1,production realized manifold deviation exceeds the dynamics-validity bound
2.2716854807804339,6,0.0011631558882072568,0.25000190734863281,0.05895078182220459,31437,0.0081316676389360035,0,1,1,0,1,0.0011631380766630173,1,production realized manifold deviation exceeds the dynamics-validity bound
2.2716854807804339,7,0.0011631380766630173,0.2500002384185791,0.058950185775756836,31437,0.0081316676389916482,0,1,1,0,1,0.0011631357483565807,1,production realized manifold deviation exceeds the dynamics-validity bound
2.2755354601540603,0,0.0013879756443202496,0.27073107004328123,0.065985023975372314,37924,0.013644265640784107,0,1,1,0,1,0.0012188091641291976,1,production realized manifold deviation exceeds the dynamics-validity bound
2.2755354601540603,1,0.0012188091641291976,0.25349521636962891,0.063889861106872559,37924,0.013644272717478251,0,1,1,0,1,0.0011909401509910822,1,production realized manifold deviation exceeds the dynamics-validity bound
2.2755354601540603,2,0.0011909401509910822,0.25056960355289881,0.063519537448883057,37924,0.013644273890917069,0,1,1,0,1,0.0011864155530929565,1,production realized manifold deviation exceeds the dynamics-validity bound
2.2755354601540603,3,0.0011864155530929565,0.25009250640869141,0.063459396362304688,37924,0.013644274081690255,0,1,1,0,1,0.0011856812052428722,1,production realized manifold deviation exceeds the dynamics-validity bound
2.2755354601540603,4,0.0011856812052428722,0.2500147819519043,0.063451468944549561,37924,0.01364427411266895,0,1,1,0,1,0.0011855637421831489,1,production realized manifold deviation exceeds the dynamics-validity bound
2.2755354601540603,5,0.0011855637421831489,0.25000239613020692,0.063447952270507812,37924,0.013644274117550519,0,1,1,0,1,0.0011855446500703692,1,production realized manifold deviation exceeds the dynamics-validity bound
2.2755354601540603,6,0.0011855446500703692,0.25000059604644775,0.063447713851928711,37924,0.013644274118445274,0,1,1,0,1,0.0011855398770421743,1,production realized manifold deviation exceeds the dynamics-validity bound
2.2794595971354283,0,0.0014025123091414571,0.27812588214874268,0.06727898120880127,43323,0.014526203373241583,0,1,1,0,1,0.0011552398791536689,1,production realized manifold deviation exceeds the dynamics-validity bound
2.2794595971354283,1,0.0011552398791536689,0.25566065311431885,0.066265523433685303,43323,0.014526184497938605,0,1,1,0,1,0.0011075288057327271,1,production realized manifold deviation exceeds the dynamics-validity bound
2.2794595971354283,2,0.0011075288057327271,0.25107018895900435,0.06590116024017334,43323,0.014526180823333425,0,1,1,0,1,0.0010985814733430743,1,production realized manifold deviation exceeds the dynamics-validity bound
2.2794595971354283,3,0.0010985814733430743,0.25019996576306758,0.065827608108520508,43323,0.014526180133044325,0,1,1,0,1,0.0010969120776280761,1,production realized manifold deviation exceeds the dynamics-validity bound
2.2794595971354283,4,0.0010969120776280761,0.25003709830260989,0.065812826156616211,43323,0.014526180004211735,0,1,1,0,1,0.0010966024128720164,1,production realized manifold deviation exceeds the dynamics-validity bound
2.2794595971354283,5,0.0010966024128720164,0.25000699213243838,0.065810203552246094,43323,0.014526179980294053,0,1,1,0,1,0.0010965439723804593,1,production realized manifold deviation exceeds the dynamics-validity bound
2.2794595971354283,6,0.0010965439723804593,0.25000128282355649,0.065810441970825195,43323,0.014526179975870111,0,1,1,0,1,0.0010965331457555294,1,production realized manifold deviation exceeds the dynamics-validity bound
2.2794595971354283,7,0.0010965331457555294,0.25000039169879162,0.065810441970825195,43323,0.0145261799750136,0,1,1,0,1,0.0010965297697111964,1,production realized manifold deviation exceeds the dynamics-validity bound
2.2830891106859781,0,0.0013957176124677062,0.25994777679443359,0.067501842975616455,49135,0.015496336059970507,0,1,1,0,1,0.001309294137172401,1,production realized manifold deviation exceeds the dynamics-validity bound
2.2830891106859781,1,0.001309294137172401,0.25264921486211556,0.067528963088989258,49135,0.015496334981131316,0,1,1,0,1,0.0012866760371252894,1,production realized manifold deviation exceeds the dynamics-validity bound
2.2830891106859781,2,0.0012866760371252894,0.25068330764770508,0.067532896995544434,49135,0.015496334699548231,0,1,1,0,1,0.0012808684259653091,1,production realized manifold deviation exceeds the dynamics-validity bound
2.2830891106859781,3,0.0012808684259653091,0.2501748738155114,0.067535758018493652,49135,0.015496334627242541,0,1,1,0,1,0.0012793837813660502,1,production realized manifold deviation exceeds the dynamics-validity bound
2.2830891106859781,4,0.0012793837813660502,0.25004463158130208,0.067535758018493652,49135,0.01549633460880759,0,1,1,0,1,0.0012790048494935036,1,production realized manifold deviation exceeds the dynamics-validity bound
2.2830891106859781,5,0.0012790048494935036,0.25001135513371509,0.067536115646362305,49135,0.015496334604043044,0,1,1,0,1,0.001278908341191709,1,production realized manifold deviation exceeds the dynamics-validity bound
2.2830891106859781,6,0.001278908341191709,0.25000298023223877,0.067536056041717529,49135,0.015496334602881879,0,1,1,0,1,0.0012788829626515508,1,production realized manifold deviation exceeds the dynamics-validity bound
2.2830891106859781,7,0.0012788829626515508,0.2500007152557373,0.067536234855651855,49135,0.015496334602572132,0,1,1,0,1,0.0012788767926394939,1,production realized manifold deviation exceeds the dynamics-validity bound
2.2830891106859781,8,0.0012788767926394939,0.25000011920928955,0.067536234855651855,49135,0.015496334602455699,0,1,1,0,1,0.0012788756284862757,1,production realized manifold deviation exceeds the dynamics-validity bound
2.2830891106859781,9,0.0012788756284862757,0.25000011920928955,0.067536234855651855,49135,0.015496334602455699,0,1,1,0,1,0.0012788744643330574,1,production realized manifold deviation exceeds the dynamics-validity bound
2.2926983147044666,0,0.0013639505486935377,0.25449791847704151,0.036632299423217773,30235,0.005171098623307782,0,1,1,0,1,0.0013198262313380837,1,production realized manifold deviation exceeds the dynamics-validity bound
2.2926983147044666,1,0.0013198262313380837,0.25109502718963062,0.035905957221984863,30235,0.0051710989660361398,0,1,1,0,1,0.0013091707369312644,1,production realized manifold deviation exceeds the dynamics-validity bound
2.2926983147044666,2,0.0013091707369312644,0.25026440620422363,0.03574216365814209,30235,0.0051710990488945899,0,1,1,0,1,0.001306602731347084,1,production realized manifold deviation exceeds the dynamics-validity bound
2.2926983147044666,3,0.001306602731347084,0.25006353855133057,0.035718858242034912,30235,0.0051710990688517509,0,1,1,0,1,0.0013059858465567231,1,production realized manifold deviation exceeds the dynamics-validity bound
2.2926983147044666,4,0.0013059858465567231,0.25001528532395678,0.035712122917175293,30235,0.0051710990736321171,0,1,1,0,1,0.0013058374170213938,1,production realized manifold deviation exceeds the dynamics-validity bound
2.2926983147044666,5,0.0013058374170213938,0.25000381469726562,0.035709142684936523,30235,0.0051710990748158932,0,1,1,0,1,0.001305800280533731,1,production realized manifold deviation exceeds the dynamics-validity bound
2.2926983147044666,6,0.001305800280533731,0.25000074862875854,0.035708785057067871,30235,0.0051710990750983626,0,1,1,0,1,0.0013057929463684559,1,production realized manifold deviation exceeds the dynamics-validity bound
2.2926983147044666,7,0.0013057929463684559,0.25000017505385297,0.035708785057067871,30235,0.0051710990751624043,0,1,1,0,1,0.0013057910837233067,1,production realized manifold deviation exceeds the dynamics-validity bound
2.2926983147044666,8,0.0013057910837233067,0.2500001380368988,0.03570854663848877,30235,0.0051710990751596556,0,1,1,0,1,0.0013057895703241229,1,production realized manifold deviation exceeds the dynamics-validity bound
2.2926983147044666,9,0.0013057895703241229,0.25000011920928955,0.03570854663848877,30235,0.0051710990751710631,0,1,1,0,1,0.0013057884061709046,1,production realized manifold deviation exceeds the dynamics-validity bound
2.2967432612203993,0,0.0014152039075270295,0.27009726846654769,0.039993762969970703,35788,0.0064310649339788355,0,1,1,0,1,0.0012328572338446975,1,production realized manifold deviation exceeds the dynamics-validity bound
2.2967432612203993,1,0.0012328572338446975,0.25396788120269775,0.03735727071762085,35788,0.0064310699613295899,0,1,1,0,1,0.0011978771071881056,1,production realized manifold deviation exceeds the dynamics-validity bound
2.2967432612203993,2,0.0011978771071881056,0.25075156841661084,0.037023425102233887,35788,0.0064310709279608294,0,1,1,0,1,0.0011912877671420574,1,production realized manifold deviation exceeds the dynamics-validity bound
2.2967432612203993,3,0.0011912877671420574,0.25014138221740723,0.036968767642974854,35788,0.0064310711101189365,0,1,1,0,1,0.0011900494573637843,1,production realized manifold deviation exceeds the dynamics-validity bound
2.2967432612203993,4,0.0011900494573637843,0.25002642344283466,0.036949753761291504,35788,0.0064310711444156227,0,1,1,0,1,0.0011898179072886705,1,production realized manifold deviation exceeds the dynamics-validity bound
2.2967432612203993,5,0.0011898179072886705,0.25000495886400742,0.03694915771484375,35788,0.0064310711507959495,0,1,1,0,1,0.0011897743679583073,1,production realized manifold deviation exceeds the dynamics-validity bound
2.2967432612203993,6,0.0011897743679583073,0.25000083446502686,0.036946892738342285,35788,0.0064310711519790812,0,1,1,0,1,0.0011897669173777103,1,production realized manifold deviation exceeds the dynamics-validity bound
2.2967432612203993,7,0.0011897669173777103,0.25000016812079506,0.036946654319763184,35788,0.0064310711521953848,0,1,1,0,1,0.0011897652875632048,1,production realized manifold deviation exceeds the dynamics-validity bound
2.2967432612203993,8,0.0011897652875632048,0.25000002280044686,0.036946654319763184,35788,0.0064310711522703136,0,1,1,0,1,0.0011897649383172393,1,production realized manifold deviation exceeds the dynamics-validity bound
2.3006472681299783,0,0.0013903625076636672,0.27908027172088623,0.042050004005432129,42682,0.012285530699474724,0,1,1,0,1,0.0011360100470483303,1,production realized manifold deviation exceeds the dynamics-validity bound
2.3006472681299783,1,0.0011360100470483303,0.25644111211802012,0.040789783000946045,42682,0.012285528060939079,0,1,1,0,1,0.0010823343181982636,1,production realized manifold deviation exceeds the dynamics-validity bound
2.3006472681299783,2,0.0010823343181982636,0.25130844116210938,0.040764689445495605,42682,0.012285527499526504,0,1,1,0,1,0.0010715393582358956,1,production realized manifold deviation exceeds the dynamics-validity bound
2.3006472681299783,3,0.0010715393582358956,0.25026226043701172,0.040765523910522461,42682,0.012285527386400893,0,1,1,0,1,0.001069379854016006,1,production realized manifold deviation exceeds the dynamics-validity bound
2.3006472681299783,4,0.001069379854016006,0.25005226033936911,0.040761232376098633,42682,0.012285527363776368,0,1,1,0,1,0.0010689495829865336,1,production realized manifold deviation exceeds the dynamics-validity bound
2.3006472681299783,5,0.0010689495829865336,0.25001060962677002,0.040765762329101562,42682,0.012285527359269046,0,1,1,0,1,0.0010688621550798416,1,production realized manifold deviation exceeds the dynamics-validity bound
2.3006472681299783,6,0.0010688621550798416,0.25000188681066571,0.04076617956161499,42682,0.012285527358344343,0,1,1,0,1,0.0010688465554267168,1,production realized manifold deviation exceeds the dynamics-validity bound
2.3006472681299783,7,0.0010688465554267168,0.25000039609013003,0.040766358375549316,42682,0.012285527358158565,0,1,1,0,1,0.0010688431793823838,1,production realized manifold deviation exceeds the dynamics-validity bound
2.3006472681299783,8,0.0010688431793823838,0.25000012161271656,0.040766477584838867,42682,0.012285527358159834,0,1,1,0,1,0.0010688420152291656,1,production realized manifold deviation exceeds the dynamics-validity bound
2.3041851351154037,0,0.0014208911452442408,0.27370588533673246,0.046477675437927246,47598,0.014672482976324694,0,1,1,0,1,0.0012010287027806044,1,production realized manifold deviation exceeds the dynamics-validity bound
2.3041851351154037,1,0.0012010287027806044,0.25660419464111328,0.045997738838195801,47598,0.014672487398674529,0,1,1,0,1,0.0011427495628595352,1,production realized manifold deviation exceeds the dynamics-validity bound
2.3041851351154037,2,0.0011427495628595352,0.25168311595916748,0.046177268028259277,47598,0.014672488577584446,0,1,1,0,1,0.0011280872859060764,1,production realized manifold deviation exceeds the dynamics-validity bound
2.3041851351154037,3,0.0011280872859060764,0.2504194974899292,0.046274900436401367,47598,0.014672488874647595,0,1,1,0,1,0.0011244446504861116,1,production realized manifold deviation exceeds the dynamics-validity bound
2.3041851351154037,4,0.0011244446504861116,0.25010406970977783,0.046289622783660889,47598,0.014672488948425566,0,1,1,0,1,0.0011235416168347001,1,production realized manifold deviation exceeds the dynamics-validity bound
2.3041851351154037,5,0.0011235416168347001,0.25002562999725342,0.046290397644042969,47598,0.014672488966727407,0,1,1,0,1,0.0011233192635700107,1,production realized manifold deviation exceeds the dynamics-validity bound
2.3041851351154037,6,0.0011233192635700107,0.25000615189295128,0.046291351318359375,47598,0.01467248897128335,0,1,1,0,1,0.0011232658289372921,1,production realized manifold deviation exceeds the dynamics-validity bound
2.3041851351154037,7,0.0011232658289372921,0.25000155851762229,0.046289920806884766,47598,0.01467248897235429,0,1,1,0,1,0.0011232522083446383,1,production realized manifold deviation exceeds the dynamics-validity bound
2.3041851351154037,8,0.0011232522083446383,0.25000035762786865,0.046289443969726562,47598,0.014672488972633809,0,1,1,0,1,0.001123249065130949,1,production realized manifold deviation exceeds the dynamics-validity bound
2.3041851351154037,9,0.001123249065130949,0.2500002384185791,0.046289682388305664,47598,0.014672488972691905,0,1,1,0,1,0.0011232469696551561,1,production realized manifold deviation exceeds the dynamics-validity bound
