beginning_time_s,candidate,dt_s,x,y,z_face,beginning_momentum,stress_rate,buoyancy_rate,advection_rate,source_rate,pressure_gradient_rate,restoration_rate,total_rate,closure_residual,lower_vreman_m2_per_s,upper_vreman_m2_per_s
2.1196145168505609,0,0.001439726329408586,42,44,0,0.0092232301831245422,0,4.1671682775868826,-0.096533762211276561,0,-204.64853816419378,95.289842813484583,-105.28806795095558,-7.1156219974000123e-06,9.4615636044181883e-05,9.4615636044181883e-05
2.1196145168505609,0,0.001439726329408586,42,44,1,0.030375482514500618,0.049863691366365183,8.8891416012817821,0.32154848871870695,0,25.9822615629868,33.853795476809339,69.096610821162997,1.4210854715202004e-14,9.4615636044181883e-05,0.00018612698477227241
2.1196145168505609,0,0.001439726329408586,42,44,2,-0.019044507294893265,0.063590373048611426,9.65595919190792,-0.67747481130462095,0,78.795241104360699,27.007087078636921,114.84440261321217,-3.2343734801543178e-07,0.00018612698477227241,0.00022001247270964086
2.1196145168505609,0,0.001439726329408586,42,44,3,0.124137282371521,0.012467863465768805,9.7592734949954139,-4.5279160809418171,0,-87.136281869193041,29.330945718720272,-52.561513460452304,-2.587498897810292e-06,0.00022001247270964086,0.00040385426837019622
2.1196145168505609,0,0.001439726329408586,42,44,4,0.20731502771377563,-0.084842795291237158,9.5028213036870639,6.5629943184184238,0,-15.405823570578683,35.691442372962904,36.266591629198473,0,0.00040385426837019622,0.00033782829996198416
2.1196145168505609,0,0.001439726329408586,42,44,5,0.16593445837497711,0.10426714955864951,9.1148568931172935,4.8383020993914929,0,137.68540169505437,41.596176970370308,193.3390048074921,-2.8421709430404007e-14,0.00033782829996198416,0.00028077440219931304
2.1196145168505609,0,0.001439726329408586,42,44,6,0.25413453578948975,0.16385401492906007,8.4519170334648503,-16.284579598137164,0,53.044203618374638,49.728127123821125,95.103522192452502,-1.4210854715202004e-14,0.00028077440219931304,0.00044938692008145154
2.1196145168505609,0,0.001439726329408586,42,44,7,0.65162259340286255,-0.17711947493178504,7.6165721218825189,-29.543607078588405,0,-91.500626619460988,59.908755408984526,-53.69602564211413,0,0.00044938692008145154,0.00034206474083475769
2.1196145168505609,0,0.001439726329408586,42,44,8,0.97615784406661987,-0.27618445794525903,6.9148372442974964,18.247249266302557,0,-95.361878782953724,51.282779264915817,-19.193197465383104,3.5527136788005009e-15,0.00034206474083475769,0.00031439494341611862
2.1196145168505609,0,0.001439726329408586,42,44,9,1.104408860206604,-0.088984087286041125,6.2564222733522783,59.075290962230198,0,-44.054218128583329,59.277819676392831,80.466330696105942,1.4210854715202004e-14,0.00031439494341611862,0.00061705411644652486
2.1196145168505609,0,0.001439726329408586,42,44,10,1.0668294429779053,0.052865190094245604,5.7941371317817234,52.984442743702978,0,167.93108002608523,61.949277744153768,288.71180283581793,0,0.00061705411644652486,0.00024133305123541504
2.1196145168505609,0,0.001439726329408586,42,44,11,0.96011501550674438,0.66625056449927245,5.6225723701206949,4.4839906995586292,0,212.88682417257647,56.626482000104311,280.2861198068594,5.6843418860808015e-14,0.00024133305123541504,0.00074509793194010854
2.1196145168505609,0,0.001439726329408586,42,44,12,1.3793381452560425,-0.33023957409768051,5.2507930886287104,-98.84345170736519,0,-92.696961912420434,95.357076384989114,-91.262783720265489,-1.4210854715202004e-14,0.00074509793194010854,0.00017397421470377594
2.1196145168505609,0,0.001439726329408586,42,44,13,2.1670634746551514,0.19709140865461783,4.8598336480783173,-84.432780215013068,0,-282.81197413633129,52.994709939351452,-309.19311935525997,5.6843418860808015e-14,0.00017397421470377594,0.00063627288909628987
2.1196145168505609,0,0.001439726329408586,42,44,14,2.0944600105285645,-0.33879190484796218,4.9762523393618014,77.518486345485286,0,121.30873818594495,28.974688519712092,232.43937348565615,0,0.00063627288909628987,0.00030613929266110063
2.1196145168505609,0,0.001439726329408586,42,44,15,1.7635043859481812,0.46188116830427045,5.351338767889624,79.114869668893135,0,208.56060880614822,54.969903102209038,348.45860151344431,0,0.00030613929266110063,0.00062865135259926319
2.1196145168505609,0,0.001439726329408586,42,44,16,1.8490084409713745,0.47580158896690466,5.5167630712156512,-24.950279025370023,0,-51.233637485743486,103.65148006958755,33.460128218656592,0,0.00062865135259926319,0.00063283165218308568
2.1196145168505609,0,0.001439726329408586,42,44,17,2.4905993938446045,0.043485506569619282,5.4966601453608366,-17.629437328148633,0,-289.88615473809455,52.194282678595037,-249.78116373571771,-2.8421709430404007e-14,0.00063283165218308568,0.00079101684968918562
2.1196145168505609,0,0.001439726329408586,42,44,18,2.3507421016693115,-0.20722502467220635,5.9629817852206104,151.26063189148999,0,160.46550399020632,-9.8955894059708971,307.58630323627381,0,0.00079101684968918562,0.0006778919487260282
2.1196145168505609,0,0.001439726329408586,42,44,19,1.8364696502685547,0.27302124053591953,6.5848030529252686,66.692390933889001,0,264.73930859603524,43.080324941346653,381.36984876473207,0,0.0006778919487260282,0.00054748076945543289
2.1196145168505609,0,0.001439726329408586,42,44,20,2.0558054447174072,0.47563534216236475,6.6612248330355692,-148.51159025661116,0,-40.555422811471189,91.638529961013674,-90.291622931870748,-2.8421709430404007e-14,0.00054748076945543289,0.00086550152627751231
2.1196145168505609,0,0.001439726329408586,42,44,21,2.5981483459472656,-0.57029058016981271,6.7001375821682512,-144.72224986264018,0,-230.18241204221991,101.22163229942538,-267.55318260343626,0,0.00086550152627751231,0.00091450364561751485
2.1196145168505609,0,0.001439726329408586,42,44,22,2.4353938102722168,-0.66813943869871451,7.3047222259282751,142.75624749588729,0,92.101216164914248,-99.111889193593839,142.38215725443726,0,0.00091450364561751485,0.00064898497657850385
2.1196145168505609,0,0.001439726329408586,42,44,23,1.691858172416687,-0.0087399244207742206,8.2100764484636919,169.43704578781458,0,202.18352110893736,-74.68093154812081,305.14097187267402,-5.6843418860808015e-14,0.00064898497657850385,0.00055872666416689754
2.1196145168505609,0,0.001439726329408586,42,44,24,1.4980502128601074,-0.064481766420813838,8.6257497379146617,-32.842523280414937,0,-27.800336617435455,68.599688125522803,16.518096199166258,0,0.00055872666416689754,0.00082659354666247964
2.1196145168505609,0,0.001439726329408586,42,44,25,1.7100951671600342,-0.37814549910630213,8.6568171903724025,-80.759773771736505,0,-143.91519860469123,95.192387254788997,-121.20391343037262,1.4210854715202004e-14,0.00082659354666247964,0.00080084335058927536
2.1196145168505609,0,0.001439726329408586,42,44,26,1.5806015729904175,-0.31014667480111635,8.9576094097631991,56.982521849204609,0,-24.282662908324511,3.0786682951737889,44.425989971015966,-7.1054273576010019e-15,0.00080084335058927536,0.00047624672879464924
2.1196145168505609,0,0.001439726329408586,42,44,27,1.397243857383728,-0.49719502989976272,9.1799305499122479,18.864481604702132,0,-21.51880007972731,0.7005705030785172,6.7289875480658248,0,0.00047624672879464924,0.00081743573537096381
2.1196145168505609,0,0.001439726329408586,42,44,28,1.6038466691970825,-0.51444717883781677,9.032741968544908,25.494109194879503,0,-66.827272076722579,-0.72408569311211834,-33.538953785248104,-7.1054273576010019e-15,0.00081743573537096381,0.00052188622066751122
2.1196145168505609,0,0.001439726329408586,42,44,29,1.2761588096618652,-0.1137445111668771,8.9463479676611151,89.616140818159067,0,99.576065796862736,6.7614451343093869,204.78625520582543,0,0.00052188622066751122,0.00058319303207099438
2.1196145168505609,0,0.001439726329408586,42,44,30,1.3731153011322021,-0.015504940303570223,8.6002881018310191,-63.777666569231158,0,-52.435396176404353,60.802084230366646,-46.826195353741426,0,0.00058319303207099438,0.00052757136290892959
2.1196145168505609,0,0.001439726329408586,42,44,31,1.9158282279968262,-0.45625044725322839,7.9735764611990385,-106.18714619490093,0,-180.74785219397671,42.106928553899422,-237.31074382103242,0,0.00052757136290892959,0.00052474637050181627
2.1196145168505609,0,0.001439726329408586,42,44,32,1.8337973356246948,-0.20502306310545959,7.8317278306934783,67.274805887045162,0,53.976883123078835,-7.9898654136703229,120.88852836404169,0,0.00052474637050181627,0.00048686948139220476
2.1196145168505609,0,0.001439726329408586,42,44,33,1.459212064743042,0.096749171494980052,8.0705565669711419,51.894050005842089,0,119.26150905361823,18.723638864395248,198.0465036623217,0,0.00048686948139220476,0.00029090428142808378
2.1196145168505609,0,0.001439726329408586,42,44,34,1.6353036165237427,-0.075214711871889689,8.0256673422464591,-113.74992938958071,0,-131.5505142451922,57.974962228580459,-179.3750287758179,0,0.00029090428142808378,0.00070454314118251204
2.1196145168505609,0,0.001439726329408586,42,44,35,2.0530891418457031,-0.76596695036166362,7.9579719021876896,-47.081633245479658,0,-193.97531218780713,26.774941852026597,-207.08999862943418,0,0.00070454314118251204,0.00060736003797501326
2.1196145168505609,0,0.001439726329408586,42,44,36,1.6831104755401611,-0.28821632784581419,8.288100537269889,136.82470640984124,0,89.288501357021886,1.1815554992235482,235.29464747551074,0,0.00060736003797501326,0.0003834403760265559
2.1196145168505609,0,0.001439726329408586,42,44,37,1.3387341499328613,0.1110373404392522,8.6138433617109182,30.29278116106736,0,90.991862235089641,30.762753761879754,160.77227786018693,0,0.0003834403760265559,0.00063143752049654722
2.1196145168505609,0,0.001439726329408586,42,44,38,1.59564208984375,-0.34879291154675429,8.5710778267111554,-143.73850347957958,0,-140.47676446199631,61.359659194050693,-214.63332383236079,0,0.00063143752049654722,0.0006662330124527216
2.1196145168505609,0,0.001439726329408586,42,44,39,1.9534429311752319,-0.90664991261126748,8.5356730792166839,-28.639100261943835,0,-165.2903407453048,8.7601534872005722,-177.54026435344264,0,0.0006662330124527216,0.00042133938404731452
2.1196145168505609,0,0.001439726329408586,42,44,40,1.5935829877853394,-0.38768819506183921,8.7882414346711109,160.52950836307946,0,100.4734518165253,-13.305209160878148,256.09830425833587,-5.6843418860808015e-14,0.00042133938404731452,0.00028890345129184425
2.1196145168505609,0,0.001439726329408586,42,44,41,1.3951295614242554,-0.012793888327590298,8.8245317536652532,-11.224528842728986,0,53.382544974976057,58.593560766401005,109.56331476398573,-1.4210854715202004e-14,0.00028890345129184425,0.00078505295095965266
2.1196145168505609,0,0.001439726329408586,42,44,42,1.9837353229522705,-0.89799472877957787,8.4033147478138659,-190.49994926076369,0,-186.41782819088141,101.16334112413081,-268.24911630847998,5.6843418860808015e-14,0.00078505295095965266,0.00021967211796436459
2.1196145168505609,0,0.001439726329408586,42,44,43,2.2449836730957031,-1.0917472935367916,8.2642114536447551,50.110373161814501,0,-33.147309951237773,-35.80916322306949,-11.673635852384805,-7.1054273576010019e-15,0.00021967211796436459,0.00060758308973163366
2.1196145168505609,0,0.001439726329408586,42,44,44,1.7132456302642822,-0.35869656359930802,8.5407406958188847,144.39759120023967,0,173.01731627039524,-19.329155007760477,306.26779659509401,5.6843418860808015e-14,0.00060758308973163366,0.00016545518883503973
2.1196145168505609,0,0.001439726329408586,42,44,45,1.7667504549026489,-0.28764643121235239,8.4017945922081516,-117.48354540716923,0,-87.511282910257052,102.41511099359553,-94.465569162834939,1.4210854715202004e-14,0.00016545518883503973,0.000708637700881809
2.1196145168505609,0,0.001439726329408586,42,44,46,2.4477298259735107,-1.0840559530465981,7.9294602517717294,-151.07184797150194,0,-240.33666853856042,100.27903749892356,-284.28407471241366,0,0.000708637700881809,0.00019081454956904054
2.1196145168505609,0,0.001439726329408586,42,44,47,2.3825247287750244,-1.4965492063453558,7.8196513264368406,127.51194595685104,0,61.066795718174468,-48.275691539404171,146.62615225571281,0,0.00019081454956904054,0.00088958058040589094
2.1196145168505609,0,0.001439726329408586,42,44,48,1.9233770370483398,-0.5855639393215335,7.913278033630208,168.21268270673409,0,174.04287663573393,3.6845984383635524,353.26787187514026,0,0.00088958058040589094,0.00063873472390696406
2.1196145168505609,0,0.001439726329408586,42,44,49,1.8077225685119629,-0.3128208549177236,7.8300640688986274,69.95148035259524,0,97.023094478883792,39.051609848829422,213.54342789428935,0,0.00063873472390696406,0.00054188648937270045
2.1196145168505609,0,0.001439726329408586,42,44,50,2.0807974338531494,-0.23949437037055005,7.2637465932949006,-46.151044439889368,0,-19.67352006180888,62.321629186340758,3.5213169075668573,-5.773159728050814e-15,0.00054188648937270045,0.00067692919401451945
2.1196145168505609,0,0.001439726329408586,42,44,51,2.6130485534667969,-0.33841186594653339,6.1713381937883049,-193.26439168911523,0,-128.35501519953456,44.631830683774886,-271.15464987703314,5.6843418860808015e-14,0.00067692919401451945,0.00054697785526514053
2.1196145168505609,0,0.001439726329408586,42,44,52,3.1928486824035645,-0.52409725599784263,5.2822800393461549,-137.87535516454673,0,-193.97547778773696,25.903306621450124,-301.18934354748524,5.6843418860808015e-14,0.00054697785526514053,0.0006886751507408917
2.1196145168505609,0,0.001439726329408586,42,44,53,2.9594314098358154,-0.13729592618512504,5.3825081031166828,128.99588692791511,0,83.944757221850949,-5.9324518856600408,212.25340444103756,0,0.0006886751507408917,0.00065569760045036674
2.1196145168505609,0,0.001439726329408586,42,44,54,2.4792208671569824,0.06786815561056686,5.8216933482276243,60.813759025418541,0,168.41529422086163,33.744960097936833,268.86357484805518,0,0.00065569760045036674,0.00062589842127636075
2.1196145168505609,0,0.001439726329408586,42,44,55,2.8087706565856934,0.048374585747490026,5.6817141856797297,-136.28311183938425,0,-145.97302613252603,52.967137551037403,-223.55891164944566,-2.8421709430404007e-14,0.00062589842127636075,0.0010129915317520499
2.1196145168505609,0,0.001439726329408586,42,44,56,2.944387674331665,-0.4082361707280292,5.9155930365552951,48.900168874733112,0,-1.4556233830658709,-20.576619279050032,32.375283078444475,7.1054273576010019e-15,0.0010129915317520499,0.00088931905338540673
2.1196145168505609,0,0.001439726329408586,42,44,57,2.3987064361572266,-0.18488067789236895,6.5459051819112801,57.69749954617695,0,138.78847317754165,7.5136000155249931,210.3605972432625,0,0.00088931905338540673,0.00071658793604001403
2.1196145168505609,0,0.001439726329408586,42,44,58,2.8344540596008301,-0.89921667513668257,6.4181655360509353,-173.03818186155183,0,-173.9203326876715,45.054276104730633,-296.38528958357841,5.6843418860808015e-14,0.00071658793604001403,0.00012697032070718706
2.1196145168505609,0,0.001439726329408586,42,44,59,3.1424002647399902,-1.0657506920548825,6.2900972778298643,46.65330902701551,0,-80.949054491514019,-67.398674634546097,-96.470073513269625,0,0.00012697032070718706,0.00041530650923959911
2.1196145168505609,0,0.001439726329408586,42,44,60,2.6505997180938721,-0.68648674654760933,6.3972003261865806,85.952821970776625,0,196.79928779092685,-26.041582562844891,262.42124077849758,0,0.00041530650923959911,0.00062622124096378684
2.1196145168505609,0,0.001439726329408586,42,44,61,3.1386899948120117,-0.51718798705118518,5.6961601920571061,-151.47442140088,0,-192.11098817796008,39.226980174502543,-299.17945719933164,-5.6843418860808015e-14,0.00062622124096378684,0.00018282742530573159
2.1196145168505609,0,0.001439726329408586,42,44,62,3.3038403987884521,-0.5182876740851069,5.3672192189715417,89.963817870803751,0,60.194912087703273,-36.692638848627674,118.31502265476578,-2.8421709430404007e-14,0.00018282742530573159,0.00023382202198263258
2.1196145168505609,0,0.001439726329408586,42,44,63,2.632007360458374,0.099134198609138482,5.5238114182283642,27.453156364580213,0,175.27444331376134,7.0009026328205639,215.3514479279996,0,0.00023382202198263258,0.00030750271980650723
2.1196145168505609,0,0.001439726329408586,42,44,64,3.4080877304077148,-0.13314331388261891,5.0539452283083701,-158.2101985460682,0,-299.84268491823707,68.719168474883674,-384.4129130749958,1.1368683772161603e-13,0.00030750271980650723,0.00035938422661274672
2.1196145168505609,0,0.001439726329408586,42,44,65,3.3248260021209717,-0.49899204788813595,5.0606077145471211,170.56113811139264,0,121.62652445125819,-87.426992545981676,209.32228568332815,0,0.00035938422661274672,0.00020408793352544308
2.1196145168505609,0,0.001439726329408586,42,44,66,2.5114355087280273,-0.2955751747269279,5.5735761377616759,222.4561817168136,0,284.17378515915749,-26.646850306315397,485.26111753269043,0,0.00020408793352544308,0.00048000342212617397
2.1196145168505609,0,0.001439726329408586,42,44,67,2.4890358448028564,-0.024451864636612058,5.6601486760697997,1.1265763225252696,0,-29.662425028230018,104.10307107819058,81.202919183919022,0,0.00048000342212617397,0.00038582089473493397
2.1196145168505609,0,0.001439726329408586,42,44,68,3.1954829692840576,-0.28396183277398884,5.2829269140719912,-165.37901950772024,0,-188.16606664992878,18.734485659798072,-329.81163541655297,0,0.00038582089473493397,0.00072209507925435901
2.1196145168505609,0,0.001439726329408586,42,44,69,3.7634966373443604,-0.87896981965536936,4.5395562681958781,-154.75379681098846,0,-49.437871846839471,-88.591325652504551,-289.122407861792,0,0.00072209507925435901,0.00065345974871888757
2.1196145168505609,0,0.001439726329408586,42,44,70,3.6083869934082031,-0.49528416195964231,4.3148465431216803,83.948069220447223,0,173.58118403141225,-30.795956547807478,230.55285908521401,-2.8421709430404007e-14,0.00065345974871888757,0.00071121373912319541
2.1196145168505609,0,0.001439726329408586,42,44,71,2.9785976409912109,0.20167904421024885,5.0104131467584905,119.20197587885006,0,189.60877323846915,18.269812256739726,332.29265356502771,0,0.00071121373912319541,0.00087846181122586131
2.1196145168505609,0,0.001439726329408586,42,44,72,3.2707819938659668,-0.34649747658212421,5.3173105698117311,-165.20282118239805,0,-181.82474853755775,58.874418247365703,-283.18233837936049,0,0.00087846181122586131,0.0010407582158222795
2.1196145168505609,0,0.001439726329408586,42,44,73,4.0609021186828613,-1.7744750510525662,5.2139855932912624,-123.07867023579797,0,-188.69797362449165,-76.464111592358961,-384.80124491040988,0,0.0010407582158222795,0.001059569651260972
2.1196145168505609,0,0.001439726329408586,42,44,74,3.4549205303192139,-0.78409820205212921,5.8077376728924319,252.90636561116926,0,243.20237532399327,-107.37665049075555,393.75572991524729,-5.6843418860808015e-14,0.001059569651260972,0.00062243110733106732
2.1196145168505609,0,0.001439726329408586,42,44,75,2.6733181476593018,-0.057146853904556059,6.5119009181982435,91.2733821157736,0,219.52357255973584,27.736829044351754,344.98853778415486,0,0.00062243110733106732,0.00060874217888340354
2.1196145168505609,0,0.001439726329408586,42,44,76,3.2001004219055176,-0.6769252912250231,6.4215868564758827,-311.24987048355098,0,-177.34162723763063,84.115490749489268,-398.73134540644151,0,0.00060874217888340354,0.00069032364990562201
2.1196145168505609,0,0.001439726329408586,42,44,77,3.888373851776123,-1.8204859565518505,6.450494394224056,-47.508632664505299,0,-142.22748691999089,-138.89793473114875,-324.00404587797277,0,0.00069032364990562201,0.00077854067785665393
2.1196145168505609,0,0.001439726329408586,42,44,78,3.0313444137573242,-0.8129326429562822,7.1885299407988335,414.35172438608555,0,261.50431396711696,-176.82247145766345,505.40916419338157,0,0.00077854067785665393,0.00030663909274153411
2.1196145168505609,0,0.001439726329408586,42,44,79,2.4825839996337891,-0.12954054509707366,7.3549966827455462,23.969265041151338,0,82.947183244650844,117.96775960194564,232.10966402539631,2.8421709430404007e-14,0.00030663909274153411,0.00062270316993817687
2.1196145168505609,0,0.001439726329408586,42,44,80,3.336146354675293,-1.0046546679490957,6.6661850684332817,-406.33171978518908,0,-202.14601272483446,205.89883833428141,-396.91736377525791,-5.6843418860808015e-14,0.00062270316993817687,0.00024065766774583608
2.1196145168505609,0,0.001439726329408586,42,44,81,3.7981150150299072,-1.549866561872961,6.7311571658962794,61.459101951904053,0,81.348150322365981,-222.36443935569659,-74.375896477403245,0,0.00024065766774583608,0.00061667681438848376
2.1196145168505609,0,0.001439726329408586,42,44,82,2.8591625690460205,-0.78851182830651023,7.5280977718804367,434.18032878216536,0,295.85586660796281,-231.02746848406122,505.74831284964085,0,0.00061667681438848376,0.00023060028615873307
2.1196145168505609,0,0.001439726329408586,42,44,83,2.5114901065826416,-0.23794445852744628,7.4865845863498919,-36.887053166229421,0,101.92659120064397,71.473095307692034,143.76127346992902,0,0.00023060028615873307,0.0003700083470903337
2.1196145168505609,0,0.001439726329408586,42,44,84,3.4024255275726318,-0.70561095094223369,6.6809532184241238,-434.4080286856597,0,-213.1302560694032,188.61202726091813,-452.95091522666286,5.6843418860808015e-14,0.0003700083470903337,0.00029939116211608052
2.1196145168505609,0,0.001439726329408586,42,44,85,4.0896730422973633,-1.2612135935872073,6.4795985818888822,-24.313381695305022,0,-120.06077711486594,-122.4856568871337,-261.64143070900298,0,0.00029939116211608052,0.00039979894063435495
2.1196145168505609,0,0.001439726329408586,42,44,86,3.2665114402770996,-0.80943693193786281,7.1350230509765584,441.52683846850789,0,334.1965559581003,-225.2175605464636,556.83141999918337,1.1368683772161603e-13,0.00039979894063435495,0.00046636597835458815
2.1196145168505609,0,0.001439726329408586,42,44,87,2.7726051807403564,-0.30825974122585187,7.2818383856270907,32.305731107922561,0,162.8062589981285,28.482194328444983,230.56776307889729,0,0.00046636597835458815,0.00037955911830067635
2.1196145168505609,0,0.001439726329408586,42,44,88,3.7056496143341064,-0.7497433322376893,6.4440625188250653,-448.4154643489145,0,-163.6027946605343,104.9939987005904,-501.32994112227107,-1.1368683772161603e-13,0.00037955911830067635,0.00059129012515768409
2.1196145168505609,0,0.001439726329408586,42,44,89,4.4955644607543945,-1.6741958841786975,6.0082772472731198,-94.470454360764464,0,-48.592981004927971,-166.83133089218984,-305.56068489478787,0,0.00059129012515768409,0.00041996387881226838
2.1196145168505609,0,0.001439726329408586,42,44,90,3.6586556434631348,-1.1705249913985876,6.6051834880374667,426.44565286033856,0,324.83651672514816,-162.60257108445717,594.11425699766846,0,0.00041996387881226838,0.00059958879137411714
2.1196145168505609,0,0.001439726329408586,42,44,91,3.3176953792572021,-0.62959282066085531,6.6807798559976002,-81.628345403611419,0,0.31033426847160889,156.04183306508247,80.775008965279397,0,0.00059958879137411714,0.00063314702128991485
2.1196145168505609,0,0.001439726329408586,42,44,92,4.7162923812866211,-1.8790941004620707,5.8481932182462337,-409.19312097244676,0,-358.55150323578869,150.92645123312516,-612.84907385732618,0,0.00063314702128991485,0.00042749117710627615
2.1196145168505609,0,0.001439726329408586,42,44,93,4.3729658126831055,-1.9885556540691858,6.1841954758390267,390.81053516350363,0,330.914365349185,-285.33364706757538,440.58689326688312,5.6843418860808015e-14,0.00042749117710627615,0.00059640937251970172
2.1196145168505609,0,0.001439726329408586,42,44,94,2.9253170490264893,-0.85963893878584041,6.8480636007230444,303.78843444591746,0,299.26904676136104,-30.347843137730546,578.69806273148515,1.1368683772161603e-13,0.00059640937251970172,0.00061673257732763886
2.1196145168505609,0,0.001439726329408586,42,44,95,3.2829265594482422,-1.3704034598094712,6.1496174342441732,-232.82439332247392,0,-161.27296924797983,79.436299132662285,-309.88184946335679,0,0.00061673257732763886,0.00081687286728993058
2.1196145168505609,0,0.001439726329408586,42,44,96,3.5822818279266357,-1.1646190251517021,5.7100058986889062,32.863306071606608,0,-66.031150414141322,-153.21984466112053,-181.84230213011804,0,0.00081687286728993058,0.00070913892704993486
2.1196145168505609,0,0.001439726329408586,42,44,97,2.5450372695922852,-0.4500773217445726,5.5757263493503562,104.69326922804801,0,101.18288191584888,-84.881224824949641,126.12057534655303,-1.4210854715202004e-14,0.00070913892704993486,0.00060553452931344509
2.1196145168505609,0,0.001439726329408586,42,44,98,2.5720245838165283,0.00092697148212341483,5.0891180712136297,26.397622411945189,0,-272.19544543591473,-49.877705260425699,-290.58548324169948,5.6843418860808015e-14,0.00060553452931344509,0.00047199157415889204
2.1196145168505609,0,0.001439726329408586,42,44,99,1.8394306898117065,-0.04625121945993238,4.5232453219839162,95.575254292519176,0,74.912274650071097,-59.521417173149359,115.44310587196489,-2.8421709430404007e-14,0.00047199157415889204,0.00049869163194671273
2.1196145168505609,0,0.001439726329408586,42,44,100,1.7134920358657837,0.26606329426614284,2.4987931339099414,5.5071912658974513,0,77.899200584127883,-67.111193156388836,19.060055121812574,-7.1054273576010019e-15,0.00049869163194671273,0.00045384562690742314
2.1196145168505609,0,0.001439726329408586,42,44,101,1.8647530078887939,0.13719266880701342,0.42038229487703516,7.2247109379643097,0,63.424773118797333,-73.699337964147773,-2.4922789437020882,-1.2878587085651816e-14,0.00045384562690742314,0.0004147076397202909
2.1196145168505609,0,0.001439726329408586,42,44,102,1.6262421607971191,0.1186007020713333,0.0068412447628415753,22.855522713186662,0,71.277687390511403,-68.170949907234117,26.087702143298117,-1.4210854715202004e-14,0.0004147076397202909,0.00031841837335377932
2.1196145168505609,0,0.001439726329408586,42,44,103,1.3724926710128784,0.08420132455938735,0.0044774378560590534,14.191168785383542,0,62.206951234944498,-59.714837891172223,16.771960891571261,-7.1054273576010019e-15,0.00031841837335377932,0.00024083431344479322
2.1196145168505609,0,0.001439726329408586,42,44,104,1.1601903438568115,0.048266631894623296,0.0033177462424664361,8.9793249943095237,0,50.732863297985674,-52.530533336082549,7.2332393343497356,-4.4408920985006262e-15,0.00024083431344479322,0.00018123736663255841
2.1196145168505609,0,0.001439726329408586,42,44,105,0.99254930019378662,0.026724172882223115,0.0027940146071388284,5.7543905611274377,0,39.633942002020675,-46.555563668442744,-1.1377129178052672,-2.2204460492503131e-16,0.00018123736663255841,0.00013861179468221962
2.1196145168505609,0,0.001439726329408586,42,44,106,0.86154800653457642,0.013593205810319755,0.0023871874167401474,3.8278423776527424,0,29.959594102281407,-41.584377975371055,-7.7809611022098455,-1.7763568394002505e-15,0.00013861179468221962,0.00010956624464597553
2.1196145168505609,0,0.001439726329408586,42,44,107,0.7552793025970459,0.0077084839338554421,0.0021861118725365696,2.6377170820613149,0,21.026926888197004,-37.421361339774592,-13.746822773709878,1.7763568394002505e-15,0.00010956624464597553,8.8340995716862381e-05
2.1196145168505609,0,0.001439726329408586,42,44,108,0.66862243413925171,0.0047998845341248658,0.0019897125882529167,1.848053816742816,0,13.147847827572308,-33.906378629523118,-18.903687388085618,-3.5527136788005009e-15,8.8340995716862381e-05,7.2130060289055109e-05
2.1196145168505609,0,0.001439726329408586,42,44,109,0.59780287742614746,0.003015896902167475,0.0018693010273482461,1.3114686441627035,0,5.9382892831859877,-30.911296898922995,-23.656653773644788,0,7.2130060289055109e-05,5.9584817790891975e-05
2.1196145168505609,0,0.001439726329408586,42,44,110,0.53956478834152222,0.0019335729903118381,0.0016682254831446683,0.94598959906300195,0,-0.54958476707051862,-28.33743928979624,-27.937432659330298,3.5527136788005009e-15,5.9584817790891975e-05,4.9745118303690106e-05
2.1196145168505609,0,0.001439726329408586,42,44,111,0.49125680327415466,0.0012787325139148819,0.0015571662841514478,0.6904275073774041,0,-6.4462256679082621,-26.107946734717888,-31.860908996450679,3.5527136788005009e-15,4.9745118303690106e-05,4.1941588278859854e-05
2.1196145168505609,0,0.001439726329408586,42,44,112,0.45105826854705811,0.00086445126097109643,0.0014332477651994335,0.50679788520480251,0,-11.944722937490473,-24.163430958858363,-35.599058312117862,0,4.1941588278859854e-05,3.5626449971459806e-05
2.1196145168505609,0,0.001439726329408586,42,44,113,0.41741934418678284,0.00059376048328718288,0.0012485387358945933,0.37524944095873303,0,-16.999557295109504,-22.457399781922359,-39.079865336853949,0,3.5626449971459806e-05,3.0453646104433574e-05
2.1196145168505609,0,0.001439726329408586,42,44,114,0.38918858766555786,0.00043874341451206845,0.0010930559362682848,0.27839418200871585,0,-21.707439099776789,-20.95280021961397,-42.380313338031264,-7.1054273576010019e-15,3.0453646104433574e-05,2.616520032461267e-05
2.1196145168505609,0,0.001439726329408586,42,44,115,0.36546632647514343,0.00030174550237605175,0.00096095396245640164,0.2039363135660546,0,-26.123471728137957,-19.620279684373649,-45.538552399480722,0,2.616520032461267e-05,2.2562910089618526e-05
2.1196145168505609,0,0.001439726329408586,42,44,116,0.34563905000686646,0.00019981882896167309,0.00079378074992288042,0.14682503777141953,0,-30.367176929536342,-18.436198786220437,-48.655557078406474,0,2.2562910089618526e-05,1.9499288100632839e-05
2.1196145168505609,0,0.001439726329408586,42,44,117,0.32906720042228699,0.00014664927199050631,0.00059855041217290875,0.10532155536176267,0,-34.353250040126447,-17.381534233216936,-51.628717518297456,7.1054273576010019e-15,1.9499288100632839e-05,1.6884712749742903e-05
2.1196145168505609,0,0.001439726329408586,42,44,118,0.31513601541519165,0.00011115596962023602,0.00044774379350232533,0.073629868793590764,0,-38.00218239360629,-16.440885231890437,-54.368878856940015,0,1.6884712749742903e-05,1.4647878742835019e-05
2.1196145168505609,0,0.001439726329408586,42,44,119,0.30351263284683228,6.5826925988636832e-05,0.00026537293363954766,0.048003279654859989,0,-41.417794795973691,-15.601780037526821,-56.971240353986019,7.1054273576010019e-15,1.4647878742835019e-05,1.2702758795057889e-05
2.1196145168505609,0,0.001439726329408586,42,44,120,0.29388424754142761,4.7728649688839356e-05,3.5071315218206765e-05,0.031898686480439517,0,-44.537024723956321,-14.8541791543811,-59.359222391892075,0,1.2702758795057889e-05,1.1010423804691527e-05
2.1196145168505609,0,0.001439726329408586,42,44,121,0.2857016921043396,1.7395003861791575e-05,-7.9494977542076171e-05,0.021320990963564376,0,-47.215634638686097,-14.189492086094175,-61.38386783379039,0,1.1010423804691527e-05,9.5682698884047568e-06
2.1196145168505609,0,0.001439726329408586,42,44,122,0.27884864807128906,-2.2765872366411271e-06,-0.0001426233513506896,0.012088794876428733,0,-49.646103408585077,-13.601426035333105,-63.235585548980346,-7.1054273576010019e-15,9.5682698884047568e-06,8.304298717121128e-06
2.1196145168505609,0,0.001439726329408586,42,44,123,0.27308276295661926,8.7897419869404085e-06,-0.00025718963670807879,0.0074312968504073899,0,-51.717034030866436,-13.084795654295592,-64.794646788206336,1.4210854715202004e-14,8.304298717121128e-06,7.2156476562668104e-06
2.1196145168505609,0,0.001439726329408586,42,44,124,0.26811107993125916,-1.7553307341603627e-05,-0.00033434654351334242,0.0058373975259467517,0,-53.354030737061194,-12.635264294819626,-65.983809534205719,1.4210854715202004e-14,7.2156476562668104e-06,6.2751396399107762e-06
2.1196145168505609,0,0.001439726329408586,42,44,125,0.26383578777313232,-1.6867740157801046e-05,-0.00037643209315066806,0.0067688971311510209,0,-54.639717542150962,-12.249064558501935,-66.882406503355057,0,6.2751396399107762e-06,5.4590168474533129e-06
2.1196145168505609,0,0.001439726329408586,42,44,126,0.25999107956886292,-3.7224908310561322e-05,-0.00039747490745143082,0.010598395508101904,0,-55.457553495529083,-11.923319146562003,-67.37070894639875,0,5.4590168474533129e-06,4.7811413423914928e-06
2.1196145168505609,0,0.001439726329408586,42,44,127,0.25643876194953918,-3.4544034240797501e-05,-0.00042085577274795615,0.019168191875981178,0,-55.829625487834512,-11.655947709881538,-67.466860405647054,0,4.7811413423914928e-06,4.2092196963494644e-06
2.1196145168505609,0,0.001439726329408586,42,44,128,0.25269407033920288,-6.1572690235244082e-05,-0.0004559270904337942,0.033761685690848059,0,-55.395557021804933,-11.449009897587603,-66.811322733482356,0,4.2092196963494644e-06,3.5890261642634869e-06
2.1196145168505609,0,0.001439726329408586,42,44,129,0.24848628044128418,-9.379174205536763e-05,-0.00045475802545381292,0.052464127764227098,0,-54.053297140692422,-11.303561409232762,-65.304942971928469,0,3.5890261642634869e-06,2.8327096970315324e-06
2.1196145168505609,0,0.001439726329408586,42,44,130,0.24352559447288513,-0.00020848562368932063,-0.00082651393764875591,0.095509759520277709,0,-51.675230398583992,-11.220533744422221,-62.801289383047276,-7.1054273576010019e-15,2.8327096970315324e-06,1.8787477529258467e-06
2.1196145168505609,0,0.001439726329408586,42,44,131,0.23506096005439758,0.0001281944303782883,-0.0019394436627199222,0.20913201136397175,0,-45.451457186394123,-11.230831990057535,-56.474968414320024,7.1054273576010019e-15,1.8787477529258467e-06,8.9606083975013462e-07
2.1196145168505609,0,0.001439726329408586,42,44,132,0.2164648175239563,1.0675959830696713e-06,-0.0013362170301091884,0.28026753121473774,0,-29.898881028013314,-11.39561427021817,-41.015562916450875,0,8.9606083975013462e-07,8.9606083975013462e-07
2.1210542431799695,0,0.0014238557778298855,44,44,0,0.009119831956923008,0,4.1335111572168293,-1.1200608822231823,0,-50.788871530202208,138.0229773487126,90.247552823079516,-3.2704245285231082e-06,0.00021549097436945885,0.00021549097436945885
2.1210542431799695,0,0.0014238557778298855,44,44,1,0.09504052996635437,0.024223380461241055,8.7920667349749344,-2.018485093568481,0,-22.152212752889664,48.04090385377016,32.686496122748188,0,0.00021549097436945885,0.00024833282805047929
2.1210542431799695,0,0.0014238557778298855,44,44,2,0.1260041743516922,0.071068941530368995,9.5789858217285051,-0.79537771277627323,0,-8.1505886600645514,32.402947699043757,33.107036089461808,0,0.00024833282805047929,0.00042629212839528918
2.1210542431799695,0,0.0014238557778298855,44,44,3,0.095966324210166931,0.12313279199086112,9.7588343160413995,-6.7723323392332881,0,-68.404769979595827,51.824596666717902,-13.470538544078945,1.0658141036401503e-14,0.00042629212839528918,0.00039710229611955583
2.1210542431799695,0,0.0014238557778298855,44,44,4,0.28266140818595886,-0.039468791483291236,9.6843013408413565,-16.597472550509256,0,-75.573420213251296,59.043344571602184,-23.482715642800308,0,0.00039710229611955583,0.00048676761798560619
2.1210542431799695,0,0.0014238557778298855,44,44,5,0.37237367033958435,-0.24394619890002542,9.8141188805860082,5.7448539052302916,0,13.30940341896722,44.392376378770102,73.016806384653592,0,0.00048676761798560619,0.00031480033067055047
2.1210542431799695,0,0.0014238557778298855,44,44,6,0.31097337603569031,-0.0050318751927506461,9.9473945672361683,8.5093620808010701,0,27.667686930108083,51.835590525841752,97.955002228794328,1.4210854715202004e-14,0.00031480033067055047,0.00058185879606753588
2.1210542431799695,0,0.0014238557778298855,44,44,7,0.36674335598945618,-0.086632237817423324,9.8965662831657841,-23.687397124708156,0,-69.181116437905928,77.02170024793088,-6.0368792693348317,1.5099033134902129e-14,0.00058185879606753588,0.0001989781012525782
2.1210542431799695,0,0.0014238557778298855,44,44,8,0.58117896318435669,-0.22501567350959395,9.75012452141425,-52.564565538817156,0,-143.56711614291362,86.13641006152649,-100.47016277229963,1.4210854715202004e-14,0.0001989781012525782,0.00057757191825658083
2.1210542431799695,0,0.0014238557778298855,44,44,9,0.78218138217926025,-0.61236017708694779,9.6314480098976123,-30.302320006462359,0,-62.762555078037238,41.979315872972784,-42.066471378716145,7.1054273576010019e-15,0.00057757191825658083,0.00037962090573273599
2.1210542431799695,0,0.0014238557778298855,44,44,10,0.7391316294670105,-0.40304908220441005,9.5956525592543702,25.69613896949577,0,96.1325646963558,37.780948926761134,168.80225606966266,-2.8421709430404007e-14,0.00037962090573273599,0.0005672246334142983
2.1210542431799695,0,0.0014238557778298855,44,44,11,0.60212802886962891,-0.080876944717070673,9.612558037771441,18.700130522643274,0,90.916295119185719,76.166167654389383,195.31427438927275,2.8421709430404007e-14,0.0005672246334142983,0.00066562090069055557
2.1210542431799695,0,0.0014238557778298855,44,44,12,0.72606426477432251,-0.32806936701260125,9.54260823551766,-45.739184297252812,0,-66.761284845147031,118.89944981648013,15.613519542585342,5.3290705182007514e-15,0.00066562090069055557,0.00054975558305159211
2.1210542431799695,0,0.0014238557778298855,44,44,13,1.1050218343734741,-0.92862069518106216,9.345113184487591,-88.09186230073712,0,-150.23537049167891,118.12970176671604,-111.78103853639345,0,0.00054975558305159211,0.0005493336939252913
2.1210542431799695,0,0.0014238557778298855,44,44,14,1.2641541957855225,-1.0379863080406331,9.3184291366046512,29.618053005078643,0,27.928692971563333,-2.3484264515861066,63.478762353619885,0,0.0005493336939252913,0.00056552764726802707
2.1210542431799695,0,0.0014238557778298855,44,44,15,0.92684841156005859,-0.40679764280881064,9.5270227003437551,85.395944084897607,0,143.17405820766999,25.161735902099188,262.85196325220176,5.6843418860808015e-14,0.00056552764726802707,0.00062657240778207779
2.1210542431799695,0,0.0014238557778298855,44,44,16,0.87166231870651245,-0.13101974780448225,9.5807361529407498,-40.411437721142022,0,-60.245510769998567,142.3578439660831,51.150611880078763,-7.1054273576010019e-15,0.00062657240778207779,0.00065706123132258654
2.1210542431799695,0,0.0014238557778298855,44,44,17,1.3549362421035767,-1.1154620112391409,9.3718763766443285,-166.91175184541879,0,-216.25972665137635,179.59974320626534,-195.31532092512461,0,0.00065706123132258654,0.00058575946604833007
2.1210542431799695,0,0.0014238557778298855,44,44,18,1.6346588134765625,-1.6805266168406587,9.4142591163901574,32.085784543777415,0,31.932655417932459,-79.826070974099224,-8.0738985128398504,1.0658141036401503e-14,0.00058575946604833007,0.00071415770798921585
2.1210542431799695,0,0.0014238557778298855,44,44,19,1.1509712934494019,-0.71285901494158854,9.7501565715747134,170.96418983244635,0,227.64808792994228,-53.805840781997752,353.84373453702398,-5.6843418860808015e-14,0.00071415770798921585,0.00052798498654738069
2.1210542431799695,0,0.0014238557778298855,44,44,20,0.94298690557479858,-0.24368129451252196,9.7979675619671873,-24.698329826893158,0,38.14652483053478,112.63120240101487,135.63368367211115,0,0.00052798498654738069,0.00066547194728627801
2.1210542431799695,0,0.0014238557778298855,44,44,21,1.3318747282028198,-0.93853531420767267,9.5188734564822592,-180.29686166790998,0,-177.47234512659324,182.15513258791637,-167.03373606431225,0,0.00066547194728627801,0.00083602475933730602
2.1210542431799695,0,0.0014238557778298855,44,44,22,1.7573739290237427,-2.0354003833591641,9.3865193754666478,-48.533393160299532,0,-112.39585741864737,36.214075449348158,-117.36405613749126,0,0.00083602475933730602,0.00048671796685084701
2.1210542431799695,0,0.0014238557778298855,44,44,23,1.5008666515350342,-1.1017615487684072,9.5749344198119708,186.12732220582285,0,202.03039728790233,-122.47064875738585,274.16024360738294,0,0.00048671796685084701,0.00033951070508919656
2.1210542431799695,0,0.0014238557778298855,44,44,24,1.1656224727630615,-0.42960558353040368,9.6016969578837994,87.86756873696531,0,178.94281172133236,-42.402032634258283,233.58043919839278,0,0.00033951070508919656,0.00039611765532754362
2.1210542431799695,0,0.0014238557778298855,44,44,25,1.3941372632980347,-0.70312230700979528,9.1961374978047274,-100.5698348468313,0,-25.033305022358256,52.752355932075901,-64.357768746318726,-1.4210854715202004e-14,0.00039611765532754362,0.00068849785020574927
2.1210542431799695,0,0.0014238557778298855,44,44,26,1.8405765295028687,-1.2838515920590168,8.6540593981045273,-80.657104163348549,0,-138.3707935390801,74.596322015157114,-137.06136788122603,0,0.00068849785020574927,0.00083068746607750654
2.1210542431799695,0,0.0014238557778298855,44,44,27,1.7603814601898193,-0.996797273250838,8.4193318718896215,31.457528141185534,0,78.378837475271496,-0.91659796049785014,116.34230225459797,0,0.00083068746607750654,0.0007406783988699317
2.1210542431799695,0,0.0014238557778298855,44,44,28,1.7780642509460449,-1.0074248448265317,8.0563880057834183,-16.37845352743085,0,-76.058123293042797,19.403360753662795,-65.984252905853964,0,0.0007406783988699317,0.00085998751455917954
2.1210542431799695,0,0.0014238557778298855,44,44,29,1.8117716312408447,-0.21588530228697517,7.6984491973887623,29.540609352040597,0,44.122537574725115,28.373177678567632,109.51888850043512,0,0.00085998751455917954,0.00045941025018692017
2.1210542431799695,0,0.0014238557778298855,44,44,30,1.5663856267929077,-0.37641278251971166,6.9350111047265157,-9.8947871722176135,0,57.324126870233151,42.849531364515961,96.837469384738299,-1.4210854715202004e-14,0.00045941025018692017,0.00055567582603543997
2.1210542431799695,0,0.0014238557778298855,44,44,31,1.9320396184921265,0.44271148282029638,4.7729720342727413,-136.16076098854469,0,-154.39476444276707,69.332916463219007,-216.00692545099972,-2.8421709430404007e-14,0.00055567582603543997,0.00048343953676521778
2.1210542431799695,0,0.0014238557778298855,44,44,32,2.3615574836730957,0.49232807459969186,3.2618053332121097,-91.872117243411481,0,-145.32866621949063,46.478080470103905,-186.9685695849864,-2.8421709430404007e-14,0.00048343953676521778,0.00018666102550923824
2.1210542431799695,0,0.0014238557778298855,44,44,33,2.3017582893371582,0.31426163461705126,3.6366205133454579,60.384951206901121,0,112.76264730400918,5.9307605339556737,183.02924119282849,2.8421709430404007e-14,0.00018666102550923824,0.0002325149835087359
2.1210542431799695,0,0.0014238557778298855,44,44,34,1.8795825242996216,0.55502996199439647,4.3269342026557807,49.470586946362097,0,129.81088377663391,44.885671517905408,229.04910640555161,2.8421709430404007e-14,0.0002325149835087359,0.00040511292172595859
2.1210542431799695,0,0.0014238557778298855,44,44,35,2.1355135440826416,0.64828807992394299,4.1540556371163095,-98.777411962624285,0,-203.64507652302854,82.066411202904661,-215.55373356570789,5.6843418860808015e-14,0.00040511292172595859,0.00043280661338940263
2.1210542431799695,0,0.0014238557778298855,44,44,36,2.4887418746948242,0.50399302483854735,3.9770223242449325,-119.17581900424076,0,-45.263596544731065,15.251627445010264,-144.70677275487807,2.8421709430404007e-14,0.00043280661338940263,0.00042045384179800749
2.1210542431799695,0,0.0014238557778298855,44,44,37,2.391291618347168,0.32091335108301744,4.3404410559939199,-97.358811684703596,0,97.422273618760727,19.295274530882129,24.020090872016187,-1.4210854715202004e-14,0.00042045384179800749,0.0001436885358998552
2.1210542431799695,0,0.0014238557778298855,44,44,38,2.5163483619689941,0.53698768390823581,4.7040638622340207,-125.44733161156383,0,-106.55409429353433,89.490536536038277,-137.26983782291762,0,0.0001436885358998552,0.00056260346900671721
2.1210542431799695,0,0.0014238557778298855,44,44,39,2.7868239879608154,-0.16416746274250607,5.0572667688565316,-61.187016283770809,0,-134.08970839913701,25.15152171218498,-165.23210366460881,0,0.00056260346900671721,0.00026920853997580707
2.1210542431799695,0,0.0014238557778298855,44,44,40,2.655318021774292,0.10754791090186208,5.6602879216353958,102.40043535891438,0,128.81483281426245,-2.8000276023830928,234.183076403331,0,0.00026920853997580707,0.00046139257028698921
2.1210542431799695,0,0.0014238557778298855,44,44,41,2.2561681270599365,0.2688203938441453,6.2803172442617949,95.037009105188957,0,148.21191435281406,-6.3984364754373129,243.39962462067163,-2.8421709430404007e-14,0.00046139257028698921,0.00033450769842602313
2.1210542431799695,0,0.0014238557778298855,44,44,42,2.4517619609832764,0.37126317204362613,6.1512505939908566,-146.71595414472347,0,-201.74255806720527,140.47834929900085,-201.4576491468934,0,0.00033450769842602313,0.0004364390333648771
2.1210542431799695,0,0.0014238557778298855,44,44,43,3.2308192253112793,-0.3315929224088508,5.757672007160922,-168.93031019649692,0,-252.43114529940246,127.41414923012572,-288.52122718102157,5.6843418860808015e-14,0.0004364390333648771,9.9745542684104294e-05
2.1210542431799695,0,0.0014238557778298855,44,44,44,2.9744992256164551,-0.19659045160311306,6.2274835358652743,151.14254962950994,0,197.09803195662633,-85.598092950043934,268.67338172035448,-5.6843418860808015e-14,9.9745542684104294e-05,0.0003106276853941381
2.1210542431799695,0,0.0014238557778298855,44,44,45,2.3583693504333496,0.14775581833053331,6.8777649395445675,111.82813264972739,0,135.39997128567256,11.654055800637536,265.90768049391261,0,0.0003106276853941381,0.00037587096448987722
2.1210542431799695,0,0.0014238557778298855,44,44,46,2.6935362815856934,0.073023347233727762,6.6827423294645305,-177.5611332282655,0,-219.83347913976061,158.93497185963207,-231.70387483169577,5.6843418860808015e-14,0.00037587096448987722,0.00033605223870836198
2.1210542431799695,0,0.0014238557778298855,44,44,47,3.3003196716308594,-0.30405594780664075,6.2678032918131139,-193.18582977374876,0,-225.36103034070956,122.76183689280889,-289.82127587764296,0,0.00033605223870836198,0.00055966066429391503
2.1210542431799695,0,0.0014238557778298855,44,44,48,3.2107875347137451,-0.51507158795790442,6.438297063780146,61.149006101631059,0,54.199505708035467,-73.331688091762885,47.940049193725883,0,0.00055966066429391503,9.1484813310671598e-05
2.1210542431799695,0,0.0014238557778298855,44,44,49,2.8265078067779541,-0.35655934332491634,6.8901245279550984,188.9454339477262,0,112.01567187438168,-25.999634366536753,281.49503664020131,0,9.1484813310671598e-05,0.00052888586651533842
2.1210542431799695,0,0.0014238557778298855,44,44,50,2.4018316268920898,0.034184439516278045,7.2940782095864645,171.14494750478053,0,116.987470676556,46.568836059177677,342.02951688961696,0,0.00052888586651533842,0.00038443299126811326
2.1210542431799695,0,0.0014238557778298855,44,44,51,2.2561638355255127,0.11585609739585906,7.4771382607947716,-1.1535336773601919,0,-31.198154695659198,142.77947233008263,118.02077831525388,1.4210854715202004e-14,0.00038443299126811326,0.00066524720750749111
2.1210542431799695,0,0.0014238557778298855,44,44,52,2.8483612537384033,-0.62078413660955745,7.0711287902993973,-218.72113711352984,0,-206.81942906890686,76.724641046378878,-342.36558048236799,-5.6843418860808015e-14,0.00066524720750749111,0.00050202041165903211
2.1210542431799695,0,0.0014238557778298855,44,44,53,3.178264856338501,-0.69530206785673054,6.7774335474262246,-46.804767101622225,0,27.089036326894629,-95.264567860818588,-108.89816715597668,1.4210854715202004e-14,0.00050202041165903211,0.00031337750260718167
2.1210542431799695,0,0.0014238557778298855,44,44,54,2.6315755844116211,-0.17156581713028751,7.1547228037218735,196.41368123237444,0,184.94348085019266,-12.144169470783172,376.19614959837554,5.6843418860808015e-14,0.00031337750260718167,0.00022078808979131281
2.1210542431799695,0,0.0014238557778298855,44,44,55,2.4454116821289062,-0.25482886358961143,7.2848706563447712,5.4799966118401793,0,-22.979583066657465,99.095223970118781,88.625679308056661,1.4210854715202004e-14,0.00022078808979131281,0.00049273588228970766
2.1210542431799695,0,0.0014238557778298855,44,44,56,3.022822380065918,-0.6841584232890856,6.7979371470189918,-118.4907984970437,0,-115.98832196806299,2.3934693546503967,-225.9718723867264,-2.8421709430404007e-14,0.00049273588228970766,0.0004316198464948684
2.1210542431799695,0,0.0014238557778298855,44,44,57,2.7414987087249756,-0.35805916001762106,6.7652028137424551,115.68959877450652,0,226.83656216897171,-40.124184560521989,308.80912003668107,0,0.0004316198464948684,0.00030402088304981589
2.1210542431799695,0,0.0014238557778298855,44,44,58,2.3317699432373047,-0.62779265639251902,6.7429109460128132,8.4164924893065294,0,52.029743857079829,106.85164536693672,173.41300000294339,2.8421709430404007e-14,0.00030402088304981589,0.00064936786657199264
2.1210542431799695,0,0.0014238557778298855,44,44,59,3.0368926525115967,-1.458590375075179,5.9098003830975303,-208.05417392837182,0,-247.09381245488859,144.67462317350876,-306.02215320172928,5.6843418860808015e-14,0.00064936786657199264,0.00075641769217327237
2.1210542431799695,0,0.0014238557778298855,44,44,60,3.215968132019043,-1.0300803837646968,5.6103910544731725,49.258014584131182,0,69.339279401198354,-56.726764205988346,66.450840450049668,0,0.00075641769217327237,0.00052753952331840992
2.1210542431799695,0,0.0014238557778298855,44,44,61,2.6951956748962402,-0.42100436699788435,5.5185549171323478,34.369242049679713,0,165.92985004776455,-15.456413580503298,189.94022906707542,0,0.00052753952331840992,0.00046031386591494083
2.1210542431799695,0,0.0014238557778298855,44,44,62,3.2447822093963623,-0.66928878404634584,4.6992053195417354,-54.770663114549563,0,-181.05405128745167,-23.687041302518523,-255.48183916902437,2.8421709430404007e-14,0.00046031386591494083,0.00077383092138916254
2.1210542431799695,0,0.0014238557778298855,44,44,63,2.8464822769165039,-0.14663667905394467,4.3960745748366339,72.070821697435363,0,246.39154503685279,-30.730813645650155,291.98099098442066,-5.6843418860808015e-14,0.00077383092138916254,0.00065316492691636086
2.1210542431799695,0,0.0014238557778298855,44,44,64,2.9719526767730713,-0.13689898999479022,3.6102258980340496,-120.25015084833177,0,-251.88728154790502,108.09426017600771,-260.56984531218984,0,0.00065316492691636086,0.00050610507605597377
2.1210542431799695,0,0.0014238557778298855,44,44,65,3.9433410167694092,-0.16002023738703544,2.2540966155357594,-75.896286988910319,0,-165.8042657455407,-87.049847483751719,-326.65632384005403,0,0.00050610507605597377,0.00015195498417597264
2.1210542431799695,0,0.0014238557778298855,44,44,66,3.2420477867126465,-0.12803123386249893,2.2172516856585669,206.01133594553042,0,487.29957710140309,-121.05723929729042,574.34289420143921,0,0.00015195498417597264,0.00043872982496395707
2.1210542431799695,0,0.0014238557778298855,44,44,67,2.5176842212677002,0.61826329337637653,2.3778432662122304,35.451443843376751,0,241.39077812229883,88.902634555894338,368.74096308115855,5.6843418860808015e-14,0.00043872982496395707,0.0003282902471255511
2.1210542431799695,0,0.0014238557778298855,44,44,68,3.2801730632781982,0.33621239706747574,1.5102117370958041,-240.21078801860349,0,-491.88457625272792,161.9185199889983,-568.33042014816988,0,0.0003282902471255511,0.00061621930217370391
2.1210542431799695,0,0.0014238557778298855,44,44,69,4.3659915924072266,-0.8593586632074296,0.90724814378879337,-158.76300508845353,0,-325.52974892623786,-88.645940242148768,-572.89080477625885,-1.1368683772161603e-13,0.00061621930217370391,0.00036265869857743382
2.1210542431799695,0,0.0014238557778298855,44,44,70,3.7853562831878662,-0.27870934003813969,1.6330104552202025,201.69123594902979,0,457.59704772236188,-225.53299711188808,435.10958767468566,5.6843418860808015e-14,0.00036265869857743382,0.00051800021901726723
2.1210542431799695,0,0.0014238557778298855,44,44,71,2.581498384475708,0.8579952232179211,2.6526720840158982,154.94021892875935,0,521.94795119349237,-108.39884397033464,571.99999345915091,0,0.00051800021901726723,0.0003619612252805382
2.1210542431799695,0,0.0014238557778298855,44,44,72,2.6249830722808838,0.97702886509400677,2.7181636435407315,-125.1332034102679,0,-212.53083568831153,168.92830084766135,-165.04054574228334,0,0.0003619612252805382,0.00053348368965089321
2.1210542431799695,0,0.0014238557778298855,44,44,73,3.7454688549041748,0.078645697576648119,2.1793600564082825,-278.33131689857794,0,-515.30186247406959,143.5954354030651,-647.77973821559749,0,0.00053348368965089321,0.00064442155417054892
2.1210542431799695,0,0.0014238557778298855,44,44,74,4.151390552520752,-0.57141102793694754,2.3416473520844217,-44.897895056655202,0,-23.178173709907458,-208.79612598591035,-275.10195842832553,0,0.00064442155417054892,0.00063860329100862145
2.1210542431799695,0,0.0014238557778298855,44,44,75,3.4833018779754639,0.1352997523961583,3.1581904348585392,189.15524345530818,0,365.44311930476005,-157.80856439155224,400.08328855577071,0,0.00063860329100862145,0.00053001788910478354
2.1210542431799695,0,0.0014238557778298855,44,44,76,2.8441808223724365,0.53581785305132246,4.1486440656348043,154.71919055684538,0,252.33536633823974,13.8864423569688,425.62546117074004,-5.6843418860808015e-14,0.00053001788910478354,0.00043991548591293395
2.1210542431799695,0,0.0014238557778298855,44,44,77,2.9147951602935791,0.49413760049605798,4.7763843952347296,-22.325372574939326,0,-99.248436818831891,81.319184604672714,-34.984102793367711,0,0.00043991548591293395,0.00046127845416776836
2.1210542431799695,0,0.0014238557778298855,44,44,78,3.6147904396057129,0.0039617922842182067,4.6197173241255625,-189.66394360218294,0,-161.42555974133558,-90.714229976907532,-437.1800542040163,-5.6843418860808015e-14,0.00046127845416776836,0.00055525248171761632
2.1210542431799695,0,0.0014238557778298855,44,44,79,3.7651143074035645,-0.29616245114394546,4.5231626182626394,-77.459225491520286,0,67.700822871517772,-118.1391624508169,-123.67056490370071,1.4210854715202004e-14,0.00055525248171761632,0.00058506528148427606
2.1210542431799695,0,0.0014238557778298855,44,44,80,3.3162965774536133,0.029454424508299847,5.1273719162758233,119.15723252751162,0,109.92728865126711,13.180993469943326,247.42234098950618,0,0.00058506528148427606,0.0006163013749755919
2.1210542431799695,0,0.0014238557778298855,44,44,81,3.0608458518981934,-0.17696659621082073,5.7599423358745625,31.46673765668195,0,8.9189971439382525,41.110942284528896,87.07965282481284,-1.4210854715202004e-14,0.0006163013749755919,0.00037961755879223347
2.1210542431799695,0,0.0014238557778298855,44,44,82,3.6558494567871094,-0.33606359275103859,5.6039064567010506,-171.13205418308556,0,-63.525898328387903,-68.27047326640519,-297.66058291392864,0,0.00037961755879223347,0.00037737016100436449
2.1210542431799695,0,0.0014238557778298855,44,44,83,3.623021125793457,-0.29474766548920484,5.7273571339569163,82.622749661756345,0,191.87573433294949,-169.75598512218468,110.17510834098886,-2.8421709430404007e-14,0.00037737016100436449,0.00041453787707723677
2.1210542431799695,0,0.0014238557778298855,44,44,84,2.8969485759735107,-0.047651393675064352,6.4333619931536932,130.48209001058638,0,114.06956127581877,-22.573192264661067,228.36416962122271,0,0.00041453787707723677,0.00044686964247375727
2.1210542431799695,0,0.0014238557778298855,44,44,85,3.3946237564086914,-0.34233430475843502,6.223865792242357,-263.23457675964374,0,-306.59866887180493,119.71382215496776,-444.23789198899698,0,0.00044686964247375727,0.00033912656363099813
2.1210542431799695,0,0.0014238557778298855,44,44,86,4.0556325912475586,-0.6444842491448658,6.0077711827850084,-21.256231548673565,0,35.514905777433874,-232.1846115406087,-212.56265037820825,0,0.00033912656363099813,0.00052523182239383459
2.1210542431799695,0,0.0014238557778298855,44,44,87,3.1194682121276855,-0.28297217490099608,6.7428612355598494,297.43988943348722,0,353.16197922168476,-184.84401808283135,472.2177396329995,0,0.00052523182239383459,0.00023644788598176092
2.1210542431799695,0,0.0014238557778298855,44,44,88,3.0722634792327881,-0.14939887961796208,6.8346699013345624,-179.71766686605355,0,-129.13080291865768,147.14712691569204,-155.01607184730258,0,0.00023644788598176092,0.00038921702071093023
2.1210542431799695,0,0.0014238557778298855,44,44,89,4.3256244659423828,-1.053879263121025,6.0876329877257698,-377.36240915169441,0,-279.03977980885679,110.19871818980694,-541.16971704613945,0,0.00038921702071093023,0.00051525968592613935
2.1210542431799695,0,0.0014238557778298855,44,44,90,4.0415401458740234,-1.0139552285421722,6.4314945807430206,292.68141649935723,0,408.27356185533802,-365.58628540929527,340.7862322976008,-5.6843418860808015e-14,0.00051525968592613935,0.0004496597102843225
2.1210542431799695,0,0.0014238557778298855,44,44,91,2.9597203731536865,-0.22798652715907705,7.2047805757713217,242.96041445436074,0,243.40766201601397,-50.398989831268985,442.94588068771793,-5.6843418860808015e-14,0.0004496597102843225,0.00028884885250590742
2.1210542431799695,0,0.0014238557778298855,44,44,92,3.6776394844055176,-0.54437524589504493,6.5379279309626464,-435.34769551170206,0,-364.74001465804275,258.22610734122009,-535.86805014345714,0,0.00028884885250590742,0.00030098602292127907
2.1210542431799695,0,0.0014238557778298855,44,44,93,4.5599336624145508,-1.5400743105863315,6.1676046789309771,-37.089900373057326,0,-37.068802210283721,-266.65130700881411,-336.1824792238105,0,0.00030098602292127907,0.00053217337699607015
2.1210542431799695,0,0.0014238557778298855,44,44,94,3.266937255859375,-1.004743750791034,7.0066687226735587,494.85054257978283,0,493.39878804607503,-299.4961230752325,694.75513252250789,0,0.00053217337699607015,0.00072554225334897637
2.1210542431799695,0,0.0014238557778298855,44,44,95,2.7028558254241943,-0.31559465965836492,6.9971818751763983,15.6648835221949,0,75.434973985408021,62.570452957068809,160.35189768018975,-2.8421709430404007e-14,0.00072554225334897637,0.00063219410367310047
2.1210542431799695,0,0.0014238557778298855,44,44,96,3.3103070259094238,-1.23260142322335,6.0401359580888556,-168.23507549938566,0,-193.59942074240598,88.984515520944285,-268.04244618598187,0,0.00063219410367310047,0.00083306134911254048
2.1210542431799695,0,0.0014238557778298855,44,44,97,3.0630021095275879,-0.57941326621550071,5.7836267503720924,70.004038974303299,0,198.43408148655186,-161.20168479190451,112.44064915310722,0,0.00083306134911254048,0.00068842939799651504
2.1210542431799695,0,0.0014238557778298855,44,44,98,2.4561862945556641,-0.28451908570703471,5.4734950078604649,30.340162742865814,0,-116.91345966111207,-88.627018873947051,-170.01133987003988,0,0.00068842939799651504,0.00054318649927154183
2.1210542431799695,0,0.0014238557778298855,44,44,99,2.3864142894744873,-0.20954852770392979,4.9914638649157688,44.465717611268836,0,-121.95391121516876,-81.557962224634338,-154.26424049132243,0,0.00054318649927154183,0.00053457275498658419
2.1210542431799695,0,0.0014238557778298855,44,44,100,1.8630591630935669,-0.46135551902127969,3.7849022159415537,52.068591267901077,0,104.59296983000661,-74.027508848951186,85.957598945876768,-1.4210854715202004e-14,0.00053457275498658419,0.00064262532396242023
2.1210542431799695,0,0.0014238557778298855,44,44,101,1.9904650449752808,0.22340948625882073,1.3279752605465469,-7.0855500543381034,0,33.592461278991088,-80.804288965554903,-52.745992994096554,0,0.00064262532396242023,0.00051218154840171337
2.1210542431799695,0,0.0014238557778298855,44,44,102,1.8037066459655762,0.18503050754208955,0.061449616289265124,24.608746357973477,0,64.801081333168938,-78.934171259705394,10.722136555268376,-1.7763568394002505e-15,0.00051218154840171337,0.00038672532537020743
2.1210542431799695,0,0.0014238557778298855,44,44,103,1.4713180065155029,0.14037811935647365,0.0086485859491687734,19.761276015000782,0,54.850451007895785,-68.735721244710504,6.0250324834917146,8.8817841970012523e-16,0.00038672532537020743,0.00027740246150642633
2.1210542431799695,0,0.0014238557778298855,44,44,104,1.2163264751434326,0.070340542612895879,0.0071031104251486491,11.571421329774239,0,45.147472926608074,-60.087986193575773,-3.2916482841554147,-4.4408920985006262e-16,0.00027740246150642633,0.00020224499166943133
2.1210542431799695,0,0.0014238557778298855,44,44,105,1.0183717012405396,0.035562178031814363,0.0063829789109535349,7.2617866917922482,0,36.547627356054718,-53.252516346399446,-9.4011571416097102,-1.7763568394002505e-15,0.00020224499166943133,0.0001505420368630439
2.1210542431799695,0,0.0014238557778298855,44,44,106,0.86670571565628052,0.017593404653388961,0.0056815526920990138,4.7170719758302546,0,29.319539118692536,-47.729737348935004,-13.669851297066723,5.3290705182007514e-15,0.0001505420368630439,0.00011655887647066265
2.1210542431799695,0,0.0014238557778298855,44,44,107,0.74550318717956543,0.0097002982698718345,0.0056628480355132129,3.2121952822817881,0,22.80497902513223,-43.179985525100996,-17.147448071381593,0,0.00011655887647066265,9.224689711118117e-05
2.1210542431799695,0,0.0014238557778298855,44,44,108,0.64764261245727539,0.0057912664927509405,0.0055950435755453354,2.2452798780262464,0,16.947182970768619,-39.368585675475117,-20.164736516611956,0,9.224689711118117e-05,7.4184921686537564e-05
2.1210542431799695,0,0.0014238557778298855,44,44,109,0.56774091720581055,0.0035548020031840855,0.005445406322858927,1.6036696779645663,0,11.606919825869516,-36.127757172286294,-22.908167460126165,3.5527136788005009e-15,7.4184921686537564e-05,6.0507845773827285e-05
2.1210542431799695,0,0.0014238557778298855,44,44,110,0.50185930728912354,0.0022579943585994341,0.0052770637748319246,1.1690224079678007,0,6.7084622561939389,-33.337755383364069,-25.4527356610689,0,6.0507845773827285e-05,4.994338087271899e-05
2.1210542431799695,0,0.0014238557778298855,44,44,111,0.44693806767463684,0.0014829490949018333,0.0051730189229625334,0.86942012429575499,0,2.1799969715868786,-30.910901535039166,-27.854828471138667,0,4.994338087271899e-05,4.162501500104554e-05
2.1210542431799695,0,0.0014238557778298855,44,44,112,0.40070518851280212,0.0010009341891039593,0.0050689737517157461,0.65609425625149831,0,-2.1449170898323482,-28.781996443740358,-30.26474936938039,0,4.162501500104554e-05,3.4997676266357303e-05
2.1210542431799695,0,0.0014238557778298855,44,44,113,0.36160573363304138,0.00068764540358592235,0.0049427174794502877,0.50057902866428994,0,-6.2951224561411543,-26.901852924429974,-32.690765989023802,0,3.4997676266357303e-05,2.9649187126778997e-05
2.1210542431799695,0,0.0014238557778298855,44,44,114,0.32834926247596741,0.00048251792519688776,0.0048129534852423732,0.38608800647020791,0,-10.289498634107192,-25.232146834212696,-35.130261990439244,-7.1054273576010019e-15,2.9649187126778997e-05,2.5272784114349633e-05
2.1210542431799695,0,0.0014238557778298855,44,44,115,0.29992040991783142,0.00036473281898821567,0.0046586392699660235,0.30056509665576198,0,-14.199272853808425,-23.742832128781469,-37.63651651384518,0,2.5272784114349633e-05,2.164461329812184e-05
2.1210542431799695,0,0.0014238557778298855,44,44,116,0.27552959322929382,0.00024310368643889031,0.0045709612321422552,0.23580545814232692,0,-18.061932029458678,-22.410152444298948,-40.231464950696711,7.1054273576010019e-15,2.164461329812184e-05,1.8597795133246109e-05
2.1210542431799695,0,0.0014238557778298855,44,44,117,0.25459635257720947,0.00019395565706998742,0.0044108020911380651,0.18454613211795637,0,-21.936908932085384,-21.214945709317472,-42.962703751536694,0,1.8597795133246109e-05,1.6038213288993575e-05
2.1210542431799695,0,0.0014238557778298855,44,44,118,0.23674537241458893,0.00014225292790888728,0.0040752865551089423,0.14389867963150166,0,-25.736681768397037,-20.142288322589444,-45.730853871871965,-7.1054273576010019e-15,1.6038213288993575e-05,1.3859590580977965e-05
2.1210542431799695,0,0.0014238557778298855,44,44,119,0.2214951366186142,0.00010051094098044711,0.0038344638620337068,0.11350727849332849,0,-29.375685767145118,-19.179716042119143,-48.437959555967922,0,1.3859590580977965e-05,1.1960526535403915e-05
2.1210542431799695,0,0.0014238557778298855,44,44,120,0.20843508839607239,7.9812411310174587e-05,0.0035725977117003036,0.089311369598198909,0,-32.922615541646074,-18.317244915879776,-51.146896677804641,0,1.1960526535403915e-05,1.0334174476156477e-05
2.1210542431799695,0,0.0014238557778298855,44,44,121,0.19737176597118378,6.6576134502095856e-05,0.0032195464403554689,0.06988766418757586,0,-36.252179819714577,-17.546722429585309,-53.725728462537454,0,1.0334174476156477e-05,8.9083205239148811e-06
2.1210542431799695,0,0.0014238557778298855,44,44,122,0.187970370054245,3.6973043648394042e-05,0.0028828619830562575,0.055016389732567575,0,-39.345070014883703,-16.862083907974178,-56.14921769809861,0,8.9083205239148811e-06,7.6592168625211343e-06
2.1210542431799695,0,0.0014238557778298855,44,44,123,0.18003822863101959,2.8524872764133384e-05,0.0025040918887502955,0.04268819739759238,0,-42.143847006923814,-16.258311211636695,-58.3569374044014,0,7.6592168625211343e-06,6.5526137404958718e-06
2.1210542431799695,0,0.0014238557778298855,44,44,124,0.17343205213546753,3.4441658406119356e-05,0.0020481646868061591,0.032306561747086952,0,-44.616518194843394,-15.731511227203914,-60.313640253955008,7.1054273576010019e-15,6.5526137404958718e-06,5.5767213780200109e-06
2.1210542431799695,0,0.0014238557778298855,44,44,125,0.16800327599048615,2.0932792990384626e-05,0.0015279402677705058,0.024143582102536313,0,-46.695901209631927,-15.278015846515052,-61.948224600983679,7.1054273576010019e-15,5.5767213780200109e-06,4.6876571104803588e-06
2.1210542431799695,0,0.0014238557778298855,44,44,126,0.16355501115322113,1.3101180169486481e-05,0.00103343467169598,0.01808413952023526,0,-48.293741682901597,-14.895036051524885,-63.169647059054384,-7.1054273576010019e-15,4.6876571104803588e-06,3.8767179830756504e-06
2.1210542431799695,0,0.0014238557778298855,44,44,127,0.15996980667114258,1.0674111569245353e-05,0.00039747487065828661,0.012893321694982548,0,-49.406633140454595,-14.58071424109635,-63.974045910873734,0,3.8767179830756504e-06,3.1272538763005286e-06
2.1210542431799695,0,0.0014238557778298855,44,44,128,0.15723972022533417,9.0427717516344768e-07,-0.00038812254236538608,0.0086967129290020269,0,-49.632868028231613,-14.338545844974682,-63.963104378542482,0,3.1272538763005286e-06,2.4463065528834704e-06
2.1210542431799695,0,0.0014238557778298855,44,44,129,0.15519395470619202,7.94938323574659e-06,-0.0012742577639929611,0.0054315210711817713,0,-48.917184020574894,-14.170712890411018,-63.083731698295487,0,2.4463065528834704e-06,1.7140766885859193e-06
2.1210542431799695,0,0.0014238557778298855,44,44,130,0.15381442010402679,5.573295252373756e-05,-0.0034779051881238129,-0.0051698871082154043,0,-47.001698985547016,-14.078183423068332,-61.088474467959159,7.1054273576010019e-15,1.7140766885859193e-06,9.6677410965639865e-07
2.1210542431799695,0,0.0014238557778298855,44,44,131,0.15445886552333832,-1.5042036606188886e-05,-0.0091840081012912623,-0.028769270567781675,0,-41.906351393380724,-14.103007253474582,-56.047326967560984,0,9.6677410965639865e-07,5.4680634775650105e-07
2.1210542431799695,0,0.0014238557778298855,44,44,132,0.15801611542701721,2.3059048005580652e-07,-0.0065934064572324945,-0.043891713627237663,0,-28.64547584186451,-14.333014902997572,-43.028975634356073,0,5.4680634775650105e-07,5.4680634775650105e-07
2.1224780989577994,0,0.0014166246401146054,43,44,0,0.0091189900413155556,0,4.175251729578962,-4.4686743783011398,0,11.52719305648839,103.93929284058224,115.17306390577212,6.5742366928134288e-07,0.00019013704149983823,0.00019013704149983823
2.1224780989577994,0,0.0014166246401146054,43,44,1,0.20969174802303314,-0.020399856583025667,8.8171914318301372,-1.1832994992979127,0,-130.2359452474555,38.379875998390297,-84.242579802810695,-2.6296946771253715e-06,0.00019013704149983823,0.00019002646149601787
2.1224780989577994,0,0.0014166246401146054,43,44,2,0.13850419223308563,0.087533989831134973,9.581495758836617,10.677212618951568,0,-92.306354501088165,33.750661388759845,-38.209453374403687,-2.6296946913362262e-06,0.00019002646149601787,0.00039299461059272289
2.1224780989577994,0,0.0014166246401146054,43,44,3,0.040441185235977173,0.31831139414661191,9.8667827896014977,-2.2979850046590795,0,-62.986668187506766,34.880275670894697,-20.219285967217733,-2.6296946948889399e-06,0.00039299461059272289,0.00060814508469775319
2.1224780989577994,0,0.0014166246401146054,43,44,4,0.23483125865459442,0.088652267499447143,9.7829165664437969,-23.773933693727514,0,-144.31650873843438,42.654810249859622,-115.56406860774841,-5.2593893968833072e-06,0.00060814508469775319,0.00070839212276041508
2.1224780989577994,0,0.0014166246401146054,43,44,5,0.46291765570640564,-0.48714765480951028,9.694634428472428,-15.639109904227341,0,-143.82786938931011,38.342820970467457,-111.91667154940707,0,0.00070839212276041508,0.00037311756750568748
2.1224780989577994,0,0.0014166246401146054,43,44,6,0.45666927099227905,-0.23323090946429587,9.7681883038904775,20.169611034461902,0,-38.284883536985383,45.077616342829351,36.497301234732056,7.1054273576010019e-15,0.00037311756750568748,0.00044601518311537802
2.1224780989577994,0,0.0014166246401146054,43,44,7,0.3345598578453064,0.072868839950453262,9.8669773870087987,14.581993675091194,0,-39.739251965265346,59.338303401518303,44.120891338303402,0,0.00044601518311537802,0.00030057787080295384
2.1224780989577994,0,0.0014166246401146054,43,44,8,0.39074009656906128,0.17301681780152101,9.7515351048216843,-28.180018708634183,0,-145.76100003344644,81.618917629169161,-82.397549190288245,0,0.00030057787080295384,0.0006508583901450038
2.1224780989577994,0,0.0014166246401146054,43,44,9,0.75295865535736084,-0.65603453709525406,9.4663532618445352,-85.351011894191274,0,-213.11350838827408,95.763088175388802,-193.89111338232729,-2.8421709430404007e-14,0.0006508583901450038,0.00063197792042046785
2.1224780989577994,0,0.0014166246401146054,43,44,10,1.128949761390686,-1.1707880693710173,9.3452255797305757,-2.386248077343923,0,-141.86761081471803,23.76402500412328,-112.31539637757912,-1.4210854715202004e-14,0.00063197792042046785,0.00040280396933667362
2.1224780989577994,0,0.0014166246401146054,43,44,11,0.99346280097961426,-0.55236276835520737,9.3870429847429229,99.315616367975807,0,4.1421267803752126,23.711936011639029,136.00435937637778,2.8421709430404007e-14,0.00040280396933667362,0.0003784781729336828
2.1224780989577994,0,0.0014166246401146054,43,44,12,0.81659674644470215,-0.078261686342672387,9.2822351878953846,19.486584653611274,0,4.843476873848533,72.74879964709497,106.28283467610748,0,0.0003784781729336828,0.00048961048014461994
2.1224780989577994,0,0.0014166246401146054,43,44,13,1.1015214920043945,-0.18201892016025031,8.9335587091256077,-108.73223750120493,0,-219.80359895085044,136.44589563415622,-183.33840102893379,0,0.00048961048014461994,0.0006768222083337605
2.1224780989577994,0,0.0014166246401146054,43,44,14,1.6379948854446411,-1.2539317839117414,8.7422083173462966,-39.976660802173576,0,-220.16283628350837,51.992892921379607,-200.65832763086777,2.8421709430404007e-14,0.0006768222083337605,0.00036758976057171822
2.1224780989577994,0,0.0014166246401146054,43,44,15,1.4676861763000488,-0.87004698031747485,9.0083840419278527,166.12568182025495,0,92.962273989040582,-45.245643314950399,221.98064955595549,-2.8421709430404007e-14,0.00036758976057171822,0.00037355662789195776
2.1224780989577994,0,0.0014166246401146054,43,44,16,1.1062400341033936,-0.28294725991154529,9.1810767498584287,70.740638553970328,0,70.175990509431855,50.361135807870561,200.17589436121963,0,0.00037355662789195776,0.00033349677687510848
2.1224780989577994,0,0.0014166246401146054,43,44,17,1.3041869401931763,-0.14933838935966359,8.9273013506029759,-119.30769145430581,0,-191.30852178040521,159.15741163424596,-142.68083863922175,-2.8421709430404007e-14,0.00033349677687510848,0.00078608986223116517
2.1224780989577994,0,0.0014166246401146054,43,44,18,1.88199782371521,-1.3618228977871365,8.6595833100838195,-158.42400030307232,0,-265.22865055655433,159.2072706456303,-257.14761980169965,0,0.00078608986223116517,0.00080293481005355716
2.1224780989577994,0,0.0014166246401146054,43,44,19,1.9322229623794556,-1.5590144989038692,8.9209815368313805,132.53299408080377,0,106.80178914565575,-133.77193791981125,112.9248123445758,0,0.00080293481005355716,0.00060991483042016625
2.1224780989577994,0,0.0014166246401146054,43,44,20,1.3895735740661621,-0.4974337056022276,9.3412021468498772,204.96454736010293,0,116.89241154754821,-79.927739934371033,250.77298741452773,-2.8421709430404007e-14,0.00060991483042016625,0.00055001152213662863
2.1224780989577994,0,0.0014166246401146054,43,44,21,1.1913430690765381,-0.085588673181790059,9.3641613537931256,-28.115012655816603,0,-64.108169861512877,118.0684951646078,35.123885327889646,-7.1054273576010019e-15,0.00055001152213662863,0.00062593253096565604
2.1224780989577994,0,0.0014166246401146054,43,44,22,1.6251982450485229,-0.9072966056476145,9.1539350135055368,-209.42080694975712,0,-234.93524089194972,186.79701756463481,-249.31239186921411,-2.8421709430404007e-14,0.00062593253096565604,0.00098987913224846125
2.1224780989577994,0,0.0014166246401146054,43,44,23,1.9608113765716553,-2.074121725115877,9.2202434226199603,25.964637673680034,0,-62.362220885643367,-92.091319106630252,-121.34278062108952,-1.4210854715202004e-14,0.00098987913224846125,0.0007622207049280405
2.1224780989577994,0,0.0014166246401146054,43,44,24,1.4018096923828125,-0.65147727619182083,9.6433501225643177,250.96518654026929,0,213.17777812657755,-118.07413323003016,355.06070428318918,0,0.0007622207049280405,0.00049147807294502854
2.1224780989577994,0,0.0014166246401146054,43,44,25,1.0940638780593872,-0.14377066827034216,9.7701362502345148,27.104620841990439,0,97.830533105678469,36.978808851848179,171.54032838148126,0,0.00049147807294502854,0.00039201605250127614
2.1224780989577994,0,0.0014166246401146054,43,44,26,1.4116274118423462,-0.89241713564943148,9.4804530273661651,-132.16424777213498,0,-99.326808348590362,69.16997450757529,-153.73304572143331,2.8421709430404007e-14,0.00039201605250127614,0.00059685512678697705
2.1224780989577994,0,0.0014166246401146054,43,44,27,1.6779152154922485,-1.3770120143354518,9.2889008065191447,6.649214588264182,0,-94.591674896104465,6.4289934358711562,-73.601578079785426,1.4210854715202004e-14,0.00059685512678697705,0.00074213655898347497
2.1224780989577994,0,0.0014166246401146054,43,44,28,1.4368587732315063,-1.0859383403980356,9.2556634378672591,57.929355059980459,0,45.874750435810263,12.670920910042007,124.64475150330195,-1.4210854715202004e-14,0.00074213655898347497,0.00082974077668040991
2.1224780989577994,0,0.0014166246401146054,43,44,29,1.7238833904266357,-1.2416721472517267,8.707564719457185,-54.647580233012313,0,-105.33774344090456,7.1060661879362259,-145.41336491377518,0,0.00082974077668040991,0.00097926275338977575
2.1224780989577994,0,0.0014166246401146054,43,44,30,1.776713490486145,-0.14255377705103242,8.1290838234084415,31.445931217212536,0,48.115418614934875,-1.7401426099867752,85.807737268518039,-1.4210854715202004e-14,0.00097926275338977575,0.00045274596777744591
2.1224780989577994,0,0.0014166246401146054,43,44,31,1.5655120611190796,-0.33770802220415586,7.5471948430372215,-22.844431288666271,0,33.053537214658611,38.712892645261661,56.131485392087065,0,0.00045274596777744591,0.00072839565109461546
2.1224780989577994,0,0.0014166246401146054,43,44,32,2.0437905788421631,0.3020164909797774,6.2011132976839871,-131.90052095073654,0,-195.3913647236154,71.222987673388303,-249.56576821229984,0,0.00072839565109461546,0.00055819581029936671
2.1224780989577994,0,0.0014166246401146054,43,44,33,2.3719761371612549,0.26850727763897464,5.4291365076980611,20.58482930775013,0,-42.620913485263394,-34.445045420990702,-50.783485813166934,0,0.00055819581029936671,0.00034463981864973903
2.1224780989577994,0,0.0014166246401146054,43,44,34,1.9577944278717041,0.3745303221466395,5.751774735750609,112.65174484762686,0,165.64282779945586,-44.653141544220823,239.76773616075914,2.8421709430404007e-14,0.00034463981864973903,0.00014541887503582984
2.1224780989577994,0,0.0014166246401146054,43,44,35,1.8513494729995728,0.81131998100374292,5.7603922452604479,-49.562634273649152,0,-73.128822086608508,112.74624555612414,-3.3734985778693276,-4.4408920985006262e-16,0.00014541887503582984,0.00063925329595804214
2.1224780989577994,0,0.0014166246401146054,43,44,36,2.5062341690063477,0.096129146936081086,5.4397778959862064,-174.54205124239516,0,-220.63870583520213,108.95182752687158,-280.69302250780339,5.6843418860808015e-14,0.00063925329595804214,0.0003855703107547015
2.1224780989577994,0,0.0014166246401146054,43,44,37,2.6886510848999023,-0.15106675619681392,5.7940128919138782,32.952052037056013,0,19.292450072575466,-50.749152519251624,7.138295726096918,4.4408920985006262e-15,0.0003855703107547015,0.00049613782903179526
2.1224780989577994,0,0.0014166246401146054,43,44,38,2.1289942264556885,0.18554994270963576,6.5530321900105619,153.78976297657772,0,131.71261348673437,-31.337714021195175,260.90324457483712,-5.6843418860808015e-14,0.00049613782903179526,0.00043945285142399371
2.1224780989577994,0,0.0014166246401146054,43,44,39,1.9642045497894287,0.52592381790909193,6.8352858679467579,-29.062880848615627,0,-43.159727409135215,95.084122043144575,30.222723471249591,1.0658141036401503e-14,0.00043945285142399371,0.00071554793976247311
2.1224780989577994,0,0.0014166246401146054,43,44,40,2.4183626174926758,-0.16577924058197444,6.7602961792261844,-161.22275280878102,0,-157.53024070828198,58.622079754859861,-253.5363968235589,2.8421709430404007e-14,0.00071554793976247311,0.00039454718353226781
2.1224780989577994,0,0.0014166246401146054,43,44,41,2.4115276336669922,-0.091510745631029344,7.0665550251698761,13.417081001088611,0,25.867275857356486,-15.343616370934214,30.915784767049729,0,0.00039454718353226781,0.00055138394236564636
2.1224780989577994,0,0.0014166246401146054,43,44,42,1.9900442361831665,0.21598734393686497,7.4498461751871377,-0.18799161423233501,0,62.237846845430575,31.29328269965772,101.00897144997997,0,0.00055138394236564636,0.00060119869885966182
2.1224780989577994,0,0.0014166246401146054,43,44,43,2.4087791442871094,-0.073605154464568279,7.2709743421510558,-218.88737124460081,0,-231.72078624912922,124.62312489414451,-318.78766341189902,0,0.00060119869885966182,0.00071416504215449095
2.1224780989577994,0,0.0014166246401146054,43,44,44,2.8138694763183594,-0.78013311678893238,7.2430390954244706,-35.972372098840694,0,-146.00822289094992,-43.973544285250213,-219.49123329640528,2.8421709430404007e-14,0.00071416504215449095,0.00044921302469447255
2.1224780989577994,0,0.0014166246401146054,43,44,45,2.2887647151947021,-0.26933990472123059,7.7999440039386254,236.31707182181057,0,150.69555901269098,-90.01499632705611,304.52823860666285,0,0.00044921302469447255,0.00057920569088310003
2.1224780989577994,0,0.0014166246401146054,43,44,46,1.9131648540496826,0.30183306977492197,7.9559131684673634,-8.3519944960490076,0,-50.053145965395025,127.34530069038526,77.1979064671835,-1.4210854715202004e-14,0.00057920569088310003,0.00073679530760273337
2.1224780989577994,0,0.0014166246401146054,43,44,47,2.5337910652160645,-0.3976814968024967,7.4708449447365552,-269.45055175514455,0,-306.0551445333619,192.15006615736601,-376.28246668320634,-5.6843418860808015e-14,0.00073679530760273337,0.00062251894269138575
2.1224780989577994,0,0.0014166246401146054,43,44,48,2.9593474864959717,-1.0306352035749384,7.3469514812289516,-41.522248079973615,0,-133.4415641161066,-50.972823831082216,-219.62031974950844,0,0.00062251894269138575,0.00070200924528762698
2.1224780989577994,0,0.0014166246401146054,43,44,49,2.5925147533416748,-0.86512419185167733,7.6176752627825142,154.60686171166992,0,99.272363149660933,-85.477447615043602,175.1543283172181,2.8421709430404007e-14,0.00070200924528762698,0.00077320594573393464
2.1224780989577994,0,0.0014166246401146054,43,44,50,2.434190034866333,-0.41524719992985287,7.685153886035442,104.37977722048338,0,57.836789806777432,-36.292984475843909,133.1934892375225,0,0.00077320594573393464,0.00037562561919912696
2.1224780989577994,0,0.0014166246401146054,43,44,51,2.2722756862640381,-0.22468571655852185,7.7409842766445394,127.50930948901498,0,70.746108318932329,31.15982043458499,236.93153680261833,0,0.00037562561919912696,0.00048168594366870821
2.1224780989577994,0,0.0014166246401146054,43,44,52,2.2051525115966797,-0.17347635694916957,7.617574019536824,-38.637241588325736,0,-31.937536861950807,99.218170401422071,36.087489613733183,0,0.00048168594366870821,0.00069777126191183925
2.1224780989577994,0,0.0014166246401146054,43,44,53,2.8947017192840576,-0.88070118836724964,7.0948590865771921,-197.498907238588,0,-156.46237428723975,33.917086876812689,-313.83003675080511,5.6843418860808015e-14,0.00069777126191183925,0.00081914517795667052
2.1224780989577994,0,0.0014166246401146054,43,44,54,2.9191856384277344,-0.79382199251473839,7.1185532931872091,77.668979455756741,0,96.356221072844761,-96.330302801947909,84.019629027326062,0,0.00081914517795667052,0.00045064990990795195
2.1224780989577994,0,0.0014166246401146054,43,44,55,2.400348424911499,-0.26061457772896773,7.4330752972808218,76.910112679952263,0,92.626009669223038,18.883479953878442,195.5920630226056,2.8421709430404007e-14,0.00045064990990795195,0.00055666698608547449
2.1224780989577994,0,0.0014166246401146054,43,44,56,2.8562235832214355,-0.6380737223402343,7.0223833859833817,-226.70930344071718,0,-189.69700279725555,78.989464867813055,-331.03253170651652,0,0.00055666698608547449,0.00038035033503547311
2.1224780989577994,0,0.0014166246401146054,43,44,57,3.1697118282318115,-0.97042571387787679,6.8900578064418152,28.769785596882759,0,4.9490433376150786,-130.08901894555325,-90.450557918491469,0,0.00038035033503547311,0.00056983111426234245
2.1224780989577994,0,0.0014166246401146054,43,44,58,2.3966612815856934,-0.43243751413974507,7.3043136114723062,200.49482373361917,0,196.13920781926569,-113.9148398026973,289.59106784752009,0,0.00056983111426234245,0.00063035497441887856
2.1224780989577994,0,0.0014166246401146054,43,44,59,2.5649511814117432,-1.0807078776531256,6.8418009365493297,-150.36131429839787,0,-178.92392202856621,77.038694231674299,-246.48544903639359,-2.8421709430404007e-14,0.00063035497441887856,0.00070164672797545791
2.1224780989577994,0,0.0014166246401146054,43,44,60,3.461322546005249,-1.7066672539651482,5.9971508901557629,-84.821075819603934,0,-270.43056533587406,-24.676718400705152,-375.63787591999255,0,0.00070164672797545791,0.00046026721247471869
2.1224780989577994,0,0.0014166246401146054,43,44,61,2.9717135429382324,-0.69705382976819319,5.864382864482053,219.80157934532599,0,255.01912387941107,-81.326316760038637,398.66171549941231,0,0.00046026721247471869,0.00059355475241318345
2.1224780989577994,0,0.0014166246401146054,43,44,62,2.7862303256988525,-0.10891702351760618,5.1850272087113893,-44.457071507890767,0,-8.891145020841563,74.239016073433561,25.966909729895018,3.5527136788005009e-15,0.00059355475241318345,0.00065199198434129357
2.1224780989577994,0,0.0014166246401146054,43,44,63,3.4023656845092773,-0.012494336911389068,4.4164124833908076,-34.794437176717047,0,-63.516762043775707,35.539166713850513,-58.368114360162821,-7.1054273576010019e-15,0.00065199198434129357,0.00056306517217308283
2.1224780989577994,0,0.0014166246401146054,43,44,64,2.685732364654541,0.11091427663714314,4.4101409902592001,58.367946059702454,0,205.93160180538402,31.047900628439507,299.8685037604223,0,0.00056306517217308283,0.00059153878828510642
2.1224780989577994,0,0.0014166246401146054,43,44,65,3.1708433628082275,0.24415367508462069,3.6764055492146128,-183.47089556635939,0,-271.87020747387174,70.228584403297205,-381.19195941263467,0,0.00059153878828510642,0.00077063037315383554
2.1224780989577994,0,0.0014166246401146054,43,44,66,3.8372721672058105,0.16821006461406396,2.9263305001934059,-7.865017113970886,0,-81.214228653432784,-85.854608946730849,-171.83931414932704,0,0.00077063037315383554,0.00023320240143220872
2.1224780989577994,0,0.0014166246401146054,43,44,67,2.9880475997924805,0.1063205287198408,3.137839145355799,211.24754014660382,0,426.02922166049933,-84.254913070922129,556.26600841025675,1.1368683772161603e-13,0.00023320240143220872,0.00052213663002476096
2.1224780989577994,0,0.0014166246401146054,43,44,68,2.6551172733306885,0.73682993427489007,2.8823031655032048,-60.891443162477415,0,79.575318770358052,175.45895215048625,197.76196085814499,0,0.00052213663002476096,0.00045648484956473112
2.1224780989577994,0,0.0014166246401146054,43,44,69,3.8248379230499268,0.414853403149536,1.8868236928588915,-316.08189691054429,0,-399.3872587840637,201.71735827774063,-511.4501203208589,5.6843418860808015e-14,0.00045648484956473112,0.00083813664969056845
2.1224780989577994,0,0.0014166246401146054,43,44,70,4.5441031455993652,-1.2183865294546761,1.9979542618845558,5.878735080694236,0,-40.299881836312515,-190.52924857378096,-224.17082759696939,-2.8421709430404007e-14,0.00083813664969056845,0.00068362063029780984
2.1224780989577994,0,0.0014166246401146054,43,44,71,3.5812437534332275,0.065859060033711045,3.185537533837802,344.23301001511004,0,421.81110722226748,-180.18684868317627,589.10866514807276,0,0.00068362063029780984,0.00065246137091889977
2.1224780989577994,0,0.0014166246401146054,43,44,72,2.69148850440979,0.9860931061485303,3.8214095442960976,75.987152955287883,0,304.8655127292426,81.70768560323512,467.3678539382102,0,0.00065246137091889977,0.00062815338606014848
2.1224780989577994,0,0.0014166246401146054,43,44,73,3.1553871631622314,0.88504347172950826,3.6796016144024435,-241.98425322382079,0,-257.26593502533916,136.6259771267512,-358.05956603627681,0,0.00062815338606014848,0.00078587664756923914
2.1224780989577994,0,0.0014166246401146054,43,44,74,4.0382843017578125,-0.72168092057064703,3.6315958803531645,-242.21819086373389,0,-299.78923424358845,81.214565254353516,-457.88294489318633,5.6843418860808015e-14,0.00078587664756923914,0.00088109547505155206
2.1224780989577994,0,0.0014166246401146054,43,44,75,3.9587173461914062,-1.1569095269154595,4.5345314660638314,167.99398523081283,0,221.27235706849197,-205.69884226869348,186.94512196975967,-2.8421709430404007e-14,0.00088109547505155206,0.0008503148565068841
2.1224780989577994,0,0.0014166246401146054,43,44,76,2.9751360416412354,-0.10565127142040412,5.6474488304556116,283.97892069605058,0,313.67907123785398,-152.30720422118591,450.89258527175389,0,0.0008503148565068841,0.00060791056603193283
2.1224780989577994,0,0.0014166246401146054,43,44,77,2.7065606117248535,0.27093547197637086,5.8498156707286961,-51.419998154283036,0,-27.827303018815549,120.28215111984316,47.15560108944964,-7.1054273576010019e-15,0.00060791056603193283,0.00056430196855217218
2.1224780989577994,0,0.0014166246401146054,43,44,78,3.3479762077331543,-0.18217407214715312,5.5975779854451329,-259.40099466558212,0,-190.63342655874948,80.001287235552354,-364.61773007548129,0,0.00056430196855217218,0.0006560099427588284
2.1224780989577994,0,0.0014166246401146054,43,44,79,3.5436146259307861,-0.54917623581064001,5.9524625159620417,22.79309964825368,0,106.03147793854617,-105.11036951894584,29.117494348005412,3.5527136788005009e-15,0.0006560099427588284,0.00067006080644205213
2.1224780989577994,0,0.0014166246401146054,43,44,80,2.9322559833526611,-0.24214820416916727,6.435436845293335,37.89251205119227,0,145.54304041848962,-47.804904265553802,141.82393684525223,-2.8421709430404007e-14,0.00067006080644205213,0.000543680798728019
2.1224780989577994,0,0.0014166246401146054,43,44,81,3.2687540054321289,-0.34244213007571139,6.3568273818274781,-136.82827428011493,0,-199.65988514972784,48.642535656811035,-281.83123852127994,0,0.000543680798728019,0.00061039364663884044
2.1224780989577994,0,0.0014166246401146054,43,44,82,3.290003776550293,-0.79561478687187381,6.5159791343587443,-29.074577730611281,0,16.111571371598622,-12.187309537171268,-19.429951548697055,0,0.00061039364663884044,0.00040691037429496646
2.1224780989577994,0,0.0014166246401146054,43,44,83,3.4055516719818115,-0.59784070838058223,6.6394906347121507,-5.9246811063750124,0,61.302432886698867,-113.9372237639264,-52.517822057270969,7.1054273576010019e-15,0.00040691037429496646,0.00053022662177681923
2.1224780989577994,0,0.0014166246401146054,43,44,84,3.1763846874237061,-0.28777866648675171,6.7831666339735355,124.1486858963639,0,229.00811942889933,-42.966434330401249,316.68575896234876,0,0.00053022662177681923,0.00016435405996162444
2.1224780989577994,0,0.0014166246401146054,43,44,85,2.6984720230102539,-0.17310622742109211,7.0540705496135869,-3.4974518669312031,0,30.726615049594809,113.41566063724241,147.52578814209852,0,0.00016435405996162444,0.00036314819590188563
2.1224780989577994,0,0.0014166246401146054,43,44,86,3.6075255870819092,-0.83813760748568888,6.5839153244883004,-347.99149589607379,0,-251.30860362965254,123.91256035046598,-469.64176145825775,-5.6843418860808015e-14,0.00036314819590188563,0.00022394453117158264
2.1224780989577994,0,0.0014166246401146054,43,44,87,3.8879227638244629,-0.88107854955573361,6.5883154611338108,91.810089037353421,0,220.45509003293938,-284.5657844013578,33.406631580513071,-7.1054273576010019e-15,0.00022394453117158264,0.00027208434767089784
2.1224780989577994,0,0.0014166246401146054,43,44,88,2.9190759658813477,-0.33975195240449835,7.252188460686023,269.47798473018469,0,295.189246060779,-156.25654282420828,415.32312447503693,0,0.00027208434767089784,0.00016506026440765709
2.1224780989577994,0,0.0014166246401146054,43,44,89,3.2618823051452637,-0.48828302549332869,6.894135148063727,-298.73971257272649,0,-145.84816915313888,143.63316679422056,-294.54886280907436,5.6843418860808015e-14,0.00016506026440765709,0.00044170563342049718
2.1224780989577994,0,0.0014166246401146054,43,44,90,4.3880877494812012,-1.4323401332581349,6.157880459502989,-238.68977171209477,0,-175.868258870104,-22.09852364831022,-431.93101390426415,0,0.00044170563342049718,0.00037246342981234193
2.1224780989577994,0,0.0014166246401146054,43,44,91,3.7226822376251221,-0.8907801507028722,6.6895725127217647,424.57964979533989,0,486.44353301783025,-354.30781217372783,562.51416300146116,0,0.00037246342981234193,0.00024930364452302456
2.1224780989577994,0,0.0014166246401146054,43,44,92,2.9746818542480469,-0.32345310469562394,7.1853994748664052,105.43805051528457,0,103.12694859349547,128.76382112060659,344.19076659955738,0,0.00024930364452302456,0.0003762769338209182
2.1224780989577994,0,0.0014166246401146054,43,44,93,4.0168991088867188,-1.0652873479718028,6.3960361297041031,-469.508299193185,0,-325.36215259575931,236.69726256178447,-552.84244044542754,0,0.0003762769338209182,0.00015664301463402808
2.1224780989577994,0,0.0014166246401146054,43,44,94,4.4312863349914551,-2.2043060757534505,6.3455072035966333,137.07836876422346,0,146.97948484774025,-325.44024400937059,-37.241189269563677,0,0.00015664301463402808,0.00081132806371897459
2.1224780989577994,0,0.0014166246401146054,43,44,95,3.0280618667602539,-0.87710902541624569,7.0397669827532292,398.1381327672039,0,405.25505433483391,-244.25614113834388,565.29970392103098,0,0.00081132806371897459,0.00076561357127502561
2.1224780989577994,0,0.0014166246401146054,43,44,96,2.9091732501983643,-1.0681806695580707,6.5684080148820998,-92.598576694182867,0,22.736718994030017,-5.8248789333761097,-70.186509288204917,1.4210854715202004e-14,0.00076561357127502561,0.00074379402212798595
2.1224780989577994,0,0.0014166246401146054,43,44,97,3.1471164226531982,-1.1611620719463103,5.9646255113420787,33.061615636756329,0,15.178850220232821,-71.754901278384992,-18.710971982000068,7.1054273576010019e-15,0.00074379402212798595,0.00076861301204189658
2.1224780989577994,0,0.0014166246401146054,43,44,98,2.1490688323974609,-0.096065376839769331,5.7051831200226353,99.381590148440509,0,220.78479063480253,-55.868347622299908,269.90715090412601,0,0.00076861301204189658,0.00056959153153002262
2.1224780989577994,0,0.0014166246401146054,43,44,99,2.0269339084625244,0.27417591326215024,5.1136267245352895,0.85412483637341108,0,-140.29938712499833,-31.689798584287427,-165.74725823511491,-2.8421709430404007e-14,0.00056959153153002262,0.00041420815978199244
2.1224780989577994,0,0.0014166246401146054,43,44,100,1.8572871685028076,-0.52667393832034659,3.6236548598031688,25.123219522064495,0,49.391220254763176,-32.446477454107104,45.164943244203393,0,0.00041420815978199244,0.00063006684649735689
2.1224780989577994,0,0.0014166246401146054,43,44,101,1.8663668632507324,0.24692372973214177,1.2830957554837557,2.8754975156370275,0,59.552865450931421,-39.742386561339721,24.215995890444617,-7.1054273576010019e-15,0.00063006684649735689,0.00048851565225049853
2.1224780989577994,0,0.0014166246401146054,43,44,102,1.753858208656311,0.21012186128475543,0.06151508175104467,20.686230335122538,0,61.504730040062576,-42.607617748894235,39.85497956932668,0,0.00048851565225049853,0.00037673770566470921
2.1224780989577994,0,0.0014166246401146054,43,44,103,1.4504451751708984,0.1123814504613183,0.0047556699556066447,19.442658233454928,0,59.845708251973733,-40.002579073070422,39.40292453277516,0,0.00037673770566470921,0.00027757158386521041
2.1224780989577994,0,0.0014166246401146054,43,44,104,1.195667028427124,0.070425347030330987,0.0055623108263380032,11.918365401501374,0,57.265241443363813,-36.747816469991527,32.511778032730334,7.1054273576010019e-15,0.00027757158386521041,0.00020281125034671277
2.1224780989577994,0,0.0014166246401146054,43,44,105,0.99712967872619629,0.037511126189454055,0.0047322893632013507,7.4512504321533424,0,54.813608637166475,-33.695855921657447,28.611246563215026,0,0.00020281125034671277,0.00015046951011754572
2.1224780989577994,0,0.0014166246401146054,43,44,106,0.84473079442977905,0.01806207950822326,0.0040273559152270251,4.8874032940048799,0,52.525521803332857,-30.941450587256021,26.493563945505166,0,0.00015046951011754572,0.00011591708607738838
2.1224780989577994,0,0.0014166246401146054,43,44,107,0.72072756290435791,0.0097814758763930081,0.003977086758784598,3.375728558969219,0,50.519085789927004,-28.493310015611346,25.415262895920055,0,0.00011591708607738838,9.1367670393083245e-05
2.1224780989577994,0,0.0014166246401146054,43,44,108,0.61950504779815674,0.0059830456058705631,0.0039046064408167075,2.3828820681365399,0,48.6809081617752,-26.327577616466098,24.746100265492334,7.1054273576010019e-15,9.1367670393083245e-05,7.2947448643390089e-05
2.1224780989577994,0,0.0014166246401146054,43,44,109,0.5360679030418396,0.0036922955102154189,0.003881225206396108,1.7178848741029558,0,47.157662770089161,-24.410088396365335,24.473032768543394,0,7.2947448643390089e-05,5.9043566579930484e-05
2.1224780989577994,0,0.0014166246401146054,43,44,110,0.46679115295410156,0.0023587616660858055,0.0038262802524802746,1.2598972463234197,0,45.706618275901484,-22.707350563695602,24.265350000447871,7.1054273576010019e-15,5.9043566579930484e-05,4.8345362301915884e-05
2.1224780989577994,0,0.0014166246401146054,43,44,111,0.40853619575500488,0.0015289546360613485,0.0037935474231128633,0.94431284557372663,0,44.397998046301197,-21.19012191346776,24.15751148046634,3.5527136788005009e-15,4.8345362301915884e-05,3.9943111914908513e-05
2.1224780989577994,0,0.0014166246401146054,43,44,112,0.35892853140830994,0.0010252223648260913,0.0037923783132406855,0.71940031784791048,0,43.214509208985369,-19.833430864874536,24.105296262636813,0,3.9943111914908513e-05,3.3284075470874086e-05
2.1224780989577994,0,0.0014166246401146054,43,44,113,0.31641620397567749,0.00072368254196232583,0.003799392330458447,0.55522321875780944,0,42.056328553397556,-18.616408160830154,23.999666686197628,-7.1054273576010019e-15,3.3284075470874086e-05,2.7901349312742241e-05
2.1224780989577994,0,0.0014166246401146054,43,44,114,0.27964261174201965,0.00048992637409560075,0.0038227729228637406,0.43413103752220961,0,40.925622947964996,-17.521845079261873,23.842221605522294,3.5527136788005009e-15,2.7901349312742241e-05,2.3563137801829726e-05
2.1224780989577994,0,0.0014166246401146054,43,44,115,0.24761265516281128,0.00036018021688078269,0.0038788876286670578,0.34372213396765955,0,39.799145891599217,-16.535330893250585,23.611776200161842,3.5527136788005009e-15,2.3563137801829726e-05,1.9955012248829007e-05
2.1224780989577994,0,0.0014166246401146054,43,44,116,0.21941392123699188,0.00026550125668589603,0.0039209726949965863,0.27350928565740684,0,38.678590907682675,-15.644832119879892,23.311454547411874,3.5527136788005009e-15,1.9955012248829007e-05,1.7000978914438747e-05
2.1224780989577994,0,0.0014166246401146054,43,44,117,0.19460520148277283,0.00020940805839532906,0.0038929156631025814,0.21708655631865095,0,37.482416423166526,-14.840282287863968,22.863323015342708,3.5527136788005009e-15,1.7000978914438747e-05,1.45489648275543e-05
2.1224780989577994,0,0.0014166246401146054,43,44,118,0.17277118563652039,0.00016151114850847416,0.0038040684489395057,0.17203462683358545,0,36.190889209072481,-14.113676606556503,22.253212808947008,-3.5527136788005009e-15,1.45489648275543e-05,1.2474974028009456e-05
2.1224780989577994,0,0.0014166246401146054,43,44,119,0.1535925567150116,0.00012647380520027057,0.0037023616681977792,0.13692294328907256,0,34.824973191495275,-13.458293576321505,21.507431393936237,-3.5527136788005009e-15,1.2474974028009456e-05,1.0657022357918322e-05
2.1224780989577994,0,0.0014166246401146054,43,44,120,0.13662222027778625,0.00011014093581630203,0.0035819504135318173,0.10869054106214848,0,33.428426490130882,-12.86849513173661,20.672313990805765,-3.5527136788005009e-15,1.0657022357918322e-05,9.1755309767904691e-06
2.1224780989577994,0,0.0014166246401146054,43,44,121,0.12181863933801651,8.2730092327758898e-05,0.0033621699558531786,0.085023288822737464,0,31.961572271447277,-12.339568859911479,19.710471600406716,3.5527136788005009e-15,9.1755309767904691e-06,7.9093997555901296e-06
2.1224780989577994,0,0.0014166246401146054,43,44,122,0.1089475229382515,7.2281935238344432e-05,0.0030780923072965894,0.06617363726139322,0,30.499251646414866,-11.868138232859959,18.700437425058837,3.5527136788005009e-15,7.9093997555901296e-06,6.7805849539581686e-06
2.1224780989577994,0,0.0014166246401146054,43,44,123,0.097833536565303802,6.0667236337975923e-05,0.0027846624217778824,0.051168599341606627,0,29.055407256297357,-11.451321105198224,17.658100080098858,3.5527136788005009e-15,6.7805849539581686e-06,5.8010600696434267e-06
2.1224780989577994,0,0.0014166246401146054,43,44,124,0.08838982880115509,5.5496926575143975e-05,0.0024269348638697452,0.038688068327357217,0,27.640920777735491,-11.086808604985588,16.595282672867707,3.5527136788005009e-15,5.8010600696434267e-06,5.0051721700583585e-06
2.1224780989577994,0,0.0014166246401146054,43,44,125,0.080591604113578796,5.0342025179655399e-05,0.0020060792249558357,0.028469074749318191,0,26.276924437284372,-10.772407566847866,15.535042366435958,0,5.0051721700583585e-06,4.2536648834357038e-06
2.1224780989577994,0,0.0014166246401146054,43,44,126,0.074300043284893036,5.3378436569257568e-05,0.0015454759369376203,0.020143461350432046,0,25.026325791396346,-10.50648758007523,14.541580527045054,1.7763568394002505e-15,4.2536648834357038e-06,3.6135058962827316e-06
2.1224780989577994,0,0.0014166246401146054,43,44,127,0.069537036120891571,5.5285061524172689e-05,0.00092822075375801857,0.011870441845411261,0,23.901500183297937,-10.287833725719391,13.626520405239239,-1.7763568394002505e-15,3.6135058962827316e-06,3.0129922379273921e-06
2.1224780989577994,0,0.0014166246401146054,43,44,128,0.066726982593536377,6.5999975973219196e-05,0.00013911621010167632,0.0033765279861559722,0,22.877334028668439,-10.119107254809938,12.761808418030732,-1.7763568394002505e-15,3.0129922379273921e-06,2.3052996311889729e-06
2.1224780989577994,0,0.0014166246401146054,43,44,129,0.065912768244743347,0.00010480851718871174,-0.0008253448631441139,-0.0056117684754336799,0,22.012811379477846,-10.002001690729331,12.004477383927124,-1.7763568394002505e-15,2.3052996311889729e-06,1.2304074061830761e-06
2.1224780989577994,0,0.0014166246401146054,43,44,130,0.067401260137557983,0.00025428396525992516,-0.002673603083066385,-0.025318700506783257,0,21.330715910548633,-9.9364065863004569,11.366571304623587,0,1.2304074061830761e-06,1.0088137969432864e-06
2.1224780989577994,0,0.0014166246401146054,43,44,131,0.075157016515731812,-0.00010864760821460741,-0.0072387193647758807,-0.083666366361011227,0,19.967987082939668,-9.9501125550417697,9.9268607945638951,-1.7763568394002505e-15,1.0088137969432864e-06,5.2966083785577212e-07
2.1224780989577994,0,0.0014166246401146054,43,44,132,0.097067572176456451,1.3610724486640451e-07,-0.0052490067150075771,-0.14216655450744872,0,17.317570395488826,-10.115047006203532,7.0551079641700811,8.8817841970012523e-16,5.2966083785577212e-07,5.2966083785577212e-07
2.123894723597914,0,0.0014305943623185158,42,44,0,0.0092232301831245422,0,4.2675691317365079,-1.2228913819446661,0,74.656554405376255,122.7040464452255,200.40527860039359,-2.8421709430404007e-14,0.0002544367453083396,0.0002544367453083396
2.123894723597914,0,0.0014305943623185158,42,44,1,0.093668736517429352,-0.051634377955964789,9.0386396881951505,-3.6030776862538563,0,-118.52361158760984,41.191597622273186,-71.948086992355258,-6.5100394408545981e-07,0.0002544367453083396,0.00022218227968551219
2.123894723597914,0,0.0014305943623185158,42,44,2,0.12179268151521683,-0.031740348378251522,9.6676559756628677,2.0134666676214725,0,-169.6436703862862,36.366051706639396,-121.6282415927723,-5.2080315668945332e-06,0.00022218227968551219,0.0003369709593243897
2.123894723597914,0,0.0014305943623185158,42,44,3,0.0015270696021616459,0.16408912504418691,9.8336333376516603,1.8413190902350058,0,-23.075772302255924,36.415129592100456,25.178398842775387,0,0.0003369709593243897,0.0001826530642574653
2.123894723597914,0,0.0014305943623185158,42,44,4,0.037534814327955246,0.25076932391287221,9.6236429008996218,-6.1006491160342922,0,-87.850534702090826,43.501953337339181,-40.574823464005014,-5.2080315668945332e-06,0.0001826530642574653,0.00034354091621935368
2.123894723597914,0,0.0014305943623185158,42,44,5,0.38376006484031677,-0.060070738088743553,8.9678045998636797,-23.530178264410459,0,-231.12954522817364,60.797581390140806,-184.95441344869991,-5.2080315526836785e-06,0.00034354091621935368,0.00048558009439148009
2.123894723597914,0,0.0014305943623185158,42,44,6,0.67471462488174438,-0.38738054891350698,8.4167069746609737,6.8827678604560019,0,-161.33567260751167,34.325573583301491,-112.09800473800672,-2.8421709430404007e-14,0.00048558009439148009,0.00058162288041785359
2.123894723597914,0,0.0014305943623185158,42,44,7,0.59511858224868774,-0.063401925279069113,7.9879844201735706,18.737830945993363,0,-34.463044784514437,42.948303125665248,35.147671782038671,0,0.00058162288041785359,0.00034168246202170849
2.123894723597914,0,0.0014305943623185158,42,44,8,0.62329012155532837,0.20605772191585253,7.1645152071266702,-21.171814914370195,0,-37.519534349897697,66.159583201233787,14.838806866008415,-3.5527136788005009e-15,0.00034168246202170849,0.00025317608378827572
2.123894723597914,0,0.0014305943623185158,42,44,9,0.84237617254257202,0.29372647027613635,6.1741904277681829,-53.725678655338328,0,-92.269028682582842,70.974512544520536,-68.552277895356326,-2.8421709430404007e-14,0.00025317608378827572,0.00055067776702344418
2.123894723597914,0,0.0014305943623185158,42,44,10,1.2266103029251099,-0.13130000930935642,5.3553306481590583,-96.30375323304834,0,-284.29669374626081,81.755512864163464,-293.62090347629595,5.6843418860808015e-14,0.00055067776702344418,0.00022442570480052382
2.123894723597914,0,0.0014305943623185158,42,44,11,1.8200291395187378,-0.092601079755144394,4.8911563717987692,-68.584859340832466,0,-347.34595716784639,65.62294762868558,-345.50931358794963,5.6843418860808015e-14,0.00022442570480052382,0.00045015549403615296
2.123894723597914,0,0.0014305943623185158,42,44,12,1.8729984760284424,-0.1656964537862064,4.9290871166970147,66.465565471792331,0,0.49172150832406197,41.473096936440534,113.19377457946773,-1.4210854715202004e-14,0.00045015549403615296,0.00019716577662620693
2.123894723597914,0,0.0014305943623185158,42,44,13,1.4210261106491089,0.40804406515507891,5.2327957559750766,51.647674060552482,0,114.09555566116286,47.179432962543189,218.5635025053887,0,0.00019716577662620693,0.00049585755914449692
2.123894723597914,0,0.0014305943623185158,42,44,14,1.623494029045105,0.22408695069100815,5.1760168193379421,-86.888215461473905,0,-213.45946491381684,148.76171367674658,-146.18586292851521,2.8421709430404007e-14,0.00049585755914449692,0.00013782893074676394
2.123894723597914,0,0.0014305943623185158,42,44,15,2.3745050430297852,0.30170191961533477,4.8230011412099172,-173.66677061029668,0,-323.26343590768505,80.14293963435712,-411.66256382279931,5.6843418860808015e-14,0.00013782893074676394,0.00047293928219005466
2.123894723597914,0,0.0014305943623185158,42,44,16,2.6057429313659668,-0.15738638841890021,4.8197829032041763,-29.561287138961351,0,-53.416904879860475,-7.119587471819667,-85.435382975856214,0,0.00047293928219005466,0.00029072447796352208
2.123894723597914,0,0.0014305943623185158,42,44,17,2.0805301666259766,0.41098009295034338,5.3348536445479393,50.729227277846533,0,168.55290025512843,43.370986967552014,268.3989482380253,5.6843418860808015e-14,0.00029072447796352208,0.00053353735711425543
2.123894723597914,0,0.0014305943623185158,42,44,18,2.0571808815002441,0.871363573334618,5.6245933666603953,-112.00451015533605,0,-208.95389264554333,150.18354795848418,-164.27889790240019,0,0.00053353735711425543,0.00071609072620049119
2.123894723597914,0,0.0014305943623185158,42,44,19,2.8420493602752686,-0.060758198255439627,5.5962707889972521,-175.11801985431833,0,-384.67721076057444,123.93548550897766,-430.32423251517326,5.6843418860808015e-14,0.00071609072620049119,0.00078337470768019557
2.123894723597914,0,0.0014305943623185158,42,44,20,2.8496811389923096,-0.62852347748079707,6.174035488829098,104.57194081853331,0,15.39077488348657,-82.961026346780685,42.54720136658748,-2.1316282072803006e-14,0.00078337470768019557,0.00076680612983182073
2.123894723597914,0,0.0014305943623185158,42,44,21,2.2283191680908203,-0.019194200336048236,7.0406206932020217,188.6839004771208,0,153.99974350444538,-43.017174135092432,306.68789633933972,0,0.00076680612983182073,0.0007059666677378118
2.123894723597914,0,0.0014305943623185158,42,44,22,2.0136744976043701,0.30370375674846967,7.3658518484280533,-20.008007348532541,0,-84.919662858076578,139.91714282180266,42.659028220370047,-1.4210854715202004e-14,0.0007059666677378118,0.00097812758758664131
2.123894723597914,0,0.0014305943623185158,42,44,23,2.3542642593383789,-0.14238367698746623,7.3594654997203941,-162.38675753813743,0,-258.1217103956867,151.95186216423659,-261.33952394685463,5.6843418860808015e-14,0.00097812758758664131,0.001049442682415247
2.123894723597914,0,0.0014305943623185158,42,44,24,2.3828480243682861,-0.86655395618352837,7.8543157330076578,54.689664466056328,0,-17.419324010522828,-102.52305953626384,-58.264957303906222,-7.1054273576010019e-15,0.001049442682415247,0.0005533930379897356
2.123894723597914,0,0.0014305943623185158,42,44,25,1.7682229280471802,-0.22464518657447582,8.6758221691581667,227.20925154727362,0,126.80448593798927,-88.311049685272138,274.15386478257443,-5.6843418860808015e-14,0.0005533930379897356,0.00038043019594624639
2.123894723597914,0,0.0014305943623185158,42,44,26,1.4013427495956421,-0.20775228518660052,9.0250747189778711,47.217264103837735,0,18.2461094376693,37.924719205723108,112.20541518102141,0,0.00038043019594624639,0.00056728237541392446
2.123894723597914,0,0.0014305943623185158,42,44,27,1.5363047122955322,-0.31041560742899665,8.9961623317398924,-34.197351846149537,0,-104.36961920826202,60.719981719809205,-69.161242610291467,1.4210854715202004e-14,0.00056728237541392446,0.0007875785231590271
2.123894723597914,0,0.0014305943623185158,42,44,28,1.4768800735473633,-0.41127760175354422,9.0964410265290621,38.172871493774124,0,1.5890745913810984,51.135453739985117,99.582563249915864,0,0.0007875785231590271,0.00040542468195781112
2.123894723597914,0,0.0014305943623185158,42,44,29,1.5271521806716919,-0.54371003242650651,8.9521394919174604,-43.546060156670606,0,-101.78726883663641,48.151459973998904,-88.773439559817177,0,0.00040542468195781112,0.00062475615413859487
2.123894723597914,0,0.0014305943623185158,42,44,30,1.7824586629867554,-0.47549588598056491,8.5565276491140807,-6.5921180348274087,0,-49.516214229774448,-2.8297527031311338,-50.857053204599474,0,0.00062475615413859487,0.00050160061800852418
2.123894723597914,0,0.0014305943623185158,42,44,31,1.5026984214782715,-0.14535681200763759,8.4261270017557575,95.879194499797862,0,98.922018190352247,3.5571272237481031,206.63911010364635,0,0.00050160061800852418,0.00045462316484190524
2.123894723597914,0,0.0014305943623185158,42,44,32,1.4442170858383179,0.027254280188192221,8.2064353042043781,-51.684421931281328,0,-67.317766092980293,92.678879934691281,-18.089618505177761,7.1054273576010019e-15,0.00045462316484190524,0.00076807761797681451
2.123894723597914,0,0.0014305943623185158,42,44,33,1.9957751035690308,-0.39134060591541248,7.7548306120283392,-126.03336395221892,0,-215.48784738384299,76.52589921547515,-257.63182211447383,0,0.00076807761797681451,0.00058745476417243481
2.123894723597914,0,0.0014305943623185158,42,44,34,1.9400869607925415,-0.26763944016264685,7.8199518387280946,69.533137728347768,0,58.827591370031293,-25.133877008428549,110.77916448851596,0,0.00058745476417243481,0.0004070575232617557
2.123894723597914,0,0.0014305943623185158,42,44,35,1.4717319011688232,0.059316875519582521,8.26553409340214,88.390378422083614,0,91.612025084484031,13.428805231988511,201.75605970747787,-2.8421709430404007e-14,0.0004070575232617557,0.00032683808240108192
2.123894723597914,0,0.0014305943623185158,42,44,36,1.5493308305740356,-0.0320606423195531,8.3055812521279684,-84.870165726074461,0,-138.16082792077802,91.50119817276213,-123.25627486428195,-1.4210854715202004e-14,0.00032683808240108192,0.00061529502272605896
2.123894723597914,0,0.0014305943623185158,42,44,37,2.008885383605957,-0.71828585453056426,8.1726872596574811,-92.980445794481966,0,-200.02332677338359,74.619343019838041,-210.93002814290057,2.8421709430404007e-14,0.00061529502272605896,0.00048516312381252646
2.123894723597914,0,0.0014305943623185158,42,44,38,1.7701505422592163,-0.48284832454369508,8.4864679064819804,108.58229178127048,0,80.52508415853508,-28.809830680383754,168.30116484136011,0,0.00048516312381252646,0.00065442599589005113
2.123894723597914,0,0.0014305943623185158,42,44,39,1.3489418029785156,-0.037579202767547976,8.9086485223186944,68.520196420910509,0,77.258440103405462,8.056616511152674,162.70632235501981,2.8421709430404007e-14,0.00065442599589005113,0.00072409899439662695
2.123894723597914,0,0.0014305943623185158,42,44,40,1.5812994241714478,-0.43749548366012647,8.7672628343800394,-128.69612633122171,0,-144.44154733221839,89.629389963732564,-175.17851634898759,5.6843418860808015e-14,0.00072409899439662695,0.00058744766283780336
2.123894723597914,0,0.0014305943623185158,42,44,41,2.060772180557251,-0.8994615546364827,8.5078540371033196,-51.464684663453745,0,-178.56490346587989,34.791984058215377,-187.62921158865143,0,0.00058744766283780336,0.00021083510364405811
2.123894723597914,0,0.0014305943623185158,42,44,42,1.7481189966201782,-0.44890237479729367,8.6820919881595398,167.35946940574408,0,136.11869624741794,-40.214169882083652,271.49718538444063,0,0.00021083510364405811,0.00029684859327971935
2.123894723597914,0,0.0014305943623185158,42,44,43,1.553647518157959,-0.21878745307075306,8.7105454176157764,-3.9089401720863832,0,12.524940937667024,80.412674005217141,97.520432735342808,0,0.00029684859327971935,0.00068774691317230463
2.123894723597914,0,0.0014305943623185158,42,44,44,2.1565330028533936,-0.88607430949638988,8.2221492374465281,-201.20425834700984,0,-217.57305989431603,132.79305561071007,-278.64818770266567,-5.6843418860808015e-14,0.00068774691317230463,0.00025590363657101989
2.123894723597914,0,0.0014305943623185158,42,44,45,2.3722331523895264,-1.2529046168548827,8.0866753163390932,43.092169789641098,0,-44.523253535439679,-45.540027954109426,-40.137341000423802,-7.1054273576010019e-15,0.00025590363657101989,0.00068072660360485315
2.123894723597914,0,0.0014305943623185158,42,44,46,1.8277705907821655,-0.54095107770448192,8.4038288146064453,169.25910933546169,0,136.45942650458403,-34.829481885489706,278.75193169145797,0,0.00068072660360485315,0.00019166248966939747
2.123894723597914,0,0.0014305943623185158,42,44,47,1.8075149059295654,-0.40756232223523509,8.2746064843899028,-47.400253500936472,0,-124.53828391453881,125.48981211375123,-38.58168113956939,7.1054273576010019e-15,0.00019166248966939747,0.0008967075846157968
2.123894723597914,0,0.0014305943623185158,42,44,48,2.3177669048309326,-1.0159854018875207,7.7912594908237738,-168.50223652405558,0,-234.76606368511199,114.04630851467591,-282.44671760555542,0,0.0008967075846157968,0.0007310206419788301
2.123894723597914,0,0.0014305943623185158,42,44,49,2.5801820755004883,-1.0050719717412206,7.3440380082143681,-116.54908016397488,0,-110.83474460138703,30.878544146856076,-190.16631458203267,0,0.0007310206419788301,0.00051428045844659209
2.123894723597914,0,0.0014305943623185158,42,44,50,2.7388737201690674,-0.98071270609971162,6.8453728918050976,-21.123276060176202,0,15.430272594882197,-52.352633213309907,-52.180976492898523,0,0.00051428045844659209,0.0006375450175255537
2.123894723597914,0,0.0014305943623185158,42,44,51,2.6553289890289307,-0.38619376872043221,6.4130112252610365,113.24977133486406,0,112.70413628377001,-8.767158673748721,223.21356640142596,0,0.0006375450175255537,0.00022969808196648955
2.123894723597914,0,0.0014305943623185158,42,44,52,2.4401280879974365,-0.19645476271231679,6.2191057940002175,137.76401757971055,0,123.05603646663702,-5.9204902840916116,260.92221479354384,0,0.00022969808196648955,0.00057616905542090535
2.123894723597914,0,0.0014305943623185158,42,44,53,2.4293282032012939,0.25784248178328206,5.7684750037269978,-87.452766083215224,0,-34.240016040737224,97.206367599794021,-18.460097038648151,-7.1054273576010019e-15,0.00057616905542090535,0.00056547811254858971
2.123894723597914,0,0.0014305943623185158,42,44,54,3.2191183567047119,-0.24361479054924551,5.1334981241321307,-176.52243847849962,0,-222.1042973421462,59.862031431772508,-333.8748210552904,5.6843418860808015e-14,0.00056547811254858971,0.00075197225669398904
2.123894723597914,0,0.0014305943623185158,42,44,55,3.0781989097595215,-0.36525162279008572,5.4964543070095546,118.95660733199703,0,77.350351444480111,-16.184228908611416,185.25393255208519,0,0.00075197225669398904,0.0008674892014823854
2.123894723597914,0,0.0014305943623185158,42,44,56,2.4823143482208252,0.0052672729249411982,6.1372101486307109,55.513616724030967,0,76.098590641557877,44.520587023277947,182.27527181042245,0,0.0008674892014823854,0.00081954384222626686
2.123894723597914,0,0.0014305943623185158,42,44,57,2.9409265518188477,-0.49688787563741421,6.0528992786225277,-119.56223890673002,0,-203.18639349673097,64.444432581705883,-252.74818841877001,-2.8421709430404007e-14,0.00081954384222626686,0.00070117786526679993
2.123894723597914,0,0.0014305943623185158,42,44,58,2.8532154560089111,-0.50908508556470355,6.3527464879964635,119.59790350689316,0,88.622198323144033,-11.346342562182269,202.71742067028669,0,0.00070117786526679993,0.00053210166515782475
2.123894723597914,0,0.0014305943623185158,42,44,59,2.3342218399047852,-0.14174894814037467,6.7205344221591323,48.827504135502565,0,126.20318744551911,40.188671359537111,221.79814841457755,0,0.00053210166515782475,0.00078064401168376207
2.123894723597914,0,0.0014305943623185158,42,44,60,3.007678747177124,-0.66332484641189415,6.0645118870065469,-219.14446884262566,0,-193.2749677915798,91.44486810334557,-315.57338149026521,0,0.00078064401168376207,0.000579344283323735
2.123894723597914,0,0.0014305943623185158,42,44,61,3.3533134460449219,-0.56143296384519381,5.6569710479015214,50.50107383100849,0,47.345923315641215,-94.935665837070644,8.0068693936353945,1.0658141036401503e-14,0.000579344283323735,0.00021036910766270012
2.123894723597914,0,0.0014305943623185158,42,44,62,2.8001828193664551,-0.38243682494959602,5.5226389877149042,39.880355890837052,0,118.37330779661856,-30.133920625692912,133.259945224528,0,0.00021036910766270012,0.00057060451945289969
2.123894723597914,0,0.0014305943623185158,42,44,63,3.4619052410125732,-0.16984660394026649,4.8974060096778249,-86.333497603328979,0,-280.64623859685213,-15.364443075889483,-377.61661987033301,5.6843418860808015e-14,0.00057060451945289969,0.00021487328922376037
2.123894723597914,0,0.0014305943623185158,42,44,64,3.1548116207122803,-0.17333077705783975,5.0363823320133143,171.42106739908951,0,200.85069550006543,-75.131146697880141,302.00366775623024,0,0.00021487328922376037,0.0002893004275392741
2.123894723597914,0,0.0014305943623185158,42,44,65,2.6722128391265869,0.39217616947976319,5.2413307432056344,-3.2488117550480475,0,-10.517057279884174,69.646131181201085,61.513769058954267,7.1054273576010019e-15,0.0002893004275392741,0.00049857312114909291
2.123894723597914,0,0.0014305943623185158,42,44,66,3.3705580234527588,0.084614563348868452,4.6487778377424744,-256.14682482590524,0,-314.27962312079575,72.55512929263864,-493.137926252971,5.6843418860808015e-14,0.00049857312114909291,0.0006024580798111856
2.123894723597914,0,0.0014305943623185158,42,44,67,3.7194514274597168,-0.42574518794158411,4.4023481061318712,-44.977893859014678,0,1.5452437977226581,-167.86927319966486,-207.32532034276659,0,0.0006024580798111856,0.00023094727657735348
2.123894723597914,0,0.0014305943623185158,42,44,68,3.1790752410888672,-0.69756244592598471,4.5933367142138248,157.69519604658325,0,216.38446209822479,-53.382740192788312,324.59269222030753,0,0.00023094727657735348,0.00043621993972919881
2.123894723597914,0,0.0014305943623185158,42,44,69,2.9264998435974121,0.078908513764501934,4.8629718069721219,115.99211243619348,0,19.875181711476355,69.85678564197778,210.66596011038422,-2.8421709430404007e-14,0.00043621993972919881,0.00076023332076147199
2.123894723597914,0,0.0014305943623185158,42,44,70,3.268918514251709,-0.25050729482471396,4.8595735663753858,-61.169122362050636,0,-98.88960340188622,30.868544726249585,-124.58111476613659,1.4210854715202004e-14,0.00076023332076147199,0.00095113652059808373
2.123894723597914,0,0.0014305943623185158,42,44,71,3.9567282199859619,-1.0685126317550611,4.3799874226037687,-172.69832672455829,0,-103.99014119624579,-86.184672893302405,-359.56166602325777,0,0.00095113652059808373,0.00089099584147334099
2.123894723597914,0,0.0014305943623185158,42,44,72,3.761833667755127,-0.45339495302681032,4.4981605883513263,90.516255243023025,0,186.95733385240047,-109.33699805154519,172.18135667920282,2.8421709430404007e-14,0.00089099584147334099,0.00072719139279797673
2.123894723597914,0,0.0014305943623185158,42,44,73,2.9386117458343506,0.22198778846798589,5.4161855205004397,175.9263063533428,0,203.01523674734992,-2.4736900010350964,382.10602640862606,0,0.00072719139279797673,0.00081013754243031144
2.123894723597914,0,0.0014305943623185158,42,44,74,3.0261585712432861,-0.13877841713598627,5.7926174850545769,-129.74464891031704,0,-160.0593923919773,122.30458000805943,-161.84562222631632,0,0.00081013754243031144,0.00089726352598518133
2.123894723597914,0,0.0014305943623185158,42,44,75,3.9470775127410889,-1.6157898403022222,5.636890180191382,-191.57256643332516,0,-236.80877865800744,-33.690714535420803,-458.05095928686421,5.6843418860808015e-14,0.00089726352598518133,0.00083652470493689179
2.123894723597914,0,0.0014305943623185158,42,44,76,3.5539677143096924,-0.9606337914014097,6.1385004384511577,216.81243730018247,0,240.9547050984676,-175.81264627244906,287.13236277325075,0,0.00083652470493689179,0.00065425556385889649
2.123894723597914,0,0.0014305943623185158,42,44,77,2.6627018451690674,-0.20398883137630697,6.9097669470974665,151.47222328914535,0,235.14737492423941,-39.136065683694106,354.18931064541181,0,0.00065425556385889649,0.0003907739301212132
2.123894723597914,0,0.0014305943623185158,42,44,78,3.1277098655700684,-0.50328594241609703,6.7195924194496541,-267.81648198769733,0,-242.61910865841759,143.09870847327207,-361.12057569580929,0,0.0003907739301212132,0.0004468937695492059
2.123894723597914,0,0.0014305943623185158,42,44,79,3.860227108001709,-1.2794512557540612,6.5204809096347933,-45.946337744753073,0,-171.53572742204389,-132.11901133332771,-344.36004684624396,-5.6843418860808015e-14,0.0004468937695492059,0.00081436289474368095
2.123894723597914,0,0.0014305943623185158,42,44,80,2.9727358818054199,-0.74073051756766695,7.2553530426947921,388.89513302940128,0,337.90175439053337,-232.79901099480563,500.51249895025614,0,0.00081436289474368095,0.00031039922032505274
2.123894723597914,0,0.0014305943623185158,42,44,81,2.5116081237792969,-0.23014031088042425,7.5015523189086046,1.5820749969565566,0,77.36568388941005,90.037116338962136,176.25628723335691,-2.8421709430404007e-14,0.00031039922032505274,0.00055330886971205473
2.123894723597914,0,0.0014305943623185158,42,44,82,3.4509778022766113,-0.80568248324153091,6.7261727673331428,-409.44760882995712,0,-279.22315438753873,209.05955318995188,-473.69071974345235,-5.6843418860808015e-14,0.00055330886971205473,0.0003920314775314182
2.123894723597914,0,0.0014305943623185158,42,44,83,3.9799182415008545,-1.3217254989782492,6.5492559350402226,7.1297535494362627,0,-34.475835710040236,-181.89696039747696,-204.01551212201898,-2.8421709430404007e-14,0.0003920314775314182,0.00039027858292683959
2.123894723597914,0,0.0014305943623185158,42,44,84,3.1283557415008545,-0.86052956566969752,7.3208219055015693,433.63270747984001,0,364.81452832485616,-284.5056816369364,520.4018465075917,1.1368683772161603e-13,0.00039027858292683959,0.00038802964263595641
2.123894723597914,0,0.0014305943623185158,42,44,85,2.5523848533630371,-0.33138835054479265,7.5846347444711864,69.880950908443452,0,189.66717683675881,11.016861653198481,277.81823579232713,0,0.00038802964263595641,0.00035808872780762613
2.123894723597914,0,0.0014305943623185158,42,44,86,3.2438230514526367,-0.57430982189183044,6.7992824634510107,-361.21940330280341,0,-220.53222176579612,206.31171240728889,-369.21494001975145,-5.6843418860808015e-14,0.00035808872780762613,0.00034677935764193535
2.123894723597914,0,0.0014305943623185158,42,44,87,4.0990467071533203,-1.0285452210125845,6.2272439943258497,-173.57510925473719,0,-159.10711423621939,-25.297200878334525,-352.78072559597786,0,0.00034677935764193535,0.00043326822924427688
2.123894723597914,0,0.0014305943623185158,42,44,88,3.5820918083190918,-0.8538867214074185,6.7413789174976193,352.41907988404319,0,399.26186568616794,-309.09042379705863,448.47801396924268,5.6843418860808015e-14,0.00043326822924427688,0.00044172845082357526
2.123894723597914,0,0.0014305943623185158,42,44,89,3.0030601024627686,-0.63947987388751559,7.159268766327993,155.88296771866735,0,240.51339733570126,-38.446938946896957,364.46921499991214,0,0.00044172845082357526,0.00046639080392196774
2.123894723597914,0,0.0014305943623185158,42,44,90,3.8435003757476807,-1.182072783543141,6.3889377503517046,-389.64908934313053,0,-176.75242515244884,150.13346752694667,-411.06118200182414,0,0.00046639080392196774,0.00065331481164321303
2.123894723597914,0,0.0014305943623185158,42,44,91,4.6769466400146484,-1.7876353518578676,5.8244014506971924,-122.88787954343792,0,8.1661934952987743,-183.47603556825158,-294.16095551755137,5.6843418860808015e-14,0.00065331481164321303,0.00057003280380740762
2.123894723597914,0,0.0014305943623185158,42,44,92,3.7591803073883057,-1.0043949276376565,6.4844107340134585,414.92379152510046,0,412.77841583397839,-190.15364864926445,643.02857451619013,0,0.00057003280380740762,0.00068032962735742331
2.123894723597914,0,0.0014305943623185158,42,44,93,3.4913437366485596,-1.0298602489829691,6.5947044735038141,-71.123712232819841,0,-43.342155304803299,200.37138993899441,91.470366625892126,1.4210854715202004e-14,0.00068032962735742331,0.00058995111612603068
2.123894723597914,0,0.0014305943623185158,42,44,94,4.7031521797180176,-2.1973544501653226,5.822811048057762,-336.99714013966639,0,-358.13891512796459,204.69647266532081,-486.81412600441769,5.6843418860808015e-14,0.00058995111612603068,0.00049979169853031635
2.123894723597914,0,0.0014305943623185158,42,44,95,4.2228875160217285,-2.4741958311009324,6.1579823825312205,362.30534038066804,0,327.29503563921099,-286.47440089734386,406.80976167396551,1.1368683772161603e-13,0.00049979169853031635,0.00084337155567482114
2.123894723597914,0,0.0014305943623185158,42,44,96,2.9581356048583984,-1.5523872640192071,6.6140939750235823,267.01652833917825,0,320.64075453961328,-105.09907694150534,487.61991264829055,0,0.00084337155567482114,0.00083479215390980244
2.123894723597914,0,0.0014305943623185158,42,44,97,3.1056594848632812,-1.3501008079609971,5.910669889570201,14.551156866561769,0,-88.554535577040127,-69.447476025152184,-138.89028565402134,0,0.00083479215390980244,0.00084909627912566066
2.123894723597914,0,0.0014305943623185158,42,44,98,2.3278732299804688,0.093215952981891018,5.6001208263323283,147.64944479128488,0,307.88016058965331,-104.64177010576861,356.58117205448383,5.6843418860808015e-14,0.00084909627912566066,0.00068276521051302552
2.123894723597914,0,0.0014305943623185158,42,44,99,1.5890239477157593,0.60359523439071561,5.2576484826074532,50.55023764899039,0,42.393210289247563,-77.993314189477303,20.81137746575882,-3.5527136788005009e-15,0.00068276521051302552,0.00049724249402061105
2.123894723597914,0,0.0014305943623185158,42,44,100,1.8121280670166016,-0.12914160572727232,3.484197204719258,-17.327745983468407,0,-45.443950187782086,-76.758052430555779,-136.17469300281428,0,0.00049724249402061105,0.00058045616606250405
2.123894723597914,0,0.0014305943623185158,42,44,101,1.8489395380020142,0.0078876451820174484,1.165377705979276,7.3228256956465412,0,58.971666355269782,-82.638378375211332,-15.170620973133719,3.5527136788005009e-15,0.00058045616606250405,0.00049742992268875241
2.123894723597914,0,0.0014305943623185158,42,44,102,1.7076274156570435,0.25282635397428144,0.062238723635153953,22.305874203903549,0,59.728872480696104,-79.232575716641421,3.117236045567672,6.6613381477509392e-15,0.00049742992268875241,0.00036835548235103488
2.123894723597914,0,0.0014305943623185158,42,44,103,1.4363492727279663,0.1099863393131767,-0.00065934068223799614,18.094451558470897,0,61.570599099401143,-69.215656124091765,10.558721532411209,-3.5527136788005009e-15,0.00036835548235103488,0.00027392193442210555
2.123894723597914,0,0.0014305943623185158,42,44,104,1.1979116201400757,0.064762288647293623,-9.9368725335978049e-05,11.500333639522189,0,63.9012140572584,-60.438498029736557,15.02771258696599,7.1054273576010019e-15,0.00027392193442210555,0.00020142372522968799
2.123894723597914,0,0.0014305943623185158,42,44,105,1.0086504220962524,0.035556258826125856,-0.00039162969330868444,7.278744916472939,0,64.865408189239034,-53.377073854444632,18.802243880400159,3.5527136788005009e-15,0.00020142372522968799,0.00015064107719808817
2.123894723597914,0,0.0014305943623185158,42,44,106,0.86191374063491821,0.017738040559091953,-0.00098901104322405794,4.801055147195247,0,64.984609615718881,-47.634364935885877,22.168048856544118,-7.1054273576010019e-15,0.00015064107719808817,0.00011650193482637405
2.123894723597914,0,0.0014305943623185158,42,44,107,0.74246317148208618,0.0096723848168292579,-0.0010895487962601369,3.3307236755161975,0,65.21234642003165,-42.891056442693099,25.660596488875321,7.1054273576010019e-15,0.00011650193482637405,9.2184069217182696e-05
2.123894723597914,0,0.0014305943623185158,42,44,108,0.64443320035934448,0.0058366090932170109,-0.0011702128101891394,2.3640713526364685,0,65.438791632516086,-38.916495072876636,28.891034308558943,-7.1054273576010019e-15,9.2184069217182696e-05,7.4006638897117227e-05
2.123894723597914,0,0.0014305943623185158,42,44,109,0.56344151496887207,0.0036245701606584155,-0.0012497077666174454,1.7156505905582293,0,65.943179073608363,-35.54260723174243,32.118597294818201,-7.1054273576010019e-15,7.4006638897117227e-05,6.0161699366290122e-05
2.123894723597914,0,0.0014305943623185158,42,44,110,0.49583092331886292,0.0023068381239577836,-0.0011819033057278501,1.2714471622412504,0,66.593599719807898,-32.646441710083202,35.219730106784176,0,6.0161699366290122e-05,4.9494617996970192e-05
2.123894723597914,0,0.0014305943623185158,42,44,111,0.43882632255554199,0.0015161756336323122,-0.0011620294871525186,0.96177760533406598,0,67.392574258392585,-30.137191269516286,38.21751474035684,0,4.9494617996970192e-05,4.110222653253004e-05
2.123894723597914,0,0.0014305943623185158,42,44,112,0.39015668630599976,0.001019079844245475,-0.0011024083492995442,0.74216533026406672,0,68.427972597941917,-27.945901572109427,41.224153027591498,-7.1054273576010019e-15,4.110222653253004e-05,3.4437885915394872e-05
2.123894723597914,0,0.0014305943623185158,42,44,113,0.34827059507369995,0.00069013641912289096,-0.00096095406054861568,0.58084134447938884,0,69.563448472061182,-26.019679849279566,44.124339149619587,1.4210854715202004e-14,3.4437885915394872e-05,2.9085273126838729e-05
2.123894723597914,0,0.0014305943623185158,42,44,114,0.31187838315963745,0.0004828892494235767,-0.0008370353959033705,0.46101495421163746,0,70.818146604786577,-24.317445148035041,46.961362264816685,-7.1054273576010019e-15,2.9085273126838729e-05,2.4725202820263803e-05
2.123894723597914,0,0.0014305943623185158,42,44,115,0.27998551726341248,0.00033250384135558714,-0.0007283142403624155,0.37187428593004701,0,72.181025969198402,-22.806636855025978,49.745867589703458,0,2.4725202820263803e-05,2.1119763914612122e-05
2.123894723597914,0,0.0014305943623185158,42,44,116,0.25172820687294006,0.0002465317055934137,-0.00057984572580969018,0.30352407965944683,0,73.719415997380366,-21.46111065179166,52.561496111227932,-7.1054273576010019e-15,2.1119763914612122e-05,1.8130485841538757e-05
2.123894723597914,0,0.0014305943623185158,42,44,117,0.22656740248203278,0.00018915363870873936,-0.0003974749013439122,0.24833977718738953,0,75.302917994985961,-20.259701098048357,55.291348352862364,7.1054273576010019e-15,1.8130485841538757e-05,1.563755540701095e-05
2.123894723597914,0,0.0014305943623185158,42,44,118,0.20413863658905029,0.00014728912617886642,-0.0002618658206282115,0.2041444213193376,0,76.813924193194538,-19.185929981921621,57.832024055897804,0,1.563755540701095e-05,1.3486125681083649e-05
2.123894723597914,0,0.0014305943623185158,42,44,119,0.18404246866703033,0.0001247716967624943,-9.352350736721838e-05,0.16887563155520285,0,78.326430304494082,-18.226173092835115,60.26916409140356,-7.1054273576010019e-15,1.3486125681083649e-05,1.1648793588392437e-05
2.123894723597914,0,0.0014305943623185158,42,44,120,0.16602322459220886,9.2480595787952592e-05,0.00012625672997897887,0.13792950799074793,0,79.754076749459173,-17.369243578985333,62.522981415790362,7.1054273576010019e-15,1.1648793588392437e-05,1.013650035019964e-05
2.123894723597914,0,0.0014305943623185158,42,44,121,0.15006572008132935,8.3349305869840148e-05,0.00022913258808291911,0.11193101441387836,0,80.927581670072499,-16.606110713637037,64.433714452743303,1.4210854715202004e-14,1.013650035019964e-05,8.7839416664792225e-06
2.123894723597914,0,0.0014305943623185158,42,44,122,0.13585059344768524,7.5913719512468028e-05,0.00027823242696732581,0.0912967933498645,0,82.027976243564012,-15.93005613607024,66.18957104699011,-1.4210854715202004e-14,8.7839416664792225e-06,7.59747626943863e-06
2.123894723597914,0,0.0014305943623185158,42,44,123,0.12331922352313995,6.1042546797723801e-05,0.00037643210473613914,0.073209299721565618,0,82.929814613606368,-15.335090609984187,67.668370777995278,0,7.59747626943863e-06,6.5768153945100494e-06
2.123894723597914,0,0.0014305943623185158,42,44,124,0.11248264461755753,5.7540619200470318e-05,0.00043722237955806518,0.057751862034035789,0,83.547039266604997,-14.816881053116063,68.788404838521728,0,6.5768153945100494e-06,5.6800281527102925e-06
2.123894723597914,0,0.0014305943623185158,42,44,125,0.10320694744586945,5.2653758587555801e-05,0.00046294136643449697,0.044518253825136432,0,83.953369889374898,-14.371229792023769,69.627173946301284,0,5.6800281527102925e-06,4.9010686780093238e-06
2.123894723597914,0,0.0014305943623185158,42,44,126,0.095565997064113617,5.5523754620297067e-05,0.00046527940196763499,0.032867887212264392,0,84.024089750007974,-13.995001591704648,70.062476848672176,0,4.9010686780093238e-06,4.2202495933452155e-06
2.123894723597914,0,0.0014305943623185158,42,44,127,0.089536845684051514,6.3069821719314434e-05,0.00046294136643449697,0.021686243440321492,0,83.773265741763666,-13.685727845196469,70.109750151195669,0,4.2202495933452155e-06,3.6072492548555601e-06
2.123894723597914,0,0.0014305943623185158,42,44,128,0.085503384470939636,7.4017765882421197e-05,0.00046761751696902817,0.01004629289058121,0,82.840423959809627,-13.44598132009278,69.405030567890279,0,3.6072492548555601e-06,3.0254898319981294e-06
2.123894723597914,0,0.0014305943623185158,42,44,129,0.083654426038265228,9.8672990696156763e-05,0.00043254622902353393,-0.0019998841212976594,0,81.123700514748819,-13.277439002557795,67.84479284728944,0,3.0254898319981294e-06,1.8567423012427753e-06
2.123894723597914,0,0.0014305943623185158,42,44,130,0.084209732711315155,0.0002048817176181686,0.00074818805893774704,-0.022826802353249062,0,78.475812273898185,-13.17879888470004,65.275139656621462,1.4210854715202004e-14,1.8567423012427753e-06,9.4212953172245761e-07
2.123894723597914,0,0.0014305943623185158,42,44,131,0.089850202202796936,-8.1366274899273409e-05,0.0017114801550195007,-0.078224634119507405,0,72.09300502770347,-13.182257017659785,58.834153489804301,0,9.4212953172245761e-07,4.7996110197345843e-07
2.123894723597914,0,0.0014305943623185158,42,44,132,0.10746700316667557,2.2313891348011086e-06,0.0011643676816221668,-0.12894044550804024,0,56.678127374130014,-13.388245082153443,43.162108445539289,0,4.7996110197345843e-07,4.7996110197345843e-07
2.1253253179602325,8,0.0013853461714461446,44,44,0,0.009119831956923008,3.3613352164653659e-07,4.2258723148078667,-0.12037815357318757,0,-21.562377852229485,165.05291775241295,147.59602969168236,-4.7058693155577203e-06,0.00011468007869552821,0.00011468007869552821
2.1253253179602325,8,0.0013853461714461446,44,44,1,-0.072548463940620422,0.028100090142607167,8.8334551677293671,-1.1601043459291247,0,-97.258647938203197,63.654481630429089,-25.90271808489943,-2.689068164585251e-06,0.00011468007869552821,9.1586472990456969e-05
2.1253253179602325,8,0.0013853461714461446,44,44,2,-0.076463222503662109,0.1116696062943691,9.3922502567850028,0.35786119248576875,0,-96.304781675815519,56.641268137659786,-29.801732482590594,-7.1054273576010019e-15,9.1586472990456969e-05,0.00040614602039568126
2.1253253179602325,8,0.0013853461714461446,44,44,3,0.054754450917243958,-0.0055139342890897867,9.7352240955970455,1.8312661822030241,0,-29.662573204628927,55.945272756806638,37.843675895688691,0,0.00040614602039568126,0.00047302577877417207
2.1253253179602325,8,0.0013853461714461446,44,44,4,0.033469557762145996,0.18675107875751268,9.9240000426889576,1.5274498818616722,0,-30.155086796818125,58.820069490563597,40.303183697053612,0,0.00047302577877417207,0.00071227626176550984
2.1253253179602325,8,0.0013853461714461446,44,44,5,0.11218474060297012,0.11572808243472939,9.8476836156672842,-11.113386324222798,0,-119.1096286875843,75.077078525748632,-45.182530166092818,-5.3781363646976388e-06,0.00071227626176550984,0.00058536103460937738
2.1253253179602325,8,0.0013853461714461446,44,44,6,0.3703993558883667,-0.32270431518971415,9.7212987560622732,-20.742977099307204,0,-165.42576243275963,89.303599074052983,-87.466546017141297,0,0.00058536103460937738,0.00049510336248204112
2.1253253179602325,8,0.0013853461714461446,44,44,7,0.44962504506111145,-0.38279961072376856,9.7599245313017207,12.415836493898798,0,-54.955776341124434,61.475648008707203,28.31283308205952,0,0.00049510336248204112,0.00025597331114113331
2.1253253179602325,8,0.0013853461714461446,44,44,8,0.31168770790100098,-0.010860474084399599,9.8567867837005156,23.650096432505691,0,14.501327181193531,72.224821561419205,120.22217148473453,-1.4210854715202004e-14,0.00025597331114113331,0.00033731473376974463
2.1253253179602325,8,0.0013853461714461446,44,44,9,0.24827206134796143,0.31916348467268957,9.8672203682124238,-0.57543907651348525,0,-63.195102736269725,102.32932698589995,48.745169026001861,0,0.00033731473376974463,0.00063092418713495135
2.1253253179602325,8,0.0013853461714461446,44,44,10,0.46721833944320679,-0.1274692263458429,9.7044456935539589,-45.439250126449231,0,-227.78177909254538,121.05246968642859,-142.5915830653579,0,0.00063092418713495135,0.00048730202252045274
2.1253253179602325,8,0.0013853461714461446,44,44,11,0.86464709043502808,-0.62741338616455933,9.4357250942077222,-59.937522526198038,0,-260.9507466071733,89.05526900639687,-223.02468841893128,2.8421709430404007e-14,0.00048730202252045274,0.00070491281803697348
2.1253253179602325,8,0.0013853461714461446,44,44,12,0.99144530296325684,-0.76048931965146649,9.3389179677064753,25.808428598475317,0,-72.024905477152885,29.866684235245398,-7.7713639953771558,5.3290705182007514e-15,0.00070491281803697348,0.00061950698727741838
2.1253253179602325,8,0.0013853461714461446,44,44,13,0.79473257064819336,-0.21978426446380442,9.4328760264782456,52.441992387752201,0,31.932749094057133,58.119239165135092,151.70707240895888,0,0.00061950698727741838,0.00060604827012866735
2.1253253179602325,8,0.0013853461714461446,44,44,14,0.80428153276443481,-0.084608841000693019,9.4176545560840044,-35.801479205982034,0,-131.45679713661298,137.88689695230258,-20.038333675209135,-1.7763568394002505e-14,0.00060604827012866735,0.00055947189684957266
2.1253253179602325,8,0.0013853461714461446,44,44,15,1.2424188852310181,-0.77191651485336221,9.2035435531985499,-124.25310618886519,0,-269.10813171694565,162.92999523614768,-221.99961563131799,0,0.00055947189684957266,0.00057960557751357555
2.1253253179602325,8,0.0013853461714461446,44,44,16,1.4872421026229858,-1.2739352907676811,9.2062131256274675,25.50002474783053,0,-49.490299060515213,-34.501820289069784,-50.559816766894677,0,0.00057960557751357555,0.00075722538167610765
2.1253253179602325,8,0.0013853461714461446,44,44,17,1.0923733711242676,-0.56527507108593733,9.5021027252613504,134.47010239383368,0,105.29203473637426,-4.2980344676355102,244.40093031674786,2.8421709430404007e-14,0.00075722538167610765,0.00081034522736445069
2.1253253179602325,8,0.0013853461714461446,44,44,18,0.90328007936477661,-0.074832061390081861,9.6043303409326679,-20.818378570882956,0,-88.214601757827054,161.04226937858073,61.538787329413289,-2.1316282072803006e-14,0.00081034522736445069,0.00085236493032425642
2.1253253179602325,8,0.0013853461714461446,44,44,19,1.4131633043289185,-1.0418465226104836,9.3540359089760514,-202.21938947564263,0,-348.6841127247294,226.50124482848074,-316.09006798552576,-5.6843418860808015e-14,0.00085236493032425642,0.00078325840877369046
2.1253253179602325,8,0.0013853461714461446,44,44,20,1.8074082136154175,-1.925479030184202,9.3439512310596111,10.6839905401943,0,-147.45395613608804,-77.555565770279799,-206.90705916529811,2.8421709430404007e-14,0.00078325840877369046,0.00070351589238271117
2.1253253179602325,8,0.0013853461714461446,44,44,21,1.2901281118392944,-0.88720829597699435,9.7455581845865478,225.70463527286017,0,148.49946584181743,-91.881458143855568,291.18099285943157,0,0.00070351589238271117,0.0005991988000459969
2.1253253179602325,8,0.0013853461714461446,44,44,22,1.002782940864563,-0.35745984906092276,9.8714260708352661,11.080853977463759,0,32.429387716823982,82.65576003024529,135.67996794630739,0,0.0005991988000459969,0.00062032986897975206
2.1253253179602325,8,0.0013853461714461446,44,44,23,1.380684494972229,-0.91804182391763112,9.54646562744826,-157.09381377345761,0,-221.35910110501374,164.43957357093043,-205.38491750401028,2.8421709430404007e-14,0.00062032986897975206,0.00084220565622672439
2.1253253179602325,8,0.0013853461714461446,44,44,24,1.8138114213943481,-1.8728801844499086,9.1858548627554217,-135.66060665546053,0,-248.55044217104273,135.57145866738352,-241.32661548081421,0,0.00084220565622672439,0.00078866240801289678
2.1253253179602325,8,0.0013853461714461446,44,44,25,1.9284497499465942,-1.483726305632934,9.0934020098935857,72.488328729844696,0,27.937396139993897,-110.94260595747927,-2.9072053833800293,1.7763568394002505e-15,0.00078866240801289678,0.00057598581770434976
2.1253253179602325,8,0.0013853461714461446,44,44,26,1.6152575016021729,-0.75625202047759033,9.0958914147549006,157.38672859142491,0,137.14789799322406,-68.213958062133102,234.66030791679316,0,0.00057598581770434976,0.00051855010678991675
2.1253253179602325,8,0.0013853461714461446,44,44,27,1.6308532953262329,-1.0884043766937452,8.7220020314229387,-30.089855381073313,0,-32.16727886384853,35.206313125350157,-19.417223464842493,0,0.00051855010678991675,0.0009260486694984138
2.1253253179602325,8,0.0013853461714461446,44,44,28,1.890554666519165,-0.59226659287415417,8.3207775978436356,-20.909333612772333,0,-77.929281708714583,30.633262277507971,-60.476842039009469,0,0.0009260486694984138,0.00060193083481863141
2.1253253179602325,8,0.0013853461714461446,44,44,29,1.709284782409668,-0.80887103422318241,7.8894241721850689,3.5999953949707533,0,16.549773265334643,34.102289296172543,61.33261109443982,-7.1054273576010019e-15,0.00060193083481863141,0.0006271671736612916
2.1253253179602325,8,0.0013853461714461446,44,44,30,1.983212947845459,-0.20582531157686706,6.9703161327367749,-40.429387044556933,0,-145.2788656972632,39.331386728087224,-139.61237519257298,0,0.0006271671736612916,0.00040719291428104043
2.1253253179602325,8,0.0013853461714461446,44,44,31,1.9267007112503052,0.31500383234231366,5.6257286009206862,55.887785857400566,0,77.173416914053931,1.3215586881145625,140.32349389283206,2.8421709430404007e-14,0.00040719291428104043,0.00017463765107095242
2.1253253179602325,8,0.0013853461714461446,44,44,32,1.6810564994812012,0.50951623411464486,4.6075438614329896,46.186660490773427,0,84.432868379440634,24.83804070123167,160.57462966699336,-2.8421709430404007e-14,0.00017463765107095242,0.0004782245378009975
2.1253253179602325,8,0.0013853461714461446,44,44,33,1.8277045488357544,0.7678704756533028,3.9965559759372096,-82.324983132399723,0,-135.70896685748687,89.553370482249917,-123.71615305604615,1.4210854715202004e-14,0.0004782245378009975,0.00036444410216063261
2.1253253179602325,8,0.0013853461714461446,44,44,34,2.527925968170166,0.22805214069574428,3.5073862400213511,-111.08854706537369,0,-248.97862787439328,60.621664494543836,-295.71007206450605,0,0.00036444410216063261,0.00032166051096282899
2.1253253179602325,8,0.0013853461714461446,44,44,35,2.4087762832641602,0.25405408539623375,3.9880477642372925,66.29030625377257,0,81.832690043800724,18.849120166305422,171.21421831351225,0,0.00032166051096282899,0.00044188858009874821
2.1253253179602325,8,0.0013853461714461446,44,44,36,1.9794543981552124,0.56098197374746772,4.7723222280139899,84.382873223965007,0,7.4691557578033603,55.154552260485325,152.33988544401515,0,0.00044188858009874821,0.00051975192036479712
2.1253253179602325,8,0.0013853461714461446,44,44,37,2.179987907409668,0.31866163732487129,5.0130076109872972,39.63075530967015,0,-190.93691992282712,64.537636156135022,-81.436859208709762,2.8421709430404007e-14,0.00051975192036479712,0.00035170573391951621
2.1253253179602325,8,0.0013853461714461446,44,44,38,2.2183754444122314,0.49388535309103765,5.3532244826547961,72.784341354347504,0,4.2233429100574762,3.5079217007213339,86.362715800872152,-1.4210854715202004e-14,0.00035170573391951621,0.00049667735584080219
2.1253253179602325,8,0.0013853461714461446,44,44,39,2.0751605033874512,0.54417260859696781,5.8015119790003942,29.85889669381589,0,61.409195756011769,49.599324640528309,147.21310167795332,0,0.00049667735584080219,0.00032685117912478745
2.1253253179602325,8,0.0013853461714461446,44,44,40,2.1994035243988037,0.62555658459098396,5.8314769379210967,-122.36766066110908,0,-118.98890028288157,84.277031500668954,-150.62249592080963,0,0.00032685117912478745,0.00052665418479591608
2.1253253179602325,8,0.0013853461714461446,44,44,41,2.860260009765625,-0.23470926509195394,5.5632807068686283,-179.68947279389897,0,-282.11913429147631,137.16398937717233,-319.31604626642633,-5.6843418860808015e-14,0.00052665418479591608,0.00020421358931344002
2.1253253179602325,8,0.0013853461714461446,44,44,42,2.8948826789855957,-0.12202520782925561,5.8891083747414816,80.705776866333053,0,109.65942565033222,-54.567690022372204,141.56459566120532,2.8421709430404007e-14,0.00020421358931344002,0.00032868987182155252
2.1253253179602325,8,0.0013853461714461446,44,44,43,2.3374795913696289,0.14806143814895303,6.5702204355231624,125.54308446035402,0,186.17077246760576,-33.032083188340735,285.40005561329116,-5.6843418860808015e-14,0.00032868987182155252,0.00029088906012475491
2.1253253179602325,8,0.0013853461714461446,44,44,44,2.463374137878418,0.29439649453072947,6.4342114009263671,-148.06723577993438,0,-176.41560758697057,151.98131433753167,-165.77292113391618,-2.8421709430404007e-14,0.00029088906012475491,0.00035610262420959771
2.1253253179602325,8,0.0013853461714461446,44,44,45,3.139024019241333,-0.13628668088567486,6.0178165892481141,-178.78284808117758,0,-275.80167416342459,155.50128306366881,-293.20170927257095,0,0.00035610262420959771,0.00033009386970661581
2.1253253179602325,8,0.0013853461714461446,44,44,46,3.0283880233764648,-0.29664858912576125,6.381429026289255,141.10715289613063,0,160.08689723801606,-77.193380556171562,230.0854500151386,-2.8421709430404007e-14,0.00033009386970661581,0.00020027616119477898
2.1253253179602325,8,0.0013853461714461446,44,44,47,2.4720242023468018,-0.021452713618525261,7.0352309107041968,174.58325502122557,0,138.34545836973729,-28.504466836352471,291.43802475169605,0,0.00020027616119477898,0.00046261239913292229
2.1253253179602325,8,0.0013853461714461446,44,44,48,2.4113657474517822,0.1211714286842734,7.0958572972024534,-60.792904355811451,0,-116.15535385490108,152.19334198484995,-17.537887499975842,1.0658141036401503e-14,0.00046261239913292229,0.00042112366645596921
2.1253253179602325,8,0.0013853461714461446,44,44,49,2.7459175586700439,-0.0020208347321389779,6.9137435165095757,-177.99411211716807,0,-141.64840853802676,111.94354166917016,-200.78725630424722,2.8421709430404007e-14,0.00042112366645596921,0.00081670313375070691
2.1253253179602325,8,0.0013853461714461446,44,44,50,3.0034520626068115,-0.65498036854183517,6.7894978106363233,-197.53249423762102,0,-134.80982851055958,25.56241112944813,-300.64539417663798,0,0.00081670313375070691,0.00055351469200104475
2.1253253179602325,8,0.0013853461714461446,44,44,51,3.2132766246795654,-0.63037337795617876,6.7736679385679013,-41.474294399015534,0,-50.357770940635206,-44.32496481312279,-130.01373559216179,2.8421709430404007e-14,0.00055351469200104475,0.00034247137955389917
2.1253253179602325,8,0.0013853461714461446,44,44,52,2.6967194080352783,-0.25431929474481291,7.1920291313477867,195.79307586794087,0,153.95048669192767,9.3743067771324675,366.05557917360397,0,0.00034247137955389917,0.00037309274193830788
2.1253253179602325,8,0.0013853461714461446,44,44,53,2.3138649463653564,-0.057343034258812563,7.5459461330905553,75.717275742008439,0,-30.30962754473034,98.047986253483501,150.94423754959334,0,0.00037309274193830788,0.00050021690549328923
2.1253253179602325,8,0.0013853461714461446,44,44,54,2.7845523357391357,-0.5442438689035568,7.1597818258151049,-192.37550685783813,0,-227.45833797267622,86.506247503683397,-326.71205936991942,0,0.00050021690549328923,0.00062173366313800216
2.1253253179602325,8,0.0013853461714461446,44,44,55,3.2229924201965332,-0.77918909972770667,6.7567510106904747,-63.620685421628664,0,-33.401410567516912,-70.055001696213779,-161.0995357743966,0,0.00062173366313800216,0.00038446308462880552
2.1253253179602325,8,0.0013853461714461446,44,44,56,2.6846907138824463,-0.2352860702150994,7.0341109138100713,181.27985224914923,0,121.77770061646048,-4.0584707622239371,305.79790694698073,-5.6843418860808015e-14,0.00038446308462880552,0.00046777457464486361
2.1253253179602325,8,0.0013853461714461446,44,44,57,2.6021106243133545,-0.34130191067537374,7.001758062351592,-25.534875071354843,0,-156.75727151344876,100.91208049591123,-74.719609937216134,1.4210854715202004e-14,0.00046777457464486361,0.0003245457774028182
2.1253253179602325,8,0.0013853461714461446,44,44,58,3.215278148651123,-0.85288906341688298,6.4888317536598432,-73.571012114000027,0,-175.18044328112367,-41.362945464100811,-284.47845816898155,0,0.0003245457774028182,0.00029682094464078546
2.1253253179602325,8,0.0013853461714461446,44,44,59,2.8171181678771973,-0.56652817685463563,6.4339458554442661,183.23456817304626,0,238.55364838063895,-70.116441525834418,357.53919270644042,5.6843418860808015e-14,0.00029682094464078546,0.00031407820642925799
2.1253253179602325,8,0.0013853461714461446,44,44,60,2.3984730243682861,-0.45627974308978808,6.1815425217728386,6.0369365362264125,0,110.44540800853241,84.420046902390936,206.62765422583283,0,0.00031407820642925799,0.00073470169445499778
2.1253253179602325,8,0.0013853461714461446,44,44,61,3.0935001373291016,-1.0053111617421566,5.3205556656859692,-138.07835860623243,0,-231.35796009977452,82.474624398100403,-282.64644980396275,0,0.00073470169445499778,0.00092567416140809655
2.1253253179602325,8,0.0013853461714461446,44,44,62,3.0160255432128906,-0.67519039653083313,5.0988581292169526,38.821195201727591,0,165.96980394928318,-15.054307160324681,194.16035972337221,0,0.00092567416140809655,0.00059331039665266871
2.1253253179602325,8,0.0013853461714461446,44,44,63,3.0345180034637451,-0.50108096338892505,4.506889014509456,-35.763660151194536,0,-118.95095215282176,11.884390572698411,-138.82441368019735,0,0.00059331039665266871,0.00049452373059466481
2.1253253179602325,8,0.0013853461714461446,44,44,64,3.4423894882202148,-0.41492725272274456,3.8254401479390854,53.069212161008295,0,123.73241654035749,-39.689269433118376,140.52287216346375,0,0.00049452373059466481,0.00057015940546989441
2.1253253179602325,8,0.0013853461714461446,44,44,65,2.5094590187072754,0.30706973669736881,3.6524433167538275,64.146107830121139,0,250.77019265408759,-5.7376540048250284,313.13815953283489,-5.6843418860808015e-14,0.00057015940546989441,0.00043088290840387344
2.1253253179602325,8,0.0013853461714461446,44,44,66,3.0979254245758057,0.14552547879489075,2.317230716923222,-231.03406721645226,0,-409.92447802455672,64.324920107364406,-574.17086893792646,0,0.00043088290840387344,0.00040303118294104934
2.1253253179602325,8,0.0013853461714461446,44,44,67,4.2678284645080566,-0.57326958673139816,1.2317255758870584,-99.733881410244834,0,-282.48828957028945,-93.069294849854614,-474.63300984123322,0,0.00040303118294104934,0.00017229247896466404
2.1253253179602325,8,0.0013853461714461446,44,44,68,3.5333912372589111,-0.28259266171782887,1.744068945018892,227.72044682565166,0,496.55584249220152,-126.82213435878707,598.91563124236711,-1.1368683772161603e-13,0.00017229247896466404,0.00044924404937773943
2.1253253179602325,8,0.0013853461714461446,44,44,69,2.5776762962341309,0.67607005795698216,2.3582314435598626,101.60306345368959,0,351.85540611526034,24.446684475580867,480.93945554604767,0,0.00044924404937773943,0.00033400513348169625
2.1253253179602325,8,0.0013853461714461446,44,44,70,2.9052548408508301,0.68740229543901266,1.9255975172505824,-174.82522813172031,0,-371.32907849919405,128.32147272196639,-415.21983409625841,-1.1368683772161603e-13,0.00033400513348169625,0.00066412927117198706
2.1253253179602325,8,0.0013853461714461446,44,44,71,4.1072101593017578,-0.62582532334154028,1.2825603088663704,-197.60907889919298,0,-561.53267877492442,50.103406603998494,-708.38161608459404,1.1368683772161603e-13,0.00066412927117198706,0.00048756037722341716
2.1253253179602325,8,0.0013853461714461446,44,44,72,4.0240373611450195,-0.54200891711812904,1.758758484115128,168.31415509520016,0,283.35636380168023,-201.01666608823689,251.87060237564046,-2.8421709430404007e-14,0.00048756037722341716,0.000639174017123878
2.1253253179602325,8,0.0013853461714461446,44,44,73,2.9517812728881836,0.46624778267421613,2.880243777475239,235.99606488486208,0,533.91057050009863,-138.50998631684467,634.74314062826545,0,0.000639174017123878,0.00043550806003622711
2.1253253179602325,8,0.0013853461714461446,44,44,74,2.5247251987457275,0.8221634343366947,3.4034167804408608,33.887421992863381,0,81.349948525352829,101.14682539115648,220.60977612415024,0,0.00043550806003622711,0.00039944812306202948
2.1253253179602325,8,0.0013853461714461446,44,44,75,2.993664026260376,0.98665944875951184,3.4024161109469193,-161.02484421681856,0,-278.14051809772292,78.58636089496558,-356.18992585986945,0,0.00039944812306202948,0.00067124830093234777
2.1253253179602325,8,0.0013853461714461446,44,44,76,3.7490665912628174,-0.15406175764386534,3.2814695555886275,-233.81710218786787,0,-236.21721385142376,-89.256583406113251,-556.16349164746009,0,0.00067124830093234777,0.00061739503871649504
2.1253253179602325,8,0.0013853461714461446,44,44,77,3.7974953651428223,-0.39222445853721583,3.6020683303987475,-26.892058534627594,0,153.82863963486489,-149.58946349140376,-19.443038519304945,-1.0658141036401503e-14,0.00061739503871649504,0.00062193191843107343
2.1253253179602325,8,0.0013853461714461446,44,44,78,3.2211496829986572,-0.17099952579963434,4.4370233259017011,159.9010288458864,0,228.84236909258991,-2.136281806949611,390.87313993162877,5.6843418860808015e-14,0.00062193191843107343,0.00040930532850325108
2.1253253179602325,8,0.0013853461714461446,44,44,79,2.9487996101379395,0.27908460421916476,5.1730548982511229,111.81567109939947,0,-5.278490236119513,16.950164760047304,128.93948512579755,0,0.00040930532850325108,0.00051652058027684689
2.1253253179602325,8,0.0013853461714461446,44,44,80,3.2176322937011719,0.13614785774123483,5.2696966470597184,-81.627546411005753,0,-54.765089138828436,-42.205548841755309,-173.19233988678855,0,0.00051652058027684689,0.00040811445796862245
2.1253253179602325,8,0.0013853461714461446,44,44,81,3.5399367809295654,-0.031077897010873837,5.0304213442097181,-136.48109513645886,0,28.47262826918211,-91.00581149648913,-194.01493491656703,0,0.00040811445796862245,0.00051867484580725431
2.1253253179602325,8,0.0013853461714461446,44,44,82,3.4028224945068359,-0.03655687341371238,5.420200431376955,77.304729491086292,0,61.066371832750377,8.3499654160622914,152.1047102978622,-2.8421709430404007e-14,0.00051867484580725431,0.00059488898841664195
2.1253253179602325,8,0.0013853461714461446,44,44,83,3.0856263637542725,-0.31442198521634351,5.9491599729177222,-3.4149875046564997,0,1.04964011444338,56.786235802875503,60.055626400363764,0,0.00059488898841664195,0.00029526199796237051
2.1253253179602325,8,0.0013853461714461446,44,44,84,3.7695968151092529,-0.38952967609417555,5.7924484747227174,-174.64039234176914,0,-122.64852845366059,-64.863766344177364,-356.74976834097856,-5.6843418860808015e-14,0.00029526199796237051,0.00036442084820009768
2.1253253179602325,8,0.0013853461714461446,44,44,85,3.5486962795257568,-0.25604029837564318,6.0219187627462878,135.72385353889354,0,281.65257020715825,-190.42922385173219,232.71307835869027,2.8421709430404007e-14,0.00036442084820009768,0.00026562629500404
2.1253253179602325,8,0.0013853461714461446,44,44,86,2.8633532524108887,-0.031915877880338651,6.6173362712523573,68.958550283011817,0,159.94250503338941,-6.825844600599007,228.66063110917423,0,0.00026562629500404,0.00023263850016519427
2.1253253179602325,8,0.0013853461714461446,44,44,87,3.6164839267730713,-0.41060793696958653,6.2122832768615011,-339.20878303446722,0,-332.33526663329422,140.55040822155703,-525.19196610631252,0,0.00023263850016519427,0.00029014659230597317
2.1253253179602325,8,0.0013853461714461446,44,44,88,4.0775699615478516,-0.67774131382660874,6.0693014884916705,-32.296698336886962,0,145.92699566463386,-304.49786080425156,-185.4760033018396,0,0.00029014659230597317,0.00057891051983460784
2.1253253179602325,8,0.0013853461714461446,44,44,89,3.3167724609375,-0.56932615228882133,6.8860978788882354,322.82173066242757,0,379.57595579776961,-261.21737309467966,447.49708509211695,0,0.00057891051983460784,0.00032741855829954147
2.1253253179602325,8,0.0013853461714461446,44,44,90,3.3189208507537842,-0.37621946090401598,6.864403149134124,-167.67790005288219,0,-140.06955980710305,121.84275455370586,-179.4165216180493,-2.8421709430404007e-14,0.00032741855829954147,0.0004075750766787678
2.1253253179602325,8,0.0013853461714461446,44,44,91,4.4716501235961914,-0.9906863283488373,6.078317261809274,-339.66691420099426,0,-293.39566638176552,80.286540381862807,-547.68840926743644,1.1368683772161603e-13,0.0004075750766787678,0.00053277733968570828
2.1253253179602325,8,0.0013853461714461446,44,44,92,4.0440235137939453,-0.79521325697164036,6.4549057973200581,324.19818936636563,0,456.69825890398789,-421.9807968599751,364.57534395072685,5.6843418860808015e-14,0.00053277733968570828,0.0003406026226002723
2.1253253179602325,8,0.0013853461714461446,44,44,93,3.0129168033599854,-0.31396954949620726,7.1785367317888946,211.32995244635035,0,233.27412554234093,-56.459589313743919,395.00905585724007,5.6843418860808015e-14,0.0003406026226002723,0.0003000035067088902
2.1253253179602325,8,0.0013853461714461446,44,44,94,3.8441522121429443,-0.764149141435154,6.4947470313737785,-418.42331025468587,0,-439.87097380318187,224.67013999036809,-627.89354617756101,0,0.0003000035067088902,0.00040218490175902843
2.1253253179602325,8,0.0013853461714461446,44,44,95,4.5398821830749512,-1.88215276377805,6.1202963050606662,-28.940397056041778,0,-145.77004013350216,-267.44155482594039,-437.9138484742017,0,0.00040218490175902843,0.0006410355563275516
2.1253253179602325,8,0.0013853461714461446,44,44,96,3.4279437065124512,-1.1568283886271575,6.766956024407663,462.73588384166663,0,364.90233464058463,-283.81311816530257,549.43522795272918,-1.1368683772161603e-13,0.0006410355563275516,0.00067705608671531081
2.1253253179602325,8,0.0013853461714461446,44,44,97,2.8797361850738525,-1.2388113545567478,6.5123106801468538,53.429934522030315,0,115.52598282710645,-41.383941708396947,132.84547496632993,0,0.00067705608671531081,0.0007659943075850606
2.1253253179602325,8,0.0013853461714461446,44,44,98,3.0141971111297607,-0.66543008746278265,5.8795547877892442,57.760495958288516,0,38.676286696011687,-71.211344035768647,30.439563318858024,3.5527136788005009e-15,0.0007659943075850606,0.00071194418705999851
2.1253253179602325,8,0.0013853461714461446,44,44,99,1.9236911535263062,0.090350673817459162,5.7164876769669464,128.11693144044222,0,284.05285397107724,-82.468084584303256,335.5085391780006,0,0.00071194418705999851,0.00058868294581770897
2.1253253179602325,8,0.0013853461714461446,44,44,100,1.7830067873001099,0.12863258446426157,4.8387862453826811,-16.034504778264061,0,-46.445155236124137,-57.215368058223035,-114.72760924276429,0,0.00058868294581770897,0.00050639675464481115
2.1253253179602325,8,0.0013853461714461446,44,44,101,1.9602737426757812,-0.53356104138534743,2.4786393449497157,-3.8349123905790847,0,66.380658944391158,-63.554254681478618,0.93657017589783154,1.1102230246251565e-14,0.00050639675464481115,0.00060152768855914474
2.1253253179602325,8,0.0013853461714461446,44,44,102,1.8498333692550659,0.25604042442571379,0.44630115731611836,21.125147468078449,0,84.663568916153423,-71.480422953448951,35.010635012524759,0,0.00060152768855914474,0.00042680060141719878
2.1253253179602325,8,0.0013853461714461446,44,44,103,1.5551397800445557,0.19593197241553867,0.0038765491238553708,21.437853827800311,0,85.24010513248156,-68.892033492680227,37.985733989141039,0,0.00042680060141719878,0.00030268440605141222
2.1253253179602325,8,0.0013853461714461446,44,44,104,1.2822550535202026,0.084133525387335054,-0.0016974514705652497,12.937644794766536,0,83.026722362870757,-63.418123294279937,32.628679937274121,-7.1054273576010019e-15,0.00030268440605141222,0.00021854109945707023
2.1253253179602325,8,0.0013853461714461446,44,44,105,1.0750329494476318,0.04246310572205976,-0.0032242229391296648,7.8522511660261785,0,78.556157281244509,-58.408281724933033,28.03936560512059,1.0658141036401503e-14,0.00021854109945707023,0.00016101403161883354
2.1253253179602325,8,0.0013853461714461446,44,44,106,0.91852176189422607,0.02042037470085167,-0.0041138652987348862,4.9692689087500854,0,74.002295623886084,-53.892368197634411,25.095502844403878,-3.5527136788005009e-15,0.00016101403161883354,0.00012352000339888036
2.1253253179602325,8,0.0013853461714461446,44,44,107,0.79533416032791138,0.010881161723984295,-0.004470423199141549,3.321063731503938,0,70.160068967875972,-49.840179098663,23.647364339241747,0,0.00012352000339888036,9.7261028713546693e-05
2.1253253179602325,8,0.0013853461714461446,44,44,108,0.69690537452697754,0.0063244470755879417,-0.0047755438078407007,2.2868265995564885,0,67.206783712280455,-46.209678914335782,23.285480300768914,3.5527136788005009e-15,9.7261028713546693e-05,7.8011267760302871e-05
2.1253253179602325,8,0.0013853461714461446,44,44,109,0.61728614568710327,0.0038016231893012397,-0.0048772504585701572,1.6209272696974875,0,65.04868818431008,-42.956723901521954,23.711815925216342,0,7.8011267760302871e-05,6.3554289226885885e-05
2.1253253179602325,8,0.0013853461714461446,44,44,110,0.55195283889770508,0.0023712742802898109,-0.0048667295449936988,1.1781990856664011,0,63.558944416372626,-40.038848295630778,24.695799751143547,0,6.3554289226885885e-05,5.2495444833766669e-05
2.1253253179602325,8,0.0013853461714461446,44,44,111,0.49776032567024231,0.0015287776013940466,-0.0048632221361276894,0.87330177991943381,0,62.611123179238241,-37.417458590240884,26.063631924382058,0,5.2495444833766669e-05,4.3884985643671826e-05
2.1253253179602325,8,0.0013853461714461446,44,44,112,0.4524003267288208,0.00099891792316878446,-0.0048281510017661299,0.66120959496498877,0,62.221767620308277,-35.058457400916453,27.820690581278221,7.1054273576010019e-15,4.3884985643671826e-05,3.7058245652588084e-05
2.1253253179602325,8,0.0013853461714461446,44,44,113,0.4139331579208374,0.00066244137463736447,-0.0047498249978592498,0.51122412853813093,0,62.299686059694118,-32.931727164117952,29.875095640491082,7.1054273576010019e-15,3.7058245652588084e-05,3.1565821700496599e-05
2.1253253179602325,8,0.0013853461714461446,44,44,114,0.38103660941123962,0.00045901724075050882,-0.0046539635908992858,0.40189737288963823,0,62.75575202186414,-31.011710975927546,32.141743472476087,7.1054273576010019e-15,3.1565821700496599e-05,2.7093807148048654e-05
2.1253253179602325,8,0.0013853461714461446,44,44,115,0.35270825028419495,0.00033159112352881712,-0.0045265374736775943,0.32103171478600101,0,63.584028044291976,-29.276250914598304,34.624613898129525,0,2.7093807148048654e-05,2.3415403120452538e-05
2.1253253179602325,8,0.0013853461714461446,44,44,116,0.32811746001243591,0.00022076159893842312,-0.0044587330398579567,0.26015121134538033,0,64.758290334152861,-27.706351402554933,37.307852171502383,-7.1054273576010019e-15,2.3415403120452538e-05,2.0361447241157293e-05
2.1253253179602325,8,0.0013853461714461446,44,44,117,0.30660232901573181,0.00014150696052691618,-0.0043149407652903144,0.21525452912609569,0,66.285702569060106,-26.285727442940704,40.211056221440728,-7.1054273576010019e-15,2.0361447241157293e-05,1.7761261915438809e-05
2.1253253179602325,8,0.0013853461714461446,44,44,118,0.28758922219276428,9.7344793077464576e-05,-0.0039911155078309448,0.18156588305259322,0,68.029810673634273,-25.000933694889753,43.206549091082351,-1.4210854715202004e-14,1.7761261915438809e-05,1.5558318409603089e-05
2.1253253179602325,8,0.0013853461714461446,44,44,119,0.27069607377052307,7.8661480917741988e-05,-0.0037573067418174388,0.15338444859774758,0,69.862378364833106,-23.840912710073997,46.171171458095955,0,1.5558318409603089e-05,1.3684460100193974e-05
2.1253253179602325,8,0.0013853461714461446,44,44,120,0.25570940971374512,6.2786065383180036e-05,-0.003504793327043715,0.13079627594310034,0,71.82589291979275,-22.796220481069255,49.157026707404931,-7.1054273576010019e-15,1.3684460100193974e-05,1.2019257155770902e-05
2.1253253179602325,8,0.0013853461714461446,44,44,121,0.24232374131679535,5.2531695185215033e-05,-0.0031610945033723856,0.11249985609283604,0,73.766700983098119,-21.858725265719851,52.017367010662909,0,1.2019257155770902e-05,1.0564403964963276e-05
2.1253253179602325,8,0.0013853461714461446,44,44,122,0.23042543232440948,4.5549702992420272e-05,-0.0028314243303989156,0.096483766053421863,0,75.642605696975792,-21.022683214407891,54.713620373993919,0,1.0564403964963276e-05,9.2631553343380801e-06
2.1253253179602325,8,0.0013853461714461446,44,44,123,0.21986010670661926,2.8750576784114801e-05,-0.0024596682053318678,0.083199769277950739,0,77.378549790576216,-20.283124929149356,57.176193713076259,-1.4210854715202004e-14,9.2631553343380801e-06,8.0804438766790554e-06
2.1253253179602325,8,0.0013853461714461446,44,44,124,0.21050384640693665,2.2013955497014169e-05,-0.002011924403644511,0.072142320949866279,0,78.927872552958462,-19.636113614138718,59.361911349321467,7.1054273576010019e-15,8.0804438766790554e-06,6.9909151534375269e-06
2.1253253179602325,8,0.0013853461714461446,44,44,125,0.20226858556270599,2.2766645111404314e-05,-0.0014963760040098209,0.062063693436816517,0,80.207481777571545,-19.077690961025066,61.19038090062439,0,6.9909151534375269e-06,6.0188249335624278e-06
2.1253253179602325,8,0.0013853461714461446,44,44,126,0.19513837993144989,2.0476735495187281e-05,-0.0010100538232225911,0.05229699783185475,0,81.116720264557244,-18.605124876544458,62.562902808756917,7.1054273576010019e-15,6.0188249335624278e-06,5.1335928219486959e-06
2.1253253179602325,8,0.0013853461714461446,44,44,127,0.18907113373279572,6.976822170367091e-06,-0.00038344636641448812,0.043670467132318036,0,81.641744690960095,-18.216092005795279,63.468946682752893,-7.1054273576010019e-15,5.1335928219486959e-06,4.3332356653991155e-06
2.1253253179602325,8,0.0013853461714461446,44,44,128,0.18394578993320465,1.5939671527591561e-05,0.00039279869079459696,0.035495699885874268,0,81.35617640724189,-17.915153008399219,63.476927837090869,0,4.3332356653991155e-06,3.5936461699748179e-06
2.1253253179602325,8,0.0013853461714461446,44,44,129,0.17984771728515625,1.9966954871049517e-06,0.0012672434822502173,0.027471520457128144,0,80.20046868777591,-17.705427203437168,62.523782244973603,0,3.5936461699748179e-06,2.9093969260429731e-06
2.1253253179602325,8,0.0013853461714461446,44,44,130,0.17671509087085724,-3.8940608925202141e-05,0.0034486790525076697,0.028654710453323955,0,77.889763162841646,-17.586097114184472,60.335730497554081,0,2.9093969260429731e-06,2.2362416984833544e-06
2.1253253179602325,8,0.0013853461714461446,44,44,131,0.17314210534095764,4.4164136981805008e-05,0.0090986676518039905,0.043186434861147024,0,72.339709310049813,-17.603414713219703,54.788623863480041,0,2.2362416984833544e-06,1.2851129440605291e-06
2.1253253179602325,8,0.0013853461714461446,44,44,132,0.1684606522321701,-1.2211100591065589e-06,0.0065302786345214333,0.052253972741083995,0,58.393750000525209,-17.895006509645814,40.557526521144943,7.1054273576010019e-15,1.2851129440605291e-06,1.2851129440605291e-06
2.1267106641316786,0,0.0014874371699988842,43,44,0,0.0091189900413155556,0,4.228783184268468,-1.1162900051248386,0,-30.168359553910516,130.10941232785066,103.05354031795287,-5.6351309183355625e-06,0.00018328790611121804,0.00018328790611121804
2.1267106641316786,0,0.0014874371699988842,43,44,1,-0.15812578797340393,0.087859204375866987,8.7909131635718847,-0.33440119064054846,0,-7.9627254874153435,47.998928072876019,48.580573762767877,0,0.00018328790611121804,0.00034180909278802574
2.1267106641316786,0,0.0014874371699988842,43,44,2,-0.064385659992694855,0.067788120330080928,9.3862184107866415,2.4010065596054408,0,-23.966842889732696,39.837527905637856,27.72569810662732,-3.5527136788005009e-15,0.00034180909278802574,0.0003190030693076551
2.1267106641316786,0,0.0014874371699988842,43,44,3,0.13618089258670807,-0.14444217995665332,9.7533572075046173,-0.73926906716982121,0,-50.713854000645533,40.254620259485257,-1.5895877807821375,-5.3290705182007514e-15,0.0003190030693076551,0.00033735934994183481
2.1267106641316786,0,0.0014874371699988842,43,44,4,0.06155380979180336,0.023367635627426431,9.8948309257236531,4.7664191278883568,0,24.466105470240716,46.774361531841464,85.925084691321615,0,0.00033735934994183481,4.3980064219795167e-05
2.1267106641316786,0,0.0014874371699988842,43,44,5,-0.01302903238683939,0.38019351665666429,9.8625240940979211,-0.33359951500306645,0,17.004594823130461,55.736573909281283,82.650285341114824,-1.4870484363882497e-06,4.3980064219795167e-05,0.00040835171239450574
2.1267106641316786,0,0.0014874371699988842,43,44,6,0.18139176070690155,0.20174707841942091,9.7205413357201245,-17.838700638992538,0,-88.516766549362032,66.890135922488142,-29.54304285172687,1.0658141036401503e-14,0.00040835171239450574,0.00065894029103219509
2.1267106641316786,0,0.0014874371699988842,43,44,7,0.46396923065185547,-0.52767678892709302,9.6264546855643918,-27.738789141854088,0,-102.72874702551181,62.482812381133961,-58.885945889594637,-7.1054273576010019e-15,0.00065894029103219509,0.0002609447983559221
2.1267106641316786,0,0.0014874371699988842,43,44,8,0.51442867517471313,-0.34441732276808901,9.6349199044407019,13.048939546628674,0,-6.547531233495719,43.60218855961984,59.394099454425408,0,0.0002609447983559221,0.00045417743967846036
2.1267106641316786,0,0.0014874371699988842,43,44,9,0.37606111168861389,0.011372320299588604,9.6552865197963715,25.4767223699357,0,63.294892348650556,54.378081594817182,152.81635515349939,-2.8421709430404007e-14,0.00045417743967846036,0.00028261775150895119
2.1267106641316786,0,0.0014874371699988842,43,44,10,0.35630729794502258,0.33686624735031451,9.4421545985642314,-16.017736887598236,0,-4.1221508543328049,99.413546917317291,89.052680021300802,0,0.00028261775150895119,0.00071578618371859193
2.1267106641316786,0,0.0014874371699988842,43,44,11,0.73965626955032349,-0.21691747695153193,9.0260346178614235,-81.12837360417025,0,-149.07657172410273,137.99044093960174,-83.405387247761368,-1.4210854715202004e-14,0.00071578618371859193,0.00082789891166612506
2.1267106641316786,0,0.0014874371699988842,43,44,12,1.2031989097595215,-1.1990456592743142,8.789972722835774,-41.367330704231705,0,-153.47067149159096,45.347606493799631,-141.89946863846157,2.8421709430404007e-14,0.00082789891166612506,0.00038202307769097388
2.1267106641316786,0,0.0014874371699988842,43,44,13,1.1748589277267456,-0.52793475269758416,8.9150131470734735,90.43754975742327,0,53.216954105302442,18.987415813492195,171.02899807059379,0,0.00038202307769097388,0.00053134252084419131
2.1267106641316786,0,0.0014874371699988842,43,44,14,0.90715885162353516,-0.11284725320239794,8.9812710162989902,26.108578328476163,0,80.766282632495233,69.742664233542371,185.48594895761036,0,0.00053134252084419131,0.00033168826485052705
2.1267106641316786,0,0.0014874371699988842,43,44,15,1.2259063720703125,-0.029819860517987493,8.6371341978250271,-125.09946538260817,0,-169.62419249356734,140.44429250461846,-145.67205103425002,0,0.00033168826485052705,0.0008084889268502593
2.1267106641316786,0,0.0014874371699988842,43,44,16,1.7735098600387573,-1.3126586641546505,8.3897018608767571,-91.843116703248057,0,-213.52395603721314,89.198682506393524,-209.09134703734557,-2.8421709430404007e-14,0.0008084889268502593,0.0004554193583317101
2.1267106641316786,0,0.0014874371699988842,43,44,17,1.6789690256118774,-0.86366332972998017,8.7181041416020744,156.16026687979985,0,85.207186545060537,-70.524549917398375,178.69734431933409,0,0.0004554193583317101,0.00054259871831163764
2.1267106641316786,0,0.0014874371699988842,43,44,18,1.173518180847168,-0.19862646814726601,9.0623217302857295,114.69307664685918,0,107.80461247987397,6.4124083078108862,237.77379269668251,0,0.00054259871831163764,0.00047415049630217254
2.1267106641316786,0,0.0014874371699988842,43,44,19,1.25090491771698,-0.14460121587341243,8.8650789998393993,-97.661096339763333,0,-138.00602896394673,165.79518866261751,-61.151458857126578,7.1054273576010019e-15,0.00047415049630217254,0.00048467627493664622
2.1267106641316786,0,0.0014874371699988842,43,44,20,1.8160163164138794,-0.95526864390887745,8.5197481597384304,-214.16967692229187,0,-224.50032949862674,202.01430384062348,-229.09122306446559,-2.8421709430404007e-14,0.00048467627493664622,0.00058334227651357651
2.1267106641316786,0,0.0014874371699988842,43,44,21,2.0287768840789795,-1.4698080643106184,8.7621182707536391,73.277980068541979,0,4.3721803605043696,-137.70204245319789,-52.759571817708526,-7.1054273576010019e-15,0.00058334227651357651,0.00077414978295564651
2.1267106641316786,0,0.0014874371699988842,43,44,22,1.3961063623428345,-0.60335096190119297,9.3445860636325246,243.0544863938199,0,121.28051963420486,-96.929941861102165,276.14629926865393,0,0.00077414978295564651,0.00066332129063084722
2.1267106641316786,0,0.0014874371699988842,43,44,23,1.1374660730361938,-0.1112619030400592,9.5103997906235804,7.0259914151911236,0,0.0099378664204740584,98.921121628978597,115.35618879817372,0,0.00066332129063084722,0.00069961411645635962
2.1267106641316786,0,0.0014874371699988842,43,44,24,1.53858482837677,-0.82274476582430855,9.2748200123534588,-183.00909604047527,0,-200.84295798039412,151.4647452122519,-223.93523356208834,0,0.00069961411645635962,0.00088228593813255429
2.1267106641316786,0,0.0014874371699988842,43,44,25,1.9104704856872559,-1.8099245299439899,9.1815773795827305,-39.62884523332103,0,-171.42306653179921,29.524599694388066,-174.15565922109343,0,0.00088228593813255429,0.00073653040453791618
2.1267106641316786,0,0.0014874371699988842,43,44,26,1.5903995037078857,-0.99161586439620986,9.4874497808090617,211.88140303489368,0,100.16607983039508,-83.473509719192037,237.06980706250957,0,0.00073653040453791618,0.0002155802067136392
2.1267106641316786,0,0.0014874371699988842,43,44,27,1.2979730367660522,-0.67658950607138391,9.6401442969188036,72.688520330456598,0,71.874096148481939,4.4599381325238783,157.98610940230984,0,0.0002155802067136392,0.00065612891921773553
2.1267106641316786,0,0.0014874371699988842,43,44,28,1.5785179138183594,-1.1755265012380069,9.3269812885478167,-101.78939825254591,0,-78.972137095221498,35.922822499324568,-136.68725806113304,0,0.00065612891921773553,0.00092728395247831941
2.1267106641316786,0,0.0014874371699988842,43,44,29,1.6505491733551025,-0.81079077478980177,9.0563347167579717,10.853031716082068,0,-20.196950329764729,5.6334078109801782,4.5350331392656864,0,0.00092728395247831941,0.00061118492158129811
2.1267106641316786,0,0.0014874371699988842,43,44,30,1.5401468276977539,-0.71107087210225128,8.5937224015550449,-24.77053277345177,0,-32.938176665736869,29.197130967016641,-20.628926942719207,-3.5527136788005009e-15,0.00061118492158129811,0.00062006304506212473
2.1267106641316786,0,0.0014874371699988842,43,44,31,2.0001933574676514,-0.35992958590866642,7.7928125157509731,-24.528337351494734,0,-150.21630074317986,15.830620487394995,-151.48113467743727,2.8421709430404007e-14,0.00062006304506212473,0.00051251944387331605
2.1267106641316786,0,0.0014874371699988842,43,44,32,1.7728124856948853,0.25953785039165728,7.0615440822203164,93.731391467222167,0,106.82885825673469,-18.974753048214492,188.90657860835432,0,0.00051251944387331605,0.0003287682484369725
2.1267106641316786,0,0.0014874371699988842,43,44,33,1.5837807655334473,0.58358229654751181,6.1757697510555696,-38.256457938287177,0,29.279839661741875,68.563744757371609,66.346478528429387,0,0.0003287682484369725,0.00062144274124875665
2.1267106641316786,0,0.0014874371699988842,43,44,34,2.2088701725006104,0.43828983794928822,5.2777465236720893,-159.61792309736848,0,-242.22427382729012,89.014511401278611,-307.11164916175863,-5.6843418860808015e-14,0.00062144274124875665,0.00044065210386179388
2.1267106641316786,0,0.0014874371699988842,43,44,35,2.5604839324951172,0.07586044535691823,5.2324028166888787,10.981823259128051,0,-113.50293699892337,-13.454107963473081,-110.6669584412226,0,0.00044065210386179388,0.00047007418470457196
2.1267106641316786,0,0.0014874371699988842,43,44,36,1.9928617477416992,0.34734946921762783,5.9773010665737498,127.93993200901495,0,119.96014584971043,-23.709665533066165,230.51506286145059,-2.8421709430404007e-14,0.00047007418470457196,0.0004119112272746861
2.1267106641316786,0,0.0014874371699988842,43,44,37,1.854120135307312,0.42687306272808584,6.3037072587060425,-44.032602362935613,0,-26.826869681649541,88.172517654395548,24.043625931244517,-3.5527136788005009e-15,0.0004119112272746861,0.0003803660802077502
2.1267106641316786,0,0.0014874371699988842,43,44,38,2.4205996990203857,0.047491004922286847,6.0655791490138364,-194.66517147859886,0,-196.86945436592725,92.820073087647884,-292.6014826029421,5.6843418860808015e-14,0.0003803660802077502,0.00041851439164020121
2.1267106641316786,0,0.0014874371699988842,43,44,39,2.6970901489257812,-0.18560493286837243,6.198494981759394,-3.9046197742378719,0,-93.290278428687571,-28.026706763753712,-119.20871491778814,-1.4210854715202004e-14,0.00041851439164020121,0.00064988830126821995
2.1267106641316786,0,0.0014874371699988842,43,44,40,2.1590266227722168,0.19613949703952135,6.8509298122530913,165.15692117735415,0,82.515547482708755,-2.6372212292912853,252.08231674006424,0,0.00064988830126821995,0.00053610152099281549
2.1267106641316786,0,0.0014874371699988842,43,44,41,1.9130784273147583,0.38859174008772646,7.207785121188186,-34.387903001865538,0,-22.988689353077579,62.130899708131523,12.350684214464316,-7.1054273576010019e-15,0.00053610152099281549,0.00060435099294409156
2.1267106641316786,0,0.0014874371699988842,43,44,42,2.4965982437133789,-0.32881928041256669,7.1431501696644002,-124.01271160307891,0,-208.00082648586661,59.511791041832396,-265.68741615786132,-5.6843418860808015e-14,0.00060435099294409156,0.0003594779409468174
2.1267106641316786,0,0.0014874371699988842,43,44,43,2.3781580924987793,-0.19388857530428924,7.4600718103515478,133.45015836283167,0,105.87722740289026,-43.982592454497102,202.6109765462721,0,0.0003594779409468174,0.00058331713080406189
2.1267106641316786,0,0.0014874371699988842,43,44,44,1.8573521375656128,0.17460453120876376,7.8447728056095851,47.994284725007176,0,104.252947251731,47.257279728211373,207.52388904176792,0,0.00058331713080406189,0.00032795689185149968
2.1267106641316786,0,0.0014874371699988842,43,44,45,2.3870668411254883,-0.092334750568756896,7.5043802185616828,-241.39991177889499,0,-207.09944597271283,128.92931072644038,-312.15800155717449,5.6843418860808015e-14,0.00032795689185149968,0.00055326946312561631
2.1267106641316786,0,0.0014874371699988842,43,44,46,2.84242844581604,-0.86785148424652192,7.3726659209510101,-26.014128525439641,0,-111.20745014396194,-51.327156603731645,-182.04392083642875,-2.8421709430404007e-14,0.00055326946312561631,0.00055321317631751299
2.1267106641316786,0,0.0014874371699988842,43,44,47,2.1988658905029297,-0.42863873707950573,7.9293235620163376,246.07167072552625,0,183.60144096558594,-89.505233627831529,347.66856288821748,0,0.00055321317631751299,0.00050841376651078463
2.1267106641316786,0,0.0014874371699988842,43,44,48,1.873332142829895,0.024643679715438412,8.1212811657958817,12.25306872010837,0,63.06297540547115,70.241481012582938,153.70344998367378,0,0.00050841376651078463,0.0006100274040363729
2.1267106641316786,0,0.0014874371699988842,43,44,49,2.2554197311401367,-0.24645370254711046,7.8274428996880951,-168.34216765328418,0,-107.88203166505282,86.036757958918017,-182.606452162278,0,0.0006100274040363729,0.00060064310673624277
2.1267106641316786,0,0.0014874371699988842,43,44,50,2.4487500190734863,-0.7018849825952721,7.6936548739029886,-136.06750385928203,0,-106.99139045915986,57.777312775123526,-178.28981165201063,0,0.00060064310673624277,0.00036093519884161651
2.1267106641316786,0,0.0014874371699988842,43,44,51,2.7007877826690674,-1.065320872180517,7.5390394042790057,-147.80220064384503,0,-93.802879990182348,-12.309971019773988,-247.44133312170285,0,0.00036093519884161651,0.00058980751782655716
2.1267106641316786,0,0.0014874371699988842,43,44,52,2.9093265533447266,-0.96167891838045083,7.3062051870127762,-27.95778285148268,0,-66.226422690543345,-38.627044182870016,-126.46672345626371,0,0.00058980751782655716,0.00057542120339348912
2.1267106641316786,0,0.0014874371699988842,43,44,53,2.5219929218292236,-0.30801500322298181,7.4424413641149227,172.19838040076425,0,61.356547568174911,19.815624777921055,260.50497910775215,0,0.00057542120339348912,0.00052756612421944737
2.1267106641316786,0,0.0014874371699988842,43,44,54,2.2836096286773682,-0.13659745160596534,7.4466996447049958,-17.23033691508515,0,-27.252354623797096,91.289240938474705,54.116651592691483,-7.1054273576010019e-15,0.00052756612421944737,0.00055320444516837597
2.1267106641316786,0,0.0014874371699988842,43,44,55,2.9550240039825439,-0.91419667921735548,6.9778980773872528,-184.29629017417878,0,-170.4321650767771,30.979695684147156,-317.68505816863882,0,0.00055320444516837597,0.0010448802495375276
2.1267106641316786,0,0.0014874371699988842,43,44,56,2.8920705318450928,-0.98739515134552835,7.0918097442057553,120.72103378354899,0,99.913866397933532,-81.81092069586353,144.92839407847922,0,0.0010448802495375276,0.00060444569680839777
2.1267106641316786,0,0.0014874371699988842,43,44,57,2.3229546546936035,-0.34322956239764801,7.3818035987824357,71.712926395485383,0,48.360382900883998,53.279626779018656,180.39151011177282,0,0.00060444569680839777,0.00051545578753575683
2.1267106641316786,0,0.0014874371699988842,43,44,58,2.8998277187347412,-1.1124925530179726,6.8859120788091843,-226.23232329873051,0,-230.81239741322446,99.586237382394032,-351.68506380376971,5.6843418860808015e-14,0.00051545578753575683,0.00051414500921964645
2.1267106641316786,0,0.0014874371699988842,43,44,59,3.2871253490447998,-1.1078247862485275,6.6635729797977428,37.332396649351161,0,-5.7386369933195525,-118.48581527978268,-81.336307430201856,0,0.00051414500921964645,0.00027994514675810933
2.1267106641316786,0,0.0014874371699988842,43,44,60,2.6010379791259766,-0.53795025869946811,6.7324468020162502,165.08511207805785,0,226.04767132911138,-83.614643451179575,313.71263649930643,0,0.00027994514675810933,0.00039802197716198862
2.1267106641316786,0,0.0014874371699988842,43,44,61,2.8235738277435303,-0.96833400798372826,5.861611202890697,-165.77082486107054,0,-87.237156049610434,46.809594874785823,-201.3051088409882,-2.8421709430404007e-14,0.00039802197716198862,0.00082888681208714843
2.1267106641316786,0,0.0014874371699988842,43,44,62,3.5567574501037598,-0.54377886243612339,5.0212685493639029,-45.074635743572742,0,-145.6331811534925,-28.132016090177121,-214.36234330031459,0,0.00082888681208714843,0.00037256741779856384
2.1267106641316786,0,0.0014874371699988842,43,44,63,2.9221930503845215,-0.52446100755514524,4.8498372229824431,89.012828375513848,0,218.19627599243265,-30.285006763722404,281.24947381965137,-5.6843418860808015e-14,0.00037256741779856384,0.00058556895237416029
2.1267106641316786,0,0.0014874371699988842,43,44,64,3.29783034324646,-0.26191806707496323,4.1386477000682786,-55.482787649170525,0,-167.25044494054467,-0.23081496202391361,-219.08731791874578,0,0.00058556895237416029,0.0005547190667130053
2.1267106641316786,0,0.0014874371699988842,43,44,65,3.0801322460174561,0.25341215003097756,3.7983521624971393,108.8670826019403,0,183.81318163560928,-6.6279157497839085,290.10411280029376,-5.6843418860808015e-14,0.0005547190667130053,0.00048794329632073641
2.1267106641316786,0,0.0014874371699988842,43,44,66,2.3383195400238037,0.79770474856828544,3.7539983601769054,9.8726291360686886,0,194.89710845779928,61.213249945918399,270.53469064853158,0,0.00048794329632073641,0.00054149434436112642
2.1267106641316786,0,0.0014874371699988842,43,44,67,3.2591373920440674,0.55052912313919367,2.7028398242214831,-274.93828748997805,0,-293.53652363139105,97.560836090634197,-467.66060608337426,-5.6843418860808015e-14,0.00054149434436112642,0.0007121230592019856
2.1267106641316786,0,0.0014874371699988842,43,44,68,4.2716364860534668,-0.4362278496309146,2.0961721181862267,-35.692969266309085,0,-154.63704841861008,-88.560976029718432,-277.2310494460823,-5.6843418860808015e-14,0.0007121230592019856,0.00030232549761421978
2.1267106641316786,0,0.0014874371699988842,43,44,69,3.3733811378479004,-0.046687372642128175,2.6587433595460839,274.9565603411383,0,368.54465418610397,-100.26922526654951,545.84404524759668,-1.1368683772161603e-13,0.00030232549761421978,0.00050599128007888794
2.1267106641316786,0,0.0014874371699988842,43,44,70,2.6461327075958252,0.94333093214144048,2.8000389450158365,-25.81681379054281,0,204.2133773624895,122.33770024672482,304.47763369582879,0,0.00050599128007888794,0.00052883452735841274
2.1267106641316786,0,0.0014874371699988842,43,44,71,3.5757036209106445,0.63347621520815389,2.1606671306257783,-333.7105089243255,0,-301.18884106332416,151.61241068708838,-480.49279595472734,-5.6843418860808015e-14,0.00052883452735841274,0.000755836081225425
2.1267106641316786,0,0.0014874371699988842,43,44,72,4.563626766204834,-1.1725827714638224,2.1763072799317023,-123.69694391197675,0,-295.37711266536371,-95.349340235742574,-513.41967230461512,0,0.000755836081225425,0.00079718668712303042
2.1267106641316786,0,0.0014874371699988842,43,44,73,3.9107820987701416,-0.6728236733101729,3.3792893912086321,298.41168826330585,0,280.09427699235533,-134.45805036366943,446.75438060989023,0,0.00079718668712303042,0.00083133322186768055
2.1267106641316786,0,0.0014874371699988842,43,44,74,2.8319668769836426,0.6549953713660841,4.5340134936340242,232.82144931184095,0,309.76265517350413,-68.513895137101173,479.25921821324403,0,0.00083133322186768055,0.00057107268366962671
2.1267106641316786,0,0.0014874371699988842,43,44,75,2.7185585498809814,0.97153664071688883,4.6853533868858603,-117.54652661487981,0,-18.377679622145688,126.64368159381539,-3.6236346156073718,-1.3766765505351941e-14,0.00057107268366962671,0.0006853034719824791
2.1267106641316786,0,0.0014874371699988842,43,44,76,3.6993165016174316,-0.17599953917151678,4.3773127125109612,-328.271771093469,0,-286.67154168102843,126.36173470617645,-484.38026489498151,5.6843418860808015e-14,0.0006853034719824791,0.00084382470231503248
2.1267106641316786,0,0.0014874371699988842,43,44,77,4.1137409210205078,-1.2469605512660731,4.797022897728322,56.063671970264039,0,2.2966088721379405,-199.01475120740506,-137.10440801854082,0,0.00084382470231503248,0.00090752705000340939
2.1267106641316786,0,0.0014874371699988842,43,44,78,3.1300942897796631,-0.31286559868413433,5.8466543132074635,335.91847843951956,0,250.17248321748443,-150.86771185822511,440.75703851330218,0,0.00090752705000340939,0.00063574401428923011
2.1267106641316786,0,0.0014874371699988842,43,44,79,2.75826096534729,-0.14472456262774919,6.2335912031849761,14.193998147294183,0,94.387931803645742,40.672321207470809,155.34311779896797,0,0.00063574401428923011,0.00049255153862759471
2.1267106641316786,0,0.0014874371699988842,43,44,80,3.3658139705657959,-0.36145545413363461,6.0305273825098684,-132.33791876457894,0,-167.69380201343228,21.325859897496969,-273.03678895213801,0,0.00049255153862759471,0.00061173195717856288
2.1267106641316786,0,0.0014874371699988842,43,44,81,3.2264158725738525,-0.3671438057232268,6.3910937382112278,163.20925964710932,0,171.66173561405864,-123.33373092312523,217.56121427053074,0,0.00061173195717856288,0.00064745807321742177
2.1267106641316786,0,0.0014874371699988842,43,44,82,2.8183996677398682,-0.14850698771885831,6.7663245829142209,88.246811220296991,0,137.69555078239097,-63.489502220711174,169.07067737717216,0,0.00064745807321742177,0.00046595846652053297
2.1267106641316786,0,0.0014874371699988842,43,44,83,3.0823714733123779,-0.2375270290619354,6.749394145161598,-58.984763545211123,0,-55.877897983468401,14.500308836480084,-93.850485576099786,-1.4210854715202004e-14,0.00046595846652053297,0.00058160244952887297
2.1267106641316786,0,0.0014874371699988842,43,44,84,3.2176177501678467,-0.91039296585392426,6.7764590527908455,-87.143547759456297,0,-35.313086307978061,-6.3631196961286962,-122.95368767662613,0,0.00058160244952887297,0.00023995569790713489
2.1267106641316786,0,0.0014874371699988842,43,44,85,3.6712818145751953,-0.62743488527969193,6.6149994036153119,-50.09630376110551,0,-18.094129852826033,-120.72808646294416,-182.93095555854009,0,0.00023995569790713489,0.00034644588595256209
2.1267106641316786,0,0.0014874371699988842,43,44,86,3.1315641403198242,-0.33669656729739433,6.9564376205096226,227.64093571974865,0,304.26797677199039,-123.2014931844657,415.32716036048561,-5.6843418860808015e-14,0.00034644588595256209,0.0001285542530240491
2.1267106641316786,0,0.0014874371699988842,43,44,87,2.7979781627655029,-0.20335622135670786,7.165312513403002,-25.316073553485374,0,29.985909042099749,127.37555736923288,139.00734914989354,0,0.0001285542530240491,0.00025551547878421843
2.1267106641316786,0,0.0014874371699988842,43,44,88,3.760972261428833,-0.82306972504004861,6.4834860923403861,-388.75266439946569,0,-187.47272080086481,127.29124579282691,-443.27372304020321,1.1368683772161603e-13,0.00025551547878421843,0.00032040881342254579
2.1267106641316786,0,0.0014874371699988842,43,44,89,4.0479984283447266,-1.0940832064646222,6.4893829437736033,106.82725537505397,0,186.94954022027727,-237.16045002155437,62.011645311085836,7.1054273576010019e-15,0.00032040881342254579,0.00018002853903453797
2.1267106641316786,0,0.0014874371699988842,43,44,90,3.1321685314178467,-0.56149884464163224,7.1653713692147161,320.01757159042489,0,253.36301920296083,-133.91146771054335,446.07299560741546,0,0.00018002853903453797,0.00018870391068048775
2.1267106641316786,0,0.0014874371699988842,43,44,91,3.4012455940246582,-0.56715839445102401,6.7916288251973,-279.09504055259345,0,-125.35400299350677,134.68517869782769,-263.53939441752624,-5.6843418860808015e-14,0.00018870391068048775,0.00039053938235156238
2.1267106641316786,0,0.0014874371699988842,43,44,92,4.5344395637512207,-1.2372036351603366,6.0394371506023177,-255.62212064376988,0,-181.18669971357883,-22.144932436345719,-454.15151927825241,0,0.00039053938235156238,0.0004213042848277837
2.1267106641316786,0,0.0014874371699988842,43,44,93,3.8310604095458984,-1.0143842977703352,6.6281568081616733,456.52811194625838,0,439.56369310200495,-305.90964818938551,595.79592936926917,0,0.0004213042848277837,0.00043214741162955761
2.1267106641316786,0,0.0014874371699988842,43,44,94,3.0168282985687256,-0.56030983201987827,7.113371007314087,150.7192850145903,0,92.439629120728611,142.56350244674255,392.27547775735565,-5.6843418860808015e-14,0.00043214741162955761,0.00034468722878955305
2.1267106641316786,0,0.0014874371699988842,43,44,95,3.8245584964752197,-1.262406445087058,6.3419384912938792,-393.73666469750145,0,-299.76997019954939,219.25001040933904,-469.17709244150501,-5.6843418860808015e-14,0.00034468722878955305,0.00065112014999613166
2.1267106641316786,0,0.0014874371699988842,43,44,96,4.191321849822998,-2.155627288684939,6.2676599524081889,80.325209666002664,0,-25.719518872523008,-193.94259241692956,-135.22486895972665,0,0.00065112014999613166,0.00081632332876324654
2.1267106641316786,0,0.0014874371699988842,43,44,97,3.0801115036010742,-1.5387232108224567,6.6427793467443186,262.30052716649652,0,226.88870334698601,-114.37089742903413,379.92238922037023,0,0.00081632332876324654,0.00076933566015213728
2.1267106641316786,0,0.0014874371699988842,43,44,98,3.0664987564086914,-1.3349856789409209,6.0920179309865521,65.69570856605641,0,-143.43274518219786,-68.04264792296901,-141.02265228706483,0,0.00076933566015213728,0.00074734765803441405
2.1267106641316786,0,0.0014874371699988842,43,44,99,2.2537612915039062,-0.17223589785010365,5.7419291620215969,172.65327822175306,0,186.80463971634003,-83.717869031418047,281.3097421708465,0,0.00074734765803441405,0.0007111842860467732
2.1267106641316786,0,0.0014874371699988842,43,44,100,1.5605671405792236,0.57801635252377159,4.9223522789565113,39.158720036365381,0,88.360134955124011,-68.208866753259841,64.810356869709821,0,0.0007111842860467732,0.00052448385395109653
2.1267106641316786,0,0.0014874371699988842,43,44,101,1.9034181833267212,-0.067873116887955123,2.3778660510599212,-26.852916508961268,0,38.699254002586528,-81.220499228769725,-67.064168800972496,0,0.00052448385395109653,0.00054961413843557239
2.1267106641316786,0,0.0014874371699988842,43,44,102,1.8552446365356445,0.11307160185170402,0.40041154456746769,19.976233522329363,0,98.576502067623451,-87.997963839364957,31.068254897007026,3.5527136788005009e-15,0.00054961413843557239,0.00042596561252139509
2.1267106641316786,0,0.0014874371699988842,43,44,103,1.5756932497024536,0.18612258103200849,0.0086275431756686321,21.334435314488829,0,94.393782321780378,-79.619140285644789,36.303827474832097,7.1054273576010019e-15,0.00042596561252139509,0.00030679136398248374
2.1267106641316786,0,0.0014874371699988842,43,44,104,1.3102173805236816,0.086438971314581337,-0.0010053777321188688,12.669417236675811,0,85.132011394234695,-69.19071192678588,28.696150297707096,3.5527136788005009e-15,0.00030679136398248374,0.00022433514823205769
2.1267106641316786,0,0.0014874371699988842,43,44,105,1.1049598455429077,0.044413469985795949,-0.0019371054466729562,7.709219731598715,0,74.797832478202224,-60.615695655345377,21.933832918994678,-3.5527136788005009e-15,0.00022433514823205769,0.00016658510139677674
2.1267106641316786,0,0.0014874371699988842,43,44,106,0.95007401704788208,0.021246117067066198,-0.002492401402623216,4.8550083947797402,0,64.117511263217907,-53.620399424340071,15.370873949322016,-8.8817841970012523e-15,0.00016658510139677674,0.00012847506150137633
2.1267106641316786,0,0.0014874371699988842,43,44,107,0.82739806175231934,0.011174787438166179,-0.0029600188244678638,3.2315296844608445,0,54.747345462013428,-47.871624204389953,10.115465710698015,-3.5527136788005009e-15,0.00012847506150137633,0.00010168590961256996
2.1267106641316786,0,0.0014874371699988842,43,44,108,0.72917520999908447,0.0066268393517314094,-0.0032207157801979621,2.1880937823530866,0,46.6391684800831,-43.091189879805789,5.7394785062019311,-2.6645352591003757e-15,0.00010168590961256996,8.1904996477533132e-05
2.1267106641316786,0,0.0014874371699988842,43,44,109,0.65045535564422607,0.0039956593985609129,-0.0034346508103083448,1.5079910852229024,0,39.516803803838592,-39.070761904135779,1.9545939935139642,-2.886579864025407e-15,8.1904996477533132e-05,6.6881468228530139e-05
2.1267106641316786,0,0.0014874371699988842,43,44,110,0.58656781911849976,0.0025026676621673276,-0.0035445407546363821,1.0642332919151212,0,33.467247836501059,-35.653097584501133,-1.1226583291774244,-5.3290705182007514e-15,6.6881468228530139e-05,5.5329648603219539e-05
2.1267106641316786,0,0.0014874371699988842,43,44,111,0.53425085544586182,0.001601729095894901,-0.0036053311967969288,0.75940526828388666,0,28.242775214314985,-32.719743964696534,-3.7195670841985606,1.7763568394002505e-15,5.5329648603219539e-05,4.6292483602883294e-05
2.1267106641316786,0,0.0014874371699988842,43,44,112,0.49121212959289551,0.0010460786513222051,-0.0036707974035038618,0.5477046703025783,0,23.704355987498776,-30.181380463063753,-5.9319445240145798,2.6645352591003757e-15,4.6292483602883294e-05,3.9093265513656661e-05
2.1267106641316786,0,0.0014874371699988842,43,44,113,0.4554448127746582,0.00069913441503193082,-0.0037245735873939929,0.39871681807950354,0,19.82944963241728,-27.969343635604886,-7.7442026242804642,8.8817841970012523e-16,3.9093265513656661e-05,3.3301948860753328e-05
2.1267106641316786,0,0.0014874371699988842,43,44,114,0.42560151219367981,0.00047357509306966553,-0.0037795185595580118,0.29038205248373089,0,16.508358934046115,-26.029977018057778,-9.2345419749944195,1.7763568394002505e-15,3.3301948860753328e-05,2.8515471058199182e-05
2.1267106641316786,0,0.0014874371699988842,43,44,115,0.40059098601341248,0.00033267358521820638,-0.0038590132828057754,0.20929627546022583,0,13.680054172391802,-24.321204966303483,-10.435380858149042,0,2.8515471058199182e-05,2.4561710233683698e-05
2.1267106641316786,0,0.0014874371699988842,43,44,116,0.37971651554107666,0.0002119710500236832,-0.0039186349366924353,0.15014994144159796,0,11.265533316615779,-22.809627433319964,-11.397650839149257,-1.7763568394002505e-15,2.4561710233683698e-05,2.1224523152341135e-05
2.1267106641316786,0,0.0014874371699988842,43,44,117,0.36212417483329773,0.00013549628245718005,-0.0039022682321529925,0.10955696287732289,0,9.2929469762357133,-21.468456259018165,-12.069719091854825,0,2.1224523152341135e-05,1.8419494153931737e-05
2.1267106641316786,0,0.0014874371699988842,43,44,118,0.34718570113182068,9.256601350412163e-05,-0.0038192659211818934,0.081025668960478012,0,7.737250124990334,-20.276393153065495,-12.461844059022361,0,1.8419494153931737e-05,1.6043577488744631e-05
2.1267106641316786,0,0.0014874371699988842,43,44,119,0.33439084887504578,5.4474460745365025e-05,-0.0037210663053960759,0.058785685640465497,0,6.5479720259579173,-19.216167065352177,-12.613075945598446,0,1.6043577488744631e-05,1.4027063116373029e-05
2.1267106641316786,0,0.0014874371699988842,43,44,120,0.32353273034095764,3.6581269192708015e-05,-0.0036029930087983176,0.042877084959303396,0,5.645870216047788,-18.273872997297953,-12.588692108030468,0,1.4027063116373029e-05,1.2249332030478399e-05
2.1267106641316786,0,0.0014874371699988842,43,44,121,0.31412175297737122,1.4823096902806827e-05,-0.0033808746264182136,0.034101307757352518,0,5.0552283527228798,-17.438070380906673,-12.352106771955958,-1.7763568394002505e-15,1.2249332030478399e-05,1.0716632459661923e-05
2.1267106641316786,0,0.0014874371699988842,43,44,122,0.30594372749328613,-9.9553367937733057e-06,-0.0030956279196043702,0.028411077790790756,0,4.6860847016526899,-16.699983438976385,-11.988593242789301,1.7763568394002505e-15,1.0716632459661923e-05,9.393496839038562e-06
2.1267106641316786,0,0.0014874371699988842,43,44,123,0.2987925112247467,-4.0138690159214361e-06,-0.0028010290722469177,0.024784557988158085,0,4.5106292656766991,-16.052479348027877,-11.519870567304281,1.7763568394002505e-15,9.393496839038562e-06,8.2314927567495033e-06
2.1267106641316786,0,0.0014874371699988842,43,44,124,0.29247108101844788,-2.3467024515089158e-05,-0.0024409635595944051,0.024564161757058861,0,4.5079845109035084,-15.489767697989542,-10.959683455913083,0,8.2314927567495033e-06,7.1681824920233339e-06
2.1267106641316786,0,0.0014874371699988842,43,44,125,0.28676080703735352,-2.7073667273930287e-05,-0.0020166004756461383,0.026347367626861667,0,4.653646383639086,-15.006699231462063,-10.328749154339036,0,7.1681824920233339e-06,6.2418544075626414e-06
2.1267106641316786,0,0.0014874371699988842,43,44,126,0.28159284591674805,-3.0355476775903679e-05,-0.0015524901829366985,0.029312698736196668,0,4.8789514398855189,-14.599366924348681,-9.6926856313866772,0,6.2418544075626414e-06,5.4156303121999372e-06
2.1267106641316786,0,0.0014874371699988842,43,44,127,0.27677643299102783,-3.1170158584127968e-05,-0.00093055884984884543,0.039030168925571505,0,5.1696340326843853,-14.264925661666114,-9.0572231890645902,0,5.4156303121999372e-06,4.6815330279059708e-06
2.1267106641316786,0,0.0014874371699988842,43,44,128,0.27173471450805664,-6.942730942645188e-05,-0.00013093290066375091,0.054778481438661444,0,5.5735001081632074,-14.005439153578292,-8.3773609241865135,0,4.6815330279059708e-06,3.8803068491688464e-06
2.1267106641316786,0,0.0014874371699988842,43,44,129,0.26633632183074951,-0.00010154776770354641,0.00084288054503729672,0.074834538468690745,0,6.0417619551650201,-13.822029417261721,-7.7046915908506763,0,3.8803068491688464e-06,2.9623406589962542e-06
2.1267106641316786,0,0.0014874371699988842,43,44,130,0.2601618766784668,-0.00026077277563381915,0.0027051673387342933,0.13452184505456216,0,6.5570884155170219,-13.715007011042038,-7.0209523559073546,-8.8817841970012523e-16,2.9623406589962542e-06,1.9477945443213684e-06
2.1267106641316786,0,0.0014874371699988842,43,44,131,0.24895823001861572,0.00015639078044058584,0.0073170450559239784,0.29202500620647059,0,8.1448028283348162,-13.719174503411915,-5.2748732330342643,-8.8817841970012523e-16,1.9477945443213684e-06,8.8631048811294022e-07
2.1267106641316786,0,0.0014874371699988842,43,44,132,0.22474391758441925,2.0862702539910034e-06,0.0053074592971363828,0.38476172944672093,0,11.847138934465619,-13.91754112941172,-1.6803309199319902,-4.4408920985006262e-16,8.8631048811294022e-07,8.8631048811294022e-07
2.1281981013016775,0,0.0014612880768254399,43,44,0,0.0091189900413155556,0,4.1760932936244943,-0.22964143262518813,0,-94.753599420157258,139.00614680782567,48.198995424688363,-3.8239793553884738e-06,0.0001817937009036541,0.0001817937009036541
2.1281981013016775,0,0.0014612880768254399,43,44,1,-0.085865236818790436,0.096015660470147104,8.8109398313577305,-0.44266385094319644,0,36.971122184186903,51.600644945985891,97.036056221737908,-2.5493195607850794e-06,0.0001817937009036541,0.00028168433345854282
2.1281981013016775,0,0.0014612880768254399,43,44,2,-0.023145426064729691,0.11370857564815057,9.5232713442378891,-0.75996554913259795,0,9.2684477328542521,41.515404144030498,59.660866884968087,6.373298973016972e-07,0.00028168433345854282,0.00037977160536684096
2.1281981013016775,0,0.0014612880768254399,43,44,3,0.13381648063659668,-0.07017830658101272,9.7618653498793737,-5.6505362453892172,0,-96.344181086454682,45.190620511554435,-47.11240467835195,5.0986391570972955e-06,0.00037977160536684096,0.00041097687790170312
2.1281981013016775,0,0.0014612880768254399,43,44,4,0.18936197459697723,-0.13133584584710664,9.7854153267801482,3.9300616481239516,0,-13.427133635093105,46.419764747196325,46.576772241160214,0,0.00041097687790170312,0.00022366510529536754
2.1281981013016775,0,0.0014612880768254399,43,44,5,0.10990807414054871,0.18714172599610479,9.8264631959114652,5.6122046762646951,0,74.203513934301967,55.037759963876141,144.86708349635038,0,0.00022366510529536754,0.00039672883576713502
2.1281981013016775,0,0.0014612880768254399,43,44,6,0.13744834065437317,0.27202514521362464,9.8019272696651925,-8.4978202919305517,0,13.948918168355313,68.19597097567798,83.721021266981552,0,0.00039672883576713502,0.00055043672909960151
2.1281981013016775,0,0.0014612880768254399,43,44,7,0.37638008594512939,-0.15660725079066748,9.7042577381209867,-34.614885524796158,0,-102.48140283320224,78.107174828910786,-49.441463041757295,-7.1054273576010019e-15,0.00055043672909960151,0.00059100874932482839
2.1281981013016775,0,0.0014612880768254399,43,44,8,0.60277366638183594,-0.51195499431222902,9.5761117283916679,-23.632396402623282,0,-106.98397027684575,71.983811183371046,-49.568398762018546,0,0.00059100874932482839,0.00028391036903485656
2.1281981013016775,0,0.0014612880768254399,43,44,9,0.60336583852767944,-0.30884369317058796,9.5332608529911766,23.115679916675489,0,32.855997780179983,59.532771224300369,124.72886608097643,-1.4210854715202004e-14,0.00028391036903485656,0.00048629881348460913
2.1281981013016775,0,0.0014612880768254399,43,44,10,0.48876756429672241,-0.039680796509407902,9.4836657526559325,12.584705883009017,0,129.52358554787546,72.809015732408753,224.36129211943975,2.8421709430404007e-14,0.00048629881348460913,0.00032946653664112091
2.1281981013016775,0,0.0014612880768254399,43,44,11,0.61559599637985229,0.13757594283596986,9.2080664613986407,-41.68896182067305,0,-4.517761388308454,96.421874149811885,59.560793345064987,-7.1054273576010019e-15,0.00032946653664112091,0.00081445998512208462
2.1281981013016775,0,0.0014612880768254399,43,44,12,0.99213236570358276,-0.58248956830379983,8.7830184087163143,-100.39640612859613,0,-148.97995175253374,140.23280800620185,-100.94302103451548,2.8421709430404007e-14,0.00081445998512208462,0.00072017830098047853
2.1281981013016775,0,0.0014612880768254399,43,44,13,1.4292538166046143,-1.0848514730565999,8.6567792900288385,5.4739805689268692,0,-114.84647973621553,25.440251477629442,-76.360319872686986,-1.4210854715202004e-14,0.00072017830098047853,0.00057300983462482691
2.1281981013016775,0,0.0014612880768254399,43,44,14,1.1830575466156006,-0.56424345077809612,8.903659221617847,121.17531853947251,0,147.69068946268231,14.486090394570141,291.69151416756472,0,0.00057300983462482691,0.00045782420784235001
2.1281981013016775,0,0.0014612880768254399,43,44,15,1.0092283487319946,-0.08373686273881846,8.8715065658123979,-10.097589705975023,0,45.454245648769565,115.13885609959362,159.28328174546175,0,0.00045782420784235001,0.00046582476352341473
2.1281981013016775,0,0.0014612880768254399,43,44,16,1.4624996185302734,-0.24934512361770117,8.4402885224295119,-159.70863061785388,0,-201.32666017068172,174.37337732821589,-178.4709700615079,0,0.00046582476352341473,0.00080403103493154049
2.1281981013016775,0,0.0014612880768254399,43,44,17,1.9447700977325439,-1.4470626222030281,8.3637541248189891,3.6952489207415748,0,-161.55286958182953,8.8097958241986039,-142.13113333427339,0,0.00080403103493154049,0.00052627170225605369
2.1281981013016775,0,0.0014612880768254399,43,44,18,1.5271917581558228,-0.72251731924069473,8.8216852133649031,194.64491396006602,0,215.9014260973367,-55.346095067791587,363.29941288373533,-5.6843418860808015e-14,0.00052627170225605369,0.00061559956520795822
2.1281981013016775,0,0.0014612880768254399,43,44,19,1.1599459648132324,-0.082480048188513261,9.0443376863761724,31.058054459680083,0,145.97885196013598,78.343078665071104,264.34184272307482,0,0.00061559956520795822,0.00068540620850399137
2.1281981013016775,0,0.0014612880768254399,43,44,20,1.4752575159072876,-0.53383070558234869,8.7912603589011766,-141.59695910787835,0,-157.60211765603768,159.67599932729829,-131.2656477832989,-2.8421709430404007e-14,0.00068540620850399137,0.00056274275993928313
2.1281981013016775,0,0.0014612880768254399,43,44,21,1.9503003358840942,-1.2740383906814721,8.5588924289908945,-120.58012379973852,0,-241.20960242644236,160.60623584281183,-193.89863634505966,-2.8421709430404007e-14,0.00056274275993928313,0.00078603386646136642
2.1281981013016775,0,0.0014612880768254399,43,44,22,1.806856632232666,-1.3795719357835958,8.9100580137502323,136.30971109915586,0,157.59412298985157,-150.31979254274631,151.11452762422775,-2.8421709430404007e-14,0.00078603386646136642,0.00092855514958500862
2.1281981013016775,0,0.0014612880768254399,43,44,23,1.3090511560440063,-0.50414387913548431,9.4634725923050862,181.28158469528739,0,166.00940651123307,-89.240950771922016,267.00936914776804,0,0.00092855514958500862,0.00067922717425972223
2.1281981013016775,0,0.0014612880768254399,43,44,24,1.2054952383041382,-0.25645198926194729,9.5052202496596454,-44.237669558630728,0,-36.262745303296931,93.19015271141248,21.938506109882525,0,0.00067922717425972223,0.00055023696040734649
2.1281981013016775,0,0.0014612880768254399,43,44,25,1.6514248847961426,-0.89856631843757939,9.190585139745334,-198.38127830690763,0,-213.71904538497873,162.11747248666765,-241.69083238391096,-2.8421709430404007e-14,0.00055023696040734649,0.0007779799634590745
2.1281981013016775,0,0.0014612880768254399,43,44,26,1.9430259466171265,-1.6047112700399422,9.1673391692038368,8.6618129215289965,0,-93.96000643384528,-57.217907472286704,-134.9534730854391,0,0.0007779799634590745,0.00059560756199061871
2.1281981013016775,0,0.0014612880768254399,43,44,27,1.5329674482345581,-0.93605979875193279,9.5314680440003006,216.08228502524105,0,104.15573474616625,-59.77489540022286,269.05853261643279,0,0.00059560756199061871,0.00026351824635639787
2.1281981013016775,0,0.0014612880768254399,43,44,28,1.3752042055130005,-1.1578831055715459,9.5448589823960717,33.791088200163649,0,13.543617145098269,35.144878867088757,90.866560089175195,-1.4210854715202004e-14,0.00026351824635639787,0.00095445453189313412
2.1281981013016775,0,0.0014612880768254399,43,44,29,1.657294750213623,-0.99180322057135195,9.1491363901109022,-14.403451651238106,0,-85.83799663633215,26.060001263506514,-66.024113854524188,0,0.00095445453189313412,0.00075937825022265315
2.1281981013016775,0,0.0014612880768254399,43,44,30,1.5094625949859619,-0.52167618718028441,8.7569981411476991,31.525742431568098,0,63.680289832142442,38.234409456892159,141.67576367457011,0,0.00075937825022265315,0.00057762488722801208
2.1281981013016775,0,0.0014612880768254399,43,44,31,1.7748746871948242,-0.50291000846135103,7.9625861859223548,-74.548059573455816,0,-136.52883021523667,70.568102642616708,-133.04911096861477,0,0.00057762488722801208,0.00057853298494592309
2.1281981013016775,0,0.0014612880768254399,43,44,32,2.0537991523742676,0.14285940765444355,6.9629304237311702,-11.777285387324097,0,-30.623813560611548,-3.1069883302506485,-38.402297446800681,0,0.00057853298494592309,0.0003065605997107923
2.1281981013016775,0,0.0014612880768254399,43,44,33,1.682466983795166,0.44420937593533139,6.3745882550138546,59.161998185362464,0,137.78048494272275,-10.829917444268887,192.93136331476552,0,0.0003065605997107923,0.00015489889483433217
2.1281981013016775,0,0.0014612880768254399,43,44,34,1.7520608901977539,0.62025773780232241,5.7282414180144006,-76.557494445869139,0,-85.34404047554689,94.192830691959429,-61.360205073639882,-7.1054273576010019e-15,0.00015489889483433217,0.00055988592794165015
2.1281981013016775,0,0.0014612880768254399,43,44,35,2.3958737850189209,0.18153035494734102,5.1884379753335805,-115.39941695468004,0,-276.41109658264509,89.531695570772342,-296.90884963627184,0,0.00055988592794165015,0.00033637633896432817
2.1281981013016775,0,0.0014612880768254399,43,44,36,2.3357384204864502,0.17638997068999485,5.5699802961496747,70.117790832949538,0,47.893271461347254,-18.880301559012487,104.87713100212399,1.4210854715202004e-14,0.00033637633896432817,0.00040804879972711205
2.1281981013016775,0,0.0014612880768254399,43,44,37,1.8898835182189941,0.2523297395097292,6.351998734262831,84.740606334947614,0,143.18985555634956,-7.451844667727662,227.08294569734207,0,0.00040804879972711205,0.00026817250181920826
2.1281981013016775,0,0.0014612880768254399,43,44,38,1.9853733777999878,0.4060683684490155,6.5047495018669386,-82.610843578610542,0,-100.78467769709447,99.112813525478742,-77.371889879910313,-1.4210854715202004e-14,0.00026817250181920826,0.00055292283650487661
2.1281981013016775,0,0.0014612880768254399,43,44,39,2.5197746753692627,-0.11723237263021825,6.2187942371675016,-146.94000662345093,0,-245.72397831835568,110.55473082411774,-276.00769225315156,5.6843418860808015e-14,0.00055292283650487661,0.00046836037654429674
2.1281981013016775,0,0.0014612880768254399,43,44,40,2.5339832305908203,-0.01519394466494731,6.4495949728692645,58.240164227167,0,29.532133735074233,-31.989269913910274,62.217429076535275,7.1054273576010019e-15,0.00046836037654429674,0.0006036855629645288
2.1281981013016775,0,0.0014612880768254399,43,44,41,1.931449294090271,0.33664338580231351,7.1738560266990241,87.611915169160497,0,150.38244462061306,23.44150335287307,268.94636255514797,0,0.0006036855629645288,0.0005569548811763525
2.1281981013016775,0,0.0014612880768254399,43,44,42,2.1014049053192139,0.10252534800403015,7.3134249001124809,-140.95591740491378,0,-165.83654224951482,101.2292790309144,-198.14723037539767,2.8421709430404007e-14,0.0005569548811763525,0.0005374504835344851
2.1281981013016775,0,0.0014612880768254399,43,44,43,2.6795291900634766,-0.53682169477331332,7.2319467345168071,-63.075305705241774,0,-149.76555007265958,9.2945336454019163,-196.85119709275597,-2.8421709430404007e-14,0.0005374504835344851,0.00040375179378315806
2.1281981013016775,0,0.0014612880768254399,43,44,44,2.1660308837890625,-0.12566106047392328,7.7245096921545251,193.65202536668576,0,176.85131595478111,-60.492865370672263,317.60932458247521,0,0.00040375179378315806,0.00044765727943740785
2.1281981013016775,0,0.0014612880768254399,43,44,45,1.9227514266967773,0.17563664675568413,7.9067261327323948,-18.907874999531963,0,5.2750928529905394,122.71469967143254,117.1642803043792,1.4210854715202004e-14,0.00044765727943740785,0.00055770028848201036
2.1281981013016775,0,0.0014612880768254399,43,44,46,2.5716495513916016,-0.35617754704311194,7.423299299120349,-226.22033753150501,0,-231.30037684519951,178.89093477095838,-271.5626578536689,0,0.00055770028848201036,0.00047691387590020895
2.1281981013016775,0,0.0014612880768254399,43,44,47,2.716001033782959,-0.76039957079018317,7.5036557641031747,69.718383836549094,0,54.323919891137677,-77.611403552588357,53.17415636841141,7.1054273576010019e-15,0.00047691387590020895,0.00056576734641566873
2.1281981013016775,0,0.0014612880768254399,43,44,48,2.1019563674926758,-0.4363364397589013,8.0904951089312309,211.42955246137203,0,197.62749549507348,-66.180662470964648,350.53054415465317,0,0.00056576734641566873,0.00049830012721940875
2.1281981013016775,0,0.0014612880768254399,43,44,49,1.9838041067123413,-0.20859233822715059,8.1457458747428468,2.6910209538932452,0,22.102070453792429,96.734155600428892,129.46440054463025,-2.8421709430404007e-14,0.00049830012721940875,0.00048758770572021604
2.1281981013016775,0,0.0014612880768254399,43,44,50,2.1835551261901855,-0.29251466396502523,7.9365576330651209,-70.979583216522713,0,-101.92987283914296,96.108124291119864,-69.157288795445709,-1.4210854715202004e-14,0.00048758770572021604,0.00038595465593971312
2.1281981013016775,0,0.0014612880768254399,43,44,51,2.3327343463897705,-0.57626349257259724,7.8032785683722334,-87.191950459710029,0,-96.599877839792626,74.977242622488234,-101.58757060121479,0,0.00038595465593971312,0.00043222113163210452
2.1281981013016775,0,0.0014612880768254399,43,44,52,2.7212152481079102,-0.95060621624491759,7.4217174463242754,-169.00512214068914,0,-122.26079841980426,18.924516957715312,-265.87029237269871,5.6843418860808015e-14,0.00043222113163210452,0.0006978078163228929
2.1281981013016775,0,0.0014612880768254399,43,44,53,2.909477710723877,-0.79588036330034595,7.1752976669184916,15.519278631786557,0,-2.9271899192893391,-49.037977134037405,-30.066471117922042,0,0.0006978078163228929,0.00057301786728203297
2.1281981013016775,0,0.0014612880768254399,43,44,54,2.3641047477722168,-0.1846172622873021,7.4348005543814084,141.02362733281663,0,110.99941373616407,20.961851583553671,280.23507594462848,0,0.00057301786728203297,0.0004640424158424139
2.1281981013016775,0,0.0014612880768254399,43,44,55,2.4824874401092529,-0.3665481790728109,7.2739397638804277,-113.42065549538896,0,-100.35622885209955,114.32356330506218,-92.545929457618712,0,0.0004640424158424139,0.0007773740217089653
2.1281981013016775,0,0.0014612880768254399,43,44,56,3.1076424121856689,-1.2886428051947805,6.9064457872454197,-65.831018192661475,0,-84.396427797812507,-6.7613665595713446,-151.37100956799469,0,0.0007773740217089653,0.00094241258921101689
2.1281981013016775,0,0.0014612880768254399,43,44,57,2.591275691986084,-0.63410882838131988,7.2337873432497082,195.21979572142916,0,215.29684986156798,-28.163577409172724,388.9527466886928,-5.6843418860808015e-14,0.00094241258921101689,0.00044267135672271252
2.1281981013016775,0,0.0014612880768254399,43,44,58,2.376718282699585,-0.61653891787279358,7.2734853476662451,-33.663581432317677,0,-66.263545948975846,114.14180701666753,20.871626065167458,-3.5527136788005009e-15,0.00044267135672271252,0.00048376998165622354
2.1281981013016775,0,0.0014612880768254399,43,44,59,3.1661427021026611,-1.2032208422171145,6.6640673166953581,-144.03712701562549,0,-281.9372872164609,117.90125800157723,-302.61230975603092,0,0.00048376998165622354,0.00035633635707199574
2.1281981013016775,0,0.0014612880768254399,43,44,60,3.0676658153533936,-0.74126692738239297,6.5044423088581924,165.2828708270128,0,194.07655845681401,-54.278725553718189,310.84387911158444,0,0.00035633635707199574,0.00030607302323915064
2.1281981013016775,0,0.0014612880768254399,43,44,61,2.5241451263427734,-0.58234361975815085,6.2451777827755066,40.338801384822261,0,218.02042052779041,26.788005355801761,290.81006143143179,0,0.00030607302323915064,0.0006720480159856379
2.1281981013016775,0,0.0014612880768254399,43,44,62,3.2379069328308105,-0.48562912705960126,5.1160092568980406,-190.28512880715982,0,-236.99372126488635,84.183834939842825,-338.4646350023649,0,0.0006720480159856379,0.0006416324176825583
2.1281981013016775,0,0.0014612880768254399,43,44,63,3.340533971786499,-0.33870737866294404,4.6807900564427323,33.534687834623092,0,120.11953313354634,-56.359622952448262,101.63668069350096,1.4210854715202004e-14,0.0006416324176825583,0.00038195741944946349
2.1281981013016775,0,0.0014612880768254399,43,44,64,2.9719517230987549,-0.37489720067980792,4.3787565518508895,-3.3443809690425765,0,10.24002528925018,-24.792928251232894,-13.893424579854209,0,0.00038195741944946349,0.00054769299458712339
2.1281981013016775,0,0.0014612880768254399,43,44,65,3.5116438865661621,-0.0041885320611591325,3.5840042624623289,-9.7779662149830049,0,-85.977576981683697,-51.442087465720611,-143.61781493198615,0,0.00054769299458712339,0.00048985210014507174
2.1281981013016775,0,0.0014612880768254399,43,44,66,2.7407228946685791,0.54158127441919535,3.6316344747354066,143.43149026291371,0,388.88405782207326,-85.2536518007079,451.23511203343367,0,0.00048985210014507174,0.00029965353314764798
2.1281981013016775,0,0.0014612880768254399,43,44,67,2.5635216236114502,0.7981263138456175,3.3666052997645304,-83.891295420011957,0,-14.591081571932756,87.643730677452197,-6.6739147008823592,1.865174681370263e-14,0.00029965353314764798,0.00060111796483397484
2.1281981013016775,0,0.0014612880768254399,43,44,68,3.8592727184295654,-0.069212114462218241,2.1729514165812045,-227.16876599150328,0,-492.43684789699859,75.178251372310683,-642.3236232140722,0,0.00060111796483397484,0.00049287173897027969
2.1281981013016775,0,0.0014612880768254399,43,44,69,4.1852898597717285,-0.3239202098026277,1.938842779398853,114.22713784147041,0,103.85691370290341,-189.98035255337061,29.718621560599438,-7.1054273576010019e-15,0.00049287173897027969,0.00041607944876886904
2.1281981013016775,0,0.0014612880768254399,43,44,70,3.0990240573883057,0.31059889969773835,2.7927999885917951,194.20496258515027,0,489.5520786554315,-150.79180416063295,536.06863596823837,0,0.00041607944876886904,0.00052570999832823873
2.1281981013016775,0,0.0014612880768254399,43,44,71,2.8610007762908936,1.0370042499547296,2.8606402504579016,-114.01209763670906,0,6.6703252589212445,130.6943554638969,27.250227586521717,1.4210854715202004e-14,0.00052570999832823873,0.00062195147620514035
2.1281981013016775,0,0.0014612880768254399,43,44,72,3.7999472618103027,0.1143822333457533,2.2774913643791064,-338.40606183581758,0,-372.00144387087408,164.88362698706516,-543.13200512190167,1.1368683772161603e-13,0.00062195147620514035,0.0008093490032479167
2.1281981013016775,0,0.0014612880768254399,43,44,73,4.5753011703491211,-1.3448739437153259,2.6468624368834281,-9.8154921991219339,0,-242.13363899675034,-157.84603655294072,-408.49317925564492,0,0.0008093490032479167,0.00086885661585256457
2.1281981013016775,0,0.0014612880768254399,43,44,74,3.5448348522186279,-0.29988283486567358,3.9089035703140977,345.21637533122231,0,363.5758814929676,-164.08970768784761,548.31156987179077,0,0.00086885661585256457,0.00082054251106455922
2.1281981013016775,0,0.0014612880768254399,43,44,75,2.7131686210632324,0.71600508238723704,4.8597035348466893,135.75269496937193,0,340.86841902114253,-65.59574658775567,416.60107601999272,5.6843418860808015e-14,0.00082054251106455922,0.00057973602088168263
2.1281981013016775,0,0.0014612880768254399,43,44,76,2.9788312911987305,0.64229628686027318,4.8843022380874874,-182.35572520215109,0,-178.03942124391023,119.204225433462,-235.66432248765153,0,0.00057973602088168263,0.00076240883208811283
2.1281981013016775,0,0.0014612880768254399,43,44,77,3.9098067283630371,-0.59834888537773223,4.597639855871031,-232.36252535278399,0,-306.47193880294628,94.392860503065194,-440.4423126821718,-5.6843418860808015e-14,0.00076240883208811283,0.00085798924556002021
2.1281981013016775,0,0.0014612880768254399,43,44,78,3.7856926918029785,-0.78027215420451712,5.1438914837509957,132.12279020796791,0,159.4376277497897,-191.30371454185263,104.62032274545147,1.4210854715202004e-14,0.00085798924556002021,0.00087413867004215717
2.1281981013016775,0,0.0014612880768254399,43,44,79,2.9893240928649902,-0.21570047853118404,6.1204956610182508,230.89705409393238,0,308.50013666742905,-109.99910152418241,435.3028844196661,-5.6843418860808015e-14,0.00087413867004215717,0.00044563549454323947
2.1281981013016775,0,0.0014612880768254399,43,44,80,2.9596889019012451,-0.18201249501189776,6.218474934890776,-90.431584986069169,0,-53.074304619311306,44.062847419479141,-93.406579746022445,1.4210854715202004e-14,0.00044563549454323947,0.00061652675503864884
2.1281981013016775,0,0.0014612880768254399,43,44,81,3.5500245094299316,-0.48285706068711015,6.0554657053182552,-63.84654625752318,0,-113.19321540021649,-45.260415782869352,-216.72756879597787,0,0.00061652675503864884,0.00066254253033548594
2.1281981013016775,0,0.0014612880768254399,43,44,82,3.0698816776275635,-0.3676392878507635,6.5414794609686826,174.21829711985043,0,271.09227780031006,-111.84831675996777,339.63609833331066,0,0.00066254253033548594,0.0005099825793877244
2.1281981013016775,0,0.0014612880768254399,43,44,83,2.942774772644043,-0.2374213186371433,6.7803213879388027,49.387295099435015,0,88.773099643581219,-20.61661252947551,124.08668228284239,0,0.0005099825793877244,0.00023383527877740562
2.1281981013016775,0,0.0014612880768254399,43,44,84,3.0347318649291992,-0.28109689892003653,6.8332968860300394,-36.909252747429591,0,28.776882515165067,51.72924282260982,50.1490725774553,0,0.00023383527877740562,0.00046304409625008702
2.1281981013016775,0,0.0014612880768254399,43,44,85,3.3991835117340088,-0.75285868348835183,6.7271585148588287,-164.21370659195887,0,-111.2744955155477,-48.019065086439063,-317.53296736257516,0,0.00046304409625008702,0.00015240158245433122
2.1281981013016775,0,0.0014612880768254399,43,44,86,3.7493371963500977,-0.57472943951854827,6.6333811569752292,32.8610148411029,0,110.48906035187461,-226.27156865767728,-76.862841747243095,-2.8421709430404007e-14,0.00015240158245433122,0.00027992535615339875
2.1281981013016775,0,0.0014612880768254399,43,44,87,3.0047428607940674,-0.29372686542277399,7.1405874062497681,228.0857052561154,0,286.27871726842955,-142.07794433066778,379.13333873470418,0,0.00027992535615339875,0.00024937751004472375
2.1281981013016775,0,0.0014612880768254399,43,44,88,3.1016304492950439,-0.49577318831210265,7.0296996527109741,-202.64145644539289,0,-138.433192332061,133.87982204793374,-200.66090026512126,2.8421709430404007e-14,0.00024937751004472375,0.00016761053120717406
2.1281981013016775,0,0.0014612880768254399,43,44,89,4.1402368545532227,-1.1711994763697593,6.3315117648310055,-265.86343980168203,0,-213.53557595382992,58.916610880384411,-415.32209258666632,5.6843418860808015e-14,0.00016761053120717406,0.00026295988936908543
2.1281981013016775,0,0.0014612880768254399,43,44,90,3.7956740856170654,-1.0348293616926016,6.6567112550626897,330.95438032454274,0,374.62451016218535,-305.99960087215408,405.20117150794403,-1.1368683772161603e-13,0.00026295988936908543,0.00030079230782575905
2.1281981013016775,0,0.0014612880768254399,43,44,91,3.0092473030090332,-0.39729998377198761,7.1953767452183728,189.4148522880422,0,184.62931037161192,-14.150069680073937,366.69216974102659,0,0.00030079230782575905,0.00030959403375163674
2.1281981013016775,0,0.0014612880768254399,43,44,92,3.8589177131652832,-0.65437528166993819,6.3912824742484862,-453.49760256410565,0,-280.64655651853445,202.30404890104808,-526.10320298901343,1.1368683772161603e-13,0.00030959403375163674,0.00044633692596107721
2.1281981013016775,0,0.0014612880768254399,43,44,93,4.7172694206237793,-1.5988746028737684,5.9688570340785869,-89.943257722904733,0,70.683943724089048,-302.93519637607847,-317.82452794368936,-5.6843418860808015e-14,0.00044633692596107721,0.00058511522365733981
2.1281981013016775,0,0.0014612880768254399,43,44,94,3.6003134250640869,-0.9413929753021123,6.8711510950642065,489.62125699140933,0,444.4525351350012,-298.63732909700155,641.36622114917111,1.1368683772161603e-13,0.00058511522365733981,0.00033160281600430608
2.1281981013016775,0,0.0014612880768254399,43,44,95,3.1266870498657227,-0.84566729993358225,6.9743131356320074,-40.036309321371924,0,-104.8200262436517,121.49379993529509,-17.233889794030116,-1.0658141036401503e-14,0.00033160281600430608,0.00050174584612250328
2.1281981013016775,0,0.0014612880768254399,43,44,96,3.9901833534240723,-1.9023647249375795,6.2472210624145932,-224.25756540458619,0,-375.3203724332833,136.18065434500849,-459.05242715538395,0,0.00050174584612250328,0.00083633884787559509
2.1281981013016775,0,0.0014612880768254399,43,44,97,3.6452221870422363,-1.5354239506502716,6.3906336724167367,270.36623158544813,0,106.37017570149507,-208.99688975045268,172.594727258257,-2.8421709430404007e-14,0.00083633884787559509,0.00071200256934389472
2.1281981013016775,0,0.0014612880768254399,43,44,98,2.856736421585083,-1.3478405550378578,6.2714128305182868,169.48496526830911,0,-7.1937311594329323,-94.194135943581642,73.020670440774964,-1.4210854715202004e-14,0.00071200256934389472,0.00069101218832656741
2.1281981013016775,0,0.0014612880768254399,43,44,99,2.672191858291626,-0.31317434979803416,5.719689725501218,108.00337179380243,0,-59.520942381473965,-76.56622331609276,-22.677278528061116,0,0.00069101218832656741,0.00062216154765337706
2.1281981013016775,0,0.0014612880768254399,43,44,100,1.6569684743881226,0.16288367558346956,5.2043925732266159,101.97718821044856,0,191.44043964928053,-69.875911391706225,228.90899271683298,0,0.00062216154765337706,0.00058654887834563851
2.1281981013016775,0,0.0014612880768254399,43,44,101,1.8036644458770752,0.21606056992110415,2.9047144805892815,-18.414326729878638,0,49.025006196041559,-73.611378378057566,-39.879923861384256,0,0.00058654887834563851,0.0005005176062695682
2.1281981013016775,0,0.0014612880768254399,43,44,102,1.9014567136764526,0.039338351190918622,0.56727734023752807,11.202158891281798,0,114.22754573260235,-81.500156026324589,44.536164288987997,-7.1054273576010019e-15,0.0005005176062695682,0.00043864626786671579
2.1281981013016775,0,0.0014612880768254399,43,44,103,1.6296929121017456,0.17301582299922827,0.018693009014872013,23.489716084668959,0,112.51676874699908,-76.127414036346451,60.070779627335682,0,0.00043864626786671579,0.00032065768027678132
2.1281981013016775,0,0.0014612880768254399,43,44,104,1.3529011011123657,0.097903280685004562,0.0052115974706647009,13.893995627438931,0,96.207976040219975,-67.358407325342327,42.846679220472247,-7.1054273576010019e-15,0.00032065768027678132,0.00023445184342563152
2.1281981013016775,0,0.0014612880768254399,43,44,105,1.1375850439071655,0.048628369535762529,0.00350011712679495,8.5143194882177227,0,80.138370693213375,-60.017101154371737,28.68771751372191,-3.5527136788005009e-15,0.00023445184342563152,0.000174091721419245
2.1281981013016775,0,0.0014612880768254399,43,44,106,0.97293722629547119,0.023501084548761274,0.0031342063672403194,5.4269507214136228,0,64.730691075126927,-53.892942121124705,16.291334966331853,7.1054273576010019e-15,0.000174091721419245,0.000133959372760728
2.1281981013016775,0,0.0014612880768254399,43,44,107,0.84244418144226074,0.012396666573706127,0.0025321488554770019,3.6183614423699622,0,51.422998160745593,-48.7389929343218,6.3172954842229387,0,0.000133959372760728,0.0001058482812368311
2.1281981013016775,0,0.0014612880768254399,43,44,108,0.7377123236656189,0.0072915228006462367,0.0023754970264477566,2.46574268172008,0,39.710852987193093,-44.35567246310238,-2.1694097743621144,1.3322676295501878e-15,0.0001058482812368311,8.5043815488461405e-05
2.1281981013016775,0,0.0014612880768254399,43,44,109,0.6533626914024353,0.0044683587840072259,0.00218026666669455,1.7105730400373029,0,29.250321752013505,-40.594916226570462,-9.6273728090689499,1.7763568394002505e-15,8.5043815488461405e-05,6.9298352173063904e-05
2.1281981013016775,0,0.0014612880768254399,43,44,110,0.58489793539047241,0.0027711780628322034,0.0019195699545340803,1.2103353558200847,0,20.061921379143651,-37.341576558177984,-16.06462907519688,0,6.9298352173063904e-05,5.7174409448634833e-05
2.1281981013016775,0,0.0014612880768254399,43,44,111,0.52871823310852051,0.0018078192301787814,0.0017816227309362879,0.87064362113637672,0,11.870937191218646,-34.506427272812012,-21.761257018495872,3.5527136788005009e-15,5.7174409448634833e-05,4.7687215555924922e-05
2.1281981013016775,0,0.0014612880768254399,43,44,112,0.48238873481750488,0.0011848018738534534,0.0016296469365663167,0.63257796197673921,0,4.4149320339451466,-32.020432796390864,-26.97010835165856,0,4.7687215555924922e-05,4.0137700125342235e-05
2.1281981013016775,0,0.0014612880768254399,43,44,113,0.44392579793930054,0.00078612448449969885,0.0014776712977944641,0.46354787689877502,0,-2.3302412476879861,-29.82881334989435,-31.693242924901266,0,4.0137700125342235e-05,3.4055112337227911e-05
2.1281981013016775,0,0.0014612880768254399,43,44,114,0.4118657112121582,0.0005558005250841494,0.0013408932384596087,0.34065027884377841,0,-8.5078544137763963,-27.887924582204363,-36.05323202337344,0,3.4055112337227911e-05,2.9053038815618493e-05
2.1281981013016775,0,0.0014612880768254399,43,44,115,0.38506901264190674,0.00039367459864548279,0.0011971008159396047,0.24844648846763506,0,-14.19416271143718,-26.162422726737876,-40.10654817429284,0,2.9053038815618493e-05,2.4905080863391049e-05
2.1281981013016775,0,0.0014612880768254399,43,44,116,0.36276322603225708,0.00029285969905860004,0.0010123919231650616,0.17904381236721131,0,-19.554056130759061,-24.624081717164305,-43.997788783933935,-7.1054273576010019e-15,2.4905080863391049e-05,2.1407138774520718e-05
2.1281981013016775,0,0.0014612880768254399,43,44,117,0.34417122602462769,0.00017528478152709659,0.00078325937854340486,0.12824097188347475,0,-24.511320213738141,-23.249733337189181,-47.631854034883773,0,2.1407138774520718e-05,1.8443992303218693e-05
2.1281981013016775,0,0.0014612880768254399,43,44,118,0.32864949107170105,0.00011941439848924135,0.00057400052581707886,0.091306429885864571,0,-29.044601859617096,-22.020757356639212,-50.973359371446136,0,1.8443992303218693e-05,1.5919185898383148e-05
2.1281981013016775,0,0.0014612880768254399,43,44,119,0.31562969088554382,7.9134985831658553e-05,0.0004103343725022145,0.063121152668472388,0,-33.129447995035839,-20.921786477118381,-53.987623850127413,0,1.5919185898383148e-05,1.376712134515401e-05
2.1281981013016775,0,0.0014612880768254399,43,44,120,0.30480784177780151,6.9771499501159896e-05,0.00023614684945751077,0.041625290014976453,0,-36.886777946059425,-19.940431005493863,-56.785277743189354,0,1.376712134515401e-05,1.1893250302819069e-05
2.1281981013016775,0,0.0014612880768254399,43,44,121,0.29574877023696899,3.1309341582565511e-05,5.0268884806413332e-05,0.027593835076072094,0,-40.188493502700567,-19.066401887962343,-59.227219977360448,0,1.1893250302819069e-05,1.0273117368342355e-05
2.1281981013016775,0,0.0014612880768254399,43,44,122,0.28811144828796387,2.064939714081561e-05,-8.183306693254974e-05,0.018477468277103708,0,-43.062983887742625,-18.29189820662538,-61.336465809760689,7.1054273576010019e-15,1.0273117368342355e-05,8.8824126578401774e-06
2.1281981013016775,0,0.0014612880768254399,43,44,123,0.28165742754936218,-3.5182679585224112e-06,-0.00018003274141668,0.012318312184735806,0,-45.51971217544672,-17.610434492485044,-63.118011906756408,0,8.8824126578401774e-06,7.6802452895208262e-06
2.1281981013016775,0,0.0014612880768254399,43,44,124,0.27616924047470093,-3.0024018461674446e-05,-0.00027589433049699625,0.0097282034968857265,0,-47.534184503339567,-17.016942698226924,-64.541704916418567,0,7.6802452895208262e-06,6.6208067437401041e-06
2.1281981013016775,0,0.0014612880768254399,43,44,125,0.27139744162559509,-1.2360947936401487e-05,-0.0003343465142167586,0.010319645638205824,0,-49.05175365701885,-16.506640300328964,-65.548421019171755,0,6.6208067437401041e-06,5.7193201428162865e-06
2.1281981013016775,0,0.0014612880768254399,43,44,126,0.2671755850315094,-3.4445339000849161e-05,-0.00035305123634680037,0.013236067231611817,0,-50.107671627562894,-16.076019435056441,-66.170842491963072,0,5.7193201428162865e-06,4.9624309212958906e-06
2.1281981013016775,0,0.0014612880768254399,43,44,127,0.26330438256263733,-4.1853015330213763e-05,-0.00040682722980916986,0.021842570115649086,0,-50.638796867746635,-15.72259196650449,-66.339994944380621,0,4.9624309212958906e-06,4.3286886466376018e-06
2.1281981013016775,0,0.0014612880768254399,43,44,128,0.25927391648292542,-5.5626716384174176e-05,-0.00047463175514418833,0.036037181507331408,0,-50.29604594957334,-15.449457867275891,-65.709996893813425,0,4.3286886466376018e-06,3.667351620606496e-06
2.1281981013016775,0,0.0014612880768254399,43,44,129,0.25487607717514038,-7.8752720153860991e-05,-0.00053308397776348037,0.055106091925755211,0,-49.021681883316212,-15.258401661072902,-64.225589289161277,0,3.667351620606496e-06,2.8757419840985676e-06
2.1281981013016775,0,0.0014612880768254399,43,44,130,0.24971865117549896,-0.00019894277526417522,-0.0010451251771677521,0.099454055246463835,0,-46.586449458265605,-15.150891755970527,-61.639131226942105,-7.1054273576010019e-15,2.8757419840985676e-06,1.925891183418571e-06
2.1281981013016775,0,0.0014612880768254399,43,44,131,0.24111218750476837,0.00011780131279402318,-0.0024631753214771649,0.21707966042107271,0,-40.101092630403073,-15.1703277684077,-55.056686112398381,7.1054273576010019e-15,1.925891183418571e-06,8.8996387148654321e-07
2.1281981013016775,0,0.0014612880768254399,43,44,132,0.22224453091621399,-3.1556854427239989e-06,-0.0016997897904272093,0.29141781921802967,0,-23.821158221209082,-15.401683618446844,-38.933126965913765,0,8.8996387148654321e-07,8.8996387148654321e-07
2.129659389378503,0,0.0014614356914535165,44,44,0,0.009119831956923008,0,4.1377522705173009,-0.31153043536307445,0,-100.51769507115746,148.12530392586626,51.433826866269911,-3.8235931185681693e-06,0.00014339914196170866,0.00014339914196170866
2.129659389378503,0,0.0014614356914535165,44,44,1,0.04169093444943428,0.043414350757473713,8.7802787351585838,-1.214464939523104,0,-32.083298250538867,54.46322973971607,29.989162184632232,2.5490620778612083e-06,0.00014339914196170866,0.00034200356458313763
2.129659389378503,0,0.0014614356914535165,44,44,2,0.10413617640733719,0.0717529111284642,9.5556772909715324,-1.4456495754975232,0,-25.314750777005898,41.624067989220976,24.491097838817549,-3.5527136788005009e-15,0.00034200356458313763,0.00047623168211430311
2.129659389378503,0,0.0014614356914535165,44,44,3,0.079193472862243652,0.11679547528736095,9.7564254884859256,-6.3034277636034881,0,-74.868721470917151,49.823238317309958,-21.475689953437399,-3.5527136788005009e-15,0.00047623168211430311,0.00042442959966138005
2.129659389378503,0,0.0014614356914535165,44,44,4,0.25509470701217651,-0.023928045712967486,9.6997394460266779,-14.80260740373487,0,-87.566736556107202,57.599249046312238,-35.094283513216133,-7.1054273576010019e-15,0.00042442959966138005,0.000507509452290833
2.129659389378503,0,0.0014614356914535165,44,44,5,0.34499639272689819,-0.21105660455213099,9.8214692682288014,4.7622189489786901,0,-18.20201619658112,54.798268262814993,50.968883678889235,0,0.000507509452290833,0.0003721413086168468
2.129659389378503,0,0.0014614356914535165,44,44,6,0.29760140180587769,-0.0052619013916046804,9.9398132987276906,6.912811641757683,0,6.514627752897427,62.694263343762451,86.056254135753647,0,0.0003721413086168468,0.00060191057855263352
2.129659389378503,0,0.0014614356914535165,44,44,7,0.36232173442840576,-0.084948130967941807,9.885806320510941,-23.165529479624112,0,-77.40853045217095,77.708667217317185,-13.064534524934885,0,0.00060191057855263352,0.00030273851007223129
2.129659389378503,0,0.0014614356914535165,44,44,8,0.57135993242263794,-0.31085812024037335,9.7473635728036427,-51.470539095562508,0,-150.16936621634034,89.50941754967107,-102.6939823096685,1.4210854715202004e-14,0.00030273851007223129,0.00049105030484497547
2.129659389378503,0,0.0014614356914535165,44,44,9,0.76170510053634644,-0.62042386600791466,9.6638843388573363,-25.324054853585459,0,-96.725118943617687,52.988882823360271,-60.016830500993457,-7.1054273576010019e-15,0.00049105030484497547,0.00043943375931121409
2.129659389378503,0,0.0014614356914535165,44,44,10,0.71024924516677856,-0.42075009815880449,9.6275136838830058,31.811886865933754,0,43.230502204261605,61.919980639873529,146.16913329579307,0,0.00043943375931121409,0.00056182255502790213
2.129659389378503,0,0.0014614356914535165,44,44,11,0.5526166558265686,-0.0049751319079880995,9.5560048454483741,23.168486391632957,0,67.865453812309539,98.115357007694257,198.70032692517714,0,0.00056182255502790213,0.00067012087674811482
2.129659389378503,0,0.0014614356914535165,44,44,12,0.69325929880142212,-0.20958898206153323,9.3767503393638041,-40.756933150130116,0,-85.386482977004988,129.77846021834151,12.802205448508667,-5.3290705182007514e-15,0.00067012087674811482,0.00052395102102309465
2.129659389378503,0,0.0014614356914535165,44,44,13,1.1033326387405396,-0.83293279867818382,9.1202802821206319,-87.858461416400687,0,-160.97563566638098,134.05831505244257,-106.48843454689664,1.4210854715202004e-14,0.00052395102102309465,0.00064887257758527994
2.129659389378503,0,0.0014614356914535165,44,44,14,1.3563331365585327,-1.2003807342844151,9.0710687269354686,38.179810998199166,0,-26.412198472840977,4.8584715329907979,24.49677205100004,3.5527136788005009e-15,0.00064887257758527994,0.00072703801561146975
2.129659389378503,0,0.0014614356914535165,44,44,15,1.0271013975143433,-0.49606723533586322,9.2859674053025429,111.29351852375531,0,110.33140053356649,28.445085675171267,258.85990490245973,0,0.00072703801561146975,0.00067606347147375345
2.129659389378503,0,0.0014614356914535165,44,44,16,0.89788341522216797,-0.030094864141762264,9.3429402172454079,-23.376367502103175,0,-55.902399599414892,142.72382099307157,72.757899244657139,-1.4210854715202004e-14,0.00067606347147375345,0.00067182752536609769
2.129659389378503,0,0.0014614356914535165,44,44,17,1.3684183359146118,-0.86599222201502246,9.1150833818119796,-162.26766346677061,0,-213.15823995866697,178.32687690427881,-188.84993536136182,-2.8421709430404007e-14,0.00067182752536609769,0.00069317995803430676
2.129659389378503,0,0.0014614356914535165,44,44,18,1.738107442855835,-1.7993625273695584,9.1440056773985106,23.859873596791115,0,-30.44705785263665,-59.103083512770041,-58.345624618586626,0,0.00069317995803430676,0.0010176276555284858
2.129659389378503,0,0.0014614356914535165,44,44,19,1.2999018430709839,-0.96670247833356981,9.517031598093844,188.979305359873,0,193.73989290912266,-43.107698589659712,348.16182879909621,0,0.0010176276555284858,0.00070679752388969064
2.129659389378503,0,0.0014614356914535165,44,44,20,1.0185580253601074,-0.37243772462115959,9.6564888725076248,14.866293170656441,0,55.959294664964425,119.8193766475803,199.92901563108762,0,0.00070679752388969064,0.0006049925577826798
2.129659389378503,0,0.0014614356914535165,44,44,21,1.3650808334350586,-0.909888345504972,9.3975717156709244,-169.88132443211478,0,-181.42967683389284,195.2578287869882,-147.56548910885348,0,0.0006049925577826798,0.00086824328172951937
2.129659389378503,0,0.0014614356914535165,44,44,22,1.7763576507568359,-2.2018180070046633,9.2900051196318643,-73.129450532941178,0,-123.33284067398158,41.302146939568189,-148.07195715472736,0,0.00086824328172951937,0.00073474569944664836
2.129659389378503,0,0.0014614356914535165,44,44,23,1.5517165660858154,-1.721264363466938,9.6155260822023134,206.70372928578388,0,209.54521976380232,-120.12844532624291,304.01476544207867,0,0.00073474569944664836,0.00060060195391997695
2.129659389378503,0,0.0014614356914535165,44,44,24,1.193021297454834,-0.77074970385076458,9.7775444677904897,120.52952494962217,0,153.35002469802177,-7.6619503973231025,275.22439401426055,0,0.00060060195391997695,0.00053293094970285892
2.129659389378503,0,0.0014614356914535165,44,44,25,1.3045073747634888,-0.62389505129071365,9.4634713430060149,-88.586147265529505,0,-35.490611684884627,96.455040718478642,-18.782141940220193,-7.1054273576010019e-15,0.00053293094970285892,0.00073602271731942892
2.129659389378503,0,0.0014614356914535165,44,44,26,1.8021153211593628,-1.539410451329762,8.8993071888250395,-187.78797570775706,0,-158.70819396801102,148.34391148955478,-190.792361448718,0,0.00073602271731942892,0.00098017824348062277
2.129659389378503,0,0.0014614356914535165,44,44,27,2.1526792049407959,-1.6213385810024616,8.5149812759441748,-6.9554727446715239,0,-70.002057252412186,-25.342489670523371,-95.40637697266537,-1.4210854715202004e-14,0.00098017824348062277,0.00082356511848047376
2.129659389378503,0,0.0014614356914535165,44,44,28,1.7469215393066406,-1.0933507158124773,8.4138491498519521,80.11233079306021,0,101.44981569882896,0.95828420082562527,189.84092912675428,0,0.00082356511848047376,0.00091260531917214394
2.129659389378503,0,0.0014614356914535165,44,44,29,1.8734322786331177,-0.7235965162924497,8.1186499179480816,0.95640809113725367,0,-95.384271506337171,17.637144040408369,-69.39566597313592,0,0.00091260531917214394,0.00073874049121513963
2.129659389378503,0,0.0014614356914535165,44,44,30,1.755671501159668,-0.51458553405678376,7.7685228591522915,47.291831044660604,0,54.662005600448701,9.3032200947024357,118.51099406490725,0,0.00073874049121513963,0.00064029230270534754
2.129659389378503,0,0.0014614356914535165,44,44,31,1.6481281518936157,-0.11030046511620496,6.3707969252257337,-68.038178258619396,0,-48.49303066513712,48.766045409788411,-61.504667053858576,0,0.00064029230270534754,0.00061214441666379571
2.129659389378503,0,0.0014614356914535165,44,44,32,2.1318643093109131,0.80870332637465936,4.2178023787050716,-105.8646280755131,0,-159.62022798651896,50.558953711980045,-209.89939664497228,0,0.00061214441666379571,0.00013430236140266061
2.129659389378503,0,0.0014614356914535165,44,44,33,2.1918869018554688,0.28478503878995387,3.6875101613978485,46.401086792616354,0,16.250535840728865,25.294852798436022,91.918770631969039,-1.4210854715202004e-14,0.00013430236140266061,0.0002326540561625734
2.129659389378503,0,0.0014614356914535165,44,44,34,1.8422408103942871,0.524086207049001,4.3230470978251168,76.021188122613395,0,142.56378067965483,15.961125528800936,239.39322763594328,0,0.0002326540561625734,0.00026630845968611538
2.129659389378503,0,0.0014614356914535165,44,44,35,1.8881372213363647,0.67465643621844407,4.2511103355943778,-52.648858334839538,0,-103.51255751620029,97.108824159882914,-54.126824919344088,1.4210854715202004e-14,0.00026630845968611538,0.00046677011414431036
2.129659389378503,0,0.0014614356914535165,44,44,36,2.3627684116363525,0.4621379445653877,3.9220856871996537,-115.75939371195774,0,-126.36137113093201,64.268666044748628,-173.46787516637607,0,0.00046677011414431036,0.00032780459150671959
2.129659389378503,0,0.0014614356914535165,44,44,37,2.2759866714477539,0.39710531696909829,4.3559777935270869,-65.756176317667936,0,99.187308984639273,15.504496744648582,53.688712522116099,-7.1054273576010019e-15,0.00032780459150671959,0.00032965949503704906
2.129659389378503,0,0.0014614356914535165,44,44,38,2.226125955581665,0.49076805391138839,4.8008401071338929,-93.247708851227742,0,-51.200664795389578,61.719440828183899,-77.437324657388132,0,0.00032965949503704906,0.00039491665665991604
2.129659389378503,0,0.0014614356914535165,44,44,39,2.5210812091827393,0.26574800593644693,5.0108512776018612,-102.76969964959159,0,-163.72238260513666,92.213564563002734,-169.00191840818721,0,0.00039491665665991604,0.00047341300523839891
2.129659389378503,0,0.0014614356914535165,44,44,40,2.6171853542327881,0.086052512112625212,5.4846881425677676,38.323211034379916,0,-28.497290466499869,16.922672529084601,32.31933375164504,0,0.00047341300523839891,0.00038806634256616235
2.129659389378503,0,0.0014614356914535165,44,44,41,2.2313504219055176,0.44673268790550502,6.1557051554063573,119.3899106689161,0,165.99736952725334,-17.3833798125595,274.60633822692182,0,0.00038806634256616235,0.00044206727761775255
2.129659389378503,0,0.0014614356914535165,44,44,42,2.1245520114898682,0.52482830274604886,6.3330867381301532,-80.339747915285429,0,-49.70499752382517,118.34760938204602,-4.8392210161883762,-8.8817841970012523e-16,0.00044206727761775255,0.00038011805736459792
2.129659389378503,0,0.0014614356914535165,44,44,43,2.8964023590087891,-0.11558530806649897,5.921410663698496,-229.79374535045102,0,-280.65344760247569,154.71232504173889,-349.92904255555584,-5.6843418860808015e-14,0.00038011805736459792,0.00011861594248330221
2.129659389378503,0,0.0014614356914535165,44,44,44,3.1037616729736328,-0.22322455237474206,6.135906590257469,76.146724331761391,0,47.730025011875043,-91.729854543348679,38.059576838170486,0,0.00011861594248330221,0.00023938098456710577
2.129659389378503,0,0.0014614356914535165,44,44,45,2.4018990993499756,0.053129463596884315,6.846059990423492,177.07604194704689,0,161.98575759359619,-64.402114542582368,281.55887445208111,0,0.00023938098456710577,0.00031309205223806202
2.129659389378503,0,0.0014614356914535165,44,44,46,2.4257605075836182,0.24929126116997011,6.7774736516596743,-136.49774706724435,0,-129.04632880495112,144.24037018116741,-114.27694077819838,4.2632564145606011e-14,0.00031309205223806202,0.00024539677542634308
2.129659389378503,0,0.0014614356914535165,44,44,47,3.2272834777832031,-0.015131232486649089,6.228480240427535,-265.23166282408835,0,-222.52569641769952,152.09050253723282,-329.45350769661411,0,0.00024539677542634308,0.00047469104174524546
2.129659389378503,0,0.0014614356914535165,44,44,48,3.3148903846740723,-0.49421916533033416,6.3902609259770697,48.03379164141834,0,55.136579781620256,-110.68084635552231,-1.6144331718369744,3.9968028886505635e-15,0.00047469104174524546,0.00018380173423793167
2.129659389378503,0,0.0014614356914535165,44,44,49,2.8119993209838867,-0.31670439411303675,6.9098432589694925,214.98177779077091,0,57.572585856991083,-23.675851707357797,255.47165080526065,2.8421709430404007e-14,0.00018380173423793167,0.00048277870519086719
2.129659389378503,0,0.0014614356914535165,44,44,50,2.5293052196502686,0.016047620303183852,7.2014279208487553,159.20405791564627,0,29.084431228973724,55.262360700727605,250.76832538649955,0,0.00048277870519086719,0.00047264201566576958
2.129659389378503,0,0.0014614356914535165,44,44,51,2.302687406539917,0.18089928838949224,7.4529094636080364,60.197018601063583,0,-14.814740939219448,79.500066474759464,132.51615288860114,0,0.00047264201566576958,0.00071465864311903715
2.129659389378503,0,0.0014614356914535165,44,44,52,2.6631011962890625,-0.42476678272599405,7.2273773727884594,-169.037156642334,0,-155.35901189432195,60.035836307836526,-257.55772163875696,0,0.00071465864311903715,0.00066809565760195255
2.129659389378503,0,0.0014614356914535165,44,44,53,3.2022888660430908,-0.88412433783133926,6.8217667915680531,-131.1759580112122,0,-62.953268443240795,2.4529726325526222,-185.73861136816367,0,0.00066809565760195255,0.00046311473124660552
2.129659389378503,0,0.0014614356914535165,44,44,54,2.8302149772644043,-0.35833631321345361,7.0855762357952523,164.67104154756109,0,171.78459692597451,-51.115668869507694,292.0672095266097,0,0.00046311473124660552,0.00034857066930271685
2.129659389378503,0,0.0014614356914535165,44,44,55,2.4017300605773926,-0.1138621421027229,7.5026346548016321,118.65822789045119,0,12.573850271439264,30.543392006635209,169.16424268122458,2.8421709430404007e-14,0.00034857066930271685,0.00055373279610648751
2.129659389378503,0,0.0014614356914535165,44,44,56,2.7714476585388184,-0.65511660087032941,7.1170909275136758,-147.38652455858011,0,-148.20662920235785,51.202296195118592,-237.92888323917603,-2.8421709430404007e-14,0.00055373279610648751,0.00064488494535908103
2.129659389378503,0,0.0014614356914535165,44,44,57,3.2029390335083008,-0.63536710516641515,6.6596368845140255,-28.400711602541957,0,14.604453514148927,-74.14679140395728,-81.918779713002692,1.4210854715202004e-14,0.00064488494535908103,0.00029841964715160429
2.129659389378503,0,0.0014614356914535165,44,44,58,2.5566909313201904,-0.41921683731973453,6.8498682891659204,155.36145899391548,0,176.14516526166878,-24.601344773630142,313.33593093380028,0,0.00029841964715160429,0.00046467443462461233
2.129659389378503,0,0.0014614356914535165,44,44,59,2.6399211883544922,-0.95344480647321572,6.5794899119673449,-93.035463746482392,0,-135.15314741058708,65.16495705587154,-157.39760899570379,2.8421709430404007e-14,0.00046467443462461233,0.00065441452898085117
2.129659389378503,0,0.0014614356914535165,44,44,60,3.3485519886016846,-1.5891241717440132,5.8513191037784509,-119.02056177026626,0,-209.40940573636149,-42.406278276168095,-366.57405085076141,0,0.00065441452898085117,0.00064171006670221686
2.129659389378503,0,0.0014614356914535165,44,44,61,2.9945874214172363,-0.76010609514995531,5.8022732376282669,155.57076757914857,0,170.04519853489469,-75.445059308310405,255.21307394821119,2.8421709430404007e-14,0.00064171006670221686,0.00049385253805667162
2.129659389378503,0,0.0014614356914535165,44,44,62,2.7674949169158936,-0.66209210924292294,5.3851574647251628,-3.8530398799965302,0,27.87099611052956,22.071370073867836,50.812391659883104,0,0.00049385253805667162,0.00081341835903003812
2.129659389378503,0,0.0014614356914535165,44,44,63,3.2175924777984619,-0.51314276492143274,4.794098793839586,-28.490112307692186,0,-51.514219823306981,20.793820946073236,-54.92955515600778,-1.4210854715202004e-14,0.00081341835903003812,0.0008216445567086339
2.129659389378503,0,0.0014614356914535165,44,44,64,2.8437836170196533,-0.60311254818026039,4.3486431860344537,-34.826958275119793,0,74.382528664800489,48.803649173542297,92.104750201077181,-1.4210854715202004e-14,0.0008216445567086339,0.00061185396043583751
2.129659389378503,0,0.0014614356914535165,44,44,65,3.6657881736755371,-0.27558451785725524,3.2610460219616035,-104.0568740357874,0,-216.62671813754054,32.751817819807918,-284.94631284941568,0,0.00061185396043583751,0.00034375529503449798
2.129659389378503,0,0.0014614356914535165,44,44,66,3.3541829586029053,-0.25386905802676946,2.8399639084673232,162.91157693981432,0,371.85945969283642,-105.68566352523973,431.67146795785158,5.6843418860808015e-14,0.00034375529503449798,0.00041168802999891341
2.129659389378503,0,0.0014614356914535165,44,44,67,2.5802736282348633,0.27047970241612052,2.7211811206584993,81.418592556085542,0,241.20098167566897,59.919843787103289,385.53107884193241,0,0.00041168802999891341,0.00023186265025287867
2.129659389378503,0,0.0014614356914535165,44,44,68,3.0871367454528809,0.13999831283953806,1.6917373029027365,-182.32947535443313,0,-345.36063389438453,114.08981922927993,-411.76855440379546,5.6843418860808015e-14,0.00023186265025287867,0.00053998996736481786
2.129659389378503,0,0.0014614356914535165,44,44,69,4.2580041885375977,-0.81789086302240543,0.88738849147860499,-159.59950920996042,0,-333.46789300981061,-13.98664243676952,-506.98454702808436,0,0.00053998996736481786,0.00026097148656845093
2.129659389378503,0,0.0014614356914535165,44,44,70,3.8601951599121094,-0.48295310753369719,1.4304700701477986,194.51929412966138,0,389.24773370458297,-175.67923749906103,409.03530729779743,0,0.00026097148656845093,0.00049365381710231304
2.129659389378503,0,0.0014614356914535165,44,44,71,2.5962014198303223,0.76658995317452627,2.3606401873815535,161.46403596025598,0,471.41954351555648,-75.695968586633498,560.31484102973502,0,0.00049365381710231304,0.00036251521669328213
2.129659389378503,0,0.0014614356914535165,44,44,72,2.5844459533691406,1.0271815251627874,2.2359442128205553,-119.02708736918234,0,-206.05916325284855,152.35527871325257,-169.46784617079496,2.8421709430404007e-14,0.00036251521669328213,0.00058246712433174253
2.129659389378503,0,0.0014614356914535165,44,44,73,3.7674455642700195,-0.11508616984862634,1.5782885868055607,-278.15071727818798,0,-479.18223284614652,151.41118769006943,-604.45856001730817,0,0.00058246712433174253,0.00065228610765188932
2.129659389378503,0,0.0014614356914535165,44,44,74,4.2649683952331543,-0.9511194245938448,1.7762814075315385,-37.979964531394366,0,-20.921070124936701,-210.81061496361573,-268.88648763700911,0,0.00065228610765188932,0.00060690607642754912
2.129659389378503,0,0.0014614356914535165,44,44,75,3.5237934589385986,-0.017841204106825773,2.6638084246023683,208.73416938852063,0,338.11852421732442,-150.12760238327746,399.37105844306313,0,0.00060690607642754912,0.00054940552217885852
2.129659389378503,0,0.0014614356914535165,44,44,76,2.7212173938751221,0.63742993365189704,3.6283540777863816,171.30741250523653,0,275.05595199223939,-6.6680201124184171,443.96112839649578,-5.6843418860808015e-14,0.00054940552217885852,0.0003301053075119853
2.129659389378503,0,0.0014614356914535165,44,44,77,2.6655251979827881,0.97123789703334584,4.2962255480224574,13.815019185276745,0,-68.974275423130365,81.403420538605658,31.51162774580785,7.1054273576010019e-15,0.0003301053075119853,0.00049123866483569145
2.129659389378503,0,0.0014614356914535165,44,44,78,3.3618433475494385,0.41805637680936608,4.3200178561798461,-160.74099960035485,0,-138.91792856524367,-48.435605394675662,-343.35645932728499,-5.6843418860808015e-14,0.00049123866483569145,0.00066469731973484159
2.129659389378503,0,0.0014614356914535165,44,44,79,3.7789175510406494,-0.36772896970017532,4.1525763410237211,-146.19902869582737,0,61.061497317470625,-92.704779021410289,-174.05746302844346,2.8421709430404007e-14,0.00066469731973484159,0.00066446186974644661
2.129659389378503,0,0.0014614356914535165,44,44,80,3.534839391708374,-0.29651168024055496,4.4960608626806717,54.251871708573383,0,134.11639288279565,-45.889153557650268,146.67866021615887,0,0.00066446186974644661,0.00042422761907801032
2.129659389378503,0,0.0014614356914535165,44,44,81,3.0720629692077637,0.27658247566024091,5.2933424791556423,159.28350708244949,0,41.129218568292202,3.7385156190194127,209.72116622457699,0,0.00042422761907801032,0.00062363891629502177
2.129659389378503,0,0.0014614356914535165,44,44,82,3.1952981948852539,-0.074358052570741059,5.6114918728333469,-16.961173562689442,0,69.62406193519854,-75.342770545300937,-17.142748352529232,0,0.00062363891629502177,0.00038179568946361542
2.129659389378503,0,0.0014614356914535165,44,44,83,3.6288826465606689,-0.14725549257159498,5.4274438555137445,-93.825876915191984,0,54.294940661419474,-126.37376976887256,-160.62451765970292,0,0.00038179568946361542,0.000442996941274032
2.129659389378503,0,0.0014614356914535165,44,44,84,3.2787270545959473,-0.15995300804061802,5.8359189452427209,137.57577600817993,0,157.5638486280908,-14.341308737858199,286.47428183561465,0,0.000442996941274032,0.00040344148874282837
2.129659389378503,0,0.0014614356914535165,44,44,85,2.9766969680786133,-0.16025507189669416,6.2321617233316529,-24.40541366617499,0,-20.041256251076881,85.458753985000527,47.08399071918361,-7.1054273576010019e-15,0.00040344148874282837,0.00027544307522475719
2.129659389378503,0,0.0014614356914535165,44,44,86,3.8376696109771729,-0.3286301810383716,5.8850145181033993,-225.76467743969337,0,-133.36089166828705,-26.185107630561564,-379.75429240147696,0,0.00027544307522475719,0.00039231491973623633
2.129659389378503,0,0.0014614356914535165,44,44,87,3.6404306888580322,-0.38759317319753628,6.2405659809981762,198.99096078690184,0,328.64025493169828,-245.51717593873394,287.96701258766683,0,0.00039231491973623633,0.00024767577997408807
2.129659389378503,0,0.0014614356914535165,44,44,88,2.7463126182556152,-0.039235800748420556,6.8617494675049153,107.53550767797412,0,112.4626611395566,12.829816888922309,239.65049937320953,0,0.00024767577997408807,0.00018500146688893437
2.129659389378503,0,0.0014614356914535165,44,44,89,3.6724979877471924,-0.37904043266505155,6.244738158352038,-424.90964236101456,0,-318.38201343562827,170.44081296918176,-566.98514510177404,1.1368683772161603e-13,0.00018500146688893437,0.00046819922863505781
2.129659389378503,0,0.0014614356914535165,44,44,90,4.4077401161193848,-1.3260080724016474,5.985611978425057,-78.870672459304018,0,114.5829913673623,-288.1926351701901,-247.82071235610843,-2.8421709430404007e-14,0.00046819922863505781,0.00051906326552852988
2.129659389378503,0,0.0014614356914535165,44,44,91,3.5490403175354004,-0.81276780585578501,6.8437263240923727,423.80436904460436,0,370.93200894688925,-257.98726918740761,542.78006732232257,0,0.00051906326552852988,0.00041435533785261214
2.129659389378503,0,0.0014614356914535165,44,44,92,3.3012213706970215,-0.41880006567021177,6.8762064730723056,-90.981042067729064,0,-102.10588309985386,135.08642316167021,-51.543095598510618,-1.4210854715202004e-14,0.00041435533785261214,0.00034412462264299393
2.129659389378503,0,0.0014614356914535165,44,44,93,4.3663907051086426,-0.76521441555144531,6.0718314541036991,-350.29839145420567,0,-260.41626024394367,104.65461889649987,-500.75341576309717,5.6843418860808015e-14,0.00034412462264299393,0.00043347690370865166
2.129659389378503,0,0.0014614356914535165,44,44,94,4.0787191390991211,-0.95630612865419007,6.4547757753390513,334.48229736131452,0,460.64268004563138,-386.85610170184145,413.76734535178929,-5.6843418860808015e-14,0.00043347690370865166,0.00036623937194235623
2.129659389378503,0,0.0014614356914535165,44,44,95,2.9097926616668701,-0.57787301002888647,7.1866733122839221,276.03887032897319,0,282.76382629193438,-83.350169835243761,482.06132708791881,5.6843418860808015e-14,0.00036623937194235623,0.00038811832200735807
2.129659389378503,0,0.0014614356914535165,44,44,96,3.4254052639007568,-1.0943798996259013,6.5612003915677981,-278.58124366667602,0,-305.37013233694745,143.38486416326998,-435.09969134841162,-1.1368683772161603e-13,0.00038811832200735807,0.00067529233638197184
2.129659389378503,0,0.0014614356914535165,44,44,97,3.9663906097412109,-1.6694062445807538,6.0407418184865467,-10.545857268296032,0,-214.91342214212503,-129.12218889235049,-350.21013272886574,5.6843418860808015e-14,0.00067529233638197184,0.00071244337595999241
2.129659389378503,0,0.0014614356914535165,44,44,98,2.9447681903839111,-0.75478875165818482,6.2136153849278895,208.19205525856771,0,230.12491949544184,-102.9879809333343,340.78782045394496,5.6843418860808015e-14,0.00071244337595999241,0.00064031098736450076
2.129659389378503,0,0.0014614356914535165,44,44,99,2.6732423305511475,-0.46947733154941473,5.8180213431374508,40.71712699674206,0,-161.62848105294108,-54.171280561959854,-169.73409060657082,2.8421709430404007e-14,0.00064031098736450076,0.00056456116726621985
2.129659389378503,0,0.0014614356914535165,44,44,100,2.155994176864624,-0.38343374115405759,5.4091237463692794,108.71174688259666,0,96.273792208584652,-62.477226002313117,147.5340030940834,0,0.00056456116726621985,0.00066839187638834119
2.129659389378503,0,0.0014614356914535165,44,44,101,1.7891126871109009,-0.13310564898443375,3.8232502660384395,23.326895305320683,0,102.27008348257959,-71.594466527907414,57.692656877046865,-7.1054273576010019e-15,0.00066839187638834119,0.00061062502209097147
2.129659389378503,0,0.0014614356914535165,44,44,102,2.0082643032073975,0.1663552164205481,1.1464321455208559,-14.992155659750239,0,87.027263254465623,-87.088114464358014,-13.740219507701234,-7.1054273576010019e-15,0.00061062502209097147,0.00049756711814552546
2.129659389378503,0,0.0014614356914535165,44,44,103,1.7639517784118652,0.1700951634574108,0.059932198334235728,26.274916185644049,0,112.01280266427968,-87.536015259960124,50.981730951755253,0,0.00049756711814552546,0.00036684045335277915
2.129659389378503,0,0.0014614356914535165,44,44,104,1.4392682313919067,0.13287656696621067,0.010441899228088242,18.183418239670303,0,94.386507432069294,-77.880739103735436,34.832505034198455,-7.1054273576010019e-15,0.00036684045335277915,0.0002612354583106935
2.129659389378503,0,0.0014614356914535165,44,44,105,1.1911237239837646,0.062180963348510074,0.0075613750670423243,10.788691117960477,0,79.065298446975959,-69.088636544134587,20.835095359217412,7.1054273576010019e-15,0.0002612354583106935,0.00019059456826653332
2.129659389378503,0,0.0014614356914535165,44,44,106,1.0006357431411743,0.029851483478453296,0.0067734404380180822,6.8317310752254503,0,65.920213560420777,-61.737549365176001,11.051020194386695,-7.1054273576010019e-15,0.00019059456826653332,0.00014439031656365842
2.129659389378503,0,0.0014614356914535165,44,44,107,0.85218864679336548,0.01573029070181016,0.0061304656670413526,4.5018475522272947,0,54.918420852857224,-55.576486718550171,3.8656424429032001,-1.3322676295501878e-15,0.00014439031656365842,0.00011248959344811738
2.129659389378503,0,0.0014614356914535165,44,44,108,0.73370128870010376,0.0089810246574359293,0.0061094228359876903,3.0762896840174685,0,45.231617896869253,-50.37856168694379,-2.0555636585636496,-4.4408920985006262e-16,0.00011248959344811738,8.9311077317688614e-05
2.129659389378503,0,0.0014614356914535165,44,44,109,0.6380002498626709,0.0053855881566433695,0.0059118549668116102,2.1543449121557363,0,36.746993401195205,-45.958569616120016,-7.0459338596456149,7.1054273576010019e-15,8.9311077317688614e-05,7.2039263613987714e-05
2.129659389378503,0,0.0014614356914535165,44,44,110,0.55991864204406738,0.0033610254741315206,0.0056932430219226509,1.5431817886720796,0,29.228565395032533,-42.167155860887171,-11.386354408686502,1.7763568394002505e-15,7.2039263613987714e-05,5.8880072174360976e-05
2.129659389378503,0,0.0014614356914535165,44,44,111,0.49539545178413391,0.0021437151540226948,0.0055646485655909917,1.1310290396321003,0,22.524083498670546,-38.887879265586541,-15.22505836356428,0,5.8880072174360976e-05,4.8648562369635329e-05
2.129659389378503,0,0.0014614356914535165,44,44,112,0.44149351119995117,0.0014088104756016125,0.00544306838627722,0.84261796003819456,0,16.385105925876303,-36.030625387686456,-18.796049622910079,0,4.8648562369635329e-05,4.0587055991636589e-05
2.129659389378503,0,0.0014614356914535165,44,44,113,0.39621409773826599,0.0009623897988686466,0.0052981066612408818,0.63571568940538903,0,10.701166522498619,-33.52514207635604,-22.181999367991921,0,4.0587055991636589e-05,3.4147087717428803e-05
2.129659389378503,0,0.0014614356914535165,44,44,114,0.35792335867881775,0.00065871659842482299,0.0051531449362045437,0.4857288768187259,0,5.4082532416701232,-31.316002525801885,-25.416208545778407,0,3.4147087717428803e-05,2.892722659453284e-05
2.129659389378503,0,0.0014614356914535165,44,44,115,0.32534477114677429,0.00046233177783458289,0.0049824648177655608,0.37505879770141515,0,0.3985509537992854,-29.359118158347258,-28.580063610250956,0,2.892722659453284e-05,2.4640314222779125e-05
2.129659389378503,0,0.0014614356914535165,44,44,116,0.29750600457191467,0.00033738323951457253,0.0048830958933454901,0.29242840142661447,0,-4.4014145064095764,-27.619413879818254,-31.723179505668359,-3.5527136788005009e-15,2.4640314222779125e-05,2.1068208297947422e-05
2.129659389378503,0,0.0014614356914535165,44,44,117,0.27367794513702393,0.00024646835166175349,0.0047089083252327595,0.22784536465408392,0,-9.0701746434121038,-26.068656278654544,-34.906030180735669,0,2.1068208297947422e-05,1.8090411685989238e-05
2.129659389378503,0,0.0014614356914535165,44,44,118,0.25339975953102112,0.00017829152071626732,0.0043488427273108187,0.17694569310869829,0,-13.551884605234324,-24.684586944803328,-38.054998722680928,0,1.8090411685989238e-05,1.5576350051560439e-05
2.129659389378503,0,0.0014614356914535165,44,44,119,0.2361084520816803,0.00013660757237125783,0.0040846392264648089,0.13926035936836473,0,-17.77787265953285,-23.448832238816529,-41.083223292182176,7.1054273576010019e-15,1.5576350051560439e-05,1.3397912880463991e-05
2.129659389378503,0,0.0014614356914535165,44,44,120,0.22130711376667023,0.00010109464442455998,0.0038040684569141197,0.10946692181715945,0,-21.818809003319117,-22.346658581891447,-44.052095500292069,0,1.3397912880463991e-05,1.154460187535733e-05
2.129659389378503,0,0.0014614356914535165,44,44,121,0.2087780237197876,8.2210985947737692e-05,0.0034252984314426171,0.085628093276872666,0,-25.578216735118279,-21.365922242295202,-46.855003374719217,0,1.154460187535733e-05,9.9283779491088353e-06
2.129659389378503,0,0.0014614356914535165,44,44,122,0.19813326001167297,5.7157240567016552e-05,0.0030628947411813802,0.067407397553394283,0,-29.035438255861628,-20.497599540276653,-49.462510346603139,0,9.9283779491088353e-06,8.5195997598930262e-06
2.129659389378503,0,0.0014614356914535165,44,44,123,0.18915221095085144,4.1262008870417393e-05,0.0026607437923169197,0.052449501287953441,0,-32.147200687736948,-19.734033093357727,-51.826082274005536,-7.1054273576010019e-15,8.5195997598930262e-06,7.2764014475978911e-06
2.129659389378503,0,0.0014614356914535165,44,44,124,0.18166749179363251,2.7968270519929801e-05,0.0021744213636554093,0.039867330877896186,0,-34.886361617752691,-19.069334568141489,-53.913626465382102,7.1054273576010019e-15,7.2764014475978911e-06,6.1858895605837461e-06
2.129659389378503,0,0.0014614356914535165,44,44,125,0.17551496624946594,2.2470299593257317e-05,0.0016191256777318796,0.029834222544430751,0,-37.193502408903491,-18.498069364280646,-55.660095954662381,0,6.1858895605837461e-06,5.1962492761958856e-06
2.129659389378503,0,0.0014614356914535165,44,44,126,0.17048586905002594,1.9504121096539593e-05,0.0010918869442974972,0.02232978379094441,0,-38.989428800593807,-18.016138589956043,-56.982126215693505,7.1054273576010019e-15,5.1962492761958856e-06,4.2920614760078024e-06
2.129659389378503,0,0.0014614356914535165,44,44,127,0.1664382666349411,1.4400940515286526e-05,0.00041384148835214049,0.015732811136724759,0,-40.2680128475915,-17.620682197517738,-57.872533991543648,0,4.2920614760078024e-06,3.4554150261101313e-06
2.129659389378503,0,0.0014614356914535165,44,44,128,0.16340069472789764,5.1476771482638859e-06,-0.00042319385770932358,0.010145267064835473,0,-40.653543192303552,-17.315085341403453,-57.958901312822732,0,3.4554150261101313e-06,2.6904551759798778e-06
2.129659389378503,0,0.0014614356914535165,44,44,129,0.16117249429225922,1.9538349225009454e-05,-0.0013654431256654943,0.0055977403201956533,0,-40.081436797957437,-17.101315897536306,-57.178500859949992,0,2.6904551759798778e-06,1.8480325252312468e-06
2.129659389378503,0,0.0014614356914535165,44,44,130,0.15976183116436005,6.6133411675835455e-05,-0.0037163903053553326,-0.008207979886625685,0,-38.310679845211389,-16.980342509505412,-55.302880591497107,0,1.8480325252312468e-06,1.1293896022834815e-06
2.129659389378503,0,0.0014614356914535165,44,44,131,0.16079561412334442,-2.0905918539782535e-05,-0.0098082774487983047,-0.038827313550646718,0,-33.463913605276304,-17.000077348102387,-50.512647450296676,0,1.1293896022834815e-06,6.039392133061483e-07
2.129659389378503,0,0.0014614356914535165,44,44,132,0.16544221341609955,4.5703886451392536e-06,-0.0070399817200385833,-0.058781371486207545,0,-20.648881276398225,-17.259653437485884,-37.974351496701715,0,6.039392133061483e-07,6.039392133061483e-07
