beginning_time_s,candidate,dt_s,x,y,z_face,beginning_momentum,stress_rate,buoyancy_rate,advection_rate,source_rate,pressure_gradient_rate,restoration_rate,total_rate,closure_residual,lower_vreman_m2_per_s,upper_vreman_m2_per_s
2.0792286795331165,0,0.0013882153434678912,38,42,0,0.0091868136078119278,3.3543879881378778e-07,4.8721945471236587,-3.7133591604436482,0,-119.00173883087335,105.46367579370481,-12.379221948028958,5.3670207744715981e-06,0.00077910965774208307,0.00077910965774208307
2.0792286795331165,0,0.0013882153434678912,38,42,1,0.23768745362758636,-0.36327887736013692,9.7562414887646032,-3.8798193225997948,0,14.179046329045839,38.523509102425315,58.215698720275824,0,0.00077910965774208307,0.00031046840013004839
2.0792286795331165,0,0.0013882153434678912,38,42,2,0.24429546296596527,-0.33443784943812743,9.682274550115773,-1.6053617879357591,0,-80.053537374045874,49.338453135719625,-22.972609325584362,3.5527136788005009e-15,0.00031046840013004839,0.00023528974270448089
2.0792286795331165,0,0.0013882153434678912,38,42,3,0.30843871831893921,-0.20317595131910887,9.6210737412721965,14.738976873088156,0,-23.445229175561035,45.959602266861857,46.671247754342069,7.1054273576010019e-15,0.00023528974270448089,0.00029780625482089818
2.0792286795331165,0,0.0013882153434678912,38,42,4,0.093784362077713013,0.040183555465098893,9.3176841070522745,2.1314210638290558,0,10.431964164402245,58.523035798280191,80.444288689028866,0,0.00029780625482089818,0.00028721158741973341
2.0792286795331165,0,0.0013882153434678912,38,42,5,0.37736448645591736,-0.066162619555629132,8.4035073816242765,-37.042619260442983,0,-239.19469865813579,94.582685202679244,-173.31728795383088,-2.8421709430404007e-14,0.00028721158741973341,0.00027827022131532431
2.0792286795331165,0,0.0013882153434678912,38,42,6,1.0324989557266235,-0.48616285603998227,6.7198072166135461,-46.831979292692068,0,-299.26473526037893,64.837303545026245,-275.02576664747119,0,0.00027827022131532431,0.00032126065343618393
2.0792286795331165,0,0.0013882153434678912,38,42,7,1.3423634767532349,-0.62819938381569851,4.7361600257751171,20.379565437358941,0,-88.295993208706079,57.759104794351281,-6.0493623350364398,1.7763568394002505e-15,0.00032126065343618393,0.0004023479123134166
2.0792286795331165,0,0.0013882153434678912,38,42,8,1.2740428447723389,-0.18396503587224444,3.5809027647620537,73.108268994075232,0,107.23419154511413,77.173980448446457,260.91337871652564,0,0.0004023479123134166,0.00045012452756054699
2.0792286795331165,0,0.0013882153434678912,38,42,9,1.045240044593811,0.13527676510202077,3.1345699116932204,40.608940165181806,0,187.25758773045379,82.774917463187066,313.91129203561792,0,0.00045012452756054699,0.00018642765644472092
2.0792286795331165,0,0.0013882153434678912,38,42,10,1.1334083080291748,0.1341070900105571,2.5676941073214632,-72.707159328984872,0,-138.59262056446133,111.04056855534644,-97.557410140767729,1.4210854715202004e-14,0.00018642765644472092,0.00019726202299352735
2.0792286795331165,0,0.0013882153434678912,38,42,11,2.2202107906341553,-0.33142225463679148,1.9039164073095804,-117.78764359191555,0,-591.94512355426923,127.99399967076683,-580.16627332274516,0,0.00019726202299352735,0.00012818227696698159
2.0792286795331165,0,0.0013882153434678912,38,42,12,2.2034530639648438,-0.2422775489386339,2.1649590735314552,60.781123919562113,0,75.600112338453727,17.60365641708259,155.90757419969125,0,0.00012818227696698159,0.00029956101207062602
2.0792286795331165,0,0.0013882153434678912,38,42,13,1.2519406080245972,0.13594848129664538,2.7290101477784012,-12.075968501961352,0,223.72584989499506,60.412302251490374,274.92714227359915,0,0.00029956101207062602,0.00010939517960650846
2.0792286795331165,0,0.0013882153434678912,38,42,14,2.0941221714019775,0.0211343215192627,2.7166473831287199,-100.65894704587016,0,-474.94965222963236,92.046209713485794,-480.82460785736873,5.6843418860808015e-14,0.00010939517960650846,0.00023217203852254897
2.0792286795331165,0,0.0013882153434678912,38,42,15,2.2178852558135986,-0.27277078066420068,3.4194765326597052,81.758876025090487,0,-68.600830261342878,38.76466008015813,55.069411595901236,0,0.00023217203852254897,0.00028941419441252947
2.0792286795331165,0,0.0013882153434678912,38,42,16,1.525749683380127,0.093190600770050078,4.2784839742855967,40.789787297419075,0,162.62674072819905,38.554702227204608,246.34290482787839,0,0.00028941419441252947,0.00020610864157788455
2.0792286795331165,0,0.0013882153434678912,38,42,17,1.5525965690612793,0.21598065658622762,4.5960472395105985,-72.216141331770856,0,-167.78543523058357,74.822280750701964,-160.36726791555563,2.8421709430404007e-14,0.00020610864157788455,0.00035236618714407086
2.0792286795331165,0,0.0013882153434678912,38,42,18,1.5712606906890869,-0.016607574929270633,5.8636546946043575,-2.783208168538541,0,-218.50275114323833,48.084298453652295,-167.35461373844947,0,0.00035236618714407086,0.00061006745090708137
2.0792286795331165,0,0.0013882153434678912,38,42,19,1.2467927932739258,-0.20856376930565595,7.3549451519827072,88.913587024019677,0,-105.65285254219421,36.338938431801814,26.74605429630433,0,0.00061006745090708137,0.0006788099417462945
2.0792286795331165,0,0.0013882153434678912,38,42,20,0.92215943336486816,0.14087691584821696,8.0789944953654516,81.165841696870828,0,108.86645284120436,10.512490944200678,208.76465689348953,0,0.0006788099417462945,0.00059985037660226226
2.0792286795331165,0,0.0013882153434678912,38,42,21,0.63414043188095093,0.082763485708923487,8.6415649427544334,22.888110950407974,0,64.414940477643043,48.292324179124655,144.31970403563903,0,0.00059985037660226226,0.00014297710731625557
2.0792286795331165,0,0.0013882153434678912,38,42,22,0.76907205581665039,-0.022952064370034615,8.9801662585634379,-43.833403314252735,0,-158.23690415482042,57.806463385723006,-135.30662988915677,-2.8421709430404007e-14,0.00014297710731625557,0.00024253726587630808
2.0792286795331165,0,0.0013882153434678912,38,42,23,1.0025447607040405,-0.40009798167313348,9.1131341984132241,-25.636755505116742,0,-160.73510205180366,52.150611014350993,-125.50821032582931,0,0.00024253726587630808,0.00026814674492925406
2.0792286795331165,0,0.0013882153434678912,38,42,24,0.86703711748123169,-0.29707600514865012,9.3301154689363131,52.902251540691367,0,23.733266446836851,16.6360040383477,102.30456148966358,1.4210854715202004e-14,0.00026814674492925406,0.00035696130362339318
2.0792286795331165,0,0.0013882153434678912,38,42,25,0.73761022090911865,-0.21618762232509572,9.3471215451585739,1.0577324555235408,0,-6.4933222940424642,28.281580409837446,31.976924494152001,0,0.00035696130362339318,0.00032526327413506806
2.0792286795331165,0,0.0013882153434678912,38,42,26,1.0819104909896851,-0.48225700666659455,8.8846071244349645,-51.408845806247697,0,-123.51300961644334,32.017155681926532,-134.50234962299615,-2.8421709430404007e-14,0.00032526327413506806,0.00053540413500741124
2.0792286795331165,0,0.0013882153434678912,38,42,27,1.140139102935791,-0.49818565346706606,8.5265617632139197,15.015292570978222,0,35.502456040955067,18.899469914452204,77.445594636132341,0,0.00053540413500741124,0.0004523098177742213
2.0792286795331165,0,0.0013882153434678912,38,42,28,1.1577979326248169,-0.75898328164640738,8.1594608961800983,-30.416581276527445,0,-48.327574771614394,29.832735287884898,-41.510943145723253,-7.1054273576010019e-15,0.0004523098177742213,0.00035336025757715106
2.0792286795331165,0,0.0013882153434678912,38,42,29,1.6494985818862915,-0.87786346282361138,7.4248559646762819,-26.260360383705088,0,-160.80616140694437,21.465764571105016,-159.05376471769176,0,0.00035336025757715106,0.00033295893808826804
2.0792286795331165,0,0.0013882153434678912,38,42,30,1.7002017498016357,-0.61138014700437637,6.1163977663465827,14.984035041949557,0,81.775105895932299,-3.2334368078167972,99.030721749407263,0,0.00033295893808826804,0.00037007522769272327
2.0792286795331165,0,0.0013882153434678912,38,42,31,1.8910301923751831,-0.329760490827468,4.1584643075088223,-80.814108622965861,0,-104.03845269126322,77.69943325099149,-103.32442424655623,1.4210854715202004e-14,0.00037007522769272327,0.00025743368314579129
2.0792286795331165,0,0.0013882153434678912,38,42,32,2.2320041656494141,-0.56436705759542882,3.0833460590427633,0.14254807194390726,0,-123.75147708378564,47.469710169976061,-73.62023984041835,0,0.00025743368314579129,0.00031216084607876837
2.0792286795331165,0,0.0013882153434678912,38,42,33,1.6325839757919312,-0.39084590872425162,3.450562987900974,46.387718780522313,0,78.935221987946179,50.446216958963845,178.82887480660904,-2.8421709430404007e-14,0.00031216084607876837,0.00032765275682322681
2.0792286795331165,0,0.0013882153434678912,38,42,34,1.9345479011535645,-0.48825163344019573,3.3403294126407932,-71.485711271557079,0,-392.2818175650682,68.770857479685617,-392.1445935777391,-5.6843418860808015e-14,0.00032765275682322681,0.00077637482900172472
2.0792286795331165,0,0.0013882153434678912,38,42,35,2.411531925201416,-0.93070312416795453,2.9049080482585738,17.126893227062968,0,-247.00884476638743,50.200106854029364,-177.70763976120446,0,0.00077637482900172472,0.00050090666627511382
2.0792286795331165,0,0.0013882153434678912,38,42,36,1.7024860382080078,-0.79879030705983789,2.8037375261841428,102.45531036936089,0,214.43025577459989,45.137074130045768,364.02758749313085,0,0.00050090666627511382,0.00086155964527279139
2.0792286795331165,0,0.0013882153434678912,38,42,37,1.2275090217590332,1.4521851699320376,2.1088545863582575,41.357832776882297,0,164.74675687286845,42.087575858436104,251.75320526447715,0,0.00086155964527279139,0.0005735120503231883
2.0792286795331165,0,0.0013882153434678912,38,42,38,0.63046985864639282,0.65848078593981441,1.1411456861857665,-26.9760204027295,0,-44.336357565683741,72.868084080082994,3.3553325837953372,6.2172489379008766e-15,0.0005735120503231883,0.00026525446446612477
2.0792286795331165,0,0.0013882153434678912,38,42,39,1.7398761510848999,0.059374051075085546,0.30558336203431558,-66.230668012111693,0,-645.11164719821807,89.439726805224694,-621.53763099199568,0,0.00026525446446612477,0.00017267804651055485
2.0792286795331165,0,0.0013882153434678912,38,42,40,1.7769788503646851,-0.053036605849096648,0.62511808493964494,60.826722128117666,0,242.96168173583541,14.095084655947552,318.45556999899117,-5.6843418860808015e-14,0.00017267804651055485,0.00026769409305416048
2.0792286795331165,0,0.0013882153434678912,38,42,41,0.86281335353851318,0.52823191299321348,1.4225298643259077,38.059218868700782,0,408.00383943249125,32.752566337425101,480.76638641593621,-5.6843418860808015e-14,0.00026769409305416048,0.00028882623882964253
2.0792286795331165,0,0.0013882153434678912,38,42,42,1.0504670143127441,0.58225525399887079,0.93133047858143603,-65.128496624521304,0,-278.39093161333733,73.263654979727335,-268.742187525551,0,0.00028882623882964253,0.00035133241908624768
2.0792286795331165,0,0.0013882153434678912,38,42,43,2.1798388957977295,-0.48510383382227729,0.44062196558917854,-76.358708523726293,0,-459.32492371492765,74.943103122524306,-460.78501098436277,-5.6843418860808015e-14,0.00035133241908624768,0.00037004315527155995
2.0792286795331165,0,0.0013882153434678912,38,42,44,2.0759589672088623,-0.53626684626059951,1.2828409049836897,88.285001550146546,0,221.95524827125325,9.0753315875421041,320.06215546766498,0,0.00037004315527155995,0.00037748288013972342
2.0792286795331165,0,0.0013882153434678912,38,42,45,1.1443151235580444,0.33739893543465616,2.1277381135374798,55.477047558261319,0,404.0788727310815,28.995222429048194,491.01627976736313,0,0.00037748288013972342,0.00035947817377746105
2.0792286795331165,0,0.0013882153434678912,38,42,46,1.1620742082595825,0.32283401507076209,1.9581927530292429,-65.663223638975936,0,-62.557650734246181,72.272817071218441,-53.667030533903677,-7.1054273576010019e-15,0.00035947817377746105,0.00022655140492133796
2.0792286795331165,0,0.0013882153434678912,38,42,47,2.1336243152618408,-0.13799356779331334,1.3963667281945282,-116.68186556636032,0,-650.14449579732923,133.51610588427579,-632.05188231901252,0,0.00022655140492133796,0.0002426641876809299
2.0792286795331165,0,0.0013882153434678912,38,42,48,2.5711603164672852,-0.4034676321266174,1.6551427505931187,67.439321091997527,0,-105.06187914995448,-30.571924326013303,-66.942807265503745,1.4210854715202004e-14,0.0002426641876809299,0.00031355151440948248
2.0792286795331165,0,0.0013882153434678912,38,42,49,1.7416617870330811,0.15491251378758289,2.6587803327871553,132.60027745820244,0,415.46167976513249,-7.0418747540290187,543.83377531588064,0,0.00031355151440948248,0.0005221960018388927
2.0792286795331165,0,0.0013882153434678912,38,42,50,1.2182443141937256,0.73212503246418625,3.0484044056867274,-20.147624267286357,0,171.60211692071545,87.156639101144776,242.39166119272477,0,0.0005221960018388927,0.00049102038610726595
2.0792286795331165,0,0.0013882153434678912,38,42,51,1.9888209104537964,-0.29949871187308269,2.7995858001712248,-156.66093217268156,0,-420.09019848668464,136.13443917442137,-438.11660439664666,5.6843418860808015e-14,0.00049102038610726595,0.00033278364571742713
2.0792286795331165,0,0.0013882153434678912,38,42,52,2.7198386192321777,-0.81296477666191269,2.9918893414237817,-52.316688105398896,0,-256.63290055858107,-30.613830024271511,-337.38449412348962,0,0.00033278364571742713,0.00034424863406457007
2.0792286795331165,0,0.0013882153434678912,38,42,53,2.1374773979187012,-0.2740390747625156,4.1489422063268959,147.45138212944767,0,298.39141363889127,-23.476808725836563,426.24089017406675,0,0.00034424863406457007,0.00062374415574595332
2.0792286795331165,0,0.0013882153434678912,38,42,54,1.4207136631011963,0.50203984526543655,5.1525673772853757,55.639002777349397,0,303.90836751245047,20.240194641717398,385.44217215406803,-5.6843418860808015e-14,0.00062374415574595332,0.00048783334204927087
2.0792286795331165,0,0.0013882153434678912,38,42,55,1.7166870832443237,0.12401742638103717,5.1849536578720485,-112.10109186167611,0,-193.17127178014604,93.075904852449284,-206.88748770511978,0,0.00048783334204927087,0.00058945902856066823
2.0792286795331165,0,0.0013882153434678912,38,42,56,2.5591471195220947,-1.0133887880755532,4.9599094449418724,-103.88096283346495,0,-368.96395852668235,91.438662961074257,-377.45973774220676,-5.6843418860808015e-14,0.00058945902856066823,0.00061887473566457629
2.0792286795331165,0,0.0013882153434678912,38,42,57,2.2737374305725098,-0.47661056536616203,5.5236710355054424,142.2870200531184,0,205.40026477861585,-51.075489411496946,301.65885589037657,0,0.00061887473566457629,0.00041733428952284157
2.0792286795331165,0,0.0013882153434678912,38,42,58,1.5121818780899048,0.40910182991089322,6.1672590096555222,80.153149279741612,0,271.88889327754652,34.300329258338948,392.91873265519348,0,0.00041733428952284157,0.00047961858217604458
2.0792286795331165,0,0.0013882153434678912,38,42,59,1.8247702121734619,0.24191980345969899,5.872877248938944,-146.86427299217027,0,-265.27869873897652,132.45274879097374,-273.57542588777443,-5.6843418860808015e-14,0.00047961858217604458,0.00043088651727885008
2.0792286795331165,0,0.0013882153434678912,38,42,60,2.7130827903747559,-0.5868266978088047,5.5006133079137811,-142.03867726753901,0,-404.88315299724212,92.385147809848803,-449.62289584482733,0,0.00043088651727885008,0.00058725156122818589
2.0792286795331165,0,0.0013882153434678912,38,42,61,2.7120399475097656,-0.95670231458641364,5.820167737848541,145.33102249544831,0,171.9933512675687,-137.43145488444594,184.75638430183321,2.8421709430404007e-14,0.00058725156122818589,0.00043488803203217685
2.0792286795331165,0,0.0013882153434678912,38,42,62,2.1208078861236572,-0.19779484210853809,6.2341045826055357,197.59790464799934,0,436.2738700136079,-125.30422059998429,514.60386380211992,0,0.00043488803203217685,0.00040991578134708107
2.0792286795331165,0,0.0013882153434678912,38,42,63,1.6945830583572388,0.33171207375896661,6.0940286946088866,19.776741663234709,0,284.39542565464444,66.821555532018934,377.41946361826598,5.6843418860808015e-14,0.00040991578134708107,0.00055624684318900108
2.0792286795331165,0,0.0013882153434678912,38,42,64,2.1701068878173828,-0.22549504267578188,5.5421946368535373,-160.75824464541142,0,-128.33637266042967,93.627291099408211,-190.15062661225514,0,0.00055624684318900108,0.00025620241649448872
2.0792286795331165,0,0.0013882153434678912,38,42,65,3.1311092376708984,-0.87933570371160519,4.6778124593542518,-282.86741337020476,0,-374.76489220380694,80.21025438085168,-573.62357443751739,0,0.00025620241649448872,0.00053615501383319497
2.0792286795331165,0,0.0013882153434678912,38,42,66,3.9216609001159668,-1.5228626280003008,3.95236265898646,-61.700473111267819,0,-232.93746087420885,-134.5849588068576,-426.79339276134812,-5.6843418860808015e-14,0.00053615501383319497,0.00051210273522883654
2.0792286795331165,0,0.0013882153434678912,38,42,67,3.4467716217041016,-0.55086262699398447,3.6956791876745698,223.94611242784816,0,383.68187521022577,-161.98888104241632,448.78392315633823,0,0.00051210273522883654,0.00035492423921823502
2.0792286795331165,0,0.0013882153434678912,38,42,68,2.8224425315856934,0.20696473255171061,3.2507706077454999,82.20644262206136,0,463.37809780875443,-81.295680663605282,467.74659510750769,-1.1368683772161603e-13,0.00035492423921823502,0.00041708070784807205
2.0792286795331165,0,0.0013882153434678912,38,42,69,3.0827827453613281,0.20861341424788038,2.0652859502549292,-214.30900404111506,0,-94.888927408444289,75.187409908476369,-231.73662217658017,0,0.00041708070784807205,0.00017306070367339998
2.0792286795331165,0,0.0013882153434678912,38,42,70,4.5909280776977539,-0.42709514444791347,0.68608609925684372,-281.39985520784251,0,-556.2186265978313,127.25627046229086,-710.10322038857396,0,0.00017306070367339998,0.00030600503669120371
2.0792286795331165,0,0.0013882153434678912,38,42,71,4.7343134880065918,-0.72526715394183772,0.81045250777819677,187.65783867221919,0,277.94091765489031,-260.7406894558755,204.94325222507038,2.8421709430404007e-14,0.00030600503669120371,0.00039538840064778924
2.0792286795331165,0,0.0013882153434678912,38,42,72,3.3193895816802979,0.28927906570902245,1.68578458170656,218.22478240294771,0,589.73854809844352,-157.95219443642887,651.98619971237804,1.1368683772161603e-13,0.00039538840064778924,0.00018344577983953059
2.0792286795331165,0,0.0013882153434678912,38,42,73,3.3152532577514648,0.29841801192300438,1.2082979340575961,-170.41501779628618,0,-181.48516366771801,98.723470543735388,-251.66999497428819,2.8421709430404007e-14,0.00018344577983953059,0.00030613457784056664
2.0792286795331165,0,0.0013882153434678912,38,42,74,4.6246113777160645,-0.39480859400911339,0.21516367442679168,-266.26846324332922,0,-569.84416133968887,99.915722008114429,-736.37654749448598,0,0.00030613457784056664,0.00031547286198474467
2.0792286795331165,0,0.0013882153434678912,38,42,75,4.6787338256835938,-0.49205442972511043,0.11902501736105434,54.327989877127926,0,160.77498975024821,-247.40231179388562,-32.672361578873527,7.1054273576010019e-15,0.00031547286198474467,0.00032564517459832132
2.0792286795331165,0,0.0013882153434678912,38,42,76,3.5809555053710938,0.29816823580743768,0.67699797202088208,123.41674673171495,0,584.01086352093841,-156.92035248915295,551.48242397132867,-1.1368683772161603e-13,0.00032564517459832132,0.0001939499779837206
2.0792286795331165,0,0.0013882153434678912,38,42,77,3.2567768096923828,0.23583674663276052,0.69982818824724757,-96.37606446261573,0,54.355297278861762,-8.8120470161083588,-49.897149264982311,7.1054273576010019e-15,0.0001939499779837206,0.00027400499675422907
2.0792286795331165,0,0.0013882153434678912,38,42,78,4.1498970985412598,-0.24699004476346911,0.51010287153222322,-95.402443956772331,0,-313.49378075502074,-9.1285724336898291,-417.76168431871417,0,0.00027400499675422907,0.00019756770052481443
2.0792286795331165,0,0.0013882153434678912,38,42,79,3.9666075706481934,-0.45248999994045963,1.1997510373235205,212.5043111013722,0,129.83450137316066,-92.999392604195052,250.08668090772088,2.8421709430404007e-14,0.00019756770052481443,0.00039931279025040567
2.0792286795331165,0,0.0013882153434678912,38,42,80,3.1069180965423584,0.2116984448805708,2.0221844126789494,180.62266196012487,0,367.52705678702125,-138.16360239130967,412.21999921339602,5.6843418860808015e-14,0.00039931279025040567,0.00031986655085347593
2.0792286795331165,0,0.0013882153434678912,38,42,81,2.8513638973236084,0.47511970762483419,2.0000644042493723,-68.050045120711431,0,101.44339080322413,-24.726079418993166,11.142450375393754,3.5527136788005009e-15,0.00031986655085347593,0.00011414365144446492
2.0792286795331165,0,0.0013882153434678912,38,42,82,3.334334135055542,0.39464827522820528,1.5405706099090801,-213.2927908583535,0,-176.88154792258979,-36.903463145632685,-425.14258304143868,0,0.00011414365144446492,0.00041351577965542674
2.0792286795331165,0,0.0013882153434678912,38,42,83,3.8045880794525146,-0.27402699896575833,1.409602723897222,-134.27324223989592,0,-163.45145860949381,-49.775554042167506,-346.36467916662576,5.6843418860808015e-14,0.00041351577965542674,0.00027975608827546239
2.0792286795331165,0,0.0013882153434678912,38,42,84,3.5677762031555176,-0.17636751479851157,2.0720851269874854,120.65818392260286,0,204.56575745141652,-122.58430034049555,204.53535864571282,-2.8421709430404007e-14,0.00027975608827546239,0.0006286362768150866
2.0792286795331165,0,0.0013882153434678912,38,42,85,2.8087902069091797,0.4973322971628838,3.1360978354218174,158.50109038574539,0,413.38236710606634,-126.09115465498066,449.42573296941578,0,0.0006286362768150866,0.00064389343606308103
2.0792286795331165,0,0.0013882153434678912,38,42,86,2.672717809677124,0.56995345535087361,3.4383952809128027,-74.843748833826055,0,159.49016791143811,-12.755132779674824,75.899635034200926,2.8421709430404007e-14,0.00064389343606308103,0.00057552027283236384
2.0792286795331165,0,0.0013882153434678912,38,42,87,3.3797974586486816,-0.13638371313810627,2.9986802999057667,-219.80706600152507,0,-150.55429299187006,-19.223380352628361,-386.72244275925584,-5.6843418860808015e-14,0.00057552027283236384,0.00053179013775661588
2.0792286795331165,0,0.0013882153434678912,38,42,88,3.730513334274292,-0.53495645459303354,2.9587889116344348,-29.599162543494881,0,7.1524783182842908,-106.69414044604471,-126.7169922142139,0,0.00053179013775661588,0.00045099321869201958
2.0792286795331165,0,0.0013882153434678912,38,42,89,3.3083713054656982,-0.28702894224657954,3.3523277230355633,137.91938147769008,0,202.61267712111999,-99.668066201195018,243.92929117840404,-2.8421709430404007e-14,0.00045099321869201958,0.00049634207971394062
2.0792286795331165,0,0.0013882153434678912,38,42,90,3.1204609870910645,-0.25601091652026858,3.500611127561589,77.525541777686428,0,115.34371700907002,-64.131518844238911,131.98234015355885,0,0.00049634207971394062,0.00039422951522283256
2.0792286795331165,0,0.0013882153434678912,38,42,91,3.1243076324462891,-0.42891787695081773,3.8361602857401862,146.9474832823592,0,129.92088893965197,-71.585924283580297,208.68969034722025,2.8421709430404007e-14,0.00039422951522283256,0.00041900214273482561
2.0792286795331165,0,0.0013882153434678912,38,42,92,2.3195867538452148,-0.45038763726889419,4.893078631299006,236.70176044151796,0,300.55470943913878,-123.02190574689683,418.67725512779003,0,0.00041900214273482561,0.00063713954295963049
2.0792286795331165,0,0.0013882153434678912,38,42,93,1.6218081712722778,-0.35041345767043292,5.6502820746789073,93.553440893461371,0,108.00669904825111,-54.310557793631176,152.54945076508977,0,0.00063713954295963049,0.00079265981912612915
2.0792286795331165,0,0.0013882153434678912,38,42,94,1.5895727872848511,-0.30243732347009089,5.2098693809703391,3.1564951979000861,0,-110.01619750099772,-51.585656938857639,-153.53792718445501,2.8421709430404007e-14,0.00079265981912612915,0.00075888255378231406
2.0792286795331165,0,0.0013882153434678912,38,42,95,1.6839445829391479,-0.38954943776683632,2.9365228196079745,8.818401568713087,0,-36.411758169758699,-59.413950513888047,-84.460333733092526,-1.4210854715202004e-14,0.00075888255378231406,0.00068127433769404888
2.0792286795331165,0,0.0013882153434678912,38,42,96,1.6985456943511963,0.27615674182927691,0.58531449777390232,16.981940729809164,0,17.104738165278913,-68.024712782625002,-33.076562647933748,-7.1054273576010019e-15,0.00068127433769404888,0.00048867892473936081
2.0792286795331165,0,0.0013882153434678912,38,42,97,1.4859232902526855,0.23869455416787319,0.0088753804190452416,24.822514048386545,0,29.237983513015319,-65.945314251226378,-11.637246755237605,-7.1054273576010019e-15,0.00048867892473936081,0.00034584233071655035
2.0792286795331165,0,0.0013882153434678912,38,42,98,1.2549519538879395,0.10384017710639214,0.0017827918640933647,14.994425594181612,0,37.162282355776618,-60.614445722186737,-8.3521148032580168,8.8817841970012523e-15,0.00034584233071655035,0.00025113060837611556
2.0792286795331165,0,0.0013882153434678912,38,42,99,1.0722624063491821,0.054587391664536633,0.00088613512809233689,9.1061597549082869,0,40.070950002092296,-55.925472878557152,-6.6928895947639342,6.2172489379008766e-15,0.00025113060837611556,0.00018500140868127346
2.0792286795331165,0,0.0013882153434678912,38,42,100,0.92791306972503662,0.02861546936576605,0.00028057051924888294,5.8334792911406668,0,40.582920848435414,-51.756671689024081,-5.3113755095629829,2.6645352591003757e-15,0.00018500140868127346,0.00013958732597529888
2.0792286795331165,0,0.0013882153434678912,38,42,101,0.8130413293838501,0.014150016473975945,-0.00010989011082604404,3.9482381035162457,0,40.37188959132569,-47.997138036168522,-3.6629702149634382,-1.3322676295501878e-15,0.00013958732597529888,0.00010973745520459488
2.0792286795331165,0,0.0013882153434678912,38,42,102,0.71741259098052979,0.0080148208819512557,-0.0001145662922889266,2.791838337954422,0,39.590537237941582,-44.585602010754336,-2.1953261802686681,4.4408920985006262e-15,0.00010973745520459488,8.8109576608985662e-05
2.0792286795331165,0,0.0013882153434678912,38,42,103,0.63717055320739746,0.0049280930935462711,-0.00011924247375180917,2.0240538131047385,0,38.54967869575357,-41.485267318306846,-0.90672595882874496,-7.7715611723760958e-16,8.8109576608985662e-05,7.1782218583393842e-05
2.0792286795331165,0,0.0013882153434678912,38,42,104,0.56931954622268677,0.0030850266147543549,-7.9494977382816236e-05,1.4995026700509086,0,37.546990405360177,-38.665606344623619,0.38389226242484181,4.9404924595819466e-15,7.1782218583393842e-05,5.9269437770126387e-05
2.0792286795331165,0,0.0013882153434678912,38,42,105,0.51159167289733887,0.0020171492242792369,-4.2085576863654461e-05,1.1316685338028805,0,36.490546034824085,-36.099869858132031,1.524319774142348,-6.6613381477509392e-16,5.9269437770126387e-05,4.9490703531773761e-05
2.0792286795331165,0,0.0013882153434678912,38,42,106,0.46207505464553833,0.0013326154924714882,1.9873744345704059e-05,0.87364364273453399,0,35.56149326954629,-33.763798924901877,2.6726904766157649,1.7763568394002505e-15,4.9490703531773761e-05,4.1706378397066146e-05
2.0792286795331165,0,0.0013882153434678912,38,42,107,0.41906499862670898,0.00091090707045971637,0.00016249708574440452,0.68760123438123577,0,34.801909552450006,-31.634422695990391,3.856161494997056,-8.8817841970012523e-16,4.1706378397066146e-05,3.5489254514686763e-05
2.0792286795331165,0,0.0013882153434678912,38,42,108,0.38148260116577148,0.00063118507788422439,0.00024900633020315472,0.54655592825601429,0,34.119997360096654,-29.69123915201407,4.9761943277466836,8.8817841970012523e-16,3.5489254514686763e-05,3.0448827601503581e-05
2.0792286795331165,0,0.0013882153434678912,38,42,109,0.34847602248191833,0.00044041726176916377,0.00031096564757372084,0.44230691660547006,0,33.52475181931522,-27.915936018068077,6.0518741007619576,4.4408920985006262e-15,3.0448827601503581e-05,2.6272780814906582e-05
2.0792286795331165,0,0.0013882153434678912,38,42,110,0.31911963224411011,0.00031926198430058369,0.00045358900816638332,0.36459245569629167,0,33.093007199606795,-26.292219019061225,7.1661534872343315,2.6645352591003757e-15,2.6272780814906582e-05,2.2807691493653692e-05
2.0792286795331165,0,0.0013882153434678912,38,42,111,0.29286652803421021,0.00022743966689008988,0.00063128365807320688,0.3038163123720144,0,32.717144000270366,-24.805876283965379,8.2159427520019612,-7.1054273576010019e-15,2.2807691493653692e-05,1.9890887415385805e-05
2.0792286795331165,0,0.0013882153434678912,38,42,112,0.26923456788063049,0.00017345199606630922,0.00079261174451739959,0.25568487000782159,0,32.411996666744656,-23.444348984152949,9.2242986163401124,1.7763568394002505e-15,1.9890887415385805e-05,1.7442034732084721e-05
2.0792286795331165,0,0.0013882153434678912,38,42,113,0.24785026907920837,0.00012509696998447506,0.00093757314465760461,0.21701011825978711,0,32.150880371706442,-22.196495184482533,10.172457975598336,-1.7763568394002505e-15,1.7442034732084721e-05,1.536871241114568e-05
2.0792286795331165,0,0.0013882153434678912,38,42,114,0.2283475399017334,9.2577423231895797e-05,0.0010989011901546785,0.18683672742888929,0,31.946514954406741,-21.052718651797672,11.081824508651344,-3.5527136788005009e-15,1.536871241114568e-05,1.3543995009968057e-05
2.0792286795331165,0,0.0013882153434678912,38,42,115,0.2104066014289856,6.4840991343456715e-05,0.0013198503701598592,0.16333991044958107,0,31.797816276647783,-20.004410684765602,11.958130193693265,0,1.3543995009968057e-05,1.1955455192946829e-05
2.0792286795331165,0,0.0013882153434678912,38,42,116,0.19373486936092377,5.76160359851196e-05,0.0015524901983210617,0.14363221014167341,0,31.692139637469488,-19.044111124500709,12.793270829344756,-3.5527136788005009e-15,1.1955455192946829e-05,1.0592340913717635e-05
2.0792286795331165,0,0.0013882153434678912,38,42,117,0.17821440100669861,4.6458765001137559e-05,0.0017675942589838267,0.1264899457670936,0,31.590477529835393,-18.165100460985155,13.553681067641318,0,1.0592340913717635e-05,9.3744447440258227e-06
2.0792286795331165,0,0.0013882153434678912,38,42,118,0.16371487081050873,4.3272260200882557e-05,0.0019639935119008236,0.11139788333086366,0,31.47907964650453,-17.362204886186035,14.230279909421462,0,9.3744447440258227e-06,8.3037793956464157e-06
2.0792286795331165,0,0.0013882153434678912,38,42,119,0.15016975998878479,3.083907698899065e-05,0.002115969235419251,0.097443629300210097,0,31.359330678838401,-16.630572613317305,14.828348503133711,-3.5527136788005009e-15,8.3037793956464157e-06,7.3567771323723719e-06
2.0792286795331165,0,0.0013882153434678912,38,42,120,0.13758918642997742,3.7428942531702529e-05,0.0022059857439349099,0.084466173051702273,0,31.204052033601911,-15.966350121458197,15.324411499881883,-1.7763568394002505e-15,7.3567771323723719e-06,6.488908184110187e-06
2.0792286795331165,0,0.0013882153434678912,38,42,121,0.12594263255596161,3.0945867075331757e-05,0.0021802666947051573,0.072111291213792839,0,31.031394975076477,-15.366123985391976,15.739593493460076,1.7763568394002505e-15,6.488908184110187e-06,5.7396268857701216e-06
2.0792286795331165,0,0.0013882153434678912,38,42,122,0.11530242115259171,3.439918330296354e-05,0.002085574025200175,0.060781510345058347,0,30.832144328581087,-14.827640056390617,16.067405755744034,3.5527136788005009e-15,5.7396268857701216e-06,5.0482426559028681e-06
2.0792286795331165,0,0.0013882153434678912,38,42,123,0.10565324127674103,3.4770327989541689e-05,0.0020154316103603294,0.050986697419695741,0,30.612241386120331,-14.348966206972952,16.316312078505426,0,5.0482426559028681e-06,4.4061298467568122e-06
2.0792286795331165,0,0.0013882153434678912,38,42,124,0.097026564180850983,3.5194703930814404e-05,0.0019184008603606857,0.041964735486800103,0,30.35593394170191,-13.928626506424198,16.471225766328804,0,4.4061298467568122e-06,3.8410726119764149e-06
2.0792286795331165,0,0.0013882153434678912,38,42,125,0.089498430490493774,3.9815831992207087e-05,0.0017044659218394894,0.033216491613736521,0,30.065352702575893,-13.565000114468489,16.535313361474973,0,3.8410726119764149e-06,3.3463045383541612e-06
2.0792286795331165,0,0.0013882153434678912,38,42,126,0.083173297345638275,4.0610533677678031e-05,0.0014192191187599264,0.025251832774701943,0,29.73451880759222,-13.256847249305411,16.504383220713951,3.5527136788005009e-15,3.3463045383541612e-06,2.9033253667876124e-06
2.0792286795331165,0,0.0013882153434678912,38,42,127,0.078098997473716736,4.8843607105692324e-05,0.0010299275698794491,0.017131530333017769,0,29.373677899421864,-13.003400426963275,16.388487773968592,0,2.9033253667876124e-06,2.5232893676729873e-06
2.0792286795331165,0,0.0013882153434678912,38,42,128,0.074695058166980743,5.8084962391859776e-05,0.00048398413649122129,0.0083832864599541843,0,28.886889114583294,-12.808690280048628,16.087124190093501,-3.5527136788005009e-15,2.5232893676729873e-06,2.1430232663988136e-06
2.0792286795331165,0,0.0013882153434678912,38,42,129,0.073089271783828735,8.2735537498535602e-05,-0.00018470893233792708,-0.00082652120027717308,0,28.268339969570668,-12.675529127450726,15.591882347524827,0,2.1430232663988136e-06,1.254438643627509e-06
2.0792286795331165,0,0.0013882153434678912,38,42,130,0.073621638119220734,0.00015637803017590663,-0.0010848726252924712,-0.015269174122003619,0,27.50072718938598,-12.604035043626752,14.880494477042108,-1.7763568394002505e-15,1.254438643627509e-06,6.0742496543753077e-07
2.0792286795331165,0,0.0013882153434678912,38,42,131,0.077968589961528778,-5.8424987268001091e-05,-0.0029202715461984345,-0.0506378410689294,0,25.770668040623988,-12.630537392243431,13.086514110778159,-3.5527136788005009e-15,6.0742496543753077e-07,2.8512391736512654e-07
2.0792286795331165,0,0.0013882153434678912,38,42,132,0.091136239469051361,1.3630476971329793e-06,-0.002115969235419251,-0.040982570683873336,0,21.578702789400033,-12.849892898584523,8.6857127139439143,-1.7763568394002505e-15,2.8512391736512654e-07,2.8512391736512654e-07
2.0806168948765844,0,0.0013442902127280831,38,42,0,0.0091868136078119278,3.463993733635336e-07,4.8106555911240356,-6.4609316497746452,0,-159.24890362433334,167.55715680590333,6.6579802405137452,2.771194993478332e-06,0.00072913855547085404,0.00072913855547085404
2.0806168948765844,0,0.0013442902127280831,38,42,1,0.31850337982177734,-0.32937730815644956,9.6665086796857977,2.5981394023658213,0,48.143726642398505,41.826333193763254,101.90533061005692,0,0.00072913855547085404,0.00028350605862215161
2.0806168948765844,0,0.0013442902127280831,38,42,2,0.2124045342206955,-0.27411067373379122,9.6486975167061928,-2.6287223102413408,0,19.541247721882872,50.342802881869588,76.629915136483518,0,0.00028350605862215161,0.00021892713266424835
2.0806168948765844,0,0.0013442902127280831,38,42,3,0.37322846055030823,-0.28090495104294355,9.5345457600067203,0.66027600236071171,0,-55.321143828050815,58.354272165121657,12.947045148395327,-5.3290705182007514e-15,0.00021892713266424835,0.00028956172172911465
2.0806168948765844,0,0.0013442902127280831,38,42,4,0.20545835793018341,-0.10424334902378161,9.2768765861302551,13.666968351654251,0,111.92761223014948,64.024735686453141,198.79194950536333,0,0.00028956172172911465,0.00025942138745449483
2.0806168948765844,0,0.0013442902127280831,38,42,5,0.13676276803016663,0.093107301968890735,8.5665223191611251,-8.7169933573590157,0,-46.433938132205917,93.310768647219518,46.819472321174572,5.5423899709694524e-06,0.00025942138745449483,0.00029141543200239539
2.0806168948765844,0,0.0013442902127280831,38,42,6,0.65070396661758423,-0.1031681253688612,6.9116616648040488,-57.152415984079482,0,-290.28012537925321,127.19618718209739,-213.42786064180009,2.8421709430404007e-14,0.00029141543200239539,0.00031057751039043069
2.0806168948765844,0,0.0013442902127280831,38,42,7,1.3339656591415405,-0.42814858627920743,4.5647224280171281,-69.621108538614649,0,-303.22051965967995,93.194799679407382,-275.51025467714931,0,0.00031057751039043069,0.00036228910903446376
2.0806168948765844,0,0.0013442902127280831,38,42,8,1.6362468004226685,-0.47472371402480135,3.0157986692202075,11.186671244911718,0,-145.22214548513881,51.845112023392346,-79.649287261639344,-1.4210854715202004e-14,0.00036228910903446376,0.00032525003189221025
2.0806168948765844,0,0.0013442902127280831,38,42,9,1.4810165166854858,-0.20211468157454104,2.7985248582685314,93.321698240247883,0,140.72908512028502,72.073150541270664,308.72034407849759,5.6843418860808015e-14,0.00032525003189221025,0.00042033352656289935
2.0806168948765844,0,0.0013442902127280831,38,42,10,0.997977614402771,0.22077971900948831,2.8855303352756234,27.327795735217514,0,200.16319220878529,111.05530655695044,341.65260455523838,5.6843418860808015e-14,0.00042033352656289935,0.00024498859420418739
2.0806168948765844,0,0.0013442902127280831,38,42,11,1.4148150682449341,0.044999530195849874,2.2725175830156923,-102.97113220202185,0,-409.52936778217367,130.07412859990137,-380.10885427108263,0,0.00024498859420418739,0.00022650905884802341
2.0806168948765844,0,0.0013442902127280831,38,42,12,2.4198863506317139,-0.35711974117038825,1.8905438600061573,-73.707756531468434,0,-335.71870015367142,45.554898455188692,-362.33813411111538,5.6843418860808015e-14,0.00022650905884802341,0.00020313673303462565
2.0806168948765844,0,0.0013442902127280831,38,42,13,1.6335986852645874,-0.024025567737747961,2.6815350515030918,24.186812489256209,0,394.00584289143023,58.962161497449848,479.81232636190163,-5.6843418860808015e-14,0.00020313673303462565,0.00029727685614489019
2.0806168948765844,0,0.0013442902127280831,38,42,14,1.4266340732574463,0.1150288399128286,2.9347044975195642,-93.395833248537656,0,-186.70804291715035,120.33947484989,-156.71466797836564,0,0.00029727685614489019,0.00018979991727974266
2.0806168948765844,0,0.0013442902127280831,38,42,15,2.2943334579467773,-0.21907127730005937,2.9900889077291661,-55.85257034830024,0,-382.39395948772727,67.576897759791947,-367.89861444580646,0,0.00018979991727974266,0.0002344065869692713
2.0806168948765844,0,0.0013442902127280831,38,42,16,1.8677266836166382,-0.12859799616622494,4.0692816066695734,101.64734344155572,0,142.83581405801237,17.28001912124541,265.70386023131687,0,0.0002344065869692713,0.00031004645279608667
2.0806168948765844,0,0.0013442902127280831,38,42,17,1.3299722671508789,0.24515653571182688,4.8595176475325754,1.3161624318621608,0,27.393594988986663,107.69679558929678,141.51122719339,-2.8421709430404007e-14,0.00031004645279608667,0.00033537641866132617
2.0806168948765844,0,0.0013442902127280831,38,42,18,1.338936448097229,0.28461731312728056,5.7197862889066036,-54.037592818794593,0,-219.62988370074038,125.93981605327276,-141.72325686422835,0,0.00033537641866132617,0.0005514014046639204
2.0806168948765844,0,0.0013442902127280831,38,42,19,1.2839220762252808,-0.15181160377280878,6.9425251561719925,-15.6432848532977,0,-217.34092098067396,70.939088874388233,-155.25440340718424,0,0.0005514014046639204,0.00061091623501852155
2.0806168948765844,0,0.0013442902127280831,38,42,20,1.2119697332382202,-0.195744743497759,7.758845762648015,51.828883905549013,0,-63.808338612315453,27.880793237245033,23.464439549628853,0,0.00061091623501852155,0.00061689160065725446
2.0806168948765844,0,0.0013442902127280831,38,42,21,0.83448725938796997,0.060422442695801167,8.4901994524291897,82.500381342410151,0,114.95745947235581,12.66626767232178,218.67473038221274,2.8421709430404007e-14,0.00061689160065725446,0.00039931945502758026
2.0806168948765844,0,0.0013442902127280831,38,42,22,0.5812373161315918,0.17290871120814141,9.0375236255197606,6.5529671920823498,0,-17.334423221228391,84.662933231953787,83.091909539535649,0,0.00039931945502758026,0.00027746523846872151
2.0806168948765844,0,0.0013442902127280831,38,42,23,0.82831233739852905,-0.22096261787862426,9.1549405427125574,-64.132723612702989,0,-203.84123304320943,85.673399602420119,-173.36657912865834,0,0.00027746523846872151,0.00031128505361266434
2.0806168948765844,0,0.0013442902127280831,38,42,24,1.009057879447937,-0.55359400174845086,9.2053090899958558,4.9992357563825163,0,-126.79817707329768,20.504404251532709,-92.642821977135043,1.4210854715202004e-14,0.00031128505361266434,0.00047004973748698831
2.0806168948765844,0,0.0013442902127280831,38,42,25,0.7820010781288147,-0.30637223297263055,9.3401575164550525,47.180104551990866,0,13.941106044539165,28.907997625432294,99.062993505444751,0,0.00047004973748698831,0.00023693182447459549
2.0806168948765844,0,0.0013442902127280831,38,42,26,0.89519226551055908,-0.36761287098831641,9.051207786365115,-44.033578916055738,0,-101.12094941140252,60.022531547240433,-76.448401864841031,1.4210854715202004e-14,0.00023693182447459549,0.00054425321286544204
2.0806168948765844,0,0.0013442902127280831,38,42,27,1.2476502656936646,-0.4508470980175997,8.5305875409671383,-25.533568913773834,0,-102.09632136855464,53.411524447352278,-66.138625392026668,-1.4210854715202004e-14,0.00054425321286544204,0.00044795559369958937
2.0806168948765844,0,0.0013442902127280831,38,42,28,1.1001718044281006,-0.59920371444048059,8.2526678597238412,14.661084671697829,0,36.073243722702102,59.621306852255906,118.0090993919392,0,0.00044795559369958937,0.00050122203538194299
2.0806168948765844,0,0.0013442902127280831,38,42,29,1.4286977052688599,-1.0406543830562212,7.5546918279624835,-59.950303121101655,0,-139.31750490263363,75.367813176425969,-117.38595740240306,-2.8421709430404007e-14,0.00050122203538194299,0.00038620486157014966
2.0806168948765844,0,0.0013442902127280831,38,42,30,1.8376777172088623,-0.76490939707890071,6.2437170731158149,-15.888568863978925,0,-30.588937995811165,30.529434897052273,-10.469264286700906,-3.5527136788005009e-15,0.00038620486157014966,0.00027921004220843315
2.0806168948765844,0,0.0013442902127280831,38,42,31,1.7475936412811279,-0.54326333323663023,4.6687523950269174,-8.8562071087213408,0,-6.2404650757986779,68.773876637657168,57.802693514927434,-7.1054273576010019e-15,0.00027921004220843315,0.00047799141611903906
2.0806168948765844,0,0.0013442902127280831,38,42,32,2.1298034191131592,-0.32799863865046269,3.2231658044930596,-57.413130008447816,0,-243.44411456639676,82.118798877492836,-215.84327853150913,2.8421709430404007e-14,0.00047799141611903906,0.00022753285884391516
2.0806168948765844,0,0.0013442902127280831,38,42,33,1.8808369636535645,-0.79982021872522435,3.1763083612581746,55.800338865186994,0,67.261380583362524,39.475473062469227,164.91368065355169,0,0.00022753285884391516,0.0005651470273733139
2.0806168948765844,0,0.0013442902127280831,38,42,34,1.3901667594909668,-0.47387538195943402,3.5448914968912821,-11.456075736758992,0,-116.75722868377331,64.290570879157286,-60.851717426443173,-1.4210854715202004e-14,0.0005651470273733139,0.00032863300293684006
2.0806168948765844,0,0.0013442902127280831,38,42,35,2.1648354530334473,-0.62288738599671878,2.9783587857489566,-81.92485956752904,0,-517.97420866145649,62.830927055652957,-534.71266977358039,-1.1368683772161603e-13,0.00032863300293684006,0.00070056586991995573
2.0806168948765844,0,0.0013442902127280831,38,42,36,2.2078347206115723,-0.69663338779020145,2.6461358067403258,64.833902453070465,0,-91.719548485736794,39.153925765748291,14.217782152032086,7.1054273576010019e-15,0.00070056586991995573,0.00041844730731099844
2.0806168948765844,0,0.0013442902127280831,38,42,37,1.5769966840744019,-0.23429397096220653,2.0493601787074369,103.70893515533631,0,119.94246237128557,21.402670479369103,246.8691342137362,0,0.00041844730731099844,0.00073350704042240977
2.0806168948765844,0,0.0013442902127280831,38,42,38,0.63512778282165527,1.7695573838706926,1.3619816295752321,15.554030205159359,0,386.54011057933997,42.438745116310088,447.66442491425533,0,0.00073350704042240977,0.00043231400195509195
2.0806168948765844,0,0.0013442902127280831,38,42,39,0.8770480751991272,0.40372119526835776,0.63789340685082696,-66.464074531289171,0,-415.78397703718554,88.667254564136499,-392.53917131743907,1.1084779941938905e-05,0.00043231400195509195,0.00022916165471542627
2.0806168948765844,0,0.0013442902127280831,38,42,40,2.2190637588500977,-0.19112334285787277,0.25727730958534695,-17.770055073170372,0,-468.4729511884313,33.432228391498839,-452.74462390337538,0,0.00022916165471542627,0.00031825646874494851
2.0806168948765844,0,0.0013442902127280831,38,42,41,1.530220627784729,0.11491487451899199,1.0854337764502984,112.59032688409867,0,381.91154986440631,12.533072956471022,508.23529835594525,-5.6843418860808015e-14,0.00031825646874494851,0.00026100882678292692
2.0806168948765844,0,0.0013442902127280831,38,42,42,0.67739498615264893,0.93751163144145877,1.3356663619795512,-4.2613884639482684,0,319.18991873903701,94.87232593756238,412.0740342060721,-5.6843418860808015e-14,0.00026100882678292692,0.0004689229535870254
2.0806168948765844,0,0.0013442902127280831,38,42,43,1.5401700735092163,0.085755235068779759,0.73088267323324407,-125.07116835745644,0,-380.38224928371102,122.13986480898456,-382.49691492388092,-5.6843418860808015e-14,0.0004689229535870254,0.00036486593307927251
2.0806168948765844,0,0.0013442902127280831,38,42,44,2.5202741622924805,-0.85944758825931289,0.80695007042732259,-11.175231752005761,0,-363.1381005103762,-2.0683312599887507,-376.4341610402027,0,0.00036486593307927251,0.00034306972520425916
2.0806168948765844,0,0.0013442902127280831,38,42,45,1.8259514570236206,-0.43724832461778079,1.7561597819069545,138.2231267479637,0,341.99969118495864,-7.0896478980269526,474.45208149218456,0,0.00034306972520425916,0.00048906932352110744
2.0806168948765844,0,0.0013442902127280831,38,42,46,1.0875728130340576,0.63696938652237978,2.3233762854122997,40.516821629869675,0,373.22312198497235,65.2013850778944,481.90167436467107,0,0.00048906932352110744,0.00031310462509281933
2.0806168948765844,0,0.0013442902127280831,38,42,47,1.2562001943588257,0.44644799917556949,1.7799965619862195,-81.642330696223766,0,-297.12331427992444,126.69202922051915,-249.84717119446731,0,0.00031310462509281933,0.0003515056159812957
2.0806168948765844,0,0.0013442902127280831,38,42,48,2.478229284286499,-0.5559492576877928,1.2886088731065486,-110.55037266077586,0,-501.25862653514457,64.469523566631864,-546.60681601386977,0,0.0003515056159812957,0.00020847526320721954
2.0806168948765844,0,0.0013442902127280831,38,42,49,2.4966201782226562,-0.36164925937648978,1.9917326593556193,108.39336316120604,0,117.77410205704938,-44.739236007522059,183.05831261071248,0,0.00020847526320721954,0.00032903620740398765
2.0806168948765844,0,0.0013442902127280831,38,42,50,1.5547361373901367,0.40326429449489126,3.0363872623754422,96.233536915131722,0,438.4793988931674,-7.5335711653697617,530.61901619979972,0,0.00032903620740398765,0.00047656442620791495
2.0806168948765844,0,0.0013442902127280831,38,42,51,1.3806207180023193,0.708804822572076,3.3210004187102427,-60.531145590357625,0,-39.418098241460278,92.663439667837636,-3.2559989226979487,-7.5495165674510645e-15,0.00047656442620791495,0.00052624568343162537
2.0806168948765844,0,0.0013442902127280831,38,42,52,2.2514762878417969,-0.63779676142565855,3.095602849654445,-176.15347016397249,0,-378.4154989471624,134.22462492525352,-417.88653809765259,0,0.00052624568343162537,0.00034996878821402788
2.0806168948765844,0,0.0013442902127280831,38,42,53,2.7291915416717529,-0.76845687306151667,3.6574165621334389,3.6278267812613527,0,-92.500094350529324,-55.743318757136372,-141.7266266373324,2.8421709430404007e-14,0.00034996878821402788,0.00029876569169573486
2.0806168948765844,0,0.0013442902127280831,38,42,54,1.9557904005050659,-0.089289288075677875,4.8205394044442178,186.08898012663497,0,371.17429993769139,-55.422126173373755,506.57240400732115,-5.6843418860808015e-14,0.00029876569169573486,0.00071371934609487653
2.0806168948765844,0,0.0013442902127280831,38,42,55,1.4294826984405518,0.43543336510104252,5.3774252394377422,13.088110058008905,0,162.93606723265438,74.556052571300896,256.39308846650295,0,0.00071371934609487653,0.00041894600144587457
2.0806168948765844,0,0.0013442902127280831,38,42,56,2.0351517200469971,-0.016709959371683496,5.1721080956564549,-169.31495904043911,0,-357.0007682272103,129.15684088967484,-392.00348824168975,0,0.00041894600144587457,0.00071098370244726539
2.0806168948765844,0,0.0013442902127280831,38,42,57,2.6925048828125,-1.2082538310688196,5.2312308479033964,-19.163899642905545,0,-227.79648447935958,-36.233396623385509,-279.17080372881605,0,0.00071098370244726539,0.00046285323332995176
2.0806168948765844,0,0.0013442902127280831,38,42,58,2.0576376914978027,-0.26526432653683329,5.9419131550791029,218.1541447767521,0,304.80183002788948,-90.697975165762927,437.93464846742091,5.6843418860808015e-14,0.00046285323332995176,0.00068154383916407824
2.0806168948765844,0,0.0013442902127280831,38,42,59,1.4449886083602905,0.71267167877693305,6.1968707146608768,19.484382800751515,0,163.83322498249601,99.524297707745447,289.75144788443077,0,0.00068154383916407824,0.00039317857590503991
2.0806168948765844,0,0.0013442902127280831,38,42,60,2.088909387588501,0.33263554066230694,5.7189448848287032,-217.66854273680619,0,-361.31319101803746,192.48578493881504,-380.44436839053759,-5.6843418860808015e-14,0.00039317857590503991,0.00057560857385396957
2.0806168948765844,0,0.0013442902127280831,38,42,61,2.9685215950012207,-1.0982831148058454,5.5158782977761591,-118.18113517672647,0,-304.32545052486,-20.602083332431253,-438.69107385104741,0,0.00057560857385396957,0.00064170593395829201
2.0806168948765844,0,0.0013442902127280831,38,42,62,2.8351888656616211,-1.0150402277922279,5.8605965949807599,172.77057268043401,0,303.66497499646022,-161.39616960232919,319.88493444175361,5.6843418860808015e-14,0.00064170593395829201,0.00042854881030507386
2.0806168948765844,0,0.0013442902127280831,38,42,63,2.2185225486755371,-0.20767058112391876,6.1163016844102529,182.12257982665309,0,490.58877207051131,-123.88048563460148,554.73949736584927,0,0.00042854881030507386,0.00044748821528628469
2.0806168948765844,0,0.0013442902127280831,38,42,64,1.9061368703842163,0.19667240101962655,5.9237223383862903,16.413189329340504,0,265.00410024278267,41.77348096297294,329.311165274502,-5.6843418860808015e-14,0.00044748821528628469,0.00067417375976219773
2.0806168948765844,0,0.0013442902127280831,38,42,65,2.3347961902618408,-0.30022191209856103,5.2706372406172317,-167.64426100673185,0,-140.73165678923286,75.205354641513452,-228.20014782593259,-2.8421709430404007e-14,0.00067417375976219773,0.00026726399664767087
2.0806168948765844,0,0.0013442902127280831,38,42,66,3.3291797637939453,-0.83680424062112868,4.1728796136607791,-268.15146832199383,0,-442.66456841019573,102.97689628759461,-604.50306507155528,0,0.00026726399664767087,0.0004831722762901336
2.0806168948765844,0,0.0013442902127280831,38,42,67,4.0697803497314453,-1.3334886357190581,3.4014651827494844,2.1946090731521868,0,-88.746344469062862,-217.98796175577718,-302.47172060465743,0,0.0004831722762901336,0.00055656611220911145
2.0806168948765844,0,0.0013442902127280831,38,42,68,3.4717755317687988,-0.30904331854063677,3.2480175347362796,266.26865193920867,0,471.5834291199767,-199.5764082974774,541.21464697790361,0,0.00055656611220911145,0.00040458125295117497
2.0806168948765844,0,0.0013442902127280831,38,42,69,2.7610824108123779,0.41743739805574692,2.7155648063432651,44.390375813010152,0,365.26815182511336,51.881204066901844,464.67273390942438,0,0.00040458125295117497,0.00028313850634731352
2.0806168948765844,0,0.0013442902127280831,38,42,70,3.605151891708374,0.056768881905092633,1.3110042853932478,-293.12911335183395,0,-362.33041910427187,125.16773896036023,-528.92402032844723,0,0.00028313850634731352,0.00032592780189588666
2.0806168948765844,0,0.0013442902127280831,38,42,71,5.0188188552856445,-0.82165667232307982,0.44707978833266293,-134.23154182794084,0,-404.15604287211846,-129.14673157036259,-667.90889315441234,0,0.00032592780189588666,0.00036854780046269298
2.0806168948765844,0,0.0013442902127280831,38,42,72,4.2244868278503418,-0.24905837825339375,1.1862100141460845,332.98324249731434,0,587.12904701635398,-235.38680971806122,685.66263143149979,-1.1368683772161603e-13,0.00036854780046269298,0.00029247620841488242
2.0806168948765844,0,0.0013442902127280831,38,42,73,2.9658811092376709,0.37406369331877881,1.7061504507738345,114.03223505968678,0,446.43410301830767,17.074995031333987,579.621547253421,0,0.00029247620841488242,0.00016769727517385036
2.0806168948765844,0,0.0013442902127280831,38,42,74,3.6023621559143066,0.25481787403446587,0.88239187035310651,-235.61010152532634,0,-428.62964078817981,84.094638733598529,-579.00789383552001,0,0.00016769727517385036,0.00039522265433333814
2.0806168948765844,0,0.0013442902127280831,38,42,75,4.6333775520324707,-0.68014876121089096,0.15056231443277318,-268.74330689295783,0,-257.1276990031925,-48.792008912855877,-575.19260125578433,0,0.00039522265433333814,0.00044411569251678884
2.0806168948765844,0,0.0013442902127280831,38,42,76,4.346531867980957,-0.33008249068077433,0.49963528475976987,16.513661774785849,0,390.89971019362429,-221.06491931276096,186.51800544972815,-2.8421709430404007e-14,0.00044411569251678884,0.00046868680510669947
2.0806168948765844,0,0.0013442902127280831,38,42,77,3.1875088214874268,0.53081304695919806,0.96430207237755106,-7.8939595310272086,0,464.18411680933269,-96.236818009996213,361.54845438764602,0,0.00046868680510669947,0.00033355256891809404
2.0806168948765844,0,0.0013442902127280831,38,42,78,3.5699539184570312,0.17643198253454359,0.62433252088246971,-230.88408342509308,0,-259.33472302988605,25.302739456144323,-464.11530249541778,5.6843418860808015e-14,0.00033355256891809404,0.00041021758806891739
2.0806168948765844,0,0.0013442902127280831,38,42,79,4.31378173828125,-0.55387484504040529,0.56522565970678162,-42.913528411027102,0,-345.63691785961561,-112.35869932231293,-500.89779477828927,0,0.00041021758806891739,0.00018257045303471386
2.0806168948765844,0,0.0013442902127280831,38,42,80,3.6791682243347168,-0.57690598677706995,1.4894050720662246,262.12170274343976,0,191.98377742454664,-141.05834742384951,313.95963182942603,0,0.00018257045303471386,0.00049824034795165062
2.0806168948765844,0,0.0013442902127280831,38,42,81,2.8668320178985596,0.37819104185240526,2.2583903773718075,160.6693627507228,0,309.974431742653,-112.36331059077114,360.91706532182883,-5.6843418860808015e-14,0.00049824034795165062,0.00028339395066723228
2.0806168948765844,0,0.0013442902127280831,38,42,82,2.7441446781158447,0.52531066611300503,2.210590381442,-73.937078459025074,0,53.519091151964105,-1.5298769892525264,-19.211963248758483,7.1054273576010019e-15,0.00028339395066723228,0.000264458212768659
2.0806168948765844,0,0.0013442902127280831,38,42,83,3.3237593173980713,0.26188433465123861,1.7663643610468709,-229.13215612392958,0,-188.0402561103767,-14.6003400775848,-429.74450361619296,0,0.000264458212768659,0.00040469554369337857
2.0806168948765844,0,0.0013442902127280831,38,42,84,3.8517153263092041,-0.32872365253891256,1.696674176316415,-116.27171532206698,0,-150.32486874711245,-81.111502754091518,-346.34013629949345,0,0.00040469554369337857,0.00036018283572047949
2.0806168948765844,0,0.0013442902127280831,38,42,85,3.432689905166626,-0.037400567142374039,2.5792736264940097,153.36564558234713,0,251.18891729844862,-101.36915980398992,305.72727613615746,0,0.00036018283572047949,0.0006622765795327723
2.0806168948765844,0,0.0013442902127280831,38,42,86,2.7780828475952148,0.59568810720021403,3.5668684587349579,148.12688990085616,0,281.01885824168545,-118.47714314044806,314.83116156802873,0,0.0006622765795327723,0.00059919903287664056
2.0806168948765844,0,0.0013442902127280831,38,42,87,2.8429434299468994,0.48781137514922235,3.5300223037896523,-99.482973648100668,0,-11.823824396301667,19.891947989866086,-87.397016375597374,1.4210854715202004e-14,0.00059919903287664056,0.00063492194749414921
2.0806168948765844,0,0.0013442902127280831,38,42,88,3.5546028614044189,-0.31223885275991536,3.0669396871061059,-214.74517589077681,0,-136.00049535110392,-7.9725284512960313,-355.96349885883058,0,0.00063492194749414921,0.00066133157815784216
2.0806168948765844,0,0.0013442902127280831,38,42,89,3.6469976902008057,-0.5030470587878707,3.0752480760762304,-67.783340701536673,0,105.65834889604685,-116.486139305374,-76.038930093575459,0,0.00066133157815784216,0.00053314102115109563
2.0806168948765844,0,0.0013442902127280831,38,42,90,3.3036808967590332,-0.3344600261618127,3.316531866793853,-45.007044291056879,0,189.5389183592967,-74.600214334612275,72.913731574259586,1.4210854715202004e-14,0.00053314102115109563,0.00080033193808048964
2.0806168948765844,0,0.0013442902127280831,38,42,91,3.4140138626098633,-0.66113195521229307,3.5085902281602772,-8.8550542916067858,0,-20.640569688409435,-54.394168020150055,-81.042333727218292,0,0.00080033193808048964,0.00058744329726323485
2.0806168948765844,0,0.0013442902127280831,38,42,92,2.9008009433746338,-0.67970935360577933,4.374222171032093,243.91357716673892,0,203.32040357258992,-95.716631456613698,355.21186210014145,0,0.00058744329726323485,0.00055776420049369335
2.0806168948765844,0,0.0013442902127280831,38,42,93,1.8335796594619751,-0.36516625221424975,5.5417584877588952,219.18423120772576,0,297.57969683992843,-91.805566378130422,430.13495390506836,0,0.00055776420049369335,0.00064860784914344549
2.0806168948765844,0,0.0013442902127280831,38,42,94,1.3764290809631348,-0.18622153192524873,5.546111688683955,50.425639442418252,0,70.016968200104529,-73.021298278871413,52.78119952041007,-1.4210854715202004e-14,0.00064860784914344549,0.0007231422932818532
2.0806168948765844,0,0.0013442902127280831,38,42,95,1.5666954517364502,-0.18870001944166484,3.3862599822556922,-8.6676771713719969,0,-27.023895408173207,-86.529743192494564,-119.02375580922575,0,0.0007231422932818532,0.00063745421357452869
2.0806168948765844,0,0.0013442902127280831,38,42,96,1.6526283025741577,0.023559054381670625,0.84433487639820859,9.8705088130495575,0,41.568456873061514,-104.42864774777622,-52.121788130885271,7.1054273576010019e-15,0.00063745421357452869,0.00051089050248265266
2.0806168948765844,0,0.0013442902127280831,38,42,97,1.4697682857513428,0.25799303834684362,0.022052842250158369,24.273717164045649,0,32.840567177013973,-102.02972401062927,-44.635393788972635,7.1054273576010019e-15,0.00051089050248265266,0.00035386066883802414
2.0806168948765844,0,0.0013442902127280831,38,42,98,1.2433574199676514,0.1099853833503087,0.00068505964685991135,14.88854435622326,0,37.332918115951131,-91.674765974748354,-39.342633059576798,0,0.00035386066883802414,0.00025567415286786854
2.0806168948765844,0,0.0013442902127280831,38,42,99,1.0629712343215942,0.055935095479025074,-6.7804542954374769e-05,9.0288636411856729,0,37.518344314915133,-82.498164386420626,-35.895089139383749,0,0.00025567415286786854,0.00018780646496452391
2.0806168948765844,0,0.0013442902127280831,38,42,100,0.9205397367477417,0.029379230816740983,-0.00055880295289498943,5.7278161727805434,0,35.693124448737869,-74.616087739497274,-33.166326690115021,-7.1054273576010019e-15,0.00018780646496452391,0.00014143927546683699
2.0806168948765844,0,0.0013442902127280831,38,42,101,0.80795633792877197,0.014538246134101806,-0.0010591537177799871,3.8299244892665989,0,33.553185510287413,-67.822048753113805,-30.425459661143474,-3.5527136788005009e-15,0.00014143927546683699,0.00011099074617959559
2.0806168948765844,0,0.0013442902127280831,38,42,102,0.71436500549316406,0.0081021440010340014,-0.0010965630741298989,2.6916506060040537,0,31.378972432238871,-61.932173097498868,-27.854544478329039,0,0.00011099074617959559,8.9062414190266281e-05
2.0806168948765844,0,0.0013442902127280831,38,42,103,0.63591182231903076,0.004988053297900647,-0.0011748889959148688,1.9374421783670994,0,29.335825792291143,-56.798235095192716,-25.521153960232486,3.5527136788005009e-15,8.9062414190266281e-05,7.256920071085915e-05
2.0806168948765844,0,0.0013442902127280831,38,42,104,0.56985247135162354,0.003083893743697155,-0.0012216507124947985,1.4247045971093839,0,27.611654780116503,-52.297592740854732,-23.259371120597642,0,7.256920071085915e-05,5.9928610426140949e-05
2.0806168948765844,0,0.0013442902127280831,38,42,105,0.51370775699615479,0.0019882752336788522,-0.0012345101972398031,1.0680850566341324,0,26.13454134341471,-48.329662741240099,-21.126282576154821,-3.5527136788005009e-15,5.9928610426140949e-05,5.0104386900784448e-05
2.0806168948765844,0,0.0013442902127280831,38,42,106,0.46578532457351685,0.0013338367501752565,-0.0013116671902799902,0.81561810854684169,0,24.918563152719258,-44.81286111593424,-19.078657685108247,-3.5527136788005009e-15,5.0104386900784448e-05,4.2309638956794515e-05
2.0806168948765844,0,0.0013442902127280831,38,42,107,0.42441818118095398,0.00087879728134946809,-0.001322188479254791,0.63675409931183435,0,24.111103442213874,-41.680191454933656,-16.932777304605857,-3.5527136788005009e-15,4.2309638956794515e-05,3.6057972465641797e-05
2.0806168948765844,0,0.0013442902127280831,38,42,108,0.38839063048362732,0.00061384717490202314,-0.0012789339717600076,0.503781079060028,0,23.628161749455394,-38.876584571458508,-14.745306829739945,0,3.6057972465641797e-05,3.1016079446999356e-05
2.0806168948765844,0,0.0013442902127280831,38,42,109,0.35687732696533203,0.00041323652354887888,-0.001322188479254791,0.40364117701311081,0,23.388974367745369,-36.357302293640153,-12.565595700837378,0,3.1016079446999356e-05,2.6868599888985045e-05
2.0806168948765844,0,0.0013442902127280831,38,42,110,0.32906779646873474,0.00030710723155239313,-0.0013490765466299022,0.33008257728061768,0,23.511416847046924,-34.085831356331077,-10.245373901318613,-1.7763568394002505e-15,2.6868599888985045e-05,2.3416778276441619e-05
2.0806168948765844,0,0.0013442902127280831,38,42,111,0.30427202582359314,0.00023003489324187811,-0.0013163433281099194,0.27461433842266181,0,23.936850701437081,-32.03157776687582,-7.8211990354509453,0,2.3416778276441619e-05,2.0520948964986019e-05
2.0806168948765844,0,0.0013442902127280831,38,42,112,0.28203988075256348,0.00016577975459661145,-0.0012742577493599189,0.23118417058783541,0,24.648759608793867,-30.169423413913044,-5.2905881125261045,8.8817841970012523e-16,2.0520948964986019e-05,1.8077071217703633e-05
2.0806168948765844,0,0.0013442902127280831,38,42,113,0.26197183132171631,0.00011667984224647788,-0.0012251578370097854,0.19675484407048707,0,25.613711872795221,-28.47810768950319,-2.668749450632244,4.4408920985006262e-16,1.8077071217703633e-05,1.6015568689908832e-05
2.0806168948765844,0,0.0013442902127280831,38,42,114,0.24373149871826172,8.5721413094026218e-05,-0.0012052841878049667,0.16982991357768634,0,26.847292694047518,-26.939994708749573,0.07600833610091999,5.9674487573602164e-16,1.6015568689908832e-05,1.4222976460587233e-05
2.0806168948765844,0,0.0013442902127280831,38,42,115,0.22700706124305725,5.8833345718915095e-05,-0.0011783961204298557,0.1494450032539891,0,28.377579820158104,-25.539809644884354,2.986095615753031,1.3322676295501878e-15,1.4222976460587233e-05,1.2644808521145023e-05
2.0806168948765844,0,0.0013442902127280831,38,42,116,0.21149468421936035,4.8790808417115075e-05,-0.0011129296833898902,0.13322797019060192,0,30.24583080209208,-24.264782831407857,6.1132118019998503,-2.6645352591003757e-15,1.2644808521145023e-05,1.1272464689682238e-05
2.0806168948765844,0,0.0013442902127280831,38,42,117,0.19702982902526855,3.4635455117899194e-05,-0.0010322656504048759,0.11959369085501324,0,32.393340645246774,-23.103729725352927,9.4082069805535724,0,1.1272464689682238e-05,1.0052106517832726e-05
2.0806168948765844,0,0.0013442902127280831,38,42,118,0.18346956372261047,2.8057757251329634e-05,-0.00094809449290487481,0.10769972197120295,0,34.790524071941952,-22.047849011441137,12.849454745736365,-1.7763568394002505e-15,1.0052106517832726e-05,8.9653940449352376e-06
2.0806168948765844,0,0.0013442902127280831,38,42,119,0.17075470089912415,2.0268760990061368e-05,-0.00084054247711490889,0.096725789823046207,0,37.382589014896475,-21.089458937168782,16.38903559383461,-7.1054273576010019e-15,8.9653940449352376e-06,7.9894653026713058e-06
2.0806168948765844,0,0.0013442902127280831,38,42,120,0.15886276960372925,2.1226518046541354e-05,-0.00073065243469505809,0.086206333652742426,0,40.07502664027681,-20.222207923625866,19.938315624387034,-3.5527136788005009e-15,7.9894653026713058e-06,7.0882806539884768e-06
2.0806168948765844,0,0.0013442902127280831,38,42,121,0.14779257774353027,1.9888322127494021e-05,-0.00064063599919494626,0.075498436223328871,0,42.814652173894217,-19.440730937317735,23.448798925122745,3.5527136788005009e-15,7.0882806539884768e-06,6.2947278820502106e-06
2.0806168948765844,0,0.0013442902127280831,38,42,122,0.13760744035243988,2.733912232087147e-05,-0.00057049333975489212,0.065222845211873007,0,45.477360419455003,-18.741270237842141,26.800769872607301,0,6.2947278820502106e-06,5.5604709814360831e-06
2.0806168948765844,0,0.0013442902127280831,38,42,123,0.12830379605293274,2.5437646854390592e-05,-0.00049099840465497975,0.056277427794133118,0,48.022769523609931,-18.120722086813746,29.957859303832521,3.5527136788005009e-15,5.5604709814360831e-06,4.8661072469258215e-06
2.0806168948765844,0,0.0013442902127280831,38,42,124,0.1198921725153923,2.9599640399563019e-05,-0.00037877020875000487,0.04797492761335595,0,50.390345503064985,-17.576548069624543,32.861423190485446,0,4.8661072469258215e-06,4.2308593037887476e-06
2.0806168948765844,0,0.0013442902127280831,38,42,125,0.11245300620794296,3.3155942462306334e-05,-0.00025485154141496782,0.039500613343390459,0,52.491864594216949,-17.106187602106626,35.424955909854759,0,4.2308593037887476e-06,3.6646972603193717e-06
2.0806168948765844,0,0.0013442902127280831,38,42,126,0.10608493536710739,3.4416460689841361e-05,-0.00015080665013998866,0.03127570662224672,0,54.203282567061834,-16.707745186888957,37.526696696605676,0,3.6646972603193717e-06,3.1450338155991631e-06
2.0806168948765844,0,0.0013442902127280831,38,42,127,0.10084974765777588,3.6198085704796749e-05,-1.40285258095306e-05,0.022801392352281236,0,55.465157289130467,-16.379846311258024,39.108134539784615,0,3.1450338155991631e-06,2.6839738893613685e-06
2.0806168948765844,0,0.0013442902127280831,38,42,128,0.097027450799942017,4.6944694691305115e-05,0.0001636661243137233,0.013595482605771966,0,55.949711817371323,-16.127124413231936,39.83639349756416,0,2.6839738893613685e-06,2.2490660285257036e-06
2.0806168948765844,0,0.0013442902127280831,38,42,129,0.094734162092208862,5.5353199084812855e-05,0.00034369887902997785,0.0036690621626665476,0,55.541797457688396,-15.952771909435615,39.593093662493565,7.1054273576010019e-15,2.2490660285257036e-06,1.6798618389657349e-06
2.0806168948765844,0,0.0013442902127280831,38,42,130,0.094278968870639801,8.936765552141116e-05,0.00086392341997503321,-0.0085740772894941832,0,53.975473711968057,-15.856733375969323,38.111119549784732,0,1.6798618389657349e-06,6.8296566269054892e-07
2.0806168948765844,0,0.0013442902127280831,38,42,131,0.096135489642620087,-2.7432191781415067e-05,0.002305354471020012,-0.032600337825988875,0,49.99982870550987,-15.882161861169193,34.087344428793926,0,6.8296566269054892e-07,3.1535822131445457e-07
2.0806168948765844,0,0.0013442902127280831,38,42,132,0.10319387912750244,2.6747850050639259e-06,0.0016600422071398973,-0.025677892748692019,0,39.915300503621388,-16.149449160046469,23.741836167818374,0,3.1535822131445457e-07,3.1535822131445457e-07
2.0819611850893125,0,0.0013628508895635605,38,42,0,0.0091868136078119278,-6.8336351522192231e-07,4.7508736802542115,-12.371531075955854,0,-123.30014282297468,141.22567533399391,10.304877165408138,2.7334540764201165e-06,0.00059483066434040666,0.00059483066434040666
2.0819611850893125,0,0.0013628508895635605,38,42,1,0.45549371838569641,-0.3311060238493867,9.5603840502955553,-10.041266955957221,0,-17.292180271295315,35.562543479003658,17.458374278197287,-3.5527136788005009e-15,0.00059483066434040666,0.00032466443371959031
2.0819611850893125,0,0.0013628508895635605,38,42,2,0.31541737914085388,-0.36980968326101071,9.6540410701472652,1.9061796562681519,0,39.989033382307717,45.721742576963813,96.901187002425942,1.4210854715202004e-14,0.00032466443371959031,0.00032601269776932895
2.0819611850893125,0,0.0013628508895635605,38,42,3,0.39063304662704468,-0.34944408378036695,9.5387699456726001,-17.106983291762052,0,-89.937920524823184,62.024631154542661,-35.830946800150343,0,0.00032601269776932895,0.00033865426667034626
2.0819611850893125,0,0.0013628508895635605,38,42,4,0.47269243001937866,-0.38839922096559265,9.200158540335531,10.143563740731881,0,15.211759319369939,44.853531964328425,79.02061434380019,0,0.00033865426667034626,0.00033025091397576034
2.0819611850893125,0,0.0013628508895635605,38,42,5,0.19970172643661499,-0.044408378036696623,8.6333037209143395,8.8660347832029256,0,111.88599309802849,65.542149178255372,194.88307240236443,-2.8421709430404007e-14,0.00033025091397576034,0.00019286354654468596
2.0819611850893125,0,0.0013628508895635605,38,42,6,0.36379498243331909,0.11819455359278368,7.2653022175146065,-24.815564287422696,0,-78.278186353230595,83.055170670037924,-12.655083199507978,7.1054273576010019e-15,0.00019286354654468596,0.00041786266956478357
2.0819611850893125,0,0.0013628508895635605,38,42,7,0.96359992027282715,-0.11817234427853897,4.9287890798510263,-76.561992688010392,0,-286.75078962654186,99.133369323811806,-259.36879625516792,5.6843418860808015e-14,0.00041786266956478357,0.000466709811007604
2.0819611850893125,0,0.0013628508895635605,38,42,8,1.5291750431060791,-0.47649434516691153,2.8335627156866097,-82.910253869545912,0,-323.96748829739983,103.13317798202753,-301.38749581439845,5.6843418860808015e-14,0.000466709811007604,0.00044481788063421845
2.0819611850893125,0,0.0013628508895635605,38,42,9,1.8960262537002563,-0.62270321522533911,2.1810781767861416,18.991251580278128,0,-182.26146854819422,61.29112515802781,-100.42071684832747,0,0.00044481788063421845,0.00034779851557686925
2.0819611850893125,0,0.0013628508895635605,38,42,10,1.457257866859436,-0.1269855126934773,2.5940918098882699,105.1658181569686,0,246.75034134007586,61.332761130283252,415.71602692452251,0,0.00034779851557686925,0.0003847357293125242
2.0819611850893125,0,0.0013628508895635605,38,42,11,0.90383845567703247,0.17902671951344518,2.6425976355622374,-22.972647691939727,0,156.39463969658661,124.61681484265556,260.86043120237809,-5.6843418860808015e-14,0.0003847357293125242,0.00013653446512762457
2.0819611850893125,0,0.0013628508895635605,38,42,12,1.9327987432479858,-0.07870844295623057,2.129367547066662,-149.88154030136332,0,-421.98425257115525,121.29617111422421,-448.51896265418389,5.6843418860808015e-14,0.00013653446512762457,0.00014607659250032157
2.0819611850893125,0,0.0013628508895635605,38,42,13,2.2786056995391846,-0.34115368845457339,2.5842479584514981,6.8695855400280177,0,48.001027778726893,20.017805719752623,77.131513308504452,0,0.00014607659250032157,0.0003147021634504199
2.0819611850893125,0,0.0013628508895635605,38,42,14,1.2159640789031982,0.13710219701370144,3.2480947825195612,-0.52998394095739232,0,239.74946253459527,46.268324050978919,288.87299962415005,0,0.0003147021634504199,0.00011660335439955816
2.0819611850893125,0,0.0013628508895635605,38,42,15,1.7997709512710571,0.14888577578843065,3.0314552226056652,-131.38012368879626,0,-302.53038575870437,119.02368674616463,-311.70648170294186,5.6843418860808015e-14,0.00011660335439955816,0.00023469854204449803
2.0819611850893125,0,0.0013628508895635605,38,42,16,2.224909782409668,-0.23843919773123312,3.5941586086718829,19.629786448901495,0,-142.1857956059726,-4.2482686985341855,-123.44855844466464,0,0.00023469854204449803,0.00016734223754610866
2.0819611850893125,0,0.0013628508895635605,38,42,17,1.5202044248580933,-0.005280349882119794,4.8169467318139887,73.805708818806167,0,130.21711552260226,7.8268630197833735,216.66135374312364,-2.8421709430404007e-14,0.00016734223754610866,0.00040166769758798182
2.0819611850893125,0,0.0013628508895635605,38,42,18,1.1484192609786987,0.42232343595175453,5.8647083746198794,-29.849580756483412,0,-56.621598387262104,45.908032938121437,-34.276114395052446,0,0.00040166769758798182,0.0005679334863089025
2.0819611850893125,0,0.0013628508895635605,38,42,19,1.0752151012420654,0.19182423890388492,6.8823548706734545,-65.850745207913349,0,-168.25883623193357,79.438198653773881,-147.59720367649572,0,0.0005679334863089025,0.00070788548327982426
2.0819611850893125,0,0.0013628508895635605,38,42,20,1.243512749671936,-0.27468548194211911,7.5482973998018243,-39.833904397444222,0,-252.52291522875595,56.894244029111285,-228.18896367922918,0,0.00070788548327982426,0.00044313666876405478
2.0819611850893125,0,0.0013628508895635605,38,42,21,1.128449559211731,-0.25298937369733832,8.1912898486349821,68.283081969453647,0,-29.934689582123209,15.514910308538628,61.801603170806708,-7.1054273576010019e-15,0.00044313666876405478,0.00048741642967797816
2.0819611850893125,0,0.0013628508895635605,38,42,22,0.69293695688247681,0.050870946800150342,8.9523832302593362,67.183358731677316,0,76.687993986401068,15.613402125260532,168.48800902039841,0,0.00048741642967797816,0.00017593202937860042
2.0819611850893125,0,0.0013628508895635605,38,42,23,0.59525734186172485,0.060651928793521714,9.2812881402261933,-16.353840161273791,0,-83.562062391088944,69.682194963610897,-20.89176751973212,7.1054273576010019e-15,0.00017593202937860042,0.00022050095140002668
2.0819611850893125,0,0.0013628508895635605,38,42,24,0.88451904058456421,-0.30519561280623225,9.1953503946424302,-50.599296135579323,0,-183.82531041787678,74.79718727577135,-150.73726449584856,-2.8421709430404007e-14,0.00022050095140002668,0.00056693586520850658
2.0819611850893125,0,0.0013628508895635605,38,42,25,0.91517049074172974,-0.47415929203539825,9.2208186694912353,26.132258174736052,0,-49.364693340622544,8.5225161444630473,-5.9632596439676089,1.7763568394002505e-15,0.00056693586520850658,0.00059539068024605513
2.0819611850893125,0,0.0013628508895635605,38,42,26,0.79242342710494995,-0.38226603341647591,9.1758533501896338,2.1197170875046982,0,-26.405122492910102,27.807581234837873,12.315763146205624,-1.7763568394002505e-15,0.00059539068024605513,0.00043553460272960365
2.0819611850893125,0,0.0013628508895635605,38,42,27,1.158740758895874,-0.54973793009191241,8.6571189394198242,-60.333672737212559,0,-169.36997437386819,45.271072539037142,-176.3251935627157,0,0.00043553460272960365,0.00051895179785788059
2.0819611850893125,0,0.0013628508895635605,38,42,28,1.25881028175354,-0.49201968086923842,8.2589653876379536,8.0327686472819213,0,-0.31122014555642874,17.957699798407763,33.446194006901969,0,0.00051895179785788059,0.00033352395985275507
2.0819611850893125,0,0.0013628508895635605,38,42,29,1.2708969116210938,-0.78855981139166975,7.779641917518024,-22.334112823316364,0,-24.390282570813543,28.873234701199301,-10.860078586804251,-1.7763568394002505e-15,0.00033352395985275507,0.00043802434811368585
2.0819611850893125,0,0.0013628508895635605,38,42,30,1.8236039876937866,-0.8145071240646462,6.4240796801858746,-43.422207947517684,0,-169.4457238528035,28.154226945023407,-179.10413229917654,0,0.00043802434811368585,0.00030485278693959117
2.0819611850893125,0,0.0013628508895635605,38,42,31,1.8252972364425659,-0.5403474903474903,4.8668148426555504,45.910132230840198,0,27.740228926777601,4.7074015102333684,82.68423002015922,0,0.00030485278693959117,0.00047987484140321612
2.0819611850893125,0,0.0013628508895635605,38,42,32,1.8396474123001099,-0.2937038302525028,3.6117234427853897,-29.32458263573308,0,-135.80482044623636,69.732556121228683,-92.078827348207881,-1.4210854715202004e-14,0.00047987484140321612,0.00039812902105040848
2.0819611850893125,0,0.0013628508895635605,38,42,33,2.1025288105010986,-0.70688830423343696,3.079438958554003,16.718592271158641,0,-101.18704616120546,46.952868418355145,-35.143034817371102,7.1054273576010019e-15,0.00039812902105040848,0.00055021251318976283
2.0819611850893125,0,0.0013628508895635605,38,42,34,1.3083643913269043,-0.25626029316294802,3.4845351419687702,58.965721119349439,0,229.94821471281648,42.107525882393141,334.24973656336488,0,0.00055021251318976283,0.00058134447317570448
2.0819611850893125,0,0.0013628508895635605,38,42,35,1.4460264444351196,-0.16175248573478662,3.2719421191102609,-74.210784842997228,0,-252.34215737861754,62.030251136091842,-261.41250145214747,-5.6843418860808015e-14,0.00058134447317570448,0.00050207314779981971
2.0819611850893125,0,0.0013628508895635605,38,42,36,2.226947546005249,-0.78808248197628727,2.5411668432022414,-41.678482932996211,0,-403.78425940479036,63.395141285406773,-380.31451669115387,-5.6843418860808015e-14,0.00050207314779981971,0.0005128667107783258
2.0819611850893125,0,0.0013628508895635605,38,42,37,1.908860445022583,-0.61138927802644616,1.7463194041070147,72.606750264803367,0,-94.050937916424644,53.71346567806745,33.404208152526735,0,0.0005128667107783258,0.00056290306383743882
2.0819611850893125,0,0.0013628508895635605,38,42,38,1.2369186878204346,1.2018629343629343,1.2421511429254792,65.151724467830661,0,384.42458195236958,38.146860286329314,490.16718078381797,-5.6843418860808015e-14,0.00056290306383743882,0.00046267881407402456
2.0819611850893125,0,0.0013628508895635605,38,42,39,0.34936150908470154,0.91462816482727982,1.0134628591929478,-13.619795674308948,0,211.27424061229371,74.420801585403353,274.00333754740836,0,0.00046267881407402456,0.0003194569144397974
2.0819611850893125,0,0.0013628508895635605,38,42,40,1.6104435920715332,0.077555608706051188,0.25317046502887208,-90.592353162264672,0,-708.71251853623539,117.75273994601429,-681.22140567875078,1.1368683772161603e-13,0.0003194569144397974,0.00023447394778486341
2.0819611850893125,0,0.0013628508895635605,38,42,41,2.2134363651275635,-0.3670377045819524,0.39362874568626782,52.632592339494991,0,-129.94027129531554,-25.984870331772985,-103.26595824648922,0,0.00023447394778486341,0.00033645637449808419
2.0819611850893125,0,0.0013628508895635605,38,42,42,1.231342077255249,0.32363839819592033,1.3354151433354973,71.37945125909728,0,513.65380530973448,0.84041685174428538,587.53272696210752,0,0.00033645637449808419,0.00031429794034920633
2.0819611850893125,0,0.0013628508895635605,38,42,43,1.0259832143783569,0.70216318720743498,1.3791980729148872,-49.529181672190525,0,32.676322137561073,91.721072880718893,76.949574606211769,0,0.00031429794034920633,0.00044036764302290976
2.0819611850893125,0,0.0013628508895635605,38,42,44,2.0142374038696289,-0.24198303550073461,0.75893386749581437,-109.86902108176444,0,-561.98538422113643,134.21513103495406,-537.12232343595178,-1.1368683772161603e-13,0.00044036764302290976,0.00036511835060082376
2.0819611850893125,0,0.0013628508895635605,38,42,45,2.4637527465820312,-0.74539037140807052,1.0322937096388425,52.009977107322243,0,-158.97488912426965,-36.535040830970033,-143.21304950968667,0,0.00036511835060082376,0.00023759157920721918
2.0819611850893125,0,0.0013628508895635605,38,42,46,1.7353885173797607,-0.16754330816277718,2.0004882632316261,141.58469812416715,0,369.35787063928655,-11.849457751050672,500.92605596747188,0,0.00023759157920721918,0.00052509340457618237
2.0819611850893125,0,0.0013628508895635605,38,42,47,0.92033308744430542,0.79866043666928621,2.1431484265555061,-3.3188943178323709,0,324.86497966993539,84.294125123859644,408.78201933918746,0,0.00052509340457618237,0.0003592717694118619
2.0819611850893125,0,0.0013628508895635605,38,42,48,1.7434310913085938,0.071611371168893295,1.5716974749718113,-149.10191546793317,0,-359.30934362934363,138.52742816141046,-368.24052208972563,0,0.0003592717694118619,0.00030628431704826653
2.0819611850893125,0,0.0013628508895635605,38,42,49,2.7427036762237549,-0.72459271534492775,1.5473405200396351,-63.429079851026756,0,-396.81408275532169,9.2828974613045414,-450.13751734034918,5.6843418860808015e-14,0.00030628431704826653,0.00030346578569151461
2.0819611850893125,0,0.0013628508895635605,38,42,50,2.2680420875549316,-0.32215225339119147,2.5788919260600678,147.12648101957836,0,247.42998735777496,-0.94083302012505554,395.87237502989717,0,0.00030346578569151461,0.00055518909357488155
2.0819611850893125,0,0.0013628508895635605,38,42,51,1.3762437105178833,0.66969282809990771,3.4861195202788124,52.625332285509273,0,362.87403013633104,44.016745139576997,463.67191990979603,0,0.00055518909357488155,0.00042094619129784405
2.0819611850893125,0,0.0013628508895635605,38,42,52,1.6897155046463013,0.28412683226842517,3.5874062937779754,-103.2258092732429,0,-134.73461851231764,78.923696996617352,-155.16519766289679,0,0.00042094619129784405,0.00049965159269049764
2.0819611850893125,0,0.0013628508895635605,38,42,53,2.5386698246002197,-0.92094748351385525,3.604543342330953,-137.12457580209792,0,-416.15180510472544,84.089356613250416,-466.50342843475585,0,0.00049965159269049764,0.00042696684249676764
2.0819611850893125,0,0.0013628508895635605,38,42,54,2.6367707252502441,-0.68378651723784467,4.2296668602863292,92.439730754774999,0,7.0889616291386206,-36.582624799261964,66.491947927700139,0,0.00042696684249676764,0.00029060119413770735
2.0819611850893125,0,0.0013628508895635605,38,42,55,1.7741494178771973,0.24163016366556189,5.2069091468206512,154.59515221922302,0,315.79214268630199,-28.940499538729629,446.8953346772816,0,0.00029060119413770735,0.00069112027995288372
2.0819611850893125,0,0.0013628508895635605,38,42,56,1.5081852674484253,0.4498841698841699,5.5231284381726864,-47.559476543547341,0,-9.787689889636793,87.87779273584583,36.503638910718557,7.1054273576010019e-15,0.00069112027995288372,0.00053331913659349084
2.0819611850893125,0,0.0013628508895635605,38,42,57,2.3172183036804199,-0.42450302388355488,5.2423798134417607,-168.35242969897837,0,-379.74753271602827,133.28855571121059,-409.99352991423785,-5.6843418860808015e-14,0.00053331913659349084,0.00074537505861371756
2.0819611850893125,0,0.0013628508895635605,38,42,58,2.6463489532470703,-1.0695312126285577,5.4658000478354465,82.027413810776636,0,-26.691807154816004,-63.162119793624221,-3.4302443024566918,1.5099033134902129e-14,0.00074537505861371756,0.00036721857031807303
2.0819611850893125,0,0.0013628508895635605,38,42,59,1.8344986438751221,-0.060074486623159187,6.1518720743499502,169.75790617418937,0,358.57441623671713,-79.294309632008748,455.12981036662455,5.6843418860808015e-14,0.00036721857031807303,0.00078550388570874929
2.0819611850893125,0,0.0013628508895635605,38,42,60,1.577481746673584,0.55364471930843617,6.1483472853384358,-64.884064646188534,0,-9.5588669832917628,107.84399084292889,40.103051218095466,7.1054273576010019e-15,0.00078550388570874929,0.00035415566526353359
2.0819611850893125,0,0.0013628508895635605,38,42,61,2.378793478012085,-0.0051183927290121981,5.6460928691017189,-267.60943861687224,0,-353.1340116855161,171.46716779991115,-443.6353080261045,-5.6843418860808015e-14,0.00035415566526353359,0.00060379813658073545
2.0819611850893125,0,0.0013628508895635605,38,42,62,3.265207052230835,-1.4657303447568935,5.5644244370793041,-96.317474288447741,0,-256.20678033279802,-113.99124474664298,-462.41680527556633,0,0.00060379813658073545,0.00064064824255183339
2.0819611850893125,0,0.0013628508895635605,38,42,63,2.9642534255981445,-1.1857539207981687,5.8304390610585299,196.04682406806302,0,258.8963241876516,-124.74032323094271,334.8475101650323,5.6843418860808015e-14,0.00064064824255183339,0.00056047778343781829
2.0819611850893125,0,0.0013628508895635605,38,42,64,2.3488266468048096,-0.11492739262650767,5.9756278402296106,183.17483582191548,0,431.36721631872075,-72.532662725937058,547.87008986230228,0,0.00056047778343781829,0.00040382237057201564
2.0819611850893125,0,0.0013628508895635605,38,42,65,2.0280289649963379,0.21662623432534936,5.6872846550722658,27.791486657327365,0,265.83816038541704,43.212191205111559,342.74574913725354,0,0.00040382237057201564,0.00069579808041453362
2.0819611850893125,0,0.0013628508895635605,38,42,66,2.516552209854126,-0.17879796357672464,4.7314641063313632,-188.17954966344348,0,-171.82605938428947,67.597750367307896,-287.8551925376704,0,0.00069579808041453362,0.00034106837119907141
2.0819611850893125,0,0.0013628508895635605,38,42,67,3.6631705760955811,-0.78495711893941977,3.4753756790924935,-250.61059076775891,0,-399.80539993849726,70.554429220623916,-577.17114292547922,0,0.00034106837119907141,0.00043807024485431612
2.0819611850893125,0,0.0013628508895635605,38,42,68,4.1993250846862793,-1.1086722246899239,2.839539071308983,79.255647657771547,0,39.314854272730379,-214.52812245874193,-94.226753681620934,1.4210854715202004e-14,0.00043807024485431612,0.00051592296222224832
2.0819611850893125,0,0.0013628508895635605,38,42,69,3.385737419128418,0.10574879557180442,2.7202490860012984,259.77925171695085,0,412.7267215635357,-191.61994054737417,483.71203061468549,-5.6843418860808015e-14,0.00051592296222224832,0.00039813871262595057
2.0819611850893125,0,0.0013628508895635605,38,42,70,2.8941245079040527,0.38060084737075889,2.0255384904499949,-38.748045238664709,0,271.72720128472344,63.200431885741622,298.58572726962109,0,0.00039813871262595057,0.00010269434278598055
2.0819611850893125,0,0.0013628508895635605,38,42,71,4.1209554672241211,-0.02481198961287457,0.71792846892404416,-365.63066388765503,0,-408.68663272627873,159.84801995421464,-613.77616018040794,0,0.00010269434278598055,0.00028316761017777026
2.0819611850893125,0,0.0013628508895635605,38,42,72,5.1462163925170898,-0.99696659206614957,0.4969850428810606,10.859991116274301,0,-139.34685208596713,-242.92175624423413,-371.90859876311202,5.6843418860808015e-14,0.00028316761017777026,0.00043958096648566425
2.0819611850893125,0,0.0013628508895635605,38,42,73,3.7450606822967529,0.19323811801687907,1.4438603204974887,366.45551098506849,0,594.62991082106123,-251.84270065261217,710.87981959203194,0,0.00043958096648566425,0.0001340599701507017
2.0819611850893125,0,0.0013628508895635605,38,42,74,2.824007511138916,0.41523729798066084,1.5220599993166364,-9.1868548194211908,0,295.90020705914509,59.56708101274473,348.21773054976597,5.6843418860808015e-14,0.0001340599701507017,0.00034888926893472672
2.0819611850893125,0,0.0013628508895635605,38,42,75,3.8601517677307129,0.0018369665493559299,0.89036243892438582,-301.55132811699184,0,-299.04004920217312,40.173639935763831,-559.52553797792734,1.1368683772161603e-13,0.00034888926893472672,0.00044742427417077124
2.0819611850893125,0,0.0013628508895635605,38,42,76,4.5972661972045898,-0.89133631735401642,0.71219667201968084,-107.54291727884649,0,-208.08434345850276,-136.02472135852668,-451.83112174121021,5.6843418860808015e-14,0.00044742427417077124,0.0004412825801409781
2.0819611850893125,0,0.0013628508895635605,38,42,77,3.6735348701477051,0.064616889329278712,1.1869114531725151,108.97218573820344,0,451.82517374517374,-142.21973417159259,419.82915365428642,0,0.0004412825801409781,0.00034807287738658488
2.0819611850893125,0,0.0013628508895635605,38,42,78,2.9460482597351074,0.42515794239245569,1.2787679810024943,-71.729858202070588,0,198.21101992004648,-34.928557077937612,93.256530563433216,-1.4210854715202004e-14,0.00034807287738658488,0.00024387799203395844
2.0819611850893125,0,0.0013628508895635605,38,42,79,3.6404297351837158,0.054619708203779004,0.59965985581029824,-224.09372467283973,0,-296.9337588410155,48.855264974203024,-471.51793897563812,0,0.00024387799203395844,0.00035098206717520952
2.0819611850893125,0,0.0013628508895635605,38,42,80,4.1012210845947266,-0.50665570437694329,0.74107672463867158,36.807599002289265,0,-176.27830935866334,-137.2802733454061,-276.51656268151845,0,0.00035098206717520952,0.00032974948408082128
2.0819611850893125,0,0.0013628508895635605,38,42,81,3.3520092964172363,-0.29405080807735673,1.7387140807052313,253.42959100693614,0,271.00801858748764,-143.31836402774456,382.56390883930709,5.6843418860808015e-14,0.00032974948408082128,0.00050054216990247369
2.0819611850893125,0,0.0013628508895635605,38,42,82,2.7183182239532471,0.40676171114224213,2.4313071035637406,133.73841664673523,0,311.30534185259847,-113.91147162333003,333.97035569070965,0,0.00050054216990247369,0.00029299408197402954
2.0819611850893125,0,0.0013628508895635605,38,42,83,2.7460579872131348,0.60708921310691222,2.4017220760583591,-89.123198141251237,0,14.122816824409744,-20.2933378890901,-92.284907916766329,0,0.00029299408197402954,0.00037725278525613248
2.0819611850893125,0,0.0013628508895635605,38,42,84,3.3861336708068848,0.025245840024601087,1.9626094235828748,-250.03083609526087,0,-197.17361943485838,-12.50198790446578,-457.71858817097757,0,0.00037725278525613248,0.00036227767122909427
2.0819611850893125,0,0.0013628508895635605,38,42,85,3.8436760902404785,-0.34223579458092734,2.1227859022106808,-36.776984316807322,0,-182.88793248368469,-83.331949294427176,-301.21631598728942,5.6843418860808015e-14,0.00036227767122909427,0.000487764977151528
2.0819611850893125,0,0.0013628508895635605,38,42,86,3.2013072967529297,0.11665391054771586,3.0468052755663377,225.164713841528,0,182.10752041548503,-79.541851231762735,330.89384221136436,0,0.000487764977151528,0.00063144834712147713
2.0819611850893125,0,0.0013628508895635605,38,42,87,2.7254564762115479,0.65054361567635899,3.7116117128506509,74.730272320360811,0,206.5175713260669,-47.637500256261319,237.9724987186934,2.8421709430404007e-14,0.00063144834712147713,0.00056533713359385729
2.0819611850893125,0,0.0013628508895635605,38,42,88,3.0760846138000488,0.26622031639730753,3.589655584788328,-153.13098301841666,0,-95.525166228175081,-23.895199371305566,-268.69547271671166,0,0.00056533713359385729,0.00062206643633544445
2.0819611850893125,0,0.0013628508895635605,38,42,89,3.5447793006896973,-0.57074179109577339,3.3661249871869341,-199.04723818635324,0,-44.673823760549425,-67.69956606416784,-308.62524481497934,0,0.00062206643633544445,0.00064783281413838267
2.0819611850893125,0,0.0013628508895635605,38,42,90,3.401698112487793,-0.53744114531725151,3.5647961868315852,-115.42558649673694,0,102.85134793453378,-91.424722725253702,-100.97160624594252,0,0.00064783281413838267,0.00074899790342897177
2.0819611850893125,0,0.0013628508895635605,38,42,91,3.3050694465637207,-0.90165715652441314,3.6179669935422147,-136.21838111183243,0,-69.870059794307579,-30.997106638876552,-234.36923770799876,-2.8421709430404007e-14,0.00074899790342897177,0.0011073552304878831
2.0819611850893125,0,0.0013628508895635605,38,42,92,3.3783087730407715,-0.74808863224792432,3.9390135647657774,41.001461031195547,0,-117.55496907780093,-83.046270543615677,-156.40885365770322,0,0.0011073552304878831,0.0005947733880020678
2.0819611850893125,0,0.0013628508895635605,38,42,93,2.4118058681488037,-0.69661700891789391,5.1117794785936379,290.8669778248539,0,185.38381658523252,-96.318348993747222,384.34760788601494,0,0.0005947733880020678,0.00066424679243937135
2.0819611850893125,0,0.0013628508895635605,38,42,94,1.4473823308944702,-0.17063450302388355,5.6501383811118329,144.45696791608296,0,234.74711039737588,-77.429262992448827,307.25431919909795,0,0.00066424679243937135,0.00071765901520848274
2.0819611850893125,0,0.0013628508895635605,38,42,95,1.4066929817199707,0.12791608296033075,3.8390473912597805,-4.0524221819797042,0,83.55569891003519,-63.415259507294905,20.054980694980696,1.0658141036401503e-14,0.00071765901520848274,0.00055616878671571612
2.0819611850893125,0,0.0013628508895635605,38,42,96,1.5825614929199219,-0.045510045443673763,1.1550737178392045,1.8908504458946938,0,103.2776792975023,-69.979485427273033,36.298607988519493,0,0.00055616878671571612,0.00048555165994912386
2.0819611850893125,0,0.0013628508895635605,38,42,97,1.409765362739563,0.18793500892643591,0.047535657694673182,23.364165783988792,0,118.42503843919773,-68.693668637031465,73.331006252776163,-1.4210854715202004e-14,0.00048555165994912386,0.0003447430208325386
2.0819611850893125,0,0.0013628508895635605,38,42,98,1.19046950340271,0.11460925754689583,0.0021638999342262618,13.942015239006389,0,101.11873167731575,-61.661825263949154,53.515694809854104,-7.1054273576010019e-15,0.0003447430208325386,0.00024882453726604581
2.0819611850893125,0,0.0013628508895635605,38,42,99,1.0147178173065186,0.052782684742221135,0.0002244564065129348,8.3964711108073935,0,88.200821402945294,-55.729398981788364,40.92090067311306,7.1054273576010019e-15,0.00024882453726604581,0.00018301766249351203
2.0819611850893125,0,0.0013628508895635605,38,42,100,0.87595456838607788,0.027978606248661969,-0.00011924246009464051,5.301151467523149,0,77.078025079441005,-50.837390918098883,31.569644992653842,0,0.00018301766249351203,0.00013780524022877216
2.0819611850893125,0,0.0013628508895635605,38,42,101,0.7670556902885437,0.013877015939053584,-0.00053776012192166089,3.506999692486418,0,67.289373013974782,-46.694349267092633,24.115362695185706,1.0658141036401503e-14,0.00013780524022877216,0.00010809959348989651
2.0819611850893125,0,0.0013628508895635605,38,42,102,0.67692041397094727,0.0077018874129912741,-0.00066050975214458694,2.4428769603990843,0,58.972150203300643,-43.109413332422179,18.312655208938395,0,0.00010809959348989651,8.677754522068426e-05
2.0819611850893125,0,0.0013628508895635605,38,42,103,0.60160398483276367,0.004660019727450072,-0.00081131640972020532,1.7395701643489254,0,51.905581029828816,-39.958681108415618,13.690318789079852,-1.7763568394002505e-15,8.677754522068426e-05,7.0758520450908691e-05
2.0819611850893125,0,0.0013628508895635605,38,42,104,0.5385851263999939,0.0029645929275613318,-0.0009527707387479926,1.2620248060956025,0,45.85165818156969,-37.158749444767146,9.9569453650869573,-1.7763568394002505e-15,7.0758520450908691e-05,5.8446094044484198e-05
2.0819611850893125,0,0.0013628508895635605,38,42,105,0.48530790209770203,0.001894455672931544,-0.0010416180059345851,0.93291693716472479,0,40.7474028769604,-34.650553866129087,7.0306187856630338,-3.5527136788005009e-15,5.8446094044484198e-05,4.8879595851758495e-05
2.0819611850893125,0,0.0013628508895635605,38,42,106,0.4401380717754364,0.0012697180237927956,-0.001204115126331491,0.69720572658625757,0,36.327188984180133,-32.390380975159736,4.634079338504117,1.7763568394002505e-15,4.8879595851758495e-05,4.1325263737235218e-05
2.0819611850893125,0,0.0013628508895635605,38,42,107,0.40165561437606812,0.00084997232844906379,-0.0013747955081395001,0.52980899989749553,0,32.605624081730276,-30.344379676769059,2.7905285816790242,4.4408920985006262e-15,4.1325263737235218e-05,3.5228844353696331e-05
2.0819611850893125,0,0.0013628508895635605,38,42,108,0.36856865882873535,0.00058041003012138245,-0.0014332476971183415,0.40942768305600163,0,29.535714627396043,-28.485346636143095,1.4589428366419517,-8.8817841970012523e-16,3.5228844353696331e-05,3.0297591365524568e-05
2.0819611850893125,0,0.0013628508895635605,38,42,109,0.33998551964759827,0.00040835908403662831,-0.0015454759733659069,0.31751802371271398,0,26.971669115385929,-26.791348617897292,0.49670140431202381,3.6637359812630166e-15,3.0297591365524568e-05,2.6265874112141319e-05
2.0819611850893125,0,0.0013628508895635605,38,42,110,0.31529504060745239,0.00027756854589853759,-0.0017208322900472376,0.24863498137834422,0,24.89723989476202,-25.244476031024703,-0.10004441862848942,-6.3837823915946501e-16,2.6265874112141319e-05,2.2906064259586856e-05
2.0819611850893125,0,0.0013628508895635605,38,42,111,0.29375806450843811,0.0002257215090801927,-0.0018657939456128063,0.19772713294837188,0,23.329724262821607,-23.829487135681827,-0.3036758123483787,1.9984014443252818e-15,2.2906064259586856e-05,2.0093764760531485e-05
2.0819611850893125,0,0.0013628508895635605,38,42,112,0.27492779493331909,0.00015049346320087471,-0.0019873745921174016,0.15864967369392149,0,22.203278778146036,-22.533633102128679,-0.17354153141763762,-4.4408920985006262e-16,2.0093764760531485e-05,1.7699254385661334e-05
2.0819611850893125,0,0.0013628508895635605,38,42,113,0.25838425755500793,0.00011631811345756312,-0.0020844050372966993,0.12829739980182459,0,21.486545255748794,-21.345827040694296,0.26704752793248371,3.8857805861880479e-16,1.7699254385661334e-05,1.5663423255318776e-05
2.0819611850893125,0,0.0013628508895635605,38,42,114,0.24383367598056793,9.1427064558632587e-05,-0.0022235212320510303,0.10386032049748864,0,21.157273379574264,-20.256676803225474,1.002324802678785,-4.4408920985006262e-16,1.5663423255318776e-05,1.3926728570368141e-05
2.0819611850893125,0,0.0013628508895635605,38,42,115,0.23102124035358429,6.2135862009686681e-05,-0.0024129063543730993,0.084518399562647353,0,21.222034373184815,-19.257992961355793,2.0462090408993063,0,1.3926728570368141e-05,1.2402214451867621e-05
2.0819611850893125,0,0.0013628508895635605,38,42,116,0.21971261501312256,4.2265265967215634e-05,-0.0025789106344709912,0.069670277103905429,0,21.718899784740493,-18.342679468343185,3.4433539481327093,-8.8817841970012523e-16,1.2402214451867621e-05,1.1054166861867998e-05
2.0819611850893125,0,0.0013628508895635605,38,42,117,0.20967718958854675,2.9889479298356512e-05,-0.0027086744589682921,0.058178836231933574,0,22.618468582362389,-17.504383776950149,5.1695848566645024,-8.8817841970012523e-16,1.1054166861867998e-05,9.8803548098658212e-06
2.0819611850893125,0,0.0013628508895635605,38,42,118,0.20074295997619629,1.8338366910684387e-05,-0.002817395325259678,0.048994430587350944,0,23.894095055864966,-16.738120066969625,7.2021703625243445,2.6645352591003757e-15,9.8803548098658212e-06,8.8385431809001602e-06
2.0819611850893125,0,0.0013628508895635605,38,42,119,0.1927863210439682,1.7857876939043973e-05,-0.002860650100262241,0.041865582396555849,0,25.479859227115863,-16.039482010455462,9.4794000068336359,3.5527136788005009e-15,8.8385431809001602e-06,7.9032934081624262e-06
2.0819611850893125,0,0.0013628508895635605,38,42,120,0.18566565215587616,8.9180940778009355e-06,-0.0028407765011574469,0.0361253288686917,0,27.30620015717361,-15.40477397751734,11.934719650117881,0,7.9032934081624262e-06,7.0627397690259386e-06
2.0819611850893125,0,0.0013628508895635605,38,42,121,0.17931456863880157,7.1971725300679943e-06,-0.0027297174171742066,0.031150442477876107,0,29.294558376328286,-14.830803293812144,14.492183004749377,3.5527136788005009e-15,7.0627397690259386e-06,6.3029083321453072e-06
2.0819611850893125,0,0.0013628508895635605,38,42,122,0.17363545298576355,1.1144697953326272e-07,-0.002569558264213961,0.026875320326647759,0,31.328980763317045,-14.315590938599788,17.037695698226671,0,6.3029083321453072e-06,5.609945219475776e-06
2.0819611850893125,0,0.0013628508895635605,38,42,123,0.16857585310935974,-2.7104305830799193e-06,-0.002424596775485188,0.023354631496224416,0,33.359423241193156,-13.857387501281307,19.522963064202003,0,5.609945219475776e-06,4.9673981266096234e-06
2.0819611850893125,0,0.0013628508895635605,38,42,124,0.16406746208667755,2.7875091826972356e-06,-0.0022223522066235008,0.020752383230259335,0,35.340051252263642,-13.454848122458742,21.903735948337719,0,4.9673981266096234e-06,4.3637896851578262e-06
2.0819611850893125,0,0.0013628508895635605,38,42,125,0.16007442772388458,3.4698716771449071e-06,-0.0018950200818114258,0.018762428673933098,0,37.179786107219734,-13.106474869306728,24.090182116376806,3.5527136788005009e-15,4.3637896851578262e-06,3.8104155919427285e-06
2.0819611850893125,0,0.0013628508895635605,38,42,126,0.15653170645236969,-2.3815952587385108e-06,-0.0015174188625948167,0.01691461372877302,0,38.761810913315337,-12.811141558752178,25.96606416783408,3.5527136788005009e-15,3.8104155919427285e-06,3.3001347219396848e-06
2.0819611850893125,0,0.0013628508895635605,38,42,127,0.15342243015766144,-9.12914262437216e-06,-0.0010077157680258482,0.016039908429288961,0,40.015132401681072,-12.568137492739263,27.462017972460451,0,3.3001347219396848e-06,2.8248755370441359e-06
2.0819611850893125,0,0.0013628508895635605,38,42,128,0.15057912468910217,-1.1960258774547699e-05,-0.00030512041228842425,0.016192981856698672,0,40.727798544435714,-12.381453514196878,28.362220931424471,-3.5527136788005009e-15,2.8248755370441359e-06,2.3752563720336184e-06
2.0819611850893125,0,0.0013628508895635605,38,42,129,0.14795877039432526,-2.4695641301956983e-05,0.00051671737226174105,0.016619400690197149,0,40.796244234120337,-12.253834011002153,28.559521645539345,3.5527136788005009e-15,2.3752563720336184e-06,1.9277069895906607e-06
2.0819611850893125,0,0.0013628508895635605,38,42,130,0.14551137387752533,-6.0476836913161584e-05,0.0018973579658296887,0.023627976902313184,0,39.982298151501695,-12.185650732907369,27.82211227662555,-3.5527136788005009e-15,1.9277069895906607e-06,1.3524191899705329e-06
2.0819611850893125,0,0.0013628508895635605,38,42,131,0.14195877313613892,4.495717766597191e-05,0.0050830026405593327,0.047562100659445793,0,37.97760481087915,-12.21228550927666,25.818009362080158,-3.5527136788005009e-15,1.3524191899705329e-06,7.1438313398175524e-07
2.0819611850893125,0,0.0013628508895635605,38,42,132,0.1351097971200943,2.9646898597396384e-06,0.0036707975679733146,0.031784603820002047,0,32.899721871049302,-12.426347763692897,20.508832473434243,3.5527136788005009e-15,7.1438313398175524e-07,7.1438313398175524e-07
2.0833240359788761,0,0.0014037146465852857,38,42,0,0.0091868136078119278,-6.6347001285556081e-07,4.7633053313049949,-13.101109761410378,0,-84.009045418420271,98.911001220204284,6.564148054328574,-2.6538800410591534e-06,0.0004791771643795073,0.0004791771643795073
2.0833240359788761,0,0.0014037146465852857,38,42,1,0.47928687930107117,-0.35261109038228067,9.5456303574685197,-33.556551073880122,0,-109.01071329909884,41.285244252753216,-92.08900085313951,0,0.0004791771643795073,0.00027834306820295751
2.0833240359788761,0,0.0014037146465852857,38,42,2,0.447479248046875,-0.45531492143229574,9.6820703117322147,4.3809190336857826,0,-39.153435485046757,41.031023774867371,15.485262713806321,3.5527136788005009e-15,0.00027834306820295751,0.00037881851312704384
2.0833240359788761,0,0.0014037146465852857,38,42,3,0.34180080890655518,-0.34566124199761866,9.6426276829379649,-8.9994771026961189,0,-90.591639266046244,44.287546908366579,-46.006603019435438,-7.1054273576010019e-15,0.00037881851312704384,0.00035873558954335749
2.0833240359788761,0,0.0014037146465852857,38,42,4,0.58038574457168579,-0.5692851367706111,9.1985990498943551,-9.0145299103477861,0,-156.25839801682179,50.185827169213134,-106.4577868448327,0,0.00035873558954335749,0.00054876611102372408
2.0833240359788761,0,0.0014037146465852857,38,42,5,0.46529829502105713,-0.357138609750007,8.6027863915997393,23.31234053394574,0,88.422357712013707,57.65102190554061,177.63136793334979,0,0.00054876611102372408,0.0003917509748134762
2.0833240359788761,0,0.0014037146465852857,38,42,6,0.34654799103736877,0.014632831133529395,7.5183101551466569,5.3989261903709433,0,125.96340183301837,66.545171816755882,205.44044282642537,-2.8421709430404007e-14,0.0003917509748134762,0.00030641091871075332
2.0833240359788761,0,0.0014037146465852857,38,42,7,0.61011892557144165,0.14340937501373591,5.4924976884290082,-31.605333535912845,0,-65.622407107356167,76.40437866987034,-15.187454909955923,8.8817841970012523e-15,0.00030641091871075332,0.0004278159758541733
2.0833240359788761,0,0.0014037146465852857,38,42,8,1.1184288263320923,-0.020960676381139305,3.2572506283683027,-81.789950535822527,0,-245.95421476375034,80.444412118711043,-244.06346322887467,-2.8421709430404007e-14,0.0004278159758541733,0.00047512209857814014
2.0833240359788761,0,0.0014037146465852857,38,42,9,1.7591677904129028,-0.58274478705390864,1.9310007773380538,-94.362548046632327,0,-374.75385005428427,94.838123351847187,-372.93001875878525,0,0.00047512209857814014,0.00039248066605068743
2.0833240359788761,0,0.0014037146465852857,38,42,10,2.0238168239593506,-0.56028864926379296,1.914998875832997,47.24382066836808,0,-63.964029309783022,24.348606385384684,8.9831079705389456,0,0.00039248066605068743,0.00040246942080557346
2.0833240359788761,0,0.0014037146465852857,38,42,11,1.2593523263931274,0.070039543642103713,2.5964942078653208,53.994102580923233,0,439.7491983830904,36.343294976196766,532.75312969171785,0,0.00040246942080557346,0.00022530108981300145
2.0833240359788761,0,0.0014037146465852857,38,42,12,1.321534276008606,0.0032138487422723365,2.6814936733572918,-86.856356171270477,0,-116.94744944296302,87.270106686807409,-113.84899140532652,0,0.00022530108981300145,0.00013364898040890694
2.0833240359788761,0,0.0014037146465852857,38,42,13,2.3837244510650635,-0.29255643869864667,2.5410085424252169,-29.774920617886306,0,-423.75534609622952,58.759706835822769,-392.52210777456651,-5.6843418860808015e-14,0.00013364898040890694,0.00019867205992341042
2.0833240359788761,0,0.0014037146465852857,38,42,14,1.6096549034118652,-0.10179885795248012,3.203484013731507,70.239075613769884,0,365.29983760742095,26.541008542425217,465.18160691939511,0,0.00019867205992341042,0.00033275497844442725
2.0833240359788761,0,0.0014037146465852857,38,42,15,1.3749614953994751,0.15420834467797945,3.4630513964509495,-64.63696836666206,0,56.621486293912071,75.914557336539445,71.516335004918389,1.4210854715202004e-14,0.00033275497844442725,0.00016249522741418332
2.0833240359788761,0,0.0014037146465852857,38,42,16,2.0566678047180176,-0.068837667713815859,3.3858055732642152,-64.983204173690808,0,-299.16208945615944,68.250151748031996,-292.57817397626786,-5.6843418860808015e-14,0.00016249522741418332,0.0001839075266616419
2.0833240359788761,0,0.0014037146465852857,38,42,17,1.8154815435409546,-0.15489404093626566,4.4554535866649827,92.959176275440242,0,53.309019368928887,32.56196175476871,183.13071694486655,0,0.0001839075266616419,0.00026787281967699528
2.0833240359788761,0,0.0014037146465852857,38,42,18,1.1017060279846191,0.10495763868368545,5.9923423949791239,42.449512046832361,0,136.76467241126647,47.696381525777014,233.00786601753867,2.8421709430404007e-14,0.00026787281967699528,0.00057482667034491897
2.0833240359788761,0,0.0014037146465852857,38,42,19,0.87406212091445923,0.38464342260294709,7.0982792324680331,-35.486452647274376,0,-3.7480004879821944,55.064783948869021,23.313253468683428,0,0.00057482667034491897,0.00069183582672849298
2.0833240359788761,0,0.0014037146465852857,38,42,20,0.93252521753311157,0.049423871667649291,7.6081877839081482,-67.578741326062584,0,-210.69807644285859,71.192773949048984,-199.42643216429641,0,0.00069183582672849298,0.00053213466890156269
2.0833240359788761,0,0.0014037146465852857,38,42,21,1.212675929069519,-0.34177198078225934,7.9624416260422599,-22.889184667506566,0,-221.51223426263644,39.800939755512957,-196.97980952937004,0,0.00053213466890156269,0.00046190139255486429
2.0833240359788761,0,0.0014037146465852857,38,42,22,0.92256098985671997,-0.202321863070239,8.7081985072422317,83.873479917633517,0,47.040257452903788,23.846025196766547,163.26563921147584,0,0.00046190139255486429,0.0003947442164644599
2.0833240359788761,0,0.0014037146465852857,38,42,23,0.56678497791290283,0.075277971128604793,9.2904982717850171,41.925869666126133,0,54.091510594330629,26.205303331440508,131.58845983481089,0,0.0003947442164644599,0.00011449134035501629
2.0833240359788761,0,0.0014037146465852857,38,42,24,0.67908662557601929,-0.099463443507228549,9.3148389961466496,-34.422352901856115,0,-100.17688077369229,40.289890616186995,-85.093967506721981,0,0.00011449134035501629,0.00039280785131268203
2.0833240359788761,0,0.0014037146465852857,38,42,25,0.90704345703125,-0.4708129174625888,9.1653061246492626,-14.717739371894597,0,-113.17087197458712,37.504972583345726,-81.68914555594931,1.4210854715202004e-14,0.00039280785131268203,0.00074590154690667987
2.0833240359788761,0,0.0014037146465852857,38,42,26,0.8092079758644104,-0.4196573890613865,9.158905629435246,34.584345740194927,0,25.748368879706831,18.605355181622013,87.677318041897635,0,0.00074590154690667987,0.00045168830547481775
2.0833240359788761,0,0.0014037146465852857,38,42,27,0.91843581199645996,-0.33719204728351743,8.8435357743445593,-33.635148385483042,0,-69.556964747433142,34.84858726915494,-59.8371821367002,0,0.00045168830547481775,0.00047627530875615776
2.0833240359788761,0,0.0014037146465852857,38,42,28,1.3043924570083618,-0.41317329662574909,8.2964284496936713,-30.490321755588099,0,-98.844420677474204,34.983064679120609,-86.46842260087378,-1.4210854715202004e-14,0.00047627530875615776,0.00024806094006635249
2.0833240359788761,0,0.0014037146465852857,38,42,29,1.2560962438583374,-0.61549582316600093,7.8991014708549647,12.041906424686989,0,60.834149332337688,38.877347035537198,119.03700844025083,0,0.00024806094006635249,0.00043872706010006368
2.0833240359788761,0,0.0014037146465852857,38,42,30,1.5795117616653442,-0.9626153722518761,6.6727461529727981,-72.229018569447518,0,-106.60563981025753,58.123200244289656,-115.00132735469447,0,0.00043872706010006368,0.00041684755706228316
2.0833240359788761,0,0.0014037146465852857,38,42,31,1.937983512878418,-0.64841222917879748,4.8206513666611457,-8.1853303960410084,0,-7.1970679269721876,16.573374765929852,5.3632155803990056,1.7763568394002505e-15,0.00041684755706228316,0.00038342628977261484
2.0833240359788761,0,0.0014037146465852857,38,42,32,1.7141577005386353,-0.22899004023696826,3.8237448785298369,10.401086697534057,0,39.046770738019994,48.031152570983622,101.07376484483054,-1.4210854715202004e-14,0.00038342628977261484,0.00051701167831197381
2.0833240359788761,0,0.0014037146465852857,38,42,33,2.0546340942382812,-0.36071803046936274,3.2022804791281869,-40.537699319868594,0,-180.03845837103017,44.816688128539354,-172.91790711370061,0,0.00051701167831197381,0.00035984732676297426
2.0833240359788761,0,0.0014037146465852857,38,42,34,1.7638969421386719,-0.44503047276302171,3.2009044423215247,68.47044502334046,0,259.60033860192107,26.824655242321228,357.65131283714123,-5.6843418860808015e-14,0.00035984732676297426,0.00054593343520537019
2.0833240359788761,0,0.0014037146465852857,38,42,35,1.0897601842880249,-0.028183210941084939,3.4917302194916378,2.1292185807762714,0,194.64278152504718,31.549410975469275,231.78495808984329,0,0.00054593343520537019,0.00056868116371333599
2.0833240359788761,0,0.0014037146465852857,38,42,36,1.7086355686187744,-0.13660084574181214,2.7264480792833394,-83.619386825990148,0,-318.29125686681095,35.971581920674367,-363.34921453858522,0,0.00056868116371333599,0.00045536691322922707
2.0833240359788761,0,0.0014037146465852857,38,42,37,1.9543853998184204,-0.58420923123978408,1.5858897178485956,-35.675791065663049,0,-273.37070648857917,49.078861953204296,-258.96595511442911,0,0.00045536691322922707,0.00044447332038544118
2.0833240359788761,0,0.0014037146465852857,38,42,38,1.9049434661865234,0.33610337592617306,0.90387430825994453,55.799080712536934,0,-69.324017772039497,29.100198153612716,16.815238778296269,0,0.00044447332038544118,0.00030846509616822004
2.0833240359788761,0,0.0014037146465852857,38,42,39,0.72278720140457153,0.75386680690211172,1.0607926791391842,42.492271362220876,0,520.03701034772712,17.179053886785642,581.52299508277497,1.1368683772161603e-13,0.00030846509616822004,0.00032071911846287549
2.0833240359788761,0,0.0014037146465852857,38,42,40,0.68204039335250854,0.65696211843321228,0.69027478191118674,-49.359408921200249,0,-241.84218685687466,80.65521511895561,-209.19914375877491,2.8421709430404007e-14,0.00032071911846287549,0.00025891131372191012
2.0833240359788761,0,0.0014037146465852857,38,42,41,2.0727002620697021,-0.21610499645167944,0.068676651835070976,-78.201819782138017,0,-555.58906690987271,73.206580594149003,-560.73173444247823,1.1368683772161603e-13,0.00025891131372191012,0.00024277411284856498
2.0833240359788761,0,0.0014037146465852857,38,42,42,2.0320615768432617,-0.34320275386498234,0.87431846079601305,87.740076997353668,0,178.57122363028068,28.546067998875749,295.38848433344111,0,0.00024277411284856498,0.00039963913150131702
2.0833240359788761,0,0.0014037146465852857,38,42,43,1.1308540105819702,0.39551819371615943,1.6917478512072293,51.632446569723193,0,340.57153529531922,38.22207220428043,432.5133201142462,-5.6843418860808015e-14,0.00039963913150131702,0.00039184006163850427
2.0833240359788761,0,0.0014037146465852857,38,42,44,1.2822197675704956,0.45705105658843553,1.215190610373337,-74.319596656675088,0,-250.3757487777431,66.268616284357279,-256.75448748309913,0,0.00039184006163850427,0.00034392229281365871
2.0833240359788761,0,0.0014037146465852857,38,42,45,2.2685747146606445,-0.34309751093419316,0.71574473223469892,-93.516618472481383,0,-511.48225984852814,76.274211161108184,-528.35201993860085,0,0.00034392229281365871,0.00031373053207062185
2.0833240359788761,0,0.0014037146465852857,38,42,46,2.4180760383605957,-0.47332705414255333,1.2564976728374631,88.680017618446186,0,-21.74415219604013,-8.4966623726334536,59.222373668467519,7.1054273576010019e-15,0.00031373053207062185,0.00037686628638766706
2.0833240359788761,0,0.0014037146465852857,38,42,47,1.4774420261383057,0.31309266013906167,2.1328081194133235,84.72645819720104,0,528.06990187361441,-3.847234370864975,611.39502647950292,0,0.00037686628638766706,0.00048912316560745239
2.0833240359788761,0,0.0014037146465852857,38,42,48,1.2415741682052612,0.64447586159252546,2.2099101354747712,-51.957366412178921,0,53.100615476250802,69.058120221927396,73.055755283066574,0,0.00048912316560745239,0.00043692061444744468
2.0833240359788761,0,0.0014037146465852857,38,42,49,2.1292333602905273,-0.39249078004749949,1.6690707779028326,-161.46384573592385,0,-467.87259882945642,116.85853384572016,-511.20133072180477,5.6843418860808015e-14,0.00043692061444744468,0.00031179661164060235
2.0833240359788761,0,0.0014037146465852857,38,42,50,2.8075571060180664,-0.6395044807861987,2.0247874055477868,16.471720544440174,0,-271.73404804534687,-31.503636852342343,-285.38068142848743,0,0.00031179661164060235,0.00027175209834240377
2.0833240359788761,0,0.0014037146465852857,38,42,51,2.0081593990325928,-0.10740352088607748,3.1368182151047739,167.89319924162061,0,333.89751527992172,-17.143980208026047,487.67614900773498,0,0.00027175209834240377,0.00071381108136847615
2.0833240359788761,0,0.0014037146465852857,38,42,52,1.4782484769821167,0.65487376363399774,3.821903417509156,22.695132958146569,0,202.07576877307062,62.894664266342737,292.14234317870307,0,0.00071381108136847615,0.00053603516425937414
2.0833240359788761,0,0.0014037146465852857,38,42,53,1.9028952121734619,-0.164938313460886,3.8902215882029059,-127.18777470250213,0,-294.68166053606552,82.028672354208069,-336.11547960961758,-5.6843418860808015e-14,0.00053603516425937414,0.00044133124174550176
2.0833240359788761,0,0.0014037146465852857,38,42,54,2.7273893356323242,-0.95201809747154065,3.9826217299532742,-100.16193412124268,0,-388.36158817139125,50.020670905853024,-435.47224775429913,5.6843418860808015e-14,0.00044133124174550176,0.00051824114052578807
2.0833240359788761,0,0.0014037146465852857,38,42,55,2.3832011222839355,-0.55235802633262721,4.7326649591712995,145.26668500608361,0,112.97902829342989,-26.796460420654917,235.62955981169725,-2.8421709430404007e-14,0.00051824114052578807,0.00063316460000351071
2.0833240359788761,0,0.0014037146465852857,38,42,56,1.5579342842102051,0.56565164324520767,5.5572954872345468,93.619121935587515,0,301.45088053666763,4.0237067787643488,405.21665638149926,5.6843418860808015e-14,0.00063316460000351071,0.00054526212625205517
2.0833240359788761,0,0.0014037146465852857,38,42,57,1.7584582567214966,0.3809976548823058,5.5657318401830116,-115.43010944684266,0,-174.24697024345286,83.329710510617303,-200.40063968461288,5.6843418860808015e-14,0.00054526212625205517,0.00069858913775533438
2.0833240359788761,0,0.0014037146465852857,38,42,58,2.6416740417480469,-1.1072733978298062,5.2853723024656949,-128.26452814800555,0,-358.18421195146686,93.274669535953322,-388.99597165888321,0,0.00069858913775533438,0.00064443930750712752
2.0833240359788761,0,0.0014037146465852857,38,42,59,2.4547727108001709,-0.66840025852109053,5.788138267482414,155.11517018379033,0,180.70078190770352,-61.431420961190568,279.50426913926458,-5.6843418860808015e-14,0.00064443930750712752,0.00046758822281844914
2.0833240359788761,0,0.0014037146465852857,38,42,60,1.6321362257003784,0.3870365589393171,6.3256239500068707,102.60893891489646,0,311.07516592763017,7.5619870495629513,427.95875240103578,0,0.00046758822281844914,0.00052114453865215182
2.0833240359788761,0,0.0014037146465852857,38,42,61,1.7741847038269043,0.38207048589309323,6.1137786383721036,-133.66935656761086,0,-115.83562231869998,97.730640297493323,-145.27848946455234,-2.8421709430404007e-14,0.00052114453865215182,0.00038189321639947593
2.0833240359788761,0,0.0014037146465852857,38,42,62,2.6350018978118896,-0.45669228517898391,5.6564288544103798,-283.59778357890156,0,-404.2513234360747,171.38171395369494,-511.26765649204992,-5.6843418860808015e-14,0.00038189321639947593,0.00052941445028409362
2.0833240359788761,0,0.0014037146465852857,38,42,63,3.4206006526947021,-1.4959483959658701,5.5497183279527293,-90.106743534090796,0,-258.03255365378328,-125.01057397039614,-469.09610122628334,0,0.00052941445028409362,0.00064212648430839181
2.0833240359788761,0,0.0014037146465852857,38,42,64,3.095491886138916,-1.2010638409921133,5.7282010499910552,194.73772673776688,0,166.4061771712077,-106.45430495420523,259.2167361637683,0,0.00064212648430839181,0.00051759008783847094
2.0833240359788761,0,0.0014037146465852857,38,42,65,2.4951403141021729,-0.042371848901007536,5.738405218788774,181.53796429320499,0,398.48437839121294,-57.474464573479594,528.24391148082611,0,0.00051759008783847094,0.0003337782109156251
2.0833240359788761,0,0.0014037146465852857,38,42,66,2.1242485046386719,0.28340088425624638,5.2398967408445492,-33.706909302073498,0,278.18641599884955,48.136373607262406,298.13917792913924,0,0.0003337782109156251,0.00066787947434931993
2.0833240359788761,0,0.0014037146465852857,38,42,67,2.8765723705291748,-0.11624425880737782,4.0198682730049722,-287.96016791430822,0,-217.32092965086466,88.040538681255484,-413.33693486971981,0,0.00066787947434931993,0.00038658958510495722
2.0833240359788761,0,0.0014037146465852857,38,42,68,4.0709080696105957,-0.90318869493540999,2.7942799264576665,-171.76726964756557,0,-418.36937084050953,14.261824010100668,-573.9837252464522,0,0.00038658958510495722,0.00039647411904297769
2.0833240359788761,0,0.0014037146465852857,38,42,69,4.0449647903442383,-0.60767384344944031,2.2939279970827222,182.94227023017515,0,189.07685197080036,-144.41625445136546,229.28912190324334,0,0.00039647411904297769,0.00043717073276638985
2.0833240359788761,0,0.0014037146465852857,38,42,70,3.3010523319244385,0.27672206337183586,2.1981378553016686,153.31087144546979,0,562.11608320146172,-112.88832928879249,605.0134852768125,0,0.00043717073276638985,0.00042016379302367568
2.0833240359788761,0,0.0014037146465852857,38,42,71,3.2844700813293457,0.18735082809765649,1.5709190146110195,-151.13647321069809,0,21.585683710409604,60.125287355082598,-67.667232302497212,0,0.00042016379302367568,0.00019879221508745104
2.0833240359788761,0,0.0014037146465852857,38,42,72,4.6393604278564453,-0.35949322335875555,0.49061612893942574,-259.66207846743737,0,-554.76708594930574,97.796796219415171,-716.5012452917473,-1.1368683772161603e-13,0.00019879221508745104,0.00016090790450107306
2.0833240359788761,0,0.0014037146465852857,38,42,73,4.7138838768005371,-0.63321830974877125,0.63151982651586103,182.51357306218861,0,263.89435898720308,-235.43865029631814,210.96758326984065,0,0.00016090790450107306,0.0003656278713606298
2.0833240359788761,0,0.0014037146465852857,38,42,74,3.2985763549804688,0.19765617607233549,1.5954325729110004,243.80962490971623,0,678.39186744997039,-174.54632791325329,749.44825319541667,0,0.0003656278713606298,5.521973071154207e-05
2.0833240359788761,0,0.0014037146465852857,38,42,75,3.0976018905639648,0.20973481352387419,1.6394038821454995,-56.643396727616619,0,22.891137923224409,91.672235529864153,59.769115421141322,0,5.521973071154207e-05,0.00028296074015088379
2.0833240359788761,0,0.0014037146465852857,38,42,76,3.9814877510070801,-0.27813508863171499,1.0743840282200334,-163.04640748818795,0,-401.44177739635626,36.397646439649897,-527.29428950530598,1.1368683772161603e-13,0.00028296074015088379,0.00022896118753124028
2.0833240359788761,0,0.0014037146465852857,38,42,77,4.245699405670166,-0.32366041050382505,1.1379132723609919,122.41682022541892,0,-16.928442685769738,-123.27693213456466,-16.974301733058315,-3.5527136788005009e-15,0.00022896118753124028,0.00029903254471719265
2.0833240359788761,0,0.0014037146465852857,38,42,78,3.0731430053710938,0.22515335902012779,1.6375732025125278,152.26664395387655,0,496.24041101303828,-121.58660162117239,528.7831799072751,0,0.00029903254471719265,0.00020434184989426285
2.0833240359788761,0,0.0014037146465852857,38,42,79,2.9978210926055908,0.32506331784600812,1.240088981280774,-129.35869104664633,0,91.358016131775756,-30.394697149575251,-66.830219765319043,0,0.00020434184989426285,0.00024708674754947424
2.0833240359788761,0,0.0014037146465852857,38,42,80,3.7243702411651611,-0.041990021908609163,0.56155604285585026,-181.96649161286823,0,-213.67683387465576,33.564746255478916,-361.55901321109781,5.6843418860808015e-14,0.00024708674754947424,0.00034687147126533091
2.0833240359788761,0,0.0014037146465852857,38,42,81,3.8733868598937988,-0.41718480219097703,0.92163432236531706,80.584197288779549,0,13.871852259824477,-109.51734961643554,-14.556850547657175,1.7763568394002505e-15,0.00034687147126533091,0.00048070051707327366
2.0833240359788761,0,0.0014037146465852857,38,42,82,3.1734700202941895,-0.050902082856291483,1.9107412228929996,226.77621596015265,0,345.20007195332289,-85.052057432949923,488.78406962056232,5.6843418860808015e-14,0.00048070051707327366,0.00052315753418952227
2.0833240359788761,0,0.0014037146465852857,38,42,83,2.6202874183654785,0.45583292564483274,2.6206297541254773,108.21919888152225,0,307.05519581197825,-74.063550309313868,344.28730706395692,0,0.00052315753418952227,0.00037219995283521712
2.0833240359788761,0,0.0014037146465852857,38,42,84,2.762331485748291,0.51446708803094288,2.6212726565679345,-105.49143480946842,0,-10.323381089628413,-2.3610615420685188,-115.04013769656646,0,0.00037219995283521712,0.00045847837463952601
2.0833240359788761,0,0.0014037146465852857,38,42,85,3.4331631660461426,-0.1721950167264937,2.1599299442013424,-200.49422611074624,0,-281.23960945832897,19.25859183299929,-460.48750880860109,0,0.00045847837463952601,0.00035751075483858585
2.0833240359788761,0,0.0014037146465852857,38,42,86,3.652266263961792,-0.26361405219535178,2.3783955254918863,37.761018930706946,0,-97.648858329828698,-91.197169769619165,-148.97022769544438,0,0.00035751075483858585,0.00047373716370202601
2.0833240359788761,0,0.0014037146465852857,38,42,87,3.0497775077819824,0.18860959657954671,3.3707318663071435,220.64486133766999,0,213.05671764632024,-80.424539864885986,356.83638058199091,-5.6843418860808015e-14,0.00047373716370202601,0.00057224242482334375
2.0833240359788761,0,0.0014037146465852857,38,42,88,2.709892749786377,0.38760847009039862,3.9163480421041386,45.223814559467939,0,133.64430393992544,-6.7708335596733642,176.40124145191456,2.8421709430404007e-14,0.00057224242482334375,0.0004471273859962821
2.0833240359788761,0,0.0014037146465852857,38,42,89,3.1241691112518311,-0.11725737751700827,3.9031765036739237,-122.71184676297543,0,-68.378557080440018,-5.6060137585435239,-192.91049847580206,0,0.0004471273859962821,0.00054297968745231628
2.0833240359788761,0,0.0014037146465852857,38,42,90,3.2640888690948486,-0.45678749312582867,3.9984647303902521,-60.516957588591701,0,-40.007942399523891,-46.874060868563525,-143.85728361941469,0,0.00054297968745231628,0.00049030437367036939
2.0833240359788761,0,0.0014037146465852857,38,42,91,2.985659122467041,-0.54932928572394157,4.0949130344240583,-62.191322359594608,0,13.793212486140733,-53.137217789920015,-97.989743914673781,-1.4210854715202004e-14,0.00049030437367036939,0.0010048873955383897
2.0833240359788761,0,0.0014037146465852857,38,42,92,3.1651468276977539,-1.194188301248891,3.9992333604001455,-132.24322512109779,0,-223.98866527830037,17.649618666463425,-335.7772266737835,0,0.0010048873955383897,0.0010832634288817644
2.0833240359788761,0,0.0014037146465852857,38,42,93,2.9356143474578857,-0.94985717563967009,4.6085599076516086,113.42674847362504,0,-131.01267401885431,-95.525754288690891,-109.45297710190825,-1.4210854715202004e-14,0.0010832634288817644,0.00080356310354545712
2.0833240359788761,0,0.0014037146465852857,38,42,94,1.866124153137207,-0.48343477098715298,5.4625383682635089,229.98482063544338,0,179.64041882539766,-92.007516120040634,322.59682693807679,5.6843418860808015e-14,0.00080356310354545712,0.00082811096217483282
2.0833240359788761,0,0.0014037146465852857,38,42,95,1.4340249300003052,0.24497236937664588,4.2458172984380171,36.293529417472499,0,151.38640501842082,-87.768526591504909,104.40219751220307,0,0.00082811096217483282,0.00062831270042806864
2.0833240359788761,0,0.0014037146465852857,38,42,96,1.6320310831069946,0.14055147793336056,1.5003531733812181,-6.934991964134138,0,113.11813407020524,-106.831198383588,0.99284837379767832,-6.4392935428259079e-15,0.00062831270042806864,0.00049903051694855094
2.0833240359788761,0,0.0014037146465852857,38,42,97,1.50970458984375,0.15065025348286509,0.079579148738117361,22.885023383585935,0,147.69687481573158,-108.23983545280211,62.572292148736373,-7.1054273576010019e-15,0.00049903051694855094,0.00037170419818721712
2.0833240359788761,0,0.0014037146465852857,38,42,98,1.2634034156799316,0.13112306756065381,0.0045008185872285177,16.524458448822038,0,127.84865452842749,-95.680231338724084,48.828505524673332,0,0.00037170419818721712,0.00026681862073019147
2.0833240359788761,0,0.0014037146465852857,38,42,99,1.0704869031906128,0.062159335846975868,0.001533785387157974,9.6820338208815073,0,111.13337148838799,-84.417419172973013,36.461679257530612,-7.1054273576010019e-15,0.00026681862073019147,0.00019641178369056433
2.0833240359788761,0,0.0014037146465852857,38,42,100,0.91897928714752197,0.032470276611455663,0.0011596914001670037,6.103839194109514,0,97.383045703878238,-75.125866647337574,28.394648218661803,3.5527136788005009e-15,0.00019641178369056433,0.00014782440848648548
2.0833240359788761,0,0.0014037146465852857,38,42,101,0.79992133378982544,0.016243203005646668,0.000953939727569468,4.0308404083425717,0,85.36054445012725,-67.349531013781345,22.059050987421688,-1.0658141036401503e-14,0.00014782440848648548,0.00011560756684048101
2.0833240359788761,0,0.0014037146465852857,38,42,102,0.70187783241271973,0.0090184670567338178,0.00079027361332279303,2.7867863643974693,0,75.189432382329244,-60.765742920132226,17.220284567264539,-3.5527136788005009e-15,0.00011560756684048101,9.2533795395866036e-05
2.0833240359788761,0,0.0014037146465852857,38,42,103,0.62026184797286987,0.0054715655603720598,0.00064297407810478874,1.9714719505197333,0,66.529206074366527,-55.136884562106061,13.369908002418679,-3.5527136788005009e-15,9.2533795395866036e-05,7.523887325078249e-05
2.0833240359788761,0,0.0014037146465852857,38,42,104,0.55215495824813843,0.0034556370332078975,0.00049333648330840071,1.4193799756622612,0,58.942081472956509,-50.28346872406506,10.081941698070223,-1.7763568394002505e-15,7.523887325078249e-05,6.1969483795110136e-05
2.0833240359788761,0,0.0014037146465852857,38,42,105,0.49488958716392517,0.0022114167430503798,0.0003787701871377298,1.0404271353595762,0,52.389970091601157,-46.067366257092807,7.3656211567981167,3.5527136788005009e-15,6.1969483795110136e-05,5.1644619816215709e-05
2.0833240359788761,0,0.0014037146465852857,38,42,106,0.44645363092422485,0.0014720652428666711,0.00026888007086632056,0.77049568756931708,0,46.568779738488317,-42.380022851565919,4.9609935198054504,1.7763568394002505e-15,5.1644619816215709e-05,4.3529376853257418e-05
2.0833240359788761,0,0.0014037146465852857,38,42,107,0.40545868873596191,0.00099159764405841455,9.1185416921860725e-05,0.57578581595656997,0,41.310296880438642,-39.135558949020371,2.7516065304358159,-6.2172489379008766e-15,4.3529376853257418e-05,3.6992209061281756e-05
2.0833240359788761,0,0.0014037146465852857,38,42,108,0.37055698037147522,0.0006838812168892828,-2.5718964136566448e-05,0.43729573935315158,0,36.614139358724721,-36.265270902684954,0.78682235764566666,-1.8873791418627661e-15,3.6992209061281756e-05,3.1677154765930027e-05
2.0833240359788761,0,0.0014037146465852857,38,42,109,0.34066244959831238,0.00048854171381364057,-0.00010638298640883752,0.33322117925657685,0,32.389141085820093,-33.71334230731815,-0.99059788351407219,4.9960036108132044e-15,3.1677154765930027e-05,2.7337982828612439e-05
2.0833240359788761,0,0.0014037146465852857,38,42,110,0.31515869498252869,0.00036802101319806689,-0.00026186581114117714,0.25311646378444785,0,28.482523494924497,-31.435081822854006,-2.6993357089430035,0,2.7337982828612439e-05,2.3730881366645917e-05
2.0833240359788761,0,0.0014037146465852857,38,42,111,0.29334419965744019,0.00025666441114506882,-0.00044774377484747032,0.19275661589490037,0,24.941185954306654,-29.393759749380838,-4.2600082585429853,0,2.3730881366645917e-05,2.0706424038507976e-05
2.0833240359788761,0,0.0014037146465852857,38,42,112,0.27469128370285034,0.00019380334059172983,-0.00061842414881928872,0.1466215650809761,0,21.701690115217374,-27.559291702635726,-5.7114046431456043,-1.7763568394002505e-15,2.0706424038507976e-05,1.8120374079444446e-05
2.0833240359788761,0,0.0014037146465852857,38,42,113,0.25874820351600647,0.0001558687217957861,-0.00077156889372574655,0.1108047999069815,0,18.748409931913876,-25.906285358286663,-7.0476863266377325,1.7763568394002505e-15,1.8120374079444446e-05,1.5891760995145887e-05
2.0833240359788761,0,0.0014037146465852857,38,42,114,0.24519969522953033,0.00011784003312436239,-0.00093523508896241336,0.081484733098868556,0,16.031049069661613,-24.413966143291113,-8.3022497355864662,1.7763568394002505e-15,1.5891760995145887e-05,1.398634776705876e-05
2.0833240359788761,0,0.0014037146465852857,38,42,115,0.23380991816520691,9.3463179451346791e-05,-0.0011550152000202442,0.056612569256939298,0,13.517495579838373,-23.064648600986398,-9.4916020039116535,1.7763568394002505e-15,1.398634776705876e-05,1.2313475053815637e-05
2.0833240359788761,0,0.0014037146465852857,38,42,116,0.22440539300441742,7.2499487002912713e-05,-0.0013888239925083454,0.036400618785307488,0,11.193280508403802,-21.84353469620579,-10.615169893522186,0,1.2313475053815637e-05,1.0806716090883128e-05
2.0833240359788761,0,0.0014037146465852857,38,42,117,0.21672256290912628,5.5231124910504114e-05,-0.0016050970749410943,0.020243797032248871,0,9.0779682590969824,-20.737949497823696,-11.641287307644493,1.7763568394002505e-15,1.0806716090883128e-05,9.4868883024901152e-06
2.0833240359788761,0,0.0014037146465852857,38,42,118,0.2105584442615509,3.1042653958423816e-05,-0.0018038345283084823,0.0071548606186343684,0,7.1672489307144067,-19.737744568523475,-12.565113569064781,3.5527136788005009e-15,9.4868883024901152e-06,8.3328995970077813e-06
2.0833240359788761,0,0.0014037146465852857,38,42,119,0.20570532977581024,1.6677297132225511e-05,-0.0019593174947733077,-0.0026326490110108653,0,5.4443393858108813,-18.834183335175844,-13.394419238573615,0,8.3328995970077813e-06,7.333966095757205e-06
2.0833240359788761,0,0.0014037146465852857,38,42,120,0.20193089544773102,6.3834691739806632e-06,-0.0020551788688719526,-0.0097875096296452333,0,3.9282414055545876,-18.020164014763203,-14.103758914237959,0,7.333966095757205e-06,6.4980813476722687e-06
2.0833240359788761,0,0.0014037146465852857,38,42,121,0.19906525313854218,6.3253183598656378e-07,-0.0020388124113282693,-0.014012486671509445,0,2.5891890712887746,-17.28942345036419,-14.716285045626417,0,6.4980813476722687e-06,5.8145565162703861e-06
2.0833240359788761,0,0.0014037146465852857,38,42,122,0.19685529172420502,-8.0609338842180134e-06,-0.0019558103041682419,-0.016188668313675686,0,1.4333287692125365,-16.637609278694477,-15.222433049033668,0,5.8145565162703861e-06,5.2635864449257497e-06
2.0833240359788761,0,0.0014037146465852857,38,42,123,0.19518274068832397,-1.4604601261986312e-05,-0.0018961890357620289,-0.017749149783911962,0,0.44748663875061301,-16.060899912480011,-15.633073217150335,-1.7763568394002505e-15,5.2635864449257497e-06,4.8166775741265155e-06
2.0833240359788761,0,0.0014037146465852857,38,42,124,0.19391898810863495,-2.446707652388488e-05,-0.0018120179190603074,-0.017621763541443698,0,-0.35554561824914077,-15.556291159502587,-15.931295026288755,1.7763568394002505e-15,4.8166775741265155e-06,4.4576163418241777e-06
2.0833240359788761,0,0.0014037146465852857,38,42,125,0.19290575385093689,-2.978714710548352e-05,-0.0016156184847763073,-0.014702495484879228,0,-0.9822116225515779,-15.12077882754399,-16.119338351212331,-3.5527136788005009e-15,4.4576163418241777e-06,4.1825087464530952e-06
2.0833240359788761,0,0.0014037146465852857,38,42,126,0.19191958010196686,-4.1556531724399198e-05,-0.0013490766152208563,-0.010063513154993146,0,-1.4251548186541561,-14.752229197042881,-16.188838161998977,0,4.1825087464530952e-06,4.003119556728052e-06
2.0833240359788761,0,0.0014037146465852857,38,42,127,0.19084906578063965,-5.5986113614097807e-05,-0.00098433486654342156,-0.00196387123805246,0,-1.6979843034605684,-14.449103017569433,-16.15009151324821,0,4.003119556728052e-06,3.843303147732513e-06
2.0833240359788761,0,0.0014037146465852857,38,42,128,0.18923260271549225,-6.6759766778783428e-05,-0.00047463176371135424,0.010541211564249151,0,-1.6855747603401179,-14.214924641831933,-15.890499582138293,-1.7763568394002505e-15,3.843303147732513e-06,3.5799068882624852e-06
2.0833240359788761,0,0.0014037146465852857,38,42,129,0.18688113987445831,-8.2343223205457719e-05,0.00015665186464528053,0.025933715862498163,0,-1.3758457272987308,-14.051838404911933,-15.401676107706727,-1.7763568394002505e-15,3.5799068882624852e-06,3.0732235245523043e-06
2.0833240359788761,0,0.0014037146465852857,38,42,130,0.18342876434326172,-0.00015632429049968166,0.00098433486654342156,0.053841918483254474,0,-0.7433518024033704,-13.960619239784448,-14.649301113128521,-1.7763568394002505e-15,3.0732235245523043e-06,2.0618574581021676e-06
2.0833240359788761,0,0.0014037146465852857,38,42,131,0.17714487016201019,8.4980692659790733e-05,0.0026432080002022755,0.11998722488490246,0,1.1374211434789565,-13.97898408974029,-12.71884753268357,-1.7763568394002505e-15,2.0618574581021676e-06,1.1585145784920314e-06
2.0833240359788761,0,0.0014037146465852857,38,42,132,0.16306027770042419,-4.1001993250519563e-06,0.0019148938363490672,0.080582413881384998,0,6.1170661322858022,-14.194850693122977,-7.9952913533187644,8.8817841970012523e-16,1.1585145784920314e-06,1.1585145784920314e-06
2.0847277506254613,0,0.00058137660380452871,38,42,0,0.0091868136078119278,-4.0048161919524421e-07,4.8375396251532097,-7.0702498825087048,0,-896.19989479347862,785.91850879868127,-112.51404539098721,5.1261647200817606e-05,0.00044128092122264206,0.00044128092122264206
2.0847277506254613,0,0.00058137660380452871,38,42,1,0.35002020001411438,-0.32444938282778868,9.6518136711208893,-30.522312533052247,0,-764.06766777726898,327.19461063875417,-458.06803101409753,-2.5630823529354529e-05,0.00044128092122264206,0.00035179906990379095
2.0847277506254613,0,0.00058137660380452871,38,42,2,0.46921613812446594,-0.5033549346444034,9.7048206172743345,0.26410000666801897,0,-452.89450052633299,332.65715429375365,-110.77175491245772,2.5630823685673931e-05,0.00035179906990379095,0.00028970069251954556
2.0847277506254613,0,0.00058137660380452871,38,42,3,0.27722066640853882,-0.30092509251626004,9.7194838512795485,6.5706666837538821,0,-397.75219278704571,355.28038018521073,-26.482587159317795,7.1054273576010019e-15,0.00028970069251954556,0.00034882995532825589
2.0847277506254613,0,0.00058137660380452871,38,42,4,0.43094938993453979,-0.35027964630264358,9.2728307062072854,-21.775127568413776,0,-1091.0658181529107,479.47007631377494,-624.44827990140948,3.8446235407718632e-05,0.00034882995532825589,0.00012216747563797981
2.0847277506254613,0,0.00058137660380452871,38,42,5,0.71464204788208008,-0.57830266678707809,8.5179116405389124,4.1313811990299536,0,154.67494649064966,339.27357199768443,506.01950866111588,0,0.00012216747563797981,0.00044233581866137683
2.0847277506254613,0,0.00058137660380452871,38,42,6,0.63492774963378906,-0.38605787319830831,7.4976887204552192,33.599446694594917,0,890.20925364843765,433.130777472989,1364.0511086632785,0,0.00044233581866137683,0.00034915076685138047
2.0847277506254613,0,0.00058137660380452871,38,42,7,0.58880007266998291,0.010340435407621204,5.8257981048008336,16.392141989957121,0,159.63235787357877,498.22302220650556,680.08366061024992,0,0.00034915076685138047,0.0003030276857316494
2.0847277506254613,0,0.00058137660380452871,38,42,8,0.7758333683013916,0.20546869665459683,3.8912596288296304,-25.358214188382949,0,-859.37224586287471,784.02223794335066,-96.611493782422741,8.5265128291212022e-14,0.0003030276857316494,0.00034284780849702656
2.0847277506254613,0,0.00058137660380452871,38,42,9,1.2356804609298706,0.003347826095662644,2.3288520775084116,-94.491209528579063,0,-2093.1328047109455,796.33021071140149,-1388.9616036245188,4.5474735088646412e-13,0.00034284780849702656,0.00032849347917363048
2.0847277506254613,0,0.00058137660380452871,38,42,10,2.0364265441894531,-0.59577267622042263,1.5775357444863192,-96.576738385582502,0,-1323.155796761185,722.35944867297417,-696.39132340552749,-1.1368683772161603e-13,0.00032849347917363048,0.00025150508736260235
2.0847277506254613,0,0.00058137660380452871,38,42,11,2.007185697555542,-0.45394611559861892,2.1623942953796234,69.338144452518605,0,2411.6611981569035,236.64672895624278,2719.3545197454459,0,0.00025150508736260235,0.00041343449265696108
2.0847277506254613,0,0.00058137660380452871,38,42,12,1.1617227792739868,0.073747889211565831,2.9326451991164575,27.260738964678922,0,149.54601363599866,576.35028365111884,756.16342934012448,0,0.00041343449265696108,0.00020682293688878417
2.0847277506254613,0,0.00058137660380452871,38,42,13,1.8327354192733765,-0.061100078954951224,2.5513909026995867,-71.146655367745254,0,-2880.6423212555419,730.53865458600512,-2218.7600312135373,0,0.00020682293688878417,0.00015937791613396257
2.0847277506254613,0,0.00058137660380452871,38,42,14,2.2626371383666992,-0.17130300899862175,2.8401894117866147,47.723363316724694,0,1456.3622628573123,117.84847657793262,1624.6029891547576,0,0.00015937791613396257,0.00035665236646309495
2.0847277506254613,0,0.00058137660380452871,38,42,15,1.475350022315979,0.10132625495420793,3.687319570515502,43.217259476246134,0,991.3916459934718,256.71504871758776,1295.1126000127754,0,0.00035665236646309495,0.00018326318240724504
2.0847277506254613,0,0.00058137660380452871,38,42,16,1.6459715366363525,0.19175940986630521,3.5109718948006874,-98.574097209303915,0,-1530.1038853325008,595.94238270944641,-1029.0328685276913,0,0.00018326318240724504,0.00027625044458545744
2.0847277506254613,0,0.00058137660380452871,38,42,17,2.0725448131561279,-0.17918268509709778,3.9692638366900033,-3.5489463628960189,0,-493.68493109813863,143.60704423139268,-349.83675207804907,-5.6843418860808015e-14,0.00027625044458545744,0.00027992867399007082
2.0847277506254613,0,0.00058137660380452871,38,42,18,1.42878258228302,-0.22910552230111933,5.743218394441155,106.493611617331,0,958.94876458428905,43.690096910544618,1114.6465859843047,0,0.00027992867399007082,0.00051302305655553937
2.0847277506254613,0,0.00058137660380452871,38,42,19,0.90678727626800537,0.19896968093829639,7.2676993352205361,36.255620208863178,0,394.53998418498088,260.20596689578889,698.46824030579171,-1.1368683772161603e-13,0.00051302305655553937,0.00065331539371982217
2.0847277506254613,0,0.00058137660380452871,38,42,20,0.6525874137878418,0.43402756154551464,7.8325281984114099,-20.897733213963111,0,-776.39665782069517,417.21229310368648,-371.81554217101484,5.6843418860808015e-14,0.00065331539371982217,0.00052166887326166034
2.0847277506254613,0,0.00058137660380452871,38,42,21,0.9361724853515625,-0.067168777171426358,7.9884260812052572,-72.044451857804191,0,-1426.6468086520849,511.44222201619669,-979.32783245130599,-5.1261647286082734e-05,0.00052166887326166034,0.00040867645293474197
2.0847277506254613,0,0.00058137660380452871,38,42,22,1.1517393589019775,-0.44394188451031208,8.4469102542717867,14.929852240304189,0,-103.80688616129757,85.865514667939664,4.991449116707753,-2.6645352591003757e-15,0.00040867645293474197,0.00051804253598675132
2.0847277506254613,0,0.00058137660380452871,38,42,23,0.75149762630462646,-0.12335634834451911,9.1193653487684294,88.538912095686271,0,662.63737410609997,103.41340175695291,863.5856969591631,0,0.00051804253598675132,0.00037138280458748341
2.0847277506254613,0,0.00058137660380452871,38,42,24,0.55963897705078125,0.071056652730573794,9.3963544558686269,10.862035483872905,0,-136.54826414245773,267.95862464199445,151.73980709200885,0,0.00037138280458748341,0.00012416277604643255
2.0847277506254613,0,0.00058137660380452871,38,42,25,0.79237520694732666,-0.21536940324434165,9.2137364394420729,-53.234605536618339,0,-650.09149603312949,371.26289035193724,-323.06484418161278,1.1368683772161603e-13,0.00012416277604643255,0.00077293766662478447
2.0847277506254613,0,0.00058137660380452871,38,42,26,0.93228191137313843,-0.56009116563579364,9.0460467758526395,7.9603186792436587,0,53.783720302035228,130.53511913427087,200.76511372576661,0,0.00077293766662478447,0.00082415249198675156
2.0847277506254613,0,0.00058137660380452871,38,42,27,0.83444148302078247,-0.5238956368929274,8.9220913070058057,1.7110112621438542,0,-29.645943411546725,248.72182006080513,229.18508358151513,0,0.00082415249198675156,0.00052424462046474218
2.0847277506254613,0,0.00058137660380452871,38,42,28,1.1830154657363892,-0.59920860827230826,8.4170199081415316,-69.297955321069111,0,-650.14142487755771,384.89725824276275,-326.72431065599488,-5.6843418860808015e-14,0.00052424462046474218,0.00042709603440016508
2.0847277506254613,0,0.00058137660380452871,38,42,29,1.4231902360916138,-0.71258655659295866,7.9419141459519214,1.7945677471727499,0,339.4698015833842,92.504718174076146,440.99841509399204,-5.6843418860808015e-14,0.00042709603440016508,0.0003514798590913415
2.0847277506254613,0,0.00058137660380452871,38,42,30,1.4180827140808105,-0.97218675178769987,7.0655562379317365,-38.900823730618441,0,-198.14636121399596,118.79968770443335,-112.15412775403701,0,0.0003514798590913415,0.00050040957285091281
2.0847277506254613,0,0.00058137660380452871,38,42,31,1.9455119371414185,-0.86925456554051905,4.9933566106599798,-55.609865223918284,0,-330.12849412703719,126.94454831380217,-254.66970899203383,2.8421709430404007e-14,0.00050040957285091281,0.00045731992577202618
2.0847277506254613,0,0.00058137660380452871,38,42,32,1.8560364246368408,-0.4250371496762006,3.818353151499994,42.232010615966765,0,510.4909596280487,186.4796203914828,742.59590663732206,0,0.00045731992577202618,0.00048629508819431067
2.0847277506254613,0,0.00058137660380452871,38,42,33,1.8119066953659058,-0.47694237089523861,3.4755436888401992,-39.703786173251956,0,-808.92581258221139,386.2950608401664,-459.33593659735197,5.6843418860808015e-14,0.00048629508819431067,0.00061373639618977904
2.0847277506254613,0,0.00058137660380452871,38,42,34,2.265937328338623,-0.46561174468415717,3.0500189527926285,2.6574037938024269,0,879.76428292664764,165.26960122243008,1050.2756951509887,0,0.00061373639618977904,0.00037432237877510488
2.0847277506254613,0,0.00058137660380452871,38,42,35,1.4151201248168945,-0.29564394140393235,3.434087033065965,90.337990867817638,0,1767.5456824376995,67.115029334277395,1928.1371457314567,2.2737367544323206e-13,0.00037432237877510488,0.00078472297172993422
2.0847277506254613,0,0.00058137660380452871,38,42,36,1.1985969543457031,0.61612054656930426,3.081074500193933,-29.723553545493811,0,-1054.1052477709693,496.59833555834246,-583.53327071135743,0,0.00078472297172993422,0.00049389776540920138
2.0847277506254613,0,0.00058137660380452871,38,42,37,1.5908710956573486,0.067373823760454324,1.84263515303504,-83.423819885794657,0,-1652.5003977783683,490.85877396156616,-1243.1554347258013,0,0.00049389776540920138,0.00050045223906636238
2.0847277506254613,0,0.00058137660380452871,38,42,38,1.9285472631454468,-0.11960403581346928,0.72244100755568652,-29.577765420694927,0,-1425.7939173650232,350.13078888671515,-1104.6380569272608,0,0.00050045223906636238,0.00034822241286747158
2.0847277506254613,0,0.00058137660380452871,38,42,39,1.5390795469284058,0.51265937416336882,0.70716278396399512,64.971472292579051,0,2717.7510554192472,147.16070666583633,2931.1030565357901,4.5474735088646412e-13,0.00034822241286747158,0.0002360668295295909
2.0847277506254613,0,0.00058137660380452871,38,42,40,0.38838449120521545,0.79553761353403607,1.0334779605954121,4.7945018679463924,0,150.3964956256394,293.36015492230956,450.3801679900248,0,0.0002360668295295909,0.00034456842695362866
2.0847277506254613,0,0.00058137660380452871,38,42,41,1.2855929136276245,0.32659050774461368,0.38000003804575383,-111.06204962087406,0,-3193.0650424200144,569.02653210751248,-2734.39407191088,-0.00010252329457216547,0.00034456842695362866,0.00034699012758210301
2.0847277506254613,0,0.00058137660380452871,38,42,42,2.4467027187347412,-0.68533513403218715,0.37653497095607175,-13.836953920785136,0,-650.20560445992351,-12.735853737704964,-677.08721228148977,-1.1368683772161603e-13,0.00034699012758210301,0.00020839663920924067
2.0847277506254613,0,0.00058137660380452871,38,42,43,1.7379792928695679,-0.28175744149914689,1.3299556046101042,131.87243298791125,0,2206.4753824949885,-17.884573588197167,2321.5114400578136,4.5474735088646412e-13,0.00020839663920924067,0.00045009696623310447
2.0847277506254613,0,0.00058137660380452871,38,42,44,0.92180973291397095,0.66469336023501868,1.6556138412054338,5.2800521907646134,0,-107.76828373802334,423.1414202720191,322.97349592620083,0,0.00045009696623310447,0.00040552843711338937
2.0847277506254613,0,0.00058137660380452871,38,42,45,1.5269192457199097,0.13132012558302614,1.0618459759707024,-119.62582041162702,0,-2948.320203476701,716.84441309118347,-2349.9085472188854,-0.00010252329457216547,0.00040552843711338937,0.0002600701991468668
2.0847277506254613,0,0.00058137660380452871,38,42,46,2.5012073516845703,-0.49489491061951102,0.82501991895453475,-85.043482892526555,0,-1403.5074036035737,233.30508469485403,-1254.9156767929112,0,0.0002600701991468668,0.00022232896299101412
2.0847277506254613,0,0.00058137660380452871,38,42,47,2.3356661796569824,-0.38432158513828729,1.6736545369461313,108.3384157788156,0,2561.0897200973891,-36.200565199709168,2634.5169036283032,0,0.00022232896299101412,0.00045277352910488844
2.0847277506254613,0,0.00058137660380452871,38,42,48,1.3441236019134521,0.4976144311148587,2.4741257836674384,65.164216086265341,0,1387.4032495479064,169.89217152547653,1625.4313773744304,0,0.00045277352910488844,0.00037096239975653589
2.0847277506254613,0,0.00058137660380452871,38,42,49,1.4116525650024414,0.50055997342403979,2.2593671148923695,-78.201488309841409,0,-2180.7036918598305,611.363013960589,-1644.7821878591194,5.1261647058709059e-05,0.00037096239975653589,0.0004562863614410162
2.0847277506254613,0,0.00058137660380452871,38,42,50,2.4069640636444092,-0.60900198578810882,1.868808228775926,-127.77560213913252,0,-2684.4492338486261,776.18868931777354,-2034.7763404269974,-2.2737367544323206e-13,0.0004562863614410162,0.00032338150776922703
2.0847277506254613,0,0.00058137660380452871,38,42,51,2.6927175521850586,-0.5979094458996389,2.4002689634554515,79.906655744197977,0,1362.3004208861578,-313.03642560543307,1130.9730105424783,-2.2737367544323206e-13,0.00032338150776922703,0.0003002734447363764
2.0847277506254613,0,0.00058137660380452871,38,42,52,1.8883329629898071,0.16324231520826946,3.5347729179110798,150.76111972257837,0,1710.3315327012265,-163.1711544303179,1701.6195132266064,2.2737367544323206e-13,0.0003002734447363764,0.0006361256237141788
2.0847277506254613,0,0.00058137660380452871,38,42,53,1.4310849905014038,0.65746306508206764,4.1695386872252573,-15.916946519884814,0,-902.58463548263137,392.48592997939323,-521.18865027081563,-1.1368683772161603e-13,0.0006361256237141788,0.00059409649111330509
2.0847277506254613,0,0.00058137660380452871,38,42,54,2.1161105632781982,-0.42823259251575946,4.1937081534253089,-164.99852963173512,0,-2689.6200987307334,611.38423628255339,-2239.4689165190057,0,0.00059409649111330509,0.00047179503599181771
2.0847277506254613,0,0.00058137660380452871,38,42,55,2.7139577865600586,-0.88817291674968313,4.3887282846351026,-39.487872115005509,0,-286.80891640286609,-111.09629240124174,-433.89252555122789,0,0.00047179503599181771,0.00035266648046672344
2.0847277506254613,0,0.00058137660380452871,38,42,56,2.1267428398132324,-0.20228887259818659,5.2054256448805329,176.17602929282756,0,2053.300044233195,-271.2024104187696,1963.276799879535,0,0.00035266648046672344,0.00072648876812309027
2.0847277506254613,0,0.00058137660380452871,38,42,57,1.477152943611145,0.4288369192791251,5.7572136251055523,18.735721979252247,0,-47.58598210207596,350.39140310136969,327.72719352293069,5.6843418860808015e-14,0.00072648876812309027,0.00030551064992323518
2.0847277506254613,0,0.00058137660380452871,38,42,58,2.0956346988677979,0.16160915116519126,5.5194116444436077,-197.34134830547217,0,-2373.3429117857136,692.05079468568897,-1872.9525471331824,-0.00010252329457216547,0.00030551064992323518,0.00070605281507596374
2.0847277506254613,0,0.00058137660380452871,38,42,59,2.8471169471740723,-1.2577577795056334,5.4899193770428321,-24.846315378874635,0,-360.9914915677594,-192.35133451488761,-573.95697986398443,0,0.00070605281507596374,0.00042267332901246846
2.0847277506254613,0,0.00058137660380452871,38,42,60,2.2328681945800781,-0.30594352768639566,6.1042509722191909,230.60933718890337,0,2308.9422891969884,-534.09920370237251,2011.2507301280521,0,0.00042267332901246846,0.0004220789996907115
2.0847277506254613,0,0.00058137660380452871,38,42,61,1.5702551603317261,0.47003566489059745,6.4373687796944603,54.863905733034549,0,573.176367499555,226.72760021201498,861.67527788918949,-1.1368683772161603e-13,0.0004220789996907115,0.00048426864668726921
2.0847277506254613,0,0.00058137660380452871,38,42,62,1.9173280000686646,-0.1499843712048109,6.1402154230677812,-160.86376516398622,0,-2446.1688987175976,690.28395948968227,-1910.7585246016861,-5.126164751345641e-05,0.00048426864668726921,0.00015570902905892581
2.0847277506254613,0,0.00058137660380452871,38,42,63,2.7621235847473145,-0.39084442951092985,5.6707940969810293,-259.47169506047976,0,-2976.6484149838598,977.18499307266916,-2253.6551673041999,4.5474735088646412e-13,0.00015570902905892581,0.00047057820484042168
2.0847277506254613,0,0.00058137660380452871,38,42,64,3.4593582153320312,-1.5108733763223652,5.4920579488893342,-93.80020252355483,0,244.8362897220197,-829.07799639846883,-674.06072462743691,0,0.00047057820484042168,0.00063548493199050426
2.0847277506254613,0,0.00058137660380452871,38,42,65,3.2366440296173096,-1.0200939650023118,5.5483428370958912,165.3048692357429,0,2496.4135148930104,-835.82895029562553,1830.4176827052213,-2.2737367544323206e-13,0.00063548493199050426,0.00042708739056251943
2.0847277506254613,0,0.00058137660380452871,38,42,66,2.5427508354187012,-0.11645805245388104,5.5333788413946614,161.50740640694499,0,2529.9640579761221,-676.58279767248098,2020.3055874995268,-2.2737367544323206e-13,0.00042708739056251943,0.00037421370507217944
2.0847277506254613,0,0.00058137660380452871,38,42,67,2.2963652610778809,0.40723253785001845,4.8226857618972581,-89.944916556651023,0,-519.05903639717121,450.82404259362312,-152.9499920604519,-5.6843418860808015e-14,0.00037421370507217944,0.00056890194537118077
2.0847277506254613,0,0.00058137660380452871,38,42,68,3.2651987075805664,-0.12699752722624227,3.2314028851096328,-329.81579807876955,0,-3026.7382209845559,804.4525161959773,-2548.9970975094648,0,0.00056890194537118077,0.00039936296525411308
2.0847277506254613,0,0.00058137660380452871,38,42,69,4.3668212890625,-0.83836361608470344,2.0391164414324665,-144.9835219835374,0,-369.12240900907432,-768.98417236568696,-1281.8893505329509,2.2737367544323206e-13,0.00039936296525411308,0.0003703043912537396
2.0847277506254613,0,0.00058137660380452871,38,42,70,4.1503186225891113,-0.5754630518661743,1.9402531484363095,238.53889887979284,0,3519.965078002806,-986.04772179022495,2773.821045188944,0,0.0003703043912537396,0.00047430457198061049
2.0847277506254613,0,0.00058137660380452871,38,42,71,3.1894845962524414,0.419833091275568,1.9997166592544193,117.48144318357257,0,1632.1934037873948,-377.00070905270678,1375.0936876687904,-2.2737367544323206e-13,0.00047430457198061049,0.00024273329472634941
2.0847277506254613,0,0.00058137660380452871,38,42,72,3.6335971355438232,0.015060311530646756,1.0909609896861967,-241.59860408126812,0,-2995.1116300462936,354.11340878540534,-2881.4908040409396,0,0.00024273329472634941,0.00015156896552070975
2.0847277506254613,0,0.00058137660380452871,38,42,73,5.0100221633911133,-0.41206377289328144,0.2775532104909364,-160.51621119558382,0,-868.4215157147986,-516.04731209752845,-1545.1195495703132,0,0.00015156896552070975,0.00017628795467317104
2.0847277506254613,0,0.00058137660380452871,38,42,74,4.3505878448486328,-0.43690261908971728,0.96264207335741958,286.17450225641358,0,4468.7263078578299,-1314.8104005877469,3440.6161489807641,-4.5474735088646412e-13,0.00017628795467317104,0.00025275128427892923
2.0847277506254613,0,0.00058137660380452871,38,42,75,3.1815006732940674,0.12501374152555864,1.7380395663825317,224.67569899561212,0,1463.2916072869232,-550.81665210582241,1139.0137074846209,0,0.00025275128427892923,0.00020627382036764175
2.0847277506254613,0,0.00058137660380452871,38,42,76,3.2413170337677002,0.11387945142828766,1.4157681027203315,-46.846174008863059,0,-2449.59420198731,362.78093315020647,-2132.129795291818,-4.5474735088646412e-13,0.00020627382036764175,0.00028575092437677085
2.0847277506254613,0,0.00058137660380452871,38,42,77,4.2218723297119141,-0.32698032654069786,0.89536947132621691,-17.707823428455061,0,-1571.1797407562335,-253.68076929315194,-1841.9999443330548,2.2737367544323206e-13,0.00028575092437677085,0.00026897035422734916
2.0847277506254613,0,0.00058137660380452871,38,42,78,3.8154036998748779,-0.16275332715123206,1.3019921757906059,256.12574482072142,0,2997.4743818916627,-1024.9409587970492,2229.7984067639745,0,0.00026897035422734916,0.00037536502350121737
2.0847277506254613,0,0.00058137660380452871,38,42,79,2.904010534286499,0.42196405397130587,1.7277443853978796,74.61358309503008,0,1966.7650524520789,-478.59924345017316,1564.929100536305,0,0.00037536502350121737,0.00013615812349598855
2.0847277506254613,0,0.00058137660380452871,38,42,80,3.2168445587158203,0.39958023519084052,1.1013607964938634,-188.32011857459781,0,-1043.6531004185633,-171.14623646397158,-1401.618514425448,0,0.00013615812349598855,0.00033962796442210674
2.0847277506254613,0,0.00058137660380452871,38,42,81,3.8529531955718994,-0.091320021457805156,0.6063970530960533,-164.83613273322499,0,-755.08488428183739,-98.693024230940125,-1018.0989642143642,1.1368683772161603e-13,0.00033962796442210674,0.00041338804294355214
2.0847277506254613,0,0.00058137660380452871,38,42,82,3.8595833778381348,-0.36684887245401321,1.0992752884619044,96.075399475409128,0,1370.7352173724121,-923.35841803352707,544.184625230302,0,0.00041338804294355214,0.00059621623950079083
2.0847277506254613,0,0.00058137660380452871,38,42,83,3.1035685539245605,0.051239821008745114,2.1263549544682436,222.30372005373661,0,2160.2646478655229,-730.35380508599644,1654.3921576087403,2.2737367544323206e-13,0.00059621623950079083,0.00057343224762007594
2.0847277506254613,0,0.00058137660380452871,38,42,84,2.6008479595184326,0.49041677521387222,2.8678362598861389,95.88060521583256,0,688.204838338586,-481.85989430889589,305.58380228062265,-5.6843418860808015e-14,0.00057343224762007594,0.00046093118726275861
2.0847277506254613,0,0.00058137660380452871,38,42,85,2.7867701053619385,0.38980517970911821,2.676871605793127,-121.37691828192584,0,-1464.7943937379091,-102.83660570201725,-1685.9412409363501,0,0.00046093118726275861,0.00047767799696885049
2.0847277506254613,0,0.00058137660380452871,38,42,86,3.4431545734405518,-0.2530581277043773,2.2149438915239466,-184.02111178903749,0,-1170.3723025310237,-15.684833781105157,-1368.1163623373468,0,0.00047767799696885049,0.00035227599437348545
2.0847277506254613,0,0.00058137660380452871,38,42,87,3.5506739616394043,-0.2530062653346915,2.6602532205230012,71.609240472592333,0,914.41715647237368,-762.75444689783933,225.67919700231499,5.6843418860808015e-14,0.00035227599437348545,0.00045635789865627885
2.0847277506254613,0,0.00058137660380452871,38,42,88,2.9575097560882568,0.082128367574845512,3.6447984345974467,186.95532847802767,0,1279.1183509288271,-545.11430646495478,924.68629974407224,-1.1368683772161603e-13,0.00045635789865627885,0.0005364179378375411
2.0847277506254613,0,0.00058137660380452871,38,42,89,2.8533778190612793,-0.083322603763285721,4.1510368369000563,80.643593185164477,0,-313.94683246071725,-156.48253469622568,-385.71805973864167,0,0.0005364179378375411,0.00036178060690872371
2.0847277506254613,0,0.00058137660380452871,38,42,90,3.0621542930603027,-0.26314245511652312,4.2065984553023466,66.088156016425359,0,-484.17856113762411,-216.72030143450513,-630.86725055551801,0,0.00036178060690872371,0.00035033494350500405
2.0847277506254613,0,0.00058137660380452871,38,42,91,2.8481094837188721,-0.28699714276388782,4.378906873405958,71.468988605697206,0,479.15779035868536,-403.95449327361086,150.7641954214138,2.8421709430404007e-14,0.00035033494350500405,0.00052295299246907234
2.0847277506254613,0,0.00058137660380452871,38,42,92,2.6938114166259766,-0.75595871595180364,4.4869864499046557,-40.642694504411004,0,-737.28396970196354,-152.46567201716783,-926.6613084895896,0,0.00052295299246907234,0.0011069654719904065
2.0847277506254613,0,0.00058137660380452871,38,42,93,2.7819736003875732,-1.2872180083768741,4.5901084644393348,-49.902598464913908,0,-1268.0749517369588,80.872835271697738,-1233.8018244741127,-2.2737367544323206e-13,0.0011069654719904065,0.0010113788302987814
2.0847277506254613,0,0.00058137660380452871,38,42,94,2.318958044052124,-0.78560356684949317,5.1346417201326311,149.78489291221624,0,789.54214338163069,-529.74565452413071,413.93041992299942,5.6843418860808015e-14,0.0010113788302987814,0.0008968234178610146
2.0847277506254613,0,0.00058137660380452871,38,42,95,1.5805758237838745,-0.036616034443021174,4.5390290363190777,89.195676320342841,0,1234.6509223992773,-437.07689907883218,891.27211264266407,0,0.0008968234178610146,0.00071639142697677016
2.0847277506254613,0,0.00058137660380452871,38,42,96,1.6334247589111328,0.30945615196835713,1.9251415752584058,-2.909611098306824,0,757.42323558311227,-530.45388544263335,226.29433676939888,-2.8421709430404007e-14,0.00071639142697677016,0.00052123452769592404
2.0847277506254613,0,0.00058137660380452871,38,42,97,1.5975382328033447,0.19834064946504668,0.15331425071791335,19.259821060807727,0,866.42805277626871,-552.78612459343606,333.25340414382339,5.6843418860808015e-14,0.00052123452769592404,0.00039412800106219947
2.0847277506254613,0,0.00058137660380452871,38,42,98,1.3319447040557861,0.1318507093662088,0.0051204121044718378,18.967219578264821,0,731.73233330403139,-495.96053814317099,254.87598586059596,1.1368683772161603e-13,0.00039412800106219947,0.00028339718119241297
2.0847277506254613,0,0.00058137660380452871,38,42,99,1.1216686964035034,0.073156689367445793,0.0029155951619292361,10.990702218487954,0,628.41325297803144,-441.34063785107969,198.139389629969,-5.6843418860808015e-14,0.00028339718119241297,0.00020729699463117868
2.0847277506254613,0,0.00058137660380452871,38,42,100,0.95883727073669434,0.036814825462225871,0.0021440264530874832,6.8746995136350977,0,550.06074785537089,-396.16374812349329,160.81065809742796,-5.6843418860808015e-14,0.00020729699463117868,0.00015516162966378033
2.0847277506254613,0,0.00058137660380452871,38,42,101,0.83088594675064087,0.018323928348419311,0.0019756839653492292,4.5388087714285197,0,484.95896845546451,-358.43220256680684,131.08587427239999,2.8421709430404007e-14,0.00015516162966378033,0.0001206322485813871
2.0847277506254613,0,0.00058137660380452871,38,42,102,0.72605019807815552,0.010047951048743719,0.0018447511148782527,3.1316765542241098,0,430.55600745456485,-326.51649593801505,107.18308077293753,2.8421709430404007e-14,0.0001206322485813871,9.6095369372051209e-05
2.0847277506254613,0,0.00058137660380452871,38,42,103,0.63902938365936279,0.0060323593982248049,0.0017594109848378661,2.2173738137484138,0,384.5814864956597,-299.16953488264988,87.637117197141279,-4.2632564145606011e-14,9.6095369372051209e-05,7.7795528341084719e-05
2.0847277506254613,0,0.00058137660380452871,38,42,104,0.56630712747573853,0.0037456353604594884,0.0016880992487815847,1.600798720541323,0,344.42823819925843,-275.46348358535977,70.570987069049238,0,7.7795528341084719e-05,6.3843777752481401e-05
2.0847277506254613,0,0.00058137660380452871,38,42,105,0.50522881746292114,0.0024829751861150718,0.0016179565944442287,1.1771724676095472,0,309.5654994696622,-254.70918046042169,56.037592408630616,2.8421709430404007e-14,6.3843777752481401e-05,5.2992218115832657e-05
2.0847277506254613,0,0.00058137660380452871,38,42,106,0.45341745018959045,0.0015858082648943621,0.0016436755122960873,0.87990617516625491,0,278.51657603433887,-236.3836541825199,43.016057510762444,3.5527136788005009e-14,5.2992218115832657e-05,4.4476790208136663e-05
2.0847277506254613,0,0.00058137660380452871,38,42,107,0.40932115912437439,0.0010965725467384578,0.0016202947578820789,0.66368454703626578,0,250.03263164281364,-220.0893194155291,30.609713641625419,-1.4210854715202004e-14,4.4476790208136663e-05,3.767728412640281e-05
2.0847277506254613,0,0.00058137660380452871,38,42,108,0.37166145443916321,0.00076129825212175163,0.0015454758744428551,0.50749030784421345,0,224.05379269109031,-205.51506922224667,19.048520550814409,-2.1316282072803006e-14,3.767728412640281e-05,3.2146232115337625e-05
2.0847277506254613,0,0.00058137660380452871,38,42,109,0.33927193284034729,0.00053403979485103789,0.0015676877426856037,0.39281800293032398,0,200.27315569704126,-192.41356615465759,8.2545092728515321,1.0658141036401503e-14,3.2146232115337625e-05,2.7625230359262787e-05
2.0847277506254613,0,0.00058137660380452871,38,42,110,0.31136959791183472,0.00036505727960320079,0.0015828853161624669,0.30459670800104205,0,177.73838177792612,-180.59001595318529,-2.5450895246623588,0,2.7625230359262787e-05,2.3896582206361927e-05
2.0847277506254613,0,0.00058137660380452871,38,42,111,0.28736436367034912,0.00025569607431772447,0.0015384615796769695,0.23641871714924367,0,156.61125269248799,-169.88561003462763,-13.036144467336419,-5.3290705182007514e-15,2.3896582206361927e-05,2.0775332814082503e-05
2.0847277506254613,0,0.00058137660380452871,38,42,112,0.26667410135269165,0.00020461071328129208,0.0014870236461994194,0.18423436024162659,0,136.62213217615505,-160.16916984365398,-23.361111672897827,-2.1316282072803006e-14,2.0775332814082503e-05,1.8132514014723711e-05
2.0847277506254613,0,0.00058137660380452871,38,42,113,0.24885526299476624,0.00015937056529181993,0.001429740499674909,0.14350698149594704,0,117.70609735267632,-151.33199505725585,-33.480801612018617,-7.1054273576010019e-15,1.8132514014723711e-05,1.5860121493460611e-05
2.0847277506254613,0,0.00058137660380452871,38,42,114,0.2335457056760788,0.00013265875416776214,0.0014051906635419757,0.11100709713501457,0,99.580773438136703,-143.28314751319937,-43.589829128509948,-1.4210854715202004e-14,1.5860121493460611e-05,1.3915171621192712e-05
2.0847277506254613,0,0.00058137660380452871,38,42,115,0.22048641741275787,0.00010945409042664709,0.0013771336800260995,0.08378716244155221,0,82.01627757541219,-135.94599104883534,-53.844439723211131,7.1054273576010019e-15,1.3915171621192712e-05,1.2237356713740155e-05
2.0847277506254613,0,0.00058137660380452871,38,42,116,0.20950472354888916,7.2397416695818385e-05,0.0013116670592429455,0.061206406824847563,0,64.811151490782819,-129.25555152626549,-64.381809564181879,1.4210854715202004e-14,1.2237356713740155e-05,1.0743939128587954e-05
2.0847277506254613,0,0.00058137660380452871,38,42,117,0.20038151741027832,5.6383333941147621e-05,0.0012251578474836338,0.042726582988702216,0,48.13161107547937,-123.15595374997973,-74.980334550330227,1.4210854715202004e-14,1.0743939128587954e-05,9.4266506494022906e-06
2.0847277506254613,0,0.00058137660380452871,38,42,118,0.19292061030864716,4.2707316850494406e-05,0.0011363105700603045,0.027706920342403775,0,31.992522207206388,-117.6027282409826,-85.5813200955469,0,9.4266506494022906e-06,8.2635469880187884e-06
2.0847277506254613,0,0.00058137660380452871,38,42,119,0.18690338730812073,3.0288573475962192e-05,0.0010205751952923586,0.015814218178781803,0,16.438995135550012,-112.55740313300775,-96.101542915510194,0,8.2635469880187884e-06,7.244659627758665e-06
2.0847277506254613,0,0.00058137660380452871,38,42,120,0.18213324248790741,2.0207797991614717e-05,0.00090250185263422798,0.0066640141434088631,0,1.7237754123108451,-107.98817057393221,-106.25680843782733,0,7.244659627758665e-06,6.3753386712050997e-06
2.0847277506254613,0,0.00058137660380452871,38,42,121,0.17840778827667236,-5.0704043088468192e-06,0.00079962593679221128,0.00064077059071239071,0,-12.152855023451202,-103.86759276706167,-116.01901246438968,0,6.3753386712050997e-06,5.6457615755789448e-06
2.0847277506254613,0,0.00058137660380452871,38,42,122,0.17548733949661255,4.5463365649780428e-06,0.00071311672503289957,-0.0032038529535619534,0,-24.900242631788988,-100.17758716632622,-125.08031598800717,0,5.6457615755789448e-06,5.0550061132526025e-06
2.0847277506254613,0,0.00058137660380452871,38,42,123,0.1732383668422699,-6.7915170878248178e-06,0.00062193128417171995,-0.006484598378009394,0,-36.493730560371901,-96.902019168251741,-133.40161918723456,0,5.0550061132526025e-06,4.5771994336973876e-06
2.0847277506254613,0,0.00058137660380452871,38,42,124,0.17155599594116211,-6.3508504233441138e-06,0.00049333649936476106,-0.0085863259155460354,0,-46.755210215805526,-94.028906362791901,-140.79221591886403,0,4.5771994336973876e-06,4.1926346057152841e-06
2.0847277506254613,0,0.00058137660380452871,38,42,125,0.17027880251407623,-1.5174352191570582e-05,0.00034837505936201378,-0.0084325409737750611,0,-55.5181325061519,-91.545446153544248,-147.07167799996276,0,4.1926346057152841e-06,3.894314886565553e-06
2.0847277506254613,0,0.00058137660380452871,38,42,126,0.16919507086277008,-1.7071726747649222e-05,0.00022211831577561425,-0.0065102292016378897,0,-62.479694881063971,-89.442052612471755,-151.92805267614833,0,3.894314886565553e-06,3.6836624985880917e-06
2.0847277506254613,0,0.00058137660380452871,38,42,127,0.16817894577980042,-3.0483277842276871e-05,5.6114101470772504e-05,-0.0023836665974500933,0,-67.551137798316262,-87.713125404611588,-155.26662123870167,0,3.6836624985880917e-06,3.5144012144883163e-06
2.0847277506254613,0,0.00058137660380452871,38,42,128,0.16692687571048737,-4.2549497662607801e-05,-0.00016249709136535723,0.0046391790767577089,0,-69.570949223536218,-86.384346615239494,-155.95086170628798,0,3.5144012144883163e-06,3.3108128718595253e-06
2.0847277506254613,0,0.00058137660380452871,38,42,129,0.16526158154010773,-4.8770516657707559e-05,-0.00038695348502671811,0.014148214642929587,0,-68.234634972017346,-85.472876080774739,-153.69379856215085,0,3.3108128718595253e-06,2.9833304324711207e-06
2.0847277506254613,0,0.00058137660380452871,38,42,130,0.16286532580852509,-8.1638314956316459e-05,-0.00099485627744049995,0.027655658695146784,0,-62.826428663110256,-84.984378213239239,-147.78422771224675,0,2.9833304324711207e-06,2.3268098630069289e-06
2.0847277506254613,0,0.00058137660380452871,38,42,131,0.15929123759269714,4.1723614318579527e-05,-0.0026560676244251338,0.057156736691545251,0,-47.143491562953606,-85.167728310065684,-132.25667748033786,0,2.3268098630069289e-06,1.396731818203989e-06
2.0847277506254613,0,0.00058137660380452871,38,42,132,0.15183717012405396,-7.4181006953962834e-06,-0.0019148936714417759,0.03862565120814291,0,-6.1846664799087385,-86.587240215082659,-92.735203355555385,1.4210854715202004e-14,1.396731818203989e-06,1.396731818203989e-06
2.0853091272292659,0,0.00063951424090191722,38,42,0,0.0091868136078119278,3.6407421252340658e-07,4.8585335946293959,-0.40969999283683989,0,-613.82613981851443,443.68033810843968,-165.69696920050487,-1.4562969283815619e-06,0.00092151114949956536,0.00092151114949956536
2.0853091272292659,0,0.00063951424090191722,38,42,1,0.083710163831710815,-0.33676209324832562,9.7005877341031326,-18.025261835347255,0,-253.78724431409373,163.1002375493218,-99.348434221483274,8.737781087120311e-06,0.00092151114949956536,0.00065960112260654569
2.0853091272292659,0,0.00063951424090191722,38,42,2,0.40481603145599365,-0.74133155228228564,9.7142172163231582,-2.5401545185569083,0,-476.46533162473304,144.66603590809348,-325.36656457115561,0,0.00065960112260654569,0.00055784807773306966
2.0853091272292659,0,0.00063951424090191722,38,42,3,0.26182430982589722,-0.32837091079808617,9.7175011657201189,30.45375351866349,0,-252.46026662428844,148.61101592087431,-64.006366929828616,-1.4210854715202004e-14,0.00055784807773306966,0.00043480645399540663
2.0853091272292659,0,0.00063951424090191722,38,42,4,0.067909769713878632,0.12659588517863893,9.3109649777901069,-32.322205678083215,0,-454.45204164171622,177.38632324274349,-299.95035156371239,1.1650374858618306e-05,0.00043480645399540663,0.00045635673450306058
2.0853091272292659,0,0.00063951424090191722,38,42,5,1.0088299512863159,-1.132947250834663,8.513319882611551,-89.124248789749061,0,-735.8005776219419,135.06559115503546,-682.47886262487862,0,0.00045635673450306058,0.00054565822938457131
2.0853091272292659,0,0.00063951424090191722,38,42,6,1.427955150604248,-2.1660784592670583,7.4156441414861565,106.39551001836664,0,-463.43513303408253,174.44395118456552,-177.34610614893128,0,0.00054565822938457131,0.00069852540036663413
2.0853091272292659,0,0.00063951424090191722,38,42,7,0.98418480157852173,-1.0074042682786417,5.7618756229651096,147.04124442022137,0,-8.1090336733149346,189.65766302037241,333.34434512196532,0,0.00069852540036663413,0.00080196827184408903
2.0853091272292659,0,0.00063951424090191722,38,42,8,0.71966570615768433,0.72473049633964337,3.9944169219509535,88.177958746933015,0,-109.85306165023373,329.5500510568574,312.59409557184728,0,0.00080196827184408903,0.00039106881013140082
2.0853091272292659,0,0.00063951424090191722,38,42,9,0.42817068099975586,1.3132185971656276,2.583365758692886,-38.344878581705217,0,-259.7595526474521,328.386737832253,34.178890958954184,0,0.00039106881013140082,0.00057112023932859302
2.0853091272292659,0,0.00063951424090191722,38,42,10,1.6315609216690063,-0.62299669302290905,1.7101164664304007,-316.37906933711463,0,-1095.242228312577,360.99441264407898,-1049.5397652322051,0,0.00057112023932859302,0.00055939593585208058
2.0853091272292659,0,0.00063951424090191722,38,42,11,3.5881547927856445,-2.8971682398768484,1.9986913352430846,-19.435434851604715,0,-1034.4257806046926,10.726919492542441,-1044.0327728683887,-2.2737367544323206e-13,0.00055939593585208058,0.0006811797502450645
2.0853091272292659,0,0.00063951424090191722,38,42,12,1.6013385057449341,0.13914497717300198,2.7840738648325334,312.91825560030333,0,242.73826186055939,125.93980597210955,684.51954227497777,0,0.0006811797502450645,0.00071912951534613967
2.0853091272292659,0,0.00063951424090191722,38,42,13,0.54280024766921997,0.56153969168921425,2.5970167212914514,-101.14189000571687,0,-294.64100780839067,206.32818432276417,-186.29615707836268,5.6843418860808015e-14,0.00071912951534613967,0.00020787518587894738
2.0853091272292659,0,0.00063951424090191722,38,42,14,3.2071433067321777,-0.22601890946848716,2.7238592667490749,-76.898438676841451,0,-1090.9205916824881,151.25802767710368,-1014.0631623249452,1.1368683772161603e-13,0.00020787518587894738,0.00047311800881288946
2.0853091272292659,0,0.00063951424090191722,38,42,15,2.2282981872558594,-0.41033566641190572,3.5930316559797233,329.18516131809793,0,126.16628925823611,139.8663843999297,598.40053096583154,-1.1368683772161603e-13,0.00047311800881288946,0.00072685052873566747
2.0853091272292659,0,0.00063951424090191722,38,42,16,1.0477159023284912,1.2280670999695906,3.6788843601090804,-15.503945972843159,0,66.133119548955733,162.84129631900038,218.37742135519161,0,0.00072685052873566747,0.00023919550585560501
2.0853091272292659,0,0.00063951424090191722,38,42,17,1.8691579103469849,0.70397899437423428,3.918889726562973,-152.70957117427861,0,-582.48388211604663,189.06489195051029,-541.50569261887779,0,0.00023919550585560501,0.00075688818469643593
2.0853091272292659,0,0.00063951424090191722,38,42,18,2.0768120288848877,-1.3605456962741829,5.5185178611623016,134.26861231566582,0,-200.55794008994999,80.95202348351485,18.820667874118794,-3.5527136788005009e-15,0.00075688818469643593,0.00071622285759076476
2.0853091272292659,0,0.00063951424090191722,38,42,19,1.312860369682312,-0.50495855424673908,7.1905960359053633,244.22764577508715,0,-40.141972195470352,26.822331693270023,237.59364275454544,-2.8421709430404007e-14,0.00071622285759076476,0.00089319812832400203
2.0853091272292659,0,0.00063951424090191722,38,42,20,0.43642255663871765,1.1302669364820657,7.8712786495686498,62.963611783662373,0,108.8711680620266,151.18299926338685,332.01932469512656,0,0.00089319812832400203,0.0007320255390368402
2.0853091272292659,0,0.00063951424090191722,38,42,21,0.36681419610977173,0.74386842139514875,8.0683352733937941,-55.871236416959995,0,-278.17956413217314,147.71871371488493,-177.51988313945927,2.8421709430404007e-14,0.0007320255390368402,0.00048627669457346201
2.0853091272292659,0,0.00063951424090191722,38,42,22,1.1546412706375122,-0.73609325251249891,8.4154611031758098,-146.81354949511552,0,-468.90810630348079,115.04931521736459,-492.99297273056845,-5.6843418860808015e-14,0.00048627669457346201,0.00030416753725148737
2.0853091272292659,0,0.00063951424090191722,38,42,23,1.2535661458969116,-1.1008985260546524,9.0056312268636525,98.486117167637332,0,-151.64276965452362,54.20649106093137,8.9545712748540947,5.3290705182007514e-15,0.00030416753725148737,0.00084772770060226321
2.0853091272292659,0,0.00063951424090191722,38,42,24,0.6478569507598877,0.012326096539192453,9.3723770159585555,125.01737589688544,0,76.150857426626985,59.361176090773164,269.91411252678336,5.6843418860808015e-14,0.00084772770060226321,0.00057218404253944755
2.0853091272292659,0,0.00063951424090191722,38,42,25,0.60455286502838135,0.10476672354416051,9.2805888099424294,-44.849842050953825,0,-168.26165649579843,109.14858678678203,-94.577556226483651,-1.4210854715202004e-14,0.00057218404253944755,0.00034170117578469217
2.0853091272292659,0,0.00063951424090191722,38,42,26,1.0490020513534546,-0.74321235966418153,9.0416345257400916,-56.039607633580424,0,-224.56731208832878,105.67281396872657,-166.63568358710671,0,0.00034170117578469217,0.0014777114847674966
2.0853091272292659,0,0.00063951424090191722,38,42,27,0.96768432855606079,-1.4539092514078977,8.9080986579223325,71.856249666075684,0,1.753148400016711,109.08404371038588,190.14763118299271,0,0.0014777114847674966,0.0012699767248705029
2.0853091272292659,0,0.00063951424090191722,38,42,28,0.99306559562683105,-1.4765874341059808,8.4988741460070472,-64.937231876408461,0,-260.14923438378753,140.24944872337832,-177.81473082491661,0,0.0012699767248705029,0.0008069852483458817
2.0853091272292659,0,0.00063951424090191722,38,42,29,1.6795763969421387,-1.0573122894797753,7.9677554032936522,-19.222372797248617,0,-291.45360506740332,53.295897766504829,-250.46963698433325,0,0.0008069852483458817,0.00068311009090393782
2.0853091272292659,0,0.00063951424090191722,38,42,30,1.3528789281845093,-1.258067907304157,7.188574695877433,23.847105578153947,0,156.55065314458633,74.854124109804417,261.18238962111798,0,0.00068311009090393782,0.00086540094343945384
2.0853091272292659,0,0.00063951424090191722,38,42,31,1.7974529266357422,-1.8050213297428335,5.1485856945593929,-175.68765199529506,0,-184.93171178319818,71.375788209292793,-285.90001120438387,0,0.00086540094343945384,0.00088497780961915851
2.0853091272292659,0,0.00063951424090191722,38,42,32,2.287764310836792,-1.0193644702342481,3.7446201436254563,30.621285908298262,0,-86.327599619578862,108.56658066323581,55.585522625346428,7.1054273576010019e-15,0.00088497780961915851,0.00075924367411062121
2.0853091272292659,0,0.00063951424090191722,38,42,33,1.5448595285415649,0.27126405019272726,3.5235892329056462,-8.9390995771187001,0,-43.076561803281422,125.57016288043138,77.349354783129641,1.4210854715202004e-14,0.00075924367411062121,0.001201456063427031
2.0853091272292659,0,0.00063951424090191722,38,42,34,2.8765430450439453,-2.273185087775107,3.1060470815310524,-207.80242275005094,0,-804.92346295376501,65.395324613573905,-946.49769909648614,-1.1368683772161603e-13,0.001201456063427031,0.0012659528292715549
2.0853091272292659,0,0.00063951424090191722,38,42,35,2.5360939502716064,-0.91083394748102053,3.3199450502791037,183.00483299415271,0,169.45870920582581,45.55389750091269,400.42655080368928,0,0.0012659528292715549,0.00071071519050747156
2.0853091272292659,0,0.00063951424090191722,38,42,36,0.85934436321258545,-1.1236586254505532,3.1717945154222291,121.11375471464729,0,432.20588396718199,111.15706480093196,666.52483937273291,0,0.00071071519050747156,0.0017844801768660545
2.0853091272292659,0,0.00063951424090191722,38,42,37,0.86812961101531982,3.2560611302447278,2.0627543797900221,-71.911891856124058,0,-159.19100088642969,100.4595042528874,-125.3245729796316,0,0.0017844801768660545,0.00037972087739035487
2.0853091272292659,0,0.00063951424090191722,38,42,38,1.2863365411758423,-0.15949545139331656,0.82459204801847608,-180.98736089065659,0,-990.37356981409732,98.36094554077809,-1072.3348885673506,0,0.00037972087739035487,0.00055567541858181357
2.0853091272292659,0,0.00063951424090191722,38,42,39,3.2431542873382568,-0.79397458998644821,0.5695417698248193,13.6054008953131,0,-986.10039874317943,68.900875789620073,-903.81855487840789,0,0.00055567541858181357,0.00035771759576164186
2.0853091272292659,0,0.00063951424090191722,38,42,40,0.65022498369216919,0.79215558420212817,1.0178466448422381,140.03051488012264,0,1016.7308185453214,76.837856727877551,1235.409192382366,0,0.00035771759576164186,0.00032410293351858854
2.0853091272292659,0,0.00063951424090191722,38,42,41,-0.30411982536315918,3.0617595925135785,0.66519530624602985,-25.018807072614873,0,113.62750347668118,135.07190565817746,227.40755696100337,0,0.00032410293351858854,0.00070252653677016497
2.0853091272292659,0,0.00063951424090191722,38,42,42,2.0530600547790527,-1.2383798661135288,0.35518825321834779,-227.95962162131167,0,-1270.6610828604692,122.30843074821529,-1377.1954653464607,2.2737367544323206e-13,0.00070252653677016497,0.00032620073761790991
2.0853091272292659,0,0.00063951424090191722,38,42,43,3.0876517295837402,-2.7457419472927942,1.0233505367500606,146.37680024458507,0,-388.92865610833246,51.399589560936512,-192.87465771335363,0,0.00032620073761790991,0.00090919830836355686
2.0853091272292659,0,0.00063951424090191722,38,42,44,1.1095789670944214,0.21591111710619981,1.6595196168191728,179.684196566944,0,732.20145063549614,70.010550688641828,983.77162862500734,0,0.00090919830836355686,0.00094490486662834883
2.0853091272292659,0,0.00063951424090191722,38,42,45,0.16073739528656006,2.6876814853062831,1.3426724740144307,-34.971559159647541,0,-6.0101254499615946,197.22059702527704,160.2692663749886,-2.8421709430404007e-14,0.00094490486662834883,0.00050408660899847746
2.0853091272292659,0,0.00063951424090191722,38,42,46,1.771628737449646,-0.7816694277144759,0.93806405903973056,-330.33509991243108,0,-953.42007219409595,268.62819075777588,-1014.9705867174259,0,0.00050408660899847746,0.00029819327755831182
2.0853091272292659,0,0.00063951424090191722,38,42,47,3.8673126697540283,-2.4633028211837673,1.4798247820037389,-22.05220223485135,0,-1085.8510941931893,-34.091792756943782,-1142.9785672241644,0,0.00029819327755831182,0.00070220994530245662
2.0853091272292659,0,0.00063951424090191722,38,42,48,2.2891113758087158,-1.1696987222178381,2.3123674826753011,425.03176957087754,0,406.0064279122592,1.2999954217667775,833.48086166536098,0,0.00070220994530245662,0.00087693188106641173
2.0853091272292659,0,0.00063951424090191722,38,42,49,0.45541468262672424,2.7821020388975066,2.3900585531454146,21.880895123781137,0,520.31832100623558,278.96142078505142,826.33279750711108,0,0.00087693188106641173,0.0005978282424621284
2.0853091272292659,0,0.00063951424090191722,38,42,50,1.2239927053451538,1.3812804508258159,2.0144775930980994,-199.57259799080185,0,-905.12833661500724,459.3748376115239,-641.93033895036126,1.1368683772161603e-13,0.0005978282424621284,0.00082856800872832537
2.0853091272292659,0,0.00063951424090191722,38,42,51,3.3502388000488281,-3.5095634559052882,2.2457307975200358,-240.41489751629481,0,-906.78539272366743,-153.88113286424192,-1302.3452557625894,0,0.00082856800872832537,0.00039016632945276797
2.0853091272292659,0,0.00063951424090191722,38,42,52,2.8776147365570068,-1.3328298186974135,3.2524387738672265,307.26157922104682,0,159.9441743165485,-34.042581573785419,435.08278091897972,0,0.00039016632945276797,0.00052527320804074407
2.0853091272292659,0,0.00063951424090191722,38,42,53,1.1280781030654907,1.6169223878426155,4.1286696518931718,178.90520590626673,0,581.96828312886475,194.60636942373696,961.22545049860423,0,0.00052527320804074407,0.0011626832420006394
2.0853091272292659,0,0.00063951424090191722,38,42,54,0.81413573026657104,2.6420934776923994,4.3666787994397991,-100.32137740924972,0,-203.49252969776106,289.71098860620651,-7.0941462236720874,-3.1974423109204508e-14,0.0011626832420006394,0.00092992692952975631
2.0853091272292659,0,0.00063951424090191722,38,42,55,2.461702823638916,-1.7787351715986435,4.4245818903479464,-390.48626461769339,0,-690.77775080594654,111.83763309529252,-966.78053560959813,0,0.00092992692952975631,0.00046750358887948096
2.0853091272292659,0,0.00063951424090191722,38,42,56,3.2681460380554199,-1.8407086122028029,5.0204221058216287,90.441207157225719,0,-171.05546297451727,-67.14120317971495,-144.57574550338765,2.8421709430404007e-14,0.00046750358887948096,0.00051347853150218725
2.0853091272292659,0,0.00063951424090191722,38,42,57,1.667685866355896,-0.17056585597351578,5.7023502173659573,339.00428360616598,0,434.00218535546065,119.91385931316854,898.45211263618762,0,0.00051347853150218725,0.0013727734331041574
2.0853091272292659,0,0.00063951424090191722,38,42,58,1.0067439079284668,2.3774330055664215,5.6866768225168247,-98.634589544098077,0,-156.33050766235138,243.45303565533496,-3.4479517230312711,-1.865174681370263e-14,0.0013727734331041574,0.00093278748681768775
2.0853091272292659,0,0.00063951424090191722,38,42,59,2.5134317874908447,-1.2506440700365922,5.4910076855156076,-418.37632986070247,0,-750.51117967235325,243.18563625290815,-921.46150966466848,2.2737367544323206e-13,0.00093278748681768775,0.00077279238030314445
2.0853091272292659,0,0.00063951424090191722,38,42,60,3.4021623134613037,-3.2802806211215287,5.9071139281960097,125.67753273459509,0,-28.076844051814678,-88.877633655966804,11.349888333888092,3.5527136788005009e-15,0.00077279238030314445,0.00096060906071215868
2.0853091272292659,0,0.00063951424090191722,38,42,61,2.0712130069732666,0.088704497436052868,6.3937504476975082,478.91391419735606,0,472.59885183735969,-108.91776956122959,849.07745141861972,-1.1368683772161603e-13,0.00096060906071215868,0.00059933715965598822
2.0853091272292659,0,0.00063951424090191722,38,42,62,0.80645769834518433,2.0113258026402843,6.2906380773750543,59.723176536582038,0,279.57292565759315,448.95940253965426,796.55746861384478,0,0.00059933715965598822,0.00095819466514512897
2.0853091272292659,0,0.00063951424090191722,38,42,63,1.4519011974334717,-0.0019954907588407914,5.8460098968113563,-273.44268484343581,0,-865.60616435893678,600.60580711111572,-532.59902768520431,0,0.00095819466514512897,0.00032522593392059207
2.0853091272292659,0,0.00063951424090191722,38,42,64,3.0674750804901123,-0.69067390227756631,5.5543791710958574,-577.73630778324218,0,-428.75616138718101,-92.79961582889095,-1094.4283797304959,0,0.00032522593392059207,0.0010905951494351029
2.0853091272292659,0,0.00063951424090191722,38,42,65,4.3008060455322266,-5.3480630478236053,5.4904772293879613,-240.98045331062238,0,-161.73329907394992,-405.73502078090098,-808.30635898390892,0,0.0010905951494351029,0.001086894073523581
2.0853091272292659,0,0.00063951424090191722,38,42,66,3.7173092365264893,-3.4296693723751956,5.4894556371476204,437.19065993092966,0,645.47997514465351,-320.63173574838322,764.09868559197241,0,0.001086894073523581,0.0011664904886856675
2.0853091272292659,0,0.00063951424090191722,38,42,67,2.2074437141418457,1.8113631384507787,5.0174341487594489,262.65909792786249,0,649.67932944083384,148.74490202808451,1067.9121266839911,0,0.0011664904886856675,0.00056291441433131695
2.0853091272292659,0,0.00063951424090191722,38,42,68,1.7832714319229126,2.1535153504155136,3.6179871228771403,-184.60251879282822,0,-96.595960359963811,387.59063386321606,112.16365718371667,-1.4210854715202004e-14,0.00056291441433131695,0.00069895852357149124
2.0853091272292659,0,0.00063951424090191722,38,42,69,3.62156081199646,-0.39877448979322494,2.2024389149459838,-686.77114031046972,0,-280.42582629600633,53.629750906795088,-911.76355127452825,0,0.00069895852357149124,0.00087491917656734586
2.0853091272292659,0,0.00063951424090191722,38,42,70,5.7629532814025879,-4.0866085221945561,1.7744285377387041,-14.17282074960878,0,-193.16209576043772,-505.10656643339524,-714.75366292789761,0,0.00087491917656734586,0.00093141070101410151
2.0853091272292659,0,0.00063951424090191722,38,42,71,3.9889318943023682,0.65366284598086188,1.9124021061329119,751.43612622853425,0,1121.5049692034174,-361.9251377861612,1513.5820225979044,2.2737367544323206e-13,0.00093141070101410151,0.00045987815246917307
2.0853091272292659,0,0.00063951424090191722,38,42,72,1.958365797996521,2.0818597202035067,1.3470785911529419,4.4951806131209979,0,840.10666282204295,177.13900908647318,1025.1697908329936,0,0.00045987815246917307,0.00049586658133193851
2.0853091272292659,0,0.00063951424090191722,38,42,73,4.1117258071899414,-0.85821698659233003,0.42128133006503915,-794.82696854244068,0,-570.91198423995547,185.07766767870197,-1181.0982207602215,0,0.00049586658133193851,0.00021695374744012952
2.0853091272292659,0,0.00063951424090191722,38,42,74,6.3508815765380859,-2.5979385571975606,0.70181675762605777,7.4458011366578951,0,-69.318425222478922,-688.93941486538677,-752.70816075077926,0,0.00021695374744012952,0.00063897488871589303
2.0853091272292659,0,0.00063951424090191722,38,42,75,3.8436965942382812,-0.86772073432676444,1.4552724362781384,795.92750954761868,0,1181.0639220568082,-429.27437005831831,1548.3046132480599,0,0.00063897488871589303,0.00062427303055301309
2.0853091272292659,0,0.00063951424090191722,38,42,76,2.001746654510498,2.0206973459262962,1.4032080035162287,164.90406507972179,0,711.53256730298642,74.965035677907551,954.82557341005838,1.1368683772161603e-13,0.00062427303055301309,0.00047178976819850504
2.0853091272292659,0,0.00063951424090191722,38,42,77,3.1509766578674316,0.37447899842455984,0.86661212834963064,-272.78019793076601,0,-495.1856664710678,38.984577361264741,-727.74019591379488,0,0.00047178976819850504,0.00039689702680334449
2.0853091272292659,0,0.00063951424090191722,38,42,78,5.1117563247680664,-1.3239231071622408,1.0219453923268265,118.89123601465799,0,-14.843136714144675,-288.70859035835008,-184.96246877267214,5.6843418860808015e-14,0.00039689702680334449,0.00053786486387252808
2.0853091272292659,0,0.00063951424090191722,38,42,79,3.8138236999511719,-1.0321090700807363,1.6569419713945071,617.58841865366992,0,1066.1968187013272,-349.18167822010673,1335.2283920362042,0,0.00053786486387252808,0.00079954334069043398
2.0853091272292659,0,0.00063951424090191722,38,42,80,2.4019763469696045,1.649138768797493,1.3784674314227539,-5.057940317496378,0,926.15558547638796,-129.56931713603569,794.55593422307606,-1.1368683772161603e-13,0.00079954334069043398,0.00018199245096184313
2.0853091272292659,0,0.00063951424090191722,38,42,81,3.2610542774200439,1.8613722812644407,0.80535190912780474,-457.86122091741061,0,-92.650118219447734,20.240708757832486,-527.60390618863357,0,0.00018199245096184313,0.00081390590639784932
2.0853091272292659,0,0.00063951424090191722,38,42,82,4.175959587097168,-1.144315377102153,0.95641813231567308,-339.16869369535419,0,-8.2164035274786382,-405.07104262025666,-752.64403708787597,0,0.00081390590639784932,0.00076213391730561852
2.0853091272292659,0,0.00063951424090191722,38,42,83,4.0653934478759766,-1.7521089681399566,1.7923726634513453,235.91766643720891,0,507.48808944866511,-268.8459129620523,474.60010661913316,5.6843418860808015e-14,0.00076213391730561852,0.00093901099171489477
2.0853091272292659,0,0.00063951424090191722,38,42,84,2.7785072326660156,0.14713640613789075,2.682506625468029,464.28738125150693,0,1013.930441255215,-282.42782670176706,1198.6196388365609,2.2737367544323206e-13,0.00093901099171489477,0.0009687900310382247
2.0853091272292659,0,0.00063951424090191722,38,42,85,1.8066033124923706,1.8799232276708051,2.8096788401250921,41.992983743813355,0,849.37383695355072,72.164471981804297,968.22089474696429,1.1368683772161603e-13,0.0009687900310382247,0.00072015315527096391
2.0853091272292659,0,0.00063951424090191722,38,42,86,2.647763729095459,0.77970151557723377,2.4082138419013193,-360.02603349064071,0,-42.03604352907692,83.563198686857135,-315.31096297538193,0,0.00072015315527096391,0.00077537074685096741
2.0853091272292659,0,0.00063951424090191722,38,42,87,3.6818785667419434,-1.9310605454505241,2.554029386796175,-300.47714656107786,0,125.48255206192975,-266.96992301013648,-441.34154866793892,0,0.00077537074685096741,0.00045434571802616119
2.0853091272292659,0,0.00063951424090191722,38,42,88,3.495100736618042,-1.5649835606840263,3.3828148415944956,245.77444273663301,0,522.80022365078878,-186.41531711182475,583.97718055650751,0,0.00045434571802616119,0.00073614338180050254
2.0853091272292659,0,0.00063951424090191722,38,42,89,2.6291303634643555,-0.3079343330265098,3.9954177619611806,365.17344868660683,0,476.29901087407757,-111.25530076125187,733.90464222836715,-1.1368683772161603e-13,0.00073614338180050254,0.00072933454066514969
2.0853091272292659,0,0.00063951424090191722,38,42,90,2.695382833480835,-0.1626719988975833,4.1111238233690317,242.23981222508414,0,126.7680078159452,-69.105922386113264,303.85034947938755,5.6843418860808015e-14,0.00072933454066514969,0.00072198768611997366
2.0853091272292659,0,0.00063951424090191722,38,42,91,2.9357602596282959,-0.57347550067258157,4.3105429247592397,342.14149653251167,0,359.67596302862779,-231.94386339717101,473.6106635880551,-5.6843418860808015e-14,0.00072198768611997366,0.00077820959268137813
2.0853091272292659,0,0.00063951424090191722,38,42,92,2.1550722122192383,0.13426255994595682,4.5750985435120111,177.27396702816506,0,509.07104917359248,-168.5594866772048,522.49489062801069,-1.1368683772161603e-13,0.00077820959268137813,0.00086498906603083014
2.0853091272292659,0,0.00063951424090191722,38,42,93,2.0646700859069824,-0.42615032205549747,4.731383224425084,-135.80198804544119,0,-184.42095935193333,-42.764704570614967,-358.68241906561991,0,0.00086498906603083014,0.0015041080769151449
2.0853091272292659,0,0.00063951424090191722,38,42,94,2.5596075057983398,-1.4664341324671279,5.1143994900776582,-79.930891432978811,0,-272.95504675577564,-180.96778826099134,-530.20576109213528,0,0.0015041080769151449,0.0011646748753264546
2.0853091272292659,0,0.00063951424090191722,38,42,95,2.0987405776977539,-1.1352026905812453,4.6027270432777749,129.11672337577619,0,146.27725944228746,-241.48747762195097,37.374029548809197,-3.5527136788005009e-14,0.0011646748753264546,0.00095888425130397081
2.0853091272292659,0,0.00063951424090191722,38,42,96,1.7649869918823242,0.49831401783108065,2.1041001036610303,28.472956795040144,0,442.92599964084081,-307.31992429804899,166.68144625932405,-5.6843418860808015e-14,0.00095888425130397081,0.00060786708490923047
2.0853091272292659,0,0.00063951424090191722,38,42,97,1.7912839651107788,0.52722314863939546,0.20516601283489025,15.427705920147057,0,439.41783878083925,-325.68799841190827,129.88993545055231,-2.8421709430404007e-14,0.00060786708490923047,0.00042109403875656426
2.0853091272292659,0,0.00063951424090191722,38,42,98,1.4801236391067505,0.11699784080099604,0.0047252751172296211,24.454602721764203,0,410.28164944914204,-292.22103855627824,142.63693673054621,0,0.00042109403875656426,0.00030683813383802772
2.0853091272292659,0,0.00063951424090191722,38,42,99,1.2368623018264771,0.093162460129038366,0.0026502222323214891,13.887619574486443,0,377.85651270969424,-257.96986867206027,133.87007629448178,2.8421709430404007e-14,0.00030683813383802772,0.00022471275588031858
2.0853091272292659,0,0.00063951424090191722,38,42,100,1.0523288249969482,0.044735705438101424,0.0018657937648946174,8.5920116110547866,0,346.99886399743838,-229.40986027650891,126.22761683118725,0,0.00022471275588031858,0.0001679848792264238
2.0853091272292659,0,0.00063951424090191722,38,42,101,0.90709620714187622,0.021978448060968051,0.0016951135341539384,5.6916275036587187,0,319.52411131532642,-205.39582812820981,119.84358425237042,-5.6843418860808015e-14,0.0001679848792264238,0.00013001865590922534
2.0853091272292659,0,0.00063951424090191722,38,42,102,0.78836393356323242,0.012007216771481357,0.0016004209957934865,3.9379198856515711,0,295.39879478693058,-185.03516711142882,114.31515519892059,-2.8421709430404007e-14,0.00013001865590922534,0.00010314734390703961
2.0853091272292659,0,0.00063951424090191722,38,42,103,0.68997955322265625,0.0072971184646744708,0.0015571663838947767,2.8041054100426779,0,274.07842249556307,-167.63556535400619,109.25581683644812,1.4210854715202004e-14,0.00010314734390703961,8.3067679952364415e-05
2.0853091272292659,0,0.00063951424090191722,38,42,104,0.60733544826507568,0.0044300374186942645,0.0015349544792892288,2.0425437100673163,0,255.32150547235398,-152.65281054824933,104.71720362606993,-2.8421709430404007e-14,8.3067679952364415e-05,6.7840868723578751e-05
2.0853091272292659,0,0.00063951424090191722,38,42,105,0.53780776262283325,0.0028771506845027533,0.0015033902405788744,1.5159467690734612,0,238.45726173777535,-139.6592873374716,100.31830171030232,1.4210854715202004e-14,6.7840868723578751e-05,5.5959721066756174e-05
2.0853091272292659,0,0.00063951424090191722,38,42,106,0.47842597961425781,0.0019274247026833452,0.0015676877375413577,1.1552045637430688,0,223.50041736557537,-128.31610961946873,96.343007422289958,2.8421709430404007e-14,5.5959721066756174e-05,4.6577981265727431e-05
2.0853091272292659,0,0.00063951424090191722,38,42,107,0.42711693048477173,0.0012760123842915265,0.0016132805662942278,0.8914400782541112,0,209.96468571157075,-118.35252268387136,92.506492398904101,1.4210854715202004e-14,4.6577981265727431e-05,3.9195670979097486e-05
2.0853091272292659,0,0.00063951424090191722,38,42,108,0.38273581862449646,0.00088465607154959356,0.0015852233862091965,0.69301089464775412,0,197.48200813505625,-109.55257518337281,88.624913725788957,1.4210854715202004e-14,3.9195670979097486e-05,3.3189295209012926e-05
2.0853091272292659,0,0.00063951424090191722,38,42,109,0.3440709114074707,0.00060021064907287141,0.0016366613126709386,0.55166854756506711,0,186.01738691013037,-101.74193090945465,84.829361420202531,0,3.3189295209012926e-05,2.8217989893164486e-05
2.0853091272292659,0,0.00063951424090191722,38,42,110,0.30988994240760803,0.00047645226017726226,0.0017138182023635517,0.44397248290694324,0,175.38278498750907,-94.779294116533421,81.049653624345126,-1.4210854715202004e-14,2.8217989893164486e-05,2.4162836780305952e-05
2.0853091272292659,0,0.00063951424090191722,38,42,111,0.27978545427322388,0.00030391450431614529,0.0017465514606156804,0.35757330338458859,0,165.27077227695017,-88.549652304576114,77.080743741723566,-1.4210854715202004e-14,2.4162836780305952e-05,2.077099634334445e-05
2.0853091272292659,0,0.00063951424090191722,38,42,112,0.25309249758720398,0.00024094637598708483,0.0017629180897417449,0.28986132504263534,0,155.6340016552634,-82.958497633199059,72.967369211572716,0,2.077099634334445e-05,1.7960157492780127e-05
2.0853091272292659,0,0.00063951424090191722,38,42,113,0.22939030826091766,0.00018966879861699129,0.0017675941679088424,0.2363861047071974,0,146.36678092225642,-77.926933764251572,68.678190525678559,-2.8421709430404007e-14,1.7960157492780127e-05,1.5568062735837884e-05
2.0853091272292659,0,0.00063951424090191722,38,42,114,0.20820359885692596,0.00014758320626005584,0.0018096797602657779,0.19514377791254592,0,137.39445447620596,-73.389765200348677,64.201790316736378,2.8421709430404007e-14,1.5568062735837884e-05,1.3472621503751725e-05
2.0853091272292659,0,0.00063951424090191722,38,42,115,0.18918251991271973,0.00010775565621145649,0.0018728080599158751,0.16194020973041123,0,128.60254573431993,-69.291536157438799,59.474930350327682,1.4210854715202004e-14,1.3472621503751725e-05,1.1717709639924578e-05
2.0853091272292659,0,0.00063951424090191722,38,42,116,0.17207464575767517,0.00010183020618614878,0.0019020342595426809,0.13367640046379414,0,119.82676111115813,-65.58634415880698,54.376097217280673,0,1.1717709639924578e-05,1.0244622899335809e-05
2.0853091272292659,0,0.00063951424090191722,38,42,117,0.15678970515727997,7.5022220188716043e-05,0.0019055414959386157,0.10972322987345418,0,111.01747001006939,-62.234484727132291,48.894689076526667,-1.4210854715202004e-14,1.0244622899335809e-05,8.9382820078753866e-06
2.0853091272292659,0,0.00063951424090191722,38,42,118,0.14316563308238983,5.8735765608475867e-05,0.0018985272009173577,0.089964194211383852,0,102.1609482895384,-59.204595053451101,43.048274693265199,0,8.9382820078753866e-06,7.8123484854586422e-06
2.0853091272292659,0,0.00063951424090191722,38,42,119,0.13103219866752625,4.0271621036335423e-05,0.0018470890966850041,0.073117752249500789,0,93.329917589071442,-56.469553065227259,36.935369636811402,0,7.8123484854586422e-06,6.8385998019948602e-06
2.0853091272292659,0,0.00063951424090191722,38,42,120,0.12035802006721497,4.9864301008003173e-05,0.0017675941679088424,0.059032449115395236,0,84.590773394657987,-54.007176448840156,30.644446853402151,7.1054273576010019e-15,6.8385998019948602e-06,5.9734711612691171e-06
2.0853091272292659,0,0.00063951424090191722,38,42,121,0.11095704883337021,3.1600148373894384e-05,0.0016577041977347121,0.047778187057871686,0,76.07208924259912,-51.798265386618141,24.323291347384959,7.1054273576010019e-15,5.9734711612691171e-06,5.2139976105536334e-06
2.0853091272292659,0,0.00063951424090191722,38,42,122,0.10276857018470764,3.667709927011312e-05,0.0015361234988310031,0.03869089471328746,0,67.950647920121384,-49.828967582923134,18.161944032509641,-3.5527136788005009e-15,5.2139976105536334e-06,4.5254641918290872e-06
2.0853091272292659,0,0.00063951424090191722,38,42,123,0.09568178653717041,3.9415833312171519e-05,0.0014168810167814547,0.030966696220390867,0,60.307361280216,-48.087306452459963,12.252477820826519,-1.7763568394002505e-15,4.5254641918290872e-06,3.9182891669042874e-06
2.0853091272292659,0,0.00063951424090191722,38,42,124,0.089702695608139038,2.9495255447437652e-05,0.0012520459726349535,0.023894918716336221,0,53.200679253258308,-46.563880142764418,6.6619755704383028,-5.3290705182007514e-15,3.9182891669042874e-06,3.3965125112445094e-06
2.0853091272292659,0,0.00063951424090191722,38,42,125,0.084774769842624664,2.4451369884973484e-05,0.0010240823621824374,0.01765031782313475,0,46.784724647487423,-45.24940330512031,1.5540201939223088,-3.5527136788005009e-15,3.3965125112445094e-06,2.9201585221017012e-06
2.0853091272292659,0,0.00063951424090191722,38,42,126,0.080867655575275421,4.0410193228064918e-05,0.00078676641762511477,0.012547453660406684,0,41.261270304077513,-44.137200274766805,-2.8625553404180355,-1.7763568394002505e-15,2.9201585221017012e-06,2.4690789359738119e-06
2.0853091272292659,0,0.00063951424090191722,38,42,127,0.077910564839839935,3.3348566781472917e-05,0.00046761754965073452,0.0070950782536561468,0,36.757130552734736,-43.22233129278839,-6.4576046956835631,8.8817841970012523e-16,2.4690789359738119e-06,2.0237885109963827e-06
2.0853091272292659,0,0.00063951424090191722,38,42,128,0.076260693371295929,3.4830934802821614e-05,3.5071314001672445e-05,0.0010252329824659129,0,33.639397053055895,-42.51495548601131,-8.8744632977241444,3.5527136788005009e-15,2.0237885109963827e-06,1.4706861293234397e-06
2.0853091272292659,0,0.00063951424090191722,38,42,129,0.075907602906227112,6.9126635626154401e-05,-0.00045358900405087174,-0.0050446122887243209,0,32.123019220114806,-42.021305804953975,-9.9037156594963154,5.3290705182007514e-15,1.4706861293234397e-06,7.8655858715137583e-07
2.0853091272292659,0,0.00063951424090191722,38,42,130,0.076947033405303955,0.00017492708176610763,-0.0014098668106455026,-0.019922140909280808,0,32.63942208315801,-41.742477384847653,-9.1242123823278014,3.5527136788005009e-15,7.8655858715137583e-07,6.7142656234864262e-07
2.0853091272292659,0,0.00063951424090191722,38,42,131,0.082400299608707428,-7.3288423413940269e-05,-0.0037713352608332328,-0.063622696786890337,0,35.565238958744111,-41.788007049568975,-6.2902354112960035,-8.8817841970012523e-16,6.7142656234864262e-07,3.2256653526019363e-07
2.0853091272292659,0,0.00063951424090191722,38,42,132,0.097923092544078827,-4.6536790700379578e-06,-0.0027215340243052304,-0.051541258118513622,0,44.311862693779638,-42.425387404543152,1.8322078434145939,-6.8833827526759706e-15,3.2256653526019363e-07,3.2256653526019363e-07
2.0859486414701678,0,0.00070346565917134285,38,42,0,0.0091868136078119278,0,4.8340066499810348,0.077972781811646533,0,-387.08400251277402,35.267358231155356,-346.90464763904492,1.7210781038556888e-05,0.00077133119339123368,0.00077133119339123368
2.0859486414701678,0,0.00070346565917134285,38,42,1,0.020175425335764885,-0.17694668828164251,9.7027830494988692,-9.5243191646681193,0,216.2023193513389,10.173446280187544,226.37729341932547,1.0591249917979439e-05,0.00077133119339123368,0.000526554009411484
2.0859486414701678,0,0.00070346565917134285,38,42,2,0.19673947989940643,-0.41877140177178374,9.6931052948968048,-3.124503452416493,0,-187.4293249203505,10.625152497449825,-170.65435257344205,-1.0591249917979439e-05,0.000526554009411484,0.00038753979606553912
2.0859486414701678,0,0.00070346565917134285,38,42,3,0.2208913266658783,-0.17414662658761182,9.6216474556838936,18.735010237104987,0,-49.90609665442274,11.685855584335807,-10.037730003885665,0,0.00038753979606553912,0.00040320405969396234
2.0859486414701678,0,0.00070346565917134285,38,42,4,-0.1239127516746521,0.36264836851724486,9.3186860760147248,-9.5889469715975775,0,252.02692560507481,12.938588623276523,265.05789111003583,-1.0591249917979439e-05,0.00040320405969396234,0.00042730776476673782
2.0859486414701678,0,0.00070346565917134285,38,42,5,0.57237499952316284,-0.45970393484792621,8.5715846032352303,-77.924909362069158,0,-826.06640051738259,15.765435588320765,-880.11399891836857,-5.2956248737245915e-06,0.00042730776476673782,0.00030809629242867231
2.0859486414701678,0,0.00070346565917134285,38,42,6,1.3145397901535034,-1.3939302870692092,7.2450451154148361,7.5890965730025064,0,-1248.7061609962659,20.340156525434555,-1214.9257930694832,0,0.00030809629242867231,0.00058959249872714281
2.0859486414701678,0,0.00070346565917134285,38,42,7,1.1973632574081421,-1.3490988501212366,5.3027700752177331,109.5892726525322,0,-304.26915543387383,24.608811522750337,-166.11740003349482,-2.8421709430404007e-14,0.00058959249872714281,0.00072532024933025241
2.0859486414701678,0,0.00070346565917134285,38,42,8,0.9195740818977356,0.29989554379779715,3.6206462515911699,110.91885580079447,0,306.78377235167449,27.066489881053645,448.6896598289116,0,0.00072532024933025241,0.0004908153205178678
2.0859486414701678,0,0.00070346565917134285,38,42,9,0.45002856850624084,0.89980048732988638,2.8185331648441996,10.507748492236283,0,1045.3231516117567,27.484208777365968,1087.0334848985326,4.2364999671917758e-05,0.0004908153205178678,0.0004982912796549499
2.0859486414701678,0,0.00070346565917134285,38,42,10,0.96036529541015625,0.11180553670827925,2.3843402412554338,-158.4107829515298,0,-201.85481911800042,27.156303680260756,-330.61315261130574,0,0.0004982912796549499,0.00046925403876230121
2.0859486414701678,0,0.00070346565917134285,38,42,11,2.9204809665679932,-1.7737037137555844,1.9858676318825748,-129.55521913627032,0,-2707.9675563537239,29.367671930738521,-2807.9429396411288,0,0.00046925403876230121,0.00031684752320870757
2.0859486414701678,0,0.00070346565917134285,38,42,12,2.0390985012054443,-0.60955390317346947,2.1058856899636655,222.10850867919831,0,-12.900311846114434,31.211481444461139,241.91601006433521,2.8421709430404007e-14,0.00031684752320870757,0.00059628335293382406
2.0859486414701678,0,0.00070346565917134285,38,42,13,0.42366120219230652,0.68665638212170532,2.6115012037617471,-35.539489806252945,0,1714.0333187482995,28.985285444114275,1710.7773567020436,8.4729999343835516e-05,0.00059628335293382406,0.00023498023801948875
2.0859486414701678,0,0.00070346565917134285,38,42,14,2.5586354732513428,-0.17803742153373214,2.7138368391473779,-164.05219103172675,0,-2041.9655294532731,27.935819673379093,-2175.5461013940071,0,0.00023498023801948875,0.00026999317924492061
2.0859486414701678,0,0.00070346565917134285,38,42,15,2.6109838485717773,-0.56780882264356269,3.0849676404217701,228.2721077447853,0,-792.23261032607149,27.780255394752434,-533.66308836875555,0,0.00026999317924492061,0.00058685848489403725
2.0859486414701678,0,0.00070346565917134285,38,42,16,1.1873713731765747,0.86490761451292497,3.7842274444439297,54.065534682702705,0,1041.9969907611203,25.630316393732365,1126.3419768965123,2.2737367544323206e-13,0.00058685848489403725,0.00013953020970802754
2.0859486414701678,0,0.00070346565917134285,38,42,17,1.5228573083877563,0.61310859142333818,4.1321102866852764,-159.24969467412379,0,-156.0440198824239,22.962507637284112,-287.58598804115496,0,0.00013953020970802754,0.00056799314916133881
2.0859486414701678,0,0.00070346565917134285,38,42,18,2.0888481140136719,-0.82554391032918262,5.2040513516751714,20.359263140265881,0,-1056.3861781540907,20.408914919827549,-1011.2394926526514,-1.1368683772161603e-13,0.00056799314916133881,0.00063513149507343769
2.0859486414701678,0,0.00070346565917134285,38,42,19,1.4648048877716064,-0.72125220347644536,6.7848698699460703,234.91426184614753,0,-403.85164571474718,18.50740427661432,-144.36636192551572,-2.8421709430404007e-14,0.00063513149507343769,0.00082563498290255666
2.0859486414701678,0,0.00070346565917134285,38,42,20,0.64875364303588867,0.77136073069033106,7.7095190844394015,100.35768504402981,0,585.04912155511317,14.67252451046912,708.56021092474191,1.1368683772161603e-13,0.00082563498290255666,0.00080543739022687078
2.0859486414701678,0,0.00070346565917134285,38,42,21,0.25328770279884338,0.9364346278267881,8.1711506267703111,-12.815751306860946,0,684.7721789047456,13.31294694247164,694.37695979495345,1.1368683772161603e-13,0.00080543739022687078,0.00057198252761736512
2.0859486414701678,0,0.00070346565917134285,38,42,22,0.83936524391174316,-0.31006413663771504,8.5412446439718241,-124.44023854142601,0,-356.23355559512567,12.947591185697046,-459.4950224435205,5.6843418860808015e-14,0.00057198252761736512,0.00046101398766040802
2.0859486414701678,0,0.00070346565917134285,38,42,23,1.2592927217483521,-1.145824962384514,8.9043815338910068,-6.9046476390449074,0,-757.07889620641288,11.127251881767229,-745.09773539218406,0,0.00046101398766040802,0.00055395934032276273
2.0859486414701678,0,0.00070346565917134285,38,42,24,0.82047086954116821,-0.33940322278495594,9.214701184432716,123.7973073071019,0,102.2619070472191,5.9433857975310476,240.87789811349981,0,0.00055395934032276273,0.00059892411809414625
2.0859486414701678,0,0.00070346565917134285,38,42,25,0.54406917095184326,0.18756441631290788,9.3326982996410237,-4.3850316512883927,0,245.77851181023658,4.802496357602962,255.71623923250507,0,0.00059892411809414625,0.00042034510988742113
2.0859486414701678,0,0.00070346565917134285,38,42,26,0.94243615865707397,-0.63047195271536483,9.1088098678675387,-91.48611520234914,0,-284.70525279658642,4.9693297261301357,-362.74370035765327,0,0.00042034510988742113,0.001233086921274662
2.0859486414701678,0,0.00070346565917134285,38,42,27,1.0892864465713501,-1.2592850509141242,8.8017801243280349,39.878851987944508,0,-112.80647072413038,6.2732396846190559,-59.111883978152896,7.1054273576010019e-15,0.001233086921274662,0.0011203563772141933
2.0859486414701678,0,0.00070346565917134285,38,42,28,0.87935054302215576,-1.2315194273311176,8.5572751626584296,-31.085318475574923,0,138.21411667982849,5.5746408407863735,120.02919478036726,1.4210854715202004e-14,0.0011203563772141933,0.00080370629439130425
2.0859486414701678,0,0.00070346565917134285,38,42,29,1.519397497177124,-1.177694695306289,7.9979512550962113,-72.9123673363205,0,-498.81906239636294,5.2463120936849013,-559.66486107920866,0,0.00080370629439130425,0.00068888184614479542
2.0859486414701678,0,0.00070346565917134285,38,42,30,1.5199087858200073,-1.3117263009199163,7.2512992484846235,29.843939256533975,0,171.49046820606071,5.990241487117399,213.2642218972768,0,0.00068888184614479542,0.00086122582433745265
2.0859486414701678,0,0.00070346565917134285,38,42,31,1.614615797996521,-1.1830187842436624,5.5588148656135878,-134.15402457567151,0,59.817007031927986,4.5032300002449226,-65.457991462128675,1.4210854715202004e-14,0.00086122582433745265,0.00075349753024056554
2.0859486414701678,0,0.00070346565917134285,38,42,32,2.3233120441436768,-0.83143198332407697,3.6868329581162405,-16.411184095120014,0,-534.15164154444255,2.229754660315447,-545.47767000445492,1.1368683772161603e-13,0.00075349753024056554,0.00066913483897224069
2.0859486414701678,0,0.00070346565917134285,38,42,33,1.5943255424499512,-0.14489591118177828,3.3927662425091731,46.311722991154319,0,433.73947511089369,2.3853189389421061,485.68438737231753,5.6843418860808015e-14,0.00066913483897224069,0.00084127270383760333
2.0859486414701678,0,0.00070346565917134285,38,42,34,2.2712442874908447,-1.2677987609561516,3.4013001421213347,-155.97369398304474,0,-1304.2124445862496,2.2182313804171763,-1455.8344058077118,2.2737367544323206e-13,0.00084127270383760333,0.0012474332470446825
2.0859486414701678,0,0.00070346565917134285,38,42,35,2.7921724319458008,-1.6046316197794239,3.2280584054476096,69.306089108157181,0,-1282.0609725018055,1.6649444853016619,-1209.4665121226785,0,0.0012474332470446825,0.00062667689053341746
2.0859486414701678,0,0.00070346565917134285,38,42,36,1.285596489906311,-1.8327416575703275,3.1441925859926747,170.12004519815898,0,1043.1142405312571,-0.95473763157145686,1213.5909990262669,0,0.00062667689053341746,0.0015159855829551816
2.0859486414701678,0,0.00070346565917134285,38,42,37,0.7879827618598938,3.7843603315326,2.3605981342189382,1.1301287300230822,0,1043.3735990589676,-2.5059744578769441,1048.1427117968651,-2.2737367544323206e-13,0.0015159855829551816,0.00060610030777752399
2.0859486414701678,0,0.00070346565917134285,38,42,38,0.60056310892105103,0.50161781342321776,1.3005892706666728,-92.990326879069769,0,164.54455705738008,0.59421148475422669,73.950648747154432,1.4210854715202004e-14,0.00060610030777752399,0.00042776498594321311
2.0859486414701678,0,0.00070346565917134285,38,42,39,2.665149450302124,-0.57360856626911971,0.56106852637982474,-71.125411652095977,0,-2961.0948704590842,-0.40695818640732229,-3032.639865067476,-8.4729999343835516e-05,0.00042776498594321311,0.00032386160455644131
2.0859486414701678,0,0.00070346565917134285,38,42,40,1.4402867555618286,0.21638498630749972,0.55245502690508452,143.75884783087892,0,691.13938415853511,-2.8652296547053946,832.80184234792125,1.1368683772161603e-13,0.00032386160455644131,0.0002862483961507678
2.0859486414701678,0,0.00070346565917134285,38,42,41,-0.15868945419788361,2.0649542325613415,0.94995096582269856,2.4086620537360304,0,2355.7571505830815,-2.1097769813746252,2359.0708773063275,-6.3547499394189799e-05,0.0002862483961507678,0.00063931284239515662
2.0859486414701678,0,0.00070346565917134285,38,42,42,1.1723239421844482,0.00029175583726809301,0.81531921696241627,-163.67649821504341,0,-514.4585256582958,-0.84797783251394565,-678.16739073305348,0,0.00063931284239515662,0.00037839385913684964
2.0859486414701678,0,0.00070346565917134285,38,42,43,2.9643056392669678,-1.8867145016055673,0.71981295190712002,-28.566549787810928,0,-2182.8091569298881,-0.45889767594879394,-2213.0015059433463,0,0.00037839385913684964,0.00050639797700569034
2.0859486414701678,0,0.00070346565917134285,38,42,44,1.7387149333953857,-1.1305177929688663,1.1877952724632137,202.30287135404495,0,666.28468617795545,-1.5224286265598097,867.12240638493506,1.1368683772161603e-13,0.00050639797700569034,0.00084335362771525979
2.0859486414701678,0,0.00070346565917134285,38,42,45,0.26323187351226807,2.1859636481825082,1.6161679732517984,11.060103357360026,0,2022.5227059849167,-1.1584285497732481,2036.2264276839385,-8.472999911646184e-05,0.00084335362771525979,0.00051227136282250285
2.0859486414701678,0,0.00070346565917134285,38,42,46,1.1225405931472778,0.14596546193405491,1.6443794222605566,-185.46947767265226,0,58.265854935621746,1.0116761910687961,-124.40160166176712,-1.4210854715202004e-14,0.00051227136282250285,0.00034472194965928793
2.0859486414701678,0,0.00070346565917134285,38,42,47,3.1363615989685059,-1.4090949710759584,1.4314636908784846,-158.06720280456298,0,-2809.0575627812887,2.715088096030863,-2964.3873087700181,4.5474735088646412e-13,0.00034472194965928793,0.0003434692625887692
2.0859486414701678,0,0.00070346565917134285,38,42,48,2.822134256362915,-1.1442366058750988,1.5800877220273506,303.8831255572818,0,-764.8187274480847,3.848097646028513,-456.65165312862212,0,0.0003434692625887692,0.0006091910763643682
2.0859486414701678,0,0.00070346565917134285,38,42,49,0.98386627435684204,1.629290366397671,2.1710195600527178,115.3648930515443,0,1871.0705436819553,5.3040979531747601,1995.5398446131248,0,0.0006091910763643682,0.00063943886198103428
2.0859486414701678,0,0.00070346565917134285,38,42,50,0.81346911191940308,1.7471987798880109,2.4458346930953656,-96.462477518417188,0,856.15707353173832,7.6829774121737149,771.57060689847822,0,0.00063943886198103428,0.0007460067281499505
2.0859486414701678,0,0.00070346565917134285,38,42,51,2.5173704624176025,-1.3689077972119859,2.489716227317349,-284.14578061152554,0,-1528.7584658839291,9.4250261967946898,-1802.3584118685546,0,0.0007460067281499505,0.00067275395849719644
2.0859486414701678,0,0.00070346565917134285,38,42,52,3.1558563709259033,-1.9258334486235016,2.8741316002518071,87.126163630839343,0,-1237.4721493154411,8.8495400418751551,-1140.5481474910985,0,0.00067275395849719644,0.00032364195794798434
2.0859486414701678,0,0.00070346565917134285,38,42,53,1.742795467376709,-0.12054232495146229,3.6886920534513905,264.7709106025693,0,1003.6327722398045,9.4619684764685594,1281.4338010473423,0,0.00032364195794798434,0.0011472607729956508
2.0859486414701678,0,0.00070346565917134285,38,42,54,0.80959892272949219,2.6094896937209113,4.4538572339229789,-16.591150613531248,0,1585.526718082772,12.271106871669135,1588.2701059985529,8.472999911646184e-05,0.0011472607729956508,0.0009069760562852025
2.0859486414701678,0,0.00070346565917134285,38,42,55,1.8434329032897949,-1.2749210455417126,4.8412067140580968,-282.12259768938645,0,-369.91440019434941,15.501522823150619,-632.96918939206887,0,0.0009069760562852025,0.00022484120563603938
2.0859486414701678,0,0.00070346565917134285,38,42,56,3.1756877899169922,-1.6492247536045002,4.9574228443993142,-104.78660683493074,0,-1686.7373800292717,18.621620315606009,-1769.5941684578015,2.2737367544323206e-13,0.00022484120563603938,0.00063314038561657071
2.0859486414701678,0,0.00070346565917134285,38,42,57,2.2422587871551514,-0.88442629516092408,5.3297009759174836,342.67760301479927,0,222.44200595625418,21.847799767124894,591.41268341893488,0,0.00063314038561657071,0.0011543761938810349
2.0859486414701678,0,0.00070346565917134285,38,42,58,1.004538893699646,1.9252284234725929,5.7743560685545132,23.532740532250024,0,1432.2454045559584,25.868068771633457,1489.3457983518692,2.2737367544323206e-13,0.0011543761938810349,0.00052675796905532479
2.0859486414701678,0,0.00070346565917134285,38,42,59,1.9241440296173096,0.012727372622016163,5.816527115916597,-360.86777817421415,0,-366.7036416026944,33.588666303475058,-688.1534989848949,0,0.00052675796905532479,0.00056708109332248569
2.0859486414701678,0,0.00070346565917134285,38,42,60,3.4094207286834717,-2.3923230648958977,5.7896571149038083,-91.788008189683993,0,-1896.9802996132207,44.655759885773371,-1940.7152138671236,-2.2737367544323206e-13,0.00056708109332248569,0.00090128206647932529
2.0859486414701678,0,0.00070346565917134285,38,42,61,2.6142101287841797,-0.91222965007172263,5.9970463651823254,458.58620847154361,0,-43.625782014866147,42.73510026272919,462.78034343451731,5.6843418860808015e-14,0.00090128206647932529,0.00046502682380378246
2.0859486414701678,0,0.00070346565917134285,38,42,62,1.31586754322052,0.64364415783345397,6.2771021810693322,181.16510898065178,0,1679.7335982911018,43.059446699865823,1910.8789003105221,-2.2737367544323206e-13,0.00046502682380378246,0.0010049015982076526
2.0859486414701678,0,0.00070346565917134285,38,42,63,1.111296534538269,0.73929108792657083,6.1872168909253507,-121.74870538518721,0,1004.5166755920012,63.123849442734766,952.81832762840065,-1.1368683772161603e-13,0.0010049015982076526,0.00025356741389259696
2.0859486414701678,0,0.00070346565917134285,38,42,64,2.367572546005249,-0.16649643438952366,5.9274585435310296,-446.25833250037567,0,-308.06302588038108,58.755001221303502,-689.80539505031174,0,0.00025356741389259696,0.00067006936296820641
2.0859486414701678,0,0.00070346565917134285,38,42,65,3.7838826179504395,-3.4529242110015286,5.6491257916131863,-441.6978250206364,0,-1599.6823895978039,4.178205723114278,-2035.0058073147143,0,0.00067006936296820641,0.0010837047593668103
2.0859486414701678,0,0.00070346565917134285,38,42,66,4.2059612274169922,-4.0759134456579513,5.3102600747609854,208.95231223534287,0,-1251.407522832418,-4.7235279983001046,-1045.9443919662722,0,0.0010837047593668103,0.00099767243955284357
2.0859486414701678,0,0.00070346565917134285,38,42,67,2.8903887271881104,0.39747140528013525,4.9469580275385736,425.24800404585744,0,740.15687494580254,-2.3117732995913762,1168.4375351248873,0,0.00099767243955284357,0.00054110836936160922
2.0859486414701678,0,0.00070346565917134285,38,42,68,1.85500168800354,1.8034770411489918,4.0650921670425459,-35.682852964987312,0,1829.3462723103025,-1.6603690653420544,1797.8716194881647,0,0.00054110836936160922,0.00081747019430622458
2.0859486414701678,0,0.00070346565917134285,38,42,69,3.0384750366210938,0.76922659383417147,2.8883980138758614,-559.84533597761538,0,197.86657805320911,-9.2643781182129121,-367.58551143490917,5.6843418860808015e-14,0.00081747019430622458,0.00082295690663158894
2.0859486414701678,0,0.00070346565917134285,38,42,70,5.3058581352233887,-2.9809860586053576,1.7845984691672165,-334.39948208787956,0,-2355.8251040424816,-22.747632359181058,-2714.1686060789802,0,0.00082295690663158894,0.00063899590168148279
2.0859486414701678,0,0.00070346565917134285,38,42,71,4.9568891525268555,-1.5296396956074776,1.2585036980011002,558.60319418858114,0,-140.87413027634557,-30.133376933978781,387.32455098065043,0,0.00063899590168148279,0.00069832563167437911
2.0859486414701678,0,0.00070346565917134285,38,42,72,2.6139764785766602,1.7335511269420878,1.4085761653188198,191.90090826587479,0,2777.0921538034831,-20.841546296008225,2951.2936430656109,4.5474735088646412e-13,0.00069832563167437911,0.00031667310395278037
2.0859486414701678,0,0.00070346565917134285,38,42,73,3.3563966751098633,0.17700717424790541,1.2274772933531302,-489.05477728256329,0,218.42817643168877,-14.637954670774306,-283.86007105404781,0,0.00031667310395278037,0.0003103238414041698
2.0859486414701678,0,0.00070346565917134285,38,42,74,5.869513988494873,-1.6099208734339017,0.67721304166796303,-277.49684811022314,0,-2895.8758175948465,-21.885758806789784,-3196.1911323436252,4.5474735088646412e-13,0.0003103238414041698,0.00033015612279996276
2.0859486414701678,0,0.00070346565917134285,38,42,75,4.8338594436645508,-1.1238674809572637,0.66158060503839,601.36473021107702,0,98.517264730277276,-32.666464991616365,666.75324307381902,0,0.00033015612279996276,0.00040811768849380314
2.0859486414701678,0,0.00070346565917134285,38,42,76,2.6123712062835693,1.11683348436897,1.0231073767393646,317.80765363435432,0,2468.4004313286523,-31.481600682076493,2756.8664251420387,0,0.00040811768849380314,0.00014317617751657963
2.0859486414701678,0,0.00070346565917134285,38,42,77,2.6855764389038086,0.98747866028632125,1.0023206421474817,-215.18640666030751,0,879.69769395391882,-26.047018530053666,640.45406806599146,1.1368683772161603e-13,0.00014317617751657963,0.00036296338657848537
2.0859486414701678,0,0.00070346565917134285,38,42,78,4.9934701919555664,-0.97505868214401314,0.76357260401103877,-181.60689119675166,0,-2029.036409407413,-30.788848208192199,-2241.6436348904899,0,0.00036296338657848537,0.00028010120149701834
2.0859486414701678,0,0.00070346565917134285,38,42,79,4.6677212715148926,-1.6826864010337059,0.97976632723917223,547.30156796835331,0,-436.07819255024719,-41.557692193123501,68.962763151188113,2.8421709430404007e-14,0.00028010120149701834,0.00083262851694598794
2.0859486414701678,0,0.00070346565917134285,38,42,80,2.9101061820983887,1.4408114618506489,1.4949135522324037,212.28525148591928,0,1683.7904706552872,-41.265543155702623,1857.745903999587,0,0.00083262851694598794,0.00026177975814789534
2.0859486414701678,0,0.00070346565917134285,38,42,81,2.9236440658569336,1.5621871857791287,1.5514708267331092,-267.03574348257507,0,528.90973541071878,-37.448626149398848,227.53902379125705,-5.6843418860808015e-14,0.00026177975814789534,0.00060674361884593964
2.0859486414701678,0,0.00070346565917134285,38,42,82,3.6946330070495605,0.094968262657702057,1.3949240441893425,-414.05245978469316,0,-515.43664876966079,-35.423918087273222,-963.42313433478012,0,0.00060674361884593964,0.0007210836629383266
2.0859486414701678,0,0.00070346565917134285,38,42,83,4.3689069747924805,-1.240042570205093,1.4881320080149283,-62.063707692093828,0,-1047.4336064331253,-34.113653378840404,-1143.3628780662496,0,0.0007210836629383266,0.00069662218447774649
2.0859486414701678,0,0.00070346565917134285,38,42,84,3.545041561126709,-0.60126757402787223,1.9715211219311026,391.10317002729232,0,511.90272996085872,-32.402107393950146,871.97404614210416,0,0.00069662218447774649,0.00094933528453111649
2.0859486414701678,0,0.00070346565917134285,38,42,85,2.4257943630218506,1.3794896142865369,2.6851779098300699,191.17833083225381,0,1742.7608555346894,-30.276740092713155,1907.7271137983466,0,0.00094933528453111649,0.00066072825575247407
2.0859486414701678,0,0.00070346565917134285,38,42,86,2.4461178779602051,1.039074430670671,2.9415409341879588,-198.07298033138696,0,831.99300977506175,-29.405037860408651,608.49560694812476,0,0.00066072825575247407,0.0007234016084112227
2.0859486414701678,0,0.00070346565917134285,38,42,87,3.3996343612670898,-1.0058301520969681,2.8925977754403478,-378.7990184559149,0,-214.9698367822194,-28.763462306072558,-620.64554992086346,1.1368683772161603e-13,0.0007234016084112227,0.00051733554573729634
2.0859486414701678,0,0.00070346565917134285,38,42,88,3.8685624599456787,-1.4284534590691218,3.1067852842525987,42.619528543749475,0,-469.30760365689383,-27.994113912864464,-453.00385720082534,0,0.00051733554573729634,0.00072103703860193491
2.0859486414701678,0,0.00070346565917134285,38,42,89,3.0984728336334229,-0.57133537788586741,3.4538499524386683,339.31280528450412,0,697.35500744366277,-26.163945929021416,1013.3863813736983,0,0.00072103703860193491,0.00067422795109450817
2.0859486414701678,0,0.00070346565917134285,38,42,90,2.8896994590759277,-0.21883077896657202,3.6666639085286703,194.47873376311742,0,544.38855059406978,-23.100109156069347,719.21500833068001,1.1368683772161603e-13,0.00067422795109450817,0.00057550391647964716
2.0859486414701678,0,0.00070346565917134285,38,42,91,3.2386410236358643,-0.5224249858176544,3.8529917964149942,281.34291223626963,0,77.494396235869786,-21.242488652468655,340.92538663026806,-5.6843418860808015e-14,0.00057550391647964716,0.00068504083901643753
2.0859486414701678,0,0.00070346565917134285,38,42,92,2.4892151355743408,-0.017856847342357519,4.3377311292059675,277.53921310984913,0,1133.9663211492036,-19.130678151111983,1396.6947303898044,0,0.00068504083901643753,0.00074816617416217923
2.0859486414701678,0,0.00070346565917134285,38,42,93,1.8352875709533691,-0.11524802390445103,4.980444580953888,-13.132980424060408,0,780.83354460670387,-15.799433500520626,756.76632723917226,0,0.00074816617416217923,0.0013290588976815343
2.0859486414701678,0,0.00070346565917134285,38,42,94,2.2205333709716797,-1.0032498588384973,5.332952820615338,-109.04683119732094,0,-571.52570529449963,-13.613738439816215,-689.85657196985994,0,0.0013290588976815343,0.0011878610821440816
2.0859486414701678,0,0.00070346565917134285,38,42,95,2.1226418018341064,-1.1022608346831662,4.6897290030125482,46.117182912871748,0,-639.6853975127774,-13.887585797398657,-603.86833222897485,0,0.0011878610821440816,0.00092537020100280643
2.0859486414701678,0,0.00070346565917134285,38,42,96,1.8715821504592896,-0.059833776952248688,2.2848435573095842,32.89659166958478,0,64.856408467439522,-16.677405752769776,83.300604164611855,0,0.00092537020100280643,0.00068206939613446593
2.0859486414701678,0,0.00070346565917134285,38,42,97,1.8743504285812378,0.62477249498735998,0.29200609691920398,19.915277944185437,0,7.3811691548381164,-17.933273801682816,10.2799518892473,0,0.00068206939613446593,0.00044756513671018183
2.0859486414701678,0,0.00070346565917134285,38,42,98,1.5713419914245605,0.15698033808019571,0.0012953005225271748,26.486936686170012,0,60.129999649164844,-16.478629174524603,70.296582799412974,-1.4210854715202004e-14,0.00044756513671018183,0.00032244378235191107
2.0859486414701678,0,0.00070346565917134285,38,42,99,1.3224741220474243,0.10211657455791565,6.7804539987884597e-05,15.21462704568337,0,81.342324421899789,-14.788096229448838,81.871039617232228,0,0.00032244378235191107,0.00023663596948608756
2.0859486414701678,0,0.00070346565917134285,38,42,100,1.133053183555603,0.049110717691420606,-0.00013677812376866377,9.4429889566361123,0,88.851096955611411,-13.355142482099133,84.987917369716044,1.4210854715202004e-14,0.00023663596948608756,0.0001767434150679037
2.0859486414701678,0,0.00070346565917134285,38,42,101,0.98373788595199585,0.024146373248327243,-0.0002525134592652254,6.2705283246429921,0,92.912460009757183,-12.124523972963187,87.082358221226059,1.4210854715202004e-14,0.0001767434150679037,0.00013681655400432646
2.0859486414701678,0,0.00070346565917134285,38,42,102,0.86147010326385498,0.013126797190597785,-0.0002478373042948532,4.3665605114514578,0,94.84989617265326,-11.05667179239032,88.172663851600703,0,0.00013681655400432646,0.00010866853699553758
2.0859486414701678,0,0.00070346565917134285,38,42,103,0.75985020399093628,0.007850156340915123,-0.00022445640823575593,3.1334848323372042,0,95.384203547936323,-10.12311666063186,88.40219741957435,1.4210854715202004e-14,0.00010866853699553758,8.7709777290001512e-05
2.0859486414701678,0,0.00070346565917134285,38,42,104,0.67430359125137329,0.0049354340963534199,-0.00019055413824181362,2.3038934096609411,0,95.855895453772177,-9.3017440478830409,88.862789695508184,0,8.7709777290001512e-05,7.1836198912933469e-05
2.0859486414701678,0,0.00070346565917134285,38,42,105,0.60196274518966675,0.0031257089734463093,-0.00016015899962655501,1.7278141447466409,0,95.759557444622658,-8.5753537642957056,88.914983375047413,1.4210854715202004e-14,7.1836198912933469e-05,5.9501246141735464e-05
2.0859486414701678,0,0.00070346565917134285,38,42,106,0.54003870487213135,0.0020008381073125091,-0.00013677812376866377,1.3306846382525497,0,95.91698578323286,-7.9299653599932745,89.319569121475681,0,5.9501246141735464e-05,4.9741051043383777e-05
2.0859486414701678,0,0.00070346565917134285,38,42,107,0.48627614974975586,0.001385795703565354,-7.2480715159462856e-05,1.0429839257924076,0,96.633039006911446,-7.3542250150759827,90.323111232616284,1.4210854715202004e-14,4.9741051043383777e-05,4.2035633669001982e-05
2.0859486414701678,0,0.00070346565917134285,38,42,108,0.43941271305084229,0.00095774895521560314,-2.5718963443680365e-05,0.82416870272413567,0,97.454072699663271,-6.838642969627605,91.440530462751568,-1.4210854715202004e-14,4.2035633669001982e-05,3.5799363104160875e-05
2.0859486414701678,0,0.00070346565917134285,38,42,109,0.39832049608230591,0.00068134712539462752,-3.5071313786836864e-06,0.66563887412365685,0,98.406564986254537,-6.3754240637169595,92.697457636655258,1.4210854715202004e-14,3.5799363104160875e-05,3.0630890250904486e-05
2.0859486414701678,0,0.00070346565917134285,38,42,110,0.36172235012054443,0.00045694206862459711,5.143792688736073e-05,0.54659322517460673,0,99.925773872842782,-5.9581711824005197,94.514704295612376,0,3.0630890250904486e-05,2.6381976567790844e-05
2.0859486414701678,0,0.00070346565917134285,38,42,111,0.32907968759536743,0.00037978517829355602,0.00012859481721840183,0.45135670601536659,0,101.524501863729,-5.5813768757269075,96.394990074012981,0,2.6381976567790844e-05,2.2817230274085887e-05
2.0859486414701678,0,0.00070346565917134285,38,42,112,0.29975616931915283,0.00026610850730099123,0.00019990648858497011,0.37573518168296283,0,103.27591331326732,-5.2405504537357652,98.411564056210409,0,2.2817230274085887e-05,1.9851682736771181e-05
2.0859486414701678,0,0.00070346565917134285,38,42,113,0.27331098914146423,0.00020181107849058429,0.00026420391739537708,0.31502613721890987,0,105.06384339248326,-4.931667241462625,100.44766830323543,-1.4210854715202004e-14,1.9851682736771181e-05,1.7339954865747131e-05
2.0859486414701678,0,0.00070346565917134285,38,42,114,0.24926155805587769,0.00015752714610269309,0.00032967034959626649,0.26783152763554979,0,106.97799998808485,-4.6514651339362842,102.59485357927981,0,1.7339954865747131e-05,1.5120133866730612e-05
2.0859486414701678,0,0.00070346565917134285,38,42,115,0.22721758484840393,0.00011104481746870285,0.00041851767785625326,0.23025377296729091,0,109.04151438986788,-4.3970633111821753,104.87523441414832,0,1.5120133866730612e-05,1.3221450899436604e-05
2.0859486414701678,0,0.00070346565917134285,38,42,116,0.20684893429279327,9.5237050531763489e-05,0.00051905544404518553,0.19799282575209459,0,111.22280349061118,-4.1660469682216164,107.25536364063625,1.4210854715202004e-14,1.3221450899436604e-05,1.1621788871707395e-05
2.0859486414701678,0,0.00070346565917134285,38,42,117,0.18805855512619019,8.4105458766402371e-05,0.00061491703506253966,0.16979891850099393,0,113.32122665208604,-3.9562554900736822,109.53546910300719,1.4210854715202004e-14,1.1621788871707395e-05,1.0191491128352936e-05
2.0859486414701678,0,0.00070346565917134285,38,42,118,0.17069561779499054,5.9974633335892884e-05,0.00070259535993204389,0.14539667871641995,0,115.28060788478838,-3.7660366417529576,111.66073049174511,0,1.0191491128352936e-05,8.9534378275857307e-06
2.0859486414701678,0,0.00070346565917134285,38,42,119,0.15465289354324341,7.2223917428423015e-05,0.00077507607509150677,0.12336687891090177,0,117.10031171372381,-3.5938017357734688,113.63072415685376,0,8.9534378275857307e-06,7.8762477642158046e-06
2.0859486414701678,0,0.00070346565917134285,38,42,120,0.13995558023452759,6.7827165338637014e-05,0.00082183782680728926,0.10360360658537442,0,118.62871380523089,-3.4383857346455011,115.2948213421629,0,7.8762477642158046e-06,6.9006073317723349e-06
2.0859486414701678,0,0.00070346565917134285,38,42,121,0.12651214003562927,4.7813749720945391e-05,0.00082066874261198263,0.086043314240398863,0,119.94732441859003,-3.2986659658789645,116.7355702494438,0,6.9006073317723349e-06,6.066102741897339e-06
2.0859486414701678,0,0.00070346565917134285,38,42,122,0.11438339203596115,5.702638852320576e-05,0.00079027360399672403,0.070760140625320628,0,120.96995196206214,-3.1739222244802177,117.86763717819977,1.4210854715202004e-14,6.066102741897339e-06,5.2970481192460284e-06
2.0859486414701678,0,0.00070346565917134285,38,42,123,0.10351742058992386,5.8055680372792135e-05,0.00076806181233413941,0.057701129490607218,0,121.73719269653884,-3.063434305455619,118.73228563806654,0,5.2970481192460284e-06,4.5991650949872565e-06
2.0859486414701678,0,0.00070346565917134285,38,42,124,0.093963123857975006,5.4339062487588376e-05,0.00074000468049984576,0.045881294594954193,0,122.14797432416242,-2.966736193809282,119.22791376869107,-1.4210854715202004e-14,4.5991650949872565e-06,4.0053232623904478e-06
2.0859486414701678,0,0.00070346565917134285,38,42,125,0.08576858788728714,5.5019075484934441e-05,0.00066518591815700582,0.034972307191260099,0,122.20049633244874,-2.883277144546069,119.35291170008757,0,4.0053232623904478e-06,3.4872371088567888e-06
2.0859486414701678,0,0.00070346565917134285,38,42,126,0.079037010669708252,5.4320517780453816e-05,0.00055997197679649529,0.025588459774101877,0,121.82470819451625,-2.8126758726693457,119.03823507411558,0,3.4872371088567888e-06,3.0234691621444654e-06
2.0859486414701678,0,0.00070346565917134285,38,42,127,0.073780834674835205,5.9257652131513868e-05,0.00041734859366094663,0.016088108607972166,0,121.05434304131713,-2.7546146406819174,118.31629311548897,0,3.0234691621444654e-06,2.6208865619992139e-06
2.0859486414701678,0,0.00070346565917134285,38,42,128,0.070585347712039948,7.0859689582876865e-05,0.00021510405789259944,0.005899326197920011,0,119.33158092277588,-2.7098560185770522,116.62791019414423,1.4210854715202004e-14,2.6208865619992139e-06,2.1264602310111513e-06
2.0859486414701678,0,0.00070346565917134285,38,42,129,0.069574035704135895,0.00010212594460451528,-3.8578445165520551e-05,-0.004713106208392109,0,116.60608162808694,-2.6789295688500747,113.92250250052791,0,2.1264602310111513e-06,9.7666156761988532e-07
2.0859486414701678,0,0.00070346565917134285,38,42,130,0.071111969649791718,0.00023187130131108917,-0.00034837505028257953,-0.024772933531301448,0,112.69597221385587,-2.6617505615017332,110.00933221507387,1.4210854715202004e-14,9.7666156761988532e-07,7.0692527742721722e-07
2.0859486414701678,0,0.00070346565917134285,38,42,131,0.078377604484558105,-9.8031281349686005e-05,-0.00093991120948722789,-0.081414938031258752,0,103.35440506632439,-2.6657964189660159,100.60615576683628,0,7.0692527742721722e-07,3.3327785331493942e-07
2.0859486414701678,0,0.00070346565917134285,38,42,132,0.09909481555223465,4.8815810344804756e-06,-0.00068272157505042423,-0.068504204395236315,0,80.436359496147759,-2.710999873566954,77.65617757819156,0,3.3327785331493942e-07,3.3327785331493942e-07
2.0866521071293391,0,0.00077381223673000932,38,42,0,0.0091868136078119278,-3.0088777690796137e-07,4.7849030761487539,-2.0047117521424904,0,-172.71653565636751,211.84240310642559,41.906063287381002,4.8142044448695742e-06,0.00032207669573836029,0.00032207669573836029
2.0866521071293391,0,0.00077381223673000932,38,42,1,0.17942407727241516,-0.11677454621797981,9.6506902027103525,1.0302782617683039,0,374.97976958465375,64.018058080818903,449.5620023269156,-1.9256817722634878e-05,0.00032207669573836029,0.00029427913250401616
2.0866521071293391,0,0.00077381223673000932,38,42,2,0.076690003275871277,-0.19168416893253967,9.6659133188952335,-0.83232780399387907,0,205.16234783634985,90.638856211222617,304.44310539354126,0,0.00029427913250401616,0.00011317354801576585
2.0866521071293391,0,0.00077381223673000932,38,42,3,0.2138301283121109,-0.19881039504082784,9.5369034721170678,-2.9396687661863519,0,139.37081387059553,98.776421501049384,244.54565968253482,2.8421709430404007e-14,0.00011317354801576585,0.00028797375853173435
2.0866521071293391,0,0.00077381223673000932,38,42,4,0.062546372413635254,-0.010421549040984151,9.3171260132301867,3.8311150005871073,0,555.22939902255098,101.91778617605711,670.28499503497562,-9.6284087476306013e-06,0.00028797375853173435,0.00027804731507785618
2.0866521071293391,0,0.00077381223673000932,38,42,5,-0.046754974871873856,0.21345941734736884,8.6766767516727299,-2.7726062440381907,0,-96.70469602323395,190.08899673709772,99.501823417539029,-7.2213066459880793e-06,0.00027804731507785618,0.0003796092642005533
2.0866521071293391,0,0.00077381223673000932,38,42,6,0.45988121628761292,-0.18152078160414256,7.2049828821182622,-43.079927603392001,0,-717.84771723589745,271.82943153347532,-482.07474157689114,9.6284089181608579e-06,0.0003796092642005533,0.00030112039530649781
2.0866521071293391,0,0.00077381223673000932,38,42,7,1.08050537109375,-0.43978419425976828,4.9491146866107121,-48.360493645513429,0,-297.3052385389401,74.189663256178932,-266.96673843592367,-5.6843418860808015e-14,0.00030112039530649781,0.00039405189454555511
2.0866521071293391,0,0.00077381223673000932,38,42,8,1.2352118492126465,-0.42369211417517672,3.1312006859037762,4.5344413826605745,0,286.64605073885627,-15.159737183553505,278.72826350969194,0,0.00039405189454555511,0.00033093336969614029
2.0866521071293391,0,0.00077381223673000932,38,42,9,1.214719295501709,-0.17113172844306448,2.7609426302541307,68.019239667118825,0,1049.1499431359712,-0.28407657503655975,1119.4749171298647,2.2737367544323206e-13,0.00033093336969614029,0.00038538040826097131
2.0866521071293391,0,0.00077381223673000932,38,42,10,0.72779029607772827,0.26512515840801182,2.8713482848982994,31.217073154769977,0,634.87686807116563,168.94036998515043,838.17078465439238,1.1368683772161603e-13,0.00038538040826097131,0.00025223405100405216
2.0866521071293391,0,0.00077381223673000932,38,42,11,0.94518953561782837,0.20736328054332509,2.161610435630589,-88.442481352291978,0,-1260.8373673733693,393.42333338072314,-953.4875993992174,-5.7770453054217796e-05,0.00025223405100405216,0.00027694719028659165
2.0866521071293391,0,0.00077381223673000932,38,42,12,2.2092781066894531,-0.4438398606047107,1.6245138687826901,-115.40472211772641,0,-404.03776833642081,50.68856588084558,-467.57325056512366,-5.6843418860808015e-14,0.00027694719028659165,0.00013110338477417827
2.0866521071293391,0,0.00077381223673000932,38,42,13,1.6271343231201172,-0.15082752036953834,2.5565432447572372,44.331197105339228,0,1601.9859122838413,-126.33889727488197,1522.3839278386863,0,0.00013110338477417827,0.00025654738419689238
2.0866521071293391,0,0.00077381223673000932,38,42,14,1.0282135009765625,0.22566673534430173,2.889932317551243,-69.166021676105899,0,-655.54782945951604,400.06712806302818,-321.53116253333366,-3.8513635445269756e-05,0.00025654738419689238,0.00025755021488294005
2.0866521071293391,0,0.00077381223673000932,38,42,15,2.2355701923370361,-0.25378469809635074,2.6841491491683498,-116.04928632052085,0,-940.53455872889356,206.29659365699982,-847.85688694134262,0,0.00025755021488294005,0.00018163428467232734
2.0866521071293391,0,0.00077381223673000932,38,42,16,1.9797142744064331,-0.19735740796613929,3.708722578686479,82.381282433351672,0,776.82218367348321,28.374381722632169,891.08921300018733,-1.1368683772161603e-13,0.00018163428467232734,0.00023916602367535233
2.0866521071293391,0,0.00077381223673000932,38,42,17,1.3205504417419434,0.15083052924730742,4.4758895239376164,6.1498573077328986,0,345.72735400116426,214.49753313395004,571.0014644960321,0,0.00023916602367535233,0.00033002105192281306
2.0866521071293391,0,0.00077381223673000932,38,42,18,1.3774758577346802,0.20416860457200481,5.0558696698576568,-60.971398435368513,0,-686.90717198361699,282.96183637226227,-459.65669577229357,0,0.00033002105192281306,0.00042058908729813993
2.0866521071293391,0,0.00077381223673000932,38,42,19,1.3632481098175049,-0.19187192290533026,6.3448103214737666,-14.403945601596149,0,-403.85167044995433,91.915872078464318,-320.18680557451773,0,0.00042058908729813993,0.00047113568871282041
2.0866521071293391,0,0.00077381223673000932,38,42,20,1.1472014188766479,-0.13829945600242155,7.4620523720751173,51.917613015141498,0,340.11761191690113,3.1705965243098895,402.5295743724252,0,0.00047113568871282041,0.00061289971927180886
2.0866521071293391,0,0.00077381223673000932,38,42,21,0.74175804853439331,0.19381325084194043,8.1816700219414891,62.177876579294121,0,768.26691875044617,-5.3118006004666922,833.50847800205702,0,0.00061289971927180886,0.00046881969319656491
2.0866521071293391,0,0.00077381223673000932,38,42,22,0.51612627506256104,0.29767489722613816,8.6974927698547759,2.5599243207063522,0,82.382360815144096,184.86306228685393,278.80051508978528,0,0.00046881969319656491,0.00043689395533874631
2.0866521071293391,0,0.00077381223673000932,38,42,23,0.7351420521736145,-0.15001843313743282,8.9036285787122047,-60.525641618737126,0,-488.61240230832078,194.52944559245668,-345.85498818902641,5.6843418860808015e-14,0.00043689395533874631,0.00034391685039736331
2.0866521071293391,0,0.00077381223673000932,38,42,24,0.98992019891738892,-0.52506421509323797,9.0676966657045774,-5.7122653818156817,0,-64.124124632832292,4.6896513335007777,-56.604106230535855,0,0.00034391685039736331,0.00053805141942575574
2.0866521071293391,0,0.00077381223673000932,38,42,25,0.72395676374435425,-0.26217495375542926,9.3319050190563519,52.798496885021677,0,298.72146194149491,23.314152188887117,383.90384108070464,0,0.00053805141942575574,0.00025791701045818627
2.0866521071293391,0,0.00077381223673000932,38,42,26,0.68725842237472534,-0.21659406620719598,9.2394915508079478,-34.933330866053559,0,-18.721940353060212,96.9805691939209,52.348195459407869,-7.1054273576010019e-15,0.00025791701045818627,0.00044156925287097692
2.0866521071293391,0,0.00077381223673000932,38,42,27,1.0477032661437988,-0.49338073218482964,8.7622582620586602,-51.191399905205309,0,-129.38139744770439,77.74909344393366,-94.554826379102195,1.4210854715202004e-14,0.00044156925287097692,0.00060764630325138569
2.0866521071293391,0,0.00077381223673000932,38,42,28,0.96378695964813232,-0.59944969130042414,8.5915682368720976,17.776892766529965,0,266.47830851122006,80.031026344003635,372.27834616732537,0,0.00060764630325138569,0.00044964952394366264
2.0866521071293391,0,0.00077381223673000932,38,42,29,1.1256924867630005,-1.1195955947923246,8.1005771554114698,-70.281530613112253,0,-138.45975456734482,172.38487548473961,-29.375428135098311,2.1316282072803006e-14,0.00044964952394366264,0.00062153494218364358
2.0866521071293391,0,0.00077381223673000932,38,42,30,1.6699328422546387,-1.0619382754301134,7.2935985448465335,-41.190024998508726,0,-53.040670624694926,77.96453872060863,-10.034496633178609,-3.5527136788005009e-15,0.00062153494218364358,0.000463405332993716
2.0866521071293391,0,0.00077381223673000932,38,42,31,1.5685683488845825,-0.74492171012877773,5.948576022268103,7.8014760501227887,0,208.13893192210949,105.39009852043701,326.53416080480861,0,0.000463405332993716,0.00047452587750740349
2.0866521071293391,0,0.00077381223673000932,38,42,32,1.9395872354507446,-0.32476412466893884,3.7900669873979926,-67.40533231813798,0,-363.01797360657554,141.88038161295859,-285.07762144902591,-5.6843418860808015e-14,0.00047452587750740349,0.00021716135961469263
2.0866521071293391,0,0.00077381223673000932,38,42,33,1.9359878301620483,-0.76418966069863281,3.1740648577143076,60.954760544856612,0,320.61153394619663,97.783347411120189,481.75951709918911,0,0.00021716135961469263,0.00055093865375965834
2.0866521071293391,0,0.00077381223673000932,38,42,34,1.2471147775650024,-0.38074700355265723,3.6166626535759421,20.462448566055361,0,-392.9759589914031,233.17502875170763,-136.10256602361684,0,0.00055093865375965834,0.0003343770804349333
2.0866521071293391,0,0.00077381223673000932,38,42,35,1.9413542747497559,-0.50733801349225927,3.2610629477539215,-75.890502424666536,0,-1177.3249394670208,197.20067431959683,-1053.261042637829,0,0.0003343770804349333,0.00080349313793703914
2.0866521071293391,0,0.00077381223673000932,38,42,36,2.1393160820007324,-0.96731779533808993,3.0177837463883126,55.445462021831965,0,477.59927419850453,-47.04856516774155,488.04663700364517,0,0.00080349313793703914,0.0004594637721311301
2.0866521071293391,0,0.00077381223673000932,38,42,37,1.5253151655197144,-0.51032221846363246,2.4503310630598345,113.25596936902254,0,931.30869438550178,-40.682415283353919,1005.8222573157666,0,0.0004594637721311301,0.00078817649045959115
2.0866521071293391,0,0.00077381223673000932,38,42,38,0.65258485078811646,2.1135557992245069,1.6701778013573498,31.487207793775731,0,863.69685195411193,70.015170310380029,968.98296365884949,0,0.00078817649045959115,0.00043647154234349728
2.0866521071293391,0,0.00077381223673000932,38,42,39,0.53179144859313965,0.65341474153025358,0.71728554392950261,-46.983246042028156,0,-1503.5197951435659,414.93886028072978,-1134.1934806194047,-2.2737367544323206e-13,0.00043647154234349728,0.00027084324392490089
2.0866521071293391,0,0.00077381223673000932,38,42,40,2.0261342525482178,-0.12383626950909332,0.1290741239295071,-43.176558314721547,0,-359.44837581906353,-34.865315785859075,-437.48501206522377,0,0.00027084324392490089,0.00022343790624290705
2.0866521071293391,0,0.00077381223673000932,38,42,41,1.5008358955383301,0.013582375137402285,0.96990181956617549,87.376192841383329,0,1845.5572347600905,-120.63425759288424,1813.2826542032931,0,0.00022343790624290705,0.0002100003621308133
2.0866521071293391,0,0.00077381223673000932,38,42,42,0.69525647163391113,0.72003452988127792,1.3623207113167579,-1.9376209991986606,0,555.9148261925518,249.13361576164513,805.1931761961963,0,0.0002100003621308133,0.00043625471880659461
2.0866521071293391,0,0.00077381223673000932,38,42,43,1.4075350761413574,0.10158663390299665,0.72984572806680426,-103.61877939908649,0,-1367.1448606900876,355.90061526284842,-1114.0316309779914,-3.8513635445269756e-05,0.00043625471880659461,0.00039474357618018985
2.0866521071293391,0,0.00077381223673000932,38,42,44,2.3487057685852051,-0.79016989101769497,0.66045596684156516,-8.8818605516040208,0,-148.11080944604078,-88.836783951969892,-245.95916787379082,0,0.00039474357618018985,0.00033988594077527523
2.0866521071293391,0,0.00077381223673000932,38,42,45,1.6956472396850586,-0.48168988805695928,1.6136826610334456,108.72830638620015,0,1659.3944913315361,-111.56568293664665,1657.6891075540659,-2.2737367544323206e-13,0.00033988594077527523,0.00046110618859529495
2.0866521071293391,0,0.00077381223673000932,38,42,46,1.035028338432312,0.59070529072792499,2.2406631325892832,37.3614615262698,0,809.90693706548518,140.85977027368676,990.95953728875895,0,0.00046110618859529495,0.00029066533898003399
2.0866521071293391,0,0.00077381223673000932,38,42,47,1.0510169267654419,0.4377291307434869,1.6155098020587193,-85.589545293125994,0,-1303.9134821268524,453.55266969073926,-933.89708028280143,3.8513635445269756e-05,0.00029066533898003399,0.00032770278630778193
2.0866521071293391,0,0.00077381223673000932,38,42,48,2.5008955001831055,-0.53003676171636316,1.0430383858333609,-132.40494891188825,0,-1167.1349247739186,79.231945435806978,-1219.7949266258829,0,0.00032770278630778193,0.00023163518926594406
2.0866521071293391,0,0.00077381223673000932,38,42,49,2.387660026550293,-0.37305962174043572,1.7469180253066179,113.61522456044621,0,1133.4233234514265,-152.06354087895187,1096.348865536487,0,0.00023163518926594406,0.00030886186868883669
2.0866521071293391,0,0.00077381223673000932,38,42,50,1.3562425374984741,0.5013894621427889,2.6932395706842933,73.635606096678401,0,1395.234703674058,21.510635668305227,1493.5755744718685,-2.2737367544323206e-13,0.00030886186868883669,0.00039373472100123763
2.0866521071293391,0,0.00077381223673000932,38,42,51,1.2494732141494751,0.68062078865243869,2.9314960523899778,-90.971517737372054,0,-413.24776506200959,227.38465771721107,-273.22250824112814,0,0.00039373472100123763,0.00051548529881983995
2.0866521071293391,0,0.00077381223673000932,38,42,52,2.3535199165344238,-0.80415116812533305,2.7603357396081072,-175.43484730283819,0,-1242.4586605393879,215.53216343652355,-1200.4051598342198,0,0.00051548529881983995,0.00033510843059048057
2.0866521071293391,0,0.00077381223673000932,38,42,53,2.644240140914917,-0.71409214673123422,3.1878999785843125,26.342094207511618,0,280.63438035509722,-124.41136684816969,185.03891554629223,0,0.00033510843059048057,0.0002885177091229707
2.0866521071293391,0,0.00077381223673000932,38,42,54,1.9268923997879028,-0.022150154584856484,4.3399908515071433,156.21145941629428,0,1449.678194956173,-112.73403258148248,1497.4734624879072,2.2737367544323206e-13,0.0002885177091229707,0.00071432912955060601
2.0866521071293391,0,0.00077381223673000932,38,42,55,1.3981608152389526,0.53283674814632442,5.191830024282396,21.86403678714138,0,309.29591974360147,136.72725719052207,473.61188049369366,0,0.00071432912955060601,0.00057949335314333439
2.0866521071293391,0,0.00077381223673000932,38,42,56,1.9308390617370605,-0.20134387012239288,5.0646916994765983,-154.52487029292101,0,-1157.7783451518292,231.54497764516651,-1075.8948899702293,2.2737367544323206e-13,0.00057949335314333439,0.00064067990751937032
2.0866521071293391,0,0.00077381223673000932,38,42,57,2.6582973003387451,-1.0159129766353872,4.9957580088992071,-57.928205017108105,0,-320.85339957678627,-96.094601524162073,-470.89636108579265,-5.6843418860808015e-14,0.00064067990751937032,0.00041647918988019228
2.0866521071293391,0,0.00077381223673000932,38,42,58,2.0522425174713135,-0.28537039247726398,5.7108632447752905,178.06640698547082,0,1206.4276140359034,-137.71551707602072,1252.2039967976514,-2.2737367544323206e-13,0.00041647918988019228,0.00072202959563583136
2.0866521071293391,0,0.00077381223673000932,38,42,59,1.4400516748428345,0.61324720119831566,6.1757824003668427,17.678066777980099,0,315.62186139258534,178.96392874586289,519.05288651799356,1.1368683772161603e-13,0.00072202959563583136,0.00040671319584362209
2.0866521071293391,0,0.00077381223673000932,38,42,60,2.044194221496582,0.16405063550131252,5.8237412942823124,-206.24544754912989,0,-1325.6721456074183,306.93780687262284,-1218.9919943541418,0,0.00040671319584362209,0.00057200342416763306
2.0866521071293391,0,0.00077381223673000932,38,42,61,2.9397602081298828,-1.2301640297238008,5.6228752339496495,-108.90238801840802,0,-691.77082792205476,-168.5042415773801,-964.78474631361701,0,0.00057200342416763306,0.00054926291340962052
2.0866521071293391,0,0.00077381223673000932,38,42,62,2.6601052284240723,-0.7338303848963964,6.0961608750659035,240.80912454218983,0,1033.9090192089013,-195.6246193299485,1084.4558549113121,0,0.00054926291340962052,0.0004105249245185405
2.0866521071293391,0,0.00077381223673000932,38,42,63,1.7815715074539185,0.0020412226785436098,6.4004655335684317,125.91047159420047,0,1451.3515353889534,-121.98624025151811,1461.6782734878827,2.2737367544323206e-13,0.0004105249245185405,0.00064392166677862406
2.0866521071293391,0,0.00077381223673000932,38,42,64,1.8823181390762329,0.32421741157829703,6.3166117207975061,-67.104309743505965,0,200.87125485924358,51.74122056480698,192.14899481292039,0,0.00064392166677862406,0.00066291610710322857
2.0866521071293391,0,0.00077381223673000932,38,42,65,2.3523259162902832,-0.91082340723362798,5.9517961232565719,-210.65541286203475,0,-1085.7431346623998,119.02038221322969,-1172.3371925951819,2.2737367544323206e-13,0.00066291610710322857,0.00037935801083222032
2.0866521071293391,0,0.00077381223673000932,38,42,66,3.4701752662658691,-1.6687350444670763,5.2600545223696145,-229.8429060403447,0,-1601.0038145800138,76.007429821875192,-1751.2479713205807,0,0.00037935801083222032,0.00040694925701245666
2.0866521071293391,0,0.00077381223673000932,38,42,67,3.7123444080352783,-1.5853442979848116,4.7163488050580442,131.62081129424394,0,-67.625938421962459,-240.39502593389361,-173.26914855453887,2.8421709430404007e-14,0.00040694925701245666,0.00045136018889024854
2.0866521071293391,0,0.00077381223673000932,38,42,68,3.1197426319122314,-0.38987232805072186,4.316722597943297,155.47554087022613,0,1518.487888477149,-188.34646655824176,1489.543813059026,0,0.00045136018889024854,0.00035479388316161931
2.0866521071293391,0,0.00077381223673000932,38,42,69,2.7798912525177002,0.50755555535496366,3.6072412555054001,-63.21720554539182,0,523.02071529599868,9.017736657451227,472.93604321891848,5.6843418860808015e-14,0.00035479388316161931,0.00042605539783835411
2.0866521071293391,0,0.00077381223673000932,38,42,70,3.396533727645874,0.26617916829052041,2.101639138820067,-383.91223705323148,0,-1424.2528793267757,196.39134878437201,-1609.4059492885244,0,0.00042605539783835411,0.00056704576127231121
2.0866521071293391,0,0.00077381223673000932,38,42,71,5.2293586730957031,-1.1572556116134558,0.82264914687408064,-338.33766574121108,0,-1262.817122289744,-177.07059842742507,-1778.5599929231196,-2.2737367544323206e-13,0.00056704576127231121,0.0004155621281825006
2.0866521071293391,0,0.00077381223673000932,38,42,72,4.6901102066040039,-0.45019325645801078,1.234022765018757,318.30687800121456,0,1505.5953719849258,-512.65037976174654,1312.0356997329545,0,0.0004155621281825006,0.00019861180044244975
2.0866521071293391,0,0.00077381223673000932,38,42,73,3.1567108631134033,0.27976680896401857,1.8030505958593479,204.04493247438899,0,770.4822230611976,-40.907951132515265,935.70202180789477,0,0.00019861180044244975,0.00028875487623736262
2.0866521071293391,0,0.00077381223673000932,38,42,74,3.6211032867431641,0.45475697181426228,0.91447979549861358,-307.05257750624662,0,-1849.4190740133533,255.35757330397271,-1899.7448414483142,2.2737367544323206e-13,0.00028875487623736262,0.00043844262836501002
2.0866521071293391,0,0.00077381223673000932,38,42,75,5.3028974533081055,-1.0625277992097635,0.11231938552999088,-298.59467505361255,0,-1205.5112976214143,-210.12916254732494,-1715.1853436360318,-2.2737367544323206e-13,0.00043844262836501002,0.00046111847041174769
2.0866521071293391,0,0.00077381223673000932,38,42,76,4.551732063293457,-0.21320998138031214,0.50344873808794699,210.54018006478566,0,1393.2643460847316,-436.30218129346088,1167.792583612764,-2.2737367544323206e-13,0.00046111847041174769,0.0002129697531927377
2.0866521071293391,0,0.00077381223673000932,38,42,77,3.1361138820648193,0.32253717901009876,1.1570026402150204,113.36041834834725,0,1275.4292595159332,-74.447781640926095,1315.8214360425795,0,0.0002129697531927377,0.00017812191799748689
2.0866521071293391,0,0.00077381223673000932,38,42,78,3.416550874710083,0.47196858009478415,0.81469495282568605,-236.8640958363676,0,-1344.7106680438301,157.90929452121722,-1422.37880582606,0,0.00017812191799748689,0.00040739687392488122
2.0866521071293391,0,0.00077381223673000932,38,42,79,4.7162342071533203,-0.65501358395479825,0.35183424573790584,-180.06757548315244,0,-1325.2255414908072,-249.59577938697575,-1755.1920756991522,0,0.00040739687392488122,0.00028640648815780878
2.0866521071293391,0,0.00077381223673000932,38,42,80,4.2169666290283203,-0.79826301999707683,1.2499509364868779,293.51826979298096,0,590.95507091059847,-309.47708788473108,575.44794073533808,-1.1368683772161603e-13,0.00028640648815780878,0.00048575960681773722
2.0866521071293391,0,0.00077381223673000932,38,42,81,3.0837099552154541,0.26927756017323012,2.0594108933260307,196.64908203276471,0,604.69673603709589,-121.26434066875167,682.41016585460818,-1.1368683772161603e-13,0.00048575960681773722,0.00030697090551257133
2.0866521071293391,0,0.00077381223673000932,38,42,82,3.0168979167938232,0.45777532754831451,2.0160325043047638,-104.05521591594038,0,-284.46047895466774,-38.469883954354422,-424.51177099310945,0,0.00030697090551257133,0.0002036786318058148
2.0866521071293391,0,0.00077381223673000932,38,42,83,3.5645904541015625,0.32747542442665645,1.5729414029328885,-269.35358247894368,0,-1118.7255958386618,-2.5936622653554879,-1388.7724237556015,0,0.0002036786318058148,0.00051330198766663671
2.0866521071293391,0,0.00077381223673000932,38,42,84,4.1584453582763672,-0.41094440173091712,1.4153800141161501,-151.15215420979987,0,-447.51611949848325,-253.15721228377359,-850.82105037967153,-1.1368683772161603e-13,0.00051330198766663671,0.00024214455334004015
2.0866521071293391,0,0.00077381223673000932,38,42,85,3.7678148746490479,-0.20755329117444246,2.3097815682616951,230.42615653551195,0,760.842722273135,-241.53410521579181,751.83700186994236,0,0.00024214455334004015,0.00060439447406679392
2.0866521071293391,0,0.00077381223673000932,38,42,86,2.874173641204834,0.61184325883126311,3.2348986493373362,175.49400424688054,0,769.16105131091911,-207.46771628358763,741.03408118238065,0,0.00060439447406679392,0.00066150358179584146
2.0866521071293391,0,0.00077381223673000932,38,42,87,2.963031530380249,0.60494269855565597,3.3705888065384118,-127.82922091203147,0,-125.19273148406201,-67.068877198897283,-316.11529808989667,0,0.00066150358179584146,0.0006508437218144536
2.0866521071293391,0,0.00077381223673000932,38,42,88,3.5498898029327393,-0.19984725432005268,3.0726563493752406,-222.23969818548875,0,-690.73804627398249,-58.426725514298077,-968.53166087871421,-1.1368683772161603e-13,0.0006508437218144536,0.00065460539190098643
2.0866521071293391,0,0.00077381223673000932,38,42,89,3.8113553524017334,-0.53307053794898196,3.0087270243033828,-84.574402890087271,0,118.34346655666209,-209.5985987054454,-173.35387855251616,0,0.00065460539190098643,0.00058073742548003793
2.0866521071293391,0,0.00077381223673000932,38,42,90,3.3956425189971924,-0.15166218306268101,3.3060829804859986,-33.24342957003212,0,376.79861453214244,-190.832598753437,155.87700700609668,2.8421709430404007e-14,0.00058073742548003793,0.00079911603825166821
2.0866521071293391,0,0.00077381223673000932,38,42,91,3.4784703254699707,-0.48928835753110445,3.4474436687306818,-92.869931855688506,0,-180.37568456670618,-68.493881710333383,-338.78134282152848,0,0.00079911603825166821,0.00081945897545665503
2.0866521071293391,0,0.00077381223673000932,38,42,92,3.4717419147491455,-0.55874950438141502,3.9605818958983958,167.9832291170907,0,449.98068405782971,-308.58264721517457,312.78309835126288,0,0.00081945897545665503,0.00040240318048745394
2.0866521071293391,0,0.00077381223673000932,38,42,93,2.3676466941833496,-0.7773652355616556,5.0622382605436904,273.4341791815296,0,764.84659981391599,-252.2224093242715,790.34324269615604,-2.2737367544323206e-13,0.00040240318048745394,0.00072785757947713137
2.0866521071293391,0,0.00077381223673000932,38,42,94,1.7352429628372192,-0.54588264037749978,5.6145851739202808,77.59126456588325,0,-174.7412937557587,-75.474863270952525,-167.5561899272852,0,0.00072785757947713137,0.00097190134692937136
2.0866521071293391,0,0.00077381223673000932,38,42,95,1.6978411674499512,-0.1765898327161749,4.8935858473823481,-24.764729754258184,0,-635.09616471138509,-92.871780510189822,-748.01567896116694,0,0.00097190134692937136,0.0008027024450711906
2.0866521071293391,0,0.00077381223673000932,38,42,96,1.9301812648773193,-0.54483344469942174,2.4910044709666992,1.4330153476085026,0,-313.90292081543896,-121.11798885406364,-431.64172329562683,0,0.0008027024450711906,0.00074337562546133995
2.0866521071293391,0,0.00077381223673000932,38,42,97,1.8815820217132568,0.37596243656815526,0.39153729056424208,30.070522227595575,0,-322.89369792807923,-139.76120733627587,-431.81688330962714,-5.6843418860808015e-14,0.00074337562546133995,0.00049185368698090315
2.0866521071293391,0,0.00077381223673000932,38,42,98,1.6207932233810425,0.25207752189454574,-0.00066050971468372972,27.121148025277282,0,-252.9592521975903,-134.12851112528793,-359.71519828542108,0,0.00049185368698090315,0.00034689149470068514
2.0866521071293391,0,0.00077381223673000932,38,42,99,1.3800675868988037,0.10880237618176496,-0.0021966332721666095,15.90212602037627,0,-206.47005907104059,-123.94843295013018,-314.4097602578849,0,0.00034689149470068514,0.00025295649538747966
2.0866521071293391,0,0.00077381223673000932,38,42,100,1.1928392648696899,0.054215112066968892,-0.0018365678628309793,9.9285071084361185,0,-176.12239272278842,-114.51482605715228,-280.65633312730046,-5.6843418860808015e-14,0.00025295649538747966,0.00018878234550356865
2.0866521071293391,0,0.00077381223673000932,38,42,101,1.0449973344802856,0.026847179681078515,-0.001890343913224567,6.5571775161909596,0,-152.56845463962557,-105.81028228313345,-251.79660257080022,-2.8421709430404007e-14,0.00018878234550356865,0.00014646607451140881
2.0866521071293391,0,0.00077381223673000932,38,42,102,0.9234965443611145,0.014645306606948341,-0.0018587796394676152,4.5581657820942132,0,-133.45583196861921,-97.830642155445702,-226.7155218150032,2.8421709430404007e-14,0.00014646607451140881,0.00011666136560961604
2.0866521071293391,0,0.00077381223673000932,38,42,103,0.82203811407089233,0.008675628322318208,-0.0018202012132472163,3.2619508675835771,0,-117.69597531757388,-90.564120501643117,-204.99128952452435,0,0.00011666136560961604,9.4588292995467782e-05
2.0866521071293391,0,0.00077381223673000932,38,42,104,0.73681551218032837,0.005407749645836281,-0.00178746791407969,2.389000806604908,0,-103.90732355583458,-83.975823968013216,-185.49052643551113,0,9.4588292995467782e-05,7.7824108302593231e-05
2.0866521071293391,0,0.00077381223673000932,38,42,105,0.66451138257980347,0.0034353061226130477,-0.0017407061630674095,1.7859543028193261,0,-91.943139732358816,-78.015838883020322,-168.17132971260028,-2.8421709430404007e-14,7.7824108302593231e-05,6.4885673054959625e-05
2.0866521071293391,0,0.00077381223673000932,38,42,106,0.60287195444107056,0.0022613219404339236,-0.0017991583151032952,1.3586070039302713,0,-81.144686626508673,-72.627973852551293,-152.41359131150438,0,6.4885673054959625e-05,5.4696498409612104e-05
2.0866521071293391,0,0.00077381223673000932,38,42,107,0.54981535673141479,0.0015634005477135424,-0.0017944823603788568,1.0553506384424904,0,-70.887889289546038,-67.754882073429712,-137.58765180634592,2.8421709430404007e-14,5.4696498409612104e-05,4.655056181945838e-05
2.0866521071293391,0,0.00077381223673000932,38,42,108,0.50373798608779907,0.0011057834424728521,-0.001722001609580357,0.83174047105335469,0,-61.266412882871236,-63.342336346950084,-123.77762497693507,0,4.655056181945838e-05,3.9995135011849925e-05
2.0866521071293391,0,0.00077381223673000932,38,42,109,0.46352997422218323,0.0007230499296279906,-0.001762918086621905,0.66297372053678683,0,-52.239856602903281,-59.341231787921053,-110.91915453844454,-1.4210854715202004e-14,3.9995135011849925e-05,3.4627119021024555e-05
2.0866521071293391,0,0.00077381223673000932,38,42,110,0.42821019887924194,0.00048618778068598354,-0.0017956513857894313,0.53765035080129797,0,-43.316593893196725,-55.707970961019761,-98.488223967020289,0,3.4627119021024555e-05,3.0170400350471027e-05
2.0866521071293391,0,0.00077381223673000932,38,42,111,0.39689025282859802,0.00037291998748043573,-0.0017594108634723217,0.44302234851485178,0,-34.67020570869866,-52.403809148989325,-86.632379000049113,1.4210854715202004e-14,3.0170400350471027e-05,2.6441051886649802e-05
2.0866521071293391,0,0.00077381223673000932,38,42,112,0.36898532509803772,0.00028413737787435275,-0.0017091418893104577,0.36915319573283961,0,-26.21003095157339,-49.395509084441372,-75.237811844793356,0,2.6441051886649802e-05,2.3289943783311173e-05
2.0866521071293391,0,0.00077381223673000932,38,42,113,0.34397247433662415,0.00018950964121539705,-0.0016530277880957211,0.31092057894118041,0,-17.96014064397356,-46.653607836261081,-64.304291419440347,0,2.3289943783311173e-05,2.062534804281313e-05
2.0866521071293391,0,0.00077381223673000932,38,42,114,0.32143351435661316,0.00017314328546735356,-0.0016366614323476776,0.26481975731445023,0,-9.7929391116724673,-44.153071541409716,-53.682654413914612,0,2.062534804281313e-05,1.8326840290683322e-05
2.0866521071293391,0,0.00077381223673000932,38,42,115,0.30099371075630188,0.00011592480270036249,-0.0016179565850249055,0.22907910362221492,0,-1.6078287388898129,-41.871831886777734,-43.25208355382766,0,1.8326840290683322e-05,1.6310312275891192e-05
2.0866521071293391,0,0.00077381223673000932,38,42,116,0.28229939937591553,8.7802961316814289e-05,-0.0015513211081971384,0.20092563611249081,0,6.689317799400075,-39.790632054643027,-32.901852137277338,7.1054273576010019e-15,1.6310312275891192e-05,1.4548842955264263e-05
2.0866521071293391,0,0.00077381223673000932,38,42,117,0.26511299610137939,7.4813953330274806e-05,-0.0014613048293221607,0.17774042757507094,0,14.969441310823617,-37.893007465853188,-22.747212218330489,0,1.4548842955264263e-05,1.2991351468372159e-05
2.0866521071293391,0,0.00077381223673000932,38,42,118,0.24924510717391968,5.8317722194151897e-05,-0.0013677813272975998,0.158059959863075,0,23.192140991799832,-36.165324293460962,-12.816432805403162,-1.7763568394002505e-15,1.2991351468372159e-05,1.1602307495195419e-05
2.0866521071293391,0,0.00077381223673000932,38,42,119,0.23458820581436157,4.7601827334721782e-05,-0.0012415245261055124,0.14074808073089853,0,31.299935241428216,-34.595816621838146,-3.1563272223778065,-2.2204460492503131e-15,1.1602307495195419e-05,1.0351205673941877e-05
2.0866521071293391,0,0.00077381223673000932,38,42,120,0.22106152772903442,4.7959498864449532e-05,-0.0011070844735804736,0.1249189765633245,0,39.110365711791786,-33.174663473946467,6.0595620894339266,1.7763568394002505e-15,1.0351205673941877e-05,9.2040099843870848e-06
2.0866521071293391,0,0.00077381223673000932,38,42,121,0.20863160490989685,4.425797684525635e-05,-0.00098784204522862321,0.10959054965652532,0,46.593430280879495,-31.89333407953502,14.808743166932613,-5.3290705182007514e-15,9.2040099843870848e-06,8.1715370470192283e-06
2.0866521071293391,0,0.00077381223673000932,38,42,122,0.19729922711849213,4.000426404993594e-05,-0.00088730424382275517,0.095167193182665283,0,53.54184856273055,-30.746186191011233,22.88998226492221,0,8.1715370470192283e-06,7.2165053097705822e-06
2.0866521071293391,0,0.00077381223673000932,38,42,123,0.1870415061712265,2.9905350742812939e-05,-0.00078092124190508446,0.082553977574683537,0,59.923365387660425,-29.728155265314189,30.277013084029758,0,7.2165053097705822e-06,6.3156344367598649e-06
2.0866521071293391,0,0.00077381223673000932,38,42,124,0.1778358668088913,3.1984238459242455e-05,-0.00062894558784463777,0.071019143759139938,0,65.609210415561378,-28.835466966170358,36.84416563180077,-7.1054273576010019e-15,6.3156344367598649e-06,5.4750471463194117e-06
2.0866521071293391,0,0.00077381223673000932,38,42,125,0.16972926259040833,3.2277119212790318e-05,-0.0004559271090991999,0.059426539490430003,0,70.475947444834674,-28.064058105040374,42.47089222929484,-7.1054273576010019e-15,5.4750471463194117e-06,4.704518687503878e-06
2.0866521071293391,0,0.00077381223673000932,38,42,126,0.16277632117271423,3.0848820509101363e-05,-0.00030044426861863474,0.048045760216663271,0,74.314447435018209,-27.410847591088697,46.951376008698062,0,4.704518687503878e-06,3.9772421587258577e-06
2.0866521071293391,0,0.00077381223673000932,38,42,127,0.15701228380203247,3.5753048858232437e-05,-9.352350202456102e-05,0.036376128677064898,0,77.052728401466737,-26.873697917548174,50.215348842142461,0,3.9772421587258577e-06,3.3005967452481855e-06
2.0866521071293391,0,0.00077381223673000932,38,42,128,0.15262907743453979,3.4130341096538865e-05,0.00017769465384666593,0.023801426704527374,0,77.94133425525348,-26.460619920591203,51.504727586361753,0,3.3005967452481855e-06,2.6532086394581711e-06
2.0866521071293391,0,0.00077381223673000932,38,42,129,0.14971460402011871,4.2412100854498723e-05,0.00045826515992034901,0.010148342939551721,0,76.772098796802439,-26.177178820539471,50.60556899646329,-1.4210854715202004e-14,2.6532086394581711e-06,1.9868869003403233e-06
2.0866521071293391,0,0.00077381223673000932,38,42,130,0.1484997570514679,5.9268501123966294e-05,0.001192424650813153,-0.0051800839672474629,0,73.062696512627923,-26.023105021944875,47.03566309986774,-7.1054273576010019e-15,1.9868869003403233e-06,9.7772249318950344e-07
2.0866521071293391,0,0.00077381223673000932,38,42,131,0.14915058016777039,-2.4019013230261218e-05,0.0031821371196562235,-0.031793006059202829,0,62.956622287976231,-26.072556529855252,36.855430870168206,0,9.7772249318950344e-07,4.4212137595422973e-07
2.0866521071293391,0,0.00077381223673000932,38,42,132,0.15372326970100403,-9.3366299914555391e-07,0.0022924949719301791,-0.025553797117239343,0,36.975304560488333,-26.527595132628701,10.424447192051327,5.3290705182007514e-15,4.4212137595422973e-07,4.4212137595422973e-07
2.0874259193660691,0,0.00085119344294071198,38,42,0,0.0091868136078119278,-5.4706869651035818e-07,4.7593275212755017,-16.328234653081857,0,92.499381812372945,211.69905969832445,292.62953820837191,4.3765495547631872e-06,0.00049346737796440721,0.00049346737796440721
2.0874259193660691,0,0.00085119344294071198,38,42,1,0.52730065584182739,-0.2965834465765535,9.5967162748560657,-15.0309618999477,0,90.637291265938842,2.4122840993389221,87.318746293609578,0,0.00049346737796440721,0.00039738140185363591
2.0874259193660691,0,0.00085119344294071198,38,42,2,0.31227180361747742,-0.46828205111372245,9.6776277350699473,6.9731039146047644,0,224.02874517758943,14.640783752497368,254.85197852864781,2.8421709430404007e-14,0.00039738140185363591,0.00051419506780803204
2.0874259193660691,0,0.00085119344294071198,38,42,3,0.40306255221366882,-0.53884297158962846,9.5711309660576696,-32.249078189246383,0,62.178585105288839,14.323396377529919,53.285191288040423,7.1054273576010019e-15,0.00051419506780803204,0.00052785681327804923
2.0874259193660691,0,0.00085119344294071198,38,42,4,0.58122110366821289,-0.72787490070703154,9.3124243677527083,13.73039141671098,0,171.22931587965363,11.909116571586127,205.45337333499643,0,0.00052785681327804923,0.00053608790040016174
2.0874259193660691,0,0.00085119344294071198,38,42,5,0.030240753665566444,0.10874631549232901,8.7470682588554016,12.098257914442833,0,378.74421912508399,44.23095052091881,443.9292377582438,-4.376549611606606e-06,0.00053608790040016174,0.0004002717905677855
2.0874259193660691,0,0.00085119344294071198,38,42,6,0.08684588223695755,0.39313943030454218,7.4129093988590338,-14.33010125147435,0,96.481884367183753,52.483057282469076,142.44088922734207,2.8421709430404007e-14,0.0004002717905677855,0.00047051272122189403
2.0874259193660691,0,0.00085119344294071198,38,42,7,0.87392324209213257,0.053969968116836367,5.1397689400653421,-100.94557104124679,0,-109.02461152651861,64.402572535838473,-140.37387112374475,-2.8421709430404007e-14,0.00047051272122189403,0.00074853864498436451
2.0874259193660691,0,0.00085119344294071198,38,42,8,1.4508951902389526,-1.067112472947453,3.0555364993292939,-130.19695786039244,0,-1.1142345086557208,-6.6555764900510086,-135.97834483271734,0,0.00074853864498436451,0.00074298941763117909
2.0874259193660691,0,0.00085119344294071198,38,42,9,2.0809826850891113,-1.283190110748587,2.4237539416299585,21.553911431766309,0,58.749681058949932,6.496620209592959,87.940776531190579,0,0.00074298941763117909,0.00053044786909595132
2.0874259193660691,0,0.00085119344294071198,38,42,10,1.3763771057128906,-0.22171244537519066,2.6641772305631961,181.00792811954983,0,588.10266509986195,0.6996877331880319,772.25274573778779,0,0.00053044786909595132,0.0005750468117184937
2.0874259193660691,0,0.00085119344294071198,38,42,11,0.20736916363239288,0.92979467417682571,2.4313953971828148,-22.048163928040772,0,638.09434527912538,104.94391670550854,724.35128812795278,0,0.0005750468117184937,0.00029595004161819816
2.0874259193660691,0,0.00085119344294071198,38,42,12,1.8474642038345337,-0.24756745904096669,1.8966513378017904,-254.85145334269916,0,-360.32391718692901,105.53800705062136,-507.98827960024596,1.1368683772161603e-13,0.00029595004161819816,0.0004236691165715456
2.0874259193660691,0,0.00085119344294071198,38,42,13,2.8051736354827881,-1.0819681234011918,2.4446505981649129,12.18963589295835,0,128.76691153461522,-3.8972998877415033,138.4219300145958,0,0.0004236691165715456,0.00042632955592125654
2.0874259193660691,0,0.00085119344294071198,38,42,14,0.77940875291824341,0.37875207065501632,3.0406286038150383,28.286025020733902,0,680.41025775688706,53.556502349112982,765.67216580120396,0,0.00042632955592125654,0.00012294128828216344
2.0874259193660691,0,0.00085119344294071198,38,42,15,1.5794881582260132,0.43795639206006376,2.8673538943632231,-221.0934809105849,0,-303.78001711230883,101.56522043586057,-420.0029673006099,0,0.00012294128828216344,0.0004179418901912868
2.0874259193660691,0,0.00085119344294071198,38,42,16,2.6692500114440918,-0.86883398872163176,3.4897219468643117,-14.460679984507015,0,-280.98036461034485,-3.5737853433731379,-296.39394198008233,-5.6843418860808015e-14,0.0004179418901912868,0.00023568261531181633
2.0874259193660691,0,0.00085119344294071198,38,42,17,1.762398362159729,-0.20251306947115963,4.4660426254045573,163.44402940166003,0,258.18253275300287,-4.591385637477269,421.29870607311904,5.6843418860808015e-14,0.00023568261531181633,0.00049861735897138715
2.0874259193660691,0,0.00085119344294071198,38,42,18,1.0217878818511963,0.9703116759777759,5.1865482372352458,-24.533326330854017,0,44.106796562657969,55.24437996328075,80.974710108297714,-1.4210854715202004e-14,0.00049861735897138715,0.00062162388348951936
2.0874259193660691,0,0.00085119344294071198,38,42,19,1.1154836416244507,0.40402117374682972,6.3161181755915452,-122.86172072799526,0,-129.53067195353856,107.00460631842462,-138.66764701377082,0,0.00062162388348951936,0.00071371474768966436
2.0874259193660691,0,0.00085119344294071198,38,42,20,1.4586837291717529,-0.67300117510356006,7.3385211857823407,-98.821929139285885,0,-213.62953820837191,2.4159954133760486,-303.36995192360297,0,0.00071371474768966436,0.0003392095968592912
2.0874259193660691,0,0.00085119344294071198,38,42,21,1.3867371082305908,-0.63405371339289818,8.036934795976201,100.37633949770341,0,76.383604569993068,-6.7107560270558295,177.45206912322394,-2.8421709430404007e-14,0.0003392095968592912,0.00073574017733335495
2.0874259193660691,0,0.00085119344294071198,38,42,22,0.7318655252456665,0.29043494149647359,8.6700776399894082,117.35209997789842,0,204.14979178565412,-12.638914965830089,317.82348937920835,5.6843418860808015e-14,0.00073574017733335495,0.0004754419787786901
2.0874259193660691,0,0.00085119344294071198,38,42,23,0.46751523017883301,0.43084723434891165,8.9832509447876383,-17.808180208805179,0,-2.0318393981369027,79.393480254102471,68.967558826296937,0,0.0004754419787786901,0.000350596645148471
2.0874259193660691,0,0.00085119344294071198,38,42,24,0.94611924886703491,-0.3763061265129185,9.0773068245725756,-99.049999890586264,0,-174.73405677697761,67.755499681606025,-197.32755628789818,5.6843418860808015e-14,0.000350596645148471,0.0006617501494474709
2.0874259193660691,0,0.00085119344294071198,38,42,25,1.0210262537002563,-1.080488029042783,9.2635853569404425,42.637956501473802,0,13.389300649261129,8.3287488976565758,72.539103376289162,-1.4210854715202004e-14,0.0006617501494474709,0.00092193519230931997
2.0874259193660691,0,0.00085119344294071198,38,42,26,0.72776609659194946,-0.50729680227405516,9.3089931528881937,43.025053558025391,0,116.15656668439169,12.762158601779943,180.74547519481115,0,0.00092193519230931997,0.00057280651526525617
2.0874259193660691,0,0.00085119344294071198,38,42,27,0.97453558444976807,-0.63025815077650926,8.8755374949943207,-87.278271963166958,0,-56.344749562892112,29.059588910698693,-106.31815327114256,0,0.00057280651526525617,0.00097350432770326734
2.0874259193660691,0,0.00085119344294071198,38,42,28,1.251860499382019,-0.67955177567557512,8.5868914681354376,-3.5176254592641709,0,-9.8960438180143164,29.679868528450854,24.173538943632231,0,0.00097350432770326734,0.00040104548679664731
2.0874259193660691,0,0.00085119344294071198,38,42,29,1.1029614210128784,-1.3474077696884552,8.2386877134935581,-20.532949947590819,0,129.08286340132304,25.132598510660181,140.57379190819751,0,0.00040104548679664731,0.0007781939348205924
2.0874259193660691,0,0.00085119344294071198,38,42,30,1.662168025970459,-1.7668311155168377,7.4259547989960195,-58.668452298892078,0,-247.53680349948903,16.304572837820391,-284.24155927708154,0,0.0007781939348205924,0.00051256048027426004
2.0874259193660691,0,0.00085119344294071198,38,42,31,1.821244478225708,-1.3180465927467444,6.0700691057177432,85.259667250936033,0,34.20319006698309,6.2179215328427224,130.43280136373284,0,0.00051256048027426004,0.00070956919807940722
2.0874259193660691,0,0.00085119344294071198,38,42,32,1.718990683555603,-0.46759684757134323,4.0796157280061971,-53.490679043548859,0,-8.7756471275611023,88.433330926231065,29.779023635555966,7.1054273576010019e-15,0.00070956919807940722,0.00056825060164555907
2.0874259193660691,0,0.00085119344294071198,38,42,33,2.308779239654541,-1.4608832205277682,3.1299941901304429,10.934791599650751,0,-194.49050179329117,61.123521546847684,-120.76307767719008,-1.4210854715202004e-14,0.00056825060164555907,0.0009398128604516387
2.0874259193660691,0,0.00085119344294071198,38,42,34,1.1417969465255737,-0.13332966797306672,3.499981673198667,100.78360369468315,0,468.18618717189554,69.384766543904448,641.7212094157087,0,0.0009398128604516387,0.00097730872221291065
2.0874259193660691,0,0.00085119344294071198,38,42,35,1.1263279914855957,0.044353868103925546,3.4109495252537854,-100.71778038911903,0,-137.21442248145985,68.566316761528384,-165.91058271569278,0,0.00097730872221291065,0.00078804622171446681
2.0874259193660691,0,0.00085119344294071198,38,42,36,2.516972541809082,-1.5018999695829804,2.9713002291123702,-90.475674043340973,0,-438.1188014381342,39.938780824585706,-487.18629439736009,-5.6843418860808015e-14,0.00078804622171446681,0.00088661839254200459
2.0874259193660691,0,0.00085119344294071198,38,42,37,2.3036327362060547,-1.7363623979990415,2.2724722143809042,134.49381921786681,0,28.090025624697745,40.213558112919358,203.3335127718658,0,0.00088661839254200459,0.00073452771175652742
2.0874259193660691,0,0.00085119344294071198,38,42,38,1.4023957252502441,1.9428415787527271,1.5595184756040186,145.85786279954746,0,569.91876686339253,24.760486759843406,744.03947647714017,0,0.00073452771175652742,0.00063773826695978642
2.0874259193660691,0,0.00085119344294071198,38,42,39,-0.34586134552955627,2.3821183894954059,0.90810155400333936,-10.811407914114591,0,606.91573610281387,44.579183817270305,643.97371444327007,-1.7506198219052749e-05,0.00063773826695978642,0.00048336660256609321
2.0874259193660691,0,0.00085119344294071198,38,42,40,1.6876029968261719,0.019615678086178638,0.22126961036126228,-172.05609861241496,0,-773.90428048430897,52.130307386959196,-893.58918642131732,0,0.00048336660256609321,0.00031885693897493184
2.0874259193660691,0,0.00085119344294071198,38,42,41,2.9039762020111084,-1.3520609992537982,0.65517425779189942,90.241231035863635,0,-200.41796048413391,7.4719255286324815,-103.40169066109969,0,0.00031885693897493184,0.00052816991228610277
2.0874259193660691,0,0.00085119344294071198,38,42,42,1.3183248043060303,0.61044386965760067,1.3753192145844138,159.86002043848652,0,652.93778078300852,19.573050083045029,834.35661438878208,0,0.00052816991228610277,0.00023283733753487468
2.0874259193660691,0,0.00085119344294071198,38,42,43,0.54548376798629761,1.8144115264091942,1.0732008688545038,-47.881973211140071,0,211.65392871913713,53.83646147213998,220.49602937540072,0,0.00023283733753487468,0.00074722408317029476
2.0874259193660691,0,0.00085119344294071198,38,42,44,2.1583795547485352,-0.61735450981550655,0.63892214610673093,-197.96975366590735,0,-578.20269989343103,55.123377120711801,-721.02750880233532,0,0.00074722408317029476,0.00054719607578590512
2.0874259193660691,0,0.00085119344294071198,38,42,45,2.9783873558044434,-1.9620297397484796,1.2673837916674873,93.381983058376605,0,-75.694840704536944,-6.9265724395543797,10.065923966204284,-7.1054273576010019e-15,0.00054719607578590512,0.00039592492976225913
2.0874259193660691,0,0.00085119344294071198,38,42,46,1.8018449544906616,-0.60569818548254739,2.0814006763957362,252.99313538199618,0,536.46974381867085,-35.961372573476794,754.97720911810336,-1.1368683772161603e-13,0.00039592492976225913,0.00069621286820620298
2.0874259193660691,0,0.00085119344294071198,38,42,47,0.32835593819618225,1.907641400845987,1.9026526814025091,1.6200235896021935,0,666.19417437486459,129.005205905716,800.62969795243123,-1.1368683772161603e-13,0.00069621286820620298,0.00052099238382652402
2.0874259193660691,0,0.00085119344294071198,38,42,48,1.5570032596588135,0.32121808674758906,1.3030770152369573,-221.22848871178451,0,-444.34456574781007,160.07233561132739,-503.87642374628268,-5.6843418860808015e-14,0.00052099238382652402,0.0004562675894703716
2.0874259193660691,0,0.00085119344294071198,38,42,49,3.2360281944274902,-1.7763181073173722,1.4869756620078296,-116.08458119703008,0,-433.63861517218442,-76.380243379921708,-626.39278219444577,0,0.0004562675894703716,0.00040398226701654494
2.0874259193660691,0,0.00085119344294071198,38,42,50,2.5119895935058594,-0.86776474295430228,2.4982220267363413,270.1929051754887,0,489.09432996120188,-83.005149010571557,677.9125434099011,1.1368683772161603e-13,0.00040398226701654494,0.00073142582550644875
2.0874259193660691,0,0.00085119344294071198,38,42,51,1.0380502939224243,1.7328160251739131,3.1610767187257238,78.108175175773169,0,691.41920561248719,92.966175836632161,867.38744936879209,-1.1368683772161603e-13,0.00073142582550644875,0.00061045587062835693
2.0874259193660691,0,0.00085119344294071198,38,42,52,1.4246317148208618,0.89992882636258398,3.0658553090828722,-141.40960783927559,0,-241.66116315557977,101.50794015506115,-277.59704670434877,0,0.00061045587062835693,0.00060531805502250791
2.0874259193660691,0,0.00085119344294071198,38,42,53,2.7874255180358887,-1.7418935360551095,3.1275441429731212,-265.76621785150803,0,-495.82119169068301,16.063407450200337,-744.13835148507269,0,0.00060531805502250791,0.00022365483164321631
2.0874259193660691,0,0.00085119344294071198,38,42,54,3.085655689239502,-1.1158502760508642,4.0210388943960469,139.29667973066714,0,72.038146006070278,-80.018451532995897,134.2215628220867,-2.8421709430404007e-14,0.00022365483164321631,0.00031463697087019682
2.0874259193660691,0,0.00085119344294071198,38,42,55,1.7646474838256836,0.11155387204282016,5.0540350692917215,286.56722270728977,0,456.31852527785617,-39.893684857794966,708.15765206868559,1.1368683772161603e-13,0.00031463697087019682,0.0011253864504396915
2.0874259193660691,0,0.00085119344294071198,38,42,56,1.0982984304428101,1.5973820574597193,5.2639272748757611,-40.958061713725513,0,193.87666445650913,114.74612730069741,274.52603937581648,-5.6843418860808015e-14,0.0011253864504396915,0.00076537951827049255
2.0874259193660691,0,0.00085119344294071198,38,42,57,2.2939119338989258,-0.5998920086393088,5.0862404563865891,-302.29815243959814,0,-390.86341007613009,92.369424549379517,-596.30578951860139,0,0.00076537951827049255,0.00077662663534283638
2.0874259193660691,0,0.00085119344294071198,38,42,58,3.0212132930755615,-1.8881966646315711,5.5014759913431845,67.268897393983551,0,-59.975675137478362,-72.927180779944905,-62.020679196728089,7.1054273576010019e-15,0.00077662663534283638,0.00046048607327975333
2.0874259193660691,0,0.00085119344294071198,38,42,59,1.8417011499404907,-0.48741523170547574,6.1419172788365382,324.69404198424007,0,433.38456522262413,-94.875191747578128,668.85791750641715,0,0.00046048607327975333,0.0011752563295885921
2.0874259193660691,0,0.00085119344294071198,38,42,60,1.1009232997894287,1.6858753427385385,6.0520043502902743,-32.396410354040981,0,158.28390239419144,142.69470284322543,276.32007457640469,0,0.0011752563295885921,0.00053807097719982266
2.0874259193660691,0,0.00085119344294071198,38,42,61,2.1931979656219482,0.25133813003166433,5.7035702797271659,-392.73447254918693,0,-428.16295644676694,207.94128421094095,-607.00123637525417,0,0.00053807097719982266,0.00084478274220600724
2.0874259193660691,0,0.00085119344294071198,38,42,62,3.4992704391479492,-2.8397652199982057,5.8550328131804168,-98.267192727925234,0,-416.36125790787798,-144.12306857396698,-655.73625161658799,0,0.00084478274220600724,0.0010744985193014145
2.0874259193660691,0,0.00085119344294071198,38,42,63,2.9126360416412354,-2.0898073442878369,6.2879337434160281,385.27024974780136,0,564.28331155999922,-156.15949021950584,797.59219748742294,0,0.0010744985193014145,0.00070773373590782285
2.0874259193660691,0,0.00085119344294071198,38,42,64,2.0310053825378418,-0.044555462918589611,6.4411802678885994,277.11051444151946,0,494.00222766373219,-13.447281177992084,764.06208573222955,0,0.00070773373590782285,0.0005963366711512208
2.0874259193660691,0,0.00085119344294071198,38,42,65,1.4451570510864258,0.91261124641943536,6.1851017876016723,49.144240132521922,0,312.84808777607822,145.88699311349924,514.97703405612049,0,0.0005963366711512208,0.0011194938560947776
2.0874259193660691,0,0.00085119344294071198,38,42,66,2.1150381565093994,-0.87378195154721972,5.4948581013214994,-252.35618986347353,0,-459.16475302036628,123.0710948595237,-583.82877187454187,0,0.0011194938560947776,0.00035858081537298858
2.0874259193660691,0,0.00085119344294071198,38,42,67,3.5782666206359863,-1.7679482297951119,4.6568910961287227,-357.06930485074872,0,-587.7043640764058,12.461612189565868,-929.42311387125505,0,0.00035858081537298858,0.00083959358744323254
2.0874259193660691,0,0.00085119344294071198,38,42,68,4.2723698616027832,-3.2081667509152458,4.28878935885737,190.25120081578885,0,13.799365837967006,-166.67525345692709,38.455935804770874,-1.4210854715202004e-14,0.00083959358744323254,0.0008488924358971417
2.0874259193660691,0,0.00085119344294071198,38,42,69,3.1458549499511719,0.66947230847672001,3.8714954779301545,417.29510854937075,0,418.3550038185395,-197.30493827970966,642.88614187460746,-1.1368683772161603e-13,0.0008488924358971417,0.00026569952024146914
2.0874259193660691,0,0.00085119344294071198,38,42,70,2.1511557102203369,0.95664398519850935,2.6950089281611271,-58.898133620434983,0,477.81305568502847,181.38382120919687,603.95039618714998,0,0.00026569952024146914,0.00045728508848696947
2.0874259193660691,0,0.00085119344294071198,38,42,71,3.8530871868133545,-0.3690016652771122,1.2499135631459513,-589.35358800475296,0,-756.30109785746015,224.64205732842285,-1120.1317166359213,2.2737367544323206e-13,0.00045728508848696947,0.0003428118652664125
2.0874259193660691,0,0.00085119344294071198,38,42,72,5.7053794860839844,-2.3395261509778305,0.94351187467312647,-4.871484810090573,0,-646.59549521752547,-224.85129141036498,-877.71428571428567,1.1368683772161603e-13,0.0003428118652664125,0.00061725126579403877
2.0874259193660691,0,0.00085119344294071198,38,42,73,3.8807685375213623,0.7549542541155978,1.5516624323549557,615.03784183587504,0,652.26806366129006,-212.31125145246739,1057.3012707311682,0,0.00061725126579403877,8.1852464063558728e-05
2.0874259193660691,0,0.00085119344294071198,38,42,74,2.1510574817657471,1.1088268713578902,1.3501637650143004,8.316424534061591,0,559.20427326300216,152.431930430368,722.41161886380394,0,8.1852464063558728e-05,0.00051030528265982866
2.0874259193660691,0,0.00085119344294071198,38,42,75,3.9756660461425781,0.21554014280681252,0.52224107785662865,-548.45798840652014,0,-887.79057334987669,170.26612484982965,-1265.2446556859038,0,0.00051030528265982866,0.00059276714455336332
2.0874259193660691,0,0.00085119344294071198,38,42,76,5.4553842544555664,-2.3549255877159005,0.36958265223280617,-267.15186845842607,0,-544.1038467682464,-226.30668671126369,-1039.5477448734193,0,0.00059276714455336332,0.00052835914539173245
2.0874259193660691,0,0.00085119344294071198,38,42,77,4.1543126106262207,0.069835439000746208,1.0561632349047334,332.93091835327948,0,501.22346443287574,-163.36896282339967,671.9114186366611,1.1368683772161603e-13,0.00052835914539173245,0.0002632426330819726
2.0874259193660691,0,0.00085119344294071198,38,42,78,2.31589674949646,0.80166817657626899,1.1595862300620814,13.756510664557171,0,479.98746556202553,19.909169090180992,515.61439972340202,0,0.0002632426330819726,0.00032306663342751563
2.0874259193660691,0,0.00085119344294071198,38,42,79,3.3580451011657715,0.77954335081764892,0.54784662819679597,-430.43904232342265,0,-545.56708484597823,131.59983456642618,-843.07890262396029,-1.1368683772161603e-13,0.00032306663342751563,0.00072763586649671197
2.0874259193660691,0,0.00085119344294071198,38,42,80,4.6622552871704102,-1.7779363365216496,0.82727974467209797,-45.354218227891316,0,-697.21557789054691,-165.51200159306404,-909.03245430335176,1.1368683772161603e-13,0.00072763586649671197,0.00046080115134827793
2.0874259193660691,0,0.00085119344294071198,38,42,81,3.6117672920227051,-1.5965547528234216,1.7430466201001793,446.0949054774706,0,219.98568868289928,-173.1752348565914,493.05185117105526,-5.6843418860808015e-14,0.00046080115134827793,0.00081559870159253478
2.0874259193660691,0,0.00085119344294071198,38,42,82,2.6884055137634277,0.88032325195139405,2.2066497294198228,248.61938680163945,0,275.56772819876539,-43.0968989958007,484.17718898597536,-5.6843418860808015e-14,0.00081559870159253478,0.00034161025541834533
2.0874259193660691,0,0.00085119344294071198,38,42,83,2.4899413585662842,1.229836825819892,2.0030678244828559,-105.441933034415,0,-140.79661080001136,-6.3254796151262305,-249.33111879924985,0,0.00034161025541834533,0.00046836043475195765
2.0874259193660691,0,0.00085119344294071198,38,42,84,3.5000696182250977,0.43243373356879172,1.6136907223713897,-422.65844750657027,0,-488.00838546898012,11.632238539457877,-896.98846998015233,0,0.00046836043475195765,0.00072073278715834022
2.0874259193660691,0,0.00085119344294071198,38,42,85,4.3495955467224121,-1.2570053514259893,1.9477299110903954,-79.035023337950591,0,-594.56847440046738,-148.41138690667665,-821.32416008543021,0,0.00072073278715834022,0.00048263435019180179
2.0874259193660691,0,0.00085119344294071198,38,42,86,3.4475948810577393,-0.26337336782054394,2.9136717390876208,387.40712633566824,0,209.22203767771526,-121.18714782452662,478.09231456012395,5.6843418860808015e-14,0.00048263435019180179,0.00075072067556902766
2.0874259193660691,0,0.00085119344294071198,38,42,87,2.7184176445007324,1.3826195728049964,3.521636840481333,200.48322359135281,0,203.02204249191979,-62.976937772029906,345.43258472452902,0,0.00075072067556902766,0.00075469951843842864
2.0874259193660691,0,0.00085119344294071198,38,42,88,2.8004281520843506,1.1418850017834439,3.3735937599156203,-177.55066403198381,0,-131.91242524306261,-52.470417807304898,-357.4180283206523,0,0.00075469951843842864,0.00081147649325430393
2.0874259193660691,0,0.00085119344294071198,38,42,89,3.6772119998931885,-0.43597490924130322,3.1834676934051962,-362.71302307973417,0,-281.21312702278652,-75.126519483304563,-716.30517680166133,0,0.00081147649325430393,0.00092835334362462163
2.0874259193660691,0,0.00085119344294071198,38,42,90,3.5162620544433594,-0.56337079659767031,3.4413897951993628,-226.61031421437653,0,67.097196601171603,-73.878117470967069,-230.51321608557029,2.8421709430404007e-14,0.00092835334362462163,0.00082277850015088916
2.0874259193660691,0,0.00085119344294071198,38,42,91,3.2163171768188477,-0.74730760141012431,3.6015181703396859,-260.12978220101053,0,-81.816968320345921,9.9073878345051547,-329.18515211792175,5.6843418860808015e-14,0.00082277850015088916,0.0013943609083071351
2.0874259193660691,0,0.00085119344294071198,38,42,92,3.7137773036956787,-1.3716675310352071,3.8138522170505995,-108.03929266205816,0,-323.02297032042907,-57.60379534378891,-486.22387364026076,0,0.0013943609083071351,0.00071168463909998536
2.0874259193660691,0,0.00085119344294071198,38,42,93,2.9792239665985107,-1.265293305410947,4.7836190126066507,367.78169770734451,0,203.28309492079541,-83.956365800766335,490.62675253456928,0,0.00071168463909998536,0.00068196962820366025
2.0874259193660691,0,0.00085119344294071198,38,42,94,1.6055859327316284,-0.27549449539477572,5.6379931550764697,247.83454891997698,0,382.20134316306365,-63.916950595320152,571.48144014740217,0,0.00068196962820366025,0.00076124304905533791
2.0874259193660691,0,0.00085119344294071198,38,42,95,1.119017481803894,0.43277783977889672,5.179849381046477,3.8494029292246288,0,30.519605847945538,-39.645096842100656,0.33653915589488403,1.1102230246251565e-15,0.00076124304905533791,0.00065624061971902847
2.0874259193660691,0,0.00085119344294071198,38,42,96,1.5961716175079346,-0.32411823467496459,2.77078450745217,-20.712213418063332,0,-226.37615130607182,-47.818810847715767,-292.46050929907369,0,0.00065624061971902847,0.00064992927946150303
2.0874259193660691,0,0.00085119344294071198,38,42,97,1.5474368333816528,-0.00029712668579218827,0.48949033165492656,22.685091940365137,0,-139.82620721649258,-55.446051367562326,-172.09797343872066,-2.8421709430404007e-14,0.00064992927946150303,0.00047285939217545092
2.0874259193660691,0,0.00085119344294071198,38,42,98,1.342441201210022,0.25627411264047012,0.0022574236816088906,20.730419864283199,0,-126.12123479969627,-52.638897459631799,-157.7711808587228,0,0.00047285939217545092,0.00032681555603630841
2.0874259193660691,0,0.00085119344294071198,38,42,99,1.1367734670639038,0.089849195978051813,-0.0016179566048612388,11.918779993041285,0,-110.71283926465215,-47.563080303119825,-146.26890833535748,2.8421709430404007e-14,0.00032681555603630841,0.00023366662207990885
2.0874259193660691,0,0.00085119344294071198,38,42,100,0.97566395998001099,0.04532230858378309,-0.0013467384834944588,7.2646521408986366,0,-99.834347598696667,-43.047111367868688,-135.57283125556643,0,0.00023366662207990885,0.00017220476001966745
2.0874259193660691,0,0.00085119344294071198,38,42,101,0.85015404224395752,0.02226907185333608,-0.0014016834936449764,4.6446044802737969,0,-92.105851227950396,-39.122781909970001,-126.56316126928691,0,0.00017220476001966745,0.00013250106712803245
2.0874259193660691,0,0.00085119344294071198,38,42,102,0.74806129932403564,0.011974376129269462,-0.0014706571562705835,3.1317888489893453,0,-85.892131182696872,-35.725459045343243,-118.47529766007777,0,0.00013250106712803245,0.00010480875062057748
2.0874259193660691,0,0.00085119344294071198,38,42,103,0.66341334581375122,0.006953633800600093,-0.0014916999346406771,2.174549926583381,0,-80.750350671034468,-32.774684286655244,-111.34502309724037,0,0.00010480875062057748,8.4509294538293034e-05
2.0874259193660691,0,0.00085119344294071198,38,42,104,0.59328067302703857,0.0042577381649038749,-0.0015267712319241664,1.5405454493731687,0,-76.522813858781873,-30.196721526715553,-105.17625896919128,0,8.4509294538293034e-05,6.9133762735873461e-05
2.0874259193660691,0,0.00085119344294071198,38,42,105,0.53437834978103638,0.0027265449724318408,-0.0015361234888253013,1.1136743103104942,0,-72.721097813694655,-27.929458773997169,-99.535691855897724,0,6.9133762735873461e-05,5.7368648413103074e-05
2.0874259193660691,0,0.00085119344294071198,38,42,106,0.48493245244026184,0.0017370223135046233,-0.0016319851237746345,0.80941658405929351,0,-69.477234283263414,-25.922198078257082,-94.589910740271478,0,5.7368648413103074e-05,4.8201862227870151e-05
2.0874259193660691,0,0.00085119344294071198,38,42,107,0.44334834814071655,0.0011489437661333978,-0.0017091421113600046,0.5982218079088627,0,-66.560246487271897,-24.13460515863898,-90.097190036347243,0,4.8201862227870151e-05,4.0844170143827796e-05
2.0874259193660691,0,0.00085119344294071198,38,42,108,0.40795734524726868,0.0007871292788978097,-0.0016974515898910457,0.45144984145949174,0,-63.762861037986262,-22.534048461533413,-85.846369980371179,0,4.0844170143827796e-05,3.4954235161421821e-05
2.0874259193660691,0,0.00085119344294071198,38,42,109,0.37769937515258789,0.00053982217326869174,-0.0017652560534518942,0.33814972613741051,0,-61.120755567518124,-21.094268689507878,-81.878099964768779,0,3.4954235161421821e-05,3.0193590646376833e-05
2.0874259193660691,0,0.00085119344294071198,38,42,110,0.35199880599975586,0.00039410409512888664,-0.0018646247513487294,0.2540149371636895,0,-58.610856906523466,-19.794328429409539,-78.152640919425536,0,3.0193590646376833e-05,2.624291846586857e-05
2.0874259193660691,0,0.00085119344294071198,38,42,111,0.32985305786132812,0.00023429859736885943,-0.0019148936330486799,0.19463391256966919,0,-56.044238163074617,-18.617036594519249,-74.468321440059867,0,2.624291846586857e-05,2.2963427909417078e-05
2.0874259193660691,0,0.00085119344294071198,38,42,112,0.31076538562774658,0.00015965671003348607,-0.0019452889354432952,0.14988806974469399,0,-53.442396948669639,-17.548038102240575,-70.842332613390923,1.4210854715202004e-14,2.2963427909417078e-05,2.0170420611975715e-05
2.0874259193660691,0,0.00085119344294071198,38,42,113,0.29421302676200867,0.00014101096337634935,-0.0019616555853628212,0.11589103266875428,0,-50.7654891560043,-16.575586293522051,-67.227005061479574,1.4210854715202004e-14,2.0170420611975715e-05,1.7811098587117158e-05
2.0874259193660691,0,0.00085119344294071198,38,42,114,0.27989321947097778,9.4425846744380508e-05,-0.0020201076584608416,0.087916127804000599,0,-48.006284725185509,-15.68975515393419,-63.610049433127415,0,1.7811098587117158e-05,1.5821597116882913e-05
2.0874259193660691,0,0.00085119344294071198,38,42,115,0.26752471923828125,6.8883642044198769e-05,-0.0020996026434906482,0.065718268374396316,0,-45.12234863156236,-14.882141708298594,-59.940802790488007,0,1.5821597116882913e-05,1.4068042219150811e-05
2.0874259193660691,0,0.00085119344294071198,38,42,116,0.25683954358100891,4.4451602140255834e-05,-0.0021451953967400314,0.049927677518321334,0,-42.03136673078312,-14.145690958705066,-56.129230755764461,7.1054273576010019e-15,1.4068042219150811e-05,1.2514017726061866e-05
2.0874259193660691,0,0.00085119344294071198,38,42,117,0.24751092493534088,4.2142854706691853e-05,-0.0021603928475947987,0.038653685820635872,0,-38.707517380372487,-13.474188204761248,-52.14517014930599,0,1.2514017726061866e-05,1.1183879905729555e-05
2.0874259193660691,0,0.00085119344294071198,38,42,118,0.23932759463787079,1.1806720142289832e-05,-0.0021650691096070599,0.030163179650795111,0,-35.157085305515984,-12.862784229541273,-47.991859617795924,0,1.1183879905729555e-05,1.0017113709182013e-05
2.0874259193660691,0,0.00085119344294071198,38,42,119,0.23214580118656158,5.7431528198108893e-08,-0.0021183074244163049,0.024648727189970698,0,-31.436633032883204,-12.307277545455937,-43.72138010114206,0,1.0017113709182013e-05,8.9769182523014024e-06
2.0874259193660691,0,0.00085119344294071198,38,42,120,0.22575049102306366,5.7553069339179307e-06,-0.0020364743083803676,0.020867388359691104,0,-27.592622012731383,-11.804114394252714,-39.377899737625853,0,8.9769182523014024e-06,8.0550971688353457e-06
2.0874259193660691,0,0.00085119344294071198,38,42,121,0.22009079158306122,7.8872186853091268e-06,-0.0019160628321134385,0.017856322254098091,0,-23.722281670353908,-11.350353734619164,-35.056687258332403,0,8.0550971688353457e-06,7.2290381467610132e-06
2.0874259193660691,0,0.00085119344294071198,38,42,122,0.21501177549362183,-5.1784539797606463e-06,-0.0017804537714300485,0.015422960692020019,0,-19.931559517791769,-10.943964847553836,-30.861887036878993,0,7.2290381467610132e-06,6.4836935962375719e-06
2.0874259193660691,0,0.00085119344294071198,38,42,123,0.21047022938728333,-1.7075194703458676e-05,-0.0016460136426880302,0.013899921440935182,0,-16.285000908134037,-10.583232125624479,-26.855996201154973,0,6.4836935962375719e-06,5.7976990319730248e-06
2.0874259193660691,0,0.00085119344294071198,38,42,124,0.20634633302688599,-9.2158904120877023e-06,-0.0014613047658077552,0.014145008216971821,0,-12.815202382593586,-10.266842603959464,-23.069370498992299,0,5.7976990319730248e-06,5.1555916797951795e-06
2.0874259193660691,0,0.00085119344294071198,38,42,125,0.20259375870227814,-2.1318716828831504e-05,-0.0012041151633543708,0.015510491683461676,0,-9.6217917156293158,-9.9933607742991502,-19.600867432125188,0,5.1555916797951795e-06,4.5732467697234824e-06
2.0874259193660691,0,0.00085119344294071198,38,42,126,0.19910787045955658,-1.711392759456903e-05,-0.00092822077997532998,0.016893481348239862,0,-6.8345248489543327,-9.7617712771428131,-16.580347979456477,0,4.5732467697234824e-06,4.0460745367454365e-06
2.0874259193660691,0,0.00085119344294071198,38,42,127,0.19586953520774841,-3.4069718144053036e-05,-0.00056114102365921665,0.020814869764826108,0,-4.5309542409859489,-9.5713738645589199,-14.082108446521847,0,4.0460745367454365e-06,3.5386688068683725e-06
2.0874259193660691,0,0.00085119344294071198,38,42,128,0.19248406589031219,-4.30778700371381e-05,-6.1959319692850677e-05,0.027729818088717037,0,-2.8989739179528251,-9.4250745654633352,-12.296423702517172,1.7763568394002505e-15,3.5386688068683725e-06,3.0109779345366405e-06
2.0874259193660691,0,0.00085119344294071198,38,42,129,0.18887381255626678,-6.737195740692379e-05,0.00050502691461521039,0.035239977154411233,0,-2.0582912637505717,-9.3248865926592135,-11.347500224298166,0,3.0109779345366405e-06,2.397417347310693e-06
2.0874259193660691,0,0.00085119344294071198,38,42,130,0.18489652872085571,-0.00017423563668572927,0.0015922376980405776,0.061586805578350085,0,-2.2739501204645269,-9.2711250577157482,-11.482070370540569,1.7763568394002505e-15,2.397417347310693e-06,1.5309291256926372e-06
2.0874259193660691,0,0.00085119344294071198,38,42,131,0.17766976356506348,9.9047749147393441e-05,0.0042599956246471404,0.13600565450204713,0,-3.3984607675154983,-9.2911871609541752,-12.549283230593833,0,1.5309291256926372e-06,7.3788305599009618e-07
2.0874259193660691,0,0.00085119344294071198,38,42,132,0.16178983449935913,5.3365910248456721e-06,0.0030757543077214915,0.090489538952385332,0,-6.728787411292811,-9.4537497182596208,-16.0889664997013,0,7.3788305599009618e-07,7.3788305599009618e-07
2.0882771128090099,0,0.00093631277559325099,38,42,0,0.0091868136078119278,0,4.8084653411150544,-20.343010336303646,0,260.31967039607963,-23.879473304632533,220.90564811757699,-3.9786815193565417e-06,0.00040104618528857827,0.00040104618528857827
2.0882771128090099,0,0.00093631277559325099,38,42,1,0.60162580013275146,-0.34951125317214371,9.6082531779252065,-49.149639018581126,0,-239.43074915277398,2.390169026200923,-276.93147722040112,0,0.00040104618528857827,0.00037390788202174008
2.0882771128090099,0,0.00093631277559325099,38,42,2,0.52920013666152954,-0.66333572282167341,9.6877492232090656,8.743868711965904,0,-9.1780860938181803,6.0357552914443238,14.625951409979441,-1.7763568394002505e-15,0.00037390788202174008,0.00058553193230181932
2.0882771128090099,0,0.00093631277559325099,38,42,3,0.44841855764389038,-0.56412033745932966,9.6800116824034923,-25.950679394054269,0,-80.767011210121566,7.0705944293112948,-90.531204829920384,-1.4210854715202004e-14,0.00058553193230181932,0.00046762774582020938
2.0882771128090099,0,0.00093631277559325099,38,42,4,0.75610166788101196,-1.0829781997473413,9.3129285824809571,3.3056158902570236,0,-336.82603892853859,8.4835037960040491,-316.80696885954393,-5.6843418860808015e-14,0.00046762774582020938,0.0007581570534966886
2.0882771128090099,0,0.00093631277559325099,38,42,5,0.40811040997505188,-0.33788455122120342,8.6858267118852108,44.485478465355413,0,349.35439763352997,10.143155073275812,412.33097333282524,5.6843418860808015e-14,0.0007581570534966886,0.0004576627688948065
2.0882771128090099,0,0.00093631277559325099,38,42,6,0.20809063315391541,0.19728689979958014,7.6109869051024166,-3.8728008071252713,0,558.72235685154749,11.027058950569296,573.68490471461939,1.5914725850052491e-05,0.0004576627688948065,0.00041911337757483125
2.0882771128090099,0,0.00093631277559325099,38,42,7,0.75443792343139648,0.24755505360620539,5.6522884785279572,-74.124236442844904,0,81.664633581153382,11.906379386799394,25.346620057242035,7.1054273576010019e-15,0.00041911337757483125,0.00064330233726650476
2.0882771128090099,0,0.00093631277559325099,38,42,8,1.3351513147354126,-0.39793553678101418,3.5148027776916075,-138.90729268069944,0,-183.97079399127091,12.365614717789326,-307.39560471327042,5.6843418860808015e-14,0.00064330233726650476,0.00068489019758999348
2.0882771128090099,0,0.00093631277559325099,38,42,9,2.1558372974395752,-1.1028554437470077,2.2069554687940509,-92.878849708477659,0,-760.99253928839164,12.301191907287272,-840.46609706453501,0,0.00068489019758999348,0.00053356651915237308
2.0882771128090099,0,0.00093631277559325099,38,42,10,2.0337135791778564,-0.69952444187957641,1.9681190739792926,143.5391145108668,0,-61.776127923561575,12.210032357248794,95.241613576653748,2.8421709430404007e-14,0.00053356651915237308,0.00061376683879643679
2.0882771128090099,0,0.00093631277559325099,38,42,11,0.8239322304725647,0.5934350139263177,2.4162942921276005,41.261664266299121,0,1381.0162559600183,10.251629845109308,1435.5392793774806,0,0.00061376683879643679,0.00022735079983249307
2.0882771128090099,0,0.00093631277559325099,38,42,12,1.4150679111480713,0.11727710726979085,2.5491397313556967,-165.10611448121318,0,-3.2551343796561065,7.4901066044185374,-158.20472541782527,0,0.00022735079983249307,0.00029870323487557471
2.0882771128090099,0,0.00093631277559325099,38,42,13,2.9229974746704102,-0.90704214810007699,2.4246704113104962,-32.39194190180104,0,-1171.6759883650921,4.1650747485457762,-1198.3852272551369,0,0.00029870323487557471,0.00034033125848509371
2.0882771128090099,0,0.00093631277559325099,38,42,14,1.4311438798904419,0.024113047768858004,2.979441344630219,96.224889002557603,0,1016.7188855762912,-2.5165637794141902,1113.4307651918336,0,0.00034033125848509371,0.00038140255492180586
2.0882771128090099,0,0.00093631277559325099,38,42,15,1.2219843864440918,0.34642056366602175,3.4251148424650393,-113.88768841154935,0,428.47942291214491,19.502923678134366,337.86619358486104,5.6843418860808015e-14,0.00038140255492180586,0.00021189279505051672
2.0882771128090099,0,0.00093631277559325099,38,42,16,2.4169614315032959,-0.28407139221711464,3.4041215783106158,-96.019270743741771,0,-821.18763468069926,10.795658835771903,-903.29119640257568,0,0.00021189279505051672,0.00022032178821973503
2.0882771128090099,0,0.00093631277559325099,38,42,17,2.1210050582885742,-0.17740890979713636,4.0766440766664571,171.54444867939168,0,-70.138361508096835,1.04451529122301,106.34983762938718,1.4210854715202004e-14,0.00022032178821973503,0.0003531196853145957
2.0882771128090099,0,0.00093631277559325099,38,42,18,1.0907130241394043,0.57827748083068153,5.3197199430973949,39.918843352533997,0,529.17609526107333,-7.7199152466244776,567.27302079091089,0,0.0003531196853145957,0.00059365655761212111
2.0882771128090099,0,0.00093631277559325099,38,42,19,0.99745064973831177,0.65175427837255262,6.6152278687241504,-84.014347374079549,0,125.71487612219799,14.833797730423317,63.801308625638463,7.1054273576010019e-15,0.00059365655761212111,0.00077608035644516349
2.0882771128090099,0,0.00093631277559325099,38,42,20,1.2004572153091431,-0.36282541340520985,7.4497165220529924,-120.17094952041657,0,-403.84056254577428,18.399842195545855,-498.5247787619972,5.6843418860808015e-14,0.00077608035644516349,0.0005257505108602345
2.0882771128090099,0,0.00093631277559325099,38,42,21,1.537783145904541,-0.66192677224305196,7.8631492718608813,19.930202239487905,0,-600.13476540170916,12.021602002420655,-560.98173866018271,1.1368683772161603e-13,0.0005257505108602345,0.00072222284507006407
2.0882771128090099,0,0.00093631277559325099,38,42,22,1.0023947954177856,-0.052507654143911772,8.4272183837961734,146.82862469849832,0,96.954038085058116,-4.6520653615306635,247.50530815167804,0,0.00072222284507006407,0.00059455644804984331
2.0882771128090099,0,0.00093631277559325099,38,42,23,0.52621996402740479,0.41188902139417849,8.9779902448946842,24.347748199941925,0,310.45626114225087,-3.6997281628046621,340.49416044567698,0,0.00059455644804984331,0.00022239946702029556
2.0882771128090099,0,0.00093631277559325099,38,42,24,0.77815532684326172,-0.1295379115813885,9.2076795266562641,-80.484970437464114,0,-131.03115848449784,7.5624231189742011,-194.87556418791289,-2.8421709430404007e-14,0.00022239946702029556,0.00045995923574082553
2.0882771128090099,0,0.00093631277559325099,38,42,25,1.0827710628509521,-0.98114384730168624,9.2094390985401908,-10.336041551360022,0,-264.94708384716864,7.4021936584666248,-259.65263648882353,0,0.00045995923574082553,0.00081677502021193504
2.0882771128090099,0,0.00093631277559325099,38,42,26,0.88161545991897583,-0.62212354539560555,9.2359371171878983,80.699882896214035,0,83.150559710342037,-8.922177301112395,163.54207887723598,0,0.00081677502021193504,0.00054804014507681131
2.0882771128090099,0,0.00093631277559325099,38,42,27,0.88403826951980591,-0.38795625762982111,9.0404107839426135,-25.645625927724392,0,33.342623969031933,-4.3426194308483712,12.006833136771963,1.7763568394002505e-15,0.00054804014507681131,0.0007982636452652514
2.0882771128090099,0,0.00093631277559325099,38,42,28,1.2724368572235107,-0.56332957451545096,8.6210189639500996,-35.457245430748529,0,-236.6649607655381,-3.8000545949699145,-267.86457140182188,5.6843418860808015e-14,0.0007982636452652514,0.00043670609011314809
2.0882771128090099,0,0.00093631277559325099,38,42,29,1.2226169109344482,-0.81662039480829318,8.3021435581634435,29.488077352530638,0,149.03758865543631,-8.6201794621581076,177.39100970916397,0,0.00043670609011314809,0.00066087819868698716
2.0882771128090099,0,0.00093631277559325099,38,42,30,1.4202234745025635,-1.2713155528959175,7.5652713575777186,-52.142116761743686,0,-125.48188453480914,11.527354274418737,-159.80269121745229,0,0.00066087819868698716,0.00056891352869570255
2.0882771128090099,0,0.00093631277559325099,38,42,31,1.9322680234909058,-1.0099087197218455,5.9711017174165102,1.6896346208947546,0,-184.32651994491266,5.6592765352099947,-172.01641579111325,0,0.00056891352869570255,0.0005274335271678865
2.0882771128090099,0,0.00093631277559325099,38,42,32,1.7443383932113647,-0.44102689520295968,4.3303312731016081,-10.814756506869349,0,195.21664859371327,6.1896825204897432,194.48087898523232,0,0.0005274335271678865,0.00056069594575092196
2.0882771128090099,0,0.00093631277559325099,38,42,33,2.205986499786377,-0.68433271698998321,3.2915467752133862,-53.206875584329985,0,-410.80389172242155,7.5075491440208717,-453.89600410450726,0,0.00056069594575092196,0.00059227528981864452
2.0882771128090099,0,0.00093631277559325099,38,42,34,1.6880258321762085,-0.54397776513855667,3.1473722891424702,90.622141573796057,0,593.54848791142911,8.227785980009239,695.00180998923827,0,0.00059227528981864452,0.00080771907232701778
2.0882771128090099,0,0.00093631277559325099,38,42,35,0.98510599136352539,-0.15177973571732611,3.4869970161753918,-34.31654153609805,0,694.34338594870201,5.9139121498426155,669.27597384290459,-1.1368683772161603e-13,0.00080771907232701778,0.00043699171510525048
2.0882771128090099,0,0.00093631277559325099,38,42,36,2.1022827625274658,-0.26663407463422084,3.1022562791830848,-136.98772209979143,0,-704.21108894584893,-1.5488211260029152,-839.91200996709449,0,0.00043699171510525048,0.00082849006867036223
2.0882771128090099,0,0.00093631277559325099,38,42,37,2.4767088890075684,-1.565912422630964,2.0619425999353092,-7.1761408915765159,0,-734.65506839571049,0.99040522311357815,-740.34477388686901,0,0.00082849006867036223,0.00060147175099700689
2.0882771128090099,0,0.00093631277559325099,38,42,38,2.035717248916626,0.57431110839787136,1.1327660520992175,140.15959063346267,0,-246.56086465700565,-0.63748026123276591,-105.33167712427866,1.4210854715202004e-14,0.00060147175099700689,0.00054713862482458353
2.0882771128090099,0,0.00093631277559325099,38,42,39,0.20228485763072968,2.010739580315001,0.93310276045272667,27.749473119996846,0,1569.8682873659891,0.10669232253106806,1600.6683269787366,3.1829451927478658e-05,0.00054713862482458353,0.0003997810126747936
2.0882771128090099,0,0.00093631277559325099,38,42,40,0.92698574066162109,0.63456158753369674,0.73646022055199112,-113.96955376165373,0,-297.94563144192824,6.7418598508205809,-403.80230354467574,0,0.0003997810126747936,0.00027308307471685112
2.0882771128090099,0,0.00093631277559325099,38,42,41,2.8159613609313965,-0.73204562478385349,0.37886602728840857,-44.036428558950789,0,-1650.2848881409243,5.2522415052197502,-1689.4222547921509,0,0.00027308307471685112,0.0003573451831471175
2.0882771128090099,0,0.00093631277559325099,38,42,42,2.0285236835479736,-0.21307766491930022,0.81223526614985664,199.08710993612911,0,113.42743453810088,-2.6530484688572749,310.46065360660327,0,0.0003573451831471175,0.0004217280657030642
2.0882771128090099,0,0.00093631277559325099,38,42,43,0.73316854238510132,1.2656145996722188,1.2893991575514971,21.526130954197853,0,1165.6645507748451,-3.712459943536293,1186.033299201634,6.3658903627583641e-05,0.0004217280657030642,0.00057974812807515264
2.0882771128090099,0,0.00093631277559325099,38,42,44,1.5446456670761108,0.31886533474916373,1.1295020412811827,-173.51430979418964,0,-310.07895482026896,-0.82794770097796611,-482.97284493940623,0,0.00057974812807515264,0.00049121183110401034
2.0882771128090099,0,0.00093631277559325099,38,42,45,2.9869554042816162,-1.454198941906961,0.97955815623175591,-62.104862502052285,0,-1417.4786754795291,1.6440548458755153,-1478.4141239213809,2.2737367544323206e-13,0.00049121183110401034,0.00045567884808406234
2.0882771128090099,0,0.00093631277559325099,38,42,46,2.4444766044616699,-0.93507195911705843,1.334085967246375,236.2465944506967,0,-155.61699098412126,2.5641806393504902,83.592798114055242,-1.4210854715202004e-14,0.00045567884808406234,0.00062661577248945832
2.0882771128090099,0,0.00093631277559325099,38,42,47,1.0098466873168945,1.3557891773771424,1.9101672159008503,71.449225652225564,0,1438.4103595913671,2.7905517007588898,1515.9160933376295,0,0.00062661577248945832,0.00042347956332378089
2.0882771128090099,0,0.00093631277559325099,38,42,48,1.128106951713562,1.0085455239802281,1.9922078766578901,-111.14157062554385,0,407.29577685962795,3.9017815230156465,303.05674115773786,0,0.00042347956332378089,0.00054161087609827518
2.0882771128090099,0,0.00093631277559325099,38,42,49,2.7028467655181885,-1.2772676603879549,1.6146598497761775,-218.83664820703515,0,-1117.7903815499587,6.2894996814257302,-1330.00013788618,0,0.00054161087609827518,0.00030046852771192789
2.0882771128090099,0,0.00093631277559325099,38,42,50,3.0890243053436279,-0.95965585897215366,1.9557903834149657,134.9953257330985,0,-646.38843357507346,8.7508075324646413,-501.64616578506752,-5.6843418860808015e-14,0.00030046852771192789,0.00034320479608140886
2.0882771128090099,0,0.00093631277559325099,38,42,51,1.776364803314209,0.30566493993962723,2.8362839090122791,210.65291418835736,0,808.32930004859588,10.714048121282147,1032.8382112071872,0,0.00034320479608140886,0.00095159612828865647
2.0882771128090099,0,0.00093631277559325099,38,42,52,1.1883429288864136,1.8544562258314528,3.3443118003154471,-30.617004350004361,0,671.86841903547929,15.345997269256834,661.79617998087872,1.1368683772161603e-13,0.00095159612828865647,0.00082121999002993107
2.0882771128090099,0,0.00093631277559325099,38,42,53,2.154019832611084,-1.2495166057420704,3.5096623212212115,-243.371935537154,0,-558.39807839631283,21.211528652319252,-778.29833956566847,0,0.00082121999002993107,0.0001885325473267585
2.0882771128090099,0,0.00093631277559325099,38,42,54,3.199904203414917,-1.2176227490065574,3.8110864840397989,-63.001179865559109,0,-1044.2935036026649,20.312028343629517,-1084.3891913895613,0,0.0001885325473267585,0.00045697906170971692
2.0882771128090099,0,0.00093631277559325099,38,42,55,2.3674266338348389,-0.73450836645223028,4.5046432767028124,277.04074772853033,0,153.88139463478532,11.515131764916372,446.20740903848264,5.6843418860808015e-14,0.00045697906170971692,0.00090427848044782877
2.0882771128090099,0,0.00093631277559325099,38,42,56,1.3319731950759888,1.140020058771342,5.2308357015295108,64.88841172340878,0,955.7993518603538,5.7873582493702029,1032.8459775934336,0,0.00090427848044782877,0.00054360099602490664
2.0882771128090099,0,0.00093631277559325099,38,42,57,1.7863403558731079,0.15726584014117853,5.4723456459641158,-200.7754713789507,0,-76.108420810965939,33.178638633208521,-238.07564207060281,0,0.00054360099602490664,0.00065839808667078614
2.0882771128090099,0,0.00093631277559325099,38,42,58,2.9684216976165771,-1.9023657675240249,5.4163372494541902,-98.415901148663991,0,-964.66894690704453,44.144394059555019,-1015.4264825142233,1.1368683772161603e-13,0.00065839808667078614,0.00081967125879600644
2.0882771128090099,0,0.00093631277559325099,38,42,59,2.4110286235809326,-0.85528273474174099,5.7259527714345095,289.08017422397529,0,139.0397032003084,2.883239064485164,435.87378652546158,-5.6843418860808015e-14,0.00081967125879600644,0.00074815971311181784
2.0882771128090099,0,0.00093631277559325099,38,42,60,1.3361251354217529,1.3949456198167183,6.1154045159651123,86.601063265325024,0,1015.6430501044683,-8.8990054601808275,1100.8554580453945,2.2737367544323206e-13,0.00074815971311181784,0.00070208072429522872
2.0882771128090099,0,0.00093631277559325099,38,42,61,1.6765224933624268,0.86222802059788273,6.1245912914992795,-224.57091493075447,0,67.006852719344863,77.994761444164396,-72.582481455148042,0,0.00070208072429522872,0.00067189120454713702
2.0882771128090099,0,0.00093631277559325099,38,42,62,2.9411120414733887,-1.1966068561012242,5.8457439080636124,-353.04362207723108,0,-985.096070548488,163.83420958612325,-1169.6563459876334,0,0.00067189120454713702,0.0010007972596213222
2.0882771128090099,0,0.00093631277559325099,38,42,63,3.5915412902832031,-3.1382795099582355,5.9117706245367403,119.25680766388547,0,-616.51229154584269,-139.19885045945378,-633.68084322683251,0,0.0010007972596213222,0.0008447592263109982
2.0882771128090099,0,0.00093631277559325099,38,42,64,2.6813700199127197,-1.0710978568521381,6.1691574974118364,396.95145965079234,0,280.39608122254435,-71.727287743404389,610.71831277049205,1.1368683772161603e-13,0.0008447592263109982,0.00059153535403311253
2.0882771128090099,0,0.00093631277559325099,38,42,65,1.8835021257400513,0.24609487750354647,6.153916660672742,199.2064067215845,0,983.94664538403629,-1.9645137668906685,1187.5885498769064,0,0.00059153535403311253,0.00066501356195658445
2.0882771128090099,0,0.00093631277559325099,38,42,66,1.6180869340896606,0.83433547409191411,5.8387727607778599,-78.992805735716956,0,730.28475734177084,32.282193951894385,690.24725379281801,-1.1368683772161603e-13,0.00066501356195658445,0.00072011083830147982
2.0882771128090099,0,0.00093631277559325099,38,42,67,2.7871477603912354,-0.84475713289001286,4.9856414980456902,-433.9482320076097,0,-335.35204884378584,17.016788854668775,-748.14260763157108,0,0.00072011083830147982,0.00069578399416059256
2.0882771128090099,0,0.00093631277559325099,38,42,68,4.3051033020019531,-2.7475309639331904,4.1347857924517077,-99.599702121091042,0,-1149.9331625028417,-8.94305742151227,-1257.0886672169265,0,0.00069578399416059256,0.00071700994158163667
2.0882771128090099,0,0.00093631277559325099,38,42,69,3.69307541847229,-1.2648673535570127,3.5084617540850336,404.52024866013238,0,99.28955594246851,-68.760273561705091,437.29312544142385,5.6843418860808015e-14,0.00071700994158163667,0.0006056478014215827
2.0882771128090099,0,0.00093631277559325099,38,42,70,2.6652343273162842,0.71050025640737124,2.9442847204146334,155.16144786954351,0,1330.7789409135339,-90.308048543146711,1399.2871252167527,0,0.0006056478014215827,0.00055375404190272093
2.0882771128090099,0,0.00093631277559325099,38,42,71,2.8996384143829346,0.3378854215577769,2.0564532628327554,-274.64437195922272,0,248.52665160196946,99.050962371557745,75.327580698695016,2.8421709430404007e-14,0.00055375404190272093,0.00043821707367897034
2.0882771128090099,0,0.00093631277559325099,38,42,72,4.9582748413085938,-1.1685120185088262,0.92609891337857131,-307.66348137986392,0,-1505.3301269305075,125.95168724380633,-1687.2843341716955,-2.2737367544323206e-13,0.00043821707367897034,0.00036556518170982599
2.0882771128090099,0,0.00093631277559325099,38,42,73,4.7807364463806152,-1.0707466760447504,0.77384154938311478,368.25453515292526,0,31.303374649246589,-134.89678175023565,264.36422292527459,0,0.00036556518170982599,0.00047438257024623454
2.0882771128090099,0,0.00093631277559325099,38,42,74,2.7659695148468018,0.85063986212376674,1.3947369877066824,241.4890324847531,0,1702.6724736351739,-101.99276762740841,1844.4141153423491,2.2737367544323206e-13,0.00047438257024623454,0.00012973812408745289
2.0882771128090099,0,0.00093631277559325099,38,42,75,2.898698091506958,0.62883011036302916,1.333901207225211,-233.20471739829543,0,154.96970725172514,71.928959150193421,-4.3433196787886112,2.042810365310288e-14,0.00012973812408745289,0.00039586678030900657
2.0882771128090099,0,0.00093631277559325099,38,42,76,4.5705280303955078,-0.97525508787881632,0.77969493584096361,-397.47397193201851,0,-1258.6989828438634,55.958722671664717,-1600.4097922562548,2.2737367544323206e-13,0.00039586678030900657,0.00034817701089195907
2.0882771128090099,0,0.00093631277559325099,38,42,77,4.7262392044067383,-0.6428200869453804,0.77828623392993457,166.927395714873,0,-551.81574775805962,-8.9590994652341251,-393.71198536143618,5.6843418860808015e-14,0.00034817701089195907,0.00026194265228696167
2.0882771128090099,0,0.00093631277559325099,38,42,78,2.7547843456268311,0.39858804054351027,1.2899007200853974,180.75869303048771,0,1395.5299767228482,-5.8240257778773001,1572.1531327360876,0,0.00026194265228696167,0.00022876881121192127
2.0882771128090099,0,0.00093631277559325099,38,42,79,2.6404218673706055,0.87616770415966794,1.3353426089246425,-205.42957382539842,0,509.48792417329372,25.676946108324202,331.94680676930381,0,0.00022876881121192127,0.00056143570691347122
2.0882771128090099,0,0.00093631277559325099,38,42,80,3.8884928226470947,-0.55830729731835005,0.80377602982419638,-224.38948705532871,0,-810.80639530774204,46.028952243451045,-988.92146138711382,1.1368683772161603e-13,0.00056143570691347122,0.00050368922529742122
2.0882771128090099,0,0.00093631277559325099,38,42,81,4.0314497947692871,-1.3924007556759466,0.93405664933722943,197.7031653706008,0,-221.59511582035034,-27.039246646608724,-51.389541202696975,2.1316282072803006e-14,0.00050368922529742122,0.00070112512912601233
2.0882771128090099,0,0.00093631277559325099,38,42,82,3.1005339622497559,0.09938050064370714,1.6540403417165188,335.16412776018694,0,493.50368273596024,-14.765810021316408,815.65542131719099,0,0.00070112512912601233,0.0005949894548393786
2.0882771128090099,0,0.00093631277559325099,38,42,83,2.277712345123291,0.79934844117435511,2.1997498279686512,84.660485246209831,0,807.25983046713884,-4.0553267986391166,890.86408718385258,0,0.0005949894548393786,0.00025409710360690951
2.0882771128090099,0,0.00093631277559325099,38,42,84,2.7365589141845703,1.1577749248697495,2.3078157902802179,-215.70921358811731,0,-63.504849111302434,-4.2684568080866203,-280.0169287923564,0,0.00025409710360690951,0.00068333826493471861
2.0882771128090099,0,0.00093631277559325099,38,42,85,3.6504898071289062,-0.76610630875276975,2.0087281081599588,-275.15746272270746,0,-844.63651916098809,40.013695118984643,-1078.5376649653037,-2.2737367544323206e-13,0.00068333826493471861,0.00028411712264642119
2.0882771128090099,0,0.00093631277559325099,38,42,86,3.854543924331665,-0.5915344475174924,2.2678006986440344,120.63387706781867,0,-391.85518245953511,-57.946917550716222,-327.49195669130609,0,0.00028411712264642119,0.00056736654369160533
2.0882771128090099,0,0.00093631277559325099,38,42,87,3.0124475955963135,0.40002533922766703,3.0841537757904818,322.65184292836926,0,308.52414975732216,-14.271053022085226,620.38911877862438,0,0.00056736654369160533,0.00074173096800222993
2.0882771128090099,0,0.00093631277559325099,38,42,88,2.4961962699890137,1.1176526575012351,3.6025277309436543,10.035444208286213,0,487.11283807991072,-4.5918440386700485,497.27661863797175,0,0.00074173096800222993,0.00063188228523358703
2.0882771128090099,0,0.00093631277559325099,38,42,89,3.067497730255127,0.19100132906611456,3.7372622978713248,-253.62165561515357,0,-206.87972365073119,11.156859455128275,-445.41625618381909,0,0.00063188228523358703,0.00083976442692801356
2.0882771128090099,0,0.00093631277559325099,38,42,90,3.3200507164001465,-0.61797726195968339,3.9274763453398545,-182.78508325173411,0,-194.14972536840258,-32.836026413720333,-406.46133595047684,0,0.00083976442692801356,0.00065235339570790529
2.0882771128090099,0,0.00093631277559325099,38,42,91,2.9361169338226318,-0.48383651324269938,4.1281814298647665,-147.69323992798337,0,39.975245141175122,-45.136709049778339,-149.21035891996453,0,0.00065235339570790529,0.0011645067716017365
2.0882771128090099,0,0.00093631277559325099,38,42,92,3.2999067306518555,-1.3835235712943352,4.0164558265956334,-242.73445527592125,0,-479.11651587360251,-11.362095760522168,-730.5801346547446,0,0.0011645067716017365,0.0012218373594805598
2.0882771128090099,0,0.00093631277559325099,38,42,93,3.3968422412872314,-1.275871640524139,4.4083989717346386,130.86717314867442,0,-439.73329853644822,-7.5107320892037794,-313.24433014576709,0,0.0012218373594805598,0.00060362188378348947
2.0882771128090099,0,0.00093631277559325099,38,42,94,2.0920271873474121,-0.90218492401744133,5.3493959335761616,363.33752143436936,0,432.07003971407954,-32.738500973316043,767.11627118469153,0,0.00060362188378348947,0.00076454563532024622
2.0882771128090099,0,0.00093631277559325099,38,42,95,1.1193039417266846,0.51206923701509122,5.3798169321618019,94.453007078136523,0,509.06688418449869,-26.169538704831009,583.2422387269811,0,0.00076454563532024622,0.00065693818032741547
2.0882771128090099,0,0.00093631277559325099,38,42,96,1.3472311496734619,0.11013164400175535,3.0843994593717872,-15.86825491486834,0,86.4955168030598,-22.064557961338529,51.757235030226475,0,0.00065693818032741547,0.00052027608035132289
2.0882771128090099,0,0.00093631277559325099,38,42,97,1.400948166847229,-0.047975376437663912,0.60511810125383791,12.333403312538298,0,175.0493805970024,-20.502750418989351,167.43717621536751,0,0.00052027608035132289,0.00043825176544487476
2.0882771128090099,0,0.00093631277559325099,38,42,98,1.208147406578064,0.1810299655094941,0.0091828386210735472,18.207846942112859,0,141.82516218877464,-17.376843613759299,142.84637832125875,-2.8421709430404007e-14,0.00043825176544487476,0.00030727361445315182
2.0882771128090099,0,0.00093631277559325099,38,42,99,1.0122703313827515,0.081686467890587311,0.0015793780942796444,10.281040258599376,0,118.86696053788292,-14.739455235201932,114.49181140726523,1.4210854715202004e-14,0.00030727361445315182,0.00021823868155479431
2.0882771128090099,0,0.00093631277559325099,38,42,100,0.86026525497436523,0.039698272853204493,0.0011070843916729679,6.1942659615531301,0,101.23853693686659,-12.937462649350532,94.536145606314065,0,0.00021823868155479431,0.00016014977882150561
2.0882771128090099,0,0.00093631277559325099,38,42,101,0.74242430925369263,0.019512663068824786,0.000985503909101178,3.9248897050435567,0,85.686221160853677,-11.576180653524544,78.055428379350616,0,0.00016014977882150561,0.00012273572792764753
2.0882771128090099,0,0.00093631277559325099,38,42,102,0.64721590280532837,0.01046916900003643,0.00079845694745703504,2.6132616540709277,0,72.356937959487198,-10.466987916184847,64.514479323320771,0,0.00012273572792764753,9.6728414064273238e-05
2.0882771128090099,0,0.00093631277559325099,38,42,103,0.5686371922492981,0.0060440794716408912,0.00070376431612355697,1.7935259516648636,0,61.01381255225516,-9.5219714913795332,53.292114856328254,0,9.6728414064273238e-05,7.7668781159445643e-05
2.0882771128090099,0,0.00093631277559325099,38,42,104,0.50375533103942871,0.0037209026716364334,0.00060790277711811791,1.2540167431619986,0,50.781089401532327,-8.6979069835247156,43.341527966618365,0,7.7668781159445643e-05,6.3248502556234598e-05
2.0882771128090099,0,0.00093631277559325099,38,42,105,0.449654221534729,0.0023704104078134526,0.00052606970863260734,0.89342088339037873,0,41.920661236968343,-7.9709223037485835,34.84605629672658,-7.1054273576010019e-15,6.3248502556234598e-05,5.2189006964908913e-05
2.0882771128090099,0,0.00093631277559325099,38,42,106,0.40441814064979553,0.0015247784679186323,0.00048047699731325544,0.64053588860835731,0,33.810230445852909,-7.3256438268176929,27.127127763108806,0,5.2189006964908913e-05,4.359934973763302e-05
2.0882771128090099,0,0.00093631277559325099,38,42,107,0.36665821075439453,0.0010123733348965458,0.00038812254558286781,0.46365962479417316,0,26.129242618815397,-6.7509312445918681,19.843371494898179,-3.5527136788005009e-15,4.359934973763302e-05,3.672757520689629e-05
2.0882771128090099,0,0.00093631277559325099,38,42,108,0.33488547801971436,0.00067457829308083662,0.00031213471362056844,0.34181648319246416,0,19.082679425635057,-6.2378404811071375,13.187642140727084,-1.7763568394002505e-15,3.672757520689629e-05,3.1208277505356818e-05
2.0882771128090099,0,0.00093631277559325099,38,42,109,0.30800527334213257,0.00048099822182855726,0.00028290862206930477,0.25052961534666968,0,12.57801264984476,-5.7787642973763518,7.0505418746589754,0,3.1208277505356818e-05,2.675361065485049e-05
2.0882771128090099,0,0.00093631277559325099,38,42,110,0.28547579050064087,0.00032365853809736717,0.00021744214299695177,0.18171434049220392,0,6.2383815817882322,-5.3673368030336945,1.0533002199278354,-6.6613381477509392e-16,2.675361065485049e-05,2.3071836039889604e-05
2.0882771128090099,0,0.00093631277559325099,38,42,111,0.26646611094474792,0.00022971245592988594,0.0001204115141899675,0.13215588399433012,0,0.3227824709986758,-4.9980515029127366,-4.5427630239496111,0,2.3071836039889604e-05,2.001346911129076e-05
2.0882771128090099,0,0.00093631277559325099,38,42,112,0.25046485662460327,0.00016058157325686952,3.0395137717595994e-05,0.095138231517112898,0,-5.2735831526711472,-4.6660862350613721,-9.8443401795044316,0,2.001346911129076e-05,1.740813058859203e-05
2.0882771128090099,0,0.00093631277559325099,38,42,113,0.23698984086513519,0.00013101155464905899,-5.1437925076365041e-05,0.066969166648379236,0,-10.516944240830584,-4.3673031707418204,-14.817198671294454,-1.7763568394002505e-15,1.740813058859203e-05,1.5187469216471072e-05
2.0882771128090099,0,0.00093631277559325099,38,42,114,0.22574876248836517,9.7934416514083194e-05,-0.00012976386834316077,0.043733666813152598,0,-15.515425441343014,-4.0980896671714824,-19.569813271153173,0,1.5187469216471072e-05,1.3307695553521626e-05
2.0882771128090099,0,0.00093631277559325099,38,42,115,0.21650350093841553,7.4661488442186744e-05,-0.00023380874758757467,0.024285871745586197,0,-20.319556008987096,-3.8552946086192788,-24.150723893119935,0,1.3307695553521626e-05,1.1655517482722644e-05
2.0882771128090099,0,0.00093631277559325099,38,42,116,0.20906271040439606,5.3009544025384983e-05,-0.00035538933640162201,0.0091509674008598049,0,-24.944980119336822,-3.6362602358574816,-28.57239176758582,0,1.1655517482722644e-05,1.0177870535699185e-05
2.0882771128090099,0,0.00093631277559325099,38,42,117,0.20312529802322388,2.7850436446205026e-05,-0.0004734627620532912,-0.0023235499835226638,0,-29.283604953980642,-3.438583425272995,-32.724957541562766,0,1.0177870535699185e-05,8.9123504949384369e-06
2.0882771128090099,0,0.00093631277559325099,38,42,118,0.19847723841667175,1.159175881173818e-05,-0.00058452189173513469,-0.011363114302980698,0,-33.313165811364122,-3.2603862392079042,-36.585488095007932,0,8.9123504949384369e-06,7.8332241173484363e-06
2.0882771128090099,0,0.00093631277559325099,38,42,119,0.19493044912815094,-1.6116646913652852e-06,-0.00068272154963380273,-0.017410710150505437,0,-37.047794968099367,-3.0999658019893532,-40.165855813453554,0,7.8332241173484363e-06,6.914861842233222e-06
2.0882771128090099,0,0.00093631277559325099,38,42,120,0.19223228096961975,3.7030587077453924e-06,-0.0007516951766910686,-0.021309817999567444,0,-40.390412596107694,-2.955937532462777,-43.368407938688023,0,6.914861842233222e-06,6.1569608078571036e-06
2.0882771128090099,0,0.00093631277559325099,38,42,121,0.19025076925754547,-1.2928893509719887e-05,-0.00076689267630268088,-0.02307635257608125,0,-43.401988010367695,-2.8270600820068421,-46.252904266520432,0,6.1569608078571036e-06,5.5454170251323376e-06
2.0882771128090099,0,0.00093631277559325099,38,42,122,0.18874233961105347,-1.571881519170624e-05,-0.00074818802870615583,-0.023362817642542947,0,-46.017620958599892,-2.7124581406962482,-48.754205823782584,0,5.5454170251323376e-06,5.0459238991606981e-06
2.0882771128090099,0,0.00093631277559325099,38,42,123,0.18761058151721954,-1.0325533231905967e-05,-0.00073766658475141731,-0.022964949494679476,0,-48.266578621761113,-2.6112882280575249,-50.901579791431303,0,5.0459238991606981e-06,4.635314780898625e-06
2.0882771128090099,0,0.00093631277559325099,38,42,124,0.18670983612537384,-3.676158168146042e-05,-0.00072714526221640159,-0.020625484785242273,0,-50.080809631840793,-2.5229137550540912,-52.62511277852402,7.1054273576010019e-15,4.635314780898625e-06,4.30405907536624e-06
2.0882771128090099,0,0.00093631277559325099,38,42,125,0.18590962886810303,-3.3892980019061617e-05,-0.00066635496022064526,-0.015835152284966098,0,-51.451799610474652,-2.4467140473752793,-53.915049058075134,7.1054273576010019e-15,4.30405907536624e-06,4.0532668208470568e-06
2.0882771128090099,0,0.00093631277559325099,38,42,126,0.18499478697776794,-4.9011860360122896e-05,-0.00057166245030688999,-0.0097557269856122803,0,-52.328303140217876,-2.3822434926954825,-54.720923034209633,0,4.0532668208470568e-06,3.8985190258244984e-06
2.0882771128090099,0,0.00093631277559325099,38,42,127,0.183882936835289,-6.620361820982833e-05,-0.00044306761105541303,9.5488355487232754e-05,0,-52.721285467225577,-2.3291519670445813,-55.050851217143936,0,3.8985190258244984e-06,3.7366362448665313e-06
2.0882771128090099,0,0.00093631277559325099,38,42,128,0.18201743066310883,-6.2273929589367117e-05,-0.00025602058870140873,0.01462563311546115,0,-52.214194555410629,-2.2878532532963534,-54.487740470109813,0,3.7366362448665313e-06,3.4166766909038415e-06
2.0882771128090099,0,0.00093631277559325099,38,42,129,0.17921489477157593,-9.7374555863531128e-05,-1.4028525538240422e-05,0.031606645666274039,0,-50.742496191189574,-2.258554242887687,-52.969555191492383,7.1054273576010019e-15,3.4166766909038415e-06,2.80032850241696e-06
2.0882771128090099,0,0.00093631277559325099,38,42,130,0.17512306571006775,-0.00021204881550475541,0.00022796354141929422,0.066380321789541299,0,-48.164867608441298,-2.2414140830777289,-50.339885455003568,0,2.80032850241696e-06,1.7382189980708063e-06
2.0882771128090099,0,0.00093631277559325099,38,42,131,0.16698789596557617,0.00011482226079747324,0.00061725513127131124,0.15048964824787883,0,-41.390923670177003,-2.2418437806774216,-43.481545725214474,0,1.7382189980708063e-06,9.2150582986505469e-07
2.0882771128090099,0,0.00093631277559325099,38,42,132,0.14809501171112061,-5.6385801549056115e-06,0.00045125090576199177,0.099419292788123836,0,-24.14720673869282,-2.2719385273818142,-26.319280360960903,0,9.2150582986505469e-07,9.2150582986505469e-07
2.0892134255846031,0,0.00102994404733181,38,42,0,0.0091868136078119278,0,4.8903068467683157,-6.8549729901780818,0,265.37849016270997,157.24527667208611,420.65909933501763,-1.3563686707129818e-06,0.0003734026977326721,0.0003734026977326721
2.0892134255846031,0,0.00102994404733181,38,42,1,0.34233132004737854,-0.27447838581274514,9.6972982944115795,-35.824916312051606,0,-258.30234000727012,83.280082901254545,-201.42435350946835,0,0.0003734026977326721,0.00021340980310924351
2.0892134255846031,0,0.00102994404733181,38,42,2,0.54289460182189941,-0.50982553481617587,9.6975415365306255,-5.9090509578675716,0,-209.39210448741019,78.314862003049114,-127.79857744051419,1.4210854715202004e-14,0.00021340980310924351,0.00032790913246572018
2.0892134255846031,0,0.00102994404733181,38,42,3,0.3636530339717865,-0.36058519170915115,9.7640470063134437,16.599927298638026,0,-128.53649988154379,82.533074598469653,-20.00003616983183,-1.4210854715202004e-14,0.00032790913246572018,0.0002424861304461956
2.0892134255846031,0,0.00102994404733181,38,42,4,0.45947125554084778,-0.37745389702810578,9.3443024376658155,-16.442545126386435,0,-403.72349610360487,127.43246640274747,-283.76674075453889,-1.4467932771822234e-05,0.0002424861304461956,7.2338407335337251e-05
2.0892134255846031,0,0.00102994404733181,38,42,5,0.79418116807937622,-0.57500266752509732,8.5697508079436187,5.9960900411793538,0,-26.535519679101252,46.458441767475001,33.913760269971625,0,7.2338407335337251e-05,0.00042811254388652742
2.0892134255846031,0,0.00102994404733181,38,42,6,0.74523913860321045,-0.39840617636048303,7.6761814423443839,35.609170499161763,0,368.68222090001393,52.673229079821397,464.24239574498097,0,0.00042811254388652742,0.00028099608607590199
2.0892134255846031,0,0.00102994404733181,38,42,7,0.77817028760910034,-0.1178313653930666,6.0828442870654875,11.695008744056844,0,139.98089509482827,136.81583225878791,294.45674901934541,-5.6843418860808015e-14,0.00028099608607590199,0.00032649745116941631
2.0892134255846031,0,0.00102994404733181,38,42,8,1.0473328828811646,0.11935999291071296,4.1210174754542477,-22.960724988109167,0,-143.70181590640695,185.70615990320954,23.28399647705838,-1.4210854715202004e-14,0.00032649745116941631,0.00035276825656183064
2.0892134255846031,0,0.00102994404733181,38,42,9,1.3688981533050537,0.042436707315529336,2.3929214734866089,-93.196172508395918,0,-630.3960126377392,193.02184115294955,-528.13498581238343,1.1368683772161603e-13,0.00035276825656183064,0.00040042554610408843
2.0892134255846031,0,0.00102994404733181,38,42,10,2.122889518737793,-0.63666522288754623,1.480666546703391,-110.63662882699427,0,-576.35382776287781,129.16692558237949,-556.97952968367679,0,0.00040042554610408843,0.0002394918556092307
2.0892134255846031,0,0.00102994404733181,38,42,11,2.1680459976196289,-0.56251005973447732,2.120417056245897,83.911000511803124,0,646.94368176335161,-43.668387747831169,688.74420152383505,1.1368683772161603e-13,0.0002394918556092307,0.0004967888817191124
2.0892134255846031,0,0.00102994404733181,38,42,12,1.2669388055801392,0.094419763557809344,2.9320402769162324,54.089466079027467,0,272.43290948318736,112.18377168155357,441.73260728424242,-5.6843418860808015e-14,0.0004967888817191124,0.00027714023599401116
2.0892134255846031,0,0.00102994404733181,38,42,13,1.8009340763092041,-0.17026970939348618,2.457244772102932,-86.37622050576276,0,-963.06760684116205,256.30521550890052,-790.85163677531477,0,0.00027714023599401116,0.00012622711074072868
2.0892134255846031,0,0.00102994404733181,38,42,14,2.473663330078125,-0.29042521254297426,2.6853889251591925,48.477528587730831,0,229.78248548233375,-75.08533005875789,205.56964772392291,0,0.00012622711074072868,0.00050111586460843682
2.0892134255846031,0,0.00102994404733181,38,42,15,1.5383328199386597,0.024415088607045523,3.7003252572127168,100.74438237299415,0,577.47017345242853,-24.741553892145177,657.19774227909727,0,0.00050111586460843682,0.00036389843444339931
2.0892134255846031,0,0.00102994404733181,38,42,16,1.5711983442306519,0.20205168849817431,3.5041697034254637,-79.600598249018446,0,-358.79431482583323,184.4951939335958,-250.19349774933221,2.8421709430404007e-14,0.00036389843444339931,0.00020751757256221026
2.0892134255846031,0,0.00102994404733181,38,42,17,2.2205817699432373,-0.11485888340112163,3.6096169705233954,-19.011095095913351,0,-384.54110068415235,39.618292530748882,-360.43914516219456,0,0.00020751757256221026,0.00031443499028682709
2.0892134255846031,0,0.00102994404733181,38,42,18,1.6218580007553101,-0.22297390165784425,5.1868637500519945,107.53470404939353,0,395.78661969411172,-11.053500606748928,497.23171298515047,0,0.00031443499028682709,0.00045369085273705423
2.0892134255846031,0,0.00102994404733181,38,42,19,1.0571886301040649,0.19315142319245787,6.8714822577932422,41.795542791623788,0,216.86007519708036,74.116094309219505,339.83634597890938,5.6843418860808015e-14,0.00045369085273705423,0.00070938392309471965
2.0892134255846031,0,0.00102994404733181,38,42,20,0.73368209600448608,0.46608083595715322,7.6534387563365023,-19.094141029791281,0,-157.05230338531541,130.85909499463781,-37.167829828175215,1.4210854715202004e-14,0.00070938392309471965,0.00060691271210089326
2.0892134255846031,0,0.00102994404733181,38,42,21,1.0125287771224976,-0.061121590315165827,7.799266475810521,-68.190376292845428,0,-549.71743765677365,163.09471974710053,-447.07492038115771,2.8935865486801049e-05,0.00060691271210089326,0.00034015424898825586
2.0892134255846031,0,0.00102994404733181,38,42,22,1.2341371774673462,-0.32590193996893013,8.141710688366155,14.715507996245572,0,-158.78787659576776,-14.503928947982356,-150.76048879910732,0,0.00034015424898825586,0.00052409718045964837
2.0892134255846031,0,0.00102994404733181,38,42,23,0.84502899646759033,-0.11008378741543041,8.8823965045474527,93.213071053826141,0,249.74383440004195,-7.9926647581052075,343.73655341289492,0,0.00052409718045964837,0.00046295786160044372
2.0892134255846031,0,0.00102994404733181,38,42,24,0.59569084644317627,0.075809254774869925,9.3190296719215411,19.044950058504703,0,38.597435197225053,87.167037708858174,154.20426189128435,0,0.00046295786160044372,0.00015924162289593369
2.0892134255846031,0,0.00102994404733181,38,42,25,0.83965498208999634,-0.15584766713627166,9.2197760364013188,-54.861185610917502,0,-210.0795338432074,99.96363485107976,-155.91315623378009,2.8421709430404007e-14,0.00015924162289593369,0.00061550934333354235
2.0892134255846031,0,0.00102994404733181,38,42,26,1.034741997718811,-0.59774625777877444,9.0846355979867877,15.135772506225733,0,-72.366053166035798,33.748941580296119,-14.994449739305937,-1.7763568394002505e-15,0.00061550934333354235,0.00079327361891046166
2.0892134255846031,0,0.00102994404733181,38,42,27,0.89528042078018188,-0.41737725315446145,9.0741201236284859,59.1141791166242,0,55.325895610248359,46.354793497387632,169.4516110947342,-2.8421709430404007e-14,0.00079327361891046166,0.00059646193403750658
2.0892134255846031,0,0.00102994404733181,38,42,28,1.0216318368911743,-0.37340106737173723,8.6985967913742179,-39.73669809222222,0,-131.33057598648696,83.395594876181619,-79.346483478525073,1.4210854715202004e-14,0.00059646193403750658,0.00030650853295810521
2.0892134255846031,0,0.00102994404733181,38,42,29,1.3887103796005249,-0.48821315605293092,8.2796000339996425,-0.07060351172897221,0,-19.919797014903779,22.405503601611006,10.206489952924963,-3.5527136788005009e-15,0.00030650853295810521,0.00031231911270879209
2.0892134255846031,0,0.00102994404733181,38,42,30,1.2705981731414795,-0.64304264242323406,7.7201766172888178,1.6560574521608762,0,78.833797814257068,41.575398727183618,129.14238796846715,0,0.00031231911270879209,0.00054971210192888975
2.0892134255846031,0,0.00102994404733181,38,42,31,1.7712068557739258,-0.5685811660068687,6.0312095915160047,-100.04679652841953,0,-188.60848508084862,86.552613541623344,-196.64003964213569,0,0.00054971210192888975,0.00043868014472536743
2.0892134255846031,0,0.00102994404733181,38,42,32,1.9264333248138428,-0.42030791377835491,4.4618381146836859,-1.3995699406995608,0,154.6728492965872,18.356218588761671,175.67102814555463,0,0.00043868014472536743,0.00040669774170964956
2.0892134255846031,0,0.00102994404733181,38,42,33,1.7809978723526001,-0.39587089721076341,3.5758067680989316,-42.975315898268732,0,-147.30635666709469,85.398651226971126,-101.70308546750412,0,0.00040669774170964956,0.00064492464298382401
2.0892134255846031,0,0.00102994404733181,38,42,34,2.3387649059295654,-0.35991311102149032,2.9648354634350129,-45.969136282500855,0,76.049241609051137,-6.7573347897718952,25.927692889191913,3.5527136788005009e-15,0.00064492464298382401,0.00041608538595028222
2.0892134255846031,0,0.00102994404733181,38,42,35,1.6117576360702515,-0.083623973002837526,3.4305776593416728,81.927620549528257,0,633.41535445530951,-14.031579880169348,704.65834881100716,-1.1368683772161603e-13,0.00041608538595028222,0.00061792763881385326
2.0892134255846031,0,0.00102994404733181,38,42,36,1.3158624172210693,0.40285777841275927,3.3693373867658201,-27.550300480877915,0,-191.25322318413882,143.53520319307276,-71.496125306765393,-1.4210854715202004e-14,0.00061792763881385326,0.00058250292204320431
2.0892134255846031,0,0.00102994404733181,38,42,37,1.7835146188735962,0.058946653115036343,2.1715456002112319,-98.470254834550147,0,-620.74757978612774,136.78110922023268,-580.20623314711895,0,0.00058250292204320431,0.00039997391286306083
2.0892134255846031,0,0.00102994404733181,38,42,38,1.9370938539505005,-0.10681296082626364,0.82639006315252639,-37.377151878932338,0,-649.69455662115899,75.198527164447952,-611.15360423331708,1.1368683772161603e-13,0.00039997391286306083,0.00031595415202900767
2.0892134255846031,0,0.00102994404733181,38,42,39,1.701011061668396,0.37873866075772183,0.72070848336278159,64.311349912378589,0,829.8795797788938,-115.51961399555472,779.7707628398382,0,0.00031595415202900767,0.00031386155751533806
2.0892134255846031,0,0.00102994404733181,38,42,40,0.54890048503875732,0.63769561097175675,1.197706335326894,18.340361734488116,0,341.78523438955273,109.03757502979489,470.99857310013437,0,0.00031386155751533806,0.00027002673596143723
2.0892134255846031,0,0.00102994404733181,38,42,41,1.2341337203979492,0.26940802531707381,0.42320085039795857,-82.190358207929506,0,-1101.8969702340369,249.77520087820352,-933.61951868804783,-1.1368683772161603e-13,0.00027002673596143723,0.00020767316163983196
2.0892134255846031,0,0.00102994404733181,38,42,42,2.3192119598388672,-0.35866171961327215,0.15541620060331279,-17.536523391934491,0,-534.63293950414777,-66.553647998813631,-618.92635641390586,0,0.00020767316163983196,7.7302465797401965e-05
2.0892134255846031,0,0.00102994404733181,38,42,43,1.843666672706604,-0.26253522037374288,1.1510977770021358,104.83139975440685,0,814.68281046827269,-77.076117602591211,843.32665517671671,0,7.7302465797401965e-05,0.00044550615712068975
2.0892134255846031,0,0.00102994404733181,38,42,44,1.0924320220947266,0.46867952534329693,1.7184089297889309,6.5760805285135824,0,214.91662672914401,141.17241616285105,364.85221187564088,0,0.00044550615712068975,0.00029373442521318793
2.0892134255846031,0,0.00102994404733181,38,42,45,1.6026973724365234,0.12789415169989168,1.0655366834434403,-106.32321723420146,0,-1010.536720517518,243.68463523628847,-871.98184274442212,2.893586542995763e-05,0.00029373442521318793,0.000214271160075441
2.0892134255846031,0,0.00102994404733181,38,42,46,2.5227456092834473,-0.4169180658363279,0.6882207404145424,-82.116282392345013,0,-658.69245334543814,-22.41395287432611,-762.95138593753109,0,0.000214271160075441,0.00021908358030486852
2.0892134255846031,0,0.00102994404733181,38,42,47,2.4292182922363281,-0.39839430813441434,1.588931556731477,123.92953393363197,0,668.5761347832613,-126.18537400510357,667.51083196038678,0,0.00021908358030486852,0.00046360614942386746
2.0892134255846031,0,0.00102994404733181,38,42,48,1.411862850189209,0.52920397434112132,2.3930869504672239,84.561131537018923,0,719.67652595999255,14.376263909560953,821.53621233138074,0,0.00046360614942386746,0.00040127686224877834
2.0892134255846031,0,0.00102994404733181,38,42,49,1.4575506448745728,0.43572123548911557,2.0424620261978093,-98.243397649322631,0,-481.70547991037114,193.88980137336853,-383.58089292463836,-5.6843418860808015e-14,0.00040127686224877834,0.00042212283005937934
2.0892134255846031,0,0.00102994404733181,38,42,50,2.6193265914916992,-0.64263889667544993,1.6540052663275142,-140.78780063912092,0,-999.25844610785487,136.13641813772387,-1002.8984622395998,1.1368683772161603e-13,0.00042212283005937934,0.0004053422890137881
2.0892134255846031,0,0.00102994404733181,38,42,51,2.7434244155883789,-0.72414286541024731,2.1920014486017649,120.62505809779238,0,95.777946168439286,-105.20594559695594,112.66491725246723,-1.4210854715202004e-14,0.0004053422890137881,0.00034931767731904984
2.0892134255846031,0,0.00102994404733181,38,42,52,1.8079911470413208,0.28960302705322571,3.2789993887298423,146.87301314592537,0,749.07918480433023,-83.316542091737546,816.2042582743012,1.1368683772161603e-13,0.00034931767731904984,0.00066349509870633483
2.0892134255846031,0,0.00102994404733181,38,42,53,1.4252891540527344,0.76562265461246737,3.9568263323609676,-22.609327837930216,0,-27.002486675938201,167.37847207779407,122.48910655089909,0,0.00066349509870633483,0.00059884862275794148
2.0892134255846031,0,0.00102994404733181,38,42,54,2.1845767498016357,-0.49974997603748639,3.8847832613252264,-156.51641115694633,0,-918.14704845129825,212.34943674529384,-858.92898957766295,1.1368683772161603e-13,0.00059884862275794148,0.00045565253822132945
2.0892134255846031,0,0.00102994404733181,38,42,55,2.7852163314819336,-0.92043269969816277,4.0459691435164675,-74.473741606338407,0,-347.25955290470876,-51.970203292539793,-470.57796135976866,0,0.00045565253822132945,0.00039007913437671959
2.0892134255846031,0,0.00102994404733181,38,42,56,2.2990400791168213,-0.39822351870974976,4.9888407026351533,171.62417374540416,0,607.59021027331733,-98.238189193539341,685.56681200910759,0,0.00039007913437671959,0.00078841339563950896
2.0892134255846031,0,0.00102994404733181,38,42,57,1.5634270906448364,0.30694578323058086,5.7104410549293148,67.097873756435973,0,261.44283629353265,88.590392930968065,423.1484898190966,5.6843418860808015e-14,0.00078841339563950896,0.00041000265628099442
2.0892134255846031,0,0.00102994404733181,38,42,58,2.017664909362793,0.19238145789741151,5.5052061951687952,-162.4343743613764,0,-634.05738343819576,173.75026539614103,-617.04390475036485,1.1368683772161603e-13,0.00041000265628099442,0.00083117233589291573
2.0892134255846031,0,0.00102994404733181,38,42,59,2.8191428184509277,-1.3590262719573485,5.3753243981792105,-86.262676169687154,0,-372.7985792490058,-77.821505496910191,-532.86646278938122,0,0.00083117233589291573,0.00046479268348775804
2.0892134255846031,0,0.00102994404733181,38,42,60,2.3668701648712158,-0.49130160756817559,5.9833288723874078,202.81263846263747,0,643.51651785795025,-148.37987727576061,703.44130630964628,-1.1368683772161603e-13,0.00046479268348775804,0.00041997493826784194
2.0892134255846031,0,0.00102994404733181,38,42,61,1.6085625886917114,0.53467330503646826,6.43840729762527,94.568889965946099,0,417.33353829571371,17.304110520538135,536.17961938485962,-1.1368683772161603e-13,0.00041997493826784194,0.00046619726344943047
2.0892134255846031,0,0.00102994404733181,38,42,62,1.8459478616714478,0.054768359354513178,6.1467663266099644,-186.60160919581804,0,-475.46997451835347,192.6122829131906,-463.25776611501647,0,0.00046619726344943047,0.00030603076447732747
2.0892134255846031,0,0.00102994404733181,38,42,63,2.9982178211212158,-0.65613114819322649,5.7636586327441872,-249.89082859659243,0,-961.42503350230675,184.6233219458646,-1021.5850126684836,-1.1368683772161603e-13,0.00030603076447732747,0.00058694841573014855
2.0892134255846031,0,0.00102994404733181,38,42,64,3.2531933784484863,-1.7122156373033943,5.7755056090366708,21.119940970834456,0,-182.57396821033481,-189.49936250671402,-346.89009977448109,0,0.00058694841573014855,0.00068322790320962667
2.0892134255846031,0,0.00102994404733181,38,42,65,2.9954564571380615,-0.95719888162879985,5.9184266304003819,207.83891403696919,0,549.34925770462632,-170.37923706973726,591.77016242062984,-1.1368683772161603e-13,0.00068322790320962667,0.00051490962505340576
2.0892134255846031,0,0.00102994404733181,38,42,66,2.2643742561340332,-0.076528582305356571,6.0218072437322201,173.17189531727271,0,953.90599099009489,-117.43030706378731,1015.5928579050071,0,0.00051490962505340576,0.00039910519262775779
2.0892134255846031,0,0.00102994404733181,38,42,67,2.0866522789001465,0.40250557467533055,5.5633754229609709,-116.55713838758507,0,217.6787287027509,148.02477633480243,255.11224764760456,0,0.00039910519262775779,0.00066633656388148665
2.0892134255846031,0,0.00102994404733181,38,42,68,3.128075122833252,-0.56090502344709348,4.2727978450014197,-313.87566620308996,0,-783.63948805220025,230.54245705284595,-863.26080438089002,-2.2737367544323206e-13,0.00066633656388148665,0.00044522157986648381
2.0892134255846031,0,0.00102994404733181,38,42,69,4.1025185585021973,-1.2943292937659487,3.1221500433133738,-113.77165623468434,0,-392.66617596261489,-177.99978659799223,-682.60979804574401,0,0.00044522157986648381,0.000536541105248034
2.0892134255846031,0,0.00102994404733181,38,42,70,3.9754047393798828,-0.65959576595948621,2.7955256109536717,253.10942278373878,0,752.92186773777598,-228.50490915042491,779.66231121608405,1.1368683772161603e-13,0.000536541105248034,0.00045264937216416001
2.0892134255846031,0,0.00102994404733181,38,42,71,2.9701685905456543,0.39526075736010863,2.5261042197534302,159.98200189168222,0,790.11672366429332,-44.647345948165011,908.37274458492402,0,0.00045264937216416001,0.00040151231223717332
2.0892134255846031,0,0.00102994404733181,38,42,72,3.3784489631652832,0.41981894286432514,1.3302222003193795,-267.80606459570265,0,-574.31928919046493,249.88967116197392,-590.48564148100991,0,0.00040151231223717332,0.00035291665699332952
2.0892134255846031,0,0.00102994404733181,38,42,73,5.028264045715332,-0.80120656342289587,0.33406595139317152,-278.99128126203777,0,-681.82991859979347,-28.583542364819774,-989.87188283868079,-1.1368683772161603e-13,0.00035291665699332952,0.00036119195283390582
2.0892134255846031,0,0.00102994404733181,38,42,74,4.4929180145263672,-0.67577001050733609,0.98179572364078294,318.73110442772997,0,1022.296719215404,-367.89198241422775,973.44186694203961,0,0.00036119195283390582,0.00026994518702849746
2.0892134255846031,0,0.00102994404733181,38,42,75,2.8946313858032227,0.20995253613818324,1.7611586191805002,236.28286978679694,0,852.73740882941763,-119.03404847119164,971.95734130034157,0,0.00026994518702849746,0.00018077927234116942
2.0892134255846031,0,0.00102994404733181,38,42,76,3.0720438957214355,0.36116142234246684,1.3944354070100751,-149.35513168531523,0,-518.11843088035562,181.2579650490915,-484.4600006872268,5.6843418860808015e-14,0.00018077927234116942,0.00028786750044673681
2.0892134255846031,0,0.00102994404733181,38,42,77,4.3576016426086426,-0.41333917400763548,0.67445642394298189,-193.31010024468893,0,-929.51328789196793,-35.48439904728663,-1158.0466699340082,0,0.00028786750044673681,0.00024635801673866808
2.0892134255846031,0,0.00102994404733181,38,42,78,4.226811408996582,-0.41523667729456892,1.0749744098439815,221.83669682627811,0,630.87362803306644,-256.17454114047098,597.19552145142302,0,0.00024635801673866808,0.00029145172447897494
2.0892134255846031,0,0.00102994404733181,38,42,79,2.9512279033660889,0.28630173868381598,1.836664838583083,197.01227061544776,0,904.26084235921348,-140.54983208155573,962.84624747037242,0,0.00029145172447897494,0.0001614895008970052
2.0892134255846031,0,0.00102994404733181,38,42,80,2.9625530242919922,0.4834322955002921,1.1807271989901382,-171.25171128516837,0,-41.735703421846942,60.758604350869071,-150.56465086165582,0,0.0001614895008970052,0.00040648915455676615
2.0892134255846031,0,0.00102994404733181,38,42,81,3.9833331108093262,-0.16296922444646594,0.49839377689000935,-220.20841780496141,0,-386.22783015370368,-0.69237738879133082,-606.79320079501292,-1.1368683772161603e-13,0.00040648915455676615,0.00042840014793910086
2.0892134255846031,0,0.00102994404733181,38,42,82,3.8642425537109375,-0.50767761195919314,0.86717680446769763,85.948085440376744,0,130.37250948101718,-242.04643121311807,-25.366337099215656,-2.8421709430404007e-14,0.00042840014793910086,0.00054009637096896768
2.0892134255846031,0,0.00102994404733181,38,42,83,3.111839771270752,0.07973164697520739,1.9094354883921967,233.53118472475663,0,766.43514839577756,-192.80036603869812,809.15513421720345,0,0.00054009637096896768,0.00055624305969104171
2.0892134255846031,0,0.00102994404733181,38,42,84,2.4743754863739014,0.61801470122814661,2.7237305293274039,126.97636482339175,0,403.29790739437959,-53.37069918093416,480.24531826739269,0,0.00055624305969104171,0.00041316871647723019
2.0892134255846031,0,0.00102994404733181,38,42,85,2.6406412124633789,0.61318580261761069,2.4681366387736978,-159.91278730149543,0,-186.56387682725469,10.930812537187109,-332.4645291501717,5.6843418860808015e-14,0.00041316871647723019,0.00050746795022860169
2.0892134255846031,0,0.00102994404733181,38,42,86,3.5479090213775635,-0.37961504447985067,2.0166905688972001,-232.43139035025055,0,-475.84961307322402,56.017289179613961,-650.62663871944324,0,0.00050746795022860169,0.00026895615155808628
2.0892134255846031,0,0.00102994404733181,38,42,87,3.5933258533477783,-0.38067775935125792,2.4006326555709681,66.348782071337766,0,52.389657598286995,-194.54369406109447,-73.785299495250001,0,0.00026895615155808628,0.00042727740947157145
2.0892134255846031,0,0.00102994404733181,38,42,88,2.9618027210235596,0.17777449737497444,3.4570331785867361,205.47867336290821,0,498.20777759893804,-137.05183317750163,570.26942546030637,0,0.00042727740947157145,0.00059999839868396521
2.0892134255846031,0,0.00102994404733181,38,42,89,2.6504487991333008,0.17253959240216513,4.1347375969125428,83.574187037817367,0,91.605394368718876,-0.12338253033292522,179.36347606551803,0,0.00059999839868396521,0.00056524714455008507
2.0892134255846031,0,0.00102994404733181,38,42,90,2.9394757747650146,-0.28219793217071437,4.2913199637578288,48.501834714719493,0,-193.69645192034679,18.248808656164154,-122.93668651787604,-2.8421709430404007e-14,0.00056524714455008507,0.0003137616440653801
2.0892134255846031,0,0.00102994404733181,38,42,91,2.7964093685150146,-0.11433916813003778,4.4952291991818383,96.388377186240277,0,80.06345635295969,-81.841275926987578,98.991447643264181,-1.4210854715202004e-14,0.0003137616440653801,0.00030887106549926102
2.0892134255846031,0,0.00102994404733181,38,42,92,2.6158552169799805,-0.34614393422877782,4.4805003915384294,-73.304964128569281,0,-56.048076940466267,14.049172886370664,-111.16951172535524,0,0.00030887106549926102,0.0011614675167948008
2.0892134255846031,0,0.00102994404733181,38,42,93,3.1035475730895996,-1.6653653062590086,4.3492246996547586,-147.02104903363252,0,-550.03330156416439,66.098544706816384,-628.27194649758474,0,0.0011614675167948008,0.001134412013925612
2.0892134255846031,0,0.00102994404733181,38,42,94,2.8102879524230957,-1.4744478223048503,4.8914263030634038,180.22252403937449,0,-39.892141561487811,-138.9877583204177,4.7596026382275332,-8.8817841970012523e-16,0.001134412013925612,0.00091550621436908841
2.0892134255846031,0,0.00102994404733181,38,42,95,1.6654011011123657,-0.01830012641356224,5.3591664300556836,210.94257496649769,0,387.42808985309625,-126.10296466026581,477.6085664629702,0,0.00091550621436908841,0.00077547377441078424
2.0892134255846031,0,0.00102994404733181,38,42,96,1.3956921100616455,0.31932490817383946,3.3871279706735002,15.053941878697236,0,254.3787813298562,-138.68254281151721,134.45663327588358,2.8421709430404007e-14,0.00077547377441078424,0.00054423167603090405
2.0892134255846031,0,0.00102994404733181,38,42,97,1.557721734046936,0.20345157402065658,0.75374685548524545,-2.7335133385297326,0,259.97289432802785,-162.740284331048,95.456295087955993,-2.8421709430404007e-14,0.00054423167603090405,0.00042974509415216744
2.0892134255846031,0,0.00102994404733181,38,42,98,1.3418962955474854,0.12123250581090954,0.016617957253362438,21.335108066415046,0,228.00015191329368,-153.6815065458353,95.791603896937687,0,0.00042974509415216744,0.00031617641798220575
2.0892134255846031,0,0.00102994404733181,38,42,99,1.119470477104187,0.096494107386902589,0.0043184478851216752,12.302835533966185,0,200.86872702085373,-135.05884650789315,78.213528602198764,-1.4210854715202004e-14,0.00031617641798220575,0.00022681023983750492
2.0892134255846031,0,0.00102994404733181,38,42,100,0.94878065586090088,0.044533387075439641,0.0030371757452285209,7.4820624761505172,0,177.71719893588354,-119.49505467974326,65.751777295111467,0,0.00022681023983750492,0.00016714166849851608
2.0892134255846031,0,0.00102994404733181,38,42,101,0.81550860404968262,0.021905523947141407,0.0028057051579988678,4.8277176655267144,0,157.69062857742242,-106.56882486024881,55.974232611805469,7.1054273576010019e-15,0.00016714166849851608,0.00012810951739083976
2.0892134255846031,0,0.00102994404733181,38,42,102,0.70762163400650024,0.011749897691299414,0.0026022915781965766,3.2617664984166654,0,140.39988642672805,-95.735063215823573,47.940941898590644,7.1054273576010019e-15,0.00012810951739083976,0.00010094552271766588
2.0892134255846031,0,0.00102994404733181,38,42,103,0.61853528022766113,0.0068781427751410853,0.0024970776347716193,2.2738960515203086,0,125.58854284407005,-86.566560628776358,41.305253487223908,0,0.00010094552271766588,8.0936122685670853e-05
2.0892134255846031,0,0.00102994404733181,38,42,104,0.54433655738830566,0.0042446805462791866,0.0024105685101403255,1.6200612355252855,0,112.51537669975603,-78.734432052258171,35.407661132079568,0,8.0936122685670853e-05,6.5835418354254216e-05
2.0892134255846031,0,0.00102994404733181,38,42,105,0.48228102922439575,0.0026865219857616328,0.0023193827392843482,1.176619097309507,0,101.03918097032808,-71.985315048277684,30.235490924084949,7.1054273576010019e-15,6.5835418354254216e-05,5.4176205594558269e-05
2.0892134255846031,0,0.00102994404733181,38,42,106,0.42981761693954468,0.0017415793894040704,0.002367313506298411,0.87134571667809035,0,90.759512213647966,-66.122127437168487,25.512839386053276,3.5527136788005009e-15,5.4176205594558269e-05,4.5079297706251964e-05
2.0892134255846031,0,0.00102994404733181,38,42,107,0.38523781299591064,0.0011491235488126574,0.00235211617217326,0.6526195096455899,0,81.221556496373069,-60.991682747171069,20.885994498568579,0,4.5079297706251964e-05,3.7885507481405511e-05
2.0892134255846031,0,0.00102994404733181,38,42,108,0.34723323583602905,0.00078201123543768659,0.002256254638145134,0.4952952091249252,0,72.421667899455102,-56.473723521422485,16.446277853031123,3.5527136788005009e-15,3.7885507481405511e-05,3.2079660741146654e-05
2.0892134255846031,0,0.00102994404733181,38,42,109,0.31460678577423096,0.00053971265802543007,0.0022960021573185359,0.3818955523766292,0,64.298328772920371,-52.471690776873736,12.211369263238611,8.8817841970012523e-15,3.2079660741146654e-05,2.7357114959158935e-05
2.0892134255846031,0,0.00102994404733181,38,42,110,0.28646200895309448,0.00038422189776438792,0.0023357494557288039,0.29618751887613098,0,56.509835481519929,-48.909135956972371,7.8996070147771844,2.6645352591003757e-15,2.7357114959158935e-05,2.3497834263253026e-05
2.0892134255846031,0,0.00102994404733181,38,42,111,0.26221266388893127,0.00028396607355960429,0.0022913259526201198,0.23050310427581666,0,49.110645324054566,-45.724743962802947,3.6189797575536171,-4.4408920985006262e-16,2.3497834263253026e-05,2.0291439795983024e-05
2.0892134255846031,0,0.00102994404733181,38,42,112,0.24124747514724731,0.00019773908421320217,0.0022328736146530544,0.18051639668901359,0,42.021719984012933,-42.86810851672945,-0.66344152332863726,-1.1102230246251565e-15,2.0291439795983024e-05,1.760753002599813e-05
2.0892134255846031,0,0.00102994404733181,38,42,113,0.22311630845069885,0.00016309892013836768,0.0021662382496084615,0.14200275975816851,0,35.229329393232987,-40.297793459409313,-4.9241319692484087,-1.7763568394002505e-15,1.760753002599813e-05,1.5324751075240783e-05
2.0892134255846031,0,0.00102994404733181,38,42,114,0.20742529630661011,0.00012276284645047354,0.0021487025923709688,0.11192392760969858,0,28.632429509518996,-37.979784680991123,-9.2331597784236106,-1.7763568394002505e-15,1.5324751075240783e-05,1.3379868505580816e-05
2.0892134255846031,0,0.00102994404733181,38,42,115,0.19389086961746216,8.3595934318750258e-05,0.0021299977735773049,0.087444185428259852,0,22.14859652010048,-35.885551418128678,-13.647297118892046,-5.3290705182007514e-15,1.3379868505580816e-05,1.1725530384865124e-05
2.0892134255846031,0,0.00102994404733181,38,42,116,0.18231001496315002,6.6930966880641358e-05,0.0020598551446273333,0.067377162729881881,0,15.69748999452027,-33.991337325277108,-18.224343381915446,0,1.1725530384865124e-05,1.0281568393111229e-05
2.0892134255846031,0,0.00102994404733181,38,42,117,0.17248450219631195,5.4063346105616816e-05,0.0019569793035515838,0.05108627047438543,0,9.3430871313163824,-32.277060911805293,-22.880876467364864,3.5527136788005009e-15,1.0281568393111229e-05,9.0191251729265787e-06
2.0892134255846031,0,0.00102994404733181,38,42,118,0.16422177851200104,4.704087082204533e-05,0.001848258316984381,0.03793491962159122,0,3.1036464615957766,-30.726720644112365,-27.58324396370719,0,9.0191251729265787e-06,7.9130959420581348e-06
2.0892134255846031,0,0.00102994404733181,38,42,119,0.15732264518737793,2.4232396517263408e-05,0.0016974515985130017,0.02741673252590212,0,-2.9918093415824663,-29.32647071057443,-32.289141635635964,0,7.9130959420581348e-06,6.9432653617695905e-06
2.0892134255846031,0,0.00102994404733181,38,42,120,0.15162588655948639,2.6413205133697263e-05,0.0015361235298517533,0.019227882599959851,0,-8.8330925025364095,-28.06514186712289,-36.877443950324356,0,6.9432653617695905e-06,6.1017394727969076e-06
2.0892134255846031,0,0.00102994404733181,38,42,121,0.1469435840845108,1.9241604353299231e-05,0.0013841478705873371,0.013397305709227104,0,-14.397893468994315,-26.933004428995908,-41.316097202806056,0,6.1017394727969076e-06,5.3717753871751484e-06
2.0892134255846031,0,0.00102994404733181,38,42,122,0.14309315383434296,7.8332278921510554e-06,0.0012508769197350175,0.0092450090153305825,0,-19.555617446156685,-25.923236765910659,-45.468350492904385,0,5.3717753871751484e-06,4.7504504436801653e-06
2.0892134255846031,0,0.00102994404733181,38,42,123,0.13995078206062317,5.7772608278347654e-06,0.0011082535594858663,0.0057003654961506256,0,-24.286059965964188,-25.029863621649092,-49.309109191296812,0,4.7504504436801653e-06,4.2230722101521678e-06
2.0892134255846031,0,0.00102994404733181,38,42,124,0.13743627071380615,7.9463689981815622e-07,0.00091068512517502806,0.0028646506808066596,0,-28.505733822590592,-24.248240789804449,-52.750198481952161,0,4.2230722101521678e-06,3.7756342408101773e-06
2.0892134255846031,0,0.00102994404733181,38,42,125,0.13542827963829041,-3.9069555589753627e-07,0.00068038353392919557,0.0014033894749406362,0,-32.137915568761564,-23.573839807431817,-55.709671993880065,0,3.7756342408101773e-06,3.4047277495119488e-06
2.0892134255846031,0,0.00102994404733181,38,42,126,0.13375888764858246,-1.9111630058322725e-05,0.00046761754473007244,0.0010272232239256203,0,-35.040219044501555,-23.003296880171156,-58.042040195534113,0,3.4047277495119488e-06,3.1077090625331039e-06
2.0892134255846031,0,0.00102994404733181,38,42,127,0.13233812153339386,-1.3431808558632766e-05,0.00018704700133479396,0.0016927481295675715,0,-37.168314503921714,-22.534304372751819,-59.70075251335119,0,3.1077090625331039e-06,2.857209892681567e-06
2.0892134255846031,0,0.00102994404733181,38,42,128,0.1309998631477356,-3.1141027012315655e-05,-0.00018587796395788583,0.003718258711956119,0,-38.036057705349698,-22.172497544972664,-60.20505401060138,0,2.857209892681567e-06,2.6252212137478637e-06
2.0892134255846031,0,0.00102994404733181,38,42,129,0.12961882352828979,-2.7807489895477097e-05,-0.00057984568482108705,0.0070748191056285688,0,-37.499724205032308,-21.921319764823753,-59.414576803925151,-7.1054273576010019e-15,2.6252212137478637e-06,2.3702384623902617e-06
2.0892134255846031,0,0.00102994404733181,38,42,130,0.12798918783664703,-2.2176429452947117e-05,-0.0015548282382638503,0.010460315364763712,0,-35.242111811801131,-21.782188889712756,-57.015417390816843,0,2.3702384623902617e-06,2.0604725250450429e-06
2.0892134255846031,0,0.00102994404733181,38,42,131,0.12627556920051575,3.3759098408165704e-05,-0.0041571199268419937,0.017173436152108611,0,-28.84113667313504,-21.815696621918555,-50.643783219729919,0,2.0604725250450429e-06,1.2630052879103459e-06
2.0892134255846031,0,0.00102994404733181,38,42,132,0.12345193326473236,2.566371429472445e-06,-0.0029974284468182529,0.01118371200133105,0,-12.151349044302618,-22.155613467475185,-34.298773661851861,0,1.2630052879103459e-06,1.2630052879103459e-06
2.0902433696319349,0,0.0011329384287819266,38,42,0,0.0091868136078119278,4.1102082467834793e-07,4.9202526092886387,-1.1775088993715184,0,174.41600958993789,-70.258992236535903,107.89975818617332,-3.2881666101047813e-06,0.0007335698464885354,0.0007335698464885354
2.0902433696319349,0,0.0011329384287819266,38,42,1,0.13487550616264343,-0.22899038796974927,9.7864017253832181,-15.931403912527781,0,-118.35372924845767,72.038666373060792,-52.689055450511191,0,0.0007335698464885354,0.00040694657946005464
2.0902433696319349,0,0.0011329384287819266,38,42,2,0.41126921772956848,-0.58111932684653422,9.7149621958458745,-8.0329383868480733,0,-257.58778988656542,62.636594602042962,-193.85029737870443,-6.5763332770529814e-06,0.00040694657946005464,0.00033490324858576059
2.0902433696319349,0,0.0011329384287819266,38,42,3,0.34305411577224731,-0.39485866381034596,9.721335484753336,31.641395839051231,0,-145.90151550570923,63.469835746830491,-41.463807098884523,0,0.00033490324858576059,0.00043019276927225292
2.0902433696319349,0,0.0011329384287819266,38,42,4,0.16720739006996155,-0.013378727843280225,9.3751704580426338,-15.331760699154643,0,-189.04231387461419,70.393662387700118,-124.61862209995266,-1.6440832837361086e-06,0.00043019276927225292,0.00040878896834328771
2.0902433696319349,0,0.0011329384287819266,38,42,5,0.82911044359207153,-0.71071337082596797,8.543757533883273,-57.33031575544549,0,-363.26470306262922,57.314690387774512,-355.44728426724288,0,0.00040878896834328771,0.0002635931596159935
2.0902433696319349,0,0.0011329384287819266,38,42,6,1.223382830619812,-1.119547564717027,7.5524640852572276,39.223776486053495,0,-171.70553440567983,53.79430031257106,-72.254541086515047,2.8421709430404007e-14,0.0002635931596159935,0.00047130740131251514
2.0902433696319349,0,0.0011329384287819266,38,42,7,1.081444263458252,-0.73652917780319027,6.0281099197101646,83.862032228759389,0,-55.978800367904739,56.277418505616652,89.452231108378285,1.4210854715202004e-14,0.00047130740131251514,0.00047320468001998961
2.0902433696319349,0,0.0011329384287819266,38,42,8,1.0713140964508057,0.11187699133167356,4.2724854336788614,78.151881031666377,0,-149.1673357229399,79.885928568485369,13.25483630222238,-7.1054273576010019e-15,0.00047320468001998961,0.00041095932829193771
2.0902433696319349,0,0.0011329384287819266,38,42,9,0.82494866847991943,0.45678306125638585,2.8348558400972803,-16.006268889617996,0,-117.78407411445306,121.00379423598781,-9.4949098667295804,5.3290705182007514e-15,0.00041095932829193771,0.00036131922388449311
2.0902433696319349,0,0.0011329384287819266,38,42,10,1.5492317676544189,-0.19528318666911498,1.7738135960962065,-180.76077694033427,0,-516.32275533564109,123.32008400854636,-572.184917858002,-1.1368683772161603e-13,0.00036131922388449311,0.00034234431223012507
2.0902433696319349,0,0.0011329384287819266,38,42,11,2.8774139881134033,-1.242183437155481,1.780074881828944,-28.402814793913645,0,-590.90384527449874,-6.3402165278255449,-625.10898515156441,0,0.00034234431223012507,0.00040651360177434981
2.0902433696319349,0,0.0011329384287819266,38,42,12,1.7218986749649048,-0.12545629733739683,2.5679590565715706,180.77119385211492,0,191.46778393087371,13.619849099869532,388.3013296420923,-5.6843418860808015e-14,0.00040651360177434981,0.00049366516759619117
2.0902433696319349,0,0.0011329384287819266,38,42,13,0.98640114068984985,0.10693261632120538,2.5761061058479324,-58.223697467299957,0,-58.197813019845007,107.02813920494393,-6.7103325600319037,-2.6645352591003757e-15,0.00049366516759619117,0.00011761221685446799
2.0902433696319349,0,0.0011329384287819266,38,42,14,2.6853885650634766,-0.062513801308628658,2.4552468709241504,-59.686379191166502,0,-628.27120181564339,73.14387177712149,-612.42097616007288,0,0.00011761221685446799,0.00042970996582880616
2.0902433696319349,0,0.0011329384287819266,38,42,15,2.2152097225189209,-0.4602099473821416,3.3058156261280596,211.03421655885762,0,187.20537302862851,16.801742152867483,417.88693741909952,0,0.00042970996582880616,0.00058343453565612435
2.0902433696319349,0,0.0011329384287819266,38,42,16,1.3135130405426025,0.52711283456709801,3.7028898976938343,14.245600356026239,0,227.23219871377199,89.187494239286252,334.89529604134543,0,0.00058343453565612435,0.0001838422758737579
2.0902433696319349,0,0.0011329384287819266,38,42,17,1.8493496179580688,0.40678525508003754,3.5456436056925149,-142.183795976661,0,-277.18949796580654,127.33906536125083,-288.08179972044417,-5.6843418860808015e-14,0.0001838422758737579,0.00044421511120162904
2.0902433696319349,0,0.0011329384287819266,38,42,18,2.1339788436889648,-0.59317374559270075,4.7753007721950986,36.003161983204251,0,-116.16624353785353,-27.877760351636535,-103.85871487968342,0,0.00044421511120162904,0.0004261508584022522
2.0902433696319349,0,0.0011329384287819266,38,42,19,1.4072010517120361,-0.42016891517321392,6.7115627453601654,181.1524107347542,0,20.857393139466456,-30.622563995171738,177.67863370923587,-2.8421709430404007e-14,0.0004261508584022522,0.0007291111396625638
2.0902433696319349,0,0.0011329384287819266,38,42,20,0.69540131092071533,0.63264325334491311,7.7035693151170275,61.856148260143712,0,92.159996843360062,38.664630332494269,201.01698800445999,2.8421709430404007e-14,0.0007291111396625638,0.00074157252674922347
2.0902433696319349,0,0.0011329384287819266,38,42,21,0.5520666241645813,0.49259448366896097,7.9263746617170172,-35.158866022316168,0,-121.33810871028139,69.019169291976553,-79.058836295235025,0,0.00074157252674922347,0.00036945100873708725
2.0902433696319349,0,0.0011329384287819266,38,42,22,1.0788623094558716,-0.21734945617320911,8.0796977599467805,-97.99925461373445,0,-246.51637512103278,85.460081195108813,-251.19320023588486,0,0.00036945100873708725,0.00030134065309539437
2.0902433696319349,0,0.0011329384287819266,38,42,23,1.1990584135055542,-0.58422911040605052,8.6613341509907613,48.163380777809643,0,-79.675906791574519,-18.499488330450877,-41.934909303631052,-7.1054273576010019e-15,0.00030134065309539437,0.00061055965488776565
2.0902433696319349,0,0.0011329384287819266,38,42,24,0.75451260805130005,-0.14330898685730087,9.2343267740917536,99.385335208547346,0,72.358394540328177,-4.9732336046105026,175.86151393149947,0,0.00061055965488776565,0.00046448264038190246
2.0902433696319349,0,0.0011329384287819266,38,42,25,0.67907315492630005,-0.037755550913303688,9.3074917690510972,-17.040121078514535,0,-47.528580487176818,45.044304859488932,-10.254660488064623,7.1054273576010019e-15,0.00046448264038190246,0.00030286033870652318
2.0902433696319349,0,0.0011329384287819266,38,42,26,1.0192985534667969,-0.44469165063599819,9.0499025521002299,-56.870025042471298,0,-174.24652433084012,52.594566695167536,-169.91677177667964,0,0.00030286033870652318,0.00099242571741342545
2.0902433696319349,0,0.0011329384287819266,38,42,27,1.0698060989379883,-0.89712117931739099,8.9305593674882733,59.430586135219478,0,-47.167671321443251,9.8930147730132365,30.189367774960346,0,0.00099242571741342545,0.00094854057533666492
2.0902433696319349,0,0.0011329384287819266,38,42,28,0.93990939855575562,-0.80104012929893098,8.7644535216110118,2.6707804370939305,0,-0.038037511199033029,16.179147536644304,26.775303854851284,0,0.00094854057533666492,0.00056029978441074491
2.0902433696319349,0,0.0011329384287819266,38,42,29,1.3992224931716919,-0.68362134418811926,8.2973316425306667,-36.604817554535011,0,-165.17928656443826,27.935842526413481,-166.23455129421723,0,0.00056029978441074491,0.00032690734951756895
2.0902433696319349,0,0.0011329384287819266,38,42,30,1.4036076068878174,-1.053239219154968,7.7891931733140209,33.138406022194921,0,104.51634819916877,41.431214791570824,185.82192296709357,0,0.00032690734951756895,0.00066034035990014672
2.0902433696319349,0,0.0011329384287819266,38,42,31,1.568678617477417,-1.363917118883766,6.3976003782213633,-107.79273000751037,0,-62.540823461726305,25.93832077647588,-139.36154943342319,2.8421709430404007e-14,0.00066034035990014672,0.00075050175655633211
2.0902433696319349,0,0.0011329384287819266,38,42,32,2.1073646545410156,-0.62416718189839626,4.5285098943501794,-34.35686903653739,0,-54.017474755871611,3.3527724947330251,-81.117228585224197,-1.4210854715202004e-14,0.00075050175655633211,0.00053736957488581538
2.0902433696319349,0,0.0011329384287819266,38,42,33,1.6762493848800659,-0.13727684523432143,3.7089097086920733,2.6507357735160171,0,117.47730132357954,32.437947620944676,156.13761758149798,0,0.00053736957488581538,0.00088331708684563637
2.0902433696319349,0,0.0011329384287819266,38,42,34,2.3654689788818359,-1.1025475378979182,3.1972937977882352,-138.46601068428083,0,-354.49382117532019,17.771461940447811,-473.0936236592629,0,0.00088331708684563637,0.0010068573756143451
2.0902433696319349,0,0.0011329384287819266,38,42,35,2.3375163078308105,-0.5323537611025716,3.2881004230740105,69.109370278077165,0,-11.18671103910483,18.880494770427916,79.558900671371688,-1.4210854715202004e-14,0.0010068573756143451,0.00048318938934244215
2.0902433696319349,0,0.0011329384287819266,38,42,36,1.2422254085540771,-0.83896460977117748,3.5336828996943752,86.341678117878104,0,231.77102605286325,27.572513270064213,348.37993573072873,-5.6843418860808015e-14,0.00048318938934244215,0.001322019612416625
2.0902433696319349,0,0.0011329384287819266,38,42,37,1.1859346628189087,1.9181953473059177,2.6236834103877498,-51.436500724886599,0,-56.55499237710503,35.670873019534689,-67.778741324763274,0,0.001322019612416625,0.00035127942101098597
2.0902433696319349,0,0.0011329384287819266,38,42,38,1.3076398372650146,0.067618371685515224,1.059933412571298,-113.24740381264972,0,-401.55574505899023,74.184668573871804,-439.49092851351134,0,0.00035127942101098597,0.00049650290748104453
2.0902433696319349,0,0.0011329384287819266,38,42,39,2.5041313171386719,-0.17071724264213639,0.47838441483016569,0.99876087496880095,0,-473.44380024922248,24.631577065325697,-447.50579513673995,0,0.00049650290748104453,0.00028234656201675534
2.0902433696319349,0,0.0011329384287819266,38,42,40,1.0340026617050171,0.48177240811038624,1.051723271598348,108.92491153033637,0,449.27267172886764,23.880928089132333,583.61200702804513,0,0.00028234656201675534,0.00020239590958226472
2.0902433696319349,0,0.0011329384287819266,38,42,41,0.27255785465240479,1.5018130128576561,0.78356799368507601,-20.65915615164079,0,145.46183502096773,99.373550419462163,226.46161029533181,-2.8421709430404007e-14,0.00020239590958226472,0.00046832673251628876
2.0902433696319349,0,0.0011329384287819266,38,42,42,1.6817524433135986,-0.20285821055713155,0.12120645760982965,-152.0128361803547,0,-492.85319004051331,151.93365712868868,-493.01402084512665,0,0.00046832673251628876,0.00027808957383967936
2.0902433696319349,0,0.0011329384287819266,38,42,43,2.7122459411621094,-1.2146713986124142,0.71781627307483753,39.090355838196309,0,-174.25431070934283,-49.82208984154839,-185.48289983823247,0,0.00027808957383967936,0.00044658934348262846
2.0902433696319349,0,0.0011329384287819266,38,42,44,1.4682093858718872,-0.30607909047667831,1.7126778448575182,149.8163408932736,0,310.97996057693763,-17.208001712312754,444.99489851227929,-5.6843418860808015e-14,0.00044658934348262846,0.0006247282144613564
2.0902433696319349,0,0.0011329384287819266,38,42,45,0.7046048641204834,1.1897615329103861,1.4740216856642205,-21.561323844643582,0,56.586506165774772,134.93146834004204,172.62043387974785,0,0.0006247282144613564,0.00038503712858073413
2.0902433696319349,0,0.0011329384287819266,38,42,46,1.7369483709335327,-0.22793755812733568,0.86400050473357271,-193.40964359665006,0,-412.84346857596802,145.86485902448112,-459.75219020153071,5.6843418860808015e-14,0.00038503712858073413,0.00024848547764122486
2.0902433696319349,0,0.0011329384287819266,38,42,47,3.1167171001434326,-0.97695899461018121,1.1669887186086698,-30.828376918837876,0,-520.95123124884469,-26.144975470790961,-577.73455391447499,1.1368683772161603e-13,0.00024848547764122486,0.00029751990223303437
2.0902433696319349,0,0.0011329384287819266,38,42,48,2.2579991817474365,-0.49440071468300995,2.0129549653730368,239.51931443370526,0,289.4470464916958,-38.713032144808388,491.7718830312827,-5.6843418860808015e-14,0.00029751990223303437,0.00058840896235778928
2.0902433696319349,0,0.0011329384287819266,38,42,49,1.0624837875366211,1.0654192047630737,2.3483816620181925,34.041205043184419,0,358.38038148281311,121.20760795436271,517.04299534714153,0,0.00058840896235778928,0.00038019003113731742
2.0902433696319349,0,0.0011329384287819266,38,42,50,1.5863972902297974,0.66867827108611333,1.9580670389350778,-143.66836373740003,0,-414.03236439626642,163.84034512596605,-391.23363769767917,0,0.00038019003113731742,0.00065654795616865158
2.0902433696319349,0,0.0011329384287819266,38,42,51,2.8594629764556885,-1.6192890839959075,1.8244706796753387,-134.93667679593239,0,-582.0780904630119,45.497072247288216,-671.31251341597658,1.1368683772161603e-13,0.00065654795616865158,0.00036765469121746719
2.0902433696319349,0,0.0011329384287819266,38,42,52,2.6486358642578125,-0.72578755957104635,2.7622412020221812,156.97360105722777,0,188.91606142993939,-16.412844113056622,331.5132720165617,0,0.00036765469121746719,0.00040808538324199617
2.0902433696319349,0,0.0011329384287819266,38,42,53,1.5514460802078247,0.72049073420341647,3.8661070892152556,149.12566807581732,0,320.32466699349675,23.293056512177984,497.32998940491069,-5.6843418860808015e-14,0.00040808538324199617,0.0007915168534964323
2.0902433696319349,0,0.0011329384287819266,38,42,54,1.2999279499053955,1.2076757727987857,4.1586121142017252,-52.005222019577538,0,-86.181636473248147,148.70141566875091,15.880845062925747,3.5527136788005009e-15,0.0007915168534964323,0.00074495107401162386
2.0902433696319349,0,0.0011329384287819266,38,42,55,2.3005473613739014,-1.0239404217094212,4.1767923873188977,-245.43864563706018,0,-404.0680095607554,123.53047406011611,-522.82332917208998,0,0.00074495107401162386,0.00035713805118575692
2.0902433696319349,0,0.0011329384287819266,38,42,56,3.0051355361938477,-1.088370813123525,4.6499024287939816,13.147615765813487,0,-222.31794166525293,-39.860786424639791,-245.46958070840878,0,0.00035713805118575692,0.000292475480819121
2.0902433696319349,0,0.0011329384287819266,38,42,57,1.99924635887146,-0.23549355945781009,5.4513149429600709,261.79698510059785,0,227.64719164370001,-33.424187157510474,461.23581097028966,0,0.000292475480819121,0.00090816157171502709
2.0902433696319349,0,0.0011329384287819266,38,42,58,1.3821442127227783,1.0597563653510678,5.7271247130689309,-19.034644020515284,0,110.74334657471172,102.03901717933465,200.53460081195109,0,0.00090816157171502709,0.00069209572393447161
2.0902433696319349,0,0.0011329384287819266,38,42,59,2.2703201770782471,-0.421472262208269,5.4813556329941626,-278.96426615776807,0,-348.36709872833239,144.13796653817812,-478.13351497713643,0,0.00069209572393447161,0.00061068235663697124
2.0902433696319349,0,0.0011329384287819266,38,42,60,3.0913753509521484,-1.5997575799176047,5.6838183259183461,20.581713251938194,0,-229.96142960030178,-98.165188652906991,-303.46084425526982,0,0.00061068235663697124,0.00048137048725038767
2.0902433696319349,0,0.0011329384287819266,38,42,61,2.1607975959777832,-0.16473796857273121,6.2623141068409582,308.38814874884747,0,301.08284217201077,-121.26042906258378,494.30813799654271,0,0.00048137048725038767,0.00040711485780775547
2.0902433696319349,0,0.0011329384287819266,38,42,62,1.3688182830810547,0.79416868315195843,6.4124402850963742,27.259269367326947,0,312.96159390587644,83.610868911381544,431.03834115283325,0,0.00040711485780775547,0.00064541422761976719
2.0902433696319349,0,0.0011329384287819266,38,42,63,1.9460424184799194,-0.2119700156198189,6.0209240426323127,-227.55375510166755,0,-417.02717392253714,185.43533979656729,-453.33663520062493,-5.6843418860808015e-14,0.00064541422761976719,0.00023256251006387174
2.0902433696319349,0,0.0011329384287819266,38,42,64,2.8959159851074219,-0.69262475535269852,5.7295698759549429,-331.01094538180598,0,-367.61134364043403,32.426688938515085,-661.15865496312267,0,0.00023256251006387174,0.00062867789529263973
2.0902433696319349,0,0.0011329384287819266,38,42,65,3.6049466133117676,-2.4583640528585109,5.707177872447291,-140.63904161452268,0,-192.48664208008597,-165.55419016721046,-495.43106004223034,0,0.00062867789529263973,0.00091668323148041964
2.0902433696319349,0,0.0011329384287819266,38,42,66,3.3103780746459961,-1.7456157179295606,5.8606115352788937,238.53128613451048,0,353.08406578100585,-148.85009340962017,446.88025432324548,0,0.00091668323148041964,0.00067173002753406763
2.0902433696319349,0,0.0011329384287819266,38,42,67,2.3494036197662354,0.013322006969474614,5.9041152124253236,211.39154819933319,0,427.27857254933713,-124.68559383312575,519.90196413493936,0,0.00067173002753406763,0.00049929576925933361
2.0902433696319349,0,0.0011329384287819266,38,42,68,2.2389647960662842,0.58224264676038007,4.8518077774799018,-113.52897609472058,0,56.028885721516744,117.84347155586899,65.777431606905438,0,0.00049929576925933361,0.00052751065231859684
2.0902433696319349,0,0.0011329384287819266,38,42,69,3.3994686603546143,-0.37348249827088675,3.3493521849404639,-429.38847068090843,0,-281.51693565068246,129.85238207632719,-578.0771545685941,0,0.00052751065231859684,0.0006556633161380887
2.0902433696319349,0,0.0011329384287819266,38,42,70,4.7784132957458496,-1.736549009557981,2.5189748277488788,-89.169606612996247,0,-366.46148493398027,-189.48004776473005,-644.32871349351569,-1.1368683772161603e-13,0.0006556633161380887,0.00055540073662996292
2.0902433696319349,0,0.0011329384287819266,38,42,71,3.9057416915893555,-0.22611653036359827,2.305290033248502,398.72907921984546,0,562.50187225123398,-231.26975163141873,732.04037334254565,1.1368683772161603e-13,0.00055540073662996292,0.00053764611948281527
2.0902433696319349,0,0.0011329384287819266,38,42,72,2.7702817916870117,0.89886411312443959,1.8699299939055887,15.074849666564493,0,567.94391949663918,42.390307224708273,628.177870494942,0,0.00053764611948281527,0.00027429260080680251
2.0902433696319349,0,0.0011329384287819266,38,42,73,4.008751392364502,-0.35735188325117884,0.8102244923815749,-457.09366804951196,0,-447.73275754796072,144.51834165016845,-759.85521133817383,0,0.00027429260080680251,0.00016841868637129664
2.0902433696319349,0,0.0011329384287819266,38,42,74,5.4955086708068848,-1.1375648166996117,0.50707860064261046,-17.599740728063793,0,-418.08012378303158,-236.93486809879337,-673.2452188259457,0,0.00016841868637129664,0.00039968921919353306
2.0902433696319349,0,0.0011329384287819266,38,42,75,3.8956930637359619,-0.27624072544353512,1.269530091194218,473.25292875457507,0,777.732525937726,-232.07153817453528,1019.9072058835164,0,0.00039968921919353306,0.00031648116419091821
2.0902433696319349,0,0.0011329384287819266,38,42,76,2.5730772018432617,0.69932439479495556,1.6477426171155032,138.65393598165696,0,542.42080209275366,55.960491856290268,739.38229694261133,0,0.00031648116419091821,0.00023271697864402086
2.0902433696319349,0,0.0011329384287819266,38,42,77,3.1648783683776855,0.47995394922680301,0.97820325740168868,-249.40843601746715,0,-338.74429233362929,69.798569996897825,-516.89600114757013,0,0.00023271697864402086,0.00040614957106299698
2.0902433696319349,0,0.0011329384287819266,38,42,78,4.8418893814086914,-0.95418972536307778,0.69113639756893508,-74.420522187572018,0,-490.85624700789685,-74.097282258378584,-639.6371047816416,-1.1368683772161603e-13,0.00040614957106299698,0.00029350115801207721
2.0902433696319349,0,0.0011329384287819266,38,42,79,3.9429056644439697,-0.73820634827829024,1.4423474961176515,421.72141316768921,0,484.32579031341055,-186.34066412950361,720.41068049943556,0,0.00029350115801207721,0.00052323768613860011
2.0902433696319349,0,0.0011329384287819266,38,42,80,2.8074798583984375,0.59863528755582052,1.6425790652502752,65.649692910928607,0,638.44789329734988,-21.376134301876505,684.96266625920805,0,0.00052323768613860011,9.4745242677163333e-05
2.0902433696319349,0,0.0011329384287819266,38,42,81,3.3583700656890869,0.69680329581158473,0.99263039661351726,-260.32683266222193,0,-95.04390308663281,33.133355398301269,-320.54794665812841,0,9.4745242677163333e-05,0.00040301255648955703
2.0902433696319349,0,0.0011329384287819266,38,42,82,3.8381166458129883,-0.13899085345083323,0.67583008481311957,-240.89182147680398,0,-91.980068367148874,-12.869621009000637,-345.20467162159122,0,0.00040301255648955703,0.00055338651873171329
2.0902433696319349,0,0.0011329384287819266,38,42,83,3.9452242851257324,-0.57846988661065757,1.2920809542506078,70.692109540748959,0,116.33775430757531,-171.95101577117731,15.792459144786916,1.2434497875801753e-14,0.00055338651873171329,0.00062896241433918476
2.0902433696319349,0,0.0011329384287819266,38,42,84,2.969001293182373,0.07912356385470537,2.306664897907051,292.24951142468348,0,481.51027793536429,-135.17174124964922,640.97383657216028,0,0.00062896241433918476,0.00067810009932145476
2.0902433696319349,0,0.0011329384287819266,38,42,85,2.2982213497161865,0.87683421896332947,2.8033870582078442,43.969679404784301,0,539.31508928348489,-28.489517170754596,558.47547279468574,-1.1368683772161603e-13,0.00067810009932145476,0.0005427511059679091
2.0902433696319349,0,0.0011329384287819266,38,42,86,2.8777999877929688,0.41205721368777443,2.4646939790689699,-223.61111182468892,0,-88.172950164649805,-5.2048783650660244,-314.11218916164802,-5.6843418860808015e-14,0.0005427511059679091,0.00054725410882383585
2.0902433696319349,0,0.0011329384287819266,38,42,87,3.5173311233520508,-0.77079906661280928,2.2279040599301245,-228.70677044805484,0,-74.846668578598539,-35.909935883834009,-338.00626991717007,0,0.00054725410882383585,0.0004138914227951318
2.0902433696319349,0,0.0011329384287819266,38,42,88,3.5491483211517334,-0.74276498024479787,2.9547278030001847,101.35297410044753,0,121.68657545361029,-139.18614547445009,86.065366902363138,2.8421709430404007e-14,0.0004138914227951318,0.00058367580641061068
2.0902433696319349,0,0.0011329384287819266,38,42,89,2.8351831436157227,-0.16902039454505491,3.8294600614661092,242.08334783038035,0,289.47229961116403,-98.193598412308759,437.02248869615664,-5.6843418860808015e-14,0.00058367580641061068,0.0006856302497908473
2.0902433696319349,0,0.0011329384287819266,38,42,90,2.8128578662872314,-0.19457725840272991,4.1125987438998086,161.97140384265424,0,-26.336057408100626,-61.672326594681167,77.881041325369537,0,0.0006856302497908473,0.00048274407163262367
2.0902433696319349,0,0.0011329384287819266,38,42,91,2.8983650207519531,-0.20802668182785483,4.3074497421717748,211.12491734628102,0,40.217697179790889,-101.27995049665188,154.16208708976396,0,0.00048274407163262367,0.00052216986659914255
2.0902433696319349,0,0.0011329384287819266,38,42,92,2.501356840133667,-0.041077010197529414,4.6613456595738514,137.60382709710274,0,287.22666596245097,-102.04364691790383,327.40711479102623,5.6843418860808015e-14,0.00052216986659914255,0.00059741188306361437
2.0902433696319349,0,0.0011329384287819266,38,42,93,2.4564626216888428,-0.79755919393473007,4.6924319865859241,-74.926636790247954,0,-127.22332189702141,-7.349920421230582,-205.60500631584875,0,0.00059741188306361437,0.0013110976433381438
2.0902433696319349,0,0.0011329384287819266,38,42,94,2.8151900768280029,-1.8083313304631063,4.7825174758348012,-53.786829598061708,0,-336.15668935878386,-5.8393629917054968,-392.80869580317938,0,0.0013110976433381438,0.0011056466028094292
2.0902433696319349,0,0.0011329384287819266,38,42,95,2.1573112010955811,-0.58801625628463683,5.1649337172404843,179.02378320624399,0,-32.680272346508637,-67.60765144036597,83.312776880325231,0,0.0011056466028094292,0.00086758768884465098
2.0902433696319349,0,0.0011329384287819266,38,42,96,1.534174919128418,0.044333528191455966,3.6422010288467774,60.991649803681042,0,259.21590584828175,-59.431217463206188,264.46287274579481,-5.6843418860808015e-14,0.00086758768884465098,0.0006469827494584024
2.0902433696319349,0,0.0011329384287819266,38,42,97,1.656036376953125,0.5022685780642091,1.0043956622095227,-3.9667389618045541,0,225.3587329132221,-65.49670109548353,157.40195709620775,0,0.0006469827494584024,0.00042856144136749208
2.0902433696319349,0,0.0011329384287819266,38,42,98,1.4405562877655029,0.12235080059663783,0.025274726961435047,23.134698408845907,0,238.47436139437582,-64.048013808655625,197.70867152212418,0,0.00042856144136749208,0.000323751155519858
2.0902433696319349,0,0.0011329384287819266,38,42,99,1.2000260353088379,0.10783695485601581,0.0041185414531713189,14.027581757950452,0,212.17955074807332,-57.995893285430228,168.32319471690272,0,0.000323751155519858,0.00023471478198189288
2.0902433696319349,0,0.0011329384287819266,38,42,100,1.0165013074874878,0.049026296041461005,0.0024269348750733028,8.4952546104462794,0,190.78121474533097,-52.971469503230985,146.35645308346281,2.8421709430404007e-14,0.00023471478198189288,0.0001732916571199894
2.0902433696319349,0,0.0011329384287819266,38,42,101,0.87315893173217773,0.023945011174371783,0.0020446576116895147,5.5187535957899962,0,173.06299479842872,-48.72536790730905,129.88237015569572,0,0.0001732916571199894,0.0001326618657913059
2.0902433696319349,0,0.0011329384287819266,38,42,102,0.75699812173843384,0.012779848626103809,0.0018985270648093527,3.7615047554595638,0,157.88965796593808,-45.021313998639727,116.64452709844883,0,0.0001326618657913059,0.00010439340258017182
2.0902433696319349,0,0.0011329384287819266,38,42,103,0.66107738018035889,0.0075164403754053562,0.0018482580940661231,2.646421698940193,0,144.81874855050938,-41.734725721179707,105.73980922673933,-1.4210854715202004e-14,0.00010439340258017182,8.3537495811469853e-05
2.0902433696319349,0,0.0011329384287819266,38,42,104,0.58080446720123291,0.0046450653510909058,0.0018260465126450044,1.9080836184875933,0,133.66039466014075,-38.790054159186518,96.784895231305569,0,8.3537495811469853e-05,6.7835651861969382e-05
2.0902433696319349,0,0.0011329384287819266,38,42,105,0.51342189311981201,0.0029381396174418535,0.0017968202828527147,1.4033895037817512,0,123.87870405545,-36.136635241726999,89.150193277405052,1.4210854715202004e-14,6.7835651861969382e-05,5.5689415603410453e-05
2.0902433696319349,0,0.0011329384287819266,38,42,106,0.4560944139957428,0.001888854428253592,0.0018728081592026484,1.0593683616925715,0,115.43442917993022,-33.736747121595478,82.760812082614777,1.4210854715202004e-14,5.5689415603410453e-05,4.6158420445863158e-05
2.0902433696319349,0,0.0011329384287819266,38,42,107,0.40674921870231628,0.0012616236046998999,0.0019476269943886409,0.81159843224326844,0,108.04836523146072,-31.559849307435048,77.303323606868034,0,4.6158420445863158e-05,3.8679936551488936e-05
2.0902433696319349,0,0.0011329384287819266,38,42,108,0.36417198181152344,0.00086178122187397345,0.0019265840527439391,0.62738218678903035,0,101.4387557906412,-29.58103064910361,72.487895693601232,0,3.8679936551488936e-05,3.2645017199683934e-05
2.0902433696319349,0,0.0011329384287819266,38,42,109,0.32718381285667419,0.00061217738654360972,0.0019920505586184028,0.49596074422307662,0,95.525737867153339,-27.778904911051498,68.24539792827008,0,3.2645017199683934e-05,2.7686008252203465e-05
2.0902433696319349,0,0.0011329384287819266,38,42,110,0.29459816217422485,0.00042570940042902352,0.0020996025463947462,0.39723683030193485,0,90.233999293249695,-26.135189886997019,64.498571548501431,-1.4210854715202004e-14,2.7686008252203465e-05,2.3650469302083366e-05
2.0902433696319349,0,0.0011329384287819266,38,42,111,0.26594001054763794,0.00031464627528561578,0.0021580550059793254,0.31910999194707451,0,85.343680097559897,-24.634102377272523,61.031160413515721,1.4210854715202004e-14,2.3650469302083366e-05,2.0292118279030547e-05
2.0902433696319349,0,0.0011329384287819266,38,42,112,0.24056416749954224,0.00023777895887037913,0.0021954643232254406,0.25834467322662752,0,80.816834837549678,-23.262016219498275,57.815596534560122,-7.1054273576010019e-15,2.0292118279030547e-05,1.7515649233246222e-05
2.0902433696319349,0,0.0011329384287819266,38,42,113,0.21804472804069519,0.00017494013642243569,0.0022188451465042628,0.21061364689838033,0,76.56991777631157,-22.006909876594079,54.776015331898805,0,1.7515649233246222e-05,1.5166629964369349e-05
2.0902433696319349,0,0.0011329384287819266,38,42,114,0.19791565835475922,0.00013344108169326604,0.0022866495340128465,0.17393086033748714,0,72.564851944647415,-20.858419047444855,51.882783848155754,0,1.5166629964369349e-05,1.3123266398906708e-05
2.0902433696319349,0,0.0011329384287819266,38,42,115,0.17983491718769073,0.00010217359564716617,0.0023836803520074822,0.14460041428844023,0,68.739938184523069,-19.807363170910577,49.079661281848594,7.1054273576010019e-15,1.3123266398906708e-05,1.1407385500206146e-05
2.0902433696319349,0,0.0011329384287819266,38,42,116,0.16353996098041534,7.967241312740916e-05,0.0024456395336963604,0.11989970680857023,0,65.014813704297438,-18.845837494491036,46.291401228561796,0,1.1407385500206146e-05,9.9648250397876836e-06
2.0902433696319349,0,0.0011329384287819266,38,42,117,0.14891847968101501,6.476809158252985e-05,0.0024736965216309473,0.099105341246443254,0,61.340050783677995,-17.966857952333299,43.474836637204355,0,9.9648250397876836e-06,8.6920554167591035e-06
2.0902433696319349,0,0.0011329384287819266,38,42,118,0.13581258058547974,5.0739396921474573e-05,0.0024877252162920022,0.081875348275926907,0,57.69392121778894,-17.164795203222567,40.613539827455511,0,8.6920554167591035e-06,7.5953175837639719e-06
2.0902433696319349,0,0.0011329384287819266,38,42,119,0.12406663596630096,5.3367080347994892e-05,0.0024456395336963604,0.067170667252234334,0,54.097193066859624,-16.434716997262704,37.732145743463199,0,7.5953175837639719e-06,6.6452739702071995e-06
2.0902433696319349,0,0.0011329384287819266,38,42,120,0.11364418268203735,4.6638621281507444e-05,0.002360299328034898,0.054794008179519925,0,50.555101092113155,-15.772506549873729,34.839795488368267,0,6.6452739702071995e-06,5.801507541036699e-06
2.0902433696319349,0,0.0011329384287819266,38,42,121,0.10439031571149826,3.7568266705658843e-05,0.0022246903523239683,0.044666455059445428,0,47.121025390092157,-15.174560030464864,31.993394073305769,0,5.801507541036699e-06,5.0661092245718464e-06
2.0902433696319349,0,0.0011329384287819266,38,42,122,0.096263296902179718,3.5219146220863891e-05,0.0020692074761322777,0.036347393567955667,0,43.846083798720223,-14.638496806419569,29.246038812490966,0,5.0661092245718464e-06,4.3977420318697114e-06
2.0902433696319349,0,0.0011329384287819266,38,42,123,0.089165158569812775,3.4769993581396044e-05,0.0019184009652901135,0.029310717049462347,0,40.763157983971624,-14.162238756448275,26.632183115531685,3.5527136788005009e-15,4.3977420318697114e-06,3.8043463064241223e-06
2.0902433696319349,0,0.0011329384287819266,38,42,124,0.083106517791748047,3.3586301772825295e-05,0.00170914199486337,0.02289879218448012,0,37.88213217463823,-13.744174678918238,24.162599016201106,-3.5527136788005009e-15,3.8043463064241223e-06,3.290789663878968e-06
2.0902433696319349,0,0.0011329384287819266,38,42,125,0.078050434589385986,2.5674050550886073e-05,0.0014145429191220452,0.017229992970516347,0,35.257596512570508,-13.3825947271988,21.893671995311898,0,3.290789663878968e-06,2.8243714496056782e-06
2.0902433696319349,0,0.0011329384287819266,38,42,126,0.073978833854198456,2.682081470723963e-05,0.0010977321616127203,0.012468727737442363,0,32.961653914916837,-13.076236245316545,19.899010950314057,0,2.8243714496056782e-06,2.3864242848503636e-06
2.0902433696319349,0,0.0011329384287819266,38,42,127,0.070849686861038208,3.4536687083012951e-05,0.00067570729796117234,0.0075035961753279201,0,31.039694233388104,-12.824270615288926,18.22363745825955,-3.5527136788005009e-15,2.3864242848503636e-06,1.957799668161897e-06
2.0902433696319349,0,0.0011329384287819266,38,42,128,0.068992026150226593,3.8734272376448936e-05,9.9368724715475973e-05,0.002005781624430338,0,29.578367234159693,-12.630564721034515,16.9499463977467,0,1.957799668161897e-06,1.4413860753847985e-06
2.0902433696319349,0,0.0011329384287819266,38,42,129,0.06842513382434845,6.7916023413724212e-05,-0.00056114101302774178,-0.0035446435920260728,0,28.652169619662907,-12.497729366831667,16.150402384249599,0,1.4413860753847985e-06,7.6798392001364846e-07
2.0902433696319349,0,0.0011329384287819266,38,42,130,0.06926649808883667,0.00015931331733417647,-0.0017968202828527147,-0.015993642329883876,0,28.412554343375223,-12.426139403672492,15.968783790407329,-1.7763568394002505e-15,7.6798392001364846e-07,6.7594834263218218e-07
2.0902433696319349,0,0.0011329384287819266,38,42,131,0.07411530613899231,-6.5516880008738298e-05,-0.0048141223505726088,-0.051643944579185065,0,28.566085418142276,-12.451504320805041,16.058057513527466,0,6.7594834263218218e-07,3.2965255059025367e-07
2.0902433696319349,0,0.0011329384287819266,38,42,132,0.088126115500926971,-2.1442121537419285e-06,-0.0034767360479237949,-0.041950429449970905,0,29.585857677668631,-12.661933830373966,16.878494537584618,3.5527136788005009e-15,3.2965255059025367e-07,3.2965255059025367e-07
2.0913763080607168,0,0.0012462323065847158,38,42,0,0.0091868136078119278,-3.736552846907638e-07,4.8864295313223085,-0.35184278379165579,0,90.53562326729039,68.747251531846544,163.81746416225457,2.9892422617194825e-06,0.00058102293405681849,0.00058102293405681849
2.0913763080607168,0,0.0012462323065847158,38,42,1,0.075182050466537476,-0.045034429532069618,9.7882783216226645,-5.2088682597957936,0,18.716590500150676,25.73900813578334,48.989974268228821,0,0.00058102293405681849,0.00051248393720015883
2.0913763080607168,0,0.0012462323065847158,38,42,2,0.19164876639842987,-0.36036735545659088,9.6935469919161541,-5.2905642512405819,0,-114.08752837678352,31.482517323126068,-78.56239865768076,-2.9892422759303372e-06,0.00051248393720015883,0.00021474991808645427
2.0913763080607168,0,0.0012462323065847158,38,42,3,0.29607817530632019,-0.24562080677033482,9.5774373487513476,14.141172571385441,0,-99.991385751066744,35.541803712526814,-40.976592925173478,0,0.00021474991808645427,0.00037591718137264252
2.0913763080607168,0,0.0012462323065847158,38,42,4,0.026022164151072502,0.14013343603871592,9.3431764099461798,-1.3458405721260258,0,67.469828736968537,40.815831475488118,116.42313247555781,2.9892422759303372e-06,0.00037591718137264252,0.00037106877425685525
2.0913763080607168,0,0.0012462323065847158,38,42,5,0.42641055583953857,-0.16461009911766911,8.611036992433668,-50.906748158393221,0,-311.03747444898454,59.980288189111427,-293.51751051419262,-2.9892423185629013e-06,0.00037106877425685525,0.00032125471625477076
2.0913763080607168,0,0.0012462323065847158,38,42,6,1.1415228843688965,-0.86428260894340192,7.4207192229016314,-32.036833443343674,0,-500.23022919828333,33.730322892345988,-491.9803031353228,0,0.00032125471625477076,0.00038997849333100021
2.0913763080607168,0,0.0012462323065847158,38,42,7,1.1827881336212158,-0.9341049564065721,5.6359678335111623,49.870892010446653,0,-212.66631779718253,54.630196167156186,-103.4633667424751,0,0.00038997849333100021,0.00044142064871266484
2.0913763080607168,0,0.0012462323065847158,38,42,8,1.0863310098648071,-0.11604387983470238,3.8431746350835785,76.255713983320405,0,-79.206215680929773,69.540010540815587,70.316639598455083,-1.4210854715202004e-14,0.00044142064871266484,0.000526930030900985
2.0913763080607168,0,0.0012462323065847158,38,42,9,0.81419152021408081,0.30403153501140678,2.9781564857122627,36.035004774380397,0,264.23557770002844,71.362539600454141,374.91531009558662,0,0.000526930030900985,0.00023092680203262717
2.0913763080607168,0,0.0012462323065847158,38,42,10,0.90098148584365845,0.23065834137782024,2.4748211452272919,-71.845983775513886,0,-74.112259872766643,77.794288940532198,-65.458475221143203,2.8421709430404007e-14,0.00023092680203262717,0.00025673120399005711
2.0913763080607168,0,0.0012462323065847158,38,42,11,2.1692039966583252,-0.54021362246281057,1.778190376246584,-121.14724577755516,0,-954.43301453687207,109.73852761508724,-964.60380377343267,-4.7827876528572233e-05,0.00025673120399005711,0.00016852645785547793
2.0913763080607168,0,0.0012462323065847158,38,42,12,2.1618201732635498,-0.41314728538501533,1.84932275913788,82.009694486361298,0,-105.21137997061949,23.188676301866391,1.4231662913610712,4.2188474935755949e-15,0.00016852645785547793,0.00037085131043568254
2.0913763080607168,0,0.0012462323065847158,38,42,13,0.97879874706268311,0.21396603884482973,2.5743035018786453,6.5204700508750353,0,578.37887487536261,70.777795983093597,658.46541045005472,0,0.00037085131043568254,0.00012693618191406131
2.0913763080607168,0,0.0012462323065847158,38,42,14,1.9915533065795898,0.14466867705665007,2.4219664842419291,-143.63830467366162,0,-654.4240505465923,147.17479351341899,-648.32092654553639,0,0.00012693618191406131,0.00035941079840995371
2.0913763080607168,0,0.0012462323065847158,38,42,15,2.6886498928070068,-0.71620152499931344,2.6186031382933708,53.55650816894525,0,-359.36087160326326,-58.365122866264848,-362.26708468728884,0,0.00035941079840995371,0.00034957830212078989
2.0913763080607168,0,0.0012462323065847158,38,42,16,1.6929287910461426,0.033389088929397272,3.6662884652426788,95.608116315900887,0,370.50926263426601,1.4440192454890932,471.26107574982808,5.6843418860808015e-14,0.00034957830212078989,0.00031308163306675851
2.0913763080607168,0,0.0012462323065847158,38,42,17,1.5229706764221191,0.30940114828005538,3.9412535424856334,-92.746096189706279,0,30.059820342802567,31.41774941069891,-27.017871745439116,0,0.00031308163306675851,0.00028593841125257313
2.0913763080607168,0,0.0012462323065847158,38,42,18,2.0163133144378662,-0.12466784380536521,4.4965183734710727,-48.205812320049951,0,-428.08226021092469,65.498459325847392,-406.41776267546152,0,0.00028593841125257313,0.00042561412556096911
2.0913763080607168,0,0.0012462323065847158,38,42,19,1.6085000038146973,-0.4770860567354448,6.1158013775549378,127.28547543991837,0,-155.01129541242855,26.495878301968396,4.40877365027771,-6.2172489379008766e-15,0.00042561412556096911,0.00062055559828877449
2.0913763080607168,0,0.0012462323065847158,38,42,20,0.92314118146896362,0.28416334938618715,7.4643830848494552,103.06027339983525,0,174.86856880871409,12.941553774506882,298.61894241729186,0,0.00062055559828877449,0.00073843140853568912
2.0913763080607168,0,0.0012462323065847158,38,42,21,0.46249783039093018,0.61806395371756184,8.0143655510752208,8.5985912822111867,0,258.91675913078063,29.212166888649044,305.3599468064337,5.6843418860808015e-14,0.00073843140853568912,0.00048013171181082726
2.0913763080607168,0,0.0012462323065847158,38,42,22,0.79427587985992432,0.13041017822049286,8.2463075851835956,-74.527118873010821,0,-122.33452498231209,46.82019091169461,-141.66473518022423,0,0.00048013171181082726,0.00049589492846280336
2.0913763080607168,0,0.0012462323065847158,38,42,23,1.1515487432479858,-0.54465414186607564,8.5288485233236564,-33.745053878289639,0,-294.07194620410138,43.711570254573211,-276.12123544636017,5.6843418860808015e-14,0.00049589492846280336,0.00047469564015045762
2.0913763080607168,0,0.0012462323065847158,38,42,24,0.95375287532806396,-0.30274971055727512,8.9862833013266439,79.842804716351736,0,8.271735574617372,0.90882530812081841,97.7068991898593,0,0.00047469564015045762,0.00047390011604875326
2.0913763080607168,0,0.0012462323065847158,38,42,25,0.66745525598526001,-0.017533400578829402,9.3211075815217743,35.621389298923667,0,80.218779653049864,15.016135742986444,140.1598788759029,-2.8421709430404007e-14,0.00047390011604875326,0.00022394245024770498
2.0913763080607168,0,0.0012462323065847158,38,42,26,0.82679331302642822,-0.27786651052857836,9.1614162805717747,-58.7347366953964,0,-101.01233155853301,42.844355198955562,-108.01916328493066,-1.4210854715202004e-14,0.00022394245024770498,0.00078799790935590863
2.0913763080607168,0,0.0012462323065847158,38,42,27,1.1040087938308716,-0.72310443272869063,8.7892757944051478,-16.489808271868597,0,-131.39164211595755,28.691560453595095,-111.12371857255461,-1.4210854715202004e-14,0.00078799790935590863,0.00076546089258044958
2.0913763080607168,0,0.0012462323065847158,38,42,28,0.97024416923522949,-0.76725030999376553,8.7166738252791625,22.425582533259522,0,62.020894429864626,26.737409077992506,119.13330955640205,0,0.00076546089258044958,0.00065563677344471216
2.0913763080607168,0,0.0012462323065847158,38,42,29,1.2108889818191528,-0.84505430799321513,8.3641704189441732,-66.674068528752869,0,-93.836189149536281,43.283462932555032,-109.70767863478316,-1.4210854715202004e-14,0.00065563677344471216,0.00043485796777531505
2.0913763080607168,0,0.0012462323065847158,38,42,30,1.6141324043273926,-1.0707675085057955,7.7847491474587613,-3.0731323728026032,0,-60.208122257019909,-21.931855364765092,-78.499128355634639,0,0.00043485796777531505,0.00056948128622025251
2.0913763080607168,0,0.0012462323065847158,38,42,31,1.4107905626296997,-1.1082518593554036,6.8628062969135888,-35.402194141197235,0,68.088338835096025,15.184011589292309,53.624710720749285,0,0.00056948128622025251,0.00067326478892937303
2.0913763080607168,0,0.0012462323065847158,38,42,32,2.0154638290405273,-0.72481614758785895,4.7008431718326689,-59.465929270417504,0,-151.86967352056328,19.77271371073887,-187.5868620559971,2.8421709430404007e-14,0.00067326478892937303,0.00048056730884127319
2.0913763080607168,0,0.0012462323065847158,38,42,33,1.8531436920166016,-0.39257532003108064,3.5962777955160243,46.885667274541539,0,162.29758542086756,11.265569328281764,223.6525244991758,-2.8421709430404007e-14,0.00048056730884127319,0.00057825277326628566
2.0913763080607168,0,0.0012462323065847158,38,42,34,1.8294830322265625,-0.42638028729233873,3.5984207085737259,-55.749224992232641,0,-310.15383051780964,42.040320768115699,-320.69069432064521,0,0.00057825277326628566,0.00094120489666238427
2.0913763080607168,0,0.0012462323065847158,38,42,35,2.4276516437530518,-1.0847440844296534,3.3259583744276302,-13.13583060860786,0,-527.12336584196589,11.734856451915142,-526.28312570866058,1.1368683772161603e-13,0.00094120489666238427,0.00071870902320370078
2.0913763080607168,0,0.0012462323065847158,38,42,36,1.6369184255599976,-0.79836794844752768,3.5132695267114018,122.71820020711712,0,294.77315070059433,5.3844623296622327,425.59071481563757,0,0.00071870902320370078,0.0009753168560564518
2.0913763080607168,0,0.0012462323065847158,38,42,37,1.1091455221176147,1.5335190275546484,3.015198989187724,39.816611480894913,0,378.53707603903729,10.661598904592168,433.56400444126672,0,0.0009753168560564518,0.00083520717453211546
2.0913763080607168,0,0.0012462323065847158,38,42,38,0.80972367525100708,1.1065306162864754,1.6433331396553441,-57.644308940431316,0,102.57702053628127,20.57751338760178,68.260088739393566,1.4210854715202004e-14,0.00083520717453211546,0.00043148003169335425
2.0913763080607168,0,0.0012462323065847158,38,42,39,1.997134804725647,-0.049206664440926688,0.48185763472094584,-64.644636075633059,0,-1017.640805548482,34.17010021621563,-1047.6826904376194,0,0.00043148003169335425,0.00022972516308072954
2.0913763080607168,0,0.0012462323065847158,38,42,40,1.6951991319656372,0.15194748200242614,0.43920507080113746,90.054725926651088,0,60.09964863325304,-5.2702493607225147,145.47527775198517,0,0.00022972516308072954,0.00015437341062352061
2.0913763080607168,0,0.0012462323065847158,38,42,41,0.529124915599823,0.82327468875915988,0.95152215019186259,18.497718180590216,0,861.56926177112234,6.7550179569388442,888.59684257547883,4.7827876301198557e-05,0.00015437341062352061,0.0004141423269174993
2.0913763080607168,0,0.0012462323065847158,38,42,42,1.1231979131698608,0.44657962491361558,0.74146482586636187,-104.06762413342334,0,-72.111524145511083,27.248497765634813,-147.74260606251963,0,0.0004141423269174993,0.00037670246092602611
2.0913763080607168,0,0.0012462323065847158,38,42,43,2.5021052360534668,-0.97717409926190002,0.49946926937500735,-55.290938280180555,0,-789.14389110040918,33.383475132400079,-811.52905907807656,0,0.00037670246092602611,0.00033337122295051813
2.0913763080607168,0,0.0012462323065847158,38,42,44,1.9723612070083618,-0.72351265112721519,1.0335329462140033,141.03101581738869,0,122.06726280876303,12.75244235106147,276.16074127229996,0,0.00033337122295051813,0.00054767029359936714
2.0913763080607168,0,0.0012462323065847158,38,42,45,0.90017318725585938,0.78910540759532832,1.6182629251566596,35.39478082034897,0,696.69810614687231,19.265164285953158,753.76541958592645,1.1368683772161603e-13,0.00054767029359936714,0.00039922629366628826
2.0913763080607168,0,0.0012462323065847158,38,42,46,1.216077446937561,0.37140139601350913,1.5959504734866354,-102.36169943654652,0,53.708313848767133,41.382878778565711,-5.3031549397135223,0,0.00039922629366628826,0.00029751250986009836
2.0913763080607168,0,0.0012462323065847158,38,42,47,2.46217942237854,-0.47282311700622903,1.121943056055579,-141.75972134283489,0,-881.73818161029362,95.106019269029375,-927.74276374504973,0,0.00029751250986009836,0.00028932496206834912
2.0913763080607168,0,0.0012462323065847158,38,42,48,2.8151464462280273,-0.67307516617851715,1.2198434496453732,107.30758013925012,0,-356.45810212634143,-27.547135026128778,-276.15088872975326,-5.6843418860808015e-14,0.00028932496206834912,0.00037360424175858498
2.0913763080607168,0,0.0012462323065847158,38,42,49,1.6482616662979126,0.33878203697057485,2.1215795828773962,141.54353934132419,0,575.2406009348482,-10.31609032518659,708.92841157083376,0,0.00037360424175858498,0.00057213992113247514
2.0913763080607168,0,0.0012462323065847158,38,42,50,1.1431536674499512,1.0869802244808855,2.4568741082483094,-33.660494192742981,0,296.87987300204185,88.62161143699042,355.38484457901848,0,0.00057213992113247514,0.00060266419313848019
2.0913763080607168,0,0.0012462323065847158,38,42,51,2.0989072322845459,-0.46046997988053118,2.1005835187753372,-198.0061649385421,0,-520.36385206464161,103.67170497224956,-613.05819849203942,-1.1368683772161603e-13,0.00060266419313848019,0.00043034221744164824
2.0913763080607168,0,0.0012462323065847158,38,42,52,3.0242199897766113,-1.1669200360876273,2.3258851379918308,-19.921649717974333,0,-491.99044264512816,-26.471390429230905,-537.22451769042925,0,0.00043034221744164824,0.00030781442183069885
2.0913763080607168,0,0.0012462323065847158,38,42,53,2.1148903369903564,-0.22079216041320296,3.2484880505974094,204.55351425597667,0,265.2281496197964,-2.8645071757695009,469.94485259018779,0,0.00030781442183069885,0.00071900588227435946
2.0913763080607168,0,0.0012462323065847158,38,42,54,1.3179199695587158,0.96264736263824546,4.1379086924736672,37.406373475556499,0,509.44149557769629,38.504884141640012,590.45330925000474,0,0.00071900588227435946,0.00051548011833801866
2.0913763080607168,0,0.0012462323065847158,38,42,55,1.7082207202911377,0.023311605901287374,4.6462196267295806,-139.65797314053717,0,-140.25409979249054,72.586072335552913,-202.65646936484393,0,0.00051548011833801866,0.00048690466792322695
2.0913763080607168,0,0.0012462323065847158,38,42,56,2.7270336151123047,-1.1280518528911672,4.6106865037766278,-141.09051369568056,0,-633.3666800746638,109.75502823245917,-661.21953088699968,1.1368683772161603e-13,0.00048690466792322695,0.00062865781364962459
2.0913763080607168,0,0.0012462323065847158,38,42,57,2.5217981338500977,-0.71177296256515843,4.9072342839186049,143.86204347964988,0,-42.602011349031962,-23.004825944829424,82.450667507141958,1.4210854715202004e-14,0.00062865781364962459,0.00061468023341149092
2.0913763080607168,0,0.0012462323065847158,38,42,58,1.6093375682830811,0.62598507209772136,5.6788769117839104,108.20052659239272,0,503.98385659708021,-21.257004028190796,597.23224114516381,0,0.00061468023341149092,0.00056419661268591881
2.0913763080607168,0,0.0012462323065847158,38,42,59,1.7286243438720703,0.44240449417630212,5.9047373324786587,-139.23287897473475,0,-66.67932959516132,68.482727504223703,-131.08233923901739,2.8421709430404007e-14,0.00056419661268591881,0.00064621865749359131
2.0913763080607168,0,0.0012462323065847158,38,42,60,2.7475728988647461,-1.064693741853147,5.6085333151985965,-163.34616378394728,0,-640.52699145655879,107.96444819428281,-691.36486747287779,0,0.00064621865749359131,0.00061402702704071999
2.0913763080607168,0,0.0012462323065847158,38,42,61,2.7208182811737061,-0.99712864596479378,5.7854643236736596,178.36794321635369,0,-31.740491920918849,-100.30156148675196,51.114225486391753,2.1316282072803006e-14,0.00061402702704071999,0.00032908550929278135
2.0913763080607168,0,0.0012462323065847158,38,42,62,1.8571581840515137,-0.10134502824553711,6.4171117679555847,211.04394840044711,0,542.69507019768423,-127.89939406190759,632.15539127593377,0,0.00032908550929278135,0.0005919242394156754
2.0913763080607168,0,0.0012462323065847158,38,42,63,1.432439923286438,0.64065291029825722,6.4412207542344015,-36.638257779923393,0,321.73085497747138,98.188238938355653,390.36270980043633,5.6843418860808015e-14,0.0005919242394156754,0.00038032775046303868
2.0913763080607168,0,0.0012462323065847158,38,42,64,2.1468639373779297,-0.39263697315305462,6.1306429654628554,-248.00169639499251,0,-148.81605492134835,88.751224982143953,-302.3285203418871,-5.6843418860808015e-14,0.00038032775046303868,0.00024951683008112013
2.0913763080607168,0,0.0012462323065847158,38,42,65,3.0436537265777588,-0.95864327260749926,5.8690356909923107,-337.18442447838191,0,-476.51085477943411,36.209337384005721,-772.5755494554254,1.1368683772161603e-13,0.00024951683008112013,0.00085283664520829916
2.0913763080607168,0,0.0012462323065847158,38,42,66,3.8166658878326416,-2.6377092539654634,5.6661703901727165,3.0284611362072531,0,-425.7191804917565,-111.93789251319984,-531.60015073254181,0,0.00085283664520829916,0.00058298144722357392
2.0913763080607168,0,0.0012462323065847158,38,42,67,2.9384205341339111,-1.0742279300973165,5.741654736164806,323.83088137621723,0,291.2348444015322,-89.797794574413174,529.93535800940379,0,0.00058298144722357392,0.0005292185815051198
2.0913763080607168,0,0.0012462323065847158,38,42,68,2.3134865760803223,0.10171980449608195,5.2607417020035587,23.109473338481056,0,596.81097320947651,-10.152327676254599,615.13058037820269,0,0.0005292185815051198,0.00065621850080788136
2.0913763080607168,0,0.0012462323065847158,38,42,69,2.7445428371429443,0.20050379942034854,4.1767034524066853,-283.90436143526227,0,39.273382460284644,81.970093004668641,-158.28367871848195,0,0.00065621850080788136,0.00040890037780627608
2.0913763080607168,0,0.0012462323065847158,38,42,70,4.0484285354614258,-1.0236437854493774,2.7454473373044173,-330.86865773867186,0,-678.67354914790712,173.08468467323939,-834.73571866148461,0,0.00040890037780627608,0.00043306761654093862
2.0913763080607168,0,0.0012462323065847158,38,42,71,4.7350983619689941,-1.3038979532471298,1.7810288486167374,112.44831161057198,0,-82.428475372473599,-181.38664746576711,-150.88968033229912,0,0.00043306761654093862,0.00055396347306668758
2.0913763080607168,0,0.0012462323065847158,38,42,72,3.4819686412811279,0.40708342059741126,1.9441349852135263,260.01223272671018,0,866.1921129963473,-153.36257285577449,975.19299127309398,1.1368683772161603e-13,0.00055396347306668758,0.00035104810376651585
2.0913763080607168,0,0.0012462323065847158,38,42,73,3.1478822231292725,0.52916631714328577,1.6883253461402437,-132.63569301004927,0,147.93544806032739,130.99997963578699,148.51722634934865,0,0.00035104810376651585,0.00031201599631458521
2.0913763080607168,0,0.0012462323065847158,38,42,74,4.7327632904052734,-0.50587829823184449,0.53916650023437529,-343.58092467352338,0,-894.94795411587836,198.1595011104101,-1040.3360894769892,0,0.00031201599631458521,0.00020797380420845002
2.0913763080607168,0,0.0012462323065847158,38,42,75,5.051185131072998,-0.90356601657497482,0.42566987518232041,169.47406262499936,0,47.904783665733959,-269.48406537697053,-52.583115227629868,-7.1054273576010019e-15,0.00020797380420845002,0.00031815122929401696
2.0913763080607168,0,0.0012462323065847158,38,42,76,3.4107518196105957,0.15920368080347844,1.2658757256152093,372.29678168835022,0,823.45197474015549,-149.60827586670746,1047.5655599682168,0,0.00031815122929401696,0.00029838469345122576
2.0913763080607168,0,0.0012462323065847158,38,42,77,2.5792670249938965,0.54161931364381721,1.395600993698864,-36.872996997492962,0,464.78135504968026,18.976188256500155,448.82176661603017,0,0.00029838469345122576,0.00024907171609811485
2.0913763080607168,0,0.0012462323065847158,38,42,78,4.1172199249267578,-0.10563192861988366,0.69754972744649402,-281.27899364169485,0,-741.03516936953326,62.877013418148103,-958.84523179425344,0,0.00024907171609811485,0.00023459408839698881
2.0913763080607168,0,0.0012462323065847158,38,42,79,4.7590866088867188,-0.80704417745113666,0.59927988219396189,132.11054292673347,0,-288.84364189101706,-153.47582926718539,-310.41669252672614,0,0.00023459408839698881,0.00042131624650210142
2.0913763080607168,0,0.0012462323065847158,38,42,80,3.5835003852844238,-0.0032739676044604726,1.5708804458155932,292.80053776468571,0,553.70428210824537,-166.73333399345768,681.33909235768454,0,0.00042131624650210142,0.00028630314045585692
2.0913763080607168,0,0.0012462323065847158,38,42,81,2.9952089786529541,0.43940198713616951,1.7622108211691412,-31.827347344534648,0,272.41859256384879,32.463649412697968,275.25650744031742,0,0.00028630314045585692,0.0001743919710861519
2.0913763080607168,0,0.0012462323065847158,38,42,82,3.4470210075378418,0.33763818473031521,1.305918961268201,-254.76972353432313,0,-111.78733035816541,-4.0954054038400924,-369.00890215033013,0,0.0001743919710861519,0.00036615264252759516
2.0913763080607168,0,0.0012462323065847158,38,42,83,3.9631161689758301,-0.36428765328974522,1.117098428461921,-147.5750171834724,0,-346.8760740487624,3.4191192309725853,-490.27916122609003,5.6843418860808015e-14,0.00036615264252759516,0.00054853537585586309
2.0913763080607168,0,0.0012462323065847158,38,42,84,3.6951851844787598,-0.31711479456339031,1.5101333444931713,130.09966768967257,0,152.65988569511185,-93.293821030701949,190.65875090401227,0,0.00054853537585586309,0.00059059186605736613
2.0913763080607168,0,0.0012462323065847158,38,42,85,2.9309396743774414,0.33745761581398842,2.5808080930745421,229.60020790180039,0,616.68976915016026,-132.70360859459467,716.5046341662545,0,0.00059059186605736613,0.00053662818390876055
2.0913763080607168,0,0.0012462323065847158,38,42,86,2.5219302177429199,0.64514032343975103,3.0045092719756483,-15.921326132497791,0,374.65010452072448,25.92481345726981,388.3032414409119,0,0.00053662818390876055,0.00056815514108166099
2.0913763080607168,0,0.0012462323065847158,38,42,87,3.1343908309936523,0.0073303693750634046,2.7104408814752361,-256.44522970178383,0,-9.369863617689365,1.1428949354202229,-261.95442713320267,5.6843418860808015e-14,0.00056815514108166099,0.00054587388876825571
2.0913763080607168,0,0.0012462323065847158,38,42,88,3.6466550827026367,-0.67003828285219302,2.7071231962024664,-102.76967122258328,0,-204.42782259669124,-9.5782018474638235,-314.73861075338806,5.6843418860808015e-14,0.00054587388876825571,0.0005174628458917141
2.0913763080607168,0,0.0012462323065847158,38,42,89,3.3303027153015137,-0.32728316923950129,3.1984862477106608,174.90864856917116,0,218.75322814812517,-30.638920270743146,365.89415952502435,0,0.0005174628458917141,0.00065572990570217371
2.0913763080607168,0,0.0012462323065847158,38,42,90,2.9010922908782959,-0.039972521390363842,3.6073581693282444,146.51419488402394,0,214.56503666399067,5.6815690981101072,370.32818629406262,5.6843418860808015e-14,0.00065572990570217371,0.00053942040540277958
2.0913763080607168,0,0.0012462323065847158,38,42,91,3.0730211734771729,-0.24424949187551973,3.7844689059952432,111.82980151244449,0,46.775280535717052,9.5510356136456664,171.69633707592695,2.8421709430404007e-14,0.00053942040540277958,0.0004721874138340354
2.0913763080607168,0,0.0012462323065847158,38,42,92,2.8722889423370361,-0.29027560253315865,4.3294354236793202,242.84336426514056,0,307.39932745785308,-60.716341272075788,493.56551027206405,0,0.0004721874138340354,0.00038955273339524865
2.0913763080607168,0,0.0012462323065847158,38,42,93,2.223524808883667,-0.44327511098963163,4.898920080178951,98.838411090686705,0,315.4608116876384,-32.547252540715817,386.20761520679861,0,0.00038955273339524865,0.00098497967701405287
2.0913763080607168,0,0.0012462323065847158,38,42,94,2.3701620101928711,-1.4333704435306911,5.0654193804160164,-75.569383956400401,0,-186.35443333588043,-1.0575700038505178,-259.34933835924602,0,0.00098497967701405287,0.0012791906483471394
2.0913763080607168,0,0.0012462323065847158,38,42,95,2.2516994476318359,-0.77581075256603094,5.0983029137452274,46.897337276393003,0,-336.62770799661541,-16.613491160343518,-302.02136971938677,-5.6843418860808015e-14,0.0012791906483471394,0.00097100780112668872
2.0913763080607168,0,0.0012462323065847158,38,42,96,1.8337950706481934,-0.48468022674149985,3.8277531341738209,64.980196456739037,0,26.308966960839246,-67.196444595235107,27.435791729775488,0,0.00097100780112668872,0.00081932067405432463
2.0913763080607168,0,0.0012462323065847158,38,42,97,1.8343631029129028,0.50352992147447362,1.3053203655021264,7.4503396246296374,0,48.217386666148535,-92.520348612907512,-35.043772035152742,0,0.00081932067405432463,0.00052608113037422299
2.0913763080607168,0,0.0012462323065847158,38,42,98,1.6645480394363403,0.27405724669861542,0.043998131630162723,25.276458764243507,0,87.090641112132644,-93.996890814376087,18.68826444032884,-1.0658141036401503e-14,0.00052608113037422299,0.000378526805434376
2.0913763080607168,0,0.0012462323065847158,38,42,99,1.39072585105896,0.13658032823211355,0.00097264441052796182,18.791381341934379,0,84.991188647904067,-83.242123206477984,20.6779997560031,-3.5527136788005009e-15,0.000378526805434376,0.00027375426725484431
2.0913763080607168,0,0.0012462323065847158,38,42,100,1.1823141574859619,0.066872723614134211,-9.3523504301646628e-06,11.203967023426506,0,80.857712254417393,-73.397424431488162,18.731118217619454,1.4210854715202004e-14,0.00027375426725484431,0.00020179033163003623
2.0913763080607168,0,0.0012462323065847158,38,42,101,1.0203076601028442,0.032286117733648284,-0.00052840777721088565,7.2235398345491761,0,76.990063198186576,-65.060260321900287,19.185100420791898,0,0.00020179033163003623,0.00015427690232172608
2.0913763080607168,0,0.0012462323065847158,38,42,102,0.88914918899536133,0.01716931044979432,-0.00066869307785019118,4.9155100011639359,0,73.428560379050865,-57.975134361769683,20.385436635817065,0,0.00015427690232172608,0.0001212468632729724
2.0913763080607168,0,0.0012462323065847158,38,42,103,0.78087407350540161,0.0099939598969882582,-0.00066752399110679402,3.4552292776851008,0,70.026993978731909,-51.935095329738644,21.556454362584251,3.5527136788005009e-15,0.0001212468632729724,9.7036972874775529e-05
2.0913763080607168,0,0.0012462323065847158,38,42,104,0.69045579433441162,0.0061035353294779035,-0.00065115741527027799,2.4935063382211804,0,67.220358533455325,-46.766862829463541,22.952454420127165,-1.0658141036401503e-14,9.7036972874775529e-05,7.8857912740204483e-05
2.0913763080607168,0,0.0012462323065847158,38,42,105,0.61442357301712036,0.0038263990172743407,-0.00062193129576635015,1.8388861933811824,0,64.675867678948649,-42.324131386913137,24.19382695313821,1.0658141036401503e-14,7.8857912740204483e-05,6.4892279624473304e-05
2.0913763080607168,0,0.0012462323065847158,38,42,106,0.54985731840133667,0.002491894641467362,-0.00062660746029106909,1.3896867778527786,0,62.636391371776362,-38.486326925581132,25.541616511229183,-3.5527136788005009e-15,6.4892279624473304e-05,5.3959291108185425e-05
2.0913763080607168,0,0.0012462323065847158,38,42,107,0.49432912468910217,0.0016541678858386654,-0.00055412672770905691,1.070985723192055,0,61.190124216094567,-35.153632667336382,27.10857731310837,0,5.3959291108185425e-05,4.5354874600889161e-05
2.0913763080607168,0,0.0012462323065847158,38,42,108,0.44629630446434021,0.0011273223726849019,-0.00048164604073926202,0.83490732508215282,0,60.083458897077961,-32.244573824662631,28.674438073829428,0,4.5354874600889161e-05,3.8457179471151903e-05
2.0913763080607168,0,0.0012462323065847158,38,42,109,0.40450164675712585,0.00075926097033233086,-0.00047229371168982425,0.66358787167257638,0,59.265482640255712,-29.693219669886766,30.236137809300168,0,3.8457179471151903e-05,3.2812902645673603e-05
2.0913763080607168,0,0.0012462323065847158,38,42,110,0.36767107248306274,0.00055966322987779883,-0.00041617960055654555,0.53665268759970752,0,58.909954120735868,-27.445309477187131,32.001440814777766,0,3.2812902645673603e-05,2.8191370802232996e-05
2.0913763080607168,0,0.0012462323065847158,38,42,111,0.33508455753326416,0.00041012852415754978,-0.00031447277127671426,0.43805552031778633,0,58.773118566239837,-25.45653071904168,33.754739023268826,0,2.8191370802232996e-05,2.43474351009354e-05
2.0913763080607168,0,0.0012462323065847158,38,42,112,0.30606567859649658,0.00028801490285715748,-0.00021627308819653082,0.3610048113722733,0,58.861958846727909,-23.690701606923234,35.532333792991608,0,2.43474351009354e-05,2.1153373381821439e-05
2.0913763080607168,0,0.0012462323065847158,38,42,113,0.28010258078575134,0.00021957439786224456,-0.00012391864498140901,0.30021558041650231,0,59.102533065223213,-22.117762320488996,37.285081980903598,0,2.1153373381821439e-05,1.846416671469342e-05
2.0913763080607168,0,0.0012462323065847158,38,42,114,0.25669565796852112,0.00016165526874947631,-4.2085577648431876e-05,0.25315294999913124,0,59.524996697821422,-20.712961933681044,39.065307283830606,-7.1054273576010019e-15,1.846416671469342e-05,1.6128533388837241e-05
2.0913763080607168,0,0.0012462323065847158,38,42,115,0.23543915152549744,0.00011883079028424039,7.248071547743069e-05,0.21614613060335799,0,60.126874651916751,-19.455519234186021,40.887692859839845,-7.1054273576010019e-15,1.6128533388837241e-05,1.4128595466900151e-05
2.0913763080607168,0,0.0012462323065847158,38,42,116,0.21598526835441589,0.00010045331432208329,0.00021042788254063222,0.18532106423750874,0,60.891235859249285,-18.328000961041393,42.748866843642261,0,1.4128595466900151e-05,1.2429451089701615e-05
2.0913763080607168,0,0.0012462323065847158,38,42,117,0.19817279279232025,8.207583265839902e-05,0.00034837505530536093,0.1590516031026093,0,61.720188613714605,-17.315939181623932,44.563731486081245,0,1.2429451089701615e-05,1.0926706636382733e-05
2.0913763080607168,0,0.0012462323065847158,38,42,118,0.18182522058486938,5.7586610346617587e-05,0.00048047699960808232,0.13670402783582408,0,62.575339087500168,-16.407532367421968,46.305048811523974,0,1.0926706636382733e-05,9.6171943368972279e-06
2.0913763080607168,0,0.0012462323065847158,38,42,119,0.16681483387947083,5.674474565062913e-05,0.00060088855540511518,0.11687937305127093,0,63.442578057056039,-15.59279644922856,47.96731861417981,0,9.6171943368972279e-06,8.4699577200808562e-06
2.0913763080607168,0,0.0012462323065847158,38,42,120,0.15311552584171295,4.9258138740472488e-05,0.00069207394608600291,0.099254800582976976,0,64.239115468263876,-14.86356481714151,49.475546783790158,-7.1054273576010019e-15,8.4699577200808562e-06,7.4359813879709691e-06
2.0913763080607168,0,0.0012462323065847158,38,42,121,0.1406368613243103,4.2776961937791254e-05,0.00072246906110889301,0.083519429234079526,0,64.986246683108746,-14.212806773324077,50.857724585041794,0,7.4359813879709691e-06,6.5364797592337709e-06
2.0913763080607168,0,0.0012462323065847158,38,42,122,0.12939725816249847,5.212933659944639e-05,0.00071311668644723789,0.069733043850129101,0,65.622524837333842,-13.635285165306032,52.057737961900983,0,6.5364797592337709e-06,5.7122001635434572e-06
2.0913763080607168,0,0.0012462323065847158,38,42,123,0.1193377822637558,4.381272416981736e-05,0.00071545481432181476,0.057871730492905497,0,66.158860665252135,-13.126432430887318,53.091059232396212,-7.1054273576010019e-15,5.7122001635434572e-06,4.9603881961957086e-06
2.0913763080607168,0,0.0012462323065847158,38,42,124,0.11048125475645065,3.9136559645098472e-05,0.00072013097884653359,0.047038716479150873,0,66.537101447596626,-12.6826614793349,53.902237952279364,-1.4210854715202004e-14,4.9603881961957086e-06,4.2966830733348615e-06
2.0913763080607168,0,0.0012462323065847158,38,42,125,0.10285461694002151,4.1710867581214442e-05,0.00067570727902505209,0.036869314251007049,0,66.741673232101391,-12.300540660514184,54.478719303984825,7.1054273576010019e-15,4.2966830733348615e-06,3.7036002140666824e-06
2.0913763080607168,0,0.0012462323065847158,38,42,126,0.096523188054561615,4.2183227704292758e-05,0.00059153613513124271,0.027793974696437775,0,66.722888833629426,-11.977618795757593,54.773697731931108,0,3.7036002140666824e-06,3.1571348699799273e-06
2.0913763080607168,0,0.0012462323065847158,38,42,127,0.091495946049690247,5.5115249185104534e-05,0.00047696987621454314,0.01849145272877652,0,66.482063518782809,-11.711875157285521,54.789211899351464,-7.1054273576010019e-15,3.1571348699799273e-06,2.6574141429591691e-06
2.0913763080607168,0,0.0012462323065847158,38,42,128,0.088195271790027618,5.9567138437017696e-05,0.00030512041942116781,0.0083340074697427959,0,65.72909730301221,-11.505318515908467,54.232477482131337,-7.1054273576010019e-15,2.6574141429591691e-06,2.1281039153109305e-06
2.0913763080607168,0,0.0012462323065847158,38,42,129,0.086722545325756073,8.1790836121220167e-05,7.364976231013758e-05,-0.0022957380691400529,0,64.416933534384782,-11.359096740661,53.055696496253077,0,2.1281039153109305e-06,1.1082321407229756e-06
2.0913763080607168,0,0.0012462323065847158,38,42,130,0.087358146905899048,0.00017591997089280796,-9.819967167712909e-05,-0.020709470498700894,0,62.428597184096411,-11.272695681871385,51.135269752025536,-7.1054273576010019e-15,1.1082321407229756e-06,7.6625673273156281e-07
2.0913763080607168,0,0.0012462323065847158,38,42,131,0.092308096587657928,-7.3195863732039551e-05,-0.00027355624046098928,-0.067909606060838179,0,57.722627088102499,-11.271894564941007,46.382476164996461,0,7.6625673273156281e-07,3.4505680446272891e-07
2.0913763080607168,0,0.0012462323065847158,38,42,132,0.10724841058254242,1.3141792068494002e-06,-0.00020458265407862492,-0.054703133678727825,0,46.16123038706764,-11.431209221364039,34.675114763549999,0,3.4505680446272891e-07,3.4505680446272891e-07
2.0926225403673016,0,0.0013208071468397975,38,42,0,0.0091868136078119278,3.5255812207095817e-07,4.8298978454027344,-1.203151129239258,0,-16.486881356347507,130.81523019357115,117.95509872641023,2.8204649851204522e-06,0.00033107030321843922,0.00033107030321843922
2.0926225403673016,0,0.0013208071468397975,38,42,1,0.13623493909835815,-0.011291731533688648,9.6980997205359909,1.0791099000347886,0,80.278714118286956,46.557889206318514,137.60252121364255,-2.8421709430404007e-14,0.00033107030321843922,0.00042607836076058447
2.0926225403673016,0,0.0013208071468397975,38,42,2,0.093741767108440399,-0.19484195127875917,9.6600854935818123,-2.0358567475261657,0,68.133143222241969,55.533139009172416,131.09566902619127,0,0.00042607836076058447,0.00034622472594492137
2.0926225403673016,0,0.0013208071468397975,38,42,3,0.2450118213891983,-0.23608984132857297,9.499771674546194,-7.2671536493247144,0,-15.994902009554854,77.306812736197415,63.308438910535465,-7.1054273576010019e-15,0.00034622472594492137,0.00031525266240350902
2.0926225403673016,0,0.0013208071468397975,38,42,4,0.17111243307590485,-0.10675953517679512,9.3218955252177338,3.7134580337287066,0,166.88704804582761,31.436519045586383,211.25216111518364,0,0.00031525266240350902,0.00033011700725182891
2.0926225403673016,0,0.0013208071468397975,38,42,5,0.060619551688432693,0.086017835739116505,8.7755474853042763,-4.8376840915286721,0,-37.575080557327404,91.335021440381496,57.783822112568814,0,0.00033011700725182891,0.00040237736538983881
2.0926225403673016,0,0.0013208071468397975,38,42,6,0.52840113639831543,-0.30074477021892182,7.5073712411464939,-38.989837071433655,0,-355.32524641388898,139.4080700730421,-247.70039822321283,-1.128185985521668e-05,0.00040237736538983881,0.00026399773196317255
2.0926225403673016,0,0.0013208071468397975,38,42,7,1.0538487434387207,-0.44439105147551305,5.3984813735170851,-43.154106945157025,0,-221.94631509335696,44.304856655596637,-215.84147506087578,-2.8421709430404007e-14,0.00026399773196317255,0.00040987180545926094
2.0926225403673016,0,0.0013208071468397975,38,42,8,1.173961877822876,-0.39254702706685657,3.2981223547674277,-8.6024633059710034,0,-44.408559511855074,35.902307907164747,-14.203139582960761,-1.7763568394002505e-15,0.00040987180545926094,0.00042698418837971985
2.0926225403673016,0,0.0013208071468397975,38,42,9,1.2814230918884277,-0.15127652041351189,2.6822038443466467,54.47892817395077,0,265.71532853084534,59.904419730315951,382.62960375904521,0,0.00042698418837971985,0.00036410274333320558
2.0926225403673016,0,0.0013208071468397975,38,42,10,0.81940501928329468,0.18932970504017974,2.8377286901311138,38.341130126823089,0,275.18315561906695,73.548971865597437,390.10031600665877,0,0.00036410274333320558,0.0002653401461429894
2.0926225403673016,0,0.0013208071468397975,38,42,11,0.96708357334136963,0.18938875852562662,2.1440157621685216,-75.238362695402031,0,-385.45485224421316,192.31949663161564,-266.04033635102519,-2.256371976727678e-05,0.0002653401461429894,0.00024670723360031843
2.0926225403673016,0,0.0013208071468397975,38,42,12,2.1635937690734863,-0.38835705006510424,1.5152794723826679,-105.23989685207023,0,-371.53141253204865,104.06179991321781,-371.58258704858349,0,0.00024670723360031843,0.0002002287219511345
2.0926225403673016,0,0.0013208071468397975,38,42,13,1.7993996143341064,-0.18779766372072038,2.3885726393567506,41.675641768160069,0,490.01531036528809,-18.199715891037329,515.6920112180469,0,0.0002002287219511345,0.00026153866201639175
2.0926225403673016,0,0.0013208071468397975,38,42,14,1.183594822883606,0.18205184772626895,2.7696437232711366,-48.333924720203264,0,-116.92948317535351,188.96867142085418,26.656959096294816,1.7763568394002505e-14,0.00026153866201639175,0.00024167387164197862
2.0926225403673016,0,0.0013208071468397975,38,42,15,2.2371809482574463,-0.22464562840708863,2.362783717843504,-129.94879463462948,0,-499.92448381304303,216.87660827099592,-410.85853208724018,0,0.00024167387164197862,0.00019729106861632317
2.0926225403673016,0,0.0013208071468397975,38,42,16,2.2802295684814453,-0.23259281731575115,3.3196707071884046,70.579315573629245,0,131.03799051742047,-14.742051466963497,189.96233251395887,-2.8421709430404007e-14,0.00019729106861632317,0.00021193390421103686
2.0926225403673016,0,0.0013208071468397975,38,42,17,1.4893001317977905,0.13876617173088499,4.3029472008074992,40.176959498211076,0,244.51220102300027,59.859292290690867,348.99016618444062,5.6843418860808015e-14,0.00021193390421103686,0.00022486425586976111
2.0926225403673016,0,0.0013208071468397975,38,42,18,1.5098223686218262,0.2940299482259584,4.5124936462415937,-80.78335171189444,0,-248.91248740596282,130.3430279471942,-194.54628757619551,0,0.00022486425586976111,0.0003390527272131294
2.0926225403673016,0,0.0013208071468397975,38,42,19,1.6139943599700928,-0.15359406122894534,5.613382471709194,-41.519771591695033,0,-255.76671370085813,62.78102324177722,-229.04567364029569,-2.8421709430404007e-14,0.0003390527272131294,0.00039468050817959011
2.0926225403673016,0,0.0013208071468397975,38,42,20,1.2952897548675537,-0.1467114215698761,7.0622207794760401,59.233464957970227,0,17.081638446886281,-0.61662133503712924,82.613991427725537,0,0.00039468050817959011,0.00056045572273433208
2.0926225403673016,0,0.0013208071468397975,38,42,21,0.84304726123809814,0.209622597988462,7.9181000431266719,61.928746417017912,0,298.51115374909864,-8.4577847345329893,360.10983807269872,0,0.00056045572273433208,0.0006081373430788517
2.0926225403673016,0,0.0013208071468397975,38,42,22,0.61772871017456055,0.34840357716047399,8.4141267571606981,2.8099954105746461,0,57.467537990561489,90.642839848622117,159.68290358407944,0,0.0006081373430788517,0.00050065614050254226
2.0926225403673016,0,0.0013208071468397975,38,42,23,0.80743753910064697,0.010403990182313975,8.5621398233172599,-59.670479083299526,0,-211.86730452657307,109.32688598543565,-153.63835381093736,0,0.00050065614050254226,0.00051955773960798979
2.0926225403673016,0,0.0013208071468397975,38,42,24,1.0755183696746826,-0.49710906746878342,8.7955036852459809,-18.632758801679621,0,-123.66123359910634,29.853290517499794,-104.14230726550896,-1.4210854715202004e-14,0.00051955773960798979,0.00033559519215486944
2.0926225403673016,0,0.0013208071468397975,38,42,25,0.84212702512741089,-0.24643671709511145,9.2138456273141589,65.356897495576945,0,73.226130162519596,20.22629894972054,167.77673551803613,0,0.00033559519215486944,0.00027775645139627159
2.0926225403673016,0,0.0013208071468397975,38,42,26,0.69217634201049805,-0.085142786480136387,9.313252915413285,4.2250114074587373,0,16.236762522225483,52.931643651525562,82.621527710142928,0,0.00027775645139627159,0.00028491971897892654
2.0926225403673016,0,0.0013208071468397975,38,42,27,0.96552282571792603,-0.39079305040955353,8.8473142166330394,-75.18754919838419,0,-78.386498011087426,76.964035986665195,-68.153490056582939,-1.4210854715202004e-14,0.00028491971897892654,0.00064745312556624413
2.0926225403673016,0,0.0013208071468397975,38,42,28,1.1187119483947754,-0.64206122400952537,8.635123585283413,-6.4363462039670365,0,-16.770349368352463,34.070675387661893,18.857042176616282,0,0.00064745312556624413,0.00028051153640262783
2.0926225403673016,0,0.0013208071468397975,38,42,29,1.0741677284240723,-0.85765122077216049,8.50765478601617,-20.24723808170658,0,11.283755258734914,42.882168993976279,41.568689736248622,0,0.00028051153640262783,0.00058816943783313036
2.0926225403673016,0,0.0013208071468397975,38,42,30,1.5163042545318604,-0.85449935116084608,7.8730797811706994,-33.048719389912272,0,-132.99498706420181,44.986010229297634,-114.03911579480659,0,0.00058816943783313036,0.0003953335399273783
2.0926225403673016,0,0.0013208071468397975,38,42,31,1.4776194095611572,-0.82699840740682307,7.1738117711576956,24.805560758236176,0,89.177055482159815,10.313966581191888,130.64339618533876,0,0.0003953335399273783,0.00052190042333677411
2.0926225403673016,0,0.0013208071468397975,38,42,32,1.7816870212554932,-0.47452454672703992,5.0429557697326564,-65.858534114449355,0,-74.339785117587383,58.666935080916936,-76.962952928114191,-2.8421709430404007e-14,0.00052190042333677411,0.00023607342154718935
2.0926225403673016,0,0.0013208071468397975,38,42,33,2.1318666934967041,-0.77842612237098507,3.3784886838097465,24.856915784529519,0,-2.4543911863289947,44.524537031691537,69.527124191330827,0,0.00023607342154718935,0.00055414933012798429
2.0926225403673016,0,0.0013208071468397975,38,42,34,1.4298279285430908,-0.23686053338342009,3.7038212100200192,50.398775847688547,0,-10.997647291511891,75.781606813608775,118.64969604642204,0,0.00055414933012798429,0.0003145054797641933
2.0926225403673016,0,0.0013208071468397975,38,42,35,1.7717806100845337,-0.1976130581182369,3.5104184009955537,-56.792702258408006,0,-442.52860819660617,106.57982078941818,-389.42868432271865,0,0.0003145054797641933,0.0008393397438339889
2.0926225403673016,0,0.0013208071468397975,38,42,36,2.1673033237457275,-0.97386107641106756,3.3486474592414166,30.337914091633557,0,20.03568064474419,20.710606631776926,73.458987750985031,1.4210854715202004e-14,0.0008393397438339889,0.00043547249515540898
2.0926225403673016,0,0.0013208071468397975,38,42,37,1.6494669914245605,-0.62981441252314652,3.0176877528447696,115.8201153270501,0,360.80750828930252,21.581205197024023,500.59670215369823,-5.6843418860808015e-14,0.00043547249515540898,0.00078787020174786448
2.0926225403673016,0,0.0013208071468397975,38,42,38,0.89479160308837891,1.9614539391186769,2.070096134667331,35.83416547333087,0,384.04674074559171,39.089478458125832,463.00193475083438,-5.6843418860808015e-14,0.00078787020174786448,0.0005092923529446125
2.0926225403673016,0,0.0013208071468397975,38,42,39,0.69147878885269165,0.95995777058813836,0.7834054770080543,-42.952071397955535,0,-455.34841124529964,182.90244919483217,-313.65468148268673,-1.128185988363839e-05,0.0005092923529446125,0.00034752461942844093
2.0926225403673016,0,0.0013208071468397975,38,42,40,1.8764951229095459,-0.030702960626661484,-0.021193594942183553,-51.366939937405071,0,-388.25528063758725,40.771919662228164,-398.90219746833299,0,0.00034752461942844093,0.0001342634204775095
2.0926225403673016,0,0.0013208071468397975,38,42,41,1.6365230083465576,0.039563808040211368,0.77128602714327354,63.356217587238525,0,637.44169160207434,-38.974222977323372,662.63453604717301,1.1368683772161603e-13,0.0001342634204775095,0.00019528641132637858
2.0926225403673016,0,0.0013208071468397975,38,42,42,0.93907630443572998,0.46089059530937282,1.3494869001300676,4.5083214734250063,0,324.54512854136919,100.49059485104728,431.35442236128091,0,0.00019528641132637858,0.0003382818540558219
2.0926225403673016,0,0.0013208071468397975,38,42,43,1.4907515048980713,0.12459783033968887,0.64780342628322563,-88.213043116888798,0,-493.05847925640558,162.62214398174032,-417.87697713493111,-5.6843418860808015e-14,0.0003382818540558219,0.000383436941774562
2.0926225403673016,0,0.0013208071468397975,38,42,44,2.3165216445922852,-0.64721328805664413,0.38168343330265786,-26.821042466771619,0,-260.09443516090357,-25.55079529620479,-312.73180277863395,0,0.000383436941774562,0.00031532809953205287
2.0926225403673016,0,0.0013208071468397975,38,42,45,1.8395400047302246,-0.4039011613881518,1.3917408147812107,92.789597279026921,0,552.54948651231609,-47.335073971541682,598.99184947319441,0,0.00031532809953205287,0.00041980567038990557
2.0926225403673016,0,0.0013208071468397975,38,42,46,1.2094684839248657,0.37859577333932565,2.1513387469220575,41.300271725358634,0,376.46871544654965,55.936815238478687,476.23573693064839,5.6843418860808015e-14,0.00041980567038990557,0.00026306419749744236
2.0926225403673016,0,0.0013208071468397975,38,42,47,1.3059964179992676,0.33104484918312727,1.5206242535132637,-76.890929534472562,0,-385.14320214616231,180.13226746786674,-280.05019511007174,0,0.00026306419749744236,0.00027822950505651534
2.0926225403673016,0,0.0013208071468397975,38,42,48,2.4709982872009277,-0.35245394114588618,0.83062429141326188,-117.84272717104631,0,-595.04780150484146,117.16807194865132,-595.24428637696906,0,0.00027822950505651534,0.00026449424331076443
2.0926225403673016,0,0.0013208071468397975,38,42,49,2.5317511558532715,-0.40374815116317297,1.4689362360736236,97.186273466819472,0,200.3548208400984,-68.694432675368802,229.91184971645953,2.8421709430404007e-14,0.00026449424331076443,0.00033167097717523575
2.0926225403673016,0,0.0013208071468397975,38,42,50,1.5860457420349121,0.36003094402637414,2.5236124480164066,101.85055537158877,0,536.68556689627303,-27.884966983372564,613.53479867653209,1.1368683772161603e-13,0.00033167097717523575,0.0004136241041123867
2.0926225403673016,0,0.0013208071468397975,38,42,51,1.3348942995071411,0.62448020813621297,2.741304748860951,-61.69480577000148,0,-41.98548676862589,149.36090431863428,49.046396737004066,-7.1054273576010019e-15,0.0004136241041123867,0.00047822293709032238
2.0926225403673016,0,0.0013208071468397975,38,42,52,2.3547134399414062,-0.54973806253623081,2.3358821228970017,-148.66007518125673,0,-583.41611368659721,173.67728363133455,-556.61276117615853,0,0.00047822293709032238,0.00038395178853534162
2.0926225403673016,0,0.0013208071468397975,38,42,53,2.7005507946014404,-0.75038382562052208,2.5803917572968733,15.426724980955251,0,-75.110471531504544,-79.17500976365649,-137.02874838252944,0,0.00038395178853534162,0.00027849135221913457
2.0926225403673016,0,0.0013208071468397975,38,42,54,2.0537619590759277,-0.071006263459457181,3.8192913987188213,149.62796850633552,0,490.11973526058057,-73.862788080750263,569.63320082142513,0,0.00027849135221913457,0.00065831787651404738
2.0926225403673016,0,0.0013208071468397975,38,42,55,1.4556636810302734,0.47031323995890228,4.8847795105911542,39.22783918801634,0,182.46422791049289,72.400478527139086,299.44763837619837,0,0.00065831787651404738,0.00052328238962218165
2.0926225403673016,0,0.0013208071468397975,38,42,56,1.9030004739761353,-0.069127833785063111,4.8767344868036169,-122.42397458690544,0,-394.75552729606341,119.49484273572058,-392.8770524942297,0,0.00052328238962218165,0.00055700715165585279
2.0926225403673016,0,0.0013208071468397975,38,42,57,2.6245508193969727,-0.92890215956833488,4.674840667967195,-114.71322948792607,0,-287.90620543720422,27.839298014471982,-371.03419840225945,0,0.00055700715165585279,0.0004753726243507117
2.0926225403673016,0,0.0013208071468397975,38,42,58,2.3536276817321777,-0.52674157762884743,5.3687353396417148,145.11630760237824,0,303.95767469232914,-104.82490491727796,349.09107113944231,0,0.0004753726243507117,0.00053347996436059475
2.0926225403673016,0,0.0013208071468397975,38,42,59,1.5652652978897095,0.43972247682304938,6.111427933550198,95.694811587210495,0,227.76730353059637,8.3397313524737733,338.35299688065385,-5.6843418860808015e-14,0.00053347996436059475,0.00053271366050466895
2.0926225403673016,0,0.0013208071468397975,38,42,60,1.8859716653823853,0.22829160822648545,5.8376485712978727,-146.63773410189827,0,-358.52550392234133,173.68477478631232,-325.41252305840294,0,0.00053271366050466895,0.00052183086518198252
2.0926225403673016,0,0.0013208071468397975,38,42,61,2.7845184803009033,-0.83353624522250691,5.487077819361029,-150.978542519435,0,-360.68990618163951,33.208380271305813,-473.80652685563018,0,0.00052183086518198252,0.00053159869275987148
2.0926225403673016,0,0.0013208071468397975,38,42,62,2.6449706554412842,-0.71539190316779644,6.0182270786320071,176.78728626053675,0,313.90069371980286,-183.92698873850031,312.06382641730346,-5.6843418860808015e-14,0.00053159869275987148,0.00021327914146240801
2.0926225403673016,0,0.0013208071468397975,38,42,63,1.9189225435256958,-0.24119276758742803,6.5540702967402389,157.29223234250105,0,560.15661900991631,-127.779608866731,595.98212001483921,0,0.00021327914146240801,0.00045047368621453643
2.0926225403673016,0,0.0013208071468397975,38,42,64,1.7700923681259155,0.24518090506429471,6.5463182487521427,-25.590236678437112,0,148.1684568539811,79.415900036375177,208.78561936573561,0,0.00045047368621453643,0.00054219749290496111
2.0926225403673016,0,0.0013208071468397975,38,42,65,2.0808451175689697,-0.42191335584475703,6.288299997347,-186.41396193623862,0,-251.65172299120536,138.70541327435976,-293.49388501158199,-5.6843418860808015e-14,0.00054219749290496111,0.00029733963310718536
2.0926225403673016,0,0.0013208071468397975,38,42,66,3.1541686058044434,-1.2199642735226999,5.7142962406639306,-273.27679205954496,0,-583.41331578534039,101.09701738472914,-751.098758493015,0,0.00029733963310718536,0.000539459811989218
2.0926225403673016,0,0.0013208071468397975,38,42,67,3.5988430976867676,-1.8369431024956091,5.4052600085301439,37.155406650674045,0,-107.18525051942829,-236.97808472271348,-303.43961168543319,0,0.000539459811989218,0.00043438252760097384
2.0926225403673016,0,0.0013208071468397975,38,42,68,3.0800821781158447,-0.79414492624351873,5.461946771303567,235.76451761631574,0,456.71857056719637,-217.59476634518947,479.55612368338274,5.6843418860808015e-14,0.00043438252760097384,0.00024874688824638724
2.0926225403673016,0,0.0013208071468397975,38,42,69,2.5472846031188965,-0.095928244550531144,4.9572365507229339,30.007942253094953,0,271.43667558139259,-20.888589253658253,285.41733688700168,0,0.00024874688824638724,0.000434481306001544
2.0926225403673016,0,0.0013208071468397975,38,42,70,3.0081539154052734,0.07106937136330789,3.4479683706006363,-276.851787826644,0,-325.52588318674111,91.037208543505713,-507.82142472791548,5.6843418860808015e-14,0.000434481306001544,0.00034687473089434206
2.0926225403673016,0,0.0013208071468397975,38,42,71,4.5470547676086426,-0.86837392349682663,1.7438462522234299,-304.7405455149451,0,-487.40811766838857,48.159462038612695,-743.11372881599436,0,0.00034687473089434206,0.00033464864827692509
2.0926225403673016,0,0.0013208071468397975,38,42,72,4.6972856521606445,-0.95168446541656015,1.5148749119375915,201.32794894817368,0,360.40939401693004,-290.19001490175043,272.11051850987434,0,0.00033464864827692509,0.00043108093086630106
2.0926225403673016,0,0.0013208071468397975,38,42,73,3.3329691886901855,0.35251599137537065,2.0045804351219458,231.13859403522778,0,468.76705541781797,-169.18674236912184,533.07600351042117,-1.1368683772161603e-13,0.00043108093086630106,0.00024005387967918068
2.0926225403673016,0,0.0013208071468397975,38,42,74,3.436262845993042,0.29572046442128863,1.2230886436004929,-192.08025351044324,0,-417.43675896138848,136.74769468854441,-471.25050867526551,0,0.00024005387967918068,0.00024726885021664202
2.0926225403673016,0,0.0013208071468397975,38,42,75,4.985654354095459,-0.46225953442760909,0.1929389747451159,-251.49630408913657,0,-607.36371156268126,53.502911909739481,-805.62642430176084,0,0.00024726885021664202,0.00023051754396874458
2.0926225403673016,0,0.0013208071468397975,38,42,76,4.7162618637084961,-0.27319460053710465,0.42951605139839094,244.76978844838024,0,383.20308326180077,-331.12421283687041,297.00498032417192,5.6843418860808015e-14,0.00023051754396874458,0.0001194944343296811
2.0926225403673016,0,0.0013208071468397975,38,42,77,3.1386032104492188,0.15487411163065448,1.4108675336012129,255.06083029024259,0,773.21373104592453,-228.70803013702084,801.13227284437812,0,0.0001194944343296811,8.175197581294924e-05
2.0926225403673016,0,0.0013208071468397975,38,42,78,2.9222760200500488,0.4913153035697303,1.1760533356978231,-136.0832382675047,0,-193.32306319771803,120.16949795811557,-207.56943486783962,0,8.175197581294924e-05,0.00032543274573981762
2.0926225403673016,0,0.0013208071468397975,38,42,79,4.3722352981567383,-0.31872823118857829,0.26204816701947453,-267.64651218216113,0,-567.96168045771208,93.302967032201863,-742.36190567184053,-1.1368683772161603e-13,0.00032543274573981762,0.00026337540475651622
2.0926225403673016,0,0.0013208071468397975,38,42,80,4.4326071739196777,-0.75212475762730857,0.90808518897159418,169.67736789272573,0,31.504007131545695,-221.86562723130731,-20.528291775691592,7.1054273576010019e-15,0.00026337540475651622,0.0004080995568074286
2.0926225403673016,0,0.0013208071468397975,38,42,81,3.3382425308227539,-0.10060439920261929,1.9390962895284862,234.22296427872294,0,330.51535342144876,-214.62700540568554,351.94980418481202,0,0.0004080995568074286,0.0003671654558274895
2.0926225403673016,0,0.0013208071468397975,38,42,82,2.9871501922607422,0.38947924256765615,2.0620237876253333,-16.633071697012959,0,24.430551734951738,-19.201184031197162,-8.952200963065394,-1.7763568394002505e-15,0.0003671654558274895,0.00012550783867482096
2.0926225403673016,0,0.0013208071468397975,38,42,83,3.3521144390106201,0.33494660992008651,1.5232208440823163,-195.20487743008397,0,-337.04439138640572,-33.630231576921084,-564.02133293940835,0,0.00012550783867482096,0.00041846756357699633
2.0926225403673016,0,0.0013208071468397975,38,42,84,3.9327902793884277,-0.22029444420401939,1.1484756224127193,-186.09725756494979,0,-203.1992936145466,-64.514007178259646,-452.88237717954735,0,0.00041846756357699633,0.00026639093994162977
2.0926225403673016,0,0.0013208071468397975,38,42,85,3.8238708972930908,-0.19960201476390019,1.8525298733514273,125.48948156063732,0,180.77853753073757,-189.92496699394931,117.99597995601309,0,0.00026639093994162977,0.00051133992383256555
2.0926225403673016,0,0.0013208071468397975,38,42,86,3.0058462619781494,0.26414183342739289,2.971856607208033,193.08352674818809,0,403.78408388697443,-167.96324722600659,432.14036184979136,0,0.00051133992383256555,0.00057637685677036643
2.0926225403673016,0,0.0013208071468397975,38,42,87,2.8079347610473633,0.61928420653313121,3.3317133875221043,-46.614117996091366,0,114.19679106885663,-25.587799796697357,45.945870870123137,-7.1054273576010019e-15,0.00057637685677036643,0.00059401150792837143
2.0926225403673016,0,0.0013208071468397975,38,42,88,3.2544176578521729,0.067473102239123076,2.9365702987233782,-222.9064464988202,0,-180.29711800481718,-29.479229170447486,-429.67875027312238,0,0.00059401150792837143,0.00065832212567329407
2.0926225403673016,0,0.0013208071468397975,38,42,89,3.7862918376922607,-0.45547001418253186,2.7932518965203132,-122.25041445410737,0,-91.066270614624273,-99.334339592973407,-310.31324277936727,0,0.00065832212567329407,0.00067355955252423882
2.0926225403673016,0,0.0013208071468397975,38,42,90,3.3626072406768799,-0.16342373423040571,3.1943630892094563,-1.4171821139860954,0,201.75828421243847,-145.40819188187328,57.96384957155815,7.1054273576010019e-15,0.00067355955252423882,0.00063495727954432368
2.0926225403673016,0,0.0013208071468397975,38,42,91,3.2869946956634521,-0.12137306933663633,3.4297559231306951,-83.259584579001967,0,5.2454330722611058,-24.484163133226339,-99.189931786173148,-1.4210854715202004e-14,0.00063495727954432368,0.00082913535879924893
2.0926225403673016,0,0.0013208071468397975,38,42,92,3.4873862266540527,-0.53749460035201169,3.7601353188584135,90.839730867706351,0,13.864774040651891,-119.55251560356143,-11.62536997669679,-1.7763568394002505e-15,0.00082913535879924893,0.00036993357934989035
2.0926225403673016,0,0.0013208071468397975,38,42,93,2.704829216003418,-0.48556807734279056,4.7020955261520125,269.58320138111117,0,373.59653442417169,-177.32646890917724,470.06979434491484,0,0.00036993357934989035,0.00050219264812767506
2.0926225403673016,0,0.0013208071468397975,38,42,94,2.046952486038208,-1.0343325506249226,5.4236078383189605,115.54411590630309,0,113.2520029928659,-37.811559622822742,195.37383456404029,0,0.00050219264812767506,0.0010131500894203782
2.0926225403673016,0,0.0013208071468397975,38,42,95,1.8753106594085693,-0.54268848660636104,5.3350420650316375,4.1386374880163288,0,-252.23657460874642,-35.448235609657168,-278.75381915196198,0,0.0010131500894203782,0.0009704653057269752
2.0926225403673016,0,0.0013208071468397975,38,42,96,1.8679864406585693,-0.53261026012884061,4.1022809893521277,11.865628465260729,0,-167.58101781238213,-44.460997596699421,-196.60671621459755,0,0.0009704653057269752,0.00080706184962764382
2.0926225403673016,0,0.0013208071468397975,38,42,97,1.7906904220581055,8.3556274930817083e-05,1.6506781852105923,15.779260539306396,0,-38.921514127841277,-59.008279034241063,-80.499770881290416,0,0.00080706184962764382,0.00058897421695291996
2.0926225403673016,0,0.0013208071468397975,38,42,98,1.6878379583358765,0.39280057144383218,0.11000936085883864,21.707471773095001,0,-18.040055009643787,-65.234511879313715,-61.064285183559825,7.1054273576010019e-15,0.00058897421695291996,0.00040029050433076918
2.0926225403673016,0,0.0013208071468397975,38,42,99,1.4164954423904419,0.13867584773440531,-0.0013981763949039222,19.568250625107584,0,-6.38354709960569,-61.999054967953789,-48.67707377111239,0,0.00040029050433076918,0.00028631745954044163
2.0926225403673016,0,0.0013208071468397975,38,42,100,1.2056574821472168,0.072568359498085475,-0.0013572597697050683,11.54883383909265,0,-1.4075248419063275,-57.684871739795888,-47.472351642881186,0,0.00028631745954044163,0.00020978617249056697
2.0926225403673016,0,0.0013208071468397975,38,42,101,1.0442167520523071,0.034694711996426909,-0.0020224457078670791,7.3110062387803882,0,0.91644804390617829,-53.625793927838579,-45.365667378863456,-7.1054273576010019e-15,0.00020978617249056697,0.00016002186748664826
2.0926225403673016,0,0.0013208071468397975,38,42,102,0.9145541787147522,0.018241650919621419,-0.0023567921715923297,4.9202898697623851,0,2.3926568489218818,-49.886579407943856,-42.557747830511559,0,0.00016002186748664826,0.00012569423415698111
2.0926225403673016,0,0.0013208071468397975,38,42,103,0.80773842334747314,0.010466168317406226,-0.0023883566245164337,3.4302269407817816,0,3.2664594623823571,-46.474358315572481,-39.769594100715452,0,0.00012569423415698111,0.00010076304897665977
2.0926225403673016,0,0.0013208071468397975,38,42,104,0.71905988454818726,0.0063588674003122077,-0.0024327801529300179,2.4545265686478701,0,4.009934030205593,-43.370583273038548,-36.902196586937706,0,0.00010076304897665977,8.2064012531191111e-05
2.0926225403673016,0,0.0013208071468397975,38,42,105,0.64457470178604126,0.0039682819818473115,-0.0024339490345945012,1.7969295184311658,0,4.6619804053484124,-40.54750090497263,-34.087056648245799,0,8.2064012531191111e-05,6.779102113796398e-05
2.0926225403673016,0,0.0013208071468397975,38,42,106,0.58168810606002808,0.0025648822008013292,-0.0025648822008013292,1.3388860062365768,0,5.353152270646178,-37.976680924410921,-31.284642647528166,0,6.779102113796398e-05,5.6675635278224945e-05
2.0926225403673016,0,0.0013208071468397975,38,42,107,0.52811270952224731,0.0017044190012367739,-0.0026069677937384265,1.0190227141739912,0,6.2878769276005153,-35.631926852651063,-28.325929759669062,-3.5527136788005009e-15,5.6675635278224945e-05,4.7861252824077383e-05
2.0926225403673016,0,0.0013208071468397975,38,42,108,0.48203131556510925,0.0011581000652717292,-0.0025344869738367498,0.78871482604738186,0,7.3824204119870815,-33.489637038769139,-25.319878187643244,-3.5527136788005009e-15,4.7861252824077383e-05,4.0823382732924074e-05
2.0926225403673016,0,0.0013208071468397975,38,42,109,0.44218289852142334,0.00078281347821107072,-0.0026104747830269178,0.61682440851544207,0,8.5832164529709054,-31.529526698653676,-22.331313498472145,0,4.0823382732924074e-05,3.5116874641971663e-05
2.0926225403673016,0,0.0013208071468397975,38,42,110,0.40755230188369751,0.00056547310198572188,-0.002686462764364606,0.49028706780671039,0,10.039050218995884,-29.733973567131077,-19.20675726999086,0,3.5116874641971663e-05,3.0415340006584302e-05
2.0926225403673016,0,0.0013208071468397975,38,42,111,0.37715080380439758,0.0003818080515813686,-0.0026607437526480421,0.3963768659469134,0,11.663389844580921,-28.087363550091062,-16.029875775264294,0,3.0415340006584302e-05,2.6514233468333259e-05
2.0926225403673016,0,0.0013208071468397975,38,42,112,0.35034722089767456,0.00028758069614716553,-0.0026116438368389214,0.3242406537062188,0,13.449218012864318,-26.576135851926296,-12.805001248496449,1.7763568394002505e-15,2.6514233468333259e-05,2.3236656488734297e-05
2.0926225403673016,0,0.0013208071468397975,38,42,113,0.32656845450401306,0.00020422669455298582,-0.0025508535550572832,0.2682375011314912,0,15.362756835286696,-25.188557338334252,-9.5599096287765697,0,2.3236656488734297e-05,2.0480723833316006e-05
2.0926225403673016,0,0.0013208071468397975,38,42,114,0.30538010597229004,0.00015442321182740834,-0.0025461775119567883,0.22410286517816039,0,17.431421231420298,-23.914474335399294,-6.2613419931009666,0,2.0480723833316006e-05,1.812988193705678e-05
2.0926225403673016,0,0.0013208071468397975,38,42,115,0.28639471530914307,0.00010695766457831801,-0.0025438394043327808,0.19003164826122301,0,19.679715400981539,-22.744725972877529,-2.8774158053745196,2.2204460492503131e-15,1.812988193705678e-05,1.6083624359453097e-05
2.0926225403673016,0,0.0013208071468397975,38,42,116,0.26926028728485107,8.4280499549739207e-05,-0.0024760347996791192,0.1635418412012995,0,22.135708611417225,-21.671482639994,0.62537605832439525,0,1.6083624359453097e-05,1.4301616829470731e-05
2.0926225403673016,0,0.0013208071468397975,38,42,117,0.25370955467224121,7.165933193364821e-05,-0.002373158752812863,0.14233194457751067,0,24.734327094787982,-20.687614201287946,4.186743338656667,-1.7763568394002505e-15,1.4301616829470731e-05,1.2743323168251663e-05
2.0926225403673016,0,0.0013208071468397975,38,42,118,0.23953206837177277,4.8517024304563682e-05,-0.0022597615659336132,0.12484506172279113,0,27.44476009168979,-19.787626390985018,7.7797675178859347,1.7763568394002505e-15,1.2743323168251663e-05,1.1360856660758145e-05
2.0926225403673016,0,0.0013208071468397975,38,42,119,0.2265932559967041,4.1628024827495517e-05,-0.0020949265277687558,0.11007710710548284,0,30.227295455252573,-18.966487499567016,11.368831764288101,1.7763568394002505e-15,1.1360856660758145e-05,1.0122037565452047e-05
2.0926225403673016,0,0.0013208071468397975,38,42,120,0.21477355062961578,3.7428830358903288e-05,-0.001910217574799833,0.097057840773646487,0,32.99384442332817,-18.220057084448335,14.868972390909041,-1.7763568394002505e-15,1.0122037565452047e-05,8.9981431301566772e-06
2.0926225403673016,0,0.0013208071468397975,38,42,121,0.20401740074157715,3.7905851138326442e-05,-0.0017301848370789256,0.084895995794686721,0,35.712310104483244,-17.544758796038693,18.250755025253298,0,8.9981431301566772e-06,7.9838309829938225e-06
2.0926225403673016,0,0.0013208071468397975,38,42,122,0.19427329301834106,2.5580088667486306e-05,-0.0015711948958265667,0.073704390767666231,0,38.283445977122327,-16.938324980496926,21.417279772585911,0,7.9838309829938225e-06,7.0525097726203967e-06
2.0926225403673016,0,0.0013208071468397975,38,42,123,0.1855015754699707,2.6465615513156721e-05,-0.0014028525240781773,0.064024554968085998,0,40.68351500800263,-16.398860285358783,24.347302890703368,3.5527136788005009e-15,7.0525097726203967e-06,6.180462605698267e-06
2.0926225403673016,0,0.0013208071468397975,38,42,124,0.17765596508979797,2.7237869290310196e-05,-0.001166705719823647,0.055461623299226569,0,42.847657784523001,-15.924864223256726,26.977115716714966,-3.5527136788005009e-15,6.180462605698267e-06,5.3626868066203315e-06
2.0926225403673016,0,0.0013208071468397975,38,42,125,0.17074775695800781,1.7432002225170587e-05,-0.00088613521500801142,0.047034073949242382,0,44.715866093841981,-15.514655797064725,29.247375667513715,0,5.3626868066203315e-06,4.6095497054920997e-06
2.0926225403673016,0,0.0013208071468397975,38,42,126,0.16478393971920013,2.3992716380564282e-05,-0.00062193129141290926,0.038843443657289881,0,46.184922199677111,-15.166960156613369,31.056207548145998,0,4.6095497054920997e-06,3.9002025005174801e-06
2.0926225403673016,0,0.0013208071468397975,38,42,127,0.15977603197097778,2.1848210161846654e-05,-0.00027004912809980118,0.030776913824306362,0,47.21498985469934,-14.880953726129501,32.364564841476209,0,3.9002025005174801e-06,3.2397706490883138e-06
2.0926225403673016,0,0.0013208071468397975,38,42,128,0.15578153729438782,2.0294062346389325e-05,0.00019406127587275323,0.022428337493666073,0,47.480632528052389,-14.661487705372819,32.841787515511456,0,3.2397706490883138e-06,2.619538463477511e-06
2.0926225403673016,0,0.0013208071468397975,38,42,129,0.15284226834774017,1.8683256478233458e-05,0.00069207391761681811,0.013447977008274627,0,46.877729934661282,-14.512025625334545,32.379863043509111,7.1054273576010019e-15,2.619538463477511e-06,2.0468776256166166e-06
2.0926225403673016,0,0.0013208071468397975,38,42,130,0.15108457207679749,1.0853901170202105e-05,0.0018844985630832689,0.0061598955088237803,0,45.182303309806834,-14.432465949275525,30.757892608504388,3.5527136788005009e-15,2.0468776256166166e-06,1.5598576510456041e-06
2.0926225403673016,0,0.0013208071468397975,38,42,131,0.15011143684387207,1.5694345152814996e-05,0.0050385788928564408,-0.0011620315703458779,0,40.812895377407742,-14.464901296506053,26.351886322569353,0,1.5598576510456041e-06,8.4727889770874754e-07
2.0926225403673016,0,0.0013208071468397975,38,42,132,0.15046165883541107,5.3985462442115468e-07,0.0036322190351947316,-0.0029784110152554543,0,29.732529489063076,-14.726087635196125,15.007096201741513,0,8.4727889770874754e-07,8.4727889770874754e-07
2.0939433475141414,0,0.0013081693323329091,38,42,0,0.0091868136078119278,0,4.7811307715014095,-5.975815978675616,0,-100.2981466107459,82.840962103263578,-18.651866866943919,2.8477126079451409e-06,0.00046523843775503337,0.00046523843775503337
2.0939433475141414,0,0.0013081693323329091,38,42,1,0.31798133254051208,-0.1313948834969626,9.5811760501318446,-5.5912672757152677,0,12.464529203248279,25.348355610603424,41.671398704771313,-7.1054273576010019e-15,0.00046523843775503337,0.0004633059143088758
2.0939433475141414,0,0.0013081693323329091,38,42,2,0.26689386367797852,-0.36647355912193985,9.6557576432828824,-0.2984858445100862,0,108.356398707886,29.898932009882632,147.2461289574195,0,0.0004633059143088758,0.00033876730594784021
2.0939433475141414,0,0.0013081693323329091,38,42,3,0.32863005995750427,-0.39375606974368538,9.5858078546854966,-17.887918125414863,0,-7.0805526235486784,36.043475672391665,20.267056708369935,0,0.00033876730594784021,0.00037233444163575768
2.0939433475141414,0,0.0013081693323329091,38,42,4,0.45013579726219177,-0.50713418751066219,9.3462290812148954,6.5070233047010664,0,55.603228914534718,28.299246539739961,99.248593652679972,0,0.00037233444163575768,0.00046562848729081452
2.0939433475141414,0,0.0013081693323329091,38,42,5,0.13694083690643311,-0.036330405499146623,8.837140650928367,11.010008730908869,0,156.08238752936816,47.854010589397305,223.74721709510354,-2.8421709430404007e-14,0.00046562848729081452,0.000253719073953107
2.0939433475141414,0,0.0013081693323329091,38,42,6,0.20123668015003204,0.073139938644252084,7.7693124972134688,-12.836007617275257,0,-34.804299227317678,79.495799668401659,39.697945259666447,0,0.000253719073953107,0.00038288155337795615
2.0939433475141414,0,0.0013081693323329091,38,42,7,0.76876378059387207,-0.050729152363214354,5.7112527986563064,-56.593071034678111,0,-109.98112126726059,97.384891051410207,-63.528777604235401,0,0.00038288155337795615,0.00050858460599556565
2.0939433475141414,0,0.0013081693323329091,38,42,8,1.1552022695541382,-0.41703754415400646,3.2868939633743222,-85.512389908098086,0,-20.23570908800313,84.291199615843567,-18.58704296103733,1.0658141036401503e-14,0.00050858460599556565,0.00054387713316828012
2.0939433475141414,0,0.0013081693323329091,38,42,9,1.7868030071258545,-0.57908698596228969,2.1985014090392982,-17.230893872959449,0,-72.593889752052334,21.856946047147975,-66.348423154786801,0,0.00054387713316828012,0.00036714787711389363
2.0939433475141414,0,0.0013081693323329091,38,42,10,1.334652304649353,-0.15436328750266196,2.4350849227945068,102.32437386586508,0,316.35426149957522,25.517054105382631,446.47641110611477,0,0.00036714787711389363,0.00038556766230612993
2.0939433475141414,0,0.0013081693323329091,38,42,11,0.61569559574127197,0.4627290929172137,2.4626691129704499,-16.565896025207241,0,284.51177702695065,112.85503282923185,383.72631203686291,0,0.00038556766230612993,0.00023960502585396171
2.0939433475141414,0,0.0013081693323329091,38,42,12,1.6728048324584961,-0.11264963728595546,1.8766822973458697,-160.27956279424325,0,-352.36520490315598,122.9045422706895,-387.97619276664977,5.6843418860808015e-14,0.00023960502585396171,0.00025786750484257936
2.0939433475141414,0,0.0013081693323329091,38,42,13,2.4805293083190918,-0.61333090803143053,2.1530093781405486,-6.8272201101192662,0,-63.172927436990129,-17.56487360739067,-86.025342684390949,0,0.00025786750484257936,0.00029501350945793092
2.0939433475141414,0,0.0013081693323329091,38,42,14,1.2188035249710083,-0.00168976146758293,2.8733687167557362,17.97521760306428,0,326.93207858369726,30.138367685794783,377.91734282784449,0,0.00029501350945793092,6.4606145315337926e-05
2.0939433475141414,0,0.0013081693323329091,38,42,15,1.6945160627365112,0.17816429148153939,2.7139270677663938,-155.177099691922,0,-296.45881989543733,113.41332119021216,-335.33050703789922,0,6.4606145315337926e-05,0.00026945886202156544
2.0939433475141414,0,0.0013081693323329091,38,42,16,2.5311331748962402,-0.50247924529208587,2.977483225415408,-44.238782481833148,0,-319.90665767620067,-3.2364595492658284,-364.90689572717633,-5.6843418860808015e-14,0.00026945886202156544,0.00018666479445528239
2.0939433475141414,0,0.0013081693323329091,38,42,17,1.9502488374710083,-0.14258354632592124,4.1209975288083953,133.69149536859589,0,187.6973397647736,-39.875448881823395,285.49180023402857,0,0.00018666479445528239,0.00033706592512317002
2.0939433475141414,0,0.0013081693323329091,38,42,18,1.2528642416000366,0.45967812482396464,4.828683656416711,7.5482153785557804,0,51.941366665334769,98.345959883382605,163.12390370851384,2.8421709430404007e-14,0.00033706592512317002,0.00041462434455752373
2.0939433475141414,0,0.0013081693323329091,38,42,19,1.3114691972732544,0.29610373291517045,5.6532007533267734,-83.60428577187561,0,-164.8446511369626,113.64651468009197,-128.85311774250431,0,0.00041462434455752373,0.00050052680307999253
2.0939433475141414,0,0.0013081693323329091,38,42,20,1.4044069051742554,-0.2218667129894584,6.8001283962421226,-68.00538182086126,0,-185.6259363968729,48.634374970243627,-198.41868156423786,2.8421709430404007e-14,0.00050052680307999253,0.00038366991793736815
2.0939433475141414,0,0.0013081693323329091,38,42,21,1.3186829090118408,-0.29648390254807094,7.6611698990726156,42.886005085480768,0,29.183723293461501,-35.183512028782545,44.250902346684271,0,0.00038366991793736815,0.00066658551804721355
2.0939433475141414,0,0.0013081693323329091,38,42,22,0.82863903045654297,0.18647178108138149,8.3568482905136729,82.5636176771404,0,107.15655486932603,-28.259970887478065,170.00352173058343,0,0.00066658551804721355,0.00054532254580408335
2.0939433475141414,0,0.0013081693323329091,38,42,23,0.60451090335845947,0.3606236455010724,8.6889058189358472,-8.0192042618866868,0,-43.100563144066939,78.74463003719201,36.674392095675316,1.4210854715202004e-14,0.00054532254580408335,0.00044468286796472967
2.0939433475141414,0,0.0013081693323329091,38,42,24,0.93796646595001221,-0.23247871401570283,8.8147099306590881,-74.299054497121091,0,-183.43401783148641,78.372559298942988,-170.77828181302115,-2.8421709430404007e-14,0.00044468286796472967,0.00042545489850454032
2.0939433475141414,0,0.0013081693323329091,38,42,25,1.0637277364730835,-0.64554868258140519,9.051267281054729,17.171479197147946,0,-66.214375626997352,-3.4244541446632666,-44.061631976039344,0,0.00042545489850454032,0.0005411363672465086
2.0939433475141414,0,0.0013081693323329091,38,42,26,0.8013034462928772,-0.39864416843187767,9.3053779319537284,57.194872444278055,0,55.8148481337115,3.4964443193428476,125.41289866085425,0,0.0005411363672465086,0.00027395409415476024
2.0939433475141414,0,0.0013081693323329091,38,42,27,0.87550520896911621,-0.30434074162801417,9.0869597989301329,-35.551801004690809,0,-23.96015266943245,42.233901680408515,-8.4954329364126249,-5.3290705182007514e-15,0.00027395409415476024,0.00052464986220002174
2.0939433475141414,0,0.0013081693323329091,38,42,28,1.1436184644699097,-0.36685586453929481,8.6595772268066931,-32.489712593715332,0,-121.75957954947229,43.58052801753194,-102.37604276338827,1.4210854715202004e-14,0.00052464986220002174,0.00029229931533336639
2.0939433475141414,0,0.0013081693323329091,38,42,29,1.1290719509124756,-0.7346222851843569,8.552755255386872,12.454117965960757,0,33.590524378689182,33.42111965118368,87.283894966036129,-1.4210854715202004e-14,0.00029229931533336639,0.00054944760631769896
2.0939433475141414,0,0.0013081693323329091,38,42,30,1.3656805753707886,-1.2523983747036265,8.0128225379366498,-55.743905917270922,0,-90.842487765292233,45.360371177980348,-94.465598341349789,0,0.00054944760631769896,0.00059182808035984635
2.0939433475141414,0,0.0013081693323329091,38,42,31,1.6501741409301758,-0.97704236390759214,7.2551323567874206,-13.761058580207028,0,-19.589437798347952,8.5535262735749438,-18.518880112100206,0,0.00059182808035984635,0.00046018644934520125
2.0939433475141414,0,0.0013081693323329091,38,42,32,1.680033802986145,-0.69347248206363765,5.4924833290899446,-45.903486926195924,0,27.072133005264977,28.397481233796405,14.365138159891766,-1.7763568394002505e-15,0.00046018644934520125,0.00034303800202906132
2.0939433475141414,0,0.0013081693323329091,38,42,33,2.223698616027832,-1.3091945787739157,3.4475761471676516,-28.294143438750019,0,-203.37579741514907,15.981818778867018,-213.54974050663833,0,0.00034303800202906132,0.00069409556454047561
2.0939433475141414,0,0.0013081693323329091,38,42,34,1.5865412950515747,-0.31891960631441113,3.381144707494975,89.764913315183321,0,195.44348256029653,35.552028821699288,323.82264979835969,-5.6843418860808015e-14,0.00069409556454047561,0.00058403407456353307
2.0939433475141414,0,0.0013081693323329091,38,42,35,1.2574204206466675,-0.079717798800027301,3.6289245373067707,-41.279621795288797,0,-47.769946113268304,45.903395799392527,-39.596965370657827,0,0.00058403407456353307,0.00063079653773456812
2.0939433475141414,0,0.0013081693323329091,38,42,36,2.2643284797668457,-0.96282302293770206,3.3160815937294794,-77.282090406154126,0,-321.70313147826806,13.14586153050848,-383.48610178312197,0,0.00063079653773456812,0.00071323267184197903
2.0939433475141414,0,0.0013081693323329091,38,42,37,2.3106586933135986,-1.2404324643152689,2.7250703451756944,87.006960610528225,0,-3.3908283542116644,-10.838075234609247,74.262694902567745,1.4210854715202004e-14,0.00071323267184197903,0.0006067015347070992
2.0939433475141414,0,0.0013081693323329091,38,42,38,1.5063278675079346,1.0974023610563199,1.9434990681305453,118.4195543881516,0,282.24039588900649,-27.221216455614083,376.47963525073084,-5.6843418860808015e-14,0.0006067015347070992,0.000656217394862324
2.0939433475141414,0,0.0013081693323329091,38,42,39,0.27720144391059875,2.1846024357375828,1.1173545034661556,0.18542026320161742,0,266.23700283943646,68.124484552894444,337.84886459473626,0,0.000656217394862324,0.00039595554699189961
2.0939433475141414,0,0.0013081693323329091,38,42,40,1.3496222496032715,0.44066203444682162,0.20041502741501824,-119.89343930621177,0,-451.72331019181212,104.57880541837837,-466.39686701778368,5.6843418860808015e-14,0.00039595554699189961,0.00029813972651027143
2.0939433475141414,0,0.0013081693323329091,38,42,41,2.5117354393005371,-0.60150257775835003,0.38206923519071534,4.3533096516366472,0,-170.47911251748562,-57.321857644804631,-223.66709385322125,-2.8421709430404007e-14,0.00029813972651027143,0.0003393569786567241
2.0939433475141414,0,0.0013081693323329091,38,42,42,1.5088123083114624,0.12542767971313568,1.316198349946325,116.65606848891203,0,322.32461627740065,-52.623541915526346,387.79876888044583,5.6843418860808015e-14,0.0003393569786567241,0.00019032458658330142
2.0939433475141414,0,0.0013081693323329091,38,42,43,0.9388166069984436,0.77363879559910931,1.133645199392832,-22.375275304840962,0,76.136125290099599,112.29656221464474,167.96469619489531,0,0.00019032458658330142,0.00049479666631668806
2.0939433475141414,0,0.0013081693323329091,38,42,44,1.9034632444381714,-0.1746869229210519,0.44943423514755465,-136.81331739919474,0,-346.39712829541531,129.90736373094492,-353.02833465143863,0,0.00049479666631668806,0.00041038217023015022
2.0939433475141414,0,0.0013081693323329091,38,42,45,2.630692720413208,-0.9698730694399591,0.89423782262470286,21.334971717319316,0,-97.421478462972033,-63.735908828345131,-139.89805082081313,0,0.00041038217023015022,0.00023792299907654524
2.0939433475141414,0,0.0013081693323329091,38,42,46,1.8384840488433838,-0.35118863969129371,1.8601573770573501,157.18927063761799,0,311.93925900204226,-64.217422857467795,406.42007551955851,0,0.00023792299907654524,0.00052457104902714491
2.0939433475141414,0,0.0013081693323329091,38,42,47,0.93610411882400513,0.82338068159823241,1.9061404603985961,2.3647405480191535,0,282.39626828620828,86.635710013509723,374.12623998973402,5.6843418860808015e-14,0.00052457104902714491,0.00027926702750846744
2.0939433475141414,0,0.0013081693323329091,38,42,48,1.6847953796386719,0.33808311031442395,1.2172691699780966,-143.82743858307074,0,-368.66040875888763,149.57371255135561,-361.35878251031028,-5.6843418860808015e-14,0.00027926702750846744,0.00039986945921555161
2.0939433475141414,0,0.0013081693323329091,38,42,49,2.8354203701019287,-0.93884118920834392,1.0527496934481875,-66.563391283988224,0,-354.27075748888348,-13.984319248517121,-434.70455951714899,0,0.00039986945921555161,0.00031062957714311779
2.0939433475141414,0,0.0013081693323329091,38,42,50,2.396406888961792,-0.42172737085200623,2.0259236177625719,159.19870777921221,0,306.07834751509046,-54.367344425233263,412.51390711597998,0,0.00031062957714311779,0.00044831764535047114
2.0939433475141414,0,0.0013081693323329091,38,42,51,1.3996751308441162,0.64538529507063613,2.9470155482438556,70.577709227007105,0,356.90341083887472,3.6084391607114616,434.6819600699078,5.6843418860808015e-14,0.00044831764535047114,0.0004676265234593302
2.0939433475141414,0,0.0013081693323329091,38,42,52,1.6195353269577026,0.52444151683767926,2.7803631349720557,-83.756194153129869,0,-269.57386134433926,130.0309316763443,-219.99431916931511,0,0.0004676265234593302,0.0005605443730019033
2.0939433475141414,0,0.0013081693323329091,38,42,53,2.5195622444152832,-0.99099206209010182,2.4814620583676077,-166.33594127447063,0,-335.33925521102486,114.21623945489797,-385.96848703431999,0,0.0005605443730019033,0.00021858999389223754
2.0939433475141414,0,0.0013081693323329091,38,42,54,2.8061375617980957,-0.60742457410455675,3.2612193424827374,62.589351388068565,0,82.035082217467533,-91.512634277436092,55.765594096478189,2.1316282072803006e-14,0.00021858999389223754,0.00025438735610805452
2.0939433475141414,0,0.0013081693323329091,38,42,55,1.8511762619018555,0.12896792042850244,4.5595061140834607,185.54692945833213,0,302.12617805198482,-50.805197680644874,441.55638386418406,0,0.00025438735610805452,0.00079756759805604815
2.0939433475141414,0,0.0013081693323329091,38,42,56,1.3840856552124023,0.56076231130678056,5.1169843008273759,-16.810981562929687,0,89.277111536626606,117.97640474325691,196.12028132908799,0,0.00079756759805604815,0.00049695518100634217
2.0939433475141414,0,0.0013081693323329091,38,42,57,2.134486198425293,-0.2331091263938552,4.937074717482437,-198.15532510243534,0,-270.80717150144488,133.12350200305434,-331.13502900973731,0,0.00049695518100634217,0.00063661893364042044
2.0939433475141414,0,0.0013081693323329091,38,42,58,2.8147096633911133,-1.2613821960473928,5.0686600417599257,-5.4021791586771268,0,-151.7159214454918,-30.201609687348743,-183.51243244580513,0,0.00063661893364042044,0.00041678818524815142
2.0939433475141414,0,0.0013081693323329091,38,42,59,2.0121643543243408,-0.28242438944819248,5.8167374130435379,225.72309679134872,0,300.56663393873629,-59.764055975706874,472.05998777797345,-5.6843418860808015e-14,0.00041678818524815142,0.00071541406214237213
2.0939433475141414,0,0.0013081693323329091,38,42,60,1.4561644792556763,0.61293098239232602,6.1181503501485128,6.8650377335268944,0,143.07299977778942,128.46455305284135,285.1336718966985,0,0.00071541406214237213,0.00038886305992491543
2.0939433475141414,0,0.0013081693323329091,38,42,61,2.1587114334106445,0.18667147692787697,5.7190743972927507,-240.71427609054265,0,-315.79692997003048,190.55507631914278,-360.05038386720975,-5.6843418860808015e-14,0.00038886305992491543,0.00057256961008533835
2.0939433475141414,0,0.0013081693323329091,38,42,62,3.0571467876434326,-1.2882774177547227,5.6672848279478787,-82.362774202464706,0,-231.44658905878561,-64.209585952376102,-373.63994180343326,-5.6843418860808015e-14,0.00057256961008533835,0.00073259678902104497
2.0939433475141414,0,0.0013081693323329091,38,42,63,2.7060999870300293,-1.1864346718264847,6.2601928310792943,251.5837900723221,0,425.43149600399175,-194.44327476626731,487.64576946929941,5.6843418860808015e-14,0.00073259678902104497,0.00048807429266162217
2.0939433475141414,0,0.0013081693323329091,38,42,64,2.0458579063415527,-0.26312223744067526,6.6636866540791839,213.46162088775839,0,346.63998122645467,-90.933614568684121,475.56855196216742,-5.6843418860808015e-14,0.00048807429266162217,0.00052492460235953331
2.0939433475141414,0,0.0013081693323329091,38,42,65,1.6931962966918945,0.22961889863113125,6.6198361515157531,43.779047758721141,0,130.81498669272798,58.423216190598829,239.86670569219484,0,0.00052492460235953331,0.00071359222056344151
2.0939433475141414,0,0.0013081693323329091,38,42,66,2.1621119976043701,-0.52814888268661042,6.1222410893070265,-161.90672299560856,0,-299.15799581190464,168.66468673515001,-286.8059398657428,-5.6843418860808015e-14,0.00071359222056344151,0.00037928993697278202
2.0939433475141414,0,0.0013081693323329091,38,42,67,3.1980578899383545,-1.3044260840151751,5.3876358903983048,-263.94076686586715,0,-317.73474144415871,89.889301401813228,-487.70299710182951,0,0.00037928993697278202,0.00059425196377560496
2.0939433475141414,0,0.0013081693323329091,38,42,68,3.7134833335876465,-1.7993065641822361,5.1987008379127371,82.455905795531208,0,66.332475964193222,-199.58391999920977,-47.396143965754831,-1.4210854715202004e-14,0.00059425196377560496,0.00035102880792692304
2.0939433475141414,0,0.0013081693323329091,38,42,69,2.9242658615112305,-0.39156653471375014,5.1496614470171052,278.44341537207725,0,359.66983833624528,-175.91555535423811,466.95579326638779,0,0.00035102880792692304,0.00026720622554421425
2.0939433475141414,0,0.0013081693323329091,38,42,70,2.3374197483062744,0.27824038770183274,4.2421958213555131,-43.402967441122875,0,270.57388688476169,96.98425206029782,328.67560771299401,5.6843418860808015e-14,0.00026720622554421425,0.00039040081901475787
2.0939433475141414,0,0.0013081693323329091,38,42,71,3.5655448436737061,-0.18769309382527805,2.428136682017914,-398.42060021060615,0,-391.95497125634586,141.7083758969961,-646.42675198176323,0,0.00039040081901475787,0.00046996885794214904
2.0939433475141414,0,0.0013081693323329091,38,42,72,5.0566911697387695,-1.4287011520510338,1.237699372141664,-83.919037750791148,0,-389.59952564227268,-146.18233743632359,-619.89190260929672,1.1368683772161603e-13,0.00046996885794214904,0.00042955394019372761
2.0939433475141414,0,0.0013081693323329091,38,42,73,4.0370597839355469,0.082507311279638354,1.5446528900856797,375.65238612953942,0,561.18728684982386,-183.37082139333415,755.09601178739445,0,0.00042955394019372761,0.00024321554519701749
2.0939433475141414,0,0.0013081693323329091,38,42,74,2.8138318061828613,0.53679578403267969,1.6969044207089576,46.218785665931811,0,378.58958525646631,87.592905956337987,514.63497708347779,0,0.00024321554519701749,0.00029703747713938355
2.0939433475141414,0,0.0013081693323329091,38,42,75,3.9215772151947021,0.044599717951864577,0.735810226296152,-339.84155718620718,0,-574.62557429241679,174.76808664592761,-738.91863488844842,-1.1368683772161603e-13,0.00029703747713938355,0.00034456676803529263
2.0939433475141414,0,0.0013081693323329091,38,42,76,5.1085481643676758,-1.0250674653689642,-0.00065583360997952846,-194.2550067904597,0,-349.66192828053602,-80.747460485540344,-625.69011885551504,0,0.00034456676803529263,0.00028104986995458603
2.0939433475141414,0,0.0013081693323329091,38,42,77,4.196744441986084,-0.11645124462394131,0.77693831560825055,261.65530663679891,0,641.92672817666573,-302.36784633458007,601.87467554986881,-1.1368683772161603e-13,0.00028104986995458603,0.00015294126933440566
2.0939433475141414,0,0.0013081693323329091,38,42,78,2.6481168270111084,0.28410347199350294,1.5223942784470248,81.307890326400369,0,533.61669023000525,-85.759252418486668,530.97182588835949,0,0.00015294126933440566,0.00022820007870905101
2.0939433475141414,0,0.0013081693323329091,38,42,79,3.3917183876037598,0.36683263788335219,0.81708679178388632,-274.99809318943721,0,-367.41488761012749,70.687790405504487,-570.54127096439299,-1.1368683772161603e-13,0.00022820007870905101,0.00043805775931105018
2.0939433475141414,0,0.0013081693323329091,38,42,80,4.4054932594299316,-0.70855490243069175,0.44465167980782211,-94.338476450618131,0,-421.25059826437257,-69.226845493525943,-585.07982343113952,0,0.00043805775931105018,0.00028613649192266166
2.0939433475141414,0,0.0013081693323329091,38,42,81,3.8031003475189209,-0.81890941684274277,1.3188310602505684,256.68743782308746,0,267.66675960295413,-127.27024516758745,397.58387390186198,0,0.00028613649192266166,0.00056219921680167317
2.0939433475141414,0,0.0013081693323329091,38,42,82,2.9753260612487793,0.38921023051432624,2.1463019470612008,223.62590453808812,0,239.92302205669102,-124.74256989510361,341.34186887725104,-5.6843418860808015e-14,0.00056219921680167317,0.0003713103651534766
2.0939433475141414,0,0.0013081693323329091,38,42,83,2.6071510314941406,0.51541231007425503,2.1114089244999303,-27.677761740607377,0,38.042524358399227,62.027828025567828,75.019411877933862,0,0.0003713103651534766,0.00017242286412511021
2.0939433475141414,0,0.0013081693323329091,38,42,84,3.3346199989318848,0.60038609643476171,1.6165467764827706,-248.68304166675196,0,-261.22044953101289,10.216954942690229,-497.46960338215706,0,0.00017242286412511021,0.00052559655159711838
2.0939433475141414,0,0.0013081693323329091,38,42,85,3.9797208309173584,-0.48460895877927102,1.4560206829366573,-126.61704824087448,0,-265.53147634587572,-46.131121681068826,-437.30823454366163,0,0.00052559655159711838,0.00024458035477437079
2.0939433475141414,0,0.0013081693323329091,38,42,86,3.57662034034729,-0.20047184818060976,2.3669204720190433,175.42675118084406,0,251.06855912594446,-105.60575892920311,323.05600000142385,0,0.00024458035477437079,0.00053217011736705899
2.0939433475141414,0,0.0013081693323329091,38,42,87,2.8686203956604004,0.51018551156798708,3.4000656219773644,203.26708313870256,0,205.17509614812164,-94.090611545392221,318.26181887497734,0,0.00053217011736705899,0.00063952658092603087
2.0939433475141414,0,0.0013081693323329091,38,42,88,2.6868948936462402,0.75839748176774247,3.4706152100423875,-65.437063994064658,0,70.145950432536395,32.987356067038355,41.925255197320233,1.4210854715202004e-14,0.00063952658092603087,0.00065828603692352772
2.0939433475141414,0,0.0013081693323329091,38,42,89,3.3764278888702393,0.012329527691735823,3.1191519440666529,-233.4608559209596,0,-192.36193857679689,13.048993738502917,-409.64231928749518,0,0.00065828603692352772,0.00081655412213876843
2.0939433475141414,0,0.0013081693323329091,38,42,90,3.4391663074493408,-0.40479095609192023,3.3093666874045407,-138.57233808506811,0,101.64739284346685,-57.430116287234178,-91.45048579752283,-1.4210854715202004e-14,0.00081655412213876843,0.00068852672120556235
2.0939433475141414,0,0.0013081693323329091,38,42,91,3.1559839248657227,-0.18386790386727381,3.6670988367182997,-127.76706849967995,0,36.390395412904532,-50.86935095023275,-138.76279310415714,0,0.00068852672120556235,0.00099817151203751564
2.0939433475141414,0,0.0013081693323329091,38,42,92,3.4720313549041748,-0.75909161171545403,3.5849337848974945,-144.45912958418324,0,-169.8558051822852,46.909709089249006,-264.57938350403737,0,0.00099817151203751564,0.00091205508215352893
2.0939433475141414,0,0.0013081693323329091,38,42,93,3.3257007598876953,-0.75236211086340954,4.1532144134481808,147.13060295241945,0,146.09266866178598,-138.26596977206464,158.35815414472555,-2.8421709430404007e-14,0.00091205508215352893,0.00041313082328997552
2.0939433475141414,0,0.0013081693323329091,38,42,94,2.3050036430358887,-1.1263977708105721,5.2854250776157423,295.60733104454363,0,342.18242251173768,-127.31872462699192,514.63005623609456,0,0.00041313082328997552,0.00081091688480228186
2.0939433475141414,0,0.0013081693323329091,38,42,95,1.5071306228637695,-0.36434347009265478,5.6367580607397523,98.419863720933421,0,97.401886200242785,-21.903876350894791,179.1902881609285,0,0.00081091688480228186,0.00092877709539607167
2.0939433475141414,0,0.0013081693323329091,38,42,96,1.608306884765625,-0.11371414785448437,4.5316327030959709,-16.197880429709155,0,-172.97653369124333,-42.621555102037547,-227.37805066774857,-2.8421709430404007e-14,0.00092877709539607167,0.00076737464405596256
2.0939433475141414,0,0.0013081693323329091,38,42,97,1.6843657493591309,-0.35667369013451794,2.0134501026021954,7.3833669912198792,0,-39.836355483168283,-58.870831048859721,-89.667043128340438,1.4210854715202004e-14,0.00076737464405596256,0.00064725353149697185
2.0939433475141414,0,0.0013081693323329091,38,42,98,1.6071838140487671,0.36716877920963337,0.22506431603416152,21.559325907270111,0,-27.418779365367669,-65.525001359337821,-70.79222172219157,1.4210854715202004e-14,0.00064725353149697185,0.00042363177635706961
2.0939433475141414,0,0.0013081693323329091,38,42,99,1.3522024154663086,0.15830367946327115,0.0017149872928611672,19.410373629682919,0,-16.649778247729461,-61.343465732094849,-58.422851683385261,0,0.00042363177635706961,0.00029737257864326239
2.0939433475141414,0,0.0013081693323329091,38,42,100,1.1429556608200073,0.077266059706353613,0.00019172317674004584,11.362418861326097,0,-9.7061892096787705,-55.963794893855514,-54.230107459325097,0,0.00029737257864326239,0.00021580852626357228
2.0939433475141414,0,0.0013081693323329091,38,42,101,0.98429745435714722,0.036946454561722457,-0.00058686000836437715,7.0168094245760626,0,-7.3141106206420545,-51.090971336081793,-51.351912937594427,0,0.00021580852626357228,0.00016335076361428946
2.0939433475141414,0,0.0013081693323329091,38,42,102,0.85834360122680664,0.019158433510755097,-0.0012064532425557456,4.6016301908795061,0,-6.5424944129213536,-46.697429200747628,-48.62034144252128,0,0.00016335076361428946,0.0001274998503504321
2.0939433475141414,0,0.0013081693323329091,38,42,103,0.75521045923233032,0.010814573611713407,-0.001337386058958419,3.1401840814823125,0,-6.5235856012175395,-42.756103827245653,-46.130028159428122,0,0.0001274998503504321,0.00010174202907364815
2.0939433475141414,0,0.0013081693323329091,38,42,104,0.67031919956207275,0.0064557726468905778,-0.0014893618620333967,2.19542694731705,0,-6.9912483562246415,-39.23715118746501,-44.028006185587742,0,0.00010174202907364815,8.2493381341919303e-05
2.0939433475141414,0,0.0013081693323329091,38,42,105,0.59955227375030518,0.0040094361293213929,-0.0015945758394367083,1.5697958786301327,0,-7.5100332479345848,-36.102662531194689,-42.040485040209255,0,8.2493381341919303e-05,6.7876906541641802e-05
2.0939433475141414,0,0.0013081693323329091,38,42,106,0.54036712646484375,0.0025853973252102924,-0.0017652560946834184,1.1352121532542814,0,-8.1532062262744383,-33.311653578609196,-40.328827510398824,0,6.7876906541641802e-05,5.6579112424515188e-05
2.0939433475141414,0,0.0013081693323329091,38,42,107,0.49069961905479431,0.0016905839392657653,-0.0019184009477454527,0.83494933607805366,0,-8.804170546304297,-30.824210789822882,-38.793659817057602,0,5.6579112424515188e-05,4.7611749323550612e-05
2.0939433475141414,0,0.0013081693323329091,38,42,108,0.44858863949775696,0.0011082110683870174,-0.00195113399976186,0.62651955501998779,0,-9.3345285420450086,-28.603268337556106,-37.312120247512503,0,4.7611749323550612e-05,4.0467944927513599e-05
2.0939433475141414,0,0.0013081693323329091,38,42,109,0.41268754005432129,0.00077472747974364174,-0.0020505027272298901,0.47041934080970615,0,-9.7756961789659229,-26.615564938570834,-35.922117551974537,0,4.0467944927513599e-05,3.4722361306194216e-05
2.0939433475141414,0,0.0013081693323329091,38,42,110,0.38218387961387634,0.00055752004311347898,-0.0021978025041672271,0.35518949792068033,0,-10.159112204237235,-24.832577903405411,-34.638140892183017,0,3.4722361306194216e-05,2.9995548175065778e-05
2.0939433475141414,0,0.0013081693323329091,38,42,111,0.35597842931747437,0.00035488123581205064,-0.002291325807889392,0.27253748724424981,0,-10.370936458721649,-23.229566304938938,-33.329901720988417,0,2.9995548175065778e-05,2.6090292521985248e-05
2.0939433475141414,0,0.0013081693323329091,38,42,112,0.33343428373336792,0.00028131955621469223,-0.002354454333379846,0.21059404263862286,0,-10.446275543425882,-21.785206471177723,-32.022961106742144,0,2.6090292521985248e-05,2.2794538381276652e-05
2.0939433475141414,0,0.0013081693323329091,38,42,113,0.31394165754318237,0.00021183443005123479,-0.0023988777114562322,0.16354983038756746,0,-10.367997619312261,-20.481364168246778,-30.687999000452876,0,2.2794538381276652e-05,2.0020210286020301e-05
2.0939433475141414,0,0.0013081693323329091,38,42,114,0.29711008071899414,0.00014120997551056149,-0.0024877251628513397,0.12573220697993936,0,-10.150979137034511,-19.302638966372875,-29.330232411614787,0,2.0020210286020301e-05,1.7684984413790517e-05
2.0939433475141414,0,0.0013081693323329091,38,42,115,0.28259420394897461,0.0001249312238472081,-0.0026081366162757987,0.095842615467404413,0,-9.78234843561353,-18.235783306512925,-27.924772332051479,0,1.7684984413790517e-05,1.5649015040253289e-05
2.0939433475141414,0,0.0013081693323329091,38,42,116,0.27008628845214844,7.1243220219222261e-05,-0.0026911388177356253,0.073584893738938978,0,-9.2286391965036501,-17.269554419298451,-26.427228617660678,3.5527136788005009e-15,1.5649015040253289e-05,1.3856472833140288e-05
2.0939433475141414,0,0.0013081693323329091,38,42,117,0.25923943519592285,4.9659943346982479e-05,-0.0027379006434072916,0.056977033820769775,0,-8.4774695652940011,-16.394258691018642,-24.817439463191935,-3.5527136788005009e-15,1.3856472833140288e-05,1.2318680091993883e-05
2.0939433475141414,0,0.0013081693323329091,38,42,118,0.24980764091014862,3.4491493693339972e-05,-0.0027682955954495868,0.044173717944211349,0,-7.5342274142351275,-15.602070607432227,-23.094858107824901,-3.5527136788005009e-15,1.2318680091993883e-05,1.0972672498610336e-05
2.0939433475141414,0,0.0013081693323329091,38,42,119,0.24160929024219513,2.2201868740204868e-05,-0.0027332242696484826,0.03508381930587183,0,-6.4338256998765431,-14.886178439985658,-21.287631342957237,0,1.0972672498610336e-05,9.7806796475197189e-06
2.0939433475141414,0,0.0013081693323329091,38,42,120,0.23441259562969208,1.542881790826788e-05,-0.0026467152658486552,0.028420171807840979,0,-5.1969160340369287,-14.241034844522456,-19.412161993199483,0,9.7806796475197189e-06,8.7317166617140174e-06
2.0939433475141414,0,0.0013081693323329091,38,42,121,0.22812312841415405,-4.2333305805444806e-06,-0.0025017537626960151,0.023317070817895986,0,-3.8793477563450818,-13.661798709612427,-17.52033538223289,0,8.7317166617140174e-06,7.7986314863665029e-06
2.0939433475141414,0,0.0013081693323329091,38,42,122,0.22256138920783997,-1.7129033039606609e-06,-0.0023334114336128332,0.019307491468653491,0,-2.5312519995169569,-13.145029998427528,-15.659309630812748,0,7.7986314863665029e-06,6.9666898525611032e-06
2.0939433475141414,0,0.0013081693323329091,38,42,123,0.21765966713428497,-9.4142764643049454e-06,-0.002166238154516708,0.016436997161809432,0,-1.1887719319478558,-12.6877556990071,-13.862266286224129,-1.7763568394002505e-15,6.9666898525611032e-06,6.2110866565490142e-06
2.0939433475141414,0,0.0013081693323329091,38,42,124,0.21328753232955933,-1.0729848773556923e-05,-0.0019371055737277688,0.015502947427042715,0,0.13303374210171334,-12.287606514462954,-12.141017660356699,0,6.2110866565490142e-06,5.5162731769087259e-06
2.0939433475141414,0,0.0013081693323329091,38,42,125,0.20937789976596832,-7.7274447479235943e-06,-0.0016097733154578557,0.015969972294426073,0,1.3842844886251235,-11.942224538757324,-10.543587578597981,0,5.5162731769087259e-06,4.8930073717201594e-06
2.0939433475141414,0,0.0013081693323329091,38,42,126,0.20580320060253143,-2.2560266164128451e-05,-0.00125321498132212,0.016881240328344822,0,2.5031621623714115,-11.649923926027462,-9.131156298575192,0,4.8930073717201594e-06,4.3361833377275616e-06
2.0939433475141414,0,0.0013081693323329091,38,42,127,0.20252338051795959,-3.0167173272143701e-05,-0.0007785832068307459,0.020457967361475912,0,3.4465182219345243,-11.409440291876303,-7.9432728529604066,-1.7763568394002505e-15,4.3361833377275616e-06,3.8119874261610676e-06
2.0939433475141414,0,0.0013081693323329091,38,42,128,0.19915920495986938,-2.8539002627815797e-05,-0.00013093290330796527,0.027155787410778717,0,4.1518510710380596,-11.223575785508151,-7.0447283989652476,8.8817841970012523e-16,3.8119874261610676e-06,3.2762748105596984e-06
2.0939433475141414,0,0.0013081693323329091,38,42,129,0.19560982286930084,-6.6987207357483778e-05,0.0006137480277087331,0.034901565699088082,0,4.5609990274171537,-11.094107379589145,-6.497660025652551,8.8817841970012523e-16,3.2762748105596984e-06,2.654416675795801e-06
2.0939433475141414,0,0.0013081693323329091,38,42,130,0.19170981645584106,-0.00016483848152310622,0.001987374549360604,0.060052563435245551,0,4.5487310815105229,-11.021410972183276,-6.4108047911696699,0,2.654416675795801e-06,1.7391490700902068e-06
2.0939433475141414,0,0.0013081693323329091,38,42,131,0.18491719663143158,8.7997865261189973e-05,0.0053226560861313818,0.13092643477327626,0,4.4118927953671987,-11.035023038439938,-6.4867931543480699,8.8817841970012523e-16,1.7391490700902068e-06,8.72885038916138e-07
2.0939433475141414,0,0.0013081693323329091,38,42,132,0.17028313875198364,3.9534955405265545e-06,0.0038461539477661873,0.087447558704927944,0,3.9714997362751152,-11.208870197610787,-7.146072795187437,8.8817841970012523e-16,8.72885038916138e-07,8.72885038916138e-07
2.0952515168464743,0,0.0013825373025611043,38,42,0,0.0091868136078119278,0,4.794288266873135,-7.8224108394265528,0,-113.57664716920522,64.827086440991238,-51.777681953501649,1.34726574430033e-06,0.00050522491801530123,0.00050522491801530123
2.0952515168464743,0,0.0013825373025611043,38,42,1,0.37249457836151123,-0.22421263895256824,9.5578972718289688,-28.319806195822551,0,-96.983722251062133,29.953651532241121,-86.016192281767161,0,0.00050522491801530123,0.0002813972532749176
2.0952515168464743,0,0.0013825373025611043,38,42,2,0.4595167338848114,-0.43654306766515899,9.6588034343487923,-1.6366799835465171,0,-13.984510654135411,18.180693766075091,11.781763495076797,1.7763568394002505e-15,0.0002813972532749176,0.00040216857451014221
2.0952515168464743,0,0.0013825373025611043,38,42,3,0.35514280200004578,-0.42136611904524329,9.6903819961510305,-7.3861634965924701,0,-33.965474799604749,26.063771982008952,-6.0188504370824791,5.3290705182007514e-15,0.00040216857451014221,0.00033294776221737266
2.0952515168464743,0,0.0013825373025611043,38,42,4,0.57996976375579834,-0.67712363815641841,9.3593352253996649,-4.1620811213966427,0,-153.55887067132988,29.947583447324646,-119.09115675815865,0,0.00033294776221737266,0.00064542226027697325
2.0952515168464743,0,0.0013825373025611043,38,42,5,0.42964008450508118,-0.34803377089998616,8.7549935773315806,30.010463034185605,0,130.38477892842693,38.648635198749062,207.45083696779318,0,0.00064542226027697325,0.00046975738951005042
2.0952515168464743,0,0.0013825373025611043,38,42,6,0.25316831469535828,0.059973534648517311,7.914848089471918,0.54317443596930082,0,232.37542570439894,44.164578278455409,285.05800004294412,5.6843418860808015e-14,0.00046975738951005042,0.0003520925238262862
2.0952515168464743,0,0.0013825373025611043,38,42,7,0.68565738201141357,0.076818398261016746,6.1910067485383218,-45.471232045052567,0,33.244008603975864,48.756232388184308,42.796834093906952,7.1054273576010019e-15,0.0003520925238262862,0.0004817974113393575
2.0952515168464743,0,0.0013825373025611043,38,42,8,1.1308872699737549,-0.13357297822776454,3.8630632360228545,-82.545441715810284,0,-46.837467291966384,51.111899598388504,-74.541519151593079,-1.4210854715202004e-14,0.0004817974113393575,0.0006185864913277328
2.0952515168464743,0,0.0013825373025611043,38,42,9,1.7000080347061157,-0.57215883757911501,2.1324865768124619,-92.324564738434674,0,-319.41838537778807,73.881035592655891,-336.30158678433349,0,0.0006185864913277328,0.0004892467986792326
2.0952515168464743,0,0.0013825373025611043,38,42,10,1.9187190532684326,-0.51626903381258105,1.7624790700161377,42.834945547307761,0,-69.693776769012544,-4.8052334537873111,-30.417854639288542,-7.1054273576010019e-15,0.0004892467986792326,0.00040115808951668441
2.0952515168464743,0,0.0013825373025611043,38,42,11,1.1176745891571045,0.16274885998161825,2.4125334448195739,52.244680636970401,0,532.71741193618504,4.1152609422187192,591.65263582017542,1.1368683772161603e-13,0.00040115808951668441,0.00028034491697326303
2.0952515168464743,0,0.0013825373025611043,38,42,12,1.1652662754058838,0.020236605126093547,2.488911118773685,-82.601746645834567,0,-6.5800027871560101,71.422243273249492,-15.25035843584131,-3.5527136788005009e-15,0.00028034491697326303,0.00014136183017399162
2.0952515168464743,0,0.0013825373025611043,38,42,13,2.3679935932159424,-0.3614336760019552,2.1337024841475238,-66.46068388051269,0,-551.49428696170946,43.172516452430365,-573.01018558164617,0,0.00014136183017399162,0.00023033619800116867
2.0952515168464743,0,0.0013825373025611043,38,42,14,1.7131834030151367,-0.18079834757856347,2.7474581516103402,61.750211710181247,0,359.15000667317565,11.90560416237752,435.37248234976619,0,0.00023033619800116867,0.00038110592868179083
2.0952515168464743,0,0.0013825373025611043,38,42,15,1.2558469772338867,0.20790971298608402,3.2548865960109987,-49.028401624970897,0,178.77306765252837,96.229867786918135,229.43733012347269,0,0.00038110592868179083,0.00017969416512642056
2.0952515168464743,0,0.0013825373025611043,38,42,16,2.0537731647491455,-0.027883685495968518,2.9702258480511592,-127.72544879737586,0,-350.57691283316933,108.4368283511867,-366.92319111680331,0,0.00017969416512642056,0.00022433241247199476
2.0952515168464743,0,0.0013825373025611043,38,42,17,2.3237204551696777,-0.31786613314943157,3.5914847752655481,59.028778017338468,0,-113.76027410121587,-2.1228596894299847,-53.580737131191263,7.1054273576010019e-15,0.00022433241247199476,0.0002173134998884052
2.0952515168464743,0,0.0013825373025611043,38,42,18,1.4662579298019409,0.06484187941887376,4.802646029923614,73.963897825049969,0,227.97719584317994,-6.4374728494375795,300.3711087281348,0,0.0002173134998884052,0.00041391092236153781
2.0952515168464743,0,0.0013825373025611043,38,42,19,1.1429075002670288,0.47799910827848491,5.9302434635507781,-39.161329094498484,0,36.829546211425573,30.363274209418144,34.439733898174495,0,0.00041391092236153781,0.00064172648126259446
2.0952515168464743,0,0.0013825373025611043,38,42,20,1.1448416709899902,0.035301057056283287,6.9303861895156622,-80.711263352140321,0,-210.99078310242461,55.655267703808676,-229.08109150418431,2.8421709430404007e-14,0.00064172648126259446,0.00057831150479614735
2.0952515168464743,0,0.0013825373025611043,38,42,21,1.3765705823898315,-0.33281977247207689,7.5108792129947153,-15.318217516896606,0,-297.89304511950877,39.548350041533674,-266.48485315434908,-5.6843418860808015e-14,0.00057831150479614735,0.00055369589244946837
2.0952515168464743,0,0.0013825373025611043,38,42,22,1.0510324239730835,-0.10141206080715533,8.0742936222544728,88.034611930627605,0,25.635298362524793,15.144215451369812,136.78700730596952,0,0.00055369589244946837,0.00054566143080592155
2.0952515168464743,0,0.0013825373025611043,38,42,23,0.65248721837997437,0.30601053140792217,8.6588466310567487,39.747400471795622,0,113.79174622902423,16.953431675312324,179.45743553859685,0,0.00054566143080592155,0.0004231083148624748
2.0952515168464743,0,0.0013825373025611043,38,42,24,0.71455955505371094,0.063876563512422838,8.9570699664572935,-37.337540844255656,0,-97.544842266757769,62.021949821929361,-63.839486759114358,-1.4210854715202004e-14,0.0004231083148624748,0.00044242077274248004
2.0952515168464743,0,0.0013825373025611043,38,42,25,1.0060876607894897,-0.46581578414445046,9.0049369711192533,-43.571608900542735,0,-160.72897585489275,54.628069187148263,-141.13339438131243,-2.8421709430404007e-14,0.00044242077274248004,0.00063490879256278276
2.0952515168464743,0,0.0013825373025611043,38,42,26,0.96536475419998169,-0.57856710709625914,9.1573086851065248,43.121816147906202,0,-4.7119379954622405,-5.6227327517355521,41.365886978718677,7.1054273576010019e-15,0.00063490879256278276,0.00052793498616665602
2.0952515168464743,0,0.0013825373025611043,38,42,27,0.8643917441368103,-0.28484229201900824,9.1919286993285994,26.125358193754497,0,8.200644919271415,5.0312291989536799,48.264318719289186,7.1054273576010019e-15,0.00052793498616665602,0.0002597927232272923
2.0952515168464743,0,0.0013825373025611043,38,42,28,1.0096932649612427,-0.23238717386169727,8.7571950095592719,-57.636028580558701,0,-87.582275540264092,33.050131674175567,-103.64336461094965,0,0.0002597927232272923,0.00051683973288163543
2.0952515168464743,0,0.0013825373025611043,38,42,29,1.2432540655136108,-0.55055745225311248,8.5210247134849926,-10.433743281038371,0,-58.224902270605902,17.874099194966615,-42.814079095445777,0,0.00051683973288163543,0.00028245392604731023
2.0952515168464743,0,0.0013825373025611043,38,42,30,1.2421035766601562,-1.1323216209627813,8.2129468027910288,-21.183846115306579,0,19.254734018165351,9.6193480833671199,14.77086116805414,0,0.00028245392604731023,0.00073819822864606977
2.0952515168464743,0,0.0013825373025611043,38,42,31,1.6259483098983765,-0.72485389534523892,7.4146211172959031,-18.73798754705431,0,-129.46883222794389,-0.21901151954314219,-141.73606407259066,0,0.00073819822864606977,0.0002940374833997339
2.0952515168464743,0,0.0013825373025611043,38,42,32,1.6988258361816406,-0.59380400904183728,5.8826735309856382,5.3937191312998882,0,52.850583766037197,6.4505790506070904,69.983751469887977,0,0.0002940374833997339,0.0003382918075658381
2.0952515168464743,0,0.0013825373025611043,38,42,33,1.944339394569397,-0.79821419925470938,3.8160032435422817,-75.846189743013269,0,-140.76465313590839,28.567552199179769,-185.0255016354543,0,0.0003382918075658381,0.0005097500397823751
2.0952515168464743,0,0.0013825373025611043,38,42,34,2.0101561546325684,-0.68200242423630031,3.0237011831940386,35.160316287474515,0,108.0566622922632,-6.3406421657970489,139.2180351728984,0,0.0005097500397823751,0.00058593659196048975
2.0952515168464743,0,0.0013825373025611043,38,42,35,1.2056208848953247,-0.34634295238973367,3.5546892636813783,20.167339499600242,0,333.37088499781703,4.5914816597135122,361.3380524684224,0,0.00058593659196048975,0.00035125954309478402
2.0952515168464743,0,0.0013825373025611043,38,42,36,1.762663722038269,-0.13526480718732595,3.4745869051663854,-100.40928013486131,0,-271.00588898277647,21.910291805129798,-346.16555521452892,-5.6843418860808015e-14,0.00035125954309478402,0.0006984816282056272
2.0952515168464743,0,0.0013825373025611043,38,42,37,2.4078068733215332,-1.3833386171411779,2.5744508734281726,-57.777480705680958,0,-386.23974846548538,4.2936604831379164,-438.53245643174142,0,0.0006984816282056272,0.00059834605781361461
2.0952515168464743,0,0.0013825373025611043,38,42,38,1.9988269805908203,0.18578794626598982,1.5785481611717169,99.009244684931375,0,-107.31193690080882,7.873291677560573,1.3349355691208376,7.3274719625260332e-15,0.00059834605781361461,0.00054118322441354394
2.0952515168464743,0,0.0013825373025611043,38,42,39,0.71916496753692627,1.7778709917265252,1.1621862081247702,46.169094144825173,0,601.55553484134475,1.0461680183531277,651.7108542043743,0,0.00054118322441354394,0.00047333852853626013
2.0952515168464743,0,0.0013825373025611043,38,42,40,0.73949617147445679,0.80532245753060505,0.8452397522546703,-59.743669556130669,0,-50.018868288353602,29.343146143388651,-78.768829491310342,0,0.00047333852853626013,0.00023093016352504492
2.0952515168464743,0,0.0013825373025611043,38,42,41,2.2191410064697266,-0.14113223371187292,0.29806174771522675,-62.471742574565894,0,-733.99037799645589,27.37945781816207,-768.92573323885631,0,0.00023093016352504492,0.00023128723842091858
2.0952515168464743,0,0.0013825373025611043,38,42,42,2.0161187648773193,-0.20977163424597958,0.69728782774870635,109.45885336738547,0,-10.340792722744077,1.4946242833704042,101.10020112151453,1.4210854715202004e-14,0.00023128723842091858,0.00035519871744327247
2.0952515168464743,0,0.0013825373025611043,38,42,43,1.1585428714752197,0.49862237867345688,1.266231078810415,35.549880872236685,0,455.14922256451194,3.3688972756181528,495.83285416985063,-5.6843418860808015e-14,0.00035519871744327247,0.00040997297037392855
2.0952515168464743,0,0.0013825373025611043,38,42,44,1.4416424036026001,0.36996052090345954,1.049216880734563,-97.730441595819428,0,-131.54323346304977,27.457577675132971,-200.39691998209821,0,0.00040997297037392855,0.00043129667756147683
2.0952515168464743,0,0.0013825373025611043,38,42,45,2.4476823806762695,-0.65143927978541427,0.72490298634083039,-74.12763911466115,0,-593.81912536349864,31.320371794823217,-636.55292897678112,0,0.00043129667756147683,0.00036206073127686977
2.0952515168464743,0,0.0013825373025611043,38,42,46,2.3701503276824951,-0.57675191911690094,1.1284195183440757,115.81967218498295,0,-64.425083898869175,11.019211083281654,62.9654669686226,0,0.00036206073127686977,0.00041204842273145914
2.0952515168464743,0,0.0013825373025611043,38,42,47,1.4255245923995972,0.45119155129651173,1.9085282342693042,85.805264356695346,0,552.04302291067506,-15.084892646076236,625.12311440685994,0,0.00041204842273145914,0.00045332146692089736
2.0952515168464743,0,0.0013825373025611043,38,42,48,1.2120769023895264,0.75196643961028653,1.8675492941380047,-52.333837294926155,0,150.73045330019059,80.383522097894854,181.39965383690759,0,0.00045332146692089736,0.00047071216977201402
2.0952515168464743,0,0.0013825373025611043,38,42,49,2.2667531967163086,-0.57403473672111727,1.1539841384719733,-172.44415208777772,0,-455.7909952967795,110.23203301137892,-517.42316497142747,0,0.00047071216977201402,0.00022681671543978155
2.0952515168464743,0,0.0013825373025611043,38,42,50,2.9360449314117432,-0.61613477036065878,1.4309610930703807,29.790395258298211,0,-274.55853174979086,-46.08588701240032,-290.03919718118323,0,0.00022681671543978155,0.00022898358292877674
2.0952515168464743,0,0.0013825373025611043,38,42,51,1.9683127403259277,-0.054613269472937008,2.5286674152411965,177.83433599376215,0,344.6139362010727,-39.996159618993246,484.92616672160983,-5.6843418860808015e-14,0.00022898358292877674,0.00069143128348514438
2.0952515168464743,0,0.0013825373025611043,38,42,52,1.3317455053329468,0.95012817970504138,3.006392523348747,-3.1166891281127627,0,268.09734702323738,69.815354029861297,338.75253262803972,5.6843418860808015e-14,0.00069143128348514438,0.00057535414816811681
2.0952515168464743,0,0.0013825373025611043,38,42,53,2.0146501064300537,-0.28247885108545412,2.9254477869265543,-160.68978658889574,0,-260.01047600161843,69.061230112568268,-348.99606354210476,5.6843418860808015e-14,0.00057535414816811681,0.0003580784541554749
2.0952515168464743,0,0.0013825373025611043,38,42,54,2.8790884017944336,-0.93770908406559328,3.0495319725107266,-82.590796069857419,0,-421.12811107869254,14.231265069904147,-487.37581919020067,0,0.0003580784541554749,0.00043942217598669231
2.0952515168464743,0,0.0013825373025611043,38,42,55,2.4288067817687988,-0.54038829040818359,3.9297208928498502,145.87702006710225,0,108.18806920398909,-51.15936646512413,206.29505540840887,-2.8421709430404007e-14,0.00043942217598669231,0.00063482194673269987
2.0952515168464743,0,0.0013825373025611043,38,42,56,1.6406441926956177,0.55430049330977305,5.0394606558405446,99.573587360289594,0,381.21041621670093,-30.980817714523653,455.39694701161721,0,0.00063482194673269987,0.0007021286292001605
2.0952515168464743,0,0.0013825373025611043,38,42,57,1.7013055086135864,0.2449729936371165,5.3536167559440733,-83.366562464081682,0,-9.5945152811512049,65.612574704833023,-21.749913290818679,-1.0658141036401503e-14,0.0007021286292001605,0.00062266766326501966
2.0952515168464743,0,0.0013825373025611043,38,42,58,2.5746443271636963,-0.91513530968797752,5.0675592302228756,-159.69406020004371,0,-382.43265570076557,103.52872846322028,-434.44556351705404,1.1368683772161603e-13,0.00062266766326501966,0.00085918622789904475
2.0952515168464743,0,0.0013825373025611043,38,42,59,2.6296987533569336,-0.94533797634790784,5.3245336671184216,101.35922104462776,0,-10.348897873467328,-56.624135002764,38.765383859166946,-7.1054273576010019e-15,0.00085918622789904475,0.00044375803554430604
2.0952515168464743,0,0.0013825373025611043,38,42,60,1.8291676044464111,0.14227665175832915,6.0663550272589752,150.8100389822923,0,357.09086726443167,-54.261397341928891,459.84814058381232,-5.6843418860808015e-14,0.00044375803554430604,0.00082603894406929612
2.0952515168464743,0,0.0013825373025611043,38,42,61,1.6877045631408691,0.5090212493279459,6.1430656442603739,-92.760345927320913,0,-12.457789111650859,86.057731179223822,-12.508316966159631,-5.3290705182007514e-15,0.00082603894406929612,0.00049607816617935896
2.0952515168464743,0,0.0013825373025611043,38,42,62,2.5683624744415283,-0.29656485126817705,5.6816614817986499,-291.40810540333558,0,-365.47943958797248,160.49534919654545,-491.0070991642321,5.6843418860808015e-14,0.00049607816617935896,0.00079531647497788072
2.0952515168464743,0,0.0013825373025611043,38,42,63,3.3440232276916504,-2.1033916994115396,5.790200578398025,5.8893404755258656,0,-234.77258869955594,-112.35584117589354,-337.55228052093713,0,0.00079531647497788072,0.00074131804285570979
2.0952515168464743,0,0.0013825373025611043,38,42,64,2.6679821014404297,-1.020206207442717,6.2939001280323481,300.06147472550515,0,220.51925002768209,-90.13945059344951,435.71496808032737,0,0.00074131804285570979,0.00053122971439734101
2.0952515168464743,0,0.0013825373025611043,38,42,65,2.0069825649261475,0.023847277323286099,6.5413248085093301,183.27573755431692,0,384.32951964502917,-33.485481738023331,540.68494754715539,0,0.00053122971439734101,0.00048006357974372804
2.0952515168464743,0,0.0013825373025611043,38,42,66,1.7869212627410889,0.30146822494790926,6.4189950997418723,-26.86762617248959,0,251.7527070147496,87.902428993832473,319.50797316078229,0,0.00048006357974372804,0.00073714862810447812
2.0952515168464743,0,0.0013825373025611043,38,42,67,2.5600597858428955,-0.85931236398405009,5.7812082531815472,-271.72190144666871,0,-175.94574965023719,94.897691418043507,-347.84806378966488,0,0.00073714862810447812,0.00054915552027523518
2.0952515168464743,0,0.0013825373025611043,38,42,68,3.6514811515808105,-2.0802153604293734,5.1206815817405076,-144.01421500087784,0,-345.19285090273121,3.7244029823411351,-482.44219669995675,5.6843418860808015e-14,0.00054915552027523518,0.00043789073242805898
2.0952515168464743,0,0.0013825373025611043,38,42,69,3.5351231098175049,-1.3543873919503397,4.8520186040558597,207.03779762468628,0,125.11179636415078,-133.69463363002652,201.95259157091607,2.8421709430404007e-14,0.00043789073242805898,0.00038952936301939189
2.0952515168464743,0,0.0013825373025611043,38,42,70,2.7673830986022949,-0.054882217397326773,4.5718654704630932,169.40730731678974,0,492.31254578072156,-146.23450894900219,520.00232740157492,1.1368683772161603e-13,0.00038952936301939189,0.00035561146796680987
2.0952515168464743,0,0.0013825373025611043,38,42,71,2.7199091911315918,0.29332871894815593,3.3489880560681482,-157.20802077820596,0,111.92437123739201,116.64312100846209,75.00178824266446,2.8421709430404007e-14,0.00035561146796680987,0.00024717638734728098
2.0952515168464743,0,0.0013825373025611043,38,42,72,4.2457675933837891,-0.43754711746178504,1.4581063085297499,-379.7992577407785,0,-446.81022962039526,179.07278577927323,-646.51614239083256,1.1368683772161603e-13,0.00024717638734728098,0.00035674104583449662
2.0952515168464743,0,0.0013825373025611043,38,42,73,5.0248532295227051,-1.1068956007984234,0.87546768014732346,82.438005356223385,0,-26.175153135697869,-235.93300485310382,-179.90158055322942,-2.8421709430404007e-14,0.00035674104583449662,0.00039937029941938818
2.0952515168464743,0,0.0013825373025611043,38,42,74,3.4870615005493164,0.27895305663021047,1.6409329646877437,306.38452698973259,0,652.62915053631707,-185.60001886172043,775.3335446856471,-1.1368683772161603e-13,0.00039937029941938818,0.00013913544535171241
2.0952515168464743,0,0.0013825373025611043,38,42,75,2.9549465179443359,0.49225957937521392,1.5455822524683382,-73.866549791363269,0,84.129567557167221,140.5400369908651,152.84089658851263,2.8421709430404007e-14,0.00013913544535171241,0.00035051893792115152
2.0952515168464743,0,0.0013825373025611043,38,42,76,4.2900395393371582,-0.45249330472077709,0.51802431056833143,-364.32376580984777,0,-500.08228122404142,136.83546576029363,-727.50505026774806,-1.1368683772161603e-13,0.00035051893792115152,0.00039644615026190877
2.0952515168464743,0,0.0013825373025611043,38,42,77,4.9840984344482422,-0.65848430077539355,0.36428457452295215,38.21492341004749,0,-196.80547596162145,-191.05564754854473,-349.94039982637111,5.6843418860808015e-14,0.00039644615026190877,0.00014331004058476537
2.0952515168464743,0,0.0013825373025611043,38,42,78,3.3427178859710693,-0.087235288594848137,1.3671593028068176,311.48611579496469,0,712.1935583014515,-195.43035953891513,829.52923857171311,1.1368683772161603e-13,0.00014331004058476537,0.00017972510249819607
2.0952515168464743,0,0.0013825373025611043,38,42,79,2.6453537940979004,0.54534841765743325,1.5644050706030403,-32.785507125562219,0,350.79523455265092,92.97280434627929,413.09228526162849,0,0.00017972510249819607,0.00028663664124906063
2.0952515168464743,0,0.0013825373025611043,38,42,80,3.6401097774505615,0.1131352515871422,0.60718846268979076,-273.27481383524037,0,-222.53881215789448,114.2226125924719,-380.87068968638602,-5.6843418860808015e-14,0.00028663664124906063,0.0004708447668235749
2.0952515168464743,0,0.0013825373025611043,38,42,81,4.3232073783874512,-0.87594730675262222,0.59623338179279806,18.215205325404675,0,-127.14567184564039,-125.3177016825244,-234.52788212771995,0,0.0004708447668235749,0.00049175269668921828
2.0952515168464743,0,0.0013825373025611043,38,42,82,3.4218590259552002,-0.26722813966598757,1.4414402944449287,262.9781683164357,0,267.47083611733171,-100.93775320701874,430.68546338152754,-5.6843418860808015e-14,0.00049175269668921828,0.00044991640606895089
2.0952515168464743,0,0.0013825373025611043,38,42,83,2.7052891254425049,0.45634299028158276,2.1655870436821445,140.50985823817217,0,365.57040697108977,-99.775267653286207,408.92692758993945,0,0.00044991640606895089,0.00025053037097677588
2.0952515168464743,0,0.0013825373025611043,38,42,84,2.6838455200195312,0.67185515545973129,2.277902357757156,-76.968925568198799,0,-7.1973738422461278,34.942339468023697,-46.274202429204344,0,0.00025053037097677588,0.00037372822407633066
2.0952515168464743,0,0.0013825373025611043,38,42,85,3.4076476097106934,0.13182001708501373,1.7183961980160669,-272.20062268938659,0,-252.17520955245095,36.148454875649477,-486.37716115108702,5.6843418860808015e-14,0.00037372822407633066,0.00044172670459374785
2.0952515168464743,0,0.0013825373025611043,38,42,86,3.999232292175293,-0.54240632608630668,1.8488876426680745,-33.8176204676612,0,-209.91650573156321,-76.570393582636441,-318.99803846527908,0,0.00044172670459374785,0.00043871148955076933
2.0952515168464743,0,0.0013825373025611043,38,42,87,3.2849607467651367,-0.070230942399758162,2.763555282734242,248.67033543969913,0,163.76922651368463,-60.325947033089271,354.80693926062895,0,0.00043871148955076933,0.00054181012092158198
2.0952515168464743,0,0.0013825373025611043,38,42,88,2.7417402267456055,0.81413652264816871,3.5435029161988076,127.9356653661342,0,243.32904111307727,-56.676214907411264,318.94613101064721,5.6843418860808015e-14,0.00054181012092158198,0.00061977480072528124
2.0952515168464743,0,0.0013825373025611043,38,42,89,2.8405463695526123,0.40980927348273666,3.6746693409891709,-103.92286297339024,0,-29.658815896556938,33.466167336299847,-96.031032919175416,0,0.00061977480072528124,0.00072323618223890662
2.0952515168464743,0,0.0013825373025611043,38,42,90,3.3195335865020752,-0.24114069622483508,3.742393358653509,-124.2933485911179,0,-99.205147902412492,-12.68800988219424,-232.68525371329596,2.8421709430404007e-14,0.00072323618223890662,0.0005888209561817348
2.0952515168464743,0,0.0013825373025611043,38,42,91,2.9744586944580078,-0.16335529797518589,4.0933186986591759,-59.22071488446565,0,51.472535693069283,-31.476094158718851,-35.294309949431224,7.1054273576010019e-15,0.0005888209561817348,0.00068381696473807096
2.0952515168464743,0,0.0013825373025611043,38,42,92,3.1259167194366455,-0.49190053305411252,3.9971195458367172,-181.96460008731967,0,-131.5041735345643,-2.8454252539069653,-312.80897986300835,0,0.00068381696473807096,0.0011884511914104223
2.0952515168464743,0,0.0013825373025611043,38,42,93,3.5328600406646729,-1.3398167129157736,3.9591599966486766,-70.603105700155055,0,-183.28884375548643,-33.049010749075542,-284.32161692098413,0,0.0011884511914104223,0.00066421908559277654
2.0952515168464743,0,0.0013825373025611043,38,42,94,2.978226900100708,-1.6278830118630958,4.760782441422359,286.84783719640734,0,191.43279573219894,-89.035770494964382,392.37776186320116,0,0.00066421908559277654,0.00079461518907919526
2.0952515168464743,0,0.0013825373025611043,38,42,95,1.741541862487793,-0.42448032381532186,5.6271248380649723,242.63544715118553,0,325.92052698299625,-69.662563316227263,504.09605533220417,5.6843418860808015e-14,0.00079461518907919526,0.00083325844025239348
2.0952515168464743,0,0.0013825373025611043,38,42,96,1.310857892036438,0.21667906572172815,4.9950190743358087,24.061433297083465,0,53.542625677790447,-43.511122057645288,39.304635057286163,7.1054273576010019e-15,0.00083325844025239348,0.00068867584923282266
2.0952515168464743,0,0.0013825373025611043,38,42,97,1.5670660734176636,-0.19453473230040152,2.4182776807325421,-10.741739008521877,0,28.950477458349489,-49.394340557624872,-28.961859159365119,0,0.00068867584923282266,0.00061335472855716944
2.0952515168464743,0,0.0013825373025611043,38,42,98,1.5145756006240845,0.16354648340484368,0.35932196325248478,19.580664547249242,0,57.905524842106772,-53.318526882793357,24.690530953219987,3.5527136788005009e-15,0.00061335472855716944,0.00042209020466543734
2.0952515168464743,0,0.0013825373025611043,38,42,99,1.2757754325866699,0.17617700964158101,0.0097241069470074062,18.759198898947069,0,58.919444707582286,-48.255394430992837,29.609150292125104,-3.5527136788005009e-15,0.00042209020466543734,0.00029050270677544177
2.0952515168464743,0,0.0013825373025611043,38,42,100,1.0720134973526001,0.076193401155532983,0.0033060559384737414,10.681036603105195,0,56.317777550426683,-42.371227455928619,24.707086154697262,-3.5527136788005009e-15,0.00029050270677544177,0.0002100900310324505
2.0952515168464743,0,0.0013825373025611043,38,42,101,0.91712045669555664,0.035960871245180895,0.002366144674868989,6.5602141478902025,0,51.113106748496222,-37.548835225610176,20.162812686696299,0,0.0002100900310324505,0.00015809513570275158
2.0952515168464743,0,0.0013825373025611043,38,42,102,0.79473996162414551,0.01843622983364215,0.0016541969590949069,4.2501599667562173,0,45.278950277894609,-33.567783507867404,15.981417163576165,3.5527136788005009e-15,0.00015809513570275158,0.00012272461026441306
2.0952515168464743,0,0.0013825373025611043,38,42,103,0.69486457109451294,0.010279324830928674,0.0014472762154757891,2.8828037947423795,0,39.756971447649676,-30.240748473484757,12.410753369953701,-1.7763568394002505e-15,0.00012272461026441306,9.7481686680112034e-05
2.0952515168464743,0,0.0013825373025611043,38,42,104,0.61272311210632324,0.0061166851599941223,0.0012555529978557423,2.0007650785350672,0,34.362088278745915,-27.424725947201498,8.9454996482373339,0,9.7481686680112034e-05,7.8698423749301583e-05
2.0952515168464743,0,0.0013825373025611043,38,42,105,0.54455620050430298,0.0037868402680416775,0.0010848726666778238,1.4190480641264813,0,29.44277913977924,-25.014693869646145,5.8520050471942984,1.7763568394002505e-15,7.8698423749301583e-05,6.4445332100149244e-05
2.0952515168464743,0,0.0013825373025611043,38,42,106,0.48761019110679626,0.002407524416033978,0.00099836338788496541,1.0206023035718119,0,24.793806956185655,-22.930872552449689,2.8869425951116989,8.8817841970012523e-16,6.4445332100149244e-05,5.3471168939722702e-05
2.0952515168464743,0,0.0013825373025611043,38,42,107,0.43995094299316406,0.0015812854104592449,0.00085457105690050572,0.74343201633896527,0,20.280078697160342,-21.113917634066624,-0.087971064099957016,-9.7144514654701197e-17,5.3471168939722702e-05,4.480723146116361e-05
2.0952515168464743,0,0.0013825373025611043,38,42,108,0.39977806806564331,0.0010643617298271163,0.00072480717982650585,0.55140892420409227,0,16.053738388779635,-19.51802207915944,-2.911085597266061,-2.2204460492503131e-15,4.480723146116361e-05,3.7895457353442907e-05
2.0952515168464743,0,0.0013825373025611043,38,42,109,0.36569532752037048,0.00071843480362654465,0.00068272157140340046,0.41105616792993882,0,12.101485823606707,-18.107230059519676,-5.5932869116079997,8.8817841970012523e-16,3.7895457353442907e-05,3.2343581551685929e-05
2.0952515168464743,0,0.0013825373025611043,38,42,110,0.33687132596969604,0.00050081841131265363,0.0005985504367877648,0.30646523359693428,0,8.218019258321787,-16.853626228906343,-8.3280423681395224,-1.7763568394002505e-15,3.2343581551685929e-05,2.7800027964985929e-05
2.0952515168464743,0,0.0013825373025611043,38,42,111,0.31237727403640747,0.00035268907532731188,0.00046644849776711751,0.23011298928376406,0,4.5504601123030204,-15.734770529067047,-10.953378289907169,-1.7763568394002505e-15,2.7800027964985929e-05,2.4047176339081489e-05
2.0952515168464743,0,0.0013825373025611043,38,42,112,0.29154282808303833,0.00025753810314877053,0.00034603695071028272,0.17313981544985413,0,1.0511906250513119,-14.732447927126396,-13.507513911571371,0,2.4047176339081489e-05,2.0887564460281283e-05
2.0952515168464743,0,0.0013825373025611043,38,42,113,0.27379655838012695,0.00019731627410053172,0.00023380876437022064,0.12994108659508474,0,-2.2600652329233015,-13.831741496753301,-15.961434518043045,1.7763568394002505e-15,2.0887564460281283e-05,1.8213706425740384e-05
2.0952515168464743,0,0.0013825373025611043,38,42,114,0.25874117016792297,0.00012306593974772343,0.00013560908333472798,0.095386414761653951,0,-5.4409919917682066,-13.020471955610962,-18.36581885759443,3.5527136788005009e-15,1.8213706425740384e-05,1.5959156371536665e-05
2.0952515168464743,0,0.0013825373025611043,38,42,115,0.24606387317180634,0.00011271416647020137,5.8452191092555161e-06,0.067158502867781439,0,-8.5224258698600242,-12.288367749657816,-20.743516557264478,0,1.5959156371536665e-05,1.4004865988681559e-05
2.0952515168464743,0,0.0013825373025611043,38,42,116,0.23551499843597412,7.4190727464559545e-05,-0.0001496376091969412,0.045106457150002464,0,-11.516923383944214,-11.62701116251772,-23.098903536193664,0,1.4004865988681559e-05,1.2275122571736574e-05
2.0952515168464743,0,0.0013825373025611043,38,42,117,0.22677402198314667,5.6054486281782313e-05,-0.00030395138340246489,0.028033905626560669,0,-14.364331813028144,-11.029170071670327,-25.36571587596903,0,1.2275122571736574e-05,1.0783826837723609e-05
2.0952515168464743,0,0.0013825373025611043,38,42,118,0.21959565579891205,3.0903977028487512e-05,-0.00045125088953747102,0.014593582552234967,0,-17.049324661994181,-10.489024289096283,-27.524175715450738,0,1.0783826837723609e-05,9.4902179625933059e-06
2.0952515168464743,0,0.0013825373025611043,38,42,119,0.21376146376132965,2.5228422723362977e-05,-0.00058569097273534099,0.0048609348087577326,0,-19.573270752839466,-10.001723658112793,-29.570693938693513,3.5527136788005009e-15,9.4902179625933059e-06,8.3673794506466947e-06
2.0952515168464743,0,0.0013825373025611043,38,42,120,0.20901820063591003,8.3758419358356265e-06,-0.00068739777752727051,-0.0020478439327360734,0,-21.876728720884852,-9.5631509346024579,-31.442606521355636,3.5527136788005009e-15,8.3673794506466947e-06,7.4134177339146845e-06
2.0952515168464743,0,0.0013825373025611043,38,42,121,0.20520356297492981,3.8417302460317763e-06,-0.00072597616968454195,-0.0063267599395582909,0,-23.985803187209733,-9.1698463401315529,-33.162698421720279,0,7.4134177339146845e-06,6.6079387579520699e-06
2.0952515168464743,0,0.0013825373025611043,38,42,122,0.20207636058330536,-1.0443529750995818e-05,-0.00072246903564928311,-0.0087949507848033483,0,-25.851895581852499,-8.8193524619807917,-34.680775907183495,0,6.6079387579520699e-06,5.9330950534786098e-06
2.0952515168464743,0,0.0013825373025611043,38,42,123,0.19952547550201416,-1.5376377500283135e-05,-0.00072831431386176468,-0.010303888419450982,0,-27.489491706105767,-8.509449006202054,-36.00998829141863,7.1054273576010019e-15,5.9330950534786098e-06,5.3619341997546144e-06
2.0952515168464743,0,0.0013825373025611043,38,42,124,0.19740502536296844,-2.5242237460008311e-05,-0.00074000470582557707,-0.010002100892521454,0,-28.852515071482973,-8.2384869195231865,-37.101769338841969,-7.1054273576010019e-15,5.3619341997546144e-06,4.8806737140694167e-06
2.0952515168464743,0,0.0013825373025611043,38,42,125,0.19558510184288025,-3.2655323820584623e-05,-0.00070025724157969432,-0.0072644568982321769,0,-29.929788761361767,-8.0047848142941529,-37.942570945119549,0,4.8806737140694167e-06,4.4885455281473696e-06
2.0952515168464743,0,0.0013825373025611043,38,42,126,0.19385810196399689,-3.1770522830681115e-05,-0.00061491703487544735,-0.0031472127808364922,0,-30.678900850082584,-7.8071247622812745,-38.489819512702404,0,4.4885455281473696e-06,4.1876769500959199e-06
2.0952515168464743,0,0.0013825373025611043,38,42,127,0.19213223457336426,-3.8555573172634002e-05,-0.00050035072491580641,0.0043004722587457545,0,-31.10127405027238,-7.6446660696595332,-38.742178553971257,0,4.1876769500959199e-06,3.9071869650797453e-06
2.0952515168464743,0,0.0013825373025611043,38,42,128,0.18994350731372833,-4.9902138543599415e-05,-0.00032733227011830885,0.015962404549379604,0,-30.933825085330341,-7.5192517959683913,-38.43749171115801,7.1054273576010019e-15,3.9071869650797453e-06,3.5428372484602733e-06
2.0952515168464743,0,0.0013825373025611043,38,42,129,0.18710978329181671,-8.1264602423325837e-05,-9.1185412964975084e-05,0.030070971433334974,0,-30.125584197583258,-7.4319920881819108,-37.527677764347224,-7.1054273576010019e-15,3.5428372484602733e-06,2.9695968351006741e-06
2.0952515168464743,0,0.0013825373025611043,38,42,130,0.18332339823246002,-0.00017090962599764767,6.312836637995957e-05,0.058977905262798919,0,-28.574795099826076,-7.3834797432279897,-35.899404719050885,0,2.9695968351006741e-06,1.9562930901884101e-06
2.0952515168464743,0,0.0013825373025611043,38,42,131,0.17643137276172638,9.7860449076038835e-05,0.00018237082592995017,0.13104045544318518,0,-24.450577534933128,-7.3943872067012997,-31.713644054916237,0,1.9562930901884101e-06,1.0604608178255148e-06
2.0952515168464743,0,0.0013825373025611043,38,42,132,0.16093486547470093,-1.6962111913786781e-07,0.00014028525862213237,0.087583051565333331,0,-13.860993330613541,-7.5094544794691434,-21.282724642879849,0,1.0604608178255148e-06,1.0604608178255148e-06
2.0966340541490354,0,0.0013548510614782572,38,42,0,0.0091868136078119278,6.8739849057602444e-07,4.8492533391670554,-3.8714049273754902,0,-154.62736488710081,125.40359141652378,-28.245921621793006,2.7495939711741357e-06,0.0003732000186573714,0.0003732000186573714
2.0966340541490354,0,0.0013548510614782572,38,42,1,0.25357398390769958,-0.1950967521967967,9.6522042034074005,-25.060283300976913,0,-147.03876051053774,47.773711166496334,-114.8682251938077,1.4210854715202004e-14,0.0003732000186573714,0.00012013811647193506
2.0966340541490354,0,0.0013548510614782572,38,42,2,0.47580546140670776,-0.39066024796869447,9.6715077278197565,-6.9097516240218964,0,-150.74523516847535,55.146362433260052,-93.227776879386141,-1.4210854715202004e-14,0.00012013811647193506,0.00035863023367710412
2.0966340541490354,0,0.0013548510614782572,38,42,3,0.34682151675224304,-0.36657586705438233,9.7329247207572518,12.553854148819367,0,-61.801237695352206,61.505557359021871,21.624522666191904,3.5527136788005009e-15,0.00035863023367710412,0.00022098913905210793
2.0966340541490354,0,0.0013548510614782572,38,42,4,0.41532179713249207,-0.31403593822418507,9.4054253956966445,-13.271124228201863,0,-230.41190464201918,85.332510288207288,-149.25913462372924,-5.4991879494536988e-06,0.00022098913905210793,0.00012437150871846825
2.0966340541490354,0,0.0013548510614782572,38,42,5,0.71644860506057739,-0.51191596690932406,8.6287613371344172,3.0655113101969893,0,-60.749001081105973,61.406791943895911,11.840147543212018,-1.7763568394002505e-15,0.00012437150871846825,0.00043278091470710933
2.0966340541490354,0,0.0013548510614782572,38,42,6,0.64727163314819336,-0.36979220459178752,7.9096187842635928,22.671788014554288,0,231.89296793062638,83.330118485159318,345.43470101001179,-5.6843418860808015e-14,0.00043278091470710933,0.00027689809212461114
2.0966340541490354,0,0.0013548510614782572,38,42,7,0.74482560157775879,-0.19289295263600995,6.5940796773901402,-0.46963064876153993,0,92.595986177103754,102.3007770524387,200.82831930553505,0,0.00027689809212461114,0.0003292588226031512
2.0966340541490354,0,0.0013548510614782572,38,42,8,1.0278308391571045,0.0071231668585940537,4.5279911243106898,-20.193721955215644,0,-63.59604065343413,110.57432728176344,31.319678964282947,-1.0658141036401503e-14,0.0003292588226031512,0.00038992625195533037
2.0966340541490354,0,0.0013548510614782572,38,42,9,1.2350585460662842,0.045175141402165754,2.5942590883961807,-66.730841731481178,0,-301.55619663102561,113.40077789450186,-252.24682623820661,0,0.00038992625195533037,0.00046515630674548447
2.0966340541490354,0,0.0013548510614782572,38,42,10,1.8766652345657349,-0.47989247712810412,1.4807446794067958,-85.594024169962026,0,-396.81585745829938,116.76148561249182,-364.64754381349093,-5.6843418860808015e-14,0.00046515630674548447,0.00024912355002015829
2.0966340541490354,0,0.0013548510614782572,38,42,11,1.9356564283370972,-0.45258093215016015,1.9524954369628948,59.268751672311637,0,289.03080627890404,34.963748837652112,384.76322129368054,0,0.00024912355002015829,0.00047762857866473496
2.0966340541490354,0,0.0013548510614782572,38,42,12,1.1441820859909058,0.093723519047210699,2.7414818008671875,37.702080463086617,0,268.64377686976258,68.286627985607936,377.46769063837149,-5.6843418860808015e-14,0.00047762857866473496,0.00024249944544862956
2.0966340541490354,0,0.0013548510614782572,38,42,13,1.5757856369018555,-0.16984980858529783,2.3173486833998935,-84.221866799013796,0,-476.44678221033331,146.93992910515666,-411.5812210293758,0,0.00024249944544862956,8.3139908383600414e-05
2.0966340541490354,0,0.0013548510614782572,38,42,14,2.3151021003723145,-0.23123311899675564,2.4133108874812876,2.6455933202739077,0,-20.475104402941998,21.40882251903707,5.7613892048535149,3.5527136788005009e-15,8.3139908383600414e-05,0.00038959836820140481
2.0966340541490354,0,0.0013548510614782572,38,42,15,1.5730526447296143,-0.055375791303068668,3.372221986406351,68.218877990376768,0,384.23274762972113,11.324279722380371,467.09275153758153,0,0.00038959836820140481,0.00032402080250903964
2.0966340541490354,0,0.0013548510614782572,38,42,16,1.5464881658554077,0.14154187949526392,3.3388721612375649,-79.268814225574289,0,-109.97170427223317,100.52999454721147,-85.23010990986316,1.4210854715202004e-14,0.00032402080250903964,0.000192785490071401
2.0966340541490354,0,0.0013548510614782572,38,42,17,2.249643087387085,-0.18649567858346419,3.2649850722825291,-58.73467054107369,0,-356.42788562582734,93.497281081195339,-318.58678569200663,0,0.000192785490071401,0.00027293493621982634
2.0966340541490354,0,0.0013548510614782572,38,42,18,1.8815321922302246,-0.26312583121514355,4.4569385230315444,98.800433954667099,0,163.35192551487435,30.332992670098044,296.67916483145592,0,0.00027293493621982634,0.00034436737769283354
2.0966340541490354,0,0.0013548510614782572,38,42,19,1.1905217170715332,0.099579294938805213,6.0932981912311668,60.019632788289343,0,195.91758848236333,61.689362216213979,323.8194609730366,0,0.00034436737769283354,0.00058241450460627675
2.0966340541490354,0,0.0013548510614782572,38,42,20,0.82812851667404175,0.47604682627257655,7.1699360770958647,-18.549904700791764,0,-68.536775045922511,87.363926805121324,7.9232299617754887,-1.7763568394002505e-15,0.00058241450460627675,0.00063696689903736115
2.0966340541490354,0,0.0013548510614782572,38,42,21,1.0081453323364258,0.057220425152529432,7.5115098862510159,-63.12750984225751,0,-349.40709439923177,108.52607775061217,-296.43979617947355,5.6843418860808015e-14,0.00063696689903736115,0.00039912189822643995
2.0966340541490354,0,0.0013548510614782572,38,42,22,1.2401455640792847,-0.2011946642066966,7.7950892595532491,3.9661023182342245,0,-172.14059567547298,19.215570400689735,-141.36502836120246,0,0.00039912189822643995,0.00052695127669721842
2.0966340541490354,0,0.0013548510614782572,38,42,23,0.90059381723403931,-0.013937691794919473,8.4698409926996554,81.083942182225556,0,117.70004301396055,12.50216178232805,219.74205027941889,0,0.00052695127669721842,0.00055256445193663239
2.0966340541490354,0,0.0013548510614782572,38,42,24,0.62629908323287964,0.17569355500330724,9.0068944350108548,23.84654653576079,0,34.551441723816694,59.540279575277097,127.12085582486874,0,0.00055256445193663239,0.00036831520264968276
2.0966340541490354,0,0.0013548510614782572,38,42,25,0.81096547842025757,-0.076929514674325197,9.0881188154542993,-47.766870176718122,0,-140.15269938809504,72.4486333744684,-106.4597468895648,-1.4210854715202004e-14,0.00036831520264968276,0.00054507044842466712
2.0966340541490354,0,0.0013548510614782572,38,42,26,1.0225546360015869,-0.53798967905536321,9.0400861585268082,-11.471569971753077,0,-115.39825892273315,54.100614860764857,-64.267117554249921,0,0.00054507044842466712,0.00069071940379217267
2.0966340541490354,0,0.0013548510614782572,38,42,27,0.93111896514892578,-0.40703614220968715,9.1249647493461552,59.717045471925701,0,11.463475167128054,33.931045338914096,113.82949458510431,-1.4210854715202004e-14,0.00069071940379217267,0.00053954991744831204
2.0966340541490354,0,0.0013548510614782572,38,42,28,0.86640244722366333,-0.12750348382147506,8.9469690967979094,-11.866191697222961,0,7.5371429759645965,37.255898351635608,41.746315243353671,-7.1054273576010019e-15,0.00053954991744831204,0.00026855958276428282
2.0966340541490354,0,0.0013548510614782572,38,42,29,1.1840620040893555,-0.31350045480002631,8.5592027964745387,-41.268721770477299,0,-114.46885216997096,46.347287809108067,-101.14458378966569,-1.4210854715202004e-14,0.00026855958276428282,0.00018602643103804439
2.0966340541490354,0,0.0013548510614782572,38,42,30,1.2625248432159424,-0.64810954244866126,8.3193447167669046,5.523384351476472,0,59.95549026033671,58.171993632627782,131.32210341875921,0,0.00018602643103804439,0.00051261897897347808
2.0966340541490354,0,0.0013548510614782572,38,42,31,1.4299929141998291,-0.87453791784591306,7.5435130977767644,-41.313683130948895,0,-84.772841435556131,66.003805094344585,-53.413744292229595,-1.4210854715202004e-14,0.00051261897897347808,0.0006017453852109611
2.0966340541490354,0,0.0013548510614782572,38,42,32,1.7955809831619263,-0.32408707895338768,6.0486977149671226,-13.7534250059417,0,-17.121215677978554,35.457707893792119,10.307677845885602,1.7763568394002505e-15,0.0006017453852109611,0.00025746837491169572
2.0966340541490354,0,0.0013548510614782572,38,42,33,1.6885347366333008,-0.47206060242572617,4.3709408474695399,-35.871334812729451,0,52.115671981001682,50.729260714952858,70.872478128268895,-1.4210854715202004e-14,0.00025746837491169572,0.00044862512731924653
2.0966340541490354,0,0.0013548510614782572,38,42,34,2.2026302814483643,-0.20240551664784626,3.0538884328190847,-59.904193835375963,0,-66.754686210322291,62.497698847627987,-61.309698281899024,7.1054273576010019e-15,0.00044862512731924653,0.00031028225203044713
2.0966340541490354,0,0.0013548510614782572,38,42,35,1.7051842212677002,-0.041837821730419153,3.3119629162262303,60.456576264027014,0,364.22626202496252,27.627920133231576,455.58088351671694,5.6843418860808015e-14,0.00031028225203044713,0.00018479482969269156
2.0966340541490354,0,0.0013548510614782572,38,42,36,1.2840769290924072,0.16097188522988581,3.7521622549145124,0.49202334199054448,0,15.342646322650072,54.951053274929663,74.698857079714685,0,0.00018479482969269156,0.00052832724759355187
2.0966340541490354,0,0.0013548510614782572,38,42,37,1.8015193939208984,-0.086005236945400451,2.9345845818924459,-97.544507419693389,0,-384.74078460694813,55.854239899667313,-423.58247278202714,0,0.00052832724759355187,0.00045396250789053738
2.0966340541490354,0,0.0013548510614782572,38,42,38,2.0006725788116455,-0.23100086423175228,1.4080910411182874,-29.525095973718006,0,-400.67417569321128,41.190677295451259,-387.8315041945915,-5.6843418860808015e-14,0.00045396250789053738,0.00040874068508855999
2.0966340541490354,0,0.0013548510614782572,38,42,39,1.6201795339584351,0.6157123656630018,0.85938980323390057,72.53200106340546,0,366.76354333987337,33.663300877240772,474.43394744941651,0,0.00040874068508855999,0.00032826128881424665
2.0966340541490354,0,0.0013548510614782572,38,42,40,0.63059532642364502,0.74096479127746306,1.2258967585896026,22.190543080895974,0,338.68578963440882,55.524288624190824,418.36748288936269,0,0.00032826128881424665,0.00026138222892768681
2.0966340541490354,0,0.0013548510614782572,38,42,41,1.1560724973678589,0.30287873036123991,0.50290627785574982,-62.914317324796301,0,-539.67481720785258,116.01907324591801,-485.76425428176225,2.1996751627284539e-05,0.00026138222892768681,0.00017375640163663775
2.0966340541490354,0,0.0013548510614782572,38,42,42,2.1558935642242432,-0.23559400724277418,0.10062193882119064,-22.465898418656959,0,-410.74974381517507,25.028695965537963,-408.32191833671561,5.6843418860808015e-14,0.00017375640163663775,5.7939610996982083e-05
2.0966340541490354,0,0.0013548510614782572,38,42,43,1.8440502882003784,-0.20619265270686354,1.0157611022159836,87.429169170658881,0,397.91719082233652,11.448165427945945,497.60409387045047,0,5.7939610996982083e-05,0.0003769407921936363
2.0966340541490354,0,0.0013548510614782572,38,42,44,1.1645861864089966,0.36679772491721574,1.5892414231142211,14.01659414326175,0,197.93662632725909,80.651618024344558,294.56087764289686,0,0.0003769407921936363,0.00030437952955253422
2.0966340541490354,0,0.0013548510614782572,38,42,45,1.5676242113113403,0.12938317499395519,0.96922259183257176,-94.101135908820709,0,-486.4804245235598,124.00589581685367,-455.47705884870032,-5.6843418860808015e-14,0.00030437952955253422,0.00023731312830932438
2.0966340541490354,0,0.0013548510614782572,38,42,46,2.4572024345397949,-0.39342002402114024,0.59350247747008489,-72.603710473942357,0,-460.96982372181259,24.597823593269062,-508.77562814903695,-5.6843418860808015e-14,0.00023731312830932438,0.00018856895621865988
2.0966340541490354,0,0.0013548510614782572,38,42,47,2.2897806167602539,-0.30765163881814889,1.4090729898620753,102.4230349983786,0,309.0265574688338,9.0232435207107144,421.57425733896702,0,0.00018856895621865988,0.00042272431892342865
2.0966340541490354,0,0.0013548510614782572,38,42,48,1.4628686904907227,0.42523415799957415,2.1258611169778665,63.172735163749493,0,474.2334250609336,31.034777036284844,570.99203253594533,0,0.00042272431892342865,0.00032573516364209354
2.0966340541490354,0,0.0013548510614782572,38,42,49,1.551396369934082,0.35469710558836071,1.7789878091596192,-81.407426412702705,0,-195.78384823203686,106.86109962105439,-168.19649010893718,2.8421709430404007e-14,0.00032573516364209354,0.00040417554555460811
2.0966340541490354,0,0.0013548510614782572,38,42,50,2.5350549221038818,-0.53938595723934579,1.266158633355565,-113.32497708814905,0,-583.17321771748982,125.04889379538656,-570.7225283341362,-1.1368683772161603e-13,0.00040417554555460811,0.00036193526466377079
2.0966340541490354,0,0.0013548510614782572,38,42,51,2.6387412548065186,-0.48349083637664692,1.7522634743422498,90.831098801331692,0,33.689696979278885,-34.759970929917834,91.029597488658354,1.4210854715202004e-14,0.00036193526466377079,0.00031754656811244786
2.0966340541490354,0,0.0013548510614782572,38,42,52,1.8000835180282593,0.25574488992258348,2.8703454744518901,111.48182526983398,0,475.67025288187523,-24.465667109064878,565.81250140701877,-1.1368683772161603e-13,0.00031754656811244786,0.00056892976863309741
2.0966340541490354,0,0.0013548510614782572,38,42,53,1.5321500301361084,0.64797996783318768,3.4082210453578177,-29.539437855825383,0,19.031677556490838,97.109675632118766,90.658116345975216,-1.4210854715202004e-14,0.00056892976863309741,0.00057307648239657283
2.0966340541490354,0,0.0013548510614782572,38,42,54,2.2052731513977051,-0.45534891402208716,3.2188448233995945,-142.19879323757988,0,-474.84018345978313,124.42612176130054,-489.84935902668497,5.6843418860808015e-14,0.00057307648239657283,0.00040918876766227186
2.0966340541490354,0,0.0013548510614782572,38,42,55,2.714017391204834,-0.72849014124492339,3.5120470881714017,-67.737325102194674,0,-219.95590269943105,-27.805477912941324,-312.71514876764058,0,0.00040918876766227186,0.00035778511664830148
2.0966340541490354,0,0.0013548510614782572,38,42,56,2.2702474594116211,-0.3745465962518566,4.5880683775900533,137.242485144889,0,317.59209258020348,-46.225029863168174,412.8230696432625,0,0.00035778511664830148,0.00069093611091375351
2.0966340541490354,0,0.0013548510614782572,38,42,57,1.6712354421615601,0.11724303025189202,5.4198672942844022,72.981614668121438,0,221.90191132868802,1.3051992587782075,301.72583558012394,0,0.00069093611091375351,0.00039959824061952531
2.0966340541490354,0,0.0013548510614782572,38,42,58,1.9740071296691895,0.20998374130720165,5.3976921626776644,-106.91846714948392,0,-275.77617961447601,101.1246987261303,-275.96227213384475,0,0.00039959824061952531,0.00083869480295106769
2.0966340541490354,0,0.0013548510614782572,38,42,59,2.683293342590332,-1.1601592083644023,5.1422751618350855,-113.35506864447251,0,-333.65852002073882,71.529741069018073,-371.50173164272258,0,0.00083869480295106769,0.0006016135448589921
2.0966340541490354,0,0.0013548510614782572,38,42,60,2.4649248123168945,-0.56270199849081659,5.7065983896659258,150.84087704486015,0,231.21120060848514,-81.757702686748559,305.43827135777184,-5.6843418860808015e-14,0.0006016135448589921,0.00052100804168730974
2.0966340541490354,0,0.0013548510614782572,38,42,61,1.6704113483428955,0.52533536024234917,6.3424904550423342,101.76225257735767,0,284.44201991359057,-8.5620156310979763,384.51008267513498,0,0.00052100804168730974,0.00057116139214485884
2.0966340541490354,0,0.0013548510614782572,38,42,62,1.8895268440246582,0.32771654298362907,6.138976508328434,-156.67723117950192,0,-239.16065069828517,122.5485670233291,-266.82262180314592,0,0.00057116139214485884,0.00048505596350878477
2.0966340541490354,0,0.0013548510614782572,38,42,63,2.8773446083068848,-0.78165629010003534,5.6855241267418464,-248.19586045191983,0,-565.82578744504463,192.17523712240558,-616.9425429379171,0,0.00048505596350878477,0.00065221369732171297
2.0966340541490354,0,0.0013548510614782572,38,42,64,3.2703742980957031,-1.621042367634117,5.8025368784993949,40.900936082079504,0,-124.30980293831922,-178.85506013791618,-258.08243248329063,0,0.00065221369732171297,0.00059812999097630382
2.0966340541490354,0,0.0013548510614782572,38,42,65,2.7544996738433838,-0.8013959688546618,6.2136527307506508,231.83168498039453,0,306.67149724499279,-141.78243872143193,402.13300026585136,0,0.00059812999097630382,0.00060593197122216225
2.0966340541490354,0,0.0013548510614782572,38,42,66,2.2286529541015625,-0.063039253375255469,6.5138946434644476,152.82287235989574,0,481.40982130904388,-72.431255940626642,568.25229311840212,0,0.00060593197122216225,0.00044618081301450729
2.0966340541490354,0,0.0013548510614782572,38,42,67,2.0791468620300293,0.23520645412190772,6.3013482805843779,-75.289689830334581,0,87.322968853458846,104.8285997641192,123.39843352194976,0,0.00044618081301450729,0.00073731003794819117
2.0966340541490354,0,0.0013548510614782572,38,42,68,2.9844868183135986,-0.94442400388655101,5.3620756409862036,-291.33377819472315,0,-315.57525441047761,125.58420674471962,-476.9071742233815,0,0.00073731003794819117,0.00058357149828225374
2.0966340541490354,0,0.0013548510614782572,38,42,69,3.8143301010131836,-1.5259229141021691,4.6380233443964389,-103.13484988333988,0,-263.15963472331612,-90.612539076456073,-453.7949232528178,0,0.00058357149828225374,0.00034788603079505265
2.0966340541490354,0,0.0013548510614782572,38,42,70,3.4863057136535645,-0.67090608229087922,4.4511798421767432,205.80002512441484,0,356.5284547745926,-170.07466075595619,396.03409290293712,0,0.00034788603079505265,0.00024417121312581003
2.0966340541490354,0,0.0013548510614782572,38,42,71,2.8236019611358643,-0.13906724492919023,3.9240923031819159,78.200036054050827,0,473.09944851737595,-115.46922044371229,439.61528918596724,5.6843418860808015e-14,0.00024417121312581003,0.00050128513248637319
2.0966340541490354,0,0.0013548510614782572,38,42,72,3.3519349098205566,0.13122282520435927,2.3660244016153178,-254.85119764579764,0,-161.25625098706126,85.921423822241493,-327.68877758379773,0,0.00050128513248637319,0.00035931196180172265
2.0966340541490354,0,0.0013548510614782572,38,42,73,4.7761325836181641,-0.62564518792701407,0.81393738246559866,-248.37570589380621,0,-486.43511121506106,106.68741326964357,-627.93511164468509,0,0.00035931196180172265,0.00030161507311277092
2.0966340541490354,0,0.0013548510614782572,38,42,74,4.5589890480041504,-0.40511520712777244,0.98301386774899846,219.65252350000628,0,482.31028033657094,-285.54775262796738,416.99294986923104,-5.6843418860808015e-14,0.00030161507311277092,0.00024142881738953292
2.0966340541490354,0,0.0013548510614782572,38,42,75,3.1662547588348389,0.21722720290164652,1.7684635664192776,200.17096837777908,0,566.60746401340009,-144.13433141302838,624.62979174747181,1.1368683772161603e-13,0.00024142881738953292,9.5960429462138563e-05
2.0966340541490354,0,0.0013548510614782572,38,42,76,3.2842366695404053,0.30765636468277163,1.402635073373774,-162.15107884615352,0,-223.25611935025032,111.15046620224879,-272.5464405560985,-5.6843418860808015e-14,9.5960429462138563e-05,0.00034846030757762492
2.0966340541490354,0,0.0013548510614782572,38,42,77,4.5002927780151367,-0.51481073084035667,0.40183541411720591,-259.02670904020096,0,-655.88787980699908,109.37647217127358,-805.65109199264964,0,0.00034846030757762492,0.00027423826395533979
2.0966340541490354,0,0.0013548510614782572,38,42,78,4.4895730018615723,-0.4217800235468353,0.63048520366156557,145.03144693429724,0,300.30071003108588,-293.81501178630634,151.7258503591915,0,0.00027423826395533979,0.00021279508655425161
2.0966340541490354,0,0.0013548510614782572,38,42,79,3.2164692878723145,0.080786335755324637,1.6822973063774598,209.04604177904915,0,682.00207147535139,-231.05106425612055,661.76013264041273,-1.1368683772161603e-13,0.00021279508655425161,0.00017273046250920743
2.0966340541490354,0,0.0013548510614782572,38,42,80,3.113541841506958,0.32615795283105925,1.3705834861792519,-114.38874000028527,0,103.4266147978679,24.182348947189066,14.916965183782001,-7.1054273576010019e-15,0.00017273046250920743,0.00033924350282177329
2.0966340541490354,0,0.0013548510614782572,38,42,81,3.9989638328552246,-0.092934643354463387,0.49732292657845167,-192.01703648419044,0,-244.40889967951765,52.547424223338517,-383.47412365714558,0,0.00033924350282177329,0.00040185710531659424
2.0966340541490354,0,0.0013548510614782572,38,42,82,4.0172977447509766,-0.39129892709125097,0.6281599493799751,54.20281176915578,0,95.835799747759125,-189.29401459793806,-39.018542058734418,7.1054273576010019e-15,0.00040185710531659424,0.00051443459233269095
2.0966340541490354,0,0.0013548510614782572,38,42,83,3.2706458568572998,0.15638040701208325,1.6100467413788628,197.92483606834872,0,423.67820264541871,-138.57214479155587,484.79732107060255,-5.6843418860808015e-14,0.00051443459233269095,0.00043074056156910956
2.0966340541490354,0,0.0013548510614782572,38,42,84,2.6198697090148926,0.47732934000636873,2.4630204530265383,121.30962198066658,0,299.14104128154452,-127.38142934548837,296.00958370975559,-5.6843418860808015e-14,0.00043074056156910956,0.0003257972130086273
2.0966340541490354,0,0.0013548510614782572,38,42,85,2.735213041305542,0.58316499230715169,2.4430601193564367,-111.53285773377435,0,-48.876254351876881,-3.7373361005705235,-161.12022307455817,0,0.0003257972130086273,0.00043901018216274679
2.0966340541490354,0,0.0013548510614782572,38,42,86,3.5582056045532227,-0.19959646271610734,1.8629028391448006,-215.71299325782377,0,-325.28884398649194,8.2523013671840424,-531.08622950070298,0,0.00043901018216274679,0.00027039679116569459
2.0966340541490354,0,0.0013548510614782572,38,42,87,3.7754945755004883,-0.39415515374440563,2.0113563386131839,11.248082974497001,0,-35.565403990107647,-148.54635188169323,-171.2464717124351,0,0.00027039679116569459,0.00036735335015691817
2.0966340541490354,0,0.0013548510614782572,38,42,88,3.1826951503753662,0.12671778734674666,3.0307839384530886,204.20112523695914,0,226.37789835129192,-99.218372236937327,334.51815307711354,-5.6843418860808015e-14,0.00036735335015691817,0.00056125834817066789
2.0966340541490354,0,0.0013548510614782572,38,42,89,2.7077798843383789,0.43889637484939531,3.8295292987280893,94.020451823590861,0,178.45577510108623,-71.220730701158487,205.5239218970961,2.8421709430404007e-14,0.00056125834817066789,0.00069285999052226543
2.0966340541490354,0,0.0013548510614782572,38,42,90,2.9978375434875488,-0.12934433697923764,4.0415986070556986,9.7375220418622241,0,-159.0155738720521,-12.572287426742655,-157.93808498685607,0,0.00069285999052226543,0.00045498911640606821
2.0966340541490354,0,0.0013548510614782572,38,42,91,2.9256629943847656,-0.11438757692203921,4.3275574102330605,82.997263638458634,0,-16.356080666900269,-113.24948423632004,-42.395131431450643,7.1054273576010019e-15,0.00045498911640606821,0.00024086238408926874
2.0966340541490354,0,0.0013548510614782572,38,42,92,2.6934466361999512,0.18320888270077493,4.5242719547774284,-21.103683579476414,0,33.441045698079805,-43.475435900864078,-26.430592944782482,0,0.00024086238408926874,0.00085380295058712363
2.0966340541490354,0,0.0013548510614782572,38,42,93,3.1397747993469238,-0.93983939965365426,4.2011657934700928,-205.66575695204759,0,-226.93538402633698,-0.70284021026832433,-430.04265479483649,-5.6843418860808015e-14,0.00085380295058712363,0.0011883252300322056
2.0966340541490354,0,0.0013548510614782572,38,42,94,3.5207037925720215,-2.3258378829088846,4.321559171004294,21.033469948055014,0,-168.89070759253974,-108.53549236033911,-254.39700871672841,0,0.0011883252300322056,0.00087225966854020953
2.0966340541490354,0,0.0013548510614782572,38,42,95,2.4384734630584717,-1.0169919751381713,5.2387845351149789,338.88547614632722,0,250.95988428333808,-122.58015435876806,471.48699863087404,0,0.00087225966854020953,0.00083638454088941216
2.0966340541490354,0,0.0013548510614782572,38,42,96,1.365198016166687,0.21150907855778986,5.2886467031251367,129.75197528252508,0,256.15138164518862,-94.670323855769368,296.73318885362727,0,0.00083638454088941216,0.00073399231769144535
2.0966340541490354,0,0.0013548510614782572,38,42,97,1.5270252227783203,0.16925813033453452,2.8937455501688336,-11.33131868292387,0,103.61279530424343,-94.867326763980529,0.47715353784240394,6.2727600891321345e-15,0.00073399231769144535,0.00055521453032270074
2.0966340541490354,0,0.0013548510614782572,38,42,98,1.5487111806869507,0.079351863992709451,0.52089549635412435,13.302491596123829,0,140.01328397583038,-101.71887498300836,52.197147949292678,-7.1054273576010019e-15,0.00055521453032270074,0.00042524037417024374
2.0966340541490354,0,0.0013548510614782572,38,42,99,1.3167111873626709,0.18068204478409758,0.014033201250429408,20.071420015772357,0,133.61530877682424,-93.594330749688822,60.287113288942287,-7.1054273576010019e-15,0.00042524037417024374,0.00029447540873661637
2.0966340541490354,0,0.0013548510614782572,38,42,100,1.1061719655990601,0.081858990556283248,0.0051601591627168462,11.417545949581726,0,119.28873640862815,-83.35325906794607,47.440042439982811,7.1054273576010019e-15,0.00029447540873661637,0.00021231124992482364
2.0966340541490354,0,0.0013548510614782572,38,42,101,0.94499629735946655,0.03745470211769001,0.0039431845787604863,7.0870454427112648,0,106.59656668512905,-75.27398414962191,38.451025864914854,0,0.00021231124992482364,0.00015950655506458133
2.0966340541490354,0,0.0013548510614782572,38,42,102,0.81683486700057983,0.01922348108724015,0.0035211601689393492,4.6443061666003045,0,94.848981473064029,-68.609540300540928,30.906491980379585,0,0.00015950655506458133,0.00012366510054562241
2.0966340541490354,0,0.0013548510614782572,38,42,103,0.71202290058135986,0.010788662250145686,0.0032452653334544301,3.1833699057971923,0,84.875566265987814,-62.93930563472572,25.133664464642884,0,0.00012366510054562241,9.8043616162613034e-05
2.0966340541490354,0,0.0013548510614782572,38,42,104,0.62509059906005859,0.0064182289659069254,0.0031283612712129025,2.2381694853155358,0,76.022665590429767,-58.015552734548528,20.254828931433892,-7.1054273576010019e-15,9.8043616162613034e-05,7.9006946180015802e-05
2.0966340541490354,0,0.0013548510614782572,38,42,105,0.55264681577682495,0.0039963696874622465,0.0029985973526393782,1.608094529665627,0,68.189930265141626,-53.685536156215434,16.119483605631924,-3.5527136788005009e-15,7.9006946180015802e-05,6.4504914917051792e-05
2.0966340541490354,0,0.0013548510614782572,38,42,106,0.49160149693489075,0.0025209883166315548,0.0030441898630719391,1.1810275954405545,0,61.178399671011086,-49.84327555004338,12.521716894587957,-3.5527136788005009e-15,6.4504914917051792e-05,5.3300740546546876e-05
2.0966340541490354,0,0.0013548510614782572,38,42,107,0.43982931971549988,0.0016736360907665027,0.0030336687726981132,0.87954011666183485,0,54.67305832696487,-46.411650304577677,9.145655443912494,-1.7763568394002505e-15,5.3300740546546876e-05,4.4527336285682395e-05
2.0966340541490354,0,0.0013548510614782572,38,42,108,0.39575338363647461,0.0011294692260073438,0.0029179330865042883,0.66419191753417783,0,48.655516948583106,-43.331885099280107,5.9918711691496931,3.5527136788005009e-15,4.4527336285682395e-05,3.7513222196139395e-05
2.0966340541490354,0,0.0013548510614782572,38,42,109,0.35796239972114563,0.00077709090348822079,0.0029623568852453525,0.51045661991383118,0,43.098543557263127,-40.556576934240539,3.0561626907251558,3.5527136788005009e-15,3.7513222196139395e-05,3.1846266210777685e-05
2.0966340541490354,0,0.0013548510614782572,38,42,110,0.32535749673843384,0.00051949872410247673,0.0030219782993452012,0.39574355980650422,0,37.782280619779101,-38.047671429020696,0.13389422758836034,3.5527136788005009e-15,3.1846266210777685e-05,2.7245323508395813e-05
2.0966340541490354,0,0.0013548510614782572,38,42,111,0.29723381996154785,0.00040410002427805543,0.0029833997372805932,0.30846044906712289,0,32.719442258612716,-35.773867205953692,-2.7425769985122979,4.4408920985006262e-16,2.7245323508395813e-05,2.3446838895324618e-05
2.0966340541490354,0,0.0013548510614782572,38,42,112,0.27286818623542786,0.0002889161364819392,0.0029226096114892473,0.24244819722012614,0,27.868740570826017,-33.708944137015017,-5.5945438432209018,2.6645352591003757e-15,2.3446838895324618e-05,2.0289327949285507e-05
2.0966340541490354,0,0.0013548510614782572,38,42,113,0.25172927975654602,0.00020741980938096156,0.0028501286767011955,0.19178967805863545,0,23.213919956913863,-31.830476533848103,-8.4217093503895235,0,2.0289327949285507e-05,1.7623800886212848e-05
2.0966340541490354,0,0.0013548510614782572,38,42,114,0.23334974050521851,0.0001507819329679925,0.0028407762980188658,0.15259146653202821,0,18.689540080573416,-30.119778155885136,-11.274655050548708,-1.7763568394002505e-15,1.7623800886212848e-05,1.5360827092081308e-05
2.0966340541490354,0,0.0013548510614782572,38,42,115,0.2173851877450943,0.00012246299476150794,0.0028361001086777012,0.12112511322742012,0,14.236748632635514,-28.560637397124371,-14.199805088157998,0,1.5360827092081308e-05,1.3444850083033089e-05
2.0966340541490354,0,0.0013548510614782572,38,42,116,0.20357990264892578,9.3620116592235732e-05,0.0027659576042040261,0.095542891002142791,0,9.7986400164563197,-27.139526255271271,-17.242483770092015,-3.5527136788005009e-15,1.3444850083033089e-05,1.1787928087869659e-05
2.0966340541490354,0,0.0013548510614782572,38,42,117,0.19170497357845306,8.0189833631950688e-05,0.0026584057528229307,0.074887941157314411,0,5.4164031495911438,-25.844500494153589,-20.350470807818677,0,1.1787928087869659e-05,1.0345825103286188e-05
2.0966340541490354,0,0.0013548510614782572,38,42,118,0.18154245615005493,5.6453607969938692e-05,0.0025391630924451298,0.05826939524914844,0,1.1015863266816646,-24.666079513789299,-23.50362817515807,0,1.0345825103286188e-05,9.08817946765339e-06
2.0966340541490354,0,0.0013548510614782572,38,42,119,0.17287887632846832,4.4837815361242517e-05,0.0023638064956171471,0.044873373464802878,0,-3.1216140254038423,-23.596003533915638,-26.6703355415437,0,9.08817946765339e-06,7.9867950262269005e-06
2.0966340541490354,0,0.0013548510614782572,38,42,120,0.16554762423038483,3.1098907932166142e-05,0.0021685762619111123,0.034314932649555138,0,-7.1795967754824206,-22.627464559881947,-29.770546727544968,0,7.9867950262269005e-06,7.0246737777779344e-06
2.0966340541490354,0,0.0013548510614782572,38,42,121,0.15935489535331726,1.8529047838380929e-05,0.001972176980869786,0.026440095541516204,0,-11.051498004568106,-21.754512470353792,-32.777579673351674,0,7.0246737777779344e-06,6.1803848439012654e-06
2.0966340541490354,0,0.0013548510614782572,38,42,122,0.15412889420986176,1.1589444570849389e-05,0.0017921441947006387,0.02047897583124092,0,-14.647263011207517,-20.973127358958291,-35.598107660695291,0,6.1803848439012654e-06,5.4439483392343391e-06
2.0966340541490354,0,0.0013548510614782572,38,42,123,0.14974032342433929,1.283317265035596e-05,0.0016039280771844536,0.015452718068149031,0,-17.950273249492486,-20.279745751920291,-38.212949522094789,0,5.4439483392343391e-06,4.8018209781730548e-06
2.0966340541490354,0,0.0013548510614782572,38,42,124,0.14611044526100159,-2.5985542549021395e-06,0.0013444004078593018,0.011207344990351503,0,-20.901137489837243,-19.671700543096364,-40.560288886089651,0,4.8018209781730548e-06,4.2393148760311306e-06
2.0966340541490354,0,0.0013548510614782572,38,42,125,0.14312808215618134,1.5816374693441754e-06,0.0010322656923569967,0.0083147721420075912,0,-23.446447619117997,-19.146137653953634,-42.583236653599798,0,4.2393148760311306e-06,3.7519844227063004e-06
2.0966340541490354,0,0.0013548510614782572,38,42,126,0.14064449071884155,2.7316370193129761e-06,0.00073415954487818528,0.0065440336302837526,0,-25.486085421979325,-18.701005887396221,-44.179810384563368,0,3.7519844227063004e-06,3.3365715808031382e-06
2.0966340541490354,0,0.0013548510614782572,38,42,127,0.13856972754001617,-9.0714238488244885e-06,0.00033902269932531621,0.005620170058949576,0,-26.983261331205608,-18.335023932637696,-45.312335142508879,0,3.3365715808031382e-06,2.9757652555417735e-06
2.0966340541490354,0,0.0013548510614782572,38,42,128,0.13680224120616913,-1.3261852708794713e-05,-0.00018470891257710032,0.0057301538174417401,0,-27.608453007978461,-18.053394021454739,-45.656314846381044,0,2.9757652555417735e-06,2.6571685793896904e-06
2.0966340541490354,0,0.0013548510614782572,38,42,129,0.13522636890411377,-8.3618099346180918e-06,-0.00075052612366131291,0.0070389605434984905,0,-27.251374238469879,-17.859448661729655,-45.104542827589633,-7.1054273576010019e-15,2.6571685793896904e-06,2.3546233478555223e-06
2.0966340541490354,0,0.0013548510614782572,38,42,130,0.13369113206863403,-1.5807647954791865e-05,-0.0020738837633963226,0.0071269475502922213,0,-25.690226276116633,-17.754650637450396,-43.439839657428088,0,2.3546233478555223e-06,2.1008465864724712e-06
2.0966340541490354,0,0.0013548510614782572,38,42,131,0.13258607685565948,1.3760724275701099e-05,-0.005545943776431546,0.0068519881540618117,0,-21.288131841655694,-17.790444851651671,-39.077256888205461,-7.1054273576010019e-15,2.1008465864724712e-06,1.2759933269990142e-06
2.0966340541490354,0,0.0013548510614782572,38,42,132,0.13151070475578308,-4.1099582603044044e-06,-0.0039992988508544625,0.0036954542853367077,0,-9.7892584018569391,-18.077744425584903,-27.867310781965621,0,1.2759933269990142e-06,1.2759933269990142e-06
2.0979889052105136,0,0.0013415266294032335,38,42,0,0.0091868136078119278,-3.4711296600566522e-07,4.8802489771882565,-0.66741423229112085,0,-217.9833215690964,136.23158682865966,-77.538895483071045,4.8595815229646178e-06,0.00053215550724416971,0.00053215550724416971
2.0979889052105136,0,0.0013415266294032335,38,42,1,0.097944647073745728,-0.060233818765031075,9.7450854444599297,-11.049244395817775,0,-102.01044705893787,46.94088058741233,-56.433953687840962,5.553807454816706e-06,0.00053215550724416971,0.00037798148696310818
2.0979889052105136,0,0.0013415266294032335,38,42,2,0.34949570894241333,-0.43902500827430535,9.6804051086003664,-13.252850795400684,0,-198.40455078982953,50.74638833297783,-151.66963870573377,-5.553807454816706e-06,0.00037798148696310818,0.00029793893918395042
2.0979889052105136,0,0.0013415266294032335,38,42,3,0.37611952424049377,-0.39532695698385212,9.6758280770306158,19.935969459612799,0,-106.07039138548926,56.792302006330296,-20.061618799499392,0,0.00029793893918395042,0.00037702551344409585
2.0979889052105136,0,0.0013415266294032335,38,42,4,0.21309790015220642,-0.11625646302648142,9.4381223410062081,-8.4496182017708659,0,-150.82800361622287,65.503859982960222,-84.451895957053793,-1.4210854715202004e-14,0.00037702551344409585,0.00027713019517250359
2.0979889052105136,0,0.0013415266294032335,38,42,5,0.73249024152755737,-0.49786412714192563,8.6111770722166785,-50.270088251736041,0,-284.31555414936236,82.38597955192229,-244.08634990410135,2.8421709430404007e-14,0.00027713019517250359,0.00022239716781768948
2.0979889052105136,0,0.0013415266294032335,38,42,6,1.1152842044830322,-0.88735194981163046,7.7985988090901248,17.293312365396101,0,-92.181207546999531,28.647160884950623,-39.329487437374311,0,0.00022239716781768948,0.00040143655496649444
2.0979889052105136,0,0.0013415266294032335,38,42,7,1.0169180631637573,-0.69500832463670725,6.6148339073135487,60.098416939251585,0,-23.846271998067277,46.241000879410699,88.412971403271854,0,0.00040143655496649444,0.00034874089760705829
2.0979889052105136,0,0.0013415266294032335,38,42,8,1.0702643394470215,-0.12635259075572219,4.7422330436617779,59.394460736577187,0,-116.55593543212873,52.977636032269707,0.43204178962420337,-1.1435297153639112e-14,0.00034874089760705829,0.00048390845768153667
2.0979889052105136,0,0.0013415266294032335,38,42,9,0.89330166578292847,0.34943202773154908,3.0848203508166612,-3.9233873088210256,0,-68.731610692676071,118.56525853928268,49.344512916333798,0,0.00048390845768153667,0.00035019498318433762
2.0979889052105136,0,0.0013415266294032335,38,42,10,1.3826221227645874,-0.066843370307227951,1.8262007114774463,-122.48375849754235,0,-407.12167784688603,121.30306346283713,-406.54301554042104,0,0.00035019498318433762,0.00027818960370495915
2.0979889052105136,0,0.0013415266294032335,38,42,11,2.4569532871246338,-0.73377980160064205,1.5802689188281536,-33.638834165565598,0,-417.37956021828546,17.292956921718911,-432.87894834490464,0,0.00027818960370495915,0.00035630876664072275
2.0979889052105136,0,0.0013415266294032335,38,42,12,1.6555945873260498,-0.12407292635148,2.3718098799804852,124.79529759122693,0,253.5966231462215,26.609224561782899,407.24888225286037,0,0.00035630876664072275,0.00041951809544116259
2.0979889052105136,0,0.0013415266294032335,38,42,13,1.0181543827056885,0.041924130477681246,2.5598347256323661,-37.057402591857809,0,30.752009480349326,114.42727211035832,110.72363785495989,1.4210854715202004e-14,0.00041951809544116259,8.0475052527617663e-05
2.0979889052105136,0,0.0013415266294032335,38,42,14,2.3229079246520996,-0.0028914510068271913,2.2782641505373395,-83.360606114776715,0,-487.98453681159037,82.781321781876642,-486.28844844495995,0,8.0475052527617663e-05,0.00033545031328685582
2.0979889052105136,0,0.0013415266294032335,38,42,15,2.2058937549591064,-0.50316176522910405,2.9818482481121826,124.22223352267767,0,181.52792949024899,15.222230919330427,323.45108041514015,0,0.00033545031328685582,0.00048800237709656358
2.0979889052105136,0,0.0013415266294032335,38,42,16,1.4310140609741211,0.19854653387744448,3.6292264257795246,26.483397500057709,0,220.17816406051358,94.14378981060301,344.63312433083127,0,0.00048800237709656358,0.00020994931401219219
2.0979889052105136,0,0.0013415266294032335,38,42,17,1.8180054426193237,0.24840861721822627,3.3561457131635475,-132.15937969524524,0,-246.6792448835115,136.01105624219321,-239.22301400618173,2.8421709430404007e-14,0.00020994931401219219,0.00034548400435596704
2.0979889052105136,0,0.0013415266294032335,38,42,18,2.2834882736206055,-0.43281932266805606,3.9774813934433486,-12.809479238566055,0,-196.90584474018854,-16.332903549629258,-222.50356545760857,0,0.00034548400435596704,0.00023124177823774517
2.0979889052105136,0,0.0013415266294032335,38,42,19,1.6292488574981689,-0.42055235044941586,5.7903288426750397,153.50395023233139,0,102.16259916800493,-23.920115422003455,237.11621047055849,0,0.00023124177823774517,0.00055717636132612824
2.0979889052105136,0,0.0013415266294032335,38,42,20,0.8388633131980896,0.4081923519558861,7.2350018995757068,64.556746982243268,0,105.69059981641195,35.23664235545305,213.12718340563987,0,0.00055717636132612824,0.00065730680944398046
2.0979889052105136,0,0.0013415266294032335,38,42,21,0.60651355981826782,0.589851145811223,7.6886098177778415,-26.051888875949288,0,-113.89059658826137,96.841296307256073,-34.822728193365528,-7.1054273576010019e-15,0.00065730680944398046,0.00049917370779439807
2.0979889052105136,0,0.0013415266294032335,38,42,22,1.0486170053482056,-0.041148159442175578,7.7469893590784702,-75.011322998507595,0,-253.0556822999983,105.4292154222985,-214.93194867657107,2.8421709430404007e-14,0.00049917370779439807,0.00038922656676732004
2.0979889052105136,0,0.0013415266294032335,38,42,23,1.1983115673065186,-0.33338187129641311,8.1953517061383288,28.00256377636692,0,-86.06944237864019,7.5202996001432192,-42.684609167288144,-7.1054273576010019e-15,0.00038922656676732004,0.00062461046036332846
2.0979889052105136,0,0.0013415266294032335,38,42,24,0.79852890968322754,-0.016007461540317257,8.8686432551698573,83.364782577983704,0,81.624841347679975,14.403732991681611,188.24599271097483,0,0.00062461046036332846,0.00050484150415286422
2.0979889052105136,0,0.0013415266294032335,38,42,25,0.66672837734222412,0.084978113659710933,9.1798390541310528,-0.35659886914066807,0,-21.327064935984559,65.765344345607886,53.346497708273418,0,0.00050484150415286422,0.00036312866723164916
2.0979889052105136,0,0.0013415266294032335,38,42,26,0.93548226356506348,-0.23688307829497418,9.0565514708651591,-65.409234211523355,0,-157.59275214242462,75.334021426936275,-138.84829653444152,-2.8421709430404007e-14,0.00036312866723164916,0.00083195633487775922
2.0979889052105136,0,0.0013415266294032335,38,42,27,1.0853409767150879,-0.78345826218240677,8.9686152605091483,11.556273693714115,0,-86.523032941194032,10.810241845752371,-55.971360403400801,-7.1054273576010019e-15,0.00083195633487775922,0.00079613598063588142
2.0979889052105136,0,0.0013415266294032335,38,42,28,0.922962486743927,-0.48611643592042991,8.9815313339742193,39.093161822502744,0,38.636594419152445,21.140012700863426,107.3651838405724,0,0.00079613598063588142,0.0005278631579130888
2.0979889052105136,0,0.0013415266294032335,38,42,29,1.0470261573791504,-0.47756496088991435,8.6617444891043842,-55.930795393741519,0,-49.538007568104,35.939310074797639,-61.345313358833408,7.1054273576010019e-15,0.0005278631579130888,0.00033180176978930831
2.0979889052105136,0,0.0013415266294032335,38,42,30,1.4404467344284058,-0.94303997717385135,8.3405337868479936,-17.488628666011895,0,-62.079482274068944,18.698736665004574,-53.471880465402123,0,0.00033180176978930831,0.00045111190411262214
2.0979889052105136,0,0.0013415266294032335,38,42,31,1.3576252460479736,-1.5482890541570857,7.7748625302487255,-4.3466318674347812,0,-5.8470484897722299,18.842602493347147,14.875495612231775,-1.7763568394002505e-15,0.00045111190411262214,0.00087158469250425696
2.0979889052105136,0,0.0013415266294032335,38,42,32,1.8095463514328003,-0.69561577232721716,6.2225872307900305,-46.091359091313791,0,-125.75028589091663,19.827181479162896,-146.48749204460472,0,0.00087158469250425696,0.00051981274737045169
2.0979889052105136,0,0.0013415266294032335,38,42,33,1.7845563888549805,-0.52699627703988305,4.6440115290100525,-3.9515562202383174,0,139.8794386419691,28.875444586625772,168.92034226032675,2.8421709430404007e-14,0.00051981274737045169,0.00069065374555066228
2.0979889052105136,0,0.0013415266294032335,38,42,34,2.1195647716522217,-0.69795843773478938,3.4302539842927913,-84.851159175072155,0,-181.71613691732099,39.594381837800015,-224.24061870803513,0,0.00069065374555066228,0.0007300213910639286
2.0979889052105136,0,0.0013415266294032335,38,42,35,2.3224284648895264,-0.40690976954649516,3.1834580539146273,26.533515058541468,0,-60.301375278926962,11.949483261605332,-19.041828674412031,0,0.0007300213910639286,0.0004762489115819335
2.0979889052105136,0,0.0013415266294032335,38,42,36,1.3852827548980713,-0.18442424285550399,3.7851575537074877,100.00372313367338,0,244.54311724452009,22.489188038556613,370.63676172760205,0,0.0004762489115819335,0.00091573101235553622
2.0979889052105136,0,0.0013415266294032335,38,42,37,1.227628231048584,1.0638279999715368,3.4995356496297259,-22.826415227290436,0,-22.349676395259618,45.380649458772787,4.7679214858239929,-4.4408920985006262e-15,0.00091573101235553622,0.00059947447152808309
2.0979889052105136,0,0.0013415266294032335,38,42,38,1.475218653678894,0.25313299824204638,1.7338860181682398,-100.88477914850759,0,-327.9002577834442,57.867696851668043,-368.93032106387346,0,0.00059947447152808309,0.00047329781227745116
2.0979889052105136,0,0.0013415266294032335,38,42,39,2.2629668712615967,0.062081240748354728,0.52848842890249992,3.6338784337499326,0,-351.01804796511101,-1.9918175060523484,-348.78541736776253,5.6843418860808015e-14,0.00047329781227745116,0.00023463289835490286
2.0979889052105136,0,0.0013415266294032335,38,42,40,1.1974209547042847,0.50831361587056023,0.97806298121789093,96.620699075100148,0,365.03585798428378,-23.156888986157657,439.9860446703147,-5.6843418860808015e-14,0.00023463289835490286,6.4204199588857591e-05
2.0979889052105136,0,0.0013415266294032335,38,42,41,0.49793428182601929,1.0145649468318392,0.85662386127422041,-13.220194407558871,0,156.81495251581404,78.656086894871464,224.12203381123268,0,6.4204199588857591e-05,0.00037910512764938176
2.0979889052105136,0,0.0013415266294032335,38,42,42,1.6026781797409058,-0.029861824741622123,0.092508772846324583,-116.77622165106712,0,-428.58478885031502,118.4063307851192,-426.89203276815823,5.6843418860808015e-14,0.00037910512764938176,0.00022313281078822911
2.0979889052105136,0,0.0013415266294032335,38,42,43,2.5182297229766846,-0.7346870681155393,0.51075755148596458,26.703417136238194,0,-155.27841392978218,-60.708713732986475,-189.50764004316002,0,0.00022313281078822911,0.00027885436429642141
2.0979889052105136,0,0.0013415266294032335,38,42,44,1.5636723041534424,-0.28585863512057752,1.5204922478393519,122.04691821827609,0,270.73362915457341,-42.55691602625771,351.45826495931055,0,0.00027885436429642141,0.00048754774616099894
2.0979889052105136,0,0.0013415266294032335,38,42,45,0.95052063465118408,0.68260146589276671,1.4678327811055305,-15.596868555088477,0,61.558579565147291,81.662562807921745,129.77470806497885,0,0.00048754774616099894,0.00031987563124857843
2.0979889052105136,0,0.0013415266294032335,38,42,46,1.7678872346878052,-0.11966216189244601,0.83046065535275093,-150.9348033336035,0,-407.27722888611623,110.31425559975654,-447.18697812650288,5.6843418860808015e-14,0.00031987563124857843,0.00021766326972283423
2.0979889052105136,0,0.0013415266294032335,38,42,47,2.8609509468078613,-0.60355646738274915,0.92310033317638041,-30.141979269372332,0,-379.62628776740934,-24.783310392058887,-434.23203356304691,0,0.00021766326972283423,0.00018881680443882942
2.0979889052105136,0,0.0013415266294032335,38,42,48,2.2364778518676758,-0.30745166495337489,1.7436218426387666,174.22818269180203,0,285.88832577523777,-52.586647987360919,408.96603065736429,0,0.00018881680443882942,0.00048626636271364987
2.0979889052105136,0,0.0013415266294032335,38,42,49,1.3235151767730713,0.64888881329539849,2.112997419388654,33.825797539767429,0,273.92355843551326,69.117800247942796,379.62904245590755,0,0.00048626636271364987,0.00037159016937948763
2.0979889052105136,0,0.0013415266294032335,38,42,50,1.7618108987808228,0.35116290653653631,1.6114193570669511,-116.65066117209982,0,-358.35147305197165,119.06510121033085,-353.97445075013718,-5.6843418860808015e-14,0.00037159016937948763,0.00052972487173974514
2.0979889052105136,0,0.0013415266294032335,38,42,51,2.7620728015899658,-0.98670808997098658,1.3609902820518471,-97.093350304843284,0,-441.50849880063794,14.872829784652852,-523.3547371287475,0,0.00052972487173974514,0.00034829648211598396
2.0979889052105136,0,0.0013415266294032335,38,42,52,2.5666751861572266,-0.50369926965696388,2.320194181935443,125.82937210909135,0,214.80581060162834,-41.763388016931479,300.68828960606669,-5.6843418860808015e-14,0.00034829648211598396,0.00040660647209733725
2.0979889052105136,0,0.0013415266294032335,38,42,53,1.6549782752990723,0.53441824647901626,3.3822156324754031,111.0581103551955,0,259.64298667797794,-1.6245553265959864,372.99317558553184,0,0.00040660647209733725,0.00060581194702535868
2.0979889052105136,0,0.0013415266294032335,38,42,54,1.541600227355957,0.78498798902359379,3.6077626955265645,-48.940062442151458,0,-87.062018847192718,100.1246628448372,-31.484667759956807,1.4210854715202004e-14,0.00060581194702535868,0.00067116809077560902
2.0979889052105136,0,0.0013415266294032335,38,42,55,2.290334939956665,-0.76103337612657684,3.6724725359882386,-174.86709270155072,0,-342.17931890535147,86.685248549371522,-427.449723897669,5.6843418860808015e-14,0.00067116809077560902,0.00035123515408486128
2.0979889052105136,0,0.0013415266294032335,38,42,56,2.8295612335205078,-0.80607683727326795,4.1696403545203564,-5.7388158900679356,0,-121.16630650803836,-39.827997194633006,-163.3695560754922,2.8421709430404007e-14,0.00035123515408486128,0.00030434527434408665
2.0979889052105136,0,0.0013415266294032335,38,42,57,2.0800290107727051,-0.080646838069892243,5.0444177900254656,182.56742452419056,0,239.32378228866506,-27.207791714170522,399.64718605064064,-5.6843418860808015e-14,0.00030434527434408665,0.00075333827408030629
2.0979889052105136,0,0.0013415266294032335,38,42,58,1.6001193523406982,0.42889486347439598,5.5513561443247115,9.0200941960455854,0,103.37821654399406,83.581247777392292,201.95980952523104,0,0.00075333827408030629,0.0005428928998298943
2.0979889052105136,0,0.0013415266294032335,38,42,59,2.1799638271331787,-0.11185507061752958,5.3647794539670066,-194.39872276313028,0,-311.95692050401499,115.19218690367077,-385.91053198012503,0,0.0005428928998298943,0.00076971051748842001
2.0979889052105136,0,0.0013415266294032335,38,42,60,2.8787481784820557,-1.2648449368280434,5.411450874924264,-22.920785523584332,0,-241.58422635375359,-36.888833427950544,-297.24723936719226,0,0.00076971051748842001,0.00033751095179468393
2.0979889052105136,0,0.0013415266294032335,38,42,61,2.1913652420043945,-0.23885537416781835,6.0857261421014535,239.27526422672864,0,285.8387413822698,-86.943833824527104,444.01704255240497,0,0.00033751095179468393,0.00047485076356679201
2.0979889052105136,0,0.0013415266294032335,38,42,62,1.5280219316482544,0.65694947059198205,6.4317526445235202,45.804516043821621,0,188.5956604284103,88.613175054449002,330.10205364179643,0,0.00047485076356679201,0.00054127763723954558
2.0979889052105136,0,0.0013415266294032335,38,42,63,2.0414793491363525,-0.10253508748027748,6.0293806827816177,-195.28759853886268,0,-383.82087860192615,193.20692011351289,-379.97471143197464,5.6843418860808015e-14,0.00054127763723954558,0.00028843781910836697
2.0979889052105136,0,0.0013415266294032335,38,42,64,2.9207110404968262,-0.79106975530097901,5.6833965281414027,-248.73308731123345,0,-400.27792085581393,122.98777763179748,-521.1309037624095,0,0.00028843781910836697,0.00050607760204002261
2.0979889052105136,0,0.0013415266294032335,38,42,65,3.2993299961090088,-1.5270922537749836,5.830093409834717,-39.527825009246222,0,-70.139523098024881,-164.3281876728731,-269.69253462408449,0,0.00050607760204002261,0.00078819028567522764
2.0979889052105136,0,0.0013415266294032335,38,42,66,2.9985501766204834,-1.1564936244893751,6.2796810656645743,218.46634731116751,0,306.7144817091426,-133.70902526687345,396.59499119461185,5.6843418860808015e-14,0.00078819028567522764,0.00058214017190039158
2.0979889052105136,0,0.0013415266294032335,38,42,67,2.2463333606719971,-0.27870185998747271,6.5604579669628293,161.55288344137514,0,299.08932622422839,-47.648468980163017,419.27549679241588,0,0.00058214017190039158,0.00049746868899092078
2.0979889052105136,0,0.0013415266294032335,38,42,68,2.3383486270904541,0.03947993452755235,5.9682290973344676,-104.60067621076908,0,-17.328056984841403,112.36925321942937,-3.5517709443190886,-4.4408920985006262e-16,0.00049746868899092078,0.00067029206547886133
2.0979889052105136,0,0.0013415266294032335,38,42,69,3.1995055675506592,-0.94354190252269554,4.9133146112169905,-309.9033446590509,0,-268.07899805148139,128.59241353372627,-445.42015646811171,0,0.00067029206547886133,0.00057266955263912678
2.0979889052105136,0,0.0013415266294032335,38,42,70,4.0228729248046875,-1.2351178353063523,4.2720286132160137,-61.907980699824861,0,-189.19413871987862,-158.60998751608219,-406.67519615787603,0,0.00057266955263912678,0.00038906527333892882
2.0979889052105136,0,0.0013415266294032335,38,42,71,3.419215202331543,-0.43564655777617217,3.9822635687760086,250.24941003812515,0,442.16198200115139,-209.7569108889858,486.20109816129053,-5.6843418860808015e-14,0.00038906527333892882,0.00054617755813524127
2.0979889052105136,0,0.0013415266294032335,38,42,72,2.9079654216766357,0.57771434095483487,3.0981064467034942,-11.307729702439145,0,374.9123937205182,52.674975741142589,419.95546054687998,0,0.00054617755813524127,0.00035534574999473989
2.0979889052105136,0,0.0013415266294032335,38,42,73,3.9253740310668945,-0.074586419239916324,1.4183412408559597,-337.19893096148729,0,-376.38748498085585,143.49314564703852,-568.74951547368858,0,0.00035534574999473989,0.00028422108152881265
2.0979889052105136,0,0.0013415266294032335,38,42,74,5.1239523887634277,-0.78078284560779743,0.61585697939172968,-56.974067016753231,0,-275.95616310352312,-189.64590763358686,-522.74106362007933,0,0.00028422108152881265,0.00029284268384799361
2.0979889052105136,0,0.0013415266294032335,38,42,75,4.0125350952148438,-0.13392980646890137,1.2916098630760839,349.79389994086932,0,649.32628670871475,-211.7577033478872,788.5201633583041,0,0.00029284268384799361,0.00022632365289609879
2.0979889052105136,0,0.0013415266294032335,38,42,76,2.9149768352508545,0.41975503196650082,1.8310920538379152,136.96204580051452,0,396.05773807653947,9.4798605924905921,544.75049155534896,0,0.00022632365289609879,0.00022028693638276309
2.0979889052105136,0,0.0013415266294032335,38,42,77,3.4087555408477783,0.24130226024343379,1.042738023604723,-204.94473666535168,0,-449.47594654668592,137.24409035836464,-515.89255256982483,0,0.00022028693638276309,0.00037525009247474372
2.0979889052105136,0,0.0013415266294032335,38,42,78,4.6951389312744141,-0.64569767363154618,0.35707740775342761,-137.72696059382699,0,-422.4176188987737,-48.106635880060665,-608.53983563853944,1.1368683772161603e-13,0.00037525009247474372,0.00023636185505893081
2.0979889052105136,0,0.0013415266294032335,38,42,79,4.1130557060241699,-0.50990825283639019,1.1408207798482872,277.09287198317611,0,467.09919950543343,-171.82467254664459,572.99831146897691,1.1368683772161603e-13,0.00023636185505893081,0.00039942024159245193
2.0979889052105136,0,0.0013415266294032335,38,42,80,3.1337521076202393,0.24942149285303081,1.7503046350167908,118.42370309484185,0,489.46442656157012,-54.430867506460203,555.45698827782155,0,0.00039942024159245193,0.00016877283633220941
2.0979889052105136,0,0.0013415266294032335,38,42,81,3.4794135093688965,0.32513481433708452,1.068382122085531,-172.7166584545524,0,-86.399827276588113,14.369343815913497,-243.35362497880442,-5.6843418860808015e-14,0.00016877283633220941,0.00034636072814464569
2.0979889052105136,0,0.0013415266294032335,38,42,82,3.9644334316253662,-0.099221199993821382,0.50584876669895396,-193.03648487030037,0,-60.329099885747766,-22.834057266350019,-275.79301445569303,0,0.00034636072814464569,0.00044685805914923549
2.0979889052105136,0,0.0013415266294032335,38,42,83,3.9274740219116211,-0.33561875402759511,0.96830849942544128,61.892341178028516,0,112.59176096135019,-157.96005875234061,17.156733132435917,-1.4210854715202004e-14,0.00044685805914923549,0.00057696533622220159
2.0979889052105136,0,0.0013415266294032335,38,42,84,3.020918607711792,0.22412702390723196,1.9648728620661586,220.18936053634508,0,447.6329710804568,-96.367001150505928,573.64433035226932,-1.1368683772161603e-13,0.00057696533622220159,0.00054338143672794104
2.0979889052105136,0,0.0013415266294032335,38,42,85,2.5169191360473633,0.58667870685841417,2.6912228841859323,89.137632200142562,0,334.07493648266615,-46.486523599429553,380.0039466744235,5.6843418860808015e-14,0.00054338143672794104,0.00042936834506690502
2.0979889052105136,0,0.0013415266294032335,38,42,86,2.83866286277771,0.37123349890043289,2.3960732498607644,-133.34380688856095,0,-61.917399957270391,29.641336850050497,-162.85256324701965,0,0.00042936834506690502,0.00043781340355053544
2.0979889052105136,0,0.0013415266294032335,38,42,87,3.5434811115264893,-0.4328043968105178,1.9290445559409859,-217.10606435856215,0,-91.452459147841139,21.617195837490733,-285.44508750978207,0,0.00043781340355053544,0.00030211062403395772
2.0979889052105136,0,0.0013415266294032335,38,42,88,3.6359174251556396,-0.53323962440294403,2.3962976583932871,41.2293338919538,0,11.82721063665204,-97.940017143909387,-43.020414581313211,-7.1054273576010019e-15,0.00030211062403395772,0.00046890665544196963
2.0979889052105136,0,0.0013415266294032335,38,42,89,2.986234188079834,-0.056103868695495669,3.3954972158936778,211.21405224362539,0,302.32528546136433,-69.29960968882537,447.57912136336256,0,0.00046890665544196963,0.00070399563992395997
2.0979889052105136,0,0.0013415266294032335,38,42,90,2.7838549613952637,0.081915188847676942,3.8862580232992636,125.51515989845558,0,30.638356364567887,3.9463134259997679,164.06800290117016,-2.8421709430404007e-14,0.00070399563992395997,0.00061112677212804556
2.0979889052105136,0,0.0013415266294032335,38,42,91,2.8682239055633545,-0.13349825827391482,4.0954512060700337,119.25526357762739,0,-4.9360463451347689,5.4269140633338848,123.70808424362262,0,0.00061112677212804556,0.00036777308559976518
2.0979889052105136,0,0.0013415266294032335,38,42,92,2.6576371192932129,-0.029108546216269082,4.5946048578806709,143.33781676010659,0,173.03282560541274,-84.740793913304714,236.19534476387901,-2.8421709430404007e-14,0.00036777308559976518,0.00014107167953625321
2.0979889052105136,0,0.0013415266294032335,38,42,93,2.5571310520172119,0.17761805181806489,4.7139978336679791,-40.356364220775646,0,2.7051041052529818,13.93819063548227,-18.821453594554352,-1.0658141036401503e-14,0.00014107167953625321,0.0011088830651715398
2.0979889052105136,0,0.0013415266294032335,38,42,94,3.1760337352752686,-2.3654509439997446,4.4311118739882742,-177.11100863564994,0,-272.60610644600928,54.656751963314328,-392.99470218835631,5.6843418860808015e-14,0.0011088830651715398,0.0012525113997980952
2.0979889052105136,0,0.0013415266294032335,38,42,95,3.077268123626709,-1.8865513337555384,4.7636901787683845,152.95718899589417,0,-131.26161782758308,-108.34403129709347,-83.771321283769538,0,0.0012525113997980952,0.0010032005375251174
2.0979889052105136,0,0.0013415266294032335,38,42,96,1.7672272920608521,-0.087271489026110358,5.2309858025590206,232.33220515834165,0,265.7600835014951,-93.197687602843061,410.03831537052662,5.6843418860808015e-14,0.0010032005375251174,0.00082938116975128651
2.0979889052105136,0,0.0013415266294032335,38,42,97,1.5276716947555542,0.33780409048332533,3.3348177040802955,20.883915531448174,0,175.97056759738643,-99.623131816322399,100.90397310707584,0,0.00082938116975128651,0.00057412666501477361
2.0979889052105136,0,0.0013415266294032335,38,42,98,1.6194305419921875,0.24212743454187077,0.73498723405289268,0.60238817191741556,0,183.64166417757744,-116.33636010054474,68.884806917544879,-1.4210854715202004e-14,0.00057412666501477361,0.0004383072373457253
2.0979889052105136,0,0.0013415266294032335,38,42,99,1.3983912467956543,0.17262764802719213,0.016024083641294849,21.959399237705217,0,173.10000446040161,-109.33696320932317,85.911092220452133,-1.4210854715202004e-14,0.0004383072373457253,0.00031354106613434851
2.0979889052105136,0,0.0013415266294032335,38,42,100,1.1704461574554443,0.095867515192266745,0.0040121580980673963,12.953345066908627,0,155.58382890940752,-95.484345639124356,73.152708010482115,-1.4210854715202004e-14,0.00031354106613434851,0.00022448701201938093
2.0979889052105136,0,0.0013415266294032335,38,42,101,0.99709171056747437,0.04260219057243788,0.0025835868903156005,7.999437676995071,0,140.43286444735364,-84.064206873773927,64.413281028037531,0,0.00022448701201938093,0.00016774810501374304
2.0979889052105136,0,0.0013415266294032335,38,42,102,0.85870856046676636,0.021602929501367451,0.0024339491685928544,5.2644318723984966,0,127.35738004687066,-74.655212864423049,57.990635933516067,-7.1054273576010019e-15,0.00016774810501374304,0.00012952278484590352
2.0979889052105136,0,0.0013415266294032335,38,42,103,0.74607527256011963,0.012069044608875713,0.0021487024787163345,3.605487370034397,0,116.48822341162409,-66.811015213440626,53.296913315305446,-1.4210854715202004e-14,0.00012952278484590352,0.00010222380660707131
2.0979889052105136,0,0.0013415266294032335,38,42,104,0.65253287553787231,0.0071407706491429003,0.0021451954174406562,2.5453766028158151,0,107.30067081316245,-60.196785976913866,49.658547405130989,7.1054273576010019e-15,0.00010222380660707131,8.2028709584847093e-05
2.0979889052105136,0,0.0013415266294032335,38,42,105,0.57448631525039673,0.0044164772469403295,0.0021148003214222677,1.8385768507238953,0,99.283460952307891,-54.565625090574791,46.56294399002536,7.1054273576010019e-15,8.2028709584847093e-05,6.6674729168880731e-05
2.0979889052105136,0,0.0013415266294032335,38,42,106,0.50856655836105347,0.0027830854913310273,0.0021931259893261893,1.3639262502965646,0,92.391941217113427,-49.729280696891763,44.031562981998896,7.1054273576010019e-15,6.6674729168880731e-05,5.4789401474408805e-05
2.0979889052105136,0,0.0013415266294032335,38,42,107,0.45222032070159912,0.0018161535117614022,0.0022936640057456743,1.0298536241978002,0,86.376878944179552,-45.542287470974848,41.868554914920011,7.1054273576010019e-15,5.4789401474408805e-05,4.5546712499344721e-05
2.0979889052105136,0,0.0013415266294032335,38,42,108,0.40387147665023804,0.0012233565985437223,0.0022866497137055647,0.78653021193155692,0,80.996394711178581,-41.892169704223306,39.894265225199085,7.1054273576010019e-15,4.5546712499344721e-05,3.8183465221663937e-05
2.0979889052105136,0,0.0013415266294032335,38,42,109,0.36210304498672485,0.00084453889692575929,0.0023544541977824516,0.61409559803485469,0,76.183842828637438,-38.690444136246697,38.110693283520305,0,3.8183465221663937e-05,3.2205327443080023e-05
2.0979889052105136,0,0.0013415266294032335,38,42,110,0.32553890347480774,0.00058265267237716666,0.0024830490433848688,0.48671347022195965,0,71.886439910493451,-35.866466336203551,36.509752746227619,-7.1054273576010019e-15,3.2205327443080023e-05,2.7370406314730644e-05
2.0979889052105136,0,0.0013415266294032335,38,42,111,0.29351803660392761,0.00043300495081799776,0.00256605107547095,0.38801120411231671,0,67.918533281104402,-33.363742974650513,34.945800566592496,7.1054273576010019e-15,2.7370406314730644e-05,2.3384647647617385e-05
2.0979889052105136,0,0.0013415266294032335,38,42,112,0.26528841257095337,0.00031492128920619254,0.0026174890476096673,0.31214619426211854,0,64.253309158072298,-31.136866121826586,33.431521640844643,-7.1054273576010019e-15,2.3384647647617385e-05,2.0105901057831943e-05
2.0979889052105136,0,0.0013415266294032335,38,42,113,0.24031911790370941,0.00022548088786246621,0.0026513913743924874,0.25316475907843589,0,60.823744193017028,-29.148292039328592,31.931493785029122,-7.1054273576010019e-15,2.0105901057831943e-05,1.7356351236230694e-05
2.0979889052105136,0,0.0013415266294032335,38,42,114,0.2180742621421814,0.00016586321901847562,0.0027332242730608402,0.20811227299462859,0,57.598126145364319,-27.367585862297162,30.441551643553861,-3.5527136788005009e-15,1.7356351236230694e-05,1.4989528608566616e-05
2.0979889052105136,0,0.0013415266294032335,38,42,115,0.19814656674861908,0.00012320476428165925,0.0028536360321829257,0.17252347481599975,0,54.527137204904079,-25.769244506893923,28.933393013622624,0,1.4989528608566616e-05,1.3002763807890005e-05
2.0979889052105136,0,0.0013415266294032335,38,42,116,0.180218905210495,9.690994017421252e-05,0.002935468930851279,0.14299943437942189,0,51.54714184580444,-24.332196827630469,27.360976831424413,-3.5527136788005009e-15,1.3002763807890005e-05,1.1334403097862378e-05
2.0979889052105136,0,0.0013415266294032335,38,42,117,0.16413311660289764,7.5870623317695314e-05,0.0029787234775321587,0.11839606734894034,0,48.619741043313972,-23.038837254870995,25.70235444989277,0,1.1334403097862378e-05,9.8727341537596658e-06
2.0979889052105136,0,0.0013415266294032335,38,42,118,0.14969854056835175,6.3597264762844618e-05,0.0030021044509991909,0.098080239674560768,0,45.728140083685467,-21.874936933912988,23.954349091162801,0,9.8727341537596658e-06,8.6154777818592265e-06
2.0979889052105136,0,0.0013415266294032335,38,42,119,0.13674454391002655,5.1313736882817963e-05,0.0029588499043183107,0.080796790871206683,0,42.886034656105636,-20.828566286340774,22.14127532427727,3.5527136788005009e-15,8.6154777818592265e-06,7.5276388997735921e-06
2.0979889052105136,0,0.0013415266294032335,38,42,120,0.12521296739578247,4.8375818839486806e-05,0.0028618192881520103,0.066245815336249195,0,40.09780116084989,-19.889872857727248,20.277084313565886,0,7.5276388997735921e-06,6.5642116169328801e-06
2.0979889052105136,0,0.0013415266294032335,38,42,121,0.1149461567401886,3.636686273921073e-05,0.0027016602131134768,0.054194053156532501,0,37.403610287248128,-19.050448183583882,18.410094183896632,0,6.5642116169328801e-06,5.7270653996965848e-06
2.0979889052105136,0,0.0013415266294032335,38,42,122,0.10589876025915146,3.8969193051735628e-05,0.0025157822367499606,0.044236076387761974,0,34.838378822776789,-18.304105322404599,16.581064328189754,-3.5527136788005009e-15,5.7270653996965848e-06,4.9688869694364257e-06
2.0979889052105136,0,0.0013415266294032335,38,42,123,0.097967468202114105,3.251048514373861e-05,0.0023334114911508757,0.03582761189924074,0,32.429959111828168,-17.645534834261369,14.822617811442337,1.7763568394002505e-15,4.9688869694364257e-06,4.2940855564665981e-06
2.0979889052105136,0,0.0013415266294032335,38,42,124,0.091157294809818268,3.2764548784384357e-05,0.0020832360919861509,0.028224449491852651,0,30.18469915632458,-17.070471395027919,13.144568211429284,0,4.2940855564665981e-06,3.7061327020637691e-06
2.0979889052105136,0,0.0013415266294032335,38,42,125,0.085434138774871826,3.5925853004080489e-05,0.0017301849180327443,0.021454358202878155,0,28.143463871527938,-16.574949586180601,11.591734754321253,1.7763568394002505e-15,3.7061327020637691e-06,3.1755548661749344e-06
2.0979889052105136,0,0.0013415266294032335,38,42,126,0.080787427723407745,3.0605855282660161e-05,0.0013467383938278194,0.015706167485824339,0,26.359664223743465,-16.156048104997506,10.220699630480892,-1.7763568394002505e-15,3.1755548661749344e-06,2.6802338197740028e-06
2.0979889052105136,0,0.0013415266294032335,38,42,127,0.077178262174129486,4.046620246201152e-05,0.00083703537560031016,0.0097858087376317144,0,24.869710974653291,-15.811500998036555,9.0688732869324298,1.7763568394002505e-15,2.6802338197740028e-06,2.2027927570889005e-06
2.0979889052105136,0,0.0013415266294032335,38,42,128,0.074944734573364258,4.2990398459434556e-05,0.00014028524759155669,0.0033100692438300236,0,23.736434348008171,-15.544551688852103,8.1953760040459489,-1.7763568394002505e-15,2.2027927570889005e-06,1.6580744386374136e-06
2.0979889052105136,0,0.0013415266294032335,38,42,129,0.074116431176662445,6.6252348449719737e-05,-0.00066050974625141861,-0.003260084976725208,0,23.022125848235618,-15.35704404151957,7.6612274643415192,-8.8817841970012523e-16,1.6580744386374136e-06,8.6511863628402352e-07
2.0979889052105136,0,0.0013415266294032335,38,42,130,0.074836619198322296,0.00016307241721268982,-0.0021346740641248682,-0.017116834579671364,0,22.839883210371458,-15.249061363150799,7.5717334109940744,-1.7763568394002505e-15,8.6511863628402352e-07,7.4505726388451876e-07
2.0979889052105136,0,0.0013415266294032335,38,42,131,0.079642213881015778,-6.8691079743476576e-05,-0.0057294839044151552,-0.055743565436781793,0,22.962144727709838,-15.25858058913054,7.6420223981583577,-8.8817841970012523e-16,7.4505726388451876e-07,3.5112731211484061e-07
2.0979889052105136,0,0.0013415266294032335,38,42,132,0.09375464916229248,-4.9151738350411579e-08,-0.0041430912105052701,-0.045108024158368211,0,23.778060134891568,-15.480194168050923,8.2486148023200343,1.7763568394002505e-15,3.5112731211484061e-07,3.5112731211484061e-07
2.0993304318399169,0,0.0012460413854569197,38,42,0,0.0091868136078119278,-3.737125369531628e-07,4.8622859958514173,0.019320938160478515,0,-326.83181198073811,126.4256357831249,-195.52457711156458,-7.4742507365499478e-06,0.00046997176832519472,0.00046997176832519472
2.0993304318399169,0,0.0012460413854569197,38,42,1,0.02223699539899826,0.14567538917956457,9.7594647838530779,-3.8319362401566455,0,-9.3586035259404152,41.401369693819184,38.115970100754765,0,0.00046997176832519472,0.00063041964313015342
2.0993304318399169,0,0.0012460413854569197,38,42,2,0.1460268497467041,-0.30079225189271386,9.6850309630179687,-9.9690240889495634,0,-113.64070865613532,45.341412001815499,-68.884082032144136,-1.4210854715202004e-14,0.00063041964313015342,0.00036268308758735657
2.0993304318399169,0,0.0012460413854569197,38,42,3,0.34920632839202881,-0.31516673091408032,9.5683848162838512,5.9611753782484724,0,-131.77038279562015,48.29933776269889,-68.256651569303031,-1.4210854715202004e-14,0.00036268308758735657,0.00030617107404395938
2.0993304318399169,0,0.0012460413854569197,38,42,4,0.099803432822227478,-0.012848237020449738,9.4086152324856354,1.1267403092134902,0,0.57221667778150032,55.085317637905064,66.180041620365245,0,0.00030617107404395938,0.00033577202702872455
2.0993304318399169,0,0.0012460413854569197,38,42,5,0.40504190325737,-0.13405442413046903,8.7105000329801321,-46.21100818860225,0,-330.07678484640508,80.851983862345236,-286.85936356381245,-5.6843418860808015e-14,0.00033577202702872455,0.00034387328196316957
2.0993304318399169,0,0.0012460413854569197,38,42,6,1.0625226497650146,-0.82855432855348765,7.7184502066350049,-30.083847265928423,0,-434.35035587710615,33.394019515642391,-424.15031166691301,-2.3917602391065884e-05,0.00034387328196316957,0.00031666478025726974
2.0993304318399169,0,0.0012460413854569197,38,42,7,1.1355264186859131,-0.86394490580295225,6.3176365970708037,42.036142860586352,0,-172.11723735996759,55.627033393270594,-69.00036941484278,1.4210854715202004e-14,0.00031666478025726974,0.00035410054260864854
2.0993304318399169,0,0.0012460413854569197,38,42,8,1.0708439350128174,-0.31682526715307846,4.3919063581021902,59.353060995304865,0,-103.60110372260664,71.393564707484927,31.220603071132256,-1.0658141036401503e-14,0.00035410054260864854,0.00048567639896646142
2.0993304318399169,0,0.0012460413854569197,38,42,9,0.95949864387512207,0.22748554806905535,3.170057703084268,45.701084906180405,0,131.86941362821247,56.996316128666983,237.96435791421317,-2.8421709430404007e-14,0.00048567639896646142,0.00012819255061913282
2.0993304318399169,0,0.0012460413854569197,38,42,10,0.83723384141921997,0.26342230619127693,2.4549088730007078,-41.333204527078934,0,-128.10009516589753,130.84990190980187,-35.865066603982619,-2.1316282072803006e-14,0.00012819255061913282,0.00023054366465657949
2.0993304318399169,0,0.0012460413854569197,38,42,11,1.8762346506118774,-0.31779467747393497,1.6092495347746056,-115.53082110063201,0,-807.03367056529817,154.33402164954097,-766.93901515908851,0,0.00023054366465657949,0.0001686765463091433
2.0993304318399169,0,0.0012460413854569197,38,42,12,2.2019298076629639,-0.41846050241539756,1.7124984607714884,44.71768876734096,0,-84.021006381702136,-2.7139781755615546,-40.723257831566642,0,0.0001686765463091433,0.0003402527654543519
2.0993304318399169,0,0.0012460413854569197,38,42,13,1.1666930913925171,0.1604084453801376,2.5362533860691552,32.333058592333252,0,458.10608390930219,47.888684488892984,541.02448882197768,0,0.0003402527654543519,0.00014900184760335833
2.0993304318399169,0,0.0012460413854569197,38,42,14,1.6705390214920044,0.21576461491632482,2.3954635408851792,-111.83937835161753,0,-523.40367363160954,104.77368809615325,-527.85813573127223,1.1368683772161603e-13,0.00014900184760335833,0.00035115951322950423
2.0993304318399169,0,0.0012460413854569197,38,42,15,2.6398119926452637,-0.71960908921209621,2.4380409839327899,-0.23267043580674354,0,-355.59868430764243,-12.46298424035546,-366.5759070890839,5.6843418860808015e-14,0.00035115951322950423,0.00035235969698987901
2.0993304318399169,0,0.0012460413854569197,38,42,16,1.8933485746383667,-0.22144224263398576,3.5025546054744776,119.83761592329326,0,299.77136491216726,-21.969752828396622,400.92034036990441,5.6843418860808015e-14,0.00035235969698987901,0.00033070685458369553
2.0993304318399169,0,0.0012460413854569197,38,42,17,1.4970813989639282,0.23162777782864422,3.8437403243488482,-39.704463641226994,0,49.143210568142088,85.170486351364147,98.684601380456741,0,0.00033070685458369553,0.00021821926929987967
2.0993304318399169,0,0.0012460413854569197,38,42,18,1.9849938154220581,-0.020913327280435944,3.8611235630052243,-91.679326988566459,0,-413.85124858292875,100.97064581450367,-400.71971952126677,0,0.00021821926929987967,0.00022563902894034982
2.0993304318399169,0,0.0012460413854569197,38,42,19,1.947346568107605,-0.43529102022962018,5.1662884384365588,75.951207343750326,0,-134.84992956452959,10.709823987000783,-43.457900815571556,-1.4210854715202004e-14,0.00022563902894034982,0.00044686303590424359
2.0993304318399169,0,0.0012460413854569197,38,42,20,1.1247791051864624,-0.02481451245369001,6.9387236633096689,118.48474066311927,0,195.37858855127905,4.8263808164385678,325.60361918169286,-5.6843418860808015e-14,0.00044686303590424359,0.00064198288600891829
2.0993304318399169,0,0.0012460413854569197,38,42,21,0.55979794263839722,0.66505060908603553,7.7656650485536671,15.341611190597691,0,176.80518309391752,38.052857527514121,238.63036746966901,0,0.00064198288600891829,0.00065241992706432939
2.0993304318399169,0,0.0012460413854569197,38,42,22,0.7602800726890564,0.3366806142414,7.9170926211020145,-57.692270522283827,0,-179.0714476708086,68.305634818946558,-160.20431013880244,0,0.00065241992706432939,0.00056675769155845046
2.0993304318399169,0,0.0012460413854569197,38,42,23,1.1410490274429321,-0.29686079600396659,8.0797442759852132,-47.460176724921602,0,-300.50649633845796,74.762215494981319,-265.421574088417,0,0.00056675769155845046,0.00055192835861817002
2.0993304318399169,0,0.0012460413854569197,38,42,24,1.0510659217834473,-0.28859053756119307,8.5889552623116323,59.841841117236051,0,1.4648096392422081,3.568506272858361,73.175521754087058,0,0.00055192835861817002,0.00053656601812690496
2.0993304318399169,0,0.0012460413854569197,38,42,25,0.73829412460327148,-0.011084313846030808,9.1333535262674133,57.87313543136797,0,71.750223993951835,9.7114075938761228,148.45703623161731,0,0.00053656601812690496,0.00040387833723798394
2.0993304318399169,0,0.0012460413854569197,38,42,26,0.7492135763168335,-0.065891499665433853,9.206338089884218,-25.767963754368466,0,-105.16220562897034,59.684463293674334,-62.105259499445694,-7.1054273576010019e-15,0.00040387833723798394,0.00058142584748566151
2.0993304318399169,0,0.0012460413854569197,38,42,27,1.01025390625,-0.60405997563020541,8.947285043818729,-49.606303185133264,0,-148.90176012999217,75.024161076082834,-115.14067717085409,-1.4210854715202004e-14,0.00058142584748566151,0.00092979992041364312
2.0993304318399169,0,0.0012460413854569197,38,42,28,1.0669957399368286,-0.82136110964221321,8.8742264851196069,41.397351536621869,0,-23.971560475937864,15.645460411042682,41.124116847204078,-7.1054273576010019e-15,0.00092979992041364312,0.00068871543044224381
2.0993304318399169,0,0.0012460413854569197,38,42,29,0.96472978591918945,-0.70103837896955123,8.7802609522531778,0.42841209356192334,0,41.128469850834506,13.631215610271639,63.267320127951699,7.1054273576010019e-15,0.00068871543044224381,0.00053867202950641513
2.0993304318399169,0,0.0012460413854569197,38,42,30,1.3687127828598022,-0.90594944753141382,8.407274912471852,-38.120448671797618,0,-162.86222545442044,27.655253921786077,-165.82609473949154,0,0.00053867202950641513,0.00048696232261136174
2.0993304318399169,0,0.0012460413854569197,38,42,31,1.3775811195373535,-1.2731653657421829,7.9233111977169157,11.444094379606357,0,49.37310656207449,40.124935090803739,107.59228186445932,0,0.00048696232261136174,0.00084640632849186659
2.0993304318399169,0,0.0012460413854569197,38,42,32,1.6130294799804688,-1.0205543763886924,6.4814213483660446,-78.178797157617183,0,-101.46545317223084,37.034589524426508,-137.14879383344416,0,0.00084640632849186659,0.00068763294257223606
2.0993304318399169,0,0.0012460413854569197,38,42,33,2.0111675262451172,-0.49277884607658828,4.7007461357656535,-17.669272252759725,0,36.152795360433593,-8.1916831396038692,14.499807257759066,1.7763568394002505e-15,0.00068763294257223606,0.00049184210365638137
2.0993304318399169,0,0.0012460413854569197,38,42,34,1.8187400102615356,-0.33700948127391878,3.7803788585585871,-15.677892679849625,0,-151.32112127962162,29.744217312345388,-133.8114272698412,-2.8421709430404007e-14,0.00049184210365638137,0.00075733737321570516
2.0993304318399169,0,0.0012460413854569197,38,42,35,2.2968833446502686,-0.66833404743570601,3.3172563445644538,-52.775433333700818,0,-477.89990894494036,24.643071079937673,-503.38334890157478,-5.6843418860808015e-14,0.00075733737321570516,0.00087523815454915166
2.0993304318399169,0,0.0012460413854569197,38,42,36,1.8825018405914307,-0.49900265466700627,3.6280947368755427,101.48267384593365,0,224.44813813611245,19.103850042612571,348.1637541068672,0,0.00087523815454915166,0.00061293732142075896
2.0993304318399169,0,0.0012460413854569197,38,42,37,1.2340245246887207,0.34771970887045944,3.8481931092266448,78.252080691263558,0,350.11992696909601,13.521864332258847,446.08978481071551,-5.6843418860808015e-14,0.00061293732142075896,0.00097002112306654453
2.0993304318399169,0,0.0012460413854569197,38,42,38,0.9802888035774231,1.4149967477666472,2.3776174592517862,-46.670561000443406,0,-4.2033272748302553,31.790511700285535,-15.290762367969696,1.7763568394002505e-15,0.00097002112306654453,0.00040553684812039137
2.0993304318399169,0,0.0012460413854569197,38,42,39,1.7950619459152222,0.26213014838069426,0.5562345341402285,-73.231393273211708,0,-797.07146299302258,75.292851421051267,-794.19164016266211,0,0.00040553684812039137,0.00027512357337400317
2.0993304318399169,0,0.0012460413854569197,38,42,40,1.7876739501953125,0.18726333485745764,0.35968439602541769,58.578704701135543,0,50.294221264355464,12.65413371845656,122.07400741483045,0,0.00027512357337400317,7.5152107456233352e-05
2.0993304318399169,0,0.0012460413854569197,38,42,41,0.7985999584197998,0.40494089082231144,0.91636313422988214,30.17167270181271,0,706.77997879928773,28.065871319188439,766.33882684534115,1.1368683772161603e-13,7.5152107456233352e-05,0.00030380411772057414
2.0993304318399169,0,0.0012460413854569197,38,42,42,1.0299911499023438,0.54997980083737763,0.65824180023308454,-72.582221709820814,0,-113.62812799729133,58.257060784530992,-126.74506732151069,0,0.00030380411772057414,0.00036155586712993681
2.0993304318399169,0,0.0012460413854569197,38,42,43,2.2640001773834229,-0.65426690026191647,0.29148470758955974,-61.856468599644934,0,-634.41287200513784,67.547327235964147,-629.08479556149098,0,0.00036155586712993681,0.0002882391563616693
2.0993304318399169,0,0.0012460413854569197,38,42,44,2.0351629257202148,-0.65830145409679564,0.86131406297093616,104.56833156224734,0,155.09264016135413,19.176750894621101,279.04073522709672,0,0.0002882391563616693,0.00040407295455224812
2.0993304318399169,0,0.0012460413854569197,38,42,45,1.1246168613433838,0.34304026733900045,1.5783085658463738,51.511627224734092,0,539.25649965515674,29.792052517075394,622.48152823015164,0,0.00040407295455224812,0.00036354962503537536
2.0993304318399169,0,0.0012460413854569197,38,42,46,1.1679739952087402,0.39634709075067076,1.5065373534089217,-70.394956973541341,0,-51.448867436128324,66.583926212701854,-53.357013752808214,0,0.00036354962503537536,0.00027978865546174347
2.0993304318399169,0,0.0012460413854569197,38,42,47,2.2784171104431152,-0.29722516572749591,0.89650461058499653,-134.66796444573666,0,-751.6704483261135,124.30542404507571,-761.433709281917,0,0.00027978865546174347,0.00025523841031827033
2.0993304318399169,0,0.0012460413854569197,38,42,48,2.7851166725158691,-0.59437624294454083,1.0082464342685427,64.078126848125279,0,-221.74621443214286,-24.438240733283791,-181.69245812597737,2.8421709430404007e-14,0.00025523841031827033,0.00031550732092000544
2.0993304318399169,0,0.0012460413854569197,38,42,49,1.832797646522522,0.12099690808932552,1.8655034739383154,137.27699218212058,0,493.94900281349481,-8.0093353391730897,625.20316003846995,0,0.00031550732092000544,0.0005205505876801908
2.0993304318399169,0,0.0012460413854569197,38,42,50,1.2869447469711304,0.7851599499000973,2.0639048438189906,-21.64849159342991,0,162.67480712228829,118.59007378393473,262.4654541065122,0,0.0005205505876801908,0.00050401920452713966
2.0993304318399169,0,0.0012460413854569197,38,42,51,2.0599784851074219,-0.21056477867715853,1.6018038730446191,-168.29142552086651,0,-510.59708911567844,157.07359165963308,-520.42368388254442,0,0.00050401920452713966,0.0004340562445577234
2.0993304318399169,0,0.0012460413854569197,38,42,52,2.9700565338134766,-1.0364218369951868,1.8473242275782287,-12.373436737100892,0,-354.51894806647675,-38.130207053562536,-404.21168946655712,0,0.0004340562445577234,0.00032700304291211069
2.0993304318399169,0,0.0012460413854569197,38,42,53,2.1553585529327393,-0.17088379464720321,2.81043039164887,178.29347981868216,0,307.44547113659252,-9.8002854042644714,478.57821214801186,-5.6843418860808015e-14,0.00032700304291211069,0.00056838378077372909
2.0993304318399169,0,0.0012460413854569197,38,42,54,1.4993627071380615,0.72637010957438441,3.628451258635796,49.517951561996945,0,354.25528041800493,47.633148825225298,455.76120217343737,0,0.00056838378077372909,0.00047183482092805207
2.0993304318399169,0,0.0012460413854569197,38,42,55,1.7168997526168823,0.26954016727746866,4.0884383244448923,-98.590174686319713,0,-207.32217813867612,104.7940180581635,-196.76035627510998,0,0.00047183482092805207,0.00053602241678163409
2.0993304318399169,0,0.0012460413854569197,38,42,56,2.6103966236114502,-0.89120424567338985,4.1537565490786399,-147.52319736487817,0,-486.30072759962383,94.781057333669423,-535.78031532742727,1.1368683772161603e-13,0.00053602241678163409,0.00051011057803407311
2.0993304318399169,0,0.0012460413854569197,38,42,57,2.616166353225708,-0.74307730225141244,4.5415752394516362,80.761324190580694,0,1.8529444904214674,-56.186657453406923,30.226109164795457,-3.5527136788005009e-15,0.00051011057803407311,0.0005481926491484046
2.0993304318399169,0,0.0012460413854569197,38,42,58,1.8710538148880005,0.28609040068897645,5.4073513366856591,145.04399437413147,0,355.55142312536918,-35.288030529324566,471.00082870755068,-5.6843418860808015e-14,0.0005481926491484046,0.00065310840727761388
2.0993304318399169,0,0.0012460413854569197,38,42,59,1.6622545719146729,0.57050881148762445,5.7414421230459736,-59.778698646992446,0,-54.837034987154567,85.268739861879581,-23.03504283773383,-3.5527136788005009e-15,0.00065310840727761388,0.00074083439540117979
2.0993304318399169,0,0.0012460413854569197,38,42,60,2.4799830913543701,-0.72221106275063263,5.4228809611587483,-186.46507217229941,0,-486.11149152971194,141.65840992416065,-526.21748387944263,0,0.00074083439540117979,0.00062961404910311103
2.0993304318399169,0,0.0012460413854569197,38,42,61,2.7870259284973145,-0.9293857081488206,5.6003977796243332,80.443315749535614,0,-37.554845211070038,-117.71210643632023,-70.152623826379141,0,0.00062961404910311103,0.0002024503774009645
2.0993304318399169,0,0.0012460413854569197,38,42,62,1.9708626270294189,-0.15487843411457317,6.3177748707094761,217.62320246605429,0,407.06400705419787,-134.198222735288,496.65188322155905,0,0.0002024503774009645,0.00059883116045966744
2.0993304318399169,0,0.0012460413854569197,38,42,63,1.5317331552505493,0.52621789645808337,6.4050075985101573,-22.048967927429509,0,145.73368235592866,113.85429284525479,244.47023276872221,0,0.00059883116045966744,0.00030633472488261759
2.0993304318399169,0,0.0012460413854569197,38,42,64,2.2216000556945801,-0.206439926550538,6.0364033382246074,-223.23092351655276,0,-352.74875848023817,150.44229289832197,-419.70742568679486,0,0.00030633472488261759,0.00029213525704108179
2.0993304318399169,0,0.0012460413854569197,38,42,65,2.9375302791595459,-0.65393079254899422,5.8220463115787169,-284.05673479508499,0,-455.99138517859814,103.66309814793672,-631.21690630671674,0,0.00029213525704108179,0.0007187480223365128
2.0993304318399169,0,0.0012460413854569197,38,42,66,3.5305929183959961,-2.1279165694235505,5.9614298764861378,24.908173784551359,0,-148.06717931306778,-164.06518518297059,-283.39067740442442,0,0.0007187480223365128,0.00080057833110913634
2.0993304318399169,0,0.0012460413854569197,38,42,67,2.808802604675293,-0.87788737313160081,6.3814233477281173,302.02574244068296,0,303.32666866852014,-116.35798746082325,494.4979596229764,5.6843418860808015e-14,0.00080057833110913634,0.00045440573012456298
2.0993304318399169,0,0.0012460413854569197,38,42,68,2.3335838317871094,-0.39902707678129612,6.2984472057233329,69.796729903187895,0,344.76515848120982,15.789635718098916,436.25094423143867,0,0.00045440573012456298,0.00065704580629244447
2.0993304318399169,0,0.0012460413854569197,38,42,69,2.6019625663757324,-0.23937595985729412,5.5785501710015142,-169.662286818019,0,-73.936771202160358,88.994336947071275,-149.26554686196386,2.8421709430404007e-14,0.00065704580629244447,0.00041601384873501956
2.0993304318399169,0,0.0012460413854569197,38,42,70,3.4773073196411133,-0.9484984884262162,4.5250410756792174,-266.09021458013302,0,-505.22758738473539,181.45710891870576,-586.28415045890961,0,0.00041601384873501956,0.000597588368691504
2.0993304318399169,0,0.0012460413854569197,38,42,71,4.0714669227600098,-0.92944550215473309,3.7624376670845394,5.6277161660756088,0,62.929316571329487,-235.62205927940374,-164.23203437706886,-2.8421709430404007e-14,0.000597588368691504,0.00032263770117424428
2.0993304318399169,0,0.0012460413854569197,38,42,72,3.4713468551635742,-0.31735743380569975,3.3304013093392446,210.5363212148946,0,593.17567273395196,-250.4984252687974,556.22661255558273,0,0.00032263770117424428,0.00056465750094503164
2.0993304318399169,0,0.0012460413854569197,38,42,73,3.1623814105987549,0.62866184565036909,2.248530048449962,-75.875245038639079,0,108.37524849548004,116.8679107432451,152.24510609418638,0,0.00056465750094503164,0.00030541111482307315
2.0993304318399169,0,0.0012460413854569197,38,42,74,4.4226813316345215,-0.29418412667210669,0.77980712509111583,-340.96666054400959,0,-610.98548481820842,190.06648906601202,-761.40003329778699,-1.1368683772161603e-13,0.00030541111482307315,0.00026094450731761754
2.0993304318399169,0,0.0012460413854569197,38,42,75,5.0703558921813965,-0.88116539264948546,0.57042790272337407,70.787301322736838,0,83.908689320996089,-304.76229883287704,-150.37704567907025,-2.8421709430404007e-14,0.00026094450731761754,0.00032218443811871111
2.0993304318399169,0,0.0012460413854569197,38,42,76,3.6457741260528564,0.091355898220885412,1.4315256795635487,361.55110584342526,0,750.58640691652215,-240.7836692105902,872.87672512714164,1.1368683772161603e-13,0.00032218443811871111,0.00019247265299782157
2.0993304318399169,0,0.0012460413854569197,38,42,77,2.7166719436645508,0.6017881771180672,1.5232429578076678,-5.9095611923447979,0,238.50499139807167,92.796853041468822,327.51731438212147,5.6843418860808015e-14,0.00019247265299782157,0.00036520403227768838
2.0993304318399169,0,0.0012460413854569197,38,42,78,3.8787665367126465,0.050978968018989081,0.62388010031191921,-331.04315165236062,0,-661.91792338407163,119.97145882612782,-872.31475714197359,-1.1368683772161603e-13,0.00036520403227768838,0.00038268388016149402
2.0993304318399169,0,0.0012460413854569197,38,42,79,4.8817481994628906,-0.92381697092161441,0.47569677301092905,-13.579457918753773,0,-309.25689466930834,-197.95508834844657,-521.23956113441932,0,0.00038268388016149402,0.00032622020808048546
2.0993304318399169,0,0.0012460413854569197,38,42,80,3.8789124488830566,-0.34091384300373695,1.4516472968344494,328.18834663407392,0,459.4755101503128,-221.86503708069219,566.90955315752524,0,0.00032622020808048546,0.00034536956809461117
2.0993304318399169,0,0.0012460413854569197,38,42,81,3.1529481410980225,0.32161588816428105,1.6620143815795596,34.040488389966043,0,319.70965226609007,-13.816146511757838,341.91762441404211,0,0.00034536956809461117,0.00017448037397116423
2.0993304318399169,0,0.0012460413854569197,38,42,82,3.5944497585296631,0.24565311591236216,1.139845753887498,-218.53436744575143,0,-105.6088429355344,-10.199805034169472,-332.95751654565544,0,0.00017448037397116423,0.00023520011745858938
2.0993304318399169,0,0.0012460413854569197,38,42,83,3.9504902362823486,-0.19354712431005658,0.84008775144080194,-148.25852013198778,0,-202.99825831272153,-0.79349037606132022,-351.40372819363989,-5.6843418860808015e-14,0.00023520011745858938,0.00050954241305589676
2.0993304318399169,0,0.0012460413854569197,38,42,84,3.7904777526855469,-0.21858334172629407,1.2319243187267166,89.892108069444006,0,220.9406695844896,-164.76798001086382,147.07813862007021,0,0.00050954241305589676,0.00050447066314518452
2.0993304318399169,0,0.0012460413854569197,38,42,85,3.0267045497894287,0.24370971729207147,2.2540533328898613,222.77007915418389,0,498.94318952812625,-117.87187602011844,606.33915571237367,0,0.00050447066314518452,0.00049694307381287217
2.0993304318399169,0,0.0012460413854569197,38,42,86,2.6201918125152588,0.49977175506805588,2.72145093145047,18.057024422301147,0,367.61909723383587,-29.68117051251124,359.21617383014427,-5.6843418860808015e-14,0.00049694307381287217,0.00049935944844037294
2.0993304318399169,0,0.0012460413854569197,38,42,87,3.1605489253997803,0.058113607490096149,2.4823184453110008,-204.46545971220024,0,-50.408356062841257,-20.95335039829348,-273.28673412053388,0,0.00049935944844037294,0.00045336168841458857
2.0993304318399169,0,0.0012460413854569197,38,42,88,3.5782043933868408,-0.54946468481925481,2.2512499282939071,-171.49781929391875,0,-161.45701848027181,4.6625930754430316,-326.59045945527288,-5.6843418860808015e-14,0.00045336168841458857,0.00036369985900819302
2.0993304318399169,0,0.0012460413854569197,38,42,89,3.5866734981536865,-0.34193202281066581,2.7157062223324258,93.864534811042532,0,158.08272313861727,-131.67424599291402,122.64678615626752,-2.8421709430404007e-14,0.00036369985900819302,0.00068082287907600403
2.0993304318399169,0,0.0012460413854569197,38,42,90,3.0039565563201904,-0.043377935301764467,3.393181652134543,152.79884642414092,0,275.78698460136178,-80.865222255254253,351.07041248708123,0,0.00068082287907600403,0.0006748936721123755
2.0993304318399169,0,0.0012460413854569197,38,42,91,3.0341815948486328,-0.092442654278345207,3.6741514436421876,71.462543072705586,0,7.4400964028860326,-53.885592765074769,28.598755499880692,3.5527136788005009e-15,0.0006748936721123755,0.00049529393436387181
2.0993304318399169,0,0.0012460413854569197,38,42,92,2.9744994640350342,-0.17683815649847795,4.1731825004620022,175.39179629976005,0,159.9019916449088,-59.789222392033047,279.50090989659935,0,0.00049529393436387181,0.00045594957191497087
2.0993304318399169,0,0.0012460413854569197,38,42,93,2.53188157081604,-0.043044957431339195,4.7948028544910999,138.19265367106235,0,260.55166323567414,-118.86053403147818,284.63554077231805,5.6843418860808015e-14,0.00045594957191497087,0.0004402011982165277
2.0993304318399169,0,0.0012460413854569197,38,42,94,2.6488208770751953,-1.1520925940078559,4.9031380081159153,-52.339367607382094,0,-124.35029346711245,2.6116108374393443,-170.32700482294715,0,0.0004402011982165277,0.0012796999653801322
2.0993304318399169,0,0.0012460413854569197,38,42,95,2.9648866653442383,-2.4145709023307891,4.7489288931550249,-42.781128339051449,0,-383.26254856627986,35.445886704933585,-388.26343220957352,0,0.0012796999653801322,0.0011881371028721333
2.0993304318399169,0,0.0012460413854569197,38,42,96,2.3173046112060547,-0.60987531641773363,4.981821687921256,170.69361383199791,0,5.6644536033082531,-122.39000677727685,58.340007029532821,-2.1316282072803006e-14,0.0011881371028721333,0.00093618896789848804
2.0993304318399169,0,0.0012460413854569197,38,42,97,1.6630370616912842,0.010553642043557318,3.6477871452977526,73.227566456833301,0,198.47725744327931,-80.103111773495826,195.26005291395811,-2.8421709430404007e-14,0.00093618896789848804,0.0006726059946231544
2.0993304318399169,0,0.0012460413854569197,38,42,98,1.711841344833374,0.50310816716983942,1.0531623835161379,0.099975577885710112,0,177.26502291698705,-80.160131337533983,98.761137708024748,-1.4210854715202004e-14,0.0006726059946231544,0.00045111187500879169
2.0993304318399169,0,0.0012460413854569197,38,42,99,1.5136432647705078,0.17893175544270268,0.026281272849018079,22.969986959301021,0,184.35209550896565,-75.610238004434848,131.91705749212355,0,0.00045111187500879169,0.00033278638147749007
2.0993304318399169,0,0.0012460413854569197,38,42,100,1.2685824632644653,0.10839072831034915,0.0013432313402819418,14.72348467507657,0,162.12527629034997,-66.723700680922931,110.23479424415424,1.4210854715202004e-14,0.00033278638147749007,0.00023799252812750638
2.0993304318399169,0,0.0012460413854569197,38,42,101,1.0835038423538208,0.047354896953121832,-0.00018938508933706222,8.9846951636178893,0,145.27943925181256,-59.738804086247619,94.572495841046603,-1.4210854715202004e-14,0.00023799252812750638,0.00017755709995981306
2.0993304318399169,0,0.0012460413854569197,38,42,102,0.9365045428276062,0.023758590463300425,-0.00041501055505806369,5.9208503006610789,0,132.088833712309,-54.084300205523206,83.948727387355106,0,0.00017755709995981306,0.00013725028838962317
2.0993304318399169,0,0.0012460413854569197,38,42,103,0.81757450103759766,0.013292510927690338,-0.00066401687896906075,4.0536987544347998,0,121.20436339283896,-49.326849919100582,75.943840722221907,1.4210854715202004e-14,0.00013725028838962317,0.00010855180880753323
2.0993304318399169,0,0.0012460413854569197,38,42,104,0.71915113925933838,0.0078998966821327982,-0.00062894556317206357,2.8722648680131404,0,112.33614695273863,-45.231151854912831,69.984530916957894,-1.4210854715202004e-14,0.00010855180880753323,8.7337211880367249e-05
2.0993304318399169,0,0.0012460413854569197,38,42,105,0.636951744556427,0.0048675740884666563,-0.00061024086749622596,2.085471420614021,0,104.82601981012787,-41.654322256431456,65.261426307531408,0,8.7337211880367249e-05,7.1257927629631013e-05
2.0993304318399169,0,0.0012460413854569197,38,42,106,0.56763607263565063,0.0030755552310663447,-0.00063595978983609807,1.5529699215596071,0,98.649873021822756,-38.500212362149121,61.705070176674468,-7.1054273576010019e-15,7.1257927629631013e-05,5.880244862055406e-05
2.0993304318399169,0,0.0012460413854569197,38,42,107,0.50838810205459595,0.0019926900357008755,-0.00055763389380073035,1.1819600736736895,0,93.714284432985593,-35.699221949183688,59.198457613617485,-1.4210854715202004e-14,5.880244862055406e-05,4.9073572881752625e-05
2.0993304318399169,0,0.0012460413854569197,38,42,108,0.45739069581031799,0.0013344964483995481,-0.00047346276325946097,0.91181075496098718,0,89.635472196067539,-33.198588786717956,57.349555197995706,0,4.9073572881752625e-05,4.1346571379108354e-05
2.0993304318399169,0,0.0012460413854569197,38,42,109,0.4132295548915863,0.00092439004924328347,-0.00046995560430823755,0.71693013089094748,0,86.259765715873456,-30.957078928274662,56.020071352934679,7.1054273576010019e-15,4.1346571379108354e-05,3.507958899717778e-05
2.0993304318399169,0,0.0012460413854569197,38,42,110,0.37451770901679993,0.00065418657870808792,-0.00041501055505806369,0.57426163278370812,0,83.685059738883311,-28.941135977735701,55.318424569954971,0,3.507958899717778e-05,2.9977869417052716e-05
2.0993304318399169,0,0.0012460413854569197,38,42,111,0.34039875864982605,0.0004474570101607884,-0.00030395139597077391,0.46510169558983705,0,81.616258887117695,-27.122824175538756,54.958679912782969,0,2.9977869417052716e-05,2.5767418264877051e-05
2.0993304318399169,0,0.0012460413854569197,38,42,112,0.31013768911361694,0.00034458116113407836,-0.00020107554694406382,0.38048121842245847,0,80.008374150528041,-25.479254376220521,54.909744498344175,7.1054273576010019e-15,2.5767418264877051e-05,2.2286607418209314e-05
2.0993304318399169,0,0.0012460413854569197,38,42,113,0.28315606713294983,0.00024638146321672458,-0.00010287584902671008,0.31439688308795677,0,78.755689726661046,-23.990933733853517,55.079296381509678,7.1054273576010019e-15,2.2286607418209314e-05,1.9375271222088486e-05
2.0993304318399169,0,0.0012460413854569197,38,42,114,0.25891241431236267,0.00018378982954817544,-1.6366612993158511e-05,0.26347630765286667,0,77.854785398378496,-22.641430855612985,55.476998273634933,0,1.9375271222088486e-05,1.686725954641588e-05
2.0993304318399169,0,0.0012460413854569197,38,42,115,0.2369614839553833,0.00013396207625903286,0.00010521394739099132,0.22377308772696264,0,77.280978200039726,-21.416610438501213,56.088380025289126,0,1.686725954641588e-05,1.4727042071172036e-05
2.0993304318399169,0,0.0012460413854569197,38,42,116,0.21692438423633575,0.00010625055261281588,0.00025251348286222042,0.19102989008927432,0,76.99675337233522,-20.304418010926234,56.883724015533737,0,1.4727042071172036e-05,1.2915743354824372e-05
2.0993304318399169,0,0.0012460413854569197,38,42,117,0.19861350953578949,8.0877150140483208e-05,0.00039747489715956515,0.16335722415296652,0,76.888669727247773,-19.294497251064005,57.758008052384035,-7.1054273576010019e-15,1.2915743354824372e-05,1.1324375918775331e-05
2.0993304318399169,0,0.0012460413854569197,38,42,118,0.18183393776416779,7.4476821133892418e-05,0.00053542203917366922,0.13996580903999414,0,76.907696179929133,-18.378524833291507,58.669747054537929,7.1054273576010019e-15,1.1324375918775331e-05,9.9422786661307327e-06
2.0993304318399169,0,0.0012460413854569197,38,42,119,0.16644765436649323,5.5849267535690013e-05,0.00066167880341438251,0.11933687700017957,0,77.025992641226438,-17.549217847688599,59.596829198608965,-7.1054273576010019e-15,9.9422786661307327e-06,8.7365815488738008e-06
2.0993304318399169,0,0.0012460413854569197,38,42,120,0.15241521596908569,5.6827160839172435e-05,0.00075637131957090981,0.10108774639568273,0,77.155733675255391,-16.800632770067569,60.457001850063911,-7.1054273576010019e-15,8.7365815488738008e-06,7.6554642873816192e-06
2.0993304318399169,0,0.0012460413854569197,38,42,121,0.13964378833770752,4.9180606358401159e-05,0.00078793547641668347,0.084847694389846087,0,77.308256225537008,-16.127567521914035,61.266373514095598,-7.1054273576010019e-15,7.6554642873816192e-06,6.7172763920098078e-06
2.0993304318399169,0,0.0012460413854569197,38,42,122,0.12814269959926605,4.8912182949290756e-05,0.0007762450986432927,0.070652597386217139,0,77.418133690801838,-15.526338792463788,61.963272653005852,-7.1054273576010019e-15,6.7172763920098078e-06,5.8627483667805791e-06
2.0993304318399169,0,0.0012460413854569197,38,42,123,0.11785240471363068,4.2932782358040157e-05,0.0007762450986432927,0.058472558381839665,0,77.490771449184351,-14.993765540602279,62.556297644844904,0,5.8627483667805791e-06,5.0857124733738601e-06
2.0993304318399169,0,0.0012460413854569197,38,42,124,0.10879108309745789,3.9425669026022912e-05,0.0007797522119753099,0.047446543691573549,0,77.464856727021868,-14.527348376882367,62.985774071712072,-7.1054273576010019e-15,5.0857124733738601e-06,4.4007324504491407e-06
2.0993304318399169,0,0.0012460413854569197,38,42,125,0.10098475962877274,4.0690279040290323e-05,0.00073065239723103771,0.037132077671666257,0,77.321386989235393,-14.124528117850996,63.234762291732338,1.4210854715202004e-14,4.4007324504491407e-06,3.792559709836496e-06
2.0993304318399169,0,0.0012460413854569197,38,42,126,0.094498768448829651,4.5691877566470847e-05,0.00063595978983609807,0.027959677164687828,0,77.009154649161474,-13.78349898452961,63.254296993463953,-7.1054273576010019e-15,3.792559709836496e-06,3.2354794257116737e-06
2.0993304318399169,0,0.0012460413854569197,38,42,127,0.089344397187232971,5.6001863780332147e-05,0.00051204119238847535,0.018631812242336884,0,76.526144648800837,-13.502825920776306,63.042518583323037,-7.1054273576010019e-15,3.2354794257116737e-06,2.7283008421363775e-06
2.0993304318399169,0,0.0012460413854569197,38,42,128,0.08593904972076416,6.1328772865718357e-05,0.00032733226556557095,0.0085266252431233629,0,75.586015452639685,-13.286000896536375,62.30892984238487,1.4210854715202004e-14,2.7283008421363775e-06,2.1974906303512398e-06
2.0993304318399169,0,0.0012460413854569197,38,42,129,0.084394171833992004,8.4286923491333005e-05,7.7156892472433322e-05,-0.0020210373998427044,0,74.140136595669375,-13.13536783684159,61.002909165243913,0,2.1974906303512398e-06,1.1654840363917174e-06
2.0993304318399169,0,0.0012460413854569197,38,42,130,0.084994301199913025,0.00017579770530385796,-0.0001040448982088507,-0.019983156775959521,0,72.072310386200144,-13.050579936457657,59.001819045773622,0,1.1654840363917174e-06,7.8021338367761928e-07
2.0993304318399169,0,0.0012460413854569197,38,42,131,0.089894190430641174,-6.9109539051044841e-05,-0.00030161329760649267,-0.066048458930954179,0,67.35645281029025,-13.065875243170076,54.22415838535256,0,7.8021338367761928e-07,3.500403238376748e-07
2.0993304318399169,0,0.0012460413854569197,38,42,132,0.10482038557529449,1.9153679902973014e-06,-0.00022913259045782028,-0.053390067879276651,0,55.91794917023671,-13.277474271293253,42.586857613841715,0,3.500403238376748e-07,3.500403238376748e-07
2.1005764732253738,4,0.0011738094035536051,38,42,0,0.0091868136078119278,3.9670945376480244e-07,4.8128723490138698,-0.30660086843666523,0,-401.89417338940427,197.12471176578751,-200.26318022530319,9.5210268966638978e-06,0.00022380836890079081,0.00022380836890079081
2.1005764732253738,4,0.0011738094035536051,38,42,1,0.069731071591377258,0.11122701638985273,9.684570362669799,-0.0072994539492723656,0,85.272887507282093,53.394236168675306,148.45562160106778,0,0.00022380836890079081,0.00050386058865115047
2.1005764732253738,4,0.0011738094035536051,38,42,2,0.060194432735443115,-0.15208015593855209,9.6905178308006406,-4.0218467896188272,0,76.110295542592411,58.299799284851865,139.92668571268754,0,0.00050386058865115047,0.00034922198392450809
2.1005764732253738,4,0.0011738094035536051,38,42,3,0.26415571570396423,-0.28396780068047572,9.5436107661391816,-9.5298370139044675,0,-62.328628160856958,74.496678252566269,11.897856043263547,-5.3290705182007514e-15,0.00034922198392450809,0.00028189842123538256
2.1005764732253738,4,0.0011738094035536051,38,42,4,0.18226650357246399,-0.14582166759595855,9.4022782627220263,4.3699101433251748,0,125.70139560402288,51.853949827758676,191.1817121702328,0,0.00028189842123538256,0.00031862730975262821
2.1005764732253738,4,0.0011738094035536051,38,42,5,0.047603264451026917,0.10521845500313103,8.8529253255943257,-5.7547879359861689,0,-81.617593905590681,80.632142233033875,2.2179073457301071,3.173675618306504e-06,0.00031862730975262821,0.00042594640399329364
2.1005764732253738,4,0.0011738094035536051,38,42,6,0.53401380777359009,-0.40425486757540902,7.778861455768979,-41.218251887890702,0,-405.23714557233569,123.92540672140861,-315.15538415062423,0,0.00042594640399329364,0.00023380955099128187
2.1005764732253738,4,0.0011738094035536051,38,42,7,1.0495491027832031,-0.55229295088955155,6.1429383832859958,-40.775993841482439,0,-252.97703587820465,38.933637054091136,-249.2287472331995,0,0.00023380955099128187,0.00038259485154412687
2.1005764732253738,4,0.0011738094035536051,38,42,8,1.1097460985183716,-0.49196494754608427,3.991742096010432,-4.4417240754834948,0,-72.795486557202622,74.460726855028284,0.72329337080650835,-7.7715611723760958e-15,0.00038259485154412687,0.00042438585660420358
2.1005764732253738,4,0.0011738094035536051,38,42,9,1.2560120820999146,-0.12394512476809853,2.8381740812655347,53.342632202929579,0,184.52146188227132,91.629753447058036,332.20807648875638,0,0.00042438585660420358,0.00035633725929073989
2.1005764732253738,4,0.0011738094035536051,38,42,10,0.79254448413848877,0.23689762892710126,2.6680057594278499,36.384743903220347,0,240.66378377906616,96.228485603314752,376.18191667395621,0,0.00035633725929073989,0.00028225081041455269
2.1005764732253738,4,0.0011738094035536051,38,42,11,0.9205968976020813,0.21520258067433862,2.0028666225129044,-75.157767581022455,0,-439.61175949965417,103.55820372339592,-408.99327954349849,-2.5389405038822588e-05,0.00028225081041455269,0.00025415697018615901
2.1005764732253738,4,0.0011738094035536051,38,42,12,2.1511869430541992,-0.52110444705347025,1.4885423367337285,-100.18354556297336,0,-533.86251200789923,82.755242366665456,-550.32337731452697,-1.1368683772161603e-13,0.00025415697018615901,0.00027054187376052141
2.1005764732253738,4,0.0011738094035536051,38,42,13,1.840831995010376,-0.28678185919075633,2.2318134005676518,63.812511938475126,0,425.32920358791966,75.05839344969219,566.1451405174638,-1.1368683772161603e-13,0.00027054187376052141,0.00032833870500326157
2.1005764732253738,4,0.0011738094035536051,38,42,14,1.0128059387207031,0.23858304904142102,2.6518483784401901,-34.786277740652388,0,21.445770313557169,118.02244621760346,107.57237021798986,0,0.00032833870500326157,0.00024229635891970247
2.1005764732253738,4,0.0011738094035536051,38,42,15,2.1830432415008545,-0.16951097427279685,2.3028303434333575,-135.39113509087522,0,-642.70506338127768,149.24085242547167,-626.7220266775206,1.1368683772161603e-13,0.00024229635891970247,0.00026539620012044907
2.1005764732253738,4,0.0011738094035536051,38,42,16,2.3929119110107422,-0.45623134349821964,3.0343730889761784,78.905396101496521,0,39.428324221908952,14.819897280021136,135.73175934890457,0,0.00026539620012044907,0.00024918964481912553
2.1005764732253738,4,0.0011738094035536051,38,42,17,1.6200464963912964,0.075819507512982817,3.9884148938217066,74.533035880584904,0,291.1757512139805,42.969029091299312,412.7420505871994,0,0.00024918964481912553,0.00017437709902878851
2.1005764732253738,4,0.0011738094035536051,38,42,18,1.4856804609298706,0.28987956496047879,4.0638956114611737,-87.843990040212461,0,-180.20353654576746,78.412638528461827,-185.28111288109645,0,0.00017437709902878851,0.00019949433044530451
2.1005764732253738,4,0.0011738094035536051,38,42,19,1.8931962251663208,-0.13849523740383018,4.8119738021010923,-74.453820936857142,0,-388.36263607878095,72.900497136451989,-385.24248131448883,5.6843418860808015e-14,0.00019949433044530451,0.00023328512907028198
2.1005764732253738,4,0.0011738094035536051,38,42,20,1.5304946899414062,-0.30372631173468545,6.480460770096359,81.656490474113426,0,22.704627794297419,11.819377392281979,122.35723011905449,-1.4210854715202004e-14,0.00023328512907028198,0.00049713574117049575
2.1005764732253738,4,0.0011738094035536051,38,42,21,0.85714125633239746,0.22984552332225125,7.6598105355319763,75.121968519914716,0,305.54326007498207,18.200852012893851,406.75573666664485,0,0.00049713574117049575,0.00068793876562267542
2.1005764732253738,4,0.0011738094035536051,38,42,22,0.56065887212753296,0.63855464464453149,8.0636639331401749,1.0299973837011525,0,70.496120479074264,84.892217810151919,165.12055425071205,0,0.00068793876562267542,0.00062814942793920636
2.1005764732253738,4,0.0011738094035536051,38,42,23,0.81032276153564453,0.18385658318511278,8.1503171791260218,-69.693764500970246,0,-259.73302961257554,96.270758962707916,-224.82186138852671,0,0.00062814942793920636,0.00060335476882755756
2.1005764732253738,4,0.0011738094035536051,38,42,24,1.1422456502914429,-0.481760786976346,8.413106248907809,-28.557190329096279,0,-204.27157539076376,49.055935834626112,-175.84148442330249,-2.8421709430404007e-14,0.00060335476882755756,0.00043607412953861058
2.1005764732253738,4,0.0011738094035536051,38,42,25,0.92327773571014404,-0.17992281224158099,8.946935151690786,76.690779857394858,0,65.052225807814509,36.634677206443435,187.144695211102,0,0.00043607412953861058,0.00034929628600366414
2.1005764732253738,4,0.0011738094035536051,38,42,26,0.67182785272598267,0.033015747580121921,9.2506202056422797,26.213240455716019,0,30.567929650719144,42.868893277817811,108.93369933747537,-1.4210854715202004e-14,0.00034929628600366414,0.00030562942265532911
2.1005764732253738,4,0.0011738094035536051,38,42,27,0.86678385734558105,-0.24636847207155527,9.0659368799555207,-60.997588601585292,0,-104.71392944085984,62.0891299031057,-94.802819731455472,0,0.00030562942265532911,0.00076079700374975801
2.1005764732253738,4,0.0011738094035536051,38,42,28,1.118238091468811,-0.65841153964327492,8.7542803462400762,-17.329081401407883,0,-149.14554059894797,52.58155939742214,-105.7971937963369,1.4210854715202004e-14,0.00076079700374975801,0.00035585855948738754
2.1005764732253738,4,0.0011738094035536051,38,42,29,1.0435634851455688,-0.63386395206321644,8.7306467772414926,36.003191924264989,0,64.786551073466029,34.044653219406314,142.93117904231562,2.8421709430404007e-14,0.00035585855948738754,0.00064578285673633218
2.1005764732253738,4,0.0011738094035536051,38,42,30,1.1620866060256958,-0.74705468024920496,8.5083926860264842,-41.14485111791732,0,-75.644787148517906,40.696778897754683,-68.33152136290326,0,0.00064578285673633218,0.0004090502334292978
2.1005764732253738,4,0.0011738094035536051,38,42,31,1.5116455554962158,-1.119602941441916,8.0135373134002705,-9.2620549589375969,0,-38.950901849518978,35.275937806272097,-6.0430846302261267,-8.8817841970012523e-16,0.0004090502334292978,0.00069339358014985919
2.1005764732253738,4,0.0011738094035536051,38,42,32,1.4421364068984985,-1.0016120288653734,6.8873839054577894,-49.947357845613773,0,34.62556280674319,53.302110712484229,43.866087550206061,0,0.00069339358014985919,0.00056684232549741864
2.1005764732253738,4,0.0011738094035536051,38,42,33,2.0292348861694336,-1.1569233833048396,4.8375746532808961,-24.099826380107558,0,-162.56064209805348,34.094314895666407,-148.88550231251858,0,0.00056684232549741864,0.00069849169813096523
2.1005764732253738,4,0.0011738094035536051,38,42,34,1.6520054340362549,-0.24436350249222796,3.821121327040728,60.485078071428724,0,39.803478070793993,13.002320551949797,116.86763451872102,0,0.00069849169813096523,0.00045232355478219688
2.1005764732253738,4,0.0011738094035536051,38,42,35,1.6696468591690063,0.077872875645669429,3.581654409336319,-65.584692410333247,0,-414.9457493871335,85.842086231543831,-391.0288282809409,5.6843418860808015e-14,0.00045232355478219688,0.0010058018378913403
2.1005764732253738,4,0.0011738094035536051,38,42,36,2.3163282871246338,-1.2826473532636196,3.5165087663863321,-15.393088488225564,0,-160.30870342854161,57.744241018448378,-115.72368948519609,-1.4210854715202004e-14,0.0010058018378913403,0.00052137987222522497
2.1005764732253738,4,0.0011738094035536051,38,42,37,1.7898708581924438,-0.74902949991004608,3.7308627855390677,148.27026624956633,0,396.41310862916453,52.01111024496214,599.67631840932199,0,0.00052137987222522497,0.00075859599746763706
2.1005764732253738,4,0.0011738094035536051,38,42,38,0.96123588085174561,1.7240540611841024,2.7540276423180288,51.992626758092328,0,376.82822936867854,47.267963152832515,480.56690098310554,5.6843418860808015e-14,0.00075859599746763706,0.00073199922917410731
2.1005764732253738,4,0.0011738094035536051,38,42,39,0.80546629428863525,1.5766118354695147,0.9507003211164673,-55.933925660218748,0,-436.86523521994462,67.662510540074294,-422.6093381835031,-5.6843418860808015e-14,0.00073199922917410731,0.00042710921843536198
2.1005764732253738,4,0.0011738094035536051,38,42,40,1.9397832155227661,-0.0056866254664063457,0.072003751433360852,-64.471011547617138,0,-505.02857716385665,48.61390629286322,-520.81936529264362,0,0.00042710921843536198,0.0001087892524083145
2.1005764732253738,4,0.0011738094035536051,38,42,41,1.7534898519515991,0.051063201171562357,0.67355041869707521,70.079531121162404,0,552.81377327618338,40.692513477707806,664.31043149492223,0,0.0001087892524083145,0.00017488756566308439
2.1005764732253738,4,0.0011738094035536051,38,42,42,0.87206155061721802,0.5297052071884546,1.0978572135564348,8.3010151993276562,0,391.82966089474246,66.180530967834201,467.93876948264921,0,0.00017488756566308439,0.00034424022305756807
2.1005764732253738,4,0.0011738094035536051,38,42,43,1.4801344871520996,0.19406833082315428,0.4887035495380021,-98.902193069366831,0,-471.98375871496285,108.11895332971137,-462.08422657425717,-5.6843418860808015e-14,0.00034424022305756807,0.00040628726128488779
2.1005764732253738,4,0.0011738094035536051,38,42,44,2.3828592300415039,-0.84085432471819244,0.35520578509495143,-29.771210120534217,0,-324.00597841146822,2.2534620338143236,-352.00937503781137,-5.6843418860808015e-14,0.00040628726128488779,0.00032449979335069656
2.1005764732253738,4,0.0011738094035536051,38,42,45,1.9002546072006226,-0.50729280906592178,1.2547568934714119,111.81219774458775,0,497.32177560010734,22.934148015867585,632.81558544496818,0,0.00032449979335069656,0.00045099458657205105
2.1005764732253738,4,0.0011738094035536051,38,42,46,1.1014889478683472,0.45356724116146213,1.8770785839773416,40.940720301388104,0,442.87104820357064,65.709811398375038,551.8522257284726,0,0.00045099458657205105,0.00025311706122010946
2.1005764732253738,4,0.0011738094035536051,38,42,47,1.329639196395874,0.41556902119678119,1.3131447892312424,-87.568261101467769,0,-419.87073539816635,89.02058584862003,-416.68969684058607,0,0.00025311706122010946,0.00031048807431943715
2.1005764732253738,4,0.0011738094035536051,38,42,48,2.5587203502655029,-0.46825689634755557,0.72844751920718409,-118.65017386783585,0,-669.17006517737968,76.29120140086043,-711.2688470214955,-1.1368683772161603e-13,0.00031048807431943715,0.00026241771411150694
2.1005764732253738,4,0.0011738094035536051,38,42,49,2.6118266582489014,-0.42338915630411983,1.2598177159730897,106.70029493364341,0,161.77214873510184,25.168415659470952,294.47728788788515,0,0.00026241771411150694,0.00031352139194495976
2.1005764732253738,4,0.0011738094035536051,38,42,50,1.6139875650405884,0.36871664293352358,2.1045160809152406,93.491507739900626,0,563.05250786823615,49.941162830783782,708.95841116276927,-1.1368683772161603e-13,0.00031352139194495976,0.00039570595254190266
2.1005764732253738,4,0.0011738094035536051,38,42,51,1.4115090370178223,0.62597915331491416,2.1719332821974846,-72.561904030825914,0,-126.09678480872554,84.965034623809345,-110.89574178022971,0,0.00039570595254190266,0.00047684379387646914
2.1005764732253738,4,0.0011738094035536051,38,42,52,2.4663920402526855,-0.59072715454392,1.8035282545398934,-143.67661197431784,0,-655.45216963375583,140.07639433951149,-657.83958616856626,0,0.00047684379387646914,0.00043366019963286817
2.1005764732253738,4,0.0011738094035536051,38,42,53,2.7516868114471436,-0.80316883577478249,2.1707437489003709,44.201938600087715,0,-48.746235871936634,-25.949190643290166,-29.125913002013498,0,0.00043366019963286817,0.00028027445659972727
2.1005764732253738,4,0.0011738094035536051,38,42,54,2.0672600269317627,0.011049151706257278,3.2696682100647965,163.52442391340784,0,477.48452565351437,-5.1575021823978826,639.13216474629542,1.1368683772161603e-13,0.00028027445659972727,0.0006636626785621047
2.1005764732253738,4,0.0011738094035536051,38,42,55,1.4717282056808472,0.69298833892396128,4.2248378598873781,36.260437376139869,0,160.85213825403807,93.568996204085593,295.59939803307486,0,0.0006636626785621047,0.00059413659619167447
2.1005764732253738,4,0.0011738094035536051,38,42,56,1.9427921772003174,-0.18944859964538141,4.445525345469469,-120.4977100938555,0,-444.02423498053048,101.19262207692077,-459.07324625164114,-5.6843418860808015e-14,0.00059413659619167447,0.00048970564967021346
2.1005764732253738,4,0.0011738094035536051,38,42,57,2.6538293361663818,-0.88265036825546817,4.3882163010691517,-117.84644686185962,0,-321.20440990162996,49.909679968533005,-385.63561086214287,0,0.00048970564967021346,0.00041797332232818007
2.1005764732253738,4,0.0011738094035536051,38,42,58,2.4579403400421143,-0.55123572019526834,4.9941784871207284,136.60332684515021,0,250.58185018545174,-47.376426691167445,344.25169310635999,5.6843418860808015e-14,0.00041797332232818007,0.00056279601994901896
2.1005764732253738,4,0.0011738094035536051,38,42,59,1.6335519552230835,0.43075743934362043,5.7750224983848968,110.4949954110634,0,308.54911173777981,-2.2757031526301934,422.9741839339415,-5.6843418860808015e-14,0.00056279601994901896,0.00055735540809109807
2.1005764732253738,4,0.0011738094035536051,38,42,60,1.8242943286895752,0.3349882068197132,5.7321655793852315,-119.08534827023769,0,-282.42036722204006,107.97463995145863,-287.4639217546142,-5.6843418860808015e-14,0.00055735540809109807,0.0006636605248786509
2.1005764732253738,4,0.0011738094035536051,38,42,61,2.6996128559112549,-0.92106057098788385,5.4381404006329106,-147.61095417946302,0,-431.20431191439485,90.766919906146484,-483.53126635806638,0,0.0006636605248786509,0.00047524768160656095
2.1005764732253738,4,0.0011738094035536051,38,42,62,2.5897114276885986,-0.60807347376451282,5.8839918412733736,154.9830218271525,0,280.27161109461463,-124.52426661810944,316.00628467116655,0,0.00047524768160656095,0.00020851712906733155
2.1005764732253738,4,0.0011738094035536051,38,42,63,1.8363531827926636,0.010665533664466714,6.4445399191863171,148.79724874059625,0,554.79262350507486,-97.427271751728114,612.61780594679374,-1.1368683772161603e-13,0.00020851712906733155,0.00041687680641189218
2.1005764732253738,4,0.0011738094035536051,38,42,64,1.698627233505249,0.48777331545760533,6.4127623018113953,-60.684029449329593,0,92.314353364582132,93.136360742187847,131.66722027470939,0,0.00041687680641189218,0.00041435527964495122
2.1005764732253738,4,0.0011738094035536051,38,42,65,2.1510078907012939,-0.13735588785261768,6.1607383397669686,-241.68794159960788,0,-392.00896087314163,136.17414434233805,-491.49937567849713,0,0.00041435527964495122,0.00033008426544256508
2.1005764732253738,4,0.0011738094035536051,38,42,66,3.1774764060974121,-0.95346736955647682,5.8686530702435578,-259.42305036643063,0,-600.66762233974077,91.350469991607611,-763.82501701387673,0,0.00033008426544256508,0.00067867321195080876
2.1005764732253738,4,0.0011738094035536051,38,42,67,3.4249675273895264,-2.0169065667910946,5.9786693293805202,98.715225490645295,0,-8.3256937010274576,-225.60436285188874,-131.25306829968147,0,0.00067867321195080876,0.0006222153315320611
2.1005764732253738,4,0.0011738094035536051,38,42,68,2.8771705627441406,-1.1159278250622389,6.3024754868269648,282.63546626154698,0,378.75569144176711,-146.19686587630241,520.38083948877636,-1.1368683772161603e-13,0.0006222153315320611,0.00048070776392705739
2.1005764732253738,4,0.0011738094035536051,38,42,69,2.4159715175628662,-0.19507512982812761,6.0124987280503142,64.890850749374238,0,274.63171021643871,7.3330695215465793,352.67305408558173,0,0.00048070776392705739,0.00051263696514070034
2.1005764732253738,4,0.0011738094035536051,38,42,70,2.7467730045318604,-0.18424297819307969,5.0778984634054369,-211.45312094302597,0,-286.43453371663401,72.316947050990848,-420.6770521234568,-5.6843418860808015e-14,0.00051263696514070034,0.0004637954116333276
2.1005764732253738,4,0.0011738094035536051,38,42,71,3.8668270111083984,-1.2103030205656164,3.9334690476374661,-241.57368927692363,0,-522.1170685630965,58.89448262442346,-702.07310918852488,-1.1368683772161603e-13,0.0004637954116333276,0.00038538756780326366
2.1005764732253738,4,0.0011738094035536051,38,42,72,4.1644282341003418,-1.3316453346075641,3.1454644307328432,133.9423140816186,0,381.27086746274352,-219.19668636527459,297.8303142752128,0,0.00038538756780326366,0.00059965887339785695
2.1005764732253738,4,0.0011738094035536051,38,42,73,3.3520851135253906,0.38920133064284984,2.5441889701680442,149.22815772295121,0,581.7978102828281,-111.34452490373349,622.61483340285668,0,0.00059965887339785695,0.00044449770939536393
2.1005764732253738,4,0.0011738094035536051,38,42,74,3.4739453792572021,0.43812988783238549,1.5184792222431818,-199.76627624505775,0,-277.49583822029791,60.920760261931385,-414.38474509334873,0,0.00044449770939536393,0.00032585440203547478
2.1005764732253738,4,0.0011738094035536051,38,42,75,4.8829798698425293,-0.49816868998405822,0.49776245950340309,-260.62082093864234,0,-672.64821055274922,58.457784857719162,-874.81165286415296,1.1368683772161603e-13,0.00032585440203547478,0.00020457466598600149
2.1005764732253738,4,0.0011738094035536051,38,42,76,4.7334146499633789,-0.44122833743233375,0.68212301246084228,233.61299366276484,0,527.6231164978966,-302.94678717906453,458.53021765662538,-5.6843418860808015e-14,0.00020457466598600149,0.00018632654973771423
2.1005764732253738,4,0.0011738094035536051,38,42,77,3.1247720718383789,0.2374415175882128,1.5686591994046184,272.67774160448744,0,831.18859269899883,-209.05554864619924,896.61688637427994,1.1368683772161603e-13,0.00018632654973771423,0.00011973383516306058
2.1005764732253738,4,0.0011738094035536051,38,42,78,2.7918262481689453,0.53659238083790195,1.3318647149354961,-117.64881573302088,0,-178.97946254993332,122.83759766242922,-171.92222352475159,0,0.00011973383516306058,0.00036070065107196569
2.1005764732253738,4,0.0011738094035536051,38,42,79,4.232262134552002,-0.28820475682404728,0.43729134322449015,-282.95049799929507,0,-743.44930856517533,90.085468274847457,-936.16525170322245,1.1368683772161603e-13,0.00036070065107196569,0.00030892208451405168
2.1005764732253738,4,0.0011738094035536051,38,42,80,4.5853052139282227,-0.81387974308302358,0.70460374378678614,128.88271344505861,0,-42.659075234559424,-218.89566957910912,-132.78130736790615,2.8421709430404007e-14,0.00030892208451405168,0.00038278260035440326
2.1005764732253738,4,0.0011738094035536051,38,42,81,3.5789916515350342,-0.25324681893565631,1.6326024160002444,242.23523561467056,0,489.52641579157518,-203.43169387200922,529.70931313130109,0,0.00038278260035440326,0.0004040702769998461
2.1005764732253738,4,0.0011738094035536051,38,42,82,3.1795709133148193,0.34620834030054309,1.8055945157298274,-14.616985154933886,0,68.627358710440376,-21.547683385391533,34.614493026145333,7.1054273576010019e-15,0.0004040702769998461,0.0001455572055419907
2.1005764732253738,4,0.0011738094035536051,38,42,83,3.5126266479492188,0.22430904618550968,1.2925555685808492,-199.74921456487021,0,-322.64287203362983,-47.736956242748896,-568.61217822648257,0,0.0001455572055419907,0.00032602963619865477
2.1005764732253738,4,0.0011738094035536051,38,42,84,3.973743200302124,-0.20328741223051278,0.99909292383396675,-158.31898653429266,0,-201.06702624411557,-50.92606863113221,-409.51627589793696,5.6843418860808015e-14,0.00032602963619865477,0.00048637733561918139
2.1005764732253738,4,0.0011738094035536051,38,42,85,3.7822282314300537,-0.1772689251732579,1.5395628420503293,108.71296385004938,0,206.2684013184242,-148.53634721439548,167.80731187095517,2.8421709430404007e-14,0.00048637733561918139,0.00043525814544409513
2.1005764732253738,4,0.0011738094035536051,38,42,86,3.0677900314331055,0.13174582111220273,2.5629840723137862,199.13275981047602,0,531.95779884172737,-115.55368202904191,618.23160651658748,1.1368683772161603e-13,0.00043525814544409513,0.00044091657036915421
2.1005764732253738,4,0.0011738094035536051,38,42,87,2.8200223445892334,0.43380020085399645,2.9955975168368449,-2.6731996779512652,0,217.8577507010352,10.513854185076465,229.12780292585123,-2.8421709430404007e-14,0.00044091657036915421,0.00049152085557579994
2.1005764732253738,4,0.0011738094035536051,38,42,88,3.1712591648101807,0.11897594215024061,2.6507034749566247,-211.44662125533549,0,-138.90888793810856,-2.2618913162879184,-349.84772109262514,-5.6843418860808015e-14,0.00049152085557579994,0.00049467070493847132
2.1005764732253738,4,0.0011738094035536051,38,42,89,3.7394964694976807,-0.37141902773256941,2.4630997726259767,-152.06445893888551,0,-138.05519458301174,-6.2173575064271889,-294.24533028343103,-5.6843418860808015e-14,0.00049467070493847132,0.00063189928187057376
2.1005764732253738,4,0.0011738094035536051,38,42,90,3.4414048194885254,-0.26278133394743958,2.9558863054508078,25.620550184440141,0,318.18977350468799,-108.85616009448033,237.64726856615121,8.5265128291212022e-14,0.00063189928187057376,0.00071552512235939503
2.1005764732253738,4,0.0011738094035536051,38,42,91,3.0698168277740479,0.05253781979988785,3.4136237563902454,-26.750683381622792,0,121.60204765551656,-36.994394297063579,61.323131553020318,0,0.00071552512235939503,0.0008377911290153861
2.1005764732253738,4,0.0011738094035536051,38,42,92,3.3227691650390625,-0.50176010066899102,3.7156525483722715,42.082431067269425,0,-21.06305042196993,-49.592210847901001,-25.358937754898221,3.5527136788005009e-15,0.0008377911290153861,0.00062860647449269891
2.1005764732253738,4,0.0011738094035536051,38,42,93,2.8865492343902588,-0.43858173990022359,4.4243121008483035,236.52180701949609,0,301.24427523463879,-116.0551735574107,425.69663905767226,0,0.00062860647449269891,0.00033609563251957297
2.1005764732253738,4,0.0011738094035536051,38,42,94,2.4365863800048828,-0.60105012959506077,5.0281499077749698,126.10450318785799,0,241.74105623495356,-87.599743963718538,284.67291523727289,-5.6843418860808015e-14,0.00033609563251957297,0.00099532888270914555
2.1005764732253738,4,0.0011738094035536051,38,42,95,2.4810943603515625,-1.8737349183462848,5.0646753438925485,-33.999053847952773,0,-231.58752848621822,-41.564080973953445,-303.95972288257815,0,0.00099532888270914555,0.001297927345149219
2.1005764732253738,4,0.0011738094035536051,38,42,96,2.3899986743927002,-0.93535361589757593,4.9789718203390159,56.254796961126239,0,-331.80844725341183,-57.973964355258872,-329.48399644310302,0,0.001297927345149219,0.0010327622294425964
2.1005764732253738,4,0.0011738094035536051,38,42,97,1.906339168548584,-0.50835103153383943,3.824816675602547,76.283381464107805,0,41.615062899275671,-102.88700941173343,18.327900595718752,-7.1054273576010019e-15,0.0010327622294425964,0.00084484898252412677
2.1005764732253738,4,0.0011738094035536051,38,42,98,1.8349018096923828,0.53296030743395828,1.3743933568621711,10.285857327808758,0,66.708935265546401,-130.35875189651912,-51.456605638867849,-7.1054273576010019e-15,0.00084484898252412677,0.00053145200945436954
2.1005764732253738,4,0.0011738094035536051,38,42,99,1.6780173778533936,0.29388397498112157,0.05679448744444332,23.637028305021172,0,78.95333129821384,-132.2295448175563,-29.288506751895724,0,0.00053145200945436954,0.00037855331902392209
2.1005764732253738,4,0.0011738094035536051,38,42,100,1.4059395790100098,0.13063073345306583,-0.00053542202325156259,18.338970376316603,0,70.219274406507779,-118.32051783278419,-29.63217773852999,0,0.00037855331902392209,0.00027014032821170986
2.1005764732253738,4,0.0011738094035536051,38,42,101,1.2013450860977173,0.061084980187400092,-0.0014706571512556946,10.936537000198156,0,63.127607348090528,-105.63718976576885,-31.513431094444023,7.1054273576010019e-15,0.00027014032821170986,0.00020084330753888935
2.1005764732253738,4,0.0011738094035536051,38,42,102,1.0411081314086914,0.030193653960050467,-0.0020621931746807928,7.0848626978662788,0,57.986354384918855,-94.916868938899398,-29.817520395328906,-7.1054273576010019e-15,0.00020084330753888935,0.00015497053391300142
2.1005764732253738,4,0.0011738094035536051,38,42,103,0.91220366954803467,0.016673419599105756,-0.0023030163459295525,4.7958554969946281,0,53.381782665502719,-85.736009297282763,-27.544000731532233,3.5527136788005009e-15,0.00015497053391300142,0.00012256451009307057
2.1005764732253738,4,0.0011738094035536051,38,42,104,0.80635476112365723,0.0097529628400519052,-0.002339256568095277,3.3606939876500381,0,49.568243249542348,-77.814413366887024,-24.87806242342268,3.5527136788005009e-15,0.00012256451009307057,9.8680859082378447e-05
2.1005764732253738,4,0.0011738094035536051,38,42,105,0.71827018260955811,0.0059737782194930929,-0.0023684827036785676,2.4154972167856497,0,46.416961074670041,-70.9400288368102,-22.103965249838687,7.1054273576010019e-15,9.8680859082378447e-05,8.0699923273641616e-05
2.1005764732253738,4,0.0011738094035536051,38,42,106,0.64452314376831055,0.0037875904832278184,-0.0025181202311804506,1.7704539923153411,0,43.879493156067682,-64.943914605909825,-19.292697987274749,7.1054273576010019e-15,8.0699923273641616e-05,6.6855682234745473e-05
2.1005764732253738,4,0.0011738094035536051,38,42,107,0.58215183019638062,0.002419560014379726,-0.00257189644462541,1.3281197776919562,0,42.110003961143896,-59.688764771724458,-16.250793369318849,0,6.6855682234745473e-05,5.5988526582950726e-05
2.1005764732253738,4,0.0011738094035536051,38,42,108,0.52885061502456665,0.0016408518992117977,-0.002504091670604008,1.0149668559169116,0,40.930259866511236,-55.061545703011795,-13.117182220355042,-1.7763568394002505e-15,5.5988526582950726e-05,4.7389887186000124e-05
2.1005764732253738,4,0.0011738094035536051,38,42,109,0.48303288221359253,0.0011074942469690902,-0.0025800797393440368,0.7842787217148639,0,40.198384876800887,-50.970043080663132,-9.9888520676397548,0,4.7389887186000124e-05,4.0478469600202516e-05
2.1005764732253738,4,0.0011738094035536051,38,42,110,0.44344675540924072,0.0007553692795984428,-0.0026595746576694944,0.61645475439420183,0,40.04089439733189,-47.33821563658082,-6.682770690232795,5.3290705182007514e-15,4.0478469600202516e-05,3.4829787182388827e-05
2.1005764732253738,4,0.0011738094035536051,38,42,111,0.40887954831123352,0.00053004218397579433,-0.002637362802374425,0.49334152935064812,0,40.324722556284641,-44.102589858162489,-3.2866330931455945,1.7763568394002505e-15,3.4829787182388827e-05,3.017975359398406e-05
2.1005764732253738,4,0.0011738094035536051,38,42,112,0.37855750322341919,0.00038172282436105482,-0.0025906010629234751,0.39965462474955238,0,40.995561416276551,-41.211041296859072,0.18196586592846972,1.3045120539345589e-15,3.017975359398406e-05,2.6301600883016363e-05
2.1005764732253738,4,0.0011738094035536051,38,42,113,0.35178714990615845,0.0002701537142517673,-0.0025298107628960822,0.32775182967358946,0,41.989886685895172,-38.619874786595105,3.695504071925011,-3.9968028886505635e-15,2.6301600883016363e-05,2.3062153559294529e-05
2.1005764732253738,4,0.0011738094035536051,38,42,114,0.32803905010223389,0.00021469865274246236,-0.0025251345114686722,0.27159046572301387,0,43.317701790726638,-36.292758088756997,7.29422373183393,-8.8817841970012523e-16,2.3062153559294529e-05,2.0318766473792493e-05
2.1005764732253738,4,0.0011738094035536051,38,42,115,0.30684992671012878,0.00015924378493894543,-0.0025204584537470496,0.22847925596348528,0,44.991676043886379,-34.198893855030065,11.01890023015099,0,2.0318766473792493e-05,1.7946807929547504e-05
2.1005764732253738,4,0.0011738094035536051,38,42,116,0.28780385851860046,9.1439204623331317e-05,-0.0024526538734314356,0.19521913535984423,0,47.030851499155105,-32.312588007512886,14.91112141233326,8.8817841970012523e-15,1.7946807929547504e-05,1.5894525859039277e-05
2.1005764732253738,4,0.0011738094035536051,38,42,117,0.27058237791061401,6.4731631695240659e-05,-0.0023497780853805029,0.16871259649709519,0,49.339840161793987,-30.611802542629903,18.894465169207493,0,1.5894525859039277e-05,1.4112062672211323e-05
2.1005764732253738,4,0.0011738094035536051,38,42,118,0.25493887066841125,7.7112143427625221e-05,-0.0022352115719081506,0.14700465518708519,0,51.870275215200003,-29.079044160307909,22.936077610650695,-3.5527136788005009e-15,1.4112062672211323e-05,1.2539475392259192e-05
2.1005764732253738,4,0.0011738094035536051,38,42,119,0.24070776998996735,5.3087783074510165e-05,-0.0020715454838298253,0.1288766199878488,0,54.562923177412635,-27.699180775142501,26.990600564557223,-3.5527136788005009e-15,1.2539475392259192e-05,1.1139433809148613e-05
2.1005764732253738,4,0.0011738094035536051,38,42,120,0.22774714231491089,3.6917223894683161e-05,-0.0018903437918838402,0.11300824183725669,0,57.303937956228268,-26.459873136283779,30.955219635213755,0,1.1139433809148613e-05,9.8772306955652311e-06
2.1005764732253738,4,0.0011738094035536051,38,42,121,0.21598422527313232,3.5779396096140951e-05,-0.0017114801287986666,0.098396639236191491,0,60.047377423225313,-25.350483083019586,34.793615278709218,7.1054273576010019e-15,9.8772306955652311e-06,8.7430717030656524e-06
2.1005764732253738,4,0.0011738094035536051,38,42,122,0.20535150170326233,4.1820595358489473e-05,-0.0015524901952948572,0.085117980399776014,0,62.670039490442576,-24.363292236217472,38.390354565024943,-7.1054273576010019e-15,8.7430717030656524e-06,7.7077074820408598e-06
2.1005764732253738,4,0.0011738094035536051,38,42,123,0.19580014050006866,2.5814686098437897e-05,-0.0013841478557891215,0.073654664023788285,0,65.138118165068022,-23.491508930028981,41.718905565893145,7.1054273576010019e-15,7.7077074820408598e-06,6.743217909388477e-06
2.1005764732253738,4,0.0011738094035536051,38,42,124,0.18727396428585052,2.051053735931939e-05,-0.0011503390616814768,0.063562375520011705,0,67.367269843555647,-22.729788694692999,44.699913695858335,-7.1054273576010019e-15,6.743217909388477e-06,5.8434416132513434e-06
2.1005764732253738,4,0.0011738094035536051,38,42,125,0.17977789044380188,2.2730696248150094e-05,-0.00087327576511988657,0.053774759876726502,0,69.283128958540487,-22.072952091581172,47.263101081767175,0,5.8434416132513434e-06,5.0184571591671556e-06
2.1005764732253738,4,0.0011738094035536051,38,42,126,0.17331624031066895,2.628456791360878e-05,-0.00061024088385539801,0.044266427688891719,0,70.757897939748958,-21.51733035166508,49.284250059456831,7.1054273576010019e-15,5.0184571591671556e-06,4.2446299630682915e-06
2.1005764732253738,4,0.0011738094035536051,38,42,127,0.16789798438549042,2.3004547805894229e-05,-0.00026420389569489414,0.034999294848945935,0,71.740518693643708,-21.059902135744849,50.715374653399913,-7.1054273576010019e-15,4.2446299630682915e-06,3.5264092730358243e-06
2.1005764732253738,4,0.0011738094035536051,38,42,128,0.16357855498790741,1.9410579042325528e-05,0.00019639936380572701,0.025478267958590674,0,71.830308324571007,-20.704996337379967,51.151006065092481,7.1054273576010019e-15,3.5264092730358243e-06,2.8555905373650603e-06
2.1005764732253738,4,0.0011738094035536051,38,42,129,0.16040632128715515,2.1167490539223359e-05,0.00068973585060730272,0.015220948322047942,0,70.894315213033963,-20.455240759992169,50.455006304704995,0,2.8555905373650603e-06,2.2399185581889469e-06
2.1005764732253738,4,0.0011738094035536051,38,42,130,0.15851300954818726,1.7533473103991631e-05,0.0018739772024465866,0.0069947810887809976,0,68.659412834304575,-20.310140310183154,48.358158815885751,7.1054273576010019e-15,2.2399185581889469e-06,1.722092520139995e-06
2.1005764732253738,4,0.0011738094035536051,38,42,131,0.15745973587036133,9.7313913760918681e-06,0.0050046761042110109,-0.0015360590049773152,0,63.141025648654669,-20.317985636340808,42.826518360804471,0,1.722092520139995e-06,9.4374576065092697e-07
2.1005764732253738,4,0.0011738094035536051,38,42,132,0.15788537263870239,-2.3736707257977977e-06,0.0036076691865403227,-0.0036052955158145249,0,49.280086197030116,-20.617758341659272,28.66232785537084,-3.5527136788005009e-15,9.4374576065092697e-07,9.4374576065092697e-07
2.1017502826289274,3,0.0010931710712611675,38,42,0,0.0091868136078119278,-4.2597293282790227e-07,4.7716946949756922,-3.5941951816497677,0,-367.90678349116342,245.90889887274784,-120.82038808690018,-2.5558375966738822e-06,0.00036822949186898768,0.00036822949186898768
2.1017502826289274,3,0.0010931710712611675,38,42,1,0.24398967623710632,-0.06111944834801307,9.5892002230394269,-4.093061454689046,0,63.891209920739215,22.127146956828071,91.453376197569654,0,0.00036822949186898768,0.0004754441324621439
2.1017502826289274,3,0.0010931710712611675,38,42,2,0.22444169223308563,-0.30735821384437589,9.6939341880338237,0.0091873842152321965,0,166.64363743399016,30.432760385539581,206.47216117793442,0,0.0004754441324621439,0.0003531356924213469
2.1017502826289274,3,0.0010931710712611675,38,42,3,0.27812153100967407,-0.38987683844593146,9.6266057582169111,-14.233002934527534,0,14.570264448256429,36.267758066116961,45.841748499616834,0,0.0003531356924213469,0.00039468941395170987
2.1017502826289274,3,0.0010931710712611675,38,42,4,0.40667739510536194,-0.45488627161652895,9.4252900982165784,4.0882496644398225,0,75.133119523319252,43.490241599068312,131.68201461342744,0,0.00039468941395170987,0.00045040214899927378
2.1017502826289274,3,0.0010931710712611675,38,42,5,0.050206664949655533,0.01975832851628942,8.9056627563771347,7.3556017783518,0,228.28487877023318,53.376275948673673,297.94217758215206,0,0.00045040214899927378,0.00015686987899243832
2.1017502826289274,3,0.0010931710712611675,38,42,6,0.16408145427703857,0.0629519839050387,7.9809845682785623,-12.838578835023664,0,-43.092655502484064,63.062866363345542,15.175568578021416,3.5527136788005009e-15,0.00015686987899243832,0.00036793752224184573
2.1017502826289274,3,0.0010931710712611675,38,42,7,0.75700205564498901,-0.21200630269551413,6.3860920689377556,-59.038294540688298,0,-155.29721792817841,71.059973155185773,-137.10145354743869,-2.8421709430404007e-14,0.00036793752224184573,0.00053031730931252241
2.1017502826289274,3,0.0010931710712611675,38,42,8,1.1105951070785522,-0.61459545137582872,4.0034043756791604,-79.423491640494177,0,-45.651376084260853,69.029206834139345,-52.65685196631236,-1.4210854715202004e-14,0.00053031730931252241,0.00066536583472043276
2.1017502826289274,3,0.0010931710712611675,38,42,9,1.6459610462188721,-0.5425395739503921,2.4447915650543735,-9.8608712765173472,0,-89.73277269615734,74.155003882743287,-23.536388098827423,-7.1054273576010019e-15,0.00066536583472043276,0.00038606417365372181
2.1017502826289274,3,0.0010931710712611675,38,42,10,1.2341103553771973,-0.092569881924562752,2.3541385613275363,99.863867570126857,0,359.69007231742478,81.55289284608277,543.36840141303742,1.1368683772161603e-13,0.00038606417365372181,0.00037729064933955669
2.1017502826289274,3,0.0010931710712611675,38,42,11,0.44051674008369446,0.49707867762666624,2.3154876942809302,-12.158126264340911,0,375.74495807787383,93.940921813946105,460.34031999938662,0,0.00037729064933955669,0.00021622909116558731
2.1017502826289274,3,0.0010931710712611675,38,42,12,1.5052121877670288,-0.067223214502504083,1.773186878159388,-158.31591430617317,0,-516.65028857536333,109.33935943042307,-563.92087978745656,0,0.00021622909116558731,0.00028094922890886664
2.1017502826289274,3,0.0010931710712611675,38,42,13,2.5053784847259521,-0.8564239061121578,1.9089655375118155,-10.36816755389729,0,-234.58156295432676,35.78183540661459,-208.11535347020978,2.8421709430404007e-14,0.00028094922890886664,0.00038906882400624454
2.1017502826289274,3,0.0010931710712611675,38,42,14,1.1390753984451294,0.043680542450971582,2.6573558922918918,39.723086923610701,0,574.29351835325679,60.714378758944896,677.43202047055524,0,0.00038906882400624454,0.0001980744709726423
2.1017502826289274,3,0.0010931710712611675,38,42,15,1.4473910331726074,0.23676193267327408,2.6068016376103431,-134.33089833005832,0,-341.82685307810169,101.30920395456232,-372.00498388331408,-5.6843418860808015e-14,0.0001980744709726423,0.00029380619525909424
2.1017502826289274,3,0.0010931710712611675,38,42,16,2.5522351264953613,-0.5923843707123162,2.6734768379347638,-56.503557938921446,0,-490.77098119031319,28.418842145932363,-516.77460451607988,0,0.00029380619525909424,0.00017551457858644426
2.1017502826289274,3,0.0010931710712611675,38,42,17,2.1045269966125488,-0.22819284817004157,3.6931180238945256,152.43511601585811,0,242.84421104914151,20.444955990606445,419.18920823133055,0,0.00017551457858644426,0.00030998428701423109
2.1017502826289274,3,0.0010931710712611675,38,42,18,1.2681957483291626,0.49384916383643152,4.38729629441886,8.1237195786105367,0,273.70258995802891,56.828087973633977,343.53554296852872,0,0.00030998428701423109,0.00029142349376343191
2.1017502826289274,3,0.0010931710712611675,38,42,19,1.4409949779510498,0.30645515122678074,4.9237563826719324,-114.65528353397369,0,-276.68170152332181,81.471433190192229,-304.63534033320457,0,0.00029142349376343191,0.00039086345350369811
2.1017502826289274,3,0.0010931710712611675,38,42,20,1.6741187572479248,-0.32739257282113782,6.1750399456117755,-68.684993442146705,0,-313.63177962545905,18.630706599641247,-357.83841909517383,0,0.00039086345350369811,0.00027378270169720054
2.1017502826289274,3,0.0010931710712611675,38,42,21,1.3345949649810791,-0.31694686456233195,7.3857257322155236,75.64603182784559,0,67.411082197015034,3.8130098097306702,153.93890270224449,0,0.00027378270169720054,0.00062985718250274658
2.1017502826289274,3,0.0010931710712611675,38,42,22,0.75447893142700195,0.40492220243341298,8.0205906796270359,68.900419881519895,0,238.09316113235533,11.712742596909907,327.13183649284559,0,0.00062985718250274658,0.00055754027562215924
2.1017502826289274,3,0.0010931710712611675,38,42,23,0.5464247465133667,0.6264460183671009,8.3102343830868293,-19.336744808561374,0,-7.3183921907234168,58.494684922730642,40.776228324899776,-7.1054273576010019e-15,0.00055754027562215924,0.00060514133656397462
2.1017502826289274,3,0.0010931710712611675,38,42,24,0.93584126234054565,-0.18122848037989969,8.4379334008358438,-83.113603147428805,0,-278.90324919373973,73.172144607587342,-280.58800281312523,5.6843418860808015e-14,0.00060514133656397462,0.00055355706717818975
2.1017502826289274,3,0.0010931710712611675,38,42,25,1.1429499387741089,-0.64903536299496456,8.7569428263389284,14.800467036723553,0,-131.44197034632026,4.025546448727555,-104.50804939752518,1.4210854715202004e-14,0.00055355706717818975,0.00041449232958257198
2.1017502826289274,3,0.0010931710712611675,38,42,26,0.79969525337219238,-0.28156981249097468,9.1643799729677582,75.459230769558445,0,101.8894540603101,7.554156281801542,193.78565127214688,2.8421709430404007e-14,0.00041449232958257198,0.00022668034944217652
2.1017502826289274,3,0.0010931710712611675,38,42,27,0.75550341606140137,-0.058523569295359831,9.2083403796355974,-8.6458465296198153,0,4.302858235781982,40.029187665357369,44.836016181859769,-7.1054273576010019e-15,0.00022668034944217652,0.00044052203884348273
2.1017502826289274,3,0.0010931710712611675,38,42,28,0.99405235052108765,-0.34492135900700599,8.7860282581924185,-77.355103390020389,0,-157.36702381657264,70.796347026517239,-155.48467328089038,0,0.00044052203884348273,0.00044446889660321176
2.1017502826289274,3,0.0010931710712611675,38,42,29,1.2113374471664429,-0.9189045509670225,8.6234395014072014,2.5242678909696719,0,-81.317237804075447,1.9927627198712539,-69.09567224279435,0,0.00044446889660321176,0.00047529215225949883
2.1017502826289274,3,0.0010931710712611675,38,42,30,1.0818784236907959,-1.1834618564667163,8.6004344071968983,-7.6495742187549922,0,72.693637284899637,-1.7219938770650636,70.739041739809764,0,0.00047529215225949883,0.00072095182258635759
2.1017502826289274,3,0.0010931710712611675,38,42,31,1.5045521259307861,-1.1750565585561563,8.1146122773066747,-28.210231273484421,0,-147.79747713270802,5.6155909501198478,-163.4525617373221,0,0.00072095182258635759,0.00052832800429314375
2.1017502826289274,3,0.0010931710712611675,38,42,32,1.4936268329620361,-1.1896836171236007,7.2284940110335505,-16.449179938208367,0,90.480522174659981,12.374234260406626,92.444386890768186,0,0.00052832800429314375,0.00055761454859748483
2.1017502826289274,3,0.0010931710712611675,38,42,33,1.8544716835021973,-2.2417170628143945,5.0797191304870104,-53.51485005539778,0,-228.71548628857025,21.133491823662542,-258.25884245263285,0,0.00055761454859748483,0.00093480065697804093
2.1017502826289274,3,0.0010931710712611675,38,42,34,1.7891857624053955,-0.41742578593071039,3.5807212318114883,51.486319240302834,0,191.86976814719239,-8.6785612508609979,237.84082158251499,0,0.00093480065697804093,0.00079207849921658635
2.1017502826289274,3,0.0010931710712611675,38,42,35,1.21065354347229,0.14968646262279203,3.7068339263586512,-31.662397707924843,0,46.679218101123418,8.3535950198652476,27.226935802045265,-3.5527136788005009e-15,0.00079207849921658635,0.00078693206887692213
2.1017502826289274,3,0.0010931710712611675,38,42,36,2.1804907321929932,-0.98999943345599939,3.6165553528397698,-124.43567659623773,0,-540.94336817649935,5.5944354303838821,-657.15805342296937,0,0.00078693206887692213,0.0010072868317365646
2.1017502826289274,3,0.0010931710712611675,38,42,37,2.4937765598297119,-1.8230719293634643,3.4188960315083659,78.981842903738212,0,-90.244212838227838,2.5934050018593719,-7.0731408304853494,2.6645352591003757e-15,0.0010072868317365646,0.00061296240892261267
2.1017502826289274,3,0.0010931710712611675,38,42,38,1.5253298282623291,0.34664974418195521,2.645547709607436,152.88930539575654,0,411.34072850742916,-2.2904666831660183,564.93176467380908,1.1368683772161603e-13,0.00061296240892261267,0.00086508668027818203
2.1017502826289274,3,0.0010931710712611675,38,42,39,0.30940347909927368,3.1161960446709296,1.3534254826379821,-1.378898238048158,0,402.772688489828,17.504338747307319,423.36775052639604,-5.6843418860808015e-14,0.00086508668027818203,0.0004249888879712671
2.1017502826289274,3,0.0010931710712611675,38,42,40,1.3284405469894409,0.66584651790555927,0.33151628366730324,-123.00342610029874,0,-624.37446769357382,43.039269166758608,-703.3412618255411,0,0.0004249888879712671,0.0003338938404340297
2.1017502826289274,3,0.0010931710712611675,38,42,41,2.5332636833190918,-0.57796273759172789,0.32714987474265911,10.699022434716452,0,-361.4566672644487,24.99819089295428,-326.010266799627,5.6843418860808015e-14,0.0003338938404340297,0.00033254519803449512
2.1017502826289274,3,0.0010931710712611675,38,42,42,1.4213324785232544,0.23941521157862586,1.0617583012540217,106.88531914105114,0,542.25337466406711,18.983044147408787,669.42291146535968,0,0.00033254519803449512,0.00014317772001959383
2.1017502826289274,3,0.0010931710712611675,38,42,43,0.93773567676544189,0.80851323945173881,0.9885609228618395,-35.549506361266793,0,145.33209573997249,48.898802888266871,160.47846642928616,2.8421709430404007e-14,0.00014317772001959383,0.00051171815721318126
2.1017502826289274,3,0.0010931710712611675,38,42,44,1.9696673154830933,-0.34136573631338318,0.41900867472579056,-138.35688097506909,0,-541.37062243590913,81.514180425947373,-598.13568004661852,-1.1368683772161603e-13,0.00051171815721318126,0.00044190834159962833
2.1017502826289274,3,0.0010931710712611675,38,42,45,2.6430594921112061,-1.0707167782644755,0.7298293829313498,40.266369394355941,0,-196.03228022884969,-22.250590504978131,-178.357388734805,0,0.00044190834159962833,0.000290093565126881
2.1017502826289274,3,0.0010931710712611675,38,42,46,1.749258279800415,-0.31132945300389725,1.5993080282692678,157.02444616064207,0,511.74198989847787,3.3227251873961423,673.3771398217815,0,0.000290093565126881,0.00051601132145151496
2.1017502826289274,3,0.0010931710712611675,38,42,47,0.84052491188049316,0.87043969352099426,1.6955939915665879,-2.732715189811409,0,404.87275549537031,61.522432373602115,466.22850636424863,5.6843418860808015e-14,0.00051601132145151496,0.0003148408723063767
2.1017502826289274,3,0.0010931710712611675,38,42,48,1.7238262891769409,0.27754330334341898,1.0523101151106657,-161.97549207328268,0,-513.42030962268598,91.195720505527632,-582.87022777198695,-1.1368683772161603e-13,0.0003148408723063767,0.00037914072163403034
2.1017502826289274,3,0.0010931710712611675,38,42,49,2.9574868679046631,-0.9871905146903156,0.87421567733743066,-72.9911231500528,0,-565.80786490864796,10.765760466048466,-628.14620243000525,-1.1368683772161603e-13,0.00037914072163403034,0.00031671588658355176
2.1017502826289274,3,0.0010931710712611675,38,42,50,2.4461696147918701,-0.41250420115805003,1.7180396768228554,177.13058668826065,0,363.40755514113124,15.519645658675556,557.36332296373223,0,0.00031671588658355176,0.00044803298078477383
2.1017502826289274,3,0.0010931710712611675,38,42,51,1.2813385725021362,0.7859030221501665,2.4289726342208762,55.212853136885975,0,493.8026544077336,51.393300382907071,603.62368358389767,-1.1368683772161603e-13,0.00044803298078477383,0.00039192571421153843
2.1017502826289274,3,0.0010931710712611675,38,42,52,1.6942137479782104,0.42338301739630863,2.1825626276055168,-115.21623195418917,0,-379.06122210782485,73.439751027340222,-418.23175738967194,5.6843418860808015e-14,0.00039192571421153843,0.00051229697419330478
2.1017502826289274,3,0.0010931710712611675,38,42,53,2.7174985408782959,-1.0495212703194414,1.9840718071092327,-149.22274848811557,0,-537.0450819934,80.815612078377313,-604.51766786634846,0,0.00051229697419330478,0.00029971395269967616
2.1017502826289274,3,0.0010931710712611675,38,42,54,2.8174793720245361,-0.6138595831343685,2.6849195358428535,103.86029791694976,0,84.870928923434349,-16.931831125586619,173.87045566750598,0,0.00029971395269967616,0.00030570884700864553
2.1017502826289274,3,0.0010931710712611675,38,42,55,1.8187055587768555,0.46832742153898055,3.9097746730977221,178.6363362579215,0,396.67733615270618,6.9324675291482629,586.62424203441265,-1.1368683772161603e-13,0.00030570884700864553,0.00084124738350510597
2.1017502826289274,3,0.0010931710712611675,38,42,56,1.4039276838302612,0.80132026050800675,4.6476437094234155,-19.924137628446815,0,60.435213137686802,71.812847940016198,117.77288741918761,0,0.00084124738350510597,0.00065716454992070794
2.1017502826289274,3,0.0010931710712611675,38,42,57,2.2011666297912598,-0.57258429684860968,4.620703903232581,-204.77518043148501,0,-418.83316301515572,69.94418306271983,-549.61604077753691,0,0.00065716454992070794,0.00047486199764534831
2.1017502826289274,3,0.0010931710712611675,38,42,58,2.8620262145996094,-1.1199923154482918,4.742602447555277,-29.762980992661763,0,-215.06374216369542,5.4897483224120975,-235.71436470183812,0,0.00047486199764534831,0.00035660751746036112
2.1017502826289274,3,0.0010931710712611675,38,42,59,2.1300430297851562,-0.37863157899220767,5.463153554296853,219.10989888680493,0,396.11333435850821,5.7608443124306996,626.06859953304843,0,0.00035660751746036112,0.00076946028275415301
2.1017502826289274,3,0.0010931710712611675,38,42,60,1.4868664741516113,0.54389629774144888,5.9075557800906218,19.004417765286359,0,266.87709956733931,93.031943284259825,385.36491269471753,0,0.00076946028275415301,0.00042962157749570906
2.1017502826289274,3,0.0010931710712611675,38,42,61,2.1320393085479736,0.11055744095908658,5.6535583435957308,-230.00946256272985,0,-396.82684242877838,163.0740524125616,-457.99813679439183,0,0.00042962157749570906,0.0006400924758054316
2.1017502826289274,3,0.0010931710712611675,38,42,62,2.9606425762176514,-1.3066813428541124,5.6200082894332732,-75.892918924145718,0,-331.6433056010755,-15.239171448567815,-418.46206902720985,0,0.0006400924758054316,0.00063063326524570584
2.1017502826289274,3,0.0010931710712611675,38,42,63,2.5554497241973877,-0.68096884987734108,6.1792229998121462,255.8007673476412,0,518.26901298237703,-82.198354296171317,697.36968018378172,1.1368683772161603e-13,0.00063063326524570584,0.00025033715064637363
2.1017502826289274,3,0.0010931710712611675,38,42,64,1.8531794548034668,-0.18344737338700023,6.5900802831186498,169.09301587558522,0,570.22784184647344,0.49202940746739071,746.21952003925765,0,0.00025033715064637363,0.00065129774156957865
2.1017502826289274,3,0.0010931710712611675,38,42,65,1.5740813016891479,0.52948989315320927,6.5383075328627465,-50.660708725246181,0,97.50175564744265,144.72022140369157,198.62906575190399,0,0.00065129774156957865,0.00049914926057681441
2.1017502826289274,3,0.0010931710712611675,38,42,66,2.2808914184570312,-0.63009021680744359,6.1331425258576218,-257.51567303510399,0,-493.79556621813134,196.6625838580965,-549.14560308608873,-1.1368683772161603e-13,0.00049914926057681441,0.0002296924649272114
2.1017502826289274,3,0.0010931710712611675,38,42,67,3.2709014415740967,-1.1920771590331607,5.8041985596151253,-220.35523927538597,0,-457.97774461815146,-10.884405855083156,-684.60526834803863,0,0.0002296924649272114,0.00055925245396792889
2.1017502826289274,3,0.0010931710712611675,38,42,68,3.4879984855651855,-1.9836980158606763,5.944578365601493,158.39770110927611,0,104.19311568104339,-189.25815195050876,77.293545189551565,-2.8421709430404007e-14,0.00055925245396792889,0.00040545599767938256
2.1017502826289274,3,0.0010931710712611675,38,42,69,2.8299424648284912,-1.0494350108005437,6.0464996313204269,284.51709535872669,0,449.66035388979316,-88.486341816868276,650.68817205217147,0,0.00040545599767938256,0.00049290922470390797
2.1017502826289274,3,0.0010931710712611675,38,42,70,2.2529783248901367,0.13388201486901119,5.5586975792384203,-2.1530648539530501,0,304.28987287689768,64.357053920079807,372.18644153713183,-5.6843418860808015e-14,0.00049290922470390797,0.0003849258937407285
2.1017502826289274,3,0.0010931710712611675,38,42,71,3.042726993560791,-0.37440379763389076,4.424486287292333,-337.57971891750054,0,-491.5373780599233,187.90747015953113,-637.15954432823435,-1.1368683772161603e-13,0.0003849258937407285,0.00064451684011146426
2.1017502826289274,3,0.0010931710712611675,38,42,72,4.5140242576599121,-1.6937312119313315,3.1257636097287107,-153.99342723764647,0,-402.06981270396119,-163.25191144704283,-717.88311899085306,1.1368683772161603e-13,0.00064451684011146426,0.00046524420031346381
2.1017502826289274,3,0.0010931710712611675,38,42,73,4.082916259765625,-0.55021432828115235,2.4358908606229344,305.17644182253372,0,640.4312345504942,-201.22912274708241,746.26423015828732,1.1368683772161603e-13,0.00046524420031346381,0.00053401704644784331
2.1017502826289274,3,0.0010931710712611675,38,42,74,2.9875366687774658,0.90210652134742053,2.0086312765514251,66.498777670669256,0,502.26039129021666,22.133907999217914,593.80381475800266,-1.1368683772161603e-13,0.00053401704644784331,0.00020889891311526299
2.1017502826289274,3,0.0010931710712611675,38,42,75,3.8561177253723145,-0.050682579027563429,1.0072610281197512,-346.44409978501147,0,-648.26706458218234,116.78064992394253,-876.97393599415909,0,0.00020889891311526299,0.00019523096852935851
2.1017502826289274,3,0.0010931710712611675,38,42,76,5.271641731262207,-0.68016764803730845,0.33993454712900634,-154.33235174970511,0,-457.02901770215715,-166.81672557162372,-778.51832812439432,-1.1368683772161603e-13,0.00019523096852935851,9.705995034892112e-05
2.1017502826289274,3,0.0010931710712611675,38,42,77,4.1772294044494629,-0.28938822619333121,1.0003881678350395,352.13951465495978,0,895.29025412267254,-187.063212253367,1061.077556465907,0,9.705995034892112e-05,8.7844367953948677e-05
2.1017502826289274,3,0.0010931710712611675,38,42,78,2.5900223255157471,0.22350459007133769,1.6218237860729854,137.70585802236954,0,699.26691591762881,-26.968489504239923,811.84961281190272,-1.1368683772161603e-13,8.7844367953948677e-05,0.00020124395086895674
2.1017502826289274,3,0.0010931710712611675,38,42,79,3.1333825588226318,0.66600665710499418,0.95555302574963785,-237.00092563918304,0,-450.41170198763228,27.554955407023527,-658.23611253693718,0,0.00020124395086895674,0.00047170405741780996
2.1017502826289274,3,0.0010931710712611675,38,42,80,4.4294452667236328,-0.76319376614171186,0.36756373726500668,-200.03743450133692,0,-562.10324987529646,-49.339252085243999,-811.87556649075407,0,0.00047170405741780996,0.00026652740780264139
2.1017502826289274,3,0.0010931710712611675,38,42,81,4.2007694244384766,-1.1397177375555203,1.0738520987899387,215.17039215494168,0,288.49106159696402,-127.02559202783137,376.56999608530873,-5.6843418860808015e-14,0.00026652740780264139,0.00060391193255782127
2.1017502826289274,3,0.0010931710712611675,38,42,82,3.2202017307281494,0.1830192705895082,1.8917483505263109,246.22822181432949,0,328.04141479242128,-135.80142504984948,440.54297917801705,0,0.00060391193255782127,0.00033371889730915427
2.1017502826289274,3,0.0010931710712611675,38,42,83,2.845184326171875,0.38228600078293823,1.846895104591264,-38.871413680631903,0,-3.1253463692410057,6.9843748868509401,-32.783204057647772,-7.1054273576010019e-15,0.00033371889730915427,0.0001260842545889318
2.1017502826289274,3,0.0010931710712611675,38,42,84,3.493049144744873,0.47322547130710219,1.3998013688214224,-253.71051475847122,0,-411.93264686375301,-45.377281244795142,-709.14741602689082,0,0.0001260842545889318,0.00050937657942995429
2.1017502826289274,3,0.0010931710712611675,38,42,85,3.9792020320892334,-0.3331998618143806,1.238743345770323,-166.02437502316226,0,-293.22270077914709,-68.302667399908074,-526.64419971826146,0,0.00050937657942995429,0.00024792991462163627
2.1017502826289274,3,0.0010931710712611675,38,42,86,3.7934761047363281,-0.2915345973086178,1.9815770966281261,143.15700297371706,0,251.44905512813904,-130.67655491834739,265.61954568282823,5.6843418860808015e-14,0.00024792991462163627,0.00050134054617956281
2.1017502826289274,3,0.0010931710712611675,38,42,87,3.0889747142791748,0.27503112797206641,2.9434431477355067,233.86772773684416,0,333.43083796969375,-116.98609837333716,453.53094160890828,-5.6843418860808015e-14,0.00050134054617956281,0.00055406196042895317
2.1017502826289274,3,0.0010931710712611675,38,42,88,2.7606046199798584,0.71511015447056459,3.1242895303946598,-52.155771485968238,0,145.96697943019305,-19.297541667607359,78.35306596148267,0,0.00055406196042895317,0.00053698493866249919
2.1017502826289274,3,0.0010931710712611675,38,42,89,3.3941085338592529,0.10998961903962698,2.7966043141686692,-276.28825247586116,0,-277.20186559105662,-17.89713350034312,-568.48065763405259,0,0.00053698493866249919,0.00071299320552498102
2.1017502826289274,3,0.0010931710712611675,38,42,90,3.7203574180603027,-0.50595424965506841,2.962611716726296,-134.62762085171585,0,22.550257351547369,-74.242352188457247,-183.8630582215545,-2.8421709430404007e-14,0.00071299320552498102,0.00065953732701018453
2.1017502826289274,3,0.0010931710712611675,38,42,91,3.1417984962463379,-0.030667069353079168,3.4960284413607789,-70.81690277636379,0,196.80892771111539,-82.860064057809637,46.597322248949659,-7.1054273576010019e-15,0.00065953732701018453,0.0008038534433580935
2.1017502826289274,3,0.0010931710712611675,38,42,92,3.2930026054382324,-0.26207856900356835,3.6133746129503441,-152.57775220046969,0,-137.31000989535124,6.0474252705034619,-280.48904078137065,5.6843418860808015e-14,0.0008038534433580935,0.00099389266688376665
2.1017502826289274,3,0.0010931710712611675,38,42,93,3.3862359523773193,-0.70387511836722871,3.93696196956253,80.786386927401864,0,24.206276540776045,-104.17981169440532,4.0459386249678921,3.5527136788005009e-15,0.00099389266688376665,0.00047998232184909284
2.1017502826289274,3,0.0010931710712611675,38,42,94,2.7707381248474121,-0.64352029143364176,4.7618674994153523,284.90443765822232,0,460.244002407599,-131.45909105043648,617.80769622336652,0,0.00047998232184909284,0.00054935883963480592
2.1017502826289274,3,0.0010931710712611675,38,42,95,2.1243035793304443,-1.333515507757606,5.2967949370561094,121.70290688189091,0,261.82027605601883,-67.913798413421219,319.57266395378707,5.6843418860808015e-14,0.00054935883963480592,0.0011155386455357075
2.1017502826289274,3,0.0010931710712611675,38,42,96,2.0032472610473633,-0.71370103600876988,5.1864577241032954,-6.417537816812044,0,-306.33617869053364,-49.512312960609854,-357.79327277986101,0,0.0011155386455357075,0.0010485191596671939
2.1017502826289274,3,0.0010931710712611675,38,42,97,1.9278526306152344,-0.70438628588662222,4.0613528815152025,16.68985123747267,0,-164.63585320461567,-53.849303555553476,-198.43833892706789,0,0.0010485191596671939,0.00087092386092990637
2.1017502826289274,3,0.0010931710712611675,38,42,98,1.7745015621185303,0.05094423290155297,1.6886065445629455,19.193836001272807,0,14.347695294745581,-66.398779672742037,-31.117697599259149,3.5527136788005009e-15,0.00087092386092990637,0.00058871385408565402
2.1017502826289274,3,0.0010931710712611675,38,42,99,1.6436382532119751,0.39719358914995823,0.12765958862941931,21.277763744336159,0,15.172324368164999,-69.696641671994882,-32.721700381714342,7.1054273576010019e-15,0.00058871385408565402,0.00039063824806362391
2.1017502826289274,3,0.0010931710712611675,38,42,100,1.3711570501327515,0.1341784308278495,0.00038812254421612352,18.511625014323339,0,19.438324018015248,-63.756411638091691,-25.67189605238104,3.5527136788005009e-15,0.00039063824806362391,0.00027719902573153377
2.1017502826289274,3,0.0010931710712611675,38,42,101,1.1643543243408203,0.065301360710049092,-9.0016369291190618e-05,10.856925489240563,0,18.985225128824865,-57.655116126611084,-27.747754164204899,0,0.00027719902573153377,0.00020481605315580964
2.1017502826289274,3,0.0010931710712611675,38,42,102,1.0061080455780029,0.031743187114541084,-0.0009913491478291674,6.8386853282568723,0,17.072504426923704,-52.38859125213466,-28.446649658987369,3.5527136788005009e-15,0.00020481605315580964,0.00015722327225375921
2.1017502826289274,3,0.0010931710712611675,38,42,103,0.87987226247787476,0.017121444368986594,-0.0013093291024148619,4.5473462525244219,0,14.303857568282396,-47.805367855315737,-28.938351919242347,0,0.00015722327225375921,0.00012390161282382905
2.1017502826289274,3,0.0010931710712611675,38,42,104,0.7771526575088501,0.0099079315747431281,-0.0014566285874375471,3.1276363997278884,0,11.299555667633767,-43.791162509951789,-29.35551913960283,-3.5527136788005009e-15,0.00012390161282382905,9.9487595434766263e-05
2.1017502826289274,3,0.0010931710712611675,38,42,105,0.69232434034347534,0.006056235333385852,-0.0015852234304241902,2.2056810306159527,0,8.5764913205885076,-40.2568276006606,-29.470184237553177,0,9.9487595434766263e-05,8.1203106674365699e-05
2.1017502826289274,3,0.0010931710712611675,38,42,106,0.62187719345092773,0.003839526581536331,-0.0017675942362614144,1.5782672017454666,0,5.9507532692357659,-37.130118118034545,-29.599025714708038,0,8.1203106674365699e-05,6.7220978962723166e-05
2.1017502826289274,3,0.0010931710712611675,38,42,107,0.56307649612426758,0.0024788438213371546,-0.0019335984673174397,1.1510129423356181,0,3.5865694142062825,-34.352529235587312,-29.614401633691394,0,6.7220978962723166e-05,5.623720062430948e-05
2.1017502826289274,3,0.0010931710712611675,38,42,108,0.51345354318618774,0.0016485366734873808,-0.0019756838858992097,0.85723474558979573,0,1.6225411244918675,-31.875752214952758,-29.396303492083508,0,5.623720062430948e-05,4.7552799514960498e-05
2.1017502826289274,3,0.0010931710712611675,38,42,109,0.47130787372589111,0.00109010383809067,-0.0020715454753261566,0.64030888149305221,0,-0.024944974946401955,-29.659602473539625,-29.04522000863021,0,4.7552799514960498e-05,4.0615192119730636e-05
2.1017502826289274,3,0.0010931710712611675,38,42,110,0.43560245633125305,0.00077160691293635074,-0.0022165071010885953,0.48134259852860428,0,-1.4234175212038676,-27.67114719196513,-28.614667014828544,0,4.0615192119730636e-05,3.4947403037222102e-05
2.1017502826289274,3,0.0010931710712611675,38,42,111,0.40502166748046875,0.00051422815987520274,-0.0023135378281402617,0.36790430262480261,0,-2.439754861096616,-25.88233349676495,-27.955983364905027,3.5527136788005009e-15,3.4947403037222102e-05,3.0289349524537101e-05
2.1017502826289274,3,0.0010931710712611675,38,42,112,0.3787710964679718,0.00038301331295869301,-0.0023731588551306523,0.28350032182255075,0,-3.1468835607247843,-24.269661313180837,-27.135034697625244,0,3.0289349524537101e-05,2.6382387659396045e-05
2.1017502826289274,3,0.0010931710712611675,38,42,113,0.35612496733665466,0.00028411125852584828,-0.0024105681392027362,0.21967935313454312,0,-3.5445582596790635,-22.813011087649468,-26.140016451074665,0,2.6382387659396045e-05,2.3108363166102208e-05
2.1017502826289274,3,0.0010931710712611675,38,42,114,0.33660107851028442,0.00020237104621241908,-0.0024924015330952216,0.1688624861399057,0,-3.6644577130279989,-21.495480214196231,-24.993365471571206,0,2.3108363166102208e-05,2.0363366274978034e-05
2.1017502826289274,3,0.0010931710712611675,38,42,115,0.319784015417099,0.00012610129977120993,-0.0026069676605609128,0.12889600169026061,0,-3.4978034705718728,-20.302565166404197,-23.673953501646597,0,2.0363366274978034e-05,1.7981932614929974e-05
2.1017502826289274,3,0.0010931710712611675,38,42,116,0.30530667304992676,0.00012030241043173634,-0.0026829555743243961,0.099207392163887118,0,-3.0114718770539883,-19.221834350201718,-22.136661488255712,0,1.7981932614929974e-05,1.5894091120571829e-05
2.1017502826289274,3,0.0010931710712611675,38,42,117,0.29276087880134583,4.9831761324596909e-05,-0.0027215339960211999,0.077043168522985706,0,-2.2035545737352757,-18.242546432114612,-20.371729539561596,3.5527136788005009e-15,1.5894091120571829e-05,1.4107786228123587e-05
2.1017502826289274,3,0.0010931710712611675,38,42,118,0.28186145424842834,4.3612098917198104e-05,-0.0027425766013147866,0.059976988942168637,0,-1.0932169348095284,-17.356113797817059,-18.392052708186817,0,1.4107786228123587e-05,1.2547943697427399e-05
2.1017502826289274,3,0.0010931710712611675,38,42,119,0.27238959074020386,2.8788948036413871e-05,-0.0027004911827330168,0.047763493012127026,0,0.26725201027276324,-16.555039323691293,-16.2426955226411,0,1.2547943697427399e-05,1.1170409379701596e-05
2.1017502826289274,3,0.0010931710712611675,38,42,120,0.26408267021179199,1.9390296222109954e-05,-0.0026093057278157557,0.038766944670801731,0,1.8358411069843801,-15.83306631929994,-13.96104818307635,1.7763568394002505e-15,1.1170409379701596e-05,9.9601857073139399e-06
2.1017502826289274,3,0.0010931710712611675,38,42,121,0.25682529807090759,8.4021497043534858e-06,-0.0024620062427930705,0.031869590942452335,0,3.5329717959061444,-15.184878642441301,-11.622490859685794,0,9.9601857073139399e-06,8.8846754806581885e-06
2.1017502826289274,3,0.0010931710712611675,38,42,122,0.25041446089744568,2.4643199746801688e-06,-0.0022924948068574827,0.026417137402255184,0,5.2869443129844642,-14.606632313369543,-9.2955608934697072,-1.7763568394002505e-15,8.8846754806581885e-06,7.9269439083873294e-06
2.1017502826289274,3,0.0010931710712611675,38,42,123,0.24477018415927887,-3.4733017603970406e-06,-0.0021229835789164909,0.022477739719462746,0,7.0417619603615149,-14.094933179755891,-7.0328199365555912,-8.8817841970012523e-16,7.9269439083873294e-06,7.0580731517111417e-06
2.1017502826289274,3,0.0010931710712611675,38,42,124,0.23974314332008362,-1.4507831073085454e-05,-0.0018938509079959166,0.020964683862058037,0,8.7694809136437861,-13.647150432767202,-4.8586131940004265,0,7.0580731517111417e-06,6.2605918174085673e-06
2.1017502826289274,3,0.0010931710712611675,38,42,125,0.23525576293468475,-1.118563738676042e-05,-0.0015700258892704128,0.021278199940619372,0,10.400786857201521,-13.260612370168774,-2.8401285245532928,-1.3322676295501878e-15,6.2605918174085673e-06,5.5453128879889846e-06
2.1017502826289274,3,0.0010931710712611675,38,42,126,0.23116655647754669,-2.2289532897250642e-05,-0.0012181436474976008,0.022164223640901409,0,11.844855546188883,-12.933424264355395,-1.0676449277060036,2.2204460492503131e-15,5.5453128879889846e-06,4.9061645768233575e-06
2.1017502826289274,3,0.0010931710712611675,38,42,127,0.22742816805839539,-2.6448488843715644e-05,-0.00075052614063437801,0.026348981733002722,0,13.041314688782045,-12.664154846272758,0.40273184961281189,4.9960036108132044e-16,4.9061645768233575e-06,4.3064828787464648e-06
2.1017502826289274,3,0.0010931710712611675,38,42,128,0.22362008690834045,-3.5376175894121183e-05,-0.00011456629646130041,0.034377719570943023,0,13.881973975609641,-12.455843858769526,1.4603578939387034,6.6613381477509392e-16,4.3064828787464648e-06,3.6979076867282856e-06
2.1017502826289274,3,0.0010931710712611675,38,42,129,0.2196308821439743,-6.9671689864841987e-05,0.00061491704388455689,0.043810464195484088,0,14.275082244724006,-12.310399660584768,2.0090382936887425,1.3322676295501878e-15,3.6979076867282856e-06,2.9970101422804873e-06
2.1017502826289274,3,0.0010931710712611675,38,42,130,0.21527627110481262,-0.00017169829111906071,0.0019710079593841198,0.074930342776159314,0,14.042126167219083,-12.228203923466294,1.8906518961972119,-6.6613381477509392e-16,2.9970101422804873e-06,1.9682593119796365e-06
2.1017502826289274,3,0.0010931710712611675,38,42,131,0.20772990584373474,0.00011151255880023872,0.0052864164459949384,0.16302836085189476,0,13.423558944217566,-12.241535172372076,1.3504500617021793,-4.4408920985006262e-16,1.9682593119796365e-06,9.828296470004716e-07
2.1017502826289274,3,0.0010931710712611675,38,42,132,0.19152948260307312,-6.0555546710700908e-06,0.0038227730328090743,0.10887186606388657,0,11.73493408281851,-12.431893956594211,-0.58427129023367597,4.4408920985006262e-16,9.828296470004716e-07,9.828296470004716e-07
2.1028434537001885,0,0.0012024882016703486,38,42,0,0.0091868136078119278,3.8724811325458318e-07,4.7847211256915401,-6.8043381469887345,0,-122.7017766459376,83.19384430399171,-41.527550524987426,-1.5489924507505748e-06,0.0005107597098685801,0.0005107597098685801
2.1028434537001885,0,0.0012024882016703486,38,42,1,0.3439638614654541,-0.26552131583036404,9.5739498194213635,-27.289207249865552,0,-59.15505520947945,26.68948693981535,-50.446347015938649,7.1054273576010019e-15,0.0005107597098685801,0.00020234980911482126
2.1028434537001885,0,0.0012024882016703486,38,42,2,0.45015108585357666,-0.42821741464446511,9.6806095672550736,1.2273224842547337,0,18.031982240801526,27.987022153980501,56.498719031647369,0,0.00020234980911482126,0.00044596687075681984
2.1028434537001885,0,0.0012024882016703486,38,42,3,0.32823440432548523,-0.47323965478766944,9.7056064329656575,-6.228560613284837,0,34.937115843820898,30.032014382394927,67.972936391108973,0,0.00044596687075681984,0.00049659609794616699
2.1028434537001885,0,0.0012024882016703486,38,42,4,0.55062836408615112,-0.69469058633720893,9.4464235942530443,-7.2831890269374631,0,-120.55788434738285,34.106930240640821,-84.982410125763664,0,0.00049659609794616699,0.00069134612567722797
2.1028434537001885,0,0.0012024882016703486,38,42,5,0.37590843439102173,-0.30458845448793942,8.8583974027269043,25.318913633505481,0,224.03065456064525,43.611894906670784,301.51527204906046,0,0.00069134612567722797,0.00045270769624039531
2.1028434537001885,0,0.0012024882016703486,38,42,6,0.18067094683647156,0.071194016629402099,8.0991711438195928,-1.3987773608944269,0,333.44969700255439,50.35568758564839,390.57695999581773,-1.2391939662848017e-05,0.00045270769624039531,0.00034967882675118744
2.1028434537001885,0,0.0012024882016703486,38,42,7,0.60712671279907227,0.037525891166822131,6.7779417665968493,-43.605401530307731,0,83.470816546531012,56.626702984085554,103.3075856580725,0,0.00034967882675118744,0.0005282469792291522
2.1028434537001885,0,0.0012024882016703486,38,42,8,1.0530321598052979,-0.24827173587355186,4.4930563024872461,-85.182391247418138,0,-16.290592533178692,65.423046974648315,-31.805152239334824,7.1054273576010019e-15,0.0005282469792291522,0.00077250390313565731
2.1028434537001885,0,0.0012024882016703486,38,42,9,1.6202317476272583,-0.72749805286808056,2.3931730093873784,-93.084978984528959,0,-317.0397453069159,68.688719607678934,-339.77032972724663,0,0.00077250390313565731,0.00062842288753017783
2.1028434537001885,0,0.0012024882016703486,38,42,10,1.8281049728393555,-0.53371967786765695,1.7891718650692037,47.268706721997965,0,-85.75965736286939,50.034091968522539,12.798593514852659,-3.5527136788005009e-15,0.00062842288753017783,0.00039803239633329213
2.1028434537001885,0,0.0012024882016703486,38,42,11,0.94374746084213257,0.25789214075113548,2.2736324211865377,55.874413113382857,0,701.18511515064677,55.786628613085405,815.37768143905271,0,0.00039803239633329213,0.00034217032953165472
2.1028434537001885,0,0.0012024882016703486,38,42,12,0.88875019550323486,0.15171490406654084,2.3298949250650698,-75.595391941076329,0,103.85550766049377,66.89972006802013,97.641445616569186,0,0.00034217032953165472,0.00018581330368760973
2.1028434537001885,0,0.0012024882016703486,38,42,13,2.2778728008270264,-0.54234969569559199,1.9044716991817932,-106.15649257766383,0,-689.54819162392016,66.648808074510413,-727.69375412358738,0,0.00018581330368760973,0.00028968392871320248
2.1028434537001885,0,0.0012024882016703486,38,42,14,1.8796244859695435,-0.39055637388611708,2.4211491684572857,64.18687664550194,0,363.41355571701649,53.22347982122691,482.85450497831653,0,0.00028968392871320248,0.00045610265806317329
2.1028434537001885,0,0.0012024882016703486,38,42,15,1.0407259464263916,0.29626881602277794,2.9822418664584562,-30.978560298645746,0,384.58116957643284,78.944784518207683,435.82590447847605,5.6843418860808015e-14,0.00045610265806317329,0.00022122799418866634
2.1028434537001885,0,0.0012024882016703486,38,42,16,1.9873120784759521,0.027590072700992663,2.6706804288191983,-163.69881119669833,0,-394.61140377925113,125.20706747169095,-430.40487700273832,0,0.00022122799418866634,0.0002449949097353965
2.1028434537001885,0,0.0012024882016703486,38,42,17,2.5627725124359131,-0.60795146232148467,3.1745699972747414,41.53044559188212,0,-214.43944199483121,-28.214166407291106,-198.55654427528694,0,0.0002449949097353965,0.00024888335610739887
2.1028434537001885,0,0.0012024882016703486,38,42,18,1.643738865852356,-0.048632941551190086,4.3708423469365529,122.57016185518954,0,361.16258466816953,-10.260724279827423,477.79423164891699,-5.6843418860808015e-14,0.00024888335610739887,0.00037166124093346298
2.1028434537001885,0,0.0012024882016703486,38,42,19,1.1079764366149902,0.63239165886926452,5.2600252001709702,-27.970986984106855,0,164.73913931202469,54.477246704639569,197.13781589159763,-2.8421709430404007e-14,0.00037166124093346298,0.00057211163220927119
2.1028434537001885,0,0.0012024882016703486,38,42,20,1.282940149307251,0.042076443745676741,6.2709724138965921,-109.53146211817941,0,-257.51070135957974,60.782364720922388,-299.94674989919446,5.6843418860808015e-14,0.00057211163220927119,0.00048577858251519501
2.1028434537001885,0,0.0012024882016703486,38,42,21,1.5028765201568604,-0.42193237776634318,7.1851556180746119,-29.315264594534284,0,-334.34206535876842,25.689184789474982,-331.20492192351946,-5.6843418860808015e-14,0.00048577858251519501,0.00044516604975797236
2.1028434537001885,0,0.0012024882016703486,38,42,22,1.112089991569519,-0.15492867615844064,7.8044234383856788,93.470814416666386,0,66.736840413600348,16.226997099027571,184.08414669152154,0,0.00044516604975797236,0.00060107937315478921
2.1028434537001885,0,0.0012024882016703486,38,42,23,0.59100013971328735,0.51535288710410532,8.3394314907261347,43.399150087203438,0,223.15424702266708,19.400275430220553,294.80845691792132,0,0.00060107937315478921,0.00058129581157118082
2.1028434537001885,0,0.0012024882016703486,38,42,24,0.62911057472229004,0.34422794585690503,8.5839167145482822,-41.325135936189255,0,-49.771630687283114,50.303839710260959,-31.864782252806219,3.5527136788005009e-15,0.00058129581157118082,0.0006044263718649745
2.1028434537001885,0,0.0012024882016703486,38,42,25,1.0287047624588013,-0.46161136844286083,8.7123630412336954,-61.525534124061707,0,-199.41847802778409,59.262518109900043,-193.43074236915493,0,0.0006044263718649745,0.00051287782844156027
2.1028434537001885,0,0.0012024882016703486,38,42,26,1.0115361213684082,-0.59370015088154615,8.9918663374412287,45.716145390367878,0,-9.9756105329550557,-1.6883769899107344,42.450324054061774,7.1054273576010019e-15,0.00051287782844156027,0.00044626410817727447
2.1028434537001885,0,0.0012024882016703486,38,42,27,0.80451685190200806,-0.25865075980500124,9.223128587188187,55.150228161747727,0,69.438828497007776,9.6625901380491115,143.21612462418781,2.8421709430404007e-14,0.00044626410817727447,0.00022651827021036297
2.1028434537001885,0,0.0012024882016703486,38,42,28,0.82408100366592407,-0.10948743355669482,8.9677911222401914,-45.604617933750561,0,-8.2948174100943,26.095392570354512,-18.945739084806853,0,0.00022651827021036297,0.00061775714857503772
2.1028434537001885,0,0.0012024882016703486,38,42,29,1.1358040571212769,-0.5914703762454262,8.6091544485853095,-48.310521870079228,0,-143.68206155405574,31.611986684473624,-152.36291266732144,0,0.00061775714857503772,0.00022199856175575405
2.1028434537001885,0,0.0012024882016703486,38,42,30,1.1592082977294922,-1.0449061625212563,8.612713258746119,21.135989629495526,0,100.11081220935213,18.988813466940385,147.80342240201293,0,0.00022199856175575405,0.00076528690988197923
2.1028434537001885,0,0.0012024882016703486,38,42,31,1.3258705139160156,-1.1561276931291051,8.210313675812337,-28.240932996879263,0,-56.306594399714598,14.906214606127524,-62.587126807783108,0,0.00076528690988197923,0.00049851980293169618
2.1028434537001885,0,0.0012024882016703486,38,42,32,1.594684362411499,-0.87782409157643382,7.4421814847963974,-9.5347548888864146,0,-24.376035731383411,19.822840571403955,-7.5235926556459081,-1.7763568394002505e-15,0.00049851980293169618,0.00047495862236246467
2.1028434537001885,0,0.0012024882016703486,38,42,33,1.5721505880355835,-1.7183898804323043,5.4909919796075144,-61.942944218361468,0,15.900841248120031,26.066098025083029,-16.203402845983195,3.5527136788005009e-15,0.00047495862236246467,0.00076050293864682317
2.1028434537001885,0,0.0012024882016703486,38,42,34,2.0491864681243896,-1.0475642335706357,3.483918699194863,-5.2295967924238775,0,86.133299126416659,5.5557526433314184,88.895809442948433,1.4210854715202004e-14,0.00076050293864682317,0.00089981831843033433
2.1028434537001885,0,0.0012024882016703486,38,42,35,1.2404172420501709,-0.22870099072589176,3.5973258581539205,42.483831858805466,0,454.11620909268254,7.3988801752684958,507.36754599418452,-5.6843418860808015e-14,0.00089981831843033433,0.00042967675835825503
2.1028434537001885,0,0.0012024882016703486,38,42,36,1.4621045589447021,0.221689089139191,3.8276993734809586,-97.864103987735845,0,-209.17792356593552,23.943210064191216,-279.04942902686003,0,0.00042967675835825503,0.00093965505948290229
2.1028434537001885,0,0.0012024882016703486,38,42,37,2.4860444068908691,-2.0386390358683726,3.3353315981390792,-103.91920223016189,0,-548.41222755280012,40.156229055322747,-610.87850816536854,0,0.00093965505948290229,0.00076110975351184607
2.1028434537001885,0,0.0012024882016703486,38,42,38,2.1428968906402588,-0.36832484695228473,2.3119757931204403,114.5606068952431,0,-98.474283094828834,4.9680772985958868,22.998052045178301,-1.0658141036401503e-14,0.00076110975351184607,0.00066967227030545473
2.1028434537001885,0,0.0012024882016703486,38,42,39,0.77221685647964478,2.4862009459503285,1.4484381557502231,64.365816253674623,0,753.70840081535096,6.7200992904162389,828.72895546114228,-1.1368683772161603e-13,0.00066967227030545473,0.00070011505158618093
2.1028434537001885,0,0.0012024882016703486,38,42,40,0.55956822633743286,1.7184181495445721,0.89791684718076115,-55.348201789183094,0,58.899682117705034,20.711689616764744,26.879504942012016,-3.5527136788005009e-15,0.00070011505158618093,0.00040347586036659777
2.1028434537001885,0,0.0012024882016703486,38,42,41,2.1768786907196045,-0.31885525585240815,0.24866730982124144,-88.666608127660211,0,-892.01325279217986,32.019929336900532,-948.73006996121228,4.9567758424018393e-05,0.00040347586036659777,0.0002856143401004374
2.1028434537001885,0,0.0012024882016703486,38,42,42,2.1531262397766113,-0.35938725731039728,0.58343352571496898,110.52856714809676,0,-44.871510785586047,24.41668129335061,90.297783924265886,0,0.0002856143401004374,0.00036154122790321708
2.1028434537001885,0,0.0012024882016703486,38,42,43,1.1131660938262939,0.49116682213064883,1.1884862422846865,51.161262796734917,0,583.67007157797309,24.124033247186762,660.6350206863101,0,0.00036154122790321708,0.0004381008620839566
2.1028434537001885,0,0.0012024882016703486,38,42,44,1.3158026933670044,0.56655386451834322,0.92424604002499688,-97.872431371163273,0,-116.19356713115464,34.074859900893529,-178.50033869688104,0,0.0004381008620839566,0.0005405783886089921
2.1028434537001885,0,0.0012024882016703486,38,42,45,2.4480843544006348,-0.88126237076199299,0.53924483713554505,-103.36206062466024,0,-707.50460781689355,39.576286280912683,-771.63239969426763,0,0.0005405783886089921,0.00039991718949750066
2.1028434537001885,0,0.0012024882016703486,38,42,46,2.4853746891021729,-0.75902063015917354,0.94698157037823005,119.11469427487549,0,-93.287314574712028,30.883489337849291,56.898829978231817,7.1054273576010019e-15,0.00039991718949750066,0.0004220729460939765
2.1028434537001885,0,0.0012024882016703486,38,42,47,1.3501924276351929,0.45541113890154167,1.7174411225548307,96.155503352358508,0,725.71768586336236,20.38721906964609,844.43326054682336,0,0.0004220729460939765,0.00049707555444911122
2.1028434537001885,0,0.0012024882016703486,38,42,48,1.0866494178771973,0.87403022181087864,1.6706793638868869,-56.625215951330659,0,247.16982601426332,70.042910769805687,263.13223041843611,0,0.00049707555444911122,0.00047120885574258864
2.1028434537001885,0,0.0012024882016703486,38,42,49,2.2708156108856201,-0.55984401645998105,0.99048870227832586,-185.06915718836572,0,-593.11421660432779,99.420333333494682,-678.33239577338043,1.1368683772161603e-13,0.00047120885574258864,0.00030145503114908934
2.1028434537001885,0,0.0012024882016703486,38,42,50,3.0554630756378174,-0.79996359867735412,1.1909540776984295,47.271779923024759,0,-387.00265371450809,6.0700677054920016,-333.26981560697027,-5.6843418860808015e-14,0.00030145503114908934,0.00023565354058519006
2.1028434537001885,0,0.0012024882016703486,38,42,51,1.9412025213241577,-0.083797393723385766,2.1468075023513222,190.423565596684,0,463.66097666878522,17.199020843145636,673.34657321724285,1.1368683772161603e-13,0.00023565354058519006,0.00071195489726960659
2.1028434537001885,0,0.0012024882016703486,38,42,52,1.2370148897171021,1.2294616428323522,2.5069559926403495,-17.441407182193945,0,378.82169344568047,69.265589181062211,434.38229308002144,0,0.00071195489726960659,0.00064538093283772469
2.1028434537001885,0,0.0012024882016703486,38,42,53,2.0566573143005371,-0.38939617853880637,2.3090563295946143,-185.55809355817604,0,-370.54833887501519,76.398984441822989,-477.78778784031243,-5.6843418860808015e-14,0.00064538093283772469,0.00033351237652823329
2.1028434537001885,0,0.0012024882016703486,38,42,54,3.007549524307251,-1.0337505124986748,2.4049929835482478,-97.038404266699715,0,-517.6450241763838,30.277771329021004,-583.03441464301295,0,0.00033351237652823329,0.00040200303192250431
2.1028434537001885,0,0.0012024882016703486,38,42,55,2.4599862098693848,-0.53316591306570293,3.3168912302340092,167.275918056363,0,98.464369543129521,25.876947458660055,294.40096037532089,0,0.00040200303192250431,0.0006773127824999392
2.1028434537001885,0,0.0012024882016703486,38,42,56,1.5326735973358154,0.81501980532069229,4.5386946543786388,101.59883631941968,0,482.93767967707379,34.840384363114808,624.73061481930756,0,0.0006773127824999392,0.00073410250479355454
2.1028434537001885,0,0.0012024882016703486,38,42,57,1.6003422737121582,0.28475515511949268,5.000555797854549,-96.405919668283261,0,20.258838575139929,85.240088118308165,14.378317978138876,-5.3290705182007514e-15,0.00073410250479355454,0.00051806413102895021
2.1028434537001885,0,0.0012024882016703486,38,42,58,2.6043500900268555,-0.79999419127830118,4.8026898253946664,-200.08699838662756,0,-405.56548186492881,72.736026224442227,-528.91375839299781,0,0.00051806413102895021,0.00083202251698821783
2.1028434537001885,0,0.0012024882016703486,38,42,59,2.8144431114196777,-1.1701557560317524,5.0638023214556274,84.314162389591928,0,-118.32438593340591,-36.990237184628768,-67.106814163018868,0,0.00083202251698821783,0.0003991904086433351
2.1028434537001885,0,0.0012024882016703486,38,42,60,1.908136248588562,-0.035588488856209452,5.8208398540268238,196.06169985463674,0,390.94467841222468,-40.038257790100872,552.75337184193108,-1.1368683772161603e-13,0.0003991904086433351,0.00090504367835819721
2.1028434537001885,0,0.0012024882016703486,38,42,61,1.6313689947128296,0.59814846995850157,6.0222204903626047,-67.118710425058055,0,83.616446620993983,71.339999874144368,94.458105030401398,-1.4210854715202004e-14,0.00090504367835819721,0.00052909360965713859
2.1028434537001885,0,0.0012024882016703486,38,42,62,2.5031919479370117,-0.1881491428020983,5.6639985594370188,-289.35317812106246,0,-433.14508182794663,125.04428695278816,-591.97812357958605,-1.1368683772161603e-13,0.00052909360965713859,0.00080263585550710559
2.1028434537001885,0,0.0012024882016703486,38,42,63,3.3177940845489502,-2.1539564897701151,5.7743855703608036,17.275751733298353,0,-306.84742453381381,-90.751824592094621,-376.70306831201935,5.6843418860808015e-14,0.00080263585550710559,0.0007754493854008615
2.1028434537001885,0,0.0012024882016703486,38,42,64,2.6689250469207764,-0.78195811040346896,6.3448485109583954,345.60861859400859,0,298.51072236778987,-96.296870599590775,553.38536076276262,0,0.0007754493854008615,0.00038541507092304528
2.1028434537001885,0,0.0012024882016703486,38,42,65,1.7912168502807617,0.11410033308178341,6.6761869033656218,182.51453405096862,0,452.98765036723222,-29.024698394227293,613.267773260421,0,0.00038541507092304528,0.00066321162739768624
2.1028434537001885,0,0.0012024882016703486,38,42,66,1.6805813312530518,0.60342975972706758,6.4868415511416799,-70.419130056794771,0,170.21588094831253,107.97721548276044,214.86423768514695,0,0.00066321162739768624,0.00074693356873467565
2.1028434537001885,0,0.0012024882016703486,38,42,67,2.5225107669830322,-1.3320146244249971,5.9911856520701559,-317.64685121298209,0,-233.92938550017209,120.54591373370593,-426.37115195180309,0,0.00074693356873467565,0.00024514808319509029
2.1028434537001885,0,0.0012024882016703486,38,42,68,3.5724935531616211,-2.0193529180839542,5.7349520949880901,-186.42414143462841,0,-329.51456222326885,-82.693693228821516,-594.91679770981466,0,0.00024514808319509029,0.00060175015823915601
2.1028434537001885,0,0.0012024882016703486,38,42,69,3.5412559509277344,-2.1809910550526439,5.7740587329532174,234.94859775037889,0,54.456329110554009,-129.6052146830931,163.3927798557404,0,0.00060175015823915601,0.000559488486032933
2.1028434537001885,0,0.0012024882016703486,38,42,70,2.659841775894165,-0.3025131918490081,5.7202691955259288,236.72629584110049,0,490.58558827102917,-80.58944274512443,652.14019737068213,0,0.000559488486032933,0.00041994941420853138
2.1028434537001885,0,0.0012024882016703486,38,42,71,2.3462026119232178,0.12041751155330543,5.0431550265531193,-104.59966841880302,0,136.13447810329745,69.705552605477919,106.40393482807877,0,0.00041994941420853138,0.00032702297903597355
2.1028434537001885,0,0.0012024882016703486,38,42,72,3.729255199432373,-0.84544976206023736,3.4636187658499442,-401.62157359238944,0,-520.11587780192167,155.95365066057266,-763.1656317299487,1.1368683772161603e-13,0.00032702297903597355,0.00042433070484548807
2.1028434537001885,0,0.0012024882016703486,38,42,73,4.8987107276916504,-1.8274645075002698,2.141525825334643,17.751998756933556,0,-114.55862418490322,-219.97695370303589,-316.46951781317119,0,0.00042433070484548807,0.00056489813141524792
2.1028434537001885,0,0.0012024882016703486,38,42,74,3.6366658210754395,0.509912825609105,1.9930607074345346,339.77707094240219,0,670.58475684933001,-162.41649328439163,850.44830804038418,0,0.00056489813141524792,0.00023726897779852152
2.1028434537001885,0,0.0012024882016703486,38,42,75,2.897435188293457,0.63951566878475252,1.6764882792097622,-70.850766097783051,0,226.44554618684043,57.584649484790589,215.4954335218425,2.8421709430404007e-14,0.00023726897779852152,0.0003085249918513
2.1028434537001885,0,0.0012024882016703486,38,42,76,4.4205880165100098,-0.43915393064095853,0.65447627355013094,-450.90064946349196,0,-617.59860745578476,96.835176456863707,-971.44875811950385,0,0.0003085249918513,0.00032202459988184273
2.1028434537001885,0,0.0012024882016703486,38,42,77,5.3371686935424805,-0.99562525806456292,0.49162028967126992,52.030681280765045,0,-294.61013631617647,-214.51656942705191,-457.60002943085658,0,0.00032202459988184273,0.00016108677664306015
2.1028434537001885,0,0.0012024882016703486,38,42,78,3.4775128364562988,-0.28619988101801719,1.3423896790632854,417.24850340705729,0,734.58862933046248,-185.21686910868553,967.67645342687956,1.1368683772161603e-13,0.00016108677664306015,0.00028556521283462644
2.1028434537001885,0,0.0012024882016703486,38,42,79,2.4138178825378418,0.8593756882730138,1.4728864845083813,-9.9099828207055758,0,584.93603212997596,32.630058876235019,609.98837035828683,0,0.00028556521283462644,0.00033298649941571057
2.1028434537001885,0,0.0012024882016703486,38,42,80,3.541926383972168,0.3515071938597939,0.69100190284041652,-349.61627100397465,0,-217.77634349682143,37.708573140761303,-528.64153226333451,0,0.00033298649941571057,0.00055400206474587321
2.1028434537001885,0,0.0012024882016703486,38,42,81,4.6124248504638672,-1.236537827605853,0.58422612579077271,-53.046225516843116,0,-346.35610039213714,-111.85718134683925,-511.91181895763458,0,0.00055400206474587321,0.00042141645099036396
2.1028434537001885,0,0.0012024882016703486,38,42,82,3.7017905712127686,-0.65657598122621152,1.306111888565483,312.94485364199591,0,258.74845785699796,-106.4965274009504,465.84632000538272,0,0.00042141645099036396,0.00050569412996992469
2.1028434537001885,0,0.0012024882016703486,38,42,83,2.8093466758728027,0.5753715040571501,1.9517910951328237,176.07241075020124,0,401.032312079382,-98.788146141629227,480.84373928714399,0,0.00050569412996992469,0.00024433544604107738
2.1028434537001885,0,0.0012024882016703486,38,42,84,2.717829704284668,0.53465352669277044,2.0000433717886845,-79.636750426820029,0,-35.947529816894573,1.587357898094691,-111.46222544713845,0,0.00024433544604107738,0.00018992797413375229
2.1028434537001885,0,0.0012024882016703486,38,42,85,3.4034898281097412,0.58650982472666335,1.5730582774526238,-292.00782899510568,0,-314.05536970335345,-31.212024441164669,-635.11565503744453,0,0.00018992797413375229,0.00060101854614913464
2.1028434537001885,0,0.0012024882016703486,38,42,86,4.0838437080383301,-0.64564861396639361,1.6076596708681474,-103.94239994113829,0,-337.97082182278655,-51.379360934119902,-492.33057164114297,0,0.00060101854614913464,0.00035900957300327718
2.1028434537001885,0,0.0012024882016703486,38,42,87,3.5847616195678711,-0.32620735490660302,2.3646318553202326,243.00058271159841,0,127.00984684821181,-53.063673367833914,318.98518069238992,0,0.00035900957300327718,0.0004584171692840755
2.1028434537001885,0,0.0012024882016703486,38,42,88,2.8462579250335693,0.66990360910400948,3.1823043102167188,185.32036658842642,0,302.37542136225176,-60.579929995222329,430.96806587477653,-5.6843418860808015e-14,0.0004584171692840755,0.0005343848024494946
2.1028434537001885,0,0.0012024882016703486,38,42,89,2.7726619243621826,0.63274908887779857,3.3372318246308192,-116.40988082923374,0,41.171178478298856,19.216032071888741,-52.052689365537532,-7.1054273576010019e-15,0.0005343848024494946,0.00070180493639782071
2.1028434537001885,0,0.0012024882016703486,38,42,90,3.5193636417388916,-0.34498307967775149,3.2863338688652033,-184.08434496255552,0,-238.53809654966773,-2.805931672974777,-422.48702239601056,5.6843418860808015e-14,0.00070180493639782071,0.00066442968090996146
2.1028434537001885,0,0.0012024882016703486,38,42,91,3.192737340927124,-0.19672707575880058,3.7445889579104867,-41.498920497478288,0,50.323567678142602,-27.844192657872586,-15.471683595056584,1.7763568394002505e-15,0.00066442968090996146,0.00061325711430981755
2.1028434537001885,0,0.0012024882016703486,38,42,92,2.9863801002502441,0.017661999197428287,3.9691719522000293,-138.31347676680741,0,-35.757982708403624,-39.103211593821264,-209.18783711763484,2.8421709430404007e-14,0.00061325711430981755,0.0010089791612699628
2.1028434537001885,0,0.0012024882016703486,38,42,93,3.3906588554382324,-0.67807686778236076,3.8208710274999409,-172.71330289240456,0,-227.29672373574383,2.5686012452931202,-394.2986312231377,0,0.0010089791612699628,0.00098278920631855726
2.1028434537001885,0,0.0012024882016703486,38,42,94,3.4461076259613037,-1.1532608953466814,4.2613576241166511,157.38635715215801,0,86.994588498053346,-99.660142149101176,147.82890022988016,2.8421709430404007e-14,0.00098278920631855726,0.00039546057814732194
2.1028434537001885,0,0.0012024882016703486,38,42,95,2.4736511707305908,-1.5082795098794255,5.1784746200006877,322.99422099959389,0,460.60244769851187,-93.655702155858648,693.61116165236831,-1.1368683772161603e-13,0.00039546057814732194,0.0008761140052229166
2.1028434537001885,0,0.0012024882016703486,38,42,96,1.6121180057525635,-0.47458379298877612,5.479936045974096,99.253884800463155,0,167.02570001147222,-35.532350271727161,235.75258679319353,-2.8421709430404007e-14,0.0008761140052229166,0.0010017466265708208
2.1028434537001885,0,0.0012024882016703486,38,42,97,1.7109255790710449,-0.20917323011880287,4.4261007164574151,-23.671479612112929,0,-160.77173592195788,-49.018944274512442,-229.24523232224465,0,0.0010017466265708208,0.00083047454245388508
2.1028434537001885,0,0.0012024882016703486,38,42,98,1.7404845952987671,-0.39888065932863764,1.9809843750226903,9.8957073062585597,0,-26.351608314023366,-64.666395141197924,-79.540192433268686,-1.4210854715202004e-14,0.00083047454245388508,0.00064763484988361597
2.1028434537001885,0,0.0012024882016703486,38,42,99,1.6078678369522095,0.38511222208292045,0.22219195501725916,22.818815030454644,0,-4.1991822287968343,-69.74550421882617,-50.518567240068172,7.1054273576010019e-15,0.00064763484988361597,0.00040694864583201706
2.1028434537001885,0,0.0012024882016703486,38,42,100,1.3430932760238647,0.15767787304215825,0.004507832758673269,19.116004335242629,0,5.6090875514737455,-63.789343222359321,-38.902065629842113,0,0.00040694864583201706,0.00028584766550920904
2.1028434537001885,0,0.0012024882016703486,38,42,101,1.1340212821960449,0.071030145064655908,0.002429273027285502,11.218075967430497,0,10.354407343385972,-57.20912414642045,-35.563181417512034,7.1054273576010019e-15,0.00028584766550920904,0.00021018668485339731
2.1028434537001885,0,0.0012024882016703486,38,42,102,0.97501099109649658,0.034493090631427414,0.0015922375540876701,6.9821144618291955,0,10.261418228446376,-51.548882668178223,-34.269264649717137,0,0.00021018668485339731,0.00016036447777878493
2.1028434537001885,0,0.0012024882016703486,38,42,103,0.84823769330978394,0.018375149498949347,0.0012041151072023793,4.6033081638195057,0,8.3724900876584503,-46.647374869243251,-33.651997353159146,0,0.00016036447777878493,0.00012561344192363322
2.1028434537001885,0,0.0012024882016703486,38,42,104,0.74506205320358276,0.010487328039147396,0.0010123919320607069,3.1397209586907917,0,5.6186541288635867,-42.380483082340085,-33.610608274814496,0,0.00012561344192363322,0.00010037870379164815
2.1028434537001885,0,0.0012024882016703486,38,42,105,0.66010838747024536,0.0063905049795569303,0.00084638776094472085,2.1953560238138228,0,2.6760145779552236,-38.653929430808205,-33.775321936298653,0,0.00010037870379164815,8.1503065302968025e-05
2.1028434537001885,0,0.0012024882016703486,38,42,106,0.58952039480209351,0.0039502276674769432,0.00075870938969878874,1.5617313669519555,0,-0.47287641605743663,-35.388405501053072,-34.294841613101376,0,8.1503065302968025e-05,6.7129869421478361e-05
2.1028434537001885,0,0.0012024882016703486,38,42,107,0.53070288896560669,0.002563264703462942,0.00060907184031860353,1.1271212604538838,0,-3.8503739122563543,-32.51731700953453,-35.237397324793221,0,6.7129869421478361e-05,5.5908069043653086e-05
2.1028434537001885,0,0.0012024882016703486,38,42,108,0.48131835460662842,0.0016757204853253538,0.00048047700927616549,0.82911989637240491,0,-7.1816742575364536,-29.984255847083464,-36.334654010752914,0,5.5908069043653086e-05,4.7028956032590941e-05
2.1028434537001885,0,0.0012024882016703486,38,42,109,0.43955647945404053,0.0011466078169541096,0.00043956045493666313,0.61434279880669496,0,-10.409229284283196,-27.741265207354424,-37.534565524559035,0,4.7028956032590941e-05,3.994770668214187e-05
2.1028434537001885,0,0.0012024882016703486,38,42,110,0.40432173013687134,0.00075871619679452956,0.0003565583693786701,0.45572597161761769,0,-13.750814939451336,-25.748418260878406,-39.042391954145948,7.1054273576010019e-15,3.994770668214187e-05,3.4196473279735073e-05
2.1028434537001885,0,0.0012024882016703486,38,42,111,0.37446099519729614,0.00053916767057462535,0.0002291325861224677,0.34058006863004686,0,-16.995817817188879,-23.972455041704201,-40.626924490006338,-7.1054273576010019e-15,3.4196473279735073e-05,2.9473596441675909e-05
2.1028434537001885,0,0.0012024882016703486,38,42,112,0.34910786151885986,0.00037877320815003589,0.0001169043768158306,0.25549701117065587,0,-20.170707100532997,-22.385121927488758,-42.299836339266136,0,2.9473596441675909e-05,2.5524053853587247e-05
2.1028434537001885,0,0.0012024882016703486,38,42,113,0.32754945755004883,0.00028103993810712488,1.6366612872395031e-05,0.19133154779682446,0,-23.235060282429732,-20.962750313549957,-44.006181641631883,0,2.5524053853587247e-05,2.2200109015102498e-05
2.1028434537001885,0,0.0012024882016703486,38,42,114,0.30927905440330505,0.00019873820047624558,-7.4818804234778966e-05,0.14045024370007828,0,-26.24597942066714,-19.68551309648916,-45.790918354059983,0,2.2200109015102498e-05,1.9409846572671086e-05
2.1028434537001885,0,0.0012024882016703486,38,42,115,0.29390433430671692,0.00014683160779002826,-0.0001963993662866149,0.099234652510166471,0,-29.231470298795802,-18.536656373934523,-47.668941587978658,-7.1054273576010019e-15,1.9409846572671086e-05,1.7004225810524076e-05
2.1028434537001885,0,0.0012024882016703486,38,42,116,0.28110751509666443,0.00011596776298624447,-0.00033902267622088438,0.06713952888362662,0,-32.200145314854495,-17.502152470231511,-49.635381311115616,-7.1054273576010019e-15,1.7004225810524076e-05,1.4886263670632616e-05
2.1028434537001885,0,0.0012024882016703486,38,42,117,0.2704910933971405,8.0427821580514444e-05,-0.00047696988955320767,0.042529136790071344,0,-35.065000660742093,-16.569869676488086,-51.592737742508078,0,1.4886263670632616e-05,1.3065845450910274e-05
2.1028434537001885,0,0.0012024882016703486,38,42,118,0.26175579428672791,3.7873546185872315e-05,-0.0006079027688966188,0.02327206261414743,0,-37.803185599791661,-15.73016706367666,-53.510650630076881,0,1.3065845450910274e-05,1.1491158147691749e-05
2.1028434537001885,0,0.0012024882016703486,38,42,119,0.25463354587554932,2.9689478974000646e-05,-0.00072363809792621377,0.0092939547181099969,0,-40.404910499700122,-14.974692464490559,-55.371002958091523,0,1.1491158147691749e-05,1.0125902917934582e-05
2.1028434537001885,0,0.0012024882016703486,38,42,120,0.24882085621356964,1.1217999237847308e-05,-0.00080430213518323376,-0.00060720504158318642,0,-42.793221415401533,-14.29656835243838,-57.091190057017442,0,1.0125902917934582e-05,8.9649456640472636e-06
2.1028434537001885,0,0.0012024882016703486,38,42,121,0.24411992728710175,-2.576958452876019e-06,-0.00082768299636495034,-0.006790782914032371,0,-44.993397903729154,-13.68992094813828,-58.690939894736282,0,8.9649456640472636e-06,7.982142960827332e-06
2.1028434537001885,0,0.0012024882016703486,38,42,122,0.24025282263755798,-6.5516405645302997e-06,-0.00081131637462914939,-0.010458797042779784,0,-46.940456633293948,-13.150375896902935,-60.102109195254855,0,7.982142960827332e-06,7.1553995439899154e-06
2.1028434537001885,0,0.0012024882016703486,38,42,123,0.2370821088552475,-1.3565880010446017e-05,-0.00080430213518323376,-0.012726521993998622,0,-48.64892095733542,-12.67419083296585,-61.336656180310463,0,7.1553995439899154e-06,6.4538526203250512e-06
2.1028434537001885,0,0.0012024882016703486,38,42,124,0.23443184792995453,-2.0580119456361736e-05,-0.00079728789573731802,-0.012379547684522516,0,-50.057116192344203,-12.25837929887761,-62.328692906921525,7.1054273576010019e-15,6.4538526203250512e-06,5.8604523474059533e-06
2.1028434537001885,0,0.0012024882016703486,38,42,125,0.23215101659297943,-4.3025572231696356e-05,-0.00073766662408954338,-0.0087239254953992498,0,-51.14781754224272,-11.90004158076616,-63.057363740700602,-7.1054273576010019e-15,5.8604523474059533e-06,5.3732310334453359e-06
2.1028434537001885,0,0.0012024882016703486,38,42,126,0.22999943792819977,-4.6765882255274923e-05,-0.00063479079707279154,-0.0031475526645332523,0,-51.863712286269298,-11.597145400533144,-63.464686796146303,0,5.3732310334453359e-06,4.9940986173169222e-06
2.1028434537001885,0,0.0012024882016703486,38,42,127,0.22786842286586761,-5.9624627924146805e-05,-0.00049801265516245298,0.007001445887642864,0,-52.204812816363557,-11.348116981846292,-63.546485989605294,-7.1054273576010019e-15,4.9940986173169222e-06,4.6418440433626529e-06
2.1028434537001885,0,0.0012024882016703486,38,42,128,0.22521650791168213,-7.1313923999048335e-05,-0.00030044426472535153,0.023011831882040354,0,-51.834962986341274,-11.155323185173819,-62.967646097821778,0,4.6418440433626529e-06,4.1961384340538643e-06
2.1028434537001885,0,0.0012024882016703486,38,42,129,0.22182710468769073,-9.6563847039158408e-05,-3.9747488826454877e-05,0.04240521739382988,0,-50.687580904601909,-11.02010233999513,-61.66541433853908,0,4.1961384340538643e-06,3.5106584164168453e-06
2.1028434537001885,0,0.0012024882016703486,38,42,130,0.21734307706356049,-0.00021299992284913322,0.0001882160436008399,0.082617061474185793,0,-48.628858407083932,-10.943222746566924,-59.489488876055916,0,3.5106584164168453e-06,2.3087327463144902e-06
2.1028434537001885,0,0.0012024882016703486,38,42,131,0.20920617878437042,0.00012953406844017429,0.00052723873163959881,0.18371050492797428,0,-43.350759562971142,-10.953669151670081,-54.120061436913169,-7.1054273576010019e-15,2.3087327463144902e-06,1.2379688314467785e-06
2.1028434537001885,0,0.0012024882016703486,38,42,132,0.19089077413082123,3.7433353994633711e-06,0.00039279873257322981,0.12286608137341416,0,-29.905207664221034,-11.114392608595262,-40.896337649374907,0,1.2379688314467785e-06,1.2379688314467785e-06
2.1040459419018589,0,0.0012997252633795142,38,42,0,0.0091868136078119278,3.5827670695338955e-07,4.8430107603930477,-4.8730683847229024,0,65.743087834669637,85.054041831492611,150.76707311666252,7.1655341571386089e-07,0.00041993689956143498,0.00041993689956143498
2.1040459419018589,0,0.0012997252633795142,38,42,1,0.28330272436141968,-0.16466970694308908,9.6660533268007551,-31.607067903736421,0,-118.90528623845734,26.220048000121814,-114.79091678978696,5.7324273257108871e-06,0.00041993689956143498,0.00026892393361777067
2.1040459419018589,0,0.0012997252633795142,38,42,2,0.51809012889862061,-0.47403017854271845,9.6743467160133125,-12.286655401849872,0,-149.34912999219404,28.859079828976615,-123.5763890275967,0,0.00026892393361777067,0.00044133252231404185
2.1040459419018589,0,0.0012997252633795142,38,42,3,0.40997105836868286,-0.48514965441972385,9.7436617939541694,13.658218890049804,0,-16.09530303715643,27.240494583080114,34.061922575507936,0,0.00044133252231404185,0.00033521652221679688
2.1040459419018589,0,0.0012997252633795142,38,42,4,0.44843801856040955,-0.399558065681973,9.5084538523926838,-11.707955399924135,0,-184.40647710544667,40.320701362481529,-146.68483535617855,0,0.00033521652221679688,0.00022781807638239115
2.1040459419018589,0,0.0012997252633795142,38,42,5,0.73847699165344238,-0.62010604094834054,8.7845500335660489,0.95025301053199163,0,-34.680864217158678,34.980601376409538,9.4144341624005623,1.7763568394002505e-15,0.00022781807638239115,0.00049023912288248539
2.1040459419018589,0,0.0012997252633795142,38,42,6,0.65033513307571411,-0.43762496579577065,8.1204074860126543,21.940567447605389,0,267.87646583316575,45.128419359302725,342.62823516029079,5.6843418860808015e-14,0.00049023912288248539,0.00028578261844813824
2.1040459419018589,0,0.0012997252633795142,38,42,7,0.73135286569595337,-0.28055072504009343,7.1146588466804097,-2.1405342174408206,0,140.51642255333957,52.699625914333353,197.90962237187242,0,0.00028578261844813824,0.00034964786027558148
2.1040459419018589,0,0.0012997252633795142,38,42,8,1.0147868394851685,-0.080288376921426777,5.1167531531709054,-24.851494036260291,0,-29.285732928898643,54.637369783211241,5.5366075943017883,3.5527136788005009e-15,0.00034964786027558148,0.00044179096585139632
2.1040459419018589,0,0.0012997252633795142,38,42,9,1.2116619348526001,0.055326163917863276,2.8539036262529049,-70.114831804760698,0,-233.36881263964395,57.39792333863732,-243.17649131559654,0,0.00044179096585139632,0.000594334676861763
2.1040459419018589,0,0.0012997252633795142,38,42,10,1.8434951305389404,-0.48737652329179265,1.5224235986118568,-91.450192506553108,0,-410.06483106581499,70.565171294332828,-429.91480520271517,5.6843418860808015e-14,0.000594334676861763,0.00030451107886619866
2.1040459419018589,0,0.0012997252633795142,38,42,11,1.9242295026779175,-0.53753884503233673,1.8367361708549961,66.467540533411324,0,246.95590357161572,3.9728931426286134,318.69553457347831,0,0.00030451107886619866,0.00054800260113552213
2.1040459419018589,0,0.0012997252633795142,38,42,12,1.0061628818511963,0.2658130126995657,2.5849001594779191,43.18480548485811,0,427.8536994980991,20.184105860018605,494.07332401515333,5.6843418860808015e-14,0.00054800260113552213,0.00027463783044368029
2.1040459419018589,0,0.0012997252633795142,38,42,13,1.402829647064209,-0.121790613239847,2.2306818319225443,-99.288759471380629,0,-373.80135831656526,87.334676572420491,-383.64654999684268,0,0.00027463783044368029,0.00011668142542475834
2.1040459419018589,0,0.0012997252633795142,38,42,14,2.4602513313293457,-0.30857208370597844,2.1321260005436851,-16.054648662665013,0,-261.63458624190577,39.641248218133192,-236.22443276959987,0,0.00011668142542475834,0.00039458458195440471
2.1040459419018589,0,0.0012997252633795142,38,42,15,1.5648014545440674,-0.060242078613970733,3.0066179977616665,78.601575790526354,0,531.34996889710339,9.9210431584599661,622.81896376523741,0,0.00039458458195440471,0.00037256869836710393
2.1040459419018589,0,0.0012997252633795142,38,42,16,1.4697552919387817,0.22749424406077987,3.1281311256919779,-81.280316143366221,0,2.4533871703798313,85.945594786357361,10.474291183123734,8.8817841970012523e-15,0.00037256869836710393,0.00020383360970299691
2.1040459419018589,0,0.0012997252633795142,38,42,17,2.3240106105804443,-0.19449660107366573,2.9251498156442421,-106.5818745126877,0,-406.53328896673446,92.094792492849024,-418.28971777200258,0,0.00020383360970299691,0.00032378980540670455
2.1040459419018589,0,0.0012997252633795142,38,42,18,2.2182807922363281,-0.35093525895120764,3.9099930091257558,105.46565626664028,0,84.116629458137837,-2.3747841270879135,190.76655934786473,-2.8421709430404007e-14,0.00032378980540670455,0.00025395627017132938
2.1040459419018589,0,0.0012997252633795142,38,42,19,1.3450323343276978,0.095302320603015522,5.3720575517788216,93.552204812462293,0,337.36893946959822,-6.9102806157522627,429.47822353869009,0,0.00025395627017132938,0.00050327903591096401
2.1040459419018589,0,0.0012997252633795142,38,42,20,0.92225772142410278,0.5535009680188776,6.5678246916245202,-25.340263718527069,0,-1.5732990701375917,63.107787815994456,43.315550686973197,0,0.00050327903591096401,0.0005754193989560008
2.1040459419018589,0,0.0012997252633795142,38,42,21,1.1046065092086792,0.020090008065704365,7.2196446701189609,-81.720566560870537,0,-346.65528827615611,71.796267383697781,-349.33985277514421,0,0.0005754193989560008,0.00035880776704289019
2.1040459419018589,0,0.0012997252633795142,38,42,22,1.3334490060806274,-0.26945489542574691,7.5561496181442074,-2.6736040979689739,0,-204.72809243180762,9.4540108405574603,-190.66099096650069,0,0.00035880776704289019,0.00057156162802129984
2.1040459419018589,0,0.0012997252633795142,38,42,23,0.945503830909729,0.044325994184273354,8.1590067853129842,85.247797874612999,0,165.96202535613824,1.0000104795936784,260.41316648984218,0,0.00057156162802129984,0.00067160231992602348
2.1040459419018589,0,0.0012997252633795142,38,42,24,0.59079355001449585,0.4292799847374123,8.655103942790376,23.386469053177667,0,142.12879384803065,24.099032697675813,198.69867952641192,-2.8421709430404007e-14,0.00067160231992602348,0.00056642567506060004
2.1040459419018589,0,0.0012997252633795142,38,42,25,0.79610657691955566,0.036929013292513677,8.8178368058556753,-52.757775656978716,0,-110.28291302250739,42.729467318670558,-111.45645554166735,0,0.00056642567506060004,0.00060931156622245908
2.1040459419018589,0,0.0012997252633795142,38,42,26,1.0625821352005005,-0.54952767933876456,8.8810833929341566,-30.515865970475311,0,-133.28989538768002,43.083502029413623,-112.39070361514632,-1.4210854715202004e-14,0.00060931156622245908,0.00063201331067830324
2.1040459419018589,0,0.0012997252633795142,38,42,27,0.97673255205154419,-0.50155156206405005,9.0868932975832895,65.0181536120338,0,26.710910018357204,11.762390529671805,112.07679589558205,1.4210854715202004e-14,0.00063201331067830324,0.0005463428096845746
2.1040459419018589,0,0.0012997252633795142,38,42,28,0.80129897594451904,-0.037135380675718824,9.1091831246296877,25.603129905311945,0,82.349207469531919,21.004668435060779,138.02905355385863,2.8421709430404007e-14,0.0005463428096845746,0.00017189339268952608
2.1040459419018589,0,0.0012997252633795142,38,42,29,0.95258945226669312,-0.078470480910345281,8.7115060116592193,-77.387034951236302,0,-44.467997873627745,50.853600882435529,-62.36839641167964,0,0.00017189339268952608,0.00047783364425413311
2.1040459419018589,0,0.0012997252633795142,38,42,30,1.3369401693344116,-0.61414073377756662,8.5429590341934816,-19.601782964032154,0,-33.386573849114455,18.326432535824313,-26.73310597690638,3.5527136788005009e-15,0.00047783364425413311,0.00029727103537879884
2.1040459419018589,0,0.0012997252633795142,38,42,31,1.2506102323532104,-1.0968483741626962,8.3012713001100362,-3.5627265036537508,0,60.162053928705625,10.677356688197603,74.481107039196814,0,0.00029727103537879884,0.0009290823363699019
2.1040459419018589,0,0.0012997252633795142,38,42,32,1.5856373310089111,-0.38938658997156628,7.6079342168138364,-2.9277569952407418,0,-120.55239604265464,7.0149318087465193,-109.24667360230659,0,0.0009290823363699019,0.00030666214297525585
2.1040459419018589,0,0.0012997252633795142,38,42,33,1.552666187286377,-0.87628714265817131,5.9935562142870902,-39.742872689507102,0,153.18595824016273,22.882107168624277,141.44246179090882,0,0.00030666214297525585,0.00045271165436133742
2.1040459419018589,0,0.0012997252633795142,38,42,34,2.1560826301574707,-0.49657294894422571,3.7157206892706425,-95.709340139396517,0,-44.312029991343138,38.256385498571149,-98.545836891842086,1.4210854715202004e-14,0.00045271165436133742,0.00031984370434656739
2.1040459419018589,0,0.0012997252633795142,38,42,35,1.8505207300186157,-0.27005285924965211,3.2539417827221953,74.379299130148937,0,321.39188494301834,9.0902539330945125,407.84532692973431,0,0.00031984370434656739,0.00032491219462826848
2.1040459419018589,0,0.0012997252633795142,38,42,36,1.1265509128570557,0.14155691830081898,3.9684558856129959,17.491882838142676,0,219.41246166999042,24.017861526948455,265.03221883899539,0,0.00032491219462826848,0.00034980833879671991
2.1040459419018589,0,0.0012997252633795142,38,42,37,1.7514702081680298,-0.25391034394116024,3.7197817557439592,-104.16508315826292,0,-405.3685514559246,37.600320657652723,-468.46744254473197,5.6843418860808015e-14,0.00034980833879671991,0.0006307692383415997
2.1040459419018589,0,0.0012997252633795142,38,42,38,2.1705517768859863,-0.85719332297615092,2.2192180521301568,-56.047730339453743,0,-433.07864648434264,25.080882847547439,-462.68346924709493,0,0.0006307692383415997,0.00060193956596776843
2.1040459419018589,0,0.0012997252633795142,38,42,39,1.7687536478042603,0.91227138027444887,1.2061585974541753,78.7375948257678,0,321.23027635225947,7.6385281813740002,409.72482933712985,-5.6843418860808015e-14,0.00060193956596776843,0.00044763949699699879
2.1040459419018589,0,0.0012997252633795142,38,42,40,0.59189051389694214,1.3643403610802223,1.25235219854262,30.265060810753319,0,497.94610604721817,12.96023854063149,543.78809795822588,0,0.00044763949699699879,0.0003522764309309423
2.1040459419018589,0,0.0012997252633795142,38,42,41,1.0360419750213623,0.53099165170488205,0.55651859836778084,-69.373193288939859,0,-415.28620101741626,47.18913525886164,-436.38277172713106,-2.2929709246000129e-05,0.0003522764309309423,0.00022486805391963571
2.1040459419018589,0,0.0012997252633795142,38,42,42,2.2617082595825195,-0.305573906662648,0.080862756061482077,-33.408219494641749,0,-555.41194718463919,36.252145472882709,-552.79273235699941,0,0.00022486805391963571,0.00011370015272404999
2.1040459419018589,0,0.0012997252633795142,38,42,43,1.9075719118118286,-0.28945425948459208,0.88259997823469005,107.27398485653929,0,368.78291629178233,11.653795426687404,488.30384229375915,5.6843418860808015e-14,0.00011370015272404999,0.00041794517892412841
2.1040459419018589,0,0.0012997252633795142,38,42,44,1.1011581420898438,0.46838991791432799,1.4311071959428745,18.844919121272635,0,312.39775235107891,36.44108627706165,369.58325486327044,5.6843418860808015e-14,0.00041794517892412841,0.00037383101880550385
2.1040459419018589,0,0.0012997252633795142,38,42,45,1.5202054977416992,0.16433650960562243,0.88382635940259147,-109.56136093198519,0,-433.24773016031537,75.951359995987303,-465.80956822730508,-5.6843418860808015e-14,0.00037383101880550385,0.00029448000714182854
2.1040459419018589,0,0.0012997252633795142,38,42,46,2.5537948608398438,-0.5802289029880725,0.49162850646532708,-91.849444603927338,0,-582.18467569912104,33.839664903795985,-640.28305579577511,0,0.00029448000714182854,0.00023710474488325417
2.1040459419018589,0,0.0012997252633795142,38,42,47,2.3656134605407715,-0.48663471137004566,1.2341432327575976,116.23986804668883,0,273.37184581024502,-9.6172703703819806,380.7419520079394,-5.6843418860808015e-14,0.00023710474488325417,0.00047988109872676432
2.1040459419018589,0,0.0012997252633795142,38,42,48,1.4030628204345703,0.56812922682543099,1.9651450505640395,73.673522679587322,0,591.56521975125747,-4.6072206191827618,663.16479608905149,0,0.00047988109872676432,0.00036695657763630152
2.1040459419018589,0,0.0012997252633795142,38,42,49,1.4551289081573486,0.52419697874209947,1.5854279906364384,-88.421361352960332,0,-109.69903090629228,82.322150412622804,-113.68861687725126,1.4210854715202004e-14,0.00036695657763630152,0.00045998167479410768
2.1040459419018589,0,0.0012997252633795142,38,42,50,2.654710054397583,-0.69146705802425623,0.98698515077403448,-127.9402566425621,0,-666.24792479413645,107.78183205689793,-686.11083128705081,1.1368683772161603e-13,0.00045998167479410768,0.00040332906064577401
2.1040459419018589,0,0.0012997252633795142,38,42,51,2.7508938312530518,-0.56943756379004806,1.4231564984005185,113.87700736840833,0,-25.893144867842921,-40.986763556630784,47.850817878545094,0,0.00040332906064577401,0.00028146262047812343
2.1040459419018589,0,0.0012997252633795142,38,42,52,1.7593544721603394,0.32898919840513124,2.4798084652724626,114.55086566370088,0,565.13441906103742,-39.983359480068842,642.51072290834702,0,0.00028146262047812343,0.00061651115538552403
2.1040459419018589,0,0.0012997252633795142,38,42,53,1.4821231365203857,0.86976507348479182,2.8862130196859614,-56.272716646565847,0,75.678496455971597,76.869465554157784,100.03122345673428,-1.4210854715202004e-14,0.00061651115538552403,0.00059834920102730393
2.1040459419018589,0,0.0012997252633795142,38,42,54,2.30645751953125,-0.57418929818519415,2.6264899944511897,-170.14119416313503,0,-508.89527150880622,94.290816606662787,-582.69334836901248,-1.1368683772161603e-13,0.00059834920102730393,0.00036574684781953692
2.1040459419018589,0,0.0012997252633795142,38,42,55,2.8139998912811279,-0.75079051516159845,2.8797681591429303,-59.598900269648006,0,-313.53735890055628,-2.9830634539397227,-373.99034498016266,5.6843418860808015e-14,0.00036574684781953692,0.00035757292062044144
2.1040459419018589,0,0.0012997252633795142,38,42,56,2.2839047908782959,-0.36863376999799813,4.0759091607323352,150.1697842860732,0,326.93509629358266,-24.901297364740465,455.91085860564976,0,0.00035757292062044144,0.00076961563900113106
2.1040459419018589,0,0.0012997252633795142,38,42,57,1.6176320314407349,0.23996836416677603,5.09045528460382,64.431198914779856,0,282.48337851351891,9.4697864805180316,361.71478755758739,0,0.00076961563900113106,0.00050559180090203881
2.1040459419018589,0,0.0012997252633795142,38,42,58,1.9683375358581543,0.11851829293688822,5.1640281229301124,-118.49651831174641,0,-196.34278947974192,97.364589990375791,-212.19217138524553,2.8421709430404007e-14,0.00050559180090203881,0.00077221094397827983
2.1040459419018589,0,0.0012997252633795142,38,42,59,2.7337479591369629,-1.2012537893359834,4.9470510916019492,-130.93799511041865,0,-412.07163921893886,85.538821744350756,-453.7250152827408,0,0.00077221094397827983,0.00075055059278383851
2.1040459419018589,0,0.0012997252633795142,38,42,60,2.5728156566619873,-0.75355659047763213,5.4169091378921959,150.33157631450604,0,101.58815071447093,-37.039001375334706,219.54407820105683,0,0.00075055059278383851,0.00050089176511391997
2.1040459419018589,0,0.0012997252633795142,38,42,61,1.7449537515640259,0.48030360368147229,6.1230857835354833,130.70530442100022,0,346.00491000313042,-19.652411762045151,463.66119204930249,5.6843418860808015e-14,0.00050089176511391997,0.00065526261460036039
2.1040459419018589,0,0.0012997252633795142,38,42,62,1.7913452386856079,0.54069329229870788,6.0613203123635468,-144.24089522600767,0,-150.2370141935796,109.04351637839574,-178.83237943652927,0,0.00065526261460036039,0.00056149158626794815
2.1040459419018589,0,0.0012997252633795142,38,42,63,2.8648130893707275,-0.73974108238080249,5.6377104147903792,-271.45345461596992,0,-594.8550827148955,163.62823954918042,-697.78232844927538,1.1368683772161603e-13,0.00056149158626794815,0.00078099005622789264
2.1040459419018589,0,0.0012997252633795142,38,42,64,3.3343644142150879,-1.9922603274380395,5.8418833531654419,116.23601585553567,0,-211.94719037167178,-128.85946282677634,-220.72101431718505,0,0.00078099005622789264,0.00054198357975110412
2.1040459419018589,0,0.0012997252633795142,38,42,65,2.5286641120910645,-0.64523055330015389,6.3930666291670377,313.83379418167584,0,316.28819025926248,-94.660626957366418,541.20919355943875,-1.1368683772161603e-13,0.00054198357975110412,0.00050965050468221307
2.1040459419018589,0,0.0012997252633795142,38,42,66,1.9389530420303345,0.16272999685164344,6.6540891240179301,104.55727290518968,0,515.5895542634704,-27.746782563210086,599.21686372631962,1.1368683772161603e-13,0.00050965050468221307,0.00055859098210930824
2.1040459419018589,0,0.0012997252633795142,38,42,67,2.0098044872283936,0.33242560943987465,6.4687095903061067,-124.0161579212069,0,96.190405439356965,70.124278844969638,49.099661562865691,0,0.00055859098210930824,0.00072553672362118959
2.1040459419018589,0,0.0012997252633795142,38,42,68,2.8571131229400635,-1.3392336729945797,5.9182048903874804,-311.67198119405566,0,-260.75096696643976,110.41223658264929,-457.43174036045326,-5.6843418860808015e-14,0.00072553672362118959,0.00059337250422686338
2.1040459419018589,0,0.0012997252633795142,38,42,69,3.7377338409423828,-2.3075509950911615,5.5366043698114256,-133.59747450749268,0,-292.13843704473669,-36.543903093316302,-459.05076127082538,5.6843418860808015e-14,0.00059337250422686338,0.00033356586936861277
2.1040459419018589,0,0.0012997252633795142,38,42,70,3.4440326690673828,-1.3130343305219061,5.5295327041695792,249.84082786998675,0,210.100890183263,-117.70149943280319,346.45671699409428,5.6843418860808015e-14,0.00033356586936861277,0.00022970522695686668
2.1040459419018589,0,0.0012997252633795142,38,42,71,2.4741520881652832,-0.38507437152667529,5.3888872418112497,123.60690847060182,0,469.24310874907241,-61.731179791760624,536.12265029819821,0,0.00022970522695686668,0.00049544248031452298
2.1040459419018589,0,0.0012997252633795142,38,42,72,2.8115575313568115,-0.032762971744059663,4.2595338551335002,-265.71974324099796,0,-91.549890882350439,42.369516742942288,-310.67334649701667,0,0.00049544248031452298,0.00037610431900247931
2.1040459419018589,0,0.0012997252633795142,38,42,73,4.5181598663330078,-1.1012376220995821,2.2987187577113462,-297.07767985378729,0,-525.6562469350547,86.475454507591209,-735.06099114563904,0,0.00037610431900247931,0.00041303469333797693
2.1040459419018589,0,0.0012997252633795142,38,42,74,4.6593198776245117,-0.77749234071577411,1.4969348979874253,224.78856129957711,0,238.19051775910461,-172.17093202550393,291.5275895904494,-5.6843418860808015e-14,0.00041303469333797693,0.00034776018583215773
2.1040459419018589,0,0.0012997252633795142,38,42,75,3.1565659046173096,0.42327562540558045,1.8880390664921263,214.72370300473239,0,696.60878593011546,-108.78477753927497,804.85902608747062,0,0.00034776018583215773,0.00017896824283525348
2.1040459419018589,0,0.0012997252633795142,38,42,76,3.2524323463439941,0.34247204657955466,1.5447347431223188,-183.33953480456677,0,-122.12840081848314,118.59612496870677,-184.98460386464126,0,0.00017896824283525348,0.00028906716033816338
2.1040459419018589,0,0.0012997252633795142,38,42,77,4.7869100570678711,-0.64699372254424825,0.50097733407198053,-272.4713502687747,0,-835.57199583861609,139.56671985582946,-968.62264264003352,0,0.00028906716033816338,0.00026670235092751682
2.1040459419018589,0,0.0012997252633795142,38,42,78,4.6411323547363281,-0.48522148889946798,0.51970777160397352,203.15355515737082,0,168.74394940058068,-237.67982727479958,134.25216356585642,0,0.00026670235092751682,0.0001929836580529809
2.1040459419018589,0,0.0012997252633795142,38,42,79,3.1473217010498047,0.15309701103178766,1.5271920824430529,242.06050236664157,0,846.57275314600543,-187.42744336876839,902.88610123735339,-1.1368683772161603e-13,0.0001929836580529809,0.00020214474352542311
2.1040459419018589,0,0.0012997252633795142,38,42,80,2.9062411785125732,0.46626739713315934,1.518344797441546,-118.81698392815477,0,267.92081189084564,69.739334886164301,220.82777504342985,-2.8421709430404007e-14,0.00020214474352542311,0.00032759056193754077
2.1040459419018589,0,0.0012997252633795142,38,42,81,3.9968569278717041,-0.10285071818805139,0.6515128010028165,-240.22025562147348,0,-344.22813269315259,72.556937558191976,-511.34278867361934,0,0.00032759056193754077,0.00043395051034167409
2.1040459419018589,0,0.0012997252633795142,38,42,82,4.261965274810791,-0.67367440977271376,0.54159928452141626,52.594516127154193,0,-33.009976304474293,-128.25705350549126,-108.80458880806266,-1.4210854715202004e-14,0.00043395051034167409,0.0005196036072447896
2.1040459419018589,0,0.0012997252633795142,38,42,83,3.3875555992126465,0.19273441709051548,1.4020727203189021,244.06419207930813,0,410.5947825058858,-85.374828463830397,570.87895325877298,0,0.0005196036072447896,0.00036127696512266994
2.1040459419018589,0,0.0012997252633795142,38,42,84,2.5837976932525635,0.51842603668484777,2.2058068592971236,141.6823065496117,0,359.34834984466465,-86.179936414841436,417.5749528754169,0,0.00036127696512266994,0.00023015828628558666
2.1040459419018589,0,0.0012997252633795142,38,42,85,2.6397707462310791,0.79138183295258968,2.2848679593588819,-106.33771896864675,0,-4.1467920575428217,32.342079733585443,-75.066181500292672,-1.4210854715202004e-14,0.00023015828628558666,0.00044618372339755297
2.1040459419018589,0,0.0012997252633795142,38,42,86,3.4918220043182373,0.0094608338621646818,1.772452730986591,-259.86588018958213,0,-359.7640196138583,6.0363835370061771,-611.81160270158546,0,0.00044618372339755297,0.0004214337095618248
2.1040459419018589,0,0.0012997252633795142,38,42,87,3.9683375358581543,-0.59465442196307872,1.7495780172160915,-42.759872113129454,0,-183.34760606222102,-93.686572908638098,-318.63912748873554,0,0.0004214337095618248,0.00033455967786721885
2.1040459419018589,0,0.0012997252633795142,38,42,88,3.3644919395446777,-0.075878169797184036,2.6425381038473992,227.01769591354068,0,193.11291063548882,-67.804067425884867,354.89319905719486,0,0.00033455967786721885,0.00046631851000711322
2.1040459419018589,0,0.0012997252633795142,38,42,89,2.7100691795349121,0.63960453417086482,3.5027850191969137,124.96801601138603,0,261.17067236446059,-61.746771994047229,328.53430593516714,-5.6843418860808015e-14,0.00046631851000711322,0.00068155367625877261
2.1040459419018589,0,0.0012997252633795142,38,42,90,3.0113279819488525,0.019754661067995994,3.6497325688305535,-46.630773909036229,0,-143.77771509925833,36.846942130698444,-149.89205964769755,2.8421709430404007e-14,0.00068155367625877261,0.00059265794698148966
2.1040459419018589,0,0.0012997252633795142,38,42,91,3.1741328239440918,-0.10926615525652389,3.9119291364501318,47.855587258068056,0,-124.30782382280351,-15.793800290293701,-88.44337387383554,1.4210854715202004e-14,0.00059265794698148966,0.00045453783241100609
2.1040459419018589,0,0.0012997252633795142,38,42,92,2.7348341941833496,0.31709853191640869,4.3706512261348527,37.823747744536171,0,88.912057130803689,-29.376993171693812,102.04656146169731,0,0.00045453783241100609,0.00069647980853915215
2.1040459419018589,0,0.0012997252633795142,38,42,93,2.9165194034576416,0.17987604521631181,4.2141899968247722,-184.61295913719803,0,-166.79455723940632,-14.786544022578598,-361.79999435714188,-5.6843418860808015e-14,0.00069647980853915215,0.0011303016217425466
2.1040459419018589,0,0.0012997252633795142,38,42,94,3.6238701343536377,-1.8652999604552085,4.0313320145764875,-152.58345720004067,0,-247.20941443702861,-7.4602267622847487,-405.08706634523276,5.6843418860808015e-14,0.0011303016217425466,0.00077040685573592782
2.1040459419018589,0,0.0012997252633795142,38,42,95,3.3077104091644287,-2.1701966625629057,4.6840265465126016,277.81030376938446,0,157.90901975045131,-121.52323993208866,316.70991347169684,0,0.00077040685573592782,0.00085042271530255675
2.1040459419018589,0,0.0012997252633795142,38,42,96,1.8956077098846436,-0.71293159467618727,5.5151464612785732,280.93057860344635,0,384.01154510860488,-86.077761630445636,583.66657694820799,-1.1368683772161603e-13,0.00085042271530255675,0.00090595893561840057
2.1040459419018589,0,0.0012997252633795142,38,42,97,1.4352608919143677,0.21912848295341822,4.8944718351962972,28.638748252841246,0,43.642390762551663,-62.404029179846397,14.990710153696229,8.8817841970012523e-15,0.00090595893561840057,0.00074624735862016678
2.1040459419018589,0,0.0012997252633795142,38,42,98,1.6448384523391724,-0.18258210918393075,2.3529249486432735,-7.6777838436014694,0,7.4206959435463391,-75.345648796570927,-73.432393857166716,0,0.00074624735862016678,0.00061825965531170368
2.1040459419018589,0,0.0012997252633795142,38,42,99,1.5471198558807373,0.2166581426666804,0.33860769641064958,21.11184189607199,0,54.634801655775803,-82.054698283988927,-5.7527888930638076,8.8817841970012523e-16,0.00061825965531170368,0.00040652891038917005
2.1040459419018589,0,0.0012997252633795142,38,42,100,1.296314001083374,0.17411584306315836,0.010147300429797695,18.960760012378461,0,56.931441333756695,-74.255662137899805,1.8208023517283045,6.6613381477509392e-16,0.00040652891038917005,0.00028068365645594895
2.1040459419018589,0,0.0012997252633795142,38,42,101,1.0912569761276245,0.071246921339453304,0.0040542438211823044,10.898674241830507,0,55.564922381590669,-65.324723824639676,1.2141739639421365,6.2172489379008766e-15,0.00028068365645594895,0.00020597997354343534
2.1040459419018589,0,0.0012997252633795142,38,42,102,0.93380260467529297,0.034024311131858817,0.0034428337744988493,6.8356673418689775,0,51.275599251380818,-57.939660649260091,0.20907308889606438,2.248201624865942e-15,0.00020597997354343534,0.00015644991071894765
2.1040459419018589,0,0.0012997252633795142,38,42,103,0.80777156352996826,0.018179368420304258,0.0030535423405814205,4.5153642039472244,0,46.530204204287585,-51.78936231672467,-0.72256099772897353,2.886579864025407e-15,0.00015644991071894765,0.00012186697131255642
2.1040459419018589,0,0.0012997252633795142,38,42,104,0.70464569330215454,0.010323748209176272,0.0029296237344435135,3.0965655147025566,0,41.768253907119451,-46.614126940124351,-1.7360541463587218,3.5527136788005009e-15,0.00012186697131255642,9.6916868642438203e-05
2.1040459419018589,0,0.0012997252633795142,38,42,105,0.61949396133422852,0.0062452335902550525,0.0028349312707716518,2.1777720652547279,0,37.128197944297824,-42.21662144169651,-2.9015712672829324,0,9.6916868642438203e-05,7.823239138815552e-05
2.1040459419018589,0,0.0012997252633795142,38,42,106,0.54828125238418579,0.0038537962258124035,0.0028875382922225741,1.5692634413104687,0,32.726289941694944,-38.445739037516496,-4.1434443199930495,1.7763568394002505e-15,7.823239138815552e-05,6.3998799305409193e-05
2.1040459419018589,0,0.0012997252633795142,38,42,107,0.48833033442497253,0.0024815208641880489,0.0028840310991459133,1.1487325737568581,0,28.369576396013994,-35.185340750258298,-5.6616662285241102,1.7763568394002505e-15,6.3998799305409193e-05,5.2989809773862362e-05
2.1040459419018589,0,0.0012997252633795142,38,42,108,0.43762636184692383,0.0016248562414713349,0.0027776479335719158,0.85408580995839067,0,24.130629837015448,-32.345794346483132,-7.3566761953342521,-3.5527136788005009e-15,5.2989809773862362e-05,4.4287844502832741e-05
2.1040459419018589,0,0.0012997252633795142,38,42,109,0.39442160725593567,0.0011000774325532904,0.0028209028483446048,0.64689295722041762,0,20.076061070056085,-29.856522181134849,-9.1296471735774514,-1.7763568394002505e-15,4.4287844502832741e-05,3.7328340113162994e-05
2.1040459419018589,0,0.0012997252633795142,38,42,110,0.35737371444702148,0.00076062372307942412,0.0028852000468782679,0.49475433637973032,0,16.031145710688872,-27.662149006386731,-11.13260313554817,0,3.7328340113162994e-05,3.1727740861242637e-05
2.1040459419018589,0,0.0012997252633795142,38,42,111,0.32560759782791138,0.00053645394117813022,0.0028571430270843755,0.38074782201350615,0,12.029406993830028,-25.718328764558908,-13.304780351747114,-1.7763568394002505e-15,3.1727740861242637e-05,2.7144373234477825e-05
2.1040459419018589,0,0.0012997252633795142,38,42,112,0.29824280738830566,0.00036210176564359262,0.002802198110168744,0.29579324926071843,0,8.0727480853468858,-23.989314038938407,-15.617608404454991,-1.7763568394002505e-15,2.7144373234477825e-05,2.3363516447716393e-05
2.1040459419018589,0,0.0012997252633795142,38,42,113,0.27463254332542419,0.00026589134934173374,0.0027379005617554843,0.23140662570071086,0,4.1674517255725823,-22.445915309656318,-18.044053166471929,-3.5527136788005009e-15,2.3363516447716393e-05,2.0196461264276877e-05
2.1040459419018589,0,0.0012997252633795142,38,42,114,0.25421601533889771,0.00020411643282020644,0.0027308863505419606,0.18206189140543444,0,0.26382923457316482,-21.064171030551599,-20.615344901789637,0,2.0196461264276877e-05,1.7528533135191537e-05
2.1040459419018589,0,0.0012997252633795142,38,42,115,0.23658299446105957,0.00014679215970766411,0.0027308863505419606,0.14287501830570049,0,-3.6891494555761515,-19.824269932836554,-23.367666691596753,3.5527136788005009e-15,1.7528533135191537e-05,1.5281935702660121e-05
2.1040459419018589,0,0.0012997252633795142,38,42,116,0.22142155468463898,0.00011586350312439681,0.0026700961701451604,0.11141545722153727,0,-7.7425488073640194,-18.709863133819486,-26.338210524288698,0,1.5281935702660121e-05,1.3350269910006318e-05
2.1040459419018589,0,0.0012997252633795142,38,42,117,0.20845143496990204,8.7949933965124444e-05,0.0025718963384568395,0.086353285016733755,0,-11.838276402418188,-17.707192807953383,-29.456456079082418,-3.5527136788005009e-15,1.3350269910006318e-05,1.167865138995694e-05
2.1040459419018589,0,0.0012997252633795142,38,42,118,0.19740986824035645,7.4064612293100798e-05,0.00245966825928127,0.066335648845833983,0,-15.953952844515523,-16.805160975963663,-32.690244438761781,0,1.167865138995694e-05,1.0230203770333901e-05
2.1040459419018589,0,0.0012997252633795142,38,42,119,0.18805056810379028,4.2828236604593737e-05,0.0022960021063871332,0.05042243062979223,0,-20.051113546397506,-15.994469640751467,-35.992821926176191,0,1.0230203770333901e-05,8.9675677372724749e-06
2.1040459419018589,0,0.0012997252633795142,38,42,120,0.18016937375068665,3.2634669496455521e-05,0.0021112931449126277,0.038017457928238074,0,-24.040298247444703,-15.267391490301225,-39.267528352003282,0,8.9675677372724749e-06,7.8706461863475852e-06
2.1040459419018589,0,0.0012997252633795142,38,42,121,0.17354476451873779,2.594812052517991e-05,0.0019230771653012593,0.028834109375608791,0,-27.887341680882042,-14.617414487187354,-42.473973033407958,0,7.8706461863475852e-06,6.9147686190262903e-06
2.1040459419018589,0,0.0012997252633795142,38,42,122,0.16798074543476105,1.6698178689164056e-05,0.0017488894331771396,0.021978126311348729,0,-31.488853787723738,-14.039666068195285,-45.504776141995805,0,6.9147686190262903e-06,6.0864877013955265e-06
2.1040459419018589,0,0.0012997252633795142,38,42,123,0.16332550346851349,1.5631220859228157e-05,0.0015665187170469401,0.016291558418584529,0,-34.81675140657196,-13.529950096533181,-48.328827794748648,0,6.0864877013955265e-06,5.368660822568927e-06
2.1040459419018589,0,0.0012997252633795142,38,42,124,0.15948233008384705,2.1150221616535544e-06,0.0013163432594268201,0.011590968023356059,0,-37.800147341295734,-13.084976158924382,-50.872214073915174,0,5.368660822568927e-06,4.7431462917302269e-06
2.1040459419018589,0,0.0012997252633795142,38,42,125,0.15632528066635132,5.6419834355242995e-06,0.0010147300779677292,0.0085527815483913156,0,-40.376214188563715,-12.701557025783831,-53.068198060737757,0,4.7431462917302269e-06,4.2050087358802557e-06
2.1040459419018589,0,0.0012997252633795142,38,42,126,0.15368390083312988,-1.3986130730803869e-05,0.00072480711732632872,0.0069133073373726043,0,-42.426296435460259,-12.377451318032827,-54.796123625169116,0,4.2050087358802557e-06,3.7500267353607342e-06
2.1040459419018589,0,0.0012997252633795142,38,42,127,0.15145452320575714,-7.7109526952708824e-06,0.00034019173674801638,0.0064088537339822326,0,-43.905835924494973,-12.110967969614553,-56.010062559591496,-7.1054273576010019e-15,3.7500267353607342e-06,3.357225978106726e-06
2.1040459419018589,0,0.0012997252633795142,38,42,128,0.14949865639209747,-2.422213167377137e-05,-0.00017068039690887253,0.007326042103782909,0,-44.441141451674518,-11.904503135145109,-56.338513447244424,0,3.357225978106726e-06,3.0064759357628645e-06
2.1040459419018589,0,0.0012997252633795142,38,42,129,0.14767517149448395,-2.0408433136721526e-05,-0.00072480711732632872,0.0097451264291321948,0,-43.901949338777946,-11.759358075624151,-55.652307503523424,0,3.0064759357628645e-06,2.6646491733117728e-06
2.1040459419018589,0,0.0012997252633795142,38,42,130,0.1458076685667038,-2.0861920828908989e-05,-0.0020084173473550893,0.011751475988071178,0,-42.033774207749438,-11.676295203884077,-53.700347214913627,7.1054273576010019e-15,2.6646491733117728e-06,2.3389090983982896e-06
2.1040459419018589,0,0.0012997252633795142,38,42,131,0.14412744343280792,2.4457633443518348e-05,-0.0053670798875324636,0.016681363475749816,0,-37.020233408317665,-11.685507214573263,-48.694401881669265,0,2.3389090983982896e-06,1.4318939065560699e-06
2.1040459419018589,0,0.0012997252633795142,38,42,132,0.14171341061592102,-5.5858277602645155e-06,-0.0038695350346475968,0.010524736543462771,0,-24.003920263727483,-11.851157166586576,-35.848427814633006,0,1.4318939065560699e-06,1.4318939065560699e-06
2.1053456671652384,0,0.001230795169249177,38,42,0,0.0091868136078119278,3.7834182237797292e-07,4.901009321396649,-1.2769778055228447,0,186.09700797828319,97.157308287104698,286.87835118633808,3.0267345891843433e-06,0.00040208562859334052,0.00040208562859334052
2.1053456671652384,0,0.001230795169249177,38,42,1,0.13410606980323792,-0.026627697458961735,9.7912366575391694,-12.318313352155839,0,-115.40773084762756,37.897041461534457,-80.064393778168736,0,0.00040208562859334052,0.00027311660232953727
2.1053456671652384,0,0.001230795169249177,38,42,2,0.35747477412223816,-0.39308428982875304,9.6997119872877153,-19.581762032452271,0,-220.36613273176982,42.254788625153111,-188.38647844161002,0,0.00027311660232953727,0.00032230402575805783
2.1053456671652384,0,0.001230795169249177,38,42,3,0.45424219965934753,-0.48679274907897413,9.6904146153445989,16.865885201632544,0,-105.22164304394913,38.589800471981427,-40.562335504069537,-7.1054273576010019e-15,0.00032230402575805783,0.00041707410127855837
2.1053456671652384,0,0.001230795169249177,38,42,4,0.2577880322933197,-0.24057848464641593,9.5359225155947769,-5.9143120090423693,0,-133.96547593036618,46.618183675496219,-83.966266286433139,-6.053469164157832e-06,0.00041707410127855837,0.00022573373280465603
2.1053456671652384,0,0.001230795169249177,38,42,5,0.75071316957473755,-0.52873648019144093,8.7930778580177726,-48.641319656276451,0,-304.77902397268372,49.601399864742795,-295.55460238639102,0,0.00022573373280465603,0.00024632987333461642
2.1053456671652384,0,0.001230795169249177,38,42,6,1.0956577062606812,-0.97980241098326315,8.0410531144625885,23.033692285137313,0,-47.977084592502209,14.916813416001022,-2.9653281878845488,1.3322676295501878e-15,0.00024632987333461642,0.00043049684609286487
2.1053456671652384,0,0.001230795169249177,38,42,7,0.98858100175857544,-0.76004332013866227,7.1529910285695371,61.924229104890543,0,44.234684675737412,20.164154193209711,132.71601568226853,-2.8421709430404007e-14,0.00043049684609286487,0.00033688099938444793
2.1053456671652384,0,0.001230795169249177,38,42,8,1.0219829082489014,-0.28258918226144364,5.3762202706089885,56.663570695534148,0,-67.709166371087122,23.177619567839052,17.225654980633628,7.1054273576010019e-15,0.00033688099938444793,0.00051455572247505188
2.1053456671652384,0,0.001230795169249177,38,42,9,0.89559930562973022,0.37660409838779091,3.4050222985211565,-2.1320802652176174,0,-33.200953799734215,112.06012608241231,80.508718414369426,0,0.00051455572247505188,0.00037920434260740876
2.1053456671652384,0,0.001230795169249177,38,42,10,1.2847239971160889,0.034279093303822672,1.9148411200809652,-108.37133568851118,0,-430.49076420318846,106.19567044535562,-430.71730923295922,0,0.00037920434260740876,0.00033009881735779345
2.1053456671652384,0,0.001230795169249177,38,42,11,2.3384461402893066,-0.7073097531792536,1.4616204380252449,-42.655746208305551,0,-468.66645895700617,13.270269805012083,-497.29762467545368,-5.6843418860808015e-14,0.00033009881735779345,0.0003275152703281492
2.1053456671652384,0,0.001230795169249177,38,42,12,1.6483224630355835,-0.16176969387417298,2.1840158146881752,115.99686657302706,0,412.06923428344425,19.009055422347707,549.09740239963298,0,0.0003275152703281492,0.000432711181929335
2.1053456671652384,0,0.001230795169249177,38,42,13,0.90419453382492065,0.060922870290235472,2.563522362366339,-25.044557883934189,0,148.4603625460513,128.78915445331972,254.82940434809339,-2.8421709430404007e-14,0.000432711181929335,3.1269097235053778e-05
2.1053456671652384,0,0.001230795169249177,38,42,14,2.1532244682312012,0.076419940505748435,2.0890754744642916,-115.89458715813269,0,-685.12243803470335,134.2560666638291,-664.59546311403699,0,3.1269097235053778e-05,0.00026283072656951845
2.1053456671652384,0,0.001230795169249177,38,42,15,2.3742949962615967,-0.55141996415211236,2.5929403307653383,86.957648605573922,0,222.84573055441265,-52.692494927854945,259.15240459874485,0,0.00026283072656951845,0.00047190947225317359
2.1053456671652384,0,0.001230795169249177,38,42,16,1.483368992805481,0.096595585696787403,3.4256517647281379,45.373608577009115,0,313.39807442929498,41.300447105448598,403.59437746217765,5.6843418860808015e-14,0.00047190947225317359,0.00021900361753068864
2.1053456671652384,0,0.001230795169249177,38,42,17,1.7803488969802856,0.26786506438904889,3.1726362385256017,-131.24531324338255,0,-250.32664027732454,113.12810332515168,-265.00334889264076,0,0.00021900361753068864,0.00035260230652056634
2.1053456671652384,0,0.001230795169249177,38,42,18,2.4662249088287354,-0.43639988838916238,3.4559671599298176,-37.530152802803514,0,-373.33187444726622,-3.7024954480749495,-411.54495542660408,-5.6843418860808015e-14,0.00035260230652056634,0.00022548287233803421
2.1053456671652384,0,0.001230795169249177,38,42,19,1.9032360315322876,-0.37424400209979714,4.9588994036387026,164.04920789410212,0,249.48486907008311,-56.455525067510372,361.66320729821376,5.6843418860808015e-14,0.00022548287233803421,0.00045593790127895772
2.1053456671652384,0,0.001230795169249177,38,42,20,0.97855603694915771,0.34972102019872403,6.6573874551310244,77.500386381586097,0,227.28045363184503,18.153337022166102,329.941285510927,0,0.00045593790127895772,0.00053424743236973882
2.1053456671652384,0,0.001230795169249177,38,42,21,0.65056067705154419,0.61900051549073298,7.4479493400299832,-27.185403572492657,0,-127.01810308868805,119.15353281405918,-26.983023991600813,1.7763568394002505e-14,0.00053424743236973882,0.00053257268154993653
2.1053456671652384,0,0.001230795169249177,38,42,22,1.0856420993804932,-0.0085565786549002352,7.5357791240440957,-82.563653268636884,0,-330.32972451986058,116.12723408481477,-289.23892115829346,0,0.00053257268154993653,0.00043441177695058286
2.1053456671652384,0,0.001230795169249177,38,42,23,1.2839694023132324,-0.34705446703460407,7.8853185401680781,21.526717459056322,0,-92.448677837208976,-25.394448401269337,-88.778144706288515,0,0.00043441177695058286,0.00068533909507095814
2.1053456671652384,0,0.001230795169249177,38,42,24,0.84904724359512329,0.11295924785645711,8.5130405913482683,86.919196969482002,0,195.66923768852064,-27.273154661407716,263.94127983579966,0,0.00068533909507095814,0.00065083091612905264
2.1053456671652384,0,0.001230795169249177,38,42,25,0.65124380588531494,0.29965807357802593,8.9106226087614502,4.6578781644746483,0,40.630545994542416,67.591293219641614,122.08999806099816,0,0.00065083091612905264,0.00055245490511879325
2.1053456671652384,0,0.001230795169249177,38,42,26,0.91650509834289551,-0.078396965698584523,8.9285204470108628,-71.976619988744332,0,-182.8665862690294,76.262863574668117,-169.73021920179335,-2.8421709430404007e-14,0.00055245490511879325,0.00085750909056514502
2.1053456671652384,0,0.001230795169249177,38,42,27,1.1224015951156616,-0.91017540872739999,8.9299082048153462,-8.3693811746567732,0,-107.33604717922525,7.2800957204810617,-100.40559983731302,0,0.00085750909056514502,0.00087476585758849978
2.1053456671652384,0,0.001230795169249177,38,42,28,0.98069882392883301,-0.60572904104535841,9.0552581473546816,76.587668515812325,0,67.228569347691405,-15.688558092022189,136.57720887779087,0,0.00087476585758849978,0.0006711274036206305
2.1053456671652384,0,0.001230795169249177,38,42,29,0.87152767181396484,-0.25594748615505392,8.9081951676290743,-17.589589546415446,0,64.12313966961301,15.737663833832272,70.923461638503852,0,0.0006711274036206305,0.00048868393059819937
2.1053456671652384,0,0.001230795169249177,38,42,30,1.3021944761276245,-0.77051884851666363,8.5673871240819306,-58.288709239580228,0,-156.32013847310699,23.954497585706246,-182.85748185141571,0,0.00048868393059819937,0.0004987204447388649
2.1053456671652384,0,0.001230795169249177,38,42,31,1.3474152088165283,-1.396713912101736,8.3697292491333606,13.068519784912674,0,71.246426325024004,18.119243883867977,109.40720533083628,0,0.0004987204447388649,0.00096657377434894443
2.1053456671652384,0,0.001230795169249177,38,42,32,1.4436466693878174,-0.99682022615382437,7.6910854153956745,-17.439511939049133,0,-101.2546836352974,8.9674639274718722,-103.03246645763281,0,0.00096657377434894443,0.00079153169644996524
2.1053456671652384,0,0.001230795169249177,38,42,33,1.7365025281906128,-0.72055162237702708,6.3218024204418084,-29.356516606841367,0,94.561871278653484,-25.798820141026916,45.007785328849984,0,0.00079153169644996524,0.00055117084411904216
2.1053456671652384,0,0.001230795169249177,38,42,34,2.0280001163482666,-0.75905395627314387,4.2830447058155867,-86.245179499548357,0,-104.16296392983651,19.420013336549239,-167.46413934329317,2.8421709430404007e-14,0.00055117084411904216,0.00041268594213761389
2.1053456671652384,0,0.001230795169249177,38,42,35,2.3806076049804688,-0.34719975029439726,3.085692341888588,3.7822075299481197,0,-92.49720244597988,-20.605040458928631,-106.5815427833662,0,0.00041268594213761389,0.00049735757056623697
2.1053456671652384,0,0.001230795169249177,38,42,36,1.471019983291626,0.26038997583341611,3.8171299935208962,114.13975909084461,0,409.10574635018372,-33.369046531314879,493.95397887906779,0,0.00049735757056623697,0.00047557690413668752
2.1053456671652384,0,0.001230795169249177,38,42,37,1.1425912380218506,0.61661204356606081,4.185968247662557,7.964428301860023,0,23.880112556692158,76.870244456109987,113.51736560589079,0,0.00047557690413668752,0.00062955188332125545
2.1053456671652384,0,0.001230795169249177,38,42,38,1.5691903829574585,0.20027089274482263,2.663068446764941,-121.23287525597189,0,-398.91557850829275,75.707494100232211,-441.57762032452268,-5.6843418860808015e-14,0.00062955188332125545,0.00058957940200343728
2.1053456671652384,0,0.001230795169249177,38,42,39,2.3012833595275879,0.098006516937890462,1.0168003632081495,-12.877133304011842,0,-395.03719346036161,-23.544508226569999,-430.34402811079741,0,0.00058957940200343728,0.0003569345863070339
2.1053456671652384,0,0.001230795169249177,38,42,40,1.2986656427383423,0.95082161656002162,0.99093757832858043,108.22227506396341,0,522.11733250098132,-50.518863650336485,581.76250310949683,0,0.0003569345863070339,0.0001383627241011709
2.1053456671652384,0,0.001230795169249177,38,42,41,0.46886426210403442,1.139116666430203,0.95548051776078391,-8.275721899843461,0,314.74688421321451,84.78551858840666,393.35127808596872,0,0.0001383627241011709,0.00039900530828163028
2.1053456671652384,0,0.001230795169249177,38,42,42,1.5432295799255371,-0.031509311938103281,0.12206921054249488,-115.15984128560551,0,-589.66387847660667,154.10185680707878,-550.63130305652896,0,0.00039900530828163028,0.00018795848882291466
2.1053456671652384,0,0.001230795169249177,38,42,43,2.5422327518463135,-0.69896577898216594,0.31057519780183401,23.796429399051309,0,-211.08921546093856,-76.977657212850374,-264.65883385591798,-5.6843418860808015e-14,0.00018795848882291466,0.00031520795891992748
2.1053456671652384,0,0.001230795169249177,38,42,44,1.581514835357666,-0.29576020695297683,1.3465455972835056,124.43269062516256,0,436.83596214690067,-55.301782273739768,507.01765588865402,0,0.00031520795891992748,0.0004749764921143651
2.1053456671652384,0,0.001230795169249177,38,42,45,0.91478103399276733,0.64665039796830437,1.4780688487531273,-12.5814818703328,0,123.90724950224404,113.85568189019574,227.30616876882843,2.8421709430404007e-14,0.0004749764921143651,0.00032709320657886565
2.1053456671652384,0,0.001230795169249177,38,42,46,1.7216027975082397,-0.11514568524797941,0.81056822212448387,-151.17071861299888,0,-576.01548477410631,151.97926838150099,-574.51151246872769,0,0.00032709320657886565,0.00021967945212963969
2.1053456671652384,0,0.001230795169249177,38,42,47,2.8604733943939209,-0.61035843158397529,0.73549574601913459,-39.18541340938004,0,-457.95181854726201,-21.535628165656966,-518.54772280786381,0,0.00021967945212963969,0.00020869344007223845
2.1053456671652384,0,0.001230795169249177,38,42,48,2.2649948596954346,-0.33675467843309737,1.5393126474941947,172.98006044010612,0,455.5962926284825,-65.470641904194395,564.30826913345538,0,0.00020869344007223845,0.00047856025048531592
2.1053456671652384,0,0.001230795169249177,38,42,49,1.3073649406433105,0.68513428770058027,1.9509820334927099,37.120454010186855,0,417.43919413191833,82.091531102062433,539.28729556536086,0,0.00047856025048531592,0.00039930478669703007
2.1053456671652384,0,0.001230795169249177,38,42,50,1.7629544734954834,0.33547834229530527,1.3577496228404957,-116.40656536564373,0,-456.89221930583733,156.44043301221572,-415.16512369412953,0,0.00039930478669703007,0.00051935226656496525
2.1053456671652384,0,0.001230795169249177,38,42,51,2.8130867481231689,-0.94684306854135036,0.98209847291781938,-98.051090901352097,0,-558.62672512047823,43.847650071648481,-612.79491054580535,1.1368683772161603e-13,0.00051935226656496525,0.00035205675521865487
2.1053456671652384,0,0.001230795169249177,38,42,52,2.5944418907165527,-0.49841692322971498,1.9529929202786487,134.73085235683308,0,352.23655141428901,-55.418396303600396,433.00358346457068,5.6843418860808015e-14,0.00035205675521865487,0.00039537917473353446
2.1053456671652384,0,0.001230795169249177,38,42,53,1.6121362447738647,0.55330259306026508,3.029770015464722,103.21281141078936,0,404.23168669513689,-30.948433712148084,480.07913700230313,-5.6843418860808015e-14,0.00039537917473353446,0.00059291732031852007
2.1053456671652384,0,0.001230795169249177,38,42,54,1.5491162538528442,0.83007117555533483,3.1539832299987229,-57.120728686349899,0,-151.79650204068122,162.33689939418016,-42.596276927296891,-7.1054273576010019e-15,0.00059291732031852007,0.00066117272945120931
2.1053456671652384,0,0.001230795169249177,38,42,55,2.3279151916503906,-0.75101324669305602,3.0331226915237246,-180.63106432283908,0,-476.87748137848843,131.52619421231597,-523.70024204418087,0,0.00066117272945120931,0.00029205242753960192
2.1053456671652384,0,0.001230795169249177,38,42,56,2.8764636516571045,-0.72512728837686624,3.5951496578371143,-12.157690601516205,0,-113.71630681630086,-74.615157697600836,-197.61913274595764,0,0.00029205242753960192,0.00031095836311578751
2.1053456671652384,0,0.001230795169249177,38,42,57,2.0877618789672852,-0.12158733311578679,4.7003345487564374,181.44368202261538,0,331.84420564769755,-45.8413238180365,472.02531106791707,0,0.00031095836311578751,0.00081088015576824546
2.1053456671652384,0,0.001230795169249177,38,42,58,1.692546010017395,0.10299410259684369,5.3335054788625156,33.037606987973462,0,98.931991733231186,72.441816986601964,209.84791528926596,-2.8421709430404007e-14,0.00081088015576824546,0.00041580849210731685
2.1053456671652384,0,0.001230795169249177,38,42,59,2.1440300941467285,0.058286962813728131,5.2011607527110559,-155.35071170826063,0,-402.90834990943443,97.021710577964427,-455.97790332420584,0,0.00041580849210731685,0.00083851523231714964
2.1053456671652384,0,0.001230795169249177,38,42,60,2.8581626415252686,-1.3607457117319071,5.1357859341968988,-62.092709258497322,0,-339.96747698026473,-14.209283940808422,-412.49442995710552,-5.6843418860808015e-14,0.00083851523231714964,0.0004596392682287842
2.1053456671652384,0,0.001230795169249177,38,42,61,2.347585916519165,-0.40706402016561916,5.804433976987359,216.17645408585523,0,317.23703928606898,-83.36682755652663,455.44403577221931,5.6843418860808015e-14,0.0004596392682287842,0.00054105854360386729
2.1053456671652384,0,0.001230795169249177,38,42,62,1.5589122772216797,0.73310500404352819,6.3213658139787841,74.726154108082795,0,247.494294699904,61.726498588312076,391.00141821432118,-5.6843418860808015e-14,0.00054105854360386729,0.00065432849805802107
2.1053456671652384,0,0.001230795169249177,38,42,63,1.9578877687454224,0.15835496975630056,5.9755042587101386,-196.7939238303326,0,-458.12790185813128,229.15325170608514,-419.63471475391231,5.6843418860808015e-14,0.00065432849805802107,0.00045088282786309719
2.1053456671652384,0,0.001230795169249177,38,42,64,3.047487735748291,-1.1438941777922809,5.5854939961882062,-241.9650075431901,0,-587.24171596933536,198.92881290523957,-625.83631078889005,-1.1368683772161603e-13,0.00045088282786309719,0.00056615512585267425
2.1053456671652384,0,0.001230795169249177,38,42,65,3.2320873737335205,-1.6964631660589551,5.8717103415007879,85.494549323950451,0,-48.17825347956245,-176.64371683006303,-135.15217381023319,0,0.00056615512585267425,0.00078964565182104707
2.1053456671652384,0,0.001230795169249177,38,42,66,2.7177703380584717,-0.88859933128082891,6.4932400720741175,274.47223377741204,0,477.96468443927375,-174.93712280502626,583.10443615245288,1.1368683772161603e-13,0.00078964565182104707,0.00068036396987736225
2.1053456671652384,0,0.001230795169249177,38,42,67,2.0736205577850342,0.00072565961532095209,6.7781912423326665,112.38357504646511,0,394.91554294416147,18.135031331432167,532.21306622400675,0,0.00068036396987736225,0.0006278937216848135
2.1053456671652384,0,0.001230795169249177,38,42,68,2.2625775337219238,0.096409819861999826,6.4330072972678991,-147.79356081135404,0,-42.609836698210913,129.29764586259572,-54.576334529839343,-1.4210854715202004e-14,0.0006278937216848135,0.0007105688564479351
2.1053456671652384,0,0.001230795169249177,38,42,69,3.1410939693450928,-1.6039797776295939,5.754044521373948,-319.03002842292943,0,-362.22739062374376,113.59271918997015,-563.51463511295867,0,0.0007105688564479351,0.00071642064722254872
2.1053456671652384,0,0.001230795169249177,38,42,70,3.8943312168121338,-1.9261726468320965,5.318052485469309,-35.509359514587445,0,-256.09796934485382,-159.89875572833165,-448.11420474913575,-5.6843418860808015e-14,0.00071642064722254872,0.00022894193534739316
2.1053456671652384,0,0.001230795169249177,38,42,71,3.170964241027832,-0.80916949240715252,5.3962462816092769,299.25097172367805,0,470.43804302692376,-176.7907434889737,597.48534805083023,0,0.00022894193534739316,0.00028744983137585223
2.1053456671652384,0,0.001230795169249177,38,42,72,2.4077675342559814,-0.0057886298823829861,4.9717641606250211,-1.8520709958429693,0,398.60844969709007,40.968910706600646,442.69126493859039,0,0.00028744983137585223,0.00051696732407435775
2.1053456671652384,0,0.001230795169249177,38,42,73,3.5627825260162354,-0.24529186706960071,2.979910238402641,-410.31285652805167,0,-416.1586674801016,156.82611163921325,-666.91079399760702,0,0.00051696732407435775,0.00051508500473573804
2.1053456671652384,0,0.001230795169249177,38,42,74,5.0382256507873535,-1.0894271431881919,1.2587305686004664,-151.42079953085613,0,-428.3655606789344,-110.25953378828937,-689.87659057266762,0,0.00051508500473573804,0.00035830007982440293
2.1053456671652384,0,0.001230795169249177,38,42,75,4.2026615142822266,-0.13185969193517114,1.4719524802671093,330.02119130381323,0,719.49267993700607,-256.83872025878583,794.01524377036549,0,0.00035830007982440293,0.00025626254500821233
2.1053456671652384,0,0.001230795169249177,38,42,76,3.0120031833648682,0.34293224370888487,1.9560300592577879,156.81410155640367,0,436.79237716896273,-28.384474743318719,567.52096628501431,-1.1368683772161603e-13,0.00025626254500821233,0.00017960178956855088
2.1053456671652384,0,0.001230795169249177,38,42,77,3.5279667377471924,0.21174571646117976,1.1051017503038558,-205.59770195177089,0,-621.17969174600023,181.06710781323156,-644.39343841777452,0,0.00017960178956855088,0.0003852792433463037
2.1053456671652384,0,0.001230795169249177,38,42,78,4.8156232833862305,-0.7030185529371149,0.19355858859583161,-195.56327776437817,0,-587.84376979791818,20.767757709896948,-763.14874981674063,0,0.0003852792433463037,0.00020919501548632979
2.1053456671652384,0,0.001230795169249177,38,42,79,4.3208255767822266,-0.65512686274231613,0.93019650128399756,241.36314742562035,0,605.83351786955723,-300.05371016178844,547.41802477193085,0,0.00020919501548632979,0.00036398941301740706
2.1053456671652384,0,0.001230795169249177,38,42,80,3.1932566165924072,0.14620187373787533,1.8703297721909302,196.34683881219584,0,580.0385719487914,-171.60684306854134,606.79509933837471,0,0.00036398941301740706,0.00026758955209515989
2.1053456671652384,0,0.001230795169249177,38,42,81,3.3322517871856689,0.33785196430344905,1.2794412837138034,-136.98409886071818,0,-91.775241500314493,69.986626751604405,-157.15542036141102,-2.8421709430404007e-14,0.00026758955209515989,0.00037292134948074818
2.1053456671652384,0,0.001230795169249177,38,42,82,4.120549201965332,-0.15791703909689808,0.45158293489210166,-226.01736097120346,0,-184.79798192471944,54.819441851226536,-355.70223514890114,0,0.00037292134948074818,0.00042560207657516003
2.1053456671652384,0,0.001230795169249177,38,42,83,4.1295413970947266,-0.41969727924936984,0.70871411073119284,65.628128957810162,0,111.18857180691325,-187.66219296378796,-10.556475367582728,-7.1054273576010019e-15,0.00042560207657516003,0.00055315002100542188
2.1053456671652384,0,0.001230795169249177,38,42,84,3.1265304088592529,0.31838485876026845,1.6849744382806255,232.55452652885566,0,545.8168095379973,-100.89089435277538,679.48380101111854,1.1368683772161603e-13,0.00055315002100542188,0.00046915156417526305
2.1053456671652384,0,0.001230795169249177,38,42,85,2.5422053337097168,0.63416426656073099,2.5293302876816632,129.11671977639998,0,326.64906998850785,-104.21981811216889,354.70946620698135,0,0.00046915156417526305,0.00035751910763792694
2.1053456671652384,0,0.001230795169249177,38,42,86,2.6966350078582764,0.67812191119371579,2.3985901091989086,-110.83621147416162,0,-84.064768336572882,86.010014329696517,-105.81425346064536,0,0.00035751910763792694,0.00048102534492500126
2.1053456671652384,0,0.001230795169249177,38,42,87,3.5541942119598389,-0.31845106857918459,1.8100258691221052,-253.95610667347682,0,-229.22889585668412,38.046586363614864,-443.64684136600317,0,0.00048102534492500126,0.00028633145848289132
2.1053456671652384,0,0.001230795169249177,38,42,88,3.8257555961608887,-0.64149028843834688,2.0158699260814665,-3.5009391389885978,0,-60.827001499179474,-101.9656030532185,-164.91916405374346,0,0.00028633145848289132,0.00041824302752502263
2.1053456671652384,0,0.001230795169249177,38,42,89,3.1370735168457031,-0.094976471867920867,3.0037410439396734,215.00895781015754,0,339.70480484655877,-79.606703082067071,478.01582414672095,-5.6843418860808015e-14,0.00041824302752502263,0.00063778093317523599
2.1053456671652384,0,0.001230795169249177,38,42,90,2.816509485244751,0.26871311758390914,3.6053134325534764,104.05826312727892,0,103.31460654815109,-9.9737926403056996,201.27310358526171,0,0.00063778093317523599,0.00069317506859079003
2.1053456671652384,0,0.001230795169249177,38,42,91,3.059180736541748,-0.14707697837303557,3.7396414265378413,76.622584925915945,0,-206.51240535542848,7.0762633069912839,-119.22099267435647,-1.4210854715202004e-14,0.00069317506859079003,0.00053876161109656096
2.1053456671652384,0,0.001230795169249177,38,42,92,2.8674666881561279,0.058314581766761728,4.2953404367010481,192.01003665186406,0,104.52278213659086,-109.0513581998496,191.83511560707311,0,0.00053876161109656096,0.00045408456935547292
2.1053456671652384,0,0.001230795169249177,38,42,93,2.4462788105010986,0.63087515192788801,4.6723512525478954,23.576954821257136,0,85.485057484310644,4.1018307014930313,118.46706941153658,-1.4210854715202004e-14,0.00045408456935547292,0.00068358692806214094
2.1053456671652384,0,0.001230795169249177,38,42,94,3.0973682403564453,-0.68632606444107092,4.3652856244295313,-236.75011336066854,0,-299.2060307686487,25.061168603303869,-507.21601596602488,-5.6843418860808015e-14,0.00068358692806214094,0.0012297533685341477
2.1053456671652384,0,0.001230795169249177,38,42,95,3.719346284866333,-3.1964163462584358,4.3424106995067371,-14.441737156477448,0,-266.2100716484826,-55.512733566959412,-335.0185480186712,-5.6843418860808015e-14,0.0012297533685341477,0.00097745389211922884
2.1053456671652384,0,0.001230795169249177,38,42,96,2.6542139053344727,-1.4120874537122428,5.1373439458214509,366.99946143041586,0,303.01206475320288,-118.94069283846223,554.79608983726575,1.1368683772161603e-13,0.00097745389211922884,0.00089638022473081946
2.1053456671652384,0,0.001230795169249177,38,42,97,1.4547446966171265,0.16834470723436856,5.1794352302446454,152.40204266749902,0,273.20933482778355,-82.374058614606838,348.58509881815473,0,0.00089638022473081946,0.00076683663064613938
2.1053456671652384,0,0.001230795169249177,38,42,98,1.5493965148925781,0.26545124356227745,2.7955701847726875,-5.917580882387715,0,100.2794455400593,-77.150156869978105,20.272729216028452,1.4210854715202004e-14,0.00076683663064613938,0.00055686861742287874
2.1053456671652384,0,0.001230795169249177,38,42,99,1.5396428108215332,0.14038685451338148,0.48036008682944825,14.175675080042941,0,153.27703531347984,-77.72828738844828,90.345169946417343,0,0.00055686861742287874,0.00040905294008553028
2.1053456671652384,0,0.001230795169249177,38,42,100,1.2986805438995361,0.17446958471664561,0.010911854779403072,19.330131426490549,0,146.55816882557968,-68.599849609125599,97.47383208244068,-1.4210854715202004e-14,0.00040905294008553028,0.00027990079252049327
2.1053456671652384,0,0.001230795169249177,38,42,101,1.0928350687026978,0.073610075966899821,0.0032931962169364718,10.917649551428477,0,130.94544859516952,-59.483034490586384,82.456966928195456,1.4210854715202004e-14,0.00027990079252049327,0.00020403235976118594
2.1053456671652384,0,0.001230795169249177,38,42,102,0.93407434225082397,0.033680120191511904,0.0025438392502447399,6.8949982265227074,0,117.64244162895072,-52.678354023901747,71.895309791013432,0,0.00020403235976118594,0.00015464000171050429
2.1053456671652384,0,0.001230795169249177,38,42,103,0.80683243274688721,0.017974855934527946,0.0022679449299831166,4.5805874702646978,0,106.40560475575671,-47.29962875208679,63.706806274799121,-1.4210854715202004e-14,0.00015464000171050429,0.00012022339069517329
2.1053456671652384,0,0.001230795169249177,38,42,104,0.70238929986953735,0.010225421525994448,0.0021720833096869696,3.1667392137111077,0,97.21537316326868,-42.870378010773287,57.524131871042187,7.1054273576010019e-15,0.00012022339069517329,9.5409450295846909e-05
2.1053456671652384,0,0.001230795169249177,38,42,105,0.61572271585464478,0.0061504759643578356,0.0021790975971156166,2.2485005840651882,0,89.244552397977756,-39.122166763616761,52.379215791987669,7.1054273576010019e-15,9.5409450295846909e-05,7.6806485594715923e-05
2.1053456671652384,0,0.001230795169249177,38,42,106,0.54289591312408447,0.003840966268757478,0.0022609306425544692,1.6417008356625002,0,82.492609754598035,-35.892858892688068,48.247553594483776,0,7.6806485594715923e-05,6.2580038502346724e-05
2.1053456671652384,0,0.001230795169249177,38,42,107,0.48097172379493713,0.0024407265094065237,0.0023778349403993397,1.222340706269597,0,76.641883385591797,-33.075235352259881,44.793807301051316,0,6.2580038502346724e-05,5.1614926633192226e-05
2.1053456671652384,0,0.001230795169249177,38,42,108,0.42806470394134521,0.0016323160741479033,0.0023871874467956814,0.92218549153696638,0,71.407133824231849,-30.595201679837693,41.738137139452064,-7.1054273576010019e-15,5.1614926633192226e-05,4.2967774788849056e-05
2.1053456671652384,0,0.001230795169249177,38,42,109,0.38255557417869568,0.0010814030880377775,0.0024538229002620017,0.71135526770048574,0,66.728359084223612,-28.397598664453366,39.045650913459035,7.1054273576010019e-15,4.2967774788849056e-05,3.6013741919305176e-05
2.1053456671652384,0,0.001230795169249177,38,42,110,0.34290438890457153,0.00074974473011222567,0.0025917702451300315,0.55769400659260626,0,62.540641762316206,-26.440221519137001,36.661455764747053,7.1054273576010019e-15,3.6013741919305176e-05,3.0426526791416109e-05
2.1053456671652384,0,0.001230795169249177,38,42,111,0.30831503868103027,0.00053047587716186883,0.002689969714919437,0.44047462981617319,0,58.631868299211632,-24.689558238629647,34.386005135990239,-7.1054273576010019e-15,3.0426526791416109e-05,2.5859537345240824e-05
2.1053456671652384,0,0.001230795169249177,38,42,112,0.27794420719146729,0.00039938191360564483,0.0027484220485790899,0.35129492217981639,0,54.982958160123715,-23.118682992116302,32.218717894149414,-7.1054273576010019e-15,2.5859537345240824e-05,2.2124666429590434e-05
2.1053456671652384,0,0.001230795169249177,38,42,113,0.25118023157119751,0.00026394791858793374,0.0027870005370680402,0.28272122355745355,0,51.525579785196427,-21.705343226971987,30.106008730237551,0,2.2124666429590434e-05,1.9014472854905762e-05
2.1053456671652384,0,0.001230795169249177,38,42,114,0.22742173075675964,0.00020048366420508018,0.0028746786680830839,0.23070981655150888,0,48.226245383047448,-20.431136396956241,28.028893964975005,0,1.9014472854905762e-05,1.6360003428417258e-05
2.1053456671652384,0,0.001230795169249177,38,42,115,0.20621144771575928,0.00014336143851472458,0.0030044425236700101,0.19001839687111313,0,45.026587404054879,-19.280505086332873,25.939248518555303,0,1.6360003428417258e-05,1.4140221537672915e-05
2.1053456671652384,0,0.001230795169249177,38,42,116,0.18718911707401276,0.00012481770131331904,0.0030956278907679868,0.15661535405700666,0,41.856119253342413,-18.240470657227039,23.775484395764462,0,1.4140221537672915e-05,1.2284443982935045e-05
2.1053456671652384,0,0.001230795169249177,38,42,117,0.17016613483428955,9.9931750682197599e-05,0.0031447277180312984,0.12908417632620631,0,38.680856755056773,-17.299918940264554,21.513266650587138,-3.5527136788005009e-15,1.2284443982935045e-05,1.0668454706319608e-05
2.1053456671652384,0,0.001230795169249177,38,42,118,0.15492153167724609,7.4212635198085591e-05,0.0031704468335154103,0.1064926294283728,0,35.492845650724291,-16.449999763536361,19.152583176085013,-3.5527136788005009e-15,1.0668454706319608e-05,9.2849704742548056e-06
2.1053456671652384,0,0.001230795169249177,38,42,119,0.14126978814601898,6.553257227511126e-05,0.0031306991431740041,0.087424201580522956,0,32.312171351011358,-15.683109969779947,16.71968181452738,-3.5527136788005009e-15,9.2849704742548056e-06,8.0922509368974715e-06
2.1053456671652384,0,0.001230795169249177,38,42,120,0.12913237512111664,5.7107816187354871e-05,0.0030301614544169042,0.071479363818225672,0,29.158955587399326,-14.992893416379363,14.240628804108793,1.7763568394002505e-15,8.0922509368974715e-06,7.0407991188403685e-06
2.1053456671652384,0,0.001230795169249177,38,42,121,0.11834026873111725,4.7561335712157544e-05,0.0028641573293087222,0.058325175337788311,0,26.086553637047231,-14.373974622722264,11.773815908327776,-1.7763568394002505e-15,7.0407991188403685e-06,6.1304567680053879e-06
2.1053456671652384,0,0.001230795169249177,38,42,122,0.10883703827857971,4.1858128319358331e-05,0.0026700960544859516,0.047495519014041213,0,23.145245614781814,-13.822376459571812,9.3730766284068494,1.7763568394002505e-15,6.1304567680053879e-06,5.3112239584152121e-06
2.1053456671652384,0,0.001230795169249177,38,42,123,0.10051130503416061,3.7323938041797316e-05,0.0024748657625479429,0.038385047931179625,0,20.373876632190267,-13.334648449507918,7.0801254203141184,1.7763568394002505e-15,5.3112239584152121e-06,4.5844085434509907e-06
2.1053456671652384,0,0.001230795169249177,38,42,124,0.093362428247928619,3.4006057607271729e-05,0.0022118310000283758,0.03020681109865736,0,17.791139802032642,-12.908121012631888,4.9154714375570467,-1.7763568394002505e-15,4.5844085434509907e-06,3.9509927773906384e-06
2.1053456671652384,0,0.001230795169249177,38,42,125,0.087351202964782715,2.9277893250854815e-05,0.0018412440765858435,0.022954755047316373,0,15.449004157030773,-12.540100355168386,2.9337290788795407,1.7763568394002505e-15,3.9509927773906384e-06,3.3816497762018116e-06
2.1053456671652384,0,0.001230795169249177,38,42,126,0.08246399462223053,3.7745323635959502e-05,0.0014332476817695992,0.016834697728530284,0,13.422314789854765,-12.22870384820926,1.211916632379439,-8.8817841970012523e-16,3.3816497762018116e-06,2.8522645152406767e-06
2.1053456671652384,0,0.001230795169249177,38,42,127,0.07865682989358902,4.3969212877573315e-05,0.00089431850661979956,0.010563303680793005,0,11.761133890441666,-11.972490766094898,-0.19985528425294041,1.9984014443252818e-15,2.8522645152406767e-06,2.3469649477192434e-06
2.1053456671652384,0,0.001230795169249177,38,42,128,0.076274067163467407,3.9605488867883035e-05,0.00016015899334768667,0.0037592043471475389,0,10.577384050054624,-11.774173063008101,-1.1928300441241151,-2.2204460492503131e-16,2.3469649477192434e-06,1.7832376215665136e-06
2.1053456671652384,0,0.001230795169249177,38,42,129,0.075342461466789246,6.3890443144682638e-05,-0.00068739776642358201,-0.0031296435547105922,0,9.9603660457131511,-11.635379122152386,-1.6787662273172255,-1.3322676295501878e-15,1.7832376215665136e-06,9.3014625690557295e-07
2.1053456671652384,0,0.001230795169249177,38,42,130,0.076011970639228821,0.00016141802367237491,-0.002231704475724643,-0.017482418928441372,0,10.067772748984389,-11.556363189232393,-1.5081431456284966,1.5543122344752192e-15,9.3014625690557295e-07,7.8499107303287019e-07
2.1053456671652384,0,0.001230795169249177,38,42,131,0.080838099122047424,-6.3705151715070778e-05,-0.0060018709446485914,-0.05724765782765584,0,10.85063764784889,-11.566884118629078,-0.77955970470420766,-7.7715611723760958e-16,7.8499107303287019e-07,3.633929281932069e-07
2.1053456671652384,0,0.001230795169249177,38,42,132,0.095120303332805634,1.1416760069804066e-07,-0.004346505023078851,-0.046363520281486319,0,13.377785470728167,-11.739595647177334,1.5874799124138681,-8.8817841970012523e-16,3.633929281932069e-07,3.633929281932069e-07
2.1065764623344876,0,0.0011537488317117095,38,42,0,0.0091868136078119278,4.0360715825547669e-07,4.9127769615383565,-0.078537916924933199,0,228.3727606739715,91.72044351987013,324.92744122041927,-2.421642932404211e-06,0.00033223829814232886,0.00033223829814232886
2.1065764623344876,0,0.0011537488317117095,38,42,1,0.035563200712203979,0.2459008900244152,9.8272942771431104,-2.7975820298756071,0,-50.224306494432696,45.609701182377258,2.6610078252364859,4.4408920985006262e-15,0.00033223829814232886,0.00069398462073877454
2.1065764623344876,0,0.0011537488317117095,38,42,2,0.12560960650444031,-0.28110915686767346,9.7267436258069235,-12.435530466437694,0,-126.69075004033549,45.451435514624855,-84.229210523209076,0,0.00069398462073877454,0.00044482364319264889
2.1065764623344876,0,0.0011537488317117095,38,42,3,0.40431827306747437,-0.42424036339981314,9.6174686021378868,3.1108619061135081,0,-172.85647335935457,45.253584056790757,-115.29879915771222,0,0.00044482364319264889,0.00032479557557962835
2.1065764623344876,0,0.0011537488317117095,38,42,4,0.15444275736808777,-0.093728883147352837,9.5105102835572364,5.7065015159989372,0,0.16628614920125639,54.487986683385422,69.777555748995496,0,0.00032479557557962835,0.00039459133404307067
2.1065764623344876,0,0.0011537488317117095,38,42,5,0.38694599270820618,-0.11986971157324355,8.8713902763165233,-47.980818973411068,0,-340.05102926383972,80.461289078884718,-298.81903536476551,3.2288572811012273e-06,0.00039459133404307067,0.00038663853774778545
2.1065764623344876,0,0.0011537488317117095,38,42,6,1.0920079946517944,-0.96315036374590624,7.9501908405996913,-33.484024774618199,0,-444.69186137264575,28.311292110983494,-442.87755355942664,0,0.00038663853774778545,0.0003474881814327091
2.1065764623344876,0,0.0011537488317117095,38,42,7,1.1519272327423096,-1.0319452038705523,6.8925536194632286,52.283723320431697,0,-144.55723134368793,45.0468467837605,-41.366052823903068,-7.1054273576010019e-15,0.0003474881814327091,0.00036394072230905294
2.1065764623344876,0,0.0011537488317117095,38,42,8,1.0431841611862183,-0.48635792669828054,5.0972694260413594,63.364024899736414,0,-54.039395085699418,58.681303614796519,72.61684492817659,0,0.00036394072230905294,0.00051736785098910332
2.1065764623344876,0,0.0011537488317117095,38,42,9,0.99468904733657837,0.2884786199702602,3.5023031337976902,56.045729498244661,0,125.12694988924515,38.860872879183127,223.82433402044089,0,0.00051736785098910332,0.00019045373483095318
2.1065764623344876,0,0.0011537488317117095,38,42,10,0.75459921360015869,0.35831274852741407,2.4807052066433335,-29.077435363070368,0,-97.380991939258735,139.45429365871604,15.834884311557685,-1.7763568394002505e-15,0.00019045373483095318,0.00029283383628353477
2.1065764623344876,0,0.0011537488317117095,38,42,11,1.726374626159668,-0.27838329502260556,1.5308699439500648,-130.49057259444837,0,-807.4394582704,156.28196117157876,-780.39558304434217,0,0.00029283383628353477,0.00023308924573939294
2.1065764623344876,0,0.0011537488317117095,38,42,12,2.3241488933563232,-0.59947579502285775,1.6046061465132326,29.344061480671204,0,-148.81467338040267,-43.808308798222356,-162.27379034646344,0,0.00023308924573939294,0.00032594249933026731
2.1065764623344876,0,0.0011537488317117095,38,42,13,1.2178373336791992,0.19261647118794806,2.5161106355833995,67.378243576314603,0,516.14497448042391,-25.128465434124401,561.10347972938541,0,0.00032594249933026731,0.00023920825333334506
2.1065764623344876,0,0.0011537488317117095,38,42,14,1.3352435827255249,0.2966324935849165,2.3536135503838453,-98.640401258164601,0,-498.97974931353991,164.05921926029504,-430.91068526744067,0,0.00023920825333334506,0.00034717610105872154
2.1065764623344876,0,0.0011537488317117095,38,42,15,2.69325852394104,-0.69191303436200358,2.2297790038914793,-37.549388550290509,0,-486.80215288094286,28.238500752777799,-494.57517470892611,-5.6843418860808015e-14,0.00034717610105872154,0.00038835473242215812
2.1065764623344876,0,0.0011537488317117095,38,42,16,1.9801110029220581,-0.37820170207192744,3.2406740764232174,141.9726990027977,0,331.62647570128507,-5.6561313426486537,470.80551573578543,5.6843418860808015e-14,0.00038835473242215812,0.00037025110214017332
2.1065764623344876,0,0.0011537488317117095,38,42,17,1.4541840553283691,0.28280632496813773,3.6344949719124733,-23.176375823648694,0,158.08009886760948,114.08539459713296,252.90641893797437,0,0.00037025110214017332,0.00023588092881254852
2.1065764623344876,0,0.0011537488317117095,38,42,18,1.9596973657608032,0.030500592949366374,3.4302144556545211,-148.99238968432573,0,-458.43883742168885,187.14901004749751,-416.82150200991322,-5.6843418860808015e-14,0.00023588092881254852,0.00021966255735605955
2.1065764623344876,0,0.0011537488317117095,38,42,19,2.3483693599700928,-0.50261522303281114,4.3677381864941545,31.253065219788819,0,-178.51210100026972,-63.201083846662776,-206.59499666368234,0,0.00021966255735605955,0.00032739006564952433
2.1065764623344876,0,0.0011537488317117095,38,42,20,1.3846461772918701,-0.20226692014541561,6.3383356068188217,163.74604593634692,0,276.59672551494469,-43.955131395823898,402.52370874214114,5.6843418860808015e-14,0.00032739006564952433,0.00054518168326467276
2.1065764623344876,0,0.0011537488317117095,38,42,21,0.61735010147094727,0.69729675024597337,7.5278684184159088,30.98587082330916,0,191.86510480113921,59.572158249927071,290.64829904303735,0,0.00054518168326467276,0.0006797582027502358
2.1065764623344876,0,0.0011537488317117095,38,42,22,0.72964823246002197,0.51633302312759832,7.7225741620585664,-54.718488345893753,0,-224.21722137257311,89.901925276776126,-180.79487725650455,0,0.0006797582027502358,0.0005932433414272964
2.1065764623344876,0,0.0011537488317117095,38,42,23,1.1747016906738281,-0.23266338244795209,7.7994516391344364,-67.291658539868365,0,-340.94872907637426,97.826470918540267,-302.84712844101591,-5.6843418860808015e-14,0.0005932433414272964,0.00050242047291249037
2.1065764623344876,0,0.0011537488317117095,38,42,24,1.1739048957824707,-0.28544793381891981,8.2394924155656355,50.475459928014644,0,15.738225240441396,-26.423004720084815,47.74472493011794,0,0.00050242047291249037,0.00066283618798479438
2.1065764623344876,0,0.0011537488317117095,38,42,25,0.80151158571243286,0.083918000344478716,8.8397135721080016,71.697059731942289,0,131.01571394019774,-15.603904778173975,196.03250046641853,0,0.00066283618798479438,0.00061307597206905484
2.1065764623344876,0,0.0011537488317117095,38,42,26,0.70760196447372437,0.14062157722210714,9.0663228471821213,-17.16305537480121,0,-86.79018512148626,76.548353197027794,-18.197942874855446,-3.5527136788005009e-15,0.00061307597206905484,0.00063925195718184114
2.1065764623344876,0,0.0011537488317117095,38,42,27,0.99882286787033081,-0.44925270621122154,8.9373243489034557,-73.072294618695665,0,-181.63882305327402,95.470696657234697,-150.75234937204274,0,0.00063925195718184114,0.0010150654707103968
2.1065764623344876,0,0.0011537488317117095,38,42,28,1.1487973928451538,-1.0625353976090515,8.8744068362173252,19.408170239884925,0,-71.839336098513243,4.2981514691250107,-40.321142950895037,0,0.0010150654707103968,0.00086752598872408271
2.1065764623344876,0,0.0011537488317117095,38,42,29,0.9588199257850647,-0.51990656090679233,8.9178801704473383,51.562629084920658,0,104.09391534965447,7.7519438477505007,171.80646189186618,0,0.00086752598872408271,0.0006748089799657464
2.1065764623344876,0,0.0011537488317117095,38,42,30,1.077134370803833,-0.62655087311832036,8.6706933880167227,-62.282125237888579,0,-101.2119665082744,51.77015419912383,-103.67979503214075,1.4210854715202004e-14,0.0006748089799657464,0.0006376621313393116
2.1065764623344876,0,0.0011537488317117095,38,42,31,1.4820730686187744,-1.1753008159826821,8.4055646529730161,-16.013478864657099,0,-64.439828479065952,12.098140712994244,-61.124902793738478,0,0.0006376621313393116,0.000758234818931669
2.1065764623344876,0,0.0011537488317117095,38,42,32,1.3168348073959351,-1.4517014917421471,7.8172515220278189,-9.8052904220893389,0,39.126930717905132,12.593059954733439,48.280250280834906,0,0.000758234818931669,0.0010200480464845896
2.1065764623344876,0,0.0011537488317117095,38,42,33,1.7918978929519653,-0.54099826378290694,6.4850920128464127,-49.96535214169598,0,-86.764612571939196,20.987158935554735,-109.79871202901694,0,0.0010200480464845896,0.00048141670413315296
2.1065764623344876,0,0.0011537488317117095,38,42,34,1.8218860626220703,-0.54103902810589077,4.701460361690537,-32.163757953961941,0,-58.008874715999298,43.83971912170643,-42.172492214670172,-7.1054273576010019e-15,0.00048141670413315296,0.00054726144298911095
2.1065764623344876,0,0.0011537488317117095,38,42,35,2.2494275569915771,-0.63784501222778334,3.2843714126260628,-87.383106638964421,0,-412.34563423686512,44.578378340744734,-452.50383613468654,0,0.00054726144298911095,0.00086729106260463595
2.1065764623344876,0,0.0011537488317117095,38,42,36,2.0789761543273926,-0.32755990110413802,3.5560038734178976,74.205236056205123,0,188.07158497640967,-6.7162297602361587,258.7890352446924,0,0.00086729106260463595,0.00038138125091791153
2.1065764623344876,0,0.0011537488317117095,38,42,37,1.2823078632354736,-0.061843514038011922,4.2899416959189365,111.23945397198381,0,426.03609236832341,-8.3715744725333732,533.13207004965477,0,0.00038138125091791153,0.00088693579891696572
2.1065764623344876,0,0.0011537488317117095,38,42,38,1.0256987810134888,1.2221549655738229,3.3250059759084869,-38.681761708921144,0,-25.456982287800763,64.52775672013486,4.9361736648952688,4.4408920985006262e-15,0.00088693579891696572,0.00042424432467669249
2.1065764623344876,0,0.0011537488317117095,38,42,39,1.7716180086135864,0.38279939301519472,1.192056365354079,-93.643163444653908,0,-786.65853290614211,82.928161861000319,-795.79867873142632,1.1368683772161603e-13,0.00042424432467669249,0.00041528110159561038
2.1065764623344876,0,0.0011537488317117095,38,42,40,2.0146961212158203,0.34338377380159701,0.42534256409811405,56.330695525116624,0,10.323250789279024,-21.040990443894216,46.381682208401145,0,0.00041528110159561038,5.0461796490708366e-05
2.1065764623344876,0,0.0011537488317117095,38,42,41,0.95299911499023438,0.31353213071181069,0.97062315028100643,53.521693027091018,0,781.13000600264741,-1.6745628707447067,834.26129143998662,1.1368683772161603e-13,5.0461796490708366e-05,0.00022503183572553098
2.1065764623344876,0,0.0011537488317117095,38,42,42,0.86551523208618164,0.7897675898810439,0.66192663693225462,-58.80286363314854,0,-95.468061909705611,54.979999953585178,-97.839231362455678,0,0.00022503183572553098,0.00037581412470899522
2.1065764623344876,0,0.0011537488317117095,38,42,43,2.2164919376373291,-0.5534482076663767,0.12527590333083871,-85.252370813673039,0,-673.78191914598335,67.720864078529033,-691.74159818546298,-1.1368683772161603e-13,0.00037581412470899522,0.00027901577414013445
2.1065764623344876,0,0.0011537488317117095,38,42,44,2.2055497169494629,-0.82098766304089543,0.72820322064386034,101.19868944719643,0,179.78463239510478,1.4893039562481769,282.37984135615233,-5.6843418860808015e-14,0.00027901577414013445,0.00039471083437092602
2.1065764623344876,0,0.0011537488317117095,38,42,45,1.1945483684539795,0.20902562471577227,1.5833259590942128,77.798928362453765,0,555.92614917300386,-6.4189682448951011,629.09846087437256,1.1368683772161603e-13,0.00039471083437092602,0.00039366784039884806
2.1065764623344876,0,0.0011537488317117095,38,42,46,1.0144968032836914,0.54123800643491071,1.4676794919231648,-56.104468869628533,0,-83.831260322883708,127.59777479265439,-10.329036901499775,1.7763568394002505e-15,0.00039366784039884806,0.0003103270719293505
2.1065764623344876,0,0.0011537488317117095,38,42,47,2.2222473621368408,-0.34464741736320015,0.75339491638621858,-159.68161207156723,0,-810.20150026834835,165.07375204414413,-804.40061279674842,0,0.0003103270719293505,0.0002383301907684654
2.1065764623344876,0,0.0011537488317117095,38,42,48,2.9595427513122559,-0.73451841139818908,0.86243282084978079,50.379059165479639,0,-233.3183626020836,-56.030437630232676,-238.84182665738504,0,0.0002383301907684654,0.00030491955112665892
2.1065764623344876,0,0.0011537488317117095,38,42,49,1.9711171388626099,0.0019407450204714596,1.7007260993678806,169.09375683294306,0,551.67418327821235,-48.901327433672968,673.56927952187084,0,0.00030491955112665892,0.00053055689204484224
2.1065764623344876,0,0.0011537488317117095,38,42,50,1.2519712448120117,0.88161404924229314,1.7900199452567431,-12.871413281924545,0,197.08128496814581,154.50893106964878,341.39043675036908,0,0.00053055689204484224,0.00050711928633973002
2.1065764623344876,0,0.0011537488317117095,38,42,51,2.0588617324829102,-0.1121338740727504,1.222034186131715,-182.99303162151094,0,-584.59364881757733,205.87772539517428,-560.59905473185506,0,0.00050711928633973002,0.00046139582991600037
2.1065764623344876,0,0.0011537488317117095,38,42,52,3.1273806095123291,-1.2079363898974302,1.4819501329229725,-6.5637243738463775,0,-389.41899114960131,-66.400390611007765,-462.10909239142995,-5.6843418860808015e-14,0.00046139582991600037,0.0003827490727417171
2.1065764623344876,0,0.0011537488317117095,38,42,53,2.2030153274536133,-0.22850703593223717,2.5224938845947888,205.33982360550951,0,425.82066301153299,-50.714240380553115,582.74023308515189,-1.1368683772161603e-13,0.0003827490727417171,0.00056293047964572906
2.1065764623344876,0,0.0011537488317117095,38,42,54,1.4966889619827271,0.8578232234953449,3.2423605489339877,58.022100115361013,0,337.08443270037304,78.033989171421752,477.24070575958513,0,0.00056293047964572906,0.00048538809642195702
2.1065764623344876,0,0.0011537488317117095,38,42,55,1.6833474636077881,0.47763476518690495,3.4890551324351122,-93.043680889211146,0,-243.64977594253119,138.02791367286852,-194.6988532612518,-2.8421709430404007e-14,0.00048538809642195702,0.00056534528266638517
2.1065764623344876,0,0.0011537488317117095,38,42,56,2.633234977722168,-0.90870375809724246,3.5893268912249447,-157.79761260311784,0,-523.66630042680447,102.91261854572875,-575.87067135106588,0,0.00056534528266638517,0.00040702690603211522
2.1065764623344876,0,0.0011537488317117095,38,42,57,2.6687283515930176,-0.8131985998464073,4.168523747286625,71.522133160697095,0,6.1812210266817633,-73.45428134869772,7.6043979861213629,7.1054273576010019e-15,0.00040702690603211522,0.00054636161075904965
2.1065764623344876,0,0.0011537488317117095,38,42,58,1.9508258104324341,0.23261373876748667,5.0817236891268331,179.17326764492296,0,313.28078031793547,-5.8778634288224145,491.89052196193035,0,0.00054636161075904965,0.00084008031990379095
2.1065764623344876,0,0.0011537488317117095,38,42,59,1.5828146934509277,0.68898728607180959,5.4555539220676952,-22.010267564302442,0,27.65627321056478,113.87471811823814,125.66526497263997,0,0.00084008031990379095,0.00075750390533357859
2.1065764623344876,0,0.0011537488317117095,38,42,60,2.3504664897918701,-0.54606393722617141,5.2237223739729082,-220.25270126703387,0,-449.09374956801423,153.09639642375805,-511.57239597454327,0,0.00075750390533357859,0.00078503397526219487
2.1065764623344876,0,0.0011537488317117095,38,42,61,2.9081442356109619,-1.2212099194127677,5.4031225269602015,26.732251753597428,0,-151.58415466549189,-102.47473383873694,-223.14472414308398,0,0.00078503397526219487,0.00026516927755437791
2.1065764623344876,0,0.0011537488317117095,38,42,62,2.0401549339294434,-0.21209233280598694,6.1438905934003971,251.27246217620743,0,398.88734385826444,-140.50705611259511,515.58454818247117,0,0.00026516927755437791,0.00072489195736125112
2.1065764623344876,0,0.0011537488317117095,38,42,63,1.4414033889770508,0.84629035075177383,6.3016247105253784,-13.411174893374556,0,160.55200866706011,128.00802048144885,282.29676931641154,0,0.00072489195736125112,0.00037271855399012566
2.1065764623344876,0,0.0011537488317117095,38,42,64,2.2772114276885986,-0.10934686574320676,5.8626022349544584,-251.54141307103981,0,-502.21873227597001,239.2169940408412,-508.78989593695735,0,0.00037271855399012566,0.00035321447649039328
2.1065764623344876,0,0.0011537488317117095,38,42,65,3.0657427310943604,-0.89177364862990005,5.645064837976447,-263.30034295509256,0,-531.68647190535978,102.62847910631689,-687.60504456478884,0,0.00035321447649039328,0.00075060367817059159
2.1065764623344876,0,0.0011537488317117095,38,42,66,3.4354524612426758,-2.1321722631676079,6.0417243026097136,92.61251220533272,0,-5.9787070989554953,-242.37280164009806,-151.8294444942787,2.8421709430404007e-14,0.00075060367817059159,0.0008983988082036376
2.1065764623344876,0,0.0011537488317117095,38,42,67,2.728665828704834,-0.9688492968204736,6.6487450289472099,325.57316908405494,0,346.38230174538904,-191.35169066498014,486.28367589659058,5.6843418860808015e-14,0.0008983988082036376,0.00066661415621638298
2.1065764623344876,0,0.0011537488317117095,38,42,68,2.1954052448272705,-0.21416848802805311,6.7597079377520712,104.47052926116582,0,281.22075909021697,37.155312978684393,429.39214077979125,5.6843418860808015e-14,0.00066661415621638298,0.0006497424328699708
2.1065764623344876,0,0.0011537488317117095,38,42,69,2.4475228786468506,-0.25198203907785049,6.2488740621557044,-171.03210442689448,0,-129.83746517753116,133.29983340105525,-161.57284418029252,0,0.0006497424328699708,0.00076577358413487673
2.1065764623344876,0,0.0011537488317117095,38,42,70,3.3427944183349609,-1.8008991762075195,5.4511094000409859,-321.08934540670333,0,-381.73668729536485,166.2978247491304,-532.87799772910432,0,0.00076577358413487673,0.00070984871126711369
2.1065764623344876,0,0.0011537488317117095,38,42,71,3.906346321105957,-1.5444649465669529,5.1192490646656363,29.970821422297501,0,-51.028756909123913,-237.55069704469759,-255.03384841342532,0,0.00070984871126711369,0.00033070854260586202
2.1065764623344876,0,0.0011537488317117095,38,42,72,2.9526298046112061,-0.5582282533688333,5.2044763666314955,278.75711516536745,0,588.59412547763122,-263.17511495488628,608.82237380137508,0,0.00033070854260586202,0.00055457302369177341
2.1065764623344876,0,0.0011537488317117095,38,42,73,2.7419519424438477,0.53515201409557644,3.9447453728205089,-125.72539921036278,0,119.7838885471121,132.17939409887992,130.71778082254534,2.8421709430404007e-14,0.00055457302369177341,0.00031025844509713352
2.1065764623344876,0,0.0011537488317117095,38,42,74,4.1891288757324219,-0.35899090945507284,1.6633459215042601,-450.67780111187716,0,-567.73808397793596,235.37491220283036,-781.7366178749337,-1.1368683772161603e-13,0.00031025844509713352,0.00040195381734520197
2.1065764623344876,0,0.0011537488317117095,38,42,75,5.179931640625,-1.1003117158984996,0.94202021728796781,32.986212476768621,0,-70.36532401027705,-304.32718495005412,-341.86458798217308,0,0.00040195381734520197,0.00030886119930073619
2.1065764623344876,0,0.0011537488317117095,38,42,76,3.7105052471160889,0.077950567607881924,1.5706781215759609,388.25618924009552,0,763.25804855737181,-239.53016736478932,913.63269912186183,0,0.00030886119930073619,0.00018190468836110085
2.1065764623344876,0,0.0011537488317117095,38,42,77,2.7348504066467285,0.71374838342720393,1.552754432186783,8.9542153084764458,0,261.87964575803329,131.00584655239271,404.10621043451641,0,0.00018190468836110085,0.00044039142085239291
2.1065764623344876,0,0.0011537488317117095,38,42,78,3.8763434886932373,0.0039524239990063196,0.60648241529017288,-365.22394960480301,0,-734.57670357284155,180.2159044024157,-918.97431393593968,0,0.00044039142085239291,0.00051064806757494807
2.1065764623344876,0,0.0011537488317117095,38,42,79,4.9945850372314453,-1.2374300334378441,0.4344003159436835,-49.348097955860915,0,-391.76277989273535,-211.16003255898946,-653.07394012507984,0,0.00051064806757494807,0.00034309932379983366
2.1065764623344876,0,0.0011537488317117095,38,42,80,3.9400970935821533,-0.45892706889281576,1.3737527403664773,367.15816426145392,0,519.40978830098231,-237.60917810750016,649.87360012640977,1.1368683772161603e-13,0.00034309932379983366,0.00040656450437381864
2.1065764623344876,0,0.0011537488317117095,38,42,81,3.1388256549835205,0.3615632996782141,1.6827941360319585,62.550146221828349,0,433.53933671401415,-15.395191444496902,482.73864892705575,0,0.00040656450437381864,0.00017325321095995605
2.1065764623344876,0,0.0011537488317117095,38,42,82,3.6827526092529297,0.26208765600804068,1.0893828412672579,-232.49446155122175,0,-214.83049417559556,15.011654863007154,-430.96183036653485,0,0.00017325321095995605,0.00035793872666545212
2.1065764623344876,0,0.0011537488317117095,38,42,83,4.1165485382080078,-0.27371371155427399,0.62625326329000175,-186.18675892050018,0,-213.24282631159463,15.43156129274162,-383.64548438761744,5.6843418860808015e-14,0.00035793872666545212,0.00050576060311868787
2.1065764623344876,0,0.0011537488317117095,38,42,84,3.9628357887268066,-0.2304004580134032,1.0158651919802855,101.47166995589684,0,205.5561828731926,-202.8710135090343,104.94230405402202,-1.4210854715202004e-14,0.00050576060311868787,0.00055650004651397467
2.1065764623344876,0,0.0011537488317117095,38,42,85,2.9787800312042236,0.4197038189410216,2.0185225415102392,243.97121514108036,0,534.75579779160284,-113.64482348089581,667.52041581223875,0,0.00055650004651397467,0.00048345778486691415
2.1065764623344876,0,0.0011537488317117095,38,42,86,2.5663993358612061,0.6273823038643267,2.6204864737619529,70.47092055830575,0,350.86963841944612,-17.476332022181847,407.11209573319627,0,0.00048345778486691415,0.00045570536167360842
2.1065764623344876,0,0.0011537488317117095,38,42,87,3.0081558227539062,0.208411435522697,2.4031916446860526,-167.39821930539813,0,-53.056789242496968,2.2625765251784777,-215.58082894250788,0,0.00045570536167360842,0.00045433474588207901
2.1065764623344876,0,0.0011537488317117095,38,42,88,3.6227738857269287,-0.61123398146252506,1.9994876207125947,-231.08492328487389,0,-199.61177915383155,26.899635714269138,-402.40881308518624,0,0.00045433474588207901,0.00030308630084618926
2.1065764623344876,0,0.0011537488317117095,38,42,89,3.7254130840301514,-0.57837934976263361,2.3890191811274906,63.129377384498476,0,68.948346456788258,-134.64407125805462,-0.75570758540302241,7.7715611723760958e-15,0.00030308630084618926,0.00060039520030841231
2.1065764623344876,0,0.0011537488317117095,38,42,90,3.0642354488372803,-0.084987155706697473,3.1685716756366675,193.73825530917469,0,364.90488684520164,-40.915872628442173,520.81085404586406,0,0.00060039520030841231,0.00071133940946310759
2.1065764623344876,0,0.0011537488317117095,38,42,91,2.9124441146850586,0.16285266310597704,3.4173042734834032,48.885208978200872,0,-26.072428313566842,21.54438220709951,47.937319808322925,0,0.00071133940946310759,0.00070735806366428733
2.1065764623344876,0,0.0011537488317117095,38,42,92,3.1035764217376709,-0.27697864121008692,3.7943149308313187,123.00923281645046,0,46.498437687141291,21.67126338222597,194.69627017543894,0,0.00070735806366428733,0.00055730441818013787
2.1065764623344876,0,0.0011537488317117095,38,42,93,2.5920875072479248,0.10022655478810776,4.5836312879094327,209.48763948032754,0,255.53124741754482,-104.10683077871865,365.59591396185124,0,0.00055730441818013787,0.00042127474443987012
2.1065764623344876,0,0.0011537488317117095,38,42,94,2.4730892181396484,0.42183284670081922,4.8193515909740121,-37.701273996085213,0,-14.048887118847274,52.184946118948879,5.675969441691227,4.4408920985006262e-15,0.00042127474443987012,0.0011394023895263672
2.1065764623344876,0,0.0011537488317117095,38,42,95,3.3070070743560791,-2.9009438050690437,4.4815856756590682,-234.54501839288272,0,-411.68725732488974,86.0531274156519,-558.5985064315305,0,0.0011394023895263672,0.0013227399904280901
2.1065764623344876,0,0.0011537488317117095,38,42,96,3.3370542526245117,-2.6055453403704933,4.7166497134843235,166.48401357451957,0,-204.17371534616328,-124.99118289892255,-160.56978029745241,2.8421709430404007e-14,0.0013227399904280901,0.0010706627508625388
2.1065764623344876,0,0.0011537488317117095,38,42,97,1.8837815523147583,-0.19587176472285758,5.0960888751034625,270.07805015767417,0,316.12155477145893,-105.20598545379622,485.89383658571751,0,0.0010706627508625388,0.00086319708498194814
2.1065764623344876,0,0.0011537488317117095,38,42,98,1.5743480920791626,0.47857698609785232,3.1759728219011776,27.074562285514329,0,196.28538456749507,-113.28370808426148,113.73078857674696,1.4210854715202004e-14,0.00086319708498194814,0.00058269087458029389
2.1065764623344876,0,0.0011537488317117095,38,42,99,1.6508392095565796,0.29990352779899798,0.66069442427810066,2.2563771192276736,0,192.30867229691927,-129.99875305568457,65.526894312539454,-1.4210854715202004e-14,0.00058269087458029389,0.00043666773126460612
2.1065764623344876,0,0.0011537488317117095,38,42,100,1.4186508655548096,0.174724587146454,0.0097077398899686161,21.870780930409346,0,178.70862216891021,-120.41870771647444,80.345127709881524,0,0.00043666773126460612,0.00030566100031137466
2.1065764623344876,0,0.0011537488317117095,38,42,101,1.1943227052688599,0.088419386441821485,0.0011620295472980671,12.724797331188027,0,156.76014201725079,-104.83774074031845,64.736780024109478,-1.4210854715202004e-14,0.00030566100031137466,0.00022065857774578035
2.1065764623344876,0,0.0011537488317117095,38,42,102,1.0225627422332764,0.0393288183875398,3.740940006636941e-05,7.9705762309488595,0,139.68956111454906,-92.131851597280374,55.567651976005152,-1.4210854715202004e-14,0.00022065857774578035,0.00016667071031406522
2.1065764623344876,0,0.0011537488317117095,38,42,103,0.88524246215820312,0.02068739601962195,-0.00017769466571164593,5.2889198634960231,0,126.15775611371511,-81.671748921637345,49.795436756927693,-7.1054273576010019e-15,0.00016667071031406522,0.00012951147800777107
2.1065764623344876,0,0.0011537488317117095,38,42,104,0.7731897234916687,0.011793895203626812,-0.00032499419463918628,3.6513467815911143,0,115.7803121840828,-72.94551676700172,46.49761109968118,0,0.00012951147800777107,0.00010274300439050421
2.1065764623344876,0,0.0011537488317117095,38,42,105,0.6801908016204834,0.0070024388537993105,-0.00028641574042817877,2.5979643871169804,0,107.31843303153272,-65.584755434746967,44.338358007016105,-7.1054273576010019e-15,0.00010274300439050421,8.2784070400521159e-05
2.1065764623344876,0,0.0011537488317117095,38,42,106,0.60227876901626587,0.0043405795114631121,-0.00031096564344043268,1.8990330278800727,0,100.55079986362114,-59.31849922310667,43.135363282262567,7.1054273576010019e-15,8.2784070400521159e-05,6.7547574872151017e-05
2.1065764623344876,0,0.0011537488317117095,38,42,107,0.53610372543334961,0.0028145564888326438,-0.0002314706759975933,1.4221953868307222,0,95.275415369784369,-53.939739635040247,42.760454207387689,1.4210854715202004e-14,6.7547574872151017e-05,5.5779291869839653e-05
2.1065764623344876,0,0.0011537488317117095,38,42,108,0.47943580150604248,0.0018216291153259968,-0.00014262333698321383,1.0817446766990626,0,91.015519401547451,-49.289306922760787,42.809636161264066,0,5.5779291869839653e-05,4.6546199882868677e-05
2.1065764623344876,0,0.0011537488317117095,38,42,109,0.43061277270317078,0.0012205051274087842,-0.00013560908601806297,0.83903793372508118,0,87.557180791891369,-45.242851335238427,43.154452286419414,0,4.6546199882868677e-05,3.9139726141002029e-05
2.1065764623344876,0,0.0011537488317117095,38,42,110,0.3880271315574646,0.00082274464402737834,-7.3649758305213692e-05,0.6641371933380199,0,84.984323998875141,-41.702008964720399,43.94720132237849,7.1054273576010019e-15,3.9139726141002029e-05,3.3162654290208593e-05
2.1065764623344876,0,0.0011537488317117095,38,42,111,0.35063716769218445,0.00060368587659445801,4.2085576614304712e-05,0.53237398602530395,0,82.975561485665835,-38.587530738468921,44.921050504675435,7.1054273576010019e-15,3.3162654290208593e-05,2.8279575417400338e-05
2.1065764623344876,0,0.0011537488317117095,38,42,112,0.3175988495349884,0.00042097936221328376,0.00014729951661042738,0.43137533074345347,0,81.465076225752412,-35.836208546643924,46.060811288730775,7.1054273576010019e-15,2.8279575417400338e-05,2.4275952455354854e-05
2.1065764623344876,0,0.0011537488317117095,38,42,113,0.28823456168174744,0.00030162501007756625,0.00024082301061779441,0.35328864662144988,0,80.336939327854836,-33.396432334704961,47.294338087792021,0,2.4275952455354854e-05,2.0956880689482205e-05
2.1065764623344876,0,0.0011537488317117095,38,42,114,0.26191955804824829,0.00023860854150865025,0.00032967033731506087,0.29364519520308857,0,79.584744739157273,-31.225916987895921,48.653041225343259,-7.1054273576010019e-15,2.0956880689482205e-05,1.8122273104381748e-05
2.1065764623344876,0,0.0011537488317117095,38,42,115,0.23813734948635101,0.00016401349405037642,0.00045592710103003575,0.24760169058930379,0,79.178786972812119,-29.289661693452896,50.137346910543599,0,1.8122273104381748e-05,1.5718243957962841e-05
2.1065764623344876,0,0.0011537488317117095,38,42,116,0.21645186841487885,0.00013295283901752634,0.00060322661764046308,0.2099144685800404,0,79.080668458211576,-27.5588908754209,51.732428230827374,-7.1054273576010019e-15,1.5718243957962841e-05,1.3701391253562178e-05
2.1065764623344876,0,0.0011537488317117095,38,42,117,0.19664455950260162,0.00010890648421827903,0.00074351183401728772,0.17825875194374685,0,79.166168598616409,-26.009452681449922,53.335827087428477,1.4210854715202004e-14,1.3701391253562178e-05,1.1943625395360868e-05
2.1065764623344876,0,0.0011537488317117095,38,42,118,0.17849443852901459,8.1296985706605642e-05,0.00087444476504236316,0.15160130635528912,0,79.383199468610812,-24.622038545089023,54.913717971627833,1.4210854715202004e-14,1.1943625395360868e-05,1.0428247151139658e-05
2.1065764623344876,0,0.0011537488317117095,38,42,119,0.1618482917547226,5.9476776639611194e-05,0.00098667297755858428,0.1282372951781961,0,79.69859424635797,-23.380310448572022,56.44756724271835,0,1.0428247151139658e-05,9.1184474513283931e-06
2.1065764623344876,0,0.0011537488317117095,38,42,120,0.14665967226028442,6.2150575526149856e-05,0.0010614917530570973,0.10765010124990074,0,80.018031553402224,-22.270926753675624,57.855878543305082,0,9.1184474513283931e-06,7.9535166150890291e-06
2.1065764623344876,0,0.0011537488317117095,38,42,121,0.13283142447471619,5.2798142369044862e-05,0.0010708441862142021,0.089426430840349458,0,80.352437842731845,-21.282521882823357,59.160466033077419,7.1054273576010019e-15,7.9535166150890291e-06,6.9526627157756593e-06
2.1065764623344876,0,0.0011537488317117095,38,42,122,0.12037337571382523,5.2073797588689397e-05,0.0010392799583341195,0.073630861094863123,0,80.62971918931062,-20.406558737403799,60.297882666757616,1.4210854715202004e-14,6.9526627157756593e-06,6.0495071920740884e-06
2.1065764623344876,0,0.0011537488317117095,38,42,123,0.10922548919916153,5.0792916375270707e-05,0.0010147299814191877,0.060185899439056681,0,80.852678241245485,-19.63561094570505,61.278318717877283,0,6.0495071920740884e-06,5.2360119298100471e-06
2.1065764623344876,0,0.0011537488317117095,38,42,124,0.09941236674785614,4.8899431230486223e-05,0.000984334893903534,0.048181008123905786,0,80.955207374871435,-18.963853649219168,62.040567968101314,7.1054273576010019e-15,5.2360119298100471e-06,4.5280653466761578e-06
2.1065764623344876,0,0.0011537488317117095,38,42,125,0.090962022542953491,4.5000720091927584e-05,0.0008978256015928659,0.037196435704824733,0,80.917410371715135,-18.385771959735745,62.569777674005891,0,4.5280653466761578e-06,3.909971837856574e-06
2.1065764623344876,0,0.0011537488317117095,38,42,126,0.083955615758895874,5.145547851689908e-05,0.00076221655252614194,0.027574441052014165,0,80.678591172889469,-17.897452502248345,62.809526783724181,0,3.909971837856574e-06,3.3550606985954801e-06
2.1065764623344876,0,0.0011537488317117095,38,42,127,0.07841084897518158,5.7129923200116399e-05,0.00058218381547655868,0.018062227546249091,0,80.237955479506994,-17.495627673203725,62.761029347588199,7.1054273576010019e-15,3.3550606985954801e-06,2.8647916678892216e-06
2.1065764623344876,0,0.0011537488317117095,38,42,128,0.074805937707424164,6.8926391818158929e-05,0.00032499419463918628,0.0079623620180640439,0,79.279378792078447,-17.182996797276296,62.104738277406668,-7.1054273576010019e-15,2.8647916678892216e-06,2.3455561404261971e-06
2.1065764623344876,0,0.0011537488317117095,38,42,129,0.073276244103908539,9.5084178457522956e-05,-4.6761750082961763e-06,-0.002492677809385824,0,77.750424468603242,-16.960967656234061,60.787054542563247,7.1054273576010019e-15,2.3455561404261971e-06,1.2145986829636968e-06
2.1065764623344876,0,0.0011537488317117095,38,42,130,0.074155755341053009,0.00019929106051861048,-0.00034136078022453827,-0.020387004777800637,0,75.517947350858833,-16.82879115519129,58.668627121170033,-7.1054273576010019e-15,1.2145986829636968e-06,7.8097269806676195e-07
2.1065764623344876,0,0.0011537488317117095,38,42,131,0.079878620803356171,-7.9294617283043748e-05,-0.00095393970785097651,-0.068096599740864031,0,70.377942384472746,-16.823857461288775,53.484955089117975,7.1054273576010019e-15,7.8097269806676195e-07,3.5346809568181925e-07
2.1065764623344876,0,0.0011537488317117095,38,42,132,0.097074165940284729,2.2115622704799605e-06,-0.00070610244626803133,-0.056369390150592891,0,57.871273734749579,-17.053842506634545,40.760357947080443,0,3.5346809568181925e-07,3.5346809568181925e-07
2.1077302111661993,0,0.0012380811385810375,38,42,0,0.0091868136078119278,0,4.8825688977451511,-0.085907748690272415,0,131.22395222733613,99.790207386227934,235.81082001038831,-7.5223061912765843e-07,8.9790693891700357e-05,8.9790693891700357e-05
2.1077302111661993,0,0.0012380811385810375,38,42,1,0.038633335381746292,0.19569205031369899,9.7576011966485119,-0.17453556339630633,0,17.073183391198675,34.571503472108603,61.423444546873185,0,8.9790693891700357e-05,0.0005585920880548656
2.1077302111661993,0,0.0012380811385810375,38,42,2,0.028430253267288208,-0.066031558332289617,9.7260300764379171,-4.3328033868432607,0,65.892106806220497,41.255439849945027,112.47474178742789,0,0.0005585920880548656,0.00042498824768699706
2.1077302111661993,0,0.0012380811385810375,38,42,3,0.27129241824150085,-0.33417169438824657,9.6019902518430591,-11.062315915056612,0,-81.678515427686378,55.09798217890377,-28.375030606384406,0,0.00042498824768699706,0.00025936454767361283
2.1077302111661993,0,0.0012380811385810375,38,42,4,0.23494853079319,-0.227145822543525,9.4832777246828321,6.6145506230538382,0,75.459252982312421,30.188472140573854,121.51840764807942,0,0.00025936454767361283,0.00034721769043244421
2.1077302111661993,0,0.0012380811385810375,38,42,5,0.042183879762887955,0.11871403162151967,8.9869175807209309,-6.2725534732557557,0,-36.175000441935502,50.908370408901298,17.566448106052487,-3.5527136788005009e-15,0.00034721769043244421,0.00047093434841372073
2.1077302111661993,0,0.0012380811385810375,38,42,6,0.58103853464126587,-0.51785814359255578,7.9906738444514902,-45.758731799309381,0,-365.98769877224674,80.802112564546093,-323.47150230615108,5.6843418860808015e-14,0.00047093434841372073,0.00018237355106975883
2.1077302111661993,0,0.0012380811385810375,38,42,7,1.1042011976242065,-0.66566544767690494,6.7117222734365924,-38.69291500282651,0,-250.53926286662312,22.888561167070801,-260.29755987661912,0,0.00018237355106975883,0.00035563012352213264
2.1077302111661993,0,0.0012380811385810375,38,42,8,1.1269657611846924,-0.64167944518476472,4.734777014389044,2.1136597939113697,0,-63.093207018763266,45.117373932725755,-11.76907572292186,1.7763568394002505e-15,0.00035563012352213264,0.0004272655351087451
2.1077302111661993,0,0.0012380811385810375,38,42,9,1.2529261112213135,-0.1602879388466574,3.1588116862039772,61.094993566547402,0,103.75622010118255,58.806479263445844,226.6562166785331,-2.8421709430404007e-14,0.0004272655351087451,0.00038447562837973237
2.1077302111661993,0,0.0012380811385810375,38,42,10,0.77286869287490845,0.32966978202988689,2.6548925645385686,40.851251279262243,0,257.81166025201981,64.894805433662853,366.54227931151337,0,0.00038447562837973237,0.00032173361978493631
2.1077302111661993,0,0.0012380811385810375,38,42,11,0.82599413394927979,0.30129695846821769,1.9928981904715697,-72.055367184464629,0,-265.27402897366778,67.032512536864004,-268.00268847232866,-5.6843418860808015e-14,0.00032173361978493631,0.00027392819174565375
2.1077302111661993,0,0.0012380811385810375,38,42,12,2.1369256973266602,-0.58769664719517645,1.4454080832448521,-105.13724335300793,0,-620.66591518825135,57.63218102881833,-667.3132660763913,0,0.00027392819174565375,0.0002477042144164443
2.1077302111661993,0,0.0012380811385810375,38,42,13,1.8652098178863525,-0.36439387699298809,2.0679736298024753,75.328304671465148,0,289.02121628925374,55.996963997112935,422.05006471064132,5.6843418860808015e-14,0.0002477042144164443,0.00035919790389016271
2.1077302111661993,0,0.0012380811385810375,38,42,14,0.83808088302612305,0.29822635297144268,2.5631868100869615,-27.874177388774235,0,220.3136967284361,72.786559443710388,268.08749194643065,0,0.00035919790389016271,0.00022509138216264546
2.1077302111661993,0,0.0012380811385810375,38,42,15,2.122642993927002,-0.036943363426320326,2.1981682055425105,-150.47751827074211,0,-637.10628304408181,106.71748135126199,-678.70509512144577,0,0.00022509138216264546,0.00033508162596262991
2.1077302111661993,0,0.0012380811385810375,38,42,16,2.5233023166656494,-0.67772614968111067,2.7257192171234776,70.795471120172976,0,-108.23513375977289,-21.472249271182534,-56.863918843340066,2.1316282072803006e-14,0.00033508162596262991,0.00028214851045049727
2.1077302111661993,0,0.0012380811385810375,38,42,17,1.7459745407104492,-0.057538122108848525,3.7243796824006989,98.932315414823236,0,304.72750332015801,11.444497225961435,418.77115752123456,5.6843418860808015e-14,0.00028214851045049727,0.00016009481623768806
2.1077302111661993,0,0.0012380811385810375,38,42,18,1.4787900447845459,0.27577790991962792,3.8348436244127431,-78.006967912473456,0,-67.670813338102477,37.582261498691686,-103.98489821755187,1.4210854715202004e-14,0.00016009481623768806,0.00019190448801964521
2.1077302111661993,0,0.0012380811385810375,38,42,19,2.1100106239318848,-0.16128125941463667,4.1619447268443661,-102.16962725843148,0,-423.96210262005695,70.665196807984472,-451.46586960307422,0,0.00019190448801964521,0.0001724866742733866
2.1077302111661993,0,0.0012380811385810375,38,42,20,1.8490574359893799,-0.44519567211620159,5.7940490281368113,92.530965010367623,0,-30.722592006270595,-6.9057902577856813,60.251436102331951,-1.4210854715202004e-14,0.0001724866742733866,0.00045954217785038054
2.1077302111661993,0,0.0012380811385810375,38,42,21,0.95268523693084717,0.12986660317840015,7.3754454615856497,107.66950445677853,0,255.01316967803399,6.8718014682789974,377.05978766785557,0,0.00045954217785038054,0.00070206617238000035
2.1077302111661993,0,0.0012380811385810375,38,42,22,0.52105635404586792,0.82785916286508099,7.8663865359741143,6.2496525634704012,0,122.67353302800291,60.966259822721803,198.58369111303432,0,0.00070206617238000035,0.00066678470466285944
2.1077302111661993,0,0.0012380811385810375,38,42,23,0.82529217004776001,0.27784391138873438,7.9189426345148242,-77.944189751684902,0,-231.03735238884005,65.267911834054914,-235.5168437605665,-2.8421709430404007e-14,0.00066678470466285944,0.00056671275524422526
2.1077302111661993,0,0.0012380811385810375,38,42,24,1.2289903163909912,-0.42822910989676011,8.0923641443244758,-40.9706453273877,0,-263.35765821573148,40.93203483279229,-255.73213367589918,-2.8421709430404007e-14,0.00056671275524422526,0.00053320714505389333
2.1077302111661993,0,0.0012380811385810375,38,42,25,1.0276838541030884,-0.18589650284211542,8.6256114224719127,81.502998955527744,0,41.682002768961006,19.09158972287447,150.71630636699302,2.8421709430404007e-14,0.00053320714505389333,0.0005277356831356883
2.1077302111661993,0,0.0012380811385810375,38,42,26,0.68660610914230347,0.16767898105845622,9.0769829081913773,43.343361320074514,0,59.269371913738702,24.379109200946758,136.23650432400981,2.8421709430404007e-14,0.0005277356831356883,0.00048158891149796546
2.1077302111661993,0,0.0012380811385810375,38,42,27,0.82489252090454102,-0.0074320387820031829,9.0762765636148295,-49.157803321023081,0,-99.238744090758132,45.101101679392528,-94.226601207555859,-1.4210854715202004e-14,0.00048158891149796546,0.0008351939613930881
2.1077302111661993,0,0.0012380811385810375,38,42,28,1.1022769212722778,-0.78404849781420582,8.8263930653361218,-54.681222329665836,0,-157.07105457847064,50.400704990561387,-153.30922735005316,0,0.0008351939613930881,0.00068014662247151136
2.1077302111661993,0,0.0012380811385810375,38,42,29,1.1570414304733276,-0.79985512037758966,8.7811546665192299,50.636845234938555,0,-50.789939216002651,10.284160392122791,18.112365957200332,-7.1054273576010019e-15,0.00068014662247151136,0.00074726826278492808
2.1077302111661993,0,0.0012380811385810375,38,42,30,0.95751392841339111,-0.72404080249469771,8.7737030697404315,-2.644481880456258,0,56.782268720105883,13.467263486461166,75.654712593356521,0,0.00074726826278492808,0.00049705069977790117
2.1077302111661993,0,0.0012380811385810375,38,42,31,1.4115502834320068,-1.1840336036474159,8.4830539360656605,-42.970688204534518,0,-145.21166303527323,23.854064245762778,-157.02926666162674,0,0.00049705069977790117,0.00072886806447058916
2.1077302111661993,0,0.0012380811385810375,38,42,32,1.3725380897521973,-1.4163615431109025,7.974079636401795,-5.8414500900608139,0,99.002603846380964,28.521408672241449,128.2402805218525,0,0.00072886806447058916,0.00084322446491569281
2.1077302111661993,0,0.0012380811385810375,38,42,33,1.6652177572250366,-1.5528515371269076,6.6895878866794618,-35.970441848997972,0,-170.18745362027923,9.3153354628982914,-191.70582365682637,-2.8421709430404007e-14,0.00084322446491569281,0.00090263260062783957
2.1077302111661993,0,0.0012380811385810375,38,42,34,1.7732295989990234,-0.38189395879807081,4.8858418532856867,12.372497093568843,0,8.3524802360800656,-1.4184783201486106,23.810446903987913,0,0.00090263260062783957,0.00048027234151959419
2.1077302111661993,0,0.0012380811385810375,38,42,35,1.7273517847061157,0.052880309949115356,3.6544974553917826,-68.965179619514217,0,-235.88710973803944,35.796357623989238,-265.34855396822354,0,0.00048027234151959419,0.0010762630263343453
2.1077302111661993,0,0.0012380811385810375,38,42,36,2.3775537014007568,-1.060069754347799,3.5361482556335493,-48.641712919448509,0,-329.81614053774712,29.794688424185871,-346.18708653172399,0,0.0010762630263343453,0.00075051852036267519
2.1077302111661993,0,0.0012380811385810375,38,42,37,1.8974083662033081,-0.76335350439810457,4.0427421214183008,157.45975923353714,0,315.93667872868508,16.211208311847745,492.88703489109014,-5.6843418860808015e-14,0.00075051852036267519,0.00061693921452388167
2.1077302111661993,0,0.0012380811385810375,38,42,38,1.0313938856124878,1.0925860523650319,3.6302188351783671,77.650230050937296,0,342.00627285135658,1.9009650743072237,426.28027286414454,0,0.00061693921452388167,0.00085153419058769941
2.1077302111661993,0,0.0012380811385810375,38,42,39,0.8534662127494812,1.9524554500802818,1.6610920734071799,-62.494455495966349,0,-259.2618646518921,39.009357373120316,-279.13341525125065,0,0.00085153419058769941,0.0004915358149446547
2.1077302111661993,0,0.0012380811385810375,38,42,40,2.0682089328765869,0.17169502294115413,0.21036593106031798,-77.02822557441273,0,-592.11205829486619,33.750867980136597,-635.00735493514082,0,0.0004915358149446547,0.00012181478086858988
2.1077302111661993,0,0.0012380811385810375,38,42,41,1.9155271053314209,0.047673369417837418,0.62536243412810266,97.289010399212572,0,329.06309146485256,28.750857072792233,455.77599474040335,0,0.00012181478086858988,0.00018194972653873265
2.1077302111661993,0,0.0012380811385810375,38,42,42,0.75263333320617676,0.6925177310166134,1.0032628944556463,18.829837529463934,0,517.57228391140382,35.705367805054912,573.80326987139483,-1.1368683772161603e-13,0.00018194972653873265,0.00038709153886884451
2.1077302111661993,0,0.0012380811385810375,38,42,43,1.4183958768844604,0.29129765052041195,0.40436525085575636,-115.2684060495893,0,-297.09759778904368,65.391446159655686,-346.27889477760112,0,0.00038709153886884451,0.000431198684964329
2.1077302111661993,0,0.0012380811385810375,38,42,44,2.5313451290130615,-1.0812752302860094,0.28345338934442721,-37.632041113918184,0,-434.78940964562793,7.5801740586491668,-465.63909854183851,0,0.000431198684964329,0.00040875730337575078
2.1077302111661993,0,0.0012380811385810375,38,42,45,1.9203699827194214,-0.6423627526977812,1.1513280255938956,136.33981868984742,0,349.27072668113209,27.351250715089257,513.47076135896486,0,0.00040875730337575078,0.00049034639960154891
2.1077302111661993,0,0.0012380811385810375,38,42,46,1.0025796890258789,0.57275236303854538,1.7457067376170612,44.520307406575775,0,465.61204230996492,40.170608919424438,552.62141773662074,0,0.00049034639960154891,0.00029774612630717456
2.1077302111661993,0,0.0012380811385810375,38,42,47,1.2941710948944092,0.480746750645696,1.2293804177061554,-98.650487689933541,0,-287.87305957403436,62.724914894505297,-322.08850520111076,0,0.00029774612630717456,0.00034338023397140205
2.1077302111661993,0,0.0012380811385810375,38,42,48,2.6839792728424072,-0.60147981633536551,0.63286889672963964,-134.07373891353072,0,-690.57902577856817,56.753286777778655,-767.86808883392587,1.1368683772161603e-13,0.00034338023397140205,0.00028008269146084785
2.1077302111661993,0,0.0012380811385810375,38,42,49,2.7482469081878662,-0.50598324255790017,1.0492261615287433,123.40857670815595,0,6.7124489282405815,24.330581297515121,154.99484985288248,-2.8421709430404007e-14,0.00028008269146084785,0.00031682482222095132
2.1077302111661993,0,0.0012380811385810375,38,42,50,1.6458500623703003,0.38677067007577598,1.8020881170500975,100.03179979832696,0,553.4370523992585,38.655363648980597,694.31307463369194,0,0.00031682482222095132,0.00043205393012613058
2.1077302111661993,0,0.0012380811385810375,38,42,51,1.4120712280273438,0.67014648563483936,1.8175825638954113,-82.143875394497954,0,-38.743753758802512,62.309250293087864,-56.090649810682351,7.1054273576010019e-15,0.00043205393012613058,0.00046898188884370029
2.1077302111661993,0,0.0012380811385810375,38,42,52,2.5942227840423584,-0.65348749172076148,1.4022037160946141,-151.2811172430446,0,-642.92828345856094,128.87104698094112,-664.58963749629061,0,0.00046898188884370029,0.00046619112254120409
2.1077302111661993,0,0.0012380811385810375,38,42,53,2.8753511905670166,-0.91522454648954643,1.8320552934658614,86.915593327563727,0,-90.44079888399061,-19.014272448160966,-21.62264725761154,-7.1054273576010019e-15,0.00046619112254120409,0.00028932900750078261
2.1077302111661993,0,0.0012380811385810375,38,42,54,2.0473048686981201,0.044350954712330075,2.8675158222313493,191.08247118298425,0,389.86489561483381,5.0727064769691426,588.93194005173086,0,0.00028932900750078261,0.00069699244340881705
2.1077302111661993,0,0.0012380811385810375,38,42,55,1.4587138891220093,0.96283002709158672,3.6242122734704423,33.661996442701273,0,206.58636604521132,53.182249312555221,298.01765410102985,0,0.00069699244340881705,0.00063921540277078748
2.1077302111661993,0,0.0012380811385810375,38,42,56,1.9688248634338379,-0.17232626198914605,3.89482085439109,-122.57599579352623,0,-361.48762637004705,64.390461865855457,-415.95066570531588,0,0.00063921540277078748,0.00048890465404838324
2.1077302111661993,0,0.0012380811385810375,38,42,57,2.677501916885376,-0.88638496381206422,4.0156644509712986,-121.19208397602038,0,-341.90777276165306,28.695974324863592,-431.27460292565064,0,0.00048890465404838324,0.00039865632425062358
2.1077302111661993,0,0.0012380811385810375,38,42,58,2.5183439254760742,-0.60620876130555645,4.5831859901555578,131.36907858139833,0,107.21181122471047,-30.226143851323116,212.33172318363566,-2.8421709430404007e-14,0.00039865632425062358,0.00070226413663476706
2.1077302111661993,0,0.0012380811385810375,38,42,59,1.7278008460998535,0.48655331303062821,5.3765610196335958,120.71807034785778,0,363.74494416379974,-16.240671681788385,474.08545716253337,5.6843418860808015e-14,0.00070226413663476706,0.00062882370548322797
2.1077302111661993,0,0.0012380811385810375,38,42,60,1.7602404356002808,0.4915259337156922,5.5972816641147238,-103.83122652335169,0,-62.932313910361941,60.421091193297322,-100.25364164258588,2.8421709430404007e-14,0.00062882370548322797,0.00085751718143001199
2.1077302111661993,0,0.0012380811385810375,38,42,61,2.6506912708282471,-1.1179185477134257,5.3419644277649834,-162.83749824636232,0,-423.67729004396409,90.183716538430147,-492.10702587184471,-5.6843418860808015e-14,0.00085751718143001199,0.00059849483659490943
2.1077302111661993,0,0.0012380811385810375,38,42,62,2.6350100040435791,-0.70587781743287004,5.6867279057635534,148.51098275548856,0,109.4173274072603,-77.307838732280743,185.60132151879881,2.8421709430404007e-14,0.00059849483659490943,0.00024317960196640342
2.1077302111661993,0,0.0012380811385810375,38,42,63,1.7671029567718506,0.095342225451799129,6.3054304658677225,157.21057230083659,0,495.82952046424668,-57.163174247835173,602.2776912085676,0,0.00024317960196640342,0.00052859773859381676
2.1077302111661993,0,0.0012380811385810375,38,42,64,1.6901956796646118,0.56175268236045461,6.2463077699031766,-76.552093664751112,0,108.72262736111095,112.45243965323672,151.4310338018602,0,0.00052859773859381676,0.00048115974641405046
2.1077302111661993,0,0.0012380811385810375,38,42,65,2.2724192142486572,-0.29154052699022365,5.906527067703391,-270.53776592763768,0,-325.1279021528465,150.65227649440962,-439.39840504536141,-1.1368683772161603e-13,0.00048115974641405046,0.00041863424121402204
2.1077302111661993,0,0.0012380811385810375,38,42,66,3.2602794170379639,-1.0778287915527507,5.8048702420941503,-219.03435098856272,0,-517.55644494292267,35.517803606870721,-696.3459508740732,0,0.00041863424121402204,0.00088603049516677856
2.1077302111661993,0,0.0012380811385810375,38,42,67,3.289715051651001,-2.2560262137335503,6.1894823863313677,176.26066296343521,0,-29.301225120441529,-131.67873282234305,19.21416119324843,-2.8421709430404007e-14,0.00088603049516677856,0.0010076332837343216
2.1077302111661993,0,0.0012380811385810375,38,42,68,2.6908159255981445,-0.74569752279164825,6.6730342990846481,321.34195540099722,0,239.29821695008837,-89.933759321548138,476.63374980583046,0,0.0010076332837343216,0.00043785286834463477
2.1077302111661993,0,0.0012380811385810375,38,42,69,2.2611083984375,-0.30392675680646497,6.5813576935705722,63.703849803611384,0,281.4271771153384,40.191502877846396,391.59996073356029,0,0.00043785286834463477,0.00081014295574277639
2.1077302111661993,0,0.0012380811385810375,38,42,70,2.7279870510101318,-0.64934730827427378,5.9492876187725177,-220.09503230642568,0,-116.7706527744711,46.751820680249693,-284.81392409014882,0,0.00081014295574277639,0.00062075263122096658
2.1077302111661993,0,0.0012380811385810375,38,42,71,3.6121013164520264,-1.7267939666588812,5.199042485610768,-226.55405773896769,0,-420.93257493439609,60.1590020005574,-583.85538215385452,0,0.00062075263122096658,0.00055462401360273361
2.1077302111661993,0,0.0012380811385810375,38,42,72,3.6550579071044922,-1.2079157983104147,4.9734500193511337,161.68765653449597,0,138.82177060801675,-161.26785165560324,143.00710970795021,2.8421709430404007e-14,0.00055462401360273361,0.00038201938150450587
2.1077302111661993,0,0.0012380811385810375,38,42,73,2.8927674293518066,-0.50431912031139337,4.4256433170513008,118.39094555016081,0,519.17153830038751,-118.98695293556129,522.49685511172697,0,0.00038201938150450587,0.00067172822309657931
2.1077302111661993,0,0.0012380811385810375,38,42,74,3.2872011661529541,0.47846476495237061,2.6278987678085906,-272.65017400975415,0,-64.622221118950606,59.895564810499934,-274.27046678544389,0,0.00067172822309657931,0.00048284957301802933
2.1077302111661993,0,0.0012380811385810375,38,42,75,4.7855057716369629,-0.61952192733527178,0.97770407171165197,-284.89037479515821,0,-635.49446339438816,88.347166478797064,-831.67948956637292,1.1368683772161603e-13,0.00048284957301802933,0.00028171719168312848
2.1077302111661993,0,0.0012380811385810375,38,42,76,4.7646079063415527,-0.49403612738123315,0.88688105992306943,242.0710474322795,0,279.99213768528853,-228.81214581690179,293.64388423320804,0,0.00028171719168312848,0.00019777978013735265
2.1077302111661993,0,0.0012380811385810375,38,42,77,3.201087474822998,0.21641957770523768,1.5714100074508446,271.76550262735361,0,786.76787779561823,-144.00462772293389,916.31658228519393,-1.1368683772161603e-13,0.00019777978013735265,0.00019463367061689496
2.1077302111661993,0,0.0012380811385810375,38,42,78,2.8160779476165771,0.69828094611057268,1.3670435154145224,-122.85320181332719,0,5.6793052698646251,74.996023332690172,-40.112548749247303,-7.1054273576010019e-15,0.00019463367061689496,0.0004593075136654079
2.1077302111661993,0,0.0012380811385810375,38,42,79,4.2411017417907715,-0.39543298207923322,0.48748194176305565,-300.77652318243213,0,-713.16125455522672,82.694436013192615,-931.1512927647824,-1.1368683772161603e-13,0.0004593075136654079,0.00034859447623603046
2.1077302111661993,0,0.0012380811385810375,38,42,80,4.6898880004882812,-1.005058563036364,0.60065936777270901,116.26284292784716,0,-168.61058561531902,-190.0206344388491,-242.77277632158462,0,0.00034859447623603046,0.00038399893674068153
2.1077302111661993,0,0.0012380811385810375,38,42,81,3.6957848072052002,-0.34108638654349643,1.5483142699281882,291.51019705057888,0,424.66806807236009,-181.40423558509815,535.98125742122545,-1.1368683772161603e-13,0.00038399893674068153,0.00040849109063856304
2.1077302111661993,0,0.0012380811385810375,38,42,82,3.1855309009552002,0.33283930585660454,1.7211234639920354,-2.7073563267674881,0,149.71821063887324,11.356492258230249,160.42130934018465,0,0.00040849109063856304,0.00022104752133600414
2.1077302111661993,0,0.0012380811385810375,38,42,83,3.6739180088043213,0.16357236590454419,1.1591981446983348,-238.19324429179179,0,-266.61942658210091,-27.779528719978003,-531.26942908326782,0,0.00022104752133600414,0.00030760103254579008
2.1077302111661993,0,0.0012380811385810375,38,42,84,4.0839128494262695,-0.29001114805817302,0.83498720643728896,-152.88176777210722,0,-262.64918933983864,-21.90052727607128,-436.88650832963799,5.6843418860808015e-14,0.00030760103254579008,0.00053744023898616433
2.1077302111661993,0,0.0012380811385810375,38,42,85,3.7489309310913086,-0.06715426257137258,1.3082746499400659,118.53864754195473,0,138.276987120683,-129.66174369320424,128.39501135680217,0,0.00053744023898616433,0.00039934812230058014
2.1077302111661993,0,0.0012380811385810375,38,42,86,3.0361044406890869,0.17991457668784572,2.2950084983257226,239.38718477304639,0,398.77419502858288,-83.962131204821503,556.67417167182134,0,0.00039934812230058014,0.0004249828343745321
2.1077302111661993,0,0.0012380811385810375,38,42,87,2.7594296932220459,0.4193928445564265,2.7690059535294473,54.800712663313973,0,322.02076833590411,-8.1690563153711935,371.84082348193272,0,0.0004249828343745321,0.00048683470231480896
2.1077302111661993,0,0.0012380811385810375,38,42,88,3.1584951877593994,0.093450177319569019,2.5056812219535507,-205.29305890454907,0,-67.857799823150572,-6.9152262390084998,-277.46695356743504,0,0.00048683470231480896,0.00042100308928638697
2.1077302111661993,0,0.0012380811385810375,38,42,89,3.724541187286377,-0.43957255998005085,2.2202770164576782,-196.56670198389548,0,-205.05176738470843,0.3389250398400156,-399.49883987228628,0,0.00042100308928638697,0.00045380089432001114
2.1077302111661993,0,0.0012380811385810375,38,42,90,3.6651203632354736,-0.28971204234757647,2.6529439110502304,68.552018441686513,0,189.1038036918728,-126.62566859200101,133.39338541026095,0,0.00045380089432001114,0.00064940965967252851
2.1077302111661993,0,0.0012380811385810375,38,42,91,2.9677517414093018,0.16766920206005884,3.1984726708964595,18.083384014873104,0,263.74645915632067,-61.401277814198281,223.79470722995202,2.8421709430404007e-14,0.00064940965967252851,0.0007972583407536149
2.1077302111661993,0,0.0012380811385810375,38,42,92,3.3282070159912109,-0.32854801807911133,3.447043526697982,-34.620229964430777,0,-98.304244950369707,-41.513310533222452,-171.31928993940406,2.8421709430404007e-14,0.0007972583407536149,0.0007592405891045928
2.1077302111661993,0,0.0012380811385810375,38,42,93,3.0138933658599854,-0.28865421800170682,4.0930877902058818,203.38891640799335,0,119.32029341508576,-47.621664092157282,278.89197930312599,0,0.0007592405891045928,0.00075221556471660733
2.1077302111661993,0,0.0012380811385810375,38,42,94,2.4796378612518311,0.013223838640508597,4.8389887913872602,170.12053518201537,0,255.18186191377256,-97.304416082841655,332.85019364297403,0,0.00075221556471660733,0.00049759529065340757
2.1077302111661993,0,0.0012380811385810375,38,42,95,2.6625247001647949,-1.2942568318527554,4.9396267205865589,-70.380287946368966,0,-99.121709037938373,15.268187902701975,-150.58843919287156,-2.8421709430404007e-14,0.00049759529065340757,0.0013017241144552827
2.1077302111661993,0,0.0012380811385810375,38,42,96,3.1517970561981201,-3.0876510432122655,4.7092918162195216,-62.649908472336151,0,-430.99980404391675,29.363810710184715,-462.66426103306094,-5.6843418860808015e-14,0.0013017241144552827,0.0012350933393463492
2.1077302111661993,0,0.0012380811385810375,38,42,97,2.4443809986114502,-0.97277263565445382,4.848650065688541,194.75249016552459,0,-69.490417145743564,-110.32144846524263,18.816501984572501,3.1974423109204508e-14,0.0012350933393463492,0.00099526531994342804
2.1077302111661993,0,0.0012380811385810375,38,42,98,1.7055648565292358,0.1171174220754871,3.4291746638187215,80.954364047286717,0,155.99872271236316,-75.399459672727019,165.0999191728171,2.8421709430404007e-14,0.00099526531994342804,0.00068045040825381875
2.1077302111661993,0,0.0012380811385810375,38,42,99,1.7264407873153687,0.58073296601910895,0.91891404975027824,1.0552893285927758,0,123.72593379091524,-76.521186011970244,49.759684123307153,0,0.00068045040825381875,0.00045002673869021237
2.1077302111661993,0,0.0012380811385810375,38,42,100,1.5113489627838135,0.17968431477335856,0.016256723884150462,22.585887626520492,0,123.47356943596618,-71.784997436774077,74.470400664370104,0,0.00045002673869021237,0.00032449717400595546
2.1077302111661993,0,0.0012380811385810375,38,42,101,1.2690126895904541,0.098132804436109514,-0.00021042786869591933,14.104288504524103,0,105.06666606488216,-63.376382740970506,55.89249420500316,-7.1054273576010019e-15,0.00032449717400595546,0.00023279451124835759
2.1077302111661993,0,0.0012380811385810375,38,42,102,1.0866738557815552,0.043251135841829776,-0.0015595045206005884,8.6192874194313962,0,91.899717123665596,-56.737977379672245,43.822718794745967,-1.4210854715202004e-14,0.00023279451124835759,0.00017528953321743757
2.1077302111661993,0,0.0012380811385810375,38,42,103,0.94269388914108276,0.022278324695492333,-0.0018657938869459398,5.6589890245787604,0,81.663169922508956,-51.296593636354402,36.045977841541863,7.1054273576010019e-15,0.00017528953321743757,0.000136382324853912
2.1077302111661993,0,0.0012380811385810375,38,42,104,0.82683628797531128,0.012593555491079203,-0.0020984335187605382,3.864034310744223,0,73.476252642680294,-46.682302532873422,30.668479542523411,-3.5527136788005009e-15,0.000136382324853912,0.000108431137050502
2.1077302111661993,0,0.0012380811385810375,38,42,105,0.73134613037109375,0.0075196488594984536,-0.0021276595893163879,2.7265652885425116,0,66.898459017910241,-42.697574319447533,26.932841976275398,-7.1054273576010019e-15,0.000108431137050502,8.771415741648525e-05
2.1077302111661993,0,0.0012380811385810375,38,42,106,0.65204614400863647,0.0046926186210136007,-0.0022854805539680354,1.9675946560030451,0,61.547342952106604,-39.218393242862554,24.298951503314139,-3.5527136788005009e-15,8.771415741648525e-05,7.1966824179980904e-05
2.1077302111661993,0,0.0012380811385810375,38,42,107,0.58543854951858521,0.0029849861859306353,-0.0023591302884987883,1.4565592443692714,0,57.424445013632301,-36.15728390576205,22.724346208136954,-3.5527136788005009e-15,7.1966824179980904e-05,5.9735823015216738e-05
2.1077302111661993,0,0.0012380811385810375,38,42,108,0.52882736921310425,0.0019202121544887108,-0.0023053542452160011,1.1005435242532324,0,54.290928963475068,-33.448338867870312,21.94274847776726,0,5.9735823015216738e-05,5.015321949031204e-05
2.1077302111661993,0,0.0012380811385810375,38,42,109,0.48040217161178589,0.0012946231005941118,-0.0023778352307646162,0.84216132413656142,0,51.909186203036832,-31.040286088359267,21.709978226683951,-7.1054273576010019e-15,5.015321949031204e-05,4.2516083340160549e-05
2.1077302111661993,0,0.0012380811385810375,38,42,110,0.43873116374015808,0.00089269025217686144,-0.0024573299957564789,0.65669133607070063,0,50.319030795946531,-28.891722792475736,22.082434699797915,-3.5527136788005009e-15,4.2516083340160549e-05,3.6324687243904918e-05
2.1077302111661993,0,0.0012380811385810375,38,42,111,0.40246477723121643,0.0006162146365795095,-0.0024456395675341389,0.52193974707748991,0,49.391728998378568,-26.96832319138365,22.943516129141454,0,3.6324687243904918e-05,3.1266899895854294e-05
2.1077302111661993,0,0.0012380811385810375,38,42,112,0.37074145674705505,0.0004308698537785862,-0.0024047230687559498,0.42033444926749658,0,49.022498090274446,-25.24187562693723,24.198983059389739,0,3.1266899895854294e-05,2.7082638553110883e-05
2.1077302111661993,0,0.0012380811385810375,38,42,113,0.34280034899711609,0.000307217901048948,-0.0023532852580376786,0.34284867488929988,0,49.126534597532157,-23.68869386055675,25.778643344507721,3.5527136788005009e-15,2.7082638553110883e-05,2.3613596567884088e-05
2.1077302111661993,0,0.0012380811385810375,38,42,114,0.31805294752120972,0.00020976326208486742,-0.0023521161417554204,0.28312757944589939,0,49.687253338869752,-22.288919003189083,27.679319562246899,0,2.3613596567884088e-05,2.0693194528575987e-05
2.1077302111661993,0,0.0012380811385810375,38,42,115,0.29598325490951538,0.00015928226817944012,-0.0023497779091909044,0.23775302688209049,0,50.702632318310911,-21.025508517319548,29.912686332232443,0,2.0693194528575987e-05,1.818448981794063e-05
2.1077302111661993,0,0.0012380811385810375,38,42,116,0.27613809704780579,0.00012490169138825669,-0.0022913259517292656,0.20277731076791841,0,52.181072447709624,-19.884212145591231,32.497471188625973,7.1054273576010019e-15,1.818448981794063e-05,1.6031150153139606e-05
2.1077302111661993,0,0.0012380811385810375,38,42,117,0.25818070769309998,0.00010476134025310305,-0.0021989714585827448,0.17487858057086031,0,54.02486799292452,-18.852729412481537,35.344922950895509,-7.1054273576010019e-15,1.6031150153139606e-05,1.4171211660141125e-05
2.1077302111661993,0,0.0012380811385810375,38,42,118,0.2418510764837265,7.526860981006552e-05,-0.0020972645861283405,0.15205891169526836,0,56.175007964241964,-17.921118837773562,38.403926042187351,0,1.4171211660141125e-05,1.253910522791557e-05
2.1077302111661993,0,0.0012380811385810375,38,42,119,0.22697460651397705,5.8023685521609893e-05,-0.0019476270681523787,0.13283791422990951,0,58.560373467471102,-17.080907295471309,41.610414482847069,-7.1054273576010019e-15,1.253910522791557e-05,1.1096686648670584e-05
2.1077302111661993,0,0.0012380811385810375,38,42,120,0.21341082453727722,4.8483432202298137e-05,-0.0017816228404751052,0.11599998345092578,0,61.06377298581782,-16.325065942419002,44.852973887441472,0,1.1096686648670584e-05,9.8037717179977335e-06
2.1077302111661993,0,0.0012380811385810375,38,42,121,0.20108774304389954,3.8942995232926338e-05,-0.0016156184291477717,0.10049801429915235,0,63.622356144351556,-15.647504719307015,48.07377276390978,0,9.8037717179977335e-06,8.6499412645935081e-06
2.1077302111661993,0,0.0012380811385810375,38,42,122,0.18994198739528656,3.3733761279698538e-05,-0.0014659809111718099,0.08651254212961762,0,66.110337943378852,-15.043842634853329,51.151575603505243,0,8.6499412645935081e-06,7.6021547101845499e-06
2.1077302111661993,0,0.0012380811385810375,38,42,123,0.17992527782917023,3.3545887268270647e-05,-0.0013093290628024203,0.074404637652378425,0,68.480466262643588,-14.510228268150668,54.043366848969761,-7.1054273576010019e-15,7.6021547101845499e-06,6.6317102209723089e-06
2.1077302111661993,0,0.0012380811385810375,38,42,124,0.17099159955978394,3.2746183081796808e-05,-0.0010918869325818455,0.063668801873355205,0,70.645987846209451,-14.04359251816355,56.665004989169759,0,6.6317102209723089e-06,5.7338047554367222e-06
2.1077302111661993,0,0.0012380811385810375,38,42,125,0.16315183043479919,2.5967934840559073e-05,-0.00083235918730082347,0.053269965423718361,0,72.527515280625281,-13.640974605069507,58.939004249727034,7.1054273576010019e-15,5.7338047554367222e-06,4.9168479563377332e-06
2.1077302111661993,0,0.0012380811385810375,38,42,126,0.15642203390598297,3.0880114821661161e-05,-0.00058452187024214122,0.043220163993803122,0,73.989550764097089,-13.300208104608203,60.732009181727264,0,4.9168479563377332e-06,4.1550110836396925e-06
2.1077302111661993,0,0.0012380811385810375,38,42,127,0.15082131326198578,4.0547201463692744e-05,-0.00025718962749779359,0.03327868377690494,0,74.972337094110443,-13.019595984442367,61.985803151018956,7.1054273576010019e-15,4.1550110836396925e-06,3.4520865028753178e-06
2.1077302111661993,0,0.0012380811385810375,38,42,128,0.14645920693874359,4.1285853483329768e-05,0.00017535657255077111,0.022891883017603327,0,75.082608088961805,-12.801942560420105,62.303774053985336,0,3.4520865028753178e-06,2.7939729534409707e-06
2.1077302111661993,0,0.0012380811385810375,38,42,129,0.14340923726558685,3.336265042085894e-05,0.00064063600835189934,0.011710726696176675,0,74.178860137379885,-12.649005043330366,61.542239819404465,-7.1054273576010019e-15,2.7939729534409707e-06,2.1720773020206252e-06
2.1077302111661993,0,0.0012380811385810375,38,42,130,0.14184461534023285,5.0618731450462416e-05,0.0017547348188337115,0.00092674815581254258,0,71.975414093567707,-12.560530683676106,59.417615511597702,0,2.1720773020206252e-06,1.4577410638594301e-06
2.1077302111661993,0,0.0012380811385810375,38,42,131,0.14158682525157928,-1.3700294479492124e-07,0.0046820205433484195,-0.015634361745460946,0,66.643916203010505,-12.56677720696009,54.066186517845352,-7.1054273576010019e-15,1.4577410638594301e-06,7.341503192037635e-07
2.1077302111661993,0,0.0012380811385810375,38,42,132,0.14410138130187988,-3.8673029644657525e-06,0.0033738605968282572,-0.013780865433835861,0,53.229007969507578,-12.755460724345456,40.463136373022152,0,7.341503192037635e-07,7.341503192037635e-07
2.1089682923047803,1,0.001181404571980238,38,42,0,0.0091868136078119278,3.9415903607619408e-07,4.8469827322867882,-0.83949173980616043,0,31.004224990707701,117.30233456455477,152.3140548834925,3.941590364320291e-06,0.00033603617339394987,0.00033603617339394987
2.1089682923047803,1,0.001181404571980238,38,42,1,0.11468054354190826,0.074402247967814555,9.6524463283494555,-0.99074553999196702,0,13.06290975295294,40.051830336607878,61.850843125886122,0,0.00033603617339394987,0.00055769900791347027
2.1089682923047803,1,0.001181404571980238,38,42,2,0.16768310964107513,-0.18411641565962317,9.7016255512806815,-0.91516790977857332,0,135.96332429001117,43.700923159878393,188.26658867573207,2.8421709430404007e-14,0.00055769900791347027,0.00045147299533709884
2.1089682923047803,1,0.001181404571980238,38,42,3,0.23616182804107666,-0.37749320371282047,9.6738948864565781,-11.2651283165034,0,6.4391964358563323,44.831825346554481,49.302295148651169,0,0.00045147299533709884,0.00033653186983428895
2.1089682923047803,1,0.001181404571980238,38,42,4,0.38539817929267883,-0.42178721955091886,9.490144250382432,3.0318586924089304,0,29.679532148990539,48.764397348570995,90.54414522080198,0,0.00033653186983428895,0.00038290172233246267
2.1089682923047803,1,0.001181404571980238,38,42,5,0.063932567834854126,-0.024180868545202357,9.0247173189933019,7.5988690788936903,0,214.35942495349909,59.626764502194874,290.58559498503575,0,0.00038290172233246267,0.00011220769374631345
2.1089682923047803,1,0.001181404571980238,38,42,6,0.18055456876754761,0.017518792517442521,8.1642011362028377,-13.958905767216768,0,-63.872841141689534,74.14953211351623,4.4995051333302065,3.5527136788005009e-15,0.00011220769374631345,0.00031485621002502739
2.1089682923047803,1,0.001181404571980238,38,42,7,0.78193169832229614,-0.32864113278153695,6.9233695710012464,-57.106417027355029,0,-203.71798866950434,83.731033756962333,-170.49864350167735,-5.6843418860808015e-14,0.00031485621002502739,0.00045240449253469706
2.1089682923047803,1,0.001181404571980238,38,42,8,1.1123946905136108,-0.72086721294481337,4.7482770323135517,-69.321537992792415,0,-82.971271718655586,75.476574143088399,-72.78882574899086,-1.4210854715202004e-14,0.00045240449253469706,0.00068614003248512745
2.1089682923047803,1,0.001181404571980238,38,42,9,1.5335448980331421,-0.44445215244337216,2.7396307596981844,-9.0724436717175525,0,-101.55332873218352,59.363756367146529,-48.966837429499726,0,0.00068614003248512745,0.00037881018943153322
2.1089682923047803,1,0.001181404571980238,38,42,10,1.2266777753829956,-0.078214357085225464,2.3146664212369736,86.387753951739953,0,321.89219040877049,71.576556524179495,482.09295294884168,0,0.00037881018943153322,0.00035278548602946103
2.1089682923047803,1,0.001181404571980238,38,42,11,0.49418506026268005,0.43024311335186144,2.3448130838727073,-1.0962035784122248,0,372.44229846747027,92.747424860477551,466.86857594676013,-5.6843418860808015e-14,0.00035278548602946103,0.00020384015806484967
2.1089682923047803,1,0.001181404571980238,38,42,12,1.3107377290725708,0.0053672635942495347,1.7720692600491832,-128.07330727416559,0,-521.3398411617917,103.90228955159286,-543.73342236072097,0,0.00020384015806484967,0.00025705690495669842
2.1089682923047803,1,0.001181404571980238,38,42,13,2.3877420425415039,-0.8106893565629647,1.6800843658000817,-22.342321604605669,0,-307.48905164153445,23.767600679057189,-305.19437755784577,5.6843418860808015e-14,0.00025705690495669842,0.00045024038990959525
2.1089682923047803,1,0.001181404571980238,38,42,14,1.1699949502944946,0.054892558159151172,2.5278644818168523,46.034546462875937,0,643.34938059878277,12.605420396232313,704.57210449786703,1.1368683772161603e-13,0.00045024038990959525,0.00029601340065710247
2.1089682923047803,1,0.001181404571980238,38,42,15,1.282351016998291,0.29623515055101463,2.5691559911976403,-104.63627043566792,0,-269.07397143214138,127.54592879044023,-243.29892193562043,0,0.00029601340065710247,0.0003205261891707778
2.1089682923047803,1,0.001181404571980238,38,42,16,2.4529001712799072,-0.57045356274440329,2.3552561304540278,-83.4774602126015,0,-535.56003968393179,70.607467658265691,-546.64522967055791,0,0.0003205261891707778,0.00016421367763541639
2.1089682923047803,1,0.001181404571980238,38,42,17,2.2644472122192383,-0.31823178679780073,3.3185325301423267,140.39599266391201,0,179.41039641756734,34.171381137204001,356.97807096202791,5.6843418860808015e-14,0.00016421367763541639,0.00025697756791487336
2.1089682923047803,1,0.001181404571980238,38,42,18,1.350048303604126,0.29160555559278167,4.1361941658944437,29.560338456481098,0,363.25353688757048,60.188652397846788,457.43032746338559,0,0.00025697756791487336,0.00016646925359964371
2.1089682923047803,1,0.001181404571980238,38,42,19,1.5510592460632324,0.25230987049116549,4.3448079598052383,-129.93106394954449,0,-262.83185451432314,103.76405009446022,-284.40175053911105,-5.6843418860808015e-14,0.00016646925359964371,0.00025854838895611465
2.1089682923047803,1,0.001181404571980238,38,42,20,1.9236536026000977,-0.29483332393920963,5.4442026497735361,-69.842206313087615,0,-383.83809838761363,34.738162911447837,-413.79277246341911,-5.6843418860808015e-14,0.00025854838895611465,0.00028019357705488801
2.1089682923047803,1,0.001181404571980238,38,42,21,1.41951584815979,-0.33827753289552775,6.9804311863359256,102.21879531597168,0,62.490591620888381,0.92257179311222848,172.27411238341267,-2.8421709430404007e-14,0.00028019357705488801,0.00057091796770691872
2.1089682923047803,1,0.001181404571980238,38,42,22,0.76691907644271851,0.42516358585394753,7.7971578768544694,68.660006692820431,0,305.22752475614368,11.495569455354985,393.60542236702747,-5.6843418860808015e-14,0.00057091796770691872,0.0005455985083244741
2.1089682923047803,1,0.001181404571980238,38,42,23,0.53370320796966553,0.69649162983578938,8.1243461394290293,-16.393030164596873,0,17.468573502974127,84.116489761521962,94.012870869164033,0,0.0005455985083244741,0.00061459292192012072
2.1089682923047803,1,0.001181404571980238,38,42,24,0.91237318515777588,-0.0032415639126906204,8.1471096120805022,-86.515398413982865,0,-316.52670841336402,97.52624685313279,-297.37199192604629,-5.6843418860808015e-14,0.00061459292192012072,0.00059551565209403634
2.1089682923047803,1,0.001181404571980238,38,42,25,1.2142828702926636,-0.57409342436304889,8.407124503408884,1.417913030385326,0,-184.87317578271117,17.079737190521104,-158.54249448275888,0,0.00059551565209403634,0.00045943073928356171
2.1089682923047803,1,0.001181404571980238,38,42,26,0.85527795553207397,-0.1410774021923914,8.9210992149534487,87.130009022300342,0,105.28513819412885,19.16563942252548,220.36080845171571,-2.8421709430404007e-14,0.00045943073928356171,0.00042543068411760032
2.1089682923047803,1,0.001181404571980238,38,42,27,0.7082323431968689,0.092290761661096538,9.1688447238068509,13.107522249292188,0,26.136691988757008,39.856049966752686,88.361399690269835,1.4210854715202004e-14,0.00042543068411760032,0.00046636219485662878
2.1089682923047803,1,0.001181404571980238,38,42,28,0.91246765851974487,-0.25223340363816671,8.9378588571674076,-69.092585198461052,0,-123.94186469545105,55.805149845469948,-128.54367459491291,0,0.00046636219485662878,0.00071573624154552817
2.1089682923047803,1,0.001181404571980238,38,42,29,1.1794660091400146,-0.94948418377743893,8.6596133221024285,-20.161770751586392,0,-216.5301123707996,49.512126499824404,-179.46962748423658,2.8421709430404007e-14,0.00071573624154552817,0.00042302327346988022
2.1089682923047803,1,0.001181404571980238,38,42,30,1.0511806011199951,-0.94439716725783951,8.7383781222815351,37.16310497992351,0,118.60390446057956,16.619611698167201,180.18060209369398,2.8421709430404007e-14,0.00042302327346988022,0.00069652992533519864
2.1089682923047803,1,0.001181404571980238,38,42,31,1.2171353101730347,-1.233818687631723,8.5964319935736313,-37.828167944858727,0,-75.098433730238341,37.934723322035424,-67.629265047119745,0,0.00069652992533519864,0.00059883459471166134
2.1089682923047803,1,0.001181404571980238,38,42,32,1.531309962272644,-1.4634273625991163,8.135852430010166,-9.9204468817487417,0,-13.465733981278234,36.564840935150194,19.85108513953427,0,0.00059883459471166134,0.00061617710161954165
2.1089682923047803,1,0.001181404571980238,38,42,33,1.4278703927993774,-2.5437526384020477,6.9716532646025087,-8.7823426211654727,0,-65.913582207976432,46.041710697515654,-24.226313505425797,-3.5527136788005009e-15,0.00061617710161954165,0.0011079347459599376
2.1089682923047803,1,0.001181404571980238,38,42,34,1.8027088642120361,-1.0829819077060852,4.9146365833979422,-2.5211042601891096,0,11.965886323745677,32.480722666943102,45.757159406191526,0,0.0011079347459599376,0.0010206628357991576
2.1089682923047803,1,0.001181404571980238,38,42,35,1.3988287448883057,0.21300551389075567,3.852748096507475,-18.272733615104489,0,89.045483193649943,37.583070396409681,112.42157358535337,0,0.0010206628357991576,0.00087333802366629243
2.1089682923047803,1,0.001181404571980238,38,42,36,1.9489459991455078,-0.46618214010225273,3.7238908069105539,-113.33637571554647,0,-521.0753699084014,50.016851875428401,-581.1371850817111,1.1368683772161603e-13,0.00087333802366629243,0.0011519546387717128
2.1089682923047803,1,0.001181404571980238,38,42,37,2.5076425075531006,-2.0054709274207374,3.7220619089831604,43.040300002325537,0,-132.54217521393966,2.6211008310054957,-85.164183399046209,0,0.0011519546387717128,0.00058341072872281075
2.1089682923047803,1,0.001181404571980238,38,42,38,1.5591634511947632,-0.17787845475468134,3.4751417691513007,161.58517520566232,0,405.10639022454058,2.5298829702405987,572.51871171484015,1.1368683772161603e-13,0.00058341072872281075,0.00089233519975095987
2.1089682923047803,1,0.001181404571980238,38,42,39,0.50787639617919922,3.1583573343339717,2.1125012662359035,7.5519610003283342,0,390.61647340392199,39.746013376969366,443.18530638178953,0,0.00089233519975095987,0.00055157061433419585
2.1089682923047803,1,0.001181404571980238,38,42,40,1.2820183038711548,1.1287766348041641,0.52051090303017644,-112.68170593607449,0,-625.01892948770751,58.479629269777028,-677.57171861617064,0,0.00055157061433419585,0.00037711780169047415
2.1089682923047803,1,0.001181404571980238,38,42,41,2.4798147678375244,-0.3957818996849487,0.15441782562561907,0.31583175242713279,0,-469.02427901414518,-2.287308039622443,-471.2371193753998,0,0.00037711780169047415,0.00026629268541000783
2.1089682923047803,1,0.001181404571980238,38,42,42,1.4630483388900757,0.2248386608525581,0.88743399314242111,96.846426573886887,0,639.28433332137718,-10.045064202594592,727.19796834666442,0,0.00026629268541000783,0.00016796604904811829
2.1089682923047803,1,0.001181404571980238,38,42,43,0.98967450857162476,0.6599996964975422,1.0417582922192612,-33.391286799180307,0,245.46902915081984,68.474846544033284,282.25434688438963,0,0.00016796604904811829,0.00046158555778674781
2.1089682923047803,1,0.001181404571980238,38,42,44,1.9548461437225342,-0.32108815879248592,0.38576807997644508,-123.40636338231022,0,-607.82496816180389,103.80743912115148,-627.35921250177864,1.1368683772161603e-13,0.00046158555778674781,0.00043722259579226375
2.1089682923047803,1,0.001181404571980238,38,42,45,2.5560884475708008,-0.9623522445583389,0.49556704113088956,41.994725363779231,0,-234.93846192049261,-38.440457744771777,-231.8509795049126,0,0.00043722259579226375,0.00029605740564875305
2.1089682923047803,1,0.001181404571980238,38,42,46,1.6867698431015015,-0.22383424508887695,1.4091619114663623,139.4259956555791,0,559.36618596344488,-0.61329884704540361,699.36421043835605,0,0.00029605740564875305,0.00046973841381259263
2.1089682923047803,1,0.001181404571980238,38,42,47,0.89539939165115356,0.69697151846221217,1.6785272405280627,-0.984325477612358,0,412.15927651320612,74.88602930887761,488.43647910346164,0,0.00046973841381259263,0.00027422336279414594
2.1089682923047803,1,0.001181404571980238,38,42,48,1.733296275138855,0.26970607954838832,0.99866616582191814,-150.06760852282201,0,-546.12077742351642,114.54354925233943,-580.37646444862867,1.1368683772161603e-13,0.00027422336279414594,0.00034224847331643105
2.1089682923047803,1,0.001181404571980238,38,42,49,2.9401431083679199,-0.80679757805038688,0.60599719871173063,-86.340934164798682,0,-627.92559065716955,24.41550984274237,-690.05181535856445,1.1368683772161603e-13,0.00034224847331643105,0.00025699997786432505
2.1089682923047803,1,0.001181404571980238,38,42,50,2.5054659843444824,-0.35863229967753851,1.3898784689444066,158.63451958122968,0,364.66539563516164,26.903012833424057,551.23417421908232,0,0.00025699997786432505,0.00038507927092723548
2.1089682923047803,1,0.001181404571980238,38,42,51,1.3426264524459839,0.64899960465848683,2.1530233771782705,55.701722514403556,0,516.11196796906006,65.174556088239598,639.79026955354004,1.1368683772161603e-13,0.00038507927092723548,0.00033257724135182798
2.1089682923047803,1,0.001181404571980238,38,42,52,1.771406888961792,0.30279711018361111,1.8053041587325738,-119.56189380803745,0,-397.28324780739183,110.92727568704876,-403.80976465946435,0,0.00033257724135182798,0.00045498018153011799
2.1089682923047803,1,0.001181404571980238,38,42,53,2.8485805988311768,-0.92504297318890816,1.4822387996753705,-116.24666945468492,0,-610.22629852738237,97.595240450807566,-628.32053170477332,0,0.00045498018153011799,0.00037478512967936695
2.1089682923047803,1,0.001181404571980238,38,42,54,2.7764503955841064,-0.56472308159840945,2.1132068109104796,128.43272986271046,0,98.474322312515298,-9.7917933723734727,218.66374253216435,-2.8421709430404007e-14,0.00037478512967936695,0.00028439384186640382
2.1089682923047803,1,0.001181404571980238,38,42,55,1.8276839256286621,0.52118525987102327,3.2722265295045774,159.1779923667161,0,460.34122663080348,8.8200809839155525,632.13271177081072,0,0.00028439384186640382,0.00075706694042310119
2.1089682923047803,1,0.001181404571980238,38,42,56,1.4538441896438599,0.81479018717430152,4.1330724263287202,-14.296583390059387,0,72.474608471975486,92.745154504429763,155.87104219984889,0,0.00075706694042310119,0.00067655707243829966
2.1089682923047803,1,0.001181404571980238,38,42,57,2.1435489654541016,-0.5651164523164135,4.2701357128977113,-173.95235957394561,0,-418.826706797312,86.321358650430994,-502.75268846024534,-5.6843418860808015e-14,0.00067655707243829966,0.00033008883474394679
2.1089682923047803,1,0.001181404571980238,38,42,58,2.7812278270721436,-0.81107405578217506,4.3003590394659614,-77.093622625043992,0,-205.07288670647409,32.234817880788178,-246.44240646704614,-2.8421709430404007e-14,0.00033008883474394679,0.00040238749352283776
2.1089682923047803,1,0.001181404571980238,38,42,59,2.3147571086883545,-0.39953615364634554,4.9864626079059633,162.98674167250351,0,367.66266923710913,0.656889683163142,535.89322704703534,-1.1368683772161603e-13,0.00040238749352283776,0.00070070527726784348
2.1089682923047803,1,0.001181404571980238,38,42,60,1.6361182928085327,0.31065802091959666,5.72778273323277,67.425942049950194,0,333.80671623347934,31.053223688800404,438.32432272638226,-5.6843418860808015e-14,0.00070070527726784348,0.00047015340533107519
2.1089682923047803,1,0.001181404571980238,38,42,61,2.0414228439331055,0.14726096915035472,5.6051149229793538,-161.35874502916187,0,-307.39611840064453,103.62167354408491,-359.38081399359174,0,0.00047015340533107519,0.00070931215304881334
2.1089682923047803,1,0.001181404571980238,38,42,62,2.8647994995117188,-1.126270029684117,5.4205728155607682,-96.752887904717568,0,-357.76654039125015,-9.1036232281073239,-459.32874873819839,0,0.00070931215304881334,0.00045337720075622201
2.1089682923047803,1,0.001181404571980238,38,42,63,2.5127716064453125,-0.49191954268091997,5.9791178484277197,206.60139130256553,0,424.77796587922887,-100.14429531656292,536.7222601709783,0,0.00045337720075622201,0.00025546783581376076
2.1089682923047803,1,0.001181404571980238,38,42,64,1.8776795864105225,0.017212530946411321,6.442606305677427,126.39213384694884,0,553.00323565152712,-36.657471461900393,649.1977168731994,0,0.00025546783581376076,0.0006333789206109941
2.1089682923047803,1,0.001181404571980238,38,42,65,1.7284083366394043,0.57663299103248777,6.3396787682687785,-93.715656036328852,0,62.316530990557133,86.893084755623363,62.410271469152917,7.1054273576010019e-15,0.0006333789206109941,0.00038319977466017008
2.1089682923047803,1,0.001181404571980238,38,42,66,2.3981466293334961,-0.33906269769539155,5.9729764564866166,-276.22503800678504,0,-469.63919233660238,180.49734198854023,-559.73297459605601,0,0.00038319977466017008,0.00030162674374878407
2.1089682923047803,1,0.001181404571980238,38,42,67,3.3135037422180176,-0.87145606683675947,5.8301154846559804,-174.62731120077791,0,-506.70936407563596,-42.727293581868999,-719.10530944046366,0,0.00030162674374878407,0.00081662036245688796
2.1089682923047803,1,0.001181404571980238,38,42,68,3.2809271812438965,-1.9738885404960964,6.1812114635637414,199.77700373702183,0,68.667473641599855,-171.60521503937451,101.04658526231481,0,0.00081662036245688796,0.00058931810781359673
2.1089682923047803,1,0.001181404571980238,38,42,69,2.7459409236907959,-1.0433283261997117,6.5347646299024023,281.81293921634091,0,414.4885104611779,-104.13003148936539,597.66285449185614,0,0.00058931810781359673,0.0006366222514770925
2.1089682923047803,1,0.001181404571980238,38,42,70,2.3753643035888672,-0.087600663290825914,6.3614521134216275,28.670661599883644,0,273.21908659949935,41.701496267116852,349.86509591663065,0,0.0006366222514770925,0.00060946517623960972
2.1089682923047803,1,0.001181404571980238,38,42,71,2.8892409801483154,-0.52292921652614244,5.6208371386103604,-256.84608602047973,0,-305.82987544180298,51.738891711505545,-505.83916182869297,-5.6843418860808015e-14,0.00060946517623960972,0.00060705450596287847
2.1089682923047803,1,0.001181404571980238,38,42,72,3.8321123123168945,-1.4381164400974835,4.9090367659724077,-111.04604053452695,0,-443.32122503051778,-66.933325239934462,-617.82967047910427,0,0.00060705450596287847,0.00032357385498471558
2.1089682923047803,1,0.001181404571980238,38,42,73,3.5396609306335449,-1.185899985297868,4.4764026839077085,240.46299497013655,0,489.67927200402676,-187.72353212218772,545.70923755058539,0,0.00032357385498471558,0.00068108411505818367
2.1089682923047803,1,0.001181404571980238,38,42,74,2.9476320743560791,0.68787925489752455,3.4056231516404702,25.324055880714862,0,522.86461228349333,0.82459331656055246,553.10676388730678,0,0.00068108411505818367,0.0004347138456068933
2.1089682923047803,1,0.001181404571980238,38,42,75,3.7558190822601318,0.14350847658715032,1.5940706853282576,-327.21340046124493,0,-513.41306960415,118.60017098618985,-720.28871991728965,0,0.0004347138456068933,0.00027997151482850313
2.1089682923047803,1,0.001181404571980238,38,42,76,5.1281628608703613,-0.67081606095590662,0.52228432307324224,-172.51033031709702,0,-510.35020793859951,-60.615479334832976,-743.62454932841217,1.1368683772161603e-13,0.00027997151482850313,0.00012907086056657135
2.1089682923047803,1,0.001181404571980238,38,42,77,4.3355617523193359,-0.3226348388500489,1.0099977454103137,324.43973170382731,0,802.14484319762312,-228.76430432703847,898.50763348097212,-2.2737367544323206e-13,0.00012907086056657135,0.00015042789163999259
2.1089682923047803,1,0.001181404571980238,38,42,78,2.7664153575897217,0.2880760585042374,1.7166987840587895,176.55903103095844,0,739.57524318627134,-110.85997224332068,807.27907681647207,0,0.00015042789163999259,0.0002487998572178185
2.1089682923047803,1,0.001181404571980238,38,42,79,3.0882608890533447,0.59045378347346344,1.083151790250634,-200.05408807956653,0,-383.76988680146644,81.244438908699763,-500.90593039860909,5.6843418860808015e-14,0.0002487998572178185,0.00047298960271291435
2.1089682923047803,1,0.001181404571980238,38,42,80,4.3893156051635742,-0.64809005804780129,0.27030281169406795,-230.56565526771874,0,-608.42858015637864,56.037634304764552,-783.33438836568655,0,0.00047298960271291435,0.00025699150864966214
2.1089682923047803,1,0.001181404571980238,38,42,81,4.3593730926513672,-0.94221175248231503,0.82072247774676621,172.82636387895062,0,177.75414645451977,-192.63638080019803,157.82264025853681,0,0.00025699150864966214,0.00047889514826238155
2.1089682923047803,1,0.001181404571980238,38,42,82,3.3841454982757568,-0.027309702973575184,1.760449057506621,239.75202036067915,0,402.06633302418129,-178.13294274800586,465.41854999138764,-5.6843418860808015e-14,0.00047889514826238155,0.00029539407114498317
2.1089682923047803,1,0.001181404571980238,38,42,83,3.0161633491516113,0.27462321352343888,1.8476047152457167,-23.806247184226386,0,-5.5899193038205439,30.277064634592893,3.0031260753151203,8.8817841970012523e-16,0.00029539407114498317,0.0001761415769578889
2.1089682923047803,1,0.001181404571980238,38,42,84,3.5430119037628174,0.20198768489507685,1.3035106365786679,-221.29856640416989,0,-424.46637212475764,-32.148645255685054,-676.40808546313883,0,0.0001761415769578889,0.00037606575642712414
2.1089682923047803,1,0.001181404571980238,38,42,85,3.9078943729400635,-0.11311290252013463,1.0010743789925847,-143.88346136275757,0,-255.00053881540231,-49.769231709148471,-447.76527041083591,0,0.00037606575642712414,0.00040862400783225894
2.1089682923047803,1,0.001181404571980238,38,42,86,3.7253122329711914,-0.12095233158865405,1.5081903291503862,96.279241180790109,0,163.09511333451843,-152.42181638731958,108.33977612555069,0,0.00040862400783225894,0.00041522111860103905
2.1089682923047803,1,0.001181404571980238,38,42,87,3.2197988033294678,0.043386464657532951,2.4935598355095512,221.53549067084685,0,425.07624021155306,-100.6094660445786,548.53921113798833,0,0.00041522111860103905,0.00037441973108798265
2.1089682923047803,1,0.001181404571980238,38,42,88,2.8149685859680176,0.41537661698817563,2.9933864055336774,26.400910980364181,0,215.09474282502453,2.1642042894751259,247.06862111738567,0,0.00037441973108798265,0.0004195790970697999
2.1089682923047803,1,0.001181404571980238,38,42,89,3.2299292087554932,0.17635108848988607,2.6574568780160557,-234.38752218622673,0,-237.12425981860014,-14.559541072751117,-483.23751511107207,0,0.0004195790970697999,0.00053478300105780363
2.1089682923047803,1,0.001181404571980238,38,42,90,3.8302721977233887,-0.40383879368415326,2.5317173863944973,-138.23844808551044,0,-108.12484908635906,-48.739398205866898,-292.97481678502606,0,0.00053478300105780363,0.00051792530575767159
2.1089682923047803,1,0.001181404571980238,38,42,91,3.2448277473449707,-0.069025918715735268,3.1579210002810352,-15.043480077428601,0,368.24226590993385,-60.644338082818329,295.64334283125226,0,0.00051792530575767159,0.00067029701313003898
2.1089682923047803,1,0.001181404571980238,38,42,92,3.1160998344421387,-0.10332445555797744,3.4921083448592003,-130.23488804109661,0,-26.110910834525335,-10.226490876992031,-163.18350586331275,0,0.00067029701313003898,0.00095104123465716839
2.1089682923047803,1,0.001181404571980238,38,42,93,3.3591842651367188,-0.59259012544899636,3.6453613196759855,-2.7371412512263271,0,-123.95922030612756,-60.447977510862039,-184.09156787398894,0,0.00095104123465716839,0.00086404057219624519
2.1089682923047803,1,0.001181404571980238,38,42,94,2.8917334079742432,-0.56577233295244433,4.3872356326075161,232.38678353219314,0,292.30480948914231,-87.753196531242821,440.75985978974768,0,0.00086404057219624519,0.00029011222068220377
2.1089682923047803,1,0.001181404571980238,38,42,95,2.4760839939117432,-0.70864118796380204,5.0604596603846916,127.0777813733841,0,299.67085355533419,-77.544263074353765,353.55619032678544,0,0.00029011222068220377,0.0010382597101852298
2.1089682923047803,1,0.001181404571980238,38,42,96,2.5789811611175537,-2.2808111162307991,5.0526635888101401,-34.511228211381187,0,-244.5791000324393,-30.92870727266779,-307.24718304390893,0,0.0010382597101852298,0.0012685258407145739
2.1089682923047803,1,0.001181404571980238,38,42,97,2.4676773548126221,-1.3403756414445613,4.8407601435842533,61.880420819953279,0,-361.90928429784708,-45.548185745080794,-342.07666472083491,0,0.0012685258407145739,0.0010784182231873274
2.1089682923047803,1,0.001181404571980238,38,42,98,1.9099719524383545,-0.44026224188988222,3.5944426729185546,77.443257456405021,0,45.459793216286492,-81.395291454986847,44.661939648733352,0,0.0010784182231873274,0.00082861079135909677
2.1089682923047803,1,0.001181404571980238,38,42,99,1.7880473136901855,0.57856574986588738,1.2268213793437803,11.524831822193283,0,48.01581050725509,-103.36709095259174,-42.021061493933693,7.1054273576010019e-15,0.00082861079135909677,0.00051163462921977043
2.1089682923047803,1,0.001181404571980238,38,42,100,1.6035493612289429,0.27677318170002368,0.042691140403587319,22.538076748282549,0,52.070363694484179,-104.42881034525573,-29.500905580385385,7.1054273576010019e-15,0.00051163462921977043,0.00035874094464816153
2.1089682923047803,1,0.001181404571980238,38,42,101,1.3382121324539185,0.11467210970919606,0.00025835866604492595,16.597917184821565,0,44.841953657145496,-93.989814142189715,-32.435012831847416,0,0.00035874094464816153,0.00025671088951639831
2.1089682923047803,1,0.001181404571980238,38,42,102,1.1409299373626709,0.053487015664997903,-0.00051204121635741774,9.8807913294471881,0,39.146387118567375,-84.451190695324129,-35.371037272860931,-7.1054273576010019e-15,0.00025671088951639831,0.00019211419567000121
2.1089682923047803,1,0.001181404571980238,38,42,103,0.98732173442840576,0.027010369690659307,-0.001077858389134346,6.3611844794361314,0,34.267492876560823,-76.240372369924557,-35.585762502626082,0,0.00019211419567000121,0.00014882106916047633
2.1089682923047803,1,0.001181404571980238,38,42,104,0.86480635404586792,0.015080117377697131,-0.001407528734286111,4.2712965112589556,0,29.551307484646522,-69.100153051953711,-35.26387646740482,0,0.00014882106916047633,0.0001179647515527904
2.1089682923047803,1,0.001181404571980238,38,42,105,0.76469117403030396,0.008865743850189069,-0.0015501521406149057,2.9626632853076824,0,25.379654377707627,-62.866411225334019,-34.516777970609134,0,0.0001179647515527904,9.5227282145060599e-05
2.1089682923047803,1,0.001181404571980238,38,42,106,0.68213021755218506,0.0054858710136849063,-0.0017523966239711957,2.0958413462580707,0,21.527112426376018,-57.408677095851992,-33.781989848828182,7.1054273576010019e-15,9.5227282145060599e-05,7.8062483225949109e-05
2.1089682923047803,1,0.001181404571980238,38,42,107,0.61357313394546509,0.0034787333308911898,-0.0019651626323586042,1.5136716032458208,0,18.114515024751217,-52.617822216143416,-32.988122017447843,7.1054273576010019e-15,7.8062483225949109e-05,6.4748011936899275e-05
2.1089682923047803,1,0.001181404571980238,38,42,108,0.55599427223205566,0.0021948455308597949,-0.0020434884610065363,1.1177215085096965,0,15.278436702197476,-48.399551131689719,-32.003241563912688,7.1054273576010019e-15,6.4748011936899275e-05,5.4316275054588914e-05
2.1089682923047803,1,0.001181404571980238,38,42,109,0.50728088617324829,0.0014893147134370196,-0.0021451953494678066,0.83165664648703785,0,12.898447683468222,-44.673997761964991,-30.944549312645766,-3.5527136788005009e-15,5.4316275054588914e-05,4.6045690396567807e-05
2.1089682923047803,1,0.001181404571980238,38,42,110,0.46607100963592529,0.00099943835108789862,-0.0023111996231494725,0.62452449639285357,0,10.897179279690128,-41.373530722923149,-29.853138708112226,3.5527136788005009e-15,4.6045690396567807e-05,3.9352795283775777e-05
2.1089682923047803,1,0.001181404571980238,38,42,111,0.43087071180343628,0.00069801889294177446,-0.0024386251962542475,0.47664863914622002,0,9.3898142210215259,-38.440785685089793,-28.576063431225357,0,3.9352795283775777e-05,3.3890373742906377e-05
2.1089682923047803,1,0.001181404571980238,38,42,112,0.40070176124572754,0.00047713798143077365,-0.0025204584244497637,0.36752019178202061,0,8.288136561916275,-35.827404064646814,-27.173790631391537,0,3.3890373742906377e-05,2.9351849661907181e-05
2.1089682923047803,1,0.001181404571980238,38,42,113,0.37471640110015869,0.00035783789677526669,-0.0025777415879563916,0.28563601699140773,0,7.5753204414423543,-33.492645583625375,-25.63390902888279,3.5527136788005009e-15,2.9351849661907181e-05,2.5573670427547768e-05
2.1089682923047803,1,0.001181404571980238,38,42,114,0.35232219099998474,0.0002553971565539582,-0.0026771102742060948,0.2214606193736261,0,7.2124418664691667,-31.402278318060329,-23.970797545335188,0,2.5573670427547768e-05,2.2420752429752611e-05
2.1089682923047803,1,0.001181404571980238,38,42,115,0.33301758766174316,0.00016747775101574782,-0.0028162264734477721,0.17153801250035966,0,7.2040163229140024,-29.527216484361542,-22.154310897669614,-3.5527136788005009e-15,2.2420752429752611e-05,1.9711722416104749e-05
2.1089682923047803,1,0.001181404571980238,38,42,116,0.31637260317802429,0.00012016557937485983,-0.0029202713716601427,0.13410236388998706,0,7.5758754173651495,-27.843066368104335,-20.135888692641483,0,1.9711722416104749e-05,1.7356602256768383e-05
2.1089682923047803,1,0.001181404571980238,38,42,117,0.30194059014320374,0.00010761561725354319,-0.0029833999444654554,0.10579859182742772,0,8.3178529999641313,-26.329117276897119,-17.90834146943277,0,1.7356602256768383e-05,1.5346080544986762e-05
2.1089682923047803,1,0.001181404571980238,38,42,118,0.28939825296401978,7.4022605069988854e-05,-0.0030254854672085302,0.083902269055322984,0,9.4000055970583123,-24.968366766559704,-15.487410363308209,-1.7763568394002505e-15,1.5346080544986762e-05,1.3596089956990909e-05
2.1089682923047803,1,0.001181404571980238,38,42,119,0.27849167585372925,4.9472540381100547e-05,-0.0030009354025196419,0.06768183640271544,0,10.761815606884698,-23.746536820169275,-12.919990839744001,0,1.3596089956990909e-05,1.2057291314704344e-05
2.1089682923047803,1,0.001181404571980238,38,42,120,0.2689424455165863,1.4584846637153352e-05,-0.0029155953521579417,0.055346235209674868,0,12.35242705397259,-22.651771133920658,-10.246898855243911,1.7763568394002505e-15,1.2057291314704344e-05,1.0708245099522173e-05
2.1089682923047803,1,0.001181404571980238,38,42,121,0.26060697436332703,1.3966086236281787e-05,-0.002763619521903812,0.045735061273992954,0,14.084330325768502,-21.673853105598752,-7.546537371991926,0,1.0708245099522173e-05,9.5116238298942335e-06
2.1089682923047803,1,0.001181404571980238,38,42,122,0.25327178835868835,8.17841507764736e-06,-0.0025812486025830425,0.038041076889785641,0,15.877835924994688,-20.805303173334984,-4.8919992416380147,1.7763568394002505e-15,9.5116238298942335e-06,8.4482644524541683e-06
2.1089682923047803,1,0.001181404571980238,38,42,123,0.24683535099029541,1.2219315039295686e-06,-0.0023977088708471896,0.032125538076354127,0,17.673019065078417,-20.039512078412422,-2.3367639621969953,-1.7763568394002505e-15,8.4482644524541683e-06,7.48664479033323e-06
2.1089682923047803,1,0.001181404571980238,38,42,124,0.2411474734544754,-5.7974866424429665e-06,-0.0021510407587664909,0.028656938558883616,0,19.431952186932289,-19.371270615010285,0.087181672235476917,-3.1918911957973251e-16,7.48664479033323e-06,6.6070497268810868e-06
2.1089682923047803,1,0.001181404571980238,38,42,125,0.23612309992313385,-6.8514001588263832e-06,-0.0017968203489258378,0.027143367860351032,0,21.079726154068094,-18.795583999823418,2.3094818503559451,1.3322676295501878e-15,6.6070497268810868e-06,5.8182140492135659e-06
2.1089682923047803,1,0.001181404571980238,38,42,126,0.23161318898200989,-8.6443618678526645e-06,-0.001404021623429227,0.026386582511084739,0,22.519762542830307,-18.308895341710265,4.2358411176458297,0,5.8182140492135659e-06,5.1125639402016532e-06
2.1089682923047803,1,0.001181404571980238,38,42,127,0.22756476700305939,-2.4345286752176842e-05,-0.0008837971323673743,0.028720004004655807,0,23.683925445606643,-17.908354082521925,5.8033832246702568,8.8817841970012523e-16,5.1125639402016532e-06,4.4590074139705393e-06
2.1089682923047803,1,0.001181404571980238,38,42,128,0.22359633445739746,-3.6727856382464531e-05,-0.00017769465924298504,0.034597703550624012,0,24.431805953929903,-17.59715133381447,6.8690379011504321,8.8817841970012523e-16,4.4590074139705393e-06,3.8199955270101782e-06
2.1089682923047803,1,0.001181404571980238,38,42,129,0.2196035236120224,-6.3941044666052693e-05,0.00064414314577021037,0.041812390546962667,0,24.655738738777799,-17.377065541158679,7.3210657902671885,8.8817841970012523e-16,3.8199955270101782e-06,3.1183737974060932e-06
2.1089682923047803,1,0.001181404571980238,38,42,130,0.21540844440460205,-0.0001483275496448233,0.0021159694577371842,0.068325103949591792,0,24.15817759781352,-17.248336353248483,6.9801339904227238,1.7763568394002505e-15,3.1183737974060932e-06,2.1093458144605393e-06
2.1089682923047803,1,0.001181404571980238,38,42,131,0.208525151014328,9.9671811484966573e-05,0.0056897361104021726,0.14535323941574593,0,22.97737803044248,-17.25183017894426,5.8766904988358517,-8.8817841970012523e-16,2.1093458144605393e-06,1.0803211125676171e-06
2.1089682923047803,1,0.001181404571980238,38,42,132,0.19419802725315094,3.600935334465621e-06,0.0041208792181668293,0.097108173400019787,0,19.85990168885322,-17.493736615837232,2.4673977265695117,3.1086244689504383e-15,1.0803211125676171e-06,1.0803211125676171e-06
2.1101496968767606,1,0.0010450566187500954,38,42,0,0.0091868136078119278,0,4.8306564087117163,-2.0970759837842801,0,-78.326469248859965,145.1129637534633,69.520073147191795,-1.782338983957743e-06,0.00046442300663329661,0.00046442300663329661
2.1101496968767606,1,0.0010450566187500954,38,42,1,0.1877514123916626,-0.11662378656134231,9.6083345735442069,-14.899042081914518,0,-60.011303593819207,56.669503556211851,-8.7491313325390045,3.5527136788005009e-15,0.00046442300663329661,0.00020730101095978171
2.1101496968767606,1,0.0010450566187500954,38,42,2,0.39010211825370789,-0.27472616589476534,9.6640308843698666,-3.0712124628270927,0,20.056560745231575,47.442812317031766,73.817465317911342,0,0.00020730101095978171,0.00047725270269438624
2.1101496968767606,1,0.0010450566187500954,38,42,3,0.29440778493881226,-0.47022290822469237,9.722643992938373,-3.9056893151451582,0,44.708818389460674,55.942801177413131,105.99835133644233,0,0.00047725270269438624,0.00044565781718119979
2.1101496968767606,1,0.0010450566187500954,38,42,4,0.4923674464225769,-0.61705110233210148,9.5088978817792373,-9.7146885228954805,0,-125.023550936129,55.235654621916886,-70.610738057660441,1.4210854715202004e-14,0.00044565781718119979,0.00061836832901462913
2.1101496968767606,1,0.0010450566187500954,38,42,5,0.40723171830177307,-0.35138545664861454,8.9703775261313172,21.758452074241546,0,248.92873406700346,64.562648769606838,343.86882698033457,5.6843418860808015e-14,0.00061836832901462913,0.00046207921695895493
2.1101496968767606,1,0.0010450566187500954,38,42,6,0.18587030470371246,0.033851073101742145,8.2492200039033232,0.082871633273060574,0,295.44835182658557,88.684054571654926,392.4983491085186,-5.6843418860808015e-14,0.00046207921695895493,0.00032512878533452749
2.1101496968767606,1,0.0010450566187500954,38,42,7,0.58050382137298584,-0.06589351772224207,7.2733301488876867,-38.901130983200567,0,-38.010246666803312,97.84493472629066,28.140993707452228,3.5527136788005009e-15,0.00032512878533452749,0.00048266188241541386
2.1101496968767606,1,0.0010450566187500954,38,42,8,1.0264016389846802,-0.34802753000790465,5.2282712826869826,-77.666233855350711,0,-120.66452013642022,107.4488615755342,-86.001648663557674,-2.8421709430404007e-14,0.00048266188241541386,0.00078986934386193752
2.1101496968767606,1,0.0010450566187500954,38,42,9,1.4756952524185181,-0.67085857942236171,2.7404250522002531,-88.574775804035397,0,-333.37450061089669,141.37181997306885,-278.50788996908534,0,0.00078986934386193752,0.00069132057251408696
2.1101496968767606,1,0.0010450566187500954,38,42,10,1.7962245941162109,-0.50734123147147236,1.7833248375175226,23.852885740486098,0,-47.901286937861428,50.186216994423951,27.413799403094675,3.5527136788005009e-15,0.00069132057251408696,0.00034363925806246698
2.1101496968767606,1,0.0010450566187500954,38,42,11,1.0457457304000854,0.091668812899856608,2.2350107519599045,71.050362661424217,0,746.8866120498592,56.225522915977869,876.48917719212102,0,0.00034363925806246698,0.00040879868902266026
2.1101496968767606,1,0.0010450566187500954,38,42,12,0.66836857795715332,0.23646915083132747,2.28726581179748,-47.589876671054192,0,40.374854405184465,187.36164103514685,182.67035373190592,0,0.00040879868902266026,0.00018159889441449195
2.1101496968767606,1,0.0010450566187500954,38,42,13,2.027184009552002,-0.40224171457445318,1.7110773927232446,-120.43558225895424,0,-818.84804936366038,193.98578228194643,-743.98901366251948,-1.1368683772161603e-13,0.00018159889441449195,0.00030228166724555194
2.1101496968767606,1,0.0010450566187500954,38,42,14,2.0023796558380127,-0.49083588133543532,2.2000561882363843,49.524498694882283,0,502.1389030238272,-10.40224360830962,542.97037841730082,0,0.00030228166724555194,0.00049431942170485854
2.1101496968767606,1,0.0010450566187500954,38,42,15,0.99491655826568604,0.33842473316157529,2.8526749789015624,-11.435829112903154,0,398.61689069182381,110.01976435696329,500.39192564794706,-5.6843418860808015e-14,0.00049431942170485854,0.00027467592735774815
2.1101496968767606,1,0.0010450566187500954,38,42,16,1.8070909976959229,0.19485643705090627,2.4392409552980472,-170.90697349038115,0,-553.14573740265087,204.0746764386372,-517.34393706204594,-1.1368683772161603e-13,0.00027467592735774815,0.00032084318809211254
2.1101496968767606,1,0.0010450566187500954,38,42,17,2.6861827373504639,-0.8086260305261197,2.7747312901193366,-7.2217523778629937,0,-332.80312550963754,-63.948383463102466,-402.00715609100979,0,0.00032084318809211254,0.0002339574130019173
2.1101496968767606,1,0.0010450566187500954,38,42,18,1.8904585838317871,-0.26619277243719708,4.0195420101753729,146.96511338795014,0,505.62487289695139,-78.011579856361308,578.33175566627847,1.1368683772161603e-13,0.0002339574130019173,0.00029497811920009553
2.1101496968767606,1,0.0010450566187500954,38,42,19,1.2150657176971436,0.43507607468356801,4.7569201538871475,-14.246734532193944,0,138.48619890368329,119.04233500665258,248.47379560671266,0,0.00029497811920009553,0.00040474676643498242
2.1101496968767606,1,0.0010450566187500954,38,42,20,1.434796929359436,0.11804431072941332,5.5342231363640817,-113.59641963745443,0,-456.92601065304007,164.47184572786713,-400.39831711553387,-5.6843418860808015e-14,0.00040474676643498242,0.00037773509393446147
2.1101496968767606,1,0.0010450566187500954,38,42,21,1.6230412721633911,-0.35119875664032668,6.6714583364895583,-49.460391526404017,0,-344.64903517535095,23.693986655628049,-364.09518046627772,-5.6843418860808015e-14,0.00037773509393446147,0.00034175548353232443
2.1101496968767606,1,0.0010450566187500954,38,42,22,1.2319263219833374,-0.23728813559322035,7.5553153358684133,78.795580868729843,0,206.30029025390309,1.2401657218784783,293.65406404478659,-5.6843418860808015e-14,0.00034175548353232443,0.00055601622443646193
2.1101496968767606,1,0.0010450566187500954,38,42,23,0.64477044343948364,0.47850365513166582,8.1587966003666264,54.66698867590928,0,255.56904469304112,15.120223220134013,333.99355684458271,0,0.00055601622443646193,0.00060246867360547185
2.1101496968767606,1,0.0010450566187500954,38,42,24,0.56105655431747437,0.59763519263965292,8.3375010359845323,-32.173756662605904,0,-139.25317501410277,116.77705345501955,-45.714741993064919,0,0.00060246867360547185,0.00065970426658168435
2.1101496968767606,1,0.0010450566187500954,38,42,25,1.0269800424575806,-0.26417115444769323,8.3757812214547265,-75.922165256688004,0,-340.76011410534159,127.7884007161438,-280.78226857887876,0,0.00065970426658168435,0.00055451225489377975
2.1101496968767606,1,0.0010450566187500954,38,42,26,1.1156132221221924,-0.47820333101332207,8.6914494960882109,34.355966958999964,0,-32.1730152095897,-4.2468147374481005,6.1493831770370573,7.9936057773011271e-15,0.00055451225489377975,0.00041318582952953875
2.1101496968767606,1,0.0010450566187500954,38,42,27,0.81262290477752686,-0.14350145839887143,9.1060714486227425,76.373082760237082,0,117.71159794710196,10.974759406516766,214.0220101040797,2.8421709430404007e-14,0.00041318582952953875,0.00014686898794025183
2.1101496968767606,1,0.0010450566187500954,38,42,28,0.7606055736541748,0.062715161733895006,9.0993627246972473,-9.4436589280478671,0,-9.9369533232155884,76.385744496360019,66.16721013152771,0,0.00014686898794025183,0.00064731197198852897
2.1101496968767606,1,0.0010450566187500954,38,42,29,0.96743977069854736,-0.42915603575728462,8.6970415846419407,-81.996889818477683,0,-228.22032205083053,122.29976624624261,-179.64956007418095,0,0.00064731197198852897,0.00034852261887863278
2.1101496968767606,1,0.0010450566187500954,38,42,30,1.2640467882156372,-1.0861484634901226,8.6134935537254886,-1.1685299535433344,0,-25.587201380243307,8.7369401339071278,-10.491446109644148,1.7763568394002505e-15,0.00034852261887863278,0.00054212927352637053
2.1101496968767606,1,0.0010450566187500954,38,42,31,1.1372377872467041,-1.3617417372992753,8.6553580228870146,3.0637979326650155,0,64.403977824138394,2.1619629255668507,76.923354967958005,0,0.00054212927352637053,0.00081625516759231687
2.1101496968767606,1,0.0010450566187500954,38,42,32,1.5547621250152588,-1.1351494179326471,8.2648475520910853,-6.5620873328277431,0,-201.07932032285288,12.679530995320469,-187.83217852620172,0,0.00081625516759231687,0.0004001691413577646
2.1101496968767606,1,0.0010450566187500954,38,42,33,1.3992493152618408,-2.0432181556177986,7.241031938623375,-23.719994546042717,0,96.760303033273601,13.540871260764213,91.778993531000665,-1.4210854715202004e-14,0.0004001691413577646,0.00088976253755390644
2.1101496968767606,1,0.0010450566187500954,38,42,34,1.8567665815353394,-2.2858992033835923,5.0436481448970296,-36.800936797368557,0,-28.858492087751678,8.4251876580154903,-54.476492285591306,7.1054273576010019e-15,0.00088976253755390644,0.0011509782634675503
2.1101496968767606,1,0.0010450566187500954,38,42,35,1.5316441059112549,0.032954556594164089,3.7895209161935299,44.598170785503527,0,355.97569959032938,11.619025042753856,416.01537089137446,0,0.0011509782634675503,0.00068385241320356727
2.1101496968767606,1,0.0010450566187500954,38,42,36,1.2623878717422485,0.49558380958916193,3.9125254763078137,-64.286828247577574,0,-243.95321360174171,96.451288230057187,-207.38064433336513,0,0.00068385241320356727,0.0010112293530255556
2.1101496968767606,1,0.0010450566187500954,38,42,37,2.4070291519165039,-2.0224657144817715,3.7120660338769169,-120.41927029259767,0,-646.76216557750899,87.837315227145737,-677.65452032356586,0,0.0010112293530255556,0.00094388087745755911
2.1101496968767606,1,0.0010450566187500954,38,42,38,2.2355396747589111,-1.2000118525542254,3.181402451250801,92.603831494108036,0,40.273446446506213,-43.534699020872083,91.323969518438744,0,0.00094388087745755911,0.00080014317063614726
2.1101496968767606,1,0.0010450566187500954,38,42,39,1.0314575433731079,2.0064796933664018,2.2318938866664113,89.386837961325028,0,772.88104224054268,-36.353783593747913,830.15247018815262,0,0.00080014317063614726,0.00087977375369518995
2.1101496968767606,1,0.0010450566187500954,38,42,40,0.48153197765350342,2.481922181297739,1.0848375531693997,-35.806790889752534,0,-55.140976775231906,130.18229584866515,42.801287918147864,1.4210854715202004e-14,0.00087977375369518995,0.0004675115633290261
2.1101496968767606,1,0.0010450566187500954,38,42,41,1.9230930805206299,-0.033785613917750403,0.11762683959662104,-110.16372031180238,0,-1017.3049074030341,161.73810845710935,-965.64667803204827,1.1368683772161603e-13,0.0004675115633290261,0.00033043837174773216
2.1101496968767606,1,0.0010450566187500954,38,42,42,2.3221633434295654,-0.4691841387871718,0.41899347307465057,65.689087005768542,0,129.20423376801611,-30.292120012012965,164.55101009605917,0,0.00033043837174773216,0.00035525200655683875
2.1101496968767606,1,0.0010450566187500954,38,42,43,1.3231310844421387,0.24573118674367558,1.2420798425481745,77.20921362312977,0,647.70244207175517,-5.3699449524605631,721.02952177171619,-1.1368683772161603e-13,0.00035525200655683875,0.00034042808692902327
2.1101496968767606,1,0.0010450566187500954,38,42,44,1.2136811017990112,0.56986896912186835,0.8920482394501128,-66.410920034470436,0,-290.93829275095999,98.959737853582638,-256.92755772327581,0,0.00034042808692902327,0.00051305087981745601
2.1101496968767606,1,0.0010450566187500954,38,42,45,2.2821786403656006,-0.62946570601566143,0.28680034283290307,-114.85631941653351,0,-771.41969538044475,150.12244847035214,-736.49623168980884,0,0.00051305087981745601,0.00033771662856452167
2.1101496968767606,1,0.0010450566187500954,38,42,46,2.5130019187927246,-0.69524220204416454,0.73744798912060283,83.56243934477655,0,101.18529463400115,-69.032926039170462,115.75701372668367,-1.4210854715202004e-14,0.00033771662856452167,0.00031036077416501939
2.1101496968767606,1,0.0010450566187500954,38,42,47,1.4724404811859131,0.1086012560142801,1.6590227346248756,110.25394944039012,0,834.52099728995358,-49.288602566033433,897.25396815494946,0,0.00031036077416501939,0.00049402297008782625
2.1101496968767606,1,0.0010450566187500954,38,42,48,1.047636866569519,0.80496822535181145,1.6107997711476747,-37.667410199078354,0,105.84059294853229,172.40858695274395,242.99753769869739,0,0.00049402297008782625,0.00041844681254588068
2.1101496968767606,1,0.0010450566187500954,38,42,49,2.1249127388000488,-0.28858089947519028,0.80417591997654447,-185.92858345935954,0,-812.30512573955923,210.67383642227531,-787.04427775614215,-1.1368683772161603e-13,0.00041844681254588068,0.00031718041282147169
2.1101496968767606,1,0.0010450566187500954,38,42,50,3.1566965579986572,-0.87326522719029409,0.88535661483921968,14.334910406275259,0,-386.69968746685964,-51.544216711032057,-423.89690238396753,0,0.00031718041282147169,0.00028589015710167587
2.1101496968767606,1,0.0010450566187500954,38,42,51,2.0984776020050049,-0.092804608415669967,1.8611130172236328,197.72658385325647,0,652.28678903612001,-82.121739099437576,769.65994219874688,0,0.00028589015710167587,0.00057920522522181273
2.1101496968767606,1,0.0010450566187500954,38,42,52,1.2943441867828369,1.0166474916697932,2.180954192997012,-10.880195629526584,0,264.32469225689567,168.03629555101455,424.67839386305042,-5.6843418860808015e-14,0.00057920522522181273,0.00054123980225995183
2.1101496968767606,1,0.0010450566187500954,38,42,53,2.1062798500061035,-0.10633478920722453,1.7423223520458133,-175.7930347974951,0,-704.60268723248203,235.25927774277463,-643.50045672436397,-1.1368683772161603e-13,0.00054123980225995183,0.00039257854223251343
2.1101496968767606,1,0.0010450566187500954,38,42,54,3.034780740737915,-1.0248008013396059,1.7133254791595558,-101.73260102965723,0,-515.32923811246735,-2.15614537113199,-618.52945983543668,-1.1368683772161603e-13,0.00039257854223251343,0.00032018509227782488
2.1101496968767606,1,0.0010450566187500954,38,42,55,2.5744884014129639,-0.49777207627341435,2.6372632719644318,141.91730125360812,0,307.87273743205947,-85.586948288107962,366.34258159325066,5.6843418860808015e-14,0.00032018509227782488,0.00060872419271618128
2.1101496968767606,1,0.0010450566187500954,38,42,56,1.6379909515380859,0.75505449055850482,3.995720158521229,113.35493409356032,0,516.80940647220757,3.5548679687841149,638.46998318363171,-1.1368683772161603e-13,0.00060872419271618128,0.00074481172487139702
2.1101496968767606,1,0.0010450566187500954,38,42,57,1.5495946407318115,0.55021205378029647,4.6431530111280335,-68.291016744183565,0,-110.65159639646704,144.82687695890195,-28.922371116840342,-3.5527136788005009e-15,0.00074481172487139702,0.00058434373931959271
2.1101496968767606,1,0.0010450566187500954,38,42,58,2.4900796413421631,-0.69440951555135322,4.4728540861457899,-219.18925320887854,0,-454.09411640990589,74.696030107270076,-594.80889494091991,0,0.00058434373931959271,0.00064471934456378222
2.1101496968767606,1,0.0010450566187500954,38,42,59,2.9478638172149658,-1.1987905047673111,4.6596650450352506,0.80396320895874862,0,-95.937632394367455,-81.671848223141708,-173.34464286828248,0,0.00064471934456378222,0.00031203334219753742
2.1101496968767606,1,0.0010450566187500954,38,42,60,2.1539566516876221,-0.31393227646572874,5.4801487540113767,230.80611092743118,0,461.25929021914749,-58.42170674998507,638.80991087413929,1.1368683772161603e-13,0.00031203334219753742,0.00081198994303122163
2.1101496968767606,1,0.0010450566187500954,38,42,61,1.6168487071990967,0.55533583276669807,5.8598297331571194,2.6352380892969651,0,146.56176294713316,132.69807445008158,288.31024105243552,0,0.00081198994303122163,0.00052156049059703946
2.1101496968767606,1,0.0010450566187500954,38,42,62,2.3221464157104492,-0.067523021135866806,5.5364804686838589,-259.9559370157051,0,-502.77290238753216,203.54025991849363,-553.71962203719568,0,0.00052156049059703946,0.00070120778400450945
2.1101496968767606,1,0.0010450566187500954,38,42,63,3.146857738494873,-1.6424565621711027,5.608203571629085,-43.340096121541258,0,-253.2267375799936,-118.96214401120734,-411.5632307032842,0,0.00070120778400450945,0.00081006891559809446
2.1101496968767606,1,0.0010450566187500954,38,42,64,2.6446447372436523,-0.7378112520842226,6.2469212322022312,305.69856904914889,0,605.45866978694812,-181.8200211920105,734.84632762420449,-1.1368683772161603e-13,0.00081006891559809446,0.00024344869598280638
2.1101496968767606,1,0.0010450566187500954,38,42,65,1.8021401166915894,-0.0085529991863622559,6.6024657768636361,149.37323871489795,0,576.77995153820314,-32.467429091871551,700.27967393890674,-1.1368683772161603e-13,0.00024344869598280638,0.00065942422952502966
2.1101496968767606,1,0.0010450566187500954,38,42,66,1.7368755340576172,0.45992455359092288,6.3770707437076748,-94.070083351082459,0,-33.935277924573199,167.0686423300161,45.900276351659045,0,0.00065942422952502966,0.00041650040657259524
2.1101496968767606,1,0.0010450566187500954,38,42,67,2.46394944190979,-0.44168409645662099,5.93642129502968,-294.97556145905833,0,-514.01766476164335,275.7795710088306,-527.71891801329798,0,0.00041650040657259524,0.00028430167003534734
2.1101496968767606,1,0.0010450566187500954,38,42,68,3.4003040790557861,-1.2457422149661221,5.8372755701034027,-198.80910525691971,0,-353.68540825811118,-97.764800765692826,-645.6677809255865,-1.1368683772161603e-13,0.00028430167003534734,0.00074445828795433044
2.1101496968767606,1,0.0010450566187500954,38,42,69,3.4520225524902344,-2.0645701310286504,6.1487214836902613,199.70569305805702,0,271.8613910621047,-268.88736597924822,206.7638694935751,-5.6843418860808015e-14,0.00074445828795433044,0.0004091470327693969
2.1101496968767606,1,0.0010450566187500954,38,42,70,2.7886965274810791,-1.3865211505711059,6.3944088917327093,295.3773149241481,0,532.83254836154038,-165.21831781064608,667.99943321620401,1.1368683772161603e-13,0.0004091470327693969,0.00081341573968529701
2.1101496968767606,1,0.0010450566187500954,38,42,71,2.2916402816772461,0.12007751392229536,6.0857701620413485,-22.11195405843042,0,186.31984251252763,107.04163276509396,277.45536889515478,-5.6843418860808015e-14,0.00081341573968529701,0.00036319522769190371
2.1101496968767606,1,0.0010450566187500954,38,42,72,3.1022055149078369,-0.58964674932560746,5.1615601169570837,-333.42069883729118,0,-574.80472070302574,236.37864365785865,-667.27486251482685,-1.1368683772161603e-13,0.00036319522769190371,0.00071179302176460624
2.1101496968767606,1,0.0010450566187500954,38,42,73,4.1843643188476562,-1.8613055098336098,4.3297737053312435,-60.794584541239317,0,-74.535419976989999,-256.72023605297466,-389.58177237570635,0,0.00071179302176460624,0.00046920924796722829
2.1101496968767606,1,0.0010450566187500954,38,42,74,3.6010749340057373,-0.65648980814012037,3.6013130491275005,276.67399148576669,0,804.91089998315692,-318.36121772963878,766.16849698027215,1.1368683772161603e-13,0.00046920924796722829,0.00060906633734703064
2.1101496968767606,1,0.0010450566187500954,38,42,75,2.9048666954040527,1.1239460806811388,2.3606549561054466,-36.954018327791744,0,206.01374718056252,169.53038041352048,342.07471030307784,0,0.00060906633734703064,0.0003755557700060308
2.1101496968767606,1,0.0010450566187500954,38,42,76,4.2496414184570312,-0.2544690479012513,0.90238491437197954,-425.81076372334178,0,-868.85837088870096,236.46100197750511,-1057.560216768067,0,0.0003755557700060308,0.0002742393990047276
2.1101496968767606,1,0.0010450566187500954,38,42,77,5.3970627784729004,-0.99935078302607294,0.51158876805620779,6.7793901014240001,0,-109.60409438910777,-375.83683043094283,-479.14929673359649,-5.6843418860808015e-14,0.0002742393990047276,0.00015699661162216216
2.1101496968767606,1,0.0010450566187500954,38,42,78,3.7201385498046875,-0.2673799215949082,1.3368973800508144,421.97528430534675,0,1137.678207608627,-324.79931130421761,1235.9236980682119,-2.2737367544323206e-13,0.00015699661162216216,0.00017114845104515553
2.1101496968767606,1,0.0010450566187500954,38,42,79,2.4964883327484131,0.5774468617911972,1.5686603761982887,20.009193304465384,0,591.17805655539826,77.755151182448245,691.08850828030131,0,0.00017114845104515553,0.00034336166572757065
2.1101496968767606,1,0.0010450566187500954,38,42,80,3.4638807773590088,0.38990971116305639,0.70470308014911043,-316.90477586641725,0,-551.11906113511827,136.74241547925757,-730.18680873096571,0,0.00034336166572757065,0.00047819555038586259
2.1101496968767606,1,0.0010450566187500954,38,42,81,4.5458254814147949,-0.97157453385151871,0.37886839966456382,-108.75085307199491,0,-353.55399996970021,-152.22144492438872,-615.11900410027079,0,0.00047819555038586259,0.00030818150844424963
2.1101496968767606,1,0.0010450566187500954,38,42,82,3.9339931011199951,-0.78344236049409999,1.1541688685979499,259.88681078065554,0,480.97669324431143,-194.53308867760251,546.70114185546834,1.1368683772161603e-13,0.00030818150844424963,0.00050114671466872096
2.1101496968767606,1,0.0010450566187500954,38,42,83,3.0197112560272217,0.36960942714733974,1.9250165534732886,216.49948980546662,0,420.74401601966275,-189.66733177616317,449.8708000295868,-5.6843418860808015e-14,0.00050114671466872096,0.00027366873109713197
2.1101496968767606,1,0.0010450566187500954,38,42,84,2.7439002990722656,0.31392692944878492,1.9133979312391445,-40.737710104347038,0,-127.0766058205844,71.086636824370984,-94.500354239872522,0,0.00027366873109713197,0.00010954903700621799
2.1101496968767606,1,0.0010450566187500954,38,42,85,3.3789024353027344,0.58428424831190218,1.3825054294501218,-249.5388643470713,0,-454.41145830084275,-30.571362624886266,-732.55489559503837,0,0.00010954903700621799,0.0005309971165843308
2.1101496968767606,1,0.0010450566187500954,38,42,86,3.8533053398132324,-0.33697023315667385,1.1934055017239673,-190.2267295594682,0,-202.32336441435461,-93.008322631873028,-484.70198133712853,5.6843418860808015e-14,0.0005309971165843308,0.00026730788522399962
2.1101496968767606,1,0.0010450566187500954,38,42,87,3.8678455352783203,-0.40807430749446805,1.8455806013789957,120.38322426904051,0,211.00452446750396,-194.5814542281982,138.24380080223077,-2.8421709430404007e-14,0.00026730788522399962,0.00044336548307910562
2.1101496968767606,1,0.0010450566187500954,38,42,88,3.1068565845489502,0.26582717015366436,2.8617357219052133,256.21376660805743,0,405.65829888220611,-180.74525652759374,484.25437185472867,-1.1368683772161603e-13,0.00044336548307910562,0.00035324940108694136
2.1101496968767606,1,0.0010450566187500954,38,42,89,2.6590301990509033,0.7949935880355149,3.15660877926712,-51.892129280175666,0,87.59115282576478,14.020306188013592,53.67093210090534,0,0.00035324940108694136,0.00059692445211112499
2.1101496968767606,1,0.0010450566187500954,38,42,90,3.4841504096984863,-0.15275001537267371,2.8532359700959167,-272.27021684827213,0,-311.05003471105164,-67.386215925020565,-648.00598152962118,-1.1368683772161603e-13,0.00059692445211112499,0.00055212673032656312
2.1101496968767606,1,0.0010450566187500954,38,42,91,3.594102144241333,-0.3669740161711616,3.2766637911597769,-33.979993244935258,0,117.63391648494236,-112.74739889904922,-26.183785884053503,-1.0658141036401503e-14,0.00055212673032656312,0.0004027001850772649
2.1101496968767606,1,0.0010450566187500954,38,42,92,2.923314094543457,0.040409189383319624,3.838188573246557,-10.313041106975094,0,159.2759711296732,-112.04997678503477,40.791551000293197,0,0.0004027001850772649,0.00086060573812574148
2.1101496968767606,1,0.0010450566187500954,38,42,93,3.1416976451873779,-0.036951897344404037,3.6919730581639589,-189.9011746505056,0,-202.2838962999534,-2.0208587130977853,-390.55090850273723,-5.6843418860808015e-14,0.00086060573812574148,0.0010198547970503569
2.1101496968767606,1,0.0010450566187500954,38,42,94,3.4124491214752197,-0.91205761232523053,3.913231282544396,28.216507845410611,0,-13.727147072374548,-154.01963959323459,-136.52910514997936,0,0.0010198547970503569,0.00052457849960774183
2.1101496968767606,1,0.0010450566187500954,38,42,95,2.8937768936157227,-0.90799031476997583,4.7605801869851829,299.2956089405688,0,527.80070598447048,-183.10672734936784,647.84217744788668,0,0.00052457849960774183,0.00056756153935566545
2.1101496968767606,1,0.0010450566187500954,38,42,96,2.2159979343414307,-1.5984670993591601,5.2810931263206013,146.92496085538014,0,302.76789045031683,-69.92381035556771,383.45166697709072,0,0.00056756153935566545,0.001084452960640192
2.1101496968767606,1,0.0010450566187500954,38,42,97,2.0635464191436768,-1.0260114550926327,5.0690977176258176,-2.3247403800481408,0,-306.22100825133833,-55.601333546025785,-360.10399591487908,0,0.001084452960640192,0.0010804531630128622
2.1101496968767606,1,0.0010450566187500954,38,42,98,1.9627357721328735,-0.71810392996833672,3.8339176434626925,17.458138649931691,0,-128.65156609670436,-65.097977847308798,-173.17559158058711,0,0.0010804531630128622,0.00087004323722794652
2.1101496968767606,1,0.0010450566187500954,38,42,99,1.7384034395217896,0.1300285352470901,1.5245523878440916,21.587917880513778,0,41.897912970169884,-81.388727240645167,-16.248315466870327,-3.5527136788005009e-15,0.00087004323722794652,0.00055913382675498724
2.1101496968767606,1,0.0010450566187500954,38,42,100,1.5686968564987183,0.37797522504257564,0.10431144457683263,21.181829767021561,0,37.592352339899172,-85.261735588229783,-26.005266811689648,-1.0658141036401503e-14,0.00055913382675498724,0.0003681316738948226
2.1101496968767606,1,0.0010450566187500954,38,42,101,1.2998932600021362,0.12035130768992659,0.0025017536109491535,16.967524892591797,0,41.581939915570601,-78.71151150366137,-20.039193634198096,3.5527136788005009e-15,0.0003681316738948226,0.0002618517610244453
2.1101496968767606,1,0.0010450566187500954,38,42,102,1.0991424322128296,0.057052300049972332,0.0021498715518424483,10.01303780964798,0,40.204548350846302,-72.035468545727241,-21.758680213631152,-7.1054273576010019e-15,0.0002618517610244453,0.00019474864529911429
2.1101496968767606,1,0.0010450566187500954,38,42,103,0.94528055191040039,0.028575513656692048,0.0013677812286188944,6.3305258523813386,0,36.716011909589071,-66.162875483125262,-23.086394426269539,3.5527136788005009e-15,0.00019474864529911429,0.00014996438403613865
2.1101496968767606,1,0.0010450566187500954,38,42,104,0.82314544916152954,0.015690883338025433,0.00096329210294750971,4.2015290686120306,0,32.0093822323974,-60.948122350441707,-24.720556873991306,0,0.00014996438403613865,0.00011828028073068708
2.1101496968767606,1,0.0010450566187500954,38,42,105,0.72391289472579956,0.0092095293634359612,0.00077156893166768553,2.8825982224733342,0,26.947710630137035,-56.297500893397412,-26.45721094249194,0,0.00011828028073068708,9.5003786555025727e-05
2.1101496968767606,1,0.0010450566187500954,38,42,106,0.64222002029418945,0.0055714861880599605,0.00064531217860459681,2.0210298176399872,0,21.703755655584381,-52.137607263387814,-28.406604991796783,0,9.5003786555025727e-05,7.7510572737082839e-05
2.1101496968767606,1,0.0010450566187500954,38,42,107,0.57460081577301025,0.0035411884067945462,0.00045125091124691266,1.4404721059493584,0,16.317726876156851,-48.407870452473489,-30.645679031049237,0,7.7510572737082839e-05,6.402479630196467e-05
2.1101496968767606,1,0.0010450566187500954,38,42,108,0.51818549633026123,0.0022836595410663015,0.00028290859196035065,1.0474449725118771,0,11.168906027068383,-45.056787993451685,-32.837870425738402,0,6.402479630196467e-05,5.3453171858564019e-05
2.1101496968767606,1,0.0010450566187500954,38,42,109,0.47072285413742065,0.001513937390094608,0.00022562545562345633,0.77019857929759805,0,6.3089666800639144,-42.039102734910053,-34.958197912702822,0,5.3453171858564019e-05,4.5085209421813488e-05
2.1101496968767606,1,0.0010450566187500954,38,42,110,0.43080237507820129,0.0010191163871044768,0.00012158056090736873,0.56812411495729964,0,1.5033530252085114,-39.316629846513877,-37.244012009400059,-7.1054273576010019e-15,4.5085209421813488e-05,3.8350848626578227e-05
2.1101496968767606,1,0.0010450566187500954,38,42,111,0.39711081981658936,0.00071715139491318404,-3.2733226106076753e-05,0.42214342303548369,0,-3.0165445615936251,-36.856317634194532,-39.450034354583863,0,3.8350848626578227e-05,3.2859323255252093e-05
2.1101496968767606,1,0.0010450566187500954,38,42,112,0.36859852075576782,0.00047735780143226672,-0.00016366614072900923,0.31548825839637618,0,-7.2928177977241315,-34.6291638780488,-41.606179725715855,0,3.2859323255252093e-05,2.830666744557675e-05
2.1101496968767606,1,0.0010450566187500954,38,42,113,0.34443238377571106,0.00033760537047941743,-0.00028057052307882516,0.23575354173034815,0,-11.29769071249892,-32.610415454304835,-43.672295590226007,0,2.830666744557675e-05,2.4500095605617389e-05
2.1101496968767606,1,0.0010450566187500954,38,42,114,0.32400298118591309,0.00024436638177312487,-0.00038695350027460553,0.17350000579260169,0,-15.104367532556649,-30.778627260340016,-45.709637374222567,0,2.4500095605617389e-05,2.1320152882253751e-05
2.1101496968767606,1,0.0010450566187500954,38,42,115,0.30684438347816467,0.00018853679433091997,-0.00053074587873447364,0.12362303174078375,0,-18.746099573931865,-29.115291488172844,-47.738110239448332,0,2.1320152882253751e-05,1.8602866475703195e-05
2.1101496968767606,1,0.0010450566187500954,38,42,116,0.29258397221565247,0.00015491907883388357,-0.00069675012913951017,0.084953405203182189,0,-22.231841307666464,-27.604623743785208,-49.752053477298794,0,1.8602866475703195e-05,1.6228563254117034e-05
2.1101496968767606,1,0.0010450566187500954,38,42,117,0.28078359365463257,8.1093432050916302e-05,-0.00085106387195891197,0.055152697436372723,0,-25.480146971672397,-26.23270752441136,-51.658471769087292,0,1.6228563254117034e-05,1.4192726666806266e-05
2.1101496968767606,1,0.0010450566187500954,38,42,118,0.27110135555267334,5.4950302749770302e-05,-0.00099602528485954285,0.031939514544331672,0,-28.479780701011745,-24.988321223825238,-53.437103485274761,0,1.4192726666806266e-05,1.2437457371561322e-05
2.1101496968767606,1,0.0010450566187500954,38,42,119,0.26322793960571289,3.3943745155658345e-05,-0.0011176058457669114,0.014886095171554583,0,-31.236859483068226,-23.861740400545038,-55.084797450542318,7.1054273576010019e-15,1.2437457371561322e-05,1.0921155080723111e-05
2.1101496968767606,1,0.0010450566187500954,38,42,120,0.25683671236038208,2.5548454249809066e-05,-0.0011947628259619506,0.0027376726752284292,0,-33.687832239125726,-22.844809071392479,-56.531072852214692,0,1.0921155080723111e-05,9.6341946118627675e-06
2.1101496968767606,1,0.0010450566187500954,38,42,121,0.25169146060943604,5.2142988311866546e-06,-0.0012029460942436243,-0.0050190665712521202,0,-35.87916811110388,-21.930483432713583,-57.815868342184132,0,9.6341946118627675e-06,8.5474257502937689e-06
2.1101496968767606,1,0.0010450566187500954,38,42,122,0.24749235808849335,-1.6767410534659365e-05,-0.0011667056730276302,-0.0097814763292015747,0,-37.764725907455613,-21.113829970208204,-58.889520827076581,0,8.5474257502937689e-06,7.6379074016585946e-06
2.1101496968767606,1,0.0010450566187500954,38,42,123,0.24407468736171722,-1.8645154257539961e-05,-0.0011363105056044535,-0.012818581953283113,0,-39.37195364849245,-20.390485518050191,-59.776412704155788,0,7.6379074016585946e-06,6.8709537117683794e-06
2.1101496968767606,1,0.0010450566187500954,38,42,124,0.24125047028064728,-2.7537050232327887e-05,-0.0010989011859293696,-0.013089497478435927,0,-40.649348867011668,-19.757070761531065,-60.420635564257331,-7.1054273576010019e-15,6.8709537117683794e-06,6.2256435739982408e-06
2.1101496968767606,1,0.0010450566187500954,38,42,125,0.23885153234004974,-3.0601968351118103e-05,-0.00099602528485954285,-0.0096816653462505377,0,-41.600148290603244,-19.210120833671237,-60.820977416873937,7.1054273576010019e-15,6.2256435739982408e-06,5.6992253121279646e-06
2.1101496968767606,1,0.0010450566187500954,38,42,126,0.23661743104457855,-4.1159585424611074e-05,-0.00084288054928456917,-0.0039639218943411632,0,-42.180577673887221,-18.747126201185075,-60.932551837101343,7.1054273576010019e-15,5.6992253121279646e-06,5.2919140216545202e-06
2.1101496968767606,1,0.0010450566187500954,38,42,127,0.23442091047763824,-6.0378963089904075e-05,-0.00063829791756735122,0.0066588184340191474,0,-42.409273153251746,-18.366375818650575,-60.769688830348954,7.1054273576010019e-15,5.2919140216545202e-06,4.9211689656658564e-06
2.1101496968767606,1,0.0010450566187500954,38,42,128,0.23171144723892212,-6.5127579084538895e-05,-0.00034837506456975509,0.023441322281643424,0,-41.970147604402733,-18.072617837113821,-60.019737621878569,-7.1054273576010019e-15,4.9211689656658564e-06,4.4632001845457125e-06
2.1101496968767606,1,0.0010450566187500954,38,42,129,0.22825266420841217,-9.4674435040795158e-05,2.3380875790054823e-05,0.044173489311758712,0,-40.82276332053317,-17.868846586063356,-58.647507710844017,0,4.4632001845457125e-06,3.7599656934617087e-06
2.1101496968767606,1,0.0010450566187500954,38,42,130,0.22365480661392212,-0.0002200647706772348,0.00041968673657930775,0.085637823371989288,0,-38.862304510832608,-17.756345349565688,-56.532812415060405,0,3.7599656934617087e-06,2.5149201974272728e-06
2.1101496968767606,1,0.0010450566187500954,38,42,131,0.2154679000377655,0.00013317511982470029,0.001164367658538774,0.18962660889511915,0,-33.7047145539563,-17.784819997130434,-51.298610399413256,-7.1054273576010019e-15,2.5149201974272728e-06,1.3652214647663641e-06
2.1101496968767606,1,0.0010450566187500954,38,42,132,0.19711302220821381,-6.062606898565306e-06,0.00086158531790744939,0.12704512258481929,0,-20.572697596783236,-18.066486591018258,-38.511283542505666,0,1.3652214647663641e-06,1.3652214647663641e-06
