beginning_time_s,candidate,dt_s,x,y,z_face,beginning_momentum,stress_rate,buoyancy_rate,advection_rate,source_rate,pressure_gradient_rate,restoration_rate,total_rate,closure_residual,lower_vreman_m2_per_s,upper_vreman_m2_per_s
1.7722341995686293,0,0.0016462659696117043,33,34,0,0.01013408787548542,-2.8285908589702075e-07,4.4048267922994722,-1.010974578958947,0,-177.54754355623314,158.10638966653531,-16.047313273579825,-1.1314363440817488e-05,0.00019904877990484238,0.00019904877990484238
1.7722341995686293,0,0.0016462659696117043,33,34,1,-0.15592013299465179,0.02371490576160622,9.183723977052491,-1.8360677439024951,0,-96.353653057915324,56.843090357142835,-32.139191561860891,0,0.00019904877990484238,0.00028849378577433527
1.7722341995686293,0,0.0016462659696117043,33,34,2,-0.067140296101570129,0.19114033014039641,9.6494933251266488,0.36892971142645342,0,-16.991175574382499,52.055227387944136,45.273616877409651,1.6971545164778945e-06,0.00028849378577433527,0.00061269279103726149
1.7722341995686293,0,0.0016462659696117043,33,34,3,-0.074723228812217712,0.16945748405187439,9.5849403559795743,0.29957718930987826,0,-66.191990463123062,61.529187415853841,5.391171982072108,-8.8817841970012523e-16,0.00061269279103726149,0.00036337182973511517
1.7722341995686293,0,0.0016462659696117043,33,34,4,0.17213186621665955,0.17916690503437552,9.2688968078432872,-9.3307201868114547,0,-143.80233693933883,76.593416016344165,-67.091579659801141,-2.2628726839002411e-06,0.00036337182973511517,0.00057498138630762696
1.7722341995686293,0,0.0016462659696117043,33,34,5,0.38202196359634399,0.001771263595887144,9.0148531427447676,-11.205745546896374,0,-127.15042707832659,66.802146928747874,-62.537401290134433,-7.1054273576010019e-15,0.00057498138630762696,0.00068222370464354753
1.7722341995686293,0,0.0016462659696117043,33,34,6,0.50717729330062866,0.01664625720503967,8.8457407467776878,-4.5378381659926017,0,-91.854256573132474,73.584546616132002,-13.945161119010343,7.1054273576010019e-15,0.00068222370464354753,0.00076773820910602808
1.7722341995686293,0,0.0016462659696117043,33,34,7,0.6617850661277771,-0.018518218635506154,8.7328228339694238,11.12471660171397,0,-86.088149215522151,79.77929636963799,13.530168371163732,7.1054273576010019e-15,0.00076773820910602808,0.000625532993581146
1.7722341995686293,0,0.0016462659696117043,33,34,8,0.71565663814544678,0.069593518057759401,8.7410551648053723,32.400680078100223,0,-28.504628812153776,79.64392227400036,92.350622222809946,1.4210854715202004e-14,0.000625532993581146,0.00064787780866026878
1.7722341995686293,0,0.0016462659696117043,33,34,9,0.65470540523529053,0.15186195175456429,8.7871006639622031,18.530139448822201,0,10.960993237051401,68.612291203146071,107.04238650473644,0,0.00064787780866026878,0.000330248789396137
1.7722341995686293,0,0.0016462659696117043,33,34,10,0.75637573003768921,0.28152116242072783,8.5518286592401545,-44.349046131983322,0,-134.05761061717237,113.22850113606816,-56.344805791426637,0,0.000330248789396137,0.00074641639366745949
1.7722341995686293,0,0.0016462659696117043,33,34,11,1.2880980968475342,-0.19331947653814704,8.2167781119679297,-73.284489697812447,0,-254.12469404370188,134.91934874241204,-184.46637636367248,5.6843418860808015e-14,0.00074641639366745949,0.00084182247519493103
1.7722341995686293,0,0.0016462659696117043,33,34,12,1.425995945930481,-0.39774400078861111,8.3379289213303114,44.854264139613022,0,-36.741666423289992,44.944272163618145,60.997054800482871,0,0.00084182247519493103,0.00046313588973134756
1.7722341995686293,0,0.0016462659696117043,33,34,13,1.0679929256439209,0.050619330575787248,8.557565607220317,45.199017319249684,0,52.495170570039555,66.107526477201517,172.40989930428685,0,0.00046313588973134756,0.00024540859158150852
1.7722341995686293,0,0.0016462659696117043,33,34,14,1.2207554578781128,0.078962942419012319,8.2668735875166366,-79.739216368602726,0,-168.33111654310557,141.34912950469888,-98.375366877073759,0,0.00024540859158150852,0.00064758578082546592
1.7722341995686293,0,0.0016462659696117043,33,34,15,1.8247772455215454,-0.47179198373107684,7.9819224758203218,-62.784615605463053,0,-249.40043137424894,91.62918220417518,-213.04573428344759,-2.8421709430404007e-14,0.00064758578082546592,0.00059596740175038576
1.7722341995686293,0,0.0016462659696117043,33,34,16,1.6869888305664062,-0.28428752428080073,8.2516993289946043,113.88078776538282,0,101.69929151577608,-12.173458525821887,211.37403256005081,0,0.00059596740175038576,0.0002074384392471984
1.7722341995686293,0,0.0016462659696117043,33,34,17,1.2530324459075928,0.058689866014601043,8.387292357564716,20.518136464941701,0,58.154162586129708,97.268985059878091,184.38726633452882,0,0.0002074384392471984,0.00036310034920461476
1.7722341995686293,0,0.0016462659696117043,33,34,18,1.7050255537033081,-0.058168839578378734,7.949113650447126,-165.80216623388048,0,-259.45663759605981,171.95551446870189,-245.41234455036968,-2.8421709430404007e-14,0.00036310034920461476,0.0005851229652762413
1.7722341995686293,0,0.0016462659696117043,33,34,19,2.3300302028656006,-0.79463603001050043,7.8381440710225219,-11.858032176211028,0,-146.32219955185221,-37.267521829826741,-188.40424551687795,0,0.0005851229652762413,0.00057879398809745908
1.7722341995686293,0,0.0016462659696117043,33,34,20,1.7896789312362671,-0.22918091716634315,8.2613289837148827,175.31318306491539,0,169.77555343678387,-52.384380323275408,300.73650424497237,0,0.00057879398809745908,0.00031791877700015903
1.7722341995686293,0,0.0016462659696117043,33,34,21,1.3888007402420044,0.032858042854141518,8.2141362081056517,-16.832586667847131,0,-0.89139080893243539,150.67444595153336,141.19746272571359,0,0.00031791877700015903,0.00026104261633008718
1.7722341995686293,0,0.0016462659696117043,33,34,22,2.0010042190551758,-0.29146309357183636,7.6705279996198374,-211.73638183770296,0,-236.99214097244266,220.30691257398445,-221.04254533011317,0,0.00026104261633008718,0.00052682735258713365
1.7722341995686293,0,0.0016462659696117043,33,34,23,2.5939278602600098,-0.92672330307000406,7.7089691151114144,-4.9742648439321462,0,-71.066512404749858,-89.230609567694444,-158.48914100433504,0,0.00052682735258713365,0.00077981350477784872
1.7722341995686293,0,0.0016462659696117043,33,34,24,2.0739331245422363,-0.44457584820423729,8.2184305747477406,207.9989126896738,0,141.08927930828509,-109.13867555617344,247.72337116832895,-2.8421709430404007e-14,0.00077981350477784872,0.00027388980379328132
1.7722341995686293,0,0.0016462659696117043,33,34,25,1.7349296808242798,-0.09971574783310494,8.2248407273523387,-0.12404162922024872,0,59.962071142312979,77.681559079681193,145.64471357229317,2.8421709430404007e-14,0.00027388980379328132,0.00058439117856323719
1.7722341995686293,0,0.0016462659696117043,33,34,26,2.1890199184417725,-0.43198069882741474,7.7073517268582554,-187.47831421924846,0,-178.45166076115825,158.0813170371614,-200.57328691521448,-2.8421709430404007e-14,0.00058439117856323719,0.00065982586238533258
1.7722341995686293,0,0.0016462659696117043,33,34,27,2.7626912593841553,-0.8766781764385877,7.4228611097537804,-105.78194831499782,0,-216.47385968364898,55.585711571277272,-260.12391349405436,-5.6843418860808015e-14,0.00065982586238533258,0.00089489424135535955
1.7722341995686293,0,0.0016462659696117043,33,34,28,2.6125216484069824,-0.93041631129547553,7.8136043481664403,175.27625298266068,0,125.40847673522912,-109.88929758098203,197.67862017377871,0,0.00089489424135535955,0.00070802430855110288
1.7722341995686293,0,0.0016462659696117043,33,34,29,2.1306638717651367,-0.32672430721975892,8.2080383319318848,148.47674399774789,0,175.66698773530075,-66.847359125037642,265.17768663272312,0,0.00070802430855110288,0.00075600127456709743
1.7722341995686293,0,0.0016462659696117043,33,34,30,2.1409204006195068,-0.064459059930556686,7.9108705363156773,-125.09015390857867,0,-90.418165153924491,111.72798120571089,-95.933926380407144,1.4210854715202004e-14,0.00075600127456709743,0.0007697446271777153
1.7722341995686293,0,0.0016462659696117043,33,34,31,2.8069133758544922,-0.72101629572408288,7.3529349494110061,-274.63917370638109,0,-227.12507470131672,199.65952082115123,-295.47280893285966,5.6843418860808015e-14,0.0007697446271777153,0.00047435372835025191
1.7722341995686293,0,0.0016462659696117043,33,34,32,3.1565051078796387,-0.98999492055796501,7.5687632205684947,76.524054442736841,0,66.675453212738248,-167.27343174613793,-17.495155790652312,7.1054273576010019e-15,0.00047435372835025191,0.0007068345439620316
1.7722341995686293,0,0.0016462659696117043,33,34,33,2.3072271347045898,-0.32831001525529763,8.2265684306489977,289.03770589401256,0,223.95879082549382,-184.60261940242199,336.29213573247807,0,0.0007068345439620316,0.00040618883213028312
1.7722341995686293,0,0.0016462659696117043,33,34,34,2.0071303844451904,0.048684008710079829,8.0458107261155387,-70.235730377870752,0,-59.128609874172255,134.21420140712496,12.944355889907566,-3.5527136788005009e-15,0.00040618883213028312,0.0007375034037977457
1.7722341995686293,0,0.0016462659696117043,33,34,35,2.8879601955413818,-0.73396841326730744,7.3747213219249668,-318.96700314404944,0,-241.34199777856617,220.21741143346125,-333.45083658049668,0,0.0007375034037977457,9.2209425929468125e-05
1.7722341995686293,0,0.0016462659696117043,33,34,36,3.249913215637207,-0.74768198746976677,7.5840919201514261,88.730387982958021,0,122.78137206032507,-245.39576221931804,-27.047592243353289,-1.0658141036401503e-14,9.2209425929468125e-05,0.00042105405009351671
1.7722341995686293,0,0.0016462659696117043,33,34,37,2.2841255664825439,-0.34346164505045745,8.2789397904028323,306.08347327197316,0,240.99905489707925,-221.27143942816642,333.74656688623838,0,0.00042105405009351671,0.00029607419855892658
1.7722341995686293,0,0.0016462659696117043,33,34,38,2.0238921642303467,0.038606305197740776,8.0774671835727894,-76.585097696346111,0,-63.232338543856983,133.00579118620988,1.3044284347773265,5.1070259132757201e-15,0.00029607419855892658,0.00063582108123227954
1.7722341995686293,0,0.0016462659696117043,33,34,39,2.925682544708252,-0.63324681852475273,7.3569837943665357,-328.63515385448187,0,-217.8509896921199,206.65697487723386,-333.10543169352616,-1.1368683772161603e-13,0.00063582108123227954,0.00029737901058979332
1.7722341995686293,0,0.0016462659696117043,33,34,40,3.3140370845794678,-0.88554241447242854,7.5145645911197665,62.169693529959055,0,141.2184621842506,-252.2622955132114,-42.245117622354407,-7.1054273576010019e-15,0.00029737901058979332,0.00054906128207221627
1.7722341995686293,0,0.0016462659696117043,33,34,41,2.4154932498931885,-0.43296221985547739,8.2146374344058621,309.32043118756195,0,252.91733379571366,-226.82702721394338,343.1924129838826,-5.6843418860808015e-14,0.00054906128207221627,0.00047616643132641912
1.7722341995686293,0,0.0016462659696117043,33,34,42,2.1500601768493652,-0.11610686614266549,8.1274727099321797,-49.7745096867569,0,19.715160617642614,71.161806499352224,49.113823274027446,-7.1054273576010019e-15,0.00047616643132641912,0.0006083802436478436
1.7722341995686293,0,0.0016462659696117043,33,34,43,2.9753172397613525,-0.52957613495263556,7.4423082376273726,-305.84089331990788,0,-171.56528659954373,117.52933506829667,-352.9641127484802,0,0.0006083802436478436,0.00075021648081019521
1.7722341995686293,0,0.0016462659696117043,33,34,44,3.5425865650177002,-1.0964257430902653,7.2258056304091056,-4.4679606574126014,0,-15.643582843097287,-135.81044990364052,-149.79261351683155,2.8421709430404007e-14,0.00075021648081019521,0.00053388596279546618
1.7722341995686293,0,0.0016462659696117043,33,34,45,2.7624385356903076,-0.62642991455463448,7.7338052742895167,257.00962138109202,0,282.68384903612582,-148.24705336850874,398.553792408444,1.1368683772161603e-13,0.00053388596279546618,0.00063457741634920239
1.7722341995686293,0,0.0016462659696117043,33,34,46,2.4746425151824951,-0.39823787275258732,7.9605049515543707,-32.487465771398803,0,37.82842460854247,30.224882731926595,43.128108647872047,7.1054273576010019e-15,0.00063457741634920239,0.00067208369728177786
1.7722341995686293,0,0.0016462659696117043,33,34,47,3.3471612930297852,-1.0496923306365313,7.4484445826368226,-269.38713671435272,0,-135.88575830666974,24.391812445757349,-374.48233032326482,0,0.00067208369728177786,0.001016022521071136
1.7722341995686293,0,0.0016462659696117043,33,34,48,3.5181503295898438,-1.1190290126442961,7.3706402310336445,85.105012496360843,0,160.26786755434449,-167.03693439585578,84.587556873238896,0,0.001016022521071136,0.00052390521159395576
1.7722341995686293,0,0.0016462659696117043,33,34,49,2.6280612945556641,-0.63796999954106115,7.8713421104979115,206.15747741175733,0,221.64160919382545,-110.11073325065834,324.92172546588131,0,0.00052390521159395576,0.0011285874061286449
1.7722341995686293,0,0.0016462659696117043,33,34,50,2.800809383392334,-0.56779379176635392,7.7005133255976084,-155.59889139038464,0,-80.540599153530039,67.70616456727474,-161.30060644280869,-2.8421709430404007e-14,0.0011285874061286449,0.00059026450617238879
1.7722341995686293,0,0.0016462659696117043,33,34,51,3.5228419303894043,-1.0780993029149972,7.1498392971460865,-194.13869075984931,0,-112.7809954334522,67.188564120300825,-233.6593820787696,-2.8421709430404007e-14,0.00059026450617238879,0.0010434008436277509
1.7722341995686293,0,0.0016462659696117043,33,34,52,3.308321475982666,-1.0769011118271374,7.3868763425641335,204.88244821893181,0,246.74320333813321,-175.88755446186519,282.0480723259368,0,0.0010434008436277509,0.00040215408080257475
1.7722341995686293,0,0.0016462659696117043,33,34,53,2.4953186511993408,-1.1451335119635604,7.8994283205729703,256.51157215413531,0,249.39130747157427,-173.778484705491,338.87868972882796,-5.6843418860808015e-14,0.00040215408080257475,0.0010092341108247638
1.7722341995686293,0,0.0016462659696117043,33,34,54,2.1169204711914062,-0.64501432221624055,7.8462355380336923,49.400140029390471,0,114.78361965862162,-40.161971335484523,131.22300956834502,-2.8421709430404007e-14,0.0010092341108247638,0.001141097629442811
1.7722341995686293,0,0.0016462659696117043,33,34,55,1.951698899269104,-1.0322608566090414,7.5534616754578092,-11.933992286574156,0,-45.602713806641916,-22.275284261006242,-73.290789535373548,0,0.001141097629442811,0.0014075629878789186
1.7722341995686293,0,0.0016462659696117043,33,34,56,2.0155379772186279,-1.5669991698792978,6.9660323716666559,-5.4246670235876895,0,-142.26879717073027,-41.134463501525353,-183.42889449405595,0,0.0014075629878789186,0.0015733275795355439
1.7722341995686293,0,0.0016462659696117043,33,34,57,2.0231893062591553,-0.59305791674141806,4.1460214773489623,3.9562979883698244,0,79.33638882432237,-58.130701122109066,28.714949251190678,1.0658141036401503e-14,0.0015733275795355439,0.0010111294686794281
1.7722341995686293,0,0.0016462659696117043,33,34,58,2.0023400783538818,0.55991022618331798,0.89933490635985314,10.346795280807298,0,96.468036746506712,-70.951377442426335,37.322699717430844,-7.1054273576010019e-15,0.0010111294686794281,0.00065743410959839821
1.7722341995686293,0,0.0016462659696117043,33,34,59,1.6254134178161621,0.2719855174645332,0.013027823230679293,22.02437693745215,0,87.672522156175418,-65.249589978076301,44.732322456246472,-7.1054273576010019e-15,0.00065743410959839821,0.00045110037899576128
1.7722341995686293,0,0.0016462659696117043,33,34,60,1.2583227157592773,0.11768622642254607,0.0044002807959824392,12.53037690902481,0,77.43000004879319,-55.360076009893561,34.722387455142972,7.1054273576010019e-15,0.00045110037899576128,0.00030327687272801995
1.7722341995686293,0,0.0016462659696117043,33,34,61,1.0095828771591187,0.047034055199738467,0.0022784663992045438,6.7320643473305912,0,65.923672597113836,-47.7836886055238,24.921360860519567,3.5527136788005009e-15,0.00030327687272801995,0.00021325185662135482
1.7722341995686293,0,0.0016462659696117043,33,34,62,0.8302004337310791,0.020961154886599317,0.00097965868826078929,3.9498895329197414,0,56.116490988781315,-41.940516855679,18.147804479596914,0,0.00021325185662135482,0.00015650974819436669
1.7722341995686293,0,0.0016462659696117043,33,34,63,0.69654077291488647,0.010380074074341874,0.00055412675009336118,2.4624761611666015,0,48.683624021723013,-37.28920920166064,13.86782518205341,1.7763568394002505e-15,0.00015650974819436669,0.00011863945110235363
1.7722341995686293,0,0.0016462659696117043,33,34,64,0.59433466196060181,0.0054270777506415244,0.00032967036553464222,1.6034896891145287,0,42.739039369529728,-33.47769885930709,10.870586947453338,-1.7763568394002505e-15,0.00011863945110235363,9.2594120360445231e-05
1.7722341995686293,0,0.0016462659696117043,33,34,65,0.51406818628311157,0.0030376217898410735,0.00018470891669778705,1.0900891338480001,0,37.941713066753259,-30.279662353937756,8.7553621773700421,0,9.2594120360445231e-05,7.4017058068420738e-05
1.7722341995686293,0,0.0016462659696117043,33,34,66,0.44954288005828857,0.0017844760104297791,0.00013444002829560977,0.76720435586020741,0,34.000368141100296,-27.543451009548829,7.2260404034503996,-1.7763568394002505e-15,7.4017058068420738e-05,6.0357651818776503e-05
1.7722341995686293,0,0.0016462659696117043,33,34,67,0.39674395322799683,0.0010965971041104455,9.819967471857024e-05,0.55453052922864254,0,30.659462905753404,-25.16598644949406,6.049201782266814,-2.6645352591003757e-15,6.0357651818776503e-05,5.0039718189509585e-05
1.7722341995686293,0,0.0016462659696117043,33,34,68,0.35285776853561401,0.00070828557342378362,7.0142630964817497e-05,0.41084716508370472,0,27.813475081564185,-23.075671381951199,5.1494292929010781,-8.8817841970012523e-16,5.0039718189509585e-05,4.2067567846970633e-05
1.7722341995686293,0,0.0016462659696117043,33,34,69,0.31584802269935608,0.00046887235865301653,5.6114104771853992e-05,0.31030320584709331,0,25.356954801310231,-21.220387323189204,4.4473956704315443,8.8817841970012523e-16,4.2067567846970633e-05,3.5799508623313159e-05
1.7722341995686293,0,0.0016462659696117043,33,34,70,0.28432357311248779,0.00031763596654786023,4.4423663400326329e-05,0.23861539911735236,0,23.192598539442969,-19.561267171933139,3.8703088262571299,0,3.5799508623313159e-05,3.0766885174671188e-05
1.7722341995686293,0,0.0016462659696117043,33,34,71,0.25713998079299927,0.00021135616238484011,4.2085578578890494e-05,0.18646070942331608,0,21.297343097534693,-18.068441008712274,3.4156162399866998,-8.8817841970012523e-16,3.0766885174671188e-05,2.6681471354095265e-05
1.7722341995686293,0,0.0016462659696117043,33,34,72,0.23353573679924011,0.00016406148098909386,3.5071315482408748e-05,0.14734921789816324,0,19.598894218975502,-16.718791326154417,3.0276512435157206,4.4408920985006262e-16,2.6681471354095265e-05,2.3312337361858226e-05
1.7722341995686293,0,0.0016462659696117043,33,34,73,0.21287389099597931,0.00012114211638309351,3.2733226344885787e-05,0.11775989464064769,0,18.084109139198279,-15.493653950335743,2.7083689588459121,8.8817841970012523e-16,2.3312337361858226e-05,2.0513298295554705e-05
1.7722341995686293,0,0.0016462659696117043,33,34,74,0.19467668235301971,8.6672523871284853e-05,4.909983735928512e-05,0.095131167768886027,0,16.711649699953689,-14.378066767048642,2.4288498730351638,0,2.0513298295554705e-05,1.8150494724977762e-05
1.7722341995686293,0,0.0016462659696117043,33,34,75,0.17854326963424683,6.1856136446606684e-05,4.6761752537849285e-05,0.077444554845917113,0,15.461729342465063,-13.359339586263429,2.179942928936534,-1.3322676295501878e-15,1.8150494724977762e-05,1.6147687347256579e-05
1.7722341995686293,0,0.0016462659696117043,33,34,76,0.16418218612670898,5.6913498058699422e-05,2.454991867964256e-05,0.063460001639168401,0,14.338855709125253,-12.427072245109844,1.9753249290713164,0,1.6147687347256579e-05,1.4427599126065616e-05
1.7722341995686293,0,0.0016462659696117043,33,34,77,0.15132050216197968,3.3833478958987698e-05,3.8578447030649621e-05,0.052525800814733167,0,13.326718013605097,-11.572167995385437,1.8071482309603837,6.6613381477509392e-16,1.4427599126065616e-05,1.2941533896082547e-05
1.7722341995686293,0,0.0016462659696117043,33,34,78,0.13975578546524048,2.5349311966487986e-05,5.6114104771853992e-05,0.043438104103033684,0,12.393898531515841,-10.787114099768784,1.6503039992668294,8.8817841970012523e-16,1.2941533896082547e-05,1.1665882084344048e-05
1.7722341995686293,0,0.0016462659696117043,33,34,79,0.12938465178012848,2.3612945799565114e-05,3.9747489441367539e-05,0.036024933179844565,0,11.51847455226412,-10.065348227467075,1.4892146184121324,1.5543122344752192e-15,1.1665882084344048e-05,1.0529028259043116e-05
1.7722341995686293,0,0.0016462659696117043,33,34,80,0.12000244110822678,1.7350832100246347e-05,2.3380876268924642e-05,0.030336071244283683,0,10.735850981913496,-9.4010819501465104,1.3651458347196375,0,1.0529028259043116e-05,9.5242248789872974e-06
1.7722341995686293,0,0.0016462659696117043,33,34,81,0.11149250715970993,1.5012745120766952e-05,2.5718963248404038e-05,0.025606667328085496,0,10.022905787346398,-8.789119712117337,1.2594334742655158,4.4408920985006262e-16,9.5242248789872974e-06,8.6339077824959531e-06
1.7722341995686293,0,0.0016462659696117043,33,34,82,0.10377069562673569,1.2674655983243993e-05,2.8057052385926996e-05,0.021560650963414512,0,9.36440530963276,-8.2253023533805241,1.1607043389240197,-6.6613381477509392e-16,8.6339077824959531e-06,7.8461171142407693e-06
1.7722341995686293,0,0.0016462659696117043,33,34,83,0.096772164106369019,1.093828873729934e-05,1.1690438134462321e-05,0.018238753858639899,0,8.7437943721931983,-7.705878031020732,1.0561777237579781,-6.6613381477509392e-16,7.8461171142407693e-06,7.1376548476109747e-06
1.7722341995686293,0,0.0016462659696117043,33,34,84,0.090394057333469391,1.1088718400927579e-05,7.014263096481749e-06,0.01560024430539249,0,8.1921603200041417,-7.2272578289561009,0.9805208383349302,-1.3322676295501878e-15,7.1376548476109747e-06,6.496942660305649e-06
1.7722341995686293,0,0.0016462659696117043,33,34,85,0.084564022719860077,8.4497720941917036e-06,1.8704700151922288e-05,0.013301165655221504,0,7.678234778274188,-6.7860474381558662,0.905515660245789,0,6.496942660305649e-06,5.9201283875154331e-06
1.7722341995686293,0,0.0016462659696117043,33,34,86,0.079276964068412781,6.5629730265752479e-06,7.014263096481749e-06,0.011341517908126944,0,7.1888795081815928,-6.3795359371407914,0.82069866618505194,6.6613381477509392e-16,5.9201283875154331e-06,5.3929575187794399e-06
1.7722341995686293,0,0.0016462659696117043,33,34,87,0.074442237615585327,3.9240267198393725e-06,1.8704700151922288e-05,0.0098434961892163234,0,6.7644822614470774,-6.0052930006448477,0.76905538571831744,-1.1102230246251565e-16,5.3929575187794399e-06,4.9122650125354994e-06
1.7722341995686293,0,0.0016462659696117043,33,34,88,0.070008613169193268,5.660392886762244e-06,3.5071315482408748e-05,0.008426937887044043,0,6.3652119530309657,-5.6608702004205123,0.71280942220586663,-1.1102230246251565e-16,4.9122650125354994e-06,4.4829957914771512e-06
1.7722341995686293,0,0.0016462659696117043,33,34,89,0.065995492041110992,2.3036920811713912e-06,3.3902270913647264e-05,0.0071823579090971512,0,5.9919556290266316,-5.3441585391233364,0.6550156537753874,1.1102230246251565e-16,4.4829957914771512e-06,4.0750296648184303e-06
1.7722341995686293,0,0.0016462659696117043,33,34,90,0.062320016324520111,1.2098639627567043e-06,3.2733226344885787e-05,0.0062025340355498712,0,5.6527872191819188,-5.0534201305295685,0.60560356577820862,8.8817841970012523e-16,4.0750296648184303e-06,3.706851884999196e-06
1.7722341995686293,0,0.0016462659696117043,33,34,91,0.058988962322473526,1.4355089977099553e-06,2.5718963248404038e-05,0.0052747562338076436,0,5.3436923873497779,-4.7871705301564207,0.56182376789941135,2.2204460492503131e-16,3.706851884999196e-06,3.3673177313175984e-06
1.7722341995686293,0,0.0016462659696117043,33,34,92,0.055978462100028992,2.830196443381122e-06,1.7535657741204374e-05,0.0045008537747933943,0,5.04889891090059,-4.543800835523311,0.50961929500625724,6.6613381477509392e-16,3.3673177313175984e-06,3.0502649224217748e-06
1.7722341995686293,0,0.0016462659696117043,33,34,93,0.053248632699251175,2.262872687176166e-06,-0,0.0038830895311943009,0,4.7855887821480838,-4.3218990140734412,0.46757512047852401,-1.1102230246251565e-16,3.0502649224217748e-06,2.7515357032825705e-06
1.7722341995686293,0,0.0016462659696117043,33,34,94,0.050792533904314041,1.8867979885946754e-06,1.1690438134462321e-05,0.0033648916858309589,0,4.5501934508645832,-4.1202747947733585,0.43329712501317946,4.9960036108132044e-16,2.7515357032825705e-06,2.4711841888347408e-06
1.7722341995686293,0,0.0016462659696117043,33,34,95,0.048572249710559845,1.5859375823164137e-06,2.1042789289445247e-05,0.0028761111854009071,0,4.3258861957482457,-3.9379800339671331,0.39080490169338544,0,2.4711841888347408e-06,2.2150536551635014e-06
1.7722341995686293,0,0.0016462659696117043,33,34,96,0.046607460826635361,1.8867979885946754e-06,1.1690438134462321e-05,0.0024303252660272025,0,4.1274752556639527,-3.7739851245821021,0.35593403358400072,2.7755575615628914e-16,2.2150536551635014e-06,1.9652409264381276e-06
1.7722341995686293,0,0.0016462659696117043,33,34,97,0.044857528060674667,-6.0171865451296019e-07,1.8704700151922288e-05,0.0020501626545816067,0,3.9532680018416957,-3.6274709067055069,0.32786536077226752,-1.6653345369377348e-16,1.9652409264381276e-06,1.7329793990938924e-06
1.7722341995686293,0,0.0016462659696117043,33,34,98,0.043327435851097107,2.6646442894847593e-07,2.6888007817165518e-05,0.0016994173880693008,0,3.7862159514562892,-3.4977675700219435,0.29017495329466131,3.8857805861880479e-16,1.7329793990938924e-06,1.5122823242563754e-06
1.7722341995686293,0,0.0016462659696117043,33,34,99,0.042000163346529007,-6.7693510485975242e-07,2.1042789289445247e-05,0.0013939295753005183,0,3.6367509475956163,-3.3844587459569713,0.2537064970681302,2.2204460492503131e-16,1.5122823242563754e-06,1.3041113788858638e-06
1.7722341995686293,0,0.0016462659696117043,33,34,100,0.040876824408769608,7.5214831814120024e-08,-2.3380875189902861e-06,0.0011291734709009068,0,3.505558640683891,-3.2873724561863651,0.21931309509573968,-1.3877787807814457e-16,1.3041113788858638e-06,1.1029076176782837e-06
1.7722341995686293,0,0.0016462659696117043,33,34,101,0.039928920567035675,6.0171865451296019e-07,-1.8704700151922288e-05,0.00091420056561917107,0,3.4104523645145641,-3.2066331587079193,0.20471530339076621,-2.7755575615628914e-16,1.1029076176782837e-06,8.9753643806034233e-07
1.7722341995686293,0,0.0016462659696117043,33,34,102,0.039151336997747421,3.7607469858149087e-07,-1.1690438134462321e-05,0.00073317075064507778,0,3.3372348558482918,-3.1434017072101561,0.19455500502534523,3.8857805861880479e-16,8.9753643806034233e-07,7.0230339588306379e-07
1.7722341995686293,0,0.0016462659696117043,33,34,103,0.038550820201635361,4.5129006990650165e-07,-1.4028526192963498e-05,0.00055214093567098449,0,3.2846140143806974,-3.0985379933142014,0.18661458476604406,-2.7755575615628914e-17,7.0230339588306379e-07,5.1466662398524932e-07
1.7722341995686293,0,0.0016462659696117043,33,34,104,0.038116417825222015,9.0258013981300329e-07,-2.8057052385926996e-05,0.00040957995637888606,0,3.2753022932729676,-3.0719560278579428,0.20372869089915741,-3.8857805861880479e-16,5.1466662398524932e-07,3.3845469715743093e-07
1.7722341995686293,0,0.0016462659696117043,33,34,105,0.037816163152456284,1.2786537593727125e-06,-3.9747489441367539e-05,0.00028512195858419693,0,3.3138095977906441,-3.0706231958451959,0.24343305506835042,8.3266726846886741e-17,3.3845469715743093e-07,1.5363940519819153e-07
1.7722341995686293,0,0.0016462659696117043,33,34,106,0.037669569253921509,8.2736368946621096e-07,-2.5718963248404038e-05,0.00020818428722020729,0,3.4245659014644816,-3.1120790234742635,0.31267017067787956,-5.5511151231257827e-17,1.5363940519819153e-07,1.5363940519819153e-07
1.773880465538241,0,0.0016462659696117043,34,34,0,0.010257205925881863,-2.8285908589702075e-07,4.4711917567508035,-3.0144349355862681,0,-136.8188402819907,170.51091464819012,35.148821853014113,-9.0514907640226738e-06,0.00012359411630313843,0.00012359411630313843
1.773880465538241,0,0.0016462659696117043,34,34,1,-0.2430487722158432,0.01006299483987241,9.2221407666626813,-0.01063550162972798,0,-8.85146185464904,57.406029721277022,57.776136126500809,0,0.00012359411630313843,0.00017151054635178298
1.773880465538241,0,0.0016462659696117043,34,34,2,-0.020998969674110413,0.09144155385244529,9.5290406119882611,1.3163898383721968,0,-42.084191168333192,53.284374574164488,22.137053854319227,-1.5557249710695942e-06,0.00017151054635178298,0.00045037304516881704
1.773880465538241,0,0.0016462659696117043,34,34,3,-0.12254677712917328,0.15254986505146587,9.4784535273482664,0.42862429291416071,0,24.253297482829922,58.83396574732042,93.14689091546424,0,0.00045037304516881704,0.00042413751361891627
1.773880465538241,0,0.0016462659696117043,34,34,4,0.05715884268283844,0.19521180382279812,9.2549201746909429,-5.2309560700746616,0,-74.758049762974693,64.014740352684271,-6.524133501851348,-9.7699626167013776e-15,0.00042413751361891627,0.00042023410787805915
1.773880465538241,0,0.0016462659696117043,34,34,5,0.31768527626991272,0.062282742123665004,9.0291974927087768,-16.580593165403194,0,-119.51252574282861,74.409255092718738,-52.592383580680639,-7.1054273576010019e-15,0.00042023410787805915,0.00058437563711777329
1.773880465538241,0,0.0016462659696117043,34,34,6,0.54039531946182251,-0.069183372383208722,8.9670522201008573,-3.0708087514055444,0,-110.66893868513095,64.346070171540603,-40.495808417278248,-7.1054273576010019e-15,0.00058437563711777329,0.00070129247615113854
1.773880465538241,0,0.0016462659696117043,34,34,7,0.6441074013710022,-0.14315668052699759,9.0324809209778696,21.079546127139359,0,-72.776845890662088,68.823154731627895,26.015179208556034,0,0.00070129247615113854,0.00067220849450677633
1.773880465538241,0,0.0016462659696117043,34,34,8,0.70879858732223511,-0.078626340106794868,9.0705944856479768,22.991402003080761,0,-34.192440774787805,64.182998514211931,61.97392788804607,0,0.00067220849450677633,0.00051656010327860713
1.773880465538241,0,0.0016462659696117043,34,34,9,0.72350209951400757,0.10007611030853775,9.0094527970768219,8.6606111722126027,0,-1.5556616119983733,76.239837633227509,92.4543161008271,0,0.00051656010327860713,0.00026394927408546209
1.773880465538241,0,0.0016462659696117043,34,34,10,0.72074329853057861,0.23997991134771959,8.836167098156416,-31.151501942852988,0,-47.224994390550755,94.82573426506174,25.525384941162127,-3.5527136788005009e-15,0.00026394927408546209,0.00066670059459283948
1.773880465538241,0,0.0016462659696117043,34,34,11,1.0718182325363159,-0.053976302207213091,8.5492710473854725,-85.646581290837332,0,-228.18514909184202,134.6071809294707,-170.72925470803037,2.8421709430404007e-14,0.00066670059459283948,0.00067575136199593544
1.773880465538241,0,0.0016462659696117043,34,34,12,1.5020489692687988,-0.51544506073939222,8.5105906331072276,3.0302218668883527,0,-191.78935823304153,49.286670541364714,-131.47732025242061,0,0.00067575136199593544,0.00049305782886222005
1.773880465538241,0,0.0016462659696117043,34,34,13,1.2602249383926392,-0.10468954199951815,8.7788417443721833,88.712574649164566,0,34.449756553791985,22.698894028045618,154.53537743337483,0,0.00049305782886222005,0.00013499156921170652
1.773880465538241,0,0.0016462659696117043,34,34,14,1.0443252325057983,0.16942071237070777,8.7237775661206101,-23.285647864339651,0,-34.886147025768537,116.34174327610363,67.063146664486766,0,0.00013499156921170652,0.00060766906244680285
1.773880465538241,0,0.0016462659696117043,34,34,15,1.4973922967910767,-0.078020455944803446,8.3279111839441828,-132.61715637942351,0,-246.50833525618583,170.7297615915123,-200.14583931609764,2.8421709430404007e-14,0.00060766906244680285,0.00055588013492524624
1.773880465538241,0,0.0016462659696117043,34,34,16,1.928737998008728,-0.49365529391640112,8.350711323421999,28.311397587650429,0,-109.42528195924044,-5.8966479571881463,-79.153476299272555,1.4210854715202004e-14,0.00055588013492524624,0.00035177110112272203
1.773880465538241,0,0.0016462659696117043,34,34,17,1.4226211309432983,-0.0335719791869456,8.6975140999950717,112.92951229365696,0,108.65967066575199,-8.1028221063144255,222.15030297390265,0,0.00035177110112272203,0.00033442996209487319
1.773880465538241,0,0.0016462659696117043,34,34,18,1.3180201053619385,0.1382473782321689,8.5600179954950448,-73.561248078944843,0,-103.49242803905747,156.33032425480596,-12.025086489469121,2.4868995751603507e-14,0.00033442996209487319,0.00041492728632874787
1.773880465538241,0,0.0016462659696117043,34,34,19,2.0076587200164795,-0.23483583601159638,8.1404802678562405,-144.54658671466032,0,-284.72774805910933,202.99401760104806,-218.37467274087697,-2.8421709430404007e-14,0.00041492728632874787,0.00049352808855473995
1.773880465538241,0,0.0016462659696117043,34,34,20,2.0976934432983398,-0.332322088529661,8.3154472811832161,98.390573381531581,0,76.201676548230978,-79.396635546745756,103.17873957567036,0,0.00049352808855473995,0.0003140430198982358
1.773880465538241,0,0.0016462659696117043,34,34,21,1.4800108671188354,0.044408876485832263,8.6397361716734018,88.013654739512589,0,140.0576990106367,-17.114920767280729,219.64057803102781,2.8421709430404007e-14,0.0003140430198982358,0.00042465596925467253
1.773880465538241,0,0.0016462659696117043,34,34,22,1.6739422082901001,-0.027527280521326268,8.3204306925585509,-135.92312286048039,0,-175.47191000668468,145.98874263266993,-157.1133868224579,2.8421709430404007e-14,0.00042465596925467253,0.00020286151266191155
1.773880465538241,0,0.0016462659696117043,34,34,23,2.3234784603118896,-0.30434845637078922,7.9546684371759717,-122.12691307323074,0,-270.1803369516432,158.95981852326767,-225.69711152080106,2.8421709430404007e-14,0.00020286151266191155,0.00068105926038697362
1.773880465538241,0,0.0016462659696117043,34,34,24,2.2524454593658447,-0.52066890233773844,8.2396353889810978,147.15290916680533,0,117.29776172898183,-100.95916922023599,171.2104681621945,0,0.00068105926038697362,0.00060856301570311189
1.773880465538241,0,0.0016462659696117043,34,34,25,1.7838598489761353,0.028982873377352336,8.5736987580435393,109.05091230187401,0,148.77167777230366,-53.734862742982145,212.69040896261643,2.8421709430404007e-14,0.00060856301570311189,0.00035995698999613523
1.773880465538241,0,0.0016462659696117043,34,34,26,1.8719159364700317,0.081609372026664836,8.2789267788848804,-112.35644431137496,0,-71.691065266410476,97.851539004464712,-77.835434422409165,1.4210854715202004e-14,0.00035995698999613523,0.00065067666582763195
1.773880465538241,0,0.0016462659696117043,34,34,27,2.372657299041748,-0.42327373044533262,7.780325410992484,-230.1249559712154,0,-193.45113952257771,194.87084774353053,-221.34819606971544,-2.8421709430404007e-14,0.00065067666582763195,0.00035425293026492
1.773880465538241,0,0.0016462659696117043,34,34,28,2.8015816211700439,-0.70891162400220575,7.8659615649659784,-2.9431103199228192,0,-87.672739391953385,-59.635420944173731,-143.09422071508615,2.8421709430404007e-14,0.00035425293026492,0.00060741434572264552
1.773880465538241,0,0.0016462659696117043,34,34,29,2.322371244430542,-0.39890824878616327,8.4025984284207755,246.64573688575118,0,168.48821421654009,-123.87421284736068,299.26342843456518,0,0.00060741434572264552,0.00021245131210889667
1.773880465538241,0,0.0016462659696117043,34,34,30,1.9189542531967163,-0.049856742480208882,8.4982285596171838,36.338838879009643,0,110.78553998895576,38.365576275533599,193.93832696063598,-2.8421709430404007e-14,0.00021245131210889667,0.00040899406303651631
1.773880465538241,0,0.0016462659696117043,34,34,31,2.3090279102325439,-0.12863073502984199,7.9734491490431907,-227.09502375203101,0,-205.67267956725672,177.32522084046346,-247.59766406481094,-2.8421709430404007e-14,0.00040899406303651631,0.00051140785217285156
1.773880465538241,0,0.0016462659696117043,34,34,32,3.0895843505859375,-0.70764950676093319,7.6313882221860947,-130.83068175333315,0,-251.92326287572791,89.123874388785708,-286.70633152485021,-5.6843418860808015e-14,0.00051140785217285156,0.00051896017976105213
1.773880465538241,0,0.0016462659696117043,34,34,33,2.7311248779296875,-0.49080577148507454,8.1279467817601425,277.3896683031715,0,298.0508183219427,-234.35859163612554,348.71903599926372,0,0.00051896017976105213,0.00035284733166918159
1.773880465538241,0,0.0016462659696117043,34,34,34,1.9610891342163086,-0.066663097927866261,8.5309655387825618,140.70542368861402,0,213.96869669211148,-53.643913363939156,309.49450945764102,-5.6843418860808015e-14,0.00035284733166918159,0.00032813346479088068
1.773880465538241,0,0.0016462659696117043,34,34,35,2.3201944828033447,-0.11044006721580459,8.0903791351258167,-239.99832207990247,0,-197.18694319630907,164.81555374227167,-264.38977246602985,0,0.00032813346479088068,0.00056403712369501591
1.773880465538241,0,0.0016462659696117043,34,34,36,3.2224051952362061,-0.78506124995288629,7.6294364944934054,-162.07961394260519,0,-268.07865321171994,123.71852720648296,-299.5953647033017,-5.6843418860808015e-14,0.00056403712369501591,0.00029986200388520956
1.773880465538241,0,0.0016462659696117043,34,34,37,2.7872574329376221,-0.46779235625649296,8.0477279449997479,281.60404239576837,0,372.07101318780985,-283.44388461131308,377.81110656100844,0,0.00029986200388520956,0.00049829238560050726
1.773880465538241,0,0.0016462659696117043,34,34,38,1.9468684196472168,0.048617253965808134,8.5338614501039753,142.57712715159414,0,239.44625355615747,-88.886797743095642,301.71906166872577,5.6843418860808015e-14,0.00049829238560050726,0.00032719943556003273
1.773880465538241,0,0.0016462659696117043,34,34,39,2.3791050910949707,-0.18763174603892976,8.1016759612983709,-251.70733051242681,0,-201.77604900590234,149.69348159015175,-295.87585371291794,0,0.00032719943556003273,0.00039655601722188294
1.773880465538241,0,0.0016462659696117043,34,34,40,3.2987773418426514,-0.74333218044684235,7.5797421131285017,-197.14610287005092,0,-222.37963154351183,86.869111837320389,-325.82021264356069,0,0.00039655601722188294,0.00030874169897288084
1.773880465538241,0,0.0016462659696117043,34,34,41,2.9422388076782227,-0.61543574760398911,7.9549637420616479,252.22362754473292,0,320.64942183249269,-270.21248784678261,310.00008952490066,5.6843418860808015e-14,0.00030874169897288084,0.00025314214872196317
1.773880465538241,0,0.0016462659696117043,34,34,42,2.1989576816558838,-0.37940002335001755,8.5108248404303506,203.67157599253309,0,190.21439884276691,-133.25532268317016,268.76207696921017,0,0.00025314214872196317,0.00046352233039215207
1.773880465538241,0,0.0016462659696117043,34,34,43,2.4146215915679932,-0.27575479709563117,8.2187637827509281,-155.56717496680119,0,-104.62552985694332,77.667873225669155,-174.58182261242004,2.8421709430404007e-14,0.00046352233039215207,0.00046591038699261844
1.773880465538241,0,0.0016462659696117043,34,34,44,3.1817023754119873,-0.69455143392938579,7.5854151349552517,-283.37321057154719,0,-109.63889714090986,90.726495134788365,-295.39474887664284,0,0.00046591038699261844,0.00066897267242893577
1.773880465538241,0,0.0016462659696117043,34,34,45,3.3529922962188721,-0.97034583129704255,7.5611345110218515,15.622438560708312,0,69.207118969187945,-169.63941901592335,-78.219072806302265,1.4210854715202004e-14,0.00066897267242893577,0.00051977025577798486
1.773880465538241,0,0.0016462659696117043,34,34,46,2.8287851810455322,-0.76571425419570183,8.0350026804434123,224.38355918334904,0,113.41373084274966,-76.97344285542853,268.09313559691788,0,0.00051977025577798486,0.00074193871114403009
1.773880465538241,0,0.0016462659696117043,34,34,47,2.5858771800994873,-0.68540603396416333,8.3306571799500713,113.90931806422273,0,32.563063822131987,-46.588674590916817,107.52895844142381,0,0.00074193871114403009,0.00054065370932221413
1.773880465538241,0,0.0016462659696117043,34,34,48,2.8329300880432129,-0.6189703547413582,8.0969499516912045,-117.59870569339475,0,-5.306201112668643,-20.329648221590677,-135.75657543070423,0,0.00054065370932221413,0.0006402541184797883
1.773880465538241,0,0.0016462659696117043,34,34,49,3.3315010070800781,-0.99177297277191367,7.5640241994433755,-230.92467328184497,0,3.4100224187040005,7.4326497312803328,-213.50974990518918,2.8421709430404007e-14,0.0006402541184797883,0.00074702635174617171
1.773880465538241,0,0.0016462659696117043,34,34,50,3.3402824401855469,-1.0304975130675593,7.628382561539353,61.919727561442826,0,84.773655523032261,-119.1300731042236,34.161195028723277,7.1054273576010019e-15,0.00074702635174617171,0.00056882493663579226
1.773880465538241,0,0.0016462659696117043,34,34,51,2.7044816017150879,-0.73685187878894165,8.1443022598248813,189.46565952803405,0,118.01362602931538,-103.44622923027607,211.4405067081093,0,0.00056882493663579226,0.00074527680408209562
1.773880465538241,0,0.0016462659696117043,34,34,52,2.9135031700134277,-0.7785339936867266,7.9463008996969657,-122.13820933368511,0,-85.287056078298789,9.7921199277266755,-190.465378578247,0,0.00074527680408209562,0.0003745701105799526
1.773880465538241,0,0.0016462659696117043,34,34,53,3.3992395401000977,-1.3928411335379867,7.5703025397139463,-21.208873826956854,0,-1.1804592174830675,-115.06848817546485,-131.28035981372881,0,0.0003745701105799526,0.00094144203467294574
1.773880465538241,0,0.0016462659696117043,34,34,54,2.5238168239593506,-0.98583066909538908,7.9579405510816281,305.04233460009419,0,326.77677418588382,-163.98679924932028,474.80441941864399,0,0.00094144203467294574,0.0013157840585336089
1.773880465538241,0,0.0016462659696117043,34,34,55,1.7036633491516113,-0.4424363020785122,8.0724085316806065,101.76228989138706,0,146.9553694327056,14.334230397352666,270.68186195104744,5.6843418860808015e-14,0.0013157840585336089,0.00152026885189116
1.773880465538241,0,0.0016462659696117043,34,34,56,1.8710156679153442,-1.3595508820005944,7.4443974348358077,-70.616110225094317,0,-110.75708210204184,33.703479244542784,-141.58486652975816,-2.8421709430404007e-14,0.00152026885189116,0.0017656453419476748
1.773880465538241,0,0.0016462659696117043,34,34,57,2.2787964344024658,-1.3599355703574143,5.4449819631368142,-56.782246236330039,0,-15.368272700484686,-97.290346578045032,-165.35581912208036,-2.8421709430404007e-14,0.0017656453419476748,0.001260474557057023
1.773880465538241,0,0.0016462659696117043,34,34,58,2.1505188941955566,-0.14668124616681741,2.0764590737906521,-2.6818480909522076,0,120.26708516611289,-90.434240601494196,29.080774301290326,7.1054273576010019e-15,0.001260474557057023,0.00084730517119169235
1.773880465538241,0,0.0016462659696117043,34,34,59,1.902525782585144,0.51374200154059202,0.15954408631105577,17.439543431492272,0,78.799019921553281,-82.242279414286514,14.669570026610675,-1.0658141036401503e-14,0.00084730517119169235,0.0005519973929040134
1.773880465538241,0,0.0016462659696117043,34,34,60,1.4398119449615479,0.17111316297263898,0.00093757317873929282,17.079004451989867,0,69.631742503191177,-66.715352183958544,20.167445507373888,3.5527136788005009e-15,0.0005519973929040134,0.00035571018815971911
1.773880465538241,0,0.0016462659696117043,34,34,61,1.1204767227172852,0.069297662094078644,0.0030418519695690296,8.9072461921333073,0,59.648817150481811,-55.45442874945806,13.173974107220706,5.3290705182007514e-15,0.00035571018815971911,0.00024168216623365879
1.773880465538241,0,0.0016462659696117043,34,34,62,0.90293717384338379,0.028738869434199444,0.0017465514074378645,4.9298039213745088,0,50.692765320231487,-47.558234073955063,8.0948205884925706,3.5527136788005009e-15,0.00024168216623365879,0.00017380971985403448
1.773880465538241,0,0.0016462659696117043,34,34,63,0.74714136123657227,0.013666564555457424,0.00063479082749594686,2.9382225149185186,0,44.082642656267446,-41.641238365563829,5.3939281610050891,3.5527136788005009e-15,0.00017380971985403448,0.0001293918612645939
1.773880465538241,0,0.0016462659696117043,34,34,64,0.63113695383071899,0.0067981594109016684,0.00040682722506724442,1.8588141401539899,0,38.744001000755446,-36.98163954601965,3.6283805815257519,-1.7763568394002505e-15,0.0001293918612645939,9.9662705906666815e-05
1.773880465538241,0,0.0016462659696117043,34,34,65,0.54192405939102173,0.0036659482582691023,0.00020808978217649388,1.2359629587541245,0,34.431653572294572,-33.179868607711711,2.4916219613774304,-2.6645352591003757e-15,9.9662705906666815e-05,7.8918630606494844e-05
1.773880465538241,0,0.0016462659696117043,34,34,66,0.47134944796562195,0.0020939974483187942,0.00011456629436514382,0.85663308445740949,0,30.878925350446497,-29.993345598574731,1.7444214000718603,-6.6613381477509392e-16,7.8918630606494844e-05,6.3893057813402265e-05
1.773880465538241,0,0.0016462659696117043,34,34,67,0.41419607400894165,0.0012735524551479188,8.4171157157780988e-05,0.61307557139126434,0,27.898722021435486,-27.267815013269274,1.2453403031697825,2.886579864025407e-15,6.3893057813402265e-05,5.2676350605906919e-05
1.773880465538241,0,0.0016462659696117043,34,34,68,0.36711549758911133,0.0008058147483233992,6.3128363552248618e-05,0.44985909021062181,0,25.335502768235802,-24.900922594408993,0.8853082071493058,-1.8873791418627661e-15,5.2676350605906919e-05,4.4085925765102729e-05
1.773880465538241,0,0.0016462659696117043,34,34,69,0.32770657539367676,0.00052902652814709554,5.0268879770003037e-05,0.33743957511170991,0,23.122956369622433,-22.821233977005111,0.63974126313694823,5.5511151231257827e-16,4.4085925765102729e-05,3.7377812986960635e-05
1.773880465538241,0,0.0016462659696117043,34,34,70,0.29430669546127319,0.00036787045357759883,3.0395139365406391e-05,0.25764163267112955,0,21.167852470883723,-20.976757398197069,0.44913497095072547,-1.3877787807814457e-15,3.7377812986960635e-05,3.2038111385190859e-05
1.773880465538241,0,0.0016462659696117043,34,34,71,0.265684574842453,0.00025110365344474035,2.3380875189902861e-06,0.19991122467589123,0,19.448576112111766,-19.328643859691429,0.32009691883719177,1.0547118733938987e-15,3.2038111385190859e-05,2.7721052902052179e-05
1.773880465538241,0,0.0016462659696117043,34,34,72,0.2409195750951767,0.00018336790249308358,-2.3380875189902861e-06,0.15751404200895858,0,17.92214176374096,-17.84723162630468,0.23260520926021247,-1.5265566588595902e-15,2.7721052902052179e-05,2.4175869839382358e-05
1.773880465538241,0,0.0016462659696117043,34,34,73,0.2192951887845993,0.00012611915182735234,1.8704700151922288e-05,0.12562564010127203,0,16.558498476485607,-16.50921310935891,0.17505583107994821,-1.6653345369377348e-16,2.4175869839382358e-05,2.1236715838313103e-05
1.773880465538241,0,0.0016462659696117043,34,34,74,0.20029988884925842,9.4288503464236002e-05,2.3380876268924642e-05,0.10082455544982126,0,15.31829036857034,-15.296078010273018,0.12315458312687566,-4.4408920985006262e-16,2.1236715838313103e-05,1.8776594515657052e-05
1.773880465538241,0,0.0016462659696117043,34,34,75,0.18352301418781281,7.4449153641860226e-05,7.014263096481749e-06,0.08178927040529535,0,14.195661125480745,-14.192402588811213,0.085129270491567363,2.0816681711721685e-16,1.8776594515657052e-05,1.6672724086674862e-05
1.773880465538241,0,0.0016462659696117043,34,34,76,0.16859942674636841,5.6346172144450901e-05,7.014263096481749e-06,0.067134906883142498,0,13.187777630612482,-13.185614324323542,0.06936157360732384,-2.4980018054066022e-16,1.6672724086674862e-05,1.4874827684252523e-05
1.773880465538241,0,0.0016462659696117043,34,34,77,0.15526710450649261,4.1449462868025967e-05,1.2859481624202019e-05,0.055413226363569955,0,12.276328718180917,-12.264969097291292,0.066827156197686532,-1.1102230246251565e-15,1.4874827684252523e-05,1.3325457985047251e-05
1.773880465538241,0,0.0016462659696117043,34,34,78,0.14330770075321198,3.5905103667562181e-05,9.3523500759611442e-06,0.045818646169943009,0,11.44769189460925,-11.42169601317897,0.071859785053966327,-2.9143354396410359e-16,1.3325457985047251e-05,1.198891277454095e-05
1.773880465538241,0,0.0016462659696117043,34,34,79,0.13256394863128662,2.598542848661885e-05,1.169043759495143e-06,0.038043415616805708,0,10.67101062793515,-10.64808320186868,0.060997996155520734,-2.1926904736346842e-15,1.198891277454095e-05,1.0814252163982019e-05
1.773880465538241,0,0.0016462659696117043,34,34,80,0.12287922948598862,2.1459683112266517e-05,1.169043759495143e-06,0.031906504889183944,0,9.9682800406779659,-9.937486869150872,0.062722305143148971,5.5511151231257827e-17,1.0814252163982019e-05,9.7801603260450065e-06
1.773880465538241,0,0.0016462659696117043,34,34,81,0.1141016036272049,1.780212217015285e-05,9.3523500759611442e-06,0.026824092833786273,0,9.3316660675946945,-9.2839647113490216,0.074552603551705968,7.3552275381416621e-16,9.7801603260450065e-06,8.8657825472182594e-06
1.773880465538241,0,0.0016462659696117043,34,34,82,0.10616171360015869,1.4595849949168454e-05,3.5071315482408745e-06,0.022601572399515546,0,8.726976702382105,-8.6827963760376772,0.066800001725440428,4.4408920985006262e-16,8.8657825472182594e-06,8.0476038419874385e-06
1.773880465538241,0,0.0016462659696117043,34,34,83,0.098947115242481232,9.051490748704664e-06,-0,0.019243469331746116,0,8.1839144119320704,-8.1297367140556993,0.073430218698866595,1.2490009027033011e-15,8.0476038419874385e-06,7.308460226340685e-06
1.773880465538241,0,0.0016462659696117043,34,34,84,0.09236723929643631,1.093828873729934e-05,1.1690438134462321e-05,0.016455610181145081,0,7.6894767297840785,-7.620717080311544,0.085237888380551824,2.4980018054066022e-16,7.308460226340685e-06,6.6503371272119693e-06
1.773880465538241,0,0.0016462659696117043,34,34,85,0.086368098855018616,8.4497720941917036e-06,1.8704700151922288e-05,0.014034336405866583,0,7.2390971788554062,-7.1520173121074935,0.10114135762602593,9.8532293435482643e-16,6.6503371272119693e-06,6.0581851357710548e-06
1.773880465538241,0,0.0016462659696117043,34,34,86,0.080909833312034607,3.9240267198393725e-06,1.8704700151922288e-05,0.011925339061418395,0,6.8096989834822317,-6.72058253131586,0.10106441995466194,-2.6367796834847468e-16,6.0581851357710548e-06,5.5233522289199755e-06
1.773880465538241,0,0.0016462659696117043,34,34,87,0.075944140553474426,5.5443592004637895e-06,3.5071315482408745e-06,0.010182927092292748,0,6.4182446373276267,-6.323760651147273,0.10467596476339509,2.9143354396410359e-16,5.5233522289199755e-06,5.0333128456259146e-06
1.773880465538241,0,0.0016462659696117043,34,34,88,0.071408472955226898,3.356701614857189e-06,1.169043759495143e-06,0.0087618430447461149,0,6.0695631107060253,-5.9588769560854908,0.11945252341065546,3.0531133177191805e-16,5.0333128456259146e-06,4.5823549044143874e-06
1.773880465538241,0,0.0016462659696117043,34,34,89,0.067272968590259552,4.2248860470958518e-06,9.3523500759611442e-06,0.0075670462659170991,0,5.7431663543077356,-5.6235690070451003,0.12717797076467488,-5.2735593669694936e-16,4.5823549044143874e-06,4.1649500417406671e-06
1.773880465538241,0,0.0016462659696117043,34,34,90,0.063501119613647461,3.9240267198393725e-06,1.8704700151922288e-05,0.0065125475936930058,0,5.4506040703281027,-5.3159540939503724,0.14118515269829535,3.3306690738754696e-16,4.1649500417406671e-06,3.7844126836716896e-06
1.773880465538241,0,0.0016462659696117043,34,34,91,0.060077402740716934,1.5107232900131845e-06,2.3380876268924642e-05,0.005598347028073835,0,5.1689850386636547,-5.0344142628299755,0.14019401446131219,-1.1102230246251565e-16,3.7844126836716896e-06,3.432043058637646e-06
1.773880465538241,0,0.0016462659696117043,34,34,92,0.056967832148075104,3.055841478334373e-06,1.0521394644722624e-05,0.004795027224126296,0,4.9132645849039376,-4.777202575969409,0.14087061339477788,-2.4980018054066022e-16,3.432043058637646e-06,3.1143410978984321e-06
1.773880465538241,0,0.0016462659696117043,34,34,93,0.054158307611942291,1.8115826172696645e-06,1.4028526192963498e-05,0.0041139025452862701,0,4.6843727497233818,-4.5427825428140816,0.1457199495633964,-1.1102230246251565e-16,3.1143410978984321e-06,2.8077736260456732e-06
1.773880465538241,0,0.0016462659696117043,34,34,94,0.051622975617647171,1.5859375823164137e-06,2.1042789289445247e-05,0.0035640244823024617,0,4.4610136382629708,-4.3298688516776762,0.13473143979446894,1.6653345369377348e-16,2.8077736260456732e-06,2.5209806153725367e-06
1.773880465538241,0,0.0016462659696117043,34,34,95,0.049334030598402023,1.8115826172696645e-06,1.4028526192963498e-05,0.0030729811091852336,0,4.2674180912569879,-4.1374341583602146,0.13307275411476879,-3.6082248300317588e-16,2.5209806153725367e-06,2.2491394702228718e-06
1.773880465538241,0,0.0016462659696117043,34,34,96,0.047295592725276947,7.9296879115820685e-07,1.0521394644722624e-05,0.0026068293356269435,0,4.0912330867061391,-3.9643719181176689,0.12947931228753304,4.163336342344337e-16,2.2491394702228718e-06,1.9965043520642212e-06
1.773880465538241,0,0.0016462659696117043,34,34,97,0.045492488890886307,4.9210946390172675e-07,1.9873744720683769e-05,0.0022176152334326426,0,3.9284533399541215,-3.8097905591112906,0.1209007619304482,-9.7144514654701197e-17,1.9965043520642212e-06,1.7541875649840222e-06
1.773880465538241,0,0.0016462659696117043,34,34,98,0.04388875886797905,-7.5214939716298174e-07,2.3380876268924642e-05,0.0018691328396075132,0,3.7810294472572816,-3.672981802189994,0.10993940663376686,-2.7755575615628914e-17,1.7541875649840222e-06,1.5318486248361296e-06
1.773880465538241,0,0.0016462659696117043,34,34,99,0.04250798374414444,-5.2650436220973087e-07,1.6366613172442893e-05,0.0015183875730952075,0,3.6469021944702886,-3.5534749698348462,0.094961452317347816,1.6653345369377348e-16,1.5318486248361296e-06,1.3156526392776868e-06
1.773880465538241,0,0.0016462659696117043,34,34,100,0.041328538209199905,-3.008593272564801e-07,9.3523500759611442e-06,0.0012242141237623059,0,3.525508126294036,-3.4510890322308736,0.075652359677673586,3.3306690738754696e-16,1.3156526392776868e-06,1.108661194848537e-06
1.773880465538241,0,0.0016462659696117043,34,34,101,0.040356934070587158,-3.7607469858149087e-07,1.1690438134462321e-05,0.0010069783457933939,0,3.4276049394833592,-3.365943921630496,0.062679310562092624,-1.3877787807814457e-17,1.108661194848537e-06,8.9444608875055565e-07
1.773880465538241,0,0.0016462659696117043,34,34,102,0.039542555809020996,0,-0,0.00078747969513730579,0,3.3515497884673682,-3.2992502749213526,0.053086993241152861,1.3877787807814457e-17,8.9444608875055565e-07,6.9471900587814162e-07
1.773880465538241,0,0.0016462659696117043,34,34,103,0.038939733058214188,9.7779443211623251e-07,-3.0395139365406391e-05,0.00050914635461463739,0,3.2996915350953522,-3.2519064525602532,0.048264811544780448,9.7144514654701197e-17,6.9471900587814162e-07,4.973737190994143e-07
1.773880465538241,0,0.0016462659696117043,34,34,104,0.038528904318809509,-9.8421892780345351e-07,-3.9747489441367539e-05,0.00031906504889183941,0,3.2676062632638812,-3.2238196767670226,0.044064919837381485,4.5102810375396984e-16,4.973737190994143e-07,2.962553082852537e-07
1.773880465538241,0,0.0016462659696117043,34,34,105,0.038285590708255768,-6.0814530824374419e-07,-5.1437926496808075e-05,0.00010182927092292747,0,3.2801380522054631,-3.2223058149393018,0.057882020465279155,1.3877787807814457e-16,2.962553082852537e-07,1.0841660014193621e-07
1.773880465538241,0,0.0016462659696117043,34,34,106,0.038259416818618774,1.0530087244194617e-06,-3.2733226344885787e-05,-3.6205962994818656e-05,0,3.3370085685795745,-3.2658050166048889,0.071135665794069963,-5.2735593669694936e-16,1.0841660014193621e-07,1.0841660014193621e-07
1.7755267315078527,7,0.0015271060401573777,34,34,0,0.010257205925881863,-3.0493055168569038e-07,4.4076085966326062,-0.86840318009023043,0,-189.63288511337433,215.75568537296169,29.66201756842127,1.2197222069687541e-05,0.00014139816630631685,0.00014139816630631685
1.7755267315078527,7,0.0015271060401573777,34,34,1,-0.14793388545513153,0.020491942934381766,9.2158983776246224,-1.1162409747227058,0,49.156405207268541,71.087332491165967,128.36388460482638,-2.4394444153585937e-06,0.00014139816630631685,0.00019126347615383565
1.7755267315078527,7,0.0015271060401573777,34,34,2,0.015444508753716946,0.065901590830311413,9.5463516164864064,1.0044485555859046,0,-81.018027722913573,64.862402146833062,-5.5389219835945838,1.8295833044135179e-06,0.00019126347615383565,0.00050105073023587465
1.7755267315078527,7,0.0015271060401573777,34,34,3,0.030797779560089111,0.098785301524096258,9.4945542833937644,0.71489382203841345,0,45.284802009736282,72.393147570149466,127.98618298684202,0,0.00050105073023587465,0.00057443429250270128
1.7755267315078527,7,0.0015271060401573777,34,34,4,0.046418383717536926,0.18711758373640705,9.3888336414021278,-2.7503638012063205,0,2.5367514116950471,82.660456857625107,92.022800572141193,4.8788888307171874e-06,0.00057443429250270128,0.00028521619969978929
1.7755267315078527,7,0.0015271060401573777,34,34,5,0.23110422492027283,0.27075698475827509,9.1196988871788207,-16.242455160534121,0,-81.826376660432615,92.519051870287726,3.8406808001469157,4.8788888333817226e-06,0.00028521619969978929,0.0006042314344085753
1.7755267315078527,7,0.0015271060401573777,34,34,6,0.47372844815254211,-0.00059766388130395322,8.8957487421042991,-24.893534946299063,0,-127.88802950142102,109.2825625997647,-34.603850769732382,7.1054273576010019e-15,0.0006042314344085753,0.00049537490122020245
1.7755267315078527,7,0.0015271060401573777,34,34,7,0.68693530559539795,-0.057560520519501036,8.8428390223591098,-8.0919298528610994,0,-133.88656476751601,92.380452396491137,-40.812763722046348,7.1054273576010019e-15,0.00049537490122020245,0.00060669291997328401
1.7755267315078527,7,0.0015271060401573777,34,34,8,0.81082415580749512,-0.21726240821495105,8.9263131510219633,23.089087671421474,0,-97.048202430586187,100.51752172877937,35.267457712421674,0,0.00060669291997328401,0.00056420086184516549
1.7755267315078527,7,0.0015271060401573777,34,34,9,0.87570649385452271,-0.10598654143270553,8.9751428999855989,45.128082342836315,0,-50.048929613719316,89.743334923292053,93.691644010961951,1.4210854715202004e-14,0.00056420086184516549,0.00054812483722344041
1.7755267315078527,7,0.0015271060401573777,34,34,10,0.76276487112045288,0.1153290036752517,8.9581161878405737,24.947358847838206,0,41.726794270446412,86.296887855919707,162.04448616572014,-2.8421709430404007e-14,0.00054812483722344041,0.00014361305511556566
1.7755267315078527,7,0.0015271060401573777,34,34,11,0.79075247049331665,0.26791259257215094,8.7373452486979275,-46.087740259546216,0,-119.58082355795865,144.23478554729812,-12.428520428936659,1.9539925233402755e-14,0.00014361305511556566,0.00066156277898699045
1.7755267315078527,7,0.0015271060401573777,34,34,12,1.285602331161499,-0.2351398765991797,8.4255061904332464,-87.613446248100189,0,-285.71190603626036,190.3920011837404,-174.74298478678608,0,0.00066156277898699045,0.00066800840431824327
1.7755267315078527,7,0.0015271060401573777,34,34,13,1.5146312713623047,-0.46945644070880804,8.5538923203316788,42.455622198974659,0,-67.148264018934356,34.079545860830763,17.471339920493932,-7.1054273576010019e-15,0.00066800840431824327,0.00047108242870308459
1.7755267315078527,7,0.0015271060401573777,34,34,14,1.1547290086746216,0.025521467453885543,8.8104974781862211,64.835436528286394,0,73.92367451072559,35.223781899642631,182.81891188429472,0,0.00047108242870308459,0.00018798217934090644
1.7755267315078527,7,0.0015271060401573777,34,34,15,1.1678990125656128,0.13343516997324464,8.5769035994840888,-78.101096217710051,0,-160.22969564652939,157.63615640833279,-71.984296686449284,2.8421709430404007e-14,0.00018798217934090644,0.00045221589971333742
1.7755267315078527,7,0.0015271060401573777,34,34,16,1.798430323600769,-0.26360026471021192,8.2424179590068132,-99.175319896924321,0,-316.89249421832614,185.84187140148597,-222.24712501946792,0,0.00045221589971333742,0.00050256482791155577
1.7755267315078527,7,0.0015271060401573777,34,34,17,1.7883396148681641,-0.25266789457117655,8.4683263680842611,101.40930454412845,0,79.680763326551428,-48.809496696115588,140.49622964807736,-2.8421709430404007e-14,0.00050256482791155577,0.00016046890232246369
1.7755267315078527,7,0.0015271060401573777,34,34,18,1.298223614692688,0.061090396585814583,8.7315259540495571,53.933891208859819,0,83.667244840403541,41.714967843929834,188.10872024382857,0,0.00016046890232246369,0.00046902234316803515
1.7755267315078527,7,0.0015271060401573777,34,34,19,1.6481559276580811,-0.12407807106421753,8.3655751398049407,-145.43639731871517,0,-310.87104769029975,199.18695940101273,-248.87898853926146,2.8421709430404007e-14,0.00046902234316803515,0.00042639757157303393
1.7755267315078527,7,0.0015271060401573777,34,34,20,2.2675530910491943,-0.53326254878793533,8.1243451902274941,-42.042907235323518,0,-280.91564607046291,61.032088985443451,-254.33538167890339,0,0.00042639757157303393,0.00050049478886649013
1.7755267315078527,7,0.0015271060401573777,34,34,21,1.8415976762771606,-0.093704548671909291,8.4893745043449176,174.20458964695217,0,212.50644299197552,-67.431395695341138,327.67530689925957,0,0.00050049478886649013,0.00025191082386299968
1.7755267315078527,7,0.0015271060401573777,34,34,22,1.4152917861938477,0.15831994243521044,8.6156395373258245,8.1646057808276584,0,80.976908447879865,115.56635673779502,213.48183044626359,0,0.00025191082386299968,0.00057651277165859938
1.7755267315078527,7,0.0015271060401573777,34,34,23,1.9519209861755371,-0.22165035885370812,8.1168634142113341,-194.11357854984331,0,-311.16530323323201,219.19590697819083,-278.18776174952683,5.6843418860808015e-14,0.00057651277165859938,0.00013950197899248451
1.7755267315078527,7,0.0015271060401573777,34,34,24,2.5343034267425537,-0.41824945316423001,7.9211217846121524,-34.48055149129717,0,-212.56717540009365,-3.4427000807532333,-242.98755464069615,0,0.00013950197899248451,0.00056012847926467657
1.7755267315078527,7,0.0015271060401573777,34,34,25,2.1340048313140869,-0.34667737379477154,8.3766258229980295,197.03747710829174,0,208.80098547455694,-130.14939447272209,283.71901655932982,0,0.00056012847926467657,0.00056127074640244246
1.7755267315078527,7,0.0015271060401573777,34,34,26,1.7437781095504761,0.084379772401360881,8.5682710155658661,47.734111536429936,0,147.8298630838953,0.26884628992141252,204.4854716982139,2.8421709430404007e-14,0.00056127074640244246,0.00040884947520680726
1.7755267315078527,7,0.0015271060401573777,34,34,27,2.0082592964172363,-0.024618263159792528,8.1796223907759735,-159.43709088325497,0,-134.36787690807435,112.50623960329754,-173.14372406041559,0,0.00040884947520680726,0.00040023427573032677
1.7755267315078527,7,0.0015271060401573777,34,34,28,2.5660104751586914,-0.37702406229853141,7.7615540663594444,-202.94163514891778,0,-273.40699713464386,201.03769757308061,-267.9264047064201,0,0.00040023427573032677,0.00067287881392985582
1.7755267315078527,7,0.0015271060401573777,34,34,29,2.8150384426116943,-0.87099691936286894,7.9652915848849277,92.776637684796484,0,31.473906978343297,-136.96375801290787,-5.6189186842460144,2.5757174171303632e-14,0.00067287881392985582,0.00062429549871012568
1.7755267315078527,7,0.0015271060401573777,34,34,30,2.2382283210754395,-0.2478658482432303,8.4879577970017852,261.24771330673474,0,216.14414250136514,-186.6647252754876,298.96722248137087,0,0.00062429549871012568,0.0002530582423787564
1.7755267315078527,7,0.0015271060401573777,34,34,31,1.9014163017272949,0.033466128047504519,8.3807045740573773,-35.930635312894196,0,26.014001038745924,91.448877363869286,89.94641379182589,-1.4210854715202004e-14,0.0002530582423787564,0.00038187322206795216
1.7755267315078527,7,0.0015271060401573777,34,34,32,2.6175894737243652,-0.14697530619029603,7.7517968985666057,-310.66000647520025,0,-314.83922361327302,251.93496837603365,-365.95944012006333,-5.6843418860808015e-14,0.00038187322206795216,0.00055219908244907856
1.7755267315078527,7,0.0015271060401573777,34,34,33,3.3052091598510742,-0.89519620794464538,7.6772419885405574,3.2428607944004995,0,-96.967017720505382,-148.1635010174389,-235.10561216294786,0,0.00055219908244907856,0.00048562145093455911
1.7755267315078527,7,0.0015271060401573777,34,34,34,2.4705994129180908,-0.30273383199134668,8.3150402191962769,328.62524606942611,0,388.44541907024995,-248.32451258185384,476.7584589450272,0,0.00048562145093455911,0.00029363742214627564
1.7755267315078527,7,0.0015271060401573777,34,34,35,1.8849385976791382,0.032902616387989365,8.5003129730949869,-1.3877901690542602,0,108.74192317107038,85.345426472439115,201.23277506393822,0,0.00029363742214627564,0.00056095496984198689
1.7755267315078527,7,0.0015271060401573777,34,34,36,2.7291915416717529,-0.43786807499858399,7.839415643287972,-327.54064956763517,0,-368.25720160201365,251.37557449868845,-437.02072910267094,5.6843418860808015e-14,0.00056095496984198689,0.0003761997795663774
1.7755267315078527,7,0.0015271060401573777,34,34,37,3.4092350006103516,-0.84527785691149104,7.6288848819320343,11.821586658861461,0,-45.433305627851624,-198.7562510953677,-225.58436303933735,-2.8421709430404007e-14,0.0003761997795663774,0.00062796386191621423
1.7755267315078527,7,0.0015271060401573777,34,34,38,2.4435782432556152,-0.17497159000166262,8.2964089624882824,333.52552394501464,0,454.90681360456801,-271.20892110920624,525.34485381286311,0,0.00062796386191621423,0.00037712251651100814
1.7755267315078527,7,0.0015271060401573777,34,34,39,1.892014741897583,0.059503537994842252,8.5182075175901097,-7.3599404043729786,0,120.72463025455374,90.349995475592934,212.29239638135866,0,0.00037712251651100814,0.00033077146508730948
1.7755267315078527,7,0.0015271060401573777,34,34,40,2.7623906135559082,-0.34760619225520611,7.8506346481455918,-322.74591181515171,0,-316.81856929481989,224.10235176925661,-407.95910088482458,0,0.00033077146508730948,0.00034105640952475369
1.7755267315078527,7,0.0015271060401573777,34,34,41,3.4525814056396484,-0.86717918885576406,7.5486808285054572,-21.924555455089408,0,-56.340939800534251,-146.00835921367863,-217.59235282965261,0,0.00034105640952475369,0.00041247674380429089
1.7755267315078527,7,0.0015271060401573777,34,34,42,2.6414115428924561,-0.52538314333237712,8.148939668804255,301.62586561207451,0,409.52643416271138,-273.92642315471846,444.84943314553931,-5.6843418860808015e-14,0.00041247674380429089,0.0003805391606874764
1.7755267315078527,7,0.0015271060401573777,34,34,43,2.1272134780883789,-0.24671504034116851,8.4924274690283941,50.240845584617048,0,139.17947610034381,-23.533417834671383,174.13261627897668,-2.8421709430404007e-14,0.0003805391606874764,0.00063794024754315615
1.7755267315078527,7,0.0015271060401573777,34,34,44,2.695404052734375,-0.42245749477749256,8.054444740142376,-227.43771629581647,0,-180.63972691639512,81.68586954110468,-318.75958642574204,-5.6843418860808015e-14,0.00063794024754315615,0.00046933573321439326
1.7755267315078527,7,0.0015271060401573777,34,34,45,3.2242228984832764,-0.82105539360778657,7.528785939591276,-239.20684514201034,0,-58.801148764867364,30.57837717637511,-260.72188618451912,0,0.00046933573321439326,0.00063579459674656391
1.7755267315078527,7,0.0015271060401573777,34,34,46,3.2701377868652344,-1.0099982916265842,7.6106274700804049,34.992639662576046,0,129.71552464711721,-178.83367936598231,-7.5248858778352155,1.5987211554602254e-14,0.00063579459674656391,0.00019999610958620906
1.7755267315078527,7,0.0015271060401573777,34,34,47,2.7628984451293945,-0.75841168079168508,8.0829898989467779,212.89488060482364,0,83.027759124074791,-77.549508562488015,225.69770938456554,5.6843418860808015e-14,0.00019999610958620906,0.0006590747507289052
1.7755267315078527,7,0.0015271060401573777,34,34,48,2.6094386577606201,-0.62693355509915927,8.3027917687961672,61.567673885313027,0,47.257151364705251,-40.27089481336764,76.229788650347643,0,0.0006590747507289052,0.000838642125017941
1.7755267315078527,7,0.0015271060401573777,34,34,49,2.9800071716308594,-0.79525034074083334,7.9868105339173869,-177.43730235259258,0,-15.088646741843737,-45.19068824426401,-230.52507714552377,2.8421709430404007e-14,0.000838642125017941,0.00023140173288993537
1.7755267315078527,7,0.0015271060401573777,34,34,50,3.3965208530426025,-1.172097543319387,7.5491565201660862,-133.52652228764083,0,-66.171939817991529,16.969790149081309,-176.35161297970436,0,0.00023140173288993537,0.00086733436910435557
1.7755267315078527,7,0.0015271060401573777,34,34,51,3.0525689125061035,-0.73625176773958256,7.8046297758127716,171.45898520179657,0,158.42743411384629,-67.432644690880849,269.52215263283517,0,0.00086733436910435557,0.00026278677978552878
1.7755267315078527,7,0.0015271060401573777,34,34,52,2.5999464988708496,-0.44982501179128326,8.1344261942662239,75.457753282367747,0,62.964519272030145,24.015530112997354,170.12240384987018,0,0.00026278677978552878,0.00049104570643976331
1.7755267315078527,7,0.0015271060401573777,34,34,53,3.183117151260376,-0.9589510876910895,7.7135189664135009,-221.07361564769423,0,-155.77160122310693,-5.9174286182354114,-376.00807761031416,0,0.00049104570643976331,0.00087090878514572978
1.7755267315078527,7,0.0015271060401573777,34,34,54,3.3054711818695068,-1.986806722285491,7.599168179948057,88.866344898866359,0,92.993338410935237,-239.90300403095318,-52.430959263489044,-4.2632564145606011e-14,0.00087090878514572978,0.001479820697568357
1.7755267315078527,7,0.0015271060401573777,34,34,55,2.1492776870727539,-1.0148344901763193,8.0106146325041792,249.99207775180193,0,344.05408797139688,-186.89906806362467,414.14287780190205,0,0.001479820697568357,0.0017727076774463058
1.7755267315078527,7,0.0015271060401573777,34,34,56,1.6379293203353882,-0.86865932175364646,7.8197878735370674,23.484707008622902,0,62.907611912752358,-44.429347400592832,48.914100072565851,7.1054273576010019e-15,0.0017727076774463058,0.0018502031452953815
1.7755267315078527,7,0.0015271060401573777,34,34,57,2.0065767765045166,-0.8835698158699733,6.0002361687122807,-76.28076328081184,0,-114.60580110554096,-58.895369865893834,-244.66526789940431,2.8421709430404007e-14,0.0018502031452953815,0.0013040974736213684
1.7755267315078527,7,0.0015271060401573777,34,34,58,2.1983935832977295,-0.40360302890566296,2.5674878014438614,-20.649643257935953,0,133.20240794508749,-81.226707555820781,33.489941903868967,1.4210854715202004e-14,0.0013040974736213684,0.00088079588022083044
1.7755267315078527,7,0.0015271060401573777,34,34,59,1.9266757965087891,0.40923317132119014,0.30534840183229717,21.175002006824194,0,93.942106647783334,-87.684014496093496,28.147675731667519,0,0.00088079588022083044,0.00057976023526862264
1.7755267315078527,7,0.0015271060401573777,34,34,60,1.4730129241943359,0.21457112273084977,0.0072036477879461108,17.47024704939669,0,76.878329584339255,-76.210819530588381,18.359531873666359,3.5527136788005009e-15,0.00057976023526862264,0.0003700081433635205
1.7755267315078527,7,0.0015271060401573777,34,34,61,1.1421645879745483,0.074723959474043589,0.0031821373150300804,9.4013455517988955,0,67.046548944669667,-65.262749127307814,11.263051465949816,1.7763568394002505e-15,0.0003700081433635205,0.00024984011542983353
1.7755267315078527,7,0.0015271060401573777,34,34,62,0.9162634015083313,0.03102717467940936,0.001797989348451841,5.1905522452379564,0,58.139688533261939,-56.851857038494664,6.5112089040330954,5.3290705182007514e-15,0.00024984011542983353,0.00017872257740236819
1.7755267315078527,7,0.0015271060401573777,34,34,63,0.75602120161056519,0.014655788515006127,0.00072246906760660998,3.0563311167677423,0,50.823658128331701,-50.21727079380512,3.6780967088769323,-3.5527136788005009e-15,0.00017872257740236819,0.00013244865112937987
1.7755267315078527,7,0.0015271060401573777,34,34,64,0.63711023330688477,0.0071864399449688976,0.00050268884633747151,1.9220480111628977,0,44.764078205233659,-44.826488951108274,1.8673263940795903,-2.2204460492503131e-16,0.00013244865112937987,0.00010165342973778024
1.7755267315078527,7,0.0015271060401573777,34,34,65,0.54602593183517456,0.0038508819894060835,0.00028641573586536353,1.2698771838840239,0,39.784801361758859,-40.340136003600009,0.71867983976814298,1.1102230246251565e-16,0.00010165342973778024,8.0264471762347966e-05
1.7755267315078527,7,0.0015271060401573777,34,34,66,0.47422122955322266,0.0022140826733447047,0.0001472995189092819,0.87490186000775594,0,35.633842747771894,-36.532221820815032,-0.021115830843130689,-1.2871648191747909e-15,8.0264471762347966e-05,6.482574826804921e-05
1.7755267315078527,7,0.0015271060401573777,34,34,67,0.41624623537063599,0.0013209488298346062,8.4171152333055096e-05,0.62354150764220762,0,32.153906987491219,-33.248710124708211,-0.46985650959261965,-2.6090241078691179e-15,6.482574826804921e-05,5.3338553698267788e-05
1.7755267315078527,7,0.0015271060401573777,34,34,68,0.36857295036315918,0.00083926335478400256,5.8452189378669981e-05,0.45621513643240857,0,29.154561292222496,-30.382206814420258,-0.77053267022119132,-1.4432899320127035e-15,5.3338553698267788e-05,4.4565844291355461e-05
1.7755267315078527,7,0.0015271060401573777,34,34,69,0.32875975966453552,0.00054104299679765509,4.442366243887048e-05,0.34138560900081805,0,26.563461498439402,-27.854981433159871,-0.94954885906041286,1.1102230246251565e-15,4.4565844291355461e-05,3.772655691136606e-05
1.7755267315078527,7,0.0015271060401573777,34,34,70,0.29504609107971191,0.00037943152131362595,3.0395140151941938e-05,0.26010332114348045,0,24.289469962854124,-25.6087410172224,-1.0587579065633328,-3.5527136788005009e-15,3.772655691136606e-05,3.2304611522704363e-05
1.7755267315078527,7,0.0015271060401573777,34,34,71,0.26621153950691223,0.00024668795611420353,7.0142628882908821e-06,0.20108828189243866,0,22.279758077248211,-23.598775429397485,-1.1176753680378351,-1.7763568394002505e-15,3.2304611522704363e-05,2.792727536871098e-05
1.7755267315078527,7,0.0015271060401573777,34,34,72,0.24130250513553619,0.00017757265845803666,-1.1690438341021094e-05,0.15791987355139883,0,20.49340172214103,-21.790590925678437,-1.1391034477658921,-1.5543122344752192e-15,2.792727536871098e-05,2.4342067263205536e-05
1.7755267315078527,7,0.0015271060401573777,34,34,73,0.21958337724208832,0.00012410759473559599,-7.0142628882908821e-06,0.12586557395819906,0,18.910143751123002,-20.156612026415218,-1.1204856080021706,-6.6613381477509392e-16,2.4342067263205536e-05,2.135948307113722e-05
1.7755267315078527,7,0.0015271060401573777,34,34,74,0.20050263404846191,9.4476072716170455e-05,1.2859481477192558e-05,0.1011881542713795,0,17.485108144763643,-18.674678818555726,-1.0882751839665077,1.3322676295501878e-15,2.135948307113722e-05,1.8875614841817878e-05
1.7755267315078527,7,0.0015271060401573777,34,34,75,0.18366315960884094,6.5966355996631762e-05,2.3380875809628879e-06,0.081857996738920219,0,16.190934094521307,-17.326241766779813,-1.0533813710760107,-3.5527136788005009e-15,1.8875614841817878e-05,1.6761558072175831e-05
1.7755267315078527,7,0.0015271060401573777,34,34,76,0.16871361434459686,6.0073898699032143e-05,-2.1042788083263774e-05,0.066879808040119101,0,15.029016962600496,-16.096127526835605,-1.0001917250843724,3.3306690738754696e-15,1.6761558072175831e-05,1.4956460290704854e-05
1.7755267315078527,7,0.0015271060401573777,34,34,77,0.15537711977958679,3.4307699798591229e-05,-2.4549922144649135e-05,0.055072897078849173,0,13.980016833691106,-14.971319223332737,-0.93621973478512799,-1.5543122344752192e-15,1.4956460290704854e-05,1.3393753761192784e-05
1.7755267315078527,7,0.0015271060401573777,34,34,78,0.14342600107192993,3.3544081084465947e-05,-1.4028525776581764e-05,0.045617610532179283,0,13.030477732408347,-13.941054027518915,-0.86493916902308099,4.4408920985006262e-16,1.3393753761192784e-05,1.2038600289088208e-05
1.7755267315078527,7,0.0015271060401573777,34,34,79,0.13266436755657196,2.8867905631735738e-05,-9.3523503238515518e-06,0.037928481740872912,0,12.153136427987105,-12.996003503956969,-0.80491907867368317,-5.5511151231257827e-16,1.2038600289088208e-05,1.0857405868591741e-05
1.7755267315078527,7,0.0015271060401573777,34,34,80,0.12298248708248138,1.8907414603552811e-05,-1.4028525776581764e-05,0.03170301959765786,0,11.345558354902723,-12.128010150528205,-0.7507438971389967,9.9920072216264089e-16,1.0857405868591741e-05,9.8218133643968031e-06
1.7755267315078527,7,0.0015271060401573777,34,34,81,0.11422433704137802,1.4433952815867869e-05,-4.6761751619257759e-06,0.02672167410532042,0,10.617125616369465,-11.329848332879877,-0.68599128462743697,6.6613381477509392e-16,9.8218133643968031e-06,8.8947372205439024e-06
1.7755267315078527,7,0.0015271060401573777,34,34,82,0.10627168416976929,1.6772040542232973e-05,-7.0142628882908821e-06,0.022511193047644408,0,9.9364523205634256,-10.59571217330789,-0.63673890191916427,1.9984014443252818e-15,8.8947372205439024e-06,8.0828103818930686e-06
1.7755267315078527,7,0.0015271060401573777,34,34,83,0.099068000912666321,8.7442102011290481e-06,-2.3380876682042187e-05,0.019042303091667993,0,9.3155454128877828,-9.9203373507679409,-0.58576427145497079,7.7715611723760958e-16,8.0828103818930686e-06,7.3469327617203817e-06
1.7755267315078527,7,0.0015271060401573777,34,34,84,0.092507563531398773,1.1082296473471976e-05,-2.5718962954385115e-05,0.016241820904986614,0,8.7573858944158136,-9.2988352186554071,-0.52522214000108702,4.4408920985006262e-16,7.3469327617203817e-06,6.6855018303613178e-06
1.7755267315078527,7,0.0015271060401573777,34,34,85,0.086534604430198669,4.0680341667899653e-06,-1.8704700647703104e-05,0.013895075379213541,0,8.2504595875158682,-8.7266098636952805,-0.46226983746667966,3.8857805861880479e-16,6.6855018303613178e-06,6.0873367146996316e-06
1.7755267315078527,7,0.0015271060401573777,34,34,86,0.081076212227344513,4.4734614968805057e-06,-9.3523503238515518e-06,0.011870336516020555,0,7.7780270246226086,-8.1999533303790653,-0.41006084812926252,8.3266726846886741e-16,6.0873367146996316e-06,5.5475911722169258e-06
1.7755267315078527,7,0.0015271060401573777,34,34,87,0.076116465032100677,6.6088355582003408e-06,-1.6366613212142433e-05,0.010074905427695211,0,7.3385855079773261,-7.7155674898597253,-0.36691683423235755,1.1102230246251565e-16,5.5475911722169258e-06,5.0616349653864745e-06
1.7755267315078527,7,0.0015271060401573777,34,34,88,0.071605123579502106,3.8653213741580012e-06,-2.3380876682042187e-05,0.0086307543349117815,0,6.9411561030210915,-7.2701981232896733,-0.32043078148897741,1.1102230246251565e-16,5.0616349653864745e-06,4.6085347094049212e-06
1.7755267315078527,7,0.0015271060401573777,34,34,89,0.067482337355613708,6.20340764650093e-06,-2.5718962954385115e-05,0.0074403054611308457,0,6.5771568443072628,-6.8610008384827843,-0.27642320426969857,-2.2204460492503131e-16,4.6085347094049212e-06,4.1937273635994643e-06
1.7755267315078527,7,0.0015271060401573777,34,34,90,0.063733547925949097,6.6088355582003408e-06,-1.6366613212142433e-05,0.0064450121404287519,0,6.2485392873666283,-6.485619132135632,-0.23064459040622926,-6.106226635438361e-16,4.1937273635994643e-06,3.8055525237723486e-06
1.7755267315078527,7,0.0015271060401573777,34,34,91,0.060308199375867844,2.0340170833949826e-06,-9.3523503238515518e-06,0.0055692515959874494,0,5.9425426984722449,-6.1420794937177066,-0.19397486198271485,-4.4408920985006262e-16,3.8055525237723486e-06,3.4547465475043282e-06
1.7755267315078527,7,0.0015271060401573777,34,34,92,0.057199742645025253,1.8313037091541477e-06,-1.4028525776581764e-05,0.0047471588286428284,0,5.6650436992161985,-5.8282425304783807,-0.1584638696556061,3.3306690738754696e-16,3.4547465475043282e-06,3.1348454285762273e-06
1.7755267315078527,7,0.0015271060401573777,34,34,93,0.054398201406002045,3.3044177791001704e-06,-8.1833066060712165e-06,0.0041007060590691645,0,5.4075042341512916,-5.5422298702192698,-0.13062980889773629,-5.5511151231257827e-17,3.1348454285762273e-06,2.8313970688031986e-06
1.7755267315078527,7,0.0015271060401573777,34,34,94,0.051844779402017593,2.0340170833949826e-06,-9.3523503238515518e-06,0.0035591493992753781,0,5.172871152129014,-5.2824900262933996,-0.10606704309835055,4.7184478546569153e-16,2.8313970688031986e-06,2.5462695703026839e-06
1.7755267315078527,7,0.0015271060401573777,34,34,95,0.049553103744983673,2.797634052693648e-06,-1.9873744947092308e-05,0.0030322294059625054,0,4.9684091186127244,-5.0477447298281009,-0.076320457920308074,6.5225602696727947e-16,2.5462695703026839e-06,2.2759925286663929e-06
1.7755267315078527,7,0.0015271060401573777,34,34,96,0.047508750110864639,-6.0814070433137549e-07,-1.4028525776581764e-05,0.0025809321894676835,0,4.7789667443502655,-4.8366425286183041,-0.055109488745051456,8.2572837456496018e-16,2.2759925286663929e-06,2.019491375904181e-06
1.7755267315078527,7,0.0015271060401573777,34,34,97,0.04569152370095253,1.169043790481444e-06,-1.169043790481444e-06,0.0022345310827527392,0,4.604431814898617,-4.6481051882332487,-0.041438842251878584,6.3143934525555778e-16,2.019491375904181e-06,1.7711586224322673e-06
1.7755267315078527,7,0.0015271060401573777,34,34,98,0.044069748371839523,-8.6497336561464737e-07,8.1833066060712165e-06,0.0019100849757591647,0,4.4605826567242026,-4.4812496297952524,-0.01874956976204973,8.2572837456496018e-16,1.7711586224322673e-06,1.5447669738932746e-06
1.7755267315078527,7,0.0015271060401573777,34,34,99,0.042664315551519394,8.1085466018108125e-07,1.8704700647703104e-05,0.001590517757592561,0,4.3259106884333214,-4.3355123416448,-0.0079916198985785745,-2.4633073358870661e-16,1.5447669738932746e-06,1.3234216567070689e-06
1.7755267315078527,7,0.0015271060401573777,34,34,100,0.041453082114458084,8.1085466018108125e-07,1.8704700647703104e-05,0.0012929055391473273,0,4.2072146416063561,-4.2106469398961304,-0.0021198771953189195,5.5554519318157247e-16,1.3234216567070689e-06,1.1158786037412938e-06
1.7755267315078527,7,0.0015271060401573777,34,34,101,0.040460120886564255,4.0542733009054062e-07,9.3523503238515518e-06,0.0010538399866257459,0,4.0974103696665454,-4.1068022306584648,-0.0083282632276395763,-2.2204460492503131e-16,1.1158786037412938e-06,9.0058034629691974e-07
1.7755267315078527,7,0.0015271060401573777,34,34,102,0.039629951119422913,1.169043790481444e-06,-1.169043790481444e-06,0.0007952588787962805,0,4.0263957033455684,-4.0254345622466552,0.0017563999777095768,-3.5583515300974256e-16,9.0058034629691974e-07,7.0776985694465111e-07
1.7755267315078527,7,0.0015271060401573777,34,34,103,0.039019189774990082,-5.0678372640652267e-07,-1.1690438341021094e-05,0.00050008610476453229,0,3.9563299809014372,-3.9676026535361539,-0.010784783752019498,3.5735303605122226e-16,7.0776985694465111e-07,5.0743170731948339e-07
1.7755267315078527,7,0.0015271060401573777,34,34,104,0.038601446896791458,-1.0135674528130453e-06,-2.3380876682042187e-05,0.00027809666313734964,0,3.8972441977624044,-3.9332040478615946,-0.035706147880187604,2.8449465006019636e-16,5.0743170731948339e-07,2.98109853247297e-07
1.7755267315078527,7,0.0015271060401573777,34,34,105,0.038380879908800125,-1.4859408719839794e-07,-3.1564183288113404e-05,4.634944385622494e-05,0,3.8731327291795132,-3.9310183056671115,-0.057870939821117066,1.7347234759768071e-16,2.98109853247297e-07,1.0133440753179457e-07
1.7755267315078527,7,0.0015271060401573777,34,34,106,0.038376525044441223,-7.0949768225622842e-07,-1.6366613212142433e-05,-8.294111005850779e-05,0,3.869612610890854,-3.9832053400048073,-0.11369274633490629,-6.9388939039072284e-17,1.0133440753179457e-07,1.0133440753179457e-07
1.7770538375480101,0,0.0016462659696117043,33,34,0,0.01013408787548542,5.657181717940415e-07,4.3288149187236238,-0.76812987078926243,0,-67.365176807789538,159.11966784988979,95.315165341389346,-1.1314363447922915e-05,0.00043934365385212004,0.00043934365385212004
1.7770538375480101,0,0.0016462659696117043,33,34,1,0.068297408521175385,0.038609699506771539,9.1994413250194444,-1.4697448618116686,0,-41.458837249741308,51.57397772781701,17.883446640790247,0,0.00043934365385212004,0.00028796016704291105
1.7770538375480101,0,0.0016462659696117043,33,34,2,0.050290752202272415,0.050924818388556031,9.6164135207491643,-2.6464431848886494,0,-103.5096439744615,46.835974895407553,-49.652773924804883,-1.4210854715202004e-14,0.00028796016704291105,0.00049938558368012309
1.7770538375480101,0,0.0016462659696117043,33,34,3,0.25692400336265564,0.047050780348110437,9.514346648194083,2.16871908040814,0,-81.478451264475581,53.310184900034415,-16.438149855490828,7.1054273576010019e-15,0.00049938558368012309,0.00086751440539956093
1.7770538375480101,0,0.0016462659696117043,33,34,4,0.23645581305027008,-0.010215173028085008,9.4764723823106429,8.9237923172219382,0,-13.70285271166752,57.205910312313911,61.893107127150884,-7.1054273576010019e-15,0.00086751440539956093,0.00055824959417805076
1.7770538375480101,0,0.0016462659696117043,33,34,5,0.29120874404907227,0.24068705906246216,9.3283679306531351,0.24310493852870987,0,-27.088414466629946,61.679790644676167,44.403536106290524,-7.1054273576010019e-15,0.00055824959417805076,0.00057749089319258928
1.7770538375480101,0,0.0016462659696117043,33,34,6,0.41313761472702026,0.23912341403562343,9.1177646325303368,-8.1504691536156066,0,-61.934264255585248,66.706391208117324,5.9785458454824258,-3.5527136788005009e-15,0.00057749089319258928,0.00066957570379599929
1.7770538375480101,0,0.0016462659696117043,33,34,7,0.53504538536071777,0.058106610579481389,8.867242563051235,-22.122857156798055,0,-69.926549556876495,68.302277645002931,-14.821779895040894,1.0658141036401503e-14,0.00066957570379599929,0.00010452082642586902
1.7770538375480101,0,0.0016462659696117043,33,34,8,0.71549308300018311,0.19765853491580734,8.6075592534981009,-48.278479295810989,0,-126.71853519725214,73.154600805568535,-93.037195899080686,0,0.00010452082642586902,0.00065626989817246795
1.7770538375480101,0,0.0016462659696117043,33,34,9,1.0152426958084106,-0.089958806524173096,8.4012548477627647,-49.386598999230408,0,-186.61650368208279,91.462852010176988,-136.22895462989763,0,0.00065626989817246795,0.00072958011878654361
1.7770538375480101,0,0.0016462659696117043,33,34,10,1.1444450616836548,-0.20599382645902076,8.4706565873602866,30.272747015005745,0,-63.611125328708773,50.785090525868277,25.711374973066512,0,0.00072958011878654361,0.00041269697248935699
1.7770538375480101,0,0.0016462659696117043,33,34,11,0.88272124528884888,0.073547322360427964,8.6407210870104958,41.859234468755631,0,49.71111304555297,52.437168617321852,152.72178454100137,0,0.00041269697248935699,0.00019509806588757783
1.7770538375480101,0,0.0016462659696117043,33,34,12,0.91125690937042236,0.21306247501558731,8.4178236015782684,-52.465192032679845,0,-108.77469701018653,103.29239009351109,-49.316612872761425,1.4210854715202004e-14,0.00019509806588757783,0.00061373412609100342
1.7770538375480101,0,0.0016462659696117043,33,34,13,1.4796954393386841,-0.22298573746702657,8.0874277834235659,-89.641257599981671,0,-234.45218405046714,118.81786908531929,-197.41113051917301,0,0.00061373412609100342,0.00073632440762594342
1.7770538375480101,0,0.0016462659696117043,33,34,14,1.6126960515975952,-0.4207715589714876,8.2556695391242556,62.50083326750967,0,-3.6035794968743011,5.5211197090058866,72.253271459794021,0,0.00073632440762594342,0.00027116455021314323
1.7770538375480101,0,0.0016462659696117043,33,34,15,1.1418837308883667,0.045543707138451107,8.4846535863668144,51.188569777482535,0,66.497537110581703,53.872807461992402,180.08911164356192,0,0.00027116455021314323,0.00017638814460951835
1.7770538375480101,0,0.0016462659696117043,33,34,16,1.3871337175369263,0.10254207581938797,8.1562553190767169,-113.88600142405407,0,-192.45413591958939,141.19967128945629,-156.88166865929108,0,0.00017638814460951835,0.00073262292426079512
1.7770538375480101,0,0.0016462659696117043,33,34,17,2.0833454132080078,-0.73469026965451667,7.9282358213170667,-38.177305267960541,0,-239.3216326315293,46.878974002209269,-223.42641834561803,0,0.00073262292426079512,0.00053137133363634348
1.7770538375480101,0,0.0016462659696117043,33,34,18,1.6924340724945068,-0.17433454041091082,8.2521745322589126,154.15572170541117,0,115.72323681026315,-17.17263307229447,260.78416543522786,0,0.00053137133363634348,0.00010553820902714506
1.7770538375480101,0,0.0016462659696117043,33,34,19,1.2834372520446777,-0.032520309105580479,8.3070310919414361,-8.1330178794521046,0,30.557977591478927,126.34316987590336,157.04264037076604,0,0.00010553820902714506,9.6731324447318912e-05
1.7770538375480101,0,0.0016462659696117043,33,34,20,1.924776554107666,-0.16138864576757597,7.8376320960770487,-201.40544476868737,0,-264.50751425768902,182.9995641848634,-275.2371513912035,0,9.6731324447318912e-05,0.0004320525040384382
1.7770538375480101,0,0.0016462659696117043,33,34,21,2.4895553588867188,-0.7341466144914226,7.7961921085567916,5.6090277871573067,0,-150.85417235183965,-71.444213010711806,-209.62731208132877,2.8421709430404007e-14,0.0004320525040384382,0.00059814070118591189
1.7770538375480101,0,0.0016462659696117043,33,34,22,1.8731129169464111,-0.14586420769720387,8.2536103249789257,200.31651422565523,0,116.17610099540234,-83.586968879914082,241.01339245842519,0,0.00059814070118591189,0.000138842937303707
1.7770538375480101,0,0.0016462659696117043,33,34,23,1.5402376651763916,0.0050818463372258749,8.175945140046009,-17.256196434886512,0,9.3516381819317118,131.11772262795608,131.39419136138451,0,0.000138842937303707,0.00062597438227385283
1.7770538375480101,0,0.0016462659696117043,33,34,24,2.1423397064208984,-0.54535967194568935,7.623770261284716,-215.57283808855993,0,-188.36087077321017,200.12165373281709,-196.73364453961395,2.8421709430404007e-14,0.00062597438227385283,0.00043457560241222382
1.7770538375480101,0,0.0016462659696117043,33,34,25,2.7039039134979248,-0.98814162782716775,7.578640659848018,-31.613598648555861,0,-123.3870254093024,-40.558354218351802,-188.96847924418921,0,0.00043457560241222382,0.00068342621671035886
1.7770538375480101,0,0.0016462659696117043,33,34,26,2.3277008533477783,-0.6160829291925215,8.0562635007757759,221.3176382369478,0,141.86828680808159,-100.51789094325514,270.10821467335751,-5.6843418860808015e-14,0.00068342621671035886,0.0004596264916472137
1.7770538375480101,0,0.0016462659696117043,33,34,27,1.8660565614700317,-0.12845762526927301,8.216290462903844,61.832181542921354,0,139.64915092420318,28.099882351834697,237.66904765659379,-2.8421709430404007e-14,0.0004596264916472137,0.00048767801490612328
1.7770538375480101,0,0.0016462659696117043,33,34,28,2.1253452301025391,-0.21825293924179764,7.8074572545117258,-179.67238100949155,0,-105.79136186537647,111.01124796226547,-166.86329059733262,-2.8421709430404007e-14,0.00048767801490612328,0.00055523222545161843
1.7770538375480101,0,0.0016462659696117043,33,34,29,2.8190867900848389,-0.67834247687114291,7.3855695335872893,-210.39603708763477,0,-204.077517249631,143.08596575552335,-264.68036152502629,-5.6843418860808015e-14,0.00055523222545161843,0.00074078131001442671
1.7770538375480101,0,0.0016462659696117043,33,34,30,2.9022517204284668,-0.95902637639761557,7.6674120239295958,130.84965367794246,0,90.934172538526639,-126.52304110006162,101.96917076393946,1.4210854715202004e-14,0.00074078131001442671,0.00061961961910128593
1.7770538375480101,0,0.0016462659696117043,33,34,31,2.2187645435333252,-0.27356094202541392,8.2288799550989484,243.23093527993186,0,176.89364576156521,-139.08549649229982,288.99440356227075,-5.6843418860808015e-14,0.00061961961910128593,0.00054229702800512314
1.7770538375480101,0,0.0016462659696117043,33,34,32,2.0793857574462891,0.012278912918789672,7.9901078520480091,-82.411506085324305,0,-36.801768321861395,130.59874635438834,19.387858712169454,7.1054273576010019e-15,0.00054229702800512314,0.00067807489540427923
1.7770538375480101,0,0.0016462659696117043,33,34,33,2.8958227634429932,-0.70138078369928347,7.3306926080505797,-308.02425771234743,0,-190.55531419032613,228.83254791615235,-263.11771216216988,0,0.00067807489540427923,0.00028072821442037821
1.7770538375480101,0,0.0016462659696117043,33,34,34,3.2139384746551514,-0.75103160476495934,7.5481942735602345,74.895510227229892,0,82.985660246496138,-184.47213311178868,-19.793799969267361,2.1316282072803006e-14,0.00028072821442037821,0.00039700858178548515
1.7770538375480101,0,0.0016462659696117043,33,34,35,2.3027703762054443,-0.29896904227519966,8.2461779196378959,306.67015469634123,0,217.90240215957255,-195.08888005268534,337.43088568059113,0,0.00039700858178548515,0.00036485632881522179
1.7770538375480101,0,0.0016462659696117043,33,34,36,2.0603153705596924,-0.02460364900949466,8.0339419588712992,-78.145502289496804,0,-44.329494911966123,156.32916566399012,41.863506772389023,2.1316282072803006e-14,0.00036485632881522179,0.00030783802503719926
1.7770538375480101,0,0.0016462659696117043,33,34,37,2.9923264980316162,-0.45304295208147871,7.349409959482557,-337.00915862362751,0,-195.68164407883651,214.05095664003571,-311.74347905502719,5.6843418860808015e-14,0.00030783802503719926,0.00047035297029651701
1.7770538375480101,0,0.0016462659696117043,33,34,38,3.2903439998626709,-0.92679458355965005,7.5898503654221177,94.43890975642509,0,131.0728272338425,-254.12878531752028,-21.953992545390221,1.4210854715202004e-14,0.00047035297029651701,0.00051639601588249207
1.7770538375480101,0,0.0016462659696117043,33,34,39,2.2983818054199219,-0.32962191569568805,8.2889959966246423,316.27704491738643,0,212.55695378301752,-219.98279679325483,316.81057598807803,-5.6843418860808015e-14,0.00051639601588249207,0.00048113235970959067
1.7770538375480101,0,0.0016462659696117043,33,34,40,2.1238131523132324,-0.030417534661022025,8.0585829452801327,-82.586380886589282,0,-44.066712032549724,126.59588749760719,7.9709599890872962,5.3290705182007514e-15,0.00048113235970959067,0.00040012769750319421
1.7770538375480101,0,0.0016462659696117043,33,34,41,3.0355172157287598,-0.52770587067668451,7.3260271302877946,-330.63705396039137,0,-166.25807171991124,197.03690568565855,-293.05989873503296,0,0.00040012769750319421,0.00042641276377253234
1.7770538375480101,0,0.0016462659696117043,33,34,42,3.3577206134796143,-1.1232866076052181,7.4564336546588974,63.979267560440093,0,127.35302659575484,-227.45730061775717,-29.791859414508565,-2.8421709430404007e-14,0.00042641276377253234,0.00061306892894208431
1.7770538375480101,0,0.0016462659696117043,33,34,43,2.4765548706054688,-0.68445053597200323,8.1191278011800456,304.33718726480708,0,241.47002206371585,-197.98608121153072,355.25580538220026,0,0.00061306892894208431,0.00073646818054839969
1.7770538375480101,0,0.0016462659696117043,33,34,44,2.2198243141174316,-0.33275882295828602,8.1141443898047125,-36.229279634987321,0,66.495292340876034,50.390445529224756,88.437843801959886,-1.4210854715202004e-14,0.00073646818054839969,0.00035710915108211339
1.7770538375480101,0,0.0016462659696117043,33,34,45,2.9995083808898926,-0.57201461504610918,7.4775055251218818,-280.96783121402342,0,-152.41783548165986,70.182073140712419,-356.2981026448951,-5.6843418860808015e-14,0.00035710915108211339,0.00080543104559183121
1.7770538375480101,0,0.0016462659696117043,33,34,46,3.4337568283081055,-1.0918739746800104,7.241094729720011,3.3357277826386325,0,19.827978398334469,-162.09308256083926,-132.78015562482616,0,0.00080543104559183121,0.00060088274767622352
1.7770538375480101,0,0.0016462659696117043,33,34,47,2.6765632629394531,-0.58186716272607419,7.7432618192492253,233.91557547292095,0,262.62762824707204,-142.29942741542391,361.40517096109221,-5.6843418860808015e-14,0.00060088274767622352,0.0010131953749805689
1.7770538375480101,0,0.0016462659696117043,33,34,48,2.5718421936035156,-0.65085423090367045,7.8804609217090604,-57.068997463249005,0,4.4239342064109017,57.731566586054186,12.316110020021473,3.5527136788005009e-15,0.0010131953749805689,0.00080330425407737494
1.7770538375480101,0,0.0016462659696117043,33,34,49,3.409315824508667,-1.2066904376728136,7.3618489706439645,-285.42666796876131,0,-142.2651041625048,48.655166134809086,-372.88144746348587,0,0.00080330425407737494,0.0010581660317257047
1.7770538375480101,0,0.0016462659696117043,33,34,50,3.586357593536377,-1.1206650695971245,7.379372656733457,85.512401991978535,0,111.40690672587284,-174.39601361033064,28.782002694657081,2.8421709430404007e-14,0.0010581660317257047,0.00053719140123575926
1.7770538375480101,0,0.0016462659696117043,33,34,51,2.7326774597167969,-0.54492010892620535,7.9016821417693981,248.36580977570901,0,150.51861548680367,-127.40863895491488,278.83254834044101,0,0.00053719140123575926,0.00096724904142320156
1.7770538375480101,0,0.0016462659696117043,33,34,52,2.7718939781188965,-0.40897520365323825,7.7157730075635813,-104.16093493979379,0,-109.55518895446583,75.838023855911018,-130.57130223443826,0,0.00096724904142320156,0.00060378655325621367
1.7770538375480101,0,0.0016462659696117043,33,34,53,3.3723080158233643,-0.97430585849960083,7.1287402722108553,-243.01688562670648,0,-145.12812689228309,107.69101633178862,-274.2995617734897,5.6843418860808015e-14,0.00060378655325621367,0.00088784488616511226
1.7770538375480101,0,0.0016462659696117043,33,34,54,3.3892722129821777,-1.4133076855571514,7.1838140676713493,77.265842212574682,0,-40.454515516482658,-138.46912617827604,-95.887293100069812,1.4210854715202004e-14,0.00088784488616511226,0.00096245680470019579
1.7770538375480101,0,0.0016462659696117043,33,34,55,2.6216142177581787,-1.7635273998878604,7.5735706935924005,282.48181976261475,0,94.982723320607263,-108.18790696792951,275.08667940899704,0,0.00096245680470019579,0.0014631949597969651
1.7770538375480101,0,0.0016462659696117043,33,34,56,1.7360780239105225,-0.92781909916876903,7.5486587281792774,127.12717379859316,0,201.25475555070295,-67.94903416704399,267.05373481126264,0,0.0014631949597969651,0.0017203164752572775
1.7770538375480101,0,0.0016462659696117043,33,34,57,1.6845173835754395,-0.10260260766376993,5.6790450281257394,-29.440299513828876,0,54.181282266708259,-57.762486478451763,-27.445061305110407,3.5527136788005009e-15,0.0017203164752572775,0.0011836971389129758
1.7770538375480101,0,0.0016462659696117043,33,34,58,2.0836441516876221,-0.018529532998942035,2.1299164710047869,-24.587324645929371,0,70.020015250347612,-70.839718252550313,-23.295640710126222,7.1054273576010019e-15,0.0011836971389129758,0.00082654255675151944
1.7770538375480101,0,0.0016462659696117043,33,34,59,1.7923786640167236,0.33332043967333452,0.1561117680906241,22.855593435887194,0,99.078124618803187,-71.845592316472363,50.57755794598198,0,0.00082654255675151944,0.00053538399515673518
1.7770538375480101,0,0.0016462659696117043,33,34,60,1.3740121126174927,0.18679078995524251,0.0078524671049026058,16.069364967916353,0,82.602383922232988,-60.846872465980361,38.019519681229127,-7.1054273576010019e-15,0.00053538399515673518,0.00035141943953931332
1.7770538375480101,0,0.0016462659696117043,33,34,61,1.0869500637054443,0.066971609625804299,0.0025438393242475225,8.3461985895655975,0,70.624292772731138,-51.687053475995199,27.352953335251588,3.5527136788005009e-15,0.00035141943953931332,0.00024145498173311353
1.7770538375480101,0,0.0016462659696117043,33,34,62,0.88193660974502563,0.028159917932104556,0.0013841478716674692,4.7750234295716592,0,60.970262387866704,-44.728629448021003,21.046200435221131,0,0.00024145498173311353,0.00017406315600965172
1.7770538375480101,0,0.0016462659696117043,33,34,63,0.73327237367630005,0.013510084713114061,0.00061024085486521514,2.8693587733023733,0,52.906904781216632,-39.273766651295631,16.51661722879135,-3.5527136788005009e-15,0.00017406315600965172,0.00013004589709453285
1.7770538375480101,0,0.0016462659696117043,33,34,64,0.62088471651077271,0.006823809571405195,0.0004535889905533551,1.8340492614655339,0,46.345986020962549,-34.874886971277142,13.312425709712894,-3.5527136788005009e-15,0.00013004589709453285,0.00010026355448644608
1.7770538375480101,0,0.0016462659696117043,33,34,65,0.53362196683883667,0.0037078962399904125,0.00031096565243445853,1.2243770505957825,0,40.965345448376553,-31.242777175562928,10.950964185301835,0,0.00010026355448644608,7.9377001384273171e-05
1.7770538375480101,0,0.0016462659696117043,33,34,66,0.46430781483650208,0.0021412233399179244,0.0001940612732478789,0.84754538774570998,0,36.479100779651567,-28.183771568093693,9.1452098839167526,0,7.9377001384273171e-05,6.4189647673629224e-05
1.7770538375480101,0,0.0016462659696117043,33,34,67,0.40806674957275391,0.0012787615665969486,0.00013327099020097899,0.60581627581080322,0,32.735096455301864,-25.565247706419424,7.7770770572500423,-8.8817841970012523e-16,6.4189647673629224e-05,5.2840819989796728e-05
1.7770538375480101,0,0.0016462659696117043,33,34,68,0.36164066195487976,0.00080578035342509114,9.9368721445375284e-05,0.44377648842749229,0,29.540716752195003,-23.294409707384396,6.6909886823129696,0,5.2840819989796728e-05,4.416301817400381e-05
1.7770538375480101,0,0.0016462659696117043,33,34,69,0.32279041409492493,0.00054068257030422801,7.4818800607689154e-05,0.33235263731093789,0,26.782184431619772,-21.304149818577717,5.811002751723902,-2.6645352591003757e-15,4.416301817400381e-05,3.7378300476120785e-05
1.7770538375480101,0,0.0016462659696117043,33,34,70,0.28982150554656982,0.00035791638484712472,5.8452189593289827e-05,0.25336932903774095,0,24.397080413373097,-19.54441329615905,5.1064528148262287,1.7763568394002505e-15,3.7378300476120785e-05,3.2002277293941006e-05
1.7770538375480101,0,0.0016462659696117043,33,34,71,0.26160359382629395,0.00024756212537965875,4.2085578578890494e-05,0.19591046576496376,0,22.28627277077517,-17.977002849168858,4.5054700350752341,0,3.2002277293941006e-05,2.7657133614411578e-05
1.7770538375480101,0,0.0016462659696117043,33,34,72,0.23718748986721039,0.00018216446248650321,3.5071315482408748e-05,0.15382103378348708,0,20.431649470837829,-16.572682162488825,4.0130055779104588,-3.5527136788005009e-15,2.7657133614411578e-05,2.4104732801788487e-05
1.7770538375480101,0,0.0016462659696117043,33,34,73,0.21589954197406769,0.0001258182903420523,2.8057052385926996e-05,0.12219512510751297,0,18.774964170593162,-15.308234162348528,3.5890790086948763,4.4408920985006262e-16,2.4104732801788487e-05,2.1152309273020364e-05
1.7770538375480101,0,0.0016462659696117043,33,34,74,0.19719931483268738,8.8176819968056362e-05,2.3380875189902861e-06,0.097946181391733181,0,17.301942669130465,-14.165003726314882,3.234975639114801,-3.1086244689504383e-15,2.1152309273020364e-05,1.8683043890632689e-05
1.7770538375480101,0,0.0016462659696117043,33,34,75,0.18069030344486237,7.358096974913246e-05,-1.169043759495143e-06,0.079300110449401565,0,15.984697323452972,-13.12761237160584,2.9364574742225211,-2.2204460492503131e-15,1.8683043890632689e-05,1.6586347555858083e-05
1.7770538375480101,0,0.0016462659696117043,33,34,76,0.16602185368537903,5.6045312817194419e-05,1.6366613172442893e-05,0.064781519288479278,0,14.785637292481315,-12.183559989497443,2.6669312341983424,1.7763568394002505e-15,1.6586347555858083e-05,1.4796364666835871e-05
1.7770538375480101,0,0.0016462659696117043,33,34,77,0.15295188128948212,4.7595541262513611e-05,-2.3380875189902861e-06,0.053105096222650264,0,13.689773307535642,-11.32219297537846,2.4207306858335755,0,1.4796364666835871e-05,1.3255124940769747e-05
1.7770538375480101,0,0.0016462659696117043,33,34,78,0.14126138389110565,3.9145770786854575e-05,-2.1042789289445247e-05,0.044135068890683943,0,12.701730680388538,-10.534794743657892,2.2110891086028266,-8.8817841970012523e-16,1.3255124940769747e-05,1.1896611795236822e-05
1.7770538375480101,0,0.0016462659696117043,33,34,79,0.13070113956928253,2.5117244593891077e-05,-7.014263096481749e-06,0.036957236726961148,0,11.825537324423177,-9.8137258361438331,2.0487868279878034,8.8817841970012523e-16,1.1896611795236822e-05,1.0729697351052891e-05
1.7770538375480101,0,0.0016462659696117043,33,34,80,0.12119349092245102,2.3647340697873118e-05,3.5071315482408745e-06,0.03077959429097021,0,11.006974810054821,-9.1524239220434698,1.8853576367745664,-1.7763568394002505e-15,1.0729697351052891e-05,9.7058573373942636e-06
1.7770538375480101,0,0.0016462659696117043,33,34,81,0.11261144280433655,1.9272025256904472e-05,-1.169043759495143e-06,0.025796748633808295,0,10.254289045355534,-8.5452091909119918,1.7348947060588487,1.1102230246251565e-15,9.7058573373942636e-06,8.7996168076642789e-06
1.7770538375480101,0,0.0016462659696117043,33,34,82,0.10483426600694656,1.3727665786685236e-05,-4.6761750379805721e-06,0.021836721431250004,0,9.5689780520442334,-7.9873703418146977,1.6034534831515339,-8.8817841970012523e-16,8.7996168076642789e-06,7.986584932950791e-06
1.7770538375480101,0,0.0016462659696117043,33,34,83,0.09775196760892868,1.1088718400927579e-05,7.014263096481749e-06,0.018532927307972801,0,8.9573145132097665,-7.474725586025686,1.5011399574735507,-6.6613381477509392e-16,7.986584932950791e-06,7.2625116445124149e-06
1.7770538375480101,0,0.0016462659696117043,33,34,84,0.09132065623998642,8.7506314214481838e-06,9.3523500759611442e-06,0.015631924523012954,0,8.3787930077516819,-7.0034054112498856,1.3910376240063071,1.1102230246251565e-15,7.2625116445124149e-06,6.6157786022813525e-06
1.7770538375480101,0,0.0016462659696117043,33,34,85,0.085488669574260712,9.051490748704664e-06,-0,0.013314742891344562,0,7.8533358668078792,-6.5698616331138044,1.2967980280761686,6.6613381477509392e-16,6.6157786022813525e-06,6.0287584346951917e-06
1.7770538375480101,0,0.0016462659696117043,33,34,86,0.080142982304096222,5.3939295368355503e-06,8.1833065862214466e-06,0.011400352597993525,0,7.3889762884178323,-6.1711706201056096,1.2292195981463396,4.4408920985006262e-16,6.0287584346951917e-06,5.500688075699145e-06
1.7770538375480101,0,0.0016462659696117043,33,34,87,0.075285576283931732,5.8452190672311606e-06,-5.8452190672311606e-06,0.0096172089204987054,0,6.9389090139199903,-5.8047029141628039,1.1438233086776854,0,5.500688075699145e-06,5.019484888180159e-06
1.7770538375480101,0,0.0016462659696117043,33,34,88,0.070884190499782562,2.9398077920359185e-06,-2.1042789289445247e-05,0.0082640110535673588,0,6.5336692473551086,-5.4679965098017389,1.0739186456254393,0,5.019484888180159e-06,4.5685151235375088e-06
1.7770538375480101,0,0.0016462659696117043,33,34,89,0.06684277206659317,2.9398077920359185e-06,-2.1042789289445247e-05,0.0071461519461023327,0,6.1692154981038891,-5.1588111630621105,1.0175323840063835,2.2204460492503131e-16,4.5685151235375088e-06,4.1679936657601502e-06
1.7770538375480101,0,0.0016462659696117043,33,34,90,0.063185036182403564,2.9398077920359185e-06,-2.1042789289445247e-05,0.0061142820007500012,0,5.832884730608896,-4.8753365757941785,0.9636443338339703,5.5511151231257827e-16,4.1679936657601502e-06,3.7910422179265879e-06
1.7770538375480101,0,0.0016462659696117043,33,34,91,0.05984627828001976,2.7141627570826676e-06,-1.4028526192963498e-05,0.0053245394329255189,0,5.5240546548811542,-4.6160204173345383,0.91334746261610567,3.3306690738754696e-16,3.7910422179265879e-06,3.4406511986162513e-06
1.7770538375480101,0,0.0016462659696117043,33,34,92,0.056800242513418198,2.488517722129417e-06,-7.014263096481749e-06,0.0046230488999009075,0,5.2552910029525535,-4.3792198421123008,0.88068968399477932,0,3.4406511986162513e-06,3.1153062991506886e-06
1.7770538375480101,0,0.0016462659696117043,33,34,93,0.054045859724283218,2.0372276522229155e-06,7.014263096481749e-06,0.0039622900752454672,0,5.0063976360900471,-4.163502451716484,0.84686652593955714,0,3.1153062991506886e-06,2.8149170248070732e-06
1.7770538375480101,0,0.0016462659696117043,33,34,94,0.051553025841712952,1.2442588610647085e-06,-3.5071315482408745e-06,0.0033671545585181352,0,4.7770984838257995,-3.9676666607501976,0.81279671476143278,-4.4408920985006262e-16,2.8149170248070732e-06,2.5345864287373843e-06
1.7770538375480101,0,0.0016462659696117043,33,34,95,0.049324054270982742,3.7607469858149087e-07,-1.1690438134462321e-05,0.0029077914030213735,0,4.5797035735780476,-3.7907235938491444,0.79187645676848906,4.4408920985006262e-16,2.5345864287373843e-06,2.2619165065407287e-06
1.7770538375480101,0,0.0016462659696117043,33,34,96,0.047308415174484253,7.5214831814120024e-08,-2.3380875189902861e-06,0.0025163144281398968,0,4.4013167939025761,-3.6316504325587213,0.77218041289930772,0,2.2619165065407287e-06,2.0124512047914322e-06
1.7770538375480101,0,0.0016462659696117043,33,34,97,0.045525074005126953,-7.9296879115820685e-07,-1.0521394644722624e-05,0.0021565176708788865,0,4.2387452314377789,-3.4896189654754219,0.75127146926979993,-4.4408920985006262e-16,2.0124512047914322e-06,1.771647589521308e-06
1.7770538375480101,0,0.0016462659696117043,33,34,98,0.043944898992776871,-5.6732375620495597e-07,-1.7535657741204374e-05,0.0018578184761716323,0,4.1075054041996228,-3.3639458050477193,0.74539931464657783,-2.2204460492503131e-16,1.771647589521308e-06,1.5406224065372953e-06
1.7770538375480101,0,0.0016462659696117043,33,34,99,0.042565707117319107,-7.1775449885497763e-07,-1.2859481624202019e-05,0.0015840108810233162,0,3.9966359568914269,-3.2541919539743009,0.74401443656202604,0,1.5406224065372953e-06,1.3159941545382026e-06
1.7770538375480101,0,0.0016462659696117043,33,34,100,0.041369404643774033,8.6818416248321762e-07,8.1833065862214466e-06,0.001335094885433938,0,3.9046660222665257,-3.1601650680767568,0.74584510056595155,-1.1102230246251565e-16,1.3159941545382026e-06,1.1006633258148213e-06
1.7770538375480101,0,0.0016462659696117043,33,34,101,0.040370527654886246,4.1689517159849753e-07,2.2211831700163165e-05,0.0010703387810343265,0,3.8152463451600722,-3.0819669766260103,0.73437233604196839,3.3306690738754696e-16,1.1006633258148213e-06,9.0616271108956425e-07
1.7770538375480101,0,0.0016462659696117043,33,34,102,0.039563708007335663,7.9296879115820685e-07,1.0521394644722624e-05,0.00082142278544494827,0,3.7436218988655723,-3.0206883842572796,0.72376625175717368,0,9.0616271108956425e-07,7.1397909096049261e-07
1.7770538375480101,0,0.0016462659696117043,33,34,103,0.038931254297494888,7.9296879115820685e-07,1.0521394644722624e-05,0.00059739838941450787,0,3.6939948379631118,-2.977112244920328,0.71749130579563414,1.1102230246251565e-16,7.1397909096049261e-07,5.2809883754889597e-07
1.7770538375480101,0,0.0016462659696117043,33,34,104,0.03847600519657135,-5.2650436220973087e-07,1.6366613172442893e-05,0.00036205962994818658,0,3.6442252160813595,-2.9511616209437919,0.69344149487632589,-2.2204460492503131e-16,5.2809883754889597e-07,3.4946427263093938e-07
1.7770538375480101,0,0.0016462659696117043,33,34,105,0.038223497569561005,-3.7607469858149087e-07,1.1690438134462321e-05,0.00013803523391774612,0,3.6042515700623925,-2.9494056317385433,0.65499528792120276,-1.1102230246251565e-16,3.4946427263093938e-07,1.5319984925099561e-07
1.7770538375480101,0,0.0016462659696117043,33,34,106,0.038142595440149307,-1.5042966362824005e-07,4.6761750379805721e-06,4.5257453743523322e-05,0,3.5911450114582681,-2.988428871228896,0.60276592342848967,-2.2204460492503131e-16,1.5319984925099561e-07,1.5319984925099561e-07
1.7787001035176218,0,0.0016462659696117043,34,34,0,0.010257205925881863,-5.657181717940415e-07,4.3582418808658341,-1.4661186083304687,0,-103.41097367380988,167.34374372627386,66.824893890717533,1.1314363632664026e-06,0.00041874896851368248,0.00041874896851368248
1.7787001035176218,0,0.0016462659696117043,34,34,1,0.11472274363040924,0.034111108604665319,9.1356554697133223,-0.1113966966443083,0,-120.6149520585671,56.19976922941477,-55.356814078915001,-1.1314363561609753e-06,0.00041874896851368248,0.00015372305642813444
1.7787001035176218,0,0.0016462659696117043,34,34,2,-0.055412720888853073,0.12244404110310235,9.5173144057233134,-1.5043871797796484,0,-77.422342487619787,51.77366266522418,-17.513310818221527,-2.2628726839002411e-06,0.00015372305642813444,0.00047563074622303247
1.7787001035176218,0,0.0016462659696117043,34,34,3,0.22601355612277985,0.10790847839702625,9.4138977296103334,-1.9787735470465728,0,-170.96090045927122,59.221446489036346,-104.19641225778335,9.0514907356009644e-06,0.00047563074622303247,0.0008045687573030591
1.7787001035176218,0,0.0016462659696117043,34,34,4,0.29463544487953186,-0.094735165048630193,9.3660142121133418,10.890789874804447,0,-71.225891053853047,65.997098290067328,14.933276158083437,0,0.0008045687573030591,0.00064468779601156712
1.7787001035176218,0,0.0016462659696117043,34,34,5,0.28808829188346863,0.15920214503359198,9.3424554445671504,6.0490026494703431,0,-26.609409576208495,68.353871142270549,57.295121805133142,7.1054273576010019e-15,0.00064468779601156712,0.00059445685474202037
1.7787001035176218,0,0.0016462659696117043,34,34,6,0.36350139975547791,0.22768911834732225,9.1799596883373731,-12.777935181001883,0,-40.132445372662247,76.875179871860595,33.372448124881153,-7.1054273576010019e-15,0.00059445685474202037,0.00047107326099649072
1.7787001035176218,0,0.0016462659696117043,34,34,7,0.52108848094940186,0.21074020192037277,8.9435392757265824,-30.811636568220624,0,-68.518662582841472,79.361515762640778,-10.814503910774365,-1.7763568394002505e-15,0.00047107326099649072,0.00068566401023417711
1.7787001035176218,0,0.0016462659696117043,34,34,8,0.7084466814994812,0.0042508063428604278,8.73148773908399,-37.959635018435698,0,-121.60668769393968,94.303336527990993,-56.527247638957533,1.4210854715202004e-14,0.00068566401023417711,0.00040076352888718247
1.7787001035176218,0,0.0016462659696117043,34,34,9,0.95452111959457397,-0.10634992483373366,8.6044687351255895,-39.478728607809302,0,-174.41896819086935,85.37275559270752,-120.02682239567928,0,0.00040076352888718247,0.00054946989985182881
1.7787001035176218,0,0.0016462659696117043,34,34,10,1.1933706998825073,-0.30899809402476447,8.6491864937332217,19.815378723212273,0,-140.44734758438693,55.590418346466599,-56.701362114999611,-7.1054273576010019e-15,0.00054946989985182881,0.00045050549670122564
1.7787001035176218,0,0.0016462659696117043,34,34,11,1.00385582447052,-0.022703967388610267,8.8428386125563829,61.974398565565004,0,55.465942245690414,39.079919925421372,165.34039538184456,0,0.00045050549670122564,0.00011792290752055123
1.7787001035176218,0,0.0016462659696117043,34,34,12,0.84649533033370972,0.18684483206196426,8.8088887336306794,-18.760155931728281,0,29.713654534439755,98.69499311839202,118.64422528679613,-1.4210854715202004e-14,0.00011792290752055123,0.00059128255816176534
1.7787001035176218,0,0.0016462659696117043,34,34,13,1.2462522983551025,-0.13067524050270565,8.4564536669392254,-110.69118724939126,0,-176.00591175489524,139.42297227337454,-138.94834830447547,-2.8421709430404007e-14,0.00059128255816176534,0.00047542355605401099
1.7787001035176218,0,0.0016462659696117043,34,34,14,1.6944988965988159,-0.44880628869291311,8.402821887098634,0.082766831406155456,0,-161.7350779987465,30.625465506501268,-123.07283006243337,0,0.00047542355605401099,0.00045114790555089712
1.7787001035176218,0,0.0016462659696117043,34,34,15,1.3147311210632324,-0.070073247067440753,8.7246018174969127,101.99516664536974,0,102.64079137749334,-0.55988901175187578,212.73059758154068,0,0.00045114790555089712,0.00023742200573906302
1.7787001035176218,0,0.0016462659696117043,34,34,16,1.1368176937103271,0.16469243989085317,8.6760071922579769,-35.627826177717395,0,-7.9070202584384468,124.24257231486996,89.548425510862955,0,0.00023742200573906302,0.00047975615598261356
1.7787001035176218,0,0.0016462659696117043,34,34,17,1.6922930479049683,-0.14549196514016338,8.2458520659709418,-136.25896937322034,0,-255.71033419305996,178.22696655481241,-205.64197691063711,2.8421709430404007e-14,0.00047975615598261356,0.00036288923001848161
1.7787001035176218,0,0.0016462659696117043,34,34,18,1.9846135377883911,-0.29486023119345955,8.3007227686077609,48.985436929247818,0,-30.473255638071052,-55.165070693203468,-28.647026864612396,3.5527136788005009e-15,0.00036288923001848161,0.00014258884766604751
1.7787001035176218,0,0.0016462659696117043,34,34,19,1.4800236225128174,-0.042625732808337438,8.6692032998058099,107.29202661958571,0,148.13307699700107,-36.169974267601809,227.88170691598245,0,0.00014258884766604751,0.00024059896531980485
1.7787001035176218,0,0.0016462659696117043,34,34,20,1.4545760154724121,-0.023910644249046958,8.5053747115632863,-85.688290560207363,0,-120.40111964111971,151.61420792702688,-45.993738206985952,-1.4210854715202004e-14,0.00024059896531980485,0.00020538110402412713
1.7787001035176218,0,0.0016462659696117043,34,34,21,2.0814802646636963,-0.16397680640353371,8.1068409682068516,-114.63966474975422,0,-313.62322024179218,196.18563108372439,-224.13438974601871,0,0.00020538110402412713,0.0005587645573541522
1.7787001035176218,0,0.0016462659696117043,34,34,22,2.0855569839477539,-0.26895712754335399,8.2955294757906923,119.64289436408221,0,87.615389146569584,-85.370040145482918,129.91481571341623,2.8421709430404007e-14,0.0005587645573541522,0.00035481926170177758
1.7787001035176218,0,0.0016462659696117043,34,34,23,1.6093730926513672,0.062837145932023164,8.5983533216884958,72.073255411783776,0,159.01970318606109,-35.624712464899837,204.12943660056555,0,0.00035481926170177758,0.00041506346315145493
1.7787001035176218,0,0.0016462659696117043,34,34,24,1.843738317489624,-0.023761294651693333,8.300806494897186,-145.5395714557562,0,-126.91558615085144,109.62991806208714,-154.548194344275,2.8421709430404007e-14,0.00041506346315145493,0.00048080162378028035
1.7787001035176218,0,0.0016462659696117043,34,34,25,2.4031848907470703,-0.37995159856751676,7.9086195437101088,-146.04631011383168,0,-244.12623633286773,161.51349750521823,-221.1303809963386,2.8421709430404007e-14,0.00048080162378028035,0.00052498269360512495
1.7787001035176218,0,0.0016462659696117043,34,34,26,2.4831175804138184,-0.51876130066244885,8.0998554802215388,121.37672551997809,0,38.208587219988068,-92.137369100770456,75.029037818754787,-1.4210854715202004e-14,0.00052498269360512495,0.000619300059042871
1.7787001035176218,0,0.0016462659696117043,34,34,27,2.0184731483459473,-0.082232793451981881,8.5361803288901594,192.96793474044887,0,163.23603240065972,-112.23138891519085,252.42652576135589,0,0.000619300059042871,9.3605733127333224e-05
1.7787001035176218,0,0.0016462659696117043,34,34,28,1.8311572074890137,0.063379669658773646,8.4236601159566682,-47.289911682200461,0,59.901607184111633,71.690268735224592,92.7890040227512,-1.4210854715202004e-14,9.3605733127333224e-05,0.00045328456326387823
1.7787001035176218,0,0.0016462659696117043,34,34,29,2.4334683418273926,-0.34778090329210498,7.8763040245827174,-250.43693568286463,0,-176.60023263745521,167.13584908675762,-252.37279611227157,2.8421709430404007e-14,0.00045328456326387823,0.00022356101544573903
1.7787001035176218,0,0.0016462659696117043,34,34,30,3.0533103942871094,-0.60791678738267452,7.6999408188077529,-43.634268010539614,0,-182.65749024648835,13.14725410653053,-206.05248011907236,0,0.00022356101544573903,0.00048212951514869928
1.7787001035176218,0,0.0016462659696117043,34,34,31,2.5130910873413086,-0.29137597297338008,8.207013250604593,263.92409136999049,0,240.22815753299358,-180.27021387046199,331.7976723101533,5.6843418860808015e-14,0.00048212951514869928,0.00021043428569100797
1.7787001035176218,0,0.0016462659696117043,34,34,32,1.9201713800430298,-0.018053198298291454,8.5077722251753496,61.405820122694372,0,197.49773518265661,-24.079137749334098,243.31413658289395,2.8421709430404007e-14,0.00021043428569100797,0.00034869599039666355
1.7787001035176218,0,0.0016462659696117043,34,34,33,2.4488468170166016,-0.25508571797096408,8.0751392532958572,-251.43506167070578,0,-169.94282498581993,153.89851454429598,-259.65931857690481,5.6843418860808015e-14,0.00034869599039666355,0.00034839173895306885
1.7787001035176218,0,0.0016462659696117043,34,34,34,3.2297158241271973,-0.57240156627561634,7.6512466271705808,-121.34790557343422,0,-309.27003248707314,140.14893803738366,-283.39015496222879,-5.6843418860808015e-14,0.00034839173895306885,0.00037393977981992066
1.7787001035176218,0,0.0016462659696117043,34,34,35,2.7270231246948242,-0.1937222678764644,8.0446232836729425,264.34408054073037,0,296.31973881923443,-247.51076975362338,321.00395062213795,5.6843418860808015e-14,0.00037393977981992066,5.1466962759150192e-05
1.7787001035176218,0,0.0016462659696117043,34,34,36,2.0359723567962646,-0.10669557863669982,8.5048859310628568,110.75143397181465,0,237.98961525294993,-82.345393996895766,274.79384558029494,0,5.1466962759150192e-05,0.00042475800728425384
1.7787001035176218,0,0.0016462659696117043,34,34,37,2.55757737159729,-0.39653223246462832,8.094933732126929,-250.74367260135671,0,-213.29244171529427,159.64939729446698,-296.68831552252169,-5.6843418860808015e-14,0.00042475800728425384,0.00025898183230310678
1.7787001035176218,0,0.0016462659696117043,34,34,38,3.3015987873077393,-0.58234010311769402,7.6284549734653426,-116.81376041566709,0,-297.01098306473153,113.84501627394393,-292.93361233610705,0,0.00025898183230310678,0.00042360404040664434
1.7787001035176218,0,0.0016462659696117043,34,34,39,2.7266137599945068,-0.28691981093415841,8.0310856478219108,276.13621786429087,0,342.74910717297405,-262.21401132581923,364.41547954833345,0,0.00042360404040664434,0.00039180030580610037
1.7787001035176218,0,0.0016462659696117043,34,34,40,2.0858063697814941,-0.10706555832105312,8.5001870759279345,110.90103701090923,0,237.6998227251394,-82.417805922885407,274.57617533077013,0,0.00039180030580610037,0.00034586800029501319
1.7787001035176218,0,0.0016462659696117043,34,34,41,2.6004345417022705,-0.26374177171758473,8.08104365385487,-251.12151803117064,0,-192.9514972332492,137.89743402258784,-298.35827935969473,0,0.00034586800029501319,0.00061513425316661596
1.7787001035176218,0,0.0016462659696117043,34,34,42,3.3494830131530762,-0.79920024422053482,7.5533502289779655,-186.47316427458631,0,-192.31550328728221,85.084737157083737,-286.94978042002737,0,0.00061513425316661596,0.00045601846068166196
1.7787001035176218,0,0.0016462659696117043,34,34,43,2.9886198043823242,-0.70560160697903884,7.8865474835193918,220.03536785152332,0,292.25076787402475,-234.27184214878997,285.19523945329843,-5.6843418860808015e-14,0.00045601846068166196,0.00051336828619241714
1.7787001035176218,0,0.0016462659696117043,34,34,44,2.3301310539245605,-0.42207949938467543,8.4625549374220235,239.32909105990623,0,182.35480839585168,-121.11792529649112,308.60644959730411,0,0.00051336828619241714,0.00044843830983154476
1.7787001035176218,0,0.0016462659696117043,34,34,45,2.3157939910888672,-0.31195736578141908,8.3404124241044872,-77.044985838306289,0,5.8301738091296587,62.746237284688547,-0.44011968616501562,-1.0658141036401503e-14,0.00044843830983154476,0.00031806572224013507
1.7787001035176218,0,0.0016462659696117043,34,34,46,2.9698379039764404,-0.54113036289335714,7.8650173813372541,-232.30701694898715,0,-7.8597352707672137,5.3883162367408923,-227.45454896456957,0,0.00031806572224013507,0.00067963654873892665
1.7787001035176218,0,0.0016462659696117043,34,34,47,3.2371382713317871,-0.77426451864419699,7.5792476754463536,-101.36829660207745,0,95.310894169192309,-50.105721836233499,-49.358141112316481,7.1054273576010019e-15,0.00067963654873892665,0.00020654531545005739
1.7787001035176218,0,0.0016462659696117043,34,34,48,3.0567467212677002,-0.72828294564077733,7.7302265411347468,81.814035283983799,0,128.25455507432582,-71.757322178690998,145.31321177511259,0,0.00020654531545005739,0.00059302686713635921
1.7787001035176218,0,0.0016462659696117043,34,34,49,2.7793440818786621,-0.73853658750454432,8.1659726601136224,208.50565134774931,0,67.637083589880632,-69.065191594248262,214.50497941599073,-5.6843418860808015e-14,0.00059302686713635921,0.00059119187062606215
1.7787001035176218,0,0.0016462659696117043,34,34,50,2.6320300102233887,-0.59722018819039269,8.2011965363622075,17.57944327250425,0,54.438706663601415,-7.9143338629634004,71.707792421314082,1.4210854715202004e-14,0.00059119187062606215,0.00043104248470626771
1.7787001035176218,0,0.0016462659696117043,34,34,51,3.1243081092834473,-0.72615641103300355,7.6904458050123621,-216.73048754935627,0,-47.482961876888837,-4.5410967026621352,-261.79025673492788,0,0.00043104248470626771,0.00056099728681147099
1.7787001035176218,0,0.0016462659696117043,34,34,52,3.3190088272094727,-0.76267747904951144,7.5954668154316884,36.736018293062806,0,31.186657932920959,-113.80345182842588,-39.047986266059944,-7.1054273576010019e-15,0.00056099728681147099,0.00047485003597103059
1.7787001035176218,0,0.0016462659696117043,34,34,53,2.6720612049102783,-0.43671632564350266,8.0485131618221981,179.40344311636605,0,81.639377718496803,-77.398066389431762,191.25655128160977,0,0.00047485003597103059,0.0003857023548334837
1.7787001035176218,0,0.0016462659696117043,34,34,54,2.7671744823455811,-0.7773657856619719,7.8954581104433199,-105.68187503328014,0,-203.05057131524595,51.06546950330015,-250.5488845204446,-2.8421709430404007e-14,0.0003857023548334837,0.00082891230704262853
1.7787001035176218,0,0.0016462659696117043,34,34,55,3.1623013019561768,-2.0842143627782335,7.5792657784278505,18.906464228190345,0,-192.19385125161963,-97.310766741174106,-265.10310234895377,0,0.00082891230704262853,0.0014276002766564488
1.7787001035176218,0,0.0016462659696117043,34,34,56,2.2604794502258301,-2.0598302124193948,7.8191851579311882,261.05657910080089,0,201.83940944114329,-112.80011218191346,355.85523130554247,-5.6843418860808015e-14,0.0014276002766564488,0.0020287346560508013
1.7787001035176218,0,0.0016462659696117043,34,34,57,1.5080862045288086,-0.12858038611255232,7.1242965559714131,34.355983109635403,0,190.94141457970287,-47.078830917940671,185.21428294125647,2.8421709430404007e-14,0.0020287346560508013,0.0015327701112255454
1.7787001035176218,0,0.0016462659696117043,34,34,58,2.0904145240783691,-0.10877233004535575,3.7241549708559676,-58.995444342277317,0,-16.158504048809597,-70.317917913868982,-141.85648366414529,0,0.0015327701112255454,0.00091786764096468687
1.7787001035176218,0,0.0016462659696117043,34,34,59,2.0485472679138184,0.11195590905712671,0.62259066818175424,14.447482649600458,0,106.93170487586129,-84.561633403734604,37.552100698966015,0,0.00091786764096468687,0.00062684289878234267
1.7787001035176218,0,0.0016462659696117043,34,34,60,1.5615702867507935,0.25441712748536788,0.025672202242549264,23.077463577119445,0,95.503437480398745,-74.361182625352356,44.499807761893749,0,0.00062684289878234267,0.00040109187830239534
1.7787001035176218,0,0.0016462659696117043,34,34,61,1.2047691345214844,0.096681128382526182,0.0054196872628624335,10.626594962831255,0,81.047627459309481,-61.900176341425627,29.876146896360503,0,0.00040109187830239534,0.00026902958052232862
1.7787001035176218,0,0.0016462659696117043,34,34,62,0.96220582723617554,0.03623597934358766,0.0015992519859978388,5.8228602046047051,0,69.405237998695597,-52.601941954911268,22.663991479718614,-3.5527136788005009e-15,0.00026902958052232862,0.00019155848713126034
1.7787001035176218,0,0.0016462659696117043,34,34,63,0.79001080989837646,0.016850248120122934,0.00074584989535893297,3.4274374869045081,0,59.439365654556788,-45.497209630475012,17.387189609001766,0,0.00019155848713126034,0.00014133522927295417
1.7787001035176218,0,0.0016462659696117043,34,34,64,0.66280204057693481,0.0083035090861210987,0.00053074588461465432,2.1375638492510989,0,51.383611300135627,-39.911136423856419,13.618872980501038,-7.1054273576010019e-15,0.00014133522927295417,0.00010790676606120542
1.7787001035176218,0,0.0016462659696117043,34,34,65,0.56585657596588135,0.0044179525831116017,0.00036123453220446159,1.4016414454184147,0,44.887863273272217,-35.401140643406833,10.893143262399111,-3.5527136788005009e-15,0.00010790676606120542,8.4786428487859666e-05
1.7787001035176218,0,0.0016462659696117043,34,34,66,0.48979586362838745,0.0024991397333972236,0.00025251345420899447,0.95726755860150792,0,39.585083624106581,-31.674859137943091,8.8702436979526027,-3.5527136788005009e-15,8.4786428487859666e-05,6.8180073867551982e-05
1.7787001035176218,0,0.0016462659696117043,34,34,67,0.42874425649642944,0.0014766909257594254,0.00017068039050482356,0.6761825648912333,0,35.189082318146184,-28.536834016237666,7.3300782381160117,-8.8817841970012523e-16,6.8180073867551982e-05,5.5870350479381159e-05
1.7787001035176218,0,0.0016462659696117043,34,34,68,0.37873139977455139,0.00092839236938811547,0.00012158055746162557,0.49153215361765812,0,31.519264011972858,-25.85315752415422,6.1586886143631459,2.6645352591003757e-15,5.5870350479381159e-05,4.6517390728695318e-05
1.7787001035176218,0,0.0016462659696117043,34,34,69,0.33713206648826599,0.00059672788527946597,9.1185411622088481e-05,0.36557160835868396,0,28.391249839035503,-23.529042450572319,5.228466910118768,-8.8817841970012523e-16,4.6517390728695318e-05,3.9246617234311998e-05
1.7787001035176218,0,0.0016462659696117043,34,34,70,0.30204111337661743,0.000406947436725881,8.18330637041709e-05,0.27741008846630055,0,25.71955752070334,-21.495172479338382,4.5022839103316894,1.7763568394002505e-15,3.9246617234311998e-05,3.3495936804683879e-05
1.7787001035176218,0,0.0016462659696117043,34,34,71,0.27209818363189697,0.00027204325642072886,9.0016373527457703e-05,0.21397724129937826,0,23.388943476763867,-19.699664465480833,3.9036183122123633,4.4408920985006262e-15,3.3495936804683879e-05,2.8870639653177932e-05
1.7787001035176218,0,0.0016462659696117043,34,34,72,0.24629561603069305,0.0001987631495056737,8.18330637041709e-05,0.16715387965632905,0,21.341396703008638,-18.103379763002273,3.4054514158759046,2.6645352591003757e-15,2.8870639653177932e-05,2.5103086954914033e-05
1.7787001035176218,0,0.0016462659696117043,34,34,73,0.22388884425163269,0.00014769486997469455,5.1437926496808075e-05,0.1321698679125855,0,19.527776656162931,-16.675787693607322,2.9843579632646664,-8.8817841970012523e-16,2.5103086954914033e-05,2.1984811610309407e-05
1.7787001035176218,0,0.0016462659696117043,34,34,74,0.20426590740680695,9.8362960926725389e-05,3.7409400303844577e-05,0.10601105964882904,0,17.929808376405113,-15.392729828487687,2.6432253799274847,4.4408920985006262e-16,2.1984811610309407e-05,1.9371231246623211e-05
1.7787001035176218,0,0.0016462659696117043,34,34,75,0.18695962429046631,8.2297207081538971e-05,4.4423663400326329e-05,0.085717617390233175,0,16.5022796674454,-14.234437711848196,2.3536862938579199,2.6645352591003757e-15,1.9371231246623211e-05,1.7181153452838771e-05
1.7787001035176218,0,0.0016462659696117043,34,34,76,0.17163529992103577,6.6532310405565474e-05,4.2085578578890494e-05,0.069615015348287568,0,15.209165596103956,-13.18520700723985,2.0936822221013784,0,1.7181153452838771e-05,1.5311898096115328e-05
1.7787001035176218,0,0.0016462659696117043,34,34,77,0.15799608826637268,4.8730190393456192e-05,3.2733226344885787e-05,0.057015340226090679,0,14.035666975006642,-12.231786332206541,1.8609774464429303,1.3322676295501878e-15,1.5311898096115328e-05,1.3702512660529464e-05
1.7787001035176218,0,0.0016462659696117043,34,34,78,0.1458049863576889,3.2965295875526262e-05,3.0395139365406391e-05,0.047212575745243533,0,12.97081339736603,-11.363386309775816,1.6547030237706997,8.8817841970012523e-16,1.3702512660529464e-05,1.2299014997552149e-05
1.7787001035176218,0,0.0016462659696117043,34,34,79,0.13484635949134827,2.8289119758523905e-05,3.5071315482408748e-05,0.039355881775367883,0,12.025222261830351,-10.570692955967255,1.4939485480737049,-2.2204460492503131e-16,1.2299014997552149e-05,1.1079664545832202e-05
1.7787001035176218,0,0.0016462659696117043,34,34,80,0.12496702373027802,2.040667357858072e-05,3.3902270913647264e-05,0.032829756945551819,0,11.15602570821374,-9.8458224223387401,1.3430873517650441,-2.2204460492503131e-16,1.1079664545832202e-05,1.0009999641624745e-05
1.7787001035176218,0,0.0016462659696117043,34,34,81,0.11606060713529587,1.8519876669007828e-05,2.2211831700163165e-05,0.027557263584431353,0,10.354448316235327,-9.1819770393379905,1.2000692721901363,-1.7763568394002505e-15,1.0009999641624745e-05,9.0624353106250055e-06
1.7787001035176218,0,0.0016462659696117043,34,34,82,0.10797862708568573,1.16560443151761e-05,2.454991867964256e-05,0.023266856969545339,0,9.6445579997959179,-8.5735267797193142,1.0943342830091427,-4.4408920985006262e-16,9.0624353106250055e-06,8.2248925536987372e-06
1.7787001035176218,0,0.0016462659696117043,34,34,83,0.10065300017595291,1.5012745120766952e-05,2.5718963248404038e-05,0.019578374489448189,0,8.9834823729642714,-8.015525003788543,0.98757647537354543,-2.2204460492503131e-16,8.2248925536987372e-06,7.4822983151534572e-06
1.7787001035176218,0,0.0016462659696117043,34,34,84,0.094013690948486328,8.6002006787981629e-06,1.4028526192963498e-05,0.016514444871011662,0,8.3742808396134532,-7.5034912236250699,0.88732668958626693,7.7715611723760958e-16,7.4822983151534572e-06,6.8098065639787819e-06
1.7787001035176218,0,0.0016462659696117043,34,34,85,0.087983198463916779,8.9010610850764248e-06,4.6761750379805721e-06,0.014038862151240934,0,7.8110563535206801,-7.0332934337021085,0.79181535920593538,-4.4408920985006262e-16,6.8098065639787819e-06,6.2009503380977549e-06
1.7787001035176218,0,0.0016462659696117043,34,34,86,0.082484118640422821,5.5443592004637895e-06,3.5071315482408745e-06,0.012038482695777205,0,7.312206069632694,-6.6015599537157676,0.72269365010345221,-2.2204460492503131e-16,6.2009503380977549e-06,5.6469275477866177e-06
1.7787001035176218,0,0.0016462659696117043,34,34,87,0.077465787529945374,6.2621136993187677e-06,1.6366613172442893e-05,0.010318699453523317,0,6.8516254886302317,-6.2052902144828517,0.65667660232777469,-5.5511151231257827e-16,5.6469275477866177e-06,5.1464839998516254e-06
1.7787001035176218,0,0.0016462659696117043,34,34,88,0.072903230786323547,6.2621136993187677e-06,1.6366613172442893e-05,0.0088071004984896385,0,6.4186338514298207,-5.8416510993990167,0.58581248125616592,5.5511151231257827e-16,5.1464839998516254e-06,4.691080903285183e-06
1.7787001035176218,0,0.0016462659696117043,34,34,89,0.068748794496059418,4.2248860470958518e-06,9.3523500759611442e-06,0.0075127373214248713,0,6.0291165242954383,-5.5081217682907466,0.52852107056223974,5.5511151231257827e-16,4.691080903285183e-06,4.2766610022226814e-06
1.7787001035176218,0,0.0016462659696117043,34,34,90,0.064975254237651825,2.3380875189902861e-06,-2.3380875189902861e-06,0.0064446614130777213,0,5.6654909864477263,-5.2026520585034621,0.46928358935734205,5.5511151231257827e-16,4.2766610022226814e-06,3.8897533158888109e-06
1.7787001035176218,0,0.0016462659696117043,34,34,91,0.06153763085603714,2.5637320144326462e-06,-9.3523500759611442e-06,0.0055417752108944309,0,5.3488562628219141,-4.9234656149777276,0.43092563443701887,-7.2164496600635175e-16,3.8897533158888109e-06,3.5326149827596964e-06
1.7787001035176218,0,0.0016462659696117043,34,34,92,0.058420371264219284,2.187657855362046e-06,2.3380875189902861e-06,0.0047882386060647672,0,5.0585907946197652,-4.6687408252003681,0.3946427337708362,-5.5511151231257827e-17,3.5326149827596964e-06,3.1916906664264388e-06
1.7787001035176218,0,0.0016462659696117043,34,34,93,0.055591676384210587,2.262872687176166e-06,-0,0.0041297426540965031,0,4.7910423053241784,-4.436864260945427,0.35831004990553567,4.9960036108132044e-16,3.1916906664264388e-06,2.8828869744756958e-06
1.7787001035176218,0,0.0016462659696117043,34,34,94,0.053038835525512695,2.488517722129417e-06,-7.014263096481749e-06,0.0035165041558717623,0,4.5646192642453318,-4.2264985644547819,0.34163267820104731,2.7755575615628914e-16,2.8828869744756958e-06,2.5933347842510557e-06
1.7787001035176218,0,0.0016462659696117043,34,34,95,0.050754692405462265,2.262872687176166e-06,-0,0.0029937805651340677,0,4.3515607492569472,-4.0365394538570909,0.31801733883767686,-3.8857805861880479e-16,2.5933347842510557e-06,2.3231070827023359e-06
1.7787001035176218,0,0.0016462659696117043,34,34,96,0.048705939203500748,1.093828927681023e-06,1.169043759495143e-06,0.0025842006087551817,0,4.1632806901931412,-3.8658487041907059,0.30001844948387763,-1.6653345369377348e-16,2.3231070827023359e-06,2.0628992842830485e-06
1.7787001035176218,0,0.0016462659696117043,34,34,97,0.046877902001142502,3.008593272564801e-07,-9.3523500759611442e-06,0.0021949865065608812,0,4.0009263635063128,-3.7135143777626936,0.28959792075943142,-5.5511151231257827e-17,2.0628992842830485e-06,1.8183787915404537e-06
1.7787001035176218,0,0.0016462659696117043,34,34,98,0.045285861939191818,4.5129006990650165e-07,-1.4028526192963498e-05,0.0018668699669203372,0,3.8612958043441075,-3.5787716236047888,0.28437747347011599,-1.1102230246251565e-16,1.8183787915404537e-06,1.5768315506647923e-06
1.7787001035176218,0,0.0016462659696117043,34,34,99,0.04388684406876564,3.008593272564801e-07,-9.3523500759611442e-06,0.0016043767352079017,0,3.7447442837184117,-3.461129398343874,0.28521021061899682,-2.7755575615628914e-16,1.5768315506647923e-06,1.3483351040122216e-06
1.7787001035176218,0,0.0016462659696117043,34,34,100,0.042684413492679596,1.5042966362824005e-07,-4.6761750379805721e-06,0.0013509349942441712,0,3.6524530211719317,-3.3603704662019811,0.29342896421882064,2.7755575615628914e-16,1.3483351040122216e-06,1.1269883088971255e-06
1.7787001035176218,0,0.0016462659696117043,34,34,101,0.041659638285636902,2.2564503495325082e-07,-7.014263096481749e-06,0.0010680759083471505,0,3.5721979784485418,-3.2765853420865962,0.29667392365223128,-5.5511151231257827e-17,1.1269883088971255e-06,9.2542893526115222e-07
1.7787001035176218,0,0.0016462659696117043,34,34,102,0.04084763303399086,-7.5214831814120024e-08,2.3380875189902861e-06,0.00083952576694235764,0,3.5084505919781024,-3.2109280910681797,0.29836428954955185,-3.3306690738754696e-16,9.2542893526115222e-07,7.2149907737184549e-07
1.7787001035176218,0,0.0016462659696117043,34,34,103,0.040188435465097427,-8.2736368946621096e-07,2.5718963248404038e-05,0.00068791329690155451,0,3.4605071083549008,-3.1642427646590483,0.29697714859231289,-2.7755575615628914e-16,7.2149907737184549e-07,5.2325862043289817e-07
1.7787001035176218,0,0.0016462659696117043,34,34,104,0.039693288505077362,-8.2736368946621096e-07,2.5718963248404038e-05,0.00047746613699417107,0,3.4331648176757512,-3.1364343222063407,0.29723285320596377,-5.5511151231257827e-17,5.2325862043289817e-07,3.354329294324998e-07
1.7787001035176218,0,0.0016462659696117043,34,34,105,0.039382584393024445,2.830196443381122e-06,1.7535657741204374e-05,0.00029191057664572541,0,3.4145549526964145,-3.1345561378759843,0.28031109125126041,-1.1102230246251565e-16,3.354329294324998e-07,1.3200268256241543e-07
1.7787001035176218,0,0.0016462659696117043,34,34,106,0.039210066199302673,8.6818416248321762e-07,8.1833065862214466e-06,0.00023760163215349745,0,3.4434970943653975,-3.1764283340794921,0.26731541340880766,5.5511151231257827e-17,1.3200268256241543e-07,1.3200268256241543e-07
1.7803463694872335,0,0.0016462659696117043,33,34,0,0.01013408787548542,0,4.4594262330729171,0.01876939750378271,0,-70.592798110671026,200.77777819420922,134.66318137129662,5.6571817310668848e-06,0.00020481948740780354,0.00020481948740780354
1.7803463694872335,0,0.0016462659696117043,33,34,1,-0.0082109821960330009,0.047932734977937347,9.2684136845245746,-0.0090390449489251949,0,-157.2336449285452,70.696704698720779,-77.22963907817072,-6.222899870067522e-06,0.00020481948740780354,0.00037733311182819307
1.7803463694872335,0,0.0016462659696117043,33,34,2,-0.079079233109951019,0.209311197818421,9.6364976472841963,-0.05897498797318524,0,-49.099173436250666,65.551095134915656,26.238755555794416,-3.5527136788005009e-15,0.00037733311182819307,0.00051537272520363331
1.7803463694872335,0,0.0016462659696117043,33,34,3,0.052342385053634644,0.18584520805240418,9.4969508144114165,-5.30730992028536,0,-148.62598497721251,76.456005335288083,-67.794493539745986,-1.4210854715202004e-14,0.00051537272520363331,0.0005353642045520246
1.7803463694872335,0,0.0016462659696117043,33,34,4,0.32741707563400269,0.019110525561374516,9.2669948633497157,-9.7498313629487274,0,-153.87228332410623,70.778584484033559,-83.557424814110306,0,0.0005353642045520246,0.00078681670129299164
1.7803463694872335,0,0.0016462659696117043,33,34,5,0.43357500433921814,-0.11070199472934522,9.1453931766044132,6.2941170189452649,0,-98.914039194510664,78.946685941627649,-4.6385450520626899,-7.9936057773011271e-15,0.00078681670129299164,0.00062329473439604044
1.7803463694872335,0,0.0016462659696117043,33,34,6,0.48553371429443359,0.048179388100839549,9.033181280074551,15.25063952671452,0,-70.988470451514516,85.680777822885943,39.024307566261335,-7.1054273576010019e-15,0.00062329473439604044,0.00058243446983397007
1.7803463694872335,0,0.0016462659696117043,33,34,7,0.5875476598739624,0.096055551261597483,8.9352684760549526,21.598667224559069,0,-50.475131276669636,81.355016085135489,61.509876060341483,1.4210854715202004e-14,0.00058243446983397007,0.0005741422064602375
1.7803463694872335,0,0.0016462659696117043,33,34,8,0.60195028781890869,0.16858910665817053,8.8899255988674888,22.541542912870138,0,-14.007000903805494,72.357580839182091,89.950637553772395,0,0.0005741422064602375,0.00053045450476929545
1.7803463694872335,0,0.0016462659696117043,33,34,9,0.5885046124458313,0.22466592043725489,8.7421752867855229,-17.204313289914936,0,-34.65895460797605,111.84090760429173,68.944480913623536,1.4210854715202004e-14,0.00053045450476929545,0.00046053162077441812
1.7803463694872335,0,0.0016462659696117043,33,34,10,0.92252069711685181,0.1228949184860222,8.4084971717980714,-74.176713243893758,0,-184.67930363204502,132.98515378730283,-117.33947099835186,0,0.00046053162077441812,0.00076941499719396234
1.7803463694872335,0,0.0016462659696117043,33,34,11,1.3754658699035645,-0.43022923536754037,8.3032883005168472,-10.411097071086095,0,-148.55936600530205,51.748531201160404,-99.348872810078433,0,0.00076941499719396234,0.00052084540948271751
1.7803463694872335,0,0.0016462659696117043,33,34,12,1.1408462524414062,-0.077045157816630516,8.5425786014131493,73.794269656779491,0,84.082845749091121,21.677378988109805,188.02002783757695,0,0.00052084540948271751,0.00026438597706146538
1.7803463694872335,0,0.0016462659696117043,33,34,13,0.9404904842376709,0.13176651085609636,8.5125157720458429,-20.600541236717909,0,-3.0328649021869745,119.79756623799608,104.80844238199313,0,0.00026438597706146538,0.00037841999437659979
1.7803463694872335,0,0.0016462659696117043,33,34,14,1.4312909841537476,-0.060161298979437346,8.1024470351665272,-112.76817852255203,0,-228.95202759403526,174.2724788645923,-159.40544151580789,2.8421709430404007e-14,0.00037841999437659979,0.00061370996991172433
1.7803463694872335,0,0.0016462659696117043,33,34,15,1.8076274394989014,-0.49205261433570863,8.0737260893027152,20.937835987977639,0,-59.043598273060425,4.9375519974554001,-25.586536812660377,0,0.00061370996991172433,0.00049389514606446028
1.7803463694872335,0,0.0016462659696117043,33,34,16,1.3697007894515991,-0.071372135989879862,8.4166293705176116,90.851622942898459,0,147.67709909904431,7.5181682158740939,254.39214749234461,2.8421709430404007e-14,0.00049389514606446028,0.00020300023606978357
1.7803463694872335,0,0.0016462659696117043,33,34,17,1.3329616785049438,0.01387310672690528,8.2457932312810751,-66.915860807023847,0,-102.05925119987056,162.96673244790426,2.2512867790178244,-2.1760371282653068e-14,0.00020300023606978357,0.00043670338345691562
1.7803463694872335,0,0.0016462659696117043,33,34,18,1.9686063528060913,-0.28643046471555655,7.8398632885466046,-105.1922980016642,0,-249.51701457509228,168.7103015935503,-178.44557815937512,2.8421709430404007e-14,0.00043670338345691562,0.00054248643573373556
1.7803463694872335,0,0.0016462659696117043,33,34,19,1.9530447721481323,-0.34369924668261098,8.0845341349748399,101.04048781312235,0,147.39317193723895,-68.624202964971374,187.55029167368215,0,0.00054248643573373556,0.00026585769956000149
1.7803463694872335,0,0.0016462659696117043,33,34,20,1.4568303823471069,-0.083595042809661929,8.3834499997418916,64.116053688634523,0,127.15628339284099,41.106150438463402,240.67834247687114,-2.8421709430404007e-14,0.00026585769956000149,0.00036432468914426863
1.7803463694872335,0,0.0016462659696117043,33,34,21,1.7429620027542114,-0.28919173511208329,7.9785417440256801,-131.41511840799552,0,-238.59143076984981,182.95952038979112,-179.3576787791406,0,0.00036432468914426863,0.00047074968460947275
1.7803463694872335,0,0.0016462659696117043,33,34,22,2.3625545501708984,-0.65153252699165154,7.6536209463376004,-84.673147769758643,0,-248.06870364337354,68.467938028685737,-257.27182496510051,0,0.00047074968460947275,0.00066357129253447056
1.7803463694872335,0,0.0016462659696117043,33,34,23,2.1319150924682617,-0.46206785407610901,8.0427275620792607,154.89823359450892,0,191.40398196292466,-108.4067358082702,245.47613945716654,0,0.00066357129253447056,0.00054452137555927038
1.7803463694872335,0,0.0016462659696117043,33,34,24,1.7078350782394409,-0.054861651146070764,8.2978732461764348,62.112270872649276,0,145.16035019934847,27.337674418867778,242.85330708589589,0,0.00054452137555927038,0.00049140176270157099
1.7803463694872335,0,0.0016462659696117043,33,34,25,2.0022358894348145,-0.22199516494821522,7.8875216502112213,-160.872217488654,0,-152.16598680306791,132.01374780015186,-173.35893000630705,0,0.00049140176270157099,0.00066601100843399763
1.7803463694872335,0,0.0016462659696117043,33,34,26,2.6279456615447998,-0.78934430223153895,7.4744133095948557,-168.59437010004089,0,-236.99438574214835,140.72490249670523,-258.17878433812069,0,0.00066601100843399763,0.00070667383261024952
1.7803463694872335,0,0.0016462659696117043,33,34,27,2.7099936008453369,-0.96227473014005693,7.7038250397752908,112.35695119485689,0,54.271869586121291,-99.562777639451824,73.80759345116158,-1.4210854715202004e-14,0.00070667383261024952,0.0006660856306552887
1.7803463694872335,0,0.0016462659696117043,33,34,28,2.1757991313934326,-0.37280601233958621,8.2099487621980334,213.77318449193947,0,174.34662867680569,-127.80371842311433,268.15323749548929,0,0.0006660856306552887,0.00062721531139686704
1.7803463694872335,0,0.0016462659696117043,33,34,29,2.001889705657959,-0.13311405154130976,8.0932122517301615,-38.719960241326888,0,26.796033212465289,97.978694346502522,94.014865517829776,0,0.00062721531139686704,0.00056559330550953746
1.7803463694872335,0,0.0016462659696117043,33,34,30,2.623093843460083,-0.5586789405824083,7.4709765717012075,-250.54569839570104,0,-211.3468780878047,209.89299143778476,-245.0872874146022,0,0.00056559330550953746,0.00041354857967235148
1.7803463694872335,0,0.0016462659696117043,33,34,31,3.1531217098236084,-0.81135130483249895,7.3721614471975982,-26.858162644964398,0,-111.49988363884354,-84.590742997982431,-216.38797913942528,0,0.00041354857967235148,0.00060882826801389456
1.7803463694872335,0,0.0016462659696117043,33,34,32,2.6002881526947021,-0.54763103040544248,7.9895494882124485,262.19590834432182,0,272.74661560871596,-184.63216346822577,357.752278942619,5.6843418860808015e-14,0.00060882826801389456,0.00049111753469333053
1.7803463694872335,0,0.0016462659696117043,33,34,33,2.1125175952911377,-0.18312070933704408,8.2202651987788684,41.257129304151796,0,118.67923645301212,71.681289656401873,239.65479990300761,0,0.00049111753469333053,0.00068003375781700015
1.7803463694872335,0,0.0016462659696117043,33,34,34,2.6590256690979004,-0.38844529119883248,7.584163200641072,-253.93935571913138,0,-291.47458443934181,224.00897229020467,-314.20924995882632,0,0.00068003375781700015,0.00061899411957710981
1.7803463694872335,0,0.0016462659696117043,33,34,35,3.3082396984100342,-0.8604850594891551,7.3267252265117877,-44.103062819396527,0,-146.28599358885739,-84.803054764984054,-268.72587100621536,0,0.00061899411957710981,0.00059868249809369445
1.7803463694872335,0,0.0016462659696117043,33,34,36,2.6330022811889648,-0.40843211420831593,7.983733339688234,290.34633422049728,0,349.10296403086079,-240.34850615398835,406.67609332284962,5.6843418860808015e-14,0.00059868249809369445,0.00044175042421557009
1.7803463694872335,0,0.0016462659696117043,33,34,37,2.0624690055847168,-0.049495248568432487,8.2552147017141326,32.49557590710964,0,109.19139143829391,55.836546482905376,205.72923328145461,-2.8421709430404007e-14,0.00044175042421557009,0.00068901001941412687
1.7803463694872335,0,0.0016462659696117043,33,34,38,2.7464518547058105,-0.36697515514290502,7.597885260616108,-276.7956008623525,0,-326.90718806459114,197.54762699966346,-398.92425182180699,0,0.00068901001941412687,0.0006857525440864265
1.7803463694872335,0,0.0016462659696117043,33,34,39,3.3581173419952393,-0.95888551257283883,7.3503965719741666,-26.290018673649705,0,-107.74242879924125,-153.65593459223069,-281.29687100572033,0,0.0006857525440864265,0.00043991208076477051
1.7803463694872335,0,0.0016462659696117043,33,34,40,2.6135132312774658,-0.52558103322342609,8.0200705492989091,294.08380336852645,0,342.52868527026158,-251.32962990646487,392.77734824839865,0,0.00043991208076477051,0.00068962294608354568
1.7803463694872335,0,0.0016462659696117043,33,34,41,2.1131935119628906,-0.1266444985286731,8.2653105082079694,21.547037521328459,0,101.83129845685518,46.315681629935881,177.83268361779884,2.8421709430404007e-14,0.00068962294608354568,0.00042834234773181379
1.7803463694872335,0,0.0016462659696117043,33,34,42,2.8122529983520508,-0.43963995715533427,7.6204410098437085,-271.40453297242402,0,-247.29599598113811,140.45900590447127,-371.06072199640244,5.6843418860808015e-14,0.00042834234773181379,0.00080062559572979808
1.7803463694872335,0,0.0016462659696117043,33,34,43,3.4557077884674072,-1.0357411548019184,7.2541877110880124,-77.813710844612274,0,-115.79260743536122,-106.04567254945208,-293.43354427313949,0,0.00080062559572979808,0.00043700216338038445
1.7803463694872335,0,0.0016462659696117043,33,34,44,2.9115006923675537,-0.72148753896118722,7.7515269617391365,269.41552218934066,0,313.53683281408655,-262.0305195053615,327.95187492084364,-1.1368683772161603e-13,0.00043700216338038445,0.00067945296177640557
1.7803463694872335,0,0.0016462659696117043,33,34,45,2.3520975112915039,-0.36869550410333068,8.1409571682750617,123.82917262939513,0,198.25921899636364,-78.180549661675784,251.6801036282547,0,0.00067945296177640557,0.00031306353048421443
1.7803463694872335,0,0.0016462659696117043,33,34,46,2.752615213394165,-0.34071734619908456,7.7409265346360598,-211.19343721663265,0,-111.42385111655442,45.434428490641999,-269.78265065410812,-5.6843418860808015e-14,0.00031306353048421443,0.00051391345914453268
1.7803463694872335,0,0.0016462659696117043,33,34,47,3.4777548313140869,-0.7805541732782032,7.2349187844385359,-163.95479317803284,0,-64.88282357293879,-48.883698173232382,-271.26695031304371,0,0.00051391345914453268,0.00050377933075651526
1.7803463694872335,0,0.0016462659696117043,33,34,48,3.119394063949585,-0.66285198189107841,7.5211303162216083,202.46273130006207,0,315.34133800974831,-183.45706273326593,341.20528491087498,0,0.00050377933075651526,0.00040248292498290539
1.7803463694872335,0,0.0016462659696117043,33,34,49,2.4594135284423828,-0.31481367683080719,7.9549959879974406,98.049368386268412,0,144.70104135279621,11.036736111636561,261.42732816186782,0,0.00040248292498290539,0.00045879458775743842
1.7803463694872335,0,0.0016462659696117043,33,34,50,3.0994749069213867,-0.67749163674076462,7.5424318682623408,-254.3599241852792,0,-165.83663431065153,104.11256377323272,-309.21905449117645,-5.6843418860808015e-14,0.00045879458775743842,0.00074274186044931412
1.7803463694872335,0,0.0016462659696117043,33,34,51,3.6918704509735107,-1.4218053382156697,7.2317038080682305,-54.824807052978166,0,12.654997833652976,-163.77883219787805,-200.13874294735066,0,0.00074274186044931412,0.00096775824204087257
1.7803463694872335,0,0.0016462659696117043,33,34,52,2.9540984630584717,-0.71592709505062369,7.7462561655325315,304.53747865209442,0,272.70563045860581,-150.74425104818738,433.52918713299476,-5.6843418860808015e-14,0.00096775824204087257,0.0003297973598819226
1.7803463694872335,0,0.0016462659696117043,33,34,53,2.420231819152832,-0.83743826688843759,7.9727646300553197,86.816540779051905,0,116.21418966847288,31.962189660269974,242.12824647096164,0,0.0003297973598819226,0.00097577547421678901
1.7803463694872335,0,0.0016462659696117043,33,34,54,2.7360985279083252,-0.76981910525023944,7.5216519083760023,-146.95348672262986,0,-127.03195211591678,32.88095217722649,-234.3526538581944,0,0.00097577547421678901,0.00092865183250978589
1.7803463694872335,0,0.0016462659696117043,33,34,55,2.8831348419189453,-1.9018273899100062,7.1783396129228985,-88.113728021230273,0,-178.6896063499602,15.717443007606716,-245.80937914057085,2.8421709430404007e-14,0.00092865183250978589,0.0014490677276626229
1.7803463694872335,0,0.0016462659696117043,33,34,56,2.5985743999481201,-2.4363727932836805,7.298254328079909,123.18021694867599,0,-57.530261431802991,-119.37062552236118,-48.858788470691948,0,0.0014490677276626229,0.0019616966601461172
1.7803463694872335,0,0.0016462659696117043,33,34,57,1.814740777015686,-0.45825151928918645,6.5651112976252497,77.704948131775851,0,142.36706015429823,-83.701379722977705,142.47748834143241,-2.8421709430404007e-14,0.0019616966601461172,0.0014219728764146566
1.7803463694872335,0,0.0016462659696117043,33,34,58,1.9434818029403687,0.23408625943396927,3.2703613107605181,-22.427566541362449,0,75.881543423430784,-82.403106301909503,-25.444681849646678,7.1054273576010019e-15,0.0014219728764146566,0.00086887128418311477
1.7803463694872335,0,0.0016462659696117043,33,34,59,1.943495512008667,0.37101615075880134,0.44463178358847338,10.138248933957142,0,101.28531253489332,-88.922931294164471,23.316278109033266,3.5527136788005009e-15,0.00086887128418311477,0.0005952678038738668
1.7803463694872335,0,0.0016462659696117043,33,34,60,1.5029547214508057,0.20213187180515083,0.010035071344486514,20.908653981803816,0,96.799755779465229,-76.658306153521622,41.262270550897064,7.1054273576010019e-15,0.0005952678038738668,0.00039137850399129093
1.7803463694872335,0,0.0016462659696117043,33,34,61,1.1778891086578369,0.085925654447089328,0.0041547814840194874,10.133831806471774,0,81.56819679524898,-64.228871469326378,27.563237568325498,7.1054273576010019e-15,0.00039137850399129093,0.00026791737764142454
1.7803463694872335,0,0.0016462659696117043,33,34,62,0.95131850242614746,0.034979498428700101,0.0013712884180978335,5.6702520705815447,0,68.722502154502294,-55.045373779542601,19.383731232388044,1.4210854715202004e-14,0.00026791737764142454,0.00019228414748795331
1.7803463694872335,0,0.0016462659696117043,33,34,63,0.78708767890930176,0.016480073901090683,0.00068155255845336047,3.40212951877113,0,58.419697118733708,-47.978476686435926,13.860511577528458,1.7763568394002505e-15,0.00019228414748795331,0.00014295251457951963
1.7803463694872335,0,0.0016462659696117043,33,34,64,0.6637418270111084,0.0082732171292925726,0.00045241995245872432,2.1508514376701973,0,50.192398911643096,-42.369738546982575,9.9822374394124669,-5.3290705182007514e-15,0.00014295251457951963,0.00010965159890474752
1.7803463694872335,0,0.0016462659696117043,33,34,65,0.56852787733078003,0.0045032927783640129,0.00027589433695204981,1.4244874080681453,0,43.665586168530133,-37.801921843630268,7.2929309200833279,-8.8817841970012523e-16,0.00010965159890474752,8.6339365225285292e-05
1.7803463694872335,0,0.0016462659696117043,33,34,66,0.49317160248756409,0.0025622681012655592,0.00018938508634065872,0.97915406323187582,0,38.378519907304252,-33.998195783320604,5.362229840403125,-6.2172489379008766e-15,8.6339365225285292e-05,6.9499088567681611e-05
1.7803463694872335,0,0.0016462659696117043,33,34,67,0.43235951662063599,0.0015462318337536429,0.00011924246400801549,0.69405020762917624,0,34.014615187538759,-30.771900523833814,3.9384303456318812,2.2204460492503131e-15,6.9499088567681611e-05,5.6966760894283652e-05
1.7803463694872335,0,0.0016462659696117043,33,34,68,0.38236498832702637,0.00095878751522765254,9.1185411622088481e-05,0.50579730303761661,0,30.391303440832278,-27.994215248834319,2.9039354679624254,-1.3322676295501878e-15,5.6966760894283652e-05,4.7424371587112546e-05
1.7803463694872335,0,0.0016462659696117043,33,34,69,0.3406374454498291,0.00064054982570919223,6.5466452689771573e-05,0.37657822110910888,0,27.320567101352726,-25.573357842130264,2.1244934966099693,8.8817841970012523e-16,4.7424371587112546e-05,4.0008417272474617e-05
1.7803463694872335,0,0.0016462659696117043,33,34,70,0.30539229512214661,0.00041339437175007065,5.728314718257191e-05,0.28599090169607255,0,24.696214079636288,-23.442130036403256,1.5405456224480365,4.4408920985006262e-16,4.0008417272474617e-05,3.412588921491988e-05
1.7803463694872335,0,0.0016462659696117043,33,34,71,0.27523976564407349,0.0002954241348476971,6.6635495100489497e-05,0.22092878619438344,0,22.421339115727339,-21.550151234146014,1.0924787274056582,2.6645352591003757e-15,3.412588921491988e-05,2.9405237000901252e-05
1.7803463694872335,0,0.0016462659696117043,33,34,72,0.24923980236053467,0.00020841635890889133,6.3128363552248618e-05,0.17297398820774615,0,20.428544809511024,-19.859242247380497,0.74254809506073582,2.1094237467877974e-15,2.9405237000901252e-05,2.5544586605974473e-05
1.7803463694872335,0,0.0016462659696117043,33,34,73,0.22660598158836365,0.00014505592366795866,6.3128363552248618e-05,0.13709387887988084,0,18.679932569222512,-18.339578414089718,0.47765621829989385,-1.27675647831893e-15,2.5544586605974473e-05,2.2369318685377948e-05
1.7803463694872335,0,0.0016462659696117043,33,34,74,0.20678198337554932,0.0001108871840092758,7.0142630964817497e-05,0.10965881042055702,0,17.126108409846125,-16.967481034475078,0.26846721560658032,3.0531133177191805e-15,2.2369318685377948e-05,1.9706159946508706e-05
1.7803463694872335,0,0.0016462659696117043,33,34,75,0.18930870294570923,8.4901758489966845e-05,6.8973584238012453e-05,0.088695557846557013,0,15.726693631151893,-15.723724742186318,0.091818322154860119,9.298117831235686e-16,1.9706159946508706e-05,1.7461439711041749e-05
1.7803463694872335,0,0.0016462659696117043,33,34,76,0.1737951934337616,6.0386232550588731e-05,5.728314718257191e-05,0.072484337915626959,0,14.486069154662186,-14.592695715681927,-0.034024553724380832,-2.0816681711721685e-16,1.7461439711041749e-05,1.5545272617600858e-05
1.7803463694872335,0,0.0016462659696117043,33,34,77,0.15995314717292786,4.3151436294684402e-05,6.5466452689771573e-05,0.059513551672733166,0,13.369097093290533,-13.561242138904035,-0.132522876051785,-1.1934897514720433e-15,1.5545272617600858e-05,1.3911127098253928e-05
1.7803463694872335,0,0.0016462659696117043,33,34,78,0.14757604897022247,3.7039753338015655e-05,4.4423663400326329e-05,0.048805638117015548,0,12.341092134487898,-12.61862894382468,-0.22864970780302854,-9.1593399531575415e-16,1.3911127098253928e-05,1.250438617717009e-05
1.7803463694872335,0,0.0016462659696117043,33,34,79,0.13649833202362061,2.8890840571080429e-05,1.6366613172442893e-05,0.040469215137458554,0,11.416428045563224,-11.755623609880184,-0.29868109172575652,1.3322676295501878e-15,1.250438617717009e-05,1.1254182027187198e-05
1.7803463694872335,0,0.0016462659696117043,33,34,80,0.12648582458496094,1.4862314378116931e-05,3.0395139365406391e-05,0.034051708196626951,0,10.58673219757396,-10.964278928193181,-0.34344976496884977,8.3266726846886741e-16,1.1254182027187198e-05,1.0158978511753958e-05
1.7803463694872335,0,0.0016462659696117043,33,34,81,0.1174311637878418,2.0256242835930699e-05,3.8578447030649621e-05,0.028620813747404147,0,9.8272080316140293,-10.237643353868668,-0.38175567381736791,2.7755575615628914e-16,1.0158978511753958e-05,9.1928068286506459e-06
1.7803463694872335,0,0.0016462659696117043,33,34,82,0.10923673957586288,1.3843700552005472e-05,2.6888007817165518e-05,0.023995501974816067,0,9.1315014011778395,-9.5700868596609503,-0.41454922479992495,4.4408920985006262e-16,9.1928068286506459e-06,8.339225132658612e-06
1.7803463694872335,0,0.0016462659696117043,33,34,83,0.10182873904705048,1.5163173705373411e-05,2.1042789289445247e-05,0.020347751203088085,0,8.4933532004126633,-8.9565903939498703,-0.44285323637112439,4.4408920985006262e-16,8.339225132658612e-06,7.5678512985177804e-06
1.7803463694872335,0,0.0016462659696117043,33,34,84,0.095067039132118225,7.9984820242852025e-06,3.2733226344885787e-05,0.01738338798288731,0,7.9234803943649661,-8.392515067726718,-0.45161055367049618,-4.4408920985006262e-16,7.5678512985177804e-06,6.8840972744510509e-06
1.7803463694872335,0,0.0016462659696117043,33,34,85,0.08892301470041275,7.9984820242852025e-06,3.2733226344885787e-05,0.014717723957393784,0,7.3842514102470087,-7.8735795258673571,-0.47456965995458555,-5.5511151231257827e-16,6.8840972744510509e-06,6.2695989981875755e-06
1.7803463694872335,0,0.0016462659696117043,33,34,86,0.083358168601989746,5.8108236294122657e-06,3.0395139365406391e-05,0.012599675122196893,0,6.8925155980875052,-7.3963079959242837,-0.49115651675158684,-2.7755575615628914e-16,6.2695989981875755e-06,5.7022366490855347e-06
1.7803463694872335,0,0.0016462659696117043,33,34,87,0.078247770667076111,4.0400647222249527e-06,5.0268879770003037e-05,0.010848211662322541,0,6.4581164540756708,-6.9575912908253175,-0.4885723161428317,-2.2204460492503131e-16,5.7022366490855347e-06,5.1980837270093616e-06
1.7803463694872335,0,0.0016462659696117043,33,34,88,0.073604680597782135,5.3595357175493271e-06,4.4423663400326329e-05,0.0092098918368069965,0,6.0380367684282872,-6.5544333671326367,-0.50713692366842489,-4.4408920985006262e-16,5.1980837270093616e-06,4.7422031457244884e-06
1.7803463694872335,0,0.0016462659696117043,33,34,89,0.069386281073093414,5.8108236294122657e-06,3.0395139365406391e-05,0.0078476424791269449,0,5.6653506883411211,-6.1841776123114984,-0.51094307552825524,5.5511151231257827e-16,4.7422031457244884e-06,4.3144937080796808e-06
1.7803463694872335,0,0.0016462659696117043,33,34,90,0.065542399883270264,4.6417812186943498e-06,3.1564181776124309e-05,0.0067524120985336797,0,5.3148317090975334,-5.8446833487998324,-0.52306302164077079,-2.2204460492503131e-16,4.3144937080796808e-06,3.9193118936964311e-06
1.7803463694872335,0,0.0016462659696117043,33,34,91,0.062046904116868973,1.7363683249664352e-06,1.6366613172442893e-05,0.0057657996069248709,0,5.004634858266737,-5.5340791808853451,-0.52366042003018531,8.8817841970012523e-16,3.9193118936964311e-06,3.561655148587306e-06
1.7803463694872335,0,0.0016462659696117043,33,34,92,0.058894496411085129,2.1124430235479259e-06,4.6761750379805721e-06,0.0049353253307312184,0,4.7183226286490854,-5.2504258266751247,-0.52716108407724682,1.1102230246251565e-16,3.561655148587306e-06,3.2190287129196804e-06
1.7803463694872335,0,0.0016462659696117043,33,34,93,0.056034334003925323,2.0372276522229155e-06,7.014263096481749e-06,0.0043062467236962441,0,4.4611199932792678,-4.9920035029269201,-0.52656821143320665,4.4408920985006262e-16,3.2190287129196804e-06,2.8978761292819399e-06
1.7803463694872335,0,0.0016462659696117043,33,34,94,0.053448006510734558,1.5859375823164137e-06,2.1042789289445247e-05,0.0036997968435330316,0,4.2358578058889425,-4.7573617082482489,-0.51778147678890163,3.3306690738754696e-16,2.8978761292819399e-06,2.6047425762953935e-06
1.7803463694872335,0,0.0016462659696117043,33,34,95,0.051139082759618759,2.9054118147061329e-06,1.5197569682703196e-05,0.0031295529263646376,0,4.0163048462883619,-4.5453509033140262,-0.52589840111780251,-6.6613381477509392e-16,2.6047425762953935e-06,2.3346701709670015e-06
1.7803463694872335,0,0.0016462659696117043,33,34,96,0.049072928726673126,3.2814865132876239e-06,3.5071315482408745e-06,0.0026747155162422285,0,3.8338969418477782,-4.3547378225097422,-0.51815937652766009,3.3306690738754696e-16,2.3346701709670015e-06,2.0726238290080801e-06
1.7803463694872335,0,0.0016462659696117043,33,34,97,0.047234244644641876,1.2442588610647085e-06,-3.5071315482408745e-06,0.0022266667241813477,0,3.6717236449759243,-4.1845245389803507,-0.51057649015293272,-3.3306690738754696e-16,2.0726238290080801e-06,1.8331214732825174e-06
1.7803463694872335,0,0.0016462659696117043,33,34,98,0.045635398477315903,-7.1775449885497763e-07,-1.2859481624202019e-05,0.0018238753858639898,0,3.5223649961315484,-4.0339077329219055,-0.50973243864061601,3.3306690738754696e-16,1.8331214732825174e-06,1.5995287867553998e-06
1.7803463694872335,0,0.0016462659696117043,33,34,99,0.044251434504985809,-4.9210946390172675e-07,-1.9873744720683769e-05,0.001498021718910622,0,3.3902652772722655,-3.9023646807436676,-0.51062174760667622,-1.1102230246251565e-16,1.5995287867553998e-06,1.3744917168878601e-06
1.7803463694872335,0,0.0016462659696117043,33,34,100,0.043070420622825623,8.2736368946621096e-07,-2.5718963248404038e-05,0.0012694715775058293,0,3.2836771850882065,-3.789678146667669,-0.50475638160151559,1.1102230246251565e-16,1.3744917168878601e-06,1.1544528888407513e-06
1.7803463694872335,0,0.0016462659696117043,33,34,101,0.042057890444993973,7.5214939716298174e-07,-2.3380876268924642e-05,0.0010771273990958551,0,3.2045151098727227,-3.6959658000736422,-0.49039619152869568,-4.9960036108132044e-16,1.1544528888407513e-06,9.3890088237458258e-07
1.7803463694872335,0,0.0016462659696117043,33,34,102,0.04123222827911377,4.5129006990650165e-07,-1.4028526192963498e-05,0.00083952576694235764,0,3.1410234280159339,-3.6225446328655244,-0.48069525631877147,-4.9960036108132044e-16,9.3890088237458258e-07,7.4110613468292286e-07
1.7803463694872335,0,0.0016462659696117043,33,34,103,0.040592513978481293,1.5042966362824005e-07,-4.6761750379805721e-06,0.00066302169734261667,0,3.0967593753820806,-3.5703831545534266,-0.47296528321937764,-5.5511151231257827e-17,7.4110613468292286e-07,5.3939152167004067e-07
1.7803463694872335,0,0.0016462659696117043,33,34,104,0.040100045502185822,-1.5042966362824005e-07,4.6761750379805721e-06,0.00052951220879922292,0,3.0899368142302448,-3.5393772729937387,-0.44890642080932064,-3.3306690738754696e-16,5.3939152167004067e-07,3.6326207464298932e-07
1.7803463694872335,0,0.0016462659696117043,33,34,105,0.039755534380674362,3.1310568496593838e-06,8.1833065862214466e-06,0.00038695122950712442,0,3.1064489962285693,-3.5374923000453209,-0.43064503822380901,-2.7755575615628914e-16,3.6326207464298932e-07,1.7060587254036363e-07
1.7803463694872335,0,0.0016462659696117043,33,34,106,0.039558764547109604,-7.5214831814120024e-08,2.3380875189902861e-06,0.00031227643083031094,0,3.181361396537536,-3.5848225451702977,-0.40314660932924423,1.6653345369377348e-16,1.7060587254036363e-07,1.7060587254036363e-07
1.7819926354568452,0,0.0016462659696117043,34,34,0,0.010257205925881863,0,4.4729338858608427,-0.66727024081278996,0,-74.251953760742367,132.90267660360064,62.456391013651697,4.5257453678004822e-06,0.00012448504276107997,0.00012448504276107997
1.7819926354568452,0,0.0016462659696117043,34,34,1,-0.11717722564935684,-0.0015698679267284652,9.1757354707485881,1.6074768707893332,0,-127.1223493540241,45.11073812997757,-71.229968750435333,1.4210854715202004e-14,0.00012448504276107997,0.00022213990450836718
1.7819926354568452,0,0.0016462659696117043,34,34,2,-0.034416515380144119,0.10893469116066064,9.4995768781648842,0.26923885519290741,0,-45.172781573314566,43.302114506025148,8.0070844886653774,1.1314363419501205e-06,0.00022213990450836718,0.0003817264805547893
1.7819926354568452,0,0.0016462659696117043,34,34,3,-0.083458743989467621,0.15444954667235025,9.4398636279775072,-0.44388058057110241,0,-80.38049638516695,50.801862938225625,-20.428196327117199,4.5257453749059096e-06,0.0003817264805547893,0.00035716401180252433
1.7819926354568452,0,0.0016462659696117043,34,34,4,0.20744866132736206,0.15273315773912713,9.1969408507001145,-11.235081428412926,0,-153.0088254156243,64.038708700186831,-90.85553092402921,-6.7886180517007233e-06,0.00035716401180252433,0.00062266510212793946
1.7819926354568452,0,0.0016462659696117043,34,34,5,0.43006342649459839,-0.085558084865787254,9.1224578304835404,-1.935462163814021,0,-133.25288783215876,53.886647191347173,-72.264803059007875,-2.8421709430404007e-14,0.00062266510212793946,0.00067600526381283998
1.7819926354568452,0,0.0016462659696117043,34,34,6,0.50833660364151001,-0.078473596200410473,9.164722069380101,17.085195671661982,0,-81.435429528946983,60.54585608964144,5.2818707055361251,-3.5527136788005009e-15,0.00067600526381283998,0.00072924612322822213
1.7819926354568452,0,0.0016462659696117043,34,34,7,0.58075994253158569,0.0013198204947954988,9.1713522863535264,17.422164569254758,0,-59.1597470023478,57.923168542222761,25.358258215978044,3.5527136788005009e-15,0.00072924612322822213,0.00063488003797829151
1.7819926354568452,0,0.0016462659696117043,34,34,8,0.62910151481628418,0.099680673306453707,9.0497109993362006,-5.8441493108456593,0,-19.671930697826802,63.470537574399899,47.103849238370088,0,0.00063488003797829151,0.00038738609873689711
1.7819926354568452,0,0.0016462659696117043,34,34,9,0.70776861906051636,0.16685518046162179,8.8773581696810844,-32.687938188501114,0,-26.396102145224521,64.749694247006843,14.709867263423909,-7.1054273576010019e-15,0.00038738609873689711,0.00028559003840200603
1.7819926354568452,0,0.0016462659696117043,34,34,10,0.90965545177459717,0.11181023662788975,8.6547395833075527,-67.957578774310761,0,-149.41998174568889,97.081836437157875,-111.52917426290635,-1.4210854715202004e-14,0.00028559003840200603,0.000737293332349509
1.7819926354568452,0,0.0016462659696117043,34,34,11,1.3222274780273438,-0.36682071408200523,8.5167105722896963,-44.889311511792009,0,-220.78052277591968,70.472915641449802,-187.04702878805418,2.8421709430404007e-14,0.000737293332349509,0.00060941919218748808
1.7819926354568452,0,0.0016462659696117043,34,34,12,1.3342864513397217,-0.30858851406838556,8.7145269425754339,70.628782312142491,0,-7.5007169417105919,25.07509137939557,96.609095178334528,1.4210854715202004e-14,0.00060941919218748808,0.00036736929905600846
1.7819926354568452,0,0.0016462659696117043,34,34,13,1.0664905309677124,0.073063633323544055,8.849606299045556,31.550527861018885,0,47.048635144802994,57.663064904067987,145.18489784225898,0,0.00036736929905600846,0.00028954882873222232
1.7819926354568452,0,0.0016462659696117043,34,34,14,1.2648926973342896,0.023193879325383908,8.5482782119939742,-90.500352689922721,0,-159.53998287429664,115.9352589295608,-125.53360454333921,0,0.00028954882873222232,0.00052599207265302539
1.7819926354568452,0,0.0016462659696117043,34,34,15,1.7497336864471436,-0.35026780037531158,8.3381721801441824,-51.692484370444419,0,-229.73002132686793,74.665167890656861,-198.76943342688662,0,0.00052599207265302539,0.00052753119962289929
1.7819926354568452,0,0.0016462659696117043,34,34,16,1.6285969018936157,-0.23922580902471813,8.6092479222409057,120.21574511058624,0,84.182629383104839,-17.599863435633328,195.16853317127394,-2.8421709430404007e-14,0.00052753119962289929,0.00014760591147933155
1.7819926354568452,0,0.0016462659696117043,34,34,17,1.2677885293960571,0.08410701775513553,8.7053249707930309,21.66050700935422,0,53.814443449644756,76.366341267931404,160.63072371547855,0,0.00014760591147933155,0.00062093808082863688
1.7819926354568452,0,0.0016462659696117043,34,34,18,1.6528463363647461,-0.12003860743663408,8.2947657562587693,-159.7925556721485,0,-235.66837855342609,157.07696362368512,-230.20924345306736,0,0.00062093808082863688,0.00034981488715857267
1.7819926354568452,0,0.0016462659696117043,34,34,19,2.2253973484039307,-0.51835002355155468,8.1867729858541463,-16.432728012532355,0,-150.58965158619949,-20.353471745241269,-179.70742838167052,0,0.00034981488715857267,0.00054308481048792601
1.7819926354568452,0,0.0016462659696117043,34,34,20,1.7634950876235962,-0.18370622764485089,8.5884136534100755,179.14645319102883,0,167.05547184890912,-53.674760844410741,300.93187162129243,0,0.00054308481048792601,0.00026316550793126225
1.7819926354568452,0,0.0016462659696117043,34,34,21,1.3674534559249878,0.13593415662770306,8.5837651471924428,-5.3053321695567677,0,13.885276456216914,142.00760735368567,159.30725094416596,0,0.00026316550793126225,0.00059945124667137861
1.7819926354568452,0,0.0016462659696117043,34,34,22,1.9174607992172241,-0.14592191095072687,8.0779966957815876,-199.41107550308078,0,-234.55591413444731,205.45696443973358,-220.57795041296365,0,0.00059945124667137861,0.00036727133556269109
1.7819926354568452,0,0.0016462659696117043,34,34,23,2.4149394035339355,-0.52220878720136177,8.1041719098723259,1.2460644224296789,0,-56.145890230733109,-90.757921910667861,-138.07578459630034,-2.8421709430404007e-14,0.00036727133556269109,0.00057549960911273956
1.7819926354568452,0,0.0016462659696117043,34,34,24,1.9217373132705688,-0.22354806132978985,8.5845910957232618,196.42502491104611,0,148.46370985106975,-110.08596837196988,243.16380942453947,5.6843418860808015e-14,0.00057549960911273956,0.00033377963700331748
1.7819926354568452,0,0.0016462659696117043,34,34,25,1.6961566209793091,0.13039011854412147,8.4748259302864088,-26.177635364513787,0,12.694172685613371,102.15512458988084,97.27687795981096,0,0.00033377963700331748,0.00050029554404318333
1.7819926354568452,0,0.0016462659696117043,34,34,26,2.2462420463562012,-0.26257356369283003,7.9295482874756287,-213.38628757137684,0,-193.25367220040397,183.00999150220591,-215.9629935457921,0,0.00050029554404318333,0.00019188717124052346
1.7819926354568452,0,0.0016462659696117043,34,34,27,2.7358088493347168,-0.51165588042471577,7.8181640366311003,-37.31777570646355,0,-175.50492984493593,9.5585190544841048,-195.95767834070901,0,0.00019188717124052346,0.00055406615138053894
1.7819926354568452,0,0.0016462659696117043,34,34,28,2.3594677448272705,-0.40077907878028618,8.2774587402290756,208.24163746559108,0,164.0195294398676,-120.36599985701473,259.77184670989271,0,0.00055406615138053894,0.00052041211165487766
1.7819926354568452,0,0.0016462659696117043,34,34,29,1.9593387842178345,-0.025775817061451916,8.5419251969247281,72.243061378229484,0,153.45882932968689,-33.686752089639178,200.53128799814047,0,0.00052041211165487766,0.00029622021247632802
1.7819926354568452,0,0.0016462659696117043,34,34,30,2.2940545082092285,-0.1633137847061911,8.1422390856523474,-183.13975367357935,0,-130.38303122686523,129.83690048105137,-175.70695911844703,2.8421709430404007e-14,0.00029622021247632802,0.00051876570796594024
1.7819926354568452,0,0.0016462659696117043,34,34,31,2.8923592567443848,-0.58129239306353153,7.6618753401822479,-208.41281925863058,0,-245.43153371075692,185.54527785495509,-261.21849216731368,0,0.00051876570796594024,0.00044169576722197235
1.7819926354568452,0,0.0016462659696117043,34,34,32,2.8901603221893311,-0.64260888854977227,7.9394138466735455,131.60780654305395,0,94.20675712170231,-164.44719427476238,68.664174348117641,-1.4210854715202004e-14,0.00044169576722197235,0.00059698830591514707
1.7819926354568452,0,0.0016462659696117043,34,34,33,2.271066427230835,-0.25386320100171716,8.5205534958306917,248.73771742759178,0,206.81295016581552,-182.87704320608893,280.94031468214735,0,0.00059698830591514707,0.00013111454609315842
1.7819926354568452,0,0.0016462659696117043,34,34,34,2.1997072696685791,-0.22570967046421489,8.2855915046667867,-79.192578739306953,0,-78.607273141532715,149.09926932548078,-0.64070072115631094,1.021405182655144e-14,0.00013111454609315842,0.00051222776528447866
1.7819926354568452,0,0.0016462659696117043,34,34,35,2.8906459808349609,-0.46143651259638691,7.6234104645274554,-296.47122456840475,0,-243.4575846082794,254.40815052798831,-278.35868469676478,0,0.00051222776528447866,0.00025907493545673788
1.7819926354568452,0,0.0016462659696117043,34,34,36,3.1566479206085205,-0.56563444550461606,7.8094338738039744,65.710781534704296,0,113.79041768174774,-216.89819356994826,-30.153194925196853,3.1974423109204508e-14,0.00025907493545673788,0.00052562082419171929
1.7819926354568452,0,0.0016462659696117043,34,34,37,2.3555326461791992,-0.24498199142272251,8.4893694130468891,304.51676884126141,0,243.08958720040008,-213.93408379148843,341.91665967179716,-5.6843418860808015e-14,0.00052562082419171929,9.7890784672927111e-05
1.7819926354568452,0,0.0016462659696117043,34,34,38,2.1561572551727295,-0.17798851408252853,8.3014480193040008,-59.475680235440592,0,-82.655751511687342,167.53237679347689,33.524404551570406,-2.1316282072803006e-14,9.7890784672927111e-05,0.00032254066900350153
1.7819926354568452,0,0.0016462659696117043,34,34,39,2.8988008499145508,-0.39532498988601983,7.6019046882267052,-311.02790440239761,0,-220.41248916207735,247.02285819630521,-277.21095566982905,0,0.00032254066900350153,0.00011361398355802521
1.7819926354568452,0,0.0016462659696117043,34,34,40,3.199589729309082,-0.54122710070073388,7.7834334666283205,67.123103739206186,0,168.04621182029933,-247.61866352334792,-5.207141597914819,-6.2172489379008766e-15,0.00011361398355802521,0.00051234388956800103
1.7819926354568452,0,0.0016462659696117043,34,34,41,2.3622901439666748,-0.36775075475643465,8.4786105848557103,305.79121873867899,0,245.81748927628169,-216.69428158636143,343.02528625869854,0,0.00051234388956800103,0.0004972081515006721
1.7819926354568452,0,0.0016462659696117043,34,34,42,2.2209358215332031,-0.2285195926235159,8.3193937311496526,-75.824120766121013,0,-60.66120828774293,119.1775753276728,-9.2168795876649963,8.8817841970012523e-15,0.0004972081515006721,0.00010432908311486244
1.7819926354568452,0,0.0016462659696117043,34,34,43,3.07584547996521,-0.53989426868798718,7.6084568360924232,-320.8504373390399,0,-182.09021521828555,177.6225442085769,-318.24954578134412,-5.6843418860808015e-14,0.00010432908311486244,0.0002398087817709893
1.7819926354568452,0,0.0016462659696117043,34,34,44,3.4166049957275391,-0.89802611736940763,7.5781711137654293,31.873267815154698,0,106.47956480998198,-186.67722108202511,-41.644243460492397,2.1316282072803006e-14,0.0002398087817709893,0.00050534342881292105
1.7819926354568452,0,0.0016462659696117043,34,34,45,2.6641364097595215,-0.60279307790073589,8.1508674192085504,272.45914026253706,0,256.33720423635225,-131.32511038399039,405.01930845620672,-5.6843418860808015e-14,0.00050534342881292105,0.00031944020884111524
1.7819926354568452,0,0.0016462659696117043,34,34,46,2.3766601085662842,-0.27346363849986532,8.4284947434528199,78.10611020175844,0,70.950798147018418,-8.0923223770459281,149.11961707668388,-2.8421709430404007e-14,0.00031944020884111524,0.00065126386471092701
1.7819926354568452,0,0.0016462659696117043,34,34,47,2.7557671070098877,-0.55131215854930626,8.1862808110446856,-125.17458621428258,0,-35.922397892643239,13.267747551377287,-140.19426790305317,0,0.00065126386471092701,0.00043603783706203103
1.7819926354568452,0,0.0016462659696117043,34,34,48,3.174879789352417,-0.74683397593024747,7.7513844007598447,-212.94508170632199,0,60.940283850506994,-53.918209739587901,-198.9184571705733,-2.8421709430404007e-14,0.00043603783706203103,0.00078391045099124312
1.7819926354568452,0,0.0016462659696117043,34,34,49,3.4060041904449463,-0.85078072997020004,7.5300567832543459,-94.975047656452361,0,45.967959561333643,-58.935632091409872,-101.26344413324445,0,0.00078391045099124312,0.00040960541809909046
1.7819926354568452,0,0.0016462659696117043,34,34,50,3.1579270362854004,-0.799724099247616,7.8026814617054407,180.21257397737423,0,102.23883277632487,-69.395534800612978,220.05882931554396,-2.8421709430404007e-14,0.00040960541809909046,0.00036471677594818175
1.7819926354568452,0,0.0016462659696117043,34,34,51,2.6577122211456299,-0.52833325212920412,8.1866185447932462,149.09630043651521,0,156.54430149610536,-95.083665545436816,218.21522167984779,0,0.00036471677594818175,0.00074901309562847018
1.7819926354568452,0,0.0016462659696117043,34,34,52,2.964202880859375,-0.72018186142068663,7.894176193066035,-165.03937900550565,0,15.661830648446676,-57.274502509207593,-199.4780565346212,0,0.00074901309562847018,0.00037600588984787464
1.7819926354568452,0,0.0016462659696117043,34,34,53,3.3744771480560303,-1.0529978219143239,7.5664505646822002,-27.290606666974512,0,15.981746537468894,-128.84746392432896,-133.6428713110667,0,0.00037600588984787464,0.00078325357753783464
1.7819926354568452,0,0.0016462659696117043,34,34,54,2.6167187690734863,-0.44662374798613169,7.9356099576864025,254.09344829763734,0,198.21041335824663,-83.669084003986328,376.12376386159792,0,0.00078325357753783464,0.00078540743561461568
1.7819926354568452,0,0.0016462659696117043,34,34,55,2.1520557403564453,-0.40423674824629136,8.0218265385041576,25.692909931939155,0,-32.908903180658491,53.872445402362452,54.274041943900983,0,0.00078540743561461568,0.00087331072427332401
1.7819926354568452,0,0.0016462659696117043,34,34,56,2.619187593460083,-2.3425936919453823,7.5820310088515797,-57.728670109014601,0,-271.39135400189389,56.443937718106454,-267.43664907589584,0,0.00087331072427332401,0.0016925794770941138
1.7819926354568452,0,0.0016462659696117043,34,34,57,2.1962428092956543,-1.3614364206671841,7.3364340817761171,141.06103865714911,0,40.710419262930039,-82.93019271118807,104.81626287000002,0,0.0016925794770941138,0.0015604502987116575
1.7819926354568452,0,0.0016462659696117043,34,34,58,1.8161277770996094,-0.64653214407116399,4.8918261290656311,23.034523305007589,0,165.61034704193392,-71.899973672890582,120.99019065904541,1.4210854715202004e-14,0.0015604502987116575,0.0010741751175373793
1.7819926354568452,0,0.0016462659696117043,34,34,59,2.1172177791595459,0.64985587975999692,1.2605155516986148,-26.481041334410367,0,86.148902821427455,-79.894105478294563,-18.315872559818864,0,0.0010741751175373793,0.00068843777989968657
1.7819926354568452,0,0.0016462659696117043,34,34,60,1.7189971208572388,0.22573368475864022,0.025825346129359803,23.572905974740543,0,117.71890949053756,-72.011053567358687,69.532320928807408,-1.4210854715202004e-14,0.00068843777989968657,0.00045419941307045519
1.7819926354568452,0,0.0016462659696117043,34,34,61,1.308941125869751,0.12192318261446229,0.0071872814250610465,13.60076999900363,0,94.843982070411116,-58.182982532673584,50.39088000078069,0,0.00045419941307045519,0.00030366558348760009
1.7819926354568452,0,0.0016462659696117043,34,34,62,1.0363849401473999,0.047696971653612599,0.0027741407611646071,7.0406839758984257,0,76.30225671343058,-48.400131331473581,34.9932804702702,0,0.00030366558348760009,0.00021427714091259986
1.7819926354568452,0,0.0016462659696117043,34,34,63,0.84445196390151978,0.02138847458258308,0.0011316344001941262,4.0634314328714929,0,62.855615498895894,-41.320055267836793,25.621511772913372,7.1054273576010019e-15,0.00021427714091259986,0.00015688667190261185
1.7819926354568452,0,0.0016462659696117043,34,34,64,0.70355159044265747,0.010417414650320405,0.0005891981001044669,2.5079508506880934,0,53.203033352551252,-35.953245373114825,19.768745442874945,0,0.00015688667190261185,0.00011880738020408899
1.7819926354568452,0,0.0016462659696117043,34,34,65,0.59700322151184082,0.0054609456374470813,0.00033200844172390378,1.6204702857590987,0,45.856626225124579,-31.728118109508472,15.754771355454375,1.7763568394002505e-15,0.00011880738020408899,9.2589551059063524e-05
1.7819926354568452,0,0.0016462659696117043,34,34,66,0.51404261589050293,0.0030399254754481142,0.00021861119408556501,1.0946872911483421,0,40.115844938629124,-28.298580676750262,12.915210089696737,1.7763568394002505e-15,9.2589551059063524e-05,7.3897215770557523e-05
1.7819926354568452,0,0.0016462659696117043,34,34,67,0.44785997271537781,0.0017891177808582557,0.00016600422086195189,0.76535785174747162,0,35.490116797466598,-25.445243042073098,10.812186729142695,3.5527136788005009e-15,7.3897215770557523e-05,6.0146667237859219e-05
1.7819926354568452,0,0.0016462659696117043,34,34,68,0.39404717087745667,0.0011117602778158188,0.00011924246400801549,0.55034874050274096,0,31.684326997266236,-23.025109754628936,9.210796985881867,3.5527136788005009e-15,6.0146667237859219e-05,4.9765923904487863e-05
1.7819926354568452,0,0.0016462659696117043,34,34,69,0.34951910376548767,0.00070768385908535783,8.8847326800652659e-05,0.40543437361597934,0,28.500609950261349,-20.940768670980219,7.9660721840829956,-8.8817841970012523e-16,4.9765923904487863e-05,4.1763712943065912e-05
1.7819926354568452,0,0.0016462659696117043,34,34,70,0.31219112873077393,0.00046302714228333987,6.1959321141530707e-05,0.30494472332386013,0,25.777541370439543,-19.123500873362786,6.9595102068640422,0,4.1763712943065912e-05,3.5460783692542464e-05
1.7819926354568452,0,0.0016462659696117043,34,34,71,0.28047704696655273,0.00031763596654786023,4.4423663400326329e-05,0.2338362120020363,0,23.440790415772447,-17.523124897065809,6.1518637903386226,-8.8817841970012523e-16,3.5460783692542464e-05,3.0423308999161236e-05
1.7819926354568452,0,0.0016462659696117043,34,34,72,0.25325345993041992,0.00022244488510185482,4.909983735928512e-05,0.1820254789564508,0,21.409907436485582,-16.102493424056615,5.4897110361078818,8.8817841970012523e-16,3.0423308999161236e-05,2.6331961635150947e-05
1.7819926354568452,0,0.0016462659696117043,34,34,73,0.22967161238193512,0.00015995263078634003,5.728314718257191e-05,0.1432398410982513,0,19.616264029722267,-14.833193824875011,4.9265272817234775,8.8817841970012523e-16,2.6331961635150947e-05,2.2984024326433428e-05
1.7819926354568452,0,0.0016462659696117043,34,34,74,0.2091151624917984,0.00011646594242413472,3.7409400303844577e-05,0.11376818722046893,0,18.014032497821809,-13.693058998677422,4.4348955617075836,-8.8817841970012523e-16,2.2984024326433428e-05,2.0188508642604575e-05
1.7819926354568452,0,0.0016462659696117043,34,34,75,0.19105416536331177,8.0560836598528979e-05,2.8057052385926996e-05,0.091646343830634733,0,16.590794195476985,-12.664121736327671,4.0184274208689335,0,2.0188508642604575e-05,1.7830303477239795e-05
1.7819926354568452,0,0.0016462659696117043,34,34,76,0.17507140338420868,6.1856136446606684e-05,4.6761752537849285e-05,0.074665747186064779,0,15.317068417319264,-11.732134991387294,3.6597077910070186,-4.4408920985006262e-16,1.7830303477239795e-05,1.5828150935703889e-05
1.7819926354568452,0,0.0016462659696117043,34,34,77,0.16085933148860931,4.5790382601420273e-05,5.3776015634331037e-05,0.061151871498248717,0,14.170986761699776,-10.885241310975491,3.3469968886207697,8.8817841970012523e-16,1.5828150935703889e-05,1.4122459106147289e-05
1.7819926354568452,0,0.0016462659696117043,34,34,78,0.14817005395889282,3.266443654826978e-05,3.9747489441367539e-05,0.050226722164562185,0,13.13293464816608,-10.113782754463392,3.0694510277932388,0,1.4122459106147289e-05,1.2658967534662224e-05
1.7819926354568452,0,0.0016462659696117043,34,34,79,0.1368340402841568,2.858998124382395e-05,2.5718963248404038e-05,0.041528239555057002,0,12.178590721076404,-9.4094862593066821,2.81068701026927,-1.3322676295501878e-15,1.2658967534662224e-05,1.1376734619261697e-05
1.7819926354568452,0,0.0016462659696117043,34,34,80,0.12662757933139801,2.3913805126821596e-05,3.0395139365406391e-05,0.034703415530533681,0,11.325704953788957,-8.7653459716658642,2.5951167065981195,0,1.1376734619261697e-05,1.0250791092403233e-05
1.7819926354568452,0,0.0016462659696117043,34,34,81,0.11740870028734207,1.8369445926357803e-05,2.6888007817165518e-05,0.028960244650480575,0,10.546661248029444,-8.1752973927393047,2.4003693573943643,0,1.0250791092403233e-05,9.2717882580473088e-06
1.7819926354568452,0,0.0016462659696117043,34,34,82,0.10911110788583755,1.5163173705373411e-05,2.1042789289445247e-05,0.024321355641769432,0,9.8250809312880829,-7.6343848313420875,2.2150536615507592,-8.8817841970012523e-16,9.2717882580473088e-06,8.3863533291150816e-06
1.7819926354568452,0,0.0016462659696117043,34,34,83,0.10157438367605209,1.2524227398637535e-05,3.2733226344885787e-05,0.020660027633918398,0,9.1751341123319694,-7.1382680976602106,2.0575712997594211,8.8817841970012523e-16,8.3863533291150816e-06,7.5999969340045936e-06
1.7819926354568452,0,0.0016462659696117043,34,34,84,0.09472811222076416,7.5471919543787014e-06,4.6761752537849285e-05,0.01754178907098964,0,8.5756403028091377,-6.6828966495836282,1.9103397512409912,4.4408920985006262e-16,7.5999969340045936e-06,6.9022871684865095e-06
1.7819926354568452,0,0.0016462659696117043,34,34,85,0.088498204946517944,9.88528109190166e-06,4.4423663400326329e-05,0.014848970573250003,0,8.0264456273768552,-6.2646725195397286,1.7766763873548694,2.2204460492503131e-16,6.9022871684865095e-06,6.2786184571450576e-06
1.7819926354568452,0,0.0016462659696117043,34,34,86,0.082861520349979401,3.4727366499328705e-06,3.2733226344885787e-05,0.012586097886073837,0,7.5120765626002157,-5.8805860868545698,1.6441127795947152,4.4408920985006262e-16,6.2786184571450576e-06,5.7138663578371052e-06
1.7819926354568452,0,0.0016462659696117043,34,34,87,0.077724918723106384,2.6045535664714343e-06,2.454991867964256e-05,0.010802954208579017,0,7.0507990168101031,-5.5280033677202765,1.5336257577706518,-4.4408920985006262e-16,5.7138663578371052e-06,5.1933980103058275e-06
1.7819926354568452,0,0.0016462659696117043,34,34,88,0.073031216859817505,3.6231652345393289e-06,2.8057052385926996e-05,0.0092823037627966336,0,6.6342041551009707,-5.2044080477087107,1.4391100913726778,8.8817841970012523e-16,5.1933980103058275e-06,4.7243911467376165e-06
1.7819926354568452,0,0.0016462659696117043,34,34,89,0.068771377205848694,4.491350476044328e-06,3.6240357893126659e-05,0.0079653118588601055,0,6.24492669247143,-4.9075463056234438,1.3453864304152152,2.2204460492503131e-16,4.7243911467376165e-06,4.2904812289634719e-06
1.7819926354568452,0,0.0016462659696117043,34,34,90,0.064885653555393219,3.3223080653264121e-06,3.7409400303844577e-05,0.0067931438069028507,0,5.8925431061336084,-4.6356214205508586,1.2637555610980222,2.2204460492503131e-16,4.2904812289634719e-06,3.9022379496600479e-06
1.7819926354568452,0,0.0016462659696117043,34,34,91,0.061380341649055481,3.3223080653264121e-06,3.7409400303844577e-05,0.005799742697232514,0,5.5604688021631929,-4.3870584331006794,1.1792508434681155,0,3.9022379496600479e-06,3.5340806334716035e-06
1.7819926354568452,0,0.0016462659696117043,34,34,92,0.058198641985654831,1.3602925473631629e-06,2.8057052385926996e-05,0.0050032115113465029,0,5.2581987943555752,-4.1602484407923255,1.1029829824195299,2.2204460492503131e-16,3.5340806334716035e-06,3.1970766940503381e-06
1.7819926354568452,0,0.0016462659696117043,34,34,93,0.0553145632147789,1.5107232900131845e-06,2.3380876268924642e-05,0.0042632521426398968,0,4.9909354270185728,-3.953763570960187,1.0414599998005842,0,3.1970766940503381e-06,2.8774793463526294e-06
1.7819926354568452,0,0.0016462659696117043,34,34,94,0.052739761769771576,1.2850782550599335e-06,3.0395139365406391e-05,0.0036590651351638605,0,4.7339930220077804,-3.766404501080062,0.97127926628050276,-2.2204460492503131e-16,2.8774793463526294e-06,2.579973624960985e-06
1.7819926354568452,0,0.0016462659696117043,34,34,95,0.050413474440574646,1.1346475124099119e-06,3.5071315482408748e-05,0.0031748103801081612,0,4.5052935310056341,-3.597204984514526,0.91129956283421132,0,2.579973624960985e-06,2.3011598386801779e-06
1.7819926354568452,0,0.0016462659696117043,34,34,96,0.048339962959289551,1.4355089977099553e-06,2.5718963248404038e-05,0.0026928184977396377,0,4.3007366287029702,-3.4451535171724106,0.85830308450054549,4.4408920985006262e-16,2.3011598386801779e-06,2.0432921701285522e-06
1.7819926354568452,0,0.0016462659696117043,34,34,97,0.046507813036441803,2.6797678587746635e-06,2.2211831700163165e-05,0.002249295451053109,0,4.1184984397139246,-3.3094332020136457,0.81133942475089127,1.1102230246251565e-16,2.0432921701285522e-06,1.8013300859820447e-06
1.7819926354568452,0,0.0016462659696117043,34,34,98,0.044903919100761414,-5.2650436220973087e-07,1.6366613172442893e-05,0.0018668699669203372,0,3.9428587874806853,-3.1893742287228268,0.75536726883358885,0,1.8013300859820447e-06,1.5680163869546959e-06
1.7819926354568452,0,0.0016462659696117043,34,34,99,0.043517127633094788,0,-0,0.0015206504457823836,0,3.7939866562640523,-3.0845466514893909,0.71096065522044372,0,1.5680163869546959e-06,1.3469323221215745e-06
1.7819926354568452,0,0.0016462659696117043,34,34,100,0.042342137545347214,-8.6818416248321762e-07,-8.1833065862214466e-06,0.0012400542325725391,0,3.6610157314202065,-2.9947558632622409,0.66749087089978965,1.1102230246251565e-16,1.3469323221215745e-06,1.1300442110950826e-06
1.7819926354568452,0,0.0016462659696117043,34,34,101,0.041349880397319794,-7.5214831814120024e-08,2.3380875189902861e-06,0.0010250813272908034,0,3.5639656476125952,-2.9200923789488633,0.64490061286370992,1.1102230246251565e-16,1.1300442110950826e-06,9.2022366970923031e-07
1.7819926354568452,0,0.0016462659696117043,34,34,102,0.040540333837270737,0,-0,0.00082142278544494827,0,3.4752406724211049,-2.8616016457307336,0.61446044947581613,-2.2204460492503131e-16,9.2022366970923031e-07,7.0794357043268974e-07
1.7819926354568452,0,0.0016462659696117043,34,34,103,0.039904624223709106,6.0171865451296019e-07,-1.8704700151922288e-05,0.00063360435240932651,0,3.4310037742594979,-2.8200462517034306,0.61157302392697932,3.3306690738754696e-16,7.0794357043268974e-07,5.1079160812150803e-07
1.7819926354568452,0,0.0016462659696117043,34,34,104,0.039447229355573654,6.0171865451296019e-07,-1.8704700151922288e-05,0.00046615177355829022,0,3.4171097359602363,-2.7953424705775283,0.62221531417476883,-2.2204460492503131e-16,5.1079160812150803e-07,3.2145891282198136e-07
1.7819926354568452,0,0.0016462659696117043,34,34,105,0.039132837206125259,3.090236376642377e-06,-2.5718963248404038e-05,0.00029191057664572541,0,3.4462940050067474,-2.7938580260947408,0.65270526076178048,-2.2204460492503131e-16,3.2145891282198136e-07,1.3289336209254543e-07
1.7819926354568452,0,0.0016462659696117043,34,34,106,0.038989689201116562,6.7693510485975242e-07,-2.1042789289445247e-05,0.00019008130572279795,0,3.5463627609790516,-2.8316547885886441,0.71487768784194572,1.1102230246251565e-16,1.3289336209254543e-07,1.3289336209254543e-07
1.7836389014264569,0,0.0016462659696117043,34,33,0,0.010252613574266434,-2.8285908589702075e-07,4.4325447198446932,-2.3338086544555927,0,-116.65711531677,157.4935494339035,42.935169333945346,-5.6571816031691924e-07,0.00015668466221541166,0.00015668466221541166
1.7836389014264569,0,0.0016462659696117043,34,33,1,-0.22070568799972534,0.026591582665178921,9.202027788500887,-0.73798614372338867,0,-21.161462118415137,52.386398805712368,39.715569914739909,0,0.00015668466221541166,0.0002541018184274435
1.7836389014264569,0,0.0016462659696117043,34,33,2,0.001668547629378736,0.099326887304768005,9.5961608101989366,1.2420908179909975,0,-44.992602598470853,48.851692101944963,14.796668018968813,3.5527136788005009e-15,0.0002541018184274435,0.00058364914730191231
1.7836389014264569,0,0.0016462659696117043,34,33,3,-0.052969135344028473,0.19211223395953855,9.6243697811172755,-0.46329829109976106,0,15.595677828309768,53.471971245676762,78.420835060836268,2.2628726839002411e-06,0.00058364914730191231,0.0008402862586081028
1.7836389014264569,0,0.0016462659696117043,34,33,4,0.067808449268341064,0.27449833703607662,9.4657474972097724,-2.2333376728631427,0,-44.008936367100745,57.09704803307924,20.595019827361199,0,0.0008402862586081028,0.00068967900006100535
1.7836389014264569,0,0.0016462659696117043,34,33,5,0.2384711354970932,0.12275066035221471,9.1922380355379918,-14.259655165074088,0,-69.330499839583538,59.63673341033229,-14.638432898435132,1.7763568394002505e-15,0.00068967900006100535,0.00033437515958212316
1.7836389014264569,0,0.0016462659696117043,34,33,6,0.44373869895935059,0.10138291928538197,8.8960704296495159,-27.729223805675243,0,-106.37427786959306,65.744507389233974,-59.36154093709942,1.4210854715202004e-14,0.00033437515958212316,0.00042727723484858871
1.7836389014264569,0,0.0016462659696117043,34,33,7,0.71635252237319946,-0.027559526457118528,8.7118856044313269,-20.385658846343659,0,-144.6793177749993,61.236158980100655,-95.144491563268119,-2.8421709430404007e-14,0.00042727723484858871,0.00065983191598206758
1.7836389014264569,0,0.0016462659696117043,34,33,8,0.84565854072570801,-0.15396755478998173,8.7373514079346357,26.736112343708864,0,-77.788909759960831,64.794734464972393,22.32532090186508,-3.5527136788005009e-15,0.00065983191598206758,0.00068816938437521458
1.7836389014264569,0,0.0016462659696117043,34,33,9,0.77129775285720825,0.024500122584056351,8.8244182631645973,36.687610920538731,0,28.118419804888045,50.96764099128815,124.62259010246358,0,0.00068816938437521458,0.00034317755489610136
1.7836389014264569,0,0.0016462659696117043,34,33,10,0.7362481951713562,0.15525060360361062,8.6879110340288666,-17.915869080652108,0,-2.7083146499014199,89.756211532490227,77.975189439569178,0,0.00034317755489610136,0.00026264769257977605
1.7836389014264569,0,0.0016462659696117043,34,33,11,1.0377495288848877,0.011551965068034327,8.3334880336817285,-88.762068200578483,0,-178.8845392547243,120.35760007359994,-138.94396738295308,0,0.00026264769257977605,0.00045688336831517518
1.7836389014264569,0,0.0016462659696117043,34,33,12,1.5351451635360718,-0.40336723941624392,8.2237104224450945,-27.305523523728375,0,-232.24988393938131,55.753127944165314,-195.98193633591552,0,0.00045688336831517518,0.00059572648024186492
1.7836389014264569,0,0.0016462659696117043,34,33,13,1.3707839250564575,-0.28021605059839899,8.469642820396432,97.173835789127708,0,20.636312728156792,19.865560187923091,145.86513547500562,0,0.00059572648024186492,0.0004397633601911366
1.7836389014264569,0,0.0016462659696117043,34,33,14,1.0906331539154053,0.10502388143904842,8.5143124929594602,9.0992826198578243,0,44.998581108110372,90.537862067585365,153.25506216995205,0,0.0004397633601911366,0.0003858259879052639
1.7836389014264569,0,0.0016462659696117043,34,33,15,1.4572197198867798,-0.051177128693176172,8.1245275811298203,-131.51244003652559,0,-219.56074388262422,149.0845334985419,-193.91529996817127,2.8421709430404007e-14,0.0003858259879052639,0.00059822486946359277
1.7836389014264569,0,0.0016462659696117043,34,33,16,2.0351636409759521,-0.6977720674814093,7.9908116054537208,-24.400357053024127,0,-205.01228280223123,27.53282455940985,-194.5867757578732,0,0.00059822486946359277,0.00067086529452353716
1.7836389014264569,0,0.0016462659696117043,34,33,17,1.6672945022583008,-0.28092376403131336,8.3418193651977397,138.18085430091131,0,120.76028279402831,-13.763189948998386,253.23884274710764,-5.6843418860808015e-14,0.00067086529452353716,0.00033117234124802053
1.7836389014264569,0,0.0016462659696117043,34,33,18,1.3246598243713379,0.068569002448640393,8.3378763095403343,-24.447859276473331,0,-19.174026294722054,139.42822213800878,104.21278187880237,1.4210854715202004e-14,0.00033117234124802053,0.00042331800796091557
1.7836389014264569,0,0.0016462659696117043,34,33,19,1.9657659530639648,-0.16343767698581399,7.8652425371696282,-178.19148471107746,0,-287.75000461413885,190.89137793884402,-267.34830652618848,0,0.00042331800796091557,0.00066630030050873756
1.7836389014264569,0,0.0016462659696117043,34,33,20,2.3947465419769287,-0.85464741367441233,7.9122033683284236,47.801429527391264,0,-20.165707621150137,-78.206617955032058,-43.513340094136915,7.1054273576010019e-15,0.00066630030050873756,0.00057156721595674753
1.7836389014264569,0,0.0016462659696117043,34,33,21,1.7973438501358032,-0.27266088441408959,8.3283428269092621,152.57142117668388,0,164.7057048505454,-62.607206386788441,262.72560158293601,0,0.00057156721595674753,0.00048704509390518069
1.7836389014264569,0,0.0016462659696117043,34,33,22,1.6068310737609863,-0.0026300237806704992,8.151650938876486,-65.002737722377631,0,-77.915884072183658,129.23414360911363,-5.5354572703518352,2.042810365310288e-14,0.00048704509390518069,0.00043648615246638656
1.7836389014264569,0,0.0016462659696117043,34,33,23,2.1968424320220947,-0.4394289442772551,7.6571600792203443,-181.45081791179703,0,-234.73288888156597,198.90665402663697,-210.05932163178295,-2.8421709430404007e-14,0.00043648615246638656,0.00072440830990672112
1.7836389014264569,0,0.0016462659696117043,34,33,24,2.5572657585144043,-1.07370763274736,7.7506665043998373,43.397770660257457,0,3.2903979169691198,-79.378532565248349,-26.013405116369288,3.5527136788005009e-15,0.00072440830990672112,0.00068373046815395355
1.7836389014264569,0,0.0016462659696117043,34,33,25,2.0928044319152832,-0.50560665601372201,8.2245731426570803,190.59470627806448,0,126.03092965103603,-89.103599049508617,235.24100336623528,2.8421709430404007e-14,0.00068373046815395355,0.00050473405281081796
1.7836389014264569,0,0.0016462659696117043,34,33,26,1.9163058996200562,-0.1344412263723386,8.2160466383718003,-0.58631936473809332,0,34.771193093259981,73.414831164593792,115.68131030511515,0,0.00050473405281081796,0.00041825554217211902
1.7836389014264569,0,0.0016462659696117043,34,33,27,2.2467718124389648,-0.23062745853162051,7.7575575174504605,-177.45548989531881,0,-121.47745050902968,134.24794536463611,-157.15806498079351,2.8421709430404007e-14,0.00041825554217211902,0.00063422793755307794
1.7836389014264569,0,0.0016462659696117043,34,33,28,2.7932236194610596,-0.7793859652534485,7.4378073838525793,-151.01116140738517,0,-187.82451563740491,77.710596262003037,-254.46665936418793,0,0.00063422793755307794,0.00082979275612160563
1.7836389014264569,0,0.0016462659696117043,34,33,29,2.8454704284667969,-1.1926464840580266,7.6878514214765143,127.70350031754468,0,25.674951774293724,-60.727392788097461,99.146264241159429,0,0.00082979275612160563,0.00072800402995198965
1.7836389014264569,0,0.0016462659696117043,34,33,30,2.293043851852417,-0.49519687593453993,8.1911363701131936,232.93091810331384,0,152.4365177585652,-87.347609844259907,305.71576551179783,5.6843418860808015e-14,0.00072800402995198965,0.00053378153825178742
1.7836389014264569,0,0.0016462659696117043,34,33,31,2.089332103729248,-0.16373750761686481,8.1281804233650945,-39.400487521777499,0,-16.854455069496002,105.4746321010978,57.184132425572528,0,0.00053378153825178742,0.0004720826109405607
1.7836389014264569,0,0.0016462659696117043,34,33,32,2.8184397220611572,-0.48321100502873954,7.5262845744848237,-274.16024122788565,0,-248.68905661332676,177.23977476779567,-338.56644950396065,5.6843418860808015e-14,0.0004720826109405607,0.00050414347788318992
1.7836389014264569,0,0.0016462659696117043,34,33,33,3.2435939311981201,-0.95186268718818767,7.4795081674500334,22.907223139117807,0,-25.954606632465705,-120.00654705640217,-116.52628506948822,0,0.00050414347788318992,0.00055458379210904241
1.7836389014264569,0,0.0016462659696117043,34,33,34,2.4453213214874268,-0.48087345754288657,8.1256901319728563,275.0753831485427,0,276.55157267176742,-155.92793118208155,403.34384131265853,-5.6843418860808015e-14,0.00055458379210904241,0.00047399027971550822
1.7836389014264569,0,0.0016462659696117043,34,33,35,2.1330933570861816,-0.21718769192430945,8.1937958112387967,-34.189146032155278,0,-23.214973824573764,127.26844946619894,77.840937728784382,0,0.00047399027971550822,0.00043067746446467936
1.7836389014264569,0,0.0016462659696117043,34,33,36,2.951981782913208,-0.55013489903380286,7.5400581148134931,-298.39723697587715,0,-270.14543440331619,192.47466470060743,-369.07808346280621,0,0.00043067746446467936,0.00032824813388288021
1.7836389014264569,0,0.0016462659696117043,34,33,37,3.2983760833740234,-0.77286776047803751,7.5471482606605873,55.067242181191467,0,83.741785577679934,-200.07371703781197,-54.490408778758017,7.1054273576010019e-15,0.00032824813388288021,0.00051779154455289245
1.7836389014264569,0,0.0016462659696117043,34,33,38,2.3712248802185059,-0.34650294594202224,8.2412855888882195,294.07525876125965,0,267.03751453984097,-195.24615875593483,373.76139718811197,5.6843418860808015e-14,0.00051779154455289245,0.00046974304132163525
1.7836389014264569,0,0.0016462659696117043,34,33,39,2.1432411670684814,-0.14817912645618508,8.1890890360494719,-57.308246466718764,0,-67.749177251312588,122.77615840165382,5.7596445932157518,-1.7763568394002505e-15,0.00046974304132163525,0.00064270978327840567
1.7836389014264569,0,0.0016462659696117043,34,33,40,3.0037040710449219,-0.63253514506463582,7.4743035602695276,-304.82495399827326,0,-226.14809299586452,175.47871672772769,-348.65256185120523,-5.6843418860808015e-14,0.00064270978327840567,0.00052335247164592147
1.7836389014264569,0,0.0016462659696117043,34,33,41,3.2613253593444824,-0.81495096955962443,7.5559219837869414,73.517076804091161,0,167.96670352556271,-252.91255460859833,-4.6878032647171404,2.042810365310288e-14,0.00052335247164592147,0.00039118717540986836
1.7836389014264569,0,0.0016462659696117043,34,33,42,2.3214206695556641,-0.38023389193524199,8.2488034176731908,277.38604770687198,0,249.61448102747431,-201.2899477467339,333.57915051335033,0,0.00039118717540986836,0.00066271558171138167
1.7836389014264569,0,0.0016462659696117043,34,33,43,2.1963801383972168,-0.15832358471279584,8.2264603784781851,-49.802315866336919,0,-23.269717240621929,74.713611469143927,9.7097151559504677,-8.8817841970012523e-15,0.00066271558171138167,0.00063137529650703073
1.7836389014264569,0,0.0016462659696117043,34,33,44,2.8596153259277344,-0.65301357716540831,7.6910183118022175,-264.30280574291629,0,-116.67748117095459,49.030259911435408,-324.9120222677987,0,0.00063137529650703073,0.00049165566451847553
1.7836389014264569,0,0.0016462659696117043,34,33,45,3.3488838672637939,-1.0063209812777691,7.5210771387134594,-16.875599351884976,0,-4.892873839119793,-133.99117267507688,-149.24488970864596,0,0.00049165566451847553,0.00049772369675338268
1.7836389014264569,0,0.0016462659696117043,34,33,46,2.6988959312438965,-0.62032751263549213,7.8689061280501669,157.56661306722705,0,228.11161478099953,-116.64214415107165,276.28466231256959,0,0.00049772369675338268,0.00019753322703763843
1.7836389014264569,0,0.0016462659696117043,34,33,47,2.6949005126953125,-0.4199184559684222,7.8099899747668484,-150.86923403244549,0,-43.88481327446376,25.153296259464376,-162.21067952864644,0,0.00019753322703763843,0.00020987393509130925
1.7836389014264569,0,0.0016462659696117043,34,33,48,3.5255608558654785,-1.0332446405097913,7.4395277328130049,-137.74935163393906,0,-141.17530467636075,-13.931330441146324,-286.44970365914293,-5.6843418860808015e-14,0.00020987393509130925,0.00083270517643541098
1.7836389014264569,0,0.0016462659696117043,34,33,49,3.0881330966949463,-1.159579691198493,7.7899052825136446,276.4141348362391,0,262.41415788925457,-150.01897319747516,395.43964511933365,-5.6843418860808015e-14,0.00083270517643541098,0.00052824494196102023
1.7836389014264569,0,0.0016462659696117043,34,33,50,2.6189463138580322,-0.65452857042947277,7.9316374846840647,49.236489076653896,0,121.60873333084889,28.878889851631218,207.00122117338859,0,0.00052824494196102023,0.00098955666180700064
1.7836389014264569,0,0.0016462659696117043,34,33,51,3.2763934135437012,-0.89617621894764121,7.3563337841871448,-245.22110465383105,0,-106.48651635487698,86.809154762600969,-258.43830868086758,-5.6843418860808015e-14,0.00098955666180700064,0.00057325413217768073
1.7836389014264569,0,0.0016462659696117043,34,33,52,3.406557559967041,-1.1583000366938949,7.4423517979266007,91.289280623579828,0,156.82917001294859,-139.31026311057167,115.09223928718944,0,0.00057325413217768073,0.00070404593134298921
1.7836389014264569,0,0.0016462659696117043,34,33,53,2.7742269039154053,-0.96509313807193486,7.8301781934454899,138.12994871694059,0,230.52090438252674,-99.146264241159429,276.36967391368142,-5.6843418860808015e-14,0.00070404593134298921,0.0006394471856765449
1.7836389014264569,0,0.0016462659696117043,34,33,54,3.0124578475952148,-1.7545307838018198,7.4823141295821314,-93.213265497124496,0,23.269427592917971,-70.915461127135472,-135.13151568556168,0,0.0006394471856765449,0.0014306436059996486
1.7836389014264569,0,0.0016462659696117043,34,33,55,2.6165933609008789,-0.33850255955651087,7.4951180289643462,88.381941795095884,0,126.38806527001692,-100.94627989740984,120.98034263711081,0,0.0014306436059996486,0.001181159052066505
1.7836389014264569,0,0.0016462659696117043,34,33,56,1.9152117967605591,-1.2994206975206057,7.6506707260716951,67.654390040192155,0,-66.488485619833,-26.1209368264639,-18.60378237755366,-7.1054273576010019e-15,0.001181159052066505,0.001675791572779417
1.7836389014264569,0,0.0016462659696117043,34,33,57,2.0819315910339355,-1.021915002683272,7.0993031271415523,-11.224282999949722,0,-208.72556636697982,-48.047919723459984,-261.92038096593126,0,0.001675791572779417,0.0015315401833504438
1.7836389014264569,0,0.0016462659696117043,34,33,58,2.0233213901519775,-0.83643581428801861,4.6253174297698019,2.6187048914892439,0,125.62788487097772,-58.321868606721708,73.713602771227031,0,0.0015315401833504438,0.0010566740529611707
1.7836389014264569,0,0.0016462659696117043,34,33,59,2.0801212787628174,0.41352230488857578,1.2958336200228027,-6.5360452636766437,0,99.400430101383066,-68.762509743611574,25.811231019006222,-7.1054273576010019e-15,0.0010566740529611707,0.00071584380930289626
1.7836389014264569,0,0.0016462659696117043,34,33,60,1.7712501287460327,0.30190167666137463,0.034451719560490722,19.609801265327693,0,91.722231529071863,-64.526194837439817,47.142191353181602,0,0.00071584380930289626,0.00047521179658360779
1.7836389014264569,0,0.0016462659696117043,34,33,61,1.3565746545791626,0.11529512023172948,0.0035328503172653578,14.600489049216561,0,77.108780745103161,-53.907637598393414,37.920460166475301,0,0.00047521179658360779,0.00032088079024106264
1.7836389014264569,0,0.0016462659696117043,34,33,62,1.073881983757019,0.053574990630734745,0.0029787235671719968,7.7091908766347572,0,63.312208898223552,-45.777878255610844,25.300075233445373,3.5527136788005009e-15,0.00032088079024106264,0.00022554217139258981
1.7836389014264569,0,0.0016462659696117043,34,33,63,0.87468504905700684,0.024028827830135976,0.0014963760812111771,4.4283875398592647,0,52.500203198895832,-39.691655876181827,17.262460066484614,-7.1054273576010019e-15,0.00022554217139258981,0.00016474243602715433
1.7836389014264569,0,0.0016462659696117043,34,33,64,0.72868442535400391,0.011633151081220901,0.00067687633701744333,2.7181626718360108,0,44.852345223574297,-34.953453910975902,12.629364011852644,0,0.00016474243602715433,0.00012451293878257275
1.7836389014264569,0,0.0016462659696117043,34,33,65,0.61809313297271729,0.0060390031915764104,0.00040565822150131066,1.7520065493192749,0,38.901171086115951,-31.139372945249725,9.5202493515985811,1.7763568394002505e-15,0.00012451293878257275,9.6862670034170151e-05
1.7836389014264569,0,0.0016462659696117043,34,33,66,0.53198403120040894,0.0033552577477567597,0.00022913258873028764,1.1804954234460623,0,34.222708959851474,-27.985905980327008,7.4208827933070163,4.4408920985006262e-15,9.6862670034170151e-05,7.715575338806957e-05
1.7836389014264569,0,0.0016462659696117043,34,33,67,0.46328550577163696,0.0019707493101707749,0.00014729952502611673,0.82364945216912966,0,30.453396667368391,-25.321291927760335,5.9578722406123843,2.6645352591003757e-15,7.715575338806957e-05,6.2701023125555366e-05
1.7836389014264569,0,0.0016462659696117043,34,33,68,0.40747356414794922,0.0012052149930949015,9.819967471857024e-05,0.59122527272389125,0,27.310737182399631,-23.03142769517153,4.8718381746198034,-3.5527136788005009e-15,6.2701023125555366e-05,5.1803392125293612e-05
1.7836389014264569,0,0.0016462659696117043,34,33,69,0.3613210916519165,0.00077368323631693927,7.7156894061299243e-05,0.43517757221622289,0,24.677948171305403,-21.037456695157882,4.0765198884941194,-2.6645352591003757e-15,5.1803392125293612e-05,4.3417399865575135e-05
1.7836389014264569,0,0.0016462659696117043,34,33,70,0.32263794541358948,0.00050624736405855309,5.4945062361136074e-05,0.32672261006524356,0,22.407852394511771,-19.282481256873034,3.4526549401303996,-1.3322676295501878e-15,4.3417399865575135e-05,3.6836871004197747e-05
1.7836389014264569,0,0.0016462659696117043,34,33,71,0.28981375694274902,0.00034509129596318718,3.5071315482408748e-05,0.25005648342371506,0,20.44854860406566,-17.724520566224488,2.9744646838763322,-2.2204460492503131e-15,3.6836871004197747e-05,3.1579391361447051e-05
1.7836389014264569,0,0.0016462659696117043,34,33,72,0.2616436779499054,0.00023062819060905447,4.091653185208545e-05,0.1944260212821762,0,18.744424440807034,-16.331912508573282,2.6072094982383889,-1.3322676295501878e-15,3.1579391361447051e-05,2.7325047994963825e-05
1.7836389014264569,0,0.0016462659696117043,34,33,73,0.23725643754005432,0.0001707748869163627,3.7409400303844577e-05,0.15279821532888344,0,17.228245431454511,-15.080190904425663,2.3010609266449511,4.4408920985006262e-16,2.7325047994963825e-05,2.3835415049688891e-05
1.7836389014264569,0,0.0016462659696117043,34,33,74,0.21600200235843658,0.00013079532578631113,1.4028526192963498e-05,0.12158867522734976,0,15.867770165961204,-13.949985563579403,2.0395181014611299,-4.4408920985006262e-16,2.3835415049688891e-05,2.0921739633195102e-05
1.7836389014264569,0,0.0016462659696117043,34,33,75,0.1973131000995636,9.2552135139269557e-05,7.014263096481749e-06,0.098027644808471523,0,14.667768779951684,-12.925411119770528,1.840484871387863,-2.2204460492503131e-16,2.0921739633195102e-05,1.8478178390068933e-05
1.7836389014264569,0,0.0016462659696117043,34,33,76,0.18078890442848206,7.6787241700361408e-05,4.6761750379805721e-06,0.07957165517186271,0,13.586061326536983,-11.993704971043362,1.6720094740822231,1.5543122344752192e-15,1.8478178390068933e-05,1.6405472706537694e-05
1.7836389014264569,0,0.0016462659696117043,34,33,77,0.16611947119235992,5.6647032011218276e-05,-2.3380875189902861e-06,0.065089269973935243,0,12.612917453162249,-11.144104894897696,1.5339561371829795,0,1.6405472706537694e-05,1.4627333257521968e-05
1.7836389014264569,0,0.0016462659696117043,34,33,78,0.15301321446895599,4.8162865558229458e-05,1.5197569682703196e-05,0.053702494612064777,0,11.740317539024124,-10.367740430399799,1.4263429636716298,-1.5543122344752192e-15,1.4627333257521968e-05,1.3101793228997849e-05
1.7836389014264569,0,0.0016462659696117043,34,33,79,0.14126813411712646,3.9979558972008008e-05,2.3380876268924642e-05,0.044406613613145081,0,10.929059577689971,-9.6570626342652535,1.3164669174731038,0,1.3101793228997849e-05,1.1778775842685718e-05
1.7836389014264569,0,0.0016462659696117043,34,33,80,0.13073466718196869,2.8890840571080429e-05,1.6366613172442893e-05,0.03694818523621244,0,10.188032133075017,-9.0055091757012455,1.2195164000637282,-2.2204460492503131e-16,1.1778775842685718e-05,1.0620840839692391e-05
1.7836389014264569,0,0.0016462659696117043,34,33,81,0.1212216317653656,1.7501262842896368e-05,1.8704700151922288e-05,0.030910840906826428,0,9.5217971565166106,-8.407332358082348,1.1454118453040831,-6.6613381477509392e-16,1.0620840839692391e-05,9.5972918643383309e-06
1.7836389014264569,0,0.0016462659696117043,34,33,82,0.11263447254896164,1.3125946053150496e-05,1.4028526192963498e-05,0.025923469504290159,0,8.9005978721783841,-7.8579023438906006,1.0686461522643187,-8.8817841970012523e-16,9.5972918643383309e-06,8.6839090727153234e-06
1.7836389014264569,0,0.0016462659696117043,34,33,83,0.10485722869634628,1.4595849949168454e-05,3.5071315482408745e-06,0.022017751246224095,0,8.3337527897861285,-7.3531052305807156,1.0026834134331335,-1.5543122344752192e-15,8.6839090727153234e-06,7.8681687227799557e-06
1.7836389014264569,0,0.0016462659696117043,34,33,84,0.09777320921421051,1.0070104574816122e-05,3.5071315482408745e-06,0.018763740322064768,0,7.8328387660074377,-6.889048877130751,0.96256720643487448,0,7.8681687227799557e-06,7.1478748395747971e-06
1.7836389014264569,0,0.0016462659696117043,34,33,85,0.09133756160736084,8.9010610850764248e-06,4.6761750379805721e-06,0.015880840518602335,0,7.366370190272943,-6.4622213051302078,0.92004330289745995,-6.6613381477509392e-16,7.1478748395747971e-06,6.4984405980794691e-06
1.7836389014264569,0,0.0016462659696117043,34,33,86,0.085491962730884552,1.123914860406671e-05,2.3380875189902861e-06,0.013500298451693007,0,6.9300657074585059,-6.0697577177571223,0.87382186538919959,-2.2204460492503131e-16,6.4984405980794691e-06,5.9163412515772507e-06
1.7836389014264569,0,0.0016462659696117043,34,33,87,0.080180399119853973,6.5629730265752479e-06,7.014263096481749e-06,0.011567805176844562,0,6.53156025001066,-5.7090558114212415,0.83408582100238615,1.1102230246251565e-16,5.9163412515772507e-06,5.3778417168359738e-06
1.7836389014264569,0,0.0016462659696117043,34,33,88,0.075327962636947632,5.3939295368355503e-06,8.1833065862214466e-06,0.0098842278975854944,0,6.1737321919874928,-5.3776535806389179,0.8059764164822838,2.2204460492503131e-16,5.3778417168359738e-06,4.8951123972074129e-06
1.7836389014264569,0,0.0016462659696117043,34,33,89,0.07092650979757309,3.5071315482408745e-06,-3.5071315482408745e-06,0.008426937887044043,0,5.8370619935894235,-5.0733560389035901,0.77213289257287709,1.1102230246251565e-16,4.8951123972074129e-06,4.4498128772829659e-06
1.7836389014264569,0,0.0016462659696117043,34,33,90,0.066916361451148987,3.2062716814735039e-06,5.8452190672311606e-06,0.0072547698350867882,0,5.5428161323305316,-4.7943755167923889,0.75570443686397804,-4.4408920985006262e-16,4.4498128772829659e-06,4.0405084291705862e-06
1.7836389014264569,0,0.0016462659696117043,34,33,91,0.063264496624469757,5.2434998732073102e-06,1.2859481624202019e-05,0.0061685909452422289,0,5.2599027374890186,-4.5391823123687844,0.72690711904697425,4.4408920985006262e-16,4.0405084291705862e-06,3.6685514714918099e-06
1.7836389014264569,0,0.0016462659696117043,34,33,92,0.059985868632793427,2.3380875189902861e-06,-2.3380875189902861e-06,0.0053177508148639901,0,4.9893808334824827,-4.3061652602795055,0.68853332401784073,-7.7715611723760958e-16,3.6685514714918099e-06,3.3149399314424954e-06
1.7836389014264569,0,0.0016462659696117043,34,33,93,0.056979183107614517,2.3380875189902861e-06,-2.3380875189902861e-06,0.0045755285734702077,0,4.7715001367977257,-4.0938942249862587,0.68218144038493722,-1.1102230246251565e-16,3.3149399314424954e-06,2.9949651434435509e-06
1.7836389014264569,0,0.0016462659696117043,34,33,94,0.054298032075166702,3.356701614857189e-06,1.169043759495143e-06,0.0038672494223840679,0,4.5426264045986668,-3.901187986946336,0.64531019282008883,-6.6613381477509392e-16,2.9949651434435509e-06,2.6810232611751417e-06
1.7836389014264569,0,0.0016462659696117043,34,33,95,0.051882177591323853,2.9054118147061329e-06,1.5197569682703196e-05,0.0033445258316463734,0,4.34855339145569,-3.7270870881403764,0.62482893212845736,-1.1102230246251565e-16,2.6810232611751417e-06,2.3875481929280795e-06
1.7836389014264569,0,0.0016462659696117043,34,33,96,0.049725282937288284,-7.5214939716298174e-07,2.3380876268924642e-05,0.0028964770395854926,0,4.1559195653417573,-3.5705596586230266,0.58827901248518788,-1.1102230246251565e-16,2.3875481929280795e-06,2.118943712048349e-06
1.7836389014264569,0,0.0016462659696117043,34,33,97,0.047800261527299881,1.9620133599196862e-06,9.3523500759611442e-06,0.0024687941017091973,0,3.9970704284473646,-3.4308069043357134,0.56874363257679605,-2.2204460492503131e-16,2.118943712048349e-06,1.8630844351719134e-06
1.7836389014264569,0,0.0016462659696117043,34,33,98,0.04611998051404953,-2.2564503495325082e-07,7.014263096481749e-06,0.0020637398907046634,0,3.852853026348253,-3.3071477005995975,0.5477758542574217,-1.1102230246251565e-16,1.8630844351719134e-06,1.6192748262255918e-06
1.7836389014264569,0,0.0016462659696117043,34,33,99,0.044658802449703217,-3.008593272564801e-07,9.3523500759611442e-06,0.0017401490964384717,0,3.7157342558688136,-3.1991521016041151,0.51833135485188542,-1.1102230246251565e-16,1.6192748262255918e-06,1.3881912082069903e-06
1.7836389014264569,0,0.0016462659696117043,34,33,100,0.043407417833805084,8.6818416248321762e-07,8.1833065862214466e-06,0.0014369241563568654,0,3.6034663532399422,-3.1066413404069793,0.49827098848006873,5.5511151231257827e-17,1.3881912082069903e-06,1.1647802011793829e-06
1.7836389014264569,0,0.0016462659696117043,34,33,101,0.042361218482255936,-3.008593272564801e-07,9.3523500759611442e-06,0.0011223848528393785,0,3.5049883967667226,-3.0297149834064254,0.47640484970388541,3.3306690738754696e-16,1.1647802011793829e-06,9.608570508135017e-07
1.7836389014264569,0,0.0016462659696117043,34,33,102,0.041520226746797562,1.5042966362824005e-07,-4.6761750379805721e-06,0.00083726289425518148,0,3.4233032185050374,-2.9694546837469238,0.45468127190699426,-3.3306690738754696e-16,9.608570508135017e-07,7.4907069347318611e-07
1.7836389014264569,0,0.0016462659696117043,34,33,103,0.040873255580663681,-6.4253912752996675e-07,-1.5197569682703196e-05,0.00058382115329145081,0,3.3729475125973063,-2.926652446868987,0.44686304677280059,-1.6653345369377348e-16,7.4907069347318611e-07,5.4293099083224661e-07
1.7836389014264569,0,0.0016462659696117043,34,33,104,0.040433067828416824,1.1282251747662541e-06,-3.5071315482408748e-05,0.0003416937757636011,0,3.3304394491687019,-2.9012245464831881,0.42952265337096962,-1.1102230246251565e-16,5.4293099083224661e-07,3.3747394923011598e-07
1.7836389014264569,0,0.0016462659696117043,34,33,105,0.040173739194869995,-8.1638787990450252e-08,-6.7804541827294528e-05,9.2777780174222815e-05,0,3.3441999779794203,-2.8997265247642776,0.44449834481470146,-5.5511151231257827e-17,3.3747394923011598e-07,1.3864418235698395e-07
1.7836389014264569,0,0.0016462659696117043,34,33,106,0.040140837430953979,-9.8421892780345351e-07,-3.9747489441367539e-05,-6.7886180615284983e-05,0,3.3975223099800393,-2.9386728265832667,0.45874086550778825,0,1.3864418235698395e-07,1.3864418235698395e-07
