beginning_time_s,candidate,dt_s,x,y,z_face,beginning_momentum,stress_rate,buoyancy_rate,advection_rate,source_rate,pressure_gradient_rate,restoration_rate,total_rate,closure_residual,lower_vreman_m2_per_s,upper_vreman_m2_per_s
2.2000000000116415,0,0.00057575554819777608,27,25,0,0.0089404722675681114,0,4.8535842986916418,-12.584350959241887,0,-1105.0753044688797,495.63597810422283,-617.17012537652636,-3.2351319305234938e-05,0.00043819495476782322,0.00043819495476782322
2.2000000000116415,0,0.00057575554819777608,27,25,1,-0.44549763202667236,0.98171452892688149,9.4394994442144462,-5.730997365894936,0,-855.3448089528232,183.7371689866101,-666.91742335896674,0,0.00043819495476782322,0.0022874770220369101
2.2000000000116415,0,0.00057575554819777608,27,25,2,0.035549961030483246,0.81068766267279524,8.4171055578049838,-16.658554775585472,0,-727.54410601931681,248.25739760933862,-486.7174570245582,1.2940527653881873e-05,0.0022874770220369101,0.00082168082008138299
2.2000000000116415,0,0.00057575554819777608,27,25,3,0.84860706329345703,0.20234375197456783,7.480913378837486,-120.37278829448395,0,-1362.1495494320575,300.22857541471609,-1174.6104792999579,2.5881055535137421e-05,0.00082168082008138299,0.0011530568590387702
2.2000000000116415,0,0.00057575554819777608,27,25,4,1.8466806411743164,-1.6573362429300995,7.5308864615289739,53.229255904494863,0,-1064.8505541932618,301.28074383770559,-704.46700423246239,1.1368683772161603e-13,0.0011530568590387702,0.0014345683157444
2.2000000000116415,0,0.00057575554819777608,27,25,5,0.48346394300460815,-0.2295245215416819,7.8339997199588938,105.52669029323944,0,25.208872551472719,318.26451348418146,456.60455152731083,0,0.0014345683157444,0.00067236332688480616
2.2000000000116415,0,0.00057575554819777608,27,25,6,-0.30493256449699402,1.2196091455157281,7.7623593412664835,-25.999901126280847,0,-523.07077669956902,354.42174534355837,-185.66696399550924,8.5265128291212022e-14,0.00067236332688480616,0.0011643189936876297
2.2000000000116415,0,0.00057575554819777608,27,25,7,1.7193412780761719,0.90555224460023631,7.5915087897017663,-365.31585795951133,0,-1412.983668952995,355.84867144758505,-1413.9537944306194,-2.2737367544323206e-13,0.0011643189936876297,0.0030517007689923048
2.2000000000116415,0,0.00057575554819777608,27,25,8,3.4962990283966064,-5.6588207640876096,7.6825122416886176,53.631758076835396,0,-1254.6203901265797,217.48699684220796,-981.47794372993519,0,0.0030517007689923048,0.0035835080780088902
2.2000000000116415,0,0.00057575554819777608,27,25,9,2.1801621913909912,0.22318447177119935,7.8028413557022489,469.1398853853421,0,-202.40558828599174,227.61746303988159,502.37778596670546,0,0.0035835080780088902,0.0013137313071638346
2.2000000000116415,0,0.00057575554819777608,27,25,10,0.091965824365615845,1.5202596597753302,7.5261526547543047,58.075069416326599,0,67.675232790488309,539.52476114363935,674.32147566498384,0,0.0013137313071638346,0.002993409987539053
2.2000000000116415,0,0.00057575554819777608,27,25,11,0.94240140914916992,0.48113286231834607,7.1016022496298552,-233.54826215284885,0,-1174.9509445826957,808.62210211794991,-592.29436950564661,-1.1368683772161603e-13,0.002993409987539053,0.0011584783205762506
2.2000000000116415,0,0.00057575554819777608,27,25,12,3.060725212097168,-2.0113340824685673,7.0923028629400982,-313.4021878590554,0,-875.14034821140172,-159.57844613581184,-1343.0400134257975,0,0.0011584783205762506,0.0027512076776474714
2.2000000000116415,0,0.00057575554819777608,27,25,13,3.4744555950164795,-3.8183687757199305,7.3613817248409097,378.30235037388519,0,-284.20959974846852,-91.780847715769397,5.8549158587682939,5.6843418860808015e-14,0.0027512076776474714,0.0013216077350080013
2.2000000000116415,0,0.00057575554819777608,27,25,14,1.9059699773788452,-1.1894496282378488,7.4764755866330415,395.58634026207602,0,40.586463904773893,138.75020100784468,581.21003113308984,0,0.0013216077350080013,0.0027600890025496483
2.2000000000116415,0,0.00057575554819777608,27,25,15,0.098080366849899292,3.2037511354554788,7.1663995155389957,37.332076484584341,0,70.590759553369821,497.50391739090657,615.79690407985515,-1.1368683772161603e-13,0.0027600890025496483,0.0029176473617553711
2.2000000000116415,0,0.00057575554819777608,27,25,16,1.2695523500442505,-0.65054944166172546,6.733425635690784,-279.80071021255321,0,-878.03343609932062,543.06839523808799,-608.6828748797567,1.1368683772161603e-13,0.0029176473617553711,0.00060283445054665208
2.2000000000116415,0,0.00057575554819777608,27,25,17,3.3488075733184814,-2.0421115099422176,6.7023578551277598,-248.64281828516778,0,-544.14773876916377,-310.86004708127916,-1098.9903577904252,0,0.00060283445054665208,0.0027825357392430305
2.2000000000116415,0,0.00057575554819777608,27,25,18,3.1381740570068359,-2.927842910082036,6.9317456923460314,375.89976024639572,0,207.86379932881121,-233.62228197106478,354.1451803864062,1.1368683772161603e-13,0.0027825357392430305,0.0014562507858499885
2.2000000000116415,0,0.00057575554819777608,27,25,19,1.4655225276947021,-0.21346290036653034,6.8671716505390288,180.23773973464841,0,40.694750240233816,485.90687531245561,713.49307403751038,1.1368683772161603e-13,0.0014562507858499885,0.0022587559651583433
2.2000000000116415,0,0.00057575554819777608,27,25,20,1.574087381362915,0.73068285041407166,6.3497527398787126,-186.69268197996138,0,-962.51054647949411,687.91254953163889,-454.21024333752382,1.1368683772161603e-13,0.0022587559651583433,0.002604947192594409
2.2000000000116415,0,0.00057575554819777608,27,25,21,3.309518575668335,-3.9159456113666358,6.1210115246519576,-296.44492041322746,0,-391.56711589506244,-237.47131251829239,-923.27828291329695,0,0.002604947192594409,0.0025754715315997601
2.2000000000116415,0,0.00057575554819777608,27,25,22,3.1229009628295898,-3.8649647850836155,6.5309205315119545,296.85404813572995,0,486.39861536354039,-261.13943408443998,524.77918516125874,0,0.0025754715315997601,0.0038298473227769136
2.2000000000116415,0,0.00057575554819777608,27,25,23,1.2350021600723267,1.1086069168131323,6.6938065926933534,118.48202191700774,0,177.48999985340808,620.19456123776149,923.96899651768376,0,0.0038298473227769136,0.0031218675430864096
2.2000000000116415,0,0.00057575554819777608,27,25,24,2.0684030055999756,-0.53039745112044245,6.3811723410374963,-372.72736400946076,0,-1193.2245225021118,828.27783191568847,-731.82327970596691,1.1368683772161603e-13,0.0031218675430864096,0.0031172398012131453
2.2000000000116415,0,0.00057575554819777608,27,25,25,4.295252799987793,-6.1132318411792861,6.4610732246834504,-224.09267035370607,0,-713.77217533808391,-348.0442909778742,-1285.56129528616,0,0.0031172398012131453,0.0033510152716189623
2.2000000000116415,0,0.00057575554819777608,27,25,26,3.3077645301818848,-1.3571071046024301,6.9412036004996258,521.68132636364601,0,462.55740129941097,-271.0438033828359,718.77902077611827,1.1368683772161603e-13,0.0033510152716189623,0.0010265284217894077
2.2000000000116415,0,0.00057575554819777608,27,25,27,1.1137934923171997,0.67438346726273968,6.9605278522110865,139.19224943271456,0,184.69093763727196,737.01460530632403,1068.5327036957844,2.2737367544323206e-13,0.0010265284217894077,0.0023428264539688826
2.2000000000116415,0,0.00057575554819777608,27,25,28,1.5632284879684448,0.37343451208397593,6.5179658501497011,-272.68197066038647,0,-1052.36770711542,1022.7312071439801,-295.42707026959266,-5.6843418860808015e-14,0.0023428264539688826,0.0038494477048516273
2.2000000000116415,0,0.00057575554819777608,27,25,29,3.6472179889678955,-7.4725493496626614,6.5549106522278686,-296.07968696054809,0,-212.60893553544719,-603.40914399925998,-1113.01540519269,0,0.0038494477048516273,0.0024956944398581982
2.2000000000116415,0,0.00057575554819777608,27,25,30,3.6172490119934082,-4.1416555079890065,7.0747037453223278,480.199584993234,0,670.11890990208167,-596.3218758103626,556.92966732228638,0,0.0024956944398581982,0.0020446428097784519
2.2000000000116415,0,0.00057575554819777608,27,25,31,1.6162281036376953,-0.29817887347651822,7.0945440005742357,191.47984902043743,0,410.78266070391413,473.83139604535455,1082.8902708968039,2.2737367544323206e-13,0.0020446428097784519,0.0030988894868642092
2.2000000000116415,0,0.00057575554819777608,27,25,32,1.204405665397644,2.9529434898277849,6.6079324423577841,-134.96804710756459,0,-752.71488165735809,859.81234496009415,-18.309707872642967,3.5527136788005009e-14,0.0030988894868642092,0.0031383477617055178
2.2000000000116415,0,0.00057575554819777608,27,25,33,2.6960906982421875,-5.2208562888689727,6.3981337332765165,-482.50444825583423,0,-191.23863758485271,-199.52305986864354,-872.08886826492289,0,0.0031383477617055178,0.0024724637623876333
2.2000000000116415,0,0.00057575554819777608,27,25,34,4.2683587074279785,-7.5817204937013498,6.6632536024963089,38.395891382467909,0,34.015574531626193,-558.50986103591958,-487.0168620130305,0,0.0024724637623876333,0.0025874758139252663
2.2000000000116415,0,0.00057575554819777608,27,25,35,2.8253037929534912,-2.3211618571881347,6.8687738496199477,552.44789673458922,0,529.23569583896324,-217.16565765935172,869.06554690663256,1.1368683772161603e-13,0.0025874758139252663,0.0026940216775983572
2.2000000000116415,0,0.00057575554819777608,27,25,36,1.8631733655929565,1.4844180376801881,6.5821892845354126,178.36105265126642,0,192.07366395370525,245.27289783402864,623.77422176121593,0,0.0026940216775983572,0.0020561222918331623
2.2000000000116415,0,0.00057575554819777608,27,25,37,2.1662838459014893,0.85000988231702168,5.8649852068538291,-216.87786032419055,0,147.10377747145122,-81.278936612139532,-144.33802437570799,2.8421709430404007e-14,0.0020561222918331623,0.0042526605539023876
2.2000000000116415,0,0.00057575554819777608,27,25,38,3.4503326416015625,-3.8876580222930919,5.1775698194543649,-539.4787963893906,0,-157.32948595270338,-135.48960213437829,-831.00797267931102,0,0.0042526605539023876,0.0024061030708253384
2.2000000000116415,0,0.00057575554819777608,27,25,39,4.412355899810791,-4.1938503175231423,5.0667665513645437,74.63930715606125,0,-428.47515716927978,-23.331874895426889,-376.29480867480402,0,0.0024061030708253384,0.0039720586501061916
2.2000000000116415,0,0.00057575554819777608,27,25,40,3.5823554992675781,-0.42802857632459695,5.140451129035764,475.74969986569147,0,194.00521887436619,-17.990853271097482,656.47648802167134,0,0.0039720586501061916,0.0019457342568784952
2.2000000000116415,0,0.00057575554819777608,27,25,41,2.9672248363494873,0.33225290037158522,4.7226277763371334,-102.27075000973068,0,295.60678831773646,-109.65244108395117,88.738477900763343,0,0.0019457342568784952,0.0037622242234647274
2.2000000000116415,0,0.00057575554819777608,27,25,42,4.1295881271362305,-2.3331241618354519,4.6056878673959867,-264.14991843929147,0,-154.75007645526597,-3.8784314260714225,-420.50586261506834,0,0.0037622242234647274,0.0021344558335840702
2.2000000000116415,0,0.00057575554819777608,27,25,43,3.5406627655029297,-1.2540867551171953,5.2944300632721033,316.16876914856886,0,712.5418934923805,-175.78247134759926,856.9685346015051,2.2737367544323206e-13,0.0021344558335840702,0.0014434773474931717
2.2000000000116415,0,0.00057575554819777608,27,25,44,2.685126781463623,2.0075542352173428,5.6801544371097936,167.24213718880179,0,336.65786892761946,179.41699970833264,691.00471449708107,0,0.0014434773474931717,0.0021397094242274761
2.2000000000116415,0,0.00057575554819777608,27,25,45,3.5575675964355469,-0.54407033176783282,5.5351800881674542,-399.78900954919953,0,-339.24017710325279,193.34017927685704,-540.6978976191956,0,0.0021397094242274761,0.002399832010269165
2.2000000000116415,0,0.00057575554819777608,27,25,46,4.1373915672302246,-3.0112369274132442,5.7409635941506796,-204.23341193692909,0,6.8334267983163164,-81.042487290733717,-275.71274576260907,0,0.002399832010269165,0.0026294402778148651
2.2000000000116415,0,0.00057575554819777608,27,25,47,3.1572792530059814,-1.2031156342299199,6.3818112795907158,363.45863342973013,0,768.85699938481946,-213.21848615034972,924.27584230956063,0,0.0026294402778148651,0.0040451223030686378
2.2000000000116415,0,0.00057575554819777608,27,25,48,2.4758675098419189,-0.23173290346518013,6.6837764705822886,101.97094386490089,0,579.89092550552732,-74.653386450155466,613.6605264873898,0,0.0040451223030686378,0.0012760090176016092
2.2000000000116415,0,0.00057575554819777608,27,25,49,3.5092463493347168,-0.78863498158249512,6.5449957816912763,-426.57983572606724,0,-285.24401376750825,24.991161114118771,-681.07632757934789,0,0.0012760090176016092,0.0013785143382847309
2.2000000000116415,0,0.00057575554819777608,27,25,50,4.151054859161377,-2.1152521810602236,6.7075866370854289,-64.35396872335123,0,-296.51366049615802,45.47860450562888,-310.79669025785518,0,0.0013785143382847309,0.0011289365356788039
2.2000000000116415,0,0.00057575554819777608,27,25,51,3.0041682720184326,-0.70743276612372052,7.1126833852218168,409.09169607351026,0,333.75132289093409,141.89816552855737,891.14643511209988,1.1368683772161603e-13,0.0011289365356788039,0.0017960333498194814
2.2000000000116415,0,0.00057575554819777608,27,25,52,2.8062183856964111,0.66062445122811164,7.0332956743758848,-155.53271956815033,0,177.50097342086386,-177.44631263202751,-147.78413865370996,2.8421709430404007e-14,0.0017960333498194814,0.0040168287232518196
2.2000000000116415,0,0.00057575554819777608,27,25,53,4.5003314018249512,-4.5914310454379335,6.9178273460645885,-331.67007194630088,0,58.386832608714336,-403.25003131506594,-674.20687435202581,0,0.0040168287232518196,0.0010236671660095453
2.2000000000116415,0,0.00057575554819777608,27,25,54,3.9352219104766846,-3.3529319646703377,7.2930638266252368,522.582815282561,0,694.59286400668054,-318.73616983633769,902.37964131485876,1.1368683772161603e-13,0.0010236671660095453,0.003441947977989912
2.2000000000116415,0,0.00057575554819777608,27,25,55,2.3800442218780518,0.98691662104625177,7.2287655798139898,50.007996235115236,0,-31.878420507501211,616.17906374271399,642.52432167118832,0,0.003441947977989912,0.0030054026283323765
2.2000000000116415,0,0.00057575554819777608,27,25,56,3.5996837615966797,-3.8332139872950304,6.8304472418225721,-722.24956677034254,0,-46.540763015971947,360.1818847777439,-405.61121175404304,5.6843418860808015e-14,0.0030054026283323765,0.0026731921825557947
2.2000000000116415,0,0.00057575554819777608,27,25,57,4.9942445755004883,-7.5525294940405328,7.1781859098884331,99.108292098038646,0,919.14104093402307,-890.24287570875924,127.6321137391503,-2.8421709430404007e-14,0.0026731921825557947,0.0026543112471699715
2.2000000000116415,0,0.00057575554819777608,27,25,58,2.8144207000732422,-1.4470842109892377,7.4937269275699459,498.70350430500014,0,205.2065396169705,450.00156964556601,1159.9582562841174,0,0.0026543112471699715,0.0018829291220754385
2.2000000000116415,0,0.00057575554819777608,27,25,59,2.706129789352417,-0.22105009349025745,6.9625473833090448,-389.38648169799944,0,-1330.4572654744195,1082.3622973682707,-630.73995251432939,0,0.0018829291220754385,0.0021156561560928822
2.2000000000116415,0,0.00057575554819777608,27,25,60,4.9807186126708984,-6.112094287919664,6.8342792555759271,-226.19545433636577,0,661.09491058145932,-1493.1323281171885,-1057.5106869044387,0,0.0021156561560928822,0.0020931179169565439
2.2000000000116415,0,0.00057575554819777608,27,25,61,3.9756128787994385,-5.1377226996569245,7.4181542460348151,762.07160782517747,0,2013.3746678050288,-1235.9930699430465,1541.7336372335376,0,0.0020931179169565439,0.0029156382661312819
2.2000000000116415,0,0.00057575554819777608,27,25,62,2.407545804977417,0.55432044284911997,7.3255291841755543,-13.08753205434415,0,-258.6312492512439,999.04641817820618,735.20748649964287,1.1368683772161603e-13,0.0029156382661312819,0.0015241025248542428
2.2000000000116415,0,0.00057575554819777608,27,25,63,4.4296855926513672,-2.2549455815427635,6.7280201346522563,-1051.9340441524737,0,-1388.8594196678835,1264.4191647192688,-1171.9012245479787,2.2737367544323206e-13,0.0015241025248542428,0.0018806613516062498
2.2000000000116415,0,0.00057575554819777608,27,25,64,6.2675075531005859,-7.9141072476559193,6.9476051177764937,71.059025487279101,0,1181.9733030848499,-1759.6020173069448,-507.53619086469513,1.7053025658242404e-13,0.0018806613516062498,0.0019733691588044167
2.2000000000116415,0,0.00057575554819777608,27,25,65,4.0938668251037598,-3.2140113563240007,7.4618172039260351,1080.169240264654,0,1174.787065740408,-1157.5556661566279,1101.6484456960361,0,0.0019733691588044167,0.0016671097837388515
2.2000000000116415,0,0.00057575554819777608,27,25,66,2.3424057960510254,2.2011975042979235,7.0509692000277004,-16.000289544306394,0,-654.40062033654476,1338.6220137584094,677.47327058188398,1.1368683772161603e-13,0.0016671097837388515,0.0027581355534493923
2.2000000000116415,0,0.00057575554819777608,27,25,67,4.3482975959777832,-3.3263407978947379,6.3732656786371606,-1002.6105500684686,0,-1052.9618326213515,1361.0871838732719,-691.43827393580591,-2.2737367544323206e-13,0.0027581355534493923,0.0018322051037102938
2.2000000000116415,0,0.00057575554819777608,27,25,68,6.3239965438842773,-9.3854185527738476,6.6060002598215322,-55.860013415687661,0,1604.4813241394929,-1905.9032750150257,-360.0613825841728,-1.7053025658242404e-13,0.0018322051037102938,0.0038811971899122
2.2000000000116415,0,0.00057575554819777608,27,25,69,4.8772335052490234,-5.3404902539123613,7.1575473858364917,1119.296426746251,0,1592.0642149421644,-1551.4330285737972,1161.7446702465422,-2.2737367544323206e-13,0.0038811971899122,0.002603552769869566
2.2000000000116415,0,0.00057575554819777608,27,25,70,3.3290023803710938,0.89265862635287907,6.9635874782197273,53.861995944964342,0,592.35648403841515,349.3739560760074,1003.4486821639596,1.1368683772161603e-13,0.002603552769869566,0.0026864800602197647
2.2000000000116415,0,0.00057575554819777608,27,25,71,4.6022586822509766,-0.59155519362517262,6.2564005821215494,-810.954916920296,0,-1324.3058562459023,1239.6230432380435,-889.97288453965837,1.1368683772161603e-13,0.0026864800602197647,0.0032954623457044363
2.2000000000116415,0,0.00057575554819777608,27,25,72,6.0949997901916504,-6.947260576227543,6.0428729791167184,-600.53738210092502,0,765.00258557808525,-1396.0912076696891,-1232.5303917896397,0,0.0032954623457044363,0.0021187928505241871
2.2000000000116415,0,0.00057575554819777608,27,25,73,5.6222152709960938,-6.1555962979981107,6.5158605880559941,430.99038164952299,0,1545.6398131509122,-976.34769742013395,1000.6427616703593,2.2737367544323206e-13,0.0021187928505241871,0.0040003634057939053
2.2000000000116415,0,0.00057575554819777608,27,25,74,4.4828882217407227,-3.0385378012527036,6.8912952204464384,742.83515112362704,0,925.01707573393264,-757.2250178816862,914.47996639506721,1.1368683772161603e-13,0.0040003634057939053,0.0028242119587957859
2.2000000000116415,0,0.00057575554819777608,27,25,75,4.132443904876709,0.082451785160955401,6.7716798574115611,295.81673543849433,0,274.50565334247256,318.74362358026997,895.92014400380936,0,0.0028242119587957859,0.0022336307447403669
2.2000000000116415,0,0.00057575554819777608,27,25,76,4.2832698822021484,-1.3905870803995994,6.2611946432281362,-458.88560421901639,0,-480.4389329928357,419.75096399348729,-514.70296565553633,0,0.0022336307447403669,0.0030678571201860905
2.2000000000116415,0,0.00057575554819777608,27,25,77,5.7711906433105469,-6.830048107422555,6.1484446345084445,-236.30935665863444,0,626.22215549762643,-1069.9584392712663,-680.7272439051884,1.1368683772161603e-13,0.0030678571201860905,0.003548795823007822
2.2000000000116415,0,0.00057575554819777608,27,25,78,3.5606262683868408,1.0413889634485698,6.5788219166033537,612.79630628813607,0,1650.2038317104598,-635.58240148896948,1635.0379473896783,0,0.003548795823007822,0.0013053183211013675
2.2000000000116415,0,0.00057575554819777608,27,25,79,1.3841285705566406,-0.55775655733437257,5.6656416353389636,129.83800784620587,0,1328.3967193740425,-522.28155979863323,941.06105249961956,-2.2737367544323206e-13,0.0013053183211013675,0.0020515939686447382
2.2000000000116415,0,0.00057575554819777608,27,25,80,3.2104949951171875,-0.00011909329362208908,2.2635726673814287,-188.0886025797144,0,891.27107827452221,-744.66297477456442,-39.217045505668807,0,0.0020515939686447382,0.0020515939686447382
2.2005757555598393,0,0.00063333113212138414,26,25,0,0.0089348778128623962,0,4.8628544927800501,-47.501722064315523,0,-920.90691478166627,0.8058889691748925,-962.73986250322366,3.0880803137733892e-05,0.00081679690629243851,0.00081679690629243851
2.2005757555598393,0,0.00063333113212138414,26,25,1,-0.86020487546920776,0.44149622638422742,9.7262758688764333,-11.156616588910152,0,899.93629657923418,0.25758707329577024,899.20503915888048,0,0.00081679690629243851,0.00097141187870875001
2.2005757555598393,0,0.00063333113212138414,26,25,2,-0.29286918044090271,0.63582544478925962,9.3154398685507136,45.557384344498885,0,-143.21554230826283,0.32285438616775297,-87.384038264256219,0,0.00097141187870875001,0.00088359258370473981
2.2005757555598393,0,0.00063333113212138414,26,25,3,0.17548608779907227,0.04297504923006621,8.664117407343344,-31.67937491372216,0,-995.26195983179525,0.40346210567006474,-1017.8308037115049,-2.3528231054115167e-05,0.00088359258370473981,0.001373543287627399
2.2005757555598393,0,0.00063333113212138414,26,25,4,1.160383939743042,-1.0022901424248378,8.3284166070342422,15.828288028927959,0,-1953.5650214612392,0.45307726285059591,-1929.9574473560426,8.2348808518872829e-05,0.001373543287627399,0.0019877604208886623
2.2005757555598393,0,0.00063333113212138414,26,25,5,0.54932546615600586,0.13080372988634945,8.2588928901178313,69.132530665280953,0,190.00759410419295,0.48232873607629617,268.01215012555434,-5.6843418860808015e-14,0.0019877604208886623,0.00076521077426150441
2.2005757555598393,0,0.00063333113212138414,26,25,6,-0.44879168272018433,0.92874603903149711,8.3012378239106752,-2.844374905450517,0,1728.7894780280328,0.46501195803960571,1735.6401460000261,4.7056461880856659e-05,0.00076521077426150441,0.00092605309328064322
2.2005757555598393,0,0.00063333113212138414,26,25,7,0.74694740772247314,2.2564669089216665,8.2606523606444018,-183.84780910810909,0,-748.14659631970676,0.46070629176146122,-921.01657986648831,0,0.00092605309328064322,0.0032538394443690777
2.2005757555598393,0,0.00063333113212138414,26,25,8,2.5758545398712158,-4.0748021284961249,8.186407557120754,-92.397433731726338,0,-3157.947498590604,0.52355019683754844,-3245.7097766968682,0,0.0032538394443690777,0.0020642995368689299
2.2005757555598393,0,0.00063333113212138414,26,25,9,2.1776249408721924,-1.0474643459988129,8.2290333591714973,351.68945676071769,0,-1521.7329512691733,0.60175803677499273,-1162.260167458508,0,0.0020642995368689299,0.001513237482868135
2.2005757555598393,0,0.00063333113212138414,26,25,10,0.47597259283065796,0.97655908076671882,8.3080573346227293,86.147865006039225,0,1324.0841406304426,0.62302755762440598,1420.1396496094958,0,0.001513237482868135,0.0020557581447064877
2.2005757555598393,0,0.00063333113212138414,26,25,11,0.61304253339767456,0.10958935332840833,8.2464148398435153,-129.10185058727751,0,286.67389596073582,0.63752094793772296,166.56557051456792,-5.6843418860808015e-14,0.0020557581447064877,0.00043630614527501166
2.2005757555598393,0,0.00063333113212138414,26,25,12,2.1501190662384033,-0.30870068468990436,8.1057682215579998,-278.76963380330363,0,-1763.977359224436,0.72118733747368924,-2034.2286440404737,9.4112923989086994e-05,0.00043630614527501166,0.0026287736836820841
2.2005757555598393,0,0.00063333113212138414,26,25,13,2.8220055103302002,-2.627203451003286,8.1520085481004347,209.31166064644182,0,-1775.9091839692603,0.84249889665463484,-1560.2302193290668,-2.2737367544323206e-13,0.0026287736836820841,0.0010794793488457799
2.2005757555598393,0,0.00063333113212138414,26,25,14,1.4958964586257935,-0.93105842298722874,8.2726194071510744,234.99846570199693,0,410.22449571924056,0.92211843045376585,653.48664083585516,0,0.0010794793488457799,0.0025201693642884493
2.2005757555598393,0,0.00063333113212138414,26,25,15,0.64224475622177124,1.7263324836823446,8.1862053613853565,-14.752012628778004,0,1273.010656634327,0.97839795907300975,1269.1495798096896,0,0.0025201693642884493,0.0020224207546561956
2.2005757555598393,0,0.00063333113212138414,26,25,16,1.1907021999359131,-0.36477875283097005,8.0656628812561433,-248.69490777392971,0,562.16755298860926,1.0693110437656346,322.24284038687028,-1.1368683772161603e-13,0.0020224207546561956,0.0016934174345806241
2.2005757555598393,0,0.00063333113212138414,26,25,17,2.8387901782989502,-2.2872337472770208,8.0119346951890105,-132.30169000710075,0,-1663.3623614109072,1.2680775394911248,-1788.6712729306048,0,0.0016934174345806241,0.0021109273657202721
2.2005757555598393,0,0.00063333113212138414,26,25,18,2.6283421516418457,-2.0260078860013091,8.0247656689287474,386.20631280819913,0,-764.60050001167224,1.5449577622299469,-370.85047165831566,5.6843418860808015e-14,0.0021109273657202721,0.0015775441424921155
2.2005757555598393,0,0.00063333113212138414,26,25,19,1.5930211544036865,0.10122580245513414,8.094692306801516,190.097189607948,0,852.77583974186587,1.7847574928684644,1052.8537049519389,0,0.0015775441424921155,0.0018427392933517694
2.2005757555598393,0,0.00063333113212138414,26,25,20,1.3119168281555176,0.82803491663010298,8.0163212397613126,-97.439627753974847,0,696.95984741942175,2.0859188500282984,610.45049467186664,0,0.0018427392933517694,0.0024546931963413954
2.2005757555598393,0,0.00063333113212138414,26,25,21,2.1162409782409668,-1.3844033194657694,7.8759363730459846,-287.56655704594237,0,-136.34779284054312,2.5169560424633102,-414.90586079044198,-5.6843418860808015e-14,0.0024546931963413954,0.0035796714946627617
2.2005757555598393,0,0.00063333113212138414,26,25,22,2.7406241893768311,-3.3078060604679216,7.7457951099145212,-165.31989185101557,0,-793.88919489885893,2.0588143278839133,-952.71228337254399,-1.1368683772161603e-13,0.0035796714946627617,0.0018880929565057158
2.2005757555598393,0,0.00063333113212138414,26,25,23,2.3778643608093262,-2.1482120474468838,7.7336258676724494,179.91906509103495,0,139.21033154034734,2.7718138409598194,327.48662429256768,5.6843418860808015e-14,0.0018880929565057158,0.0033073080703616142
2.2005757555598393,0,0.00063333113212138414,26,25,24,1.9182850122451782,-0.85563573739773724,7.8090750225218475,138.80244612724397,0,61.732054990622714,3.5446691737712426,211.03260957676204,0,0.0033073080703616142,0.0016056953463703394
2.2005757555598393,0,0.00063333113212138414,26,25,25,2.3660054206848145,-0.22232266652794813,7.6692901256977359,-137.01185363308053,0,-671.88120007948135,4.1087820409012563,-797.33730421249084,0,0.0016056953463703394,0.0031100460328161716
2.2005757555598393,0,0.00063333113212138414,26,25,26,2.8319177627563477,-2.1357332619153486,7.3906224926579975,-217.20397046251171,0,-648.75351365639187,3.2039803884841809,-857.49861449967682,0,0.0031100460328161716,0.0028414595872163773
2.2005757555598393,0,0.00063333113212138414,26,25,27,2.3665575981140137,-1.4468148932967151,7.244171018623514,141.4298907426153,0,302.07086445845641,4.3243006371187622,453.62241196351727,0,0.0028414595872163773,0.0035563565324991941
2.2005757555598393,0,0.00063333113212138414,26,25,28,1.5713349580764771,-0.7720039049510935,7.2929001908543931,58.982075348056981,0,1350.1359156057058,5.9934874591771408,1421.6323746988433,0,0.0035563565324991941,0.0014684435445815325
2.2005757555598393,0,0.00063333113212138414,26,25,29,2.3755030632019043,-1.6301012835201469,7.233584785175303,-316.71935287071074,0,-0.85454535094102813,6.5747288784956197,-305.39568584150095,0,0.0014684435445815325,0.0031638082582503557
2.2005757555598393,0,0.00063333113212138414,26,25,30,3.7297699451446533,-4.0155367203079697,7.1796132289684724,3.9839883035281503,0,-1198.2047165647753,1.0999918570262925,-1189.9566598955603,0,0.0031638082582503557,0.0021629731636494398
2.2005757555598393,0,0.00063333113212138414,26,25,31,2.3409814834594727,-0.61137226017885504,7.3667979529703747,384.83113476106803,0,990.79338408201204,3.149394892498961,1385.5293394283706,0,0.0021629731636494398,0.0024125026538968086
2.2005757555598393,0,0.00063333113212138414,26,25,32,1.3729548454284668,0.96394427264955274,7.4090943597867236,-42.537724117888935,0,1577.2951511808324,7.7236594560603855,1550.85412515144,0,0.0024125026538968086,0.002066863002255559
2.2005757555598393,0,0.00063333113212138414,26,25,33,2.4190466403961182,-2.4349314822987744,7.3088515962342333,-383.4623563927766,0,497.01072868953452,12.642753773569819,131.06504618426317,-2.8421709430404007e-14,0.002066863002255559,0.0035556862130761147
2.2005757555598393,0,0.00063333113212138414,26,25,34,3.704230785369873,-6.4176198510626214,7.4344158831735099,26.019964806913183,0,-817.36660494795024,-14.991435907720073,-805.32128001664626,0,0.0035556862130761147,0.001722447806969285
2.2005757555598393,0,0.00063333113212138414,26,25,35,2.7317609786987305,-1.5807052329910649,7.6268959296711767,383.05315339873567,0,368.76003538792997,-10.3230584200462,747.53632106329962,1.1368683772161603e-13,0.001722447806969285,0.0020595577079802752
2.2005757555598393,0,0.00063333113212138414,26,25,36,1.937170147895813,0.84121293177750456,7.4858985936918971,-71.081421097801524,0,1016.9722115048271,-5.9430429318528688,948.2748590006421,0,0.0020595577079802752,0.0017823809757828712
2.2005757555598393,0,0.00063333113212138414,26,25,37,2.9115643501281738,-2.4891199393853949,7.2162238917054342,-436.84358340105359,0,248.53868031990305,-3.4034997876025708,-186.98129891643305,5.6843418860808015e-14,0.0017823809757828712,0.0017031730385497212
2.2005757555598393,0,0.00063333113212138414,26,25,38,4.0265622138977051,-4.4885210723800073,7.2185487750339004,62.030957637603848,0,-766.81742405206501,-1.8931755814460047,-703.94961429325326,0,0.0017031730385497212,0.0022192648611962795
2.2005757555598393,0,0.00063333113212138414,26,25,39,2.7112557888031006,-1.6215259785676197,7.3364391823719144,266.29891845501135,0,982.42862738689769,-0.74123339030964075,1253.7012256554037,0,0.0022192648611962795,0.0021889773197472095
2.2005757555598393,0,0.00063333113212138414,26,25,40,2.9428620338439941,-1.7328512741915709,7.2147408778934441,-303.13584630771288,0,-149.2928373263621,0.19462552706454253,-446.75216850330855,0,0.0021889773197472095,0.0040520285256206989
2.2005757555598393,0,0.00063333113212138414,26,25,41,4.1739773750305176,-3.7589304801431842,7.0257783019344799,-21.869584853554223,0,-1166.1588894527904,1.0521824915771689,-1183.709443992976,0,0.0040520285256206989,0.0019168374128639698
2.2005757555598393,0,0.00063333113212138414,26,25,42,3.0131969451904297,-1.6282418180117064,7.1338478785899166,371.63123247675253,0,722.58284391242864,1.936091074841281,1101.6557735246006,0,0.0019168374128639698,0.0032574275974184275
2.2005757555598393,0,0.00063333113212138414,26,25,43,2.9725911617279053,-0.57988854603436257,7.2046855001578045,-151.04559642503236,0,258.62532707457882,2.8271522403379388,117.03167984400783,-1.4210854715202004e-14,0.0032574275974184275,0.003030264750123024
2.2005757555598393,0,0.00063333113212138414,26,25,44,4.0893831253051758,-3.5051167468985471,7.074631732635476,-307.01028716757412,0,-1058.7086581868225,4.1146170421962278,-1358.0348133264636,0,0.003030264750123024,0.0039298241026699543
2.2005757555598393,0,0.00063333113212138414,26,25,45,3.7424576282501221,-1.8768286076820042,7.2036201124465631,297.31703243568842,0,-118.88382219054081,6.0563548924842561,189.81635664239644,0,0.0039298241026699543,0.0013512579025700688
2.2005757555598393,0,0.00063333113212138414,26,25,46,2.5458734035491943,-0.15925818428597241,7.46129174032259,126.3172373886384,0,855.82378090217162,8.5616409323576228,998.00469277920433,1.1368683772161603e-13,0.0013512579025700688,0.0025320951826870441
2.2005757555598393,0,0.00063333113212138414,26,25,47,3.2547943592071533,-2.2440160631644774,7.4251207614029662,-435.89906609466107,0,-96.702911784022604,10.843314664539813,-516.57755851590537,0,0.0025320951826870441,0.0018944266485050321
2.2005757555598393,0,0.00063333113212138414,26,25,48,4.3024635314941406,-4.2123386087426127,7.3180651044533978,-27.256608629750751,0,-979.63497934754378,-2.8839964465018575,-1006.6698579280855,1.1368683772161603e-13,0.0018944266485050321,0.0023591993376612663
2.2005757555598393,0,0.00063333113212138414,26,25,49,3.3536930084228516,-1.9290803972521231,7.4094641941681969,543.47239706536789,0,312.60624163530031,0.4920223672598783,862.05104486484413,0,0.0023591993376612663,0.0026400675997138023
2.2005757555598393,0,0.00063333113212138414,26,25,50,2.5371105670928955,0.14830652799960589,7.4981803302885721,53.551759626768728,0,1003.547567557731,4.716563304819446,1069.4623773476073,0,0.0026400675997138023,0.00054201582679525018
2.2005757555598393,0,0.00063333113212138414,26,25,51,3.1460502147674561,-0.71826910156898371,7.3547360582823691,-448.66567247636289,0,29.045130639583711,11.19190893545232,-401.79216594461343,5.6843418860808015e-14,0.00054201582679525018,0.0023451191373169422
2.2005757555598393,0,0.00063333113212138414,26,25,52,3.8895831108093262,-4.3052707097603378,7.1184942373296343,-371.4750050227259,0,-601.47758026113763,33.821926215835127,-936.31743554045909,0,0.0023451191373169422,0.0017975575756281614
2.2005757555598393,0,0.00063333113212138414,26,25,53,4.3732662200927734,-5.2322712481524363,7.1905729730842554,214.0406468572441,0,-431.81644744666306,-20.695808464023774,-236.5133073285109,0,0.0017975575756281614,0.0028149012941867113
2.2005757555598393,0,0.00063333113212138414,26,25,54,3.8611204624176025,-2.5434841229475067,7.3466313179504041,471.66461241926646,0,-167.60909461712674,1.8032036259945043,310.66186862313714,0,0.0028149012941867113,0.0021404032595455647
2.2005757555598393,0,0.00063333113212138414,26,25,55,3.0725624561309814,-0.065607736964670704,7.0574450951266599,-70.449923377006996,0,547.82304932123816,9.4963704946424556,493.86133379703557,-5.6843418860808015e-14,0.0021404032595455647,0.0022917320020496845
2.2005757555598393,0,0.00063333113212138414,26,25,56,3.5795783996582031,-2.940287003979396,6.7319084906217022,-542.26737518503205,0,643.10598530625214,15.009882040846112,119.64011364870844,-2.8421709430404007e-14,0.0022917320020496845,0.003533871378749609
2.2005757555598393,0,0.00063333113212138414,26,25,57,4.8949179649353027,-7.2216677361595645,6.7480915020257255,-50.196822108008185,0,-1027.0076608287857,23.259444516846855,-1054.4186146540808,2.2737367544323206e-13,0.003533871378749609,0.0031025947537273169
2.2005757555598393,0,0.00063333113212138414,26,25,58,3.8118042945861816,-3.1768074874183703,6.9149728331648062,614.42262474695667,0,412.58880059879345,35.637176296116024,1066.3867669876126,2.2737367544323206e-13,0.0031025947537273169,0.0021279093343764544
2.2005757555598393,0,0.00063333113212138414,26,25,59,2.7552425861358643,0.63743345232858717,6.7854410982684144,-47.170903371944753,0,1279.0736935444231,50.406129251234269,1289.7317939743098,2.2737367544323206e-13,0.0021279093343764544,0.0021333994809538126
2.2005757555598393,0,0.00063333113212138414,26,25,60,4.0570859909057617,-2.3898455095911548,6.4788638364287969,-614.11769887283231,0,384.63387407212838,62.587729696653092,-162.80707677721321,0,0.0021333994809538126,0.0027592815458774567
2.2005757555598393,0,0.00063333113212138414,26,25,61,5.086982250213623,-5.2009581136828977,6.6630965026938904,147.42074303991731,0,-62.891526215688074,-49.992032385139495,35.999322828100723,-7.1054273576010019e-15,0.0027592815458774567,0.0020493241026997566
2.2005757555598393,0,0.00063333113212138414,26,25,62,3.4135665893554688,-1.7302984611250207,7.016056730976552,456.34001676018835,0,945.8209586173341,-52.673121367254915,1354.7736122801191,0,0.0020493241026997566,0.0021655349992215633
2.2005757555598393,0,0.00063333113212138414,26,25,63,3.4570777416229248,-3.1329861571285118,6.8338827849264181,-446.47924102338249,0,-514.87599684795225,31.214998217920314,-926.43934302561649,0,0.0021655349992215633,0.00046060135355219245
2.2005757555598393,0,0.00063333113212138414,26,25,64,5.8355913162231445,-5.1375635009493088,6.5793734983520125,-283.52007776080353,0,-2172.9386712762393,27.813757140496442,-2427.2031818991436,4.5474735088646412e-13,0.00046060135355219245,0.0032350961118936539
2.2005757555598393,0,0.00063333113212138414,26,25,65,4.9240756034851074,-4.1708877477288366,6.855741246808754,883.08189533870814,0,755.85100968278618,22.133853944461979,1663.7516124650363,0,0.0032350961118936539,0.0021327906288206577
2.2005757555598393,0,0.00063333113212138414,26,25,66,2.8403277397155762,1.0811089811117935,7.0370718528279737,175.18179694291078,0,1984.5460549498159,57.563981807530617,2225.4100145341972,0,0.0021327906288206577,0.002735617570579052
2.2005757555598393,0,0.00063333113212138414,26,25,67,3.8967735767364502,-2.975894040611565,6.7584806865390759,-756.88098152427278,0,-315.63743069511401,177.27298611668937,-891.46283945676987,1.1368683772161603e-13,0.002735617570579052,0.0013232917990535498
2.2005757555598393,0,0.00063333113212138414,26,25,68,6.0883431434631348,-7.4116604074832271,6.6391815263682536,-238.04923025002606,0,-1619.2776090464579,-117.48153962126533,-1975.5808577988641,0,0.0013232917990535498,0.0029660442378371954
2.2005757555598393,0,0.00063333113212138414,26,25,69,5.2640805244445801,-5.7706640824826252,6.9361585346911818,954.37732922594137,0,526.93449758863198,-43.433490929591215,1439.0438303371909,2.2737367544323206e-13,0.0029660442378371954,0.0031498554162681103
2.2005757555598393,0,0.00063333113212138414,26,25,70,3.5045902729034424,0.1940623200343071,7.0929131681443192,207.5137273441976,0,1822.3620057302271,56.375147350142171,2093.5378559127457,4.5474735088646412e-13,0.0031498554162681103,0.0021735266782343388
2.2005757555598393,0,0.00063333113212138414,26,25,71,4.2358794212341309,-1.1252780880665363,6.7532309499909289,-646.29641343366404,0,-340.41774006561803,343.49071526373768,-637.59548537362002,0,0.0021735266782343388,0.0028059596661478281
2.2005757555598393,0,0.00063333113212138414,26,25,72,5.684354305267334,-6.3219614162745144,6.4416730557455484,-588.21556344690794,0,-829.25156145656661,13.373070064682416,-1403.9743431993211,0,0.0028059596661478281,0.0015982483746483922
2.2005757555598393,0,0.00063333113212138414,26,25,73,5.6813368797302246,-7.7869092231217074,6.6274379980563474,362.1630958593438,0,376.05943378209145,-392.68429360070718,344.37876481566275,1.1368683772161603e-13,0.0015982483746483922,0.003067313926294446
2.2005757555598393,0,0.00063333113212138414,26,25,74,4.5840778350830078,-4.2665630934329952,6.8000830105400958,643.4756608721658,0,589.00912362302404,-148.02457156102275,1086.9937328512742,0,0.003067313926294446,0.0029436000622808933
2.2005757555598393,0,0.00063333113212138414,26,25,75,4.2878570556640625,-0.64110238585453339,6.8164160144169239,255.90885163299708,0,690.01563120086064,-72.991725231435993,879.10807123098414,1.1368683772161603e-13,0.0029436000622808933,0.0016767523484304547
2.2005757555598393,0,0.00063333113212138414,26,25,76,4.4304323196411133,-2.4939233748012279,6.6356449391418408,-480.75516798513604,0,-418.10908827553322,-44.902781900834754,-939.62531659716342,0,0.0016767523484304547,0.0032075191847980022
2.2005757555598393,0,0.00063333113212138414,26,25,77,6.0810022354125977,-5.9459038176944432,6.3946342398625955,-26.057233524861712,0,-2256.0885690846762,-33.670592633862306,-2315.3676648212322,0,0.0032075191847980022,0.0027523962780833244
2.2005757555598393,0,0.00063333113212138414,26,25,78,3.7061150074005127,-1.4537307227045408,6.5320641078122366,706.32238933597637,0,1600.9082720664937,-27.862695861034915,2284.446298926543,0,0.0027523962780833244,0.0021498715505003929
2.2005757555598393,0,0.00063333113212138414,26,25,79,1.800462007522583,0.45871043603877965,5.8664309677106274,76.146955125229923,0,2855.6949961886103,-26.190873877101389,2911.9762188404884,0,0.0021498715505003929,0.0023797894828021526
2.2005757555598393,0,0.00063333113212138414,26,25,80,3.6882071495056152,-0.00016157277401336294,2.5333050381846647,-285.76448277503721,0,-94.33503061335341,-38.057384252591739,-415.62375417557172,0,0.0023797894828021526,0.0023797894828021526
2.2012090866919607,0,0.00069666426861658692,26,25,0,0.0089348778128623962,6.6841563186875392e-07,4.7978118745875147,-4.9001656918799448,0,-385.03315667386687,593.92157596364018,208.78606079357144,-5.3473251000468736e-06,0.00048401328967884183,0.00048401328967884183
2.2012090866919607,0,0.00069666426861658692,26,25,1,-0.29071033000946045,-0.001040054723187781,9.710242324896619,-11.714791394583211,0,1285.4415021438178,113.33822290508306,1396.7741787030916,4.2778600573001313e-05,0.00048401328967884183,0.00084379821782931685
2.2012090866919607,0,0.00069666426861658692,26,25,2,-0.34821221232414246,0.37159698113421946,9.4071205147535615,-10.58479466397117,0,586.83654138023314,263.97713951697443,850.00760372912418,0,0.00084379821782931685,0.00065648823510855436
2.2012090866919607,0,0.00069666426861658692,26,25,3,-0.46913784742355347,0.68199182176764017,8.7552668854112525,7.549011283774937,0,236.81262129132719,310.94027848367574,564.73916976595672,-1.1368683772161603e-13,0.00065648823510855436,0.00068775989348068833
2.2012090866919607,0,0.00069666426861658692,26,25,4,-0.061918195337057114,0.45148601745517292,8.2936363239112065,-0.46912082707076624,0,-784.05662683550065,384.89819018947998,-390.88240839509979,2.6736625329704111e-05,0.00068775989348068833,0.00085001974366605282
2.2012090866919607,0,0.00069666426861658692,26,25,5,0.71906590461730957,-0.33390301840624481,8.0879521340881855,-16.673729536142112,0,185.72012819209195,37.057048188004593,213.8574959596364,2.8421709430404007e-14,0.00085001974366605282,0.00053234805818647146
2.2012090866919607,0,0.00069666426861658692,26,25,6,0.65044325590133667,-0.10721654101427561,8.3038530568443214,25.13088772864932,0,1787.710354451619,-15.364019905083309,1805.6738587910149,0,0.00053234805818647146,0.00041023819358088076
2.2012090866919607,0,0.00069666426861658692,26,25,7,0.16363893449306488,0.150299938982008,8.4470223378655529,3.7789546163331873,0,484.19677588048927,331.1257888871055,827.69886305007583,2.1389300286500657e-05,0.00041023819358088076,0.00036898965481668711
2.2012090866919607,0,0.00069666426861658692,26,25,8,0.52024549245834351,0.39514392701369189,8.1837621623446211,-57.339922686034903,0,-1620.7015005346072,579.56139869647257,-1089.9011184348112,2.2737367544323206e-13,0.00036898965481668711,0.0012102716136723757
2.2012090866919607,0,0.00069666426861658692,26,25,9,1.441529393196106,-0.76709717367969743,8.0090008848987448,-59.402364570428908,0,-1194.9637355276527,139.87472988697675,-1107.2494664998858,0,0.0012102716136723757,0.00090406934032216668
2.2012090866919607,0,0.00069666426861658692,26,25,10,1.3753912448883057,-0.28837923496655959,8.2708660769959668,67.138960017131495,0,1163.7375816939675,-89.256694245217133,1149.6023343079112,0,0.00090406934032216668,0.00061299838125705719
2.2012090866919607,0,0.00069666426861658692,26,25,11,0.71853369474411011,0.18049427832041523,8.4521417331900359,25.081435666541143,0,1105.8141588979363,110.73052497948591,1250.258755555474,2.2737367544323206e-13,0.00061299838125705719,0.0011719450121745467
2.2012090866919607,0,0.00069666426861658692,26,25,12,0.86177873611450195,-0.15130523609233862,8.2281616706915042,-98.936721509890759,0,-635.02569364623321,217.63856811669135,-508.24699060483346,5.6843418860808015e-14,0.0011719450121745467,0.00061438896227627993
2.2012090866919607,0,0.00069666426861658692,26,25,13,1.8338631391525269,-0.64391485688260475,8.0180900006608962,-108.85630893702614,0,-1673.3915604672593,241.1294526402877,-1533.7442416202193,0,0.00061438896227627993,0.0014878840884193778
2.2012090866919607,0,0.00069666426861658692,26,25,14,1.9097698926925659,-0.8752842541914464,8.1312193463546834,109.9297095792566,0,256.56465613650249,-42.734110695143066,331.01619011277927,0,0.0014878840884193778,0.00073719210922718048
2.2012090866919607,0,0.00069666426861658692,26,25,15,1.446036696434021,-0.19932087300763054,8.2967965930186836,65.311629320753525,0,1517.0498072414646,-123.66916935404564,1466.7897429281836,0,0.00073719210922718048,0.00072625261964276433
2.2012090866919607,0,0.00069666426861658692,26,25,16,1.3947886228561401,-0.10991961382955284,8.3044171996376193,-44.053060503896823,0,883.69671409381931,-30.103472243748456,817.7346789319821,0,0.00072625261964276433,0.0013351581292226911
2.2012090866919607,0,0.00069666426861658692,26,25,17,1.705968976020813,-0.50019212771818522,8.0143388521348484,-123.39915082807089,0,-1010.4442315354986,250.74881984953797,-875.58041578961479,0,0.0013351581292226911,0.0013184112031012774
2.2012090866919607,0,0.00069666426861658692,26,25,18,2.3934710025787354,-1.1583549322097044,7.7702154161543193,-92.639968196784238,0,-788.56309572020996,-42.506186312000878,-917.09738974505035,1.1368683772161603e-13,0.0013184112031012774,0.00098618341144174337
2.2012090866919607,0,0.00069666426861658692,26,25,19,2.2598261833190918,-0.77200869174266895,7.9571024215779271,126.73964617919839,0,650.45238420096052,-39.363499209306084,745.01362490068811,0,0.00098618341144174337,0.0010971290757879615
2.2012090866919607,0,0.00069666426861658692,26,25,20,1.6985341310501099,-0.37335825632419362,8.1397276089327395,79.945846302337259,0,1111.6924519415427,22.337274005541666,1221.7419416020302,0,0.0010971290757879615,0.0013804867630824447
2.2012090866919607,0,0.00069666426861658692,26,25,21,1.8534681797027588,-0.22614907122394673,8.125816542802287,-43.510798964724451,0,209.32322098464141,50.216772369636182,223.92886186113148,0,0.0013804867630824447,0.00165987154468894
2.2012090866919607,0,0.00069666426861658692,26,25,22,2.1372418403625488,-1.055741769652109,7.8794418829736239,-140.52393792724814,0,-462.43290623524001,-3.85144295477809,-599.98458700394474,0,0.00165987154468894,0.0021513826213777065
2.2012090866919607,0,0.00069666426861658692,26,25,23,2.5852718353271484,-1.0773850678120191,7.6071106389126015,-69.553897569147807,0,-150.40716354400988,34.518566037918717,-178.91276950413837,2.8421709430404007e-14,0.0021513826213777065,0.0010692453943192959
2.2012090866919607,0,0.00069666426861658692,26,25,24,2.051938533782959,-0.53388695972068911,7.6361613191048816,115.19797978059424,0,462.41305696463604,187.67930253502476,772.39261363963931,1.1368683772161603e-13,0.0010692453943192959,0.0018344924319535494
2.2012090866919607,0,0.00069666426861658692,26,25,25,1.8610268831253052,-0.28475441699493531,7.76878500670212,36.922552268222496,0,-41.260302352797957,237.16798312517895,240.31426363031068,0,0.0018344924319535494,0.0012086426140740514
2.2012090866919607,0,0.00069666426861658692,26,25,26,2.288837194442749,-0.49013848819924732,7.6091820589557626,-106.67032245456257,0,-433.87374146736113,53.981460322722768,-479.44356002844444,-5.6843418860808015e-14,0.0012086426140740514,0.0017465291311964393
2.2012090866919607,0,0.00069666426861658692,26,25,27,2.653850793838501,-0.63097967757468065,7.1853457225284725,-97.67552281173046,0,182.32342175998681,32.035353839600802,123.23761883281095,0,0.0017465291311964393,0.0017209537327289581
2.2012090866919607,0,0.00069666426861658692,26,25,28,2.4716989994049072,-0.49784532043469409,7.2041609541499465,95.001004712246655,0,1286.7666120710348,42.66395379042212,1431.1378862074189,0,0.0017209537327289581,0.0018944155890494585
2.2012090866919607,0,0.00069666426861658692,26,25,29,2.1820864677429199,-1.0224058768439186,7.4333780531241702,33.539791659860661,0,409.35869447064033,119.3481884808425,568.65764678762366,-1.1368683772161603e-13,0.0018944155890494585,0.00045131111983209848
2.2012090866919607,0,0.00069666426861658692,26,25,30,2.9761333465576172,-1.1191556974787613,7.164969740406586,-134.74985355431266,0,-1260.5080804347976,113.49368033908057,-1275.718439607102,0,0.00045131111983209848,0.0016384049085900187
2.2012090866919607,0,0.00069666426861658692,26,25,31,3.2184803485870361,-1.2643402516300777,7.1140571901427743,81.507607447186189,0,434.89341218743942,-138.83503878189273,383.41569779124563,1.1368683772161603e-13,0.0016384049085900187,0.0015072113601490855
2.2012090866919607,0,0.00069666426861658692,26,25,32,2.3551590442657471,-0.32841398923733861,7.4809959827385004,82.375499692904796,0,1914.7290882200853,-73.620260212534447,1930.6369096939568,0,0.0015072113601490855,0.002137854928150773
2.2012090866919607,0,0.00069666426861658692,26,25,33,2.5020542144775391,-0.75341069520155279,7.5890888166461563,-184.06810420031547,0,651.93457714899182,-54.286728415459748,420.41542265466114,-1.1368683772161603e-13,0.002137854928150773,0.0013647765154018998
2.2012090866919607,0,0.00069666426861658692,26,25,34,3.1941957473754883,-1.7542822256335557,7.3856571875025328,-119.98712965700837,0,-1164.7076292375357,21.256857672839121,-1257.8065262598361,0,0.0013647765154018998,0.0019214962376281619
2.2012090866919607,0,0.00069666426861658692,26,25,35,3.2051990032196045,-1.3325600878498665,7.4102014095047535,226.85731373282474,0,0.050992091724003499,-20.111075638664868,212.87487150753876,0,0.0019214962376281619,0.0012933308025822043
2.2012090866919607,0,0.00069666426861658692,26,25,36,2.5377421379089355,-0.40307601531707843,7.5874852875453032,93.655361056818592,0,1334.6488706574812,-81.118835526391095,1354.3698054601368,0,0.0012933308025822043,0.0011274986900389194
2.2012090866919607,0,0.00069666426861658692,26,25,37,2.7931432723999023,-0.67751009495596015,7.4864943697262527,-237.69843777062999,0,359.41176951257711,-26.572697677865609,101.94961833885181,0,0.0011274986900389194,0.00143851013854146
2.2012090866919607,0,0.00069666426861658692,26,25,38,3.5807290077209473,-2.0532525062870755,7.1647819156140304,-172.22835651384818,0,-1245.7302984701387,61.554641515746077,-1351.2924840589137,2.2737367544323206e-13,0.00143851013854146,0.0014448470901697874
2.2012090866919607,0,0.00069666426861658692,26,25,39,3.5052638053894043,-1.8505434344415024,7.1790459051981097,232.38088662158594,0,436.59908054416718,-74.867684201353185,599.4407854351565,0,0.0014448470901697874,0.0014512113993987441
2.2012090866919607,0,0.00069666426861658692,26,25,40,2.6599199771881104,-0.79206116069873167,7.4052905598574137,148.45337930473244,0,335.43829959742163,-0.2683073819571728,490.23660091935557,0,0.0014512113993987441,0.0010334834223613143
2.2012090866919607,0,0.00069666426861658692,26,25,41,3.4242973327636719,-0.93469637763010061,7.0421116051909491,-163.79754993921176,0,-1093.542518461431,189.22309666768908,-1062.0095565053928,0,0.0010334834223613143,0.0014253457775339484
2.2012090866919607,0,0.00069666426861658692,26,25,42,3.7109098434448242,-1.1731850698339765,6.8678723603535614,36.542849410720599,0,277.55474645700031,-156.52963683892546,163.26264631931502,0,0.0014253457775339484,0.0011182849993929267
2.2012090866919607,0,0.00069666426861658692,26,25,43,3.0467109680175781,-0.84171575274336574,7.2561102170587857,115.04808356465388,0,430.18365939344125,47.523945029164224,599.17008245157479,0,0.0011182849993929267,0.0015935614937916398
2.2012090866919607,0,0.00069666426861658692,26,25,44,3.229297399520874,-1.056265139091862,7.2728513549745708,-235.1806604631569,0,-881.65052807759241,35.438134832968366,-1075.1764674918982,0,0.0015935614937916398,0.0013633467024192214
2.2012090866919607,0,0.00069666426861658692,26,25,45,3.8626742362976074,-1.341780881491496,7.0706910523627613,-116.6637457460567,0,-750.83254124688426,-11.714491944380132,-873.48186876644979,1.1368683772161603e-13,0.0013633467024192214,0.00069759652251377702
2.2012090866919607,0,0.00069666426861658692,26,25,46,3.177940845489502,-0.9528218043194856,7.3644784382067714,232.75631161904386,0,823.49729863999983,-62.081673873161954,1000.583593019769,0,0.00069759652251377702,0.0015609025722369552
2.2012090866919607,0,0.00069666426861658692,26,25,47,2.9276297092437744,-0.67293412154018672,7.6564550861040486,55.792535150933681,0,74.024774658291307,75.15618308271786,211.95701385650671,0,0.0015609025722369552,0.0021889542695134878
2.2012090866919607,0,0.00069666426861658692,26,25,48,3.6649081707000732,-1.8479867446496043,7.3407590410942767,-206.29962950557044,0,-1253.5707603587086,122.82283752294859,-1331.5547800448858,0,0.0021889542695134878,0.0015195932937785983
2.2012090866919607,0,0.00069666426861658692,26,25,49,3.8996567726135254,-1.4862254995383337,7.114862630979176,-13.596408134919027,0,-242.66828445530101,-246.80548846101561,-497.44154391979481,0,0.0015195932937785983,0.00053864828078076243
2.2012090866919607,0,0.00069666426861658692,26,25,50,3.2144343852996826,-0.82245802997359507,7.4671724790558232,210.73491479914821,0,961.83165668234744,-193.80417143156498,985.40711449901289,1.1368683772161603e-13,0.00053864828078076243,0.00072003918467089534
2.2012090866919607,0,0.00069666426861658692,26,25,51,2.891582727432251,-0.42352552315847108,7.6541356838614636,-1.7084061871558756,0,377.29288226752652,56.868844737994024,439.68393097906767,0,0.00072003918467089534,0.0010034638689830899
2.2012090866919607,0,0.00069666426861658692,26,25,52,3.2965841293334961,-0.77727848058432225,7.3015283908286355,-382.0553382972663,0,-316.77485179763283,-14.153898855847897,-706.45983904050274,0,0.0010034638689830899,0.0014593610540032387
2.2012090866919607,0,0.00069666426861658692,26,25,53,4.2234749794006348,-2.2607968968135874,7.0123016048408662,-218.45285877605912,0,-1238.7957162244777,29.493962744685032,-1423.0031075478246,0,0.0014593610540032387,0.00046690425369888544
2.2012090866919607,0,0.00069666426861658692,26,25,54,4.0578722953796387,-2.225933005870945,7.1081691168416423,339.15011320036484,0,-605.29905809375714,51.767239963969054,-209.49946881845256,-2.8421709430404007e-14,0.00046690425369888544,0.0016331436345353723
2.2012090866919607,0,0.00069666426861658692,26,25,55,3.3853402137756348,-0.88460664700911995,7.1915412670202645,131.01545285033731,0,795.95335561775346,-97.743626343630311,835.53211674447164,1.1368683772161603e-13,0.0016331436345353723,0.0016529564745724201
2.2012090866919607,0,0.00069666426861658692,26,25,56,3.6553502082824707,-0.93552253935109042,7.0775028760671361,-233.21934719020209,0,429.9735309080819,-57.647415265994745,145.24874878860112,0,0.0016529564745724201,0.0016035519074648619
2.2012090866919607,0,0.00069666426861658692,26,25,57,4.2271218299865723,-1.9404339738621079,6.713841325314462,-206.74658032296338,0,-1336.8220235598128,-3.1289979505541208,-1541.924194481878,0,0.0016035519074648619,0.0015359371900558472
2.2012090866919607,0,0.00069666426861658692,26,25,58,4.487180233001709,-1.6515166643118941,6.5761891469186748,207.70755880323858,0,-244.57176106046145,-163.00357911505279,-194.94310888966891,-2.8421709430404007e-14,0.0015359371900558472,0.0017985191661864519
2.2012090866919607,0,0.00069666426861658692,26,25,59,3.5720698833465576,-0.58525603786106661,6.8463319982009594,143.80112094972503,0,1606.2502048485032,-148.40820510266823,1607.9041966558998,-2.2737367544323206e-13,0.0017985191661864519,0.0021345573477447033
2.2012090866919607,0,0.00069666426861658692,26,25,60,3.9539752006530762,-1.1807301454865109,6.8038916160710849,-443.74721356322266,0,187.93289407843071,-83.932982977709756,-334.1241409919171,0,0.0021345573477447033,0.0012139576720073819
2.2012090866919607,0,0.00069666426861658692,26,25,61,5.1097817420959473,-3.0543840503998756,6.5581225408048942,-156.80992222900571,0,-1543.1664850386439,-74.009374362133045,-1770.4820431393778,-2.2737367544323206e-13,0.0012139576720073819,0.0019941304344683886
2.2012090866919607,0,0.00069666426861658692,26,25,62,4.2715868949890137,-2.0916382791940347,6.7644303624124493,587.98536069503859,0,688.95654688463594,-118.51588803068964,1163.0988116322033,0,0.0019941304344683886,0.0017642236780375242
2.2012090866919607,0,0.00069666426861658692,26,25,63,2.8703348636627197,0.4024283205697976,7.018803283692054,100.86338411648947,0,1016.44076463072,106.87121076222694,1231.5965911136982,0,0.0017642236780375242,0.0020115585066378117
2.2012090866919607,0,0.00069666426861658692,26,25,64,4.298367977142334,-1.9788765620977757,6.6325038323192498,-699.10842211215834,0,-1798.9390526094069,422.08584144462668,-2071.3080060067173,0,0.0020115585066378117,0.0010978892678394914
2.2012090866919607,0,0.00069666426861658692,26,25,65,5.9777812957763672,-3.4685978753907829,6.4980072441215144,-45.591036746901331,0,-1356.7161261370481,-641.40522355119037,-2040.682977066409,2.2737367544323206e-13,0.0010978892678394914,0.0017570618074387312
2.2012090866919607,0,0.00069666426861658692,26,25,66,4.2497491836547852,-1.3521520184355715,6.9907137851784018,580.48849652519959,0,1695.0106673286209,-434.20484783476365,1846.9328777857997,2.2737367544323206e-13,0.0017570618074387312,0.0012339499080553651
2.2012090866919607,0,0.00069666426861658692,26,25,67,3.3321824073791504,0.059218951321044121,7.1080788807313402,-178.1146919343372,0,781.88912070842696,133.50379848070799,744.44552508685013,1.1368683772161603e-13,0.0012339499080553651,0.0023781729396432638
2.2012090866919607,0,0.00069666426861658692,26,25,68,4.8371462821960449,-3.072547576780277,6.6495230311378917,-755.08541858818751,0,-1568.4897053548698,431.49131565167892,-1888.5068328370207,2.2737367544323206e-13,0.0023781729396432638,0.0015487573109567165
2.2012090866919607,0,0.00069666426861658692,26,25,69,6.1754717826843262,-4.9963573854621774,6.5507606110354919,13.771971511123146,0,-1374.149261388194,-655.6138790156009,-2014.4367656670984,0,0.0015487573109567165,0.0016434526769444346
2.2012090866919607,0,0.00069666426861658692,26,25,70,4.8304929733276367,-2.6046185347811326,7.0330592522885507,648.9965428708,0,1029.8458668644732,-579.83483951048242,1103.436010942298,-2.2737367544323206e-13,0.0016434526769444346,0.0018474183743819594
2.2012090866919607,0,0.00069666426861658692,26,25,71,3.8320703506469727,-0.42167802235198582,7.1019842669999607,-92.057837002002159,0,529.0641698223543,-20.067612580618235,423.61902648438195,5.6843418860808015e-14,0.0018474183743819594,0.0016987399430945516
2.2012090866919607,0,0.00069666426861658692,26,25,72,4.7951736450195312,-2.2349392380947446,6.6934960903116414,-681.76700418035489,0,-707.95880119990636,-5.3271335555425399,-1390.5943820835869,0,0.0016987399430945516,0.0024488284252583981
2.2012090866919607,0,0.00069666426861658692,26,25,73,5.8994426727294922,-4.5531597218421771,6.4716943943573693,-225.97710125017954,0,-1250.7990492790261,-185.20533051440182,-1660.0629463710923,0,0.0024488284252583981,0.0019126490224152803
2.2012090866919607,0,0.00069666426861658692,26,25,74,5.2725048065185547,-3.8989372275005243,6.4184256789912206,268.30395966913761,0,-59.794901008062681,-264.21364100950478,-53.185093896939165,-1.4210854715202004e-14,0.0019126490224152803,0.0018116340506821871
2.2012090866919607,0,0.00069666426861658692,26,25,75,4.8446235656738281,-1.7284987610498503,6.6600158197269677,454.06780759087883,0,182.68036640205483,-89.175928247587166,552.50376280402361,0,0.0018116340506821871,0.0017898324877023697
2.2012090866919607,0,0.00069666426861658692,26,25,76,3.8353383541107178,-0.71098501821557925,6.8604943886089949,169.91831209010979,0,256.6281395795549,30.862193501145203,463.55815454120329,-5.6843418860808015e-14,0.0017898324877023697,0.0020417305640876293
2.2012090866919607,0,0.00069666426861658692,26,25,77,4.6146078109741211,-2.5291851570622166,6.4668697703265403,-423.97905118568161,0,-2091.2294868882336,229.25667987428105,-2282.0141735863699,0,0.0020417305640876293,0.002638745354488492
2.2012090866919607,0,0.00069666426861658692,26,25,78,5.152925968170166,-4.2692488453746602,6.2897677013378592,34.198924335434022,0,-447.53602864695716,-465.81241566996846,-877.12900112552836,1.1368683772161603e-13,0.002638745354488492,0.0027740069199353456
2.2012090866919607,0,0.00069666426861658692,26,25,79,3.644707202911377,-0.6443279377430996,5.948874392253531,363.40181513277952,0,1530.9359120585605,-396.3385996408436,1503.303674005007,2.2737367544323206e-13,0.0027740069199353456,0.0022646784782409668
2.2012090866919607,0,0.00069666426861658692,26,25,80,3.4249796867370605,9.9426825240477143e-05,2.7271219084001546,188.09887504813636,0,-255.39611588689439,-382.78462787756064,-447.35464738109323,5.6843418860808015e-14,0.0022646784782409668,0.0022646784782409668
2.2019057509605773,0,0.00076633068965747952,27,25,0,0.0089404722675681114,-6.0765057904163019e-07,4.7288018247139236,-14.509943556097276,0,-44.421809460375144,495.17735413898532,440.97439869367281,-3.6459034618019359e-06,0.00032119330717250705,0.00032119330717250705
2.2019057509605773,0,0.00076633068965747952,27,25,1,0.50652259588241577,-0.17229020692856861,9.3621447817133028,-17.637305978119567,0,357.58850161038799,4.9625510265079207,354.10360123356105,-5.6843418860808015e-14,0.00032119330717250705,0.0016359813744202256
2.2019057509605773,0,0.00076633068965747952,27,25,2,0.37276935577392578,-0.41180175916361761,8.5456471292573806,22.268478407250608,0,235.94681143334063,30.166069232212987,296.51520444289798,0,0.0016359813744202256,0.0020578349940478802
2.2019057509605773,0,0.00076633068965747952,27,25,3,0.22603106498718262,0.88470096109813401,7.7629931834517603,46.722943313568742,0,659.16270337969934,39.157586657998529,753.69096638545352,3.8889637039574154e-05,0.0020578349940478802,0.0019837578292936087
2.2019057509605773,0,0.00076633068965747952,27,25,4,-0.12772195041179657,1.030240566585553,7.5637275443677972,-11.130894694838259,0,571.61544134307189,39.465553693866092,608.54404900823454,-1.9444818576630496e-05,0.0019837578292936087,0.00099316367413848639
2.2019057509605773,0,0.00076633068965747952,27,25,5,1.1585724353790283,0.10136766194514571,7.4905117260990712,-146.33050403628098,0,-117.23296647189187,25.303853469316419,-230.66773765081223,0,0.00099316367413848639,0.0007522435043938458
2.2019057509605773,0,0.00076633068965747952,27,25,6,2.0467565059661865,-1.0132591635036554,7.7834782997724119,74.241872730472565,0,194.92170551414796,-8.6023877173765513,267.33140966351272,0,0.0007522435043938458,0.0007745330804027617
2.2019057509605773,0,0.00076633068965747952,27,25,7,0.70218229293823242,-0.25914109654040979,8.0081346183016304,134.86459456300088,0,756.79109269322203,-5.3538585545922013,894.05082222339195,0,0.0007745330804027617,0.0012337423395365477
2.2019057509605773,0,0.00076633068965747952,27,25,8,-0.47954016923904419,1.3635757988269457,7.7724166286315386,-1.3148975185904999,0,738.52190789217332,148.50404585148974,894.84704865253104,0,0.0012337423395365477,0.0017094418872147799
2.2019057509605773,0,0.00076633068965747952,27,25,9,0.71229743957519531,-0.64727911920440917,7.419676075148451,-156.34497447525766,0,-167.53807314457123,189.81125719790595,-127.29939346597889,-1.4210854715202004e-14,0.0017094418872147799,0.0013079949421808124
2.2019057509605773,0,0.00076633068965747952,27,25,10,2.5111162662506104,-2.3596603263645686,7.4632251768472067,-42.105965601964108,0,-187.9184596726237,-86.454774352375509,-311.37563477648069,0,0.0013079949421808124,0.0019797647837549448
2.2019057509605773,0,0.00076633068965747952,27,25,11,1.9965766668319702,-1.379155352022994,7.6436536479808801,277.43773742522194,0,667.95938372382102,-91.645451989869557,860.01616745513127,0,0.0019797647837549448,0.0011713431449607015
2.2019057509605773,0,0.00076633068965747952,27,25,12,0.85364681482315063,0.311574049704754,7.5302879253525568,70.102148644851866,0,783.55875210142665,103.07138291625337,964.57414563758914,0,0.0011713431449607015,0.0015810598852112889
2.2019057509605773,0,0.00076633068965747952,27,25,13,0.59344667196273804,0.88819434427704436,7.1539492616323876,-63.762437790822517,0,-14.34763157932715,184.36099123304533,114.29306546880508,0,0.0015810598852112889,0.0016935705207288265
2.2019057509605773,0,0.00076633068965747952,27,25,14,1.8962126970291138,-1.3121898276102903,6.9119864469614853,-322.15693107898005,0,-132.57850613814435,55.813007079660942,-393.3226335181123,-5.6843418860808015e-14,0.0016935705207288265,0.0017944818828254938
2.2019057509605773,0,0.00076633068965747952,27,25,15,3.2796242237091064,-2.8425796863474817,7.1123507182923564,-12.368460170137604,0,-104.12249202667495,-122.10537131969781,-234.3265524845655,-2.8421709430404007e-14,0.0017944818828254938,0.0024324015248566866
2.2019057509605773,0,0.00076633068965747952,27,25,16,2.4215898513793945,-1.4100039489692004,7.3128286202815076,366.58336354496055,0,553.99688017001461,-87.258700929652221,839.22436745663515,0,0.0024324015248566866,0.0019221144029870629
2.2019057509605773,0,0.00076633068965747952,27,25,17,1.1680949926376343,1.0102038963922342,7.148530841419074,74.833928565053668,0,640.23900598695332,103.37518876095565,826.60685805077389,0,0.0019221144029870629,0.0022060584742575884
2.2019057509605773,0,0.00076633068965747952,27,25,18,1.4955301284790039,0.41008757688014114,6.6659596652179518,-184.39085847430636,0,-225.89590140444,162.81255445593587,-240.39815818071239,2.8421709430404007e-14,0.0022060584742575884,0.0020302357152104378
2.2019057509605773,0,0.00076633068965747952,27,25,19,3.0376536846160889,-2.6452275389369198,6.3692991836746167,-216.68216859250126,0,-314.86481301338404,-69.366667828798398,-597.18957778994593,1.1368683772161603e-13,0.0020302357152104378,0.0019927741959691048
2.2019057509605773,0,0.00076633068965747952,27,25,20,2.9814202785491943,-2.5991019987830279,6.5823341848796639,198.43546200167242,0,494.81774166510388,-60.537786865192189,636.69864898768071,-1.1368683772161603e-13,0.0019927741959691048,0.0019423246849328279
2.2019057509605773,0,0.00076633068965747952,27,25,21,1.934847354888916,-0.61004958352768657,6.744189816064929,146.87667009913287,0,454.33705177509546,86.957850697366396,694.30571280413199,0,0.0019423246849328279,0.0010890449630096555
2.2019057509605773,0,0.00076633068965747952,27,25,22,2.0715346336364746,-0.10480331831904709,6.4164358543920335,-187.02166464205089,0,-320.7427483169788,139.21961167937835,-362.23316874357835,5.6843418860808015e-14,0.0010890449630096555,0.0023709649685770273
2.2019057509605773,0,0.00076633068965747952,27,25,23,3.6917171478271484,-3.5077510768517715,6.2642485515698993,-139.80326735235477,0,-470.73727839837892,-88.536769961948167,-696.32081823796375,0,0.0023709649685770273,0.0025127073749899864
2.2019057509605773,0,0.00076633068965747952,27,25,24,2.8738594055175781,-1.4753069413976465,6.678118145653996,325.20852311969935,0,639.19038581330346,-72.814467491871341,896.78725264538775,-1.1368683772161603e-13,0.0025127073749899864,0.0016453082207590342
2.2019057509605773,0,0.00076633068965747952,27,25,25,1.2864440679550171,0.48321832406780135,6.8946125016055264,79.272636180381383,0,710.62396007249572,182.64378041908293,979.91820749763338,0,0.0016453082207590342,0.00209822878241539
2.2019057509605773,0,0.00076633068965747952,27,25,26,2.0980429649353027,-0.99050021871623029,6.6369644025378225,-338.22146235517312,0,-487.99416594679064,228.83144676817622,-591.73771734996592,1.1368683772161603e-13,0.00209822878241539,0.0024593549314886332
2.2019057509605773,0,0.00076633068965747952,27,25,27,3.9620010852813721,-4.2032108104683914,6.6044125610185622,-156.70874814030438,0,-488.89718331929282,-154.05803047838583,-797.26276018743283,0,0.0024593549314886332,0.0025411085225641727
2.2019057509605773,0,0.00076633068965747952,27,25,28,3.4278862476348877,-2.2720437970231351,6.9811121691826816,387.24651662406654,0,567.35375935563513,-162.31974497512849,796.98959937673283,1.1368683772161603e-13,0.0025411085225641727,0.0017215966945514083
2.2019057509605773,0,0.00076633068965747952,27,25,29,2.2614328861236572,0.11447407728449463,7.1028203266106669,104.82903895275676,0,432.37405146694067,129.54542556466501,673.96581038825752,-1.1368683772161603e-13,0.0017215966945514083,0.0020830624271184206
2.2019057509605773,0,0.00076633068965747952,27,25,30,2.2321016788482666,-0.19952996708584683,6.7485448477649204,-262.09157552477654,0,-502.90818620024015,258.96469314671168,-499.48605369762595,-5.6843418860808015e-14,0.0020830624271184206,0.0031429268419742584
2.2019057509605773,0,0.00076633068965747952,27,25,31,3.883347749710083,-4.3259939017707012,6.6273270643542217,-236.07938620607359,0,-585.34317210768393,-119.50194345644258,-938.62316860761655,1.1368683772161603e-13,0.0031429268419742584,0.0027789459563791752
2.2019057509605773,0,0.00076633068965747952,27,25,32,3.8745725154876709,-4.7595222073879526,6.9737425829600648,335.65241293107778,0,398.48997737337112,-160.14005859726447,576.21655208275649,-1.1368683772161603e-13,0.0027789459563791752,0.0026166422758251429
2.2019057509605773,0,0.00076633068965747952,27,25,33,2.9672586917877197,-1.287034308939125,7.1550138654468691,392.69324363195483,0,246.52234266616261,-22.88452914789691,622.19903670672829,0,0.0026166422758251429,0.0032081445679068565
2.2019057509605773,0,0.00076633068965747952,27,25,34,1.754191517829895,1.3149491688897184,6.8476745326274564,3.755183354384628,0,230.22167351374935,133.84817500883563,375.98765557848679,5.6843418860808015e-14,0.0032081445679068565,0.001671622390858829
2.2019057509605773,0,0.00076633068965747952,27,25,35,2.8895237445831299,-1.7119722583204644,6.33517231185448,-379.65837064118,0,-486.11610759395359,133.34167637578358,-727.80960180581599,0,0.001671622390858829,0.0013012905837967992
2.2019057509605773,0,0.00076633068965747952,27,25,36,3.8240408897399902,-3.8319812728168046,6.0639353228876676,-269.84056904653778,0,-197.86238430997594,-104.15515932180422,-569.62615862824703,1.1368683772161603e-13,0.0013012905837967992,0.0013506985269486904
2.2019057509605773,0,0.00076633068965747952,27,25,37,3.8950707912445068,-3.949550114500358,6.0327901924588891,204.83545179314268,0,-15.964040454033475,-59.467544053337747,131.48710736372999,0,0.0013506985269486904,0.0031390304211527109
2.2019057509605773,0,0.00076633068965747952,27,25,38,3.1401729583740234,-0.39365184401822312,5.8721127957463848,378.41763566046035,0,247.66134235633677,-43.734974719077442,587.82246424944788,0,0.0031390304211527109,0.0019786085467785597
2.2019057509605773,0,0.00076633068965747952,27,25,39,2.3794724941253662,0.6695258145537023,5.2731218451066768,16.76547809453843,0,396.6014965978024,67.865216721237488,487.17483907323867,0,0.0019786085467785597,0.0043844478204846382
2.2019057509605773,0,0.00076633068965747952,27,25,40,3.2211654186248779,-0.82740893007848337,4.6037482470230247,-376.80076011010931,0,-132.76828756699064,50.588884354296439,-455.20382400585896,0,0.0043844478204846382,0.001723160850815475
2.2019057509605773,0,0.00076633068965747952,27,25,41,3.9659953117370605,-1.3801154399378799,4.7140462457030559,18.038569253290866,0,-356.38930076204701,29.956220750644434,-305.06057995234653,0,0.001723160850815475,0.0022450154647231102
2.2019057509605773,0,0.00076633068965747952,27,25,42,3.0081257820129395,0.14738321734423124,5.108006776215432,200.85377519252839,0,165.75012208079914,14.3222755359649,386.18156280285211,0,0.0022450154647231102,0.0019305221503600478
2.2019057509605773,0,0.00076633068965747952,27,25,43,3.2817232608795166,-0.31119609104459006,4.948396413919725,-244.81710986041432,0,-408.30821070374975,59.376697861168708,-589.11142238012019,0,0.0019305221503600478,0.0027636995073407888
2.2019057509605773,0,0.00076633068965747952,27,25,44,4.091677188873291,-2.3055891472391283,5.050886406484361,-133.66710485869046,0,-419.98879097359372,-20.175010354745648,-571.08560892778462,-1.1368683772161603e-13,0.0027636995073407888,0.0024771823082119226
2.2019057509605773,0,0.00076633068965747952,27,25,45,3.2275493144989014,-0.88590167864232028,5.7514619503259325,267.34167652769622,0,234.04343592677841,29.697682443478431,535.94835516963667,0,0.0024771823082119226,0.0024722206871956587
2.2019057509605773,0,0.00076633068965747952,27,25,46,2.769057035446167,0.44134269206372645,6.2215410459231162,113.09666467433233,0,137.89145279455084,13.015583730793779,270.6665849376638,0,0.0024722206871956587,0.0013042662758380175
2.2019057509605773,0,0.00076633068965747952,27,25,47,3.4420275688171387,-0.67246380510336856,6.1817253493819928,-281.97942479948102,0,-487.64120360084621,-0.14031381050766092,-764.25168066655624,0,0.0013042662758380175,0.0019829971715807915
2.2019057509605773,0,0.00076633068965747952,27,25,48,4.1617441177368164,-2.274993332933803,6.246714186461074,-148.2709413669601,0,-512.31403381924872,38.985461124376883,-617.62779320830464,0,0.0019829971715807915,0.0013271864736452699
2.2019057509605773,0,0.00076633068965747952,27,25,49,3.2578921318054199,-0.97380623435821956,6.7167167180852987,324.99696349410021,0,294.21783802329446,23.77463516089562,648.73234716201739,0,0.0013271864736452699,0.0024279733188450336
2.2019057509605773,0,0.00076633068965747952,27,25,50,2.6331770420074463,-0.30010403737476415,6.9940994850085385,43.344522763008449,0,386.57450369569284,-28.945712421312098,407.667309485023,5.6843418860808015e-14,0.0024279733188450336,0.000881719752214849
2.2019057509605773,0,0.00076633068965747952,27,25,51,3.5461986064910889,-1.2140797804193868,6.8533882710221841,-402.04075679537539,0,-241.03579266992625,-33.701448357942041,-671.13868933264087,0,0.000881719752214849,0.0010544167598709464
2.2019057509605773,0,0.00076633068965747952,27,25,52,3.9977631568908691,-1.6468400157047292,6.9856093911181691,54.685674280604381,0,-188.02579507090562,30.5243205687974,-97.477030846090386,-1.4210854715202004e-14,0.0010544167598709464,0.0021432600915431976
2.2019057509605773,0,0.00076633068965747952,27,25,53,2.723686695098877,-0.37463177324364105,7.2808090806694885,228.57368625375139,0,213.74677878731325,108.59168911745665,557.81833146594715,0,0.0021432600915431976,0.00092945114010944963
2.2019057509605773,0,0.00076633068965747952,27,25,54,3.0313112735748291,-0.64275698359518141,7.0576803956959804,-300.86049915001075,0,-462.35329488272384,91.673763645648265,-665.12510697498556,0,0.00092945114010944963,0.0029909054283052683
2.2019057509605773,0,0.00076633068965747952,27,25,55,4.3697566986083984,-4.3669671726648991,7.041329733915128,-46.896546653398616,0,-307.07008527844181,-160.38304104960699,-511.67531042019721,0,0.0029909054283052683,0.0018477773992344737
2.2019057509605773,0,0.00076633068965747952,27,25,56,3.4775514602661133,-1.8317006901619319,7.3994522485767877,514.90719481832048,0,158.72260910575028,-174.08214904134385,505.11540644114172,-5.6843418860808015e-14,0.0018477773992344737,0.0010277341352775693
2.2019057509605773,0,0.00076633068965747952,27,25,57,2.8124709129333496,-0.036642545217368386,7.1945135836868914,-120.86525857317112,0,-67.887617152183282,175.78987078386393,-5.8051339030209421,-1.1546319456101628e-14,0.0010277341352775693,0.0022787759080529213
2.2019057509605773,0,0.00076633068965747952,27,25,58,4.5386614799499512,-3.2126844627772626,6.8490210863106125,-455.5158744536177,0,-681.91298550046974,143.72023159690343,-990.07229173365067,0,0.0022787759080529213,0.0014814166352152824
2.2019057509605773,0,0.00076633068965747952,27,25,59,4.5966806411743164,-3.5092051846874179,7.1803869230253312,249.26950662798666,0,713.09096308894914,-321.12760016531132,644.90405128996247,1.1368683772161603e-13,0.0014814166352152824,0.0007118110079318285
2.2019057509605773,0,0.00076633068965747952,27,25,60,3.2979345321655273,-1.423381376466802,7.3899850525553186,8.6418995886281529,0,129.11452838605499,106.93934621810813,250.66237786887979,0,0.0007118110079318285,0.0019872945267707109
2.2019057509605773,0,0.00076633068965747952,27,25,61,4.2513809204101562,-2.5465803286341435,6.9762655481642462,-549.56999500435268,0,-1171.8449442826195,297.06611504147099,-1419.9191390259712,-2.2737367544323206e-13,0.0019872945267707109,0.0011857193894684315
2.2019057509605773,0,0.00076633068965747952,27,25,62,5.021453857421875,-4.2716103902476332,7.0131742443352341,187.93214882486834,0,-131.12030030699268,-417.63550125589984,-358.08208888393654,5.6843418860808015e-14,0.0011857193894684315,0.0015415118541568518
2.2019057509605773,0,0.00076633068965747952,27,25,63,3.2475662231445312,-1.7960139793053962,7.4620785402045549,515.51978438126855,0,1072.640902434028,-386.09320554745483,1207.7335458287407,-2.2737367544323206e-13,0.0015415118541568518,0.0012392841745167971
2.2019057509605773,0,0.00076633068965747952,27,25,64,2.751072883605957,0.19298435504841038,7.2380474941211705,-204.80216226382046,0,-306.73221211167618,447.14371338762845,-56.959629138698602,2.8421709430404007e-14,0.0012392841745167971,0.0015868941554799676
2.2019057509605773,0,0.00076633068965747952,27,25,65,4.5406379699707031,-3.3784734161606647,6.6881370884012341,-670.06284641305001,0,-1121.5631325025383,572.60790488080897,-1215.7084103625389,-2.2737367544323206e-13,0.0015868941554799676,0.00045896778465248644
2.2019057509605773,0,0.00076633068965747952,27,25,66,5.4499630928039551,-4.3630861084165602,6.8781567162745008,222.20169700096335,0,292.30820128516581,-593.46395055972596,-76.438981665738865,1.4210854715202004e-14,0.00045896778465248644,0.0019328719936311245
2.2019057509605773,0,0.00076633068965747952,27,25,67,3.8505427837371826,-1.7330844700386869,7.2887024616912388,527.46668088569027,0,898.93116055715791,-480.80844992818709,951.1450095063135,-1.1368683772161603e-13,0.0019328719936311245,0.0015315950149670243
2.2019057509605773,0,0.00076633068965747952,27,25,68,3.5526139736175537,-0.16409421591845511,7.0008924108316446,-228.43710584840136,0,-283.23135999567353,233.00461594166737,-271.82705170749432,0,0.0015315950149670243,0.0026867010165005922
2.2019057509605773,0,0.00076633068965747952,27,25,69,4.7405753135681152,-3.4759897887358444,6.4309799710013955,-645.9245153663818,0,-1044.707565044627,465.78771651064858,-1221.8893737180947,0,0.0026867010165005922,0.002184347715228796
2.2019057509605773,0,0.00076633068965747952,27,25,70,5.7673492431640625,-5.7940473182063279,6.4206371504955273,63.04414619434899,0,-500.2327347291523,-438.83066456996835,-875.39266327248242,0,0.002184347715228796,0.0028437201399356127
2.2019057509605773,0,0.00076633068965747952,27,25,71,4.535275936126709,-3.0185139737985627,6.8558322416510897,529.42360742248218,0,810.85328831250195,-448.45413859795718,895.66007540487954,0,0.0028437201399356127,0.00072831189027056098
2.2019057509605773,0,0.00076633068965747952,27,25,72,4.0150856971740723,-0.77737224697258989,7.015892265375288,109.06832050924764,0,229.28769999014847,-88.591215453830287,256.00332506396853,0,0.00072831189027056098,0.001740278210490942
2.2019057509605773,0,0.00076633068965747952,27,25,73,4.4025721549987793,-1.7828231005355604,6.6094937351605081,-300.4090682430338,0,-712.60779823813232,24.783899021842075,-983.4062968246991,0,0.001740278210490942,0.0028238685335963964
2.2019057509605773,0,0.00076633068965747952,27,25,74,5.2788910865783691,-3.1035382657698047,6.1195073989433411,-500.17175577824429,0,-544.9495950046869,56.340194999628196,-985.76518665012941,0,0.0028238685335963964,0.0030884193256497383
2.2019057509605773,0,0.00076633068965747952,27,25,75,5.3215856552124023,-3.7323794434543536,6.0483351095719318,-137.81554022301231,0,-321.12200005757489,-242.72360291827229,-699.34518753274187,0,0.0030884193256497383,0.0018082523019984365
2.2019057509605773,0,0.00076633068965747952,27,25,76,4.8523783683776855,-2.5377037689755033,6.4608903554535617,443.80356023993386,0,352.01717220536369,-212.79164930115246,586.95226973062313,0,0.0018082523019984365,0.0016432830598205328
2.2019057509605773,0,0.00076633068965747952,27,25,77,3.1493816375732422,0.10987477005172853,6.7956803031811797,287.68997910517527,0,210.18511026693255,-0.069379112512657173,504.71126533282808,0,0.0016432830598205328,0.0012850519269704819
2.2019057509605773,0,0.00076633068965747952,27,25,78,3.5992591381072998,-1.8881410988950558,6.4886296043868121,-253.48607663643529,0,-1130.9044233240295,-24.513227147913771,-1404.3032386028867,0,0.0012850519269704819,0.0026643797755241394
2.2019057509605773,0,0.00076633068965747952,27,25,79,4.7433667182922363,-1.0746203266258583,5.6044852512190797,-81.650193031599883,0,-948.86669900886875,-68.089532147791857,-1094.0765592636671,2.2737367544323206e-13,0.0026643797755241394,0.0020570061169564724
2.2019057509605773,0,0.00076633068965747952,27,25,80,3.9711337089538574,-7.44371959325997e-05,2.5058115321597931,316.29906282810759,0,95.962201703381297,-99.486536172185694,315.28046545426702,-5.6843418860808015e-14,0.0020570061169564724,0.0020570061169564724
2.2026720816502348,0,0.00084296375280246139,27,25,0,0.0089404722675681114,5.5240962112502774e-07,4.7842479291716957,-33.182638290397179,0,4.6481899918982226,-0.12286363347290193,-23.873063450390543,3.5527136788005009e-15,0.00061057042330503464,0.00061057042330503464
2.2026720816502348,0,0.00084296375280246139,27,25,1,0.77788305282592773,-0.12069266366188057,9.4071138068086828,-31.426645215680395,0,-670.11667429797546,-0.044599343171150239,-692.30146235946438,3.5354215810912137e-05,0.00061057042330503464,0.0011118536349385977
2.2026720816502348,0,0.00084296375280246139,27,25,2,0.59999805688858032,-0.47729240843482534,8.4016570355200084,21.974978468108738,0,-309.24693131276626,-0.067915448459595421,-279.41550366603195,0,0.0011118536349385977,0.0013847546651959419
2.2026720816502348,0,0.00084296375280246139,27,25,3,0.80360758304595947,0.25638490576616901,7.5059867047433411,59.517549466727921,0,140.82185155690092,-0.090577500756628557,208.01119513338173,2.8421709430404007e-14,0.0013847546651959419,0.0012679453939199448
2.2026720816502348,0,0.00084296375280246139,27,25,4,0.33862403035163879,0.8166840411001044,7.5787401566647494,12.587196788400945,0,1002.5657289076024,-0.10196155822877312,1023.4463883355394,0,0.0012679453939199448,0.0014468441950157285
2.2026720816502348,0,0.00084296375280246139,27,25,5,0.98180466890335083,-0.06839880687807981,7.6803735835785742,-131.44379228652494,0,-184.04810769667492,-0.11794166374867793,-307.997866870248,5.6843418860808015e-14,0.0014468441950157285,0.00081799965118989348
2.2026720816502348,0,0.00084296375280246139,27,25,6,2.2516207695007324,-0.95833181132974177,7.6900573242368964,-5.2216762497076541,0,-1344.512340036847,-0.16616481403440836,-1343.168455587682,-2.2737367544323206e-13,0.00081799965118989348,0.00089838204439729452
2.2026720816502348,0,0.00084296375280246139,27,25,7,1.387320876121521,-0.54685624720385784,7.7466715766675156,194.12363493540639,0,361.55285714196935,-0.24974218007214055,562.6265652267673,1.1368683772161603e-13,0.00089838204439729452,0.0011143410811200738
2.2026720816502348,0,0.00084296375280246139,27,25,8,0.20620858669281006,0.75926437544188452,7.7793443961185771,28.052067645043952,0,1959.3473241657734,-0.3736233520671548,1995.5643241989872,-5.3031323432151112e-05,0.0011143410811200738,0.0018152468837797642
2.2026720816502348,0,0.00084296375280246139,27,25,9,0.61474400758743286,-0.29229595041626483,7.6760239102218364,-111.13717925975315,0,815.18188024629455,-0.63312329568684778,710.79530565066011,0,0.0018152468837797642,0.00091839261585846543
2.2026720816502348,0,0.00084296375280246139,27,25,10,2.2724995613098145,-0.89851855478318721,7.4124620986580103,-141.69432289322882,0,-1109.0129593225579,-1.3546321307537001,-1245.5479708026658,0,0.00091839261585846543,0.002262909198179841
2.2026720816502348,0,0.00084296375280246139,27,25,11,2.6556334495544434,-2.7923229149108959,7.3510369108370135,230.47582948965569,0,-495.2724002964506,-2.9191268862112829,-263.15698369708014,-5.6843418860808015e-14,0.002262909198179841,0.0020522559061646461
2.2026720816502348,0,0.00084296375280246139,27,25,12,1.5928295850753784,0.13355994096674584,7.4719803684668848,213.31263049382588,0,898.24965061817738,-4.2597587475271901,1114.9080626739099,2.2737367544323206e-13,0.0020522559061646461,0.0015746764838695526
2.2026720816502348,0,0.00084296375280246139,27,25,13,0.68103295564651489,0.97199842535637493,7.3586568491508118,-9.4081103537651938,0,1403.3010269916317,11.440907051073792,1413.664408255016,-7.0708431394450599e-05,0.0015746764838695526,0.001501602353528142
2.2026720816502348,0,0.00084296375280246139,27,25,14,1.5947974920272827,-0.31877404837602963,7.1947447615513509,-248.1621294617521,0,230.24107749706238,8.0836707232637028,-2.9614105282506769,2.3980817331903381e-14,0.001501602353528142,0.0015264360699802637
2.2026720816502348,0,0.00084296375280246139,27,25,15,3.1000525951385498,-1.789772370638959,7.0374693231400869,-151.01652250271664,0,-1459.0587263215657,-2.9051266167734902,-1607.7326784885547,0,0.0015264360699802637,0.0021653971634805202
2.2026720816502348,0,0.00084296375280246139,27,25,16,3.0647132396697998,-2.1772302692575689,6.9828581079956669,307.77654947964049,0,-608.60698548205369,-4.6944741844138038,-300.71928234808888,5.6843418860808015e-14,0.0021653971634805202,0.0018824709113687277
2.2026720816502348,0,0.00084296375280246139,27,25,17,1.8015491962432861,0.22599409045997562,7.0866718956840717,228.39473893362984,0,894.81293801335687,-3.0531900723428733,1127.4671528607878,0,0.0018824709113687277,0.0010080548236146569
2.2026720816502348,0,0.00084296375280246139,27,25,18,1.3113056421279907,0.73837445320942052,6.8948835613737796,-63.583284278208126,0,855.83802631776109,-1.8361565492959644,798.05184350484024,1.1368683772161603e-13,0.0010080548236146569,0.0022219286765903234
2.2026720816502348,0,0.00084296375280246139,27,25,19,2.5800089836120605,-1.7361300819699921,6.5032925339699119,-288.38094388436633,0,-543.61080532553262,-1.4645130333109215,-828.68909979120986,1.1368683772161603e-13,0.0022219286765903234,0.0018049362115561962
2.2026720816502348,0,0.00084296375280246139,27,25,20,3.4693419933319092,-2.9455911739305196,6.3670307575462433,47.0341173015591,0,-764.58016903320095,-7.5264882830121547,-721.65110043103834,-1.1368683772161603e-13,0.0018049362115561962,0.0020392576698213816
2.2026720816502348,0,0.00084296375280246139,27,25,21,2.4669151306152344,-0.8673444226342385,6.5169480998041225,304.06605382803639,0,434.81018618482921,-5.5681475640772717,738.95769612595825,1.1368683772161603e-13,0.0020392576698213816,0.001741342362947762
2.2026720816502348,0,0.00084296375280246139,27,25,22,1.793944239616394,0.51986827516379464,6.54036861051096,-43.038808087856886,0,552.76288044882176,5.2052718935987254,521.98958114023833,0,0.001741342362947762,0.0019668738823384047
2.2026720816502348,0,0.00084296375280246139,27,25,23,3.1581051349639893,-1.5402152477898954,6.3192567162824878,-283.21046053906753,0,-1024.3830275734572,9.7668142267850033,-1293.0476324172471,0,0.0019668738823384047,0.0026372659485787153
2.2026720816502348,0,0.00084296375280246139,27,25,24,3.5610949993133545,-2.2219677148340007,6.4200687100896996,137.94988719450279,0,-442.09060912620743,-26.07161286415619,-326.0142338006051,5.6843418860808015e-14,0.0026372659485787153,0.00056671519996598363
2.2026720816502348,0,0.00084296375280246139,27,25,25,2.0373854637145996,-0.8785953493876919,6.8520436428459126,267.3474481817334,0,1175.7567690721321,-50.949667404524803,1398.1279981427988,0,0.00056671519996598363,0.0029192045331001282
2.2026720816502348,0,0.00084296375280246139,27,25,26,1.6445761919021606,0.2568124708129198,6.9045374719125601,-125.12663030752574,0,584.16590904837983,77.699798377393407,543.90042706097302,0,0.0029192045331001282,0.0022360202856361866
2.2026720816502348,0,0.00084296375280246139,27,25,27,3.3510341644287109,-2.3884612125929783,6.5817540345064049,-368.11516525299288,0,-1174.6460810300671,98.267184099551955,-1440.3007693615948,-2.2737367544323206e-13,0.0022360202856361866,0.0019414434209465981
2.2026720816502348,0,0.00084296375280246139,27,25,28,4.0386438369750977,-3.3460759962344997,6.6829482957714355,199.35422044748356,0,-848.61459437217502,-86.033494114455266,-731.95699573960985,0,0.0019414434209465981,0.0026473766192793846
2.2026720816502348,0,0.00084296375280246139,27,25,29,2.7779135704040527,-0.55506063489680679,7.0893682070447834,396.29869754931065,0,288.00958320210725,-82.130671529160281,608.71191679440562,0,0.0026473766192793846,0.0013690079795196652
2.2026720816502348,0,0.00084296375280246139,27,25,30,1.8493301868438721,0.37484638696832562,7.0252152205146707,-52.100235001957948,0,614.60786864693546,96.233043942044773,666.14073919450527,0,0.0013690079795196652,0.0023046452552080154
2.2026720816502348,0,0.00084296375280246139,27,25,31,3.1640520095825195,-1.8132867909813881,6.6647336933340799,-393.57698860385858,0,-817.03366335895294,85.498089871106956,-1120.2611151893518,2.2737367544323206e-13,0.0023046452552080154,0.0027048040647059679
2.2026720816502348,0,0.00084296375280246139,27,25,32,4.3161449432373047,-5.3265611596514209,6.6813347072681291,80.747331775215969,0,-1270.6279686234097,-67.976823378140892,-1256.502686678718,0,0.0027048040647059679,0.00276555260643363
2.2026720816502348,0,0.00084296375280246139,27,25,33,3.4440689086914062,-1.8413580382884775,6.894748221016604,514.02569049994247,0,-433.68733629254564,-32.462523737214049,52.929220652910885,7.1054273576010019e-15,0.00276555260643363,0.0020143815781921148
2.2026720816502348,0,0.00084296375280246139,27,25,34,2.0423223972320557,0.79535826767657269,6.9226084478484236,147.48704043576279,0,1061.8024951928278,2.8597318037479198,1219.8672341478637,0,0.0020143815781921148,0.0017598028061911464
2.2026720816502348,0,0.00084296375280246139,27,25,35,2.3317809104919434,-0.37506127431094322,6.7235470884663986,-202.05499969721046,0,107.7415482536364,15.015925347916211,-72.94904028150242,-1.4210854715202004e-14,0.0017598028061911464,0.0010019477922469378
2.2026720816502348,0,0.00084296375280246139,27,25,36,3.3875188827514648,-2.4881131461958277,6.2978834356315394,-345.19629993273725,0,-743.58117904514199,8.2796744953928005,-1076.6880341930507,0,0.0010019477922469378,0.0011991634964942932
2.2026720816502348,0,0.00084296375280246139,27,25,37,3.9958333969116211,-3.7152811761518967,5.8577466507232039,-30.352584141134582,0,-913.68134154333723,11.901077523301847,-929.99038268659865,0,0.0011991634964942932,0.0028150766156613827
2.2026720816502348,0,0.00084296375280246139,27,25,38,3.5906393527984619,-1.4607577527065136,5.5106538755298216,305.53876903940181,0,-23.978077624185655,19.077983320958207,304.68857085899765,-5.6843418860808015e-14,0.0028150766156613827,0.0023587008472532034
2.2026720816502348,0,0.00084296375280246139,27,25,39,2.7528095245361328,0.096540762616673229,5.3542308051639527,149.30028745325149,0,893.89203140144866,24.360185988033287,1073.003276410514,0,0.0023587008472532034,0.0029078689403831959
2.2026720816502348,0,0.00084296375280246139,27,25,40,2.8723287582397461,-0.50494216720099638,5.0579994886067929,-191.78417577066494,0,416.49924792882643,-20.69494373259176,208.57318574697555,2.8421709430404007e-14,0.0029078689403831959,0.0027134197298437357
2.2026720816502348,0,0.00084296375280246139,27,25,41,3.7322180271148682,-1.5227303784620461,4.6596392337056596,-84.759611012479141,0,-632.19475256433725,-15.598279989783183,-729.41573471135598,0,0.0027134197298437357,0.0015101872850209475
2.2026720816502348,0,0.00084296375280246139,27,25,42,3.3040685653686523,-0.22195597612955165,4.836953883532856,233.39269370605882,0,337.28968312195957,-12.750992869979969,562.54638186544173,0,0.0015101872850209475,0.0018432223005220294
2.2026720816502348,0,0.00084296375280246139,27,25,43,2.8302690982818604,0.37614013030100041,5.1863507592559515,-63.444130085008247,0,303.96083968195842,-17.144814803638749,228.9343856828684,2.8421709430404007e-14,0.0018432223005220294,0.0020369566045701504
2.2026720816502348,0,0.00084296375280246139,27,25,44,3.6540367603302002,-1.3660697719590937,5.2069517712565672,-245.90214657402112,0,-550.95557293957938,-20.745288135822612,-813.76212565012565,0,0.0020369566045701504,0.0022999697830528021
2.2026720816502348,0,0.00084296375280246139,27,25,45,3.6382629871368408,-1.9619214380990149,5.441059101822006,98.822386703721378,0,-17.545024525951408,-6.0534902379207525,78.703009603572212,0,0.0022999697830528021,0.0025124324019998312
2.2026720816502348,0,0.00084296375280246139,27,25,46,2.9764771461486816,-0.25866028099558303,5.9993364179426232,234.46321935902944,0,512.88021390957761,-19.650721616140636,733.43338778941347,1.1368683772161603e-13,0.0025124324019998312,0.0017694241832941771
2.2026720816502348,0,0.00084296375280246139,27,25,47,2.8563580513000488,0.25392889259064716,6.3739966428686303,-74.886451304712111,0,29.226057410412796,-18.166693055734608,-57.199161414574654,-7.1054273576010019e-15,0.0017694241832941771,0.0018843866419047117
2.2026720816502348,0,0.00084296375280246139,27,25,48,3.6884369850158691,-1.4903978433375982,6.3757847928122118,-285.29126826136735,0,-747.60646863380191,9.0622754152791121,-1018.9500745304156,0,0.0018843866419047117,0.001738908002153039
2.2026720816502348,0,0.00084296375280246139,27,25,49,3.7550356388092041,-1.5322406624993345,6.4756085258072309,87.898499703804873,0,-100.76262606419124,7.1969869922034979,-0.72377150487498043,-1.1768364061026659e-14,0.001738908002153039,0.0018233865266665816
2.2026720816502348,0,0.00084296375280246139,27,25,50,2.9455850124359131,-0.38472457581328334,6.9139411408929714,219.74115825244388,0,720.72821398304802,-29.624852964095378,917.37373583647627,0,0.0018233865266665816,0.0016762628220021725
2.2026720816502348,0,0.00084296375280246139,27,25,51,3.0318844318389893,-0.88984461891228195,7.1285909473735236,-146.43970714832551,0,36.176979060982362,-13.137909407169877,-117.16189116605177,0,0.0016762628220021725,0.0011819448554888368
2.2026720816502348,0,0.00084296375280246139,27,25,52,3.9230635166168213,-1.5007511044567234,6.9829172158251271,-77.232274228288944,0,-745.91484011850014,-27.713745477405169,-845.37869371282591,-1.1368683772161603e-13,0.0011819448554888368,0.0014235067646950483
2.2026720816502348,0,0.00084296375280246139,27,25,53,3.1511600017547607,-0.60292361410956363,7.1168671579843874,290.89335587256653,0,552.61722107992352,35.719919759740485,885.74444025610535,0,0.0014235067646950483,0.0012829647166654468
2.2026720816502348,0,0.00084296375280246139,27,25,54,2.5216054916381836,-0.71753756230058441,7.2509966332705131,-76.03390773115909,0,666.96180550112979,30.032699197010469,627.49405603795105,-1.1368683772161603e-13,0.0012829647166654468,0.0017596529796719551
2.2026720816502348,0,0.00084296375280246139,27,25,55,3.9776442050933838,-2.6889471880520426,7.0219598706173807,-197.6648546019899,0,-851.92657730382257,-12.063141248309023,-1057.3215604715563,-2.2737367544323206e-13,0.0017596529796719551,0.0018672700971364975
2.2026720816502348,0,0.00084296375280246139,27,25,56,3.8646368980407715,-2.1178175096863301,7.0592055369121143,369.55478891841443,0,-38.469346410342155,-18.48884066966685,317.53798986563118,-5.6843418860808015e-14,0.0018672700971364975,0.0015887913759797812
2.2026720816502348,0,0.00084296375280246139,27,25,57,2.8080222606658936,-0.029248432209706843,7.2550844644668384,58.337849995515121,0,1089.2766805042975,-12.866954697646534,1141.9734118344231,0,0.0015887913759797812,0.0020236354321241379
2.2026720816502348,0,0.00084296375280246139,27,25,58,3.7799386978149414,-2.2848490544162834,7.0548398436763637,-562.45191540095232,0,-542.01067352059692,53.790732182355661,-1045.9018659499336,0,0.0020236354321241379,0.0016837164293974638
2.2026720816502348,0,0.00084296375280246139,27,25,59,5.0908904075622559,-4.7706476042995973,7.0559441105089924,16.381729410847544,0,-972.66461810162082,-85.634132893320654,-1039.6317250778845,0,0.0016837164293974638,0.001897278823889792
2.2026720816502348,0,0.00084296375280246139,27,25,60,3.4900248050689697,-1.8852364869040596,7.4409393670366271,457.31158892548524,0,455.63381926275827,-167.99474824173197,750.50636282664414,0,0.001897278823889792,0.00082466669846326113
2.2026720816502348,0,0.00084296375280246139,27,25,61,3.1632533073425293,-0.72240760552042271,7.2963118993106413,-250.25778595466775,0,-110.81453668680038,234.80714516986492,-119.69127317781299,-1.4210854715202004e-14,0.00082466669846326113,0.0018471160437911749
2.2026720816502348,0,0.00084296375280246139,27,25,62,4.747044563293457,-3.1337004601641194,6.9287633958469979,-251.24911816435389,0,-984.28003356164652,143.33956667746398,-1088.3945221128536,-2.2737367544323206e-13,0.0018471160437911749,0.0014590385835617781
2.2026720816502348,0,0.00084296375280246139,27,25,63,4.1730895042419434,-2.2812606015174555,7.1765467314026292,513.68317885773706,0,785.06553297481491,-156.4432532037859,1147.2007447586511,-2.2737367544323206e-13,0.0014590385835617781,0.0011460484238341451
2.2026720816502348,0,0.00084296375280246139,27,25,64,2.7074229717254639,-0.19717709016436741,7.3964267521759934,141.19879820524875,0,1183.439381571905,39.364515153182843,1371.2019445923484,2.2737367544323206e-13,0.0011460484238341451,0.0011930862674489617
2.2026720816502348,0,0.00084296375280246139,27,25,65,3.6090033054351807,-1.4702868186709204,7.0073226728864304,-539.96069467443294,0,-282.58850917555833,101.0692178231926,-715.9429501725831,0,0.0011930862674489617,0.00078028254210948944
2.2026720816502348,0,0.00084296375280246139,27,25,66,5.391385555267334,-4.0543380485867742,6.7271167594381085,-186.4321131732639,0,-1182.4322106735619,-28.068418969829249,-1394.2599641058039,0,0.00078028254210948944,0.0019613576587289572
2.2026720816502348,0,0.00084296375280246139,27,25,67,4.5794343948364258,-3.8454294352985743,7.0171268388421577,647.54781571366459,0,658.56418934198825,-165.34685889877005,1143.9368435604265,2.2737367544323206e-13,0.0019613576587289572,0.0023782248608767986
2.2026720816502348,0,0.00084296375280246139,27,25,68,3.3443045616149902,-0.28359549888354563,7.2014256035092377,235.2220622459304,0,937.36612059364427,86.415885312028919,1265.9218982562293,0,0.0023782248608767986,0.0016726478934288025
2.2026720816502348,0,0.00084296375280246139,27,25,69,3.804203987121582,-0.63399444565936203,6.8136285253832565,-391.95550285260873,0,50.139631613214938,83.034325283781456,-252.60191187588848,-2.8421709430404007e-14,0.0016726478934288025,0.0024909558705985546
2.2026720816502348,0,0.00084296375280246139,27,25,70,5.0965089797973633,-4.2727608127796097,6.3470633593810586,-453.04702200461577,0,-710.36122658965712,253.4784135928121,-907.85553245485937,-1.1368683772161603e-13,0.0024909558705985546,0.0016262264689430594
2.2026720816502348,0,0.00084296375280246139,27,25,71,5.2216477394104004,-5.0339448116549042,6.553327587812932,300.50857122220697,0,362.06393768488027,-197.13906670532614,466.95282497791914,1.1368683772161603e-13,0.0016262264689430594,0.002075656084343791
2.2026720816502348,0,0.00084296375280246139,27,25,72,4.2112689018249512,-1.882171718326058,6.9364104022322319,596.37301266323095,0,584.97764184204584,-118.66741508963501,1067.7374780995478,-2.2737367544323206e-13,0.002075656084343791,0.0023398245684802532
2.2026720816502348,0,0.00084296375280246139,27,25,73,3.6489577293395996,-0.41067677981373713,6.8194061776106034,25.622472907242759,0,579.09328617228266,44.422430675527224,655.54691915284945,-1.1368683772161603e-13,0.0023398245684802532,0.0019246642477810383
2.2026720816502348,0,0.00084296375280246139,27,25,74,4.5234689712524414,-1.6107546419498346,6.4986870949585924,-415.94149982112287,0,-126.81472340125232,-0.013010351396736654,-537.88130112076317,0,0.0019246642477810383,0.0029969764873385429
2.2026720816502348,0,0.00084296375280246139,27,25,75,4.7856559753417969,-3.386831120852241,6.1699149848498207,-452.56450766803249,0,45.179293726346081,33.920248761100588,-370.68188131658826,-5.6843418860808015e-14,0.0029969764873385429,0.0018940434092655778
2.2026720816502348,0,0.00084296375280246139,27,25,76,5.302177906036377,-3.0026440396003125,6.2190291718544257,135.68608605147062,0,-353.92568005249547,-79.089360473310094,-294.1125693420808,0,0.0018940434092655778,0.00086284044664353132
2.2026720816502348,0,0.00084296375280246139,27,25,77,3.5361573696136475,-1.013119797552922,6.6044597271635075,547.95923244616574,0,1096.967212348399,-63.126224976966242,1587.3915597472092,2.2737367544323206e-13,0.00086284044664353132,0.0013009024551138282
2.2026720816502348,0,0.00084296375280246139,27,25,78,2.5230984687805176,-0.47995778485675361,6.7020169234830504,25.037572761841641,0,235.02294730281514,29.041932654776371,295.32451185805945,0,0.0013009024551138282,0.002182898810133338
2.2026720816502348,0,0.00084296375280246139,27,25,79,3.9049422740936279,-0.3640578270677538,5.7995563736435152,-178.28027952203033,0,-1679.9630382722505,19.000769713755837,-1833.8070495339493,0,0.002182898810133338,0.001675512408837676
2.2026720816502348,0,0.00084296375280246139,27,25,80,4.212742805480957,-0.00025963252192876305,2.4999441030514622,62.557729187674056,0,-210.59120438209979,23.902278185613362,-121.63151253828285,-1.4210854715202004e-14,0.001675512408837676,0.001675512408837676
2.2035150454030372,0,0.0009272601455450058,26,25,0,0.0089348778128623962,-5.0219055520179022e-07,4.925025461061149,-2.0510858364184572,0,-137.34489041197705,91.920943154037914,-42.550009139868102,-1.0043810974025291e-06,0.00091592624085023999,0.00091592624085023999
2.2035150454030372,0,0.0009272601455450058,26,25,1,0.16967888176441193,0.023485443504566921,9.6987630042244266,-7.2516798274071501,0,-818.39968341907399,102.12495706270754,-713.80418987624012,-3.2140195457941445e-05,0.00091592624085023999,0.00027553696418181062
2.2035150454030372,0,0.0009272601455450058,26,25,2,0.38633835315704346,0.057415446176220672,9.1532253690598395,-23.309869651419493,0,-452.86641128602969,-24.395963191441066,-491.36161536622751,-1.2052573310938897e-05,0.00027553696418181062,0.00082663405919447541
2.2035150454030372,0,0.0009272601455450058,26,25,3,0.81125396490097046,-0.1325190480877588,8.5871260438030692,-12.892718036073353,0,-260.49769896287609,-35.021821184004629,-299.95763118723875,0,0.00082663405919447541,0.0012158164754509926
2.2035150454030372,0,0.0009272601455450058,26,25,4,0.86504131555557251,-0.20951892153573889,8.4737273989140629,33.483398584626137,0,383.21912180933231,-57.258272585015838,367.70845628632094,0,0.0012158164754509926,0.0007514037424698472
2.2035150454030372,0,0.0009272601455450058,26,25,5,0.58441495895385742,0.37180682135474941,8.4867381518182317,10.390860935400216,0,-77.419045878120357,99.16613066194742,40.996490692400251,-7.1054273576010019e-15,0.0007514037424698472,0.001230739988386631
2.2035150454030372,0,0.0009272601455450058,26,25,6,0.94452506303787231,0.29907054572043251,8.2100462216187005,-64.832109662347165,0,-1055.9465187146332,192.63952561071395,-919.63000206902507,-1.6070097899500979e-05,0.001230739988386631,0.0014503621496260166
2.2035150454030372,0,0.0009272601455450058,26,25,7,1.7630118131637573,-0.71886117243415781,8.0387264246643859,-47.169208085669695,0,-447.1367143479859,-59.843629913683486,-546.82968709510885,0,0.0014503621496260166,0.00089618394849821925
2.2035150454030372,0,0.0009272601455450058,26,25,8,1.7059277296066284,-0.42567027373402783,8.2992468146053078,79.429479389095235,0,891.08190727955343,-122.8678535773042,855.51710963221569,0,0.00089618394849821925,0.00045505331945605576
2.2035150454030372,0,0.0009272601455450058,26,25,9,1.2243578433990479,-0.081162028769492522,8.4912227134761835,50.585710870818509,0,655.6905863376046,-8.0882730470311497,706.59808484609869,1.1368683772161603e-13,0.00045505331945605576,0.00071533146547153592
2.2035150454030372,0,0.0009272601455450058,26,25,10,1.1799187660217285,0.073184731800112091,8.2148717706636347,-86.142152067317639,0,-556.12328175501534,229.75225935530784,-404.22511796456143,-5.6843418860808015e-14,0.00071533146547153592,0.0010686167515814304
2.2035150454030372,0,0.0009272601455450058,26,25,11,2.135422945022583,-0.78262882694312597,7.9910318810652061,-99.290320377486594,0,-851.55049526032553,32.195219547666923,-911.43719303602313,-1.1368683772161603e-13,0.0010686167515814304,0.0014186793705448508
2.2035150454030372,0,0.0009272601455450058,26,25,12,2.1211647987365723,-1.0603155966325111,8.2121519066166613,161.67829673033773,0,276.69648607224713,-49.132845471948642,396.3937736406204,0,0.0014186793705448508,0.0016673149075359106
2.2035150454030372,0,0.0009272601455450058,26,25,13,1.4481828212738037,0.050523885187186507,8.4053044379583746,113.77089263366805,0,884.62172797743756,-58.631173177399816,948.21727575685134,0,0.0016673149075359106,0.00048762265942059457
2.2035150454030372,0,0.0009272601455450058,26,25,14,1.3852009773254395,-0.053520456230075591,8.2274149841609105,-99.295077126425468,0,24.117488484770568,99.795949933610402,32.792255819886343,7.1054273576010019e-15,0.00048762265942059457,0.00078576721716672182
2.2035150454030372,0,0.0009272601455450058,26,25,15,2.1518716812133789,-0.42062074770147384,7.9355127064254276,-155.16335053503383,0,-982.89513256826274,241.18401266323704,-889.35957848133557,1.1368683772161603e-13,0.00078576721716672182,0.0018175352597609162
2.2035150454030372,0,0.0009272601455450058,26,25,16,2.4576201438903809,-1.3817913739732715,7.8869669498351813,12.517191991466778,0,-666.45189516671724,57.772387152760338,-589.6571404466282,0,0.0018175352597609162,0.0011070311302319169
2.2035150454030372,0,0.0009272601455450058,26,25,17,2.2908778190612793,-0.90267446602078261,8.1383324059547739,127.21732195838247,0,473.70225724610754,-57.373848728152197,550.78138841627174,-1.1368683772161603e-13,0.0011070311302319169,0.0013445762451738119
2.2035150454030372,0,0.0009272601455450058,26,25,18,1.8554439544677734,-0.36002342216749461,8.3062368049431612,80.606967592639094,0,476.6987519560322,43.467943168099247,608.71987609954624,0,0.0013445762451738119,0.0013570809969678521
2.2035150454030372,0,0.0009272601455450058,26,25,19,1.8190959692001343,-0.20433480843439081,8.0561845771254212,-124.10563678766781,0,-179.39037280618055,125.80109638242011,-169.84306344273722,0,0.0013570809969678521,0.001712074619717896
2.2035150454030372,0,0.0009272601455450058,26,25,20,2.6220169067382812,-1.097306952928675,7.7184443542733403,-175.42170146177628,0,-767.90615062904385,166.83641243102412,-769.87030225845137,0,0.001712074619717896,0.0018245048122480512
2.2035150454030372,0,0.0009272601455450058,26,25,21,2.7163264751434326,-1.6697635084237443,7.6110714938562012,-2.5979562853165508,0,-210.75611818753401,-6.5224027206675519,-213.93516920808568,-2.8421709430404007e-14,0.0018245048122480512,0.0013400871539488435
2.2035150454030372,0,0.0009272601455450058,26,25,22,2.4745571613311768,-0.8925955015778827,7.7849961532203471,158.2881489055259,0,192.88616947123353,61.91898661963485,419.98570564803674,0,0.0013400871539488435,0.0020468269940465689
2.2035150454030372,0,0.0009272601455450058,26,25,23,1.9451744556427002,-0.48608279314369279,7.9990463401356715,114.53930042846898,0,134.92814054907507,76.523234348226964,333.50363887276302,5.6843418860808015e-14,0.0020468269940465689,0.00041034410241991282
2.2035150454030372,0,0.0009272601455450058,26,25,24,2.2780001163482666,-0.49253192425359416,7.8696067245324102,-86.465868116725161,0,-203.05841279661885,71.833851259192599,-210.3133548538726,-2.8421709430404007e-14,0.00041034410241991282,0.0024020720738917589
2.2035150454030372,0,0.0009272601455450058,26,25,25,2.6711187362670898,-1.0648152240071191,7.4468295705868996,-115.11949523822915,0,-99.25689457413236,53.406462991569228,-154.58791247421252,-2.8421709430404007e-14,0.0024020720738917589,0.001491738366894424
2.2035150454030372,0,0.0009272601455450058,26,25,26,2.5180573463439941,-0.96643257890920198,7.2525405820187663,60.38834194757532,0,183.0412418971554,20.07373764360139,269.78942949144169,5.6843418860808015e-14,0.001491738366894424,0.0024152663536369801
2.2035150454030372,0,0.0009272601455450058,26,25,27,2.1931233406066895,-0.53274633953304318,7.4248898696112446,109.20467077391582,0,-120.67794921447353,95.598826079358162,91.017691168878642,-1.4210854715202004e-14,0.0024152663536369801,0.0013177642831578851
2.2035150454030372,0,0.0009272601455450058,26,25,28,2.4566361904144287,-0.72768918020405005,7.2097238152822616,-121.51153732581521,0,-660.86618630466091,111.887220053875,-664.00846894152289,0,0.0013177642831578851,0.0010041050845757127
2.2035150454030372,0,0.0009272601455450058,26,25,29,3.1851949691772461,-0.74983176616400737,6.8356420707124474,-162.74483697890196,0,-427.183566718024,89.04839710818591,-494.79419628419163,-5.6843418860808015e-14,0.0010041050845757127,0.0014649395598098636
2.2035150454030372,0,0.0009272601455450058,26,25,30,2.7428827285766602,-0.67963707692956676,7.1966402447475888,127.53023890209091,0,655.93639455304037,-65.944738951305595,724.03889767164367,-1.1368683772161603e-13,0.0014649395598098636,0.0020865392871201038
2.2035150454030372,0,0.0009272601455450058,26,25,31,2.128880500793457,-0.54708839959905109,7.5158541558277205,-8.9226325230656123,0,-35.822176333165267,180.48699627776361,142.71095317776138,0,0.0020865392871201038,0.00091578712454065681
2.2035150454030372,0,0.0009272601455450058,26,25,32,3.0041663646697998,-1.0660350448657041,7.241066532213515,-177.93172217211477,0,-1197.4709201537105,218.79168131389119,-1150.4359295245863,0,0.00091578712454065681,0.0021141490433365107
2.2035150454030372,0,0.0009272601455450058,26,25,33,3.4201135635375977,-1.968189743661853,7.1890431060284961,87.955887581631075,0,-568.12809474929645,36.727244239372141,-438.2241095659266,0,0.0021141490433365107,0.0016589276492595673
2.2035150454030372,0,0.0009272601455450058,26,25,34,2.7825741767883301,-0.56546405420443979,7.5766548685365569,221.11606025483158,0,590.31665725896357,-49.149301252061491,769.29460707606574,0,0.0016589276492595673,0.001619150978513062
2.2035150454030372,0,0.0009272601455450058,26,25,35,2.3828589916229248,-0.28230842936890715,7.6465271514345572,-86.770557170377188,0,204.62145478577554,74.124290153650222,199.33940649111423,0,0.001619150978513062,0.0013725678436458111
2.2035150454030372,0,0.0009272601455450058,26,25,36,3.1864898204803467,-1.0428890821764536,7.3055990229380559,-197.93192304833684,0,-842.71412702207022,171.79371619002086,-862.58962393962463,-1.1368683772161603e-13,0.0013725678436458111,0.00094939459813758731
2.2035150454030372,0,0.0009272601455450058,26,25,37,3.5055973529815674,-1.3981487247373041,7.2121815358594183,149.42516858536939,0,-364.45130459062432,-19.303915680197019,-228.51601887432983,0,0.00094939459813758731,0.001230603433214128
2.2035150454030372,0,0.0009272601455450058,26,25,38,2.9139232635498047,-1.0297296808679459,7.4719104734853428,243.8880315938122,0,672.76731502815278,-111.82679648627312,811.27073092830926,0,0.001230603433214128,0.0012752171605825424
2.2035150454030372,0,0.0009272601455450058,26,25,39,2.6869220733642578,-0.919655537454376,7.3073265584479499,-116.01942071315077,0,-36.871232315359599,145.33436449794002,-1.1686175095767739,-1.1546319456101628e-14,0.0012752171605825424,0.0017421768279746175
2.2035150454030372,0,0.0009272601455450058,26,25,40,3.6530916690826416,-1.3276155590686576,6.8217891442472061,-221.76117825956823,0,-353.62802946452427,102.31946952607272,-467.57556461284122,0,0.0017421768279746175,0.00091664172941818833
2.2035150454030372,0,0.0009272601455450058,26,25,41,3.2728500366210938,-1.047513754999307,7.0515594021120123,126.46909820637622,0,606.78246511282214,-157.03673825225636,582.21887071405467,0,0.00091664172941818833,0.0016250484623014927
2.2035150454030372,0,0.0009272601455450058,26,25,42,2.7617766857147217,-0.85787856630622772,7.3383704719988589,-3.0162930703729667,0,59.3385146006882,78.556037435292751,141.3587508713006,-2.8421709430404007e-14,0.0016250484623014927,0.00082260812632739544
2.2035150454030372,0,0.0009272601455450058,26,25,43,3.5483944416046143,-1.2240156562927489,7.0205642010449578,-170.84493761788923,0,-298.29778292913687,-46.062813994644642,-509.40898599691855,0,0.00082260812632739544,0.0020898773800581694
2.2035150454030372,0,0.0009272601455450058,26,25,44,3.418454647064209,-1.0305472470918144,7.0497630664960562,158.42956576587073,0,453.15618728895441,-164.70847436518093,452.89649450904847,0,0.0020898773800581694,0.0012530520325526595
2.2035150454030372,0,0.0009272601455450058,26,25,45,2.678516149520874,-0.45628330778857373,7.4597604751927911,168.50127455962911,0,493.78627975227943,-48.744849031475297,620.54618244783751,0,0.0012530520325526595,0.0015379335964098573
2.2035150454030372,0,0.0009272601455450058,26,25,46,3.0710206031799316,-0.92986456925107319,7.3018511748245851,-203.61173840291352,0,-375.68108890982467,62.520908201575274,-510.39993250558939,0,0.0015379335964098573,0.0013315184041857719
2.2035150454030372,0,0.0009272601455450058,26,25,47,3.7819693088531494,-1.589550117613028,7.0304995389890701,-159.67351989377664,0,-125.57585789212546,-58.118215656694503,-337.92664402122057,0,0.0013315184041857719,0.0015130817191675305
2.2035150454030372,0,0.0009272601455450058,26,25,48,3.2345864772796631,-1.2085622485280796,7.3964498140890562,194.72587426353755,0,629.91363527707858,-117.05407788774635,713.77331921843074,-1.1368683772161603e-13,0.0015130817191675305,0.0013542401138693094
2.2035150454030372,0,0.0009272601455450058,26,25,49,2.7581157684326172,-0.71233872150319699,7.7055310263368817,92.360637099025951,0,190.7350904646066,41.573214361042872,331.66213422950909,0,0.0013542401138693094,0.00067006819881498814
2.2035150454030372,0,0.0009272601455450058,26,25,50,3.3044686317443848,-0.84601331005847502,7.3594167759768112,-219.52062094857769,0,-404.98086252232235,77.417760270299041,-540.5703197346827,0,0.00067006819881498814,0.00068255071528255939
2.2035150454030372,0,0.0009272601455450058,26,25,51,3.8853781223297119,-1.7007165254841619,7.0827851086439049,-101.84713721252102,0,-299.13728483645662,-121.29941203529798,-516.90176550111585,0,0.00068255071528255939,0.00046375155216082931
2.2035150454030372,0,0.0009272601455450058,26,25,52,3.5898211002349854,-1.7361209596258882,7.3359715077166605,297.12993678425289,0,173.87562949586095,-60.226869605217964,416.37854722298664,0,0.00046375155216082931,0.001616288092918694
2.2035150454030372,0,0.0009272601455450058,26,25,53,3.080249547958374,-0.9631130993393181,7.5551957639222289,212.95142210321421,0,584.98292752988539,-141.92338982642286,662.60304247125964,0,0.001616288092918694,0.00085225584916770458
2.2035150454030372,0,0.0009272601455450058,26,25,54,3.0988285541534424,-0.91155319503675025,7.2930532984880045,-174.12812287196752,0,514.74940088666767,-56.560058977258805,290.44271914089256,-5.6843418860808015e-14,0.00085225584916770458,0.0015806691953912377
2.2035150454030372,0,0.0009272601455450058,26,25,55,3.7498679161071777,-1.5795715912811685,6.7783124991211663,-233.83997798396607,0,-370.07661017357714,85.744127885838026,-512.97371936386514,1.1368683772161603e-13,0.0015806691953912377,0.0013370043598115444
2.2035150454030372,0,0.0009272601455450058,26,25,56,4.1181449890136719,-2.3076047720155319,6.5763369819151141,42.923359694989543,0,-298.06997322319961,-74.337701051988773,-325.21558237029927,-5.6843418860808015e-14,0.0013370043598115444,0.0016151720192283392
2.2035150454030372,0,0.0009272601455450058,26,25,57,3.816361665725708,-1.53670812082303,6.9149198805188234,299.82019971113999,0,696.19623196382622,-154.18346025362632,847.21118318103572,1.1368683772161603e-13,0.0016151720192283392,0.0019175350898876786
2.2035150454030372,0,0.0009272601455450058,26,25,58,3.1218330860137939,-0.69127032114081621,7.029831123360097,-21.72188687052925,0,375.90787012950489,114.28667849158028,474.81122255277518,0,0.0019175350898876786,0.0012597835157066584
2.2035150454030372,0,0.0009272601455450058,26,25,59,4.1408591270446777,-1.4140842354349674,6.5467449012592933,-299.48825577167605,0,-893.49923566597499,148.71885564833806,-1039.1359751234886,0,0.0012597835157066584,0.001692986348643899
2.2035150454030372,0,0.0009272601455450058,26,25,60,4.4731507301330566,-1.8507128092740535,6.465016401543533,212.16797269690389,0,-157.44324744535663,-96.270941848342474,-36.93191300452574,1.4210854715202004e-14,0.001692986348643899,0.001831182511523366
2.2035150454030372,0,0.0009272601455450058,26,25,61,3.4937758445739746,-0.727830797940617,6.8833210464044159,251.81174683971483,0,832.61902016596389,-104.97347831239868,985.61277894174384,0,0.001831182511523366,0.0018470565555617213
2.2035150454030372,0,0.0009272601455450058,26,25,62,3.83103346824646,-1.2624663783423293,6.7327276580443893,-323.84692428372563,0,-349.33667055696952,103.6850421538752,-564.02829140711788,0,0.0018470565555617213,0.00092888716608285904
2.2035150454030372,0,0.0009272601455450058,26,25,63,5.1464581489562988,-2.7136941338116864,6.4347574118304038,-173.03098515725594,0,-686.14483577364467,-135.22897277926316,-990.68373043214501,0,0.00092888716608285904,0.0017503596609458327
2.2035150454030372,0,0.0009272601455450058,26,25,64,4.239905834197998,-2.240809410649252,6.8684833242604242,506.55982194331676,0,931.41772411257909,-285.08610559259489,1157.5191143769121,0,0.0017503596609458327,0.0019405430648475885
2.2035150454030372,0,0.0009272601455450058,26,25,65,3.0361161231994629,-0.23728353076118028,7.1235132648613249,74.359299263386887,0,929.96035908633462,122.50068398353619,1133.7065720673579,2.2737367544323206e-13,0.0019405430648475885,0.0018427573377266526
2.2035150454030372,0,0.0009272601455450058,26,25,66,4.182492733001709,-2.0016250886366329,6.6524399430315038,-561.31643026883262,0,-684.55762435744714,333.86000936083195,-907.363230411053,-1.1368683772161603e-13,0.0018427573377266526,0.0010281135328114033
2.2035150454030372,0,0.0009272601455450058,26,25,67,5.4787530899047852,-3.5730847958796268,6.576778909603691,-14.719181067817821,0,-526.50165622445104,-354.72131035577189,-892.93845353431664,1.1368683772161603e-13,0.0010281135328114033,0.0021387564484030008
2.2035150454030372,0,0.0009272601455450058,26,25,68,4.3557872772216797,-2.5541974090984878,7.1145054728726702,581.8902693549262,0,862.50297397246788,-386.6388386140344,1062.3147127771338,-2.2737367544323206e-13,0.0021387564484030008,0.0017219122964888811
2.2035150454030372,0,0.0009272601455450058,26,25,69,3.5343539714813232,-0.7098418300627336,7.2127033118462736,-6.9595093799151897,0,848.29777891161245,80.412198007709634,928.25332902119044,0,0.0017219122964888811,0.001453302102163434
2.2035150454030372,0,0.0009272601455450058,26,25,70,4.4180140495300293,-1.8355687508913883,6.6982517742392318,-550.67185462989562,0,-264.59685950114397,227.24146728027657,-583.16456382741524,0,0.001453302102163434,0.0015936280833557248
2.2035150454030372,0,0.0009272601455450058,26,25,71,5.5058197975158691,-3.8590125125798735,6.5695880430437565,-57.110813367910829,0,-379.48880215500009,-297.06642775787986,-730.95546775032687,0,0.0015936280833557248,0.0020809171255677938
2.2035150454030372,0,0.0009272601455450058,26,25,72,4.6755795478820801,-3.1901926202093533,7.0084478495196043,601.94215166556523,0,597.79838053589754,-246.48958758102845,957.06919984974456,0,0.0020809171255677938,0.001673051854595542
2.2035150454030372,0,0.0009272601455450058,26,25,73,3.7897753715515137,-1.0928746190884639,7.1673715748093185,225.48918381982207,0,770.08525588617545,-32.50582239729701,969.14311426442146,1.1368683772161603e-13,0.001673051854595542,0.00088649120880290866
2.2035150454030372,0,0.0009272601455450058,26,25,74,4.0550026893615723,-1.0330270640534009,7.0064752450187715,-96.25422894666535,0,211.41846333707633,39.184812150600919,160.32249472197728,0,0.00088649120880290866,0.0017717547016218305
2.2035150454030372,0,0.0009272601455450058,26,25,75,4.5066976547241211,-2.1092756604307992,6.6155881957096856,-323.51446610113317,0,111.26884269182173,-101.46016925830473,-309.19948013233727,0,0.0017717547016218305,0.0018166459631174803
2.2035150454030372,0,0.0009272601455450058,26,25,76,5.1147828102111816,-2.6712886611398923,6.2596772119987385,-168.26240862642848,0,-154.74758496562004,-128.6188916051818,-448.04049664637148,0,0.0018166459631174803,0.001444950932636857
2.2035150454030372,0,0.0009272601455450058,26,25,77,4.4221863746643066,-1.5988848356531189,6.5870431823614606,458.17725719588844,0,1171.6068048828993,-325.29066186706416,1309.481558558432,0,0.001444950932636857,0.0009074294357560575
2.2035150454030372,0,0.0009272601455450058,26,25,78,2.5691709518432617,-1.3273519090271766,6.883748912757448,242.49314710768371,0,660.70419971917499,-10.543269742617296,898.21047408797176,1.1368683772161603e-13,0.0009074294357560575,0.0020510975737124681
2.2035150454030372,0,0.0009272601455450058,26,25,79,2.9498205184936523,-0.43658488326078354,5.949271221066291,-155.76938606200247,0,-852.94885088757155,91.14162376285357,-912.063926848915,0,0.0020510975737124681,0.0019624731503427029
2.2035150454030372,0,0.0009272601455450058,26,25,80,4.5166201591491699,-0.00021343098596076084,2.5544590503777478,-223.67313421143027,0,36.094725191284383,-245.79278814187487,-430.81695154262894,5.6843418860808015e-14,0.0019624731503427029,0.0019624731503427029
2.2044423055485822,0,0.0010199861135333776,27,25,0,0.0089404722675681114,4.5653688920785598e-07,4.8835171236715063,-17.205812536366018,0,-75.094956705465449,-47.079026307253436,-134.49627796887651,0,0.00040913841803558171,0.00040913841803558171
2.2044423055485822,0,0.0010199861135333776,27,25,1,-0.5128750205039978,0.63121155531389539,9.4841265547649094,-7.7329898349778929,0,-186.48490289574499,84.505226548441868,-99.597328072202217,-1.4210854715202004e-14,0.00040913841803558171,0.0014192818198353052
2.2044423055485822,0,0.0010199861135333776,27,25,2,-0.041292864829301834,0.55109207047925191,8.4456137875966686,4.8079963349218531,0,-145.71290084224208,66.323765461477763,-65.584435013914103,-1.8261475673853056e-06,0.0014192818198353052,0.00032707443460822105
2.2044423055485822,0,0.0010199861135333776,27,25,3,0.55195832252502441,0.62939590810551571,7.4068805131109405,-74.068866307052559,0,-409.06578902015087,81.85436884117469,-393.24401736940251,-7.3045902126978035e-06,0.00032707443460822105,0.0012772157788276672
2.2044423055485822,0,0.0010199861135333776,27,25,4,1.5685194730758667,-1.0315268396895823,7.3569513562227238,-2.6234581893244782,0,-468.50262611432095,75.509945085460288,-389.29071470165201,0,0.0012772157788276672,0.00098750798497349024
2.2044423055485822,0,0.0010199861135333776,27,25,5,0.79880905151367188,-0.28570535063516839,7.7539183990529601,98.778921783132645,0,31.517027798759454,90.871615206969864,228.63577783727976,0,0.00098750798497349024,0.00067811744520440698
2.2044423055485822,0,0.0010199861135333776,27,25,6,0.18238140642642975,0.65396078850312278,7.7529213224869302,-20.767475946783321,0,-94.293319016336483,115.42096969804878,8.7670568459190275,-1.7763568394002505e-15,0.00067811744520440698,0.00093792570987716317
2.2044423055485822,0,0.0010199861135333776,27,25,7,1.4078534841537476,0.29740776071623332,7.5229449733804756,-222.15502851415275,0,-516.66243228701921,135.32922130557225,-595.66788676150304,0,0.00093792570987716317,0.0018250641878694296
2.2044423055485822,0,0.0010199861135333776,27,25,8,2.8118889331817627,-2.4661314684714482,7.582617084021277,-33.315710096336133,0,-571.16238903014903,-14.755739752972454,-614.11735326390772,0,0.0018250641878694296,0.002443698700517416
2.2044423055485822,0,0.0010199861135333776,27,25,9,2.0109436511993408,-0.39798055472427796,7.7610075038685791,260.17033665258481,0,79.218690072399909,4.1361511703209022,350.88820484444989,0,0.002443698700517416,0.00069187855115160346
2.2044423055485822,0,0.0010199861135333776,27,25,10,0.81325870752334595,0.27200148283181613,7.587386981439721,33.375257115869289,0,198.14419763299318,133.08238778836866,372.46123100150271,0,0.00069187855115160346,0.0019311545183882117
2.2044423055485822,0,0.0010199861135333776,27,25,11,1.3885074853897095,-0.15730708976679411,7.1596625918466623,-181.08044111507309,0,-553.52846541744475,202.27900475871226,-525.32754627172574,-1.1368683772161603e-13,0.0019311545183882117,0.00094956043176352978
2.2044423055485822,0,0.0010199861135333776,27,25,12,2.7510843276977539,-1.1909623044338635,6.9705878391812286,-188.01524376673066,0,-671.98197957590924,-8.0412435425710385,-862.25884135046351,0,0.00094956043176352978,0.0020300529431551695
2.2044423055485822,0,0.0010199861135333776,27,25,13,2.9754714965820312,-2.3570141300449894,7.2311042234912426,196.49674957148306,0,-11.61792153820061,-29.665986198433302,160.0869319282954,0,0.0020300529431551695,0.0017685630591586232
2.2044423055485822,0,0.0010199861135333776,27,25,14,1.9932166337966919,-0.48726273492532313,7.4715028532414234,260.83300907800776,0,131.99920471273899,22.314179099878174,422.13063300894106,5.6843418860808015e-14,0.0017685630591586232,0.0018120732856914401
2.2044423055485822,0,0.0010199861135333776,27,25,15,1.0230095386505127,0.77848579040345767,7.216008374712696,18.932329134791832,0,97.695212777006617,148.99622649434224,273.61826257125682,-5.6843418860808015e-14,0.0018120732856914401,0.0021669196430593729
2.2044423055485822,0,0.0010199861135333776,27,25,16,1.7710793018341064,-0.58173847877799689,6.7603699501028007,-214.55989090594497,0,-552.13463272862737,168.2009291895306,-592.31496297371689,1.1368683772161603e-13,0.0021669196430593729,0.00068136194022372365
2.2044423055485822,0,0.0010199861135333776,27,25,17,3.0938878059387207,-1.445848219289277,6.5618663410645572,-144.75196738865694,0,-608.20893319427216,-49.875742072179854,-797.72062453333365,0,0.00068136194022372365,0.0019847431685775518
2.2044423055485822,0,0.0010199861135333776,27,25,18,2.9106767177581787,-1.7600793643728199,6.7643664740309264,220.59184620550505,0,135.2424427736716,-37.034155579097643,323.80442050973716,0,0.0019847431685775518,0.0010492115980014205
2.2044423055485822,0,0.0010199861135333776,27,25,19,1.8429000377655029,-0.56393627932022572,6.9032687356461953,150.74722442691495,0,269.34864192830224,48.644129723130924,475.07932853467412,5.6843418860808015e-14,0.0010492115980014205,0.0016094363527372479
2.2044423055485822,0,0.0010199861135333776,27,25,20,1.9380383491516113,-0.078625696133155371,6.4378266378774507,-117.86616666746561,0,-343.64310319993552,116.35452554746192,-338.79554337819491,0,0.0016094363527372479,0.0021407739259302616
2.2044423055485822,0,0.0010199861135333776,27,25,21,3.1298503875732422,-2.3241918669322796,5.9465673790240015,-205.85293622841635,0,-452.33341893400006,85.005328013765507,-569.55865163655915,0,0.0021407739259302616,0.0021087983623147011
2.2044423055485822,0,0.0010199861135333776,27,25,22,3.0491435527801514,-2.1134736134232801,6.2769731695552897,163.86217790466461,0,124.47325618316442,-58.009432508667921,234.4895011352931,-2.8421709430404007e-14,0.0021087983623147011,0.002515631727874279
2.2044423055485822,0,0.0010199861135333776,27,25,23,1.7838195562362671,-0.31160377528615163,6.6874007460269302,99.295327093843667,0,362.96555588958836,75.461208859463568,544.09788881363636,0,0.002515631727874279,0.0021677108015865088
2.2044423055485822,0,0.0010199861135333776,27,25,24,2.3689839839935303,-0.84845828633856735,6.4586173278119761,-238.61723741767213,0,-478.31695667031209,106.25946497985417,-605.06457006665664,-1.1368683772161603e-13,0.0021677108015865088,0.0023606645409017801
2.2044423055485822,0,0.0010199861135333776,27,25,25,3.7316699028015137,-3.1199731008464879,6.324642925378817,-122.77672127532666,0,-671.88719521311941,-60.939449740652805,-852.39869640456652,0,0.0023606645409017801,0.0025749718770384789
2.2044423055485822,0,0.0010199861135333776,27,25,26,3.0473911762237549,-1.0293865947529759,6.7545491047654007,316.15926106765261,0,358.60348835271674,-49.045239381693833,631.44267254868794,0,0.0025749718770384789,0.00072391150752082467
2.2044423055485822,0,0.0010199861135333776,27,25,27,1.6992160081863403,-0.010129183960854701,6.9702933728876895,91.394448557080921,0,420.77116111255299,177.42978222962117,696.5555560881819,0,0.00072391150752082467,0.0016599185764789581
2.2044423055485822,0,0.0010199861135333776,27,25,28,2.2325088977813721,-1.0143592265078101,6.5688865088099062,-240.04975521633344,0,-457.41402440235328,266.22496540021052,-425.68428693617409,0,0.0016599185764789581,0.0023805825039744377
2.2044423055485822,0,0.0010199861135333776,27,25,29,3.5110232830047607,-3.9403662384578912,6.4220569406504326,-170.6831458222195,0,-512.15485731281933,-73.238977202145634,-753.5952896349919,0,0.0023805825039744377,0.0017144640441983938
2.2044423055485822,0,0.0010199861135333776,27,25,30,3.3512246608734131,-2.3995925864800709,6.8917402661199185,310.83076702534487,0,247.70204393847982,-104.17233902338086,458.85261962008371,5.6843418860808015e-14,0.0017144640441983938,0.0017424102406948805
2.2044423055485822,0,0.0010199861135333776,27,25,31,2.1148061752319336,-0.55536662537290504,7.1316015519515012,152.80408016148624,0,513.21209448396155,92.770165862134533,765.36257543416093,1.1368683772161603e-13,0.0017424102406948805,0.0020714881829917431
2.2044423055485822,0,0.0010199861135333776,27,25,32,2.0660336017608643,0.35717985293577187,6.6923925203735291,-145.18580161143825,0,-289.3552717570073,228.6751641877855,-198.81633680735078,-5.6843418860808015e-14,0.0020714881829917431,0.0021069494541734457
2.2044423055485822,0,0.0010199861135333776,27,25,33,2.9820914268493652,-2.8381889455527256,6.3778180595493019,-316.31423525391557,0,-354.15996002562997,75.452326477747135,-591.48223968780178,1.1368683772161603e-13,0.0021069494541734457,0.0014465131098404527
2.2044423055485822,0,0.0010199861135333776,27,25,34,3.8283717632293701,-3.4882426913580078,6.5652867154385026,29.24033311670658,0,-328.91926989707605,-127.27097267695198,-423.87286543324097,0,0.0014465131098404527,0.0015767592703923583
2.2044423055485822,0,0.0010199861135333776,27,25,35,2.8903024196624756,-1.5055641574714431,6.8057748264189684,334.72367260187451,0,360.07913245208016,-68.177188358218018,631.92582736468421,0,0.0015767592703923583,0.0016578024951741099
2.2044423055485822,0,0.0010199861135333776,27,25,36,2.229992151260376,0.10738432439502585,6.7516843357856215,142.23194219695139,0,193.06791648205456,71.840235828695484,413.9991631678821,5.6843418860808015e-14,0.0016578024951741099,0.0016315026441588998
2.2044423055485822,0,0.0010199861135333776,27,25,37,2.4343345165252686,-0.0051771283236170867,6.1781986743538351,-131.8694751903017,0,-48.276445869448253,74.862816828041048,-99.110082685678691,0,0.0016315026441588998,0.0023743466008454561
2.2044423055485822,0,0.0010199861135333776,27,25,38,3.4212830066680908,-1.9505415326445561,5.3817120909458005,-354.91589745907544,0,-241.80601245386981,12.495641099916066,-580.79509825472792,1.1368683772161603e-13,0.0023743466008454561,0.0017457159701734781
2.2044423055485822,0,0.0010199861135333776,27,25,39,4.1871705055236816,-2.7810200266754506,5.0128353063716347,-3.4501040561704728,0,-379.02899260341758,-55.171511550269166,-435.41879293016103,0,0.0017457159701734781,0.0029093511402606964
2.2044423055485822,0,0.0010199861135333776,27,25,40,3.5943410396575928,-0.66010120966296848,5.1174206030989264,348.06430869928761,0,155.7579395759731,-24.893576000951423,483.38599166774526,0,0.0029093511402606964,0.0016473775031045079
2.2044423055485822,0,0.0010199861135333776,27,25,41,2.9559111595153809,0.11847497504455229,4.870151093166168,-2.4912743245707927,0,333.15593222892494,-5.2331253122997659,330.42015866026509,0,0.0016473775031045079,0.0020798386540263891
2.2044423055485822,0,0.0010199861135333776,27,25,42,3.8321022987365723,-0.89106413498700121,4.4765076388893643,-199.19535738506627,0,-177.90709337343554,-42.395140438736519,-415.91214769333595,0,0.0020798386540263891,0.0016919375630095601
2.2044423055485822,0,0.0010199861135333776,27,25,43,3.581397533416748,-1.0113958455599619,4.9467584397121351,142.84202157273762,0,322.00854317480776,-18.348195663493051,450.4377316782045,5.6843418860808015e-14,0.0016919375630095601,0.00082542275777086616
2.2044423055485822,0,0.0010199861135333776,27,25,44,2.8731064796447754,0.67596632309983073,5.5688155173236344,122.76807264049752,0,403.82042121463007,-51.388318179732636,481.44495751581843,5.6843418860808015e-14,0.00082542275777086616,0.0016470731934532523
2.2044423055485822,0,0.0010199861135333776,27,25,45,3.3481228351593018,-0.23795113548713742,5.5367593231110162,-198.74095343620479,0,-132.85495206705065,-66.249711525753128,-392.54680884138469,0,0.0016470731934532523,0.002041760366410017
2.2044423055485822,0,0.0010199861135333776,27,25,46,3.8356938362121582,-1.4961499102790878,5.5175313589482489,-158.6066128911865,0,-60.547222463806328,-7.9749763000287386,-223.1074302063524,0,0.002041760366410017,0.0016754753887653351
2.2044423055485822,0,0.0010199861135333776,27,25,47,3.2915358543395996,-0.80862909505029557,6.0978536602959226,176.96158721441049,0,401.68561089315278,-1.7900336627475257,582.1463890100614,0,0.0016754753887653351,0.0025510718114674091
2.2044423055485822,0,0.0010199861135333776,27,25,48,2.6839373111724854,-0.51902126708617846,6.6794204812035769,112.57834458354363,0,360.99612149085772,-35.106678746632753,444.62818654188601,5.6843418860808015e-14,0.0025510718114674091,0.00092533259885385633
2.2044423055485822,0,0.0010199861135333776,27,25,49,3.2361023426055908,-0.48898433553452597,6.6456435994555338,-216.17216006092028,0,-201.47111707957004,-43.653633679822008,-455.14025155639132,0,0.00092533259885385633,0.0013090155553072691
2.2044423055485822,0,0.0010199861135333776,27,25,50,3.9509396553039551,-1.3030590025992927,6.5373530493354304,-99.715253376832166,0,-276.12683416548595,-38.661267661414897,-409.26906115699688,0,0.0013090155553072691,0.0012552543776109815
2.2044423055485822,0,0.0010199861135333776,27,25,51,3.2570550441741943,-0.50839674060053319,6.9161001614542705,261.95663036513594,0,351.97349164206503,-7.5067812848180715,612.83104414323657,0,0.0012552543776109815,0.001237938879057765
2.2044423055485822,0,0.0010199861135333776,27,25,52,2.8405754566192627,0.13496965285163212,7.1324548193974309,-16.676204178819109,0,217.55687662113397,-27.053864733141634,181.09423218142229,0,0.001237938879057765,0.0027459831908345222
2.2044423055485822,0,0.0010199861135333776,27,25,53,3.9263391494750977,-2.1287662296010756,6.8728930537227502,-278.48019782656485,0,-268.51042559053616,-11.475803430737761,-553.72230002371714,0,0.0027459831908345222,0.00053075136383995414
2.2044423055485822,0,0.0010199861135333776,27,25,54,3.9591598510742188,-1.7603254377561028,7.0516537249872,202.13238702366939,0,291.27573618285396,-146.57753057827017,352.12192091548428,0,0.00053075136383995414,0.0017628846690058708
2.2044423055485822,0,0.0010199861135333776,27,25,55,2.8793087005615234,-0.42321289205390694,7.2565693946343677,81.900234363212078,0,425.63601820395195,-31.450877429660792,482.91873164008365,0,0.0017628846690058708,0.0015818900428712368
2.2044423055485822,0,0.0010199861135333776,27,25,56,3.5227022171020508,-2.1363643730481621,6.9277080683992702,-423.05919251863867,0,-143.70571632121661,82.61479859760999,-479.35876654689423,-5.6843418860808015e-14,0.0015818900428712368,0.001616491936147213
2.2044423055485822,0,0.0010199861135333776,27,25,57,4.6293754577636719,-3.9145659692380881,6.9981549061622665,38.91418179344582,0,-137.30572654764293,-218.52061503736641,-313.82857085463934,0,0.001616491936147213,0.0018041288712993264
2.2044423055485822,0,0.0010199861135333776,27,25,58,3.2145693302154541,-1.4000863311257492,7.4403396451840953,376.37830290172565,0,587.75935301418212,-215.57704048591961,754.60086874404647,-1.1368683772161603e-13,0.0018041288712993264,0.00094769394490867853
2.2044423055485822,0,0.0010199861135333776,27,25,59,3.0118062496185303,-0.79320134395329445,7.1852437233596458,-218.7125212318187,0,-158.79898657941334,303.76529986370093,-67.35416556812477,-1.4210854715202004e-14,0.00094769394490867853,0.00098618702031672001
2.2044423055485822,0,0.0010199861135333776,27,25,60,4.5281758308410645,-2.9977312399290814,6.9078491702556173,-133.79905574475205,0,-329.6251854966448,5.8876165966681482,-453.62650671440218,0,0.00098618702031672001,0.0010891609126701951
2.2044423055485822,0,0.0010199861135333776,27,25,61,3.8993532657623291,-2.9835644437200726,7.3258803686170149,481.7457897597406,0,619.25066865534131,-220.77533751201548,884.56343682796341,0,0.0010891609126701951,0.0015519603621214628
2.2044423055485822,0,0.0010199861135333776,27,25,62,3.0321400165557861,-1.1488937997040272,7.3745083953709898,-13.391826665726201,0,271.16392025487539,156.94864621974901,420.94635440456517,5.6843418860808015e-14,0.0015519603621214628,0.00062353553948923945
2.2044423055485822,0,0.0010199861135333776,27,25,63,4.3713445663452148,-1.9409364530325119,6.891695525504776,-463.87443774628741,0,-750.38898358224867,276.79207780666894,-932.52058444939485,2.2737367544323206e-13,0.00062353553948923945,0.00035581251722760499
2.2044423055485822,0,0.0010199861135333776,27,25,64,5.064361572265625,-2.9800824368660841,6.9589219520513002,193.24088917863764,0,185.93068902601735,-357.13438916619702,26.016028553643199,3.5527136788005009e-15,0.00035581251722760499,0.00132506072986871
2.2044423055485822,0,0.0010199861135333776,27,25,65,3.8867557048797607,-1.7833645718699773,7.4145608331980846,474.39632013005826,0,779.8399226443895,-338.79507588442038,921.07236315135549,-1.1368683772161603e-13,0.00132506072986871,0.0010562237584963441
2.2044423055485822,0,0.0010199861135333776,27,25,66,3.3073296546936035,-0.37397447547906126,7.1584778786191681,-161.09251103734996,0,95.458021318903121,241.13936633136314,182.28938001605641,0,0.0010562237584963441,0.0019011837430298328
2.2044423055485822,0,0.0010199861135333776,27,25,67,4.6861066818237305,-2.73342103406975,6.5635975289484332,-492.78472025816251,0,-661.55137535161896,388.3931266545182,-762.11279246038453,0,0.0019011837430298328,0.00091753271408379078
2.2044423055485822,0,0.0010199861135333776,27,25,68,5.4153695106506348,-3.9766399204530125,6.6161097715557888,141.92970747170557,0,145.28771525428991,-356.74029191425234,-66.883399337154088,-2.8421709430404007e-14,0.00091753271408379078,0.0022624307312071323
2.2044423055485822,0,0.0010199861135333776,27,25,69,4.6571865081787109,-2.7737432851983663,7.0592587164876246,555.40925130917662,0,688.15457608609552,-371.90251750419498,875.94682532236641,-1.1368683772161603e-13,0.0022624307312071323,0.001634664018638432
2.2044423055485822,0,0.0010199861135333776,27,25,70,3.8965957164764404,-1.1198028125868134,6.9924596084693986,-19.290195619208973,0,486.32979996607929,103.55922093806004,576.47148208081296,0,0.001634664018638432,0.0022035655565559864
2.2044423055485822,0,0.0010199861135333776,27,25,71,4.7994880676269531,-1.6820531011751945,6.4158950622567943,-484.69848043979113,0,-305.05371270635754,264.83288581304771,-520.18546537201939,0,0.0022035655565559864,0.0016246320446953177
2.2044423055485822,0,0.0010199861135333776,27,25,72,5.765263557434082,-3.643121004874216,6.1199030224339941,-243.46374537842001,0,-223.09737909019958,-137.9676977324041,-602.05204018346387,0,0.0016246320446953177,0.0016063143266364932
2.2044423055485822,0,0.0010199861135333776,27,25,73,5.3397202491760254,-2.9689274145151794,6.4391337029912528,328.54761234630973,0,492.10404932241937,-261.08452072871506,563.03734722849015,1.1368683772161603e-13,0.0016063143266364932,0.0021455811802297831
2.2044423055485822,0,0.0010199861135333776,27,25,74,4.5426411628723145,-1.7252656873493857,6.7952356723316045,434.87252645460069,0,388.8832938771327,-220.33589336393956,608.48989695277601,0,0.0021455811802297831,0.0021473669912666082
2.2044423055485822,0,0.0010199861135333776,27,25,75,4.3731770515441895,-0.94336545755154244,6.8403319297106675,213.3580812850235,0,305.09111220832142,-109.02188569366329,415.32427427184081,5.6843418860808015e-14,0.0021473669912666082,0.001992732984945178
2.2044423055485822,0,0.0010199861135333776,27,25,76,4.3814883232116699,-1.4993520600199917,6.4482411573940599,-234.69589963675642,0,36.20599035748436,22.362564705543978,-171.178455476354,2.8421709430404007e-14,0.001992732984945178,0.0020338967442512512
2.2044423055485822,0,0.0010199861135333776,27,25,77,5.4593715667724609,-3.5654896460857555,6.0324542943800079,-177.87249883411891,0,-286.19080639708619,-35.947466300158851,-497.54380688306969,0,0.0020338967442512512,0.0021343156695365906
2.2044423055485822,0,0.0010199861135333776,27,25,78,3.9106996059417725,-0.50177604263324083,6.404352440086952,455.53551754277237,0,920.97863064955845,-258.08648315253333,1124.3302414372511,0,0.0021343156695365906,0.0015096028801053762
2.2044423055485822,0,0.0010199861135333776,27,25,79,1.928874135017395,-0.21626517671287504,6.206029163119946,162.83100351145347,0,781.45698361055395,-112.06269895021624,838.2150521581982,0,0.0015096028801053762,0.0019535599276423454
2.2044423055485822,0,0.0010199861135333776,27,25,80,3.5219583511352539,-6.8023996491970546e-05,2.7921745924894661,-133.78947212237381,0,-148.9341666957709,-147.8930580598506,-427.82459030950236,-5.6843418860808015e-14,0.0019535599276423454,0.0019535599276423454
2.2054622916621156,0,0.0011219846783205867,27,25,0,0.0089404722675681114,0,4.8100795048649712,-23.255682976620641,0,8.5733647029527038,38.207862706900713,28.335623108030639,-8.3006710838162689e-07,0.00044242889271117747,0.00044242889271117747
2.2054622916621156,0,0.0011219846783205867,27,25,1,-0.61446291208267212,0.34562168135280186,9.443273369631477,-8.9021443227300914,0,407.99028074425894,13.421919478302824,422.29896423188961,1.3281073677262611e-05,0.00044242889271117747,0.00090940960217267275
2.2054622916621156,0,0.0011219846783205867,27,25,2,-0.10818807780742645,1.0961575674883466,8.6076190822051775,16.89143396686476,0,117.84703087590238,17.479652720674636,161.92189421313529,0,0.00090940960217267275,0.0012835552915930748
2.2054622916621156,0,0.0011219846783205867,27,25,3,0.15085488557815552,0.29276632832785576,7.6855332273268466,-25.013295288590989,0,-102.5135531800649,21.079617235305868,-98.46892835742689,3.3202684193156529e-06,0.0012835552915930748,0.0011268315138295293
2.2054622916621156,0,0.0011219846783205867,27,25,4,1.1714483499526978,-0.55629105265478807,7.3197575166467361,-41.860563044893659,0,-737.3141589215353,23.51900184430535,-748.89225365813172,0,0.0011268315138295293,0.00072459824150428176
2.2054622916621156,0,0.0011219846783205867,27,25,5,1.0320143699645996,-0.31880719356905513,7.4728434726894957,66.828237845353314,0,-13.754411158177069,25.908824806555455,86.136687772852142,1.4210854715202004e-14,0.00072459824150428176,0.00069015100598335266
2.2054622916621156,0,0.0011219846783205867,27,25,6,0.19132368266582489,0.25066781492616291,7.7908363704278214,9.3431822178874278,0,684.25802262451657,28.721118722941757,730.36381446962605,-1.328107373410603e-05,0.00069015100598335266,0.00059033377328887582
2.2054622916621156,0,0.0011219846783205867,27,25,7,0.80028051137924194,0.76225643366855944,7.7965455719810848,-113.6803065022788,0,-221.19649483412925,36.834553203410536,-289.48344612734786,0,0.00059033377328887582,0.0017507968004792929
2.2054622916621156,0,0.0011219846783205867,27,25,8,2.1854977607727051,-1.5922679249100544,7.5608886905950801,-133.37725439741018,0,-1280.9867572131534,64.351742596190505,-1344.0435951243933,5.3124294936424121e-05,0.0017507968004792929,0.0016082467045634985
2.2054622916621156,0,0.0011219846783205867,27,25,9,2.368844747543335,-1.0526894433621867,7.4824290876265529,140.17376417274735,0,-594.39817177719965,-14.81158462404445,-462.60625258423238,-5.6843418860808015e-14,0.0016082467045634985,0.00063443748513236642
2.2054622916621156,0,0.0011219846783205867,27,25,10,1.1931639909744263,-0.34772092106321223,7.6260680499389126,106.12406618747585,0,476.32039552697586,13.424509287672725,603.14731813100013,0,0.00063443748513236642,0.0018361448310315609
2.2054622916621156,0,0.0011219846783205867,27,25,11,0.85268068313598633,0.61772265901621481,7.4800667166436234,-52.834342366365682,0,248.71493264783624,36.168082363408566,240.14646202053896,0,0.0018361448310315609,0.00089294376084581017
2.2054622916621156,0,0.0011219846783205867,27,25,12,1.8715922832489014,-0.47493202528591921,7.0691444861495523,-243.89214979598506,0,-559.98749420898491,80.477197278417478,-716.80823426568895,-1.1368683772161603e-13,0.00089294376084581017,0.00094513560179620981
2.2054622916621156,0,0.0011219846783205867,27,25,13,3.1387579441070557,-1.5682806456884499,6.9714464178713449,-41.204478004518677,0,-1018.2106206048595,-84.483140973928116,-1138.4950738111233,0,0.00094513560179620981,0.0019316745456308126
2.2054622916621156,0,0.0011219846783205867,27,25,14,2.4237840175628662,-0.9042792553260478,7.1644461506934949,271.21397459475867,0,-176.72306647540537,-62.884715196194144,37.866359818526576,-7.1054273576010019e-15,0.0019316745456308126,0.0010045990347862244
2.2054622916621156,0,0.0011219846783205867,27,25,15,1.3020963668823242,0.02503067357351671,7.2681912578370005,95.026826004964832,0,687.40595583524203,-5.1077946932772349,784.61820907834021,1.1368683772161603e-13,0.0010045990347862244,0.0017591395881026983
2.2054622916621156,0,0.0011219846783205867,27,25,16,1.1669262647628784,0.53429510441984795,7.1032785056716925,-77.262168083400994,0,283.53689850613858,24.19216634544799,238.10447037827714,2.8421709430404007e-14,0.0017591395881026983,0.0013811268145218492
2.2054622916621156,0,0.0011219846783205867,27,25,17,2.2802238464355469,-1.0860830430260096,6.6543591233453778,-245.31163095216479,0,-564.96540000155642,69.600582292074677,-735.10817258132715,0,0.0013811268145218492,0.0014840330695733428
2.2054622916621156,0,0.0011219846783205867,27,25,18,3.240952730178833,-2.296616387081043,6.5029980467483419,-3.9673223332148759,0,-637.08248013675359,-87.32677822422707,-724.1701990345282,0,0.0014840330695733428,0.0015401049749925733
2.2054622916621156,0,0.0011219846783205867,27,25,19,2.3274743556976318,-0.91199597417453715,6.7065815502021993,248.66356145479637,0,262.91107231700261,-38.113281540604547,479.2559378072221,0,0.0015401049749925733,0.0011263969354331493
2.2054622916621156,0,0.0011219846783205867,27,25,20,1.5924715995788574,0.19500351481540085,6.6323183514867283,5.2739674873090525,0,437.8436375615741,23.077406144052958,473.02233305923824,0,0.0011263969354331493,0.0021688712295144796
2.2054622916621156,0,0.0011219846783205867,27,25,21,2.5489084720611572,-1.1101226164752758,6.2094174225897572,-239.334510299317,0,-341.59824648323911,45.580432413082896,-530.25302956335872,0,0.0021688712295144796,0.0023953006602823734
2.2054622916621156,0,0.0011219846783205867,27,25,22,3.2883195877075195,-2.4812851513964582,6.120936834487213,-18.808337816560357,0,-469.06648557369311,-7.6025115755451855,-491.83768328270787,0,0.0023953006602823734,0.0015082759782671928
2.2054622916621156,0,0.0011219846783205867,27,25,23,2.3387918472290039,-1.3269075071787835,6.5539131179136261,232.30510361572044,0,501.59045381325046,-53.186343943493185,685.93621909621254,0,0.0015082759782671928,0.0028238091617822647
2.2054622916621156,0,0.0011219846783205867,27,25,24,1.7518265247344971,-0.38731014160426031,6.7173886088853498,-30.129656274399434,0,260.57774704223743,118.97462059448368,355.75278982960276,0,0.0028238091617822647,0.0014437148347496986
2.2054622916621156,0,0.0011219846783205867,27,25,25,2.8622350692749023,-0.96219677259533454,6.3887372344757996,-291.85085063720618,0,-736.11997789946327,160.7374349370057,-861.80685313778338,-1.1368683772161603e-13,0.0014437148347496986,0.0021983345504850149
2.2054622916621156,0,0.0011219846783205867,27,25,26,3.6914539337158203,-2.5839445307656592,6.4312059578066512,30.84970296567413,0,-490.29112881344503,-137.91491915924578,-593.50908357997571,0,0.0021983345504850149,0.0016467304667457938
2.2054622916621156,0,0.0011219846783205867,27,25,27,2.4096930027008057,-0.83259632020876184,6.9291403876932174,262.58786410763895,0,600.60330190318825,-107.72310745996872,761.56460261834297,0,0.0016467304667457938,0.0017779342597350478
2.2054622916621156,0,0.0011219846783205867,27,25,28,1.7983168363571167,-0.0097474780226763959,6.9357742840022727,-27.766050151616945,0,411.1107486945898,110.54804495850962,500.81877030746205,0,0.0017779342597350478,0.0019835100974887609
2.2054622916621156,0,0.0011219846783205867,27,25,29,2.7423665523529053,-2.1192791904770552,6.4958710905784791,-307.62727870281265,0,-265.1561050138647,166.5954509209854,-401.81134089559055,0,0.0019835100974887609,0.0010309776989743114
2.2054622916621156,0,0.0011219846783205867,27,25,30,3.8192479610443115,-2.6849641125674752,6.5390254493386699,-1.8602003055684533,0,-515.51496896327217,-132.82794918951728,-646.34905712158672,0,0.0010309776989743114,0.0022609983570873737
2.2054622916621156,0,0.0011219846783205867,27,25,31,2.8954653739929199,-1.0223596213856414,7.017330037275201,333.69090770431973,0,447.3550112966945,-154.80759490650073,632.23329451040308,0,0.0022609983570873737,0.0008829835569486022
2.2054622916621156,0,0.0011219846783205867,27,25,32,1.8632436990737915,-0.21108108458643204,7.007909605692185,29.383047435741133,0,670.74075831818027,63.767853472404163,770.68848774743128,0,0.0008829835569486022,0.0020944308489561081
2.2054622916621156,0,0.0011219846783205867,27,25,33,2.3787877559661865,-0.92821548542064947,6.7266260106715503,-230.0855705803466,0,142.65360625248047,63.593605785567725,-18.039948017047504,-1.7763568394002505e-14,0.0020944308489561081,0.0012597054010257125
2.2054622916621156,0,0.0011219846783205867,27,25,34,3.3960273265838623,-2.5976626347886311,6.491460944045695,-182.20549369538094,0,-693.06273699064354,73.529761381646694,-797.84467099512074,0,0.0012597054010257125,0.0014405284309759736
2.2054622916621156,0,0.0011219846783205867,27,25,35,3.5348579883575439,-2.1921545169917329,6.4108610130450234,168.74868483648976,0,-68.175257463470558,-88.624073502442215,16.168060366630264,-2.1316282072803006e-14,0.0014405284309759736,0.0015035875840112567
2.2054622916621156,0,0.0011219846783205867,27,25,36,2.6522655487060547,-0.62869407098630126,6.5414280785762271,259.83836310766748,0,395.78917084078017,-29.123800877277173,632.41646707876043,1.1368683772161603e-13,0.0015035875840112567,0.0018550623208284378
2.2054622916621156,0,0.0011219846783205867,27,25,37,2.3332436084747314,-0.087911162068008433,6.3965274142631472,45.980139606911344,0,464.3031488076864,12.686931579124851,529.27883624591777,1.1368683772161603e-13,0.0018550623208284378,0.0017526930896565318
2.2054622916621156,0,0.0011219846783205867,27,25,38,2.8288800716400146,-0.65367618563413232,5.8422198069575186,-192.18372373291552,0,35.0494972127903,15.099412053093166,-136.84627084570869,-2.8421709430404007e-14,0.0017526930896565318,0.0023558926768600941
2.2054622916621156,0,0.0011219846783205867,27,25,39,3.7430493831634521,-1.7757584089688752,4.9780908975359974,-226.89003800150968,0,-528.36488587874271,79.076575246880111,-672.97601614480516,0,0.0023558926768600941,0.0018910679500550032
2.2054622916621156,0,0.0011219846783205867,27,25,40,4.0873880386352539,-1.3778092972703762,4.6404909846930442,108.13853944504827,0,-268.10854081984689,-53.910959324117862,-210.61827901149383,0,0.0018910679500550032,0.0022412627004086971
2.2054622916621156,0,0.0011219846783205867,27,25,41,3.2929351329803467,-0.29061437935623108,4.9113655382077299,124.5575589801588,0,359.52163979756739,-5.3540789238179975,483.34587101275969,0,0.0022412627004086971,0.001089054043404758
2.2054622916621156,0,0.0011219846783205867,27,25,42,3.4078776836395264,-0.71897964001027204,4.7768257715084657,-186.04871767601963,0,-75.162802202790587,2.3935682250311925,-254.76010552228081,2.8421709430404007e-14,0.001089054043404758,0.0020726255606859922
2.2054622916621156,0,0.0011219846783205867,27,25,43,4.0408377647399902,-1.592804148260361,4.7058878216185791,-38.513413728791136,0,-201.20146652105907,11.082152882797118,-225.51964369369486,2.8421709430404007e-14,0.0020726255606859922,0.00099561573006212711
2.2054622916621156,0,0.0011219846783205867,27,25,44,3.3641736507415771,0.09771217941900491,5.3075785645545785,241.86152675280343,0,339.99824897344047,15.785565444306387,603.05063191452382,0,0.00099561573006212711,0.0014603703748434782
2.2054622916621156,0,0.0011219846783205867,27,25,45,2.947730541229248,0.56625393309140337,5.7695619580245436,0.0762864872857065,0,163.33446921099528,19.950510154055266,189.6970817434522,0,0.0014603703748434782,0.0018699571955949068
2.2054622916621156,0,0.0011219846783205867,27,25,46,3.6081273555755615,-0.88509889471376957,5.7504343066734798,-280.84795920220176,0,-156.12635239980182,17.226721312751128,-414.88225487729272,0,0.0018699571955949068,0.0021716584451496601
2.2054622916621156,0,0.0011219846783205867,27,25,47,3.8853170871734619,-1.6601155349652799,5.8885969012557355,-24.874494787437971,0,-81.407031809727869,23.028531792867131,-79.024513438008256,0,0.0021716584451496601,0.0020379365887492895
2.2054622916621156,0,0.0011219846783205867,27,25,48,3.1374518871307373,-0.47526280702755563,6.4525959570544034,258.48008113905956,0,395.02736845381844,3.3927299610127855,662.87751270391766,0,0.0020379365887492895,0.0021373813506215811
2.2054622916621156,0,0.0011219846783205867,27,25,49,2.7718656063079834,-0.13150711652845185,6.8238932741218798,17.655753117291077,0,199.54696348482923,26.89406797730804,250.78917073702178,0,0.0021373813506215811,0.0011475721839815378
2.2054622916621156,0,0.0011219846783205867,27,25,50,3.5334908962249756,-0.76785233106188933,6.6463742928217355,-281.01668196238239,0,-276.40124323300762,79.413383275704192,-472.12601995792596,-5.6843418860808015e-14,0.0011475721839815378,0.0012471798108890653
2.2054622916621156,0,0.0011219846783205867,27,25,51,3.8821341991424561,-0.87982132805548996,6.641044846969347,-1.8927123739659828,0,-26.281651107231699,-55.769884646611899,-78.183024608895721,0,0.0012471798108890653,0.00094360474031418562
2.2054622916621156,0,0.0011219846783205867,27,25,52,3.0252890586853027,-0.40355289472933326,7.0914766115623156,158.88732824744301,0,463.64929498769169,22.944170412776806,652.16871736474445,0,0.00094360474031418562,0.0013134239707142115
2.2054622916621156,0,0.0011219846783205867,27,25,53,3.3615500926971436,-0.71630474876203276,7.0901576349312991,-199.77603544386542,0,-184.49600078856375,31.27894726739315,-346.61923607886678,-5.6843418860808015e-14,0.0013134239707142115,0.0019869999960064888
2.2054622916621156,0,0.0011219846783205867,27,25,54,4.3183193206787109,-2.0663283797349492,6.9010641979087497,-39.531700210888921,0,-407.43380375657244,-13.419409355375073,-455.55017750466266,0,0.0019869999960064888,0.0013556699268519878
2.2054622916621156,0,0.0011219846783205867,27,25,55,3.3718791007995605,-0.99098142465454941,7.2148113024012286,256.05272586255643,0,545.1145510244844,-4.5130150890636065,802.87809167572391,0,0.0013556699268519878,0.0010368796065449715
2.2054622916621156,0,0.0011219846783205867,27,25,56,3.0337629318237305,-1.1845406227059669,7.2825721704439044,-158.29998604449679,0,169.68154745260188,123.22902661662054,140.70861957246356,-2.8421709430404007e-14,0.0010368796065449715,0.0013393608387559652
2.2054622916621156,0,0.0011219846783205867,27,25,57,4.3092746734619141,-3.0225934927926827,6.9469913958356573,-207.39767176552678,0,-610.00035215596961,138.06685464227999,-675.40677137617342,0,0.0013393608387559652,0.0006606267997995019
2.2054622916621156,0,0.0011219846783205867,27,25,58,3.9842517375946045,-2.1048244018977411,7.1505699188868803,346.25267844497301,0,460.18431598579548,-117.24234359071467,694.24039635704298,0,0.0006606267997995019,0.00079154374543577433
2.2054622916621156,0,0.0011219846783205867,27,25,59,2.943105936050415,-0.78045814516317302,7.3691456793710168,46.208149080052188,0,614.19185901310209,60.670069595938898,727.65876522330097,-1.1368683772161603e-13,0.00079154374543577433,0.0014401939697563648
2.2054622916621156,0,0.0011219846783205867,27,25,60,4.0654830932617188,-1.9069978288557266,6.9287311646100891,-401.18298673708404,0,-428.96763039186948,175.28998549976524,-649.83889829343389,0,0.0014401939697563648,0.00093226088210940361
2.2054622916621156,0,0.0011219846783205867,27,25,61,4.8015956878662109,-3.444768943039239,6.9169728490237636,158.48167113260064,0,-10.42978654305584,-228.50926650601409,-76.985178010484788,-2.8421709430404007e-14,0.00093226088210940361,0.0015853662043809891
2.2054622916621156,0,0.0011219846783205867,27,25,62,3.4614994525909424,-1.7715840014941209,7.3885219358202487,344.26136737991914,0,625.61018243318608,-144.65022974701111,830.83825800042018,0,0.0015853662043809891,0.0010394470300525427
2.2054622916621156,0,0.0011219846783205867,27,25,63,3.4201865196228027,-1.2381090033747415,7.1831425821831285,-287.31616083587755,0,-237.65174513827102,209.86115156247163,-309.16172083286858,0,0.0010394470300525427,0.00059411540860310197
2.2054622916621156,0,0.0011219846783205867,27,25,64,5.0908975601196289,-2.2401207747638847,6.7675856720041709,-310.54805242911357,0,-750.72512151404237,107.54460982955091,-949.20109921636481,-1.1368683772161603e-13,0.00059411540860310197,0.00081536034122109413
2.2054622916621156,0,0.0011219846783205867,27,25,65,4.8262367248535156,-2.2680463073686612,7.085782351216956,477.67155884008497,0,325.6838014998275,-240.02831358897672,568.14478279478408,0,0.00081536034122109413,0.0008600396104156971
2.2054622916621156,0,0.0011219846783205867,27,25,66,3.4932622909545898,-0.9867447621468648,7.3650600890765761,252.7211950891155,0,649.14573249531145,-55.670435966807695,852.57480694454887,-1.1368683772161603e-13,0.0008600396104156971,0.0012496634153649211
2.2054622916621156,0,0.0011219846783205867,27,25,67,3.9087622165679932,-0.95046418908928665,6.8876353722721273,-387.72851534716261,0,-234.28068988952325,176.34014655872335,-439.73188749477964,0,0.0012496634153649211,0.001562233199365437
2.2054622916621156,0,0.0011219846783205867,27,25,68,5.3471493721008301,-3.287027555633951,6.4035111838572698,-425.58000036315434,0,-519.51820331974966,89.443462624931584,-852.53825742974914,-1.1368683772161603e-13,0.001562233199365437,0.0012937638675794005
2.2054622916621156,0,0.0011219846783205867,27,25,69,5.5506401062011719,-3.8477333201906041,6.6361213039316649,326.06672141650949,0,130.45031825291625,-231.95809572230104,227.34733193086578,0,0.0012937638675794005,0.0021628327667713165
2.2054622916621156,0,0.0011219846783205867,27,25,70,4.484588623046875,-2.1645161876055417,7.0685260861557779,447.83737989318075,0,486.72776361763994,-268.31848803276688,671.15066537660402,1.1368683772161603e-13,0.0021628327667713165,0.0016491214046254754
2.2054622916621156,0,0.0011219846783205867,27,25,71,4.2689061164855957,-0.88802197602662436,6.8239181761350522,-168.26291628513843,0,-3.7595000920855695,61.063189377216212,-105.02333079989936,0,0.0016491214046254754,0.0019931092392653227
2.2054622916621156,0,0.0011219846783205867,27,25,72,5.1511788368225098,-2.3832708275509646,6.291943939342846,-521.69757438827946,0,-283.32333884117446,164.08522174464542,-637.02701837301663,-1.1368683772161603e-13,0.0019931092392653227,0.0016627112636342645
2.2054622916621156,0,0.0011219846783205867,27,25,73,5.9140105247497559,-3.5184456993445066,6.1848603023000637,-78.524932570017455,0,-318.1775511464005,-117.73916199537756,-511.77523110883993,5.6843418860808015e-14,0.0016627112636342645,0.0010942490771412849
2.2054622916621156,0,0.0011219846783205867,27,25,74,5.163292407989502,-2.3669874011377106,6.3721342322268368,369.66646762349194,0,249.57623683889693,-24.023656082446415,599.22419521103154,0,0.0010942490771412849,0.002309923293069005
2.2054622916621156,0,0.0011219846783205867,27,25,75,4.7968020439147949,-1.279585796514237,6.6506644946577396,432.17293784094358,0,180.56480297579057,-36.6251637955856,581.48365571929207,1.1368683772161603e-13,0.002309923293069005,0.0017963345162570477
2.2054622916621156,0,0.0011219846783205867,27,25,76,4.2068886756896973,-1.0173862743216147,6.6948859046823568,59.818805896589204,0,401.92523938357141,34.576265995004036,501.9978109055254,0,0.0017963345162570477,0.0021160817705094814
2.2054622916621156,0,0.0011219846783205867,27,25,77,4.9518837928771973,-2.9821468129314077,6.2949778346143175,-368.81222896363528,0,-516.19538493065045,81.316933005802682,-800.37784986680015,1.1368683772161603e-13,0.0021160817705094814,0.0022804646287113428
2.2054622916621156,0,0.0011219846783205867,27,25,78,5.0575008392333984,-3.5573534347917439,6.1867935285893267,184.62519907343759,0,-73.708896503601707,-221.52575921309639,-107.98001654946292,2.8421709430404007e-14,0.0022804646287113428,0.0024678404442965984
2.2054622916621156,0,0.0011219846783205867,27,25,79,2.7838418483734131,0.21702270492930162,6.13600545769122,351.53387083637045,0,1112.4722442679974,-158.75961744282264,1311.5995258241658,0,0.0024678404442965984,0.0019962163642048836
2.2054622916621156,0,0.0011219846783205867,27,25,80,3.0855832099914551,4.9596509567820371e-05,2.9468612828168328,99.389393091247726,0,529.08567631014421,-199.7454358500795,431.67654443063884,0,0.0019962163642048836,0.0019962163642048836
