OWNER_COST_SNAPSHOT_SCOPE_RED count=2 passed=1
capstone probe workers=8 target=0.00493879791 grid=69x69x106 dx=0.0305931161 t_ft=2.09320803
capstone step-start=0 speed=0 gprime=0 nu=2.23472097e-05 selected=5.23521035 previous=0
capstone event-step=0.00164626597 pilot_ceiling=0.0115509308 ramp_end=0.209320803
RISE_FIRE_OWNER_PROFILE_V1 {"scope":2,"parent":1,"phase":"Prepare","stage":4294967295,"raw_iteration":4294967295,"iteration_kind":"owner","wall_ms":95.500375000,"device_sum_ms":3.217125079,"wall_minus_device_ms":92.283249921,"exclusive_wall_ms":95.500375000,"exclusive_device_sum_ms":3.217125079,"child_observer_wall_ms":0.000000000,"count_scope":"inclusive","owner_commits":1,"projection_invocations":0}
RISE_FIRE_OWNER_PROFILE_V1 {"scope":5,"parent":4,"phase":"ProjectionAdapter","stage":0,"raw_iteration":4294967295,"iteration_kind":"bootstrap","wall_ms":20.596417000,"device_sum_ms":16.228791792,"wall_minus_device_ms":4.367625208,"exclusive_wall_ms":20.596417000,"exclusive_device_sum_ms":16.228791792,"child_observer_wall_ms":0.000000000,"count_scope":"inclusive","owner_commits":0,"projection_invocations":1}
RISE_FIRE_OWNER_PROFILE_V1 {"scope":4,"parent":3,"phase":"Project","stage":0,"raw_iteration":4294967295,"iteration_kind":"bootstrap","wall_ms":22.323041000,"device_sum_ms":16.444458393,"wall_minus_device_ms":5.878582607,"exclusive_wall_ms":1.706749000,"exclusive_device_sum_ms":0.215666601,"child_observer_wall_ms":0.019875000,"count_scope":"inclusive","owner_commits":2,"projection_invocations":1}
PRODUCER_COMMAND_V1 stage=0 raw_iteration=4294967295 cpu_begin=1965362770964250 cpu_end=1965363545752041 gpu_begin=1965362770964250 gpu_end=1965363545752041 device_ms=691.96825008839369 encoders=38 interval_scope=possibly_overlapping
PRODUCER_KERNEL_V1 stage=0 raw_iteration=4294967295 ordinal=0 kernel=owner_pack_faces threads=1533387 begin_tick=1965362853662916 end_tick=1965362853716625 ms_per_tick=9.9999999999999995e-07 device_ms=0.053709
PRODUCER_KERNEL_V1 stage=0 raw_iteration=4294967295 ordinal=1 kernel=owner_pack_faces threads=1533387 begin_tick=1965362853710750 end_tick=1965362853789000 ms_per_tick=9.9999999999999995e-07 device_ms=0.07825
PRODUCER_KERNEL_V1 stage=0 raw_iteration=4294967295 ordinal=2 kernel=owner_pack_faces threads=1533387 begin_tick=1965362853657958 end_tick=1965362853710750 ms_per_tick=9.9999999999999995e-07 device_ms=0.052791999999999999
PRODUCER_KERNEL_V1 stage=0 raw_iteration=4294967295 ordinal=3 kernel=fct_extract_gas_density threads=504666 begin_tick=1965362853717083 end_tick=1965362853766333 ms_per_tick=9.9999999999999995e-07 device_ms=0.049249999999999995
PRODUCER_KERNEL_V1 stage=0 raw_iteration=4294967295 ordinal=4 kernel=owner_gas_source threads=504666 begin_tick=1965362853789416 end_tick=1965362853830000 ms_per_tick=9.9999999999999995e-07 device_ms=0.040583999999999995
PRODUCER_KERNEL_V1 stage=0 raw_iteration=4294967295 ordinal=5 kernel=evaluate_resident_transport threads=504666 begin_tick=1965362853811791 end_tick=1965362854274916 ms_per_tick=9.9999999999999995e-07 device_ms=0.46312499999999995
PRODUCER_KERNEL_V1 stage=0 raw_iteration=4294967295 ordinal=6 kernel=identify_resident_transport threads=1 begin_tick=1965362854275291 end_tick=1965362854278166 ms_per_tick=9.9999999999999995e-07 device_ms=0.002875
PRODUCER_KERNEL_V1 stage=0 raw_iteration=4294967295 ordinal=7 kernel=owner_bind_transport threads=1 begin_tick=1965362854278583 end_tick=1965362854282000 ms_per_tick=9.9999999999999995e-07 device_ms=0.0034169999999999999
PRODUCER_KERNEL_V1 stage=0 raw_iteration=4294967295 ordinal=8 kernel=identify_resident_owner_endpoint_class threads=1 begin_tick=1965362854282416 end_tick=1965362854285875 ms_per_tick=9.9999999999999995e-07 device_ms=0.0034589999999999998
PRODUCER_KERNEL_V1 stage=0 raw_iteration=4294967295 ordinal=9 kernel=evaluate_resident_physical_flux threads=1533387 begin_tick=1965362855398000 end_tick=1965362856584708 ms_per_tick=9.9999999999999995e-07 device_ms=1.1867079999999999
PRODUCER_KERNEL_V1 stage=0 raw_iteration=4294967295 ordinal=10 kernel=evaluate_resident_advective_pair threads=13800483 begin_tick=1965362856897625 end_tick=1965362864835791 ms_per_tick=9.9999999999999995e-07 device_ms=7.9381659999999998
PRODUCER_KERNEL_V1 stage=0 raw_iteration=4294967295 ordinal=11 kernel=finalize_resident_advective_high threads=13800483 begin_tick=1965362864836625 end_tick=1965362865257416 ms_per_tick=9.9999999999999995e-07 device_ms=0.42079099999999997
PRODUCER_KERNEL_V1 stage=0 raw_iteration=4294967295 ordinal=12 kernel=compose_resident_flux_pair threads=13800483 begin_tick=1965362865257833 end_tick=1965362866147666 ms_per_tick=9.9999999999999995e-07 device_ms=0.88983299999999999
PRODUCER_KERNEL_V1 stage=0 raw_iteration=4294967295 ordinal=13 kernel=validate_resident_physical_flux threads=13800483 begin_tick=1965362866148208 end_tick=1965362867119666 ms_per_tick=9.9999999999999995e-07 device_ms=0.97145799999999993
PRODUCER_KERNEL_V1 stage=0 raw_iteration=4294967295 ordinal=14 kernel=identify_resident_physical_flux threads=32 begin_tick=1965362867120333 end_tick=1965362867126541 ms_per_tick=9.9999999999999995e-07 device_ms=0.006208
PRODUCER_KERNEL_V1 stage=0 raw_iteration=4294967295 ordinal=15 kernel=fct_build_ratios threads=5551326 begin_tick=1965362867127083 end_tick=1965362870721375 ms_per_tick=9.9999999999999995e-07 device_ms=3.5942919999999998
PRODUCER_KERNEL_V1 stage=0 raw_iteration=4294967295 ordinal=16 kernel=fct_build_face_alpha threads=1533387 begin_tick=1965362870722166 end_tick=1965362870986625 ms_per_tick=9.9999999999999995e-07 device_ms=0.264459
PRODUCER_KERNEL_V1 stage=0 raw_iteration=4294967295 ordinal=17 kernel=fct_commit_scalar threads=504666 begin_tick=1965362870987208 end_tick=1965362871175875 ms_per_tick=9.9999999999999995e-07 device_ms=0.188667
PRODUCER_KERNEL_V1 stage=0 raw_iteration=4294967295 ordinal=18 kernel=owner_bind_candidate threads=1 begin_tick=1965362871176416 end_tick=1965362871180500 ms_per_tick=9.9999999999999995e-07 device_ms=0.004084
PRODUCER_KERNEL_V1 stage=0 raw_iteration=4294967295 ordinal=19 kernel=finalize_resident_eos_candidate threads=1 begin_tick=1965362871180958 end_tick=1965362871183458 ms_per_tick=9.9999999999999995e-07 device_ms=0.0025000000000000001
PRODUCER_KERNEL_V1 stage=0 raw_iteration=4294967295 ordinal=20 kernel=evaluate_resident_eos_candidate threads=504666 begin_tick=1965362871183833 end_tick=1965363431703583 ms_per_tick=9.9999999999999995e-07 device_ms=560.51974999999993
PRODUCER_KERNEL_V1 stage=0 raw_iteration=4294967295 ordinal=21 kernel=finalize_resident_eos_candidate threads=1 begin_tick=1965363431717833 end_tick=1965363431720458 ms_per_tick=9.9999999999999995e-07 device_ms=0.0026249999999999997
PRODUCER_KERNEL_V1 stage=0 raw_iteration=4294967295 ordinal=22 kernel=identify_resident_eos threads=1 begin_tick=1965363431720791 end_tick=1965363431723583 ms_per_tick=9.9999999999999995e-07 device_ms=0.0027919999999999998
PRODUCER_KERNEL_V1 stage=0 raw_iteration=4294967295 ordinal=23 kernel=produce_resident_frozen_source threads=504666 begin_tick=1965363431724041 end_tick=1965363431754333 ms_per_tick=9.9999999999999995e-07 device_ms=0.030291999999999999
PRODUCER_KERNEL_V1 stage=0 raw_iteration=4294967295 ordinal=24 kernel=identify_resident_frozen_source threads=1 begin_tick=1965363431754750 end_tick=1965363431757500 ms_per_tick=9.9999999999999995e-07 device_ms=0.0027499999999999998
PRODUCER_KERNEL_V1 stage=0 raw_iteration=4294967295 ordinal=25 kernel=evaluate_resident_target_terms threads=504666 begin_tick=1965363431757916 end_tick=1965363544991708 ms_per_tick=9.9999999999999995e-07 device_ms=113.23379199999999
PRODUCER_KERNEL_V1 stage=0 raw_iteration=4294967295 ordinal=26 kernel=finalize_resident_target threads=1 begin_tick=1965363545008625 end_tick=1965363545011833 ms_per_tick=9.9999999999999995e-07 device_ms=0.0032079999999999999
PRODUCER_KERNEL_V1 stage=0 raw_iteration=4294967295 ordinal=27 kernel=identify_resident_target threads=1 begin_tick=1965363545012125 end_tick=1965363545014916 ms_per_tick=9.9999999999999995e-07 device_ms=0.0027910000000000001
PRODUCER_KERNEL_V1 stage=0 raw_iteration=4294967295 ordinal=28 kernel=issue_resident_projection_consumer threads=1 begin_tick=1965363545015333 end_tick=1965363545019833 ms_per_tick=9.9999999999999995e-07 device_ms=0.0044999999999999997
PRODUCER_KERNEL_V1 stage=0 raw_iteration=4294967295 ordinal=29 kernel=consume_resident_target threads=1 begin_tick=1965363545020125 end_tick=1965363545024333 ms_per_tick=9.9999999999999995e-07 device_ms=0.0042079999999999999
PRODUCER_KERNEL_V1 stage=0 raw_iteration=4294967295 ordinal=30 kernel=owner_compose_target threads=504666 begin_tick=1965363545024750 end_tick=1965363545053916 ms_per_tick=9.9999999999999995e-07 device_ms=0.029165999999999997
PRODUCER_KERNEL_V1 stage=0 raw_iteration=4294967295 ordinal=31 kernel=finalize_resident_target threads=1 begin_tick=1965363545054208 end_tick=1965363545056666 ms_per_tick=9.9999999999999995e-07 device_ms=0.0024579999999999997
PRODUCER_KERNEL_V1 stage=0 raw_iteration=4294967295 ordinal=32 kernel=owner_identify_target threads=1 begin_tick=1965363545057041 end_tick=1965363545060166 ms_per_tick=9.9999999999999995e-07 device_ms=0.0031249999999999997
PRODUCER_KERNEL_V1 stage=0 raw_iteration=4294967295 ordinal=33 kernel=issue_resident_projection_consumer threads=1 begin_tick=1965363545060541 end_tick=1965363545063458 ms_per_tick=9.9999999999999995e-07 device_ms=0.0029169999999999999
PRODUCER_KERNEL_V1 stage=0 raw_iteration=4294967295 ordinal=34 kernel=consume_resident_target threads=1 begin_tick=1965363545063875 end_tick=1965363545067000 ms_per_tick=9.9999999999999995e-07 device_ms=0.0031249999999999997
PRODUCER_KERNEL_V1 stage=0 raw_iteration=4294967295 ordinal=35 kernel=owner_issue_stage_seal threads=1 begin_tick=1965363545067375 end_tick=1965363545070291 ms_per_tick=9.9999999999999995e-07 device_ms=0.0029159999999999998
PRODUCER_KERNEL_V1 stage=0 raw_iteration=4294967295 ordinal=36 kernel=fct_compatible_stage_rate threads=1533387 begin_tick=1965363545070833 end_tick=1965363545570416 ms_per_tick=9.9999999999999995e-07 device_ms=0.499583
PRODUCER_KERNEL_V1 stage=0 raw_iteration=4294967295 ordinal=37 kernel=owner_predict_momentum threads=1533387 begin_tick=1965363545570833 end_tick=1965363545620250 ms_per_tick=9.9999999999999995e-07 device_ms=0.049416999999999996
RISE_FIRE_OWNER_PROFILE_V1 {"scope":6,"parent":3,"phase":"BuildStageProducerGroup","stage":0,"raw_iteration":4294967295,"iteration_kind":"bootstrap","wall_ms":774.995334000,"device_sum_ms":691.968250088,"wall_minus_device_ms":83.027083912,"exclusive_wall_ms":774.995334000,"exclusive_device_sum_ms":691.968250088,"child_observer_wall_ms":0.000000000,"count_scope":"inclusive","owner_commits":1,"projection_invocations":0}
RISE_FIRE_OWNER_PROFILE_V1 {"scope":9,"parent":8,"phase":"ProjectionAdapter","stage":0,"raw_iteration":0,"iteration_kind":"picard","wall_ms":13.062000000,"device_sum_ms":9.786666604,"wall_minus_device_ms":3.275333396,"exclusive_wall_ms":13.062000000,"exclusive_device_sum_ms":9.786666604,"child_observer_wall_ms":0.000000000,"count_scope":"inclusive","owner_commits":0,"projection_invocations":1}
RISE_FIRE_OWNER_PROFILE_V1 {"scope":8,"parent":7,"phase":"Project","stage":0,"raw_iteration":0,"iteration_kind":"picard","wall_ms":13.684708000,"device_sum_ms":9.829041781,"wall_minus_device_ms":3.855666219,"exclusive_wall_ms":0.615416000,"exclusive_device_sum_ms":0.042375177,"child_observer_wall_ms":0.007292000,"count_scope":"inclusive","owner_commits":2,"projection_invocations":1}
RISE_FIRE_OWNER_PROFILE_V1 {"scope":10,"parent":7,"phase":"ReadOpenClass","stage":0,"raw_iteration":0,"iteration_kind":"picard","wall_ms":0.173458000,"device_sum_ms":0.002458459,"wall_minus_device_ms":0.170999541,"exclusive_wall_ms":0.173458000,"exclusive_device_sum_ms":0.002458459,"child_observer_wall_ms":0.000000000,"count_scope":"inclusive","owner_commits":1,"projection_invocations":0}
RISE_FIRE_OWNER_PROFILE_V1 {"scope":11,"parent":7,"phase":"ReadOpenClass","stage":0,"raw_iteration":0,"iteration_kind":"picard","wall_ms":0.152292000,"device_sum_ms":0.002624933,"wall_minus_device_ms":0.149667067,"exclusive_wall_ms":0.152292000,"exclusive_device_sum_ms":0.002624933,"child_observer_wall_ms":0.000000000,"count_scope":"inclusive","owner_commits":1,"projection_invocations":0}
PRODUCER_COMMAND_V1 stage=0 raw_iteration=0 cpu_begin=1965363559983583 cpu_end=1965364323161958 gpu_begin=1965363559983583 gpu_end=1965364323161958 device_ms=682.35604162327945 encoders=38 interval_scope=possibly_overlapping
PRODUCER_KERNEL_V1 stage=0 raw_iteration=0 ordinal=0 kernel=owner_pack_faces threads=1533387 begin_tick=1965363640692916 end_tick=1965363640747500 ms_per_tick=9.9999999999999995e-07 device_ms=0.054584000000000001
PRODUCER_KERNEL_V1 stage=0 raw_iteration=0 ordinal=1 kernel=owner_pack_faces threads=1533387 begin_tick=1965363640747291 end_tick=1965363641185875 ms_per_tick=9.9999999999999995e-07 device_ms=0.43858399999999997
PRODUCER_KERNEL_V1 stage=0 raw_iteration=0 ordinal=2 kernel=owner_pack_faces threads=1533387 begin_tick=1965363640692458 end_tick=1965363640747291 ms_per_tick=9.9999999999999995e-07 device_ms=0.054833
PRODUCER_KERNEL_V1 stage=0 raw_iteration=0 ordinal=3 kernel=fct_extract_gas_density threads=504666 begin_tick=1965363641185916 end_tick=1965363641210416 ms_per_tick=9.9999999999999995e-07 device_ms=0.024499999999999997
PRODUCER_KERNEL_V1 stage=0 raw_iteration=0 ordinal=4 kernel=owner_gas_source threads=504666 begin_tick=1965363641210416 end_tick=1965363641252916 ms_per_tick=9.9999999999999995e-07 device_ms=0.042499999999999996
PRODUCER_KERNEL_V1 stage=0 raw_iteration=0 ordinal=5 kernel=evaluate_resident_transport threads=504666 begin_tick=1965363640747916 end_tick=1965363641263000 ms_per_tick=9.9999999999999995e-07 device_ms=0.51508399999999999
PRODUCER_KERNEL_V1 stage=0 raw_iteration=0 ordinal=6 kernel=identify_resident_transport threads=1 begin_tick=1965363641263458 end_tick=1965363641266416 ms_per_tick=9.9999999999999995e-07 device_ms=0.0029579999999999997
PRODUCER_KERNEL_V1 stage=0 raw_iteration=0 ordinal=7 kernel=owner_bind_transport threads=1 begin_tick=1965363641267000 end_tick=1965363641270291 ms_per_tick=9.9999999999999995e-07 device_ms=0.0032909999999999997
PRODUCER_KERNEL_V1 stage=0 raw_iteration=0 ordinal=8 kernel=identify_resident_owner_endpoint_class threads=1 begin_tick=1965363641270708 end_tick=1965363641274083 ms_per_tick=9.9999999999999995e-07 device_ms=0.003375
PRODUCER_KERNEL_V1 stage=0 raw_iteration=0 ordinal=9 kernel=evaluate_resident_physical_flux threads=1533387 begin_tick=1965363642294125 end_tick=1965363643407375 ms_per_tick=9.9999999999999995e-07 device_ms=1.1132499999999999
PRODUCER_KERNEL_V1 stage=0 raw_iteration=0 ordinal=10 kernel=evaluate_resident_advective_pair threads=13800483 begin_tick=1965363643826166 end_tick=1965363650899583 ms_per_tick=9.9999999999999995e-07 device_ms=7.0734170000000001
PRODUCER_KERNEL_V1 stage=0 raw_iteration=0 ordinal=11 kernel=finalize_resident_advective_high threads=13800483 begin_tick=1965363650900250 end_tick=1965363651320416 ms_per_tick=9.9999999999999995e-07 device_ms=0.42016599999999998
PRODUCER_KERNEL_V1 stage=0 raw_iteration=0 ordinal=12 kernel=compose_resident_flux_pair threads=13800483 begin_tick=1965363651320833 end_tick=1965363652216250 ms_per_tick=9.9999999999999995e-07 device_ms=0.89541699999999991
PRODUCER_KERNEL_V1 stage=0 raw_iteration=0 ordinal=13 kernel=validate_resident_physical_flux threads=13800483 begin_tick=1965363652216625 end_tick=1965363653184791 ms_per_tick=9.9999999999999995e-07 device_ms=0.96816599999999997
PRODUCER_KERNEL_V1 stage=0 raw_iteration=0 ordinal=14 kernel=identify_resident_physical_flux threads=32 begin_tick=1965363653185625 end_tick=1965363653191375 ms_per_tick=9.9999999999999995e-07 device_ms=0.0057499999999999999
PRODUCER_KERNEL_V1 stage=0 raw_iteration=0 ordinal=15 kernel=fct_build_ratios threads=5551326 begin_tick=1965363653191916 end_tick=1965363656791000 ms_per_tick=9.9999999999999995e-07 device_ms=3.5990839999999999
PRODUCER_KERNEL_V1 stage=0 raw_iteration=0 ordinal=16 kernel=fct_build_face_alpha threads=1533387 begin_tick=1965363656791708 end_tick=1965363657055875 ms_per_tick=9.9999999999999995e-07 device_ms=0.26416699999999999
PRODUCER_KERNEL_V1 stage=0 raw_iteration=0 ordinal=17 kernel=fct_commit_scalar threads=504666 begin_tick=1965363657056458 end_tick=1965363657682333 ms_per_tick=9.9999999999999995e-07 device_ms=0.62587499999999996
PRODUCER_KERNEL_V1 stage=0 raw_iteration=0 ordinal=18 kernel=owner_bind_candidate threads=1 begin_tick=1965363657682916 end_tick=1965363657687041 ms_per_tick=9.9999999999999995e-07 device_ms=0.0041250000000000002
PRODUCER_KERNEL_V1 stage=0 raw_iteration=0 ordinal=19 kernel=finalize_resident_eos_candidate threads=1 begin_tick=1965363657687541 end_tick=1965363657689833 ms_per_tick=9.9999999999999995e-07 device_ms=0.0022919999999999998
PRODUCER_KERNEL_V1 stage=0 raw_iteration=0 ordinal=20 kernel=evaluate_resident_eos_candidate threads=504666 begin_tick=1965363657690458 end_tick=1965364209035750 ms_per_tick=9.9999999999999995e-07 device_ms=551.34529199999997
PRODUCER_KERNEL_V1 stage=0 raw_iteration=0 ordinal=21 kernel=finalize_resident_eos_candidate threads=1 begin_tick=1965364209050833 end_tick=1965364209053500 ms_per_tick=9.9999999999999995e-07 device_ms=0.0026669999999999997
PRODUCER_KERNEL_V1 stage=0 raw_iteration=0 ordinal=22 kernel=identify_resident_eos threads=1 begin_tick=1965364209053833 end_tick=1965364209056500 ms_per_tick=9.9999999999999995e-07 device_ms=0.0026669999999999997
PRODUCER_KERNEL_V1 stage=0 raw_iteration=0 ordinal=23 kernel=produce_resident_frozen_source threads=504666 begin_tick=1965364209057250 end_tick=1965364209087750 ms_per_tick=9.9999999999999995e-07 device_ms=0.030499999999999999
PRODUCER_KERNEL_V1 stage=0 raw_iteration=0 ordinal=24 kernel=identify_resident_frozen_source threads=1 begin_tick=1965364209088166 end_tick=1965364209090875 ms_per_tick=9.9999999999999995e-07 device_ms=0.002709
PRODUCER_KERNEL_V1 stage=0 raw_iteration=0 ordinal=25 kernel=evaluate_resident_target_terms threads=504666 begin_tick=1965364209091291 end_tick=1965364322364125 ms_per_tick=9.9999999999999995e-07 device_ms=113.27283399999999
PRODUCER_KERNEL_V1 stage=0 raw_iteration=0 ordinal=26 kernel=finalize_resident_target threads=1 begin_tick=1965364322379708 end_tick=1965364322382916 ms_per_tick=9.9999999999999995e-07 device_ms=0.0032079999999999999
PRODUCER_KERNEL_V1 stage=0 raw_iteration=0 ordinal=27 kernel=identify_resident_target threads=1 begin_tick=1965364322383208 end_tick=1965364322385916 ms_per_tick=9.9999999999999995e-07 device_ms=0.0027079999999999999
PRODUCER_KERNEL_V1 stage=0 raw_iteration=0 ordinal=28 kernel=issue_resident_projection_consumer threads=1 begin_tick=1965364322386333 end_tick=1965364322390333 ms_per_tick=9.9999999999999995e-07 device_ms=0.0040000000000000001
PRODUCER_KERNEL_V1 stage=0 raw_iteration=0 ordinal=29 kernel=consume_resident_target threads=1 begin_tick=1965364322390750 end_tick=1965364322394875 ms_per_tick=9.9999999999999995e-07 device_ms=0.0041250000000000002
PRODUCER_KERNEL_V1 stage=0 raw_iteration=0 ordinal=30 kernel=owner_compose_target threads=504666 begin_tick=1965364322395291 end_tick=1965364322474416 ms_per_tick=9.9999999999999995e-07 device_ms=0.079125000000000001
PRODUCER_KERNEL_V1 stage=0 raw_iteration=0 ordinal=31 kernel=finalize_resident_target threads=1 begin_tick=1965364322474708 end_tick=1965364322476958 ms_per_tick=9.9999999999999995e-07 device_ms=0.0022499999999999998
PRODUCER_KERNEL_V1 stage=0 raw_iteration=0 ordinal=32 kernel=owner_identify_target threads=1 begin_tick=1965364322477333 end_tick=1965364322480708 ms_per_tick=9.9999999999999995e-07 device_ms=0.003375
PRODUCER_KERNEL_V1 stage=0 raw_iteration=0 ordinal=33 kernel=issue_resident_projection_consumer threads=1 begin_tick=1965364322481083 end_tick=1965364322483916 ms_per_tick=9.9999999999999995e-07 device_ms=0.002833
PRODUCER_KERNEL_V1 stage=0 raw_iteration=0 ordinal=34 kernel=consume_resident_target threads=1 begin_tick=1965364322484333 end_tick=1965364322487791 ms_per_tick=9.9999999999999995e-07 device_ms=0.0034579999999999997
PRODUCER_KERNEL_V1 stage=0 raw_iteration=0 ordinal=35 kernel=owner_issue_stage_seal threads=1 begin_tick=1965364322488208 end_tick=1965364322491000 ms_per_tick=9.9999999999999995e-07 device_ms=0.0027919999999999998
PRODUCER_KERNEL_V1 stage=0 raw_iteration=0 ordinal=36 kernel=fct_compatible_stage_rate threads=1533387 begin_tick=1965364322491541 end_tick=1965364322992375 ms_per_tick=9.9999999999999995e-07 device_ms=0.500834
PRODUCER_KERNEL_V1 stage=0 raw_iteration=0 ordinal=37 kernel=owner_predict_momentum threads=1533387 begin_tick=1965364322992791 end_tick=1965364323042500 ms_per_tick=9.9999999999999995e-07 device_ms=0.049708999999999996
RISE_FIRE_OWNER_PROFILE_V1 {"scope":12,"parent":7,"phase":"BuildStageProducerGroup","stage":0,"raw_iteration":0,"iteration_kind":"picard","wall_ms":763.326792000,"device_sum_ms":682.356041623,"wall_minus_device_ms":80.970750377,"exclusive_wall_ms":763.326792000,"exclusive_device_sum_ms":682.356041623,"child_observer_wall_ms":0.000000000,"count_scope":"inclusive","owner_commits":1,"projection_invocations":0}
RISE_FIRE_OWNER_PROFILE_V1 {"scope":13,"parent":7,"phase":"Residual","stage":0,"raw_iteration":0,"iteration_kind":"picard","wall_ms":0.234667000,"device_sum_ms":0.021499814,"wall_minus_device_ms":0.213167186,"exclusive_wall_ms":0.234667000,"exclusive_device_sum_ms":0.021499814,"child_observer_wall_ms":0.000000000,"count_scope":"inclusive","owner_commits":1,"projection_invocations":0}
RISE_FIRE_OWNER_PROFILE_V1 {"scope":7,"parent":3,"phase":"PicardIteration","stage":0,"raw_iteration":0,"iteration_kind":"picard","wall_ms":778.404500000,"device_sum_ms":692.211666610,"wall_minus_device_ms":86.192833390,"exclusive_wall_ms":0.791249000,"exclusive_device_sum_ms":0.000000000,"child_observer_wall_ms":0.041334000,"count_scope":"inclusive","owner_commits":6,"projection_invocations":1}
RISE_FIRE_OWNER_PROFILE_V1 {"scope":16,"parent":15,"phase":"ProjectionAdapter","stage":0,"raw_iteration":1,"iteration_kind":"picard","wall_ms":12.101708000,"device_sum_ms":9.282374755,"wall_minus_device_ms":2.819333245,"exclusive_wall_ms":12.101708000,"exclusive_device_sum_ms":9.282374755,"child_observer_wall_ms":0.000000000,"count_scope":"inclusive","owner_commits":0,"projection_invocations":1}
RISE_FIRE_OWNER_PROFILE_V1 {"scope":15,"parent":14,"phase":"Project","stage":0,"raw_iteration":1,"iteration_kind":"picard","wall_ms":13.320083000,"device_sum_ms":9.329499910,"wall_minus_device_ms":3.990583090,"exclusive_wall_ms":1.212166000,"exclusive_device_sum_ms":0.047125155,"child_observer_wall_ms":0.006209000,"count_scope":"inclusive","owner_commits":2,"projection_invocations":1}
RISE_FIRE_OWNER_PROFILE_V1 {"scope":17,"parent":14,"phase":"ReadOpenClass","stage":0,"raw_iteration":1,"iteration_kind":"picard","wall_ms":0.158041000,"device_sum_ms":0.002374873,"wall_minus_device_ms":0.155666127,"exclusive_wall_ms":0.158041000,"exclusive_device_sum_ms":0.002374873,"child_observer_wall_ms":0.000000000,"count_scope":"inclusive","owner_commits":1,"projection_invocations":0}
RISE_FIRE_OWNER_PROFILE_V1 {"scope":18,"parent":14,"phase":"ReadOpenClass","stage":0,"raw_iteration":1,"iteration_kind":"picard","wall_ms":0.157375000,"device_sum_ms":0.002458459,"wall_minus_device_ms":0.154916541,"exclusive_wall_ms":0.157375000,"exclusive_device_sum_ms":0.002458459,"child_observer_wall_ms":0.000000000,"count_scope":"inclusive","owner_commits":1,"projection_invocations":0}
PRODUCER_COMMAND_V1 stage=0 raw_iteration=1 cpu_begin=1965364338007541 cpu_end=1965365111000666 gpu_begin=1965364338007541 gpu_end=1965365111000666 device_ms=691.38887501321733 encoders=38 interval_scope=possibly_overlapping
PRODUCER_KERNEL_V1 stage=0 raw_iteration=1 ordinal=0 kernel=owner_pack_faces threads=1533387 begin_tick=1965364419481250 end_tick=1965364419535708 ms_per_tick=9.9999999999999995e-07 device_ms=0.054457999999999999
PRODUCER_KERNEL_V1 stage=0 raw_iteration=1 ordinal=1 kernel=owner_pack_faces threads=1533387 begin_tick=1965364419535458 end_tick=1965364419834208 ms_per_tick=9.9999999999999995e-07 device_ms=0.29874999999999996
PRODUCER_KERNEL_V1 stage=0 raw_iteration=1 ordinal=2 kernel=owner_pack_faces threads=1533387 begin_tick=1965364419479125 end_tick=1965364419535458 ms_per_tick=9.9999999999999995e-07 device_ms=0.056332999999999994
PRODUCER_KERNEL_V1 stage=0 raw_iteration=1 ordinal=3 kernel=fct_extract_gas_density threads=504666 begin_tick=1965364419536166 end_tick=1965364419580916 ms_per_tick=9.9999999999999995e-07 device_ms=0.044749999999999998
PRODUCER_KERNEL_V1 stage=0 raw_iteration=1 ordinal=4 kernel=owner_gas_source threads=504666 begin_tick=1965364419834625 end_tick=1965364420032125 ms_per_tick=9.9999999999999995e-07 device_ms=0.19749999999999998
PRODUCER_KERNEL_V1 stage=0 raw_iteration=1 ordinal=5 kernel=evaluate_resident_transport threads=504666 begin_tick=1965364419580916 end_tick=1965364420043333 ms_per_tick=9.9999999999999995e-07 device_ms=0.46241699999999997
PRODUCER_KERNEL_V1 stage=0 raw_iteration=1 ordinal=6 kernel=identify_resident_transport threads=1 begin_tick=1965364420043791 end_tick=1965364420046916 ms_per_tick=9.9999999999999995e-07 device_ms=0.0031249999999999997
PRODUCER_KERNEL_V1 stage=0 raw_iteration=1 ordinal=7 kernel=owner_bind_transport threads=1 begin_tick=1965364420047500 end_tick=1965364420050833 ms_per_tick=9.9999999999999995e-07 device_ms=0.003333
PRODUCER_KERNEL_V1 stage=0 raw_iteration=1 ordinal=8 kernel=identify_resident_owner_endpoint_class threads=1 begin_tick=1965364420051208 end_tick=1965364420054625 ms_per_tick=9.9999999999999995e-07 device_ms=0.0034169999999999999
PRODUCER_KERNEL_V1 stage=0 raw_iteration=1 ordinal=9 kernel=evaluate_resident_physical_flux threads=1533387 begin_tick=1965364421101625 end_tick=1965364422217541 ms_per_tick=9.9999999999999995e-07 device_ms=1.1159159999999999
PRODUCER_KERNEL_V1 stage=0 raw_iteration=1 ordinal=10 kernel=evaluate_resident_advective_pair threads=13800483 begin_tick=1965364422633625 end_tick=1965364430145416 ms_per_tick=9.9999999999999995e-07 device_ms=7.5117909999999997
PRODUCER_KERNEL_V1 stage=0 raw_iteration=1 ordinal=11 kernel=finalize_resident_advective_high threads=13800483 begin_tick=1965364430146125 end_tick=1965364430565291 ms_per_tick=9.9999999999999995e-07 device_ms=0.41916599999999998
PRODUCER_KERNEL_V1 stage=0 raw_iteration=1 ordinal=12 kernel=compose_resident_flux_pair threads=13800483 begin_tick=1965364430565708 end_tick=1965364431455250 ms_per_tick=9.9999999999999995e-07 device_ms=0.88954199999999994
PRODUCER_KERNEL_V1 stage=0 raw_iteration=1 ordinal=13 kernel=validate_resident_physical_flux threads=13800483 begin_tick=1965364431455958 end_tick=1965364432418583 ms_per_tick=9.9999999999999995e-07 device_ms=0.96262499999999995
PRODUCER_KERNEL_V1 stage=0 raw_iteration=1 ordinal=14 kernel=identify_resident_physical_flux threads=32 begin_tick=1965364432419125 end_tick=1965364432425375 ms_per_tick=9.9999999999999995e-07 device_ms=0.0062499999999999995
PRODUCER_KERNEL_V1 stage=0 raw_iteration=1 ordinal=15 kernel=fct_build_ratios threads=5551326 begin_tick=1965364432425958 end_tick=1965364436031333 ms_per_tick=9.9999999999999995e-07 device_ms=3.605375
PRODUCER_KERNEL_V1 stage=0 raw_iteration=1 ordinal=16 kernel=fct_build_face_alpha threads=1533387 begin_tick=1965364436032083 end_tick=1965364436296541 ms_per_tick=9.9999999999999995e-07 device_ms=0.26445799999999997
PRODUCER_KERNEL_V1 stage=0 raw_iteration=1 ordinal=17 kernel=fct_commit_scalar threads=504666 begin_tick=1965364436297208 end_tick=1965364436485541 ms_per_tick=9.9999999999999995e-07 device_ms=0.188333
PRODUCER_KERNEL_V1 stage=0 raw_iteration=1 ordinal=18 kernel=owner_bind_candidate threads=1 begin_tick=1965364436486083 end_tick=1965364436492500 ms_per_tick=9.9999999999999995e-07 device_ms=0.006417
PRODUCER_KERNEL_V1 stage=0 raw_iteration=1 ordinal=19 kernel=finalize_resident_eos_candidate threads=1 begin_tick=1965364436493000 end_tick=1965364436495375 ms_per_tick=9.9999999999999995e-07 device_ms=0.0023749999999999999
PRODUCER_KERNEL_V1 stage=0 raw_iteration=1 ordinal=20 kernel=evaluate_resident_eos_candidate threads=504666 begin_tick=1965364436495833 end_tick=1965364996876416 ms_per_tick=9.9999999999999995e-07 device_ms=560.380583
PRODUCER_KERNEL_V1 stage=0 raw_iteration=1 ordinal=21 kernel=finalize_resident_eos_candidate threads=1 begin_tick=1965364996891750 end_tick=1965364996900166 ms_per_tick=9.9999999999999995e-07 device_ms=0.0084159999999999999
PRODUCER_KERNEL_V1 stage=0 raw_iteration=1 ordinal=22 kernel=identify_resident_eos threads=1 begin_tick=1965364996900583 end_tick=1965364996903375 ms_per_tick=9.9999999999999995e-07 device_ms=0.0027919999999999998
PRODUCER_KERNEL_V1 stage=0 raw_iteration=1 ordinal=23 kernel=produce_resident_frozen_source threads=504666 begin_tick=1965364996903791 end_tick=1965364996934833 ms_per_tick=9.9999999999999995e-07 device_ms=0.031042
PRODUCER_KERNEL_V1 stage=0 raw_iteration=1 ordinal=24 kernel=identify_resident_frozen_source threads=1 begin_tick=1965364996935250 end_tick=1965364996937875 ms_per_tick=9.9999999999999995e-07 device_ms=0.0026249999999999997
PRODUCER_KERNEL_V1 stage=0 raw_iteration=1 ordinal=25 kernel=evaluate_resident_target_terms threads=504666 begin_tick=1965364996938291 end_tick=1965365110182791 ms_per_tick=9.9999999999999995e-07 device_ms=113.24449999999999
PRODUCER_KERNEL_V1 stage=0 raw_iteration=1 ordinal=26 kernel=finalize_resident_target threads=1 begin_tick=1965365110198833 end_tick=1965365110202083 ms_per_tick=9.9999999999999995e-07 device_ms=0.0032499999999999999
PRODUCER_KERNEL_V1 stage=0 raw_iteration=1 ordinal=27 kernel=identify_resident_target threads=1 begin_tick=1965365110202500 end_tick=1965365110205208 ms_per_tick=9.9999999999999995e-07 device_ms=0.0027079999999999999
PRODUCER_KERNEL_V1 stage=0 raw_iteration=1 ordinal=28 kernel=issue_resident_projection_consumer threads=1 begin_tick=1965365110205583 end_tick=1965365110209916 ms_per_tick=9.9999999999999995e-07 device_ms=0.004333
PRODUCER_KERNEL_V1 stage=0 raw_iteration=1 ordinal=29 kernel=consume_resident_target threads=1 begin_tick=1965365110210333 end_tick=1965365110214375 ms_per_tick=9.9999999999999995e-07 device_ms=0.0040419999999999996
PRODUCER_KERNEL_V1 stage=0 raw_iteration=1 ordinal=30 kernel=owner_compose_target threads=504666 begin_tick=1965365110214791 end_tick=1965365110293750 ms_per_tick=9.9999999999999995e-07 device_ms=0.078959000000000001
PRODUCER_KERNEL_V1 stage=0 raw_iteration=1 ordinal=31 kernel=finalize_resident_target threads=1 begin_tick=1965365110294041 end_tick=1965365110296583 ms_per_tick=9.9999999999999995e-07 device_ms=0.002542
PRODUCER_KERNEL_V1 stage=0 raw_iteration=1 ordinal=32 kernel=owner_identify_target threads=1 begin_tick=1965365110297000 end_tick=1965365110300000 ms_per_tick=9.9999999999999995e-07 device_ms=0.0030000000000000001
PRODUCER_KERNEL_V1 stage=0 raw_iteration=1 ordinal=33 kernel=issue_resident_projection_consumer threads=1 begin_tick=1965365110300416 end_tick=1965365110303541 ms_per_tick=9.9999999999999995e-07 device_ms=0.0031249999999999997
PRODUCER_KERNEL_V1 stage=0 raw_iteration=1 ordinal=34 kernel=consume_resident_target threads=1 begin_tick=1965365110303916 end_tick=1965365110307041 ms_per_tick=9.9999999999999995e-07 device_ms=0.0031249999999999997
PRODUCER_KERNEL_V1 stage=0 raw_iteration=1 ordinal=35 kernel=owner_issue_stage_seal threads=1 begin_tick=1965365110307416 end_tick=1965365110310333 ms_per_tick=9.9999999999999995e-07 device_ms=0.0029169999999999999
PRODUCER_KERNEL_V1 stage=0 raw_iteration=1 ordinal=36 kernel=fct_compatible_stage_rate threads=1533387 begin_tick=1965365110311000 end_tick=1965365110812583 ms_per_tick=9.9999999999999995e-07 device_ms=0.501583
PRODUCER_KERNEL_V1 stage=0 raw_iteration=1 ordinal=37 kernel=owner_predict_momentum threads=1533387 begin_tick=1965365110813083 end_tick=1965365110862250 ms_per_tick=9.9999999999999995e-07 device_ms=0.049166999999999995
RISE_FIRE_OWNER_PROFILE_V1 {"scope":19,"parent":14,"phase":"BuildStageProducerGroup","stage":0,"raw_iteration":1,"iteration_kind":"picard","wall_ms":773.158208000,"device_sum_ms":691.388875013,"wall_minus_device_ms":81.769332987,"exclusive_wall_ms":773.158208000,"exclusive_device_sum_ms":691.388875013,"child_observer_wall_ms":0.000000000,"count_scope":"inclusive","owner_commits":1,"projection_invocations":0}
RISE_FIRE_OWNER_PROFILE_V1 {"scope":20,"parent":14,"phase":"Residual","stage":0,"raw_iteration":1,"iteration_kind":"picard","wall_ms":0.351000000,"device_sum_ms":0.116375042,"wall_minus_device_ms":0.234624958,"exclusive_wall_ms":0.351000000,"exclusive_device_sum_ms":0.116375042,"child_observer_wall_ms":0.000000000,"count_scope":"inclusive","owner_commits":1,"projection_invocations":0}
RISE_FIRE_OWNER_PROFILE_V1 {"scope":23,"parent":22,"phase":"ProjectionAdapter","stage":0,"raw_iteration":2147483649,"iteration_kind":"terminal","wall_ms":12.709958000,"device_sum_ms":9.815125028,"wall_minus_device_ms":2.894832972,"exclusive_wall_ms":12.709958000,"exclusive_device_sum_ms":9.815125028,"child_observer_wall_ms":0.000000000,"count_scope":"inclusive","owner_commits":0,"projection_invocations":1}
RISE_FIRE_OWNER_PROFILE_V1 {"scope":22,"parent":21,"phase":"Project","stage":0,"raw_iteration":2147483649,"iteration_kind":"terminal","wall_ms":13.337500000,"device_sum_ms":9.853791678,"wall_minus_device_ms":3.483708322,"exclusive_wall_ms":0.621209000,"exclusive_device_sum_ms":0.038666651,"child_observer_wall_ms":0.006333000,"count_scope":"inclusive","owner_commits":2,"projection_invocations":1}
RISE_FIRE_OWNER_PROFILE_V1 {"scope":24,"parent":21,"phase":"ReadOpenClass","stage":0,"raw_iteration":2147483649,"iteration_kind":"terminal","wall_ms":0.169667000,"device_sum_ms":0.002500135,"wall_minus_device_ms":0.167166865,"exclusive_wall_ms":0.169667000,"exclusive_device_sum_ms":0.002500135,"child_observer_wall_ms":0.000000000,"count_scope":"inclusive","owner_commits":1,"projection_invocations":0}
RISE_FIRE_OWNER_PROFILE_V1 {"scope":25,"parent":21,"phase":"ReadOpenClass","stage":0,"raw_iteration":2147483649,"iteration_kind":"terminal","wall_ms":0.161542000,"device_sum_ms":0.002333196,"wall_minus_device_ms":0.159208804,"exclusive_wall_ms":0.161542000,"exclusive_device_sum_ms":0.002333196,"child_observer_wall_ms":0.000000000,"count_scope":"inclusive","owner_commits":1,"projection_invocations":0}
PRODUCER_COMMAND_V1 stage=0 raw_iteration=2147483649 cpu_begin=1965365125227708 cpu_end=1965365887952833 gpu_begin=1965365125227708 gpu_end=1965365887952833 device_ms=681.31350004114211 encoders=38 interval_scope=possibly_overlapping
PRODUCER_KERNEL_V1 stage=0 raw_iteration=2147483649 ordinal=0 kernel=owner_pack_faces threads=1533387 begin_tick=1965365206503375 end_tick=1965365206556875 ms_per_tick=9.9999999999999995e-07 device_ms=0.053499999999999999
PRODUCER_KERNEL_V1 stage=0 raw_iteration=2147483649 ordinal=1 kernel=owner_pack_faces threads=1533387 begin_tick=1965365206556583 end_tick=1965365206905875 ms_per_tick=9.9999999999999995e-07 device_ms=0.34929199999999999
PRODUCER_KERNEL_V1 stage=0 raw_iteration=2147483649 ordinal=2 kernel=owner_pack_faces threads=1533387 begin_tick=1965365206501333 end_tick=1965365206556583 ms_per_tick=9.9999999999999995e-07 device_ms=0.05525
PRODUCER_KERNEL_V1 stage=0 raw_iteration=2147483649 ordinal=3 kernel=fct_extract_gas_density threads=504666 begin_tick=1965365206557291 end_tick=1965365206606750 ms_per_tick=9.9999999999999995e-07 device_ms=0.049458999999999996
PRODUCER_KERNEL_V1 stage=0 raw_iteration=2147483649 ordinal=4 kernel=owner_gas_source threads=504666 begin_tick=1965365206906250 end_tick=1965365207060875 ms_per_tick=9.9999999999999995e-07 device_ms=0.15462499999999998
PRODUCER_KERNEL_V1 stage=0 raw_iteration=2147483649 ordinal=5 kernel=evaluate_resident_transport threads=504666 begin_tick=1965365206606750 end_tick=1965365207070750 ms_per_tick=9.9999999999999995e-07 device_ms=0.46399999999999997
PRODUCER_KERNEL_V1 stage=0 raw_iteration=2147483649 ordinal=6 kernel=identify_resident_transport threads=1 begin_tick=1965365207071208 end_tick=1965365207074208 ms_per_tick=9.9999999999999995e-07 device_ms=0.0030000000000000001
PRODUCER_KERNEL_V1 stage=0 raw_iteration=2147483649 ordinal=7 kernel=owner_bind_transport threads=1 begin_tick=1965365207074750 end_tick=1965365207078333 ms_per_tick=9.9999999999999995e-07 device_ms=0.0035829999999999998
PRODUCER_KERNEL_V1 stage=0 raw_iteration=2147483649 ordinal=8 kernel=identify_resident_owner_endpoint_class threads=1 begin_tick=1965365207078750 end_tick=1965365207082458 ms_per_tick=9.9999999999999995e-07 device_ms=0.0037079999999999999
PRODUCER_KERNEL_V1 stage=0 raw_iteration=2147483649 ordinal=9 kernel=evaluate_resident_physical_flux threads=1533387 begin_tick=1965365208094666 end_tick=1965365209214166 ms_per_tick=9.9999999999999995e-07 device_ms=1.1194999999999999
PRODUCER_KERNEL_V1 stage=0 raw_iteration=2147483649 ordinal=10 kernel=evaluate_resident_advective_pair threads=13800483 begin_tick=1965365209598833 end_tick=1965365216671583 ms_per_tick=9.9999999999999995e-07 device_ms=7.0727500000000001
PRODUCER_KERNEL_V1 stage=0 raw_iteration=2147483649 ordinal=11 kernel=finalize_resident_advective_high threads=13800483 begin_tick=1965365216672416 end_tick=1965365217092416 ms_per_tick=9.9999999999999995e-07 device_ms=0.41999999999999998
PRODUCER_KERNEL_V1 stage=0 raw_iteration=2147483649 ordinal=12 kernel=compose_resident_flux_pair threads=13800483 begin_tick=1965365217092833 end_tick=1965365217987875 ms_per_tick=9.9999999999999995e-07 device_ms=0.895042
PRODUCER_KERNEL_V1 stage=0 raw_iteration=2147483649 ordinal=13 kernel=validate_resident_physical_flux threads=13800483 begin_tick=1965365217988666 end_tick=1965365218940125 ms_per_tick=9.9999999999999995e-07 device_ms=0.95145899999999994
PRODUCER_KERNEL_V1 stage=0 raw_iteration=2147483649 ordinal=14 kernel=identify_resident_physical_flux threads=32 begin_tick=1965365218940875 end_tick=1965365218946625 ms_per_tick=9.9999999999999995e-07 device_ms=0.0057499999999999999
PRODUCER_KERNEL_V1 stage=0 raw_iteration=2147483649 ordinal=15 kernel=fct_build_ratios threads=5551326 begin_tick=1965365218947166 end_tick=1965365222609166 ms_per_tick=9.9999999999999995e-07 device_ms=3.6619999999999999
PRODUCER_KERNEL_V1 stage=0 raw_iteration=2147483649 ordinal=16 kernel=fct_build_face_alpha threads=1533387 begin_tick=1965365222609875 end_tick=1965365222871583 ms_per_tick=9.9999999999999995e-07 device_ms=0.261708
PRODUCER_KERNEL_V1 stage=0 raw_iteration=2147483649 ordinal=17 kernel=fct_commit_scalar threads=504666 begin_tick=1965365222872125 end_tick=1965365223058916 ms_per_tick=9.9999999999999995e-07 device_ms=0.18679099999999998
PRODUCER_KERNEL_V1 stage=0 raw_iteration=2147483649 ordinal=18 kernel=owner_bind_candidate threads=1 begin_tick=1965365223059416 end_tick=1965365223066125 ms_per_tick=9.9999999999999995e-07 device_ms=0.0067089999999999997
PRODUCER_KERNEL_V1 stage=0 raw_iteration=2147483649 ordinal=19 kernel=finalize_resident_eos_candidate threads=1 begin_tick=1965365223067416 end_tick=1965365223069875 ms_per_tick=9.9999999999999995e-07 device_ms=0.0024589999999999998
PRODUCER_KERNEL_V1 stage=0 raw_iteration=2147483649 ordinal=20 kernel=evaluate_resident_eos_candidate threads=504666 begin_tick=1965365223070375 end_tick=1965365773834875 ms_per_tick=9.9999999999999995e-07 device_ms=550.7645
PRODUCER_KERNEL_V1 stage=0 raw_iteration=2147483649 ordinal=21 kernel=finalize_resident_eos_candidate threads=1 begin_tick=1965365773849958 end_tick=1965365773852583 ms_per_tick=9.9999999999999995e-07 device_ms=0.0026249999999999997
PRODUCER_KERNEL_V1 stage=0 raw_iteration=2147483649 ordinal=22 kernel=identify_resident_eos threads=1 begin_tick=1965365773852916 end_tick=1965365773855625 ms_per_tick=9.9999999999999995e-07 device_ms=0.002709
PRODUCER_KERNEL_V1 stage=0 raw_iteration=2147483649 ordinal=23 kernel=produce_resident_frozen_source threads=504666 begin_tick=1965365773856041 end_tick=1965365773886875 ms_per_tick=9.9999999999999995e-07 device_ms=0.030834
PRODUCER_KERNEL_V1 stage=0 raw_iteration=2147483649 ordinal=24 kernel=identify_resident_frozen_source threads=1 begin_tick=1965365773887250 end_tick=1965365773890041 ms_per_tick=9.9999999999999995e-07 device_ms=0.0027910000000000001
PRODUCER_KERNEL_V1 stage=0 raw_iteration=2147483649 ordinal=25 kernel=evaluate_resident_target_terms threads=504666 begin_tick=1965365773890500 end_tick=1965365887133083 ms_per_tick=9.9999999999999995e-07 device_ms=113.242583
PRODUCER_KERNEL_V1 stage=0 raw_iteration=2147483649 ordinal=26 kernel=finalize_resident_target threads=1 begin_tick=1965365887149458 end_tick=1965365887152541 ms_per_tick=9.9999999999999995e-07 device_ms=0.0030829999999999998
PRODUCER_KERNEL_V1 stage=0 raw_iteration=2147483649 ordinal=27 kernel=identify_resident_target threads=1 begin_tick=1965365887152958 end_tick=1965365887155833 ms_per_tick=9.9999999999999995e-07 device_ms=0.002875
PRODUCER_KERNEL_V1 stage=0 raw_iteration=2147483649 ordinal=28 kernel=issue_resident_projection_consumer threads=1 begin_tick=1965365887156208 end_tick=1965365887160416 ms_per_tick=9.9999999999999995e-07 device_ms=0.0042079999999999999
PRODUCER_KERNEL_V1 stage=0 raw_iteration=2147483649 ordinal=29 kernel=consume_resident_target threads=1 begin_tick=1965365887160833 end_tick=1965365887164958 ms_per_tick=9.9999999999999995e-07 device_ms=0.0041250000000000002
PRODUCER_KERNEL_V1 stage=0 raw_iteration=2147483649 ordinal=30 kernel=owner_compose_target threads=504666 begin_tick=1965365887165375 end_tick=1965365887244666 ms_per_tick=9.9999999999999995e-07 device_ms=0.079291
PRODUCER_KERNEL_V1 stage=0 raw_iteration=2147483649 ordinal=31 kernel=finalize_resident_target threads=1 begin_tick=1965365887244958 end_tick=1965365887247375 ms_per_tick=9.9999999999999995e-07 device_ms=0.0024169999999999999
PRODUCER_KERNEL_V1 stage=0 raw_iteration=2147483649 ordinal=32 kernel=owner_identify_target threads=1 begin_tick=1965365887247791 end_tick=1965365887250916 ms_per_tick=9.9999999999999995e-07 device_ms=0.0031249999999999997
PRODUCER_KERNEL_V1 stage=0 raw_iteration=2147483649 ordinal=33 kernel=issue_resident_projection_consumer threads=1 begin_tick=1965365887251291 end_tick=1965365887253916 ms_per_tick=9.9999999999999995e-07 device_ms=0.0026249999999999997
PRODUCER_KERNEL_V1 stage=0 raw_iteration=2147483649 ordinal=34 kernel=consume_resident_target threads=1 begin_tick=1965365887254291 end_tick=1965365887257958 ms_per_tick=9.9999999999999995e-07 device_ms=0.0036669999999999997
PRODUCER_KERNEL_V1 stage=0 raw_iteration=2147483649 ordinal=35 kernel=owner_issue_stage_seal threads=1 begin_tick=1965365887258250 end_tick=1965365887261250 ms_per_tick=9.9999999999999995e-07 device_ms=0.0030000000000000001
PRODUCER_KERNEL_V1 stage=0 raw_iteration=2147483649 ordinal=36 kernel=fct_compatible_stage_rate threads=1533387 begin_tick=1965365887261833 end_tick=1965365887759166 ms_per_tick=9.9999999999999995e-07 device_ms=0.49733299999999997
PRODUCER_KERNEL_V1 stage=0 raw_iteration=2147483649 ordinal=37 kernel=owner_predict_momentum threads=1533387 begin_tick=1965365887759541 end_tick=1965365887809333 ms_per_tick=9.9999999999999995e-07 device_ms=0.049791999999999996
RISE_FIRE_OWNER_PROFILE_V1 {"scope":26,"parent":21,"phase":"BuildStageProducerGroup","stage":0,"raw_iteration":2147483649,"iteration_kind":"terminal","wall_ms":762.980625000,"device_sum_ms":681.313500041,"wall_minus_device_ms":81.667124959,"exclusive_wall_ms":762.980625000,"exclusive_device_sum_ms":681.313500041,"child_observer_wall_ms":0.000000000,"count_scope":"inclusive","owner_commits":1,"projection_invocations":0}
RISE_FIRE_OWNER_PROFILE_V1 {"scope":27,"parent":21,"phase":"AlphaResidual","stage":0,"raw_iteration":2147483649,"iteration_kind":"terminal","wall_ms":0.368833000,"device_sum_ms":0.053666532,"wall_minus_device_ms":0.315166468,"exclusive_wall_ms":0.368833000,"exclusive_device_sum_ms":0.053666532,"child_observer_wall_ms":0.000000000,"count_scope":"inclusive","owner_commits":1,"projection_invocations":0}
RISE_FIRE_OWNER_PROFILE_V1 {"scope":28,"parent":21,"phase":"Residual","stage":0,"raw_iteration":2147483649,"iteration_kind":"terminal","wall_ms":0.409125000,"device_sum_ms":0.113999937,"wall_minus_device_ms":0.295125063,"exclusive_wall_ms":0.409125000,"exclusive_device_sum_ms":0.113999937,"child_observer_wall_ms":0.000000000,"count_scope":"inclusive","owner_commits":1,"projection_invocations":0}
RISE_FIRE_OWNER_PROFILE_V1 {"scope":21,"parent":14,"phase":"TerminalVerification","stage":0,"raw_iteration":2147483649,"iteration_kind":"terminal","wall_ms":777.487625000,"device_sum_ms":691.339791520,"wall_minus_device_ms":86.147833480,"exclusive_wall_ms":0.004583000,"exclusive_device_sum_ms":0.000000000,"child_observer_wall_ms":0.055750000,"count_scope":"inclusive","owner_commits":7,"projection_invocations":1}
RISE_FIRE_OWNER_PROFILE_V1 {"scope":14,"parent":3,"phase":"PicardIteration","stage":0,"raw_iteration":1,"iteration_kind":"picard","wall_ms":1565.846125000,"device_sum_ms":1392.179374816,"wall_minus_device_ms":173.666750184,"exclusive_wall_ms":1.173543000,"exclusive_device_sum_ms":0.000000000,"child_observer_wall_ms":0.040250000,"count_scope":"inclusive","owner_commits":13,"projection_invocations":2}
RISE_FIRE_OWNER_PROFILE_V1 {"scope":3,"parent":1,"phase":"SolveStage","stage":0,"raw_iteration":4294967295,"iteration_kind":"bootstrap","wall_ms":3146.168000000,"device_sum_ms":2792.803749908,"wall_minus_device_ms":353.364250092,"exclusive_wall_ms":4.563916000,"exclusive_device_sum_ms":0.000000000,"child_observer_wall_ms":0.035084000,"count_scope":"inclusive","owner_commits":22,"projection_invocations":4}
RISE_FIRE_OWNER_PROFILE_V1 {"scope":31,"parent":30,"phase":"ProjectionAdapter","stage":1,"raw_iteration":4294967295,"iteration_kind":"bootstrap","wall_ms":14.019167000,"device_sum_ms":9.527791757,"wall_minus_device_ms":4.491375243,"exclusive_wall_ms":14.019167000,"exclusive_device_sum_ms":9.527791757,"child_observer_wall_ms":0.000000000,"count_scope":"inclusive","owner_commits":0,"projection_invocations":1}
RISE_FIRE_OWNER_PROFILE_V1 {"scope":30,"parent":29,"phase":"Project","stage":1,"raw_iteration":4294967295,"iteration_kind":"bootstrap","wall_ms":16.116750000,"device_sum_ms":9.572166950,"wall_minus_device_ms":6.544583050,"exclusive_wall_ms":2.088750000,"exclusive_device_sum_ms":0.044375192,"child_observer_wall_ms":0.008833000,"count_scope":"inclusive","owner_commits":2,"projection_invocations":1}
PRODUCER_COMMAND_V1 stage=1 raw_iteration=4294967295 cpu_begin=1965365910928041 cpu_end=1965366686056125 gpu_begin=1965365910928041 gpu_end=1965366686056125 device_ms=683.42424998991191 encoders=41 interval_scope=possibly_overlapping
PRODUCER_KERNEL_V1 stage=1 raw_iteration=4294967295 ordinal=0 kernel=owner_pack_faces threads=1533387 begin_tick=1965366002491458 end_tick=1965366002548416 ms_per_tick=9.9999999999999995e-07 device_ms=0.056957999999999995
PRODUCER_KERNEL_V1 stage=1 raw_iteration=4294967295 ordinal=1 kernel=owner_pack_faces threads=1533387 begin_tick=1965366002548416 end_tick=1965366002835083 ms_per_tick=9.9999999999999995e-07 device_ms=0.28666700000000001
PRODUCER_KERNEL_V1 stage=1 raw_iteration=4294967295 ordinal=2 kernel=owner_pack_faces threads=1533387 begin_tick=1965366002489416 end_tick=1965366002548625 ms_per_tick=9.9999999999999995e-07 device_ms=0.059208999999999998
PRODUCER_KERNEL_V1 stage=1 raw_iteration=4294967295 ordinal=3 kernel=fct_extract_gas_density threads=504666 begin_tick=1965366002548916 end_tick=1965366002596333 ms_per_tick=9.9999999999999995e-07 device_ms=0.047417000000000001
PRODUCER_KERNEL_V1 stage=1 raw_iteration=4294967295 ordinal=4 kernel=owner_gas_source threads=504666 begin_tick=1965366002835416 end_tick=1965366003044583 ms_per_tick=9.9999999999999995e-07 device_ms=0.20916699999999999
PRODUCER_KERNEL_V1 stage=1 raw_iteration=4294967295 ordinal=5 kernel=evaluate_resident_transport threads=504666 begin_tick=1965366002602583 end_tick=1965366003057833 ms_per_tick=9.9999999999999995e-07 device_ms=0.45524999999999999
PRODUCER_KERNEL_V1 stage=1 raw_iteration=4294967295 ordinal=6 kernel=identify_resident_transport threads=1 begin_tick=1965366003058250 end_tick=1965366003061250 ms_per_tick=9.9999999999999995e-07 device_ms=0.0030000000000000001
PRODUCER_KERNEL_V1 stage=1 raw_iteration=4294967295 ordinal=7 kernel=owner_bind_transport threads=1 begin_tick=1965366003061791 end_tick=1965366003065250 ms_per_tick=9.9999999999999995e-07 device_ms=0.0034589999999999998
PRODUCER_KERNEL_V1 stage=1 raw_iteration=4294967295 ordinal=8 kernel=identify_resident_owner_endpoint_class threads=1 begin_tick=1965366003065666 end_tick=1965366003069041 ms_per_tick=9.9999999999999995e-07 device_ms=0.003375
PRODUCER_KERNEL_V1 stage=1 raw_iteration=4294967295 ordinal=9 kernel=evaluate_resident_physical_flux threads=1533387 begin_tick=1965366004127625 end_tick=1965366005477208 ms_per_tick=9.9999999999999995e-07 device_ms=1.349583
PRODUCER_KERNEL_V1 stage=1 raw_iteration=4294967295 ordinal=10 kernel=evaluate_resident_advective_pair threads=13800483 begin_tick=1965366005682333 end_tick=1965366012752750 ms_per_tick=9.9999999999999995e-07 device_ms=7.070417
PRODUCER_KERNEL_V1 stage=1 raw_iteration=4294967295 ordinal=11 kernel=finalize_resident_advective_high threads=13800483 begin_tick=1965366012753375 end_tick=1965366013172041 ms_per_tick=9.9999999999999995e-07 device_ms=0.41866599999999998
PRODUCER_KERNEL_V1 stage=1 raw_iteration=4294967295 ordinal=12 kernel=compose_resident_flux_pair threads=13800483 begin_tick=1965366013172416 end_tick=1965366014065125 ms_per_tick=9.9999999999999995e-07 device_ms=0.89270899999999997
PRODUCER_KERNEL_V1 stage=1 raw_iteration=4294967295 ordinal=13 kernel=validate_resident_physical_flux threads=13800483 begin_tick=1965366014065833 end_tick=1965366015040333 ms_per_tick=9.9999999999999995e-07 device_ms=0.97449999999999992
PRODUCER_KERNEL_V1 stage=1 raw_iteration=4294967295 ordinal=14 kernel=identify_resident_physical_flux threads=32 begin_tick=1965366015040833 end_tick=1965366015047208 ms_per_tick=9.9999999999999995e-07 device_ms=0.0063749999999999996
PRODUCER_KERNEL_V1 stage=1 raw_iteration=4294967295 ordinal=15 kernel=owner_average_flux threads=13800483 begin_tick=1965366015048333 end_tick=1965366015849625 ms_per_tick=9.9999999999999995e-07 device_ms=0.801292
PRODUCER_KERNEL_V1 stage=1 raw_iteration=4294967295 ordinal=16 kernel=owner_bind_averaged_flux threads=1 begin_tick=1965366015850291 end_tick=1965366015854166 ms_per_tick=9.9999999999999995e-07 device_ms=0.003875
PRODUCER_KERNEL_V1 stage=1 raw_iteration=4294967295 ordinal=17 kernel=fct_build_ratios threads=5551326 begin_tick=1965366015854750 end_tick=1965366019444333 ms_per_tick=9.9999999999999995e-07 device_ms=3.5895829999999997
PRODUCER_KERNEL_V1 stage=1 raw_iteration=4294967295 ordinal=18 kernel=fct_build_face_alpha threads=1533387 begin_tick=1965366019445166 end_tick=1965366019711625 ms_per_tick=9.9999999999999995e-07 device_ms=0.266459
PRODUCER_KERNEL_V1 stage=1 raw_iteration=4294967295 ordinal=19 kernel=fct_commit_scalar threads=504666 begin_tick=1965366019712291 end_tick=1965366019900625 ms_per_tick=9.9999999999999995e-07 device_ms=0.188334
PRODUCER_KERNEL_V1 stage=1 raw_iteration=4294967295 ordinal=20 kernel=owner_bind_candidate threads=1 begin_tick=1965366019901000 end_tick=1965366019904875 ms_per_tick=9.9999999999999995e-07 device_ms=0.003875
PRODUCER_KERNEL_V1 stage=1 raw_iteration=4294967295 ordinal=21 kernel=finalize_resident_eos_candidate threads=1 begin_tick=1965366019905416 end_tick=1965366019908083 ms_per_tick=9.9999999999999995e-07 device_ms=0.0026669999999999997
PRODUCER_KERNEL_V1 stage=1 raw_iteration=4294967295 ordinal=22 kernel=evaluate_resident_eos_candidate threads=504666 begin_tick=1965366019908541 end_tick=1965366571424541 ms_per_tick=9.9999999999999995e-07 device_ms=551.51599999999996
PRODUCER_KERNEL_V1 stage=1 raw_iteration=4294967295 ordinal=23 kernel=finalize_resident_eos_candidate threads=1 begin_tick=1965366571439875 end_tick=1965366571442458 ms_per_tick=9.9999999999999995e-07 device_ms=0.0025829999999999998
PRODUCER_KERNEL_V1 stage=1 raw_iteration=4294967295 ordinal=24 kernel=identify_resident_eos threads=1 begin_tick=1965366571442833 end_tick=1965366571445833 ms_per_tick=9.9999999999999995e-07 device_ms=0.0030000000000000001
PRODUCER_KERNEL_V1 stage=1 raw_iteration=4294967295 ordinal=25 kernel=produce_resident_frozen_source threads=504666 begin_tick=1965366571446208 end_tick=1965366571475541 ms_per_tick=9.9999999999999995e-07 device_ms=0.029332999999999998
PRODUCER_KERNEL_V1 stage=1 raw_iteration=4294967295 ordinal=26 kernel=identify_resident_frozen_source threads=1 begin_tick=1965366571475916 end_tick=1965366571478708 ms_per_tick=9.9999999999999995e-07 device_ms=0.0027919999999999998
PRODUCER_KERNEL_V1 stage=1 raw_iteration=4294967295 ordinal=27 kernel=evaluate_resident_target_terms threads=504666 begin_tick=1965366571479083 end_tick=1965366684745708 ms_per_tick=9.9999999999999995e-07 device_ms=113.26662499999999
PRODUCER_KERNEL_V1 stage=1 raw_iteration=4294967295 ordinal=28 kernel=finalize_resident_target threads=1 begin_tick=1965366684760666 end_tick=1965366684763875 ms_per_tick=9.9999999999999995e-07 device_ms=0.003209
PRODUCER_KERNEL_V1 stage=1 raw_iteration=4294967295 ordinal=29 kernel=identify_resident_target threads=1 begin_tick=1965366684764166 end_tick=1965366684766833 ms_per_tick=9.9999999999999995e-07 device_ms=0.0026669999999999997
PRODUCER_KERNEL_V1 stage=1 raw_iteration=4294967295 ordinal=30 kernel=issue_resident_projection_consumer threads=1 begin_tick=1965366684767250 end_tick=1965366684771375 ms_per_tick=9.9999999999999995e-07 device_ms=0.0041250000000000002
PRODUCER_KERNEL_V1 stage=1 raw_iteration=4294967295 ordinal=31 kernel=consume_resident_target threads=1 begin_tick=1965366684771791 end_tick=1965366684776083 ms_per_tick=9.9999999999999995e-07 device_ms=0.0042919999999999998
PRODUCER_KERNEL_V1 stage=1 raw_iteration=4294967295 ordinal=32 kernel=owner_compose_target threads=504666 begin_tick=1965366684776500 end_tick=1965366684805916 ms_per_tick=9.9999999999999995e-07 device_ms=0.029415999999999998
PRODUCER_KERNEL_V1 stage=1 raw_iteration=4294967295 ordinal=33 kernel=finalize_resident_target threads=1 begin_tick=1965366684806208 end_tick=1965366684808666 ms_per_tick=9.9999999999999995e-07 device_ms=0.0024579999999999997
PRODUCER_KERNEL_V1 stage=1 raw_iteration=4294967295 ordinal=34 kernel=owner_identify_target threads=1 begin_tick=1965366684809083 end_tick=1965366684811958 ms_per_tick=9.9999999999999995e-07 device_ms=0.002875
PRODUCER_KERNEL_V1 stage=1 raw_iteration=4294967295 ordinal=35 kernel=issue_resident_projection_consumer threads=1 begin_tick=1965366684812333 end_tick=1965366684815166 ms_per_tick=9.9999999999999995e-07 device_ms=0.002833
PRODUCER_KERNEL_V1 stage=1 raw_iteration=4294967295 ordinal=36 kernel=consume_resident_target threads=1 begin_tick=1965366684815583 end_tick=1965366684818833 ms_per_tick=9.9999999999999995e-07 device_ms=0.0032499999999999999
PRODUCER_KERNEL_V1 stage=1 raw_iteration=4294967295 ordinal=37 kernel=owner_issue_stage_seal threads=1 begin_tick=1965366684819250 end_tick=1965366684822250 ms_per_tick=9.9999999999999995e-07 device_ms=0.0030000000000000001
PRODUCER_KERNEL_V1 stage=1 raw_iteration=4294967295 ordinal=38 kernel=fct_compatible_stage_rate threads=1533387 begin_tick=1965366684822916 end_tick=1965366685324250 ms_per_tick=9.9999999999999995e-07 device_ms=0.50133399999999995
PRODUCER_KERNEL_V1 stage=1 raw_iteration=4294967295 ordinal=39 kernel=fct_compatible_stage_rate threads=1533387 begin_tick=1965366685324666 end_tick=1965366685816625 ms_per_tick=9.9999999999999995e-07 device_ms=0.49195899999999998
PRODUCER_KERNEL_V1 stage=1 raw_iteration=4294967295 ordinal=40 kernel=owner_heun_momentum threads=1533387 begin_tick=1965366685817125 end_tick=1965366685908125 ms_per_tick=9.9999999999999995e-07 device_ms=0.090999999999999998
RISE_FIRE_OWNER_PROFILE_V1 {"scope":32,"parent":29,"phase":"BuildStageProducerGroup","stage":1,"raw_iteration":4294967295,"iteration_kind":"bootstrap","wall_ms":775.326667000,"device_sum_ms":683.424249990,"wall_minus_device_ms":91.902417010,"exclusive_wall_ms":775.326667000,"exclusive_device_sum_ms":683.424249990,"child_observer_wall_ms":0.000000000,"count_scope":"inclusive","owner_commits":1,"projection_invocations":0}
RISE_FIRE_OWNER_PROFILE_V1 {"scope":35,"parent":34,"phase":"ProjectionAdapter","stage":1,"raw_iteration":0,"iteration_kind":"picard","wall_ms":12.807750000,"device_sum_ms":9.842166910,"wall_minus_device_ms":2.965583090,"exclusive_wall_ms":12.807750000,"exclusive_device_sum_ms":9.842166910,"child_observer_wall_ms":0.000000000,"count_scope":"inclusive","owner_commits":0,"projection_invocations":1}
RISE_FIRE_OWNER_PROFILE_V1 {"scope":34,"parent":33,"phase":"Project","stage":1,"raw_iteration":0,"iteration_kind":"picard","wall_ms":14.055625000,"device_sum_ms":9.883708553,"wall_minus_device_ms":4.171916447,"exclusive_wall_ms":1.234958000,"exclusive_device_sum_ms":0.041541643,"child_observer_wall_ms":0.012917000,"count_scope":"inclusive","owner_commits":2,"projection_invocations":1}
RISE_FIRE_OWNER_PROFILE_V1 {"scope":36,"parent":33,"phase":"ReadOpenClass","stage":1,"raw_iteration":0,"iteration_kind":"picard","wall_ms":0.175000000,"device_sum_ms":0.002625166,"wall_minus_device_ms":0.172374834,"exclusive_wall_ms":0.175000000,"exclusive_device_sum_ms":0.002625166,"child_observer_wall_ms":0.000000000,"count_scope":"inclusive","owner_commits":1,"projection_invocations":0}
RISE_FIRE_OWNER_PROFILE_V1 {"scope":37,"parent":33,"phase":"ReadOpenClass","stage":1,"raw_iteration":0,"iteration_kind":"picard","wall_ms":0.163291000,"device_sum_ms":0.002458226,"wall_minus_device_ms":0.160832774,"exclusive_wall_ms":0.163291000,"exclusive_device_sum_ms":0.002458226,"child_observer_wall_ms":0.000000000,"count_scope":"inclusive","owner_commits":1,"projection_invocations":0}
PRODUCER_COMMAND_V1 stage=1 raw_iteration=0 cpu_begin=1965366700676875 cpu_end=1965367478091708 gpu_begin=1965366700676875 gpu_end=1965367478091708 device_ms=695.71787514723837 encoders=41 interval_scope=possibly_overlapping
PRODUCER_KERNEL_V1 stage=1 raw_iteration=0 ordinal=0 kernel=owner_pack_faces threads=1533387 begin_tick=1965366782239791 end_tick=1965366782292666 ms_per_tick=9.9999999999999995e-07 device_ms=0.052874999999999998
PRODUCER_KERNEL_V1 stage=1 raw_iteration=0 ordinal=1 kernel=owner_pack_faces threads=1533387 begin_tick=1965366782292000 end_tick=1965366782632458 ms_per_tick=9.9999999999999995e-07 device_ms=0.34045799999999998
PRODUCER_KERNEL_V1 stage=1 raw_iteration=0 ordinal=2 kernel=owner_pack_faces threads=1533387 begin_tick=1965366782238291 end_tick=1965366782292000 ms_per_tick=9.9999999999999995e-07 device_ms=0.053709
PRODUCER_KERNEL_V1 stage=1 raw_iteration=0 ordinal=3 kernel=fct_extract_gas_density threads=504666 begin_tick=1965366782293083 end_tick=1965366782338083 ms_per_tick=9.9999999999999995e-07 device_ms=0.044999999999999998
PRODUCER_KERNEL_V1 stage=1 raw_iteration=0 ordinal=4 kernel=owner_gas_source threads=504666 begin_tick=1965366782632875 end_tick=1965366782792416 ms_per_tick=9.9999999999999995e-07 device_ms=0.15954099999999999
PRODUCER_KERNEL_V1 stage=1 raw_iteration=0 ordinal=5 kernel=evaluate_resident_transport threads=504666 begin_tick=1965366782338125 end_tick=1965366782806250 ms_per_tick=9.9999999999999995e-07 device_ms=0.46812499999999996
PRODUCER_KERNEL_V1 stage=1 raw_iteration=0 ordinal=6 kernel=identify_resident_transport threads=1 begin_tick=1965366782806708 end_tick=1965366782809625 ms_per_tick=9.9999999999999995e-07 device_ms=0.0029169999999999999
PRODUCER_KERNEL_V1 stage=1 raw_iteration=0 ordinal=7 kernel=owner_bind_transport threads=1 begin_tick=1965366782810791 end_tick=1965366782814333 ms_per_tick=9.9999999999999995e-07 device_ms=0.003542
PRODUCER_KERNEL_V1 stage=1 raw_iteration=0 ordinal=8 kernel=identify_resident_owner_endpoint_class threads=1 begin_tick=1965366782814750 end_tick=1965366782818250 ms_per_tick=9.9999999999999995e-07 device_ms=0.0034999999999999996
PRODUCER_KERNEL_V1 stage=1 raw_iteration=0 ordinal=9 kernel=evaluate_resident_physical_flux threads=1533387 begin_tick=1965366783910291 end_tick=1965366785247500 ms_per_tick=9.9999999999999995e-07 device_ms=1.3372089999999999
PRODUCER_KERNEL_V1 stage=1 raw_iteration=0 ordinal=10 kernel=evaluate_resident_advective_pair threads=13800483 begin_tick=1965366785477875 end_tick=1965366792978708 ms_per_tick=9.9999999999999995e-07 device_ms=7.5008330000000001
PRODUCER_KERNEL_V1 stage=1 raw_iteration=0 ordinal=11 kernel=finalize_resident_advective_high threads=13800483 begin_tick=1965366793014000 end_tick=1965366793595666 ms_per_tick=9.9999999999999995e-07 device_ms=0.58166600000000002
PRODUCER_KERNEL_V1 stage=1 raw_iteration=0 ordinal=12 kernel=compose_resident_flux_pair threads=13800483 begin_tick=1965366793596166 end_tick=1965366794479958 ms_per_tick=9.9999999999999995e-07 device_ms=0.88379199999999991
PRODUCER_KERNEL_V1 stage=1 raw_iteration=0 ordinal=13 kernel=validate_resident_physical_flux threads=13800483 begin_tick=1965366794480625 end_tick=1965366795308333 ms_per_tick=9.9999999999999995e-07 device_ms=0.827708
PRODUCER_KERNEL_V1 stage=1 raw_iteration=0 ordinal=14 kernel=identify_resident_physical_flux threads=32 begin_tick=1965366795308958 end_tick=1965366795315041 ms_per_tick=9.9999999999999995e-07 device_ms=0.0060829999999999999
PRODUCER_KERNEL_V1 stage=1 raw_iteration=0 ordinal=15 kernel=owner_average_flux threads=13800483 begin_tick=1965366795315583 end_tick=1965366796116458 ms_per_tick=9.9999999999999995e-07 device_ms=0.800875
PRODUCER_KERNEL_V1 stage=1 raw_iteration=0 ordinal=16 kernel=owner_bind_averaged_flux threads=1 begin_tick=1965366796116958 end_tick=1965366796120875 ms_per_tick=9.9999999999999995e-07 device_ms=0.0039169999999999995
PRODUCER_KERNEL_V1 stage=1 raw_iteration=0 ordinal=17 kernel=fct_build_ratios threads=5551326 begin_tick=1965366796121291 end_tick=1965366799719375 ms_per_tick=9.9999999999999995e-07 device_ms=3.5980839999999996
PRODUCER_KERNEL_V1 stage=1 raw_iteration=0 ordinal=18 kernel=fct_build_face_alpha threads=1533387 begin_tick=1965366799720125 end_tick=1965366799985625 ms_per_tick=9.9999999999999995e-07 device_ms=0.26550000000000001
PRODUCER_KERNEL_V1 stage=1 raw_iteration=0 ordinal=19 kernel=fct_commit_scalar threads=504666 begin_tick=1965366799986291 end_tick=1965366800177125 ms_per_tick=9.9999999999999995e-07 device_ms=0.190834
PRODUCER_KERNEL_V1 stage=1 raw_iteration=0 ordinal=20 kernel=owner_bind_candidate threads=1 begin_tick=1965366800177541 end_tick=1965366800181666 ms_per_tick=9.9999999999999995e-07 device_ms=0.0041250000000000002
PRODUCER_KERNEL_V1 stage=1 raw_iteration=0 ordinal=21 kernel=finalize_resident_eos_candidate threads=1 begin_tick=1965366800182125 end_tick=1965366800184833 ms_per_tick=9.9999999999999995e-07 device_ms=0.0027079999999999999
PRODUCER_KERNEL_V1 stage=1 raw_iteration=0 ordinal=22 kernel=evaluate_resident_eos_candidate threads=504666 begin_tick=1965366800185291 end_tick=1965367363268958 ms_per_tick=9.9999999999999995e-07 device_ms=563.08366699999999
PRODUCER_KERNEL_V1 stage=1 raw_iteration=0 ordinal=23 kernel=finalize_resident_eos_candidate threads=1 begin_tick=1965367363283208 end_tick=1965367363286166 ms_per_tick=9.9999999999999995e-07 device_ms=0.0029579999999999997
PRODUCER_KERNEL_V1 stage=1 raw_iteration=0 ordinal=24 kernel=identify_resident_eos threads=1 begin_tick=1965367363286458 end_tick=1965367363292208 ms_per_tick=9.9999999999999995e-07 device_ms=0.0057499999999999999
PRODUCER_KERNEL_V1 stage=1 raw_iteration=0 ordinal=25 kernel=produce_resident_frozen_source threads=504666 begin_tick=1965367363292625 end_tick=1965367363323708 ms_per_tick=9.9999999999999995e-07 device_ms=0.031083
PRODUCER_KERNEL_V1 stage=1 raw_iteration=0 ordinal=26 kernel=identify_resident_frozen_source threads=1 begin_tick=1965367363324125 end_tick=1965367363326875 ms_per_tick=9.9999999999999995e-07 device_ms=0.0027499999999999998
PRODUCER_KERNEL_V1 stage=1 raw_iteration=0 ordinal=27 kernel=evaluate_resident_target_terms threads=504666 begin_tick=1965367363327291 end_tick=1965367476739458 ms_per_tick=9.9999999999999995e-07 device_ms=113.412167
PRODUCER_KERNEL_V1 stage=1 raw_iteration=0 ordinal=28 kernel=finalize_resident_target threads=1 begin_tick=1965367476755166 end_tick=1965367476758458 ms_per_tick=9.9999999999999995e-07 device_ms=0.0032919999999999998
PRODUCER_KERNEL_V1 stage=1 raw_iteration=0 ordinal=29 kernel=identify_resident_target threads=1 begin_tick=1965367476758916 end_tick=1965367476761875 ms_per_tick=9.9999999999999995e-07 device_ms=0.0029589999999999998
PRODUCER_KERNEL_V1 stage=1 raw_iteration=0 ordinal=30 kernel=issue_resident_projection_consumer threads=1 begin_tick=1965367476762291 end_tick=1965367476766166 ms_per_tick=9.9999999999999995e-07 device_ms=0.003875
PRODUCER_KERNEL_V1 stage=1 raw_iteration=0 ordinal=31 kernel=consume_resident_target threads=1 begin_tick=1965367476767416 end_tick=1965367476771791 ms_per_tick=9.9999999999999995e-07 device_ms=0.0043749999999999995
PRODUCER_KERNEL_V1 stage=1 raw_iteration=0 ordinal=32 kernel=owner_compose_target threads=504666 begin_tick=1965367476772166 end_tick=1965367476851125 ms_per_tick=9.9999999999999995e-07 device_ms=0.078959000000000001
PRODUCER_KERNEL_V1 stage=1 raw_iteration=0 ordinal=33 kernel=finalize_resident_target threads=1 begin_tick=1965367476851416 end_tick=1965367476854041 ms_per_tick=9.9999999999999995e-07 device_ms=0.0026249999999999997
PRODUCER_KERNEL_V1 stage=1 raw_iteration=0 ordinal=34 kernel=owner_identify_target threads=1 begin_tick=1965367476854416 end_tick=1965367476857291 ms_per_tick=9.9999999999999995e-07 device_ms=0.002875
PRODUCER_KERNEL_V1 stage=1 raw_iteration=0 ordinal=35 kernel=issue_resident_projection_consumer threads=1 begin_tick=1965367476857708 end_tick=1965367476860791 ms_per_tick=9.9999999999999995e-07 device_ms=0.0030829999999999998
PRODUCER_KERNEL_V1 stage=1 raw_iteration=0 ordinal=36 kernel=consume_resident_target threads=1 begin_tick=1965367476861083 end_tick=1965367476864583 ms_per_tick=9.9999999999999995e-07 device_ms=0.0034999999999999996
PRODUCER_KERNEL_V1 stage=1 raw_iteration=0 ordinal=37 kernel=owner_issue_stage_seal threads=1 begin_tick=1965367476865000 end_tick=1965367476867916 ms_per_tick=9.9999999999999995e-07 device_ms=0.0029159999999999998
PRODUCER_KERNEL_V1 stage=1 raw_iteration=0 ordinal=38 kernel=fct_compatible_stage_rate threads=1533387 begin_tick=1965367476868500 end_tick=1965367477367500 ms_per_tick=9.9999999999999995e-07 device_ms=0.499
PRODUCER_KERNEL_V1 stage=1 raw_iteration=0 ordinal=39 kernel=fct_compatible_stage_rate threads=1533387 begin_tick=1965367477367958 end_tick=1965367477859583 ms_per_tick=9.9999999999999995e-07 device_ms=0.49162499999999998
PRODUCER_KERNEL_V1 stage=1 raw_iteration=0 ordinal=40 kernel=owner_heun_momentum threads=1533387 begin_tick=1965367477860208 end_tick=1965367477950541 ms_per_tick=9.9999999999999995e-07 device_ms=0.090332999999999997
RISE_FIRE_OWNER_PROFILE_V1 {"scope":38,"parent":33,"phase":"BuildStageProducerGroup","stage":1,"raw_iteration":0,"iteration_kind":"picard","wall_ms":777.586917000,"device_sum_ms":695.717875147,"wall_minus_device_ms":81.869041853,"exclusive_wall_ms":777.586917000,"exclusive_device_sum_ms":695.717875147,"child_observer_wall_ms":0.000000000,"count_scope":"inclusive","owner_commits":1,"projection_invocations":0}
RISE_FIRE_OWNER_PROFILE_V1 {"scope":39,"parent":33,"phase":"Residual","stage":1,"raw_iteration":0,"iteration_kind":"picard","wall_ms":0.270166000,"device_sum_ms":0.022125198,"wall_minus_device_ms":0.248040802,"exclusive_wall_ms":0.270166000,"exclusive_device_sum_ms":0.022125198,"child_observer_wall_ms":0.000000000,"count_scope":"inclusive","owner_commits":1,"projection_invocations":0}
RISE_FIRE_OWNER_PROFILE_V1 {"scope":33,"parent":29,"phase":"PicardIteration","stage":1,"raw_iteration":0,"iteration_kind":"picard","wall_ms":793.037750000,"device_sum_ms":705.628792290,"wall_minus_device_ms":87.408957710,"exclusive_wall_ms":0.748167000,"exclusive_device_sum_ms":0.000000000,"child_observer_wall_ms":0.038584000,"count_scope":"inclusive","owner_commits":6,"projection_invocations":1}
RISE_FIRE_OWNER_PROFILE_V1 {"scope":42,"parent":41,"phase":"ProjectionAdapter","stage":1,"raw_iteration":1,"iteration_kind":"picard","wall_ms":12.106916000,"device_sum_ms":9.284375003,"wall_minus_device_ms":2.822540997,"exclusive_wall_ms":12.106916000,"exclusive_device_sum_ms":9.284375003,"child_observer_wall_ms":0.000000000,"count_scope":"inclusive","owner_commits":0,"projection_invocations":1}
RISE_FIRE_OWNER_PROFILE_V1 {"scope":41,"parent":40,"phase":"Project","stage":1,"raw_iteration":1,"iteration_kind":"picard","wall_ms":14.038833000,"device_sum_ms":9.330291767,"wall_minus_device_ms":4.708541233,"exclusive_wall_ms":1.923000000,"exclusive_device_sum_ms":0.045916764,"child_observer_wall_ms":0.008917000,"count_scope":"inclusive","owner_commits":2,"projection_invocations":1}
RISE_FIRE_OWNER_PROFILE_V1 {"scope":43,"parent":40,"phase":"ReadOpenClass","stage":1,"raw_iteration":1,"iteration_kind":"picard","wall_ms":0.152292000,"device_sum_ms":0.002374873,"wall_minus_device_ms":0.149917127,"exclusive_wall_ms":0.152292000,"exclusive_device_sum_ms":0.002374873,"child_observer_wall_ms":0.000000000,"count_scope":"inclusive","owner_commits":1,"projection_invocations":0}
RISE_FIRE_OWNER_PROFILE_V1 {"scope":44,"parent":40,"phase":"ReadOpenClass","stage":1,"raw_iteration":1,"iteration_kind":"picard","wall_ms":0.144666000,"device_sum_ms":0.002458226,"wall_minus_device_ms":0.142207774,"exclusive_wall_ms":0.144666000,"exclusive_device_sum_ms":0.002458226,"child_observer_wall_ms":0.000000000,"count_scope":"inclusive","owner_commits":1,"projection_invocations":0}
PRODUCER_COMMAND_V1 stage=1 raw_iteration=1 cpu_begin=1965367493647250 cpu_end=1965368258898625 gpu_begin=1965367493647250 gpu_end=1965368258898625 device_ms=684.22375014051795 encoders=41 interval_scope=possibly_overlapping
PRODUCER_KERNEL_V1 stage=1 raw_iteration=1 ordinal=0 kernel=owner_pack_faces threads=1533387 begin_tick=1965367574535708 end_tick=1965367574588916 ms_per_tick=9.9999999999999995e-07 device_ms=0.053207999999999998
PRODUCER_KERNEL_V1 stage=1 raw_iteration=1 ordinal=1 kernel=owner_pack_faces threads=1533387 begin_tick=1965367574588208 end_tick=1965367575022875 ms_per_tick=9.9999999999999995e-07 device_ms=0.43466699999999997
PRODUCER_KERNEL_V1 stage=1 raw_iteration=1 ordinal=2 kernel=owner_pack_faces threads=1533387 begin_tick=1965367574534291 end_tick=1965367574588166 ms_per_tick=9.9999999999999995e-07 device_ms=0.053874999999999999
PRODUCER_KERNEL_V1 stage=1 raw_iteration=1 ordinal=3 kernel=fct_extract_gas_density threads=504666 begin_tick=1965367575022875 end_tick=1965367575047375 ms_per_tick=9.9999999999999995e-07 device_ms=0.024499999999999997
PRODUCER_KERNEL_V1 stage=1 raw_iteration=1 ordinal=4 kernel=owner_gas_source threads=504666 begin_tick=1965367575047375 end_tick=1965367575090416 ms_per_tick=9.9999999999999995e-07 device_ms=0.043040999999999996
PRODUCER_KERNEL_V1 stage=1 raw_iteration=1 ordinal=5 kernel=evaluate_resident_transport threads=504666 begin_tick=1965367574589375 end_tick=1965367575089833 ms_per_tick=9.9999999999999995e-07 device_ms=0.50045799999999996
PRODUCER_KERNEL_V1 stage=1 raw_iteration=1 ordinal=6 kernel=identify_resident_transport threads=1 begin_tick=1965367575090208 end_tick=1965367575093166 ms_per_tick=9.9999999999999995e-07 device_ms=0.0029579999999999997
PRODUCER_KERNEL_V1 stage=1 raw_iteration=1 ordinal=7 kernel=owner_bind_transport threads=1 begin_tick=1965367575093708 end_tick=1965367575097125 ms_per_tick=9.9999999999999995e-07 device_ms=0.0034169999999999999
PRODUCER_KERNEL_V1 stage=1 raw_iteration=1 ordinal=8 kernel=identify_resident_owner_endpoint_class threads=1 begin_tick=1965367575097625 end_tick=1965367575101250 ms_per_tick=9.9999999999999995e-07 device_ms=0.0036249999999999998
PRODUCER_KERNEL_V1 stage=1 raw_iteration=1 ordinal=9 kernel=evaluate_resident_physical_flux threads=1533387 begin_tick=1965367576154916 end_tick=1965367577505500 ms_per_tick=9.9999999999999995e-07 device_ms=1.350584
PRODUCER_KERNEL_V1 stage=1 raw_iteration=1 ordinal=10 kernel=evaluate_resident_advective_pair threads=13800483 begin_tick=1965367577698458 end_tick=1965367584768416 ms_per_tick=9.9999999999999995e-07 device_ms=7.0699579999999997
PRODUCER_KERNEL_V1 stage=1 raw_iteration=1 ordinal=11 kernel=finalize_resident_advective_high threads=13800483 begin_tick=1965367584769041 end_tick=1965367585188125 ms_per_tick=9.9999999999999995e-07 device_ms=0.41908399999999996
PRODUCER_KERNEL_V1 stage=1 raw_iteration=1 ordinal=12 kernel=compose_resident_flux_pair threads=13800483 begin_tick=1965367585188500 end_tick=1965367586080125 ms_per_tick=9.9999999999999995e-07 device_ms=0.891625
PRODUCER_KERNEL_V1 stage=1 raw_iteration=1 ordinal=13 kernel=validate_resident_physical_flux threads=13800483 begin_tick=1965367586080833 end_tick=1965367587053416 ms_per_tick=9.9999999999999995e-07 device_ms=0.97258299999999998
PRODUCER_KERNEL_V1 stage=1 raw_iteration=1 ordinal=14 kernel=identify_resident_physical_flux threads=32 begin_tick=1965367587053958 end_tick=1965367587060083 ms_per_tick=9.9999999999999995e-07 device_ms=0.0061249999999999994
PRODUCER_KERNEL_V1 stage=1 raw_iteration=1 ordinal=15 kernel=owner_average_flux threads=13800483 begin_tick=1965367587060666 end_tick=1965367587861791 ms_per_tick=9.9999999999999995e-07 device_ms=0.80112499999999998
PRODUCER_KERNEL_V1 stage=1 raw_iteration=1 ordinal=16 kernel=owner_bind_averaged_flux threads=1 begin_tick=1965367587862333 end_tick=1965367587866208 ms_per_tick=9.9999999999999995e-07 device_ms=0.003875
PRODUCER_KERNEL_V1 stage=1 raw_iteration=1 ordinal=17 kernel=fct_build_ratios threads=5551326 begin_tick=1965367587866625 end_tick=1965367591901583 ms_per_tick=9.9999999999999995e-07 device_ms=4.0349579999999996
PRODUCER_KERNEL_V1 stage=1 raw_iteration=1 ordinal=18 kernel=fct_build_face_alpha threads=1533387 begin_tick=1965367591902208 end_tick=1965367592168458 ms_per_tick=9.9999999999999995e-07 device_ms=0.26624999999999999
PRODUCER_KERNEL_V1 stage=1 raw_iteration=1 ordinal=19 kernel=fct_commit_scalar threads=504666 begin_tick=1965367592169083 end_tick=1965367592359166 ms_per_tick=9.9999999999999995e-07 device_ms=0.190083
PRODUCER_KERNEL_V1 stage=1 raw_iteration=1 ordinal=20 kernel=owner_bind_candidate threads=1 begin_tick=1965367592359708 end_tick=1965367592363541 ms_per_tick=9.9999999999999995e-07 device_ms=0.003833
PRODUCER_KERNEL_V1 stage=1 raw_iteration=1 ordinal=21 kernel=finalize_resident_eos_candidate threads=1 begin_tick=1965367592364083 end_tick=1965367592366750 ms_per_tick=9.9999999999999995e-07 device_ms=0.0026669999999999997
PRODUCER_KERNEL_V1 stage=1 raw_iteration=1 ordinal=22 kernel=evaluate_resident_eos_candidate threads=504666 begin_tick=1965367592367416 end_tick=1965368143765458 ms_per_tick=9.9999999999999995e-07 device_ms=551.39804199999992
PRODUCER_KERNEL_V1 stage=1 raw_iteration=1 ordinal=23 kernel=finalize_resident_eos_candidate threads=1 begin_tick=1965368143780250 end_tick=1965368143782916 ms_per_tick=9.9999999999999995e-07 device_ms=0.002666
PRODUCER_KERNEL_V1 stage=1 raw_iteration=1 ordinal=24 kernel=identify_resident_eos threads=1 begin_tick=1965368143783208 end_tick=1965368143785833 ms_per_tick=9.9999999999999995e-07 device_ms=0.0026249999999999997
PRODUCER_KERNEL_V1 stage=1 raw_iteration=1 ordinal=25 kernel=produce_resident_frozen_source threads=504666 begin_tick=1965368143786125 end_tick=1965368143817291 ms_per_tick=9.9999999999999995e-07 device_ms=0.031165999999999999
PRODUCER_KERNEL_V1 stage=1 raw_iteration=1 ordinal=26 kernel=identify_resident_frozen_source threads=1 begin_tick=1965368143817583 end_tick=1965368143820458 ms_per_tick=9.9999999999999995e-07 device_ms=0.002875
PRODUCER_KERNEL_V1 stage=1 raw_iteration=1 ordinal=27 kernel=evaluate_resident_target_terms threads=504666 begin_tick=1965368143820750 end_tick=1965368257085958 ms_per_tick=9.9999999999999995e-07 device_ms=113.265208
PRODUCER_KERNEL_V1 stage=1 raw_iteration=1 ordinal=28 kernel=finalize_resident_target threads=1 begin_tick=1965368257101208 end_tick=1965368257104500 ms_per_tick=9.9999999999999995e-07 device_ms=0.0032919999999999998
PRODUCER_KERNEL_V1 stage=1 raw_iteration=1 ordinal=29 kernel=identify_resident_target threads=1 begin_tick=1965368257104791 end_tick=1965368257107583 ms_per_tick=9.9999999999999995e-07 device_ms=0.0027919999999999998
PRODUCER_KERNEL_V1 stage=1 raw_iteration=1 ordinal=30 kernel=issue_resident_projection_consumer threads=1 begin_tick=1965368257107958 end_tick=1965368257111875 ms_per_tick=9.9999999999999995e-07 device_ms=0.0039169999999999995
PRODUCER_KERNEL_V1 stage=1 raw_iteration=1 ordinal=31 kernel=consume_resident_target threads=1 begin_tick=1965368257112166 end_tick=1965368257116541 ms_per_tick=9.9999999999999995e-07 device_ms=0.0043749999999999995
PRODUCER_KERNEL_V1 stage=1 raw_iteration=1 ordinal=32 kernel=owner_compose_target threads=504666 begin_tick=1965368257116833 end_tick=1965368257196125 ms_per_tick=9.9999999999999995e-07 device_ms=0.079292000000000001
PRODUCER_KERNEL_V1 stage=1 raw_iteration=1 ordinal=33 kernel=finalize_resident_target threads=1 begin_tick=1965368257196416 end_tick=1965368257199125 ms_per_tick=9.9999999999999995e-07 device_ms=0.002709
PRODUCER_KERNEL_V1 stage=1 raw_iteration=1 ordinal=34 kernel=owner_identify_target threads=1 begin_tick=1965368257199541 end_tick=1965368257202500 ms_per_tick=9.9999999999999995e-07 device_ms=0.0029589999999999998
PRODUCER_KERNEL_V1 stage=1 raw_iteration=1 ordinal=35 kernel=issue_resident_projection_consumer threads=1 begin_tick=1965368257202875 end_tick=1965368257206000 ms_per_tick=9.9999999999999995e-07 device_ms=0.0031249999999999997
PRODUCER_KERNEL_V1 stage=1 raw_iteration=1 ordinal=36 kernel=consume_resident_target threads=1 begin_tick=1965368257206291 end_tick=1965368257209541 ms_per_tick=9.9999999999999995e-07 device_ms=0.0032499999999999999
PRODUCER_KERNEL_V1 stage=1 raw_iteration=1 ordinal=37 kernel=owner_issue_stage_seal threads=1 begin_tick=1965368257209833 end_tick=1965368257212875 ms_per_tick=9.9999999999999995e-07 device_ms=0.003042
PRODUCER_KERNEL_V1 stage=1 raw_iteration=1 ordinal=38 kernel=fct_compatible_stage_rate threads=1533387 begin_tick=1965368257213583 end_tick=1965368258151125 ms_per_tick=9.9999999999999995e-07 device_ms=0.93754199999999999
PRODUCER_KERNEL_V1 stage=1 raw_iteration=1 ordinal=39 kernel=fct_compatible_stage_rate threads=1533387 begin_tick=1965368258165083 end_tick=1965368258661458 ms_per_tick=9.9999999999999995e-07 device_ms=0.49637499999999996
PRODUCER_KERNEL_V1 stage=1 raw_iteration=1 ordinal=40 kernel=owner_heun_momentum threads=1533387 begin_tick=1965368258662000 end_tick=1965368258752291 ms_per_tick=9.9999999999999995e-07 device_ms=0.090290999999999996
RISE_FIRE_OWNER_PROFILE_V1 {"scope":45,"parent":40,"phase":"BuildStageProducerGroup","stage":1,"raw_iteration":1,"iteration_kind":"picard","wall_ms":765.414875000,"device_sum_ms":684.223750141,"wall_minus_device_ms":81.191124859,"exclusive_wall_ms":765.414875000,"exclusive_device_sum_ms":684.223750141,"child_observer_wall_ms":0.000000000,"count_scope":"inclusive","owner_commits":1,"projection_invocations":0}
RISE_FIRE_OWNER_PROFILE_V1 {"scope":46,"parent":40,"phase":"Residual","stage":1,"raw_iteration":1,"iteration_kind":"picard","wall_ms":0.373833000,"device_sum_ms":0.115083298,"wall_minus_device_ms":0.258749702,"exclusive_wall_ms":0.373833000,"exclusive_device_sum_ms":0.115083298,"child_observer_wall_ms":0.000000000,"count_scope":"inclusive","owner_commits":1,"projection_invocations":0}
RISE_FIRE_OWNER_PROFILE_V1 {"scope":49,"parent":48,"phase":"ProjectionAdapter","stage":1,"raw_iteration":2147483649,"iteration_kind":"terminal","wall_ms":12.162125000,"device_sum_ms":8.985375054,"wall_minus_device_ms":3.176749946,"exclusive_wall_ms":12.162125000,"exclusive_device_sum_ms":8.985375054,"child_observer_wall_ms":0.000000000,"count_scope":"inclusive","owner_commits":0,"projection_invocations":1}
RISE_FIRE_OWNER_PROFILE_V1 {"scope":48,"parent":47,"phase":"Project","stage":1,"raw_iteration":2147483649,"iteration_kind":"terminal","wall_ms":13.179083000,"device_sum_ms":9.021749953,"wall_minus_device_ms":4.157333047,"exclusive_wall_ms":1.011124000,"exclusive_device_sum_ms":0.036374899,"child_observer_wall_ms":0.005834000,"count_scope":"inclusive","owner_commits":2,"projection_invocations":1}
RISE_FIRE_OWNER_PROFILE_V1 {"scope":50,"parent":47,"phase":"ReadOpenClass","stage":1,"raw_iteration":2147483649,"iteration_kind":"terminal","wall_ms":0.180375000,"device_sum_ms":0.002374873,"wall_minus_device_ms":0.178000127,"exclusive_wall_ms":0.180375000,"exclusive_device_sum_ms":0.002374873,"child_observer_wall_ms":0.000000000,"count_scope":"inclusive","owner_commits":1,"projection_invocations":0}
RISE_FIRE_OWNER_PROFILE_V1 {"scope":51,"parent":47,"phase":"ReadOpenClass","stage":1,"raw_iteration":2147483649,"iteration_kind":"terminal","wall_ms":0.160041000,"device_sum_ms":0.002375105,"wall_minus_device_ms":0.157665895,"exclusive_wall_ms":0.160041000,"exclusive_device_sum_ms":0.002375105,"child_observer_wall_ms":0.000000000,"count_scope":"inclusive","owner_commits":1,"projection_invocations":0}
PRODUCER_COMMAND_V1 stage=1 raw_iteration=2147483649 cpu_begin=1965368272996083 cpu_end=1965369049227666 gpu_begin=1965368272996083 gpu_end=1965369049227666 device_ms=694.82366647571325 encoders=41 interval_scope=possibly_overlapping
PRODUCER_KERNEL_V1 stage=1 raw_iteration=2147483649 ordinal=0 kernel=owner_pack_faces threads=1533387 begin_tick=1965368354268708 end_tick=1965368354325375 ms_per_tick=9.9999999999999995e-07 device_ms=0.056666999999999995
PRODUCER_KERNEL_V1 stage=1 raw_iteration=2147483649 ordinal=1 kernel=owner_pack_faces threads=1533387 begin_tick=1965368354325166 end_tick=1965368354765791 ms_per_tick=9.9999999999999995e-07 device_ms=0.44062499999999999
PRODUCER_KERNEL_V1 stage=1 raw_iteration=2147483649 ordinal=2 kernel=owner_pack_faces threads=1533387 begin_tick=1965368354268708 end_tick=1965368354325166 ms_per_tick=9.9999999999999995e-07 device_ms=0.056457999999999994
PRODUCER_KERNEL_V1 stage=1 raw_iteration=2147483649 ordinal=3 kernel=fct_extract_gas_density threads=504666 begin_tick=1965368354765791 end_tick=1965368354788583 ms_per_tick=9.9999999999999995e-07 device_ms=0.022792
PRODUCER_KERNEL_V1 stage=1 raw_iteration=2147483649 ordinal=4 kernel=owner_gas_source threads=504666 begin_tick=1965368354788583 end_tick=1965368354828583 ms_per_tick=9.9999999999999995e-07 device_ms=0.040000000000000001
PRODUCER_KERNEL_V1 stage=1 raw_iteration=2147483649 ordinal=5 kernel=evaluate_resident_transport threads=504666 begin_tick=1965368354325708 end_tick=1965368354843625 ms_per_tick=9.9999999999999995e-07 device_ms=0.51791699999999996
PRODUCER_KERNEL_V1 stage=1 raw_iteration=2147483649 ordinal=6 kernel=identify_resident_transport threads=1 begin_tick=1965368354844166 end_tick=1965368354847250 ms_per_tick=9.9999999999999995e-07 device_ms=0.0030839999999999999
PRODUCER_KERNEL_V1 stage=1 raw_iteration=2147483649 ordinal=7 kernel=owner_bind_transport threads=1 begin_tick=1965368354847708 end_tick=1965368354851208 ms_per_tick=9.9999999999999995e-07 device_ms=0.0034999999999999996
PRODUCER_KERNEL_V1 stage=1 raw_iteration=2147483649 ordinal=8 kernel=identify_resident_owner_endpoint_class threads=1 begin_tick=1965368354851625 end_tick=1965368354855208 ms_per_tick=9.9999999999999995e-07 device_ms=0.0035829999999999998
PRODUCER_KERNEL_V1 stage=1 raw_iteration=2147483649 ordinal=9 kernel=evaluate_resident_physical_flux threads=1533387 begin_tick=1965368355782666 end_tick=1965368357131416 ms_per_tick=9.9999999999999995e-07 device_ms=1.3487499999999999
PRODUCER_KERNEL_V1 stage=1 raw_iteration=2147483649 ordinal=10 kernel=evaluate_resident_advective_pair threads=13800483 begin_tick=1965368357277875 end_tick=1965368364785583 ms_per_tick=9.9999999999999995e-07 device_ms=7.507708
PRODUCER_KERNEL_V1 stage=1 raw_iteration=2147483649 ordinal=11 kernel=finalize_resident_advective_high threads=13800483 begin_tick=1965368364802291 end_tick=1965368365409250 ms_per_tick=9.9999999999999995e-07 device_ms=0.60695900000000003
PRODUCER_KERNEL_V1 stage=1 raw_iteration=2147483649 ordinal=12 kernel=compose_resident_flux_pair threads=13800483 begin_tick=1965368365409625 end_tick=1965368366292666 ms_per_tick=9.9999999999999995e-07 device_ms=0.88304099999999996
PRODUCER_KERNEL_V1 stage=1 raw_iteration=2147483649 ordinal=13 kernel=validate_resident_physical_flux threads=13800483 begin_tick=1965368366293375 end_tick=1965368367149416 ms_per_tick=9.9999999999999995e-07 device_ms=0.85604099999999994
PRODUCER_KERNEL_V1 stage=1 raw_iteration=2147483649 ordinal=14 kernel=identify_resident_physical_flux threads=32 begin_tick=1965368367149916 end_tick=1965368367153333 ms_per_tick=9.9999999999999995e-07 device_ms=0.0034169999999999999
PRODUCER_KERNEL_V1 stage=1 raw_iteration=2147483649 ordinal=15 kernel=owner_average_flux threads=13800483 begin_tick=1965368367153875 end_tick=1965368367954166 ms_per_tick=9.9999999999999995e-07 device_ms=0.80029099999999997
PRODUCER_KERNEL_V1 stage=1 raw_iteration=2147483649 ordinal=16 kernel=owner_bind_averaged_flux threads=1 begin_tick=1965368367954666 end_tick=1965368367958333 ms_per_tick=9.9999999999999995e-07 device_ms=0.0036669999999999997
PRODUCER_KERNEL_V1 stage=1 raw_iteration=2147483649 ordinal=17 kernel=fct_build_ratios threads=5551326 begin_tick=1965368367958916 end_tick=1965368371616083 ms_per_tick=9.9999999999999995e-07 device_ms=3.6571669999999998
PRODUCER_KERNEL_V1 stage=1 raw_iteration=2147483649 ordinal=18 kernel=fct_build_face_alpha threads=1533387 begin_tick=1965368371616833 end_tick=1965368371883041 ms_per_tick=9.9999999999999995e-07 device_ms=0.266208
PRODUCER_KERNEL_V1 stage=1 raw_iteration=2147483649 ordinal=19 kernel=fct_commit_scalar threads=504666 begin_tick=1965368371883708 end_tick=1965368372073625 ms_per_tick=9.9999999999999995e-07 device_ms=0.189917
PRODUCER_KERNEL_V1 stage=1 raw_iteration=2147483649 ordinal=20 kernel=owner_bind_candidate threads=1 begin_tick=1965368372074166 end_tick=1965368372078125 ms_per_tick=9.9999999999999995e-07 device_ms=0.0039589999999999998
PRODUCER_KERNEL_V1 stage=1 raw_iteration=2147483649 ordinal=21 kernel=finalize_resident_eos_candidate threads=1 begin_tick=1965368372078625 end_tick=1965368372081041 ms_per_tick=9.9999999999999995e-07 device_ms=0.0024159999999999997
PRODUCER_KERNEL_V1 stage=1 raw_iteration=2147483649 ordinal=22 kernel=evaluate_resident_eos_candidate threads=504666 begin_tick=1965368372081500 end_tick=1965368934532833 ms_per_tick=9.9999999999999995e-07 device_ms=562.45133299999998
PRODUCER_KERNEL_V1 stage=1 raw_iteration=2147483649 ordinal=23 kernel=finalize_resident_eos_candidate threads=1 begin_tick=1965368934548541 end_tick=1965368934551250 ms_per_tick=9.9999999999999995e-07 device_ms=0.002709
PRODUCER_KERNEL_V1 stage=1 raw_iteration=2147483649 ordinal=24 kernel=identify_resident_eos threads=1 begin_tick=1965368934551541 end_tick=1965368934557750 ms_per_tick=9.9999999999999995e-07 device_ms=0.0062090000000000001
PRODUCER_KERNEL_V1 stage=1 raw_iteration=2147483649 ordinal=25 kernel=produce_resident_frozen_source threads=504666 begin_tick=1965368934558166 end_tick=1965368934588750 ms_per_tick=9.9999999999999995e-07 device_ms=0.030584
PRODUCER_KERNEL_V1 stage=1 raw_iteration=2147483649 ordinal=26 kernel=identify_resident_frozen_source threads=1 begin_tick=1965368934589166 end_tick=1965368934595166 ms_per_tick=9.9999999999999995e-07 device_ms=0.0060000000000000001
PRODUCER_KERNEL_V1 stage=1 raw_iteration=2147483649 ordinal=27 kernel=evaluate_resident_target_terms threads=504666 begin_tick=1965368934595583 end_tick=1965369047859666 ms_per_tick=9.9999999999999995e-07 device_ms=113.264083
PRODUCER_KERNEL_V1 stage=1 raw_iteration=2147483649 ordinal=28 kernel=finalize_resident_target threads=1 begin_tick=1965369047877208 end_tick=1965369047884041 ms_per_tick=9.9999999999999995e-07 device_ms=0.0068329999999999997
PRODUCER_KERNEL_V1 stage=1 raw_iteration=2147483649 ordinal=29 kernel=identify_resident_target threads=1 begin_tick=1965369047884458 end_tick=1965369047887333 ms_per_tick=9.9999999999999995e-07 device_ms=0.002875
PRODUCER_KERNEL_V1 stage=1 raw_iteration=2147483649 ordinal=30 kernel=issue_resident_projection_consumer threads=1 begin_tick=1965369047887750 end_tick=1965369047891916 ms_per_tick=9.9999999999999995e-07 device_ms=0.0041659999999999996
PRODUCER_KERNEL_V1 stage=1 raw_iteration=2147483649 ordinal=31 kernel=consume_resident_target threads=1 begin_tick=1965369047893250 end_tick=1965369047900208 ms_per_tick=9.9999999999999995e-07 device_ms=0.0069579999999999998
PRODUCER_KERNEL_V1 stage=1 raw_iteration=2147483649 ordinal=32 kernel=owner_compose_target threads=504666 begin_tick=1965369047900583 end_tick=1965369047979833 ms_per_tick=9.9999999999999995e-07 device_ms=0.079250000000000001
PRODUCER_KERNEL_V1 stage=1 raw_iteration=2147483649 ordinal=33 kernel=finalize_resident_target threads=1 begin_tick=1965369047980166 end_tick=1965369047982541 ms_per_tick=9.9999999999999995e-07 device_ms=0.0023749999999999999
PRODUCER_KERNEL_V1 stage=1 raw_iteration=2147483649 ordinal=34 kernel=owner_identify_target threads=1 begin_tick=1965369047982916 end_tick=1965369047986833 ms_per_tick=9.9999999999999995e-07 device_ms=0.0039169999999999995
PRODUCER_KERNEL_V1 stage=1 raw_iteration=2147483649 ordinal=35 kernel=issue_resident_projection_consumer threads=1 begin_tick=1965369047987666 end_tick=1965369047991166 ms_per_tick=9.9999999999999995e-07 device_ms=0.0034999999999999996
PRODUCER_KERNEL_V1 stage=1 raw_iteration=2147483649 ordinal=36 kernel=consume_resident_target threads=1 begin_tick=1965369047991541 end_tick=1965369047995125 ms_per_tick=9.9999999999999995e-07 device_ms=0.0035839999999999999
PRODUCER_KERNEL_V1 stage=1 raw_iteration=2147483649 ordinal=37 kernel=owner_issue_stage_seal threads=1 begin_tick=1965369047995416 end_tick=1965369047998375 ms_per_tick=9.9999999999999995e-07 device_ms=0.0029589999999999998
PRODUCER_KERNEL_V1 stage=1 raw_iteration=2147483649 ordinal=38 kernel=fct_compatible_stage_rate threads=1533387 begin_tick=1965369047998958 end_tick=1965369048497750 ms_per_tick=9.9999999999999995e-07 device_ms=0.49879199999999996
PRODUCER_KERNEL_V1 stage=1 raw_iteration=2147483649 ordinal=39 kernel=fct_compatible_stage_rate threads=1533387 begin_tick=1965369048498125 end_tick=1965369048991916 ms_per_tick=9.9999999999999995e-07 device_ms=0.49379099999999998
PRODUCER_KERNEL_V1 stage=1 raw_iteration=2147483649 ordinal=40 kernel=owner_heun_momentum threads=1533387 begin_tick=1965369048992416 end_tick=1965369049086375 ms_per_tick=9.9999999999999995e-07 device_ms=0.093959000000000001
RISE_FIRE_OWNER_PROFILE_V1 {"scope":52,"parent":47,"phase":"BuildStageProducerGroup","stage":1,"raw_iteration":2147483649,"iteration_kind":"terminal","wall_ms":776.374875000,"device_sum_ms":694.823666476,"wall_minus_device_ms":81.551208524,"exclusive_wall_ms":776.374875000,"exclusive_device_sum_ms":694.823666476,"child_observer_wall_ms":0.000000000,"count_scope":"inclusive","owner_commits":1,"projection_invocations":0}
RISE_FIRE_OWNER_PROFILE_V1 {"scope":53,"parent":47,"phase":"AlphaResidual","stage":1,"raw_iteration":2147483649,"iteration_kind":"terminal","wall_ms":0.263667000,"device_sum_ms":0.054416712,"wall_minus_device_ms":0.209250288,"exclusive_wall_ms":0.263667000,"exclusive_device_sum_ms":0.054416712,"child_observer_wall_ms":0.000000000,"count_scope":"inclusive","owner_commits":1,"projection_invocations":0}
RISE_FIRE_OWNER_PROFILE_V1 {"scope":54,"parent":47,"phase":"Residual","stage":1,"raw_iteration":2147483649,"iteration_kind":"terminal","wall_ms":0.312000000,"device_sum_ms":0.113333343,"wall_minus_device_ms":0.198666657,"exclusive_wall_ms":0.312000000,"exclusive_device_sum_ms":0.113333343,"child_observer_wall_ms":0.000000000,"count_scope":"inclusive","owner_commits":1,"projection_invocations":0}
RISE_FIRE_OWNER_PROFILE_V1 {"scope":47,"parent":40,"phase":"TerminalVerification","stage":1,"raw_iteration":2147483649,"iteration_kind":"terminal","wall_ms":790.516334000,"device_sum_ms":704.017916461,"wall_minus_device_ms":86.498417539,"exclusive_wall_ms":0.004461000,"exclusive_device_sum_ms":0.000000000,"child_observer_wall_ms":0.041832000,"count_scope":"inclusive","owner_commits":7,"projection_invocations":1}
RISE_FIRE_OWNER_PROFILE_V1 {"scope":40,"parent":29,"phase":"PicardIteration","stage":1,"raw_iteration":1,"iteration_kind":"picard","wall_ms":1571.457041000,"device_sum_ms":1397.691874765,"wall_minus_device_ms":173.765166235,"exclusive_wall_ms":0.778333000,"exclusive_device_sum_ms":0.000000000,"child_observer_wall_ms":0.037875000,"count_scope":"inclusive","owner_commits":13,"projection_invocations":2}
RISE_FIRE_OWNER_PROFILE_V1 {"scope":29,"parent":1,"phase":"SolveStage","stage":1,"raw_iteration":4294967295,"iteration_kind":"bootstrap","wall_ms":3160.407958000,"device_sum_ms":2796.317083994,"wall_minus_device_ms":364.090874006,"exclusive_wall_ms":4.444375000,"exclusive_device_sum_ms":0.000000000,"child_observer_wall_ms":0.025375000,"count_scope":"inclusive","owner_commits":22,"projection_invocations":4}
RISE_FIRE_OWNER_PROFILE_V1 {"scope":57,"parent":56,"phase":"ProjectionAdapter","stage":2,"raw_iteration":4294967295,"iteration_kind":"bootstrap","wall_ms":12.134334000,"device_sum_ms":9.265291505,"wall_minus_device_ms":2.869042495,"exclusive_wall_ms":12.134334000,"exclusive_device_sum_ms":9.265291505,"child_observer_wall_ms":0.000000000,"count_scope":"inclusive","owner_commits":0,"projection_invocations":1}
RISE_FIRE_OWNER_PROFILE_V1 {"scope":56,"parent":55,"phase":"Project","stage":2,"raw_iteration":4294967295,"iteration_kind":"bootstrap","wall_ms":12.637083000,"device_sum_ms":9.306791471,"wall_minus_device_ms":3.330291529,"exclusive_wall_ms":0.494874000,"exclusive_device_sum_ms":0.041499967,"child_observer_wall_ms":0.007875000,"count_scope":"inclusive","owner_commits":2,"projection_invocations":1}
PRODUCER_COMMAND_V1 stage=2 raw_iteration=4294967295 cpu_begin=1965369069271250 cpu_end=1965369836631000 gpu_begin=1965369069271250 gpu_end=1965369836631000 device_ms=684.88966673612595 encoders=35 interval_scope=possibly_overlapping
PRODUCER_KERNEL_V1 stage=2 raw_iteration=4294967295 ordinal=0 kernel=owner_pack_faces threads=1533387 begin_tick=1965369151615625 end_tick=1965369151668791 ms_per_tick=9.9999999999999995e-07 device_ms=0.053165999999999998
PRODUCER_KERNEL_V1 stage=2 raw_iteration=4294967295 ordinal=1 kernel=owner_pack_faces threads=1533387 begin_tick=1965369151668500 end_tick=1965369152106625 ms_per_tick=9.9999999999999995e-07 device_ms=0.43812499999999999
PRODUCER_KERNEL_V1 stage=2 raw_iteration=4294967295 ordinal=2 kernel=owner_pack_faces threads=1533387 begin_tick=1965369151613708 end_tick=1965369151668500 ms_per_tick=9.9999999999999995e-07 device_ms=0.054792
PRODUCER_KERNEL_V1 stage=2 raw_iteration=4294967295 ordinal=3 kernel=fct_extract_gas_density threads=504666 begin_tick=1965369152106625 end_tick=1965369152131625 ms_per_tick=9.9999999999999995e-07 device_ms=0.024999999999999998
PRODUCER_KERNEL_V1 stage=2 raw_iteration=4294967295 ordinal=4 kernel=owner_gas_source threads=504666 begin_tick=1965369152131625 end_tick=1965369152173041 ms_per_tick=9.9999999999999995e-07 device_ms=0.041416000000000001
PRODUCER_KERNEL_V1 stage=2 raw_iteration=4294967295 ordinal=5 kernel=evaluate_resident_transport threads=504666 begin_tick=1965369151669208 end_tick=1965369152146208 ms_per_tick=9.9999999999999995e-07 device_ms=0.47699999999999998
PRODUCER_KERNEL_V1 stage=2 raw_iteration=4294967295 ordinal=6 kernel=identify_resident_transport threads=1 begin_tick=1965369152147500 end_tick=1965369152170833 ms_per_tick=9.9999999999999995e-07 device_ms=0.023333
PRODUCER_KERNEL_V1 stage=2 raw_iteration=4294967295 ordinal=7 kernel=owner_bind_transport threads=1 begin_tick=1965369152171250 end_tick=1965369152174833 ms_per_tick=9.9999999999999995e-07 device_ms=0.0035829999999999998
PRODUCER_KERNEL_V1 stage=2 raw_iteration=4294967295 ordinal=8 kernel=identify_resident_owner_endpoint_class threads=1 begin_tick=1965369152175250 end_tick=1965369152178833 ms_per_tick=9.9999999999999995e-07 device_ms=0.0035829999999999998
PRODUCER_KERNEL_V1 stage=2 raw_iteration=4294967295 ordinal=9 kernel=evaluate_resident_physical_flux threads=1533387 begin_tick=1965369153217625 end_tick=1965369154551000 ms_per_tick=9.9999999999999995e-07 device_ms=1.333375
PRODUCER_KERNEL_V1 stage=2 raw_iteration=4294967295 ordinal=10 kernel=evaluate_resident_advective_pair threads=13800483 begin_tick=1965369154783333 end_tick=1965369162318250 ms_per_tick=9.9999999999999995e-07 device_ms=7.5349170000000001
PRODUCER_KERNEL_V1 stage=2 raw_iteration=4294967295 ordinal=11 kernel=finalize_resident_advective_high threads=13800483 begin_tick=1965369162337375 end_tick=1965369162758333 ms_per_tick=9.9999999999999995e-07 device_ms=0.420958
PRODUCER_KERNEL_V1 stage=2 raw_iteration=4294967295 ordinal=12 kernel=compose_resident_flux_pair threads=13800483 begin_tick=1965369162758708 end_tick=1965369163646000 ms_per_tick=9.9999999999999995e-07 device_ms=0.88729199999999997
PRODUCER_KERNEL_V1 stage=2 raw_iteration=4294967295 ordinal=13 kernel=validate_resident_physical_flux threads=13800483 begin_tick=1965369163646666 end_tick=1965369164477791 ms_per_tick=9.9999999999999995e-07 device_ms=0.831125
PRODUCER_KERNEL_V1 stage=2 raw_iteration=4294967295 ordinal=14 kernel=identify_resident_physical_flux threads=32 begin_tick=1965369164478458 end_tick=1965369164484750 ms_per_tick=9.9999999999999995e-07 device_ms=0.0062919999999999998
PRODUCER_KERNEL_V1 stage=2 raw_iteration=4294967295 ordinal=15 kernel=owner_bind_candidate threads=1 begin_tick=1965369164485250 end_tick=1965369164488875 ms_per_tick=9.9999999999999995e-07 device_ms=0.0036249999999999998
PRODUCER_KERNEL_V1 stage=2 raw_iteration=4294967295 ordinal=16 kernel=finalize_resident_eos_candidate threads=1 begin_tick=1965369164489291 end_tick=1965369164491416 ms_per_tick=9.9999999999999995e-07 device_ms=0.0021249999999999997
PRODUCER_KERNEL_V1 stage=2 raw_iteration=4294967295 ordinal=17 kernel=evaluate_resident_eos_candidate threads=504666 begin_tick=1965369164492125 end_tick=1965369721891166 ms_per_tick=9.9999999999999995e-07 device_ms=557.39904100000001
PRODUCER_KERNEL_V1 stage=2 raw_iteration=4294967295 ordinal=18 kernel=finalize_resident_eos_candidate threads=1 begin_tick=1965369721906541 end_tick=1965369721910083 ms_per_tick=9.9999999999999995e-07 device_ms=0.003542
PRODUCER_KERNEL_V1 stage=2 raw_iteration=4294967295 ordinal=19 kernel=identify_resident_eos threads=1 begin_tick=1965369721910541 end_tick=1965369721913208 ms_per_tick=9.9999999999999995e-07 device_ms=0.0026669999999999997
PRODUCER_KERNEL_V1 stage=2 raw_iteration=4294967295 ordinal=20 kernel=produce_resident_frozen_source threads=504666 begin_tick=1965369721913541 end_tick=1965369721945958 ms_per_tick=9.9999999999999995e-07 device_ms=0.032417000000000001
PRODUCER_KERNEL_V1 stage=2 raw_iteration=4294967295 ordinal=21 kernel=identify_resident_frozen_source threads=1 begin_tick=1965369721946416 end_tick=1965369721949041 ms_per_tick=9.9999999999999995e-07 device_ms=0.0026249999999999997
PRODUCER_KERNEL_V1 stage=2 raw_iteration=4294967295 ordinal=22 kernel=evaluate_resident_target_terms threads=504666 begin_tick=1965369721949416 end_tick=1965369835794583 ms_per_tick=9.9999999999999995e-07 device_ms=113.84516699999999
PRODUCER_KERNEL_V1 stage=2 raw_iteration=4294967295 ordinal=23 kernel=finalize_resident_target threads=1 begin_tick=1965369835808666 end_tick=1965369835811958 ms_per_tick=9.9999999999999995e-07 device_ms=0.0032919999999999998
PRODUCER_KERNEL_V1 stage=2 raw_iteration=4294967295 ordinal=24 kernel=identify_resident_target threads=1 begin_tick=1965369835812291 end_tick=1965369835818833 ms_per_tick=9.9999999999999995e-07 device_ms=0.0065420000000000001
PRODUCER_KERNEL_V1 stage=2 raw_iteration=4294967295 ordinal=25 kernel=issue_resident_projection_consumer threads=1 begin_tick=1965369835819416 end_tick=1965369835823500 ms_per_tick=9.9999999999999995e-07 device_ms=0.004084
PRODUCER_KERNEL_V1 stage=2 raw_iteration=4294967295 ordinal=26 kernel=consume_resident_target threads=1 begin_tick=1965369835823916 end_tick=1965369835828625 ms_per_tick=9.9999999999999995e-07 device_ms=0.0047089999999999996
PRODUCER_KERNEL_V1 stage=2 raw_iteration=4294967295 ordinal=27 kernel=owner_compose_target threads=504666 begin_tick=1965369835829166 end_tick=1965369835859500 ms_per_tick=9.9999999999999995e-07 device_ms=0.030334
PRODUCER_KERNEL_V1 stage=2 raw_iteration=4294967295 ordinal=28 kernel=finalize_resident_target threads=1 begin_tick=1965369835859791 end_tick=1965369835865500 ms_per_tick=9.9999999999999995e-07 device_ms=0.0057089999999999997
PRODUCER_KERNEL_V1 stage=2 raw_iteration=4294967295 ordinal=29 kernel=owner_identify_target threads=1 begin_tick=1965369835865958 end_tick=1965369835869208 ms_per_tick=9.9999999999999995e-07 device_ms=0.0032499999999999999
PRODUCER_KERNEL_V1 stage=2 raw_iteration=4294967295 ordinal=30 kernel=issue_resident_projection_consumer threads=1 begin_tick=1965369835869583 end_tick=1965369835873291 ms_per_tick=9.9999999999999995e-07 device_ms=0.0037079999999999999
PRODUCER_KERNEL_V1 stage=2 raw_iteration=4294967295 ordinal=31 kernel=consume_resident_target threads=1 begin_tick=1965369835873833 end_tick=1965369835876916 ms_per_tick=9.9999999999999995e-07 device_ms=0.0030829999999999998
PRODUCER_KERNEL_V1 stage=2 raw_iteration=4294967295 ordinal=32 kernel=owner_issue_stage_seal threads=1 begin_tick=1965369835877333 end_tick=1965369835880833 ms_per_tick=9.9999999999999995e-07 device_ms=0.0034999999999999996
PRODUCER_KERNEL_V1 stage=2 raw_iteration=4294967295 ordinal=33 kernel=fct_compatible_stage_rate threads=1533387 begin_tick=1965369835881333 end_tick=1965369836402458 ms_per_tick=9.9999999999999995e-07 device_ms=0.52112499999999995
PRODUCER_KERNEL_V1 stage=2 raw_iteration=4294967295 ordinal=34 kernel=owner_heun_momentum threads=1533387 begin_tick=1965369836402833 end_tick=1965369836497750 ms_per_tick=9.9999999999999995e-07 device_ms=0.094917000000000001
RISE_FIRE_OWNER_PROFILE_V1 {"scope":58,"parent":55,"phase":"BuildStageProducerGroup","stage":2,"raw_iteration":4294967295,"iteration_kind":"bootstrap","wall_ms":767.516375000,"device_sum_ms":684.889666736,"wall_minus_device_ms":82.626708264,"exclusive_wall_ms":767.516375000,"exclusive_device_sum_ms":684.889666736,"child_observer_wall_ms":0.000000000,"count_scope":"inclusive","owner_commits":1,"projection_invocations":0}
RISE_FIRE_OWNER_PROFILE_V1 {"scope":61,"parent":60,"phase":"ProjectionAdapter","stage":2,"raw_iteration":0,"iteration_kind":"picard","wall_ms":12.266625000,"device_sum_ms":9.442667011,"wall_minus_device_ms":2.823957989,"exclusive_wall_ms":12.266625000,"exclusive_device_sum_ms":9.442667011,"child_observer_wall_ms":0.000000000,"count_scope":"inclusive","owner_commits":0,"projection_invocations":1}
RISE_FIRE_OWNER_PROFILE_V1 {"scope":60,"parent":59,"phase":"Project","stage":2,"raw_iteration":0,"iteration_kind":"picard","wall_ms":12.812375000,"device_sum_ms":9.485917166,"wall_minus_device_ms":3.326457834,"exclusive_wall_ms":0.536542000,"exclusive_device_sum_ms":0.043250155,"child_observer_wall_ms":0.009208000,"count_scope":"inclusive","owner_commits":2,"projection_invocations":1}
RISE_FIRE_OWNER_PROFILE_V1 {"scope":62,"parent":59,"phase":"ReadOpenClass","stage":2,"raw_iteration":0,"iteration_kind":"picard","wall_ms":0.162750000,"device_sum_ms":0.002499903,"wall_minus_device_ms":0.160250097,"exclusive_wall_ms":0.162750000,"exclusive_device_sum_ms":0.002499903,"child_observer_wall_ms":0.000000000,"count_scope":"inclusive","owner_commits":1,"projection_invocations":0}
RISE_FIRE_OWNER_PROFILE_V1 {"scope":63,"parent":59,"phase":"ReadOpenClass","stage":2,"raw_iteration":0,"iteration_kind":"picard","wall_ms":0.153125000,"device_sum_ms":0.002458459,"wall_minus_device_ms":0.150666541,"exclusive_wall_ms":0.153125000,"exclusive_device_sum_ms":0.002458459,"child_observer_wall_ms":0.000000000,"count_scope":"inclusive","owner_commits":1,"projection_invocations":0}
PRODUCER_COMMAND_V1 stage=2 raw_iteration=0 cpu_begin=1965369849939583 cpu_end=1965370609638833 gpu_begin=1965369849939583 gpu_end=1965370609638833 device_ms=677.95899999327958 encoders=35 interval_scope=possibly_overlapping
PRODUCER_KERNEL_V1 stage=2 raw_iteration=0 ordinal=0 kernel=owner_pack_faces threads=1533387 begin_tick=1965369931556833 end_tick=1965369931617000 ms_per_tick=9.9999999999999995e-07 device_ms=0.060166999999999998
PRODUCER_KERNEL_V1 stage=2 raw_iteration=0 ordinal=1 kernel=owner_pack_faces threads=1533387 begin_tick=1965369931616791 end_tick=1965369932051875 ms_per_tick=9.9999999999999995e-07 device_ms=0.43508399999999997
PRODUCER_KERNEL_V1 stage=2 raw_iteration=0 ordinal=2 kernel=owner_pack_faces threads=1533387 begin_tick=1965369931556625 end_tick=1965369931616791 ms_per_tick=9.9999999999999995e-07 device_ms=0.060165999999999997
PRODUCER_KERNEL_V1 stage=2 raw_iteration=0 ordinal=3 kernel=fct_extract_gas_density threads=504666 begin_tick=1965369932051875 end_tick=1965369932075958 ms_per_tick=9.9999999999999995e-07 device_ms=0.024083
PRODUCER_KERNEL_V1 stage=2 raw_iteration=0 ordinal=4 kernel=owner_gas_source threads=504666 begin_tick=1965369932075958 end_tick=1965369932117666 ms_per_tick=9.9999999999999995e-07 device_ms=0.041707999999999995
PRODUCER_KERNEL_V1 stage=2 raw_iteration=0 ordinal=5 kernel=evaluate_resident_transport threads=504666 begin_tick=1965369931617375 end_tick=1965369932117875 ms_per_tick=9.9999999999999995e-07 device_ms=0.50049999999999994
PRODUCER_KERNEL_V1 stage=2 raw_iteration=0 ordinal=6 kernel=identify_resident_transport threads=1 begin_tick=1965369932118333 end_tick=1965369932121041 ms_per_tick=9.9999999999999995e-07 device_ms=0.0027079999999999999
PRODUCER_KERNEL_V1 stage=2 raw_iteration=0 ordinal=7 kernel=owner_bind_transport threads=1 begin_tick=1965369932121625 end_tick=1965369932125166 ms_per_tick=9.9999999999999995e-07 device_ms=0.0035409999999999999
PRODUCER_KERNEL_V1 stage=2 raw_iteration=0 ordinal=8 kernel=identify_resident_owner_endpoint_class threads=1 begin_tick=1965369932125583 end_tick=1965369932129041 ms_per_tick=9.9999999999999995e-07 device_ms=0.0034579999999999997
PRODUCER_KERNEL_V1 stage=2 raw_iteration=0 ordinal=9 kernel=evaluate_resident_physical_flux threads=1533387 begin_tick=1965369933130500 end_tick=1965369934491750 ms_per_tick=9.9999999999999995e-07 device_ms=1.3612499999999998
PRODUCER_KERNEL_V1 stage=2 raw_iteration=0 ordinal=10 kernel=evaluate_resident_advective_pair threads=13800483 begin_tick=1965369934671166 end_tick=1965369941757125 ms_per_tick=9.9999999999999995e-07 device_ms=7.0859589999999999
PRODUCER_KERNEL_V1 stage=2 raw_iteration=0 ordinal=11 kernel=finalize_resident_advective_high threads=13800483 begin_tick=1965369941757750 end_tick=1965369942178625 ms_per_tick=9.9999999999999995e-07 device_ms=0.420875
PRODUCER_KERNEL_V1 stage=2 raw_iteration=0 ordinal=12 kernel=compose_resident_flux_pair threads=13800483 begin_tick=1965369942179000 end_tick=1965369943065416 ms_per_tick=9.9999999999999995e-07 device_ms=0.88641599999999998
PRODUCER_KERNEL_V1 stage=2 raw_iteration=0 ordinal=13 kernel=validate_resident_physical_flux threads=13800483 begin_tick=1965369943065958 end_tick=1965369943912041 ms_per_tick=9.9999999999999995e-07 device_ms=0.84608299999999992
PRODUCER_KERNEL_V1 stage=2 raw_iteration=0 ordinal=14 kernel=identify_resident_physical_flux threads=32 begin_tick=1965369943912541 end_tick=1965369943915833 ms_per_tick=9.9999999999999995e-07 device_ms=0.0032919999999999998
PRODUCER_KERNEL_V1 stage=2 raw_iteration=0 ordinal=15 kernel=owner_bind_candidate threads=1 begin_tick=1965369943916208 end_tick=1965369943920125 ms_per_tick=9.9999999999999995e-07 device_ms=0.0039169999999999995
PRODUCER_KERNEL_V1 stage=2 raw_iteration=0 ordinal=16 kernel=finalize_resident_eos_candidate threads=1 begin_tick=1965369943921166 end_tick=1965369943923208 ms_per_tick=9.9999999999999995e-07 device_ms=0.002042
PRODUCER_KERNEL_V1 stage=2 raw_iteration=0 ordinal=17 kernel=evaluate_resident_eos_candidate threads=504666 begin_tick=1965369943923958 end_tick=1965370495528166 ms_per_tick=9.9999999999999995e-07 device_ms=551.60420799999997
PRODUCER_KERNEL_V1 stage=2 raw_iteration=0 ordinal=18 kernel=finalize_resident_eos_candidate threads=1 begin_tick=1965370495542958 end_tick=1965370495545666 ms_per_tick=9.9999999999999995e-07 device_ms=0.0027079999999999999
PRODUCER_KERNEL_V1 stage=2 raw_iteration=0 ordinal=19 kernel=identify_resident_eos threads=1 begin_tick=1965370495546083 end_tick=1965370495548791 ms_per_tick=9.9999999999999995e-07 device_ms=0.0027079999999999999
PRODUCER_KERNEL_V1 stage=2 raw_iteration=0 ordinal=20 kernel=produce_resident_frozen_source threads=504666 begin_tick=1965370495549083 end_tick=1965370495580875 ms_per_tick=9.9999999999999995e-07 device_ms=0.031792000000000001
PRODUCER_KERNEL_V1 stage=2 raw_iteration=0 ordinal=21 kernel=identify_resident_frozen_source threads=1 begin_tick=1965370495581541 end_tick=1965370495584541 ms_per_tick=9.9999999999999995e-07 device_ms=0.0030000000000000001
PRODUCER_KERNEL_V1 stage=2 raw_iteration=0 ordinal=22 kernel=evaluate_resident_target_terms threads=504666 begin_tick=1965370495584833 end_tick=1965370608835000 ms_per_tick=9.9999999999999995e-07 device_ms=113.25016699999999
PRODUCER_KERNEL_V1 stage=2 raw_iteration=0 ordinal=23 kernel=finalize_resident_target threads=1 begin_tick=1965370608850500 end_tick=1965370608853625 ms_per_tick=9.9999999999999995e-07 device_ms=0.0031249999999999997
PRODUCER_KERNEL_V1 stage=2 raw_iteration=0 ordinal=24 kernel=identify_resident_target threads=1 begin_tick=1965370608853958 end_tick=1965370608856666 ms_per_tick=9.9999999999999995e-07 device_ms=0.0027079999999999999
PRODUCER_KERNEL_V1 stage=2 raw_iteration=0 ordinal=25 kernel=issue_resident_projection_consumer threads=1 begin_tick=1965370608857125 end_tick=1965370608861333 ms_per_tick=9.9999999999999995e-07 device_ms=0.0042079999999999999
PRODUCER_KERNEL_V1 stage=2 raw_iteration=0 ordinal=26 kernel=consume_resident_target threads=1 begin_tick=1965370608861750 end_tick=1965370608866083 ms_per_tick=9.9999999999999995e-07 device_ms=0.004333
PRODUCER_KERNEL_V1 stage=2 raw_iteration=0 ordinal=27 kernel=owner_compose_target threads=504666 begin_tick=1965370608866625 end_tick=1965370608898875 ms_per_tick=9.9999999999999995e-07 device_ms=0.032250000000000001
PRODUCER_KERNEL_V1 stage=2 raw_iteration=0 ordinal=28 kernel=finalize_resident_target threads=1 begin_tick=1965370608899208 end_tick=1965370608901416 ms_per_tick=9.9999999999999995e-07 device_ms=0.0022079999999999999
PRODUCER_KERNEL_V1 stage=2 raw_iteration=0 ordinal=29 kernel=owner_identify_target threads=1 begin_tick=1965370608901875 end_tick=1965370608905041 ms_per_tick=9.9999999999999995e-07 device_ms=0.003166
PRODUCER_KERNEL_V1 stage=2 raw_iteration=0 ordinal=30 kernel=issue_resident_projection_consumer threads=1 begin_tick=1965370608905416 end_tick=1965370608908291 ms_per_tick=9.9999999999999995e-07 device_ms=0.002875
PRODUCER_KERNEL_V1 stage=2 raw_iteration=0 ordinal=31 kernel=consume_resident_target threads=1 begin_tick=1965370608908708 end_tick=1965370608912250 ms_per_tick=9.9999999999999995e-07 device_ms=0.003542
PRODUCER_KERNEL_V1 stage=2 raw_iteration=0 ordinal=32 kernel=owner_issue_stage_seal threads=1 begin_tick=1965370608912625 end_tick=1965370608915458 ms_per_tick=9.9999999999999995e-07 device_ms=0.002833
PRODUCER_KERNEL_V1 stage=2 raw_iteration=0 ordinal=33 kernel=fct_compatible_stage_rate threads=1533387 begin_tick=1965370608915875 end_tick=1965370609416833 ms_per_tick=9.9999999999999995e-07 device_ms=0.50095800000000001
PRODUCER_KERNEL_V1 stage=2 raw_iteration=0 ordinal=34 kernel=owner_heun_momentum threads=1533387 begin_tick=1965370609417208 end_tick=1965370609509875 ms_per_tick=9.9999999999999995e-07 device_ms=0.092666999999999999
RISE_FIRE_OWNER_PROFILE_V1 {"scope":64,"parent":59,"phase":"BuildStageProducerGroup","stage":2,"raw_iteration":0,"iteration_kind":"picard","wall_ms":759.841875000,"device_sum_ms":677.958999993,"wall_minus_device_ms":81.882875007,"exclusive_wall_ms":759.841875000,"exclusive_device_sum_ms":677.958999993,"child_observer_wall_ms":0.000000000,"count_scope":"inclusive","owner_commits":1,"projection_invocations":0}
RISE_FIRE_OWNER_PROFILE_V1 {"scope":65,"parent":59,"phase":"Residual","stage":2,"raw_iteration":0,"iteration_kind":"picard","wall_ms":0.246166000,"device_sum_ms":0.022416702,"wall_minus_device_ms":0.223749298,"exclusive_wall_ms":0.246166000,"exclusive_device_sum_ms":0.022416702,"child_observer_wall_ms":0.000000000,"count_scope":"inclusive","owner_commits":1,"projection_invocations":0}
RISE_FIRE_OWNER_PROFILE_V1 {"scope":59,"parent":55,"phase":"PicardIteration","stage":2,"raw_iteration":0,"iteration_kind":"picard","wall_ms":773.986083000,"device_sum_ms":687.472292222,"wall_minus_device_ms":86.513790778,"exclusive_wall_ms":0.740583000,"exclusive_device_sum_ms":0.000000000,"child_observer_wall_ms":0.029209000,"count_scope":"inclusive","owner_commits":6,"projection_invocations":1}
RISE_FIRE_OWNER_PROFILE_V1 {"scope":68,"parent":67,"phase":"ProjectionAdapter","stage":2,"raw_iteration":1,"iteration_kind":"picard","wall_ms":11.751458000,"device_sum_ms":8.891250007,"wall_minus_device_ms":2.860207993,"exclusive_wall_ms":11.751458000,"exclusive_device_sum_ms":8.891250007,"child_observer_wall_ms":0.000000000,"count_scope":"inclusive","owner_commits":0,"projection_invocations":1}
RISE_FIRE_OWNER_PROFILE_V1 {"scope":67,"parent":66,"phase":"Project","stage":2,"raw_iteration":1,"iteration_kind":"picard","wall_ms":12.922542000,"device_sum_ms":8.935291553,"wall_minus_device_ms":3.987250447,"exclusive_wall_ms":1.165709000,"exclusive_device_sum_ms":0.044041546,"child_observer_wall_ms":0.005375000,"count_scope":"inclusive","owner_commits":2,"projection_invocations":1}
RISE_FIRE_OWNER_PROFILE_V1 {"scope":69,"parent":66,"phase":"ReadOpenClass","stage":2,"raw_iteration":1,"iteration_kind":"picard","wall_ms":0.156542000,"device_sum_ms":0.002374873,"wall_minus_device_ms":0.154167127,"exclusive_wall_ms":0.156542000,"exclusive_device_sum_ms":0.002374873,"child_observer_wall_ms":0.000000000,"count_scope":"inclusive","owner_commits":1,"projection_invocations":0}
RISE_FIRE_OWNER_PROFILE_V1 {"scope":70,"parent":66,"phase":"ReadOpenClass","stage":2,"raw_iteration":1,"iteration_kind":"picard","wall_ms":0.149500000,"device_sum_ms":0.002458226,"wall_minus_device_ms":0.147041774,"exclusive_wall_ms":0.149500000,"exclusive_device_sum_ms":0.002458226,"child_observer_wall_ms":0.000000000,"count_scope":"inclusive","owner_commits":1,"projection_invocations":0}
PRODUCER_COMMAND_V1 stage=2 raw_iteration=1 cpu_begin=1965370624025750 cpu_end=1965371383325666 gpu_begin=1965370624025750 gpu_end=1965371383325666 device_ms=678.4256249666214 encoders=35 interval_scope=possibly_overlapping
PRODUCER_KERNEL_V1 stage=2 raw_iteration=1 ordinal=0 kernel=owner_pack_faces threads=1533387 begin_tick=1965370704727458 end_tick=1965370704785416 ms_per_tick=9.9999999999999995e-07 device_ms=0.057957999999999996
PRODUCER_KERNEL_V1 stage=2 raw_iteration=1 ordinal=1 kernel=owner_pack_faces threads=1533387 begin_tick=1965370704785166 end_tick=1965370705013083 ms_per_tick=9.9999999999999995e-07 device_ms=0.22791699999999998
PRODUCER_KERNEL_V1 stage=2 raw_iteration=1 ordinal=2 kernel=owner_pack_faces threads=1533387 begin_tick=1965370704725916 end_tick=1965370704785166 ms_per_tick=9.9999999999999995e-07 device_ms=0.059249999999999997
PRODUCER_KERNEL_V1 stage=2 raw_iteration=1 ordinal=3 kernel=fct_extract_gas_density threads=504666 begin_tick=1965370704785875 end_tick=1965370704835125 ms_per_tick=9.9999999999999995e-07 device_ms=0.049249999999999995
PRODUCER_KERNEL_V1 stage=2 raw_iteration=1 ordinal=4 kernel=owner_gas_source threads=504666 begin_tick=1965370705013416 end_tick=1965370705284875 ms_per_tick=9.9999999999999995e-07 device_ms=0.27145900000000001
PRODUCER_KERNEL_V1 stage=2 raw_iteration=1 ordinal=5 kernel=evaluate_resident_transport threads=504666 begin_tick=1965370704846291 end_tick=1965370705300083 ms_per_tick=9.9999999999999995e-07 device_ms=0.45379199999999997
PRODUCER_KERNEL_V1 stage=2 raw_iteration=1 ordinal=6 kernel=identify_resident_transport threads=1 begin_tick=1965370705300625 end_tick=1965370705303583 ms_per_tick=9.9999999999999995e-07 device_ms=0.0029579999999999997
PRODUCER_KERNEL_V1 stage=2 raw_iteration=1 ordinal=7 kernel=owner_bind_transport threads=1 begin_tick=1965370705304125 end_tick=1965370705307500 ms_per_tick=9.9999999999999995e-07 device_ms=0.003375
PRODUCER_KERNEL_V1 stage=2 raw_iteration=1 ordinal=8 kernel=identify_resident_owner_endpoint_class threads=1 begin_tick=1965370705307875 end_tick=1965370705311375 ms_per_tick=9.9999999999999995e-07 device_ms=0.0034999999999999996
PRODUCER_KERNEL_V1 stage=2 raw_iteration=1 ordinal=9 kernel=evaluate_resident_physical_flux threads=1533387 begin_tick=1965370706457250 end_tick=1965370707804250 ms_per_tick=9.9999999999999995e-07 device_ms=1.347
PRODUCER_KERNEL_V1 stage=2 raw_iteration=1 ordinal=10 kernel=evaluate_resident_advective_pair threads=13800483 begin_tick=1965370707975583 end_tick=1965370715062000 ms_per_tick=9.9999999999999995e-07 device_ms=7.086417
PRODUCER_KERNEL_V1 stage=2 raw_iteration=1 ordinal=11 kernel=finalize_resident_advective_high threads=13800483 begin_tick=1965370715062625 end_tick=1965370715481916 ms_per_tick=9.9999999999999995e-07 device_ms=0.41929099999999997
PRODUCER_KERNEL_V1 stage=2 raw_iteration=1 ordinal=12 kernel=compose_resident_flux_pair threads=13800483 begin_tick=1965370715482291 end_tick=1965370716364125 ms_per_tick=9.9999999999999995e-07 device_ms=0.88183400000000001
PRODUCER_KERNEL_V1 stage=2 raw_iteration=1 ordinal=13 kernel=validate_resident_physical_flux threads=13800483 begin_tick=1965370716364875 end_tick=1965370717204666 ms_per_tick=9.9999999999999995e-07 device_ms=0.83979099999999995
PRODUCER_KERNEL_V1 stage=2 raw_iteration=1 ordinal=14 kernel=identify_resident_physical_flux threads=32 begin_tick=1965370717205375 end_tick=1965370717211583 ms_per_tick=9.9999999999999995e-07 device_ms=0.006208
PRODUCER_KERNEL_V1 stage=2 raw_iteration=1 ordinal=15 kernel=owner_bind_candidate threads=1 begin_tick=1965370717212083 end_tick=1965370717215541 ms_per_tick=9.9999999999999995e-07 device_ms=0.0034579999999999997
PRODUCER_KERNEL_V1 stage=2 raw_iteration=1 ordinal=16 kernel=finalize_resident_eos_candidate threads=1 begin_tick=1965370717215875 end_tick=1965370717218208 ms_per_tick=9.9999999999999995e-07 device_ms=0.002333
PRODUCER_KERNEL_V1 stage=2 raw_iteration=1 ordinal=17 kernel=evaluate_resident_eos_candidate threads=504666 begin_tick=1965370717218916 end_tick=1965371269051416 ms_per_tick=9.9999999999999995e-07 device_ms=551.83249999999998
PRODUCER_KERNEL_V1 stage=2 raw_iteration=1 ordinal=18 kernel=finalize_resident_eos_candidate threads=1 begin_tick=1965371269067541 end_tick=1965371269070000 ms_per_tick=9.9999999999999995e-07 device_ms=0.0024589999999999998
PRODUCER_KERNEL_V1 stage=2 raw_iteration=1 ordinal=19 kernel=identify_resident_eos threads=1 begin_tick=1965371269070500 end_tick=1965371269073708 ms_per_tick=9.9999999999999995e-07 device_ms=0.0032079999999999999
PRODUCER_KERNEL_V1 stage=2 raw_iteration=1 ordinal=20 kernel=produce_resident_frozen_source threads=504666 begin_tick=1965371269074083 end_tick=1965371269105416 ms_per_tick=9.9999999999999995e-07 device_ms=0.031333
PRODUCER_KERNEL_V1 stage=2 raw_iteration=1 ordinal=21 kernel=identify_resident_frozen_source threads=1 begin_tick=1965371269106000 end_tick=1965371269112208 ms_per_tick=9.9999999999999995e-07 device_ms=0.006208
PRODUCER_KERNEL_V1 stage=2 raw_iteration=1 ordinal=22 kernel=evaluate_resident_target_terms threads=504666 begin_tick=1965371269112583 end_tick=1965371382465875 ms_per_tick=9.9999999999999995e-07 device_ms=113.353292
PRODUCER_KERNEL_V1 stage=2 raw_iteration=1 ordinal=23 kernel=finalize_resident_target threads=1 begin_tick=1965371382481750 end_tick=1965371382488541 ms_per_tick=9.9999999999999995e-07 device_ms=0.0067909999999999993
PRODUCER_KERNEL_V1 stage=2 raw_iteration=1 ordinal=24 kernel=identify_resident_target threads=1 begin_tick=1965371382488958 end_tick=1965371382491750 ms_per_tick=9.9999999999999995e-07 device_ms=0.0027919999999999998
PRODUCER_KERNEL_V1 stage=2 raw_iteration=1 ordinal=25 kernel=issue_resident_projection_consumer threads=1 begin_tick=1965371382492333 end_tick=1965371382496416 ms_per_tick=9.9999999999999995e-07 device_ms=0.0040829999999999998
PRODUCER_KERNEL_V1 stage=2 raw_iteration=1 ordinal=26 kernel=consume_resident_target threads=1 begin_tick=1965371382497750 end_tick=1965371382501833 ms_per_tick=9.9999999999999995e-07 device_ms=0.0040829999999999998
PRODUCER_KERNEL_V1 stage=2 raw_iteration=1 ordinal=27 kernel=owner_compose_target threads=504666 begin_tick=1965371382502416 end_tick=1965371382534666 ms_per_tick=9.9999999999999995e-07 device_ms=0.032250000000000001
PRODUCER_KERNEL_V1 stage=2 raw_iteration=1 ordinal=28 kernel=finalize_resident_target threads=1 begin_tick=1965371382535000 end_tick=1965371382537291 ms_per_tick=9.9999999999999995e-07 device_ms=0.0022910000000000001
PRODUCER_KERNEL_V1 stage=2 raw_iteration=1 ordinal=29 kernel=owner_identify_target threads=1 begin_tick=1965371382537916 end_tick=1965371382541041 ms_per_tick=9.9999999999999995e-07 device_ms=0.0031249999999999997
PRODUCER_KERNEL_V1 stage=2 raw_iteration=1 ordinal=30 kernel=issue_resident_projection_consumer threads=1 begin_tick=1965371382541416 end_tick=1965371382544541 ms_per_tick=9.9999999999999995e-07 device_ms=0.0031249999999999997
PRODUCER_KERNEL_V1 stage=2 raw_iteration=1 ordinal=31 kernel=consume_resident_target threads=1 begin_tick=1965371382545083 end_tick=1965371382548333 ms_per_tick=9.9999999999999995e-07 device_ms=0.0032499999999999999
PRODUCER_KERNEL_V1 stage=2 raw_iteration=1 ordinal=32 kernel=owner_issue_stage_seal threads=1 begin_tick=1965371382548750 end_tick=1965371382551541 ms_per_tick=9.9999999999999995e-07 device_ms=0.0027910000000000001
PRODUCER_KERNEL_V1 stage=2 raw_iteration=1 ordinal=33 kernel=fct_compatible_stage_rate threads=1533387 begin_tick=1965371382552000 end_tick=1965371383053500 ms_per_tick=9.9999999999999995e-07 device_ms=0.50149999999999995
PRODUCER_KERNEL_V1 stage=2 raw_iteration=1 ordinal=34 kernel=owner_heun_momentum threads=1533387 begin_tick=1965371383054000 end_tick=1965371383145750 ms_per_tick=9.9999999999999995e-07 device_ms=0.091749999999999998
RISE_FIRE_OWNER_PROFILE_V1 {"scope":71,"parent":66,"phase":"BuildStageProducerGroup","stage":2,"raw_iteration":1,"iteration_kind":"picard","wall_ms":759.439166000,"device_sum_ms":678.425624967,"wall_minus_device_ms":81.013541033,"exclusive_wall_ms":759.439166000,"exclusive_device_sum_ms":678.425624967,"child_observer_wall_ms":0.000000000,"count_scope":"inclusive","owner_commits":1,"projection_invocations":0}
RISE_FIRE_OWNER_PROFILE_V1 {"scope":72,"parent":66,"phase":"Residual","stage":2,"raw_iteration":1,"iteration_kind":"picard","wall_ms":0.330750000,"device_sum_ms":0.114249997,"wall_minus_device_ms":0.216500003,"exclusive_wall_ms":0.330750000,"exclusive_device_sum_ms":0.114249997,"child_observer_wall_ms":0.000000000,"count_scope":"inclusive","owner_commits":1,"projection_invocations":0}
RISE_FIRE_OWNER_PROFILE_V1 {"scope":75,"parent":74,"phase":"ProjectionAdapter","stage":2,"raw_iteration":2147483649,"iteration_kind":"terminal","wall_ms":12.647834000,"device_sum_ms":9.742666502,"wall_minus_device_ms":2.905167498,"exclusive_wall_ms":12.647834000,"exclusive_device_sum_ms":9.742666502,"child_observer_wall_ms":0.000000000,"count_scope":"inclusive","owner_commits":0,"projection_invocations":1}
RISE_FIRE_OWNER_PROFILE_V1 {"scope":74,"parent":73,"phase":"Project","stage":2,"raw_iteration":2147483649,"iteration_kind":"terminal","wall_ms":13.170459000,"device_sum_ms":9.780249791,"wall_minus_device_ms":3.390209209,"exclusive_wall_ms":0.516792000,"exclusive_device_sum_ms":0.037583290,"child_observer_wall_ms":0.005833000,"count_scope":"inclusive","owner_commits":2,"projection_invocations":1}
RISE_FIRE_OWNER_PROFILE_V1 {"scope":76,"parent":73,"phase":"ReadOpenClass","stage":2,"raw_iteration":2147483649,"iteration_kind":"terminal","wall_ms":0.158584000,"device_sum_ms":0.002374873,"wall_minus_device_ms":0.156209127,"exclusive_wall_ms":0.158584000,"exclusive_device_sum_ms":0.002374873,"child_observer_wall_ms":0.000000000,"count_scope":"inclusive","owner_commits":1,"projection_invocations":0}
RISE_FIRE_OWNER_PROFILE_V1 {"scope":77,"parent":73,"phase":"ReadOpenClass","stage":2,"raw_iteration":2147483649,"iteration_kind":"terminal","wall_ms":0.153208000,"device_sum_ms":0.002375105,"wall_minus_device_ms":0.150832895,"exclusive_wall_ms":0.153208000,"exclusive_device_sum_ms":0.002375105,"child_observer_wall_ms":0.000000000,"count_scope":"inclusive","owner_commits":1,"projection_invocations":0}
PRODUCER_COMMAND_V1 stage=2 raw_iteration=2147483649 cpu_begin=1965371397311958 cpu_end=1965372156125500 gpu_begin=1965371397311958 gpu_end=1965372156125500 device_ms=677.73595848120749 encoders=35 interval_scope=possibly_overlapping
PRODUCER_KERNEL_V1 stage=2 raw_iteration=2147483649 ordinal=0 kernel=owner_pack_faces threads=1533387 begin_tick=1965371478264750 end_tick=1965371478318791 ms_per_tick=9.9999999999999995e-07 device_ms=0.054040999999999999
PRODUCER_KERNEL_V1 stage=2 raw_iteration=2147483649 ordinal=1 kernel=owner_pack_faces threads=1533387 begin_tick=1965371478318541 end_tick=1965371478663958 ms_per_tick=9.9999999999999995e-07 device_ms=0.34541699999999997
PRODUCER_KERNEL_V1 stage=2 raw_iteration=2147483649 ordinal=2 kernel=owner_pack_faces threads=1533387 begin_tick=1965371478262708 end_tick=1965371478318541 ms_per_tick=9.9999999999999995e-07 device_ms=0.055833000000000001
PRODUCER_KERNEL_V1 stage=2 raw_iteration=2147483649 ordinal=3 kernel=fct_extract_gas_density threads=504666 begin_tick=1965371478319250 end_tick=1965371478362666 ms_per_tick=9.9999999999999995e-07 device_ms=0.043415999999999996
PRODUCER_KERNEL_V1 stage=2 raw_iteration=2147483649 ordinal=4 kernel=owner_gas_source threads=504666 begin_tick=1965371478664291 end_tick=1965371478814583 ms_per_tick=9.9999999999999995e-07 device_ms=0.15029199999999998
PRODUCER_KERNEL_V1 stage=2 raw_iteration=2147483649 ordinal=5 kernel=evaluate_resident_transport threads=504666 begin_tick=1965371478362666 end_tick=1965371478827166 ms_per_tick=9.9999999999999995e-07 device_ms=0.46449999999999997
PRODUCER_KERNEL_V1 stage=2 raw_iteration=2147483649 ordinal=6 kernel=identify_resident_transport threads=1 begin_tick=1965371478827625 end_tick=1965371478830541 ms_per_tick=9.9999999999999995e-07 device_ms=0.0029159999999999998
PRODUCER_KERNEL_V1 stage=2 raw_iteration=2147483649 ordinal=7 kernel=owner_bind_transport threads=1 begin_tick=1965371478831083 end_tick=1965371478834916 ms_per_tick=9.9999999999999995e-07 device_ms=0.003833
PRODUCER_KERNEL_V1 stage=2 raw_iteration=2147483649 ordinal=8 kernel=identify_resident_owner_endpoint_class threads=1 begin_tick=1965371478835333 end_tick=1965371478838750 ms_per_tick=9.9999999999999995e-07 device_ms=0.0034169999999999999
PRODUCER_KERNEL_V1 stage=2 raw_iteration=2147483649 ordinal=9 kernel=evaluate_resident_physical_flux threads=1533387 begin_tick=1965371479890083 end_tick=1965371481228000 ms_per_tick=9.9999999999999995e-07 device_ms=1.337917
PRODUCER_KERNEL_V1 stage=2 raw_iteration=2147483649 ordinal=10 kernel=evaluate_resident_advective_pair threads=13800483 begin_tick=1965371481445166 end_tick=1965371488521916 ms_per_tick=9.9999999999999995e-07 device_ms=7.0767499999999997
PRODUCER_KERNEL_V1 stage=2 raw_iteration=2147483649 ordinal=11 kernel=finalize_resident_advective_high threads=13800483 begin_tick=1965371488522541 end_tick=1965371488943083 ms_per_tick=9.9999999999999995e-07 device_ms=0.42054199999999997
PRODUCER_KERNEL_V1 stage=2 raw_iteration=2147483649 ordinal=12 kernel=compose_resident_flux_pair threads=13800483 begin_tick=1965371488943458 end_tick=1965371489828791 ms_per_tick=9.9999999999999995e-07 device_ms=0.88533299999999993
PRODUCER_KERNEL_V1 stage=2 raw_iteration=2147483649 ordinal=13 kernel=validate_resident_physical_flux threads=13800483 begin_tick=1965371489829458 end_tick=1965371490683750 ms_per_tick=9.9999999999999995e-07 device_ms=0.85429199999999994
PRODUCER_KERNEL_V1 stage=2 raw_iteration=2147483649 ordinal=14 kernel=identify_resident_physical_flux threads=32 begin_tick=1965371490684375 end_tick=1965371490687666 ms_per_tick=9.9999999999999995e-07 device_ms=0.0032909999999999997
PRODUCER_KERNEL_V1 stage=2 raw_iteration=2147483649 ordinal=15 kernel=owner_bind_candidate threads=1 begin_tick=1965371490688041 end_tick=1965371490691625 ms_per_tick=9.9999999999999995e-07 device_ms=0.0035839999999999999
PRODUCER_KERNEL_V1 stage=2 raw_iteration=2147483649 ordinal=16 kernel=finalize_resident_eos_candidate threads=1 begin_tick=1965371490691958 end_tick=1965371490694125 ms_per_tick=9.9999999999999995e-07 device_ms=0.0021670000000000001
PRODUCER_KERNEL_V1 stage=2 raw_iteration=2147483649 ordinal=17 kernel=evaluate_resident_eos_candidate threads=504666 begin_tick=1965371490694750 end_tick=1965372041888833 ms_per_tick=9.9999999999999995e-07 device_ms=551.19408299999998
PRODUCER_KERNEL_V1 stage=2 raw_iteration=2147483649 ordinal=18 kernel=finalize_resident_eos_candidate threads=1 begin_tick=1965372041906625 end_tick=1965372041909000 ms_per_tick=9.9999999999999995e-07 device_ms=0.0023749999999999999
PRODUCER_KERNEL_V1 stage=2 raw_iteration=2147483649 ordinal=19 kernel=identify_resident_eos threads=1 begin_tick=1965372041909458 end_tick=1965372041912666 ms_per_tick=9.9999999999999995e-07 device_ms=0.0032079999999999999
PRODUCER_KERNEL_V1 stage=2 raw_iteration=2147483649 ordinal=20 kernel=produce_resident_frozen_source threads=504666 begin_tick=1965372041912958 end_tick=1965372041943416 ms_per_tick=9.9999999999999995e-07 device_ms=0.030457999999999999
PRODUCER_KERNEL_V1 stage=2 raw_iteration=2147483649 ordinal=21 kernel=identify_resident_frozen_source threads=1 begin_tick=1965372041943875 end_tick=1965372041947041 ms_per_tick=9.9999999999999995e-07 device_ms=0.003166
PRODUCER_KERNEL_V1 stage=2 raw_iteration=2147483649 ordinal=22 kernel=evaluate_resident_target_terms threads=504666 begin_tick=1965372041947458 end_tick=1965372155309500 ms_per_tick=9.9999999999999995e-07 device_ms=113.36204199999999
PRODUCER_KERNEL_V1 stage=2 raw_iteration=2147483649 ordinal=23 kernel=finalize_resident_target threads=1 begin_tick=1965372155325166 end_tick=1965372155331791 ms_per_tick=9.9999999999999995e-07 device_ms=0.0066249999999999998
PRODUCER_KERNEL_V1 stage=2 raw_iteration=2147483649 ordinal=24 kernel=identify_resident_target threads=1 begin_tick=1965372155332208 end_tick=1965372155335166 ms_per_tick=9.9999999999999995e-07 device_ms=0.0029579999999999997
PRODUCER_KERNEL_V1 stage=2 raw_iteration=2147483649 ordinal=25 kernel=issue_resident_projection_consumer threads=1 begin_tick=1965372155335750 end_tick=1965372155339916 ms_per_tick=9.9999999999999995e-07 device_ms=0.0041659999999999996
PRODUCER_KERNEL_V1 stage=2 raw_iteration=2147483649 ordinal=26 kernel=consume_resident_target threads=1 begin_tick=1965372155341083 end_tick=1965372155345250 ms_per_tick=9.9999999999999995e-07 device_ms=0.0041669999999999997
PRODUCER_KERNEL_V1 stage=2 raw_iteration=2147483649 ordinal=27 kernel=owner_compose_target threads=504666 begin_tick=1965372155345833 end_tick=1965372155374000 ms_per_tick=9.9999999999999995e-07 device_ms=0.028166999999999998
PRODUCER_KERNEL_V1 stage=2 raw_iteration=2147483649 ordinal=28 kernel=finalize_resident_target threads=1 begin_tick=1965372155374333 end_tick=1965372155376500 ms_per_tick=9.9999999999999995e-07 device_ms=0.0021670000000000001
PRODUCER_KERNEL_V1 stage=2 raw_iteration=2147483649 ordinal=29 kernel=owner_identify_target threads=1 begin_tick=1965372155376958 end_tick=1965372155383583 ms_per_tick=9.9999999999999995e-07 device_ms=0.0066249999999999998
PRODUCER_KERNEL_V1 stage=2 raw_iteration=2147483649 ordinal=30 kernel=issue_resident_projection_consumer threads=1 begin_tick=1965372155383958 end_tick=1965372155386875 ms_per_tick=9.9999999999999995e-07 device_ms=0.0029169999999999999
PRODUCER_KERNEL_V1 stage=2 raw_iteration=2147483649 ordinal=31 kernel=consume_resident_target threads=1 begin_tick=1965372155387416 end_tick=1965372155391250 ms_per_tick=9.9999999999999995e-07 device_ms=0.0038339999999999997
PRODUCER_KERNEL_V1 stage=2 raw_iteration=2147483649 ordinal=32 kernel=owner_issue_stage_seal threads=1 begin_tick=1965372155391625 end_tick=1965372155394541 ms_per_tick=9.9999999999999995e-07 device_ms=0.0029159999999999998
PRODUCER_KERNEL_V1 stage=2 raw_iteration=2147483649 ordinal=33 kernel=fct_compatible_stage_rate threads=1533387 begin_tick=1965372155395541 end_tick=1965372155897541 ms_per_tick=9.9999999999999995e-07 device_ms=0.502
PRODUCER_KERNEL_V1 stage=2 raw_iteration=2147483649 ordinal=34 kernel=owner_heun_momentum threads=1533387 begin_tick=1965372155898000 end_tick=1965372155992833 ms_per_tick=9.9999999999999995e-07 device_ms=0.094833000000000001
RISE_FIRE_OWNER_PROFILE_V1 {"scope":78,"parent":73,"phase":"BuildStageProducerGroup","stage":2,"raw_iteration":2147483649,"iteration_kind":"terminal","wall_ms":758.955500000,"device_sum_ms":677.735958481,"wall_minus_device_ms":81.219541519,"exclusive_wall_ms":758.955500000,"exclusive_device_sum_ms":677.735958481,"child_observer_wall_ms":0.000000000,"count_scope":"inclusive","owner_commits":1,"projection_invocations":0}
RISE_FIRE_OWNER_PROFILE_V1 {"scope":79,"parent":73,"phase":"Residual","stage":2,"raw_iteration":2147483649,"iteration_kind":"terminal","wall_ms":0.311250000,"device_sum_ms":0.110583147,"wall_minus_device_ms":0.200666853,"exclusive_wall_ms":0.311250000,"exclusive_device_sum_ms":0.110583147,"child_observer_wall_ms":0.000000000,"count_scope":"inclusive","owner_commits":1,"projection_invocations":0}
RISE_FIRE_OWNER_PROFILE_V1 {"scope":73,"parent":66,"phase":"TerminalVerification","stage":2,"raw_iteration":2147483649,"iteration_kind":"terminal","wall_ms":772.778708000,"device_sum_ms":687.631541397,"wall_minus_device_ms":85.147166603,"exclusive_wall_ms":0.003416000,"exclusive_device_sum_ms":0.000000000,"child_observer_wall_ms":0.026291000,"count_scope":"inclusive","owner_commits":6,"projection_invocations":1}
RISE_FIRE_OWNER_PROFILE_V1 {"scope":66,"parent":55,"phase":"PicardIteration","stage":2,"raw_iteration":1,"iteration_kind":"picard","wall_ms":1546.617708000,"device_sum_ms":1375.111541012,"wall_minus_device_ms":171.506166988,"exclusive_wall_ms":0.809833000,"exclusive_device_sum_ms":0.000000000,"child_observer_wall_ms":0.030667000,"count_scope":"inclusive","owner_commits":12,"projection_invocations":2}
RISE_FIRE_OWNER_PROFILE_V1 {"scope":55,"parent":1,"phase":"SolveStage","stage":2,"raw_iteration":4294967295,"iteration_kind":"bootstrap","wall_ms":3105.104500000,"device_sum_ms":2756.780291442,"wall_minus_device_ms":348.324208558,"exclusive_wall_ms":4.319249000,"exclusive_device_sum_ms":0.000000000,"child_observer_wall_ms":0.028002000,"count_scope":"inclusive","owner_commits":21,"projection_invocations":4}
RISE_FIRE_OWNER_PROFILE_V1 {"scope":80,"parent":1,"phase":"TerminalPublication","stage":4294967295,"raw_iteration":4294967295,"iteration_kind":"owner","wall_ms":15.170125000,"device_sum_ms":6.345374975,"wall_minus_device_ms":8.824750025,"exclusive_wall_ms":15.170125000,"exclusive_device_sum_ms":6.345374975,"child_observer_wall_ms":0.000000000,"count_scope":"inclusive","owner_commits":1,"projection_invocations":0}
RISE_FIRE_OWNER_PROFILE_V1 {"scope":1,"parent":0,"phase":"OwnerRun","stage":4294967295,"raw_iteration":4294967295,"iteration_kind":"owner","wall_ms":9530.873084000,"device_sum_ms":8355.480958708,"wall_minus_device_ms":1175.392125292,"exclusive_wall_ms":8.430043000,"exclusive_device_sum_ms":0.017333310,"child_observer_wall_ms":0.092083000,"count_scope":"inclusive","owner_commits":68,"projection_invocations":12}
capstone accepted step=1 time=0.00164626597 dt=0.00164626597 Tmax=302.592941 qmax=0 eos_max=1.45011372e-05 approach_eos_max=1.45011372e-05 limiter_class=continuous limiter_discrepancy=0 active_set_class=continuous active_set_discrepancy=0 active_set_cycle=0 active_set_faces=0
capstone step-start=1 speed=0.129151717 gprime=0.0884640856 nu=8.61405907e-05 selected=0.00181089257 previous=0.00164626597
capstone event-step=0.00164626597 pilot_ceiling=0.0115509308 ramp_end=0.209320803
RISE_FIRE_OWNER_PROFILE_V1 {"scope":2,"parent":1,"phase":"Prepare","stage":4294967295,"raw_iteration":4294967295,"iteration_kind":"owner","wall_ms":90.957417000,"device_sum_ms":1.765333349,"wall_minus_device_ms":89.192083651,"exclusive_wall_ms":90.957417000,"exclusive_device_sum_ms":1.765333349,"child_observer_wall_ms":0.000000000,"count_scope":"inclusive","owner_commits":1,"projection_invocations":0}
RISE_FIRE_OWNER_PROFILE_V1 {"scope":5,"parent":4,"phase":"ProjectionAdapter","stage":0,"raw_iteration":4294967295,"iteration_kind":"bootstrap","wall_ms":13.406750000,"device_sum_ms":9.697791655,"wall_minus_device_ms":3.708958345,"exclusive_wall_ms":13.406750000,"exclusive_device_sum_ms":9.697791655,"child_observer_wall_ms":0.000000000,"count_scope":"inclusive","owner_commits":0,"projection_invocations":1}
RISE_FIRE_OWNER_PROFILE_V1 {"scope":4,"parent":3,"phase":"Project","stage":0,"raw_iteration":4294967295,"iteration_kind":"bootstrap","wall_ms":14.035209000,"device_sum_ms":9.740291629,"wall_minus_device_ms":4.294917371,"exclusive_wall_ms":0.617918000,"exclusive_device_sum_ms":0.042499974,"child_observer_wall_ms":0.010541000,"count_scope":"inclusive","owner_commits":2,"projection_invocations":1}
PRODUCER_COMMAND_V1 stage=0 raw_iteration=4294967295 cpu_begin=1965373387964583 cpu_end=1965374154427083 gpu_begin=1965373387964583 gpu_end=1965374154427083 device_ms=684.68354176729918 encoders=38 interval_scope=possibly_overlapping
PRODUCER_KERNEL_V1 stage=0 raw_iteration=4294967295 ordinal=0 kernel=owner_pack_faces threads=1533387 begin_tick=1965373469631458 end_tick=1965373469684625 ms_per_tick=9.9999999999999995e-07 device_ms=0.053166999999999999
PRODUCER_KERNEL_V1 stage=0 raw_iteration=4294967295 ordinal=1 kernel=owner_pack_faces threads=1533387 begin_tick=1965373469680833 end_tick=1965373469760416 ms_per_tick=9.9999999999999995e-07 device_ms=0.079583000000000001
PRODUCER_KERNEL_V1 stage=0 raw_iteration=4294967295 ordinal=2 kernel=owner_pack_faces threads=1533387 begin_tick=1965373469627875 end_tick=1965373469680833 ms_per_tick=9.9999999999999995e-07 device_ms=0.052957999999999998
PRODUCER_KERNEL_V1 stage=0 raw_iteration=4294967295 ordinal=3 kernel=fct_extract_gas_density threads=504666 begin_tick=1965373469685083 end_tick=1965373469731416 ms_per_tick=9.9999999999999995e-07 device_ms=0.046332999999999999
PRODUCER_KERNEL_V1 stage=0 raw_iteration=4294967295 ordinal=4 kernel=owner_gas_source threads=504666 begin_tick=1965373469760750 end_tick=1965373469806958 ms_per_tick=9.9999999999999995e-07 device_ms=0.046207999999999999
PRODUCER_KERNEL_V1 stage=0 raw_iteration=4294967295 ordinal=5 kernel=evaluate_resident_transport threads=504666 begin_tick=1965373469833916 end_tick=1965373470309291 ms_per_tick=9.9999999999999995e-07 device_ms=0.47537499999999999
PRODUCER_KERNEL_V1 stage=0 raw_iteration=4294967295 ordinal=6 kernel=identify_resident_transport threads=1 begin_tick=1965373470309625 end_tick=1965373470312541 ms_per_tick=9.9999999999999995e-07 device_ms=0.0029159999999999998
PRODUCER_KERNEL_V1 stage=0 raw_iteration=4294967295 ordinal=7 kernel=owner_bind_transport threads=1 begin_tick=1965373470313083 end_tick=1965373470316500 ms_per_tick=9.9999999999999995e-07 device_ms=0.0034169999999999999
PRODUCER_KERNEL_V1 stage=0 raw_iteration=4294967295 ordinal=8 kernel=identify_resident_owner_endpoint_class threads=1 begin_tick=1965373470316875 end_tick=1965373470320458 ms_per_tick=9.9999999999999995e-07 device_ms=0.0035829999999999998
PRODUCER_KERNEL_V1 stage=0 raw_iteration=4294967295 ordinal=9 kernel=evaluate_resident_physical_flux threads=1533387 begin_tick=1965373471405541 end_tick=1965373472602541 ms_per_tick=9.9999999999999995e-07 device_ms=1.1969999999999998
PRODUCER_KERNEL_V1 stage=0 raw_iteration=4294967295 ordinal=10 kernel=evaluate_resident_advective_pair threads=13800483 begin_tick=1965373472939333 end_tick=1965373481014666 ms_per_tick=9.9999999999999995e-07 device_ms=8.0753329999999988
PRODUCER_KERNEL_V1 stage=0 raw_iteration=4294967295 ordinal=11 kernel=finalize_resident_advective_high threads=13800483 begin_tick=1965373481015458 end_tick=1965373481443375 ms_per_tick=9.9999999999999995e-07 device_ms=0.42791699999999999
PRODUCER_KERNEL_V1 stage=0 raw_iteration=4294967295 ordinal=12 kernel=compose_resident_flux_pair threads=13800483 begin_tick=1965373481443750 end_tick=1965373482354500 ms_per_tick=9.9999999999999995e-07 device_ms=0.91074999999999995
PRODUCER_KERNEL_V1 stage=0 raw_iteration=4294967295 ordinal=13 kernel=validate_resident_physical_flux threads=13800483 begin_tick=1965373482355041 end_tick=1965373483339291 ms_per_tick=9.9999999999999995e-07 device_ms=0.98424999999999996
PRODUCER_KERNEL_V1 stage=0 raw_iteration=4294967295 ordinal=14 kernel=identify_resident_physical_flux threads=32 begin_tick=1965373483339833 end_tick=1965373483346041 ms_per_tick=9.9999999999999995e-07 device_ms=0.006208
PRODUCER_KERNEL_V1 stage=0 raw_iteration=4294967295 ordinal=15 kernel=fct_build_ratios threads=5551326 begin_tick=1965373483346583 end_tick=1965373487036875 ms_per_tick=9.9999999999999995e-07 device_ms=3.6902919999999999
PRODUCER_KERNEL_V1 stage=0 raw_iteration=4294967295 ordinal=16 kernel=fct_build_face_alpha threads=1533387 begin_tick=1965373487037541 end_tick=1965373487323458 ms_per_tick=9.9999999999999995e-07 device_ms=0.28591699999999998
PRODUCER_KERNEL_V1 stage=0 raw_iteration=4294967295 ordinal=17 kernel=fct_commit_scalar threads=504666 begin_tick=1965373487324000 end_tick=1965373487520875 ms_per_tick=9.9999999999999995e-07 device_ms=0.19687499999999999
PRODUCER_KERNEL_V1 stage=0 raw_iteration=4294967295 ordinal=18 kernel=owner_bind_candidate threads=1 begin_tick=1965373487521416 end_tick=1965373487525250 ms_per_tick=9.9999999999999995e-07 device_ms=0.0038339999999999997
PRODUCER_KERNEL_V1 stage=0 raw_iteration=4294967295 ordinal=19 kernel=finalize_resident_eos_candidate threads=1 begin_tick=1965373487525791 end_tick=1965373487528333 ms_per_tick=9.9999999999999995e-07 device_ms=0.002542
PRODUCER_KERNEL_V1 stage=0 raw_iteration=4294967295 ordinal=20 kernel=evaluate_resident_eos_candidate threads=504666 begin_tick=1965373487528708 end_tick=1965374040200791 ms_per_tick=9.9999999999999995e-07 device_ms=552.67208299999993
PRODUCER_KERNEL_V1 stage=0 raw_iteration=4294967295 ordinal=21 kernel=finalize_resident_eos_candidate threads=1 begin_tick=1965374040218375 end_tick=1965374040220958 ms_per_tick=9.9999999999999995e-07 device_ms=0.0025829999999999998
PRODUCER_KERNEL_V1 stage=0 raw_iteration=4294967295 ordinal=22 kernel=identify_resident_eos threads=1 begin_tick=1965374040221375 end_tick=1965374040224583 ms_per_tick=9.9999999999999995e-07 device_ms=0.0032079999999999999
PRODUCER_KERNEL_V1 stage=0 raw_iteration=4294967295 ordinal=23 kernel=produce_resident_frozen_source threads=504666 begin_tick=1965374040224875 end_tick=1965374040254666 ms_per_tick=9.9999999999999995e-07 device_ms=0.029790999999999998
PRODUCER_KERNEL_V1 stage=0 raw_iteration=4294967295 ordinal=24 kernel=identify_resident_frozen_source threads=1 begin_tick=1965374040255083 end_tick=1965374040260791 ms_per_tick=9.9999999999999995e-07 device_ms=0.0057079999999999995
PRODUCER_KERNEL_V1 stage=0 raw_iteration=4294967295 ordinal=25 kernel=evaluate_resident_target_terms threads=504666 begin_tick=1965374040261208 end_tick=1965374153674833 ms_per_tick=9.9999999999999995e-07 device_ms=113.413625
PRODUCER_KERNEL_V1 stage=0 raw_iteration=4294967295 ordinal=26 kernel=finalize_resident_target threads=1 begin_tick=1965374153690041 end_tick=1965374153693333 ms_per_tick=9.9999999999999995e-07 device_ms=0.0032919999999999998
PRODUCER_KERNEL_V1 stage=0 raw_iteration=4294967295 ordinal=27 kernel=identify_resident_target threads=1 begin_tick=1965374153693666 end_tick=1965374153696375 ms_per_tick=9.9999999999999995e-07 device_ms=0.002709
PRODUCER_KERNEL_V1 stage=0 raw_iteration=4294967295 ordinal=28 kernel=issue_resident_projection_consumer threads=1 begin_tick=1965374153696791 end_tick=1965374153701041 ms_per_tick=9.9999999999999995e-07 device_ms=0.0042499999999999994
PRODUCER_KERNEL_V1 stage=0 raw_iteration=4294967295 ordinal=29 kernel=consume_resident_target threads=1 begin_tick=1965374153701333 end_tick=1965374153705416 ms_per_tick=9.9999999999999995e-07 device_ms=0.0040829999999999998
PRODUCER_KERNEL_V1 stage=0 raw_iteration=4294967295 ordinal=30 kernel=owner_compose_target threads=504666 begin_tick=1965374153705833 end_tick=1965374153735083 ms_per_tick=9.9999999999999995e-07 device_ms=0.029249999999999998
PRODUCER_KERNEL_V1 stage=0 raw_iteration=4294967295 ordinal=31 kernel=finalize_resident_target threads=1 begin_tick=1965374153735416 end_tick=1965374153737833 ms_per_tick=9.9999999999999995e-07 device_ms=0.0024169999999999999
PRODUCER_KERNEL_V1 stage=0 raw_iteration=4294967295 ordinal=32 kernel=owner_identify_target threads=1 begin_tick=1965374153738125 end_tick=1965374153741125 ms_per_tick=9.9999999999999995e-07 device_ms=0.0030000000000000001
PRODUCER_KERNEL_V1 stage=0 raw_iteration=4294967295 ordinal=33 kernel=issue_resident_projection_consumer threads=1 begin_tick=1965374153741416 end_tick=1965374153744458 ms_per_tick=9.9999999999999995e-07 device_ms=0.003042
PRODUCER_KERNEL_V1 stage=0 raw_iteration=4294967295 ordinal=34 kernel=consume_resident_target threads=1 begin_tick=1965374153744750 end_tick=1965374153747791 ms_per_tick=9.9999999999999995e-07 device_ms=0.0030409999999999999
PRODUCER_KERNEL_V1 stage=0 raw_iteration=4294967295 ordinal=35 kernel=owner_issue_stage_seal threads=1 begin_tick=1965374153748208 end_tick=1965374153751041 ms_per_tick=9.9999999999999995e-07 device_ms=0.002833
PRODUCER_KERNEL_V1 stage=0 raw_iteration=4294967295 ordinal=36 kernel=fct_compatible_stage_rate threads=1533387 begin_tick=1965374153751541 end_tick=1965374154255375 ms_per_tick=9.9999999999999995e-07 device_ms=0.503834
PRODUCER_KERNEL_V1 stage=0 raw_iteration=4294967295 ordinal=37 kernel=owner_predict_momentum threads=1533387 begin_tick=1965374154255791 end_tick=1965374154305750 ms_per_tick=9.9999999999999995e-07 device_ms=0.049958999999999996
RISE_FIRE_OWNER_PROFILE_V1 {"scope":6,"parent":3,"phase":"BuildStageProducerGroup","stage":0,"raw_iteration":4294967295,"iteration_kind":"bootstrap","wall_ms":766.601291000,"device_sum_ms":684.683541767,"wall_minus_device_ms":81.917749233,"exclusive_wall_ms":766.601291000,"exclusive_device_sum_ms":684.683541767,"child_observer_wall_ms":0.000000000,"count_scope":"inclusive","owner_commits":1,"projection_invocations":0}
RISE_FIRE_OWNER_PROFILE_V1 {"scope":9,"parent":8,"phase":"ProjectionAdapter","stage":0,"raw_iteration":0,"iteration_kind":"picard","wall_ms":11.989000000,"device_sum_ms":9.160333313,"wall_minus_device_ms":2.828666687,"exclusive_wall_ms":11.989000000,"exclusive_device_sum_ms":9.160333313,"child_observer_wall_ms":0.000000000,"count_scope":"inclusive","owner_commits":0,"projection_invocations":1}
RISE_FIRE_OWNER_PROFILE_V1 {"scope":8,"parent":7,"phase":"Project","stage":0,"raw_iteration":0,"iteration_kind":"picard","wall_ms":12.554959000,"device_sum_ms":9.201499866,"wall_minus_device_ms":3.353459134,"exclusive_wall_ms":0.555376000,"exclusive_device_sum_ms":0.041166553,"child_observer_wall_ms":0.010583000,"count_scope":"inclusive","owner_commits":2,"projection_invocations":1}
RISE_FIRE_OWNER_PROFILE_V1 {"scope":10,"parent":7,"phase":"ReadOpenClass","stage":0,"raw_iteration":0,"iteration_kind":"picard","wall_ms":0.154542000,"device_sum_ms":0.002333429,"wall_minus_device_ms":0.152208571,"exclusive_wall_ms":0.154542000,"exclusive_device_sum_ms":0.002333429,"child_observer_wall_ms":0.000000000,"count_scope":"inclusive","owner_commits":1,"projection_invocations":0}
RISE_FIRE_OWNER_PROFILE_V1 {"scope":11,"parent":7,"phase":"ReadOpenClass","stage":0,"raw_iteration":0,"iteration_kind":"picard","wall_ms":0.129667000,"device_sum_ms":0.002416782,"wall_minus_device_ms":0.127250218,"exclusive_wall_ms":0.129667000,"exclusive_device_sum_ms":0.002416782,"child_observer_wall_ms":0.000000000,"count_scope":"inclusive","owner_commits":1,"projection_invocations":0}
PRODUCER_COMMAND_V1 stage=0 raw_iteration=0 cpu_begin=1965374167430791 cpu_end=1965374942761916 gpu_begin=1965374167430791 gpu_end=1965374942761916 device_ms=694.81687480583787 encoders=38 interval_scope=possibly_overlapping
PRODUCER_KERNEL_V1 stage=0 raw_iteration=0 ordinal=0 kernel=owner_pack_faces threads=1533387 begin_tick=1965374247826375 end_tick=1965374247882708 ms_per_tick=9.9999999999999995e-07 device_ms=0.056332999999999994
PRODUCER_KERNEL_V1 stage=0 raw_iteration=0 ordinal=1 kernel=owner_pack_faces threads=1533387 begin_tick=1965374247882500 end_tick=1965374248320375 ms_per_tick=9.9999999999999995e-07 device_ms=0.43787499999999996
PRODUCER_KERNEL_V1 stage=0 raw_iteration=0 ordinal=2 kernel=owner_pack_faces threads=1533387 begin_tick=1965374247824416 end_tick=1965374247882500 ms_per_tick=9.9999999999999995e-07 device_ms=0.058083999999999997
PRODUCER_KERNEL_V1 stage=0 raw_iteration=0 ordinal=3 kernel=fct_extract_gas_density threads=504666 begin_tick=1965374248320375 end_tick=1965374248343708 ms_per_tick=9.9999999999999995e-07 device_ms=0.023333
PRODUCER_KERNEL_V1 stage=0 raw_iteration=0 ordinal=4 kernel=owner_gas_source threads=504666 begin_tick=1965374248343708 end_tick=1965374248384625 ms_per_tick=9.9999999999999995e-07 device_ms=0.040916999999999995
PRODUCER_KERNEL_V1 stage=0 raw_iteration=0 ordinal=5 kernel=evaluate_resident_transport threads=504666 begin_tick=1965374247883208 end_tick=1965374248387291 ms_per_tick=9.9999999999999995e-07 device_ms=0.50408299999999995
PRODUCER_KERNEL_V1 stage=0 raw_iteration=0 ordinal=6 kernel=identify_resident_transport threads=1 begin_tick=1965374248387791 end_tick=1965374248390666 ms_per_tick=9.9999999999999995e-07 device_ms=0.002875
PRODUCER_KERNEL_V1 stage=0 raw_iteration=0 ordinal=7 kernel=owner_bind_transport threads=1 begin_tick=1965374248391208 end_tick=1965374248394875 ms_per_tick=9.9999999999999995e-07 device_ms=0.0036669999999999997
PRODUCER_KERNEL_V1 stage=0 raw_iteration=0 ordinal=8 kernel=identify_resident_owner_endpoint_class threads=1 begin_tick=1965374248395250 end_tick=1965374248398708 ms_per_tick=9.9999999999999995e-07 device_ms=0.0034579999999999997
PRODUCER_KERNEL_V1 stage=0 raw_iteration=0 ordinal=9 kernel=evaluate_resident_physical_flux threads=1533387 begin_tick=1965374249344458 end_tick=1965374250458958 ms_per_tick=9.9999999999999995e-07 device_ms=1.1145
PRODUCER_KERNEL_V1 stage=0 raw_iteration=0 ordinal=10 kernel=evaluate_resident_advective_pair threads=13800483 begin_tick=1965374250848375 end_tick=1965374258350791 ms_per_tick=9.9999999999999995e-07 device_ms=7.5024159999999993
PRODUCER_KERNEL_V1 stage=0 raw_iteration=0 ordinal=11 kernel=finalize_resident_advective_high threads=13800483 begin_tick=1965374258351583 end_tick=1965374258770666 ms_per_tick=9.9999999999999995e-07 device_ms=0.41908299999999998
PRODUCER_KERNEL_V1 stage=0 raw_iteration=0 ordinal=12 kernel=compose_resident_flux_pair threads=13800483 begin_tick=1965374258771083 end_tick=1965374259663416 ms_per_tick=9.9999999999999995e-07 device_ms=0.89233299999999993
PRODUCER_KERNEL_V1 stage=0 raw_iteration=0 ordinal=13 kernel=validate_resident_physical_flux threads=13800483 begin_tick=1965374259664083 end_tick=1965374260633333 ms_per_tick=9.9999999999999995e-07 device_ms=0.96924999999999994
PRODUCER_KERNEL_V1 stage=0 raw_iteration=0 ordinal=14 kernel=identify_resident_physical_flux threads=32 begin_tick=1965374260634083 end_tick=1965374260639750 ms_per_tick=9.9999999999999995e-07 device_ms=0.0056670000000000002
PRODUCER_KERNEL_V1 stage=0 raw_iteration=0 ordinal=15 kernel=fct_build_ratios threads=5551326 begin_tick=1965374260640416 end_tick=1965374264236333 ms_per_tick=9.9999999999999995e-07 device_ms=3.595917
PRODUCER_KERNEL_V1 stage=0 raw_iteration=0 ordinal=16 kernel=fct_build_face_alpha threads=1533387 begin_tick=1965374264236916 end_tick=1965374264507250 ms_per_tick=9.9999999999999995e-07 device_ms=0.27033399999999996
PRODUCER_KERNEL_V1 stage=0 raw_iteration=0 ordinal=17 kernel=fct_commit_scalar threads=504666 begin_tick=1965374264507791 end_tick=1965374264696000 ms_per_tick=9.9999999999999995e-07 device_ms=0.18820899999999999
PRODUCER_KERNEL_V1 stage=0 raw_iteration=0 ordinal=18 kernel=owner_bind_candidate threads=1 begin_tick=1965374264696708 end_tick=1965374264700916 ms_per_tick=9.9999999999999995e-07 device_ms=0.0042079999999999999
PRODUCER_KERNEL_V1 stage=0 raw_iteration=0 ordinal=19 kernel=finalize_resident_eos_candidate threads=1 begin_tick=1965374264701375 end_tick=1965374264703666 ms_per_tick=9.9999999999999995e-07 device_ms=0.0022910000000000001
PRODUCER_KERNEL_V1 stage=0 raw_iteration=0 ordinal=20 kernel=evaluate_resident_eos_candidate threads=504666 begin_tick=1965374264704541 end_tick=1965374828608916 ms_per_tick=9.9999999999999995e-07 device_ms=563.90437499999996
PRODUCER_KERNEL_V1 stage=0 raw_iteration=0 ordinal=21 kernel=finalize_resident_eos_candidate threads=1 begin_tick=1965374828623416 end_tick=1965374828626125 ms_per_tick=9.9999999999999995e-07 device_ms=0.002709
PRODUCER_KERNEL_V1 stage=0 raw_iteration=0 ordinal=22 kernel=identify_resident_eos threads=1 begin_tick=1965374828626416 end_tick=1965374828629000 ms_per_tick=9.9999999999999995e-07 device_ms=0.0025839999999999999
PRODUCER_KERNEL_V1 stage=0 raw_iteration=0 ordinal=23 kernel=produce_resident_frozen_source threads=504666 begin_tick=1965374828629458 end_tick=1965374828660083 ms_per_tick=9.9999999999999995e-07 device_ms=0.030624999999999999
PRODUCER_KERNEL_V1 stage=0 raw_iteration=0 ordinal=24 kernel=identify_resident_frozen_source threads=1 begin_tick=1965374828660500 end_tick=1965374828663375 ms_per_tick=9.9999999999999995e-07 device_ms=0.002875
PRODUCER_KERNEL_V1 stage=0 raw_iteration=0 ordinal=25 kernel=evaluate_resident_target_terms threads=504666 begin_tick=1965374828663791 end_tick=1965374941957541 ms_per_tick=9.9999999999999995e-07 device_ms=113.29374999999999
PRODUCER_KERNEL_V1 stage=0 raw_iteration=0 ordinal=26 kernel=finalize_resident_target threads=1 begin_tick=1965374941972291 end_tick=1965374941975416 ms_per_tick=9.9999999999999995e-07 device_ms=0.0031249999999999997
PRODUCER_KERNEL_V1 stage=0 raw_iteration=0 ordinal=27 kernel=identify_resident_target threads=1 begin_tick=1965374941975750 end_tick=1965374941978666 ms_per_tick=9.9999999999999995e-07 device_ms=0.0029159999999999998
PRODUCER_KERNEL_V1 stage=0 raw_iteration=0 ordinal=28 kernel=issue_resident_projection_consumer threads=1 begin_tick=1965374941979083 end_tick=1965374941982958 ms_per_tick=9.9999999999999995e-07 device_ms=0.003875
PRODUCER_KERNEL_V1 stage=0 raw_iteration=0 ordinal=29 kernel=consume_resident_target threads=1 begin_tick=1965374941983416 end_tick=1965374941987458 ms_per_tick=9.9999999999999995e-07 device_ms=0.0040419999999999996
PRODUCER_KERNEL_V1 stage=0 raw_iteration=0 ordinal=30 kernel=owner_compose_target threads=504666 begin_tick=1965374941987875 end_tick=1965374942066958 ms_per_tick=9.9999999999999995e-07 device_ms=0.079083000000000001
PRODUCER_KERNEL_V1 stage=0 raw_iteration=0 ordinal=31 kernel=finalize_resident_target threads=1 begin_tick=1965374942067250 end_tick=1965374942069541 ms_per_tick=9.9999999999999995e-07 device_ms=0.0022910000000000001
PRODUCER_KERNEL_V1 stage=0 raw_iteration=0 ordinal=32 kernel=owner_identify_target threads=1 begin_tick=1965374942069958 end_tick=1965374942073041 ms_per_tick=9.9999999999999995e-07 device_ms=0.0030829999999999998
PRODUCER_KERNEL_V1 stage=0 raw_iteration=0 ordinal=33 kernel=issue_resident_projection_consumer threads=1 begin_tick=1965374942073416 end_tick=1965374942076250 ms_per_tick=9.9999999999999995e-07 device_ms=0.0028339999999999997
PRODUCER_KERNEL_V1 stage=0 raw_iteration=0 ordinal=34 kernel=consume_resident_target threads=1 begin_tick=1965374942076625 end_tick=1965374942079750 ms_per_tick=9.9999999999999995e-07 device_ms=0.0031249999999999997
PRODUCER_KERNEL_V1 stage=0 raw_iteration=0 ordinal=35 kernel=owner_issue_stage_seal threads=1 begin_tick=1965374942080125 end_tick=1965374942083041 ms_per_tick=9.9999999999999995e-07 device_ms=0.0029159999999999998
PRODUCER_KERNEL_V1 stage=0 raw_iteration=0 ordinal=36 kernel=fct_compatible_stage_rate threads=1533387 begin_tick=1965374942083458 end_tick=1965374942585500 ms_per_tick=9.9999999999999995e-07 device_ms=0.50204199999999999
PRODUCER_KERNEL_V1 stage=0 raw_iteration=0 ordinal=37 kernel=owner_predict_momentum threads=1533387 begin_tick=1965374942585958 end_tick=1965374942635500 ms_per_tick=9.9999999999999995e-07 device_ms=0.049541999999999996
RISE_FIRE_OWNER_PROFILE_V1 {"scope":12,"parent":7,"phase":"BuildStageProducerGroup","stage":0,"raw_iteration":0,"iteration_kind":"picard","wall_ms":775.489667000,"device_sum_ms":694.816874806,"wall_minus_device_ms":80.672792194,"exclusive_wall_ms":775.489667000,"exclusive_device_sum_ms":694.816874806,"child_observer_wall_ms":0.000000000,"count_scope":"inclusive","owner_commits":1,"projection_invocations":0}
RISE_FIRE_OWNER_PROFILE_V1 {"scope":13,"parent":7,"phase":"Residual","stage":0,"raw_iteration":0,"iteration_kind":"picard","wall_ms":0.203459000,"device_sum_ms":0.021791551,"wall_minus_device_ms":0.181667449,"exclusive_wall_ms":0.203459000,"exclusive_device_sum_ms":0.021791551,"child_observer_wall_ms":0.000000000,"count_scope":"inclusive","owner_commits":1,"projection_invocations":0}
RISE_FIRE_OWNER_PROFILE_V1 {"scope":7,"parent":3,"phase":"PicardIteration","stage":0,"raw_iteration":0,"iteration_kind":"picard","wall_ms":789.324250000,"device_sum_ms":704.044916434,"wall_minus_device_ms":85.279333566,"exclusive_wall_ms":0.758249000,"exclusive_device_sum_ms":0.000000000,"child_observer_wall_ms":0.033707000,"count_scope":"inclusive","owner_commits":6,"projection_invocations":1}
RISE_FIRE_OWNER_PROFILE_V1 {"scope":16,"parent":15,"phase":"ProjectionAdapter","stage":0,"raw_iteration":1,"iteration_kind":"picard","wall_ms":11.657416000,"device_sum_ms":8.880416397,"wall_minus_device_ms":2.776999603,"exclusive_wall_ms":11.657416000,"exclusive_device_sum_ms":8.880416397,"child_observer_wall_ms":0.000000000,"count_scope":"inclusive","owner_commits":0,"projection_invocations":1}
RISE_FIRE_OWNER_PROFILE_V1 {"scope":15,"parent":14,"phase":"Project","stage":0,"raw_iteration":1,"iteration_kind":"picard","wall_ms":12.861542000,"device_sum_ms":8.926041424,"wall_minus_device_ms":3.935500576,"exclusive_wall_ms":1.196501000,"exclusive_device_sum_ms":0.045625027,"child_observer_wall_ms":0.007625000,"count_scope":"inclusive","owner_commits":2,"projection_invocations":1}
RISE_FIRE_OWNER_PROFILE_V1 {"scope":17,"parent":14,"phase":"ReadOpenClass","stage":0,"raw_iteration":1,"iteration_kind":"picard","wall_ms":0.149500000,"device_sum_ms":0.002374873,"wall_minus_device_ms":0.147125127,"exclusive_wall_ms":0.149500000,"exclusive_device_sum_ms":0.002374873,"child_observer_wall_ms":0.000000000,"count_scope":"inclusive","owner_commits":1,"projection_invocations":0}
RISE_FIRE_OWNER_PROFILE_V1 {"scope":18,"parent":14,"phase":"ReadOpenClass","stage":0,"raw_iteration":1,"iteration_kind":"picard","wall_ms":0.133667000,"device_sum_ms":0.002333196,"wall_minus_device_ms":0.131333804,"exclusive_wall_ms":0.133667000,"exclusive_device_sum_ms":0.002333196,"child_observer_wall_ms":0.000000000,"count_scope":"inclusive","owner_commits":1,"projection_invocations":0}
PRODUCER_COMMAND_V1 stage=0 raw_iteration=1 cpu_begin=1965374957064583 cpu_end=1965375720868458 gpu_begin=1965374957064583 gpu_end=1965375720868458 device_ms=683.30391682684422 encoders=38 interval_scope=possibly_overlapping
PRODUCER_KERNEL_V1 stage=0 raw_iteration=1 ordinal=0 kernel=owner_pack_faces threads=1533387 begin_tick=1965375037443208 end_tick=1965375037500000 ms_per_tick=9.9999999999999995e-07 device_ms=0.056791999999999995
PRODUCER_KERNEL_V1 stage=0 raw_iteration=1 ordinal=1 kernel=owner_pack_faces threads=1533387 begin_tick=1965375037500000 end_tick=1965375037848000 ms_per_tick=9.9999999999999995e-07 device_ms=0.34799999999999998
PRODUCER_KERNEL_V1 stage=0 raw_iteration=1 ordinal=2 kernel=owner_pack_faces threads=1533387 begin_tick=1965375037442291 end_tick=1965375037500208 ms_per_tick=9.9999999999999995e-07 device_ms=0.057916999999999996
PRODUCER_KERNEL_V1 stage=0 raw_iteration=1 ordinal=3 kernel=fct_extract_gas_density threads=504666 begin_tick=1965375037500500 end_tick=1965375037545500 ms_per_tick=9.9999999999999995e-07 device_ms=0.044999999999999998
PRODUCER_KERNEL_V1 stage=0 raw_iteration=1 ordinal=4 kernel=owner_gas_source threads=504666 begin_tick=1965375037848416 end_tick=1965375037998833 ms_per_tick=9.9999999999999995e-07 device_ms=0.150417
PRODUCER_KERNEL_V1 stage=0 raw_iteration=1 ordinal=5 kernel=evaluate_resident_transport threads=504666 begin_tick=1965375037545500 end_tick=1965375038013833 ms_per_tick=9.9999999999999995e-07 device_ms=0.468333
PRODUCER_KERNEL_V1 stage=0 raw_iteration=1 ordinal=6 kernel=identify_resident_transport threads=1 begin_tick=1965375038014208 end_tick=1965375038017208 ms_per_tick=9.9999999999999995e-07 device_ms=0.0030000000000000001
PRODUCER_KERNEL_V1 stage=0 raw_iteration=1 ordinal=7 kernel=owner_bind_transport threads=1 begin_tick=1965375038017750 end_tick=1965375038021708 ms_per_tick=9.9999999999999995e-07 device_ms=0.0039579999999999997
PRODUCER_KERNEL_V1 stage=0 raw_iteration=1 ordinal=8 kernel=identify_resident_owner_endpoint_class threads=1 begin_tick=1965375038022125 end_tick=1965375038025708 ms_per_tick=9.9999999999999995e-07 device_ms=0.0035829999999999998
PRODUCER_KERNEL_V1 stage=0 raw_iteration=1 ordinal=9 kernel=evaluate_resident_physical_flux threads=1533387 begin_tick=1965375039041500 end_tick=1965375040156291 ms_per_tick=9.9999999999999995e-07 device_ms=1.1147909999999999
PRODUCER_KERNEL_V1 stage=0 raw_iteration=1 ordinal=10 kernel=evaluate_resident_advective_pair threads=13800483 begin_tick=1965375040589291 end_tick=1965375047658208 ms_per_tick=9.9999999999999995e-07 device_ms=7.0689169999999999
PRODUCER_KERNEL_V1 stage=0 raw_iteration=1 ordinal=11 kernel=finalize_resident_advective_high threads=13800483 begin_tick=1965375047658833 end_tick=1965375048080041 ms_per_tick=9.9999999999999995e-07 device_ms=0.42120799999999997
PRODUCER_KERNEL_V1 stage=0 raw_iteration=1 ordinal=12 kernel=compose_resident_flux_pair threads=13800483 begin_tick=1965375048080416 end_tick=1965375048972875 ms_per_tick=9.9999999999999995e-07 device_ms=0.892459
PRODUCER_KERNEL_V1 stage=0 raw_iteration=1 ordinal=13 kernel=validate_resident_physical_flux threads=13800483 begin_tick=1965375048973291 end_tick=1965375049949583 ms_per_tick=9.9999999999999995e-07 device_ms=0.97629199999999994
PRODUCER_KERNEL_V1 stage=0 raw_iteration=1 ordinal=14 kernel=identify_resident_physical_flux threads=32 begin_tick=1965375049950000 end_tick=1965375049955958 ms_per_tick=9.9999999999999995e-07 device_ms=0.0059579999999999998
PRODUCER_KERNEL_V1 stage=0 raw_iteration=1 ordinal=15 kernel=fct_build_ratios threads=5551326 begin_tick=1965375049956458 end_tick=1965375053559791 ms_per_tick=9.9999999999999995e-07 device_ms=3.6033329999999997
PRODUCER_KERNEL_V1 stage=0 raw_iteration=1 ordinal=16 kernel=fct_build_face_alpha threads=1533387 begin_tick=1965375053560416 end_tick=1965375053832333 ms_per_tick=9.9999999999999995e-07 device_ms=0.27191699999999996
PRODUCER_KERNEL_V1 stage=0 raw_iteration=1 ordinal=17 kernel=fct_commit_scalar threads=504666 begin_tick=1965375053832875 end_tick=1965375054022708 ms_per_tick=9.9999999999999995e-07 device_ms=0.189833
PRODUCER_KERNEL_V1 stage=0 raw_iteration=1 ordinal=18 kernel=owner_bind_candidate threads=1 begin_tick=1965375054023250 end_tick=1965375054027166 ms_per_tick=9.9999999999999995e-07 device_ms=0.0039160000000000002
PRODUCER_KERNEL_V1 stage=0 raw_iteration=1 ordinal=19 kernel=finalize_resident_eos_candidate threads=1 begin_tick=1965375054027708 end_tick=1965375054030083 ms_per_tick=9.9999999999999995e-07 device_ms=0.0023749999999999999
PRODUCER_KERNEL_V1 stage=0 raw_iteration=1 ordinal=20 kernel=evaluate_resident_eos_candidate threads=504666 begin_tick=1965375054030458 end_tick=1965375606600875 ms_per_tick=9.9999999999999995e-07 device_ms=552.57041700000002
PRODUCER_KERNEL_V1 stage=0 raw_iteration=1 ordinal=21 kernel=finalize_resident_eos_candidate threads=1 begin_tick=1965375606617166 end_tick=1965375606619833 ms_per_tick=9.9999999999999995e-07 device_ms=0.0026669999999999997
PRODUCER_KERNEL_V1 stage=0 raw_iteration=1 ordinal=22 kernel=identify_resident_eos threads=1 begin_tick=1965375606620166 end_tick=1965375606622875 ms_per_tick=9.9999999999999995e-07 device_ms=0.002709
PRODUCER_KERNEL_V1 stage=0 raw_iteration=1 ordinal=23 kernel=produce_resident_frozen_source threads=504666 begin_tick=1965375606623208 end_tick=1965375606654708 ms_per_tick=9.9999999999999995e-07 device_ms=0.0315
PRODUCER_KERNEL_V1 stage=0 raw_iteration=1 ordinal=24 kernel=identify_resident_frozen_source threads=1 begin_tick=1965375606655083 end_tick=1965375606658833 ms_per_tick=9.9999999999999995e-07 device_ms=0.0037499999999999999
PRODUCER_KERNEL_V1 stage=0 raw_iteration=1 ordinal=25 kernel=evaluate_resident_target_terms threads=504666 begin_tick=1965375606659250 end_tick=1965375720053000 ms_per_tick=9.9999999999999995e-07 device_ms=113.39375
PRODUCER_KERNEL_V1 stage=0 raw_iteration=1 ordinal=26 kernel=finalize_resident_target threads=1 begin_tick=1965375720068708 end_tick=1965375720072083 ms_per_tick=9.9999999999999995e-07 device_ms=0.003375
PRODUCER_KERNEL_V1 stage=0 raw_iteration=1 ordinal=27 kernel=identify_resident_target threads=1 begin_tick=1965375720072375 end_tick=1965375720078541 ms_per_tick=9.9999999999999995e-07 device_ms=0.0061659999999999996
PRODUCER_KERNEL_V1 stage=0 raw_iteration=1 ordinal=28 kernel=issue_resident_projection_consumer threads=1 begin_tick=1965375720078958 end_tick=1965375720083750 ms_per_tick=9.9999999999999995e-07 device_ms=0.0047919999999999994
PRODUCER_KERNEL_V1 stage=0 raw_iteration=1 ordinal=29 kernel=consume_resident_target threads=1 begin_tick=1965375720084166 end_tick=1965375720088958 ms_per_tick=9.9999999999999995e-07 device_ms=0.0047919999999999994
PRODUCER_KERNEL_V1 stage=0 raw_iteration=1 ordinal=30 kernel=owner_compose_target threads=504666 begin_tick=1965375720089375 end_tick=1965375720168625 ms_per_tick=9.9999999999999995e-07 device_ms=0.079250000000000001
PRODUCER_KERNEL_V1 stage=0 raw_iteration=1 ordinal=31 kernel=finalize_resident_target threads=1 begin_tick=1965375720168958 end_tick=1965375720171458 ms_per_tick=9.9999999999999995e-07 device_ms=0.0025000000000000001
PRODUCER_KERNEL_V1 stage=0 raw_iteration=1 ordinal=32 kernel=owner_identify_target threads=1 begin_tick=1965375720171750 end_tick=1965375720174916 ms_per_tick=9.9999999999999995e-07 device_ms=0.003166
PRODUCER_KERNEL_V1 stage=0 raw_iteration=1 ordinal=33 kernel=issue_resident_projection_consumer threads=1 begin_tick=1965375720175291 end_tick=1965375720178541 ms_per_tick=9.9999999999999995e-07 device_ms=0.0032499999999999999
PRODUCER_KERNEL_V1 stage=0 raw_iteration=1 ordinal=34 kernel=consume_resident_target threads=1 begin_tick=1965375720178958 end_tick=1965375720182000 ms_per_tick=9.9999999999999995e-07 device_ms=0.003042
PRODUCER_KERNEL_V1 stage=0 raw_iteration=1 ordinal=35 kernel=owner_issue_stage_seal threads=1 begin_tick=1965375720182416 end_tick=1965375720185458 ms_per_tick=9.9999999999999995e-07 device_ms=0.003042
PRODUCER_KERNEL_V1 stage=0 raw_iteration=1 ordinal=36 kernel=fct_compatible_stage_rate threads=1533387 begin_tick=1965375720186125 end_tick=1965375720687708 ms_per_tick=9.9999999999999995e-07 device_ms=0.501583
PRODUCER_KERNEL_V1 stage=0 raw_iteration=1 ordinal=37 kernel=owner_predict_momentum threads=1533387 begin_tick=1965375720688125 end_tick=1965375720740333 ms_per_tick=9.9999999999999995e-07 device_ms=0.052207999999999997
RISE_FIRE_OWNER_PROFILE_V1 {"scope":19,"parent":14,"phase":"BuildStageProducerGroup","stage":0,"raw_iteration":1,"iteration_kind":"picard","wall_ms":763.945583000,"device_sum_ms":683.303916827,"wall_minus_device_ms":80.641666173,"exclusive_wall_ms":763.945583000,"exclusive_device_sum_ms":683.303916827,"child_observer_wall_ms":0.000000000,"count_scope":"inclusive","owner_commits":1,"projection_invocations":0}
RISE_FIRE_OWNER_PROFILE_V1 {"scope":20,"parent":14,"phase":"Residual","stage":0,"raw_iteration":1,"iteration_kind":"picard","wall_ms":0.330042000,"device_sum_ms":0.115124974,"wall_minus_device_ms":0.214917026,"exclusive_wall_ms":0.330042000,"exclusive_device_sum_ms":0.115124974,"child_observer_wall_ms":0.000000000,"count_scope":"inclusive","owner_commits":1,"projection_invocations":0}
RISE_FIRE_OWNER_PROFILE_V1 {"scope":14,"parent":3,"phase":"PicardIteration","stage":0,"raw_iteration":1,"iteration_kind":"picard","wall_ms":778.160541000,"device_sum_ms":692.349791294,"wall_minus_device_ms":85.810749706,"exclusive_wall_ms":0.709958000,"exclusive_device_sum_ms":0.000000000,"child_observer_wall_ms":0.030249000,"count_scope":"inclusive","owner_commits":6,"projection_invocations":1}
RISE_FIRE_OWNER_PROFILE_V1 {"scope":23,"parent":22,"phase":"ProjectionAdapter","stage":0,"raw_iteration":2,"iteration_kind":"picard","wall_ms":11.715041000,"device_sum_ms":8.893124992,"wall_minus_device_ms":2.821916008,"exclusive_wall_ms":11.715041000,"exclusive_device_sum_ms":8.893124992,"child_observer_wall_ms":0.000000000,"count_scope":"inclusive","owner_commits":0,"projection_invocations":1}
RISE_FIRE_OWNER_PROFILE_V1 {"scope":22,"parent":21,"phase":"Project","stage":0,"raw_iteration":2,"iteration_kind":"picard","wall_ms":12.893333000,"device_sum_ms":8.934833109,"wall_minus_device_ms":3.958499891,"exclusive_wall_ms":1.172542000,"exclusive_device_sum_ms":0.041708117,"child_observer_wall_ms":0.005750000,"count_scope":"inclusive","owner_commits":2,"projection_invocations":1}
RISE_FIRE_OWNER_PROFILE_V1 {"scope":24,"parent":21,"phase":"ReadOpenClass","stage":0,"raw_iteration":2,"iteration_kind":"picard","wall_ms":0.153791000,"device_sum_ms":0.002500135,"wall_minus_device_ms":0.151290865,"exclusive_wall_ms":0.153791000,"exclusive_device_sum_ms":0.002500135,"child_observer_wall_ms":0.000000000,"count_scope":"inclusive","owner_commits":1,"projection_invocations":0}
RISE_FIRE_OWNER_PROFILE_V1 {"scope":25,"parent":21,"phase":"ReadOpenClass","stage":0,"raw_iteration":2,"iteration_kind":"picard","wall_ms":0.142708000,"device_sum_ms":0.002374873,"wall_minus_device_ms":0.140333127,"exclusive_wall_ms":0.142708000,"exclusive_device_sum_ms":0.002374873,"child_observer_wall_ms":0.000000000,"count_scope":"inclusive","owner_commits":1,"projection_invocations":0}
PRODUCER_COMMAND_V1 stage=0 raw_iteration=2 cpu_begin=1965375735271541 cpu_end=1965376500360166 gpu_begin=1965375735271541 gpu_end=1965376500360166 device_ms=682.8877916559577 encoders=38 interval_scope=possibly_overlapping
PRODUCER_KERNEL_V1 stage=0 raw_iteration=2 ordinal=0 kernel=owner_pack_faces threads=1533387 begin_tick=1965375817306083 end_tick=1965375817358500 ms_per_tick=9.9999999999999995e-07 device_ms=0.052416999999999998
PRODUCER_KERNEL_V1 stage=0 raw_iteration=2 ordinal=1 kernel=owner_pack_faces threads=1533387 begin_tick=1965375817357791 end_tick=1965375817791750 ms_per_tick=9.9999999999999995e-07 device_ms=0.43395899999999998
PRODUCER_KERNEL_V1 stage=0 raw_iteration=2 ordinal=2 kernel=owner_pack_faces threads=1533387 begin_tick=1965375817304333 end_tick=1965375817357791 ms_per_tick=9.9999999999999995e-07 device_ms=0.053457999999999999
PRODUCER_KERNEL_V1 stage=0 raw_iteration=2 ordinal=3 kernel=fct_extract_gas_density threads=504666 begin_tick=1965375817791750 end_tick=1965375817817291 ms_per_tick=9.9999999999999995e-07 device_ms=0.025540999999999998
PRODUCER_KERNEL_V1 stage=0 raw_iteration=2 ordinal=4 kernel=owner_gas_source threads=504666 begin_tick=1965375817817291 end_tick=1965375817859833 ms_per_tick=9.9999999999999995e-07 device_ms=0.042541999999999996
PRODUCER_KERNEL_V1 stage=0 raw_iteration=2 ordinal=5 kernel=evaluate_resident_transport threads=504666 begin_tick=1965375817358916 end_tick=1965375817855208 ms_per_tick=9.9999999999999995e-07 device_ms=0.49629199999999996
PRODUCER_KERNEL_V1 stage=0 raw_iteration=2 ordinal=6 kernel=identify_resident_transport threads=1 begin_tick=1965375817856125 end_tick=1965375817860541 ms_per_tick=9.9999999999999995e-07 device_ms=0.0044159999999999998
PRODUCER_KERNEL_V1 stage=0 raw_iteration=2 ordinal=7 kernel=owner_bind_transport threads=1 begin_tick=1965375817861125 end_tick=1965375817864791 ms_per_tick=9.9999999999999995e-07 device_ms=0.003666
PRODUCER_KERNEL_V1 stage=0 raw_iteration=2 ordinal=8 kernel=identify_resident_owner_endpoint_class threads=1 begin_tick=1965375817865166 end_tick=1965375817868708 ms_per_tick=9.9999999999999995e-07 device_ms=0.003542
PRODUCER_KERNEL_V1 stage=0 raw_iteration=2 ordinal=9 kernel=evaluate_resident_physical_flux threads=1533387 begin_tick=1965375818902750 end_tick=1965375820017166 ms_per_tick=9.9999999999999995e-07 device_ms=1.1144159999999999
PRODUCER_KERNEL_V1 stage=0 raw_iteration=2 ordinal=10 kernel=evaluate_resident_advective_pair threads=13800483 begin_tick=1965375820455000 end_tick=1965375827946708 ms_per_tick=9.9999999999999995e-07 device_ms=7.491708
PRODUCER_KERNEL_V1 stage=0 raw_iteration=2 ordinal=11 kernel=finalize_resident_advective_high threads=13800483 begin_tick=1965375827947458 end_tick=1965375828365875 ms_per_tick=9.9999999999999995e-07 device_ms=0.41841699999999998
PRODUCER_KERNEL_V1 stage=0 raw_iteration=2 ordinal=12 kernel=compose_resident_flux_pair threads=13800483 begin_tick=1965375828366250 end_tick=1965375829253875 ms_per_tick=9.9999999999999995e-07 device_ms=0.887625
PRODUCER_KERNEL_V1 stage=0 raw_iteration=2 ordinal=13 kernel=validate_resident_physical_flux threads=13800483 begin_tick=1965375829254541 end_tick=1965375830269750 ms_per_tick=9.9999999999999995e-07 device_ms=1.015209
PRODUCER_KERNEL_V1 stage=0 raw_iteration=2 ordinal=14 kernel=identify_resident_physical_flux threads=32 begin_tick=1965375830270375 end_tick=1965375830273958 ms_per_tick=9.9999999999999995e-07 device_ms=0.0035829999999999998
PRODUCER_KERNEL_V1 stage=0 raw_iteration=2 ordinal=15 kernel=fct_build_ratios threads=5551326 begin_tick=1965375830274375 end_tick=1965375833928541 ms_per_tick=9.9999999999999995e-07 device_ms=3.654166
PRODUCER_KERNEL_V1 stage=0 raw_iteration=2 ordinal=16 kernel=fct_build_face_alpha threads=1533387 begin_tick=1965375833929166 end_tick=1965375834200791 ms_per_tick=9.9999999999999995e-07 device_ms=0.27162500000000001
PRODUCER_KERNEL_V1 stage=0 raw_iteration=2 ordinal=17 kernel=fct_commit_scalar threads=504666 begin_tick=1965375834201333 end_tick=1965375834398375 ms_per_tick=9.9999999999999995e-07 device_ms=0.19704199999999999
PRODUCER_KERNEL_V1 stage=0 raw_iteration=2 ordinal=18 kernel=owner_bind_candidate threads=1 begin_tick=1965375834398791 end_tick=1965375834402791 ms_per_tick=9.9999999999999995e-07 device_ms=0.0040000000000000001
PRODUCER_KERNEL_V1 stage=0 raw_iteration=2 ordinal=19 kernel=finalize_resident_eos_candidate threads=1 begin_tick=1965375834403250 end_tick=1965375834405666 ms_per_tick=9.9999999999999995e-07 device_ms=0.0024159999999999997
PRODUCER_KERNEL_V1 stage=0 raw_iteration=2 ordinal=20 kernel=evaluate_resident_eos_candidate threads=504666 begin_tick=1965375834406875 end_tick=1965376385405500 ms_per_tick=9.9999999999999995e-07 device_ms=550.99862499999995
PRODUCER_KERNEL_V1 stage=0 raw_iteration=2 ordinal=21 kernel=finalize_resident_eos_candidate threads=1 begin_tick=1965376385422916 end_tick=1965376385425541 ms_per_tick=9.9999999999999995e-07 device_ms=0.0026249999999999997
PRODUCER_KERNEL_V1 stage=0 raw_iteration=2 ordinal=22 kernel=identify_resident_eos threads=1 begin_tick=1965376385425833 end_tick=1965376385428625 ms_per_tick=9.9999999999999995e-07 device_ms=0.0027919999999999998
PRODUCER_KERNEL_V1 stage=0 raw_iteration=2 ordinal=23 kernel=produce_resident_frozen_source threads=504666 begin_tick=1965376385428916 end_tick=1965376385458666 ms_per_tick=9.9999999999999995e-07 device_ms=0.029749999999999999
PRODUCER_KERNEL_V1 stage=0 raw_iteration=2 ordinal=24 kernel=identify_resident_frozen_source threads=1 begin_tick=1965376385459083 end_tick=1965376385461958 ms_per_tick=9.9999999999999995e-07 device_ms=0.002875
PRODUCER_KERNEL_V1 stage=0 raw_iteration=2 ordinal=25 kernel=evaluate_resident_target_terms threads=504666 begin_tick=1965376385462375 end_tick=1965376499499083 ms_per_tick=9.9999999999999995e-07 device_ms=114.03670799999999
PRODUCER_KERNEL_V1 stage=0 raw_iteration=2 ordinal=26 kernel=finalize_resident_target threads=1 begin_tick=1965376499513708 end_tick=1965376499516958 ms_per_tick=9.9999999999999995e-07 device_ms=0.0032499999999999999
PRODUCER_KERNEL_V1 stage=0 raw_iteration=2 ordinal=27 kernel=identify_resident_target threads=1 begin_tick=1965376499517333 end_tick=1965376499520208 ms_per_tick=9.9999999999999995e-07 device_ms=0.002875
PRODUCER_KERNEL_V1 stage=0 raw_iteration=2 ordinal=28 kernel=issue_resident_projection_consumer threads=1 begin_tick=1965376499520625 end_tick=1965376499525000 ms_per_tick=9.9999999999999995e-07 device_ms=0.0043749999999999995
PRODUCER_KERNEL_V1 stage=0 raw_iteration=2 ordinal=29 kernel=consume_resident_target threads=1 begin_tick=1965376499525750 end_tick=1965376499529833 ms_per_tick=9.9999999999999995e-07 device_ms=0.0040829999999999998
PRODUCER_KERNEL_V1 stage=0 raw_iteration=2 ordinal=30 kernel=owner_compose_target threads=504666 begin_tick=1965376499530250 end_tick=1965376499609333 ms_per_tick=9.9999999999999995e-07 device_ms=0.079083000000000001
PRODUCER_KERNEL_V1 stage=0 raw_iteration=2 ordinal=31 kernel=finalize_resident_target threads=1 begin_tick=1965376499609625 end_tick=1965376499612041 ms_per_tick=9.9999999999999995e-07 device_ms=0.0024159999999999997
PRODUCER_KERNEL_V1 stage=0 raw_iteration=2 ordinal=32 kernel=owner_identify_target threads=1 begin_tick=1965376499612458 end_tick=1965376499615625 ms_per_tick=9.9999999999999995e-07 device_ms=0.0031669999999999997
PRODUCER_KERNEL_V1 stage=0 raw_iteration=2 ordinal=33 kernel=issue_resident_projection_consumer threads=1 begin_tick=1965376499616000 end_tick=1965376499618875 ms_per_tick=9.9999999999999995e-07 device_ms=0.002875
PRODUCER_KERNEL_V1 stage=0 raw_iteration=2 ordinal=34 kernel=consume_resident_target threads=1 begin_tick=1965376499619250 end_tick=1965376499622666 ms_per_tick=9.9999999999999995e-07 device_ms=0.0034159999999999998
PRODUCER_KERNEL_V1 stage=0 raw_iteration=2 ordinal=35 kernel=owner_issue_stage_seal threads=1 begin_tick=1965376499623041 end_tick=1965376499625875 ms_per_tick=9.9999999999999995e-07 device_ms=0.0028339999999999997
PRODUCER_KERNEL_V1 stage=0 raw_iteration=2 ordinal=36 kernel=fct_compatible_stage_rate threads=1533387 begin_tick=1965376499626416 end_tick=1965376500136375 ms_per_tick=9.9999999999999995e-07 device_ms=0.50995899999999994
PRODUCER_KERNEL_V1 stage=0 raw_iteration=2 ordinal=37 kernel=owner_predict_momentum threads=1533387 begin_tick=1965376500136791 end_tick=1965376500185833 ms_per_tick=9.9999999999999995e-07 device_ms=0.049041999999999995
RISE_FIRE_OWNER_PROFILE_V1 {"scope":26,"parent":21,"phase":"BuildStageProducerGroup","stage":0,"raw_iteration":2,"iteration_kind":"picard","wall_ms":765.232916000,"device_sum_ms":682.887791656,"wall_minus_device_ms":82.345124344,"exclusive_wall_ms":765.232916000,"exclusive_device_sum_ms":682.887791656,"child_observer_wall_ms":0.000000000,"count_scope":"inclusive","owner_commits":1,"projection_invocations":0}
RISE_FIRE_OWNER_PROFILE_V1 {"scope":27,"parent":21,"phase":"Residual","stage":0,"raw_iteration":2,"iteration_kind":"picard","wall_ms":0.313000000,"device_sum_ms":0.112500042,"wall_minus_device_ms":0.200499958,"exclusive_wall_ms":0.313000000,"exclusive_device_sum_ms":0.112500042,"child_observer_wall_ms":0.000000000,"count_scope":"inclusive","owner_commits":1,"projection_invocations":0}
RISE_FIRE_OWNER_PROFILE_V1 {"scope":30,"parent":29,"phase":"ProjectionAdapter","stage":0,"raw_iteration":2147483650,"iteration_kind":"terminal","wall_ms":12.059375000,"device_sum_ms":9.185583331,"wall_minus_device_ms":2.873791669,"exclusive_wall_ms":12.059375000,"exclusive_device_sum_ms":9.185583331,"child_observer_wall_ms":0.000000000,"count_scope":"inclusive","owner_commits":0,"projection_invocations":1}
RISE_FIRE_OWNER_PROFILE_V1 {"scope":29,"parent":28,"phase":"Project","stage":0,"raw_iteration":2147483650,"iteration_kind":"terminal","wall_ms":12.656500000,"device_sum_ms":9.224666515,"wall_minus_device_ms":3.431833485,"exclusive_wall_ms":0.591084000,"exclusive_device_sum_ms":0.039083185,"child_observer_wall_ms":0.006041000,"count_scope":"inclusive","owner_commits":2,"projection_invocations":1}
RISE_FIRE_OWNER_PROFILE_V1 {"scope":31,"parent":28,"phase":"ReadOpenClass","stage":0,"raw_iteration":2147483650,"iteration_kind":"terminal","wall_ms":0.161209000,"device_sum_ms":0.002375105,"wall_minus_device_ms":0.158833895,"exclusive_wall_ms":0.161209000,"exclusive_device_sum_ms":0.002375105,"child_observer_wall_ms":0.000000000,"count_scope":"inclusive","owner_commits":1,"projection_invocations":0}
RISE_FIRE_OWNER_PROFILE_V1 {"scope":32,"parent":28,"phase":"ReadOpenClass","stage":0,"raw_iteration":2147483650,"iteration_kind":"terminal","wall_ms":0.150542000,"device_sum_ms":0.002500135,"wall_minus_device_ms":0.148041865,"exclusive_wall_ms":0.150542000,"exclusive_device_sum_ms":0.002500135,"child_observer_wall_ms":0.000000000,"count_scope":"inclusive","owner_commits":1,"projection_invocations":0}
PRODUCER_COMMAND_V1 stage=0 raw_iteration=2147483650 cpu_begin=1965376513813291 cpu_end=1965377282623458 gpu_begin=1965376513813291 gpu_end=1965377282623458 device_ms=687.96366662718356 encoders=38 interval_scope=possibly_overlapping
PRODUCER_KERNEL_V1 stage=0 raw_iteration=2147483650 ordinal=0 kernel=owner_pack_faces threads=1533387 begin_tick=1965376594532541 end_tick=1965376594593250 ms_per_tick=9.9999999999999995e-07 device_ms=0.060708999999999999
PRODUCER_KERNEL_V1 stage=0 raw_iteration=2147483650 ordinal=1 kernel=owner_pack_faces threads=1533387 begin_tick=1965376594593000 end_tick=1965376594872791 ms_per_tick=9.9999999999999995e-07 device_ms=0.27979100000000001
PRODUCER_KERNEL_V1 stage=0 raw_iteration=2147483650 ordinal=2 kernel=owner_pack_faces threads=1533387 begin_tick=1965376594531500 end_tick=1965376594593000 ms_per_tick=9.9999999999999995e-07 device_ms=0.061499999999999999
PRODUCER_KERNEL_V1 stage=0 raw_iteration=2147483650 ordinal=3 kernel=fct_extract_gas_density threads=504666 begin_tick=1965376594593666 end_tick=1965376594643875 ms_per_tick=9.9999999999999995e-07 device_ms=0.050208999999999997
PRODUCER_KERNEL_V1 stage=0 raw_iteration=2147483650 ordinal=4 kernel=owner_gas_source threads=504666 begin_tick=1965376594873333 end_tick=1965376595087833 ms_per_tick=9.9999999999999995e-07 device_ms=0.2145
PRODUCER_KERNEL_V1 stage=0 raw_iteration=2147483650 ordinal=5 kernel=evaluate_resident_transport threads=504666 begin_tick=1965376594649666 end_tick=1965376595103166 ms_per_tick=9.9999999999999995e-07 device_ms=0.45349999999999996
PRODUCER_KERNEL_V1 stage=0 raw_iteration=2147483650 ordinal=6 kernel=identify_resident_transport threads=1 begin_tick=1965376595103583 end_tick=1965376595106416 ms_per_tick=9.9999999999999995e-07 device_ms=0.002833
PRODUCER_KERNEL_V1 stage=0 raw_iteration=2147483650 ordinal=7 kernel=owner_bind_transport threads=1 begin_tick=1965376595106958 end_tick=1965376595110666 ms_per_tick=9.9999999999999995e-07 device_ms=0.0037079999999999999
PRODUCER_KERNEL_V1 stage=0 raw_iteration=2147483650 ordinal=8 kernel=identify_resident_owner_endpoint_class threads=1 begin_tick=1965376595110958 end_tick=1965376595114750 ms_per_tick=9.9999999999999995e-07 device_ms=0.0037919999999999998
PRODUCER_KERNEL_V1 stage=0 raw_iteration=2147483650 ordinal=9 kernel=evaluate_resident_physical_flux threads=1533387 begin_tick=1965376596189250 end_tick=1965376597302416 ms_per_tick=9.9999999999999995e-07 device_ms=1.1131659999999999
PRODUCER_KERNEL_V1 stage=0 raw_iteration=2147483650 ordinal=10 kernel=evaluate_resident_advective_pair threads=13800483 begin_tick=1965376597737791 end_tick=1965376604807750 ms_per_tick=9.9999999999999995e-07 device_ms=7.0699589999999999
PRODUCER_KERNEL_V1 stage=0 raw_iteration=2147483650 ordinal=11 kernel=finalize_resident_advective_high threads=13800483 begin_tick=1965376604808416 end_tick=1965376605229750 ms_per_tick=9.9999999999999995e-07 device_ms=0.42133399999999999
PRODUCER_KERNEL_V1 stage=0 raw_iteration=2147483650 ordinal=12 kernel=compose_resident_flux_pair threads=13800483 begin_tick=1965376605230166 end_tick=1965376606121291 ms_per_tick=9.9999999999999995e-07 device_ms=0.89112499999999994
PRODUCER_KERNEL_V1 stage=0 raw_iteration=2147483650 ordinal=13 kernel=validate_resident_physical_flux threads=13800483 begin_tick=1965376606121833 end_tick=1965376607086458 ms_per_tick=9.9999999999999995e-07 device_ms=0.96462499999999995
PRODUCER_KERNEL_V1 stage=0 raw_iteration=2147483650 ordinal=14 kernel=identify_resident_physical_flux threads=32 begin_tick=1965376607086875 end_tick=1965376607092958 ms_per_tick=9.9999999999999995e-07 device_ms=0.0060829999999999999
PRODUCER_KERNEL_V1 stage=0 raw_iteration=2147483650 ordinal=15 kernel=fct_build_ratios threads=5551326 begin_tick=1965376607093541 end_tick=1965376610697750 ms_per_tick=9.9999999999999995e-07 device_ms=3.604209
PRODUCER_KERNEL_V1 stage=0 raw_iteration=2147483650 ordinal=16 kernel=fct_build_face_alpha threads=1533387 begin_tick=1965376610698375 end_tick=1965376610969541 ms_per_tick=9.9999999999999995e-07 device_ms=0.27116599999999996
PRODUCER_KERNEL_V1 stage=0 raw_iteration=2147483650 ordinal=17 kernel=fct_commit_scalar threads=504666 begin_tick=1965376610970125 end_tick=1965376611160750 ms_per_tick=9.9999999999999995e-07 device_ms=0.19062499999999999
PRODUCER_KERNEL_V1 stage=0 raw_iteration=2147483650 ordinal=18 kernel=owner_bind_candidate threads=1 begin_tick=1965376611161291 end_tick=1965376611165083 ms_per_tick=9.9999999999999995e-07 device_ms=0.0037919999999999998
PRODUCER_KERNEL_V1 stage=0 raw_iteration=2147483650 ordinal=19 kernel=finalize_resident_eos_candidate threads=1 begin_tick=1965376611165625 end_tick=1965376611168041 ms_per_tick=9.9999999999999995e-07 device_ms=0.0024159999999999997
PRODUCER_KERNEL_V1 stage=0 raw_iteration=2147483650 ordinal=20 kernel=evaluate_resident_eos_candidate threads=504666 begin_tick=1965376611168500 end_tick=1965377168510041 ms_per_tick=9.9999999999999995e-07 device_ms=557.34154100000001
PRODUCER_KERNEL_V1 stage=0 raw_iteration=2147483650 ordinal=21 kernel=finalize_resident_eos_candidate threads=1 begin_tick=1965377168529500 end_tick=1965377168532125 ms_per_tick=9.9999999999999995e-07 device_ms=0.0026249999999999997
PRODUCER_KERNEL_V1 stage=0 raw_iteration=2147483650 ordinal=22 kernel=identify_resident_eos threads=1 begin_tick=1965377168532541 end_tick=1965377168535291 ms_per_tick=9.9999999999999995e-07 device_ms=0.0027499999999999998
PRODUCER_KERNEL_V1 stage=0 raw_iteration=2147483650 ordinal=23 kernel=produce_resident_frozen_source threads=504666 begin_tick=1965377168535708 end_tick=1965377168566208 ms_per_tick=9.9999999999999995e-07 device_ms=0.030499999999999999
PRODUCER_KERNEL_V1 stage=0 raw_iteration=2147483650 ordinal=24 kernel=identify_resident_frozen_source threads=1 begin_tick=1965377168566625 end_tick=1965377168569375 ms_per_tick=9.9999999999999995e-07 device_ms=0.0027499999999999998
PRODUCER_KERNEL_V1 stage=0 raw_iteration=2147483650 ordinal=25 kernel=evaluate_resident_target_terms threads=504666 begin_tick=1965377168569791 end_tick=1965377281807041 ms_per_tick=9.9999999999999995e-07 device_ms=113.23724999999999
PRODUCER_KERNEL_V1 stage=0 raw_iteration=2147483650 ordinal=26 kernel=finalize_resident_target threads=1 begin_tick=1965377281821541 end_tick=1965377281824791 ms_per_tick=9.9999999999999995e-07 device_ms=0.0032499999999999999
PRODUCER_KERNEL_V1 stage=0 raw_iteration=2147483650 ordinal=27 kernel=identify_resident_target threads=1 begin_tick=1965377281825125 end_tick=1965377281827833 ms_per_tick=9.9999999999999995e-07 device_ms=0.0027079999999999999
PRODUCER_KERNEL_V1 stage=0 raw_iteration=2147483650 ordinal=28 kernel=issue_resident_projection_consumer threads=1 begin_tick=1965377281828166 end_tick=1965377281832416 ms_per_tick=9.9999999999999995e-07 device_ms=0.0042499999999999994
PRODUCER_KERNEL_V1 stage=0 raw_iteration=2147483650 ordinal=29 kernel=consume_resident_target threads=1 begin_tick=1965377281832750 end_tick=1965377281836958 ms_per_tick=9.9999999999999995e-07 device_ms=0.0042079999999999999
PRODUCER_KERNEL_V1 stage=0 raw_iteration=2147483650 ordinal=30 kernel=owner_compose_target threads=504666 begin_tick=1965377281837375 end_tick=1965377281916583 ms_per_tick=9.9999999999999995e-07 device_ms=0.079208000000000001
PRODUCER_KERNEL_V1 stage=0 raw_iteration=2147483650 ordinal=31 kernel=finalize_resident_target threads=1 begin_tick=1965377281916916 end_tick=1965377281919416 ms_per_tick=9.9999999999999995e-07 device_ms=0.0025000000000000001
PRODUCER_KERNEL_V1 stage=0 raw_iteration=2147483650 ordinal=32 kernel=owner_identify_target threads=1 begin_tick=1965377281919833 end_tick=1965377281922791 ms_per_tick=9.9999999999999995e-07 device_ms=0.0029579999999999997
PRODUCER_KERNEL_V1 stage=0 raw_iteration=2147483650 ordinal=33 kernel=issue_resident_projection_consumer threads=1 begin_tick=1965377281923125 end_tick=1965377281926291 ms_per_tick=9.9999999999999995e-07 device_ms=0.003166
PRODUCER_KERNEL_V1 stage=0 raw_iteration=2147483650 ordinal=34 kernel=consume_resident_target threads=1 begin_tick=1965377281926666 end_tick=1965377281929708 ms_per_tick=9.9999999999999995e-07 device_ms=0.003042
PRODUCER_KERNEL_V1 stage=0 raw_iteration=2147483650 ordinal=35 kernel=owner_issue_stage_seal threads=1 begin_tick=1965377281930083 end_tick=1965377281932958 ms_per_tick=9.9999999999999995e-07 device_ms=0.002875
PRODUCER_KERNEL_V1 stage=0 raw_iteration=2147483650 ordinal=36 kernel=fct_compatible_stage_rate threads=1533387 begin_tick=1965377281933458 end_tick=1965377282439208 ms_per_tick=9.9999999999999995e-07 device_ms=0.50574999999999992
PRODUCER_KERNEL_V1 stage=0 raw_iteration=2147483650 ordinal=37 kernel=owner_predict_momentum threads=1533387 begin_tick=1965377282439708 end_tick=1965377282489166 ms_per_tick=9.9999999999999995e-07 device_ms=0.049457999999999995
RISE_FIRE_OWNER_PROFILE_V1 {"scope":33,"parent":28,"phase":"BuildStageProducerGroup","stage":0,"raw_iteration":2147483650,"iteration_kind":"terminal","wall_ms":768.952291000,"device_sum_ms":687.963666627,"wall_minus_device_ms":80.988624373,"exclusive_wall_ms":768.952291000,"exclusive_device_sum_ms":687.963666627,"child_observer_wall_ms":0.000000000,"count_scope":"inclusive","owner_commits":1,"projection_invocations":0}
RISE_FIRE_OWNER_PROFILE_V1 {"scope":34,"parent":28,"phase":"AlphaResidual","stage":0,"raw_iteration":2147483650,"iteration_kind":"terminal","wall_ms":0.237250000,"device_sum_ms":0.050124945,"wall_minus_device_ms":0.187125055,"exclusive_wall_ms":0.237250000,"exclusive_device_sum_ms":0.050124945,"child_observer_wall_ms":0.000000000,"count_scope":"inclusive","owner_commits":1,"projection_invocations":0}
RISE_FIRE_OWNER_PROFILE_V1 {"scope":35,"parent":28,"phase":"Residual","stage":0,"raw_iteration":2147483650,"iteration_kind":"terminal","wall_ms":0.290375000,"device_sum_ms":0.110124936,"wall_minus_device_ms":0.180250064,"exclusive_wall_ms":0.290375000,"exclusive_device_sum_ms":0.110124936,"child_observer_wall_ms":0.000000000,"count_scope":"inclusive","owner_commits":1,"projection_invocations":0}
RISE_FIRE_OWNER_PROFILE_V1 {"scope":28,"parent":21,"phase":"TerminalVerification","stage":0,"raw_iteration":2147483650,"iteration_kind":"terminal","wall_ms":782.482584000,"device_sum_ms":697.353458265,"wall_minus_device_ms":85.129125735,"exclusive_wall_ms":0.004416000,"exclusive_device_sum_ms":0.000000000,"child_observer_wall_ms":0.030001000,"count_scope":"inclusive","owner_commits":7,"projection_invocations":1}
RISE_FIRE_OWNER_PROFILE_V1 {"scope":21,"parent":3,"phase":"PicardIteration","stage":0,"raw_iteration":2,"iteration_kind":"picard","wall_ms":1561.986375000,"device_sum_ms":1389.293458080,"wall_minus_device_ms":172.692916920,"exclusive_wall_ms":0.740334000,"exclusive_device_sum_ms":0.000000000,"child_observer_wall_ms":0.027709000,"count_scope":"inclusive","owner_commits":13,"projection_invocations":2}
RISE_FIRE_OWNER_PROFILE_V1 {"scope":3,"parent":1,"phase":"SolveStage","stage":0,"raw_iteration":4294967295,"iteration_kind":"bootstrap","wall_ms":3912.538292000,"device_sum_ms":3480.111999204,"wall_minus_device_ms":432.426292796,"exclusive_wall_ms":2.403875000,"exclusive_device_sum_ms":0.000000000,"child_observer_wall_ms":0.026751000,"count_scope":"inclusive","owner_commits":28,"projection_invocations":5}
RISE_FIRE_OWNER_PROFILE_V1 {"scope":38,"parent":37,"phase":"ProjectionAdapter","stage":1,"raw_iteration":4294967295,"iteration_kind":"bootstrap","wall_ms":12.246083000,"device_sum_ms":9.424333228,"wall_minus_device_ms":2.821749772,"exclusive_wall_ms":12.246083000,"exclusive_device_sum_ms":9.424333228,"child_observer_wall_ms":0.000000000,"count_scope":"inclusive","owner_commits":0,"projection_invocations":1}
RISE_FIRE_OWNER_PROFILE_V1 {"scope":37,"parent":36,"phase":"Project","stage":1,"raw_iteration":4294967295,"iteration_kind":"bootstrap","wall_ms":13.501209000,"device_sum_ms":9.465666488,"wall_minus_device_ms":4.035542512,"exclusive_wall_ms":1.247001000,"exclusive_device_sum_ms":0.041333260,"child_observer_wall_ms":0.008125000,"count_scope":"inclusive","owner_commits":2,"projection_invocations":1}
PRODUCER_COMMAND_V1 stage=1 raw_iteration=4294967295 cpu_begin=1965377299971541 cpu_end=1965378062812291 gpu_begin=1965377299971541 gpu_end=1965378062812291 device_ms=682.07687512040138 encoders=41 interval_scope=possibly_overlapping
PRODUCER_KERNEL_V1 stage=1 raw_iteration=4294967295 ordinal=0 kernel=owner_pack_faces threads=1533387 begin_tick=1965377380611500 end_tick=1965377380665000 ms_per_tick=9.9999999999999995e-07 device_ms=0.053499999999999999
PRODUCER_KERNEL_V1 stage=1 raw_iteration=4294967295 ordinal=1 kernel=owner_pack_faces threads=1533387 begin_tick=1965377380664750 end_tick=1965377381103708 ms_per_tick=9.9999999999999995e-07 device_ms=0.43895799999999996
PRODUCER_KERNEL_V1 stage=1 raw_iteration=4294967295 ordinal=2 kernel=owner_pack_faces threads=1533387 begin_tick=1965377380610375 end_tick=1965377380664750 ms_per_tick=9.9999999999999995e-07 device_ms=0.054375
PRODUCER_KERNEL_V1 stage=1 raw_iteration=4294967295 ordinal=3 kernel=fct_extract_gas_density threads=504666 begin_tick=1965377381103708 end_tick=1965377381129666 ms_per_tick=9.9999999999999995e-07 device_ms=0.025957999999999998
PRODUCER_KERNEL_V1 stage=1 raw_iteration=4294967295 ordinal=4 kernel=owner_gas_source threads=504666 begin_tick=1965377381129666 end_tick=1965377381171583 ms_per_tick=9.9999999999999995e-07 device_ms=0.041916999999999996
PRODUCER_KERNEL_V1 stage=1 raw_iteration=4294967295 ordinal=5 kernel=evaluate_resident_transport threads=504666 begin_tick=1965377380665416 end_tick=1965377381133625 ms_per_tick=9.9999999999999995e-07 device_ms=0.46820899999999999
PRODUCER_KERNEL_V1 stage=1 raw_iteration=4294967295 ordinal=6 kernel=identify_resident_transport threads=1 begin_tick=1965377381135833 end_tick=1965377381155625 ms_per_tick=9.9999999999999995e-07 device_ms=0.019792000000000001
PRODUCER_KERNEL_V1 stage=1 raw_iteration=4294967295 ordinal=7 kernel=owner_bind_transport threads=1 begin_tick=1965377381158333 end_tick=1965377381172125 ms_per_tick=9.9999999999999995e-07 device_ms=0.013791999999999999
PRODUCER_KERNEL_V1 stage=1 raw_iteration=4294967295 ordinal=8 kernel=identify_resident_owner_endpoint_class threads=1 begin_tick=1965377381172541 end_tick=1965377381175916 ms_per_tick=9.9999999999999995e-07 device_ms=0.003375
PRODUCER_KERNEL_V1 stage=1 raw_iteration=4294967295 ordinal=9 kernel=evaluate_resident_physical_flux threads=1533387 begin_tick=1965377382215833 end_tick=1965377383332708 ms_per_tick=9.9999999999999995e-07 device_ms=1.1168749999999998
PRODUCER_KERNEL_V1 stage=1 raw_iteration=4294967295 ordinal=10 kernel=evaluate_resident_advective_pair threads=13800483 begin_tick=1965377383762416 end_tick=1965377390834375 ms_per_tick=9.9999999999999995e-07 device_ms=7.0719589999999997
PRODUCER_KERNEL_V1 stage=1 raw_iteration=4294967295 ordinal=11 kernel=finalize_resident_advective_high threads=13800483 begin_tick=1965377390835000 end_tick=1965377391255083 ms_per_tick=9.9999999999999995e-07 device_ms=0.42008299999999998
PRODUCER_KERNEL_V1 stage=1 raw_iteration=4294967295 ordinal=12 kernel=compose_resident_flux_pair threads=13800483 begin_tick=1965377391255458 end_tick=1965377392587166 ms_per_tick=9.9999999999999995e-07 device_ms=1.3317079999999999
PRODUCER_KERNEL_V1 stage=1 raw_iteration=4294967295 ordinal=13 kernel=validate_resident_physical_flux threads=13800483 begin_tick=1965377392607416 end_tick=1965377393608166 ms_per_tick=9.9999999999999995e-07 device_ms=1.00075
PRODUCER_KERNEL_V1 stage=1 raw_iteration=4294967295 ordinal=14 kernel=identify_resident_physical_flux threads=32 begin_tick=1965377393608916 end_tick=1965377393614750 ms_per_tick=9.9999999999999995e-07 device_ms=0.0058339999999999998
PRODUCER_KERNEL_V1 stage=1 raw_iteration=4294967295 ordinal=15 kernel=owner_average_flux threads=13800483 begin_tick=1965377393615291 end_tick=1965377394414708 ms_per_tick=9.9999999999999995e-07 device_ms=0.79941699999999993
PRODUCER_KERNEL_V1 stage=1 raw_iteration=4294967295 ordinal=16 kernel=owner_bind_averaged_flux threads=1 begin_tick=1965377394415250 end_tick=1965377394418916 ms_per_tick=9.9999999999999995e-07 device_ms=0.003666
PRODUCER_KERNEL_V1 stage=1 raw_iteration=4294967295 ordinal=17 kernel=fct_build_ratios threads=5551326 begin_tick=1965377394419250 end_tick=1965377398016041 ms_per_tick=9.9999999999999995e-07 device_ms=3.5967909999999996
PRODUCER_KERNEL_V1 stage=1 raw_iteration=4294967295 ordinal=18 kernel=fct_build_face_alpha threads=1533387 begin_tick=1965377398016708 end_tick=1965377398288375 ms_per_tick=9.9999999999999995e-07 device_ms=0.27166699999999999
PRODUCER_KERNEL_V1 stage=1 raw_iteration=4294967295 ordinal=19 kernel=fct_commit_scalar threads=504666 begin_tick=1965377398289041 end_tick=1965377398479333 ms_per_tick=9.9999999999999995e-07 device_ms=0.19029199999999999
PRODUCER_KERNEL_V1 stage=1 raw_iteration=4294967295 ordinal=20 kernel=owner_bind_candidate threads=1 begin_tick=1965377398479750 end_tick=1965377398486708 ms_per_tick=9.9999999999999995e-07 device_ms=0.0069579999999999998
PRODUCER_KERNEL_V1 stage=1 raw_iteration=4294967295 ordinal=21 kernel=finalize_resident_eos_candidate threads=1 begin_tick=1965377398487583 end_tick=1965377398490291 ms_per_tick=9.9999999999999995e-07 device_ms=0.0027079999999999999
PRODUCER_KERNEL_V1 stage=1 raw_iteration=4294967295 ordinal=22 kernel=evaluate_resident_eos_candidate threads=504666 begin_tick=1965377398490750 end_tick=1965377948101166 ms_per_tick=9.9999999999999995e-07 device_ms=549.61041599999999
PRODUCER_KERNEL_V1 stage=1 raw_iteration=4294967295 ordinal=23 kernel=finalize_resident_eos_candidate threads=1 begin_tick=1965377948116250 end_tick=1965377948118791 ms_per_tick=9.9999999999999995e-07 device_ms=0.0025409999999999999
PRODUCER_KERNEL_V1 stage=1 raw_iteration=4294967295 ordinal=24 kernel=identify_resident_eos threads=1 begin_tick=1965377948119083 end_tick=1965377948125416 ms_per_tick=9.9999999999999995e-07 device_ms=0.0063330000000000001
PRODUCER_KERNEL_V1 stage=1 raw_iteration=4294967295 ordinal=25 kernel=produce_resident_frozen_source threads=504666 begin_tick=1965377948125833 end_tick=1965377948154958 ms_per_tick=9.9999999999999995e-07 device_ms=0.029124999999999998
PRODUCER_KERNEL_V1 stage=1 raw_iteration=4294967295 ordinal=26 kernel=identify_resident_frozen_source threads=1 begin_tick=1965377948155375 end_tick=1965377948161583 ms_per_tick=9.9999999999999995e-07 device_ms=0.006208
PRODUCER_KERNEL_V1 stage=1 raw_iteration=4294967295 ordinal=27 kernel=evaluate_resident_target_terms threads=504666 begin_tick=1965377948162583 end_tick=1965378061488416 ms_per_tick=9.9999999999999995e-07 device_ms=113.32583299999999
PRODUCER_KERNEL_V1 stage=1 raw_iteration=4294967295 ordinal=28 kernel=finalize_resident_target threads=1 begin_tick=1965378061504375 end_tick=1965378061510791 ms_per_tick=9.9999999999999995e-07 device_ms=0.0064159999999999998
PRODUCER_KERNEL_V1 stage=1 raw_iteration=4294967295 ordinal=29 kernel=identify_resident_target threads=1 begin_tick=1965378061511208 end_tick=1965378061514083 ms_per_tick=9.9999999999999995e-07 device_ms=0.002875
PRODUCER_KERNEL_V1 stage=1 raw_iteration=4294967295 ordinal=30 kernel=issue_resident_projection_consumer threads=1 begin_tick=1965378061514500 end_tick=1965378061518708 ms_per_tick=9.9999999999999995e-07 device_ms=0.0042079999999999999
PRODUCER_KERNEL_V1 stage=1 raw_iteration=4294967295 ordinal=31 kernel=consume_resident_target threads=1 begin_tick=1965378061519958 end_tick=1965378061524166 ms_per_tick=9.9999999999999995e-07 device_ms=0.0042079999999999999
PRODUCER_KERNEL_V1 stage=1 raw_iteration=4294967295 ordinal=32 kernel=owner_compose_target threads=504666 begin_tick=1965378061524541 end_tick=1965378061555125 ms_per_tick=9.9999999999999995e-07 device_ms=0.030584
PRODUCER_KERNEL_V1 stage=1 raw_iteration=4294967295 ordinal=33 kernel=finalize_resident_target threads=1 begin_tick=1965378061555416 end_tick=1965378061557708 ms_per_tick=9.9999999999999995e-07 device_ms=0.0022919999999999998
PRODUCER_KERNEL_V1 stage=1 raw_iteration=4294967295 ordinal=34 kernel=owner_identify_target threads=1 begin_tick=1965378061558125 end_tick=1965378061564375 ms_per_tick=9.9999999999999995e-07 device_ms=0.0062499999999999995
PRODUCER_KERNEL_V1 stage=1 raw_iteration=4294967295 ordinal=35 kernel=issue_resident_projection_consumer threads=1 begin_tick=1965378061564750 end_tick=1965378061567583 ms_per_tick=9.9999999999999995e-07 device_ms=0.002833
PRODUCER_KERNEL_V1 stage=1 raw_iteration=4294967295 ordinal=36 kernel=consume_resident_target threads=1 begin_tick=1965378061568000 end_tick=1965378061571791 ms_per_tick=9.9999999999999995e-07 device_ms=0.0037909999999999997
PRODUCER_KERNEL_V1 stage=1 raw_iteration=4294967295 ordinal=37 kernel=owner_issue_stage_seal threads=1 begin_tick=1965378061572208 end_tick=1965378061575125 ms_per_tick=9.9999999999999995e-07 device_ms=0.0029169999999999999
PRODUCER_KERNEL_V1 stage=1 raw_iteration=4294967295 ordinal=38 kernel=fct_compatible_stage_rate threads=1533387 begin_tick=1965378061576500 end_tick=1965378062087833 ms_per_tick=9.9999999999999995e-07 device_ms=0.51133299999999993
PRODUCER_KERNEL_V1 stage=1 raw_iteration=4294967295 ordinal=39 kernel=fct_compatible_stage_rate threads=1533387 begin_tick=1965378062088208 end_tick=1965378062589458 ms_per_tick=9.9999999999999995e-07 device_ms=0.50124999999999997
PRODUCER_KERNEL_V1 stage=1 raw_iteration=4294967295 ordinal=40 kernel=owner_heun_momentum threads=1533387 begin_tick=1965378062589916 end_tick=1965378062681500 ms_per_tick=9.9999999999999995e-07 device_ms=0.091583999999999999
RISE_FIRE_OWNER_PROFILE_V1 {"scope":39,"parent":36,"phase":"BuildStageProducerGroup","stage":1,"raw_iteration":4294967295,"iteration_kind":"bootstrap","wall_ms":762.992666000,"device_sum_ms":682.076875120,"wall_minus_device_ms":80.915790880,"exclusive_wall_ms":762.992666000,"exclusive_device_sum_ms":682.076875120,"child_observer_wall_ms":0.000000000,"count_scope":"inclusive","owner_commits":1,"projection_invocations":0}
RISE_FIRE_OWNER_PROFILE_V1 {"scope":42,"parent":41,"phase":"ProjectionAdapter","stage":1,"raw_iteration":0,"iteration_kind":"picard","wall_ms":11.759875000,"device_sum_ms":8.921999950,"wall_minus_device_ms":2.837875050,"exclusive_wall_ms":11.759875000,"exclusive_device_sum_ms":8.921999950,"child_observer_wall_ms":0.000000000,"count_scope":"inclusive","owner_commits":0,"projection_invocations":1}
RISE_FIRE_OWNER_PROFILE_V1 {"scope":41,"parent":40,"phase":"Project","stage":1,"raw_iteration":0,"iteration_kind":"picard","wall_ms":12.346250000,"device_sum_ms":8.966041496,"wall_minus_device_ms":3.380208504,"exclusive_wall_ms":0.579333000,"exclusive_device_sum_ms":0.044041546,"child_observer_wall_ms":0.007042000,"count_scope":"inclusive","owner_commits":2,"projection_invocations":1}
RISE_FIRE_OWNER_PROFILE_V1 {"scope":43,"parent":40,"phase":"ReadOpenClass","stage":1,"raw_iteration":0,"iteration_kind":"picard","wall_ms":0.159709000,"device_sum_ms":0.002333429,"wall_minus_device_ms":0.157375571,"exclusive_wall_ms":0.159709000,"exclusive_device_sum_ms":0.002333429,"child_observer_wall_ms":0.000000000,"count_scope":"inclusive","owner_commits":1,"projection_invocations":0}
RISE_FIRE_OWNER_PROFILE_V1 {"scope":44,"parent":40,"phase":"ReadOpenClass","stage":1,"raw_iteration":0,"iteration_kind":"picard","wall_ms":0.161875000,"device_sum_ms":0.002333196,"wall_minus_device_ms":0.159541804,"exclusive_wall_ms":0.161875000,"exclusive_device_sum_ms":0.002333196,"child_observer_wall_ms":0.000000000,"count_scope":"inclusive","owner_commits":1,"projection_invocations":0}
PRODUCER_COMMAND_V1 stage=1 raw_iteration=0 cpu_begin=1965378075652000 cpu_end=1965378839489083 gpu_begin=1965378075652000 gpu_end=1965378839489083 device_ms=683.12200019136071 encoders=41 interval_scope=possibly_overlapping
PRODUCER_KERNEL_V1 stage=1 raw_iteration=0 ordinal=0 kernel=owner_pack_faces threads=1533387 begin_tick=1965378156241583 end_tick=1965378156299583 ms_per_tick=9.9999999999999995e-07 device_ms=0.057999999999999996
PRODUCER_KERNEL_V1 stage=1 raw_iteration=0 ordinal=1 kernel=owner_pack_faces threads=1533387 begin_tick=1965378156299583 end_tick=1965378156635458 ms_per_tick=9.9999999999999995e-07 device_ms=0.33587499999999998
PRODUCER_KERNEL_V1 stage=1 raw_iteration=0 ordinal=2 kernel=owner_pack_faces threads=1533387 begin_tick=1965378156240791 end_tick=1965378156299833 ms_per_tick=9.9999999999999995e-07 device_ms=0.059041999999999997
PRODUCER_KERNEL_V1 stage=1 raw_iteration=0 ordinal=3 kernel=fct_extract_gas_density threads=504666 begin_tick=1965378156300083 end_tick=1965378156347875 ms_per_tick=9.9999999999999995e-07 device_ms=0.047792000000000001
PRODUCER_KERNEL_V1 stage=1 raw_iteration=0 ordinal=4 kernel=owner_gas_source threads=504666 begin_tick=1965378156635916 end_tick=1965378156797833 ms_per_tick=9.9999999999999995e-07 device_ms=0.16191700000000001
PRODUCER_KERNEL_V1 stage=1 raw_iteration=0 ordinal=5 kernel=evaluate_resident_transport threads=504666 begin_tick=1965378156347875 end_tick=1965378156813375 ms_per_tick=9.9999999999999995e-07 device_ms=0.46549999999999997
PRODUCER_KERNEL_V1 stage=1 raw_iteration=0 ordinal=6 kernel=identify_resident_transport threads=1 begin_tick=1965378156813750 end_tick=1965378156816583 ms_per_tick=9.9999999999999995e-07 device_ms=0.002833
PRODUCER_KERNEL_V1 stage=1 raw_iteration=0 ordinal=7 kernel=owner_bind_transport threads=1 begin_tick=1965378156817041 end_tick=1965378156820458 ms_per_tick=9.9999999999999995e-07 device_ms=0.0034169999999999999
PRODUCER_KERNEL_V1 stage=1 raw_iteration=0 ordinal=8 kernel=identify_resident_owner_endpoint_class threads=1 begin_tick=1965378156820791 end_tick=1965378156824375 ms_per_tick=9.9999999999999995e-07 device_ms=0.0035839999999999999
PRODUCER_KERNEL_V1 stage=1 raw_iteration=0 ordinal=9 kernel=evaluate_resident_physical_flux threads=1533387 begin_tick=1965378157695041 end_tick=1965378159270916 ms_per_tick=9.9999999999999995e-07 device_ms=1.5758749999999999
PRODUCER_KERNEL_V1 stage=1 raw_iteration=0 ordinal=10 kernel=evaluate_resident_advective_pair threads=13800483 begin_tick=1965378159225208 end_tick=1965378166309375 ms_per_tick=9.9999999999999995e-07 device_ms=7.0841669999999999
PRODUCER_KERNEL_V1 stage=1 raw_iteration=0 ordinal=11 kernel=finalize_resident_advective_high threads=13800483 begin_tick=1965378166310000 end_tick=1965378166731458 ms_per_tick=9.9999999999999995e-07 device_ms=0.421458
PRODUCER_KERNEL_V1 stage=1 raw_iteration=0 ordinal=12 kernel=compose_resident_flux_pair threads=13800483 begin_tick=1965378166732041 end_tick=1965378167708416 ms_per_tick=9.9999999999999995e-07 device_ms=0.97637499999999999
PRODUCER_KERNEL_V1 stage=1 raw_iteration=0 ordinal=13 kernel=validate_resident_physical_flux threads=13800483 begin_tick=1965378167708958 end_tick=1965378168566958 ms_per_tick=9.9999999999999995e-07 device_ms=0.85799999999999998
PRODUCER_KERNEL_V1 stage=1 raw_iteration=0 ordinal=14 kernel=identify_resident_physical_flux threads=32 begin_tick=1965378168567583 end_tick=1965378168571166 ms_per_tick=9.9999999999999995e-07 device_ms=0.0035829999999999998
PRODUCER_KERNEL_V1 stage=1 raw_iteration=0 ordinal=15 kernel=owner_average_flux threads=13800483 begin_tick=1965378168571625 end_tick=1965378169373750 ms_per_tick=9.9999999999999995e-07 device_ms=0.80212499999999998
PRODUCER_KERNEL_V1 stage=1 raw_iteration=0 ordinal=16 kernel=owner_bind_averaged_flux threads=1 begin_tick=1965378169374291 end_tick=1965378169378083 ms_per_tick=9.9999999999999995e-07 device_ms=0.0037919999999999998
PRODUCER_KERNEL_V1 stage=1 raw_iteration=0 ordinal=17 kernel=fct_build_ratios threads=5551326 begin_tick=1965378169378541 end_tick=1965378172981708 ms_per_tick=9.9999999999999995e-07 device_ms=3.603167
PRODUCER_KERNEL_V1 stage=1 raw_iteration=0 ordinal=18 kernel=fct_build_face_alpha threads=1533387 begin_tick=1965378172982333 end_tick=1965378173250958 ms_per_tick=9.9999999999999995e-07 device_ms=0.268625
PRODUCER_KERNEL_V1 stage=1 raw_iteration=0 ordinal=19 kernel=fct_commit_scalar threads=504666 begin_tick=1965378173251583 end_tick=1965378173443458 ms_per_tick=9.9999999999999995e-07 device_ms=0.19187499999999999
PRODUCER_KERNEL_V1 stage=1 raw_iteration=0 ordinal=20 kernel=owner_bind_candidate threads=1 begin_tick=1965378173443916 end_tick=1965378173447708 ms_per_tick=9.9999999999999995e-07 device_ms=0.0037919999999999998
PRODUCER_KERNEL_V1 stage=1 raw_iteration=0 ordinal=21 kernel=finalize_resident_eos_candidate threads=1 begin_tick=1965378173448291 end_tick=1965378173451000 ms_per_tick=9.9999999999999995e-07 device_ms=0.002709
PRODUCER_KERNEL_V1 stage=1 raw_iteration=0 ordinal=22 kernel=evaluate_resident_eos_candidate threads=504666 begin_tick=1965378173451416 end_tick=1965378724448416 ms_per_tick=9.9999999999999995e-07 device_ms=550.99699999999996
PRODUCER_KERNEL_V1 stage=1 raw_iteration=0 ordinal=23 kernel=finalize_resident_eos_candidate threads=1 begin_tick=1965378724463500 end_tick=1965378724480416 ms_per_tick=9.9999999999999995e-07 device_ms=0.016916
PRODUCER_KERNEL_V1 stage=1 raw_iteration=0 ordinal=24 kernel=identify_resident_eos threads=1 begin_tick=1965378724480833 end_tick=1965378724483583 ms_per_tick=9.9999999999999995e-07 device_ms=0.0027499999999999998
PRODUCER_KERNEL_V1 stage=1 raw_iteration=0 ordinal=25 kernel=produce_resident_frozen_source threads=504666 begin_tick=1965378724484000 end_tick=1965378724801500 ms_per_tick=9.9999999999999995e-07 device_ms=0.3175
PRODUCER_KERNEL_V1 stage=1 raw_iteration=0 ordinal=26 kernel=identify_resident_frozen_source threads=1 begin_tick=1965378724819875 end_tick=1965378724822750 ms_per_tick=9.9999999999999995e-07 device_ms=0.002875
PRODUCER_KERNEL_V1 stage=1 raw_iteration=0 ordinal=27 kernel=evaluate_resident_target_terms threads=504666 begin_tick=1965378724823041 end_tick=1965378838134916 ms_per_tick=9.9999999999999995e-07 device_ms=113.311875
PRODUCER_KERNEL_V1 stage=1 raw_iteration=0 ordinal=28 kernel=finalize_resident_target threads=1 begin_tick=1965378838149750 end_tick=1965378838153000 ms_per_tick=9.9999999999999995e-07 device_ms=0.0032499999999999999
PRODUCER_KERNEL_V1 stage=1 raw_iteration=0 ordinal=29 kernel=identify_resident_target threads=1 begin_tick=1965378838153416 end_tick=1965378838159916 ms_per_tick=9.9999999999999995e-07 device_ms=0.0064999999999999997
PRODUCER_KERNEL_V1 stage=1 raw_iteration=0 ordinal=30 kernel=issue_resident_projection_consumer threads=1 begin_tick=1965378838160333 end_tick=1965378838164083 ms_per_tick=9.9999999999999995e-07 device_ms=0.0037499999999999999
PRODUCER_KERNEL_V1 stage=1 raw_iteration=0 ordinal=31 kernel=consume_resident_target threads=1 begin_tick=1965378838164416 end_tick=1965378838169375 ms_per_tick=9.9999999999999995e-07 device_ms=0.0049589999999999999
PRODUCER_KERNEL_V1 stage=1 raw_iteration=0 ordinal=32 kernel=owner_compose_target threads=504666 begin_tick=1965378838169791 end_tick=1965378838249083 ms_per_tick=9.9999999999999995e-07 device_ms=0.079292000000000001
PRODUCER_KERNEL_V1 stage=1 raw_iteration=0 ordinal=33 kernel=finalize_resident_target threads=1 begin_tick=1965378838249375 end_tick=1965378838251875 ms_per_tick=9.9999999999999995e-07 device_ms=0.0025000000000000001
PRODUCER_KERNEL_V1 stage=1 raw_iteration=0 ordinal=34 kernel=owner_identify_target threads=1 begin_tick=1965378838252166 end_tick=1965378838255375 ms_per_tick=9.9999999999999995e-07 device_ms=0.003209
PRODUCER_KERNEL_V1 stage=1 raw_iteration=0 ordinal=35 kernel=issue_resident_projection_consumer threads=1 begin_tick=1965378838255666 end_tick=1965378838258416 ms_per_tick=9.9999999999999995e-07 device_ms=0.0027499999999999998
PRODUCER_KERNEL_V1 stage=1 raw_iteration=0 ordinal=36 kernel=consume_resident_target threads=1 begin_tick=1965378838258791 end_tick=1965378838261875 ms_per_tick=9.9999999999999995e-07 device_ms=0.0030839999999999999
PRODUCER_KERNEL_V1 stage=1 raw_iteration=0 ordinal=37 kernel=owner_issue_stage_seal threads=1 begin_tick=1965378838262250 end_tick=1965378838268333 ms_per_tick=9.9999999999999995e-07 device_ms=0.0060829999999999999
PRODUCER_KERNEL_V1 stage=1 raw_iteration=0 ordinal=38 kernel=fct_compatible_stage_rate threads=1533387 begin_tick=1965378838269000 end_tick=1965378838772708 ms_per_tick=9.9999999999999995e-07 device_ms=0.50370799999999993
PRODUCER_KERNEL_V1 stage=1 raw_iteration=0 ordinal=39 kernel=fct_compatible_stage_rate threads=1533387 begin_tick=1965378838773208 end_tick=1965378839266416 ms_per_tick=9.9999999999999995e-07 device_ms=0.49320799999999998
PRODUCER_KERNEL_V1 stage=1 raw_iteration=0 ordinal=40 kernel=owner_heun_momentum threads=1533387 begin_tick=1965378839266916 end_tick=1965378839357250 ms_per_tick=9.9999999999999995e-07 device_ms=0.090333999999999998
RISE_FIRE_OWNER_PROFILE_V1 {"scope":45,"parent":40,"phase":"BuildStageProducerGroup","stage":1,"raw_iteration":0,"iteration_kind":"picard","wall_ms":763.981208000,"device_sum_ms":683.122000191,"wall_minus_device_ms":80.859207809,"exclusive_wall_ms":763.981208000,"exclusive_device_sum_ms":683.122000191,"child_observer_wall_ms":0.000000000,"count_scope":"inclusive","owner_commits":1,"projection_invocations":0}
RISE_FIRE_OWNER_PROFILE_V1 {"scope":46,"parent":40,"phase":"Residual","stage":1,"raw_iteration":0,"iteration_kind":"picard","wall_ms":0.235333000,"device_sum_ms":0.021666754,"wall_minus_device_ms":0.213666246,"exclusive_wall_ms":0.235333000,"exclusive_device_sum_ms":0.021666754,"child_observer_wall_ms":0.000000000,"count_scope":"inclusive","owner_commits":1,"projection_invocations":0}
RISE_FIRE_OWNER_PROFILE_V1 {"scope":40,"parent":36,"phase":"PicardIteration","stage":1,"raw_iteration":0,"iteration_kind":"picard","wall_ms":777.663084000,"device_sum_ms":692.114375066,"wall_minus_device_ms":85.548708934,"exclusive_wall_ms":0.743250000,"exclusive_device_sum_ms":0.000000000,"child_observer_wall_ms":0.035459000,"count_scope":"inclusive","owner_commits":6,"projection_invocations":1}
RISE_FIRE_OWNER_PROFILE_V1 {"scope":49,"parent":48,"phase":"ProjectionAdapter","stage":1,"raw_iteration":1,"iteration_kind":"picard","wall_ms":11.722083000,"device_sum_ms":8.864374831,"wall_minus_device_ms":2.857708169,"exclusive_wall_ms":11.722083000,"exclusive_device_sum_ms":8.864374831,"child_observer_wall_ms":0.000000000,"count_scope":"inclusive","owner_commits":0,"projection_invocations":1}
RISE_FIRE_OWNER_PROFILE_V1 {"scope":48,"parent":47,"phase":"Project","stage":1,"raw_iteration":1,"iteration_kind":"picard","wall_ms":13.248583000,"device_sum_ms":8.911791490,"wall_minus_device_ms":4.336791510,"exclusive_wall_ms":1.520167000,"exclusive_device_sum_ms":0.047416659,"child_observer_wall_ms":0.006333000,"count_scope":"inclusive","owner_commits":2,"projection_invocations":1}
RISE_FIRE_OWNER_PROFILE_V1 {"scope":50,"parent":47,"phase":"ReadOpenClass","stage":1,"raw_iteration":1,"iteration_kind":"picard","wall_ms":0.147375000,"device_sum_ms":0.002500135,"wall_minus_device_ms":0.144874865,"exclusive_wall_ms":0.147375000,"exclusive_device_sum_ms":0.002500135,"child_observer_wall_ms":0.000000000,"count_scope":"inclusive","owner_commits":1,"projection_invocations":0}
RISE_FIRE_OWNER_PROFILE_V1 {"scope":51,"parent":47,"phase":"ReadOpenClass","stage":1,"raw_iteration":1,"iteration_kind":"picard","wall_ms":0.142459000,"device_sum_ms":0.002499903,"wall_minus_device_ms":0.139959097,"exclusive_wall_ms":0.142459000,"exclusive_device_sum_ms":0.002499903,"child_observer_wall_ms":0.000000000,"count_scope":"inclusive","owner_commits":1,"projection_invocations":0}
PRODUCER_COMMAND_V1 stage=1 raw_iteration=1 cpu_begin=1965378854189666 cpu_end=1965379619057791 gpu_begin=1965378854189666 gpu_end=1965379619057791 device_ms=683.94029163755476 encoders=41 interval_scope=possibly_overlapping
PRODUCER_KERNEL_V1 stage=1 raw_iteration=1 ordinal=0 kernel=owner_pack_faces threads=1533387 begin_tick=1965378934989291 end_tick=1965378935048541 ms_per_tick=9.9999999999999995e-07 device_ms=0.059249999999999997
PRODUCER_KERNEL_V1 stage=1 raw_iteration=1 ordinal=1 kernel=owner_pack_faces threads=1533387 begin_tick=1965378935048583 end_tick=1965378935377083 ms_per_tick=9.9999999999999995e-07 device_ms=0.32849999999999996
PRODUCER_KERNEL_V1 stage=1 raw_iteration=1 ordinal=2 kernel=owner_pack_faces threads=1533387 begin_tick=1965378934988500 end_tick=1965378935048791 ms_per_tick=9.9999999999999995e-07 device_ms=0.060290999999999997
PRODUCER_KERNEL_V1 stage=1 raw_iteration=1 ordinal=3 kernel=fct_extract_gas_density threads=504666 begin_tick=1965378935049041 end_tick=1965378935103375 ms_per_tick=9.9999999999999995e-07 device_ms=0.054334
PRODUCER_KERNEL_V1 stage=1 raw_iteration=1 ordinal=4 kernel=owner_gas_source threads=504666 begin_tick=1965378935377500 end_tick=1965378935554500 ms_per_tick=9.9999999999999995e-07 device_ms=0.17699999999999999
PRODUCER_KERNEL_V1 stage=1 raw_iteration=1 ordinal=5 kernel=evaluate_resident_transport threads=504666 begin_tick=1965378935103375 end_tick=1965378935561416 ms_per_tick=9.9999999999999995e-07 device_ms=0.45804099999999998
PRODUCER_KERNEL_V1 stage=1 raw_iteration=1 ordinal=6 kernel=identify_resident_transport threads=1 begin_tick=1965378935562541 end_tick=1965378935565416 ms_per_tick=9.9999999999999995e-07 device_ms=0.002875
PRODUCER_KERNEL_V1 stage=1 raw_iteration=1 ordinal=7 kernel=owner_bind_transport threads=1 begin_tick=1965378935565958 end_tick=1965378935569458 ms_per_tick=9.9999999999999995e-07 device_ms=0.0034999999999999996
PRODUCER_KERNEL_V1 stage=1 raw_iteration=1 ordinal=8 kernel=identify_resident_owner_endpoint_class threads=1 begin_tick=1965378935569875 end_tick=1965378935573375 ms_per_tick=9.9999999999999995e-07 device_ms=0.0034999999999999996
PRODUCER_KERNEL_V1 stage=1 raw_iteration=1 ordinal=9 kernel=evaluate_resident_physical_flux threads=1533387 begin_tick=1965378936604083 end_tick=1965378937723541 ms_per_tick=9.9999999999999995e-07 device_ms=1.1194579999999998
PRODUCER_KERNEL_V1 stage=1 raw_iteration=1 ordinal=10 kernel=evaluate_resident_advective_pair threads=13800483 begin_tick=1965378938177833 end_tick=1965378945250875 ms_per_tick=9.9999999999999995e-07 device_ms=7.0730420000000001
PRODUCER_KERNEL_V1 stage=1 raw_iteration=1 ordinal=11 kernel=finalize_resident_advective_high threads=13800483 begin_tick=1965378945251500 end_tick=1965378945671916 ms_per_tick=9.9999999999999995e-07 device_ms=0.42041599999999996
PRODUCER_KERNEL_V1 stage=1 raw_iteration=1 ordinal=12 kernel=compose_resident_flux_pair threads=13800483 begin_tick=1965378945672291 end_tick=1965378946564791 ms_per_tick=9.9999999999999995e-07 device_ms=0.89249999999999996
PRODUCER_KERNEL_V1 stage=1 raw_iteration=1 ordinal=13 kernel=validate_resident_physical_flux threads=13800483 begin_tick=1965378946565875 end_tick=1965378947555416 ms_per_tick=9.9999999999999995e-07 device_ms=0.989541
PRODUCER_KERNEL_V1 stage=1 raw_iteration=1 ordinal=14 kernel=identify_resident_physical_flux threads=32 begin_tick=1965378947556166 end_tick=1965378947559541 ms_per_tick=9.9999999999999995e-07 device_ms=0.003375
PRODUCER_KERNEL_V1 stage=1 raw_iteration=1 ordinal=15 kernel=owner_average_flux threads=13800483 begin_tick=1965378947560000 end_tick=1965378948361416 ms_per_tick=9.9999999999999995e-07 device_ms=0.80141600000000002
PRODUCER_KERNEL_V1 stage=1 raw_iteration=1 ordinal=16 kernel=owner_bind_averaged_flux threads=1 begin_tick=1965378948361916 end_tick=1965378948365625 ms_per_tick=9.9999999999999995e-07 device_ms=0.0037089999999999996
PRODUCER_KERNEL_V1 stage=1 raw_iteration=1 ordinal=17 kernel=fct_build_ratios threads=5551326 begin_tick=1965378948366041 end_tick=1965378951964750 ms_per_tick=9.9999999999999995e-07 device_ms=3.5987089999999999
PRODUCER_KERNEL_V1 stage=1 raw_iteration=1 ordinal=18 kernel=fct_build_face_alpha threads=1533387 begin_tick=1965378951965375 end_tick=1965378952233833 ms_per_tick=9.9999999999999995e-07 device_ms=0.26845799999999997
PRODUCER_KERNEL_V1 stage=1 raw_iteration=1 ordinal=19 kernel=fct_commit_scalar threads=504666 begin_tick=1965378952234458 end_tick=1965378952425000 ms_per_tick=9.9999999999999995e-07 device_ms=0.19054199999999999
PRODUCER_KERNEL_V1 stage=1 raw_iteration=1 ordinal=20 kernel=owner_bind_candidate threads=1 begin_tick=1965378952425416 end_tick=1965378952429208 ms_per_tick=9.9999999999999995e-07 device_ms=0.0037919999999999998
PRODUCER_KERNEL_V1 stage=1 raw_iteration=1 ordinal=21 kernel=finalize_resident_eos_candidate threads=1 begin_tick=1965378952429708 end_tick=1965378952432291 ms_per_tick=9.9999999999999995e-07 device_ms=0.0025829999999999998
PRODUCER_KERNEL_V1 stage=1 raw_iteration=1 ordinal=22 kernel=evaluate_resident_eos_candidate threads=504666 begin_tick=1965378952432750 end_tick=1965379504373041 ms_per_tick=9.9999999999999995e-07 device_ms=551.940291
PRODUCER_KERNEL_V1 stage=1 raw_iteration=1 ordinal=23 kernel=finalize_resident_eos_candidate threads=1 begin_tick=1965379504389708 end_tick=1965379504392333 ms_per_tick=9.9999999999999995e-07 device_ms=0.0026249999999999997
PRODUCER_KERNEL_V1 stage=1 raw_iteration=1 ordinal=24 kernel=identify_resident_eos threads=1 begin_tick=1965379504392625 end_tick=1965379504395708 ms_per_tick=9.9999999999999995e-07 device_ms=0.0030829999999999998
PRODUCER_KERNEL_V1 stage=1 raw_iteration=1 ordinal=25 kernel=produce_resident_frozen_source threads=504666 begin_tick=1965379504396000 end_tick=1965379504427208 ms_per_tick=9.9999999999999995e-07 device_ms=0.031208
PRODUCER_KERNEL_V1 stage=1 raw_iteration=1 ordinal=26 kernel=identify_resident_frozen_source threads=1 begin_tick=1965379504427625 end_tick=1965379504433458 ms_per_tick=9.9999999999999995e-07 device_ms=0.0058329999999999996
PRODUCER_KERNEL_V1 stage=1 raw_iteration=1 ordinal=27 kernel=evaluate_resident_target_terms threads=504666 begin_tick=1965379504433875 end_tick=1965379617697791 ms_per_tick=9.9999999999999995e-07 device_ms=113.26391599999999
PRODUCER_KERNEL_V1 stage=1 raw_iteration=1 ordinal=28 kernel=finalize_resident_target threads=1 begin_tick=1965379617713916 end_tick=1965379617720666 ms_per_tick=9.9999999999999995e-07 device_ms=0.0067499999999999999
PRODUCER_KERNEL_V1 stage=1 raw_iteration=1 ordinal=29 kernel=identify_resident_target threads=1 begin_tick=1965379617721083 end_tick=1965379617723958 ms_per_tick=9.9999999999999995e-07 device_ms=0.002875
PRODUCER_KERNEL_V1 stage=1 raw_iteration=1 ordinal=30 kernel=issue_resident_projection_consumer threads=1 begin_tick=1965379617724375 end_tick=1965379617728791 ms_per_tick=9.9999999999999995e-07 device_ms=0.0044159999999999998
PRODUCER_KERNEL_V1 stage=1 raw_iteration=1 ordinal=31 kernel=consume_resident_target threads=1 begin_tick=1965379617729875 end_tick=1965379617734041 ms_per_tick=9.9999999999999995e-07 device_ms=0.0041659999999999996
PRODUCER_KERNEL_V1 stage=1 raw_iteration=1 ordinal=32 kernel=owner_compose_target threads=504666 begin_tick=1965379617734416 end_tick=1965379617814833 ms_per_tick=9.9999999999999995e-07 device_ms=0.080417000000000002
PRODUCER_KERNEL_V1 stage=1 raw_iteration=1 ordinal=33 kernel=finalize_resident_target threads=1 begin_tick=1965379617815125 end_tick=1965379617817500 ms_per_tick=9.9999999999999995e-07 device_ms=0.0023749999999999999
PRODUCER_KERNEL_V1 stage=1 raw_iteration=1 ordinal=34 kernel=owner_identify_target threads=1 begin_tick=1965379617817916 end_tick=1965379617824583 ms_per_tick=9.9999999999999995e-07 device_ms=0.0066669999999999993
PRODUCER_KERNEL_V1 stage=1 raw_iteration=1 ordinal=35 kernel=issue_resident_projection_consumer threads=1 begin_tick=1965379617824958 end_tick=1965379617827875 ms_per_tick=9.9999999999999995e-07 device_ms=0.0029169999999999999
PRODUCER_KERNEL_V1 stage=1 raw_iteration=1 ordinal=36 kernel=consume_resident_target threads=1 begin_tick=1965379617828291 end_tick=1965379617832333 ms_per_tick=9.9999999999999995e-07 device_ms=0.0040419999999999996
PRODUCER_KERNEL_V1 stage=1 raw_iteration=1 ordinal=37 kernel=owner_issue_stage_seal threads=1 begin_tick=1965379617832625 end_tick=1965379617835416 ms_per_tick=9.9999999999999995e-07 device_ms=0.0027910000000000001
PRODUCER_KERNEL_V1 stage=1 raw_iteration=1 ordinal=38 kernel=fct_compatible_stage_rate threads=1533387 begin_tick=1965379617835958 end_tick=1965379618334208 ms_per_tick=9.9999999999999995e-07 device_ms=0.49824999999999997
PRODUCER_KERNEL_V1 stage=1 raw_iteration=1 ordinal=39 kernel=fct_compatible_stage_rate threads=1533387 begin_tick=1965379618334583 end_tick=1965379618829500 ms_per_tick=9.9999999999999995e-07 device_ms=0.494917
PRODUCER_KERNEL_V1 stage=1 raw_iteration=1 ordinal=40 kernel=owner_heun_momentum threads=1533387 begin_tick=1965379618830041 end_tick=1965379618923166 ms_per_tick=9.9999999999999995e-07 device_ms=0.093124999999999999
RISE_FIRE_OWNER_PROFILE_V1 {"scope":52,"parent":47,"phase":"BuildStageProducerGroup","stage":1,"raw_iteration":1,"iteration_kind":"picard","wall_ms":765.005584000,"device_sum_ms":683.940291638,"wall_minus_device_ms":81.065292362,"exclusive_wall_ms":765.005584000,"exclusive_device_sum_ms":683.940291638,"child_observer_wall_ms":0.000000000,"count_scope":"inclusive","owner_commits":1,"projection_invocations":0}
RISE_FIRE_OWNER_PROFILE_V1 {"scope":53,"parent":47,"phase":"Residual","stage":1,"raw_iteration":1,"iteration_kind":"picard","wall_ms":0.331709000,"device_sum_ms":0.116791809,"wall_minus_device_ms":0.214917191,"exclusive_wall_ms":0.331709000,"exclusive_device_sum_ms":0.116791809,"child_observer_wall_ms":0.000000000,"count_scope":"inclusive","owner_commits":1,"projection_invocations":0}
RISE_FIRE_OWNER_PROFILE_V1 {"scope":47,"parent":36,"phase":"PicardIteration","stage":1,"raw_iteration":1,"iteration_kind":"picard","wall_ms":779.410542000,"device_sum_ms":692.973874975,"wall_minus_device_ms":86.436667025,"exclusive_wall_ms":0.510166000,"exclusive_device_sum_ms":0.000000000,"child_observer_wall_ms":0.024666000,"count_scope":"inclusive","owner_commits":6,"projection_invocations":1}
RISE_FIRE_OWNER_PROFILE_V1 {"scope":56,"parent":55,"phase":"ProjectionAdapter","stage":1,"raw_iteration":2,"iteration_kind":"picard","wall_ms":11.979625000,"device_sum_ms":9.191250196,"wall_minus_device_ms":2.788374804,"exclusive_wall_ms":11.979625000,"exclusive_device_sum_ms":9.191250196,"child_observer_wall_ms":0.000000000,"count_scope":"inclusive","owner_commits":0,"projection_invocations":1}
RISE_FIRE_OWNER_PROFILE_V1 {"scope":55,"parent":54,"phase":"Project","stage":1,"raw_iteration":2,"iteration_kind":"picard","wall_ms":13.600625000,"device_sum_ms":9.232874960,"wall_minus_device_ms":4.367750040,"exclusive_wall_ms":1.615000000,"exclusive_device_sum_ms":0.041624764,"child_observer_wall_ms":0.006000000,"count_scope":"inclusive","owner_commits":2,"projection_invocations":1}
RISE_FIRE_OWNER_PROFILE_V1 {"scope":57,"parent":54,"phase":"ReadOpenClass","stage":1,"raw_iteration":2,"iteration_kind":"picard","wall_ms":0.157000000,"device_sum_ms":0.002374873,"wall_minus_device_ms":0.154625127,"exclusive_wall_ms":0.157000000,"exclusive_device_sum_ms":0.002374873,"child_observer_wall_ms":0.000000000,"count_scope":"inclusive","owner_commits":1,"projection_invocations":0}
RISE_FIRE_OWNER_PROFILE_V1 {"scope":58,"parent":54,"phase":"ReadOpenClass","stage":1,"raw_iteration":2,"iteration_kind":"picard","wall_ms":0.142542000,"device_sum_ms":0.002374873,"wall_minus_device_ms":0.140167127,"exclusive_wall_ms":0.142542000,"exclusive_device_sum_ms":0.002374873,"child_observer_wall_ms":0.000000000,"count_scope":"inclusive","owner_commits":1,"projection_invocations":0}
PRODUCER_COMMAND_V1 stage=1 raw_iteration=2 cpu_begin=1965379633965458 cpu_end=1965380399067500 gpu_begin=1965379633965458 gpu_end=1965380399067500 device_ms=684.39529160968959 encoders=41 interval_scope=possibly_overlapping
PRODUCER_KERNEL_V1 stage=1 raw_iteration=2 ordinal=0 kernel=owner_pack_faces threads=1533387 begin_tick=1965379714552958 end_tick=1965379714609000 ms_per_tick=9.9999999999999995e-07 device_ms=0.056041999999999995
PRODUCER_KERNEL_V1 stage=1 raw_iteration=2 ordinal=1 kernel=owner_pack_faces threads=1533387 begin_tick=1965379714609000 end_tick=1965379714908250 ms_per_tick=9.9999999999999995e-07 device_ms=0.29924999999999996
PRODUCER_KERNEL_V1 stage=1 raw_iteration=2 ordinal=2 kernel=owner_pack_faces threads=1533387 begin_tick=1965379714553125 end_tick=1965379714609208 ms_per_tick=9.9999999999999995e-07 device_ms=0.056083000000000001
PRODUCER_KERNEL_V1 stage=1 raw_iteration=2 ordinal=3 kernel=fct_extract_gas_density threads=504666 begin_tick=1965379714609625 end_tick=1965379714655791 ms_per_tick=9.9999999999999995e-07 device_ms=0.046165999999999999
PRODUCER_KERNEL_V1 stage=1 raw_iteration=2 ordinal=4 kernel=owner_gas_source threads=504666 begin_tick=1965379714908750 end_tick=1965379715103333 ms_per_tick=9.9999999999999995e-07 device_ms=0.19458299999999998
PRODUCER_KERNEL_V1 stage=1 raw_iteration=2 ordinal=5 kernel=evaluate_resident_transport threads=504666 begin_tick=1965379714655791 end_tick=1965379715114583 ms_per_tick=9.9999999999999995e-07 device_ms=0.45879199999999998
PRODUCER_KERNEL_V1 stage=1 raw_iteration=2 ordinal=6 kernel=identify_resident_transport threads=1 begin_tick=1965379715114916 end_tick=1965379715117958 ms_per_tick=9.9999999999999995e-07 device_ms=0.003042
PRODUCER_KERNEL_V1 stage=1 raw_iteration=2 ordinal=7 kernel=owner_bind_transport threads=1 begin_tick=1965379715118500 end_tick=1965379715121791 ms_per_tick=9.9999999999999995e-07 device_ms=0.0032909999999999997
PRODUCER_KERNEL_V1 stage=1 raw_iteration=2 ordinal=8 kernel=identify_resident_owner_endpoint_class threads=1 begin_tick=1965379715122166 end_tick=1965379715125625 ms_per_tick=9.9999999999999995e-07 device_ms=0.0034589999999999998
PRODUCER_KERNEL_V1 stage=1 raw_iteration=2 ordinal=9 kernel=evaluate_resident_physical_flux threads=1533387 begin_tick=1965379716268041 end_tick=1965379717382458 ms_per_tick=9.9999999999999995e-07 device_ms=1.114417
PRODUCER_KERNEL_V1 stage=1 raw_iteration=2 ordinal=10 kernel=evaluate_resident_advective_pair threads=13800483 begin_tick=1965379717822541 end_tick=1965379725332041 ms_per_tick=9.9999999999999995e-07 device_ms=7.5095000000000001
PRODUCER_KERNEL_V1 stage=1 raw_iteration=2 ordinal=11 kernel=finalize_resident_advective_high threads=13800483 begin_tick=1965379725351000 end_tick=1965379725948083 ms_per_tick=9.9999999999999995e-07 device_ms=0.59708299999999992
PRODUCER_KERNEL_V1 stage=1 raw_iteration=2 ordinal=12 kernel=compose_resident_flux_pair threads=13800483 begin_tick=1965379725948500 end_tick=1965379726832791 ms_per_tick=9.9999999999999995e-07 device_ms=0.88429099999999994
PRODUCER_KERNEL_V1 stage=1 raw_iteration=2 ordinal=13 kernel=validate_resident_physical_flux threads=13800483 begin_tick=1965379726833333 end_tick=1965379727670208 ms_per_tick=9.9999999999999995e-07 device_ms=0.83687499999999992
PRODUCER_KERNEL_V1 stage=1 raw_iteration=2 ordinal=14 kernel=identify_resident_physical_flux threads=32 begin_tick=1965379727670708 end_tick=1965379727676666 ms_per_tick=9.9999999999999995e-07 device_ms=0.0059579999999999998
PRODUCER_KERNEL_V1 stage=1 raw_iteration=2 ordinal=15 kernel=owner_average_flux threads=13800483 begin_tick=1965379727677208 end_tick=1965379728475833 ms_per_tick=9.9999999999999995e-07 device_ms=0.79862499999999992
PRODUCER_KERNEL_V1 stage=1 raw_iteration=2 ordinal=16 kernel=owner_bind_averaged_flux threads=1 begin_tick=1965379728476458 end_tick=1965379728480041 ms_per_tick=9.9999999999999995e-07 device_ms=0.0035829999999999998
PRODUCER_KERNEL_V1 stage=1 raw_iteration=2 ordinal=17 kernel=fct_build_ratios threads=5551326 begin_tick=1965379728480625 end_tick=1965379732081416 ms_per_tick=9.9999999999999995e-07 device_ms=3.6007909999999996
PRODUCER_KERNEL_V1 stage=1 raw_iteration=2 ordinal=18 kernel=fct_build_face_alpha threads=1533387 begin_tick=1965379732082166 end_tick=1965379732353000 ms_per_tick=9.9999999999999995e-07 device_ms=0.27083399999999996
PRODUCER_KERNEL_V1 stage=1 raw_iteration=2 ordinal=19 kernel=fct_commit_scalar threads=504666 begin_tick=1965379732353625 end_tick=1965379732550791 ms_per_tick=9.9999999999999995e-07 device_ms=0.19716599999999998
PRODUCER_KERNEL_V1 stage=1 raw_iteration=2 ordinal=20 kernel=owner_bind_candidate threads=1 begin_tick=1965379732551333 end_tick=1965379732557916 ms_per_tick=9.9999999999999995e-07 device_ms=0.0065829999999999994
PRODUCER_KERNEL_V1 stage=1 raw_iteration=2 ordinal=21 kernel=finalize_resident_eos_candidate threads=1 begin_tick=1965379732558458 end_tick=1965379732560958 ms_per_tick=9.9999999999999995e-07 device_ms=0.0025000000000000001
PRODUCER_KERNEL_V1 stage=1 raw_iteration=2 ordinal=22 kernel=evaluate_resident_eos_candidate threads=504666 begin_tick=1965379732561458 end_tick=1965380284226958 ms_per_tick=9.9999999999999995e-07 device_ms=551.66549999999995
PRODUCER_KERNEL_V1 stage=1 raw_iteration=2 ordinal=23 kernel=finalize_resident_eos_candidate threads=1 begin_tick=1965380284241458 end_tick=1965380284244250 ms_per_tick=9.9999999999999995e-07 device_ms=0.0027919999999999998
PRODUCER_KERNEL_V1 stage=1 raw_iteration=2 ordinal=24 kernel=identify_resident_eos threads=1 begin_tick=1965380284244666 end_tick=1965380284247291 ms_per_tick=9.9999999999999995e-07 device_ms=0.0026249999999999997
PRODUCER_KERNEL_V1 stage=1 raw_iteration=2 ordinal=25 kernel=produce_resident_frozen_source threads=504666 begin_tick=1965380284247583 end_tick=1965380284277083 ms_per_tick=9.9999999999999995e-07 device_ms=0.029499999999999998
PRODUCER_KERNEL_V1 stage=1 raw_iteration=2 ordinal=26 kernel=identify_resident_frozen_source threads=1 begin_tick=1965380284277458 end_tick=1965380284280041 ms_per_tick=9.9999999999999995e-07 device_ms=0.0025829999999999998
PRODUCER_KERNEL_V1 stage=1 raw_iteration=2 ordinal=27 kernel=evaluate_resident_target_terms threads=504666 begin_tick=1965380284280375 end_tick=1965380397722208 ms_per_tick=9.9999999999999995e-07 device_ms=113.44183299999999
PRODUCER_KERNEL_V1 stage=1 raw_iteration=2 ordinal=28 kernel=finalize_resident_target threads=1 begin_tick=1965380397736041 end_tick=1965380397739000 ms_per_tick=9.9999999999999995e-07 device_ms=0.0029589999999999998
PRODUCER_KERNEL_V1 stage=1 raw_iteration=2 ordinal=29 kernel=identify_resident_target threads=1 begin_tick=1965380397739333 end_tick=1965380397742458 ms_per_tick=9.9999999999999995e-07 device_ms=0.0031249999999999997
PRODUCER_KERNEL_V1 stage=1 raw_iteration=2 ordinal=30 kernel=issue_resident_projection_consumer threads=1 begin_tick=1965380397742833 end_tick=1965380397746791 ms_per_tick=9.9999999999999995e-07 device_ms=0.0039579999999999997
PRODUCER_KERNEL_V1 stage=1 raw_iteration=2 ordinal=31 kernel=consume_resident_target threads=1 begin_tick=1965380397747208 end_tick=1965380397751500 ms_per_tick=9.9999999999999995e-07 device_ms=0.0042919999999999998
PRODUCER_KERNEL_V1 stage=1 raw_iteration=2 ordinal=32 kernel=owner_compose_target threads=504666 begin_tick=1965380397751916 end_tick=1965380397831000 ms_per_tick=9.9999999999999995e-07 device_ms=0.079084000000000002
PRODUCER_KERNEL_V1 stage=1 raw_iteration=2 ordinal=33 kernel=finalize_resident_target threads=1 begin_tick=1965380397831375 end_tick=1965380397834083 ms_per_tick=9.9999999999999995e-07 device_ms=0.0027079999999999999
PRODUCER_KERNEL_V1 stage=1 raw_iteration=2 ordinal=34 kernel=owner_identify_target threads=1 begin_tick=1965380397834458 end_tick=1965380397837708 ms_per_tick=9.9999999999999995e-07 device_ms=0.0032499999999999999
PRODUCER_KERNEL_V1 stage=1 raw_iteration=2 ordinal=35 kernel=issue_resident_projection_consumer threads=1 begin_tick=1965380397838125 end_tick=1965380397840791 ms_per_tick=9.9999999999999995e-07 device_ms=0.002666
PRODUCER_KERNEL_V1 stage=1 raw_iteration=2 ordinal=36 kernel=consume_resident_target threads=1 begin_tick=1965380397841166 end_tick=1965380397844541 ms_per_tick=9.9999999999999995e-07 device_ms=0.003375
PRODUCER_KERNEL_V1 stage=1 raw_iteration=2 ordinal=37 kernel=owner_issue_stage_seal threads=1 begin_tick=1965380397844916 end_tick=1965380397847750 ms_per_tick=9.9999999999999995e-07 device_ms=0.0028339999999999997
PRODUCER_KERNEL_V1 stage=1 raw_iteration=2 ordinal=38 kernel=fct_compatible_stage_rate threads=1533387 begin_tick=1965380397848333 end_tick=1965380398357000 ms_per_tick=9.9999999999999995e-07 device_ms=0.50866699999999998
PRODUCER_KERNEL_V1 stage=1 raw_iteration=2 ordinal=39 kernel=fct_compatible_stage_rate threads=1533387 begin_tick=1965380398357500 end_tick=1965380398850208 ms_per_tick=9.9999999999999995e-07 device_ms=0.49270799999999998
PRODUCER_KERNEL_V1 stage=1 raw_iteration=2 ordinal=40 kernel=owner_heun_momentum threads=1533387 begin_tick=1965380398850833 end_tick=1965380398942791 ms_per_tick=9.9999999999999995e-07 device_ms=0.091957999999999998
RISE_FIRE_OWNER_PROFILE_V1 {"scope":59,"parent":54,"phase":"BuildStageProducerGroup","stage":1,"raw_iteration":2,"iteration_kind":"picard","wall_ms":765.241667000,"device_sum_ms":684.395291610,"wall_minus_device_ms":80.846375390,"exclusive_wall_ms":765.241667000,"exclusive_device_sum_ms":684.395291610,"child_observer_wall_ms":0.000000000,"count_scope":"inclusive","owner_commits":1,"projection_invocations":0}
RISE_FIRE_OWNER_PROFILE_V1 {"scope":60,"parent":54,"phase":"Residual","stage":1,"raw_iteration":2,"iteration_kind":"picard","wall_ms":0.324500000,"device_sum_ms":0.114791561,"wall_minus_device_ms":0.209708439,"exclusive_wall_ms":0.324500000,"exclusive_device_sum_ms":0.114791561,"child_observer_wall_ms":0.000000000,"count_scope":"inclusive","owner_commits":1,"projection_invocations":0}
RISE_FIRE_OWNER_PROFILE_V1 {"scope":63,"parent":62,"phase":"ProjectionAdapter","stage":1,"raw_iteration":2147483650,"iteration_kind":"terminal","wall_ms":12.355459000,"device_sum_ms":9.473375045,"wall_minus_device_ms":2.882083955,"exclusive_wall_ms":12.355459000,"exclusive_device_sum_ms":9.473375045,"child_observer_wall_ms":0.000000000,"count_scope":"inclusive","owner_commits":0,"projection_invocations":1}
RISE_FIRE_OWNER_PROFILE_V1 {"scope":62,"parent":61,"phase":"Project","stage":1,"raw_iteration":2147483650,"iteration_kind":"terminal","wall_ms":12.957750000,"device_sum_ms":9.511625161,"wall_minus_device_ms":3.446124839,"exclusive_wall_ms":0.596416000,"exclusive_device_sum_ms":0.038250117,"child_observer_wall_ms":0.005875000,"count_scope":"inclusive","owner_commits":2,"projection_invocations":1}
RISE_FIRE_OWNER_PROFILE_V1 {"scope":64,"parent":61,"phase":"ReadOpenClass","stage":1,"raw_iteration":2147483650,"iteration_kind":"terminal","wall_ms":0.164084000,"device_sum_ms":0.002416549,"wall_minus_device_ms":0.161667451,"exclusive_wall_ms":0.164084000,"exclusive_device_sum_ms":0.002416549,"child_observer_wall_ms":0.000000000,"count_scope":"inclusive","owner_commits":1,"projection_invocations":0}
RISE_FIRE_OWNER_PROFILE_V1 {"scope":65,"parent":61,"phase":"ReadOpenClass","stage":1,"raw_iteration":2147483650,"iteration_kind":"terminal","wall_ms":0.159167000,"device_sum_ms":0.002416549,"wall_minus_device_ms":0.156750451,"exclusive_wall_ms":0.159167000,"exclusive_device_sum_ms":0.002416549,"child_observer_wall_ms":0.000000000,"count_scope":"inclusive","owner_commits":1,"projection_invocations":0}
PRODUCER_COMMAND_V1 stage=1 raw_iteration=2147483650 cpu_begin=1965380412840708 cpu_end=1965381186631458 gpu_begin=1965380412840708 gpu_end=1965381186631458 device_ms=693.25362495146692 encoders=41 interval_scope=possibly_overlapping
PRODUCER_KERNEL_V1 stage=1 raw_iteration=2147483650 ordinal=0 kernel=owner_pack_faces threads=1533387 begin_tick=1965380493399291 end_tick=1965380493449625 ms_per_tick=9.9999999999999995e-07 device_ms=0.050333999999999997
PRODUCER_KERNEL_V1 stage=1 raw_iteration=2147483650 ordinal=1 kernel=owner_pack_faces threads=1533387 begin_tick=1965380493476625 end_tick=1965380493527583 ms_per_tick=9.9999999999999995e-07 device_ms=0.050957999999999996
PRODUCER_KERNEL_V1 stage=1 raw_iteration=2147483650 ordinal=2 kernel=owner_pack_faces threads=1533387 begin_tick=1965380493607791 end_tick=1965380493687833 ms_per_tick=9.9999999999999995e-07 device_ms=0.080042000000000002
PRODUCER_KERNEL_V1 stage=1 raw_iteration=2147483650 ordinal=3 kernel=fct_extract_gas_density threads=504666 begin_tick=1965380493636041 end_tick=1965380493682833 ms_per_tick=9.9999999999999995e-07 device_ms=0.046792
PRODUCER_KERNEL_V1 stage=1 raw_iteration=2147483650 ordinal=4 kernel=owner_gas_source threads=504666 begin_tick=1965380493721166 end_tick=1965380493765833 ms_per_tick=9.9999999999999995e-07 device_ms=0.044666999999999998
PRODUCER_KERNEL_V1 stage=1 raw_iteration=2147483650 ordinal=5 kernel=evaluate_resident_transport threads=504666 begin_tick=1965380493812250 end_tick=1965380494266250 ms_per_tick=9.9999999999999995e-07 device_ms=0.45399999999999996
PRODUCER_KERNEL_V1 stage=1 raw_iteration=2147483650 ordinal=6 kernel=identify_resident_transport threads=1 begin_tick=1965380494266666 end_tick=1965380494269583 ms_per_tick=9.9999999999999995e-07 device_ms=0.0029169999999999999
PRODUCER_KERNEL_V1 stage=1 raw_iteration=2147483650 ordinal=7 kernel=owner_bind_transport threads=1 begin_tick=1965380494270041 end_tick=1965380494273708 ms_per_tick=9.9999999999999995e-07 device_ms=0.0036669999999999997
PRODUCER_KERNEL_V1 stage=1 raw_iteration=2147483650 ordinal=8 kernel=identify_resident_owner_endpoint_class threads=1 begin_tick=1965380494274000 end_tick=1965380494277500 ms_per_tick=9.9999999999999995e-07 device_ms=0.0034999999999999996
PRODUCER_KERNEL_V1 stage=1 raw_iteration=2147483650 ordinal=9 kernel=evaluate_resident_physical_flux threads=1533387 begin_tick=1965380495398708 end_tick=1965380496507125 ms_per_tick=9.9999999999999995e-07 device_ms=1.108417
PRODUCER_KERNEL_V1 stage=1 raw_iteration=2147483650 ordinal=10 kernel=evaluate_resident_advective_pair threads=13800483 begin_tick=1965380496937041 end_tick=1965380504010875 ms_per_tick=9.9999999999999995e-07 device_ms=7.0738339999999997
PRODUCER_KERNEL_V1 stage=1 raw_iteration=2147483650 ordinal=11 kernel=finalize_resident_advective_high threads=13800483 begin_tick=1965380504011500 end_tick=1965380504430125 ms_per_tick=9.9999999999999995e-07 device_ms=0.41862499999999997
PRODUCER_KERNEL_V1 stage=1 raw_iteration=2147483650 ordinal=12 kernel=compose_resident_flux_pair threads=13800483 begin_tick=1965380504430541 end_tick=1965380505323666 ms_per_tick=9.9999999999999995e-07 device_ms=0.89312499999999995
PRODUCER_KERNEL_V1 stage=1 raw_iteration=2147483650 ordinal=13 kernel=validate_resident_physical_flux threads=13800483 begin_tick=1965380505324333 end_tick=1965380506313625 ms_per_tick=9.9999999999999995e-07 device_ms=0.98929199999999995
PRODUCER_KERNEL_V1 stage=1 raw_iteration=2147483650 ordinal=14 kernel=identify_resident_physical_flux threads=32 begin_tick=1965380506314375 end_tick=1965380506319666 ms_per_tick=9.9999999999999995e-07 device_ms=0.0052909999999999997
PRODUCER_KERNEL_V1 stage=1 raw_iteration=2147483650 ordinal=15 kernel=owner_average_flux threads=13800483 begin_tick=1965380506320125 end_tick=1965380507130666 ms_per_tick=9.9999999999999995e-07 device_ms=0.81054099999999996
PRODUCER_KERNEL_V1 stage=1 raw_iteration=2147483650 ordinal=16 kernel=owner_bind_averaged_flux threads=1 begin_tick=1965380507131166 end_tick=1965380507134916 ms_per_tick=9.9999999999999995e-07 device_ms=0.0037499999999999999
PRODUCER_KERNEL_V1 stage=1 raw_iteration=2147483650 ordinal=17 kernel=fct_build_ratios threads=5551326 begin_tick=1965380507135208 end_tick=1965380510792541 ms_per_tick=9.9999999999999995e-07 device_ms=3.6573329999999999
PRODUCER_KERNEL_V1 stage=1 raw_iteration=2147483650 ordinal=18 kernel=fct_build_face_alpha threads=1533387 begin_tick=1965380510793208 end_tick=1965380511064208 ms_per_tick=9.9999999999999995e-07 device_ms=0.27099999999999996
PRODUCER_KERNEL_V1 stage=1 raw_iteration=2147483650 ordinal=19 kernel=fct_commit_scalar threads=504666 begin_tick=1965380511064833 end_tick=1965380511254000 ms_per_tick=9.9999999999999995e-07 device_ms=0.189167
PRODUCER_KERNEL_V1 stage=1 raw_iteration=2147483650 ordinal=20 kernel=owner_bind_candidate threads=1 begin_tick=1965380511254416 end_tick=1965380511261041 ms_per_tick=9.9999999999999995e-07 device_ms=0.0066249999999999998
PRODUCER_KERNEL_V1 stage=1 raw_iteration=2147483650 ordinal=21 kernel=finalize_resident_eos_candidate threads=1 begin_tick=1965380511261541 end_tick=1965380511264000 ms_per_tick=9.9999999999999995e-07 device_ms=0.0024589999999999998
PRODUCER_KERNEL_V1 stage=1 raw_iteration=2147483650 ordinal=22 kernel=evaluate_resident_eos_candidate threads=504666 begin_tick=1965380511264500 end_tick=1965381071981833 ms_per_tick=9.9999999999999995e-07 device_ms=560.71733299999994
PRODUCER_KERNEL_V1 stage=1 raw_iteration=2147483650 ordinal=23 kernel=finalize_resident_eos_candidate threads=1 begin_tick=1965381071995666 end_tick=1965381071998208 ms_per_tick=9.9999999999999995e-07 device_ms=0.002542
PRODUCER_KERNEL_V1 stage=1 raw_iteration=2147483650 ordinal=24 kernel=identify_resident_eos threads=1 begin_tick=1965381071998500 end_tick=1965381072001166 ms_per_tick=9.9999999999999995e-07 device_ms=0.002666
PRODUCER_KERNEL_V1 stage=1 raw_iteration=2147483650 ordinal=25 kernel=produce_resident_frozen_source threads=504666 begin_tick=1965381072001625 end_tick=1965381072031541 ms_per_tick=9.9999999999999995e-07 device_ms=0.029915999999999998
PRODUCER_KERNEL_V1 stage=1 raw_iteration=2147483650 ordinal=26 kernel=identify_resident_frozen_source threads=1 begin_tick=1965381072031958 end_tick=1965381072035166 ms_per_tick=9.9999999999999995e-07 device_ms=0.0032079999999999999
PRODUCER_KERNEL_V1 stage=1 raw_iteration=2147483650 ordinal=27 kernel=evaluate_resident_target_terms threads=504666 begin_tick=1965381072035583 end_tick=1965381185280916 ms_per_tick=9.9999999999999995e-07 device_ms=113.24533299999999
PRODUCER_KERNEL_V1 stage=1 raw_iteration=2147483650 ordinal=28 kernel=finalize_resident_target threads=1 begin_tick=1965381185297000 end_tick=1965381185300333 ms_per_tick=9.9999999999999995e-07 device_ms=0.003333
PRODUCER_KERNEL_V1 stage=1 raw_iteration=2147483650 ordinal=29 kernel=identify_resident_target threads=1 begin_tick=1965381185300750 end_tick=1965381185303583 ms_per_tick=9.9999999999999995e-07 device_ms=0.002833
PRODUCER_KERNEL_V1 stage=1 raw_iteration=2147483650 ordinal=30 kernel=issue_resident_projection_consumer threads=1 begin_tick=1965381185304000 end_tick=1965381185308125 ms_per_tick=9.9999999999999995e-07 device_ms=0.0041250000000000002
PRODUCER_KERNEL_V1 stage=1 raw_iteration=2147483650 ordinal=31 kernel=consume_resident_target threads=1 begin_tick=1965381185308500 end_tick=1965381185312666 ms_per_tick=9.9999999999999995e-07 device_ms=0.0041659999999999996
PRODUCER_KERNEL_V1 stage=1 raw_iteration=2147483650 ordinal=32 kernel=owner_compose_target threads=504666 begin_tick=1965381185313041 end_tick=1965381185392291 ms_per_tick=9.9999999999999995e-07 device_ms=0.079250000000000001
PRODUCER_KERNEL_V1 stage=1 raw_iteration=2147483650 ordinal=33 kernel=finalize_resident_target threads=1 begin_tick=1965381185392583 end_tick=1965381185394791 ms_per_tick=9.9999999999999995e-07 device_ms=0.0022079999999999999
PRODUCER_KERNEL_V1 stage=1 raw_iteration=2147483650 ordinal=34 kernel=owner_identify_target threads=1 begin_tick=1965381185395208 end_tick=1965381185398208 ms_per_tick=9.9999999999999995e-07 device_ms=0.0030000000000000001
PRODUCER_KERNEL_V1 stage=1 raw_iteration=2147483650 ordinal=35 kernel=issue_resident_projection_consumer threads=1 begin_tick=1965381185398583 end_tick=1965381185401583 ms_per_tick=9.9999999999999995e-07 device_ms=0.0030000000000000001
PRODUCER_KERNEL_V1 stage=1 raw_iteration=2147483650 ordinal=36 kernel=consume_resident_target threads=1 begin_tick=1965381185401958 end_tick=1965381185405541 ms_per_tick=9.9999999999999995e-07 device_ms=0.0035829999999999998
PRODUCER_KERNEL_V1 stage=1 raw_iteration=2147483650 ordinal=37 kernel=owner_issue_stage_seal threads=1 begin_tick=1965381185405833 end_tick=1965381185408875 ms_per_tick=9.9999999999999995e-07 device_ms=0.003042
PRODUCER_KERNEL_V1 stage=1 raw_iteration=2147483650 ordinal=38 kernel=fct_compatible_stage_rate threads=1533387 begin_tick=1965381185409541 end_tick=1965381185906208 ms_per_tick=9.9999999999999995e-07 device_ms=0.49666699999999997
PRODUCER_KERNEL_V1 stage=1 raw_iteration=2147483650 ordinal=39 kernel=fct_compatible_stage_rate threads=1533387 begin_tick=1965381185906666 end_tick=1965381186400750 ms_per_tick=9.9999999999999995e-07 device_ms=0.49408399999999997
PRODUCER_KERNEL_V1 stage=1 raw_iteration=2147483650 ordinal=40 kernel=owner_heun_momentum threads=1533387 begin_tick=1965381186401250 end_tick=1965381186493041 ms_per_tick=9.9999999999999995e-07 device_ms=0.091790999999999998
RISE_FIRE_OWNER_PROFILE_V1 {"scope":66,"parent":61,"phase":"BuildStageProducerGroup","stage":1,"raw_iteration":2147483650,"iteration_kind":"terminal","wall_ms":773.930959000,"device_sum_ms":693.253624951,"wall_minus_device_ms":80.677334049,"exclusive_wall_ms":773.930959000,"exclusive_device_sum_ms":693.253624951,"child_observer_wall_ms":0.000000000,"count_scope":"inclusive","owner_commits":1,"projection_invocations":0}
RISE_FIRE_OWNER_PROFILE_V1 {"scope":67,"parent":61,"phase":"AlphaResidual","stage":1,"raw_iteration":2147483650,"iteration_kind":"terminal","wall_ms":0.245875000,"device_sum_ms":0.054291682,"wall_minus_device_ms":0.191583318,"exclusive_wall_ms":0.245875000,"exclusive_device_sum_ms":0.054291682,"child_observer_wall_ms":0.000000000,"count_scope":"inclusive","owner_commits":1,"projection_invocations":0}
RISE_FIRE_OWNER_PROFILE_V1 {"scope":68,"parent":61,"phase":"Residual","stage":1,"raw_iteration":2147483650,"iteration_kind":"terminal","wall_ms":0.299875000,"device_sum_ms":0.111166621,"wall_minus_device_ms":0.188708379,"exclusive_wall_ms":0.299875000,"exclusive_device_sum_ms":0.111166621,"child_observer_wall_ms":0.000000000,"count_scope":"inclusive","owner_commits":1,"projection_invocations":0}
RISE_FIRE_OWNER_PROFILE_V1 {"scope":61,"parent":54,"phase":"TerminalVerification","stage":1,"raw_iteration":2147483650,"iteration_kind":"terminal","wall_ms":787.790375000,"device_sum_ms":702.935541514,"wall_minus_device_ms":84.854833486,"exclusive_wall_ms":0.004290000,"exclusive_device_sum_ms":0.000000000,"child_observer_wall_ms":0.028375000,"count_scope":"inclusive","owner_commits":7,"projection_invocations":1}
RISE_FIRE_OWNER_PROFILE_V1 {"scope":54,"parent":36,"phase":"PicardIteration","stage":1,"raw_iteration":2,"iteration_kind":"picard","wall_ms":1568.046625000,"device_sum_ms":1396.683249390,"wall_minus_device_ms":171.363375610,"exclusive_wall_ms":0.760541000,"exclusive_device_sum_ms":0.000000000,"child_observer_wall_ms":0.029375000,"count_scope":"inclusive","owner_commits":13,"projection_invocations":2}
RISE_FIRE_OWNER_PROFILE_V1 {"scope":36,"parent":1,"phase":"SolveStage","stage":1,"raw_iteration":4294967295,"iteration_kind":"bootstrap","wall_ms":3904.773750000,"device_sum_ms":3473.314041039,"wall_minus_device_ms":431.459708961,"exclusive_wall_ms":3.136875000,"exclusive_device_sum_ms":0.000000000,"child_observer_wall_ms":0.022749000,"count_scope":"inclusive","owner_commits":28,"projection_invocations":5}
RISE_FIRE_OWNER_PROFILE_V1 {"scope":71,"parent":70,"phase":"ProjectionAdapter","stage":2,"raw_iteration":4294967295,"iteration_kind":"bootstrap","wall_ms":11.896750000,"device_sum_ms":9.074124740,"wall_minus_device_ms":2.822625260,"exclusive_wall_ms":11.896750000,"exclusive_device_sum_ms":9.074124740,"child_observer_wall_ms":0.000000000,"count_scope":"inclusive","owner_commits":0,"projection_invocations":1}
RISE_FIRE_OWNER_PROFILE_V1 {"scope":70,"parent":69,"phase":"Project","stage":2,"raw_iteration":4294967295,"iteration_kind":"bootstrap","wall_ms":12.404250000,"device_sum_ms":9.118499700,"wall_minus_device_ms":3.285750300,"exclusive_wall_ms":0.499125000,"exclusive_device_sum_ms":0.044374960,"child_observer_wall_ms":0.008375000,"count_scope":"inclusive","owner_commits":2,"projection_invocations":1}
PRODUCER_COMMAND_V1 stage=2 raw_iteration=4294967295 cpu_begin=1965381205019500 cpu_end=1965381962481125 gpu_begin=1965381205019500 gpu_end=1965381962481125 device_ms=676.66770820505917 encoders=35 interval_scope=possibly_overlapping
PRODUCER_KERNEL_V1 stage=2 raw_iteration=4294967295 ordinal=0 kernel=owner_pack_faces threads=1533387 begin_tick=1965381285696000 end_tick=1965381285749166 ms_per_tick=9.9999999999999995e-07 device_ms=0.053165999999999998
PRODUCER_KERNEL_V1 stage=2 raw_iteration=4294967295 ordinal=1 kernel=owner_pack_faces threads=1533387 begin_tick=1965381285748500 end_tick=1965381286184875 ms_per_tick=9.9999999999999995e-07 device_ms=0.43637499999999996
PRODUCER_KERNEL_V1 stage=2 raw_iteration=4294967295 ordinal=2 kernel=owner_pack_faces threads=1533387 begin_tick=1965381285693916 end_tick=1965381285748500 ms_per_tick=9.9999999999999995e-07 device_ms=0.054584000000000001
PRODUCER_KERNEL_V1 stage=2 raw_iteration=4294967295 ordinal=3 kernel=fct_extract_gas_density threads=504666 begin_tick=1965381286184875 end_tick=1965381286210333 ms_per_tick=9.9999999999999995e-07 device_ms=0.025457999999999998
PRODUCER_KERNEL_V1 stage=2 raw_iteration=4294967295 ordinal=4 kernel=owner_gas_source threads=504666 begin_tick=1965381286210333 end_tick=1965381286251750 ms_per_tick=9.9999999999999995e-07 device_ms=0.041416999999999995
PRODUCER_KERNEL_V1 stage=2 raw_iteration=4294967295 ordinal=5 kernel=evaluate_resident_transport threads=504666 begin_tick=1965381285749625 end_tick=1965381286225250 ms_per_tick=9.9999999999999995e-07 device_ms=0.47562499999999996
PRODUCER_KERNEL_V1 stage=2 raw_iteration=4294967295 ordinal=6 kernel=identify_resident_transport threads=1 begin_tick=1965381286227083 end_tick=1965381286248666 ms_per_tick=9.9999999999999995e-07 device_ms=0.021582999999999998
PRODUCER_KERNEL_V1 stage=2 raw_iteration=4294967295 ordinal=7 kernel=owner_bind_transport threads=1 begin_tick=1965381286249291 end_tick=1965381286253333 ms_per_tick=9.9999999999999995e-07 device_ms=0.0040419999999999996
PRODUCER_KERNEL_V1 stage=2 raw_iteration=4294967295 ordinal=8 kernel=identify_resident_owner_endpoint_class threads=1 begin_tick=1965381286253750 end_tick=1965381286257041 ms_per_tick=9.9999999999999995e-07 device_ms=0.0032909999999999997
PRODUCER_KERNEL_V1 stage=2 raw_iteration=4294967295 ordinal=9 kernel=evaluate_resident_physical_flux threads=1533387 begin_tick=1965381287295625 end_tick=1965381288413583 ms_per_tick=9.9999999999999995e-07 device_ms=1.117958
PRODUCER_KERNEL_V1 stage=2 raw_iteration=4294967295 ordinal=10 kernel=evaluate_resident_advective_pair threads=13800483 begin_tick=1965381288896541 end_tick=1965381296420333 ms_per_tick=9.9999999999999995e-07 device_ms=7.5237919999999994
PRODUCER_KERNEL_V1 stage=2 raw_iteration=4294967295 ordinal=11 kernel=finalize_resident_advective_high threads=13800483 begin_tick=1965381296420958 end_tick=1965381296841333 ms_per_tick=9.9999999999999995e-07 device_ms=0.420375
PRODUCER_KERNEL_V1 stage=2 raw_iteration=4294967295 ordinal=12 kernel=compose_resident_flux_pair threads=13800483 begin_tick=1965381296841750 end_tick=1965381297725750 ms_per_tick=9.9999999999999995e-07 device_ms=0.88400000000000001
PRODUCER_KERNEL_V1 stage=2 raw_iteration=4294967295 ordinal=13 kernel=validate_resident_physical_flux threads=13800483 begin_tick=1965381297726166 end_tick=1965381298553250 ms_per_tick=9.9999999999999995e-07 device_ms=0.82708399999999993
PRODUCER_KERNEL_V1 stage=2 raw_iteration=4294967295 ordinal=14 kernel=identify_resident_physical_flux threads=32 begin_tick=1965381298553791 end_tick=1965381298559875 ms_per_tick=9.9999999999999995e-07 device_ms=0.006084
PRODUCER_KERNEL_V1 stage=2 raw_iteration=4294967295 ordinal=15 kernel=owner_bind_candidate threads=1 begin_tick=1965381298560375 end_tick=1965381298563750 ms_per_tick=9.9999999999999995e-07 device_ms=0.003375
PRODUCER_KERNEL_V1 stage=2 raw_iteration=4294967295 ordinal=16 kernel=finalize_resident_eos_candidate threads=1 begin_tick=1965381298564166 end_tick=1965381298566583 ms_per_tick=9.9999999999999995e-07 device_ms=0.0024169999999999999
PRODUCER_KERNEL_V1 stage=2 raw_iteration=4294967295 ordinal=17 kernel=evaluate_resident_eos_candidate threads=504666 begin_tick=1965381298567291 end_tick=1965381848205333 ms_per_tick=9.9999999999999995e-07 device_ms=549.63804199999993
PRODUCER_KERNEL_V1 stage=2 raw_iteration=4294967295 ordinal=18 kernel=finalize_resident_eos_candidate threads=1 begin_tick=1965381848223916 end_tick=1965381848226500 ms_per_tick=9.9999999999999995e-07 device_ms=0.0025839999999999999
PRODUCER_KERNEL_V1 stage=2 raw_iteration=4294967295 ordinal=19 kernel=identify_resident_eos threads=1 begin_tick=1965381848226958 end_tick=1965381848230250 ms_per_tick=9.9999999999999995e-07 device_ms=0.0032919999999999998
PRODUCER_KERNEL_V1 stage=2 raw_iteration=4294967295 ordinal=20 kernel=produce_resident_frozen_source threads=504666 begin_tick=1965381848230541 end_tick=1965381848261833 ms_per_tick=9.9999999999999995e-07 device_ms=0.031292
PRODUCER_KERNEL_V1 stage=2 raw_iteration=4294967295 ordinal=21 kernel=identify_resident_frozen_source threads=1 begin_tick=1965381848262375 end_tick=1965381848265833 ms_per_tick=9.9999999999999995e-07 device_ms=0.0034579999999999997
PRODUCER_KERNEL_V1 stage=2 raw_iteration=4294967295 ordinal=22 kernel=evaluate_resident_target_terms threads=504666 begin_tick=1965381848266125 end_tick=1965381961668333 ms_per_tick=9.9999999999999995e-07 device_ms=113.402208
PRODUCER_KERNEL_V1 stage=2 raw_iteration=4294967295 ordinal=23 kernel=finalize_resident_target threads=1 begin_tick=1965381961683125 end_tick=1965381961689958 ms_per_tick=9.9999999999999995e-07 device_ms=0.0068329999999999997
PRODUCER_KERNEL_V1 stage=2 raw_iteration=4294967295 ordinal=24 kernel=identify_resident_target threads=1 begin_tick=1965381961690375 end_tick=1965381961694333 ms_per_tick=9.9999999999999995e-07 device_ms=0.0039579999999999997
PRODUCER_KERNEL_V1 stage=2 raw_iteration=4294967295 ordinal=25 kernel=issue_resident_projection_consumer threads=1 begin_tick=1965381961694875 end_tick=1965381961699166 ms_per_tick=9.9999999999999995e-07 device_ms=0.0042909999999999997
PRODUCER_KERNEL_V1 stage=2 raw_iteration=4294967295 ordinal=26 kernel=consume_resident_target threads=1 begin_tick=1965381961699583 end_tick=1965381961703791 ms_per_tick=9.9999999999999995e-07 device_ms=0.0042079999999999999
PRODUCER_KERNEL_V1 stage=2 raw_iteration=4294967295 ordinal=27 kernel=owner_compose_target threads=504666 begin_tick=1965381961704375 end_tick=1965381961734250 ms_per_tick=9.9999999999999995e-07 device_ms=0.029874999999999999
PRODUCER_KERNEL_V1 stage=2 raw_iteration=4294967295 ordinal=28 kernel=finalize_resident_target threads=1 begin_tick=1965381961734583 end_tick=1965381961739875 ms_per_tick=9.9999999999999995e-07 device_ms=0.0052919999999999998
PRODUCER_KERNEL_V1 stage=2 raw_iteration=4294967295 ordinal=29 kernel=owner_identify_target threads=1 begin_tick=1965381961740333 end_tick=1965381961743708 ms_per_tick=9.9999999999999995e-07 device_ms=0.003375
PRODUCER_KERNEL_V1 stage=2 raw_iteration=4294967295 ordinal=30 kernel=issue_resident_projection_consumer threads=1 begin_tick=1965381961744000 end_tick=1965381961746958 ms_per_tick=9.9999999999999995e-07 device_ms=0.0029579999999999997
PRODUCER_KERNEL_V1 stage=2 raw_iteration=4294967295 ordinal=31 kernel=consume_resident_target threads=1 begin_tick=1965381961747375 end_tick=1965381961751166 ms_per_tick=9.9999999999999995e-07 device_ms=0.0037909999999999997
PRODUCER_KERNEL_V1 stage=2 raw_iteration=4294967295 ordinal=32 kernel=owner_issue_stage_seal threads=1 begin_tick=1965381961751541 end_tick=1965381961754750 ms_per_tick=9.9999999999999995e-07 device_ms=0.003209
PRODUCER_KERNEL_V1 stage=2 raw_iteration=4294967295 ordinal=33 kernel=fct_compatible_stage_rate threads=1533387 begin_tick=1965381961755583 end_tick=1965381962264666 ms_per_tick=9.9999999999999995e-07 device_ms=0.50908299999999995
PRODUCER_KERNEL_V1 stage=2 raw_iteration=4294967295 ordinal=34 kernel=owner_heun_momentum threads=1533387 begin_tick=1965381962265041 end_tick=1965381962355583 ms_per_tick=9.9999999999999995e-07 device_ms=0.090541999999999997
RISE_FIRE_OWNER_PROFILE_V1 {"scope":72,"parent":69,"phase":"BuildStageProducerGroup","stage":2,"raw_iteration":4294967295,"iteration_kind":"bootstrap","wall_ms":757.598042000,"device_sum_ms":676.667708205,"wall_minus_device_ms":80.930333795,"exclusive_wall_ms":757.598042000,"exclusive_device_sum_ms":676.667708205,"child_observer_wall_ms":0.000000000,"count_scope":"inclusive","owner_commits":1,"projection_invocations":0}
RISE_FIRE_OWNER_PROFILE_V1 {"scope":75,"parent":74,"phase":"ProjectionAdapter","stage":2,"raw_iteration":0,"iteration_kind":"picard","wall_ms":11.989708000,"device_sum_ms":9.139749920,"wall_minus_device_ms":2.849958080,"exclusive_wall_ms":11.989708000,"exclusive_device_sum_ms":9.139749920,"child_observer_wall_ms":0.000000000,"count_scope":"inclusive","owner_commits":0,"projection_invocations":1}
RISE_FIRE_OWNER_PROFILE_V1 {"scope":74,"parent":73,"phase":"Project","stage":2,"raw_iteration":0,"iteration_kind":"picard","wall_ms":12.526333000,"device_sum_ms":9.181499947,"wall_minus_device_ms":3.344833053,"exclusive_wall_ms":0.528250000,"exclusive_device_sum_ms":0.041750027,"child_observer_wall_ms":0.008375000,"count_scope":"inclusive","owner_commits":2,"projection_invocations":1}
RISE_FIRE_OWNER_PROFILE_V1 {"scope":76,"parent":73,"phase":"ReadOpenClass","stage":2,"raw_iteration":0,"iteration_kind":"picard","wall_ms":0.162083000,"device_sum_ms":0.002416549,"wall_minus_device_ms":0.159666451,"exclusive_wall_ms":0.162083000,"exclusive_device_sum_ms":0.002416549,"child_observer_wall_ms":0.000000000,"count_scope":"inclusive","owner_commits":1,"projection_invocations":0}
RISE_FIRE_OWNER_PROFILE_V1 {"scope":77,"parent":73,"phase":"ReadOpenClass","stage":2,"raw_iteration":0,"iteration_kind":"picard","wall_ms":0.159209000,"device_sum_ms":0.002499903,"wall_minus_device_ms":0.156709097,"exclusive_wall_ms":0.159209000,"exclusive_device_sum_ms":0.002499903,"child_observer_wall_ms":0.000000000,"count_scope":"inclusive","owner_commits":1,"projection_invocations":0}
PRODUCER_COMMAND_V1 stage=2 raw_iteration=0 cpu_begin=1965381975480250 cpu_end=1965382738990500 gpu_begin=1965381975480250 gpu_end=1965382738990500 device_ms=682.0523333735764 encoders=35 interval_scope=possibly_overlapping
PRODUCER_KERNEL_V1 stage=2 raw_iteration=0 ordinal=0 kernel=owner_pack_faces threads=1533387 begin_tick=1965382056819833 end_tick=1965382056872291 ms_per_tick=9.9999999999999995e-07 device_ms=0.052457999999999998
PRODUCER_KERNEL_V1 stage=2 raw_iteration=0 ordinal=1 kernel=owner_pack_faces threads=1533387 begin_tick=1965382056872000 end_tick=1965382057308583 ms_per_tick=9.9999999999999995e-07 device_ms=0.436583
PRODUCER_KERNEL_V1 stage=2 raw_iteration=0 ordinal=2 kernel=owner_pack_faces threads=1533387 begin_tick=1965382056817875 end_tick=1965382056872000 ms_per_tick=9.9999999999999995e-07 device_ms=0.054125
PRODUCER_KERNEL_V1 stage=2 raw_iteration=0 ordinal=3 kernel=fct_extract_gas_density threads=504666 begin_tick=1965382057308583 end_tick=1965382057332708 ms_per_tick=9.9999999999999995e-07 device_ms=0.024125000000000001
PRODUCER_KERNEL_V1 stage=2 raw_iteration=0 ordinal=4 kernel=owner_gas_source threads=504666 begin_tick=1965382057332708 end_tick=1965382057374583 ms_per_tick=9.9999999999999995e-07 device_ms=0.041874999999999996
PRODUCER_KERNEL_V1 stage=2 raw_iteration=0 ordinal=5 kernel=evaluate_resident_transport threads=504666 begin_tick=1965382056872708 end_tick=1965382057367208 ms_per_tick=9.9999999999999995e-07 device_ms=0.4945
PRODUCER_KERNEL_V1 stage=2 raw_iteration=0 ordinal=6 kernel=identify_resident_transport threads=1 begin_tick=1965382057368166 end_tick=1965382057374875 ms_per_tick=9.9999999999999995e-07 device_ms=0.0067089999999999997
PRODUCER_KERNEL_V1 stage=2 raw_iteration=0 ordinal=7 kernel=owner_bind_transport threads=1 begin_tick=1965382057375416 end_tick=1965382057379125 ms_per_tick=9.9999999999999995e-07 device_ms=0.0037089999999999996
PRODUCER_KERNEL_V1 stage=2 raw_iteration=0 ordinal=8 kernel=identify_resident_owner_endpoint_class threads=1 begin_tick=1965382057379500 end_tick=1965382057382916 ms_per_tick=9.9999999999999995e-07 device_ms=0.0034159999999999998
PRODUCER_KERNEL_V1 stage=2 raw_iteration=0 ordinal=9 kernel=evaluate_resident_physical_flux threads=1533387 begin_tick=1965382058389625 end_tick=1965382059874500 ms_per_tick=9.9999999999999995e-07 device_ms=1.4848749999999999
PRODUCER_KERNEL_V1 stage=2 raw_iteration=0 ordinal=10 kernel=evaluate_resident_advective_pair threads=13800483 begin_tick=1965382059961958 end_tick=1965382067048666 ms_per_tick=9.9999999999999995e-07 device_ms=7.0867079999999998
PRODUCER_KERNEL_V1 stage=2 raw_iteration=0 ordinal=11 kernel=finalize_resident_advective_high threads=13800483 begin_tick=1965382067049291 end_tick=1965382067470041 ms_per_tick=9.9999999999999995e-07 device_ms=0.42074999999999996
PRODUCER_KERNEL_V1 stage=2 raw_iteration=0 ordinal=12 kernel=compose_resident_flux_pair threads=13800483 begin_tick=1965382067470458 end_tick=1965382068358125 ms_per_tick=9.9999999999999995e-07 device_ms=0.88766699999999998
PRODUCER_KERNEL_V1 stage=2 raw_iteration=0 ordinal=13 kernel=validate_resident_physical_flux threads=13800483 begin_tick=1965382068358833 end_tick=1965382069195291 ms_per_tick=9.9999999999999995e-07 device_ms=0.83645799999999992
PRODUCER_KERNEL_V1 stage=2 raw_iteration=0 ordinal=14 kernel=identify_resident_physical_flux threads=32 begin_tick=1965382069196000 end_tick=1965382069199416 ms_per_tick=9.9999999999999995e-07 device_ms=0.0034159999999999998
PRODUCER_KERNEL_V1 stage=2 raw_iteration=0 ordinal=15 kernel=owner_bind_candidate threads=1 begin_tick=1965382069199833 end_tick=1965382069203708 ms_per_tick=9.9999999999999995e-07 device_ms=0.003875
PRODUCER_KERNEL_V1 stage=2 raw_iteration=0 ordinal=16 kernel=finalize_resident_eos_candidate threads=1 begin_tick=1965382069204041 end_tick=1965382069206166 ms_per_tick=9.9999999999999995e-07 device_ms=0.0021249999999999997
PRODUCER_KERNEL_V1 stage=2 raw_iteration=0 ordinal=17 kernel=evaluate_resident_eos_candidate threads=504666 begin_tick=1965382069206875 end_tick=1965382624454708 ms_per_tick=9.9999999999999995e-07 device_ms=555.24783300000001
PRODUCER_KERNEL_V1 stage=2 raw_iteration=0 ordinal=18 kernel=finalize_resident_eos_candidate threads=1 begin_tick=1965382624469791 end_tick=1965382624472375 ms_per_tick=9.9999999999999995e-07 device_ms=0.0025839999999999999
PRODUCER_KERNEL_V1 stage=2 raw_iteration=0 ordinal=19 kernel=identify_resident_eos threads=1 begin_tick=1965382624472833 end_tick=1965382624475625 ms_per_tick=9.9999999999999995e-07 device_ms=0.0027919999999999998
PRODUCER_KERNEL_V1 stage=2 raw_iteration=0 ordinal=20 kernel=produce_resident_frozen_source threads=504666 begin_tick=1965382624476041 end_tick=1965382624508666 ms_per_tick=9.9999999999999995e-07 device_ms=0.032625000000000001
PRODUCER_KERNEL_V1 stage=2 raw_iteration=0 ordinal=21 kernel=identify_resident_frozen_source threads=1 begin_tick=1965382624509125 end_tick=1965382624511625 ms_per_tick=9.9999999999999995e-07 device_ms=0.0025000000000000001
PRODUCER_KERNEL_V1 stage=2 raw_iteration=0 ordinal=22 kernel=evaluate_resident_target_terms threads=504666 begin_tick=1965382624511916 end_tick=1965382738187375 ms_per_tick=9.9999999999999995e-07 device_ms=113.67545899999999
PRODUCER_KERNEL_V1 stage=2 raw_iteration=0 ordinal=23 kernel=finalize_resident_target threads=1 begin_tick=1965382738201625 end_tick=1965382738205125 ms_per_tick=9.9999999999999995e-07 device_ms=0.0034999999999999996
PRODUCER_KERNEL_V1 stage=2 raw_iteration=0 ordinal=24 kernel=identify_resident_target threads=1 begin_tick=1965382738205541 end_tick=1965382738208583 ms_per_tick=9.9999999999999995e-07 device_ms=0.003042
PRODUCER_KERNEL_V1 stage=2 raw_iteration=0 ordinal=25 kernel=issue_resident_projection_consumer threads=1 begin_tick=1965382738209041 end_tick=1965382738213000 ms_per_tick=9.9999999999999995e-07 device_ms=0.0039589999999999998
PRODUCER_KERNEL_V1 stage=2 raw_iteration=0 ordinal=26 kernel=consume_resident_target threads=1 begin_tick=1965382738214250 end_tick=1965382738218500 ms_per_tick=9.9999999999999995e-07 device_ms=0.0042499999999999994
PRODUCER_KERNEL_V1 stage=2 raw_iteration=0 ordinal=27 kernel=owner_compose_target threads=504666 begin_tick=1965382738218916 end_tick=1965382738247250 ms_per_tick=9.9999999999999995e-07 device_ms=0.028333999999999998
PRODUCER_KERNEL_V1 stage=2 raw_iteration=0 ordinal=28 kernel=finalize_resident_target threads=1 begin_tick=1965382738247541 end_tick=1965382738250208 ms_per_tick=9.9999999999999995e-07 device_ms=0.0026669999999999997
PRODUCER_KERNEL_V1 stage=2 raw_iteration=0 ordinal=29 kernel=owner_identify_target threads=1 begin_tick=1965382738250708 end_tick=1965382738253541 ms_per_tick=9.9999999999999995e-07 device_ms=0.002833
PRODUCER_KERNEL_V1 stage=2 raw_iteration=0 ordinal=30 kernel=issue_resident_projection_consumer threads=1 begin_tick=1965382738253916 end_tick=1965382738256958 ms_per_tick=9.9999999999999995e-07 device_ms=0.003042
PRODUCER_KERNEL_V1 stage=2 raw_iteration=0 ordinal=31 kernel=consume_resident_target threads=1 begin_tick=1965382738257416 end_tick=1965382738260750 ms_per_tick=9.9999999999999995e-07 device_ms=0.0033339999999999997
PRODUCER_KERNEL_V1 stage=2 raw_iteration=0 ordinal=32 kernel=owner_issue_stage_seal threads=1 begin_tick=1965382738261125 end_tick=1965382738264333 ms_per_tick=9.9999999999999995e-07 device_ms=0.0032079999999999999
PRODUCER_KERNEL_V1 stage=2 raw_iteration=0 ordinal=33 kernel=fct_compatible_stage_rate threads=1533387 begin_tick=1965382738264750 end_tick=1965382738771458 ms_per_tick=9.9999999999999995e-07 device_ms=0.50670799999999994
PRODUCER_KERNEL_V1 stage=2 raw_iteration=0 ordinal=34 kernel=owner_heun_momentum threads=1533387 begin_tick=1965382738771916 end_tick=1965382738864458 ms_per_tick=9.9999999999999995e-07 device_ms=0.092541999999999999
RISE_FIRE_OWNER_PROFILE_V1 {"scope":78,"parent":73,"phase":"BuildStageProducerGroup","stage":2,"raw_iteration":0,"iteration_kind":"picard","wall_ms":763.670041000,"device_sum_ms":682.052333374,"wall_minus_device_ms":81.617707626,"exclusive_wall_ms":763.670041000,"exclusive_device_sum_ms":682.052333374,"child_observer_wall_ms":0.000000000,"count_scope":"inclusive","owner_commits":1,"projection_invocations":0}
RISE_FIRE_OWNER_PROFILE_V1 {"scope":79,"parent":73,"phase":"Residual","stage":2,"raw_iteration":0,"iteration_kind":"picard","wall_ms":0.227500000,"device_sum_ms":0.022291671,"wall_minus_device_ms":0.205208329,"exclusive_wall_ms":0.227500000,"exclusive_device_sum_ms":0.022291671,"child_observer_wall_ms":0.000000000,"count_scope":"inclusive","owner_commits":1,"projection_invocations":0}
RISE_FIRE_OWNER_PROFILE_V1 {"scope":73,"parent":69,"phase":"PicardIteration","stage":2,"raw_iteration":0,"iteration_kind":"picard","wall_ms":777.472917000,"device_sum_ms":691.261041444,"wall_minus_device_ms":86.211875556,"exclusive_wall_ms":0.700917000,"exclusive_device_sum_ms":0.000000000,"child_observer_wall_ms":0.026834000,"count_scope":"inclusive","owner_commits":6,"projection_invocations":1}
RISE_FIRE_OWNER_PROFILE_V1 {"scope":82,"parent":81,"phase":"ProjectionAdapter","stage":2,"raw_iteration":1,"iteration_kind":"picard","wall_ms":11.922958000,"device_sum_ms":9.046000196,"wall_minus_device_ms":2.876957804,"exclusive_wall_ms":11.922958000,"exclusive_device_sum_ms":9.046000196,"child_observer_wall_ms":0.000000000,"count_scope":"inclusive","owner_commits":0,"projection_invocations":1}
RISE_FIRE_OWNER_PROFILE_V1 {"scope":81,"parent":80,"phase":"Project","stage":2,"raw_iteration":1,"iteration_kind":"picard","wall_ms":13.110584000,"device_sum_ms":9.091042215,"wall_minus_device_ms":4.019541785,"exclusive_wall_ms":1.178501000,"exclusive_device_sum_ms":0.045042019,"child_observer_wall_ms":0.009125000,"count_scope":"inclusive","owner_commits":2,"projection_invocations":1}
RISE_FIRE_OWNER_PROFILE_V1 {"scope":83,"parent":80,"phase":"ReadOpenClass","stage":2,"raw_iteration":1,"iteration_kind":"picard","wall_ms":0.154583000,"device_sum_ms":0.002416549,"wall_minus_device_ms":0.152166451,"exclusive_wall_ms":0.154583000,"exclusive_device_sum_ms":0.002416549,"child_observer_wall_ms":0.000000000,"count_scope":"inclusive","owner_commits":1,"projection_invocations":0}
RISE_FIRE_OWNER_PROFILE_V1 {"scope":84,"parent":80,"phase":"ReadOpenClass","stage":2,"raw_iteration":1,"iteration_kind":"picard","wall_ms":0.145208000,"device_sum_ms":0.002375105,"wall_minus_device_ms":0.142832895,"exclusive_wall_ms":0.145208000,"exclusive_device_sum_ms":0.002375105,"child_observer_wall_ms":0.000000000,"count_scope":"inclusive","owner_commits":1,"projection_invocations":0}
PRODUCER_COMMAND_V1 stage=2 raw_iteration=1 cpu_begin=1965382753521291 cpu_end=1965383511460041 gpu_begin=1965382753521291 gpu_end=1965383511460041 device_ms=677.15541669167578 encoders=35 interval_scope=possibly_overlapping
PRODUCER_KERNEL_V1 stage=2 raw_iteration=1 ordinal=0 kernel=owner_pack_faces threads=1533387 begin_tick=1965382834202375 end_tick=1965382834261125 ms_per_tick=9.9999999999999995e-07 device_ms=0.058749999999999997
PRODUCER_KERNEL_V1 stage=2 raw_iteration=1 ordinal=1 kernel=owner_pack_faces threads=1533387 begin_tick=1965382834261166 end_tick=1965382834587416 ms_per_tick=9.9999999999999995e-07 device_ms=0.32624999999999998
PRODUCER_KERNEL_V1 stage=2 raw_iteration=1 ordinal=2 kernel=owner_pack_faces threads=1533387 begin_tick=1965382834200791 end_tick=1965382834261375 ms_per_tick=9.9999999999999995e-07 device_ms=0.060583999999999999
PRODUCER_KERNEL_V1 stage=2 raw_iteration=1 ordinal=3 kernel=fct_extract_gas_density threads=504666 begin_tick=1965382834261666 end_tick=1965382834310583 ms_per_tick=9.9999999999999995e-07 device_ms=0.048916999999999995
PRODUCER_KERNEL_V1 stage=2 raw_iteration=1 ordinal=4 kernel=owner_gas_source threads=504666 begin_tick=1965382834587750 end_tick=1965382834760333 ms_per_tick=9.9999999999999995e-07 device_ms=0.17258299999999999
PRODUCER_KERNEL_V1 stage=2 raw_iteration=1 ordinal=5 kernel=evaluate_resident_transport threads=504666 begin_tick=1965382834311708 end_tick=1965382834774625 ms_per_tick=9.9999999999999995e-07 device_ms=0.46291699999999997
PRODUCER_KERNEL_V1 stage=2 raw_iteration=1 ordinal=6 kernel=identify_resident_transport threads=1 begin_tick=1965382834775041 end_tick=1965382834777875 ms_per_tick=9.9999999999999995e-07 device_ms=0.0028339999999999997
PRODUCER_KERNEL_V1 stage=2 raw_iteration=1 ordinal=7 kernel=owner_bind_transport threads=1 begin_tick=1965382834778458 end_tick=1965382834781958 ms_per_tick=9.9999999999999995e-07 device_ms=0.0034999999999999996
PRODUCER_KERNEL_V1 stage=2 raw_iteration=1 ordinal=8 kernel=identify_resident_owner_endpoint_class threads=1 begin_tick=1965382834782333 end_tick=1965382834786000 ms_per_tick=9.9999999999999995e-07 device_ms=0.0036669999999999997
PRODUCER_KERNEL_V1 stage=2 raw_iteration=1 ordinal=9 kernel=evaluate_resident_physical_flux threads=1533387 begin_tick=1965382835884000 end_tick=1965382837000875 ms_per_tick=9.9999999999999995e-07 device_ms=1.1168749999999998
PRODUCER_KERNEL_V1 stage=2 raw_iteration=1 ordinal=10 kernel=evaluate_resident_advective_pair threads=13800483 begin_tick=1965382837448958 end_tick=1965382844538750 ms_per_tick=9.9999999999999995e-07 device_ms=7.0897920000000001
PRODUCER_KERNEL_V1 stage=2 raw_iteration=1 ordinal=11 kernel=finalize_resident_advective_high threads=13800483 begin_tick=1965382844539583 end_tick=1965382844962208 ms_per_tick=9.9999999999999995e-07 device_ms=0.42262499999999997
PRODUCER_KERNEL_V1 stage=2 raw_iteration=1 ordinal=12 kernel=compose_resident_flux_pair threads=13800483 begin_tick=1965382844962583 end_tick=1965382845847708 ms_per_tick=9.9999999999999995e-07 device_ms=0.88512499999999994
PRODUCER_KERNEL_V1 stage=2 raw_iteration=1 ordinal=13 kernel=validate_resident_physical_flux threads=13800483 begin_tick=1965382845848250 end_tick=1965382846678833 ms_per_tick=9.9999999999999995e-07 device_ms=0.83058299999999996
PRODUCER_KERNEL_V1 stage=2 raw_iteration=1 ordinal=14 kernel=identify_resident_physical_flux threads=32 begin_tick=1965382846679375 end_tick=1965382846685291 ms_per_tick=9.9999999999999995e-07 device_ms=0.0059159999999999994
PRODUCER_KERNEL_V1 stage=2 raw_iteration=1 ordinal=15 kernel=owner_bind_candidate threads=1 begin_tick=1965382846685791 end_tick=1965382846689375 ms_per_tick=9.9999999999999995e-07 device_ms=0.0035839999999999999
PRODUCER_KERNEL_V1 stage=2 raw_iteration=1 ordinal=16 kernel=finalize_resident_eos_candidate threads=1 begin_tick=1965382846689750 end_tick=1965382846692291 ms_per_tick=9.9999999999999995e-07 device_ms=0.0025409999999999999
PRODUCER_KERNEL_V1 stage=2 raw_iteration=1 ordinal=17 kernel=evaluate_resident_eos_candidate threads=504666 begin_tick=1965382846693000 end_tick=1965383397381833 ms_per_tick=9.9999999999999995e-07 device_ms=550.68883299999993
PRODUCER_KERNEL_V1 stage=2 raw_iteration=1 ordinal=18 kernel=finalize_resident_eos_candidate threads=1 begin_tick=1965383397397000 end_tick=1965383397399458 ms_per_tick=9.9999999999999995e-07 device_ms=0.0024579999999999997
PRODUCER_KERNEL_V1 stage=2 raw_iteration=1 ordinal=19 kernel=identify_resident_eos threads=1 begin_tick=1965383397399958 end_tick=1965383397402708 ms_per_tick=9.9999999999999995e-07 device_ms=0.0027499999999999998
PRODUCER_KERNEL_V1 stage=2 raw_iteration=1 ordinal=20 kernel=produce_resident_frozen_source threads=504666 begin_tick=1965383397403041 end_tick=1965383397433541 ms_per_tick=9.9999999999999995e-07 device_ms=0.030499999999999999
PRODUCER_KERNEL_V1 stage=2 raw_iteration=1 ordinal=21 kernel=identify_resident_frozen_source threads=1 begin_tick=1965383397434208 end_tick=1965383397436916 ms_per_tick=9.9999999999999995e-07 device_ms=0.0027079999999999999
PRODUCER_KERNEL_V1 stage=2 raw_iteration=1 ordinal=22 kernel=evaluate_resident_target_terms threads=504666 begin_tick=1965383397437333 end_tick=1965383510669750 ms_per_tick=9.9999999999999995e-07 device_ms=113.232417
PRODUCER_KERNEL_V1 stage=2 raw_iteration=1 ordinal=23 kernel=finalize_resident_target threads=1 begin_tick=1965383510684708 end_tick=1965383510687791 ms_per_tick=9.9999999999999995e-07 device_ms=0.0030829999999999998
PRODUCER_KERNEL_V1 stage=2 raw_iteration=1 ordinal=24 kernel=identify_resident_target threads=1 begin_tick=1965383510688125 end_tick=1965383510691041 ms_per_tick=9.9999999999999995e-07 device_ms=0.0029159999999999998
PRODUCER_KERNEL_V1 stage=2 raw_iteration=1 ordinal=25 kernel=issue_resident_projection_consumer threads=1 begin_tick=1965383510691625 end_tick=1965383510695333 ms_per_tick=9.9999999999999995e-07 device_ms=0.0037079999999999999
PRODUCER_KERNEL_V1 stage=2 raw_iteration=1 ordinal=26 kernel=consume_resident_target threads=1 begin_tick=1965383510695750 end_tick=1965383510700083 ms_per_tick=9.9999999999999995e-07 device_ms=0.004333
PRODUCER_KERNEL_V1 stage=2 raw_iteration=1 ordinal=27 kernel=owner_compose_target threads=504666 begin_tick=1965383510700666 end_tick=1965383510731375 ms_per_tick=9.9999999999999995e-07 device_ms=0.030709
PRODUCER_KERNEL_V1 stage=2 raw_iteration=1 ordinal=28 kernel=finalize_resident_target threads=1 begin_tick=1965383510731666 end_tick=1965383510734250 ms_per_tick=9.9999999999999995e-07 device_ms=0.0025839999999999999
PRODUCER_KERNEL_V1 stage=2 raw_iteration=1 ordinal=29 kernel=owner_identify_target threads=1 begin_tick=1965383510734791 end_tick=1965383510737708 ms_per_tick=9.9999999999999995e-07 device_ms=0.0029169999999999999
PRODUCER_KERNEL_V1 stage=2 raw_iteration=1 ordinal=30 kernel=issue_resident_projection_consumer threads=1 begin_tick=1965383510738000 end_tick=1965383510740958 ms_per_tick=9.9999999999999995e-07 device_ms=0.0029579999999999997
PRODUCER_KERNEL_V1 stage=2 raw_iteration=1 ordinal=31 kernel=consume_resident_target threads=1 begin_tick=1965383510741500 end_tick=1965383510744625 ms_per_tick=9.9999999999999995e-07 device_ms=0.0031249999999999997
PRODUCER_KERNEL_V1 stage=2 raw_iteration=1 ordinal=32 kernel=owner_issue_stage_seal threads=1 begin_tick=1965383510745000 end_tick=1965383510748041 ms_per_tick=9.9999999999999995e-07 device_ms=0.0030409999999999999
PRODUCER_KERNEL_V1 stage=2 raw_iteration=1 ordinal=33 kernel=fct_compatible_stage_rate threads=1533387 begin_tick=1965383510748500 end_tick=1965383511259250 ms_per_tick=9.9999999999999995e-07 device_ms=0.51074999999999993
PRODUCER_KERNEL_V1 stage=2 raw_iteration=1 ordinal=34 kernel=owner_heun_momentum threads=1533387 begin_tick=1965383511259666 end_tick=1965383511350291 ms_per_tick=9.9999999999999995e-07 device_ms=0.090624999999999997
RISE_FIRE_OWNER_PROFILE_V1 {"scope":85,"parent":80,"phase":"BuildStageProducerGroup","stage":2,"raw_iteration":1,"iteration_kind":"picard","wall_ms":758.109916000,"device_sum_ms":677.155416692,"wall_minus_device_ms":80.954499308,"exclusive_wall_ms":758.109916000,"exclusive_device_sum_ms":677.155416692,"child_observer_wall_ms":0.000000000,"count_scope":"inclusive","owner_commits":1,"projection_invocations":0}
RISE_FIRE_OWNER_PROFILE_V1 {"scope":86,"parent":80,"phase":"Residual","stage":2,"raw_iteration":1,"iteration_kind":"picard","wall_ms":0.292042000,"device_sum_ms":0.110166613,"wall_minus_device_ms":0.181875387,"exclusive_wall_ms":0.292042000,"exclusive_device_sum_ms":0.110166613,"child_observer_wall_ms":0.000000000,"count_scope":"inclusive","owner_commits":1,"projection_invocations":0}
RISE_FIRE_OWNER_PROFILE_V1 {"scope":80,"parent":69,"phase":"PicardIteration","stage":2,"raw_iteration":1,"iteration_kind":"picard","wall_ms":772.631708000,"device_sum_ms":686.361417174,"wall_minus_device_ms":86.270290826,"exclusive_wall_ms":0.788291000,"exclusive_device_sum_ms":0.000000000,"child_observer_wall_ms":0.031084000,"count_scope":"inclusive","owner_commits":6,"projection_invocations":1}
RISE_FIRE_OWNER_PROFILE_V1 {"scope":89,"parent":88,"phase":"ProjectionAdapter","stage":2,"raw_iteration":2,"iteration_kind":"picard","wall_ms":12.470167000,"device_sum_ms":9.519916726,"wall_minus_device_ms":2.950250274,"exclusive_wall_ms":12.470167000,"exclusive_device_sum_ms":9.519916726,"child_observer_wall_ms":0.000000000,"count_scope":"inclusive","owner_commits":0,"projection_invocations":1}
RISE_FIRE_OWNER_PROFILE_V1 {"scope":88,"parent":87,"phase":"Project","stage":2,"raw_iteration":2,"iteration_kind":"picard","wall_ms":13.623000000,"device_sum_ms":9.562583407,"wall_minus_device_ms":4.060416593,"exclusive_wall_ms":1.145833000,"exclusive_device_sum_ms":0.042666681,"child_observer_wall_ms":0.007000000,"count_scope":"inclusive","owner_commits":2,"projection_invocations":1}
RISE_FIRE_OWNER_PROFILE_V1 {"scope":90,"parent":87,"phase":"ReadOpenClass","stage":2,"raw_iteration":2,"iteration_kind":"picard","wall_ms":0.154375000,"device_sum_ms":0.002458226,"wall_minus_device_ms":0.151916774,"exclusive_wall_ms":0.154375000,"exclusive_device_sum_ms":0.002458226,"child_observer_wall_ms":0.000000000,"count_scope":"inclusive","owner_commits":1,"projection_invocations":0}
RISE_FIRE_OWNER_PROFILE_V1 {"scope":91,"parent":87,"phase":"ReadOpenClass","stage":2,"raw_iteration":2,"iteration_kind":"picard","wall_ms":0.149083000,"device_sum_ms":0.002375105,"wall_minus_device_ms":0.146707895,"exclusive_wall_ms":0.149083000,"exclusive_device_sum_ms":0.002375105,"child_observer_wall_ms":0.000000000,"count_scope":"inclusive","owner_commits":1,"projection_invocations":0}
PRODUCER_COMMAND_V1 stage=2 raw_iteration=2 cpu_begin=1965383526674708 cpu_end=1965384325811083 gpu_begin=1965383526674708 gpu_end=1965384325811083 device_ms=718.42245827428997 encoders=35 interval_scope=possibly_overlapping
PRODUCER_KERNEL_V1 stage=2 raw_iteration=2 ordinal=0 kernel=owner_pack_faces threads=1533387 begin_tick=1965383607272666 end_tick=1965383607326541 ms_per_tick=9.9999999999999995e-07 device_ms=0.053874999999999999
PRODUCER_KERNEL_V1 stage=2 raw_iteration=2 ordinal=1 kernel=owner_pack_faces threads=1533387 begin_tick=1965383607325916 end_tick=1965383607763208 ms_per_tick=9.9999999999999995e-07 device_ms=0.43729199999999996
PRODUCER_KERNEL_V1 stage=2 raw_iteration=2 ordinal=2 kernel=owner_pack_faces threads=1533387 begin_tick=1965383607270958 end_tick=1965383607325916 ms_per_tick=9.9999999999999995e-07 device_ms=0.054958
PRODUCER_KERNEL_V1 stage=2 raw_iteration=2 ordinal=3 kernel=fct_extract_gas_density threads=504666 begin_tick=1965383607763208 end_tick=1965383607788500 ms_per_tick=9.9999999999999995e-07 device_ms=0.025291999999999999
PRODUCER_KERNEL_V1 stage=2 raw_iteration=2 ordinal=4 kernel=owner_gas_source threads=504666 begin_tick=1965383607788541 end_tick=1965383607830583 ms_per_tick=9.9999999999999995e-07 device_ms=0.042041999999999996
PRODUCER_KERNEL_V1 stage=2 raw_iteration=2 ordinal=5 kernel=evaluate_resident_transport threads=504666 begin_tick=1965383607327000 end_tick=1965383607815791 ms_per_tick=9.9999999999999995e-07 device_ms=0.48879099999999998
PRODUCER_KERNEL_V1 stage=2 raw_iteration=2 ordinal=6 kernel=identify_resident_transport threads=1 begin_tick=1965383607817375 end_tick=1965383607830375 ms_per_tick=9.9999999999999995e-07 device_ms=0.012999999999999999
PRODUCER_KERNEL_V1 stage=2 raw_iteration=2 ordinal=7 kernel=owner_bind_transport threads=1 begin_tick=1965383607830833 end_tick=1965383607834750 ms_per_tick=9.9999999999999995e-07 device_ms=0.0039169999999999995
PRODUCER_KERNEL_V1 stage=2 raw_iteration=2 ordinal=8 kernel=identify_resident_owner_endpoint_class threads=1 begin_tick=1965383607835166 end_tick=1965383607838458 ms_per_tick=9.9999999999999995e-07 device_ms=0.0032919999999999998
PRODUCER_KERNEL_V1 stage=2 raw_iteration=2 ordinal=9 kernel=evaluate_resident_physical_flux threads=1533387 begin_tick=1965383608920416 end_tick=1965383610035625 ms_per_tick=9.9999999999999995e-07 device_ms=1.1152089999999999
PRODUCER_KERNEL_V1 stage=2 raw_iteration=2 ordinal=10 kernel=evaluate_resident_advective_pair threads=13800483 begin_tick=1965383610497208 end_tick=1965383617578625 ms_per_tick=9.9999999999999995e-07 device_ms=7.0814170000000001
PRODUCER_KERNEL_V1 stage=2 raw_iteration=2 ordinal=11 kernel=finalize_resident_advective_high threads=13800483 begin_tick=1965383617579291 end_tick=1965383617999750 ms_per_tick=9.9999999999999995e-07 device_ms=0.42045899999999997
PRODUCER_KERNEL_V1 stage=2 raw_iteration=2 ordinal=12 kernel=compose_resident_flux_pair threads=13800483 begin_tick=1965383618000166 end_tick=1965383618886333 ms_per_tick=9.9999999999999995e-07 device_ms=0.88616699999999993
PRODUCER_KERNEL_V1 stage=2 raw_iteration=2 ordinal=13 kernel=validate_resident_physical_flux threads=13800483 begin_tick=1965383618887000 end_tick=1965383619716958 ms_per_tick=9.9999999999999995e-07 device_ms=0.82995799999999997
PRODUCER_KERNEL_V1 stage=2 raw_iteration=2 ordinal=14 kernel=identify_resident_physical_flux threads=32 begin_tick=1965383619717583 end_tick=1965383619720958 ms_per_tick=9.9999999999999995e-07 device_ms=0.003375
PRODUCER_KERNEL_V1 stage=2 raw_iteration=2 ordinal=15 kernel=owner_bind_candidate threads=1 begin_tick=1965383619721333 end_tick=1965383619725166 ms_per_tick=9.9999999999999995e-07 device_ms=0.003833
PRODUCER_KERNEL_V1 stage=2 raw_iteration=2 ordinal=16 kernel=finalize_resident_eos_candidate threads=1 begin_tick=1965383619725541 end_tick=1965383619727833 ms_per_tick=9.9999999999999995e-07 device_ms=0.0022919999999999998
PRODUCER_KERNEL_V1 stage=2 raw_iteration=2 ordinal=17 kernel=evaluate_resident_eos_candidate threads=504666 begin_tick=1965383619728458 end_tick=1965384211238125 ms_per_tick=9.9999999999999995e-07 device_ms=591.50966699999992
PRODUCER_KERNEL_V1 stage=2 raw_iteration=2 ordinal=18 kernel=finalize_resident_eos_candidate threads=1 begin_tick=1965384211254250 end_tick=1965384211257083 ms_per_tick=9.9999999999999995e-07 device_ms=0.002833
PRODUCER_KERNEL_V1 stage=2 raw_iteration=2 ordinal=19 kernel=identify_resident_eos threads=1 begin_tick=1965384211257541 end_tick=1965384211260041 ms_per_tick=9.9999999999999995e-07 device_ms=0.0025000000000000001
PRODUCER_KERNEL_V1 stage=2 raw_iteration=2 ordinal=20 kernel=produce_resident_frozen_source threads=504666 begin_tick=1965384211260458 end_tick=1965384211290083 ms_per_tick=9.9999999999999995e-07 device_ms=0.029624999999999999
PRODUCER_KERNEL_V1 stage=2 raw_iteration=2 ordinal=21 kernel=identify_resident_frozen_source threads=1 begin_tick=1965384211290750 end_tick=1965384211293375 ms_per_tick=9.9999999999999995e-07 device_ms=0.0026249999999999997
PRODUCER_KERNEL_V1 stage=2 raw_iteration=2 ordinal=22 kernel=evaluate_resident_target_terms threads=504666 begin_tick=1965384211293791 end_tick=1965384324575666 ms_per_tick=9.9999999999999995e-07 device_ms=113.281875
PRODUCER_KERNEL_V1 stage=2 raw_iteration=2 ordinal=23 kernel=finalize_resident_target threads=1 begin_tick=1965384324591875 end_tick=1965384324595166 ms_per_tick=9.9999999999999995e-07 device_ms=0.0032909999999999997
PRODUCER_KERNEL_V1 stage=2 raw_iteration=2 ordinal=24 kernel=identify_resident_target threads=1 begin_tick=1965384324595500 end_tick=1965384324601333 ms_per_tick=9.9999999999999995e-07 device_ms=0.0058329999999999996
PRODUCER_KERNEL_V1 stage=2 raw_iteration=2 ordinal=25 kernel=issue_resident_projection_consumer threads=1 begin_tick=1965384324601916 end_tick=1965384324605833 ms_per_tick=9.9999999999999995e-07 device_ms=0.0039169999999999995
PRODUCER_KERNEL_V1 stage=2 raw_iteration=2 ordinal=26 kernel=consume_resident_target threads=1 begin_tick=1965384324606250 end_tick=1965384324610500 ms_per_tick=9.9999999999999995e-07 device_ms=0.0042499999999999994
PRODUCER_KERNEL_V1 stage=2 raw_iteration=2 ordinal=27 kernel=owner_compose_target threads=504666 begin_tick=1965384324611041 end_tick=1965384324640833 ms_per_tick=9.9999999999999995e-07 device_ms=0.029791999999999999
PRODUCER_KERNEL_V1 stage=2 raw_iteration=2 ordinal=28 kernel=finalize_resident_target threads=1 begin_tick=1965384324641166 end_tick=1965384324643666 ms_per_tick=9.9999999999999995e-07 device_ms=0.0025000000000000001
PRODUCER_KERNEL_V1 stage=2 raw_iteration=2 ordinal=29 kernel=owner_identify_target threads=1 begin_tick=1965384324644208 end_tick=1965384324649458 ms_per_tick=9.9999999999999995e-07 device_ms=0.0052499999999999995
PRODUCER_KERNEL_V1 stage=2 raw_iteration=2 ordinal=30 kernel=issue_resident_projection_consumer threads=1 begin_tick=1965384324649875 end_tick=1965384324652750 ms_per_tick=9.9999999999999995e-07 device_ms=0.002875
PRODUCER_KERNEL_V1 stage=2 raw_iteration=2 ordinal=31 kernel=consume_resident_target threads=1 begin_tick=1965384324653291 end_tick=1965384324656583 ms_per_tick=9.9999999999999995e-07 device_ms=0.0032919999999999998
PRODUCER_KERNEL_V1 stage=2 raw_iteration=2 ordinal=32 kernel=owner_issue_stage_seal threads=1 begin_tick=1965384324656958 end_tick=1965384324660083 ms_per_tick=9.9999999999999995e-07 device_ms=0.0031249999999999997
PRODUCER_KERNEL_V1 stage=2 raw_iteration=2 ordinal=33 kernel=fct_compatible_stage_rate threads=1533387 begin_tick=1965384324660500 end_tick=1965384325594041 ms_per_tick=9.9999999999999995e-07 device_ms=0.93354099999999995
PRODUCER_KERNEL_V1 stage=2 raw_iteration=2 ordinal=34 kernel=owner_heun_momentum threads=1533387 begin_tick=1965384325594791 end_tick=1965384325687625 ms_per_tick=9.9999999999999995e-07 device_ms=0.092834
RISE_FIRE_OWNER_PROFILE_V1 {"scope":92,"parent":87,"phase":"BuildStageProducerGroup","stage":2,"raw_iteration":2,"iteration_kind":"picard","wall_ms":799.284167000,"device_sum_ms":718.422458274,"wall_minus_device_ms":80.861708726,"exclusive_wall_ms":799.284167000,"exclusive_device_sum_ms":718.422458274,"child_observer_wall_ms":0.000000000,"count_scope":"inclusive","owner_commits":1,"projection_invocations":0}
RISE_FIRE_OWNER_PROFILE_V1 {"scope":93,"parent":87,"phase":"Residual","stage":2,"raw_iteration":2,"iteration_kind":"picard","wall_ms":0.327875000,"device_sum_ms":0.114249997,"wall_minus_device_ms":0.213625003,"exclusive_wall_ms":0.327875000,"exclusive_device_sum_ms":0.114249997,"child_observer_wall_ms":0.000000000,"count_scope":"inclusive","owner_commits":1,"projection_invocations":0}
RISE_FIRE_OWNER_PROFILE_V1 {"scope":96,"parent":95,"phase":"ProjectionAdapter","stage":2,"raw_iteration":2147483650,"iteration_kind":"terminal","wall_ms":12.329625000,"device_sum_ms":9.431374958,"wall_minus_device_ms":2.898250042,"exclusive_wall_ms":12.329625000,"exclusive_device_sum_ms":9.431374958,"child_observer_wall_ms":0.000000000,"count_scope":"inclusive","owner_commits":0,"projection_invocations":1}
RISE_FIRE_OWNER_PROFILE_V1 {"scope":95,"parent":94,"phase":"Project","stage":2,"raw_iteration":2147483650,"iteration_kind":"terminal","wall_ms":12.831208000,"device_sum_ms":9.468875127,"wall_minus_device_ms":3.362332873,"exclusive_wall_ms":0.494583000,"exclusive_device_sum_ms":0.037500169,"child_observer_wall_ms":0.007000000,"count_scope":"inclusive","owner_commits":2,"projection_invocations":1}
RISE_FIRE_OWNER_PROFILE_V1 {"scope":97,"parent":94,"phase":"ReadOpenClass","stage":2,"raw_iteration":2147483650,"iteration_kind":"terminal","wall_ms":0.159958000,"device_sum_ms":0.002291519,"wall_minus_device_ms":0.157666481,"exclusive_wall_ms":0.159958000,"exclusive_device_sum_ms":0.002291519,"child_observer_wall_ms":0.000000000,"count_scope":"inclusive","owner_commits":1,"projection_invocations":0}
RISE_FIRE_OWNER_PROFILE_V1 {"scope":98,"parent":94,"phase":"ReadOpenClass","stage":2,"raw_iteration":2147483650,"iteration_kind":"terminal","wall_ms":0.151292000,"device_sum_ms":0.002499903,"wall_minus_device_ms":0.148792097,"exclusive_wall_ms":0.151292000,"exclusive_device_sum_ms":0.002499903,"child_observer_wall_ms":0.000000000,"count_scope":"inclusive","owner_commits":1,"projection_invocations":0}
PRODUCER_COMMAND_V1 stage=2 raw_iteration=2147483650 cpu_begin=1965384339460916 cpu_end=1965385099446958 gpu_begin=1965384339460916 gpu_end=1965385099446958 device_ms=678.5160000436008 encoders=35 interval_scope=possibly_overlapping
PRODUCER_KERNEL_V1 stage=2 raw_iteration=2147483650 ordinal=0 kernel=owner_pack_faces threads=1533387 begin_tick=1965384420826125 end_tick=1965384420880208 ms_per_tick=9.9999999999999995e-07 device_ms=0.054082999999999999
PRODUCER_KERNEL_V1 stage=2 raw_iteration=2147483650 ordinal=1 kernel=owner_pack_faces threads=1533387 begin_tick=1965384420879958 end_tick=1965384421314791 ms_per_tick=9.9999999999999995e-07 device_ms=0.43483299999999997
PRODUCER_KERNEL_V1 stage=2 raw_iteration=2147483650 ordinal=2 kernel=owner_pack_faces threads=1533387 begin_tick=1965384420824166 end_tick=1965384420879958 ms_per_tick=9.9999999999999995e-07 device_ms=0.055791999999999994
PRODUCER_KERNEL_V1 stage=2 raw_iteration=2147483650 ordinal=3 kernel=fct_extract_gas_density threads=504666 begin_tick=1965384421314791 end_tick=1965384421339916 ms_per_tick=9.9999999999999995e-07 device_ms=0.025124999999999998
PRODUCER_KERNEL_V1 stage=2 raw_iteration=2147483650 ordinal=4 kernel=owner_gas_source threads=504666 begin_tick=1965384421339916 end_tick=1965384421382625 ms_per_tick=9.9999999999999995e-07 device_ms=0.042708999999999997
PRODUCER_KERNEL_V1 stage=2 raw_iteration=2147483650 ordinal=5 kernel=evaluate_resident_transport threads=504666 begin_tick=1965384420880666 end_tick=1965384421387458 ms_per_tick=9.9999999999999995e-07 device_ms=0.50679200000000002
PRODUCER_KERNEL_V1 stage=2 raw_iteration=2147483650 ordinal=6 kernel=identify_resident_transport threads=1 begin_tick=1965384421387958 end_tick=1965384421390875 ms_per_tick=9.9999999999999995e-07 device_ms=0.0029169999999999999
PRODUCER_KERNEL_V1 stage=2 raw_iteration=2147483650 ordinal=7 kernel=owner_bind_transport threads=1 begin_tick=1965384421391416 end_tick=1965384421394791 ms_per_tick=9.9999999999999995e-07 device_ms=0.003375
PRODUCER_KERNEL_V1 stage=2 raw_iteration=2147483650 ordinal=8 kernel=identify_resident_owner_endpoint_class threads=1 begin_tick=1965384421395208 end_tick=1965384421398791 ms_per_tick=9.9999999999999995e-07 device_ms=0.0035829999999999998
PRODUCER_KERNEL_V1 stage=2 raw_iteration=2147483650 ordinal=9 kernel=evaluate_resident_physical_flux threads=1533387 begin_tick=1965384422387250 end_tick=1965384423504750 ms_per_tick=9.9999999999999995e-07 device_ms=1.1174999999999999
PRODUCER_KERNEL_V1 stage=2 raw_iteration=2147483650 ordinal=10 kernel=evaluate_resident_advective_pair threads=13800483 begin_tick=1965384423902583 end_tick=1965384431402500 ms_per_tick=9.9999999999999995e-07 device_ms=7.4999169999999999
PRODUCER_KERNEL_V1 stage=2 raw_iteration=2147483650 ordinal=11 kernel=finalize_resident_advective_high threads=13800483 begin_tick=1965384431442875 end_tick=1965384431899666 ms_per_tick=9.9999999999999995e-07 device_ms=0.456791
PRODUCER_KERNEL_V1 stage=2 raw_iteration=2147483650 ordinal=12 kernel=compose_resident_flux_pair threads=13800483 begin_tick=1965384431900041 end_tick=1965384432785000 ms_per_tick=9.9999999999999995e-07 device_ms=0.88495899999999994
PRODUCER_KERNEL_V1 stage=2 raw_iteration=2147483650 ordinal=13 kernel=validate_resident_physical_flux threads=13800483 begin_tick=1965384432785583 end_tick=1965384433671833 ms_per_tick=9.9999999999999995e-07 device_ms=0.88624999999999998
PRODUCER_KERNEL_V1 stage=2 raw_iteration=2147483650 ordinal=14 kernel=identify_resident_physical_flux threads=32 begin_tick=1965384433672458 end_tick=1965384433678208 ms_per_tick=9.9999999999999995e-07 device_ms=0.0057499999999999999
PRODUCER_KERNEL_V1 stage=2 raw_iteration=2147483650 ordinal=15 kernel=owner_bind_candidate threads=1 begin_tick=1965384433678708 end_tick=1965384433682291 ms_per_tick=9.9999999999999995e-07 device_ms=0.0035829999999999998
PRODUCER_KERNEL_V1 stage=2 raw_iteration=2147483650 ordinal=16 kernel=finalize_resident_eos_candidate threads=1 begin_tick=1965384433682708 end_tick=1965384433685125 ms_per_tick=9.9999999999999995e-07 device_ms=0.0024169999999999999
PRODUCER_KERNEL_V1 stage=2 raw_iteration=2147483650 ordinal=17 kernel=evaluate_resident_eos_candidate threads=504666 begin_tick=1965384433685875 end_tick=1965384984917708 ms_per_tick=9.9999999999999995e-07 device_ms=551.23183299999994
PRODUCER_KERNEL_V1 stage=2 raw_iteration=2147483650 ordinal=18 kernel=finalize_resident_eos_candidate threads=1 begin_tick=1965384984933333 end_tick=1965384984935916 ms_per_tick=9.9999999999999995e-07 device_ms=0.0025829999999999998
PRODUCER_KERNEL_V1 stage=2 raw_iteration=2147483650 ordinal=19 kernel=identify_resident_eos threads=1 begin_tick=1965384984936416 end_tick=1965384984939083 ms_per_tick=9.9999999999999995e-07 device_ms=0.0026669999999999997
PRODUCER_KERNEL_V1 stage=2 raw_iteration=2147483650 ordinal=20 kernel=produce_resident_frozen_source threads=504666 begin_tick=1965384984939583 end_tick=1965384984970375 ms_per_tick=9.9999999999999995e-07 device_ms=0.030792
PRODUCER_KERNEL_V1 stage=2 raw_iteration=2147483650 ordinal=21 kernel=identify_resident_frozen_source threads=1 begin_tick=1965384984970833 end_tick=1965384984973583 ms_per_tick=9.9999999999999995e-07 device_ms=0.0027499999999999998
PRODUCER_KERNEL_V1 stage=2 raw_iteration=2147483650 ordinal=22 kernel=evaluate_resident_target_terms threads=504666 begin_tick=1965384984974000 end_tick=1965385098643000 ms_per_tick=9.9999999999999995e-07 device_ms=113.669
PRODUCER_KERNEL_V1 stage=2 raw_iteration=2147483650 ordinal=23 kernel=finalize_resident_target threads=1 begin_tick=1965385098657416 end_tick=1965385098660541 ms_per_tick=9.9999999999999995e-07 device_ms=0.0031249999999999997
PRODUCER_KERNEL_V1 stage=2 raw_iteration=2147483650 ordinal=24 kernel=identify_resident_target threads=1 begin_tick=1965385098660958 end_tick=1965385098663916 ms_per_tick=9.9999999999999995e-07 device_ms=0.0029579999999999997
PRODUCER_KERNEL_V1 stage=2 raw_iteration=2147483650 ordinal=25 kernel=issue_resident_projection_consumer threads=1 begin_tick=1965385098664458 end_tick=1965385098668375 ms_per_tick=9.9999999999999995e-07 device_ms=0.0039169999999999995
PRODUCER_KERNEL_V1 stage=2 raw_iteration=2147483650 ordinal=26 kernel=consume_resident_target threads=1 begin_tick=1965385098668791 end_tick=1965385098672958 ms_per_tick=9.9999999999999995e-07 device_ms=0.0041669999999999997
PRODUCER_KERNEL_V1 stage=2 raw_iteration=2147483650 ordinal=27 kernel=owner_compose_target threads=504666 begin_tick=1965385098673541 end_tick=1965385098703375 ms_per_tick=9.9999999999999995e-07 device_ms=0.029833999999999999
PRODUCER_KERNEL_V1 stage=2 raw_iteration=2147483650 ordinal=28 kernel=finalize_resident_target threads=1 begin_tick=1965385098703791 end_tick=1965385098706291 ms_per_tick=9.9999999999999995e-07 device_ms=0.0025000000000000001
PRODUCER_KERNEL_V1 stage=2 raw_iteration=2147483650 ordinal=29 kernel=owner_identify_target threads=1 begin_tick=1965385098706833 end_tick=1965385098709708 ms_per_tick=9.9999999999999995e-07 device_ms=0.002875
PRODUCER_KERNEL_V1 stage=2 raw_iteration=2147483650 ordinal=30 kernel=issue_resident_projection_consumer threads=1 begin_tick=1965385098710125 end_tick=1965385098713333 ms_per_tick=9.9999999999999995e-07 device_ms=0.0032079999999999999
PRODUCER_KERNEL_V1 stage=2 raw_iteration=2147483650 ordinal=31 kernel=consume_resident_target threads=1 begin_tick=1965385098713916 end_tick=1965385098717000 ms_per_tick=9.9999999999999995e-07 device_ms=0.0030839999999999999
PRODUCER_KERNEL_V1 stage=2 raw_iteration=2147483650 ordinal=32 kernel=owner_issue_stage_seal threads=1 begin_tick=1965385098717416 end_tick=1965385098720416 ms_per_tick=9.9999999999999995e-07 device_ms=0.0030000000000000001
PRODUCER_KERNEL_V1 stage=2 raw_iteration=2147483650 ordinal=33 kernel=fct_compatible_stage_rate threads=1533387 begin_tick=1965385098720875 end_tick=1965385099239041 ms_per_tick=9.9999999999999995e-07 device_ms=0.51816600000000002
PRODUCER_KERNEL_V1 stage=2 raw_iteration=2147483650 ordinal=34 kernel=owner_heun_momentum threads=1533387 begin_tick=1965385099239583 end_tick=1965385099334625 ms_per_tick=9.9999999999999995e-07 device_ms=0.095042000000000001
RISE_FIRE_OWNER_PROFILE_V1 {"scope":99,"parent":94,"phase":"BuildStageProducerGroup","stage":2,"raw_iteration":2147483650,"iteration_kind":"terminal","wall_ms":760.146250000,"device_sum_ms":678.516000044,"wall_minus_device_ms":81.630249956,"exclusive_wall_ms":760.146250000,"exclusive_device_sum_ms":678.516000044,"child_observer_wall_ms":0.000000000,"count_scope":"inclusive","owner_commits":1,"projection_invocations":0}
RISE_FIRE_OWNER_PROFILE_V1 {"scope":100,"parent":94,"phase":"Residual","stage":2,"raw_iteration":2147483650,"iteration_kind":"terminal","wall_ms":0.320334000,"device_sum_ms":0.112125184,"wall_minus_device_ms":0.208208816,"exclusive_wall_ms":0.320334000,"exclusive_device_sum_ms":0.112125184,"child_observer_wall_ms":0.000000000,"count_scope":"inclusive","owner_commits":1,"projection_invocations":0}
RISE_FIRE_OWNER_PROFILE_V1 {"scope":94,"parent":87,"phase":"TerminalVerification","stage":2,"raw_iteration":2147483650,"iteration_kind":"terminal","wall_ms":773.644250000,"device_sum_ms":688.101791777,"wall_minus_device_ms":85.542458223,"exclusive_wall_ms":0.003666000,"exclusive_device_sum_ms":0.000000000,"child_observer_wall_ms":0.031542000,"count_scope":"inclusive","owner_commits":6,"projection_invocations":1}
RISE_FIRE_OWNER_PROFILE_V1 {"scope":87,"parent":69,"phase":"PicardIteration","stage":2,"raw_iteration":2,"iteration_kind":"picard","wall_ms":1588.080167000,"device_sum_ms":1416.205916787,"wall_minus_device_ms":171.874250213,"exclusive_wall_ms":0.866125000,"exclusive_device_sum_ms":0.000000000,"child_observer_wall_ms":0.031292000,"count_scope":"inclusive","owner_commits":12,"projection_invocations":2}
RISE_FIRE_OWNER_PROFILE_V1 {"scope":69,"parent":1,"phase":"SolveStage","stage":2,"raw_iteration":4294967295,"iteration_kind":"bootstrap","wall_ms":3911.187375000,"device_sum_ms":3479.614583310,"wall_minus_device_ms":431.572791690,"exclusive_wall_ms":2.976291000,"exclusive_device_sum_ms":0.000000000,"child_observer_wall_ms":0.024000000,"count_scope":"inclusive","owner_commits":27,"projection_invocations":5}
RISE_FIRE_OWNER_PROFILE_V1 {"scope":101,"parent":1,"phase":"TerminalPublication","stage":4294967295,"raw_iteration":4294967295,"iteration_kind":"owner","wall_ms":14.134458000,"device_sum_ms":6.793166744,"wall_minus_device_ms":7.341291256,"exclusive_wall_ms":14.134458000,"exclusive_device_sum_ms":6.793166744,"child_observer_wall_ms":0.000000000,"count_scope":"inclusive","owner_commits":1,"projection_invocations":0}
RISE_FIRE_OWNER_PROFILE_V1 {"scope":1,"parent":0,"phase":"OwnerRun","stage":4294967295,"raw_iteration":4294967295,"iteration_kind":"owner","wall_ms":11841.269625000,"device_sum_ms":10441.616581986,"wall_minus_device_ms":1399.653043014,"exclusive_wall_ms":7.597125000,"exclusive_device_sum_ms":0.017458340,"child_observer_wall_ms":0.081208000,"count_scope":"inclusive","owner_commits":86,"projection_invocations":15}
capstone accepted step=2 time=0.00329253194 dt=0.00164626597 Tmax=305.218193 qmax=0 eos_max=4.70601489e-05 approach_eos_max=4.70601489e-05 limiter_class=continuous limiter_discrepancy=0 active_set_class=continuous active_set_discrepancy=0 active_set_cycle=0 active_set_faces=0
capstone step-start=2 speed=0.154281661 gprime=0.178086095 nu=0.000104673754 selected=0.00181089257 previous=0.00164626597
capstone event-step=0.00164626597 pilot_ceiling=0.0115509308 ramp_end=0.209320803
RISE_FIRE_OWNER_PROFILE_V1 {"scope":2,"parent":1,"phase":"Prepare","stage":4294967295,"raw_iteration":4294967295,"iteration_kind":"owner","wall_ms":92.684791000,"device_sum_ms":1.742749941,"wall_minus_device_ms":90.942041059,"exclusive_wall_ms":92.684791000,"exclusive_device_sum_ms":1.742749941,"child_observer_wall_ms":0.000000000,"count_scope":"inclusive","owner_commits":1,"projection_invocations":0}
RISE_FIRE_OWNER_PROFILE_V1 {"scope":5,"parent":4,"phase":"ProjectionAdapter","stage":0,"raw_iteration":4294967295,"iteration_kind":"bootstrap","wall_ms":13.068584000,"device_sum_ms":9.616458323,"wall_minus_device_ms":3.452125677,"exclusive_wall_ms":13.068584000,"exclusive_device_sum_ms":9.616458323,"child_observer_wall_ms":0.000000000,"count_scope":"inclusive","owner_commits":0,"projection_invocations":1}
RISE_FIRE_OWNER_PROFILE_V1 {"scope":4,"parent":3,"phase":"Project","stage":0,"raw_iteration":4294967295,"iteration_kind":"bootstrap","wall_ms":14.028333000,"device_sum_ms":9.660999989,"wall_minus_device_ms":4.367333011,"exclusive_wall_ms":0.941333000,"exclusive_device_sum_ms":0.044541666,"child_observer_wall_ms":0.018416000,"count_scope":"inclusive","owner_commits":2,"projection_invocations":1}
PRODUCER_COMMAND_V1 stage=0 raw_iteration=4294967295 cpu_begin=1965386324776166 cpu_end=1965387089441750 gpu_begin=1965386324776166 gpu_end=1965387089441750 device_ms=682.46341682970524 encoders=38 interval_scope=possibly_overlapping
PRODUCER_KERNEL_V1 stage=0 raw_iteration=4294967295 ordinal=0 kernel=owner_pack_faces threads=1533387 begin_tick=1965386406845541 end_tick=1965386406902625 ms_per_tick=9.9999999999999995e-07 device_ms=0.057083999999999996
PRODUCER_KERNEL_V1 stage=0 raw_iteration=4294967295 ordinal=1 kernel=owner_pack_faces threads=1533387 begin_tick=1965386406902333 end_tick=1965386407164583 ms_per_tick=9.9999999999999995e-07 device_ms=0.26224999999999998
PRODUCER_KERNEL_V1 stage=0 raw_iteration=4294967295 ordinal=2 kernel=owner_pack_faces threads=1533387 begin_tick=1965386406842875 end_tick=1965386406902333 ms_per_tick=9.9999999999999995e-07 device_ms=0.059457999999999997
PRODUCER_KERNEL_V1 stage=0 raw_iteration=4294967295 ordinal=3 kernel=fct_extract_gas_density threads=504666 begin_tick=1965386406903125 end_tick=1965386406951541 ms_per_tick=9.9999999999999995e-07 device_ms=0.048416000000000001
PRODUCER_KERNEL_V1 stage=0 raw_iteration=4294967295 ordinal=4 kernel=owner_gas_source threads=504666 begin_tick=1965386407164916 end_tick=1965386407416541 ms_per_tick=9.9999999999999995e-07 device_ms=0.25162499999999999
PRODUCER_KERNEL_V1 stage=0 raw_iteration=4294967295 ordinal=5 kernel=evaluate_resident_transport threads=504666 begin_tick=1965386406958500 end_tick=1965386407430708 ms_per_tick=9.9999999999999995e-07 device_ms=0.47220799999999996
PRODUCER_KERNEL_V1 stage=0 raw_iteration=4294967295 ordinal=6 kernel=identify_resident_transport threads=1 begin_tick=1965386407431125 end_tick=1965386407434166 ms_per_tick=9.9999999999999995e-07 device_ms=0.0030409999999999999
PRODUCER_KERNEL_V1 stage=0 raw_iteration=4294967295 ordinal=7 kernel=owner_bind_transport threads=1 begin_tick=1965386407434750 end_tick=1965386407438166 ms_per_tick=9.9999999999999995e-07 device_ms=0.0034159999999999998
PRODUCER_KERNEL_V1 stage=0 raw_iteration=4294967295 ordinal=8 kernel=identify_resident_owner_endpoint_class threads=1 begin_tick=1965386407438583 end_tick=1965386407442000 ms_per_tick=9.9999999999999995e-07 device_ms=0.0034169999999999999
PRODUCER_KERNEL_V1 stage=0 raw_iteration=4294967295 ordinal=9 kernel=evaluate_resident_physical_flux threads=1533387 begin_tick=1965386408517791 end_tick=1965386409709291 ms_per_tick=9.9999999999999995e-07 device_ms=1.1915
PRODUCER_KERNEL_V1 stage=0 raw_iteration=4294967295 ordinal=10 kernel=evaluate_resident_advective_pair threads=13800483 begin_tick=1965386410079125 end_tick=1965386417463083 ms_per_tick=9.9999999999999995e-07 device_ms=7.3839579999999998
PRODUCER_KERNEL_V1 stage=0 raw_iteration=4294967295 ordinal=11 kernel=finalize_resident_advective_high threads=13800483 begin_tick=1965386417463791 end_tick=1965386417884208 ms_per_tick=9.9999999999999995e-07 device_ms=0.42041699999999999
PRODUCER_KERNEL_V1 stage=0 raw_iteration=4294967295 ordinal=12 kernel=compose_resident_flux_pair threads=13800483 begin_tick=1965386417884583 end_tick=1965386418769416 ms_per_tick=9.9999999999999995e-07 device_ms=0.88483299999999998
PRODUCER_KERNEL_V1 stage=0 raw_iteration=4294967295 ordinal=13 kernel=validate_resident_physical_flux threads=13800483 begin_tick=1965386418770250 end_tick=1965386419739333 ms_per_tick=9.9999999999999995e-07 device_ms=0.96908299999999992
PRODUCER_KERNEL_V1 stage=0 raw_iteration=4294967295 ordinal=14 kernel=identify_resident_physical_flux threads=32 begin_tick=1965386419740083 end_tick=1965386419743458 ms_per_tick=9.9999999999999995e-07 device_ms=0.003375
PRODUCER_KERNEL_V1 stage=0 raw_iteration=4294967295 ordinal=15 kernel=fct_build_ratios threads=5551326 begin_tick=1965386419743958 end_tick=1965386423352208 ms_per_tick=9.9999999999999995e-07 device_ms=3.60825
PRODUCER_KERNEL_V1 stage=0 raw_iteration=4294967295 ordinal=16 kernel=fct_build_face_alpha threads=1533387 begin_tick=1965386423352916 end_tick=1965386423640458 ms_per_tick=9.9999999999999995e-07 device_ms=0.28754199999999996
PRODUCER_KERNEL_V1 stage=0 raw_iteration=4294967295 ordinal=17 kernel=fct_commit_scalar threads=504666 begin_tick=1965386423641000 end_tick=1965386423833833 ms_per_tick=9.9999999999999995e-07 device_ms=0.192833
PRODUCER_KERNEL_V1 stage=0 raw_iteration=4294967295 ordinal=18 kernel=owner_bind_candidate threads=1 begin_tick=1965386423834250 end_tick=1965386423837916 ms_per_tick=9.9999999999999995e-07 device_ms=0.003666
PRODUCER_KERNEL_V1 stage=0 raw_iteration=4294967295 ordinal=19 kernel=finalize_resident_eos_candidate threads=1 begin_tick=1965386423838416 end_tick=1965386423841041 ms_per_tick=9.9999999999999995e-07 device_ms=0.0026249999999999997
PRODUCER_KERNEL_V1 stage=0 raw_iteration=4294967295 ordinal=20 kernel=evaluate_resident_eos_candidate threads=504666 begin_tick=1965386423841458 end_tick=1965386975317000 ms_per_tick=9.9999999999999995e-07 device_ms=551.47554200000002
PRODUCER_KERNEL_V1 stage=0 raw_iteration=4294967295 ordinal=21 kernel=finalize_resident_eos_candidate threads=1 begin_tick=1965386975334166 end_tick=1965386975336875 ms_per_tick=9.9999999999999995e-07 device_ms=0.002709
PRODUCER_KERNEL_V1 stage=0 raw_iteration=4294967295 ordinal=22 kernel=identify_resident_eos threads=1 begin_tick=1965386975337166 end_tick=1965386975339833 ms_per_tick=9.9999999999999995e-07 device_ms=0.0026669999999999997
PRODUCER_KERNEL_V1 stage=0 raw_iteration=4294967295 ordinal=23 kernel=produce_resident_frozen_source threads=504666 begin_tick=1965386975340291 end_tick=1965386975371000 ms_per_tick=9.9999999999999995e-07 device_ms=0.030709
PRODUCER_KERNEL_V1 stage=0 raw_iteration=4294967295 ordinal=24 kernel=identify_resident_frozen_source threads=1 begin_tick=1965386975371416 end_tick=1965386975373916 ms_per_tick=9.9999999999999995e-07 device_ms=0.0025000000000000001
PRODUCER_KERNEL_V1 stage=0 raw_iteration=4294967295 ordinal=25 kernel=evaluate_resident_target_terms threads=504666 begin_tick=1965386975374333 end_tick=1965387088666791 ms_per_tick=9.9999999999999995e-07 device_ms=113.292458
PRODUCER_KERNEL_V1 stage=0 raw_iteration=4294967295 ordinal=26 kernel=finalize_resident_target threads=1 begin_tick=1965387088680916 end_tick=1965387088684250 ms_per_tick=9.9999999999999995e-07 device_ms=0.0033339999999999997
PRODUCER_KERNEL_V1 stage=0 raw_iteration=4294967295 ordinal=27 kernel=identify_resident_target threads=1 begin_tick=1965387088684541 end_tick=1965387088687666 ms_per_tick=9.9999999999999995e-07 device_ms=0.0031249999999999997
PRODUCER_KERNEL_V1 stage=0 raw_iteration=4294967295 ordinal=28 kernel=issue_resident_projection_consumer threads=1 begin_tick=1965387088688083 end_tick=1965387088691833 ms_per_tick=9.9999999999999995e-07 device_ms=0.0037499999999999999
PRODUCER_KERNEL_V1 stage=0 raw_iteration=4294967295 ordinal=29 kernel=consume_resident_target threads=1 begin_tick=1965387088692250 end_tick=1965387088696708 ms_per_tick=9.9999999999999995e-07 device_ms=0.0044580000000000002
PRODUCER_KERNEL_V1 stage=0 raw_iteration=4294967295 ordinal=30 kernel=owner_compose_target threads=504666 begin_tick=1965387088697125 end_tick=1965387088726083 ms_per_tick=9.9999999999999995e-07 device_ms=0.028957999999999998
PRODUCER_KERNEL_V1 stage=0 raw_iteration=4294967295 ordinal=31 kernel=finalize_resident_target threads=1 begin_tick=1965387088726375 end_tick=1965387088728958 ms_per_tick=9.9999999999999995e-07 device_ms=0.0025829999999999998
PRODUCER_KERNEL_V1 stage=0 raw_iteration=4294967295 ordinal=32 kernel=owner_identify_target threads=1 begin_tick=1965387088729250 end_tick=1965387088732416 ms_per_tick=9.9999999999999995e-07 device_ms=0.003166
PRODUCER_KERNEL_V1 stage=0 raw_iteration=4294967295 ordinal=33 kernel=issue_resident_projection_consumer threads=1 begin_tick=1965387088732750 end_tick=1965387088735875 ms_per_tick=9.9999999999999995e-07 device_ms=0.0031249999999999997
PRODUCER_KERNEL_V1 stage=0 raw_iteration=4294967295 ordinal=34 kernel=consume_resident_target threads=1 begin_tick=1965387088736250 end_tick=1965387088739291 ms_per_tick=9.9999999999999995e-07 device_ms=0.0030409999999999999
PRODUCER_KERNEL_V1 stage=0 raw_iteration=4294967295 ordinal=35 kernel=owner_issue_stage_seal threads=1 begin_tick=1965387088739583 end_tick=1965387088747875 ms_per_tick=9.9999999999999995e-07 device_ms=0.008291999999999999
PRODUCER_KERNEL_V1 stage=0 raw_iteration=4294967295 ordinal=36 kernel=fct_compatible_stage_rate threads=1533387 begin_tick=1965387088748416 end_tick=1965387089248416 ms_per_tick=9.9999999999999995e-07 device_ms=0.5
PRODUCER_KERNEL_V1 stage=0 raw_iteration=4294967295 ordinal=37 kernel=owner_predict_momentum threads=1533387 begin_tick=1965387089248916 end_tick=1965387089300833 ms_per_tick=9.9999999999999995e-07 device_ms=0.051916999999999998
RISE_FIRE_OWNER_PROFILE_V1 {"scope":6,"parent":3,"phase":"BuildStageProducerGroup","stage":0,"raw_iteration":4294967295,"iteration_kind":"bootstrap","wall_ms":764.835292000,"device_sum_ms":682.463416830,"wall_minus_device_ms":82.371875170,"exclusive_wall_ms":764.835292000,"exclusive_device_sum_ms":682.463416830,"child_observer_wall_ms":0.000000000,"count_scope":"inclusive","owner_commits":1,"projection_invocations":0}
RISE_FIRE_OWNER_PROFILE_V1 {"scope":9,"parent":8,"phase":"ProjectionAdapter","stage":0,"raw_iteration":0,"iteration_kind":"picard","wall_ms":12.073417000,"device_sum_ms":9.198833257,"wall_minus_device_ms":2.874583743,"exclusive_wall_ms":12.073417000,"exclusive_device_sum_ms":9.198833257,"child_observer_wall_ms":0.000000000,"count_scope":"inclusive","owner_commits":0,"projection_invocations":1}
RISE_FIRE_OWNER_PROFILE_V1 {"scope":8,"parent":7,"phase":"Project","stage":0,"raw_iteration":0,"iteration_kind":"picard","wall_ms":12.722500000,"device_sum_ms":9.240791667,"wall_minus_device_ms":3.481708333,"exclusive_wall_ms":0.641958000,"exclusive_device_sum_ms":0.041958410,"child_observer_wall_ms":0.007125000,"count_scope":"inclusive","owner_commits":2,"projection_invocations":1}
RISE_FIRE_OWNER_PROFILE_V1 {"scope":10,"parent":7,"phase":"ReadOpenClass","stage":0,"raw_iteration":0,"iteration_kind":"picard","wall_ms":0.175959000,"device_sum_ms":0.002500135,"wall_minus_device_ms":0.173458865,"exclusive_wall_ms":0.175959000,"exclusive_device_sum_ms":0.002500135,"child_observer_wall_ms":0.000000000,"count_scope":"inclusive","owner_commits":1,"projection_invocations":0}
RISE_FIRE_OWNER_PROFILE_V1 {"scope":11,"parent":7,"phase":"ReadOpenClass","stage":0,"raw_iteration":0,"iteration_kind":"picard","wall_ms":0.152167000,"device_sum_ms":0.002333196,"wall_minus_device_ms":0.149833804,"exclusive_wall_ms":0.152167000,"exclusive_device_sum_ms":0.002333196,"child_observer_wall_ms":0.000000000,"count_scope":"inclusive","owner_commits":1,"projection_invocations":0}
PRODUCER_COMMAND_V1 stage=0 raw_iteration=0 cpu_begin=1965387102693791 cpu_end=1965387866814166 gpu_begin=1965387102693791 gpu_end=1965387866814166 device_ms=683.33658343181014 encoders=38 interval_scope=possibly_overlapping
PRODUCER_KERNEL_V1 stage=0 raw_iteration=0 ordinal=0 kernel=owner_pack_faces threads=1533387 begin_tick=1965387183317958 end_tick=1965387183373166 ms_per_tick=9.9999999999999995e-07 device_ms=0.055208
PRODUCER_KERNEL_V1 stage=0 raw_iteration=0 ordinal=1 kernel=owner_pack_faces threads=1533387 begin_tick=1965387183372916 end_tick=1965387183811291 ms_per_tick=9.9999999999999995e-07 device_ms=0.43837499999999996
PRODUCER_KERNEL_V1 stage=0 raw_iteration=0 ordinal=2 kernel=owner_pack_faces threads=1533387 begin_tick=1965387183316708 end_tick=1965387183372916 ms_per_tick=9.9999999999999995e-07 device_ms=0.056207999999999994
PRODUCER_KERNEL_V1 stage=0 raw_iteration=0 ordinal=3 kernel=fct_extract_gas_density threads=504666 begin_tick=1965387183811291 end_tick=1965387183836375 ms_per_tick=9.9999999999999995e-07 device_ms=0.025083999999999999
PRODUCER_KERNEL_V1 stage=0 raw_iteration=0 ordinal=4 kernel=owner_gas_source threads=504666 begin_tick=1965387183836375 end_tick=1965387183878291 ms_per_tick=9.9999999999999995e-07 device_ms=0.041915999999999995
PRODUCER_KERNEL_V1 stage=0 raw_iteration=0 ordinal=5 kernel=evaluate_resident_transport threads=504666 begin_tick=1965387183373583 end_tick=1965387183888833 ms_per_tick=9.9999999999999995e-07 device_ms=0.51524999999999999
PRODUCER_KERNEL_V1 stage=0 raw_iteration=0 ordinal=6 kernel=identify_resident_transport threads=1 begin_tick=1965387183889291 end_tick=1965387183892166 ms_per_tick=9.9999999999999995e-07 device_ms=0.002875
PRODUCER_KERNEL_V1 stage=0 raw_iteration=0 ordinal=7 kernel=owner_bind_transport threads=1 begin_tick=1965387183892625 end_tick=1965387183896000 ms_per_tick=9.9999999999999995e-07 device_ms=0.003375
PRODUCER_KERNEL_V1 stage=0 raw_iteration=0 ordinal=8 kernel=identify_resident_owner_endpoint_class threads=1 begin_tick=1965387183896416 end_tick=1965387183899875 ms_per_tick=9.9999999999999995e-07 device_ms=0.0034589999999999998
PRODUCER_KERNEL_V1 stage=0 raw_iteration=0 ordinal=9 kernel=evaluate_resident_physical_flux threads=1533387 begin_tick=1965387184885458 end_tick=1965387186000041 ms_per_tick=9.9999999999999995e-07 device_ms=1.1145829999999999
PRODUCER_KERNEL_V1 stage=0 raw_iteration=0 ordinal=10 kernel=evaluate_resident_advective_pair threads=13800483 begin_tick=1965387186464125 end_tick=1965387193955625 ms_per_tick=9.9999999999999995e-07 device_ms=7.4914999999999994
PRODUCER_KERNEL_V1 stage=0 raw_iteration=0 ordinal=11 kernel=finalize_resident_advective_high threads=13800483 begin_tick=1965387193956375 end_tick=1965387194376375 ms_per_tick=9.9999999999999995e-07 device_ms=0.41999999999999998
PRODUCER_KERNEL_V1 stage=0 raw_iteration=0 ordinal=12 kernel=compose_resident_flux_pair threads=13800483 begin_tick=1965387194376750 end_tick=1965387195267916 ms_per_tick=9.9999999999999995e-07 device_ms=0.89116600000000001
PRODUCER_KERNEL_V1 stage=0 raw_iteration=0 ordinal=13 kernel=validate_resident_physical_flux threads=13800483 begin_tick=1965387195268625 end_tick=1965387196266500 ms_per_tick=9.9999999999999995e-07 device_ms=0.99787499999999996
PRODUCER_KERNEL_V1 stage=0 raw_iteration=0 ordinal=14 kernel=identify_resident_physical_flux threads=32 begin_tick=1965387196267041 end_tick=1965387196270208 ms_per_tick=9.9999999999999995e-07 device_ms=0.0031669999999999997
PRODUCER_KERNEL_V1 stage=0 raw_iteration=0 ordinal=15 kernel=fct_build_ratios threads=5551326 begin_tick=1965387196270791 end_tick=1965387199894250 ms_per_tick=9.9999999999999995e-07 device_ms=3.623459
PRODUCER_KERNEL_V1 stage=0 raw_iteration=0 ordinal=16 kernel=fct_build_face_alpha threads=1533387 begin_tick=1965387199895000 end_tick=1965387200163625 ms_per_tick=9.9999999999999995e-07 device_ms=0.268625
PRODUCER_KERNEL_V1 stage=0 raw_iteration=0 ordinal=17 kernel=fct_commit_scalar threads=504666 begin_tick=1965387200164166 end_tick=1965387200356833 ms_per_tick=9.9999999999999995e-07 device_ms=0.192667
PRODUCER_KERNEL_V1 stage=0 raw_iteration=0 ordinal=18 kernel=owner_bind_candidate threads=1 begin_tick=1965387200357375 end_tick=1965387200361458 ms_per_tick=9.9999999999999995e-07 device_ms=0.0040829999999999998
PRODUCER_KERNEL_V1 stage=0 raw_iteration=0 ordinal=19 kernel=finalize_resident_eos_candidate threads=1 begin_tick=1965387200361916 end_tick=1965387200364541 ms_per_tick=9.9999999999999995e-07 device_ms=0.0026249999999999997
PRODUCER_KERNEL_V1 stage=0 raw_iteration=0 ordinal=20 kernel=evaluate_resident_eos_candidate threads=504666 begin_tick=1965387200365000 end_tick=1965387752210708 ms_per_tick=9.9999999999999995e-07 device_ms=551.84570799999995
PRODUCER_KERNEL_V1 stage=0 raw_iteration=0 ordinal=21 kernel=finalize_resident_eos_candidate threads=1 begin_tick=1965387752225958 end_tick=1965387752228541 ms_per_tick=9.9999999999999995e-07 device_ms=0.0025829999999999998
PRODUCER_KERNEL_V1 stage=0 raw_iteration=0 ordinal=22 kernel=identify_resident_eos threads=1 begin_tick=1965387752228833 end_tick=1965387752231500 ms_per_tick=9.9999999999999995e-07 device_ms=0.0026669999999999997
PRODUCER_KERNEL_V1 stage=0 raw_iteration=0 ordinal=23 kernel=produce_resident_frozen_source threads=504666 begin_tick=1965387752231958 end_tick=1965387752261208 ms_per_tick=9.9999999999999995e-07 device_ms=0.029249999999999998
PRODUCER_KERNEL_V1 stage=0 raw_iteration=0 ordinal=24 kernel=identify_resident_frozen_source threads=1 begin_tick=1965387752261625 end_tick=1965387752264416 ms_per_tick=9.9999999999999995e-07 device_ms=0.0027910000000000001
PRODUCER_KERNEL_V1 stage=0 raw_iteration=0 ordinal=25 kernel=evaluate_resident_target_terms threads=504666 begin_tick=1965387752264791 end_tick=1965387865965208 ms_per_tick=9.9999999999999995e-07 device_ms=113.700417
PRODUCER_KERNEL_V1 stage=0 raw_iteration=0 ordinal=26 kernel=finalize_resident_target threads=1 begin_tick=1965387865980750 end_tick=1965387865983791 ms_per_tick=9.9999999999999995e-07 device_ms=0.0030409999999999999
PRODUCER_KERNEL_V1 stage=0 raw_iteration=0 ordinal=27 kernel=identify_resident_target threads=1 begin_tick=1965387865984083 end_tick=1965387865987000 ms_per_tick=9.9999999999999995e-07 device_ms=0.0029169999999999999
PRODUCER_KERNEL_V1 stage=0 raw_iteration=0 ordinal=28 kernel=issue_resident_projection_consumer threads=1 begin_tick=1965387865987416 end_tick=1965387865991541 ms_per_tick=9.9999999999999995e-07 device_ms=0.0041250000000000002
PRODUCER_KERNEL_V1 stage=0 raw_iteration=0 ordinal=29 kernel=consume_resident_target threads=1 begin_tick=1965387865991833 end_tick=1965387865995958 ms_per_tick=9.9999999999999995e-07 device_ms=0.0041250000000000002
PRODUCER_KERNEL_V1 stage=0 raw_iteration=0 ordinal=30 kernel=owner_compose_target threads=504666 begin_tick=1965387865996333 end_tick=1965387866075500 ms_per_tick=9.9999999999999995e-07 device_ms=0.079167000000000001
PRODUCER_KERNEL_V1 stage=0 raw_iteration=0 ordinal=31 kernel=finalize_resident_target threads=1 begin_tick=1965387866075916 end_tick=1965387866078541 ms_per_tick=9.9999999999999995e-07 device_ms=0.0026249999999999997
PRODUCER_KERNEL_V1 stage=0 raw_iteration=0 ordinal=32 kernel=owner_identify_target threads=1 begin_tick=1965387866078916 end_tick=1965387866082166 ms_per_tick=9.9999999999999995e-07 device_ms=0.0032499999999999999
PRODUCER_KERNEL_V1 stage=0 raw_iteration=0 ordinal=33 kernel=issue_resident_projection_consumer threads=1 begin_tick=1965387866082458 end_tick=1965387866085458 ms_per_tick=9.9999999999999995e-07 device_ms=0.0030000000000000001
PRODUCER_KERNEL_V1 stage=0 raw_iteration=0 ordinal=34 kernel=consume_resident_target threads=1 begin_tick=1965387866085791 end_tick=1965387866088750 ms_per_tick=9.9999999999999995e-07 device_ms=0.0029589999999999998
PRODUCER_KERNEL_V1 stage=0 raw_iteration=0 ordinal=35 kernel=owner_issue_stage_seal threads=1 begin_tick=1965387866089000 end_tick=1965387866091791 ms_per_tick=9.9999999999999995e-07 device_ms=0.0027910000000000001
PRODUCER_KERNEL_V1 stage=0 raw_iteration=0 ordinal=36 kernel=fct_compatible_stage_rate threads=1533387 begin_tick=1965387866092416 end_tick=1965387866597958 ms_per_tick=9.9999999999999995e-07 device_ms=0.50554199999999994
PRODUCER_KERNEL_V1 stage=0 raw_iteration=0 ordinal=37 kernel=owner_predict_momentum threads=1533387 begin_tick=1965387866598375 end_tick=1965387866647291 ms_per_tick=9.9999999999999995e-07 device_ms=0.048916000000000001
RISE_FIRE_OWNER_PROFILE_V1 {"scope":12,"parent":7,"phase":"BuildStageProducerGroup","stage":0,"raw_iteration":0,"iteration_kind":"picard","wall_ms":764.299292000,"device_sum_ms":683.336583432,"wall_minus_device_ms":80.962708568,"exclusive_wall_ms":764.299292000,"exclusive_device_sum_ms":683.336583432,"child_observer_wall_ms":0.000000000,"count_scope":"inclusive","owner_commits":1,"projection_invocations":0}
RISE_FIRE_OWNER_PROFILE_V1 {"scope":13,"parent":7,"phase":"Residual","stage":0,"raw_iteration":0,"iteration_kind":"picard","wall_ms":0.298083000,"device_sum_ms":0.022375025,"wall_minus_device_ms":0.275707975,"exclusive_wall_ms":0.298083000,"exclusive_device_sum_ms":0.022375025,"child_observer_wall_ms":0.000000000,"count_scope":"inclusive","owner_commits":1,"projection_invocations":0}
RISE_FIRE_OWNER_PROFILE_V1 {"scope":7,"parent":3,"phase":"PicardIteration","stage":0,"raw_iteration":0,"iteration_kind":"picard","wall_ms":778.515250000,"device_sum_ms":692.604583455,"wall_minus_device_ms":85.910666545,"exclusive_wall_ms":0.825125000,"exclusive_device_sum_ms":0.000000000,"child_observer_wall_ms":0.042124000,"count_scope":"inclusive","owner_commits":6,"projection_invocations":1}
RISE_FIRE_OWNER_PROFILE_V1 {"scope":16,"parent":15,"phase":"ProjectionAdapter","stage":0,"raw_iteration":1,"iteration_kind":"picard","wall_ms":11.870375000,"device_sum_ms":9.033249691,"wall_minus_device_ms":2.837125309,"exclusive_wall_ms":11.870375000,"exclusive_device_sum_ms":9.033249691,"child_observer_wall_ms":0.000000000,"count_scope":"inclusive","owner_commits":0,"projection_invocations":1}
RISE_FIRE_OWNER_PROFILE_V1 {"scope":15,"parent":14,"phase":"Project","stage":0,"raw_iteration":1,"iteration_kind":"picard","wall_ms":13.136667000,"device_sum_ms":9.077124530,"wall_minus_device_ms":4.059542470,"exclusive_wall_ms":1.257876000,"exclusive_device_sum_ms":0.043874839,"child_observer_wall_ms":0.008416000,"count_scope":"inclusive","owner_commits":2,"projection_invocations":1}
RISE_FIRE_OWNER_PROFILE_V1 {"scope":17,"parent":14,"phase":"ReadOpenClass","stage":0,"raw_iteration":1,"iteration_kind":"picard","wall_ms":0.278000000,"device_sum_ms":0.002500135,"wall_minus_device_ms":0.275499865,"exclusive_wall_ms":0.278000000,"exclusive_device_sum_ms":0.002500135,"child_observer_wall_ms":0.000000000,"count_scope":"inclusive","owner_commits":1,"projection_invocations":0}
RISE_FIRE_OWNER_PROFILE_V1 {"scope":18,"parent":14,"phase":"ReadOpenClass","stage":0,"raw_iteration":1,"iteration_kind":"picard","wall_ms":0.158500000,"device_sum_ms":0.002374873,"wall_minus_device_ms":0.156125127,"exclusive_wall_ms":0.158500000,"exclusive_device_sum_ms":0.002374873,"child_observer_wall_ms":0.000000000,"count_scope":"inclusive","owner_commits":1,"projection_invocations":0}
PRODUCER_COMMAND_V1 stage=0 raw_iteration=1 cpu_begin=1965387881732333 cpu_end=1965388654443375 gpu_begin=1965387881732333 gpu_end=1965388654443375 device_ms=691.22495828196406 encoders=38 interval_scope=possibly_overlapping
PRODUCER_KERNEL_V1 stage=0 raw_iteration=1 ordinal=0 kernel=owner_pack_faces threads=1533387 begin_tick=1965387963087416 end_tick=1965387963142625 ms_per_tick=9.9999999999999995e-07 device_ms=0.055208999999999994
PRODUCER_KERNEL_V1 stage=0 raw_iteration=1 ordinal=1 kernel=owner_pack_faces threads=1533387 begin_tick=1965387963142416 end_tick=1965387963223750 ms_per_tick=9.9999999999999995e-07 device_ms=0.08133399999999999
PRODUCER_KERNEL_V1 stage=0 raw_iteration=1 ordinal=2 kernel=owner_pack_faces threads=1533387 begin_tick=1965387963085250 end_tick=1965387963142375 ms_per_tick=9.9999999999999995e-07 device_ms=0.057124999999999995
PRODUCER_KERNEL_V1 stage=0 raw_iteration=1 ordinal=3 kernel=fct_extract_gas_density threads=504666 begin_tick=1965387963143041 end_tick=1965387963197416 ms_per_tick=9.9999999999999995e-07 device_ms=0.054375
PRODUCER_KERNEL_V1 stage=0 raw_iteration=1 ordinal=4 kernel=owner_gas_source threads=504666 begin_tick=1965387963224041 end_tick=1965387963572291 ms_per_tick=9.9999999999999995e-07 device_ms=0.34825
PRODUCER_KERNEL_V1 stage=0 raw_iteration=1 ordinal=5 kernel=evaluate_resident_transport threads=504666 begin_tick=1965387963223875 end_tick=1965387963676625 ms_per_tick=9.9999999999999995e-07 device_ms=0.45274999999999999
PRODUCER_KERNEL_V1 stage=0 raw_iteration=1 ordinal=6 kernel=identify_resident_transport threads=1 begin_tick=1965387963677000 end_tick=1965387963679958 ms_per_tick=9.9999999999999995e-07 device_ms=0.0029579999999999997
PRODUCER_KERNEL_V1 stage=0 raw_iteration=1 ordinal=7 kernel=owner_bind_transport threads=1 begin_tick=1965387963680500 end_tick=1965387963684041 ms_per_tick=9.9999999999999995e-07 device_ms=0.0035409999999999999
PRODUCER_KERNEL_V1 stage=0 raw_iteration=1 ordinal=8 kernel=identify_resident_owner_endpoint_class threads=1 begin_tick=1965387963684833 end_tick=1965387963688250 ms_per_tick=9.9999999999999995e-07 device_ms=0.0034169999999999999
PRODUCER_KERNEL_V1 stage=0 raw_iteration=1 ordinal=9 kernel=evaluate_resident_physical_flux threads=1533387 begin_tick=1965387964753000 end_tick=1965387965871666 ms_per_tick=9.9999999999999995e-07 device_ms=1.1186659999999999
PRODUCER_KERNEL_V1 stage=0 raw_iteration=1 ordinal=10 kernel=evaluate_resident_advective_pair threads=13800483 begin_tick=1965387966255791 end_tick=1965387973327125 ms_per_tick=9.9999999999999995e-07 device_ms=7.0713339999999993
PRODUCER_KERNEL_V1 stage=0 raw_iteration=1 ordinal=11 kernel=finalize_resident_advective_high threads=13800483 begin_tick=1965387973327833 end_tick=1965387973747083 ms_per_tick=9.9999999999999995e-07 device_ms=0.41924999999999996
PRODUCER_KERNEL_V1 stage=0 raw_iteration=1 ordinal=12 kernel=compose_resident_flux_pair threads=13800483 begin_tick=1965387973747458 end_tick=1965387974634166 ms_per_tick=9.9999999999999995e-07 device_ms=0.88670799999999994
PRODUCER_KERNEL_V1 stage=0 raw_iteration=1 ordinal=13 kernel=validate_resident_physical_flux threads=13800483 begin_tick=1965387974634916 end_tick=1965387975621166 ms_per_tick=9.9999999999999995e-07 device_ms=0.98624999999999996
PRODUCER_KERNEL_V1 stage=0 raw_iteration=1 ordinal=14 kernel=identify_resident_physical_flux threads=32 begin_tick=1965387975621833 end_tick=1965387975625291 ms_per_tick=9.9999999999999995e-07 device_ms=0.0034579999999999997
PRODUCER_KERNEL_V1 stage=0 raw_iteration=1 ordinal=15 kernel=fct_build_ratios threads=5551326 begin_tick=1965387975625833 end_tick=1965387979228041 ms_per_tick=9.9999999999999995e-07 device_ms=3.6022079999999996
PRODUCER_KERNEL_V1 stage=0 raw_iteration=1 ordinal=16 kernel=fct_build_face_alpha threads=1533387 begin_tick=1965387979228791 end_tick=1965387979497666 ms_per_tick=9.9999999999999995e-07 device_ms=0.26887499999999998
PRODUCER_KERNEL_V1 stage=0 raw_iteration=1 ordinal=17 kernel=fct_commit_scalar threads=504666 begin_tick=1965387979498208 end_tick=1965387979687833 ms_per_tick=9.9999999999999995e-07 device_ms=0.18962499999999999
PRODUCER_KERNEL_V1 stage=0 raw_iteration=1 ordinal=18 kernel=owner_bind_candidate threads=1 begin_tick=1965387979688375 end_tick=1965387979692500 ms_per_tick=9.9999999999999995e-07 device_ms=0.0041250000000000002
PRODUCER_KERNEL_V1 stage=0 raw_iteration=1 ordinal=19 kernel=finalize_resident_eos_candidate threads=1 begin_tick=1965387979692958 end_tick=1965387979695458 ms_per_tick=9.9999999999999995e-07 device_ms=0.0025000000000000001
PRODUCER_KERNEL_V1 stage=0 raw_iteration=1 ordinal=20 kernel=evaluate_resident_eos_candidate threads=504666 begin_tick=1965387979695958 end_tick=1965388540329291 ms_per_tick=9.9999999999999995e-07 device_ms=560.63333299999999
PRODUCER_KERNEL_V1 stage=0 raw_iteration=1 ordinal=21 kernel=finalize_resident_eos_candidate threads=1 begin_tick=1965388540345583 end_tick=1965388540348166 ms_per_tick=9.9999999999999995e-07 device_ms=0.0025829999999999998
PRODUCER_KERNEL_V1 stage=0 raw_iteration=1 ordinal=22 kernel=identify_resident_eos threads=1 begin_tick=1965388540348500 end_tick=1965388540351166 ms_per_tick=9.9999999999999995e-07 device_ms=0.002666
PRODUCER_KERNEL_V1 stage=0 raw_iteration=1 ordinal=23 kernel=produce_resident_frozen_source threads=504666 begin_tick=1965388540351458 end_tick=1965388540381541 ms_per_tick=9.9999999999999995e-07 device_ms=0.030082999999999999
PRODUCER_KERNEL_V1 stage=0 raw_iteration=1 ordinal=24 kernel=identify_resident_frozen_source threads=1 begin_tick=1965388540381916 end_tick=1965388540386458 ms_per_tick=9.9999999999999995e-07 device_ms=0.004542
PRODUCER_KERNEL_V1 stage=0 raw_iteration=1 ordinal=25 kernel=evaluate_resident_target_terms threads=504666 begin_tick=1965388540386875 end_tick=1965388653621041 ms_per_tick=9.9999999999999995e-07 device_ms=113.234166
PRODUCER_KERNEL_V1 stage=0 raw_iteration=1 ordinal=26 kernel=finalize_resident_target threads=1 begin_tick=1965388653635958 end_tick=1965388653642458 ms_per_tick=9.9999999999999995e-07 device_ms=0.0064999999999999997
PRODUCER_KERNEL_V1 stage=0 raw_iteration=1 ordinal=27 kernel=identify_resident_target threads=1 begin_tick=1965388653642875 end_tick=1965388653645791 ms_per_tick=9.9999999999999995e-07 device_ms=0.0029159999999999998
PRODUCER_KERNEL_V1 stage=0 raw_iteration=1 ordinal=28 kernel=issue_resident_projection_consumer threads=1 begin_tick=1965388653646208 end_tick=1965388653650625 ms_per_tick=9.9999999999999995e-07 device_ms=0.0044169999999999999
PRODUCER_KERNEL_V1 stage=0 raw_iteration=1 ordinal=29 kernel=consume_resident_target threads=1 begin_tick=1965388653651041 end_tick=1965388653656208 ms_per_tick=9.9999999999999995e-07 device_ms=0.0051669999999999997
PRODUCER_KERNEL_V1 stage=0 raw_iteration=1 ordinal=30 kernel=owner_compose_target threads=504666 begin_tick=1965388653656583 end_tick=1965388653736666 ms_per_tick=9.9999999999999995e-07 device_ms=0.080083000000000001
PRODUCER_KERNEL_V1 stage=0 raw_iteration=1 ordinal=31 kernel=finalize_resident_target threads=1 begin_tick=1965388653737000 end_tick=1965388653739416 ms_per_tick=9.9999999999999995e-07 device_ms=0.0024159999999999997
PRODUCER_KERNEL_V1 stage=0 raw_iteration=1 ordinal=32 kernel=owner_identify_target threads=1 begin_tick=1965388653739875 end_tick=1965388653746416 ms_per_tick=9.9999999999999995e-07 device_ms=0.0065409999999999999
PRODUCER_KERNEL_V1 stage=0 raw_iteration=1 ordinal=33 kernel=issue_resident_projection_consumer threads=1 begin_tick=1965388653746791 end_tick=1965388653749875 ms_per_tick=9.9999999999999995e-07 device_ms=0.0030839999999999999
PRODUCER_KERNEL_V1 stage=0 raw_iteration=1 ordinal=34 kernel=consume_resident_target threads=1 begin_tick=1965388653750166 end_tick=1965388653753416 ms_per_tick=9.9999999999999995e-07 device_ms=0.0032499999999999999
PRODUCER_KERNEL_V1 stage=0 raw_iteration=1 ordinal=35 kernel=owner_issue_stage_seal threads=1 begin_tick=1965388653753708 end_tick=1965388653756666 ms_per_tick=9.9999999999999995e-07 device_ms=0.0029579999999999997
PRODUCER_KERNEL_V1 stage=0 raw_iteration=1 ordinal=36 kernel=fct_compatible_stage_rate threads=1533387 begin_tick=1965388653757833 end_tick=1965388654255500 ms_per_tick=9.9999999999999995e-07 device_ms=0.49766699999999997
PRODUCER_KERNEL_V1 stage=0 raw_iteration=1 ordinal=37 kernel=owner_predict_momentum threads=1533387 begin_tick=1965388654255916 end_tick=1965388654304625 ms_per_tick=9.9999999999999995e-07 device_ms=0.048708999999999995
RISE_FIRE_OWNER_PROFILE_V1 {"scope":19,"parent":14,"phase":"BuildStageProducerGroup","stage":0,"raw_iteration":1,"iteration_kind":"picard","wall_ms":772.870333000,"device_sum_ms":691.224958282,"wall_minus_device_ms":81.645374718,"exclusive_wall_ms":772.870333000,"exclusive_device_sum_ms":691.224958282,"child_observer_wall_ms":0.000000000,"count_scope":"inclusive","owner_commits":1,"projection_invocations":0}
RISE_FIRE_OWNER_PROFILE_V1 {"scope":20,"parent":14,"phase":"Residual","stage":0,"raw_iteration":1,"iteration_kind":"picard","wall_ms":0.331834000,"device_sum_ms":0.114874914,"wall_minus_device_ms":0.216959086,"exclusive_wall_ms":0.331834000,"exclusive_device_sum_ms":0.114874914,"child_observer_wall_ms":0.000000000,"count_scope":"inclusive","owner_commits":1,"projection_invocations":0}
RISE_FIRE_OWNER_PROFILE_V1 {"scope":14,"parent":3,"phase":"PicardIteration","stage":0,"raw_iteration":1,"iteration_kind":"picard","wall_ms":787.522750000,"device_sum_ms":700.421832735,"wall_minus_device_ms":87.100917265,"exclusive_wall_ms":0.715541000,"exclusive_device_sum_ms":0.000000000,"child_observer_wall_ms":0.031875000,"count_scope":"inclusive","owner_commits":6,"projection_invocations":1}
RISE_FIRE_OWNER_PROFILE_V1 {"scope":23,"parent":22,"phase":"ProjectionAdapter","stage":0,"raw_iteration":2,"iteration_kind":"picard","wall_ms":11.882541000,"device_sum_ms":9.033750044,"wall_minus_device_ms":2.848790956,"exclusive_wall_ms":11.882541000,"exclusive_device_sum_ms":9.033750044,"child_observer_wall_ms":0.000000000,"count_scope":"inclusive","owner_commits":0,"projection_invocations":1}
RISE_FIRE_OWNER_PROFILE_V1 {"scope":22,"parent":21,"phase":"Project","stage":0,"raw_iteration":2,"iteration_kind":"picard","wall_ms":13.130875000,"device_sum_ms":9.076375049,"wall_minus_device_ms":4.054499951,"exclusive_wall_ms":1.231292000,"exclusive_device_sum_ms":0.042625004,"child_observer_wall_ms":0.017042000,"count_scope":"inclusive","owner_commits":2,"projection_invocations":1}
RISE_FIRE_OWNER_PROFILE_V1 {"scope":24,"parent":21,"phase":"ReadOpenClass","stage":0,"raw_iteration":2,"iteration_kind":"picard","wall_ms":0.163000000,"device_sum_ms":0.002375105,"wall_minus_device_ms":0.160624895,"exclusive_wall_ms":0.163000000,"exclusive_device_sum_ms":0.002375105,"child_observer_wall_ms":0.000000000,"count_scope":"inclusive","owner_commits":1,"projection_invocations":0}
RISE_FIRE_OWNER_PROFILE_V1 {"scope":25,"parent":21,"phase":"ReadOpenClass","stage":0,"raw_iteration":2,"iteration_kind":"picard","wall_ms":0.151750000,"device_sum_ms":0.002249843,"wall_minus_device_ms":0.149500157,"exclusive_wall_ms":0.151750000,"exclusive_device_sum_ms":0.002249843,"child_observer_wall_ms":0.000000000,"count_scope":"inclusive","owner_commits":1,"projection_invocations":0}
PRODUCER_COMMAND_V1 stage=0 raw_iteration=2 cpu_begin=1965388669121791 cpu_end=1965389435414000 gpu_begin=1965388669121791 gpu_end=1965389435414000 device_ms=685.62441668473184 encoders=38 interval_scope=possibly_overlapping
PRODUCER_KERNEL_V1 stage=0 raw_iteration=2 ordinal=0 kernel=owner_pack_faces threads=1533387 begin_tick=1965388749666083 end_tick=1965388749722333 ms_per_tick=9.9999999999999995e-07 device_ms=0.056249999999999994
PRODUCER_KERNEL_V1 stage=0 raw_iteration=2 ordinal=1 kernel=owner_pack_faces threads=1533387 begin_tick=1965388749722333 end_tick=1965388749989041 ms_per_tick=9.9999999999999995e-07 device_ms=0.266708
PRODUCER_KERNEL_V1 stage=0 raw_iteration=2 ordinal=2 kernel=owner_pack_faces threads=1533387 begin_tick=1965388749664666 end_tick=1965388749722541 ms_per_tick=9.9999999999999995e-07 device_ms=0.057874999999999996
PRODUCER_KERNEL_V1 stage=0 raw_iteration=2 ordinal=3 kernel=fct_extract_gas_density threads=504666 begin_tick=1965388749722833 end_tick=1965388749768875 ms_per_tick=9.9999999999999995e-07 device_ms=0.046042
PRODUCER_KERNEL_V1 stage=0 raw_iteration=2 ordinal=4 kernel=owner_gas_source threads=504666 begin_tick=1965388749989583 end_tick=1965388750223583 ms_per_tick=9.9999999999999995e-07 device_ms=0.23399999999999999
PRODUCER_KERNEL_V1 stage=0 raw_iteration=2 ordinal=5 kernel=evaluate_resident_transport threads=504666 begin_tick=1965388749777250 end_tick=1965388750233125 ms_per_tick=9.9999999999999995e-07 device_ms=0.45587499999999997
PRODUCER_KERNEL_V1 stage=0 raw_iteration=2 ordinal=6 kernel=identify_resident_transport threads=1 begin_tick=1965388750233541 end_tick=1965388750236458 ms_per_tick=9.9999999999999995e-07 device_ms=0.0029169999999999999
PRODUCER_KERNEL_V1 stage=0 raw_iteration=2 ordinal=7 kernel=owner_bind_transport threads=1 begin_tick=1965388750237000 end_tick=1965388750240916 ms_per_tick=9.9999999999999995e-07 device_ms=0.0039160000000000002
PRODUCER_KERNEL_V1 stage=0 raw_iteration=2 ordinal=8 kernel=identify_resident_owner_endpoint_class threads=1 begin_tick=1965388750241708 end_tick=1965388750245166 ms_per_tick=9.9999999999999995e-07 device_ms=0.0034579999999999997
PRODUCER_KERNEL_V1 stage=0 raw_iteration=2 ordinal=9 kernel=evaluate_resident_physical_flux threads=1533387 begin_tick=1965388751404125 end_tick=1965388752521625 ms_per_tick=9.9999999999999995e-07 device_ms=1.1174999999999999
PRODUCER_KERNEL_V1 stage=0 raw_iteration=2 ordinal=10 kernel=evaluate_resident_advective_pair threads=13800483 begin_tick=1965388752955000 end_tick=1965388760444625 ms_per_tick=9.9999999999999995e-07 device_ms=7.4896249999999993
PRODUCER_KERNEL_V1 stage=0 raw_iteration=2 ordinal=11 kernel=finalize_resident_advective_high threads=13800483 begin_tick=1965388760445416 end_tick=1965388760866375 ms_per_tick=9.9999999999999995e-07 device_ms=0.42095899999999997
PRODUCER_KERNEL_V1 stage=0 raw_iteration=2 ordinal=12 kernel=compose_resident_flux_pair threads=13800483 begin_tick=1965388760866750 end_tick=1965388761758666 ms_per_tick=9.9999999999999995e-07 device_ms=0.89191599999999993
PRODUCER_KERNEL_V1 stage=0 raw_iteration=2 ordinal=13 kernel=validate_resident_physical_flux threads=13800483 begin_tick=1965388761759375 end_tick=1965388762733958 ms_per_tick=9.9999999999999995e-07 device_ms=0.97458299999999998
PRODUCER_KERNEL_V1 stage=0 raw_iteration=2 ordinal=14 kernel=identify_resident_physical_flux threads=32 begin_tick=1965388762734458 end_tick=1965388762737750 ms_per_tick=9.9999999999999995e-07 device_ms=0.0032919999999999998
PRODUCER_KERNEL_V1 stage=0 raw_iteration=2 ordinal=15 kernel=fct_build_ratios threads=5551326 begin_tick=1965388762738291 end_tick=1965388766401541 ms_per_tick=9.9999999999999995e-07 device_ms=3.6632499999999997
PRODUCER_KERNEL_V1 stage=0 raw_iteration=2 ordinal=16 kernel=fct_build_face_alpha threads=1533387 begin_tick=1965388766402333 end_tick=1965388766671333 ms_per_tick=9.9999999999999995e-07 device_ms=0.26899999999999996
PRODUCER_KERNEL_V1 stage=0 raw_iteration=2 ordinal=17 kernel=fct_commit_scalar threads=504666 begin_tick=1965388766671875 end_tick=1965388766861000 ms_per_tick=9.9999999999999995e-07 device_ms=0.18912499999999999
PRODUCER_KERNEL_V1 stage=0 raw_iteration=2 ordinal=18 kernel=owner_bind_candidate threads=1 begin_tick=1965388766861541 end_tick=1965388766865416 ms_per_tick=9.9999999999999995e-07 device_ms=0.003875
PRODUCER_KERNEL_V1 stage=0 raw_iteration=2 ordinal=19 kernel=finalize_resident_eos_candidate threads=1 begin_tick=1965388766865916 end_tick=1965388766868750 ms_per_tick=9.9999999999999995e-07 device_ms=0.0028339999999999997
PRODUCER_KERNEL_V1 stage=0 raw_iteration=2 ordinal=20 kernel=evaluate_resident_eos_candidate threads=504666 begin_tick=1965388766869208 end_tick=1965389320870625 ms_per_tick=9.9999999999999995e-07 device_ms=554.00141699999995
PRODUCER_KERNEL_V1 stage=0 raw_iteration=2 ordinal=21 kernel=finalize_resident_eos_candidate threads=1 begin_tick=1965389320885833 end_tick=1965389320888375 ms_per_tick=9.9999999999999995e-07 device_ms=0.002542
PRODUCER_KERNEL_V1 stage=0 raw_iteration=2 ordinal=22 kernel=identify_resident_eos threads=1 begin_tick=1965389320888791 end_tick=1965389320891583 ms_per_tick=9.9999999999999995e-07 device_ms=0.0027919999999999998
PRODUCER_KERNEL_V1 stage=0 raw_iteration=2 ordinal=23 kernel=produce_resident_frozen_source threads=504666 begin_tick=1965389320891875 end_tick=1965389320921375 ms_per_tick=9.9999999999999995e-07 device_ms=0.029499999999999998
PRODUCER_KERNEL_V1 stage=0 raw_iteration=2 ordinal=24 kernel=identify_resident_frozen_source threads=1 begin_tick=1965389320921791 end_tick=1965389320924500 ms_per_tick=9.9999999999999995e-07 device_ms=0.002709
PRODUCER_KERNEL_V1 stage=0 raw_iteration=2 ordinal=25 kernel=evaluate_resident_target_terms threads=504666 begin_tick=1965389320924875 end_tick=1965389434600416 ms_per_tick=9.9999999999999995e-07 device_ms=113.675541
PRODUCER_KERNEL_V1 stage=0 raw_iteration=2 ordinal=26 kernel=finalize_resident_target threads=1 begin_tick=1965389434615625 end_tick=1965389434618750 ms_per_tick=9.9999999999999995e-07 device_ms=0.0031249999999999997
PRODUCER_KERNEL_V1 stage=0 raw_iteration=2 ordinal=27 kernel=identify_resident_target threads=1 begin_tick=1965389434619041 end_tick=1965389434621791 ms_per_tick=9.9999999999999995e-07 device_ms=0.0027499999999999998
PRODUCER_KERNEL_V1 stage=0 raw_iteration=2 ordinal=28 kernel=issue_resident_projection_consumer threads=1 begin_tick=1965389434622208 end_tick=1965389434626250 ms_per_tick=9.9999999999999995e-07 device_ms=0.0040419999999999996
PRODUCER_KERNEL_V1 stage=0 raw_iteration=2 ordinal=29 kernel=consume_resident_target threads=1 begin_tick=1965389434626666 end_tick=1965389434630875 ms_per_tick=9.9999999999999995e-07 device_ms=0.0042090000000000001
PRODUCER_KERNEL_V1 stage=0 raw_iteration=2 ordinal=30 kernel=owner_compose_target threads=504666 begin_tick=1965389434631333 end_tick=1965389434710625 ms_per_tick=9.9999999999999995e-07 device_ms=0.079292000000000001
PRODUCER_KERNEL_V1 stage=0 raw_iteration=2 ordinal=31 kernel=finalize_resident_target threads=1 begin_tick=1965389434710916 end_tick=1965389434713583 ms_per_tick=9.9999999999999995e-07 device_ms=0.0026669999999999997
PRODUCER_KERNEL_V1 stage=0 raw_iteration=2 ordinal=32 kernel=owner_identify_target threads=1 begin_tick=1965389434714000 end_tick=1965389434717166 ms_per_tick=9.9999999999999995e-07 device_ms=0.003166
PRODUCER_KERNEL_V1 stage=0 raw_iteration=2 ordinal=33 kernel=issue_resident_projection_consumer threads=1 begin_tick=1965389434717583 end_tick=1965389434720708 ms_per_tick=9.9999999999999995e-07 device_ms=0.0031249999999999997
PRODUCER_KERNEL_V1 stage=0 raw_iteration=2 ordinal=34 kernel=consume_resident_target threads=1 begin_tick=1965389434721125 end_tick=1965389434724333 ms_per_tick=9.9999999999999995e-07 device_ms=0.0032079999999999999
PRODUCER_KERNEL_V1 stage=0 raw_iteration=2 ordinal=35 kernel=owner_issue_stage_seal threads=1 begin_tick=1965389434724750 end_tick=1965389434727625 ms_per_tick=9.9999999999999995e-07 device_ms=0.002875
PRODUCER_KERNEL_V1 stage=0 raw_iteration=2 ordinal=36 kernel=fct_compatible_stage_rate threads=1533387 begin_tick=1965389434728250 end_tick=1965389435233083 ms_per_tick=9.9999999999999995e-07 device_ms=0.50483299999999998
PRODUCER_KERNEL_V1 stage=0 raw_iteration=2 ordinal=37 kernel=owner_predict_momentum threads=1533387 begin_tick=1965389435233583 end_tick=1965389435283250 ms_per_tick=9.9999999999999995e-07 device_ms=0.049666999999999996
RISE_FIRE_OWNER_PROFILE_V1 {"scope":26,"parent":21,"phase":"BuildStageProducerGroup","stage":0,"raw_iteration":2,"iteration_kind":"picard","wall_ms":766.438583000,"device_sum_ms":685.624416685,"wall_minus_device_ms":80.814166315,"exclusive_wall_ms":766.438583000,"exclusive_device_sum_ms":685.624416685,"child_observer_wall_ms":0.000000000,"count_scope":"inclusive","owner_commits":1,"projection_invocations":0}
RISE_FIRE_OWNER_PROFILE_V1 {"scope":27,"parent":21,"phase":"Residual","stage":0,"raw_iteration":2,"iteration_kind":"picard","wall_ms":0.344709000,"device_sum_ms":0.116250012,"wall_minus_device_ms":0.228458988,"exclusive_wall_ms":0.344709000,"exclusive_device_sum_ms":0.116250012,"child_observer_wall_ms":0.000000000,"count_scope":"inclusive","owner_commits":1,"projection_invocations":0}
RISE_FIRE_OWNER_PROFILE_V1 {"scope":30,"parent":29,"phase":"ProjectionAdapter","stage":0,"raw_iteration":2147483650,"iteration_kind":"terminal","wall_ms":11.888083000,"device_sum_ms":9.068666724,"wall_minus_device_ms":2.819416276,"exclusive_wall_ms":11.888083000,"exclusive_device_sum_ms":9.068666724,"child_observer_wall_ms":0.000000000,"count_scope":"inclusive","owner_commits":0,"projection_invocations":1}
RISE_FIRE_OWNER_PROFILE_V1 {"scope":29,"parent":28,"phase":"Project","stage":0,"raw_iteration":2147483650,"iteration_kind":"terminal","wall_ms":12.493875000,"device_sum_ms":9.106583428,"wall_minus_device_ms":3.387291572,"exclusive_wall_ms":0.598917000,"exclusive_device_sum_ms":0.037916703,"child_observer_wall_ms":0.006875000,"count_scope":"inclusive","owner_commits":2,"projection_invocations":1}
RISE_FIRE_OWNER_PROFILE_V1 {"scope":31,"parent":28,"phase":"ReadOpenClass","stage":0,"raw_iteration":2147483650,"iteration_kind":"terminal","wall_ms":0.167000000,"device_sum_ms":0.002500135,"wall_minus_device_ms":0.164499865,"exclusive_wall_ms":0.167000000,"exclusive_device_sum_ms":0.002500135,"child_observer_wall_ms":0.000000000,"count_scope":"inclusive","owner_commits":1,"projection_invocations":0}
RISE_FIRE_OWNER_PROFILE_V1 {"scope":32,"parent":28,"phase":"ReadOpenClass","stage":0,"raw_iteration":2147483650,"iteration_kind":"terminal","wall_ms":0.157125000,"device_sum_ms":0.002458226,"wall_minus_device_ms":0.154666774,"exclusive_wall_ms":0.157125000,"exclusive_device_sum_ms":0.002458226,"child_observer_wall_ms":0.000000000,"count_scope":"inclusive","owner_commits":1,"projection_invocations":0}
PRODUCER_COMMAND_V1 stage=0 raw_iteration=2147483650 cpu_begin=1965389448754708 cpu_end=1965390220840375 gpu_begin=1965389448754708 gpu_end=1965390220840375 device_ms=691.22062483802438 encoders=38 interval_scope=possibly_overlapping
PRODUCER_KERNEL_V1 stage=0 raw_iteration=2147483650 ordinal=0 kernel=owner_pack_faces threads=1533387 begin_tick=1965389529518083 end_tick=1965389529577750 ms_per_tick=9.9999999999999995e-07 device_ms=0.059666999999999998
PRODUCER_KERNEL_V1 stage=0 raw_iteration=2147483650 ordinal=1 kernel=owner_pack_faces threads=1533387 begin_tick=1965389529577583 end_tick=1965389529805125 ms_per_tick=9.9999999999999995e-07 device_ms=0.22754199999999999
PRODUCER_KERNEL_V1 stage=0 raw_iteration=2147483650 ordinal=2 kernel=owner_pack_faces threads=1533387 begin_tick=1965389529516041 end_tick=1965389529577583 ms_per_tick=9.9999999999999995e-07 device_ms=0.061541999999999999
PRODUCER_KERNEL_V1 stage=0 raw_iteration=2147483650 ordinal=3 kernel=fct_extract_gas_density threads=504666 begin_tick=1965389529578291 end_tick=1965389529629625 ms_per_tick=9.9999999999999995e-07 device_ms=0.051333999999999998
PRODUCER_KERNEL_V1 stage=0 raw_iteration=2147483650 ordinal=4 kernel=owner_gas_source threads=504666 begin_tick=1965389529805458 end_tick=1965389530071708 ms_per_tick=9.9999999999999995e-07 device_ms=0.26624999999999999
PRODUCER_KERNEL_V1 stage=0 raw_iteration=2147483650 ordinal=5 kernel=evaluate_resident_transport threads=504666 begin_tick=1965389529639041 end_tick=1965389530087750 ms_per_tick=9.9999999999999995e-07 device_ms=0.44870899999999997
PRODUCER_KERNEL_V1 stage=0 raw_iteration=2147483650 ordinal=6 kernel=identify_resident_transport threads=1 begin_tick=1965389530088166 end_tick=1965389530090708 ms_per_tick=9.9999999999999995e-07 device_ms=0.002542
PRODUCER_KERNEL_V1 stage=0 raw_iteration=2147483650 ordinal=7 kernel=owner_bind_transport threads=1 begin_tick=1965389530091291 end_tick=1965389530095000 ms_per_tick=9.9999999999999995e-07 device_ms=0.0037089999999999996
PRODUCER_KERNEL_V1 stage=0 raw_iteration=2147483650 ordinal=8 kernel=identify_resident_owner_endpoint_class threads=1 begin_tick=1965389530095375 end_tick=1965389530098791 ms_per_tick=9.9999999999999995e-07 device_ms=0.0034159999999999998
PRODUCER_KERNEL_V1 stage=0 raw_iteration=2147483650 ordinal=9 kernel=evaluate_resident_physical_flux threads=1533387 begin_tick=1965389531200916 end_tick=1965389532319500 ms_per_tick=9.9999999999999995e-07 device_ms=1.118584
PRODUCER_KERNEL_V1 stage=0 raw_iteration=2147483650 ordinal=10 kernel=evaluate_resident_advective_pair threads=13800483 begin_tick=1965389532750083 end_tick=1965389539822958 ms_per_tick=9.9999999999999995e-07 device_ms=7.0728749999999998
PRODUCER_KERNEL_V1 stage=0 raw_iteration=2147483650 ordinal=11 kernel=finalize_resident_advective_high threads=13800483 begin_tick=1965389539823583 end_tick=1965389540246458 ms_per_tick=9.9999999999999995e-07 device_ms=0.422875
PRODUCER_KERNEL_V1 stage=0 raw_iteration=2147483650 ordinal=12 kernel=compose_resident_flux_pair threads=13800483 begin_tick=1965389540246833 end_tick=1965389541135208 ms_per_tick=9.9999999999999995e-07 device_ms=0.88837499999999991
PRODUCER_KERNEL_V1 stage=0 raw_iteration=2147483650 ordinal=13 kernel=validate_resident_physical_flux threads=13800483 begin_tick=1965389541135708 end_tick=1965389542104250 ms_per_tick=9.9999999999999995e-07 device_ms=0.9685419999999999
PRODUCER_KERNEL_V1 stage=0 raw_iteration=2147483650 ordinal=14 kernel=identify_resident_physical_flux threads=32 begin_tick=1965389542105041 end_tick=1965389542108458 ms_per_tick=9.9999999999999995e-07 device_ms=0.0034169999999999999
PRODUCER_KERNEL_V1 stage=0 raw_iteration=2147483650 ordinal=15 kernel=fct_build_ratios threads=5551326 begin_tick=1965389542108916 end_tick=1965389545705000 ms_per_tick=9.9999999999999995e-07 device_ms=3.5960839999999998
PRODUCER_KERNEL_V1 stage=0 raw_iteration=2147483650 ordinal=16 kernel=fct_build_face_alpha threads=1533387 begin_tick=1965389545705625 end_tick=1965389545974416 ms_per_tick=9.9999999999999995e-07 device_ms=0.268791
PRODUCER_KERNEL_V1 stage=0 raw_iteration=2147483650 ordinal=17 kernel=fct_commit_scalar threads=504666 begin_tick=1965389545974958 end_tick=1965389546170916 ms_per_tick=9.9999999999999995e-07 device_ms=0.19595799999999999
PRODUCER_KERNEL_V1 stage=0 raw_iteration=2147483650 ordinal=18 kernel=owner_bind_candidate threads=1 begin_tick=1965389546171541 end_tick=1965389546175541 ms_per_tick=9.9999999999999995e-07 device_ms=0.0040000000000000001
PRODUCER_KERNEL_V1 stage=0 raw_iteration=2147483650 ordinal=19 kernel=finalize_resident_eos_candidate threads=1 begin_tick=1965389546176041 end_tick=1965389546178625 ms_per_tick=9.9999999999999995e-07 device_ms=0.0025839999999999999
PRODUCER_KERNEL_V1 stage=0 raw_iteration=2147483650 ordinal=20 kernel=evaluate_resident_eos_candidate threads=504666 begin_tick=1965389546179125 end_tick=1965390106779708 ms_per_tick=9.9999999999999995e-07 device_ms=560.60058300000003
PRODUCER_KERNEL_V1 stage=0 raw_iteration=2147483650 ordinal=21 kernel=finalize_resident_eos_candidate threads=1 begin_tick=1965390106795583 end_tick=1965390106798375 ms_per_tick=9.9999999999999995e-07 device_ms=0.0027919999999999998
PRODUCER_KERNEL_V1 stage=0 raw_iteration=2147483650 ordinal=22 kernel=identify_resident_eos threads=1 begin_tick=1965390106798666 end_tick=1965390106801208 ms_per_tick=9.9999999999999995e-07 device_ms=0.002542
PRODUCER_KERNEL_V1 stage=0 raw_iteration=2147483650 ordinal=23 kernel=produce_resident_frozen_source threads=504666 begin_tick=1965390106801500 end_tick=1965390106831000 ms_per_tick=9.9999999999999995e-07 device_ms=0.029499999999999998
PRODUCER_KERNEL_V1 stage=0 raw_iteration=2147483650 ordinal=24 kernel=identify_resident_frozen_source threads=1 begin_tick=1965390106831375 end_tick=1965390106833916 ms_per_tick=9.9999999999999995e-07 device_ms=0.0025409999999999999
PRODUCER_KERNEL_V1 stage=0 raw_iteration=2147483650 ordinal=25 kernel=evaluate_resident_target_terms threads=504666 begin_tick=1965390106834291 end_tick=1965390220051083 ms_per_tick=9.9999999999999995e-07 device_ms=113.216792
PRODUCER_KERNEL_V1 stage=0 raw_iteration=2147483650 ordinal=26 kernel=finalize_resident_target threads=1 begin_tick=1965390220067750 end_tick=1965390220070916 ms_per_tick=9.9999999999999995e-07 device_ms=0.003166
PRODUCER_KERNEL_V1 stage=0 raw_iteration=2147483650 ordinal=27 kernel=identify_resident_target threads=1 begin_tick=1965390220071250 end_tick=1965390220074125 ms_per_tick=9.9999999999999995e-07 device_ms=0.002875
PRODUCER_KERNEL_V1 stage=0 raw_iteration=2147483650 ordinal=28 kernel=issue_resident_projection_consumer threads=1 begin_tick=1965390220074541 end_tick=1965390220078833 ms_per_tick=9.9999999999999995e-07 device_ms=0.0042919999999999998
PRODUCER_KERNEL_V1 stage=0 raw_iteration=2147483650 ordinal=29 kernel=consume_resident_target threads=1 begin_tick=1965390220080166 end_tick=1965390220084666 ms_per_tick=9.9999999999999995e-07 device_ms=0.0044999999999999997
PRODUCER_KERNEL_V1 stage=0 raw_iteration=2147483650 ordinal=30 kernel=owner_compose_target threads=504666 begin_tick=1965390220085083 end_tick=1965390220164208 ms_per_tick=9.9999999999999995e-07 device_ms=0.079125000000000001
PRODUCER_KERNEL_V1 stage=0 raw_iteration=2147483650 ordinal=31 kernel=finalize_resident_target threads=1 begin_tick=1965390220164500 end_tick=1965390220167000 ms_per_tick=9.9999999999999995e-07 device_ms=0.0025000000000000001
PRODUCER_KERNEL_V1 stage=0 raw_iteration=2147483650 ordinal=32 kernel=owner_identify_target threads=1 begin_tick=1965390220167375 end_tick=1965390220170583 ms_per_tick=9.9999999999999995e-07 device_ms=0.0032079999999999999
PRODUCER_KERNEL_V1 stage=0 raw_iteration=2147483650 ordinal=33 kernel=issue_resident_projection_consumer threads=1 begin_tick=1965390220170875 end_tick=1965390220174291 ms_per_tick=9.9999999999999995e-07 device_ms=0.0034159999999999998
PRODUCER_KERNEL_V1 stage=0 raw_iteration=2147483650 ordinal=34 kernel=consume_resident_target threads=1 begin_tick=1965390220174666 end_tick=1965390220177750 ms_per_tick=9.9999999999999995e-07 device_ms=0.0030839999999999999
PRODUCER_KERNEL_V1 stage=0 raw_iteration=2147483650 ordinal=35 kernel=owner_issue_stage_seal threads=1 begin_tick=1965390220178041 end_tick=1965390220181000 ms_per_tick=9.9999999999999995e-07 device_ms=0.0029589999999999998
PRODUCER_KERNEL_V1 stage=0 raw_iteration=2147483650 ordinal=36 kernel=fct_compatible_stage_rate threads=1533387 begin_tick=1965390220181541 end_tick=1965390220680541 ms_per_tick=9.9999999999999995e-07 device_ms=0.499
PRODUCER_KERNEL_V1 stage=0 raw_iteration=2147483650 ordinal=37 kernel=owner_predict_momentum threads=1533387 begin_tick=1965390220680958 end_tick=1965390220730625 ms_per_tick=9.9999999999999995e-07 device_ms=0.049666999999999996
RISE_FIRE_OWNER_PROFILE_V1 {"scope":33,"parent":28,"phase":"BuildStageProducerGroup","stage":0,"raw_iteration":2147483650,"iteration_kind":"terminal","wall_ms":772.227041000,"device_sum_ms":691.220624838,"wall_minus_device_ms":81.006416162,"exclusive_wall_ms":772.227041000,"exclusive_device_sum_ms":691.220624838,"child_observer_wall_ms":0.000000000,"count_scope":"inclusive","owner_commits":1,"projection_invocations":0}
RISE_FIRE_OWNER_PROFILE_V1 {"scope":34,"parent":28,"phase":"AlphaResidual","stage":0,"raw_iteration":2147483650,"iteration_kind":"terminal","wall_ms":0.238791000,"device_sum_ms":0.052249990,"wall_minus_device_ms":0.186541010,"exclusive_wall_ms":0.238791000,"exclusive_device_sum_ms":0.052249990,"child_observer_wall_ms":0.000000000,"count_scope":"inclusive","owner_commits":1,"projection_invocations":0}
RISE_FIRE_OWNER_PROFILE_V1 {"scope":35,"parent":28,"phase":"Residual","stage":0,"raw_iteration":2147483650,"iteration_kind":"terminal","wall_ms":0.270250000,"device_sum_ms":0.110000139,"wall_minus_device_ms":0.160249861,"exclusive_wall_ms":0.270250000,"exclusive_device_sum_ms":0.110000139,"child_observer_wall_ms":0.000000000,"count_scope":"inclusive","owner_commits":1,"projection_invocations":0}
RISE_FIRE_OWNER_PROFILE_V1 {"scope":28,"parent":21,"phase":"TerminalVerification","stage":0,"raw_iteration":2147483650,"iteration_kind":"terminal","wall_ms":785.589792000,"device_sum_ms":700.494416757,"wall_minus_device_ms":85.095375243,"exclusive_wall_ms":0.004169000,"exclusive_device_sum_ms":0.000000000,"child_observer_wall_ms":0.031541000,"count_scope":"inclusive","owner_commits":7,"projection_invocations":1}
RISE_FIRE_OWNER_PROFILE_V1 {"scope":21,"parent":3,"phase":"PicardIteration","stage":0,"raw_iteration":2,"iteration_kind":"picard","wall_ms":1567.130750000,"device_sum_ms":1395.316083450,"wall_minus_device_ms":171.814666550,"exclusive_wall_ms":1.282084000,"exclusive_device_sum_ms":0.000000000,"child_observer_wall_ms":0.029957000,"count_scope":"inclusive","owner_commits":13,"projection_invocations":2}
RISE_FIRE_OWNER_PROFILE_V1 {"scope":3,"parent":1,"phase":"SolveStage","stage":0,"raw_iteration":4294967295,"iteration_kind":"bootstrap","wall_ms":3914.244291000,"device_sum_ms":3480.466916459,"wall_minus_device_ms":433.777374541,"exclusive_wall_ms":2.182125000,"exclusive_device_sum_ms":0.000000000,"child_observer_wall_ms":0.029791000,"count_scope":"inclusive","owner_commits":28,"projection_invocations":5}
RISE_FIRE_OWNER_PROFILE_V1 {"scope":38,"parent":37,"phase":"ProjectionAdapter","stage":1,"raw_iteration":4294967295,"iteration_kind":"bootstrap","wall_ms":11.744208000,"device_sum_ms":8.948833449,"wall_minus_device_ms":2.795374551,"exclusive_wall_ms":11.744208000,"exclusive_device_sum_ms":8.948833449,"child_observer_wall_ms":0.000000000,"count_scope":"inclusive","owner_commits":0,"projection_invocations":1}
RISE_FIRE_OWNER_PROFILE_V1 {"scope":37,"parent":36,"phase":"Project","stage":1,"raw_iteration":4294967295,"iteration_kind":"bootstrap","wall_ms":12.959417000,"device_sum_ms":8.992125280,"wall_minus_device_ms":3.967291720,"exclusive_wall_ms":1.206917000,"exclusive_device_sum_ms":0.043291831,"child_observer_wall_ms":0.008292000,"count_scope":"inclusive","owner_commits":2,"projection_invocations":1}
PRODUCER_COMMAND_V1 stage=1 raw_iteration=4294967295 cpu_begin=1965390237949666 cpu_end=1965391011309541 gpu_begin=1965390237949666 gpu_end=1965391011309541 device_ms=692.50674988143146 encoders=41 interval_scope=possibly_overlapping
PRODUCER_KERNEL_V1 stage=1 raw_iteration=4294967295 ordinal=0 kernel=owner_pack_faces threads=1533387 begin_tick=1965390318636958 end_tick=1965390318693125 ms_per_tick=9.9999999999999995e-07 device_ms=0.056166999999999995
PRODUCER_KERNEL_V1 stage=1 raw_iteration=4294967295 ordinal=1 kernel=owner_pack_faces threads=1533387 begin_tick=1965390318693125 end_tick=1965390319034208 ms_per_tick=9.9999999999999995e-07 device_ms=0.34108299999999997
PRODUCER_KERNEL_V1 stage=1 raw_iteration=4294967295 ordinal=2 kernel=owner_pack_faces threads=1533387 begin_tick=1965390318633583 end_tick=1965390318693375 ms_per_tick=9.9999999999999995e-07 device_ms=0.059791999999999998
PRODUCER_KERNEL_V1 stage=1 raw_iteration=4294967295 ordinal=3 kernel=fct_extract_gas_density threads=504666 begin_tick=1965390318693625 end_tick=1965390318744166 ms_per_tick=9.9999999999999995e-07 device_ms=0.050540999999999996
PRODUCER_KERNEL_V1 stage=1 raw_iteration=4294967295 ordinal=4 kernel=owner_gas_source threads=504666 begin_tick=1965390319034833 end_tick=1965390319193958 ms_per_tick=9.9999999999999995e-07 device_ms=0.15912499999999999
PRODUCER_KERNEL_V1 stage=1 raw_iteration=4294967295 ordinal=5 kernel=evaluate_resident_transport threads=504666 begin_tick=1965390318744166 end_tick=1965390319205291 ms_per_tick=9.9999999999999995e-07 device_ms=0.46112499999999995
PRODUCER_KERNEL_V1 stage=1 raw_iteration=4294967295 ordinal=6 kernel=identify_resident_transport threads=1 begin_tick=1965390319205666 end_tick=1965390319208791 ms_per_tick=9.9999999999999995e-07 device_ms=0.0031249999999999997
PRODUCER_KERNEL_V1 stage=1 raw_iteration=4294967295 ordinal=7 kernel=owner_bind_transport threads=1 begin_tick=1965390319209333 end_tick=1965390319212916 ms_per_tick=9.9999999999999995e-07 device_ms=0.0035829999999999998
PRODUCER_KERNEL_V1 stage=1 raw_iteration=4294967295 ordinal=8 kernel=identify_resident_owner_endpoint_class threads=1 begin_tick=1965390319213208 end_tick=1965390319216500 ms_per_tick=9.9999999999999995e-07 device_ms=0.0032919999999999998
PRODUCER_KERNEL_V1 stage=1 raw_iteration=4294967295 ordinal=9 kernel=evaluate_resident_physical_flux threads=1533387 begin_tick=1965390320169416 end_tick=1965390321288958 ms_per_tick=9.9999999999999995e-07 device_ms=1.119542
PRODUCER_KERNEL_V1 stage=1 raw_iteration=4294967295 ordinal=10 kernel=evaluate_resident_advective_pair threads=13800483 begin_tick=1965390321667958 end_tick=1965390329160291 ms_per_tick=9.9999999999999995e-07 device_ms=7.4923329999999995
PRODUCER_KERNEL_V1 stage=1 raw_iteration=4294967295 ordinal=11 kernel=finalize_resident_advective_high threads=13800483 begin_tick=1965390329160916 end_tick=1965390329579708 ms_per_tick=9.9999999999999995e-07 device_ms=0.418792
PRODUCER_KERNEL_V1 stage=1 raw_iteration=4294967295 ordinal=12 kernel=compose_resident_flux_pair threads=13800483 begin_tick=1965390329580125 end_tick=1965390330467041 ms_per_tick=9.9999999999999995e-07 device_ms=0.88691599999999993
PRODUCER_KERNEL_V1 stage=1 raw_iteration=4294967295 ordinal=13 kernel=validate_resident_physical_flux threads=13800483 begin_tick=1965390330467625 end_tick=1965390331440791 ms_per_tick=9.9999999999999995e-07 device_ms=0.97316599999999998
PRODUCER_KERNEL_V1 stage=1 raw_iteration=4294967295 ordinal=14 kernel=identify_resident_physical_flux threads=32 begin_tick=1965390331441208 end_tick=1965390331444458 ms_per_tick=9.9999999999999995e-07 device_ms=0.0032499999999999999
PRODUCER_KERNEL_V1 stage=1 raw_iteration=4294967295 ordinal=15 kernel=owner_average_flux threads=13800483 begin_tick=1965390331444916 end_tick=1965390332248833 ms_per_tick=9.9999999999999995e-07 device_ms=0.80391699999999999
PRODUCER_KERNEL_V1 stage=1 raw_iteration=4294967295 ordinal=16 kernel=owner_bind_averaged_flux threads=1 begin_tick=1965390332249375 end_tick=1965390332252791 ms_per_tick=9.9999999999999995e-07 device_ms=0.0034159999999999998
PRODUCER_KERNEL_V1 stage=1 raw_iteration=4294967295 ordinal=17 kernel=fct_build_ratios threads=5551326 begin_tick=1965390332253375 end_tick=1965390335849666 ms_per_tick=9.9999999999999995e-07 device_ms=3.5962909999999999
PRODUCER_KERNEL_V1 stage=1 raw_iteration=4294967295 ordinal=18 kernel=fct_build_face_alpha threads=1533387 begin_tick=1965390335850416 end_tick=1965390336119041 ms_per_tick=9.9999999999999995e-07 device_ms=0.268625
PRODUCER_KERNEL_V1 stage=1 raw_iteration=4294967295 ordinal=19 kernel=fct_commit_scalar threads=504666 begin_tick=1965390336119666 end_tick=1965390336313958 ms_per_tick=9.9999999999999995e-07 device_ms=0.19429199999999999
PRODUCER_KERNEL_V1 stage=1 raw_iteration=4294967295 ordinal=20 kernel=owner_bind_candidate threads=1 begin_tick=1965390336314500 end_tick=1965390336318250 ms_per_tick=9.9999999999999995e-07 device_ms=0.0037499999999999999
PRODUCER_KERNEL_V1 stage=1 raw_iteration=4294967295 ordinal=21 kernel=finalize_resident_eos_candidate threads=1 begin_tick=1965390336318708 end_tick=1965390336321125 ms_per_tick=9.9999999999999995e-07 device_ms=0.0024169999999999999
PRODUCER_KERNEL_V1 stage=1 raw_iteration=4294967295 ordinal=22 kernel=evaluate_resident_eos_candidate threads=504666 begin_tick=1965390336322041 end_tick=1965390896662958 ms_per_tick=9.9999999999999995e-07 device_ms=560.34091699999999
PRODUCER_KERNEL_V1 stage=1 raw_iteration=4294967295 ordinal=23 kernel=finalize_resident_eos_candidate threads=1 begin_tick=1965390896676250 end_tick=1965390896678750 ms_per_tick=9.9999999999999995e-07 device_ms=0.0025000000000000001
PRODUCER_KERNEL_V1 stage=1 raw_iteration=4294967295 ordinal=24 kernel=identify_resident_eos threads=1 begin_tick=1965390896679083 end_tick=1965390896681791 ms_per_tick=9.9999999999999995e-07 device_ms=0.0027079999999999999
PRODUCER_KERNEL_V1 stage=1 raw_iteration=4294967295 ordinal=25 kernel=produce_resident_frozen_source threads=504666 begin_tick=1965390896682208 end_tick=1965390896711833 ms_per_tick=9.9999999999999995e-07 device_ms=0.029624999999999999
PRODUCER_KERNEL_V1 stage=1 raw_iteration=4294967295 ordinal=26 kernel=identify_resident_frozen_source threads=1 begin_tick=1965390896712250 end_tick=1965390896714875 ms_per_tick=9.9999999999999995e-07 device_ms=0.0026249999999999997
PRODUCER_KERNEL_V1 stage=1 raw_iteration=4294967295 ordinal=27 kernel=evaluate_resident_target_terms threads=504666 begin_tick=1965390896715291 end_tick=1965391009954000 ms_per_tick=9.9999999999999995e-07 device_ms=113.238709
PRODUCER_KERNEL_V1 stage=1 raw_iteration=4294967295 ordinal=28 kernel=finalize_resident_target threads=1 begin_tick=1965391009968041 end_tick=1965391009971375 ms_per_tick=9.9999999999999995e-07 device_ms=0.0033339999999999997
PRODUCER_KERNEL_V1 stage=1 raw_iteration=4294967295 ordinal=29 kernel=identify_resident_target threads=1 begin_tick=1965391009971750 end_tick=1965391009974750 ms_per_tick=9.9999999999999995e-07 device_ms=0.0030000000000000001
PRODUCER_KERNEL_V1 stage=1 raw_iteration=4294967295 ordinal=30 kernel=issue_resident_projection_consumer threads=1 begin_tick=1965391009975166 end_tick=1965391009978750 ms_per_tick=9.9999999999999995e-07 device_ms=0.0035839999999999999
PRODUCER_KERNEL_V1 stage=1 raw_iteration=4294967295 ordinal=31 kernel=consume_resident_target threads=1 begin_tick=1965391009979166 end_tick=1965391009983500 ms_per_tick=9.9999999999999995e-07 device_ms=0.0043340000000000002
PRODUCER_KERNEL_V1 stage=1 raw_iteration=4294967295 ordinal=32 kernel=owner_compose_target threads=504666 begin_tick=1965391009983916 end_tick=1965391010013958 ms_per_tick=9.9999999999999995e-07 device_ms=0.030041999999999999
PRODUCER_KERNEL_V1 stage=1 raw_iteration=4294967295 ordinal=33 kernel=finalize_resident_target threads=1 begin_tick=1965391010014291 end_tick=1965391010017041 ms_per_tick=9.9999999999999995e-07 device_ms=0.0027499999999999998
PRODUCER_KERNEL_V1 stage=1 raw_iteration=4294967295 ordinal=34 kernel=owner_identify_target threads=1 begin_tick=1965391010017416 end_tick=1965391010020541 ms_per_tick=9.9999999999999995e-07 device_ms=0.0031249999999999997
PRODUCER_KERNEL_V1 stage=1 raw_iteration=4294967295 ordinal=35 kernel=issue_resident_projection_consumer threads=1 begin_tick=1965391010020916 end_tick=1965391010023750 ms_per_tick=9.9999999999999995e-07 device_ms=0.0028339999999999997
PRODUCER_KERNEL_V1 stage=1 raw_iteration=4294967295 ordinal=36 kernel=consume_resident_target threads=1 begin_tick=1965391010024125 end_tick=1965391010027541 ms_per_tick=9.9999999999999995e-07 device_ms=0.0034159999999999998
PRODUCER_KERNEL_V1 stage=1 raw_iteration=4294967295 ordinal=37 kernel=owner_issue_stage_seal threads=1 begin_tick=1965391010027916 end_tick=1965391010030958 ms_per_tick=9.9999999999999995e-07 device_ms=0.003042
PRODUCER_KERNEL_V1 stage=1 raw_iteration=4294967295 ordinal=38 kernel=fct_compatible_stage_rate threads=1533387 begin_tick=1965391010031625 end_tick=1965391010546500 ms_per_tick=9.9999999999999995e-07 device_ms=0.51487499999999997
PRODUCER_KERNEL_V1 stage=1 raw_iteration=4294967295 ordinal=39 kernel=fct_compatible_stage_rate threads=1533387 begin_tick=1965391010547000 end_tick=1965391011043791 ms_per_tick=9.9999999999999995e-07 device_ms=0.49679099999999998
PRODUCER_KERNEL_V1 stage=1 raw_iteration=4294967295 ordinal=40 kernel=owner_heun_momentum threads=1533387 begin_tick=1965391011044250 end_tick=1965391011134583 ms_per_tick=9.9999999999999995e-07 device_ms=0.090332999999999997
RISE_FIRE_OWNER_PROFILE_V1 {"scope":39,"parent":36,"phase":"BuildStageProducerGroup","stage":1,"raw_iteration":4294967295,"iteration_kind":"bootstrap","wall_ms":773.521542000,"device_sum_ms":692.506749881,"wall_minus_device_ms":81.014792119,"exclusive_wall_ms":773.521542000,"exclusive_device_sum_ms":692.506749881,"child_observer_wall_ms":0.000000000,"count_scope":"inclusive","owner_commits":1,"projection_invocations":0}
RISE_FIRE_OWNER_PROFILE_V1 {"scope":42,"parent":41,"phase":"ProjectionAdapter","stage":1,"raw_iteration":0,"iteration_kind":"picard","wall_ms":12.010125000,"device_sum_ms":9.141291725,"wall_minus_device_ms":2.868833275,"exclusive_wall_ms":12.010125000,"exclusive_device_sum_ms":9.141291725,"child_observer_wall_ms":0.000000000,"count_scope":"inclusive","owner_commits":0,"projection_invocations":1}
RISE_FIRE_OWNER_PROFILE_V1 {"scope":41,"parent":40,"phase":"Project","stage":1,"raw_iteration":0,"iteration_kind":"picard","wall_ms":12.642666000,"device_sum_ms":9.185250150,"wall_minus_device_ms":3.457415850,"exclusive_wall_ms":0.624750000,"exclusive_device_sum_ms":0.043958426,"child_observer_wall_ms":0.007791000,"count_scope":"inclusive","owner_commits":2,"projection_invocations":1}
RISE_FIRE_OWNER_PROFILE_V1 {"scope":43,"parent":40,"phase":"ReadOpenClass","stage":1,"raw_iteration":0,"iteration_kind":"picard","wall_ms":0.195917000,"device_sum_ms":0.002833316,"wall_minus_device_ms":0.193083684,"exclusive_wall_ms":0.195917000,"exclusive_device_sum_ms":0.002833316,"child_observer_wall_ms":0.000000000,"count_scope":"inclusive","owner_commits":1,"projection_invocations":0}
RISE_FIRE_OWNER_PROFILE_V1 {"scope":44,"parent":40,"phase":"ReadOpenClass","stage":1,"raw_iteration":0,"iteration_kind":"picard","wall_ms":0.159459000,"device_sum_ms":0.002500135,"wall_minus_device_ms":0.156958865,"exclusive_wall_ms":0.159459000,"exclusive_device_sum_ms":0.002500135,"child_observer_wall_ms":0.000000000,"count_scope":"inclusive","owner_commits":1,"projection_invocations":0}
PRODUCER_COMMAND_V1 stage=1 raw_iteration=0 cpu_begin=1965391024494666 cpu_end=1965391789440250 gpu_begin=1965391024494666 gpu_end=1965391789440250 device_ms=683.43691667541862 encoders=41 interval_scope=possibly_overlapping
PRODUCER_KERNEL_V1 stage=1 raw_iteration=0 ordinal=0 kernel=owner_pack_faces threads=1533387 begin_tick=1965391105867833 end_tick=1965391105921000 ms_per_tick=9.9999999999999995e-07 device_ms=0.053166999999999999
PRODUCER_KERNEL_V1 stage=1 raw_iteration=0 ordinal=1 kernel=owner_pack_faces threads=1533387 begin_tick=1965391105920708 end_tick=1965391106000208 ms_per_tick=9.9999999999999995e-07 device_ms=0.079500000000000001
PRODUCER_KERNEL_V1 stage=1 raw_iteration=0 ordinal=2 kernel=owner_pack_faces threads=1533387 begin_tick=1965391105865541 end_tick=1965391105920708 ms_per_tick=9.9999999999999995e-07 device_ms=0.055167000000000001
PRODUCER_KERNEL_V1 stage=1 raw_iteration=0 ordinal=3 kernel=fct_extract_gas_density threads=504666 begin_tick=1965391105921416 end_tick=1965391105972250 ms_per_tick=9.9999999999999995e-07 device_ms=0.050833999999999997
PRODUCER_KERNEL_V1 stage=1 raw_iteration=0 ordinal=4 kernel=owner_gas_source threads=504666 begin_tick=1965391106000583 end_tick=1965391106146291 ms_per_tick=9.9999999999999995e-07 device_ms=0.145708
PRODUCER_KERNEL_V1 stage=1 raw_iteration=0 ordinal=5 kernel=evaluate_resident_transport threads=504666 begin_tick=1965391106012791 end_tick=1965391106480500 ms_per_tick=9.9999999999999995e-07 device_ms=0.46770899999999999
PRODUCER_KERNEL_V1 stage=1 raw_iteration=0 ordinal=6 kernel=identify_resident_transport threads=1 begin_tick=1965391106480916 end_tick=1965391106483916 ms_per_tick=9.9999999999999995e-07 device_ms=0.0030000000000000001
PRODUCER_KERNEL_V1 stage=1 raw_iteration=0 ordinal=7 kernel=owner_bind_transport threads=1 begin_tick=1965391106484458 end_tick=1965391106487875 ms_per_tick=9.9999999999999995e-07 device_ms=0.0034169999999999999
PRODUCER_KERNEL_V1 stage=1 raw_iteration=0 ordinal=8 kernel=identify_resident_owner_endpoint_class threads=1 begin_tick=1965391106488291 end_tick=1965391106491583 ms_per_tick=9.9999999999999995e-07 device_ms=0.0032919999999999998
PRODUCER_KERNEL_V1 stage=1 raw_iteration=0 ordinal=9 kernel=evaluate_resident_physical_flux threads=1533387 begin_tick=1965391107609791 end_tick=1965391108723125 ms_per_tick=9.9999999999999995e-07 device_ms=1.113334
PRODUCER_KERNEL_V1 stage=1 raw_iteration=0 ordinal=10 kernel=evaluate_resident_advective_pair threads=13800483 begin_tick=1965391109115458 end_tick=1965391116186625 ms_per_tick=9.9999999999999995e-07 device_ms=7.071167
PRODUCER_KERNEL_V1 stage=1 raw_iteration=0 ordinal=11 kernel=finalize_resident_advective_high threads=13800483 begin_tick=1965391116187250 end_tick=1965391116608083 ms_per_tick=9.9999999999999995e-07 device_ms=0.42083299999999996
PRODUCER_KERNEL_V1 stage=1 raw_iteration=0 ordinal=12 kernel=compose_resident_flux_pair threads=13800483 begin_tick=1965391116608458 end_tick=1965391117495583 ms_per_tick=9.9999999999999995e-07 device_ms=0.88712499999999994
PRODUCER_KERNEL_V1 stage=1 raw_iteration=0 ordinal=13 kernel=validate_resident_physical_flux threads=13800483 begin_tick=1965391117496250 end_tick=1965391118460708 ms_per_tick=9.9999999999999995e-07 device_ms=0.96445799999999993
PRODUCER_KERNEL_V1 stage=1 raw_iteration=0 ordinal=14 kernel=identify_resident_physical_flux threads=32 begin_tick=1965391118461458 end_tick=1965391118464958 ms_per_tick=9.9999999999999995e-07 device_ms=0.0034999999999999996
PRODUCER_KERNEL_V1 stage=1 raw_iteration=0 ordinal=15 kernel=owner_average_flux threads=13800483 begin_tick=1965391118465500 end_tick=1965391119268083 ms_per_tick=9.9999999999999995e-07 device_ms=0.80258299999999994
PRODUCER_KERNEL_V1 stage=1 raw_iteration=0 ordinal=16 kernel=owner_bind_averaged_flux threads=1 begin_tick=1965391119268583 end_tick=1965391119272541 ms_per_tick=9.9999999999999995e-07 device_ms=0.0039579999999999997
PRODUCER_KERNEL_V1 stage=1 raw_iteration=0 ordinal=17 kernel=fct_build_ratios threads=5551326 begin_tick=1965391119272833 end_tick=1965391122868291 ms_per_tick=9.9999999999999995e-07 device_ms=3.5954579999999998
PRODUCER_KERNEL_V1 stage=1 raw_iteration=0 ordinal=18 kernel=fct_build_face_alpha threads=1533387 begin_tick=1965391122869041 end_tick=1965391123137958 ms_per_tick=9.9999999999999995e-07 device_ms=0.26891699999999996
PRODUCER_KERNEL_V1 stage=1 raw_iteration=0 ordinal=19 kernel=fct_commit_scalar threads=504666 begin_tick=1965391123138708 end_tick=1965391123327166 ms_per_tick=9.9999999999999995e-07 device_ms=0.18845799999999999
PRODUCER_KERNEL_V1 stage=1 raw_iteration=0 ordinal=20 kernel=owner_bind_candidate threads=1 begin_tick=1965391123327583 end_tick=1965391123331375 ms_per_tick=9.9999999999999995e-07 device_ms=0.0037919999999999998
PRODUCER_KERNEL_V1 stage=1 raw_iteration=0 ordinal=21 kernel=finalize_resident_eos_candidate threads=1 begin_tick=1965391123331833 end_tick=1965391123334666 ms_per_tick=9.9999999999999995e-07 device_ms=0.002833
PRODUCER_KERNEL_V1 stage=1 raw_iteration=0 ordinal=22 kernel=evaluate_resident_eos_candidate threads=504666 begin_tick=1965391123335125 end_tick=1965391674779375 ms_per_tick=9.9999999999999995e-07 device_ms=551.44425000000001
PRODUCER_KERNEL_V1 stage=1 raw_iteration=0 ordinal=23 kernel=finalize_resident_eos_candidate threads=1 begin_tick=1965391674794708 end_tick=1965391674797375 ms_per_tick=9.9999999999999995e-07 device_ms=0.0026669999999999997
PRODUCER_KERNEL_V1 stage=1 raw_iteration=0 ordinal=24 kernel=identify_resident_eos threads=1 begin_tick=1965391674797708 end_tick=1965391674800416 ms_per_tick=9.9999999999999995e-07 device_ms=0.0027079999999999999
PRODUCER_KERNEL_V1 stage=1 raw_iteration=0 ordinal=25 kernel=produce_resident_frozen_source threads=504666 begin_tick=1965391674800833 end_tick=1965391674830500 ms_per_tick=9.9999999999999995e-07 device_ms=0.029666999999999999
PRODUCER_KERNEL_V1 stage=1 raw_iteration=0 ordinal=26 kernel=identify_resident_frozen_source threads=1 begin_tick=1965391674830916 end_tick=1965391674833666 ms_per_tick=9.9999999999999995e-07 device_ms=0.0027499999999999998
PRODUCER_KERNEL_V1 stage=1 raw_iteration=0 ordinal=27 kernel=evaluate_resident_target_terms threads=504666 begin_tick=1965391674834083 end_tick=1965391788081083 ms_per_tick=9.9999999999999995e-07 device_ms=113.247
PRODUCER_KERNEL_V1 stage=1 raw_iteration=0 ordinal=28 kernel=finalize_resident_target threads=1 begin_tick=1965391788095958 end_tick=1965391788099458 ms_per_tick=9.9999999999999995e-07 device_ms=0.0034999999999999996
PRODUCER_KERNEL_V1 stage=1 raw_iteration=0 ordinal=29 kernel=identify_resident_target threads=1 begin_tick=1965391788099791 end_tick=1965391788102458 ms_per_tick=9.9999999999999995e-07 device_ms=0.0026669999999999997
PRODUCER_KERNEL_V1 stage=1 raw_iteration=0 ordinal=30 kernel=issue_resident_projection_consumer threads=1 begin_tick=1965391788102875 end_tick=1965391788107166 ms_per_tick=9.9999999999999995e-07 device_ms=0.0042909999999999997
PRODUCER_KERNEL_V1 stage=1 raw_iteration=0 ordinal=31 kernel=consume_resident_target threads=1 begin_tick=1965391788107541 end_tick=1965391788111750 ms_per_tick=9.9999999999999995e-07 device_ms=0.0042090000000000001
PRODUCER_KERNEL_V1 stage=1 raw_iteration=0 ordinal=32 kernel=owner_compose_target threads=504666 begin_tick=1965391788112125 end_tick=1965391788191375 ms_per_tick=9.9999999999999995e-07 device_ms=0.079250000000000001
PRODUCER_KERNEL_V1 stage=1 raw_iteration=0 ordinal=33 kernel=finalize_resident_target threads=1 begin_tick=1965391788191708 end_tick=1965391788194166 ms_per_tick=9.9999999999999995e-07 device_ms=0.0024579999999999997
PRODUCER_KERNEL_V1 stage=1 raw_iteration=0 ordinal=34 kernel=owner_identify_target threads=1 begin_tick=1965391788194541 end_tick=1965391788197583 ms_per_tick=9.9999999999999995e-07 device_ms=0.003042
PRODUCER_KERNEL_V1 stage=1 raw_iteration=0 ordinal=35 kernel=issue_resident_projection_consumer threads=1 begin_tick=1965391788198000 end_tick=1965391788201041 ms_per_tick=9.9999999999999995e-07 device_ms=0.0030409999999999999
PRODUCER_KERNEL_V1 stage=1 raw_iteration=0 ordinal=36 kernel=consume_resident_target threads=1 begin_tick=1965391788201458 end_tick=1965391788204750 ms_per_tick=9.9999999999999995e-07 device_ms=0.0032919999999999998
PRODUCER_KERNEL_V1 stage=1 raw_iteration=0 ordinal=37 kernel=owner_issue_stage_seal threads=1 begin_tick=1965391788205166 end_tick=1965391788207916 ms_per_tick=9.9999999999999995e-07 device_ms=0.0027499999999999998
PRODUCER_KERNEL_V1 stage=1 raw_iteration=0 ordinal=38 kernel=fct_compatible_stage_rate threads=1533387 begin_tick=1965391788208458 end_tick=1965391788705666 ms_per_tick=9.9999999999999995e-07 device_ms=0.49720799999999998
PRODUCER_KERNEL_V1 stage=1 raw_iteration=0 ordinal=39 kernel=fct_compatible_stage_rate threads=1533387 begin_tick=1965391788706041 end_tick=1965391789205583 ms_per_tick=9.9999999999999995e-07 device_ms=0.49954199999999999
PRODUCER_KERNEL_V1 stage=1 raw_iteration=0 ordinal=40 kernel=owner_heun_momentum threads=1533387 begin_tick=1965391789206083 end_tick=1965391789296791 ms_per_tick=9.9999999999999995e-07 device_ms=0.090707999999999997
RISE_FIRE_OWNER_PROFILE_V1 {"scope":45,"parent":40,"phase":"BuildStageProducerGroup","stage":1,"raw_iteration":0,"iteration_kind":"picard","wall_ms":765.100625000,"device_sum_ms":683.436916675,"wall_minus_device_ms":81.663708325,"exclusive_wall_ms":765.100625000,"exclusive_device_sum_ms":683.436916675,"child_observer_wall_ms":0.000000000,"count_scope":"inclusive","owner_commits":1,"projection_invocations":0}
RISE_FIRE_OWNER_PROFILE_V1 {"scope":46,"parent":40,"phase":"Residual","stage":1,"raw_iteration":0,"iteration_kind":"picard","wall_ms":0.280875000,"device_sum_ms":0.022750115,"wall_minus_device_ms":0.258124885,"exclusive_wall_ms":0.280875000,"exclusive_device_sum_ms":0.022750115,"child_observer_wall_ms":0.000000000,"count_scope":"inclusive","owner_commits":1,"projection_invocations":0}
RISE_FIRE_OWNER_PROFILE_V1 {"scope":40,"parent":36,"phase":"PicardIteration","stage":1,"raw_iteration":0,"iteration_kind":"picard","wall_ms":779.241250000,"device_sum_ms":692.650250392,"wall_minus_device_ms":86.590999608,"exclusive_wall_ms":0.828833000,"exclusive_device_sum_ms":0.000000000,"child_observer_wall_ms":0.032875000,"count_scope":"inclusive","owner_commits":6,"projection_invocations":1}
RISE_FIRE_OWNER_PROFILE_V1 {"scope":49,"parent":48,"phase":"ProjectionAdapter","stage":1,"raw_iteration":1,"iteration_kind":"picard","wall_ms":12.175000000,"device_sum_ms":8.991083363,"wall_minus_device_ms":3.183916637,"exclusive_wall_ms":12.175000000,"exclusive_device_sum_ms":8.991083363,"child_observer_wall_ms":0.000000000,"count_scope":"inclusive","owner_commits":0,"projection_invocations":1}
RISE_FIRE_OWNER_PROFILE_V1 {"scope":48,"parent":47,"phase":"Project","stage":1,"raw_iteration":1,"iteration_kind":"picard","wall_ms":13.838708000,"device_sum_ms":9.181125090,"wall_minus_device_ms":4.657582910,"exclusive_wall_ms":1.656250000,"exclusive_device_sum_ms":0.190041726,"child_observer_wall_ms":0.007458000,"count_scope":"inclusive","owner_commits":2,"projection_invocations":1}
RISE_FIRE_OWNER_PROFILE_V1 {"scope":50,"parent":47,"phase":"ReadOpenClass","stage":1,"raw_iteration":1,"iteration_kind":"picard","wall_ms":0.156709000,"device_sum_ms":0.002416549,"wall_minus_device_ms":0.154292451,"exclusive_wall_ms":0.156709000,"exclusive_device_sum_ms":0.002416549,"child_observer_wall_ms":0.000000000,"count_scope":"inclusive","owner_commits":1,"projection_invocations":0}
RISE_FIRE_OWNER_PROFILE_V1 {"scope":51,"parent":47,"phase":"ReadOpenClass","stage":1,"raw_iteration":1,"iteration_kind":"picard","wall_ms":0.144291000,"device_sum_ms":0.002250075,"wall_minus_device_ms":0.142040925,"exclusive_wall_ms":0.144291000,"exclusive_device_sum_ms":0.002250075,"child_observer_wall_ms":0.000000000,"count_scope":"inclusive","owner_commits":1,"projection_invocations":0}
PRODUCER_COMMAND_V1 stage=1 raw_iteration=1 cpu_begin=1965391804878458 cpu_end=1965392569560666 gpu_begin=1965391804878458 gpu_end=1965392569560666 device_ms=683.94687515683472 encoders=41 interval_scope=possibly_overlapping
PRODUCER_KERNEL_V1 stage=1 raw_iteration=1 ordinal=0 kernel=owner_pack_faces threads=1533387 begin_tick=1965391885481125 end_tick=1965391885534458 ms_per_tick=9.9999999999999995e-07 device_ms=0.053332999999999998
PRODUCER_KERNEL_V1 stage=1 raw_iteration=1 ordinal=1 kernel=owner_pack_faces threads=1533387 begin_tick=1965391885533791 end_tick=1965391885969500 ms_per_tick=9.9999999999999995e-07 device_ms=0.43570899999999996
PRODUCER_KERNEL_V1 stage=1 raw_iteration=1 ordinal=2 kernel=owner_pack_faces threads=1533387 begin_tick=1965391885478833 end_tick=1965391885533791 ms_per_tick=9.9999999999999995e-07 device_ms=0.054958
PRODUCER_KERNEL_V1 stage=1 raw_iteration=1 ordinal=3 kernel=fct_extract_gas_density threads=504666 begin_tick=1965391885969500 end_tick=1965391885994291 ms_per_tick=9.9999999999999995e-07 device_ms=0.024791000000000001
PRODUCER_KERNEL_V1 stage=1 raw_iteration=1 ordinal=4 kernel=owner_gas_source threads=504666 begin_tick=1965391885994291 end_tick=1965391886036666 ms_per_tick=9.9999999999999995e-07 device_ms=0.042374999999999996
PRODUCER_KERNEL_V1 stage=1 raw_iteration=1 ordinal=5 kernel=evaluate_resident_transport threads=504666 begin_tick=1965391885534833 end_tick=1965391885996750 ms_per_tick=9.9999999999999995e-07 device_ms=0.46191699999999997
PRODUCER_KERNEL_V1 stage=1 raw_iteration=1 ordinal=6 kernel=identify_resident_transport threads=1 begin_tick=1965391885998000 end_tick=1965391886018583 ms_per_tick=9.9999999999999995e-07 device_ms=0.020583000000000001
PRODUCER_KERNEL_V1 stage=1 raw_iteration=1 ordinal=7 kernel=owner_bind_transport threads=1 begin_tick=1965391886019541 end_tick=1965391886036458 ms_per_tick=9.9999999999999995e-07 device_ms=0.016916999999999998
PRODUCER_KERNEL_V1 stage=1 raw_iteration=1 ordinal=8 kernel=identify_resident_owner_endpoint_class threads=1 begin_tick=1965391886036833 end_tick=1965391886040208 ms_per_tick=9.9999999999999995e-07 device_ms=0.003375
PRODUCER_KERNEL_V1 stage=1 raw_iteration=1 ordinal=9 kernel=evaluate_resident_physical_flux threads=1533387 begin_tick=1965391887109458 end_tick=1965391888224291 ms_per_tick=9.9999999999999995e-07 device_ms=1.114833
PRODUCER_KERNEL_V1 stage=1 raw_iteration=1 ordinal=10 kernel=evaluate_resident_advective_pair threads=13800483 begin_tick=1965391888661000 end_tick=1965391896153708 ms_per_tick=9.9999999999999995e-07 device_ms=7.4927079999999995
PRODUCER_KERNEL_V1 stage=1 raw_iteration=1 ordinal=11 kernel=finalize_resident_advective_high threads=13800483 begin_tick=1965391896154333 end_tick=1965391896575208 ms_per_tick=9.9999999999999995e-07 device_ms=0.420875
PRODUCER_KERNEL_V1 stage=1 raw_iteration=1 ordinal=12 kernel=compose_resident_flux_pair threads=13800483 begin_tick=1965391896575750 end_tick=1965391897465750 ms_per_tick=9.9999999999999995e-07 device_ms=0.89000000000000001
PRODUCER_KERNEL_V1 stage=1 raw_iteration=1 ordinal=13 kernel=validate_resident_physical_flux threads=13800483 begin_tick=1965391897466416 end_tick=1965391898470416 ms_per_tick=9.9999999999999995e-07 device_ms=1.004
PRODUCER_KERNEL_V1 stage=1 raw_iteration=1 ordinal=14 kernel=identify_resident_physical_flux threads=32 begin_tick=1965391898470958 end_tick=1965391898474250 ms_per_tick=9.9999999999999995e-07 device_ms=0.0032919999999999998
PRODUCER_KERNEL_V1 stage=1 raw_iteration=1 ordinal=15 kernel=owner_average_flux threads=13800483 begin_tick=1965391898474708 end_tick=1965391899279000 ms_per_tick=9.9999999999999995e-07 device_ms=0.80429200000000001
PRODUCER_KERNEL_V1 stage=1 raw_iteration=1 ordinal=16 kernel=owner_bind_averaged_flux threads=1 begin_tick=1965391899279708 end_tick=1965391899283208 ms_per_tick=9.9999999999999995e-07 device_ms=0.0034999999999999996
PRODUCER_KERNEL_V1 stage=1 raw_iteration=1 ordinal=17 kernel=fct_build_ratios threads=5551326 begin_tick=1965391899283666 end_tick=1965391902936500 ms_per_tick=9.9999999999999995e-07 device_ms=3.6528339999999999
PRODUCER_KERNEL_V1 stage=1 raw_iteration=1 ordinal=18 kernel=fct_build_face_alpha threads=1533387 begin_tick=1965391902937208 end_tick=1965391903205458 ms_per_tick=9.9999999999999995e-07 device_ms=0.26824999999999999
PRODUCER_KERNEL_V1 stage=1 raw_iteration=1 ordinal=19 kernel=fct_commit_scalar threads=504666 begin_tick=1965391903206083 end_tick=1965391903398041 ms_per_tick=9.9999999999999995e-07 device_ms=0.19195799999999999
PRODUCER_KERNEL_V1 stage=1 raw_iteration=1 ordinal=20 kernel=owner_bind_candidate threads=1 begin_tick=1965391903398666 end_tick=1965391903402458 ms_per_tick=9.9999999999999995e-07 device_ms=0.0037919999999999998
PRODUCER_KERNEL_V1 stage=1 raw_iteration=1 ordinal=21 kernel=finalize_resident_eos_candidate threads=1 begin_tick=1965391903402916 end_tick=1965391903405541 ms_per_tick=9.9999999999999995e-07 device_ms=0.0026249999999999997
PRODUCER_KERNEL_V1 stage=1 raw_iteration=1 ordinal=22 kernel=evaluate_resident_eos_candidate threads=504666 begin_tick=1965391903406583 end_tick=1965392454442458 ms_per_tick=9.9999999999999995e-07 device_ms=551.03587499999992
PRODUCER_KERNEL_V1 stage=1 raw_iteration=1 ordinal=23 kernel=finalize_resident_eos_candidate threads=1 begin_tick=1965392454456875 end_tick=1965392454459416 ms_per_tick=9.9999999999999995e-07 device_ms=0.0025409999999999999
PRODUCER_KERNEL_V1 stage=1 raw_iteration=1 ordinal=24 kernel=identify_resident_eos threads=1 begin_tick=1965392454459833 end_tick=1965392454462500 ms_per_tick=9.9999999999999995e-07 device_ms=0.0026669999999999997
PRODUCER_KERNEL_V1 stage=1 raw_iteration=1 ordinal=25 kernel=produce_resident_frozen_source threads=504666 begin_tick=1965392454462916 end_tick=1965392454492375 ms_per_tick=9.9999999999999995e-07 device_ms=0.029458999999999999
PRODUCER_KERNEL_V1 stage=1 raw_iteration=1 ordinal=26 kernel=identify_resident_frozen_source threads=1 begin_tick=1965392454492791 end_tick=1965392454495583 ms_per_tick=9.9999999999999995e-07 device_ms=0.0027919999999999998
PRODUCER_KERNEL_V1 stage=1 raw_iteration=1 ordinal=27 kernel=evaluate_resident_target_terms threads=504666 begin_tick=1965392454495958 end_tick=1965392568194666 ms_per_tick=9.9999999999999995e-07 device_ms=113.698708
PRODUCER_KERNEL_V1 stage=1 raw_iteration=1 ordinal=28 kernel=finalize_resident_target threads=1 begin_tick=1965392568210250 end_tick=1965392568214083 ms_per_tick=9.9999999999999995e-07 device_ms=0.003833
PRODUCER_KERNEL_V1 stage=1 raw_iteration=1 ordinal=29 kernel=identify_resident_target threads=1 begin_tick=1965392568214375 end_tick=1965392568217541 ms_per_tick=9.9999999999999995e-07 device_ms=0.003166
PRODUCER_KERNEL_V1 stage=1 raw_iteration=1 ordinal=30 kernel=issue_resident_projection_consumer threads=1 begin_tick=1965392568217916 end_tick=1965392568221875 ms_per_tick=9.9999999999999995e-07 device_ms=0.0039589999999999998
PRODUCER_KERNEL_V1 stage=1 raw_iteration=1 ordinal=31 kernel=consume_resident_target threads=1 begin_tick=1965392568223041 end_tick=1965392568227583 ms_per_tick=9.9999999999999995e-07 device_ms=0.004542
PRODUCER_KERNEL_V1 stage=1 raw_iteration=1 ordinal=32 kernel=owner_compose_target threads=504666 begin_tick=1965392568227958 end_tick=1965392568307166 ms_per_tick=9.9999999999999995e-07 device_ms=0.079208000000000001
PRODUCER_KERNEL_V1 stage=1 raw_iteration=1 ordinal=33 kernel=finalize_resident_target threads=1 begin_tick=1965392568307458 end_tick=1965392568310041 ms_per_tick=9.9999999999999995e-07 device_ms=0.0025829999999999998
PRODUCER_KERNEL_V1 stage=1 raw_iteration=1 ordinal=34 kernel=owner_identify_target threads=1 begin_tick=1965392568310458 end_tick=1965392568313750 ms_per_tick=9.9999999999999995e-07 device_ms=0.0032919999999999998
PRODUCER_KERNEL_V1 stage=1 raw_iteration=1 ordinal=35 kernel=issue_resident_projection_consumer threads=1 begin_tick=1965392568315041 end_tick=1965392568318208 ms_per_tick=9.9999999999999995e-07 device_ms=0.0031669999999999997
PRODUCER_KERNEL_V1 stage=1 raw_iteration=1 ordinal=36 kernel=consume_resident_target threads=1 begin_tick=1965392568318625 end_tick=1965392568321833 ms_per_tick=9.9999999999999995e-07 device_ms=0.0032079999999999999
PRODUCER_KERNEL_V1 stage=1 raw_iteration=1 ordinal=37 kernel=owner_issue_stage_seal threads=1 begin_tick=1965392568322208 end_tick=1965392568325083 ms_per_tick=9.9999999999999995e-07 device_ms=0.002875
PRODUCER_KERNEL_V1 stage=1 raw_iteration=1 ordinal=38 kernel=fct_compatible_stage_rate threads=1533387 begin_tick=1965392568325750 end_tick=1965392568830625 ms_per_tick=9.9999999999999995e-07 device_ms=0.50487499999999996
PRODUCER_KERNEL_V1 stage=1 raw_iteration=1 ordinal=39 kernel=fct_compatible_stage_rate threads=1533387 begin_tick=1965392568831166 end_tick=1965392569327333 ms_per_tick=9.9999999999999995e-07 device_ms=0.49616699999999997
PRODUCER_KERNEL_V1 stage=1 raw_iteration=1 ordinal=40 kernel=owner_heun_momentum threads=1533387 begin_tick=1965392569327833 end_tick=1965392569420125 ms_per_tick=9.9999999999999995e-07 device_ms=0.092291999999999999
RISE_FIRE_OWNER_PROFILE_V1 {"scope":52,"parent":47,"phase":"BuildStageProducerGroup","stage":1,"raw_iteration":1,"iteration_kind":"picard","wall_ms":764.851667000,"device_sum_ms":683.946875157,"wall_minus_device_ms":80.904791843,"exclusive_wall_ms":764.851667000,"exclusive_device_sum_ms":683.946875157,"child_observer_wall_ms":0.000000000,"count_scope":"inclusive","owner_commits":1,"projection_invocations":0}
RISE_FIRE_OWNER_PROFILE_V1 {"scope":53,"parent":47,"phase":"Residual","stage":1,"raw_iteration":1,"iteration_kind":"picard","wall_ms":0.371292000,"device_sum_ms":0.116750132,"wall_minus_device_ms":0.254541868,"exclusive_wall_ms":0.371292000,"exclusive_device_sum_ms":0.116750132,"child_observer_wall_ms":0.000000000,"count_scope":"inclusive","owner_commits":1,"projection_invocations":0}
RISE_FIRE_OWNER_PROFILE_V1 {"scope":47,"parent":36,"phase":"PicardIteration","stage":1,"raw_iteration":1,"iteration_kind":"picard","wall_ms":780.718709000,"device_sum_ms":693.249417003,"wall_minus_device_ms":87.469291997,"exclusive_wall_ms":1.324625000,"exclusive_device_sum_ms":0.000000000,"child_observer_wall_ms":0.031417000,"count_scope":"inclusive","owner_commits":6,"projection_invocations":1}
RISE_FIRE_OWNER_PROFILE_V1 {"scope":56,"parent":55,"phase":"ProjectionAdapter","stage":1,"raw_iteration":2,"iteration_kind":"picard","wall_ms":11.809917000,"device_sum_ms":8.937250124,"wall_minus_device_ms":2.872666876,"exclusive_wall_ms":11.809917000,"exclusive_device_sum_ms":8.937250124,"child_observer_wall_ms":0.000000000,"count_scope":"inclusive","owner_commits":0,"projection_invocations":1}
RISE_FIRE_OWNER_PROFILE_V1 {"scope":55,"parent":54,"phase":"Project","stage":1,"raw_iteration":2,"iteration_kind":"picard","wall_ms":13.379125000,"device_sum_ms":8.979208767,"wall_minus_device_ms":4.399916233,"exclusive_wall_ms":1.562917000,"exclusive_device_sum_ms":0.041958643,"child_observer_wall_ms":0.006291000,"count_scope":"inclusive","owner_commits":2,"projection_invocations":1}
RISE_FIRE_OWNER_PROFILE_V1 {"scope":57,"parent":54,"phase":"ReadOpenClass","stage":1,"raw_iteration":2,"iteration_kind":"picard","wall_ms":0.161667000,"device_sum_ms":0.002500135,"wall_minus_device_ms":0.159166865,"exclusive_wall_ms":0.161667000,"exclusive_device_sum_ms":0.002500135,"child_observer_wall_ms":0.000000000,"count_scope":"inclusive","owner_commits":1,"projection_invocations":0}
RISE_FIRE_OWNER_PROFILE_V1 {"scope":58,"parent":54,"phase":"ReadOpenClass","stage":1,"raw_iteration":2,"iteration_kind":"picard","wall_ms":0.149541000,"device_sum_ms":0.002250075,"wall_minus_device_ms":0.147290925,"exclusive_wall_ms":0.149541000,"exclusive_device_sum_ms":0.002250075,"child_observer_wall_ms":0.000000000,"count_scope":"inclusive","owner_commits":1,"projection_invocations":0}
PRODUCER_COMMAND_V1 stage=1 raw_iteration=2 cpu_begin=1965392585153875 cpu_end=1965393349558708 gpu_begin=1965392585153875 gpu_end=1965393349558708 device_ms=683.03325003944337 encoders=41 interval_scope=possibly_overlapping
PRODUCER_KERNEL_V1 stage=1 raw_iteration=2 ordinal=0 kernel=owner_pack_faces threads=1533387 begin_tick=1965392666400208 end_tick=1965392666458500 ms_per_tick=9.9999999999999995e-07 device_ms=0.058291999999999997
PRODUCER_KERNEL_V1 stage=1 raw_iteration=2 ordinal=1 kernel=owner_pack_faces threads=1533387 begin_tick=1965392666458333 end_tick=1965392666535041 ms_per_tick=9.9999999999999995e-07 device_ms=0.076707999999999998
PRODUCER_KERNEL_V1 stage=1 raw_iteration=2 ordinal=2 kernel=owner_pack_faces threads=1533387 begin_tick=1965392666398166 end_tick=1965392666458333 ms_per_tick=9.9999999999999995e-07 device_ms=0.060166999999999998
PRODUCER_KERNEL_V1 stage=1 raw_iteration=2 ordinal=3 kernel=fct_extract_gas_density threads=504666 begin_tick=1965392666458958 end_tick=1965392666508708 ms_per_tick=9.9999999999999995e-07 device_ms=0.049749999999999996
PRODUCER_KERNEL_V1 stage=1 raw_iteration=2 ordinal=4 kernel=owner_gas_source threads=504666 begin_tick=1965392666535333 end_tick=1965392666818500 ms_per_tick=9.9999999999999995e-07 device_ms=0.283167
PRODUCER_KERNEL_V1 stage=1 raw_iteration=2 ordinal=5 kernel=evaluate_resident_transport threads=504666 begin_tick=1965392666531875 end_tick=1965392666987416 ms_per_tick=9.9999999999999995e-07 device_ms=0.45554099999999997
PRODUCER_KERNEL_V1 stage=1 raw_iteration=2 ordinal=6 kernel=identify_resident_transport threads=1 begin_tick=1965392666987791 end_tick=1965392666990541 ms_per_tick=9.9999999999999995e-07 device_ms=0.0027499999999999998
PRODUCER_KERNEL_V1 stage=1 raw_iteration=2 ordinal=7 kernel=owner_bind_transport threads=1 begin_tick=1965392666991125 end_tick=1965392666994500 ms_per_tick=9.9999999999999995e-07 device_ms=0.003375
PRODUCER_KERNEL_V1 stage=1 raw_iteration=2 ordinal=8 kernel=identify_resident_owner_endpoint_class threads=1 begin_tick=1965392666994916 end_tick=1965392666998625 ms_per_tick=9.9999999999999995e-07 device_ms=0.0037089999999999996
PRODUCER_KERNEL_V1 stage=1 raw_iteration=2 ordinal=9 kernel=evaluate_resident_physical_flux threads=1533387 begin_tick=1965392668102083 end_tick=1965392669213583 ms_per_tick=9.9999999999999995e-07 device_ms=1.1114999999999999
PRODUCER_KERNEL_V1 stage=1 raw_iteration=2 ordinal=10 kernel=evaluate_resident_advective_pair threads=13800483 begin_tick=1965392669669666 end_tick=1965392676743125 ms_per_tick=9.9999999999999995e-07 device_ms=7.0734589999999997
PRODUCER_KERNEL_V1 stage=1 raw_iteration=2 ordinal=11 kernel=finalize_resident_advective_high threads=13800483 begin_tick=1965392676743750 end_tick=1965392677163416 ms_per_tick=9.9999999999999995e-07 device_ms=0.41966599999999998
PRODUCER_KERNEL_V1 stage=1 raw_iteration=2 ordinal=12 kernel=compose_resident_flux_pair threads=13800483 begin_tick=1965392677163791 end_tick=1965392678056208 ms_per_tick=9.9999999999999995e-07 device_ms=0.8924169999999999
PRODUCER_KERNEL_V1 stage=1 raw_iteration=2 ordinal=13 kernel=validate_resident_physical_flux threads=13800483 begin_tick=1965392678056916 end_tick=1965392679006500 ms_per_tick=9.9999999999999995e-07 device_ms=0.94958399999999998
PRODUCER_KERNEL_V1 stage=1 raw_iteration=2 ordinal=14 kernel=identify_resident_physical_flux threads=32 begin_tick=1965392679007208 end_tick=1965392679010500 ms_per_tick=9.9999999999999995e-07 device_ms=0.0032919999999999998
PRODUCER_KERNEL_V1 stage=1 raw_iteration=2 ordinal=15 kernel=owner_average_flux threads=13800483 begin_tick=1965392679011041 end_tick=1965392679811500 ms_per_tick=9.9999999999999995e-07 device_ms=0.80045899999999992
PRODUCER_KERNEL_V1 stage=1 raw_iteration=2 ordinal=16 kernel=owner_bind_averaged_flux threads=1 begin_tick=1965392679812000 end_tick=1965392679815958 ms_per_tick=9.9999999999999995e-07 device_ms=0.0039579999999999997
PRODUCER_KERNEL_V1 stage=1 raw_iteration=2 ordinal=17 kernel=fct_build_ratios threads=5551326 begin_tick=1965392679816375 end_tick=1965392683412125 ms_per_tick=9.9999999999999995e-07 device_ms=3.5957499999999998
PRODUCER_KERNEL_V1 stage=1 raw_iteration=2 ordinal=18 kernel=fct_build_face_alpha threads=1533387 begin_tick=1965392683412875 end_tick=1965392683681875 ms_per_tick=9.9999999999999995e-07 device_ms=0.26899999999999996
PRODUCER_KERNEL_V1 stage=1 raw_iteration=2 ordinal=19 kernel=fct_commit_scalar threads=504666 begin_tick=1965392683682500 end_tick=1965392683874958 ms_per_tick=9.9999999999999995e-07 device_ms=0.19245799999999999
PRODUCER_KERNEL_V1 stage=1 raw_iteration=2 ordinal=20 kernel=owner_bind_candidate threads=1 begin_tick=1965392683875541 end_tick=1965392683879333 ms_per_tick=9.9999999999999995e-07 device_ms=0.0037919999999999998
PRODUCER_KERNEL_V1 stage=1 raw_iteration=2 ordinal=21 kernel=finalize_resident_eos_candidate threads=1 begin_tick=1965392683879833 end_tick=1965392683882541 ms_per_tick=9.9999999999999995e-07 device_ms=0.0027079999999999999
PRODUCER_KERNEL_V1 stage=1 raw_iteration=2 ordinal=22 kernel=evaluate_resident_eos_candidate threads=504666 begin_tick=1965392683883000 end_tick=1965393234896291 ms_per_tick=9.9999999999999995e-07 device_ms=551.01329099999998
PRODUCER_KERNEL_V1 stage=1 raw_iteration=2 ordinal=23 kernel=finalize_resident_eos_candidate threads=1 begin_tick=1965393234913250 end_tick=1965393234915916 ms_per_tick=9.9999999999999995e-07 device_ms=0.002666
PRODUCER_KERNEL_V1 stage=1 raw_iteration=2 ordinal=24 kernel=identify_resident_eos threads=1 begin_tick=1965393234916208 end_tick=1965393234919208 ms_per_tick=9.9999999999999995e-07 device_ms=0.0030000000000000001
PRODUCER_KERNEL_V1 stage=1 raw_iteration=2 ordinal=25 kernel=produce_resident_frozen_source threads=504666 begin_tick=1965393234919500 end_tick=1965393234950250 ms_per_tick=9.9999999999999995e-07 device_ms=0.03075
PRODUCER_KERNEL_V1 stage=1 raw_iteration=2 ordinal=26 kernel=identify_resident_frozen_source threads=1 begin_tick=1965393234950666 end_tick=1965393234953416 ms_per_tick=9.9999999999999995e-07 device_ms=0.0027499999999999998
PRODUCER_KERNEL_V1 stage=1 raw_iteration=2 ordinal=27 kernel=evaluate_resident_target_terms threads=504666 begin_tick=1965393234953791 end_tick=1965393348200416 ms_per_tick=9.9999999999999995e-07 device_ms=113.24662499999999
PRODUCER_KERNEL_V1 stage=1 raw_iteration=2 ordinal=28 kernel=finalize_resident_target threads=1 begin_tick=1965393348215458 end_tick=1965393348218916 ms_per_tick=9.9999999999999995e-07 device_ms=0.0034579999999999997
PRODUCER_KERNEL_V1 stage=1 raw_iteration=2 ordinal=29 kernel=identify_resident_target threads=1 begin_tick=1965393348219208 end_tick=1965393348225000 ms_per_tick=9.9999999999999995e-07 device_ms=0.0057919999999999994
PRODUCER_KERNEL_V1 stage=1 raw_iteration=2 ordinal=30 kernel=issue_resident_projection_consumer threads=1 begin_tick=1965393348225416 end_tick=1965393348229666 ms_per_tick=9.9999999999999995e-07 device_ms=0.0042499999999999994
PRODUCER_KERNEL_V1 stage=1 raw_iteration=2 ordinal=31 kernel=consume_resident_target threads=1 begin_tick=1965393348230041 end_tick=1965393348234458 ms_per_tick=9.9999999999999995e-07 device_ms=0.0044169999999999999
PRODUCER_KERNEL_V1 stage=1 raw_iteration=2 ordinal=32 kernel=owner_compose_target threads=504666 begin_tick=1965393348234833 end_tick=1965393348314166 ms_per_tick=9.9999999999999995e-07 device_ms=0.079333000000000001
PRODUCER_KERNEL_V1 stage=1 raw_iteration=2 ordinal=33 kernel=finalize_resident_target threads=1 begin_tick=1965393348314458 end_tick=1965393348320291 ms_per_tick=9.9999999999999995e-07 device_ms=0.0058329999999999996
PRODUCER_KERNEL_V1 stage=1 raw_iteration=2 ordinal=34 kernel=owner_identify_target threads=1 begin_tick=1965393348320666 end_tick=1965393348323958 ms_per_tick=9.9999999999999995e-07 device_ms=0.0032919999999999998
PRODUCER_KERNEL_V1 stage=1 raw_iteration=2 ordinal=35 kernel=issue_resident_projection_consumer threads=1 begin_tick=1965393348324375 end_tick=1965393348328416 ms_per_tick=9.9999999999999995e-07 device_ms=0.0040409999999999995
PRODUCER_KERNEL_V1 stage=1 raw_iteration=2 ordinal=36 kernel=consume_resident_target threads=1 begin_tick=1965393348328833 end_tick=1965393348332291 ms_per_tick=9.9999999999999995e-07 device_ms=0.0034579999999999997
PRODUCER_KERNEL_V1 stage=1 raw_iteration=2 ordinal=37 kernel=owner_issue_stage_seal threads=1 begin_tick=1965393348332708 end_tick=1965393348335875 ms_per_tick=9.9999999999999995e-07 device_ms=0.0031669999999999997
PRODUCER_KERNEL_V1 stage=1 raw_iteration=2 ordinal=38 kernel=fct_compatible_stage_rate threads=1533387 begin_tick=1965393348336458 end_tick=1965393348838625 ms_per_tick=9.9999999999999995e-07 device_ms=0.50216700000000003
PRODUCER_KERNEL_V1 stage=1 raw_iteration=2 ordinal=39 kernel=fct_compatible_stage_rate threads=1533387 begin_tick=1965393348839083 end_tick=1965393349333250 ms_per_tick=9.9999999999999995e-07 device_ms=0.49416699999999997
PRODUCER_KERNEL_V1 stage=1 raw_iteration=2 ordinal=40 kernel=owner_heun_momentum threads=1533387 begin_tick=1965393349333791 end_tick=1965393349425375 ms_per_tick=9.9999999999999995e-07 device_ms=0.091583999999999999
RISE_FIRE_OWNER_PROFILE_V1 {"scope":59,"parent":54,"phase":"BuildStageProducerGroup","stage":1,"raw_iteration":2,"iteration_kind":"picard","wall_ms":764.552791000,"device_sum_ms":683.033250039,"wall_minus_device_ms":81.519540961,"exclusive_wall_ms":764.552791000,"exclusive_device_sum_ms":683.033250039,"child_observer_wall_ms":0.000000000,"count_scope":"inclusive","owner_commits":1,"projection_invocations":0}
RISE_FIRE_OWNER_PROFILE_V1 {"scope":60,"parent":54,"phase":"Residual","stage":1,"raw_iteration":2,"iteration_kind":"picard","wall_ms":0.330459000,"device_sum_ms":0.115583418,"wall_minus_device_ms":0.214875582,"exclusive_wall_ms":0.330459000,"exclusive_device_sum_ms":0.115583418,"child_observer_wall_ms":0.000000000,"count_scope":"inclusive","owner_commits":1,"projection_invocations":0}
RISE_FIRE_OWNER_PROFILE_V1 {"scope":63,"parent":62,"phase":"ProjectionAdapter","stage":1,"raw_iteration":2147483650,"iteration_kind":"terminal","wall_ms":12.661459000,"device_sum_ms":9.799625026,"wall_minus_device_ms":2.861833974,"exclusive_wall_ms":12.661459000,"exclusive_device_sum_ms":9.799625026,"child_observer_wall_ms":0.000000000,"count_scope":"inclusive","owner_commits":0,"projection_invocations":1}
RISE_FIRE_OWNER_PROFILE_V1 {"scope":62,"parent":61,"phase":"Project","stage":1,"raw_iteration":2147483650,"iteration_kind":"terminal","wall_ms":13.240792000,"device_sum_ms":9.837291669,"wall_minus_device_ms":3.403500331,"exclusive_wall_ms":0.573167000,"exclusive_device_sum_ms":0.037666643,"child_observer_wall_ms":0.006166000,"count_scope":"inclusive","owner_commits":2,"projection_invocations":1}
RISE_FIRE_OWNER_PROFILE_V1 {"scope":64,"parent":61,"phase":"ReadOpenClass","stage":1,"raw_iteration":2147483650,"iteration_kind":"terminal","wall_ms":0.161250000,"device_sum_ms":0.002458459,"wall_minus_device_ms":0.158791541,"exclusive_wall_ms":0.161250000,"exclusive_device_sum_ms":0.002458459,"child_observer_wall_ms":0.000000000,"count_scope":"inclusive","owner_commits":1,"projection_invocations":0}
RISE_FIRE_OWNER_PROFILE_V1 {"scope":65,"parent":61,"phase":"ReadOpenClass","stage":1,"raw_iteration":2147483650,"iteration_kind":"terminal","wall_ms":0.154167000,"device_sum_ms":0.002291519,"wall_minus_device_ms":0.151875481,"exclusive_wall_ms":0.154167000,"exclusive_device_sum_ms":0.002291519,"child_observer_wall_ms":0.000000000,"count_scope":"inclusive","owner_commits":1,"projection_invocations":0}
PRODUCER_COMMAND_V1 stage=1 raw_iteration=2147483650 cpu_begin=1965393363620791 cpu_end=1965394128792708 gpu_begin=1965393363620791 gpu_end=1965394128792708 device_ms=684.38791669905186 encoders=41 interval_scope=possibly_overlapping
PRODUCER_KERNEL_V1 stage=1 raw_iteration=2147483650 ordinal=0 kernel=owner_pack_faces threads=1533387 begin_tick=1965393444279708 end_tick=1965393444332833 ms_per_tick=9.9999999999999995e-07 device_ms=0.053124999999999999
PRODUCER_KERNEL_V1 stage=1 raw_iteration=2147483650 ordinal=1 kernel=owner_pack_faces threads=1533387 begin_tick=1965393444332166 end_tick=1965393444768625 ms_per_tick=9.9999999999999995e-07 device_ms=0.43645899999999999
PRODUCER_KERNEL_V1 stage=1 raw_iteration=2147483650 ordinal=2 kernel=owner_pack_faces threads=1533387 begin_tick=1965393444277750 end_tick=1965393444332166 ms_per_tick=9.9999999999999995e-07 device_ms=0.054415999999999999
PRODUCER_KERNEL_V1 stage=1 raw_iteration=2147483650 ordinal=3 kernel=fct_extract_gas_density threads=504666 begin_tick=1965393444768625 end_tick=1965393444793416 ms_per_tick=9.9999999999999995e-07 device_ms=0.024791000000000001
PRODUCER_KERNEL_V1 stage=1 raw_iteration=2147483650 ordinal=4 kernel=owner_gas_source threads=504666 begin_tick=1965393444793416 end_tick=1965393444836541 ms_per_tick=9.9999999999999995e-07 device_ms=0.043124999999999997
PRODUCER_KERNEL_V1 stage=1 raw_iteration=2147483650 ordinal=5 kernel=evaluate_resident_transport threads=504666 begin_tick=1965393444333291 end_tick=1965393444843583 ms_per_tick=9.9999999999999995e-07 device_ms=0.51029199999999997
PRODUCER_KERNEL_V1 stage=1 raw_iteration=2147483650 ordinal=6 kernel=identify_resident_transport threads=1 begin_tick=1965393444844083 end_tick=1965393444847000 ms_per_tick=9.9999999999999995e-07 device_ms=0.0029169999999999999
PRODUCER_KERNEL_V1 stage=1 raw_iteration=2147483650 ordinal=7 kernel=owner_bind_transport threads=1 begin_tick=1965393444847541 end_tick=1965393444851041 ms_per_tick=9.9999999999999995e-07 device_ms=0.0034999999999999996
PRODUCER_KERNEL_V1 stage=1 raw_iteration=2147483650 ordinal=8 kernel=identify_resident_owner_endpoint_class threads=1 begin_tick=1965393444851458 end_tick=1965393444854833 ms_per_tick=9.9999999999999995e-07 device_ms=0.003375
PRODUCER_KERNEL_V1 stage=1 raw_iteration=2147483650 ordinal=9 kernel=evaluate_resident_physical_flux threads=1533387 begin_tick=1965393445886333 end_tick=1965393447003916 ms_per_tick=9.9999999999999995e-07 device_ms=1.117583
PRODUCER_KERNEL_V1 stage=1 raw_iteration=2147483650 ordinal=10 kernel=evaluate_resident_advective_pair threads=13800483 begin_tick=1965393447448458 end_tick=1965393454525541 ms_per_tick=9.9999999999999995e-07 device_ms=7.077083
PRODUCER_KERNEL_V1 stage=1 raw_iteration=2147483650 ordinal=11 kernel=finalize_resident_advective_high threads=13800483 begin_tick=1965393454526166 end_tick=1965393454947875 ms_per_tick=9.9999999999999995e-07 device_ms=0.421709
PRODUCER_KERNEL_V1 stage=1 raw_iteration=2147483650 ordinal=12 kernel=compose_resident_flux_pair threads=13800483 begin_tick=1965393454948250 end_tick=1965393455838916 ms_per_tick=9.9999999999999995e-07 device_ms=0.89066599999999996
PRODUCER_KERNEL_V1 stage=1 raw_iteration=2147483650 ordinal=13 kernel=validate_resident_physical_flux threads=13800483 begin_tick=1965393455839625 end_tick=1965393456813375 ms_per_tick=9.9999999999999995e-07 device_ms=0.97375
PRODUCER_KERNEL_V1 stage=1 raw_iteration=2147483650 ordinal=14 kernel=identify_resident_physical_flux threads=32 begin_tick=1965393456813916 end_tick=1965393456817083 ms_per_tick=9.9999999999999995e-07 device_ms=0.0031669999999999997
PRODUCER_KERNEL_V1 stage=1 raw_iteration=2147483650 ordinal=15 kernel=owner_average_flux threads=13800483 begin_tick=1965393456817625 end_tick=1965393457620791 ms_per_tick=9.9999999999999995e-07 device_ms=0.80316599999999994
PRODUCER_KERNEL_V1 stage=1 raw_iteration=2147483650 ordinal=16 kernel=owner_bind_averaged_flux threads=1 begin_tick=1965393457621333 end_tick=1965393457624875 ms_per_tick=9.9999999999999995e-07 device_ms=0.003542
PRODUCER_KERNEL_V1 stage=1 raw_iteration=2147483650 ordinal=17 kernel=fct_build_ratios threads=5551326 begin_tick=1965393457625333 end_tick=1965393461675083 ms_per_tick=9.9999999999999995e-07 device_ms=4.0497499999999995
PRODUCER_KERNEL_V1 stage=1 raw_iteration=2147483650 ordinal=18 kernel=fct_build_face_alpha threads=1533387 begin_tick=1965393461675833 end_tick=1965393461944125 ms_per_tick=9.9999999999999995e-07 device_ms=0.26829199999999997
PRODUCER_KERNEL_V1 stage=1 raw_iteration=2147483650 ordinal=19 kernel=fct_commit_scalar threads=504666 begin_tick=1965393461944750 end_tick=1965393462135708 ms_per_tick=9.9999999999999995e-07 device_ms=0.19095799999999999
PRODUCER_KERNEL_V1 stage=1 raw_iteration=2147483650 ordinal=20 kernel=owner_bind_candidate threads=1 begin_tick=1965393462136208 end_tick=1965393462139958 ms_per_tick=9.9999999999999995e-07 device_ms=0.0037499999999999999
PRODUCER_KERNEL_V1 stage=1 raw_iteration=2147483650 ordinal=21 kernel=finalize_resident_eos_candidate threads=1 begin_tick=1965393462140416 end_tick=1965393462143000 ms_per_tick=9.9999999999999995e-07 device_ms=0.0025839999999999999
PRODUCER_KERNEL_V1 stage=1 raw_iteration=2147483650 ordinal=22 kernel=evaluate_resident_eos_candidate threads=504666 begin_tick=1965393462143458 end_tick=1965394013956166 ms_per_tick=9.9999999999999995e-07 device_ms=551.81270799999993
PRODUCER_KERNEL_V1 stage=1 raw_iteration=2147483650 ordinal=23 kernel=finalize_resident_eos_candidate threads=1 begin_tick=1965394013971083 end_tick=1965394013973750 ms_per_tick=9.9999999999999995e-07 device_ms=0.0026669999999999997
PRODUCER_KERNEL_V1 stage=1 raw_iteration=2147483650 ordinal=24 kernel=identify_resident_eos threads=1 begin_tick=1965394013974041 end_tick=1965394013976833 ms_per_tick=9.9999999999999995e-07 device_ms=0.0027919999999999998
PRODUCER_KERNEL_V1 stage=1 raw_iteration=2147483650 ordinal=25 kernel=produce_resident_frozen_source threads=504666 begin_tick=1965394013977125 end_tick=1965394014006750 ms_per_tick=9.9999999999999995e-07 device_ms=0.029624999999999999
PRODUCER_KERNEL_V1 stage=1 raw_iteration=2147483650 ordinal=26 kernel=identify_resident_frozen_source threads=1 begin_tick=1965394014007166 end_tick=1965394014009750 ms_per_tick=9.9999999999999995e-07 device_ms=0.0025839999999999999
PRODUCER_KERNEL_V1 stage=1 raw_iteration=2147483650 ordinal=27 kernel=evaluate_resident_target_terms threads=504666 begin_tick=1965394014010166 end_tick=1965394127440583 ms_per_tick=9.9999999999999995e-07 device_ms=113.43041699999999
PRODUCER_KERNEL_V1 stage=1 raw_iteration=2147483650 ordinal=28 kernel=finalize_resident_target threads=1 begin_tick=1965394127454541 end_tick=1965394127457625 ms_per_tick=9.9999999999999995e-07 device_ms=0.0030839999999999999
PRODUCER_KERNEL_V1 stage=1 raw_iteration=2147483650 ordinal=29 kernel=identify_resident_target threads=1 begin_tick=1965394127457958 end_tick=1965394127460916 ms_per_tick=9.9999999999999995e-07 device_ms=0.0029579999999999997
PRODUCER_KERNEL_V1 stage=1 raw_iteration=2147483650 ordinal=30 kernel=issue_resident_projection_consumer threads=1 begin_tick=1965394127461333 end_tick=1965394127465333 ms_per_tick=9.9999999999999995e-07 device_ms=0.0040000000000000001
PRODUCER_KERNEL_V1 stage=1 raw_iteration=2147483650 ordinal=31 kernel=consume_resident_target threads=1 begin_tick=1965394127465750 end_tick=1965394127470125 ms_per_tick=9.9999999999999995e-07 device_ms=0.0043749999999999995
PRODUCER_KERNEL_V1 stage=1 raw_iteration=2147483650 ordinal=32 kernel=owner_compose_target threads=504666 begin_tick=1965394127470541 end_tick=1965394127550250 ms_per_tick=9.9999999999999995e-07 device_ms=0.079709000000000002
PRODUCER_KERNEL_V1 stage=1 raw_iteration=2147483650 ordinal=33 kernel=finalize_resident_target threads=1 begin_tick=1965394127550625 end_tick=1965394127553125 ms_per_tick=9.9999999999999995e-07 device_ms=0.0025000000000000001
PRODUCER_KERNEL_V1 stage=1 raw_iteration=2147483650 ordinal=34 kernel=owner_identify_target threads=1 begin_tick=1965394127553541 end_tick=1965394127556583 ms_per_tick=9.9999999999999995e-07 device_ms=0.003042
PRODUCER_KERNEL_V1 stage=1 raw_iteration=2147483650 ordinal=35 kernel=issue_resident_projection_consumer threads=1 begin_tick=1965394127557000 end_tick=1965394127559916 ms_per_tick=9.9999999999999995e-07 device_ms=0.0029159999999999998
PRODUCER_KERNEL_V1 stage=1 raw_iteration=2147483650 ordinal=36 kernel=consume_resident_target threads=1 begin_tick=1965394127560291 end_tick=1965394127563708 ms_per_tick=9.9999999999999995e-07 device_ms=0.0034169999999999999
PRODUCER_KERNEL_V1 stage=1 raw_iteration=2147483650 ordinal=37 kernel=owner_issue_stage_seal threads=1 begin_tick=1965394127564125 end_tick=1965394127567041 ms_per_tick=9.9999999999999995e-07 device_ms=0.0029159999999999998
PRODUCER_KERNEL_V1 stage=1 raw_iteration=2147483650 ordinal=38 kernel=fct_compatible_stage_rate threads=1533387 begin_tick=1965394127567708 end_tick=1965394128073291 ms_per_tick=9.9999999999999995e-07 device_ms=0.505583
PRODUCER_KERNEL_V1 stage=1 raw_iteration=2147483650 ordinal=39 kernel=fct_compatible_stage_rate threads=1533387 begin_tick=1965394128073791 end_tick=1965394128568375 ms_per_tick=9.9999999999999995e-07 device_ms=0.49458399999999997
PRODUCER_KERNEL_V1 stage=1 raw_iteration=2147483650 ordinal=40 kernel=owner_heun_momentum threads=1533387 begin_tick=1965394128568916 end_tick=1965394128659875 ms_per_tick=9.9999999999999995e-07 device_ms=0.090958999999999998
RISE_FIRE_OWNER_PROFILE_V1 {"scope":66,"parent":61,"phase":"BuildStageProducerGroup","stage":1,"raw_iteration":2147483650,"iteration_kind":"terminal","wall_ms":765.313375000,"device_sum_ms":684.387916699,"wall_minus_device_ms":80.925458301,"exclusive_wall_ms":765.313375000,"exclusive_device_sum_ms":684.387916699,"child_observer_wall_ms":0.000000000,"count_scope":"inclusive","owner_commits":1,"projection_invocations":0}
RISE_FIRE_OWNER_PROFILE_V1 {"scope":67,"parent":61,"phase":"AlphaResidual","stage":1,"raw_iteration":2147483650,"iteration_kind":"terminal","wall_ms":0.263000000,"device_sum_ms":0.054583186,"wall_minus_device_ms":0.208416814,"exclusive_wall_ms":0.263000000,"exclusive_device_sum_ms":0.054583186,"child_observer_wall_ms":0.000000000,"count_scope":"inclusive","owner_commits":1,"projection_invocations":0}
RISE_FIRE_OWNER_PROFILE_V1 {"scope":68,"parent":61,"phase":"Residual","stage":1,"raw_iteration":2147483650,"iteration_kind":"terminal","wall_ms":0.290500000,"device_sum_ms":0.106499996,"wall_minus_device_ms":0.184000004,"exclusive_wall_ms":0.290500000,"exclusive_device_sum_ms":0.106499996,"child_observer_wall_ms":0.000000000,"count_scope":"inclusive","owner_commits":1,"projection_invocations":0}
RISE_FIRE_OWNER_PROFILE_V1 {"scope":61,"parent":54,"phase":"TerminalVerification","stage":1,"raw_iteration":2147483650,"iteration_kind":"terminal","wall_ms":779.458625000,"device_sum_ms":694.391041528,"wall_minus_device_ms":85.067583472,"exclusive_wall_ms":0.004124000,"exclusive_device_sum_ms":0.000000000,"child_observer_wall_ms":0.031417000,"count_scope":"inclusive","owner_commits":7,"projection_invocations":1}
RISE_FIRE_OWNER_PROFILE_V1 {"scope":54,"parent":36,"phase":"PicardIteration","stage":1,"raw_iteration":2,"iteration_kind":"picard","wall_ms":1558.839000000,"device_sum_ms":1386.523833964,"wall_minus_device_ms":172.315166036,"exclusive_wall_ms":0.777375000,"exclusive_device_sum_ms":0.000000000,"child_observer_wall_ms":0.029417000,"count_scope":"inclusive","owner_commits":13,"projection_invocations":2}
RISE_FIRE_OWNER_PROFILE_V1 {"scope":36,"parent":1,"phase":"SolveStage","stage":1,"raw_iteration":4294967295,"iteration_kind":"bootstrap","wall_ms":3908.603750000,"device_sum_ms":3473.922376521,"wall_minus_device_ms":434.681373479,"exclusive_wall_ms":3.298834000,"exclusive_device_sum_ms":0.000000000,"child_observer_wall_ms":0.024998000,"count_scope":"inclusive","owner_commits":28,"projection_invocations":5}
RISE_FIRE_OWNER_PROFILE_V1 {"scope":71,"parent":70,"phase":"ProjectionAdapter","stage":2,"raw_iteration":4294967295,"iteration_kind":"bootstrap","wall_ms":11.921667000,"device_sum_ms":9.087833343,"wall_minus_device_ms":2.833833657,"exclusive_wall_ms":11.921667000,"exclusive_device_sum_ms":9.087833343,"child_observer_wall_ms":0.000000000,"count_scope":"inclusive","owner_commits":0,"projection_invocations":1}
RISE_FIRE_OWNER_PROFILE_V1 {"scope":70,"parent":69,"phase":"Project","stage":2,"raw_iteration":4294967295,"iteration_kind":"bootstrap","wall_ms":12.409375000,"device_sum_ms":9.128833190,"wall_minus_device_ms":3.280541810,"exclusive_wall_ms":0.479791000,"exclusive_device_sum_ms":0.040999847,"child_observer_wall_ms":0.007917000,"count_scope":"inclusive","owner_commits":2,"projection_invocations":1}
PRODUCER_COMMAND_V1 stage=2 raw_iteration=4294967295 cpu_begin=1965394147578458 cpu_end=1965394916018208 gpu_begin=1965394147578458 gpu_end=1965394916018208 device_ms=687.42850003764033 encoders=35 interval_scope=possibly_overlapping
PRODUCER_KERNEL_V1 stage=2 raw_iteration=4294967295 ordinal=0 kernel=owner_pack_faces threads=1533387 begin_tick=1965394228603833 end_tick=1965394228654916 ms_per_tick=9.9999999999999995e-07 device_ms=0.051082999999999996
PRODUCER_KERNEL_V1 stage=2 raw_iteration=4294967295 ordinal=1 kernel=owner_pack_faces threads=1533387 begin_tick=1965394228683708 end_tick=1965394228734125 ms_per_tick=9.9999999999999995e-07 device_ms=0.050416999999999997
PRODUCER_KERNEL_V1 stage=2 raw_iteration=4294967295 ordinal=2 kernel=owner_pack_faces threads=1533387 begin_tick=1965394228797416 end_tick=1965394228881916 ms_per_tick=9.9999999999999995e-07 device_ms=0.084499999999999992
PRODUCER_KERNEL_V1 stage=2 raw_iteration=4294967295 ordinal=3 kernel=fct_extract_gas_density threads=504666 begin_tick=1965394228833125 end_tick=1965394228882125 ms_per_tick=9.9999999999999995e-07 device_ms=0.048999999999999995
PRODUCER_KERNEL_V1 stage=2 raw_iteration=4294967295 ordinal=4 kernel=owner_gas_source threads=504666 begin_tick=1965394228918666 end_tick=1965394228963875 ms_per_tick=9.9999999999999995e-07 device_ms=0.045208999999999999
PRODUCER_KERNEL_V1 stage=2 raw_iteration=4294967295 ordinal=5 kernel=evaluate_resident_transport threads=504666 begin_tick=1965394228989500 end_tick=1965394229437125 ms_per_tick=9.9999999999999995e-07 device_ms=0.447625
PRODUCER_KERNEL_V1 stage=2 raw_iteration=4294967295 ordinal=6 kernel=identify_resident_transport threads=1 begin_tick=1965394229437458 end_tick=1965394229440375 ms_per_tick=9.9999999999999995e-07 device_ms=0.0029169999999999999
PRODUCER_KERNEL_V1 stage=2 raw_iteration=4294967295 ordinal=7 kernel=owner_bind_transport threads=1 begin_tick=1965394229440875 end_tick=1965394229444750 ms_per_tick=9.9999999999999995e-07 device_ms=0.003875
PRODUCER_KERNEL_V1 stage=2 raw_iteration=4294967295 ordinal=8 kernel=identify_resident_owner_endpoint_class threads=1 begin_tick=1965394229445166 end_tick=1965394229448833 ms_per_tick=9.9999999999999995e-07 device_ms=0.0036669999999999997
PRODUCER_KERNEL_V1 stage=2 raw_iteration=4294967295 ordinal=9 kernel=evaluate_resident_physical_flux threads=1533387 begin_tick=1965394230502250 end_tick=1965394231622083 ms_per_tick=9.9999999999999995e-07 device_ms=1.1198329999999999
PRODUCER_KERNEL_V1 stage=2 raw_iteration=4294967295 ordinal=10 kernel=evaluate_resident_advective_pair threads=13800483 begin_tick=1965394232066416 end_tick=1965394239151250 ms_per_tick=9.9999999999999995e-07 device_ms=7.0848339999999999
PRODUCER_KERNEL_V1 stage=2 raw_iteration=4294967295 ordinal=11 kernel=finalize_resident_advective_high threads=13800483 begin_tick=1965394239157375 end_tick=1965394239578250 ms_per_tick=9.9999999999999995e-07 device_ms=0.420875
PRODUCER_KERNEL_V1 stage=2 raw_iteration=4294967295 ordinal=12 kernel=compose_resident_flux_pair threads=13800483 begin_tick=1965394239578666 end_tick=1965394240463875 ms_per_tick=9.9999999999999995e-07 device_ms=0.88520899999999991
PRODUCER_KERNEL_V1 stage=2 raw_iteration=4294967295 ordinal=13 kernel=validate_resident_physical_flux threads=13800483 begin_tick=1965394240464541 end_tick=1965394241326250 ms_per_tick=9.9999999999999995e-07 device_ms=0.86170899999999995
PRODUCER_KERNEL_V1 stage=2 raw_iteration=4294967295 ordinal=14 kernel=identify_resident_physical_flux threads=32 begin_tick=1965394241326958 end_tick=1965394241332958 ms_per_tick=9.9999999999999995e-07 device_ms=0.0060000000000000001
PRODUCER_KERNEL_V1 stage=2 raw_iteration=4294967295 ordinal=15 kernel=owner_bind_candidate threads=1 begin_tick=1965394241333333 end_tick=1965394241336833 ms_per_tick=9.9999999999999995e-07 device_ms=0.0034999999999999996
PRODUCER_KERNEL_V1 stage=2 raw_iteration=4294967295 ordinal=16 kernel=finalize_resident_eos_candidate threads=1 begin_tick=1965394241337166 end_tick=1965394241339333 ms_per_tick=9.9999999999999995e-07 device_ms=0.0021670000000000001
PRODUCER_KERNEL_V1 stage=2 raw_iteration=4294967295 ordinal=17 kernel=evaluate_resident_eos_candidate threads=504666 begin_tick=1965394241340041 end_tick=1965394801904250 ms_per_tick=9.9999999999999995e-07 device_ms=560.56420900000001
PRODUCER_KERNEL_V1 stage=2 raw_iteration=4294967295 ordinal=18 kernel=finalize_resident_eos_candidate threads=1 begin_tick=1965394801921375 end_tick=1965394801923916 ms_per_tick=9.9999999999999995e-07 device_ms=0.0025409999999999999
PRODUCER_KERNEL_V1 stage=2 raw_iteration=4294967295 ordinal=19 kernel=identify_resident_eos threads=1 begin_tick=1965394801924375 end_tick=1965394801927666 ms_per_tick=9.9999999999999995e-07 device_ms=0.0032909999999999997
PRODUCER_KERNEL_V1 stage=2 raw_iteration=4294967295 ordinal=20 kernel=produce_resident_frozen_source threads=504666 begin_tick=1965394801927958 end_tick=1965394801958833 ms_per_tick=9.9999999999999995e-07 device_ms=0.030875
PRODUCER_KERNEL_V1 stage=2 raw_iteration=4294967295 ordinal=21 kernel=identify_resident_frozen_source threads=1 begin_tick=1965394801959500 end_tick=1965394801965791 ms_per_tick=9.9999999999999995e-07 device_ms=0.0062909999999999997
PRODUCER_KERNEL_V1 stage=2 raw_iteration=4294967295 ordinal=22 kernel=evaluate_resident_target_terms threads=504666 begin_tick=1965394801967083 end_tick=1965394915207833 ms_per_tick=9.9999999999999995e-07 device_ms=113.24074999999999
PRODUCER_KERNEL_V1 stage=2 raw_iteration=4294967295 ordinal=23 kernel=finalize_resident_target threads=1 begin_tick=1965394915223666 end_tick=1965394915230458 ms_per_tick=9.9999999999999995e-07 device_ms=0.0067919999999999994
PRODUCER_KERNEL_V1 stage=2 raw_iteration=4294967295 ordinal=24 kernel=identify_resident_target threads=1 begin_tick=1965394915230875 end_tick=1965394915233666 ms_per_tick=9.9999999999999995e-07 device_ms=0.0027910000000000001
PRODUCER_KERNEL_V1 stage=2 raw_iteration=4294967295 ordinal=25 kernel=issue_resident_projection_consumer threads=1 begin_tick=1965394915234208 end_tick=1965394915238916 ms_per_tick=9.9999999999999995e-07 device_ms=0.0047079999999999995
PRODUCER_KERNEL_V1 stage=2 raw_iteration=4294967295 ordinal=26 kernel=consume_resident_target threads=1 begin_tick=1965394915239333 end_tick=1965394915243625 ms_per_tick=9.9999999999999995e-07 device_ms=0.0042919999999999998
PRODUCER_KERNEL_V1 stage=2 raw_iteration=4294967295 ordinal=27 kernel=owner_compose_target threads=504666 begin_tick=1965394915244208 end_tick=1965394915273708 ms_per_tick=9.9999999999999995e-07 device_ms=0.029499999999999998
PRODUCER_KERNEL_V1 stage=2 raw_iteration=4294967295 ordinal=28 kernel=finalize_resident_target threads=1 begin_tick=1965394915274000 end_tick=1965394915279750 ms_per_tick=9.9999999999999995e-07 device_ms=0.0057499999999999999
PRODUCER_KERNEL_V1 stage=2 raw_iteration=4294967295 ordinal=29 kernel=owner_identify_target threads=1 begin_tick=1965394915280291 end_tick=1965394915284375 ms_per_tick=9.9999999999999995e-07 device_ms=0.004084
PRODUCER_KERNEL_V1 stage=2 raw_iteration=4294967295 ordinal=30 kernel=issue_resident_projection_consumer threads=1 begin_tick=1965394915284791 end_tick=1965394915288500 ms_per_tick=9.9999999999999995e-07 device_ms=0.0037089999999999996
PRODUCER_KERNEL_V1 stage=2 raw_iteration=4294967295 ordinal=31 kernel=consume_resident_target threads=1 begin_tick=1965394915289000 end_tick=1965394915293166 ms_per_tick=9.9999999999999995e-07 device_ms=0.0041659999999999996
PRODUCER_KERNEL_V1 stage=2 raw_iteration=4294967295 ordinal=32 kernel=owner_issue_stage_seal threads=1 begin_tick=1965394915293541 end_tick=1965394915296375 ms_per_tick=9.9999999999999995e-07 device_ms=0.0028339999999999997
PRODUCER_KERNEL_V1 stage=2 raw_iteration=4294967295 ordinal=33 kernel=fct_compatible_stage_rate threads=1533387 begin_tick=1965394915296791 end_tick=1965394915801041 ms_per_tick=9.9999999999999995e-07 device_ms=0.50424999999999998
PRODUCER_KERNEL_V1 stage=2 raw_iteration=4294967295 ordinal=34 kernel=owner_heun_momentum threads=1533387 begin_tick=1965394915801416 end_tick=1965394915893625 ms_per_tick=9.9999999999999995e-07 device_ms=0.092208999999999999
RISE_FIRE_OWNER_PROFILE_V1 {"scope":72,"parent":69,"phase":"BuildStageProducerGroup","stage":2,"raw_iteration":4294967295,"iteration_kind":"bootstrap","wall_ms":768.587833000,"device_sum_ms":687.428500038,"wall_minus_device_ms":81.159332962,"exclusive_wall_ms":768.587833000,"exclusive_device_sum_ms":687.428500038,"child_observer_wall_ms":0.000000000,"count_scope":"inclusive","owner_commits":1,"projection_invocations":0}
RISE_FIRE_OWNER_PROFILE_V1 {"scope":75,"parent":74,"phase":"ProjectionAdapter","stage":2,"raw_iteration":0,"iteration_kind":"picard","wall_ms":12.669458000,"device_sum_ms":9.778541746,"wall_minus_device_ms":2.890916254,"exclusive_wall_ms":12.669458000,"exclusive_device_sum_ms":9.778541746,"child_observer_wall_ms":0.000000000,"count_scope":"inclusive","owner_commits":0,"projection_invocations":1}
RISE_FIRE_OWNER_PROFILE_V1 {"scope":74,"parent":73,"phase":"Project","stage":2,"raw_iteration":0,"iteration_kind":"picard","wall_ms":13.192375000,"device_sum_ms":9.820583276,"wall_minus_device_ms":3.371791724,"exclusive_wall_ms":0.514292000,"exclusive_device_sum_ms":0.042041531,"child_observer_wall_ms":0.008625000,"count_scope":"inclusive","owner_commits":2,"projection_invocations":1}
RISE_FIRE_OWNER_PROFILE_V1 {"scope":76,"parent":73,"phase":"ReadOpenClass","stage":2,"raw_iteration":0,"iteration_kind":"picard","wall_ms":0.161208000,"device_sum_ms":0.002375105,"wall_minus_device_ms":0.158832895,"exclusive_wall_ms":0.161208000,"exclusive_device_sum_ms":0.002375105,"child_observer_wall_ms":0.000000000,"count_scope":"inclusive","owner_commits":1,"projection_invocations":0}
RISE_FIRE_OWNER_PROFILE_V1 {"scope":77,"parent":73,"phase":"ReadOpenClass","stage":2,"raw_iteration":0,"iteration_kind":"picard","wall_ms":0.151083000,"device_sum_ms":0.002416549,"wall_minus_device_ms":0.148666451,"exclusive_wall_ms":0.151083000,"exclusive_device_sum_ms":0.002416549,"child_observer_wall_ms":0.000000000,"count_scope":"inclusive","owner_commits":1,"projection_invocations":0}
PRODUCER_COMMAND_V1 stage=2 raw_iteration=0 cpu_begin=1965394929683666 cpu_end=1965395711095750 gpu_begin=1965394929683666 gpu_end=1965395711095750 device_ms=700.61291661113501 encoders=35 interval_scope=possibly_overlapping
PRODUCER_KERNEL_V1 stage=2 raw_iteration=0 ordinal=0 kernel=owner_pack_faces threads=1533387 begin_tick=1965395010348500 end_tick=1965395010405583 ms_per_tick=9.9999999999999995e-07 device_ms=0.057082999999999995
PRODUCER_KERNEL_V1 stage=2 raw_iteration=0 ordinal=1 kernel=owner_pack_faces threads=1533387 begin_tick=1965395010405583 end_tick=1965395010741250 ms_per_tick=9.9999999999999995e-07 device_ms=0.33566699999999999
PRODUCER_KERNEL_V1 stage=2 raw_iteration=0 ordinal=2 kernel=owner_pack_faces threads=1533387 begin_tick=1965395010346166 end_tick=1965395010405791 ms_per_tick=9.9999999999999995e-07 device_ms=0.059624999999999997
PRODUCER_KERNEL_V1 stage=2 raw_iteration=0 ordinal=3 kernel=fct_extract_gas_density threads=504666 begin_tick=1965395010406083 end_tick=1965395010457833 ms_per_tick=9.9999999999999995e-07 device_ms=0.051749999999999997
PRODUCER_KERNEL_V1 stage=2 raw_iteration=0 ordinal=4 kernel=owner_gas_source threads=504666 begin_tick=1965395010741666 end_tick=1965395010910041 ms_per_tick=9.9999999999999995e-07 device_ms=0.168375
PRODUCER_KERNEL_V1 stage=2 raw_iteration=0 ordinal=5 kernel=evaluate_resident_transport threads=504666 begin_tick=1965395010457833 end_tick=1965395010921541 ms_per_tick=9.9999999999999995e-07 device_ms=0.46370799999999995
PRODUCER_KERNEL_V1 stage=2 raw_iteration=0 ordinal=6 kernel=identify_resident_transport threads=1 begin_tick=1965395010921916 end_tick=1965395010924958 ms_per_tick=9.9999999999999995e-07 device_ms=0.003042
PRODUCER_KERNEL_V1 stage=2 raw_iteration=0 ordinal=7 kernel=owner_bind_transport threads=1 begin_tick=1965395010925500 end_tick=1965395010929083 ms_per_tick=9.9999999999999995e-07 device_ms=0.0035829999999999998
PRODUCER_KERNEL_V1 stage=2 raw_iteration=0 ordinal=8 kernel=identify_resident_owner_endpoint_class threads=1 begin_tick=1965395010929375 end_tick=1965395010932958 ms_per_tick=9.9999999999999995e-07 device_ms=0.0035829999999999998
PRODUCER_KERNEL_V1 stage=2 raw_iteration=0 ordinal=9 kernel=evaluate_resident_physical_flux threads=1533387 begin_tick=1965395012029166 end_tick=1965395013144375 ms_per_tick=9.9999999999999995e-07 device_ms=1.1152089999999999
PRODUCER_KERNEL_V1 stage=2 raw_iteration=0 ordinal=10 kernel=evaluate_resident_advective_pair threads=13800483 begin_tick=1965395013598125 end_tick=1965395020688416 ms_per_tick=9.9999999999999995e-07 device_ms=7.0902909999999997
PRODUCER_KERNEL_V1 stage=2 raw_iteration=0 ordinal=11 kernel=finalize_resident_advective_high threads=13800483 begin_tick=1965395020689291 end_tick=1965395021110458 ms_per_tick=9.9999999999999995e-07 device_ms=0.42116699999999996
PRODUCER_KERNEL_V1 stage=2 raw_iteration=0 ordinal=12 kernel=compose_resident_flux_pair threads=13800483 begin_tick=1965395021110875 end_tick=1965395021992625 ms_per_tick=9.9999999999999995e-07 device_ms=0.88174999999999992
PRODUCER_KERNEL_V1 stage=2 raw_iteration=0 ordinal=13 kernel=validate_resident_physical_flux threads=13800483 begin_tick=1965395021993333 end_tick=1965395022827791 ms_per_tick=9.9999999999999995e-07 device_ms=0.83445799999999992
PRODUCER_KERNEL_V1 stage=2 raw_iteration=0 ordinal=14 kernel=identify_resident_physical_flux threads=32 begin_tick=1965395022828458 end_tick=1965395022831583 ms_per_tick=9.9999999999999995e-07 device_ms=0.0031249999999999997
PRODUCER_KERNEL_V1 stage=2 raw_iteration=0 ordinal=15 kernel=owner_bind_candidate threads=1 begin_tick=1965395022832083 end_tick=1965395022835916 ms_per_tick=9.9999999999999995e-07 device_ms=0.003833
PRODUCER_KERNEL_V1 stage=2 raw_iteration=0 ordinal=16 kernel=finalize_resident_eos_candidate threads=1 begin_tick=1965395022836875 end_tick=1965395022839083 ms_per_tick=9.9999999999999995e-07 device_ms=0.0022079999999999999
PRODUCER_KERNEL_V1 stage=2 raw_iteration=0 ordinal=17 kernel=evaluate_resident_eos_candidate threads=504666 begin_tick=1965395022839833 end_tick=1965395596966041 ms_per_tick=9.9999999999999995e-07 device_ms=574.12620800000002
PRODUCER_KERNEL_V1 stage=2 raw_iteration=0 ordinal=18 kernel=finalize_resident_eos_candidate threads=1 begin_tick=1965395596982083 end_tick=1965395596985041 ms_per_tick=9.9999999999999995e-07 device_ms=0.0029579999999999997
PRODUCER_KERNEL_V1 stage=2 raw_iteration=0 ordinal=19 kernel=identify_resident_eos threads=1 begin_tick=1965395596985541 end_tick=1965395596988166 ms_per_tick=9.9999999999999995e-07 device_ms=0.0026249999999999997
PRODUCER_KERNEL_V1 stage=2 raw_iteration=0 ordinal=20 kernel=produce_resident_frozen_source threads=504666 begin_tick=1965395596988583 end_tick=1965395597018458 ms_per_tick=9.9999999999999995e-07 device_ms=0.029874999999999999
PRODUCER_KERNEL_V1 stage=2 raw_iteration=0 ordinal=21 kernel=identify_resident_frozen_source threads=1 begin_tick=1965395597019125 end_tick=1965395597021750 ms_per_tick=9.9999999999999995e-07 device_ms=0.0026249999999999997
PRODUCER_KERNEL_V1 stage=2 raw_iteration=0 ordinal=22 kernel=evaluate_resident_target_terms threads=504666 begin_tick=1965395597022166 end_tick=1965395710277541 ms_per_tick=9.9999999999999995e-07 device_ms=113.255375
PRODUCER_KERNEL_V1 stage=2 raw_iteration=0 ordinal=23 kernel=finalize_resident_target threads=1 begin_tick=1965395710292916 end_tick=1965395710296083 ms_per_tick=9.9999999999999995e-07 device_ms=0.0031669999999999997
PRODUCER_KERNEL_V1 stage=2 raw_iteration=0 ordinal=24 kernel=identify_resident_target threads=1 begin_tick=1965395710296458 end_tick=1965395710299208 ms_per_tick=9.9999999999999995e-07 device_ms=0.0027499999999999998
PRODUCER_KERNEL_V1 stage=2 raw_iteration=0 ordinal=25 kernel=issue_resident_projection_consumer threads=1 begin_tick=1965395710299791 end_tick=1965395710303666 ms_per_tick=9.9999999999999995e-07 device_ms=0.003875
PRODUCER_KERNEL_V1 stage=2 raw_iteration=0 ordinal=26 kernel=consume_resident_target threads=1 begin_tick=1965395710304083 end_tick=1965395710308250 ms_per_tick=9.9999999999999995e-07 device_ms=0.0041669999999999997
PRODUCER_KERNEL_V1 stage=2 raw_iteration=0 ordinal=27 kernel=owner_compose_target threads=504666 begin_tick=1965395710308833 end_tick=1965395710338333 ms_per_tick=9.9999999999999995e-07 device_ms=0.029499999999999998
PRODUCER_KERNEL_V1 stage=2 raw_iteration=0 ordinal=28 kernel=finalize_resident_target threads=1 begin_tick=1965395710338625 end_tick=1965395710340875 ms_per_tick=9.9999999999999995e-07 device_ms=0.0022499999999999998
PRODUCER_KERNEL_V1 stage=2 raw_iteration=0 ordinal=29 kernel=owner_identify_target threads=1 begin_tick=1965395710341416 end_tick=1965395710344625 ms_per_tick=9.9999999999999995e-07 device_ms=0.003209
PRODUCER_KERNEL_V1 stage=2 raw_iteration=0 ordinal=30 kernel=issue_resident_projection_consumer threads=1 begin_tick=1965395710345041 end_tick=1965395710348166 ms_per_tick=9.9999999999999995e-07 device_ms=0.0031249999999999997
PRODUCER_KERNEL_V1 stage=2 raw_iteration=0 ordinal=31 kernel=consume_resident_target threads=1 begin_tick=1965395710348708 end_tick=1965395710351833 ms_per_tick=9.9999999999999995e-07 device_ms=0.0031249999999999997
PRODUCER_KERNEL_V1 stage=2 raw_iteration=0 ordinal=32 kernel=owner_issue_stage_seal threads=1 begin_tick=1965395710352208 end_tick=1965395710355125 ms_per_tick=9.9999999999999995e-07 device_ms=0.0029169999999999999
PRODUCER_KERNEL_V1 stage=2 raw_iteration=0 ordinal=33 kernel=fct_compatible_stage_rate threads=1533387 begin_tick=1965395710355583 end_tick=1965395710860625 ms_per_tick=9.9999999999999995e-07 device_ms=0.50504199999999999
PRODUCER_KERNEL_V1 stage=2 raw_iteration=0 ordinal=34 kernel=owner_heun_momentum threads=1533387 begin_tick=1965395710861125 end_tick=1965395710953333 ms_per_tick=9.9999999999999995e-07 device_ms=0.092207999999999998
RISE_FIRE_OWNER_PROFILE_V1 {"scope":78,"parent":73,"phase":"BuildStageProducerGroup","stage":2,"raw_iteration":0,"iteration_kind":"picard","wall_ms":781.568500000,"device_sum_ms":700.612916611,"wall_minus_device_ms":80.955583389,"exclusive_wall_ms":781.568500000,"exclusive_device_sum_ms":700.612916611,"child_observer_wall_ms":0.000000000,"count_scope":"inclusive","owner_commits":1,"projection_invocations":0}
RISE_FIRE_OWNER_PROFILE_V1 {"scope":79,"parent":73,"phase":"Residual","stage":2,"raw_iteration":0,"iteration_kind":"picard","wall_ms":0.252833000,"device_sum_ms":0.021791551,"wall_minus_device_ms":0.231041449,"exclusive_wall_ms":0.252833000,"exclusive_device_sum_ms":0.021791551,"child_observer_wall_ms":0.000000000,"count_scope":"inclusive","owner_commits":1,"projection_invocations":0}
RISE_FIRE_OWNER_PROFILE_V1 {"scope":73,"parent":69,"phase":"PicardIteration","stage":2,"raw_iteration":0,"iteration_kind":"picard","wall_ms":796.085792000,"device_sum_ms":710.460083093,"wall_minus_device_ms":85.625708907,"exclusive_wall_ms":0.729126000,"exclusive_device_sum_ms":0.000000000,"child_observer_wall_ms":0.030667000,"count_scope":"inclusive","owner_commits":6,"projection_invocations":1}
RISE_FIRE_OWNER_PROFILE_V1 {"scope":82,"parent":81,"phase":"ProjectionAdapter","stage":2,"raw_iteration":1,"iteration_kind":"picard","wall_ms":11.944083000,"device_sum_ms":9.122333489,"wall_minus_device_ms":2.821749511,"exclusive_wall_ms":11.944083000,"exclusive_device_sum_ms":9.122333489,"child_observer_wall_ms":0.000000000,"count_scope":"inclusive","owner_commits":0,"projection_invocations":1}
RISE_FIRE_OWNER_PROFILE_V1 {"scope":81,"parent":80,"phase":"Project","stage":2,"raw_iteration":1,"iteration_kind":"picard","wall_ms":13.125750000,"device_sum_ms":9.166250238,"wall_minus_device_ms":3.959499762,"exclusive_wall_ms":1.175583000,"exclusive_device_sum_ms":0.043916749,"child_observer_wall_ms":0.006084000,"count_scope":"inclusive","owner_commits":2,"projection_invocations":1}
RISE_FIRE_OWNER_PROFILE_V1 {"scope":83,"parent":80,"phase":"ReadOpenClass","stage":2,"raw_iteration":1,"iteration_kind":"picard","wall_ms":0.164875000,"device_sum_ms":0.002500135,"wall_minus_device_ms":0.162374865,"exclusive_wall_ms":0.164875000,"exclusive_device_sum_ms":0.002500135,"child_observer_wall_ms":0.000000000,"count_scope":"inclusive","owner_commits":1,"projection_invocations":0}
RISE_FIRE_OWNER_PROFILE_V1 {"scope":84,"parent":80,"phase":"ReadOpenClass","stage":2,"raw_iteration":1,"iteration_kind":"picard","wall_ms":0.330417000,"device_sum_ms":0.134291593,"wall_minus_device_ms":0.196125407,"exclusive_wall_ms":0.330417000,"exclusive_device_sum_ms":0.134291593,"child_observer_wall_ms":0.000000000,"count_scope":"inclusive","owner_commits":1,"projection_invocations":0}
PRODUCER_COMMAND_V1 stage=2 raw_iteration=1 cpu_begin=1965395725900333 cpu_end=1965396491678333 gpu_begin=1965395725900333 gpu_end=1965396491678333 device_ms=683.80570830777287 encoders=35 interval_scope=possibly_overlapping
PRODUCER_KERNEL_V1 stage=2 raw_iteration=1 ordinal=0 kernel=owner_pack_faces threads=1533387 begin_tick=1965395807770666 end_tick=1965395807824833 ms_per_tick=9.9999999999999995e-07 device_ms=0.054167
PRODUCER_KERNEL_V1 stage=2 raw_iteration=1 ordinal=1 kernel=owner_pack_faces threads=1533387 begin_tick=1965395807824666 end_tick=1965395808257625 ms_per_tick=9.9999999999999995e-07 device_ms=0.43295899999999998
PRODUCER_KERNEL_V1 stage=2 raw_iteration=1 ordinal=2 kernel=owner_pack_faces threads=1533387 begin_tick=1965395807767125 end_tick=1965395807824625 ms_per_tick=9.9999999999999995e-07 device_ms=0.057499999999999996
PRODUCER_KERNEL_V1 stage=2 raw_iteration=1 ordinal=3 kernel=fct_extract_gas_density threads=504666 begin_tick=1965395808257625 end_tick=1965395808281875 ms_per_tick=9.9999999999999995e-07 device_ms=0.024249999999999997
PRODUCER_KERNEL_V1 stage=2 raw_iteration=1 ordinal=4 kernel=owner_gas_source threads=504666 begin_tick=1965395808281875 end_tick=1965395808324333 ms_per_tick=9.9999999999999995e-07 device_ms=0.042457999999999996
PRODUCER_KERNEL_V1 stage=2 raw_iteration=1 ordinal=5 kernel=evaluate_resident_transport threads=504666 begin_tick=1965395807825208 end_tick=1965395808327416 ms_per_tick=9.9999999999999995e-07 device_ms=0.50220799999999999
PRODUCER_KERNEL_V1 stage=2 raw_iteration=1 ordinal=6 kernel=identify_resident_transport threads=1 begin_tick=1965395808327958 end_tick=1965395808330875 ms_per_tick=9.9999999999999995e-07 device_ms=0.0029169999999999999
PRODUCER_KERNEL_V1 stage=2 raw_iteration=1 ordinal=7 kernel=owner_bind_transport threads=1 begin_tick=1965395808331416 end_tick=1965395808335125 ms_per_tick=9.9999999999999995e-07 device_ms=0.0037089999999999996
PRODUCER_KERNEL_V1 stage=2 raw_iteration=1 ordinal=8 kernel=identify_resident_owner_endpoint_class threads=1 begin_tick=1965395808335541 end_tick=1965395808339166 ms_per_tick=9.9999999999999995e-07 device_ms=0.0036249999999999998
PRODUCER_KERNEL_V1 stage=2 raw_iteration=1 ordinal=9 kernel=evaluate_resident_physical_flux threads=1533387 begin_tick=1965395809389208 end_tick=1965395810501541 ms_per_tick=9.9999999999999995e-07 device_ms=1.112333
PRODUCER_KERNEL_V1 stage=2 raw_iteration=1 ordinal=10 kernel=evaluate_resident_advective_pair threads=13800483 begin_tick=1965395810956041 end_tick=1965395818040666 ms_per_tick=9.9999999999999995e-07 device_ms=7.084625
PRODUCER_KERNEL_V1 stage=2 raw_iteration=1 ordinal=11 kernel=finalize_resident_advective_high threads=13800483 begin_tick=1965395818041875 end_tick=1965395818461458 ms_per_tick=9.9999999999999995e-07 device_ms=0.41958299999999998
PRODUCER_KERNEL_V1 stage=2 raw_iteration=1 ordinal=12 kernel=compose_resident_flux_pair threads=13800483 begin_tick=1965395818461833 end_tick=1965395819343291 ms_per_tick=9.9999999999999995e-07 device_ms=0.88145799999999996
PRODUCER_KERNEL_V1 stage=2 raw_iteration=1 ordinal=13 kernel=validate_resident_physical_flux threads=13800483 begin_tick=1965395819344000 end_tick=1965395820174916 ms_per_tick=9.9999999999999995e-07 device_ms=0.83091599999999999
PRODUCER_KERNEL_V1 stage=2 raw_iteration=1 ordinal=14 kernel=identify_resident_physical_flux threads=32 begin_tick=1965395820175541 end_tick=1965395820181625 ms_per_tick=9.9999999999999995e-07 device_ms=0.006084
PRODUCER_KERNEL_V1 stage=2 raw_iteration=1 ordinal=15 kernel=owner_bind_candidate threads=1 begin_tick=1965395820182000 end_tick=1965395820186041 ms_per_tick=9.9999999999999995e-07 device_ms=0.0040409999999999995
PRODUCER_KERNEL_V1 stage=2 raw_iteration=1 ordinal=16 kernel=finalize_resident_eos_candidate threads=1 begin_tick=1965395820186333 end_tick=1965395820188500 ms_per_tick=9.9999999999999995e-07 device_ms=0.0021670000000000001
PRODUCER_KERNEL_V1 stage=2 raw_iteration=1 ordinal=17 kernel=evaluate_resident_eos_candidate threads=504666 begin_tick=1965395820189208 end_tick=1965396377559958 ms_per_tick=9.9999999999999995e-07 device_ms=557.37074999999993
PRODUCER_KERNEL_V1 stage=2 raw_iteration=1 ordinal=18 kernel=finalize_resident_eos_candidate threads=1 begin_tick=1965396377573916 end_tick=1965396377576416 ms_per_tick=9.9999999999999995e-07 device_ms=0.0025000000000000001
PRODUCER_KERNEL_V1 stage=2 raw_iteration=1 ordinal=19 kernel=identify_resident_eos threads=1 begin_tick=1965396377576958 end_tick=1965396377579958 ms_per_tick=9.9999999999999995e-07 device_ms=0.0030000000000000001
PRODUCER_KERNEL_V1 stage=2 raw_iteration=1 ordinal=20 kernel=produce_resident_frozen_source threads=504666 begin_tick=1965396377580333 end_tick=1965396377613250 ms_per_tick=9.9999999999999995e-07 device_ms=0.032917000000000002
PRODUCER_KERNEL_V1 stage=2 raw_iteration=1 ordinal=21 kernel=identify_resident_frozen_source threads=1 begin_tick=1965396377613708 end_tick=1965396377616291 ms_per_tick=9.9999999999999995e-07 device_ms=0.0025829999999999998
PRODUCER_KERNEL_V1 stage=2 raw_iteration=1 ordinal=22 kernel=evaluate_resident_target_terms threads=504666 begin_tick=1965396377616708 end_tick=1965396490886583 ms_per_tick=9.9999999999999995e-07 device_ms=113.269875
PRODUCER_KERNEL_V1 stage=2 raw_iteration=1 ordinal=23 kernel=finalize_resident_target threads=1 begin_tick=1965396490902458 end_tick=1965396490905875 ms_per_tick=9.9999999999999995e-07 device_ms=0.0034169999999999999
PRODUCER_KERNEL_V1 stage=2 raw_iteration=1 ordinal=24 kernel=identify_resident_target threads=1 begin_tick=1965396490906166 end_tick=1965396490909166 ms_per_tick=9.9999999999999995e-07 device_ms=0.0030000000000000001
PRODUCER_KERNEL_V1 stage=2 raw_iteration=1 ordinal=25 kernel=issue_resident_projection_consumer threads=1 begin_tick=1965396490909750 end_tick=1965396490913666 ms_per_tick=9.9999999999999995e-07 device_ms=0.0039160000000000002
PRODUCER_KERNEL_V1 stage=2 raw_iteration=1 ordinal=26 kernel=consume_resident_target threads=1 begin_tick=1965396490914958 end_tick=1965396490919375 ms_per_tick=9.9999999999999995e-07 device_ms=0.0044169999999999999
PRODUCER_KERNEL_V1 stage=2 raw_iteration=1 ordinal=27 kernel=owner_compose_target threads=504666 begin_tick=1965396490919916 end_tick=1965396490949500 ms_per_tick=9.9999999999999995e-07 device_ms=0.029583999999999999
PRODUCER_KERNEL_V1 stage=2 raw_iteration=1 ordinal=28 kernel=finalize_resident_target threads=1 begin_tick=1965396490949791 end_tick=1965396490952166 ms_per_tick=9.9999999999999995e-07 device_ms=0.0023749999999999999
PRODUCER_KERNEL_V1 stage=2 raw_iteration=1 ordinal=29 kernel=owner_identify_target threads=1 begin_tick=1965396490952666 end_tick=1965396490955666 ms_per_tick=9.9999999999999995e-07 device_ms=0.0030000000000000001
PRODUCER_KERNEL_V1 stage=2 raw_iteration=1 ordinal=30 kernel=issue_resident_projection_consumer threads=1 begin_tick=1965396490955958 end_tick=1965396490958916 ms_per_tick=9.9999999999999995e-07 device_ms=0.0029579999999999997
PRODUCER_KERNEL_V1 stage=2 raw_iteration=1 ordinal=31 kernel=consume_resident_target threads=1 begin_tick=1965396490959333 end_tick=1965396490962750 ms_per_tick=9.9999999999999995e-07 device_ms=0.0034169999999999999
PRODUCER_KERNEL_V1 stage=2 raw_iteration=1 ordinal=32 kernel=owner_issue_stage_seal threads=1 begin_tick=1965396490963125 end_tick=1965396490966083 ms_per_tick=9.9999999999999995e-07 device_ms=0.0029579999999999997
PRODUCER_KERNEL_V1 stage=2 raw_iteration=1 ordinal=33 kernel=fct_compatible_stage_rate threads=1533387 begin_tick=1965396490966500 end_tick=1965396491473583 ms_per_tick=9.9999999999999995e-07 device_ms=0.50708299999999995
PRODUCER_KERNEL_V1 stage=2 raw_iteration=1 ordinal=34 kernel=owner_heun_momentum threads=1533387 begin_tick=1965396491473958 end_tick=1965396491567083 ms_per_tick=9.9999999999999995e-07 device_ms=0.093124999999999999
RISE_FIRE_OWNER_PROFILE_V1 {"scope":85,"parent":80,"phase":"BuildStageProducerGroup","stage":2,"raw_iteration":1,"iteration_kind":"picard","wall_ms":765.910875000,"device_sum_ms":683.805708308,"wall_minus_device_ms":82.105166692,"exclusive_wall_ms":765.910875000,"exclusive_device_sum_ms":683.805708308,"child_observer_wall_ms":0.000000000,"count_scope":"inclusive","owner_commits":1,"projection_invocations":0}
RISE_FIRE_OWNER_PROFILE_V1 {"scope":86,"parent":80,"phase":"Residual","stage":2,"raw_iteration":1,"iteration_kind":"picard","wall_ms":0.752750000,"device_sum_ms":0.539375003,"wall_minus_device_ms":0.213374997,"exclusive_wall_ms":0.752750000,"exclusive_device_sum_ms":0.539375003,"child_observer_wall_ms":0.000000000,"count_scope":"inclusive","owner_commits":1,"projection_invocations":0}
RISE_FIRE_OWNER_PROFILE_V1 {"scope":80,"parent":69,"phase":"PicardIteration","stage":2,"raw_iteration":1,"iteration_kind":"picard","wall_ms":781.168250000,"device_sum_ms":693.648125278,"wall_minus_device_ms":87.520124722,"exclusive_wall_ms":0.850582000,"exclusive_device_sum_ms":0.000000000,"child_observer_wall_ms":0.033001000,"count_scope":"inclusive","owner_commits":6,"projection_invocations":1}
RISE_FIRE_OWNER_PROFILE_V1 {"scope":89,"parent":88,"phase":"ProjectionAdapter","stage":2,"raw_iteration":2,"iteration_kind":"picard","wall_ms":11.750041000,"device_sum_ms":8.841250092,"wall_minus_device_ms":2.908790908,"exclusive_wall_ms":11.750041000,"exclusive_device_sum_ms":8.841250092,"child_observer_wall_ms":0.000000000,"count_scope":"inclusive","owner_commits":0,"projection_invocations":1}
RISE_FIRE_OWNER_PROFILE_V1 {"scope":88,"parent":87,"phase":"Project","stage":2,"raw_iteration":2,"iteration_kind":"picard","wall_ms":12.940459000,"device_sum_ms":8.884666720,"wall_minus_device_ms":4.055792280,"exclusive_wall_ms":1.184334000,"exclusive_device_sum_ms":0.043416629,"child_observer_wall_ms":0.006084000,"count_scope":"inclusive","owner_commits":2,"projection_invocations":1}
RISE_FIRE_OWNER_PROFILE_V1 {"scope":90,"parent":87,"phase":"ReadOpenClass","stage":2,"raw_iteration":2,"iteration_kind":"picard","wall_ms":0.165709000,"device_sum_ms":0.002291752,"wall_minus_device_ms":0.163417248,"exclusive_wall_ms":0.165709000,"exclusive_device_sum_ms":0.002291752,"child_observer_wall_ms":0.000000000,"count_scope":"inclusive","owner_commits":1,"projection_invocations":0}
RISE_FIRE_OWNER_PROFILE_V1 {"scope":91,"parent":87,"phase":"ReadOpenClass","stage":2,"raw_iteration":2,"iteration_kind":"picard","wall_ms":0.148333000,"device_sum_ms":0.002333196,"wall_minus_device_ms":0.145999804,"exclusive_wall_ms":0.148333000,"exclusive_device_sum_ms":0.002333196,"child_observer_wall_ms":0.000000000,"count_scope":"inclusive","owner_commits":1,"projection_invocations":0}
PRODUCER_COMMAND_V1 stage=2 raw_iteration=2 cpu_begin=1965396506705958 cpu_end=1965397265200333 gpu_begin=1965396506705958 gpu_end=1965397265200333 device_ms=676.74562497995794 encoders=35 interval_scope=possibly_overlapping
PRODUCER_KERNEL_V1 stage=2 raw_iteration=2 ordinal=0 kernel=owner_pack_faces threads=1533387 begin_tick=1965396588323916 end_tick=1965396588376416 ms_per_tick=9.9999999999999995e-07 device_ms=0.052499999999999998
PRODUCER_KERNEL_V1 stage=2 raw_iteration=2 ordinal=1 kernel=owner_pack_faces threads=1533387 begin_tick=1965396588376166 end_tick=1965396588722041 ms_per_tick=9.9999999999999995e-07 device_ms=0.34587499999999999
PRODUCER_KERNEL_V1 stage=2 raw_iteration=2 ordinal=2 kernel=owner_pack_faces threads=1533387 begin_tick=1965396588321166 end_tick=1965396588376166 ms_per_tick=9.9999999999999995e-07 device_ms=0.055
PRODUCER_KERNEL_V1 stage=2 raw_iteration=2 ordinal=3 kernel=fct_extract_gas_density threads=504666 begin_tick=1965396588376875 end_tick=1965396588425958 ms_per_tick=9.9999999999999995e-07 device_ms=0.049082999999999995
PRODUCER_KERNEL_V1 stage=2 raw_iteration=2 ordinal=4 kernel=owner_gas_source threads=504666 begin_tick=1965396588722458 end_tick=1965396588879208 ms_per_tick=9.9999999999999995e-07 device_ms=0.15675
PRODUCER_KERNEL_V1 stage=2 raw_iteration=2 ordinal=5 kernel=evaluate_resident_transport threads=504666 begin_tick=1965396588425958 end_tick=1965396588889291 ms_per_tick=9.9999999999999995e-07 device_ms=0.46333299999999999
PRODUCER_KERNEL_V1 stage=2 raw_iteration=2 ordinal=6 kernel=identify_resident_transport threads=1 begin_tick=1965396588889750 end_tick=1965396588892416 ms_per_tick=9.9999999999999995e-07 device_ms=0.002666
PRODUCER_KERNEL_V1 stage=2 raw_iteration=2 ordinal=7 kernel=owner_bind_transport threads=1 begin_tick=1965396588892875 end_tick=1965396588896375 ms_per_tick=9.9999999999999995e-07 device_ms=0.0034999999999999996
PRODUCER_KERNEL_V1 stage=2 raw_iteration=2 ordinal=8 kernel=identify_resident_owner_endpoint_class threads=1 begin_tick=1965396588897500 end_tick=1965396588901083 ms_per_tick=9.9999999999999995e-07 device_ms=0.0035829999999999998
PRODUCER_KERNEL_V1 stage=2 raw_iteration=2 ordinal=9 kernel=evaluate_resident_physical_flux threads=1533387 begin_tick=1965396589908458 end_tick=1965396591026958 ms_per_tick=9.9999999999999995e-07 device_ms=1.1185
PRODUCER_KERNEL_V1 stage=2 raw_iteration=2 ordinal=10 kernel=evaluate_resident_advective_pair threads=13800483 begin_tick=1965396591420541 end_tick=1965396598934458 ms_per_tick=9.9999999999999995e-07 device_ms=7.5139169999999993
PRODUCER_KERNEL_V1 stage=2 raw_iteration=2 ordinal=11 kernel=finalize_resident_advective_high threads=13800483 begin_tick=1965396598958000 end_tick=1965396599431333 ms_per_tick=9.9999999999999995e-07 device_ms=0.473333
PRODUCER_KERNEL_V1 stage=2 raw_iteration=2 ordinal=12 kernel=compose_resident_flux_pair threads=13800483 begin_tick=1965396599431708 end_tick=1965396600323166 ms_per_tick=9.9999999999999995e-07 device_ms=0.89145799999999997
PRODUCER_KERNEL_V1 stage=2 raw_iteration=2 ordinal=13 kernel=validate_resident_physical_flux threads=13800483 begin_tick=1965396600323833 end_tick=1965396601156833 ms_per_tick=9.9999999999999995e-07 device_ms=0.83299999999999996
PRODUCER_KERNEL_V1 stage=2 raw_iteration=2 ordinal=14 kernel=identify_resident_physical_flux threads=32 begin_tick=1965396601157541 end_tick=1965396601163500 ms_per_tick=9.9999999999999995e-07 device_ms=0.0059589999999999999
PRODUCER_KERNEL_V1 stage=2 raw_iteration=2 ordinal=15 kernel=owner_bind_candidate threads=1 begin_tick=1965396601163916 end_tick=1965396601167708 ms_per_tick=9.9999999999999995e-07 device_ms=0.0037919999999999998
PRODUCER_KERNEL_V1 stage=2 raw_iteration=2 ordinal=16 kernel=finalize_resident_eos_candidate threads=1 begin_tick=1965396601168041 end_tick=1965396601170291 ms_per_tick=9.9999999999999995e-07 device_ms=0.0022499999999999998
PRODUCER_KERNEL_V1 stage=2 raw_iteration=2 ordinal=17 kernel=evaluate_resident_eos_candidate threads=504666 begin_tick=1965396601170916 end_tick=1965397151043791 ms_per_tick=9.9999999999999995e-07 device_ms=549.87287500000002
PRODUCER_KERNEL_V1 stage=2 raw_iteration=2 ordinal=18 kernel=finalize_resident_eos_candidate threads=1 begin_tick=1965397151058500 end_tick=1965397151061125 ms_per_tick=9.9999999999999995e-07 device_ms=0.0026249999999999997
PRODUCER_KERNEL_V1 stage=2 raw_iteration=2 ordinal=19 kernel=identify_resident_eos threads=1 begin_tick=1965397151061625 end_tick=1965397151064250 ms_per_tick=9.9999999999999995e-07 device_ms=0.0026249999999999997
PRODUCER_KERNEL_V1 stage=2 raw_iteration=2 ordinal=20 kernel=produce_resident_frozen_source threads=504666 begin_tick=1965397151064583 end_tick=1965397151095583 ms_per_tick=9.9999999999999995e-07 device_ms=0.031
PRODUCER_KERNEL_V1 stage=2 raw_iteration=2 ordinal=21 kernel=identify_resident_frozen_source threads=1 begin_tick=1965397151096041 end_tick=1965397151098583 ms_per_tick=9.9999999999999995e-07 device_ms=0.002542
PRODUCER_KERNEL_V1 stage=2 raw_iteration=2 ordinal=22 kernel=evaluate_resident_target_terms threads=504666 begin_tick=1965397151099000 end_tick=1965397264374375 ms_per_tick=9.9999999999999995e-07 device_ms=113.275375
PRODUCER_KERNEL_V1 stage=2 raw_iteration=2 ordinal=23 kernel=finalize_resident_target threads=1 begin_tick=1965397264390458 end_tick=1965397264393666 ms_per_tick=9.9999999999999995e-07 device_ms=0.0032079999999999999
PRODUCER_KERNEL_V1 stage=2 raw_iteration=2 ordinal=24 kernel=identify_resident_target threads=1 begin_tick=1965397264394083 end_tick=1965397264396916 ms_per_tick=9.9999999999999995e-07 device_ms=0.002833
PRODUCER_KERNEL_V1 stage=2 raw_iteration=2 ordinal=25 kernel=issue_resident_projection_consumer threads=1 begin_tick=1965397264397500 end_tick=1965397264401375 ms_per_tick=9.9999999999999995e-07 device_ms=0.003875
PRODUCER_KERNEL_V1 stage=2 raw_iteration=2 ordinal=26 kernel=consume_resident_target threads=1 begin_tick=1965397264402625 end_tick=1965397264406791 ms_per_tick=9.9999999999999995e-07 device_ms=0.0041659999999999996
PRODUCER_KERNEL_V1 stage=2 raw_iteration=2 ordinal=27 kernel=owner_compose_target threads=504666 begin_tick=1965397264407375 end_tick=1965397264436375 ms_per_tick=9.9999999999999995e-07 device_ms=0.028999999999999998
PRODUCER_KERNEL_V1 stage=2 raw_iteration=2 ordinal=28 kernel=finalize_resident_target threads=1 begin_tick=1965397264436666 end_tick=1965397264439000 ms_per_tick=9.9999999999999995e-07 device_ms=0.0023339999999999997
PRODUCER_KERNEL_V1 stage=2 raw_iteration=2 ordinal=29 kernel=owner_identify_target threads=1 begin_tick=1965397264439541 end_tick=1965397264442666 ms_per_tick=9.9999999999999995e-07 device_ms=0.0031249999999999997
PRODUCER_KERNEL_V1 stage=2 raw_iteration=2 ordinal=30 kernel=issue_resident_projection_consumer threads=1 begin_tick=1965397264443041 end_tick=1965397264446250 ms_per_tick=9.9999999999999995e-07 device_ms=0.003209
PRODUCER_KERNEL_V1 stage=2 raw_iteration=2 ordinal=31 kernel=consume_resident_target threads=1 begin_tick=1965397264446791 end_tick=1965397264450083 ms_per_tick=9.9999999999999995e-07 device_ms=0.0032919999999999998
PRODUCER_KERNEL_V1 stage=2 raw_iteration=2 ordinal=32 kernel=owner_issue_stage_seal threads=1 begin_tick=1965397264450458 end_tick=1965397264456916 ms_per_tick=9.9999999999999995e-07 device_ms=0.0064579999999999993
PRODUCER_KERNEL_V1 stage=2 raw_iteration=2 ordinal=33 kernel=fct_compatible_stage_rate threads=1533387 begin_tick=1965397264457291 end_tick=1965397264968458 ms_per_tick=9.9999999999999995e-07 device_ms=0.51116699999999993
PRODUCER_KERNEL_V1 stage=2 raw_iteration=2 ordinal=34 kernel=owner_heun_momentum threads=1533387 begin_tick=1965397264968833 end_tick=1965397265061375 ms_per_tick=9.9999999999999995e-07 device_ms=0.092541999999999999
RISE_FIRE_OWNER_PROFILE_V1 {"scope":92,"parent":87,"phase":"BuildStageProducerGroup","stage":2,"raw_iteration":2,"iteration_kind":"picard","wall_ms":758.644916000,"device_sum_ms":676.745624980,"wall_minus_device_ms":81.899291020,"exclusive_wall_ms":758.644916000,"exclusive_device_sum_ms":676.745624980,"child_observer_wall_ms":0.000000000,"count_scope":"inclusive","owner_commits":1,"projection_invocations":0}
RISE_FIRE_OWNER_PROFILE_V1 {"scope":93,"parent":87,"phase":"Residual","stage":2,"raw_iteration":2,"iteration_kind":"picard","wall_ms":0.331375000,"device_sum_ms":0.111249974,"wall_minus_device_ms":0.220125026,"exclusive_wall_ms":0.331375000,"exclusive_device_sum_ms":0.111249974,"child_observer_wall_ms":0.000000000,"count_scope":"inclusive","owner_commits":1,"projection_invocations":0}
RISE_FIRE_OWNER_PROFILE_V1 {"scope":96,"parent":95,"phase":"ProjectionAdapter","stage":2,"raw_iteration":2147483650,"iteration_kind":"terminal","wall_ms":12.391333000,"device_sum_ms":9.453708539,"wall_minus_device_ms":2.937624461,"exclusive_wall_ms":12.391333000,"exclusive_device_sum_ms":9.453708539,"child_observer_wall_ms":0.000000000,"count_scope":"inclusive","owner_commits":0,"projection_invocations":1}
RISE_FIRE_OWNER_PROFILE_V1 {"scope":95,"parent":94,"phase":"Project","stage":2,"raw_iteration":2147483650,"iteration_kind":"terminal","wall_ms":12.917958000,"device_sum_ms":9.491167031,"wall_minus_device_ms":3.426790969,"exclusive_wall_ms":0.521000000,"exclusive_device_sum_ms":0.037458492,"child_observer_wall_ms":0.005625000,"count_scope":"inclusive","owner_commits":2,"projection_invocations":1}
RISE_FIRE_OWNER_PROFILE_V1 {"scope":97,"parent":94,"phase":"ReadOpenClass","stage":2,"raw_iteration":2147483650,"iteration_kind":"terminal","wall_ms":0.163167000,"device_sum_ms":0.002374873,"wall_minus_device_ms":0.160792127,"exclusive_wall_ms":0.163167000,"exclusive_device_sum_ms":0.002374873,"child_observer_wall_ms":0.000000000,"count_scope":"inclusive","owner_commits":1,"projection_invocations":0}
RISE_FIRE_OWNER_PROFILE_V1 {"scope":98,"parent":94,"phase":"ReadOpenClass","stage":2,"raw_iteration":2147483650,"iteration_kind":"terminal","wall_ms":0.152542000,"device_sum_ms":0.002375105,"wall_minus_device_ms":0.150166895,"exclusive_wall_ms":0.152542000,"exclusive_device_sum_ms":0.002375105,"child_observer_wall_ms":0.000000000,"count_scope":"inclusive","owner_commits":1,"projection_invocations":0}
PRODUCER_COMMAND_V1 stage=2 raw_iteration=2147483650 cpu_begin=1965397278943125 cpu_end=1965398037815875 gpu_begin=1965397278943125 gpu_end=1965398037815875 device_ms=678.50825004279613 encoders=35 interval_scope=possibly_overlapping
PRODUCER_KERNEL_V1 stage=2 raw_iteration=2147483650 ordinal=0 kernel=owner_pack_faces threads=1533387 begin_tick=1965397359294583 end_tick=1965397359444541 ms_per_tick=9.9999999999999995e-07 device_ms=0.14995799999999998
PRODUCER_KERNEL_V1 stage=2 raw_iteration=2147483650 ordinal=1 kernel=owner_pack_faces threads=1533387 begin_tick=1965397359392291 end_tick=1965397359445125 ms_per_tick=9.9999999999999995e-07 device_ms=0.052833999999999999
PRODUCER_KERNEL_V1 stage=2 raw_iteration=2147483650 ordinal=2 kernel=owner_pack_faces threads=1533387 begin_tick=1965397359558166 end_tick=1965397359634875 ms_per_tick=9.9999999999999995e-07 device_ms=0.076708999999999999
PRODUCER_KERNEL_V1 stage=2 raw_iteration=2147483650 ordinal=3 kernel=fct_extract_gas_density threads=504666 begin_tick=1965397359578708 end_tick=1965397359626833 ms_per_tick=9.9999999999999995e-07 device_ms=0.048125000000000001
PRODUCER_KERNEL_V1 stage=2 raw_iteration=2147483650 ordinal=4 kernel=owner_gas_source threads=504666 begin_tick=1965397359638458 end_tick=1965397359684458 ms_per_tick=9.9999999999999995e-07 device_ms=0.045999999999999999
PRODUCER_KERNEL_V1 stage=2 raw_iteration=2147483650 ordinal=5 kernel=evaluate_resident_transport threads=504666 begin_tick=1965397359766250 end_tick=1965397360219291 ms_per_tick=9.9999999999999995e-07 device_ms=0.45304099999999997
PRODUCER_KERNEL_V1 stage=2 raw_iteration=2147483650 ordinal=6 kernel=identify_resident_transport threads=1 begin_tick=1965397360219666 end_tick=1965397360222291 ms_per_tick=9.9999999999999995e-07 device_ms=0.0026249999999999997
PRODUCER_KERNEL_V1 stage=2 raw_iteration=2147483650 ordinal=7 kernel=owner_bind_transport threads=1 begin_tick=1965397360222875 end_tick=1965397360226541 ms_per_tick=9.9999999999999995e-07 device_ms=0.003666
PRODUCER_KERNEL_V1 stage=2 raw_iteration=2147483650 ordinal=8 kernel=identify_resident_owner_endpoint_class threads=1 begin_tick=1965397360226958 end_tick=1965397360230500 ms_per_tick=9.9999999999999995e-07 device_ms=0.003542
PRODUCER_KERNEL_V1 stage=2 raw_iteration=2147483650 ordinal=9 kernel=evaluate_resident_physical_flux threads=1533387 begin_tick=1965397361298041 end_tick=1965397362411708 ms_per_tick=9.9999999999999995e-07 device_ms=1.113667
PRODUCER_KERNEL_V1 stage=2 raw_iteration=2147483650 ordinal=10 kernel=evaluate_resident_advective_pair threads=13800483 begin_tick=1965397362820333 end_tick=1965397369908125 ms_per_tick=9.9999999999999995e-07 device_ms=7.0877919999999994
PRODUCER_KERNEL_V1 stage=2 raw_iteration=2147483650 ordinal=11 kernel=finalize_resident_advective_high threads=13800483 begin_tick=1965397369908916 end_tick=1965397370329375 ms_per_tick=9.9999999999999995e-07 device_ms=0.42045899999999997
PRODUCER_KERNEL_V1 stage=2 raw_iteration=2147483650 ordinal=12 kernel=compose_resident_flux_pair threads=13800483 begin_tick=1965397370329791 end_tick=1965397371214916 ms_per_tick=9.9999999999999995e-07 device_ms=0.88512499999999994
PRODUCER_KERNEL_V1 stage=2 raw_iteration=2147483650 ordinal=13 kernel=validate_resident_physical_flux threads=13800483 begin_tick=1965397371215625 end_tick=1965397372052875 ms_per_tick=9.9999999999999995e-07 device_ms=0.83724999999999994
PRODUCER_KERNEL_V1 stage=2 raw_iteration=2147483650 ordinal=14 kernel=identify_resident_physical_flux threads=32 begin_tick=1965397372053541 end_tick=1965397372056708 ms_per_tick=9.9999999999999995e-07 device_ms=0.0031669999999999997
PRODUCER_KERNEL_V1 stage=2 raw_iteration=2147483650 ordinal=15 kernel=owner_bind_candidate threads=1 begin_tick=1965397372057166 end_tick=1965397372061000 ms_per_tick=9.9999999999999995e-07 device_ms=0.0038339999999999997
PRODUCER_KERNEL_V1 stage=2 raw_iteration=2147483650 ordinal=16 kernel=finalize_resident_eos_candidate threads=1 begin_tick=1965397372061291 end_tick=1965397372063416 ms_per_tick=9.9999999999999995e-07 device_ms=0.0021249999999999997
PRODUCER_KERNEL_V1 stage=2 raw_iteration=2147483650 ordinal=17 kernel=evaluate_resident_eos_candidate threads=504666 begin_tick=1965397372064041 end_tick=1965397923219500 ms_per_tick=9.9999999999999995e-07 device_ms=551.15545899999995
PRODUCER_KERNEL_V1 stage=2 raw_iteration=2147483650 ordinal=18 kernel=finalize_resident_eos_candidate threads=1 begin_tick=1965397923234833 end_tick=1965397923237541 ms_per_tick=9.9999999999999995e-07 device_ms=0.0027079999999999999
PRODUCER_KERNEL_V1 stage=2 raw_iteration=2147483650 ordinal=19 kernel=identify_resident_eos threads=1 begin_tick=1965397923238000 end_tick=1965397923240666 ms_per_tick=9.9999999999999995e-07 device_ms=0.002666
PRODUCER_KERNEL_V1 stage=2 raw_iteration=2147483650 ordinal=20 kernel=produce_resident_frozen_source threads=504666 begin_tick=1965397923241000 end_tick=1965397923273916 ms_per_tick=9.9999999999999995e-07 device_ms=0.032916000000000001
PRODUCER_KERNEL_V1 stage=2 raw_iteration=2147483650 ordinal=21 kernel=identify_resident_frozen_source threads=1 begin_tick=1965397923274375 end_tick=1965397923277000 ms_per_tick=9.9999999999999995e-07 device_ms=0.0026249999999999997
PRODUCER_KERNEL_V1 stage=2 raw_iteration=2147483650 ordinal=22 kernel=evaluate_resident_target_terms threads=504666 begin_tick=1965397923277333 end_tick=1965398036998541 ms_per_tick=9.9999999999999995e-07 device_ms=113.72120799999999
PRODUCER_KERNEL_V1 stage=2 raw_iteration=2147483650 ordinal=23 kernel=finalize_resident_target threads=1 begin_tick=1965398037014791 end_tick=1965398037017958 ms_per_tick=9.9999999999999995e-07 device_ms=0.0031669999999999997
PRODUCER_KERNEL_V1 stage=2 raw_iteration=2147483650 ordinal=24 kernel=identify_resident_target threads=1 begin_tick=1965398037018375 end_tick=1965398037021166 ms_per_tick=9.9999999999999995e-07 device_ms=0.0027910000000000001
PRODUCER_KERNEL_V1 stage=2 raw_iteration=2147483650 ordinal=25 kernel=issue_resident_projection_consumer threads=1 begin_tick=1965398037021750 end_tick=1965398037025750 ms_per_tick=9.9999999999999995e-07 device_ms=0.0040000000000000001
PRODUCER_KERNEL_V1 stage=2 raw_iteration=2147483650 ordinal=26 kernel=consume_resident_target threads=1 begin_tick=1965398037026166 end_tick=1965398037030250 ms_per_tick=9.9999999999999995e-07 device_ms=0.004084
PRODUCER_KERNEL_V1 stage=2 raw_iteration=2147483650 ordinal=27 kernel=owner_compose_target threads=504666 begin_tick=1965398037030791 end_tick=1965398037059625 ms_per_tick=9.9999999999999995e-07 device_ms=0.028833999999999999
PRODUCER_KERNEL_V1 stage=2 raw_iteration=2147483650 ordinal=28 kernel=finalize_resident_target threads=1 begin_tick=1965398037060041 end_tick=1965398037065875 ms_per_tick=9.9999999999999995e-07 device_ms=0.0058339999999999998
PRODUCER_KERNEL_V1 stage=2 raw_iteration=2147483650 ordinal=29 kernel=owner_identify_target threads=1 begin_tick=1965398037066416 end_tick=1965398037069541 ms_per_tick=9.9999999999999995e-07 device_ms=0.0031249999999999997
PRODUCER_KERNEL_V1 stage=2 raw_iteration=2147483650 ordinal=30 kernel=issue_resident_projection_consumer threads=1 begin_tick=1965398037069833 end_tick=1965398037073250 ms_per_tick=9.9999999999999995e-07 device_ms=0.0034169999999999999
PRODUCER_KERNEL_V1 stage=2 raw_iteration=2147483650 ordinal=31 kernel=consume_resident_target threads=1 begin_tick=1965398037073750 end_tick=1965398037077166 ms_per_tick=9.9999999999999995e-07 device_ms=0.0034159999999999998
PRODUCER_KERNEL_V1 stage=2 raw_iteration=2147483650 ordinal=32 kernel=owner_issue_stage_seal threads=1 begin_tick=1965398037077583 end_tick=1965398037081166 ms_per_tick=9.9999999999999995e-07 device_ms=0.0035829999999999998
PRODUCER_KERNEL_V1 stage=2 raw_iteration=2147483650 ordinal=33 kernel=fct_compatible_stage_rate threads=1533387 begin_tick=1965398037081541 end_tick=1965398037588916 ms_per_tick=9.9999999999999995e-07 device_ms=0.50737500000000002
PRODUCER_KERNEL_V1 stage=2 raw_iteration=2147483650 ordinal=34 kernel=owner_heun_momentum threads=1533387 begin_tick=1965398037589500 end_tick=1965398037686083 ms_per_tick=9.9999999999999995e-07 device_ms=0.096583000000000002
RISE_FIRE_OWNER_PROFILE_V1 {"scope":99,"parent":94,"phase":"BuildStageProducerGroup","stage":2,"raw_iteration":2147483650,"iteration_kind":"terminal","wall_ms":759.014500000,"device_sum_ms":678.508250043,"wall_minus_device_ms":80.506249957,"exclusive_wall_ms":759.014500000,"exclusive_device_sum_ms":678.508250043,"child_observer_wall_ms":0.000000000,"count_scope":"inclusive","owner_commits":1,"projection_invocations":0}
RISE_FIRE_OWNER_PROFILE_V1 {"scope":100,"parent":94,"phase":"Residual","stage":2,"raw_iteration":2147483650,"iteration_kind":"terminal","wall_ms":0.326833000,"device_sum_ms":0.112749869,"wall_minus_device_ms":0.214083131,"exclusive_wall_ms":0.326833000,"exclusive_device_sum_ms":0.112749869,"child_observer_wall_ms":0.000000000,"count_scope":"inclusive","owner_commits":1,"projection_invocations":0}
RISE_FIRE_OWNER_PROFILE_V1 {"scope":94,"parent":87,"phase":"TerminalVerification","stage":2,"raw_iteration":2147483650,"iteration_kind":"terminal","wall_ms":772.608042000,"device_sum_ms":688.116916921,"wall_minus_device_ms":84.491125079,"exclusive_wall_ms":0.003875000,"exclusive_device_sum_ms":0.000000000,"child_observer_wall_ms":0.029167000,"count_scope":"inclusive","owner_commits":6,"projection_invocations":1}
RISE_FIRE_OWNER_PROFILE_V1 {"scope":87,"parent":69,"phase":"PicardIteration","stage":2,"raw_iteration":2,"iteration_kind":"picard","wall_ms":1545.709208000,"device_sum_ms":1373.863083543,"wall_minus_device_ms":171.846124457,"exclusive_wall_ms":0.838499000,"exclusive_device_sum_ms":0.000000000,"child_observer_wall_ms":0.031875000,"count_scope":"inclusive","owner_commits":12,"projection_invocations":2}
RISE_FIRE_OWNER_PROFILE_V1 {"scope":69,"parent":1,"phase":"SolveStage","stage":2,"raw_iteration":4294967295,"iteration_kind":"bootstrap","wall_ms":3907.198666000,"device_sum_ms":3474.528625142,"wall_minus_device_ms":432.670040858,"exclusive_wall_ms":3.210458000,"exclusive_device_sum_ms":0.000000000,"child_observer_wall_ms":0.027750000,"count_scope":"inclusive","owner_commits":27,"projection_invocations":5}
RISE_FIRE_OWNER_PROFILE_V1 {"scope":101,"parent":1,"phase":"TerminalPublication","stage":4294967295,"raw_iteration":4294967295,"iteration_kind":"owner","wall_ms":12.108333000,"device_sum_ms":6.100708386,"wall_minus_device_ms":6.007624614,"exclusive_wall_ms":12.108333000,"exclusive_device_sum_ms":6.100708386,"child_observer_wall_ms":0.000000000,"count_scope":"inclusive","owner_commits":1,"projection_invocations":0}
RISE_FIRE_OWNER_PROFILE_V1 {"scope":1,"parent":0,"phase":"OwnerRun","stage":4294967295,"raw_iteration":4294967295,"iteration_kind":"owner","wall_ms":11842.557000000,"device_sum_ms":10436.778584728,"wall_minus_device_ms":1405.778415272,"exclusive_wall_ms":7.645335000,"exclusive_device_sum_ms":0.017208280,"child_observer_wall_ms":0.071834000,"count_scope":"inclusive","owner_commits":86,"projection_invocations":15}
capstone accepted step=3 time=0.00493879791 dt=0.00164626597 Tmax=307.866404 qmax=0 eos_max=7.67236907e-05 approach_eos_max=7.67236907e-05 limiter_class=continuous limiter_discrepancy=0 active_set_class=continuous active_set_discrepancy=0 active_set_cycle=0 active_set_faces=0
capstone pilot diagnostic Tmax=307.866045 CH4max=8.07286779e-06 O2max=0.265995681 eos_max=7.67236907e-05 approach_eos_max=7.67236907e-05
OWNER_COST_PREFIX complete=1 steps=3 time=0.004938797908835113 wall_s=37.096536749999999 outcome_sha256=655487308e7a9e0b01c3b9c0e3cf09aabfb4f186b877b62e5d283fb970beea81 full_verdict=unavailable error=
