sample,time_s,centerline_heat_release_W
0,10.531864278920693,0
1,10.532639282086166,0
2,10.533491785550723,0
3,10.534429539373377,0
4,10.535461068531731,0
5,10.536595750629203,0
6,10.537843900994631,0
7,10.5392168663966,0
8,10.540727128303843,0
9,10.542373394273454,0
10,10.544019660243066,0
11,10.545665926212678,0
12,10.547312192182289,0
13,10.548958458151901,0
14,10.550604724121513,0
15,10.552250990091125,0
16,10.553897256060736,0
17,10.555543522030348,0
18,10.55718978799996,0
19,10.558836053969571,0
20,10.560482319939183,0
21,10.562128585908795,0
22,10.563774851878406,0
23,10.565421117848018,0
24,10.56706738381763,0
25,10.568713649787242,0
26,10.570359915756853,0
27,10.572006181726465,0
28,10.573652447696077,0
29,10.575298713665688,0
30,10.5769449796353,0
31,10.578591245604912,0
32,10.580237511574524,0
33,10.581883777544135,0
34,10.583530043513747,0
35,10.585176309483359,0
36,10.58682257545297,0
37,10.588468841422582,0
38,10.590115107392194,0
39,10.591761373361805,0
40,10.593407639331417,0
41,10.594364278920693,0
42,10.595416582509642,0
43,10.596574116469128,0
44,10.597847403812921,0
45,10.5992480199493,0
46,10.600788697687676,0
47,10.602434963657288,0
48,10.6040812296269,0
49,10.605727495596511,0
50,10.607373761566123,0
51,10.609020027535735,0
52,10.610666293505346,0
53,10.612312559474958,0
54,10.61395882544457,0
55,10.615605091414182,0
56,10.617251357383793,0
57,10.618897623353405,0
58,10.620543889323017,0
59,10.622190155292628,0
60,10.62383642126224,0
61,10.625482687231852,0
62,10.627128953201463,0
63,10.628775219171075,0
64,10.630421485140687,0
65,10.632067751110299,0
66,10.63371401707991,0
67,10.635360283049522,0
68,10.637006549019134,0
69,10.638652814988745,0
70,10.640299080958357,0
71,10.641945346927969,0
72,10.64359161289758,0
73,10.645237878867192,0
74,10.646884144836804,0
75,10.648530410806416,0
76,10.650176676776027,0
77,10.651822942745639,0
78,10.653469208715251,0
79,10.655115474684862,0
80,10.656761740654474,0
81,10.656864278906141,0
82,10.656977070982975,0
83,10.657101142271131,0
84,10.657237620682281,0
85,10.657387746941822,0
86,10.657552885830228,0
87,10.657734538610384,0
88,10.657934356662736,0
89,10.658154156517412,0
90,10.658395936356101,0
91,10.658661894172837,0
92,10.658954447768338,0
93,10.65927625673794,0
94,10.659630246598681,0
95,10.660019635448407,0
96,10.660447963186016,0
97,10.660919123700296,0
98,10.661437400289287,0
99,10.662007504513895,0
100,10.662634619184246,0
101,10.663324445333274,0
102,10.664083254079742,0
103,10.664917943729961,0
104,10.665836102351022,0
105,10.666846076863294,0
106,10.667957048768585,0
107,10.669179117910971,0
108,10.67052339392103,0
109,10.671909346383472,0
110,10.673347792144341,0
111,10.674930082539504,0
112,10.676413072644209,0
113,10.677942483474908,0
114,10.67958874944452,0
115,10.681235015414131,0
116,10.682881281383743,0
117,10.684527547353355,0
118,10.686173813322966,0
119,10.687820079292578,0
120,10.68946634526219,0
121,10.691112611231802,0
122,10.692758877201413,0
123,10.694405143171025,0
124,10.696051409140637,0
125,10.697697675110248,0
126,10.69934394107986,0
127,10.700990207049472,0
128,10.702636473019083,0
129,10.704282738988695,0
130,10.705929004958307,0
131,10.707575270927919,0
132,10.70922153689753,0
133,10.710867802867142,0
134,10.712514068836754,0
135,10.714160334806365,0
136,10.715806600775977,0
137,10.717452866745589,0
138,10.719099132715201,0
139,10.719364278913417,0
140,10.719655939719814,0
141,10.719976766609761,0
142,10.720329676194524,0
143,10.720717876734852,0
144,10.721144897332124,0
145,10.721614620000764,0
146,10.722131314912986,0
147,10.722699679310608,0
148,10.723324880171276,0
149,10.724012601123832,0
150,10.724769094194926,0
151,10.725601236561488,0
152,10.726516593182168,0
153,10.727523485482379,0
154,10.728631067024253,0
155,10.729849406685389,0
156,10.731189580335922,0
157,10.732663771304942,0
158,10.73423168464069,0
159,10.735877950610302,0
160,10.737524216579914,0
161,10.739170482549525,0
162,10.740816748519137,0
163,10.742463014488749,0
164,10.74410928045836,0
165,10.745755546427972,0
166,10.747401812397584,0
167,10.749018151713244,0
168,10.750585128254897,0
169,10.752231394224509,0
170,10.753877660194121,0
171,10.755523926163733,0
172,10.757170192133344,0
173,10.758816458102956,0
174,10.760457795979164,0
175,10.762104061948776,0
176,10.763750327918387,0
177,10.765396593887999,0
178,10.767042859857611,0
179,10.768689125827223,0
180,10.770335391796834,0
181,10.771981657766446,0
182,10.773627923736058,0
183,10.775274189705669,0
184,10.776920455675281,0
185,10.778524258108519,0
186,10.780076845367148,0
187,10.78172311133676,0
188,10.781864278913417,0
189,10.78201956324483,0
190,10.782190376012295,0
191,10.782378270050685,0
192,10.782584953492915,0
193,10.782812305282278,0
194,10.783062392256397,0
195,10.783337487919198,0
196,10.783640093133727,0
197,10.78397295888135,0
198,10.784339111203735,0
199,10.78474187876418,0
200,10.78518492308649,0
201,10.785672271849762,0
202,10.786208355501003,0
203,10.78679804753483,0
204,10.787446708760399,0
205,10.788160236137628,0
206,10.788945116270042,0
207,10.78980848442734,0
208,10.790758189388725,0
209,10.791802864863712,0
210,10.792952007839631,0
211,10.79414664592332,0
212,10.795460747780453,0
213,10.796854958163749,0
214,10.798279068309057,0
215,10.799774167702708,0
216,10.801175841705117,0
217,10.802568504113879,0
218,10.804100432775158,0
219,10.80574669874477,0
220,10.807392964714381,0
221,10.809039230683993,0
222,10.810685496653605,0
223,10.812331762623216,0
224,10.813978028592828,0
225,10.81562429456244,0
226,10.817270560532052,0
227,10.818916826501663,0
228,10.820563092471275,0
229,10.822209358440887,0
230,10.823855624410498,0
231,10.82550189038011,0
232,10.827148156349722,0
233,10.828794422319334,0
234,10.830440688288945,0
235,10.832086954258557,0
236,10.833733220228169,0
237,10.83537948619778,0
238,10.837025752167392,0
239,10.838672018137004,0
240,10.840318284106615,0
241,10.841964550076227,0
242,10.843610816045839,0
243,10.844364278942521,0
244,10.845193088105589,0
245,10.846104778167501,0
246,10.847107637258887,0
247,10.848210782212846,0
248,10.849424241627275,0
249,10.850759047018073,0
250,10.852227332936309,0
251,10.853842447446368,0
252,10.85542316216015,0
253,10.857017968948639,0
254,10.858664234918251,0
255,10.860310500887863,0
256,10.861956766857475,0
257,10.863603032827086,0
258,10.865249298796698,0
259,10.86689556476631,0
260,10.868541830735921,0
261,10.870188096705533,0
262,10.871834362675145,0
263,10.873480628644757,0
264,10.875126894614368,0
265,10.87677316058398,0
266,10.878419426553592,0
267,10.880065692523203,0
268,10.881711958492815,0
269,10.883358224462427,0
270,10.885004490432038,0
271,10.88665075640165,0
272,10.888297022371262,0
273,10.889943288340874,0
274,10.891589554310485,0
275,10.893235820280097,0
276,10.894882086249709,0
277,10.89652835221932,0
278,10.898174618188932,0
279,10.899820884158544,0
280,10.901467150128155,0
281,10.903113416097767,0
282,10.904759682067379,0
283,10.906405948036991,0
284,10.906864278913417,0
285,10.907368442880397,0
286,10.907923023238254,0
287,10.908533061643539,0
288,10.909204103889351,0
289,10.909942250371387,0
290,10.910754211501626,0
291,10.911647368768172,0
292,10.912629841790476,0
293,10.913710562126653,0
294,10.914899354531372,0
295,10.916207026188204,0
296,10.917645464964153,0
297,10.919227747675905,0
298,10.920874013645516,0
299,10.922520279615128,0
300,10.92416654558474,0
301,10.925812811554351,0
302,10.927459077523963,0
303,10.929105343493575,0
304,10.930751609463186,0
305,10.932397875432798,0
306,10.93404414140241,0
307,10.935690407372022,0
308,10.937336673341633,0
309,10.938982939311245,0
310,10.940629205280857,0
311,10.942275471250468,0
312,10.94392173722008,0
313,10.945568003189692,0
314,10.947214269159304,0
315,10.948860535128915,0
316,10.950506801098527,0
317,10.952153067068139,0
318,10.95379933303775,0
319,10.955445599007362,0
320,10.957091864976974,0
321,10.958738130946585,0
322,10.960384396916197,0
323,10.962030662885809,0
324,10.963676928855421,0
325,10.965323194825032,0
326,10.966969460794644,0
327,10.968615726764256,0
328,10.969364278913417,0
329,10.970187686289137,0
330,10.971093434396607,0
331,10.97208975734975,0
332,10.973185712609848,0
333,10.974391263349389,0
334,10.975717369139602,0
335,10.977176085485553,0
336,10.978780673489382,0
337,10.980426939458994,0
338,10.982073205428605,0
339,10.983719471398217,0
340,10.985365737367829,0
341,10.987012003337441,0
342,10.988658269307052,0
343,10.990304535276664,0
344,10.991950801246276,0
345,10.993597067215887,0
346,10.995243333185499,0
347,10.996889599155111,0
348,10.998535865124722,0
349,11.000182131094334,0
350,11.001828397063946,0
351,11.003474663033558,0
352,11.005120929003169,0
353,11.006767194972781,0
354,11.008413460942393,0
355,11.010059726912004,0
356,11.011705992881616,0
357,11.013352258851228,0
358,11.01499852482084,0
359,11.016644790790451,0
360,11.018291056760063,0
361,11.019937322729675,0
362,11.021583588699286,0
363,11.023229854668898,0
364,11.02487612063851,0
365,11.026522386608121,0
366,11.028168652577733,0
367,11.029814918547345,0
368,11.031461184516957,0
369,11.031864278913417,0
370,11.032307682755345,0
371,11.032795426981465,0
372,11.033331945618556,0
373,11.033922116119356,0
374,11.034571303658595,0
375,11.035285409969219,0
376,11.036070926893444,0
377,11.036934995521733,0
378,11.037885471036134,0
379,11.038930994131078,0
380,11.04008106947731,0
381,11.041346152334881,0
382,11.042737743489852,0
383,11.044268493795244,0
384,11.045914759764855,0
385,11.047561025734467,0
386,11.049207291704079,0
387,11.05085355767369,0
388,11.052499823643302,0
389,11.054146089612914,0
390,11.055792355582525,0
391,11.057438621552137,0
392,11.059084887521749,0
393,11.060731153491361,0
394,11.062377419460972,0
395,11.064023685430584,0
396,11.065669951400196,0
397,11.067316217369807,0
398,11.068962483339419,0
399,11.070608749309031,0
400,11.072255015278643,0
401,11.073901281248254,0
402,11.075547547217866,0
403,11.077193813187478,0
404,11.078840079157089,0
405,11.080486345126701,0
406,11.082132611096313,0
407,11.083778877065924,0
408,11.085425143035536,0
409,11.087071409005148,0
410,11.08871767497476,0
411,11.090363940944371,0
412,11.092010206913983,0
413,11.093656472883595,0
414,11.094364278913417,0
415,11.095142865575326,0
416,11.095999310920888,0
417,11.096941400806827,0
418,11.097977699733747,0
419,11.099117628553358,0
420,11.100371550208365,0
421,11.10175086408708,0
422,11.103268109400233,0
423,11.104914375369844,0
424,11.106560641339456,0
425,11.108206907309068,0
426,11.10985317327868,0
427,11.111499439248291,0
428,11.113145705217903,0
429,11.114791971187515,0
430,11.116438237157126,0
431,11.118084503126738,0
432,11.11973076909635,0
433,11.121377035065962,0
434,11.123023301035573,0
435,11.124669567005185,0
436,11.126315832974797,0
437,11.127962098944408,0
438,11.12960836491402,0
439,11.131254630883632,0
440,11.132900896853243,0
441,11.134547162822855,0
442,11.136193428792467,0
443,11.137839694762079,0
444,11.13948596073169,0
445,11.141132226701302,0
446,11.142778492670914,0
447,11.144424758640525,0
448,11.146071024610137,0
449,11.147717290579749,0
450,11.149363556549361,0
451,11.151009822518972,0
452,11.152656088488584,0
453,11.154302354458196,0
454,11.155948620427807,0
455,11.156864278913417,0
456,11.157871503230126,0
457,11.158979449966864,0
458,11.160198191377276,0
459,11.161538806940371,0
460,11.163013484059775,0
461,11.164635628891119,0
462,11.166281894860731,0
463,11.167928160830343,0
464,11.169574426799954,0
465,11.171220692769566,0
466,11.172866958739178,0
467,11.174513224708789,0
468,11.176159490678401,0
469,11.177805756648013,0
470,11.179452022617625,0
471,11.181098288587236,0
472,11.182744554556848,0
473,11.18439082052646,0
474,11.186037086496071,0
475,11.187683352465683,0
476,11.189329618435295,0
477,11.190975884404907,0
478,11.192622150374518,0
479,11.19426841634413,0
480,11.195914682313742,0
481,11.197560948283353,0
482,11.199207214252965,0
483,11.200853480222577,0
484,11.202499746192188,0
485,11.2041460121618,0
486,11.205792278131412,0
487,11.207438544101024,0
488,11.209084810070635,0
489,11.210731076040247,0
490,11.212377342009859,0
491,11.21402360797947,0
492,11.215669873949082,0
493,11.217316139918694,0
494,11.218962405888306,0
495,11.219364278913417,0
496,11.21980633923522,0
497,11.220292605597933,0
498,11.22082749861147,0
499,11.221415880914719,0
500,11.222063101442473,0
501,11.222775043999718,0
502,11.223558180812688,0
503,11.224419631318597,0
504,11.225367226892558,0
505,11.22640958197735,0
506,11.227556172547338,0
507,11.228817422197608,0
508,11.230204796789621,0
509,11.231730908875761,0
510,11.233377174845373,0
511,11.235023440814984,0
512,11.236669706784596,0
513,11.238315972754208,0
514,11.23996223872382,0
515,11.241608504693431,0
516,11.243254770663043,0
517,11.244901036632655,0
518,11.246547302602266,0
519,11.248193568571878,0
520,11.24983983454149,0
521,11.251486100511102,0
522,11.253132366480713,0
523,11.254778632450325,0
524,11.256424898419937,0
525,11.258071164389548,0
526,11.25971743035916,0
527,11.261363696328772,0
528,11.263009962298383,0
529,11.264656228267995,0
530,11.266302494237607,0
531,11.267948760207219,0
532,11.26959502617683,0
533,11.271241292146442,0
534,11.272887558116054,0
535,11.274533824085665,0
536,11.276180090055277,0
537,11.277826356024889,0
538,11.279472621994501,0
539,11.281118887964112,0
540,11.281864278913417,0
541,11.282684208963474,0
542,11.283586132012715,0
543,11.284578247366881,0
544,11.285669574303029,0
545,11.286870033967716,0
546,11.288190539598872,0
547,11.289643095828069,0
548,11.29124090764526,0
549,11.292887173614872,0
550,11.294533439584484,0
551,11.296179705554096,0
552,11.297825971523707,0
553,11.299472237493319,0
554,11.301118503462931,0
555,11.302764769432542,0
556,11.304411035402154,0
557,11.306057301371766,0
558,11.307703567341377,0
559,11.309349833310989,0
560,11.310996099280601,0
561,11.312642365250213,0
562,11.314288631219824,0
563,11.315934897189436,0
564,11.317581163159048,0
565,11.319227429128659,0
566,11.320873695098271,0
567,11.322519961067883,0
568,11.324166227037495,0
569,11.325812493007106,0
570,11.327458758976718,0
571,11.32910502494633,0
572,11.330751290915941,0
573,11.332397556885553,0
574,11.334043822855165,0
575,11.335690088824776,0
576,11.337336354794388,0
577,11.338982620764,0
578,11.340628886733612,0
579,11.342275152703223,0
580,11.343921418672835,0
581,11.344364278913417,0
582,11.344851425172237,0
583,11.34538728606276,0
584,11.345976733042335,0
585,11.346625124708225,0
586,11.347338355517422,0
587,11.348122909395897,0
588,11.348985918644757,0
589,11.349935228841787,0
590,11.350979470087623,0
591,11.352128135411476,0
592,11.353391667267715,0
593,11.354781552356144,0
594,11.356310425930133,0
595,11.357956691899744,0
596,11.359602957869356,0
597,11.361249223838968,0
598,11.362895489808579,0
599,11.364541755778191,0
600,11.366188021747803,0
601,11.367834287717415,0
602,11.369480553687026,0
603,11.371126819656638,0
604,11.37277308562625,0
605,11.374419351595861,0
606,11.376065617565473,0
607,11.377711883535085,0
608,11.379358149504696,0
609,11.381004415474308,0
610,11.38265068144392,0
611,11.384296947413532,0
612,11.385943213383143,0
613,11.387589479352755,0
614,11.389235745322367,0
615,11.390882011291978,0
616,11.39252827726159,0
617,11.394174543231202,0
618,11.395820809200814,0
619,11.397467075170425,0
620,11.399113341140037,0
621,11.400759607109649,0
622,11.40240587307926,0
623,11.404052139048872,0
624,11.405698405018484,0
625,11.406864278971625,0
626,11.408146740308439,0
627,11.409557447790576,0
628,11.411109226079134,0
629,11.412755492048746,0
630,11.414401758018357,0
631,11.416048023987969,0
632,11.417694289957581,0
633,11.419340555927192,0
634,11.420986821896804,0
635,11.422633087866416,0
636,11.424279353836027,0
637,11.425925619805639,0
638,11.427571885775251,0
639,11.429218151744863,0
640,11.430864417714474,0
641,11.432510683684086,0
642,11.434156949653698,0
643,11.435803215623309,0
644,11.437449481592921,0
645,11.439095747562533,0
646,11.440742013532144,0
647,11.442388279501756,0
648,11.444034545471368,0
649,11.44568081144098,0
650,11.447327077410591,0
651,11.448973343380203,0
652,11.450619609349815,0
653,11.452265875319426,0
654,11.453912141289038,0
655,11.45555840725865,0
656,11.457204673228262,0
657,11.458850939197873,0
658,11.460497205167485,0
659,11.462143471137097,0
660,11.463789737106708,0
661,11.46543600307632,0
662,11.467082269045932,0
663,11.468728535015543,0
664,11.469364278913417,0
665,11.470063597218541,0
666,11.470832847371639,0
667,11.47167902255751,0
668,11.472609815267788,0
669,11.473633687208348,0
670,11.474759946308041,0
671,11.475998831294419,0
672,11.477361604767793,0
673,11.478860655646713,0
674,11.480506921616325,0
675,11.482153187585936,0
676,11.483799453555548,0
677,11.48544571952516,0
678,11.487091985494772,0
679,11.488738251464383,0
680,11.490384517433995,0
681,11.492030783403607,0
682,11.493677049373218,0
683,11.49532331534283,0
684,11.496969581312442,0
685,11.498615847282053,0
686,11.500262113251665,0
687,11.501908379221277,0
688,11.503554645190889,0
689,11.5052009111605,0
690,11.506847177130112,0
691,11.508493443099724,0
692,11.510139709069335,0
693,11.511785975038947,0
694,11.513432241008559,0
695,11.51507850697817,0
696,11.516724772947782,0
697,11.518371038917394,0
698,11.520017304887006,0
699,11.521663570856617,0
700,11.523309836826229,0
701,11.524956102795841,0
702,11.526602368765452,0
703,11.528248634735064,0
704,11.529894900704676,0
705,11.531541166674288,0
706,11.531864278913417,0
707,11.532219702370639,0
708,11.532610668182315,0
709,11.533040730566427,0
710,11.533513799186039,0
711,11.534034174685075,0
712,11.534606587716553,0
713,11.535236242045357,0
714,11.535928861812863,0
715,11.536690743574582,0
716,11.537528813518293,0
717,11.538450690444733,0
718,11.539464755092922,0
719,11.540580226217571,0
720,11.541807244408119,0
721,11.543156964464288,0
722,11.544641656560998,0
723,11.546274817890662,0
724,11.547921083860274,0
725,11.549567349829886,0
726,11.551213615799497,0
727,11.552859881769109,0
728,11.554506147738721,0
729,11.556152413708332,0
730,11.557798679677944,0
731,11.559444945647556,0
732,11.561091211617168,0
733,11.562737477586779,0
734,11.564383743556391,0
735,11.566030009526003,0
736,11.567676275495614,0
737,11.569322541465226,0
738,11.570968807434838,0
739,11.57261507340445,0
740,11.574261339374061,0
741,11.575907605343673,0
742,11.577553871313285,0
743,11.579200137282896,0
744,11.580846403252508,0
745,11.58249266922212,0
746,11.584138935191731,0
747,11.585785201161343,0
748,11.587431467130955,0
749,11.589077733100567,0
750,11.590723999070178,0
751,11.59237026503979,0
752,11.594016531009402,0
753,11.594364278913417,0
754,11.594746801616566,0
755,11.595167576590029,0
756,11.595630429066659,0
757,11.596139566820057,0
758,11.596699618348794,0
759,11.597315675018763,0
760,11.597993337338266,0
761,11.598738765889721,0
762,11.599558737325424,0
763,11.600460705893056,0
764,11.60145287130581,0
765,11.602544253306405,0
766,11.60374477350706,0
767,11.60506534572778,0
768,11.606517975182214,0
769,11.608115867558809,0
770,11.60976213352842,0
771,11.611408399498032,0
772,11.613054665467644,0
773,11.614700931437255,0
774,11.616347197406867,0
775,11.617993463376479,0
776,11.61963972934609,0
777,11.621285995315702,0
778,11.622932261285314,0
779,11.624578527254926,0
780,11.626224793224537,0
781,11.627871059194149,0
782,11.629517325163761,0
783,11.631163591133372,0
784,11.632809857102984,0
785,11.634456123072596,0
786,11.636102389042208,0
787,11.637748655011819,0
788,11.639394920981431,0
789,11.641041186951043,0
790,11.642687452920654,0
791,11.644333718890266,0
792,11.645979984859878,0
793,11.647626250829489,0
794,11.649272516799101,0
795,11.650918782768713,0
796,11.652565048738325,0
797,11.654211314707936,0
798,11.655857580677548,0
799,11.656864278913417,0
800,11.657971646949591,0
801,11.659189751801023,0
802,11.660529667125957,0
803,11.662003574041591,0
804,11.663624871602224,0
805,11.665271137571835,0
806,11.666917403541447,0
807,11.668563669511059,0
808,11.670209935480671,0
809,11.671856201450282,0
810,11.673502467419894,0
811,11.675148733389506,0
812,11.676794999359117,0
813,11.678441265328729,0
814,11.680087531298341,0
815,11.681733797267952,0
816,11.683380063237564,0
817,11.685026329207176,0
818,11.686672595176788,0
819,11.688318861146399,0
820,11.689965127116011,0
821,11.691611393085623,0
822,11.693257659055234,0
823,11.694903925024846,0
824,11.696550190994458,0
825,11.69819645696407,0
826,11.699842722933681,0
827,11.701488988903293,0
828,11.703135254872905,0
829,11.704781520842516,0
830,11.706427786812128,0
831,11.70807405278174,0
832,11.709720318751351,0
833,11.711366584720963,0
834,11.713012850690575,0
835,11.714659116660187,0
836,11.716305382629798,0
837,11.71795164859941,0
838,11.719364278913417,0
839,11.720918172235542,0
840,11.722564438205154,0
841,11.724210704174766,0
842,11.725856970144378,0
843,11.727503236113989,0
844,11.729149502083601,0
845,11.730795768053213,0
846,11.732442034022824,0
847,11.734088299992436,0
848,11.735734565962048,0
849,11.737380831931659,0
850,11.739027097901271,0
851,11.740673363870883,0
852,11.742319629840495,0
853,11.743965895810106,0
854,11.745612161779718,0
855,11.74725842774933,0
856,11.748904693718941,0
857,11.750550959688553,0
858,11.752197225658165,0
859,11.753843491627777,0
860,11.755489757597388,0
861,11.757136023567,0
862,11.758782289536612,0
863,11.760428555506223,0
864,11.762074821475835,0
865,11.763721087445447,0
866,11.765367353415058,0
867,11.76701361938467,0
868,11.768659885354282,0
869,11.770306151323894,0
870,11.771952417293505,0
871,11.773598683263117,0
872,11.775244949232729,0
873,11.77689121520234,0
874,11.778537481171952,0
875,11.780183747141564,0
876,11.781830013111176,0
877,11.781864278902503,0
878,11.781901971273328,0
879,11.781943432881235,0
880,11.781989040649933,0
881,11.782039209196228,0
882,11.782094394598971,0
883,11.782155098542717,0
884,11.782221872879745,0
885,11.782295324646839,0
886,11.782376121587731,0
887,11.782464998224896,0
888,11.782562762524321,0
889,11.782670303251507,0
890,11.782788598055049,0
891,11.782918722343311,0
892,11.783061859056033,0
893,11.783219309440028,0
894,11.783392504865333,0
895,11.783583019834623,0
896,11.783792586302297,0
897,11.78402310941965,0
898,11.784276684837096,0
899,11.784555617810838,0
900,11.784862444070313,0
901,11.785199952955736,0
902,11.785571212738432,0
903,11.785979598502308,0
904,11.786428822848393,0
905,11.786922969626175,0
906,11.787466531099199,0
907,11.78806444869042,0
908,11.788722158064047,0
909,11.789445638369216,0
910,11.790241466722364,0
911,11.791116877928289,0
912,11.792079830254806,0
913,11.793139077784872,0
914,11.794304250102869,0
915,11.795585939606099,0
916,11.796995798071293,0
917,11.798546642359725,0
918,11.800192908329336,0
919,11.801781458609184,0
920,11.803261811091943,0
921,11.80466865719427,0
922,11.806008635267062,0
923,11.807264016071713,0
924,11.808453986017412,0
925,11.809641926844051,0
926,11.810877083978994,0
927,11.812119082027493,0
928,11.81337138294839,0
929,11.814621939385688,0
930,11.815868303590833,0
931,11.817167211502237,0
932,11.818555071662558,0
933,11.819961342440365,0
934,11.821399733020371,0
935,11.822852164335927,0
936,11.824310797910584,0
937,11.825863227310037,0
938,11.827509493279649,0
939,11.829155759249261,0
940,11.830802025218873,0
941,11.832448291188484,0
942,11.834094557158096,0
943,11.835740823127708,0
944,11.837387089097319,0
945,11.839033355066931,0
946,11.840679621036543,0
947,11.842325887006155,0
948,11.843972152975766,0
949,11.844364278924331,0
950,11.844795617482305,0
951,11.845270089896076,0
952,11.845792009527941,0
953,11.846366121117171,0
954,11.846997643853683,0
955,11.847692318875488,0
956,11.848456461422757,0
957,11.849297018230573,0
958,11.850221630742453,0
959,11.851238704493881,0
960,11.852357485655375,0
961,11.853588144967944,0
962,11.854941870176845,0
963,11.856430967894994,0
964,11.858068975361675,0
965,11.859715241331287,0
966,11.861361507300899,0
967,11.86300777327051,0
968,11.864654039240122,0
969,11.866300305209734,0
970,11.867946571179345,0
971,11.869592837148957,0
972,11.871239103118569,0
973,11.872885369088181,0
974,11.874531635057792,0
975,11.876177901027404,0
976,11.877824166997016,0
977,11.879470432966627,0
978,11.881116698936239,0
979,11.882762964905851,0
980,11.884409230875463,0
981,11.886055496845074,0
982,11.887701762814686,0
983,11.889348028784298,0
984,11.890994294753909,0
985,11.892640560723521,0
986,11.894286826693133,0
987,11.895933092662744,0
988,11.897579358632356,0
989,11.899225624601968,0
990,11.90087189057158,0
991,11.902518156541191,0
992,11.904164422510803,0
993,11.905810688480415,0
994,11.906864278924331,0
995,11.908023228377715,0
996,11.909298072776437,0
997,11.910700401615031,0
998,11.91224296330256,0
999,11.913889229272172,0
1000,11.915535495241784,0
1001,11.917181761211395,0
1002,11.918828027181007,0
1003,11.920474293150619,0
1004,11.922120559120231,0
1005,11.923766825089842,0
1006,11.925413091059454,0
1007,11.927059357029066,0
1008,11.928705622998677,0
1009,11.930351888968289,0
1010,11.931998154937901,0
1011,11.933644420907513,0
1012,11.935290686877124,0
1013,11.936936952846736,0
1014,11.938583218816348,0
1015,11.940229484785959,0
1016,11.941875750755571,0
1017,11.943522016725183,0
1018,11.945168282694794,0
1019,11.946814548664406,0
1020,11.948460814634018,0
1021,11.95010708060363,0
1022,11.951753346573241,0
1023,11.953399612542853,0
1024,11.955045878512465,0
1025,11.956692144482076,0
1026,11.958338410451688,0
1027,11.9599846764213,0
1028,11.961630942390912,0
1029,11.963277208360523,0
1030,11.964923474330135,0
1031,11.966569740299747,0
1032,11.968216006269358,0
1033,11.969364278924331,0
1034,11.970627378879726,0
1035,11.972016788877227,0
1036,11.973545139862836,0
1037,11.975191405832447,0
1038,11.976837671802059,0
1039,11.978483937771671,0
1040,11.980130203741282,0
1041,11.981776469710894,0
1042,11.983422735680506,0
1043,11.985069001650118,0
1044,11.986715267619729,0
1045,11.988361533589341,0
1046,11.990007799558953,0
1047,11.991654065528564,0
1048,11.993300331498176,0
1049,11.994946597467788,0
1050,11.9965928634374,0
1051,11.998239129407011,0
1052,11.999885395376623,0
1053,12.001531661346235,0
1054,12.003177927315846,0
1055,12.004824193285458,0
1056,12.00647045925507,0
1057,12.008116725224681,0
1058,12.009762991194293,0
1059,12.011409257163905,0
1060,12.013055523133517,0
1061,12.014701789103128,0
1062,12.01634805507274,0
1063,12.017994321042352,0
1064,12.019640587011963,0
1065,12.021286852981575,0
1066,12.022933118951187,0
1067,12.024579384920798,0
1068,12.02622565089041,0
1069,12.027871916860022,0
1070,12.029518182829634,0
1071,12.031164448799245,0
1072,12.031864278924331,0
1073,12.032634092061926,0
1074,12.033480886519101,0
1075,12.034412360433635,0
1076,12.035436981739622,0
1077,12.036564065176208,0
1078,12.037803856921528,0
1079,12.03916762784138,0
1080,12.040667775818292,0
1081,12.042314041787904,0
1082,12.043960307757516,0
1083,12.045606573727127,0
1084,12.047252839696739,0
1085,12.048899105666351,0
1086,12.050545371635963,0
1087,12.052191637605574,0
1088,12.053837903575186,0
1089,12.055484169544798,0
1090,12.057130435514409,0
1091,12.058776701484021,0
1092,12.060422967453633,0
1093,12.062069233423244,0
1094,12.063715499392856,0
1095,12.065361765362468,0
1096,12.06700803133208,0
1097,12.068654297301691,0
1098,12.070300563271303,0
1099,12.071946829240915,0
1100,12.073593095210526,0
1101,12.075239361180138,0
1102,12.07688562714975,0
1103,12.078531893119361,0
1104,12.080178159088973,0
1105,12.081824425058585,0
1106,12.083470691028197,0
1107,12.085116956997808,0
1108,12.08676322296742,0
1109,12.088409488937032,0
1110,12.090055754906643,0
1111,12.091702020876255,0
1112,12.093348286845867,0
1113,12.094364278982539,0
1114,12.095481870379444,0
1115,12.096711220950965,0
1116,12.098063506567996,0
1117,12.099551020804938,0
1118,12.101187286465574,0
1119,12.102833552435186,0
1120,12.104479818404798,0
1121,12.106126084374409,0
1122,12.107772350344021,0
1123,12.109418616313633,0
1124,12.111064882283245,0
1125,12.112711148252856,0
1126,12.114357414222468,0
1127,12.11600368019208,0
1128,12.117649946161691,0
1129,12.119296212131303,0
1130,12.120942478100915,0
1131,12.122588744070526,0
1132,12.124235010040138,0
1133,12.12588127600975,0
1134,12.127527541979362,0
1135,12.129173807948973,0
1136,12.130820073918585,0
1137,12.132466339888197,0
1138,12.134112605857808,0
1139,12.13575887182742,0
1140,12.137405137797032,0
1141,12.139051403766643,0
1142,12.140697669736255,0
1143,12.142343935705867,0
1144,12.143990201675479,0
1145,12.14563646764509,0
1146,12.147282733614702,0
1147,12.148928999584314,0
1148,12.150575265553925,0
1149,12.152221531523537,0
1150,12.153867797493149,0
1151,12.155514063462761,0
1152,12.156864278982539,0
1153,12.158349516019371,0
1154,12.159983276771527,0
1155,12.161629542741139,0
1156,12.16327580871075,0
1157,12.164922074680362,0
1158,12.166568340649974,0
1159,12.168214606619586,0
1160,12.169860872589197,0
1161,12.171507138558809,0
1162,12.173153404528421,0
1163,12.174799670498032,0
1164,12.176445936467644,0
1165,12.178092202437256,0
1166,12.179738468406867,0
1167,12.181384734376479,0
1168,12.183031000346091,0
1169,12.184677266315703,0
1170,12.186323532285314,0
1171,12.187969798254926,0
1172,12.189616064224538,0
1173,12.191262330194149,0
1174,12.192908596163761,0
1175,12.194554862133373,0
1176,12.196201128102985,0
1177,12.197847394072596,0
1178,12.199493660042208,0
1179,12.20113992601182,0
1180,12.202786191981431,0
1181,12.204432457951043,0
1182,12.206078723920655,0
1183,12.207724989890266,0
1184,12.209371255859878,0
1185,12.21101752182949,0
1186,12.212663787799102,0
1187,12.214310053768713,0
1188,12.215956319738325,0
1189,12.217602585707937,0
1190,12.219248851677548,0
1191,12.219364278902503,0
1192,12.219491248844861,0
1193,12.219630915784364,0
1194,12.219784549419273,0
1195,12.219953546413308,0
1196,12.220139443114022,0
1197,12.220343929478986,0
1198,12.220568864486268,0
1199,12.220816293000098,0
1200,12.221088464368222,0
1201,12.22138785288189,0
1202,12.221717180244013,0
1203,12.222079440336529,0
1204,12.222477926432475,0
1205,12.222916261143837,0
1206,12.223398429337976,0
1207,12.223928814342798,0
1208,12.224512237877207,0
1209,12.225154003765056,0
1210,12.225859946218407,0
1211,12.226636482922913,0
1212,12.227490673303691,0
1213,12.228430282728368,0
1214,12.229463853112975,0
1215,12.230600780512759,0
1216,12.231851400629239,0
1217,12.233227082815574,0
1218,12.234740333220543,0
1219,12.236386599190155,0
1220,12.238032865159767,0
1221,12.239679131129378,0
1222,12.24132539709899,0
1223,12.242971663068602,0
1224,12.244617929038213,0
1225,12.246264195007825,0
1226,12.247910460977437,0
1227,12.249556726947048,0
1228,12.25120299291666,0
1229,12.252849258886272,0
1230,12.254495524855884,0
1231,12.256141790825495,0
1232,12.257788056795107,0
1233,12.259434322764719,0
1234,12.26108058873433,0
1235,12.262726854703942,0
1236,12.264373120673554,0
1237,12.266019386643165,0
1238,12.267665652612777,0
1239,12.269311918582389,0
1240,12.270958184552001,0
1241,12.272604450521612,0
1242,12.274250716491224,0
1243,12.275896982460836,0
1244,12.277543248430447,0
1245,12.279189514400059,0
1246,12.280835780369671,0
1247,12.281864279004367,0
1248,12.282995627549099,0
1249,12.284240110948303,0
1250,12.285609042675787,0
1251,12.287114867529453,0
1252,12.288761133499065,0
1253,12.290407399468677,0
1254,12.292053665438289,0
1255,12.2936999314079,0
1256,12.295346197377512,0
1257,12.296992463347124,0
1258,12.298638729316735,0
1259,12.300284995286347,0
1260,12.301931261255959,0
1261,12.303577527225571,0
1262,12.305223793195182,0
1263,12.306870059164794,0
1264,12.308516325134406,0
1265,12.310162591104017,0
1266,12.311808857073629,0
1267,12.313455123043241,0
1268,12.315101389012852,0
1269,12.316747654982464,0
1270,12.318393920952076,0
1271,12.320040186921688,0
1272,12.321686452891299,0
1273,12.323332718860911,0
1274,12.324978984830523,0
1275,12.326625250800134,0
1276,12.328271516769746,0
1277,12.329917782739358,0
1278,12.331564048708969,0
1279,12.333210314678581,0
1280,12.334856580648193,0
1281,12.336502846617805,0
1282,12.338149112587416,0
1283,12.339795378557028,0
1284,12.34144164452664,0
1285,12.343087910496251,0
1286,12.344364279004367,0
1287,12.345768284340011,0
1288,12.347312690162653,0
1289,12.348958956132265,0
1290,12.350605222101876,0
1291,12.352251488071488,0
1292,12.3538977540411,0
1293,12.355544020010711,0
1294,12.357190285980323,0
1295,12.358836551949935,0
1296,12.360482817919547,0
1297,12.362129083889158,0
1298,12.36377534985877,0
1299,12.365421615828382,0
1300,12.367067881797993,0
1301,12.368714147767605,0
1302,12.370360413737217,0
1303,12.372006679706828,0
1304,12.37365294567644,0
1305,12.375299211646052,0
1306,12.376945477615664,0
1307,12.378591743585275,0
1308,12.380238009554887,0
1309,12.381884275524499,0
1310,12.38353054149411,0
1311,12.385176807463722,0
1312,12.386823073433334,0
1313,12.388469339402945,0
1314,12.390115605372557,0
1315,12.391761871342169,0
1316,12.393408137311781,0
1317,12.395054403281392,0
1318,12.396700669251004,0
1319,12.398346935220616,0
1320,12.399993201190227,0
1321,12.401639467159839,0
1322,12.403285733129451,0
1323,12.404931999099063,0
1324,12.406578265068674,0
1325,12.406864278917055,0
1326,12.407178894147364,0
1327,12.407524970909435,0
1328,12.407905655356444,0
1329,12.408324408253975,0
1330,12.408785036441259,0
1331,12.40929172743563,0
1332,12.409849087558541,0
1333,12.410462183670461,0
1334,12.411136589387752,0
1335,12.41187843566513,0
1336,12.412694466558605,0
1337,12.413592100518144,0
1338,12.414579497908562,0
1339,12.415665635049663,0
1340,12.416860385939799,0
1341,12.418174611895665,0
1342,12.419620260505326,0
1343,12.421210474010877,0
1344,12.422856739980489,0
1345,12.4245030059501,0
1346,12.426149271919712,0
1347,12.427795537889324,0
1348,12.429441803858936,0
1349,12.431088069828547,0
1350,12.432734335798159,0
1351,12.434380601767771,0
1352,12.436026867737382,0
1353,12.437673133706994,0
1354,12.439319399676606,0
1355,12.440965665646218,0
1356,12.442611931615829,0
1357,12.444258197585441,0
1358,12.445904463555053,0
1359,12.447550729524664,0
1360,12.449196995494276,0
1361,12.450843261463888,0
1362,12.452489527433499,0
1363,12.454135793403111,0
1364,12.455782059372723,0
1365,12.457428325342335,0
1366,12.459074591311946,0
1367,12.460720857281558,0
1368,12.46236712325117,0
1369,12.464013389220781,0
1370,12.465659655190393,0
1371,12.467305921160005,0
1372,12.468952187129617,0
1373,12.469364278917055,0
1374,12.46981757989488,0
1375,12.470316210990859,0
1376,12.470864705213899,0
1377,12.471468048865063,0
1378,12.472131726910447,0
1379,12.472861772748729,0
1380,12.473664823159197,0
1381,12.474548178604891,0
1382,12.475519869589334,0
1383,12.476588729648938,0
1384,12.477764475737786,0
1385,12.479057796412235,0
1386,12.480480449154129,0
1387,12.482045367123646,0
1388,12.483691633093258,0
1389,12.48533789906287,0
1390,12.486984165032482,0
1391,12.488630431002093,0
1392,12.490276696971705,0
1393,12.491922962941317,0
1394,12.493569228910928,0
1395,12.49521549488054,0
1396,12.496861760850152,0
1397,12.498508026819763,0
1398,12.500154292789375,0
1399,12.501800558758987,0
1400,12.503446824728599,0
1401,12.50509309069821,0
1402,12.506739356667822,0
1403,12.508385622637434,0
1404,12.510031888607045,0
1405,12.511678154576657,0
1406,12.513324420546269,0
1407,12.514970686515881,0
1408,12.516616952485492,0
1409,12.518263218455104,0
1410,12.519909484424716,0
1411,12.521555750394327,0
1412,12.523202016363939,0
1413,12.524848282333551,0
1414,12.526494548303162,0
1415,12.528140814272774,0
1416,12.529787080242386,0
1417,12.531433346211998,0
1418,12.531864278917055,0
1419,12.532338304907171,0
1420,12.532859733499208,0
1421,12.533433304921346,0
1422,12.534064233474055,0
1423,12.534758254882036,0
1424,12.535521678448276,0
1425,12.536361444388604,0
1426,12.537285186928784,0
1427,12.538301303746266,0
1428,12.539419032280421,0
1429,12.540648533609783,0
1430,12.542000985118648,0
1431,12.543488681778399,0
1432,12.54512514813905,0
1433,12.546771414108662,0
1434,12.548417680078273,0
1435,12.550063946047885,0
1436,12.551710212017497,0
1437,12.553356477987109,0
1438,12.55500274395672,0
1439,12.556649009926332,0
1440,12.558295275895944,0
1441,12.559941541865555,0
1442,12.561587807835167,0
1443,12.563234073804779,0
1444,12.56488033977439,0
1445,12.566526605744002,0
1446,12.568172871713614,0
1447,12.569819137683226,0
1448,12.571465403652837,0
1449,12.573111669622449,0
1450,12.574757935592061,0
1451,12.576404201561672,0
1452,12.578050467531284,0
1453,12.579696733500896,0
1454,12.581342999470507,0
1455,12.582989265440119,0
1456,12.584635531409731,0
1457,12.586281797379343,0
1458,12.587928063348954,0
1459,12.589574329318566,0
1460,12.591220595288178,0
1461,12.592866861257789,0
1462,12.594364278946159,0
1463,12.596010544915771,0
1464,12.597656810885383,0
1465,12.599303076854994,0
1466,12.600949342824606,0
1467,12.602595608794218,0
1468,12.604241874763829,0
1469,12.605888140733441,0
1470,12.607534406703053,0
1471,12.609180672672665,0
1472,12.610826938642276,0
1473,12.612473204611888,0
1474,12.6141194705815,0
1475,12.615765736551111,0
1476,12.617412002520723,0
1477,12.619058268490335,0
1478,12.620704534459946,0
1479,12.622350800429558,0
1480,12.62399706639917,0
1481,12.625643332368782,0
1482,12.627289598338393,0
1483,12.628935864308005,0
1484,12.630582130277617,0
1485,12.632228396247228,0
1486,12.63387466221684,0
1487,12.635520928186452,0
1488,12.637167194156063,0
1489,12.638813460125675,0
1490,12.640459726095287,0
1491,12.642105992064899,0
1492,12.64375225803451,0
1493,12.645398524004122,0
1494,12.647044789973734,0
1495,12.648691055943345,0
1496,12.650337321912957,0
1497,12.651983587882569,0
1498,12.653629853852181,0
1499,12.655276119821792,0
1500,12.656864278946159,0
1501,12.658510544915771,0
1502,12.660156810885383,0
1503,12.661803076854994,0
1504,12.663449342824606,0
1505,12.665095608794218,0
1506,12.666741874763829,0
1507,12.668388140733441,0
1508,12.670034406703053,0
1509,12.671680672672665,0
1510,12.673326938642276,0
1511,12.674973204611888,0
1512,12.6766194705815,0
1513,12.678265736551111,0
1514,12.679912002520723,0
1515,12.681558268490335,0
1516,12.683204534459946,0
1517,12.684850800429558,0
1518,12.68649706639917,0
1519,12.688143332368782,0
1520,12.689789598338393,0
1521,12.691435864308005,0
1522,12.693082130277617,0
1523,12.694728396247228,0
1524,12.69637466221684,0
1525,12.698020928186452,0
1526,12.699667194156063,0
1527,12.701313460125675,0
1528,12.702959726095287,0
1529,12.704605992064899,0
1530,12.70625225803451,0
1531,12.707898524004122,0
1532,12.709544789973734,0
1533,12.711191055943345,0
1534,12.712837321912957,0
1535,12.714483587882569,0
1536,12.716129853852181,0
1537,12.717776119821792,0
1538,12.719364278946159,0
1539,12.721010544915771,0
1540,12.722656810885383,0
1541,12.724303076854994,0
1542,12.725949342824606,0
1543,12.727595608794218,0
1544,12.729241874763829,0
1545,12.730888140733441,0
1546,12.732534406703053,0
1547,12.734180672672665,0
1548,12.735826938642276,0
1549,12.737473204611888,0
1550,12.7391194705815,0
1551,12.740765736551111,0
1552,12.742412002520723,0
1553,12.744058268490335,0
1554,12.745704534459946,0
1555,12.747350800429558,0
1556,12.74899706639917,0
1557,12.750643332368782,0
1558,12.752289598338393,0
1559,12.753935864308005,0
1560,12.755582130277617,0
1561,12.757228396247228,0
1562,12.75887466221684,0
1563,12.760520928186452,0
1564,12.762167194156063,0
1565,12.763813460125675,0
1566,12.765459726095287,0
1567,12.767105992064899,0
1568,12.76875225803451,0
1569,12.770398524004122,0
1570,12.772044789973734,0
1571,12.773691055943345,0
1572,12.775337321912957,0
1573,12.776983587882569,0
1574,12.778629853852181,0
1575,12.780276119821792,0
1576,12.781864278946159,0
1577,12.783510544915771,0
1578,12.785156810885383,0
1579,12.786803076854994,0
1580,12.788449342824606,0
1581,12.790095608794218,0
1582,12.791741874763829,0
1583,12.793388140733441,0
1584,12.795034406703053,0
1585,12.796680672672665,0
1586,12.798326938642276,0
1587,12.799973204611888,0
1588,12.8016194705815,0
1589,12.803265736551111,0
1590,12.804912002520723,0
1591,12.806558268490335,0
1592,12.808204534459946,0
1593,12.809850800429558,0
1594,12.81149706639917,0
1595,12.813143332368782,0
1596,12.814789598338393,0
1597,12.816435864308005,0
1598,12.818082130277617,0
1599,12.819728396247228,0
1600,12.82137466221684,0
1601,12.823020928186452,0
1602,12.824667194156063,0
1603,12.826313460125675,0
1604,12.827959726095287,0
1605,12.829605992064899,0
1606,12.83125225803451,0
1607,12.832898524004122,0
1608,12.834544789973734,0
1609,12.836191055943345,0
1610,12.837837321912957,0
1611,12.839483587882569,0
1612,12.841129853852181,0
1613,12.842776119821792,0
1614,12.844364278946159,0
1615,12.846010544915771,0
1616,12.847656810885383,0
1617,12.849303076854994,0
1618,12.850949342824606,0
1619,12.852595608794218,0
1620,12.854241874763829,0
1621,12.855888140733441,0
1622,12.857534406703053,0
1623,12.859180672672665,0
1624,12.860826938642276,0
1625,12.862473204611888,0
1626,12.8641194705815,0
1627,12.865765736551111,0
1628,12.867412002520723,0
1629,12.869058268490335,0
1630,12.870704534459946,0
1631,12.872350800429558,0
1632,12.87399706639917,0
1633,12.875643332368782,0
1634,12.877289598338393,0
1635,12.878935864308005,0
1636,12.880582130277617,0
1637,12.882228396247228,0
1638,12.88387466221684,0
1639,12.885520928186452,0
1640,12.887167194156063,0
1641,12.888813460125675,0
1642,12.890459726095287,0
1643,12.892105992064899,0
1644,12.89375225803451,0
1645,12.895398524004122,0
1646,12.897044789973734,0
1647,12.898691055943345,0
1648,12.900337321912957,0
1649,12.901983587882569,0
1650,12.903629853852181,0
1651,12.905276119821792,0
1652,12.906864278946159,0
1653,12.908510544915771,0
1654,12.910156810885383,0
1655,12.911803076854994,0
1656,12.913449342824606,0
1657,12.915095608794218,0
1658,12.916741874763829,0
1659,12.918388140733441,0
1660,12.920034406703053,0
1661,12.921680672672665,0
1662,12.923326938642276,0
1663,12.924973204611888,0
1664,12.9266194705815,0
1665,12.928265736551111,0
1666,12.929912002520723,0
1667,12.931558268490335,0
1668,12.933204534459946,0
1669,12.934850800429558,0
1670,12.93649706639917,0
1671,12.938143332368782,0
1672,12.939789598338393,0
1673,12.941435864308005,0
1674,12.943082130277617,0
1675,12.944728396247228,0
1676,12.94637466221684,0
1677,12.948020928186452,0
1678,12.949667194156063,0
1679,12.951313460125675,0
1680,12.952959726095287,0
1681,12.954605992064899,0
1682,12.95625225803451,0
1683,12.957898524004122,0
1684,12.959544789973734,0
1685,12.961191055943345,0
1686,12.962837321912957,0
1687,12.964483587882569,0
1688,12.966129853852181,0
1689,12.967776119821792,0
1690,12.969364278946159,0
1691,12.971010544915771,0
1692,12.972656810885383,0
1693,12.974303076854994,0
1694,12.975949342824606,0
1695,12.977595608794218,0
1696,12.979241874763829,0
1697,12.980888140733441,0
1698,12.982534406703053,0
1699,12.984180672672665,0
1700,12.985826938642276,0
1701,12.987473204611888,0
1702,12.9891194705815,0
1703,12.990765736551111,0
1704,12.992412002520723,0
1705,12.994058268490335,0
1706,12.995704534459946,0
1707,12.997350800429558,0
1708,12.99899706639917,0
1709,13.000643332368782,0
1710,13.002289598338393,0
1711,13.003935864308005,0
1712,13.005582130277617,0
1713,13.007228396247228,0
1714,13.00887466221684,0
1715,13.010520928186452,0
1716,13.012167194156063,0
1717,13.013813460125675,0
1718,13.015459726095287,0
1719,13.017105992064899,0
1720,13.01875225803451,0
1721,13.020398524004122,0
1722,13.022044789973734,0
1723,13.023691055943345,0
1724,13.025337321912957,0
1725,13.026983587882569,0
1726,13.028629853852181,0
1727,13.030276119821792,0
1728,13.031864278946159,0
1729,13.033510544915771,0
1730,13.035156810885383,0
1731,13.036803076854994,0
1732,13.038449342824606,0
1733,13.040095608794218,0
1734,13.041741874763829,0
1735,13.043388140733441,0
1736,13.045034406703053,0
1737,13.046680672672665,0
1738,13.048326938642276,0
1739,13.049973204611888,0
1740,13.0516194705815,0
1741,13.053265736551111,0
1742,13.054912002520723,0
1743,13.056558268490335,0
1744,13.058204534459946,0
1745,13.059850800429558,0
1746,13.06149706639917,0
1747,13.063143332368782,0
1748,13.064789598338393,0
1749,13.066435864308005,0
1750,13.068082130277617,0
1751,13.069728396247228,0
1752,13.07137466221684,0
1753,13.073020928186452,0
1754,13.074667194156063,0
1755,13.076313460125675,0
1756,13.077959726095287,0
1757,13.079605992064899,0
1758,13.08125225803451,0
1759,13.082898524004122,0
1760,13.084544789973734,0
1761,13.086191055943345,0
1762,13.087837321912957,0
1763,13.089483587882569,0
1764,13.091129853852181,0
1765,13.092776119821792,0
1766,13.094364278946159,0
1767,13.096010544915771,0
1768,13.097656810885383,0
1769,13.099303076854994,0
1770,13.100949342824606,0
1771,13.102595608794218,0
1772,13.104241874763829,0
1773,13.105888140733441,0
1774,13.107534406703053,0
1775,13.109180672672665,0
1776,13.110826938642276,0
1777,13.112473204611888,0
1778,13.1141194705815,0
1779,13.115765736551111,0
1780,13.117412002520723,0
1781,13.119058268490335,0
1782,13.120704534459946,0
1783,13.122350800429558,0
1784,13.12399706639917,0
1785,13.125643332368782,0
1786,13.127289598338393,0
1787,13.128935864308005,0
1788,13.130582130277617,0
1789,13.132228396247228,0
1790,13.13387466221684,0
1791,13.135520928186452,0
1792,13.137167194156063,0
1793,13.138813460125675,0
1794,13.140459726095287,0
1795,13.142105992064899,0
1796,13.14375225803451,0
1797,13.145398524004122,0
1798,13.147044789973734,0
1799,13.148691055943345,0
1800,13.150337321912957,0
1801,13.151983587882569,0
1802,13.153629853852181,0
1803,13.155276119821792,0
1804,13.156864278946159,0
1805,13.158510544915771,0
1806,13.160156810885383,0
1807,13.161803076854994,0
1808,13.163449342824606,0
1809,13.165095608794218,0
1810,13.166741874763829,0
1811,13.168388140733441,0
1812,13.170034406703053,0
1813,13.171680672672665,0
1814,13.173326938642276,0
1815,13.174973204611888,0
1816,13.1766194705815,0
1817,13.178265736551111,0
1818,13.179912002520723,0
1819,13.181558268490335,0
1820,13.183204534459946,0
1821,13.184850800429558,0
1822,13.18649706639917,0
1823,13.188143332368782,0
1824,13.189789598338393,0
1825,13.191435864308005,0
1826,13.193082130277617,0
1827,13.194728396247228,0
1828,13.19637466221684,0
1829,13.198020928186452,0
1830,13.199667194156063,0
1831,13.201313460125675,0
1832,13.202959726095287,0
1833,13.204605992064899,0
1834,13.20625225803451,0
1835,13.207898524004122,0
1836,13.209544789973734,0
1837,13.211191055943345,0
1838,13.212837321912957,0
1839,13.214483587882569,0
1840,13.216129853852181,0
1841,13.217776119821792,0
1842,13.219364278946159,0
1843,13.221010544915771,0
1844,13.222656810885383,0
1845,13.224303076854994,0
1846,13.225949342824606,0
1847,13.227595608794218,0
1848,13.229241874763829,0
1849,13.230888140733441,0
1850,13.232534406703053,0
1851,13.234180672672665,0
1852,13.235826938642276,0
1853,13.237473204611888,0
1854,13.2391194705815,0
1855,13.240765736551111,0
1856,13.242412002520723,0
1857,13.244058268490335,0
1858,13.245704534459946,0
1859,13.247350800429558,0
1860,13.24899706639917,0
1861,13.250643332368782,0
1862,13.252289598338393,0
1863,13.253935864308005,0
1864,13.255582130277617,0
1865,13.257228396247228,0
1866,13.25887466221684,0
1867,13.260520928186452,0
1868,13.262167194156063,0
1869,13.263813460125675,0
1870,13.265459726095287,0
1871,13.267105992064899,0
1872,13.26875225803451,0
1873,13.270398524004122,0
1874,13.272044789973734,0
1875,13.273691055943345,0
1876,13.275337321912957,0
1877,13.276983587882569,0
1878,13.278629853852181,0
1879,13.280276119821792,0
1880,13.281864278946159,0
1881,13.283510544915771,0
1882,13.285156810885383,0
1883,13.286803076854994,0
1884,13.288449342824606,0
1885,13.290095608794218,0
1886,13.291741874763829,0
1887,13.293388140733441,0
1888,13.295034406703053,0
1889,13.296680672672665,0
1890,13.298326938642276,0
1891,13.299973204611888,0
1892,13.3016194705815,0
1893,13.303265736551111,0
1894,13.304912002520723,0
1895,13.306558268490335,0
1896,13.308204534459946,0
1897,13.309850800429558,0
1898,13.31149706639917,0
1899,13.313143332368782,0
1900,13.314789598338393,0
1901,13.316435864308005,0
1902,13.318082130277617,0
1903,13.319728396247228,0
1904,13.32137466221684,0
1905,13.323020928186452,0
1906,13.324667194156063,0
1907,13.326313460125675,0
1908,13.327959726095287,0
1909,13.329605992064899,0
1910,13.33125225803451,0
1911,13.332898524004122,0
1912,13.334544789973734,0
1913,13.336191055943345,0
1914,13.337837321912957,0
1915,13.339483587882569,0
1916,13.341129853852181,0
1917,13.342776119821792,0
1918,13.344364278946159,0
1919,13.346010544915771,0
1920,13.347656810885383,0
1921,13.349303076854994,0
1922,13.350949342824606,0
1923,13.352595608794218,0
1924,13.354241874763829,0
1925,13.355888140733441,0
1926,13.357534406703053,0
1927,13.359180672672665,0
1928,13.360826938642276,0
1929,13.362473204611888,0
1930,13.3641194705815,0
1931,13.365765736551111,0
1932,13.367412002520723,0
1933,13.369058268490335,0
1934,13.370704534459946,0
1935,13.372350800429558,0
1936,13.37399706639917,0
1937,13.375643332368782,0
1938,13.377289598338393,0
1939,13.378935864308005,0
1940,13.380582130277617,0
1941,13.382228396247228,0
1942,13.38387466221684,0
1943,13.385520928186452,0
1944,13.387167194156063,0
1945,13.388813460125675,0
1946,13.390459726095287,0
1947,13.392105992064899,0
1948,13.39375225803451,0
1949,13.395398524004122,0
1950,13.397044789973734,0
1951,13.398691055943345,0
1952,13.400337321912957,0
1953,13.401983587882569,0
1954,13.403629853852181,0
1955,13.405276119821792,0
1956,13.406864278946159,0
1957,13.408510544915771,0
1958,13.410156810885383,0
1959,13.411803076854994,0
1960,13.413449342824606,0
1961,13.415095608794218,0
1962,13.416741874763829,0
1963,13.418388140733441,0
1964,13.420034406703053,0
1965,13.421680672672665,0
1966,13.423326938642276,0
1967,13.424973204611888,0
1968,13.4266194705815,0
1969,13.428265736551111,0
1970,13.429912002520723,0
1971,13.431558268490335,0
1972,13.433204534459946,0
1973,13.434850800429558,0
1974,13.43649706639917,0
1975,13.438143332368782,0
1976,13.439789598338393,0
1977,13.441435864308005,0
1978,13.443082130277617,0
1979,13.444728396247228,0
1980,13.44637466221684,0
1981,13.448020928186452,0
1982,13.449667194156063,0
1983,13.451313460125675,0
1984,13.452959726095287,0
1985,13.454605992064899,0
1986,13.45625225803451,0
1987,13.457898524004122,0
1988,13.459544789973734,0
1989,13.461191055943345,0
1990,13.462837321912957,0
1991,13.464483587882569,0
1992,13.466129853852181,0
1993,13.467776119821792,0
1994,13.469364278946159,0
1995,13.471010544915771,0
1996,13.472656810885383,0
1997,13.474303076854994,0
1998,13.475949342824606,0
1999,13.477595608794218,0
2000,13.479241874763829,0
2001,13.480888140733441,0
2002,13.482534406703053,0
2003,13.484180672672665,0
2004,13.485826938642276,0
2005,13.487473204611888,0
2006,13.4891194705815,0
2007,13.490765736551111,0
2008,13.492412002520723,0
2009,13.494058268490335,0
2010,13.495704534459946,0
2011,13.497350800429558,0
2012,13.49899706639917,0
2013,13.500643332368782,0
2014,13.502289598338393,0
2015,13.503935864308005,0
2016,13.505582130277617,0
2017,13.507228396247228,0
2018,13.50887466221684,0
2019,13.510520928186452,0
2020,13.512167194156063,0
2021,13.513813460125675,0
2022,13.515459726095287,0
2023,13.517105992064899,0
2024,13.51875225803451,0
2025,13.520398524004122,0
2026,13.522044789973734,0
2027,13.523691055943345,0
2028,13.525337321912957,0
2029,13.526983587882569,0
2030,13.528629853852181,0
2031,13.530276119821792,0
2032,13.531864278946159,0
2033,13.533510544915771,0
2034,13.535156810885383,0
2035,13.536803076854994,0
2036,13.538449342824606,0
2037,13.540095608794218,0
2038,13.541741874763829,0
2039,13.543388140733441,0
2040,13.545034406703053,0
2041,13.546680672672665,0
2042,13.548326938642276,0
2043,13.549973204611888,0
2044,13.5516194705815,0
2045,13.553265736551111,0
2046,13.554912002520723,0
2047,13.556558268490335,0
2048,13.558204534459946,0
2049,13.559850800429558,0
2050,13.56149706639917,0
2051,13.563143332368782,0
2052,13.564789598338393,0
2053,13.566435864308005,0
2054,13.568082130277617,0
2055,13.569728396247228,0
2056,13.57137466221684,0
2057,13.573020928186452,0
2058,13.574667194156063,0
2059,13.576313460125675,0
2060,13.577959726095287,0
2061,13.579605992064899,0
2062,13.58125225803451,0
2063,13.582898524004122,0
2064,13.584544789973734,0
2065,13.586191055943345,0
2066,13.587837321912957,0
2067,13.589483587882569,0
2068,13.591129853852181,0
2069,13.592776119821792,0
2070,13.594364278946159,0
2071,13.596010544915771,0
2072,13.597656810885383,0
2073,13.599303076854994,0
2074,13.600949342824606,0
2075,13.602595608794218,0
2076,13.604241874763829,0
2077,13.605888140733441,0
2078,13.607534406703053,0
2079,13.609180672672665,0
2080,13.610826938642276,0
2081,13.612473204611888,0
2082,13.6141194705815,0
2083,13.615765736551111,0
2084,13.617412002520723,0
2085,13.619058268490335,0
2086,13.620704534459946,0
2087,13.622350800429558,0
2088,13.62399706639917,0
2089,13.625643332368782,0
2090,13.627289598338393,0
2091,13.628935864308005,0
2092,13.630582130277617,0
2093,13.632228396247228,0
2094,13.63387466221684,0
2095,13.635520928186452,0
2096,13.637167194156063,0
2097,13.638813460125675,0
2098,13.640459726095287,0
2099,13.642105992064899,0
2100,13.64375225803451,0
2101,13.645398524004122,0
2102,13.647044789973734,0
2103,13.648691055943345,0
2104,13.650337321912957,0
2105,13.651983587882569,0
2106,13.653629853852181,0
2107,13.655276119821792,0
2108,13.656864278946159,0
2109,13.658510544915771,0
2110,13.660156810885383,0
2111,13.661803076854994,0
2112,13.663449342824606,0
2113,13.665095608794218,0
2114,13.666741874763829,0
2115,13.668388140733441,0
2116,13.670034406703053,0
2117,13.671680672672665,0
2118,13.673326938642276,0
2119,13.674973204611888,0
2120,13.6766194705815,0
2121,13.678265736551111,0
2122,13.679912002520723,0
2123,13.681558268490335,0
2124,13.683204534459946,0
2125,13.684850800429558,0
2126,13.68649706639917,0
2127,13.688143332368782,0
2128,13.689789598338393,0
2129,13.691435864308005,0
2130,13.693082130277617,0
2131,13.694728396247228,0
2132,13.69637466221684,0
2133,13.698020928186452,0
2134,13.699667194156063,0
2135,13.701313460125675,0
2136,13.702959726095287,0
2137,13.704605992064899,0
2138,13.70625225803451,0
2139,13.707898524004122,0
2140,13.709544789973734,0
2141,13.711191055943345,0
2142,13.712837321912957,0
2143,13.714483587882569,0
2144,13.716129853852181,0
2145,13.717776119821792,0
2146,13.719364278946159,0
2147,13.721010544915771,0
2148,13.722656810885383,0
2149,13.724303076854994,0
2150,13.725949342824606,0
2151,13.727595608794218,0
2152,13.729241874763829,0
2153,13.730888140733441,0
2154,13.732534406703053,0
2155,13.734180672672665,0
2156,13.735826938642276,0
2157,13.737473204611888,0
2158,13.7391194705815,0
2159,13.740765736551111,0
2160,13.742412002520723,0
2161,13.744058268490335,0
2162,13.745704534459946,0
2163,13.747350800429558,0
2164,13.74899706639917,0
2165,13.750643332368782,0
2166,13.752289598338393,0
2167,13.753935864308005,0
2168,13.755582130277617,0
2169,13.757228396247228,0
2170,13.75887466221684,0
2171,13.760520928186452,0
2172,13.762167194156063,0
2173,13.763813460125675,0
2174,13.765459726095287,0
2175,13.767105992064899,0
2176,13.76875225803451,0
2177,13.770398524004122,0
2178,13.772044789973734,0
2179,13.773691055943345,0
2180,13.775337321912957,0
2181,13.776983587882569,0
2182,13.778629853852181,0
2183,13.780276119821792,0
2184,13.781864278946159,0
2185,13.783510544915771,0
2186,13.785156810885383,0
2187,13.786803076854994,0
2188,13.788449342824606,0
2189,13.790095608794218,0
2190,13.791741874763829,0
2191,13.793388140733441,0
2192,13.795034406703053,0
2193,13.796680672672665,0
2194,13.798326938642276,0
2195,13.799973204611888,0
2196,13.8016194705815,0
2197,13.803265736551111,0
2198,13.804912002520723,0
2199,13.806558268490335,0
2200,13.808204534459946,0
2201,13.809850800429558,0
2202,13.81149706639917,0
2203,13.813143332368782,0
2204,13.814789598338393,0
2205,13.816435864308005,0
2206,13.818082130277617,0
2207,13.819728396247228,0
2208,13.82137466221684,0
2209,13.823020928186452,0
2210,13.824667194156063,0
2211,13.826313460125675,0
2212,13.827959726095287,0
2213,13.829605992064899,0
2214,13.83125225803451,0
2215,13.832898524004122,0
2216,13.834544789973734,0
2217,13.836191055943345,0
2218,13.837837321912957,0
2219,13.839483587882569,0
2220,13.841129853852181,0
2221,13.842776119821792,0
2222,13.844364278946159,0
2223,13.846010544915771,0
2224,13.847656810885383,0
2225,13.849303076854994,0
2226,13.850949342824606,0
2227,13.852595608794218,0
2228,13.854241874763829,0
2229,13.855888140733441,0
2230,13.857534406703053,0
2231,13.859180672672665,0
2232,13.860826938642276,0
2233,13.862473204611888,0
2234,13.8641194705815,0
2235,13.865765736551111,0
2236,13.867412002520723,0
2237,13.869058268490335,0
2238,13.870704534459946,0
2239,13.872350800429558,0
2240,13.87399706639917,0
2241,13.875643332368782,0
2242,13.877289598338393,0
2243,13.878935864308005,0
2244,13.880582130277617,0
2245,13.882228396247228,0
2246,13.88387466221684,0
2247,13.885520928186452,0
2248,13.887167194156063,0
2249,13.888813460125675,0
2250,13.890459726095287,0
2251,13.892105992064899,0
2252,13.89375225803451,0
2253,13.895398524004122,0
2254,13.897044789973734,0
2255,13.898691055943345,0
2256,13.900337321912957,0
2257,13.901983587882569,0
2258,13.903629853852181,0
2259,13.905276119821792,0
2260,13.906864278946159,0
2261,13.908510544915771,0
2262,13.910156810885383,0
2263,13.911803076854994,0
2264,13.913449342824606,0
2265,13.915095608794218,0
2266,13.916741874763829,0
2267,13.918388140733441,0
2268,13.920034406703053,0
2269,13.921680672672665,0
2270,13.923326938642276,0
2271,13.924973204611888,0
2272,13.9266194705815,0
2273,13.928265736551111,0
2274,13.929912002520723,0
2275,13.931558268490335,0
2276,13.933204534459946,0
2277,13.934850800429558,0
2278,13.93649706639917,0
2279,13.938143332368782,0
2280,13.939789598338393,0
2281,13.941435864308005,0
2282,13.943082130277617,0
2283,13.944728396247228,0
2284,13.94637466221684,0
2285,13.948020928186452,0
2286,13.949667194156063,0
2287,13.951313460125675,0
2288,13.952959726095287,0
2289,13.954605992064899,0
2290,13.95625225803451,0
2291,13.957898524004122,0
2292,13.959544789973734,0
2293,13.961191055943345,0
2294,13.962837321912957,0
2295,13.964483587882569,0
2296,13.966129853852181,0
2297,13.967776119821792,0
2298,13.969364278946159,0
2299,13.971010544915771,0
2300,13.972656810885383,0
2301,13.974303076854994,0
2302,13.975949342824606,0
2303,13.977595608794218,0
2304,13.979241874763829,0
2305,13.980888140733441,0
2306,13.982534406703053,0
2307,13.984180672672665,0
2308,13.985826938642276,0
2309,13.987473204611888,0
2310,13.9891194705815,0
2311,13.990765736551111,0
2312,13.992412002520723,0
2313,13.994058268490335,0
2314,13.995704534459946,0
2315,13.997350800429558,0
2316,13.99899706639917,0
2317,14.000643332368782,0
2318,14.002289598338393,0
2319,14.003935864308005,0
2320,14.005582130277617,0
2321,14.007228396247228,0
2322,14.00887466221684,0
2323,14.010520928186452,0
2324,14.012167194156063,0
2325,14.013813460125675,0
2326,14.015459726095287,0
2327,14.017105992064899,0
2328,14.01875225803451,0
2329,14.020398524004122,0
2330,14.022044789973734,0
2331,14.023691055943345,0
2332,14.025337321912957,0
2333,14.026983587882569,0
2334,14.028629853852181,0
2335,14.030276119821792,0
2336,14.031864278946159,0
2337,14.033510544915771,0
2338,14.035156810885383,0
2339,14.036803076854994,0
2340,14.038449342824606,0
2341,14.040095608794218,0
2342,14.041741874763829,0
2343,14.043388140733441,0
2344,14.045034406703053,0
2345,14.046680672672665,0
2346,14.048326938642276,0
2347,14.049973204611888,0
2348,14.0516194705815,0
2349,14.053265736551111,0
2350,14.054912002520723,0
2351,14.056558268490335,0
2352,14.058204534459946,0
2353,14.059850800429558,0
2354,14.06149706639917,0
2355,14.063143332368782,0
2356,14.064789598338393,0
2357,14.066435864308005,0
2358,14.068082130277617,0
2359,14.069728396247228,0
2360,14.07137466221684,0
2361,14.073020928186452,0
2362,14.074667194156063,0
2363,14.076313460125675,0
2364,14.077959726095287,0
2365,14.079605992064899,0
2366,14.08125225803451,0
2367,14.082898524004122,0
2368,14.084544789973734,0
2369,14.086191055943345,0
2370,14.087837321912957,0
2371,14.089483587882569,0
2372,14.091129853852181,0
2373,14.092776119821792,0
2374,14.094364278946159,0
2375,14.096010544915771,0
2376,14.097656810885383,0
2377,14.099303076854994,0
2378,14.100949342824606,0
2379,14.102595608794218,0
2380,14.104241874763829,0
2381,14.105888140733441,0
2382,14.107534406703053,0
2383,14.109180672672665,0
2384,14.110826938642276,0
2385,14.112473204611888,0
2386,14.1141194705815,0
2387,14.115765736551111,0
2388,14.117412002520723,0
2389,14.119058268490335,0
2390,14.120704534459946,0
2391,14.122350800429558,0
2392,14.12399706639917,0
2393,14.125643332368782,0
2394,14.127289598338393,0
2395,14.128935864308005,0
2396,14.130582130277617,0
2397,14.132228396247228,0
2398,14.13387466221684,0
2399,14.135520928186452,0
2400,14.137167194156063,0
2401,14.138813460125675,0
2402,14.140459726095287,0
2403,14.142105992064899,0
2404,14.14375225803451,0
2405,14.145398524004122,0
2406,14.147044789973734,0
2407,14.148691055943345,0
2408,14.150337321912957,0
2409,14.151983587882569,0
2410,14.153629853852181,0
2411,14.155276119821792,0
2412,14.156864278946159,0
2413,14.158510544915771,0
2414,14.160156810885383,0
2415,14.161803076854994,0
2416,14.163449342824606,0
2417,14.165095608794218,0
2418,14.166741874763829,0
2419,14.168388140733441,0
2420,14.170034406703053,0
2421,14.171680672672665,0
2422,14.173326938642276,0
2423,14.174973204611888,0
2424,14.1766194705815,0
2425,14.178265736551111,0
2426,14.179912002520723,0
2427,14.181558268490335,0
2428,14.183204534459946,0
2429,14.184850800429558,0
2430,14.18649706639917,0
2431,14.188143332368782,0
2432,14.189789598338393,0
2433,14.191435864308005,252.57032028401233
2434,14.193082130277617,246.23210275281286
2435,14.194728396247228,237.59609623505227
2436,14.19637466221684,227.24262110060786
2437,14.198020928186452,217.83587729462596
2438,14.199667194156063,210.54831103833027
2439,14.201313460125675,202.19815898532036
2440,14.202959726095287,192.82647687085287
2441,14.204605992064899,182.88907287700403
2442,14.20625225803451,174.55511349175183
2443,14.207898524004122,173.92704725189506
2444,14.209544789973734,174.83672589247854
2445,14.211191055943345,168.73467792720061
2446,14.212837321912957,413.49625444949868
2447,14.214483587882569,398.32151131810127
2448,14.216129853852181,383.14836936241056
2449,14.217776119821792,379.36408945758285
2450,14.219364278946159,374.29329593353748
2451,14.221010544915771,355.7415106343185
2452,14.222656810885383,333.96638924943784
2453,14.224303076854994,314.58216194649873
2454,14.225949342824606,304.53924885628334
2455,14.227595608794218,317.16024580422504
2456,14.229241874763829,326.90725395570632
2457,14.230888140733441,315.70670553823555
2458,14.232534406703053,451.48001878846082
2459,14.234180672672665,433.46735213283114
2460,14.235826938642276,419.52379749400399
2461,14.237473204611888,420.71409438625869
2462,14.2391194705815,291.63563641633522
2463,14.240765736551111,286.41974460888565
2464,14.242412002520723,407.68109332668644
2465,14.244058268490335,396.22695716331373
2466,14.245704534459946,386.22324192318001
2467,14.247350800429558,379.99116304135487
2468,14.24899706639917,380.27599746124753
2469,14.250643332368782,372.35056504468196
2470,14.252289598338393,366.60593863491511
2471,14.253935864308005,360.11650128760033
2472,14.255582130277617,353.44147992577916
2473,14.257228396247228,346.79747952938715
2474,14.25887466221684,343.82134064394086
2475,14.260520928186452,339.98655495515925
2476,14.262167194156063,358.83348529656718
2477,14.263813460125675,342.17353946567994
2478,14.265459726095287,333.63072631010863
2479,14.267105992064899,133.52853338228923
2480,14.26875225803451,138.04080236914845
2481,14.270398524004122,136.56721778642444
2482,14.272044789973734,134.16639412470391
2483,14.273691055943345,124.64373356348504
2484,14.275337321912957,123.37369474837111
2485,14.276983587882569,125.13357886005707
2486,14.278629853852181,125.69722023689239
2487,14.280276119821792,124.961956217203
2488,14.281864278946159,129.40231291579857
2489,14.283510544915771,116.74447999573488
2490,14.285156810885383,115.01902119075864
2491,14.286803076854994,116.19029081514266
2492,14.288449342824606,116.7797596771904
2493,14.290095608794218,116.94993822270078
2494,14.291741874763829,125.81439640397467
2495,14.293388140733441,112.48765476173169
2496,14.295034406703053,109.96102248828132
2497,14.296680672672665,0
2498,14.298326938642276,0
2499,14.299973204611888,0
2500,14.3016194705815,0
2501,14.303265736551111,0
2502,14.304912002520723,0
2503,14.306558268490335,0
2504,14.308204534459946,0
2505,14.309850800429558,0
2506,14.31149706639917,0
2507,14.313143332368782,0
2508,14.314789598338393,0
2509,14.316435864308005,0
2510,14.318082130277617,0
2511,14.319728396247228,0
2512,14.32137466221684,0
2513,14.323020928186452,0
2514,14.324667194156063,0
2515,14.326313460125675,0
2516,14.327959726095287,0
2517,14.329605992064899,0
2518,14.33125225803451,0
2519,14.332898524004122,0
2520,14.334544789973734,0
2521,14.336191055943345,0
2522,14.337837321912957,0
2523,14.339483587882569,0
2524,14.341129853852181,0
2525,14.342776119821792,0
2526,14.344364278946159,0
2527,14.346010544915771,0
2528,14.347656810885383,0
2529,14.349303076854994,0
2530,14.350949342824606,0
2531,14.352595608794218,0
2532,14.354241874763829,0
2533,14.355888140733441,0
2534,14.357534406703053,0
2535,14.359180672672665,0
2536,14.360826938642276,0
2537,14.362473204611888,0
2538,14.3641194705815,0
2539,14.365765736551111,0
2540,14.367412002520723,0
2541,14.369058268490335,0
2542,14.370704534459946,0
2543,14.372350800429558,0
2544,14.37399706639917,0
2545,14.375643332368782,0
2546,14.377289598338393,0
2547,14.378935864308005,0
2548,14.380582130277617,0
2549,14.382228396247228,0
2550,14.38387466221684,0
2551,14.385520928186452,0
2552,14.387167194156063,0
2553,14.388813460125675,0
2554,14.390459726095287,0
2555,14.392105992064899,0
2556,14.39375225803451,0
2557,14.395398524004122,0
2558,14.397044789973734,0
2559,14.398691055943345,0
2560,14.400337321912957,0
2561,14.401983587882569,0
2562,14.403629853852181,0
2563,14.405276119821792,0
2564,14.406864278946159,0
2565,14.408510544915771,0
2566,14.410156810885383,0
2567,14.411803076854994,0
2568,14.413449342824606,0
2569,14.415095608794218,0
2570,14.416741874763829,0
2571,14.418388140733441,0
2572,14.420034406703053,0
2573,14.421680672672665,0
2574,14.423326938642276,0
2575,14.424973204611888,0
2576,14.4266194705815,0
2577,14.428265736551111,0
2578,14.429912002520723,0
2579,14.431558268490335,0
2580,14.433204534459946,0
2581,14.434850800429558,0
2582,14.43649706639917,0
2583,14.438143332368782,0
2584,14.439789598338393,0
2585,14.441435864308005,0
2586,14.443082130277617,0
2587,14.444728396247228,0
2588,14.44637466221684,0
2589,14.448020928186452,0
2590,14.449667194156063,0
2591,14.451313460125675,0
2592,14.452959726095287,0
2593,14.454605992064899,0
2594,14.45625225803451,0
2595,14.457898524004122,0
2596,14.459544789973734,0
2597,14.461191055943345,0
2598,14.462837321912957,0
2599,14.464483587882569,0
2600,14.466129853852181,0
2601,14.467776119821792,0
2602,14.469364278946159,0
2603,14.471010544915771,0
2604,14.472656810885383,0
2605,14.474303076854994,0
2606,14.475949342824606,0
2607,14.477595608794218,0
2608,14.479241874763829,0
2609,14.480888140733441,0
2610,14.482534406703053,0
2611,14.484180672672665,0
2612,14.485826938642276,0
2613,14.487473204611888,0
2614,14.4891194705815,0
2615,14.490765736551111,0
2616,14.492412002520723,0
2617,14.494058268490335,0
2618,14.495704534459946,0
2619,14.497350800429558,0
2620,14.49899706639917,0
2621,14.500643332368782,0
2622,14.502289598338393,0
2623,14.503935864308005,0
2624,14.505582130277617,0
2625,14.507228396247228,0
2626,14.50887466221684,0
2627,14.510520928186452,0
2628,14.512167194156063,0
2629,14.513813460125675,0
2630,14.515459726095287,0
2631,14.517105992064899,0
2632,14.51875225803451,0
2633,14.520398524004122,0
2634,14.522044789973734,0
2635,14.523691055943345,0
2636,14.525337321912957,0
2637,14.526983587882569,0
2638,14.528629853852181,0
2639,14.530276119821792,0
2640,14.531864278946159,0
2641,14.533510544915771,0
2642,14.535156810885383,0
2643,14.536803076854994,0
2644,14.538449342824606,0
2645,14.540095608794218,0
2646,14.541741874763829,0
2647,14.543388140733441,0
2648,14.545034406703053,0
2649,14.546680672672665,0
2650,14.548326938642276,0
2651,14.549973204611888,0
2652,14.5516194705815,0
2653,14.553265736551111,0
2654,14.554912002520723,0
2655,14.556558268490335,0
2656,14.558204534459946,0
2657,14.559850800429558,0
2658,14.56149706639917,0
2659,14.563143332368782,0
2660,14.564789598338393,0
2661,14.566435864308005,0
2662,14.568082130277617,0
2663,14.569728396247228,0
2664,14.57137466221684,0
2665,14.573020928186452,0
2666,14.574667194156063,0
2667,14.576313460125675,0
2668,14.577959726095287,0
2669,14.579605992064899,0
2670,14.58125225803451,0
2671,14.582898524004122,0
2672,14.584544789973734,0
2673,14.586191055943345,0
2674,14.587837321912957,0
2675,14.589483587882569,0
2676,14.591129853852181,0
2677,14.592776119821792,0
2678,14.594364278946159,0
2679,14.596010544915771,0
2680,14.597656810885383,0
2681,14.599303076854994,0
2682,14.600949342824606,0
2683,14.602595608794218,0
2684,14.604241874763829,0
2685,14.605888140733441,0
2686,14.607534406703053,0
2687,14.609180672672665,0
2688,14.610826938642276,0
2689,14.612473204611888,0
2690,14.6141194705815,0
2691,14.615765736551111,0
2692,14.617412002520723,0
2693,14.619058268490335,0
2694,14.620704534459946,0
2695,14.622350800429558,0
2696,14.62399706639917,0
2697,14.625643332368782,0
2698,14.627289598338393,0
2699,14.628935864308005,0
2700,14.630582130277617,0
2701,14.632228396247228,0
2702,14.63387466221684,0
2703,14.635520928186452,0
2704,14.637167194156063,0
2705,14.638813460125675,0
2706,14.640459726095287,0
2707,14.642105992064899,0
2708,14.64375225803451,0
2709,14.645398524004122,0
2710,14.647044789973734,0
2711,14.648691055943345,0
2712,14.650337321912957,0
2713,14.651983587882569,0
2714,14.653629853852181,0
2715,14.655276119821792,0
2716,14.656864278946159,0
2717,14.658510544915771,0
2718,14.660156810885383,0
2719,14.661803076854994,0
2720,14.663449342824606,0
2721,14.665095608794218,0
2722,14.666741874763829,0
2723,14.668388140733441,0
2724,14.670034406703053,0
2725,14.671680672672665,0
2726,14.673326938642276,0
2727,14.674973204611888,0
2728,14.6766194705815,0
2729,14.678265736551111,0
2730,14.679912002520723,0
2731,14.681558268490335,0
2732,14.683204534459946,0
2733,14.684850800429558,0
2734,14.68649706639917,0
2735,14.688143332368782,0
2736,14.689789598338393,0
2737,14.691435864308005,0
2738,14.693082130277617,0
2739,14.694728396247228,0
2740,14.69637466221684,0
2741,14.698020928186452,0
2742,14.699667194156063,0
2743,14.701313460125675,0
2744,14.702959726095287,0
2745,14.704605992064899,0
2746,14.70625225803451,0
2747,14.707898524004122,0
2748,14.709544789973734,0
2749,14.711191055943345,0
2750,14.712837321912957,0
2751,14.714483587882569,0
2752,14.716129853852181,0
2753,14.717776119821792,0
2754,14.719364278946159,0
2755,14.721010544915771,0
2756,14.722656810885383,0
2757,14.724303076854994,0
2758,14.725949342824606,0
2759,14.727595608794218,0
2760,14.729241874763829,0
2761,14.730888140733441,0
2762,14.732534406703053,0
2763,14.734180672672665,0
2764,14.735826938642276,0
2765,14.737473204611888,0
2766,14.7391194705815,0
2767,14.740765736551111,0
2768,14.742412002520723,0
2769,14.744058268490335,0
2770,14.745704534459946,0
2771,14.747350800429558,0
2772,14.74899706639917,0
2773,14.750643332368782,0
2774,14.752289598338393,0
2775,14.753935864308005,0
2776,14.755582130277617,0
2777,14.757228396247228,0
2778,14.75887466221684,0
2779,14.760520928186452,0
2780,14.762167194156063,0
2781,14.763813460125675,0
2782,14.765459726095287,0
2783,14.767105992064899,0
2784,14.76875225803451,0
2785,14.770398524004122,0
2786,14.772044789973734,0
2787,14.773691055943345,0
2788,14.775337321912957,0
2789,14.776983587882569,0
2790,14.778629853852181,0
2791,14.780276119821792,0
2792,14.781864278946159,0
2793,14.783510544915771,0
2794,14.785156810885383,0
2795,14.786803076854994,0
2796,14.788449342824606,0
2797,14.790095608794218,0
2798,14.791741874763829,0
2799,14.793388140733441,0
2800,14.795034406703053,0
2801,14.796680672672665,0
2802,14.798326938642276,0
2803,14.799973204611888,0
2804,14.8016194705815,0
2805,14.803265736551111,0
2806,14.804912002520723,0
2807,14.806558268490335,0
2808,14.808204534459946,0
2809,14.809850800429558,0
2810,14.81149706639917,0
2811,14.813143332368782,0
2812,14.814789598338393,0
2813,14.816435864308005,0
2814,14.818082130277617,0
2815,14.819728396247228,0
2816,14.82137466221684,0
2817,14.823020928186452,0
2818,14.824667194156063,0
2819,14.826313460125675,0
2820,14.827959726095287,0
2821,14.829605992064899,0
2822,14.83125225803451,0
2823,14.832898524004122,0
2824,14.834544789973734,0
2825,14.836191055943345,0
2826,14.837837321912957,0
2827,14.839483587882569,0
2828,14.841129853852181,0
2829,14.842776119821792,0
2830,14.844364278946159,0
2831,14.846010544915771,0
2832,14.847656810885383,0
2833,14.849303076854994,0
2834,14.850949342824606,0
2835,14.852595608794218,0
2836,14.854241874763829,0
2837,14.855888140733441,0
2838,14.857534406703053,0
2839,14.859180672672665,0
2840,14.860826938642276,0
2841,14.862473204611888,0
2842,14.8641194705815,0
2843,14.865765736551111,0
2844,14.867412002520723,0
2845,14.869058268490335,0
2846,14.870704534459946,0
2847,14.872350800429558,0
2848,14.87399706639917,0
2849,14.875643332368782,0
2850,14.877289598338393,0
2851,14.878935864308005,0
2852,14.880582130277617,0
2853,14.882228396247228,0
2854,14.88387466221684,0
2855,14.885520928186452,0
2856,14.887167194156063,0
2857,14.888813460125675,0
2858,14.890459726095287,0
2859,14.892105992064899,0
2860,14.89375225803451,0
2861,14.895398524004122,0
2862,14.897044789973734,0
2863,14.898691055943345,0
2864,14.900337321912957,0
2865,14.901983587882569,0
2866,14.903629853852181,0
2867,14.905276119821792,0
2868,14.906864278946159,0
2869,14.908510544915771,0
2870,14.910156810885383,0
2871,14.911803076854994,0
2872,14.913449342824606,0
2873,14.915095608794218,0
2874,14.916741874763829,0
2875,14.918388140733441,0
2876,14.920034406703053,0
2877,14.921680672672665,0
2878,14.923326938642276,0
2879,14.924973204611888,0
2880,14.9266194705815,0
2881,14.928265736551111,0
2882,14.929912002520723,0
2883,14.931558268490335,0
2884,14.933204534459946,0
2885,14.934850800429558,0
2886,14.93649706639917,0
2887,14.938143332368782,0
2888,14.939789598338393,0
2889,14.941435864308005,0
2890,14.943082130277617,0
2891,14.944728396247228,0
2892,14.94637466221684,0
2893,14.948020928186452,0
2894,14.949667194156063,0
2895,14.951313460125675,0
2896,14.952959726095287,0
2897,14.954605992064899,0
2898,14.95625225803451,0
2899,14.957898524004122,0
2900,14.959544789973734,0
2901,14.961191055943345,0
2902,14.962837321912957,0
2903,14.964483587882569,0
2904,14.966129853852181,0
2905,14.967776119821792,0
2906,14.969364278946159,0
2907,14.971010544915771,0
2908,14.972656810885383,0
2909,14.974303076854994,0
2910,14.975949342824606,0
2911,14.977595608794218,0
2912,14.979241874763829,0
2913,14.980888140733441,0
2914,14.982534406703053,0
2915,14.984180672672665,0
2916,14.985826938642276,0
2917,14.987473204611888,0
2918,14.9891194705815,0
2919,14.990765736551111,0
2920,14.992412002520723,0
2921,14.994058268490335,0
2922,14.995704534459946,0
2923,14.997350800429558,0
2924,14.99899706639917,0
2925,15.000643332368782,0
2926,15.002289598338393,0
2927,15.003935864308005,0
2928,15.005582130277617,0
2929,15.007228396247228,0
2930,15.00887466221684,0
2931,15.010520928186452,0
2932,15.012167194156063,0
2933,15.013813460125675,0
2934,15.015459726095287,0
2935,15.017105992064899,0
2936,15.01875225803451,0
2937,15.020398524004122,0
2938,15.022044789973734,0
2939,15.023691055943345,0
2940,15.025337321912957,0
2941,15.026983587882569,0
2942,15.028629853852181,0
2943,15.030276119821792,0
2944,15.031864278946159,0
2945,15.033510544915771,0
2946,15.035156810885383,0
2947,15.036803076854994,0
2948,15.038449342824606,0
2949,15.040095608794218,0
2950,15.041741874763829,0
2951,15.043388140733441,0
2952,15.045034406703053,0
2953,15.046680672672665,0
2954,15.048326938642276,0
2955,15.049973204611888,0
2956,15.0516194705815,0
2957,15.053265736551111,0
2958,15.054912002520723,0
2959,15.056558268490335,0
2960,15.058204534459946,0
2961,15.059850800429558,0
2962,15.06149706639917,0
2963,15.063143332368782,0
2964,15.064789598338393,0
2965,15.066435864308005,0
2966,15.068082130277617,0
2967,15.069728396247228,0
2968,15.07137466221684,0
2969,15.073020928186452,0
2970,15.074667194156063,0
2971,15.076313460125675,0
2972,15.077959726095287,0
2973,15.079605992064899,0
2974,15.08125225803451,0
2975,15.082898524004122,0
2976,15.084544789973734,0
2977,15.086191055943345,0
2978,15.087837321912957,0
2979,15.089483587882569,0
2980,15.091129853852181,0
2981,15.092776119821792,0
2982,15.094364278946159,0
2983,15.096010544915771,0
2984,15.097656810885383,0
2985,15.099303076854994,0
2986,15.100949342824606,0
2987,15.102595608794218,0
2988,15.104241874763829,0
2989,15.105888140733441,0
2990,15.107534406703053,0
2991,15.109180672672665,0
2992,15.110826938642276,0
2993,15.112473204611888,0
2994,15.1141194705815,0
2995,15.115765736551111,0
2996,15.117412002520723,0
2997,15.119058268490335,0
2998,15.120704534459946,0
2999,15.122350800429558,0
3000,15.12399706639917,0
3001,15.125643332368782,0
3002,15.127289598338393,0
3003,15.128935864308005,0
3004,15.130582130277617,0
3005,15.132228396247228,0
3006,15.13387466221684,0
3007,15.135520928186452,0
3008,15.137167194156063,0
3009,15.138813460125675,0
3010,15.140459726095287,0
3011,15.142105992064899,0
3012,15.14375225803451,0
3013,15.145398524004122,0
3014,15.147044789973734,0
3015,15.148691055943345,0
3016,15.150337321912957,0
3017,15.151983587882569,0
3018,15.153629853852181,0
3019,15.155276119821792,0
3020,15.156864278946159,0
3021,15.158510544915771,0
3022,15.160156810885383,0
3023,15.161803076854994,0
3024,15.163449342824606,0
3025,15.165095608794218,0
3026,15.166741874763829,0
3027,15.168388140733441,0
3028,15.170034406703053,0
3029,15.171680672672665,0
3030,15.173326938642276,0
3031,15.174973204611888,0
3032,15.1766194705815,0
3033,15.178265736551111,0
3034,15.179912002520723,0
3035,15.181558268490335,0
3036,15.183204534459946,0
3037,15.184850800429558,0
3038,15.18649706639917,0
3039,15.188143332368782,0
3040,15.189789598338393,0
3041,15.191435864308005,0
3042,15.193082130277617,0
3043,15.194728396247228,0
3044,15.19637466221684,0
3045,15.198020928186452,0
3046,15.199667194156063,0
3047,15.201313460125675,0
3048,15.202959726095287,0
3049,15.204605992064899,0
3050,15.20625225803451,0
3051,15.207898524004122,0
3052,15.209544789973734,0
3053,15.211191055943345,0
3054,15.212837321912957,0
3055,15.214483587882569,0
3056,15.216129853852181,0
3057,15.217776119821792,0
3058,15.219364278946159,0
3059,15.221010544915771,0
3060,15.222656810885383,0
3061,15.224303076854994,0
3062,15.225949342824606,0
3063,15.227595608794218,0
3064,15.229241874763829,0
3065,15.230888140733441,0
3066,15.232534406703053,0
3067,15.234180672672665,0
3068,15.235826938642276,0
3069,15.237473204611888,0
3070,15.2391194705815,0
3071,15.240765736551111,0
3072,15.242412002520723,0
3073,15.244058268490335,0
3074,15.245704534459946,0
3075,15.247350800429558,0
3076,15.24899706639917,0
3077,15.250643332368782,0
3078,15.252289598338393,0
3079,15.253935864308005,0
3080,15.255582130277617,0
3081,15.257228396247228,0
3082,15.25887466221684,0
3083,15.260520928186452,0
3084,15.262167194156063,0
3085,15.263813460125675,0
3086,15.265459726095287,0
3087,15.267105992064899,0
3088,15.26875225803451,0
3089,15.270398524004122,0
3090,15.272044789973734,0
3091,15.273691055943345,0
3092,15.275337321912957,0
3093,15.276983587882569,0
3094,15.278629853852181,0
3095,15.280276119821792,0
3096,15.281864278946159,0
3097,15.283510544915771,0
3098,15.285156810885383,0
3099,15.286803076854994,0
3100,15.288449342824606,0
3101,15.290095608794218,0
3102,15.291741874763829,0
3103,15.293388140733441,0
3104,15.295034406703053,0
3105,15.296680672672665,0
3106,15.298326938642276,0
3107,15.299973204611888,0
3108,15.3016194705815,0
3109,15.303265736551111,0
3110,15.304912002520723,0
3111,15.306558268490335,0
3112,15.308204534459946,251.23347525501143
3113,15.309850800429558,259.07030617013731
3114,15.31149706639917,441.76036171825024
3115,15.313143332368782,473.10554996946462
3116,15.314789598338393,411.84761612294778
3117,15.316435864308005,391.63695481932621
3118,15.318082130277617,374.35328291843467
3119,15.319728396247228,373.01246682639987
3120,15.32137466221684,374.68710452598668
3121,15.323020928186452,361.65613274170414
3122,15.324667194156063,337.88583972552084
3123,15.326313460125675,315.85727406577087
3124,15.327959726095287,305.08085197698119
3125,15.329605992064899,318.21869742996228
3126,15.33125225803451,329.35483857654856
3127,15.332898524004122,316.79658141640385
3128,15.334544789973734,293.65864075718622
3129,15.336191055943345,276.28119401681141
3130,15.337837321912957,273.86081545061523
3131,15.339483587882569,298.65617617642692
3132,15.341129853852181,317.31340141738326
3133,15.342776119821792,304.91101212470244
3134,15.344364278946159,281.17664791868782
3135,15.346010544915771,264.88219181530678
3136,15.347656810885383,266.46176077710112
3137,15.349303076854994,295.663999437911
3138,15.350949342824606,314.90013091939255
3139,15.352595608794218,301.61682762806061
3140,15.354241874763829,277.69745963668822
3141,15.355888140733441,259.59850185994543
3142,15.357534406703053,260.9225561087012
3143,15.359180672672665,290.65901518138907
3144,15.360826938642276,422.10506607510524
3145,15.362473204611888,412.19199137756044
3146,15.3641194705815,579.21301559590154
3147,15.365765736551111,445.42815716837993
3148,15.367412002520723,542.39378609940468
3149,15.369058268490335,567.25210932098094
3150,15.370704534459946,589.64090561542878
3151,15.372350800429558,581.52243959293435
3152,15.37399706639917,546.21728060843043
3153,15.375643332368782,512.3063882281084
3154,15.377289598338393,700.08201573000179
3155,15.378935864308005,720.98813250228295
3156,15.380582130277617,753.59356438431337
3157,15.382228396247228,748.14449759947752
3158,15.38387466221684,707.13083034050373
3159,15.385520928186452,667.35902143957935
3160,15.387167194156063,654.01947642880941
3161,15.388813460125675,878.64526935860158
3162,15.390459726095287,886.01923058904845
3163,15.392105992064899,879.87577951792878
3164,15.39375225803451,832.94469674599031
3165,15.395398524004122,786.73701509539762
3166,15.397044789973734,774.91212890813176
3167,15.398691055943345,809.94723921753564
3168,15.400337321912957,856.01099990278919
3169,15.401983587882569,851.23918186808567
3170,15.403629853852181,802.94277472085525
3171,15.405276119821792,755.19552564677417
3172,15.406864278946159,741.7639470938152
3173,15.408510544915771,790.03811752109755
3174,15.410156810885383,847.09680546522975
3175,15.411803076854994,1067.2924565346116
3176,15.413449342824606,1007.2275996204032
3177,15.415095608794218,825.79540718309556
3178,15.416741874763829,810.1889388266203
3179,15.418388140733441,978.93693817976293
3180,15.420034406703053,1043.2946198298177
3181,15.421680672672665,1049.5052986456624
3182,15.423326938642276,988.62727492512886
3183,15.424973204611888,924.40558442992085
3184,15.4266194705815,904.6986283739343
3185,15.428265736551111,961.15723434266613
3186,15.429912002520723,1033.2746588945297
3187,15.431558268490335,1046.5251192075264
3188,15.433204534459946,988.35480504041789
3189,15.434850800429558,921.8674404927599
3190,15.43649706639917,899.39875799751326
3191,15.438143332368782,960.05025012668705
3192,15.439789598338393,951.60948569691391
3193,15.441435864308005,970.99698485210081
3194,15.443082130277617,918.68363627934536
3195,15.444728396247228,855.13835228734149
3196,15.44637466221684,833.16445171835301
3197,15.448020928186452,887.27246443298463
3198,15.449667194156063,959.76436101169497
3199,15.451313460125675,979.8752335456935
3200,15.452959726095287,929.30047218635696
3201,15.454605992064899,866.17501484953152
3202,15.45625225803451,841.61646213020117
3203,15.457898524004122,891.10445816220442
3204,15.459544789973734,1034.9238868434452
3205,15.461191055943345,980.73367731479368
3206,15.462837321912957,934.92679368193467
3207,15.464483587882569,873.03253181358991
3208,15.466129853852181,847.71679964472753
3209,15.467776119821792,891.50747405182301
3210,15.469364278946159,961.90526584325903
3211,15.471010544915771,973.39774216759122
3212,15.472656810885383,927.84233065729359
3213,15.474303076854994,865.86160768932439
3214,15.475949342824606,842.68459101669691
3215,15.477595608794218,888.78532925078161
3216,15.479241874763829,955.83081249383235
3217,15.480888140733441,968.44310537607589
3218,15.482534406703053,924.72210019756699
3219,15.484180672672665,862.98265861389564
3220,15.485826938642276,837.41225104242505
3221,15.487473204611888,874.74056475067289
3222,15.4891194705815,935.08137060019385
3223,15.490765736551111,953.01322593669363
3224,15.492412002520723,911.80147887523901
3225,15.494058268490335,851.58671654753289
3226,15.495704534459946,825.47587523926302
3227,15.497350800429558,857.69954861580641
3228,15.49899706639917,913.37565440118613
3229,15.500643332368782,936.28209223248109
3230,15.502289598338393,896.17698559443841
3231,15.503935864308005,836.79225827972812
3232,15.505582130277617,809.8996893954004
3233,15.507228396247228,759.93321054665125
3234,15.50887466221684,806.40057428008322
3235,15.510520928186452,829.31050124862281
3236,15.512167194156063,793.90346130485568
3237,15.513813460125675,744.62556867283809
3238,15.515459726095287,720.03527967576406
3239,15.517105992064899,739.83946042230548
3240,15.51875225803451,776.03239983765548
3241,15.520398524004122,794.59339950439778
3242,15.522044789973734,758.85830656033568
3243,15.523691055943345,712.98583325452137
3244,15.525337321912957,692.09201075940121
3245,15.526983587882569,709.06904801591975
3246,15.528629853852181,741.84102188687416
3247,15.530276119821792,756.62170996476902
3248,15.531864278946159,724.59578071105329
3249,15.533510544915771,683.82193595996114
3250,15.535156810885383,665.88735773645806
3251,15.536803076854994,428.66211775821955
3252,15.538449342824606,447.08192361612799
3253,15.540095608794218,733.29264199048134
3254,15.541741874763829,713.78119719902611
3255,15.543388140733441,678.45770978178268
3256,15.545034406703053,540.61772378378384
3257,15.546680672672665,419.13057052923813
3258,15.548326938642276,373.87441167025224
3259,15.549973204611888,587.30436056662597
3260,15.5516194705815,714.77783670423423
3261,15.553265736551111,549.83471099274675
3262,15.554912002520723,485.79309457349365
3263,15.556558268490335,493.31469062443153
3264,15.558204534459946,507.62419227156209
3265,15.559850800429558,518.76731914808386
3266,15.56149706639917,657.69849829478028
3267,15.563143332368782,490.92708379287149
3268,15.564789598338393,489.87720045087815
3269,15.566435864308005,494.57885578474145
3270,15.568082130277617,504.82798626273183
3271,15.569728396247228,516.35557168422679
3272,15.57137466221684,661.18495743038113
3273,15.573020928186452,638.83345201572013
3274,15.574667194156063,495.45770298971502
3275,15.576313460125675,498.7864450007574
3276,15.577959726095287,504.23088070367163
3277,15.579605992064899,516.781665153777
3278,15.58125225803451,668.5631280851992
3279,15.582898524004122,651.37440892740108
3280,15.584544789973734,506.17737359826202
3281,15.586191055943345,507.55681292386078
3282,15.587837321912957,508.10079316259498
3283,15.589483587882569,664.12985208371174
3284,15.591129853852181,669.28335530586639
3285,15.592776119821792,658.26497677307646
3286,15.594364278946159,657.05687855360418
3287,15.596010544915771,512.93958676055854
3288,15.597656810885383,509.01602954907509
3289,15.599303076854994,659.65535250166965
3290,15.600949342824606,668.86563191727862
3291,15.602595608794218,662.16272374778339
3292,15.604241874763829,658.30034187847127
3293,15.605888140733441,646.33372750800606
3294,15.607534406703053,636.75394340179196
3295,15.609180672672665,647.4798353666755
3296,15.610826938642276,662.69581309152795
3297,15.612473204611888,898.851193724224
3298,15.6141194705815,886.4374577066975
3299,15.615765736551111,784.22196056391726
3300,15.617412002520723,762.04990499655946
3301,15.619058268490335,852.5271777724721
3302,15.620704534459946,867.64294258828409
3303,15.622350800429558,862.32047801867088
3304,15.62399706639917,847.77329046335126
3305,15.625643332368782,739.8367532363792
3306,15.627289598338393,712.90843640123524
3307,15.628935864308005,798.74319764508209
3308,15.630582130277617,816.04869256774498
3309,15.632228396247228,815.2717037583144
3310,15.63387466221684,718.96594139807257
3311,15.635520928186452,693.47818254416541
3312,15.637167194156063,665.42489201354761
3313,15.638813460125675,664.10378129061496
3314,15.640459726095287,778.79335202859625
3315,15.642105992064899,700.56376667982943
3316,15.64375225803451,692.06171651518923
3317,15.645398524004122,666.4943258190392
3318,15.647044789973734,637.2652900892183
3319,15.648691055943345,635.16234436101456
3320,15.650337321912957,659.8350991270986
3321,15.651983587882569,676.22857733145054
3322,15.653629853852181,668.23036029468028
3323,15.655276119821792,643.82458796494416
3324,15.656864278946159,616.09417325515733
3325,15.658510544915771,614.27178484079911
3326,15.660156810885383,644.16516912452971
3327,15.661803076854994,660.04310595601885
3328,15.663449342824606,648.81159019187544
3329,15.665095608794218,508.03940980822853
3330,15.666741874763829,484.80514472981179
3331,15.668388140733441,597.61329335639277
3332,15.670034406703053,631.14399009161934
3333,15.671680672672665,652.50668652051581
3334,15.673326938642276,519.59413634986208
3335,15.674973204611888,499.43833860757354
3336,15.6766194705815,476.92896413778317
3337,15.678265736551111,474.33641584465192
3338,15.679912002520723,632.52306575757962
3339,15.681558268490335,519.96832185801441
3340,15.683204534459946,512.17408218377159
3341,15.684850800429558,491.2096896742558
3342,15.68649706639917,469.41546941888015
3343,15.688143332368782,470.0949400893677
3344,15.689789598338393,503.47549549720065
3345,15.691435864308005,524.6909551835131
3346,15.693082130277617,512.92147832778426
3347,15.694728396247228,490.67770806195153
3348,15.69637466221684,468.66022863034186
3349,15.698020928186452,468.955937076841
3350,15.699667194156063,504.01899329550554
3351,15.701313460125675,528.41052130117134
3352,15.702959726095287,520.48082956031931
3353,15.704605992064899,498.41505994329015
3354,15.70625225803451,476.2969682577143
3355,15.707898524004122,480.00880207753085
3356,15.709544789973734,512.24750336853037
3357,15.711191055943345,534.41768678526103
3358,15.712837321912957,529.72333966926817
3359,15.714483587882569,506.85455867109056
3360,15.716129853852181,484.74297441449505
3361,15.717776119821792,489.15015490078838
3362,15.719364278946159,517.63219572677451
3363,15.721010544915771,539.30771506175188
3364,15.722656810885383,534.86425865823924
3365,15.724303076854994,516.59841878424049
3366,15.725949342824606,493.77848253534512
3367,15.727595608794218,496.20748827856755
3368,15.729241874763829,524.24862778702209
3369,15.730888140733441,544.44750335565459
3370,15.732534406703053,537.25594042834564
3371,15.734180672672665,518.04442672912205
3372,15.735826938642276,497.98224547017833
3373,15.737473204611888,504.20176133472438
3374,15.7391194705815,532.98000114551076
3375,15.740765736551111,645.78916559995446
3376,15.742412002520723,635.750980657588
3377,15.744058268490335,524.77835400071581
3378,15.745704534459946,505.73693072982826
3379,15.747350800429558,603.23999250927704
3380,15.74899706639917,628.02070184321065
3381,15.750643332368782,649.02913518772311
3382,15.752289598338393,640.11715071438323
3383,15.753935864308005,617.32509306273118
3384,15.755582130277617,595.47755521660349
3385,15.757228396247228,606.44933454831494
3386,15.75887466221684,634.20557658773407
3387,15.760520928186452,656.0152421268499
3388,15.762167194156063,647.62597377137877
3389,15.763813460125675,624.0675556662037
3390,15.765459726095287,821.15442474075462
3391,15.767105992064899,880.84268376333682
3392,15.76875225803451,831.1420728708631
3393,15.770398524004122,824.96698602116521
3394,15.772044789973734,810.52174193972064
3395,15.773691055943345,779.47165909232695
3396,15.775337321912957,756.38282274580206
3397,15.776983587882569,801.26960349531612
3398,15.778629853852181,789.12880294264369
3399,15.780276119821792,880.96438158252295
3400,15.781864278946159,868.1244190117385
3401,15.783510544915771,836.29626763639089
3402,15.785156810885383,806.9867876359499
3403,15.786803076854994,839.01992285947131
3404,15.788449342824606,838.40268915208753
3405,15.790095608794218,953.56651190947434
3406,15.791741874763829,943.50723285198376
3407,15.793388140733441,704.74463427063642
3408,15.795034406703053,679.01129160156711
3409,15.796680672672665,833.75783849088634
3410,15.798326938642276,924.30079451667473
3411,15.799973204611888,932.13332102021832
3412,15.8016194705815,926.20403825865901
3413,15.803265736551111,898.48972454251304
3414,15.804912002520723,777.44364525571825
3415,15.806558268490335,910.88575528442584
3416,15.808204534459946,908.39953077786572
3417,15.809850800429558,911.74439144190899
3418,15.81149706639917,903.6432755203034
3419,15.813143332368782,870.4677053767781
3420,15.814789598338393,838.13909213536726
3421,15.816435864308005,878.59488738441178
3422,15.818082130277617,883.28278185402178
3423,15.819728396247228,883.72530171349342
3424,15.82137466221684,868.97724957553476
3425,15.823020928186452,835.56513414405401
3426,15.824667194156063,805.07471556680855
3427,15.826313460125675,847.04575640271469
3428,15.827959726095287,859.97547761230931
3429,15.829605992064899,858.29589736426885
3430,15.83125225803451,843.76959477464584
3431,15.832898524004122,810.73954473513822
3432,15.834544789973734,779.68969065100248
3433,15.836191055943345,772.82830050045709
3434,15.837837321912957,831.5699359796306
3435,15.839483587882569,784.45825401847333
3436,15.841129853852181,653.09720030612823
3437,15.842776119821792,630.42524782109035
3438,15.844364278946159,603.9952696848809
3439,15.846010544915771,766.90464227926361
3440,15.847656810885383,637.40950637011679
3441,15.849303076854994,649.12065148700583
3442,15.850949342824606,581.56566812071094
3443,15.852595608794218,564.02017335329867
3444,15.854241874763829,542.49336554866613
3445,15.855888140733441,577.02451173348391
3446,15.857534406703053,578.38184394762106
3447,15.859180672672665,593.11697396645468
3448,15.860826938642276,588.60824782622342
3449,15.862473204611888,570.02920076936721
3450,15.8641194705815,474.11305051373643
3451,15.865765736551111,507.04511056005839
3452,15.867412002520723,595.94274805759073
3453,15.869058268490335,611.30126199191989
3454,15.870704534459946,607.05087919744187
3455,15.872350800429558,503.63808042017547
3456,15.87399706639917,482.95772121051561
3457,15.875643332368782,498.09566055302946
3458,15.877289598338393,509.7230423283508
3459,15.878935864308005,629.03884681850525
3460,15.880582130277617,529.32332074787939
3461,15.882228396247228,510.12582120331814
3462,15.88387466221684,488.77042743173917
3463,15.885520928186452,489.25094444703331
3464,15.887167194156063,516.98084448661427
3465,15.888813460125675,540.57886658565656
3466,15.890459726095287,535.70342825020748
3467,15.892105992064899,514.55701933538137
3468,15.89375225803451,492.75320343138401
3469,15.895398524004122,493.86312473980269
3470,15.897044789973734,524.23311368738632
3471,15.898691055943345,547.97148715028652
3472,15.900337321912957,541.71064904063121
3473,15.901983587882569,521.05863203605657
3474,15.903629853852181,500.9221620153703
3475,15.905276119821792,503.21693410668524
3476,15.906864278946159,533.25404623181623
3477,15.908510544915771,552.80332430066858
3478,15.910156810885383,431.88349926665433
3479,15.911803076854994,414.27948538159512
3480,15.913449342824606,400.21782990341472
3481,15.915095608794218,400.67822433862523
3482,15.916741874763829,423.02585538312701
3483,15.918388140733441,441.7193877313382
3484,15.920034406703053,433.21928344865864
3485,15.921680672672665,417.12193523164478
3486,15.923326938642276,405.46261483535818
3487,15.924973204611888,408.26327656333149
3488,15.9266194705815,428.20656012132787
3489,15.928265736551111,440.97646971808757
3490,15.929912002520723,431.76472106610061
3491,15.931558268490335,417.85284988793978
3492,15.933204534459946,409.95323799653869
3493,15.934850800429558,418.61415775376071
3494,15.93649706639917,438.72684800351556
3495,15.938143332368782,443.02164907885242
3496,15.939789598338393,432.38958532027834
3497,15.941435864308005,417.52626280281561
3498,15.943082130277617,409.54179439660373
3499,15.944728396247228,419.69536374655075
3500,15.94637466221684,436.88855720039453
3501,15.948020928186452,437.74897585582193
3502,15.949667194156063,428.88244869709865
3503,15.951313460125675,415.69274295538997
3504,15.952959726095287,408.09763703727674
3505,15.954605992064899,419.08131600841278
3506,15.95625225803451,431.35528581479679
3507,15.957898524004122,431.79737649914387
3508,15.959544789973734,423.2731783051197
3509,15.961191055943345,410.9167831428241
3510,15.962837321912957,403.29849354871897
3511,15.964483587882569,411.21018851532114
3512,15.966129853852181,421.08250220182458
3513,15.967776119821792,422.15999378129715
3514,15.969364278946159,415.67349506816652
3515,15.971010544915771,405.57421617001853
3516,15.972656810885383,398.18493483992995
3517,15.974303076854994,402.78037783520085
3518,15.975949342824606,408.83902187838487
3519,15.977595608794218,408.20970463431053
3520,15.979241874763829,400.6870481616358
3521,15.980888140733441,391.59605963119884
3522,15.982534406703053,385.43225235920914
3523,15.984180672672665,389.46269237281376
3524,15.985826938642276,394.6278760916174
3525,15.987473204611888,393.17011862711303
3526,15.9891194705815,385.29580532172713
3527,15.990765736551111,376.94394418366062
3528,15.992412002520723,370.99113976442641
3529,15.994058268490335,374.35004606676
3530,15.995704534459946,301.48643301273614
3531,15.997350800429558,296.22702901318388
3532,15.99899706639917,290.60125534881553
3533,16.000643332368782,287.18375197401747
3534,16.002289598338393,286.88383242805855
3535,16.003935864308005,291.62721268666201
3536,16.005582130277617,291.59643627918132
3537,16.007228396247228,286.35458247770703
3538,16.00887466221684,283.17051930545284
3539,16.010520928186452,281.84214967431075
3540,16.012167194156063,281.88951576037812
3541,16.013813460125675,284.90607548386618
3542,16.015459726095287,284.07086892797241
3543,16.017105992064899,279.60554896095965
3544,16.01875225803451,276.53030886448551
3545,16.020398524004122,276.02997102736805
3546,16.022044789973734,277.16616210129575
3547,16.023691055943345,279.79030282525559
3548,16.025337321912957,277.73190434323868
3549,16.026983587882569,272.32695524961804
3550,16.028629853852181,268.91311057862833
3551,16.030276119821792,268.37039588068831
3552,16.031864278946159,269.71398521617982
3553,16.033510544915771,271.37933165134513
3554,16.035156810885383,268.8113238520819
3555,16.036803076854994,263.87867845575448
3556,16.038449342824606,260.69239261829551
3557,16.040095608794218,260.49668850596436
3558,16.041741874763829,261.2280407944578
3559,16.043388140733441,261.86916486718081
3560,16.045034406703053,258.48122053960998
3561,16.046680672672665,253.47831652594226
3562,16.048326938642276,250.87036080048401
3563,16.049973204611888,251.02784321158487
3564,16.0516194705815,251.31190951652337
3565,16.053265736551111,250.58471884018928
3566,16.054912002520723,245.88903984380875
3567,16.056558268490335,240.27983940785512
3568,16.058204534459946,238.35800847941988
3569,16.059850800429558,240.24609417550704
3570,16.06149706639917,241.55787541864686
3571,16.063143332368782,241.01737037011941
3572,16.064789598338393,236.61017797485377
3573,16.066435864308005,230.27303098109928
3574,16.068082130277617,227.35687911403926
3575,16.069728396247228,154.61258001846292
3576,16.07137466221684,156.53854224188032
3577,16.073020928186452,154.06388382626992
3578,16.074667194156063,148.90005246679854
3579,16.076313460125675,144.22690497190453
3580,16.077959726095287,144.31237617702016
3581,16.079605992064899,148.61476993369263
3582,16.08125225803451,151.61334847552925
3583,16.082898524004122,150.76900852925027
3584,16.084544789973734,146.6558236753483
3585,16.086191055943345,142.05193084799959
3586,16.087837321912957,141.00006696514575
3587,16.089483587882569,143.94811383476571
3588,16.091129853852181,146.50905551688129
3589,16.092776119821792,146.41817562716105
3590,16.094364278946159,143.23458861621023
3591,16.096010544915771,138.79917511068587
3592,16.097656810885383,136.47732246921382
3593,16.099303076854994,137.86870309411833
3594,16.100949342824606,140.92340288946107
3595,16.102595608794218,142.13018380560615
3596,16.104241874763829,140.06583122136283
3597,16.105888140733441,135.54671066266562
3598,16.107534406703053,131.7965501679964
3599,16.109180672672665,131.61251182063273
3600,16.110826938642276,134.50340392935558
3601,16.112473204611888,137.41607988489764
3602,16.1141194705815,137.02615430037196
3603,16.115765736551111,133.31812318565017
3604,16.117412002520723,128.48822148252344
3605,16.119058268490335,125.73253723219381
3606,16.120704534459946,126.85831687551044
3607,16.122350800429558,130.77543381168266
3608,16.12399706639917,132.87324394458989
3609,16.125643332368782,131.20118399403978
3610,16.127289598338393,126.8668350066994
3611,16.128935864308005,122.41630892627475
3612,16.130582130277617,121.04470614222178
3613,16.132228396247228,124.21278557708123
3614,16.13387466221684,127.83982722454621
3615,16.135520928186452,127.61018772735694
3616,16.137167194156063,124.63513794736116
3617,16.138813460125675,120.908814688387
3618,16.140459726095287,119.65561472431773
3619,16.142105992064899,122.72821395706464
3620,16.14375225803451,127.6562823443294
3621,16.145398524004122,128.37120260950411
3622,16.147044789973734,124.75707104306358
3623,16.148691055943345,118.877450564977
3624,16.150337321912957,114.89019775381047
3625,16.151983587882569,115.49635450336741
3626,16.153629853852181,120.86350859984596
3627,16.155276119821792,124.52603153062782
3628,16.156864278946159,123.44988121776747
3629,16.158510544915771,119.18577358377158
3630,16.160156810885383,114.42821130833804
3631,16.161803076854994,112.99725996625939
3632,16.163449342824606,116.0268594985869
3633,16.165095608794218,120.05437214807432
3634,16.166741874763829,120.6548686122342
3635,16.168388140733441,119.38262487609809
3636,16.170034406703053,117.26836012940353
3637,16.171680672672665,116.45535430208319
3638,16.173326938642276,117.31155858239644
3639,16.174973204611888,119.34242587767852
3640,16.1766194705815,118.67526829641041
3641,16.178265736551111,115.85447214128381
3642,16.179912002520723,113.54292407870254
3643,16.181558268490335,113.50572829514572
3644,16.183204534459946,115.86488140571956
3645,16.184850800429558,119.30970200499225
3646,16.18649706639917,120.38359703345996
3647,16.188143332368782,118.08299659668967
3648,16.189789598338393,115.47261320224916
3649,16.191435864308005,114.72707517075322
3650,16.193082130277617,115.89554568983397
3651,16.194728396247228,116.6586586334714
3652,16.19637466221684,114.78527025110708
3653,16.198020928186452,112.44745220243804
3654,16.199667194156063,111.69511246709318
3655,16.201313460125675,111.64717821810225
3656,16.202959726095287,112.82844363654571
3657,16.204605992064899,114.28656219369671
3658,16.20625225803451,112.8781374635614
3659,16.207898524004122,109.45991284099979
3660,16.209544789973734,108.16526916418435
3661,16.211191055943345,108.47087361882528
3662,16.212837321912957,108.60739855709478
3663,16.214483587882569,108.55884325328662
3664,16.216129853852181,107.01780230193231
3665,16.217776119821792,103.4077500453981
3666,16.219364278946159,102.63255072447159
3667,16.221010544915771,103.63133107946807
3668,16.222656810885383,104.50188631095746
3669,16.224303076854994,104.04881485563108
3670,16.225949342824606,101.20876325193709
3671,16.227595608794218,250.44653437607104
3672,16.229241874763829,243.42567859728683
3673,16.230888140733441,96.349767932877171
3674,16.232534406703053,97.361960371385422
3675,16.234180672672665,347.58614424569794
3676,16.235826938642276,637.00917199129481
3677,16.237473204611888,635.4370417372304
3678,16.2391194705815,620.2790533194642
3679,16.240765736551111,598.99050311287613
3680,16.242412002520723,578.26658634602029
3681,16.244058268490335,567.66592130827678
3682,16.245704534459946,570.16884397427305
3683,16.247350800429558,565.86774999470981
3684,16.24899706639917,550.59857493890911
3685,16.250643332368782,529.61732093719445
3686,16.252289598338393,506.77312393476927
3687,16.253935864308005,498.49032676145447
3688,16.255582130277617,504.60181010141548
3689,16.257228396247228,502.89148087178876
3690,16.25887466221684,489.63137969028878
3691,16.260520928186452,472.63845154134208
3692,16.262167194156063,454.2311944553843
3693,16.263813460125675,452.65696856667438
3694,16.265459726095287,580.26307938959087
3695,16.267105992064899,587.79348060574512
3696,16.26875225803451,570.82676752414784
3697,16.270398524004122,549.5135239088911
3698,16.272044789973734,781.37337393344808
3699,16.273691055943345,776.9944996060043
3700,16.275337321912957,783.13398683187131
3701,16.276983587882569,878.16784294050649
3702,16.278629853852181,860.36846611127748
3703,16.280276119821792,837.80818116960506
3704,16.281864278946159,812.7091470957339
3705,16.283510544915771,793.65263596531292
3706,16.285156810885383,780.06810607178295
3707,16.286803076854994,765.450782927604
3708,16.288449342824606,742.21816177683388
3709,16.290095608794218,718.06547939178665
3710,16.291741874763829,698.04539432895558
3711,16.293388140733441,778.49009328075431
3712,16.295034406703053,772.54693551311345
3713,16.296680672672665,765.72786853414175
3714,16.298326938642276,744.23793745492424
3715,16.299973204611888,721.65938764676389
3716,16.3016194705815,705.26685081298626
3717,16.303265736551111,702.43852348863868
3718,16.304912002520723,870.64521687330648
3719,16.306558268490335,947.65500187419832
3720,16.308204534459946,924.91037284918434
3721,16.309850800429558,900.22913918454844
3722,16.31149706639917,887.57261376364465
3723,16.313143332368782,961.79887650554861
3724,16.314789598338393,957.95008083499306
3725,16.316435864308005,1049.7966777285258
3726,16.318082130277617,1026.6455634021604
3727,16.319728396247228,1247.8705076001597
3728,16.32137466221684,1143.0322261902861
3729,16.323020928186452,1157.9108169411493
3730,16.324667194156063,1256.0806732896492
3731,16.326313460125675,1257.6924207890895
3732,16.327959726095287,1311.3179899852494
3733,16.329605992064899,1276.2095909985846
3734,16.33125225803451,1249.1297442206455
3735,16.332898524004122,1248.9219852146325
3736,16.334544789973734,1254.2700716131569
3737,16.336191055943345,1423.9087637566713
3738,16.337837321912957,1396.8646269515641
3739,16.339483587882569,1444.598979509843
3740,16.341129853852181,1337.4589132362894
3741,16.342776119821792,1336.3077516498247
3742,16.344364278946159,1344.3335703186885
3743,16.346010544915771,1417.0215874988539
3744,16.347656810885383,1390.6080724910751
3745,16.349303076854994,1352.2124323975211
3746,16.350949342824606,1325.788351639841
3747,16.352595608794218,1402.5083341610634
3748,16.354241874763829,1409.8040334573468
3749,16.355888140733441,1395.0102296127884
3750,16.357534406703053,1537.869918079637
3751,16.359180672672665,1495.9834382355812
3752,16.360826938642276,1475.798604471167
3753,16.362473204611888,1477.8609875538582
3754,16.3641194705815,1474.2111293618759
3755,16.365765736551111,1461.7335968410914
3756,16.367412002520723,1437.0403910524383
3757,16.369058268490335,1397.6517449901983
3758,16.370704534459946,1374.3135182083745
3759,16.372350800429558,1503.6274246070814
3760,16.37399706639917,1503.0811862609053
3761,16.375643332368782,1565.6430153742483
3762,16.377289598338393,1544.795006690485
3763,16.378935864308005,1506.6279791598979
3764,16.380582130277617,1557.8908593993165
3765,16.382228396247228,1569.6544982734367
3766,16.38387466221684,1576.8321851279561
3767,16.385520928186452,1578.0013815168386
3768,16.387167194156063,1564.7333797562153
3769,16.388813460125675,1534.5442429446357
3770,16.390459726095287,1521.0159818705804
3771,16.392105992064899,1593.0010921922267
3772,16.39375225803451,1669.6419916802895
3773,16.395398524004122,1716.0084525979646
3774,16.397044789973734,1697.9605687051856
3775,16.398691055943345,1661.7906201271896
3776,16.400337321912957,1644.0039115607688
3777,16.401983587882569,1665.5567291192576
3778,16.403629853852181,1693.6461855513433
3779,16.405276119821792,1708.8835292346016
3780,16.406864278946159,1694.4807164460406
3781,16.408510544915771,1662.0109724149213
3782,16.410156810885383,1651.652768432768
3783,16.411803076854994,1725.6287791723778
3784,16.413449342824606,1757.2563059531667
3785,16.415095608794218,1824.7184549390768
3786,16.416741874763829,1807.5025550109963
3787,16.418388140733441,1774.1805052558209
3788,16.420034406703053,1805.1322843581092
3789,16.421680672672665,1827.553255720436
3790,16.423326938642276,1859.1879959058576
3791,16.424973204611888,1871.409901032082
3792,16.4266194705815,1864.158673818529
3793,16.428265736551111,1837.0997268367287
3794,16.429912002520723,1871.5583723468662
3795,16.431558268490335,1892.2993853512401
3796,16.433204534459946,1881.4706906627243
3797,16.434850800429558,1902.3924337295123
3798,16.43649706639917,1901.8755247897727
3799,16.438143332368782,1878.3523019431843
3800,16.439789598338393,1867.2867863953406
3801,16.441435864308005,1889.5357213287668
3802,16.443082130277617,1922.637300823724
3803,16.444728396247228,1946.9209603609247
3804,16.44637466221684,1952.0581109912819
3805,16.448020928186452,1973.5175998264126
3806,16.449667194156063,1863.9353199691548
3807,16.451313460125675,1874.5983994211106
3808,16.452959726095287,1949.5852704044478
3809,16.454605992064899,2008.8803674587555
3810,16.45625225803451,1974.4150146839779
3811,16.457898524004122,1949.2925625568828
3812,16.459544789973734,1934.5972277559977
3813,16.461191055943345,1943.4877859095718
3814,16.462837321912957,1970.2029478577153
3815,16.464483587882569,2028.5329262857244
3816,16.466129853852181,1983.9881453107866
3817,16.467776119821792,1959.9834315769683
3818,16.469364278946159,1955.946313337603
3819,16.471010544915771,1964.9990931543596
3820,16.472656810885383,1991.7620320020289
3821,16.474303076854994,2038.8605038228714
3822,16.475949342824606,1978.2697090915512
3823,16.477595608794218,1954.2584520023465
3824,16.479241874763829,1914.1601982027146
3825,16.480888140733441,1925.7768901540098
3826,16.482534406703053,1983.0018462177911
3827,16.484180672672665,2030.8985266029574
3828,16.485826938642276,1968.5184677833242
3829,16.487473204611888,1906.9522326695949
3830,16.4891194705815,1821.5210871570848
3831,16.490765736551111,1798.2851902509656
3832,16.492412002520723,1826.3890517948153
3833,16.494058268490335,1833.6685507009452
3834,16.495704534459946,1809.7572198506325
3835,16.497350800429558,1692.1107735827272
3836,16.49899706639917,1642.2403957817121
3837,16.500643332368782,1654.3456495927394
3838,16.502289598338393,1681.557021967822
3839,16.503935864308005,1644.37610633687
3840,16.505582130277617,1621.6754064844081
3841,16.507228396247228,1549.2018725094449
3842,16.50887466221684,1538.2276029976795
3843,16.510520928186452,1511.750915383454
3844,16.512167194156063,1493.3852127244404
3845,16.513813460125675,1557.6450481267034
3846,16.515459726095287,1583.4876266719293
3847,16.517105992064899,1563.2796457499564
3848,16.51875225803451,1468.9770934799917
3849,16.520398524004122,1470.8815859288268
3850,16.522044789973734,1535.0866147487247
3851,16.523691055943345,1557.5415742199484
3852,16.525337321912957,1554.4146886078906
3853,16.526983587882569,1537.1161444331472
3854,16.528629853852181,1520.596671377933
3855,16.530276119821792,1514.8097912432547
3856,16.531864278946159,1538.2077730749725
3857,16.533510544915771,1557.9835844529555
3858,16.535156810885383,1563.4561368922425
3859,16.536803076854994,1554.4509413957417
3860,16.538449342824606,1539.6730985687618
3861,16.540095608794218,1528.3192706061934
3862,16.541741874763829,1542.5723607339528
3863,16.543388140733441,1563.5912554142053
3864,16.545034406703053,1571.4029085747388
3865,16.546680672672665,1569.6291147064978
3866,16.548326938642276,1561.5859629234901
3867,16.549973204611888,1545.2311367763209
3868,16.5516194705815,1550.2708747361819
3869,16.553265736551111,1567.9208400663831
3870,16.554912002520723,1569.2501484030261
3871,16.556558268490335,1573.2302141900345
3872,16.558204534459946,1521.9973131164381
3873,16.559850800429558,1510.8186345016761
3874,16.56149706639917,1510.9988096461493
3875,16.563143332368782,1570.0826671926484
3876,16.564789598338393,1573.400047139743
3877,16.566435864308005,1478.6947817801749
3878,16.568082130277617,1441.9638493109433
3879,16.569728396247228,1488.876334139409
3880,16.57137466221684,1491.2069788249692
3881,16.573020928186452,1489.8644581762171
3882,16.574667194156063,1437.2900154520398
3883,16.576313460125675,1435.7788861836766
3884,16.577959726095287,1457.0862213110711
3885,16.579605992064899,1508.5155945674626
3886,16.58125225803451,1507.5563532130166
3887,16.582898524004122,1441.6343423248438
3888,16.584544789973734,1446.6100361921749
3889,16.586191055943345,1442.6707503111279
3890,16.587837321912957,1461.4080381342214
3891,16.589483587882569,1455.9641664239757
3892,16.591129853852181,1390.8570663902158
3893,16.592776119821792,1391.2106546704022
3894,16.594364278946159,1407.3839967205433
3895,16.596010544915771,1378.9699951523114
3896,16.597656810885383,1378.8999629061639
3897,16.599303076854994,1389.8482972454894
3898,16.600949342824606,1456.1008019021431
3899,16.602595608794218,1407.153129611549
3900,16.604241874763829,1482.0866827772977
3901,16.605888140733441,1451.2832461278531
3902,16.607534406703053,1445.2154455487901
3903,16.609180672672665,1476.5274907375974
3904,16.610826938642276,1461.4998669114837
3905,16.612473204611888,1469.6998054107928
3906,16.6141194705815,1411.6881962812104
3907,16.615765736551111,1397.8464627597643
3908,16.617412002520723,1390.7379397252016
3909,16.619058268490335,1428.4443600985653
3910,16.620704534459946,1415.4147150350318
3911,16.622350800429558,1409.8423112434336
3912,16.62399706639917,1416.2929035210414
3913,16.625643332368782,1418.8149211309733
3914,16.627289598338393,1415.8953738738305
3915,16.628935864308005,1458.5833931541301
3916,16.630582130277617,1447.3479947118592
3917,16.632228396247228,1430.1076188195691
3918,16.63387466221684,1440.5791556261868
3919,16.635520928186452,1442.9027328051018
3920,16.637167194156063,1434.7962504210966
3921,16.638813460125675,1479.4735861870133
3922,16.640459726095287,1451.350859062813
3923,16.642105992064899,1413.0601119739517
3924,16.64375225803451,1416.1518597235834
3925,16.645398524004122,1414.3235570709223
3926,16.647044789973734,1456.8881297755513
3927,16.648691055943345,1448.343902595537
3928,16.650337321912957,1471.1103878003614
3929,16.651983587882569,1346.5185179181806
3930,16.653629853852181,1478.1015316345911
3931,16.655276119821792,1461.8346351871755
3932,16.656864278946159,1458.2947590001077
3933,16.658510544915771,1408.9277126678912
3934,16.660156810885383,1434.1685969567254
3935,16.661803076854994,1395.2451105208413
3936,16.663449342824606,1387.3862144193065
3937,16.665095608794218,1366.5378339428501
3938,16.666741874763829,1359.1474936749241
3939,16.668388140733441,1386.5506959371423
3940,16.670034406703053,1411.584906848447
3941,16.671680672672665,1388.804525507762
3942,16.673326938642276,1376.614204494088
3943,16.674973204611888,1356.3047966554582
3944,16.6766194705815,1341.0432312880657
3945,16.678265736551111,1357.4079818686942
3946,16.679912002520723,1374.5244148357865
3947,16.681558268490335,1369.8776082737372
3948,16.683204534459946,1367.8372724663627
3949,16.684850800429558,1346.420192009937
3950,16.68649706639917,1279.6219685509741
3951,16.688143332368782,1241.1572309077642
3952,16.689789598338393,1302.8105996135403
3953,16.691435864308005,1309.0832998939213
3954,16.693082130277617,1317.3489701657979
3955,16.694728396247228,1247.2464841184815
3956,16.69637466221684,1233.9099630492503
3957,16.698020928186452,1239.6244947774089
3958,16.699667194156063,1227.9586039682133
3959,16.701313460125675,1237.454632080394
3960,16.702959726095287,1252.2378708874585
3961,16.704605992064899,1178.6982360103691
3962,16.70625225803451,1127.0183334171202
3963,16.707898524004122,1192.7270785065568
3964,16.709544789973734,1184.662023663712
3965,16.711191055943345,1194.6224750613287
3966,16.712837321912957,1200.1385490568691
3967,16.714483587882569,1132.406959657304
3968,16.716129853852181,1123.2014230066895
3969,16.717776119821792,1115.4802697362111
3970,16.719364278946159,1117.0122100225908
3971,16.721010544915771,1125.7421846093584
3972,16.722656810885383,1131.2768158531258
3973,16.724303076854994,1125.8373344181275
3974,16.725949342824606,1058.9925630041084
3975,16.727595608794218,1050.8835995078389
3976,16.729241874763829,1109.3875567137147
3977,16.730888140733441,1117.5863687182971
3978,16.732534406703053,1123.1791271375421
3979,16.734180672672665,1063.2035059757752
3980,16.735826938642276,1051.9588373187398
3981,16.737473204611888,1044.4369734278253
3982,16.7391194705815,1042.217060777421
3983,16.740765736551111,1048.1814985179467
3984,16.742412002520723,1051.3297640978274
3985,16.744058268490335,1046.7812206380449
3986,16.745704534459946,1039.6643270126301
3987,16.747350800429558,1035.3411726279717
3988,16.74899706639917,1033.8513089748976
3989,16.750643332368782,1036.8841756086474
3990,16.752289598338393,1038.6159094086265
3991,16.753935864308005,1032.9335205697369
3992,16.755582130277617,1025.1103115901083
3993,16.757228396247228,1021.2076975303477
3994,16.75887466221684,1019.8073883655325
3995,16.760520928186452,1023.1798555809399
3996,16.762167194156063,1024.3361989499313
3997,16.763813460125675,1017.8209687821936
3998,16.765459726095287,1011.6423208208585
3999,16.767105992064899,1009.468084871181
4000,16.76875225803451,1007.7127640135246
4001,16.770398524004122,1008.1160698654123
4002,16.772044789973734,1007.4065978134454
4003,16.773691055943345,999.52287370933004
4004,16.775337321912957,994.47491971357863
4005,16.776983587882569,936.40074721825476
4006,16.778629853852181,940.90864878233629
4007,16.780276119821792,1001.2168601723187
4008,16.781864278946159,999.39729650320874
4009,16.783510544915771,989.27183036889312
4010,16.785156810885383,982.10158590184346
4011,16.786803076854994,922.23819336895519
4012,16.788449342824606,926.0211933885314
4013,16.790095608794218,928.50914522307312
4014,16.791741874763829,986.90445991261993
4015,16.793388140733441,977.9311098021501
4016,16.795034406703053,909.43978430676259
4017,16.796680672672665,915.31388652284625
4018,16.798326938642276,920.66614243158756
4019,16.799973204611888,924.4793540385333
4020,16.8016194705815,921.68461947220078
4021,16.803265736551111,910.92763704400022
4022,16.804912002520723,903.88926974765775
4023,16.806558268490335,902.97048571224036
4024,16.808204534459946,905.30647367656559
4025,16.809850800429558,909.39461889647555
4026,16.81149706639917,908.50854240288118
4027,16.813143332368782,902.79857552079409
4028,16.814789598338393,900.90595651452031
4029,16.816435864308005,901.67542000246885
4030,16.818082130277617,902.54066383548923
4031,16.819728396247228,905.27551359463905
4032,16.82137466221684,904.20337684727963
4033,16.823020928186452,896.69271539762144
4034,16.824667194156063,890.83813047876697
4035,16.826313460125675,891.23966044837994
4036,16.827959726095287,894.05541102651273
4037,16.829605992064899,898.26030284372109
4038,16.83125225803451,896.74565839864238
4039,16.832898524004122,887.48802295608061
4040,16.834544789973734,877.47168977520857
4041,16.836191055943345,871.94801128538779
4042,16.837837321912957,871.19503451400124
4043,16.839483587882569,877.76596167973753
4044,16.841129853852181,883.97580260176971
4045,16.842776119821792,885.04480061706261
4046,16.844364278946159,880.3769623358362
4047,16.846010544915771,872.68474063232736
4048,16.847656810885383,869.28691858030754
4049,16.849303076854994,872.00663448349462
4050,16.850949342824606,878.23892194727796
4051,16.852595608794218,887.52927409514177
4052,16.854241874763829,889.22496597991653
4053,16.855888140733441,882.58597788641987
4054,16.857534406703053,880.68605329226705
4055,16.859180672672665,885.06361959340779
4056,16.860826938642276,894.87846178233929
4057,16.862473204611888,914.39940638778876
4058,16.8641194705815,922.4630956335086
4059,16.865765736551111,911.91859602607917
4060,16.867412002520723,902.20689571097705
4061,16.869058268490335,899.74104059555771
4062,16.870704534459946,918.03657577256251
4063,16.872350800429558,936.94069195469433
4064,16.87399706639917,951.13863335374026
4065,16.875643332368782,940.52312997188926
4066,16.877289598338393,924.82781902355191
4067,16.878935864308005,912.54102832002457
4068,16.880582130277617,918.19583188208594
4069,16.882228396247228,941.88591354283358
4070,16.88387466221684,955.49441976210551
4071,16.885520928186452,944.28788708997536
4072,16.887167194156063,928.94863400274119
4073,16.888813460125675,979.16596349005351
4074,16.890459726095287,988.05347428940183
4075,16.892105992064899,1080.0102752499729
4076,16.89375225803451,1075.9938475013598
4077,16.895398524004122,1061.1581408209529
4078,16.897044789973734,1040.0487544734272
4079,16.898691055943345,1026.8093965480273
4080,16.900337321912957,1040.1728067598981
4081,16.901983587882569,1049.6823984518301
4082,16.903629853852181,993.76653783111249
4083,16.905276119821792,934.39159625872651
4084,16.906864278946159,918.00763645144571
4085,16.908510544915771,907.7733303422516
4086,16.910156810885383,987.88612895171434
4087,16.911803076854994,992.14480695516386
4088,16.913449342824606,996.84116559182746
4089,16.915095608794218,985.933750339639
4090,16.916741874763829,966.09873207617818
4091,16.918388140733441,952.43536977609699
4092,16.920034406703053,976.48768480003446
4093,16.921680672672665,916.2047312402517
4094,16.923326938642276,919.26385886896901
4095,16.924973204611888,967.30085222571711
4096,16.9266194705815,947.57451319666791
4097,16.928265736551111,881.0364530370797
4098,16.929912002520723,968.6065686514338
4099,16.931558268490335,901.71661957584206
4100,16.933204534459946,905.56703924705278
4101,16.934850800429558,956.61167532114348
4102,16.93649706639917,827.81503929537621
4103,16.938143332368782,813.66150594494729
4104,16.939789598338393,815.89101148831094
4105,16.941435864308005,774.12808994517923
4106,16.943082130277617,779.48203713389307
4107,16.944728396247228,772.85281534738306
4108,16.94637466221684,756.88694086939859
4109,16.948020928186452,746.01465732097756
4110,16.949667194156063,699.57320858283447
4111,16.951313460125675,712.84816665912285
4112,16.952959726095287,716.53108528961207
4113,16.954605992064899,770.59808204714943
4114,16.95625225803451,757.51049300456032
4115,16.957898524004122,745.7646111639084
4116,16.959544789973734,693.42942883945909
4117,16.961191055943345,703.79739598482934
4118,16.962837321912957,706.93986506858539
4119,16.964483587882569,765.06611790758575
4120,16.966129853852181,754.00488295009995
4121,16.967776119821792,742.56652814851043
4122,16.969364278946159,687.57467985053825
4123,16.971010544915771,694.61667683263465
4124,16.972656810885383,749.4212952928392
4125,16.974303076854994,750.15799157984827
4126,16.975949342824606,741.46228644327425
4127,16.977595608794218,732.64005981684727
4128,16.979241874763829,679.69743445109589
4129,16.980888140733441,686.51390681951443
4130,16.982534406703053,686.19407906624633
4131,16.984180672672665,679.23235431799969
4132,16.985826938642276,672.42225581423361
4133,16.987473204611888,665.80678869191752
4134,16.9891194705815,662.28488660062703
4135,16.990765736551111,673.34381465741899
4136,16.992412002520723,675.24778780697375
4137,16.994058268490335,672.81122663298231
4138,16.995704534459946,667.92300494449751
4139,16.997350800429558,658.37565139299852
4140,16.99899706639917,652.18782573568865
4141,17.000643332368782,661.33059175953247
4142,17.002289598338393,664.23218169609788
4143,17.003935864308005,663.25692226464878
4144,17.005582130277617,658.27631392288163
4145,17.007228396247228,646.20550227838646
4146,17.00887466221684,638.67720445641362
4147,17.010520928186452,592.33745802890428
4148,17.012167194156063,653.07800745940222
4149,17.013813460125675,650.83554548445579
4150,17.015459726095287,640.58437808451686
4151,17.017105992064899,628.41869693074648
4152,17.01875225803451,516.92615070896557
4153,17.020398524004122,518.06911724929444
4154,17.022044789973734,639.81140239381375
4155,17.023691055943345,639.79569005545522
4156,17.025337321912957,575.96058702801906
4157,17.026983587882569,567.35259244418751
4158,17.028629853852181,510.97731273832767
4159,17.030276119821792,511.37512549690894
4160,17.031864278946159,569.02179364427877
4161,17.033510544915771,570.04078887629157
4162,17.035156810885383,566.90793210877177
4163,17.036803076854994,513.20032563034613
4164,17.038449342824606,506.76627896409252
4165,17.040095608794218,508.46843700034708
4166,17.041741874763829,510.31904670021538
4167,17.043388140733441,510.4374427264305
4168,17.045034406703053,509.95187279164929
4169,17.046680672672665,507.26705178769964
4170,17.048326938642276,501.74282366223923
4171,17.049973204611888,504.22157692490418
4172,17.0516194705815,506.5522788870058
4173,17.053265736551111,505.28603296240635
4174,17.054912002520723,504.87591288918139
4175,17.056558268490335,502.79910599082177
4176,17.058204534459946,496.74922571090008
4177,17.059850800429558,498.90591105698115
4178,17.06149706639917,500.96096789505083
4179,17.063143332368782,498.22547371210169
4180,17.064789598338393,496.8045265013057
4181,17.066435864308005,494.05340610625569
4182,17.068082130277617,488.52448597105547
4183,17.069728396247228,492.03150167779569
4184,17.07137466221684,495.2603815664632
4185,17.073020928186452,491.65778392017558
4186,17.074667194156063,488.30829376313682
4187,17.076313460125675,484.81728243189718
4188,17.077959726095287,479.97284331926323
4189,17.079605992064899,483.82351988744989
4190,17.08125225803451,487.06989924573952
4191,17.082898524004122,484.60186703854629
4192,17.084544789973734,481.12701344291395
4193,17.086191055943345,477.98240665103594
4194,17.087837321912957,473.42922786203565
4195,17.089483587882569,477.37358139001344
4196,17.091129853852181,481.46213303899685
4197,17.092776119821792,479.09661786840525
4198,17.094364278946159,475.45527880032
4199,17.096010544915771,401.74730985685738
4200,17.097656810885383,398.25412276213922
4201,17.099303076854994,398.7902158209705
4202,17.100949342824606,484.37548311156803
4203,17.102595608794218,486.07361794993392
4204,17.104241874763829,407.23620676884207
4205,17.105888140733441,406.7148221631964
4206,17.107534406703053,401.96217988325401
4207,17.109180672672665,399.56357998489318
4208,17.110826938642276,399.68655370292788
4209,17.112473204611888,404.64523768533985
4210,17.1141194705815,411.72221202141441
4211,17.115765736551111,412.28457812837348
4212,17.117412002520723,406.68931540762372
4213,17.119058268490335,401.90630269261862
4214,17.120704534459946,396.35010562722255
4215,17.122350800429558,396.97304185442698
4216,17.12399706639917,404.31650246988971
4217,17.125643332368782,346.34356125402439
4218,17.127289598338393,342.12300124766489
4219,17.128935864308005,330.53644444638144
4220,17.130582130277617,394.91538988011865
4221,17.132228396247228,398.07236705542431
4222,17.13387466221684,406.25085234292351
4223,17.135520928186452,343.70615685667076
4224,17.137167194156063,338.36547456287525
4225,17.138813460125675,325.35949282045829
4226,17.140459726095287,392.4609834847854
4227,17.142105992064899,396.68607882569029
4228,17.14375225803451,334.71058492730862
4229,17.145398524004122,343.53841241762001
4230,17.147044789973734,337.80324732565458
4231,17.148691055943345,325.18504687280108
4232,17.150337321912957,399.6743383738621
4233,17.151983587882569,403.00001981431342
4234,17.153629853852181,337.96010735778395
4235,17.155276119821792,347.97519946739408
4236,17.156864278946159,344.23285907091292
4237,17.158510544915771,335.45380148060286
4238,17.160156810885383,419.16253680466554
4239,17.161803076854994,424.38961689768172
4240,17.163449342824606,358.28549657540293
4241,17.165095608794218,367.07847120095823
4242,17.166741874763829,362.61560916841785
4243,17.168388140733441,354.50840560472602
4244,17.170034406703053,443.39075865294222
4245,17.171680672672665,364.61481596401654
4246,17.173326938642276,386.77538206310874
4247,17.174973204611888,398.11070030465089
4248,17.1766194705815,393.00699456350839
4249,17.178265736551111,383.78068904622177
4250,17.179912002520723,380.95047221037578
4251,17.181558268490335,389.49339097956204
4252,17.183204534459946,409.09373161849646
4253,17.184850800429558,419.83641011810653
4254,17.18649706639917,415.16237054526857
4255,17.188143332368782,405.22367841713287
4256,17.189789598338393,397.97538313360013
4257,17.191435864308005,399.90200017880869
4258,17.193082130277617,411.74932261298511
4259,17.194728396247228,417.69395476379771
4260,17.19637466221684,596.82451884184184
4261,17.198020928186452,589.07437441229695
4262,17.199667194156063,579.98142326280288
4263,17.201313460125675,581.89750550681356
4264,17.202959726095287,585.98438052311644
4265,17.204605992064899,585.69645429706679
4266,17.20625225803451,577.97709062607726
4267,17.207898524004122,564.93253440310309
4268,17.209544789973734,552.25625766626126
4269,17.211191055943345,549.67253056585025
4270,17.212837321912957,551.31372090422678
4271,17.214483587882569,551.87076038880537
4272,17.216129853852181,546.52457177763222
4273,17.217776119821792,535.5472483274641
4274,17.219364278946159,524.1966107460139
4275,17.221010544915771,522.43616951106083
4276,17.222656810885383,525.56661759029771
4277,17.224303076854994,528.25208028359316
4278,17.225949342824606,525.0675913308919
4279,17.227595608794218,514.55692653136816
4280,17.229241874763829,504.01958149444363
4281,17.230888140733441,501.93210350717561
4282,17.232534406703053,506.3639237699586
4283,17.234180672672665,510.87666617087046
4284,17.235826938642276,511.01269551321195
4285,17.237473204611888,502.80148978759104
4286,17.2391194705815,493.35364242087564
4287,17.240765736551111,490.6938326811084
4288,17.242412002520723,494.6804550752334
4289,17.244058268490335,499.86252219247172
4290,17.245704534459946,502.04127976013177
4291,17.247350800429558,494.87726255112551
4292,17.24899706639917,481.3406833945221
4293,17.250643332368782,473.99079275012957
4294,17.252289598338393,477.31587072799766
4295,17.253935864308005,480.0460673918667
4296,17.255582130277617,478.09794025733515
4297,17.257228396247228,468.77544027955565
4298,17.25887466221684,458.04255351728
4299,17.260520928186452,453.64452582203694
4300,17.262167194156063,461.57037535008612
4301,17.263813460125675,469.19326098532792
4302,17.265459726095287,469.05167666559356
4303,17.267105992064899,459.94807026667081
4304,17.26875225803451,552.88954894426763
4305,17.270398524004122,546.67443277709492
4306,17.272044789973734,550.06465348026882
4307,17.273691055943345,471.7019177323325
4308,17.275337321912957,475.1086334458941
4309,17.276983587882569,464.60615105940326
4310,17.278629853852181,549.8977400208563
4311,17.280276119821792,540.84415125500732
4312,17.281864278946159,545.80560750797736
4313,17.283510544915771,558.6186125634315
4314,17.285156810885383,562.06207384099946
4315,17.286803076854994,555.88544833812568
4316,17.288449342824606,545.62583183514175
4317,17.290095608794218,631.87850456381716
4318,17.291741874763829,627.12291369509603
4319,17.293388140733441,632.36676153192843
4320,17.295034406703053,634.16220733285172
4321,17.296680672672665,629.96163478249787
4322,17.298326938642276,623.64819710071924
4323,17.299973204611888,615.83875792575384
4324,17.3016194705815,607.88414275743048
4325,17.303265736551111,608.17481967167828
4326,17.304912002520723,609.7275219259011
4327,17.306558268490335,610.81417585484996
4328,17.308204534459946,611.06043275594004
4329,17.309850800429558,607.39199650768046
4330,17.31149706639917,596.50243029987735
4331,17.313143332368782,593.11187188806764
4332,17.314789598338393,594.07796807832483
4333,17.316435864308005,600.86289037371569
4334,17.318082130277617,608.8096363939585
4335,17.319728396247228,607.44033499261559
4336,17.32137466221684,675.0206482983242
4337,17.323020928186452,663.0769694551509
4338,17.324667194156063,656.2650599756505
4339,17.326313460125675,662.51893125125173
4340,17.327959726095287,677.59398516639817
4341,17.329605992064899,685.66780178712258
4342,17.33125225803451,677.28431862224943
4343,17.332898524004122,660.71730587547063
4344,17.334544789973734,646.7476834966435
4345,17.336191055943345,647.20501416167849
4346,17.337837321912957,660.09596427111467
4347,17.339483587882569,675.13242495441068
4348,17.341129853852181,790.95767414200179
4349,17.342776119821792,776.56558389785164
4350,17.344364278946159,757.55269366525056
4351,17.346010544915771,743.73807519260743
4352,17.347656810885383,742.99153058265597
4353,17.349303076854994,758.65926361291633
4354,17.350949342824606,771.53463674374336
4355,17.352595608794218,771.61172105901335
4356,17.354241874763829,758.17863757898999
4357,17.355888140733441,737.04089118512536
4358,17.357534406703053,723.45256717804057
4359,17.359180672672665,814.54868938161769
4360,17.360826938642276,834.5545521111062
4361,17.362473204611888,845.41015117952179
4362,17.3641194705815,841.63971102873529
4363,17.365765736551111,823.1071450182834
4364,17.367412002520723,805.48720542271531
4365,17.369058268490335,805.5912229590906
4366,17.370704534459946,817.93911613022192
4367,17.372350800429558,922.10533415477016
4368,17.37399706639917,848.40249311081959
4369,17.375643332368782,844.51763665464398
4370,17.377289598338393,913.83217639695351
4371,17.378935864308005,897.09918124996193
4372,17.380582130277617,895.21235251956841
4373,17.382228396247228,908.37330269167092
4374,17.38387466221684,926.3872384861204
4375,17.385520928186452,931.40120205156154
4376,17.387167194156063,923.24048226032392
4377,17.388813460125675,1024.5611674568581
4378,17.390459726095287,1081.9287190706762
4379,17.392105992064899,1077.9366664165364
4380,17.39375225803451,1019.4093138868534
4381,17.395398524004122,1028.6163203302124
4382,17.397044789973734,1027.8323761001575
4383,17.398691055943345,1094.8953892414922
4384,17.400337321912957,1087.4078739394424
4385,17.401983587882569,1076.3779600762839
4386,17.403629853852181,1073.6826528430793
4387,17.405276119821792,1077.866094435911
4388,17.406864278946159,1082.2643798397742
4389,17.408510544915771,1090.9618277279058
4390,17.410156810885383,1167.2417825819596
4391,17.411803076854994,1154.238511148824
4392,17.413449342824606,1136.5508757539558
4393,17.415095608794218,1067.5600584114291
4394,17.416741874763829,1075.1224600281664
4395,17.418388140733441,1162.1575927114493
4396,17.420034406703053,1183.2060859625881
4397,17.421680672672665,1176.7538226793438
4398,17.423326938642276,1151.8964761076923
4399,17.424973204611888,1133.9134893701384
4400,17.4266194705815,1133.9234124753716
4401,17.428265736551111,1170.8566473432186
4402,17.429912002520723,1213.6250828490267
4403,17.431558268490335,1299.0018345749547
4404,17.433204534459946,1275.97430057877
4405,17.434850800429558,1241.9186502048572
4406,17.43649706639917,1222.3045653413999
4407,17.438143332368782,1252.3391725611293
4408,17.439789598338393,1287.1399322772893
4409,17.441435864308005,1301.0651386909237
4410,17.443082130277617,1288.1639083382545
4411,17.444728396247228,1262.9559868424681
4412,17.44637466221684,1236.099579058563
4413,17.448020928186452,1245.2576789918512
4414,17.449667194156063,1280.877791473609
4415,17.451313460125675,1306.4193943326527
4416,17.452959726095287,1301.6177968155614
4417,17.454605992064899,1277.2413571240581
4418,17.45625225803451,1253.0659186968746
4419,17.457898524004122,1268.6451845559948
4420,17.459544789973734,1379.9383718042675
4421,17.461191055943345,1475.9853685771591
4422,17.462837321912957,1462.5998816623564
4423,17.464483587882569,1426.4176790720655
4424,17.466129853852181,1402.5201141748121
4425,17.467776119821792,1424.4684792841358
4426,17.469364278946159,1471.8070791428893
4427,17.471010544915771,1493.6730409032014
4428,17.472656810885383,1476.6428355487503
4429,17.474303076854994,1441.4336405377933
4430,17.475949342824606,1425.6191699452963
4431,17.477595608794218,1461.3502159151635
4432,17.479241874763829,1573.5001548806513
4433,17.480888140733441,1585.0178928772805
4434,17.482534406703053,1558.4900328589717
4435,17.484180672672665,1518.7018268018087
4436,17.485826938642276,1496.0140683656023
4437,17.487473204611888,1530.2049717990567
4438,17.4891194705815,1567.4846843542525
4439,17.490765736551111,1573.6228905193616
4440,17.492412002520723,1541.5544461895001
4441,17.494058268490335,1508.0922439901763
4442,17.495704534459946,1489.8397670693882
4443,17.497350800429558,1522.9095763747305
4444,17.49899706639917,1543.3621758941688
4445,17.500643332368782,1599.1140784566956
4446,17.502289598338393,1565.4579406931687
4447,17.503935864308005,1525.1275919256636
4448,17.505582130277617,1460.3489815566579
4449,17.507228396247228,1540.0706132325035
4450,17.50887466221684,1625.2765917554323
4451,17.510520928186452,1628.7546290320256
4452,17.512167194156063,1597.1059781437725
4453,17.513813460125675,1554.3036580367948
4454,17.515459726095287,1542.5152821289896
4455,17.517105992064899,1577.758150394769
4456,17.51875225803451,1601.3665068049577
4457,17.520398524004122,1604.137325527159
4458,17.522044789973734,1569.1403874324467
4459,17.523691055943345,1525.5682652857658
4460,17.525337321912957,1507.2480688568817
4461,17.526983587882569,1548.9621826088171
4462,17.528629853852181,1580.0475447924809
4463,17.530276119821792,1584.4634985740993
4464,17.531864278946159,1601.8906996746121
4465,17.533510544915771,1507.8367598335101
4466,17.535156810885383,1489.907171379421
4467,17.536803076854994,1528.3119314583348
4468,17.538449342824606,1543.7473213597375
4469,17.540095608794218,1548.7562881697763
4470,17.541741874763829,1516.5515752531985
4471,17.543388140733441,1474.3021061674901
4472,17.545034406703053,1451.7996546088441
4473,17.546680672672665,1400.8373078763859
4474,17.548326938642276,1507.8272210207977
4475,17.549973204611888,1521.5482565585482
4476,17.5516194705815,1495.7698053933668
4477,17.553265736551111,1453.7401828106151
4478,17.554912002520723,1434.3367467096659
4479,17.556558268490335,1459.0281341341429
4480,17.558204534459946,1501.7845964782698
4481,17.559850800429558,1517.2202333346181
4482,17.56149706639917,1495.048497280779
4483,17.563143332368782,1455.5640552722825
4484,17.564789598338393,1439.0300227396674
4485,17.566435864308005,1466.5506941411163
4486,17.568082130277617,1443.7758265674656
4487,17.569728396247228,1517.1293512464124
4488,17.57137466221684,1501.8152398781378
4489,17.573020928186452,1466.7499816538109
4490,17.574667194156063,1445.7429148542146
4491,17.576313460125675,1370.3179086781729
4492,17.577959726095287,1445.2299932937765
4493,17.579605992064899,1461.869227803636
4494,17.58125225803451,1442.2881904653889
4495,17.582898524004122,1412.0709397150681
4496,17.584544789973734,1361.4382780831816
4497,17.586191055943345,1372.3808018510019
4498,17.587837321912957,1391.0679731310395
4499,17.589483587882569,1444.9238253779749
4500,17.591129853852181,1424.4943439804892
4501,17.592776119821792,1317.9998273807269
4502,17.594364278946159,1320.3183151537569
4503,17.596010544915771,1377.2042586797118
4504,17.597656810885383,1391.2625165399131
4505,17.599303076854994,1393.1944879253774
4506,17.600949342824606,1319.9157799315487
4507,17.602595608794218,1308.8427518325582
4508,17.604241874763829,1322.219361966326
4509,17.605888140733441,1335.2630325334385
4510,17.607534406703053,1330.646226654819
4511,17.609180672672665,1352.1533995541672
4512,17.610826938642276,1329.2592878172502
4513,17.612473204611888,1320.8863486447624
4514,17.6141194705815,1335.6640635252447
4515,17.615765736551111,1279.275052460823
4516,17.617412002520723,1289.8642361704137
4517,17.619058268490335,1277.6161610689974
4518,17.620704534459946,1327.7169396841562
4519,17.622350800429558,1317.3815549688088
4520,17.62399706639917,1263.6501799163318
4521,17.625643332368782,1259.9084782460322
4522,17.627289598338393,1257.7556034142287
4523,17.628935864308005,1185.6839825200734
4524,17.630582130277617,1296.0051393605661
4525,17.632228396247228,1288.3857992643648
4526,17.63387466221684,1225.9977224430947
4527,17.635520928186452,1214.2492470030249
4528,17.637167194156063,1207.7240298524614
4529,17.638813460125675,1142.3543279044204
4530,17.640459726095287,1201.4945094951049
4531,17.642105992064899,1189.6874809497606
4532,17.64375225803451,1118.9615179390062
4533,17.645398524004122,1166.1006660573712
4534,17.647044789973734,1045.9563386909886
4535,17.648691055943345,990.85757153370173
4536,17.650337321912957,1057.1520418127709
4537,17.651983587882569,1057.794763438488
4538,17.653629853852181,934.95495270535741
4539,17.655276119821792,923.95886377062527
4540,17.656864278946159,916.50294257916823
4541,17.658510544915771,988.30257579339332
4542,17.660156810885383,974.99083195831952
4543,17.661803076854994,1052.6918926897742
4544,17.663449342824606,995.63151829684386
4545,17.665095608794218,910.43131071891275
4546,17.666741874763829,900.78957659986156
4547,17.668388140733441,969.57152503368559
4548,17.670034406703053,956.9178371853576
4549,17.671680672672665,1034.8548372746861
4550,17.673326938642276,1046.1442747592246
4551,17.674973204611888,1034.5558635652426
4552,17.6766194705815,892.36441583075612
4553,17.678265736551111,960.78069911938542
4554,17.679912002520723,1033.3833035624396
4555,17.681558268490335,1106.43622500725
4556,17.683204534459946,916.17796150390427
4557,17.684850800429558,906.57442286040146
4558,17.68649706639917,891.54367327430339
4559,17.688143332368782,873.14852047589829
4560,17.689789598338393,1015.271187098533
4561,17.691435864308005,1027.8812808200648
4562,17.693082130277617,901.01085800200951
4563,17.694728396247228,904.13300099286755
4564,17.69637466221684,886.01685432017189
4565,17.698020928186452,866.59031015951132
4566,17.699667194156063,934.87894529316407
4567,17.701313460125675,948.27290424146236
4568,17.702959726095287,962.8656921928997
4569,17.704605992064899,905.02285595949002
4570,17.70625225803451,887.78237024424618
4571,17.707898524004122,937.44374695130659
4572,17.709544789973734,941.30120271044291
4573,17.711191055943345,947.75435464845725
4574,17.712837321912957,961.56066442449242
4575,17.714483587882569,964.40211479254799
4576,17.716129853852181,887.99773097593231
4577,17.717776119821792,875.33451143004561
4578,17.719364278946159,946.6178943318522
4579,17.721010544915771,952.35479740404264
4580,17.722656810885383,967.74459798112525
4581,17.724303076854994,914.63560134346869
4582,17.725949342824606,897.81205463179833
4583,17.727595608794218,891.16331906188634
4584,17.729241874763829,901.91150272464699
4585,17.730888140733441,907.09962200355062
4586,17.732534406703053,916.93026601031158
4587,17.734180672672665,915.88757463910531
4588,17.735826938642276,901.13263949318639
4589,17.737473204611888,901.50945836319431
4590,17.7391194705815,998.91590885804715
4591,17.740765736551111,1003.6083488455528
4592,17.742412002520723,1009.7220103493594
4593,17.744058268490335,927.23745723489174
4594,17.745704534459946,915.23369263973007
4595,17.747350800429558,919.84911368799021
4596,17.74899706639917,1015.0694570538382
4597,17.750643332368782,1019.848682473733
4598,17.752289598338393,1022.8572911187589
4599,17.753935864308005,1014.0024167253057
4600,17.755582130277617,997.25822767814873
4601,17.757228396247228,1004.8210767686948
4602,17.75887466221684,1015.9349030330966
4603,17.760520928186452,1022.3863491682989
4604,17.762167194156063,1032.1978326770641
4605,17.763813460125675,1022.4161280883275
4606,17.765459726095287,1006.7961022409345
4607,17.767105992064899,1011.6823990536133
4608,17.76875225803451,1029.3379464540667
4609,17.770398524004122,1036.1293018363381
4610,17.772044789973734,1034.0090263551531
4611,17.773691055943345,1025.0453262456244
4612,17.775337321912957,1012.674251327863
4613,17.776983587882569,1022.3495506947881
4614,17.778629853852181,1034.6056446781333
4615,17.780276119821792,1115.1565028358932
4616,17.781864278946159,1114.0079826501485
4617,17.783510544915771,1041.6928198772405
4618,17.785156810885383,1033.6223210866281
4619,17.786803076854994,1110.6035845146926
4620,17.788449342824606,1113.7738709376035
4621,17.790095608794218,1119.2754881466494
4622,17.791741874763829,1119.6527500266423
4623,17.793388140733441,1116.1947290094427
4624,17.795034406703053,1109.0834814921686
4625,17.796680672672665,1115.7127901804777
4626,17.798326938642276,1120.5901650940375
4627,17.799973204611888,1194.235428141991
4628,17.8016194705815,1194.0797468030732
4629,17.803265736551111,1183.0708642499294
4630,17.804912002520723,1175.621859352435
4631,17.806558268490335,1187.3333311116917
4632,17.808204534459946,1189.9326064314021
4633,17.809850800429558,1195.10106555163
4634,17.81149706639917,1194.3260287518942
4635,17.813143332368782,1186.4353805638236
4636,17.814789598338393,1195.1310164235786
4637,17.816435864308005,1197.5558941765792
4638,17.818082130277617,1197.5667421041328
4639,17.819728396247228,1195.7721522546435
4640,17.82137466221684,1195.5777912678311
4641,17.823020928186452,1188.5616987710196
4642,17.824667194156063,1230.4019252745413
4643,17.826313460125675,1215.8852353612679
4644,17.827959726095287,1218.2840466077489
4645,17.829605992064899,1192.0318022891051
4646,17.83125225803451,1190.3206019755867
4647,17.832898524004122,1183.3840637911123
4648,17.834544789973734,1260.0945677875084
4649,17.836191055943345,1236.9224894758374
4650,17.837837321912957,1238.1160535539123
4651,17.839483587882569,1188.6446326409718
4652,17.841129853852181,1241.8063680720502
4653,17.842776119821792,1227.7157943303748
4654,17.844364278946159,1344.4160443040009
4655,17.845851261514326,1326.6418891882706
4656,17.8474643664631,1374.48664462285
4657,17.849110632432712,1286.8192006167626
4658,17.850756898402324,1286.7730704760761
4659,17.852403164371935,1209.4179441661518
4660,17.854049430341547,1405.482165180169
4661,17.855458088564774,1379.8365494162001
4662,17.856889525191946,1389.0905678120077
4663,17.858464105516759,1263.227421459726
4664,17.860110371486371,1052.5775366138162
4665,17.861756637455983,1042.6214213485207
4666,17.863345698566263,1191.2288634497211
4667,17.864691291350027,1242.9781955557132
4668,17.866031696667051,1191.9098307500603
4669,17.86750614246921,980.31689728782453
4670,17.869128032816661,1036.9498711570188
4671,17.870774298786273,928.09314356284722
4672,17.872300220649777,1068.6466086791563
4673,17.873567510276189,1065.2916127537869
4674,17.874821931702172,1052.6454826354357
4675,17.876201795294037,913.95099129931384
4676,17.877719645268371,927.44696126432757
4677,17.879365911237983,921.08258730205819
4678,17.880897442340938,1049.1539016156123
4679,17.882124649357138,1051.0927879508322
4680,17.883316421295604,1004.6240549797448
4681,17.884627370392991,878.41842282373591
4682,17.886069414435042,830.53605612017293
4683,17.887655662834732,829.61988073475266
4684,17.889205171955837,894.37191150872184
4685,17.890450154660357,982.88057347662129
4686,17.891621645419946,1008.9365278387867
4687,17.892910285267135,900.9685663636684
4688,17.89432778907576,788.96759553598338
4689,17.895887043323455,843.60558637221152
4690,17.897432727386331,874.0709246063235
4691,17.898713098602457,882.15564879906003
4692,17.899871544443158,906.14898789407982
4693,17.901145834821364,806.4337158790122
4694,17.902547554225748,780.66863699186183
4695,17.904089445593854,846.6710927511615
4696,17.905668842951854,851.07174731639077
4697,17.906864278946159,866.5930723850762
4698,17.907981452412059,917.24976830303672
4699,17.909210343259474,831.03595341339064
4700,17.910562123168347,876.34154724576331
4701,17.912049081056466,891.24269082884734
4702,17.913681556234224,822.51749787591336
4703,17.915057315021841,833.28761612843562
4704,17.916233291845856,859.62976385612797
4705,17.917526866305707,832.4418295732039
4706,17.918949798211543,818.13898536792408
4707,17.920515023284679,834.38540053936072
4708,17.922161289254291,842.45811331331186
4709,17.923574081618426,835.96820172690309
4710,17.924767254149629,835.41636635367388
4711,17.926075026272883,821.20680304556913
4712,17.927513575643388,863.89969788150017
4713,17.929095980009151,873.44900772511403
4714,17.930742245978763,843.96217650771803
4715,17.93216979049248,826.42960634631129
4716,17.933356037476187,818.3139243909302
4717,17.934580438068224,807.79615340717862
4718,17.935927278707823,804.7967558157419
4719,17.937408803376456,818.50128069117704
4720,17.939038480511954,896.94358335555887
4721,17.940446923134004,825.36374910074346
4722,17.941600753223611,811.72537409728045
4723,17.942723164331255,810.88467971707473
4724,17.943957816572947,752.36356719212472
4725,17.945315934015525,729.13102893331211
4726,17.946809863202361,823.45656619876422
4727,17.948139152951626,803.04990108124616
4728,17.949206899265846,726.4160391887068
4729,17.950209637052467,743.22513062807536
4730,17.951312648594467,664.65548670322153
4731,17.952525961325591,685.7489464945786
4732,17.953860605364753,782.0824791716816
4733,17.955117058005271,720.06075039857012
4734,17.956111482224514,677.03973424836295
4735,17.957018429875461,707.80739617659822
4736,17.958016072279861,616.19458745099246
4737,17.959113478889776,632.34108315145272
4738,17.960320626149041,537.50221650521758
4739,17.961534104888415,606.54807346867403
4740,17.962491206995765,572.36381402578809
4741,17.963336224722298,584.18189492782676
4742,17.964265744198201,651.89263317169627
4743,17.96528821566244,542.93516737049231
4744,17.966412934238178,455.350647909396
4745,17.967624987006275,521.7177837536417
4746,17.968584607468074,514.17980574489741
4747,17.969364278946159,507.11651255386778
4748,17.97022191754877,446.43088131415021
4749,17.971165320017462,396.16168878973212
4750,17.972203062727203,451.5501434704347
4751,17.973344579684635,464.07592176844344
4752,17.974358253759419,466.07592828725376
4753,17.975228216320829,451.30465222507939
4754,17.976185175120918,420.3212131723833
4755,17.977237829818478,338.98559715880305
4756,17.978395749927586,377.0788258081667
4757,17.979669462070888,452.42977047767272
4758,17.980842964137992,466.49616012436974
4759,17.98184970544753,463.83931446941767
4760,17.982957120864739,627.83826919672629
4761,17.984175277870236,491.40664299155037
4762,17.985515250587923,557.1191039299149
4763,17.986989220600663,444.80346129415369
4764,17.988609125368384,459.68106539389657
4765,17.99009007191853,434.42265214578441
4766,17.991719113077124,543.21139854356466
4767,17.993365379046736,466.92201431027655
4768,17.995011645016348,484.85591072477933
4769,17.996657910985959,533.4882319029681
4770,17.998304176955571,397.12474034588166
4771,17.999950442925183,397.37124805471274
4772,18.001596708894795,493.47913533007909
4773,18.003242974864406,451.37690123048918
4774,18.004889240834018,457.7238079250738
4775,18.00653550680363,363.82786275159424
4776,18.008181772773241,234.21973380018932
4777,18.009828038742853,261.20553251472427
4778,18.011474304712465,379.84927689829692
4779,18.013120570682077,349.69486817949917
4780,18.014766836651688,218.54132402849081
4781,18.0164131026213,108.74209519380945
4782,18.018059368590912,0
4783,18.019705634560523,0
4784,18.021351900530135,0
4785,18.022998166499747,0
4786,18.024644432469358,0
4787,18.02629069843897,0
4788,18.027936964408582,0
4789,18.029583230378194,0
4790,18.031229496347805,0
4791,18.031864278946159,0
4792,18.032562539792707,0
4793,18.03333062672391,0
4794,18.03417552233077,0
4795,18.0351049075216,0
4796,18.036127231254795,0
4797,18.037251787314744,0
4798,18.038488798945764,0
4799,18.039849511751527,0
4800,18.0413462957913,0
4801,18.042992561760911,0
4802,18.044638827730523,0
4803,18.046285093700135,0
4804,18.047931359669747,0
4805,18.049577625639358,0
4806,18.05122389160897,0
4807,18.052870157578582,0
4808,18.054516423548193,0
4809,18.056162689517805,0
4810,18.057808955487417,0
4811,18.059455221457029,0
4812,18.06110148742664,0
4813,18.062747753396252,0
4814,18.064394019365864,0
4815,18.066040285335475,0
4816,18.067686551305087,0
4817,18.069332817274699,0
4818,18.07097908324431,0
4819,18.072625349213922,0
4820,18.074271615183534,0
4821,18.075917881153146,0
4822,18.077564147122757,0
4823,18.079210413092369,0
4824,18.080856679061981,0
4825,18.082502945031592,0
4826,18.084149211001204,0
4827,18.085795476970816,0
4828,18.087441742940428,0
4829,18.089088008910039,0
4830,18.090734274879651,0
4831,18.092380540849263,0
4832,18.094026806818874,0
4833,18.094364278917055,0
4834,18.094735498216323,0
4835,18.095143839451339,0
4836,18.095593014815677,0
4837,18.096087107693165,0
4838,18.096630609852582,0
4839,18.097228462251223,0
4840,18.097886099913012,0
4841,18.0986095013468,0
4842,18.099405242912326,0
4843,18.100280558657687,0
4844,18.101243405977584,0
4845,18.10230253802365,0
4846,18.103467583216116,0
4847,18.104749132904544,0
4848,18.106158837585099,0
4849,18.107709512722067,0
4850,18.109355778691679,0
4851,18.111002044661291,0
4852,18.112648310630902,0
4853,18.114294576600514,0
4854,18.115940842570126,0
4855,18.117587108539738,0
4856,18.119233374509349,0
4857,18.120879640478961,0
4858,18.122525906448573,0
4859,18.124172172418184,0
4860,18.125818438387796,0
4861,18.127464704357408,0
4862,18.129110970327019,0
4863,18.130757236296631,0
4864,18.132403502266243,0
4865,18.134049768235855,0
4866,18.135696034205466,0
4867,18.137342300175078,0
4868,18.13898856614469,0
4869,18.140634832114301,0
4870,18.142281098083913,0
4871,18.143927364053525,0
4872,18.145573630023137,0
4873,18.147219895992748,0
4874,18.14886616196236,0
4875,18.150512427931972,0
4876,18.152158693901583,0
4877,18.153804959871195,0
4878,18.155451225840807,0
4879,18.156864278975263,0
4880,18.158418637376599,0
4881,18.16006490334621,0
4882,18.161711169315822,0
4883,18.163357435285434,0
4884,18.165003701255046,0
4885,18.166649967224657,0
4886,18.168296233194269,0
4887,18.169942499163881,0
4888,18.171588765133492,0
4889,18.173235031103104,0
4890,18.174881297072716,0
4891,18.176527563042328,0
4892,18.178173829011939,0
4893,18.179820094981551,0
4894,18.181466360951163,0
4895,18.183112626920774,0
4896,18.184758892890386,0
4897,18.186405158859998,0
4898,18.188051424829609,0
4899,18.189697690799221,0
4900,18.191343956768833,0
4901,18.192990222738445,0
4902,18.194636488708056,0
4903,18.196282754677668,0
4904,18.197819499906473,0
4905,18.199434413250856,0
4906,18.201080679220468,0
4907,18.202726945190079,0
4908,18.204373211159691,0
4909,18.205957588299498,0
4910,18.207460353525676,0
4911,18.2090229047717,0
4912,18.210669170741312,0
4913,18.212315436710924,0
4914,18.213961702680535,0
4915,18.215558277701348,0
4916,18.217105723128043,0
4917,18.218694380509987,0
4918,18.219364278917055,0
4919,18.220101167182293,0
4920,18.22091174425077,0
4921,18.221803379037738,0
4922,18.222784177309222,0
4923,18.223863055372931,0
4924,18.225049821219727,0
4925,18.226355263639562,0
4926,18.227791250359587,0
4927,18.229370835728332,0
4928,18.230982833334565,0
4929,18.232623952582799,0
4930,18.23427021855241,0
4931,18.235916484522022,0
4932,18.237562750491634,0
4933,18.239209016461245,0
4934,18.240855282430857,0
4935,18.242501548400469,0
4936,18.244147814370081,0
4937,18.245794080339692,0
4938,18.247440346309304,0
4939,18.249086612278916,0
4940,18.250732878248527,0
4941,18.252379144218139,0
4942,18.254025410187751,0
4943,18.255671676157363,0
4944,18.257317942126974,0
4945,18.258964208096586,0
4946,18.260610474066198,0
4947,18.262256740035809,0
4948,18.263903006005421,0
4949,18.265549271975033,0
4950,18.267195537944644,0
4951,18.268841803914256,0
4952,18.270488069883868,0
4953,18.27213433585348,0
4954,18.273780601823091,0
4955,18.275426867792703,0
4956,18.277073133762315,0
4957,18.278719399731926,0
4958,18.280365665701538,0
4959,18.281864278975263,0
4960,18.283510544944875,0
4961,18.285156810914486,0
4962,18.286803076884098,0
4963,18.28844934285371,0
4964,18.290095608823322,0
4965,18.291741874792933,0
4966,18.293388140762545,0
4967,18.295034406732157,0
4968,18.296680672701768,0
4969,18.29832693867138,0
4970,18.299973204640992,0
4971,18.301619470610603,0
4972,18.303265736580215,0
4973,18.304912002549827,0
4974,18.306558268519439,0
4975,18.30820453448905,0
4976,18.309850800458662,0
4977,18.311497066428274,0
4978,18.313143332397885,0
4979,18.314789598367497,0
4980,18.316435864337109,0
4981,18.318082130306721,0
4982,18.319728396276332,0
4983,18.321374662245944,0
4984,18.323020928215556,0
4985,18.324667194185167,0
4986,18.326313460154779,0
4987,18.327959726124391,0
4988,18.329605992094002,0
4989,18.331252258063614,0
4990,18.332898524033226,0
4991,18.334544790002838,0
4992,18.336191055972449,0
4993,18.337837321942061,0
4994,18.339483587911673,0
4995,18.341129853881284,0
4996,18.342776119850896,0
4997,18.344364278975263,0
4998,18.346010544944875,0
4999,18.347656810914486,0
5000,18.349303076884098,0
5001,18.35094934285371,0
5002,18.352595608823322,0
5003,18.354241874792933,0
5004,18.355888140762545,0
5005,18.357534406732157,0
5006,18.359180672701768,0
5007,18.36082693867138,0
5008,18.362473204640992,0
5009,18.364119470610603,0
5010,18.365765736580215,0
5011,18.367412002549827,0
5012,18.369058268519439,0
5013,18.37070453448905,0
5014,18.372350800458662,0
5015,18.373997066428274,0
5016,18.375643332397885,0
5017,18.377289598367497,0
5018,18.378935864337109,0
5019,18.380582130306721,0
5020,18.382228396276332,0
5021,18.383874662245944,0
5022,18.385520928215556,0
5023,18.387167194185167,0
5024,18.388813460154779,0
5025,18.390459726124391,0
5026,18.392105992094002,0
5027,18.393752258063614,0
5028,18.395398524033226,0
5029,18.397044790002838,0
5030,18.398691055972449,0
5031,18.400337321942061,0
5032,18.401983587911673,0
5033,18.403629853881284,0
5034,18.405276119850896,0
5035,18.406864278975263,0
5036,18.408510544944875,0
5037,18.410156810914486,0
5038,18.411803076884098,0
5039,18.41344934285371,0
5040,18.415095608823322,0
5041,18.416741874792933,0
5042,18.418388140762545,0
5043,18.420034406732157,0
5044,18.421680672701768,0
5045,18.42332693867138,0
5046,18.424973204640992,0
5047,18.426619470610603,0
5048,18.428265736580215,0
5049,18.429912002549827,0
5050,18.431558268519439,0
5051,18.43320453448905,0
5052,18.434850800458662,0
5053,18.436497066428274,0
5054,18.438143332397885,0
5055,18.439789598367497,0
5056,18.441435864337109,0
5057,18.443082130306721,0
5058,18.444728396276332,0
5059,18.446374662245944,0
5060,18.448020928215556,0
5061,18.449667194185167,0
5062,18.451313460154779,0
5063,18.452959726124391,0
5064,18.454605992094002,0
5065,18.456252258063614,0
5066,18.457898524033226,0
5067,18.459544790002838,0
5068,18.461191055972449,0
5069,18.462837321942061,0
5070,18.464483587911673,0
5071,18.466129853881284,0
5072,18.467776119850896,0
5073,18.469364278975263,0
5074,18.471010544944875,0
5075,18.472656810914486,0
5076,18.474303076884098,0
5077,18.47594934285371,0
5078,18.477595608823322,0
5079,18.479241874792933,0
5080,18.480888140762545,0
5081,18.482534406732157,0
5082,18.484180672701768,0
5083,18.48582693867138,0
5084,18.487473204640992,0
5085,18.489119470610603,0
5086,18.490765736580215,0
5087,18.492412002549827,0
5088,18.494058268519439,0
5089,18.49570453448905,0
5090,18.497350800458662,0
5091,18.498997066428274,0
5092,18.500643332397885,0
5093,18.502289598367497,0
5094,18.503935864337109,0
5095,18.505582130306721,0
5096,18.507228396276332,0
5097,18.508874662245944,0
5098,18.510520928215556,0
5099,18.512167194185167,0
5100,18.513813460154779,0
5101,18.515459726124391,0
5102,18.517105992094002,0
5103,18.518752258063614,0
5104,18.520398524033226,0
5105,18.522044790002838,0
5106,18.523691055972449,0
5107,18.525337321942061,0
5108,18.526983587911673,0
5109,18.528629853881284,0
5110,18.530276119850896,0
5111,18.531864278975263,0
5112,18.533510544944875,0
5113,18.535156810914486,0
5114,18.536803076884098,0
5115,18.53844934285371,0
5116,18.540095608823322,0
5117,18.541741874792933,0
5118,18.543388140762545,0
5119,18.545034406732157,0
5120,18.546680672701768,0
5121,18.54832693867138,0
5122,18.549973204640992,0
5123,18.551619470610603,0
5124,18.553265736580215,0
5125,18.554912002549827,0
5126,18.556558268519439,0
5127,18.55820453448905,0
5128,18.559850800458662,0
5129,18.561497066428274,0
5130,18.563143332397885,0
5131,18.564789598367497,0
5132,18.566435864337109,0
5133,18.568082130306721,0
5134,18.569728396276332,0
5135,18.571374662245944,0
5136,18.573020928215556,0
5137,18.574667194185167,0
5138,18.576313460154779,0
5139,18.577959726124391,0
5140,18.579605992094002,0
5141,18.581252258063614,0
5142,18.582898524033226,0
5143,18.584544790002838,0
5144,18.586191055972449,0
5145,18.587837321942061,0
5146,18.589483587911673,0
5147,18.591129853881284,0
5148,18.592776119850896,0
5149,18.594364278975263,0
5150,18.596010544944875,0
5151,18.597656810914486,0
5152,18.599303076884098,0
5153,18.60094934285371,0
5154,18.602595608823322,0
5155,18.604241874792933,0
5156,18.605888140762545,0
5157,18.607534406732157,0
5158,18.609180672701768,0
5159,18.61082693867138,0
5160,18.612473204640992,0
5161,18.614119470610603,0
5162,18.615765736580215,0
5163,18.617412002549827,0
5164,18.619058268519439,0
5165,18.62070453448905,0
5166,18.622350800458662,0
5167,18.623997066428274,0
5168,18.625643332397885,0
5169,18.627289598367497,0
5170,18.628935864337109,0
5171,18.630582130306721,0
5172,18.632228396276332,0
5173,18.633874662245944,0
5174,18.635520928215556,0
5175,18.637167194185167,0
5176,18.638813460154779,0
5177,18.640459726124391,0
5178,18.642105992094002,0
5179,18.643752258063614,0
5180,18.645398524033226,0
5181,18.647044790002838,0
5182,18.648691055972449,0
5183,18.650337321942061,0
5184,18.651983587911673,0
5185,18.653629853881284,0
5186,18.655276119850896,0
5187,18.656864278975263,0
5188,18.658510544944875,0
5189,18.660156810914486,0
5190,18.661803076884098,0
5191,18.66344934285371,0
5192,18.665095608823322,0
5193,18.666741874792933,0
5194,18.668388140762545,0
5195,18.670034406732157,0
5196,18.671680672701768,0
5197,18.67332693867138,0
5198,18.674973204640992,0
5199,18.676619470610603,0
5200,18.678265736580215,0
5201,18.679912002549827,0
5202,18.681558268519439,0
5203,18.68320453448905,0
5204,18.684850800458662,0
5205,18.686497066428274,0
5206,18.688143332397885,0
5207,18.689789598367497,0
5208,18.691435864337109,0
5209,18.693082130306721,0
5210,18.694728396276332,0
5211,18.696374662245944,0
5212,18.698020928215556,0
5213,18.699667194185167,0
5214,18.701313460154779,0
5215,18.702959726124391,0
5216,18.704605992094002,0
5217,18.706252258063614,0
5218,18.707898524033226,0
5219,18.709544790002838,0
5220,18.711191055972449,0
5221,18.712837321942061,0
5222,18.714483587911673,0
5223,18.716129853881284,0
5224,18.717776119850896,0
5225,18.719364278975263,0
5226,18.721010544944875,0
5227,18.722656810914486,0
5228,18.724303076884098,0
5229,18.72594934285371,0
5230,18.727595608823322,0
5231,18.729241874792933,0
5232,18.730888140762545,0
5233,18.732534406732157,0
5234,18.734180672701768,0
5235,18.73582693867138,0
5236,18.737473204640992,0
5237,18.739119470610603,0
5238,18.740765736580215,0
5239,18.742412002549827,0
5240,18.744058268519439,0
5241,18.74570453448905,0
5242,18.747350800458662,0
5243,18.748997066428274,0
5244,18.750643332397885,0
5245,18.752289598367497,0
5246,18.753935864337109,0
5247,18.755582130306721,0
5248,18.757228396276332,0
5249,18.758874662245944,0
5250,18.760520928215556,0
5251,18.762167194185167,0
5252,18.763813460154779,0
5253,18.765459726124391,0
5254,18.767105992094002,0
5255,18.768752258063614,0
5256,18.770398524033226,0
5257,18.772044790002838,0
5258,18.773691055972449,0
5259,18.775337321942061,0
5260,18.776983587911673,0
5261,18.778629853881284,0
5262,18.780276119850896,0
5263,18.781864278975263,0
5264,18.783510544944875,0
5265,18.785156810914486,0
5266,18.786803076884098,0
5267,18.78844934285371,0
5268,18.790095608823322,0
5269,18.791741874792933,0
5270,18.793388140762545,0
5271,18.795034406732157,0
5272,18.796680672701768,0
5273,18.79832693867138,0
5274,18.799973204640992,0
5275,18.801619470610603,0
5276,18.803265736580215,0
5277,18.804912002549827,0
5278,18.806558268519439,0
5279,18.80820453448905,0
5280,18.809850800458662,0
5281,18.811497066428274,0
5282,18.813143332397885,0
5283,18.814789598367497,0
5284,18.816435864337109,0
5285,18.818082130306721,0
5286,18.819728396276332,0
5287,18.821374662245944,0
5288,18.823020928215556,0
5289,18.824667194185167,0
5290,18.826313460154779,0
5291,18.827959726124391,0
5292,18.829605992094002,0
5293,18.831252258063614,0
5294,18.832898524033226,0
5295,18.834544790002838,0
5296,18.836191055972449,0
5297,18.837837321942061,0
5298,18.839483587911673,0
5299,18.841129853881284,0
5300,18.842776119850896,0
5301,18.844364278975263,0
5302,18.846010544944875,0
5303,18.847656810914486,0
5304,18.849303076884098,0
5305,18.85094934285371,0
5306,18.852595608823322,0
5307,18.854241874792933,0
5308,18.855888140762545,0
5309,18.857534406732157,0
5310,18.859180672701768,0
5311,18.86082693867138,0
5312,18.862473204640992,0
5313,18.864119470610603,0
5314,18.865765736580215,0
5315,18.867412002549827,0
5316,18.869058268519439,0
5317,18.87070453448905,0
5318,18.872350800458662,0
5319,18.873997066428274,0
5320,18.875643332397885,0
5321,18.877289598367497,0
5322,18.878935864337109,0
5323,18.880582130306721,0
5324,18.882228396276332,0
5325,18.883874662245944,0
5326,18.885520928215556,0
5327,18.887167194185167,0
5328,18.888813460154779,0
5329,18.890459726124391,0
5330,18.892105992094002,0
5331,18.893752258063614,0
5332,18.895398524033226,0
5333,18.897044790002838,0
5334,18.898691055972449,0
5335,18.900337321942061,0
5336,18.901983587911673,0
5337,18.903629853881284,0
5338,18.905276119850896,0
5339,18.906864278975263,0
5340,18.908510544944875,0
5341,18.910156810914486,0
5342,18.911803076884098,0
5343,18.91344934285371,0
5344,18.915095608823322,0
5345,18.916741874792933,0
5346,18.918388140762545,0
5347,18.920034406732157,0
5348,18.921680672701768,0
5349,18.92332693867138,0
5350,18.924973204640992,0
5351,18.926619470610603,0
5352,18.928265736580215,0
5353,18.929912002549827,0
5354,18.931558268519439,0
5355,18.93320453448905,0
5356,18.934850800458662,0
5357,18.936497066428274,0
5358,18.938143332397885,0
5359,18.939789598367497,0
5360,18.941435864337109,0
5361,18.943082130306721,0
5362,18.944728396276332,0
5363,18.946374662245944,0
5364,18.948020928215556,0
5365,18.949667194185167,0
5366,18.951313460154779,0
5367,18.952959726124391,0
5368,18.954605992094002,0
5369,18.956252258063614,0
5370,18.957898524033226,0
5371,18.959544790002838,0
5372,18.961191055972449,0
5373,18.962837321942061,0
5374,18.964483587911673,0
5375,18.966129853881284,0
5376,18.967776119850896,0
5377,18.969364278975263,0
5378,18.971010544944875,0
5379,18.972656810914486,0
5380,18.974303076884098,0
5381,18.97594934285371,0
5382,18.977595608823322,0
5383,18.979241874792933,0
5384,18.980888140762545,0
5385,18.982534406732157,0
5386,18.984180672701768,0
5387,18.98582693867138,0
5388,18.987473204640992,0
5389,18.989119470610603,0
5390,18.990765736580215,0
5391,18.992412002549827,0
5392,18.994058268519439,0
5393,18.99570453448905,0
5394,18.997350800458662,0
5395,18.998997066428274,0
5396,19.000643332397885,0
5397,19.002289598367497,0
5398,19.003935864337109,0
5399,19.005582130306721,0
5400,19.007228396276332,0
5401,19.008874662245944,0
5402,19.010520928215556,0
5403,19.012167194185167,0
5404,19.013813460154779,0
5405,19.015459726124391,0
5406,19.017105992094002,0
5407,19.018752258063614,0
5408,19.020398524033226,0
5409,19.022044790002838,0
5410,19.023691055972449,0
5411,19.025337321942061,0
5412,19.026983587911673,0
5413,19.028629853881284,0
5414,19.030276119850896,0
5415,19.031864278975263,0
5416,19.033510544944875,0
5417,19.035156810914486,0
5418,19.036803076884098,0
5419,19.03844934285371,0
5420,19.040095608823322,0
5421,19.041741874792933,0
5422,19.043388140762545,0
5423,19.045034406732157,0
5424,19.046680672701768,0
5425,19.04832693867138,0
5426,19.049973204640992,0
5427,19.051619470610603,0
5428,19.053265736580215,0
5429,19.054912002549827,0
5430,19.056558268519439,0
5431,19.05820453448905,0
5432,19.059850800458662,0
5433,19.061497066428274,0
5434,19.063143332397885,0
5435,19.064789598367497,0
5436,19.066435864337109,0
5437,19.068082130306721,0
5438,19.069728396276332,0
5439,19.071374662245944,0
5440,19.073020928215556,0
5441,19.074667194185167,0
5442,19.076313460154779,0
5443,19.077959726124391,0
5444,19.079605992094002,0
5445,19.081252258063614,0
5446,19.082898524033226,0
5447,19.084544790002838,0
5448,19.086191055972449,0
5449,19.087837321942061,0
5450,19.089483587911673,0
5451,19.091129853881284,0
5452,19.092776119850896,0
5453,19.094364278975263,0
5454,19.096010544944875,0
5455,19.097656810914486,0
5456,19.099303076884098,0
5457,19.10094934285371,0
5458,19.102595608823322,0
5459,19.104241874792933,0
5460,19.105888140762545,0
5461,19.107534406732157,0
5462,19.109180672701768,0
5463,19.11082693867138,0
5464,19.112473204640992,0
5465,19.114119470610603,0
5466,19.115765736580215,0
5467,19.117412002549827,0
5468,19.119058268519439,0
5469,19.12070453448905,0
5470,19.122350800458662,0
5471,19.123997066428274,0
5472,19.125643332397885,0
5473,19.127289598367497,0
5474,19.128935864337109,0
5475,19.130582130306721,0
5476,19.132228396276332,0
5477,19.133874662245944,0
5478,19.135520928215556,0
5479,19.137167194185167,0
5480,19.138813460154779,0
5481,19.140459726124391,0
5482,19.142105992094002,0
5483,19.143752258063614,0
5484,19.145398524033226,0
5485,19.147044790002838,0
5486,19.148691055972449,0
5487,19.150337321942061,0
5488,19.151983587911673,0
5489,19.153629853881284,0
5490,19.155276119850896,0
5491,19.156864278975263,0
5492,19.158510544944875,0
5493,19.160156810914486,0
5494,19.161803076884098,0
5495,19.16344934285371,0
5496,19.165095608823322,0
5497,19.166741874792933,0
5498,19.168388140762545,0
5499,19.170034406732157,0
5500,19.171680672701768,0
5501,19.17332693867138,0
5502,19.174973204640992,0
5503,19.176619470610603,0
5504,19.178265736580215,0
5505,19.179912002549827,0
5506,19.181558268519439,0
5507,19.18320453448905,0
5508,19.184850800458662,0
5509,19.186497066428274,0
5510,19.188143332397885,0
5511,19.189789598367497,0
5512,19.191435864337109,0
5513,19.193082130306721,0
5514,19.194728396276332,0
5515,19.196374662245944,0
5516,19.198020928215556,0
5517,19.199667194185167,0
5518,19.201313460154779,0
5519,19.202959726124391,0
5520,19.204605992094002,0
5521,19.206252258063614,0
5522,19.207898524033226,0
5523,19.209544790002838,0
5524,19.211191055972449,0
5525,19.212837321942061,0
5526,19.214483587911673,0
5527,19.216129853881284,0
5528,19.217776119850896,0
5529,19.219364278975263,0
5530,19.221010544944875,0
5531,19.222656810914486,0
5532,19.224303076884098,0
5533,19.22594934285371,0
5534,19.227595608823322,0
5535,19.229241874792933,0
5536,19.230888140762545,0
5537,19.232534406732157,0
5538,19.234180672701768,0
5539,19.23582693867138,0
5540,19.237473204640992,0
5541,19.239119470610603,0
5542,19.240765736580215,0
5543,19.242412002549827,0
5544,19.244058268519439,0
5545,19.24570453448905,0
5546,19.247350800458662,0
5547,19.248997066428274,0
5548,19.250643332397885,0
5549,19.252289598367497,0
5550,19.253935864337109,0
5551,19.255582130306721,0
5552,19.257228396276332,0
5553,19.258874662245944,0
5554,19.260520928215556,0
5555,19.262167194185167,0
5556,19.263813460154779,0
5557,19.265459726124391,0
5558,19.267105992094002,0
5559,19.268752258063614,0
5560,19.270398524033226,0
5561,19.272044790002838,0
5562,19.273691055972449,0
5563,19.275337321942061,0
5564,19.276983587911673,0
5565,19.278629853881284,0
5566,19.280276119850896,0
5567,19.281864278975263,0
5568,19.283510544944875,0
5569,19.285156810914486,0
5570,19.286803076884098,0
5571,19.28844934285371,0
5572,19.290095608823322,0
5573,19.291741874792933,0
5574,19.293388140762545,0
5575,19.295034406732157,0
5576,19.296680672701768,0
5577,19.29832693867138,0
5578,19.299973204640992,0
5579,19.301619470610603,0
5580,19.303265736580215,0
5581,19.304912002549827,0
5582,19.306558268519439,0
5583,19.30820453448905,0
5584,19.309850800458662,0
5585,19.311497066428274,0
5586,19.313143332397885,0
5587,19.314789598367497,0
5588,19.316435864337109,0
5589,19.318082130306721,0
5590,19.319728396276332,0
5591,19.321374662245944,0
5592,19.323020928215556,0
5593,19.324667194185167,0
5594,19.326313460154779,0
5595,19.327959726124391,0
5596,19.329605992094002,0
5597,19.331252258063614,0
5598,19.332898524033226,0
5599,19.334544790002838,0
5600,19.336191055972449,0
5601,19.337837321942061,0
5602,19.339483587911673,0
5603,19.341129853881284,0
5604,19.342776119850896,0
5605,19.344364278975263,0
5606,19.346010544944875,0
5607,19.347656810914486,0
5608,19.349303076884098,0
5609,19.35094934285371,0
5610,19.352595608823322,0
5611,19.354241874792933,0
5612,19.355888140762545,0
5613,19.357534406732157,0
5614,19.359180672701768,0
5615,19.36082693867138,0
5616,19.362473204640992,0
5617,19.364119470610603,0
5618,19.365765736580215,0
5619,19.367412002549827,0
5620,19.369058268519439,0
5621,19.37070453448905,0
5622,19.372350800458662,0
5623,19.373997066428274,0
5624,19.375643332397885,0
5625,19.377289598367497,0
5626,19.378935864337109,0
5627,19.380582130306721,0
5628,19.382228396276332,0
5629,19.383874662245944,0
5630,19.385520928215556,0
5631,19.387167194185167,0
5632,19.388813460154779,0
5633,19.390459726124391,0
5634,19.392105992094002,0
5635,19.393752258063614,0
5636,19.395398524033226,0
5637,19.397044790002838,0
5638,19.398691055972449,0
5639,19.400337321942061,0
5640,19.401983587911673,0
5641,19.403629853881284,0
5642,19.405276119850896,0
5643,19.406864278975263,0
5644,19.408510544944875,0
5645,19.410156810914486,0
5646,19.411803076884098,0
5647,19.41344934285371,0
5648,19.415095608823322,0
5649,19.416741874792933,0
5650,19.418388140762545,0
5651,19.420034406732157,0
5652,19.421680672701768,0
5653,19.42332693867138,0
5654,19.424973204640992,0
5655,19.426619470610603,0
5656,19.428265736580215,0
5657,19.429912002549827,0
5658,19.431558268519439,0
5659,19.43320453448905,0
5660,19.434850800458662,0
5661,19.436497066428274,0
5662,19.438143332397885,0
5663,19.439789598367497,0
5664,19.441435864337109,0
5665,19.443082130306721,0
5666,19.444728396276332,0
5667,19.446374662245944,0
5668,19.448020928215556,0
5669,19.449667194185167,0
5670,19.451313460154779,0
5671,19.452959726124391,0
5672,19.454605992094002,0
5673,19.456252258063614,172.74215695791702
5674,19.457898524033226,169.03383898041682
5675,19.459544790002838,166.31935455586461
5676,19.461191055972449,166.73495855340391
5677,19.462837321942061,169.28945735526446
5678,19.464483587911673,167.50600534574889
5679,19.466129853881284,161.9661986392525
5680,19.467776119850896,154.79298953460466
5681,19.469364278975263,149.89315165822399
5682,19.471010544944875,148.70238347913619
5683,19.472656810914486,150.57757536254127
5684,19.474303076884098,150.48006497740181
5685,19.47594934285371,144.25865755360536
5686,19.477595608823322,136.02546734761
5687,19.479241874792933,132.00890002515871
5688,19.480888140762545,134.77645128395429
5689,19.482534406732157,141.01184932401415
5690,19.484180672701768,142.96335439004432
5691,19.48582693867138,136.24895977887266
5692,19.487473204640992,127.81372772358439
5693,19.489119470610603,125.39362256403915
5694,19.490765736580215,131.16813247600922
5695,19.492412002549827,139.79156960148106
5696,19.494058268519439,142.30272772755907
5697,19.49570453448905,135.92823657029822
5698,19.497350800458662,127.72047334965154
5699,19.498997066428274,126.16290410772838
5700,19.500643332397885,133.02849464955202
5701,19.502289598367497,143.26692052085914
5702,19.503935864337109,146.06969019700182
5703,19.505582130306721,139.68841528523765
5704,19.507228396276332,131.34281811880825
5705,19.508874662245944,129.55693339341579
5706,19.510520928215556,136.89311499368657
5707,19.512167194185167,148.62014730188028
5708,19.513813460154779,152.13125061326906
5709,19.515459726124391,268.97231675689369
5710,19.517105992094002,255.93053725923801
5711,19.518752258063614,248.36465378149424
5712,19.520398524033226,250.95164512237994
5713,19.522044790002838,260.78739688721799
5714,19.523691055972449,267.28713554863202
5715,19.525337321942061,263.36131773567774
5716,19.526983587911673,250.48263314451793
5717,19.528629853881284,242.9255164687016
5718,19.530276119850896,255.55501935161655
5719,19.531864278975263,256.94141699975347
5720,19.533510544944875,264.6170893581417
5721,19.535156810914486,261.32105210322629
5722,19.536803076884098,248.39620200994236
5723,19.53844934285371,240.69986346655847
5724,19.540095608823322,262.71073247203867
5725,19.541741874792933,256.25339808475672
5726,19.543388140762545,263.73340630686499
5727,19.545034406732157,259.67808164502873
5728,19.546680672701768,246.68194912452384
5729,19.54832693867138,238.67648530619954
5730,19.549973204640992,267.33135486645426
5731,19.551619470610603,258.24336130468555
5732,19.553265736580215,262.1425231609785
5733,19.554912002549827,257.49561401552592
5734,19.556558268519439,244.77662304222827
5735,19.55820453448905,237.03371281608841
5736,19.559850800458662,269.95900324724676
5737,19.561497066428274,263.6551933150281
5738,19.563143332397885,260.58108850702308
5739,19.564789598367497,254.80005800808021
5740,19.566435864337109,241.97976892771823
5741,19.568082130306721,233.62797504270645
5742,19.569728396276332,263.88431611959061
5743,19.571374662245944,256.41072623477771
5744,19.573020928215556,256.16519521927569
5745,19.574667194185167,250.37573646935226
5746,19.576313460154779,237.60345564394416
5747,19.577959726124391,228.92721611308673
5748,19.579605992094002,253.65797560597383
5749,19.581252258063614,246.33033721501613
5750,19.582898524033226,250.19198440171868
5751,19.584544790002838,243.98476557508428
5752,19.586191055972449,231.38101759573615
5753,19.587837321942061,222.46138935687813
5754,19.589483587911673,244.1418895331305
5755,19.591129853881284,239.34501714520377
5756,19.592776119850896,243.02830339657646
5757,19.594364278975263,236.87521221027191
5758,19.596010544944875,224.97702751439519
5759,19.597656810914486,215.92439669966512
5760,19.599303076884098,231.54796701481283
5761,19.60094934285371,232.27868160634836
5762,19.602595608823322,236.24126536321634
5763,19.604241874792933,230.16303880893491
5764,19.605888140762545,218.37601498726409
5765,19.607534406732157,209.43405697525972
5766,19.609180672701768,219.99586508861924
5767,19.61082693867138,223.12451213804906
5768,19.612473204640992,227.07348321662948
5769,19.614119470610603,126.87780224526458
5770,19.615765736580215,119.56248742846512
5771,19.617412002549827,115.62565866577488
5772,19.619058268519439,126.81569875089177
5773,19.62070453448905,125.87018175766984
5774,19.622350800458662,125.62384924807562
5775,19.623997066428274,120.35459856167822
5776,19.625643332397885,113.63125169882794
5777,19.627289598367497,109.52548386738303
5778,19.628935864337109,116.46289423296008
5779,19.630582130306721,116.54651779342876
5780,19.632228396276332,117.51978034668457
5781,19.633874662245944,113.33799717136975
5782,19.635520928215556,107.10658370405325
5783,19.637167194185167,103.38190401460974
5784,19.638813460154779,108.92430150459906
5785,19.640459726124391,111.57721913206728
5786,19.642105992094002,112.34280334541903
5787,19.643752258063614,108.42665775222912
5788,19.645398524033226,0
5789,19.647044790002838,102.28615989997601
5790,19.648691055972449,109.31672153768397
5791,19.650337321942061,111.44096519916951
5792,19.651983587911673,0
5793,19.653629853881284,0
5794,19.655276119850896,0
5795,19.656864278975263,0
5796,19.658510544944875,0
5797,19.660156810914486,0
5798,19.661803076884098,0
5799,19.66344934285371,0
5800,19.665095608823322,0
5801,19.666741874792933,0
5802,19.668388140762545,0
5803,19.670034406732157,0
5804,19.671680672701768,0
5805,19.67332693867138,0
5806,19.674973204640992,0
5807,19.676619470610603,0
5808,19.678265736580215,0
5809,19.679912002549827,0
5810,19.681558268519439,0
5811,19.68320453448905,0
5812,19.684850800458662,0
5813,19.686497066428274,0
5814,19.688143332397885,0
5815,19.689789598367497,0
5816,19.691435864337109,0
5817,19.693082130306721,0
5818,19.694728396276332,0
5819,19.696374662245944,0
5820,19.698020928215556,0
5821,19.699667194185167,0
5822,19.701313460154779,0
5823,19.702959726124391,0
5824,19.704605992094002,0
5825,19.706252258063614,0
5826,19.707898524033226,0
5827,19.709544790002838,0
5828,19.711191055972449,0
5829,19.712837321942061,0
5830,19.714483587911673,0
5831,19.716129853881284,0
5832,19.717776119850896,0
5833,19.719364278975263,0
5834,19.721010544944875,0
5835,19.722656810914486,0
5836,19.724303076884098,0
5837,19.72594934285371,0
5838,19.727595608823322,0
5839,19.729241874792933,0
5840,19.730888140762545,0
5841,19.732534406732157,0
5842,19.734180672701768,0
5843,19.73582693867138,0
5844,19.737473204640992,0
5845,19.739119470610603,0
5846,19.740765736580215,0
5847,19.742412002549827,0
5848,19.744058268519439,0
5849,19.74570453448905,0
5850,19.747350800458662,0
5851,19.748997066428274,0
5852,19.750643332397885,0
5853,19.752289598367497,0
5854,19.753935864337109,0
5855,19.755582130306721,0
5856,19.757228396276332,0
5857,19.758874662245944,0
5858,19.760520928215556,0
5859,19.762167194185167,0
5860,19.763813460154779,0
5861,19.765459726124391,0
5862,19.767105992094002,0
5863,19.768752258063614,0
5864,19.770398524033226,0
5865,19.772044790002838,0
5866,19.773691055972449,0
5867,19.775337321942061,0
5868,19.776983587911673,0
5869,19.778629853881284,0
5870,19.780276119850896,0
5871,19.781864278975263,0
5872,19.783510544944875,0
5873,19.785156810914486,0
5874,19.786803076884098,0
5875,19.78844934285371,0
5876,19.790095608823322,0
5877,19.791741874792933,0
5878,19.793388140762545,0
5879,19.795034406732157,0
5880,19.796680672701768,0
5881,19.79832693867138,0
5882,19.799973204640992,0
5883,19.801619470610603,0
5884,19.803265736580215,0
5885,19.804912002549827,0
5886,19.806558268519439,0
5887,19.80820453448905,0
5888,19.809850800458662,0
5889,19.811497066428274,0
5890,19.813143332397885,0
5891,19.814789598367497,0
5892,19.816435864337109,0
5893,19.818082130306721,0
5894,19.819728396276332,0
5895,19.821374662245944,0
5896,19.823020928215556,0
5897,19.824667194185167,0
5898,19.826313460154779,0
5899,19.827959726124391,0
5900,19.829605992094002,0
5901,19.831252258063614,0
5902,19.832898524033226,0
5903,19.834544790002838,0
5904,19.836191055972449,0
5905,19.837837321942061,0
5906,19.839483587911673,0
5907,19.841129853881284,0
5908,19.842776119850896,0
5909,19.844364278975263,0
5910,19.846010544944875,0
5911,19.847656810914486,0
5912,19.849303076884098,0
5913,19.85094934285371,0
5914,19.852595608823322,0
5915,19.854241874792933,0
5916,19.855888140762545,0
5917,19.857534406732157,0
5918,19.859180672701768,0
5919,19.86082693867138,0
5920,19.862473204640992,0
5921,19.864119470610603,0
5922,19.865765736580215,0
5923,19.867412002549827,0
5924,19.869058268519439,0
5925,19.87070453448905,0
5926,19.872350800458662,0
5927,19.873997066428274,0
5928,19.875643332397885,0
5929,19.877289598367497,0
5930,19.878935864337109,0
5931,19.880582130306721,0
5932,19.882228396276332,0
5933,19.883874662245944,0
5934,19.885520928215556,0
5935,19.887167194185167,0
5936,19.888813460154779,0
5937,19.890459726124391,0
5938,19.892105992094002,0
5939,19.893752258063614,0
5940,19.895398524033226,0
5941,19.897044790002838,0
5942,19.898691055972449,0
5943,19.900337321942061,0
5944,19.901983587911673,0
5945,19.903629853881284,0
5946,19.905276119850896,0
5947,19.906864278975263,0
5948,19.908510544944875,0
5949,19.910156810914486,0
5950,19.911803076884098,0
5951,19.91344934285371,0
5952,19.915095608823322,0
5953,19.916741874792933,0
5954,19.918388140762545,0
5955,19.920034406732157,0
5956,19.921680672701768,0
5957,19.92332693867138,0
5958,19.924973204640992,0
5959,19.926619470610603,0
5960,19.928265736580215,0
5961,19.929912002549827,0
5962,19.931558268519439,0
5963,19.93320453448905,0
5964,19.934850800458662,0
5965,19.936497066428274,0
5966,19.938143332397885,0
5967,19.939789598367497,0
5968,19.941435864337109,0
5969,19.943082130306721,0
5970,19.944728396276332,0
5971,19.946374662245944,0
5972,19.948020928215556,0
5973,19.949667194185167,0
5974,19.951313460154779,0
5975,19.952959726124391,0
5976,19.954605992094002,0
5977,19.956252258063614,0
5978,19.957898524033226,0
5979,19.959544790002838,0
5980,19.961191055972449,0
5981,19.962837321942061,0
5982,19.964483587911673,0
5983,19.966129853881284,0
5984,19.967776119850896,0
5985,19.969364278975263,0
5986,19.971010544944875,0
5987,19.972656810914486,0
5988,19.974303076884098,0
5989,19.97594934285371,0
5990,19.977595608823322,0
5991,19.979241874792933,0
5992,19.980888140762545,0
5993,19.982534406732157,0
5994,19.984180672701768,0
5995,19.98582693867138,0
5996,19.987473204640992,0
5997,19.989119470610603,0
5998,19.990765736580215,0
5999,19.992412002549827,0
6000,19.994058268519439,0
6001,19.99570453448905,0
6002,19.997350800458662,0
6003,19.998997066428274,0
6004,20.000643332397885,0
6005,20.002289598367497,0
6006,20.003935864337109,0
6007,20.005582130306721,0
6008,20.007228396276332,0
6009,20.008874662245944,0
6010,20.010520928215556,0
6011,20.012167194185167,0
6012,20.013813460154779,0
6013,20.015459726124391,0
6014,20.017105992094002,0
6015,20.018752258063614,0
6016,20.020398524033226,0
6017,20.022044790002838,0
6018,20.023691055972449,0
6019,20.025337321942061,0
6020,20.026983587911673,0
6021,20.028629853881284,0
6022,20.030276119850896,0
6023,20.031864278975263,0
6024,20.033510544944875,0
6025,20.035156810914486,0
6026,20.036803076884098,0
6027,20.03844934285371,0
6028,20.040095608823322,0
6029,20.041741874792933,0
6030,20.043388140762545,0
6031,20.045034406732157,0
6032,20.046680672701768,0
6033,20.04832693867138,0
6034,20.049973204640992,0
6035,20.051619470610603,0
6036,20.053265736580215,0
6037,20.054912002549827,0
6038,20.056558268519439,0
6039,20.05820453448905,0
6040,20.059850800458662,0
6041,20.061497066428274,0
6042,20.063143332397885,0
6043,20.064789598367497,0
6044,20.066435864337109,0
6045,20.068082130306721,0
6046,20.069728396276332,0
6047,20.071374662245944,0
6048,20.073020928215556,0
6049,20.074667194185167,0
6050,20.076313460154779,0
6051,20.077959726124391,0
6052,20.079605992094002,0
6053,20.081252258063614,0
6054,20.082898524033226,0
6055,20.084544790002838,0
6056,20.086191055972449,0
6057,20.087837321942061,0
6058,20.089483587911673,0
6059,20.091129853881284,0
6060,20.092776119850896,0
6061,20.094364278975263,0
6062,20.096010544944875,0
6063,20.097656810914486,0
6064,20.099303076884098,0
6065,20.10094934285371,0
6066,20.102595608823322,0
6067,20.104241874792933,0
6068,20.105888140762545,0
6069,20.107534406732157,0
6070,20.109180672701768,0
6071,20.11082693867138,0
6072,20.112473204640992,0
6073,20.114119470610603,0
6074,20.115765736580215,0
6075,20.117412002549827,0
6076,20.119058268519439,0
6077,20.12070453448905,0
6078,20.122350800458662,0
6079,20.123997066428274,0
6080,20.125643332397885,0
6081,20.127289598367497,0
6082,20.128935864337109,0
6083,20.130582130306721,0
6084,20.132228396276332,0
6085,20.133874662245944,0
6086,20.135520928215556,0
6087,20.137167194185167,0
6088,20.138813460154779,0
6089,20.140459726124391,0
6090,20.142105992094002,0
6091,20.143752258063614,0
6092,20.145398524033226,0
6093,20.147044790002838,0
6094,20.148691055972449,0
6095,20.150337321942061,0
6096,20.151983587911673,0
6097,20.153629853881284,0
6098,20.155276119850896,0
6099,20.156864278975263,0
6100,20.158510544944875,0
6101,20.160156810914486,0
6102,20.161803076884098,0
6103,20.16344934285371,0
6104,20.165095608823322,0
6105,20.166741874792933,0
6106,20.168388140762545,0
6107,20.170034406732157,0
6108,20.171680672701768,0
6109,20.17332693867138,0
6110,20.174973204640992,0
6111,20.176619470610603,0
6112,20.178265736580215,0
6113,20.179912002549827,0
6114,20.181558268519439,0
6115,20.18320453448905,0
6116,20.184850800458662,0
6117,20.186497066428274,0
6118,20.188143332397885,0
6119,20.189789598367497,0
6120,20.191435864337109,0
6121,20.193082130306721,0
6122,20.194728396276332,0
6123,20.196374662245944,0
6124,20.198020928215556,0
6125,20.199667194185167,0
6126,20.201313460154779,0
6127,20.202959726124391,0
6128,20.204605992094002,0
6129,20.206252258063614,0
6130,20.207898524033226,0
6131,20.209544790002838,0
6132,20.211191055972449,0
6133,20.212837321942061,0
6134,20.214483587911673,0
6135,20.216129853881284,0
6136,20.217776119850896,0
6137,20.219364278975263,0
6138,20.221010544944875,0
6139,20.222656810914486,0
6140,20.224303076884098,0
6141,20.22594934285371,0
6142,20.227595608823322,0
6143,20.229241874792933,0
6144,20.230888140762545,0
6145,20.232534406732157,0
6146,20.234180672701768,0
6147,20.23582693867138,0
6148,20.237473204640992,0
6149,20.239119470610603,0
6150,20.240765736580215,0
6151,20.242412002549827,0
6152,20.244058268519439,0
6153,20.24570453448905,0
6154,20.247350800458662,0
6155,20.248997066428274,0
6156,20.250643332397885,0
6157,20.252289598367497,0
6158,20.253935864337109,0
6159,20.255582130306721,0
6160,20.257228396276332,0
6161,20.258874662245944,0
6162,20.260520928215556,0
6163,20.262167194185167,0
6164,20.263813460154779,0
6165,20.265459726124391,0
6166,20.267105992094002,0
6167,20.268752258063614,0
6168,20.270398524033226,0
6169,20.272044790002838,0
6170,20.273691055972449,0
6171,20.275337321942061,0
6172,20.276983587911673,0
6173,20.278629853881284,0
6174,20.280276119850896,0
6175,20.281864278975263,0
6176,20.283510544944875,0
6177,20.285156810914486,0
6178,20.286803076884098,0
6179,20.28844934285371,0
6180,20.290095608823322,0
6181,20.291741874792933,0
6182,20.293388140762545,0
6183,20.295034406732157,0
6184,20.296680672701768,0
6185,20.29832693867138,0
6186,20.299973204640992,0
6187,20.301619470610603,0
6188,20.303265736580215,0
6189,20.304912002549827,0
6190,20.306558268519439,0
6191,20.30820453448905,0
6192,20.309850800458662,0
6193,20.311497066428274,0
6194,20.313143332397885,0
6195,20.314789598367497,0
6196,20.316435864337109,0
6197,20.318082130306721,0
6198,20.319728396276332,0
6199,20.321374662245944,0
6200,20.323020928215556,0
6201,20.324667194185167,0
6202,20.326313460154779,0
6203,20.327959726124391,0
6204,20.329605992094002,0
6205,20.331252258063614,0
6206,20.332898524033226,0
6207,20.334544790002838,0
6208,20.336191055972449,0
6209,20.337837321942061,0
6210,20.339483587911673,0
6211,20.341129853881284,0
6212,20.342776119850896,0
6213,20.344364278975263,0
6214,20.346010544944875,0
6215,20.347656810914486,0
6216,20.349303076884098,0
6217,20.35094934285371,0
6218,20.352595608823322,0
6219,20.354241874792933,0
6220,20.355888140762545,0
6221,20.357534406732157,0
6222,20.359180672701768,0
6223,20.36082693867138,0
6224,20.362473204640992,0
6225,20.364119470610603,0
6226,20.365765736580215,0
6227,20.367412002549827,0
6228,20.369058268519439,0
6229,20.37070453448905,0
6230,20.372350800458662,0
6231,20.373997066428274,0
6232,20.375643332397885,0
6233,20.377289598367497,0
6234,20.378935864337109,0
6235,20.380582130306721,0
6236,20.382228396276332,0
6237,20.383874662245944,0
6238,20.385520928215556,0
6239,20.387167194185167,0
6240,20.388813460154779,0
6241,20.390459726124391,0
6242,20.392105992094002,0
6243,20.393752258063614,0
6244,20.395398524033226,0
6245,20.397044790002838,0
6246,20.398691055972449,0
6247,20.400337321942061,0
6248,20.401983587911673,0
6249,20.403629853881284,0
6250,20.405276119850896,0
6251,20.406864278975263,0
6252,20.408510544944875,0
6253,20.410156810914486,0
6254,20.411803076884098,0
6255,20.41344934285371,0
6256,20.415095608823322,0
6257,20.416741874792933,0
6258,20.418388140762545,0
6259,20.420034406732157,0
6260,20.421680672701768,0
6261,20.42332693867138,0
6262,20.424973204640992,0
6263,20.426619470610603,0
6264,20.428265736580215,0
6265,20.429912002549827,0
6266,20.431558268519439,0
6267,20.43320453448905,0
6268,20.434850800458662,0
6269,20.436497066428274,0
6270,20.438143332397885,0
6271,20.439789598367497,0
6272,20.441435864337109,0
6273,20.443082130306721,0
6274,20.444728396276332,0
6275,20.446374662245944,0
6276,20.448020928215556,0
6277,20.449667194185167,0
6278,20.451313460154779,0
6279,20.452959726124391,0
6280,20.454605992094002,0
6281,20.456252258063614,0
6282,20.457898524033226,0
6283,20.459544790002838,0
6284,20.461191055972449,0
6285,20.462837321942061,0
6286,20.464483587911673,0
6287,20.466129853881284,0
6288,20.467776119850896,0
6289,20.469364278975263,0
6290,20.471010544944875,0
6291,20.472656810914486,0
6292,20.474303076884098,0
6293,20.47594934285371,0
6294,20.477595608823322,0
6295,20.479241874792933,0
6296,20.480888140762545,0
6297,20.482534406732157,0
6298,20.484180672701768,0
6299,20.48582693867138,0
6300,20.487473204640992,0
6301,20.489119470610603,0
6302,20.490765736580215,0
6303,20.492412002549827,0
6304,20.494058268519439,0
6305,20.49570453448905,0
6306,20.497350800458662,0
6307,20.498997066428274,0
6308,20.500643332397885,0
6309,20.502289598367497,0
6310,20.503935864337109,0
6311,20.505582130306721,0
6312,20.507228396276332,0
6313,20.508874662245944,0
6314,20.510520928215556,0
6315,20.512167194185167,0
6316,20.513813460154779,0
6317,20.515459726124391,0
6318,20.517105992094002,0
6319,20.518752258063614,0
6320,20.520398524033226,0
6321,20.522044790002838,0
6322,20.523691055972449,0
6323,20.525337321942061,0
6324,20.526983587911673,0
6325,20.528629853881284,0
6326,20.530276119850896,0
6327,20.531864278975263,0
6328,20.533510544944875,0
6329,20.535156810914486,0
6330,20.536803076884098,0
6331,20.53844934285371,0
6332,20.540095608823322,0
6333,20.541741874792933,0
6334,20.543388140762545,0
6335,20.545034406732157,0
6336,20.546680672701768,0
6337,20.54832693867138,0
6338,20.549973204640992,0
6339,20.551619470610603,0
6340,20.553265736580215,0
6341,20.554912002549827,0
6342,20.556558268519439,0
6343,20.55820453448905,0
6344,20.559850800458662,0
6345,20.561497066428274,0
6346,20.563143332397885,0
6347,20.564789598367497,0
6348,20.566435864337109,0
6349,20.568082130306721,0
6350,20.569728396276332,0
6351,20.571374662245944,0
6352,20.573020928215556,0
6353,20.574667194185167,0
6354,20.576313460154779,0
6355,20.577959726124391,0
6356,20.579605992094002,0
6357,20.581252258063614,0
6358,20.582898524033226,0
6359,20.584544790002838,0
6360,20.586191055972449,0
6361,20.587837321942061,0
6362,20.589483587911673,0
6363,20.591129853881284,0
6364,20.592776119850896,0
6365,20.594364278975263,0
6366,20.596010544944875,0
6367,20.597656810914486,0
6368,20.599303076884098,0
6369,20.60094934285371,0
6370,20.602595608823322,0
6371,20.604241874792933,0
6372,20.605888140762545,0
6373,20.607534406732157,0
6374,20.609180672701768,0
6375,20.61082693867138,0
6376,20.612473204640992,0
6377,20.614119470610603,0
6378,20.615765736580215,0
6379,20.617412002549827,0
6380,20.619058268519439,0
6381,20.62070453448905,0
6382,20.622350800458662,0
6383,20.623997066428274,0
6384,20.625643332397885,0
6385,20.627289598367497,0
6386,20.628935864337109,0
6387,20.630582130306721,0
6388,20.632228396276332,0
6389,20.633874662245944,0
6390,20.635520928215556,0
6391,20.637167194185167,0
6392,20.638813460154779,0
6393,20.640459726124391,0
6394,20.642105992094002,0
6395,20.643752258063614,0
6396,20.645398524033226,0
6397,20.647044790002838,0
6398,20.648691055972449,0
6399,20.650337321942061,0
6400,20.651983587911673,0
6401,20.653629853881284,0
6402,20.655276119850896,0
6403,20.656864278975263,0
6404,20.658510544944875,0
6405,20.660156810914486,0
6406,20.661803076884098,0
6407,20.66344934285371,0
6408,20.665095608823322,0
6409,20.666741874792933,0
6410,20.668388140762545,0
6411,20.670034406732157,0
6412,20.671680672701768,0
6413,20.67332693867138,0
6414,20.674973204640992,0
6415,20.676619470610603,0
6416,20.678265736580215,0
6417,20.679912002549827,0
6418,20.681558268519439,0
6419,20.68320453448905,0
6420,20.684850800458662,0
6421,20.686497066428274,0
6422,20.688143332397885,0
6423,20.689789598367497,0
6424,20.691435864337109,0
6425,20.693082130306721,0
6426,20.694728396276332,0
6427,20.696374662245944,0
6428,20.698020928215556,0
6429,20.699667194185167,0
6430,20.701313460154779,0
6431,20.702959726124391,0
6432,20.704605992094002,0
6433,20.706252258063614,0
6434,20.707898524033226,0
6435,20.709544790002838,0
6436,20.711191055972449,0
6437,20.712837321942061,0
6438,20.714483587911673,0
6439,20.716129853881284,0
6440,20.717776119850896,0
6441,20.719364278975263,0
6442,20.721010544944875,0
6443,20.722656810914486,0
6444,20.724303076884098,0
6445,20.72594934285371,0
6446,20.727595608823322,0
6447,20.729241874792933,0
6448,20.730888140762545,0
6449,20.732534406732157,0
6450,20.734180672701768,0
6451,20.73582693867138,0
6452,20.737473204640992,0
6453,20.739119470610603,0
6454,20.740765736580215,0
6455,20.742412002549827,0
6456,20.744058268519439,0
6457,20.74570453448905,0
6458,20.747350800458662,0
6459,20.748997066428274,0
6460,20.750643332397885,0
6461,20.752289598367497,0
6462,20.753935864337109,0
6463,20.755582130306721,0
6464,20.757228396276332,0
6465,20.758874662245944,0
6466,20.760520928215556,0
6467,20.762167194185167,0
6468,20.763813460154779,0
6469,20.765459726124391,0
6470,20.767105992094002,0
6471,20.768752258063614,0
6472,20.770398524033226,0
6473,20.772044790002838,0
6474,20.773691055972449,0
6475,20.775337321942061,0
6476,20.776983587911673,0
6477,20.778629853881284,0
6478,20.780276119850896,0
6479,20.781864278975263,0
6480,20.783510544944875,0
6481,20.785156810914486,0
6482,20.786803076884098,0
6483,20.78844934285371,0
6484,20.790095608823322,0
6485,20.791741874792933,0
6486,20.793388140762545,0
6487,20.795034406732157,0
6488,20.796680672701768,0
6489,20.79832693867138,0
6490,20.799973204640992,0
6491,20.801619470610603,0
6492,20.803265736580215,0
6493,20.804912002549827,0
6494,20.806558268519439,0
6495,20.80820453448905,0
6496,20.809850800458662,0
6497,20.811497066428274,0
6498,20.813143332397885,0
6499,20.814789598367497,0
6500,20.816435864337109,0
6501,20.818082130306721,0
6502,20.819728396276332,0
6503,20.821374662245944,0
6504,20.823020928215556,0
6505,20.824667194185167,0
6506,20.826313460154779,0
6507,20.827959726124391,0
6508,20.829605992094002,0
6509,20.831252258063614,0
6510,20.832898524033226,0
6511,20.834544790002838,0
6512,20.836191055972449,0
6513,20.837837321942061,0
6514,20.839483587911673,0
6515,20.841129853881284,0
6516,20.842776119850896,0
6517,20.844364278975263,0
6518,20.846010544944875,0
6519,20.847656810914486,0
6520,20.849303076884098,0
6521,20.85094934285371,0
6522,20.852595608823322,0
6523,20.854241874792933,0
6524,20.855888140762545,0
6525,20.857534406732157,0
6526,20.859180672701768,0
6527,20.86082693867138,0
6528,20.862473204640992,0
6529,20.864119470610603,0
6530,20.865765736580215,0
6531,20.867412002549827,0
6532,20.869058268519439,0
6533,20.87070453448905,0
6534,20.872350800458662,0
6535,20.873997066428274,0
6536,20.875643332397885,0
6537,20.877289598367497,0
6538,20.878935864337109,0
6539,20.880582130306721,0
6540,20.882228396276332,0
6541,20.883874662245944,0
6542,20.885520928215556,0
6543,20.887167194185167,0
6544,20.888813460154779,0
6545,20.890459726124391,0
6546,20.892105992094002,0
6547,20.893752258063614,0
6548,20.895398524033226,0
6549,20.897044790002838,0
6550,20.898691055972449,0
6551,20.900337321942061,0
6552,20.901983587911673,0
6553,20.903629853881284,0
6554,20.905276119850896,0
6555,20.906864278975263,0
6556,20.908510544944875,0
6557,20.910156810914486,0
6558,20.911803076884098,0
6559,20.91344934285371,0
6560,20.915095608823322,0
6561,20.916741874792933,0
6562,20.918388140762545,0
6563,20.920034406732157,0
6564,20.921680672701768,0
6565,20.92332693867138,0
6566,20.924973204640992,0
6567,20.926619470610603,0
6568,20.928265736580215,0
6569,20.929912002549827,0
6570,20.931558268519439,0
6571,20.93320453448905,0
6572,20.934850800458662,0
6573,20.936497066428274,0
6574,20.938143332397885,0
6575,20.939789598367497,0
6576,20.941435864337109,0
6577,20.943082130306721,0
6578,20.944728396276332,0
6579,20.946374662245944,0
6580,20.948020928215556,0
6581,20.949667194185167,0
6582,20.951313460154779,0
6583,20.952959726124391,0
6584,20.954605992094002,0
6585,20.956252258063614,0
6586,20.957898524033226,0
6587,20.959544790002838,0
6588,20.961191055972449,0
6589,20.962837321942061,0
6590,20.964483587911673,0
6591,20.966129853881284,0
6592,20.967776119850896,0
6593,20.969364278975263,0
6594,20.971010544944875,0
6595,20.972656810914486,0
6596,20.974303076884098,0
6597,20.97594934285371,0
6598,20.977595608823322,0
6599,20.979241874792933,0
6600,20.980888140762545,0
6601,20.982534406732157,0
6602,20.984180672701768,0
6603,20.98582693867138,0
6604,20.987473204640992,0
6605,20.989119470610603,0
6606,20.990765736580215,0
6607,20.992412002549827,0
6608,20.994058268519439,0
6609,20.99570453448905,0
6610,20.997350800458662,0
6611,20.998997066428274,0
6612,21.000643332397885,0
6613,21.002289598367497,0
6614,21.003935864337109,0
6615,21.005582130306721,0
6616,21.007228396276332,0
6617,21.008874662245944,0
6618,21.010520928215556,0
6619,21.012167194185167,0
6620,21.013813460154779,0
6621,21.015459726124391,0
6622,21.017105992094002,0
6623,21.018752258063614,0
6624,21.020398524033226,0
6625,21.022044790002838,0
6626,21.023691055972449,0
6627,21.025337321942061,0
6628,21.026983587911673,0
6629,21.028629853881284,0
6630,21.030276119850896,0
6631,21.031864278975263,0
6632,21.033510544944875,0
6633,21.035156810914486,0
6634,21.036803076884098,0
6635,21.03844934285371,0
6636,21.040095608823322,0
6637,21.041741874792933,0
6638,21.043388140762545,0
6639,21.045034406732157,0
6640,21.046680672701768,0
6641,21.04832693867138,0
6642,21.049973204640992,0
6643,21.051619470610603,0
6644,21.053265736580215,0
6645,21.054912002549827,0
6646,21.056558268519439,0
6647,21.05820453448905,0
6648,21.059850800458662,0
6649,21.061497066428274,0
6650,21.063143332397885,0
6651,21.064789598367497,0
6652,21.066435864337109,0
6653,21.068082130306721,0
6654,21.069728396276332,0
6655,21.071374662245944,0
6656,21.073020928215556,0
6657,21.074667194185167,0
6658,21.076313460154779,0
6659,21.077959726124391,0
6660,21.079605992094002,0
6661,21.081252258063614,0
6662,21.082898524033226,0
6663,21.084544790002838,0
6664,21.086191055972449,0
6665,21.087837321942061,0
6666,21.089483587911673,0
6667,21.091129853881284,0
6668,21.092776119850896,0
6669,21.094364278975263,0
6670,21.096010544944875,0
6671,21.097656810914486,0
6672,21.099303076884098,0
6673,21.10094934285371,0
6674,21.102595608823322,0
6675,21.104241874792933,0
6676,21.105888140762545,0
6677,21.107534406732157,0
6678,21.109180672701768,0
6679,21.11082693867138,0
6680,21.112473204640992,0
6681,21.114119470610603,0
6682,21.115765736580215,0
6683,21.117412002549827,0
6684,21.119058268519439,0
6685,21.12070453448905,0
6686,21.122350800458662,0
6687,21.123997066428274,0
6688,21.125643332397885,0
6689,21.127289598367497,0
6690,21.128935864337109,0
6691,21.130582130306721,0
6692,21.132228396276332,0
6693,21.133874662245944,0
6694,21.135520928215556,0
6695,21.137167194185167,0
6696,21.138813460154779,0
6697,21.140459726124391,0
6698,21.142105992094002,0
6699,21.143752258063614,0
6700,21.145398524033226,0
6701,21.147044790002838,0
6702,21.148691055972449,0
6703,21.150337321942061,0
6704,21.151983587911673,0
6705,21.153629853881284,0
6706,21.155276119850896,0
6707,21.156864278975263,0
6708,21.158510544944875,0
6709,21.160156810914486,0
6710,21.161803076884098,0
6711,21.16344934285371,0
6712,21.165095608823322,0
6713,21.166741874792933,0
6714,21.168388140762545,0
6715,21.170034406732157,0
6716,21.171680672701768,0
6717,21.17332693867138,0
6718,21.174973204640992,0
6719,21.176619470610603,0
6720,21.178265736580215,0
6721,21.179912002549827,0
6722,21.181558268519439,0
6723,21.18320453448905,0
6724,21.184850800458662,0
6725,21.186497066428274,0
6726,21.188143332397885,0
6727,21.189789598367497,0
6728,21.191435864337109,0
6729,21.193082130306721,0
6730,21.194728396276332,0
6731,21.196374662245944,0
6732,21.198020928215556,0
6733,21.199667194185167,0
6734,21.201313460154779,0
6735,21.202959726124391,0
6736,21.204605992094002,0
6737,21.206252258063614,0
6738,21.207898524033226,0
6739,21.209544790002838,0
6740,21.211191055972449,0
6741,21.212837321942061,0
6742,21.214483587911673,0
6743,21.216129853881284,0
6744,21.217776119850896,0
6745,21.219364278975263,0
6746,21.221010544944875,0
6747,21.222656810914486,0
6748,21.224303076884098,0
6749,21.22594934285371,0
6750,21.227595608823322,0
6751,21.229241874792933,0
6752,21.230888140762545,0
6753,21.232534406732157,0
6754,21.234180672701768,0
6755,21.23582693867138,0
6756,21.237473204640992,0
6757,21.239119470610603,0
6758,21.240765736580215,0
6759,21.242412002549827,0
6760,21.244058268519439,0
6761,21.24570453448905,0
6762,21.247350800458662,0
6763,21.248997066428274,0
6764,21.250643332397885,0
6765,21.252289598367497,0
6766,21.253935864337109,0
6767,21.255582130306721,0
6768,21.257228396276332,0
6769,21.258874662245944,0
6770,21.260520928215556,0
6771,21.262167194185167,0
6772,21.263813460154779,0
6773,21.265459726124391,0
6774,21.267105992094002,0
6775,21.268752258063614,0
6776,21.270398524033226,0
6777,21.272044790002838,0
6778,21.273691055972449,0
6779,21.275337321942061,0
6780,21.276983587911673,0
6781,21.278629853881284,0
6782,21.280276119850896,0
6783,21.281864278975263,0
6784,21.283510544944875,0
6785,21.285156810914486,0
6786,21.286803076884098,0
6787,21.28844934285371,0
6788,21.290095608823322,0
6789,21.291741874792933,0
6790,21.293388140762545,0
6791,21.295034406732157,203.35833149138907
6792,21.296680672701768,197.1496910529149
6793,21.29832693867138,193.94687413107474
6794,21.299973204640992,570.422562924869
6795,21.301619470610603,537.71692280049126
6796,21.303265736580215,550.92735471317212
6797,21.304912002549827,531.2579465578184
6798,21.306558268519439,482.06275218231616
6799,21.30820453448905,718.07060076028961
6800,21.309850800458662,716.14266437227332
6801,21.311497066428274,716.3637983500812
6802,21.313143332397885,689.2792519329505
6803,21.314789598367497,656.42391135141088
6804,21.316435864337109,626.27147175842344
6805,21.318082130306721,861.43173003960135
6806,21.319728396276332,863.39166232031766
6807,21.321374662245944,863.30606081343535
6808,21.323020928215556,834.74659173380689
6809,21.324667194185167,800.51189671192515
6810,21.326313460154779,764.46376138284063
6811,21.327959726124391,743.63083140982519
6812,21.329605992094002,859.38103017104493
6813,21.331252258063614,976.98546530152566
6814,21.332898524033226,943.22261608414294
6815,21.334544790002838,1028.0742392910331
6816,21.336191055972449,988.19638251973254
6817,21.337837321942061,959.30413578354796
6818,21.339483587911673,1064.8044087220082
6819,21.341129853881284,1046.9852166941762
6820,21.342776119850896,1013.7483761616754
6821,21.344364278975263,976.48776899628172
6822,21.346010544944875,837.37354389039274
6823,21.347656810914486,909.97751125334787
6824,21.349303076884098,885.12509452095799
6825,21.35094934285371,860.0605381958668
6826,21.352595608823322,836.54686360528149
6827,21.354241874792933,819.29434389704079
6828,21.355888140762545,710.79298463338989
6829,21.357534406732157,778.91424975818472
6830,21.359180672701768,752.58764686732127
6831,21.36082693867138,728.27480430961566
6832,21.362473204640992,703.90825273104554
6833,21.364119470610603,696.42194505299108
6834,21.365765736580215,606.94462373207193
6835,21.367412002549827,589.69893438862346
6836,21.369058268519439,561.97785331958926
6837,21.37070453448905,797.1605060038363
6838,21.372350800458662,775.4257567393397
6839,21.373997066428274,772.76735474402994
6840,21.375643332397885,772.36434886500103
6841,21.377289598367497,696.63757838102833
6842,21.378935864337109,842.28127880747081
6843,21.380582130306721,882.70494440514642
6844,21.382228396276332,1064.9742580513866
6845,21.383874662245944,1034.9305961093248
6846,21.385520928215556,970.51643073342211
6847,21.387167194185167,1215.2533763033266
6848,21.388813460154779,1161.6767073179415
6849,21.390459726124391,1234.3453692391163
6850,21.392105992094002,1232.550995134204
6851,21.393752258063614,1224.2928513027043
6852,21.395398524033226,1647.353173456195
6853,21.397044790002838,1597.4758993776695
6854,21.398691055972449,1564.9674984058975
6855,21.400337321942061,1536.9514309429196
6856,21.401983587911673,1636.8713746648821
6857,21.403629853881284,1587.0255331135536
6858,21.405276119850896,1408.1507709822288
6859,21.406864278975263,1360.1916872283477
6860,21.408510544944875,1340.1312973759641
6861,21.410156810914486,1296.6658535514116
6862,21.411803076884098,1245.321746220003
6863,21.41344934285371,1209.7901667625338
6864,21.415095608823322,1188.2328142563847
6865,21.416741874792933,1151.9279168949658
6866,21.418388140762545,1150.6275556398577
6867,21.420034406732157,1119.0282449241765
6868,21.421680672701768,1079.9370804863656
6869,21.42332693867138,1229.7186248038392
6870,21.424973204640992,1391.8939966047333
6871,21.426619470610603,1350.9539957379625
6872,21.428265736580215,1362.6322340188276
6873,21.429912002549827,1394.2309477522356
6874,21.431558268519439,1351.2632491229497
6875,21.43320453448905,1269.2204372059105
6876,21.434850800458662,1247.6309183858095
6877,21.436497066428274,1208.337074149156
6878,21.438143332397885,1194.3068197084242
6879,21.439789598367497,1094.3475074213707
6880,21.441435864337109,1060.7595348194222
6881,21.443082130306721,1057.9828220262821
6882,21.444728396276332,1043.486818307957
6883,21.446374662245944,1006.8880288246182
6884,21.448020928215556,1004.4261930557625
6885,21.449667194185167,972.13626103402169
6886,21.451313460154779,950.28857685546097
6887,21.452959726124391,957.67074436229609
6888,21.454605992094002,880.46091908623566
6889,21.456252258063614,849.29338487705661
6890,21.457898524033226,833.96077378240273
6891,21.459544790002838,829.66510336394845
6892,21.461191055972449,876.00129023576164
6893,21.462837321942061,748.49861444116698
6894,21.464483587911673,744.39200182442755
6895,21.466129853881284,722.04637359501749
6896,21.467776119850896,704.70941294820159
6897,21.469364278975263,705.87776969021706
6898,21.471010544944875,697.44065468377664
6899,21.472656810914486,713.75975719131679
6900,21.474303076884098,725.92233973247903
6901,21.47594934285371,709.30822644006741
6902,21.477595608823322,689.40789184909443
6903,21.479241874792933,681.28238069375641
6904,21.480888140762545,669.14223031607196
6905,21.482534406732157,685.32961275417426
6906,21.484180672701768,638.96463019831845
6907,21.48582693867138,630.3341420813947
6908,21.487457529899984,608.42683998844404
6909,21.489103795869596,592.36978276445427
6910,21.490750061839208,582.10438482565655
6911,21.492396327808819,609.74594557117325
6912,21.494042593778431,636.11646907437864
6913,21.495688859748043,630.54931083286306
6914,21.497231996294431,607.76862298159506
6915,21.498878262264043,588.6006442828068
6916,21.500524528233655,573.15796168478289
6917,21.502170794203266,536.19272149587437
6918,21.503817060172878,561.39625325149677
6919,21.50546332614249,561.35281014014129
6920,21.506960041730053,537.68844944521993
6921,21.508570920468628,519.86172726879283
6922,21.51021718643824,508.19625124551072
6923,21.511863452407852,529.015572145806
6924,21.513509718377463,553.08171779695908
6925,21.515155984347075,553.86022355493935
6926,21.516728318903915,531.80164995799441
6927,21.518344248670473,516.27672978783517
6928,21.519990514640085,513.72765206883389
6929,21.521636780609697,535.24649767544793
6930,21.523283046579309,563.9389703389844
6931,21.52492931254892,565.03350729728356
6932,21.526575578518532,542.90556925673241
6933,21.528221844488144,527.41856375953569
6934,21.529868110457755,520.05396072913857
6935,21.531514376427367,538.12127039428549
6936,21.531864278917055,565.90376598581202
6937,21.532249171661533,676.80599339918604
6938,21.532672553668817,591.71439698747042
6939,21.533138273891382,553.31501022392217
6940,21.533650566150754,569.70441964761596
6941,21.534214087612781,582.07368888254564
6942,21.534833961250115,599.90929947260361
6943,21.535515822262823,618.54087409253953
6944,21.53626586935934,585.06820224429691
6945,21.537090921159688,567.95977548985115
6946,21.537998478128429,574.18163847785104
6947,21.538996790735837,603.10451304668391
6948,21.540094934603985,616.26214719351219
6949,21.541302892812382,605.39492191907027
6950,21.542631646818336,594.94714307628396
6951,21.544093276224885,577.3244180837446
6952,21.545701068560447,570.77226755907168
6953,21.547347334530059,576.96453529088251
6954,21.548993600499671,574.16413987169562
6955,21.550639866469282,495.63127860634808
6956,21.552286132438894,493.80705692083325
6957,21.553932398408506,486.49922429577344
6958,21.555578664378118,482.85818398004949
6959,21.557224930347729,491.84532581531846
6960,21.558871196317341,499.78248378848917
6961,21.560517462286953,486.38197067507338
6962,21.562163728256564,485.25955000317015
6963,21.563809994226176,484.78123195637352
6964,21.565456260195788,478.46944128870166
6965,21.567102526165399,490.20632946083174
6966,21.568748792135011,503.38010752809072
6967,21.570395058104623,493.36388246347485
6968,21.572041324074235,495.45502964133465
6969,21.573687590043846,498.28506543881474
6970,21.575333856013458,493.80259616651233
6971,21.57698012198307,507.47075197395077
6972,21.578626387952681,514.2225618893641
6973,21.580272653922293,505.70788830289808
6974,21.581918919891905,515.06986223076319
6975,21.583565185861517,521.93518299759978
6976,21.585211451831128,517.62421742984384
6977,21.58685771780074,524.18351126524601
6978,21.588503983770352,518.45854723371576
6979,21.590150249739963,509.29053766686258
6980,21.591796515709575,523.56631178457042
6981,21.593442781679187,532.49515494565105
6982,21.594364278917055,528.1530648077254
6983,21.595377925867069,530.42397390951669
6984,21.596492937500443,529.61780863336764
6985,21.597719450332079,527.91769662195293
6986,21.599068614505086,536.27796390849733
6987,21.600552695072111,553.81830650139057
6988,21.602185183754045,550.5983920567146
6989,21.603831449723657,554.8708338589563
6990,21.605477715693269,543.87384302558542
6991,21.60712398166288,535.75385052636511
6992,21.608770247632492,547.22386020580143
6993,21.610416513602104,558.44022226489074
6994,21.612062779571716,554.85079574210147
6995,21.613709045541327,554.3079842824576
6996,21.615355311510939,547.41025403611468
6997,21.617001577480551,538.97174661131453
6998,21.618647843450162,558.44455062975817
6999,21.620294109419774,572.78882316096701
7000,21.621940375389386,563.7423119956004
7001,21.623586641358997,559.66585979380648
7002,21.625232907328609,552.26898745957499
7003,21.626879173298221,544.16658780651267
7004,21.628525439267833,563.48916466029084
7005,21.630171705237444,567.16407964239909
7006,21.631817971207056,634.90424315301289
7007,21.633464237176668,625.3325835832959
7008,21.635110503146279,557.50643983075088
7009,21.636756769115891,557.50726512060066
7010,21.638403035085503,627.20585353941919
7011,21.640049301055114,701.03525813544002
7012,21.641695567024726,692.7114198226385
7013,21.643341832994338,678.62592322884052
7014,21.64498809896395,674.97777770069524
7015,21.646634364933561,671.37204698665835
7016,21.648280630903173,676.57818384782058
7017,21.649926896872785,684.00829434245486
7018,21.651573162842396,681.63293365969866
7019,21.653219428812008,669.42142935120478
7020,21.65486569478162,664.82504946223548
7021,21.656511960751232,665.02068690243561
7022,21.656864278917055,681.58429846689864
7023,21.657251828899462,874.01112709585618
7024,21.65767813389175,753.89495268671794
7025,21.658147069389088,686.28431458440969
7026,21.658662898462353,687.5377656845194
7027,21.659230310466228,694.02190950766999
7028,21.659854463647207,695.40093806052073
7029,21.660541032146284,705.17231511356238
7030,21.661296257512731,690.87429102422243
7031,21.662127005398361,684.06586453860427
7032,21.663040828072553,683.86657746935862
7033,21.66404603304909,693.06940433467889
7034,21.665151758581487,701.73032804010336
7035,21.666368056667125,705.77575079707731
7036,21.667705984549684,698.7553371135707
7037,21.669177705185575,680.06300037858909
7038,21.670796597838489,666.95685452288183
7039,21.672442863808101,666.30314061374941
7040,21.674089129777713,669.35177149520894
7041,21.675735395747324,677.42124438532016
7042,21.677381661716936,666.6207626317979
7043,21.679027927686548,646.32650158133345
7044,21.680674193656159,634.61099126033082
7045,21.682320459625771,581.55444557089129
7046,21.683966725595383,583.39459941015855
7047,21.685612991564994,581.1721466576214
7048,21.687259257534606,572.77529086670711
7049,21.688905523504218,560.16089079466394
7050,21.69055178947383,557.2069630484732
7051,21.692198055443441,565.62106185239895
7052,21.693844321413053,519.00794353841695
7053,21.695490587382665,514.78781841272314
7054,21.697136853352276,499.904483283677
7055,21.698783119321888,484.77487417091231
7056,21.7004293852915,486.48978808294902
7057,21.702075651261111,487.96554454224224
7058,21.703721917230723,488.66817246578574
7059,21.705368183200335,480.13388588946748
7060,21.707014449169947,467.93050998488684
7061,21.708660715139558,456.16687754805946
7062,21.71030698110917,462.1295389736901
7063,21.711953247078782,361.20681297154954
7064,21.713599513048393,354.19505126944568
7065,21.715245779018005,360.37204196535873
7066,21.716892044987617,344.30115272642149
7067,21.718538310957229,338.51052455092486
7068,21.719364278946159,340.37189677174615
7069,21.720272843722341,282.78421600421308
7070,21.721272264952859,287.54924195531424
7071,21.722371628271503,291.56037005501452
7072,21.723580927933654,291.52026515136657
7073,21.724911157620227,284.98699751745426
7074,21.726374410322023,279.72978848428869
7075,21.727983988352207,292.32665575664259
7076,21.729630254321819,312.03876873406989
7077,21.731276520291431,348.43449419862355
7078,21.732922786261042,379.73960751160007
7079,21.734569052230654,387.86506331736297
7080,21.736215318200266,393.30821206052377
7081,21.737861584169877,406.51482314509042
7082,21.739507850139489,398.98054107183293
7083,21.741154116109101,441.74526146697031
7084,21.742800382078713,449.48031734997124
7085,21.744446648048324,330.5379037006353
7086,21.746092914017936,323.63749649683467
7087,21.747739179987548,339.25078806449136
7088,21.749385445957159,261.50207680201049
7089,21.751031711926771,144.99067009237652
7090,21.752677977896383,139.56224978091177
7091,21.754324243865995,128.55805456855765
7092,21.755970509835606,119.94163684099011
7093,21.757616775805218,0
7094,21.75926304177483,0
7095,21.760909307744441,0
7096,21.762555573714053,0
7097,21.764201839683665,0
7098,21.765848105653276,0
7099,21.767494371622888,0
7100,21.7691406375925,0
7101,21.770786903562112,0
7102,21.772433169531723,0
7103,21.774079435501335,0
7104,21.775725701470947,0
7105,21.777371967440558,0
7106,21.77901823341017,0
7107,21.780664499379782,0
7108,21.781864278946159,0
7109,21.783184036492457,0
7110,21.784635769781744,0
7111,21.786232676353393,0
7112,21.787878942323005,0
7113,21.789525208292616,0
7114,21.791171474262228,0
7115,21.79281774023184,0
7116,21.794464006201451,0
7117,21.796110272171063,0
7118,21.797756538140675,0
7119,21.799402804110287,0
7120,21.801049070079898,0
7121,21.80269533604951,0
7122,21.804341602019122,0
7123,21.805987867988733,0
7124,21.807634133958345,0
7125,21.809280399927957,0
7126,21.810926665897568,0
7127,21.81257293186718,0
7128,21.814219197836792,0
7129,21.815865463806404,0
7130,21.817511729776015,0
7131,21.819157995745627,0
7132,21.820804261715239,0
7133,21.82245052768485,0
7134,21.824096793654462,0
7135,21.825743059624074,0
7136,21.827389325593685,0
7137,21.829035591563297,0
7138,21.830681857532909,0
7139,21.832328123502521,0
7140,21.833974389472132,0
7141,21.835620655441744,0
7142,21.837266921411356,0
7143,21.838913187380967,0
7144,21.840559453350579,0
7145,21.842205719320191,0
7146,21.843851985289803,0
7147,21.844364278946159,0
7148,21.844927801979793,0
7149,21.845547677305149,0
7150,21.846229540180502,0
7151,21.846979589372495,0
7152,21.847804643501149,0
7153,21.848712203031027,0
7154,21.849710518548818,0
7155,21.850808665676595,0
7156,21.852016627493867,0
7157,21.853345385457942,0
7158,21.854807019171858,0
7159,21.856414816280449,0
7160,21.85806108225006,0
7161,21.859707348219672,0
7162,21.861353614189284,0
7163,21.862999880158895,0
7164,21.864646146128507,0
7165,21.866292412098119,0
7166,21.867938678067731,0
7167,21.869584944037342,0
7168,21.871231210006954,0
7169,21.872877475976566,0
7170,21.874523741946177,0
7171,21.876170007915789,0
7172,21.877816273885401,0
7173,21.879462539855012,0
7174,21.881108805824624,0
7175,21.882755071794236,0
7176,21.884401337763848,0
7177,21.886047603733459,0
7178,21.887693869703071,0
7179,21.889340135672683,0
7180,21.890986401642294,0
7181,21.892632667611906,0
7182,21.894278933581518,0
7183,21.895925199551129,0
7184,21.897571465520741,0
7185,21.899217731490353,0
7186,21.900863997459965,0
7187,21.902510263429576,0
7188,21.904156529399188,0
7189,21.9058027953688,0
7190,21.906864279004367,0
7191,21.908031910945283,0
7192,21.909316306057008,0
7193,21.910729140679905,0
7194,21.912283258800016,0
7195,21.913929524769628,0
7196,21.91557579073924,0
7197,21.917222056708852,0
7198,21.918868322678463,0
7199,21.920514588648075,0
7200,21.922160854617687,0
7201,21.923807120587298,0
7202,21.92545338655691,0
7203,21.927099652526522,0
7204,21.928745918496134,0
7205,21.930392184465745,0
7206,21.932038450435357,0
7207,21.933684716404969,0
7208,21.93533098237458,0
7209,21.936977248344192,0
7210,21.938623514313804,0
7211,21.940269780283415,0
7212,21.941916046253027,0
7213,21.943562312222639,0
7214,21.945208578192251,0
7215,21.946854844161862,0
7216,21.948501110131474,0
7217,21.950147376101086,0
7218,21.951793642070697,0
7219,21.953439908040309,0
7220,21.955086174009921,0
7221,21.956732439979533,0
7222,21.958378705949144,0
7223,21.960024971918756,0
7224,21.961671237888368,0
7225,21.963317503857979,0
7226,21.964963769827591,0
7227,21.966610035797203,0
7228,21.968256301766814,0
7229,21.969364279004367,0
7230,21.970583053942391,0
7231,21.971923706409143,0
7232,21.973398424157494,0
7233,21.975020613692323,0
7234,21.976666879661934,0
7235,21.978313145631546,0
7236,21.979959411601158,0
7237,21.981605677570769,0
7238,21.983251943540381,0
7239,21.984898209509993,0
7240,21.986544475479604,0
7241,21.988190741449216,0
7242,21.989837007418828,0
7243,21.99148327338844,0
7244,21.993129539358051,0
7245,21.994775805327663,0
7246,21.996422071297275,0
7247,21.998068337266886,0
7248,21.999714603236498,0
7249,22.00136086920611,0
7250,22.003007135175721,0
7251,22.004653401145333,0
7252,22.006299667114945,0
7253,22.007945933084557,0
7254,22.009592199054168,0
7255,22.01123846502378,0
7256,22.012884730993392,0
7257,22.014530996963003,0
7258,22.016177262932615,0
7259,22.017823528902227,0
7260,22.019469794871839,0
7261,22.02111606084145,0
7262,22.022762326811062,0
7263,22.024408592780674,0
7264,22.026054858750285,0
7265,22.027701124719897,0
7266,22.029347390689509,0
7267,22.03099365665912,0
7268,22.031864278946159,0
7269,22.032821963479364,0
7270,22.033875416436786,0
7271,22.035034214666666,0
7272,22.036308892707893,0
7273,22.037711038541602,0
7274,22.039253398947039,0
7275,22.040899664916651,0
7276,22.042545930886263,0
7277,22.044192196855874,0
7278,22.045838462825486,0
7279,22.047484728795098,0
7280,22.04913099476471,0
7281,22.050777260734321,0
7282,22.052423526703933,0
7283,22.054069792673545,0
7284,22.055716058643156,0
7285,22.057362324612768,0
7286,22.05900859058238,0
7287,22.060654856551992,0
7288,22.062301122521603,0
7289,22.063947388491215,0
7290,22.065593654460827,0
7291,22.067239920430438,0
7292,22.06888618640005,0
7293,22.070532452369662,0
7294,22.072178718339273,0
7295,22.073824984308885,0
7296,22.075471250278497,0
7297,22.077117516248109,0
7298,22.07876378221772,0
7299,22.080410048187332,0
7300,22.082056314156944,0
7301,22.083702580126555,0
7302,22.085348846096167,0
7303,22.086995112065779,0
7304,22.088641378035391,0
7305,22.090287644005002,0
7306,22.091933909974614,0
7307,22.093580175944226,0
7308,22.094364278946159,0
7309,22.095226792265748,0
7310,22.09617555694058,0
7311,22.097219198065432,0
7312,22.09836720331441,0
7313,22.099630009088287,0
7314,22.101019095451193,0
7315,22.102547090438748,0
7316,22.104193356408359,0
7317,22.105839622377971,0
7318,22.107485888347583,0
7319,22.109132154317194,0
7320,22.110778420286806,0
7321,22.112424686256418,0
7322,22.114070952226029,0
7323,22.115717218195641,0
7324,22.117363484165253,0
7325,22.119009750134865,0
7326,22.120656016104476,0
7327,22.122302282074088,0
7328,22.1239485480437,0
7329,22.125594814013311,0
7330,22.127241079982923,0
7331,22.128887345952535,0
7332,22.130533611922147,0
7333,22.132179877891758,0
7334,22.13382614386137,0
7335,22.135472409830982,0
7336,22.137118675800593,0
7337,22.138764941770205,0
7338,22.140411207739817,0
7339,22.142057473709428,0
7340,22.14370373967904,0
7341,22.145350005648652,0
7342,22.146996271618264,0
7343,22.148642537587875,0
7344,22.150288803557487,0
7345,22.151935069527099,0
7346,22.15358133549671,0
7347,22.155227601466322,0
7348,22.156864279004367,0
7349,22.158510544973979,0
7350,22.16015681094359,0
7351,22.161803076913202,0
7352,22.163449342882814,0
7353,22.165095608852425,0
7354,22.166741874822037,0
7355,22.168388140791649,0
7356,22.17003440676126,0
7357,22.171680672730872,0
7358,22.173326938700484,0
7359,22.174973204670096,0
7360,22.176619470639707,0
7361,22.178265736609319,0
7362,22.179912002578931,0
7363,22.181558268548542,0
7364,22.183204534518154,0
7365,22.184850800487766,0
7366,22.186497066457378,0
7367,22.188143332426989,0
7368,22.189789598396601,0
7369,22.191435864366213,0
7370,22.193082130335824,0
7371,22.194728396305436,0
7372,22.196374662275048,0
7373,22.198020928244659,0
7374,22.199667194214271,0
7375,22.201313460183883,0
7376,22.202959726153495,0
7377,22.204605992123106,0
7378,22.206252258092718,0
7379,22.20789852406233,0
7380,22.209544790031941,0
7381,22.211191056001553,0
7382,22.212837321971165,0
7383,22.214483587940776,0
7384,22.216129853910388,0
7385,22.21777611988,0
7386,22.219364279004367,0
7387,22.221010544973979,0
7388,22.22265681094359,0
7389,22.224303076913202,0
7390,22.225949342882814,0
7391,22.227595608852425,0
7392,22.229241874822037,0
7393,22.230888140791649,0
7394,22.23253440676126,0
7395,22.234180672730872,0
7396,22.235826938700484,0
7397,22.237473204670096,0
7398,22.239119470639707,0
7399,22.240765736609319,0
7400,22.242412002578931,0
7401,22.244058268548542,0
7402,22.245704534518154,0
7403,22.247350800487766,0
7404,22.248997066457378,0
7405,22.250643332426989,0
7406,22.252289598396601,0
7407,22.253935864366213,0
7408,22.255582130335824,0
7409,22.257228396305436,0
7410,22.258874662275048,0
7411,22.260520928244659,0
7412,22.262167194214271,0
7413,22.263813460183883,0
7414,22.265459726153495,0
7415,22.267105992123106,0
7416,22.268752258092718,0
7417,22.27039852406233,0
7418,22.272044790031941,0
7419,22.273691056001553,0
7420,22.275337321971165,0
7421,22.276983587940776,0
7422,22.278629853910388,0
7423,22.28027611988,0
7424,22.281864279004367,0
7425,22.283510544973979,0
7426,22.28515681094359,0
7427,22.286803076913202,0
7428,22.288449342882814,0
7429,22.290095608852425,0
7430,22.291741874822037,0
7431,22.293388140791649,0
7432,22.29503440676126,0
7433,22.296680672730872,0
7434,22.298326938700484,0
7435,22.299973204670096,0
7436,22.301619470639707,0
7437,22.303265736609319,0
7438,22.304912002578931,0
7439,22.306558268548542,0
7440,22.308204534518154,0
7441,22.309850800487766,0
7442,22.311497066457378,0
7443,22.313143332426989,0
7444,22.314789598396601,0
7445,22.316435864366213,0
7446,22.318082130335824,0
7447,22.319728396305436,0
7448,22.321374662275048,0
7449,22.323020928244659,0
7450,22.324667194214271,0
7451,22.326313460183883,0
7452,22.327959726153495,0
7453,22.329605992123106,0
7454,22.331252258092718,0
7455,22.33289852406233,0
7456,22.334544790031941,0
7457,22.336191056001553,0
7458,22.337837321971165,0
7459,22.339483587940776,0
7460,22.341129853910388,0
7461,22.34277611988,0
7462,22.344364279004367,0
7463,22.346010544973979,0
7464,22.34765681094359,0
7465,22.349303076913202,0
7466,22.350949342882814,0
7467,22.352595608852425,0
7468,22.354241874822037,0
7469,22.355888140791649,0
7470,22.35753440676126,0
7471,22.359180672730872,0
7472,22.360826938700484,0
7473,22.362473204670096,0
7474,22.364119470639707,0
7475,22.365765736609319,0
7476,22.367412002578931,0
7477,22.369058268548542,0
7478,22.370704534518154,0
7479,22.372350800487766,0
7480,22.373997066457378,193.55807058019735
7481,22.375643332426989,194.67806057460882
7482,22.377289598396601,191.60317020879737
7483,22.378935864366213,184.9129903886743
7484,22.380582130335824,177.35618292846777
7485,22.382228396305436,170.74574975627402
7486,22.383874662275048,171.079707247469
7487,22.385520928244659,175.87392099925128
7488,22.387167194214271,173.67858954704269
7489,22.388813460183883,165.40931762370334
7490,22.390459726153495,157.73368088366067
7491,22.392105992123106,152.59897145984274
7492,22.393752258092718,155.20357648873309
7493,22.39539852406233,162.54348132431434
7494,22.397044790031941,161.51249179075876
7495,22.398691056001553,153.1040758125566
7496,22.400337321971165,146.34669975842053
7497,22.401983587940776,142.50776155180321
7498,22.403629853910388,145.57935703549754
7499,22.40527611988,384.02083344350211
7500,22.406864279004367,310.49188482912632
7501,22.408510544973979,298.52956857151185
7502,22.41015681094359,507.38091955516194
7503,22.411803076913202,486.27540847708769
7504,22.413449342882814,518.57255828251425
7505,22.415095608852425,513.08442938855899
7506,22.416741874822037,489.2632184341619
7507,22.418388140791649,467.12176379834972
7508,22.42003440676126,445.39806506895854
7509,22.421680672730872,429.87633849929239
7510,22.423326938700484,421.0341738026641
7511,22.424973204670096,432.59087051258132
7512,22.426619470639707,573.10383731834133
7513,22.428265736609319,541.59872070752488
7514,22.429912002578931,401.44281140308283
7515,22.431558268548542,389.81146223214603
7516,22.433204534518154,381.63192972805069
7517,22.434850800487766,544.41618802430389
7518,22.436497066457378,526.09031758632432
7519,22.438143332426989,506.93676217886764
7520,22.439789598396601,486.60937068596832
7521,22.441435864366213,369.70849418102711
7522,22.443082130335824,358.48494474530071
7523,22.444728396305436,374.76241417679296
7524,22.446374662275048,500.03130432043451
7525,22.448020928244659,614.26275872351721
7526,22.449667194214271,494.84045068622117
7527,22.451313460183883,363.01677235058366
7528,22.452959726153495,350.69561027335055
7529,22.454605992123106,481.32610141443763
7530,22.456252258092718,508.33493597873866
7531,22.45789852406233,505.28861368897486
7532,22.459544790031941,484.93625135418802
7533,22.461191056001553,463.43656704997238
7534,22.462837321971165,445.55178113219949
7535,22.464483587940776,457.86161326308195
7536,22.466129853910388,490.1623255418512
7537,22.46777611988,493.27035073448809
7538,22.469364279004367,471.49828937837168
7539,22.471010544973979,448.22124585585237
7540,22.47265681094359,429.72592148449547
7541,22.474303076913202,444.84242432136722
7542,22.475949342882814,484.15041107841301
7543,22.477595608852425,495.76595710451102
7544,22.479241874822037,471.12651097208675
7545,22.480888140791649,444.54297559836704
7546,22.48253440676126,425.36661336233959
7547,22.484180672730872,438.29423867892768
7548,22.485826938700484,479.2151292105309
7549,22.487473204670096,492.40718509418036
7550,22.489119470639707,466.01357931669145
7551,22.490765736609319,438.89532075177772
7552,22.492412002578931,420.16851047764612
7553,22.494058268548542,440.75789677032282
7554,22.495704534518154,485.36376147358163
7555,22.497350800487766,494.99970307512331
7556,22.498997066457378,467.96780350734298
7557,22.500643332426989,435.93203593475698
7558,22.502289598396601,415.36799819925818
7559,22.503935864366213,437.73141516782914
7560,22.505582130335824,483.38012600015355
7561,22.507228396305436,578.81092496568954
7562,22.508874662275048,550.72280139267048
7563,22.510520928244659,436.88301253537588
7564,22.512167194214271,416.17484312873455
7565,22.513813460183883,443.75149507021649
7566,22.515459726153495,569.04350553183963
7567,22.517105992123106,582.28024416939206
7568,22.518752258092718,552.95184844477251
7569,22.52039852406233,513.08489967426658
7570,22.522044790031941,489.29863283593846
7571,22.523691056001553,515.87156223862542
7572,22.525337321971165,500.75024535851776
7573,22.526983587940776,589.45233444793348
7574,22.528629853910388,563.22121741499939
7575,22.53027611988,523.303183200342
7576,22.531864279004367,500.24678422375172
7577,22.533510544973979,522.06219116213299
7578,22.53515681094359,507.60509354449636
7579,22.536803076913202,596.77579338689588
7580,22.538449342882814,572.29581570154824
7581,22.540095608852425,467.68596560474157
7582,22.541741874822037,447.72917588679917
7583,22.543388140791649,386.51779552725515
7584,22.54503440676126,511.39729616875945
7585,22.546680672730872,532.65457838405257
7586,22.548326938700484,514.97320081112366
7587,22.549973204670096,482.35893101624947
7588,22.551619470639707,463.25296454868442
7589,22.553265736609319,475.96445612157765
7590,22.554912002578931,591.8928039203962
7591,22.556558268548542,612.98960637963182
7592,22.558204534518154,515.03063452078709
7593,22.559850800487766,483.47775127887314
7594,22.561497066457378,466.09444944212242
7595,22.563143332426989,476.12089481410544
7596,22.564789598396601,508.67245728024784
7597,22.566435864366213,527.71360327332491
7598,22.568082130335824,512.04887446960083
7599,22.569728396305436,482.04738638052567
7600,22.571374662275048,465.93971519902686
7601,22.573020928244659,470.73194149719512
7602,22.574667194214271,498.31604540828573
7603,22.576313460183883,518.41709864140296
7604,22.577959726153495,504.83976756926853
7605,22.579605992123106,476.53444972083514
7606,22.581252258092718,461.55132709171875
7607,22.58289852406233,463.23080213462958
7608,22.584544790031941,485.21329088287996
7609,22.586191056001553,503.13277187063619
7610,22.587837321971165,490.31963917225426
7611,22.589483587940776,464.87316188449353
7612,22.591129853910388,451.92038702445291
7613,22.59277611988,372.47413003450026
7614,22.594364279004367,387.92617287174187
7615,22.596010544973979,491.1394347803498
7616,22.59765681094359,482.3590963075381
7617,22.599303076913202,459.72999687399306
7618,22.600949342882814,450.34669645138757
7619,22.602595608852425,367.31009760563296
7620,22.604241874822037,378.09525440889922
7621,22.605888140791649,480.61913425961234
7622,22.60753440676126,476.5730236668403
7623,22.609180672730872,456.31451185639781
7624,22.610826938700484,447.76443878622649
7625,22.612473204670096,361.75534417991088
7626,22.614119470639707,366.75812232975659
7627,22.615765736609319,469.83578036110316
7628,22.617412002578931,472.00206191203807
7629,22.619058268548542,453.44447130252598
7630,22.620704534518154,446.00975466798872
7631,22.622350800487766,437.11856121926161
7632,22.623997066457378,354.77905060461285
7633,22.625643332426989,453.37207902872683
7634,22.627289598396601,460.9632472634965
7635,22.628935864366213,445.39477336862183
7636,22.630582130335824,438.76794696188142
7637,22.632228396305436,426.60934641598288
7638,22.633874662275048,342.22201823921228
7639,22.635520928244659,436.42121806031531
7640,22.637167194214271,450.24900829761049
7641,22.638813460183883,438.14741896051362
7642,22.640459726153495,429.36068209131167
7643,22.642105992123106,337.68198023410537
7644,22.643752258092718,326.92987785020409
7645,22.64539852406233,424.22438574773213
7646,22.647044790031941,443.61613825276754
7647,22.648691056001553,438.59709113787136
7648,22.650337321971165,423.47840754204015
7649,22.651983587940776,330.82998106247186
7650,22.653629853910388,318.51599841785941
7651,22.65527611988,339.58972698843513
7652,22.656864279004367,448.47248712831777
7653,22.658510544973979,452.0237977837939
7654,22.66015681094359,432.86833719491426
7655,22.661803076913202,333.88470168050634
7656,22.663449342882814,319.92352628177588
7657,22.665095608852425,343.47412785175737
7658,22.666741874822037,459.76515420800712
7659,22.668388140791649,469.07066498010147
7660,22.67003440676126,367.39264027917108
7661,22.671680672730872,340.36799932920843
7662,22.673326938700484,324.87729902284894
7663,22.674973204670096,349.53832582366124
7664,22.676619470639707,473.75528146182285
7665,22.678265736609319,486.61366215874153
7666,22.679912002578931,379.83171960813002
7667,22.681558268548542,347.26237678483352
7668,22.683204534518154,329.78197617169883
7669,22.684850800487766,356.58741946211615
7670,22.686497066457378,488.23763632987919
7671,22.688143332426989,504.52416023563831
7672,22.689789598396601,391.18907742405162
7673,22.691435864366213,352.89505804337489
7674,22.693082130335824,333.52737570335353
7675,22.694728396305436,450.3263513144409
7676,22.696374662275048,501.22705332359249
7677,22.698020928244659,516.70537773584465
7678,22.699667194214271,485.90891274457982
7679,22.701313460183883,360.33942333922136
7680,22.702959726153495,338.91782894140385
7681,22.704605992123106,452.71337393684308
7682,22.706252258092718,505.82281565193983
7683,22.70789852406233,524.44872032076569
7684,22.709544790031941,492.2809165469709
7685,22.711191056001553,365.27843967490344
7686,22.712837321971165,341.22105091299841
7687,22.714483587940776,450.75546184908342
7688,22.716129853910388,506.75078282377217
7689,22.71777611988,528.2957651174828
7690,22.719364279004367,497.09982830197248
7691,22.721010544973979,368.90743326422262
7692,22.72265681094359,341.90542610012108
7693,22.724303076913202,446.63656455677034
7694,22.725949342882814,504.57859004920226
7695,22.727595608852425,531.70000607303928
7696,22.729241874822037,503.28595680357864
7697,22.730888140791649,373.79666057226103
7698,22.73253440676126,345.39629112909432
7699,22.734180672730872,444.86836272702067
7700,22.735826938700484,502.79452082781137
7701,22.737473204670096,530.96165825738683
7702,22.739119470639707,422.65893038093424
7703,22.740765736609319,378.79423776122007
7704,22.742412002578931,349.74249484844626
7705,22.744058268548542,449.70496670472784
7706,22.745704534518154,506.49182411962528
7707,22.747350800487766,536.21150833954766
7708,22.748997066457378,430.47696035316278
7709,22.750643332426989,386.73224699321565
7710,22.752289598396601,355.3831527897683
7711,22.753935864366213,368.65068023443229
7712,22.755582130335824,507.66506368097191
7713,22.757228396305436,540.47187788416682
7714,22.758874662275048,434.09202127998913
7715,22.760520928244659,391.53903817067766
7716,22.762167194214271,360.27868151402942
7717,22.763813460183883,368.27922082578266
7718,22.765459726153495,509.90953409436906
7719,22.767105992123106,544.47077042059914
7720,22.768752258092718,436.39775101550566
7721,22.77039852406233,394.80447473013731
7722,22.772044790031941,362.34155615777269
7723,22.773691056001553,449.18155718041157
7724,22.775337321971165,502.78220415047963
7725,22.776983587940776,538.04398697727618
7726,22.778629853910388,432.95105310440283
7727,22.78027611988,393.79618564725348
7728,22.781864279004367,361.32482275852431
7729,22.783510544973979,444.08176890500306
7730,22.78515681094359,498.59139086448573
7731,22.786803076913202,534.23717461105275
7732,22.788449342882814,431.22820384496629
7733,22.790095608852425,394.73425289657996
7734,22.791741874822037,362.25211118316349
7735,22.793388140791649,443.27168978306912
7736,22.79503440676126,496.85020951534807
7737,22.796680672730872,532.9451988129963
7738,22.798326938700484,516.59767095528161
7739,22.799973204670096,474.73221957282163
7740,22.801619470639707,358.51634903091679
7741,22.803265736609319,428.18015410875319
7742,22.804912002578931,480.92787975210638
7743,22.806558268548542,519.63062945068998
7744,22.808204534518154,428.23012281108538
7745,22.809850800487766,391.40848110122869
7746,22.811497066457378,353.45568566636672
7747,22.813143332426989,421.80242611264191
7748,22.814789598396601,471.74294322334742
7749,22.816435864366213,510.22908187178018
7750,22.818082130335824,498.31426725075289
7751,22.819728396305436,456.58492846474564
7752,22.821374662275048,413.487403237823
7753,22.823020928244659,400.60968356821667
7754,22.824667194214271,450.05858412969673
7755,22.826313460183883,420.42148941717733
7756,22.827959726153495,413.01439303610988
7757,22.829605992123106,375.38571699581451
7758,22.831252258092718,335.06180446043959
7759,22.83289852406233,321.8293347751374
7760,22.834544790031941,443.62522456907845
7761,22.836191056001553,409.89862779887892
7762,22.837837321971165,405.35615930471249
7763,22.839483587940776,367.41043328450542
7764,22.841129853910388,326.90003804780031
7765,22.84277611988,311.93131554940533
7766,22.844364279004367,355.03331010644951
7767,22.846010544973979,398.59669644928323
7768,22.84765681094359,399.29741212418878
7769,22.849303076913202,364.26472908221677
7770,22.850949342882814,325.90825842721841
7771,22.852595608852425,311.93082554132627
7772,22.854241874822037,350.83533568758145
7773,22.855888140791649,392.07573269670024
7774,22.85753440676126,392.53966150937254
7775,22.859180672730872,359.88232673215953
7776,22.860826938700484,326.95047947556725
7777,22.862473204670096,312.32861101841797
7778,22.864119470639707,277.82745467705183
7779,22.865765736609319,307.07411748502045
7780,22.867412002578931,309.31457587017002
7781,22.869058268548542,388.9623986739411
7782,22.870704534518154,266.37394033848682
7783,22.872350800487766,255.54451395750831
7784,22.873997066457378,379.58071400542872
7785,22.875643332426989,409.30567419343964
7786,22.877289598396601,407.33220286214544
7787,22.878935864366213,381.45985691244221
7788,22.880582130335824,355.91744201180859
7789,22.882228396305436,341.19518762488639
7790,22.883874662275048,364.47046897566895
7791,22.885520928244659,395.95196757206287
7792,22.887167194214271,397.70486120134706
7793,22.888813460183883,373.07664295253642
7794,22.890459726153495,344.60242887335323
7795,22.892105992123106,329.82441007811201
7796,22.893752258092718,352.63169735870042
7797,22.89539852406233,295.06805662665067
7798,22.897044790031941,298.10923435000592
7799,22.898691056001553,370.97264677245494
7800,22.900337321971165,255.07130878997043
7801,22.901983587940776,243.81566202529871
7802,22.903629853910388,261.51180150945663
7803,22.90527611988,285.41013784072754
7804,22.906864279004367,390.91487032587952
7805,22.908510544973979,370.91165352934735
7806,22.91015681094359,346.94090864439033
7807,22.911803076913202,331.61956828774225
7808,22.913449342882814,254.4546030991163
7809,22.915095608852425,278.7763857020567
7810,22.916741874822037,387.54131636044167
7811,22.918388140791649,369.31655592673485
7812,22.92003440676126,348.70812707631285
7813,22.921680672730872,332.8640689706981
7814,22.923326938700484,339.15054014824869
7815,22.924973204670096,365.85732454461237
7816,22.926619470639707,375.95584574772056
7817,22.928265736609319,358.33436200486875
7818,22.929912002578931,334.8729616366104
7819,22.931558268548542,318.08611996603759
7820,22.933204534518154,322.31327368624022
7821,22.934850800487766,349.96777210933311
7822,22.936497066457378,363.19478584863987
7823,22.938143332426989,347.58904614111736
7824,22.939789598396601,323.80594977835756
7825,22.941435864366213,208.78026309153591
7826,22.943082130335824,211.57326762318246
7827,22.944728396305436,146.75728506885338
7828,22.946374662275048,247.77352242057754
7829,22.948020928244659,238.94879812025175
7830,22.949667194214271,220.19357928059981
7831,22.951313460183883,205.34765499651758
7832,22.952959726153495,127.87028159198415
7833,22.954605992123106,142.83393605076981
7834,22.956252258092718,244.63322897207303
7835,22.95789852406233,237.01783443046855
7836,22.959544790031941,222.54867715751649
7837,22.961191056001553,208.40961378854962
7838,22.962837321971165,127.46548891543034
7839,22.964483587940776,141.56498852308025
7840,22.966129853910388,245.05073109437114
7841,22.96777611988,238.37911643541096
7842,22.969364279004367,224.958995624848
7843,22.971010544973979,212.38826841710039
7844,22.97265681094359,207.41528109329116
7845,22.974303076913202,135.94768716939038
7846,22.975949342882814,238.59950377040047
7847,22.977595608852425,231.62431451733809
7848,22.979241874822037,219.07773848306385
7849,22.980888140791649,204.96365816452712
7850,22.98253440676126,199.39037740468325
7851,22.984180672730872,219.30370620774511
7852,22.985826938700484,227.69371821229504
7853,22.987473204670096,220.92983598120219
7854,22.989119470639707,206.72049181155509
7855,22.990765736609319,191.64900511501389
7856,22.992412002578931,112.91572424840915
7857,22.994058268548542,122.49653167348097
7858,22.995704534518154,228.10019197193895
7859,22.997350800487766,216.71222067852079
7860,22.998997066457378,205.15903699945846
7861,23.000643332426989,190.16067628455997
7862,23.002289598396601,111.03875222805779
7863,23.003935864366213,118.98611294460606
7864,23.005582130335824,225.23370678907861
7865,23.007228396305436,215.93830854066891
7866,23.008874662275048,205.17652617734507
7867,23.010520928244659,190.10789369714374
7868,23.012167194214271,109.51272184595426
7869,23.013813460183883,330.74489806146823
7870,23.015459726153495,431.66385576735553
7871,23.017105992123106,425.15553300346789
7872,23.018752258092718,408.32387842079663
7873,23.02039852406233,384.87975671860011
7874,23.022044790031941,372.88335472799531
7875,23.023691056001553,301.14276520215776
7876,23.025337321971165,312.08153426321905
7877,23.026983587940776,392.22625903929287
7878,23.028629853910388,376.54726623349541
7879,23.03027611988,281.2667539025262
7880,23.031864279004367,528.8243227822577
7881,23.033510544973979,560.7327237479567
7882,23.03515681094359,538.53644190318357
7883,23.036803076913202,608.74766109527559
7884,23.038449342882814,590.70163038292822
7885,23.040095608852425,491.65160888375465
7886,23.041741874822037,477.92812340127824
7887,23.043388140791649,467.39789130067214
7888,23.04503440676126,456.55775854803983
7889,23.046680672730872,533.13216822800575
7890,23.048326938700484,519.77484053671913
7891,23.049973204670096,427.64777900394409
7892,23.051619470639707,417.26088126809196
7893,23.053265736609319,400.53355025166559
7894,23.054912002578931,385.53655080715941
7895,23.056558268548542,604.51760920401728
7896,23.058204534518154,595.86382029872982
7897,23.059850800487766,374.82407075760682
7898,23.061497066457378,367.48218034966817
7899,23.063143332426989,358.87925099183207
7900,23.064789598396601,540.79112352933726
7901,23.066435864366213,567.18436557947916
7902,23.068082130335824,479.24322973479809
7903,23.069728396305436,467.02201113768342
7904,23.071374662275048,449.42734090342077
7905,23.073020928244659,440.56869704925214
7906,23.074667194214271,473.83535826106532
7907,23.076313460183883,454.72121579809289
7908,23.077959726153495,523.32798632608228
7909,23.079605992123106,433.03543199987303
7910,23.081252258092718,421.46312746710026
7911,23.08289852406233,417.29960785614747
7912,23.084544790031941,442.8419082145856
7913,23.086191056001553,514.43066803703141
7914,23.087837321971165,604.47895167306478
7915,23.089483587940776,414.27629193399446
7916,23.091129853910388,402.96126450096943
7917,23.09277611988,401.12052965962664
7918,23.094364279004367,530.47172436021276
7919,23.096010544973979,601.62871514321955
7920,23.09765681094359,588.12939381013052
7921,23.099303076913202,818.87269670378021
7922,23.100949342882814,635.20015656671103
7923,23.102595608852425,631.04920240573983
7924,23.104241874822037,744.89768221446298
7925,23.105888140791649,814.73061694426258
7926,23.10753440676126,796.74935919723532
7927,23.109180672730872,668.94737282848473
7928,23.110826938700484,586.61296878726807
7929,23.112473204670096,575.50166555739133
7930,23.114119470639707,579.65491885110782
7931,23.115765736609319,642.80036224239313
7932,23.117412002578931,625.59674943304856
7933,23.119058268548542,600.38985096053159
7934,23.120704534518154,521.5712254633072
7935,23.122350800487766,513.05556940178622
7936,23.123997066457378,522.20194481087208
7937,23.125643332426989,590.48905342107787
7938,23.127289598396601,583.08112382103195
7939,23.128935864366213,563.55776111373109
7940,23.130582130335824,544.32635523512522
7941,23.132228396305436,482.12909920970753
7942,23.133874662275048,620.02838241701772
7943,23.135520928244659,619.68127749903431
7944,23.137167194214271,610.31260024998176
7945,23.138813460183883,588.96826715351472
7946,23.140459726153495,572.19831772326449
7947,23.142105992123106,560.10706730525396
7948,23.143752258092718,563.86213661911927
7949,23.14539852406233,570.55948006022538
7950,23.147044790031941,565.54287483313237
7951,23.148691056001553,547.74936537383428
7952,23.150337321971165,534.41901751969681
7953,23.151983587940776,477.02692119321125
7954,23.153629853910388,531.62165437176668
7955,23.15527611988,540.35689720417065
7956,23.156864279004367,536.99207365629127
7957,23.158510544973979,523.07486453004049
7958,23.16015681094359,465.18334838562521
7959,23.161803076913202,455.61135729779483
7960,23.163449342882814,459.20252017022733
7961,23.165095608852425,521.23733670025081
7962,23.166741874822037,515.55687068345048
7963,23.168388140791649,502.22443400106943
7964,23.17003440676126,445.29123797472255
7965,23.171680672730872,434.64656364474467
7966,23.173326938700484,434.2816339063466
7967,23.174973204670096,441.16003394167535
7968,23.176619470639707,491.28065576964758
7969,23.178265736609319,430.49551784669984
7970,23.179912002578931,424.67287337947704
7971,23.181558268548542,416.25988424862652
7972,23.183204534518154,415.47721936917446
7973,23.184850800487766,423.0046558194706
7974,23.186497066457378,563.9477349720853
7975,23.188143332426989,558.22467260490691
7976,23.189789598396601,506.14680223117415
7977,23.191435864366213,499.35774907816341
7978,23.193082130335824,497.27616400508447
7979,23.194728396305436,677.60633107424371
7980,23.196374662275048,818.75127911055517
7981,23.198020928244659,818.57920962787807
7982,23.199667194214271,805.54324672769735
7983,23.201313460183883,802.58314709837168
7984,23.202959726153495,816.14750471422678
7985,23.204605992123106,789.34556055461542
7986,23.206252258092718,779.99803475520935
7987,23.20789852406233,1016.252123318214
7988,23.209544790031941,1001.6366218566332
7989,23.211191056001553,988.42123958507614
7990,23.212837321971165,977.73778701894605
7991,23.214483587940776,971.40325913462618
7992,23.216129853910388,951.16549048351453
7993,23.21777611988,938.08623070859403
7994,23.219364279004367,932.83098618361578
7995,23.221010544973979,919.47323069740833
7996,23.22265681094359,898.78833289105432
7997,23.224303076913202,879.92701369036422
7998,23.225949342882814,967.11142138847754
7999,23.227595608852425,951.65271147091289
8000,23.229241874822037,844.24197645225684
8001,23.230888140791649,838.35845345393432
8002,23.23253440676126,918.11045041932391
8003,23.234180672730872,898.05227579519226
8004,23.235826938700484,989.18152291510398
8005,23.237473204670096,965.77710666710595
8006,23.239119470639707,960.37753109385721
8007,23.240765736609319,952.1274508346695
8008,23.242412002578931,926.30574099936541
8009,23.244058268548542,906.90373444588738
8010,23.245704534518154,886.55002079806377
8011,23.247350800487766,869.23831679572152
8012,23.248997066457378,870.17727371006106
8013,23.250643332426989,870.92654037713578
8014,23.252289598396601,859.56703582520754
8015,23.253935864366213,935.40423057969383
8016,23.255582130335824,910.96474673624164
8017,23.257228396305436,893.01681775225506
8018,23.258874662275048,843.28904978585865
8019,23.260520928244659,847.11203214648901
8020,23.262167194214271,834.10312324707525
8021,23.263813460183883,829.86967359332311
8022,23.265459726153495,818.92902896805265
8023,23.267105992123106,813.78938263764769
8024,23.268752258092718,821.47461673435623
8025,23.27039852406233,817.1841829929258
8026,23.272044790031941,805.32434324138796
8027,23.273691056001553,898.35710249549334
8028,23.275337321971165,971.77542180985506
8029,23.276983587940776,955.72236885880091
8030,23.278629853910388,946.60193165871192
8031,23.28027611988,931.09562570175547
8032,23.281864279004367,922.79725195042943
8033,23.283510544973979,940.66734018366481
8034,23.28515681094359,941.23800058486427
8035,23.286803076913202,935.62504198663692
8036,23.288449342882814,926.43192694402046
8037,23.290095608852425,919.90597390691721
8038,23.291741874822037,919.56934956345367
8039,23.293388140791649,950.96815020787483
8040,23.29503440676126,950.96516051466142
8041,23.296680672730872,1016.2902987609664
8042,23.298326938700484,1014.3220103095134
8043,23.299973204670096,1006.5458947170881
8044,23.301619470639707,1008.7820661501951
8045,23.303265736609319,1030.3611547300407
8046,23.304912002578931,1025.1250686935884
8047,23.306558268548542,1081.9481765022526
8048,23.308204534518154,1073.3852421722595
8049,23.309850800487766,1014.8072330603749
8050,23.311497066457378,1019.4691082619472
8051,23.313143332426989,1023.4512441949868
8052,23.314789598396601,1030.2069540937796
8053,23.316435864366213,1092.7228589687766
8054,23.318082130335824,1084.808201546876
8055,23.319728396305436,1018.9200253449654
8056,23.321374662275048,1021.7923406877525
8057,23.323020928244659,1017.485407276016
8058,23.324667194214271,1094.8535151691085
8059,23.326313460183883,1096.9475179420313
8060,23.327959726153495,1088.6497083988045
8061,23.329605992123106,1026.1323385136423
8062,23.331252258092718,1022.5046312199208
8063,23.33289852406233,1041.2738104260595
8064,23.334544790031941,1049.4451408329739
8065,23.336191056001553,1051.3631939010634
8066,23.337837321971165,985.7035384270348
8067,23.339483587940776,978.66684477002627
8068,23.341129853910388,914.30370539632918
8069,23.34277611988,880.61141397195524
8070,23.344364279004367,892.08072390766313
8071,23.346010544973979,895.85609209475695
8072,23.34765681094359,895.71974655907081
8073,23.349303076913202,889.58614216355875
8074,23.350949342882814,887.8420337446081
8075,23.352595608852425,897.42449164155062
8076,23.354241874822037,835.54118363495058
8077,23.355888140791649,842.11852043161673
8078,23.35753440676126,842.4617434557274
8079,23.359180672730872,837.02648142947942
8080,23.360826938700484,836.08839342933311
8081,23.362473204670096,840.18579685860482
8082,23.364119470639707,918.38768543428455
8083,23.365765736609319,929.09934658995462
8084,23.367412002578931,929.42952123753093
8085,23.369058268548542,927.94576099945232
8086,23.370704534518154,852.27150356831214
8087,23.372350800487766,861.39224598431497
8088,23.373997066457378,936.18566960895384
8089,23.375643332426989,942.8814278728421
8090,23.377289598396601,946.65312357145172
8091,23.378935864366213,868.33846031698113
8092,23.380582130335824,805.8973062713219
8093,23.382228396305436,860.39264140363287
8094,23.383874662275048,824.50673474404573
8095,23.385520928244659,828.54691694375163
8096,23.387167194214271,823.99996985973269
8097,23.388813460183883,816.05800808801393
8098,23.390459726153495,808.70710469507571
8099,23.392105992123106,749.55389556093633
8100,23.393752258092718,750.80112375171529
8101,23.39539852406233,741.24115510766455
8102,23.397044790031941,738.56421351576728
8103,23.398691056001553,739.28978889385121
8104,23.400337321971165,735.70365742706326
8105,23.401983587940776,733.98203363333994
8106,23.403629853910388,732.99085320506595
8107,23.40527611988,718.32571936061402
8108,23.406864279004367,642.05342290816543
8109,23.408510544973979,584.64612001992634
8110,23.41015681094359,578.44842114074493
8111,23.411803076913202,577.84461896680773
8112,23.413449342882814,571.6330460153207
8113,23.415095608852425,561.76490247541858
8114,23.416741874822037,558.5471541144035
8115,23.418388140791649,454.14477512985002
8116,23.42003440676126,450.87712220743435
8117,23.421680672730872,449.88152040277686
8118,23.423326938700484,451.74009728921209
8119,23.424973204670096,449.73057137708372
8120,23.426619470639707,444.07138442967477
8121,23.428265736609319,442.95906001225171
8122,23.429912002578931,441.14027595891764
8123,23.431558268548542,459.64515155487368
8124,23.433204534518154,449.33677536296165
8125,23.434850800487766,376.75199283124431
8126,23.436497066457378,373.91654501598396
8127,23.438143332426989,377.33206685204999
8128,23.439789598396601,379.70081564709204
8129,23.441435864366213,411.13533290516665
8130,23.443082130335824,394.8857218126002
8131,23.444728396305436,372.61419983341165
8132,23.446374662275048,372.14988301741892
8133,23.448020928244659,222.0799073771658
8134,23.449667194214271,229.34153498480438
8135,23.451313460183883,223.22713776160722
8136,23.452959726153495,216.13886074971816
8137,23.454605992123106,214.83206394570351
8138,23.456252258092718,222.00005393463761
8139,23.45789852406233,240.02229887978365
8140,23.459544790031941,248.63968763840728
8141,23.461191056001553,245.08352868708869
8142,23.462837321971165,238.93233377837743
8143,23.464483587940776,235.40913259360627
8144,23.466129853910388,235.59500577531441
8145,23.46777611988,243.38763607017722
8146,23.469364279004367,241.20542900265553
8147,23.471010544973979,241.27691661613369
8148,23.47265681094359,249.0871506305096
8149,23.474303076913202,230.96496137954733
8150,23.475949342882814,230.27730957468768
8151,23.477595608852425,228.71506571623235
8152,23.479241874822037,226.29576143034657
8153,23.480888140791649,236.84038009569838
8154,23.48253440676126,252.03054862283807
8155,23.484180672730872,218.4496170416179
8156,23.485826938700484,217.25754576736506
8157,23.487473204670096,214.44161390236425
8158,23.489119470639707,212.47011674612389
8159,23.490765736609319,238.79529117194465
8160,23.492412002578931,268.41779024691948
8161,23.494058268548542,212.25969437645759
8162,23.495704534518154,103.17681517504425
8163,23.497350800487766,0
8164,23.498997066457378,0
8165,23.500643332426989,0
8166,23.502289598396601,0
8167,23.503935864366213,0
8168,23.505582130335824,0
8169,23.507228396305436,0
8170,23.508874662275048,0
8171,23.510520928244659,0
8172,23.512167194214271,0
8173,23.513813460183883,0
8174,23.515459726153495,0
8175,23.517105992123106,0
8176,23.518752258092718,0
8177,23.52039852406233,0
8178,23.522044790031941,0
8179,23.523691056001553,0
8180,23.525337321971165,0
8181,23.526983587940776,0
8182,23.528629853910388,0
8183,23.53027611988,0
8184,23.531864279004367,0
8185,23.533510544973979,0
8186,23.53515681094359,0
8187,23.536803076913202,0
8188,23.538449342882814,0
8189,23.540095608852425,0
8190,23.541741874822037,0
8191,23.543388140791649,0
8192,23.54503440676126,0
8193,23.546680672730872,0
8194,23.548326938700484,0
8195,23.549973204670096,0
8196,23.551619470639707,0
8197,23.553265736609319,0
8198,23.554912002578931,0
8199,23.556558268548542,0
8200,23.558204534518154,0
8201,23.559850800487766,0
8202,23.561497066457378,0
8203,23.563143332426989,0
8204,23.564789598396601,0
8205,23.566435864366213,0
8206,23.568082130335824,0
8207,23.569728396305436,0
8208,23.571374662275048,0
8209,23.573020928244659,0
8210,23.574667194214271,0
8211,23.576313460183883,0
8212,23.577959726153495,0
8213,23.579605992123106,0
8214,23.581252258092718,0
8215,23.58289852406233,0
8216,23.584544790031941,0
8217,23.586191056001553,0
8218,23.587837321971165,0
8219,23.589483587940776,0
8220,23.591129853910388,0
8221,23.59277611988,0
8222,23.594364279004367,0
8223,23.596010544973979,0
8224,23.59765681094359,0
8225,23.599303076913202,0
8226,23.600949342882814,0
8227,23.602595608852425,0
8228,23.604241874822037,0
8229,23.605888140791649,0
8230,23.60753440676126,0
8231,23.609180672730872,0
8232,23.610826938700484,0
8233,23.612473204670096,0
8234,23.614119470639707,0
8235,23.615765736609319,0
8236,23.617412002578931,0
8237,23.619058268548542,0
8238,23.620704534518154,0
8239,23.622350800487766,0
8240,23.623997066457378,0
8241,23.625643332426989,0
8242,23.627289598396601,0
8243,23.628935864366213,0
8244,23.630582130335824,0
8245,23.632228396305436,0
8246,23.633874662275048,0
8247,23.635520928244659,0
8248,23.637167194214271,0
8249,23.638813460183883,0
8250,23.640459726153495,0
8251,23.642105992123106,0
8252,23.643752258092718,0
8253,23.64539852406233,0
8254,23.647044790031941,0
8255,23.648691056001553,0
8256,23.650337321971165,0
8257,23.651983587940776,0
8258,23.653629853910388,0
8259,23.65527611988,0
8260,23.656864279004367,0
8261,23.658510544973979,0
8262,23.66015681094359,0
8263,23.661803076913202,0
8264,23.663449342882814,0
8265,23.665095608852425,0
8266,23.666741874822037,0
8267,23.668388140791649,0
8268,23.67003440676126,0
8269,23.671680672730872,0
8270,23.673326938700484,0
8271,23.674973204670096,0
8272,23.676619470639707,0
8273,23.678265736609319,0
8274,23.679912002578931,0
8275,23.681558268548542,0
8276,23.683204534518154,0
8277,23.684850800487766,0
8278,23.686497066457378,0
8279,23.688143332426989,0
8280,23.689789598396601,0
8281,23.691435864366213,0
8282,23.693082130335824,0
8283,23.694728396305436,0
8284,23.696374662275048,0
8285,23.698020928244659,0
8286,23.699667194214271,0
8287,23.701313460183883,0
8288,23.702959726153495,0
8289,23.704605992123106,0
8290,23.706252258092718,0
8291,23.70789852406233,0
8292,23.709544790031941,0
8293,23.711191056001553,0
8294,23.712837321971165,0
8295,23.714483587940776,0
8296,23.716129853910388,0
8297,23.71777611988,0
8298,23.719364279004367,0
8299,23.721010544973979,0
8300,23.72265681094359,0
8301,23.724303076913202,0
8302,23.725949342882814,0
8303,23.727595608852425,0
8304,23.729241874822037,0
8305,23.730888140791649,0
8306,23.73253440676126,0
8307,23.734180672730872,0
8308,23.735826938700484,0
8309,23.737473204670096,0
8310,23.739119470639707,0
8311,23.740765736609319,0
8312,23.742412002578931,0
8313,23.744058268548542,141.18151724627401
8314,23.745704534518154,137.69016572677199
8315,23.747350800487766,132.92007266676254
8316,23.748997066457378,128.25196750165262
8317,23.750643332426989,152.09027383005184
8318,23.752289598396601,130.8650166163454
8319,23.753935864366213,129.03855550422134
8320,23.755582130335824,125.05267830173622
8321,23.757228396305436,119.78947503186936
8322,23.758874662275048,115.50092665427744
8323,23.760520928244659,363.35068686436495
8324,23.762167194214271,358.9709005523132
8325,23.763813460183883,350.98706573435061
8326,23.765459726153495,336.93372362159448
8327,23.767105992123106,322.56830744134322
8328,23.768752258092718,314.80186165181533
8329,23.77039852406233,336.54296501724161
8330,23.772044790031941,341.91727684443526
8331,23.773691056001553,335.84678916654514
8332,23.775337321971165,320.93236981330983
8333,23.776983587940776,306.17020442449149
8334,23.778629853910388,310.44334575939121
8335,23.78027611988,333.12573198808047
8336,23.781864279004367,436.85022238634849
8337,23.783510544973979,429.09635863333364
8338,23.78515681094359,405.01534800031982
8339,23.786803076913202,380.8206205729212
8340,23.788449342882814,389.55479812912307
8341,23.790095608852425,408.62635164444924
8342,23.791741874822037,428.28916957961394
8343,23.793388140791649,423.22160102316519
8344,23.79503440676126,648.55100432326185
8345,23.796680672730872,615.30688968414984
8346,23.798326938700484,625.61362229305837
8347,23.799973204670096,632.12375473500799
8348,23.801619470639707,654.80081163786258
8349,23.803265736609319,643.73850526937304
8350,23.804912002578931,868.49697237865701
8351,23.806558268548542,830.7581904377364
8352,23.808204534518154,1046.4531777372151
8353,23.809850800487766,1141.0811721315629
8354,23.811497066457378,1140.5772073316973
8355,23.813143332426989,1249.1860423533724
8356,23.814789598396601,1203.6896325668065
8357,23.816435864366213,1160.3877871254265
8358,23.818082130335824,1139.7994119795867
8359,23.819728396305436,1137.1327436916772
8360,23.821374662275048,1129.6980366944979
8361,23.823020928244659,1098.016006667498
8362,23.824667194214271,1050.7728304981586
8363,23.826313460183883,1008.2822318444546
8364,23.827959726153495,981.26410337512345
8365,23.829605992123106,1035.8173956091873
8366,23.831252258092718,1026.0028613883353
8367,23.83289852406233,999.7150259444777
8368,23.834544790031941,961.3387751181358
8369,23.836191056001553,926.71094074458495
8370,23.837837321971165,903.90309719968957
8371,23.839483587940776,898.36753169004578
8372,23.841129853910388,893.02108130805004
8373,23.84277611988,1011.5424815865777
8374,23.844364279004367,977.57721338478018
8375,23.846010544973979,949.57201036635877
8376,23.84765681094359,934.26371749060206
8377,23.849303076913202,936.34608553275075
8378,23.850949342882814,944.4897371088507
8379,23.852595608852425,943.10535200027914
8380,23.854241874822037,918.97531542775198
8381,23.855888140791649,897.29837237198058
8382,23.85753440676126,887.11639113871297
8383,23.859180672730872,899.16393230468907
8384,23.860826938700484,998.05522694888884
8385,23.862473204670096,1065.0729123566523
8386,23.864119470639707,1042.3332967009953
8387,23.865765736609319,1271.8387913130316
8388,23.867412002578931,1196.5282102225192
8389,23.869058268548542,1213.1371786840562
8390,23.870704534518154,1323.5626182791016
8391,23.872350800487766,1380.3375044851091
8392,23.873997066457378,1348.0203222394864
8393,23.875643332426989,1318.6732868799193
8394,23.877289598396601,1296.8957324739451
8395,23.878935864366213,1300.1001348167817
8396,23.880582130335824,1307.5971060167415
8397,23.882228396305436,1294.8952705935023
8398,23.883874662275048,1259.1768056516396
8399,23.885520928244659,1181.5093984451291
8400,23.887167194214271,1169.6776706979613
8401,23.888813460183883,1183.1605464529398
8402,23.890459726153495,1200.5552748070563
8403,23.892105992123106,1193.6569333559924
8404,23.893752258092718,1167.499182208106
8405,23.89539852406233,1148.3005194190221
8406,23.897044790031941,1141.6181300194501
8407,23.898691056001553,1164.7039641632284
8408,23.900337321971165,1185.7348608788629
8409,23.901983587940776,1135.2027752685599
8410,23.903629853910388,1138.5276236617208
8411,23.90527611988,1126.2000171638808
8412,23.906864279004367,1060.2299419660328
8413,23.908510544973979,1046.3253813963338
8414,23.91015681094359,994.4848982675469
8415,23.911803076913202,1023.7082152594924
8416,23.913449342882814,1005.5108680625962
8417,23.915095608852425,984.74050868432494
8418,23.916741874822037,975.81935905555076
8419,23.918388140791649,1028.2040564965632
8420,23.92003440676126,1063.4435816005428
8421,23.921680672730872,1005.8650765496377
8422,23.923326938700484,935.06618172490732
8423,23.924973204670096,916.63689865857395
8424,23.926619470639707,910.64986959592409
8425,23.928265736609319,984.49226520878779
8426,23.929912002578931,997.13097036593126
8427,23.931558268548542,929.59720003925247
8428,23.933204534518154,915.74913183541867
8429,23.934850800487766,899.76291768367435
8430,23.936497066457378,924.89993157946071
8431,23.938143332426989,992.48485550671626
8432,23.939789598396601,1007.3748683225253
8433,23.941435864366213,852.02710389301183
8434,23.943082130335824,887.27799980885766
8435,23.944728396305436,825.77173857976834
8436,23.946374662275048,891.38697582026816
8437,23.948020928244659,951.9502525873063
8438,23.949667194214271,924.84854037394086
8439,23.951313460183883,905.56186016725599
8440,23.952959726153495,819.89344876902612
8441,23.954605992123106,804.68042235501025
8442,23.956252258092718,970.47743761444667
8443,23.95789852406233,765.44961829686542
8444,23.959544790031941,764.71729043141454
8445,23.961191056001553,534.9675943642111
8446,23.962837321971165,505.84542482582174
8447,23.964483587940776,412.96126563503458
8448,23.966129853910388,432.40242393282227
8449,23.96777611988,493.69714058289145
8450,23.969364279004367,506.64305012796865
8451,23.971010544973979,482.43322888996687
8452,23.97265681094359,404.09545277223265
8453,23.974303076913202,393.93736254894435
8454,23.975949342882814,414.41747367290628
8455,23.977595608852425,446.58135673980354
8456,23.979241874822037,467.70060388871389
8457,23.980888140791649,436.05514438057577
8458,23.98253440676126,385.83740458617757
8459,23.984180672730872,378.70391577213957
8460,23.985826938700484,419.79259994265806
8461,23.987473204670096,441.47307153013213
8462,23.989119470639707,455.01897135785958
8463,23.990765736609319,351.43801493283138
8464,23.992412002578931,233.93957816870068
8465,23.994058268548542,235.68696753872135
8466,23.995704534518154,86.995732324452405
8467,23.997350800487766,84.645813323137588
8468,23.998997066457378,88.318363857085501
8469,24.000643332426989,42.367399570518863
8470,24.002289598396601,43.69798820713752
8471,24.003935864366213,41.965064870105742
8472,24.005582130335824,39.689654155547771
8473,24.007228396305436,38.573401885892494
8474,24.008874662275048,40.479954558885879
8475,24.010520928244659,0
8476,24.012167194214271,0
8477,24.013813460183883,0
8478,24.015459726153495,0
8479,24.017105992123106,0
8480,24.018752258092718,0
8481,24.02039852406233,0
8482,24.022044790031941,0
8483,24.023691056001553,0
8484,24.025337321971165,0
8485,24.026983587940776,0
8486,24.028629853910388,0
8487,24.03027611988,0
8488,24.031864279004367,0
8489,24.033510544973979,0
8490,24.03515681094359,0
8491,24.036803076913202,0
8492,24.038449342882814,0
8493,24.040095608852425,0
8494,24.041741874822037,0
8495,24.043388140791649,0
8496,24.04503440676126,0
8497,24.046680672730872,0
8498,24.048326938700484,0
8499,24.049973204670096,0
8500,24.051619470639707,0
8501,24.053265736609319,0
8502,24.054912002578931,0
8503,24.056558268548542,0
8504,24.058204534518154,0
8505,24.059850800487766,0
8506,24.061497066457378,0
8507,24.063143332426989,0
8508,24.064789598396601,0
8509,24.066435864366213,0
8510,24.068082130335824,0
8511,24.069728396305436,0
8512,24.071374662275048,0
8513,24.073020928244659,0
8514,24.074667194214271,0
8515,24.076313460183883,0
8516,24.077959726153495,0
8517,24.079605992123106,0
8518,24.081252258092718,0
8519,24.08289852406233,0
8520,24.084544790031941,0
8521,24.086191056001553,0
8522,24.087837321971165,0
8523,24.089483587940776,0
8524,24.091129853910388,0
8525,24.09277611988,0
8526,24.094364279004367,0
8527,24.096010544973979,0
8528,24.09765681094359,0
8529,24.099303076913202,0
8530,24.100949342882814,0
8531,24.102595608852425,0
8532,24.104241874822037,0
8533,24.105888140791649,0
8534,24.10753440676126,0
8535,24.109180672730872,0
8536,24.110826938700484,0
8537,24.112473204670096,0
8538,24.114119470639707,0
8539,24.115765736609319,0
8540,24.117412002578931,0
8541,24.119058268548542,0
8542,24.120704534518154,0
8543,24.122350800487766,0
8544,24.123997066457378,0
8545,24.125643332426989,0
8546,24.127289598396601,0
8547,24.128935864366213,0
8548,24.130582130335824,0
8549,24.132228396305436,0
8550,24.133874662275048,0
8551,24.135520928244659,0
8552,24.137167194214271,0
8553,24.138813460183883,0
8554,24.140459726153495,0
8555,24.142105992123106,0
8556,24.143752258092718,0
8557,24.14539852406233,0
8558,24.147044790031941,0
8559,24.148691056001553,0
8560,24.150337321971165,0
8561,24.151983587940776,0
8562,24.153629853910388,0
8563,24.15527611988,0
8564,24.156864279004367,0
8565,24.158510544973979,0
8566,24.16015681094359,0
8567,24.161803076913202,0
8568,24.163449342882814,0
8569,24.165095608852425,0
8570,24.166741874822037,0
8571,24.168388140791649,0
8572,24.17003440676126,0
8573,24.171680672730872,0
8574,24.173326938700484,0
8575,24.174973204670096,0
8576,24.176619470639707,0
8577,24.178265736609319,0
8578,24.179912002578931,0
8579,24.181558268548542,0
8580,24.183204534518154,0
8581,24.184850800487766,0
8582,24.186497066457378,0
8583,24.188143332426989,0
8584,24.189789598396601,0
8585,24.191435864366213,0
8586,24.193082130335824,0
8587,24.194728396305436,0
8588,24.196374662275048,0
8589,24.198020928244659,0
8590,24.199667194214271,0
8591,24.201313460183883,0
8592,24.202959726153495,0
8593,24.204605992123106,0
8594,24.206252258092718,0
8595,24.20789852406233,0
8596,24.209544790031941,0
8597,24.211191056001553,0
8598,24.212837321971165,0
8599,24.214483587940776,0
8600,24.216129853910388,0
8601,24.21777611988,0
8602,24.219364279004367,0
8603,24.221010544973979,0
8604,24.22265681094359,0
8605,24.224303076913202,0
8606,24.225949342882814,0
8607,24.227595608852425,0
8608,24.229241874822037,0
8609,24.230888140791649,0
8610,24.23253440676126,0
8611,24.234180672730872,0
8612,24.235826938700484,0
8613,24.237473204670096,0
8614,24.239119470639707,0
8615,24.240765736609319,0
8616,24.242412002578931,0
8617,24.244058268548542,0
8618,24.245704534518154,0
8619,24.247350800487766,0
8620,24.248997066457378,0
8621,24.250643332426989,0
8622,24.252289598396601,0
8623,24.253935864366213,0
8624,24.255582130335824,0
8625,24.257228396305436,0
8626,24.258874662275048,0
8627,24.260520928244659,0
8628,24.262167194214271,0
8629,24.263813460183883,0
8630,24.265459726153495,0
8631,24.267105992123106,0
8632,24.268752258092718,0
8633,24.27039852406233,0
8634,24.272044790031941,0
8635,24.273691056001553,0
8636,24.275337321971165,0
8637,24.276983587940776,0
8638,24.278629853910388,0
8639,24.28027611988,0
8640,24.281864279004367,0
8641,24.283510544973979,0
8642,24.28515681094359,0
8643,24.286803076913202,0
8644,24.288449342882814,0
8645,24.290095608852425,0
8646,24.291741874822037,0
8647,24.293388140791649,0
8648,24.29503440676126,0
8649,24.296680672730872,0
8650,24.298326938700484,0
8651,24.299973204670096,0
8652,24.301619470639707,0
8653,24.303265736609319,0
8654,24.304912002578931,0
8655,24.306558268548542,0
8656,24.308204534518154,0
8657,24.309850800487766,0
8658,24.311497066457378,0
8659,24.313143332426989,0
8660,24.314789598396601,0
8661,24.316435864366213,0
8662,24.318082130335824,0
8663,24.319728396305436,0
8664,24.321374662275048,0
8665,24.323020928244659,0
8666,24.324667194214271,0
8667,24.326313460183883,0
8668,24.327959726153495,0
8669,24.329605992123106,0
8670,24.331252258092718,0
8671,24.33289852406233,0
8672,24.334544790031941,0
8673,24.336191056001553,0
8674,24.337837321971165,0
8675,24.339483587940776,0
8676,24.341129853910388,0
8677,24.34277611988,0
8678,24.344364279004367,0
8679,24.346010544973979,0
8680,24.34765681094359,0
8681,24.349303076913202,0
8682,24.350949342882814,0
8683,24.352595608852425,0
8684,24.354241874822037,0
8685,24.355888140791649,0
8686,24.35753440676126,0
8687,24.359180672730872,0
8688,24.360826938700484,0
8689,24.362473204670096,0
8690,24.364119470639707,0
8691,24.365765736609319,0
8692,24.367412002578931,0
8693,24.369058268548542,0
8694,24.370704534518154,0
8695,24.372350800487766,0
8696,24.373997066457378,0
8697,24.375643332426989,0
8698,24.377289598396601,0
8699,24.378935864366213,0
8700,24.380582130335824,0
8701,24.382228396305436,0
8702,24.383874662275048,0
8703,24.385520928244659,0
8704,24.387167194214271,0
8705,24.388813460183883,0
8706,24.390459726153495,0
8707,24.392105992123106,0
8708,24.393752258092718,0
8709,24.39539852406233,0
8710,24.397044790031941,0
8711,24.398691056001553,0
8712,24.400337321971165,0
8713,24.401983587940776,0
8714,24.403629853910388,0
8715,24.40527611988,0
8716,24.406864279004367,0
8717,24.408510544973979,0
8718,24.41015681094359,0
8719,24.411803076913202,0
8720,24.413449342882814,0
8721,24.415095608852425,0
8722,24.416741874822037,0
8723,24.418388140791649,0
8724,24.42003440676126,0
8725,24.421680672730872,0
8726,24.423326938700484,0
8727,24.424973204670096,0
8728,24.426619470639707,0
8729,24.428265736609319,0
8730,24.429912002578931,0
8731,24.431558268548542,0
8732,24.433204534518154,0
8733,24.434850800487766,0
8734,24.436497066457378,0
8735,24.438143332426989,0
8736,24.439789598396601,0
8737,24.441435864366213,0
8738,24.443082130335824,0
8739,24.444728396305436,0
8740,24.446374662275048,0
8741,24.448020928244659,0
8742,24.449667194214271,0
8743,24.451313460183883,0
8744,24.452959726153495,0
8745,24.454605992123106,0
8746,24.456252258092718,0
8747,24.45789852406233,0
8748,24.459544790031941,0
8749,24.461191056001553,0
8750,24.462837321971165,0
8751,24.464483587940776,0
8752,24.466129853910388,0
8753,24.46777611988,0
8754,24.469364279004367,0
8755,24.471010544973979,0
8756,24.47265681094359,0
8757,24.474303076913202,0
8758,24.475949342882814,0
8759,24.477595608852425,0
8760,24.479241874822037,0
8761,24.480888140791649,0
8762,24.48253440676126,0
8763,24.484180672730872,0
8764,24.485826938700484,0
8765,24.487473204670096,0
8766,24.489119470639707,0
8767,24.490765736609319,0
8768,24.492412002578931,0
8769,24.494058268548542,0
8770,24.495704534518154,0
8771,24.497350800487766,0
8772,24.498997066457378,0
8773,24.500643332426989,0
8774,24.502289598396601,0
8775,24.503935864366213,0
8776,24.505582130335824,0
8777,24.507228396305436,0
8778,24.508874662275048,0
8779,24.510520928244659,0
8780,24.512167194214271,0
8781,24.513813460183883,0
8782,24.515459726153495,0
8783,24.517105992123106,0
8784,24.518752258092718,0
8785,24.52039852406233,0
8786,24.522044790031941,0
8787,24.523691056001553,0
8788,24.525337321971165,0
8789,24.526983587940776,0
8790,24.528629853910388,0
8791,24.53027611988,0
8792,24.531864279004367,0
8793,24.533510544973979,0
8794,24.53515681094359,0
8795,24.536803076913202,0
8796,24.538449342882814,0
8797,24.540095608852425,0
8798,24.541741874822037,0
8799,24.543388140791649,0
8800,24.54503440676126,0
8801,24.546680672730872,0
8802,24.548326938700484,0
8803,24.549973204670096,0
8804,24.551619470639707,0
8805,24.553265736609319,0
8806,24.554912002578931,0
8807,24.556558268548542,0
8808,24.558204534518154,0
8809,24.559850800487766,0
8810,24.561497066457378,0
8811,24.563143332426989,0
8812,24.564789598396601,0
8813,24.566435864366213,0
8814,24.568082130335824,0
8815,24.569728396305436,0
8816,24.571374662275048,0
8817,24.573020928244659,0
8818,24.574667194214271,0
8819,24.576313460183883,0
8820,24.577959726153495,0
8821,24.579605992123106,0
8822,24.581252258092718,0
8823,24.58289852406233,0
8824,24.584544790031941,0
8825,24.586191056001553,0
8826,24.587837321971165,0
8827,24.589483587940776,0
8828,24.591129853910388,0
8829,24.59277611988,0
8830,24.594364279004367,0
8831,24.596010544973979,0
8832,24.59765681094359,0
8833,24.599303076913202,0
8834,24.600949342882814,0
8835,24.602595608852425,0
8836,24.604241874822037,0
8837,24.605888140791649,0
8838,24.60753440676126,0
8839,24.609180672730872,0
8840,24.610826938700484,0
8841,24.612473204670096,0
8842,24.614119470639707,0
8843,24.615765736609319,0
8844,24.617412002578931,0
8845,24.619058268548542,0
8846,24.620704534518154,0
8847,24.622350800487766,0
8848,24.623997066457378,0
8849,24.625643332426989,0
8850,24.627289598396601,0
8851,24.628935864366213,0
8852,24.630582130335824,0
8853,24.632228396305436,0
8854,24.633874662275048,0
8855,24.635520928244659,0
8856,24.637167194214271,0
8857,24.638813460183883,0
8858,24.640459726153495,0
8859,24.642105992123106,0
8860,24.643752258092718,0
8861,24.64539852406233,0
8862,24.647044790031941,0
8863,24.648691056001553,0
8864,24.650337321971165,0
8865,24.651983587940776,0
8866,24.653629853910388,0
8867,24.65527611988,0
8868,24.656864279004367,0
8869,24.658510544973979,0
8870,24.66015681094359,0
8871,24.661803076913202,0
8872,24.663449342882814,0
8873,24.665095608852425,0
8874,24.666741874822037,0
8875,24.668388140791649,0
8876,24.67003440676126,0
8877,24.671680672730872,0
8878,24.673326938700484,0
8879,24.674973204670096,0
8880,24.676619470639707,0
8881,24.678265736609319,0
8882,24.679912002578931,0
8883,24.681558268548542,0
8884,24.683204534518154,0
8885,24.684850800487766,0
8886,24.686497066457378,0
8887,24.688143332426989,0
8888,24.689789598396601,0
8889,24.691435864366213,0
8890,24.693082130335824,0
8891,24.694728396305436,0
8892,24.696374662275048,0
8893,24.698020928244659,0
8894,24.699667194214271,0
8895,24.701313460183883,0
8896,24.702959726153495,0
8897,24.704605992123106,0
8898,24.706252258092718,0
8899,24.70789852406233,0
8900,24.709544790031941,0
8901,24.711191056001553,0
8902,24.712837321971165,0
8903,24.714483587940776,0
8904,24.716129853910388,0
8905,24.71777611988,0
8906,24.719364279004367,0
8907,24.721010544973979,0
8908,24.72265681094359,0
8909,24.724303076913202,0
8910,24.725949342882814,0
8911,24.727595608852425,0
8912,24.729241874822037,0
8913,24.730888140791649,0
8914,24.73253440676126,0
8915,24.734180672730872,0
8916,24.735826938700484,0
8917,24.737473204670096,0
8918,24.739119470639707,0
8919,24.740765736609319,0
8920,24.742412002578931,0
8921,24.744058268548542,0
8922,24.745704534518154,0
8923,24.747350800487766,0
8924,24.748997066457378,0
8925,24.750643332426989,0
8926,24.752289598396601,0
8927,24.753935864366213,0
8928,24.755582130335824,0
8929,24.757228396305436,0
8930,24.758874662275048,0
8931,24.760520928244659,0
8932,24.762167194214271,0
8933,24.763813460183883,0
8934,24.765459726153495,0
8935,24.767105992123106,0
8936,24.768752258092718,0
8937,24.77039852406233,0
8938,24.772044790031941,0
8939,24.773691056001553,0
8940,24.775337321971165,0
8941,24.776983587940776,0
8942,24.778629853910388,0
8943,24.78027611988,0
8944,24.781864279004367,0
8945,24.783510544973979,0
8946,24.78515681094359,0
8947,24.786803076913202,0
8948,24.788449342882814,0
8949,24.790095608852425,0
8950,24.791741874822037,0
8951,24.793388140791649,0
8952,24.79503440676126,0
8953,24.796680672730872,0
8954,24.798326938700484,0
8955,24.799973204670096,0
8956,24.801619470639707,0
8957,24.803265736609319,0
8958,24.804912002578931,0
8959,24.806558268548542,0
8960,24.808204534518154,0
8961,24.809850800487766,0
8962,24.811497066457378,0
8963,24.813143332426989,0
8964,24.814789598396601,0
8965,24.816435864366213,0
8966,24.818082130335824,0
8967,24.819728396305436,0
8968,24.821374662275048,0
8969,24.823020928244659,0
8970,24.824667194214271,0
8971,24.826313460183883,0
8972,24.827959726153495,0
8973,24.829605992123106,0
8974,24.831252258092718,0
8975,24.83289852406233,0
8976,24.834544790031941,0
8977,24.836191056001553,0
8978,24.837837321971165,0
8979,24.839483587940776,0
8980,24.841129853910388,0
8981,24.84277611988,0
8982,24.844364279004367,0
8983,24.846010544973979,0
8984,24.84765681094359,0
8985,24.849303076913202,0
8986,24.850949342882814,0
8987,24.852595608852425,0
8988,24.854241874822037,0
8989,24.855888140791649,0
8990,24.85753440676126,0
8991,24.859180672730872,0
8992,24.860826938700484,0
8993,24.862473204670096,0
8994,24.864119470639707,0
8995,24.865765736609319,0
8996,24.867412002578931,0
8997,24.869058268548542,0
8998,24.870704534518154,0
8999,24.872350800487766,0
9000,24.873997066457378,0
9001,24.875643332426989,0
9002,24.877289598396601,0
9003,24.878935864366213,0
9004,24.880582130335824,0
9005,24.882228396305436,0
9006,24.883874662275048,0
9007,24.885520928244659,0
9008,24.887167194214271,0
9009,24.888813460183883,0
9010,24.890459726153495,0
9011,24.892105992123106,0
9012,24.893752258092718,0
9013,24.89539852406233,0
9014,24.897044790031941,0
9015,24.898691056001553,0
9016,24.900337321971165,0
9017,24.901983587940776,0
9018,24.903629853910388,0
9019,24.90527611988,0
9020,24.906864279004367,0
9021,24.908510544973979,0
9022,24.91015681094359,0
9023,24.911803076913202,0
9024,24.913449342882814,0
9025,24.915095608852425,0
9026,24.916741874822037,0
9027,24.918388140791649,0
9028,24.92003440676126,0
9029,24.921680672730872,0
9030,24.923326938700484,0
9031,24.924973204670096,0
9032,24.926619470639707,0
9033,24.928265736609319,0
9034,24.929912002578931,0
9035,24.931558268548542,0
9036,24.933204534518154,0
9037,24.934850800487766,0
9038,24.936497066457378,0
9039,24.938143332426989,0
9040,24.939789598396601,0
9041,24.941435864366213,0
9042,24.943082130335824,0
9043,24.944728396305436,0
9044,24.946374662275048,0
9045,24.948020928244659,0
9046,24.949667194214271,0
9047,24.951313460183883,0
9048,24.952959726153495,0
9049,24.954605992123106,0
9050,24.956252258092718,0
9051,24.95789852406233,0
9052,24.959544790031941,0
9053,24.961191056001553,0
9054,24.962837321971165,0
9055,24.964483587940776,0
9056,24.966129853910388,0
9057,24.96777611988,0
9058,24.969364279004367,0
9059,24.971010544973979,0
9060,24.97265681094359,0
9061,24.974303076913202,0
9062,24.975949342882814,0
9063,24.977595608852425,0
9064,24.979241874822037,0
9065,24.980888140791649,0
9066,24.98253440676126,0
9067,24.984180672730872,0
9068,24.985826938700484,0
9069,24.987473204670096,0
9070,24.989119470639707,0
9071,24.990765736609319,0
9072,24.992412002578931,0
9073,24.994058268548542,0
9074,24.995704534518154,0
9075,24.997350800487766,0
9076,24.998997066457378,0
9077,25.000643332426989,0
9078,25.002289598396601,0
9079,25.003935864366213,0
9080,25.005582130335824,0
9081,25.007228396305436,0
9082,25.008874662275048,0
9083,25.010520928244659,0
9084,25.012167194214271,0
9085,25.013813460183883,0
9086,25.015459726153495,0
9087,25.017105992123106,0
9088,25.018752258092718,0
9089,25.02039852406233,0
9090,25.022044790031941,0
9091,25.023691056001553,0
9092,25.025337321971165,0
9093,25.026983587940776,0
9094,25.028629853910388,0
9095,25.03027611988,0
9096,25.031864279004367,0
9097,25.033510544973979,0
9098,25.03515681094359,0
9099,25.036803076913202,0
9100,25.038449342882814,0
9101,25.040095608852425,0
9102,25.041741874822037,0
9103,25.043388140791649,0
9104,25.04503440676126,0
9105,25.046680672730872,0
9106,25.048326938700484,0
9107,25.049973204670096,0
9108,25.051619470639707,0
9109,25.053265736609319,0
9110,25.054912002578931,0
9111,25.056558268548542,0
9112,25.058204534518154,0
9113,25.059850800487766,0
9114,25.061497066457378,0
9115,25.063143332426989,0
9116,25.064789598396601,0
9117,25.066435864366213,0
9118,25.068082130335824,0
9119,25.069728396305436,0
9120,25.071374662275048,0
9121,25.073020928244659,0
9122,25.074667194214271,0
9123,25.076313460183883,0
9124,25.077959726153495,0
9125,25.079605992123106,0
9126,25.081252258092718,0
9127,25.08289852406233,0
9128,25.084544790031941,0
9129,25.086191056001553,0
9130,25.087837321971165,0
9131,25.089483587940776,0
9132,25.091129853910388,0
9133,25.09277611988,0
9134,25.094364279004367,0
9135,25.096010544973979,0
9136,25.09765681094359,0
9137,25.099303076913202,0
9138,25.100949342882814,0
9139,25.102595608852425,0
9140,25.104241874822037,0
9141,25.105888140791649,0
9142,25.10753440676126,0
9143,25.109180672730872,0
9144,25.110826938700484,0
9145,25.112473204670096,0
9146,25.114119470639707,0
9147,25.115765736609319,0
9148,25.117412002578931,0
9149,25.119058268548542,0
9150,25.120704534518154,0
9151,25.122350800487766,0
9152,25.123997066457378,0
9153,25.125643332426989,0
9154,25.127289598396601,0
9155,25.128935864366213,0
9156,25.130582130335824,0
9157,25.132228396305436,0
9158,25.133874662275048,0
9159,25.135520928244659,0
9160,25.137167194214271,0
9161,25.138813460183883,0
9162,25.140459726153495,0
9163,25.142105992123106,0
9164,25.143752258092718,0
9165,25.14539852406233,0
9166,25.147044790031941,0
9167,25.148691056001553,0
9168,25.150337321971165,0
9169,25.151983587940776,0
9170,25.153629853910388,0
9171,25.15527611988,0
9172,25.156864279004367,0
