beginning_time_s,dt_s,x,y,z_face,beginning_momentum,stress_rate,buoyancy_rate,advection_rate,source_rate,pressure_gradient_rate,total_rate,closure_residual,nonpressure_split_residual,accepted_scalar_face_alpha
2.1079791976176079,0.0014283567883043276,38,42,0,0.0091868138524079726,0,7.0808615464640479,-0,0,-7.0808615464640461,1.7763568394002505e-15,-1.7763568394002505e-15,0,1
2.1079791976176079,0.0014283567883043276,38,42,1,0.088484456257505784,0.15978103356235085,8.397049308218449,-2.8617775458700874,0,-4.8837559671144,0.81129682879631204,3.9968028886505635e-15,0,1
2.1079791976176079,0.0014283567883043276,38,42,2,0.22575141890733733,0.068516669637974648,7.1215502812968108,-0.36905061884800094,0,-6.4665391041896916,0.35447722789709246,-5.3290705182007514e-15,0,1
2.1079791976176079,0.0014283567883043276,38,42,3,0.49744904948712609,-0.4166694313531889,6.252260857351482,-10.619983844486997,0,-1.7539942290041848,-6.5383866474928887,1.7763568394002505e-14,-8.8817841970012523e-16,1
2.1079791976176079,0.0014283567883043276,38,42,4,0.76012465840414323,-0.40518677628525213,5.4975132216031319,1.627808888374656,0,-1.8385966682731743,4.8815386654193613,1.6875389974302379e-14,0,1
2.1079791976176079,0.0014283567883043276,38,42,5,0.43399035021057603,-0.10078285183794877,4.1031771873844383,-3.2394686315223487,0,3.9400078743916218,4.7029335784157622,1.2434497875801753e-14,0,1
2.1079791976176079,0.0014283567883043276,38,42,6,0.43173742338944404,0.59473693155887819,3.4864870222102486,-3.0261262110765954,0,7.9994742967707939,9.0545720394633253,1.5987211554602254e-14,0,1
2.1079791976176079,0.0014283567883043276,38,42,7,0.28384186859913635,-0.031641267097132442,4.6721115766771506,3.2391668420031632,0,-3.924817688308845,3.9548194632743363,1.5543122344752192e-14,0,1
2.1079791976176079,0.0014283567883043276,38,42,8,0.57890010636128897,-0.0082815545717647154,5.1781109069117592,2.6212739574854869,0,-7.9559404790247674,-0.16483716919928604,-3.0475622025960547e-14,0,1
2.1079791976176079,0.0014283567883043276,38,42,9,0.53898057581591008,0.27729007924253812,4.150671780738918,1.3655385547034995,0,-1.414603872281043,4.378896542403913,2.3980817331903381e-14,0,1
2.1079791976176079,0.0014283567883043276,38,42,10,0.84442714767811689,-0.037464735058468035,2.8237019208221135,-2.6915144995509914,0,-0.65504821134870306,-0.56032552513604927,1.0547118733938987e-14,4.4408920985006262e-16,1
2.1079791976176079,0.0014283567883043276,38,42,11,0.94050085980174558,-0.21404641962555815,1.6509229252624065,13.27143659757596,0,2.0043472616095754,16.712660364822383,0,0,1
2.1079791976176079,0.0014283567883043276,38,42,12,0.2242685212626388,1.0837485320551659,1.277085399304507,5.7839630182396125,0,7.797965857532736,15.942762807132022,-3.5527136788005009e-15,0,1
2.1079791976176079,0.0014283567883043276,38,42,13,0.2300021519067052,0.96904733843015989,1.4603528633914724,-5.349026218434382,0,-1.2233390000562738,-4.1429650166690237,-5.3290705182007514e-15,0,1
2.1079791976176079,0.0014283567883043276,38,42,14,0.83142450228250564,0.51174166862168791,1.7306660281560364,-16.545621858961685,0,6.1904866089927557,-8.1127275531912026,8.8817841970012523e-15,0,1
2.1079791976176079,0.0014283567883043276,38,42,15,1.1267169644088915,-0.29661392783241636,2.1918845714174982,-24.402748051833399,0,17.487942007440591,-5.019535400807726,1.1546319456101628e-14,0,1
2.1079791976176079,0.0014283567883043276,38,42,16,1.3102560526002891,-0.31037354131040806,2.9658935209568158,-13.055403035261937,0,4.5484778928054945,-5.8514051628100345,-5.2402526762307389e-14,0,1
2.1079791976176079,0.0014283567883043276,38,42,17,1.2657659317116745,-0.59188883243826007,4.2241188534030361,14.819537847258783,0,-6.666648150043974,11.785119718179585,-8.8817841970012523e-15,0,1
2.1079791976176079,0.0014283567883043276,38,42,18,1.1241051056639919,-0.41912207886120134,4.8316827773781288,29.930611073112257,0,-6.6347596333867518,27.708412138242437,7.1054273576010019e-15,0,1
2.1079791976176079,0.0014283567883043276,38,42,19,0.50517157832246695,0.89473444328359353,4.8562827558567108,4.728461963580135,0,0.37418275563659759,10.853661918357037,0,0,1
2.1079791976176079,0.0014283567883043276,38,42,20,0.77916957953789723,0.094944877298917874,4.0297314821736228,-12.150944279554935,0,-5.0422466476451664,-13.06851456772756,-1.9539925233402755e-14,0,1
2.1079791976176079,0.0014283567883043276,38,42,21,0.37757727899534527,2.2858479399730003,3.2126257757466981,-3.8972807775577194,0,16.255203468769992,17.856396406931971,-1.7763568394002505e-14,0,1
2.1079791976176079,0.0014283567883043276,38,42,22,0.49020957614263905,1.1484508140362917,4.3470498188162097,-16.862052021738759,0,-8.9430334784923406,-20.309584867378597,-1.0658141036401503e-14,0,1
2.1079791976176079,0.0014283567883043276,38,42,23,1.0089139539281313,-0.38144612349985296,5.9106672468971411,-9.2651602085271172,0,-7.2415452789988413,-10.977484364128671,-2.4868995751603507e-14,0,1
2.1079791976176079,0.0014283567883043276,38,42,24,0.88684155987471114,0.052661675742122327,6.8361402263079789,-10.417672918614921,0,-11.702096876554172,-15.230967893118992,-1.7763568394002505e-14,0,1
2.1079791976176079,0.0014283567883043276,38,42,25,0.89096858760645981,0.2252466067561909,6.8618934670481879,-16.567636892088817,0,2.1956003696592066,-7.284896448625231,2.6645352591003757e-14,0,1
2.1079791976176079,0.0014283567883043276,38,42,26,0.54595797520463674,0.99706844506932635,6.1233788631473161,-18.555488964560993,0,10.941172209909544,-0.49386944643480746,8.992806499463768e-15,8.8817841970012523e-16,1
2.1079791976176079,0.0014283567883043276,38,42,27,0.42241699110834952,2.4872797832705191,5.8082691101938995,-37.609254020054372,0,-14.046183422009317,-43.359888548599272,2.1316282072803006e-14,0,1
2.1079791976176079,0.0014283567883043276,38,42,28,1.3002421801912833,0.66308072786274685,6.3343761331944775,-71.441933782474706,0,-8.572428914791514,-73.016905836208991,-5.6843418860808015e-14,0,1
2.1079791976176079,0.0014283567883043276,38,42,29,1.7077934460249238,-2.6205808071044299,6.8955107015134578,-10.698502817602922,0,-0.10977737234242556,-6.5333502955363194,5.9507954119908391e-14,0,1
2.1079791976176079,0.0014283567883043276,38,42,30,1.5203194855960607,-1.3530347119572417,7.0104436774828702,10.668169872571033,0,-7.2130675084062359,9.1125113296904239,-7.1054273576010019e-15,-8.8817841970012523e-16,1
2.1079791976176079,0.0014283567883043276,38,42,31,1.4639288324376685,-1.8449916736372693,6.8164883059840875,-1.0096398329447425,0,-5.0138411228323676,-1.0519843234302915,4.0190073491430667e-14,-8.8817841970012523e-16,1
2.1079791976176079,0.0014283567883043276,38,42,32,1.3183523874162086,-0.053288424309351434,6.2034697251500539,-1.3213719683912579,0,0.32593156663232986,5.1547408990817747,7.1054273576010019e-15,-8.8817841970012523e-16,1
2.1079791976176079,0.0014283567883043276,38,42,33,1.0279848720120066,2.851738074729552,5.5311104749054394,-13.141004253635344,0,-0.74207457838858493,-5.5002302823889382,-4.5297099404706387e-14,0,1
2.1079791976176079,0.0014283567883043276,38,42,34,1.229083664819169,1.3217375471004238,5.2218036177120863,-34.510511432234466,0,-1.6981280015387277,-29.665098268960683,3.5527136788005009e-15,0,1
2.1079791976176079,0.0014283567883043276,38,42,35,1.7204194380550666,-0.86755336126841387,5.0139897019994031,-46.812200335516607,0,0.93541076860989292,-41.73035322617573,-2.1316282072803006e-14,0,1
2.1079791976176079,0.0014283567883043276,38,42,36,2.0470231211388596,-1.262390099530718,4.932348322003369,-28.680014219377956,0,8.6567889955778643,-16.353267001327438,1.4921397450962104e-13,0,1
2.1079791976176079,0.0014283567883043276,38,42,37,2.0693965130584702,-1.2528639177382095,5.1689059318004675,16.432661755130454,0,7.9134532442032377,28.262157013395949,5.6843418860808015e-14,0,1
2.1079791976176079,0.0014283567883043276,38,42,38,1.8432236028671261,-1.0078069913091197,5.4192265567642526,27.658922584540498,0,-0.80421896494800293,31.266123185047629,2.8421709430404007e-14,0,1
2.1079791976176079,0.0014283567883043276,38,42,39,1.7642457187191438,-0.71435213395170383,5.3816762487378575,-4.742446032204815,0,3.3890120813168449,3.3138901638981837,3.7747582837255322e-14,-8.8817841970012523e-16,1
2.1079791976176079,0.0014283567883043276,38,42,40,1.9022152233434328,-0.9442957833965484,5.2482573183665266,-3.1793687169972653,0,3.4847091270320663,4.6093019450047796,-6.3060667798708891e-14,0,1
2.1079791976176079,0.0014283567883043276,38,42,41,1.9707121176379547,-0.12242513540785049,5.0279761677954316,-10.416560122511008,0,8.6745785910309223,3.1635695009074958,6.9722005946459831e-14,0,1
2.1079791976176079,0.0014283567883043276,38,42,42,2.6041300852793241,-1.9971432160859766,4.699745164885119,-55.544992800967982,0,-8.6911870401854543,-61.533577892354295,-7.1054273576010019e-15,0,1
2.1079791976176079,0.0014283567883043276,38,42,43,3.0347222073609532,-4.6612852691183324,4.0978323023085164,58.937268693687002,0,-35.575960948358073,22.79785477851911,1.2079226507921703e-13,0,1
2.1079791976176079,0.0014283567883043276,38,42,44,2.1066567500531339,1.056292176030986,2.6551673372224274,103.81351053488649,0,9.130670316658053,116.65564036479796,-1.2789769243681803e-13,-4.4408920985006262e-16,1
2.1079791976176079,0.0014283567883043276,38,42,45,1.1906392997531194,2.1262257874661907,1.468642665763761,1.2705715007476535,0,21.547902023415485,26.413341977393088,-4.2632564145606011e-14,4.4408920985006262e-16,1
2.1079791976176079,0.0014283567883043276,38,42,46,1.7121877539888788,0.36876262665613924,1.5130162242000402,-5.0496237448618366,0,-0.16206086908723485,-3.3299057630928921,3.5083047578154947e-14,0,1
2.1079791976176079,0.0014283567883043276,38,42,47,1.2197303071884944,0.77693045371456582,1.8610824605795193,27.808591203716293,0,-2.0543591241576977,28.392244993852678,-3.1974423109204508e-14,0,1
2.1079791976176079,0.0014283567883043276,38,42,48,0.83972057553804691,1.6506152633678719,1.8386952626195818,18.190258336211013,0,1.7438046503211149,23.423373512519579,2.1316282072803006e-14,0,1
2.1079791976176079,0.0014283567883043276,38,42,49,0.96340717067468529,1.5847772515231724,1.3063725198757012,-9.2852772574137727,0,-8.7526424946018224,-15.146769980616721,-8.8817841970012523e-15,0,1
2.1079791976176079,0.0014283567883043276,38,42,50,1.2673338492821389,1.5651436096443212,0.65381166872794283,-21.338990826102389,0,-13.247770196104833,-32.367805743834957,4.2632564145606011e-14,0,1
2.1079791976176079,0.0014283567883043276,38,42,51,1.4433726093548735,1.3665881656861192,0.33128127085214243,-13.333634171515769,0,15.682729302382247,4.046964567404741,2.042810365310288e-14,-2.2204460492503131e-16,1
2.1079791976176079,0.0014283567883043276,38,42,52,1.5366278960172397,0.75033003680991661,0.30968456573289788,-2.7318796990836294,0,7.8622274352712243,6.1903623387304094,-5.1514348342607263e-14,0,1
2.1079791976176079,0.0014283567883043276,38,42,53,1.722734079567013,0.82484235304836995,0.45222869434724222,0.26099450999268492,0,8.7269316279201021,10.264997185308399,1.2434497875801753e-14,0,1
2.1079791976176079,0.0014283567883043276,38,42,54,1.4993894335167559,1.6168485215331465,0.74627672171671933,11.091615692475527,0,8.122091037038885,21.576831972764278,2.4868995751603507e-14,0,1
2.1079791976176079,0.0014283567883043276,38,42,55,1.4507240848575589,1.9161959459784024,0.91922583100865241,-17.022761558573357,0,-8.1114413747493952,-22.2987811563357,3.907985046680551e-14,-4.4408920985006262e-16,1
2.1079791976176079,0.0014283567883043276,38,42,56,2.2495462033348876,0.61825799102233214,0.9333519968166053,-58.355717142987544,0,2.8906684024782154,-53.913438752670395,9.2370555648813024e-14,0,1
2.1079791976176079,0.0014283567883043276,38,42,57,2.6024874084553553,-0.47463883341814861,1.0564315113991274,-8.6457703806905091,0,-2.0378176895571851,-10.101795392266716,-1.3677947663381929e-13,0,1
2.1079791976176079,0.0014283567883043276,38,42,58,2.3104820016212146,0.53222018601806964,1.2131550455143225,32.685744675257737,0,1.718281868374232,36.149401775164364,1.2789769243681803e-13,2.2204460492503131e-16,1
2.1079791976176079,0.0014283567883043276,38,42,59,1.8446241570916424,0.74560838954885156,1.1585951345691097,18.385972417222732,0,4.6445058736349143,24.934681814975605,-7.1054273576010019e-15,-2.2204460492503131e-16,1
2.1079791976176079,0.0014283567883043276,38,42,60,1.6181996180984655,0.89980920134878528,0.96712520859416062,-13.26663615987462,0,-3.3557923751324323,-14.755494125064107,3.1974423109204508e-14,0,1
2.1079791976176079,0.0014283567883043276,38,42,61,2.2332957311758239,-0.14172501278610461,0.85709722186090054,-28.293959594199713,0,3.6395027920045613,-23.939084593120356,3.1974423109204508e-14,1.1102230246251565e-16,1
2.1079791976176079,0.0014283567883043276,38,42,62,2.2142575483799831,0.11939832248072624,0.83855165585793001,18.747847130466457,0,7.0450182579146334,26.750815366719749,2.1316282072803006e-14,0,1
2.1079791976176079,0.0014283567883043276,38,42,63,1.7294255806551222,0.8477379079181534,0.86229895188327965,10.389599482425419,0,0.31408648600150296,12.413722828228355,-5.5067062021407764e-14,0,1
2.1079791976176079,0.0014283567883043276,38,42,64,2.2227900743386391,0.63918415605044887,0.96859325808413532,-62.331173403583648,0,-3.3630623135356075,-64.086458302984681,1.2789769243681803e-13,0,1
2.1079791976176079,0.0014283567883043276,38,42,65,3.1102728115599949,0.075551252261710333,1.1590688645586469,-75.95737772199476,0,5.3429927449362422,-69.379764860238168,5.6843418860808015e-14,2.2204460492503131e-16,1
2.1079791976176079,0.0014283567883043276,38,42,66,3.5083602585481231,-1.2078653051510626,1.2830966046187515,-40.304284041775148,0,16.041412831243193,-24.187639911064267,-3.5527136788005009e-15,2.2204460492503131e-16,1
2.1079791976176079,0.0014283567883043276,38,42,67,3.6506745828383975,-0.83528964162674013,1.3322447316344803,23.911200586416697,0,-1.7142315935375634,22.693924082886877,3.5527136788005009e-14,-1.1102230246251565e-16,1
2.1079791976176079,0.0014283567883043276,38,42,68,3.2254126883198819,-0.3521155200501358,1.4727252625844582,33.832091079630658,0,14.833031332156386,49.785732154321366,-4.9737991503207013e-14,0,1
2.1079791976176079,0.0014283567883043276,38,42,69,3.0743826443311519,0.54919171742024531,1.671795132063786,8.4650292422194511,0,-1.2803557244036552,9.4056603672998271,6.3948846218409017e-14,0,1
2.1079791976176079,0.0014283567883043276,38,42,70,3.0822061613805403,0.13487911911866002,1.8041336199496145,10.273521290236987,0,-7.4501103934712214,4.7624236358340406,-1.5187850976872141e-13,0,1
2.1079791976176079,0.0014283567883043276,38,42,71,2.8853869667822978,0.99370380408209258,1.9060271827339421,-3.1361861087193352,0,7.177378653252779,6.9409235313494779,-8.6153306710912148e-14,0,1
2.1079791976176079,0.0014283567883043276,38,42,72,2.909615224463054,2.0033343656616251,2.0860808435738045,-65.244756813634382,0,1.7511683664911077,-59.404173237907848,-1.4210854715202004e-13,0,1
2.1079791976176079,0.0014283567883043276,38,42,73,3.844481135738897,-1.0889915210404295,2.3665985928495306,-132.03015292863677,0,11.655336252947409,-119.09720960388024,-1.4210854715202004e-13,0,1
2.1079791976176079,0.0014283567883043276,38,42,74,4.3362437206078921,-2.8745687667958011,2.7575275891117674,50.841193295531276,0,13.087894216970129,63.812046334817367,-1.4210854715202004e-14,0,1
2.1079791976176079,0.0014283567883043276,38,42,75,3.1555074944957355,0.61320253664666446,3.3289910792997088,159.00892323854879,0,-8.668651432309634,154.28246542218551,1.7053025658242404e-13,0,1
2.1079791976176079,0.0014283567883043276,38,42,76,2.6579668853464589,1.6715746985215105,3.9229717143053198,11.901301004122841,0,-3.8183169032723225,13.67753051367735,-5.8619775700208265e-14,0,1
2.1079791976176079,0.0014283567883043276,38,42,77,2.9164440710314636,0.40364551227081469,4.3855266817515925,-43.867586141327493,0,-9.3604095913920453,-48.438823538697136,-2.1316282072803006e-14,-8.8817841970012523e-16,1
2.1079791976176079,0.0014283567883043276,38,42,78,3.1771817602320787,-0.88761305662968604,4.6494594878582944,-48.024133518226407,0,-14.068029221163558,-58.330316308161358,7.815970093361102e-14,0,1
2.1079791976176079,0.0014283567883043276,38,42,79,3.2117700317673794,-1.8301571143704358,4.6486201829367584,-9.0827216781050595,0,-5.4950015021154197,-11.759260111654157,1.3500311979441904e-13,0,1
2.1079791976176079,0.0014283567883043276,38,42,80,3.0348635004482589,-0.13606774671634758,4.309157572359835,-5.6375972451075782,0,21.830519087708982,20.366011668244891,1.5276668818842154e-13,8.8817841970012523e-16,1
2.1079791976176079,0.0014283567883043276,38,42,81,2.986602224066119,0.61113600763990705,3.7611766295042179,-8.7984408772868896,0,6.0661231946995393,1.6399949545567747,1.1080025785759062e-13,0,1
2.1079791976176079,0.0014283567883043276,38,42,82,3.2580468629181585,0.45678025089351304,3.4932255906656149,-35.583888796925152,0,-12.373530581234677,-44.007413536600701,-1.3500311979441904e-13,-4.4408920985006262e-16,1
2.1079791976176079,0.0014283567883043276,38,42,83,3.7791923052643961,-1.4698925663676055,3.5973645412780355,-42.365043632762884,0,-0.14690033422590348,-40.38447199207836,-8.5265128291212022e-14,4.4408920985006262e-16,1
2.1079791976176079,0.0014283567883043276,38,42,84,3.764279366874792,-0.48068450632504933,3.8553956939253462,10.655803914370985,0,-2.0189432523705726,12.01157184960071,9.9475983006414026e-14,4.4408920985006262e-16,1
2.1079791976176079,0.0014283567883043276,38,42,85,3.6535715898792938,-0.65686654043714054,4.0543384681970078,35.880362880763215,0,-6.7153287850200396,32.56250602350304,7.1054273576010019e-14,0,1
2.1079791976176079,0.0014283567883043276,38,42,86,3.3461861484922593,-1.0999478800136191,4.1890631608244817,61.652959744160981,0,-14.110231934085164,50.631843090886676,-5.6843418860808015e-14,0,1
2.1079791976176079,0.0014283567883043276,38,42,87,3.1063611552094486,-1.1976097814006406,4.4380380895613918,25.172839297040834,0,-15.756516101065893,12.656751504135693,-1.0658141036401503e-14,-4.4408920985006262e-16,1
2.1079791976176079,0.0014283567883043276,38,42,88,3.1135434779472897,-2.6453684632397136,4.6273484837121712,63.966313391583427,0,-4.9225688083469734,61.025724603708916,-9.9475983006414026e-14,0,1
2.1079791976176079,0.0014283567883043276,38,42,89,2.3708894118219526,-0.75903933952701008,4.5237688238685294,84.235693052942835,0,2.2558651306123529,90.2562876678967,1.1368683772161603e-13,0,1
2.1079791976176079,0.0014283567883043276,38,42,90,1.6489053823295547,3.3828990929959981,4.2254633538818798,19.568192711346562,0,-4.2727793395552904,22.903775818669146,4.6185277824406512e-14,0,1
2.1079791976176079,0.0014283567883043276,38,42,91,1.7570968706835719,1.9209146186172676,4.0043816111330939,-13.206277826409723,0,-9.6963550077210954,-16.977336604380458,-7.460698725481052e-14,0,1
2.1079791976176079,0.0014283567883043276,38,42,92,2.2121790092216376,0.15597865645720788,3.9092494730500418,-87.585204053462746,0,7.7103648218619547,-75.809611102093541,-1.5631940186722204e-13,0,1
2.1079791976176079,0.0014283567883043276,38,42,93,2.8364665434356331,-1.0275246151506776,3.8689296124390538,-41.936543620668779,0,-14.090049512358233,-53.185188135738635,6.3948846218409017e-14,0,1
2.1079791976176079,0.0014283567883043276,38,42,94,2.1775636679342338,0.95896642171486635,3.9098824915060955,82.234360373058209,0,-2.7059467464125864,84.397262539866574,9.9475983006414026e-14,0,1
2.1079791976176079,0.0014283567883043276,38,42,95,0.97939294547247213,3.3605522453707275,3.7901644734072679,33.781370108886236,0,-5.9280208756453927,35.004065952018834,-2.8421709430404007e-14,0,1
2.1079791976176079,0.0014283567883043276,38,42,96,0.71836031214200557,3.2274274676980266,3.0374412276242788,0.58634936823197403,0,-25.430178794528047,-18.578960730973769,2.1316282072803006e-14,0,1
2.1079791976176079,0.0014283567883043276,38,42,97,0.84279730332554337,1.1182478983811392,2.0738185101920417,-10.28572394504036,0,-4.2681264030198944,-11.361783939487072,5.3290705182007514e-15,0,1
2.1079791976176079,0.0014283567883043276,38,42,98,0.89011019280045756,0.37606551463912408,1.5649712605962387,-12.260843626430869,0,12.314986663435034,1.9951798122395275,5.5511151231257827e-15,-2.2204460492503131e-16,1
2.1079791976176079,0.0014283567883043276,38,42,99,1.071304042409374,0.11540092888456888,1.2432508879621693,-25.391112169855369,0,-11.808708343001216,-35.841168696009845,-4.9737991503207013e-14,0,1
2.1079791976176079,0.0014283567883043276,38,42,100,1.5733127554743149,-0.091877873242756369,0.86663854603189294,-31.123175451598705,0,-24.549306025029534,-54.897720803839107,-6.3948846218409017e-14,0,1
2.1079791976176079,0.0014283567883043276,38,42,101,1.9010984553971619,-0.52044169682455665,0.58581405893942851,-5.1963302792744077,0,4.2895571998390238,-0.84140071732051247,-3.1197266991966899e-14,0,1
2.1079791976176079,0.0014283567883043276,38,42,102,1.712117541047806,-0.51329852537659182,0.47957068437706762,15.69865676721297,0,44.602174446585622,60.26710337279907,-1.4210854715202004e-14,2.7755575615628914e-17,1
2.1079791976176079,0.0014283567883043276,38,42,103,1.2990815109251421,-0.28140412995782915,0.39054241187695171,57.385642824165387,0,-1.8555808985974911,55.639200207487022,2.8421709430404007e-14,1.3877787807814457e-17,1
2.1079791976176079,0.0014283567883043276,38,42,104,1.039691273893609,0.11725191091977966,0.19517505423728138,65.057537786613779,0,-41.982236752372508,23.387727999398329,2.4868995751603507e-14,0,1
2.1079791976176079,0.0014283567883043276,38,42,105,0.88157276100375137,0.06666600295528001,0.035326433315773072,22.408772753107513,0,-3.3188700861854183,19.191895103193147,-2.4868995751603507e-14,0,1
2.1079791976176079,0.0014283567883043276,38,42,106,0.71893585078823119,0.098706796616660347,0.00041432253924890964,6.5230071378308105,0,11.185032079203321,17.807160336190041,3.907985046680551e-14,1.3877787807814457e-17,1
2.1079791976176079,0.0014283567883043276,38,42,107,0.58195788780071289,0.0041481135299243337,2.5450635519284586e-05,2.7376754728632484,0,12.551490179426466,15.293339216455157,3.1974423109204508e-14,0,1
2.1079791976176079,0.0014283567883043276,38,42,108,0.41036972812034578,0.038102509239714616,1.8898463079598126e-05,1.6739016367517519,0,18.786032072201348,20.498055116655895,3.5527136788005009e-15,6.9388939039072284e-18,1
2.1079791976176079,0.0014283567883043276,38,42,109,0.22468863873902389,0.024914228548701137,1.3555835304651019e-05,1.0717083088127488,0,11.412914572451834,12.50955066564859,-8.8817841970012523e-15,0,1
2.1079791976176079,0.0014283567883043276,38,42,110,0.24243709312682291,0.041109362085810702,5.944150978661872e-06,0.29642892242741248,0,-9.556462492675541,-9.2189182640113394,8.8817841970012523e-15,6.9388939039072284e-18,1
2.1079791976176079,0.0014283567883043276,38,42,111,0.33751220975776752,-0.0071070602114152309,6.6586648055850241e-07,0.1085026052462178,0,-5.9314866072998793,-5.8300903963985959,-8.8817841970012523e-15,0,1
2.1079791976176079,0.0014283567883043276,38,42,112,0.35171747457833336,-0.0054376314858690447,1.2620993667733505e-08,0.37816851226353976,0,0.72043883765135297,1.0931697310500175,3.7747582837255322e-15,-8.6736173798840355e-19,1
2.1079791976176079,0.0014283567883043276,38,42,113,0.32477190748437273,-0.0016909268116752304,8.997356060413963e-10,0.46949809123135494,0,3.1840048717741198,3.651812037093535,-1.7763568394002505e-14,0,1
2.1079791976176079,0.0014283567883043276,38,42,114,0.29400203112676598,-0.001723151335539535,6.4540418048819592e-11,0.21973559058566189,0,2.2637794171980152,2.481791856512678,-5.773159728050814e-15,0,1
2.1079791976176079,0.0014283567883043276,38,42,115,0.28473230076566242,-0.001147027437231881,1.5220820936967526e-12,0.079291167144665248,0,0.3675607301548377,0.44570486986379315,-1.6264767310758543e-14,-2.1684043449710089e-19,1
2.1079791976176079,0.0014283567883043276,38,42,116,0.28538115037455064,0.0011209754647697333,1.3217508310070512e-12,0.13230419833103602,0,0.030527621328055594,0.1639527951251831,8.9372953482325102e-15,0,1
2.1079791976176079,0.0014283567883043276,38,42,117,0.28169132831238886,0.0019383643799500568,1.1039994585182456e-12,0.20254531934524911,0,0.67717498469398918,0.88165866842029228,-1.7985612998927536e-14,0,1
2.1079791976176079,0.0014283567883043276,38,42,118,0.2704932936114639,0.0016651122620743451,8.4814159584389864e-13,0.22280455142667055,0,1.3619368497135071,1.5864065134031002,-1.1324274851176597e-14,-2.1684043449710089e-19,1
2.1079791976176079,0.0014283567883043276,38,42,119,0.25473018045264023,0.0010545035709963366,6.3474525080486893e-13,0.20531914322682004,0,1.7248491752144377,1.9312228220128889,0,0,1
2.1079791976176079,0.0014283567883043276,38,42,120,0.23780859466289683,0.00060052340956749249,4.6816545085093248e-13,0.17261573926915891,0,1.8098216840910002,1.9830379467701948,2.2204460492503131e-16,0,1
2.1079791976176079,0.0014283567883043276,38,42,121,0.22178611997831565,0.00034081497372195273,3.3533711363276095e-13,0.13869040976577285,0,1.7443763485209014,1.8834075732607316,4.6629367034256575e-15,0,1
2.1079791976176079,0.0014283567883043276,38,42,122,0.20753368966892169,0.00019959722795713725,1.8508866661548495e-13,0.10928795017303716,0,1.6207884783630739,1.7302760257642533,8.659739592076221e-15,-2.7105054312137611e-20,1
2.1079791976176079,0.0014283567883043276,38,42,123,0.19525670721456667,0.00012129538648113964,1.2738455290595139e-13,0.085600891082344366,0,1.4873860631201732,1.573108249589126,-8.4376949871511897e-15,0,1
2.1079791976176079,0.0014283567883043276,38,42,124,0.18486740866528067,7.6166947171355835e-05,1.0234314506973873e-13,0.067015703830253071,0,1.3648790857939401,1.4319709565714669,-4.6629367034256575e-15,0,1
2.1079791976176079,0.0014283567883043276,38,42,125,0.17618042592085958,4.9031856135466251e-05,9.1455576445298435e-14,0.052469028736564755,0,1.2601427690911762,1.3126608296839679,-3.3306690738754696e-15,0,1
2.1079791976176079,0.0014283567883043276,38,42,126,0.16899984568850784,3.1993672225277996e-05,8.0568007820858154e-14,0.040959244140587811,0,1.174055448280904,1.2150466860937976,8.8817841970012523e-16,6.7762635780344027e-21,1
2.1079791976176079,0.0014283567883043276,38,42,127,0.16315191258881429,2.0795893185318523e-05,4.6816545085093252e-14,0.031679613564139064,0,1.1052885403823069,1.1369889498396781,-4.4408920985006262e-16,0,1
2.1079791976176079,0.0014283567883043276,38,42,128,0.1584942371091321,1.3026145557165967e-05,2.1775137248880584e-14,0.024015686121169083,0,1.0519777086855371,1.076006420952285,8.2156503822261584e-15,0,1
2.1079791976176079,0.0014283567883043276,38,42,129,0.15491532761276058,7.4506284183128786e-06,-6.5325411746641748e-15,0.017495984323510745,0,1.0123862425967427,1.0298896775486652,-9.1038288019262836e-15,-8.4703294725430034e-22,1
2.1079791976176079,0.0014283567883043276,38,42,130,0.15233472613131974,2.1478591153351483e-06,-1.2302952545617527e-13,0.011827948378604715,0,0.98513674894676251,0.99696684518435952,-5.773159728050814e-15,0,1
2.1079791976176079,0.0014283567883043276,38,42,131,0.15067094232867287,1.5815164261061577e-05,-3.5928976460652957e-13,0.0062789730705067881,0,0.96925865251345644,0.97555344074786499,2.6645352591003757e-15,0,1
2.1079791976176079,0.0014283567883043276,38,42,132,0.15005409323416385,0,-2.6130164698656699e-13,0.0033735950772751403,0,0.96406560099870586,0.96743919607571971,1.1102230246251565e-16,0,1
2.1094075544059123,0.0013938661707454899,38,42,0,0.0091868138524079726,0,7.0836010585679681,-0,0,-7.0836010585679672,8.8817841970012523e-16,-8.8817841970012523e-16,0,1
2.1094075544059123,0.0013938661707454899,38,42,1,0.089643277590246775,0.15160759461586615,8.3848372514101168,-2.9193533604494837,0,-4.577879614092641,1.0392118714838583,-2.886579864025407e-15,0,1
2.1094075544059123,0.0013938661707454899,38,42,2,0.22625773886210343,0.071568515737644223,7.0872652436992212,-0.21675875860139859,0,-6.1420244177279191,0.80005058310754684,0,8.8817841970012523e-16,1
2.1094075544059123,0.0013938661707454899,38,42,3,0.48810990053462128,-0.39036285538868043,6.2211269444658983,-10.305383609932417,0,-1.6701822112049565,-6.1448017320601549,9.7699626167013776e-15,0,1
2.1094075544059123,0.0013938661707454899,38,42,4,0.76709723729426504,-0.40857269068293967,5.5012045254156661,1.8690356787573541,0,-1.8549863424315609,5.1066811710585203,-3.9968028886505635e-14,0,0.85065192269605794
2.1094075544059123,0.0013938661707454899,38,42,5,0.44070781731225056,-0.11027015248423266,4.1134881278996982,-3.2950240266655406,0,3.9258795582761894,4.6340735070261143,1.0658141036401503e-14,0,0.85065192269605794
2.1094075544059123,0.0013938661707454899,38,42,6,0.44467058282720207,0.58870437952088972,3.4527264025775741,-3.4114962348727693,0,8.5338564739016611,9.1637910211273557,-7.1054273576010019e-15,0,1
2.1094075544059123,0.0013938661707454899,38,42,7,0.28949076182602235,-0.0092037529733950407,4.642211562367585,3.0804729404144591,0,-3.7395502717207543,3.9739304780878952,1.5987211554602254e-14,0,1
2.1094075544059123,0.0013938661707454899,38,42,8,0.57866466007169826,-0.034401138018877564,5.2085237754813907,3.0616767950454467,0,-8.4246017852798332,-0.18880235277187296,3.8247183198336643e-14,0,1
2.1094075544059123,0.0013938661707454899,38,42,9,0.54523520241753509,0.26037665639744256,4.2234580257334908,1.1840233197736545,0,-1.562701149494246,4.1051568524103415,2.5757174171303632e-14,0,1
2.1094075544059123,0.0013938661707454899,38,42,10,0.84362680291062864,-0.036804373044910799,2.9011164274899128,-3.1999090206834016,0,-0.64932089377611724,-0.98491786001451653,-1.3211653993039363e-14,0,1
2.1094075544059123,0.0013938661707454899,38,42,11,0.96437250168446431,-0.27417386958398315,1.712942208596353,13.292499994327684,0,1.6977633097669307,16.429031643106985,1.4210854715202004e-14,2.2204460492503131e-16,1
2.1094075544059123,0.0013938661707454899,38,42,12,0.24704047474253157,1.0946456075509883,1.2939784283954097,6.9589866620014051,0,8.5659508286908004,17.913561526638603,-1.0658141036401503e-14,0,1
2.1094075544059123,0.0013938661707454899,38,42,13,0.22408451970143864,0.93025455021757586,1.4353259507082179,-4.9436898039979287,0,-0.4965646041482551,-3.0746739072203901,-6.2172489379008766e-15,0,1
2.1094075544059123,0.0013938661707454899,38,42,14,0.81983663281024144,0.54922105293978474,1.6963636883948143,-15.991219597145669,0,5.7138923504686741,-8.031742505342395,-3.5527136788005009e-14,0,1
2.1094075544059123,0.0013938661707454899,38,42,15,1.1195472769450139,-0.29496035617462535,2.1498098044967393,-24.058965031900513,0,18.411378219026663,-3.792737364551737,-6.5281113847959205e-14,0,1
2.1094075544059123,0.0013938661707454899,38,42,16,1.3018981583148703,-0.27770463639528176,2.8890416695656702,-14.659399266741204,0,6.2241415194948964,-5.8239207140759195,6.8389738316909643e-14,0,1
2.1094075544059123,0.0013938661707454899,38,42,17,1.2825992874621155,-0.63797416154722542,4.136230039085679,11.898376645275508,0,-4.6331608695178224,10.76347165329614,5.1514348342607263e-14,0,1
2.1094075544059123,0.0013938661707454899,38,42,18,1.1636826042347845,-0.44752929654585838,4.7957142811515681,30.529625702665776,0,-5.6813046716078377,29.196506015663648,3.5527136788005009e-15,0,1
2.1094075544059123,0.0013938661707454899,38,42,19,0.5206744800015124,0.85765820596264364,4.9116177092086666,6.802307782626543,0,1.7977181309721848,14.369301828770038,-3.5527136788005009e-14,0,1
2.1094075544059123,0.0013938661707454899,38,42,20,0.76050307804202955,0.067440710591765374,4.1638181965007659,-12.038602029650614,0,-6.0874029879658496,-13.894746110523933,1.7763568394002505e-14,0,1
2.1094075544059123,0.0013938661707454899,38,42,21,0.40308258401783953,2.0949132968047914,3.2631998333291454,-2.0365647494061077,0,14.79620399445929,18.11775237518712,3.5527136788005009e-15,0,1
2.1094075544059123,0.0013938661707454899,38,42,22,0.46120024272967597,1.3204263073178675,4.2897129827332527,-17.253189332673092,0,-8.7784230696850596,-20.421473112307034,-1.4210854715202004e-14,-8.8817841970012523e-16,1
2.1094075544059123,0.0013938661707454899,38,42,23,0.99323418961812349,-0.32500443991222561,5.8649387712607286,-7.5598555952095516,0,-8.8059998799710026,-10.825921143832051,1.2434497875801753e-14,0,1
2.1094075544059123,0.0013938661707454899,38,42,24,0.86508630349212934,0.038874288960000669,6.8667128932218553,-7.9478630310682812,0,-12.524383183102067,-13.566659031988493,3.5527136788005009e-15,0,1
2.1094075544059123,0.0013938661707454899,38,42,25,0.88056315631197191,0.26744564963477613,6.9363941706118037,-15.603900892736972,0,-0.9636470954142784,-9.3637081679046705,-3.1974423109204508e-14,0,1
2.1094075544059123,0.0013938661707454899,38,42,26,0.54525255342828549,0.95875225689103871,6.160979847981686,-21.613434447685975,0,13.483569147263797,-1.0101331955494537,-3.0864200084579352e-14,0,1
2.1094075544059123,0.0013938661707454899,38,42,27,0.3604835999598387,2.7044586223788216,5.7860467465511505,-32.588065471467473,0,-13.522417626898218,-37.619977729435718,-1.4210854715202004e-14,0,1
2.1094075544059123,0.0013938661707454899,38,42,28,1.1959479870791563,0.79585214464629273,6.27038189822271,-72.913009797720605,0,-10.197094680322341,-76.043870435173943,-2.8421709430404007e-14,0,1
2.1094075544059123,0.0013938661707454899,38,42,29,1.6984614907799245,-2.3987593954865867,6.8771608399309638,-19.383450867459896,0,-0.57180882298089053,-15.476858245996411,-5.5067062021407764e-14,8.8817841970012523e-16,1
2.1094075544059123,0.0013938661707454899,38,42,30,1.5333354030123241,-1.6797237487542231,7.0452817415539606,12.118585994988971,0,-6.7404649510001082,10.743679036788601,-3.1974423109204508e-14,-8.8817841970012523e-16,1
2.1094075544059123,0.0013938661707454899,38,42,31,1.4624262234881071,-1.6338349531685972,6.8716768721192079,0.60452438444397316,0,-6.7413663265034502,-0.89900002310886595,2.0317081350640365e-14,0,1
2.1094075544059123,0.0013938661707454899,38,42,32,1.3257151965713621,-0.57714048871499779,6.2905998599346926,-4.2793134389566845,0,2.6906915111239367,4.1248374433869479,-5.3290705182007514e-14,0,1
2.1094075544059123,0.0013938661707454899,38,42,33,1.0201285807509193,2.9490958965416687,5.6142075609439726,-12.46559009871604,0,-3.2273355362946825,-7.1296221775250812,2.042810365310288e-14,0,1
2.1094075544059123,0.0013938661707454899,38,42,34,1.186711320330984,1.4363115663581674,5.2491718544187673,-32.292991059307283,0,-2.6597914812298917,-28.267299119760242,-7.460698725481052e-14,0,1
2.1094075544059123,0.0013938661707454899,38,42,35,1.6608136047461211,-0.67264316820343373,5.0018109986870449,-46.500422881362944,0,0.19484210689503856,-41.976412943984293,-5.6843418860808015e-14,0,1
2.1094075544059123,0.0013938661707454899,38,42,36,2.0236648212065607,-1.2049802743800235,4.8969630488148601,-34.646563442525661,0,7.6383162678653855,-23.316264400225439,3.5527136788005009e-15,0,1
2.1094075544059123,0.0013938661707454899,38,42,37,2.1097649568806771,-1.3685026496744923,5.09303812532292,11.816398642273573,0,9.127795301949357,24.668729419871354,1.2434497875801753e-13,-4.4408920985006262e-16,1
2.1094075544059123,0.0013938661707454899,38,42,38,1.8878827821624482,-1.0491089080424447,5.3714754484440661,28.732145197992093,0,-0.88086667406683061,32.173645064326884,4.2632564145606011e-14,0,1
2.1094075544059123,0.0013938661707454899,38,42,39,1.7689791362304428,-0.70702706990423048,5.3919516169455992,-2.0547975020349423,0,3.4142617759404357,6.0443888209468621,-2.5757174171303632e-14,0,1
2.1094075544059123,0.0013938661707454899,38,42,40,1.9087989510659247,-0.98239140548493031,5.2736575471494422,-6.5853602571148846,0,-1.1311419671332514,-3.4252360825836243,2.708944180085382e-14,0,1
2.1094075544059123,0.0013938661707454899,38,42,41,1.9752308236098486,-0.35493029878552829,5.0615015634283633,-9.289508484197718,0,14.341864563218143,9.7589273436632595,-2.6645352591003757e-14,8.8817841970012523e-16,1
2.1094075544059123,0.0013938661707454899,38,42,42,2.5162381815881267,-1.3936480577008419,4.7668972535640899,-55.530469439976635,0,-6.3895642487260638,-58.54678449283945,0,0,1
2.1094075544059123,0.0013938661707454899,38,42,43,3.0672856779926274,-4.6780681281423577,4.250526521716985,47.295990985750677,0,-37.688178753209186,9.1802706261161191,-1.2612133559741778e-13,0,1
2.1094075544059123,0.0013938661707454899,38,42,44,2.2732826258621812,0.2461048700939561,2.8506901544483396,108.13891858484635,0,3.464387199010337,114.70010080839899,8.5265128291212022e-14,0,1
2.1094075544059123,0.0013938661707454899,38,42,45,1.2283669760683325,2.3304605711397861,1.5596574569244313,10.827292930184317,0,23.459257476690876,38.176668434939408,-2.8421709430404007e-14,0,1
2.1094075544059123,0.0013938661707454899,38,42,46,1.7074314604877514,0.46002695224628432,1.4850382398636326,-5.3750582950026011,0,2.3365984857357875,-1.0933946171568967,-2.9309887850104133e-14,0,1
2.1094075544059123,0.0013938661707454899,38,42,47,1.2602845630606634,0.71478491212794681,1.8406007152103392,26.478956185419698,0,-3.3627802102227577,25.671561602535224,-4.9737991503207013e-14,0,1
2.1094075544059123,0.0013938661707454899,38,42,48,0.87317751009964206,1.5788038239535855,1.874112206434098,19.62176950500578,0,1.0941821623348127,24.168867697728277,-2.8421709430404007e-14,0,1
2.1094075544059123,0.0013938661707454899,38,42,49,0.94177217895198717,1.4716981084089049,1.3656171264492976,-6.439612262571619,0,-5.1391537765232185,-8.741450804236635,7.1054273576010019e-15,0,1
2.1094075544059123,0.0013938661707454899,38,42,50,1.2211010742254165,1.5414605607342982,0.70061308513300224,-21.481217220781033,0,-15.872725000248412,-35.111868575162148,7.815970093361102e-14,0,1
2.1094075544059123,0.0013938661707454899,38,42,51,1.4491531186667532,1.3833213843146135,0.34888714497539297,-16.080881075371202,0,13.469521716487732,-0.87915082959346513,6.1173288656846125e-14,0,1
2.1094075544059123,0.0013938661707454899,38,42,52,1.5454699420858287,0.73593572684243957,0.30538308360472022,-3.2112735830873351,0,8.911154846557384,6.7412000739172084,7.2830630415410269e-14,0,1
2.1094075544059123,0.0013938661707454899,38,42,53,1.7373961579785731,0.72863060204879226,0.43008312037227703,0.53300057630919961,0,8.4845958491183833,10.176310147848652,-8.8817841970012523e-15,0,1
2.1094075544059123,0.0013938661707454899,38,42,54,1.5302088479351557,1.5346391706603286,0.72685216449491019,11.44185399554577,0,9.853082497400516,23.556427828101526,2.8421709430404007e-14,0,1
2.1094075544059123,0.0013938661707454899,38,42,55,1.4188734694219942,2.0654145742355947,0.92236095310933219,-10.877550913868564,0,-8.1047061915664411,-15.994481578090078,7.1054273576010019e-14,0,1
2.1094075544059123,0.0013938661707454899,38,42,56,2.1725385771116814,0.7334705177076396,0.93334357630727138,-57.202067038533499,0,1.4311513535726237,-54.104101590945966,7.1054273576010019e-14,0,1
2.1094075544059123,0.0013938661707454899,38,42,57,2.5880584404327496,-0.4401085459683941,1.0323148143944474,-16.499116507448431,0,-0.72800841249879433,-16.634918651521172,2.4868995751603507e-14,-1.1102230246251565e-16,1
2.1094075544059123,0.0013938661707454899,38,42,58,2.3621162450399114,0.53375677050083603,1.1902023731353608,31.32046293920714,0,-0.081355331874589432,32.96306675096875,1.1368683772161603e-13,0,1
2.1094075544059123,0.0013938661707454899,38,42,59,1.8802397791262713,0.59680028044019062,1.1609831471676841,22.210021685398331,0,4.9357162463494788,28.903521359355686,-3.1974423109204508e-14,0,1
2.1094075544059123,0.0013938661707454899,38,42,60,1.5971235079001456,0.99474609776967937,0.97767233512667429,-11.160712767844116,0,-2.8921013657982835,-12.080395700746045,-7.460698725481052e-14,0,1
2.1094075544059123,0.0013938661707454899,38,42,61,2.199102177191449,-0.092078976486926811,0.86219452216968051,-30.099091603690788,0,2.8624493012597827,-26.466526756748252,1.2434497875801753e-13,0,1
2.1094075544059123,0.0013938661707454899,38,42,62,2.252467257101713,0.064575227061684171,0.83774559834117801,15.771099432992997,0,7.4013580757266126,24.074778334122474,1.7763568394002505e-14,0,1
2.1094075544059123,0.0013938661707454899,38,42,63,1.7471568059249505,0.77974215441587669,0.85759778534986286,15.216226893568756,0,1.1486024980196208,18.002169331354114,-7.1054273576010019e-15,-2.2204460492503131e-16,1
2.1094075544059123,0.0013938661707454899,38,42,64,2.1312517465831888,0.80560967781084247,0.95059502329319323,-54.257746907604442,0,-3.7048387629121686,-56.206380969412571,-1.1368683772161603e-13,0,1
2.1094075544059123,0.0013938661707454899,38,42,65,3.0111737534509158,0.2080462991170734,1.1345064432236014,-77.455584629356906,0,3.9822642530624526,-72.130767633953781,-9.9475983006414026e-14,2.2204460492503131e-16,1
2.1094075544059123,0.0013938661707454899,38,42,66,3.4738116788880937,-1.1967011440817683,1.2699622011472473,-48.091827691863202,0,17.40731257711186,-30.611254057685862,-6.7501559897209518e-14,1.1102230246251565e-16,1
2.1094075544059123,0.0013938661707454899,38,42,67,3.6830896033554521,-0.88418048574341146,1.3216601165823341,16.296487378627305,0,-0.78742730625724777,15.946539703208979,-1.4210854715202004e-14,-1.6653345369377348e-16,1
2.1094075544059123,0.0013938661707454899,38,42,68,3.2965244768032078,-0.57715263550030449,1.4463047987259323,37.648005654527012,0,11.879563938419079,50.396721756171715,-8.5265128291212022e-14,0,1
2.1094075544059123,0.0013938661707454899,38,42,69,3.0878172831652697,0.56419488664380768,1.641469278870423,10.819532877979045,0,1.3453623708377982,14.370559414331073,1.4566126083082054e-13,0,1
2.1094075544059123,0.0013938661707454899,38,42,70,3.0890086015095646,0.067346529579276893,1.7821497230125147,12.253787564198829,0,-8.5183741193863458,5.5849096974042745,1.2256862191861728e-13,0,1
2.1094075544059123,0.0013938661707454899,38,42,71,2.8953010820254019,0.93824195774616426,1.8762549036897593,2.1745974736740195,0,6.3962140903297042,11.385308425439646,5.1514348342607263e-14,0,1
2.1094075544059123,0.0013938661707454899,38,42,72,2.8247648703650818,1.9347819495561407,2.0373451993768388,-52.655701949134269,0,2.7369228887601658,-45.946651911441123,4.2632564145606011e-14,4.4408920985006262e-16,1
2.1094075544059123,0.0013938661707454899,38,42,73,3.6743678279330911,-0.287612629575561,2.30074216529166,-137.42338906097081,0,7.4760654394976696,-127.93419408575703,1.1368683772161603e-13,-4.4408920985006262e-16,1
2.1094075544059123,0.0013938661707454899,38,42,74,4.4273900901658187,-3.1061176013135219,2.6587207555492927,8.3490676682172165,0,18.283603290875284,26.185274113328269,-7.815970093361102e-14,-2.2204460492503131e-16,1
2.1094075544059123,0.0013938661707454899,38,42,75,3.3758779012978422,-0.059596631133002509,3.1968792193696038,169.21287044253114,0,-8.6201721783832479,163.72998085238447,-5.6843418860808015e-14,0,1
2.1094075544059123,0.0013938661707454899,38,42,76,2.6775032789029094,1.7068284745843065,3.8067192992484928,35.709577973654987,0,-3.514798167818455,37.70832757966933,5.6843418860808015e-14,0,1
2.1094075544059123,0.0013938661707454899,38,42,77,2.8472561486124901,0.73160031169810003,4.3054999961405178,-31.228403453384793,0,-7.9882337811881445,-34.179536926734322,9.2370555648813024e-14,0,1
2.1094075544059123,0.0013938661707454899,38,42,78,3.0938652569693779,-0.55099799457308118,4.6251318189455288,-49.560758634802689,0,-14.917578149164401,-60.404202959594642,-5.6843418860808015e-14,0,1
2.1094075544059123,0.0013938661707454899,38,42,79,3.1949736127614621,-1.6008046536052281,4.6844339561143542,-17.767833327778739,0,-8.2617052716852282,-22.945909296954838,1.5276668818842154e-13,-8.8817841970012523e-16,1
2.1094075544059123,0.0013938661707454899,38,42,80,3.0639534314652819,-0.49057714042529832,4.4084126291078896,-6.2479320398258018,0,18.502145818227934,16.172049267084724,-6.7501559897209518e-14,0,1
2.1094075544059123,0.0013938661707454899,38,42,81,2.9889447219922451,0.67036420318831524,3.8591345045768062,-14.153973306080648,0,12.126163621264169,2.5016890229486428,2.6201263381153694e-14,0,1
2.1094075544059123,0.0013938661707454899,38,42,82,3.1951885750574389,0.47567176720128468,3.5168531631645217,-26.923914539782452,0,-11.352183908787151,-34.283573518203795,1.4210854715202004e-14,0,1
2.1094075544059123,0.0013938661707454899,38,42,83,3.7215088705524249,-1.3057373823100682,3.5674527187318059,-45.287553424952712,0,-3.8878347472072772,-46.913672835738254,-8.5265128291212022e-14,4.4408920985006262e-16,1
2.1094075544059123,0.0013938661707454899,38,42,84,3.7814361770643745,-0.59907078108098344,3.8077001366026608,0.9798401482545831,0,0.24545195764066596,4.4339214614169258,4.5297099404706387e-14,0,1
2.1094075544059123,0.0013938661707454899,38,42,85,3.700082466402165,-0.56757300269859279,4.0198235659739003,29.01047168017287,0,-6.4953154153787676,25.967406828069407,7.460698725481052e-14,0,1
2.1094075544059123,0.0013938661707454899,38,42,86,3.4185064852754867,-1.1020196243442963,4.1466971488747877,63.668313358194226,0,-13.423687257313743,53.289303625410966,-1.2079226507921703e-13,0,1
2.1094075544059123,0.0013938661707454899,38,42,87,3.1244395121382618,-1.1800193288595835,4.3860946846184294,25.668896756177219,0,-17.314403851646983,11.560568260289081,1.9539925233402755e-14,8.8817841970012523e-16,1
2.1094075544059123,0.0013938661707454899,38,42,88,3.2007099859461876,-2.4481153995182554,4.6162613469954561,53.837237977395965,0,-4.8054878238718777,51.199896101001286,-8.5265128291212022e-14,4.4408920985006262e-16,1
2.1094075544059123,0.0013938661707454899,38,42,89,2.4998075929995411,-1.5879150964695281,4.5792983281636577,96.770348993202163,0,0.22943696563508498,99.99116919053138,-1.4210854715202004e-14,0,1
2.1094075544059123,0.0013938661707454899,38,42,90,1.6816201459979514,3.5205248898511616,4.298651792147032,26.628200541176607,0,-1.4607430397305483,32.986634183444252,-4.9737991503207013e-14,0,1
2.1094075544059123,0.0013938661707454899,38,42,91,1.7328471766973774,1.8689476608209574,4.0468229564530951,-6.9497814627021146,0,-11.775855998935588,-12.809866844363651,3.907985046680551e-14,0,1
2.1094075544059123,0.0013938661707454899,38,42,92,2.1038958365852509,0.48899545591363136,3.9302386140467793,-76.822083363196441,0,8.6259710115772599,-63.776878281658767,-7.815970093361102e-14,0,1
2.1094075544059123,0.0013938661707454899,38,42,93,2.7604991189247081,-1.0139682628442395,3.8862766262158326,-57.477059925177947,0,-12.921057365343005,-67.525808927149356,8.5265128291212022e-14,-4.4408920985006262e-16,1
2.1094075544059123,0.0013938661707454899,38,42,94,2.2981130707973549,0.5940169220409135,3.9134630448125103,75.278012255317122,0,-6.5166410103214183,73.268851211849125,-1.4210854715202004e-13,0,1
2.1094075544059123,0.0013938661707454899,38,42,95,1.0293912406932906,3.1557857285824147,3.8084518154739602,39.530183692980501,0,-1.2645541946550867,45.229867042381791,6.3948846218409017e-14,8.8817841970012523e-16,1
2.1094075544059123,0.0013938661707454899,38,42,96,0.69182292746227969,3.5634943663764869,3.1209897485114348,1.3976882445448826,0,-25.282986669048064,-17.200814309615261,3.907985046680551e-14,0,1
2.1094075544059123,0.0013938661707454899,38,42,97,0.82656862210832993,1.299361997765536,2.1645806193936181,-9.3113152317964811,0,-8.5092584496030668,-14.356631064240393,2.3092638912203256e-14,0,1
2.1094075544059123,0.0013938661707454899,38,42,98,0.89296002142915765,0.45415439072870967,1.6198612431040029,-11.584091938519201,0,12.162970750362502,2.6528944456760133,-7.5495165674510645e-15,0,1
2.1094075544059123,0.0013938661707454899,38,42,99,1.0201100658016677,0.15865110601020027,1.3070409945824433,-22.656844416937737,0,-4.9694800209753529,-26.160632337320447,-1.7763568394002505e-14,0,1
2.1094075544059123,0.0013938661707454899,38,42,100,1.4948992233017155,-0.067099718923311735,0.93074974943336053,-32.786773653454432,0,-26.346460105839114,-58.269583728783502,7.1054273576010019e-15,0,1
2.1094075544059123,0.0013938661707454899,38,42,101,1.899896634970893,-0.48469282228328209,0.61347046006219808,-10.965530928985018,0,-3.3119307496361463,-14.148684040842248,0,-5.5511151231257827e-17,1
2.1094075544059123,0.0013938661707454899,38,42,102,1.7982004672617822,-0.48273621898894858,0.48120058480874361,13.365189334579913,0,40.187114682611423,53.550768383011132,-7.1054273576010019e-14,0,1
2.1094075544059123,0.0013938661707454899,38,42,103,1.3785541402373298,-0.47351249538787005,0.40750331768782189,47.349197138379438,0,13.88536509735054,61.168553058029929,-7.1054273576010019e-15,0,1
2.1094075544059123,0.0013938661707454899,38,42,104,1.0730972939445649,0.15518567023562702,0.23034786994265893,71.424967948009339,0,-43.395146381461728,28.415355106725897,6.3948846218409017e-14,0,1
2.1094075544059123,0.0013938661707454899,38,42,105,0.90898563465482185,0.028204961291972225,0.054104011130495754,28.749156826003102,0,-10.38675109800389,18.444714700421677,3.5527136788005009e-14,0,1
2.1094075544059123,0.0013938661707454899,38,42,106,0.74437082913485186,0.11411579725249281,0.0012263606486081146,7.9141064701585604,0,10.626874819668402,18.656323447728063,0,-1.3877787807814457e-17,1
2.1094075544059123,0.0013938661707454899,38,42,107,0.60380223268637745,0.014059401154258817,2.6969912999256335e-05,3.0678800074314569,0,12.356675700741858,15.438642079240573,2.8421709430404007e-14,-1.7347234759768071e-18,1
2.1094075544059123,0.0013938661707454899,38,42,108,0.43964826429325748,0.028707822809621794,1.93383752680935e-05,1.8022679551895968,0,18.089227716352248,19.920222832726736,3.5527136788005009e-15,0,1
2.1094075544059123,0.0013938661707454899,38,42,109,0.24255674035093996,0.029605001508780617,1.4317469444178914e-05,1.1773891603149487,0,14.13309133027278,15.340099809565954,-3.5527136788005009e-15,0,1
2.1094075544059123,0.0013938661707454899,38,42,110,0.22926918864359958,0.046023941194035398,6.8081711994751318e-06,0.39293674468785506,0,-7.8960388483260617,-7.4570713542729719,2.6645352591003757e-15,-6.9388939039072284e-18,1
2.1094075544059123,0.0013938661707454899,38,42,111,0.32918476056364371,-0.0031106995707187637,9.8570588823033697e-07,0.088654166028809267,0,-7.1559503220597334,-7.0704058698957546,3.5527136788005009e-15,0,1
2.1094075544059123,0.0013938661707454899,38,42,112,0.35327891098444747,-0.00657012510420181,1.8574170298157886e-08,0.33128530678199164,0,0.11107715659771061,0.43579235684967071,-1.3877787807814457e-15,8.6736173798840355e-19,1
2.1094075544059123,0.0013938661707454899,38,42,113,0.32998799799716672,-0.0022027076192370674,1.2398425634885246e-09,0.48375181129481548,0,2.9964009718213593,3.4779500767367804,4.4408920985006262e-16,-4.3368086899420177e-19,1
2.1094075544059123,0.0013938661707454899,38,42,114,0.29754691537217426,-0.0013779475723316851,1.4343718408582617e-10,0.25746497050605982,0,2.562370206240669,2.8184572293178345,5.3290705182007514e-15,0,1
2.1094075544059123,0.0013938661707454899,38,42,115,0.28536892634211264,-0.0013993227953361127,8.9278062720410379e-14,0.084627720682693849,0,0.55613880328749221,0.63936720117493917,3.219646771412954e-15,0,1
2.1094075544059123,0.0013938661707454899,38,42,116,0.28561533346242918,0.00084083171486361134,8.7100548995522326e-15,0.12028431110873428,0,0.010684099068310653,0.13180924189191726,1.2490009027033011e-15,0,1
2.1094075544059123,0.0013938661707454899,38,42,117,0.28295065145639431,0.0018778928424956656,7.6212980371082045e-15,0.19448467446994305,0,0.57241804861829915,0.76878061593074554,-1.1657341758564144e-14,0,1
2.1094075544059123,0.0013938661707454899,38,42,118,0.27275924812389341,0.0017260287615219012,5.4437843122201452e-15,0.22187118245624157,0,1.2823368257081094,1.5059340369258782,1.2878587085651816e-14,0,1
2.1094075544059123,0.0013938661707454899,38,42,119,0.25748865568019058,0.0011300843375182191,5.4437843122201452e-15,0.20851834353733434,0,1.6924050635594963,1.9020534914343543,-1.7763568394002505e-15,-2.1684043449710089e-19,1
2.1094075544059123,0.0013938661707454899,38,42,120,0.24064108037563112,0.00064899726323881823,5.4437843122201452e-15,0.17712735547154873,0,1.8096882056965606,1.9874645584313537,5.3290705182007514e-15,0,1
2.1094075544059123,0.0013938661707454899,38,42,121,0.22447629797072641,0.0003674776207692053,4.3550274497761163e-15,0.14301606953303306,0,1.7597668168391321,1.9031503639929386,3.9968028886505635e-15,0,1
2.1094075544059123,0.0013938661707454899,38,42,122,0.21000514117596231,0.00021405245696528793,4.3550274497761163e-15,0.11289920423948691,0,1.6414420731674995,1.754555329863956,-2.2204460492503131e-16,0,1
2.1094075544059123,0.0013938661707454899,38,42,123,0.19750366706160483,0.00012933235972366916,6.5325411746641748e-15,0.088440877934821971,0,1.5084045712894971,1.5969747815840494,-6.2172489379008766e-15,0,1
2.1094075544059123,0.0013938661707454899,38,42,124,0.18691277410175416,8.078035500627356e-05,5.4437843122201452e-15,0.069193002989618585,0,1.3843628880799692,1.4536366714245994,5.773159728050814e-15,0,1
2.1094075544059123,0.0013938661707454899,38,42,125,0.17805537392767987,5.175583555599786e-05,6.5325411746641748e-15,0.054121374872417048,0,1.2776056264717688,1.3317787571797484,-8.8817841970012523e-15,0,1
2.1094075544059123,0.0013938661707454899,38,42,126,0.1707353658706966,3.3633928333473314e-05,4.3550274497761163e-15,0.042206740869622179,0,1.189591953051113,1.231832327849073,9.3258734068513149e-15,0,1
2.1094075544059123,0.0013938661707454899,38,42,127,0.1647759384735448,2.1788613534678153e-05,4.3550274497761163e-15,0.032614857105112666,0,1.1191966460401652,1.151833291758817,9.5479180117763462e-15,0,1
2.1094075544059123,0.0013938661707454899,38,42,128,0.16003115818475835,1.3612344139288844e-05,2.1775137248880581e-15,0.02470624031177648,0,1.0645996186134399,1.0893194712693579,-9.3258734068513149e-15,0,1
2.1094075544059123,0.0013938661707454899,38,42,129,0.15638637752489176,7.7740968245456181e-06,-2.1775137248880581e-15,0.017989171900982683,0,1.0240501263859163,1.0420470723837214,-8.4376949871511897e-15,0,1
2.1094075544059123,0.0013938661707454899,38,42,130,0.15375875049235316,2.2453539039422436e-06,-2.1775137248880581e-15,0.012158141208016431,0,0.9961415472875863,1.0083019338495045,3.1086244689504383e-15,0,1
2.1094075544059123,0.0013938661707454899,38,42,131,0.15206438070811873,1.6198588332233418e-05,3.2662705873320874e-15,0.0064546230089236687,0,0.97988882224931872,0.98635964384657793,6.3282712403633923e-15,-3.3881317890172014e-21,1
2.1094075544059123,0.0013938661707454899,38,42,132,0.15143594157715029,0,3.2662705873320874e-15,0.0034686744861828558,0,0.97460993271421414,0.9780786072004003,8.2156503822261584e-15,0,1
2.1108014205766579,0.0013808187964197307,38,42,0,0.0091868138524079726,0,7.0863480591939609,-0,0,-7.0863480591939627,-1.7763568394002505e-15,1.7763568394002505e-15,0,1
2.1108014205766579,0.0013808187964197307,38,42,1,0.091091799862145231,0.14257286672585501,8.3733847475871066,-2.9125746705117126,0,-6.5952016458112785,-0.99181870201002997,-5.5511151231257827e-16,1.7763568394002505e-15,1
2.1108014205766579,0.0013808187964197307,38,42,2,0.22737290230478224,0.079135757023436781,7.0527874419333738,-0.0063375072673617083,0,-8.2119687734302662,-1.0863830817408173,-9.9920072216264089e-15,0,1
2.1108014205766579,0.0013808187964197307,38,42,3,0.47954486927436435,-0.36339268734925056,6.1827298329015665,-9.8052189892158292,0,-3.4458827684795059,-7.4317646121430192,9.7699626167013776e-15,0,1
2.1108014205766579,0.0013808187964197307,38,42,4,0.77421526742338642,-0.41325148234624987,5.4950472236286769,2.2202160309639756,0,-3.3327771026089588,3.9692346696374434,2.3980817331903381e-14,0,0.2336664391490455
2.1108014205766579,0.0013808187964197307,38,42,5,0.44716709560644219,-0.11890088010628341,4.1256204445425597,-3.7814051933629802,0,2.4636120661393353,2.6889264372126309,-1.9984014443252818e-14,0,0.2336664391490455
2.1108014205766579,0.0013808187964197307,38,42,6,0.45744368112733275,0.58138467993944842,3.4250304819756261,-4.0365595014131213,0,7.8655526629803729,7.8354083234823264,1.5099033134902129e-14,0,1
2.1108014205766579,0.0013808187964197307,38,42,7,0.29502988908432354,0.016269567330307932,4.6095490643541259,2.924963162989318,0,-3.6912134906281797,3.8595683040455717,1.9095836023552692e-14,0,1
2.1108014205766579,0.0013808187964197307,38,42,8,0.57840149485921244,-0.059571127417453074,5.2332003131199079,3.5052347520829974,0,-8.5877058314662769,0.091158106319173982,5.9396931817445875e-15,0,1
2.1108014205766579,0.0013808187964197307,38,42,9,0.55095724167971394,0.24335630498805916,4.2931380046994096,1.021612318045968,0,-1.4807867576442069,4.0773198700892301,-3.1086244689504383e-14,0,1
2.1108014205766579,0.0013808187964197307,38,42,10,0.84225395922459134,-0.035996176490834531,2.9783047871485153,-3.7041778421698535,0,-0.61446082945911951,-1.3763300609712923,-1.1768364061026659e-14,0,1
2.1108014205766579,0.0013808187964197307,38,42,11,0.98727237310989835,-0.33531706747970258,1.7775848764440458,13.236989840356339,0,1.1911713858637905,15.870429035184472,-3.907985046680551e-14,0,1
2.1108014205766579,0.0013808187964197307,38,42,12,0.27200958215208104,1.1045993620795023,1.314026070132718,8.1198429821765092,0,8.8423579094250222,19.38082632381375,1.7763568394002505e-14,0,1
2.1108014205766579,0.0013808187964197307,38,42,13,0.21979883575609027,0.89659933015978066,1.4123203247929026,-4.523785341062287,0,-0.38440301217265432,-2.5992686982822581,4.8849813083506888e-15,0,1
2.1108014205766579,0.0013808187964197307,38,42,14,0.808641458639906,0.58820805051368152,1.6638071518211697,-15.429028461302227,0,4.0761199893117519,-9.1008932696556251,-1.5987211554602254e-14,0,1
2.1108014205766579,0.0013808187964197307,38,42,15,1.1142607086380427,-0.29678484983384834,2.1103516163020188,-23.637528880562435,0,17.826441858809492,-3.9975202552847726,3.5527136788005009e-15,0,1
2.1108014205766579,0.0013808187964197307,38,42,16,1.2937803922504161,-0.24365856117984319,2.8164923774776174,-16.030583577530326,0,6.3398751175416814,-7.1178746436908709,7.3718808835110394e-14,0,1
2.1108014205766579,0.0013808187964197307,38,42,17,1.2976021264794231,-0.68058880023057178,4.0496348976308827,8.8972754449551026,0,-4.2034679022411199,8.0628536401142945,-7.460698725481052e-14,-4.4408920985006262e-16,1
2.1108014205766579,0.0013808187964197307,38,42,18,1.2043786262739853,-0.47048876912258875,4.7552430154667187,30.769094290502991,0,-6.1171379186263932,28.936710618220726,-4.9737991503207013e-14,0,1
2.1108014205766579,0.0013808187964197307,38,42,19,0.5407033637178662,0.81142812293154476,4.9547282111226219,9.0454677505669672,0,2.1747854864532017,16.986409571074336,-3.907985046680551e-14,0,1
2.1108014205766579,0.0013808187964197307,38,42,20,0.74113566148747279,0.070129989414814187,4.2910466229505762,-11.62191431969133,0,-5.9445662766748022,-13.205303984000741,-2.8421709430404007e-14,-8.8817841970012523e-16,1
2.1108014205766579,0.0013808187964197307,38,42,21,0.42833630614355661,1.9294132745097616,3.3223281091741796,-0.14049099850961122,0,14.5309954908387,19.642245876013028,-1.7763568394002505e-14,0,1
2.1108014205766579,0.0013808187964197307,38,42,22,0.43273544220164256,1.4967727423444797,4.2357644731408772,-16.967023909068249,0,-7.4557616806051241,-18.690248374188016,0,8.8817841970012523e-16,1
2.1108014205766579,0.0013808187964197307,38,42,23,0.97814430436857769,-0.303533216524559,5.8099285633764577,-6.3084647078971017,0,-9.1484436618915979,-9.9505130229368,-1.0658141036401503e-14,8.8817841970012523e-16,1
2.1108014205766579,0.0013808187964197307,38,42,24,0.84617619641740183,0.022656055555256849,6.8865871379031374,-5.5590929138691294,0,-12.069968403774784,-10.719818124185519,-7.1054273576010019e-15,0,1
2.1108014205766579,0.0013808187964197307,38,42,25,0.86751140026399631,0.30324236061622978,7.0141416633079086,-13.632020711375652,0,-3.8542141307955293,-10.168850818247044,3.5527136788005009e-15,0,1
2.1108014205766579,0.0013808187964197307,38,42,26,0.54384456293906203,0.9738223683798708,6.2127825145805886,-24.445854624958933,0,15.734884226401947,-1.5243655155965268,-3.4638958368304884e-14,0,1
2.1108014205766579,0.0013808187964197307,38,42,27,0.3080463856585795,2.8247834999982295,5.7747618407323733,-28.341416111312892,0,-11.443067473380294,-31.184938243962584,7.1054273576010019e-15,0,1
2.1108014205766579,0.0013808187964197307,38,42,28,1.0899530085870142,0.90743539817805274,6.210328049550494,-72.221979121926921,0,-11.446447199230413,-76.550662873428791,0,8.8817841970012523e-16,1
2.1108014205766579,0.0013808187964197307,38,42,29,1.6768888216414066,-2.0877422607390099,6.85385496070041,-29.142810763157254,0,-0.882038907941326,-25.258736971137179,3.5527136788005009e-14,-8.8817841970012523e-16,1
2.1108014205766579,0.0013808187964197307,38,42,30,1.5483106537710511,-1.9528342345817173,7.0735849662324419,12.960455057422239,0,-5.6776834242473715,12.403522364825593,-3.1974423109204508e-14,0,1
2.1108014205766579,0.0013808187964197307,38,42,31,1.4611731377683963,-1.4257027029194305,6.922115842763942,2.8387400384453869,0,-8.5594891170173817,-0.22433593872748325,3.3584246494910985e-15,0,1
2.1108014205766579,0.0013808187964197307,38,42,32,1.3314646679435234,-1.1452553690088321,6.3726588049521187,-6.3961040216200615,0,4.8482932856550143,3.6795926999782393,-7.815970093361102e-14,8.8817841970012523e-16,1
2.1108014205766579,0.0013808187964197307,38,42,33,1.0101908415874703,3.005140721042987,5.7007729892241379,-12.591987803782711,0,-4.9692543003533682,-8.8553283938689535,3.3750779948604759e-14,0,1
2.1108014205766579,0.0013808187964197307,38,42,34,1.1473104883496064,1.5681842462962856,5.2841030950595442,-30.358108224296181,0,-3.7721943748377131,-27.278015257778065,4.9737991503207013e-14,0,1
2.1108014205766579,0.0013808187964197307,38,42,35,1.6023041027742582,-0.43162978602842283,4.9943300995229283,-46.154019450942869,0,-0.3685631392848277,-41.959882276733197,-6.3948846218409017e-14,0,1
2.1108014205766579,0.0013808187964197307,38,42,36,1.991165069030929,-1.1599190810889364,4.8630033025942137,-39.215688378985142,0,6.4121879664808947,-29.10041619099897,3.1974423109204508e-14,-4.4408920985006262e-16,1
2.1108014205766579,0.0013808187964197307,38,42,37,2.14414986429431,-1.4831449390370748,5.0156631005736587,5.8729791014014667,0,10.418530806646931,19.824028069584983,1.4210854715202004e-13,0,1
2.1108014205766579,0.0013808187964197307,38,42,38,1.9327285376071861,-1.1089101229377039,5.3194585202499924,28.960304489484869,0,-0.48682226417694413,32.684030622620213,-5.6843418860808015e-14,0,1
2.1108014205766579,0.0013808187964197307,38,42,39,1.7774042053307928,-0.71790020304309632,5.3955609693886206,2.4651830468860316,0,3.8723888685254129,11.015232681756968,7.815970093361102e-14,-8.8817841970012523e-16,1
2.1108014205766579,0.0013808187964197307,38,42,40,1.9040246303635946,-0.96875463432882247,5.2956880707096516,-8.881019848485618,0,-6.0171647467864613,-10.571251158891251,-7.815970093361102e-14,8.8817841970012523e-16,1
2.1108014205766579,0.0013808187964197307,38,42,41,1.9888334622969439,-0.56843165040458299,5.0876136853847571,-10.110738297188565,0,18.414168826396001,12.82261256418761,6.5725203057809267e-14,0,1
2.1108014205766579,0.0013808187964197307,38,42,42,2.4346317992776312,-0.84378564691495872,4.8163670120982385,-55.595845326305678,0,-2.3784011057337437,-54.001665066856141,1.2079226507921703e-13,0,1
2.1108014205766579,0.0013808187964197307,38,42,43,3.080081746656659,-4.5681120068064072,4.3871479767009482,37.011319616192822,0,-39.085298527414864,-2.2549429413274993,1.2390088954816747e-13,4.4408920985006262e-16,1
2.1108014205766579,0.0013808187964197307,38,42,44,2.4331592161601061,-0.64979491321014615,3.0583346860399732,110.18003106539786,0,-2.7312552926551423,109.85731554557253,1.4210854715202004e-14,0,1
2.1108014205766579,0.0013808187964197307,38,42,45,1.2815801427115616,2.5281104780210235,1.6674629277318362,20.602946165856547,0,24.629947024233243,49.42846659584265,0,0,1
2.1108014205766579,0.0013808187964197307,38,42,46,1.7059074147196212,0.53708363243231061,1.4588807635788532,-5.3912345441986798,0,5.2774497611949602,1.8821796130074442,-6.6391336872584361e-14,2.2204460492503131e-16,1
2.1108014205766579,0.0013808187964197307,38,42,47,1.296067284328646,0.67533963917806705,1.8188545498568318,25.276274916436421,0,-4.2683133809141118,23.502155724557209,3.1974423109204508e-14,0,1
2.1108014205766579,0.0013808187964197307,38,42,48,0.9068656771687289,1.4949131833225522,1.903913397626694,20.542058013125647,0,0.04027056843513771,23.981155162510031,2.1316282072803006e-14,-4.4408920985006262e-16,1
2.1108014205766579,0.0013808187964197307,38,42,49,0.92958776639272578,1.3623338917715957,1.4242082952325947,-3.830724892481661,0,-1.7334684928886177,-2.7776511983660881,2.4868995751603507e-14,0,1
2.1108014205766579,0.0013808187964197307,38,42,50,1.1721598284268364,1.5213584757327283,0.75125592671470032,-21.394488484328338,0,-17.384489538864738,-36.506363620745645,2.1316282072803006e-14,0,1
2.1108014205766579,0.0013808187964197307,38,42,51,1.4479277000664001,1.4001424248425645,0.3687311934196662,-18.658666489082723,0,10.587636443882552,-6.3021564269379411,-7.2830630415410269e-14,0,1
2.1108014205766579,0.0013808187964197307,38,42,52,1.554866272819089,0.75343158608938754,0.3020662668425711,-4.2434373193825712,0,9.991653364451528,6.8037138980009155,-3.5527136788005009e-14,0,1
2.1108014205766579,0.0013808187964197307,38,42,53,1.7515805724366733,0.63275284158150036,0.40993093767472366,0.86401237186565139,0,8.0788381665839957,9.9855343177058717,4.2632564145606011e-14,0,1
2.1108014205766579,0.0013808187964197307,38,42,54,1.5630433557883541,1.4398624348925646,0.70579831968970241,11.452013502437037,0,11.622440717756803,25.220114974776106,-3.5527136788005009e-15,0,1
2.1108014205766579,0.0013808187964197307,38,42,55,1.3965793026316826,2.1622026537931216,0.92401908866296079,-5.1278226690739963,0,-7.6350100458758812,-9.6766109724937941,6.5725203057809267e-14,0,1
2.1108014205766579,0.0013808187964197307,38,42,56,2.0971247002054847,0.83838030960001741,0.93654245829271798,-54.83350037156427,0,-0.29045944312938687,-53.349037046800923,-1.3500311979441904e-13,0,1
2.1108014205766579,0.0013808187964197307,38,42,57,2.5648715900712911,-0.36157875309989945,1.011338200596775,-23.865099533437409,0,0.57698633110125819,-22.638353754839272,-3.1974423109204508e-14,0,1
2.1108014205766579,0.0013808187964197307,38,42,58,2.4080623486681123,0.44592158080051292,1.1666233233929899,28.847128283356703,0,-1.6023647226283537,28.85730846492185,1.7763568394002505e-14,0,1
2.1108014205766579,0.0013808187964197307,38,42,59,1.9205274197644968,0.52702702277768754,1.1608357115395924,25.967016453465632,0,4.8952311024811639,32.550110290264072,6.3948846218409017e-14,0,1
2.1108014205766579,0.0013808187964197307,38,42,60,1.5802850530036563,1.0771809195458886,0.98767927611409623,-8.8520298122780741,0,-2.1940328224426353,-8.9812024390607252,-1.7763568394002505e-14,0,1
2.1108014205766579,0.0013808187964197307,38,42,61,2.1622113808880874,-0.032323658302709168,0.86762646102783902,-31.434001212431276,0,2.078535505463643,-28.520162904242504,8.8817841970012523e-14,0,1
2.1108014205766579,0.0013808187964197307,38,42,62,2.2860242761898428,0.016629541216348798,0.8375137110334504,12.377332188883811,0,7.6817072744771009,20.913182715610709,1.4210854715202004e-14,0,1
2.1108014205766579,0.0013808187964197307,38,42,63,1.7722494207559569,0.71255802377255961,0.85402241095479181,19.173570465795777,0,1.9697785160092143,22.709929416532344,-1.4210854715202004e-14,0,1
2.1108014205766579,0.0013808187964197307,38,42,64,2.0529075735698914,0.95843665182601256,0.93500152773578105,-46.074380121005042,0,-3.7624427180842823,-47.943384659527531,2.1316282072803006e-14,0,1
2.1108014205766579,0.0013808187964197307,38,42,65,2.9106331165760437,0.3219237789933399,1.1094928000990305,-77.798378752774028,0,2.5701032042596843,-73.796858969421976,8.5265128291212022e-14,0,1
2.1108014205766579,0.0013808187964197307,38,42,66,3.4311436874129897,-1.1223339606444407,1.2548202762254492,-55.099353928427703,0,18.035380686102119,-36.931486926744583,-9.2370555648813024e-14,1.1102230246251565e-16,1
2.1108014205766579,0.0013808187964197307,38,42,67,3.7053169455882049,-0.94716171019029582,1.3129600061755327,7.854917346997726,0,1.3107867045925026,9.531502347575465,2.1316282072803006e-14,0,1
2.1108014205766579,0.0013808187964197307,38,42,68,3.3667707623756087,-0.76705845774009163,1.4230433484551819,40.516142294050752,0,8.3247349683437548,49.496862153109596,1.4210854715202004e-13,0,1
2.1108014205766579,0.0013808187964197307,38,42,69,3.1078479197875941,0.53206520979229299,1.6118893565490597,13.294366476480919,0,3.7942175027690941,19.232538545591368,-3.5527136788005009e-14,-4.4408920985006262e-16,1
2.1108014205766579,0.0013808187964197307,38,42,70,3.096793218203445,0.030234102448285172,1.7604467057547379,13.970063402964943,0,-9.0742819946012254,6.6864622165667402,1.1102230246251565e-13,0,1
2.1108014205766579,0.0013808187964197307,38,42,71,2.9111706782831259,0.84367978591488657,1.850024203323007,6.7410603509721962,0,5.1808186417744206,14.615582981984511,-7.2830630415410269e-14,0,1
2.1108014205766579,0.0013808187964197307,38,42,72,2.7607213866067055,1.8353902094397982,1.9934215813279148,-40.580925296859661,0,4.2299395718517339,-32.522173934240215,-7.815970093361102e-14,4.4408920985006262e-16,1
2.1108014205766579,0.0013808187964197307,38,42,73,3.4960446827153668,0.58332913327812608,2.2402907021597542,-135.79804372592372,0,2.9475771775353539,-130.02684671295049,0,0,1
2.1108014205766579,0.0013808187964197307,38,42,74,4.4638888579240845,-3.2381523908364089,2.5698489233970134,-33.64184676535794,0,22.533707421482863,-11.776442811314471,-2.7355895326763857e-13,-2.2204460492503131e-16,1
2.1108014205766579,0.0013808187964197307,38,42,75,3.6040955827447876,-0.73883608248917765,3.0698824046229767,168.78816727626491,0,-7.3701816333332859,163.74903196506543,-5.6843418860808015e-14,0,1
2.1108014205766579,0.0013808187964197307,38,42,76,2.7300636410715997,1.6630758281708045,3.6847811962452002,61.016631643212989,0,-3.5551310569494992,62.809357610679491,4.2632564145606011e-14,0,1
2.1108014205766579,0.0013808187964197307,38,42,77,2.799614448358569,0.97192175580747309,4.2164987071083377,-18.48963801736075,0,-6.4730749386410444,-19.774292493085984,-1.3855583347321954e-13,0,1
2.1108014205766579,0.0013808187964197307,38,42,78,3.0096698818931542,-0.1742299486493093,4.5887327564731821,-47.823601488037312,0,-15.420641372131541,-58.829740052344981,-4.9737991503207013e-14,0,1
2.1108014205766579,0.0013808187964197307,38,42,79,3.1629900860354425,-1.3012457765092504,4.7056121572252838,-25.419921751215217,0,-10.529136883750301,-32.544692254249483,7.1054273576010019e-15,0,1
2.1108014205766579,0.0013808187964197307,38,42,80,3.0864951038503006,-0.84786624630919971,4.4969014267886873,-6.6222666731256261,0,13.964167875060584,10.990936382414446,-1.0658141036401503e-14,-8.8817841970012523e-16,1
2.1108014205766579,0.0013808187964197307,38,42,81,2.9924317416910586,0.65191842449347281,3.9647758673165336,-19.831502008027513,0,17.469499886319927,2.2546921701024196,3.1530333899354446e-14,0,1
2.1108014205766579,0.0013808187964197307,38,42,82,3.1474018617181487,0.4453428169478808,3.5515147760423127,-20.550757655438417,0,-8.3687087347211264,-24.922608797169353,-4.2632564145606011e-14,0,1
2.1108014205766579,0.0013808187964197307,38,42,83,3.6561174890412675,-1.0696205571927098,3.5412176876358221,-44.922590145505886,0,-8.4508623684180542,-50.901855383480822,-1.2789769243681803e-13,0,1
2.1108014205766579,0.0013808187964197307,38,42,84,3.787616470193186,-0.69697822426211919,3.7607529842820346,-8.3525572696714203,0,2.0252829763499469,-3.2634995333015575,1.5010215292932116e-13,-4.4408920985006262e-16,1
2.1108014205766579,0.0013808187964197307,38,42,85,3.7362775563217965,-0.44917520340495343,3.9865443356099197,20.831226283971496,0,-5.3641080914268029,19.004487324749658,-1.4566126083082054e-13,0,1
2.1108014205766579,0.0013808187964197307,38,42,86,3.4927846428615319,-1.0867875756711176,4.1098332825181689,65.01735003287979,0,-13.422676552826644,54.617719186900203,2.1316282072803006e-14,0,1
2.1108014205766579,0.0013808187964197307,38,42,87,3.1405533971508728,-1.102337003999118,4.3293474618810226,27.034535727722936,0,-18.453883416425029,11.807662769179814,-1.3322676295501878e-13,0,1
2.1108014205766579,0.0013808187964197307,38,42,88,3.2720757890670571,-2.2177258690891417,4.5933610799055407,40.955674692721772,0,-4.5254729771198203,38.805836926418351,-7.1054273576010019e-15,0,1
2.1108014205766579,0.0013808187964197307,38,42,89,2.6391819011075115,-2.3209021556980702,4.6239066164131062,108.46243697705489,0,-2.6047177642236616,108.16072367354626,-1.4210854715202004e-13,0,1
2.1108014205766579,0.0013808187964197307,38,42,90,1.727599099473011,3.4898780211328724,4.3709868336789572,36.155694596596305,0,1.9828695309689062,45.99942898237704,4.9737991503207013e-14,0,1
2.1108014205766579,0.0013808187964197307,38,42,91,1.7149919366512647,1.8047952847157815,4.0960050908379397,-2.2160491233762274,0,-13.506835888620387,-9.8220846364428915,7.1054273576010019e-15,-8.8817841970012523e-16,1
2.1108014205766579,0.0013808187964197307,38,42,92,2.0149994034726939,0.77302271945965062,3.9539174125306991,-65.14620661624275,0,8.3865206644977093,-52.032745819754695,0,0,1
2.1108014205766579,0.0013808187964197307,38,42,93,2.6663771782089309,-0.8759888908801694,3.9047892475134134,-69.909182869290461,0,-10.554323920081352,-77.434706432738579,-9.9475983006414026e-14,0,1
2.1108014205766579,0.0013808187964197307,38,42,94,2.4002400438709359,0.2060025425333365,3.9208032019338273,66.015375460702018,0,-10.870580715008334,59.27160049016085,-1.4921397450962104e-13,8.8817841970012523e-16,1
2.1108014205766579,0.0013808187964197307,38,42,95,1.092435622270983,2.968818212682578,3.8252843093038811,44.967440531758967,0,2.8870602307447899,54.648603284490214,-2.8421709430404007e-14,-8.8817841970012523e-16,1
2.1108014205766579,0.0013808187964197307,38,42,96,0.66784729428683209,3.8438762243124707,3.1969813587176583,2.1411396874217896,0,-24.342917488044279,-15.160920217592359,2.4868995751603507e-14,0,1
2.1108014205766579,0.0013808187964197307,38,42,97,0.80655739974201146,1.5128188109304188,2.2546839468475186,-8.1095084579025389,0,-12.517125039246597,-16.859130739371199,-2.8421709430404007e-14,-4.4408920985006262e-16,1
2.1108014205766579,0.0013808187964197307,38,42,98,0.89665780125154404,0.53428170447483214,1.6746511777472759,-11.254860772031599,0,10.644939471392371,1.5990115815828805,3.4638958368304884e-14,-4.4408920985006262e-16,1
2.1108014205766579,0.0013808187964197307,38,42,99,0.98364564538136623,0.18423935082040799,1.3662405507304118,-20.020418442062223,0,1.5656731036515923,-16.904265436859813,2.4868995751603507e-14,-2.2204460492503131e-16,1
2.1108014205766579,0.0013808187964197307,38,42,100,1.4136792217587424,-0.047812700541620623,0.9976797179114083,-33.090971906267946,0,-26.309197049981041,-58.450301938879193,4.2632564145606011e-14,0,1
2.1108014205766579,0.0013808187964197307,38,42,101,1.8801752629257964,-0.4079565334193902,0.64898598914175332,-16.98705186720294,0,-9.6322003277586479,-26.378222739239227,-2.8421709430404007e-14,2.7755575615628914e-17,1
2.1108014205766579,0.0013808187964197307,38,42,102,1.8728430717282885,-0.48170598711551982,0.48490676579059588,11.323913941403212,0,32.949057442172084,44.276172162250376,-7.815970093361102e-14,2.7755575615628914e-17,1
2.1108014205766579,0.0013808187964197307,38,42,103,1.4638149170583683,-0.62700641870529794,0.41926068628700153,37.839856133219818,0,27.679006612141183,65.311117012942702,0,5.5511151231257827e-17,1
2.1108014205766579,0.0013808187964197307,38,42,104,1.1127044961575503,0.14689985394942076,0.26363987021917867,74.430836365001994,0,-40.219736628681055,34.62163946048954,3.5527136788005009e-14,0,1
2.1108014205766579,0.0013808187964197307,38,42,105,0.93469509850479171,0.0034168298634870906,0.076714387805197709,36.412770926058386,0,-18.56920274021169,17.923699403515382,-3.5527136788005009e-15,0,1
2.1108014205766579,0.0013808187964197307,38,42,106,0.77037524725912587,0.12296581775797605,0.0035317579921456538,9.733404146240872,0,9.3976615056753889,19.257563227666381,1.7763568394002505e-14,0,1
2.1108014205766579,0.0013808187964197307,38,42,107,0.62532163360287873,0.027117001889301343,3.0279628247315498e-05,3.4771364107888312,0,12.28698035591918,15.79126404822556,-3.5527136788005009e-14,0,1
2.1108014205766579,0.0013808187964197307,38,42,108,0.46741438901350718,0.019967998873554764,1.9808532983955443e-05,1.94455396636585,0,17.310560200981453,19.275101974753841,-1.7763568394002505e-14,3.4694469519536142e-18,1
2.1108014205766579,0.0013808187964197307,38,42,109,0.26393878653135328,0.036786920150690017,1.4937429313643896e-05,1.2793810521964022,0,16.336860088110285,17.65304299788669,0,-6.9388939039072284e-18,1
2.1108014205766579,0.0013808187964197307,38,42,110,0.21887502915004323,0.047184086469106976,7.6231565722913172e-06,0.50476616084821613,0,-5.716293535035943,-5.1643356645620475,-9.7699626167013776e-15,6.9388939039072284e-18,1
2.1108014205766579,0.0013808187964197307,38,42,111,0.31932956100815568,0.002141261055268572,1.3923571915008093e-06,0.079504689251632232,0,-8.2602435806709824,-8.1785962380068895,-1.2434497875801753e-14,-4.3368086899420177e-19,1
2.1108014205766579,0.0013808187964197307,38,42,112,0.35388634720812967,-0.0079546482754145054,2.8079269210129484e-08,0.28184014227512189,0,-0.56883725705975952,-0.29495173498078292,1.7930101847696278e-14,-1.7347234759768071e-18,1
2.1108014205766579,0.0013808187964197307,38,42,113,0.33483579495267179,-0.0026494470020909885,1.6288216389770402e-09,0.4886506114526219,0,2.7438845414751083,3.2298857075544607,8.8817841970012523e-15,0,1
2.1108014205766579,0.0013808187964197307,38,42,114,0.30147546755781346,-0.00096658121100941686,1.8299607592586753e-10,0.2958974155345282,0,2.8207815881463021,3.115712422652817,8.4376949871511897e-15,-1.0842021724855044e-19,1
2.1108014205766579,0.0013808187964197307,38,42,115,0.28626011865451462,-0.0016433972898135265,1.7485435210851106e-12,0.094482763843858286,0,0.76996381138620285,0.86280317794199612,-1.3766765505351941e-14,0,1
2.1108014205766579,0.0013808187964197307,38,42,116,0.28579905790569393,0.00052555236936689068,1.493774415273208e-12,0.10933710883054767,0,0.017085794495741331,0.12694845569714966,-5.5511151231257827e-15,1.0842021724855044e-19,1
2.1108014205766579,0.0013808187964197307,38,42,117,0.28402222874966504,0.0017971255083034465,1.2727567721970699e-12,0.18562104847932381,0,0.47407730614553628,0.66149548013443626,9.7699626167013776e-15,0,1
2.1108014205766579,0.0013808187964197307,38,42,118,0.27485831863333859,0.0017734327237035764,1.0114551252105032e-12,0.22008986848429651,0,1.1987967875454966,1.420660088754508,2.2204460492503131e-16,2.1684043449710089e-19,1
2.1108014205766579,0.0013808187964197307,38,42,119,0.26013986369684927,0.001205793162435283,7.8608245468458899e-13,0.21125050848648252,0,1.6551966428799101,1.8676529445296139,1.8207657603852567e-14,0,1
2.1108014205766579,0.0013808187964197307,38,42,120,0.24341133998918421,0.00070015648108530577,6.0752632924376818e-13,0.18147105048915313,0,1.8067463499980785,1.9889175569689244,5.3290705182007514e-15,0,1
2.1108014205766579,0.0013808187964197307,38,42,121,0.22712903488093814,0.00039594647905328369,4.5401161163916012e-13,0.14732523883638921,0,1.7740450744246055,1.9217662597405019,-3.5527136788005009e-15,0,1
2.1108014205766579,0.0013808187964197307,38,42,122,0.21245075649496087,0.00022946905928723397,2.7654424306078339e-13,0.11654863464969353,0,1.6619487535980138,1.778726857307271,-3.3306690738754696e-15,0,1
2.1108014205766579,0.0013808187964197307,38,42,123,0.19972963618518849,0.00013786451128512911,1.9706499210236926e-13,0.091328885805317506,0,1.5297287209610384,1.621195471277838,-3.5527136788005009e-15,2.7105054312137611e-20,1
2.1108014205766579,0.0013808187964197307,38,42,124,0.188938949082608,8.5652694481499055e-05,1.567809881919402e-13,0.071412348727695571,0,1.4043341152479825,1.4758321166703163,-7.7715611723760958e-15,1.3552527156068805e-20,1
2.1108014205766579,0.0013808187964197307,38,42,125,0.17991169528423018,5.461841668353741e-05,1.3936087839283572e-13,0.055806363041606008,0,1.2956128925530688,1.3514738740114978,2.2204460492503131e-15,0,1
2.1108014205766579,0.0013808187964197307,38,42,126,0.1724523752805161,3.5349830406590187e-05,1.2629579604350736e-13,0.043478290771437673,0,1.2056827624980242,1.2491964030999947,5.773159728050814e-15,0,1
2.1108014205766579,0.0013808187964197307,38,42,127,0.16638143993326585,2.2822982982576829e-05,9.0366819582854407e-14,0.033567358990818467,0,1.1336542208088167,1.1672444027827082,0,0,1
2.1108014205766579,0.0013808187964197307,38,42,128,0.16154952374489506,1.4221124070726005e-05,5.8792870571977567e-14,0.025408933096250651,0,1.0777642484751468,1.1031874026955271,5.1070259132757201e-15,0,1
2.1108014205766579,0.0013808187964197307,38,42,129,0.1578388516874118,8.1092524150714424e-06,2.9396435285988784e-14,0.018490654233007515,0,1.0362530120902063,1.0547517755756581,-1.5543122344752192e-15,-1.6940658945086007e-21,1
2.1108014205766579,0.0013808187964197307,38,42,130,0.15516418844784324,2.3466318182719913e-06,-1.1976325486884319e-13,0.012493723078432224,0,1.0076868529263889,1.0201829226365198,5.9952043329758453e-15,0,1
2.1108014205766579,0.0013808187964197307,38,42,131,0.15343923404786505,1.658844712584312e-05,-4.8558556065003693e-13,0.0066331143514392057,0,0.99105349416384447,0.99770319696192389,2.7755575615628914e-15,0,1
2.1108014205766579,0.0013808187964197307,38,42,132,0.15279925226005681,0,-3.7344360381830199e-13,0.0035652994659397018,0,0.98564357844257322,0.98920887790813949,3.219646771412954e-15,0,1
2.1121822393730776,0.0014001842065305564,38,42,0,0.0091868138524079726,0,7.0888675783805635,-0,0,-7.0888675783805644,-8.8817841970012523e-16,8.8817841970012523e-16,0,1
2.1121822393730776,0.0014001842065305564,38,42,1,0.089722277955769161,0.13397420947460237,8.3622050422288563,-2.9586042958589158,0,-4.566604985805844,0.97096997003870023,-1.4432899320127035e-15,0,1
2.1121822393730776,0.0014001842065305564,38,42,2,0.22587280412540212,0.078278969156750033,7.0177253740407952,0.11222123876724011,0,-6.292916059394738,0.91530952257004827,3.5527136788005009e-15,-8.8817841970012523e-16,1
2.1121822393730776,0.0014001842065305564,38,42,3,0.46928294900735029,-0.33501347055116293,6.1398091808543551,-9.9619063343436718,0,-2.2241480457773428,-6.3812586698178215,-1.7763568394002505e-15,0,1
2.1121822393730776,0.0014001842065305564,38,42,4,0.7796960612626227,-0.41871884371059576,5.4824417430194359,1.9911183266932406,0,-2.6575734782670102,4.3972677477350706,-3.2862601528904634e-14,8.8817841970012523e-16,0.25688380284863971
2.1121822393730776,0.0014001842065305564,38,42,5,0.4508800157731353,-0.12730577395045062,4.1388511471490492,-3.5275962738646269,0,2.9116492521683544,3.3955983515023265,7.9936057773011271e-15,0,0.25688380284863971
2.1121822393730776,0.0014001842065305564,38,42,6,0.46826296021802077,0.57300126195470824,3.4022389005828075,-4.3477188973887504,0,8.8103107459657899,8.4378320111145548,1.0658141036401503e-14,0,1
2.1121822393730776,0.0014001842065305564,38,42,7,0.30035925354461551,0.047081584446652336,4.5742317693499803,2.7400844894246577,0,-2.9822558390845892,4.3791420041367015,-1.5099033134902129e-14,0,1
2.1121822393730776,0.0014001842065305564,38,42,8,0.57852736768586399,-0.084953940789263438,5.252755011683754,3.9355948137743688,0,-8.5753219512087959,0.52807393346006393,-2.6645352591003757e-15,0,1
2.1121822393730776,0.0014001842065305564,38,42,9,0.55658728159534876,0.22530923643091905,4.360881145244158,0.8847182605864865,0,-1.4397089448067926,4.0311996974547721,-7.1054273576010019e-15,0,1
2.1121822393730776,0.0014001842065305564,38,42,10,0.84035349680632465,-0.034971741321648819,3.0564984074901274,-4.2093259189786778,0,-0.60047008384880607,-1.7882693366590057,3.1752378504279477e-14,0,1
2.1121822393730776,0.0014001842065305564,38,42,11,1.0091865598289265,-0.39790760994262053,1.8457019040205502,13.096431515442751,0,0.74306704300294246,15.287292852523624,-3.1974423109204508e-14,0,1
2.1121822393730776,0.0014001842065305564,38,42,12,0.2987709914301494,1.113917159650532,1.3375507869907652,9.3050509197103626,0,9.0840495639759613,20.840568430327622,-7.1054273576010019e-15,0,1
2.1121822393730776,0.0014001842065305564,38,42,13,0.21620971668055669,0.86750007152164088,1.3910621015246529,-4.0647223658215097,0,-0.20407412736486683,-2.010234320140083,-7.1054273576010019e-15,0,1
2.1121822393730776,0.0014001842065305564,38,42,14,0.79607477414895567,0.6274823787159719,1.6322327592571413,-14.851932954882898,0,2.5468274884765814,-10.045390328433204,3.1974423109204508e-14,0,1
2.1121822393730776,0.0014001842065305564,38,42,15,1.1087408575304769,-0.30169554886094907,2.0725464315705757,-23.120592066589388,0,17.177867257027575,-4.1718739268521858,2.4868995751603507e-14,0,1
2.1121822393730776,0.0014001842065305564,38,42,16,1.2839518971518484,-0.20883771599951673,2.7470335947512154,-17.152046228443993,0,6.3280215109546178,-8.2858288387376753,-4.4408920985006262e-14,-4.4408920985006262e-16,1
2.1121822393730776,0.0014001842065305564,38,42,17,1.308735466338474,-0.71873485939098147,3.9634116999089359,5.8427374081990848,0,-4.0084578519024223,5.0789563968146165,8.8817841970012523e-15,4.4408920985006262e-16,1
2.1121822393730776,0.0014001842065305564,38,42,18,1.2443349802021828,-0.48885959328194994,4.7103015958234957,30.652059032799901,0,-6.6978584287929914,28.175642606548458,-2.8421709430404007e-14,0,1
2.1121822393730776,0.0014001842065305564,38,42,19,0.56415851733728961,0.75631319925851725,4.9861699136285562,11.486125666989995,0,2.0698742220198505,19.298483001896923,3.5527136788005009e-15,-8.8817841970012523e-16,1
2.1121822393730776,0.0014001842065305564,38,42,20,0.72290152953392817,0.098727464589031477,4.4123551205654596,-11.008956729324876,0,-5.9209829263911145,-12.418857070561499,3.5527136788005009e-15,0,1
2.1121822393730776,0.0014001842065305564,38,42,21,0.45545868845305332,1.7895329101935524,3.3858054615579189,1.7218093836658723,0,13.374231304517052,20.271379059934397,-7.1054273576010019e-15,0,1
2.1121822393730776,0.0014001842065305564,38,42,22,0.40692759593681044,1.6667336793346834,4.1813323703282679,-16.072398580074267,0,-6.2655933081566344,-16.489925838567952,-7.1054273576010019e-15,0,1
2.1121822393730776,0.0014001842065305564,38,42,23,0.96440444895248723,-0.30702033212711033,5.7477299286864438,-5.4665132348443475,0,-9.0674972476518878,-9.0933008859369018,1.4210854715202004e-14,0,1
2.1121822393730776,0.0014001842065305564,38,42,24,0.83137407005732555,-0.0035240311716893125,6.8945120499955479,-3.4273850065880462,0,-10.550901390160014,-7.0872983779242027,8.8817841970012523e-15,8.8817841970012523e-16,1
2.1121822393730776,0.0014001842065305564,38,42,25,0.85347005991617264,0.33341647441973921,7.0947298043086722,-11.008177538532658,0,-6.3135788714336041,-9.8936101312378515,-1.7763568394002505e-15,8.8817841970012523e-16,1
2.1121822393730776,0.0014001842065305564,38,42,26,0.54173969038251224,1.0253290588893038,6.2809995351365533,-27.191396483367022,0,17.207268743815984,-2.6777991455251815,3.3750779948604759e-14,8.8817841970012523e-16,1
2.1121822393730776,0.0014001842065305564,38,42,27,0.26498563676612746,2.8484160217551433,5.7738151140808256,-24.879026530391094,0,-8.6255527256904116,-24.882348120245538,3.5527136788005009e-15,-1.7763568394002505e-15,1
2.1121822393730776,0.0014001842065305564,38,42,28,0.98425041441299366,1.0383183405395213,6.1544667730888918,-69.742762762280236,0,-12.439431883717571,-74.989409532369393,1.4210854715202004e-14,-8.8817841970012523e-16,1
2.1121822393730776,0.0014001842065305564,38,42,29,1.6420110828578385,-1.7281867280984455,6.8282429795456387,-39.424510278874962,0,-0.51918569906581979,-34.843639726493592,7.1054273576010019e-14,8.8817841970012523e-16,1
2.1121822393730776,0.0014001842065305564,38,42,30,1.5654376705942148,-2.1450566361532863,7.0970399944811229,13.069271736000985,0,-3.6784322611290592,14.342822833199763,2.1316282072803006e-14,0,1
2.1121822393730776,0.0014001842065305564,38,42,31,1.4608633704874889,-1.2536582161640379,6.9684385738139234,5.5279007844540047,0,-9.8307769497983735,1.4119041923055171,-7.6827433304060833e-14,0,1
2.1121822393730776,0.0014001842065305564,38,42,32,1.336545518706822,-1.7013858424246777,6.4498707640021182,-7.5672281654493503,0,7.1517262620413113,4.3329830181694016,-4.4408920985006262e-15,0,1
2.1121822393730776,0.0014001842065305564,38,42,33,0.99796323769274675,3.0115291298179443,5.7903799862474203,-13.344601310587604,0,-4.819900596194401,-9.3625927907166417,-2.1316282072803006e-14,0,1
2.1121822393730776,0.0014001842065305564,38,42,34,1.1096444921526423,1.7517274478915423,5.3275264143074592,-28.700754324617861,0,-4.9156500788067499,-26.537150541225607,-6.0396132539608516e-14,0,1
2.1121822393730776,0.0014001842065305564,38,42,35,1.5443651086309858,-0.15807661506486292,4.9921140937726296,-45.490062007211222,0,-0.29814504741201814,-40.954169575915472,5.6843418860808015e-14,-8.8817841970012523e-16,1
2.1121822393730776,0.0014001842065305564,38,42,36,1.9509826673707606,-1.1148455909403281,4.8296596397149747,-42.813329624233376,0,5.4053381518018204,-33.693177423656905,0,0,1
2.1121822393730776,0.0014001842065305564,38,42,37,2.1715232548735455,-1.5872130040512979,4.9385302462304104,-1.4920347903067155,0,12.133853426416708,13.993135878289106,-2.1316282072803006e-14,0,1
2.1121822393730776,0.0014001842065305564,38,42,38,1.9778592614336581,-1.1888778216128721,5.2629491854437234,28.252013675824909,0,0.77132917319508187,33.097414212850843,-1.3500311979441904e-13,0,1
2.1121822393730776,0.0014001842065305564,38,42,39,1.7926142456646998,-0.73774163497230782,5.3896718495170539,8.0446401873050881,0,4.5336152680688215,17.230185669918654,-3.1974423109204508e-14,0,1
2.1121822393730776,0.0014001842065305564,38,42,40,1.8894276480617236,-0.92278926188344235,5.3132958782670858,-9.9237102941612747,0,-10.034318568175015,-15.567522245952647,1.7763568394002505e-15,0,1
2.1121822393730776,0.0014001842065305564,38,42,41,2.0065391667447821,-0.7317055179794516,5.1099799884723485,-11.528696865782987,0,20.193972788010829,13.043550392720739,7.1054273576010019e-15,0,1
2.1121822393730776,0.0014001842065305564,38,42,42,2.3600652851153536,-0.41305861930744925,4.8526196827015067,-56.808396532803201,0,3.7028181237070705,-48.666017345702073,-5.6843418860808015e-14,0,1
2.1121822393730776,0.0014001842065305564,38,42,43,3.0769680790584202,-4.3444940555904781,4.5026235385490949,27.286470933618546,0,-39.104130703483676,-11.659530286906513,1.4033219031261979e-13,-4.4408920985006262e-16,1
2.1121822393730776,0.0014001842065305564,38,42,44,2.5848522623896462,-1.602197126874672,3.2760955134706133,110.71648967942151,0,-9.3929025612546546,102.99748550476279,1.5631940186722204e-13,0,1
2.1121822393730776,0.0014001842065305564,38,42,45,1.3498318984653059,2.6874041935910236,1.8014440792596027,30.441352460925412,0,25.043615753051029,59.973816486827069,-7.1054273576010019e-14,0,1
2.1121822393730776,0.0014001842065305564,38,42,46,1.7085063637074998,0.62003236587481703,1.4401276517770487,-5.3107105382593938,0,8.6628010648569926,5.4122505442494644,4.7961634663806763e-14,0,1
2.1121822393730776,0.0014001842065305564,38,42,47,1.3285195027094983,0.6505590852598907,1.7956019401838579,24.283293000402367,0,-4.5089397234320021,22.220514302414117,-8.1712414612411521e-14,0,1
2.1121822393730776,0.0014001842065305564,38,42,48,0.93997930697698084,1.4091233146838187,1.9278970597328362,21.083046394440835,0,-1.2313431096378185,23.188723659219669,3.5527136788005009e-15,0,1
2.1121822393730776,0.0014001842065305564,38,42,49,0.92575233340812413,1.3011217172306035,1.4823160144637213,-1.2163942426841117,0,1.2841955662162927,2.8512390552265057,2.3092638912203256e-14,0,1
2.1121822393730776,0.0014001842065305564,38,42,50,1.1217511553503774,1.531984692498352,0.80650601455818527,-20.764507458602949,0,-17.655398413740286,-36.0814151652867,5.6843418860808015e-14,4.4408920985006262e-16,1
2.1121822393730776,0.0014001842065305564,38,42,51,1.4392255640141067,1.4234917510547733,0.39154558704417519,-20.975271073921164,0,7.2961445797705435,-11.864089156051669,4.4408920985006262e-14,-2.2204460492503131e-16,1
2.1121822393730776,0.0014001842065305564,38,42,52,1.5642609688549107,0.80257213412746453,0.30005499224922833,-5.9035116857227878,0,11.10582284787743,6.3049382885313356,-1.0658141036401503e-14,-2.2204460492503131e-16,1
2.1121822393730776,0.0014001842065305564,38,42,53,1.7653687859148559,0.54737913339957356,0.39175082965655783,1.2131341390383727,0,7.6230565859254158,9.7753206880199208,-1.9539925233402755e-14,0,1
2.1121822393730776,0.0014001842065305564,38,42,54,1.5978677645933916,1.3308015702404916,0.682716664269858,11.213730337351182,0,13.429378793543005,26.656627365404539,4.9737991503207013e-14,0,1
2.1121822393730776,0.0014001842065305564,38,42,55,1.3832176563152219,2.2069055424822479,0.92351214288134598,0.23606840226593029,0,-6.5724040958659655,-3.2059180082364414,3.4638958368304884e-14,0,1
2.1121822393730776,0.0014001842065305564,38,42,56,2.0234593470803692,0.92756815154513039,0.94189106338148321,-51.268052207388791,0,-2.1450400366225142,-51.543633029084688,-6.3948846218409017e-14,0,1
2.1121822393730776,0.0014001842065305564,38,42,57,2.5336121256866098,-0.23091906406090801,0.99322522641676725,-30.758190987070513,0,1.8398775414632786,-28.156007283251377,-1.0658141036401503e-13,0,1
2.1121822393730776,0.0014001842065305564,38,42,58,2.4479090626105586,0.27401140811561231,1.1431384237212363,25.265628491196964,0,-2.7623328413170545,23.920445481716758,-6.7501559897209518e-14,2.2204460492503131e-16,1
2.1121822393730776,0.0014001842065305564,38,42,59,1.9654732238788288,0.5462802975747918,1.1583050482326316,29.563790478058255,0,4.6413663213547789,35.909742145220456,-7.1054273576010019e-15,0,1
2.1121822393730776,0.0014001842065305564,38,42,60,1.5678836398613505,1.1452411242503231,0.99689913160007859,-6.288019399354587,0,-1.2677381444383227,-5.4136172879425075,5.4178883601707639e-14,0,1
2.1121822393730776,0.0014001842065305564,38,42,61,2.1228302038729567,0.034651387875063611,0.87330346908869916,-32.315681971762594,0,1.3510768524251515,-30.05665026237368,-2.4868995751603507e-14,0,1
2.1121822393730776,0.0014001842065305564,38,42,62,2.3149015919765183,-0.024558614292049252,0.83792578131187556,8.587828572324204,0,7.9141968196175183,17.315392558961548,-4.2632564145606011e-14,0,1
2.1121822393730776,0.0014001842065305564,38,42,63,1.8036077181596701,0.65295354599243827,0.85122626716377314,22.367430632520126,0,2.8474035151489412,26.719013960825279,5.3290705182007514e-14,0,1
2.1121822393730776,0.0014001842065305564,38,42,64,1.9867064468680344,1.0828801524742717,0.92149518589957824,-37.763715575132501,0,-3.5537028281667635,-39.313043064925417,4.9737991503207013e-14,0,1
2.1121822393730776,0.0014001842065305564,38,42,65,2.80873302659433,0.42410050586180259,1.0845887656247497,-77.09037416590678,0,1.2528032926283825,-74.328881601791849,-1.4210854715202004e-13,0,1
2.1121822393730776,0.0014001842065305564,38,42,66,3.3801479960848111,-0.99525095225394666,1.2375337930224957,-61.435962540769687,0,17.955943330271715,-43.237736369729426,7.1054273576010019e-14,1.1102230246251565e-16,1
2.1121822393730776,0.0014001842065305564,38,42,67,3.7184782231878559,-1.0114956981376144,1.304747037911687,-1.1416887307288999,0,4.4399339216797458,3.5914965307249185,3.6859404417555197e-14,-2.2204460492503131e-16,1
2.1121822393730776,0.0014001842065305564,38,42,68,3.435116960000419,-0.91822353693945447,1.4023423817690126,42.414839262495654,0,4.492813519882171,47.391771627207383,-1.2079226507921703e-13,0,1
2.1121822393730776,0.0014001842065305564,38,42,69,3.1344045705142136,0.45343129049326758,1.5830091854470145,15.951780158250749,0,5.9055126410367089,23.893733275227738,1.5631940186722204e-13,0,1
2.1121822393730776,0.0014001842065305564,38,42,70,3.1060260109136308,0.025266032476010336,1.7385482909029539,15.428004040284286,0,-9.0356870869623869,8.1561312767008616,-1.0658141036401503e-14,0,1
2.1121822393730776,0.0014001842065305564,38,42,71,2.9313521499852824,0.71793447329224835,1.8263327468113444,10.691905772255748,0,3.6331313874485947,16.869304379807936,-7.1054273576010019e-14,0,1
2.1121822393730776,0.0014001842065305564,38,42,72,2.7158141575378747,1.7214577048732402,1.9531276373536013,-29.192890813127633,0,6.0481076778271925,-19.470197793073599,9.5923269327613525e-14,0,1
2.1121822393730776,0.0014001842065305564,38,42,73,3.3165011687349377,1.4088332410893489,2.1831594603321811,-128.4479764311497,0,-1.329827289002262,-126.18581101873043,1.7053025658242404e-13,0,1
2.1121822393730776,0.0014001842065305564,38,42,74,4.4476277243352591,-3.2415419067880769,2.4884060493646478,-72.822163939707849,0,25.353830745266162,-48.221469051865114,-2.1316282072803006e-13,0,1
2.1121822393730776,0.0014001842065305564,38,42,75,3.8302033239776851,-1.4024934059644747,2.9468399857523009,156.98396675580051,0,-4.6835778166903506,153.84473551889798,2.8421709430404007e-13,0,1
2.1121822393730776,0.0014001842065305564,38,42,76,2.8167919826514747,1.5202233086970147,3.5558433863316412,86.733191016519314,0,-4.0750420592698919,87.734215652278081,-8.5265128291212022e-14,0,1
2.1121822393730776,0.0014001842065305564,38,42,77,2.7723097335982141,1.1244146548434371,4.1174583188800202,-4.8722005739363752,0,-4.9310152220389414,-4.5613428222518593,-1.2345680033831741e-13,-8.8817841970012523e-16,1
2.1121822393730776,0.0014001842065305564,38,42,78,2.9284366710403895,0.20060438388498136,4.542058292713067,-42.558181407149519,0,-15.42580104360356,-53.241319774155031,1.0658141036401503e-13,0,1
2.1121822393730776,0.0014001842065305564,38,42,79,3.1180517632470792,-1.0050146739456314,4.7139316498650796,-32.352565644972131,0,-12.394333729312777,-41.037982398365457,9.2370555648813024e-14,4.4408920985006262e-16,1
2.1121822393730776,0.0014001842065305564,38,42,80,3.1016715953973919,-1.1624987222366829,4.5708249183243392,-7.0033876630415115,0,8.6695280724847841,5.0744666055309287,-1.3855583347321954e-13,0,1
2.1121822393730776,0.0014001842065305564,38,42,81,2.9955450630196765,0.53109098449515502,4.0748974362915646,-23.967001494783943,0,21.457894170587647,2.0968810965904225,1.532107773982716e-13,0,1
2.1121822393730776,0.0014001842065305564,38,42,82,3.1129882550352015,0.37606548136140039,3.5978327968733774,-18.305812637277882,0,-3.3283078462281437,-17.660222205271246,1.5276668818842154e-13,0,1
2.1121822393730776,0.0014001842065305564,38,42,83,3.5858312503551182,-0.78134850337460238,3.5201858227149501,-41.888751394731827,0,-13.260514414852359,-52.410428490243838,-7.815970093361102e-14,0,1
2.1121822393730776,0.0014001842065305564,38,42,84,3.7831101686954964,-0.78525958822464204,3.7158461138018888,-16.785079576699719,0,3.0296871107438981,-10.824805940378573,6.5725203057809267e-14,4.4408920985006262e-16,1
2.1121822393730776,0.0014001842065305564,38,42,85,3.7625193096361311,-0.34940875654210513,3.9523587849784971,11.269957676735828,0,-3.374037518702977,11.498870186469244,-1.4743761767022079e-13,0,1
2.1121822393730776,0.0014001842065305564,38,42,86,3.5682018161323783,-1.0639263857930072,4.0767468103037112,64.965151594855726,0,-13.935336049446324,54.042635969920113,5.6843418860808015e-14,0,1
2.1121822393730776,0.0014001842065305564,38,42,87,3.1568576398443415,-0.95932601232865888,4.2706965081924331,30.350258947931639,0,-19.345199500102861,14.316429943692551,-1.2612133559741778e-13,0,1
2.1121822393730776,0.0014001842065305564,38,42,88,3.3256596181058544,-2.0006378088461023,4.5595433038018305,25.905116628700789,0,-4.0391964645899501,24.424825659066567,5.3290705182007514e-14,0,1
2.1121822393730776,0.0014001842065305564,38,42,89,2.7885322613903045,-2.9214085917159691,4.6544902885493427,117.17033307511771,0,-5.5967167330416183,113.30669803890946,1.5631940186722204e-13,2.2204460492503131e-16,1
2.1121822393730776,0.0014001842065305564,38,42,90,1.7911159756364519,3.2347283441363275,4.4406314563690668,48.801292573798364,0,4.9711439023126118,61.447796276616366,-2.8421709430404007e-14,0,1
2.1121822393730776,0.0014001842065305564,38,42,91,1.7014294175652389,1.7969235531594761,4.1531122203438322,1.4503845486738189,0,-14.07112233812706,-6.6707020159499324,-6.4837024638109142e-14,8.8817841970012523e-16,1
2.1121822393730776,0.0014001842065305564,38,42,92,1.9431516100154465,0.99001932147783744,3.9824444815021711,-52.877468941867221,0,6.7715538891747018,-41.133451249712508,-7.1054273576010019e-15,0,1
2.1121822393730776,0.0014001842065305564,38,42,93,2.5594538800713615,-0.63132859478224512,3.9246591176986945,-79.211721380655945,0,-7.138965797265433,-83.057356655004924,-5.6843418860808015e-14,-4.4408920985006262e-16,1
2.1121822393730776,0.0014001842065305564,38,42,94,2.4820833839216307,-0.14182445599491822,3.9316787054145212,54.978975390343045,0,-15.562390377136822,43.206439262625828,-1.4921397450962104e-13,0,1
2.1121822393730776,0.0014001842065305564,38,42,95,1.1678954408842921,2.7418729962872845,3.8431465472337294,49.660565391821478,0,6.3444681590950864,62.590053094437579,3.5527136788005009e-14,0,1
2.1121822393730776,0.0014001842065305564,38,42,96,0.64691281067936068,4.0730894850692252,3.267769311065118,3.0702199392083278,0,-22.595469282648047,-12.184390547305377,2.8421709430404007e-14,-8.8817841970012523e-16,1
2.1121822393730776,0.0014001842065305564,38,42,97,0.78327799512578999,1.7593870147916615,2.344968463592406,-6.8297835261385051,0,-16.312997670218746,-19.038425717973183,-1.0658141036401503e-14,0,1
2.1121822393730776,0.0014001842065305564,38,42,98,0.89886574649908657,0.60587045783150717,1.731813596410102,-11.125762765553507,0,8.2808461501579522,-0.50723256115394477,3.5971225997855072e-14,-4.4408920985006262e-16,1
2.1121822393730776,0.0014001842065305564,38,42,99,0.96030391792648184,0.19996826956695846,1.4217332203054456,-17.671879456738857,0,7.0373537423683539,-9.0128242244981003,-1.0658141036401503e-14,-2.2204460492503131e-16,1
2.1121822393730776,0.0014001842065305564,38,42,100,1.3329699461851294,-0.026660421996900441,1.0662226000121708,-32.209108943731138,0,-24.155956434913193,-55.325503200629058,-4.2632564145606011e-14,-2.2204460492503131e-16,1
2.1121822393730776,0.0014001842065305564,38,42,101,1.8437517171513085,-0.31651417348291933,0.69299893136998003,-22.74887183026906,0,-14.986495428921669,-37.358882501303668,-2.8421709430404007e-14,0,1
2.1121822393730776,0.0014001842065305564,38,42,102,1.9339804424834397,-0.52156354559668527,0.49249599626186313,8.620279148273351,0,24.198354385784519,32.789565984723048,0,0,1
2.1121822393730776,0.0014001842065305564,38,42,103,1.553997735045008,-0.70099258982313839,0.42644703959361918,29.958591552558328,0,38.08046735864508,67.764513360973893,5.6843418860808015e-14,0,1
2.1121822393730776,0.0014001842065305564,38,42,104,1.1605107066874614,0.072923080438750426,0.29440724347191249,73.562171864026979,0,-32.322078616060338,41.607423571877305,-3.5527136788005009e-14,0,1
2.1121822393730776,0.0014001842065305564,38,42,105,0.95944447954254286,0.0086565112472028818,0.10312059802408327,45.256393491411636,0,-27.255860992444273,18.11230960823865,2.1316282072803006e-14,0,1
2.1121822393730776,0.0014001842065305564,38,42,106,0.79696645253712906,0.12112129444293594,0.0080419527469083492,12.198563599919876,0,7.174460230405999,19.502187077515718,-1.0658141036401503e-14,0,1
2.1121822393730776,0.0014001842065305564,38,42,107,0.64712650781989567,0.042926038790184438,3.8247642246439938e-05,4.0000202375055336,0,12.275391265822396,16.31837578976036,1.0658141036401503e-14,0,1
2.1121822393730776,0.0014001842065305564,38,42,108,0.49402981212315433,0.012862025509530474,2.0312814235412084e-05,2.1075957831221652,0,16.518577135247849,18.63905525669378,-1.0658141036401503e-14,0,1
2.1121822393730776,0.0014001842065305564,38,42,109,0.28831444011684093,0.046320703490298321,1.5422477320190723e-05,1.3826609117259956,0,18.030448098107833,19.459445135801445,1.4210854715202004e-14,0,1
2.1121822393730776,0.0014001842065305564,38,42,110,0.21174401739339516,0.043439752170479302,8.40331655437776e-06,0.62824300016859758,0,-3.0770479055931488,-2.4053567499375177,-5.773159728050814e-15,0,1
2.1121822393730776,0.0014001842065305564,38,42,111,0.30803640159438805,0.008445171480932271,1.8953578373370303e-06,0.083052644381817697,0,-9.1758014193070743,-9.0843017080864872,-7.1054273576010019e-15,0,1
2.1121822393730776,0.0014001842065305564,38,42,112,0.35347907230843162,-0.0094318354357106511,4.4915999129685469e-08,0.23139691870798804,0,-1.3367069078116289,-1.1147417796233525,1.4876988529977098e-14,-1.7347234759768071e-18,1
2.1121822393730776,0.0014001842065305564,38,42,113,0.33929568184795045,-0.0029916112717712157,2.1594795562185353e-09,0.48387048024616552,0,2.4315253119313205,2.9124041830651946,6.2172489379008766e-15,0,1
2.1121822393730776,0.0014001842065305564,38,42,114,0.30577770183525094,-0.00056615446440577027,2.3051269167351227e-10,0.33435611255948361,0,3.0317801815200829,3.3655701398456737,1.6431300764452317e-14,0,1
2.1121822393730776,0.0014001842065305564,38,42,115,0.28745149350022758,-0.00187568551587673,1.8704842896788418e-12,0.10911876283703149,0,1.0133553110481885,1.1205983883712138,1.6209256159527285e-14,0,1
2.1121822393730776,0.0014001842065305564,38,42,116,0.28597435071949701,0.00017748895527211527,1.572164909369178e-12,0.099730148948622421,0,0.053577268024794643,0.15348490593026134,1.9567680809018384e-14,0,1
2.1121822393730776,0.0014001842065305564,38,42,117,0.28493563414238138,0.0016953779510142527,1.348969752568152e-12,0.17591693706319109,0,0.38581996263802043,0.56343227765357473,1.4654943925052066e-14,0,1
2.1121822393730776,0.0014001842065305564,38,42,118,0.27681999278721414,0.0018060368292427552,1.0865793487191411e-12,0.21740125096830687,0,1.1134921633563648,1.332699451155001,3.9968028886505635e-15,0,1
2.1121822393730776,0.0014001842065305564,38,42,119,0.26271875398784444,0.0012818638665469213,8.5794040760589494e-13,0.21352386325663958,0,1.6153325805856078,1.8301383077096522,1.5765166949677223e-14,0,1
2.1121822393730776,0.0014001842065305564,38,42,120,0.24615767473637612,0.00075494184683838833,6.7720676844018608e-13,0.18570276390331081,0,1.8035878327517394,1.9900455385025657,-9.1038288019262836e-15,0,1
2.1121822393730776,0.0014001842065305564,38,42,121,0.22978264585471306,0.00042689993574785833,5.1389323907358176e-13,0.15168998452607205,0,1.7902525278155779,1.9423694122779116,2.886579864025407e-15,-5.4210108624275222e-20,1
2.1121822393730776,0.0014001842065305564,38,42,122,0.21490685597322734,0.00024623057555181102,3.2771581559565276e-13,0.12030484225002901,0,1.6855494519547403,1.8061005247806488,4.4408920985006262e-16,0,1
2.1121822393730776,0.0014001842065305564,38,42,123,0.20196821336459947,0.00014710145474483105,2.3734899601279833e-13,0.094322487563414187,0,1.5546704046117823,1.6491399936301787,-8.8817841970012523e-16,0,1
2.1121822393730776,0.0014001842065305564,38,42,124,0.19097680580966628,9.0900789751388066e-05,1.8835493720281704e-13,0.073719324851428458,0,1.4280976318535519,1.5019078574949201,-3.9968028886505635e-15,0,1
2.1121822393730776,0.0014001842065305564,38,42,125,0.18177783581233545,5.7686590570126361e-05,1.6657979995393645e-13,0.057559118904481107,0,1.3174697279752738,1.3750865334704916,-4.4408920985006262e-16,0,1
2.1121822393730776,0.0014001842065305564,38,42,126,0.1741772891543365,3.7180685897382117e-05,1.5242596074216406e-13,0.044800588600382205,0,1.2255992060212328,1.2704369753076648,-6.6613381477509392e-16,-6.7762635780344027e-21,1
2.1121822393730776,0.0014001842065305564,38,42,127,0.16799319294464393,2.3922277141460953e-05,1.1431947055662305e-13,0.034557178275843745,0,1.1519322568191046,1.1865133573722042,2.2204460492503131e-15,0,1
2.1121822393730776,0.0014001842065305564,38,42,128,0.16307282564651052,1.4865991592560758e-05,8.0568007820858154e-14,0.026138579584163442,0,1.0946810047081037,1.1208344502839402,-3.7747582837255322e-15,0,1
2.1121822393730776,0.0014001842065305564,38,42,129,0.15929527276468375,8.4634536394682004e-06,5.3349086259757421e-14,0.01901100517254771,0,1.0521870466778969,1.0712065153041375,-4.2188474935755949e-15,0,1
2.1121822393730776,0.0014001842065305564,38,42,130,0.15657287620320617,2.4539431471356246e-06,-1.1758574114395513e-13,0.012841764223713774,0,1.022903870522726,1.0357480886894694,-4.8849813083506888e-15,-4.2351647362715017e-22,1
2.1121822393730776,0.0014001842065305564,38,42,131,0.15481688137547814,1.6992714023848344e-05,-5.5744351357134289e-13,0.0068182024802148,0,1.0056977818721555,1.0125329770658367,6.2172489379008766e-15,3.3881317890172014e-21,1
2.1121822393730776,0.0014001842065305564,38,42,132,0.15416517047225764,0,-4.376802587024997e-13,0.0036655005062057608,0,0.99956904166181315,1.0032345421675812,-8.8817841970012523e-16,0,1
2.1135824235796083,0.0014194811003979092,38,42,0,0.0091868138524079726,0,7.090888472639727,-0,0,-7.0908884726397252,1.7763568394002505e-15,-1.7763568394002505e-15,0,1
2.1135824235796083,0.0014194811003979092,38,42,1,0.091081814772832795,0.12073349716316883,8.3507111942974586,-3.0422193997589879,0,-6.61192962101254,-1.1827043293109005,-2.6645352591003757e-15,0,1
2.1135824235796083,0.0014194811003979092,38,42,2,0.22715440606299173,0.07995497248593475,6.981605759701484,0.13045397381205381,0,-8.3697274346188699,-1.1777127286193974,-9.7699626167013776e-15,0,1
2.1135824235796083,0.0014194811003979092,38,42,3,0.46034801140008519,-0.30365491442050052,6.0961297967083476,-10.11184375114993,0,-3.8714619305920177,-8.1908307994541012,-1.5987211554602254e-14,0,1
2.1135824235796083,0.0014194811003979092,38,42,4,0.78585304611488749,-0.42494741431955863,5.4682364363223872,1.7569233705351093,0,-3.9690059268068802,2.8312064657310581,3.6859404417555197e-14,8.8817841970012523e-16,0.27525363445715234
2.1135824235796083,0.0014194811003979092,38,42,5,0.45563447895663006,-0.13502441330580295,4.1501556535098683,-3.247089470885582,0,1.6506543203714499,2.4186960896899325,-1.3766765505351941e-14,0,0.27525363445715234
2.1135824235796083,0.0014194811003979092,38,42,6,0.48007747933734135,0.56333392823491546,3.380204208857414,-4.6793924568410805,0,8.3055679065975951,7.5697135868488443,-1.1546319456101628e-14,0,1
2.1135824235796083,0.0014194811003979092,38,42,7,0.30649085901696227,0.082967477382256849,4.5361853699082726,2.5328073024375408,0,-3.2752717058515426,3.8766884438765272,-1.5099033134902129e-14,8.8817841970012523e-16,1
2.1135824235796083,0.0014194811003979092,38,42,8,0.57926676846737524,-0.11046589056712808,5.2674878081663188,4.3744300064029824,0,-9.2315354419412614,0.2999164820609117,-1.1213252548714081e-14,0,1
2.1135824235796083,0.0014194811003979092,38,42,9,0.56223170374509568,0.20642053442571751,4.4270939145372896,0.78400297531370899,0,-1.9606917158639139,3.4568257084128025,-7.9936057773011271e-15,0,1
2.1135824235796083,0.0014194811003979092,38,42,10,0.83784959032411188,-0.033955790349490034,3.1362983051609552,-4.7077232878682933,0,-1.1328407644704681,-2.7382215375272962,-3.4194869158454821e-14,0,1
2.1135824235796083,0.0014194811003979092,38,42,11,1.0305915858416375,-0.46120678627664358,1.9182518654931697,12.861220974819627,0,-0.29635553118873709,14.021910522847415,-5.6843418860808015e-14,0,1
2.1135824235796083,0.0014194811003979092,38,42,12,0.32795162620141344,1.1205339710077444,1.3647675778519557,10.528897906031485,0,8.7749770894265815,21.789176544317769,-2.1316282072803006e-14,-4.4408920985006262e-16,1
2.1135824235796083,0.0014194811003979092,38,42,13,0.21339501833407085,0.84250445859250223,1.371295913741883,-3.5723234422352137,0,0.19563398868797272,-1.1628890812128558,4.2188474935755949e-15,0,1
2.1135824235796083,0.0014194811003979092,38,42,14,0.78200937726264874,0.66676023086800806,1.6013098478228935,-14.283193794775055,0,1.575108532084772,-10.440015183999382,-3.1974423109204508e-14,0,1
2.1135824235796083,0.0014194811003979092,38,42,15,1.1028994655464619,-0.30965545421872342,2.0356008198657616,-22.528164741564456,0,17.081749772398812,-3.7204696035186053,4.929390229335695e-14,0,1
2.1135824235796083,0.0014194811003979092,38,42,16,1.2723502104738325,-0.17435713190838142,2.6799288831471668,-18.021694818766374,0,6.7761109661925811,-8.7400121013350063,-1.7763568394002505e-14,0,1
2.1135824235796083,0.0014194811003979092,38,42,17,1.3158469408709512,-0.75047279353622587,3.8770829431862386,2.7468477398881577,0,-3.5165222559651044,2.356935633573066,-5.9952043329758453e-14,0,1
2.1135824235796083,0.0014194811003979092,38,42,18,1.2837860699887214,-0.50335463984991158,4.6609393625376718,30.16089068361039,0,-6.9839196024258312,27.334555803872316,7.1054273576010019e-14,0,1
2.1135824235796083,0.0014194811003979092,38,42,19,0.59117994844654409,0.69280247980873844,5.0057187526655991,14.089852162708006,0,1.8137511193636044,21.602124514545949,-3.907985046680551e-14,0,1
2.1135824235796083,0.0014194811003979092,38,42,20,0.70551284200056763,0.14262504637496853,4.5285361231598849,-10.304971495642377,0,-5.6303452413762463,-11.264155567483769,-2.1316282072803006e-14,0,1
2.1135824235796083,0.0014194811003979092,38,42,21,0.48384235325736769,1.6714599900666454,3.4541785681371096,3.3079855677953094,0,11.441335637005873,19.874959763004938,-1.0658141036401503e-14,0,1
2.1135824235796083,0.0014194811003979092,38,42,22,0.38383866221078744,1.818976720351388,4.1255487738096956,-14.729456544602185,0,-5.946493277488142,-14.731424327929243,-7.1054273576010019e-15,0,1
2.1135824235796083,0.0014194811003979092,38,42,23,0.95167215266676808,-0.32366662223204301,5.6791817420195372,-4.8400700404842478,0,-9.6540901735149554,-9.138645094211709,-1.2434497875801753e-14,0,1
2.1135824235796083,0.0014194811003979092,38,42,24,0.82145054680158647,-0.035019200538149775,6.8894448922598919,-1.6590177653085965,0,-9.0873641728729169,-3.8919562464597712,2.2648549702353193e-14,0,1
2.1135824235796083,0.0014194811003979092,38,42,25,0.83961718326484269,0.35564018361511129,7.1802647989547523,-7.6634467352148103,0,-9.2678072922550641,-9.3953490449000103,2.8421709430404007e-14,0,1
2.1135824235796083,0.0014194811003979092,38,42,26,0.53799027831068691,1.1106128193515232,6.3711968363625164,-29.35322813202491,0,17.351036880079437,-4.5203815962314344,-9.7699626167013776e-15,0,1
2.1135824235796083,0.0014194811003979092,38,42,27,0.23014576590676439,2.7971623718464094,5.786632510956375,-21.933148593096021,0,-5.7084866384897506,-19.057840348782989,7.1054273576010019e-15,0,1
2.1135824235796083,0.0014194811003979092,38,42,28,0.8792514275287181,1.2186430092741491,6.1063711253397441,-65.625848424994899,0,-13.436778467896328,-71.737612758277336,1.4210854715202004e-14,0,1
2.1135824235796083,0.0014194811003979092,38,42,29,1.5932235688147616,-1.3561809472994901,6.8019619963352618,-49.557035182568548,0,-0.09518498634431255,-44.206439119877089,4.2632564145606011e-14,0,1
2.1135824235796083,0.0014194811003979092,38,42,30,1.585520264602327,-2.2560812774656069,7.115436264546295,11.979654166120447,0,-1.6312578694198165,15.20775128378132,1.2434497875801753e-14,0,1
2.1135824235796083,0.0014194811003979092,38,42,31,1.4628402964386893,-1.1994655604990525,7.0108720930545196,8.8950850090412921,0,-10.94255587073504,3.7639356708617182,-1.4210854715202004e-14,8.8817841970012523e-16,1
2.1135824235796083,0.0014194811003979092,38,42,32,1.3426124930960279,-2.1353457774108162,6.523248332818337,-7.9523675547516319,0,8.5309667856624749,4.9665017863183643,2.6645352591003757e-14,-8.8817841970012523e-16,1
2.1135824235796083,0.0014194811003979092,38,42,33,0.98485388313500843,2.9572701670345607,5.8820818913179345,-14.666177980742624,0,-3.3209095137302302,-9.1477354361203584,1.0658141036401503e-14,0,1
2.1135824235796083,0.0014194811003979092,38,42,34,1.0724875930784943,1.9674114715143909,5.3801585646033985,-27.269745118205023,0,-6.7061869028026777,-26.628361984889914,-4.6185277824406512e-14,0,1
2.1135824235796083,0.0014194811003979092,38,42,35,1.4870217271992148,0.13420852548291684,4.9948686095664989,-44.842648196968327,0,-0.20224452683536343,-39.915815588754278,-7.1054273576010019e-15,0,1
2.1135824235796083,0.0014194811003979092,38,42,36,1.9038060124743243,-1.053218003178652,4.7980915784056197,-45.417018266498744,0,4.1331223225113645,-37.539022368760413,-4.2632564145606011e-14,8.8817841970012523e-16,1
2.1135824235796083,0.0014194811003979092,38,42,37,2.1911162227301619,-1.6708759616310969,4.8646150163173321,-9.796520977579064,0,13.842268803822298,7.2394868809294692,8.1712414612411521e-14,8.8817841970012523e-16,1
2.1135824235796083,0.0014194811003979092,38,42,38,2.0242017380914916,-1.2823230119505196,5.2021302290367695,26.477084788005961,0,2.4785438791237402,32.875435884215953,-2.8421709430404007e-14,0,1
2.1135824235796083,0.0014194811003979092,38,42,39,1.816739679515309,-0.75117244413090445,5.3738804407809724,14.297337234404392,0,4.5549279987987425,23.474973229853202,-5.3290705182007514e-14,8.8817841970012523e-16,1
2.1135824235796083,0.0014194811003979092,38,42,40,1.8676302492781276,-0.86451184922303526,5.3240817559408669,-10.01941499525671,0,-12.451774955205869,-18.011620043744749,-7.1054273576010019e-15,0,1
2.1135824235796083,0.0014194811003979092,38,42,41,2.0248025400017551,-0.83733744103713192,5.1305243187430243,-12.5769792463296,0,18.845640730195385,10.561848361571677,-1.2434497875801753e-13,0,1
2.1135824235796083,0.0014194811003979092,38,42,42,2.2919238962331594,-0.13155721306098389,4.8802822086218782,-59.279267889996724,0,11.313276011080719,-43.217266883355116,-5.6843418860808015e-14,0,1
2.1135824235796083,0.0014194811003979092,38,42,43,3.0606425888951292,-4.0243679858195858,4.5967257736455336,16.77913588662441,0,-37.603095249533752,-20.251601575083395,-1.0658141036401503e-13,0,1
2.1135824235796083,0.0014194811003979092,38,42,44,2.7290677149057752,-2.5630087643299388,3.501296936558123,110.20138986963029,0,-16.919289292625077,94.220388749233393,7.1054273576010019e-14,2.2204460492503131e-16,1
2.1135824235796083,0.0014194811003979092,38,42,45,1.433806289115523,2.7566203425754043,1.9650120660026507,40.775976463730565,0,24.475734872863828,69.973343745172443,2.8421709430404007e-14,0,1
2.1135824235796083,0.0014194811003979092,38,42,46,1.7160845114413443,0.73974481521166691,1.4338544571133851,-4.8394705621520036,0,12.154480674768031,9.4886093849410802,3.1974423109204508e-14,-4.4408920985006262e-16,1
2.1135824235796083,0.0014194811003979092,38,42,47,1.3596323158967247,0.63316660441433548,1.7712826967771531,23.526181550361223,0,-4.1528819302070445,21.777748921345665,2.4868995751603507e-14,-4.4408920985006262e-16,1
2.1135824235796083,0.0014194811003979092,38,42,48,0.97244779161422168,1.3319645601597552,1.9460515384887511,21.330598806515717,0,-2.8035990465987144,21.805015858565511,-3.5527136788005009e-15,0,1
2.1135824235796083,0.0014194811003979092,38,42,49,0.92974459330229542,1.3034925359841525,1.5400489473162713,1.2434793398286312,0,3.7686722828720884,7.8556931060011443,-1.865174681370263e-14,0,1
2.1135824235796083,0.0014194811003979092,38,42,50,1.0712305276866709,1.5770525620805562,0.86568135456081041,-19.586816664318278,0,-16.848674645896569,-33.992757393573484,-7.1054273576010019e-14,0,1
2.1135824235796083,0.0014194811003979092,38,42,51,1.4226136537529328,1.4488940345648655,0.41762809445026683,-22.910389081278606,0,3.5379020477448928,-17.505964904518581,4.2632564145606011e-14,0,1
2.1135824235796083,0.0014194811003979092,38,42,52,1.5730890438696621,0.86618554442464624,0.30035407117683544,-8.2268684847835729,0,12.095332613416264,5.0350037442341726,3.5527136788005009e-14,0,1
2.1135824235796083,0.0014194811003979092,38,42,53,1.7790560355559928,0.47852526947071344,0.37571648493363119,1.4844099232386956,0,7.0155094835329335,9.3541611611759734,5.8619775700208265e-14,0,1
2.1135824235796083,0.0014194811003979092,38,42,54,1.6351919532298014,1.2077227492629268,0.65725516862897704,10.841460965088482,0,15.024443506694462,27.730882389674846,-4.2632564145606011e-14,-2.2204460492503131e-16,1
2.1135824235796083,0.0014194811003979092,38,42,55,1.3787287805526574,2.2010345469956976,0.91989284968512675,5.1509978339597753,0,-4.9994693184099734,3.272455912230626,-5.5511151231257827e-14,0,1
2.1135824235796083,0.0014194811003979092,38,42,56,1.951288766165838,1.0012982141402342,0.94919591531993308,-46.596810518027382,0,-4.1457663270666574,-48.792082715633875,7.815970093361102e-14,-2.2204460492503131e-16,1
2.1135824235796083,0.0014194811003979092,38,42,57,2.4941885289696417,-0.049091921751645562,0.97817752226328825,-37.083471036933268,0,2.8360891971527757,-33.318296239268854,-1.3500311979441904e-13,0,1
2.1135824235796083,0.0014194811003979092,38,42,58,2.4814020925872335,0.08094133643908763,1.1198389630065657,20.647030115618875,0,-3.6131632990262919,18.234647116038239,1.7763568394002505e-14,2.2204460492503131e-16,1
2.1135824235796083,0.0014194811003979092,38,42,59,2.0157534776911512,0.6055791547547642,1.1535499839895946,32.894210350982895,0,4.0874664715928724,38.74080596132012,-5.6843418860808015e-14,0,1
2.1135824235796083,0.0014194811003979092,38,42,60,1.5603035784345727,1.1947406847873734,1.0050857579912202,-3.4541982268768976,0,-0.24037266524320813,-1.4947444493415121,1.9317880628477724e-14,0,1
2.1135824235796083,0.0014194811003979092,38,42,61,2.0807453568743686,0.10569273426444792,0.87921499131586756,-32.749922122019299,0,0.62253727698041084,-31.142477119458576,-5.3290705182007514e-14,-1.1102230246251565e-16,1
2.1135824235796083,0.0014194811003979092,38,42,62,2.339146331167453,-0.058431937200347839,0.83896057901386212,4.4465827237809128,0,7.9850899905359336,13.212201356130361,3.5527136788005009e-15,0,1
2.1135824235796083,0.0014194811003979092,38,42,63,1.8410192595216872,0.6089315036987476,0.84891584265013154,24.815750409731372,0,3.6962998643300047,29.969897620410254,7.1054273576010019e-15,0,1
2.1135824235796083,0.0014194811003979092,38,42,64,1.9316609448578703,1.1612397037239683,0.9097361628076388,-29.402819430335867,0,-3.1999455597517525,-30.531789123556013,-7.1054273576010019e-15,0,1
2.1135824235796083,0.0014194811003979092,38,42,65,2.7046589004864212,0.52045525519954172,1.0607450253924866,-75.211510686646363,0,0.032500217519422094,-73.597810188534908,-8.5265128291212022e-14,0,1
2.1135824235796083,0.0014194811003979092,38,42,66,3.3196072004937842,-0.82587125549650242,1.2181497136608246,-67.122143790364461,0,17.087618506716957,-49.642246825483177,1.4210854715202004e-14,5.5511151231257827e-17,1
2.1135824235796083,0.0014194811003979092,38,42,67,3.7235069799079863,-1.0728983065497462,1.2950985545738429,-10.769631938379355,0,8.2960959526263061,-2.2513357377289527,-9.50350909079134e-14,0,1
2.1135824235796083,0.0014194811003979092,38,42,68,3.5014741701523375,-1.0259916665201465,1.3836399314478873,43.26115920578146,0,0.70157720449790795,44.320384675207109,-1.4210854715202004e-13,1.1102230246251565e-16,1
2.1135824235796083,0.0014194811003979092,38,42,69,3.1678601984812413,0.33386915289501662,1.5550848246308113,18.851946883111978,0,7.4182808456517604,28.159181706289566,-1.5631940186722204e-13,0,1
2.1135824235796083,0.0014194811003979092,38,42,70,3.1174460971136573,0.046756655792281498,1.7163076003956301,16.629440679709376,0,-8.4372179638930724,9.9552869720042132,-1.2789769243681803e-13,0,1
2.1135824235796083,0.0014194811003979092,38,42,71,2.9549722835530461,0.56937215934708241,1.8046808057883383,14.104568822853011,0,1.7915017688531212,18.270123556841551,-8.8817841970012523e-14,0,1
2.1135824235796083,0.0014194811003979092,38,42,72,2.6885522940899871,1.6113161045018143,1.915809791257749,-18.634560381704059,0,7.8539065924302056,-7.2535278935142893,-7.815970093361102e-14,0,1
2.1135824235796083,0.0014194811003979092,38,42,73,3.1398177890582621,2.0561058941438812,2.128351787265129,-116.68766239891008,0,-4.8359168184568713,-117.33912153595793,2.8421709430404007e-14,0,1
2.1135824235796083,0.0014194811003979092,38,42,74,4.3801087849531353,-3.0795689826971175,2.4130889107217857,-107.07165705711711,0,26.249204355343071,-81.488932773749369,9.9475983006414026e-14,2.2204460492503131e-16,1
2.1135824235796083,0.0014194811003979092,38,42,75,4.045614292909117,-2.0108059134523826,2.8299856054196657,133.64006920634287,0,-0.50859056804950586,133.95065833026067,-2.2737367544323206e-13,2.2204460492503131e-16,1
2.1135824235796083,0.0014194811003979092,38,42,76,2.9396360457801403,1.2597268749415413,3.4221585669455115,111.22488693235707,0,-5.0695913155319605,110.83718105871215,-8.5265128291212022e-14,0,1
2.1135824235796083,0.0014194811003979092,38,42,77,2.7659230134179253,1.2035202994923546,4.0078652266719601,9.806268814278722,0,-3.4371424027775608,11.580511937665477,-7.9936057773011271e-14,0,1
2.1135824235796083,0.0014194811003979092,38,42,78,2.8538890159577748,0.52743214610798717,4.484587582576415,-32.915953467047217,0,-15.057614525063849,-42.961548263426664,-7.1054273576010019e-14,0,1
2.1135824235796083,0.0014194811003979092,38,42,79,3.0605910284250091,-0.76850299761365237,4.7087329637769439,-37.729056037891361,0,-13.796285756909944,-47.585111828638013,2.1316282072803006e-14,4.4408920985006262e-16,1
2.1135824235796083,0.0014194811003979092,38,42,80,3.1087767833950228,-1.3806718794585611,4.6277019620835276,-7.9914835860136577,0,2.9202954954757541,-1.8241580079129367,-8.9261931179862586e-14,-4.4408920985006262e-16,1
2.1135824235796083,0.0014194811003979092,38,42,81,2.9984810828140951,0.33018294896308165,4.1874382142392879,-24.69076440331088,0,23.735628890145417,3.5624856500369084,1.5587531265737198e-13,0,1
2.1135824235796083,0.0014194811003979092,38,42,82,3.0882606908195607,0.31523172342827221,3.6595326331170535,-21.2926292776759,0,3.265707458583706,-14.052157462546869,-7.1054273576010019e-15,4.4408920985006262e-16,1
2.1135824235796083,0.0014194811003979092,38,42,83,3.5124469961255795,-0.50240013840737197,3.5073628702451067,-37.937715845543934,0,-17.519929929520369,-52.452683043226571,1.0658141036401503e-13,4.4408920985006262e-16,1
2.1135824235796083,0.0014194811003979092,38,42,84,3.7679534463790203,-0.86298972347062475,3.6722162029938277,-23.9810464631983,0,2.8253341653901978,-18.346485818284897,-8.5265128291212022e-14,-4.4408920985006262e-16,1
2.1135824235796083,0.0014194811003979092,38,42,85,3.7786198460641702,-0.31663584761536812,3.9159424725709524,0.43438803484395327,0,-0.63483991807398821,3.3988547417255499,8.482103908136196e-14,0,1
2.1135824235796083,0.0014194811003979092,38,42,86,3.6438714614967407,-1.0582314449277612,4.048897200502843,63.339610872283018,0,-14.623287776155076,51.706988851703024,-3.5527136788005009e-14,0,1
2.1135824235796083,0.0014194811003979092,38,42,87,3.1769032789454008,-0.77474899855152435,4.2128018159704848,35.707331473745256,0,-20.082496173922692,19.062888117241528,2.1316282072803006e-14,-4.4408920985006262e-16,1
2.1135824235796083,0.0014194811003979092,38,42,88,3.3598588732409418,-1.8311144285101575,4.5156993155665068,9.0623724404817985,0,-3.5879481025609827,8.1590092249771651,-3.0198066269804258e-14,0,1
2.1135824235796083,0.0014194811003979092,38,42,89,2.9471825104785125,-3.3435396599842129,4.6680893455887862,120.46875841192832,0,-8.0278609232919163,113.76544717424099,0,4.4408920985006262e-16,1
2.1135824235796083,0.0014194811003979092,38,42,90,1.8771542095090772,2.7151900898971104,4.5052203372202388,64.706216785986356,0,6.3575872602595629,78.284214473363264,5.6843418860808015e-14,0,1
2.1135824235796083,0.0014194811003979092,38,42,91,1.6920892059560342,1.8970859393480546,4.2199452068645043,5.0575486975254709,0,-12.778798650275567,-1.6042188065375367,3.3306690738754696e-14,0,1
2.1135824235796083,0.0014194811003979092,38,42,92,1.8855572012155044,1.1455206541605989,4.0167816461005081,-40.577803599835889,0,3.789021790460009,-31.626479509114777,-3.5527136788005009e-14,0,1
2.1135824235796083,0.0014194811003979092,38,42,93,2.443158281046848,-0.32014144454218108,3.9461650682073728,-85.214027378754025,0,-2.93363945996607,-84.521643215054908,-2.8421709430404007e-14,0,1
2.1135824235796083,0.0014194811003979092,38,42,94,2.542580357797581,-0.43604069211662044,3.9458617639643654,42.621873668407893,0,-20.246084764270666,25.885609975984973,1.4210854715202004e-13,-4.4408920985006262e-16,1
2.1135824235796083,0.0014194811003979092,38,42,95,1.2555330447130326,2.4360445514540006,3.8633390597010759,53.304466248387811,0,8.9071225829336509,68.510972442476543,1.4210854715202004e-14,0,1
2.1135824235796083,0.0014194811003979092,38,42,96,0.62985241946882353,4.2535486873623771,3.3344600550093011,4.524893259227321,0,-19.945047818698487,-7.8321458170994873,-2.9309887850104133e-14,0,1
2.1135824235796083,0.0014194811003979092,38,42,97,0.75662069211827876,2.0195722931696967,2.4357388528835173,-5.4799954370063118,0,-19.671594422007171,-20.696278712960268,0,0,1
2.1135824235796083,0.0014194811003979092,38,42,98,0.89815552747792082,0.69021428958580111,1.793304140691387,-11.016875933183186,0,5.1239943396132244,-3.4093631632927739,2.1760371282653068e-14,0,1
2.1135824235796083,0.0014194811003979092,38,42,99,0.94768430379110358,0.23936319136034012,1.4743968844452202,-15.783300712205223,0,10.907763022144893,-3.1617776142547704,-6.2172489379008766e-15,2.2204460492503131e-16,1
2.1135824235796083,0.0014194811003979092,38,42,100,1.2555040503852528,0.00025869911593823236,1.1353877931779406,-30.362456486971379,0,-19.753229045856877,-48.980039040534379,4.9737991503207013e-14,0,1
2.1135824235796083,0.0014194811003979092,38,42,101,1.7914423998993523,-0.22975962087102636,0.74613725167033618,-27.76232996050523,0,-19.444891048363218,-46.69084337806914,-4.2632564145606011e-14,0,1
2.1135824235796083,0.0014194811003979092,38,42,102,1.9798918749142405,-0.5947676932515118,0.50567820366693927,4.6826827399980813,0,15.012921724984427,19.606514975397936,-3.907985046680551e-14,-2.7755575615628914e-17,1
2.1135824235796083,0.0014194811003979092,38,42,103,1.6488805364162726,-0.68157845839976039,0.42974358676485147,24.258602328561082,0,43.982100503781218,67.988867960707395,-1.4210854715202004e-14,0,1
2.1135824235796083,0.0014194811003979092,38,42,104,1.2187687640472311,-0.071856823376008169,0.32110355012490804,68.714906872197403,0,-20.080678233901445,48.883475365044852,2.8421709430404007e-14,0,1
2.1135824235796083,0.0014194811003979092,38,42,105,0.9848050493997903,0.048372885862701456,0.1325014602403829,54.745696337712843,0,-35.356568091694612,19.570002592121313,-6.7501559897209518e-14,0,1
2.1135824235796083,0.0014194811003979092,38,42,106,0.82427310687587085,0.1044688187754701,0.015674715367997416,15.60081886989034,0,3.590610673710577,19.311573077744384,2.8421709430404007e-14,0,1
2.1135824235796083,0.0014194811003979092,38,42,107,0.66997523987694874,0.06091016665519839,6.9009475345673091e-05,4.6831194621893069,0,12.2434103602245,16.987508998544349,7.1054273576010019e-15,-6.9388939039072284e-18,1
2.1135824235796083,0.0014194811003979092,38,42,108,0.52012792291822729,0.0078289096073017074,2.0861129535235717e-05,2.3001232327832319,0,15.779244068046697,18.087217071566766,1.0658141036401503e-14,0,1
2.1135824235796083,0.0014194811003979092,38,42,109,0.31556124786383799,0.056829481827230202,1.5869456557622268e-05,1.4916639166306662,0,19.217155964795431,20.765665232709885,-3.5527136788005009e-15,6.9388939039072284e-18,1
2.1135824235796083,0.0014194811003979092,38,42,110,0.20837607486106097,0.035052343782640855,9.23654137770361e-06,0.75920325858054727,0,-0.0570192499994236,0.73724558890514214,-7.9936057773011271e-15,0,1
2.1135824235796083,0.0014194811003979092,38,42,111,0.29531670581536679,0.015614893184256379,2.500437373887393e-06,0.10266506688533028,0,-9.806892689103087,-9.6886102285961258,1.5987211554602254e-14,0,1
2.1135824235796083,0.0014194811003979092,38,42,112,0.35191822847424326,-0.010707319362164881,8.1303273637745037e-08,0.18184827223280975,0,-2.2055788593422849,-2.0344378251683666,1.5987211554602254e-14,0,1
2.1135824235796083,0.0014194811003979092,38,42,113,0.34337358418811187,-0.003260282327232938,2.914084961253005e-09,0.46876764582814179,0,2.057217927066969,2.5227252934819626,-1.1990408665951691e-14,0,1
2.1135824235796083,0.0014194811003979092,38,42,114,0.31049011999103371,-0.00028771720526625175,2.8964416562970994e-10,0.37171089345588382,0,3.1791700923333388,3.5505932688736004,-1.3766765505351941e-14,0,1
2.1135824235796083,0.0014194811003979092,38,42,115,0.28902053766548857,-0.0020291825235513009,5.9228373316955179e-13,0.12884215534307483,0,1.2824815580340008,1.4092945308541165,9.9920072216264089e-15,0,1
2.1135824235796083,0.0014194811003979092,38,42,116,0.28618925786072141,-0.0001908492145926519,4.5945539595138026e-13,0.091929755546213202,0,0.11736755066351241,0.20910645699559244,6.9666494795228573e-15,0,1
2.1135824235796083,0.0014194811003979092,38,42,117,0.28572454311900147,0.0015702030307829513,4.8123053320026082e-13,0.16539283107001701,0,0.30507222851569188,0.47203526261697304,-6.6058269965196814e-15,0,1
2.1135824235796083,0.0014194811003979092,38,42,118,0.27868601751077332,0.0018214916853785865,5.0736069789891759e-13,0.21370610577988061,0,1.0211913007582605,1.2367188982240269,-8.4376949871511897e-15,0,1
2.1135824235796083,0.0014194811003979092,38,42,119,0.26528128474206608,0.0013575132021251424,4.7905301947537276e-13,0.21528512025080759,0,1.5665438765236288,1.7831865099770405,-1.1102230246251565e-14,0,1
2.1135824235796083,0.0014194811003979092,38,42,120,0.248944105069664,0.00081397384130087538,4.376802587024997e-13,0.18982531016505355,0,1.7941071281107794,1.9847464121175715,3.7747582837255322e-15,0,1
2.1135824235796083,0.0014194811003979092,38,42,121,0.23250232082903263,0.00046092578229253766,3.7670987440563407e-13,0.15614301171695019,0,1.8024714550779732,1.9590753925775926,3.1086244689504383e-15,-5.4210108624275222e-20,1
2.1135824235796083,0.0014194811003979092,38,42,122,0.21743572940343175,0.00026468227385851673,3.1573949010876845e-13,0.12420827127534891,0,1.7065209244273052,1.8309938779768284,0,0,1
2.1135824235796083,0.0014194811003979092,38,42,123,0.20427731313803835,0.00015723013422542766,2.6565667443634311e-13,0.097458874439053961,0,1.5775439084663632,1.6751600130399082,7.5495165674510645e-15,0,1
2.1135824235796083,0.0014194811003979092,38,42,124,0.1930797534713948,9.6626544228218378e-05,2.2972769797569013e-13,0.07614441769449859,0,1.4499608491733897,1.5262018934123462,-9.1038288019262836e-15,0,1
2.1135824235796083,0.0014194811003979092,38,42,125,0.18370321025911368,6.1017322916284311e-05,2.0033126268970135e-13,0.05940337511688077,0,1.337346660241405,1.3968110526814024,1.7763568394002505e-15,0,1
2.1135824235796083,0.0014194811003979092,38,42,126,0.17595613494255474,3.9159074890043198e-05,1.7746736857837673e-13,0.046191651396715959,0,1.2434398511975653,1.2896706616693487,7.1054273576010019e-15,0,1
2.1135824235796083,0.0014194811003979092,38,42,127,0.16965453020847404,2.5105329096482451e-05,1.4480466270505586e-13,0.035597774895758702,0,1.1679597873365686,1.2035826675615686,3.5527136788005009e-15,-3.3881317890172014e-21,1
2.1135824235796083,0.0014194811003979092,38,42,128,0.16464220034193344,1.5557649581620783e-05,1.1431947055662305e-13,0.026905051512419564,0,1.1093117732609643,1.1362323824230798,4.4408920985006262e-15,0,1
2.1135824235796083,0.0014194811003979092,38,42,129,0.16079515920934523,8.8424495089119596e-06,8.3834278408190239e-14,0.019557227315501649,0,1.0657394966694211,1.0853055664345155,5.9952043329758453e-15,0,1
2.1135824235796083,0.0014194811003979092,38,42,130,0.15802311431893337,2.5690753931003239e-06,-1.0887568624440291e-15,0.013206932554402768,0,1.0357593843945208,1.0489688860243156,8.8817841970012523e-15,0,1
2.1135824235796083,0.0014194811003979092,38,42,131,0.1562346140585571,1.7417047148620199e-05,-2.0468629013947746e-13,0.0070123690649314977,0,1.0183042568950276,1.0253340430069029,-2.2204460492503131e-15,3.3881317890172014e-21,1
2.1135824235796083,0.0014194811003979092,38,42,132,0.1555698836336466,0,-1.7528985485348867e-13,0.0037706231727160869,0,1.012606222958619,1.0163768461311598,7.5495165674510645e-15,0,1
2.1150019046800064,0.0013859283184475689,38,42,0,0.0091868138524079726,0,7.0922813352845999,-0,0,-7.092281335284599,8.8817841970012523e-16,-8.8817841970012523e-16,0,1
2.1150019046800064,0.0013859283184475689,38,42,1,0.089402988330017183,0.11146343204566556,8.3390688991287654,-3.0778182591665839,0,-4.1898202843230701,1.1828937876847769,2.2204460492503131e-15,-1.7763568394002505e-15,1
2.1150019046800064,0.0013859283184475689,38,42,2,0.22548266510301843,0.075393825066880193,6.9452882841517463,0.21110192656394933,0,-6.0980431874630465,1.1337408483195288,-2.886579864025407e-15,0,1
2.1150019046800064,0.0013859283184475689,38,42,3,0.44872128188370297,-0.27347233507552016,6.0524616034643248,-10.203412539908363,0,-2.4962827664917935,-6.9207060380113523,-7.1054273576010019e-15,-8.8817841970012523e-16,1
2.1150019046800064,0.0013859283184475689,38,42,4,0.78987189018431714,-0.43237524633715418,5.4524700924238889,1.5487967106186078,0,-3.4995795443454174,3.0693120123599256,2.8421709430404007e-14,0,0.29519365303000794
2.1150019046800064,0.0013859283184475689,38,42,5,0.45906777234355123,-0.14283077553485723,4.159391087164396,-2.9343341576398458,0,1.5780202784960302,2.6602464324857227,1.3322676295501878e-15,0,0.29519365303000794
2.1150019046800064,0.0013859283184475689,38,42,6,0.49082254470929854,0.55257620873766,3.3596374901380806,-4.9877616155908955,0,8.719008517824923,7.6434606011097683,1.6875389974302379e-14,0,1
2.1150019046800064,0.0013859283184475689,38,42,7,0.31199374499517596,0.12250610578047283,4.4964801897604545,2.3396144164761434,0,-2.6364990483022761,4.3221016637147951,1.3322676295501878e-14,-8.8817841970012523e-16,1
2.1150019046800064,0.0013859283184475689,38,42,8,0.57969249424535851,-0.13400725548343084,5.2768233640978872,4.8427575446248117,0,-8.715798971461739,1.2697746817775286,-2.9753977059954195e-14,0,1
2.1150019046800064,0.0013859283184475689,38,42,9,0.56713860250555725,0.18726163970606668,4.4899184799232987,0.73250582803257958,0,-1.189666624254115,4.22001932340783,1.5987211554602254e-14,-8.8817841970012523e-16,1
2.1150019046800064,0.0013859283184475689,38,42,10,0.83396273660288933,-0.032484356202789,3.2160465364184292,-5.2024951499275991,0,-0.31627497959755324,-2.3352079493095124,2.3536728122053319e-14,0,1
2.1150019046800064,0.0013859283184475689,38,42,11,1.0504954228202898,-0.52216643035738963,1.993939898522848,12.560589670455188,0,-0.013974941092355895,14.018388197528292,-7.1054273576010019e-15,0,1
2.1150019046800064,0.0013859283184475689,38,42,12,0.35888095049930591,1.1261217859889003,1.395129952817439,11.787855607475555,0,9.4953687723851257,23.804476118667019,-1.4210854715202004e-14,0,1
2.1150019046800064,0.0013859283184475689,38,42,13,0.21174431926143011,0.82293412904799845,1.3535823142803678,-3.0820151396035165,0,1.4751499245721853,0.56965122829703518,2.4424906541753444e-15,0,1
2.1150019046800064,0.0013859283184475689,38,42,14,0.76718997302109437,0.70408837079132891,1.571619192473527,-13.752240800452306,0,1.3041348433935831,-10.172398393793866,1.2434497875801753e-14,0,1
2.1150019046800064,0.0013859283184475689,38,42,15,1.0976183292596624,-0.32013475450160023,1.9997330966167928,-21.937152650579115,0,17.83737102303229,-2.4201832854316336,3.4638958368304884e-14,0,1
2.1150019046800064,0.0013859283184475689,38,42,16,1.2599439284787384,-0.14138034185669501,2.6165078589959325,-18.736131179470721,0,8.6678741117380955,-7.5931295505933871,4.7961634663806763e-14,0,1
2.1150019046800064,0.0013859283184475689,38,42,17,1.3191925664576625,-0.77475563901247257,3.7928202272573719,-0.27106594553602914,0,-1.0530524365602152,1.693946206148655,6.7279515292284486e-14,0,1
2.1150019046800064,0.0013859283184475689,38,42,18,1.3225869553400902,-0.5138229485621908,4.6085162272114601,29.342801249294276,0,-4.6947481403103088,28.742746387633233,-4.2632564145606011e-14,8.8817841970012523e-16,1
2.1150019046800064,0.0013859283184475689,38,42,19,0.62184375592338437,0.62580751230929543,5.0125518624932175,16.651779260924446,0,3.8941737618239629,26.184312397550922,1.0658141036401503e-14,0,1
2.1150019046800064,0.0013859283184475689,38,42,20,0.68952358606058251,0.19089493916569955,4.6368246254441043,-9.4554894393856657,0,-2.7161250484033506,-7.3438949231792119,-3.730349362740526e-14,-8.8817841970012523e-16,1
2.1150019046800064,0.0013859283184475689,38,42,21,0.51205448301212209,1.5774855701248398,3.5277470833263758,4.4394713719052064,0,11.19249283171739,20.737196857073812,2.1316282072803006e-14,0,1
2.1150019046800064,0.0013859283184475689,38,42,22,0.3629276837953499,1.9363894746734367,4.070327825205136,-13.155732055592788,0,-5.1665649836223571,-12.315579739336572,-1.7763568394002505e-15,0,1
2.1150019046800064,0.0013859283184475689,38,42,23,0.93870001867229047,-0.33774714851554899,5.6057612528348653,-4.3392594039179073,0,-9.907302439264777,-8.9785477388633677,2.6645352591003757e-14,0,1
2.1150019046800064,0.0013859283184475689,38,42,24,0.81592598846616127,-0.060887739616134251,6.8700693246641205,-0.28535751471883425,0,-7.5521384276523067,-1.028314357323155,-1.9095836023552692e-14,8.8817841970012523e-16,1
2.1150019046800064,0.0013859283184475689,38,42,25,0.82628066286396562,0.35795092596148681,7.2637224362016974,-3.27635191591237,0,-12.599824386851365,-8.2545029406005508,-3.5527136788005009e-14,0,1
2.1150019046800064,0.0013859283184475689,38,42,26,0.53157368206824984,1.2159981472524737,6.4739821050960007,-30.533328982988493,0,15.755095924763394,-7.088252805876623,-1.6875389974302379e-14,0,1
2.1150019046800064,0.0013859283184475689,38,42,27,0.20309352171726625,2.7059654952948602,5.8089490466960063,-19.707603532484192,0,-3.6462139176905008,-14.838902908183828,-7.1054273576010019e-15,0,1
2.1150019046800064,0.0013859283184475689,38,42,28,0.77742124203067953,1.4448893756713965,6.0695207645520828,-60.090546033646646,0,-15.522112949248825,-68.098248842671993,1.4210854715202004e-14,0,1
2.1150019046800064,0.0013859283184475689,38,42,29,1.5304733639682053,-1.0062816416946809,6.7783025108726349,-58.618872273639596,0,-1.2306456982619969,-54.07749710272364,-5.6843418860808015e-14,0,1
2.1150019046800064,0.0013859283184475689,38,42,30,1.6071073801292066,-2.2989203587502653,7.1282179869533966,8.1218325017531665,0,-1.1918915639518339,11.759238566004463,3.3750779948604759e-14,0,1
2.1150019046800064,0.0013859283184475689,38,42,31,1.468183131986591,-1.3667382913649631,7.0475943111920536,12.98127325952661,0,-12.97696109751549,5.6851681818382094,-5.4178883601707639e-14,-8.8817841970012523e-16,1
2.1150019046800064,0.0013859283184475689,38,42,32,1.3496623485167993,-2.3178535606554429,6.5921136520646142,-7.5161784744801032,0,7.7988849816778529,4.5569665986069214,4.3520742565306136e-14,0,1
2.1150019046800064,0.0013859283184475689,38,42,33,0.97186884557199538,2.8253699749838503,5.9724347492094241,-16.474656476486487,0,-1.495351628565142,-9.1722033808583561,-2.6645352591003757e-14,0,1
2.1150019046800064,0.0013859283184475689,38,42,34,1.0346891365063888,2.1739677309359386,5.4404785422933788,-25.954143594461502,0,-9.9935826809141393,-28.333280002146324,-1.7763568394002505e-14,0,1
2.1150019046800064,0.0013859283184475689,38,42,35,1.4303619813640098,0.42532534263542354,5.0049698829605109,-44.383019388318885,0,-0.92637927769363781,-39.879103440416593,5.6843418860808015e-14,8.8817841970012523e-16,1
2.1150019046800064,0.0013859283184475689,38,42,36,1.8505200796944545,-0.969885485836121,4.7686659342488795,-46.784006167657971,0,1.7843858012805849,-41.200839917964629,-7.1054273576010019e-14,8.8817841970012523e-16,1
2.1150019046800064,0.0013859283184475689,38,42,37,2.20139253753422,-1.7296235512369358,4.7952637263153193,-18.103866837396588,0,14.815930096112144,-0.22229656620605986,-2.9004576518332215e-14,0,1
2.1150019046800064,0.0013859283184475689,38,42,38,2.0708677979964794,-1.3760483359118925,5.1389921583707849,23.672302545884776,0,3.8675894077834965,31.302835776127168,2.4868995751603507e-14,-4.4408920985006262e-16,1
2.1150019046800064,0.0013859283184475689,38,42,39,1.8500619603474324,-0.76983444655886046,5.3488770673436932,20.62182398416595,0,3.1942434131921833,28.395110018142965,7.460698725481052e-14,0,1
2.1150019046800064,0.0013859283184475689,38,42,40,1.8420630950384838,-0.79638993505732669,5.3274373245235473,-9.5052010555991089,0,-12.975150364777967,-17.949304030910856,-6.7501559897209518e-14,0,1
2.1150019046800064,0.0013859283184475689,38,42,41,2.0397948841362745,-0.90705674256342439,5.1496308123798977,-12.896088910565176,0,13.985734219850658,5.3322193791019554,8.3488771451811772e-14,0,1
2.1150019046800064,0.0013859283184475689,38,42,42,2.2305778026813843,0.022969468714217456,4.9019393658588033,-62.525978683429493,0,19.195634607801654,-38.405435241054818,1.4210854715202004e-14,0,1
2.1150019046800064,0.0013859283184475689,38,42,43,3.0318958232065096,-3.6454129233728958,4.66863279286226,5.0023497766405711,0,-34.561651632002238,-28.536081985872304,4.9737991503207013e-14,-2.2204460492503131e-16,1
2.1150019046800064,0.0013859283184475689,38,42,44,2.8628117760074558,-3.4345919729778429,3.7226889815260087,109.07221979569337,0,-25.32481264040231,84.035504163839221,-4.2632564145606011e-14,-2.2204460492503131e-16,1
2.1150019046800064,0.0013859283184475689,38,42,45,1.5331321280934416,2.6901914857997715,2.1514927498539853,51.556204676779494,0,22.691299264691878,79.089188177125124,-8.5265128291212022e-14,0,1
2.1150019046800064,0.0013859283184475689,38,42,46,1.7295534131323265,0.91262264299620988,1.4439101749502603,-3.9511688962959317,0,15.316917102996443,13.722281024646982,-3.5527136788005009e-14,0,1
2.1150019046800064,0.0013859283184475689,38,42,47,1.3905454188997859,0.61313023201450145,1.7472095976033866,23.065317933751906,0,-3.3244296207700819,22.101228142599712,4.6185277824406512e-14,0,1
2.1150019046800064,0.0013859283184475689,38,42,48,1.0033995995193321,1.2735434522483575,1.9577298520908397,21.484467730640453,0,-4.6873656640498904,20.028375370929759,-2.1316282072803006e-14,0,1
2.1150019046800064,0.0013859283184475689,38,42,49,0.94089560119679017,1.3350663330829613,1.5961256049230774,3.4084785707748013,0,5.4255415602019399,11.76521206898278,-3.907985046680551e-14,0,1
2.1150019046800064,0.0013859283184475689,38,42,50,1.022978451016082,1.6159286726776161,0.92676495112121471,-17.938775985552891,0,-15.247662849633846,-30.643745211387905,-6.0396132539608516e-14,0,1
2.1150019046800064,0.0013859283184475689,38,42,51,1.3977642674267396,1.4712394446349157,0.44647757200995286,-24.328298066906314,0,-0.53262974970626831,-22.943210799967712,-2.8421709430404007e-14,0,1
2.1150019046800064,0.0013859283184475689,38,42,52,1.5802361365250353,0.92392759048621353,0.30399948844241886,-11.062801458098884,0,12.680588581895464,2.8457142027252118,3.9968028886505635e-14,0,1
2.1150019046800064,0.0013859283184475689,38,42,53,1.7923340905343583,0.4235362030448856,0.3629255663258496,1.6185433093721762,0,6.2183043595455496,8.6233094382884605,-5.3290705182007514e-14,0,1
2.1150019046800064,0.0013859283184475689,38,42,54,1.674555416679302,1.0763832540903053,0.62960579878949718,10.422674791867463,0,16.107440461596017,28.236104306343282,-1.0658141036401503e-14,0,1
2.1150019046800064,0.0013859283184475689,38,42,55,1.383373969871954,2.1492684843870338,0.91192738397406392,9.2964680444136256,0,-3.0482015525924866,9.3094623601822377,-7.638334409421077e-14,0,1
2.1150019046800064,0.0013859283184475689,38,42,56,1.8820293269019444,1.0691082823857925,0.95816744098651263,-41.043835768010069,0,-6.2142930331772401,-45.230853077815006,7.1054273576010019e-15,0,1
2.1150019046800064,0.0013859283184475689,38,42,57,2.4468938371605407,0.16349932392614303,0.96686211021994728,-42.557602196393518,0,3.337296036318389,-38.089944725929037,-7.1054273576010019e-14,0,1
2.1150019046800064,0.0013859283184475689,38,42,58,2.5072858295408751,-0.087698217153604707,1.0975718322561125,15.181631284049052,0,-4.114336850574281,12.077168048577279,1.4210854715202004e-13,0,1
2.1150019046800064,0.0013859283184475689,38,42,59,2.0707453195674277,0.66455718506720862,1.1468625969184494,35.790388505259756,0,3.1812458519667293,40.78305413921214,-8.5265128291212022e-14,2.2204460492503131e-16,1
2.1150019046800064,0.0013859283184475689,38,42,60,1.5581818169388078,1.219114057015356,1.0120970474990372,-0.40461052775075879,0,0.75764153843789006,2.5842421152015245,5.4622972811557702e-14,0,1
2.1150019046800064,0.0013859283184475689,38,42,61,2.0365391991837227,0.17569570485440694,0.88529671611215344,-32.712118091421942,0,-0.08604837723975331,-31.737174047695135,-4.9737991503207013e-14,0,1
2.1150019046800064,0.0013859283184475689,38,42,62,2.3579008012871316,-0.083287926706195003,0.84050683192591036,0.12191301592471504,0,7.8331714000946961,8.7123033212391263,9.2370555648813024e-14,0,1
2.1150019046800064,0.0013859283184475689,38,42,63,1.8835609627747198,0.58063466049912993,0.84703732629438111,26.443197525263201,0,4.4454762682528219,32.316345780309533,-1.4210854715202004e-14,0,1
2.1150019046800064,0.0013859283184475689,38,42,64,1.8883216472356481,1.1838811013079311,0.899801267618487,-21.343487122670595,0,-2.784640294325794,-22.044445048069971,-1.0658141036401503e-14,0,1
2.1150019046800064,0.0013859283184475689,38,42,65,2.6001881998931231,0.61276171158725667,1.0388871148886869,-72.130962201313139,0,-0.9747554834910408,-71.454068858328228,2.8421709430404007e-14,0,1
2.1150019046800064,0.0013859283184475689,38,42,66,3.2491409693437228,-0.63016280787798296,1.1977839436247995,-71.882737510967814,0,15.51918423410781,-55.795932141113184,-3.5527136788005009e-14,0,1
2.1150019046800064,0.0013859283184475689,38,42,67,3.7203112513776295,-1.1417448884252714,1.2839787116423917,-20.908278425021194,0,12.426413333740415,-8.3396312680636608,-4.0856207306205761e-14,0,1
2.1150019046800064,0.0013859283184475689,38,42,68,3.5643861185611589,-1.078145621408225,1.3666260192915298,42.84763808114144,0,-2.5612361374857842,40.574882341538959,2.8421709430404007e-14,2.2204460492503131e-16,1
2.1150019046800064,0.0013859283184475689,38,42,69,3.2078316247159897,0.18330487857925604,1.5287428861406562,22.079965525198965,0,8.1125226877386289,31.904535977657506,-1.0658141036401503e-14,-2.2204460492503131e-16,1
2.1150019046800064,0.0013859283184475689,38,42,70,3.1315774388194546,0.08496057089535991,1.6944256061792584,17.673324127854578,0,-7.3490692351482529,12.103641069780942,1.3322676295501878e-13,0,1
2.1150019046800064,0.0013859283184475689,38,42,71,2.9809063786439172,0.40871240600800529,1.7852470472811008,16.998259968964135,0,-0.19746354647512265,18.994755875778118,2.1316282072803006e-14,0,1
2.1150019046800064,0.0013859283184475689,38,42,72,2.6782560483339344,1.5224896324352315,1.8824627151257793,-9.1862031542974218,0,9.2869270537569051,3.5056762470204941,-4.3520742565306136e-14,0,1
2.1150019046800064,0.0013859283184475689,38,42,73,2.9732571237006766,2.429630671900644,2.0771921370658033,-102.20375304790892,0,-7.0689707902266257,-104.7659010291691,4.2632564145606011e-14,0,1
2.1150019046800064,0.0013859283184475689,38,42,74,4.2644367849892024,-2.7471354218842241,2.3460670286303378,-133.4540767974533,0,24.855962214698096,-108.9991829760091,1.1368683772161603e-13,0,1
2.1150019046800064,0.0013859283184475689,38,42,75,4.2357547207947794,-2.4854114957771651,2.7238514809490466,100.71877671277841,0,4.9579484612598348,105.91516515921012,4.2632564145606011e-14,0,1
2.1150019046800064,0.0013859283184475689,38,42,76,3.0969673295143632,0.89686355659253558,3.2879810022380687,131.79583202234514,0,-6.4038598167279277,129.57681676444781,1.4210854715202004e-13,8.8817841970012523e-16,1
2.1150019046800064,0.0013859283184475689,38,42,77,2.7823613312463737,1.2297936036496988,3.890560579738386,25.508918740714559,0,-2.099602290792101,28.529670633310541,-7.1054273576010019e-15,-8.8817841970012523e-16,1
2.1150019046800064,0.0013859283184475689,38,42,78,2.7929059101540079,0.79586783384051341,4.4107826050122014,-19.183427566182434,0,-14.356953931662101,-28.33373105899182,-6.3948846218409017e-14,-8.8817841970012523e-16,1
2.1150019046800064,0.0013859283184475689,38,42,79,2.9930448615239365,-0.54771971310097056,4.6908257571617336,-40.07833139618883,0,-14.663331909832728,-50.598557261960792,1.4210854715202004e-13,0,1
2.1150019046800064,0.0013859283184475689,38,42,80,3.1061874255786508,-1.4524963552522634,4.6657130834297513,-12.224628305865382,0,-2.6659471649829016,-11.677358742670796,-1.2079226507921703e-13,0,1
2.1150019046800064,0.0013859283184475689,38,42,81,3.0035379638647615,0.10939687638483386,4.2886380490996094,-22.114441917917329,0,23.786123091536698,6.069716099103811,-3.4638958368304884e-14,0,1
2.1150019046800064,0.0013859283184475689,38,42,82,3.0683139188816599,0.32460749098327235,3.7387679545192487,-26.066467385759967,0,10.4779046161451,-11.525187324112348,-8.8817841970012523e-14,0,1
2.1150019046800064,0.0013859283184475689,38,42,83,3.4379914038805577,-0.32579181922259925,3.5104869363452527,-33.637478519559807,0,-20.097745290702328,-50.550528693139483,-3.5527136788005009e-14,0,1
2.1150019046800064,0.0013859283184475689,38,42,84,3.7419109565012465,-0.92002923270190018,3.6333765441910995,-29.768955152433012,0,1.020063168995029,-26.035544671948784,1.4566126083082054e-13,-4.4408920985006262e-16,1
2.1150019046800064,0.0013859283184475689,38,42,85,3.7834444561330476,-0.34573729157819422,3.8793888645205179,-11.223682205028943,0,2.4725587275217014,-5.2174719045649187,1.5454304502782179e-13,0,1
2.1150019046800064,0.0013859283184475689,38,42,86,3.7172685549302185,-1.0734204495166806,4.0242352991617452,59.720754872456723,0,-14.927400175797352,47.744169546304434,-1.4921397450962104e-13,-8.8817841970012523e-16,1
2.1150019046800064,0.0013859283184475689,38,42,87,3.2039626883468251,-0.59498497180856957,4.1587613400210337,44.053386144119358,0,-20.802829343220001,26.814333169111823,1.5276668818842154e-13,8.8817841970012523e-16,1
2.1150019046800064,0.0013859283184475689,38,42,88,3.371440432633769,-1.7296295001008135,4.4679829623006295,-5.9438843320312591,0,-3.4797525597359757,-6.6852834295674182,-3.1974423109204508e-14,0,1
2.1150019046800064,0.0013859283184475689,38,42,89,3.1086704126206643,-3.5178346236424662,4.6665470007500378,115.74936897390263,0,-9.3555864868726744,107.54249486413752,-1.2789769243681803e-13,-2.2204460492503131e-16,1
2.1150019046800064,0.0013859283184475689,38,42,90,1.9882771724135129,1.9519742159980913,4.5609475995369708,82.412029371552507,0,5.5437934006134935,94.468744587701067,4.2632564145606011e-14,0,1
2.1150019046800064,0.0013859283184475689,38,42,91,1.6898120476792513,2.0926680597448644,4.2920862298725417,9.9106035031724069,0,-9.540054182895485,6.7553036098943302,6.2172489379008766e-15,0,1
2.1150019046800064,0.0013859283184475689,38,42,92,1.8406640112801942,1.2709711699083597,4.0571744259911728,-28.973978859073362,0,-0.2689855776549282,-23.914818840828758,-7.1054273576010019e-14,-8.8817841970012523e-16,1
2.1150019046800064,0.0013859283184475689,38,42,93,2.3231814059285023,0.0054184212106476171,3.9692673946221939,-87.653330293070667,0,1.5655936463682165,-82.113050830869611,-9.9475983006414026e-14,0,1
2.1150019046800064,0.0013859283184475689,38,42,94,2.5793244919307634,-0.68839317964331581,3.9627176705005365,29.621516250584207,0,-24.37500989351415,8.5208308479272752,-1.5276668818842154e-13,0,1
2.1150019046800064,0.0013859283184475689,38,42,95,1.3527830752650101,2.0628404565782765,3.8852372606216501,55.620614497697673,0,10.206847411518712,71.775539626416318,0,0,1
2.1150019046800064,0.0013859283184475689,38,42,96,0.61873483650589023,4.3684526252114999,3.3950618649218685,6.5354487894198794,0,-16.449267809625674,-2.1503045300724253,7.1054273576010019e-15,8.8817841970012523e-16,1
2.1150019046800064,0.0013859283184475689,38,42,97,0.72724271563666409,2.2630505782601333,2.5236881155783055,-4.10649190794659,0,-22.594041061134117,-21.913794275242267,-2.4868995751603507e-14,0,1
2.1150019046800064,0.0013859283184475689,38,42,98,0.89331600090323393,0.80877232715860825,1.8586364002182985,-10.764708845841181,0,1.9427106026985792,-6.1545895157656947,3.730349362740526e-14,0,1
2.1150019046800064,0.0013859283184475689,38,42,99,0.94319622022400773,0.31972679588463659,1.5244735271760326,-14.481448025291577,0,12.647391188876723,0.010143486645814548,7.0256300777060687e-15,0,1
2.1150019046800064,0.0013859283184475689,38,42,100,1.1859778106704626,0.029601581785896447,1.2021879614995541,-27.886558292612559,0,-13.755700174782726,-40.410468924109836,7.1054273576010019e-15,0,1
2.1150019046800064,0.0013859283184475689,38,42,101,1.7251656301625442,-0.15710611002122721,0.8068052064925586,-31.400756213474224,0,-22.868568462947259,-53.619625579950153,-7.1054273576010019e-15,0,1
2.1150019046800064,0.0013859283184475689,38,42,102,2.0077229523664863,-0.64739234476428542,0.52549779774642946,-0.48044851355547857,0,6.453088488522809,5.8507454279494748,-2.042810365310288e-14,5.5511151231257827e-17,1
2.1150019046800064,0.0013859283184475689,38,42,103,1.7453894495239457,-0.61783366658230487,0.43034255531158294,20.637562970188096,0,44.889365126873592,65.339436985790968,1.4210854715202004e-14,-2.7755575615628914e-17,1
2.1150019046800064,0.0013859283184475689,38,42,104,1.2881579334496791,-0.26908916643608527,0.34231384200307247,60.659579538843047,0,-5.1080645112842351,55.624739703125805,4.2632564145606011e-14,0,1
2.1150019046800064,0.0013859283184475689,38,42,105,1.0125842982140445,0.10732196139634273,0.16304808548425082,63.59926491691958,0,-41.26250202858612,22.607132935214054,6.7501559897209518e-14,5.5511151231257827e-17,1
2.1150019046800064,0.0013859283184475689,38,42,106,0.85168551987868213,0.072858241148797659,0.026983462117612704,20.169309499351634,0,-1.5889362703446359,18.680214932273408,-2.1316282072803006e-14,0,1
2.1150019046800064,0.0013859283184475689,38,42,107,0.69408868784322186,0.07937285906458369,0.00025653583741050504,5.5745513438899232,0,12.041715532701096,17.695896271493012,1.4210854715202004e-14,0,1
2.1150019046800064,0.0013859283184475689,38,42,108,0.54580238571011075,0.0053275825164688963,2.1517709464136003e-05,2.5280322668818362,0,15.142418139212406,17.675799506320175,-2.4868995751603507e-14,-8.6736173798840355e-19,1
2.1150019046800064,0.0013859283184475689,38,42,109,0.34503771719885962,0.064513530612665654,1.6263746966884417e-05,1.6075982562081053,0,19.884913230113764,21.557041280681503,3.5527136788005009e-15,0,1
2.1150019046800064,0.0013859283184475689,38,42,110,0.20942258104086353,0.025375397439798837,1.0083114094506349e-05,0.89007388766459727,0,3.1335079969613817,4.0489673651798723,3.5527136788005009e-15,0,1
2.1150019046800064,0.0013859283184475689,38,42,111,0.28156390670675274,0.023298486220041142,3.1877596560407503e-06,0.14150675188975836,0,-10.049445695067114,-9.8846372691976576,-1.9539925233402755e-14,0,1
2.1150019046800064,0.0013859283184475689,38,42,112,0.34903038243148216,-0.011335708965117403,1.4654313087013592e-07,0.13660849255206198,0,-3.1571877734034191,-3.0319148432733436,1.3766765505351941e-14,0,1
2.1150019046800064,0.0013859283184475689,38,42,113,0.34695454506370527,-0.0035584112712278822,4.0035451606301729e-09,0.44353906947357447,0,1.6253746723446942,2.0653553345505862,2.2204460492503131e-15,0,1
2.1150019046800064,0.0013859283184475689,38,42,114,0.3155301200313998,-0.00022090703471754536,3.668718673965898e-10,0.40553243869533984,0,3.244141313454711,3.6494528454822053,1.5987211554602254e-14,0,1
2.1150019046800064,0.0013859283184475689,38,42,115,0.29102100461693015,-0.0020223189204596655,6.9680439196417858e-13,0.1531547391033341,0,1.5641196776718065,1.7152520978553778,1.2878587085651816e-14,0,1
2.1150019046800064,0.0013859283184475689,38,42,116,0.28648608052439783,-0.00054817937444909227,4.6272166653871239e-13,0.086664197146928079,0,0.20440582073339192,0.29052183850633362,6.3282712403633923e-15,0,1
2.1150019046800064,0.0013859283184475689,38,42,117,0.28639458825300762,0.001421491723163395,4.6489918026360045e-13,0.15444626228999814,0,0.23499081311801095,0.39085856713163736,-1.0658141036401503e-14,0,1
2.1150019046800064,0.0013859283184475689,38,42,118,0.28044151661330724,0.001817463834230479,4.7252047830070859e-13,0.20902812501711981,0,0.92353990689064092,1.1343854957424637,-3.1086244689504383e-15,0,1
2.1150019046800064,0.0013859283184475689,38,42,119,0.26781248429146298,0.0014291796653024111,4.3659150184005567e-13,0.21641824387525754,0,1.5085267874688981,1.7263742110098947,9.5479180117763462e-15,0,1
2.1150019046800064,0.0013859283184475689,38,42,120,0.25176141509074745,0.00087592036889705567,3.9195247047985047e-13,0.19370528125601785,0,1.7771726311743614,1.9717538327996682,3.5527136788005009e-15,0,1
2.1150019046800064,0.0013859283184475689,38,42,121,0.23528319132305114,0.00049756886128727641,3.3098208618298484e-13,0.16057391002937266,0,1.8096159755245773,1.9706874544155681,4.4408920985006262e-16,0,1
2.1150019046800064,0.0013859283184475689,38,42,122,0.22003479060816414,0.00028461942776590479,2.6783418816123116e-13,0.128175903223962,0,1.7239538783732071,1.8524144010252028,-4.2188474935755949e-15,0,1
2.1150019046800064,0.0013859283184475689,38,42,123,0.20665517111669082,0.00016813701234930512,2.2210639993858193e-13,0.10067686817751678,0,1.5977095859132715,1.6985545911033597,-3.1086244689504383e-15,0,1
2.1150019046800064,0.0013859283184475689,38,42,124,0.19524616821448512,0.00010276157214774743,1.8726618034037301e-13,0.078642316032020293,0,1.469521092187259,1.5482661697916142,3.1086244689504383e-15,0,1
2.1150019046800064,0.0013859283184475689,38,42,125,0.18568595714922184,6.4568095611886852e-05,1.6004725877927228e-13,0.061305250486989232,0,1.355149698222827,1.4165195168055882,-8.659739592076221e-15,0,1
2.1150019046800064,0.0013859283184475689,38,42,126,0.17778679807253206,4.1258221890577273e-05,1.3827212153039169e-13,0.047625995040126635,0,1.2593141886508281,1.3069814419129835,3.7747582837255322e-15,0,1
2.1150019046800064,0.0013859283184475689,38,42,127,0.17136299305784419,2.6355332691950467e-05,1.0560941565707083e-13,0.036670013446852834,0,1.1821153274268827,1.2188116962065332,0,0,1
2.1150019046800064,0.0013859283184475689,38,42,128,0.1662550607344431,1.6285895981898647e-05,7.7301737233526057e-14,0.027694171270562219,0,1.1220812439946184,1.1497917011612397,-2.2204460492503131e-15,0,1
2.1150019046800064,0.0013859283184475689,38,42,129,0.16233572994905568,9.2405157931465222e-06,5.1171572534869364e-14,0.020119161849998915,0,1.077466008504895,1.0975944108707383,3.7747582837255322e-15,-1.6940658945086007e-21,1
2.1150019046800064,0.0013859283184475689,38,42,130,0.15951210582755035,2.6903451859915522e-06,-1.7420109799104465e-14,0.013582418192655652,0,1.046768776374412,1.0603538849122363,-4.8849813083506888e-15,0,1
2.1150019046800064,0.0013859283184475689,38,42,131,0.15769005635419997,1.7854211685198405e-05,-1.5133720387972003e-13,0.0072119968075767243,0,1.0289085292574811,1.0361383802765918,-6.6613381477509392e-16,0,1
2.1150019046800064,0.0013859283184475689,38,42,132,0.15701261135761183,0,-1.2194076859373125e-13,0.0038787143755322512,0,1.0231174522491751,1.0269961666245853,8.8817841970012523e-15,0,1
2.1163878329984538,0.0013431931063766513,38,42,0,0.0091868138524079726,0,7.092512494226944,-0,0,-7.092512494226944,0,0,0,1
2.1163878329984538,0.0013431931063766513,38,42,1,0.091042394328085224,0.10256151966293192,8.3269288443172655,-3.1156828567941606,0,-3.8674911807421957,1.4463163264438403,4.6629367034256575e-15,0,1
2.1163878329984538,0.0013431931063766513,38,42,2,0.22705394865048523,0.070032823229050134,6.9095872134293428,0.24524802042856519,0,-5.563597861869769,1.6612701952171891,4.4408920985006262e-15,0,1
2.1163878329984538,0.0013431931063766513,38,42,3,0.43912967940197195,-0.24336091063002252,6.0097778028174424,-10.31027765338116,0,-1.9246899386380949,-6.4685506998318347,-1.7763568394002505e-15,0,1
2.1163878329984538,0.0013431931063766513,38,42,4,0.79412573662039809,-0.44035480164462415,5.4358053417723768,1.3009168079397528,0,-2.9525436187837206,3.3438237292837849,1.3322676295501878e-15,0,0.3296086653217799
2.1163878329984538,0.0013431931063766513,38,42,5,0.46275468320838231,-0.14816627206453337,4.166605846356557,-2.6495783753731974,0,2.0708161431555228,3.4396773420743489,-2.2204460492503131e-15,8.8817841970012523e-16,0.3296086653217799
2.1163878329984538,0.0013431931063766513,38,42,6,0.50141583320731486,0.54094436907282617,3.3407805074125196,-5.318229060970264,0,9.6970139619314804,8.2605097774465612,-1.4210854715202004e-14,0,1
2.1163878329984538,0.0013431931063766513,38,42,7,0.31798386808612766,0.16521479472204703,4.4562560774101092,2.1080225332698541,0,-2.0288114897182168,4.7006819156837931,-1.3322676295501878e-14,0,1
2.1163878329984538,0.0013431931063766513,38,42,8,0.5814523109348817,-0.158148781058292,5.2806740545001096,5.27855563957635,0,-9.0669047135534679,1.3341761994647001,-3.6193270602780103e-14,0,1
2.1163878329984538,0.0013431931063766513,38,42,9,0.57298724679026414,0.16748267034517195,4.547610600304635,0.72948394987904441,0,-1.8788216583089847,3.5657555622198664,-4.4408920985006262e-16,0,1
2.1163878329984538,0.0013431931063766513,38,42,10,0.83072630577647744,-0.031800530569346508,3.2936223345957814,-5.6716225788925403,0,-1.0603741611286526,-3.4701749359947578,-1.5099033134902129e-14,-4.4408920985006262e-16,1
2.1163878329984538,0.0013431931063766513,38,42,11,1.0699239040022355,-0.57816329681167722,2.0705457858575054,12.183016063566381,0,-1.0672511220009708,12.60814743061124,0,-2.2204460492503131e-16,1
2.1163878329984538,0.0013431931063766513,38,42,12,0.39187224805797538,1.1269902494900848,1.4277722308295226,13.011300423667285,0,9.2179428032325763,24.784005707219471,-1.7763568394002505e-14,0,1
2.1163878329984538,0.0013431931063766513,38,42,13,0.21253381503036542,0.80853583051639277,1.3383842363521892,-2.5749140897961027,0,2.240153841289735,1.8121598183622143,6.8833827526759706e-15,0,1
2.1163878329984538,0.0013431931063766513,38,42,14,0.75309175802060491,0.73859033191713019,1.5436318037968682,-13.26186190402241,0,0.66474575389337698,-10.314894014415035,3.1974423109204508e-14,0,1
2.1163878329984538,0.0013431931063766513,38,42,15,1.0942641287085493,-0.33235765470083245,1.965391861470511,-21.375800689932142,0,17.930668828996051,-1.8120976541664113,-7.3274719625260332e-15,0,1
2.1163878329984538,0.0013431931063766513,38,42,16,1.24942039520893,-0.11269927082711528,2.5578805888424827,-19.218153760395627,0,9.5440183062941237,-7.2289541360861342,3.5527136788005009e-15,0,1
2.1163878329984538,0.0013431931063766513,38,42,17,1.3215402544746908,-0.78999009715563639,3.7109398368065749,-2.9585420885602964,0,-0.2428240798960887,-0.28041642880544659,-6.7335026443515744e-14,0,1
2.1163878329984538,0.0013431931063766513,38,42,18,1.3624223415086676,-0.52415425558597528,4.5537550813767913,28.284335129912691,0,-4.5802618075881618,27.733674148115345,2.8421709430404007e-14,0,1
2.1163878329984538,0.0013431931063766513,38,42,19,0.65813333597422796,0.55532851204096989,5.0090627273507291,18.935778151453412,0,3.1956126264907287,27.695782017335841,-3.1974423109204508e-14,-8.8817841970012523e-16,1
2.1163878329984538,0.0013431931063766513,38,42,20,0.67934547411884505,0.22795382410988907,4.7311072172795026,-8.4177891969983207,0,-2.2703353595894606,-5.7290635151983897,3.6415315207705135e-14,0,1
2.1163878329984538,0.0013431931063766513,38,42,21,0.54079475138156263,1.5079796428681191,3.6041481998083844,5.2189259011151252,0,9.4380833860866673,19.769137129878295,-1.0658141036401503e-14,0,1
2.1163878329984538,0.0013431931063766513,38,42,22,0.34585917307650421,2.0082284070011358,4.0213526806215762,-11.577196100959149,0,-3.9061334941570074,-9.4537485074934438,1.7763568394002505e-14,0,1
2.1163878329984538,0.0013431931063766513,38,42,23,0.92625639510246638,-0.33867519270934343,5.5298547102049369,-3.9088456919189145,0,-9.7255765559813394,-8.4432427304046609,-2.4868995751603507e-14,0,1
2.1163878329984538,0.0013431931063766513,38,42,24,0.81450081847808087,-0.083586168344076395,6.8369152810247673,0.37230617296601709,0,-5.5827129670810107,1.5429223185656964,1.865174681370263e-14,0,1
2.1163878329984538,0.0013431931063766513,38,42,25,0.81484051348387854,0.34588737664115854,7.3348417297748227,1.8830960009653932,0,-14.944605104612432,-5.3807799972310573,-2.2204460492503131e-14,0,1
2.1163878329984538,0.0013431931063766513,38,42,26,0.52174987177626997,1.3300156982526588,6.5848558645878104,-30.956749686948342,0,14.556762723879302,-8.4851154002285725,7.1054273576010019e-15,0,1
2.1163878329984538,0.0013431931063766513,38,42,27,0.18252786596212028,2.6117439971823515,5.8463487392132079,-18.43717144641959,0,-1.9480706052111068,-11.927149315235138,1.7763568394002505e-15,0,1
2.1163878329984538,0.0013431931063766513,38,42,28,0.68304195052293104,1.6846738376364123,6.0434535316133386,-53.864131285713754,0,-16.712687807564549,-62.848691724028555,-7.1054273576010019e-15,0,1
2.1163878329984538,0.0013431931063766513,38,42,29,1.4555258293427742,-0.69750584016321193,6.7598035301337251,-65.547391796591938,0,-2.0286744975450897,-61.513768604166515,-2.1316282072803006e-14,0,1
2.1163878329984538,0.0013431931063766513,38,42,30,1.623404841861213,-2.2862313496740523,7.1401511819323193,1.2005357622453596,0,-0.44543002116051117,5.6090255733431151,-4.8849813083506888e-14,0,1
2.1163878329984538,0.0013431931063766513,38,42,31,1.4760623675649376,-1.7370008871195752,7.0772324550763708,17.247254155264098,0,-14.005088789385258,8.5823969338356356,1.9539925233402755e-14,0,1
2.1163878329984538,0.0013431931063766513,38,42,32,1.3559779775720284,-2.2639300419346466,6.6541354877236198,-6.2055686130451519,0,6.7517055812087037,4.9363424139525254,-5.8619775700208265e-14,0,1
2.1163878329984538,0.0013431931063766513,38,42,33,0.95915682916390321,2.6050609201301906,6.0574989422476051,-18.441718823057208,0,1.6662445735498006,-8.1129143871296119,1.7763568394002505e-15,0,1
2.1163878329984538,0.0013431931063766513,38,42,34,0.99542124139691002,2.3470871563282416,5.5046962141233298,-25.127406757896011,0,-13.199949567257143,-30.475572954701583,3.1974423109204508e-14,8.8817841970012523e-16,1
2.1163878329984538,0.0013431931063766513,38,42,35,1.3750924025916367,0.69324577912795293,5.0229453125230776,-44.546962179088439,0,-1.3229020138514338,-40.153673101288845,-7.1054273576010019e-15,0,1
2.1163878329984538,0.0013431931063766513,38,42,36,1.7934186689083222,-0.87668767674648929,4.7403091042221073,-47.530112402707552,0,-0.59171549144592162,-44.258206466677862,6.3948846218409017e-14,0,1
2.1163878329984538,0.0013431931063766513,38,42,37,2.2010844504280214,-1.7732303715932078,4.7298326755937117,-26.215212389817747,0,15.802423354740451,-7.4561867310767909,-9.4146912488213275e-14,0,1
2.1163878329984538,0.0013431931063766513,38,42,38,2.1142512845463277,-1.4575394187551272,5.0751294031128458,20.510530482397577,0,5.4913635101053266,29.619483976860622,6.7501559897209518e-14,0,1
2.1163878329984538,0.0013431931063766513,38,42,39,1.8894155474270111,-0.81086096150088638,5.3167649142416469,26.265977565066347,0,1.489865339002834,32.261746856809943,7.1054273576010019e-14,-8.8817841970012523e-16,1
2.1163878329984538,0.0013431931063766513,38,42,40,1.8171866462856192,-0.71995831187468928,5.3247522255389672,-8.8664951774236762,0,-11.410888723407188,-15.672589987166587,-1.7763568394002505e-14,8.8817841970012523e-16,1
2.1163878329984538,0.0013431931063766513,38,42,41,2.047184957973947,-0.96241747601384153,5.168196425759179,-12.384543909716445,0,6.9287825023691623,-1.2499824576019458,-6.2616578588858829e-14,8.8817841970012523e-16,1
2.1163878329984538,0.0013431931063766513,38,42,42,2.1773506223985022,0.10832093888389549,4.9206397847353172,-65.734176834208284,0,26.768940407444674,-33.936275703144396,7.1054273576010019e-14,0,1
2.1163878329984538,0.0013431931063766513,38,42,43,2.9923468590847477,-3.2721825022007831,4.7196135886086488,-8.2734586854926633,0,-29.524036508447939,-36.350064107532738,-7.1054273576010019e-14,-6.6613381477509392e-16,1
2.1163878329984538,0.0013431931063766513,38,42,44,2.9792789609831392,-4.1166118904220674,3.9288731284549403,107.91153193263476,0,-33.703211003398408,74.020582167269225,-1.4210854715202004e-13,6.6613381477509392e-16,1
2.1163878329984538,0.0013431931063766513,38,42,45,1.6427440736711478,2.479155639916093,2.3510956963836858,62.641055772297584,0,20.156004823149647,87.627311931747002,1.4210854715202004e-14,8.8817841970012523e-16,1
2.1163878329984538,0.0013431931063766513,38,42,46,1.7485715109980804,1.1329649282684191,1.4741524647231508,-2.6248091630176376,0,18.279196120672143,18.261504350646074,-7.460698725481052e-14,0,1
2.1163878329984538,0.0013431931063766513,38,42,47,1.4211761368550853,0.57576856787982011,1.7248993034580993,23.005337819791723,0,-1.8076741053299399,23.498331585799701,-3.5527136788005009e-14,0,1
2.1163878329984538,0.0013431931063766513,38,42,48,1.0311574921184015,1.2364907912822354,1.9611999602115133,21.668355862649832,0,-6.4877216957372692,18.378324918406314,-6.3948846218409017e-14,0,1
2.1163878329984538,0.0013431931063766513,38,42,49,0.95720134177573446,1.353684709901277,1.6490285502192583,5.2165368937781125,0,6.3257401282698043,14.544990282168452,-5.3290705182007514e-15,0,1
2.1163878329984538,0.0013431931063766513,38,42,50,0.98050841674432732,1.6083895094687373,0.98746001608423317,-15.91193433289429,0,-12.88988816405217,-26.205972971393489,-2.4868995751603507e-14,0,1
2.1163878329984538,0.0013431931063766513,38,42,51,1.3659666218629523,1.4844357865655295,0.47698933437850638,-25.125912374020793,0,-4.3788313532703373,-27.543318606347093,6.0396132539608516e-14,0,1
2.1163878329984538,0.0013431931063766513,38,42,52,1.5841800924248006,0.96303808578847805,0.31078168965937725,-14.121157848568602,0,12.907347967131972,0.060009894011225029,1.8957058145474548e-14,0,1
2.1163878329984538,0.0013431931063766513,38,42,53,1.8042853792836184,0.37700322992681767,0.35338370379793627,1.5749480214286704,0,5.5162196845591973,7.8215546397126214,-2.9309887850104133e-14,0,1
2.1163878329984538,0.0013431931063766513,38,42,54,1.7136886332401025,0.94441093506851925,0.60099134266569376,9.9757140291713053,0,16.706684717185073,28.227801024090592,-7.815970093361102e-14,0,1
2.1163878329984538,0.0013431931063766513,38,42,55,1.3962762173864522,2.0635320091086045,0.90024986536211316,12.501258846353839,0,-0.67741939072816859,14.787621330096387,3.5527136788005009e-14,0,1
2.1163878329984538,0.0013431931063766513,38,42,56,1.8193426067538592,1.1488563567667569,0.96808932143631532,-34.875393367375352,0,-8.0597529277593392,-40.81820061693162,4.2632564145606011e-14,-4.4408920985006262e-16,1
2.1163878329984538,0.0013431931063766513,38,42,57,2.3941039041167729,0.37422305151449348,0.95998222863120719,-46.957384103521612,0,3.4001718099454501,-42.223007013430461,1.5631940186722204e-13,0,1
2.1163878329984538,0.0013431931063766513,38,42,58,2.5240239187460487,-0.21390281136542622,1.0771309169659116,9.1752169516638524,0,-4.1296337160252543,5.9088113412390841,-1.1990408665951691e-13,1.1102230246251565e-16,1
2.1163878329984538,0.0013431931063766513,38,42,59,2.127267709211742,0.70955421613051584,1.1381700449131735,38.112085713331304,0,2.0637284458127758,42.023538420187769,2.8421709430404007e-14,0,1
2.1163878329984538,0.0013431931063766513,38,42,60,1.5617633912679905,1.2149988113436656,1.0177136681531855,2.7921400687553684,0,1.7123444374423709,6.7371969856945908,-1.5099033134902129e-14,0,1
2.1163878329984538,0.0013431931063766513,38,42,61,1.9925537509235227,0.24026266936687546,0.89130454994825847,-32.226466322825871,0,-0.64041825232325722,-31.735317355833995,-7.1054273576010019e-14,0,1
2.1163878329984538,0.0013431931063766513,38,42,62,2.3699754291789419,-0.09881252608315072,0.84242075020276352,-4.1780123797005171,0,7.5471188511703753,4.1127146955894709,-6.9277916736609768e-14,0,1
2.1163878329984538,0.0013431931063766513,38,42,63,1.9283491015403944,0.55049433904601597,0.845649454128091,27.279577282029877,0,5.2232474001279794,33.898968475331962,-3.5527136788005009e-14,0,1
2.1163878329984538,0.0013431931063766513,38,42,64,1.8577696265790666,1.1651736799177552,0.89177163977909146,-13.895296147299426,0,-2.3830866322034585,-14.221437459806037,8.3488771451811772e-14,0,1
2.1163878329984538,0.0013431931063766513,38,42,65,2.5011579823940635,0.69982743553240701,1.0195042250553417,-68.064821435804078,0,-1.6664482361382873,-68.011938011354616,1.2789769243681803e-13,0,1
2.1163878329984538,0.0013431931063766513,38,42,66,3.1718118069351751,-0.42582041490181965,1.1773681363784998,-75.490886900478642,0,13.488921024526876,-61.250418154475085,2.1316282072803006e-14,0,1
2.1163878329984538,0.0013431931063766513,38,42,67,3.7087531202378092,-1.2212880464580196,1.2718994763314624,-31.030439397502402,0,16.367069995588015,-14.612757972040946,-8.8817841970012523e-15,0,1
2.1163878329984538,0.0013431931063766513,38,42,68,3.620619997015976,-1.0813210578122769,1.3511755507984105,41.087058002138647,0,-4.8765877735110807,36.480324721613698,-1.6342482922482304e-13,0,1
2.1163878329984538,0.0013431931063766513,38,42,69,3.2520490246143545,0.014006187444490004,1.5037550972385831,25.363515046288008,0,7.9628071870026709,34.84408351797375,8.5265128291212022e-14,0,1
2.1163878329984538,0.0013431931063766513,38,42,70,3.1483522177343892,0.1286182181373986,1.6727943935325387,18.587006363482502,0,-5.8781177274915128,14.510301247660927,-6.9277916736609768e-14,0,1
2.1163878329984538,0.0013431931063766513,38,42,71,3.0072317487141564,0.24608969604681152,1.7677976903968053,19.450187971637376,0,-2.0913696315575838,19.37270572652341,-1.2079226507921703e-13,-4.4408920985006262e-16,1
2.1163878329984538,0.0013431931063766513,38,42,72,2.683114664319989,1.4556846461268327,1.8534671759221166,-0.96542883751059705,0,10.188381278053868,12.53210426259222,1.4566126083082054e-13,0,1
2.1163878329984538,0.0013431931063766513,38,42,73,2.8280590946566759,2.5566992370642212,2.0308763212605112,-86.787068459146013,0,-7.8215172787894041,-90.021010179610684,-7.1054273576010019e-14,0,1
2.1163878329984538,0.0013431931063766513,38,42,74,4.1133717306151034,-2.2491601374972237,2.2866675855730163,-150.50011067978244,0,21.29637101107474,-129.16623222063191,-1.7053025658242404e-13,0,1
2.1163878329984538,0.0013431931063766513,38,42,75,4.3825455475419801,-2.7939517703211809,2.6303318801857736,62.197025515185707,0,11.236728110940845,73.270133735991152,2.7000623958883807e-13,-2.2204460492503131e-16,1
2.1163878329984538,0.0013431931063766513,38,42,76,3.2765515092825033,0.46778972188381118,3.1593642361186838,145.89523927009594,0,-7.7290911196660188,141.79330210843244,1.1368683772161603e-13,0,1
2.1163878329984538,0.0013431931063766513,38,42,77,2.8219014096930608,1.1908255755977957,3.7693672258127027,41.735069764519821,0,-0.98077297081456882,45.714489595115751,-9.2370555648813024e-14,0,1
2.1163878329984538,0.0013431931063766513,38,42,78,2.7536373899120736,1.0012569132538247,4.3211516005761883,-4.1181580779025229,0,-13.186428629439352,-11.982178193511862,-8.3488771451811772e-14,0,1
2.1163878329984538,0.0013431931063766513,38,42,79,2.9229188881419943,-0.29131309879035783,4.6592593939283837,-39.548684794803961,0,-15.414189211063562,-50.594927710729493,1.2789769243681803e-13,0,1
2.1163878329984538,0.0013431931063766513,38,42,80,3.0900034434125119,-1.3728271249240456,4.6928218501549406,-18.108737595702593,0,-7.3236392874243865,-22.112382157896086,-9.9475983006414026e-14,-8.8817841970012523e-16,1
2.1163878329984538,0.0013431931063766513,38,42,81,3.0119501552914465,-0.089058545178168469,4.3741698501722368,-18.845695037167964,0,21.807234036176737,7.2466503040028414,1.5010215292932116e-13,0,1
2.1163878329984538,0.0013431931063766513,38,42,82,3.0523408353937596,0.39299424700939367,3.821663367431972,-32.268294781375602,0,17.358963599764625,-10.694673567169612,1.2789769243681803e-13,0,1
2.1163878329984538,0.0013431931063766513,38,42,83,3.3679319946522392,-0.26518503119622205,3.5286709391317417,-28.216314354478307,0,-20.336912171777264,-45.289740618320053,-7.815970093361102e-14,0,1
2.1163878329984538,0.0013431931063766513,38,42,84,3.7058275578541862,-0.95238076075129885,3.6025903289035708,-32.417864435133481,0,-2.2658731582579543,-32.033528025239164,0,0,1
2.1163878329984538,0.0013431931063766513,38,42,85,3.7762134140698067,-0.37951795001076416,3.8438324203882051,-22.7839063475285,0,5.3682276182028899,-13.951364258948168,1.3322676295501878e-13,0,1
2.1163878329984538,0.0013431931063766513,38,42,86,3.7834385515452036,-1.0803397211145029,4.0004189026979473,53.465820909818206,0,-14.456483908863975,41.929416182537679,-1.5631940186722204e-13,-4.4408920985006262e-16,1
2.1163878329984538,0.0013431931063766513,38,42,87,3.2411254320261853,-0.45720184299563549,4.1075706943816659,53.857784823279452,0,-21.547344451987762,35.960809222677717,1.6342482922482304e-13,4.4408920985006262e-16,1
2.1163878329984538,0.0013431931063766513,38,42,88,3.3621751090118832,-1.6708332611436014,4.4132241913220973,-16.25502527223852,0,-3.8871899188708503,-17.399824260930874,-1.3855583347321954e-13,4.4408920985006262e-16,1
2.1163878329984538,0.0013431931063766513,38,42,89,3.2577166016893746,-3.4299597861787534,4.6554425572716225,103.86429244028724,0,-9.1051573560713717,95.984617855308741,1.1368683772161603e-13,-2.2204460492503131e-16,1
2.1163878329984538,0.0013431931063766513,38,42,90,2.1192040807457984,1.0266609786899039,4.6093277272410909,99.457462221984571,0,2.4932158879753499,107.58666681589092,-9.9475983006414026e-14,0,1
2.1163878329984538,0.0013431931063766513,38,42,91,1.699174414251915,2.3142266139253822,4.3616142789853392,16.324036241456085,0,-5.028226877213152,17.971650257153655,-2.1316282072803006e-14,0,1
2.1163878329984538,0.0013431931063766513,38,42,92,1.8075197866181461,1.3955968398155276,4.1019192059586818,-18.519346632484293,0,-4.5177161620371216,-17.539546748747206,1.7763568394002505e-14,0,1
2.1163878329984538,0.0013431931063766513,38,42,93,2.2093786034678753,0.31091219964413264,3.9934177562365436,-86.687195091851891,0,5.7003779373670289,-76.682487198604193,-1.1368683772161603e-13,8.8817841970012523e-16,1
2.1163878329984538,0.0013431931063766513,38,42,94,2.5911337526996072,-0.90507232401439541,3.9816237043809943,16.679877724278015,0,-27.430751978063167,-7.6743228734185536,-6.2172489379008766e-14,0,1
2.1163878329984538,0.0013431931063766513,38,42,95,1.4522588282051161,1.6750482730122422,3.9079794272307673,56.630277366263293,0,9.9600022399202572,72.173307306426551,0,0,1
2.1163878329984538,0.0013431931063766513,38,42,96,0.61575466856437677,4.3919709901394537,3.4485365723297416,8.744454808151195,0,-12.142054699078198,4.4429076715421907,-2.7533531010703882e-14,0,1
2.1163878329984538,0.0013431931063766513,38,42,97,0.69687176758597158,2.4743089110339112,2.6063145245041408,-2.7373750168256565,0,-25.007554968539264,-22.664306549826868,-1.7763568394002505e-14,8.8817841970012523e-16,1
2.1163878329984538,0.0013431931063766513,38,42,98,0.8847861810049138,0.95083916180541594,1.9263315708714159,-10.265472491573771,0,-1.052547588213941,-8.4408493471108805,-2.6645352591003757e-14,0,1
2.1163878329984538,0.0013431931063766513,38,42,99,0.94321027836939797,0.41326656178558918,1.5724418464833794,-13.735655805920853,0,12.681430800552961,0.93148340290107789,3.4527936065842368e-14,0,1
2.1163878329984538,0.0013431931063766513,38,42,100,1.1299717974267933,0.05906773186283476,1.2639220999121439,-25.203438156784323,0,-7.2592344914144569,-31.1396828164238,4.6185277824406512e-14,0,1
2.1163878329984538,0.0013431931063766513,38,42,101,1.6508526726467356,-0.10287641042585427,0.87042727399981512,-33.440577699989518,0,-25.039253898650287,-57.712280735065846,2.1316282072803006e-14,0,1
2.1163878329984538,0.0013431931063766513,38,42,102,2.0158316661391091,-0.64130863944044525,0.55157522915423252,-6.4159584905149618,0,-0.70964346239268905,-7.2153353631938639,-4.0856207306205761e-14,5.5511151231257827e-17,1
2.1163878329984538,0.0013431931063766513,38,42,103,1.8359452255539739,-0.56261234750161326,0.4313521308590148,18.405231945393826,0,41.550543353996041,59.824515082747268,7.1054273576010019e-14,0,1
2.1163878329984538,0.0013431931063766513,38,42,104,1.365249835410516,-0.47899317551483078,0.35842978739662346,51.176441150388023,0,10.275274287098602,61.33115204936842,-1.4210854715202004e-14,2.7755575615628914e-17,1
2.1163878329984538,0.0013431931063766513,38,42,105,1.0439161639478665,0.15773110280730568,0.19299721130355785,70.370294996485271,0,-43.591620996775177,27.129402313820961,3.5527136788005009e-15,0,1
2.1163878329984538,0.0013431931063766513,38,42,106,0.87757495874800695,0.034608515544445537,0.041742374686805833,25.971024793639906,0,-8.2082327353675524,17.839142948503603,1.4210854715202004e-14,0,1
2.1163878329984538,0.0013431931063766513,38,42,107,0.7186139316061948,0.09565077132832267,0.00076516384577901271,6.7208734956646481,0,11.520026017579683,18.337315448418433,-2.1316282072803006e-14,0,1
2.1163878329984538,0.0013431931063766513,38,42,108,0.5702997767971214,0.0061462081947503099,2.2544154845331469e-05,2.7963138710368312,0,14.658902350900483,17.461384974286911,-2.8421709430404007e-14,8.6736173798840355e-19,1
2.1163878329984538,0.0013431931063766513,38,42,109,0.37491423117169936,0.065508438792519386,1.6611409740175919e-05,1.7307729716763109,0,20.117553570779144,21.913851592657714,1.7763568394002505e-14,1.3877787807814457e-17,1
2.1163878329984538,0.0013431931063766513,38,42,110,0.21503415957273636,0.019574021669780086,1.0904246419810581e-05,1.014420007965164,0,6.2778239624369903,7.311828896318354,-3.5527136788005009e-15,0,1
2.1163878329984538,0.0013431931063766513,38,42,111,0.26786450799778944,0.031058458004143471,3.9189189999594917e-06,0.2001070902449773,0,-9.8394251348953023,-9.6082556677271818,8.8817841970012523e-15,3.4694469519536142e-18,1
2.1163878329984538,0.0013431931063766513,38,42,112,0.34482836579106813,-0.010920553136183429,2.4780733748681611e-07,0.098958732074981792,0,-4.1380334556909171,-4.0499950289447808,2.6645352591003757e-15,0,1
2.1163878329984538,0.0013431931063766513,38,42,113,0.34981697950951568,-0.0040305546910190176,5.551700803668735e-09,0.41000242135321147,0,1.1556018218356541,1.5615736940495473,-1.7763568394002505e-15,-8.6736173798840355e-19,1
2.1163878329984538,0.0013431931063766513,38,42,114,0.32058800007679267,-0.00037626917165616117,4.6318874323270083e-10,0.43365123367030312,0,3.2285303656899735,3.6618053306518092,-4.4408920985006262e-16,5.4210108624275222e-20,1
2.1163878329984538,0.0013431931063766513,38,42,115,0.29339822107262453,-0.0018544115314920026,7.1640201548817109e-13,0.18085299414086062,0,1.849072102964737,2.0280706855748218,-6.6613381477509392e-15,2.1684043449710089e-19,1
2.1163878329984538,0.0013431931063766513,38,42,116,0.28688872296751122,-0.00086498506279144248,4.1808263517850714e-13,0.084399046113431658,0,0.3141546133219616,0.39768867437301991,-1.4099832412739488e-14,-1.0842021724855044e-19,1
2.1163878329984538,0.0013431931063766513,38,42,117,0.28693629020970318,0.0012507771532695422,4.3114771752783553e-13,0.14360144910350042,0,0.1827246908852739,0.32757691714247505,-9.4368957093138306e-16,0,1
2.1163878329984538,0.0013431931063766513,38,42,118,0.2820136935958929,0.001794846583370883,4.6054415281382434e-13,0.2035322897251805,0,0.82741451205478345,1.0327416483637955,-5.1070259132757201e-15,0,1
2.1163878329984538,0.0013431931063766513,38,42,119,0.27020511519873919,0.001493449865628535,4.3550274497761164e-13,0.21687720799247842,0,1.4457563732429812,1.6641270311015237,-1.9095836023552692e-14,0,1
2.1163878329984538,0.0013431931063766513,38,42,120,0.25449412456463205,0.00093892548608688609,3.9521874106718255e-13,0.19722626852175851,0,1.7556733526581312,1.9538385466663719,8.4376949871511897e-15,0,1
2.1163878329984538,0.0013431931063766513,38,42,121,0.23801442287293503,0.00053603097303026287,3.3642587049520498e-13,0.16486437549569588,0,1.8137028094713363,1.979103215940399,-1.3322676295501878e-15,0,1
2.1163878329984538,0.0013431931063766513,38,42,122,0.22260210418404505,0.00030565474721197473,2.7436672933589533e-13,0.13210960808446059,0,1.7394973445946147,1.8719126074265615,1.1102230246251565e-15,0,1
2.1163878329984538,0.0013431931063766513,38,42,123,0.2090092460249301,0.00017961194845863941,2.2319515680102596e-13,0.10390059004014651,0,1.6166064023652715,1.7206866043540998,-4.2188474935755949e-15,0,1
2.1163878329984538,0.0013431931063766513,38,42,124,0.19739195414369368,0.0001091851608509583,1.8291115289059687e-13,0.081155715966950662,0,1.4880980775732398,1.5693629787012242,3.7747582837255322e-15,0,1
2.1163878329984538,0.0013431931063766513,38,42,125,0.18764915166119636,6.8267349345441832e-05,1.5133720387972003e-13,0.063221748731606575,0,1.3720460296459045,1.4353360457270079,1.7763568394002505e-15,0,1
2.1163878329984538,0.0013431931063766513,38,42,126,0.1795981806645647,4.3434934235101868e-05,1.2629579604350736e-13,0.049071427402965037,0,1.2743026327024689,1.3234174950397954,7.1054273576010019e-15,0,1
2.1163878329984538,0.0013431931063766513,38,42,127,0.17305217870247194,2.7646135361946372e-05,9.581060389507456e-14,0.037749908088296404,0,1.1953410597841054,1.2331186140078596,7.9936057773011271e-15,0,1
2.1163878329984538,0.0013431931063766513,38,42,128,0.16784858961339846,1.7035302841753643e-05,7.1857952921305917e-14,0.028488309466848993,0,1.1339309158897699,1.1624362606595324,4.4408920985006262e-16,0,1
2.1163878329984538,0.0013431931063766513,38,42,129,0.16385691712525122,9.6491505731552307e-06,4.8994058809981308e-14,0.020684259449004309,0,1.0882437806860268,1.1089376892856533,-8.659739592076221e-15,0,1
2.1163878329984538,0.0013431931063766513,38,42,130,0.1609816803042261,2.8151947889774175e-06,-8.7100548995522326e-15,0.013959835222138818,0,1.0568517463392528,1.0708143967561718,3.9968028886505635e-15,0,1
2.1163878329984538,0.0013431931063766513,38,42,131,0.15912606987725569,1.8294433698744498e-05,-1.2847330976839544e-13,0.0074126264850825716,0,1.0387525269702942,1.0461834478889471,4.4408920985006262e-16,0,1
2.1163878329984538,0.0013431931063766513,38,42,132,0.15843595442787395,0,-1.0669817251951485e-13,0.003987359335434721,0,1.0334337399956495,1.0374210993309776,2.2204460492503131e-16,0,1
2.1177310261048303,0.0013478242096043517,38,42,0,0.0091868138524079726,0,7.0915511039924324,-0,0,-7.0915511039924306,1.7763568394002505e-15,-1.7763568394002505e-15,0,1
2.1177310261048303,0.0013478242096043517,38,42,1,0.092985076447404599,0.093696281009306048,8.3140181293497726,-3.1557392536963769,0,-3.7188533294338484,1.5331218272288538,6.6613381477509392e-15,1.7763568394002505e-15,1
2.1177310261048303,0.0013478242096043517,38,42,2,0.22928535532452995,0.063904716480781776,6.8739723762282647,0.26206574692049056,0,-5.3272594737607326,1.872683365868804,1.021405182655144e-14,0,1
2.1177310261048303,0.0013478242096043517,38,42,3,0.43044116669370996,-0.21325057858520546,5.9674884670207504,-10.407764834209988,0,-1.7682493839529179,-6.4217763297273613,-1.5987211554602254e-14,0,1
2.1177310261048303,0.0013478242096043517,38,42,4,0.79861713760251074,-0.44861034517632348,5.4186376768681725,0.91024742887532195,0,-2.9426622952413641,2.9376124653258069,3.4194869158454821e-14,0,0.38942037563227289
2.1177310261048303,0.0013478242096043517,38,42,5,0.46737483410241654,-0.1513498941340341,4.1723593331088056,-2.4763561954959563,0,1.9666258523806694,3.5112790958594848,-1.8207657603852567e-14,0,0.38942037563227289
2.1177310261048303,0.0013478242096043517,38,42,6,0.51251129299553799,0.52826660989721708,3.32295937959314,-5.6645059301425835,0,10.194688723463365,8.381408782811139,1.9539925233402755e-14,0,1
2.1177310261048303,0.0013478242096043517,38,42,7,0.32429779163054351,0.21038515458417217,4.415064428001755,1.8448561571246647,0,-1.6447486620742828,4.8255570776363097,1.5987211554602254e-14,0,1
2.1177310261048303,0.0013478242096043517,38,42,8,0.58324436720869444,-0.18261790603821382,5.2790593564295332,5.6948236663184399,0,-9.5568931211263024,1.2343719955834569,-4.0412118096355698e-14,0,1
2.1177310261048303,0.0013478242096043517,38,42,9,0.57777674508046206,0.14679155455615067,4.6005345501700017,0.79506290857708839,0,-2.9785434230171894,2.5638455902860517,-3.6859404417555197e-14,0,1
2.1177310261048303,0.0013478242096043517,38,42,10,0.82606519072452822,-0.03318250389232702,3.3696772039581209,-6.1108000975078651,0,-2.4032596693231962,-5.1775650667652675,3.1086244689504383e-14,0,1
2.1177310261048303,0.0013478242096043517,38,42,11,1.086859080715213,-0.62876838539194324,2.1482708372197794,11.741801166667084,0,-2.8173095884566504,10.443994030038271,-6.2172489379008766e-14,0,1
2.1177310261048303,0.0013478242096043517,38,42,12,0.42516195367231213,1.1208327272558507,1.4627363921836363,14.179865352128992,0,8.2911097045252014,25.054544176093682,3.5527136788005009e-15,0,1
2.1177310261048303,0.0013478242096043517,38,42,13,0.21496789560604232,0.7988827914788228,1.3255142228041443,-2.0640914210467178,0,2.4599599447446003,2.5202655379808494,8.4376949871511897e-15,0,1
2.1177310261048303,0.0013478242096043517,38,42,14,0.73923686348743689,0.76927025123965964,1.5171380946381887,-12.798452297219274,0,-0.63539096719389199,-11.147434918535318,-2.4868995751603507e-14,0,1
2.1177310261048303,0.0013478242096043517,38,42,15,1.0918301316313916,-0.34600751824498766,1.9321832687711225,-20.83592493591587,0,17.0881516434474,-2.161597541942335,-3.1530333899354446e-14,0,1
2.1177310261048303,0.0013478242096043517,38,42,16,1.2397105138470261,-0.088682743198891467,2.5028258425911605,-19.495102552347301,0,9.4736800887445405,-7.6072793642104912,1.1546319456101628e-14,0,1
2.1177310261048303,0.0013478242096043517,38,42,17,1.3211636010606045,-0.79824838409506849,3.629489738506277,-5.4344496131996411,0,-0.31249367265918815,-2.9157019314476211,-6.4392935428259079e-14,0,1
2.1177310261048303,0.0013478242096043517,38,42,18,1.3996740214389125,-0.53674535824599068,4.4957140432003584,26.903476428976468,0,-4.9926777857096036,25.869767328221233,1.4210854715202004e-14,0,1
2.1177310261048303,0.0013478242096043517,38,42,19,0.69533411945562384,0.48288122857558458,4.9975927740347332,20.926980408254291,0,2.0755532399088708,28.48300765077348,-7.1054273576010019e-15,0,1
2.1177310261048303,0.0013478242096043517,38,42,20,0.67165023549923664,0.25457489212329154,4.8131287000771685,-7.2892172929452457,0,-1.6518255409149865,-3.8733392416597718,-2.7977620220553945e-14,0,1
2.1177310261048303,0.0013478242096043517,38,42,21,0.56734852009342984,1.4519248617805536,3.6839932265313826,5.4711987817140049,0,8.253924746988945,18.861041617014884,-2.4868995751603507e-14,0,1
2.1177310261048303,0.0013478242096043517,38,42,22,0.33316096325182049,2.0279174535789366,3.9799734967100706,-10.077827130867773,0,-3.0362966367200599,-7.1062328172988254,-7.1054273576010019e-15,0,1
2.1177310261048303,0.0013478242096043517,38,42,23,0.91491548967152203,-0.32378979243824668,5.4517670596985912,-3.4119326615918748,0,-10.16467646994322,-8.4486318642747502,1.7763568394002505e-14,0,1
2.1177310261048303,0.0013478242096043517,38,42,24,0.81657326110005302,-0.1069547821583412,6.792769102529661,0.34437879446420006,0,-3.9765063857064713,3.0536867291290481,-2.1316282072803006e-14,0,1
2.1177310261048303,0.0013478242096043517,38,42,25,0.80761308688466837,0.31527487988173419,7.3885503221387481,7.1173169177739783,0,-16.336589778919066,-1.5154476591246056,-3.219646771412954e-14,0,1
2.1177310261048303,0.0013478242096043517,38,42,26,0.5103527232638726,1.4366735928694898,6.701095196423454,-30.340062575248819,0,13.608924167815953,-8.5933696181399206,5.3290705182007514e-15,1.7763568394002505e-15,1
2.1177310261048303,0.0013478242096043517,38,42,27,0.16650740122317145,2.5442185000262585,5.9037061503788681,-17.497440363310318,0,0.23382185360440846,-8.8156938593007812,-5.3290705182007514e-15,0,1
2.1177310261048303,0.0013478242096043517,38,42,28,0.59862402105442458,1.8979694013011388,6.0266909933863069,-47.38596539209432,0,-16.510269462137238,-55.971574459544115,-1.4210854715202004e-14,-8.8817841970012523e-16,1
2.1177310261048303,0.0013478242096043517,38,42,29,1.3729009594064092,-0.43036939600541935,6.7453858711800034,-69.907949953285126,0,-2.7009676960802302,-66.293901174190765,1.4210854715202004e-14,0,1
2.1177310261048303,0.0013478242096043517,38,42,30,1.6309388463448178,-2.2152292396541609,7.1534298607013458,-7.8105017181016319,0,0.57323126971462379,-2.2990698273398227,6.6613381477509392e-14,0,1
2.1177310261048303,0.0013478242096043517,38,42,31,1.4875901839626537,-2.1914322934972015,7.1026311723519449,21.372841115876316,0,-14.115543663386781,12.168496331344279,-4.7961634663806763e-14,8.8817841970012523e-16,1
2.1177310261048303,0.0013478242096043517,38,42,32,1.3626084386731641,-2.1022881312787369,6.7110907107430258,-4.1651006505798094,0,5.2481836162384514,5.6918855451229309,-3.907985046680551e-14,0,1
2.1177310261048303,0.0013478242096043517,38,42,33,0.94825961848648677,2.2813264154429937,6.1376858627431092,-20.399950439181005,0,5.6841034730730362,-6.2968346879218666,2.3980817331903381e-14,0,1
2.1177310261048303,0.0013478242096043517,38,42,34,0.95448666189127618,2.4945258267296606,5.5755687361599993,-24.662441048179389,0,-16.100704025913974,-32.693050511203708,-7.1054273576010019e-15,1.7763568394002505e-15,1
2.1177310261048303,0.0013478242096043517,38,42,35,1.3211582656862839,0.92993718416767779,5.0534473348489124,-45.102645862926281,0,-1.5115671596237874,-40.630828503533479,7.1054273576010019e-15,0,1
2.1177310261048303,0.0013478242096043517,38,42,36,1.7339713510816861,-0.78217984689370712,4.7170327540223234,-48.110249108829521,0,-3.0843400590242229,-47.259736260725127,3.5527136788005009e-14,8.8817841970012523e-16,1
2.1177310261048303,0.0013478242096043517,38,42,37,2.1910693518109818,-1.810216227434885,4.6695714866026909,-34.104624342576535,0,16.726880409658069,-14.51838867375066,9.2370555648813024e-14,0,1
2.1177310261048303,0.0013478242096043517,38,42,38,2.1540359712384807,-1.5218365347217637,5.0066679506728828,16.999139802466324,0,7.3162115320255534,27.800182750443,-1.2079226507921703e-13,0,1
2.1177310261048303,0.0013478242096043517,38,42,39,1.9327493034047469,-0.8791491087472818,5.2797287370898101,31.058915493356292,0,-0.31637884655438681,35.143116275144436,-7.815970093361102e-14,0,1
2.1177310261048303,0.0013478242096043517,38,42,40,1.7961353314557893,-0.64561520151502805,5.3206952668165908,-7.9337600255529885,0,-8.3745332075874828,-11.633213167838909,6.5725203057809267e-14,0,1
2.1177310261048303,0.0013478242096043517,38,42,41,2.0455059901538042,-1.0136205059781038,5.1862355465412717,-11.369029986618058,0,-1.3377455142443417,-8.5341604602992316,6.7501559897209518e-14,0,1
2.1177310261048303,0.0013478242096043517,38,42,42,2.1317676508179413,0.1514311358223881,4.9387727373146273,-67.871390924772484,0,33.169290711319881,-29.611896340315589,-1.1013412404281553e-13,0,1
2.1177310261048303,0.0013478242096043517,38,42,43,2.9435217035591603,-2.9594150650861719,4.7545661499910228,-23.245645570619487,0,-22.583905987076943,-44.034400472791575,-9.9475983006414026e-14,0,1
2.1177310261048303,0.0013478242096043517,38,42,44,3.0787028966802015,-4.5633742022177941,4.1141135477814874,106.43871625459836,0,-41.719394479899407,64.270061120262653,-1.7053025658242404e-13,4.4408920985006262e-16,1
2.1177310261048303,0.0013478242096043517,38,42,45,1.7604444749881869,2.1335257250642186,2.5572998007867076,73.701949690487851,0,16.856626633920722,95.249401850259503,1.4210854715202004e-14,0,1
2.1177310261048303,0.0013478242096043517,38,42,46,1.7731002377539353,1.3784449315012428,1.5258254346660656,-0.27326014443650237,0,20.827468009793943,23.458478231524751,1.0658141036401503e-14,0,1
2.1177310261048303,0.0013478242096043517,38,42,47,1.4527389338524841,0.51774123903174907,1.7034059362730363,23.643310380163786,0,0.40357215179266964,26.268029707261242,2.8421709430404007e-14,0,1
2.1177310261048303,0.0013478242096043517,38,42,48,1.055843131455555,1.2153709957688514,1.9576601842180847,21.692543127068539,0,-8.0740640796310572,16.791510227424418,-7.815970093361102e-14,0,1
2.1177310261048303,0.0013478242096043517,38,42,49,0.9767380724550585,1.3449378422499239,1.6997028239903722,6.7005757272045567,0,6.4917829785058077,16.23699937195066,1.4210854715202004e-14,0,1
2.1177310261048303,0.0013478242096043517,38,42,50,0.9453087345032587,1.544534285921777,1.0470359389045512,-13.82937794289445,0,-9.927012290163189,-21.16482000823131,-3.1974423109204508e-14,0,1
2.1177310261048303,0.0013478242096043517,38,42,51,1.3289706261841712,1.4841691124881824,0.50915836323831276,-25.569987827098107,0,-7.7905386865485742,-31.367199037920187,4.6185277824406512e-14,-2.2204460492503131e-16,1
2.1177310261048303,0.0013478242096043517,38,42,52,1.5842606973007509,0.98467243180509567,0.31977980031876602,-17.333701766906767,0,12.724307482459169,-3.3049420523237369,7.5939254884360707e-14,0,1
2.1177310261048303,0.0013478242096043517,38,42,53,1.8147912375568287,0.33707639679389445,0.3461920078262396,1.3008187314218,0,4.9618718904306682,6.9459590264726021,4.7073456244106637e-14,0,1
2.1177310261048303,0.0013478242096043517,38,42,54,1.7516040209838326,0.81373721900609897,0.57239122072075621,9.5666848029490179,0,16.839028808220128,27.791842050896001,-3.1974423109204508e-14,0,1
2.1177310261048303,0.0013478242096043517,38,42,55,1.4161388484167461,1.9540615791824503,0.8850608948230223,14.805568312388356,0,2.0537510660499083,19.698441852443739,-6.3948846218409017e-14,0,1
2.1177310261048303,0.0013478242096043517,38,42,56,1.7645158810704975,1.2546864728630109,0.97798120888336093,-28.240564072966539,0,-9.5912610170477066,-35.599157408267871,5.6843418860808015e-14,0,1
2.1177310261048303,0.0013478242096043517,38,42,57,2.3373902521658403,0.56379772525302485,0.95752241272655758,-50.20060806439669,0,3.0630349876249885,-45.616252938792123,1.1368683772161603e-13,0,1
2.1177310261048303,0.0013478242096043517,38,42,58,2.5319605934064811,-0.29851185719051482,1.0584966159479832,2.7476665230190722,0,-3.6778720423025386,-0.17022076052599777,-5.670464098272987e-14,0,1
2.1177310261048303,0.0013478242096043517,38,42,59,2.1837134363232926,0.7432053737213884,1.127290951187319,39.797983119880293,0,0.78572356153941303,42.454203006328413,-7.815970093361102e-14,2.2204460492503131e-16,1
2.1177310261048303,0.0013478242096043517,38,42,60,1.570812747815477,1.1835760953381169,1.02191262829861,6.1537525580483514,0,2.5912148557255308,10.950456137410608,-4.6185277824406512e-14,0,1
2.1177310261048303,0.0013478242096043517,38,42,61,1.9499270914224911,0.30034715504306908,0.8971793169618465,-31.373745060148504,0,-1.0024598907809745,-31.178678478924564,5.6843418860808015e-14,0,1
2.1177310261048303,0.0013478242096043517,38,42,62,2.3754995992065515,-0.10690032310611597,0.84460269444816083,-8.4154666219508059,0,7.1625972313804604,-0.51516701922830066,1.3433698597964394e-14,1.1102230246251565e-16,1
2.1177310261048303,0.0013478242096043517,38,42,63,1.9738819623097397,0.49985650282973293,0.84461654112683371,27.422227676700658,0,6.0518439622378226,34.818544682895045,4.2632564145606011e-14,0,1
2.1177310261048303,0.0013478242096043517,38,42,64,1.8386674898202886,1.1243977656550488,0.88528510566761276,-7.0219161486298649,0,-1.9724794002194475,-6.9847126775266508,5.0626169922907138e-14,0,1
2.1177310261048303,0.0013478242096043517,38,42,65,2.409804816105896,0.78231118914089626,1.0021346437104095,-63.171884394227654,0,-2.0293729852240463,-63.416811546600393,-4.9737991503207013e-14,0,1
2.1177310261048303,0.0013478242096043517,38,42,66,3.0895406675073969,-0.22000283161620271,1.1568789248500024,-77.958620158493545,0,11.166154449731245,-65.855589615528487,-1.4210854715202004e-14,0,1
2.1177310261048303,0.0013478242096043517,38,42,67,3.6891253644646134,-1.2910759360042219,1.2587092206899029,-40.978608911552101,0,19.851903747527814,-21.159071879338605,3.5527136788005009e-14,0,1
2.1177310261048303,0.0013478242096043517,38,42,68,3.6696201177004291,-1.0706433731785927,1.3367105698118087,37.975417595905355,0,-6.0521790600181102,32.189305732520459,7.815970093361102e-14,0,1
2.1177310261048303,0.0013478242096043517,38,42,69,3.2988513573937093,-0.16711822512352781,1.4802954781523021,28.624772918324901,0,7.0505968698890333,36.988547041242711,1.3500311979441904e-13,-2.2204460492503131e-16,1
2.1177310261048303,0.0013478242096043517,38,42,70,3.1678423543416958,0.16940770745649947,1.6514434576269608,19.39265383269116,0,-4.1246733822742074,17.088831615500414,-1.0302869668521453e-13,0,1
2.1177310261048303,0.0013478242096043517,38,42,71,3.033253033497886,0.084697224473865518,1.7514038483123608,21.521595505105147,0,-3.7506152695840305,19.607081308307343,-4.2632564145606011e-14,0,1
2.1177310261048303,0.0013478242096043517,38,42,72,2.6999477003738965,1.3905888475991692,1.8277604891311339,6.2424516216602761,0,10.541125923232293,20.001926881622872,1.0302869668521453e-13,0,1
2.1177310261048303,0.0013478242096043517,38,42,73,2.7071434943543604,2.5310749183439083,1.9885913303927887,-71.316518983523508,0,-7.2606038563230033,-74.057456591109812,2.8421709430404007e-14,0,1
2.1177310261048303,0.0013478242096043517,38,42,74,3.9398765379197047,-1.5679617471047052,2.2322307193253073,-159.0245701544294,0,16.09025874148147,-142.27004244072731,8.5265128291212022e-14,1.1102230246251565e-16,1
2.1177310261048303,0.0013478242096043517,38,42,75,4.4809614860794591,-2.9862530138938288,2.546750113338887,20.861087869119871,0,17.847313882471365,38.268898851036298,-2.8421709430404007e-13,0,1
2.1177310261048303,0.0013478242096043517,38,42,76,3.4670072952049318,-0.011584739465266836,3.0367260409120251,152.43308512080452,0,-8.658156593189382,146.8000698290619,8.5265128291212022e-14,0,1
2.1177310261048303,0.0013478242096043517,38,42,77,2.8833047969787473,1.060552206932533,3.6445540930059543,58.377979944286615,0,-0.066431735253445701,63.016654508971655,9.2370555648813024e-14,0,1
2.1177310261048303,0.0013478242096043517,38,42,78,2.7375430107631717,1.1524320203343126,4.2183230117236263,10.168719130700035,0,-11.505289795848729,4.0341843669092459,-3.5527136788005009e-14,0,1
2.1177310261048303,0.0013478242096043517,38,42,79,2.8549601300233176,0.0033621162297179374,4.6160441521775777,-36.537611197752121,0,-16.188264147188413,-48.106469076533237,-1.1368683772161603e-13,0,1
2.1177310261048303,0.0013478242096043517,38,42,80,3.0603022441324597,-1.1947357248326698,4.7119136093207743,-23.434579006185828,0,-10.877340328377585,-30.794741450075307,-1.5987211554602254e-13,0,1
2.1177310261048303,0.0013478242096043517,38,42,81,3.0216838060241056,-0.27889622689211269,4.4492559597128718,-15.411055976910944,0,18.071938215811407,6.8312419717212229,-1.5099033134902129e-14,8.8817841970012523e-16,1
2.1177310261048303,0.0013478242096043517,38,42,82,3.0379758235833889,0.46453381577317021,3.9101136378931338,-38.819400719155851,0,23.218483468690167,-11.226269796799379,1.0658141036401503e-13,0,1
2.1177310261048303,0.0013478242096043517,38,42,83,3.307099127264125,-0.25950677872933037,3.5561555771711868,-23.827603945056346,0,-17.970674728174693,-38.501629874789181,-1.5631940186722204e-13,0,1
2.1177310261048303,0.0013478242096043517,38,42,84,3.6628003438377617,-0.95483210500032922,3.57473137321103,-32.045391526841712,0,-6.7106596316191913,-36.136151890250204,3.5527136788005009e-14,-4.4408920985006262e-16,1
2.1177310261048303,0.0013478242096043517,38,42,85,3.7574740377726381,-0.3841088326909361,3.8089619247992852,-33.054887397651576,0,7.696200526973108,-21.933833778570119,-1.0658141036401503e-13,0,1
2.1177310261048303,0.0013478242096043517,38,42,86,3.8397578543159856,-1.0608213515719531,3.9774517283504434,44.396780070296273,0,-13.157186443917393,34.156224003157377,2.1316282072803006e-14,4.4408920985006262e-16,1
2.1177310261048303,0.0013478242096043517,38,42,87,3.2894277430738121,-0.37283869601739927,4.0605809191865525,63.542870080002871,0,-22.343549457754538,44.887062845417489,-1.5631940186722204e-13,0,1
2.1177310261048303,0.0013478242096043517,38,42,88,3.3388037850124355,-1.5761831132604955,4.3495293921199529,-22.968476192083997,0,-5.0086361308877683,-25.20376604411231,1.5631940186722204e-13,0,1
2.1177310261048303,0.0013478242096043517,38,42,89,3.3866424787108227,-3.1629666564275585,4.6349312904070574,86.669901541558488,0,-7.3375575774726691,80.804308598065319,0,2.2204460492503131e-16,1
2.1177310261048303,0.0013478242096043517,38,42,90,2.2637137499509445,0.028412540526979946,4.6527249358295553,115.60403053896837,0,-2.0700119177822152,118.2151560975427,-1.4210854715202004e-13,0,1
2.1177310261048303,0.0013478242096043517,38,42,91,1.7233138109875359,2.4987542826230968,4.428110710076794,24.343629721137951,0,-0.20640118289921314,31.064093530938628,4.9737991503207013e-14,8.8817841970012523e-16,1
2.1177310261048303,0.0013478242096043517,38,42,92,1.7839607883362578,1.5144759492429585,4.15036646263788,-9.3350493337649034,0,-8.1366751162649678,-11.806882038149032,3.3750779948604759e-14,-8.8817841970012523e-16,1
2.1177310261048303,0.0013478242096043517,38,42,93,2.1063792152828942,0.59819917693303148,4.019368843367082,-82.792683755405037,0,8.9265890695245087,-69.248526665580414,2.8421709430404007e-14,0,1
2.1177310261048303,0.0013478242096043517,38,42,94,2.5808256551199227,-1.0682672129547286,4.0025236328772662,3.8896694451412728,0,-29.12578011537893,-22.30185425031512,-3.5527136788005009e-15,0,1
2.1177310261048303,0.0013478242096043517,38,42,95,1.5492015170435118,1.321027792478805,3.9316955088601597,56.584611690818171,0,7.9272754791032707,69.764610471260411,4.2632564145606011e-14,-8.8817841970012523e-16,1
2.1177310261048303,0.0013478242096043517,38,42,96,0.62172235152106015,4.3029416078378313,3.4969675139534573,10.719973964070599,0,-6.9704552259018149,11.549427859960073,-1.7763568394002505e-14,0,1
2.1177310261048303,0.0013478242096043517,38,42,97,0.66642922726743692,2.6621050841822851,2.6844954271133425,-1.356492887284015,0,-26.899262448133062,-22.909154824121448,1.7763568394002505e-14,0,1
2.1177310261048303,0.0013478242096043517,38,42,98,0.87344849034991057,1.1106771817307148,1.99653185075812,-9.4837412484875898,0,-4.0793579148601991,-10.455890130858954,-1.5987211554602254e-14,0,1
2.1177310261048303,0.0013478242096043517,38,42,99,0.94446144045487901,0.49841966303503005,1.6204192495257033,-13.386067953952562,0,11.628396630732555,0.36116758934072557,4.1244785364824565e-14,-4.4408920985006262e-16,1
2.1177310261048303,0.0013478242096043517,38,42,100,1.0881451901330175,0.091852948269257495,1.3208813500798775,-22.578528440436827,0,-1.1495333201455091,-22.315327462233199,-3.5527136788005009e-15,0,1
2.1177310261048303,0.0013478242096043517,38,42,101,1.5733339350101212,-0.070908204932111085,0.93560130278999798,-34.138434006221779,0,-25.629292783784457,-58.903033692148348,-3.5527136788005009e-14,0,1
2.1177310261048303,0.0013478242096043517,38,42,102,2.0061400774190714,-0.58435351117072709,0.58440095379728896,-12.76647928076763,0,-6.6612763581131142,-19.427708196254184,-3.5527136788005009e-14,5.5511151231257827e-17,1
2.1177310261048303,0.0013478242096043517,38,42,103,1.9163011018054461,-0.53169439707547328,0.43406938849627497,16.621276279920487,0,35.219300750864292,51.742952022205586,-2.1316282072803006e-14,2.7755575615628914e-17,1
2.1177310261048303,0.0013478242096043517,38,42,104,1.4476294160493659,-0.66336887566282288,0.37015027908543474,41.876826825260864,0,24.295227261228675,65.878835489912149,2.8421709430404007e-14,0,1
2.1177310261048303,0.0013478242096043517,38,42,105,1.0803561901159096,0.17224566871558677,0.22174960622978013,74.147706886448162,0,-41.712977957031782,32.828724204361748,-4.9737991503207013e-14,0,1
2.1177310261048303,0.0013478242096043517,38,42,106,0.90153637258010466,0.0049029800878553527,0.059754165700088221,33.085696198740756,0,-16.048964353777162,17.101388990751534,-3.5527136788005009e-15,0,1
2.1177310261048303,0.0013478242096043517,38,42,107,0.74324448730596449,0.10691439899813709,0.0021998967312852331,8.2276889045938013,0,10.438410239711045,18.775213440034271,-1.4210854715202004e-14,0,1
2.1177310261048303,0.0013478242096043517,38,42,108,0.59375378872237239,0.011483989375930231,2.4609484490473539e-05,3.1211956394647364,0,14.29695640902291,17.429660647348065,2.1316282072803006e-14,0,1
2.1177310261048303,0.0013478242096043517,38,42,109,0.40434876556511823,0.059862527406801723,1.6948678299772599e-05,1.8655090377016399,0,20.011176377053015,21.936564890839758,1.0658141036401503e-14,0,1
2.1177310261048303,0.0013478242096043517,38,42,110,0.22485535774127677,0.01993207646541538,1.1696967038150574e-05,1.1332291426867895,0,9.2808452327884243,10.434018148907667,1.0658141036401503e-14,3.4694469519536142e-18,1
2.1177310261048303,0.0013478242096043517,38,42,111,0.25495876522059391,0.038520833351307744,4.6771936734901425e-06,0.27844075906160454,0,-9.1722511284490551,-8.8552848588424702,7.1054273576010019e-15,0,1
2.1177310261048303,0.0013478242096043517,38,42,112,0.33938844038732979,-0.0092196507312005301,3.9417346915382454e-07,0.070146958253257785,0,-5.1307956870187601,-5.069867985323234,5.3290705182007514e-15,0,1
2.1177310261048303,0.0013478242096043517,38,42,113,0.35191447453046215,-0.0048146700339380573,7.8436722712349468e-09,0.36952253966350701,0,0.64240050177221675,1.007108379245458,1.9539925233402755e-14,-8.6736173798840355e-19,1
2.1177310261048303,0.0013478242096043517,38,42,114,0.32550651175381745,-0.00070073460347256093,5.85918860551704e-10,0.45541198211846623,0,3.1357307006109698,3.5904419487118822,-6.6613381477509392e-15,0,1
2.1177310261048303,0.0013478242096043517,38,42,115,0.29612231163673319,-0.0015717923280180214,8.3181024290723827e-13,0.21145583911602059,0,2.1327051480129371,2.3425891948017714,1.865174681370263e-14,0,1
2.1177310261048303,0.0013478242096043517,38,42,116,0.28742289565341311,-0.0011380561220886963,4.2243766262828325e-13,0.085305362506670618,0,0.4469747403001742,0.53114204668517861,7.7715611723760958e-15,0,1
2.1177310261048303,0.0013478242096043517,38,42,117,0.28737628926661707,0.0010527209228064027,4.224376626282833e-13,0.13300471246562917,0,0.15123615540702839,0.2852935887958864,1.6320278461989801e-14,0,1
2.1177310261048303,0.0013478242096043517,38,42,118,0.2834008650586432,0.00175525799298178,4.5510036850160414e-13,0.19723889872008479,0,0.73563604789769865,0.93463020461122026,-9.6589403142388619e-15,0,1
2.1177310261048303,0.0013478242096043517,38,42,119,0.27244035915504977,0.0015496281098070527,4.376802587024997e-13,0.21666901042245046,0,1.3808255424257392,1.5990441809584344,1.0880185641326534e-14,0,1
2.1177310261048303,0.0013478242096043517,38,42,120,0.25711850703148731,0.0010032660710513933,4.0284003910429075e-13,0.20041669535491385,0,1.7324361981473417,1.9338561595737098,-5.9952043329758453e-15,0,1
2.1177310261048303,0.0013478242096043517,38,42,121,0.24067274066939404,0.00057680827937604839,3.4513592539475721e-13,0.16905746340752056,0,1.8180802578536244,1.987714529540866,-6.2172489379008766e-15,0,1
2.1177310261048303,0.0013478242096043517,38,42,122,0.22511644429407995,0.00032811632737061525,2.8525429796033561e-13,0.13605483888362754,0,1.7567724867213836,1.893155441932667,1.021405182655144e-14,-5.4210108624275222e-20,1
2.1177310261048303,0.0013478242096043517,38,42,123,0.21132046041013317,0.00019183773987154683,2.3190521170057818e-13,0.10717046318160633,0,1.6380409959193425,1.7454032968410522,1.3322676295501878e-15,0,1
2.1177310261048303,0.0013478242096043517,38,42,124,0.19949991167808789,0.00011599770789977602,1.9162120779014912e-13,0.083717603754422637,0,1.5095855737207975,1.5934191751833116,7.7715611723760958e-15,0,1
2.1177310261048303,0.0013478242096043517,38,42,125,0.1895770851431508,7.2171479357746772e-05,1.6549104309149242e-13,0.065178655800136112,0,1.3920828666200884,1.4573336938997477,2.2204460492503131e-15,0,1
2.1177310261048303,0.0013478242096043517,38,42,126,0.18137578592076042,4.5721666833636688e-05,1.4480466270505586e-13,0.050547659506102821,0,1.2925202420547877,1.3431136232278689,6.6613381477509392e-15,6.7762635780344027e-21,1
2.1177310261048303,0.0013478242096043517,38,42,127,0.17470849512415204,2.8996641939923871e-05,1.1976325486884319e-13,0.038852292128004298,0,1.2119158351177257,1.2507971238877897,9.7699626167013776e-15,0,1
2.1177310261048303,0.0013478242096043517,38,42,128,0.1694099659853186,1.7816699575726497e-05,9.581060389507456e-14,0.029298416179966057,0,1.1491008953386452,1.1784171282182829,3.5527136788005009e-15,0,1
2.1177310261048303,0.0013478242096043517,38,42,129,0.16534643458490095,1.0074202209916528e-05,7.4035466646193973e-14,0.021260325812125128,0,1.102387646455659,1.1236580464700681,1.5543122344752192e-15,0,1
2.1177310261048303,0.0013478242096043517,38,42,130,0.16241999082015787,2.9454376793096852e-06,5.4437843122201452e-15,0.01434439612248492,0,1.0702456995015548,1.0845930410617244,5.1070259132757201e-15,0,1
2.1177310261048303,0.0013478242096043517,38,42,131,0.16053129627246548,1.874364145753515e-05,-1.6331352936660436e-13,0.0076170240916721057,0,1.051545480142275,1.0591812478752414,2.2204460492503131e-16,0,1
2.1177310261048303,0.0013478242096043517,38,42,132,0.15982941129690501,0,-1.4262714898016781e-13,0.0040980529133183745,0,1.0454606715712329,1.0495587244844087,8.8817841970012523e-15,0,1
