accepted_step,time_s,dt_s,maximum_velocity_m_per_s,axis,face,x,y,z,manifold_max,manifold_p95,manifold_p50,tail_cells,tail_drained_m3
1,0.0016462659696117043,0.0016462659696117043,0.12931376695632935,2,2725,34,39,0,0.010313630104064941,1.1920928955078125e-07,1.1920928955078125e-07,0,0
2,0.0032925319392234087,0.0016462659696117043,0.28773248195648193,2,2659,37,38,0,0.017837047576904297,1.1920928955078125e-07,1.1920928955078125e-07,0,0
3,0.004938797908835113,0.0016462659696117043,0.35816061496734619,2,2659,37,38,0,0.018983602523803711,1.1920928955078125e-07,1.1920928955078125e-07,0,0
4,0.0065850638784468174,0.0016462659696117043,0.3095964789390564,2,2659,37,38,0,0.015125274658203125,1.7881393432617188e-07,1.1920928955078125e-07,0,0
5,0.0082313298480585217,0.0016462659696117043,0.25081831216812134,1,2725,34,39,0,0.01385653018951416,3.5762786865234375e-07,1.1920928955078125e-07,0,0
6,0.0098775958176702261,0.0016462659696117043,0.21784582734107971,1,2725,34,39,0,0.015035450458526611,2.9802322387695312e-07,1.1920928955078125e-07,0,0
7,0.01152386178728193,0.0016462659696117043,0.23889824748039246,2,2659,37,38,0,0.016617298126220703,3.5762786865234375e-07,1.1920928955078125e-07,0,0
8,0.013170127756893635,0.0016462659696117043,0.30917400121688843,2,2725,34,39,0,0.01443028450012207,3.5762786865234375e-07,1.1920928955078125e-07,0,0
9,0.014816393726505339,0.0016462659696117043,0.29834693670272827,2,2653,31,38,0,0.015072941780090332,3.5762786865234375e-07,1.1920928955078125e-07,0,0
10,0.016462659696117043,0.0016462659696117043,0.23986369371414185,2,2448,33,35,0,0.016754567623138428,3.5762786865234375e-07,1.1920928955078125e-07,0,0
11,0.018108925665728748,0.0016462659696117043,0.33226558566093445,2,2380,34,34,0,0.021289944648742676,3.5762786865234375e-07,1.1920928955078125e-07,0,0
12,0.019755191635340452,0.0016462659696117043,0.36375430226325989,2,2380,34,34,0,0.026338517665863037,3.5762786865234375e-07,1.1920928955078125e-07,0,0
13,0.021401457604952157,0.0016462659696117043,0.29223701357841492,2,2380,34,34,0,0.023985862731933594,3.5762786865234375e-07,1.1920928955078125e-07,0,0
14,0.023047723574563861,0.0016462659696117043,0.25911170244216919,2,2660,38,38,0,0.015224933624267578,3.5762786865234375e-07,1.1920928955078125e-07,0,0
15,0.024693989544175565,0.0016462659696117043,0.24698163568973541,2,2660,38,38,0,0.011939406394958496,3.5762786865234375e-07,1.1920928955078125e-07,0,0
16,0.02634025551378727,0.0016462659696117043,0.30858248472213745,2,2380,34,34,0,0.024643898010253906,3.5762786865234375e-07,1.1920928955078125e-07,0,0
17,0.027986521483398974,0.0016462659696117043,0.42254772782325745,2,2380,34,34,0,0.036734342575073242,3.5762786865234375e-07,1.1920928955078125e-07,0,0
18,0.029632787453010678,0.0016462659696117043,0.39312568306922913,2,2380,34,34,0,0.035590171813964844,3.5762786865234375e-07,1.1920928955078125e-07,0,0
19,0.031279053422622383,0.0016462659696117043,0.25658497214317322,2,2725,34,39,0,0.020382165908813477,3.5762786865234375e-07,1.1920928955078125e-07,0,0
20,0.032925319392234087,0.0016462659696117043,0.38594916462898254,2,2725,34,39,0,0.016883134841918945,3.5762786865234375e-07,1.1920928955078125e-07,0,0
21,0.034571585361845791,0.0016462659696117043,0.37455305457115173,2,2725,34,39,0,0.022962093353271484,3.5762786865234375e-07,1.1920928955078125e-07,0,0
22,0.036217851331457496,0.0016462659696117043,0.33098435401916504,2,2380,34,34,0,0.031853735446929932,3.5762786865234375e-07,1.1920928955078125e-07,0,0
23,0.0378641173010692,0.0016462659696117043,0.28319317102432251,2,2380,34,34,0,0.025978624820709229,3.5762786865234375e-07,1.1920928955078125e-07,0,0
24,0.039510383270680904,0.0016462659696117043,0.21791845560073853,2,2383,37,34,0,0.018959105014801025,3.5762786865234375e-07,1.1920928955078125e-07,0,0
25,0.041156649240292609,0.0016462659696117043,0.24487252533435822,2,2240,32,32,0,0.021399497985839844,3.5762786865234375e-07,1.1920928955078125e-07,0,0
26,0.042802915209904313,0.0016462659696117043,0.29239675402641296,2,2660,38,38,0,0.02413862943649292,3.5762786865234375e-07,1.1920928955078125e-07,0,0
27,0.044449181179516017,0.0016462659696117043,0.24377243220806122,2,2728,37,39,0,0.017848610877990723,3.5762786865234375e-07,1.1920928955078125e-07,0,0
28,0.046095447149127722,0.0016462659696117043,0.10161643475294113,2,7141,34,34,1,0.012045145034790039,3.5762786865234375e-07,1.1920928955078125e-07,0,0
29,0.047741713118739426,0.0016462659696117043,0.17758810520172119,2,2380,34,34,0,0.019038498401641846,3.5762786865234375e-07,1.1920928955078125e-07,0,0
30,0.04938797908835113,0.0016462659696117043,0.20054645836353302,2,2380,34,34,0,0.028099417686462402,3.5762786865234375e-07,1.1920928955078125e-07,0,0
31,0.051034245057962835,0.0016462659696117043,0.22031527757644653,2,2101,31,30,0,0.0190926194190979,3.5762786865234375e-07,1.1920928955078125e-07,0,0
32,0.052680511027574539,0.0016462659696117043,0.36499732732772827,2,2660,38,38,0,0.014575839042663574,3.5762786865234375e-07,1.1920928955078125e-07,0,0
33,0.054326776997186244,0.0016462659696117043,0.35224989056587219,2,2380,34,34,0,0.03346705436706543,3.5762786865234375e-07,1.1920928955078125e-07,0,0
34,0.055973042966797948,0.0016462659696117043,0.43612381815910339,2,2380,34,34,0,0.048037052154541016,3.5762786865234375e-07,1.1920928955078125e-07,0,0
35,0.057619308936409652,0.0016462659696117043,0.32498708367347717,2,2380,34,34,0,0.038422107696533203,4.76837158203125e-07,1.1920928955078125e-07,0,0
36,0.059265574906021357,0.0016462659696117043,0.25959587097167969,2,7141,34,34,1,0.01277315616607666,4.76837158203125e-07,1.1920928955078125e-07,0,0
37,0.060911840875633061,0.0016462659696117043,0.26711732149124146,2,2380,34,34,0,0.026830077171325684,4.76837158203125e-07,1.1920928955078125e-07,0,0
38,0.062558106845244765,0.0016462659696117043,0.47041225433349609,2,2380,34,34,0,0.047461211681365967,4.76837158203125e-07,1.1920928955078125e-07,0,0
39,0.06420437281485647,0.0016462659696117043,0.47753489017486572,2,2380,34,34,0,0.04513174295425415,4.76837158203125e-07,1.1920928955078125e-07,0,0
40,0.065850638784468174,0.0016462659696117043,0.30997034907341003,2,2380,34,34,0,0.02303314208984375,4.76837158203125e-07,1.1920928955078125e-07,0,0
41,0.067496904754079878,0.0016462659696117043,0.20405967533588409,2,2518,34,36,0,0.019302189350128174,4.76837158203125e-07,1.1920928955078125e-07,0,0
42,0.069143170723691583,0.0016462659696117043,0.15128032863140106,2,2380,34,34,0,0.026611566543579102,4.76837158203125e-07,1.1920928955078125e-07,0,0
43,0.070789436693303287,0.0016462659696117043,0.24788595736026764,2,2380,34,34,0,0.029586076736450195,4.76837158203125e-07,1.1920928955078125e-07,0,0
44,0.072435702662914991,0.0016462659696117043,0.37523353099822998,2,2032,31,29,0,0.018111705780029297,4.76837158203125e-07,1.1920928955078125e-07,0,0
45,0.074081968632526696,0.0016462659696117043,0.26807937026023865,2,2100,30,30,0,0.02503204345703125,4.76837158203125e-07,1.1920928955078125e-07,0,0
46,0.0757282346021384,0.0016462659696117043,0.21035590767860413,2,2448,33,35,0,0.024096250534057617,4.76837158203125e-07,1.1920928955078125e-07,0,0
47,0.077374500571750104,0.0016462659696117043,0.24250577390193939,2,1969,37,28,0,0.014240860939025879,4.76837158203125e-07,1.1920928955078125e-07,0,0
48,0.079020766541361809,0.0016462659696117043,0.20138362050056458,1,2724,33,39,0,0.015456795692443848,4.76837158203125e-07,1.1920928955078125e-07,0,0
49,0.080667032510973513,0.0016462659696117043,0.34900766611099243,2,2728,37,39,0,0.032472729682922363,4.76837158203125e-07,1.1920928955078125e-07,0,0
50,0.082313298480585217,0.0016462659696117043,0.51726353168487549,2,2038,37,29,0,0.019861340522766113,4.76837158203125e-07,1.1920928955078125e-07,0,0
51,0.083959564450196922,0.0016462659696117043,0.35714814066886902,2,2107,37,30,0,0.026234269142150879,4.76837158203125e-07,1.1920928955078125e-07,0,0
52,0.085605830419808626,0.0016462659696117043,0.26272010803222656,0,2628,38,37,0,0.034169375896453857,4.76837158203125e-07,1.1920928955078125e-07,0,0
53,0.087252096389420331,0.0016462659696117043,0.35241007804870605,2,1969,37,28,0,0.025298476219177246,4.76837158203125e-07,1.1920928955078125e-07,0,0
54,0.088898362359032035,0.0016462659696117043,0.29139557480812073,2,2176,37,31,0,0.045135140419006348,4.76837158203125e-07,1.1920928955078125e-07,0,0
55,0.090544628328643739,0.0016462659696117043,0.45964843034744263,2,1969,37,28,0,0.049246072769165039,4.76837158203125e-07,1.1920928955078125e-07,0,0
56,0.092190894298255444,0.0016462659696117043,0.57560700178146362,2,2791,31,40,0,0.015850603580474854,5.3644180297851562e-07,1.1920928955078125e-07,0,0
57,0.093837160267867148,0.0016462659696117043,0.24686595797538757,2,2660,38,38,0,0.046978473663330078,5.3644180297851562e-07,1.1920928955078125e-07,0,0
58,0.095483426237478852,0.0016462659696117043,0.40806624293327332,2,1969,37,28,0,0.050192117691040039,5.3644180297851562e-07,1.1920928955078125e-07,0,0
59,0.097129692207090557,0.0016462659696117043,0.49616110324859619,2,2791,31,40,0,0.014597415924072266,5.3644180297851562e-07,1.1920928955078125e-07,0,0
60,0.098775958176702261,0.0016462659696117043,0.18268248438835144,0,2410,30,34,0,0.065534591674804688,5.3644180297851562e-07,1.1920928955078125e-07,0,0
61,0.10042222414631397,0.0016462659696117043,0.85680770874023438,2,2179,40,31,0,0.075116276741027832,5.3644180297851562e-07,1.1920928955078125e-07,8,6.88217915206668e-07
62,0.10206849011592567,0.0016462659696117043,0.78199446201324463,2,2248,40,32,0,0.019586086273193359,5.9604644775390625e-07,1.1920928955078125e-07,16,4.4050763347246099e-06
63,0.10371475608553737,0.0016462659696117043,0.29493790864944458,2,2380,34,34,0,0.075980126857757568,5.9604644775390625e-07,1.1920928955078125e-07,0,0
64,0.10536102205514908,0.0016462659696117043,0.63486862182617188,2,1969,37,28,0,0.060646891593933105,5.3644180297851562e-07,1.1920928955078125e-07,24,5.8686674769384528e-06
65,0.10700728802476078,0.0016462659696117043,0.62462741136550903,2,2791,31,40,0,0.023630142211914062,5.3644180297851562e-07,1.1920928955078125e-07,0,0
66,0.10865355399437249,0.0016462659696117043,0.40037423372268677,2,1968,36,28,0,0.10050630569458008,5.3644180297851562e-07,1.1920928955078125e-07,0,0
67,0.11029981996398419,0.0016462659696117043,1.134351372718811,2,2248,40,32,0,0.092977046966552734,5.9604644775390625e-07,1.1920928955078125e-07,36,3.2004652294149468e-05
68,0.1119460859335959,0.0016462659696117043,0.91499155759811401,2,2178,39,31,0,0.050474464893341064,5.9604644775390625e-07,1.1920928955078125e-07,36,2.5939954791305619e-05
69,0.1135923519032076,0.0016462659696117043,0.2887953519821167,0,2550,30,36,0,0.081799805164337158,5.9604644775390625e-07,1.1920928955078125e-07,0,0
70,0.1152386178728193,0.0016462659696117043,0.7172505259513855,2,2109,39,30,0,0.0609893798828125,5.9604644775390625e-07,1.1920928955078125e-07,56,1.6067704384195273e-05
71,0.11688488384243101,0.0016462659696117043,0.69253122806549072,2,2109,39,30,0,0.043991327285766602,5.9604644775390625e-07,1.1920928955078125e-07,0,0
72,0.11853114981204271,0.0016462659696117043,0.51406627893447876,2,2592,39,37,0,0.10893189907073975,5.9604644775390625e-07,1.1920928955078125e-07,0,0
73,0.12017741578165442,0.0016462659696117043,1.260532021522522,2,2178,39,31,0,0.094928860664367676,5.9604644775390625e-07,1.1920928955078125e-07,68,6.552480865701985e-05
74,0.12182368175126612,0.0016462659696117043,0.971793532371521,2,2178,39,31,0,0.070043683052062988,5.9604644775390625e-07,1.1920928955078125e-07,56,4.1762514881885877e-05
75,0.12346994772087783,0.0016462659696117043,0.45993009209632874,1,2103,33,30,0,0.087399482727050781,5.9604644775390625e-07,1.1920928955078125e-07,8,1.846463428276945e-06
76,0.12511621369048953,0.0016462659696117043,0.8505624532699585,0,2419,39,34,0,0.061603665351867676,5.9604644775390625e-07,1.1920928955078125e-07,84,3.6919929306367749e-05
77,0.12676247966010123,0.0016462659696117043,0.73352259397506714,1,2104,34,30,0,0.039058029651641846,5.9604644775390625e-07,1.1920928955078125e-07,0,0
78,0.12840874562971294,0.0016462659696117043,0.60314607620239258,2,2660,38,38,0,0.11271059513092041,5.9604644775390625e-07,1.1920928955078125e-07,0,0
79,0.13005501159932464,0.0016462659696117043,1.345726490020752,2,2592,39,37,0,0.096637725830078125,5.9604644775390625e-07,1.1920928955078125e-07,84,7.8743894398806483e-05
80,0.13170127756893635,0.0016462659696117043,1.0229493379592896,2,2168,29,31,0,0.04908907413482666,5.9604644775390625e-07,1.1920928955078125e-07,68,5.2350053289397985e-05
81,0.13334754353854805,0.0016462659696117043,0.37726503610610962,0,2697,37,38,0,0.080826222896575928,5.9604644775390625e-07,1.1920928955078125e-07,0,0
82,0.13499380950815976,0.0016462659696117043,1.0600097179412842,1,2725,34,39,0,0.093147158622741699,5.9604644775390625e-07,1.1920928955078125e-07,92,3.3528518054155579e-05
83,0.13664007547777146,0.0016462659696117043,1.1431635618209839,1,2725,34,39,0,0.039693236351013184,5.9604644775390625e-07,1.1920928955078125e-07,20,1.3967281232337399e-05
84,0.13828634144738317,0.0016462659696117043,0.76944261789321899,2,2725,34,39,0,0.11654102802276611,5.9604644775390625e-07,1.1920928955078125e-07,0,0
85,0.13993260741699487,0.0016462659696117043,1.4711021184921265,2,2582,29,37,0,0.098510026931762695,5.9604644775390625e-07,1.1920928955078125e-07,76,7.6377030612954382e-05
86,0.14157887338660657,0.0016462659696117043,1.1908763647079468,2,2582,29,37,0,0.033649802207946777,5.9604644775390625e-07,1.1920928955078125e-07,68,4.5885631008597498e-05
87,0.14322513935621828,0.0016462659696117043,0.78997033834457397,1,2725,34,39,0,0.083915591239929199,5.9604644775390625e-07,1.1920928955078125e-07,0,0
88,0.14487140532582998,0.0016462659696117043,1.1296324729919434,0,2410,30,34,0,0.062292575836181641,5.9604644775390625e-07,1.1920928955078125e-07,76,2.8027638413674188e-05
89,0.14651767129544169,0.0016462659696117043,1.0149435997009277,0,2410,30,34,0,0.046897947788238525,5.9604644775390625e-07,1.1920928955078125e-07,0,0
90,0.14816393726505339,0.0016462659696117043,0.54549491405487061,2,2728,37,39,0,0.11912500858306885,5.9604644775390625e-07,1.1920928955078125e-07,0,0
91,0.1498102032346651,0.0016462659696117043,1.3528057336807251,2,2582,29,37,0,0.10767745971679688,5.9604644775390625e-07,1.1920928955078125e-07,68,6.7869601992652027e-05
92,0.1514564692042768,0.0016462659696117043,1.0614868402481079,2,2178,39,31,0,0.064474999904632568,5.9604644775390625e-07,1.1920928955078125e-07,68,6.3285052230863285e-05
93,0.1531027351738885,0.0016462659696117043,0.88758951425552368,2,2380,34,34,0,0.083310842514038086,5.9604644775390625e-07,1.1920928955078125e-07,1,3.2297246569993656e-08
94,0.15474900114350021,0.0016462659696117043,1.0571907758712769,1,2103,33,30,0,0.06166529655456543,5.9604644775390625e-07,1.1920928955078125e-07,85,2.4774185584643946e-05
95,0.15639526711311191,0.0016462659696117043,0.99122178554534912,1,2103,33,30,0,0.036407887935638428,5.9604644775390625e-07,1.1920928955078125e-07,0,0
96,0.15804153308272362,0.0016462659696117043,0.51518911123275757,2,2178,39,31,0,0.12020576000213623,5.9604644775390625e-07,1.1920928955078125e-07,0,0
97,0.15968779905233532,0.0016462659696117043,1.3412253856658936,2,2317,40,33,0,0.11369240283966064,5.9604644775390625e-07,1.1920928955078125e-07,76,7.1710963800496758e-05
98,0.16133406502194703,0.0016462659696117043,1.0197829008102417,2,2178,39,31,0,0.10382866859436035,7.152557373046875e-07,1.1920928955078125e-07,73,7.0128411848972247e-05
99,0.16298033099155873,0.0016462659696117043,0.45876246690750122,2,2380,34,34,0,0.086000204086303711,7.152557373046875e-07,1.1920928955078125e-07,5,1.2802643083503173e-06
100,0.16462659696117043,0.0016462659696117043,1.0776840448379517,1,2104,34,30,0,0.06877058744430542,5.9604644775390625e-07,1.1920928955078125e-07,77,2.3723619257910714e-05
101,0.16627286293078214,0.0016462659696117043,1.1422790288925171,1,2104,34,30,0,0.059530019760131836,7.152557373046875e-07,1.1920928955078125e-07,8,1.4214480029146801e-06
102,0.16791912890039384,0.0016462659696117043,0.68040257692337036,2,2380,34,34,0,0.12044525146484375,7.152557373046875e-07,1.1920928955078125e-07,0,0
103,0.16956539487000555,0.0016462659696117043,1.3787800073623657,2,2795,35,40,0,0.11391556262969971,7.152557373046875e-07,1.1920928955078125e-07,69,7.7879098845328614e-05
104,0.17121166083961725,0.0016462659696117043,1.1082485914230347,2,2168,29,31,0,0.081702470779418945,7.152557373046875e-07,1.1920928955078125e-07,69,6.9759161634737096e-05
105,0.17285792680922896,0.0016462659696117043,0.53620225191116333,1,2170,31,31,0,0.080929815769195557,7.152557373046875e-07,1.1920928955078125e-07,5,2.283036043217308e-06
106,0.17450419277884066,0.0016462659696117043,0.9377257227897644,1,2724,33,39,0,0.085634708404541016,7.152557373046875e-07,1.1920928955078125e-07,68,2.5633555432309568e-05
107,0.17615045874845237,0.0016462659696117043,0.9382321834564209,2,1969,37,28,0,0.076501429080963135,7.152557373046875e-07,1.1920928955078125e-07,16,6.8797156022017683e-06
108,0.17779672471806407,0.0016462659696117043,0.55692553520202637,2,7009,40,32,1,0.12179684638977051,7.152557373046875e-07,1.1920928955078125e-07,5,1.9378696885765133e-06
109,0.17944299068767577,0.0016462659696117043,1.3688859939575195,2,2168,29,31,0,0.12083315849304199,7.152557373046875e-07,1.1920928955078125e-07,100,0.00010055045302626951
110,0.18108925665728748,0.0016462659696117043,1.2497801780700684,2,2179,40,31,0,0.066404104232788086,8.3446502685546875e-07,1.1920928955078125e-07,68,9.2381767310934946e-05
111,0.18273552262689918,0.0016462659696117043,0.57143193483352661,1,2583,30,37,0,0.11309456825256348,7.152557373046875e-07,1.1920928955078125e-07,11,6.4209347607916583e-07
112,0.18438178859651089,0.0016462659696117043,1.111897349357605,0,2419,39,34,0,0.11417722702026367,7.152557373046875e-07,1.1920928955078125e-07,93,5.0414251512938611e-05
113,0.18602805456612259,0.0016462659696117043,1.23829185962677,0,2419,39,34,0,0.069510936737060547,7.152557373046875e-07,1.1920928955078125e-07,63,3.7385857490299431e-05
114,0.1876743205357343,0.0016462659696117043,0.58994525671005249,2,2177,38,31,0,0.11659681797027588,7.152557373046875e-07,1.1920928955078125e-07,7,1.3479912951400867e-06
115,0.189320586505346,0.0016462659696117043,1.4173784255981445,2,2178,39,31,0,0.12559020519256592,7.152557373046875e-07,1.1920928955078125e-07,74,6.3411730996218411e-05
116,0.1909668524749577,0.0016462659696117043,1.2934030294418335,2,2593,40,37,0,0.055323958396911621,8.3446502685546875e-07,1.1920928955078125e-07,69,9.1108730185860787e-05
117,0.19261311844456941,0.0016462659696117043,0.54554688930511475,2,2581,28,37,0,0.077842116355895996,8.3446502685546875e-07,1.1920928955078125e-07,0,0
118,0.19425938441418111,0.0016462659696117043,0.8045087456703186,2,2031,30,29,0,0.11604535579681396,7.152557373046875e-07,1.1920928955078125e-07,49,1.7368733375786261e-05
119,0.19590565038379282,0.0016462659696117043,1.0547345876693726,2,1963,31,28,0,0.086932539939880371,8.3446502685546875e-07,1.1920928955078125e-07,36,3.3963512761942539e-05
120,0.19755191635340452,0.0016462659696117043,0.67765998840332031,2,6800,38,29,1,0.12023019790649414,7.152557373046875e-07,1.1920928955078125e-07,1,6.7533404018575225e-07
121,0.19919818232301623,0.0016462659696117043,1.3682297468185425,2,2592,39,37,0,0.12725150585174561,7.152557373046875e-07,1.1920928955078125e-07,88,7.8401086476599492e-05
122,0.20084444829262793,0.0016462659696117043,1.4608533382415771,2,2524,40,36,0,0.05932915210723877,8.3446502685546875e-07,1.1920928955078125e-07,68,9.9959912502308099e-05
123,0.20249071426223963,0.0016462659696117043,0.87939280271530151,2,1963,31,28,0,0.10366332530975342,8.3446502685546875e-07,1.1920928955078125e-07,0,0
124,0.20413698023185134,0.0016462659696117043,1.0816037654876709,0,2419,39,34,0,0.12008965015411377,8.3446502685546875e-07,1.1920928955078125e-07,81,3.2493570493700581e-05
125,0.20578324620146304,0.0016462659696117043,1.1582865715026855,0,2419,39,34,0,0.090916156768798828,8.3446502685546875e-07,1.7881393432617188e-07,65,5.773903490578321e-05
126,0.20742951217107475,0.0016462659696117043,0.77940934896469116,2,6870,39,30,1,0.12035858631134033,8.3446502685546875e-07,1.1920928955078125e-07,8,6.1595541379394394e-06
127,0.20907577814068645,0.0016462659696117043,1.2809691429138184,2,2582,29,37,0,0.12883675098419189,8.3446502685546875e-07,1.1920928955078125e-07,85,5.2708766374762707e-05
128,0.20932080256170593,0.00024502442101947963,10.292028427124023,2,1968,36,28,0,0.17442786693572998,7.152557373046875e-07,1.1920928955078125e-07,73,0.00010266903197296643
129,0.20959032941027544,0.00026952684856951237,8.5752620697021484,2,2593,40,37,0,0.066627860069274902,3.5762786865234375e-07,1.1920928955078125e-07,72,0.00014027885705967966
130,0.20988680893788114,0.00029647952760569751,2.7881054878234863,2,2591,38,37,0,0.11629307270050049,9.5367431640625e-07,1.7881393432617188e-07,13,9.387585506685233e-07
131,0.21021293642115779,0.00032612748327665031,6.0739831924438477,1,2104,34,30,0,0.13859653472900391,8.3446502685546875e-07,1.7881393432617188e-07,39,2.9025750797056258e-05
132,0.21057167666731402,0.00035874024615623057,5.6829853057861328,0,2419,39,34,0,0.059685349464416504,3.5762786865234375e-07,1.1920928955078125e-07,71,5.3049124535985223e-05
133,0.21096629093517549,0.00039461426786147058,2.2644636631011963,2,2374,28,34,0,0.13337945938110352,1.0728836059570312e-06,1.7881393432617188e-07,0,0
134,0.21140036662109196,0.0004340756859164685,6.7891926765441895,2,2592,39,37,0,0.1442800760269165,9.5367431640625e-07,1.7881393432617188e-07,100,9.8942892294428303e-05
135,0.21187784988433123,0.00047748326323926449,5.4708390235900879,2,1964,32,28,0,0.070197343826293945,5.3644180297851562e-07,1.1920928955078125e-07,95,0.00013384605838164665
136,0.21240308147389442,0.00052523158956319094,2.0720696449279785,2,2177,38,31,0,0.11331331729888916,1.2516975402832031e-06,3.5762786865234375e-07,3,4.3998233921792571e-07
137,0.21298083622241393,0.00057775474851951003,3.842475414276123,1,2104,34,30,0,0.14293307065963745,9.5367431640625e-07,1.7881393432617188e-07,124,4.5703655774571912e-05
138,0.21361636643996462,0.00063553021755069494,3.4577724933624268,2,2109,39,30,0,0.10440993309020996,5.9604644775390625e-07,1.1920928955078125e-07,70,0.00010123991184367588
139,0.21431544970255345,0.0006990832625888288,1.2876288890838623,2,2169,30,31,0,0.12702524662017822,1.5497207641601562e-06,3.5762786865234375e-07,24,1.707563970829531e-05
140,0.21508444129722193,0.00076899159466847777,3.7158486843109131,2,2582,29,37,0,0.14516818523406982,1.0728836059570312e-06,1.7881393432617188e-07,156,8.4273639703261226e-05
141,0.21593033208046108,0.00084589078323915601,3.139857292175293,2,2592,39,37,0,0.063511133193969727,9.5367431640625e-07,1.7881393432617188e-07,82,0.00012525691521760726
142,0.21686081192456186,0.00093047984410077333,1.7764896154403687,2,6800,38,29,1,0.11455059051513672,1.6689300537109375e-06,3.5762786865234375e-07,2,2.8899953708189569e-08
143,0.21788433974143118,0.0010235278168693185,2.3965814113616943,0,2419,39,34,0,0.14732730388641357,1.1920928955078125e-06,3.5762786865234375e-07,99,4.7004871093072883e-05
144,0.21901022037491202,0.0011258806334808469,2.1633527278900146,2,2109,39,30,0,0.11338120698928833,1.0728836059570312e-06,1.7881393432617188e-07,88,0.00010152283105750726
145,0.22024868906009942,0.0012384686851873994,1.0397863388061523,2,2101,31,30,0,0.11503040790557861,2.0265579223632812e-06,3.5762786865234375e-07,50,4.7542176077509506e-05
146,0.22161100467201322,0.0013623156119138002,2.3314518928527832,2,2177,38,31,0,0.14535462856292725,1.430511474609375e-06,2.9802322387695312e-07,147,6.0683705691009272e-05
147,0.22310955182183534,0.0014985471498221159,2.1940097808837891,2,2177,38,31,0,0.082641124725341797,1.430511474609375e-06,3.5762786865234375e-07,94,9.9193506140164242e-05
148,0.22475581779144704,0.0016462659696117043,1.5845670700073242,2,7490,38,39,1,0.14480888843536377,2.2649765014648438e-06,4.76837158203125e-07,12,2.2326289487454034e-06
149,0.22640208376105875,0.0016462659696117043,1.9998906850814819,2,7490,38,39,1,0.13792157173156738,1.4901161193847656e-06,3.5762786865234375e-07,152,7.0471424530537172e-05
150,0.22804834973067045,0.0016462659696117043,1.6539880037307739,2,6870,39,30,1,0.10229676961898804,1.430511474609375e-06,3.5762786865234375e-07,96,7.8001048418668422e-05
151,0.22969461570028216,0.0016462659696117043,1.0678205490112305,2,6860,29,30,1,0.11249649524688721,2.2649765014648438e-06,4.76837158203125e-07,49,4.3811295361934784e-05
152,0.23134088166989386,0.0016462659696117043,1.7065075635910034,2,2177,38,31,0,0.13060975074768066,1.5497207641601562e-06,3.5762786865234375e-07,60,4.1913967918173214e-05
153,0.23298714763950557,0.0016462659696117043,1.7233554124832153,2,2177,38,31,0,0.07619786262512207,1.4901161193847656e-06,3.5762786865234375e-07,90,9.4389950862105423e-05
154,0.23463341360911727,0.0016462659696117043,1.5815409421920776,2,6800,38,29,1,0.12412631511688232,2.2649765014648438e-06,4.76837158203125e-07,49,6.413502616805186e-06
155,0.23627967957872897,0.0016462659696117043,1.9333186149597168,2,6870,39,30,1,0.12642371654510498,1.5497207641601562e-06,3.5762786865234375e-07,36,2.6870720065677686e-05
156,0.23792594554834068,0.0016462659696117043,1.6359466314315796,2,7490,38,39,1,0.10939013957977295,1.4901161193847656e-06,3.5762786865234375e-07,78,6.232212796273503e-05
157,0.23957221151795238,0.0016462659696117043,1.1407275199890137,2,6860,29,30,1,0.094199776649475098,2.2649765014648438e-06,4.76837158203125e-07,52,4.833704622030131e-05
158,0.24121847748756409,0.0016462659696117043,1.5568162202835083,2,2177,38,31,0,0.13058912754058838,1.6689300537109375e-06,3.5762786865234375e-07,28,1.3314074542813965e-05
159,0.24286474345717579,0.0016462659696117043,1.5558624267578125,2,2177,38,31,0,0.069880008697509766,1.5497207641601562e-06,3.5762786865234375e-07,76,7.3081107369065259e-05
160,0.2445110094267875,0.0016462659696117043,1.5267350673675537,2,6800,38,29,1,0.10702979564666748,2.2649765014648438e-06,4.76837158203125e-07,44,7.3961832032525867e-06
161,0.2461572753963992,0.0016462659696117043,1.8226407766342163,2,7422,39,38,1,0.12552076578140259,1.6093254089355469e-06,3.5762786865234375e-07,35,1.5762450676723783e-05
162,0.2478035413660109,0.0016462659696117043,1.5572266578674316,2,7490,38,39,1,0.11119407415390015,1.5497207641601562e-06,3.5762786865234375e-07,76,5.4214359419222974e-05
163,0.24944980733562261,0.0016462659696117043,1.2512915134429932,2,6792,30,29,1,0.11184191703796387,2.2649765014648438e-06,4.76837158203125e-07,38,4.9001737420350817e-05
164,0.25109607330523431,0.0016462659696117043,1.4612947702407837,2,2177,38,31,0,0.13952207565307617,1.6689300537109375e-06,3.5762786865234375e-07,51,3.3753680245761284e-05
165,0.25274233927484602,0.0016462659696117043,1.359872579574585,2,2581,28,37,0,0.070607900619506836,1.6689300537109375e-06,3.5762786865234375e-07,73,8.2357763904306576e-05
166,0.25438860524445772,0.0016462659696117043,1.4607642889022827,2,7422,39,38,1,0.10733187198638916,2.2649765014648438e-06,4.76837158203125e-07,45,6.8174646173142198e-06
167,0.25603487121406943,0.0016462659696117043,1.7196348905563354,2,7490,38,39,1,0.12792134284973145,1.6689300537109375e-06,3.5762786865234375e-07,39,1.6983451186268603e-05
168,0.25768113718368113,0.0016462659696117043,1.5513647794723511,2,7490,38,39,1,0.11174315214157104,1.6093254089355469e-06,3.5762786865234375e-07,68,4.1627247073123611e-05
169,0.25932740315329283,0.0016462659696117043,1.3713876008987427,2,6792,30,29,1,0.13203775882720947,2.2649765014648438e-06,4.76837158203125e-07,42,4.5332588166702922e-05
170,0.26097366912290454,0.0016462659696117043,1.4376001358032227,2,2177,38,31,0,0.13935363292694092,1.7881393432617188e-06,3.5762786865234375e-07,50,3.8567689751054536e-05
171,0.26261993509251624,0.0016462659696117043,1.3905218839645386,2,2177,38,31,0,0.069694757461547852,1.6689300537109375e-06,3.5762786865234375e-07,74,8.2955062142523665e-05
172,0.26426620106212795,0.0016462659696117043,1.3410301208496094,2,7422,39,38,1,0.11496984958648682,2.2649765014648438e-06,4.76837158203125e-07,44,6.5827269417692718e-06
173,0.26591246703173965,0.0016462659696117043,1.6369022130966187,0,2410,30,34,0,0.1261933445930481,1.7881393432617188e-06,3.5762786865234375e-07,45,2.6842753089551997e-05
174,0.26755873300135136,0.0016462659696117043,1.54248046875,2,7490,38,39,1,0.11160814762115479,1.6689300537109375e-06,3.5762786865234375e-07,74,4.802386244820651e-05
175,0.26920499897096306,0.0016462659696117043,1.5111156702041626,2,6792,30,29,1,0.12135505676269531,2.2649765014648438e-06,4.76837158203125e-07,37,4.7935813643887035e-05
176,0.27085126494057477,0.0016462659696117043,1.3954644203186035,2,6860,29,30,1,0.14082121849060059,1.9073486328125e-06,3.5762786865234375e-07,61,4.3926478501496394e-05
177,0.27249753091018647,0.0016462659696117043,1.2323757410049438,2,12251,38,39,2,0.074133634567260742,1.7881393432617188e-06,3.5762786865234375e-07,70,7.7581433529177592e-05
178,0.27414379687979817,0.0016462659696117043,1.4617937803268433,2,12251,38,39,2,0.10703325271606445,2.2649765014648438e-06,4.76837158203125e-07,44,8.2404997529885451e-06
179,0.27579006284940988,0.0016462659696117043,1.5118491649627686,1,2104,34,30,0,0.12568932771682739,1.7881393432617188e-06,3.5762786865234375e-07,39,2.2079808829869421e-05
180,0.27743632881902158,0.0016462659696117043,1.5854935646057129,2,7490,38,39,1,0.11182975769042969,1.7881393432617188e-06,3.5762786865234375e-07,75,5.534497148278034e-05
181,0.27908259478863329,0.0016462659696117043,1.6672475337982178,2,6792,30,29,1,0.11960303783416748,2.2649765014648438e-06,4.76837158203125e-07,39,4.135095194304669e-05
182,0.28072886075824499,0.0016462659696117043,1.5420488119125366,2,6860,29,30,1,0.14002311229705811,1.9073486328125e-06,3.5762786865234375e-07,39,3.4989175008718366e-05
183,0.2823751267278567,0.0016462659696117043,1.4220850467681885,2,12251,38,39,2,0.085721254348754883,1.9073486328125e-06,3.5762786865234375e-07,73,8.0194606983820436e-05
184,0.2840213926974684,0.0016462659696117043,1.5740444660186768,2,12251,38,39,2,0.10038197040557861,2.2649765014648438e-06,4.76837158203125e-07,52,1.4126654072289734e-05
185,0.2856676586670801,0.0016462659696117043,1.4997212886810303,0,2419,39,34,0,0.12808799743652344,1.9073486328125e-06,3.5762786865234375e-07,43,1.8016016194992482e-05
186,0.28731392463669181,0.0016462659696117043,1.5740242004394531,2,7490,38,39,1,0.11364978551864624,1.9073486328125e-06,3.5762786865234375e-07,69,5.4092770863123527e-05
187,0.28896019060630351,0.0016462659696117043,1.7832515239715576,2,6792,30,29,1,0.1106036901473999,2.2649765014648438e-06,4.76837158203125e-07,56,4.4185393118899966e-05
188,0.29060645657591522,0.0016462659696117043,1.688536524772644,2,6792,30,29,1,0.13977396488189697,2.0265579223632812e-06,3.5762786865234375e-07,32,2.586637192864213e-05
189,0.29225272254552692,0.0016462659696117043,1.5791969299316406,2,12251,38,39,2,0.10866975784301758,2.0265579223632812e-06,3.5762786865234375e-07,87,7.6920757418888543e-05
190,0.29389898851513863,0.0016462659696117043,1.6365847587585449,2,12251,38,39,2,0.092957496643066406,2.2649765014648438e-06,4.76837158203125e-07,78,3.553475605058841e-05
191,0.29554525448475033,0.0016462659696117043,1.4646033048629761,2,12251,38,39,2,0.12633264064788818,2.0265579223632812e-06,3.5762786865234375e-07,48,1.2431950344766464e-05
192,0.29719152045436203,0.0016462659696117043,1.5576586723327637,2,6860,29,30,1,0.11932957172393799,2.0265579223632812e-06,3.5762786865234375e-07,52,5.4601268429582037e-05
193,0.29883778642397374,0.0016462659696117043,1.834753155708313,2,6792,30,29,1,0.094228148460388184,2.2649765014648438e-06,4.76837158203125e-07,76,4.0400097201651384e-05
194,0.30048405239358544,0.0016462659696117043,1.8048709630966187,2,6792,30,29,1,0.13797855377197266,2.0265579223632812e-06,3.5762786865234375e-07,36,1.5272569110166761e-05
195,0.30213031836319715,0.0016462659696117043,1.6945426464080811,2,12251,38,39,2,0.13039803504943848,2.0265579223632812e-06,3.5762786865234375e-07,91,6.7177165935686399e-05
196,0.30377658433280885,0.0016462659696117043,1.6745494604110718,2,12251,38,39,2,0.081703305244445801,2.3245811462402344e-06,4.76837158203125e-07,88,6.1604789606784337e-05
197,0.30542285030242056,0.0016462659696117043,1.4386171102523804,2,12251,38,39,2,0.12253081798553467,2.0265579223632812e-06,3.5762786865234375e-07,56,1.1489347079185983e-05
198,0.30706911627203226,0.0016462659696117043,1.5261319875717163,2,6860,29,30,1,0.12748056650161743,2.0265579223632812e-06,3.5762786865234375e-07,55,4.8601260971576466e-05
199,0.30871538224164397,0.0016462659696117043,1.8399256467819214,2,6792,30,29,1,0.092291951179504395,2.3245811462402344e-06,4.76837158203125e-07,67,4.1674561740170514e-05
200,0.31036164821125567,0.0016462659696117043,1.855398416519165,2,6792,30,29,1,0.13763284683227539,2.0265579223632812e-06,3.5762786865234375e-07,33,1.6105045513798208e-05
201,0.31200791418086737,0.0016462659696117043,1.8169379234313965,2,12251,38,39,2,0.13872849941253662,2.1457672119140625e-06,3.5762786865234375e-07,79,5.4638607784663223e-05
202,0.31365418015047908,0.0016462659696117043,1.7214778661727905,2,12251,38,39,2,0.074151158332824707,2.3245811462402344e-06,4.76837158203125e-07,100,7.7359023489617372e-05
203,0.31530044612009078,0.0016462659696117043,1.471867561340332,2,11770,40,32,2,0.10960292816162109,2.0265579223632812e-06,3.5762786865234375e-07,45,6.0524584918427287e-06
204,0.31694671208970249,0.0016462659696117043,1.5878481864929199,2,6860,29,30,1,0.12867230176925659,2.0861625671386719e-06,4.76837158203125e-07,41,3.3014236724099659e-05
205,0.31859297805931419,0.0016462659696117043,1.8590238094329834,2,6792,30,29,1,0.10563433170318604,2.3245811462402344e-06,4.76837158203125e-07,37,3.092136756923469e-05
206,0.3202392440289259,0.0016462659696117043,1.8585524559020996,2,6792,30,29,1,0.13485729694366455,2.0265579223632812e-06,3.5762786865234375e-07,49,2.4616293348737367e-05
207,0.3218855099985376,0.0016462659696117043,1.93351149559021,2,12251,38,39,2,0.14114940166473389,2.1457672119140625e-06,3.5762786865234375e-07,64,4.2288508679166584e-05
208,0.3235317759681493,0.0016462659696117043,1.7890377044677734,2,12251,38,39,2,0.076453804969787598,2.3245811462402344e-06,4.76837158203125e-07,106,7.4258606696152212e-05
209,0.32517804193776101,0.0016462659696117043,1.6116375923156738,2,16392,39,30,3,0.10845023393630981,2.0265579223632812e-06,3.5762786865234375e-07,64,1.2640624388646219e-05
210,0.32682430790737271,0.0016462659696117043,1.6665362119674683,2,6792,30,29,1,0.12705886363983154,2.1457672119140625e-06,4.76837158203125e-07,41,3.2470786753036945e-05
211,0.32847057387698442,0.0016462659696117043,1.885875940322876,2,6792,30,29,1,0.10959869623184204,2.3245811462402344e-06,4.76837158203125e-07,48,2.9798729464027155e-05
212,0.33011683984659612,0.0016462659696117043,1.9527765512466431,2,6792,30,29,1,0.1259620189666748,2.0265579223632812e-06,3.5762786865234375e-07,56,3.6256972705295745e-05
213,0.33176310581620783,0.0016462659696117043,2.0417413711547852,2,12251,38,39,2,0.13090193271636963,2.2649765014648438e-06,4.76837158203125e-07,61,3.7250660932821572e-05
214,0.33340937178581953,0.0016462659696117043,1.8973313570022583,2,11561,38,29,2,0.075575470924377441,2.3245811462402344e-06,4.76837158203125e-07,108,7.5106673188182833e-05
215,0.33505563775543123,0.0016462659696117043,1.7102941274642944,2,16392,39,30,3,0.097560763359069824,2.0265579223632812e-06,3.5762786865234375e-07,79,1.4508991216073314e-05
216,0.33670190372504294,0.0016462659696117043,1.7101964950561523,2,6792,30,29,1,0.12838417291641235,2.1457672119140625e-06,4.76837158203125e-07,38,2.3913382540019043e-05
217,0.33834816969465464,0.0016462659696117043,1.9545574188232422,2,6792,30,29,1,0.11008507013320923,2.3245811462402344e-06,4.76837158203125e-07,70,3.1106111474261601e-05
218,0.33999443566426635,0.0016462659696117043,2.0540075302124023,2,6792,30,29,1,0.1181342601776123,2.0265579223632812e-06,3.5762786865234375e-07,56,3.8056590290619861e-05
219,0.34164070163387805,0.0016462659696117043,2.1671442985534668,2,12251,38,39,2,0.13036751747131348,2.2649765014648438e-06,4.76837158203125e-07,55,3.1333198177417537e-05
220,0.34328696760348976,0.0016462659696117043,2.0054605007171631,2,11561,38,29,2,0.080938935279846191,2.3245811462402344e-06,4.76837158203125e-07,103,7.5555746656296162e-05
221,0.34493323357310146,0.0016462659696117043,1.7909929752349854,2,16322,38,29,3,0.10256659984588623,2.0265579223632812e-06,3.5762786865234375e-07,105,2.2434643245409177e-05
222,0.34657949954271317,0.0016462659696117043,1.708528995513916,2,6792,30,29,1,0.12417042255401611,2.1457672119140625e-06,4.76837158203125e-07,49,2.5310354447766605e-05
223,0.34822576551232487,0.0016462659696117043,2.0250515937805176,2,6792,30,29,1,0.113350510597229,2.3245811462402344e-06,4.76837158203125e-07,76,4.9272629868000156e-05
224,0.34987203148193657,0.0016462659696117043,2.1536376476287842,2,6792,30,29,1,0.089196085929870605,2.0265579223632812e-06,3.5762786865234375e-07,69,4.2586580395210613e-05
225,0.35151829745154828,0.0016462659696117043,2.3155438899993896,2,11553,30,29,2,0.13383924961090088,2.2649765014648438e-06,4.76837158203125e-07,63,1.6069018522258273e-05
226,0.35316456342115998,0.0016462659696117043,2.1178061962127686,2,11561,38,29,2,0.10138785839080811,2.3245811462402344e-06,4.76837158203125e-07,109,7.1785378310423005e-05
227,0.35481082939077169,0.0016462659696117043,1.867717981338501,2,16322,38,29,3,0.099503397941589355,1.9073486328125e-06,3.5762786865234375e-07,106,3.0180525953242702e-05
228,0.35645709536038339,0.0016462659696117043,1.7018915414810181,2,6792,30,29,1,0.12292659282684326,2.1457672119140625e-06,4.76837158203125e-07,56,2.2007564439908063e-05
229,0.3581033613299951,0.0016462659696117043,2.093686580657959,2,6792,30,29,1,0.12033051252365112,2.3245811462402344e-06,4.76837158203125e-07,74,5.0325174411222454e-05
230,0.3597496272996068,0.0016462659696117043,2.248213529586792,2,6792,30,29,1,0.074701666831970215,1.9073486328125e-06,3.5762786865234375e-07,65,3.5620697955705141e-05
231,0.3613958932692185,0.0016462659696117043,2.4544272422790527,2,11553,30,29,2,0.13574075698852539,2.1457672119140625e-06,4.76837158203125e-07,50,8.8632312559383047e-06
232,0.36304215923883021,0.0016462659696117043,2.2333865165710449,2,11561,38,29,2,0.12116968631744385,2.3245811462402344e-06,5.3644180297851562e-07,126,7.2191067614729896e-05
233,0.36468842520844191,0.0016462659696117043,2.0033435821533203,2,16322,38,29,3,0.10210871696472168,1.9073486328125e-06,3.5762786865234375e-07,122,4.2907890092863768e-05
234,0.36633469117805362,0.0016462659696117043,1.6946980953216553,2,6792,30,29,1,0.12191778421401978,2.1457672119140625e-06,4.76837158203125e-07,53,1.9204081798854953e-05
235,0.36798095714766532,0.0016462659696117043,2.1260664463043213,2,6792,30,29,1,0.12749910354614258,2.3245811462402344e-06,4.76837158203125e-07,59,5.0134037873519138e-05
236,0.36962722311727703,0.0016462659696117043,2.3286192417144775,2,6792,30,29,1,0.085360229015350342,1.9073486328125e-06,3.5762786865234375e-07,72,3.4157868668055115e-05
237,0.37127348908688873,0.0016462659696117043,2.574249267578125,2,11553,30,29,2,0.1377561092376709,2.1457672119140625e-06,4.76837158203125e-07,54,1.0833490999930383e-05
238,0.37291975505650043,0.0016462659696117043,2.3363487720489502,2,11561,38,29,2,0.13931488990783691,2.3245811462402344e-06,5.3644180297851562e-07,119,5.8892329581489871e-05
239,0.37456602102611214,0.0016462659696117043,2.1182248592376709,2,16322,38,29,3,0.081531286239624023,1.9073486328125e-06,3.5762786865234375e-07,126,7.0016440217066957e-05
240,0.37621228699572384,0.0016462659696117043,1.7932018041610718,2,21773,38,39,4,0.11274933815002441,2.0861625671386719e-06,4.76837158203125e-07,50,1.0546330060071202e-05
241,0.37785855296533555,0.0016462659696117043,2.1463828086853027,2,6792,30,29,1,0.12122601270675659,2.3245811462402344e-06,5.3644180297851562e-07,64,4.4952586034485112e-05
242,0.37950481893494725,0.0016462659696117043,2.3216159343719482,2,6792,30,29,1,0.10919135808944702,1.9073486328125e-06,3.5762786865234375e-07,79,2.5124785344698607e-05
243,0.38115108490455896,0.0016462659696117043,2.6504058837890625,2,11553,30,29,2,0.13302862644195557,2.0265579223632812e-06,4.76837158203125e-07,71,2.0785949727239701e-05
244,0.38279735087417066,0.0016462659696117043,2.4185194969177246,2,16322,38,29,3,0.13327169418334961,2.3245811462402344e-06,5.3644180297851562e-07,118,4.4877622949352148e-05
245,0.38444361684378237,0.0016462659696117043,2.2065544128417969,2,16322,38,29,3,0.077606439590454102,1.7881393432617188e-06,3.5762786865234375e-07,107,6.8803797572626716e-05
246,0.38608988281339407,0.0016462659696117043,1.9175713062286377,2,21083,38,29,4,0.11813235282897949,2.0265579223632812e-06,4.76837158203125e-07,74,1.1892397496436993e-05
247,0.38773614878300577,0.0016462659696117043,2.1435458660125732,2,6792,30,29,1,0.1269075870513916,2.3245811462402344e-06,5.3644180297851562e-07,54,3.5214905054948783e-05
248,0.38938241475261748,0.0016462659696117043,2.292670726776123,2,6792,30,29,1,0.10647869110107422,1.9073486328125e-06,3.5762786865234375e-07,88,3.8965780884770363e-05
249,0.39102868072222918,0.0016462659696117043,2.6866538524627686,2,11553,30,29,2,0.097283244132995605,2.0265579223632812e-06,4.76837158203125e-07,77,2.7012811775656886e-05
250,0.39267494669184089,0.0016462659696117043,2.5173354148864746,2,16322,38,29,3,0.13628125190734863,2.3245811462402344e-06,5.3644180297851562e-07,100,3.3309392695713515e-05
251,0.39432121266145259,0.0016462659696117043,2.2744240760803223,2,16322,38,29,3,0.080058574676513672,1.7881393432617188e-06,4.76837158203125e-07,110,7.0174410056469109e-05
252,0.3959674786310643,0.0016462659696117043,1.9960974454879761,2,21083,38,29,4,0.11676442623138428,2.0265579223632812e-06,4.76837158203125e-07,85,1.4498708163291067e-05
253,0.397613744600676,0.0016462659696117043,2.1131601333618164,2,6860,29,30,1,0.12176775932312012,2.4437904357910156e-06,5.3644180297851562e-07,53,3.2586999872750665e-05
254,0.3992600105702877,0.0016462659696117043,2.378366231918335,2,7555,34,40,1,0.11209893226623535,1.9073486328125e-06,3.5762786865234375e-07,95,5.0587956426621233e-05
255,0.40090627653989941,0.0016462659696117043,2.7104506492614746,2,11621,29,30,2,0.10126781463623047,2.0265579223632812e-06,4.76837158203125e-07,65,1.8386785209349042e-05
256,0.40255254250951111,0.0016462659696117043,2.60007643699646,2,16314,30,29,3,0.13904702663421631,2.4437904357910156e-06,5.3644180297851562e-07,83,1.6954024830577014e-05
257,0.40419880847912282,0.0016462659696117043,2.3442387580871582,2,16322,38,29,3,0.081663846969604492,1.9073486328125e-06,4.76837158203125e-07,111,5.6763139841850561e-05
258,0.40584507444873452,0.0016462659696117043,2.0875084400177002,2,21083,38,29,4,0.12682843208312988,1.9073486328125e-06,4.76837158203125e-07,76,1.749904389172097e-05
259,0.40749134041834623,0.0016462659696117043,1.9834525585174561,2,6800,38,29,1,0.11932867765426636,2.5033950805664062e-06,5.3644180297851562e-07,60,4.3624190295269561e-05
260,0.40913760638795793,0.0016462659696117043,2.479651927947998,2,7555,34,40,1,0.11427438259124756,2.0265579223632812e-06,4.76837158203125e-07,114,6.5079860507170719e-05
261,0.41078387235756963,0.0016462659696117043,2.7023184299468994,2,11621,29,30,2,0.1059882640838623,1.9073486328125e-06,4.76837158203125e-07,48,2.0732414730690075e-05
262,0.41243013832718134,0.0016462659696117043,2.6886711120605469,2,16382,29,30,3,0.13730072975158691,2.5033950805664062e-06,5.3644180297851562e-07,74,1.5000999144393566e-05
263,0.41407640429679304,0.0016462659696117043,2.3773713111877441,2,16322,38,29,3,0.10588741302490234,2.0265579223632812e-06,4.76837158203125e-07,157,7.4358156017856941e-05
264,0.41572267026640475,0.0016462659696117043,2.1329817771911621,2,21083,38,29,4,0.12134301662445068,1.7881393432617188e-06,4.76837158203125e-07,94,2.7428839151145471e-05
265,0.41736893623601645,0.0016462659696117043,1.98063063621521,2,12316,34,40,2,0.12789571285247803,2.5033950805664062e-06,5.3644180297851562e-07,82,4.2820373410762435e-05
266,0.41901520220562816,0.0016462659696117043,2.5525064468383789,2,7135,28,34,1,0.11898988485336304,2.0861625671386719e-06,4.76837158203125e-07,125,6.9319275706213805e-05
267,0.42066146817523986,0.0016462659696117043,2.7423303127288818,2,7135,28,34,1,0.10973072052001953,1.7881393432617188e-06,4.76837158203125e-07,65,2.870414789450498e-05
268,0.42230773414485157,0.0016462659696117043,2.7301652431488037,2,16382,29,30,3,0.14442825317382812,2.5629997253417969e-06,5.3644180297851562e-07,81,1.4920909026149123e-05
269,0.42395400011446327,0.0016462659696117043,2.4046728610992432,2,16322,38,29,3,0.13169229030609131,2.1457672119140625e-06,4.76837158203125e-07,170,8.5341416461172617e-05
270,0.42560026608407497,0.0016462659696117043,2.14766526222229,2,21083,38,29,4,0.11638998985290527,1.7881393432617188e-06,4.76837158203125e-07,108,5.1757727718912656e-05
271,0.42724653205368668,0.0016462659696117043,2.0494735240936279,2,11488,34,28,2,0.14050948619842529,2.6226043701171875e-06,5.3644180297851562e-07,95,4.1236271655190519e-05
272,0.42889279802329838,0.0016462659696117043,2.45993971824646,2,7147,40,34,1,0.12430006265640259,2.2649765014648438e-06,4.76837158203125e-07,129,7.9876207032973575e-05
273,0.43053906399291009,0.0016462659696117043,2.7428536415100098,2,7135,28,34,1,0.090638399124145508,1.7881393432617188e-06,4.76837158203125e-07,112,3.4636575454191058e-05
274,0.43218532996252179,0.0016462659696117043,2.7068021297454834,2,16382,29,30,3,0.14748001098632812,2.6226043701171875e-06,5.3644180297851562e-07,66,1.0759619156179521e-05
275,0.4338315959321335,0.0016462659696117043,2.4661731719970703,2,17077,34,40,3,0.13384521007537842,2.2649765014648438e-06,4.76837158203125e-07,169,7.8419292486131597e-05
276,0.4354778619017452,0.0016462659696117043,2.1755645275115967,2,21083,38,29,4,0.10579502582550049,1.7881393432617188e-06,4.76837158203125e-07,139,7.3607817496315828e-05
277,0.4371241278713569,0.0016462659696117043,2.0427670478820801,2,11488,34,28,2,0.1369624137878418,2.7418136596679688e-06,5.3644180297851562e-07,101,3.2234455607865742e-05
278,0.43877039384096861,0.0016462659696117043,2.3505845069885254,2,11896,28,34,2,0.12170737981796265,2.5033950805664062e-06,4.76837158203125e-07,145,7.6035605389574313e-05
279,0.44041665981058031,0.0016462659696117043,2.7092597484588623,2,7135,28,34,1,0.09837043285369873,1.7881393432617188e-06,4.76837158203125e-07,136,3.6736418231527395e-05
280,0.44206292578019202,0.0016462659696117043,2.8033871650695801,2,16657,28,34,3,0.15615236759185791,2.7418136596679688e-06,5.9604644775390625e-07,92,1.9503045889899119e-05
281,0.44370919174980372,0.0016462659696117043,2.6494462490081787,2,16657,28,34,3,0.1362309455871582,2.5629997253417969e-06,4.76837158203125e-07,167,7.5514018354870774e-05
282,0.44535545771941543,0.0016462659696117043,2.2728903293609619,2,21211,28,31,4,0.11646378040313721,1.7881393432617188e-06,4.76837158203125e-07,155,7.7510891145799428e-05
283,0.44700172368902713,0.0016462659696117043,1.9627988338470459,2,11488,34,28,2,0.14422321319580078,2.9206275939941406e-06,5.9604644775390625e-07,118,3.1108736040314006e-05
284,0.44864798965863883,0.0016462659696117043,2.3675434589385986,2,6929,29,31,1,0.12084543704986572,2.7418136596679688e-06,4.76837158203125e-07,152,7.9999194432709941e-05
285,0.45029425562825054,0.0016462659696117043,2.6945202350616455,2,7147,40,34,1,0.10043555498123169,1.7881393432617188e-06,4.76837158203125e-07,168,5.4124997110405614e-05
286,0.45194052159786224,0.0016462659696117043,2.8353180885314941,2,16657,28,34,3,0.13238191604614258,2.9206275939941406e-06,5.9604644775390625e-07,122,2.5714950420369553e-05
287,0.45358678756747395,0.0016462659696117043,2.7827668190002441,2,16669,40,34,3,0.13543355464935303,2.7418136596679688e-06,4.76837158203125e-07,184,6.4067121190302919e-05
288,0.45523305353708565,0.0016462659696117043,2.399677038192749,2,21211,28,31,4,0.091903328895568848,1.7881393432617188e-06,4.76837158203125e-07,182,8.4354019513401663e-05
289,0.45687931950669736,0.0016462659696117043,2.0354022979736328,2,25972,28,31,5,0.14741945266723633,2.9802322387695312e-06,5.9604644775390625e-07,131,3.3148815395468026e-05
290,0.45852558547630906,0.0016462659696117043,2.3647997379302979,2,6929,29,31,1,0.12407898902893066,2.9802322387695312e-06,4.76837158203125e-07,168,7.6348649204284835e-05
291,0.46017185144592077,0.0016462659696117043,2.7087187767028809,2,7147,40,34,1,0.10110843181610107,1.9073486328125e-06,4.76837158203125e-07,166,7.3720723126144609e-05
292,0.46181811741553247,0.0016462659696117043,2.8421168327331543,2,16657,28,34,3,0.10537099838256836,3.0994415283203125e-06,5.9604644775390625e-07,143,3.1401872764165842e-05
293,0.46346438338514417,0.0016462659696117043,2.8966636657714844,2,16669,40,34,3,0.13702452182769775,3.0994415283203125e-06,5.3644180297851562e-07,206,5.6813637100788764e-05
294,0.46511064935475588,0.0016462659696117043,2.510115385055542,2,21211,28,31,4,0.089539289474487305,1.7881393432617188e-06,4.76837158203125e-07,206,9.0537792263250424e-05
295,0.46675691532436758,0.0016462659696117043,2.1269607543945312,2,25972,28,31,5,0.13695085048675537,3.2186508178710938e-06,5.9604644775390625e-07,171,3.9185752502708812e-05
296,0.46840318129397929,0.0016462659696117043,2.3881857395172119,2,6929,29,31,1,0.12274837493896484,3.337860107421875e-06,5.3644180297851562e-07,173,8.024915237111312e-05
297,0.47004944726359099,0.0016462659696117043,2.7398307323455811,2,6929,29,31,1,0.10241544246673584,1.9073486328125e-06,4.76837158203125e-07,182,7.4691884157656249e-05
298,0.4716957132332027,0.0016462659696117043,2.8792595863342285,2,16657,28,34,3,0.095202088356018066,3.2186508178710938e-06,5.9604644775390625e-07,153,3.7887518031267613e-05
299,0.4733419792028144,0.0016462659696117043,2.9683759212493896,2,16657,28,34,3,0.12345433235168457,3.4570693969726562e-06,5.3644180297851562e-07,198,5.0549361309662256e-05
300,0.4749882451724261,0.0016462659696117043,2.6332979202270508,2,21837,33,40,4,0.082995891571044922,1.9073486328125e-06,4.76837158203125e-07,231,8.2225869482476354e-05
301,0.47663451114203781,0.0016462659696117043,2.2163774967193604,2,25972,28,31,5,0.13484156131744385,3.2186508178710938e-06,5.9604644775390625e-07,190,4.2149968910191045e-05
302,0.47828077711164951,0.0016462659696117043,2.4063971042633057,2,6929,29,31,1,0.12423014640808105,3.6954879760742188e-06,5.3644180297851562e-07,192,7.8934935101424299e-05
303,0.47992704308126122,0.0016462659696117043,2.8329300880432129,2,6929,29,31,1,0.10596925020217896,2.0265579223632812e-06,4.76837158203125e-07,203,7.5247378916345871e-05
304,0.48157330905087292,0.0016462659696117043,2.8993046283721924,2,16657,28,34,3,0.092025041580200195,3.337860107421875e-06,5.9604644775390625e-07,167,3.9274385094230752e-05
305,0.48321957502048463,0.0016462659696117043,3.0420546531677246,2,21418,28,34,4,0.10805284976959229,3.6954879760742188e-06,5.3644180297851562e-07,221,5.3846113731921117e-05
306,0.48486584099009633,0.0016462659696117043,2.9146273136138916,2,21837,33,40,4,0.087079524993896484,2.0265579223632812e-06,4.76837158203125e-07,230,8.1994515059901238e-05
307,0.48651210695970803,0.0016462659696117043,2.2781968116760254,2,21009,33,28,4,0.12518739700317383,3.337860107421875e-06,5.9604644775390625e-07,212,4.5360191915625033e-05
308,0.48815837292931974,0.0016462659696117043,2.4205846786499023,2,6929,29,31,1,0.124839186668396,3.8743019104003906e-06,5.3644180297851562e-07,228,7.7253599747628175e-05
309,0.48980463889893144,0.0016462659696117043,2.9001550674438477,2,6929,29,31,1,0.10605841875076294,2.0265579223632812e-06,4.76837158203125e-07,207,7.44068051839436e-05
310,0.49145090486854315,0.0016462659696117043,3.0328390598297119,2,7489,37,39,1,0.08480536937713623,3.4570693969726562e-06,5.9604644775390625e-07,169,3.8054869361750481e-05
311,0.49309717083815485,0.0016462659696117043,3.1736299991607666,2,21418,28,34,4,0.1035531759262085,3.9935111999511719e-06,5.9604644775390625e-07,257,5.0178030003180028e-05
312,0.49474343680776656,0.0016462659696117043,3.08274245262146,2,21837,33,40,4,0.094017267227172852,2.0861625671386719e-06,4.76837158203125e-07,236,7.3577817318086207e-05
313,0.49638970277737826,0.0016462659696117043,2.4743227958679199,2,26598,33,40,5,0.11900973320007324,3.4570693969726562e-06,5.9604644775390625e-07,207,4.8726217835844903e-05
314,0.49803596874698997,0.0016462659696117043,2.4334907531738281,2,6929,29,31,1,0.123779296875,4.1723251342773438e-06,5.9604644775390625e-07,239,7.6160971612479955e-05
315,0.49968223471660167,0.0016462659696117043,2.9726197719573975,2,6929,29,31,1,0.10616475343704224,2.2649765014648438e-06,5.3644180297851562e-07,237,7.6874493639768123e-05
316,0.50132850068621337,0.0016462659696117043,3.1870040893554688,2,6929,29,31,1,0.086210370063781738,3.5762786865234375e-06,5.9604644775390625e-07,209,3.8880725475243831e-05
317,0.50297476665582508,0.0016462659696117043,3.231447696685791,2,21418,28,34,4,0.10229027271270752,4.1723251342773438e-06,5.9604644775390625e-07,250,4.9122188585044433e-05
318,0.50462103262543678,0.0016462659696117043,3.1539261341094971,2,21837,33,40,4,0.097286701202392578,2.1457672119140625e-06,5.3644180297851562e-07,263,7.0388692953712997e-05
319,0.50626729859504849,0.0016462659696117043,2.6816895008087158,2,26598,33,40,5,0.11509060859680176,3.5762786865234375e-06,5.9604644775390625e-07,230,5.2140482779158711e-05
320,0.50791356456466019,0.0016462659696117043,2.4355015754699707,2,11690,29,31,2,0.12099111080169678,4.291534423828125e-06,5.9604644775390625e-07,238,7.5496648129133611e-05
321,0.5095598305342719,0.0016462659696117043,3.0226724147796631,2,6929,29,31,1,0.10658895969390869,2.2649765014648438e-06,5.3644180297851562e-07,283,8.5777786749878233e-05
322,0.5112060965038836,0.0016462659696117043,3.3131062984466553,2,6929,29,31,1,0.10795652866363525,3.5762786865234375e-06,5.9604644775390625e-07,241,4.5628535416968795e-05
323,0.5128523624734953,0.0016462659696117043,3.2639122009277344,2,21837,33,40,4,0.10312259197235107,4.291534423828125e-06,5.9604644775390625e-07,277,5.5353750836353124e-05
324,0.51449862844310701,0.0016462659696117043,3.2192752361297607,2,26179,28,34,5,0.092036128044128418,2.3245811462402344e-06,5.3644180297851562e-07,296,7.296264353366502e-05
325,0.51614489441271871,0.0016462659696117043,2.8561649322509766,2,25973,29,31,5,0.11955153942108154,3.5762786865234375e-06,5.9604644775390625e-07,253,5.3995258206837971e-05
326,0.51779116038233042,0.0016462659696117043,2.4635472297668457,2,7353,39,37,1,0.12369322776794434,4.5299530029296875e-06,5.9604644775390625e-07,293,8.5030781754830972e-05
327,0.51943742635194212,0.0016462659696117043,3.0773203372955322,2,6929,29,31,1,0.10738790035247803,2.5033950805664062e-06,5.3644180297851562e-07,307,9.0313360090017267e-05
328,0.52108369232155383,0.0016462659696117043,3.3950276374816895,2,7489,37,39,1,0.11128103733062744,3.5762786865234375e-06,5.9604644775390625e-07,289,5.0950510736407266e-05
329,0.52272995829116553,0.0016462659696117043,3.2990155220031738,2,21837,33,40,4,0.10448145866394043,4.5299530029296875e-06,5.9604644775390625e-07,309,7.3465614865101016e-05
330,0.52437622426077724,0.0016462659696117043,3.2977073192596436,2,26179,28,34,5,0.098991990089416504,2.4437904357910156e-06,5.3644180297851562e-07,326,7.9527148892753445e-05
331,0.52602249023038894,0.0016462659696117043,3.0163297653198242,2,26598,33,40,5,0.11117041110992432,3.5762786865234375e-06,5.9604644775390625e-07,283,5.7049751157855598e-05
332,0.52766875620000064,0.0016462659696117043,2.5178933143615723,2,7353,39,37,1,0.12104308605194092,4.5299530029296875e-06,5.9604644775390625e-07,296,8.1599387543773456e-05
333,0.52931502216961235,0.0016462659696117043,3.0873715877532959,2,6929,29,31,1,0.10754489898681641,2.5033950805664062e-06,5.3644180297851562e-07,342,9.379017612252361e-05
334,0.53096128813922405,0.0016462659696117043,3.4340496063232422,2,7489,37,39,1,0.1134108304977417,3.5762786865234375e-06,5.9604644775390625e-07,329,5.9800557251123639e-05
335,0.53260755410883576,0.0016462659696117043,3.2537333965301514,2,21837,33,40,4,0.10464894771575928,4.5299530029296875e-06,5.9604644775390625e-07,324,7.7698490113478177e-05
336,0.53425382007844746,0.0016462659696117043,3.2973508834838867,2,26598,33,40,5,0.084758520126342773,2.4437904357910156e-06,5.3644180297851562e-07,340,7.9354149083601651e-05
337,0.53590008604805917,0.0016462659696117043,3.1105098724365234,2,26598,33,40,5,0.11607098579406738,3.5762786865234375e-06,5.9604644775390625e-07,333,6.1271571302208303e-05
338,0.53754635201767087,0.0016462659696117043,2.5293624401092529,2,7353,39,37,1,0.11599326133728027,4.4107437133789062e-06,5.9604644775390625e-07,312,8.3600905017154004e-05
339,0.53919261798728257,0.0016462659696117043,3.0860123634338379,2,7136,29,34,1,0.091909289360046387,2.5033950805664062e-06,5.3644180297851562e-07,365,9.4973380770725863e-05
340,0.54083888395689428,0.0016462659696117043,3.4350988864898682,2,7489,37,39,1,0.11949694156646729,3.5762786865234375e-06,5.9604644775390625e-07,350,6.6028551448083471e-05
341,0.54248514992650598,0.0016462659696117043,3.282426118850708,2,16658,29,34,3,0.12467217445373535,4.4107437133789062e-06,5.9604644775390625e-07,332,8.951171577016222e-05
342,0.54413141589611769,0.0016462659696117043,3.2787630558013916,2,25770,33,28,5,0.088259339332580566,2.4437904357910156e-06,5.3644180297851562e-07,359,8.3611410253812336e-05
343,0.54577768186572939,0.0016462659696117043,3.1354846954345703,2,25770,33,28,5,0.11282062530517578,3.5762786865234375e-06,5.9604644775390625e-07,366,6.5973056322541913e-05
344,0.5474239478353411,0.0016462659696117043,2.6364290714263916,2,26596,31,40,5,0.10823798179626465,4.291534423828125e-06,5.9604644775390625e-07,333,8.1796949366647092e-05
345,0.5490702138049528,0.0016462659696117043,3.140934944152832,2,7136,29,34,1,0.085201263427734375,2.5033950805664062e-06,5.3644180297851562e-07,391,9.3281435560267463e-05
346,0.5507164797745645,0.0016462659696117043,3.4377992153167725,2,6799,37,29,1,0.12409555912017822,3.5762786865234375e-06,5.9604644775390625e-07,360,7.8060565616272956e-05
347,0.55236274574417621,0.0016462659696117043,3.3990674018859863,2,16658,29,34,3,0.13199615478515625,4.291534423828125e-06,5.9604644775390625e-07,381,9.7154809693906824e-05
348,0.55400901171378791,0.0016462659696117043,3.3173432350158691,2,16658,29,34,3,0.09076690673828125,2.4437904357910156e-06,5.3644180297851562e-07,389,8.7554060662017655e-05
349,0.55565527768339962,0.0016462659696117043,3.2234559059143066,2,25771,34,28,5,0.11594796180725098,3.5762786865234375e-06,5.9604644775390625e-07,357,6.6477328929368437e-05
350,0.55730154365301132,0.0016462659696117043,2.889620304107666,2,26596,31,40,5,0.10952377319335938,4.291534423828125e-06,5.9604644775390625e-07,360,9.051091926439983e-05
351,0.55894780962262303,0.0016462659696117043,3.1886208057403564,2,7136,29,34,1,0.093870162963867188,2.3245811462402344e-06,5.3644180297851562e-07,417,9.6777722451364654e-05
352,0.56059407559223473,0.0016462659696117043,3.4309782981872559,2,6799,37,29,1,0.1307990550994873,3.5762786865234375e-06,5.9604644775390625e-07,376,8.1380469070795115e-05
353,0.56224034156184644,0.0016462659696117043,3.5030217170715332,2,16658,29,34,3,0.13400924205780029,4.1723251342773438e-06,5.9604644775390625e-07,400,0.00010639183162098241
354,0.56388660753145814,0.0016462659696117043,3.3550472259521484,2,16658,29,34,3,0.09535682201385498,2.2649765014648438e-06,5.3644180297851562e-07,432,0.00010214392177726921
355,0.56553287350106984,0.0016462659696117043,3.3489322662353516,2,25771,34,28,5,0.10773217678070068,3.5762786865234375e-06,5.9604644775390625e-07,363,6.8407298149022314e-05
356,0.56717913947068155,0.0016462659696117043,2.970811128616333,2,30529,31,28,6,0.12051719427108765,4.1723251342773438e-06,5.9604644775390625e-07,380,9.0386662369461835e-05
357,0.56882540544029325,0.0016462659696117043,3.2262201309204102,2,7205,29,35,1,0.093305587768554688,2.2649765014648438e-06,5.3644180297851562e-07,450,0.00010271236194199989
358,0.57047167140990496,0.0016462659696117043,3.4468045234680176,2,11897,29,34,2,0.1231086254119873,3.5762786865234375e-06,5.9604644775390625e-07,422,8.828530292007299e-05
359,0.57211793737951666,0.0016462659696117043,3.6040933132171631,2,16658,29,34,3,0.13660943508148193,4.1723251342773438e-06,5.9604644775390625e-07,424,0.00010923492780570696
360,0.57376420334912837,0.0016462659696117043,3.4329211711883545,2,21419,29,34,4,0.093658208847045898,2.2649765014648438e-06,5.3644180297851562e-07,461,0.0001113622798945454
361,0.57541046931874007,0.0016462659696117043,3.4055209159851074,2,25771,34,28,5,0.10929059982299805,3.6954879760742188e-06,5.9604644775390625e-07,415,7.9864368213280809e-05
362,0.57705673528835177,0.0016462659696117043,3.1458618640899658,2,30532,34,28,6,0.12041425704956055,4.1723251342773438e-06,5.9604644775390625e-07,419,9.6760069478352679e-05
363,0.57870300125796348,0.0016462659696117043,3.257889986038208,2,7284,39,36,1,0.089249849319458008,2.1457672119140625e-06,5.3644180297851562e-07,482,0.00010851287142781117
364,0.58034926722757518,0.0016462659696117043,3.5425631999969482,2,11976,39,35,2,0.11071276664733887,3.6358833312988281e-06,5.9604644775390625e-07,433,9.4065027845181796e-05
365,0.58199553319718689,0.0016462659696117043,3.7015554904937744,2,16658,29,34,3,0.13693070411682129,4.1723251342773438e-06,5.9604644775390625e-07,442,0.00011497125767002519
366,0.58364179916679859,0.0016462659696117043,3.5906317234039307,2,16806,39,36,3,0.093970179557800293,2.1457672119140625e-06,5.3644180297851562e-07,495,0.00011854217849953761
367,0.5852880651364103,0.0016462659696117043,3.4234364032745361,2,25771,34,28,5,0.10543727874755859,3.814697265625e-06,7.152557373046875e-07,460,8.8192173988880851e-05
368,0.586934331106022,0.0016462659696117043,3.3294730186462402,2,30532,34,28,6,0.12069380283355713,4.291534423828125e-06,5.9604644775390625e-07,442,0.00010330541980635942
369,0.5885805970756337,0.0016462659696117043,3.28173828125,2,7274,29,36,1,0.091712236404418945,2.1457672119140625e-06,5.3644180297851562e-07,532,0.00011662390077518391
370,0.59022686304524541,0.0016462659696117043,3.6270451545715332,2,12045,39,36,2,0.097022891044616699,3.8743019104003906e-06,7.152557373046875e-07,448,9.8620161481116701e-05
371,0.59187312901485711,0.0016462659696117043,3.8226072788238525,2,16806,39,36,3,0.13869452476501465,4.2319297790527344e-06,5.9604644775390625e-07,489,0.00012301165516804955
372,0.59351939498446882,0.0016462659696117043,3.7109396457672119,2,21419,29,34,4,0.096328139305114746,2.0861625671386719e-06,5.3644180297851562e-07,565,0.00013313748967340547
373,0.59516566095408052,0.0016462659696117043,3.5301425457000732,2,21768,33,39,4,0.10528206825256348,4.1723251342773438e-06,7.152557373046875e-07,483,9.5337635739749119e-05
374,0.59681192692369223,0.0016462659696117043,3.5896608829498291,2,30952,40,34,6,0.12133073806762695,4.4107437133789062e-06,5.9604644775390625e-07,484,0.00011265804676963599
375,0.59845819289330393,0.0016462659696117043,3.3022165298461914,2,7274,29,36,1,0.096090078353881836,2.0861625671386719e-06,5.3644180297851562e-07,577,0.0001232413882287285
376,0.60010445886291564,0.0016462659696117043,3.6666824817657471,2,6861,30,30,1,0.097945213317871094,4.2319297790527344e-06,7.152557373046875e-07,495,0.00010174362793106528
377,0.60175072483252734,0.0016462659696117043,3.8464343547821045,2,16806,39,36,3,0.13830244541168213,4.5299530029296875e-06,5.9604644775390625e-07,542,0.0001310467475627124
378,0.60339699080213904,0.0016462659696117043,3.8671226501464844,2,21567,39,36,4,0.097259044647216797,2.0265579223632812e-06,5.3644180297851562e-07,596,0.00014324336806822746
379,0.60504325677175075,0.0016462659696117043,3.6772313117980957,2,21768,33,39,4,0.097205519676208496,4.5299530029296875e-06,7.152557373046875e-07,533,0.00010607395415438677
380,0.60668952274136245,0.0016462659696117043,3.7880158424377441,2,30952,40,34,6,0.12196969985961914,4.6491622924804688e-06,5.9604644775390625e-07,561,0.00012154498773963047
381,0.60833578871097416,0.0016462659696117043,3.3207447528839111,2,35713,40,34,7,0.10619401931762695,2.0861625671386719e-06,5.3644180297851562e-07,590,0.00012799154995411994
382,0.60998205468058586,0.0016462659696117043,3.6939010620117188,2,6861,30,30,1,0.098049402236938477,4.6491622924804688e-06,7.152557373046875e-07,547,0.00011312876026959631
383,0.61162832065019757,0.0016462659696117043,3.8258376121520996,2,16737,39,35,3,0.11954152584075928,4.76837158203125e-06,5.9604644775390625e-07,581,0.00013899583134589023
384,0.61327458661980927,0.0016462659696117043,3.9300394058227539,2,21498,39,35,4,0.103607177734375,2.0265579223632812e-06,5.3644180297851562e-07,598,0.00014317716211979098
385,0.61492085258942097,0.0016462659696117043,3.7710814476013184,2,21768,33,39,4,0.10184586048126221,4.8875808715820312e-06,7.152557373046875e-07,570,0.00011525991643619032
386,0.61656711855903268,0.0016462659696117043,3.8989923000335693,2,30952,40,34,6,0.11140203475952148,4.8875808715820312e-06,5.9604644775390625e-07,603,0.00012459302069427517
387,0.61821338452864438,0.0016462659696117043,3.4767179489135742,2,35713,40,34,7,0.11376798152923584,2.1457672119140625e-06,5.3644180297851562e-07,592,0.00012794825812470948
388,0.61985965049825609,0.0016462659696117043,3.6452312469482422,2,6861,30,30,1,0.09447634220123291,5.0663948059082031e-06,7.152557373046875e-07,580,0.00012166031265553551
389,0.62150591646786779,0.0016462659696117043,3.7789268493652344,2,16668,39,34,3,0.1056373119354248,5.1259994506835938e-06,5.9604644775390625e-07,629,0.000144353179715819
390,0.6231521824374795,0.0016462659696117043,3.9644849300384521,2,21498,39,35,4,0.12803614139556885,2.0265579223632812e-06,5.3644180297851562e-07,601,0.00014576585550096674
391,0.6247984484070912,0.0016462659696117043,3.9338328838348389,2,26180,29,34,5,0.10119462013244629,5.3644180297851562e-06,8.3446502685546875e-07,628,0.00013173821519596186
392,0.6264447143767029,0.0016462659696117043,3.9831271171569824,2,30952,40,34,6,0.10462296009063721,5.3644180297851562e-06,7.152557373046875e-07,624,0.00012818006933116872
393,0.62809098034631461,0.0016462659696117043,3.6122372150421143,2,35713,40,34,7,0.11397701501846313,2.1457672119140625e-06,5.3644180297851562e-07,576,0.00012672858275110006
394,0.62973724631592631,0.0016462659696117043,3.5869021415710449,2,6861,30,30,1,0.10700321197509766,5.4240226745605469e-06,8.3446502685546875e-07,618,0.00013512325447675078
395,0.63138351228553802,0.0016462659696117043,3.7204420566558838,2,16668,39,34,3,0.099476337432861328,5.4240226745605469e-06,7.152557373046875e-07,672,0.00015291786518666813
396,0.63302977825514972,0.0016462659696117043,3.9365527629852295,2,21429,39,34,4,0.12148070335388184,2.0861625671386719e-06,5.3644180297851562e-07,631,0.00015072141633184916
397,0.63467604422476143,0.0016462659696117043,4.0361604690551758,2,26180,29,34,5,0.097386002540588379,5.6028366088867188e-06,8.3446502685546875e-07,640,0.00013840416576674434
398,0.63632231019437313,0.0016462659696117043,4.0168509483337402,2,30952,40,34,6,0.10643339157104492,5.6028366088867188e-06,7.152557373046875e-07,688,0.00013657707785618277
399,0.63796857616398484,0.0016462659696117043,3.7581729888916016,2,35713,40,34,7,0.096732258796691895,2.2649765014648438e-06,5.9604644775390625e-07,610,0.00014010003027146702
400,0.63961484213359654,0.0016462659696117043,3.6635324954986572,2,35701,28,34,7,0.10322511196136475,5.7816505432128906e-06,8.3446502685546875e-07,663,0.00014140797043935737
401,0.64126110810320824,0.0016462659696117043,3.6693692207336426,2,11622,30,30,2,0.10041391849517822,5.7816505432128906e-06,7.152557373046875e-07,711,0.00015952962076191246
402,0.64290737407281995,0.0016462659696117043,3.9394721984863281,2,21429,39,34,4,0.108711838722229,2.1457672119140625e-06,5.3644180297851562e-07,644,0.00015616303779160723
403,0.64455364004243165,0.0016462659696117043,4.0563230514526367,2,26259,39,35,5,0.1017230749130249,5.8412551879882812e-06,8.3446502685546875e-07,672,0.00014342261138196872
404,0.64619990601204336,0.0016462659696117043,4.0004792213439941,2,30952,40,34,6,0.10215485095977783,5.8412551879882812e-06,7.152557373046875e-07,698,0.00013992952728056311
405,0.64784617198165506,0.0016462659696117043,3.8837094306945801,2,35713,40,34,7,0.099767923355102539,2.2649765014648438e-06,5.9604644775390625e-07,635,0.00014913264918630693
406,0.64949243795126677,0.0016462659696117043,3.766770601272583,2,35701,28,34,7,0.10645461082458496,6.0796737670898438e-06,8.3446502685546875e-07,710,0.00015702099291712283
407,0.65113870392087847,0.0016462659696117043,3.6620943546295166,2,11556,33,29,2,0.10161280632019043,5.9604644775390625e-06,7.152557373046875e-07,729,0.00016032602530825335
408,0.65278496989049017,0.0016462659696117043,3.9325509071350098,2,21429,39,34,4,0.098425149917602539,2.1457672119140625e-06,5.9604644775390625e-07,682,0.00016218561114058878
409,0.65443123586010188,0.0016462659696117043,4.0687389373779297,2,26190,39,34,5,0.098018050193786621,5.9604644775390625e-06,8.3446502685546875e-07,692,0.00015690634729002289
410,0.65607750182971358,0.0016462659696117043,4.0280046463012695,2,31020,39,35,6,0.094698905944824219,6.198883056640625e-06,7.152557373046875e-07,710,0.00013823814142710177
411,0.65772376779932529,0.0016462659696117043,3.9616107940673828,2,35713,40,34,7,0.098584532737731934,2.2649765014648438e-06,5.9604644775390625e-07,698,0.00015007103638512196
412,0.65937003376893699,0.0016462659696117043,3.8061306476593018,2,35701,28,34,7,0.10345721244812012,6.2584877014160156e-06,8.3446502685546875e-07,733,0.00016888076100157309
413,0.6610162997385487,0.0016462659696117043,3.654184103012085,2,40462,28,34,8,0.10352146625518799,6.2584877014160156e-06,7.152557373046875e-07,758,0.00017024782402151657
414,0.6626625657081604,0.0016462659696117043,3.899907112121582,2,21429,39,34,4,0.099800467491149902,2.2649765014648438e-06,5.9604644775390625e-07,741,0.00017079312997154866
415,0.6643088316777721,0.0016462659696117043,4.1121077537536621,2,26190,39,34,5,0.09767460823059082,5.8412551879882812e-06,8.3446502685546875e-07,745,0.00016900173683898523
416,0.66595509764738381,0.0016462659696117043,4.0963220596313477,2,31020,39,35,6,0.098232269287109375,6.198883056640625e-06,7.152557373046875e-07,742,0.00014828129054339541
417,0.66760136361699551,0.0016462659696117043,3.9902441501617432,2,35713,40,34,7,0.10114264488220215,2.3245811462402344e-06,5.9604644775390625e-07,700,0.00016421963450972521
418,0.66924762958660722,0.0016462659696117043,3.8079924583435059,2,35563,28,32,7,0.098128914833068848,6.2584877014160156e-06,8.3446502685546875e-07,787,0.00017947104483552305
419,0.67089389555621892,0.0016462659696117043,3.8893046379089355,2,40462,28,34,8,0.10645663738250732,6.3180923461914062e-06,7.152557373046875e-07,818,0.00018071812552400527
420,0.67254016152583063,0.0016462659696117043,3.8283936977386475,2,21429,39,34,4,0.10546600818634033,2.2649765014648438e-06,5.9604644775390625e-07,752,0.00016978905169999671
421,0.67418642749544233,0.0016462659696117043,4.1219420433044434,2,26190,39,34,5,0.10129213333129883,5.8412551879882812e-06,8.3446502685546875e-07,776,0.0001783955068857006
422,0.67583269346505404,0.0016462659696117043,4.1167802810668945,2,31020,39,35,6,0.10421514511108398,6.198883056640625e-06,7.152557373046875e-07,781,0.00016591580621522158
423,0.67747895943466574,0.0016462659696117043,4.0376667976379395,2,35713,40,34,7,0.098623991012573242,2.4437904357910156e-06,5.9604644775390625e-07,701,0.00016992345321854979
424,0.67912522540427744,0.0016462659696117043,3.7268567085266113,2,35701,28,34,7,0.09837651252746582,6.0796737670898438e-06,8.3446502685546875e-07,827,0.00019027676358246827
425,0.68077149137388915,0.0016462659696117043,4.0527095794677734,2,40462,28,34,8,0.099395394325256348,6.2584877014160156e-06,7.152557373046875e-07,850,0.00019086829046536426
426,0.68241775734350085,0.0016462659696117043,3.7891700267791748,2,21429,39,34,4,0.10801315307617188,2.3245811462402344e-06,5.9604644775390625e-07,785,0.00017372546817633389
427,0.68406402331311256,0.0016462659696117043,4.0279340744018555,2,26190,39,34,5,0.10448861122131348,5.6028366088867188e-06,8.3446502685546875e-07,833,0.00018618713759176986
428,0.68571028928272426,0.0016462659696117043,4.1582126617431641,2,30951,39,34,6,0.099565505981445312,5.8412551879882812e-06,7.152557373046875e-07,797,0.00016992033092809984
429,0.68735655525233597,0.0016462659696117043,4.052556037902832,2,35713,40,34,7,0.10197949409484863,2.5033950805664062e-06,5.9604644775390625e-07,759,0.00018468239446093593
430,0.68900282122194767,0.0016462659696117043,3.7595343589782715,2,40474,40,34,8,0.098050832748413086,5.8412551879882812e-06,8.3446502685546875e-07,878,0.00020398661045567334
431,0.69064908719155937,0.0016462659696117043,4.1050686836242676,2,40462,28,34,8,0.10006272792816162,5.9604644775390625e-06,7.152557373046875e-07,869,0.00020338655218777446
432,0.69229535316117108,0.0016462659696117043,3.8504905700683594,2,45223,28,34,9,0.10478448867797852,2.4437904357910156e-06,5.9604644775390625e-07,832,0.00018969115323180336
433,0.69394161913078278,0.0016462659696117043,3.9749820232391357,2,26190,39,34,5,0.10790538787841797,5.3644180297851562e-06,8.3446502685546875e-07,861,0.00019308428973144123
434,0.69558788510039449,0.0016462659696117043,4.1532115936279297,2,30951,39,34,6,0.098833680152893066,5.4836273193359375e-06,7.152557373046875e-07,835,0.00018574788301208356
435,0.69723415107000619,0.0016462659696117043,4.0356569290161133,2,35713,40,34,7,0.10497915744781494,2.5033950805664062e-06,5.9604644775390625e-07,814,0.00020292430353267162
436,0.6988804170396179,0.0016462659696117043,3.8456225395202637,2,40474,40,34,8,0.11632096767425537,5.7220458984375e-06,8.3446502685546875e-07,898,0.0002093042185924378
437,0.7005266830092296,0.0016462659696117043,4.0513758659362793,2,40462,28,34,8,0.10064518451690674,5.7220458984375e-06,7.152557373046875e-07,891,0.00021177840022300887
438,0.7021729489788413,0.0016462659696117043,3.9107375144958496,2,45223,28,34,9,0.10322380065917969,2.4437904357910156e-06,5.9604644775390625e-07,895,0.0001990521157138
439,0.70381921494845301,0.0016462659696117043,3.9218559265136719,2,26190,39,34,5,0.10683131217956543,5.245208740234375e-06,8.3446502685546875e-07,924,0.00019728143249131207
440,0.70546548091806471,0.0016462659696117043,4.1135883331298828,2,30951,39,34,6,0.10286104679107666,5.1259994506835938e-06,7.152557373046875e-07,862,0.00019301607749522062
441,0.70711174688767642,0.0016462659696117043,4.0451655387878418,2,35781,39,35,7,0.10780620574951172,2.4437904357910156e-06,5.9604644775390625e-07,873,0.00020924107227640368
442,0.70875801285728812,0.0016462659696117043,3.8698928356170654,2,36051,33,39,7,0.10465717315673828,5.4836273193359375e-06,8.3446502685546875e-07,953,0.00022349277973369354
443,0.71040427882689983,0.0016462659696117043,3.9407472610473633,2,40462,28,34,8,0.10164451599121094,5.245208740234375e-06,7.152557373046875e-07,905,0.0002228272453845257
444,0.71205054479651153,0.0016462659696117043,4.016510009765625,2,45223,28,34,9,0.10387670993804932,2.5033950805664062e-06,5.9604644775390625e-07,924,0.00020313851793020985
445,0.71369681076612324,0.0016462659696117043,3.7653036117553711,2,26180,29,34,5,0.10325479507446289,5.1259994506835938e-06,8.3446502685546875e-07,973,0.00020571403657632163
446,0.71534307673573494,0.0016462659696117043,4.1315135955810547,2,30951,39,34,6,0.10454225540161133,4.6491622924804688e-06,7.152557373046875e-07,867,0.00019970097935156504
447,0.71698934270534664,0.0016462659696117043,4.0737833976745605,2,35781,39,35,7,0.10730421543121338,2.5033950805664062e-06,5.9604644775390625e-07,932,0.00020775404290851077
448,0.71863560867495835,0.0016462659696117043,3.8830704689025879,2,36053,35,39,7,0.10204648971557617,5.4240226745605469e-06,8.3446502685546875e-07,1007,0.00023739914335733732
449,0.72028187464457005,0.0016462659696117043,3.8564839363098145,2,40462,28,34,8,0.10169839859008789,4.76837158203125e-06,7.152557373046875e-07,935,0.00023154412481717505
450,0.72192814061418176,0.0016462659696117043,4.0126152038574219,2,45223,28,34,9,0.10508477687835693,2.5629997253417969e-06,5.9604644775390625e-07,971,0.00020555883782726012
451,0.72357440658379346,0.0016462659696117043,3.697857141494751,2,49984,28,34,10,0.10139131546020508,5.245208740234375e-06,8.3446502685546875e-07,976,0.00021247961035424629
452,0.72522067255340517,0.0016462659696117043,3.9729595184326172,2,30951,39,34,6,0.10373795032501221,4.1723251342773438e-06,7.152557373046875e-07,924,0.00021324423352682152
453,0.72686693852301687,0.0016462659696117043,4.0807099342346191,2,35781,39,35,7,0.10725283622741699,2.6226043701171875e-06,5.9604644775390625e-07,1015,0.00020924593611907572
454,0.72851320449262857,0.0016462659696117043,3.8995592594146729,2,40474,40,34,8,0.10229122638702393,5.4836273193359375e-06,8.3446502685546875e-07,993,0.00024506701644598576
455,0.73015947046224028,0.0016462659696117043,3.8329827785491943,2,40474,40,34,8,0.10347890853881836,4.291534423828125e-06,7.152557373046875e-07,986,0.0002524520743294255
456,0.73180573643185198,0.0016462659696117043,3.9626524448394775,2,45223,28,34,9,0.10296642780303955,2.7418136596679688e-06,5.9604644775390625e-07,1003,0.00021657145711731214
457,0.73345200240146369,0.0016462659696117043,3.7275090217590332,2,45642,33,40,9,0.10241615772247314,5.3644180297851562e-06,8.3446502685546875e-07,991,0.00021073772929053306
458,0.73509826837107539,0.0016462659696117043,3.8569295406341553,2,30941,29,34,6,0.10778677463531494,3.7550926208496094e-06,5.9604644775390625e-07,983,0.00022424310419959551
459,0.7367445343406871,0.0016462659696117043,4.1351494789123535,2,35712,39,34,7,0.10328042507171631,2.9206275939941406e-06,5.9604644775390625e-07,1083,0.00021875010604892458
460,0.7383908003102988,0.0016462659696117043,3.9562308788299561,2,40474,40,34,8,0.098169207572937012,5.6028366088867188e-06,8.3446502685546875e-07,1008,0.00024289111874981409
461,0.7400370662799105,0.0016462659696117043,3.8241796493530273,2,40474,40,34,8,0.10085272789001465,4.0531158447265625e-06,5.9604644775390625e-07,1028,0.00026324118188066813
462,0.74168333224952221,0.0016462659696117043,4.0439624786376953,2,45235,40,34,9,0.10549449920654297,2.9802322387695312e-06,5.9604644775390625e-07,1060,0.00023153886190925712
463,0.74332959821913391,0.0016462659696117043,3.7068970203399658,2,49984,28,34,10,0.10104870796203613,5.4836273193359375e-06,8.3446502685546875e-07,999,0.00021265425783962332
464,0.74497586418874562,0.0016462659696117043,3.6870095729827881,2,30941,29,34,6,0.1050184965133667,3.5762786865234375e-06,5.9604644775390625e-07,1021,0.00022761551044992424
465,0.74662213015835732,0.0016462659696117043,4.0257525444030762,2,35712,39,34,7,0.10472595691680908,3.1590461730957031e-06,5.9604644775390625e-07,1140,0.00023707286869623358
466,0.74826839612796903,0.0016462659696117043,3.9605758190155029,2,40474,40,34,8,0.098127365112304688,5.7816505432128906e-06,8.3446502685546875e-07,1013,0.00023988110958218832
467,0.74991466209758073,0.0016462659696117043,3.8367009162902832,2,45235,40,34,9,0.10484004020690918,3.7550926208496094e-06,5.9604644775390625e-07,1077,0.0002603752071537659
468,0.75156092806719244,0.0016462659696117043,4.0992631912231445,2,45235,40,34,9,0.10361409187316895,3.337860107421875e-06,5.9604644775390625e-07,1124,0.00024403439087396881
469,0.75320719403680414,0.0016462659696117043,3.8314695358276367,2,49996,40,34,10,0.106514573097229,5.8412551879882812e-06,8.3446502685546875e-07,1036,0.00022580514626400599
470,0.75485346000641584,0.0016462659696117043,3.6380729675292969,2,21702,36,38,4,0.10015225410461426,3.337860107421875e-06,5.9604644775390625e-07,1059,0.00023213903092828334
471,0.75649972597602755,0.0016462659696117043,3.8862755298614502,2,26459,32,38,5,0.10974156856536865,3.6358833312988281e-06,7.152557373046875e-07,1181,0.0002517269417325283
472,0.75814599194563925,0.0016462659696117043,3.9239392280578613,2,40542,39,35,8,0.10435128211975098,6.2584877014160156e-06,8.3446502685546875e-07,1059,0.00025058613370016521
473,0.75979225791525096,0.0016462659696117043,3.8320131301879883,2,45235,40,34,9,0.10494410991668701,3.6358833312988281e-06,5.9604644775390625e-07,1145,0.00026619794670115326
474,0.76143852388486266,0.0016462659696117043,4.1097240447998047,2,45235,40,34,9,0.10453951358795166,3.6954879760742188e-06,7.152557373046875e-07,1173,0.00026157783547268071
475,0.76308478985447437,0.0016462659696117043,4.0196490287780762,2,49996,40,34,10,0.10871875286102295,6.198883056640625e-06,8.3446502685546875e-07,1058,0.00023413317919554209
476,0.76473105582408607,0.0016462659696117043,3.6618654727935791,2,21702,36,38,4,0.10200536251068115,3.337860107421875e-06,5.9604644775390625e-07,1121,0.00024552613360993251
477,0.76637732179369777,0.0016462659696117043,3.9383423328399658,2,26460,33,38,5,0.10069727897644043,4.1127204895019531e-06,7.152557373046875e-07,1215,0.00026250683746492816
478,0.76802358776330948,0.0016462659696117043,3.9362478256225586,2,31221,33,38,6,0.10631906986236572,6.6161155700683594e-06,9.5367431640625e-07,1118,0.00026320431164083012
479,0.76966985373292118,0.0016462659696117043,3.8387186527252197,2,40533,30,35,8,0.11116254329681396,3.5762786865234375e-06,5.9604644775390625e-07,1197,0.00027270589973614365
480,0.77131611970253289,0.0016462659696117043,4.060821533203125,2,45235,40,34,9,0.10107183456420898,4.0531158447265625e-06,7.152557373046875e-07,1233,0.00027314080727000963
481,0.77296238567214459,0.0016462659696117043,4.1426687240600586,2,49996,40,34,10,0.10702300071716309,6.4373016357421875e-06,8.3446502685546875e-07,1144,0.00025480606998722657
482,0.7746086516417563,0.0016462659696117043,3.7421057224273682,2,54757,40,34,11,0.10617554187774658,3.337860107421875e-06,5.9604644775390625e-07,1180,0.000253358000082527
483,0.776254917611368,0.0016462659696117043,3.8996596336364746,2,26460,33,38,5,0.10409390926361084,4.5299530029296875e-06,7.152557373046875e-07,1242,0.0002593452611461304
484,0.7779011835809797,0.0016462659696117043,4.0759520530700684,2,31221,33,38,6,0.10859262943267822,6.9141387939453125e-06,9.5367431640625e-07,1148,0.00027838294308985131
485,0.77954744955059141,0.0016462659696117043,3.810997486114502,2,35982,33,38,7,0.10620224475860596,3.6358833312988281e-06,5.9604644775390625e-07,1257,0.0002701646927616294
486,0.78119371552020311,0.0016462659696117043,3.972360372543335,2,45235,40,34,9,0.10630881786346436,4.291534423828125e-06,7.152557373046875e-07,1249,0.00027351913084540792
487,0.78283998148981482,0.0016462659696117043,4.1361136436462402,2,49996,40,34,10,0.10597836971282959,6.9141387939453125e-06,9.5367431640625e-07,1185,0.00026925994227433955
488,0.78448624745942652,0.0016462659696117043,3.8411450386047363,2,54757,40,34,11,0.10970258712768555,3.337860107421875e-06,5.9604644775390625e-07,1258,0.00026007410466143854
489,0.78613251342903823,0.0016462659696117043,3.8623893260955811,2,31221,33,38,6,0.10420680046081543,4.76837158203125e-06,7.152557373046875e-07,1290,0.00027300288108582583
490,0.78777877939864993,0.0016462659696117043,4.0857138633728027,2,31221,33,38,6,0.10050129890441895,7.3313713073730469e-06,9.5367431640625e-07,1188,0.00029224230005788106
491,0.78942504536826164,0.0016462659696117043,3.9885580539703369,2,35982,33,38,7,0.10524570941925049,3.7550926208496094e-06,5.9604644775390625e-07,1265,0.000273568832558143
492,0.79107131133787334,0.0016462659696117043,3.8555519580841064,2,45235,40,34,9,0.10782134532928467,4.5299530029296875e-06,7.152557373046875e-07,1266,0.00027672710050900259
493,0.79271757730748504,0.0016462659696117043,4.0685315132141113,2,49996,40,34,10,0.10472381114959717,7.2717666625976562e-06,9.5367431640625e-07,1239,0.0002901561388415038
494,0.79436384327709675,0.0016462659696117043,3.9032151699066162,2,54757,40,34,11,0.10905957221984863,3.5762786865234375e-06,5.9604644775390625e-07,1292,0.00026280027705207517
495,0.79601010924670845,0.0016462659696117043,3.9308934211730957,2,30669,33,30,6,0.102591872215271,5.1259994506835938e-06,8.3446502685546875e-07,1327,0.00027710931660930653
496,0.79765637521632016,0.0016462659696117043,4.1312932968139648,2,31221,33,38,6,0.10632431507110596,7.8678131103515625e-06,9.5367431640625e-07,1258,0.00029812721470642649
497,0.79930264118593186,0.0016462659696117043,4.0785846710205078,2,35982,33,38,7,0.10876142978668213,4.1127204895019531e-06,7.152557373046875e-07,1307,0.000280924538259592
498,0.80094890715554357,0.0016462659696117043,3.899686336517334,2,40743,33,38,8,0.11058247089385986,4.6491622924804688e-06,7.152557373046875e-07,1267,0.00028743439865227285
499,0.80259517312515527,0.0016462659696117043,3.988311767578125,2,49996,40,34,10,0.10000896453857422,7.6889991760253906e-06,9.5367431640625e-07,1311,0.00030422421196367189
500,0.80424143909476697,0.0016462659696117043,3.9189674854278564,2,54757,40,34,11,0.11318886280059814,3.814697265625e-06,7.152557373046875e-07,1364,0.00028108348807639284
501,0.80588770506437868,0.0016462659696117043,3.9341285228729248,2,30669,33,30,6,0.10909175872802734,5.4240226745605469e-06,8.3446502685546875e-07,1355,0.00028342618552511559
502,0.80753397103399038,0.0016462659696117043,4.116973876953125,2,31221,33,38,6,0.10141658782958984,8.3446502685546875e-06,9.5367431640625e-07,1342,0.00030088602876461292
503,0.80918023700360209,0.0016462659696117043,4.1178865432739258,2,35982,33,38,7,0.11050224304199219,4.291534423828125e-06,7.152557373046875e-07,1371,0.00028870738099138772
504,0.81082650297321379,0.0016462659696117043,3.9535109996795654,2,40743,33,38,8,0.11338913440704346,4.76837158203125e-06,7.152557373046875e-07,1259,0.00029743026270839139
505,0.8124727689428255,0.0016462659696117043,3.8870308399200439,2,49996,40,34,10,0.10987257957458496,7.9870223999023438e-06,9.5367431640625e-07,1338,0.00030497158802177587
506,0.8141190349124372,0.0016462659696117043,3.9274845123291016,2,54757,40,34,11,0.10653197765350342,4.2319297790527344e-06,7.152557373046875e-07,1385,0.00030242389979515772
507,0.8157653008820489,0.0016462659696117043,3.961963415145874,2,30668,32,30,6,0.11432468891143799,5.6028366088867188e-06,8.3446502685546875e-07,1374,0.00029707134745611389
508,0.81741156685166061,0.0016462659696117043,4.0546131134033203,2,35982,33,38,7,0.10301125049591064,8.8810920715332031e-06,9.5367431640625e-07,1358,0.00029936288846730413
509,0.81905783282127231,0.0016462659696117043,4.0652318000793457,2,35982,33,38,7,0.11401569843292236,4.7087669372558594e-06,7.152557373046875e-07,1407,0.00029527796542742961
510,0.82070409879088402,0.0016462659696117043,3.973463773727417,2,40743,33,38,8,0.11664175987243652,4.8875808715820312e-06,7.152557373046875e-07,1300,0.00030567403392315929
511,0.82235036476049572,0.0016462659696117043,3.8265736103057861,2,45506,35,38,9,0.1109238862991333,8.4638595581054688e-06,9.5367431640625e-07,1400,0.00030070031093594934
512,0.82399663073010743,0.0016462659696117043,3.9325032234191895,2,26459,32,38,5,0.10990667343139648,4.4107437133789062e-06,7.152557373046875e-07,1438,0.00030822641084079708
513,0.82564289669971913,0.0016462659696117043,4.101250171661377,2,30668,32,30,6,0.11001384258270264,5.7816505432128906e-06,8.3446502685546875e-07,1429,0.00031472052703329059
514,0.82728916266933084,0.0016462659696117043,4.0255117416381836,2,35982,33,38,7,0.10478591918945312,9.3579292297363281e-06,9.5367431640625e-07,1442,0.00029972814039197292
515,0.82893542863894254,0.0016462659696117043,4.0324497222900391,2,35982,33,38,7,0.10924029350280762,4.8875808715820312e-06,7.152557373046875e-07,1408,0.00029730968857347493
516,0.83058169460855424,0.0016462659696117043,4.0033745765686035,2,40743,33,38,8,0.11343562602996826,4.8875808715820312e-06,7.152557373046875e-07,1400,0.00032347083040106775
517,0.83222796057816595,0.0016462659696117043,3.8943688869476318,2,45506,35,38,9,0.11160898208618164,8.58306884765625e-06,9.5367431640625e-07,1456,0.00031255607739382536
518,0.83387422654777765,0.0016462659696117043,3.9324884414672852,2,26459,32,38,5,0.10532534122467041,4.6491622924804688e-06,7.152557373046875e-07,1445,0.0003056521958248964
519,0.83552049251738936,0.0016462659696117043,4.1342911720275879,2,30668,32,30,6,0.10889816284179688,5.8412551879882812e-06,8.3446502685546875e-07,1518,0.00033907055073336269
520,0.83716675848700106,0.0016462659696117043,4.1250295639038086,2,35429,32,30,7,0.10418367385864258,9.5367431640625e-06,9.5367431640625e-07,1506,0.00030473616617856673
521,0.83881302445661277,0.0016462659696117043,4.065216064453125,2,35981,32,38,7,0.10195839405059814,5.1259994506835938e-06,8.3446502685546875e-07,1461,0.00029626465657690219
522,0.84045929042622447,0.0016462659696117043,4.0681133270263672,2,40743,33,38,8,0.10852682590484619,4.8875808715820312e-06,7.152557373046875e-07,1475,0.00033508694880528283
523,0.84210555639583617,0.0016462659696117043,3.9508328437805176,2,45506,35,38,9,0.11149358749389648,8.58306884765625e-06,9.5367431640625e-07,1485,0.00031460107214432341
524,0.84375182236544788,0.0016462659696117043,3.8382163047790527,2,26459,32,38,5,0.11190247535705566,4.6491622924804688e-06,7.152557373046875e-07,1498,0.00031774667390326077
525,0.84539808833505958,0.0016462659696117043,4.0781373977661133,2,31224,36,38,6,0.10933792591094971,5.8412551879882812e-06,8.3446502685546875e-07,1593,0.00035476155463978716
526,0.84704435430467129,0.0016462659696117043,4.2105507850646973,2,35429,32,30,7,0.10538029670715332,9.4771385192871094e-06,9.5367431640625e-07,1569,0.00031763328957452327
527,0.84869062027428299,0.0016462659696117043,4.059323787689209,2,40190,32,30,8,0.098840713500976562,5.245208740234375e-06,8.3446502685546875e-07,1464,0.00030639634438725364
528,0.8503368862438947,0.0016462659696117043,4.1451005935668945,2,40743,33,38,8,0.1116487979888916,4.76837158203125e-06,7.152557373046875e-07,1555,0.00034066593880017728
529,0.8519831522135064,0.0016462659696117043,4.0774712562561035,2,44952,33,30,9,0.11177515983581543,8.3446502685546875e-06,9.5367431640625e-07,1540,0.00032264033048136776
530,0.8536294181831181,0.0016462659696117043,3.9196920394897461,2,49713,33,30,10,0.11241865158081055,4.5299530029296875e-06,7.152557373046875e-07,1467,0.00032335330659605352
531,0.85527568415272981,0.0016462659696117043,4.0729904174804688,2,31220,32,38,6,0.10636937618255615,5.6028366088867188e-06,8.3446502685546875e-07,1619,0.00036323383658929553
532,0.85692195012234151,0.0016462659696117043,4.1941514015197754,2,35429,32,30,7,0.10571300983428955,9.2387199401855469e-06,9.5367431640625e-07,1644,0.00033360971506199736
533,0.85856821609195322,0.0016462659696117043,4.1246433258056641,2,40190,32,30,8,0.10146713256835938,5.245208740234375e-06,8.3446502685546875e-07,1500,0.00031944467747380118
534,0.86021448206156492,0.0016462659696117043,4.1769552230834961,2,40743,33,38,8,0.1081312894821167,4.6491622924804688e-06,7.152557373046875e-07,1606,0.00034754815783944441
535,0.86186074803117663,0.0016462659696117043,4.1636762619018555,2,44952,33,30,9,0.10880076885223389,7.8678131103515625e-06,9.5367431640625e-07,1607,0.00033702189638323431
536,0.86350701400078833,0.0016462659696117043,4.1639842987060547,2,49713,33,30,10,0.11038076877593994,4.291534423828125e-06,7.152557373046875e-07,1550,0.00034052697799315094
537,0.86515327997040004,0.0016462659696117043,3.9945735931396484,2,31220,32,38,6,0.10250675678253174,5.4240226745605469e-06,8.3446502685546875e-07,1734,0.00037393034106051275
538,0.86679954594001174,0.0016462659696117043,4.1434273719787598,2,35429,32,30,7,0.10760080814361572,8.7618827819824219e-06,9.5367431640625e-07,1704,0.00036141958084267862
539,0.86844581190962344,0.0016462659696117043,4.1546921730041504,2,40190,32,30,8,0.1027759313583374,5.1856040954589844e-06,8.3446502685546875e-07,1595,0.00034357434182366863
540,0.87009207787923515,0.0016462659696117043,4.2253241539001465,2,40743,33,38,8,0.10486209392547607,4.4107437133789062e-06,7.152557373046875e-07,1700,0.00035364383415821895
541,0.87173834384884685,0.0016462659696117043,4.1677951812744141,2,44952,33,30,9,0.10835027694702148,7.3909759521484375e-06,9.5367431640625e-07,1648,0.00035281683109549867
542,0.87338460981845856,0.0016462659696117043,4.3116569519042969,2,49713,33,30,10,0.10631334781646729,4.0531158447265625e-06,7.152557373046875e-07,1620,0.00036253388792454358
543,0.87503087578807026,0.0016462659696117043,4.0868558883666992,2,54474,33,30,11,0.10599696636199951,5.245208740234375e-06,8.3446502685546875e-07,1753,0.0003773837723244717
544,0.87667714175768197,0.0016462659696117043,4.0951986312866211,2,35429,32,30,7,0.10831904411315918,8.2254409790039062e-06,9.5367431640625e-07,1754,0.00036669638492050689
545,0.87832340772729367,0.0016462659696117043,4.1875553131103516,2,40190,32,30,8,0.1041485071182251,4.8279762268066406e-06,7.152557373046875e-07,1704,0.00037570377353935607
546,0.87996967369690537,0.0016462659696117043,4.1958880424499512,2,40743,33,38,8,0.10301661491394043,4.4107437133789062e-06,7.152557373046875e-07,1737,0.00036163032986539356
547,0.88161593966651708,0.0016462659696117043,4.3094115257263184,2,45506,35,38,9,0.1094658374786377,6.9141387939453125e-06,9.5367431640625e-07,1657,0.00036303302041487332
548,0.88326220563612878,0.0016462659696117043,4.373481273651123,2,49713,33,30,10,0.10556721687316895,3.6954879760742188e-06,7.152557373046875e-07,1723,0.00039120844096618434
549,0.88490847160574049,0.0016462659696117043,4.2313857078552246,2,54474,33,30,11,0.10881495475769043,5.245208740234375e-06,8.3446502685546875e-07,1796,0.00038568789555140333
550,0.88655473757535219,0.0016462659696117043,4.0496397018432617,2,35981,32,38,7,0.10327935218811035,7.8082084655761719e-06,9.5367431640625e-07,1772,0.00037425379084659075
551,0.8882010035449639,0.0016462659696117043,4.1785731315612793,2,40190,32,30,8,0.1075516939163208,4.5299530029296875e-06,7.152557373046875e-07,1781,0.00039170091334836518
552,0.8898472695145756,0.0016462659696117043,4.1126551628112793,2,40743,33,38,8,0.10139310359954834,4.6491622924804688e-06,7.152557373046875e-07,1793,0.00036889750371344804
553,0.8914935354841873,0.0016462659696117043,4.447502613067627,2,45506,35,38,9,0.10870969295501709,6.4969062805175781e-06,9.5367431640625e-07,1703,0.0003771727059226013
554,0.89313980145379901,0.0016462659696117043,4.379878044128418,2,49713,33,30,10,0.10595095157623291,3.337860107421875e-06,7.152557373046875e-07,1826,0.00040232557912138901
555,0.89478606742341071,0.0016462659696117043,4.2990126609802246,2,54474,33,30,11,0.11147511005401611,5.4240226745605469e-06,8.3446502685546875e-07,1825,0.00039754899505941741
556,0.89643233339302242,0.0016462659696117043,4.008613109588623,2,35981,32,38,7,0.10450756549835205,7.3313713073730469e-06,9.5367431640625e-07,1807,0.00038999501441422586
557,0.89807859936263412,0.0016462659696117043,4.1429214477539062,2,40190,32,30,8,0.1077040433883667,4.291534423828125e-06,7.152557373046875e-07,1860,0.00039942601011720919
558,0.89972486533224583,0.0016462659696117043,4.0588569641113281,2,44951,32,30,9,0.10459685325622559,4.8875808715820312e-06,7.152557373046875e-07,1853,0.00038977065691898124
559,0.90137113130185753,0.0016462659696117043,4.4299378395080566,2,45506,35,38,9,0.10960984230041504,6.3180923461914062e-06,8.3446502685546875e-07,1751,0.00038333115212289283
560,0.90301739727146924,0.0016462659696117043,4.3998560905456543,2,50267,35,38,10,0.10782241821289062,3.2186508178710938e-06,5.9604644775390625e-07,1912,0.00040007769861908954
561,0.90466366324108094,0.0016462659696117043,4.2631950378417969,2,54474,33,30,11,0.10467660427093506,5.7220458984375e-06,8.3446502685546875e-07,1868,0.00040889388896046916
562,0.90630992921069264,0.0016462659696117043,4.0690083503723145,2,59235,33,30,12,0.10685145854949951,7.0333480834960938e-06,9.5367431640625e-07,1824,0.00040226177074297688
563,0.90795619518030435,0.0016462659696117043,4.1212372779846191,2,40190,32,30,8,0.10071611404418945,4.1723251342773438e-06,7.152557373046875e-07,1948,0.00040428956494693695
564,0.90960246114991605,0.0016462659696117043,4.1072945594787598,2,45506,35,38,9,0.10541224479675293,5.245208740234375e-06,7.152557373046875e-07,1900,0.00039541324305594094
565,0.91124872711952776,0.0016462659696117043,4.3312864303588867,2,45506,35,38,9,0.10723316669464111,6.198883056640625e-06,8.3446502685546875e-07,1854,0.00040934398735546215
566,0.91289499308913946,0.0016462659696117043,4.463465690612793,2,50267,35,38,10,0.10805308818817139,3.337860107421875e-06,5.9604644775390625e-07,1947,0.00040283549028909799
567,0.91454125905875117,0.0016462659696117043,4.2643189430236816,2,55028,35,38,11,0.105072021484375,5.9604644775390625e-06,8.3446502685546875e-07,1921,0.00042333318810995727
568,0.91618752502836287,0.0016462659696117043,4.0737576484680176,2,59166,33,29,12,0.10636341571807861,6.7949295043945312e-06,9.5367431640625e-07,1895,0.00042820324097391898
569,0.91783379099797457,0.0016462659696117043,4.1573095321655273,2,59787,33,38,12,0.099011659622192383,4.1127204895019531e-06,5.9604644775390625e-07,1957,0.00041121136597175711
570,0.91948005696758628,0.0016462659696117043,4.1621899604797363,2,45506,35,38,9,0.10344278812408447,5.4836273193359375e-06,8.3446502685546875e-07,1934,0.00040374166567171675
571,0.92112632293719798,0.0016462659696117043,4.2133913040161133,2,45504,33,38,9,0.10212242603302002,5.9604644775390625e-06,8.3446502685546875e-07,1948,0.00042700329759015647
572,0.92277258890680969,0.0016462659696117043,4.4604463577270508,2,50267,35,38,10,0.10953652858734131,3.814697265625e-06,5.9604644775390625e-07,2016,0.00041769083381473836
573,0.92441885487642139,0.0016462659696117043,4.3745331764221191,2,55028,35,38,11,0.10859715938568115,6.2584877014160156e-06,8.3446502685546875e-07,1991,0.00042686165090804156
574,0.9260651208460331,0.0016462659696117043,4.1514372825622559,2,59166,33,29,12,0.10533773899078369,6.67572021484375e-06,9.5367431640625e-07,1965,0.00044391801643722134
575,0.9277113868156448,0.0016462659696117043,4.2118363380432129,2,59787,33,38,12,0.10394155979156494,4.1723251342773438e-06,5.9604644775390625e-07,2036,0.00042211477032410341
576,0.92935765278525651,0.0016462659696117043,4.2399430274963379,2,64550,35,38,13,0.10962927341461182,5.6028366088867188e-06,8.3446502685546875e-07,1987,0.00041234282441721836
577,0.93100391875486821,0.0016462659696117043,4.0684099197387695,2,68757,33,30,14,0.10423648357391357,6.198883056640625e-06,8.3446502685546875e-07,2003,0.00043508558254371936
578,0.93265018472447991,0.0016462659696117043,4.3667807579040527,2,50267,35,38,10,0.10742759704589844,4.4107437133789062e-06,5.9604644775390625e-07,2082,0.00043987726433922632
579,0.93429645069409162,0.0016462659696117043,4.3728547096252441,2,55028,35,38,11,0.10744428634643555,6.4373016357421875e-06,8.3446502685546875e-07,2011,0.00042072320416295555
580,0.93594271666370332,0.0016462659696117043,4.3013553619384766,2,59167,34,29,12,0.10204041004180908,6.67572021484375e-06,9.5367431640625e-07,2058,0.00045000082299111811
581,0.93758898263331503,0.0016462659696117043,4.2326207160949707,2,59787,33,38,12,0.10459029674530029,4.291534423828125e-06,5.9604644775390625e-07,2138,0.00043949689728760408
582,0.93923524860292673,0.0016462659696117043,4.3147177696228027,2,64548,33,38,13,0.11120641231536865,5.7220458984375e-06,8.3446502685546875e-07,2013,0.00042564806356341786
583,0.94088151457253844,0.0016462659696117043,4.1899137496948242,2,68688,33,29,14,0.10382235050201416,5.9604644775390625e-06,8.3446502685546875e-07,2125,0.000445013412848694
584,0.94252778054215014,0.0016462659696117043,4.2090463638305664,2,50265,33,38,10,0.10324656963348389,5.0663948059082031e-06,5.9604644775390625e-07,2147,0.00046392551866838034
585,0.94417404651176184,0.0016462659696117043,4.3446426391601562,2,55028,35,38,11,0.10613691806793213,6.7353248596191406e-06,8.3446502685546875e-07,2051,0.00043142358451567231
586,0.94582031248137355,0.0016462659696117043,4.3608126640319824,2,59166,33,29,12,0.10498857498168945,6.4373016357421875e-06,8.3446502685546875e-07,2200,0.00045736192524275664
587,0.94746657845098525,0.0016462659696117043,4.1839747428894043,2,59787,33,38,12,0.10790228843688965,4.7087669372558594e-06,5.9604644775390625e-07,2181,0.00045416264174059592
588,0.94911284442059696,0.0016462659696117043,4.3303375244140625,2,64548,33,38,13,0.11369109153747559,5.8412551879882812e-06,8.3446502685546875e-07,2114,0.00045174558345098125
589,0.95075911039020866,0.0016462659696117043,4.2652521133422852,2,69309,33,38,14,0.10359597206115723,5.7816505432128906e-06,8.3446502685546875e-07,2242,0.00044956769772760741
590,0.95240537635982037,0.0016462659696117043,4.0775942802429199,2,69309,33,38,14,0.10576844215393066,5.6028366088867188e-06,7.152557373046875e-07,2169,0.00047760179792094494
591,0.95405164232943207,0.0016462659696117043,4.2617716789245605,2,55028,35,38,11,0.10475170612335205,6.9141387939453125e-06,8.3446502685546875e-07,2117,0.00046648996350567845
592,0.95569790829904377,0.0016462659696117043,4.3072571754455566,2,59166,33,29,12,0.1035618782043457,6.3776969909667969e-06,8.3446502685546875e-07,2336,0.00046716925053544371
593,0.95734417426865548,0.0016462659696117043,4.1873469352722168,2,63928,34,29,13,0.10529696941375732,5.1259994506835938e-06,5.9604644775390625e-07,2265,0.0004568795013669686
594,0.95899044023826718,0.0016462659696117043,4.2782297134399414,2,64548,33,38,13,0.11449360847473145,5.9604644775390625e-06,8.3446502685546875e-07,2226,0.00047323433040658252
595,0.96063670620787889,0.0016462659696117043,4.3184285163879395,2,69309,33,38,14,0.10753774642944336,5.7220458984375e-06,8.3446502685546875e-07,2362,0.00047347938544274251
596,0.96228297217749059,0.0016462659696117043,4.1355347633361816,2,73449,33,29,15,0.10237002372741699,6.3180923461914062e-06,7.152557373046875e-07,2198,0.0004794169066587769
597,0.9639292381471023,0.0016462659696117043,4.2025070190429688,2,55026,33,38,11,0.1039808988571167,7.3909759521484375e-06,8.3446502685546875e-07,2232,0.00049662275581904597
598,0.965575504116714,0.0016462659696117043,4.286747932434082,2,59235,33,30,12,0.10027575492858887,6.6161155700683594e-06,8.3446502685546875e-07,2449,0.00049670276020160535
599,0.96722177008632571,0.0016462659696117043,4.2536835670471191,2,63928,34,29,13,0.10182344913482666,5.7816505432128906e-06,7.152557373046875e-07,2271,0.00045980310700001231
600,0.96886803605593741,0.0016462659696117043,4.2334165573120117,2,64548,33,38,13,0.10731709003448486,6.3180923461914062e-06,8.3446502685546875e-07,2299,0.00049089610379644431
601,0.97051430202554911,0.0016462659696117043,4.2927827835083008,2,69309,33,38,14,0.10828232765197754,5.9604644775390625e-06,8.3446502685546875e-07,2441,0.00049211727520841631
602,0.97216056799516082,0.0016462659696117043,4.1886630058288574,2,73449,33,29,15,0.099960803985595703,7.0333480834960938e-06,7.152557373046875e-07,2261,0.00048468546374718133
603,0.97380683396477252,0.0016462659696117043,4.1681361198425293,2,55026,33,38,11,0.10328841209411621,7.9274177551269531e-06,8.3446502685546875e-07,2305,0.0004977245242894072
604,0.97545309993438423,0.0016462659696117043,4.2011747360229492,2,59235,33,30,12,0.10259592533111572,6.9141387939453125e-06,8.3446502685546875e-07,2528,0.00052846800637547126
605,0.97709936590399593,0.0016462659696117043,4.2629785537719727,2,63927,33,29,13,0.10448992252349854,6.8545341491699219e-06,7.152557373046875e-07,2349,0.0004830944259984455
606,0.97874563187360764,0.0016462659696117043,4.0706305503845215,2,64548,33,38,13,0.10309374332427979,6.7949295043945312e-06,8.3446502685546875e-07,2408,0.00050299643078140926
607,0.98039189784321934,0.0016462659696117043,4.243016242980957,2,69309,33,38,14,0.1112673282623291,6.4373016357421875e-06,8.3446502685546875e-07,2526,0.00049935467478302734
608,0.98203816381283104,0.0016462659696117043,4.2149486541748047,2,74070,33,38,15,0.10262548923492432,7.9870223999023438e-06,7.152557373046875e-07,2365,0.00051028944710975789
609,0.98368442978244275,0.0016462659696117043,4.0817461013793945,2,78212,35,29,16,0.10499882698059082,8.4638595581054688e-06,9.5367431640625e-07,2397,0.00050589959244686715
610,0.98533069575205445,0.0016462659696117043,4.1474127769470215,2,78210,33,29,16,0.10206270217895508,7.5101852416992188e-06,8.3446502685546875e-07,2568,0.00054536666879452772
611,0.98697696172166616,0.0016462659696117043,4.2438960075378418,2,82972,34,29,17,0.099627494812011719,7.8678131103515625e-06,7.152557373046875e-07,2449,0.00051780402310759111
612,0.98862322769127786,0.0016462659696117043,4.0234851837158203,2,68688,33,29,14,0.10061085224151611,7.3909759521484375e-06,8.3446502685546875e-07,2545,0.00052415432024244051
613,0.99026949366088957,0.0016462659696117043,4.284998893737793,2,50195,32,37,10,0.11098909378051758,6.9141387939453125e-06,8.3446502685546875e-07,2532,0.00050709332116637726
614,0.99191575963050127,0.0016462659696117043,4.1929221153259277,2,74070,33,38,15,0.10549843311309814,9.059906005859375e-06,8.3446502685546875e-07,2461,0.00053091077076794686
615,0.99356202560011297,0.0016462659696117043,4.0219650268554688,2,78210,33,29,16,0.10183703899383545,9.1195106506347656e-06,9.5367431640625e-07,2559,0.00052343445055147821
616,0.99520829156972468,0.0016462659696117043,4.0818262100219727,2,59786,32,38,12,0.10402929782867432,8.106231689453125e-06,9.5367431640625e-07,2638,0.00055408286309433711
617,0.99685455753933638,0.0016462659696117043,4.2961158752441406,2,82971,33,29,17,0.098174333572387695,9.1195106506347656e-06,7.152557373046875e-07,2552,0.00055300286951937895
618,0.99850082350894809,0.0016462659696117043,4.1041378974914551,2,87733,34,29,18,0.10280776023864746,8.4638595581054688e-06,8.3446502685546875e-07,2646,0.00054784403274957282
619,1.0001470894785598,0.0016462659696117043,4.2672238349914551,2,50195,32,37,10,0.10501646995544434,7.6889991760253906e-06,9.5367431640625e-07,2577,0.00051779296734511514
620,1.0017933554481715,0.0016462659696117043,4.3145380020141602,2,54956,32,37,11,0.10523760318756104,1.049041748046875e-05,8.3446502685546875e-07,2547,0.00054277614554098022
621,1.0034396214177832,0.0016462659696117043,4.0360231399536133,2,54956,32,37,11,0.10498297214508057,1.0132789611816406e-05,9.5367431640625e-07,2633,0.00054726070549496653
622,1.0050858873873949,0.0016462659696117043,4.0573506355285645,2,59786,32,38,12,0.10497581958770752,8.58306884765625e-06,9.5367431640625e-07,2638,0.00055936310868068121
623,1.0067321533570066,0.0016462659696117043,4.280850887298584,2,82971,33,29,17,0.10119819641113281,1.0609626770019531e-05,8.3446502685546875e-07,2668,0.00057486255495924174
624,1.0083784193266183,0.0016462659696117043,4.3255634307861328,2,87733,34,29,18,0.10216355323791504,9.6559524536132812e-06,9.5367431640625e-07,2737,0.00056830750975096355
625,1.01002468529623,0.0016462659696117043,4.1180639266967773,2,50195,32,37,10,0.10126221179962158,8.4638595581054688e-06,9.5367431640625e-07,2698,0.00054118169467364137
626,1.0116709512658417,0.0016462659696117043,4.4455552101135254,2,54956,32,37,11,0.1010059118270874,1.2159347534179688e-05,9.5367431640625e-07,2653,0.00055346021823182376
627,1.0133172172354534,0.0016462659696117043,4.1667542457580566,2,59647,31,36,12,0.10187649726867676,1.1444091796875e-05,9.5367431640625e-07,2730,0.00056407462662318912
628,1.0149634832050651,0.0016462659696117043,4.126767635345459,2,59717,32,37,12,0.10130548477172852,9.1195106506347656e-06,9.5367431640625e-07,2748,0.00058233288390208084
629,1.0166097491746768,0.0016462659696117043,4.2003865242004395,2,82971,33,29,17,0.10196661949157715,1.1980533599853516e-05,8.3446502685546875e-07,2726,0.00058357744594973585
630,1.0182560151442885,0.0016462659696117043,4.4170465469360352,2,87733,34,29,18,0.10281753540039062,1.1205673217773438e-05,9.5367431640625e-07,2798,0.00057412603672820511
631,1.0199022811139002,0.0016462659696117043,4.0551223754882812,2,54892,37,36,11,0.10235786437988281,9.4175338745117188e-06,9.5367431640625e-07,2784,0.00058075507235153575
632,1.0215485470835119,0.0016462659696117043,4.4783062934875488,2,54956,32,37,11,0.10588657855987549,1.3589859008789062e-05,9.5367431640625e-07,2788,0.00056955865771090805
633,1.0231948130531237,0.0016462659696117043,4.3727946281433105,2,59647,31,36,12,0.102874755859375,1.3053417205810547e-05,9.5367431640625e-07,2808,0.00057664920010990146
634,1.0248410790227354,0.0016462659696117043,4.1622796058654785,2,59717,32,37,12,0.099825739860534668,9.7751617431640625e-06,9.5367431640625e-07,2862,0.00060168439589551896
635,1.0264873449923471,0.0016462659696117043,4.178520679473877,2,64547,32,38,13,0.10370182991027832,1.33514404296875e-05,9.5367431640625e-07,2836,0.00060409678104497407
636,1.0281336109619588,0.0016462659696117043,4.4193415641784668,2,87733,34,29,18,0.10188102722167969,1.3113021850585938e-05,9.5367431640625e-07,2887,0.00058136984947408405
637,1.0297798769315705,0.0016462659696117043,4.1823229789733887,2,92494,34,29,19,0.10190701484680176,1.0848045349121094e-05,9.5367431640625e-07,2846,0.00060188482937355227
638,1.0314261429011822,0.0016462659696117043,4.2940940856933594,2,54956,32,37,11,0.10193109512329102,1.5139579772949219e-05,9.5367431640625e-07,2865,0.000578969932968308
639,1.0330724088707939,0.0016462659696117043,4.3986911773681641,2,59303,32,31,12,0.10106122493743896,1.4901161193847656e-05,1.0728836059570312e-06,2908,0.000585706751531329
640,1.0347186748404056,0.0016462659696117043,4.2145037651062012,2,64408,31,36,13,0.10063481330871582,1.0848045349121094e-05,9.5367431640625e-07,2905,0.00061450936753387048
641,1.0363649408100173,0.0016462659696117043,4.137732982635498,2,64478,32,37,13,0.10195028781890869,1.4662742614746094e-05,9.5367431640625e-07,2939,0.00062613396397552979
642,1.038011206779629,0.0016462659696117043,4.3323736190795898,2,87733,34,29,18,0.10335946083068848,1.5020370483398438e-05,9.5367431640625e-07,2934,0.00058979998385028651
643,1.0396574727492407,0.0016462659696117043,4.3075175285339355,2,92494,34,29,19,0.10066354274749756,1.2695789337158203e-05,9.5367431640625e-07,2904,0.00062455586270075724
644,1.0413037387188524,0.0016462659696117043,4.0878572463989258,2,54956,32,37,11,0.10270369052886963,1.6689300537109375e-05,1.0132789611816406e-06,3028,0.00061269006760322439
645,1.0429500046884641,0.0016462659696117043,4.4533205032348633,2,59717,32,37,12,0.10162615776062012,1.6868114471435547e-05,1.0728836059570312e-06,2950,0.00059674718136748918
646,1.0445962706580758,0.0016462659696117043,4.3931069374084473,2,64408,31,36,13,0.099098324775695801,1.2636184692382812e-05,9.5367431640625e-07,2984,0.00063043261553364489
647,1.0462425366276875,0.0016462659696117043,4.1216015815734863,2,64478,32,37,13,0.10464334487915039,1.5974044799804688e-05,9.5367431640625e-07,3065,0.00065016451291211497
648,1.0478888025972992,0.0016462659696117043,4.1882905960083008,2,87732,33,29,18,0.10090863704681396,1.6987323760986328e-05,1.0728836059570312e-06,3029,0.00060500534467554639
649,1.0495350685669109,0.0016462659696117043,4.3706130981445312,2,92494,34,29,19,0.10276651382446289,1.4901161193847656e-05,9.5367431640625e-07,2979,0.00064025723786536215
650,1.0511813345365226,0.0016462659696117043,4.1369762420654297,2,59647,31,36,12,0.10137045383453369,1.8715858459472656e-05,1.0728836059570312e-06,3124,0.00063208894497257398
651,1.0528276005061343,0.0016462659696117043,4.3499550819396973,2,59717,32,37,12,0.10461580753326416,1.9252300262451172e-05,1.1920928955078125e-06,3018,0.00061755297398566615
652,1.054473866475746,0.0016462659696117043,4.3128280639648438,2,64408,31,36,13,0.10288357734680176,1.4722347259521484e-05,9.5367431640625e-07,3110,0.00062591263949263089
653,1.0561201324453577,0.0016462659696117043,4.0668988227844238,2,69169,31,36,14,0.10626530647277832,1.7404556274414062e-05,9.5367431640625e-07,3207,0.00067746192259820353
654,1.0577663984149694,0.0016462659696117043,4.1523723602294922,2,69308,32,38,14,0.1032332181930542,1.9252300262451172e-05,1.1324882507324219e-06,3147,0.00063030816313143295
655,1.0594126643845811,0.0016462659696117043,4.2903790473937988,2,92494,34,29,19,0.10190117359161377,1.71661376953125e-05,9.5367431640625e-07,3109,0.00064944349935778275
656,1.0610589303541929,0.0016462659696117043,4.1514182090759277,2,97254,33,29,20,0.10253214836120605,2.0623207092285156e-05,1.0728836059570312e-06,3248,0.000653521093988833
657,1.0627051963238046,0.0016462659696117043,4.1497211456298828,2,59717,32,37,12,0.10213887691497803,2.193450927734375e-05,1.2516975402832031e-06,3177,0.00065072184479544697
658,1.0643514622934163,0.0016462659696117043,4.3535199165344238,2,64064,32,31,13,0.10385823249816895,1.71661376953125e-05,9.5367431640625e-07,3216,0.00064677042147458393
659,1.065997728263028,0.0016462659696117043,4.2570505142211914,2,69169,31,36,14,0.10213208198547363,1.9371509552001953e-05,1.0132789611816406e-06,3340,0.00071564389710412988
660,1.0676439942326397,0.0016462659696117043,4.0512866973876953,2,69308,32,38,14,0.10551106929779053,2.1457672119140625e-05,1.1920928955078125e-06,3258,0.00066564078052167963
661,1.0692902602022514,0.0016462659696117043,4.1078205108642578,2,92494,34,29,19,0.10218417644500732,1.9669532775878906e-05,9.5367431640625e-07,3231,0.00066740751482744583
662,1.0709365261718631,0.0016462659696117043,4.167870044708252,2,97254,33,29,20,0.10169100761413574,2.3126602172851562e-05,1.0728836059570312e-06,3348,0.00067267060908436833
663,1.0725827921414748,0.0016462659696117043,4.1239399909973145,2,64132,31,32,13,0.10269773006439209,2.4676322937011719e-05,1.430511474609375e-06,3310,0.00067843549636146595
664,1.0742290581110865,0.0016462659696117043,4.3203902244567871,2,64478,32,37,13,0.10183024406433105,1.9073486328125e-05,9.5367431640625e-07,3314,0.00066232003348064273
665,1.0758753240806982,0.0016462659696117043,4.1937642097473145,2,69169,31,36,14,0.10998868942260742,2.1338462829589844e-05,1.0728836059570312e-06,3352,0.00072928842489484286
666,1.0775215900503099,0.0016462659696117043,3.9457528591156006,2,69239,32,37,14,0.099999427795410156,2.3603439331054688e-05,1.2516975402832031e-06,3364,0.00068950820103598921
667,1.0791678560199216,0.0016462659696117043,3.9795205593109131,2,73586,32,31,15,0.10147774219512939,2.1696090698242188e-05,9.5367431640625e-07,3355,0.0006947376384321038
668,1.0808141219895333,0.0016462659696117043,4.0930886268615723,2,59721,36,37,12,0.10016942024230957,2.5689601898193359e-05,1.1324882507324219e-06,3400,0.00066970774975299338
669,1.082460387959145,0.0016462659696117043,4.1742973327636719,2,64408,31,36,13,0.10068464279174805,2.7358531951904297e-05,1.4901161193847656e-06,3411,0.0006987274871163451
670,1.0841066539287567,0.0016462659696117043,4.2314682006835938,2,64478,32,37,13,0.10301315784454346,2.1755695343017578e-05,1.0728836059570312e-06,3485,0.0006840838324484776
671,1.0857529198983684,0.0016462659696117043,4.1591091156005859,2,69243,36,37,14,0.09989774227142334,2.3305416107177734e-05,1.0728836059570312e-06,3392,0.00073751019121196253
672,1.0873991858679801,0.0016462659696117043,4.0917825698852539,2,73930,31,36,15,0.097828865051269531,2.5629997253417969e-05,1.430511474609375e-06,3454,0.00071912600380523786
673,1.0890454518375918,0.0016462659696117043,4.0223240852355957,2,73586,32,31,15,0.1020122766494751,2.3722648620605469e-05,9.5367431640625e-07,3480,0.00072400570220517162
674,1.0906917178072035,0.0016462659696117043,4.111485481262207,2,59717,32,37,12,0.099404811859130859,2.7775764465332031e-05,1.1324882507324219e-06,3475,0.00068622908408438757
675,1.0923379837768152,0.0016462659696117043,4.0402417182922363,2,64408,31,36,13,0.097468972206115723,2.9921531677246094e-05,1.4901161193847656e-06,3523,0.00071930208318936827
676,1.0939842497464269,0.0016462659696117043,4.1232995986938477,2,64137,36,32,13,0.10523152351379395,2.4676322937011719e-05,1.0728836059570312e-06,3552,0.00069778181858290921
677,1.0956305157160386,0.0016462659696117043,4.2301154136657715,2,68825,32,31,14,0.10369217395782471,2.5689601898193359e-05,1.0132789611816406e-06,3429,0.0007470179427081831
678,1.0972767816856503,0.0016462659696117043,4.043968677520752,2,73930,31,36,15,0.09721529483795166,2.765655517578125e-05,1.430511474609375e-06,3538,0.00074670997410266661
679,1.0989230476552621,0.0016462659696117043,3.9285545349121094,2,73586,32,31,15,0.10281288623809814,2.6106834411621094e-05,1.0728836059570312e-06,3609,0.00073887265997903606
680,1.1005693136248738,0.0016462659696117043,4.1209630966186523,2,59652,36,36,12,0.10002493858337402,3.0517578125e-05,1.0728836059570312e-06,3520,0.00071103088708056306
681,1.1022155795944855,0.0016462659696117043,3.9976894855499268,2,64413,36,36,13,0.10010373592376709,3.2663345336914062e-05,1.5497207641601562e-06,3560,0.00073314579963058108
682,1.1038618455640972,0.0016462659696117043,4.1513690948486328,2,69169,31,36,14,0.1039583683013916,2.765655517578125e-05,1.1324882507324219e-06,3619,0.00070206233063590336
683,1.1055081115337089,0.0016462659696117043,4.2101302146911621,2,69239,32,37,14,0.1005401611328125,2.8550624847412109e-05,1.0132789611816406e-06,3549,0.00076200874225846606
684,1.1071543775033206,0.0016462659696117043,4.1139135360717773,2,74004,36,37,15,0.12008416652679443,2.9861927032470703e-05,1.430511474609375e-06,3692,0.00076618999407927508
685,1.1088006434729323,0.0016462659696117043,3.9476253986358643,2,78691,31,36,16,0.096613764762878418,2.8192996978759766e-05,1.0728836059570312e-06,3733,0.00076574548788395618
686,1.110446909442544,0.0016462659696117043,4.1710638999938965,2,59652,36,36,12,0.097513079643249512,3.3020973205566406e-05,1.0728836059570312e-06,3593,0.00073745094243552313
687,1.1120931754121557,0.0016462659696117043,4.0917549133300781,2,64413,36,36,13,0.099982619285583496,3.4809112548828125e-05,1.5497207641601562e-06,3687,0.00075311535025662584
688,1.1137394413817674,0.0016462659696117043,3.9897854328155518,2,64413,36,36,13,0.10961067676544189,3.147125244140625e-05,1.1920928955078125e-06,3715,0.00071657794312188347
689,1.1153857073513791,0.0016462659696117043,4.1432414054870605,2,69239,32,37,14,0.10082435607910156,3.2544136047363281e-05,1.0132789611816406e-06,3621,0.00078319386890012368
690,1.1170319733209908,0.0016462659696117043,4.166783332824707,2,73586,32,31,15,0.11520206928253174,3.2484531402587891e-05,1.430511474609375e-06,3798,0.00077602236109926867
691,1.1186782392906025,0.0016462659696117043,3.9552493095397949,2,78691,31,36,16,0.11414682865142822,3.1173229217529297e-05,1.0728836059570312e-06,3848,0.00078283644876390068
692,1.1203245052602142,0.0016462659696117043,4.0661773681640625,2,59652,36,36,12,0.10281836986541748,3.5762786865234375e-05,1.0728836059570312e-06,3710,0.00077168305563847734
693,1.1219707712298259,0.0016462659696117043,4.210141658782959,2,64413,36,36,13,0.10333359241485596,3.7670135498046875e-05,1.5497207641601562e-06,3842,0.00077431482516426549
694,1.1236170371994376,0.0016462659696117043,3.9920315742492676,2,69174,36,36,14,0.10075950622558594,3.5941600799560547e-05,1.1920928955078125e-06,3803,0.00073329039489770031
695,1.1252633031690493,0.0016462659696117043,4.0868244171142578,2,69174,36,36,14,0.11178350448608398,3.8027763366699219e-05,1.0132789611816406e-06,3764,0.00079324177431903497
696,1.126909569138661,0.0016462659696117043,4.2339377403259277,2,73586,32,31,15,0.1251833438873291,3.5703182220458984e-05,1.430511474609375e-06,3947,0.00079189946893442633
697,1.1285558351082727,0.0016462659696117043,4.0276980400085449,2,78765,36,37,16,0.10268867015838623,3.5643577575683594e-05,1.0728836059570312e-06,3932,0.00079385866906164944
698,1.1302021010778844,0.0016462659696117043,3.9077622890472412,2,69106,37,35,14,0.096230745315551758,4.00543212890625e-05,1.1324882507324219e-06,3813,0.00078675921430616791
699,1.1318483670474961,0.0016462659696117043,4.2609820365905762,2,64413,36,36,13,0.098587512969970703,4.0471553802490234e-05,1.6093254089355469e-06,3985,0.00080360337652136472
700,1.1334946330171078,0.0016462659696117043,4.0872893333435059,2,69174,36,36,14,0.10172724723815918,4.0769577026367188e-05,1.1920928955078125e-06,3966,0.00075604037195956507
701,1.1351408989867195,0.0016462659696117043,3.9802875518798828,2,69174,36,36,14,0.10336291790008545,4.4584274291992188e-05,1.0728836059570312e-06,3882,0.00079677940745730255
702,1.1367871649563313,0.0016462659696117043,4.2141852378845215,2,73935,36,36,15,0.1022871732711792,4.0531158447265625e-05,1.4901161193847656e-06,4056,0.00081305897470198988
703,1.138433430925943,0.0016462659696117043,4.1201796531677246,2,78765,36,37,16,0.10068023204803467,4.0888786315917969e-05,1.0728836059570312e-06,4056,0.00081537202495084637
704,1.1400796968955547,0.0016462659696117043,4.083216667175293,2,64413,36,36,13,0.097173810005187988,4.5120716094970703e-05,1.1920928955078125e-06,3946,0.00081790947195108912
705,1.1417259628651664,0.0016462659696117043,4.1014847755432129,2,64409,32,36,13,0.10876786708831787,4.4286251068115234e-05,1.6093254089355469e-06,4062,0.00083495690788657981
706,1.1433722288347781,0.0016462659696117043,4.2274527549743652,2,69174,36,36,14,0.10533881187438965,4.7087669372558594e-05,1.1920928955078125e-06,4085,0.00080362848257271228
707,1.1450184948043898,0.0016462659696117043,3.9850850105285645,2,73935,36,36,15,0.10482501983642578,5.1140785217285156e-05,1.0728836059570312e-06,3988,0.0008157669197437884
708,1.1466647607740015,0.0016462659696117043,4.1840357780456543,2,73935,36,36,15,0.14470696449279785,4.8041343688964844e-05,1.5497207641601562e-06,4182,0.00082946234017344366
709,1.1483110267436132,0.0016462659696117043,4.2035589218139648,2,69037,37,34,14,0.10921812057495117,4.8518180847167969e-05,1.0728836059570312e-06,4183,0.00084236714436836915
710,1.1499572927132249,0.0016462659696117043,4.2046375274658203,2,64413,36,36,13,0.10142266750335693,5.1558017730712891e-05,1.1920928955078125e-06,4082,0.00084775976977420424
711,1.1516035586828366,0.0016462659696117043,4.0555558204650879,2,69174,36,36,14,0.11614727973937988,4.8875808715820312e-05,1.6689300537109375e-06,4218,0.00085425243165703846
712,1.1532498246524483,0.0016462659696117043,4.2489900588989258,2,69174,36,36,14,0.10105979442596436,5.3644180297851562e-05,1.1920928955078125e-06,4153,0.00085166672926211657
713,1.15489609062206,0.0016462659696117043,4.1708459854125977,2,73935,36,36,15,0.11662328243255615,5.8233737945556641e-05,1.1920928955078125e-06,4112,0.00084348244373632221
714,1.1565423565916717,0.0016462659696117043,4.0628561973571777,2,73935,36,36,15,0.1175997257232666,5.8293342590332031e-05,1.6093254089355469e-06,4296,0.00085148659412095679
715,1.1581886225612834,0.0016462659696117043,4.353510856628418,2,78696,36,36,16,0.10855591297149658,5.9008598327636719e-05,1.0728836059570312e-06,4251,0.00086857642751662207
716,1.1598348885308951,0.0016462659696117043,4.298518180847168,2,64413,36,36,13,0.10331964492797852,6.0439109802246094e-05,1.3709068298339844e-06,4198,0.00087422849659320808
717,1.1614811545005068,0.0016462659696117043,4.2407736778259277,2,69174,36,36,14,0.10413622856140137,5.6862831115722656e-05,1.7881393432617188e-06,4380,0.00085723733157482972
718,1.1631274204701185,0.0016462659696117043,4.0892467498779297,2,68894,32,32,14,0.10401546955108643,6.3538551330566406e-05,1.1920928955078125e-06,4183,0.0008741028348779287
719,1.1647736864397302,0.0016462659696117043,4.2673397064208984,2,73935,36,36,15,0.10677695274353027,6.6399574279785156e-05,1.1920928955078125e-06,4305,0.00088064462882315618
720,1.1664199524093419,0.0016462659696117043,4.1228547096252441,2,59652,36,36,12,0.13291466236114502,6.8187713623046875e-05,1.6689300537109375e-06,4490,0.0008815203830808728
721,1.1680662183789536,0.0016462659696117043,4.2758564949035645,2,78696,36,36,16,0.10885775089263916,7.1883201599121094e-05,1.1324882507324219e-06,4334,0.00087073833799605619
722,1.1697124843485653,0.0016462659696117043,4.4124951362609863,2,64409,32,36,13,0.09978485107421875,7.1287155151367188e-05,1.430511474609375e-06,4367,0.00092172436677518299
723,1.171358750318177,0.0016462659696117043,4.4067802429199219,2,69174,36,36,14,0.10336697101593018,6.8783760070800781e-05,2.0265579223632812e-06,4588,0.00089195754220129685
724,1.1730050162877887,0.0016462659696117043,4.1465969085693359,2,73935,36,36,15,0.10630035400390625,7.534027099609375e-05,1.2516975402832031e-06,4271,0.00089432395018972718
725,1.1746512822574005,0.0016462659696117043,4.1786746978759766,2,73935,36,36,15,0.1047368049621582,7.6353549957275391e-05,1.2516975402832031e-06,4483,0.00091431965371919913
726,1.1762975482270122,0.0016462659696117043,4.2051358222961426,2,78696,36,36,16,0.10780847072601318,8.1300735473632812e-05,1.7881393432617188e-06,4552,0.00092692921637399733
727,1.1779438141966239,0.0016462659696117043,4.2920670509338379,2,64413,36,36,13,0.10466241836547852,8.6426734924316406e-05,1.1920928955078125e-06,4451,0.000887475906398512
728,1.1795900801662356,0.0016462659696117043,4.4175643920898438,2,83457,36,36,17,0.10581123828887939,8.4638595581054688e-05,1.4901161193847656e-06,4608,0.00096664328944360189
729,1.1812363461358473,0.0016462659696117043,4.4831409454345703,2,69174,36,36,14,0.10768425464630127,8.3088874816894531e-05,2.0265579223632812e-06,4661,0.00093041098964856492
730,1.182882612105459,0.0016462659696117043,4.3726558685302734,2,73935,36,36,15,0.10514235496520996,8.9049339294433594e-05,1.3709068298339844e-06,4398,0.00091183044694284664
731,1.1845288780750707,0.0016462659696117043,4.1438584327697754,2,59376,36,32,12,0.10612928867340088,8.9406967163085938e-05,1.430511474609375e-06,4697,0.00093885242098916671
732,1.1861751440446824,0.0016462659696117043,4.2876143455505371,2,78696,36,36,16,0.10672831535339355,9.3758106231689453e-05,2.0265579223632812e-06,4642,0.00096773125502832636
733,1.1878214100142941,0.0016462659696117043,4.4168148040771484,2,64413,36,36,13,0.10146784782409668,0.00010442733764648438,1.1920928955078125e-06,4660,0.00091927377035616869
734,1.1894676759839058,0.0016462659696117043,4.4946680068969727,2,69174,36,36,14,0.10730743408203125,0.00010114908218383789,1.5497207641601562e-06,4756,0.00098722981767019268
735,1.1911139419535175,0.0016462659696117043,4.6096868515014648,2,69170,32,36,14,0.10332679748535156,0.00010049343109130859,2.1457672119140625e-06,4739,0.0009538119767183472
736,1.1927602079231292,0.0016462659696117043,4.506558895111084,2,73935,36,36,15,0.10617876052856445,0.00010824203491210938,1.430511474609375e-06,4594,0.00097048321958201106
737,1.1944064738927409,0.0016462659696117043,4.2871389389038086,2,78420,36,32,16,0.10759305953979492,0.00010442733764648438,1.430511474609375e-06,4834,0.0009568348350339523
738,1.1960527398623526,0.0016462659696117043,4.2764296531677246,2,78764,35,37,16,0.10683417320251465,0.00011134147644042969,2.0265579223632812e-06,4744,0.0010093644203397506
739,1.1976990058319643,0.0016462659696117043,4.4128279685974121,2,64409,32,36,13,0.10535609722137451,0.00012683868408203125,1.2516975402832031e-06,4846,0.00096510683743027104
740,1.199345271801576,0.0016462659696117043,4.633232593536377,2,69174,36,36,14,0.10615265369415283,0.00012391805648803711,1.5497207641601562e-06,4911,0.0010074506799892145
741,1.2009915377711877,0.0016462659696117043,4.5330905914306641,2,73935,36,36,15,0.10556149482727051,0.00012362003326416016,2.2649765014648438e-06,4850,0.0009800205622246521
742,1.2026378037407994,0.0016462659696117043,4.5700154304504395,2,73935,36,36,15,0.10604727268218994,0.00013190507888793945,1.4901161193847656e-06,4752,0.0010083153802734079
743,1.2042840697104111,0.0016462659696117043,4.4850659370422363,2,78420,36,32,16,0.1101754903793335,0.00012612342834472656,1.430511474609375e-06,4932,0.00096436672874270889
744,1.2059303356800228,0.0016462659696117043,4.3778142929077148,2,64137,36,32,13,0.10708272457122803,0.00013047456741333008,2.1457672119140625e-06,4851,0.0010453963591058742
745,1.2075766016496345,0.0016462659696117043,4.4723834991455078,2,83457,36,36,17,0.10680913925170898,0.00014770030975341797,1.430511474609375e-06,5001,0.001002520249837331
746,1.2092228676192462,0.0016462659696117043,4.7732458114624023,2,69174,36,36,14,0.10775208473205566,0.00015103816986083984,1.5497207641601562e-06,4967,0.0010242603107085576
747,1.2108691335888579,0.0016462659696117043,4.7140216827392578,2,73935,36,36,15,0.10978484153747559,0.00015056133270263672,2.3245811462402344e-06,4994,0.0010032275954427591
748,1.2125153995584697,0.0016462659696117043,4.6803231239318848,2,73931,32,36,15,0.10595643520355225,0.00016105175018310547,1.6093254089355469e-06,4939,0.0010550070931716114
749,1.2141616655280814,0.0016462659696117043,4.6415390968322754,2,78420,36,32,16,0.11060535907745361,0.00015771389007568359,1.430511474609375e-06,5014,0.00099163574967417738
750,1.2158079314976931,0.0016462659696117043,4.5117092132568359,2,64413,36,36,13,0.11397159099578857,0.00015759468078613281,2.1457672119140625e-06,4993,0.0010623754857862515
751,1.2174541974673048,0.0016462659696117043,4.5486631393432617,2,83525,35,37,17,0.11297833919525146,0.00017601251602172852,1.4901161193847656e-06,5134,0.0010476495387618941
752,1.2191004634369165,0.0016462659696117043,4.7501678466796875,2,69170,32,36,14,0.10812008380889893,0.00018513202667236328,1.5497207641601562e-06,5060,0.0010534126337647075
753,1.2207467294065282,0.0016462659696117043,4.9249100685119629,2,73659,36,32,15,0.1081242561340332,0.00018239021301269531,2.5033950805664062e-06,5100,0.0010320115014319448
754,1.2223929953761399,0.0016462659696117043,4.7177033424377441,2,78420,36,32,16,0.10940563678741455,0.00019311904907226562,1.6689300537109375e-06,5070,0.001078146543954688
755,1.2240392613457516,0.0016462659696117043,4.7353715896606445,2,78416,32,32,16,0.11042797565460205,0.00019466876983642578,1.3709068298339844e-06,5106,0.0010456236885560254
756,1.2256855273153633,0.0016462659696117043,4.6407537460327148,2,83181,36,32,17,0.11162769794464111,0.00019204616546630859,2.2649765014648438e-06,5134,0.0010776662540159859
757,1.227331793284975,0.0016462659696117043,4.633573055267334,2,68898,36,32,14,0.11203372478485107,0.0002117156982421875,1.5497207641601562e-06,5251,0.0010842891853465072
758,1.2289780592545867,0.0016462659696117043,4.6719183921813965,2,69170,32,36,14,0.10791623592376709,0.00022745132446289062,1.4901161193847656e-06,5196,0.0010978731921614047
759,1.2306243252241984,0.0016462659696117043,4.9965496063232422,2,73935,36,36,15,0.10956025123596191,0.00022721290588378906,2.5033950805664062e-06,5238,0.0010538932818679677
760,1.2322705911938101,0.0016462659696117043,4.9106807708740234,2,78420,36,32,16,0.11245870590209961,0.00023782253265380859,1.7881393432617188e-06,5237,0.0010777559635958929
761,1.2339168571634218,0.0016462659696117043,4.8610477447509766,2,78419,35,32,16,0.1117175817489624,0.00024181604385375977,1.2516975402832031e-06,5261,0.0010934953345955948
762,1.2355631231330335,0.0016462659696117043,4.7791171073913574,2,83181,36,32,17,0.11371088027954102,0.00024169683456420898,2.1457672119140625e-06,5262,0.0010888821752645492
763,1.2372093891026452,0.0016462659696117043,4.7653698921203613,2,69174,36,36,14,0.11007344722747803,0.00025713443756103516,1.6093254089355469e-06,5335,0.0010869618583581361
764,1.2388556550722569,0.0016462659696117043,4.7116193771362305,2,88286,35,37,18,0.11289989948272705,0.00027406215667724609,1.430511474609375e-06,5334,0.0011344748869170198
765,1.2405019210418686,0.0016462659696117043,5.0088529586791992,2,73931,32,36,15,0.11202442646026611,0.00028252601623535156,2.4437904357910156e-06,5369,0.0010906865770997367
766,1.2421481870114803,0.0016462659696117043,5.1374001502990723,2,78420,36,32,16,0.1109311580657959,0.00028645992279052734,1.9073486328125e-06,5380,0.0011023378059408599
767,1.243794452981092,0.0016462659696117043,4.9248433113098145,2,78417,33,32,16,0.11063861846923828,0.00030100345611572266,1.1920928955078125e-06,5364,0.0011246691243778435
768,1.2454407189507037,0.0016462659696117043,4.8318605422973633,2,83453,32,36,17,0.11701691150665283,0.00028967857360839844,2.1457672119140625e-06,5335,0.0011346096009328284
769,1.2470869849203154,0.0016462659696117043,4.8744959831237793,2,87942,36,32,18,0.11602747440338135,0.00031507015228271484,1.6689300537109375e-06,5481,0.0011175836270238661
770,1.2487332508899271,0.0016462659696117043,4.8530259132385254,2,73659,36,32,15,0.11444544792175293,0.00033229589462280273,1.3709068298339844e-06,5500,0.0011588554973001272
771,1.2503795168595389,0.0016462659696117043,5.0823612213134766,2,73932,33,36,15,0.11163389682769775,0.00035041570663452148,2.3245811462402344e-06,5435,0.0011228109636390463
772,1.2520257828291506,0.0016462659696117043,5.1494216918945312,2,78696,36,36,16,0.11520588397979736,0.00034439563751220703,1.9073486328125e-06,5555,0.0011292284156679312
773,1.2536720487987623,0.0016462659696117043,5.0664706230163574,2,64413,36,36,13,0.11374711990356445,0.00037008523941040039,1.1324882507324219e-06,5593,0.0011607220416068715
774,1.255318314768374,0.0016462659696117043,5.1070013046264648,2,83180,35,32,17,0.11374711990356445,0.00036299228668212891,2.0265579223632812e-06,5436,0.0011487732072161603
775,1.2569645807379857,0.0016462659696117043,5.033724308013916,2,87942,36,32,18,0.1176685094833374,0.00038260221481323242,1.6689300537109375e-06,5630,0.0011522298534243712
776,1.2586108467075974,0.0016462659696117043,4.9880166053771973,2,73935,36,36,15,0.11358535289764404,0.00040745735168457031,1.1920928955078125e-06,5636,0.0011923606898325884
777,1.2602571126772091,0.0016462659696117043,4.9601635932922363,2,73932,33,36,15,0.11468875408172607,0.00043302774429321289,2.2649765014648438e-06,5555,0.0011443129552411958
778,1.2619033786468208,0.0016462659696117043,5.2388315200805664,2,78695,35,36,16,0.11621642112731934,0.00042629241943359375,2.0265579223632812e-06,5721,0.0011652816361380617
779,1.2635496446164325,0.0016462659696117043,5.303626537322998,2,83181,36,32,17,0.11584687232971191,0.0004399418830871582,1.0728836059570312e-06,5686,0.0012052532557612634
780,1.2651959105860442,0.0016462659696117043,5.1345911026000977,2,83178,33,32,17,0.11562585830688477,0.00044941902160644531,2.0265579223632812e-06,5602,0.0011882260266863108
781,1.2668421765556559,0.0016462659696117043,5.0465941429138184,2,88218,36,36,18,0.12115979194641113,0.00046002864837646484,1.6689300537109375e-06,5766,0.0011825399061841527
782,1.2684884425252676,0.0016462659696117043,5.0917067527770996,2,73934,35,36,15,0.12322759628295898,0.00049299001693725586,1.1920928955078125e-06,5818,0.0012288036877490275
783,1.2701347084948793,0.0016462659696117043,5.0740885734558105,2,78696,36,36,16,0.1217416524887085,0.00051426887512207031,2.1457672119140625e-06,5682,0.0011917314355451667
784,1.271780974464491,0.0016462659696117043,5.4182343482971191,2,78693,33,36,16,0.11729764938354492,0.00052791833877563477,2.0265579223632812e-06,5848,0.0012013334967593478
785,1.2734272404341027,0.0016462659696117043,5.3421893119812012,2,83453,32,36,17,0.12200593948364258,0.00054097175598144531,1.0728836059570312e-06,5881,0.0012431540417589899
786,1.2750735064037144,0.0016462659696117043,5.1353473663330078,2,87942,36,32,18,0.12066447734832764,0.00053232908248901367,1.9073486328125e-06,5746,0.001222800714579647
787,1.2767197723733261,0.0016462659696117043,5.3023476600646973,2,87941,35,32,18,0.12100934982299805,0.00056672096252441406,1.6689300537109375e-06,5853,0.0012168771033007316
788,1.2783660383429378,0.0016462659696117043,5.2828836441040039,2,73934,35,36,15,0.12376260757446289,0.00059592723846435547,1.1920928955078125e-06,5942,0.0012620062353481724
789,1.2800123043125495,0.0016462659696117043,5.2362403869628906,2,78692,32,36,16,0.12357258796691895,0.00061511993408203125,2.0861625671386719e-06,5853,0.0012353101947809972
790,1.2816585702821612,0.0016462659696117043,5.3254127502441406,2,78693,33,36,16,0.11983609199523926,0.00063240528106689453,2.0265579223632812e-06,6009,0.0012320926397129273
791,1.2833048362517729,0.0016462659696117043,5.4561567306518555,2,83180,35,32,17,0.1292574405670166,0.00065201520919799805,1.0728836059570312e-06,6026,0.0012548224133707168
792,1.2849511022213846,0.0016462659696117043,5.3408565521240234,2,87942,36,32,18,0.12347233295440674,0.0006561279296875,1.7881393432617188e-06,5976,0.0012786090270540912
793,1.2865973681909963,0.0016462659696117043,5.3950309753417969,2,87939,33,32,18,0.12689507007598877,0.00068438053131103516,1.6689300537109375e-06,5978,0.0012542779510378401
794,1.2882436341606081,0.0016462659696117043,5.3838238716125488,2,73934,35,36,15,0.1261591911315918,0.00070917606353759766,1.1920928955078125e-06,6072,0.001277150117094003
795,1.2898899001302198,0.0016462659696117043,5.2906956672668457,2,78416,32,32,16,0.13108158111572266,0.00074905157089233398,2.0265579223632812e-06,6020,0.0012985035267773465
796,1.2915361660998315,0.0016462659696117043,5.1587638854980469,2,83250,36,33,17,0.12527751922607422,0.00077402591705322266,1.9073486328125e-06,6174,0.0012846728392360415
797,1.2931824320694432,0.0016462659696117043,5.5866575241088867,2,83454,33,36,17,0.13230705261230469,0.00078231096267700195,1.0728836059570312e-06,6162,0.0012780322735416894
798,1.2948286980390549,0.0016462659696117043,5.5155439376831055,2,87942,36,32,18,0.13041508197784424,0.00080841779708862305,1.6689300537109375e-06,6166,0.0013115839283425049
799,1.2964749640086666,0.0016462659696117043,5.4228835105895996,2,87939,33,32,18,0.12702763080596924,0.00083971023559570312,1.6093254089355469e-06,6125,0.0013051440157251962
800,1.2981212299782783,0.0016462659696117043,5.5437774658203125,2,92702,35,32,19,0.1291123628616333,0.00086164474487304688,1.1920928955078125e-06,6219,0.0013137227493165865
801,1.29976749594789,0.0016462659696117043,5.4396505355834961,2,78693,33,36,16,0.13421511650085449,0.00089746713638305664,2.0265579223632812e-06,6111,0.0013305247689776205
802,1.3014137619175017,0.0016462659696117043,5.3270888328552246,2,83250,36,33,17,0.13190793991088867,0.00093090534210205078,1.7881393432617188e-06,6283,0.0013403382128432575
803,1.3030600278871134,0.0016462659696117043,5.6760721206665039,2,83454,33,36,17,0.12597322463989258,0.00097060203552246094,1.0728836059570312e-06,6322,0.0013304357515335076
804,1.3047062938567251,0.0016462659696117043,5.5530786514282227,2,87941,35,32,18,0.13524150848388672,0.00098919868469238281,1.6689300537109375e-06,6248,0.0013391092649443141
805,1.3063525598263368,0.0016462659696117043,5.5084261894226074,2,92772,36,33,19,0.12986135482788086,0.0009759068489074707,1.5497207641601562e-06,6269,0.0013458320175533133
806,1.3079988257959485,0.0016462659696117043,5.754786491394043,2,92702,35,32,19,0.12752211093902588,0.0010374188423156738,1.1920928955078125e-06,6320,0.0013506379621335042
807,1.3096450917655602,0.0016462659696117043,5.5908207893371582,2,78693,33,36,16,0.135933518409729,0.0010564923286437988,2.0265579223632812e-06,6212,0.0013736896574542753
808,1.3112913577351719,0.0016462659696117043,5.4664192199707031,2,83384,32,35,17,0.13708317279815674,0.0010648965835571289,1.7881393432617188e-06,6410,0.0013765454703459092
809,1.3129376237047836,0.0016462659696117043,5.6875934600830078,2,83454,33,36,17,0.12697744369506836,0.0011485815048217773,1.0728836059570312e-06,6419,0.0013751804395848637
810,1.3145838896743953,0.0016462659696117043,5.7175893783569336,2,88215,33,36,18,0.13933873176574707,0.0011727809906005859,1.6689300537109375e-06,6382,0.0013729789848833563
811,1.316230155644007,0.0016462659696117043,5.6064486503601074,2,92772,36,33,19,0.12761223316192627,0.0011560916900634766,1.5497207641601562e-06,6412,0.001383617635858491
812,1.3178764216136187,0.0016462659696117043,5.8723549842834473,2,92700,33,32,19,0.12911510467529297,0.0012228488922119141,1.2516975402832031e-06,6500,0.00136607962778751
813,1.3195226875832304,0.0016462659696117043,5.7354159355163574,2,97737,33,36,20,0.14061009883880615,0.0012872219085693359,2.0265579223632812e-06,6419,0.0014172113510400113
814,1.3211689535528421,0.0016462659696117043,5.5002403259277344,2,83384,32,35,17,0.13707876205444336,0.0012687444686889648,1.6689300537109375e-06,6586,0.0014185899120282425
815,1.3228152195224538,0.0016462659696117043,5.6629161834716797,2,83454,33,36,17,0.13205921649932861,0.0013678073883056641,1.1324882507324219e-06,6547,0.0014168964388264493
816,1.3244614854920655,0.0016462659696117043,5.8429512977600098,2,88215,33,36,18,0.14419877529144287,0.0014001131057739258,1.6689300537109375e-06,6510,0.0013982439909002045
817,1.3261077514616773,0.0016462659696117043,5.6180720329284668,2,92768,32,33,19,0.13079285621643066,0.0013813972473144531,1.430511474609375e-06,6536,0.0014282165391495689
818,1.327754017431289,0.0016462659696117043,5.9564943313598633,2,92978,35,36,19,0.1300511360168457,0.0014206171035766602,1.430511474609375e-06,6562,0.0013919812010270089
819,1.3294002834009007,0.0016462659696117043,5.9710021018981934,2,97463,35,32,20,0.14068400859832764,0.001473546028137207,2.0265579223632812e-06,6555,0.0014402485649930403
820,1.3310465493705124,0.0016462659696117043,5.6381392478942871,2,102501,36,36,21,0.13270974159240723,0.0014657974243164062,1.6689300537109375e-06,6738,0.0014724654214837173
821,1.3326928153401241,0.0016462659696117043,5.6643524169921875,2,102222,33,32,21,0.12934410572052002,0.0016067028045654297,1.1920928955078125e-06,6673,0.0014683757511102455
822,1.3343390813097358,0.0016462659696117043,5.9393024444580078,2,88215,33,36,18,0.14300084114074707,0.0016248226165771484,1.6689300537109375e-06,6646,0.0014238191932662418
823,1.3359853472793475,0.0016462659696117043,5.7270278930664062,2,92771,35,33,19,0.13264977931976318,0.001605987548828125,1.430511474609375e-06,6732,0.0014701540594275733
824,1.3376316132489592,0.0016462659696117043,6.0355310440063477,2,92976,33,36,19,0.13037478923797607,0.0017012357711791992,1.430511474609375e-06,6734,0.001452246312398873
825,1.3392778792185709,0.0016462659696117043,6.2558012008666992,2,97739,35,36,20,0.14300692081451416,0.0016988515853881836,2.0265579223632812e-06,6685,0.0014763531008980719
826,1.3409241451881826,0.0016462659696117043,5.8632187843322754,2,102500,35,36,21,0.13891863822937012,0.0016764402389526367,1.6093254089355469e-06,6802,0.0014923124041864291
827,1.3425704111577943,0.0016462659696117043,5.6895956993103027,2,102498,33,36,21,0.12775754928588867,0.0018441677093505859,1.2516975402832031e-06,6842,0.0015234826347735352
828,1.344216677127406,0.0016462659696117043,5.9561362266540527,2,88215,33,36,18,0.14338505268096924,0.0018291473388671875,1.6689300537109375e-06,6821,0.00147453118374283
829,1.3458629430970177,0.0016462659696117043,5.8533849716186523,2,92769,33,33,19,0.1388932466506958,0.0018284916877746582,1.430511474609375e-06,6927,0.0014881942684007194
830,1.3475092090666294,0.0016462659696117043,6.0258517265319824,2,92976,33,36,19,0.12694466114044189,0.0019245743751525879,1.5497207641601562e-06,6827,0.0014790382634930202
831,1.3491554750362411,0.0016462659696117043,6.3595848083496094,2,97737,33,36,20,0.14466047286987305,0.0019316673278808594,2.0861625671386719e-06,6843,0.0015136435279052155
832,1.3508017410058528,0.0016462659696117043,6.0640125274658203,2,102500,35,36,21,0.14511501789093018,0.0018831491470336914,1.6093254089355469e-06,6940,0.001525262761253472
833,1.3524480069754645,0.0016462659696117043,5.7879290580749512,2,102498,33,36,21,0.13130390644073486,0.0020217299461364746,1.3709068298339844e-06,6925,0.0015489752310567817
834,1.3540942729450762,0.0016462659696117043,5.9816408157348633,2,88216,34,36,18,0.14270412921905518,0.0020891427993774414,1.9073486328125e-06,6993,0.001528489253936094
835,1.3557405389146879,0.0016462659696117043,5.9467349052429199,2,92769,33,33,19,0.13987565040588379,0.0020878911018371582,1.430511474609375e-06,7020,0.0015239221561547326
836,1.3573868048842996,0.0016462659696117043,6.0237479209899902,2,92977,34,36,19,0.13120424747467041,0.0021514296531677246,1.5497207641601562e-06,6853,0.0014987519499129155
837,1.3590330708539113,0.0016462659696117043,6.395057201385498,2,97738,34,36,20,0.1432030200958252,0.0022158622741699219,2.2649765014648438e-06,7025,0.0015448706950582228
838,1.360679336823523,0.0016462659696117043,6.2023558616638184,2,102500,35,36,21,0.1496654748916626,0.0021242499351501465,1.6689300537109375e-06,7055,0.0015584112844473344
839,1.3623256027931347,0.0016462659696117043,5.9176125526428223,2,102499,34,36,21,0.13659524917602539,0.0021817684173583984,1.430511474609375e-06,7000,0.001560247231745132
840,1.3639718687627465,0.0016462659696117043,6.098172664642334,2,107259,33,36,22,0.14316129684448242,0.0023510456085205078,2.0265579223632812e-06,7179,0.0015725973426809878
841,1.3656181347323582,0.0016462659696117043,6.0152597427368164,2,111746,35,32,23,0.14581334590911865,0.0023277997970581055,1.430511474609375e-06,7159,0.0015443924682005297
842,1.3672644007019699,0.0016462659696117043,6.0696487426757812,2,97530,33,33,20,0.13749301433563232,0.0024133920669555664,1.6689300537109375e-06,6951,0.0015220895049935072
843,1.3689106666715816,0.0016462659696117043,6.4089741706848145,2,97462,34,32,20,0.14596331119537354,0.0024665594100952148,2.3245811462402344e-06,7204,0.0015631222500812471
844,1.3705569326411933,0.0016462659696117043,6.3490800857543945,2,102499,34,36,21,0.1471245288848877,0.0024036765098571777,1.6689300537109375e-06,7250,0.0015925527902293001
845,1.372203198610805,0.0016462659696117043,6.07855224609375,2,107052,33,33,22,0.13972628116607666,0.0025087594985961914,1.4901161193847656e-06,7129,0.0015964223059575144
846,1.3738494645804167,0.0016462659696117043,6.2695870399475098,2,107260,34,36,22,0.14384889602661133,0.0026493668556213379,2.0861625671386719e-06,7296,0.0015864538209183034
847,1.3754957305500284,0.0016462659696117043,6.1621623039245605,2,111746,35,32,23,0.15426695346832275,0.0026788711547851562,1.4901161193847656e-06,7393,0.0015843086010618305
848,1.3771419965196401,0.0016462659696117043,6.2227282524108887,2,97530,33,33,20,0.14212298393249512,0.0027856826782226562,1.6689300537109375e-06,7039,0.001560019819990138
849,1.3787882624892518,0.0016462659696117043,6.446070671081543,2,97462,34,32,20,0.14196872711181641,0.0028044581413269043,2.5033950805664062e-06,7347,0.001576961549232809
850,1.3804345284588635,0.0016462659696117043,6.4210190773010254,2,102499,34,36,21,0.15092813968658447,0.0027327537536621094,1.7881393432617188e-06,7447,0.0016241344187740562
851,1.3820807944284752,0.0016462659696117043,6.336942195892334,2,107052,33,33,22,0.14013159275054932,0.0028661489486694336,1.4901161193847656e-06,7294,0.0016185671632355364
852,1.3837270603980869,0.0016462659696117043,6.4127130508422852,2,106984,34,32,22,0.14587962627410889,0.0029021501541137695,2.2649765014648438e-06,7415,0.0015882912022849457
853,1.3853733263676986,0.0016462659696117043,6.3704409599304199,2,112021,34,36,23,0.15752744674682617,0.003017723560333252,1.5497207641601562e-06,7573,0.0016221254557642706
854,1.3870195923373103,0.0016462659696117043,6.2581400871276855,2,97530,33,33,20,0.14632689952850342,0.0031230449676513672,1.7881393432617188e-06,7296,0.0016010935266333561
855,1.388665858306922,0.0016462659696117043,6.4351630210876465,2,97462,34,32,20,0.14082181453704834,0.003139495849609375,2.6226043701171875e-06,7444,0.0015898341429249464
856,1.3903121242765337,0.0016462659696117043,6.4741778373718262,2,102292,34,33,21,0.15216231346130371,0.0030717849731445312,1.7881393432617188e-06,7612,0.001646894072452513
857,1.3919583902461454,0.0016462659696117043,6.4351711273193359,2,107052,33,33,22,0.14470124244689941,0.0032235383987426758,1.5497207641601562e-06,7534,0.001655443336780056
858,1.3936046562157571,0.0016462659696117043,6.5107040405273438,2,106984,34,32,22,0.14656925201416016,0.003200232982635498,2.2649765014648438e-06,7527,0.0016165941664220648
859,1.3952509221853688,0.0016462659696117043,6.5765395164489746,2,111745,34,32,23,0.16409945487976074,0.0032739639282226562,1.6093254089355469e-06,7704,0.0016374759251880158
860,1.3968971881549805,0.0016462659696117043,6.2976908683776855,2,116783,35,36,24,0.14399576187133789,0.0034393072128295898,1.9073486328125e-06,7467,0.0016431259893378424
861,1.3985434541245922,0.0016462659696117043,6.2761020660400391,2,97462,34,32,20,0.14238548278808594,0.0034703612327575684,2.7418136596679688e-06,7639,0.0016301178698587028
862,1.4001897200942039,0.0016462659696117043,6.5929231643676758,2,102292,34,33,21,0.15433287620544434,0.0033987760543823242,1.9073486328125e-06,7756,0.001671294375235451
863,1.4018359860638157,0.0016462659696117043,6.6000833511352539,2,107053,34,33,22,0.15283095836639404,0.0035644769668579102,1.5497207641601562e-06,7664,0.0016779357234288311
864,1.4034822520334274,0.0016462659696117043,6.5158677101135254,2,111951,33,35,23,0.14481151103973389,0.003468632698059082,2.4437904357910156e-06,7681,0.001647530013470155
865,1.4051285180030391,0.0016462659696117043,6.7563381195068359,2,111745,34,32,23,0.16486787796020508,0.0036170482635498047,1.6689300537109375e-06,7827,0.0016571378076011088
866,1.4067747839726508,0.0016462659696117043,6.5348110198974609,2,116506,34,32,24,0.14924752712249756,0.0037860274314880371,1.9073486328125e-06,7644,0.001670526646864372
867,1.4084210499422625,0.0016462659696117043,6.3176140785217285,2,97531,34,33,20,0.14080440998077393,0.0037102103233337402,2.9802322387695312e-06,7786,0.0016394879433575594
868,1.4100673159118742,0.0016462659696117043,6.6447200775146484,2,102292,34,33,21,0.16014456748962402,0.0038210153579711914,2.0265579223632812e-06,7871,0.0016902996156434563
869,1.4117135818814859,0.0016462659696117043,6.7200460433959961,2,107053,34,33,22,0.16295194625854492,0.0039612054824829102,1.6093254089355469e-06,7811,0.001684752101854647
870,1.4133598478510976,0.0016462659696117043,6.5948696136474609,2,111814,34,33,23,0.14160418510437012,0.0037896037101745605,2.5629997253417969e-06,7882,0.0016764917680169495
871,1.4150061138207093,0.0016462659696117043,6.756622314453125,2,111745,34,32,23,0.15877461433410645,0.003968358039855957,1.6689300537109375e-06,7919,0.0016746535472336121
872,1.416652379790321,0.0016462659696117043,6.7657365798950195,2,116506,34,32,24,0.15958404541015625,0.0041432380676269531,2.0265579223632812e-06,7794,0.0016946562408530629
873,1.4182986457599327,0.0016462659696117043,6.55517578125,2,121336,34,33,25,0.14814972877502441,0.0040389895439147949,3.0994415283203125e-06,7942,0.0016758849088549454
874,1.4199449117295444,0.0016462659696117043,6.8027763366699219,2,102292,34,33,21,0.15777206420898438,0.0041433572769165039,2.0265579223632812e-06,7977,0.0017069109859660161
875,1.4215911776991561,0.0016462659696117043,6.7830772399902344,2,107053,34,33,22,0.1676793098449707,0.004413604736328125,1.6689300537109375e-06,7976,0.0017193730085270594
876,1.4232374436687678,0.0016462659696117043,6.596036434173584,2,111814,34,33,23,0.14763236045837402,0.0041026473045349121,2.6226043701171875e-06,8011,0.0017143875417996593
877,1.4248837096383795,0.0016462659696117043,6.8271193504333496,2,111814,34,33,23,0.17430317401885986,0.0042810440063476562,1.6689300537109375e-06,8064,0.0017011891851542288
878,1.4265299756079912,0.0016462659696117043,6.8983674049377441,2,116575,34,33,24,0.1608353853225708,0.004543304443359375,2.0265579223632812e-06,7922,0.0017080503491810775
879,1.4281762415776029,0.0016462659696117043,6.752875804901123,2,121336,34,33,25,0.16203701496124268,0.0044425725936889648,3.2186508178710938e-06,8054,0.001709108079871286
880,1.4298225075472146,0.0016462659696117043,6.9531455039978027,2,102361,34,34,21,0.16090202331542969,0.0046004056930541992,2.1457672119140625e-06,8112,0.0017326490672591585
881,1.4314687735168263,0.0016462659696117043,6.8871207237243652,2,107053,34,33,22,0.16748583316802979,0.0047818422317504883,1.6689300537109375e-06,8099,0.0017410574253813652
882,1.433115039486438,0.0016462659696117043,6.8458709716796875,2,107122,34,34,22,0.15763521194458008,0.00453948974609375,2.7418136596679688e-06,8160,0.0017327061153452653
883,1.4347613054560497,0.0016462659696117043,7.0284805297851562,2,111814,34,33,23,0.17588520050048828,0.0046815872192382812,1.7881393432617188e-06,8285,0.0017500773738247648
884,1.4364075714256614,0.0016462659696117043,7.0489602088928223,2,116575,34,33,24,0.18541812896728516,0.0049383640289306641,2.1457672119140625e-06,8097,0.0017218957304757031
885,1.4380538373952731,0.0016462659696117043,6.796842098236084,2,121336,34,33,25,0.15653812885284424,0.0048589706420898438,3.4570693969726562e-06,8175,0.0017279894283850619
886,1.4397001033648849,0.0016462659696117043,7.1801762580871582,2,102361,34,34,21,0.17059528827667236,0.0050559043884277344,2.2649765014648438e-06,8263,0.0017639335653456473
887,1.4413463693344966,0.0016462659696117043,7.1078181266784668,2,107122,34,34,22,0.17845845222473145,0.0051503777503967285,1.6689300537109375e-06,8257,0.0017957298306624631
888,1.4429926353041083,0.0016462659696117043,6.9876093864440918,2,107122,34,34,22,0.15898442268371582,0.0050541162490844727,2.9802322387695312e-06,8281,0.0017653298158008164
889,1.44463890127372,0.0016462659696117043,7.3469581604003906,2,111883,34,34,23,0.17291903495788574,0.0051371455192565918,2.0265579223632812e-06,8483,0.0017606301526384538
890,1.4462851672433317,0.0016462659696117043,7.2125186920166016,2,116644,34,34,24,0.18261039257049561,0.0052815079689025879,2.1457672119140625e-06,8366,0.0017742649677460604
891,1.4479314332129434,0.0016462659696117043,6.8471527099609375,2,116644,34,34,24,0.1485447883605957,0.0053650140762329102,3.6358833312988281e-06,8294,0.0017542103324409294
892,1.4495776991825551,0.0016462659696117043,7.2281684875488281,2,102361,34,34,21,0.18380129337310791,0.0054695606231689453,2.5629997253417969e-06,8358,0.001757593275059486
893,1.4512239651521668,0.0016462659696117043,7.0660896301269531,2,107122,34,34,22,0.17773985862731934,0.0055793523788452148,1.6689300537109375e-06,8350,0.0018230208006623349
894,1.4528702311217785,0.0016462659696117043,7.1541862487792969,2,107122,34,34,22,0.17074024677276611,0.0055695772171020508,3.2186508178710938e-06,8458,0.0018084042822704423
895,1.4545164970913902,0.0016462659696117043,7.6240653991699219,2,111883,34,34,23,0.19338107109069824,0.0056456327438354492,2.1457672119140625e-06,8485,0.0017753717962243065
896,1.4561627630610019,0.0016462659696117043,7.4323678016662598,2,116644,34,34,24,0.18633759021759033,0.0057512521743774414,2.1457672119140625e-06,8551,0.0017890581270913364
897,1.4578090290306136,0.0016462659696117043,7.1889266967773438,2,116644,34,34,24,0.14327347278594971,0.0058946609497070312,3.814697265625e-06,8491,0.0018138051593533959
898,1.4594552950002253,0.0016462659696117043,7.4795126914978027,2,121405,34,34,25,0.19227468967437744,0.0060067176818847656,2.7418136596679688e-06,8414,0.0017737197119477091
899,1.461101560969837,0.0016462659696117043,7.4591798782348633,2,126166,34,34,26,0.19615566730499268,0.0060100555419921875,1.6689300537109375e-06,8538,0.0018483715308545855
900,1.4627478269394487,0.0016462659696117043,7.2352681159973145,2,126166,34,34,26,0.15588021278381348,0.0060088634490966797,3.337860107421875e-06,8681,0.0018708636941219302
901,1.4643940929090604,0.0016462659696117043,7.6283478736877441,2,111883,34,34,23,0.18106138706207275,0.0062332749366760254,2.3245811462402344e-06,8565,0.0018094383716126803
902,1.4660403588786721,0.0016462659696117043,7.4857311248779297,2,116644,34,34,24,0.1901317834854126,0.0062751173973083496,2.0861625671386719e-06,8698,0.001813282759445899
903,1.4676866248482838,0.0016462659696117043,7.2583746910095215,2,116644,34,34,24,0.15985631942749023,0.0063104629516601562,4.0531158447265625e-06,8658,0.0018549626352882429
904,1.4693328908178955,0.0016462659696117043,7.728703498840332,2,121405,34,34,25,0.19682741165161133,0.006689906120300293,3.0994415283203125e-06,8589,0.001809717723295762
905,1.4709791567875072,0.0016462659696117043,7.6401171684265137,2,126166,34,34,26,0.19989132881164551,0.006533503532409668,1.6093254089355469e-06,8643,0.0018678614347497739
906,1.4726254227571189,0.0016462659696117043,7.3640604019165039,2,126166,34,34,26,0.15597724914550781,0.0066012144088745117,3.5762786865234375e-06,8923,0.0019058590381583857
907,1.4742716887267306,0.0016462659696117043,7.7383623123168945,2,130927,34,34,27,0.19983553886413574,0.0069339275360107422,2.6226043701171875e-06,8744,0.0018716945847708059
908,1.4759179546963423,0.0016462659696117043,7.6054649353027344,2,135688,34,34,28,0.2062605619430542,0.0067848563194274902,2.0265579223632812e-06,8838,0.001835502498659887
909,1.4775642206659541,0.0016462659696117043,7.1022067070007324,2,116644,34,34,24,0.15696954727172852,0.0068552494049072266,4.2319297790527344e-06,8879,0.0018942538738858502
910,1.4792104866355658,0.0016462659696117043,7.6960806846618652,2,121405,34,34,25,0.18912899494171143,0.0072878003120422363,3.337860107421875e-06,8753,0.0018563865956824604
911,1.4808567526051775,0.0016462659696117043,7.6262779235839844,2,126166,34,34,26,0.19498038291931152,0.0070924758911132812,1.5497207641601562e-06,8770,0.0018877867805481836
912,1.4825030185747892,0.0016462659696117043,7.3141226768493652,2,126166,34,34,26,0.16143155097961426,0.007135927677154541,3.6954879760742188e-06,9020,0.0019249925731080035
913,1.4841492845444009,0.0016462659696117043,7.8347964286804199,2,130927,34,34,27,0.19690036773681641,0.0075477361679077148,2.9206275939941406e-06,8822,0.0019435522226185593
914,1.4857955505140126,0.0016462659696117043,7.8024373054504395,2,135688,34,34,28,0.20748698711395264,0.0074237585067749023,2.0265579223632812e-06,8998,0.0018850058608925685
915,1.4874418164836243,0.0016462659696117043,7.1857738494873047,2,135688,34,34,28,0.16863703727722168,0.0073897242546081543,4.291534423828125e-06,9021,0.0019192432444906798
916,1.489088082453236,0.0016462659696117043,7.5395903587341309,2,121405,34,34,25,0.19221329689025879,0.0078461766242980957,3.6358833312988281e-06,8890,0.0018838109571900348
917,1.4907343484228477,0.0016462659696117043,7.6897435188293457,2,126166,34,34,26,0.20595633983612061,0.0076621770858764648,1.4901161193847656e-06,8913,0.0019100356172083801
918,1.4923806143924594,0.0016462659696117043,7.1259493827819824,2,130858,34,33,27,0.16855919361114502,0.0077426433563232422,3.6954879760742188e-06,9089,0.0019224755045922064
919,1.4940268803620711,0.0016462659696117043,7.6801714897155762,2,130927,34,34,27,0.19603645801544189,0.0081513524055480957,3.1590461730957031e-06,8950,0.0019702976344112121
920,1.4956731463316828,0.0016462659696117043,7.8303027153015137,2,135688,34,34,28,0.20812308788299561,0.0079808831214904785,1.9073486328125e-06,9176,0.001941394092683378
921,1.4973194123012945,0.0016462659696117043,7.2272439002990723,2,140450,35,34,29,0.17489612102508545,0.0080534219741821289,4.291534423828125e-06,9105,0.0019417307228384044
922,1.4989656782709062,0.0016462659696117043,7.679964542388916,2,140449,34,34,29,0.19568824768066406,0.0084238052368164062,3.814697265625e-06,9095,0.0019066601947243427
923,1.5006119442405179,0.0016462659696117043,7.7147078514099121,2,126166,34,34,26,0.21325111389160156,0.0083304643630981445,1.430511474609375e-06,9087,0.0019312848826402143
924,1.5022582102101296,0.0016462659696117043,7.3265480995178223,2,130858,34,33,27,0.17734205722808838,0.008385777473449707,3.6954879760742188e-06,9190,0.0019346384084537877
925,1.5039044761797413,0.0016462659696117043,7.466484546661377,2,130927,34,34,27,0.17760229110717773,0.0086834430694580078,3.2186508178710938e-06,9080,0.0019895893138352537
926,1.505550742149353,0.0016462659696117043,7.8855056762695312,2,135688,34,34,28,0.20083177089691162,0.0087618827819824219,1.7881393432617188e-06,9379,0.0019754769397874014
927,1.5071970081189647,0.0016462659696117043,7.3188118934631348,2,140450,35,34,29,0.18298661708831787,0.0087398290634155273,4.291534423828125e-06,9335,0.0019953991123333099
928,1.5088432740885764,0.0016462659696117043,7.5102152824401855,2,140449,34,34,29,0.17780911922454834,0.0090184807777404785,3.9935111999511719e-06,9246,0.0019605277477899724
929,1.5104895400581881,0.0016462659696117043,7.7846417427062988,2,145210,34,34,30,0.20795118808746338,0.0090180635452270508,1.430511474609375e-06,9226,0.0019640245653045258
930,1.5121358060277998,0.0016462659696117043,7.5423355102539062,2,130927,34,34,27,0.18643593788146973,0.0090512633323669434,3.5762786865234375e-06,9357,0.0019503221757134798
931,1.5137820719974115,0.0016462659696117043,7.2949533462524414,2,130927,34,34,27,0.17440402507781982,0.0093926191329956055,3.2186508178710938e-06,9234,0.0020028676437189746
932,1.5154283379670233,0.0016462659696117043,7.803276538848877,2,135688,34,34,28,0.201790452003479,0.0093489885330200195,1.6689300537109375e-06,9517,0.0020056065310982223
933,1.517074603936635,0.0016462659696117043,7.5847086906433105,2,140449,34,34,29,0.19397556781768799,0.0093500614166259766,4.1723251342773438e-06,9528,0.0020258768317991845
934,1.5187208699062467,0.0016462659696117043,7.4002447128295898,2,140449,34,34,29,0.17037343978881836,0.0096266269683837891,3.9935111999511719e-06,9375,0.0019844420268190083
935,1.5203671358758584,0.0016462659696117043,7.802800178527832,2,145210,34,34,30,0.19621574878692627,0.0096993446350097656,1.430511474609375e-06,9392,0.0020014729397389952
936,1.5220134018454701,0.0016462659696117043,7.6157445907592773,2,130927,34,34,27,0.19443249702453613,0.0098147988319396973,3.5762786865234375e-06,9507,0.001962341437794491
937,1.5236596678150818,0.0016462659696117043,7.3135476112365723,2,135619,34,33,28,0.16894316673278809,0.0099266767501831055,3.2186508178710938e-06,9350,0.0020021578046474121
938,1.5253059337846935,0.0016462659696117043,7.5979399681091309,2,135688,34,34,28,0.18784976005554199,0.010149061679840088,1.6689300537109375e-06,9599,0.002030459506923093
939,1.5269521997543052,0.0016462659696117043,7.7763247489929199,2,140449,34,34,29,0.19440567493438721,0.010110616683959961,4.1723251342773438e-06,9713,0.0020486817699864324
940,1.5285984657239169,0.0016462659696117043,7.289064884185791,2,145141,34,33,30,0.17971181869506836,0.010279834270477295,3.814697265625e-06,9535,0.0020182877395096958
941,1.5302447316935286,0.0016462659696117043,7.6436944007873535,2,145210,34,34,30,0.18860793113708496,0.010413527488708496,1.430511474609375e-06,9546,0.0020307260326946856
942,1.5318909976631403,0.0016462659696117043,7.7019548416137695,2,149971,34,34,31,0.20265555381774902,0.010471105575561523,3.4570693969726562e-06,9716,0.0020019423787268511
943,1.533537263632752,0.0016462659696117043,7.4328122138977051,2,135688,34,34,28,0.18065941333770752,0.010659575462341309,3.0994415283203125e-06,9520,0.0020251968197115386
944,1.5351835296023637,0.0016462659696117043,7.4649176597595215,2,154732,34,34,32,0.18849945068359375,0.010859489440917969,1.7881393432617188e-06,9743,0.0020430616528954058
945,1.5368297955719754,0.0016462659696117043,7.7815189361572266,2,140449,34,34,29,0.19813048839569092,0.010748445987701416,4.0531158447265625e-06,9919,0.0020772194305236232
946,1.5384760615415871,0.0016462659696117043,7.468787670135498,2,145210,34,34,30,0.18756139278411865,0.010931015014648438,3.6358833312988281e-06,9673,0.0020552843232383494
947,1.5401223275111988,0.0016462659696117043,7.4145107269287109,2,145210,34,34,30,0.16863822937011719,0.011192440986633301,1.4901161193847656e-06,9691,0.0020470431069159953
948,1.5417685934808105,0.0016462659696117043,7.8299298286437988,2,149971,34,34,31,0.18806195259094238,0.011032402515411377,3.337860107421875e-06,9891,0.0020247749569580952
949,1.5434148594504222,0.0016462659696117043,7.687225341796875,2,135688,34,34,28,0.18831765651702881,0.011396169662475586,2.7418136596679688e-06,9623,0.0020419805339326321
950,1.5450611254200339,0.0016462659696117043,7.4167542457580566,2,154732,34,34,32,0.16751778125762939,0.011577129364013672,2.0265579223632812e-06,9873,0.0020643878876944214
951,1.5467073913896456,0.0016462659696117043,7.6553382873535156,2,159493,34,34,33,0.19475245475769043,0.011408507823944092,4.0531158447265625e-06,10014,0.0021028593868515546
952,1.5483536573592573,0.0016462659696117043,7.7041335105895996,2,145210,34,34,30,0.18730795383453369,0.011703133583068848,3.4570693969726562e-06,9866,0.0020920431216101738
953,1.549999923328869,0.0016462659696117043,7.2474780082702637,2,149902,34,33,31,0.17480683326721191,0.011982858180999756,1.6093254089355469e-06,9839,0.00208347180185237
954,1.5516461892984807,0.0016462659696117043,7.6406798362731934,2,149971,34,34,31,0.18718588352203369,0.011762022972106934,3.337860107421875e-06,10023,0.0020566246632740767
955,1.5532924552680925,0.0016462659696117043,7.7515225410461426,2,154732,34,34,32,0.19456970691680908,0.011930644512176514,2.5629997253417969e-06,9810,0.0020674242782084168
956,1.5549387212377042,0.0016462659696117043,7.6241989135742188,2,140449,34,34,29,0.18178343772888184,0.012311577796936035,2.1457672119140625e-06,10024,0.0020805154981427296
957,1.5565849872073159,0.0016462659696117043,7.6604833602905273,2,159493,34,34,33,0.18588626384735107,0.012234866619110107,4.0531158447265625e-06,10143,0.0021057639493019271
958,1.5582312531769276,0.0016462659696117043,7.6541748046875,2,145210,34,34,30,0.19582581520080566,0.012200355529785156,3.2186508178710938e-06,9995,0.0021272666345794524
959,1.5598775191465393,0.0016462659696117043,7.4184670448303223,2,149971,34,34,31,0.18594026565551758,0.012804687023162842,1.7881393432617188e-06,10034,0.0021248040650307999
960,1.561523785116151,0.0016462659696117043,7.3783183097839355,2,149971,34,34,31,0.17768979072570801,0.01268845796585083,3.4570693969726562e-06,10089,0.0020803225018761937
961,1.5631700510857627,0.0016462659696117043,7.8508095741271973,2,154732,34,34,32,0.18581259250640869,0.012678861618041992,2.3245811462402344e-06,10004,0.0021085833873548936
962,1.5648163170553744,0.0016462659696117043,7.7085785865783691,2,140449,34,34,29,0.18296706676483154,0.013147950172424316,2.3245811462402344e-06,10223,0.0021170102536908378
963,1.5664625830249861,0.0016462659696117043,7.6821398735046387,2,159493,34,34,33,0.16814911365509033,0.013118863105773926,4.2319297790527344e-06,10194,0.0021428396804946234
964,1.5681088489945978,0.0016462659696117043,7.8331427574157715,2,164254,34,34,34,0.18270730972290039,0.013102173805236816,3.0994415283203125e-06,10131,0.0021611801816760006
965,1.5697551149642095,0.0016462659696117043,7.6233201026916504,2,149971,34,34,31,0.18059086799621582,0.013712882995605469,2.0265579223632812e-06,10295,0.0021899716343542239
966,1.5714013809338212,0.0016462659696117043,7.3376607894897461,2,135688,34,34,28,0.16502916812896729,0.013606071472167969,3.6358833312988281e-06,10181,0.0021319645097532263
967,1.5730476469034329,0.0016462659696117043,7.6957473754882812,2,154732,34,34,32,0.18328499794006348,0.013562560081481934,2.2649765014648438e-06,10126,0.0021405018648904648
968,1.5746939128730446,0.0016462659696117043,7.9549369812011719,2,159493,34,34,33,0.18349969387054443,0.014080166816711426,2.6226043701171875e-06,10396,0.0021618739288092386
969,1.5763401788426563,0.0016462659696117043,7.7333498001098633,2,145210,34,34,30,0.1744152307510376,0.014005124568939209,4.4107437133789062e-06,10301,0.002163207904986952
970,1.577986444812268,0.0016462659696117043,7.8662896156311035,2,164254,34,34,34,0.16901218891143799,0.013941407203674316,3.0994415283203125e-06,10230,0.0021776777440415569
971,1.5796327107818797,0.0016462659696117043,7.7316150665283203,2,169015,34,34,35,0.19450461864471436,0.014409482479095459,2.1457672119140625e-06,10485,0.0022304875190619689
972,1.5812789767514914,0.0016462659696117043,7.5999031066894531,2,154732,34,34,32,0.18418669700622559,0.014423847198486328,3.814697265625e-06,10334,0.0021804137409221838
973,1.5829252427211031,0.0016462659696117043,7.4732322692871094,2,140449,34,34,29,0.17516899108886719,0.014460206031799316,2.2649765014648438e-06,10300,0.0021841996756142936
974,1.5845715086907148,0.0016462659696117043,7.8880720138549805,2,159493,34,34,33,0.19019675254821777,0.014966011047363281,2.7418136596679688e-06,10557,0.0022039629609939288
975,1.5862177746603265,0.0016462659696117043,7.9014015197753906,2,164254,34,34,34,0.18638360500335693,0.0149117112159729,4.6491622924804688e-06,10413,0.0021839659806575096
976,1.5878640406299382,0.0016462659696117043,7.7552452087402344,2,164254,34,34,34,0.18410015106201172,0.014902949333190918,3.1590461730957031e-06,10377,0.0022290595558874518
977,1.5895103065995499,0.0016462659696117043,7.9759759902954102,2,169015,34,34,35,0.18525075912475586,0.015390694141387939,2.2649765014648438e-06,10622,0.0022709148536715087
978,1.5911565725691617,0.0016462659696117043,7.6968002319335938,2,173776,34,34,36,0.19388711452484131,0.015423297882080078,4.0531158447265625e-06,10478,0.0022349358799292843
979,1.5928028385387734,0.0016462659696117043,7.4453864097595215,2,173776,34,34,36,0.18177998065948486,0.015292763710021973,2.4437904357910156e-06,10554,0.0022497662529116389
980,1.5944491045083851,0.0016462659696117043,7.5926227569580078,2,178537,34,34,37,0.18534970283508301,0.015775322914123535,2.9206275939941406e-06,10715,0.0022551853557265817
981,1.5960953704779968,0.0016462659696117043,7.9930973052978516,2,164254,34,34,34,0.18603301048278809,0.015645503997802734,4.8279762268066406e-06,10613,0.0022299521043405986
982,1.5977416364476085,0.0016462659696117043,7.782562255859375,2,149971,34,34,31,0.17756497859954834,0.015838265419006348,3.337860107421875e-06,10556,0.0022723136207577722
983,1.5993879024172202,0.0016462659696117043,7.9361791610717773,2,169015,34,34,35,0.17831301689147949,0.016291379928588867,2.2649765014648438e-06,10787,0.0022937819514356043
984,1.6010341683868319,0.0016462659696117043,8.0789966583251953,2,173776,34,34,36,0.18243634700775146,0.015956997871398926,4.1723251342773438e-06,10590,0.0022683607901716756
985,1.6026804343564436,0.0016462659696117043,7.6622676849365234,2,159493,34,34,33,0.18338334560394287,0.016234040260314941,2.5629997253417969e-06,10703,0.0023065118093237155
986,1.6043267003260553,0.0016462659696117043,7.6356768608093262,2,145210,34,34,30,0.17106866836547852,0.016749143600463867,2.8014183044433594e-06,10893,0.002302574378963195
987,1.605972966295667,0.0016462659696117043,7.8419113159179688,2,164254,34,34,34,0.17985868453979492,0.016478359699249268,4.8875808715820312e-06,10704,0.0022639983246304997
988,1.6076192322652787,0.0016462659696117043,8.0325469970703125,2,169015,34,34,35,0.17850875854492188,0.016779005527496338,3.5762786865234375e-06,10770,0.0023133744549293533
989,1.6092654982348904,0.0016462659696117043,7.874549388885498,2,154732,34,34,32,0.17857480049133301,0.017267942428588867,2.1457672119140625e-06,10986,0.0023456384539631931
990,1.6109117642045021,0.0016462659696117043,8.1307764053344727,2,173776,34,34,36,0.19178760051727295,0.016842007637023926,4.1723251342773438e-06,10709,0.0023010022060829401
991,1.6125580301741138,0.0016462659696117043,8.0879831314086914,2,178537,34,34,37,0.19204246997833252,0.017212629318237305,2.7418136596679688e-06,10926,0.0023577649458012043
992,1.6142042961437255,0.0016462659696117043,7.77020263671875,2,164254,34,34,34,0.17883014678955078,0.017589032649993896,2.7418136596679688e-06,11017,0.0023776466758857798
993,1.6158505621133372,0.0016462659696117043,7.7872061729431152,2,149971,34,34,31,0.19438111782073975,0.017589449882507324,4.8875808715820312e-06,10839,0.0023126918598685058
994,1.6174968280829489,0.0016462659696117043,8.0332832336425781,2,169015,34,34,35,0.19559943675994873,0.017604827880859375,3.6954879760742188e-06,10929,0.0023448405027331688
995,1.6191430940525606,0.0016462659696117043,8.0726118087768555,2,173776,34,34,36,0.18549263477325439,0.018123865127563477,2.0265579223632812e-06,11113,0.0024142135004303765
996,1.6207893600221723,0.0016462659696117043,7.8849835395812988,2,159493,34,34,33,0.19915485382080078,0.018046438694000244,4.0531158447265625e-06,10880,0.0023536039813546413
997,1.622435625991784,0.0016462659696117043,8.2914819717407227,2,178537,34,34,37,0.18295538425445557,0.018042206764221191,2.9206275939941406e-06,11057,0.0023879212838581786
998,1.6240818919613957,0.0016462659696117043,8.0512313842773438,2,183298,34,34,38,0.19502151012420654,0.018429756164550781,2.6226043701171875e-06,11200,0.0024318692244780483
999,1.6257281579310074,0.0016462659696117043,7.9406023025512695,2,149971,34,34,31,0.19760644435882568,0.018640518188476562,4.8279762268066406e-06,10973,0.0023774762231509143
1000,1.6273744239006191,0.0016462659696117043,7.9068803787231445,2,188059,34,34,39,0.18488049507141113,0.018590867519378662,3.814697265625e-06,11049,0.0023808087556205643
1001,1.6290206898702309,0.0016462659696117043,8.1746244430541992,2,173776,34,34,36,0.19239091873168945,0.018944144248962402,1.9073486328125e-06,11207,0.0024422214262083538
1002,1.6306669558398426,0.0016462659696117043,8.0249662399291992,2,159493,34,34,33,0.19325923919677734,0.019110798835754395,3.9935111999511719e-06,11099,0.0024207176927405921
1003,1.6323132218094543,0.0016462659696117043,7.9930667877197266,2,178537,34,34,37,0.18958914279937744,0.019145607948303223,2.9802322387695312e-06,11263,0.0024353949059269346
1004,1.633959487779066,0.0016462659696117043,8.3765811920166016,2,183298,34,34,38,0.18603074550628662,0.019347548484802246,2.5033950805664062e-06,11345,0.002459620978127772
1005,1.6356057537486777,0.0016462659696117043,7.977931022644043,2,169015,34,34,35,0.19490134716033936,0.019801437854766846,4.7087669372558594e-06,11139,0.0024538232373448503
1006,1.6372520197182894,0.0016462659696117043,7.9472737312316895,2,154732,34,34,32,0.1983039379119873,0.019619584083557129,3.9935111999511719e-06,11267,0.0024343533187320076
1007,1.6388982856879011,0.0016462659696117043,8.0281410217285156,2,192820,34,34,40,0.19356870651245117,0.02005302906036377,1.6689300537109375e-06,11455,0.0024756319294618355
1008,1.6405445516575128,0.0016462659696117043,8.2095260620117188,2,178537,34,34,37,0.19782567024230957,0.020266711711883545,3.7550926208496094e-06,11256,0.0024956362580412553
1009,1.6421908176271245,0.0016462659696117043,8.0700187683105469,2,164254,34,34,34,0.21050012111663818,0.020304620265960693,2.9802322387695312e-06,11558,0.0025311861276177921
1010,1.6438370835967362,0.0016462659696117043,8.1738748550415039,2,183298,34,34,38,0.18745160102844238,0.020424246788024902,2.2649765014648438e-06,11552,0.0025146512862790175
1011,1.6454833495663479,0.0016462659696117043,8.4864959716796875,2,188059,34,34,39,0.19896531105041504,0.02070164680480957,4.6491622924804688e-06,11310,0.0025126112744089349
1012,1.6471296155359596,0.0016462659696117043,8.1333322525024414,2,173776,34,34,36,0.20958662033081055,0.020841002464294434,3.9935111999511719e-06,11496,0.0025040818835378254
1013,1.6487758815055713,0.0016462659696117043,8.1582813262939453,2,192820,34,34,40,0.18929457664489746,0.021021842956542969,1.6689300537109375e-06,11565,0.0024967866852298815
1014,1.650422147475183,0.0016462659696117043,8.1075010299682617,2,197581,34,34,41,0.20918488502502441,0.021082699298858643,3.5762786865234375e-06,11421,0.0025259030608887289
1015,1.6520684134447947,0.0016462659696117043,8.1813507080078125,2,183298,34,34,38,0.21624541282653809,0.021509468555450439,2.9206275939941406e-06,11705,0.002587205089337997
1016,1.6537146794144064,0.0016462659696117043,7.8934650421142578,2,202342,34,34,42,0.1885300874710083,0.021546363830566406,2.2649765014648438e-06,11740,0.0025728111624114302
1017,1.6553609453840181,0.0016462659696117043,8.3536176681518555,2,188059,34,34,39,0.19686555862426758,0.021577119827270508,4.4107437133789062e-06,11458,0.0025532998620621163
1018,1.6570072113536298,0.0016462659696117043,8.4245443344116211,2,192820,34,34,40,0.20913958549499512,0.021907329559326172,3.814697265625e-06,11592,0.0025576380673055293
1019,1.6586534773232415,0.0016462659696117043,8.0104341506958008,2,178537,34,34,37,0.19218575954437256,0.022178530693054199,1.6689300537109375e-06,11722,0.0025561998082941169
1020,1.6602997432928532,0.0016462659696117043,8.3335962295532227,2,197581,34,34,41,0.20690071582794189,0.022305846214294434,3.337860107421875e-06,11617,0.0025648276702889133
1021,1.6619460092624649,0.0016462659696117043,8.2209177017211914,2,183298,34,34,38,0.21149682998657227,0.022591710090637207,2.6822090148925781e-06,11796,0.0026168347788511465
1022,1.6635922752320766,0.0016462659696117043,8.1708660125732422,2,188059,34,34,39,0.197540283203125,0.022672533988952637,2.1457672119140625e-06,11992,0.0026511995603008633
1023,1.6652385412016883,0.0016462659696117043,8.0379199981689453,2,188059,34,34,39,0.20232796669006348,0.023006618022918701,4.1723251342773438e-06,11642,0.0025990957901072757
1024,1.6668848071713001,0.0016462659696117043,8.4952630996704102,2,192820,34,34,40,0.20056581497192383,0.02300560474395752,3.6954879760742188e-06,11793,0.0025984556860836308
1025,1.6685310731409118,0.0016462659696117043,8.3936395645141602,2,178537,34,34,37,0.20741033554077148,0.023262321949005127,1.6689300537109375e-06,11861,0.0025972892605084347
1026,1.6701773391105235,0.0016462659696117043,8.1912641525268555,2,197582,35,34,41,0.17771506309509277,0.023527622222900391,3.2186508178710938e-06,11780,0.0026130858344441143
1027,1.6718236050801352,0.0016462659696117043,8.5253305435180664,2,202342,34,34,42,0.21211361885070801,0.02363133430480957,2.5033950805664062e-06,11998,0.0026471466831197981
1028,1.6734698710497469,0.0016462659696117043,8.2860431671142578,2,188059,34,34,39,0.21700119972229004,0.023591578006744385,2.1457672119140625e-06,12159,0.0026817650367668882
1029,1.6751161370193586,0.0016462659696117043,8.0724287033081055,2,207103,34,34,43,0.18652176856994629,0.023970127105712891,4.0531158447265625e-06,11888,0.0026619907405408894
1030,1.6767624029889703,0.0016462659696117043,8.3207530975341797,2,192820,34,34,40,0.21507477760314941,0.02398383617401123,3.5762786865234375e-06,12015,0.0026547657490641227
1031,1.678408668958582,0.0016462659696117043,8.4439706802368164,2,197581,34,34,41,0.21459066867828369,0.024144649505615234,1.6689300537109375e-06,12035,0.0026374391153555611
1032,1.6800549349281937,0.0016462659696117043,8.0624570846557617,2,183298,34,34,38,0.18509542942047119,0.024282932281494141,2.9802322387695312e-06,11941,0.0026536218556143369
1033,1.6817012008978054,0.0016462659696117043,8.4277257919311523,2,202343,35,34,42,0.20178759098052979,0.024416208267211914,2.2649765014648438e-06,12185,0.0026983775627142429
1034,1.6833474668674171,0.0016462659696117043,8.5651674270629883,2,207103,34,34,43,0.21804869174957275,0.024588942527770996,2.2649765014648438e-06,12300,0.0027302635357042667
1035,1.6849937328370288,0.0016462659696117043,8.3026390075683594,2,192820,34,34,40,0.19611763954162598,0.024802803993225098,3.814697265625e-06,12087,0.0027153424215336165
1036,1.6866399988066405,0.0016462659696117043,8.2514829635620117,2,211864,34,34,44,0.21097350120544434,0.024878621101379395,3.337860107421875e-06,12207,0.0027065849921546216
1037,1.6882862647762522,0.0016462659696117043,8.584345817565918,2,197581,34,34,41,0.21667659282684326,0.025052070617675781,1.7881393432617188e-06,12120,0.0027225159849263037
1038,1.6899325307458639,0.0016462659696117043,8.4710893630981445,2,202342,34,34,42,0.21179854869842529,0.025394320487976074,2.9802322387695312e-06,12155,0.0027146033493759547
1039,1.6915787967154756,0.0016462659696117043,8.219395637512207,2,202342,34,34,42,0.1958087682723999,0.025413751602172852,2.1457672119140625e-06,12361,0.0027513047292206652
1040,1.6932250626850873,0.0016462659696117043,8.5924339294433594,2,207103,34,34,43,0.20269870758056641,0.025602936744689941,2.4437904357910156e-06,12463,0.0027883169631891672
1041,1.694871328654699,0.0016462659696117043,8.6442880630493164,2,211864,34,34,44,0.21804821491241455,0.025996088981628418,3.814697265625e-06,12340,0.0027801396720657174
1042,1.6965175946243107,0.0016462659696117043,8.308650016784668,2,211864,34,34,44,0.17548084259033203,0.026023328304290771,3.2186508178710938e-06,12480,0.0027587818678393369
1043,1.6981638605939224,0.0016462659696117043,8.4701957702636719,2,216625,34,34,45,0.1981281042098999,0.026243925094604492,1.9073486328125e-06,12293,0.0027779781857946656
1044,1.6998101265635341,0.0016462659696117043,8.5276002883911133,2,202342,34,34,42,0.21929645538330078,0.026456177234649658,2.9802322387695312e-06,12371,0.0027922122649465492
1045,1.7014563925331458,0.0016462659696117043,8.0842876434326172,2,207103,34,34,43,0.1899486780166626,0.026595115661621094,2.0861625671386719e-06,12588,0.0028208705748454725
1046,1.7031026585027575,0.0016462659696117043,8.3179512023925781,2,207103,34,34,43,0.1898726224899292,0.026668429374694824,2.5629997253417969e-06,12618,0.0028336468107429133
1047,1.7047489244723693,0.0016462659696117043,8.6795692443847656,2,211864,34,34,44,0.21077632904052734,0.027044832706451416,3.814697265625e-06,12612,0.0028557758825813501
1048,1.706395190441981,0.0016462659696117043,8.534489631652832,2,197581,34,34,41,0.19727098941802979,0.02716219425201416,3.0994415283203125e-06,12698,0.0028349354757596836
1049,1.7080414564115927,0.0016462659696117043,8.5147943496704102,2,216626,35,34,45,0.19182991981506348,0.027293920516967773,2.0265579223632812e-06,12445,0.0028133142062500491
1050,1.7096877223812044,0.0016462659696117043,8.600773811340332,2,221386,34,34,46,0.21811068058013916,0.027645289897918701,2.9802322387695312e-06,12563,0.0028536912796991625
1051,1.7113339883508161,0.0016462659696117043,8.5372238159179688,2,207103,34,34,43,0.20936322212219238,0.027727603912353516,2.0265579223632812e-06,12716,0.0028751805654505997
1052,1.7129802543204278,0.0016462659696117043,8.1204805374145508,2,207103,34,34,43,0.19193994998931885,0.027614951133728027,2.6822090148925781e-06,12810,0.0028964987023600412
1053,1.7146265202900395,0.0016462659696117043,8.5458126068115234,2,211864,34,34,44,0.22030889987945557,0.028167784214019775,3.814697265625e-06,12861,0.0029184525968092715
1054,1.7162727862596512,0.0016462659696117043,8.7126436233520508,2,216625,34,34,45,0.21209621429443359,0.028285980224609375,2.9802322387695312e-06,12957,0.0028907443547649724
1055,1.7179190522292629,0.0016462659696117043,8.3395462036132812,2,202342,34,34,42,0.18686139583587646,0.028150558471679688,2.0265579223632812e-06,12671,0.00286890435773239
1056,1.7195653181988746,0.0016462659696117043,8.7091798782348633,2,221386,34,34,46,0.21391057968139648,0.028793036937713623,2.9206275939941406e-06,12764,0.0029095458169170274
1057,1.7212115841684863,0.0016462659696117043,8.629429817199707,2,226147,34,34,47,0.21291625499725342,0.028856277465820312,2.0265579223632812e-06,12880,0.0029222141001254429
1058,1.722857850138098,0.0016462659696117043,8.403416633605957,2,211864,34,34,44,0.1972736120223999,0.028659820556640625,2.7418136596679688e-06,12968,0.002948171957400303
1059,1.7245041161077097,0.0016462659696117043,8.2603330612182617,2,230908,34,34,48,0.21207332611083984,0.029228031635284424,3.814697265625e-06,13022,0.0029986856547025583
1060,1.7261503820773214,0.0016462659696117043,8.5587139129638672,2,216625,34,34,45,0.22170794010162354,0.029672443866729736,2.9206275939941406e-06,13222,0.0029813425398092846
1061,1.7277966480469331,0.0016462659696117043,8.6133804321289062,2,221386,34,34,46,0.20973503589630127,0.029361605644226074,2.0265579223632812e-06,12845,0.0029192615582050115
1062,1.7294429140165448,0.0016462659696117043,8.5210294723510742,2,221386,34,34,46,0.2068483829498291,0.029787898063659668,2.8014183044433594e-06,12964,0.00295964333379994
1063,1.7310891799861565,0.0016462659696117043,8.840886116027832,2,226147,34,34,47,0.20943832397460938,0.03019481897354126,2.0265579223632812e-06,13153,0.0029898179024818211
1064,1.7327354459557682,0.0016462659696117043,8.6438493728637695,2,230908,34,34,48,0.20372021198272705,0.029803156852722168,2.9206275939941406e-06,13081,0.0029867130767835433
1065,1.7343817119253799,0.0016462659696117043,8.3749465942382812,2,230908,34,34,48,0.20105981826782227,0.030142068862915039,3.814697265625e-06,13203,0.0030505400372189428
1066,1.7360279778949916,0.0016462659696117043,8.5024051666259766,2,235669,34,34,49,0.22575795650482178,0.030771493911743164,2.7418136596679688e-06,13479,0.0030726877803992289
1067,1.7376742438646033,0.0016462659696117043,8.5077486038208008,2,221386,34,34,46,0.20201778411865234,0.030323624610900879,2.0861625671386719e-06,13054,0.002994634745775434
1068,1.739320509834215,0.0016462659696117043,8.4710559844970703,2,207103,34,34,43,0.20727026462554932,0.030652642250061035,2.7418136596679688e-06,13157,0.0030187020773191891
1069,1.7409667758038267,0.0016462659696117043,8.6794834136962891,2,226147,34,34,47,0.22195398807525635,0.031438589096069336,2.0265579223632812e-06,13340,0.0030579530037463869
1070,1.7426130417734385,0.0016462659696117043,8.9261589050292969,2,230908,34,34,48,0.21173214912414551,0.030872523784637451,2.9802322387695312e-06,13270,0.0030463211332294369
1071,1.7442593077430502,0.0016462659696117043,8.5001974105834961,2,235669,34,34,49,0.20627117156982422,0.031130313873291016,3.6954879760742188e-06,13339,0.0030917704548714293
1072,1.7459055737126619,0.0016462659696117043,8.5958194732666016,2,235669,34,34,49,0.2309950590133667,0.032010078430175781,2.6226043701171875e-06,13599,0.0031414764205016338
1073,1.7475518396822736,0.0016462659696117043,8.5481462478637695,2,240430,34,34,50,0.20023167133331299,0.031314432621002197,2.1457672119140625e-06,13288,0.0030852352317088071
1074,1.7491981056518853,0.0016462659696117043,8.5060510635375977,2,226147,34,34,47,0.20551514625549316,0.031698465347290039,2.6226043701171875e-06,13302,0.0030737798388108203
1075,1.750844371621497,0.0016462659696117043,8.4593954086303711,2,169015,34,34,35,0.23274660110473633,0.032338440418243408,2.0265579223632812e-06,13520,0.0031317942893167353
1076,1.7524906375911087,0.0016462659696117043,8.6750974655151367,2,230908,34,34,48,0.21560776233673096,0.031882584095001221,2.9802322387695312e-06,13474,0.003140659907834941
1077,1.7541369035607204,0.0016462659696117043,8.8709278106689453,2,235669,34,34,49,0.19394457340240479,0.032288730144500732,3.5762786865234375e-06,13484,0.003124251280612706
1078,1.7557831695303321,0.0016462659696117043,8.426936149597168,2,221386,34,34,46,0.22725546360015869,0.032766819000244141,2.5033950805664062e-06,13772,0.0031931877913215431
1079,1.7574294354999438,0.0016462659696117043,8.573277473449707,2,240430,34,34,50,0.20823276042938232,0.032699108123779297,2.1457672119140625e-06,13596,0.0031712175533722508
1080,1.7590757014695555,0.0016462659696117043,8.5436859130859375,2,245191,34,34,51,0.20951437950134277,0.032806515693664551,2.5033950805664062e-06,13495,0.0031414369304145293
1081,1.7607219674391672,0.0016462659696117043,8.6335592269897461,2,230908,34,34,48,0.22463977336883545,0.033282577991485596,2.0265579223632812e-06,13732,0.0032048551436863579
1082,1.7623682334087789,0.0016462659696117043,8.5648403167724609,2,192820,34,34,40,0.23222339153289795,0.033324480056762695,2.9206275939941406e-06,13638,0.0032264506273006859
1083,1.7640144993783906,0.0016462659696117043,8.6911449432373047,2,230907,33,34,48,0.2005840539932251,0.03344261646270752,3.337860107421875e-06,13720,0.0032057938755663622
1084,1.7656607653480023,0.0016462659696117043,8.8024682998657227,2,240430,34,34,50,0.22027003765106201,0.033726096153259277,2.5033950805664062e-06,13922,0.0032515389520834728
1085,1.767307031317614,0.0016462659696117043,8.6377334594726562,2,183298,34,34,38,0.2310023307800293,0.033871650695800781,2.1457672119140625e-06,13795,0.0032556583361304956
1086,1.7689532972872257,0.0016462659696117043,8.4563446044921875,2,240429,33,34,50,0.20843291282653809,0.034158110618591309,2.5033950805664062e-06,13741,0.0032336891185397302
1087,1.7705995632568374,0.0016462659696117043,8.4668025970458984,2,188059,34,34,39,0.22471868991851807,0.034287452697753906,2.1457672119140625e-06,13881,0.0032858048100565681
1088,1.7722341995686293,0.0016346363117918372,8.6908102035522461,2,192820,34,34,40,0.24999964237213135,0.034264683723449707,2.7418136596679688e-06,13873,0.0033006722152831708
1089,1.773880465538241,0.0016462659696117043,8.6019220352172852,2,240430,34,34,50,0.21086311340332031,0.034594118595123291,3.2186508178710938e-06,13586,0.0031664632578523918
1090,1.7755267315078527,0.0016462659696117043,8.653935432434082,2,235668,33,34,49,0.2282111644744873,0.035236358642578125,2.3245811462402344e-06,13747,0.0032434508629774115
1091,1.7770679899258539,0.0015412584180012345,8.8575849533081055,2,183298,34,34,38,0.24999988079071045,0.033858776092529297,2.1457672119140625e-06,14648,0.0034894947997543431
1092,1.7787142558954656,0.0016462659696117043,8.3446760177612305,2,249952,34,34,52,0.21490228176116943,0.033960044384002686,2.3245811462402344e-06,10995,0.002511104943833616
1093,1.7803605218650773,0.0016462659696117043,8.5945243835449219,2,188059,34,34,39,0.2361454963684082,0.038411736488342285,2.3245811462402344e-06,11155,0.002790033864938324
1094,1.7818312343442813,0.0014707124792039394,8.8155879974365234,2,192820,34,34,40,0.2499997615814209,0.033435463905334473,2.5033950805664062e-06,17601,0.0050954458767919521
1095,1.7834490180248395,0.0016177836805582047,8.6015043258666992,2,216625,34,34,45,0.21764397621154785,0.03212440013885498,2.9206275939941406e-06,9865,0.0023010631449819881
1096,1.7850952839944512,0.0016462659696117043,8.813201904296875,2,235600,34,33,49,0.23810315132141113,0.043378233909606934,2.6226043701171875e-06,8074,0.0021284950304582074
1097,1.7865069049876183,0.0014116209931671619,8.9762506484985352,2,202342,34,34,42,0.24999988079071045,0.033555567264556885,2.0265579223632812e-06,19633,0.0065950584196934371
1098,1.7880596880568191,0.0015527830692008138,8.513697624206543,2,226147,34,34,47,0.2069326639175415,0.028732061386108398,2.1457672119140625e-06,11118,0.0025020907571553464
1099,1.7897059540264308,0.0016462659696117043,8.7774429321289062,2,207103,34,34,43,0.23823916912078857,0.049604892730712891,3.0994415283203125e-06,5015,0.001562496794325797
1100,1.7911064873915166,0.001400533365085721,9.0351715087890625,2,211864,34,34,44,0.24999988079071045,0.03579479455947876,2.5033950805664062e-06,21607,0.007638894376395265
1101,1.7926470740931109,0.0015405867015942931,8.629307746887207,2,235600,34,33,49,0.20154380798339844,0.025257587432861328,2.3245811462402344e-06,13570,0.0033784064474531614
1102,1.7942933400627226,0.0016462659696117043,8.7854518890380859,2,254644,34,33,53,0.22811496257781982,0.05648493766784668,3.337860107421875e-06,4143,0.0014484157767482436
1103,1.7957690333714709,0.0014756933087483048,8.984156608581543,2,202342,34,34,42,0.25,0.038083434104919434,2.5033950805664062e-06,23507,0.0080045440949184764
1104,1.7973922960227355,0.0016232626512646675,8.7244987487792969,2,245122,34,33,51,0.21372175216674805,0.023415088653564453,2.1457672119140625e-06,15663,0.004043365960620964
1105,1.7990385619923472,0.0016462659696117043,8.8311481475830078,2,207103,34,34,43,0.22781717777252197,0.061023533344268799,3.814697265625e-06,5364,0.0019456887726725628
1106,1.8003858590964228,0.001347297104075551,9.1549959182739258,2,211864,34,34,44,0.24999988079071045,0.039242446422576904,2.9802322387695312e-06,24632,0.0069952074158969165
1107,1.8018678858643398,0.0014820267679169774,8.7560443878173828,2,254712,33,34,53,0.19706988334655762,0.020325183868408203,2.3245811462402344e-06,13168,0.0024875607263895416
1108,1.8034981152741238,0.0016302294097840786,8.8467388153076172,2,216625,34,34,45,0.23295402526855469,0.066718876361846924,4.1723251342773438e-06,3700,0.0012865681765066898
1109,1.804902269388549,0.0014041541144251823,9.1610050201416016,2,202342,34,34,42,0.24999988079071045,0.043422877788543701,3.2186508178710938e-06,27047,0.010185673033690022
1110,1.8064468388911337,0.0015445695025846362,8.9313488006591797,2,259474,34,34,54,0.21185398101806641,0.017549514770507812,2.2649765014648438e-06,17826,0.004829142400877018
1111,1.8080931048607454,0.0016462659696117043,8.9996776580810547,2,264235,34,34,55,0.22653293609619141,0.066407501697540283,5.245208740234375e-06,4303,0.001659182110647366
1112,1.8095181148964912,0.0014250100357457995,9.2211112976074219,2,230908,34,34,48,0.25,0.045955181121826172,3.814697265625e-06,28586,0.0086254272405929169
1113,1.811085625900887,0.0015675110043957829,8.974064826965332,2,254644,34,33,53,0.22740340232849121,0.016607522964477539,2.5033950805664062e-06,18688,0.0041125332873509736
1114,1.8127318918704987,0.0016462659696117043,9.0017538070678711,2,235669,34,34,49,0.22673583030700684,0.06742560863494873,5.4240226745605469e-06,4612,0.0018182433271213504
1115,1.8141420917818323,0.0014101999113336205,9.3056201934814453,2,259474,34,34,54,0.2499997615814209,0.048072099685668945,4.1723251342773438e-06,30015,0.0090215808948809987
1116,1.8156933117425069,0.0015512199606746435,9.2465715408325195,2,245191,34,34,51,0.24291539192199707,0.015662193298339844,2.7418136596679688e-06,19012,0.0037879585588469324
1117,1.8173395777121186,0.0016462659696117043,9.0360240936279297,2,264235,34,34,55,0.22687339782714844,0.068690299987792969,6.7949295043945312e-06,4669,0.0017902501525440429
1118,1.8187814604025334,0.0014418826904147863,9.3552608489990234,2,268996,34,34,56,0.25,0.050086379051208496,4.8279762268066406e-06,31764,0.0099453201448021292
1119,1.8203675313852727,0.0015860709827393293,9.3094367980957031,2,254713,34,34,53,0.24368786811828613,0.015323281288146973,2.7418136596679688e-06,19942,0.0041935178319070484
1120,1.8220106553053483,0.0016431239200755954,9.1394319534301758,2,235669,34,34,49,0.23278045654296875,0.067792713642120361,7.0333480834960938e-06,5252,0.0020684101227418919
1121,1.8233677981188521,0.0013571428135037422,9.5653324127197266,2,240430,34,34,50,0.25,0.051492393016815186,5.1856040954589844e-06,32853,0.0091338690974413182
1122,1.8248606552369893,0.0014928571181371808,9.4066286087036133,2,264235,34,34,55,0.23514127731323242,0.014712333679199219,3.4570693969726562e-06,19610,0.0034456667965722357
1123,1.8264868019614369,0.001626146724447608,9.0056962966918945,2,245191,34,34,51,0.23385870456695557,0.070995330810546875,8.7618827819824219e-06,4485,0.0016104823220121746
