beginning_time_s,candidate,dt_s,x,y,z_face,beginning_momentum,stress_rate,buoyancy_rate,advection_rate,source_rate,pressure_gradient_rate,restoration_rate,total_rate,closure_residual,lower_vreman_m2_per_s,upper_vreman_m2_per_s
1.7722341995686293,0,0.0016462659696117043,34,34,0,0.010257205925881863,-5.657181717940415e-07,4.4936521824664561,-0.19985917860408617,0,-105.69320749969752,149.31397973753081,47.91456920172287,4.5257453820113369e-06,0.0001807318622013554,0.0001807318622013554
1.7722341995686293,0,0.0016462659696117043,34,34,1,-0.16329969465732574,0.011371500971232028,9.2022314470427329,2.4016139373723111,0,-121.10634843982353,60.063366375281738,-49.427765179155521,0,0.0001807318622013554,0.00019810818776022643
1.7722341995686293,0,0.0016462659696117043,34,34,2,-0.077928982675075531,0.12775387186356121,9.5065035314603303,0.043107724690705965,0,-28.706445375632271,53.275897853078327,34.246817605460649,-7.1054273576010019e-15,0.00019810818776022643,0.00037128396797925234
1.7722341995686293,0,0.0016462659696117043,34,34,3,-0.10463889688253403,0.13928037961386483,9.4287020084480115,1.3850998460751569,0,-83.208489845747749,61.291011014037799,-10.964401123318288,-4.5257453660241254e-06,0.00037128396797925234,0.00033426459413021803
1.7722341995686293,0,0.0016462659696117043,34,34,4,0.1831219494342804,0.14573861826306558,9.1715763107495576,-10.493130731741605,0,-150.94026108035058,76.348437419230478,-75.767634938103711,4.5257453678004822e-06,0.00033426459413021803,0.00063447270076721907
1.7722341995686293,0,0.0016462659696117043,34,34,5,0.39378446340560913,-0.08286922639525017,9.0965790527148211,1.6684069807642385,0,-123.23228112346254,68.688830608917115,-43.861333707461618,-7.1054273576010019e-15,0.00063447270076721907,0.00075145222945138812
1.7722341995686293,0,0.0016462659696117043,34,34,6,0.48308387398719788,-0.099703867751497255,9.1422155376334473,13.884498028012525,0,-63.273196973096638,74.684592389803584,34.338405114601422,0,0.00075145222945138812,0.00076775235356763005
1.7722341995686293,0,0.0016462659696117043,34,34,7,0.54382210969924927,0.0090034047041021702,9.1509604091330399,13.768077754002686,0,-36.78196366010323,73.268233220427774,59.414311128164371,0,0.00076775235356763005,0.00062732683727517724
1.7722341995686293,0,0.0016462659696117043,34,34,8,0.59912902116775513,0.12661734405642699,9.0234984478461229,-10.116851209827203,0,-14.988979032150965,81.393901289391934,65.438186839316316,0,0.00062732683727517724,0.00038147161831147969
1.7722341995686293,0,0.0016462659696117043,34,34,9,0.68373006582260132,0.19229269805634086,8.8473587007490178,-33.767636210969599,0,-42.172995344068731,88.513152204989112,21.612172048756136,0,0.00038147161831147969,0.00037873309338465333
1.7722341995686293,0,0.0016462659696117043,34,34,10,0.91309887170791626,0.074730239057649292,8.6223041319277414,-73.436699566242666,0,-178.96020971738346,125.48899879692959,-118.21087611571114,-1.4210854715202004e-14,0.00037873309338465333,0.00070901407161727548
1.7722341995686293,0,0.0016462659696117043,34,34,11,1.3537284135818481,-0.40917999363142771,8.5364773309303512,-36.99025656521242,0,-225.18642641275915,87.962785361504871,-166.08660027916778,0,0.00070901407161727548,0.0006392920040525496
1.7722341995686293,0,0.0016462659696117043,34,34,12,1.2903628349304199,-0.28005482091943767,8.7576810561562262,73.832720389479988,0,-2.0821325199060312,46.104166394120149,126.3323804989309,1.4210854715202004e-14,0.0006392920040525496,0.00030370338936336339
1.7722341995686293,0,0.0016462659696117043,34,34,13,1.0155746936798096,0.12974689698279163,8.8110260168837176,31.654366562888026,0,13.625896937322032,91.039966362397507,145.26100277647407,0,0.00030370338936336339,0.00048675565631128848
1.7722341995686293,0,0.0016462659696117043,34,34,14,1.2918992042541504,-0.0010850474535009716,8.4627806589725694,-116.6997840441594,0,-198.18894322219069,146.36112096207162,-160.06591069275939,0,0.00048675565631128848,0.00048874533968046308
1.7722341995686293,0,0.0016462659696117043,34,34,15,1.7927225828170776,-0.40840948548144418,8.3263639447443261,-52.328912787967347,0,-190.21056101068945,56.606792139657145,-178.01472719973677,-2.8421709430404007e-14,0.00048874533968046308,0.00050814775750041008
1.7722341995686293,0,0.0016462659696117043,34,34,16,1.5550007820129395,-0.18205376486504052,8.6413597828264503,127.99988233062027,0,93.384954173645923,-5.1933833319767881,224.6507591902508,-2.8421709430404007e-14,0.00050814775750041008,0.00025730865309014916
1.7722341995686293,0,0.0016462659696117043,34,34,17,1.1839996576309204,0.19501889392621635,8.6738489774325824,40.683844086091838,0,-6.5222145858126224,113.33907414705433,156.36957151869237,2.8421709430404007e-14,0.00025730865309014916,0.0005907611339353025
1.7722341995686293,0,0.0016462659696117043,34,34,18,1.7089139223098755,-0.12529243209808535,8.2473036987997652,-170.84261557816714,0,-246.87731022506603,177.72493467192623,-231.87297986460524,-2.8421709430404007e-14,0.0005907611339353025,0.0004411866539157927
1.7722341995686293,0,0.0016462659696117043,34,34,19,2.2430682182312012,-0.53262705305312086,8.2007603676517533,-78.970274126518774,0,-59.238603589750518,-46.557899522371216,-177.09864392404188,0,0.0004411866539157927,0.00033062134752981365
1.7722341995686293,0,0.0016462659696117043,34,34,20,1.6397155523300171,-0.12477819427992456,8.6096456221156767,174.34575973369382,0,147.68296446504948,-55.17513595091603,275.338455675663,0,0.00033062134752981365,0.00048158256686292589
1.7722341995686293,0,0.0016462659696117043,34,34,21,1.3558962345123291,0.24155204214713524,8.5039259073253213,35.705234526600314,0,-102.6906831945002,159.07813961033474,100.83816889190732,0,0.00048158256686292589,0.00037899805465713143
1.7722341995686293,0,0.0016462659696117043,34,34,22,2.0094802379608154,-0.072737213938418893,7.9961949795765133,-177.22210625785419,0,-246.96159770691796,225.43461828908863,-190.82562791004543,-2.8421709430404007e-14,0.00037899805465713143,0.0005554257077164948
1.7722341995686293,0,0.0016462659696117043,34,34,23,2.4216248989105225,-0.65050631422801708,8.1182034176873348,-72.280570755892114,0,76.891617379060236,-105.69070928825087,-93.611965561623435,0,0.0005554257077164948,0.0005650540697388351
1.7722341995686293,0,0.0016462659696117043,34,34,24,1.8835530281066895,-0.13029620932760363,8.5934400593664648,186.74000222185811,0,120.82972583105237,-110.26439135760835,205.76848054534099,0,0.0005650540697388351,0.00025234775966964662
1.7722341995686293,0,0.0016462659696117043,34,34,25,1.6898000240325928,0.12502711027551394,8.4337728939956591,31.158706929488957,0,-56.436696525507493,95.992652452384732,79.27346286063738,0,0.00025234775966964662,0.00056869658874347806
1.7722341995686293,0,0.0016462659696117043,34,34,26,2.2145609855651855,-0.24217772644513944,7.892497707250322,-227.00392954913605,0,-173.09788501311442,178.39105197910493,-214.06044260234037,-2.8421709430404007e-14,0.00056869658874347806,0.00028017302975058556
1.7722341995686293,0,0.0016462659696117043,34,34,27,2.7076380252838135,-0.4975706293833877,7.8029201947739377,-74.482182953681047,0,-151.95613704154994,8.6206397890663222,-210.51233064077411,0,0.00028017302975058556,0.00070505012990906835
1.7722341995686293,0,0.0016462659696117043,34,34,28,2.3749110698699951,-0.49876882047124749,8.2782716772419427,216.60564938895013,0,163.52119056520689,-121.80815577502435,266.09818703590338,0,0.00070505012990906835,0.00038864777889102697
1.7722341995686293,0,0.0016462659696117043,34,34,29,1.9563664197921753,-0.092742705647571574,8.533800918259594,72.944515705291096,0,147.11351707906695,-20.127329300375632,208.37176169659446,2.8421709430404007e-14,0.00038864777889102697,0.00052676774794235826
1.7722341995686293,0,0.0016462659696117043,34,34,30,2.1937005519866943,-0.12219682226202835,8.1261766496006,-164.12025442891917,0,-153.18431571826019,129.46694795117031,-179.83364236867047,2.8421709430404007e-14,0.00052676774794235826,0.00037680432433262467
1.7722341995686293,0,0.0016462659696117043,34,34,31,2.7905395030975342,-0.33679635355038007,7.6631453774779255,-159.705226889405,0,-291.5325863920595,180.13089332485794,-263.78057093267904,0,0.00037680432433262467,0.00073688867269083858
1.7722341995686293,0,0.0016462659696117043,34,34,32,2.916668176651001,-0.83608959476688061,7.9612782882952136,21.052029595263299,0,221.82799749132278,-187.46853860923986,62.53667717087454,-1.4210854715202004e-14,0.00073688867269083858,0.00051499553956091404
1.7722341995686293,0,0.0016462659696117043,34,34,33,2.2101407051086426,-0.31207277228846508,8.521412821733648,241.79312407748162,0,215.65097055670276,-170.50590012231535,295.14753456131422,-5.6843418860808015e-14,0.00051499553956091404,0.0005529188783839345
1.7722341995686293,0,0.0016462659696117043,34,34,34,2.0441219806671143,0.043341932013828695,8.2556440818065244,5.2869395403553998,0,-167.93317680382953,146.50967402823937,-7.8375772214143842,7.9936057773011271e-15,0.0005529188783839345,0.00048447857261635363
1.7722341995686293,0,0.0016462659696117043,34,34,35,2.8550646305084229,-0.37806096843738102,7.6154881472496516,-289.55240986394688,0,-255.19331304149395,229.13182640626752,-308.37646932036102,5.6843418860808015e-14,0.00048447857261635363,0.00041291053639724851
1.7722341995686293,0,0.0016462659696117043,34,34,36,3.2010018825531006,-0.75818171673826418,7.8483230380876128,-83.924553278877767,0,293.21992909147008,-262.97144007167083,-46.585922937729208,-5.6843418860808015e-14,0.00041291053639724851,0.00062362750759348273
1.7722341995686293,0,0.0016462659696117043,34,34,37,2.2400994300842285,-0.1663499941342097,8.5316653321610705,331.7639283526421,0,211.63109489731403,-231.81925021552095,319.94108837246205,5.6843418860808015e-14,0.00062362750759348273,0.00038801925256848335
1.7722341995686293,0,0.0016462659696117043,34,34,38,2.0059511661529541,0.0041919716529938474,8.3134763190726861,42.049170950626454,0,-179.37114739737467,140.10940112579331,11.105092969770778,1.2434497875801753e-14,0.00038801925256848335,0.00021021968859713525
1.7722341995686293,0,0.0016462659696117043,34,34,39,2.9571421146392822,-0.3831626149106197,7.5913353756230766,-328.28221812720835,0,-225.92709179774417,215.0810886991643,-331.92004846507575,0,0.00021021968859713525,0.00022753817029297352
1.7722341995686293,0,0.0016462659696117043,34,34,40,3.301621675491333,-0.77955907501401744,7.7674547568659973,-91.408760301462735,0,289.76935599421188,-267.77597136108329,-62.427479986482162,2.1316282072803006e-14,0.00022753817029297352,0.00035240367287769914
1.7722341995686293,0,0.0016462659696117043,34,34,41,2.3654627799987793,-0.48987177078344257,8.4754589689206465,344.48308315272192,0,211.5536141365051,-223.24249205360434,340.77979243375989,0,0.00035240367287769914,0.00037798882112838328
1.7722341995686293,0,0.0016462659696117043,34,34,42,2.1569807529449463,-0.16554328002123139,8.3977654980791385,54.135155869852859,0,-80.920472117271686,73.572978810955163,55.019884781594243,0,0.00037798882112838328,0.00040524810901843011
1.7722341995686293,0,0.0016462659696117043,34,34,43,2.95578932762146,-0.50630022649234152,7.7556029611669128,-350.19580481789637,0,-102.10907060495144,101.51123774398098,-343.54433494419226,0,0.00040524810901843011,0.00028820440638810396
1.7722341995686293,0,0.0016462659696117043,34,34,44,3.4068093299865723,-0.91281059607107318,7.5450188974619552,-71.930386681806226,0,30.810405565478803,-109.47597030743317,-143.96374312236972,0,0.00028820440638810396,0.00063189014326781034
1.7722341995686293,0,0.0016462659696117043,34,34,45,2.8336670398712158,-0.80577332365860976,7.98338825160344,282.69094540487282,0,165.07992968405983,-120.69489482485966,334.25359519201783,0,0.00063189014326781034,0.00051158847054466605
1.7722341995686293,0,0.0016462659696117043,34,34,46,2.5575132369995117,-0.58281191207297034,8.3853417613083696,123.22844329138509,0,81.754947152376261,-68.972649152833498,143.81327114016327,0,0.00051158847054466605,0.00039334924076683819
1.7722341995686293,0,0.0016462659696117043,34,34,47,2.6812825202941895,-0.552035146372859,8.2156789215601354,-37.056368653640959,0,-18.23839179900995,-9.3789374780298047,-57.010054155493435,7.1054273576010019e-15,0.00039334924076683819,0.00076608656672760844
1.7722341995686293,0,0.0016462659696117043,34,34,48,3.2192156314849854,-0.70836796883911168,7.6687471188150296,-264.21793896565646,0,13.972605238960416,-12.226174407942343,-255.51112898466246,2.8421709430404007e-14,0.00076608656672760844,0.00030872545903548598
1.7722341995686293,0,0.0016462659696117043,34,34,49,3.4368934631347656,-1.134397312499253,7.5387976947267354,-40.275078763880337,0,85.42275602760337,-118.76584111649572,-67.213763470545217,-1.4210854715202004e-14,0.00030872545903548598,0.00073657924076542258
1.7722341995686293,0,0.0016462659696117043,34,34,50,2.7771220207214355,-0.78191246260868064,8.0504767695964947,312.38055917988402,0,145.96506393287132,-93.427170326497873,372.18701709324529,5.6843418860808015e-14,0.00073657924076542258,0.00046192496665753424
1.7722341995686293,0,0.0016462659696117043,34,34,51,2.5336599349975586,-0.40258485118465276,8.1541367045233475,34.111085975938451,0,8.3446055271938242,50.358004986381395,100.56524834285237,1.4210854715202004e-14,0.00046192496665753424,0.00051510258344933391
1.7722341995686293,0,0.0016462659696117043,34,34,52,3.2393319606781006,-0.91576873639138423,7.5854864154448984,-242.62600605021441,0,-7.3241766661478556,24.82338752465559,-218.45707751265317,-2.8421709430404007e-14,0.00051510258344933391,0.00082094845129176974
1.7722341995686293,0,0.0016462659696117043,34,34,53,3.0029904842376709,-1.0093294705153699,7.7149634648597436,152.19060685790438,0,304.80352006818038,-224.98327475439521,238.71648616603389,-2.8421709430404007e-14,0.00082094845129176974,0.0011155197862535715
1.7722341995686293,0,0.0016462659696117043,34,34,54,2.0027978420257568,-0.51644298759443696,8.1402602034874114,159.97054418623102,0,193.17213637173964,-67.091966611030642,293.67453116283298,0,0.0011155197862535715,0.0013324993196874857
1.7722341995686293,0,0.0016462659696117043,34,34,55,2.0660898685455322,-0.85134305383296338,7.744813584194457,-90.302088836563101,0,-166.32664581382343,26.585893803243362,-223.14937031678167,0,0.0013324993196874857,0.0013519375352188945
1.7722341995686293,0,0.0016462659696117043,34,34,56,2.3208839893341064,-2.1470418915013361,7.1808293385969639,-54.457678588210705,0,-160.01877052894014,-70.957604868061438,-280.40026653811663,0,0.0013519375352188945,0.0016757401172071695
1.7722341995686293,0,0.0016462659696117043,34,34,57,2.0874629020690918,-0.95348799549575192,5.0953053382510269,57.212517900560464,0,130.72076044968088,-66.489354562944882,125.58574113005174,0,0.0016757401172071695,0.0011318038450554013
1.7722341995686293,0,0.0016462659696117043,34,34,58,2.0798122882843018,0.46610184892962941,1.6597674742741428,3.9633943571168087,0,111.64948667793813,-74.576897752875496,43.161852605383217,0,0.0011318038450554013,0.00075045478297397494
1.7722341995686293,0,0.0016462659696117043,34,34,59,1.8140101432800293,0.35117347981096808,0.057664254326524188,18.806463358398656,0,107.73844614331183,-69.975192268160029,56.978554967687948,-7.1054273576010019e-15,0.00075045478297397494,0.0005039406823925674
1.7722341995686293,0,0.0016462659696117043,34,34,60,1.3671592473983765,0.13946970101202386,0.002819733557613481,17.700153953128975,0,86.227686996904183,-58.071106107019595,45.999024277583196,0,0.0005039406823925674,0.00032838238985277712
1.7722341995686293,0,0.0016462659696117043,34,34,61,1.0725589990615845,0.058816499872766451,0.0031681087743630951,10.870116269934405,0,68.156856394634246,-49.234316718874204,29.854640554341579,0,0.00032838238985277712,0.00022610249288845807
1.7722341995686293,0,0.0016462659696117043,34,34,62,0.87025624513626099,0.024518141315533058,0.0015501520407363756,4.2713260723877413,0,58.670713060176787,-42.795339641986672,20.172767783934127,0,0.00022610249288845807,0.0001642628776608035
1.7722341995686293,0,0.0016462659696117043,34,34,63,0.72293192148208618,0.011862111630718342,0.00062894560249409585,2.334560493905907,0,50.310176909265238,-37.837331275439197,14.819897184965162,5.3290705182007514e-15,0.0001642628776608035,0.0001231890928465873
1.7722341995686293,0,0.0016462659696117043,34,34,64,0.61255651712417603,0.0060320233190621492,0.0003764321310207529,1.6095722908976582,0,43.535099877896805,-33.854096050601228,11.296984573643318,3.5527136788005009e-15,0.0001231890928465873,9.5398652774747461e-05
1.7722341995686293,0,0.0016462659696117043,34,34,65,0.52716183662414551,0.0033015505176029573,0.00021042789289445248,1.1671354231009743,0,38.330565109317611,-30.552836344733663,8.9483761660954215,0,9.5398652774747461e-05,7.5867428677156568e-05
1.7722341995686293,0,0.0016462659696117043,34,34,66,0.4592820405960083,0.0019117641960356751,0.0001519756946689884,0.8490841411729898,0,34.205130964817492,-27.750368088064217,7.30591075781697,-8.8817841970012523e-16,7.5867428677156568e-05,6.1635852034669369e-05
1.7722341995686293,0,0.0016462659696117043,34,34,67,0.40413886308670044,0.0011771579407089745,0.00012625672710449724,0.6233942708447876,0,30.787831147551532,-25.327863310043895,6.0846655230202389,8.8817841970012523e-16,6.1635852034669369e-05,5.0952647143276408e-05
1.7722341995686293,0,0.0016462659696117043,34,34,68,0.35858449339866638,0.00073687555898369473,9.5861589897134404e-05,0.46332770844469434,0,27.899934921195811,-23.205343038417144,5.1587523283722438,2.6645352591003757e-15,5.0952647143276408e-05,4.2739597120089456e-05
1.7722341995686293,0,0.0016462659696117043,34,34,69,0.32036295533180237,0.00048637362581200005,7.4818800607689154e-05,0.35045561880834719,0,25.41412401687905,-21.32614494109707,4.4389958870167465,-1.7763568394002505e-15,4.2739597120089456e-05,3.6302189982961863e-05
1.7722341995686293,0,0.0016462659696117043,34,34,70,0.28792968392372131,0.00034448957730867419,5.3776015634331037e-05,0.2686120394585596,0,23.23323973290465,-19.648831293436107,3.853418744520047,1.7763568394002505e-15,3.6302189982961863e-05,3.1152841984294355e-05
1.7722341995686293,0,0.0016462659696117043,34,34,71,0.26007270812988281,0.0002317972330197724,3.9747489441367539e-05,0.2091980541840622,0,21.322343314982614,-18.141685671850791,3.3901272420383477,1.3322676295501878e-15,3.1152841984294355e-05,2.6980982511304319e-05
1.7722341995686293,0,0.0016462659696117043,34,34,72,0.23593102395534515,0.000161422534682358,4.6761752537849285e-05,0.16509919125637307,0,19.628193894529058,-16.780513441569834,3.0129878285028191,0,2.6980982511304319e-05,2.3549708203063346e-05
1.7722341995686293,0,0.0016462659696117043,34,34,73,0.21484221518039703,0.00011586421945353464,5.6114104771853992e-05,0.131572469523171,0,18.103397865983769,-15.546053030279994,2.6890892835511715,4.4408920985006262e-16,2.3549708203063346e-05,2.0710011085611768e-05
1.7722341995686293,0,0.0016462659696117043,34,34,74,0.19631868600845337,9.0480512588738641e-05,3.6240357893126659e-05,0.10531409486117878,0,16.720927477971109,-14.422753976874997,2.4036143168277748,8.8817841970012523e-16,2.0710011085611768e-05,1.8313105101697147e-05
1.7722341995686293,0,0.0016462659696117043,34,34,75,0.17993587255477905,6.2457855101119648e-05,2.8057052385926996e-05,0.08540986670477721,0,15.47746988487706,-13.397654546602697,2.1653157198866273,-8.8817841970012523e-16,1.8313105101697147e-05,1.6270794731099159e-05
1.7722341995686293,0,0.0016462659696117043,34,34,76,0.16534993052482605,5.2804645697902025e-05,4.6761752537849285e-05,0.070149053302461156,0,14.351075221636005,-12.460019671435129,1.9613041699015727,-1.1102230246251565e-15,1.6270794731099159e-05,1.4521247067023069e-05
1.7722341995686293,0,0.0016462659696117043,34,34,77,0.15231131017208099,3.4400802715192652e-05,5.6114104771853992e-05,0.05784807737497151,0,13.326482674845632,-11.600562521864124,1.7838587452639665,0,1.4521247067023069e-05,1.3019092875765637e-05
1.7722341995686293,0,0.0016462659696117043,34,34,78,0.14061406254768372,2.3612945799565114e-05,3.9747489441367539e-05,0.04779187115316063,0,12.38922796228951,-10.811661742679272,1.6254214511986402,-2.2204460492503131e-16,1.3019092875765637e-05,1.1720542715920601e-05
1.7722341995686293,0,0.0016462659696117043,34,34,79,0.13011865317821503,3.0928068223303342e-05,2.3380876268924642e-05,0.0395821690440855,0,11.522357641795315,-10.086646385198776,1.4753477345851167,-6.6613381477509392e-16,1.1720542715920601e-05,1.0574976840871386e-05
1.7722341995686293,0,0.0016462659696117043,34,34,80,0.12063232809305191,1.9388059752469263e-05,3.0395139365406391e-05,0.03325517701074094,0,10.741784234099271,-9.4195288882923709,1.3555603060167594,2.2204460492503131e-16,1.0574976840871386e-05,9.5620516731287353e-06
1.7722341995686293,0,0.0016462659696117043,34,34,81,0.11203437298536301,1.3843700552005472e-05,2.6888007817165518e-05,0.027923848959753889,0,10.024254459467954,-8.8051363249971697,1.2470827151389081,1.1102230246251565e-15,9.5620516731287353e-06,8.6764421212137677e-06
1.7722341995686293,0,0.0016462659696117043,34,34,82,0.10427132993936539,1.5163173705373411e-05,2.1042789289445247e-05,0.023438835293770728,0,9.3559828974910886,-8.2392144946612831,1.1402434440865727,8.8817841970012523e-16,8.6764421212137677e-06,7.8699767982470803e-06
1.7722341995686293,0,0.0016462659696117043,34,34,83,0.097199119627475739,7.9984820242852025e-06,3.2733226344885787e-05,0.019994743063888605,0,8.7522484645524887,-7.7179889256424987,1.0542950136822475,4.4408920985006262e-16,7.8699767982470803e-06,7.1509989538753871e-06
1.7722341995686293,0,0.0016462659696117043,34,34,84,0.090758711099624634,7.5471919543787014e-06,4.6761752537849285e-05,0.017025854098313475,0,8.1907980706464603,-7.2377892384422182,0.97008899524704806,1.1102230246251565e-16,7.1509989538753871e-06,6.5104081841127481e-06
1.7722341995686293,0,0.0016462659696117043,34,34,85,0.084886260330677032,9.88528109190166e-06,4.4423663400326329e-05,0.01447785945255311,0,7.6742792768170034,-6.7952211240296787,0.89359032118437054,2.2204460492503131e-16,6.5104081841127481e-06,5.9348772083467338e-06
1.7722341995686293,0,0.0016462659696117043,34,34,86,0.079559504985809326,3.4727366499328705e-06,3.2733226344885787e-05,0.012264769964494821,0,7.1893366084644024,-6.3875193519811484,0.81411823241074366,0,5.9348772083467338e-06,5.4121751418279018e-06
1.7722341995686293,0,0.0016462659696117043,34,34,87,0.074698254466056824,5.9612543720622875e-06,2.5718963248404038e-05,0.010526883740743525,0,6.7527379522006328,-6.0122445455398532,0.75105197061914386,2.2204460492503131e-16,5.4121751418279018e-06,4.9274931370746344e-06
1.7722341995686293,0,0.0016462659696117043,34,34,88,0.070247843861579895,5.8108236294122657e-06,3.0395139365406391e-05,0.0090876967116994833,0,6.3574050422602078,-5.6669165962406476,0.69961234869425526,1.2212453270876722e-15,4.9274931370746344e-06,4.4902226363774389e-06
1.7722341995686293,0,0.0016462659696117043,34,34,89,0.066202670335769653,6.6790067128737023e-06,3.8578447030649621e-05,0.0077933335346347162,0,5.9866333524663933,-5.349417455248334,0.64505448820643796,8.8817841970012523e-16,4.4902226363774389e-06,4.0834697756508831e-06
1.7722341995686293,0,0.0016462659696117043,34,34,90,0.062507741153240204,5.5099643021557855e-06,3.9747489441367539e-05,0.0066935774086670993,0,5.6498500104339646,-5.0579685046307921,0.59862034066558301,-2.2204460492503131e-16,4.0834697756508831e-06,3.718253083206946e-06
1.7722341995686293,0,0.0016462659696117043,34,34,91,0.059169840067625046,2.1532613385213699e-06,3.8578447030649621e-05,0.0057069649170582906,0,5.3321132678094978,-4.7911011400140451,0.54675982442087956,-2.2204460492503131e-16,3.718253083206946e-06,3.3716398775140988e-06
1.7722341995686293,0,0.0016462659696117043,34,34,92,0.056137651205062866,2.454122823821413e-06,2.9226094796644914e-05,0.0049285367126696896,0,5.0422415394549178,-4.5472019331721363,0.49999982321307129,-4.9960036108132044e-16,3.3716398775140988e-06,3.0529247396771098e-06
1.7722341995686293,0,0.0016462659696117043,34,34,93,0.053384445607662201,1.4355089977099553e-06,2.5718963248404038e-05,0.0042360976703937833,0,4.786559554530883,-4.3248226455852734,0.46600016108824943,-1.6653345369377348e-16,3.0529247396771098e-06,2.750492058112286e-06
1.7722341995686293,0,0.0016462659696117043,34,34,94,0.050925262272357941,1.2098639627567043e-06,3.2733226344885787e-05,0.0036047561906716328,0,4.5390736944798,-4.1227707433473135,0.41994165041346571,-1.6653345369377348e-16,2.750492058112286e-06,2.4684793515916681e-06
1.7722341995686293,0,0.0016462659696117043,34,34,95,0.048702813684940338,3.3223080653264121e-06,3.7409400303844577e-05,0.0031408672898005185,0,4.3166559380572549,-3.9401071342930791,0.37973040276234526,-3.3306690738754696e-16,2.4684793515916681e-06,2.2029332740203245e-06
1.7722341995686293,0,0.0016462659696117043,34,34,96,0.04671863466501236,1.3602925473631629e-06,2.8057052385926996e-05,0.0026792412616165806,0,4.119994198560148,-3.7757818454957199,0.34692101167097805,5.5511151231257827e-17,2.2029332740203245e-06,1.9570022686821176e-06
1.7722341995686293,0,0.0016462659696117043,34,34,97,0.044965058565139771,-7.5214939716298174e-07,2.3380876268924642e-05,0.002249295451053109,0,3.9436847360115044,-3.6289734541697918,0.31698320601963736,0,1.9570022686821176e-06,1.7255877082789084e-06
1.7722341995686293,0,0.0016462659696117043,34,34,98,0.043427597731351852,-6.0171865451296019e-07,1.8704700151922288e-05,0.0018827100757305701,0,3.7739624958552302,-3.4990098871272033,0.27685342178525524,4.9960036108132044e-16,1.7255877082789084e-06,1.5032468354547746e-06
1.7722341995686293,0,0.0016462659696117043,34,34,99,0.042100090533494949,1.093828927681023e-06,1.169043759495143e-06,0.0015478049180284977,0,3.6285254053777312,-3.3854770386662008,0.24459843450224614,8.3266726846886741e-17,1.5032468354547746e-06,1.2916116247652099e-06
1.7722341995686293,0,0.0016462659696117043,34,34,100,0.040972668677568436,2.2564503495325082e-07,-7.014263096481749e-06,0.001264945832131477,0,3.5000327055818068,-3.2882006675898716,0.21309019520600522,3.0531133177191805e-16,1.2916116247652099e-06,1.0840049071703106e-06
1.7722341995686293,0,0.0016462659696117043,34,34,101,0.040021747350692749,-7.5214831814120024e-08,2.3380875189902861e-06,0.0010544986722240935,0,3.406854396941954,-3.2073074947686981,0.20060366371816712,-5.5511151231257827e-17,1.0840049071703106e-06,8.8271576714760158e-07
1.7722341995686293,0,0.0016462659696117043,34,34,102,0.039245687425136566,0,-0,0.00086441736650129549,0,3.3204941237085626,-3.1439674253819501,0.17739111569311403,1.9428902930940239e-16,8.8271576714760158e-07,6.791845521547657e-07
1.7722341995686293,0,0.0016462659696117043,34,34,103,0.038636453449726105,6.7693510485975242e-07,-2.1042789289445247e-05,0.00067886180615284988,0,3.2797307351217713,-3.0990607169049391,0.18132851416880055,-2.7755575615628914e-17,6.791845521547657e-07,4.8926676754490472e-07
1.7722341995686293,0,0.0016462659696117043,34,34,104,0.038197565823793411,6.7693510485975242e-07,-2.1042789289445247e-05,0.00050688348192746123,0,3.2704099625232925,-3.0724878029394294,0.19840867721160624,1.9428902930940239e-16,4.8926676754490472e-07,3.070286140882672e-07
1.7722341995686293,0,0.0016462659696117043,34,34,105,0.037896756082773209,3.315881411595628e-06,-3.2733226344885787e-05,0.00035979675726101042,0,3.3043304241040632,-3.0713065833967232,0.23335422011966778,1.1102230246251565e-16,3.070286140882672e-07,1.2617363154276973e-07
1.7722341995686293,0,0.0016462659696117043,34,34,106,0.03775816410779953,-3.4168087929526826e-07,-2.454991867964256e-05,-0.0001131436343588083,0,3.4149600069074189,-3.1132579801442821,0.30156399152921898,0,1.2617363154276973e-07,1.2617363154276973e-07
1.773880465538241,0,0.0016462659696117043,33,34,0,0.01013408787548542,2.8285908589702075e-07,4.3531840775509103,-0.098230171913973777,0,-190.35877012020876,167.83797322413463,-18.265852890505176,-1.0182927059787517e-05,0.0001699077693047002,0.0001699077693047002
1.773880465538241,0,0.0016462659696117043,33,34,1,-0.21037003397941589,-0.0081084385563239981,9.1342015740118132,3.64775077172798,0,-6.6831681943060888,56.885632363661742,62.976308076539119,0,0.0001699077693047002,0.00018945298506878316
1.773880465538241,0,0.0016462659696117043,33,34,2,0.0068370578810572624,0.10173366455189428,9.6356886702985296,-0.50279220810904668,0,-29.481415910554865,52.394300757135987,32.14751271044981,-2.2628726910056685e-06,0.00018945298506878316,0.00065785524202510715
1.773880465538241,0,0.0016462659696117043,33,34,3,-0.06535426527261734,0.19492272183701137,9.6345029250104499,0.17328173889320209,0,21.811743842528951,58.114123316802811,89.928574545072422,0,0.00065785524202510715,0.00068518123589456081
1.773880465538241,0,0.0016462659696117043,33,34,4,0.062412362545728683,0.20948091326995924,9.3809061772676472,-4.0037051711661649,0,-57.743682006421324,63.450665026461117,11.293664939411229,-7.1054273576010019e-15,0.00068518123589456081,0.00031115551246330142
1.773880465538241,0,0.0016462659696117043,33,34,5,0.27869608998298645,0.17380050245673723,9.0664681373029126,-17.37596576047337,0,-92.238202707711025,69.281513171651554,-31.092386656773197,-1.0658141036401503e-14,0.00031115551246330142,0.00046107088564895093
1.773880465538241,0,0.0016462659696117043,33,34,6,0.48726528882980347,0.072458314879724428,8.8171555732751052,-26.022094547488045,0,-90.964983813035232,70.028107283076963,-38.069357189291495,-1.4210854715202004e-14,0.00046107088564895093,0.00058791757328435779
1.773880465538241,0,0.0016462659696117043,33,34,7,0.68457329273223877,0.04099307016453984,8.609480432409514,-24.970818205970492,0,-110.57205152815682,75.940830687834804,-50.951565543718452,-7.1054273576010019e-15,0.00058791757328435779,0.00082322972593829036
1.773880465538241,0,0.0016462659696117043,33,34,8,0.86709535121917725,-0.16124891337914282,8.549591243870708,3.4527092490748919,0,-98.885870955300703,70.996888337910818,-16.047931037823421,1.0658141036401503e-14,0.00082322972593829036,0.00054856383940204978
1.773880465538241,0,0.0016462659696117043,33,34,9,0.82650184631347656,0.067826780207246612,8.6729806000388798,43.305047189027725,0,-0.67806527496696378,71.625315237611886,122.99310453191877,0,0.00054856383940204978,0.00054295058362185955
1.773880465538241,0,0.0016462659696117043,33,34,10,0.66111379861831665,0.25910344842704536,8.6832987337742313,12.979186026308582,0,8.2876897533659708,93.343027668497925,123.55230563037375,0,0.00054295058362185955,0.00058097724104300141
1.773880465538241,0,0.0016462659696117043,33,34,11,1.0023043155670166,0.076975574481499845,8.3699480041356829,-92.14891880296581,0,-195.39518249962151,122.85548566657546,-156.24169205739466,2.8421709430404007e-14,0.00058097724104300141,0.00073669338598847389
1.773880465538241,0,0.0016462659696117043,33,34,12,1.5087393522262573,-0.44253982850395052,8.1932951506567591,-38.190339414638679,0,-232.9076738750712,58.987044558862515,-204.36021340869453,2.8421709430404007e-14,0.00073669338598847389,0.00066781503846868873
1.773880465538241,0,0.0016462659696117043,33,34,13,1.3539676666259766,-0.22155673336507484,8.4259003599169731,96.378318370205548,0,18.915370895087069,22.44364198893215,145.94167488077667,0,0.00066781503846868873,0.00031659324304200709
1.773880465538241,0,0.0016462659696117043,33,34,14,1.0425831079483032,0.15428435696618639,8.458969415649193,24.258140030380481,0,-11.236737851219939,103.1854014728614,124.82005742463733,0,0.00031659324304200709,0.00039197027217596769
1.773880465538241,0,0.0016462659696117043,33,34,15,1.4892647266387939,0.0055751525830302793,8.0664718851858002,-148.26544599771012,0,-234.68802969341539,162.05061296624635,-212.83081568711032,2.8421709430404007e-14,0.00039197027217596769,0.00063872314058244228
1.773880465538241,0,0.0016462659696117043,33,34,16,2.0394904613494873,-0.66223704623833834,7.9848206500144219,-54.866154262718247,0,-119.86208526405285,10.452371868900189,-156.95328405409481,0,0.00063872314058244228,0.00051193073159083724
1.773880465538241,0,0.0016462659696117043,33,34,17,1.5417430400848389,-0.13106728319575892,8.3493139995376673,133.93317072235916,0,117.97894071676633,-8.0926844366758761,252.03767371879155,5.6843418860808015e-14,0.00051193073159083724,0.00025545098469592631
1.773880465538241,0,0.0016462659696117043,33,34,18,1.2934253215789795,0.04520427623537468,8.2778224970135383,24.931208882454158,0,-122.64444110827867,160.7862645325043,71.39605907992869,-1.4210854715202004e-14,0.00025545098469592631,0.00037378948763944209
1.773880465538241,0,0.0016462659696117043,33,34,19,2.0011935234069824,-0.16105091201901492,7.8057227625970054,-161.28387928790508,0,-289.56102688313968,205.77130461045459,-237.42892971001217,-2.8421709430404007e-14,0.00037378948763944209,0.00065124197863042355
1.773880465538241,0,0.0016462659696117043,33,34,20,2.2626924514770508,-0.5770127350939096,7.9227681551866773,-16.555393815158801,0,106.47869586687011,-75.118394135426001,22.150663336378077,3.5527136788005009e-15,0.00065124197863042355,0.00024753011530265212
1.773880465538241,0,0.0016462659696117043,33,34,21,1.667043924331665,-0.19260950023254553,8.3026727991459346,135.07916186307116,0,133.89761646669825,-37.567017555719879,239.51982407296293,0,0.00024753011530265212,0.00051882269326597452
1.773880465538241,0,0.0016462659696117043,33,34,22,1.67438805103302,-0.15297132508945241,8.0520986835950286,-43.008773793841122,0,-178.02385110241147,133.74258253315443,-79.390915004592571,1.4210854715202004e-14,0.00051882269326597452,0.00043534862925298512
1.773880465538241,0,0.0016462659696117043,33,34,23,2.2807009220123291,-0.47974880981736001,7.6089925712011119,-150.72383088505831,0,-277.08662439290487,189.99984230605961,-230.68136921051979,2.8421709430404007e-14,0.00043534862925298512,0.00078328268136829138
1.773880465538241,0,0.0016462659696117043,33,34,24,2.4674210548400879,-0.92534917363071634,7.8130267499130381,17.582194925691859,0,105.60149779543164,-89.867255220995332,40.204115076410496,7.1054273576010019e-15,0.00078328268136829138,0.00077231257455423474
1.773880465538241,0,0.0016462659696117043,33,34,25,1.9924272298812866,-0.35014956527740665,8.2745486859533663,166.15191583641044,0,143.40211622439409,-86.69373015257348,230.78470102890699,2.8421709430404007e-14,0.00077231257455423474,0.00036015358637087047
1.773880465538241,0,0.0016462659696117043,33,34,26,1.8453447818756104,-0.15551931973521277,8.092083643977432,15.067908031479671,0,-54.178240965816691,97.230968798733528,66.057200188638731,0,0.00036015358637087047,0.00066773802973330021
1.773880465538241,0,0.0016462659696117043,33,34,27,2.350703239440918,-0.54991144035594419,7.5337520543525045,-229.66905048518464,0,-177.11920891102292,184.20703305074062,-215.59738573147041,-5.6843418860808015e-14,0.00066773802973330021,0.00065127614652737975
1.773880465538241,0,0.0016462659696117043,33,34,28,2.9270913600921631,-1.0385782314334655,7.421255035864057,-87.216689082070644,0,-128.7780932992309,-18.974386614768626,-228.58649219163956,2.8421709430404007e-14,0.00065127614652737975,0.00082783127436414361
1.773880465538241,0,0.0016462659696117043,33,34,29,2.5380492210388184,-0.77688435949777523,7.9362514820932164,239.76211437732425,0,179.56231488198731,-134.60088109190963,291.88291528999741,0,0.00082783127436414361,0.00052753952331840992
1.773880465538241,0,0.0016462659696117043,33,34,30,2.029263973236084,-0.27248211747180268,8.2191116994265805,78.216755624670597,0,145.53638533101267,13.090917628110592,244.79068816574863,0,0.00052753952331840992,0.00072435761103406549
1.773880465538241,0,0.0016462659696117043,33,34,31,2.3326706886291504,-0.38539380738017542,7.782706518777565,-194.0940850134397,0,-171.37940518552833,140.60382975645055,-217.4723477311201,0,0.00072435761103406549,0.00068805180490016937
1.773880465538241,0,0.0016462659696117043,33,34,32,3.0460309982299805,-0.91309458659331377,7.363114482194268,-145.55492278406601,0,-280.712072291428,126.47365616653668,-293.34331901335639,0,0.00068805180490016937,0.00067787099396809936
1.773880465538241,0,0.0016462659696117043,33,34,33,2.8417642116546631,-0.72946473090165509,7.7540008473043915,184.15482405210207,0,274.78168037672873,-210.94390571967236,255.01713482556116,-5.6843418860808015e-14,0.00067787099396809936,0.00049468321958556771
1.773880465538241,0,0.0016462659696117043,33,34,34,2.1076598167419434,-0.27501031198155024,8.2307637966110221,136.94007594907885,0,226.95374808442523,-73.489994743771035,298.35958277436254,5.6843418860808015e-14,0.00049468321958556771,0.00081021070946007967
1.773880465538241,0,0.0016462659696117043,33,34,35,2.359757661819458,-0.22934101540896085,7.8486686918905786,-186.28040372760188,0,-206.49288945294134,162.96412561856863,-222.18983988549297,0,0.00081021070946007967,0.00064973736880347133
1.773880465538241,0,0.0016462659696117043,33,34,36,3.1243607997894287,-0.83196833788536106,7.3806132766842012,-156.24524024176816,0,-269.06171751895528,130.48426309939873,-288.27404972252583,5.6843418860808015e-14,0.00064973736880347133,0.00050097308121621609
1.773880465538241,0,0.0016462659696117043,33,34,37,2.8137965202331543,-0.63982555514454564,7.7939790190687335,226.80269680681084,0,354.4860666089304,-265.12772240379024,323.31519447587522,5.6843418860808015e-14,0.00050097308121621609,0.0006077777361497283
1.773880465538241,0,0.0016462659696117043,33,34,38,2.0901715755462646,-0.15464698231430637,8.2770927205719236,121.0880915829834,0,243.68264087425521,-97.009388305205235,275.88378989029098,-5.6843418860808015e-14,0.0006077777361497283,0.00040365618770010769
1.773880465538241,0,0.0016462659696117043,33,34,39,2.4148030281066895,-0.22443284455047574,7.8611393832696059,-207.18992665251758,0,-202.29205639050451,138.12973148116262,-263.71554502314035,5.6843418860808015e-14,0.00040365618770010769,0.0007846174412406981
1.773880465538241,0,0.0016462659696117043,33,34,40,3.1597602367401123,-0.93328563386281493,7.3424652032056139,-168.72587015763807,0,-226.08596356336542,94.780983694800142,-293.62167045686056,0,0.0007846174412406981,0.00029785046353936195
1.773880465538241,0,0.0016462659696117043,33,34,41,2.9646470546722412,-0.7972892482362145,7.7010422720882366,161.36765988627508,0,332.67501520544374,-257.00368360316088,243.94274451240997,2.8421709430404007e-14,0.00029785046353936195,0.00079600175376981497
1.773880465538241,0,0.0016462659696117043,33,34,42,2.2768979072570801,-0.31316630551454294,8.2471962123471236,183.68602924324517,0,224.61484287495995,-140.77269436785838,275.46220765717931,-5.6843418860808015e-14,0.00079600175376981497,0.00045943161239847541
1.773880465538241,0,0.0016462659696117043,33,34,43,2.378554105758667,-0.13085853319036692,7.9265816613827411,-82.111213828245269,0,-142.52593191991949,83.223895483002039,-133.61752713697035,0,0.00045943161239847541,0.00068400852615013719
1.773880465538241,0,0.0016462659696117043,33,34,44,3.2704365253448486,-0.78908520330885734,7.2279536623074074,-299.17667894722962,0,-167.75120563381756,113.38491089620578,-347.10410522584283,0,0.00068400852615013719,0.00071520480560138822
1.773880465538241,0,0.0016462659696117043,33,34,45,3.4799473285675049,-1.0113140098620235,7.3015931967298382,-55.169053349132902,0,229.48179324457544,-219.72399656976788,-39.120977487457495,1.4210854715202004e-14,0.00071520480560138822,0.00046044975169934332
1.773880465538241,0,0.0016462659696117043,33,34,46,2.5774729251861572,-0.50520839042077903,7.9235205603551639,298.9264233310094,0,115.43967170808773,-116.29688408795305,305.48752312107848,0,0.00046044975169934332,0.000692555564455688
1.773880465538241,0,0.0016462659696117043,33,34,47,2.6744484901428223,-0.45927660061647724,7.8380518589605197,-59.074228517754037,0,-143.13259903586066,57.825991737544669,-137.002060557726,0,0.000692555564455688,0.00087440380593761802
1.773880465538241,0,0.0016462659696117043,33,34,48,3.5767130851745605,-1.3284459997608427,7.315029569028118,-236.7284891499144,0,-65.609260014466827,-28.631675536302595,-324.98284113141654,0,0.00087440380593761802,0.0010170970344915986
1.773880465538241,0,0.0016462659696117043,33,34,49,3.2070102691650391,-0.90120488777671837,7.554412647704595,226.38415587459076,0,258.09652439019646,-177.00038094047395,314.13350708424116,0,0.0010170970344915986,0.00060052354820072651
1.773880465538241,0,0.0016462659696117043,33,34,50,2.5488910675048828,-0.59186170566715957,7.946741028434622,116.29196007698576,0,112.31524192548686,-7.7295386278378455,228.23254269740224,0,0.00060052354820072651,0.0011263007763773203
1.773880465538241,0,0.0016462659696117043,33,34,51,3.1578974723815918,-0.9797169528128109,7.4737632994154648,-308.73476353015775,0,-154.5321188967053,71.208874251245476,-385.56396182901494,0,0.0011263007763773203,0.00053945626132190228
1.773880465538241,0,0.0016462659696117043,33,34,52,3.7275669574737549,-1.3438148653339714,7.0901356641676303,-101.06199415514128,0,-82.42084722377696,-85.991334470474001,-263.72785505055856,0,0.00053945626132190228,0.00087548152077943087
1.773880465538241,0,0.0016462659696117043,33,34,53,3.0120587348937988,-0.82707544141751432,7.5329990834658469,343.10928409284651,0,214.00548195051422,-181.05153855189019,382.7691511335189,0,0.00087548152077943087,0.00056020484771579504
1.773880465538241,0,0.0016462659696117043,33,34,54,2.3397018909454346,-1.1848050644787893,7.9018801431295262,169.98844449919341,0,227.12101963346129,-99.577839320057677,304.24869989124772,0,0.00056020484771579504,0.001187975867651403
1.773880465538241,0,0.0016462659696117043,33,34,55,1.837828516960144,-0.58106044861309591,7.7588926123358952,106.83800384363069,0,116.5412019262421,-28.64079943897729,201.91623849461828,0,0.001187975867651403,0.0012605587253347039
1.773880465538241,0,0.0016462659696117043,33,34,56,1.7203128337860107,-1.1414144807021864,7.2699978368351408,-8.3443158794898658,0,-54.381428830143612,-22.963052734055818,-79.560214087556346,0,0.0012605587253347039,0.0015743374824523926
1.773880465538241,0,0.0016462659696117043,33,34,57,2.0756938457489014,-0.91932738655105462,4.6260938779605887,-35.825800383373064,0,13.295698554809286,-62.319875864461565,-81.143211201615799,1.4210854715202004e-14,0.0015743374824523926,0.0011434922926127911
1.773880465538241,0,0.0016462659696117043,33,34,58,2.0580344200134277,0.41084603364736111,1.2114707562244733,10.573444609154862,0,77.397197446319893,-80.495558935564489,9.0973999097820943,-3.5527136788005009e-15,0.0011434922926127911,0.00071207236032932997
1.773880465538241,0,0.0016462659696117043,33,34,59,1.7026053667068481,0.34435033084259409,0.040519055792328257,27.115659453783547,0,77.015948655984445,-75.444971921639265,29.071505574763652,3.5527136788005009e-15,0.00071207236032932997,0.00048818002687767148
1.773880465538241,0,0.0016462659696117043,33,34,60,1.3172626495361328,0.13975584115282544,0.0040542438625942694,15.449663705297038,0,67.390376158033931,-63.018433714483592,19.965416233862801,3.5527136788005009e-15,0.00048818002687767148,0.00032686986378394067
1.773880465538241,0,0.0016462659696117043,33,34,61,1.0514907836914062,0.055127755527031183,0.0023673137087408479,9.8908897947765411,0,56.434162108097851,-53.585332115813543,12.797214856296623,3.5527136788005009e-15,0.00032686986378394067,0.00022755723330192268
1.773880465538241,0,0.0016462659696117043,33,34,62,0.86046689748764038,0.024377134127606361,0.0012204817097304303,4.2002899729919072,0,50.224694630634474,-46.494575293093284,7.9560069263704367,1.7763568394002505e-15,0.00022755723330192268,0.00016547566337976605
1.773880465538241,0,0.0016462659696117043,33,34,63,0.71942818164825439,0.011858707722709808,0.00052373162151817258,2.2481368602372749,0,43.989991596963705,-40.972984906568463,5.2775259899767466,1.7763568394002505e-15,0.00016547566337976605,0.00012453156523406506
1.773880465538241,0,0.0016462659696117043,33,34,64,0.61221849918365479,0.006133661370061042,0.00034720600601149807,1.6455248121515131,0,38.490848907495675,-36.528232271435542,3.6146223155877206,3.9968028886505635e-15,0.00012453156523406506,9.6668423793744296e-05
1.773880465538241,0,0.0016462659696117043,33,34,65,0.52844846248626709,0.0033494469306014781,0.00019873744289075057,1.181147130779969,0,34.168255191507271,-32.853508057276422,2.4994424493843113,0,9.6668423793744296e-05,7.6964955951552838e-05
1.773880465538241,0,0.0016462659696117043,33,34,66,0.46140125393867493,0.0019485718820010938,0.00013327099020097899,0.85674170234639391,0,30.662395588755984,-29.747832963506863,1.7733861704677152,-1.5543122344752192e-15,7.6964955951552838e-05,6.2550840084441006e-05
1.773880465538241,0,0.0016462659696117043,33,34,67,0.40666472911834717,0.0011958626365448097,0.00010755203126866207,0.6300380650543369,0,27.70981740951002,-27.077009588286579,1.2641493009455909,8.8817841970012523e-16,6.2550840084441006e-05,5.1724910008488223e-05
1.773880465538241,0,0.0016462659696117043,33,34,68,0.36129888892173767,0.00077835941459198515,7.2480715786253319e-05,0.46861377904193791,0,25.175870677391647,-24.74896616771974,0.89636912884422293,-1.2212453270876722e-15,5.1724910008488223e-05,4.3393141822889447e-05
1.773880465538241,0,0.0016462659696117043,33,34,69,0.32313564419746399,0.00050040214768887637,6.0790278730812783e-05,0.3555063506461244,0,22.988433114115185,-22.697970775989251,0.64652988119847676,-1.9984014443252818e-15,4.3393141822889447e-05,3.6862085835309699e-05
1.773880465538241,0,0.0016462659696117043,33,34,70,0.29066333174705505,0.00033690799045598752,4.3254620989608412e-05,0.27311968185141455,0,21.051450299855382,-20.875398804793075,0.44955133952516585,-2.6090241078691179e-15,3.6862085835309699e-05,3.1646064599044621e-05
1.773880465538241,0,0.0016462659696117043,33,34,71,0.26273339986801147,0.00023122990926356744,2.2211831700163165e-05,0.21276434153905185,0,19.356920716790381,-19.244302068894999,0.32563643117539903,2.0539125955565396e-15,3.1646064599044621e-05,2.7411102564656176e-05
1.773880465538241,0,0.0016462659696117043,33,34,72,0.23849254846572876,0.00016933937683963096,1.1690438134462321e-05,0.16790515338847153,0,17.840234823955932,-17.776503277594301,0.23181772956507515,-1.1379786002407855e-15,2.7411102564656176e-05,2.3936572688398883e-05
1.773880465538241,0,0.0016462659696117043,33,34,73,0.21730704605579376,0.0001310961861925894,4.6761750379805721e-06,0.13373577581211141,0,16.481081076111934,-16.449491373398956,0.16546125088632127,1.0269562977782698e-15,2.3936572688398883e-05,2.1039832063252106e-05
1.773880465538241,0,0.0016462659696117043,33,34,74,0.19865165650844574,8.7875960101288993e-05,1.1690438134462321e-05,0.10796618165054923,0,15.251517521317144,-15.245362507608025,0.11422076175790416,-1.3877787807814457e-16,2.1039832063252106e-05,1.8607823221827857e-05
1.773880465538241,0,0.0016462659696117043,33,34,75,0.18211017549037933,7.4449153641860226e-05,7.014263096481749e-06,0.08776325429944043,0,14.145190013065969,-14.149118360050906,0.083916370731240947,-6.3837823915946501e-16,1.8607823221827857e-05,1.6545754988328554e-05
1.773880465538241,0,0.0016462659696117043,33,34,76,0.16741375625133514,5.2271716840005074e-05,-7.014263096481749e-06,0.071461519461023332,0,13.137514702484925,-13.148530366726098,0.060491112673593271,-5.8980598183211441e-16,1.6545754988328554e-05,1.4780534911551513e-05
1.773880465538241,0,0.0016462659696117043,33,34,77,0.15427665412425995,4.6426497503018463e-05,-1.169043759495143e-06,0.058916153283318659,0,12.229795004241826,-12.23312595283735,0.055630462141538869,6.5225602696727947e-16,1.4780534911551513e-05,1.3242843124317005e-05
1.773880465538241,0,0.0016462659696117043,33,34,78,0.14245523512363434,3.7340610507228571e-05,3.5071315482408748e-05,0.049194852219209849,0,11.41163980695716,-11.394251893228898,0.066655177873461147,-1.3877787807814457e-15,1.3242843124317005e-05,1.1915995855815709e-05
1.773880465538241,0,0.0016462659696117043,33,34,79,0.13182008266448975,3.0326347410746822e-05,4.2085578578890494e-05,0.040876532221150265,0,10.635266290968515,-10.624386399088571,0.051828836027082908,2.4980018054066022e-16,1.1915995855815709e-05,1.07585319710779e-05
1.773880465538241,0,0.0016462659696117043,33,34,80,0.12223470956087112,1.9989779486004004e-05,1.1690438134462321e-05,0.033970244779888609,0,9.9332869774434727,-9.9169852426050564,0.050303659835926176,2.9143354396410359e-16,1.07585319710779e-05,9.7338879641029052e-06
1.773880465538241,0,0.0016462659696117043,33,34,81,0.11355181783437729,1.67835078045305e-05,5.8452190672311606e-06,0.028598185020532386,0,9.2968902401381719,-9.2662283152269342,0.059282738658641199,-2.2204460492503131e-16,9.7338879641029052e-06,8.8249680629814975e-06
1.773880465538241,0,0.0016462659696117043,33,34,82,0.10566847771406174,1.2975517468544037e-05,1.8704700151922288e-05,0.024208212007410624,0,8.7123494933321979,-8.667422419001003,0.0691669665562267,4.7184478546569153e-16,8.8249680629814975e-06,8.0171384979621507e-06
1.773880465538241,0,0.0016462659696117043,33,34,83,0.098498716950416565,1.1088718400927579e-05,7.014263096481749e-06,0.020433740365200782,0,8.1634489913492505,-8.1163767137106113,0.067524120985336791,-1.0963452368173421e-15,8.0171384979621507e-06,7.3000305746973027e-06
1.773880465538241,0,0.0016462659696117043,33,34,84,0.091996856033802032,1.0521394644722624e-05,-1.0521394644722624e-05,0.017247615621656737,0,7.6638293307476237,-7.6091130691717046,0.071963877197576437,3.0531133177191805e-16,7.3000305746973027e-06,6.6421107476344332e-06
1.773880465538241,0,0.0016462659696117043,33,34,85,0.086044095456600189,1.0220534508199808e-05,-1.169043759495143e-06,0.014830867591752592,0,7.2160701863907022,-7.1419248999226879,0.088985205550515561,1.9428902930940239e-16,6.6421107476344332e-06,6.0487332120828796e-06
1.773880465538241,0,0.0016462659696117043,33,34,86,0.08061806857585907,5.9956492703702915e-06,-1.0521394644722624e-05,0.01261325235831995,0,6.7865362186562965,-6.7118252140164882,0.087319731252753899,-3.7470027081099033e-16,6.0487332120828796e-06,5.5178952607093379e-06
1.773880465538241,0,0.0016462659696117043,33,34,87,0.075698934495449066,5.1274640288652924e-06,-1.8704700151922288e-05,0.010762222500209846,0,6.3996574010751619,-6.3161483474276121,0.094257698911636018,-8.0491169285323849e-16,5.5178952607093379e-06,5.0214148359373212e-06
1.773880465538241,0,0.0016462659696117043,33,34,88,0.071173295378684998,6.713403229714378e-06,2.3380875189902861e-06,0.0093773444156580316,0,6.0586424871177131,-5.9522376876213157,0.11579119540280441,4.9960036108132044e-16,5.0214148359373212e-06,4.5731494537903927e-06
1.773880465538241,0,0.0016462659696117043,33,34,89,0.067065559327602386,2.9054118147061329e-06,1.5197569682703196e-05,0.0080196208033523324,0,5.7283897956604752,-5.6178167846742983,0.11861073477102592,-6.5225602696727947e-16,4.5731494537903927e-06,4.1581079130992293e-06
1.773880465538241,0,0.0016462659696117043,33,34,90,0.063309177756309509,3.055841478334373e-06,1.0521394644722624e-05,0.0069243904227590681,0,5.4372983789275073,-5.3109712482932103,0.13326509829317879,-7.7715611723760958e-16,4.1581079130992293e-06,3.7848931242479011e-06
1.773880465538241,0,0.0016462659696117043,33,34,91,0.059906482696533203,1.661154032663206e-06,1.8704700151922288e-05,0.0059174120769656747,0,5.1640202959879904,-5.0301012274882178,0.13985684643092294,2.7755575615628914e-16,3.7848931242479011e-06,3.4323115869483445e-06
1.773880465538241,0,0.0016462659696117043,33,34,92,0.056810427457094193,1.5859375823164137e-06,2.1042789289445247e-05,0.0050801491827104925,0,4.9052291239917754,-4.7734733617809431,0.13685854012041454,2.2204460492503131e-16,3.4323115869483445e-06,3.1146350920607802e-06
1.773880465538241,0,0.0016462659696117043,33,34,93,0.054011717438697815,1.169043759495143e-06,-1.169043759495143e-06,0.0043175610871321246,0,4.6712661911192574,-4.5395715264709784,0.13601222573541064,-1.9428902930940239e-16,3.1146350920607802e-06,2.8171216399641708e-06
1.773880465538241,0,0.0016462659696117043,33,34,94,0.051499534398317337,2.3380875189902861e-06,-2.3380875189902861e-06,0.0037178998250304409,0,4.4546617546300675,-4.3271126727446951,0.13126698171040221,-6.3837823915946501e-16,2.8171216399641708e-06,2.5299195840489119e-06
1.773880465538241,0,0.0016462659696117043,33,34,95,0.049209561198949814,1.8867979885946754e-06,1.1690438134462321e-05,0.0032630624149080317,0,4.2660535790266207,-4.1350898222563002,0.13424039642135172,-1.6653345369377348e-16,2.5299195840489119e-06,2.2620440631726524e-06
1.773880465538241,0,0.0016462659696117043,33,34,96,0.047187630087137222,-3.7607469858149087e-07,1.1690438134462321e-05,0.0027380759514831609,0,4.0835642111692989,-3.9623783272802666,0.12393527420395144,4.3021142204224816e-16,2.2620440631726524e-06,2.007767989198328e-06
1.773880465538241,0,0.0016462659696117043,33,34,97,0.045391719788312912,-8.2736368946621096e-07,2.5718963248404038e-05,0.0023556504673503888,0,3.9241538818484871,-3.8081182961954676,0.11841612771992878,6.9388939039072284e-17,2.007767989198328e-06,1.7620609469304327e-06
1.773880465538241,0,0.0016462659696117043,33,34,98,0.043799776583909988,8.3379034319699507e-07,4.4423663400326329e-05,0.0020388482911457258,0,3.7769042303485594,-3.6715878726146935,0.10740046347875519,9.7144514654701197e-17,1.7620609469304327e-06,1.5355989262388903e-06
1.773880465538241,0,0.0016462659696117043,33,34,99,0.042412642389535904,-2.6003993326125494e-07,4.3254620989608412e-05,0.0017107317515051815,0,3.6458476957980648,-3.5523231676370739,0.095278254493552469,4.163336342344337e-17,1.5355989262388903e-06,1.322448838436685e-06
1.773880465538241,0,0.0016462659696117043,33,34,100,0.04123283177614212,-8.2736368946621096e-07,2.5718963248404038e-05,0.0013735637211159328,0,3.5254741832037286,-3.4501431514476337,0.076729487076769437,-4.163336342344337e-16,1.322448838436685e-06,1.121026571127004e-06
1.773880465538241,0,0.0016462659696117043,33,34,101,0.040261019021272659,1.0186138261114577e-06,3.5071315482408745e-06,0.0010590244175984458,0,3.4279466332591229,-3.3651632305534203,0.063846952868675533,1.6653345369377348e-16,1.121026571127004e-06,9.1764110266012722e-07
1.773880465538241,0,0.0016462659696117043,33,34,102,0.03946680948138237,0,-0,0.00085989162112694317,0,3.354910154407825,-3.2985849903513231,0.057185055677628896,1.2490009027033011e-16,9.1764110266012722e-07,7.1221404596144566e-07
1.773880465538241,0,0.0016462659696117043,33,34,103,0.038853298872709274,3.7607469858149087e-07,-1.1690438134462321e-05,0.00064265584315803114,0,3.2997503697852189,-3.2512909511893411,0.049090760075599746,-1.2490009027033011e-16,7.1221404596144566e-07,5.2553775731212227e-07
1.773880465538241,0,0.0016462659696117043,33,34,104,0.038447123020887375,3.4394898308004127e-08,-3.6240357893126659e-05,0.00039147697488147674,0,3.2667260057885699,-3.2231928610326745,0.043888415767781741,-1.6653345369377348e-16,5.2553775731212227e-07,3.3458513826190028e-07
1.773880465538241,0,0.0016462659696117043,33,34,105,0.038212254643440247,8.6175858777421508e-07,-6.1959321141530707e-05,0.00019234417840997413,0,3.2793098408019565,-3.2215228609895386,0.057918226428273975,-2.9143354396410359e-16,3.3458513826190028e-07,1.4277618731739494e-07
1.773880465538241,0,0.0016462659696117043,33,34,106,0.038179494440555573,1.0961134865479644e-07,-3.8578447030649621e-05,-0.00010409214361010365,0,3.3404300320825846,-3.2645038648097628,0.075783606293529801,2.6367796834847468e-16,1.4277618731739494e-07,1.4277618731739494e-07
1.7755267315078527,9,0.0015412584180012345,34,34,0,0.010257205925881863,6.0426114384066416e-07,4.4067701720686481,0.13284197838421929,0,-191.40158326994256,209.53842832733943,22.676475939945202,1.8127834334080717e-05,0.00013568502617999911,0.00013568502617999911
1.7755267315078527,9,0.0015412584180012345,34,34,1,-0.14713133871555328,0.019988354377105329,9.2150748955251363,0.49560048791066058,0,49.256332637904286,69.166046052705624,128.15304242842282,0,0.00013568502617999911,0.00018835686205420643
1.7755267315078527,9,0.0015412584180012345,34,34,2,0.014946600422263145,0.067384785716535514,9.5463628804192115,0.63773962825401231,0,-78.83406482921427,63.180800750250633,-5.4017785973573096,-1.8127834335857074e-06,0.00018835686205420643,0.00050720939179882407
1.7755267315078527,9,0.0015412584180012345,34,34,3,0.031371448189020157,0.098759837088174318,9.4945625938634706,1.0837254421662037,0,44.987174481689337,70.582434173868137,126.24665411163075,-2.4170445698246112e-06,0.00050720939179882407,0.00058276084018871188
1.7755267315078527,9,0.0015412584180012345,34,34,4,0.048104830086231232,0.18402712709553043,9.3887939317678892,-1.6593470248333957,0,2.5585649522947156,80.643353214280296,91.115392200605029,-1.4210854715202004e-14,0.00058276084018871188,0.0002945170272141695
1.7755267315078527,9,0.0015412584180012345,34,34,5,0.23700840771198273,0.25817299075049915,9.1197375935556764,-17.009922194579794,0,-79.598372996657147,90.237400758604551,3.0070161516737768,-4.4408920985006262e-15,0.0002945170272141695,0.0006019091815687716
1.7755267315078527,9,0.0015412584180012345,34,34,6,0.47739291191101074,-0.012803689376839834,8.8959065763930738,-25.200242097227278,0,-124.19297109841609,106.54879707090453,-33.961313237722607,0,0.0006019091815687716,0.00046974822180345654
1.7755267315078527,9,0.0015412584180012345,34,34,7,0.68075847625732422,-0.050992389406425968,8.8429630277531857,-2.6698867743021935,0,-134.39446545133134,89.959208596158604,-38.313172991128162,2.1316282072803006e-14,0.00046974822180345654,0.00058065878693014383
1.7755267315078527,9,0.0015412584180012345,34,34,8,0.80299156904220581,-0.19497513049963558,8.9264616453925196,14.013328339114979,0,-91.979413124959919,97.667743837688207,28.433145566736147,3.5527136788005009e-15,0.00058065878693014383,0.00056649622274562716
1.7755267315078527,9,0.0015412584180012345,34,34,9,0.87419724464416504,-0.10886368767433406,8.9752792989422634,35.794535198173861,0,-45.392522525155961,87.076061144883013,86.344489429168846,0,0.00056649622274562716,0.00052703620167449117
1.7755267315078527,9,0.0015412584180012345,34,34,10,0.76414680480957031,0.11311285203782161,8.958306811934067,27.944167780961983,0,39.779023512480897,83.437500250201879,160.23211120761664,0,0.00052703620167449117,0.00013826419308315963
1.7755267315078527,9,0.0015412584180012345,34,34,11,0.7964630126953125,0.24982028895918965,8.7369834785184022,-24.217897172730087,0,-134.1082680372518,140.31489045236424,-9.0244709901400437,1.5987211554602254e-14,0.00013826419308315963,0.00064028962515294552
1.7755267315078527,9,0.0015412584180012345,34,34,12,1.2648227214813232,-0.19337927681875239,8.4255623915115212,-76.966743203893799,0,-278.78721948403802,184.8449341276044,-162.67684544563465,-2.8421709430404007e-14,0.00064028962515294552,0.0006732188630849123
1.7755267315078527,9,0.0015412584180012345,34,34,13,1.5022215843200684,-0.45216075854109911,8.5545582477151942,-10.111754321921183,0,-34.993623307681695,33.440372454483843,-3.5626076859449385,1.3322676295501878e-15,0.0006732188630849123,0.00044281192822381854
1.7755267315078527,9,0.0015412584180012345,34,34,14,1.1638345718383789,0.0092603020293581789,8.8110574350972541,72.525182092207373,0,63.022368312424767,33.799100542180867,178.16696868393961,0,0.00044281192822381854,0.00016743539890740067
1.7755267315078527,9,0.0015412584180012345,34,34,15,1.197406530380249,0.09855197125469313,8.5765110550709256,-38.357917320307273,0,-190.03001682338558,155.0525587098239,-64.66031240754333,0,0.00016743539890740067,0.00041370964027009904
1.7755267315078527,9,0.0015412584180012345,34,34,16,1.7339975833892822,-0.14428910149313684,8.2414271016712419,-101.65733695013841,0,-301.07937022997197,181.53837847579507,-213.1011907041372,0,0.00041370964027009904,0.00062168366275727749
1.7755267315078527,9,0.0015412584180012345,34,34,17,1.8048815727233887,-0.31484543490902733,8.4668213424129615,34.815032718097299,0,116.68725490129432,-45.308254683080513,114.34600884381504,0,0.00062168366275727749,5.7219182053813711e-05
1.7755267315078527,9,0.0015412584180012345,34,34,18,1.3433951139450073,-0.0025560246384460097,8.7284349961164889,91.88536108644341,0,46.979457311556061,43.134229437503123,190.72492680698065,0,5.7219182053813711e-05,0.00045708089601248503
1.7755267315078527,9,0.0015412584180012345,34,34,19,1.5967321395874023,-0.087552001392217679,8.3665290990640067,-137.98632904481647,0,-310.10492405608176,194.62448984308773,-245.18778616013873,-2.8421709430404007e-14,0.00045708089601248503,0.00037269608583301306
1.7755267315078527,9,0.0015412584180012345,34,34,20,2.2226097583770752,-0.43853708679206749,8.122341128226557,-79.90246620877268,0,-252.26435125881571,64.925065802150243,-259.55794762400365,0,0.00037269608583301306,0.0005526729510165751
1.7755267315078527,9,0.0015412584180012345,34,34,21,1.8848128318786621,-0.17369426153585507,8.484769711168461,187.46628664683331,0,199.20128943285485,-68.336849906592562,326.64180162272817,0,0.0005526729510165751,0.00020578454132191837
1.7755267315078527,9,0.0015412584180012345,34,34,22,1.4259058237075806,0.10555837921752563,8.6160665938078793,48.523272022731703,0,58.786855416698863,113.34121440930187,229.37296682175784,0,0.00020578454132191837,0.00062140484806150198
1.7755267315078527,9,0.0015412584180012345,34,34,23,1.9226669073104858,-0.17541036318436257,8.1183989285241402,-205.8878788915645,0,-292.84726446070562,214.15656904752356,-276.63558573940679,0,0.00062140484806150198,0.00017285894136875868
1.7755267315078527,9,0.0015412584180012345,34,34,24,2.4775865077972412,-0.39258604810870418,7.9173678928409332,-71.207757444138508,0,-190.55623643197691,1.6609156867628061,-252.57829634462041,-2.8421709430404007e-14,0.00017285894136875868,0.00065553421154618263
1.7755267315078527,9,0.0015412584180012345,34,34,25,2.1465179920196533,-0.41992342651719966,8.3718067158943121,197.77256471617969,0,202.60665386690499,-129.11921732471083,279.21188454775097,0,0.00065553421154618263,0.00055232067825272679
1.7755267315078527,9,0.0015412584180012345,34,34,26,1.7661894559860229,0.050814736630136817,8.5704932183394167,54.00837762756349,0,142.00550678286911,-0.60344901686334229,204.03174334853881,2.8421709430404007e-14,0.00055232067825272679,0.00040582107612863183
1.7755267315078527,9,0.0015412584180012345,34,34,27,2.0262987613677979,-0.020885682175708718,8.1822203862754463,-152.38611380699703,0,-145.30606816413152,112.06076087505775,-177.47008639197105,-2.8421709430404007e-14,0.00040582107612863183,0.00052521616453304887
1.7755267315078527,9,0.0015412584180012345,34,34,28,2.5098121166229248,-0.39416377395527213,7.7600781128380643,-133.86528738017972,0,-301.92792690313371,200.75840755737326,-227.66889238705735,0,0.00052521616453304887,0.00068540213396772742
1.7755267315078527,9,0.0015412584180012345,34,34,29,2.7972517013549805,-0.89438504683288234,7.9659226927931055,-33.498458869718959,0,104.39405017286023,-130.23593059124158,-52.268801642140083,7.1054273576010019e-15,0.00068540213396772742,0.00062984740361571312
1.7755267315078527,9,0.0015412584180012345,34,34,30,2.212050199508667,-0.25636745845270326,8.4950475889640469,238.00146790138368,0,211.16337839082084,-182.68711274886024,274.71641367385564,0,0.00062984740361571312,0.0002162497112294659
1.7755267315078527,9,0.0015412584180012345,34,34,31,1.9185552597045898,0.0078390798190449366,8.3807364870779892,65.871387094296239,0,-38.149935468686472,91.002695080234176,127.11272227274097,0,0.0002162497112294659,0.00049009977374225855
1.7755267315078527,9,0.0015412584180012345,34,34,32,2.5929045677185059,-0.24300905734581768,7.748763927180792,-288.66086591075106,0,-305.53322926445782,248.55857718858289,-338.12976311679108,-5.6843418860808015e-14,0.00049009977374225855,0.00049041846068575978
1.7755267315078527,9,0.0015412584180012345,34,34,33,3.2347149848937988,-0.86228367356634705,7.6804377026021529,-122.6641227272511,0,-24.962153538375755,-139.09074438854776,-279.89886662513879,0,0.00049041846068575978,0.00051967037143185735
1.7755267315078527,9,0.0015412584180012345,34,34,34,2.5009658336639404,-0.37494887384228287,8.3054848255297919,363.32627329719401,0,341.30340065331205,-241.5639982419022,470.99621166029135,5.6843418860808015e-14,0.00051967037143185735,0.00027350251912139356
1.7755267315078527,9,0.0015412584180012345,34,34,35,1.9242715835571289,-0.070479811295287395,8.4947889651944823,71.114942932444592,0,76.641118958700943,78.131101253094101,234.31147229813882,-2.8421709430404007e-14,0.00027350251912139356,0.00051668717060238123
1.7755267315078527,9,0.0015412584180012345,34,34,36,2.6590189933776855,-0.38684435871993017,7.8485123355002893,-338.85124125435851,0,-344.60589567023476,243.60429324521394,-432.39117570259896,0,0.00051668717060238123,0.0004328443028498441
1.7755267315078527,9,0.0015412584180012345,34,34,37,3.3591804504394531,-0.85693294113763796,7.6234202253304915,-109.7876561382471,0,15.641565583218883,-185.6574865047715,-273.03708977560689,0,0.0004328443028498441,0.00059318478452041745
1.7755267315078527,9,0.0015412584180012345,34,34,38,2.4957973957061768,-0.29198019322609664,8.2871769213937068,397.96898040524621,0,400.23860459786835,-273.49698568105026,532.70579605023192,1.1368683772161603e-13,0.00059318478452041745,0.0003948687226511538
1.7755267315078527,9,0.0015412584180012345,34,34,39,1.9329346418380737,0.018605804879997891,8.5178542173160245,63.20010810231863,0,84.235356996350788,86.877012690012748,242.8489378108782,2.8421709430404007e-14,0.0003948687226511538,0.00037410779623314738
1.7755267315078527,9,0.0015412584180012345,34,34,40,2.6971724033355713,-0.34848404852549331,7.8562498994471692,-346.71990086491672,0,-284.34460438985144,217.70610535640492,-405.85063404744159,-5.6843418860808015e-14,0.00037410779623314738,0.00032120270770974457
1.7755267315078527,9,0.0015412584180012345,34,34,41,3.4004113674163818,-0.77769436456238006,7.5440269579024104,-112.42621801485259,0,-6.7425102020052554,-132.3394168079316,-244.7418124314494,2.8421709430404007e-14,0.00032120270770974457,0.00033754517789930105
1.7755267315078527,9,0.0015412584180012345,34,34,42,2.6523106098175049,-0.49658966340312777,8.1381631020168808,361.34638507190971,0,359.76498048349805,-275.61841603666778,453.13452295735374,0,0.00033754517789930105,0.00027734666946344078
1.7755267315078527,9,0.0015412584180012345,34,34,43,2.1375539302825928,-0.25012241953110997,8.4965370926836137,71.757528735072199,0,125.86777028921978,-27.210121011602645,178.66159268584184,0,0.00027734666946344078,0.0005528661422431469
1.7755267315078527,9,0.0015412584180012345,34,34,44,2.6584236621856689,-0.34218462610095435,8.0595565825980788,-259.39799728218446,0,-155.93766109696512,83.319587147637392,-324.29869927501505,0,0.0005528661422431469,0.00053540692897513509
1.7755267315078527,9,0.0015412584180012345,34,34,45,3.245821475982666,-0.81082419029573216,7.5216227674722296,-207.10552793956239,0,-91.260642077316874,36.749905905210007,-254.90546553449278,0,0.00053540692897513509,0.00058369088219478726
1.7755267315078527,9,0.0015412584180012345,34,34,46,3.2683041095733643,-0.90963297253655762,7.6082109723400215,-21.765157683078474,0,176.02674338970411,-180.41934484647197,-19.459181140042883,-2.4868995751603507e-14,0.00058369088219478726,0.00017150536586996168
1.7755267315078527,9,0.0015412584180012345,34,34,47,2.7302289009094238,-0.6807013870587959,8.0848243665889203,262.02774178017899,0,53.549487212663443,-76.639572050172703,246.34177992219986,0,0.00017150536586996168,0.00069247675128281116
1.7755267315078527,9,0.0015412584180012345,34,34,48,2.5728332996368408,-0.56625372215423031,8.3038901803711962,49.011785735947399,0,44.711844100020627,-40.673175314512264,60.788090979672731,0,0.00069247675128281116,0.00079534662654623389
1.7755267315078527,9,0.0015412584180012345,34,34,49,2.9570631980895996,-0.77567371529737694,7.9916926177944783,-200.80806332112954,0,-18.622458317122138,-41.286369855103466,-253.50087259085802,2.8421709430404007e-14,0.00079534662654623389,0.00025074946461245418
1.7755267315078527,9,0.0015412584180012345,34,34,50,3.4061999320983887,-1.1091884025065055,7.5403059177786398,-132.99638885987176,0,-59.1876594163638,22.278421932745886,-163.47450882821755,-2.8421709430404007e-14,0.00025074946461245418,0.00085731461877003312
1.7755267315078527,9,0.0015412584180012345,34,34,51,3.0824785232543945,-0.66256992717671293,7.797376131941629,190.99200056437991,0,154.71513928710328,-71.547149175232633,281.29479688101549,0,0.00085731461877003312,0.0003878474235534668
1.7755267315078527,9,0.0015412584180012345,34,34,52,2.5318536758422852,-0.38070264845393365,8.1384489175379162,100.58741766658667,0,29.442310017841567,23.671722444124537,161.45919639763676,0,0.0003878474235534668,0.00042850509635172784
1.7755267315078527,9,0.0015412584180012345,34,34,53,3.1555221080780029,-0.84240166915055759,7.7114489887651994,-281.18496637551101,0,-139.22099408662493,-2.2184215203376549,-415.7553346628589,0,0.00042850509635172784,0.00074196991045027971
1.7755267315078527,9,0.0015412584180012345,34,34,54,3.3162922859191895,-2.0902408124170226,7.599091463157178,-10.258014523265526,0,157.63338222561313,-238.54381403138186,-85.659595678294082,1.4210854715202004e-14,0.00074196991045027971,0.0014869876904413104
1.7755267315078527,9,0.0015412584180012345,34,34,55,2.1088457107543945,-1.0343863112493257,8.013418827221269,305.537019190352,0,299.31040298251213,-185.5294024786339,426.2970522102022,0,0.0014869876904413104,0.0018385787261649966
1.7755267315078527,9,0.0015412584180012345,34,34,56,1.5946024656295776,-0.47454500835353264,7.8184932461354286,52.953231320456375,0,31.161002738133842,-45.414527298970057,46.043654997402058,0,0.0018385787261649966,0.0017192651284858584
1.7755267315078527,9,0.0015412584180012345,34,34,57,2.0453557968139648,-1.1770330309535038,6.0002938219811925,-105.17462021620615,0,-77.4499200826871,-58.908287736165086,-236.70956724403064,0,0.0017192651284858584,0.0013291963841766119
1.7755267315078527,9,0.0015412584180012345,34,34,58,2.2059335708618164,-0.37515794819805171,2.5680554778198772,-0.95475194362485227,0,115.81905248982406,-80.841439685409568,36.215758390411466,0,0.0013291963841766119,0.00087585696019232273
1.7755267315078527,9,0.0015412584180012345,34,34,59,1.9355406761169434,0.40690399702884794,0.30560207107485748,27.687651674267894,0,91.324065326974392,-87.140373866944259,32.58384920240173,-7.1054273576010019e-15,0.00087585696019232273,0.00058369885664433241
1.7755267315078527,9,0.0015412584180012345,34,34,60,1.4793853759765625,0.21406272388347458,0.0071451956537157638,18.060853175947475,0,77.954366953743587,-75.650169355515459,20.586258693712793,0,0.00058369885664433241,0.00037515128497034311
1.7755267315078527,9,0.0015412584180012345,34,34,61,1.143850564956665,0.078391568564397884,0.0032078562998454074,10.283461168554945,0,65.384574980461593,-64.713680751767328,11.03595482211345,-3.5527136788005009e-15,0.00037515128497034311,0.00025081777130253613
1.7755267315078527,9,0.0015412584180012345,34,34,62,0.91721564531326294,0.031291824578278594,0.0018120179258883527,4.9966305643293012,0,57.856389936967254,-56.326149348126854,6.5599749956738682,-8.8817841970012523e-16,0.00025081777130253613,0.00017926271539181471
1.7755267315078527,9,0.0015412584180012345,34,34,63,0.75646066665649414,0.01470560538400739,0.00072480718510781043,2.6878695859428916,0,50.717020352044052,-49.718877624202293,3.7014427263537697,1.3322676295501878e-15,0.00017926271539181471,0.00013279332779347897
1.7755267315078527,9,0.0015412584180012345,34,34,64,0.6371840238571167,0.0072693574883350215,0.0005038578660312823,1.7786354257612689,0,44.361353300236438,-44.356403192946097,1.7913587484059781,1.9984014443252818e-15,0.00013279332779347897,0.00010177215153817087
1.7755267315078527,9,0.0015412584180012345,34,34,65,0.54598826169967651,0.0038515645877694599,0.0002864157252514085,1.2760835176518655,0,39.229290894260416,-39.898290160007598,0.61122223221770866,2.55351295663786e-15,0.00010177215153817087,8.0293582868762314e-05
1.7755267315078527,9,0.0015412584180012345,34,34,66,0.47415798902511597,0.002211735981016952,0.00014729952453700095,0.91903769297929372,0,35.065109818042622,-36.117607044295134,-0.13110049776767049,-8.7430063189231078e-15,8.0293582868762314e-05,6.4831059717107564e-05
1.7755267315078527,9,0.0015412584180012345,34,34,67,0.41617852449417114,0.0013080465211649736,8.4171154243916729e-05,0.67077821055464448,0,31.6132801190757,-32.86020441097039,-0.57475386366463688,2.7755575615628914e-15,6.4831059717107564e-05,5.3336909331846982e-05
1.7755267315078527,9,0.0015412584180012345,34,34,68,0.36850646138191223,0.00083102021584748585,5.8452187885971804e-05,0.49665431934551874,0,28.653270650303575,-30.01851410825142,-0.86769966619859085,2.3314683517128287e-15,5.3336909331846982e-05,4.456212991499342e-05
1.7755267315078527,9,0.0015412584180012345,34,34,69,0.32869595289230347,0.00053566703437166977,4.4423663715367908e-05,0.37359774592465511,0,26.101103614999847,-27.514610619028531,-1.0393291674059424,-4.4408920985006262e-16,4.456212991499342e-05,3.7722697015851736e-05
1.7755267315078527,9,0.0015412584180012345,34,34,70,0.29498523473739624,0.00037449930581945757,3.1564182841468777e-05,0.28552064159843993,0,23.863152374493261,-25.290310846283592,-1.1412317667032321,-2.2204460492503131e-16,3.7722697015851736e-05,3.2300638849847019e-05
1.7755267315078527,9,0.0015412584180012345,34,34,71,0.26615399122238159,0.00024435837259987768,7.0142632378386163e-06,0.22064716519570621,0,21.886764029754122,-23.3009091335507,-1.1932465659650364,-3.1086244689504383e-15,3.2300638849847019e-05,2.7923135348828509e-05
1.7755267315078527,9,0.0015412584180012345,34,34,72,0.24124851822853088,0.00018571764700330565,-1.1690437577194361e-05,0.1729443734563488,0,20.130268732303175,-21.511938425185182,-1.2085512922162327,-1.1102230246251565e-15,2.7923135348828509e-05,2.4337927243323065e-05
1.7755267315078527,9,0.0015412584180012345,34,34,73,0.21953323483467102,0.00013270058115669677,-7.0142632378386163e-06,0.13761684994284823,0,18.57368235759132,-19.895989435702422,-1.1845645418503337,1.5543122344752192e-15,2.4337927243323065e-05,2.1355714125093073e-05
1.7755267315078527,9,0.0015412584180012345,34,34,74,0.20045571029186249,9.2321434840279669e-05,1.4028526475677233e-05,0.11072964608651403,0,17.172714980819617,-18.430815686830787,-1.1472647099633373,3.9968028886505635e-15,2.1355714125093073e-05,1.8872131477110088e-05
1.7755267315078527,9,0.0015412584180012345,34,34,75,0.1836191862821579,7.5007338809725889e-05,2.3380876018791223e-06,0.089353303862006697,0,15.900701766232663,-17.097989630727707,-1.1078572152066244,6.6613381477509392e-16,1.8872131477110088e-05,1.6758136553107761e-05
1.7755267315078527,9,0.0015412584180012345,34,34,76,0.16867268085479736,5.9715501766781689e-05,-2.1042788560979182e-05,0.07275304171841597,0,14.759344313211512,-15.882438577421224,-1.0503025497780889,1.1102230246251565e-15,1.6758136553107761e-05,1.4953269783291034e-05
1.7755267315078527,9,0.0015412584180012345,34,34,77,0.1553390771150589,3.4218099057617452e-05,-2.4549920756166825e-05,0.059817019151075027,0,13.728455465462737,-14.771207167987393,-0.98292501519527942,1.1102230246251565e-16,1.4953269783291034e-05,1.3390811545832548e-05
1.7755267315078527,9,0.0015412584180012345,34,34,78,0.1433904767036438,3.3364883078578484e-05,-1.4028526475677233e-05,0.049491404725125761,0,12.79533123669823,-13.753583060868207,-0.90874108308824875,-4.4408920985006262e-16,1.3390811545832548e-05,1.2035891813866328e-05
1.7755267315078527,9,0.0015412584180012345,34,34,79,0.13263115286827087,2.751966313744464e-05,-8.1833065345433855e-06,0.041167103207576772,0,11.934022236356897,-12.82026546853767,-0.8450567926165935,-1.1102230246251565e-15,1.2035891813866328e-05,1.085488656826783e-05
1.7755267315078527,9,0.0015412584180012345,34,34,80,0.12295160442590714,1.8862615626402548e-05,-1.4028526475677233e-05,0.034264023900341022,0,11.140332475055912,-11.963171793935771,-0.7885704608903682,-5.5511151231257827e-16,1.085488656826783e-05,9.8194814199814573e-06
1.7755267315078527,9,0.0015412584180012345,34,34,81,0.11419551819562912,1.4344353505208872e-05,-4.6761752037582446e-06,0.028854678140679397,0,10.424771262608948,-11.175200760100093,-0.72156515117216469,-1.1102230246251565e-16,9.8194814199814573e-06,8.8925926320371218e-06
1.7755267315078527,9,0.0015412584180012345,34,34,82,0.10624471306800842,1.6682441539289242e-05,-7.0142632378386163e-06,0.024339638873901955,0,9.7564439352537207,-10.450493450979957,-0.66970020867403279,5.5511151231257827e-16,8.8925926320371218e-06,8.0808440543478355e-06
1.7755267315078527,9,0.0015412584180012345,34,34,83,0.099042810499668121,8.8786077022127808e-06,-2.3380875154388722e-05,0.020501372088226055,0,9.1464447275911454,-9.7838822252732367,-0.61695062786131816,-4.4408920985006262e-16,8.0808440543478355e-06,7.3451119533274323e-06
1.7755267315078527,9,0.0015412584180012345,34,34,84,0.092484012246131897,1.1216696600695654e-05,-2.5718964052871594e-05,0.017480066369022735,0,8.598099492956921,-9.1705039892943052,-0.55493893223581381,0,7.3451119533274323e-06,6.683847004751442e-06
1.7755267315078527,9,0.0015412584180012345,34,34,85,0.086512550711631775,3.0333889136156011e-06,-1.7535656365791543e-05,0.014927667297439768,0,8.100579871653423,-8.6058098651523274,-0.49031682846891783,-1.27675647831893e-15,6.683847004751442e-06,6.0858096730953548e-06
1.7755267315078527,9,0.0015412584180012345,34,34,86,0.081055469810962677,4.518261256791175e-06,-9.3523504075164892e-06,0.012776497625367004,0,7.6366523358583143,-8.0861259450927534,-0.43670194569822335,-2.7755575615628914e-16,6.0858096730953548e-06,5.5462073760281783e-06
1.7755267315078527,9,0.0015412584180012345,34,34,87,0.076096974313259125,6.6984347676361452e-06,-1.6366613069086771e-05,0.010838027875926153,0,7.2051180314622156,-7.6081988871171449,-0.3922524959573041,4.9960036108132044e-16,5.5462073760281783e-06,5.0603748604771681e-06
1.7755267315078527,9,0.0015412584180012345,34,34,88,0.071586824953556061,4.0445185514874684e-06,-2.3380875154388722e-05,0.0092476125453375239,0,6.8149441938397235,-7.1687850174053649,-0.34461254737690616,8.8817841970012523e-16,5.0603748604771681e-06,4.6073664634604938e-06
1.7755267315078527,9,0.0015412584180012345,34,34,89,0.067465066909790039,6.3826074499703405e-06,-2.5718964052871594e-05,0.0079859152769982174,0,6.4580868986440301,-6.7650902324282933,-0.29903675486386788,4.9960036108132044e-16,4.6073664634604938e-06,4.1926541598513722e-06
1.7755267315078527,9,0.0015412584180012345,34,34,90,0.06371723860502243,6.6984347676361452e-06,-1.6366613069086771e-05,0.0068885770397835722,0,6.1354162819222662,-6.3947893353044334,-0.25249414452068458,1.6653345369377348e-16,4.1926541598513722e-06,3.8045714063628111e-06
1.7755267315078527,9,0.0015412584180012345,34,34,91,0.060292776674032211,2.1012166814285188e-06,-9.3523504075164892e-06,0.0059773512348718499,0,5.8346029992955071,-6.0558979324374107,-0.21532483304075764,3.6082248300317588e-16,3.8045714063628111e-06,3.4538634281489067e-06
1.7755267315078527,9,0.0015412584180012345,34,34,92,0.057185105979442596,1.9433035988639493e-06,-1.4028526475677233e-05,0.0050999640540152057,0,5.5623084256134518,-5.7463301143586873,-0.17893380991409749,-1.3877787807814457e-16,3.4538634281489067e-06,3.1340478017227724e-06
1.7755267315078527,9,0.0015412584180012345,34,34,93,0.054384298622608185,3.3492173838180726e-06,-8.1833065345433855e-06,0.0043845188597078592,0,5.3094638096293396,-5.4642247567452351,-0.15038126234533841,2.4980018054066022e-16,3.1340478017227724e-06,2.8306756121310173e-06
1.7755267315078527,9,0.0015412584180012345,34,34,94,0.051831532269716263,2.1012166814285188e-06,-9.3523504075164892e-06,0.0038237645182237229,0,5.0792137263357171,-5.2080397851579718,-0.12500954543775661,5.5511151231257827e-17,2.8306756121310173e-06,2.5456185994698899e-06
1.7755267315078527,9,0.0015412584180012345,34,34,95,0.049540441483259201,1.7064319580779291e-06,-2.1042788560979182e-05,0.003260593132164224,0,4.8785724390902878,-4.9765062511948317,-0.094692555328982811,-6.8001160258290838e-16,2.5456185994698899e-06,2.2754084056941792e-06
1.7755267315078527,9,0.0015412584180012345,34,34,96,0.047496616840362549,6.9530232020606214e-07,-1.5197569772382003e-05,0.002782018306242418,0,4.6930594338420528,-4.7683020314730928,-0.07247508159224926,8.7430063189231078e-16,2.2754084056941792e-06,2.0189720544294687e-06
1.7755267315078527,9,0.0015412584180012345,34,34,97,0.045679859817028046,1.1690438009395611e-06,-1.1690438009395611e-06,0.0023977082187597557,0,4.5216402155127584,-4.5823636263795944,-0.058325702648076273,2.9837243786801082e-16,2.0189720544294687e-06,1.7707029655866791e-06
1.7755267315078527,9,0.0015412584180012345,34,34,98,0.044058505445718765,-9.3217280845541582e-07,8.1833065345433855e-06,0.0020738242456611595,0,4.3805041486681819,-4.4178063975997537,-0.035221173552184633,-5.0653925498522767e-16,1.7707029655866791e-06,1.5443773691004026e-06
1.7755267315078527,9,0.0015412584180012345,34,34,99,0.04265342652797699,6.3165578786827637e-07,1.8704700815032978e-05,0.0017306039159596623,0,4.2484271648920648,-4.2740792589703887,-0.023902153805761314,2.3592239273284576e-16,1.5443773691004026e-06,1.323081846749119e-06
1.7755267315078527,9,0.0015412584180012345,34,34,100,0.041442491114139557,6.3165578786827637e-07,1.8704700815032978e-05,0.0014357244777654181,0,4.1320633879003807,-4.1509356719448123,-0.017417223210063306,-4.1286418728248009e-16,1.323081846749119e-06,1.1155948413943406e-06
1.7755267315078527,9,0.0015412584180012345,34,34,101,0.040449798107147217,3.1582789393413819e-07,9.3523504075164892e-06,0.00115534730702335,0,4.0243502134439195,-4.0485279103312717,-0.023012681402027856,-1.3183898417423734e-16,1.1155948413943406e-06,9.003481977742922e-07
1.7755267315078527,9,0.0015412584180012345,34,34,102,0.039619825780391693,1.1690438009395611e-06,-1.1690438009395611e-06,0.00092331102778853494,0,3.9546789035590906,-3.9682796133846563,-0.012677398797777135,-6.2450045135165055e-17,9.003481977742922e-07,7.0759637083028792e-07
1.7755267315078527,9,0.0015412584180012345,34,34,103,0.039009228348731995,-3.9478529961892268e-07,-1.1690437577194361e-05,0.00060909523299138946,0,3.8857810479383779,-3.9112397784506729,-0.024861720502180287,3.1918911957973251e-16,7.0759637083028792e-07,5.0730432121781632e-07
1.7755267315078527,9,0.0015412584180012345,34,34,104,0.038591597229242325,-7.8957059923784537e-07,-2.3380875154388722e-05,0.00037947599833193713,0,3.8275520270733163,-3.8773093067017319,-0.049401974075837345,6.9388939039072284e-18,5.0730432121781632e-07,2.9805653412040556e-07
1.7755267315078527,9,0.0015412584180012345,34,34,105,0.038371086120605469,1.4260336175423695e-07,-3.1564182841468777e-05,0.00016194198654929801,0,3.8035096846821839,-3.8751339665839057,-0.071493761494652031,4.4408920985006262e-16,2.9805653412040556e-07,1.0150971974098866e-07
1.7755267315078527,9,0.0015412584180012345,34,34,106,0.038366444408893585,-5.5269895845182521e-07,-1.6366613069086771e-05,-9.6681783014506266e-05,0,3.7994417986618485,-3.9265590069693213,-0.12723080940251488,-1.3877787807814457e-16,1.0150971974098866e-07,1.0150971974098866e-07
1.7770679899258539,0,0.0016462659696117043,34,34,0,0.010257205925881863,-2.8285908589702075e-07,4.351683792959312,0.027646647055574809,0,-153.08894921173183,162.35610077901515,13.646478330130073,-3.3943090542720711e-06,0.0002530768106225878,0.0002530768106225878
1.7770679899258539,0,0.0016462659696117043,34,34,1,0.050385616719722748,0.033408486635297122,9.1748042986378149,1.122520625200609,0,-20.477112845995887,53.546582683918338,43.400205511268858,2.2628726839002411e-06,0.0002530768106225878,0.00034776394022628665
1.7770679899258539,0,0.0016462659696117043,34,34,2,0.0066210636869072914,0.098096096707258593,9.5418292369798365,0.79852025097803836,0,-95.230752270103267,48.145829698888726,-36.646483775167475,-6.788618065911578e-06,0.00034776394022628665,0.00064053869573399425
1.7770679899258539,0,0.0016462659696117043,34,34,3,0.22595016658306122,0.015463906225990125,9.4634563386140069,0.032838808436300521,0,-60.261820309947083,54.115188281261212,3.3651270245904255,-3.1086244689504383e-15,0.00064053869573399425,0.00068517221370711923
1.7770679899258539,0,0.0016462659696117043,34,34,4,0.18853719532489777,0.083081936427844727,9.4425349491847186,7.1366750352884392,0,-7.8271227495996305,57.816324745425057,66.651493916726423,0,0.00068517221370711923,0.00052118918392807245
1.7770679899258539,0,0.0016462659696117043,34,34,5,0.24164299666881561,0.23377624587582613,9.2673292027892451,-8.9810158417352497,0,-29.031932457210313,61.97217189884082,33.460329048560325,0,0.00052118918392807245,0.00028498598840087652
1.7770679899258539,0,0.0016462659696117043,34,34,6,0.42504975199699402,0.28892358469865287,9.0028480374211259,-27.290099783492582,0,-84.382413886910257,68.035747448416586,-34.344994599866475,-7.1054273576010019e-15,0.00028498598840087652,0.00073143723420798779
1.7770679899258539,0,0.0016462659696117043,34,34,7,0.6217079758644104,0.0086396479196386017,8.7929575441947883,-34.548924686434795,0,-113.54865236384984,79.425364978382134,-59.870614879788072,-7.1054273576010019e-15,0.00073143723420798779,0.00052307336591184139
1.7770679899258539,0,0.0016462659696117043,34,34,8,0.84681439399719238,-0.099118349443690426,8.7482160254239396,-15.345354325908966,0,-150.49073689529766,65.621751071700047,-91.565242473526339,0,0.00052307336591184139,0.00060349836712703109
1.7770679899258539,0,0.0016462659696117043,34,34,9,1.0072764158248901,-0.28701032584164543,8.7838257214656874,22.38940545636591,0,-141.48515530767042,70.860790123013288,-39.738144332667176,1.4210854715202004e-14,0.00060349836712703109,0.00054114597151055932
1.7770679899258539,0,0.0016462659696117043,34,34,10,1.0111058950424194,-0.099350859612297782,8.8742280510365479,48.954444624924257,0,-1.2530159673246841,51.006019312062662,107.48232516108648,-1.4210854715202004e-14,0.00054114597151055932,0.00048943824367597699
1.7770679899258539,0,0.0016462659696117043,34,34,11,0.78255397081375122,0.1847505433899827,8.8747055171735418,27.749987925452771,0,28.14061406020387,79.51423251455293,144.46429056077309,0,0.00048943824367597699,0.00039566337363794446
1.7770679899258539,0,0.0016462659696117043,34,34,12,1.014095664024353,0.1093646369712241,8.5760114139298338,-88.602979199179259,0,-147.95704360492024,118.86772469636314,-109.00692205683531,0,0.00039566337363794446,0.00059026217786595225
1.7770679899258539,0,0.0016462659696117043,34,34,13,1.4967306852340698,-0.36879450478339465,8.4126008914162664,-47.609827571222681,0,-209.26199391471104,77.591478643750079,-171.23653645555078,0,0.00059026217786595225,0.00064494268735870719
1.7770679899258539,0,0.0016462659696117043,34,34,14,1.4384359121322632,-0.31667998107955575,8.6662095192406756,79.738709485120793,0,47.039945713684233,16.638377882342926,151.76656261930907,0,0.00064494268735870719,0.00024172892153728753
1.7770679899258539,0,0.0016462659696117043,34,34,15,1.0977482795715332,0.11480288575668023,8.7607268827931648,44.262658704277683,0,23.729750206434097,81.974500111976838,158.84243879123846,0,0.00024172892153728753,0.00054136168910190463
1.7770679899258539,0,0.0016462659696117043,34,34,16,1.4055535793304443,-0.040128087079866745,8.3807509583442616,-137.75905483202166,0,-217.43157981678792,149.14959561404359,-197.70041616350161,0,0.00054136168910190463,0.00041964196134358644
1.7770679899258539,0,0.0016462659696117043,34,34,17,1.9811183214187622,-0.45904295901152631,8.2530282009801486,-65.181812415349995,0,-169.34006811388218,24.119036720554387,-202.60885856670916,0,0.00041964196134358644,0.00055655784672126174
1.7770679899258539,0,0.0016462659696117043,34,34,18,1.6373515129089355,-0.16563096633785948,8.6086443009516014,153.72675345584855,0,100.02585190615555,-21.219445968151341,240.97617272846651,2.8421709430404007e-14,0.00055655784672126174,0.00028598515200428665
1.7770679899258539,0,0.0016462659696117043,34,34,19,1.218834400177002,0.23720280084238266,8.6205136339140118,53.890475971933874,0,-36.436667391021643,132.59803963096223,158.90956464663086,0,0.00028598515200428665,0.00051660859026014805
1.7770679899258539,0,0.0016462659696117043,34,34,20,1.8225638866424561,-0.088040456203619513,8.1672562746454229,-170.78772733826702,0,-272.7637048232495,186.36708080301148,-249.1051355400632,2.8421709430404007e-14,0.00051660859026014805,0.00052905111806467175
1.7770679899258539,0,0.0016462659696117043,34,34,21,2.3882522583007812,-0.68622010241337494,8.1769441983373969,-116.33859335732308,0,-32.532216341660401,-78.326532104470886,-219.70661770753034,0,0.00052905111806467175,0.00047089240979403257
1.7770679899258539,0,0.0016462659696117043,34,34,22,1.7794288396835327,-0.11307801105088019,8.607214165413307,195.32146715896405,0,96.418217341425844,-79.922635777134474,220.31118487761785,0,0.00047089240979403257,0.00033068313496187329
1.7770679899258539,0,0.0016462659696117043,34,34,23,1.4962999820709229,0.19384729159243089,8.4465609532690618,40.749521702964444,0,-101.82420208810819,138.87760185278358,86.443329712501324,0,0.00033068313496187329,0.00055159279145300388
1.7770679899258539,0,0.0016462659696117043,34,34,24,2.0882980823516846,-0.28175536974385057,7.9128137782357895,-188.29309321048387,0,-198.97146270039769,210.57728413838683,-169.05621336400282,-2.8421709430404007e-14,0.00055159279145300388,0.00013282809231895953
1.7770679899258539,0,0.0016462659696117043,34,34,25,2.5768556594848633,-0.47084214292063464,8.0135580017052153,-110.92391917952196,0,16.822014526652644,-72.442483822404938,-159.00167261648969,0,0.00013282809231895953,0.00061917962739244103
1.7770679899258539,0,0.0016462659696117043,34,34,26,2.0806550979614258,-0.3460418856320101,8.4974523942854834,233.69269156472484,0,119.5221112715315,-101.98032220054186,259.38589114436797,5.6843418860808015e-14,0.00061917962739244103,0.0004607267037499696
1.7770679899258539,0,0.0016462659696117043,34,34,27,1.7527714967727661,0.096236581076571584,8.508110524642083,50.9247007191763,0,75.387549264329479,50.835561638283053,185.75215872750749,0,0.0004607267037499696,0.00047928668209351599
1.7770679899258539,0,0.0016462659696117043,34,34,28,2.1589155197143555,-0.20670606563730945,8.0371869183047089,-203.39300731325096,0,-143.36953085769875,138.55978590961507,-200.37227140866725,0,0.00047928668209351599,0.00031931270495988429
1.7770679899258539,0,0.0016462659696117043,34,34,29,2.7166919708251953,-0.50669000631270766,7.7274624421473614,-113.99447448918654,0,-216.26603745605871,110.01645292301983,-213.02328658639078,0,0.00031931270495988429,0.00084566115401685238
1.7770679899258539,0,0.0016462659696117043,34,34,30,2.6354591846466064,-0.8318602857145484,8.0892731560999582,116.92904020184258,0,185.51080977818404,-135.14527395149972,174.55198889891233,2.8421709430404007e-14,0.00084566115401685238,0.00065121700754389167
1.7770679899258539,0,0.0016462659696117043,34,34,31,2.1144688129425049,-0.25014812976754569,8.5010526247307805,162.16361177675319,0,196.56869017220956,-98.271672999056591,268.71153344486936,0,0.00065121700754389167,0.00061761622782796621
1.7770679899258539,0,0.0016462659696117043,34,34,32,2.0717592239379883,0.05502627513406283,8.1793683007035334,-39.776884713071631,0,-143.20168001325479,143.50914105100676,-31.235029099482034,2.8421709430404007e-14,0.00061761622782796621,0.00050014205044135451
1.7770679899258539,0,0.0016462659696117043,34,34,33,2.8033185005187988,-0.37435947443933265,7.6058488753204525,-279.356521036902,0,-236.61646790040842,221.25862251726625,-287.48287701916308,-5.6843418860808015e-14,0.00050014205044135451,0.00052154582226648927
1.7770679899258539,0,0.0016462659696117043,34,34,34,3.2268927097320557,-0.9045924081894211,7.8480271674837638,-111.20893252021718,0,231.06920748612029,-210.87410062301836,-84.0703908978209,0,0.00052154582226648927,0.00055003305897116661
1.7770679899258539,0,0.0016462659696117043,34,34,35,2.2854061126708984,-0.24407571091150845,8.5077247048489184,343.92058731163439,0,198.49774388057349,-204.10358554298728,346.57839464315805,0,0.00055003305897116661,0.00022845878265798092
1.7770679899258539,0,0.0016462659696117043,34,34,36,1.992592453956604,0.063383629685976203,8.2902733882565531,61.606039098055717,0,-167.15315553706915,161.78149404330586,64.588034622234971,2.8421709430404007e-14,0.00022845878265798092,0.00051150715444236994
1.7770679899258539,0,0.0016462659696117043,34,34,37,2.9383597373962402,-0.38083129032465646,7.5953763005242019,-332.06994115187433,0,-211.33275776223672,228.36114627795982,-307.82700762595169,-5.6843418860808015e-14,0.00051150715444236994,0.00037856644485145807
1.7770679899258539,0,0.0016462659696117043,34,34,38,3.3168346881866455,-0.81200697219360829,7.8207572887306043,-99.358141536605117,0,314.3591426456249,-275.6357066318505,-53.625955206293725,0,0.00037856644485145807,0.00050863029900938272
1.7770679899258539,0,0.0016462659696117043,34,34,39,2.307227611541748,-0.30250478084891247,8.5232859146004571,368.92804595215568,0,186.43159982906826,-228.62660839863784,334.95381851633761,-1.1368683772161603e-13,0.00050863029900938272,0.00047268089838325977
1.7770679899258539,0,0.0016462659696117043,34,34,40,2.0716516971588135,0.055930292772589707,8.3001163187275981,54.391783735560132,0,-161.9301557273626,134.06561213499421,34.883286754691945,7.1054273576010019e-15,0.00047268089838325977,0.00043696162174455822
1.7770679899258539,0,0.0016462659696117043,34,34,41,3.0232009887695312,-0.4109608744362353,7.5655488099163604,-337.89663918855649,0,-179.00401893260721,200.57654545188402,-309.16952473379956,0,0.00043696162174455822,0.00030296237673610449
1.7770679899258539,0,0.0016462659696117043,34,34,42,3.3507080078125,-0.90574025035999117,7.6976892604840126,-88.429733666249049,0,270.50329414155698,-243.264824061295,-54.399314575863052,7.1054273576010019e-15,0.00030296237673610449,0.00051603192696347833
1.7770679899258539,0,0.0016462659696117043,34,34,43,2.4129176139831543,-0.58682964252905156,8.3774839359021502,372.63814339216071,0,186.60046444047609,-179.73928962910597,387.28997249690394,0,0.00051603192696347833,0.00045447098091244698
1.7770679899258539,0,0.0016462659696117043,34,34,44,2.1585955619812012,-0.15963095940781188,8.4299418505362684,38.687519698483527,0,-1.0050775327361658,48.439523419211945,94.392276476087758,-1.4210854715202004e-14,0.00045447098091244698,0.00068749848287552595
1.7770679899258539,0,0.0016462659696117043,34,34,45,2.8529462814331055,-0.56294898134310967,7.9347726947921471,-304.52560309623215,0,-59.10435187896573,20.077944366850698,-336.1801868948981,5.6843418860808015e-14,0.00068749848287552595,0.00014525858568958938
1.7770679899258539,0,0.0016462659696117043,34,34,46,3.2383124828338623,-0.81573675210024643,7.5387496086821333,-143.45483210651454,0,22.275501496784209,-46.116404009612403,-160.57272176276086,0,0.00014525858568958938,0.00062245066510513425
1.7770679899258539,0,0.0016462659696117043,34,34,47,3.1099052429199219,-0.96789457445865901,7.6933694365241934,47.770437223067695,0,139.70751493655081,-121.02176225877689,73.181664762907161,1.4210854715202004e-14,0.00062245066510513425,0.00065556459594517946
1.7770679899258539,0,0.0016462659696117043,34,34,48,2.6665234565734863,-0.76624942358621906,8.155596823124748,230.84922005496375,0,54.353984710193544,-70.238119971428404,222.35443219326743,2.8421709430404007e-14,0.00065556459594517946,0.00047149020247161388
1.7770679899258539,0,0.0016462659696117043,34,34,49,2.5663528442382812,-0.48731529036510529,8.2776799360342466,24.988052244356023,0,34.873149085053392,-17.38595860625994,50.265607368818621,7.1054273576010019e-15,0.00047149020247161388,0.00080946931848302484
1.7770679899258539,0,0.0016462659696117043,34,34,50,3.1542434692382812,-0.91409873634824823,7.810610567601306,-296.21112093024999,0,-32.050677033829309,-28.29162913185526,-349.65691526468152,-5.6843418860808015e-14,0.00080946931848302484,0.00039668372482992709
1.7770679899258539,0,0.0016462659696117043,34,34,51,3.516026496887207,-1.2180800416255431,7.5500684978633883,-64.809253056133315,0,-16.074144155031671,-111.07207398009676,-185.62348273502391,0,0.00039668372482992709,0.00081509625306352973
1.7770679899258539,0,0.0016462659696117043,34,34,52,2.7807040214538574,-0.47150233602711827,7.9826465950802179,338.75978934635293,0,36.931385669382841,-55.680716018175673,327.52160325661322,5.6843418860808015e-14,0.00081509625306352973,0.0001674384402576834
1.7770679899258539,0,0.0016462659696117043,34,34,53,2.5147356986999512,-0.34395042555088751,8.0645099745660183,26.799364161060812,0,-78.980122148453361,72.175573463207144,27.715375024829726,0,0.0001674384402576834,0.00021971699607092887
1.7770679899258539,0,0.0016462659696117043,34,34,54,3.1842687129974365,-1.2297773962637284,7.6095577236547349,-212.66151660414656,0,-114.68122919527227,19.672872052864665,-301.29009341916316,0,0.00021971699607092887,0.0010411549592390656
1.7770679899258539,0,0.0016462659696117043,34,34,55,2.7658796310424805,-1.9928005291162061,7.7582380764111294,224.96430282978594,0,176.25946211374796,-168.13498884156263,238.8542136492662,2.8421709430404007e-14,0.0010411549592390656,0.0017497532535344362
1.7770679899258539,0,0.0016462659696117043,34,34,56,1.6655676364898682,-0.91243439348683009,7.9757108902940228,150.80029787890336,0,223.84445239435621,-68.584231581825094,313.12379518824167,-5.6843418860808015e-14,0.0017497532535344362,0.001959560438990593
1.7770679899258539,0,0.0016462659696117043,34,34,57,1.6805251836776733,-0.51935134471563005,6.5556094952117965,-42.517820935631384,0,10.959907058161557,-51.729486864625123,-77.251142591598793,-1.4210854715202004e-14,0.001959560438990593,0.0014648304786533117
1.7770679899258539,0,0.0016462659696117043,34,34,58,2.2617514133453369,-0.39352940040874551,3.0801566784762691,-77.450782271552214,0,45.453110767547322,-66.60564811608424,-95.916692342021605,0,0.0014648304786533117,0.00090234872186556458
1.7770679899258539,0,0.0016462659696117043,34,34,59,1.9857608079910278,0.15470878702457486,0.45333415551040968,34.072418007459987,0,88.686361531956322,-74.250030318958267,49.116792162993022,0,0.00090234872186556458,0.00061430182540789247
1.7770679899258539,0,0.0016462659696117043,34,34,60,1.5111141204833984,0.26763440332325483,0.019768530929615679,19.013489054803028,0,82.229245267608391,-64.226119816138763,37.30401744052552,-7.1054273576010019e-15,0.00061430182540789247,0.00039251643465831876
1.7770679899258539,0,0.0016462659696117043,34,34,61,1.1608598232269287,0.092242064954063327,0.0039209727601750245,10.885974481726135,0,70.291849620512721,-54.103946329751324,27.170040810201765,-3.5527136788005009e-15,0.00039251643465831876,0.00025844026822596788
1.7770679899258539,0,0.0016462659696117043,34,34,62,0.9273262619972229,0.033683923156255534,0.0017255086526771163,5.1912833861230885,0,62.838671108214321,-46.503844019619955,21.561519906526385,-7.1054273576010019e-15,0.00025844026822596788,0.0001838128810049966
1.7770679899258539,0,0.0016462659696117043,34,34,63,0.76216554641723633,0.015581835883041338,0.00078325939061669428,2.8876427846147568,0,54.776218650639116,-40.634785006233862,17.045441524293672,0,0.0001838128810049966,0.00013569412112701684
1.7770679899258539,0,0.0016462659696117043,34,34,64,0.63994497060775757,0.0077288554745289992,0.00056231005128447374,1.7735128913381972,0,47.814174026365436,-35.959146945082978,13.636831138146468,-1.7763568394002505e-15,0.00013569412112701684,0.00010356206621509045
1.7770679899258539,0,0.0016462659696117043,34,34,65,0.54693031311035156,0.0040932679542528645,0.00036006549410983081,1.2824514152394717,0,41.977048672340771,-32.133878336791405,11.130075084237204,5.3290705182007514e-15,0.00010356206621509045,8.1419471825938672e-05
1.7770679899258539,0,0.0016462659696117043,34,34,66,0.47395592927932739,0.0023035484417918343,0.00021276598634806257,0.92466408892467367,0,37.245888766937334,-28.934031533272325,9.2390376370178249,1.7763568394002505e-15,8.1419471825938672e-05,6.5549786086194217e-05
1.7770679899258539,0,0.0016462659696117043,34,34,67,0.41529268026351929,0.0013786288220019129,0.00012391864228306141,0.67245335070276691,0,33.333798259384189,-26.208935419522806,7.7988187380284311,-2.6645352591003757e-15,6.5549786086194217e-05,5.3792100516147912e-05
1.7770679899258539,0,0.0016462659696117043,34,34,68,0.36716911196708679,0.00085484579588606833,8.6509241979216823e-05,0.49728890173383428,0,30.025930965270067,-23.8548056026182,6.6693556194235661,0,5.3792100516147912e-05,4.4846565288025886e-05
1.7770679899258539,0,0.0016462659696117043,34,34,69,0.32709407806396484,0.00055237300735966853,6.3128363552248618e-05,0.37288521288363735,0,27.18620677267895,-21.797637094197096,5.7620703927364048,0,4.4846565288025886e-05,3.7884674384258687e-05
1.7770679899258539,0,0.0016462659696117043,34,34,70,0.29322630167007446,0.00037952649357668781,5.4945062361136074e-05,0.28445214826879278,0,24.736058741912085,-19.983048537841277,5.0378968238955393,-8.8817841970012523e-16,3.7884674384258687e-05,3.2380226912209764e-05
1.7770679899258539,0,0.0016462659696117043,34,34,71,0.26431488990783691,0.00026098893291810933,4.6761752537849285e-05,0.21957106258207776,0,22.579396247181222,-18.369801341699645,4.4294737187491098,-1.7763568394002505e-15,3.2380226912209764e-05,2.7945292458753102e-05
1.7770679899258539,0,0.0016462659696117043,34,34,72,0.23938582837581635,0.00018246532397180325,2.5718963248404038e-05,0.1715619556509482,0,20.671486821206258,-16.926541141818685,3.9167158193257388,-2.6645352591003757e-15,2.7945292458753102e-05,2.4326594939338975e-05
1.7770679899258539,0,0.0016462659696117043,34,34,73,0.21770751476287842,0.00013664054539305319,8.1833065862214466e-06,0.13579046421206736,0,18.984089812851234,-15.628647883361925,3.4913772175533579,1.3322676295501878e-15,2.4326594939338975e-05,2.1317111531971022e-05
1.7770679899258539,0,0.0016462659696117043,34,34,74,0.19868747889995575,9.8964679581238353e-05,1.8704700151922288e-05,0.10911572097563473,0,17.488240451720301,-14.456371213515686,3.141102628559985,2.2204460492503131e-15,2.1317111531971022e-05,1.8808328604791313e-05
1.7770679899258539,0,0.0016462659696117043,34,34,75,0.18191169202327728,7.1810207335124362e-05,1.8704700151922288e-05,0.088107210947891201,0,16.139468763765073,-13.393536118312035,2.8341303713084147,-4.4408920985006262e-16,1.8808328604791313e-05,1.6695261365384795e-05
1.7770679899258539,0,0.0016462659696117043,34,34,76,0.16705389320850372,5.1102672810754483e-05,-5.8452190672311606e-06,0.071352901572038871,0,14.92089371873921,-12.427017936165351,2.5652739415996404,-1.7763568394002505e-15,1.6695261365384795e-05,1.4891159480612259e-05
1.7770679899258539,0,0.0016462659696117043,34,34,77,0.15382413566112518,4.352108541855689e-05,-1.6366613172442893e-05,0.058409269801391203,0,13.817607511379597,-11.545701436436225,2.3303424992170108,1.7763568394002505e-15,1.4891159480612259e-05,1.3329405192052945e-05
1.7770679899258539,0,0.0016462659696117043,34,34,78,0.14198987185955048,3.2999691313345152e-05,-5.8452190672311606e-06,0.048298754635088093,0,12.818612580426562,-10.740489870922206,2.1264486186116893,-4.4408920985006262e-16,1.3329405192052945e-05,1.1967007594648749e-05
1.7770679899258539,0,0.0016462659696117043,34,34,79,0.13132870197296143,2.9191699898336907e-05,7.014263096481749e-06,0.04030628830398187,0,11.921274942072227,-10.003408876273689,1.9582085600655159,1.1102230246251565e-15,1.1967007594648749e-05,1.0786327948153485e-05
1.7770679899258539,0,0.0016462659696117043,34,34,80,0.12173621356487274,1.8102981497409328e-05,-0,0.033508618751704668,0,11.089035625182577,-9.3277467721005056,1.7948155748152737,1.1102230246251565e-15,1.0786327948153485e-05,9.7530919447308406e-06
1.7770679899258539,0,0.0016462659696117043,34,34,81,0.11308339983224869,1.8102981497409328e-05,-0,0.028109404520102337,0,10.330022868449946,-8.7075341002538877,1.6506162756976595,1.5543122344752192e-15,9.7530919447308406e-06,8.827012607071083e-06
1.7770679899258539,0,0.0016462659696117043,34,34,82,0.10521253198385239,1.5764893978419043e-05,2.3380875189902861e-06,0.023782791942221507,0,9.6466941516126123,-8.1379192616925291,1.532575784843802,0,8.827012607071083e-06,8.0213676483253948e-06
1.7770679899258539,0,0.0016462659696117043,34,34,83,0.098091930150985718,7.1646927601099891e-06,-1.1690438134462321e-05,0.019944959864770729,0,9.0113654902156561,-7.6146118498015429,1.4166940745335106,8.8817841970012523e-16,8.0213676483253948e-06,7.298034688574262e-06
1.7770679899258539,0,0.0016462659696117043,34,34,84,0.091628707945346832,7.6159817509947094e-06,-2.5718963248404038e-05,0.016853875774088086,0,8.4348579414491596,-7.1336156314153767,1.3180780828263732,-8.8817841970012523e-16,7.298034688574262e-06,6.6422221607354004e-06
1.7770679899258539,0,0.0016462659696117043,34,34,85,0.085756845772266388,3.090236376642377e-06,-2.5718963248404038e-05,0.014355664327445597,0,7.9063504481230424,-6.6912647527808051,1.2294187309428111,0,6.6422221607354004e-06,6.0468814808700699e-06
1.7770679899258539,0,0.0016462659696117043,34,34,86,0.080382399260997772,3.9584216181473765e-06,-1.7535657741204374e-05,0.012350759126607515,0,7.4326633085164557,-6.2845314902423866,1.1604690001645532,-4.4408920985006262e-16,6.0468814808700699e-06,5.5078385230444837e-06
1.7770679899258539,0,0.0016462659696117043,34,34,87,0.075492411851882935,2.6389473857576571e-06,-1.1690438134462321e-05,0.010508780759246116,0,6.9900725653770435,-5.9107682827561252,1.0898040118894159,2.2204460492503131e-16,5.5078385230444837e-06,5.0257949624210596e-06
1.7770679899258539,0,0.0016462659696117043,34,34,88,0.071055687963962555,2.7893770493858972e-06,-1.6366613172442893e-05,0.0089338213689715042,0,6.5776775953753104,-5.567399981204014,1.0191978583041452,0,5.0257949624210596e-06,4.5791180127707776e-06
1.7770679899258539,0,0.0016462659696117043,34,34,89,0.067004173994064331,4.2592809454038567e-06,-2.6888007817165518e-05,0.0076666126641528505,0,6.2073992118273003,-5.2521229811905075,0.96292021457407395,3.3306690738754696e-16,4.5791180127707776e-06,4.173678007646231e-06
1.7770679899258539,0,0.0016462659696117043,34,34,90,0.063328079879283905,5.4283255141653351e-06,-2.8057052385926996e-05,0.0065849595196826437,0,5.8653795823967458,-4.9631179330751163,0.90882398011444054,3.3306690738754696e-16,4.173678007646231e-06,3.7890304156462662e-06
1.7770679899258539,0,0.0016462659696117043,34,34,91,0.059960905462503433,3.090236376642377e-06,-2.5718963248404038e-05,0.0057273307712428761,0,5.5636209838164294,-4.6987600942684473,0.87056559159235314,2.2204460492503131e-16,3.7890304156462662e-06,3.4428619528625859e-06
1.7770679899258539,0,0.0016462659696117043,34,34,92,0.056909322738647461,2.8645913416891264e-06,-1.8704700151922288e-05,0.0049036451131107524,0,5.2874781040549479,-4.4573839904727404,0.83498191858650794,-2.2204460492503131e-16,3.4428619528625859e-06,3.1170013699011179e-06
1.7770679899258539,0,0.0016462659696117043,34,34,93,0.05415252223610878,2.7893770493858972e-06,-1.6366613172442893e-05,0.004224783306957902,0,5.0290286258344965,-4.2375142286959555,0.7957256032093758,0,3.1170013699011179e-06,2.8181414108985336e-06
1.7770679899258539,0,0.0016462659696117043,34,34,94,0.051638860255479813,3.0150220843391478e-06,-2.3380876268924642e-05,0.0036635908805382131,0,4.8098716689541714,-4.0379198061962684,0.77559508778425656,2.2204460492503131e-16,2.8181414108985336e-06,2.5371421088493662e-06
1.7770679899258539,0,0.0016462659696117043,34,34,95,0.049394495785236359,3.1654528269891695e-06,-2.8057052385926996e-05,0.0030842954726211145,0,4.6094309320694808,-3.8575892188825129,0.7549011170600306,2.2204460492503131e-16,2.5371421088493662e-06,2.2729855118086562e-06
1.7770679899258539,0,0.0016462659696117043,34,34,96,0.047384914010763168,6.7693510485975242e-07,-2.1042789289445247e-05,0.002658875407431995,0,4.4267582715244984,-3.6954770195732123,0.73391976150453309,-7.7715611723760958e-16,2.2729855118086562e-06,2.017026417888701e-06
1.7770679899258539,0,0.0016462659696117043,34,34,97,0.045589964836835861,5.2650436220973087e-07,-1.6366613172442893e-05,0.0023058672682325131,0,4.2658725492116467,-3.550734631010676,0.71742794536039323,-1.1102230246251565e-16,2.017026417888701e-06,1.7717203490974498e-06
1.7770679899258539,0,0.0016462659696117043,34,34,98,0.044004220515489578,3.008593272564801e-07,-9.3523500759611442e-06,0.0019845393466534976,0,4.135678169154966,-3.4226650884072538,0.71498856860361737,3.3306690738754696e-16,1.7717203490974498e-06,1.5396587969007669e-06
1.7770679899258539,0,0.0016462659696117043,34,34,99,0.0426165871322155,9.4339899429733768e-07,5.8452190672311606e-06,0.0017062060061308292,0,4.0195068111407162,-3.3108158172255102,0.71040398853939846,2.2204460492503131e-16,1.5396587969007669e-06,1.3156879958842183e-06
1.7770679899258539,0,0.0016462659696117043,34,34,100,0.04141564667224884,7.1775449885497763e-07,1.2859481624202019e-05,0.001443712774418394,0,3.9244571067885685,-3.2149967361597227,0.71091766063938744,0,1.3156879958842183e-06,1.1047097814298468e-06
1.7770679899258539,0,0.0016462659696117043,34,34,101,0.040414329618215561,1.093828927681023e-06,1.169043759495143e-06,0.0011608536885213733,0,3.8325663727077188,-3.1353187259715627,0.69841076329736473,-1.1102230246251565e-16,1.1047097814298468e-06,9.0010303210874554e-07
1.7770679899258539,0,0.0016462659696117043,34,34,102,0.03960028663277626,0,-0,0.00090288620218329028,0,3.7728695283473246,-3.0728883314050592,0.70088408314444828,-2.2204460492503131e-16,9.0010303210874554e-07,7.0913330318944645e-07
1.7770679899258539,0,0.0016462659696117043,34,34,103,0.038970910012722015,-5.2650436220973087e-07,1.6366613172442893e-05,0.00066754744271696898,0,3.7117945945204398,-3.0285224495002834,0.6839555325716834,-3.3306690738754696e-16,7.0913330318944645e-07,5.1266187028886634e-07
1.7770679899258539,0,0.0016462659696117043,34,34,104,0.038515456020832062,-3.008593272564801e-07,9.3523500759611442e-06,0.00045710028280958554,0,3.661576923846626,-3.0021373539678096,0.65990572165237504,1.1102230246251565e-16,5.1266187028886634e-07,3.160426160775387e-07
1.7770679899258539,0,0.0016462659696117043,34,34,105,0.038260895758867264,-7.5214831814120024e-08,2.3380875189902861e-06,0.00024212737752784977,0,3.6256809744099505,-3.000489982651545,0.62543538200862059,-1.1102230246251565e-16,3.160426160775387e-07,1.1468374339074217e-07
1.7770679899258539,0,0.0016462659696117043,34,34,106,0.038170348852872849,1.0186138261114577e-06,3.5071315482408745e-06,-0.0001131436343588083,0,3.6150160554352895,-3.040644658485486,0.57426277906081868,-3.3306690738754696e-16,1.1468374339074217e-07,1.1468374339074217e-07
1.7787142558954656,0,0.0016462659696117043,34,34,0,0.010257205925881863,2.8285908589702075e-07,4.3562734644870771,-0.2482857855459997,0,-108.21528772744433,168.97433357869002,64.867033813045836,-1.4210854715202004e-14,0.00041606961167417467,0.00041606961167417467
1.7787142558954656,0,0.0016462659696117043,34,34,1,0.12183389812707901,0.031721515047007293,9.134012624142434,1.7586503435288241,0,-122.90707916384308,56.950558706802205,-55.032132580013588,3.3943090187449343e-06,0.00041606961167417467,0.00015595406875945628
1.7787142558954656,0,0.0016462659696117043,34,34,2,-0.053708795458078384,0.12373048422576199,9.5172906455600987,0.44334427974424162,0,-81.251141177303353,52.659065913026346,-18.507707591874222,2.2628726767948137e-06,0.00015595406875945628,0.00048350568977184594
1.7787142558954656,0,0.0016462659696117043,34,34,3,0.23149006068706512,0.10172687593383276,9.4140872451978836,-5.5255911454357465,0,-167.6650716478529,60.304638386933831,-103.3702080223504,2.2628727123219505e-06,0.00048350568977184594,0.00080337992403656244
1.7787142558954656,0,0.0016462659696117043,34,34,4,0.29826328158378601,-0.099790422631781756,9.3673040495450319,12.454996094069598,0,-72.315437098256126,67.209853226541767,16.616925849268494,3.5527136788005009e-15,0.00080337992403656244,0.00065202458063140512
1.7787142558954656,0,0.0016462659696117043,34,34,5,0.29672759771347046,0.13995358423829973,9.3434199940500591,7.8292860558885708,0,-29.418811274791448,69.610580117820703,57.50442847720619,7.1054273576010019e-15,0.00065202458063140512,0.00058826361782848835
1.7787142558954656,0,0.0016462659696117043,34,34,6,0.36850875616073608,0.21290350820931317,9.1796836178695376,-13.121095298266773,0,-40.485037143287293,78.040704129608301,33.827158814133085,0,0.00058826361782848835,0.00044742092723026872
1.7787142558954656,0,0.0016462659696117043,34,34,7,0.52314502000808716,0.20772492406471052,8.9418477783929173,-29.851056164005094,0,-70.134643329189217,80.872861275933488,-9.963265514803183,1.4210854715202004e-14,0.00044742092723026872,0.0006800222909078002
1.7787142558954656,0,0.0016462659696117043,34,34,8,0.69607365131378174,0.019257612286040969,8.7297685215599081,-37.082871418553168,0,-119.44665804465029,96.020712073705724,-51.759791255651791,0,0.0006800222909078002,0.00038775693974457681
1.7787142558954656,0,0.0016462659696117043,34,34,9,0.94185686111450195,-0.082414388985127762,8.6043205169645791,-26.159858236683331,0,-179.65051260784267,86.177252090452399,-111.11121262609416,-1.4210854715202004e-14,0.00038775693974457681,0.00056359940208494663
1.7787142558954656,0,0.0016462659696117043,34,34,10,1.188050389289856,-0.30759228436785624,8.6498082180040239,-9.3449762847406639,0,-123.42706920437467,58.471109586186351,-65.958719969292815,0,0.00056359940208494663,0.00047424709191545844
1.7787142558954656,0,0.0016462659696117043,34,34,11,1.0203806161880493,-0.040073778135374521,8.8428295610656349,58.996964992723093,0,56.624822709228567,41.527370611945123,165.95191409682704,0,0.00047424709191545844,0.00010196329822065309
1.7787142558954656,0,0.0016462659696117043,34,34,12,0.83464127779006958,0.19043940532554357,8.8070320465908516,14.671307912834427,0,5.3031236058140836,100.6000060673274,129.57190903789231,0,0.00010196329822065309,0.00059918628539890051
1.7787142558954656,0,0.0016462659696117043,34,34,13,1.2148298025131226,-0.077495469481378573,8.4563518376683025,-116.77958198659998,0,-170.48551616514925,140.58170791306071,-138.30453387050159,0,0.00059918628539890051,0.00052855827379971743
1.7787142558954656,0,0.0016462659696117043,34,34,14,1.6882840394973755,-0.47544030022097661,8.4023014263805837,-43.203706698605231,0,-137.05311096554868,35.46511658001868,-136.86483995797562,0,0.00052855827379971743,0.00052191218128427863
1.7787142558954656,0,0.0016462659696117043,34,34,15,1.3592451810836792,-0.11847269953710818,8.7152889649528404,100.50826015709852,0,99.667050812876909,2.5301451060039173,211.30227234139508,0,0.00052191218128427863,0.00026162798167206347
1.7787142558954656,0,0.0016462659696117043,34,34,16,1.0800861120223999,0.2152953646396584,8.6739926698482179,32.49557590710964,0,-43.710300532828732,120.66296116549823,118.33752457426702,1.4210854715202004e-14,0.00026162798167206347,0.00051294983131811023
1.7787142558954656,0,0.0016462659696117043,34,34,17,1.6475702524185181,-0.067339696861331941,8.2451081465750331,-131.55979743612281,0,-257.81035245868543,177.82920784535133,-203.36317359974322,0,0.00051294983131811023,0.00053871219279244542
1.7787142558954656,0,0.0016462659696117043,34,34,18,2.034062385559082,-0.42981795825664609,8.2870912235402123,-50.433385801336605,0,16.014838787646159,-49.395505666127136,-75.956779414534026,-1.4210854715202004e-14,0.00053871219279244542,0.00010150895832339302
1.7787142558954656,0,0.0016462659696117043,34,34,19,1.4804418087005615,-0.098532831135883597,8.6647912637839877,136.10009760759905,0,130.89339048124017,-31.875222937156419,243.68452358433095,2.8421709430404007e-14,0.00010150895832339302,0.00043488890514709055
1.7787142558954656,0,0.0016462659696117043,34,34,20,1.4124705791473389,0.022777510750943496,8.5116196744617216,-15.264289174763567,0,-169.285324697834,154.69620432099782,-21.319012366387092,-7.1054273576010019e-15,0.00043488890514709055,0.0002368137938901782
1.7787142558954656,0,0.0016462659696117043,34,34,21,2.0265567302703857,-0.091350473226786438,8.0931579427856679,-139.18976966572492,0,-305.13596322039876,205.34986720119491,-230.97405821536989,0,0.0002368137938901782,0.00074885512003675103
1.7787142558954656,0,0.0016462659696117043,34,34,22,2.1421196460723877,-0.43384474020347608,8.2757666771772396,32.162770695261266,0,140.8264240169427,-90.508100766003622,90.323015883174108,1.4210854715202004e-14,0.00074885512003675103,0.00032569066388532519
1.7787142558954656,0,0.0016462659696117043,34,34,23,1.6386086940765381,0.01332153150940609,8.5947185824347194,110.38372621163927,0,131.76016123533614,-38.732994388005018,212.01893317291453,0,0.00032569066388532519,0.00049305736320093274
1.7787142558954656,0,0.0016462659696117043,34,34,24,1.8099865913391113,0.030496169486901398,8.3041889238463433,-121.70648943093489,0,-143.86743526080349,109.01629940125096,-148.2229401971542,-5.6843418860808015e-14,0.00049305736320093274,0.00049860146827995777
1.7787142558954656,0,0.0016462659696117043,34,34,25,2.3150966167449951,-0.30787797204461226,7.9012821790219396,-115.72801599737846,0,-258.45648407429098,171.04189319849064,-195.54920266620147,2.8421709430404007e-14,0.00049860146827995777,0.00060108245816081762
1.7787142558954656,0,0.0016462659696117043,34,34,26,2.5076732635498047,-0.61505501927437167,8.0853589520693152,11.684098729983919,0,92.047288664839357,-92.712464616980157,18.489226710638054,-1.0658141036401503e-14,0.00060108245816081762,0.00061213865410536528
1.7787142558954656,0,0.0016462659696117043,34,34,27,2.0585689544677734,-0.15177483115610801,8.5350483268283988,183.69631173673571,0,160.3654788305785,-112.84051803661569,239.6045460263708,0,0.00061213865410536528,9.5208939455915242e-05
1.7787142558954656,0,0.0016462659696117043,34,34,28,1.8290494680404663,0.013512744251472477,8.426966172952632,41.877699509882987,0,9.8005197111414724,71.502070139577526,131.62076827780609,0,9.5208939455915242e-05,0.00053400907199829817
1.7787142558954656,0,0.0016462659696117043,34,34,29,2.3659989833831787,-0.37890841425872851,7.8742668734460874,-246.67216723873739,0,-175.63165071541781,170.74920419364051,-244.05925530132731,-2.8421709430404007e-14,0.00053400907199829817,0.00018029230704996735
1.7787142558954656,0,0.0016462659696117043,34,34,30,2.9228181838989258,-0.53677829299774549,7.6923799954417262,-92.173864711469236,0,-157.55169621047318,22.607292941668728,-219.9626662778297,0,0.00018029230704996735,0.00063414726173505187
1.7787142558954656,0,0.0016462659696117043,34,34,31,2.5568394660949707,-0.48470619815679117,8.2013555031684806,244.65745022192769,0,238.33299260599279,-178.57751268852823,312.12957944440393,0,0.00063414726173505187,0.00016578477516304702
1.7787142558954656,0,0.0016462659696117043,34,34,32,2.0203380584716797,-0.16487460114217084,8.4999217541053635,94.922766245887843,0,185.5787321647623,-25.583857571398759,263.25268799221459,0,0.00016578477516304702,0.00041679819696582854
1.7787142558954656,0,0.0016462659696117043,34,34,33,2.330045223236084,-0.27864957698070131,8.0827724885878727,-204.91401981866329,0,-185.36489974731489,146.8720957178175,-235.6027009365535,0,0.00041679819696582854,0.00034306297311559319
1.7787142558954656,0,0.0016462659696117043,34,34,34,3.0884904861450195,-0.56022335119140598,7.644137246905645,-162.97100475153763,0,-307.39108783149408,162.18258370136246,-301.09559498595496,5.6843418860808015e-14,0.00034306297311559319,0.00049040414160117507
1.7787142558954656,0,0.0016462659696117043,34,34,35,2.855966329574585,-0.43846382907617443,8.0053652711412955,209.18328215116031,0,320.32284404627944,-247.10149754792994,289.97153009157495,5.6843418860808015e-14,0.00049040414160117507,0.0001951297017512843
1.7787142558954656,0,0.0016462659696117043,34,34,36,2.098921537399292,-0.19229496092902804,8.4902672077855268,148.65704969346208,0,231.0893380015454,-96.339288342097134,291.70507159976682,0,0.0001951297017512843,0.00030310222064144909
1.7787142558954656,0,0.0016462659696117043,34,34,37,2.4315946102142334,-0.32817820292126965,8.1075362358399854,-222.4663810308474,0,-228.34615700927998,157.7863108506796,-285.24686915652904,5.6843418860808015e-14,0.00030310222064144909,0.00037202218663878739
1.7787142558954656,0,0.0016462659696117043,34,34,38,3.2285521030426025,-0.63195075819317248,7.6081157080348314,-167.33686459330485,0,-292.52405048270964,138.2423320260765,-314.64241810009634,0,0.00037202218663878739,0.00028670174651779234
1.7787142558954656,0,0.0016462659696117043,34,34,39,2.8586506843566895,-0.42899710118937295,7.9940158331787625,260.47815263599563,0,364.58086838729378,-275.09725155019152,357.52678820508726,0,0.00028670174651779234,0.00030701645300723612
1.7787142558954656,0,0.0016462659696117043,34,34,40,2.1290788650512695,-0.16875429636433439,8.4984429668042942,134.06054330017494,0,236.54963169272,-94.959117032734639,283.98074663060027,0,0.00030701645300723612,0.00023058043734636158
1.7787142558954656,0,0.0016462659696117043,34,34,41,2.5142257213592529,-0.23663029405252708,8.0910070822965068,-232.67037999360315,0,-203.01002063669176,137.87592768056894,-289.95009616148201,5.6843418860808015e-14,0.00023058043734636158,0.0005314431618899107
1.7787142558954656,0,0.0016462659696117043,34,34,42,3.2611522674560547,-0.72209172596866333,7.5399642055969753,-193.89784869400779,0,-200.18581069924392,99.024177733940903,-288.24160917968248,0,0.0005314431618899107,0.00045249168761074543
1.7787142558954656,0,0.0016462659696117043,34,34,43,3.0504999160766602,-0.82162927257765317,7.8642683704777996,157.82193751826651,0,326.6015373249889,-244.04947969131871,247.41663424983685,2.8421709430404007e-14,0.00045249168761074543,0.00054340151837095618
1.7787142558954656,0,0.0016462659696117043,34,34,44,2.3139903545379639,-0.48556552405974635,8.4698493075291363,240.44249683392289,0,187.06607312458945,-133.43852485592396,302.05432888605776,0,0.00054340151837095618,0.00042051405762322247
1.7787142558954656,0,0.0016462659696117043,34,34,45,2.299504280090332,-0.26383115518872818,8.348043396523817,3.8905479595712338,0,-61.572005492840589,68.057507232176462,18.460261940242198,0,0.00042051405762322247,0.00048639037413522601
1.7787142558954656,0,0.0016462659696117043,34,34,46,2.9739670753479004,-0.5811967866924983,7.8529472184238571,-292.68031541899529,0,24.038152599223963,10.950710743560872,-250.41970164447909,2.8421709430404007e-14,0.00048639037413522601,0.00070867309113964438
1.7787142558954656,0,0.0016462659696117043,34,34,47,3.2303817272186279,-0.77881289274542109,7.5613483524907901,-89.913454029776716,0,98.027934456175473,-58.580958477912631,-43.683942591768506,-7.1054273576010019e-15,0.00070867309113964438,0.00037279832758940756
1.7787142558954656,0,0.0016462659696117043,34,34,48,3.0325779914855957,-0.82100811402502327,7.7324368020319465,94.24745262410849,0,142.62701896860102,-82.909338076503062,160.87656220421337,0,0.00037279832758940756,0.00077445339411497116
1.7787142558954656,0,0.0016462659696117043,34,34,49,2.6491034030914307,-0.77310875641922172,8.1831659667907868,207.07131591774655,0,68.36018908281315,-68.546577380310481,214.29498483062079,0,0.00077445339411497116,0.00049691915046423674
1.7787142558954656,0,0.0016462659696117043,34,34,50,2.5786151885986328,-0.48972694693146329,8.2011625932718992,19.156140549002615,0,8.3498191858650781,-3.2294270752858449,31.987968305922283,0,0.00049691915046423674,0.00061715027550235391
1.7787142558954656,0,0.0016462659696117043,34,34,51,3.2104408740997314,-0.89494238761495837,7.6641540529782342,-279.74406966479853,0,-39.982824230586161,4.3912040158635861,-308.56647821415783,0,0.00061715027550235391,0.00074871443212032318
1.7787142558954656,0,0.0016462659696117043,34,34,52,3.3198916912078857,-0.91956017957874792,7.5914502164119506,-1.0860340659925805,0,93.731010767950394,-126.95606441747964,-27.639197678688625,-7.1054273576010019e-15,0.00074871443212032318,0.00074992602458223701
1.7787142558954656,0,0.0016462659696117043,34,34,53,2.5603625774383545,-0.34748955843363105,8.0694973459685553,229.06093513072369,0,44.087277019530781,-81.743940539625839,199.12627939816355,0,0.00074992602458223701,0.00048229747335426509
1.7787142558954656,0,0.0016462659696117043,34,34,54,2.6882650852203369,-0.57071346325098293,7.8854765790201862,-104.81553875074012,0,-240.3920981334341,56.877250683228446,-281.01562308517657,0,0.00048229747335426509,0.00062450283439829946
1.7787142558954656,0,0.0016462659696117043,34,34,55,3.1590971946716309,-2.1285519587744197,7.5653841859283686,-82.193184128465546,0,-106.5815208017754,-104.70764498101556,-288.04551768410255,0,0.00062450283439829946,0.0014357452746480703
1.7787142558954656,0,0.0016462659696117043,34,34,56,2.1810526847839355,-1.569920538518442,7.8200835183879978,283.27473035220129,0,197.32481550339335,-119.31139256690166,367.53831626856254,0,0.0014357452746480703,0.0018366069998592138
1.7787142558954656,0,0.0016462659696117043,34,34,57,1.5533492565155029,-0.62333204184589031,7.1325124809803784,93.023835898735598,0,137.06998294430426,-49.033808095808901,187.56919118636546,2.8421709430404007e-14,0.0018366069998592138,0.0016023967182263732
1.7787142558954656,0,0.0016462659696117043,34,34,58,2.1038470268249512,-0.056742381208200056,3.7368612838535475,-77.668524933003056,0,5.9156922937234206,-72.831263453043306,-140.90397718967759,0,0.0016023967182263732,0.00091185019118711352
1.7787142558954656,0,0.0016462659696117043,34,34,59,2.0666201114654541,0.097757443666668387,0.62867899786137316,5.9444398283413067,0,115.73424342301357,-87.438124751746955,34.966994941135965,0,0.00091185019118711352,0.00063295324798673391
1.7787142558954656,0,0.0016462659696117043,34,34,60,1.5725264549255371,0.25346139967020043,0.02604863464979959,31.200778258488938,0,92.346205095324578,-76.811891848545642,47.014601539587865,-7.1054273576010019e-15,0.00063295324798673391,0.00041272331145592034
1.7787142558954656,0,0.0016462659696117043,34,34,61,1.2055889368057251,0.1087713759484,0.0056394671152269621,12.599313062566944,0,81.782536096178319,-63.871446202641522,30.624813799167363,-7.1054273576010019e-15,0.00041272331145592034,0.00027026206953451037
1.7787142558954656,0,0.0016462659696117043,34,34,62,0.96282225847244263,0.036838518089183279,0.0017208325002985932,5.588752447880208,0,70.926540151811892,-54.237691157054186,22.316160793227393,-3.5527136788005009e-15,0.00027026206953451037,0.00019210980099160224
1.7787142558954656,0,0.0016462659696117043,34,34,63,0.79022687673568726,0.016798844489254432,0.00076104756323261825,3.1864505972109951,0,60.862803089698083,-46.888170316809955,17.17864326215161,-7.1054273576010019e-15,0.00019210980099160224,0.00014190428191795945
1.7787142558954656,0,0.0016462659696117043,34,34,64,0.66239482164382935,0.0084354734845307373,0.0005436053381842901,1.8913270949233369,0,52.562803308913871,-41.115527782879063,13.347581699780863,1.7763568394002505e-15,0.00014190428191795945,0.00010809918603627011
1.7787142558954656,0,0.0016462659696117043,34,34,65,0.56525337696075439,0.0044448061722919792,0.00037058690601890194,1.3716991140216996,0,45.687689201790754,-36.458716822485485,10.605486886405275,-5.3290705182007514e-15,0.00010809918603627011,8.4811006672680378e-05
1.7787142558954656,0,0.0016462659696117043,34,34,66,0.48916584253311157,0.0025125665452517612,0.00025718962385186611,0.99180804729856487,0,40.214433775864016,-32.613462522620772,8.5955490567109134,-1.7763568394002505e-15,8.4811006672680378e-05,6.8156696215737611e-05
1.7787142558954656,0,0.0016462659696117043,34,34,67,0.42813161015510559,0.0014936248518978555,0.00017184944586380284,0.71999178011496379,0,35.732189866049957,-29.376939078587942,7.0769080418747423,8.8817841970012523e-16,6.8156696215737611e-05,5.5836691899457946e-05
1.7787142558954656,0,0.0016462659696117043,34,34,68,0.3781486451625824,0.00092605428456667973,0.00012391864228306141,0.53134060993046117,0,32.004586842936909,-26.610133695468392,5.9268437303258246,-3.5527136788005009e-15,5.5836691899457946e-05,4.6481196477543563e-05
1.7787142558954656,0,0.0016462659696117043,34,34,69,0.33657997846603394,0.00059555883855266095,9.2354458348893525e-05,0.39772250349808297,0,28.832419498127368,-24.214747183731191,5.0160827311911618,0,4.6481196477543563e-05,3.9210928662214428e-05
1.7787142558954656,0,0.0016462659696117043,34,34,70,0.30152001976966858,0.000406947436725881,8.18330637041709e-05,0.30275426256267363,0,26.123579861762522,-22.119164148572583,4.3076587562530424,-1.7763568394002505e-15,3.9210928662214428e-05,3.3461346902186051e-05
1.7787142558954656,0,0.0016462659696117043,34,34,71,0.27160698175430298,0.00027087421832609808,9.1185411622088481e-05,0.23405344778000522,0,23.760217524294237,-20.269582528982273,3.7250505027219178,8.8817841970012523e-16,3.3461346902186051e-05,2.8837461286457255e-05
1.7787142558954656,0,0.0016462659696117043,34,34,72,0.24583378434181213,0.0001987631495056737,8.18330637041709e-05,0.18283106163308552,0,21.683262457096465,-18.625578367276542,3.2407957476662181,-8.8817841970012523e-16,2.8837461286457255e-05,2.5071149138966575e-05
1.7787142558954656,0,0.0016462659696117043,34,34,73,0.22345525026321411,0.00014769486997469455,5.1437926496808075e-05,0.1441630931546192,0,19.844352545098875,-17.15557101223316,2.833143758816806,-4.4408920985006262e-16,2.5071149138966575e-05,2.1954425392323174e-05
1.7787142558954656,0,0.0016462659696117043,34,34,74,0.20385856926441193,9.8362960926725389e-05,3.7409400303844577e-05,0.11532504362924613,0,18.222642205107206,-15.834569297894955,2.5035337232027257,-3.1086244689504383e-15,2.1954425392323174e-05,1.9342674931976944e-05
1.7787142558954656,0,0.0016462659696117043,34,34,75,0.18657742440700531,8.2297207081538971e-05,4.4423663400326329e-05,0.093248457693155457,0,16.773742926489803,-14.642225473058838,2.2248926319946012,0,1.9342674931976944e-05,1.7154614397441037e-05
1.7787142558954656,0,0.0016462659696117043,34,34,76,0.17127701640129089,6.6532310405565474e-05,4.2085578578890494e-05,0.075616153714678766,0,15.460588854630725,-13.562246854377142,1.9740667718572464,-6.6613381477509392e-16,1.7154614397441037e-05,1.5287145288311876e-05
1.7787142558954656,0,0.0016462659696117043,34,34,77,0.15766049921512604,4.8730190393456192e-05,3.2733226344885787e-05,0.061794527341406745,0,14.269512238499427,-12.581019999763813,1.7503682294937593,2.2204460492503131e-16,1.5287145288311876e-05,1.3679360563401133e-05
1.7787142558954656,0,0.0016462659696117043,34,34,78,0.14549057185649872,3.2965295875526262e-05,3.0395139365406391e-05,0.051005150368950786,0,13.189153457206285,-11.687348215162704,1.5528737528477723,6.6613381477509392e-16,1.3679360563401133e-05,1.2277261703275144e-05
1.7787142558954656,0,0.0016462659696117043,34,34,79,0.13455243408679962,2.8289119758523905e-05,3.5071315482408748e-05,0.042478646083670989,0,12.2278760882031,-10.871673126343183,1.3987449683788291,-1.1102230246251565e-15,1.2277261703275144e-05,1.1058875315939076e-05
1.7787142558954656,0,0.0016462659696117043,34,34,80,0.1246909573674202,2.3763374384171572e-05,3.5071315482408748e-05,0.03545468926267617,0,11.344921268648458,-10.125839340140667,1.2545954524603331,-1.1102230246251565e-15,1.1058875315939076e-05,9.9902581496280618e-06
1.7787142558954656,0,0.0016462659696117043,34,34,81,0.11580075323581696,1.7350832100246347e-05,2.3380876268924642e-05,0.029625529220510368,0,10.531432114844749,-9.4428364769702853,1.1182618988033435,2.2204460492503131e-16,9.9902581496280618e-06,9.0444436864345334e-06
1.7787142558954656,0,0.0016462659696117043,34,34,82,0.10773555934429169,1.16560443151761e-05,2.454991867964256e-05,0.025009268938670989,0,9.8097114999967818,-8.8168715827528654,1.017885392145583,1.5543122344752192e-15,9.0444436864345334e-06,8.2082815424655564e-06
1.7787142558954656,0,0.0016462659696117043,34,34,83,0.10042418539524078,1.5012745120766952e-05,2.5718963248404038e-05,0.021067344717610105,0,9.1380003715354086,-8.2428486681968867,0.91625977976450146,-5.5511151231257827e-16,8.2082815424655564e-06,7.4668005254352465e-06
1.7787142558954656,0,0.0016462659696117043,34,34,84,0.093798615038394928,8.6002006787981629e-06,1.4028526192963498e-05,0.017727344631338085,0,8.519000599449118,-7.7161107413121419,0.82063983149518538,-9.9920072216264089e-16,7.4668005254352465e-06,6.7955079430248588e-06
1.7787142558954656,0,0.0016462659696117043,34,34,85,0.087780795991420746,8.9010610850764248e-06,4.6761750379805721e-06,0.015043577624347153,0,7.946883023695742,-7.232439807409734,0.72950037114647803,2.2204460492503131e-16,6.7955079430248588e-06,6.1875853134552017e-06
1.7787142558954656,0,0.0016462659696117043,34,34,86,0.082292839884757996,6.713403229714378e-06,2.3380875189902861e-06,0.012875745590032385,0,7.4398185119533071,-6.7883600940421607,0.6643432149919275,-4.4408920985006262e-16,6.1875853134552017e-06,5.6348826547036879e-06
1.7787142558954656,0,0.0016462659696117043,34,34,87,0.077286519110202789,2.9054118147061329e-06,1.5197569682703196e-05,0.011051870204168396,0,6.9715260608329475,-6.3807759913733637,0.60182004264525013,9.9920072216264089e-16,5.6348826547036879e-06,5.1351084948692005e-06
1.7787142558954656,0,0.0016462659696117043,34,34,88,0.072733558714389801,6.2621136993187677e-06,1.6366613172442893e-05,0.0094226018694015552,0,6.5320128245480955,-6.0067548164007638,0.53470323874360504,2.2204460492503131e-16,5.1351084948692005e-06,4.680991423811065e-06
1.7787142558954656,0,0.0016462659696117043,34,34,89,0.068589396774768829,4.2248860470958518e-06,9.3523500759611442e-06,0.0080377237848497426,0,6.1355711069909544,-5.6637214200063548,0.47990098800557263,3.8857805861880479e-16,4.680991423811065e-06,4.2671676965255756e-06
1.7787142558954656,0,0.0016462659696117043,34,34,90,0.064824245870113373,5.6947891338474755e-06,-1.169043759495143e-06,0.0068881844597642496,0,5.7659489565222248,-5.3495577533549383,0.42328391337242494,-3.8857805861880479e-16,4.2671676965255756e-06,3.8812481761851814e-06
1.7787142558954656,0,0.0016462659696117043,34,34,91,0.061394087970256805,1.3946885246929486e-06,-8.1833065862214466e-06,0.0059287264404015551,0,5.4443879590564306,-5.0624308895699039,0.38787900730886665,3.8857805861880479e-16,3.8812481761851814e-06,3.5250598102720687e-06
1.7787142558954656,0,0.0016462659696117043,34,34,92,0.05828392505645752,3.2814865132876239e-06,3.5071315482408745e-06,0.0051163551457053119,0,5.1489767183636435,-4.8004581185755191,0.35364174355189126,4.4408920985006262e-16,3.5250598102720687e-06,3.1851016046857694e-06
1.7787142558954656,0,0.0016462659696117043,34,34,93,0.055462498217821121,1.169043759495143e-06,-1.169043759495143e-06,0.0044126017399935243,0,4.8770540961637447,-4.5619965948008945,0.31947010310284396,4.4408920985006262e-16,3.1851016046857694e-06,2.8766612558683846e-06
1.7787142558954656,0,0.0016462659696117043,34,34,94,0.052915696054697037,2.5637320144326462e-06,-9.3523500759611442e-06,0.0037654201514611403,0,4.646413060396001,-4.3456546515434171,0.30451704038598387,7.2164496600635175e-16,2.8766612558683846e-06,2.5878364340314874e-06
1.7787142558954656,0,0.0016462659696117043,34,34,95,0.050637263804674149,1.169043759495143e-06,-1.169043759495143e-06,0.0032042277250414514,0,4.4301933122636319,-4.1503053782048731,0.28309216178379992,-5.5511151231257827e-16,2.5878364340314874e-06,2.3182947188615799e-06
1.7787142558954656,0,0.0016462659696117043,34,34,96,0.048593141138553619,0,-0,0.002762967551042099,0,4.2375142286959555,-3.9747720809879308,0.26550511525906673,3.3306690738754696e-16,2.3182947188615799e-06,2.0586192022165051e-06
1.7787142558954656,0,0.0016462659696117043,34,34,97,0.046771042048931122,3.008593272564801e-07,-9.3523500759611442e-06,0.0023714905761606222,0,4.0724286146757054,-3.8181134048547247,0.2566776489063925,-3.8857805861880479e-16,2.0586192022165051e-06,1.8139693338525831e-06
1.7787142558954656,0,0.0016462659696117043,34,34,98,0.045181281864643097,-7.1775449885497763e-07,-1.2859481624202019e-05,0.0020049052008380831,0,3.9299920933814017,-3.6795531844735536,0.25243023687256289,-3.8857805861880479e-16,1.8139693338525831e-06,1.5731012581454706e-06
1.7787142558954656,0,0.0016462659696117043,34,34,99,0.043786101043224335,3.008593272564801e-07,-9.3523500759611442e-06,0.0017356233510641193,0,3.810833743420079,-3.5585754848717412,0.25398483040865288,-5.5511151231257827e-17,1.5731012581454706e-06,1.3451314089252264e-06
1.7787142558954656,0,0.0016462659696117043,34,34,100,0.042586006224155426,1.5042966362824005e-07,-4.6761750379805721e-06,0.0014708672466645079,0,3.7168521149762785,-3.4549585445259448,0.26335991195162373,-1.6653345369377348e-16,1.3451314089252264e-06,1.124471282309969e-06
1.7787142558954656,0,0.0016462659696117043,34,34,101,0.041564099490642548,2.2564503495325082e-07,-7.014263096481749e-06,0.0011970596515161918,0,3.6342391589128509,-3.3687996669617122,0.26662976298459329,0,1.124471282309969e-06,9.2368605919546098e-07
1.7787142558954656,0,0.0016462659696117043,34,34,102,0.040754128247499466,1.093828927681023e-06,1.169043759495143e-06,0.00092551492905505197,0,3.5696115149670997,-3.3012823345944371,0.26925695817440481,1.6653345369377348e-16,9.2368605919546098e-07,7.2036777964967769e-07
1.7787142558954656,0,0.0016462659696117043,34,34,103,0.040096882730722427,-8.2736368946621096e-07,2.5718963248404038e-05,0.00077842820438860116,0,3.5207968253593354,-3.2532709647906204,0.26832918037266262,0,7.2036777964967769e-07,5.2245599135858356e-07
1.7787142558954656,0,0.0016462659696117043,34,34,104,0.039601836353540421,-8.2736368946621096e-07,2.5718963248404038e-05,0.0005792954079170985,0,3.4926285861493662,-3.2246705168974006,0.26856225625944175,-1.1102230246251565e-16,5.2245599135858356e-07,3.349791768414434e-07
1.7787142558954656,0,0.0016462659696117043,34,34,105,0.039290528744459152,1.661154032663206e-06,1.8704700151922288e-05,0.0003688482480097151,0,3.4743332604735473,-3.2227380236225525,0.25198445095318917,-5.5511151231257827e-17,3.349791768414434e-07,1.3256314446152828e-07
1.7787142558954656,0,0.0016462659696117043,34,34,106,0.039115738123655319,8.6818416248321762e-07,8.1833065862214466e-06,-0.00014029810660492231,0,3.5053527192693581,-3.2657959651141404,0.23942550753936143,0,1.3256314446152828e-07,1.3256314446152828e-07
1.7803605218650773,9,0.0014707124792039394,34,34,0,0.010257205925881863,3.1662292520954897e-07,4.4186834755445199,-0.41890099549413917,0,-103.00224010719586,250.3071096727987,151.30463843086744,-1.3931408716416627e-05,0.00035584237775765359,0.00035584237775765359
1.7803605218650773,9,0.0014707124792039394,34,34,1,0.031236371025443077,0.021365081747289946,9.1319288573616895,-0.92344469278235874,0,-205.04512794890718,86.097341918880574,-110.7179342507166,2.5329834016929453e-06,0.00035584237775765359,0.00016625257558189332
1.7803605218650773,9,0.0014707124792039394,34,34,2,-0.084177404642105103,0.11750320026621655,9.4927928706649176,0.2078363540743513,0,-63.748135328437712,81.414514184865368,27.484508748449734,-2.5329834087983727e-06,0.00016625257558189332,0.00035412708530202508
1.7803605218650773,9,0.0014707124792039394,34,34,3,0.061315204948186874,0.17321617018608879,9.3990116932012508,-4.3084933149818685,0,-212.20360247231844,95.995329178607307,-110.94453874530566,0,0.00035412708530202508,0.00059495546156540513
1.7803605218650773,9,0.0014707124792039394,34,34,4,0.3256191611289978,-0.048576922431499421,9.2395983828167481,-0.41794226127660461,0,-175.93912227692411,88.387219705597673,-78.778833504151407,-1.0131933620982636e-05,0.00059495546156540513,0.00073010195046663284
1.7803605218650773,9,0.0014707124792039394,34,34,5,0.39139518141746521,-0.079022749673799228,9.2701657932623274,12.014305023760967,0,-81.132978145735834,94.6989077458949,34.771377667508567,7.1054273576010019e-15,0.00073010195046663284,0.00067869742633774877
1.7803605218650773,9,0.0014707124792039394,34,34,6,0.42419725656509399,0.078528817910472337,9.2593448881703662,10.589349881313897,0,-52.718760636551394,94.47928795303595,61.687750903879298,7.1054273576010019e-15,0.00067869742633774877,0.00062815344426780939
1.7803605218650773,9,0.0014707124792039394,34,34,7,0.50674283504486084,0.13354331765733229,9.1220590875370569,-12.566069864114938,0,-45.66721854042531,102.85789044910112,53.880204449755269,7.1054273576010019e-15,0.00062815344426780939,0.00043104990618303418
1.7803605218650773,9,0.0014707124792039394,34,34,8,0.61086326837539673,0.19198811017591252,8.8836711541633857,-27.810090835951012,0,-81.107607783984648,106.76466272851073,6.9226233729143649,6.2172489379008766e-15,0.00043104990618303418,0.00052829616470262408
1.7803605218650773,9,0.0014707124792039394,34,34,9,0.7589382529258728,0.11498668125665105,8.6685892010685386,-49.394837969801138,0,-140.36525494003004,138.89089648931667,-42.085620538189318,0,0.00052829616470262408,0.00061188102699816227
1.7803605218650773,9,0.0014707124792039394,34,34,10,1.0794647932052612,-0.19661270462152319,8.5319518441860591,-44.246721448765186,0,-253.76201797721646,160.08183562774136,-129.59156465867574,2.8421709430404007e-14,0.00061188102699816227,0.00056716351537033916
1.7803605218650773,9,0.0014707124792039394,34,34,11,1.2935816049575806,-0.32951137800312885,8.6480720355149607,-7.7349612817655906,0,-29.330164571097836,55.5661987296455,26.819633534293903,-3.5527136788005009e-15,0.00056716351537033916,0.00043930491665378213
1.7803605218650773,9,0.0014707124792039394,34,34,12,1.0479511022567749,-0.0065623267478931123,8.8703831232381916,57.785011134045163,0,97.147816362502851,46.177462716858997,209.97411100989731,0,0.00043930491665378213,0.00025808086502365768
1.7803605218650773,9,0.0014707124792039394,34,34,13,0.98714375495910645,0.18106208627278142,8.7019688563358297,-9.5037942508242494,0,-111.60961153216684,152.12060800467083,39.890233164288354,7.1054273576010019e-15,0.00025808086502365768,0.00061357719823718071
1.7803605218650773,9,0.0014707124792039394,34,34,14,1.462968111038208,-0.17770461677385935,8.3532023717590089,-100.01563990601365,0,-287.75773533553007,215.60710134561577,-163.99077614094278,0,0.00061357719823718071,0.0005720087792724371
1.7803605218650773,9,0.0014707124792039394,34,34,15,1.7071049213409424,-0.41544030692159878,8.4721918000361587,-15.922779468016493,0,44.015713362532303,4.7600634638991286,40.909748851529493,-7.1054273576010019e-15,0.0005720087792724371,0.00033517900737933815
1.7803605218650773,9,0.0014707124792039394,34,34,16,1.2749011516571045,0.0046625891966358178,8.7658633626431168,94.030098808516271,0,129.1896105886305,18.154398636495035,250.14463398548156,0,0.00033517900737933815,0.000224000119487755
1.7803605218650773,9,0.0014707124792039394,34,34,17,1.3127803802490234,0.071008390190895124,8.5006884965508682,-45.222629293763063,0,-225.85534955012631,202.89817121764628,-59.608110739501335,7.1054273576010019e-15,0.000224000119487755,0.00041478377534076571
1.7803605218650773,9,0.0014707124792039394,34,34,18,1.9090173244476318,-0.22281451817431422,8.1529573689394805,-112.78544269109223,0,-281.2140868072409,194.6727838215817,-191.39660282598626,0,0.00041478377534076571,0.00054996623657643795
1.7803605218650773,9,0.0014707124792039394,34,34,19,1.8816113471984863,-0.30749278653820639,8.4337088164603387,68.886530259178031,0,256.20628616823251,-90.00561372446397,243.21341873286872,0,0.00054996623657643795,0.00026836531469598413
1.7803605218650773,9,0.0014707124792039394,34,34,20,1.3773738145828247,0.0082796894942297056,8.7068043216496314,91.71053445633153,0,89.662181702931079,63.370786659156373,253.45858682956282,-2.8421709430404007e-14,0.00026836531469598413,0.00042796382331289351
1.7803605218650773,9,0.0014707124792039394,34,34,21,1.6463119983673096,-0.11274942366712039,8.2846807380227094,-146.75327696812019,0,-352.52304080857897,243.74044139135512,-247.36394507098845,-2.8421709430404007e-14,0.00042796382331289351,0.00032535882201045752
1.7803605218650773,9,0.0014707124792039394,34,34,22,2.2908153533935547,-0.4207038464302823,8.0248416014660915,-81.833601354639526,0,-245.6158217742219,50.041376917112231,-269.80390845671337,0,0.00032535882201045752,0.00064870581263676286
1.7803605218650773,9,0.0014707124792039394,34,34,23,1.9876482486724854,-0.30090576320214696,8.4401717236097173,185.09632334293016,0,266.60554071121743,-125.59885331841406,334.24227669614112,0,0.00064870581263676286,0.00036696332972496748
1.7803605218650773,9,0.0014707124792039394,34,34,24,1.5659722089767456,0.11507660216741057,8.6164616691537397,50.294269979935606,0,107.49495223901485,72.282835459614589,238.80359594988619,0,0.00036696332972496748,0.00055167643586173654
1.7803605218650773,9,0.0014707124792039394,34,34,25,1.9931706190109253,-0.091258325995597037,8.1325282245591097,-194.68332103253269,0,-260.30096528831211,193.57537382877223,-253.36764259350903,2.8421709430404007e-14,0.00055167643586173654,0.0003723070549312979
1.7803605218650773,9,0.0014707124792039394,34,34,26,2.5381114482879639,-0.4007217736203077,7.8018966346465906,-92.454137327594864,0,-284.16466798445128,121.3705947856637,-247.84703566535617,2.8421709430404007e-14,0.0003723070549312979,0.00073193508433178067
1.7803605218650773,9,0.0014707124792039394,34,34,27,2.453021764755249,-0.64719942273308273,8.1634730495315413,112.6335447424605,0,204.23692386896749,-144.01773594977854,180.36900628844791,-2.8421709430404007e-14,0.00073193508433178067,0.00063014024635776877
1.7803605218650773,9,0.0014707124792039394,34,34,28,2.0457322597503662,-0.17229099799862649,8.550832702462154,135.5925062952553,0,220.897389159021,-118.73215821900871,246.13627893973114,2.8421709430404007e-14,0.00063014024635776877,0.0004529711150098592
1.7803605218650773,9,0.0014707124792039394,34,34,29,1.9642125368118286,0.055070858627547271,8.2780797832779403,-15.070886490364689,0,-101.13825814963663,121.22242538859923,13.346431390503401,-1.0658141036401503e-14,0.0004529711150098592,0.00050015858141705394
1.7803605218650773,9,0.0014707124792039394,34,34,30,2.5607011318206787,-0.38563659097162395,7.7119161987771392,-224.78416100149099,0,-306.88986556507217,274.56137814560918,-249.78636881314847,-2.8421709430404007e-14,0.00050015858141705394,0.00041979775414802134
1.7803605218650773,9,0.0014707124792039394,34,34,31,3.0706877708435059,-0.83559386270786695,7.768268113760084,-132.90195106212744,0,15.007420058252286,-106.87649901166154,-217.83835576448448,0,0.00041979775414802134,0.00057902588741853833
1.7803605218650773,9,0.0014707124792039394,34,34,32,2.4537220001220703,-0.37414127904896605,8.3506478579984176,316.02052096502871,0,312.11462003190928,-215.56685730532993,420.54479027055743,-1.1368683772161603e-13,0.00057902588741853833,0.00019449132378213108
1.7803605218650773,9,0.0014707124792039394,34,34,33,1.9421805143356323,-0.091802284181107044,8.4791790347496825,70.198737244449674,0,76.417799147714405,86.206543899293649,241.21045704202632,2.8421709430404007e-14,0.00019449132378213108,0.00047053123125806451
1.7803605218650773,9,0.0014707124792039394,34,34,34,2.5928070545196533,-0.31454841180357601,7.8642168917697353,-315.52673104877226,0,-408.42067535036699,295.7135322421874,-420.6842056769857,0,0.00047053123125806451,0.00048529778723604977
1.7803605218650773,9,0.0014707124792039394,34,34,35,3.3333365917205811,-0.87445046133543314,7.5997848230600278,-121.20143202216613,0,-100.984090647877,-100.34115866892989,-315.80134697724844,0,0.00048529778723604977,0.00050306238699704409
1.7803605218650773,9,0.0014707124792039394,34,34,36,2.5791456699371338,-0.36417715559262154,8.2370948453471158,376.90971338976186,0,445.99555904685099,-331.91436363066441,498.86382649570294,0,0.00050306238699704409,0.00023907358990982175
1.7803605218650773,9,0.0014707124792039394,34,34,37,1.9620023965835571,-0.1078822960607992,8.5194135763477608,78.070682268577926,0,69.594711890552318,73.404481037611319,229.48140647702854,0,0.00023907358990982175,0.00058424839517101645
1.7803605218650773,9,0.0014707124792039394,34,34,38,2.7105669975280762,-0.43801552148903961,7.8451884872104918,-351.74150397789214,0,-438.12231713522112,281.38803184340082,-501.06861630399095,1.1368683772161603e-13,0.00058424839517101645,0.0003254735202062875
1.7803605218650773,9,0.0014707124792039394,34,34,39,3.4472348690032959,-0.76176942822015803,7.5595673790999109,-118.07171825878922,0,-28.37881653316261,-200.43590871254469,-340.08864555361674,0,0.0003254735202062875,0.00047683040611445904
1.7803605218650773,9,0.0014707124792039394,34,34,40,2.5965867042541504,-0.35458411420462266,8.2373905711592617,404.35477092173051,0,440.68140039786834,-349.95779733029883,502.96118044625467,5.6843418860808015e-14,0.00047683040611445904,0.00043048322550021112
1.7803605218650773,9,0.0014707124792039394,34,34,41,2.0368907451629639,-0.11188314334374706,8.5100402712698582,66.307264184786206,0,64.534094748143872,53.567614034121185,192.80713009497737,-2.8421709430404007e-14,0.00043048322550021112,0.00025693068164400756
1.7803605218650773,9,0.0014707124792039394,34,34,42,2.7866299152374268,-0.41922141789445122,7.8719475571116515,-349.76212942848611,0,-318.48639043849425,187.69512378531573,-473.10066994244744,-5.6843418860808015e-14,0.00025693068164400756,0.00039434985956177115
1.7803605218650773,9,0.0014707124792039394,34,34,43,3.4578135013580322,-0.87371083018214368,7.5081009558529486,-112.41048009217526,0,-39.94332449638749,-126.40567945538324,-272.12509391827518,0,0.00039434985956177115,0.00042936319368891418
1.7803605218650773,9,0.0014707124792039394,34,34,44,2.8112521171569824,-0.6809837220987921,8.0111539924092821,334.75487148117156,0,384.90486272654766,-321.00689129796717,405.98301318006253,-5.6843418860808015e-14,0.00042936319368891418,0.000486328499391675
1.7803605218650773,9,0.0014707124792039394,34,34,45,2.3298947811126709,-0.38994266275447381,8.4616083621381044,130.56609456070311,0,174.2238669727777,-106.57691799877847,206.28470923408597,2.8421709430404007e-14,0.000486328499391675,0.00045847700675949454
1.7803605218650773,9,0.0014707124792039394,34,34,46,2.5617096424102783,-0.37657484285212667,8.2507894201082781,-121.57817784139787,0,-60.993753979554391,24.7867623754445,-149.91095486825162,-2.8421709430404007e-14,0.00045847700675949454,0.00038686839980073273
1.7803605218650773,9,0.0014707124792039394,34,34,47,3.1584663391113281,-0.7954929359842271,7.7769625792863382,-244.16176771845636,0,28.715358839842942,-51.865449188194653,-260.33038842350595,0,0.00038686839980073273,0.00093436276074498892
1.7803605218650773,9,0.0014707124792039394,34,34,48,3.2974236011505127,-0.70869329402143089,7.5415072074459584,-59.704323581030614,0,124.60576171401921,-105.68871217108023,-33.954460124667108,-1.4210854715202004e-14,0.00093436276074498892,0.00023667693312745541
1.7803605218650773,9,0.0014707124792039394,34,34,49,3.0018899440765381,-0.78973926418731921,7.7686151324861141,154.49302052254814,0,135.06029608676229,-66.959436487182629,229.5727559904266,2.8421709430404007e-14,0.00023667693312745541,0.00066520058317109942
1.7803605218650773,9,0.0014707124792039394,34,34,50,2.6312758922576904,-0.62127053814182243,8.1944451040755393,148.50739836958192,0,144.49466632851338,-90.11860504804595,210.45663421598306,-5.6843418860808015e-14,0.00066520058317109942,0.00077662296826019883
1.7803605218650773,9,0.0014707124792039394,34,34,51,2.702458381652832,-0.65338813442922861,8.0625064314031682,-26.668221918475297,0,-7.9674283664378436,-30.770439197158247,-57.996971185097443,7.1054273576010019e-15,0.00077662296826019883,0.00042733349255286157
1.7803605218650773,9,0.0014707124792039394,34,34,52,3.2743902206420898,-1.0797323016491938,7.5570369286816357,-191.08243182870953,0,0.89955359333774709,1.3079110454224083,-182.39766256291693,0,0.00042733349255286157,0.0010160914389416575
1.7803605218650773,9,0.0014707124792039394,34,34,53,2.8881773948669434,-0.46264055287428707,7.7813009466075593,203.10976651908871,0,231.53591944606185,-132.46230619906527,309.50204015981859,0,0.0010160914389416575,0.00074690207839012146
1.7803605218650773,9,0.0014707124792039394,34,34,54,2.2256386280059814,-0.20394695806107718,8.1104216119209802,98.932576731191247,0,-13.588300909562678,33.732530250945835,126.98328072643432,0,0.00074690207839012146,0.00054654432460665703
1.7803605218650773,9,0.0014707124792039394,34,34,55,2.6848976612091064,-1.0960048202674133,7.653068028651842,-198.55072061794664,0,-328.61581132566533,99.614982723470092,-420.99448601175749,-5.6843418860808015e-14,0.00054654432460665703,0.0011063454439863563
1.7803605218650773,9,0.0014707124792039394,34,34,56,2.7861185073852539,-2.437633674241237,7.5287276729386505,1.7386398069106752,0,46.710807701915982,-196.32672066354033,-142.78617915601626,0,0.0011063454439863563,0.0017267516814172268
1.7803605218650773,9,0.0014707124792039394,34,34,57,1.862138032913208,-1.3133493607858076,7.4137460576488028,206.22262074494409,0,198.15695315025562,-140.32533512161962,270.15463547044311,0,0.0017267516814172268,0.0016571920132264495
1.7803605218650773,9,0.0014707124792039394,34,34,58,1.8718816041946411,-0.10122149958316592,4.391568521475425,1.0184619661460437,0,58.515320908416506,-90.268962942769463,-26.444833046314653,3.5527136788005009e-15,0.0016571920132264495,0.00098461401648819447
1.7803605218650773,9,0.0014707124792039394,34,34,59,2.1241850852966309,0.45108468681718289,0.88000822269736767,-21.334934178843191,0,139.03314883715481,-113.1138794508872,5.915428116938978,8.8817841970012523e-15,0.00098461401648819447,0.00064872711664065719
1.7803605218650773,9,0.0014707124792039394,34,34,60,1.6499249935150146,0.19476273870993888,0.021898529535852956,31.880088565764641,0,126.04303728773203,-102.72224412197455,55.417542999767917,0,0.00064872711664065719,0.00043775056838057935
1.7803605218650773,9,0.0014707124792039394,34,34,61,1.2560055255889893,0.124719589585053,0.007481880115241246,14.340900937868767,0,106.94880048987899,-85.317041184093753,36.104861713354303,7.1054273576010019e-15,0.00043775056838057935,0.00028598718927241862
1.7803605218650773,9,0.0014707124792039394,34,34,62,0.99956059455871582,0.042374911026484399,0.0021650691085932728,7.825946045553807,0,88.513544653806079,-72.357730712835348,24.026299966659607,-1.4210854715202004e-14,0.00028598718927241862,0.00020210693764965981
1.7803605218650773,9,0.0014707124792039394,34,34,63,0.81850749254226685,0.018650568203462326,0.00076221658698553919,3.3840658246396593,0,76.173781658730519,-62.545763569429553,17.031496698731072,-3.5527136788005009e-15,0.00020210693764965981,0.00014908057346474379
1.7803605218650773,9,0.0014707124792039394,34,34,64,0.68436849117279053,0.0093568522422201594,0.0005319149579244742,2.0965807573683697,0,65.007053408904895,-54.891249840501203,12.222273092972205,3.5527136788005009e-15,0.00014908057346474379,0.0001132063553086482
1.7803605218650773,9,0.0014707124792039394,34,34,65,0.58271282911300659,0.0049272446836339349,0.00034136079185295969,1.4929201530808518,0,56.186110955438174,-48.747285829129375,8.9370138848651397,1.7763568394002505e-15,0.0001132063553086482,8.8514891103841364e-05
1.7803605218650773,9,0.0014707124792039394,34,34,66,0.50331640243530273,0.0027465388975604819,0.00025251345002436613,1.0737823236386559,0,49.262636500100847,-43.689546155865237,6.6498717202218511,-1.7763568394002505e-15,8.8514891103841364e-05,7.0922040322329849e-05
1.7803605218650773,9,0.0014707124792039394,34,34,67,0.43978208303451538,0.0016355319919291432,0.00018821605727785894,0.77566030919495144,0,43.635927963218549,-39.43784232874895,4.9755696917137566,-1.7763568394002505e-15,7.0922040322329849e-05,5.7948873291024938e-05
1.7803605218650773,9,0.0014707124792039394,34,34,68,0.38790580630302429,0.0010194313482781482,0.00013560908288628651,0.56860411400831645,0,38.991429334037505,-35.802666661600696,3.7585218268762839,-6.2172489379008766e-15,5.7948873291024938e-05,4.8124693421414122e-05
1.7803605218650773,9,0.0014707124792039394,34,34,69,0.34483778476715088,0.00064805628197842069,0.00010170680491779124,0.42414300464390842,0,35.066642476675177,-32.651675837649698,2.8398594067562901,7.5495165674510645e-15,4.8124693421414122e-05,4.0516461012884974e-05
1.7803605218650773,9,0.0014707124792039394,34,34,70,0.30861157178878784,0.00044268939431971248,8.4171153228976997e-05,0.32138493400470058,0,31.715870185867157,-29.889649944860118,2.1481320355592874,1.7763568394002505e-15,4.0516461012884974e-05,3.4503191272960976e-05
1.7803605218650773,9,0.0014707124792039394,34,34,71,0.27773940563201904,0.00029733518962304575,8.7678287431765776e-05,0.24792841535608523,0,28.816556592706718,-27.446212572399791,1.618657449140068,1.7763568394002505e-15,3.4503191272960976e-05,2.9680795705644414e-05
1.7803605218650773,9,0.0014707124792039394,34,34,72,0.25116899609565735,0.00019250871935320131,9.118542163455457e-05,0.19362125122414339,0,26.281384693371276,-25.268616873912201,1.2066727648242062,1.1102230246251565e-15,2.9680795705644414e-05,2.5756988179637119e-05
1.7803605218650773,9,0.0014707124792039394,34,34,73,0.22811935842037201,0.00014808373433008407,7.4818805017438399e-05,0.15247546884731208,0,24.034446041279399,-23.316071684696759,0.87107272796929769,-1.2212453270876722e-15,2.5756988179637119e-05,2.2531716240337119e-05
1.7803605218650773,9,0.0014707124792039394,34,34,74,0.20798005163669586,0.00010638629328330622,4.5592710817277285e-05,0.12125898140505223,0,22.043936496839628,-21.556701941626763,0.60864551562201685,-2.1094237467877974e-15,2.2531716240337119e-05,1.9824461560347117e-05
1.7803605218650773,9,0.0014707124792039394,34,34,75,0.19024018943309784,8.2615296698388725e-05,4.909984018878365e-05,0.097864346707169078,0,20.274617194967849,-19.964407783731343,0.4082054730805606,-3.1641356201816961e-15,1.9824461560347117e-05,1.7551392375025898e-05
1.7803605218650773,9,0.0014707124792039394,34,34,76,0.17452685534954071,6.3910595444029115e-05,6.7804541443143254e-05,0.079657262015919161,0,18.676507307182181,-18.518489670651999,0.23780661368298636,-1.5820678100908481e-15,1.7551392375025898e-05,1.5615165466442704e-05
1.7803605218650773,9,0.0014707124792039394,34,34,77,0.1605420708656311,5.3778661837323551e-05,6.7804541443143254e-05,0.0651584650247235,0,17.229707715879051,-17.20144975304995,0.093538011057105797,-2.2204460492503131e-16,1.5615165466442704e-05,1.3959981515654363e-05
1.7803605218650773,9,0.0014707124792039394,34,34,78,0.14804701507091522,3.8580432900060091e-05,5.2606969560290009e-05,0.053608060713079157,0,15.915697246425406,-15.999143851610233,-0.029747357069287543,7.8409501114151681e-16,1.3959981515654363e-05,1.2526958926173393e-05
1.7803605218650773,9,0.0014707124792039394,34,34,79,0.13685514032840729,2.6499873995207043e-05,4.442366125173193e-05,0.044408264998190498,0,14.73566133505323,-14.899352854403164,-0.11921233081649769,-7.3552275381416621e-16,1.2526958926173393e-05,1.1273830750724301e-05
1.7803605218650773,9,0.0014707124792039394,34,34,80,0.12675635516643524,2.1823695058155319e-05,4.909984018878365e-05,0.037163932469396019,0,13.668586351462212,-13.891691529481868,-0.18587032201501363,-3.3306690738754696e-16,1.1273830750724301e-05,1.0172221664106473e-05
1.7803605218650773,9,0.0014707124792039394,34,34,81,0.11764170974493027,2.0654321796687278e-05,3.5071313040193339e-05,0.031018914736929092,0,12.684648949081017,-12.967076598367935,-0.25135300891515172,-4.9960036108132044e-16,1.0172221664106473e-05,9.2105074145365506e-06
1.7803605218650773,9,0.0014707124792039394,34,34,82,0.10941126942634583,1.5588354993334493e-05,3.5071313040193339e-05,0.026054267269643366,0,11.800961963771371,-12.118177607096912,-0.29111071638786434,0,9.2105074145365506e-06,8.3431750681484118e-06
1.7803605218650773,9,0.0014707124792039394,34,34,83,0.101932592689991,1.1691761451449754e-05,4.909984018878365e-05,0.022087615262618137,0,10.98968790794885,-11.33844932655887,-0.32661301174576068,-7.2164496600635175e-16,8.3431750681484118e-06,7.5779666985908989e-06
1.7803605218650773,9,0.0014707124792039394,34,34,84,0.095149606466293335,1.0522716717186822e-05,5.0268884923046577e-05,0.018642757836338245,0,10.236398908157504,-10.621893652058635,-0.36679119446315156,7.7715611723760958e-16,7.5779666985908989e-06,6.8921931415388826e-06
1.7803605218650773,9,0.0014707124792039394,34,34,85,0.088981747627258301,1.0912178471923987e-05,3.9747489561603845e-05,0.015790618526050626,0,9.5406744891526571,-9.9629886797805547,-0.40647291243381395,-1.0547118733938987e-15,6.8921931415388826e-06,6.2753510974289384e-06
1.7803605218650773,9,0.0014707124792039394,34,34,86,0.083386525511741638,7.4047157419300827e-06,2.8057051881539401e-05,0.013394416228064759,0,8.9121501197942834,-9.3572155673360395,-0.43163556954606719,0,6.2753510974289384e-06,5.7140646276820917e-06
1.7803605218650773,9,0.0014707124792039394,34,34,87,0.078277274966239929,2.7285416361607898e-06,3.2733225987308693e-05,0.011535206411234287,0,8.3418539728736469,-8.8005924648176528,-0.44716782376514685,1.9984014443252818e-15,5.7140646276820917e-06,5.1988772611366585e-06
1.7803605218650773,9,0.0014707124792039394,34,34,88,0.073613822460174561,5.846211668571203e-06,3.9747489561603845e-05,0.0099140970341613979,0,7.8137066697569066,-8.2892236437536155,-0.46555728326131746,-3.8857805861880479e-16,5.1988772611366585e-06,4.7364906095026527e-06
1.7803605218650773,9,0.0014707124792039394,34,34,89,0.069379441440105438,3.5081246156865566e-06,4.2085576614488498e-05,0.0084550985947957954,0,7.3290152298793254,-7.8197402362196993,-0.48222431404434812,1.6653345369377348e-16,4.7364906095026527e-06,4.3107793317176402e-06
1.7803605218650773,9,0.0014707124792039394,34,34,90,0.065521083772182465,3.8975863704237198e-06,3.1564181253045767e-05,0.0072291346283844217,0,6.8815738439067973,-7.3893660924076672,-0.50052765210486172,-1.1102230246251565e-16,4.3107793317176402e-06,3.9256019590538926e-06
1.7803605218650773,9,0.0014707124792039394,34,34,91,0.062032639980316162,1.9489586566350234e-06,2.3380875360128895e-05,0.0061551496660736315,0,6.4806380331890479,-6.9956999440527294,-0.50888143136359043,3.3306690738754696e-16,3.9256019590538926e-06,3.5602042771643028e-06
1.7803605218650773,9,0.0014707124792039394,34,34,92,0.058866113424301147,3.5077912571990159e-06,2.6888009562917685e-05,0.0053293970771271281,0,6.1135479466844993,-6.636284797255259,-0.51737705769281306,-9.9920072216264089e-16,3.5602042771643028e-06,3.2161601666302886e-06
1.7803605218650773,9,0.0014707124792039394,34,34,93,0.055988430976867676,1.5591659590515332e-06,1.87047012543596e-05,0.0045872329404359454,0,5.7835888638651234,-6.3088814946881753,-0.5206851340154024,2.2204460492503131e-16,3.2161601666302886e-06,2.8987226414756151e-06
1.7803605218650773,9,0.0014707124792039394,34,34,94,0.053417012095451355,1.5591659590515332e-06,1.87047012543596e-05,0.0038805305713682323,0,5.4882505981798611,-6.0116536233852624,-0.51950223076681956,4.4408920985006262e-16,2.8987226414756151e-06,2.602848326205276e-06
1.7803605218650773,9,0.0014707124792039394,34,34,95,0.051103308796882629,6.6188569265301835e-10,3.0395138934424047e-05,0.0033562030072212192,0,5.21393102876171,-5.7431320529735483,-0.52581442540379708,0,2.602848326205276e-06,2.3266593416337855e-06
1.7803605218650773,9,0.0014707124792039394,34,34,96,0.049030233174562454,3.3128973240484847e-06,2.4549920094391825e-05,0.0028876010779110865,0,4.9732140171501973,-5.5017286028601813,-0.52559912181465462,-5.5511151231257827e-16,2.3266593416337855e-06,2.0671841411967762e-06
1.7803605218650773,9,0.0014707124792039394,34,34,97,0.047193601727485657,7.7958297952576659e-07,9.3523506271797999e-06,0.0024265980988059832,0,4.764445525184029,-5.2861767813443237,-0.51929452612788207,0,2.0671841411967762e-06,1.8243484873892157e-06
1.7803605218650773,9,0.0014707124792039394,34,34,98,0.045596849173307419,-1.169043828397475e-06,1.169043828397475e-06,0.0020263867213411134,0,4.5706216352877513,-5.0954608620819037,-0.52281284007281059,7.7715611723760958e-16,1.8243484873892157e-06,1.5838164699744084e-06
1.7803605218650773,9,0.0014707124792039394,34,34,99,0.0442042276263237,-9.744793283175117e-07,-1.1690437680064448e-05,0.0017097637961315645,0,4.4112235228036578,-4.9289045385046721,-0.51598391682189104,-3.3306690738754696e-16,1.5838164699744084e-06,1.3582243809651118e-06
1.7803605218650773,9,0.0014707124792039394,34,34,100,0.043019566684961319,-3.3094284632650918e-10,-1.5197569467212024e-05,0.0014235366717421322,0,4.2794551932650506,-4.7862241164716428,-0.50536058443526022,-4.4408920985006262e-16,1.3582243809651118e-06,1.1350240356478025e-06
1.7803605218650773,9,0.0014707124792039394,34,34,101,0.042003042995929718,-5.8468723464432489e-07,-7.0142629703848503e-06,0.0011879692153862278,0,4.1791465175752638,-4.6675741079703172,-0.48724722012987237,1.6653345369377348e-16,1.1350240356478025e-06,9.3217852281668456e-07
1.7803605218650773,9,0.0014707124792039394,34,34,102,0.041197396814823151,1.9489574488144165e-07,2.33808765679495e-06,0.00093973684202194136,0,4.086013783862426,-4.5746338809960072,-0.4876778273081574,2.7755575615628914e-16,9.3217852281668456e-07,7.1842089255369501e-07
1.7803605218650773,9,0.0014707124792039394,34,34,103,0.040538623929023743,-5.8435629179799844e-07,8.1833064968271733e-06,0.00081055468853644531,0,4.0371322701768753,-4.5086319324985249,-0.47068150868290881,-6.6613381477509392e-16,7.1842089255369501e-07,5.199643169362389e-07
1.7803605218650773,9,0.0014707124792039394,34,34,104,0.040043961256742477,-1.945641981248116e-07,1.2859481206506771e-05,0.00062058093341071593,0,4.0240468779238148,-4.4694314813741816,-0.44475135759994755,4.4408920985006262e-16,5.199643169362389e-07,3.3547993893989769e-07
1.7803605218650773,9,0.0014707124792039394,34,34,105,0.039705362170934677,2.7278791465578336e-06,2.33808765679495e-06,0.00043820612849001579,0,4.036810581284862,-4.4671973900139026,-0.4299435366337474,-4.4408920985006262e-16,3.3547993893989769e-07,1.4110086965501978e-07
1.7803605218650773,9,0.0014707124792039394,34,34,106,0.03950989618897438,-3.8979148976288329e-07,-4.6761753135898999e-06,-0.00014691303729723071,0,4.1336161409301306,-4.5275558514924494,-0.39409168956641971,-2.2204460492503131e-16,1.4110086965501978e-07,1.4110086965501978e-07
1.7818312343442813,0,0.0016177836805582047,34,34,0,0.010257205925881863,2.8783903120290234e-07,4.4685630845291122,-0.3664190867212947,0,-92.754317873307073,129.80376055937487,41.151577760865635,-9.21084900085134e-06,0.00013549767027143389,0.00013549767027143389
1.7818312343442813,0,0.0016177836805582047,34,34,1,-0.13159787654876709,-0.007246635449564269,9.1711387257481221,2.9941154188460879,0,-125.29208408123509,44.066414826703635,-69.0676617453868,0,0.00013549767027143389,0.00024363207921851426
1.7818312343442813,0,0.0016177836805582047,34,34,2,-0.04375559464097023,0.11581318556061257,9.4977893962403623,-0.46153607026035615,0,-50.036164095880331,42.246083949980488,1.3619898197091445,3.454068369990182e-06,0.00024363207921851426,0.00040717731462791562
1.7818312343442813,0,0.0016177836805582047,34,34,3,-0.10185231268405914,0.15146262525315443,9.4358660097796196,1.2740860822920277,0,-77.958065307222114,48.094116455066597,-19.002534134830711,0,0.00040717731462791562,0.00034408504143357277
1.7818312343442813,0,0.0016177836805582047,34,34,4,0.20975814759731293,0.16572101950282139,9.2014913515884693,-14.230715648426498,0,-148.58423033570091,57.936405995802154,-95.511323011809466,4.6054245075310973e-06,0.00034408504143357277,0.00066507939482107759
1.7818312343442813,0,0.0016177836805582047,34,34,5,0.44253388047218323,-0.12929326306990688,9.1378904392538747,0.87368587090304317,0,-138.94688218518181,53.625148381020587,-75.439450757074226,-1.4210854715202004e-14,0.00066507939482107759,0.00068287225440144539
1.7818312343442813,0,0.0016177836805582047,34,34,6,0.51492220163345337,-0.10786940397747487,9.1754712788457891,18.85390787539103,0,-87.674995193088179,59.313280547492866,-0.44020489533597146,-4.7184478546569153e-15,0.00068287225440144539,0.00071940349880605936
1.7818312343442813,0,0.0016177836805582047,34,34,7,0.58598512411117554,0.0032197674030356657,9.1673593992684275,17.248125304389774,0,-67.497617268499695,58.80165472902258,17.722741931584117,0,0.00071940349880605936,0.00064160267356783152
1.7818312343442813,0,0.0016177836805582047,34,34,8,0.62104445695877075,0.13624745406376901,9.0338527484597737,-5.6193916003965274,0,-28.348377336245498,62.765525173825992,37.967856439707511,0,0.00064160267356783152,0.00038384651998057961
1.7818312343442813,0,0.0016177836805582047,34,34,9,0.69704240560531616,0.22477637785665847,8.8542469497697862,-33.710270442040155,0,-34.027713141924217,66.350756037999361,7.6917957816614297,-3.5527136788005009e-15,0.00038384651998057961,0.00037401006557047367
1.7818312343442813,0,0.0016177836805582047,34,34,10,0.88887286186218262,0.14903614222011397,8.6399191287457935,-72.586611340167011,0,-147.86393273316978,94.49428409251837,-117.1673047098525,1.4210854715202004e-14,0.00037401006557047367,0.00083517888560891151
1.7818312343442813,0,0.0016177836805582047,34,34,11,1.3330255746841431,-0.43616651372819476,8.5297026853078908,-44.984018025631492,0,-218.81631840062818,64.456489676365308,-191.25031057831467,0,0.00083517888560891151,0.00066471239551901817
1.7818312343442813,0,0.0016177836805582047,34,34,12,1.3567626476287842,-0.3612339544132056,8.7298429204838914,49.523419159256733,0,-9.7965116212130461,28.300959885601255,76.39647638971563,0,0.00066471239551901817,0.00041280593723058701
1.7818312343442813,0,0.0016177836805582047,34,34,13,1.0458108186721802,0.11512870434441207,8.8361954127669282,57.074252107845226,0,12.665875301223545,66.163738959933951,144.85519048611408,2.8421709430404007e-14,0.00041280593723058701,0.00030497758416458964
1.7818312343442813,0,0.0016177836805582047,34,34,14,1.2217848300933838,0.09351256877913651,8.5284315881460984,-97.111823160910077,0,-166.93466399398531,115.59818131786525,-139.82636168010492,-2.8421709430404007e-14,0.00030497758416458964,0.00060109078185632825
1.7818312343442813,0,0.0016177836805582047,34,34,15,1.7672713994979858,-0.41537590050440915,8.3418641146474375,-63.065504104008909,0,-211.63104562709188,66.76524424293153,-200.00481727402621,0,0.00060109078185632825,0.0005764411180280149
1.7818312343442813,0,0.0016177836805582047,34,34,16,1.6427919864654541,-0.26129451574537066,8.6140608215386489,120.25721295828292,0,78.176159789808423,-11.223308974475586,195.56283007940903,0,0.0005764411180280149,0.00012298882938921452
1.7818312343442813,0,0.0016177836805582047,34,34,17,1.2251139879226685,0.092737130429075887,8.6891810519019828,49.511776646122634,0,11.631607488880778,83.99181616066484,153.91711847799931,0,0.00012298882938921452,0.00066825567046180367
1.7818312343442813,0,0.0016177836805582047,34,34,18,1.6275279521942139,-0.11336252404895106,8.2814697291204453,-175.6644487709849,0,-231.08163230060526,155.34509481993365,-243.23287904658503,0,0.00066825567046180367,0.00043096212903037667
1.7818312343442813,0,0.0016177836805582047,34,34,19,2.2393083572387695,-0.62989311961093375,8.2020952378759322,-76.393602604828104,0,-112.10760113800039,-27.888829658012689,-208.81783128257618,2.8421709430404007e-14,0.00043096212903037667,0.00060134351952001452
1.7818312343442813,0,0.0016177836805582047,34,34,20,1.750138521194458,-0.18293436924681736,8.5905236482791256,181.88309820722338,0,131.23986087012588,-48.632398470538526,272.89814988584305,0,0.00060134351952001452,0.00041170904296450317
1.7818312343442813,0,0.0016177836805582047,34,34,21,1.2825107574462891,0.27678255833633647,8.549937193523391,80.114417166259273,0,-36.978316510101422,140.6380216938521,192.60084210186969,2.8421709430404007e-14,0.00041170904296450317,0.00055714166956022382
1.7818312343442813,0,0.0016177836805582047,34,34,22,1.894011378288269,-0.12638666453281999,8.0656226936897628,-180.27856831168592,0,-227.35838607503848,199.61855111042541,-200.07916724714204,0,0.00055714166956022382,0.00049183907685801387
1.7818312343442813,0,0.0016177836805582047,34,34,23,2.4792225360870361,-0.73772625587047702,8.120848065894414,-125.06122336193685,0,17.494128659441522,-97.451666645558475,-197.63563953802986,0,0.00049183907685801387,0.00064816535450518131
1.7818312343442813,0,0.0016177836805582047,34,34,24,1.9171836376190186,-0.20729936756008063,8.5820243373657661,213.08341229717422,0,107.22297738391164,-104.96447720948119,223.71663744141037,-2.8421709430404007e-14,0.00064816535450518131,0.00032383171492256224
1.7818312343442813,0,0.0016177836805582047,34,34,25,1.620539665222168,0.18867790927544006,8.4499194626390697,59.62315192950016,0,-40.80752434254687,104.62389685691292,132.07812181578072,0,0.00032383171492256224,0.00061529746744781733
1.7818312343442813,0,0.0016177836805582047,34,34,26,2.1735997200012207,-0.2817944115476414,7.9155986879145601,-241.33581258685544,0,-167.10403308536959,183.51223949128482,-217.29380190457331,-5.6843418860808015e-14,0.00061529746744781733,0.00023743133351672441
1.7818312343442813,0,0.0016177836805582047,34,34,27,2.7182927131652832,-0.556764159665462,7.8305347703792911,-83.347867285482209,0,-139.01484903994171,-7.408912187219717,-222.49785790192979,2.8421709430404007e-14,0.00023743133351672441,0.00077137921471148729
1.7818312343442813,0,0.0016177836805582047,34,34,28,2.4077279567718506,-0.59333468425785307,8.2888884923106687,225.46271966435665,0,152.46740453242853,-113.59821125312449,272.02746675171352,0,0.00077137921471148729,0.00047602970153093338
1.7818312343442813,0,0.0016177836805582047,34,34,29,1.9838413000106812,-0.10736280728255776,8.5062570448602894,77.944856949758275,0,133.79576093701968,-11.532572440448982,208.60693968390669,-2.8421709430404007e-14,0.00047602970153093338,0.00066152750514447689
1.7818312343442813,0,0.0016177836805582047,34,34,30,2.1933372020721436,-0.028256006337064109,8.1015283101200755,-159.5263781444975,0,-149.27875598273425,127.0356609532538,-173.69620087019496,0,0.00066152750514447689,0.00053816020954400301
1.7818312343442813,0,0.0016177836805582047,34,34,31,2.7503101825714111,-0.46251990406900767,7.6630458435468221,-184.77478898520621,0,-261.9739356000465,176.34870432138496,-263.19949432439,-5.6843418860808015e-14,0.00053816020954400301,0.00072857656050473452
1.7818312343442813,0,0.0016177836805582047,34,34,32,3.0722224712371826,-1.101714254134232,7.9332167393364275,-52.98242454875475,0,167.74753983980031,-167.04147299897184,-45.444855222724087,0,0.00072857656050473452,0.00059880100889131427
1.7818312343442813,0,0.0016177836805582047,34,34,33,2.2969317436218262,-0.28320309576634839,8.4997225231739204,311.81126049317186,0,167.993801098624,-179.90099718953971,308.12058382966376,5.6843418860808015e-14,0.00059880100889131427,0.00030057248659431934
1.7818312343442813,0,0.0016177836805582047,34,34,34,1.9741015434265137,0.016471300721554883,8.2701979526585383,71.738365834197808,0,-158.84890177896034,158.89561920508069,80.071752513698257,0,0.00030057248659431934,0.00053810141980648041
1.7818312343442813,0,0.0016177836805582047,34,34,35,2.8688836097717285,-0.37809383782688438,7.5923255206144553,-318.80752664525914,0,-252.44512809412566,262.48347976664314,-301.55494328995405,5.6843418860808015e-14,0.00053810141980648041,0.00046797437244094908
1.7818312343442813,0,0.0016177836805582047,34,34,36,3.312830924987793,-0.8980255393815606,7.7970251260447121,-117.16391511742106,0,260.79140996222401,-234.57084927481836,-84.044354843352238,0,0.00046797437244094908,0.00062743073794990778
1.7818312343442813,0,0.0016177836805582047,34,34,37,2.2995035648345947,-0.18490721796668205,8.5011985617259285,373.25499199231814,0,202.86121207864684,-214.991679149286,369.44081626543823,0,0.00062743073794990778,0.0002151422668248415
1.7818312343442813,0,0.0016177836805582047,34,34,38,1.9736391305923462,0.0035853229726633515,8.2793995908080333,72.934523528538094,0,-182.98803165308257,186.73559452000538,84.965071309241594,0,0.0002151422668248415,0.00038933803443796933
1.7818312343442813,0,0.0016177836805582047,34,34,39,2.9470622539520264,-0.43329906129935142,7.5546853861821148,-340.73303160127153,0,-209.35596592446413,250.08029787885661,-292.88731332199632,0,0.00038933803443796933,0.00016558323113713413
1.7818312343442813,0,0.0016177836805582047,34,34,40,3.3362979888916016,-0.72153300765306416,7.7816119216018587,-102.95960697307324,0,329.58451472066372,-275.40099546250553,-41.716008800966215,3.5527136788005009e-14,0.00016558323113713413,0.0005080224946141243
1.7818312343442813,0,0.0016177836805582047,34,34,41,2.3204545974731445,-0.40823634117445234,8.496393376939027,374.55423750864958,0,198.29646268857775,-216.9424632803748,363.9963939526171,-5.6843418860808015e-14,0.0005080224946141243,0.00057821732480078936
1.7818312343442813,0,0.0016177836805582047,34,34,42,2.0908348560333252,-0.12886841265985141,8.2880595159008035,54.259858774657729,0,-150.53216831444917,123.31035149751135,35.197233060960855,-1.4210854715202004e-14,0.00057821732480078936,0.00011328193795634434
1.7818312343442813,0,0.0016177836805582047,34,34,43,3.0575957298278809,-0.51017913949945948,7.5773319854790966,-353.52535343754641,0,-141.67980555897765,175.1241772121293,-313.01382893841509,5.6843418860808015e-14,0.00011328193795634434,0.00029242897289805114
1.7818312343442813,0,0.0016177836805582047,34,34,44,3.4083364009857178,-1.104045174608913,7.595704175162715,-92.680888985091087,0,210.33717924657557,-197.86878454787973,-73.720835285841432,1.4210854715202004e-14,0.00029242897289805114,0.00066033942857757211
1.7818312343442813,0,0.0016177836805582047,34,34,45,2.6332802772521973,-0.72995114795962424,8.1820437952842759,362.22024751853974,0,194.64852436442263,-135.68346917416679,428.63739535612018,-5.6843418860808015e-14,0.00066033942857757211,0.00039871764602139592
1.7818312343442813,0,0.0016177836805582047,34,34,46,2.3412337303161621,-0.26387528049913589,8.4208557799804495,81.769938321852393,0,57.982220758720658,6.8412291417446038,154.75036872179896,-2.8421709430404007e-14,0.00039871764602139592,0.00072946259751915932
1.7818312343442813,0,0.0016177836805582047,34,34,47,2.7755951881408691,-0.60721140395214501,8.1326960960967885,-184.64996355957865,0,-25.029487381712549,16.611066144258015,-185.54290010488853,2.8421709430404007e-14,0.00072946259751915932,0.00051051343325525522
1.7818312343442813,0,0.0016177836805582047,34,34,48,3.2474863529205322,-0.89681776680663317,7.6960454371181095,-220.98934189635261,0,66.884174725200083,-49.864883753328861,-197.17082325416993,0,0.00051051343325525522,0.00094109872588887811
1.7818312343442813,0,0.0016177836805582047,34,34,49,3.3395254611968994,-0.96840103115454534,7.549368423597735,-52.693867071329969,0,65.332773006685926,-82.087233648152477,-62.867360320353328,0,0.00094109872588887811,0.00064439274137839675
1.7818312343442813,0,0.0016177836805582047,34,34,50,2.9407970905303955,-0.82383675612319973,7.873452145609706,207.40429755187148,0,95.006591513814541,-58.821513319463328,250.6389911357092,-2.8421709430404007e-14,0.00064439274137839675,0.00035950419260188937
1.7818312343442813,0,0.0016177836805582047,34,34,51,2.6171615123748779,-0.50371542621476706,8.1830581400302354,92.042761366475503,0,129.35952131217755,-63.424874588534102,165.65675080393441,-2.8421709430404007e-14,0.00035950419260188937,0.00084675307152792811
1.7818312343442813,0,0.0016177836805582047,34,34,52,3.0061357021331787,-0.8554570250569633,7.8266696678682983,-208.81466275052071,0,13.665805068499933,-46.370361330092649,-234.54800636930207,0,0.00084675307152792811,0.00058266421547159553
1.7818312343442813,0,0.0016177836805582047,34,34,53,3.3433659076690674,-1.3948028935882129,7.5793353451362684,-49.30854847381989,0,93.431020527528347,-148.20698159326963,-97.899977088013117,0,0.00058266421547159553,0.0010864069918170571
1.7818312343442813,0,0.0016177836805582047,34,34,54,2.4123945236206055,-0.14970508012862951,7.9969063060926313,308.22006099884749,0,160.59476294153069,-102.36804940699403,374.29397575934814,0,0.0010864069918170571,0.00074219267116859555
1.7818312343442813,0,0.0016177836805582047,34,34,55,2.0657358169555664,-0.22621327030042335,7.9770321723441953,60.003744210117887,0,-94.288440039100053,48.157266035800269,21.623389108861872,-7.1054273576010019e-15,0.00074219267116859555,0.00063976884121075273
1.7818312343442813,0,0.0016177836805582047,34,34,56,2.5761210918426514,-1.7599923319682087,7.5458792388614926,-135.46874586231394,0,-183.44002643513662,34.961435326599435,-278.16145006395783,0,0.00063976884121075273,0.0013744599418714643
1.7818312343442813,0,0.0016177836805582047,34,34,57,2.2594578266143799,-2.0271397665740594,7.3564633103100485,128.09372959940868,0,36.742445088948017,-72.130821688325597,98.034676543767077,-1.4210854715202004e-14,0.0013744599418714643,0.001634804648347199
1.7818312343442813,0,0.0016177836805582047,34,34,58,1.8329888582229614,-0.57414791011593003,4.8579295623349958,72.188739506828114,0,142.93528112086821,-66.501740274782648,152.90606200513275,0,0.001634804648347199,0.0010697185061872005
1.7818312343442813,0,0.0016177836805582047,34,34,59,2.1328849792480469,0.72518683631515379,1.2306079966288292,-29.285046992600233,0,106.00567158027083,-74.859590969223106,3.8168284513914714,-1.3322676295501878e-15,0.0010697185061872005,0.00067954277619719505
1.7818312343442813,0,0.0016177836805582047,34,34,60,1.7314282655715942,0.19782666824666309,0.025296937892828317,28.163312958167779,0,124.05694607393318,-67.842176707835321,84.601205930405129,0,0.00067954277619719505,0.00046682334505021572
1.7818312343442813,0,0.0016177836805582047,34,34,61,1.309105396270752,0.13696384662162608,0.0069464581308265813,16.469808564017129,0,100.04779970087768,-55.146826689816599,61.514691879830657,0,0.00046682334505021572,0.00030511684599332511
1.7818312343442813,0,0.0016177836805582047,34,34,62,1.0348963737487793,0.049548083501167475,0.0026221652262961681,9.4617525252118213,0,79.639284731521016,-46.102215094048525,43.050992411411784,7.1054273576010019e-15,0.00030511684599332511,0.00021389282483141869
1.7818312343442813,0,0.0016177836805582047,34,34,63,0.84355592727661133,0.02122054248889535,0.00099602529546946399,3.9231216488340794,0,67.457789557430218,-39.509642031867237,31.893485742181429,1.0658141036401503e-14,0.00021389282483141869,0.00015700800577178597
1.7818312343442813,0,0.0016177836805582047,34,34,64,0.70234394073486328,0.010526949083054135,0.00052606971513731438,2.1236533450925172,0,57.16028143749115,-34.479855297562231,24.815132503819623,-3.5527136788005009e-15,0.00015700800577178597,0.00011863539839396253
1.7818312343442813,0,0.0016177836805582047,34,34,65,0.59585660696029663,0.0055196432505844389,0.00030161331646305775,1.5412329412198158,0,48.942840925183731,-30.497673684949817,19.992221438020774,-3.5527136788005009e-15,0.00011863539839396253,9.2313515779096633e-05
1.7818312343442813,0,0.0016177836805582047,34,34,66,0.51309645175933838,0.0030756486277728435,0.0002034136156906201,1.1165022722013123,0,42.697922147601552,-27.249928328081232,16.567775153965098,3.5527136788005009e-15,9.2313515779096633e-05,7.3655930464155972e-05
1.7818312343442813,0,0.0016177836805582047,34,34,67,0.4470997154712677,0.0017799645068108021,0.00015431378287270153,0.80937572319556594,0,37.744438086400066,-24.537149081045108,14.018599006840207,1.7763568394002505e-15,7.3655930464155972e-05,5.9961479564663023e-05
1.7818312343442813,0,0.0016177836805582047,34,34,68,0.39343351125717163,0.001103603859679781,0.00011222820812127843,0.59222074720709783,0,33.694372516668757,-22.228670839948833,12.059138255994824,0,5.9961479564663023e-05,4.9627506086835638e-05
1.7818312343442813,0,0.0016177836805582047,34,34,69,0.34901440143585205,0.00070796186436754098,8.4171149502846224e-05,0.44077596797387802,0,30.314525163463784,-20.235203634601014,10.520889629850519,0,4.9627506086835638e-05,4.1659041016828269e-05
1.7818312343442813,0,0.0016177836805582047,34,34,70,0.31177085638046265,0.00045501726781063147,6.0790276104969514e-05,0.33269586582556265,0,27.426297664704371,-18.493266293704039,9.2662430443698103,-1.7763568394002505e-15,4.1659041016828269e-05,3.5379402106627822e-05
1.7818312343442813,0,0.0016177836805582047,34,34,71,0.28011998534202576,0.00030441955376598332,4.5592708176745903e-05,0.25547210782219837,0,24.947879259585903,-16.956399294909509,8.2473020847605358,1.7763568394002505e-15,3.5379402106627822e-05,3.0359053198480979e-05
1.7818312343442813,0,0.0016177836805582047,34,34,72,0.25294366478919983,0.0002248875423305524,5.1437927624233844e-05,0.19904644685743103,0,22.793148509972472,-15.590061954473077,7.4024093278267804,8.8817841970012523e-16,3.0359053198480979e-05,2.6279909434379078e-05
1.7818312343442813,0,0.0016177836805582047,34,34,73,0.22940045595169067,0.00015456638428568939,5.7283142679646723e-05,0.15676864995434872,0,20.890417378108804,-14.367717816430082,6.6796800611600373,8.8817841970012523e-16,2.6279909434379078e-05,2.2941336283111013e-05
1.7818312343442813,0,0.0016177836805582047,34,34,74,0.20887519419193268,0.00011917503026728607,3.7409402707092805e-05,0.12418987704667943,0,19.191328906752819,-13.26850430779894,6.0471710604335316,-8.8817841970012523e-16,2.2941336283111013e-05,2.0152723664068617e-05
1.7818312343442813,0,0.0016177836805582047,34,34,75,0.19084054231643677,8.0135049929429736e-05,3.0395138052484757e-05,0.099771916351674816,0,17.680022013929108,-12.275611629157403,5.5042928313113597,-8.8817841970012523e-16,2.0152723664068617e-05,1.7798325643525459e-05
1.7818312343442813,0,0.0016177836805582047,34,34,76,0.17487660050392151,6.1430350771920868e-05,4.9099837209993632e-05,0.081276531562701121,0,16.327961489440337,-11.375564308420673,5.0337842427703468,0,1.7798325643525459e-05,1.5799707398400642e-05
1.7818312343442813,0,0.0016177836805582047,34,34,77,0.16067963838577271,4.5205234922782411e-05,5.6114104060639214e-05,0.066520751467115544,0,15.111733355132342,-10.557134320659589,4.6212211052788525,0,1.5799707398400642e-05,1.4097956409386825e-05
1.7818312343442813,0,0.0016177836805582047,34,34,78,0.14800326526165009,3.2770255855527404e-05,4.0916536132415596e-05,0.054583491165068776,0,14.009056567277769,-9.8111200277246553,4.2525937175101696,0,1.4097956409386825e-05,1.2638386579055805e-05
1.7818312343442813,0,0.0016177836805582047,34,34,79,0.13667981326580048,2.8377084971720221e-05,2.6888009019237028e-05,0.04493052141464824,0,12.996222400554494,-9.1297474730611459,3.9114607140019872,-8.8817841970012523e-16,1.2638386579055805e-05,1.1358663869032171e-05
1.7818312343442813,0,0.0016177836805582047,34,34,80,0.12648299336433411,2.3700910731352383e-05,3.1564183259604863e-05,0.037534209668858468,0,12.089064304390927,-8.5062835260511598,3.620370253102617,-4.4408920985006262e-16,1.1358663869032171e-05,1.0234751243842766e-05
1.7818312343442813,0,0.0016177836805582047,34,34,81,0.11727204173803329,1.7997192962144768e-05,2.8057052030319607e-05,0.031362940839868236,0,11.261418862206851,-7.9349391680991452,3.3578886891925657,-1.3322676295501878e-15,1.0234751243842766e-05,9.2577838586294092e-06
1.7818312343442813,0,0.0016177836805582047,34,34,82,0.10898312926292419,1.3462520400057261e-05,2.3380875593914241e-05,0.026200259976212982,0,10.494182773179389,-7.4109984445178751,3.109421432033721,0,9.2577838586294092e-06,8.372457159566693e-06
1.7818312343442813,0,0.0016177836805582047,34,34,83,0.10145223885774612,1.098293050357425e-05,3.5071314488890127e-05,0.02226262202935728,0,9.8029914534834859,-6.9302750244375337,2.8950251053203013,0,8.372457159566693e-06,7.586821993754711e-06
1.7818312343442813,0,0.0016177836805582047,34,34,84,0.094610162079334259,8.5033428031287701e-06,4.6761751187828481e-05,0.018896056720408134,0,9.1664112574996466,-6.4889464055237465,2.6964161737902987,0,7.586821993754711e-06,6.8906119849998504e-06
1.7818312343442813,0,0.0016177836805582047,34,34,85,0.088383942842483521,7.4050517292051228e-06,4.325461776250569e-05,0.016017666408379108,0,8.583723739005988,-6.0835032543080869,2.5162888107757722,0,6.8906119849998504e-06,6.2681610870640725e-06
1.7818312343442813,0,0.0016177836805582047,34,34,86,0.082751713693141937,4.110169723284058e-06,3.2733226270687442e-05,0.0135077100562898,0,8.0381513365517581,-5.7110763913275253,2.3406194986765163,-8.8817841970012523e-16,6.2681610870640725e-06,5.7050247050938196e-06
1.7818312343442813,0,0.0016177836805582047,34,34,87,0.07761961966753006,6.5190076826081395e-06,2.5718963812116922e-05,0.01156882634210705,0,7.5467110936616697,-5.3691374385319746,2.1891747194432964,-8.8817841970012523e-16,5.7050247050938196e-06,5.1849478950316552e-06
1.7818312343442813,0,0.0016177836805582047,34,34,88,0.072929121553897858,6.4482579414867411e-06,3.0395138052484757e-05,0.0099707440408685379,0,7.1029876540082739,-5.055236310087837,2.057758931357299,-4.4408920985006262e-16,5.1849478950316552e-06,4.7163907765934709e-06
1.7818312343442813,0,0.0016177836805582047,34,34,89,0.068670228123664856,6.3067562632064149e-06,3.9747488729257962e-05,0.0085430624461021419,0,6.6898534438788726,-4.7672406944519601,1.931201866118007,-2.2204460492503131e-16,4.7163907765934709e-06,4.2823144212889019e-06
1.7818312343442813,0,0.0016177836805582047,34,34,90,0.064784951508045197,4.0394177861251294e-06,3.7409402707092805e-05,0.007318019529302589,0,6.315685730437596,-4.5033867140411337,1.8196584847462585,6.6613381477509392e-16,4.2823144212889019e-06,3.8958987715886906e-06
1.7818312343442813,0,0.0016177836805582047,34,34,91,0.061284221708774567,1.7720815050813754e-06,3.5071314488890127e-05,0.006212717649483444,0,5.9625648069578752,-4.2621868167420995,1.706627551261253,2.2204460492503131e-16,3.8958987715886906e-06,3.5279199437354691e-06
1.7818312343442813,0,0.0016177836805582047,34,34,92,0.058105200529098511,1.8782072147822379e-06,2.8057052030319607e-05,0.005360714117122853,0,5.6423289171150239,-4.0420659473761171,1.6056536191152748,0,3.5279199437354691e-06,3.1912934446154395e-06
1.7818312343442813,0,0.0016177836805582047,34,34,93,0.055222652852535248,1.9489591519411667e-06,2.3380875593914241e-05,0.004598516362497568,0,5.3574350548793896,-3.8416424785934113,1.520416422483222,2.2204460492503131e-16,3.1912934446154395e-06,2.8717206532746786e-06
1.7818312343442813,0,0.0016177836805582047,34,34,94,0.052652973681688309,1.842833442240304e-06,3.0395138052484757e-05,0.003910005399860225,0,5.0846051021195313,-3.6597650542691711,1.4287822912217154,6.6613381477509392e-16,2.8717206532746786e-06,2.5740368982951622e-06
1.7818312343442813,0,0.0016177836805582047,34,34,95,0.050329986959695816,2.905748547584487e-06,3.6240359696010233e-05,0.00341261955394161,0,4.8405958958759578,-3.4955148922157964,1.3485327693223463,-4.4408920985006262e-16,2.5740368982951622e-06,2.2945660020923242e-06
1.7818312343442813,0,0.0016177836805582047,34,34,96,0.04825722798705101,1.8782072147822379e-06,2.8057052030319607e-05,0.002906022859024502,0,4.6242261447646111,-3.3478949180292008,1.2792671848536799,-4.4408920985006262e-16,2.2945660020923242e-06,2.0383195078466088e-06
1.7818312343442813,0,0.0016177836805582047,34,34,97,0.046429868787527084,1.9843351205206311e-06,2.1042787375711556e-05,0.0024247559988532495,0,4.4287926534268385,-3.2161176041200128,1.2151228324281755,6.6613381477509392e-16,2.0383195078466088e-06,1.7965195411306922e-06
1.7818312343442813,0,0.0016177836805582047,34,34,98,0.044827941805124283,-2.1225251742049041e-07,1.4028526015159803e-05,0.002030992204167679,0,4.2450546376049028,-3.0995450991950868,1.1475543468874814,-4.4408920985006262e-16,1.7965195411306922e-06,1.5645299527022871e-06
1.7818312343442813,0,0.0016177836805582047,34,34,99,0.043445363640785217,3.5375419570081736e-08,-2.3380876691933003e-06,0.001662558244227964,0,4.086070778466417,-2.9977537042004925,1.0899773297979025,0,1.5645299527022871e-06,1.3446772300085286e-06
1.7818312343442813,0,0.0016177836805582047,34,34,100,0.042276326566934586,1.4150167828032695e-07,-9.3523506767732011e-06,0.0013516920905288295,0,3.9444816076615843,-2.9105638075807589,1.0352602813223555,-2.2204460492503131e-16,1.3446772300085286e-06,1.1276017630734714e-06
1.7818312343442813,0,0.0016177836805582047,34,34,101,0.041286442428827286,0,-0,0.0011329344268146235,0,3.8401618346169033,-2.8380629124013721,1.0032318566423462,2.2204460492503131e-16,1.1276017630734714e-06,9.1853729600188672e-07
1.7818312343442813,0,0.0016177836805582047,34,34,102,0.04048016294836998,1.1336684150265684e-06,1.1690438345966501e-06,0.0009210848998492875,0,3.7462180829690253,-2.7812642120521658,0.96587725852895834,-2.2204460492503131e-16,9.1853729600188672e-07,7.0530609264096711e-07
1.7818312343442813,0,0.0016177836805582047,34,34,103,0.039846386760473251,2.4762738798118952e-07,-1.6366613135343721e-05,0.00073456520762980675,0,3.6962653461379484,-2.7409160880142678,0.95606770434556343,2.2204460492503131e-16,7.0530609264096711e-07,5.0866401579696685e-07
1.7818312343442813,0,0.0016177836805582047,34,34,104,0.039389859884977341,2.1225251742049041e-07,-1.4028526015159803e-05,0.00055034822765994925,0,3.679015728676021,-2.7169356426466913,0.96261661798349185,-2.2204460492503131e-16,5.0866401579696685e-07,3.202026732651575e-07
1.7818312343442813,0,0.0016177836805582047,34,34,105,0.039073038846254349,2.6564653473052708e-06,-2.3380875593914241e-05,0.00038915837018632394,0,3.7074012625771267,-2.7155148691886737,0.99225482734839232,-5.5511151231257827e-16,3.202026732651575e-07,1.3444146418351011e-07
1.7818312343442813,0,0.0016177836805582047,34,34,106,0.038930300623178482,2.8300335656065389e-07,-1.8704701353546402e-05,-0.00012434646147965381,0,3.8078248464954445,-2.7522569458436621,1.0554251324923061,4.4408920985006262e-16,1.3444146418351011e-07,1.3444146418351011e-07
1.7834490180248395,0,0.0016462659696117043,34,33,0,0.010252613574266434,2.8285908589702075e-07,4.4268315320277454,0.057810739975633102,0,-130.38237046804056,142.12779304784695,16.230062871796171,-2.2628726767948137e-06,0.00016037077875807881,0.00016037077875807881
1.7834490180248395,0,0.0016462659696117043,34,33,1,-0.23305119574069977,0.015651724659025746,9.1992727410042505,2.7299477127908243,0,-11.454887829754471,47.369519543335322,47.859503892034951,0,0.00016037077875807881,0.00022528744011651725
1.7834490180248395,0,0.0016462659696117043,34,33,2,-0.020090300589799881,0.10637538215146439,9.5929147193291833,-0.8514465802584017,0,-35.923868759889906,44.213287347988874,17.137262109321217,3.5527136788005009e-15,0.00022528744011651725,0.00059418712044134736
1.7834490180248395,0,0.0016462659696117043,34,33,3,-0.072612464427947998,0.20777244439114123,9.6181751671361297,-0.30299865281288862,0,31.010773890437502,48.439491738994327,88.973212325273522,-2.2628726981110958e-06,0.00059418712044134736,0.00085799617227166891
1.7834490180248395,0,0.0016462659696117043,34,33,4,0.056769777089357376,0.26110891934605523,9.4686484999947318,-2.1023037670395199,0,-33.449044102469379,52.04997299756451,26.228384810269088,2.2628726910056685e-06,0.00085799617227166891,0.00065860798349604011
1.7834490180248395,0,0.0016462659696117043,34,33,5,0.23312477767467499,0.11662958973340319,9.2012555831963887,-13.9101771072666,0,-63.262715346809635,54.469988615628942,-13.385018665517505,-5.3290705182007514e-15,0.00065860798349604011,0.00033704828820191324
1.7834490180248395,0,0.0016462659696117043,34,33,6,0.43774980306625366,0.11611761478792958,8.9074764394292263,-27.625819575362041,0,-103.34893475621826,58.178592559660459,-63.772567717702671,1.4210854715202004e-14,0.00033704828820191324,0.00050355831626802683
1.7834490180248395,0,0.0016462659696117043,34,33,7,0.71550756692886353,-0.058806969676162411,8.7176440497020184,-17.754680133399173,0,-144.24806854976802,58.083669576178799,-95.260242026962558,-1.4210854715202004e-14,0.00050355831626802683,0.00067163928179070354
1.7834490180248395,0,0.0016462659696117043,34,33,8,0.83055013418197632,-0.14014988844391227,8.7293991075937267,26.712976733355173,0,-77.988839087618217,61.971140028895469,19.284526893782242,0,0.00067163928179070354,0.00072244473267346621
1.7834490180248395,0,0.0016462659696117043,34,33,9,0.75335776805877686,0.047916329150955318,8.8101259592723924,31.481157235920811,0,41.465784268890935,48.909368200995708,130.71435199423081,0,0.00072244473267346621,0.00031476578442379832
1.7834490180248395,0,0.0016462659696117043,34,33,10,0.70641791820526123,0.18571113284568899,8.6873928361835038,-4.1974659078783114,0,-3.4348597093184461,80.160943425566373,81.401721777398805,0,0.00031476578442379832,0.00031066025258041918
1.7834490180248395,0,0.0016462659696117043,34,33,11,1.0455322265625,-0.0080761926205317365,8.3507265978126366,-100.48262633529819,0,-164.96421542632839,105.16626591427092,-151.93792544216356,2.8421709430404007e-14,0.00031066025258041918,0.00045541767030954361
1.7834490180248395,0,0.0016462659696117043,34,33,12,1.5320444107055664,-0.41065651805981013,8.2320858799785057,-37.430955546785356,0,-240.76516437613273,57.876318026107469,-212.4983725348919,2.8421709430404007e-14,0.00045541767030954361,0.00058720551896840334
1.7834490180248395,0,0.0016462659696117043,34,33,13,1.3701730966567993,-0.26638424129803467,8.4550144799101812,103.74152506446181,0,8.8431616376324786,26.323400571530925,147.09671751223738,0,0.00058720551896840334,0.00035502278478816152
1.7834490180248395,0,0.0016462659696117043,34,33,14,1.0489976406097412,0.12099523686513781,8.5010927907209766,24.526788275802033,0,44.916610807890102,78.39155801400959,156.45704512528783,0,0.00035502278478816152,0.00032058186479844153
1.7834490180248395,0,0.0016462659696117043,34,33,15,1.4590737819671631,-0.057185055677628896,8.1374870530092771,-147.73618723065186,0,-201.99056933664664,129.84309170072348,-211.80336286924336,2.8421709430404007e-14,0.00032058186479844153,0.00052443717140704393
1.7834490180248395,0,0.0016462659696117043,34,33,16,2.0278303623199463,-0.64217385127566262,8.0041495427901097,-54.790266564281104,0,-199.55930271558159,31.343864224244459,-215.64372936410379,0,0.00052443717140704393,0.00063082785345613956
1.7834490180248395,0,0.0016462659696117043,34,33,17,1.6372133493423462,-0.23598028387313572,8.3426402222650129,136.44912309086911,0,111.50111464158536,-8.3822597287084371,247.67463794213793,2.8421709430404007e-14,0.00063082785345613956,0.00031581267830915749
1.7834490180248395,0,0.0016462659696117043,34,33,18,1.2776730060577393,0.088281452144803763,8.3477803375739335,40.202666837890703,0,-47.243568049567095,131.51504686586122,132.91020744390357,0,0.00031581267830915749,0.00043376526446081698
1.7834490180248395,0,0.0016462659696117043,34,33,19,1.966989278793335,-0.18079391049645518,7.87658858082313,-160.49842712669547,0,-297.62090871734222,179.43226306290993,-270.99127811080115,-5.6843418860808015e-14,0.00043376526446081698,0.00066821119980886579
1.7834490180248395,0,0.0016462659696117043,34,33,20,2.3307104110717773,-0.74534217711122663,7.908040248302191,-37.352678254790554,0,37.221757492601292,-76.554901923208419,-69.523124614206722,0,0.00066821119980886579,0.00042252434650436044
1.7834490180248395,0,0.0016462659696117043,34,33,21,1.7290506362915039,-0.2098062012187408,8.3121214240512398,151.27553734917333,0,162.23363410918518,-55.592228644616341,266.01925803657468,5.6843418860808015e-14,0.00042252434650436044,0.00050977891078218818
1.7834490180248395,0,0.0016462659696117043,34,33,22,1.5996853113174438,0.0013203862129672929,8.148859119698681,-11.578811789594987,0,-104.33436150253898,119.70458932502538,11.941595538803069,1.2434497875801753e-14,0.00050977891078218818,0.0004481683427002281
1.7834490180248395,0,0.0016462659696117043,34,33,23,2.242802619934082,-0.49214199780685208,7.6619364377448012,-171.48896442955066,0,-240.06914094352032,189.19585269179666,-215.19245824133637,0,0.0004481683427002281,0.00072777748573571444
1.7834490180248395,0,0.0016462659696117043,34,33,24,2.558401346206665,-1.0252318083245004,7.7434654777910712,-29.66253171469107,0,54.273317824641083,-81.340026816455634,-50.01100703703905,0,0.00072777748573571444,0.0007276848191395402
1.7834490180248395,0,0.0016462659696117043,34,33,25,2.043255090713501,-0.406679519312098,8.208050777731664,200.62259943681343,0,112.31669016400664,-83.020273147119184,237.72038771212044,-2.8421709430404007e-14,0.0007276848191395402,0.00033118852297775447
1.7834490180248395,0,0.0016462659696117043,34,33,26,1.8977073431015015,-0.10742535507831413,8.1898997101896516,6.7546568682393584,0,8.9903750831694111,63.948130432264549,87.775636738784655,0,0.00033118852297775447,0.00034130644053220749
1.7834490180248395,0,0.0016462659696117043,34,33,27,2.2622323036193848,-0.26655565390408831,7.7626382323513434,-186.66310075645711,0,-94.467440055265001,116.17530446421645,-157.45915376905842,0,0.00034130644053220749,0.0006524299387820065
1.7834490180248395,0,0.0016462659696117043,34,33,28,2.7802846431732178,-0.80479463122140604,7.4608988681888677,-120.76252756373398,0,-200.78827792347769,79.603009535816213,-235.29169171442803,-2.8421709430404007e-14,0.0006524299387820065,0.00076368666486814618
1.7834490180248395,0,0.0016462659696117043,34,33,29,2.8197090625762939,-1.1046857941166299,7.6941710591736259,59.706384631643573,0,34.478648912261846,-53.119651019774182,47.654867789188238,7.1054273576010019e-15,0.00076368666486814618,0.00071903649950399995
1.7834490180248395,0,0.0016462659696117043,34,33,30,2.2610118389129639,-0.41766520049016653,8.1831201436188721,222.18658134882344,0,157.00426204999152,-80.406781914301192,306.54951642764252,0,0.00071903649950399995,0.00032815610757097602
1.7834490180248395,0,0.0016462659696117043,34,33,31,2.0219459533691406,-0.092071763895823847,8.0986584205700218,48.305126884575181,0,-54.105177332493149,93.932171098349613,96.138707307105832,-1.4210854715202004e-14,0.00032815610757097602,0.00052194611635059118
1.7834490180248395,0,0.0016462659696117043,34,33,32,2.7807652950286865,-0.44142592942368802,7.5172296894270882,-294.57663893681189,0,-250.41694999129149,175.35923704984478,-362.5585481182552,0,0.00052194611635059118,0.00049781688721850514
1.7834490180248395,0,0.0016462659696117043,34,33,33,3.3152780532836914,-0.99899549667120824,7.4716079131809296,-104.23450545659927,0,16.318751641024665,-106.35096122942439,-187.79410262848927,0,0.00049781688721850514,0.00033981280284933746
1.7834490180248395,0,0.0016462659696117043,34,33,34,2.4645161628723145,-0.51833531487908802,8.092622773395151,344.97533942559949,0,242.06973763476202,-149.13105816099025,445.48830635788732,5.6843418860808015e-14,0.00033981280284933746,0.00039932591607794166
1.7834490180248395,0,0.0016462659696117043,34,33,35,2.023552417755127,-0.0635454250831093,8.1961288329792765,56.383401347979117,0,-37.425669476188112,111.86324668345954,138.95356196314671,0,0.00039932591607794166,0.00054249557433649898
1.7834490180248395,0,0.0016462659696117043,34,33,36,2.8591136932373047,-0.48307636410385257,7.5910310192466515,-310.95346494248025,0,-260.64556900888368,169.79539430450501,-394.69568499171612,5.6843418860808015e-14,0.00054249557433649898,0.00036845915019512177
1.7834490180248395,0,0.0016462659696117043,34,33,37,3.3459391593933105,-0.84471962547759871,7.5460089042625942,-101.1142755657058,0,118.6618575907746,-181.30237346351828,-157.05350215966448,0,0.00036845915019512177,0.00044146229629404843
1.7834490180248395,0,0.0016462659696117043,34,33,38,2.3995199203491211,-0.36277752630819321,8.1960100321631995,325.88364549072764,0,257.12678387734326,-184.70558916117926,406.13807271274663,5.6843418860808015e-14,0.00044146229629404843,0.00038321907049976289
1.7834490180248395,0,0.0016462659696117043,34,33,39,2.07832932472229,-0.023372080549499033,8.1755067084628674,70.383088647259655,0,-115.88529470062795,118.30921151120508,80.95914008575015,0,0.00038321907049976289,0.000682550307828933
1.7834490180248395,0,0.0016462659696117043,34,33,40,2.9902908802032471,-0.6111843755429569,7.4797452033640148,-309.93448431995409,0,-218.92239654906257,162.61995173433988,-359.3683683068557,0,0.000682550307828933,0.00043511160765774548
1.7834490180248395,0,0.0016462659696117043,34,33,41,3.2833693027496338,-0.8318342626786458,7.5704880952742943,-74.026711939206223,0,254.0741867253241,-252.47243492243331,-65.686306303719803,-1.4210854715202004e-14,0.00043511160765774548,0.00039587667561136186
1.7834490180248395,0,0.0016462659696117043,34,33,42,2.3347549438476562,-0.37683449144093156,8.2433764832511702,320.18830268779067,0,220.46810152123737,-192.41615586440781,356.10679033643049,0,0.00039587667561136186,0.00058254401665180922
1.7834490180248395,0,0.0016462659696117043,34,33,43,2.2037942409515381,-0.093613345913962615,8.1847771321440579,32.410564305997809,0,-75.861340496079677,62.790263735690246,27.430651331838469,-7.1054273576010019e-15,0.00058254401665180922,0.00071384798502549529
1.7834490180248395,0,0.0016462659696117043,34,33,44,2.8906941413879395,-0.69302229771102652,7.6919245923134314,-303.87476470543726,0,-67.704716328754955,30.142188312446429,-334.43839042714336,0,0.00071384798502549529,0.00037782921572215855
1.7834490180248395,0,0.0016462659696117043,34,33,45,3.2997293472290039,-0.96878784345192182,7.548280262722348,-74.720418190186948,0,30.162753299427486,-120.79308539650161,-158.77125786799064,0,0.00037782921572215855,0.00056891498388722539
1.7834490180248395,0,0.0016462659696117043,34,33,46,2.7361297607421875,-0.70995593974733751,7.865702466043297,174.28348547734274,0,195.03659864212082,-108.90478503522692,267.57104561053262,5.6843418860808015e-14,0.00056891498388722539,0.00014726351946592331
1.7834490180248395,0,0.0016462659696117043,34,33,47,2.7596104145050049,-0.44888662067330787,7.8162207947109881,-65.7694351947559,0,-108.92143977820453,28.444273471841413,-138.87926732708135,-2.8421709430404007e-14,0.00014726351946592331,0.00023131302441470325
1.7834490180248395,0,0.0016462659696117043,34,33,48,3.4647655487060547,-0.94966826639979851,7.4694932586547633,-188.94081788846117,0,-83.141056239669894,-11.773599870507111,-277.33564900638322,0,0.00023131302441470325,0.00072457402711734176
1.7834490180248395,0,0.0016462659696117043,34,33,49,3.0420422554016113,-0.97939562489123189,7.8010335246710047,284.14671476496852,0,225.85496951945848,-130.45225702811132,386.37106515609543,0,0.00072457402711734176,0.00042894089710898697
1.7834490180248395,0,0.0016462659696117043,34,33,50,2.5524377822875977,-0.55864047174672626,7.9168507431097117,85.335716892563823,0,94.605602010053232,27.767946083098202,215.06747525707826,2.8421709430404007e-14,0.00042894089710898697,0.0010219571413472295
1.7834490180248395,0,0.0016462659696117043,34,33,51,3.3174676895141602,-0.96782555684170013,7.33877162926197,-263.91091239946041,0,-105.47941128821311,91.331424364505793,-271.68795325074746,0,0.0010219571413472295,0.00062494637677446008
1.7834490180248395,0,0.0016462659696117043,34,33,52,3.3819575309753418,-1.1602568558501305,7.4211368007661518,24.111578292177455,0,191.74315942426014,-124.07508353005593,98.040534131297676,0,0.00062494637677446008,0.00059064180823042989
1.7834490180248395,0,0.0016462659696117043,34,33,53,2.6891143321990967,-1.0135214421683638,7.8088014008879085,179.50351639808372,0,169.69416243197151,-82.855463603566761,273.13749518520802,0,0.00059064180823042989,0.00093201734125614166
1.7834490180248395,0,0.0016462659696117043,34,33,54,2.8761806488037109,-1.1370776851972133,7.4687764937311005,-102.09878811146091,0,66.727589799450783,-67.807975735216175,-96.847475238692411,0,0.00093201734125614166,0.0012378664687275887
1.7834490180248395,0,0.0016462659696117043,34,33,55,2.4613986015319824,-0.29161696891456435,7.5189064780882857,89.042628207825345,0,183.05561101557939,-98.713385747593378,180.61214298498507,0,0.0012378664687275887,0.0010242213029414415
1.7834490180248395,0,0.0016462659696117043,34,33,56,1.9109845161437988,-0.98772016778918115,7.6794510723435447,80.887597102872391,0,-105.04153637175378,-23.184705639510096,-40.646914003837125,0,0.0010242213029414415,0.0013733949745073915
1.7834490180248395,0,0.0016462659696117043,34,33,57,2.2289018630981445,-1.8075459308351549,7.0840581538480469,-65.894418179014025,0,-195.10263831862338,-44.626094160819676,-300.34663843544416,0,0.0013733949745073915,0.0016379080479964614
1.7834490180248395,0,0.0016462659696117043,34,33,58,2.0906023979187012,-0.84021509453468868,4.5830427250870622,37.336168335664915,0,106.35747830276345,-55.683467671363282,91.753006597617457,-2.8421709430404007e-14,0.0016379080479964614,0.0010961185907945037
1.7834490180248395,0,0.0016462659696117043,34,33,59,2.1275367736816406,0.57915991841495384,1.2699510236564246,0.70703004536281877,0,89.196865610183266,-64.642705626357156,27.110300971260315,1.4210854715202004e-14,0.0010961185907945037,0.00070955872070044279
1.7834490180248395,0,0.0016462659696117043,34,33,60,1.8004631996154785,0.27728774086246705,0.030462944593491539,24.247423065334015,0,88.626042397606952,-59.855625611108216,53.325590537288711,0,0.00070955872070044279,0.00049218966159969568
1.7834490180248395,0,0.0016462659696117043,34,33,61,1.3722268342971802,0.13356981376805285,0.0035059621303305767,17.554026686481887,0,72.698677216556277,-49.520488650385253,40.869291028551302,7.1054273576010019e-15,0.00049218966159969568,0.00032770817051641643
1.7834490180248395,0,0.0016462659696117043,34,33,62,1.0841343402862549,0.056663397228136528,0.0025695582313867938,10.572068782561059,0,58.012597270819967,-41.777119344683385,26.866779664157164,0,0.00032770817051641643,0.00022853212431073189
1.7834490180248395,0,0.0016462659696117043,34,33,63,0.88293224573135376,0.024634048626800461,0.0012532149144948805,4.3296900847353896,0,50.062021238898751,-36.029314101366936,18.388284485808502,3.5527136788005009e-15,0.00022853212431073189,0.00016690856136847287
1.7834490180248395,0,0.0016462659696117043,34,33,64,0.73496824502944946,0.012059576898296495,0.00054009822390039771,2.3775007660177621,0,42.730205114558991,-31.589087211608366,13.531218344090583,0,0.00016690856136847287,0.00012574315769597888
1.7834490180248395,0,0.0016462659696117043,34,33,65,0.62331974506378174,0.0062236089365275346,0.00032967036553464222,1.6688052463571816,0,36.686198887981931,-28.038440832632492,10.323116581008685,5.3290705182007514e-15,0.00012574315769597888,9.7610682132653892e-05
1.7834490180248395,0,0.0016462659696117043,34,33,66,0.53656113147735596,0.0034382254762376887,0.00018237082324417696,1.2087360745820208,0,32.097962021500543,-25.120095391398127,8.1902233009839183,-1.7763568394002505e-15,9.7610682132653892e-05,7.7699165558442473e-05
1.7834490180248395,0,0.0016462659696117043,34,33,67,0.46738725900650024,0.0020023134941049426,0.00011573534109194886,0.87889975169922296,0,28.498564313352144,-22.667050883591678,6.7125312302948865,8.8817841970012523e-16,7.7699165558442473e-05,6.3138904806692153e-05
1.7834490180248395,0,0.0016462659696117043,34,33,68,0.41119024157524109,0.0012250887356575417,7.8325932155930034e-05,0.6438144339738654,0,25.534545049799817,-20.569078254875411,5.6105846435660833,-1.7763568394002505e-15,6.3138904806692153e-05,5.2173258154653013e-05
1.7834490180248395,0,0.0016462659696117043,34,33,69,0.3647063672542572,0.0007865427244152719,6.4297405962966529e-05,0.47994624545931613,0,23.068303468481755,-18.749891541219252,4.7992090128521978,-8.8817841970012523e-16,5.2173258154653013e-05,4.3738189560826868e-05
1.7834490180248395,0,0.0016462659696117043,34,33,70,0.32573553919792175,0.00053253365537924921,4.6761752537849285e-05,0.36249410150412442,0,20.945837505799496,-17.154946459371502,4.1539644433400369,0,4.3738189560826868e-05,3.7118203181307763e-05
1.7834490180248395,0,0.0016462659696117043,34,33,71,0.29265731573104858,0.00035210555905966891,2.8057052385926996e-05,0.27779025107774613,0,19.118377729599018,-15.743927669537428,3.6526204737507828,-4.4408920985006262e-16,3.7118203181307763e-05,3.1828098144615069e-05
1.7834490180248395,0,0.0016462659696117043,34,33,72,0.2642592191696167,0.00025574543304490201,3.3902270913647264e-05,0.216529761690513,0,17.532610859370454,-14.486621295597857,3.262808973167068,-4.4408920985006262e-16,3.1828098144615069e-05,2.754742672550492e-05
1.7834490180248395,0,0.0016462659696117043,34,33,73,0.23967023193836212,0.00017311297173779855,3.5071315482408748e-05,0.17041241632586271,0,16.120170985488834,-13.359647336948886,2.9311442491530313,-8.8817841970012523e-16,2.754742672550492e-05,2.4033724912442267e-05
1.7834490180248395,0,0.0016462659696117043,34,33,74,0.21823376417160034,0.00012408192309610764,1.1690438134462321e-05,0.1352473747671451,0,14.851704123456111,-12.344613164389145,2.6424741061953423,0,2.4033724912442267e-05,2.1099845980643295e-05
1.7834490180248395,0,0.0016462659696117043,34,33,75,0.19937895238399506,8.8176819968056362e-05,2.3380875189902861e-06,0.10894374265140934,0,13.73541997538136,-11.426556663711025,2.4178975692292308,0,2.1099845980643295e-05,1.8639459085534327e-05
1.7834490180248395,0,0.0016462659696117043,34,33,76,0.18270435929298401,7.2411925989637312e-05,-0,0.08839685865184975,0,12.729926074070754,-10.59343935221875,2.2249559924298423,-4.4408920985006262e-16,1.8639459085534327e-05,1.6551879525650293e-05
1.7834490180248395,0,0.0016462659696117043,34,33,77,0.16789920628070831,4.9933628781503892e-05,-4.6761750379805721e-06,0.072131329776427472,0,11.825428706534193,-9.8350692513292781,2.0625360424350858,-4.4408920985006262e-16,1.6551879525650293e-05,1.4760550584469456e-05
1.7834490180248395,0,0.0016462659696117043,34,33,78,0.15466699004173279,4.1449462868025967e-05,1.2859481624202019e-05,0.059531654654230576,0,11.015392696451116,-9.1432819163872789,1.9316967436625598,2.2204460492503131e-16,1.4760550584469456e-05,1.3223531823314261e-05
1.7834490180248395,0,0.0016462659696117043,34,33,79,0.14280776679515839,3.2097112792064826e-05,2.2211831700163165e-05,0.049240109672953378,0,10.261041457454068,-8.5109176182105237,1.7994182578609899,-6.6613381477509392e-16,1.3223531823314261e-05,1.1890779205714352e-05
1.7834490180248395,0,0.0016462659696117043,34,33,80,0.13217000663280487,3.0059884060820126e-05,1.5197569682703196e-05,0.040786017313663221,0,9.5699420358089711,-7.9319571154511284,1.6788161951252489,2.2204460492503131e-16,1.1890779205714352e-05,1.0723628292907961e-05
1.7834490180248395,0,0.0016462659696117043,34,33,81,0.12256146222352982,1.9839349822375763e-05,1.6366613172442893e-05,0.034155800340237054,0,8.9500778463561783,-7.401069080058102,1.5832007726013073,-1.5543122344752192e-15,1.0723628292907961e-05,9.6907042461680248e-06
1.7834490180248395,0,0.0016462659696117043,34,33,82,0.11388645321130753,1.9989779486004004e-05,1.1690438134462321e-05,0.028616288002029797,0,8.3711037663606582,-6.9139947856341815,1.4857569489461271,6.6613381477509392e-16,9.6907042461680248e-06,8.7690095824655145e-06
1.7834490180248395,0,0.0016462659696117043,34,33,83,0.1060275137424469,1.2408192363561854e-05,1.169043759495143e-06,0.024212737752784978,0,7.8434290101834225,-6.4669145030834114,1.4007408220889186,-8.8817841970012523e-16,8.7690095824655145e-06,7.9467126852250658e-06
1.7834490180248395,0,0.0016462659696117043,34,33,84,0.098869584500789642,9.051490748704664e-06,-0,0.020641924652420988,0,7.3785625483114483,-6.0562981510137988,1.3429153734408188,-4.4408920985006262e-16,7.9467126852250658e-06,7.2195571192423813e-06
1.7834490180248395,0,0.0016462659696117043,34,33,85,0.092365041375160217,1.123914860406671e-05,2.3380875189902861e-06,0.017496531617246118,0,6.9454939734396737,-5.6789279244641779,1.2840761578288642,-1.1102230246251565e-15,7.2195571192423813e-06,6.5645922404655721e-06
1.7834490180248395,0,0.0016462659696117043,34,33,86,0.086458757519721985,9.051490748704664e-06,-0,0.01484444482787565,0,6.5385344236325373,-5.3321834168628,1.2212045030883616,2.2204460492503131e-16,6.5645922404655721e-06,5.976992270007031e-06
1.7834490180248395,0,0.0016462659696117043,34,33,87,0.081088155508041382,6.713403229714378e-06,2.3380875189902861e-06,0.012699241520432645,0,6.1678487230008354,-5.0137293435964985,1.1668276724155182,-2.2204460492503131e-16,5.976992270007031e-06,5.4338706831913441e-06
1.7834490180248395,0,0.0016462659696117043,34,33,88,0.07618296891450882,4.3753157107240919e-06,4.6761750379805721e-06,0.010866314643819949,0,5.8348443783559905,-4.7213164092142197,1.1244033352763396,4.4408920985006262e-16,5.4338706831913441e-06,4.9467289500171319e-06
1.7834490180248395,0,0.0016462659696117043,34,33,89,0.071733437478542328,2.488517722129417e-06,-7.014263096481749e-06,0.0092415720544274625,0,5.5214908201265835,-4.4529668629873722,1.0777610034482643,-2.2204460492503131e-16,4.9467289500171319e-06,4.4962080210098065e-06
1.7834490180248395,0,0.0016462659696117043,34,33,90,0.067677862942218781,6.713403229714378e-06,2.3380875189902861e-06,0.007960786113485753,0,5.2491314634980606,-4.2070604880719387,1.0500408130303565,4.4408920985006262e-16,4.4962080210098065e-06,4.083137810084736e-06
1.7834490180248395,0,0.0016462659696117043,34,33,91,0.063986189663410187,6.4125433629470078e-06,1.1690438134462321e-05,0.0067976695522772032,0,4.9851899932658323,-3.9822259836194891,1.009779782180118,4.4408920985006262e-16,4.083137810084736e-06,3.7077177239552839e-06
1.7834490180248395,0,0.0016462659696117043,34,33,92,0.060671456158161163,2.3380875189902861e-06,-2.3380875189902861e-06,0.0057974798245453377,0,4.7311327509311898,-3.7770151111102312,0.95991511964550402,-2.2204460492503131e-16,3.7077177239552839e-06,3.3491880913061323e-06
1.7834490180248395,0,0.0016462659696117043,34,33,93,0.057631701231002808,2.262872687176166e-06,-0,0.0050529947104643791,0,4.5297099273002646,-3.5901493474759105,0.94461583740750599,2.2204460492503131e-16,3.3491880913061323e-06,3.0251421776483767e-06
1.7834490180248395,0,0.0016462659696117043,34,33,94,0.054921455681324005,2.1124430235479259e-06,4.6761750379805721e-06,0.0042564635245783689,0,4.3129697184498443,-3.4205515653174312,0.89668140527505324,1.1102230246251565e-16,3.0251421776483767e-06,2.7080632207798772e-06
1.7834490180248395,0,0.0016462659696117043,34,33,95,0.052476733922958374,1.7363683249664352e-06,1.6366613172442893e-05,0.0036884824800971507,0,4.1313244021048394,-3.2673777131224764,0.86765327444395735,-6.6613381477509392e-16,2.7080632207798772e-06,2.412888079561526e-06
1.7834490180248395,0,0.0016462659696117043,34,33,96,0.050298351794481277,1.5859375823164137e-06,2.1042789289445247e-05,0.0031770732527953371,0,3.9490635843889224,-3.1297068017073659,0.82255648466122355,-1.1102230246251565e-16,2.412888079561526e-06,2.1412140540633118e-06
1.7834490180248395,0,0.0016462659696117043,34,33,97,0.048352677375078201,2.0372276522229155e-06,7.014263096481749e-06,0.0027312873334216325,0,3.8010468190480422,-3.0068124489395154,0.79697470893269695,-1.1102230246251565e-16,2.1412140540633118e-06,1.8831964325727313e-06
1.7834490180248395,0,0.0016462659696117043,34,33,98,0.046655010432004929,-2.2564503495325082e-07,7.014263096481749e-06,0.0022809756686735755,0,3.6641113412562634,-2.8980949935568234,0.76830411198617499,-1.1102230246251565e-16,1.8831964325727313e-06,1.6365197552659083e-06
1.7834490180248395,0,0.0016462659696117043,34,33,99,0.045178759843111038,-3.008593272564801e-07,9.3523500759611442e-06,0.0019370190202227982,0,3.533756297238793,-2.8031697472024706,0.73253262054729418,2.2204460492503131e-16,1.6365197552659083e-06,1.4022482446307549e-06
1.7834490180248395,0,0.0016462659696117043,34,33,100,0.043914526700973511,-2.2564503495325082e-07,7.014263096481749e-06,0.0016089024805822541,0,3.426699790408489,-2.7218669944249183,0.70644848708221453,0,1.4022482446307549e-06,1.1773373671530862e-06
1.7834490180248395,0,0.0016462659696117043,34,33,101,0.042858324944972992,8.6818416248321762e-07,8.1833065862214466e-06,0.00128078594094171,0,3.3325823896034579,-2.6542727243862787,0.67959950264886926,-4.4408920985006262e-16,1.1773373671530862e-06,9.7011536581703695e-07
1.7834490180248395,0,0.0016462659696117043,34,33,102,0.042008411139249802,1.5042966362824005e-07,-4.6761750379805721e-06,0.00098661249160880834,0,3.2540629702311321,-2.6013328178697925,0.65371223910757392,1.1102230246251565e-16,9.7011536581703695e-07,7.5544460287346737e-07
1.7834490180248395,0,0.0016462659696117043,34,33,103,0.041351780295372009,-7.1775449885497763e-07,-1.2859481624202019e-05,0.00072638213258354931,0,3.2075496221462259,-2.5637419767904222,0.64452045025226434,0,7.5544460287346737e-07,5.4793059689473012e-07
1.7834490180248395,0,0.0016462659696117043,34,33,104,0.040908489376306534,1.0530087244194617e-06,-3.2733226344885787e-05,0.00045936315549676175,0,3.1629393499912348,-2.5414255263494905,0.62194150657962055,0,5.4793059689473012e-07,3.4046161090373062e-07
1.7834490180248395,0,0.0016462659696117043,34,33,105,0.040643572807312012,-1.5685523833724257e-07,-6.5466452689771573e-05,0.00022402439603044045,0,3.1774873584970904,-2.5401515290266103,0.63749423055858234,1.1102230246251565e-16,3.4046161090373062e-07,1.4087089539316366e-07
1.7834490180248395,0,0.0016462659696117043,34,33,106,0.040609452873468399,-1.0594353781502458e-06,-3.7409400303844577e-05,-0.00014482385197927462,0,3.2253674816850508,-2.5744634675822629,0.65072072141512705,5.5511151231257827e-16,1.4087089539316366e-07,1.4087089539316366e-07
