OWNER_COST_SNAPSHOT_SCOPE_RED count=2 passed=1
capstone probe workers=8 target=0.00493879791 grid=69x69x106 dx=0.0305931161 t_ft=2.09320803
capstone step-start=0 speed=0 gprime=0 nu=2.23472097e-05 selected=5.23521035 previous=0
capstone event-step=0.00164626597 pilot_ceiling=0.0115509308 ramp_end=0.209320803
RISE_FIRE_OWNER_PROFILE_V1 {"scope":2,"parent":1,"phase":"Prepare","stage":4294967295,"raw_iteration":4294967295,"iteration_kind":"owner","wall_ms":98.907291000,"device_sum_ms":4.318249878,"wall_minus_device_ms":94.589041122,"exclusive_wall_ms":98.907291000,"exclusive_device_sum_ms":4.318249878,"child_observer_wall_ms":0.000000000,"count_scope":"inclusive","owner_commits":1,"projection_invocations":0}
RISE_FIRE_OWNER_PROFILE_V1 {"scope":5,"parent":4,"phase":"ProjectionAdapter","stage":0,"raw_iteration":4294967295,"iteration_kind":"bootstrap","wall_ms":21.973291000,"device_sum_ms":17.195291584,"wall_minus_device_ms":4.777999416,"exclusive_wall_ms":21.973291000,"exclusive_device_sum_ms":17.195291584,"child_observer_wall_ms":0.000000000,"count_scope":"inclusive","owner_commits":0,"projection_invocations":1}
RISE_FIRE_OWNER_PROFILE_V1 {"scope":4,"parent":3,"phase":"Project","stage":0,"raw_iteration":4294967295,"iteration_kind":"bootstrap","wall_ms":23.566041000,"device_sum_ms":17.250958132,"wall_minus_device_ms":6.315082868,"exclusive_wall_ms":1.560583000,"exclusive_device_sum_ms":0.055666547,"child_observer_wall_ms":0.032167000,"count_scope":"inclusive","owner_commits":2,"projection_invocations":1}
PRODUCER_COMMAND_V1 stage=0 raw_iteration=4294967295 cpu_begin=1990002473643000 cpu_end=1990003303040500 gpu_begin=1990002473643000 gpu_end=1990003303040500 device_ms=744.92745823226869 encoders=38 interval_scope=possibly_overlapping
PRODUCER_KERNEL_V1 stage=0 raw_iteration=4294967295 ordinal=0 kernel=owner_pack_faces threads=1533387 begin_tick=1990002557999833 end_tick=1990002558054666 ms_per_tick=9.9999999999999995e-07 device_ms=0.054833
PRODUCER_KERNEL_V1 stage=0 raw_iteration=4294967295 ordinal=1 kernel=owner_pack_faces threads=1533387 begin_tick=1990002558049166 end_tick=1990002558376166 ms_per_tick=9.9999999999999995e-07 device_ms=0.32700000000000001
PRODUCER_KERNEL_V1 stage=0 raw_iteration=4294967295 ordinal=2 kernel=owner_pack_faces threads=1533387 begin_tick=1990002557994250 end_tick=1990002558049166 ms_per_tick=9.9999999999999995e-07 device_ms=0.054916
PRODUCER_KERNEL_V1 stage=0 raw_iteration=4294967295 ordinal=3 kernel=fct_extract_gas_density threads=504666 begin_tick=1990002558055125 end_tick=1990002558094166 ms_per_tick=9.9999999999999995e-07 device_ms=0.039040999999999999
PRODUCER_KERNEL_V1 stage=0 raw_iteration=4294967295 ordinal=4 kernel=owner_gas_source threads=504666 begin_tick=1990002558376625 end_tick=1990002558559458 ms_per_tick=9.9999999999999995e-07 device_ms=0.182833
PRODUCER_KERNEL_V1 stage=0 raw_iteration=4294967295 ordinal=5 kernel=evaluate_resident_transport threads=504666 begin_tick=1990002558094166 end_tick=1990002558575500 ms_per_tick=9.9999999999999995e-07 device_ms=0.48133399999999998
PRODUCER_KERNEL_V1 stage=0 raw_iteration=4294967295 ordinal=6 kernel=identify_resident_transport threads=1 begin_tick=1990002558575875 end_tick=1990002558578791 ms_per_tick=9.9999999999999995e-07 device_ms=0.0029159999999999998
PRODUCER_KERNEL_V1 stage=0 raw_iteration=4294967295 ordinal=7 kernel=owner_bind_transport threads=1 begin_tick=1990002558579291 end_tick=1990002558583125 ms_per_tick=9.9999999999999995e-07 device_ms=0.0038339999999999997
PRODUCER_KERNEL_V1 stage=0 raw_iteration=4294967295 ordinal=8 kernel=identify_resident_owner_endpoint_class threads=1 begin_tick=1990002558583500 end_tick=1990002558587291 ms_per_tick=9.9999999999999995e-07 device_ms=0.0037909999999999997
PRODUCER_KERNEL_V1 stage=0 raw_iteration=4294967295 ordinal=9 kernel=evaluate_resident_physical_flux threads=1533387 begin_tick=1990002559481458 end_tick=1990002560674083 ms_per_tick=9.9999999999999995e-07 device_ms=1.192625
PRODUCER_KERNEL_V1 stage=0 raw_iteration=4294967295 ordinal=10 kernel=evaluate_resident_advective_pair threads=13800483 begin_tick=1990002560841333 end_tick=1990002569842708 ms_per_tick=9.9999999999999995e-07 device_ms=9.0013749999999995
PRODUCER_KERNEL_V1 stage=0 raw_iteration=4294967295 ordinal=11 kernel=finalize_resident_advective_high threads=13800483 begin_tick=1990002569858708 end_tick=1990002570449166 ms_per_tick=9.9999999999999995e-07 device_ms=0.59045799999999993
PRODUCER_KERNEL_V1 stage=0 raw_iteration=4294967295 ordinal=12 kernel=compose_resident_flux_pair threads=13800483 begin_tick=1990002570449583 end_tick=1990002571338625 ms_per_tick=9.9999999999999995e-07 device_ms=0.889042
PRODUCER_KERNEL_V1 stage=0 raw_iteration=4294967295 ordinal=13 kernel=validate_resident_physical_flux threads=13800483 begin_tick=1990002571339208 end_tick=1990002572173375 ms_per_tick=9.9999999999999995e-07 device_ms=0.83416699999999999
PRODUCER_KERNEL_V1 stage=0 raw_iteration=4294967295 ordinal=14 kernel=identify_resident_physical_flux threads=32 begin_tick=1990002572174000 end_tick=1990002572177166 ms_per_tick=9.9999999999999995e-07 device_ms=0.003166
PRODUCER_KERNEL_V1 stage=0 raw_iteration=4294967295 ordinal=15 kernel=fct_build_ratios threads=5551326 begin_tick=1990002572177750 end_tick=1990002575813416 ms_per_tick=9.9999999999999995e-07 device_ms=3.6356659999999996
PRODUCER_KERNEL_V1 stage=0 raw_iteration=4294967295 ordinal=16 kernel=fct_build_face_alpha threads=1533387 begin_tick=1990002575814083 end_tick=1990002576094000 ms_per_tick=9.9999999999999995e-07 device_ms=0.27991699999999997
PRODUCER_KERNEL_V1 stage=0 raw_iteration=4294967295 ordinal=17 kernel=fct_commit_scalar threads=504666 begin_tick=1990002576094666 end_tick=1990002576284583 ms_per_tick=9.9999999999999995e-07 device_ms=0.189917
PRODUCER_KERNEL_V1 stage=0 raw_iteration=4294967295 ordinal=18 kernel=owner_bind_candidate threads=1 begin_tick=1990002576285250 end_tick=1990002576289250 ms_per_tick=9.9999999999999995e-07 device_ms=0.0040000000000000001
PRODUCER_KERNEL_V1 stage=0 raw_iteration=4294967295 ordinal=19 kernel=finalize_resident_eos_candidate threads=1 begin_tick=1990002576289708 end_tick=1990002576292083 ms_per_tick=9.9999999999999995e-07 device_ms=0.0023749999999999999
PRODUCER_KERNEL_V1 stage=0 raw_iteration=4294967295 ordinal=20 kernel=evaluate_resident_eos_candidate threads=504666 begin_tick=1990002576292541 end_tick=1990003178839625 ms_per_tick=9.9999999999999995e-07 device_ms=602.54708399999993
PRODUCER_KERNEL_V1 stage=0 raw_iteration=4294967295 ordinal=21 kernel=finalize_resident_eos_candidate threads=1 begin_tick=1990003178856458 end_tick=1990003178859000 ms_per_tick=9.9999999999999995e-07 device_ms=0.002542
PRODUCER_KERNEL_V1 stage=0 raw_iteration=4294967295 ordinal=22 kernel=identify_resident_eos threads=1 begin_tick=1990003178859416 end_tick=1990003178862208 ms_per_tick=9.9999999999999995e-07 device_ms=0.0027919999999999998
PRODUCER_KERNEL_V1 stage=0 raw_iteration=4294967295 ordinal=23 kernel=produce_resident_frozen_source threads=504666 begin_tick=1990003178862583 end_tick=1990003178894375 ms_per_tick=9.9999999999999995e-07 device_ms=0.031792000000000001
PRODUCER_KERNEL_V1 stage=0 raw_iteration=4294967295 ordinal=24 kernel=identify_resident_frozen_source threads=1 begin_tick=1990003178894750 end_tick=1990003178897708 ms_per_tick=9.9999999999999995e-07 device_ms=0.0029579999999999997
PRODUCER_KERNEL_V1 stage=0 raw_iteration=4294967295 ordinal=25 kernel=evaluate_resident_target_terms threads=504666 begin_tick=1990003178898125 end_tick=1990003302225916 ms_per_tick=9.9999999999999995e-07 device_ms=123.32779099999999
PRODUCER_KERNEL_V1 stage=0 raw_iteration=4294967295 ordinal=26 kernel=finalize_resident_target threads=1 begin_tick=1990003302240208 end_tick=1990003302243708 ms_per_tick=9.9999999999999995e-07 device_ms=0.0034999999999999996
PRODUCER_KERNEL_V1 stage=0 raw_iteration=4294967295 ordinal=27 kernel=identify_resident_target threads=1 begin_tick=1990003302244125 end_tick=1990003302247083 ms_per_tick=9.9999999999999995e-07 device_ms=0.0029579999999999997
PRODUCER_KERNEL_V1 stage=0 raw_iteration=4294967295 ordinal=28 kernel=issue_resident_projection_consumer threads=1 begin_tick=1990003302247500 end_tick=1990003302251791 ms_per_tick=9.9999999999999995e-07 device_ms=0.0042909999999999997
PRODUCER_KERNEL_V1 stage=0 raw_iteration=4294967295 ordinal=29 kernel=consume_resident_target threads=1 begin_tick=1990003302252208 end_tick=1990003302256416 ms_per_tick=9.9999999999999995e-07 device_ms=0.0042079999999999999
PRODUCER_KERNEL_V1 stage=0 raw_iteration=4294967295 ordinal=30 kernel=owner_compose_target threads=504666 begin_tick=1990003302256833 end_tick=1990003302289083 ms_per_tick=9.9999999999999995e-07 device_ms=0.032250000000000001
PRODUCER_KERNEL_V1 stage=0 raw_iteration=4294967295 ordinal=31 kernel=finalize_resident_target threads=1 begin_tick=1990003302289500 end_tick=1990003302292041 ms_per_tick=9.9999999999999995e-07 device_ms=0.0025409999999999999
PRODUCER_KERNEL_V1 stage=0 raw_iteration=4294967295 ordinal=32 kernel=owner_identify_target threads=1 begin_tick=1990003302292458 end_tick=1990003302295541 ms_per_tick=9.9999999999999995e-07 device_ms=0.0030829999999999998
PRODUCER_KERNEL_V1 stage=0 raw_iteration=4294967295 ordinal=33 kernel=issue_resident_projection_consumer threads=1 begin_tick=1990003302295958 end_tick=1990003302299041 ms_per_tick=9.9999999999999995e-07 device_ms=0.0030829999999999998
PRODUCER_KERNEL_V1 stage=0 raw_iteration=4294967295 ordinal=34 kernel=consume_resident_target threads=1 begin_tick=1990003302299458 end_tick=1990003302302625 ms_per_tick=9.9999999999999995e-07 device_ms=0.0031669999999999997
PRODUCER_KERNEL_V1 stage=0 raw_iteration=4294967295 ordinal=35 kernel=owner_issue_stage_seal threads=1 begin_tick=1990003302303041 end_tick=1990003302306125 ms_per_tick=9.9999999999999995e-07 device_ms=0.0030839999999999999
PRODUCER_KERNEL_V1 stage=0 raw_iteration=4294967295 ordinal=36 kernel=fct_compatible_stage_rate threads=1533387 begin_tick=1990003302306791 end_tick=1990003302864250 ms_per_tick=9.9999999999999995e-07 device_ms=0.55745899999999993
PRODUCER_KERNEL_V1 stage=0 raw_iteration=4294967295 ordinal=37 kernel=owner_predict_momentum threads=1533387 begin_tick=1990003302864958 end_tick=1990003302915250 ms_per_tick=9.9999999999999995e-07 device_ms=0.050291999999999996
RISE_FIRE_OWNER_PROFILE_V1 {"scope":6,"parent":3,"phase":"BuildStageProducerGroup","stage":0,"raw_iteration":4294967295,"iteration_kind":"bootstrap","wall_ms":829.704209000,"device_sum_ms":744.927458232,"wall_minus_device_ms":84.776750768,"exclusive_wall_ms":829.704209000,"exclusive_device_sum_ms":744.927458232,"child_observer_wall_ms":0.000000000,"count_scope":"inclusive","owner_commits":1,"projection_invocations":0}
RISE_FIRE_OWNER_PROFILE_V1 {"scope":9,"parent":8,"phase":"ProjectionAdapter","stage":0,"raw_iteration":0,"iteration_kind":"picard","wall_ms":13.526709000,"device_sum_ms":10.270333150,"wall_minus_device_ms":3.256375850,"exclusive_wall_ms":13.526709000,"exclusive_device_sum_ms":10.270333150,"child_observer_wall_ms":0.000000000,"count_scope":"inclusive","owner_commits":0,"projection_invocations":1}
RISE_FIRE_OWNER_PROFILE_V1 {"scope":8,"parent":7,"phase":"Project","stage":0,"raw_iteration":0,"iteration_kind":"picard","wall_ms":14.773083000,"device_sum_ms":10.323083261,"wall_minus_device_ms":4.449999739,"exclusive_wall_ms":1.220916000,"exclusive_device_sum_ms":0.052750111,"child_observer_wall_ms":0.025458000,"count_scope":"inclusive","owner_commits":2,"projection_invocations":1}
RISE_FIRE_OWNER_PROFILE_V1 {"scope":10,"parent":7,"phase":"ReadOpenClass","stage":0,"raw_iteration":0,"iteration_kind":"picard","wall_ms":0.228084000,"device_sum_ms":0.002416549,"wall_minus_device_ms":0.225667451,"exclusive_wall_ms":0.228084000,"exclusive_device_sum_ms":0.002416549,"child_observer_wall_ms":0.000000000,"count_scope":"inclusive","owner_commits":1,"projection_invocations":0}
RISE_FIRE_OWNER_PROFILE_V1 {"scope":11,"parent":7,"phase":"ReadOpenClass","stage":0,"raw_iteration":0,"iteration_kind":"picard","wall_ms":0.168875000,"device_sum_ms":0.002458459,"wall_minus_device_ms":0.166416541,"exclusive_wall_ms":0.168875000,"exclusive_device_sum_ms":0.002458459,"child_observer_wall_ms":0.000000000,"count_scope":"inclusive","owner_commits":1,"projection_invocations":0}
PRODUCER_COMMAND_V1 stage=0 raw_iteration=0 cpu_begin=1990003318528041 cpu_end=1990004190745833 gpu_begin=1990003318528041 gpu_end=1990004190745833 device_ms=778.16716674715281 encoders=38 interval_scope=possibly_overlapping
PRODUCER_KERNEL_V1 stage=0 raw_iteration=0 ordinal=0 kernel=owner_pack_faces threads=1533387 begin_tick=1990003412471375 end_tick=1990003412531416 ms_per_tick=9.9999999999999995e-07 device_ms=0.060040999999999997
PRODUCER_KERNEL_V1 stage=0 raw_iteration=0 ordinal=1 kernel=owner_pack_faces threads=1533387 begin_tick=1990003412531208 end_tick=1990003412973166 ms_per_tick=9.9999999999999995e-07 device_ms=0.44195799999999996
PRODUCER_KERNEL_V1 stage=0 raw_iteration=0 ordinal=2 kernel=owner_pack_faces threads=1533387 begin_tick=1990003412467416 end_tick=1990003412531208 ms_per_tick=9.9999999999999995e-07 device_ms=0.063792000000000001
PRODUCER_KERNEL_V1 stage=0 raw_iteration=0 ordinal=3 kernel=fct_extract_gas_density threads=504666 begin_tick=1990003412973166 end_tick=1990003412994500 ms_per_tick=9.9999999999999995e-07 device_ms=0.021333999999999999
PRODUCER_KERNEL_V1 stage=0 raw_iteration=0 ordinal=4 kernel=owner_gas_source threads=504666 begin_tick=1990003412994500 end_tick=1990003413034375 ms_per_tick=9.9999999999999995e-07 device_ms=0.039875000000000001
PRODUCER_KERNEL_V1 stage=0 raw_iteration=0 ordinal=5 kernel=evaluate_resident_transport threads=504666 begin_tick=1990003412531791 end_tick=1990003413045958 ms_per_tick=9.9999999999999995e-07 device_ms=0.51416699999999993
PRODUCER_KERNEL_V1 stage=0 raw_iteration=0 ordinal=6 kernel=identify_resident_transport threads=1 begin_tick=1990003413046416 end_tick=1990003413049250 ms_per_tick=9.9999999999999995e-07 device_ms=0.0028339999999999997
PRODUCER_KERNEL_V1 stage=0 raw_iteration=0 ordinal=7 kernel=owner_bind_transport threads=1 begin_tick=1990003413049791 end_tick=1990003413053333 ms_per_tick=9.9999999999999995e-07 device_ms=0.003542
PRODUCER_KERNEL_V1 stage=0 raw_iteration=0 ordinal=8 kernel=identify_resident_owner_endpoint_class threads=1 begin_tick=1990003413053625 end_tick=1990003413057583 ms_per_tick=9.9999999999999995e-07 device_ms=0.0039579999999999997
PRODUCER_KERNEL_V1 stage=0 raw_iteration=0 ordinal=9 kernel=evaluate_resident_physical_flux threads=1533387 begin_tick=1990003413907833 end_tick=1990003416151166 ms_per_tick=9.9999999999999995e-07 device_ms=2.2433329999999998
PRODUCER_KERNEL_V1 stage=0 raw_iteration=0 ordinal=10 kernel=evaluate_resident_advective_pair threads=13800483 begin_tick=1990003416167875 end_tick=1990003423245083 ms_per_tick=9.9999999999999995e-07 device_ms=7.0772079999999997
PRODUCER_KERNEL_V1 stage=0 raw_iteration=0 ordinal=11 kernel=finalize_resident_advective_high threads=13800483 begin_tick=1990003423245916 end_tick=1990003423668708 ms_per_tick=9.9999999999999995e-07 device_ms=0.422792
PRODUCER_KERNEL_V1 stage=0 raw_iteration=0 ordinal=12 kernel=compose_resident_flux_pair threads=13800483 begin_tick=1990003423669083 end_tick=1990003424662666 ms_per_tick=9.9999999999999995e-07 device_ms=0.99358299999999999
PRODUCER_KERNEL_V1 stage=0 raw_iteration=0 ordinal=13 kernel=validate_resident_physical_flux threads=13800483 begin_tick=1990003424663208 end_tick=1990003425518541 ms_per_tick=9.9999999999999995e-07 device_ms=0.85533300000000001
PRODUCER_KERNEL_V1 stage=0 raw_iteration=0 ordinal=14 kernel=identify_resident_physical_flux threads=32 begin_tick=1990003425519041 end_tick=1990003425524625 ms_per_tick=9.9999999999999995e-07 device_ms=0.0055839999999999996
PRODUCER_KERNEL_V1 stage=0 raw_iteration=0 ordinal=15 kernel=fct_build_ratios threads=5551326 begin_tick=1990003425525125 end_tick=1990003429127166 ms_per_tick=9.9999999999999995e-07 device_ms=3.6020409999999998
PRODUCER_KERNEL_V1 stage=0 raw_iteration=0 ordinal=16 kernel=fct_build_face_alpha threads=1533387 begin_tick=1990003429127875 end_tick=1990003429391250 ms_per_tick=9.9999999999999995e-07 device_ms=0.26337499999999997
PRODUCER_KERNEL_V1 stage=0 raw_iteration=0 ordinal=17 kernel=fct_commit_scalar threads=504666 begin_tick=1990003429391791 end_tick=1990003429645000 ms_per_tick=9.9999999999999995e-07 device_ms=0.25320899999999996
PRODUCER_KERNEL_V1 stage=0 raw_iteration=0 ordinal=18 kernel=owner_bind_candidate threads=1 begin_tick=1990003429645541 end_tick=1990003429649500 ms_per_tick=9.9999999999999995e-07 device_ms=0.0039589999999999998
PRODUCER_KERNEL_V1 stage=0 raw_iteration=0 ordinal=19 kernel=finalize_resident_eos_candidate threads=1 begin_tick=1990003429649958 end_tick=1990003429652208 ms_per_tick=9.9999999999999995e-07 device_ms=0.0022499999999999998
PRODUCER_KERNEL_V1 stage=0 raw_iteration=0 ordinal=20 kernel=evaluate_resident_eos_candidate threads=504666 begin_tick=1990003429652750 end_tick=1990004062277833 ms_per_tick=9.9999999999999995e-07 device_ms=632.62508300000002
PRODUCER_KERNEL_V1 stage=0 raw_iteration=0 ordinal=21 kernel=finalize_resident_eos_candidate threads=1 begin_tick=1990004062303458 end_tick=1990004062306166 ms_per_tick=9.9999999999999995e-07 device_ms=0.0027079999999999999
PRODUCER_KERNEL_V1 stage=0 raw_iteration=0 ordinal=22 kernel=identify_resident_eos threads=1 begin_tick=1990004062306458 end_tick=1990004062309250 ms_per_tick=9.9999999999999995e-07 device_ms=0.0027919999999999998
PRODUCER_KERNEL_V1 stage=0 raw_iteration=0 ordinal=23 kernel=produce_resident_frozen_source threads=504666 begin_tick=1990004062309541 end_tick=1990004062615958 ms_per_tick=9.9999999999999995e-07 device_ms=0.30641699999999999
PRODUCER_KERNEL_V1 stage=0 raw_iteration=0 ordinal=24 kernel=identify_resident_frozen_source threads=1 begin_tick=1990004062616291 end_tick=1990004062696000 ms_per_tick=9.9999999999999995e-07 device_ms=0.079709000000000002
PRODUCER_KERNEL_V1 stage=0 raw_iteration=0 ordinal=25 kernel=evaluate_resident_target_terms threads=504666 begin_tick=1990004062696416 end_tick=1990004189900625 ms_per_tick=9.9999999999999995e-07 device_ms=127.20420899999999
PRODUCER_KERNEL_V1 stage=0 raw_iteration=0 ordinal=26 kernel=finalize_resident_target threads=1 begin_tick=1990004189915958 end_tick=1990004189919166 ms_per_tick=9.9999999999999995e-07 device_ms=0.0032079999999999999
PRODUCER_KERNEL_V1 stage=0 raw_iteration=0 ordinal=27 kernel=identify_resident_target threads=1 begin_tick=1990004189919458 end_tick=1990004189922208 ms_per_tick=9.9999999999999995e-07 device_ms=0.0027499999999999998
PRODUCER_KERNEL_V1 stage=0 raw_iteration=0 ordinal=28 kernel=issue_resident_projection_consumer threads=1 begin_tick=1990004189922625 end_tick=1990004189926750 ms_per_tick=9.9999999999999995e-07 device_ms=0.0041250000000000002
PRODUCER_KERNEL_V1 stage=0 raw_iteration=0 ordinal=29 kernel=consume_resident_target threads=1 begin_tick=1990004189928125 end_tick=1990004189932333 ms_per_tick=9.9999999999999995e-07 device_ms=0.0042079999999999999
PRODUCER_KERNEL_V1 stage=0 raw_iteration=0 ordinal=30 kernel=owner_compose_target threads=504666 begin_tick=1990004189932750 end_tick=1990004190012250 ms_per_tick=9.9999999999999995e-07 device_ms=0.079500000000000001
PRODUCER_KERNEL_V1 stage=0 raw_iteration=0 ordinal=31 kernel=finalize_resident_target threads=1 begin_tick=1990004190012666 end_tick=1990004190014875 ms_per_tick=9.9999999999999995e-07 device_ms=0.002209
PRODUCER_KERNEL_V1 stage=0 raw_iteration=0 ordinal=32 kernel=owner_identify_target threads=1 begin_tick=1990004190015291 end_tick=1990004190018708 ms_per_tick=9.9999999999999995e-07 device_ms=0.0034169999999999999
PRODUCER_KERNEL_V1 stage=0 raw_iteration=0 ordinal=33 kernel=issue_resident_projection_consumer threads=1 begin_tick=1990004190019000 end_tick=1990004190021791 ms_per_tick=9.9999999999999995e-07 device_ms=0.0027910000000000001
PRODUCER_KERNEL_V1 stage=0 raw_iteration=0 ordinal=34 kernel=consume_resident_target threads=1 begin_tick=1990004190022083 end_tick=1990004190025541 ms_per_tick=9.9999999999999995e-07 device_ms=0.0034579999999999997
PRODUCER_KERNEL_V1 stage=0 raw_iteration=0 ordinal=35 kernel=owner_issue_stage_seal threads=1 begin_tick=1990004190025875 end_tick=1990004190028583 ms_per_tick=9.9999999999999995e-07 device_ms=0.0027079999999999999
PRODUCER_KERNEL_V1 stage=0 raw_iteration=0 ordinal=36 kernel=fct_compatible_stage_rate threads=1533387 begin_tick=1990004190029375 end_tick=1990004190578166 ms_per_tick=9.9999999999999995e-07 device_ms=0.54879100000000003
PRODUCER_KERNEL_V1 stage=0 raw_iteration=0 ordinal=37 kernel=owner_predict_momentum threads=1533387 begin_tick=1990004190578583 end_tick=1990004190629083 ms_per_tick=9.9999999999999995e-07 device_ms=0.050499999999999996
RISE_FIRE_OWNER_PROFILE_V1 {"scope":12,"parent":7,"phase":"BuildStageProducerGroup","stage":0,"raw_iteration":0,"iteration_kind":"picard","wall_ms":872.413625000,"device_sum_ms":778.167166747,"wall_minus_device_ms":94.246458253,"exclusive_wall_ms":872.413625000,"exclusive_device_sum_ms":778.167166747,"child_observer_wall_ms":0.000000000,"count_scope":"inclusive","owner_commits":1,"projection_invocations":0}
RISE_FIRE_OWNER_PROFILE_V1 {"scope":13,"parent":7,"phase":"Residual","stage":0,"raw_iteration":0,"iteration_kind":"picard","wall_ms":0.210625000,"device_sum_ms":0.021625077,"wall_minus_device_ms":0.188999923,"exclusive_wall_ms":0.210625000,"exclusive_device_sum_ms":0.021625077,"child_observer_wall_ms":0.000000000,"count_scope":"inclusive","owner_commits":1,"projection_invocations":0}
RISE_FIRE_OWNER_PROFILE_V1 {"scope":7,"parent":3,"phase":"PicardIteration","stage":0,"raw_iteration":0,"iteration_kind":"picard","wall_ms":888.645791000,"device_sum_ms":788.516750094,"wall_minus_device_ms":100.129040906,"exclusive_wall_ms":0.789333000,"exclusive_device_sum_ms":0.000000000,"child_observer_wall_ms":0.062166000,"count_scope":"inclusive","owner_commits":6,"projection_invocations":1}
RISE_FIRE_OWNER_PROFILE_V1 {"scope":16,"parent":15,"phase":"ProjectionAdapter","stage":0,"raw_iteration":1,"iteration_kind":"picard","wall_ms":12.951833000,"device_sum_ms":10.082625085,"wall_minus_device_ms":2.869207915,"exclusive_wall_ms":12.951833000,"exclusive_device_sum_ms":10.082625085,"child_observer_wall_ms":0.000000000,"count_scope":"inclusive","owner_commits":0,"projection_invocations":1}
RISE_FIRE_OWNER_PROFILE_V1 {"scope":15,"parent":14,"phase":"Project","stage":0,"raw_iteration":1,"iteration_kind":"picard","wall_ms":14.186750000,"device_sum_ms":10.137458565,"wall_minus_device_ms":4.049291435,"exclusive_wall_ms":1.198209000,"exclusive_device_sum_ms":0.054833479,"child_observer_wall_ms":0.036708000,"count_scope":"inclusive","owner_commits":2,"projection_invocations":1}
RISE_FIRE_OWNER_PROFILE_V1 {"scope":17,"parent":14,"phase":"ReadOpenClass","stage":0,"raw_iteration":1,"iteration_kind":"picard","wall_ms":0.174500000,"device_sum_ms":0.002291519,"wall_minus_device_ms":0.172208481,"exclusive_wall_ms":0.174500000,"exclusive_device_sum_ms":0.002291519,"child_observer_wall_ms":0.000000000,"count_scope":"inclusive","owner_commits":1,"projection_invocations":0}
RISE_FIRE_OWNER_PROFILE_V1 {"scope":18,"parent":14,"phase":"ReadOpenClass","stage":0,"raw_iteration":1,"iteration_kind":"picard","wall_ms":0.176458000,"device_sum_ms":0.002625166,"wall_minus_device_ms":0.173832834,"exclusive_wall_ms":0.176458000,"exclusive_device_sum_ms":0.002625166,"child_observer_wall_ms":0.000000000,"count_scope":"inclusive","owner_commits":1,"projection_invocations":0}
PRODUCER_COMMAND_V1 stage=0 raw_iteration=1 cpu_begin=1990004206513708 cpu_end=1990005036442583 gpu_begin=1990004206513708 gpu_end=1990005036442583 device_ms=747.63574986718595 encoders=38 interval_scope=possibly_overlapping
PRODUCER_KERNEL_V1 stage=0 raw_iteration=1 ordinal=0 kernel=owner_pack_faces threads=1533387 begin_tick=1990004288675416 end_tick=1990004288735208 ms_per_tick=9.9999999999999995e-07 device_ms=0.059791999999999998
PRODUCER_KERNEL_V1 stage=0 raw_iteration=1 ordinal=1 kernel=owner_pack_faces threads=1533387 begin_tick=1990004288735208 end_tick=1990004289073541 ms_per_tick=9.9999999999999995e-07 device_ms=0.33833299999999999
PRODUCER_KERNEL_V1 stage=0 raw_iteration=1 ordinal=2 kernel=owner_pack_faces threads=1533387 begin_tick=1990004288674375 end_tick=1990004288735375 ms_per_tick=9.9999999999999995e-07 device_ms=0.060999999999999999
PRODUCER_KERNEL_V1 stage=0 raw_iteration=1 ordinal=3 kernel=fct_extract_gas_density threads=504666 begin_tick=1990004288735750 end_tick=1990004288788791 ms_per_tick=9.9999999999999995e-07 device_ms=0.053040999999999998
PRODUCER_KERNEL_V1 stage=0 raw_iteration=1 ordinal=4 kernel=owner_gas_source threads=504666 begin_tick=1990004289074000 end_tick=1990004289239291 ms_per_tick=9.9999999999999995e-07 device_ms=0.16529099999999999
PRODUCER_KERNEL_V1 stage=0 raw_iteration=1 ordinal=5 kernel=evaluate_resident_transport threads=504666 begin_tick=1990004288788791 end_tick=1990004289253333 ms_per_tick=9.9999999999999995e-07 device_ms=0.46454199999999995
PRODUCER_KERNEL_V1 stage=0 raw_iteration=1 ordinal=6 kernel=identify_resident_transport threads=1 begin_tick=1990004289253833 end_tick=1990004289256750 ms_per_tick=9.9999999999999995e-07 device_ms=0.0029169999999999999
PRODUCER_KERNEL_V1 stage=0 raw_iteration=1 ordinal=7 kernel=owner_bind_transport threads=1 begin_tick=1990004289257666 end_tick=1990004289261291 ms_per_tick=9.9999999999999995e-07 device_ms=0.0036249999999999998
PRODUCER_KERNEL_V1 stage=0 raw_iteration=1 ordinal=8 kernel=identify_resident_owner_endpoint_class threads=1 begin_tick=1990004289261583 end_tick=1990004289265166 ms_per_tick=9.9999999999999995e-07 device_ms=0.0035829999999999998
PRODUCER_KERNEL_V1 stage=0 raw_iteration=1 ordinal=9 kernel=evaluate_resident_physical_flux threads=1533387 begin_tick=1990004290141208 end_tick=1990004291261791 ms_per_tick=9.9999999999999995e-07 device_ms=1.1205829999999999
PRODUCER_KERNEL_V1 stage=0 raw_iteration=1 ordinal=10 kernel=evaluate_resident_advective_pair threads=13800483 begin_tick=1990004291551750 end_tick=1990004299829583 ms_per_tick=9.9999999999999995e-07 device_ms=8.2778329999999993
PRODUCER_KERNEL_V1 stage=0 raw_iteration=1 ordinal=11 kernel=finalize_resident_advective_high threads=13800483 begin_tick=1990004299830416 end_tick=1990004300408208 ms_per_tick=9.9999999999999995e-07 device_ms=0.57779199999999997
PRODUCER_KERNEL_V1 stage=0 raw_iteration=1 ordinal=12 kernel=compose_resident_flux_pair threads=13800483 begin_tick=1990004300408833 end_tick=1990004301287291 ms_per_tick=9.9999999999999995e-07 device_ms=0.87845799999999996
PRODUCER_KERNEL_V1 stage=0 raw_iteration=1 ordinal=13 kernel=validate_resident_physical_flux threads=13800483 begin_tick=1990004301287958 end_tick=1990004302170666 ms_per_tick=9.9999999999999995e-07 device_ms=0.88270799999999994
PRODUCER_KERNEL_V1 stage=0 raw_iteration=1 ordinal=14 kernel=identify_resident_physical_flux threads=32 begin_tick=1990004302171333 end_tick=1990004302177000 ms_per_tick=9.9999999999999995e-07 device_ms=0.0056670000000000002
PRODUCER_KERNEL_V1 stage=0 raw_iteration=1 ordinal=15 kernel=fct_build_ratios threads=5551326 begin_tick=1990004302177458 end_tick=1990004306208250 ms_per_tick=9.9999999999999995e-07 device_ms=4.0307919999999999
PRODUCER_KERNEL_V1 stage=0 raw_iteration=1 ordinal=16 kernel=fct_build_face_alpha threads=1533387 begin_tick=1990004306208875 end_tick=1990004306473125 ms_per_tick=9.9999999999999995e-07 device_ms=0.26424999999999998
PRODUCER_KERNEL_V1 stage=0 raw_iteration=1 ordinal=17 kernel=fct_commit_scalar threads=504666 begin_tick=1990004306473708 end_tick=1990004306675041 ms_per_tick=9.9999999999999995e-07 device_ms=0.20133299999999998
PRODUCER_KERNEL_V1 stage=0 raw_iteration=1 ordinal=18 kernel=owner_bind_candidate threads=1 begin_tick=1990004306675583 end_tick=1990004306679625 ms_per_tick=9.9999999999999995e-07 device_ms=0.0040419999999999996
PRODUCER_KERNEL_V1 stage=0 raw_iteration=1 ordinal=19 kernel=finalize_resident_eos_candidate threads=1 begin_tick=1990004306680083 end_tick=1990004306682541 ms_per_tick=9.9999999999999995e-07 device_ms=0.0024579999999999997
PRODUCER_KERNEL_V1 stage=0 raw_iteration=1 ordinal=20 kernel=evaluate_resident_eos_candidate threads=504666 begin_tick=1990004306683041 end_tick=1990004910464375 ms_per_tick=9.9999999999999995e-07 device_ms=603.78133400000002
PRODUCER_KERNEL_V1 stage=0 raw_iteration=1 ordinal=21 kernel=finalize_resident_eos_candidate threads=1 begin_tick=1990004910480416 end_tick=1990004910483000 ms_per_tick=9.9999999999999995e-07 device_ms=0.0025839999999999999
PRODUCER_KERNEL_V1 stage=0 raw_iteration=1 ordinal=22 kernel=identify_resident_eos threads=1 begin_tick=1990004910483416 end_tick=1990004910486166 ms_per_tick=9.9999999999999995e-07 device_ms=0.0027499999999999998
PRODUCER_KERNEL_V1 stage=0 raw_iteration=1 ordinal=23 kernel=produce_resident_frozen_source threads=504666 begin_tick=1990004910486583 end_tick=1990004910517291 ms_per_tick=9.9999999999999995e-07 device_ms=0.030707999999999999
PRODUCER_KERNEL_V1 stage=0 raw_iteration=1 ordinal=24 kernel=identify_resident_frozen_source threads=1 begin_tick=1990004910517708 end_tick=1990004910520625 ms_per_tick=9.9999999999999995e-07 device_ms=0.0029169999999999999
PRODUCER_KERNEL_V1 stage=0 raw_iteration=1 ordinal=25 kernel=evaluate_resident_target_terms threads=504666 begin_tick=1990004910521041 end_tick=1990005035598458 ms_per_tick=9.9999999999999995e-07 device_ms=125.077417
PRODUCER_KERNEL_V1 stage=0 raw_iteration=1 ordinal=26 kernel=finalize_resident_target threads=1 begin_tick=1990005035613833 end_tick=1990005035617208 ms_per_tick=9.9999999999999995e-07 device_ms=0.003375
PRODUCER_KERNEL_V1 stage=0 raw_iteration=1 ordinal=27 kernel=identify_resident_target threads=1 begin_tick=1990005035617500 end_tick=1990005035620375 ms_per_tick=9.9999999999999995e-07 device_ms=0.002875
PRODUCER_KERNEL_V1 stage=0 raw_iteration=1 ordinal=28 kernel=issue_resident_projection_consumer threads=1 begin_tick=1990005035620791 end_tick=1990005035624916 ms_per_tick=9.9999999999999995e-07 device_ms=0.0041250000000000002
PRODUCER_KERNEL_V1 stage=0 raw_iteration=1 ordinal=29 kernel=consume_resident_target threads=1 begin_tick=1990005035625333 end_tick=1990005035629375 ms_per_tick=9.9999999999999995e-07 device_ms=0.0040419999999999996
PRODUCER_KERNEL_V1 stage=0 raw_iteration=1 ordinal=30 kernel=owner_compose_target threads=504666 begin_tick=1990005035629791 end_tick=1990005035709041 ms_per_tick=9.9999999999999995e-07 device_ms=0.079250000000000001
PRODUCER_KERNEL_V1 stage=0 raw_iteration=1 ordinal=31 kernel=finalize_resident_target threads=1 begin_tick=1990005035709458 end_tick=1990005035711916 ms_per_tick=9.9999999999999995e-07 device_ms=0.0024579999999999997
PRODUCER_KERNEL_V1 stage=0 raw_iteration=1 ordinal=32 kernel=owner_identify_target threads=1 begin_tick=1990005035712333 end_tick=1990005035715500 ms_per_tick=9.9999999999999995e-07 device_ms=0.0031669999999999997
PRODUCER_KERNEL_V1 stage=0 raw_iteration=1 ordinal=33 kernel=issue_resident_projection_consumer threads=1 begin_tick=1990005035715916 end_tick=1990005035719000 ms_per_tick=9.9999999999999995e-07 device_ms=0.0030839999999999999
PRODUCER_KERNEL_V1 stage=0 raw_iteration=1 ordinal=34 kernel=consume_resident_target threads=1 begin_tick=1990005035719416 end_tick=1990005035722625 ms_per_tick=9.9999999999999995e-07 device_ms=0.003209
PRODUCER_KERNEL_V1 stage=0 raw_iteration=1 ordinal=35 kernel=owner_issue_stage_seal threads=1 begin_tick=1990005035723041 end_tick=1990005035726125 ms_per_tick=9.9999999999999995e-07 device_ms=0.0030839999999999999
PRODUCER_KERNEL_V1 stage=0 raw_iteration=1 ordinal=36 kernel=fct_compatible_stage_rate threads=1533387 begin_tick=1990005035726791 end_tick=1990005036254291 ms_per_tick=9.9999999999999995e-07 device_ms=0.52749999999999997
PRODUCER_KERNEL_V1 stage=0 raw_iteration=1 ordinal=37 kernel=owner_predict_momentum threads=1533387 begin_tick=1990005036254791 end_tick=1990005036304000 ms_per_tick=9.9999999999999995e-07 device_ms=0.049208999999999996
RISE_FIRE_OWNER_PROFILE_V1 {"scope":19,"parent":14,"phase":"BuildStageProducerGroup","stage":0,"raw_iteration":1,"iteration_kind":"picard","wall_ms":830.103333000,"device_sum_ms":747.635749867,"wall_minus_device_ms":82.467583133,"exclusive_wall_ms":830.103333000,"exclusive_device_sum_ms":747.635749867,"child_observer_wall_ms":0.000000000,"count_scope":"inclusive","owner_commits":1,"projection_invocations":0}
RISE_FIRE_OWNER_PROFILE_V1 {"scope":20,"parent":14,"phase":"Residual","stage":0,"raw_iteration":1,"iteration_kind":"picard","wall_ms":0.317292000,"device_sum_ms":0.114083290,"wall_minus_device_ms":0.203208710,"exclusive_wall_ms":0.317292000,"exclusive_device_sum_ms":0.114083290,"child_observer_wall_ms":0.000000000,"count_scope":"inclusive","owner_commits":1,"projection_invocations":0}
RISE_FIRE_OWNER_PROFILE_V1 {"scope":23,"parent":22,"phase":"ProjectionAdapter","stage":0,"raw_iteration":2147483649,"iteration_kind":"terminal","wall_ms":12.870250000,"device_sum_ms":10.091291508,"wall_minus_device_ms":2.778958492,"exclusive_wall_ms":12.870250000,"exclusive_device_sum_ms":10.091291508,"child_observer_wall_ms":0.000000000,"count_scope":"inclusive","owner_commits":0,"projection_invocations":1}
RISE_FIRE_OWNER_PROFILE_V1 {"scope":22,"parent":21,"phase":"Project","stage":0,"raw_iteration":2147483649,"iteration_kind":"terminal","wall_ms":13.559709000,"device_sum_ms":10.131000075,"wall_minus_device_ms":3.428708925,"exclusive_wall_ms":0.656584000,"exclusive_device_sum_ms":0.039708568,"child_observer_wall_ms":0.032875000,"count_scope":"inclusive","owner_commits":2,"projection_invocations":1}
RISE_FIRE_OWNER_PROFILE_V1 {"scope":24,"parent":21,"phase":"ReadOpenClass","stage":0,"raw_iteration":2147483649,"iteration_kind":"terminal","wall_ms":0.162792000,"device_sum_ms":0.002375105,"wall_minus_device_ms":0.160416895,"exclusive_wall_ms":0.162792000,"exclusive_device_sum_ms":0.002375105,"child_observer_wall_ms":0.000000000,"count_scope":"inclusive","owner_commits":1,"projection_invocations":0}
RISE_FIRE_OWNER_PROFILE_V1 {"scope":25,"parent":21,"phase":"ReadOpenClass","stage":0,"raw_iteration":2147483649,"iteration_kind":"terminal","wall_ms":0.155125000,"device_sum_ms":0.002541579,"wall_minus_device_ms":0.152583421,"exclusive_wall_ms":0.155125000,"exclusive_device_sum_ms":0.002541579,"child_observer_wall_ms":0.000000000,"count_scope":"inclusive","owner_commits":1,"projection_invocations":0}
PRODUCER_COMMAND_V1 stage=0 raw_iteration=2147483649 cpu_begin=1990005050855416 cpu_end=1990005877152625 gpu_begin=1990005050855416 gpu_end=1990005877152625 device_ms=744.1690000705421 encoders=38 interval_scope=possibly_overlapping
PRODUCER_KERNEL_V1 stage=0 raw_iteration=2147483649 ordinal=0 kernel=owner_pack_faces threads=1533387 begin_tick=1990005133018916 end_tick=1990005133069458 ms_per_tick=9.9999999999999995e-07 device_ms=0.050541999999999997
PRODUCER_KERNEL_V1 stage=0 raw_iteration=2147483649 ordinal=1 kernel=owner_pack_faces threads=1533387 begin_tick=1990005133086291 end_tick=1990005133137791 ms_per_tick=9.9999999999999995e-07 device_ms=0.051499999999999997
PRODUCER_KERNEL_V1 stage=0 raw_iteration=2147483649 ordinal=2 kernel=owner_pack_faces threads=1533387 begin_tick=1990005133227541 end_tick=1990005133313291 ms_per_tick=9.9999999999999995e-07 device_ms=0.085749999999999993
PRODUCER_KERNEL_V1 stage=0 raw_iteration=2147483649 ordinal=3 kernel=fct_extract_gas_density threads=504666 begin_tick=1990005133264041 end_tick=1990005133313875 ms_per_tick=9.9999999999999995e-07 device_ms=0.049833999999999996
PRODUCER_KERNEL_V1 stage=0 raw_iteration=2147483649 ordinal=4 kernel=owner_gas_source threads=504666 begin_tick=1990005133316333 end_tick=1990005133359875 ms_per_tick=9.9999999999999995e-07 device_ms=0.043541999999999997
PRODUCER_KERNEL_V1 stage=0 raw_iteration=2147483649 ordinal=5 kernel=evaluate_resident_transport threads=504666 begin_tick=1990005133451375 end_tick=1990005133950500 ms_per_tick=9.9999999999999995e-07 device_ms=0.49912499999999999
PRODUCER_KERNEL_V1 stage=0 raw_iteration=2147483649 ordinal=6 kernel=identify_resident_transport threads=1 begin_tick=1990005133951541 end_tick=1990005133959291 ms_per_tick=9.9999999999999995e-07 device_ms=0.0077499999999999999
PRODUCER_KERNEL_V1 stage=0 raw_iteration=2147483649 ordinal=7 kernel=owner_bind_transport threads=1 begin_tick=1990005133959791 end_tick=1990005133963458 ms_per_tick=9.9999999999999995e-07 device_ms=0.0036669999999999997
PRODUCER_KERNEL_V1 stage=0 raw_iteration=2147483649 ordinal=8 kernel=identify_resident_owner_endpoint_class threads=1 begin_tick=1990005133963791 end_tick=1990005133969541 ms_per_tick=9.9999999999999995e-07 device_ms=0.0057499999999999999
PRODUCER_KERNEL_V1 stage=0 raw_iteration=2147483649 ordinal=9 kernel=evaluate_resident_physical_flux threads=1533387 begin_tick=1990005135144625 end_tick=1990005136268208 ms_per_tick=9.9999999999999995e-07 device_ms=1.123583
PRODUCER_KERNEL_V1 stage=0 raw_iteration=2147483649 ordinal=10 kernel=evaluate_resident_advective_pair threads=13800483 begin_tick=1990005136544625 end_tick=1990005143820500 ms_per_tick=9.9999999999999995e-07 device_ms=7.2758750000000001
PRODUCER_KERNEL_V1 stage=0 raw_iteration=2147483649 ordinal=11 kernel=finalize_resident_advective_high threads=13800483 begin_tick=1990005143821500 end_tick=1990005144241083 ms_per_tick=9.9999999999999995e-07 device_ms=0.41958299999999998
PRODUCER_KERNEL_V1 stage=0 raw_iteration=2147483649 ordinal=12 kernel=compose_resident_flux_pair threads=13800483 begin_tick=1990005144241458 end_tick=1990005145124416 ms_per_tick=9.9999999999999995e-07 device_ms=0.88295799999999991
PRODUCER_KERNEL_V1 stage=0 raw_iteration=2147483649 ordinal=13 kernel=validate_resident_physical_flux threads=13800483 begin_tick=1990005145125083 end_tick=1990005145981333 ms_per_tick=9.9999999999999995e-07 device_ms=0.85624999999999996
PRODUCER_KERNEL_V1 stage=0 raw_iteration=2147483649 ordinal=14 kernel=identify_resident_physical_flux threads=32 begin_tick=1990005145981916 end_tick=1990005145985291 ms_per_tick=9.9999999999999995e-07 device_ms=0.003375
PRODUCER_KERNEL_V1 stage=0 raw_iteration=2147483649 ordinal=15 kernel=fct_build_ratios threads=5551326 begin_tick=1990005145985708 end_tick=1990005151258833 ms_per_tick=9.9999999999999995e-07 device_ms=5.2731249999999994
PRODUCER_KERNEL_V1 stage=0 raw_iteration=2147483649 ordinal=16 kernel=fct_build_face_alpha threads=1533387 begin_tick=1990005151269666 end_tick=1990005151567166 ms_per_tick=9.9999999999999995e-07 device_ms=0.29749999999999999
PRODUCER_KERNEL_V1 stage=0 raw_iteration=2147483649 ordinal=17 kernel=fct_commit_scalar threads=504666 begin_tick=1990005151567708 end_tick=1990005151757958 ms_per_tick=9.9999999999999995e-07 device_ms=0.19025
PRODUCER_KERNEL_V1 stage=0 raw_iteration=2147483649 ordinal=18 kernel=owner_bind_candidate threads=1 begin_tick=1990005151758375 end_tick=1990005151762041 ms_per_tick=9.9999999999999995e-07 device_ms=0.003666
PRODUCER_KERNEL_V1 stage=0 raw_iteration=2147483649 ordinal=19 kernel=finalize_resident_eos_candidate threads=1 begin_tick=1990005151762583 end_tick=1990005151765041 ms_per_tick=9.9999999999999995e-07 device_ms=0.0024579999999999997
PRODUCER_KERNEL_V1 stage=0 raw_iteration=2147483649 ordinal=20 kernel=evaluate_resident_eos_candidate threads=504666 begin_tick=1990005151765541 end_tick=1990005751398666 ms_per_tick=9.9999999999999995e-07 device_ms=599.63312499999995
PRODUCER_KERNEL_V1 stage=0 raw_iteration=2147483649 ordinal=21 kernel=finalize_resident_eos_candidate threads=1 begin_tick=1990005751416458 end_tick=1990005751419333 ms_per_tick=9.9999999999999995e-07 device_ms=0.002875
PRODUCER_KERNEL_V1 stage=0 raw_iteration=2147483649 ordinal=22 kernel=identify_resident_eos threads=1 begin_tick=1990005751419625 end_tick=1990005751422291 ms_per_tick=9.9999999999999995e-07 device_ms=0.002666
PRODUCER_KERNEL_V1 stage=0 raw_iteration=2147483649 ordinal=23 kernel=produce_resident_frozen_source threads=504666 begin_tick=1990005751422583 end_tick=1990005751452166 ms_per_tick=9.9999999999999995e-07 device_ms=0.029582999999999998
PRODUCER_KERNEL_V1 stage=0 raw_iteration=2147483649 ordinal=24 kernel=identify_resident_frozen_source threads=1 begin_tick=1990005751452541 end_tick=1990005751455291 ms_per_tick=9.9999999999999995e-07 device_ms=0.0027499999999999998
PRODUCER_KERNEL_V1 stage=0 raw_iteration=2147483649 ordinal=25 kernel=evaluate_resident_target_terms threads=504666 begin_tick=1990005751455708 end_tick=1990005876356291 ms_per_tick=9.9999999999999995e-07 device_ms=124.900583
PRODUCER_KERNEL_V1 stage=0 raw_iteration=2147483649 ordinal=26 kernel=finalize_resident_target threads=1 begin_tick=1990005876372541 end_tick=1990005876376041 ms_per_tick=9.9999999999999995e-07 device_ms=0.0034999999999999996
PRODUCER_KERNEL_V1 stage=0 raw_iteration=2147483649 ordinal=27 kernel=identify_resident_target threads=1 begin_tick=1990005876376333 end_tick=1990005876379375 ms_per_tick=9.9999999999999995e-07 device_ms=0.003042
PRODUCER_KERNEL_V1 stage=0 raw_iteration=2147483649 ordinal=28 kernel=issue_resident_projection_consumer threads=1 begin_tick=1990005876379791 end_tick=1990005876383875 ms_per_tick=9.9999999999999995e-07 device_ms=0.004084
PRODUCER_KERNEL_V1 stage=0 raw_iteration=2147483649 ordinal=29 kernel=consume_resident_target threads=1 begin_tick=1990005876384291 end_tick=1990005876388375 ms_per_tick=9.9999999999999995e-07 device_ms=0.004084
PRODUCER_KERNEL_V1 stage=0 raw_iteration=2147483649 ordinal=30 kernel=owner_compose_target threads=504666 begin_tick=1990005876388791 end_tick=1990005876468208 ms_per_tick=9.9999999999999995e-07 device_ms=0.079417000000000001
PRODUCER_KERNEL_V1 stage=0 raw_iteration=2147483649 ordinal=31 kernel=finalize_resident_target threads=1 begin_tick=1990005876468666 end_tick=1990005876471000 ms_per_tick=9.9999999999999995e-07 device_ms=0.0023339999999999997
PRODUCER_KERNEL_V1 stage=0 raw_iteration=2147483649 ordinal=32 kernel=owner_identify_target threads=1 begin_tick=1990005876471375 end_tick=1990005876474583 ms_per_tick=9.9999999999999995e-07 device_ms=0.0032079999999999999
PRODUCER_KERNEL_V1 stage=0 raw_iteration=2147483649 ordinal=33 kernel=issue_resident_projection_consumer threads=1 begin_tick=1990005876475041 end_tick=1990005876477791 ms_per_tick=9.9999999999999995e-07 device_ms=0.0027499999999999998
PRODUCER_KERNEL_V1 stage=0 raw_iteration=2147483649 ordinal=34 kernel=consume_resident_target threads=1 begin_tick=1990005876478166 end_tick=1990005876481375 ms_per_tick=9.9999999999999995e-07 device_ms=0.003209
PRODUCER_KERNEL_V1 stage=0 raw_iteration=2147483649 ordinal=35 kernel=owner_issue_stage_seal threads=1 begin_tick=1990005876481791 end_tick=1990005876484625 ms_per_tick=9.9999999999999995e-07 device_ms=0.0028339999999999997
PRODUCER_KERNEL_V1 stage=0 raw_iteration=2147483649 ordinal=36 kernel=fct_compatible_stage_rate threads=1533387 begin_tick=1990005876485166 end_tick=1990005877002166 ms_per_tick=9.9999999999999995e-07 device_ms=0.51700000000000002
PRODUCER_KERNEL_V1 stage=0 raw_iteration=2147483649 ordinal=37 kernel=owner_predict_momentum threads=1533387 begin_tick=1990005877002583 end_tick=1990005877051750 ms_per_tick=9.9999999999999995e-07 device_ms=0.049166999999999995
RISE_FIRE_OWNER_PROFILE_V1 {"scope":26,"parent":21,"phase":"BuildStageProducerGroup","stage":0,"raw_iteration":2147483649,"iteration_kind":"terminal","wall_ms":826.482417000,"device_sum_ms":744.169000071,"wall_minus_device_ms":82.313416929,"exclusive_wall_ms":826.482417000,"exclusive_device_sum_ms":744.169000071,"child_observer_wall_ms":0.000000000,"count_scope":"inclusive","owner_commits":1,"projection_invocations":0}
RISE_FIRE_OWNER_PROFILE_V1 {"scope":27,"parent":21,"phase":"AlphaResidual","stage":0,"raw_iteration":2147483649,"iteration_kind":"terminal","wall_ms":0.280875000,"device_sum_ms":0.052249990,"wall_minus_device_ms":0.228625010,"exclusive_wall_ms":0.280875000,"exclusive_device_sum_ms":0.052249990,"child_observer_wall_ms":0.000000000,"count_scope":"inclusive","owner_commits":1,"projection_invocations":0}
RISE_FIRE_OWNER_PROFILE_V1 {"scope":28,"parent":21,"phase":"Residual","stage":0,"raw_iteration":2147483649,"iteration_kind":"terminal","wall_ms":0.311166000,"device_sum_ms":0.113124959,"wall_minus_device_ms":0.198041041,"exclusive_wall_ms":0.311166000,"exclusive_device_sum_ms":0.113124959,"child_observer_wall_ms":0.000000000,"count_scope":"inclusive","owner_commits":1,"projection_invocations":0}
RISE_FIRE_OWNER_PROFILE_V1 {"scope":21,"parent":14,"phase":"TerminalVerification","stage":0,"raw_iteration":2147483649,"iteration_kind":"terminal","wall_ms":841.022500000,"device_sum_ms":754.470291780,"wall_minus_device_ms":86.552208220,"exclusive_wall_ms":0.005166000,"exclusive_device_sum_ms":0.000000000,"child_observer_wall_ms":0.065250000,"count_scope":"inclusive","owner_commits":7,"projection_invocations":1}
RISE_FIRE_OWNER_PROFILE_V1 {"scope":14,"parent":3,"phase":"PicardIteration","stage":0,"raw_iteration":1,"iteration_kind":"picard","wall_ms":1687.263000000,"device_sum_ms":1512.362500187,"wall_minus_device_ms":174.900499813,"exclusive_wall_ms":1.223543000,"exclusive_device_sum_ms":0.000000000,"child_observer_wall_ms":0.058624000,"count_scope":"inclusive","owner_commits":13,"projection_invocations":2}
RISE_FIRE_OWNER_PROFILE_V1 {"scope":3,"parent":1,"phase":"SolveStage","stage":0,"raw_iteration":4294967295,"iteration_kind":"bootstrap","wall_ms":3430.987334000,"device_sum_ms":3063.057666644,"wall_minus_device_ms":367.929667356,"exclusive_wall_ms":1.769626000,"exclusive_device_sum_ms":0.000000000,"child_observer_wall_ms":0.038667000,"count_scope":"inclusive","owner_commits":22,"projection_invocations":4}
RISE_FIRE_OWNER_PROFILE_V1 {"scope":31,"parent":30,"phase":"ProjectionAdapter","stage":1,"raw_iteration":4294967295,"iteration_kind":"bootstrap","wall_ms":11.940667000,"device_sum_ms":8.989166701,"wall_minus_device_ms":2.951500299,"exclusive_wall_ms":11.940667000,"exclusive_device_sum_ms":8.989166701,"child_observer_wall_ms":0.000000000,"count_scope":"inclusive","owner_commits":0,"projection_invocations":1}
RISE_FIRE_OWNER_PROFILE_V1 {"scope":30,"parent":29,"phase":"Project","stage":1,"raw_iteration":4294967295,"iteration_kind":"bootstrap","wall_ms":13.148333000,"device_sum_ms":9.037166834,"wall_minus_device_ms":4.111166166,"exclusive_wall_ms":1.193875000,"exclusive_device_sum_ms":0.048000133,"child_observer_wall_ms":0.013791000,"count_scope":"inclusive","owner_commits":2,"projection_invocations":1}
PRODUCER_COMMAND_V1 stage=1 raw_iteration=4294967295 cpu_begin=1990005894134708 cpu_end=1990006735504916 gpu_begin=1990005894134708 gpu_end=1990006735504916 device_ms=758.61608330160379 encoders=41 interval_scope=possibly_overlapping
PRODUCER_KERNEL_V1 stage=1 raw_iteration=4294967295 ordinal=0 kernel=owner_pack_faces threads=1533387 begin_tick=1990005976799625 end_tick=1990005976855958 ms_per_tick=9.9999999999999995e-07 device_ms=0.056332999999999994
PRODUCER_KERNEL_V1 stage=1 raw_iteration=4294967295 ordinal=1 kernel=owner_pack_faces threads=1533387 begin_tick=1990005976855750 end_tick=1990005977295041 ms_per_tick=9.9999999999999995e-07 device_ms=0.43929099999999999
PRODUCER_KERNEL_V1 stage=1 raw_iteration=4294967295 ordinal=2 kernel=owner_pack_faces threads=1533387 begin_tick=1990005976797083 end_tick=1990005976855750 ms_per_tick=9.9999999999999995e-07 device_ms=0.058666999999999997
PRODUCER_KERNEL_V1 stage=1 raw_iteration=4294967295 ordinal=3 kernel=fct_extract_gas_density threads=504666 begin_tick=1990005977295041 end_tick=1990005977319083 ms_per_tick=9.9999999999999995e-07 device_ms=0.024041999999999997
PRODUCER_KERNEL_V1 stage=1 raw_iteration=4294967295 ordinal=4 kernel=owner_gas_source threads=504666 begin_tick=1990005977319083 end_tick=1990005977360375 ms_per_tick=9.9999999999999995e-07 device_ms=0.041291999999999995
PRODUCER_KERNEL_V1 stage=1 raw_iteration=4294967295 ordinal=5 kernel=evaluate_resident_transport threads=504666 begin_tick=1990005976856375 end_tick=1990005977332083 ms_per_tick=9.9999999999999995e-07 device_ms=0.47570799999999996
PRODUCER_KERNEL_V1 stage=1 raw_iteration=4294967295 ordinal=6 kernel=identify_resident_transport threads=1 begin_tick=1990005977333708 end_tick=1990005977355750 ms_per_tick=9.9999999999999995e-07 device_ms=0.022041999999999999
PRODUCER_KERNEL_V1 stage=1 raw_iteration=4294967295 ordinal=7 kernel=owner_bind_transport threads=1 begin_tick=1990005977357875 end_tick=1990005977362000 ms_per_tick=9.9999999999999995e-07 device_ms=0.0041250000000000002
PRODUCER_KERNEL_V1 stage=1 raw_iteration=4294967295 ordinal=8 kernel=identify_resident_owner_endpoint_class threads=1 begin_tick=1990005977362375 end_tick=1990005977365791 ms_per_tick=9.9999999999999995e-07 device_ms=0.0034159999999999998
PRODUCER_KERNEL_V1 stage=1 raw_iteration=4294967295 ordinal=9 kernel=evaluate_resident_physical_flux threads=1533387 begin_tick=1990005978248750 end_tick=1990005979589916 ms_per_tick=9.9999999999999995e-07 device_ms=1.3411659999999999
PRODUCER_KERNEL_V1 stage=1 raw_iteration=4294967295 ordinal=10 kernel=evaluate_resident_advective_pair threads=13800483 begin_tick=1990005979588958 end_tick=1990005988234708 ms_per_tick=9.9999999999999995e-07 device_ms=8.6457499999999996
PRODUCER_KERNEL_V1 stage=1 raw_iteration=4294967295 ordinal=11 kernel=finalize_resident_advective_high threads=13800483 begin_tick=1990005988256708 end_tick=1990005988682750 ms_per_tick=9.9999999999999995e-07 device_ms=0.42604199999999998
PRODUCER_KERNEL_V1 stage=1 raw_iteration=4294967295 ordinal=12 kernel=compose_resident_flux_pair threads=13800483 begin_tick=1990005988683250 end_tick=1990005989677791 ms_per_tick=9.9999999999999995e-07 device_ms=0.99454100000000001
PRODUCER_KERNEL_V1 stage=1 raw_iteration=4294967295 ordinal=13 kernel=validate_resident_physical_flux threads=13800483 begin_tick=1990005989678500 end_tick=1990005990569625 ms_per_tick=9.9999999999999995e-07 device_ms=0.89112499999999994
PRODUCER_KERNEL_V1 stage=1 raw_iteration=4294967295 ordinal=14 kernel=identify_resident_physical_flux threads=32 begin_tick=1990005990570291 end_tick=1990005990573750 ms_per_tick=9.9999999999999995e-07 device_ms=0.0034589999999999998
PRODUCER_KERNEL_V1 stage=1 raw_iteration=4294967295 ordinal=15 kernel=owner_average_flux threads=13800483 begin_tick=1990005990574333 end_tick=1990005991394500 ms_per_tick=9.9999999999999995e-07 device_ms=0.82016699999999998
PRODUCER_KERNEL_V1 stage=1 raw_iteration=4294967295 ordinal=16 kernel=owner_bind_averaged_flux threads=1 begin_tick=1990005991395000 end_tick=1990005991398500 ms_per_tick=9.9999999999999995e-07 device_ms=0.0034999999999999996
PRODUCER_KERNEL_V1 stage=1 raw_iteration=4294967295 ordinal=17 kernel=fct_build_ratios threads=5551326 begin_tick=1990005991398875 end_tick=1990005995156875 ms_per_tick=9.9999999999999995e-07 device_ms=3.758
PRODUCER_KERNEL_V1 stage=1 raw_iteration=4294967295 ordinal=18 kernel=fct_build_face_alpha threads=1533387 begin_tick=1990005995157541 end_tick=1990005995421625 ms_per_tick=9.9999999999999995e-07 device_ms=0.26408399999999999
PRODUCER_KERNEL_V1 stage=1 raw_iteration=4294967295 ordinal=19 kernel=fct_commit_scalar threads=504666 begin_tick=1990005995422291 end_tick=1990005995616000 ms_per_tick=9.9999999999999995e-07 device_ms=0.19370899999999999
PRODUCER_KERNEL_V1 stage=1 raw_iteration=4294967295 ordinal=20 kernel=owner_bind_candidate threads=1 begin_tick=1990005995616541 end_tick=1990005995620333 ms_per_tick=9.9999999999999995e-07 device_ms=0.0037919999999999998
PRODUCER_KERNEL_V1 stage=1 raw_iteration=4294967295 ordinal=21 kernel=finalize_resident_eos_candidate threads=1 begin_tick=1990005995620750 end_tick=1990005995623250 ms_per_tick=9.9999999999999995e-07 device_ms=0.0025000000000000001
PRODUCER_KERNEL_V1 stage=1 raw_iteration=4294967295 ordinal=22 kernel=evaluate_resident_eos_candidate threads=504666 begin_tick=1990005995623666 end_tick=1990006608608666 ms_per_tick=9.9999999999999995e-07 device_ms=612.98500000000001
PRODUCER_KERNEL_V1 stage=1 raw_iteration=4294967295 ordinal=23 kernel=finalize_resident_eos_candidate threads=1 begin_tick=1990006608623500 end_tick=1990006608626083 ms_per_tick=9.9999999999999995e-07 device_ms=0.0025829999999999998
PRODUCER_KERNEL_V1 stage=1 raw_iteration=4294967295 ordinal=24 kernel=identify_resident_eos threads=1 begin_tick=1990006608626375 end_tick=1990006608629125 ms_per_tick=9.9999999999999995e-07 device_ms=0.0027499999999999998
PRODUCER_KERNEL_V1 stage=1 raw_iteration=4294967295 ordinal=25 kernel=produce_resident_frozen_source threads=504666 begin_tick=1990006608629416 end_tick=1990006608662208 ms_per_tick=9.9999999999999995e-07 device_ms=0.032792000000000002
PRODUCER_KERNEL_V1 stage=1 raw_iteration=4294967295 ordinal=26 kernel=identify_resident_frozen_source threads=1 begin_tick=1990006608662625 end_tick=1990006608665291 ms_per_tick=9.9999999999999995e-07 device_ms=0.002666
PRODUCER_KERNEL_V1 stage=1 raw_iteration=4294967295 ordinal=27 kernel=evaluate_resident_target_terms threads=504666 begin_tick=1990006608665708 end_tick=1990006734134500 ms_per_tick=9.9999999999999995e-07 device_ms=125.46879199999999
PRODUCER_KERNEL_V1 stage=1 raw_iteration=4294967295 ordinal=28 kernel=finalize_resident_target threads=1 begin_tick=1990006734149041 end_tick=1990006734152333 ms_per_tick=9.9999999999999995e-07 device_ms=0.0032919999999999998
PRODUCER_KERNEL_V1 stage=1 raw_iteration=4294967295 ordinal=29 kernel=identify_resident_target threads=1 begin_tick=1990006734152708 end_tick=1990006734155750 ms_per_tick=9.9999999999999995e-07 device_ms=0.003042
PRODUCER_KERNEL_V1 stage=1 raw_iteration=4294967295 ordinal=30 kernel=issue_resident_projection_consumer threads=1 begin_tick=1990006734156166 end_tick=1990006734160208 ms_per_tick=9.9999999999999995e-07 device_ms=0.0040419999999999996
PRODUCER_KERNEL_V1 stage=1 raw_iteration=4294967295 ordinal=31 kernel=consume_resident_target threads=1 begin_tick=1990006734160625 end_tick=1990006734165166 ms_per_tick=9.9999999999999995e-07 device_ms=0.0045409999999999999
PRODUCER_KERNEL_V1 stage=1 raw_iteration=4294967295 ordinal=32 kernel=owner_compose_target threads=504666 begin_tick=1990006734165583 end_tick=1990006734196916 ms_per_tick=9.9999999999999995e-07 device_ms=0.031333
PRODUCER_KERNEL_V1 stage=1 raw_iteration=4294967295 ordinal=33 kernel=finalize_resident_target threads=1 begin_tick=1990006734197333 end_tick=1990006734199958 ms_per_tick=9.9999999999999995e-07 device_ms=0.0026249999999999997
PRODUCER_KERNEL_V1 stage=1 raw_iteration=4294967295 ordinal=34 kernel=owner_identify_target threads=1 begin_tick=1990006734200375 end_tick=1990006734203291 ms_per_tick=9.9999999999999995e-07 device_ms=0.0029159999999999998
PRODUCER_KERNEL_V1 stage=1 raw_iteration=4294967295 ordinal=35 kernel=issue_resident_projection_consumer threads=1 begin_tick=1990006734203708 end_tick=1990006734206833 ms_per_tick=9.9999999999999995e-07 device_ms=0.0031249999999999997
PRODUCER_KERNEL_V1 stage=1 raw_iteration=4294967295 ordinal=36 kernel=consume_resident_target threads=1 begin_tick=1990006734207083 end_tick=1990006734210250 ms_per_tick=9.9999999999999995e-07 device_ms=0.0031669999999999997
PRODUCER_KERNEL_V1 stage=1 raw_iteration=4294967295 ordinal=37 kernel=owner_issue_stage_seal threads=1 begin_tick=1990006734210541 end_tick=1990006734213666 ms_per_tick=9.9999999999999995e-07 device_ms=0.0031249999999999997
PRODUCER_KERNEL_V1 stage=1 raw_iteration=4294967295 ordinal=38 kernel=fct_compatible_stage_rate threads=1533387 begin_tick=1990006734214250 end_tick=1990006734771625 ms_per_tick=9.9999999999999995e-07 device_ms=0.55737499999999995
PRODUCER_KERNEL_V1 stage=1 raw_iteration=4294967295 ordinal=39 kernel=fct_compatible_stage_rate threads=1533387 begin_tick=1990006734772541 end_tick=1990006735312250 ms_per_tick=9.9999999999999995e-07 device_ms=0.53970899999999999
PRODUCER_KERNEL_V1 stage=1 raw_iteration=4294967295 ordinal=40 kernel=owner_heun_momentum threads=1533387 begin_tick=1990006735312916 end_tick=1990006735407791 ms_per_tick=9.9999999999999995e-07 device_ms=0.094875000000000001
RISE_FIRE_OWNER_PROFILE_V1 {"scope":32,"parent":29,"phase":"BuildStageProducerGroup","stage":1,"raw_iteration":4294967295,"iteration_kind":"bootstrap","wall_ms":841.526667000,"device_sum_ms":758.616083302,"wall_minus_device_ms":82.910583698,"exclusive_wall_ms":841.526667000,"exclusive_device_sum_ms":758.616083302,"child_observer_wall_ms":0.000000000,"count_scope":"inclusive","owner_commits":1,"projection_invocations":0}
RISE_FIRE_OWNER_PROFILE_V1 {"scope":35,"parent":34,"phase":"ProjectionAdapter","stage":1,"raw_iteration":0,"iteration_kind":"picard","wall_ms":13.010416000,"device_sum_ms":10.208250023,"wall_minus_device_ms":2.802165977,"exclusive_wall_ms":13.010416000,"exclusive_device_sum_ms":10.208250023,"child_observer_wall_ms":0.000000000,"count_scope":"inclusive","owner_commits":0,"projection_invocations":1}
RISE_FIRE_OWNER_PROFILE_V1 {"scope":34,"parent":33,"phase":"Project","stage":1,"raw_iteration":0,"iteration_kind":"picard","wall_ms":13.678708000,"device_sum_ms":10.275374865,"wall_minus_device_ms":3.403333135,"exclusive_wall_ms":0.650792000,"exclusive_device_sum_ms":0.067124842,"child_observer_wall_ms":0.017500000,"count_scope":"inclusive","owner_commits":2,"projection_invocations":1}
RISE_FIRE_OWNER_PROFILE_V1 {"scope":36,"parent":33,"phase":"ReadOpenClass","stage":1,"raw_iteration":0,"iteration_kind":"picard","wall_ms":0.156750000,"device_sum_ms":0.002749963,"wall_minus_device_ms":0.154000037,"exclusive_wall_ms":0.156750000,"exclusive_device_sum_ms":0.002749963,"child_observer_wall_ms":0.000000000,"count_scope":"inclusive","owner_commits":1,"projection_invocations":0}
RISE_FIRE_OWNER_PROFILE_V1 {"scope":37,"parent":33,"phase":"ReadOpenClass","stage":1,"raw_iteration":0,"iteration_kind":"picard","wall_ms":0.145000000,"device_sum_ms":0.002374873,"wall_minus_device_ms":0.142625127,"exclusive_wall_ms":0.145000000,"exclusive_device_sum_ms":0.002374873,"child_observer_wall_ms":0.000000000,"count_scope":"inclusive","owner_commits":1,"projection_invocations":0}
PRODUCER_COMMAND_V1 stage=1 raw_iteration=0 cpu_begin=1990006749668791 cpu_end=1990007579963875 gpu_begin=1990006749668791 gpu_end=1990007579963875 device_ms=746.22275005094707 encoders=41 interval_scope=possibly_overlapping
PRODUCER_KERNEL_V1 stage=1 raw_iteration=0 ordinal=0 kernel=owner_pack_faces threads=1533387 begin_tick=1990006833738541 end_tick=1990006833789541 ms_per_tick=9.9999999999999995e-07 device_ms=0.050999999999999997
PRODUCER_KERNEL_V1 stage=1 raw_iteration=0 ordinal=1 kernel=owner_pack_faces threads=1533387 begin_tick=1990006833795708 end_tick=1990006833847166 ms_per_tick=9.9999999999999995e-07 device_ms=0.051457999999999997
PRODUCER_KERNEL_V1 stage=1 raw_iteration=0 ordinal=2 kernel=owner_pack_faces threads=1533387 begin_tick=1990006833923333 end_tick=1990006834019375 ms_per_tick=9.9999999999999995e-07 device_ms=0.096042000000000002
PRODUCER_KERNEL_V1 stage=1 raw_iteration=0 ordinal=3 kernel=fct_extract_gas_density threads=504666 begin_tick=1990006833938791 end_tick=1990006833988791 ms_per_tick=9.9999999999999995e-07 device_ms=0.049999999999999996
PRODUCER_KERNEL_V1 stage=1 raw_iteration=0 ordinal=4 kernel=owner_gas_source threads=504666 begin_tick=1990006833988791 end_tick=1990006834038375 ms_per_tick=9.9999999999999995e-07 device_ms=0.049583999999999996
PRODUCER_KERNEL_V1 stage=1 raw_iteration=0 ordinal=5 kernel=evaluate_resident_transport threads=504666 begin_tick=1990006834110208 end_tick=1990006834566333 ms_per_tick=9.9999999999999995e-07 device_ms=0.456125
PRODUCER_KERNEL_V1 stage=1 raw_iteration=0 ordinal=6 kernel=identify_resident_transport threads=1 begin_tick=1990006834566666 end_tick=1990006834569625 ms_per_tick=9.9999999999999995e-07 device_ms=0.0029589999999999998
PRODUCER_KERNEL_V1 stage=1 raw_iteration=0 ordinal=7 kernel=owner_bind_transport threads=1 begin_tick=1990006834570083 end_tick=1990006834573500 ms_per_tick=9.9999999999999995e-07 device_ms=0.0034169999999999999
PRODUCER_KERNEL_V1 stage=1 raw_iteration=0 ordinal=8 kernel=identify_resident_owner_endpoint_class threads=1 begin_tick=1990006834574416 end_tick=1990006834578041 ms_per_tick=9.9999999999999995e-07 device_ms=0.0036249999999999998
PRODUCER_KERNEL_V1 stage=1 raw_iteration=0 ordinal=9 kernel=evaluate_resident_physical_flux threads=1533387 begin_tick=1990006835490875 end_tick=1990006836822250 ms_per_tick=9.9999999999999995e-07 device_ms=1.331375
PRODUCER_KERNEL_V1 stage=1 raw_iteration=0 ordinal=10 kernel=evaluate_resident_advective_pair threads=13800483 begin_tick=1990006836822250 end_tick=1990006844056750 ms_per_tick=9.9999999999999995e-07 device_ms=7.2344999999999997
PRODUCER_KERNEL_V1 stage=1 raw_iteration=0 ordinal=11 kernel=finalize_resident_advective_high threads=13800483 begin_tick=1990006844058500 end_tick=1990006844499625 ms_per_tick=9.9999999999999995e-07 device_ms=0.44112499999999999
PRODUCER_KERNEL_V1 stage=1 raw_iteration=0 ordinal=12 kernel=compose_resident_flux_pair threads=13800483 begin_tick=1990006844500000 end_tick=1990006845368750 ms_per_tick=9.9999999999999995e-07 device_ms=0.86874999999999991
PRODUCER_KERNEL_V1 stage=1 raw_iteration=0 ordinal=13 kernel=validate_resident_physical_flux threads=13800483 begin_tick=1990006845369541 end_tick=1990006846263875 ms_per_tick=9.9999999999999995e-07 device_ms=0.89433399999999996
PRODUCER_KERNEL_V1 stage=1 raw_iteration=0 ordinal=14 kernel=identify_resident_physical_flux threads=32 begin_tick=1990006846264541 end_tick=1990006846268291 ms_per_tick=9.9999999999999995e-07 device_ms=0.0037499999999999999
PRODUCER_KERNEL_V1 stage=1 raw_iteration=0 ordinal=15 kernel=owner_average_flux threads=13800483 begin_tick=1990006846268791 end_tick=1990006847076875 ms_per_tick=9.9999999999999995e-07 device_ms=0.80808399999999991
PRODUCER_KERNEL_V1 stage=1 raw_iteration=0 ordinal=16 kernel=owner_bind_averaged_flux threads=1 begin_tick=1990006847077416 end_tick=1990006847081208 ms_per_tick=9.9999999999999995e-07 device_ms=0.0037919999999999998
PRODUCER_KERNEL_V1 stage=1 raw_iteration=0 ordinal=17 kernel=fct_build_ratios threads=5551326 begin_tick=1990006847081625 end_tick=1990006852429708 ms_per_tick=9.9999999999999995e-07 device_ms=5.3480829999999999
PRODUCER_KERNEL_V1 stage=1 raw_iteration=0 ordinal=18 kernel=fct_build_face_alpha threads=1533387 begin_tick=1990006852447666 end_tick=1990006852710625 ms_per_tick=9.9999999999999995e-07 device_ms=0.262959
PRODUCER_KERNEL_V1 stage=1 raw_iteration=0 ordinal=19 kernel=fct_commit_scalar threads=504666 begin_tick=1990006852711291 end_tick=1990006852897708 ms_per_tick=9.9999999999999995e-07 device_ms=0.186417
PRODUCER_KERNEL_V1 stage=1 raw_iteration=0 ordinal=20 kernel=owner_bind_candidate threads=1 begin_tick=1990006852898125 end_tick=1990006852902041 ms_per_tick=9.9999999999999995e-07 device_ms=0.0039160000000000002
PRODUCER_KERNEL_V1 stage=1 raw_iteration=0 ordinal=21 kernel=finalize_resident_eos_candidate threads=1 begin_tick=1990006852902625 end_tick=1990006852905125 ms_per_tick=9.9999999999999995e-07 device_ms=0.0025000000000000001
PRODUCER_KERNEL_V1 stage=1 raw_iteration=0 ordinal=22 kernel=evaluate_resident_eos_candidate threads=504666 begin_tick=1990006852905583 end_tick=1990007454666500 ms_per_tick=9.9999999999999995e-07 device_ms=601.76091699999995
PRODUCER_KERNEL_V1 stage=1 raw_iteration=0 ordinal=23 kernel=finalize_resident_eos_candidate threads=1 begin_tick=1990007454681458 end_tick=1990007454683875 ms_per_tick=9.9999999999999995e-07 device_ms=0.0024169999999999999
PRODUCER_KERNEL_V1 stage=1 raw_iteration=0 ordinal=24 kernel=identify_resident_eos threads=1 begin_tick=1990007454684166 end_tick=1990007454686916 ms_per_tick=9.9999999999999995e-07 device_ms=0.0027499999999999998
PRODUCER_KERNEL_V1 stage=1 raw_iteration=0 ordinal=25 kernel=produce_resident_frozen_source threads=504666 begin_tick=1990007454687208 end_tick=1990007454716125 ms_per_tick=9.9999999999999995e-07 device_ms=0.028916999999999998
PRODUCER_KERNEL_V1 stage=1 raw_iteration=0 ordinal=26 kernel=identify_resident_frozen_source threads=1 begin_tick=1990007454716541 end_tick=1990007454719083 ms_per_tick=9.9999999999999995e-07 device_ms=0.002542
PRODUCER_KERNEL_V1 stage=1 raw_iteration=0 ordinal=27 kernel=evaluate_resident_target_terms threads=504666 begin_tick=1990007454719500 end_tick=1990007578546666 ms_per_tick=9.9999999999999995e-07 device_ms=123.82716599999999
PRODUCER_KERNEL_V1 stage=1 raw_iteration=0 ordinal=28 kernel=finalize_resident_target threads=1 begin_tick=1990007578558875 end_tick=1990007578562166 ms_per_tick=9.9999999999999995e-07 device_ms=0.0032909999999999997
PRODUCER_KERNEL_V1 stage=1 raw_iteration=0 ordinal=29 kernel=identify_resident_target threads=1 begin_tick=1990007578562500 end_tick=1990007578565708 ms_per_tick=9.9999999999999995e-07 device_ms=0.0032079999999999999
PRODUCER_KERNEL_V1 stage=1 raw_iteration=0 ordinal=30 kernel=issue_resident_projection_consumer threads=1 begin_tick=1990007578566125 end_tick=1990007578570083 ms_per_tick=9.9999999999999995e-07 device_ms=0.0039579999999999997
PRODUCER_KERNEL_V1 stage=1 raw_iteration=0 ordinal=31 kernel=consume_resident_target threads=1 begin_tick=1990007578571000 end_tick=1990007578575541 ms_per_tick=9.9999999999999995e-07 device_ms=0.0045409999999999999
PRODUCER_KERNEL_V1 stage=1 raw_iteration=0 ordinal=32 kernel=owner_compose_target threads=504666 begin_tick=1990007578575958 end_tick=1990007578655583 ms_per_tick=9.9999999999999995e-07 device_ms=0.079625000000000001
PRODUCER_KERNEL_V1 stage=1 raw_iteration=0 ordinal=33 kernel=finalize_resident_target threads=1 begin_tick=1990007578656000 end_tick=1990007578658500 ms_per_tick=9.9999999999999995e-07 device_ms=0.0025000000000000001
PRODUCER_KERNEL_V1 stage=1 raw_iteration=0 ordinal=34 kernel=owner_identify_target threads=1 begin_tick=1990007578658875 end_tick=1990007578661958 ms_per_tick=9.9999999999999995e-07 device_ms=0.0030829999999999998
PRODUCER_KERNEL_V1 stage=1 raw_iteration=0 ordinal=35 kernel=issue_resident_projection_consumer threads=1 begin_tick=1990007578662416 end_tick=1990007578665333 ms_per_tick=9.9999999999999995e-07 device_ms=0.0029169999999999999
PRODUCER_KERNEL_V1 stage=1 raw_iteration=0 ordinal=36 kernel=consume_resident_target threads=1 begin_tick=1990007578665708 end_tick=1990007578669166 ms_per_tick=9.9999999999999995e-07 device_ms=0.0034579999999999997
PRODUCER_KERNEL_V1 stage=1 raw_iteration=0 ordinal=37 kernel=owner_issue_stage_seal threads=1 begin_tick=1990007578669583 end_tick=1990007578672541 ms_per_tick=9.9999999999999995e-07 device_ms=0.0029579999999999997
PRODUCER_KERNEL_V1 stage=1 raw_iteration=0 ordinal=38 kernel=fct_compatible_stage_rate threads=1533387 begin_tick=1990007578673208 end_tick=1990007579220250 ms_per_tick=9.9999999999999995e-07 device_ms=0.54704200000000003
PRODUCER_KERNEL_V1 stage=1 raw_iteration=0 ordinal=39 kernel=fct_compatible_stage_rate threads=1533387 begin_tick=1990007579220666 end_tick=1990007579745666 ms_per_tick=9.9999999999999995e-07 device_ms=0.52500000000000002
PRODUCER_KERNEL_V1 stage=1 raw_iteration=0 ordinal=40 kernel=owner_heun_momentum threads=1533387 begin_tick=1990007579746333 end_tick=1990007579839958 ms_per_tick=9.9999999999999995e-07 device_ms=0.093625
RISE_FIRE_OWNER_PROFILE_V1 {"scope":38,"parent":33,"phase":"BuildStageProducerGroup","stage":1,"raw_iteration":0,"iteration_kind":"picard","wall_ms":830.464750000,"device_sum_ms":746.222750051,"wall_minus_device_ms":84.241999949,"exclusive_wall_ms":830.464750000,"exclusive_device_sum_ms":746.222750051,"child_observer_wall_ms":0.000000000,"count_scope":"inclusive","owner_commits":1,"projection_invocations":0}
RISE_FIRE_OWNER_PROFILE_V1 {"scope":39,"parent":33,"phase":"Residual","stage":1,"raw_iteration":0,"iteration_kind":"picard","wall_ms":0.219875000,"device_sum_ms":0.022166641,"wall_minus_device_ms":0.197708359,"exclusive_wall_ms":0.219875000,"exclusive_device_sum_ms":0.022166641,"child_observer_wall_ms":0.000000000,"count_scope":"inclusive","owner_commits":1,"projection_invocations":0}
RISE_FIRE_OWNER_PROFILE_V1 {"scope":33,"parent":29,"phase":"PicardIteration","stage":1,"raw_iteration":0,"iteration_kind":"picard","wall_ms":845.234042000,"device_sum_ms":756.525416393,"wall_minus_device_ms":88.708625607,"exclusive_wall_ms":0.535624000,"exclusive_device_sum_ms":0.000000000,"child_observer_wall_ms":0.033335000,"count_scope":"inclusive","owner_commits":6,"projection_invocations":1}
RISE_FIRE_OWNER_PROFILE_V1 {"scope":42,"parent":41,"phase":"ProjectionAdapter","stage":1,"raw_iteration":1,"iteration_kind":"picard","wall_ms":11.609417000,"device_sum_ms":8.817916969,"wall_minus_device_ms":2.791500031,"exclusive_wall_ms":11.609417000,"exclusive_device_sum_ms":8.817916969,"child_observer_wall_ms":0.000000000,"count_scope":"inclusive","owner_commits":0,"projection_invocations":1}
RISE_FIRE_OWNER_PROFILE_V1 {"scope":41,"parent":40,"phase":"Project","stage":1,"raw_iteration":1,"iteration_kind":"picard","wall_ms":13.133375000,"device_sum_ms":8.928667055,"wall_minus_device_ms":4.204707945,"exclusive_wall_ms":1.510042000,"exclusive_device_sum_ms":0.110750087,"child_observer_wall_ms":0.013916000,"count_scope":"inclusive","owner_commits":2,"projection_invocations":1}
RISE_FIRE_OWNER_PROFILE_V1 {"scope":43,"parent":40,"phase":"ReadOpenClass","stage":1,"raw_iteration":1,"iteration_kind":"picard","wall_ms":0.181459000,"device_sum_ms":0.002291519,"wall_minus_device_ms":0.179167481,"exclusive_wall_ms":0.181459000,"exclusive_device_sum_ms":0.002291519,"child_observer_wall_ms":0.000000000,"count_scope":"inclusive","owner_commits":1,"projection_invocations":0}
RISE_FIRE_OWNER_PROFILE_V1 {"scope":44,"parent":40,"phase":"ReadOpenClass","stage":1,"raw_iteration":1,"iteration_kind":"picard","wall_ms":0.166834000,"device_sum_ms":0.002625166,"wall_minus_device_ms":0.164208834,"exclusive_wall_ms":0.166834000,"exclusive_device_sum_ms":0.002625166,"child_observer_wall_ms":0.000000000,"count_scope":"inclusive","owner_commits":1,"projection_invocations":0}
PRODUCER_COMMAND_V1 stage=1 raw_iteration=1 cpu_begin=1990007594408708 cpu_end=1990008428487625 gpu_begin=1990007594408708 gpu_end=1990008428487625 device_ms=751.08379148878157 encoders=41 interval_scope=possibly_overlapping
PRODUCER_KERNEL_V1 stage=1 raw_iteration=1 ordinal=0 kernel=owner_pack_faces threads=1533387 begin_tick=1990007677278708 end_tick=1990007677335208 ms_per_tick=9.9999999999999995e-07 device_ms=0.056499999999999995
PRODUCER_KERNEL_V1 stage=1 raw_iteration=1 ordinal=1 kernel=owner_pack_faces threads=1533387 begin_tick=1990007677334916 end_tick=1990007677769500 ms_per_tick=9.9999999999999995e-07 device_ms=0.43458399999999997
PRODUCER_KERNEL_V1 stage=1 raw_iteration=1 ordinal=2 kernel=owner_pack_faces threads=1533387 begin_tick=1990007677271541 end_tick=1990007677334916 ms_per_tick=9.9999999999999995e-07 device_ms=0.063375000000000001
PRODUCER_KERNEL_V1 stage=1 raw_iteration=1 ordinal=3 kernel=fct_extract_gas_density threads=504666 begin_tick=1990007677769500 end_tick=1990007677794916 ms_per_tick=9.9999999999999995e-07 device_ms=0.025415999999999998
PRODUCER_KERNEL_V1 stage=1 raw_iteration=1 ordinal=4 kernel=owner_gas_source threads=504666 begin_tick=1990007677794916 end_tick=1990007677845125 ms_per_tick=9.9999999999999995e-07 device_ms=0.050208999999999997
PRODUCER_KERNEL_V1 stage=1 raw_iteration=1 ordinal=5 kernel=evaluate_resident_transport threads=504666 begin_tick=1990007677335583 end_tick=1990007677847708 ms_per_tick=9.9999999999999995e-07 device_ms=0.51212499999999994
PRODUCER_KERNEL_V1 stage=1 raw_iteration=1 ordinal=6 kernel=identify_resident_transport threads=1 begin_tick=1990007677848208 end_tick=1990007677851166 ms_per_tick=9.9999999999999995e-07 device_ms=0.0029579999999999997
PRODUCER_KERNEL_V1 stage=1 raw_iteration=1 ordinal=7 kernel=owner_bind_transport threads=1 begin_tick=1990007677851666 end_tick=1990007677855125 ms_per_tick=9.9999999999999995e-07 device_ms=0.0034589999999999998
PRODUCER_KERNEL_V1 stage=1 raw_iteration=1 ordinal=8 kernel=identify_resident_owner_endpoint_class threads=1 begin_tick=1990007677855500 end_tick=1990007677859125 ms_per_tick=9.9999999999999995e-07 device_ms=0.0036249999999999998
PRODUCER_KERNEL_V1 stage=1 raw_iteration=1 ordinal=9 kernel=evaluate_resident_physical_flux threads=1533387 begin_tick=1990007678538875 end_tick=1990007681381291 ms_per_tick=9.9999999999999995e-07 device_ms=2.8424160000000001
PRODUCER_KERNEL_V1 stage=1 raw_iteration=1 ordinal=10 kernel=evaluate_resident_advective_pair threads=13800483 begin_tick=1990007681392416 end_tick=1990007688645583 ms_per_tick=9.9999999999999995e-07 device_ms=7.2531669999999995
PRODUCER_KERNEL_V1 stage=1 raw_iteration=1 ordinal=11 kernel=finalize_resident_advective_high threads=13800483 begin_tick=1990007688646375 end_tick=1990007689069083 ms_per_tick=9.9999999999999995e-07 device_ms=0.42270799999999997
PRODUCER_KERNEL_V1 stage=1 raw_iteration=1 ordinal=12 kernel=compose_resident_flux_pair threads=13800483 begin_tick=1990007689069458 end_tick=1990007690066750 ms_per_tick=9.9999999999999995e-07 device_ms=0.99729199999999996
PRODUCER_KERNEL_V1 stage=1 raw_iteration=1 ordinal=13 kernel=validate_resident_physical_flux threads=13800483 begin_tick=1990007690067458 end_tick=1990007690956666 ms_per_tick=9.9999999999999995e-07 device_ms=0.889208
PRODUCER_KERNEL_V1 stage=1 raw_iteration=1 ordinal=14 kernel=identify_resident_physical_flux threads=32 begin_tick=1990007690957375 end_tick=1990007690962708 ms_per_tick=9.9999999999999995e-07 device_ms=0.0053330000000000001
PRODUCER_KERNEL_V1 stage=1 raw_iteration=1 ordinal=15 kernel=owner_average_flux threads=13800483 begin_tick=1990007690963291 end_tick=1990007691783041 ms_per_tick=9.9999999999999995e-07 device_ms=0.81974999999999998
PRODUCER_KERNEL_V1 stage=1 raw_iteration=1 ordinal=16 kernel=owner_bind_averaged_flux threads=1 begin_tick=1990007691783583 end_tick=1990007691787333 ms_per_tick=9.9999999999999995e-07 device_ms=0.0037499999999999999
PRODUCER_KERNEL_V1 stage=1 raw_iteration=1 ordinal=17 kernel=fct_build_ratios threads=5551326 begin_tick=1990007691787750 end_tick=1990007695482083 ms_per_tick=9.9999999999999995e-07 device_ms=3.6943329999999999
PRODUCER_KERNEL_V1 stage=1 raw_iteration=1 ordinal=18 kernel=fct_build_face_alpha threads=1533387 begin_tick=1990007695482750 end_tick=1990007695745916 ms_per_tick=9.9999999999999995e-07 device_ms=0.26316600000000001
PRODUCER_KERNEL_V1 stage=1 raw_iteration=1 ordinal=19 kernel=fct_commit_scalar threads=504666 begin_tick=1990007695746541 end_tick=1990007695941916 ms_per_tick=9.9999999999999995e-07 device_ms=0.19537499999999999
PRODUCER_KERNEL_V1 stage=1 raw_iteration=1 ordinal=20 kernel=owner_bind_candidate threads=1 begin_tick=1990007695942375 end_tick=1990007695946500 ms_per_tick=9.9999999999999995e-07 device_ms=0.0041250000000000002
PRODUCER_KERNEL_V1 stage=1 raw_iteration=1 ordinal=21 kernel=finalize_resident_eos_candidate threads=1 begin_tick=1990007695946916 end_tick=1990007695949500 ms_per_tick=9.9999999999999995e-07 device_ms=0.0025839999999999999
PRODUCER_KERNEL_V1 stage=1 raw_iteration=1 ordinal=22 kernel=evaluate_resident_eos_candidate threads=504666 begin_tick=1990007695949958 end_tick=1990008301021875 ms_per_tick=9.9999999999999995e-07 device_ms=605.07191699999998
PRODUCER_KERNEL_V1 stage=1 raw_iteration=1 ordinal=23 kernel=finalize_resident_eos_candidate threads=1 begin_tick=1990008301036083 end_tick=1990008301038708 ms_per_tick=9.9999999999999995e-07 device_ms=0.0026249999999999997
PRODUCER_KERNEL_V1 stage=1 raw_iteration=1 ordinal=24 kernel=identify_resident_eos threads=1 begin_tick=1990008301039125 end_tick=1990008301041833 ms_per_tick=9.9999999999999995e-07 device_ms=0.0027079999999999999
PRODUCER_KERNEL_V1 stage=1 raw_iteration=1 ordinal=25 kernel=produce_resident_frozen_source threads=504666 begin_tick=1990008301042166 end_tick=1990008301074416 ms_per_tick=9.9999999999999995e-07 device_ms=0.032250000000000001
PRODUCER_KERNEL_V1 stage=1 raw_iteration=1 ordinal=26 kernel=identify_resident_frozen_source threads=1 begin_tick=1990008301074833 end_tick=1990008301077666 ms_per_tick=9.9999999999999995e-07 device_ms=0.002833
PRODUCER_KERNEL_V1 stage=1 raw_iteration=1 ordinal=27 kernel=evaluate_resident_target_terms threads=504666 begin_tick=1990008301078083 end_tick=1990008427065208 ms_per_tick=9.9999999999999995e-07 device_ms=125.98712499999999
PRODUCER_KERNEL_V1 stage=1 raw_iteration=1 ordinal=28 kernel=finalize_resident_target threads=1 begin_tick=1990008427080041 end_tick=1990008427083291 ms_per_tick=9.9999999999999995e-07 device_ms=0.0032499999999999999
PRODUCER_KERNEL_V1 stage=1 raw_iteration=1 ordinal=29 kernel=identify_resident_target threads=1 begin_tick=1990008427083625 end_tick=1990008427086583 ms_per_tick=9.9999999999999995e-07 device_ms=0.0029579999999999997
PRODUCER_KERNEL_V1 stage=1 raw_iteration=1 ordinal=30 kernel=issue_resident_projection_consumer threads=1 begin_tick=1990008427086958 end_tick=1990008427091041 ms_per_tick=9.9999999999999995e-07 device_ms=0.0040829999999999998
PRODUCER_KERNEL_V1 stage=1 raw_iteration=1 ordinal=31 kernel=consume_resident_target threads=1 begin_tick=1990008427091458 end_tick=1990008427095541 ms_per_tick=9.9999999999999995e-07 device_ms=0.0040829999999999998
PRODUCER_KERNEL_V1 stage=1 raw_iteration=1 ordinal=32 kernel=owner_compose_target threads=504666 begin_tick=1990008427095958 end_tick=1990008427175250 ms_per_tick=9.9999999999999995e-07 device_ms=0.079292000000000001
PRODUCER_KERNEL_V1 stage=1 raw_iteration=1 ordinal=33 kernel=finalize_resident_target threads=1 begin_tick=1990008427175666 end_tick=1990008427178208 ms_per_tick=9.9999999999999995e-07 device_ms=0.002542
PRODUCER_KERNEL_V1 stage=1 raw_iteration=1 ordinal=34 kernel=owner_identify_target threads=1 begin_tick=1990008427178625 end_tick=1990008427181500 ms_per_tick=9.9999999999999995e-07 device_ms=0.002875
PRODUCER_KERNEL_V1 stage=1 raw_iteration=1 ordinal=35 kernel=issue_resident_projection_consumer threads=1 begin_tick=1990008427181916 end_tick=1990008427184916 ms_per_tick=9.9999999999999995e-07 device_ms=0.0030000000000000001
PRODUCER_KERNEL_V1 stage=1 raw_iteration=1 ordinal=36 kernel=consume_resident_target threads=1 begin_tick=1990008427185291 end_tick=1990008427188375 ms_per_tick=9.9999999999999995e-07 device_ms=0.0030839999999999999
PRODUCER_KERNEL_V1 stage=1 raw_iteration=1 ordinal=37 kernel=owner_issue_stage_seal threads=1 begin_tick=1990008427188791 end_tick=1990008427191625 ms_per_tick=9.9999999999999995e-07 device_ms=0.0028339999999999997
PRODUCER_KERNEL_V1 stage=1 raw_iteration=1 ordinal=38 kernel=fct_compatible_stage_rate threads=1533387 begin_tick=1990008427192333 end_tick=1990008427731666 ms_per_tick=9.9999999999999995e-07 device_ms=0.53933299999999995
PRODUCER_KERNEL_V1 stage=1 raw_iteration=1 ordinal=39 kernel=fct_compatible_stage_rate threads=1533387 begin_tick=1990008427732083 end_tick=1990008428254125 ms_per_tick=9.9999999999999995e-07 device_ms=0.52204200000000001
PRODUCER_KERNEL_V1 stage=1 raw_iteration=1 ordinal=40 kernel=owner_heun_momentum threads=1533387 begin_tick=1990008428254791 end_tick=1990008428349250 ms_per_tick=9.9999999999999995e-07 device_ms=0.094459000000000001
RISE_FIRE_OWNER_PROFILE_V1 {"scope":45,"parent":40,"phase":"BuildStageProducerGroup","stage":1,"raw_iteration":1,"iteration_kind":"picard","wall_ms":834.259084000,"device_sum_ms":751.083791489,"wall_minus_device_ms":83.175292511,"exclusive_wall_ms":834.259084000,"exclusive_device_sum_ms":751.083791489,"child_observer_wall_ms":0.000000000,"count_scope":"inclusive","owner_commits":1,"projection_invocations":0}
RISE_FIRE_OWNER_PROFILE_V1 {"scope":46,"parent":40,"phase":"Residual","stage":1,"raw_iteration":1,"iteration_kind":"picard","wall_ms":0.355833000,"device_sum_ms":0.114500057,"wall_minus_device_ms":0.241332943,"exclusive_wall_ms":0.355833000,"exclusive_device_sum_ms":0.114500057,"child_observer_wall_ms":0.000000000,"count_scope":"inclusive","owner_commits":1,"projection_invocations":0}
RISE_FIRE_OWNER_PROFILE_V1 {"scope":49,"parent":48,"phase":"ProjectionAdapter","stage":1,"raw_iteration":2147483649,"iteration_kind":"terminal","wall_ms":12.273500000,"device_sum_ms":8.898666594,"wall_minus_device_ms":3.374833406,"exclusive_wall_ms":12.273500000,"exclusive_device_sum_ms":8.898666594,"child_observer_wall_ms":0.000000000,"count_scope":"inclusive","owner_commits":0,"projection_invocations":1}
RISE_FIRE_OWNER_PROFILE_V1 {"scope":48,"parent":47,"phase":"Project","stage":1,"raw_iteration":2147483649,"iteration_kind":"terminal","wall_ms":12.933166000,"device_sum_ms":8.943458088,"wall_minus_device_ms":3.989707912,"exclusive_wall_ms":0.634249000,"exclusive_device_sum_ms":0.044791494,"child_observer_wall_ms":0.025417000,"count_scope":"inclusive","owner_commits":2,"projection_invocations":1}
RISE_FIRE_OWNER_PROFILE_V1 {"scope":50,"parent":47,"phase":"ReadOpenClass","stage":1,"raw_iteration":2147483649,"iteration_kind":"terminal","wall_ms":0.169125000,"device_sum_ms":0.002291752,"wall_minus_device_ms":0.166833248,"exclusive_wall_ms":0.169125000,"exclusive_device_sum_ms":0.002291752,"child_observer_wall_ms":0.000000000,"count_scope":"inclusive","owner_commits":1,"projection_invocations":0}
RISE_FIRE_OWNER_PROFILE_V1 {"scope":51,"parent":47,"phase":"ReadOpenClass","stage":1,"raw_iteration":2147483649,"iteration_kind":"terminal","wall_ms":0.139834000,"device_sum_ms":0.002374873,"wall_minus_device_ms":0.137459127,"exclusive_wall_ms":0.139834000,"exclusive_device_sum_ms":0.002374873,"child_observer_wall_ms":0.000000000,"count_scope":"inclusive","owner_commits":1,"projection_invocations":0}
PRODUCER_COMMAND_V1 stage=1 raw_iteration=2147483649 cpu_begin=1990008442319958 cpu_end=1990009275211375 gpu_begin=1990008442319958 gpu_end=1990009275211375 device_ms=751.11645832657814 encoders=41 interval_scope=possibly_overlapping
PRODUCER_KERNEL_V1 stage=1 raw_iteration=2147483649 ordinal=0 kernel=owner_pack_faces threads=1533387 begin_tick=1990008523995750 end_tick=1990008524049416 ms_per_tick=9.9999999999999995e-07 device_ms=0.053665999999999998
PRODUCER_KERNEL_V1 stage=1 raw_iteration=2147483649 ordinal=1 kernel=owner_pack_faces threads=1533387 begin_tick=1990008524049125 end_tick=1990008524486291 ms_per_tick=9.9999999999999995e-07 device_ms=0.437166
PRODUCER_KERNEL_V1 stage=1 raw_iteration=2147483649 ordinal=2 kernel=owner_pack_faces threads=1533387 begin_tick=1990008523992916 end_tick=1990008524049125 ms_per_tick=9.9999999999999995e-07 device_ms=0.056208999999999995
PRODUCER_KERNEL_V1 stage=1 raw_iteration=2147483649 ordinal=3 kernel=fct_extract_gas_density threads=504666 begin_tick=1990008524486291 end_tick=1990008524517666 ms_per_tick=9.9999999999999995e-07 device_ms=0.031375
PRODUCER_KERNEL_V1 stage=1 raw_iteration=2147483649 ordinal=4 kernel=owner_gas_source threads=504666 begin_tick=1990008524517708 end_tick=1990008524563250 ms_per_tick=9.9999999999999995e-07 device_ms=0.045541999999999999
PRODUCER_KERNEL_V1 stage=1 raw_iteration=2147483649 ordinal=5 kernel=evaluate_resident_transport threads=504666 begin_tick=1990008524049833 end_tick=1990008524574083 ms_per_tick=9.9999999999999995e-07 device_ms=0.52424999999999999
PRODUCER_KERNEL_V1 stage=1 raw_iteration=2147483649 ordinal=6 kernel=identify_resident_transport threads=1 begin_tick=1990008524574583 end_tick=1990008524577791 ms_per_tick=9.9999999999999995e-07 device_ms=0.0032079999999999999
PRODUCER_KERNEL_V1 stage=1 raw_iteration=2147483649 ordinal=7 kernel=owner_bind_transport threads=1 begin_tick=1990008524578375 end_tick=1990008524581791 ms_per_tick=9.9999999999999995e-07 device_ms=0.0034159999999999998
PRODUCER_KERNEL_V1 stage=1 raw_iteration=2147483649 ordinal=8 kernel=identify_resident_owner_endpoint_class threads=1 begin_tick=1990008524582125 end_tick=1990008524585666 ms_per_tick=9.9999999999999995e-07 device_ms=0.0035409999999999999
PRODUCER_KERNEL_V1 stage=1 raw_iteration=2147483649 ordinal=9 kernel=evaluate_resident_physical_flux threads=1533387 begin_tick=1990008525459208 end_tick=1990008526804625 ms_per_tick=9.9999999999999995e-07 device_ms=1.3454169999999999
PRODUCER_KERNEL_V1 stage=1 raw_iteration=2147483649 ordinal=10 kernel=evaluate_resident_advective_pair threads=13800483 begin_tick=1990008526789125 end_tick=1990008535282125 ms_per_tick=9.9999999999999995e-07 device_ms=8.4930000000000003
PRODUCER_KERNEL_V1 stage=1 raw_iteration=2147483649 ordinal=11 kernel=finalize_resident_advective_high threads=13800483 begin_tick=1990008535298291 end_tick=1990008535718291 ms_per_tick=9.9999999999999995e-07 device_ms=0.41999999999999998
PRODUCER_KERNEL_V1 stage=1 raw_iteration=2147483649 ordinal=12 kernel=compose_resident_flux_pair threads=13800483 begin_tick=1990008535718666 end_tick=1990008536718625 ms_per_tick=9.9999999999999995e-07 device_ms=0.99995899999999993
PRODUCER_KERNEL_V1 stage=1 raw_iteration=2147483649 ordinal=13 kernel=validate_resident_physical_flux threads=13800483 begin_tick=1990008536719291 end_tick=1990008537612625 ms_per_tick=9.9999999999999995e-07 device_ms=0.89333399999999996
PRODUCER_KERNEL_V1 stage=1 raw_iteration=2147483649 ordinal=14 kernel=identify_resident_physical_flux threads=32 begin_tick=1990008537613375 end_tick=1990008537619250 ms_per_tick=9.9999999999999995e-07 device_ms=0.005875
PRODUCER_KERNEL_V1 stage=1 raw_iteration=2147483649 ordinal=15 kernel=owner_average_flux threads=13800483 begin_tick=1990008537619791 end_tick=1990008538432708 ms_per_tick=9.9999999999999995e-07 device_ms=0.812917
PRODUCER_KERNEL_V1 stage=1 raw_iteration=2147483649 ordinal=16 kernel=owner_bind_averaged_flux threads=1 begin_tick=1990008538433291 end_tick=1990008538437125 ms_per_tick=9.9999999999999995e-07 device_ms=0.0038339999999999997
PRODUCER_KERNEL_V1 stage=1 raw_iteration=2147483649 ordinal=17 kernel=fct_build_ratios threads=5551326 begin_tick=1990008538437458 end_tick=1990008542179875 ms_per_tick=9.9999999999999995e-07 device_ms=3.7424169999999997
PRODUCER_KERNEL_V1 stage=1 raw_iteration=2147483649 ordinal=18 kernel=fct_build_face_alpha threads=1533387 begin_tick=1990008542180500 end_tick=1990008542446000 ms_per_tick=9.9999999999999995e-07 device_ms=0.26550000000000001
PRODUCER_KERNEL_V1 stage=1 raw_iteration=2147483649 ordinal=19 kernel=fct_commit_scalar threads=504666 begin_tick=1990008542446708 end_tick=1990008542640458 ms_per_tick=9.9999999999999995e-07 device_ms=0.19374999999999998
PRODUCER_KERNEL_V1 stage=1 raw_iteration=2147483649 ordinal=20 kernel=owner_bind_candidate threads=1 begin_tick=1990008542641166 end_tick=1990008542647541 ms_per_tick=9.9999999999999995e-07 device_ms=0.0063749999999999996
PRODUCER_KERNEL_V1 stage=1 raw_iteration=2147483649 ordinal=21 kernel=finalize_resident_eos_candidate threads=1 begin_tick=1990008542648041 end_tick=1990008542650625 ms_per_tick=9.9999999999999995e-07 device_ms=0.0025839999999999999
PRODUCER_KERNEL_V1 stage=1 raw_iteration=2147483649 ordinal=22 kernel=evaluate_resident_eos_candidate threads=504666 begin_tick=1990008542651166 end_tick=1990009145695958 ms_per_tick=9.9999999999999995e-07 device_ms=603.04479200000003
PRODUCER_KERNEL_V1 stage=1 raw_iteration=2147483649 ordinal=23 kernel=finalize_resident_eos_candidate threads=1 begin_tick=1990009145711666 end_tick=1990009145714375 ms_per_tick=9.9999999999999995e-07 device_ms=0.002709
PRODUCER_KERNEL_V1 stage=1 raw_iteration=2147483649 ordinal=24 kernel=identify_resident_eos threads=1 begin_tick=1990009145714666 end_tick=1990009145717291 ms_per_tick=9.9999999999999995e-07 device_ms=0.0026249999999999997
PRODUCER_KERNEL_V1 stage=1 raw_iteration=2147483649 ordinal=25 kernel=produce_resident_frozen_source threads=504666 begin_tick=1990009145717708 end_tick=1990009145748916 ms_per_tick=9.9999999999999995e-07 device_ms=0.031208
PRODUCER_KERNEL_V1 stage=1 raw_iteration=2147483649 ordinal=26 kernel=identify_resident_frozen_source threads=1 begin_tick=1990009145749333 end_tick=1990009145751916 ms_per_tick=9.9999999999999995e-07 device_ms=0.0025829999999999998
PRODUCER_KERNEL_V1 stage=1 raw_iteration=2147483649 ordinal=27 kernel=evaluate_resident_target_terms threads=504666 begin_tick=1990009145752291 end_tick=1990009273854833 ms_per_tick=9.9999999999999995e-07 device_ms=128.102542
PRODUCER_KERNEL_V1 stage=1 raw_iteration=2147483649 ordinal=28 kernel=finalize_resident_target threads=1 begin_tick=1990009273870166 end_tick=1990009273873250 ms_per_tick=9.9999999999999995e-07 device_ms=0.0030839999999999999
PRODUCER_KERNEL_V1 stage=1 raw_iteration=2147483649 ordinal=29 kernel=identify_resident_target threads=1 begin_tick=1990009273873583 end_tick=1990009273876416 ms_per_tick=9.9999999999999995e-07 device_ms=0.002833
PRODUCER_KERNEL_V1 stage=1 raw_iteration=2147483649 ordinal=30 kernel=issue_resident_projection_consumer threads=1 begin_tick=1990009273876833 end_tick=1990009273880666 ms_per_tick=9.9999999999999995e-07 device_ms=0.003833
PRODUCER_KERNEL_V1 stage=1 raw_iteration=2147483649 ordinal=31 kernel=consume_resident_target threads=1 begin_tick=1990009273881083 end_tick=1990009273885416 ms_per_tick=9.9999999999999995e-07 device_ms=0.004333
PRODUCER_KERNEL_V1 stage=1 raw_iteration=2147483649 ordinal=32 kernel=owner_compose_target threads=504666 begin_tick=1990009273885833 end_tick=1990009273965166 ms_per_tick=9.9999999999999995e-07 device_ms=0.079333000000000001
PRODUCER_KERNEL_V1 stage=1 raw_iteration=2147483649 ordinal=33 kernel=finalize_resident_target threads=1 begin_tick=1990009273965541 end_tick=1990009273968208 ms_per_tick=9.9999999999999995e-07 device_ms=0.0026669999999999997
PRODUCER_KERNEL_V1 stage=1 raw_iteration=2147483649 ordinal=34 kernel=owner_identify_target threads=1 begin_tick=1990009273968625 end_tick=1990009273971833 ms_per_tick=9.9999999999999995e-07 device_ms=0.0032079999999999999
PRODUCER_KERNEL_V1 stage=1 raw_iteration=2147483649 ordinal=35 kernel=issue_resident_projection_consumer threads=1 begin_tick=1990009273972250 end_tick=1990009273975208 ms_per_tick=9.9999999999999995e-07 device_ms=0.0029579999999999997
PRODUCER_KERNEL_V1 stage=1 raw_iteration=2147483649 ordinal=36 kernel=consume_resident_target threads=1 begin_tick=1990009273975583 end_tick=1990009273978833 ms_per_tick=9.9999999999999995e-07 device_ms=0.0032499999999999999
PRODUCER_KERNEL_V1 stage=1 raw_iteration=2147483649 ordinal=37 kernel=owner_issue_stage_seal threads=1 begin_tick=1990009273979250 end_tick=1990009273982375 ms_per_tick=9.9999999999999995e-07 device_ms=0.0031249999999999997
PRODUCER_KERNEL_V1 stage=1 raw_iteration=2147483649 ordinal=38 kernel=fct_compatible_stage_rate threads=1533387 begin_tick=1990009273983083 end_tick=1990009274502958 ms_per_tick=9.9999999999999995e-07 device_ms=0.51987499999999998
PRODUCER_KERNEL_V1 stage=1 raw_iteration=2147483649 ordinal=39 kernel=fct_compatible_stage_rate threads=1533387 begin_tick=1990009274503375 end_tick=1990009275010833 ms_per_tick=9.9999999999999995e-07 device_ms=0.50745799999999996
PRODUCER_KERNEL_V1 stage=1 raw_iteration=2147483649 ordinal=40 kernel=owner_heun_momentum threads=1533387 begin_tick=1990009275011458 end_tick=1990009275103541 ms_per_tick=9.9999999999999995e-07 device_ms=0.092082999999999998
RISE_FIRE_OWNER_PROFILE_V1 {"scope":52,"parent":47,"phase":"BuildStageProducerGroup","stage":1,"raw_iteration":2147483649,"iteration_kind":"terminal","wall_ms":833.050833000,"device_sum_ms":751.116458327,"wall_minus_device_ms":81.934374673,"exclusive_wall_ms":833.050833000,"exclusive_device_sum_ms":751.116458327,"child_observer_wall_ms":0.000000000,"count_scope":"inclusive","owner_commits":1,"projection_invocations":0}
RISE_FIRE_OWNER_PROFILE_V1 {"scope":53,"parent":47,"phase":"AlphaResidual","stage":1,"raw_iteration":2147483649,"iteration_kind":"terminal","wall_ms":0.222084000,"device_sum_ms":0.056333374,"wall_minus_device_ms":0.165750626,"exclusive_wall_ms":0.222084000,"exclusive_device_sum_ms":0.056333374,"child_observer_wall_ms":0.000000000,"count_scope":"inclusive","owner_commits":1,"projection_invocations":0}
RISE_FIRE_OWNER_PROFILE_V1 {"scope":54,"parent":47,"phase":"Residual","stage":1,"raw_iteration":2147483649,"iteration_kind":"terminal","wall_ms":0.261875000,"device_sum_ms":0.109125162,"wall_minus_device_ms":0.152749838,"exclusive_wall_ms":0.261875000,"exclusive_device_sum_ms":0.109125162,"child_observer_wall_ms":0.000000000,"count_scope":"inclusive","owner_commits":1,"projection_invocations":0}
RISE_FIRE_OWNER_PROFILE_V1 {"scope":47,"parent":40,"phase":"TerminalVerification","stage":1,"raw_iteration":2147483649,"iteration_kind":"terminal","wall_ms":846.821375000,"device_sum_ms":760.230041575,"wall_minus_device_ms":86.591333425,"exclusive_wall_ms":0.004249000,"exclusive_device_sum_ms":0.000000000,"child_observer_wall_ms":0.040209000,"count_scope":"inclusive","owner_commits":7,"projection_invocations":1}
RISE_FIRE_OWNER_PROFILE_V1 {"scope":40,"parent":29,"phase":"PicardIteration","stage":1,"raw_iteration":1,"iteration_kind":"picard","wall_ms":1695.460291000,"device_sum_ms":1520.361916861,"wall_minus_device_ms":175.098374139,"exclusive_wall_ms":0.495247000,"exclusive_device_sum_ms":0.000000000,"child_observer_wall_ms":0.047084000,"count_scope":"inclusive","owner_commits":13,"projection_invocations":2}
RISE_FIRE_OWNER_PROFILE_V1 {"scope":29,"parent":1,"phase":"SolveStage","stage":1,"raw_iteration":4294967295,"iteration_kind":"bootstrap","wall_ms":3398.896750000,"device_sum_ms":3044.540583389,"wall_minus_device_ms":354.356166611,"exclusive_wall_ms":3.508542000,"exclusive_device_sum_ms":0.000000000,"child_observer_wall_ms":0.018875000,"count_scope":"inclusive","owner_commits":22,"projection_invocations":4}
RISE_FIRE_OWNER_PROFILE_V1 {"scope":57,"parent":56,"phase":"ProjectionAdapter","stage":2,"raw_iteration":4294967295,"iteration_kind":"bootstrap","wall_ms":11.737500000,"device_sum_ms":8.871249855,"wall_minus_device_ms":2.866250145,"exclusive_wall_ms":11.737500000,"exclusive_device_sum_ms":8.871249855,"child_observer_wall_ms":0.000000000,"count_scope":"inclusive","owner_commits":0,"projection_invocations":1}
RISE_FIRE_OWNER_PROFILE_V1 {"scope":56,"parent":55,"phase":"Project","stage":2,"raw_iteration":4294967295,"iteration_kind":"bootstrap","wall_ms":12.295167000,"device_sum_ms":8.920124732,"wall_minus_device_ms":3.375042268,"exclusive_wall_ms":0.545250000,"exclusive_device_sum_ms":0.048874877,"child_observer_wall_ms":0.012417000,"count_scope":"inclusive","owner_commits":2,"projection_invocations":1}
PRODUCER_COMMAND_V1 stage=2 raw_iteration=4294967295 cpu_begin=1990009293422125 cpu_end=1990010129876708 gpu_begin=1990009293422125 gpu_end=1990010129876708 device_ms=755.31925004906952 encoders=35 interval_scope=possibly_overlapping
PRODUCER_KERNEL_V1 stage=2 raw_iteration=4294967295 ordinal=0 kernel=owner_pack_faces threads=1533387 begin_tick=1990009374428041 end_tick=1990009374481916 ms_per_tick=9.9999999999999995e-07 device_ms=0.053874999999999999
PRODUCER_KERNEL_V1 stage=2 raw_iteration=4294967295 ordinal=1 kernel=owner_pack_faces threads=1533387 begin_tick=1990009374481708 end_tick=1990009374917166 ms_per_tick=9.9999999999999995e-07 device_ms=0.43545799999999996
PRODUCER_KERNEL_V1 stage=2 raw_iteration=4294967295 ordinal=2 kernel=owner_pack_faces threads=1533387 begin_tick=1990009374424250 end_tick=1990009374481708 ms_per_tick=9.9999999999999995e-07 device_ms=0.057457999999999995
PRODUCER_KERNEL_V1 stage=2 raw_iteration=4294967295 ordinal=3 kernel=fct_extract_gas_density threads=504666 begin_tick=1990009374917166 end_tick=1990009374939833 ms_per_tick=9.9999999999999995e-07 device_ms=0.022667
PRODUCER_KERNEL_V1 stage=2 raw_iteration=4294967295 ordinal=4 kernel=owner_gas_source threads=504666 begin_tick=1990009374939833 end_tick=1990009374980916 ms_per_tick=9.9999999999999995e-07 device_ms=0.041083000000000001
PRODUCER_KERNEL_V1 stage=2 raw_iteration=4294967295 ordinal=5 kernel=evaluate_resident_transport threads=504666 begin_tick=1990009374482291 end_tick=1990009374988500 ms_per_tick=9.9999999999999995e-07 device_ms=0.50620900000000002
PRODUCER_KERNEL_V1 stage=2 raw_iteration=4294967295 ordinal=6 kernel=identify_resident_transport threads=1 begin_tick=1990009374989000 end_tick=1990009374992083 ms_per_tick=9.9999999999999995e-07 device_ms=0.0030829999999999998
PRODUCER_KERNEL_V1 stage=2 raw_iteration=4294967295 ordinal=7 kernel=owner_bind_transport threads=1 begin_tick=1990009374992583 end_tick=1990009374996208 ms_per_tick=9.9999999999999995e-07 device_ms=0.0036249999999999998
PRODUCER_KERNEL_V1 stage=2 raw_iteration=4294967295 ordinal=8 kernel=identify_resident_owner_endpoint_class threads=1 begin_tick=1990009374996583 end_tick=1990009375000666 ms_per_tick=9.9999999999999995e-07 device_ms=0.0040829999999999998
PRODUCER_KERNEL_V1 stage=2 raw_iteration=4294967295 ordinal=9 kernel=evaluate_resident_physical_flux threads=1533387 begin_tick=1990009375816416 end_tick=1990009377157666 ms_per_tick=9.9999999999999995e-07 device_ms=1.3412499999999998
PRODUCER_KERNEL_V1 stage=2 raw_iteration=4294967295 ordinal=10 kernel=evaluate_resident_advective_pair threads=13800483 begin_tick=1990009377224208 end_tick=1990009385764500 ms_per_tick=9.9999999999999995e-07 device_ms=8.5402919999999991
PRODUCER_KERNEL_V1 stage=2 raw_iteration=4294967295 ordinal=11 kernel=finalize_resident_advective_high threads=13800483 begin_tick=1990009385765250 end_tick=1990009386181041 ms_per_tick=9.9999999999999995e-07 device_ms=0.41579099999999997
PRODUCER_KERNEL_V1 stage=2 raw_iteration=4294967295 ordinal=12 kernel=compose_resident_flux_pair threads=13800483 begin_tick=1990009386181458 end_tick=1990009387065375 ms_per_tick=9.9999999999999995e-07 device_ms=0.88391699999999995
PRODUCER_KERNEL_V1 stage=2 raw_iteration=4294967295 ordinal=13 kernel=validate_resident_physical_flux threads=13800483 begin_tick=1990009387066041 end_tick=1990009387907500 ms_per_tick=9.9999999999999995e-07 device_ms=0.84145899999999996
PRODUCER_KERNEL_V1 stage=2 raw_iteration=4294967295 ordinal=14 kernel=identify_resident_physical_flux threads=32 begin_tick=1990009387908125 end_tick=1990009387911375 ms_per_tick=9.9999999999999995e-07 device_ms=0.0032499999999999999
PRODUCER_KERNEL_V1 stage=2 raw_iteration=4294967295 ordinal=15 kernel=owner_bind_candidate threads=1 begin_tick=1990009387911833 end_tick=1990009387915333 ms_per_tick=9.9999999999999995e-07 device_ms=0.0034999999999999996
PRODUCER_KERNEL_V1 stage=2 raw_iteration=4294967295 ordinal=16 kernel=finalize_resident_eos_candidate threads=1 begin_tick=1990009387915625 end_tick=1990009387918083 ms_per_tick=9.9999999999999995e-07 device_ms=0.0024579999999999997
PRODUCER_KERNEL_V1 stage=2 raw_iteration=4294967295 ordinal=17 kernel=evaluate_resident_eos_candidate threads=504666 begin_tick=1990009387918791 end_tick=1990010002262333 ms_per_tick=9.9999999999999995e-07 device_ms=614.34354199999996
PRODUCER_KERNEL_V1 stage=2 raw_iteration=4294967295 ordinal=18 kernel=finalize_resident_eos_candidate threads=1 begin_tick=1990010002278208 end_tick=1990010002280958 ms_per_tick=9.9999999999999995e-07 device_ms=0.0027499999999999998
PRODUCER_KERNEL_V1 stage=2 raw_iteration=4294967295 ordinal=19 kernel=identify_resident_eos threads=1 begin_tick=1990010002281416 end_tick=1990010002284083 ms_per_tick=9.9999999999999995e-07 device_ms=0.0026669999999999997
PRODUCER_KERNEL_V1 stage=2 raw_iteration=4294967295 ordinal=20 kernel=produce_resident_frozen_source threads=504666 begin_tick=1990010002284375 end_tick=1990010002315916 ms_per_tick=9.9999999999999995e-07 device_ms=0.031541
PRODUCER_KERNEL_V1 stage=2 raw_iteration=4294967295 ordinal=21 kernel=identify_resident_frozen_source threads=1 begin_tick=1990010002316458 end_tick=1990010002319125 ms_per_tick=9.9999999999999995e-07 device_ms=0.0026669999999999997
PRODUCER_KERNEL_V1 stage=2 raw_iteration=4294967295 ordinal=22 kernel=evaluate_resident_target_terms threads=504666 begin_tick=1990010002319541 end_tick=1990010129040916 ms_per_tick=9.9999999999999995e-07 device_ms=126.72137499999999
PRODUCER_KERNEL_V1 stage=2 raw_iteration=4294967295 ordinal=23 kernel=finalize_resident_target threads=1 begin_tick=1990010129055416 end_tick=1990010129058375 ms_per_tick=9.9999999999999995e-07 device_ms=0.0029589999999999998
PRODUCER_KERNEL_V1 stage=2 raw_iteration=4294967295 ordinal=24 kernel=identify_resident_target threads=1 begin_tick=1990010129058708 end_tick=1990010129061625 ms_per_tick=9.9999999999999995e-07 device_ms=0.0029169999999999999
PRODUCER_KERNEL_V1 stage=2 raw_iteration=4294967295 ordinal=25 kernel=issue_resident_projection_consumer threads=1 begin_tick=1990010129062208 end_tick=1990010129066375 ms_per_tick=9.9999999999999995e-07 device_ms=0.0041669999999999997
PRODUCER_KERNEL_V1 stage=2 raw_iteration=4294967295 ordinal=26 kernel=consume_resident_target threads=1 begin_tick=1990010129066791 end_tick=1990010129071041 ms_per_tick=9.9999999999999995e-07 device_ms=0.0042499999999999994
PRODUCER_KERNEL_V1 stage=2 raw_iteration=4294967295 ordinal=27 kernel=owner_compose_target threads=504666 begin_tick=1990010129071458 end_tick=1990010129102625 ms_per_tick=9.9999999999999995e-07 device_ms=0.031167
PRODUCER_KERNEL_V1 stage=2 raw_iteration=4294967295 ordinal=28 kernel=finalize_resident_target threads=1 begin_tick=1990010129103041 end_tick=1990010129105416 ms_per_tick=9.9999999999999995e-07 device_ms=0.0023749999999999999
PRODUCER_KERNEL_V1 stage=2 raw_iteration=4294967295 ordinal=29 kernel=owner_identify_target threads=1 begin_tick=1990010129106000 end_tick=1990010129109291 ms_per_tick=9.9999999999999995e-07 device_ms=0.0032909999999999997
PRODUCER_KERNEL_V1 stage=2 raw_iteration=4294967295 ordinal=30 kernel=issue_resident_projection_consumer threads=1 begin_tick=1990010129109750 end_tick=1990010129112750 ms_per_tick=9.9999999999999995e-07 device_ms=0.0030000000000000001
PRODUCER_KERNEL_V1 stage=2 raw_iteration=4294967295 ordinal=31 kernel=consume_resident_target threads=1 begin_tick=1990010129113333 end_tick=1990010129116375 ms_per_tick=9.9999999999999995e-07 device_ms=0.003042
PRODUCER_KERNEL_V1 stage=2 raw_iteration=4294967295 ordinal=32 kernel=owner_issue_stage_seal threads=1 begin_tick=1990010129116791 end_tick=1990010129119791 ms_per_tick=9.9999999999999995e-07 device_ms=0.0030000000000000001
PRODUCER_KERNEL_V1 stage=2 raw_iteration=4294967295 ordinal=33 kernel=fct_compatible_stage_rate threads=1533387 begin_tick=1990010129120250 end_tick=1990010129644083 ms_per_tick=9.9999999999999995e-07 device_ms=0.52383299999999999
PRODUCER_KERNEL_V1 stage=2 raw_iteration=4294967295 ordinal=34 kernel=owner_heun_momentum threads=1533387 begin_tick=1990010129644750 end_tick=1990010129738041 ms_per_tick=9.9999999999999995e-07 device_ms=0.093290999999999999
RISE_FIRE_OWNER_PROFILE_V1 {"scope":58,"parent":55,"phase":"BuildStageProducerGroup","stage":2,"raw_iteration":4294967295,"iteration_kind":"bootstrap","wall_ms":836.620083000,"device_sum_ms":755.319250049,"wall_minus_device_ms":81.300832951,"exclusive_wall_ms":836.620083000,"exclusive_device_sum_ms":755.319250049,"child_observer_wall_ms":0.000000000,"count_scope":"inclusive","owner_commits":1,"projection_invocations":0}
RISE_FIRE_OWNER_PROFILE_V1 {"scope":61,"parent":60,"phase":"ProjectionAdapter","stage":2,"raw_iteration":0,"iteration_kind":"picard","wall_ms":11.868958000,"device_sum_ms":8.962750202,"wall_minus_device_ms":2.906207798,"exclusive_wall_ms":11.868958000,"exclusive_device_sum_ms":8.962750202,"child_observer_wall_ms":0.000000000,"count_scope":"inclusive","owner_commits":0,"projection_invocations":1}
RISE_FIRE_OWNER_PROFILE_V1 {"scope":60,"parent":59,"phase":"Project","stage":2,"raw_iteration":0,"iteration_kind":"picard","wall_ms":12.470084000,"device_sum_ms":9.005458793,"wall_minus_device_ms":3.464625207,"exclusive_wall_ms":0.582376000,"exclusive_device_sum_ms":0.042708591,"child_observer_wall_ms":0.018750000,"count_scope":"inclusive","owner_commits":2,"projection_invocations":1}
RISE_FIRE_OWNER_PROFILE_V1 {"scope":62,"parent":59,"phase":"ReadOpenClass","stage":2,"raw_iteration":0,"iteration_kind":"picard","wall_ms":0.166917000,"device_sum_ms":0.002541579,"wall_minus_device_ms":0.164375421,"exclusive_wall_ms":0.166917000,"exclusive_device_sum_ms":0.002541579,"child_observer_wall_ms":0.000000000,"count_scope":"inclusive","owner_commits":1,"projection_invocations":0}
RISE_FIRE_OWNER_PROFILE_V1 {"scope":63,"parent":59,"phase":"ReadOpenClass","stage":2,"raw_iteration":0,"iteration_kind":"picard","wall_ms":0.149291000,"device_sum_ms":0.002416782,"wall_minus_device_ms":0.146874218,"exclusive_wall_ms":0.149291000,"exclusive_device_sum_ms":0.002416782,"child_observer_wall_ms":0.000000000,"count_scope":"inclusive","owner_commits":1,"projection_invocations":0}
PRODUCER_COMMAND_V1 stage=2 raw_iteration=0 cpu_begin=1990010142858750 cpu_end=1990010963415125 gpu_begin=1990010142858750 gpu_end=1990010963415125 device_ms=737.98450012691319 encoders=35 interval_scope=possibly_overlapping
PRODUCER_KERNEL_V1 stage=2 raw_iteration=0 ordinal=0 kernel=owner_pack_faces threads=1533387 begin_tick=1990010225298541 end_tick=1990010225358000 ms_per_tick=9.9999999999999995e-07 device_ms=0.059458999999999998
PRODUCER_KERNEL_V1 stage=2 raw_iteration=0 ordinal=1 kernel=owner_pack_faces threads=1533387 begin_tick=1990010225358000 end_tick=1990010225738916 ms_per_tick=9.9999999999999995e-07 device_ms=0.38091599999999998
PRODUCER_KERNEL_V1 stage=2 raw_iteration=0 ordinal=2 kernel=owner_pack_faces threads=1533387 begin_tick=1990010225294416 end_tick=1990010225358250 ms_per_tick=9.9999999999999995e-07 device_ms=0.063834000000000002
PRODUCER_KERNEL_V1 stage=2 raw_iteration=0 ordinal=3 kernel=fct_extract_gas_density threads=504666 begin_tick=1990010225358500 end_tick=1990010225416958 ms_per_tick=9.9999999999999995e-07 device_ms=0.058457999999999996
PRODUCER_KERNEL_V1 stage=2 raw_iteration=0 ordinal=4 kernel=owner_gas_source threads=504666 begin_tick=1990010225739291 end_tick=1990010225871291 ms_per_tick=9.9999999999999995e-07 device_ms=0.13200000000000001
PRODUCER_KERNEL_V1 stage=2 raw_iteration=0 ordinal=5 kernel=evaluate_resident_transport threads=504666 begin_tick=1990010225416958 end_tick=1990010225882125 ms_per_tick=9.9999999999999995e-07 device_ms=0.465167
PRODUCER_KERNEL_V1 stage=2 raw_iteration=0 ordinal=6 kernel=identify_resident_transport threads=1 begin_tick=1990010225882583 end_tick=1990010225885333 ms_per_tick=9.9999999999999995e-07 device_ms=0.0027499999999999998
PRODUCER_KERNEL_V1 stage=2 raw_iteration=0 ordinal=7 kernel=owner_bind_transport threads=1 begin_tick=1990010225885875 end_tick=1990010225889708 ms_per_tick=9.9999999999999995e-07 device_ms=0.003833
PRODUCER_KERNEL_V1 stage=2 raw_iteration=0 ordinal=8 kernel=identify_resident_owner_endpoint_class threads=1 begin_tick=1990010225890041 end_tick=1990010225893583 ms_per_tick=9.9999999999999995e-07 device_ms=0.003542
PRODUCER_KERNEL_V1 stage=2 raw_iteration=0 ordinal=9 kernel=evaluate_resident_physical_flux threads=1533387 begin_tick=1990010226763125 end_tick=1990010228104208 ms_per_tick=9.9999999999999995e-07 device_ms=1.341083
PRODUCER_KERNEL_V1 stage=2 raw_iteration=0 ordinal=10 kernel=evaluate_resident_advective_pair threads=13800483 begin_tick=1990010228103791 end_tick=1990010236547125 ms_per_tick=9.9999999999999995e-07 device_ms=8.4433340000000001
PRODUCER_KERNEL_V1 stage=2 raw_iteration=0 ordinal=11 kernel=finalize_resident_advective_high threads=13800483 begin_tick=1990010236547875 end_tick=1990010236970041 ms_per_tick=9.9999999999999995e-07 device_ms=0.42216599999999999
PRODUCER_KERNEL_V1 stage=2 raw_iteration=0 ordinal=12 kernel=compose_resident_flux_pair threads=13800483 begin_tick=1990010236970541 end_tick=1990010237940666 ms_per_tick=9.9999999999999995e-07 device_ms=0.9701249999999999
PRODUCER_KERNEL_V1 stage=2 raw_iteration=0 ordinal=13 kernel=validate_resident_physical_flux threads=13800483 begin_tick=1990010237941333 end_tick=1990010238824541 ms_per_tick=9.9999999999999995e-07 device_ms=0.88320799999999999
PRODUCER_KERNEL_V1 stage=2 raw_iteration=0 ordinal=14 kernel=identify_resident_physical_flux threads=32 begin_tick=1990010238825083 end_tick=1990010238828583 ms_per_tick=9.9999999999999995e-07 device_ms=0.0034999999999999996
PRODUCER_KERNEL_V1 stage=2 raw_iteration=0 ordinal=15 kernel=owner_bind_candidate threads=1 begin_tick=1990010238829083 end_tick=1990010238832875 ms_per_tick=9.9999999999999995e-07 device_ms=0.0037919999999999998
PRODUCER_KERNEL_V1 stage=2 raw_iteration=0 ordinal=16 kernel=finalize_resident_eos_candidate threads=1 begin_tick=1990010238833291 end_tick=1990010238835458 ms_per_tick=9.9999999999999995e-07 device_ms=0.0021670000000000001
PRODUCER_KERNEL_V1 stage=2 raw_iteration=0 ordinal=17 kernel=evaluate_resident_eos_candidate threads=504666 begin_tick=1990010238836041 end_tick=1990010838433416 ms_per_tick=9.9999999999999995e-07 device_ms=599.59737499999994
PRODUCER_KERNEL_V1 stage=2 raw_iteration=0 ordinal=18 kernel=finalize_resident_eos_candidate threads=1 begin_tick=1990010838448916 end_tick=1990010838451541 ms_per_tick=9.9999999999999995e-07 device_ms=0.0026249999999999997
PRODUCER_KERNEL_V1 stage=2 raw_iteration=0 ordinal=19 kernel=identify_resident_eos threads=1 begin_tick=1990010838451958 end_tick=1990010838454750 ms_per_tick=9.9999999999999995e-07 device_ms=0.0027919999999999998
PRODUCER_KERNEL_V1 stage=2 raw_iteration=0 ordinal=20 kernel=produce_resident_frozen_source threads=504666 begin_tick=1990010838455041 end_tick=1990010838486375 ms_per_tick=9.9999999999999995e-07 device_ms=0.031334000000000001
PRODUCER_KERNEL_V1 stage=2 raw_iteration=0 ordinal=21 kernel=identify_resident_frozen_source threads=1 begin_tick=1990010838487041 end_tick=1990010838489875 ms_per_tick=9.9999999999999995e-07 device_ms=0.0028339999999999997
PRODUCER_KERNEL_V1 stage=2 raw_iteration=0 ordinal=22 kernel=evaluate_resident_target_terms threads=504666 begin_tick=1990010838490291 end_tick=1990010962548083 ms_per_tick=9.9999999999999995e-07 device_ms=124.05779199999999
PRODUCER_KERNEL_V1 stage=2 raw_iteration=0 ordinal=23 kernel=finalize_resident_target threads=1 begin_tick=1990010962564291 end_tick=1990010962567666 ms_per_tick=9.9999999999999995e-07 device_ms=0.003375
PRODUCER_KERNEL_V1 stage=2 raw_iteration=0 ordinal=24 kernel=identify_resident_target threads=1 begin_tick=1990010962567958 end_tick=1990010962571125 ms_per_tick=9.9999999999999995e-07 device_ms=0.0031669999999999997
PRODUCER_KERNEL_V1 stage=2 raw_iteration=0 ordinal=25 kernel=issue_resident_projection_consumer threads=1 begin_tick=1990010962571708 end_tick=1990010962575583 ms_per_tick=9.9999999999999995e-07 device_ms=0.003875
PRODUCER_KERNEL_V1 stage=2 raw_iteration=0 ordinal=26 kernel=consume_resident_target threads=1 begin_tick=1990010962576791 end_tick=1990010962580958 ms_per_tick=9.9999999999999995e-07 device_ms=0.0041669999999999997
PRODUCER_KERNEL_V1 stage=2 raw_iteration=0 ordinal=27 kernel=owner_compose_target threads=504666 begin_tick=1990010962581500 end_tick=1990010962613375 ms_per_tick=9.9999999999999995e-07 device_ms=0.031875000000000001
PRODUCER_KERNEL_V1 stage=2 raw_iteration=0 ordinal=28 kernel=finalize_resident_target threads=1 begin_tick=1990010962613750 end_tick=1990010962616083 ms_per_tick=9.9999999999999995e-07 device_ms=0.002333
PRODUCER_KERNEL_V1 stage=2 raw_iteration=0 ordinal=29 kernel=owner_identify_target threads=1 begin_tick=1990010962616625 end_tick=1990010962620083 ms_per_tick=9.9999999999999995e-07 device_ms=0.0034579999999999997
PRODUCER_KERNEL_V1 stage=2 raw_iteration=0 ordinal=30 kernel=issue_resident_projection_consumer threads=1 begin_tick=1990010962620500 end_tick=1990010962623166 ms_per_tick=9.9999999999999995e-07 device_ms=0.002666
PRODUCER_KERNEL_V1 stage=2 raw_iteration=0 ordinal=31 kernel=consume_resident_target threads=1 begin_tick=1990010962623708 end_tick=1990010962627125 ms_per_tick=9.9999999999999995e-07 device_ms=0.0034169999999999999
PRODUCER_KERNEL_V1 stage=2 raw_iteration=0 ordinal=32 kernel=owner_issue_stage_seal threads=1 begin_tick=1990010962627541 end_tick=1990010962630333 ms_per_tick=9.9999999999999995e-07 device_ms=0.0027919999999999998
PRODUCER_KERNEL_V1 stage=2 raw_iteration=0 ordinal=33 kernel=fct_compatible_stage_rate threads=1533387 begin_tick=1990010962630708 end_tick=1990010963179541 ms_per_tick=9.9999999999999995e-07 device_ms=0.54883300000000002
PRODUCER_KERNEL_V1 stage=2 raw_iteration=0 ordinal=34 kernel=owner_heun_momentum threads=1533387 begin_tick=1990010963179916 end_tick=1990010963273500 ms_per_tick=9.9999999999999995e-07 device_ms=0.093584000000000001
RISE_FIRE_OWNER_PROFILE_V1 {"scope":64,"parent":59,"phase":"BuildStageProducerGroup","stage":2,"raw_iteration":0,"iteration_kind":"picard","wall_ms":820.713166000,"device_sum_ms":737.984500127,"wall_minus_device_ms":82.728665873,"exclusive_wall_ms":820.713166000,"exclusive_device_sum_ms":737.984500127,"child_observer_wall_ms":0.000000000,"count_scope":"inclusive","owner_commits":1,"projection_invocations":0}
RISE_FIRE_OWNER_PROFILE_V1 {"scope":65,"parent":59,"phase":"Residual","stage":2,"raw_iteration":0,"iteration_kind":"picard","wall_ms":0.233417000,"device_sum_ms":0.021583401,"wall_minus_device_ms":0.211833599,"exclusive_wall_ms":0.233417000,"exclusive_device_sum_ms":0.021583401,"child_observer_wall_ms":0.000000000,"count_scope":"inclusive","owner_commits":1,"projection_invocations":0}
RISE_FIRE_OWNER_PROFILE_V1 {"scope":59,"parent":55,"phase":"PicardIteration","stage":2,"raw_iteration":0,"iteration_kind":"picard","wall_ms":834.859916000,"device_sum_ms":747.016500682,"wall_minus_device_ms":87.843415318,"exclusive_wall_ms":1.088541000,"exclusive_device_sum_ms":0.000000000,"child_observer_wall_ms":0.038500000,"count_scope":"inclusive","owner_commits":6,"projection_invocations":1}
RISE_FIRE_OWNER_PROFILE_V1 {"scope":68,"parent":67,"phase":"ProjectionAdapter","stage":2,"raw_iteration":1,"iteration_kind":"picard","wall_ms":11.745792000,"device_sum_ms":8.855791762,"wall_minus_device_ms":2.890000238,"exclusive_wall_ms":11.745792000,"exclusive_device_sum_ms":8.855791762,"child_observer_wall_ms":0.000000000,"count_scope":"inclusive","owner_commits":0,"projection_invocations":1}
RISE_FIRE_OWNER_PROFILE_V1 {"scope":67,"parent":66,"phase":"Project","stage":2,"raw_iteration":1,"iteration_kind":"picard","wall_ms":13.326500000,"device_sum_ms":9.325541789,"wall_minus_device_ms":4.000958211,"exclusive_wall_ms":1.568083000,"exclusive_device_sum_ms":0.469750026,"child_observer_wall_ms":0.012625000,"count_scope":"inclusive","owner_commits":2,"projection_invocations":1}
RISE_FIRE_OWNER_PROFILE_V1 {"scope":69,"parent":66,"phase":"ReadOpenClass","stage":2,"raw_iteration":1,"iteration_kind":"picard","wall_ms":0.144000000,"device_sum_ms":0.002291752,"wall_minus_device_ms":0.141708248,"exclusive_wall_ms":0.144000000,"exclusive_device_sum_ms":0.002291752,"child_observer_wall_ms":0.000000000,"count_scope":"inclusive","owner_commits":1,"projection_invocations":0}
RISE_FIRE_OWNER_PROFILE_V1 {"scope":70,"parent":66,"phase":"ReadOpenClass","stage":2,"raw_iteration":1,"iteration_kind":"picard","wall_ms":0.132667000,"device_sum_ms":0.002374873,"wall_minus_device_ms":0.130292127,"exclusive_wall_ms":0.132667000,"exclusive_device_sum_ms":0.002374873,"child_observer_wall_ms":0.000000000,"count_scope":"inclusive","owner_commits":1,"projection_invocations":0}
PRODUCER_COMMAND_V1 stage=2 raw_iteration=1 cpu_begin=1990010978536333 cpu_end=1990011815366500 gpu_begin=1990010978536333 gpu_end=1990011815366500 device_ms=753.24600003659725 encoders=35 interval_scope=possibly_overlapping
PRODUCER_KERNEL_V1 stage=2 raw_iteration=1 ordinal=0 kernel=owner_pack_faces threads=1533387 begin_tick=1990011062000208 end_tick=1990011062058083 ms_per_tick=9.9999999999999995e-07 device_ms=0.057874999999999996
PRODUCER_KERNEL_V1 stage=2 raw_iteration=1 ordinal=1 kernel=owner_pack_faces threads=1533387 begin_tick=1990011062058083 end_tick=1990011062429208 ms_per_tick=9.9999999999999995e-07 device_ms=0.37112499999999998
PRODUCER_KERNEL_V1 stage=2 raw_iteration=1 ordinal=2 kernel=owner_pack_faces threads=1533387 begin_tick=1990011061997791 end_tick=1990011062058250 ms_per_tick=9.9999999999999995e-07 device_ms=0.060458999999999999
PRODUCER_KERNEL_V1 stage=2 raw_iteration=1 ordinal=3 kernel=fct_extract_gas_density threads=504666 begin_tick=1990011062058583 end_tick=1990011062109625 ms_per_tick=9.9999999999999995e-07 device_ms=0.051041999999999997
PRODUCER_KERNEL_V1 stage=2 raw_iteration=1 ordinal=4 kernel=owner_gas_source threads=504666 begin_tick=1990011062429625 end_tick=1990011062556583 ms_per_tick=9.9999999999999995e-07 device_ms=0.12695799999999999
PRODUCER_KERNEL_V1 stage=2 raw_iteration=1 ordinal=5 kernel=evaluate_resident_transport threads=504666 begin_tick=1990011062109625 end_tick=1990011062572041 ms_per_tick=9.9999999999999995e-07 device_ms=0.46241599999999999
PRODUCER_KERNEL_V1 stage=2 raw_iteration=1 ordinal=6 kernel=identify_resident_transport threads=1 begin_tick=1990011062572416 end_tick=1990011062575916 ms_per_tick=9.9999999999999995e-07 device_ms=0.0034999999999999996
PRODUCER_KERNEL_V1 stage=2 raw_iteration=1 ordinal=7 kernel=owner_bind_transport threads=1 begin_tick=1990011062576333 end_tick=1990011062580333 ms_per_tick=9.9999999999999995e-07 device_ms=0.0040000000000000001
PRODUCER_KERNEL_V1 stage=2 raw_iteration=1 ordinal=8 kernel=identify_resident_owner_endpoint_class threads=1 begin_tick=1990011062580708 end_tick=1990011062584250 ms_per_tick=9.9999999999999995e-07 device_ms=0.003542
PRODUCER_KERNEL_V1 stage=2 raw_iteration=1 ordinal=9 kernel=evaluate_resident_physical_flux threads=1533387 begin_tick=1990011063397791 end_tick=1990011066376541 ms_per_tick=9.9999999999999995e-07 device_ms=2.9787499999999998
PRODUCER_KERNEL_V1 stage=2 raw_iteration=1 ordinal=10 kernel=evaluate_resident_advective_pair threads=13800483 begin_tick=1990011066392458 end_tick=1990011073564666 ms_per_tick=9.9999999999999995e-07 device_ms=7.1722079999999995
PRODUCER_KERNEL_V1 stage=2 raw_iteration=1 ordinal=11 kernel=finalize_resident_advective_high threads=13800483 begin_tick=1990011073581208 end_tick=1990011074002750 ms_per_tick=9.9999999999999995e-07 device_ms=0.42154199999999997
PRODUCER_KERNEL_V1 stage=2 raw_iteration=1 ordinal=12 kernel=compose_resident_flux_pair threads=13800483 begin_tick=1990011074003125 end_tick=1990011074988375 ms_per_tick=9.9999999999999995e-07 device_ms=0.98524999999999996
PRODUCER_KERNEL_V1 stage=2 raw_iteration=1 ordinal=13 kernel=validate_resident_physical_flux threads=13800483 begin_tick=1990011074988916 end_tick=1990011075842958 ms_per_tick=9.9999999999999995e-07 device_ms=0.85404199999999997
PRODUCER_KERNEL_V1 stage=2 raw_iteration=1 ordinal=14 kernel=identify_resident_physical_flux threads=32 begin_tick=1990011075843625 end_tick=1990011075847000 ms_per_tick=9.9999999999999995e-07 device_ms=0.003375
PRODUCER_KERNEL_V1 stage=2 raw_iteration=1 ordinal=15 kernel=owner_bind_candidate threads=1 begin_tick=1990011075847500 end_tick=1990011075851125 ms_per_tick=9.9999999999999995e-07 device_ms=0.0036249999999999998
PRODUCER_KERNEL_V1 stage=2 raw_iteration=1 ordinal=16 kernel=finalize_resident_eos_candidate threads=1 begin_tick=1990011075851416 end_tick=1990011075853625 ms_per_tick=9.9999999999999995e-07 device_ms=0.002209
PRODUCER_KERNEL_V1 stage=2 raw_iteration=1 ordinal=17 kernel=evaluate_resident_eos_candidate threads=504666 begin_tick=1990011075854250 end_tick=1990011689583666 ms_per_tick=9.9999999999999995e-07 device_ms=613.72941600000001
PRODUCER_KERNEL_V1 stage=2 raw_iteration=1 ordinal=18 kernel=finalize_resident_eos_candidate threads=1 begin_tick=1990011689597875 end_tick=1990011689600625 ms_per_tick=9.9999999999999995e-07 device_ms=0.0027499999999999998
PRODUCER_KERNEL_V1 stage=2 raw_iteration=1 ordinal=19 kernel=identify_resident_eos threads=1 begin_tick=1990011689601083 end_tick=1990011689603666 ms_per_tick=9.9999999999999995e-07 device_ms=0.0025829999999999998
PRODUCER_KERNEL_V1 stage=2 raw_iteration=1 ordinal=20 kernel=produce_resident_frozen_source threads=504666 begin_tick=1990011689604000 end_tick=1990011689632625 ms_per_tick=9.9999999999999995e-07 device_ms=0.028624999999999998
PRODUCER_KERNEL_V1 stage=2 raw_iteration=1 ordinal=21 kernel=identify_resident_frozen_source threads=1 begin_tick=1990011689633291 end_tick=1990011689636000 ms_per_tick=9.9999999999999995e-07 device_ms=0.002709
PRODUCER_KERNEL_V1 stage=2 raw_iteration=1 ordinal=22 kernel=evaluate_resident_target_terms threads=504666 begin_tick=1990011689636416 end_tick=1990011814505000 ms_per_tick=9.9999999999999995e-07 device_ms=124.868584
PRODUCER_KERNEL_V1 stage=2 raw_iteration=1 ordinal=23 kernel=finalize_resident_target threads=1 begin_tick=1990011814520791 end_tick=1990011814524000 ms_per_tick=9.9999999999999995e-07 device_ms=0.003209
PRODUCER_KERNEL_V1 stage=2 raw_iteration=1 ordinal=24 kernel=identify_resident_target threads=1 begin_tick=1990011814524333 end_tick=1990011814527708 ms_per_tick=9.9999999999999995e-07 device_ms=0.003375
PRODUCER_KERNEL_V1 stage=2 raw_iteration=1 ordinal=25 kernel=issue_resident_projection_consumer threads=1 begin_tick=1990011814528166 end_tick=1990011814532791 ms_per_tick=9.9999999999999995e-07 device_ms=0.0046249999999999998
PRODUCER_KERNEL_V1 stage=2 raw_iteration=1 ordinal=26 kernel=consume_resident_target threads=1 begin_tick=1990011814533250 end_tick=1990011814537625 ms_per_tick=9.9999999999999995e-07 device_ms=0.0043749999999999995
PRODUCER_KERNEL_V1 stage=2 raw_iteration=1 ordinal=27 kernel=owner_compose_target threads=504666 begin_tick=1990011814538041 end_tick=1990011814569916 ms_per_tick=9.9999999999999995e-07 device_ms=0.031875000000000001
PRODUCER_KERNEL_V1 stage=2 raw_iteration=1 ordinal=28 kernel=finalize_resident_target threads=1 begin_tick=1990011814570333 end_tick=1990011814572666 ms_per_tick=9.9999999999999995e-07 device_ms=0.002333
PRODUCER_KERNEL_V1 stage=2 raw_iteration=1 ordinal=29 kernel=owner_identify_target threads=1 begin_tick=1990011814573250 end_tick=1990011814576458 ms_per_tick=9.9999999999999995e-07 device_ms=0.0032079999999999999
PRODUCER_KERNEL_V1 stage=2 raw_iteration=1 ordinal=30 kernel=issue_resident_projection_consumer threads=1 begin_tick=1990011814576875 end_tick=1990011814579833 ms_per_tick=9.9999999999999995e-07 device_ms=0.0029579999999999997
PRODUCER_KERNEL_V1 stage=2 raw_iteration=1 ordinal=31 kernel=consume_resident_target threads=1 begin_tick=1990011814580416 end_tick=1990011814583583 ms_per_tick=9.9999999999999995e-07 device_ms=0.0031669999999999997
PRODUCER_KERNEL_V1 stage=2 raw_iteration=1 ordinal=32 kernel=owner_issue_stage_seal threads=1 begin_tick=1990011814584000 end_tick=1990011814586958 ms_per_tick=9.9999999999999995e-07 device_ms=0.0029579999999999997
PRODUCER_KERNEL_V1 stage=2 raw_iteration=1 ordinal=33 kernel=fct_compatible_stage_rate threads=1533387 begin_tick=1990011814587458 end_tick=1990011815144833 ms_per_tick=9.9999999999999995e-07 device_ms=0.55737499999999995
PRODUCER_KERNEL_V1 stage=2 raw_iteration=1 ordinal=34 kernel=owner_heun_momentum threads=1533387 begin_tick=1990011815145375 end_tick=1990011815238041 ms_per_tick=9.9999999999999995e-07 device_ms=0.092665999999999998
RISE_FIRE_OWNER_PROFILE_V1 {"scope":71,"parent":66,"phase":"BuildStageProducerGroup","stage":2,"raw_iteration":1,"iteration_kind":"picard","wall_ms":836.975667000,"device_sum_ms":753.246000037,"wall_minus_device_ms":83.729666963,"exclusive_wall_ms":836.975667000,"exclusive_device_sum_ms":753.246000037,"child_observer_wall_ms":0.000000000,"count_scope":"inclusive","owner_commits":1,"projection_invocations":0}
RISE_FIRE_OWNER_PROFILE_V1 {"scope":72,"parent":66,"phase":"Residual","stage":2,"raw_iteration":1,"iteration_kind":"picard","wall_ms":0.316666000,"device_sum_ms":0.115916599,"wall_minus_device_ms":0.200749401,"exclusive_wall_ms":0.316666000,"exclusive_device_sum_ms":0.115916599,"child_observer_wall_ms":0.000000000,"count_scope":"inclusive","owner_commits":1,"projection_invocations":0}
RISE_FIRE_OWNER_PROFILE_V1 {"scope":75,"parent":74,"phase":"ProjectionAdapter","stage":2,"raw_iteration":2147483649,"iteration_kind":"terminal","wall_ms":13.131750000,"device_sum_ms":10.229625041,"wall_minus_device_ms":2.902124959,"exclusive_wall_ms":13.131750000,"exclusive_device_sum_ms":10.229625041,"child_observer_wall_ms":0.000000000,"count_scope":"inclusive","owner_commits":0,"projection_invocations":1}
RISE_FIRE_OWNER_PROFILE_V1 {"scope":74,"parent":73,"phase":"Project","stage":2,"raw_iteration":2147483649,"iteration_kind":"terminal","wall_ms":13.764750000,"device_sum_ms":10.271208361,"wall_minus_device_ms":3.493541639,"exclusive_wall_ms":0.595875000,"exclusive_device_sum_ms":0.041583320,"child_observer_wall_ms":0.037125000,"count_scope":"inclusive","owner_commits":2,"projection_invocations":1}
RISE_FIRE_OWNER_PROFILE_V1 {"scope":76,"parent":73,"phase":"ReadOpenClass","stage":2,"raw_iteration":2147483649,"iteration_kind":"terminal","wall_ms":0.171458000,"device_sum_ms":0.002500135,"wall_minus_device_ms":0.168957865,"exclusive_wall_ms":0.171458000,"exclusive_device_sum_ms":0.002500135,"child_observer_wall_ms":0.000000000,"count_scope":"inclusive","owner_commits":1,"projection_invocations":0}
RISE_FIRE_OWNER_PROFILE_V1 {"scope":77,"parent":73,"phase":"ReadOpenClass","stage":2,"raw_iteration":2147483649,"iteration_kind":"terminal","wall_ms":0.146625000,"device_sum_ms":0.002374873,"wall_minus_device_ms":0.144250127,"exclusive_wall_ms":0.146625000,"exclusive_device_sum_ms":0.002374873,"child_observer_wall_ms":0.000000000,"count_scope":"inclusive","owner_commits":1,"projection_invocations":0}
PRODUCER_COMMAND_V1 stage=2 raw_iteration=2147483649 cpu_begin=1990011829964458 cpu_end=1990012656769583 gpu_begin=1990011829964458 gpu_end=1990012656769583 device_ms=743.52941662073135 encoders=35 interval_scope=possibly_overlapping
PRODUCER_KERNEL_V1 stage=2 raw_iteration=2147483649 ordinal=0 kernel=owner_pack_faces threads=1533387 begin_tick=1990011913232916 end_tick=1990011913283375 ms_per_tick=9.9999999999999995e-07 device_ms=0.050458999999999997
PRODUCER_KERNEL_V1 stage=2 raw_iteration=2147483649 ordinal=1 kernel=owner_pack_faces threads=1533387 begin_tick=1990011913300416 end_tick=1990011913352041 ms_per_tick=9.9999999999999995e-07 device_ms=0.051624999999999997
PRODUCER_KERNEL_V1 stage=2 raw_iteration=2147483649 ordinal=2 kernel=owner_pack_faces threads=1533387 begin_tick=1990011913428833 end_tick=1990011913521041 ms_per_tick=9.9999999999999995e-07 device_ms=0.092207999999999998
PRODUCER_KERNEL_V1 stage=2 raw_iteration=2147483649 ordinal=3 kernel=fct_extract_gas_density threads=504666 begin_tick=1990011913451541 end_tick=1990011913500750 ms_per_tick=9.9999999999999995e-07 device_ms=0.049208999999999996
PRODUCER_KERNEL_V1 stage=2 raw_iteration=2147483649 ordinal=4 kernel=owner_gas_source threads=504666 begin_tick=1990011913500750 end_tick=1990011913549875 ms_per_tick=9.9999999999999995e-07 device_ms=0.049124999999999995
PRODUCER_KERNEL_V1 stage=2 raw_iteration=2147483649 ordinal=5 kernel=evaluate_resident_transport threads=504666 begin_tick=1990011913609541 end_tick=1990011914064500 ms_per_tick=9.9999999999999995e-07 device_ms=0.454959
PRODUCER_KERNEL_V1 stage=2 raw_iteration=2147483649 ordinal=6 kernel=identify_resident_transport threads=1 begin_tick=1990011914064833 end_tick=1990011914067541 ms_per_tick=9.9999999999999995e-07 device_ms=0.0027079999999999999
PRODUCER_KERNEL_V1 stage=2 raw_iteration=2147483649 ordinal=7 kernel=owner_bind_transport threads=1 begin_tick=1990011914068000 end_tick=1990011914071375 ms_per_tick=9.9999999999999995e-07 device_ms=0.003375
PRODUCER_KERNEL_V1 stage=2 raw_iteration=2147483649 ordinal=8 kernel=identify_resident_owner_endpoint_class threads=1 begin_tick=1990011914071666 end_tick=1990011914074958 ms_per_tick=9.9999999999999995e-07 device_ms=0.0032919999999999998
PRODUCER_KERNEL_V1 stage=2 raw_iteration=2147483649 ordinal=9 kernel=evaluate_resident_physical_flux threads=1533387 begin_tick=1990011914989083 end_tick=1990011916339208 ms_per_tick=9.9999999999999995e-07 device_ms=1.350125
PRODUCER_KERNEL_V1 stage=2 raw_iteration=2147483649 ordinal=10 kernel=evaluate_resident_advective_pair threads=13800483 begin_tick=1990011916312666 end_tick=1990011923604250 ms_per_tick=9.9999999999999995e-07 device_ms=7.2915839999999994
PRODUCER_KERNEL_V1 stage=2 raw_iteration=2147483649 ordinal=11 kernel=finalize_resident_advective_high threads=13800483 begin_tick=1990011923605041 end_tick=1990011924025000 ms_per_tick=9.9999999999999995e-07 device_ms=0.41995899999999997
PRODUCER_KERNEL_V1 stage=2 raw_iteration=2147483649 ordinal=12 kernel=compose_resident_flux_pair threads=13800483 begin_tick=1990011924025375 end_tick=1990011924896000 ms_per_tick=9.9999999999999995e-07 device_ms=0.87062499999999998
PRODUCER_KERNEL_V1 stage=2 raw_iteration=2147483649 ordinal=13 kernel=validate_resident_physical_flux threads=13800483 begin_tick=1990011924896583 end_tick=1990011925791708 ms_per_tick=9.9999999999999995e-07 device_ms=0.89512499999999995
PRODUCER_KERNEL_V1 stage=2 raw_iteration=2147483649 ordinal=14 kernel=identify_resident_physical_flux threads=32 begin_tick=1990011925792416 end_tick=1990011925795666 ms_per_tick=9.9999999999999995e-07 device_ms=0.0032499999999999999
PRODUCER_KERNEL_V1 stage=2 raw_iteration=2147483649 ordinal=15 kernel=owner_bind_candidate threads=1 begin_tick=1990011925796166 end_tick=1990011925799833 ms_per_tick=9.9999999999999995e-07 device_ms=0.0036669999999999997
PRODUCER_KERNEL_V1 stage=2 raw_iteration=2147483649 ordinal=16 kernel=finalize_resident_eos_candidate threads=1 begin_tick=1990011925800250 end_tick=1990011925802416 ms_per_tick=9.9999999999999995e-07 device_ms=0.002166
PRODUCER_KERNEL_V1 stage=2 raw_iteration=2147483649 ordinal=17 kernel=evaluate_resident_eos_candidate threads=504666 begin_tick=1990011925803125 end_tick=1990012529861916 ms_per_tick=9.9999999999999995e-07 device_ms=604.05879099999993
PRODUCER_KERNEL_V1 stage=2 raw_iteration=2147483649 ordinal=18 kernel=finalize_resident_eos_candidate threads=1 begin_tick=1990012529877833 end_tick=1990012529880416 ms_per_tick=9.9999999999999995e-07 device_ms=0.0025829999999999998
PRODUCER_KERNEL_V1 stage=2 raw_iteration=2147483649 ordinal=19 kernel=identify_resident_eos threads=1 begin_tick=1990012529880875 end_tick=1990012529883666 ms_per_tick=9.9999999999999995e-07 device_ms=0.0027910000000000001
PRODUCER_KERNEL_V1 stage=2 raw_iteration=2147483649 ordinal=20 kernel=produce_resident_frozen_source threads=504666 begin_tick=1990012529883958 end_tick=1990012529915791 ms_per_tick=9.9999999999999995e-07 device_ms=0.031833
PRODUCER_KERNEL_V1 stage=2 raw_iteration=2147483649 ordinal=21 kernel=identify_resident_frozen_source threads=1 begin_tick=1990012529916458 end_tick=1990012529919208 ms_per_tick=9.9999999999999995e-07 device_ms=0.0027499999999999998
PRODUCER_KERNEL_V1 stage=2 raw_iteration=2147483649 ordinal=22 kernel=evaluate_resident_target_terms threads=504666 begin_tick=1990012529919625 end_tick=1990012655902041 ms_per_tick=9.9999999999999995e-07 device_ms=125.982416
PRODUCER_KERNEL_V1 stage=2 raw_iteration=2147483649 ordinal=23 kernel=finalize_resident_target threads=1 begin_tick=1990012655921625 end_tick=1990012655924791 ms_per_tick=9.9999999999999995e-07 device_ms=0.003166
PRODUCER_KERNEL_V1 stage=2 raw_iteration=2147483649 ordinal=24 kernel=identify_resident_target threads=1 begin_tick=1990012655925083 end_tick=1990012655928041 ms_per_tick=9.9999999999999995e-07 device_ms=0.0029579999999999997
PRODUCER_KERNEL_V1 stage=2 raw_iteration=2147483649 ordinal=25 kernel=issue_resident_projection_consumer threads=1 begin_tick=1990012655928625 end_tick=1990012655932708 ms_per_tick=9.9999999999999995e-07 device_ms=0.0040829999999999998
PRODUCER_KERNEL_V1 stage=2 raw_iteration=2147483649 ordinal=26 kernel=consume_resident_target threads=1 begin_tick=1990012655933458 end_tick=1990012655937833 ms_per_tick=9.9999999999999995e-07 device_ms=0.0043749999999999995
PRODUCER_KERNEL_V1 stage=2 raw_iteration=2147483649 ordinal=27 kernel=owner_compose_target threads=504666 begin_tick=1990012655938416 end_tick=1990012655970500 ms_per_tick=9.9999999999999995e-07 device_ms=0.032084000000000001
PRODUCER_KERNEL_V1 stage=2 raw_iteration=2147483649 ordinal=28 kernel=finalize_resident_target threads=1 begin_tick=1990012655970875 end_tick=1990012655973083 ms_per_tick=9.9999999999999995e-07 device_ms=0.0022079999999999999
PRODUCER_KERNEL_V1 stage=2 raw_iteration=2147483649 ordinal=29 kernel=owner_identify_target threads=1 begin_tick=1990012655973625 end_tick=1990012655977000 ms_per_tick=9.9999999999999995e-07 device_ms=0.003375
PRODUCER_KERNEL_V1 stage=2 raw_iteration=2147483649 ordinal=30 kernel=issue_resident_projection_consumer threads=1 begin_tick=1990012655977416 end_tick=1990012655980208 ms_per_tick=9.9999999999999995e-07 device_ms=0.0027919999999999998
PRODUCER_KERNEL_V1 stage=2 raw_iteration=2147483649 ordinal=31 kernel=consume_resident_target threads=1 begin_tick=1990012655980750 end_tick=1990012655984083 ms_per_tick=9.9999999999999995e-07 device_ms=0.003333
PRODUCER_KERNEL_V1 stage=2 raw_iteration=2147483649 ordinal=32 kernel=owner_issue_stage_seal threads=1 begin_tick=1990012655984500 end_tick=1990012655987250 ms_per_tick=9.9999999999999995e-07 device_ms=0.0027499999999999998
PRODUCER_KERNEL_V1 stage=2 raw_iteration=2147483649 ordinal=33 kernel=fct_compatible_stage_rate threads=1533387 begin_tick=1990012655987750 end_tick=1990012656539958 ms_per_tick=9.9999999999999995e-07 device_ms=0.55220799999999992
PRODUCER_KERNEL_V1 stage=2 raw_iteration=2147483649 ordinal=34 kernel=owner_heun_momentum threads=1533387 begin_tick=1990012656540458 end_tick=1990012656633875 ms_per_tick=9.9999999999999995e-07 device_ms=0.093417
RISE_FIRE_OWNER_PROFILE_V1 {"scope":78,"parent":73,"phase":"BuildStageProducerGroup","stage":2,"raw_iteration":2147483649,"iteration_kind":"terminal","wall_ms":826.973875000,"device_sum_ms":743.529416621,"wall_minus_device_ms":83.444458379,"exclusive_wall_ms":826.973875000,"exclusive_device_sum_ms":743.529416621,"child_observer_wall_ms":0.000000000,"count_scope":"inclusive","owner_commits":1,"projection_invocations":0}
RISE_FIRE_OWNER_PROFILE_V1 {"scope":79,"parent":73,"phase":"Residual","stage":2,"raw_iteration":2147483649,"iteration_kind":"terminal","wall_ms":0.330250000,"device_sum_ms":0.118791591,"wall_minus_device_ms":0.211458409,"exclusive_wall_ms":0.330250000,"exclusive_device_sum_ms":0.118791591,"child_observer_wall_ms":0.000000000,"count_scope":"inclusive","owner_commits":1,"projection_invocations":0}
RISE_FIRE_OWNER_PROFILE_V1 {"scope":73,"parent":66,"phase":"TerminalVerification","stage":2,"raw_iteration":2147483649,"iteration_kind":"terminal","wall_ms":841.430333000,"device_sum_ms":753.924291581,"wall_minus_device_ms":87.506041419,"exclusive_wall_ms":0.004291000,"exclusive_device_sum_ms":0.000000000,"child_observer_wall_ms":0.039084000,"count_scope":"inclusive","owner_commits":6,"projection_invocations":1}
RISE_FIRE_OWNER_PROFILE_V1 {"scope":66,"parent":55,"phase":"PicardIteration","stage":2,"raw_iteration":1,"iteration_kind":"picard","wall_ms":1693.162167000,"device_sum_ms":1516.616416629,"wall_minus_device_ms":176.545750371,"exclusive_wall_ms":0.796417000,"exclusive_device_sum_ms":0.000000000,"child_observer_wall_ms":0.039917000,"count_scope":"inclusive","owner_commits":12,"projection_invocations":2}
RISE_FIRE_OWNER_PROFILE_V1 {"scope":55,"parent":1,"phase":"SolveStage","stage":2,"raw_iteration":4294967295,"iteration_kind":"bootstrap","wall_ms":3379.374125000,"device_sum_ms":3027.872292092,"wall_minus_device_ms":351.501832908,"exclusive_wall_ms":2.396125000,"exclusive_device_sum_ms":0.000000000,"child_observer_wall_ms":0.040667000,"count_scope":"inclusive","owner_commits":21,"projection_invocations":4}
RISE_FIRE_OWNER_PROFILE_V1 {"scope":80,"parent":1,"phase":"TerminalPublication","stage":4294967295,"raw_iteration":4294967295,"iteration_kind":"owner","wall_ms":14.426125000,"device_sum_ms":6.139916601,"wall_minus_device_ms":8.286208399,"exclusive_wall_ms":14.426125000,"exclusive_device_sum_ms":6.139916601,"child_observer_wall_ms":0.000000000,"count_scope":"inclusive","owner_commits":1,"projection_invocations":0}
RISE_FIRE_OWNER_PROFILE_V1 {"scope":1,"parent":0,"phase":"OwnerRun","stage":4294967295,"raw_iteration":4294967295,"iteration_kind":"owner","wall_ms":10329.014875000,"device_sum_ms":9145.948333666,"wall_minus_device_ms":1183.066541334,"exclusive_wall_ms":6.335458000,"exclusive_device_sum_ms":0.019625062,"child_observer_wall_ms":0.087792000,"count_scope":"inclusive","owner_commits":68,"projection_invocations":12}
capstone accepted step=1 time=0.00164626597 dt=0.00164626597 Tmax=302.592941 qmax=0 eos_max=1.45011372e-05 approach_eos_max=1.45011372e-05 limiter_class=continuous limiter_discrepancy=0 active_set_class=continuous active_set_discrepancy=0 active_set_cycle=0 active_set_faces=0
capstone step-start=1 speed=0.129151717 gprime=0.0884640856 nu=8.61405907e-05 selected=0.00181089257 previous=0.00164626597
capstone event-step=0.00164626597 pilot_ceiling=0.0115509308 ramp_end=0.209320803
RISE_FIRE_OWNER_PROFILE_V1 {"scope":2,"parent":1,"phase":"Prepare","stage":4294967295,"raw_iteration":4294967295,"iteration_kind":"owner","wall_ms":97.033125000,"device_sum_ms":5.160374800,"wall_minus_device_ms":91.872750200,"exclusive_wall_ms":97.033125000,"exclusive_device_sum_ms":5.160374800,"child_observer_wall_ms":0.000000000,"count_scope":"inclusive","owner_commits":1,"projection_invocations":0}
RISE_FIRE_OWNER_PROFILE_V1 {"scope":5,"parent":4,"phase":"ProjectionAdapter","stage":0,"raw_iteration":4294967295,"iteration_kind":"bootstrap","wall_ms":20.876916000,"device_sum_ms":16.994791804,"wall_minus_device_ms":3.882124196,"exclusive_wall_ms":20.876916000,"exclusive_device_sum_ms":16.994791804,"child_observer_wall_ms":0.000000000,"count_scope":"inclusive","owner_commits":0,"projection_invocations":1}
RISE_FIRE_OWNER_PROFILE_V1 {"scope":4,"parent":3,"phase":"Project","stage":0,"raw_iteration":4294967295,"iteration_kind":"bootstrap","wall_ms":22.984792000,"device_sum_ms":17.161791679,"wall_minus_device_ms":5.823000321,"exclusive_wall_ms":2.086042000,"exclusive_device_sum_ms":0.166999875,"child_observer_wall_ms":0.021834000,"count_scope":"inclusive","owner_commits":2,"projection_invocations":1}
PRODUCER_COMMAND_V1 stage=0 raw_iteration=4294967295 cpu_begin=1990013925316666 cpu_end=1990014770087041 gpu_begin=1990013925316666 gpu_end=1990014770087041 device_ms=760.9457082580775 encoders=38 interval_scope=possibly_overlapping
PRODUCER_KERNEL_V1 stage=0 raw_iteration=4294967295 ordinal=0 kernel=owner_pack_faces threads=1533387 begin_tick=1990014008970083 end_tick=1990014009025500 ms_per_tick=9.9999999999999995e-07 device_ms=0.055416999999999994
PRODUCER_KERNEL_V1 stage=0 raw_iteration=4294967295 ordinal=1 kernel=owner_pack_faces threads=1533387 begin_tick=1990014009025166 end_tick=1990014009335375 ms_per_tick=9.9999999999999995e-07 device_ms=0.31020900000000001
PRODUCER_KERNEL_V1 stage=0 raw_iteration=4294967295 ordinal=2 kernel=owner_pack_faces threads=1533387 begin_tick=1990014008967958 end_tick=1990014009025166 ms_per_tick=9.9999999999999995e-07 device_ms=0.057207999999999995
PRODUCER_KERNEL_V1 stage=0 raw_iteration=4294967295 ordinal=3 kernel=fct_extract_gas_density threads=504666 begin_tick=1990014009025958 end_tick=1990014009070791 ms_per_tick=9.9999999999999995e-07 device_ms=0.044832999999999998
PRODUCER_KERNEL_V1 stage=0 raw_iteration=4294967295 ordinal=4 kernel=owner_gas_source threads=504666 begin_tick=1990014009335750 end_tick=1990014009534875 ms_per_tick=9.9999999999999995e-07 device_ms=0.199125
PRODUCER_KERNEL_V1 stage=0 raw_iteration=4294967295 ordinal=5 kernel=evaluate_resident_transport threads=504666 begin_tick=1990014009070791 end_tick=1990014009549750 ms_per_tick=9.9999999999999995e-07 device_ms=0.47895899999999997
PRODUCER_KERNEL_V1 stage=0 raw_iteration=4294967295 ordinal=6 kernel=identify_resident_transport threads=1 begin_tick=1990014009550125 end_tick=1990014009553125 ms_per_tick=9.9999999999999995e-07 device_ms=0.0030000000000000001
PRODUCER_KERNEL_V1 stage=0 raw_iteration=4294967295 ordinal=7 kernel=owner_bind_transport threads=1 begin_tick=1990014009553791 end_tick=1990014009557291 ms_per_tick=9.9999999999999995e-07 device_ms=0.0034999999999999996
PRODUCER_KERNEL_V1 stage=0 raw_iteration=4294967295 ordinal=8 kernel=identify_resident_owner_endpoint_class threads=1 begin_tick=1990014009557666 end_tick=1990014009561208 ms_per_tick=9.9999999999999995e-07 device_ms=0.003542
PRODUCER_KERNEL_V1 stage=0 raw_iteration=4294967295 ordinal=9 kernel=evaluate_resident_physical_flux threads=1533387 begin_tick=1990014010454375 end_tick=1990014011649500 ms_per_tick=9.9999999999999995e-07 device_ms=1.195125
PRODUCER_KERNEL_V1 stage=0 raw_iteration=4294967295 ordinal=10 kernel=evaluate_resident_advective_pair threads=13800483 begin_tick=1990014011794708 end_tick=1990014020794375 ms_per_tick=9.9999999999999995e-07 device_ms=8.9996669999999988
PRODUCER_KERNEL_V1 stage=0 raw_iteration=4294967295 ordinal=11 kernel=finalize_resident_advective_high threads=13800483 begin_tick=1990014020815625 end_tick=1990014021413083 ms_per_tick=9.9999999999999995e-07 device_ms=0.59745799999999993
PRODUCER_KERNEL_V1 stage=0 raw_iteration=4294967295 ordinal=12 kernel=compose_resident_flux_pair threads=13800483 begin_tick=1990014021413458 end_tick=1990014022304166 ms_per_tick=9.9999999999999995e-07 device_ms=0.89070799999999994
PRODUCER_KERNEL_V1 stage=0 raw_iteration=4294967295 ordinal=13 kernel=validate_resident_physical_flux threads=13800483 begin_tick=1990014022304791 end_tick=1990014023133416 ms_per_tick=9.9999999999999995e-07 device_ms=0.82862499999999994
PRODUCER_KERNEL_V1 stage=0 raw_iteration=4294967295 ordinal=14 kernel=identify_resident_physical_flux threads=32 begin_tick=1990014023134000 end_tick=1990014023137333 ms_per_tick=9.9999999999999995e-07 device_ms=0.003333
PRODUCER_KERNEL_V1 stage=0 raw_iteration=4294967295 ordinal=15 kernel=fct_build_ratios threads=5551326 begin_tick=1990014023137875 end_tick=1990014026737541 ms_per_tick=9.9999999999999995e-07 device_ms=3.599666
PRODUCER_KERNEL_V1 stage=0 raw_iteration=4294967295 ordinal=16 kernel=fct_build_face_alpha threads=1533387 begin_tick=1990014026738291 end_tick=1990014027006250 ms_per_tick=9.9999999999999995e-07 device_ms=0.267959
PRODUCER_KERNEL_V1 stage=0 raw_iteration=4294967295 ordinal=17 kernel=fct_commit_scalar threads=504666 begin_tick=1990014027006833 end_tick=1990014027200125 ms_per_tick=9.9999999999999995e-07 device_ms=0.19329199999999999
PRODUCER_KERNEL_V1 stage=0 raw_iteration=4294967295 ordinal=18 kernel=owner_bind_candidate threads=1 begin_tick=1990014027200750 end_tick=1990014027204375 ms_per_tick=9.9999999999999995e-07 device_ms=0.0036249999999999998
PRODUCER_KERNEL_V1 stage=0 raw_iteration=4294967295 ordinal=19 kernel=finalize_resident_eos_candidate threads=1 begin_tick=1990014027204791 end_tick=1990014027207208 ms_per_tick=9.9999999999999995e-07 device_ms=0.0024169999999999999
PRODUCER_KERNEL_V1 stage=0 raw_iteration=4294967295 ordinal=20 kernel=evaluate_resident_eos_candidate threads=504666 begin_tick=1990014027207583 end_tick=1990014641453916 ms_per_tick=9.9999999999999995e-07 device_ms=614.24633299999994
PRODUCER_KERNEL_V1 stage=0 raw_iteration=4294967295 ordinal=21 kernel=finalize_resident_eos_candidate threads=1 begin_tick=1990014641469166 end_tick=1990014641472000 ms_per_tick=9.9999999999999995e-07 device_ms=0.0028339999999999997
PRODUCER_KERNEL_V1 stage=0 raw_iteration=4294967295 ordinal=22 kernel=identify_resident_eos threads=1 begin_tick=1990014641472333 end_tick=1990014641475041 ms_per_tick=9.9999999999999995e-07 device_ms=0.0027079999999999999
PRODUCER_KERNEL_V1 stage=0 raw_iteration=4294967295 ordinal=23 kernel=produce_resident_frozen_source threads=504666 begin_tick=1990014641475375 end_tick=1990014641505833 ms_per_tick=9.9999999999999995e-07 device_ms=0.030457999999999999
PRODUCER_KERNEL_V1 stage=0 raw_iteration=4294967295 ordinal=24 kernel=identify_resident_frozen_source threads=1 begin_tick=1990014641506208 end_tick=1990014641509041 ms_per_tick=9.9999999999999995e-07 device_ms=0.002833
PRODUCER_KERNEL_V1 stage=0 raw_iteration=4294967295 ordinal=25 kernel=evaluate_resident_target_terms threads=504666 begin_tick=1990014641509458 end_tick=1990014769257500 ms_per_tick=9.9999999999999995e-07 device_ms=127.748042
PRODUCER_KERNEL_V1 stage=0 raw_iteration=4294967295 ordinal=26 kernel=finalize_resident_target threads=1 begin_tick=1990014769272875 end_tick=1990014769276250 ms_per_tick=9.9999999999999995e-07 device_ms=0.003375
PRODUCER_KERNEL_V1 stage=0 raw_iteration=4294967295 ordinal=27 kernel=identify_resident_target threads=1 begin_tick=1990014769276666 end_tick=1990014769279541 ms_per_tick=9.9999999999999995e-07 device_ms=0.002875
PRODUCER_KERNEL_V1 stage=0 raw_iteration=4294967295 ordinal=28 kernel=issue_resident_projection_consumer threads=1 begin_tick=1990014769279958 end_tick=1990014769284291 ms_per_tick=9.9999999999999995e-07 device_ms=0.004333
PRODUCER_KERNEL_V1 stage=0 raw_iteration=4294967295 ordinal=29 kernel=consume_resident_target threads=1 begin_tick=1990014769284666 end_tick=1990014769288625 ms_per_tick=9.9999999999999995e-07 device_ms=0.0039589999999999998
PRODUCER_KERNEL_V1 stage=0 raw_iteration=4294967295 ordinal=30 kernel=owner_compose_target threads=504666 begin_tick=1990014769289041 end_tick=1990014769319666 ms_per_tick=9.9999999999999995e-07 device_ms=0.030624999999999999
PRODUCER_KERNEL_V1 stage=0 raw_iteration=4294967295 ordinal=31 kernel=finalize_resident_target threads=1 begin_tick=1990014769320083 end_tick=1990014769322500 ms_per_tick=9.9999999999999995e-07 device_ms=0.0024169999999999999
PRODUCER_KERNEL_V1 stage=0 raw_iteration=4294967295 ordinal=32 kernel=owner_identify_target threads=1 begin_tick=1990014769322916 end_tick=1990014769326000 ms_per_tick=9.9999999999999995e-07 device_ms=0.0030839999999999999
PRODUCER_KERNEL_V1 stage=0 raw_iteration=4294967295 ordinal=33 kernel=issue_resident_projection_consumer threads=1 begin_tick=1990014769326416 end_tick=1990014769329416 ms_per_tick=9.9999999999999995e-07 device_ms=0.0030000000000000001
PRODUCER_KERNEL_V1 stage=0 raw_iteration=4294967295 ordinal=34 kernel=consume_resident_target threads=1 begin_tick=1990014769329833 end_tick=1990014769333000 ms_per_tick=9.9999999999999995e-07 device_ms=0.0031669999999999997
PRODUCER_KERNEL_V1 stage=0 raw_iteration=4294967295 ordinal=35 kernel=owner_issue_stage_seal threads=1 begin_tick=1990014769333291 end_tick=1990014769336291 ms_per_tick=9.9999999999999995e-07 device_ms=0.0030000000000000001
PRODUCER_KERNEL_V1 stage=0 raw_iteration=4294967295 ordinal=36 kernel=fct_compatible_stage_rate threads=1533387 begin_tick=1990014769336916 end_tick=1990014769858166 ms_per_tick=9.9999999999999995e-07 device_ms=0.52124999999999999
PRODUCER_KERNEL_V1 stage=0 raw_iteration=4294967295 ordinal=37 kernel=owner_predict_momentum threads=1533387 begin_tick=1990014769858583 end_tick=1990014769907625 ms_per_tick=9.9999999999999995e-07 device_ms=0.049041999999999995
RISE_FIRE_OWNER_PROFILE_V1 {"scope":6,"parent":3,"phase":"BuildStageProducerGroup","stage":0,"raw_iteration":4294967295,"iteration_kind":"bootstrap","wall_ms":844.976083000,"device_sum_ms":760.945708258,"wall_minus_device_ms":84.030374742,"exclusive_wall_ms":844.976083000,"exclusive_device_sum_ms":760.945708258,"child_observer_wall_ms":0.000000000,"count_scope":"inclusive","owner_commits":1,"projection_invocations":0}
RISE_FIRE_OWNER_PROFILE_V1 {"scope":9,"parent":8,"phase":"ProjectionAdapter","stage":0,"raw_iteration":0,"iteration_kind":"picard","wall_ms":13.505042000,"device_sum_ms":10.205375031,"wall_minus_device_ms":3.299666969,"exclusive_wall_ms":13.505042000,"exclusive_device_sum_ms":10.205375031,"child_observer_wall_ms":0.000000000,"count_scope":"inclusive","owner_commits":0,"projection_invocations":1}
RISE_FIRE_OWNER_PROFILE_V1 {"scope":8,"parent":7,"phase":"Project","stage":0,"raw_iteration":0,"iteration_kind":"picard","wall_ms":14.289250000,"device_sum_ms":10.257958667,"wall_minus_device_ms":4.031291333,"exclusive_wall_ms":0.755333000,"exclusive_device_sum_ms":0.052583637,"child_observer_wall_ms":0.028875000,"count_scope":"inclusive","owner_commits":2,"projection_invocations":1}
RISE_FIRE_OWNER_PROFILE_V1 {"scope":10,"parent":7,"phase":"ReadOpenClass","stage":0,"raw_iteration":0,"iteration_kind":"picard","wall_ms":0.171041000,"device_sum_ms":0.002458226,"wall_minus_device_ms":0.168582774,"exclusive_wall_ms":0.171041000,"exclusive_device_sum_ms":0.002458226,"child_observer_wall_ms":0.000000000,"count_scope":"inclusive","owner_commits":1,"projection_invocations":0}
RISE_FIRE_OWNER_PROFILE_V1 {"scope":11,"parent":7,"phase":"ReadOpenClass","stage":0,"raw_iteration":0,"iteration_kind":"picard","wall_ms":0.169584000,"device_sum_ms":0.002375105,"wall_minus_device_ms":0.167208895,"exclusive_wall_ms":0.169584000,"exclusive_device_sum_ms":0.002375105,"child_observer_wall_ms":0.000000000,"count_scope":"inclusive","owner_commits":1,"projection_invocations":0}
PRODUCER_COMMAND_V1 stage=0 raw_iteration=0 cpu_begin=1990014784959916 cpu_end=1990015619691041 gpu_begin=1990014784959916 gpu_end=1990015619691041 device_ms=752.96208332292736 encoders=38 interval_scope=possibly_overlapping
PRODUCER_KERNEL_V1 stage=0 raw_iteration=0 ordinal=0 kernel=owner_pack_faces threads=1533387 begin_tick=1990014866776166 end_tick=1990014866827500 ms_per_tick=9.9999999999999995e-07 device_ms=0.051333999999999998
PRODUCER_KERNEL_V1 stage=0 raw_iteration=0 ordinal=1 kernel=owner_pack_faces threads=1533387 begin_tick=1990014866862041 end_tick=1990014866912916 ms_per_tick=9.9999999999999995e-07 device_ms=0.050874999999999997
PRODUCER_KERNEL_V1 stage=0 raw_iteration=0 ordinal=2 kernel=owner_pack_faces threads=1533387 begin_tick=1990014866986250 end_tick=1990014867074833 ms_per_tick=9.9999999999999995e-07 device_ms=0.088582999999999995
PRODUCER_KERNEL_V1 stage=0 raw_iteration=0 ordinal=3 kernel=fct_extract_gas_density threads=504666 begin_tick=1990014867015208 end_tick=1990014867070291 ms_per_tick=9.9999999999999995e-07 device_ms=0.055083
PRODUCER_KERNEL_V1 stage=0 raw_iteration=0 ordinal=4 kernel=owner_gas_source threads=504666 begin_tick=1990014867107208 end_tick=1990014867158583 ms_per_tick=9.9999999999999995e-07 device_ms=0.051374999999999997
PRODUCER_KERNEL_V1 stage=0 raw_iteration=0 ordinal=5 kernel=evaluate_resident_transport threads=504666 begin_tick=1990014867204625 end_tick=1990014867663958 ms_per_tick=9.9999999999999995e-07 device_ms=0.45933299999999999
PRODUCER_KERNEL_V1 stage=0 raw_iteration=0 ordinal=6 kernel=identify_resident_transport threads=1 begin_tick=1990014867664375 end_tick=1990014867667375 ms_per_tick=9.9999999999999995e-07 device_ms=0.0030000000000000001
PRODUCER_KERNEL_V1 stage=0 raw_iteration=0 ordinal=7 kernel=owner_bind_transport threads=1 begin_tick=1990014867667833 end_tick=1990014867671791 ms_per_tick=9.9999999999999995e-07 device_ms=0.0039579999999999997
PRODUCER_KERNEL_V1 stage=0 raw_iteration=0 ordinal=8 kernel=identify_resident_owner_endpoint_class threads=1 begin_tick=1990014867672083 end_tick=1990014867675750 ms_per_tick=9.9999999999999995e-07 device_ms=0.0036669999999999997
PRODUCER_KERNEL_V1 stage=0 raw_iteration=0 ordinal=9 kernel=evaluate_resident_physical_flux threads=1533387 begin_tick=1990014868900750 end_tick=1990014870013625 ms_per_tick=9.9999999999999995e-07 device_ms=1.1128750000000001
PRODUCER_KERNEL_V1 stage=0 raw_iteration=0 ordinal=10 kernel=evaluate_resident_advective_pair threads=13800483 begin_tick=1990014870475291 end_tick=1990014877545875 ms_per_tick=9.9999999999999995e-07 device_ms=7.0705839999999993
PRODUCER_KERNEL_V1 stage=0 raw_iteration=0 ordinal=11 kernel=finalize_resident_advective_high threads=13800483 begin_tick=1990014877546500 end_tick=1990014877964916 ms_per_tick=9.9999999999999995e-07 device_ms=0.41841599999999995
PRODUCER_KERNEL_V1 stage=0 raw_iteration=0 ordinal=12 kernel=compose_resident_flux_pair threads=13800483 begin_tick=1990014877965291 end_tick=1990014878862833 ms_per_tick=9.9999999999999995e-07 device_ms=0.89754199999999995
PRODUCER_KERNEL_V1 stage=0 raw_iteration=0 ordinal=13 kernel=validate_resident_physical_flux threads=13800483 begin_tick=1990014878863500 end_tick=1990014879853875 ms_per_tick=9.9999999999999995e-07 device_ms=0.99037500000000001
PRODUCER_KERNEL_V1 stage=0 raw_iteration=0 ordinal=14 kernel=identify_resident_physical_flux threads=32 begin_tick=1990014879854416 end_tick=1990014879857833 ms_per_tick=9.9999999999999995e-07 device_ms=0.0034169999999999999
PRODUCER_KERNEL_V1 stage=0 raw_iteration=0 ordinal=15 kernel=fct_build_ratios threads=5551326 begin_tick=1990014879858250 end_tick=1990014884974125 ms_per_tick=9.9999999999999995e-07 device_ms=5.115875
PRODUCER_KERNEL_V1 stage=0 raw_iteration=0 ordinal=16 kernel=fct_build_face_alpha threads=1533387 begin_tick=1990014884991583 end_tick=1990014885259083 ms_per_tick=9.9999999999999995e-07 device_ms=0.26750000000000002
PRODUCER_KERNEL_V1 stage=0 raw_iteration=0 ordinal=17 kernel=fct_commit_scalar threads=504666 begin_tick=1990014885259625 end_tick=1990014885452500 ms_per_tick=9.9999999999999995e-07 device_ms=0.19287499999999999
PRODUCER_KERNEL_V1 stage=0 raw_iteration=0 ordinal=18 kernel=owner_bind_candidate threads=1 begin_tick=1990014885452916 end_tick=1990014885456791 ms_per_tick=9.9999999999999995e-07 device_ms=0.003875
PRODUCER_KERNEL_V1 stage=0 raw_iteration=0 ordinal=19 kernel=finalize_resident_eos_candidate threads=1 begin_tick=1990014885457375 end_tick=1990014885459916 ms_per_tick=9.9999999999999995e-07 device_ms=0.0025409999999999999
PRODUCER_KERNEL_V1 stage=0 raw_iteration=0 ordinal=20 kernel=evaluate_resident_eos_candidate threads=504666 begin_tick=1990014885460375 end_tick=1990015492147166 ms_per_tick=9.9999999999999995e-07 device_ms=606.68679099999997
PRODUCER_KERNEL_V1 stage=0 raw_iteration=0 ordinal=21 kernel=finalize_resident_eos_candidate threads=1 begin_tick=1990015492162500 end_tick=1990015492165041 ms_per_tick=9.9999999999999995e-07 device_ms=0.0025409999999999999
PRODUCER_KERNEL_V1 stage=0 raw_iteration=0 ordinal=22 kernel=identify_resident_eos threads=1 begin_tick=1990015492165458 end_tick=1990015492168125 ms_per_tick=9.9999999999999995e-07 device_ms=0.0026669999999999997
PRODUCER_KERNEL_V1 stage=0 raw_iteration=0 ordinal=23 kernel=produce_resident_frozen_source threads=504666 begin_tick=1990015492168458 end_tick=1990015492197791 ms_per_tick=9.9999999999999995e-07 device_ms=0.029332999999999998
PRODUCER_KERNEL_V1 stage=0 raw_iteration=0 ordinal=24 kernel=identify_resident_frozen_source threads=1 begin_tick=1990015492198208 end_tick=1990015492200875 ms_per_tick=9.9999999999999995e-07 device_ms=0.0026669999999999997
PRODUCER_KERNEL_V1 stage=0 raw_iteration=0 ordinal=25 kernel=evaluate_resident_target_terms threads=504666 begin_tick=1990015492201291 end_tick=1990015618901916 ms_per_tick=9.9999999999999995e-07 device_ms=126.70062499999999
PRODUCER_KERNEL_V1 stage=0 raw_iteration=0 ordinal=26 kernel=finalize_resident_target threads=1 begin_tick=1990015618917791 end_tick=1990015618921208 ms_per_tick=9.9999999999999995e-07 device_ms=0.0034169999999999999
PRODUCER_KERNEL_V1 stage=0 raw_iteration=0 ordinal=27 kernel=identify_resident_target threads=1 begin_tick=1990015618921500 end_tick=1990015618924416 ms_per_tick=9.9999999999999995e-07 device_ms=0.0029159999999999998
PRODUCER_KERNEL_V1 stage=0 raw_iteration=0 ordinal=28 kernel=issue_resident_projection_consumer threads=1 begin_tick=1990015618924833 end_tick=1990015618928875 ms_per_tick=9.9999999999999995e-07 device_ms=0.0040419999999999996
PRODUCER_KERNEL_V1 stage=0 raw_iteration=0 ordinal=29 kernel=consume_resident_target threads=1 begin_tick=1990015618929375 end_tick=1990015618933541 ms_per_tick=9.9999999999999995e-07 device_ms=0.0041659999999999996
PRODUCER_KERNEL_V1 stage=0 raw_iteration=0 ordinal=30 kernel=owner_compose_target threads=504666 begin_tick=1990015618933958 end_tick=1990015619013250 ms_per_tick=9.9999999999999995e-07 device_ms=0.079292000000000001
PRODUCER_KERNEL_V1 stage=0 raw_iteration=0 ordinal=31 kernel=finalize_resident_target threads=1 begin_tick=1990015619013583 end_tick=1990015619015916 ms_per_tick=9.9999999999999995e-07 device_ms=0.002333
PRODUCER_KERNEL_V1 stage=0 raw_iteration=0 ordinal=32 kernel=owner_identify_target threads=1 begin_tick=1990015619016250 end_tick=1990015619019625 ms_per_tick=9.9999999999999995e-07 device_ms=0.003375
PRODUCER_KERNEL_V1 stage=0 raw_iteration=0 ordinal=33 kernel=issue_resident_projection_consumer threads=1 begin_tick=1990015619019916 end_tick=1990015619022541 ms_per_tick=9.9999999999999995e-07 device_ms=0.0026249999999999997
PRODUCER_KERNEL_V1 stage=0 raw_iteration=0 ordinal=34 kernel=consume_resident_target threads=1 begin_tick=1990015619022875 end_tick=1990015619026291 ms_per_tick=9.9999999999999995e-07 device_ms=0.0034159999999999998
PRODUCER_KERNEL_V1 stage=0 raw_iteration=0 ordinal=35 kernel=owner_issue_stage_seal threads=1 begin_tick=1990015619026708 end_tick=1990015619029458 ms_per_tick=9.9999999999999995e-07 device_ms=0.0027499999999999998
PRODUCER_KERNEL_V1 stage=0 raw_iteration=0 ordinal=36 kernel=fct_compatible_stage_rate threads=1533387 begin_tick=1990015619029875 end_tick=1990015619531125 ms_per_tick=9.9999999999999995e-07 device_ms=0.50124999999999997
PRODUCER_KERNEL_V1 stage=0 raw_iteration=0 ordinal=37 kernel=owner_predict_momentum threads=1533387 begin_tick=1990015619531541 end_tick=1990015619581416 ms_per_tick=9.9999999999999995e-07 device_ms=0.049874999999999996
RISE_FIRE_OWNER_PROFILE_V1 {"scope":12,"parent":7,"phase":"BuildStageProducerGroup","stage":0,"raw_iteration":0,"iteration_kind":"picard","wall_ms":834.987542000,"device_sum_ms":752.962083323,"wall_minus_device_ms":82.025458677,"exclusive_wall_ms":834.987542000,"exclusive_device_sum_ms":752.962083323,"child_observer_wall_ms":0.000000000,"count_scope":"inclusive","owner_commits":1,"projection_invocations":0}
RISE_FIRE_OWNER_PROFILE_V1 {"scope":13,"parent":7,"phase":"Residual","stage":0,"raw_iteration":0,"iteration_kind":"picard","wall_ms":0.307250000,"device_sum_ms":0.022249995,"wall_minus_device_ms":0.285000005,"exclusive_wall_ms":0.307250000,"exclusive_device_sum_ms":0.022249995,"child_observer_wall_ms":0.000000000,"count_scope":"inclusive","owner_commits":1,"projection_invocations":0}
RISE_FIRE_OWNER_PROFILE_V1 {"scope":7,"parent":3,"phase":"PicardIteration","stage":0,"raw_iteration":0,"iteration_kind":"picard","wall_ms":851.027958000,"device_sum_ms":763.247125316,"wall_minus_device_ms":87.780832684,"exclusive_wall_ms":1.043333000,"exclusive_device_sum_ms":0.000000000,"child_observer_wall_ms":0.059958000,"count_scope":"inclusive","owner_commits":6,"projection_invocations":1}
RISE_FIRE_OWNER_PROFILE_V1 {"scope":16,"parent":15,"phase":"ProjectionAdapter","stage":0,"raw_iteration":1,"iteration_kind":"picard","wall_ms":15.425416000,"device_sum_ms":10.594416643,"wall_minus_device_ms":4.830999357,"exclusive_wall_ms":15.425416000,"exclusive_device_sum_ms":10.594416643,"child_observer_wall_ms":0.000000000,"count_scope":"inclusive","owner_commits":0,"projection_invocations":1}
RISE_FIRE_OWNER_PROFILE_V1 {"scope":15,"parent":14,"phase":"Project","stage":0,"raw_iteration":1,"iteration_kind":"picard","wall_ms":17.130750000,"device_sum_ms":10.638708249,"wall_minus_device_ms":6.492041751,"exclusive_wall_ms":1.685625000,"exclusive_device_sum_ms":0.044291606,"child_observer_wall_ms":0.019709000,"count_scope":"inclusive","owner_commits":2,"projection_invocations":1}
RISE_FIRE_OWNER_PROFILE_V1 {"scope":17,"parent":14,"phase":"ReadOpenClass","stage":0,"raw_iteration":1,"iteration_kind":"picard","wall_ms":0.175792000,"device_sum_ms":0.002375105,"wall_minus_device_ms":0.173416895,"exclusive_wall_ms":0.175792000,"exclusive_device_sum_ms":0.002375105,"child_observer_wall_ms":0.000000000,"count_scope":"inclusive","owner_commits":1,"projection_invocations":0}
RISE_FIRE_OWNER_PROFILE_V1 {"scope":18,"parent":14,"phase":"ReadOpenClass","stage":0,"raw_iteration":1,"iteration_kind":"picard","wall_ms":0.171042000,"device_sum_ms":0.002291752,"wall_minus_device_ms":0.168750248,"exclusive_wall_ms":0.171042000,"exclusive_device_sum_ms":0.002291752,"child_observer_wall_ms":0.000000000,"count_scope":"inclusive","owner_commits":1,"projection_invocations":0}
PRODUCER_COMMAND_V1 stage=0 raw_iteration=1 cpu_begin=1990015638849916 cpu_end=1990016484677750 gpu_begin=1990015638849916 gpu_end=1990016484677750 device_ms=756.82000000961125 encoders=38 interval_scope=possibly_overlapping
PRODUCER_KERNEL_V1 stage=0 raw_iteration=1 ordinal=0 kernel=owner_pack_faces threads=1533387 begin_tick=1990015727751708 end_tick=1990015727805125 ms_per_tick=9.9999999999999995e-07 device_ms=0.053416999999999999
PRODUCER_KERNEL_V1 stage=0 raw_iteration=1 ordinal=1 kernel=owner_pack_faces threads=1533387 begin_tick=1990015727804875 end_tick=1990015728239333 ms_per_tick=9.9999999999999995e-07 device_ms=0.43445799999999996
PRODUCER_KERNEL_V1 stage=0 raw_iteration=1 ordinal=2 kernel=owner_pack_faces threads=1533387 begin_tick=1990015727749208 end_tick=1990015727804875 ms_per_tick=9.9999999999999995e-07 device_ms=0.055666999999999994
PRODUCER_KERNEL_V1 stage=0 raw_iteration=1 ordinal=3 kernel=fct_extract_gas_density threads=504666 begin_tick=1990015728239333 end_tick=1990015728262375 ms_per_tick=9.9999999999999995e-07 device_ms=0.023042
PRODUCER_KERNEL_V1 stage=0 raw_iteration=1 ordinal=4 kernel=owner_gas_source threads=504666 begin_tick=1990015728262375 end_tick=1990015728303625 ms_per_tick=9.9999999999999995e-07 device_ms=0.041249999999999995
PRODUCER_KERNEL_V1 stage=0 raw_iteration=1 ordinal=5 kernel=evaluate_resident_transport threads=504666 begin_tick=1990015727805500 end_tick=1990015728269083 ms_per_tick=9.9999999999999995e-07 device_ms=0.46358299999999997
PRODUCER_KERNEL_V1 stage=0 raw_iteration=1 ordinal=6 kernel=identify_resident_transport threads=1 begin_tick=1990015728270500 end_tick=1990015728292125 ms_per_tick=9.9999999999999995e-07 device_ms=0.021624999999999998
PRODUCER_KERNEL_V1 stage=0 raw_iteration=1 ordinal=7 kernel=owner_bind_transport threads=1 begin_tick=1990015728292750 end_tick=1990015728303458 ms_per_tick=9.9999999999999995e-07 device_ms=0.010707999999999999
PRODUCER_KERNEL_V1 stage=0 raw_iteration=1 ordinal=8 kernel=identify_resident_owner_endpoint_class threads=1 begin_tick=1990015728303833 end_tick=1990015728307583 ms_per_tick=9.9999999999999995e-07 device_ms=0.0037499999999999999
PRODUCER_KERNEL_V1 stage=0 raw_iteration=1 ordinal=9 kernel=evaluate_resident_physical_flux threads=1533387 begin_tick=1990015729123416 end_tick=1990015731938416 ms_per_tick=9.9999999999999995e-07 device_ms=2.8149999999999999
PRODUCER_KERNEL_V1 stage=0 raw_iteration=1 ordinal=10 kernel=evaluate_resident_advective_pair threads=13800483 begin_tick=1990015731953708 end_tick=1990015739026916 ms_per_tick=9.9999999999999995e-07 device_ms=7.0732079999999993
PRODUCER_KERNEL_V1 stage=0 raw_iteration=1 ordinal=11 kernel=finalize_resident_advective_high threads=13800483 begin_tick=1990015739027583 end_tick=1990015739448125 ms_per_tick=9.9999999999999995e-07 device_ms=0.42054199999999997
PRODUCER_KERNEL_V1 stage=0 raw_iteration=1 ordinal=12 kernel=compose_resident_flux_pair threads=13800483 begin_tick=1990015739448500 end_tick=1990015740436625 ms_per_tick=9.9999999999999995e-07 device_ms=0.98812499999999992
PRODUCER_KERNEL_V1 stage=0 raw_iteration=1 ordinal=13 kernel=validate_resident_physical_flux threads=13800483 begin_tick=1990015740437333 end_tick=1990015741269125 ms_per_tick=9.9999999999999995e-07 device_ms=0.83179199999999998
PRODUCER_KERNEL_V1 stage=0 raw_iteration=1 ordinal=14 kernel=identify_resident_physical_flux threads=32 begin_tick=1990015741269666 end_tick=1990015741272916 ms_per_tick=9.9999999999999995e-07 device_ms=0.0032499999999999999
PRODUCER_KERNEL_V1 stage=0 raw_iteration=1 ordinal=15 kernel=fct_build_ratios threads=5551326 begin_tick=1990015741273500 end_tick=1990015744878916 ms_per_tick=9.9999999999999995e-07 device_ms=3.605416
PRODUCER_KERNEL_V1 stage=0 raw_iteration=1 ordinal=16 kernel=fct_build_face_alpha threads=1533387 begin_tick=1990015744879708 end_tick=1990015745147500 ms_per_tick=9.9999999999999995e-07 device_ms=0.26779199999999997
PRODUCER_KERNEL_V1 stage=0 raw_iteration=1 ordinal=17 kernel=fct_commit_scalar threads=504666 begin_tick=1990015745148041 end_tick=1990015745338000 ms_per_tick=9.9999999999999995e-07 device_ms=0.18995899999999999
PRODUCER_KERNEL_V1 stage=0 raw_iteration=1 ordinal=18 kernel=owner_bind_candidate threads=1 begin_tick=1990015745338375 end_tick=1990015745342250 ms_per_tick=9.9999999999999995e-07 device_ms=0.003875
PRODUCER_KERNEL_V1 stage=0 raw_iteration=1 ordinal=19 kernel=finalize_resident_eos_candidate threads=1 begin_tick=1990015745342666 end_tick=1990015745345083 ms_per_tick=9.9999999999999995e-07 device_ms=0.0024169999999999999
PRODUCER_KERNEL_V1 stage=0 raw_iteration=1 ordinal=20 kernel=evaluate_resident_eos_candidate threads=504666 begin_tick=1990015745345458 end_tick=1990016359225000 ms_per_tick=9.9999999999999995e-07 device_ms=613.87954200000001
PRODUCER_KERNEL_V1 stage=0 raw_iteration=1 ordinal=21 kernel=finalize_resident_eos_candidate threads=1 begin_tick=1990016359240541 end_tick=1990016359243208 ms_per_tick=9.9999999999999995e-07 device_ms=0.0026669999999999997
PRODUCER_KERNEL_V1 stage=0 raw_iteration=1 ordinal=22 kernel=identify_resident_eos threads=1 begin_tick=1990016359243541 end_tick=1990016359246208 ms_per_tick=9.9999999999999995e-07 device_ms=0.0026669999999999997
PRODUCER_KERNEL_V1 stage=0 raw_iteration=1 ordinal=23 kernel=produce_resident_frozen_source threads=504666 begin_tick=1990016359247291 end_tick=1990016359277541 ms_per_tick=9.9999999999999995e-07 device_ms=0.030249999999999999
PRODUCER_KERNEL_V1 stage=0 raw_iteration=1 ordinal=24 kernel=identify_resident_frozen_source threads=1 begin_tick=1990016359277916 end_tick=1990016359280791 ms_per_tick=9.9999999999999995e-07 device_ms=0.002875
PRODUCER_KERNEL_V1 stage=0 raw_iteration=1 ordinal=25 kernel=evaluate_resident_target_terms threads=504666 begin_tick=1990016359281208 end_tick=1990016483858208 ms_per_tick=9.9999999999999995e-07 device_ms=124.577
PRODUCER_KERNEL_V1 stage=0 raw_iteration=1 ordinal=26 kernel=finalize_resident_target threads=1 begin_tick=1990016483872833 end_tick=1990016483875958 ms_per_tick=9.9999999999999995e-07 device_ms=0.0031249999999999997
PRODUCER_KERNEL_V1 stage=0 raw_iteration=1 ordinal=27 kernel=identify_resident_target threads=1 begin_tick=1990016483876250 end_tick=1990016483879083 ms_per_tick=9.9999999999999995e-07 device_ms=0.002833
PRODUCER_KERNEL_V1 stage=0 raw_iteration=1 ordinal=28 kernel=issue_resident_projection_consumer threads=1 begin_tick=1990016483879375 end_tick=1990016483883291 ms_per_tick=9.9999999999999995e-07 device_ms=0.0039160000000000002
PRODUCER_KERNEL_V1 stage=0 raw_iteration=1 ordinal=29 kernel=consume_resident_target threads=1 begin_tick=1990016483883625 end_tick=1990016483887833 ms_per_tick=9.9999999999999995e-07 device_ms=0.0042079999999999999
PRODUCER_KERNEL_V1 stage=0 raw_iteration=1 ordinal=30 kernel=owner_compose_target threads=504666 begin_tick=1990016483888250 end_tick=1990016483967583 ms_per_tick=9.9999999999999995e-07 device_ms=0.079333000000000001
PRODUCER_KERNEL_V1 stage=0 raw_iteration=1 ordinal=31 kernel=finalize_resident_target threads=1 begin_tick=1990016483968000 end_tick=1990016483970458 ms_per_tick=9.9999999999999995e-07 device_ms=0.0024579999999999997
PRODUCER_KERNEL_V1 stage=0 raw_iteration=1 ordinal=32 kernel=owner_identify_target threads=1 begin_tick=1990016483970875 end_tick=1990016483973916 ms_per_tick=9.9999999999999995e-07 device_ms=0.0030409999999999999
PRODUCER_KERNEL_V1 stage=0 raw_iteration=1 ordinal=33 kernel=issue_resident_projection_consumer threads=1 begin_tick=1990016483974333 end_tick=1990016483977500 ms_per_tick=9.9999999999999995e-07 device_ms=0.0031669999999999997
PRODUCER_KERNEL_V1 stage=0 raw_iteration=1 ordinal=34 kernel=consume_resident_target threads=1 begin_tick=1990016483977916 end_tick=1990016483981000 ms_per_tick=9.9999999999999995e-07 device_ms=0.0030839999999999999
PRODUCER_KERNEL_V1 stage=0 raw_iteration=1 ordinal=35 kernel=owner_issue_stage_seal threads=1 begin_tick=1990016483981416 end_tick=1990016483984291 ms_per_tick=9.9999999999999995e-07 device_ms=0.002875
PRODUCER_KERNEL_V1 stage=0 raw_iteration=1 ordinal=36 kernel=fct_compatible_stage_rate threads=1533387 begin_tick=1990016483984958 end_tick=1990016484512750 ms_per_tick=9.9999999999999995e-07 device_ms=0.52779199999999993
PRODUCER_KERNEL_V1 stage=0 raw_iteration=1 ordinal=37 kernel=owner_predict_momentum threads=1533387 begin_tick=1990016484513166 end_tick=1990016484562958 ms_per_tick=9.9999999999999995e-07 device_ms=0.049791999999999996
RISE_FIRE_OWNER_PROFILE_V1 {"scope":19,"parent":14,"phase":"BuildStageProducerGroup","stage":0,"raw_iteration":1,"iteration_kind":"picard","wall_ms":846.028291000,"device_sum_ms":756.820000010,"wall_minus_device_ms":89.208290990,"exclusive_wall_ms":846.028291000,"exclusive_device_sum_ms":756.820000010,"child_observer_wall_ms":0.000000000,"count_scope":"inclusive","owner_commits":1,"projection_invocations":0}
RISE_FIRE_OWNER_PROFILE_V1 {"scope":20,"parent":14,"phase":"Residual","stage":0,"raw_iteration":1,"iteration_kind":"picard","wall_ms":0.334542000,"device_sum_ms":0.138000119,"wall_minus_device_ms":0.196541881,"exclusive_wall_ms":0.334542000,"exclusive_device_sum_ms":0.138000119,"child_observer_wall_ms":0.000000000,"count_scope":"inclusive","owner_commits":1,"projection_invocations":0}
RISE_FIRE_OWNER_PROFILE_V1 {"scope":14,"parent":3,"phase":"PicardIteration","stage":0,"raw_iteration":1,"iteration_kind":"picard","wall_ms":864.536792000,"device_sum_ms":767.601375235,"wall_minus_device_ms":96.935416765,"exclusive_wall_ms":0.646209000,"exclusive_device_sum_ms":0.000000000,"child_observer_wall_ms":0.050166000,"count_scope":"inclusive","owner_commits":6,"projection_invocations":1}
RISE_FIRE_OWNER_PROFILE_V1 {"scope":23,"parent":22,"phase":"ProjectionAdapter","stage":0,"raw_iteration":2,"iteration_kind":"picard","wall_ms":12.960083000,"device_sum_ms":10.097458027,"wall_minus_device_ms":2.862624973,"exclusive_wall_ms":12.960083000,"exclusive_device_sum_ms":10.097458027,"child_observer_wall_ms":0.000000000,"count_scope":"inclusive","owner_commits":0,"projection_invocations":1}
RISE_FIRE_OWNER_PROFILE_V1 {"scope":22,"parent":21,"phase":"Project","stage":0,"raw_iteration":2,"iteration_kind":"picard","wall_ms":14.151875000,"device_sum_ms":10.140832979,"wall_minus_device_ms":4.011042021,"exclusive_wall_ms":1.153584000,"exclusive_device_sum_ms":0.043374952,"child_observer_wall_ms":0.038208000,"count_scope":"inclusive","owner_commits":2,"projection_invocations":1}
RISE_FIRE_OWNER_PROFILE_V1 {"scope":24,"parent":21,"phase":"ReadOpenClass","stage":0,"raw_iteration":2,"iteration_kind":"picard","wall_ms":0.193583000,"device_sum_ms":0.002500135,"wall_minus_device_ms":0.191082865,"exclusive_wall_ms":0.193583000,"exclusive_device_sum_ms":0.002500135,"child_observer_wall_ms":0.000000000,"count_scope":"inclusive","owner_commits":1,"projection_invocations":0}
RISE_FIRE_OWNER_PROFILE_V1 {"scope":25,"parent":21,"phase":"ReadOpenClass","stage":0,"raw_iteration":2,"iteration_kind":"picard","wall_ms":0.175708000,"device_sum_ms":0.002499903,"wall_minus_device_ms":0.173208097,"exclusive_wall_ms":0.175708000,"exclusive_device_sum_ms":0.002499903,"child_observer_wall_ms":0.000000000,"count_scope":"inclusive","owner_commits":1,"projection_invocations":0}
PRODUCER_COMMAND_V1 stage=0 raw_iteration=2 cpu_begin=1990016500442083 cpu_end=1990017338375416 gpu_begin=1990016500442083 gpu_end=1990017338375416 device_ms=756.19808328337967 encoders=38 interval_scope=possibly_overlapping
PRODUCER_KERNEL_V1 stage=0 raw_iteration=2 ordinal=0 kernel=owner_pack_faces threads=1533387 begin_tick=1990016582162333 end_tick=1990016582212416 ms_per_tick=9.9999999999999995e-07 device_ms=0.050082999999999996
PRODUCER_KERNEL_V1 stage=0 raw_iteration=2 ordinal=1 kernel=owner_pack_faces threads=1533387 begin_tick=1990016582222625 end_tick=1990016582274375 ms_per_tick=9.9999999999999995e-07 device_ms=0.051749999999999997
PRODUCER_KERNEL_V1 stage=0 raw_iteration=2 ordinal=2 kernel=owner_pack_faces threads=1533387 begin_tick=1990016582355000 end_tick=1990016582459416 ms_per_tick=9.9999999999999995e-07 device_ms=0.10441599999999999
PRODUCER_KERNEL_V1 stage=0 raw_iteration=2 ordinal=3 kernel=fct_extract_gas_density threads=504666 begin_tick=1990016582366125 end_tick=1990016582416375 ms_per_tick=9.9999999999999995e-07 device_ms=0.050249999999999996
PRODUCER_KERNEL_V1 stage=0 raw_iteration=2 ordinal=4 kernel=owner_gas_source threads=504666 begin_tick=1990016582416375 end_tick=1990016582463250 ms_per_tick=9.9999999999999995e-07 device_ms=0.046875
PRODUCER_KERNEL_V1 stage=0 raw_iteration=2 ordinal=5 kernel=evaluate_resident_transport threads=504666 begin_tick=1990016582512666 end_tick=1990016582964333 ms_per_tick=9.9999999999999995e-07 device_ms=0.45166699999999999
PRODUCER_KERNEL_V1 stage=0 raw_iteration=2 ordinal=6 kernel=identify_resident_transport threads=1 begin_tick=1990016582964666 end_tick=1990016582967375 ms_per_tick=9.9999999999999995e-07 device_ms=0.002709
PRODUCER_KERNEL_V1 stage=0 raw_iteration=2 ordinal=7 kernel=owner_bind_transport threads=1 begin_tick=1990016582967958 end_tick=1990016582971583 ms_per_tick=9.9999999999999995e-07 device_ms=0.0036249999999999998
PRODUCER_KERNEL_V1 stage=0 raw_iteration=2 ordinal=8 kernel=identify_resident_owner_endpoint_class threads=1 begin_tick=1990016582971916 end_tick=1990016582975375 ms_per_tick=9.9999999999999995e-07 device_ms=0.0034589999999999998
PRODUCER_KERNEL_V1 stage=0 raw_iteration=2 ordinal=9 kernel=evaluate_resident_physical_flux threads=1533387 begin_tick=1990016583909333 end_tick=1990016585022041 ms_per_tick=9.9999999999999995e-07 device_ms=1.112708
PRODUCER_KERNEL_V1 stage=0 raw_iteration=2 ordinal=10 kernel=evaluate_resident_advective_pair threads=13800483 begin_tick=1990016585477875 end_tick=1990016592751416 ms_per_tick=9.9999999999999995e-07 device_ms=7.2735409999999998
PRODUCER_KERNEL_V1 stage=0 raw_iteration=2 ordinal=11 kernel=finalize_resident_advective_high threads=13800483 begin_tick=1990016592752291 end_tick=1990016593171250 ms_per_tick=9.9999999999999995e-07 device_ms=0.41895899999999997
PRODUCER_KERNEL_V1 stage=0 raw_iteration=2 ordinal=12 kernel=compose_resident_flux_pair threads=13800483 begin_tick=1990016593171625 end_tick=1990016594056125 ms_per_tick=9.9999999999999995e-07 device_ms=0.88449999999999995
PRODUCER_KERNEL_V1 stage=0 raw_iteration=2 ordinal=13 kernel=validate_resident_physical_flux threads=13800483 begin_tick=1990016594056791 end_tick=1990016594908500 ms_per_tick=9.9999999999999995e-07 device_ms=0.85170899999999994
PRODUCER_KERNEL_V1 stage=0 raw_iteration=2 ordinal=14 kernel=identify_resident_physical_flux threads=32 begin_tick=1990016594909125 end_tick=1990016594912458 ms_per_tick=9.9999999999999995e-07 device_ms=0.003333
PRODUCER_KERNEL_V1 stage=0 raw_iteration=2 ordinal=15 kernel=fct_build_ratios threads=5551326 begin_tick=1990016594912875 end_tick=1990016600017291 ms_per_tick=9.9999999999999995e-07 device_ms=5.1044159999999996
PRODUCER_KERNEL_V1 stage=0 raw_iteration=2 ordinal=16 kernel=fct_build_face_alpha threads=1533387 begin_tick=1990016600032583 end_tick=1990016600300625 ms_per_tick=9.9999999999999995e-07 device_ms=0.268042
PRODUCER_KERNEL_V1 stage=0 raw_iteration=2 ordinal=17 kernel=fct_commit_scalar threads=504666 begin_tick=1990016600301208 end_tick=1990016600494583 ms_per_tick=9.9999999999999995e-07 device_ms=0.19337499999999999
PRODUCER_KERNEL_V1 stage=0 raw_iteration=2 ordinal=18 kernel=owner_bind_candidate threads=1 begin_tick=1990016600495083 end_tick=1990016600499041 ms_per_tick=9.9999999999999995e-07 device_ms=0.0039579999999999997
PRODUCER_KERNEL_V1 stage=0 raw_iteration=2 ordinal=19 kernel=finalize_resident_eos_candidate threads=1 begin_tick=1990016600499625 end_tick=1990016600502291 ms_per_tick=9.9999999999999995e-07 device_ms=0.002666
PRODUCER_KERNEL_V1 stage=0 raw_iteration=2 ordinal=20 kernel=evaluate_resident_eos_candidate threads=504666 begin_tick=1990016600502916 end_tick=1990017210865333 ms_per_tick=9.9999999999999995e-07 device_ms=610.36241699999994
PRODUCER_KERNEL_V1 stage=0 raw_iteration=2 ordinal=21 kernel=finalize_resident_eos_candidate threads=1 begin_tick=1990017210881250 end_tick=1990017210910083 ms_per_tick=9.9999999999999995e-07 device_ms=0.028832999999999998
PRODUCER_KERNEL_V1 stage=0 raw_iteration=2 ordinal=22 kernel=identify_resident_eos threads=1 begin_tick=1990017210910458 end_tick=1990017210918958 ms_per_tick=9.9999999999999995e-07 device_ms=0.0084999999999999989
PRODUCER_KERNEL_V1 stage=0 raw_iteration=2 ordinal=23 kernel=produce_resident_frozen_source threads=504666 begin_tick=1990017210919291 end_tick=1990017211679541 ms_per_tick=9.9999999999999995e-07 device_ms=0.76024999999999998
PRODUCER_KERNEL_V1 stage=0 raw_iteration=2 ordinal=24 kernel=identify_resident_frozen_source threads=1 begin_tick=1990017211680666 end_tick=1990017211710166 ms_per_tick=9.9999999999999995e-07 device_ms=0.029499999999999998
PRODUCER_KERNEL_V1 stage=0 raw_iteration=2 ordinal=25 kernel=evaluate_resident_target_terms threads=504666 begin_tick=1990017211710500 end_tick=1990017337532333 ms_per_tick=9.9999999999999995e-07 device_ms=125.821833
PRODUCER_KERNEL_V1 stage=0 raw_iteration=2 ordinal=26 kernel=finalize_resident_target threads=1 begin_tick=1990017337547541 end_tick=1990017337550708 ms_per_tick=9.9999999999999995e-07 device_ms=0.0031669999999999997
PRODUCER_KERNEL_V1 stage=0 raw_iteration=2 ordinal=27 kernel=identify_resident_target threads=1 begin_tick=1990017337551000 end_tick=1990017337553875 ms_per_tick=9.9999999999999995e-07 device_ms=0.002875
PRODUCER_KERNEL_V1 stage=0 raw_iteration=2 ordinal=28 kernel=issue_resident_projection_consumer threads=1 begin_tick=1990017337554291 end_tick=1990017337558500 ms_per_tick=9.9999999999999995e-07 device_ms=0.0042090000000000001
PRODUCER_KERNEL_V1 stage=0 raw_iteration=2 ordinal=29 kernel=consume_resident_target threads=1 begin_tick=1990017337558916 end_tick=1990017337563125 ms_per_tick=9.9999999999999995e-07 device_ms=0.0042090000000000001
PRODUCER_KERNEL_V1 stage=0 raw_iteration=2 ordinal=30 kernel=owner_compose_target threads=504666 begin_tick=1990017337563541 end_tick=1990017337642791 ms_per_tick=9.9999999999999995e-07 device_ms=0.079250000000000001
PRODUCER_KERNEL_V1 stage=0 raw_iteration=2 ordinal=31 kernel=finalize_resident_target threads=1 begin_tick=1990017337643125 end_tick=1990017337645416 ms_per_tick=9.9999999999999995e-07 device_ms=0.0022910000000000001
PRODUCER_KERNEL_V1 stage=0 raw_iteration=2 ordinal=32 kernel=owner_identify_target threads=1 begin_tick=1990017337645750 end_tick=1990017337649083 ms_per_tick=9.9999999999999995e-07 device_ms=0.003333
PRODUCER_KERNEL_V1 stage=0 raw_iteration=2 ordinal=33 kernel=issue_resident_projection_consumer threads=1 begin_tick=1990017337649375 end_tick=1990017337652083 ms_per_tick=9.9999999999999995e-07 device_ms=0.0027079999999999999
PRODUCER_KERNEL_V1 stage=0 raw_iteration=2 ordinal=34 kernel=consume_resident_target threads=1 begin_tick=1990017337652416 end_tick=1990017337655833 ms_per_tick=9.9999999999999995e-07 device_ms=0.0034169999999999999
PRODUCER_KERNEL_V1 stage=0 raw_iteration=2 ordinal=35 kernel=owner_issue_stage_seal threads=1 begin_tick=1990017337656250 end_tick=1990017337659041 ms_per_tick=9.9999999999999995e-07 device_ms=0.0027910000000000001
PRODUCER_KERNEL_V1 stage=0 raw_iteration=2 ordinal=36 kernel=fct_compatible_stage_rate threads=1533387 begin_tick=1990017337659708 end_tick=1990017338188458 ms_per_tick=9.9999999999999995e-07 device_ms=0.52874999999999994
PRODUCER_KERNEL_V1 stage=0 raw_iteration=2 ordinal=37 kernel=owner_predict_momentum threads=1533387 begin_tick=1990017338188958 end_tick=1990017338238250 ms_per_tick=9.9999999999999995e-07 device_ms=0.049291999999999996
RISE_FIRE_OWNER_PROFILE_V1 {"scope":26,"parent":21,"phase":"BuildStageProducerGroup","stage":0,"raw_iteration":2,"iteration_kind":"picard","wall_ms":838.120417000,"device_sum_ms":756.198083283,"wall_minus_device_ms":81.922333717,"exclusive_wall_ms":838.120417000,"exclusive_device_sum_ms":756.198083283,"child_observer_wall_ms":0.000000000,"count_scope":"inclusive","owner_commits":1,"projection_invocations":0}
RISE_FIRE_OWNER_PROFILE_V1 {"scope":27,"parent":21,"phase":"Residual","stage":0,"raw_iteration":2,"iteration_kind":"picard","wall_ms":0.321042000,"device_sum_ms":0.116625102,"wall_minus_device_ms":0.204416898,"exclusive_wall_ms":0.321042000,"exclusive_device_sum_ms":0.116625102,"child_observer_wall_ms":0.000000000,"count_scope":"inclusive","owner_commits":1,"projection_invocations":0}
RISE_FIRE_OWNER_PROFILE_V1 {"scope":30,"parent":29,"phase":"ProjectionAdapter","stage":0,"raw_iteration":2147483650,"iteration_kind":"terminal","wall_ms":12.964750000,"device_sum_ms":10.225749807,"wall_minus_device_ms":2.739000193,"exclusive_wall_ms":12.964750000,"exclusive_device_sum_ms":10.225749807,"child_observer_wall_ms":0.000000000,"count_scope":"inclusive","owner_commits":0,"projection_invocations":1}
RISE_FIRE_OWNER_PROFILE_V1 {"scope":29,"parent":28,"phase":"Project","stage":0,"raw_iteration":2147483650,"iteration_kind":"terminal","wall_ms":13.592417000,"device_sum_ms":10.266707977,"wall_minus_device_ms":3.325709023,"exclusive_wall_ms":0.604292000,"exclusive_device_sum_ms":0.040958170,"child_observer_wall_ms":0.023375000,"count_scope":"inclusive","owner_commits":2,"projection_invocations":1}
RISE_FIRE_OWNER_PROFILE_V1 {"scope":31,"parent":28,"phase":"ReadOpenClass","stage":0,"raw_iteration":2147483650,"iteration_kind":"terminal","wall_ms":0.164375000,"device_sum_ms":0.002416549,"wall_minus_device_ms":0.161958451,"exclusive_wall_ms":0.164375000,"exclusive_device_sum_ms":0.002416549,"child_observer_wall_ms":0.000000000,"count_scope":"inclusive","owner_commits":1,"projection_invocations":0}
RISE_FIRE_OWNER_PROFILE_V1 {"scope":32,"parent":28,"phase":"ReadOpenClass","stage":0,"raw_iteration":2147483650,"iteration_kind":"terminal","wall_ms":0.145292000,"device_sum_ms":0.002416782,"wall_minus_device_ms":0.142875218,"exclusive_wall_ms":0.145292000,"exclusive_device_sum_ms":0.002416782,"child_observer_wall_ms":0.000000000,"count_scope":"inclusive","owner_commits":1,"projection_invocations":0}
PRODUCER_COMMAND_V1 stage=0 raw_iteration=2147483650 cpu_begin=1990017352827958 cpu_end=1990018192810583 gpu_begin=1990017352827958 gpu_end=1990018192810583 device_ms=758.27045831829309 encoders=38 interval_scope=possibly_overlapping
PRODUCER_KERNEL_V1 stage=0 raw_iteration=2147483650 ordinal=0 kernel=owner_pack_faces threads=1533387 begin_tick=1990017434563375 end_tick=1990017434613625 ms_per_tick=9.9999999999999995e-07 device_ms=0.050249999999999996
PRODUCER_KERNEL_V1 stage=0 raw_iteration=2147483650 ordinal=1 kernel=owner_pack_faces threads=1533387 begin_tick=1990017434621125 end_tick=1990017434671333 ms_per_tick=9.9999999999999995e-07 device_ms=0.050207999999999996
PRODUCER_KERNEL_V1 stage=0 raw_iteration=2147483650 ordinal=2 kernel=owner_pack_faces threads=1533387 begin_tick=1990017434745958 end_tick=1990017434838333 ms_per_tick=9.9999999999999995e-07 device_ms=0.092374999999999999
PRODUCER_KERNEL_V1 stage=0 raw_iteration=2147483650 ordinal=3 kernel=fct_extract_gas_density threads=504666 begin_tick=1990017434766000 end_tick=1990017434814500 ms_per_tick=9.9999999999999995e-07 device_ms=0.048499999999999995
PRODUCER_KERNEL_V1 stage=0 raw_iteration=2147483650 ordinal=4 kernel=owner_gas_source threads=504666 begin_tick=1990017434817625 end_tick=1990017434867208 ms_per_tick=9.9999999999999995e-07 device_ms=0.049582999999999995
PRODUCER_KERNEL_V1 stage=0 raw_iteration=2147483650 ordinal=5 kernel=evaluate_resident_transport threads=504666 begin_tick=1990017434950625 end_tick=1990017435409541 ms_per_tick=9.9999999999999995e-07 device_ms=0.45891599999999999
PRODUCER_KERNEL_V1 stage=0 raw_iteration=2147483650 ordinal=6 kernel=identify_resident_transport threads=1 begin_tick=1990017435410041 end_tick=1990017435412791 ms_per_tick=9.9999999999999995e-07 device_ms=0.0027499999999999998
PRODUCER_KERNEL_V1 stage=0 raw_iteration=2147483650 ordinal=7 kernel=owner_bind_transport threads=1 begin_tick=1990017435413208 end_tick=1990017435417166 ms_per_tick=9.9999999999999995e-07 device_ms=0.0039579999999999997
PRODUCER_KERNEL_V1 stage=0 raw_iteration=2147483650 ordinal=8 kernel=identify_resident_owner_endpoint_class threads=1 begin_tick=1990017435417500 end_tick=1990017435420833 ms_per_tick=9.9999999999999995e-07 device_ms=0.003333
PRODUCER_KERNEL_V1 stage=0 raw_iteration=2147483650 ordinal=9 kernel=evaluate_resident_physical_flux threads=1533387 begin_tick=1990017436481833 end_tick=1990017437639666 ms_per_tick=9.9999999999999995e-07 device_ms=1.1578329999999999
PRODUCER_KERNEL_V1 stage=0 raw_iteration=2147483650 ordinal=10 kernel=evaluate_resident_advective_pair threads=13800483 begin_tick=1990017437974166 end_tick=1990017445249750 ms_per_tick=9.9999999999999995e-07 device_ms=7.2755839999999994
PRODUCER_KERNEL_V1 stage=0 raw_iteration=2147483650 ordinal=11 kernel=finalize_resident_advective_high threads=13800483 begin_tick=1990017445250500 end_tick=1990017445671500 ms_per_tick=9.9999999999999995e-07 device_ms=0.42099999999999999
PRODUCER_KERNEL_V1 stage=0 raw_iteration=2147483650 ordinal=12 kernel=compose_resident_flux_pair threads=13800483 begin_tick=1990017445671916 end_tick=1990017446552791 ms_per_tick=9.9999999999999995e-07 device_ms=0.88087499999999996
PRODUCER_KERNEL_V1 stage=0 raw_iteration=2147483650 ordinal=13 kernel=validate_resident_physical_flux threads=13800483 begin_tick=1990017446553500 end_tick=1990017448719833 ms_per_tick=9.9999999999999995e-07 device_ms=2.1663329999999998
PRODUCER_KERNEL_V1 stage=0 raw_iteration=2147483650 ordinal=14 kernel=identify_resident_physical_flux threads=32 begin_tick=1990017448749208 end_tick=1990017448885458 ms_per_tick=9.9999999999999995e-07 device_ms=0.13624999999999998
PRODUCER_KERNEL_V1 stage=0 raw_iteration=2147483650 ordinal=15 kernel=fct_build_ratios threads=5551326 begin_tick=1990017448886125 end_tick=1990017452638000 ms_per_tick=9.9999999999999995e-07 device_ms=3.7518749999999996
PRODUCER_KERNEL_V1 stage=0 raw_iteration=2147483650 ordinal=16 kernel=fct_build_face_alpha threads=1533387 begin_tick=1990017452653750 end_tick=1990017452921458 ms_per_tick=9.9999999999999995e-07 device_ms=0.267708
PRODUCER_KERNEL_V1 stage=0 raw_iteration=2147483650 ordinal=17 kernel=fct_commit_scalar threads=504666 begin_tick=1990017452922000 end_tick=1990017453109875 ms_per_tick=9.9999999999999995e-07 device_ms=0.18787499999999999
PRODUCER_KERNEL_V1 stage=0 raw_iteration=2147483650 ordinal=18 kernel=owner_bind_candidate threads=1 begin_tick=1990017453110458 end_tick=1990017453114208 ms_per_tick=9.9999999999999995e-07 device_ms=0.0037499999999999999
PRODUCER_KERNEL_V1 stage=0 raw_iteration=2147483650 ordinal=19 kernel=finalize_resident_eos_candidate threads=1 begin_tick=1990017453114666 end_tick=1990017453117166 ms_per_tick=9.9999999999999995e-07 device_ms=0.0025000000000000001
PRODUCER_KERNEL_V1 stage=0 raw_iteration=2147483650 ordinal=20 kernel=evaluate_resident_eos_candidate threads=504666 begin_tick=1990017453117541 end_tick=1990018067232583 ms_per_tick=9.9999999999999995e-07 device_ms=614.11504200000002
PRODUCER_KERNEL_V1 stage=0 raw_iteration=2147483650 ordinal=21 kernel=finalize_resident_eos_candidate threads=1 begin_tick=1990018067248791 end_tick=1990018067251458 ms_per_tick=9.9999999999999995e-07 device_ms=0.0026669999999999997
PRODUCER_KERNEL_V1 stage=0 raw_iteration=2147483650 ordinal=22 kernel=identify_resident_eos threads=1 begin_tick=1990018067251875 end_tick=1990018067254458 ms_per_tick=9.9999999999999995e-07 device_ms=0.0025829999999999998
PRODUCER_KERNEL_V1 stage=0 raw_iteration=2147483650 ordinal=23 kernel=produce_resident_frozen_source threads=504666 begin_tick=1990018067254791 end_tick=1990018067285708 ms_per_tick=9.9999999999999995e-07 device_ms=0.030917
PRODUCER_KERNEL_V1 stage=0 raw_iteration=2147483650 ordinal=24 kernel=identify_resident_frozen_source threads=1 begin_tick=1990018067286125 end_tick=1990018067288875 ms_per_tick=9.9999999999999995e-07 device_ms=0.0027499999999999998
PRODUCER_KERNEL_V1 stage=0 raw_iteration=2147483650 ordinal=25 kernel=evaluate_resident_target_terms threads=504666 begin_tick=1990018067289291 end_tick=1990018191999625 ms_per_tick=9.9999999999999995e-07 device_ms=124.71033399999999
PRODUCER_KERNEL_V1 stage=0 raw_iteration=2147483650 ordinal=26 kernel=finalize_resident_target threads=1 begin_tick=1990018192015625 end_tick=1990018192018958 ms_per_tick=9.9999999999999995e-07 device_ms=0.003333
PRODUCER_KERNEL_V1 stage=0 raw_iteration=2147483650 ordinal=27 kernel=identify_resident_target threads=1 begin_tick=1990018192019250 end_tick=1990018192022333 ms_per_tick=9.9999999999999995e-07 device_ms=0.0030829999999999998
PRODUCER_KERNEL_V1 stage=0 raw_iteration=2147483650 ordinal=28 kernel=issue_resident_projection_consumer threads=1 begin_tick=1990018192022750 end_tick=1990018192026791 ms_per_tick=9.9999999999999995e-07 device_ms=0.0040409999999999995
PRODUCER_KERNEL_V1 stage=0 raw_iteration=2147483650 ordinal=29 kernel=consume_resident_target threads=1 begin_tick=1990018192028000 end_tick=1990018192032083 ms_per_tick=9.9999999999999995e-07 device_ms=0.0040829999999999998
PRODUCER_KERNEL_V1 stage=0 raw_iteration=2147483650 ordinal=30 kernel=owner_compose_target threads=504666 begin_tick=1990018192032500 end_tick=1990018192112333 ms_per_tick=9.9999999999999995e-07 device_ms=0.079833000000000001
PRODUCER_KERNEL_V1 stage=0 raw_iteration=2147483650 ordinal=31 kernel=finalize_resident_target threads=1 begin_tick=1990018192112750 end_tick=1990018192115333 ms_per_tick=9.9999999999999995e-07 device_ms=0.0025829999999999998
PRODUCER_KERNEL_V1 stage=0 raw_iteration=2147483650 ordinal=32 kernel=owner_identify_target threads=1 begin_tick=1990018192115750 end_tick=1990018192118708 ms_per_tick=9.9999999999999995e-07 device_ms=0.0029579999999999997
PRODUCER_KERNEL_V1 stage=0 raw_iteration=2147483650 ordinal=33 kernel=issue_resident_projection_consumer threads=1 begin_tick=1990018192119166 end_tick=1990018192122000 ms_per_tick=9.9999999999999995e-07 device_ms=0.0028339999999999997
PRODUCER_KERNEL_V1 stage=0 raw_iteration=2147483650 ordinal=34 kernel=consume_resident_target threads=1 begin_tick=1990018192122416 end_tick=1990018192125541 ms_per_tick=9.9999999999999995e-07 device_ms=0.0031249999999999997
PRODUCER_KERNEL_V1 stage=0 raw_iteration=2147483650 ordinal=35 kernel=owner_issue_stage_seal threads=1 begin_tick=1990018192125916 end_tick=1990018192129083 ms_per_tick=9.9999999999999995e-07 device_ms=0.0031669999999999997
PRODUCER_KERNEL_V1 stage=0 raw_iteration=2147483650 ordinal=36 kernel=fct_compatible_stage_rate threads=1533387 begin_tick=1990018192129708 end_tick=1990018192655750 ms_per_tick=9.9999999999999995e-07 device_ms=0.52604200000000001
PRODUCER_KERNEL_V1 stage=0 raw_iteration=2147483650 ordinal=37 kernel=owner_predict_momentum threads=1533387 begin_tick=1990018192656250 end_tick=1990018192705750 ms_per_tick=9.9999999999999995e-07 device_ms=0.049499999999999995
RISE_FIRE_OWNER_PROFILE_V1 {"scope":33,"parent":28,"phase":"BuildStageProducerGroup","stage":0,"raw_iteration":2147483650,"iteration_kind":"terminal","wall_ms":840.160333000,"device_sum_ms":758.270458318,"wall_minus_device_ms":81.889874682,"exclusive_wall_ms":840.160333000,"exclusive_device_sum_ms":758.270458318,"child_observer_wall_ms":0.000000000,"count_scope":"inclusive","owner_commits":1,"projection_invocations":0}
RISE_FIRE_OWNER_PROFILE_V1 {"scope":34,"parent":28,"phase":"AlphaResidual","stage":0,"raw_iteration":2147483650,"iteration_kind":"terminal","wall_ms":0.227666000,"device_sum_ms":0.050666742,"wall_minus_device_ms":0.176999258,"exclusive_wall_ms":0.227666000,"exclusive_device_sum_ms":0.050666742,"child_observer_wall_ms":0.000000000,"count_scope":"inclusive","owner_commits":1,"projection_invocations":0}
RISE_FIRE_OWNER_PROFILE_V1 {"scope":35,"parent":28,"phase":"Residual","stage":0,"raw_iteration":2147483650,"iteration_kind":"terminal","wall_ms":0.264292000,"device_sum_ms":0.107916538,"wall_minus_device_ms":0.156375462,"exclusive_wall_ms":0.264292000,"exclusive_device_sum_ms":0.107916538,"child_observer_wall_ms":0.000000000,"count_scope":"inclusive","owner_commits":1,"projection_invocations":0}
RISE_FIRE_OWNER_PROFILE_V1 {"scope":28,"parent":21,"phase":"TerminalVerification","stage":0,"raw_iteration":2147483650,"iteration_kind":"terminal","wall_ms":854.618958000,"device_sum_ms":768.700582907,"wall_minus_device_ms":85.918375093,"exclusive_wall_ms":0.004791000,"exclusive_device_sum_ms":0.000000000,"child_observer_wall_ms":0.059792000,"count_scope":"inclusive","owner_commits":7,"projection_invocations":1}
RISE_FIRE_OWNER_PROFILE_V1 {"scope":21,"parent":3,"phase":"PicardIteration","stage":0,"raw_iteration":2,"iteration_kind":"picard","wall_ms":1708.582584000,"device_sum_ms":1535.161124310,"wall_minus_device_ms":173.421459690,"exclusive_wall_ms":0.941958000,"exclusive_device_sum_ms":0.000000000,"child_observer_wall_ms":0.059043000,"count_scope":"inclusive","owner_commits":13,"projection_invocations":2}
RISE_FIRE_OWNER_PROFILE_V1 {"scope":3,"parent":1,"phase":"SolveStage","stage":0,"raw_iteration":4294967295,"iteration_kind":"bootstrap","wall_ms":4293.878166000,"device_sum_ms":3844.117124798,"wall_minus_device_ms":449.761041202,"exclusive_wall_ms":1.718833000,"exclusive_device_sum_ms":0.000000000,"child_observer_wall_ms":0.051124000,"count_scope":"inclusive","owner_commits":28,"projection_invocations":5}
RISE_FIRE_OWNER_PROFILE_V1 {"scope":38,"parent":37,"phase":"ProjectionAdapter","stage":1,"raw_iteration":4294967295,"iteration_kind":"bootstrap","wall_ms":11.930000000,"device_sum_ms":9.136208566,"wall_minus_device_ms":2.793791434,"exclusive_wall_ms":11.930000000,"exclusive_device_sum_ms":9.136208566,"child_observer_wall_ms":0.000000000,"count_scope":"inclusive","owner_commits":0,"projection_invocations":1}
RISE_FIRE_OWNER_PROFILE_V1 {"scope":37,"parent":36,"phase":"Project","stage":1,"raw_iteration":4294967295,"iteration_kind":"bootstrap","wall_ms":13.503125000,"device_sum_ms":9.544958593,"wall_minus_device_ms":3.958166407,"exclusive_wall_ms":1.563250000,"exclusive_device_sum_ms":0.408750027,"child_observer_wall_ms":0.009875000,"count_scope":"inclusive","owner_commits":2,"projection_invocations":1}
PRODUCER_COMMAND_V1 stage=1 raw_iteration=4294967295 cpu_begin=1990018209697666 cpu_end=1990019043803083 gpu_begin=1990018209697666 gpu_end=1990019043803083 device_ms=752.1315417252481 encoders=41 interval_scope=possibly_overlapping
PRODUCER_KERNEL_V1 stage=1 raw_iteration=4294967295 ordinal=0 kernel=owner_pack_faces threads=1533387 begin_tick=1990018291562166 end_tick=1990018291618916 ms_per_tick=9.9999999999999995e-07 device_ms=0.056749999999999995
PRODUCER_KERNEL_V1 stage=1 raw_iteration=4294967295 ordinal=1 kernel=owner_pack_faces threads=1533387 begin_tick=1990018291618916 end_tick=1990018291989541 ms_per_tick=9.9999999999999995e-07 device_ms=0.37062499999999998
PRODUCER_KERNEL_V1 stage=1 raw_iteration=4294967295 ordinal=2 kernel=owner_pack_faces threads=1533387 begin_tick=1990018291559833 end_tick=1990018291619125 ms_per_tick=9.9999999999999995e-07 device_ms=0.059291999999999997
PRODUCER_KERNEL_V1 stage=1 raw_iteration=4294967295 ordinal=3 kernel=fct_extract_gas_density threads=504666 begin_tick=1990018291619416 end_tick=1990018291673000 ms_per_tick=9.9999999999999995e-07 device_ms=0.053584
PRODUCER_KERNEL_V1 stage=1 raw_iteration=4294967295 ordinal=4 kernel=owner_gas_source threads=504666 begin_tick=1990018291989916 end_tick=1990018292132458 ms_per_tick=9.9999999999999995e-07 device_ms=0.142542
PRODUCER_KERNEL_V1 stage=1 raw_iteration=4294967295 ordinal=5 kernel=evaluate_resident_transport threads=504666 begin_tick=1990018291673000 end_tick=1990018292142666 ms_per_tick=9.9999999999999995e-07 device_ms=0.46966599999999997
PRODUCER_KERNEL_V1 stage=1 raw_iteration=4294967295 ordinal=6 kernel=identify_resident_transport threads=1 begin_tick=1990018292143208 end_tick=1990018292146041 ms_per_tick=9.9999999999999995e-07 device_ms=0.002833
PRODUCER_KERNEL_V1 stage=1 raw_iteration=4294967295 ordinal=7 kernel=owner_bind_transport threads=1 begin_tick=1990018292146625 end_tick=1990018292150791 ms_per_tick=9.9999999999999995e-07 device_ms=0.0041659999999999996
PRODUCER_KERNEL_V1 stage=1 raw_iteration=4294967295 ordinal=8 kernel=identify_resident_owner_endpoint_class threads=1 begin_tick=1990018292151125 end_tick=1990018292154583 ms_per_tick=9.9999999999999995e-07 device_ms=0.0034579999999999997
PRODUCER_KERNEL_V1 stage=1 raw_iteration=4294967295 ordinal=9 kernel=evaluate_resident_physical_flux threads=1533387 begin_tick=1990018292971875 end_tick=1990018294087750 ms_per_tick=9.9999999999999995e-07 device_ms=1.115875
PRODUCER_KERNEL_V1 stage=1 raw_iteration=4294967295 ordinal=10 kernel=evaluate_resident_advective_pair threads=13800483 begin_tick=1990018294311041 end_tick=1990018302889666 ms_per_tick=9.9999999999999995e-07 device_ms=8.5786249999999988
PRODUCER_KERNEL_V1 stage=1 raw_iteration=4294967295 ordinal=11 kernel=finalize_resident_advective_high threads=13800483 begin_tick=1990018302919375 end_tick=1990018303505666 ms_per_tick=9.9999999999999995e-07 device_ms=0.58629100000000001
PRODUCER_KERNEL_V1 stage=1 raw_iteration=4294967295 ordinal=12 kernel=compose_resident_flux_pair threads=13800483 begin_tick=1990018303506208 end_tick=1990018304383375 ms_per_tick=9.9999999999999995e-07 device_ms=0.87716699999999992
PRODUCER_KERNEL_V1 stage=1 raw_iteration=4294967295 ordinal=13 kernel=validate_resident_physical_flux threads=13800483 begin_tick=1990018304384083 end_tick=1990018305241125 ms_per_tick=9.9999999999999995e-07 device_ms=0.85704199999999997
PRODUCER_KERNEL_V1 stage=1 raw_iteration=4294967295 ordinal=14 kernel=identify_resident_physical_flux threads=32 begin_tick=1990018305241708 end_tick=1990018305245208 ms_per_tick=9.9999999999999995e-07 device_ms=0.0034999999999999996
PRODUCER_KERNEL_V1 stage=1 raw_iteration=4294967295 ordinal=15 kernel=owner_average_flux threads=13800483 begin_tick=1990018305245708 end_tick=1990018306043166 ms_per_tick=9.9999999999999995e-07 device_ms=0.797458
PRODUCER_KERNEL_V1 stage=1 raw_iteration=4294967295 ordinal=16 kernel=owner_bind_averaged_flux threads=1 begin_tick=1990018306043708 end_tick=1990018306047333 ms_per_tick=9.9999999999999995e-07 device_ms=0.0036249999999999998
PRODUCER_KERNEL_V1 stage=1 raw_iteration=4294967295 ordinal=17 kernel=fct_build_ratios threads=5551326 begin_tick=1990018306047666 end_tick=1990018309733791 ms_per_tick=9.9999999999999995e-07 device_ms=3.6861249999999997
PRODUCER_KERNEL_V1 stage=1 raw_iteration=4294967295 ordinal=18 kernel=fct_build_face_alpha threads=1533387 begin_tick=1990018309734375 end_tick=1990018310004875 ms_per_tick=9.9999999999999995e-07 device_ms=0.27049999999999996
PRODUCER_KERNEL_V1 stage=1 raw_iteration=4294967295 ordinal=19 kernel=fct_commit_scalar threads=504666 begin_tick=1990018310005541 end_tick=1990018310211875 ms_per_tick=9.9999999999999995e-07 device_ms=0.20633399999999999
PRODUCER_KERNEL_V1 stage=1 raw_iteration=4294967295 ordinal=20 kernel=owner_bind_candidate threads=1 begin_tick=1990018310212541 end_tick=1990018310216333 ms_per_tick=9.9999999999999995e-07 device_ms=0.0037919999999999998
PRODUCER_KERNEL_V1 stage=1 raw_iteration=4294967295 ordinal=21 kernel=finalize_resident_eos_candidate threads=1 begin_tick=1990018310216791 end_tick=1990018310219708 ms_per_tick=9.9999999999999995e-07 device_ms=0.0029169999999999999
PRODUCER_KERNEL_V1 stage=1 raw_iteration=4294967295 ordinal=22 kernel=evaluate_resident_eos_candidate threads=504666 begin_tick=1990018310220291 end_tick=1990018915434041 ms_per_tick=9.9999999999999995e-07 device_ms=605.21375
PRODUCER_KERNEL_V1 stage=1 raw_iteration=4294967295 ordinal=23 kernel=finalize_resident_eos_candidate threads=1 begin_tick=1990018915460125 end_tick=1990018915610833 ms_per_tick=9.9999999999999995e-07 device_ms=0.15070799999999998
PRODUCER_KERNEL_V1 stage=1 raw_iteration=4294967295 ordinal=24 kernel=identify_resident_eos threads=1 begin_tick=1990018915611375 end_tick=1990018915618416 ms_per_tick=9.9999999999999995e-07 device_ms=0.0070409999999999995
PRODUCER_KERNEL_V1 stage=1 raw_iteration=4294967295 ordinal=25 kernel=produce_resident_frozen_source threads=504666 begin_tick=1990018915618750 end_tick=1990018916462458 ms_per_tick=9.9999999999999995e-07 device_ms=0.84370800000000001
PRODUCER_KERNEL_V1 stage=1 raw_iteration=4294967295 ordinal=26 kernel=identify_resident_frozen_source threads=1 begin_tick=1990018916472208 end_tick=1990018916475083 ms_per_tick=9.9999999999999995e-07 device_ms=0.002875
PRODUCER_KERNEL_V1 stage=1 raw_iteration=4294967295 ordinal=27 kernel=evaluate_resident_target_terms threads=504666 begin_tick=1990018916475500 end_tick=1990019042476333 ms_per_tick=9.9999999999999995e-07 device_ms=126.000833
PRODUCER_KERNEL_V1 stage=1 raw_iteration=4294967295 ordinal=28 kernel=finalize_resident_target threads=1 begin_tick=1990019042491750 end_tick=1990019042495333 ms_per_tick=9.9999999999999995e-07 device_ms=0.0035829999999999998
PRODUCER_KERNEL_V1 stage=1 raw_iteration=4294967295 ordinal=29 kernel=identify_resident_target threads=1 begin_tick=1990019042495666 end_tick=1990019042498625 ms_per_tick=9.9999999999999995e-07 device_ms=0.0029589999999999998
PRODUCER_KERNEL_V1 stage=1 raw_iteration=4294967295 ordinal=30 kernel=issue_resident_projection_consumer threads=1 begin_tick=1990019042499041 end_tick=1990019042503375 ms_per_tick=9.9999999999999995e-07 device_ms=0.0043340000000000002
PRODUCER_KERNEL_V1 stage=1 raw_iteration=4294967295 ordinal=31 kernel=consume_resident_target threads=1 begin_tick=1990019042504458 end_tick=1990019042508666 ms_per_tick=9.9999999999999995e-07 device_ms=0.0042079999999999999
PRODUCER_KERNEL_V1 stage=1 raw_iteration=4294967295 ordinal=32 kernel=owner_compose_target threads=504666 begin_tick=1990019042509083 end_tick=1990019042541291 ms_per_tick=9.9999999999999995e-07 device_ms=0.032208000000000001
PRODUCER_KERNEL_V1 stage=1 raw_iteration=4294967295 ordinal=33 kernel=finalize_resident_target threads=1 begin_tick=1990019042541750 end_tick=1990019042543916 ms_per_tick=9.9999999999999995e-07 device_ms=0.002166
PRODUCER_KERNEL_V1 stage=1 raw_iteration=4294967295 ordinal=34 kernel=owner_identify_target threads=1 begin_tick=1990019042544333 end_tick=1990019042547708 ms_per_tick=9.9999999999999995e-07 device_ms=0.003375
PRODUCER_KERNEL_V1 stage=1 raw_iteration=4294967295 ordinal=35 kernel=issue_resident_projection_consumer threads=1 begin_tick=1990019042548166 end_tick=1990019042551000 ms_per_tick=9.9999999999999995e-07 device_ms=0.0028339999999999997
PRODUCER_KERNEL_V1 stage=1 raw_iteration=4294967295 ordinal=36 kernel=consume_resident_target threads=1 begin_tick=1990019042551375 end_tick=1990019042554708 ms_per_tick=9.9999999999999995e-07 device_ms=0.003333
PRODUCER_KERNEL_V1 stage=1 raw_iteration=4294967295 ordinal=37 kernel=owner_issue_stage_seal threads=1 begin_tick=1990019042555125 end_tick=1990019042558083 ms_per_tick=9.9999999999999995e-07 device_ms=0.0029579999999999997
PRODUCER_KERNEL_V1 stage=1 raw_iteration=4294967295 ordinal=38 kernel=fct_compatible_stage_rate threads=1533387 begin_tick=1990019042558791 end_tick=1990019043090791 ms_per_tick=9.9999999999999995e-07 device_ms=0.53200000000000003
PRODUCER_KERNEL_V1 stage=1 raw_iteration=4294967295 ordinal=39 kernel=fct_compatible_stage_rate threads=1533387 begin_tick=1990019043091125 end_tick=1990019043593208 ms_per_tick=9.9999999999999995e-07 device_ms=0.50208299999999995
PRODUCER_KERNEL_V1 stage=1 raw_iteration=4294967295 ordinal=40 kernel=owner_heun_momentum threads=1533387 begin_tick=1990019043593833 end_tick=1990019043685916 ms_per_tick=9.9999999999999995e-07 device_ms=0.092082999999999998
RISE_FIRE_OWNER_PROFILE_V1 {"scope":39,"parent":36,"phase":"BuildStageProducerGroup","stage":1,"raw_iteration":4294967295,"iteration_kind":"bootstrap","wall_ms":834.298208000,"device_sum_ms":752.131541725,"wall_minus_device_ms":82.166666275,"exclusive_wall_ms":834.298208000,"exclusive_device_sum_ms":752.131541725,"child_observer_wall_ms":0.000000000,"count_scope":"inclusive","owner_commits":1,"projection_invocations":0}
RISE_FIRE_OWNER_PROFILE_V1 {"scope":42,"parent":41,"phase":"ProjectionAdapter","stage":1,"raw_iteration":0,"iteration_kind":"picard","wall_ms":13.173791000,"device_sum_ms":10.287375189,"wall_minus_device_ms":2.886415811,"exclusive_wall_ms":13.173791000,"exclusive_device_sum_ms":10.287375189,"child_observer_wall_ms":0.000000000,"count_scope":"inclusive","owner_commits":0,"projection_invocations":1}
RISE_FIRE_OWNER_PROFILE_V1 {"scope":41,"parent":40,"phase":"Project","stage":1,"raw_iteration":0,"iteration_kind":"picard","wall_ms":13.787291000,"device_sum_ms":10.331125464,"wall_minus_device_ms":3.456165536,"exclusive_wall_ms":0.602458000,"exclusive_device_sum_ms":0.043750275,"child_observer_wall_ms":0.011042000,"count_scope":"inclusive","owner_commits":2,"projection_invocations":1}
RISE_FIRE_OWNER_PROFILE_V1 {"scope":43,"parent":40,"phase":"ReadOpenClass","stage":1,"raw_iteration":0,"iteration_kind":"picard","wall_ms":0.161584000,"device_sum_ms":0.002374873,"wall_minus_device_ms":0.159209127,"exclusive_wall_ms":0.161584000,"exclusive_device_sum_ms":0.002374873,"child_observer_wall_ms":0.000000000,"count_scope":"inclusive","owner_commits":1,"projection_invocations":0}
RISE_FIRE_OWNER_PROFILE_V1 {"scope":44,"parent":40,"phase":"ReadOpenClass","stage":1,"raw_iteration":0,"iteration_kind":"picard","wall_ms":0.180292000,"device_sum_ms":0.002374873,"wall_minus_device_ms":0.177917127,"exclusive_wall_ms":0.180292000,"exclusive_device_sum_ms":0.002374873,"child_observer_wall_ms":0.000000000,"count_scope":"inclusive","owner_commits":1,"projection_invocations":0}
PRODUCER_COMMAND_V1 stage=1 raw_iteration=0 cpu_begin=1990019058147208 cpu_end=1990019898814708 gpu_begin=1990019058147208 gpu_end=1990019898814708 device_ms=758.58837505802512 encoders=41 interval_scope=possibly_overlapping
PRODUCER_KERNEL_V1 stage=1 raw_iteration=0 ordinal=0 kernel=owner_pack_faces threads=1533387 begin_tick=1990019140241416 end_tick=1990019140290916 ms_per_tick=9.9999999999999995e-07 device_ms=0.049499999999999995
PRODUCER_KERNEL_V1 stage=1 raw_iteration=0 ordinal=1 kernel=owner_pack_faces threads=1533387 begin_tick=1990019140318166 end_tick=1990019140368875 ms_per_tick=9.9999999999999995e-07 device_ms=0.050708999999999997
PRODUCER_KERNEL_V1 stage=1 raw_iteration=0 ordinal=2 kernel=owner_pack_faces threads=1533387 begin_tick=1990019140445750 end_tick=1990019140535291 ms_per_tick=9.9999999999999995e-07 device_ms=0.089540999999999996
PRODUCER_KERNEL_V1 stage=1 raw_iteration=0 ordinal=3 kernel=fct_extract_gas_density threads=504666 begin_tick=1990019140472625 end_tick=1990019140523375 ms_per_tick=9.9999999999999995e-07 device_ms=0.050749999999999997
PRODUCER_KERNEL_V1 stage=1 raw_iteration=0 ordinal=4 kernel=owner_gas_source threads=504666 begin_tick=1990019140523375 end_tick=1990019140571041 ms_per_tick=9.9999999999999995e-07 device_ms=0.047666
PRODUCER_KERNEL_V1 stage=1 raw_iteration=0 ordinal=5 kernel=evaluate_resident_transport threads=504666 begin_tick=1990019140629541 end_tick=1990019141079708 ms_per_tick=9.9999999999999995e-07 device_ms=0.45016699999999998
PRODUCER_KERNEL_V1 stage=1 raw_iteration=0 ordinal=6 kernel=identify_resident_transport threads=1 begin_tick=1990019141080208 end_tick=1990019141083000 ms_per_tick=9.9999999999999995e-07 device_ms=0.0027919999999999998
PRODUCER_KERNEL_V1 stage=1 raw_iteration=0 ordinal=7 kernel=owner_bind_transport threads=1 begin_tick=1990019141083416 end_tick=1990019141087166 ms_per_tick=9.9999999999999995e-07 device_ms=0.0037499999999999999
PRODUCER_KERNEL_V1 stage=1 raw_iteration=0 ordinal=8 kernel=identify_resident_owner_endpoint_class threads=1 begin_tick=1990019141087541 end_tick=1990019141090916 ms_per_tick=9.9999999999999995e-07 device_ms=0.003375
PRODUCER_KERNEL_V1 stage=1 raw_iteration=0 ordinal=9 kernel=evaluate_resident_physical_flux threads=1533387 begin_tick=1990019142030375 end_tick=1990019143147000 ms_per_tick=9.9999999999999995e-07 device_ms=1.116625
PRODUCER_KERNEL_V1 stage=1 raw_iteration=0 ordinal=10 kernel=evaluate_resident_advective_pair threads=13800483 begin_tick=1990019143387875 end_tick=1990019152123583 ms_per_tick=9.9999999999999995e-07 device_ms=8.7357079999999989
PRODUCER_KERNEL_V1 stage=1 raw_iteration=0 ordinal=11 kernel=finalize_resident_advective_high threads=13800483 begin_tick=1990019152124166 end_tick=1990019152676750 ms_per_tick=9.9999999999999995e-07 device_ms=0.55258399999999996
PRODUCER_KERNEL_V1 stage=1 raw_iteration=0 ordinal=12 kernel=compose_resident_flux_pair threads=13800483 begin_tick=1990019152684000 end_tick=1990019153572541 ms_per_tick=9.9999999999999995e-07 device_ms=0.88854099999999991
PRODUCER_KERNEL_V1 stage=1 raw_iteration=0 ordinal=13 kernel=validate_resident_physical_flux threads=13800483 begin_tick=1990019153573250 end_tick=1990019154400458 ms_per_tick=9.9999999999999995e-07 device_ms=0.82720799999999994
PRODUCER_KERNEL_V1 stage=1 raw_iteration=0 ordinal=14 kernel=identify_resident_physical_flux threads=32 begin_tick=1990019154401166 end_tick=1990019154404375 ms_per_tick=9.9999999999999995e-07 device_ms=0.003209
PRODUCER_KERNEL_V1 stage=1 raw_iteration=0 ordinal=15 kernel=owner_average_flux threads=13800483 begin_tick=1990019154404958 end_tick=1990019155201625 ms_per_tick=9.9999999999999995e-07 device_ms=0.79666700000000001
PRODUCER_KERNEL_V1 stage=1 raw_iteration=0 ordinal=16 kernel=owner_bind_averaged_flux threads=1 begin_tick=1990019155202166 end_tick=1990019155205833 ms_per_tick=9.9999999999999995e-07 device_ms=0.0036669999999999997
PRODUCER_KERNEL_V1 stage=1 raw_iteration=0 ordinal=17 kernel=fct_build_ratios threads=5551326 begin_tick=1990019155206208 end_tick=1990019158809375 ms_per_tick=9.9999999999999995e-07 device_ms=3.603167
PRODUCER_KERNEL_V1 stage=1 raw_iteration=0 ordinal=18 kernel=fct_build_face_alpha threads=1533387 begin_tick=1990019158810041 end_tick=1990019159079166 ms_per_tick=9.9999999999999995e-07 device_ms=0.269125
PRODUCER_KERNEL_V1 stage=1 raw_iteration=0 ordinal=19 kernel=fct_commit_scalar threads=504666 begin_tick=1990019159079791 end_tick=1990019159270583 ms_per_tick=9.9999999999999995e-07 device_ms=0.19079199999999999
PRODUCER_KERNEL_V1 stage=1 raw_iteration=0 ordinal=20 kernel=owner_bind_candidate threads=1 begin_tick=1990019159270958 end_tick=1990019159274833 ms_per_tick=9.9999999999999995e-07 device_ms=0.003875
PRODUCER_KERNEL_V1 stage=1 raw_iteration=0 ordinal=21 kernel=finalize_resident_eos_candidate threads=1 begin_tick=1990019159275250 end_tick=1990019159277666 ms_per_tick=9.9999999999999995e-07 device_ms=0.0024159999999999997
PRODUCER_KERNEL_V1 stage=1 raw_iteration=0 ordinal=22 kernel=evaluate_resident_eos_candidate threads=504666 begin_tick=1990019159278125 end_tick=1990019772506750 ms_per_tick=9.9999999999999995e-07 device_ms=613.22862499999997
PRODUCER_KERNEL_V1 stage=1 raw_iteration=0 ordinal=23 kernel=finalize_resident_eos_candidate threads=1 begin_tick=1990019772522916 end_tick=1990019772525625 ms_per_tick=9.9999999999999995e-07 device_ms=0.002709
PRODUCER_KERNEL_V1 stage=1 raw_iteration=0 ordinal=24 kernel=identify_resident_eos threads=1 begin_tick=1990019772525958 end_tick=1990019772528500 ms_per_tick=9.9999999999999995e-07 device_ms=0.002542
PRODUCER_KERNEL_V1 stage=1 raw_iteration=0 ordinal=25 kernel=produce_resident_frozen_source threads=504666 begin_tick=1990019772529000 end_tick=1990019772558416 ms_per_tick=9.9999999999999995e-07 device_ms=0.029415999999999998
PRODUCER_KERNEL_V1 stage=1 raw_iteration=0 ordinal=26 kernel=identify_resident_frozen_source threads=1 begin_tick=1990019772558833 end_tick=1990019772561416 ms_per_tick=9.9999999999999995e-07 device_ms=0.0025829999999999998
PRODUCER_KERNEL_V1 stage=1 raw_iteration=0 ordinal=27 kernel=evaluate_resident_target_terms threads=504666 begin_tick=1990019772561833 end_tick=1990019896165916 ms_per_tick=9.9999999999999995e-07 device_ms=123.60408299999999
PRODUCER_KERNEL_V1 stage=1 raw_iteration=0 ordinal=28 kernel=finalize_resident_target threads=1 begin_tick=1990019896181458 end_tick=1990019896184875 ms_per_tick=9.9999999999999995e-07 device_ms=0.0034169999999999999
PRODUCER_KERNEL_V1 stage=1 raw_iteration=0 ordinal=29 kernel=identify_resident_target threads=1 begin_tick=1990019896185166 end_tick=1990019896188125 ms_per_tick=9.9999999999999995e-07 device_ms=0.0029589999999999998
PRODUCER_KERNEL_V1 stage=1 raw_iteration=0 ordinal=30 kernel=issue_resident_projection_consumer threads=1 begin_tick=1990019896188541 end_tick=1990019896192333 ms_per_tick=9.9999999999999995e-07 device_ms=0.0037919999999999998
PRODUCER_KERNEL_V1 stage=1 raw_iteration=0 ordinal=31 kernel=consume_resident_target threads=1 begin_tick=1990019896192750 end_tick=1990019896197291 ms_per_tick=9.9999999999999995e-07 device_ms=0.0045409999999999999
PRODUCER_KERNEL_V1 stage=1 raw_iteration=0 ordinal=32 kernel=owner_compose_target threads=504666 begin_tick=1990019896197708 end_tick=1990019896276875 ms_per_tick=9.9999999999999995e-07 device_ms=0.079167000000000001
PRODUCER_KERNEL_V1 stage=1 raw_iteration=0 ordinal=33 kernel=finalize_resident_target threads=1 begin_tick=1990019896277166 end_tick=1990019896279708 ms_per_tick=9.9999999999999995e-07 device_ms=0.002542
PRODUCER_KERNEL_V1 stage=1 raw_iteration=0 ordinal=34 kernel=owner_identify_target threads=1 begin_tick=1990019896280125 end_tick=1990019896283250 ms_per_tick=9.9999999999999995e-07 device_ms=0.0031249999999999997
PRODUCER_KERNEL_V1 stage=1 raw_iteration=0 ordinal=35 kernel=issue_resident_projection_consumer threads=1 begin_tick=1990019896283625 end_tick=1990019896286541 ms_per_tick=9.9999999999999995e-07 device_ms=0.0029159999999999998
PRODUCER_KERNEL_V1 stage=1 raw_iteration=0 ordinal=36 kernel=consume_resident_target threads=1 begin_tick=1990019896286916 end_tick=1990019896290291 ms_per_tick=9.9999999999999995e-07 device_ms=0.003375
PRODUCER_KERNEL_V1 stage=1 raw_iteration=0 ordinal=37 kernel=owner_issue_stage_seal threads=1 begin_tick=1990019896290666 end_tick=1990019896293458 ms_per_tick=9.9999999999999995e-07 device_ms=0.0027919999999999998
PRODUCER_KERNEL_V1 stage=1 raw_iteration=0 ordinal=38 kernel=fct_compatible_stage_rate threads=1533387 begin_tick=1990019896294041 end_tick=1990019896816083 ms_per_tick=9.9999999999999995e-07 device_ms=0.52204200000000001
PRODUCER_KERNEL_V1 stage=1 raw_iteration=0 ordinal=39 kernel=fct_compatible_stage_rate threads=1533387 begin_tick=1990019896816500 end_tick=1990019897402291 ms_per_tick=9.9999999999999995e-07 device_ms=0.58579099999999995
PRODUCER_KERNEL_V1 stage=1 raw_iteration=0 ordinal=40 kernel=owner_heun_momentum threads=1533387 begin_tick=1990019897402958 end_tick=1990019898701416 ms_per_tick=9.9999999999999995e-07 device_ms=1.2984579999999999
RISE_FIRE_OWNER_PROFILE_V1 {"scope":45,"parent":40,"phase":"BuildStageProducerGroup","stage":1,"raw_iteration":0,"iteration_kind":"picard","wall_ms":840.847417000,"device_sum_ms":758.588375058,"wall_minus_device_ms":82.259041942,"exclusive_wall_ms":840.847417000,"exclusive_device_sum_ms":758.588375058,"child_observer_wall_ms":0.000000000,"count_scope":"inclusive","owner_commits":1,"projection_invocations":0}
RISE_FIRE_OWNER_PROFILE_V1 {"scope":46,"parent":40,"phase":"Residual","stage":1,"raw_iteration":0,"iteration_kind":"picard","wall_ms":0.238417000,"device_sum_ms":0.021750107,"wall_minus_device_ms":0.216666893,"exclusive_wall_ms":0.238417000,"exclusive_device_sum_ms":0.021750107,"child_observer_wall_ms":0.000000000,"count_scope":"inclusive","owner_commits":1,"projection_invocations":0}
RISE_FIRE_OWNER_PROFILE_V1 {"scope":40,"parent":36,"phase":"PicardIteration","stage":1,"raw_iteration":0,"iteration_kind":"picard","wall_ms":855.946292000,"device_sum_ms":768.946000375,"wall_minus_device_ms":87.000291625,"exclusive_wall_ms":0.696792000,"exclusive_device_sum_ms":0.000000000,"child_observer_wall_ms":0.034499000,"count_scope":"inclusive","owner_commits":6,"projection_invocations":1}
RISE_FIRE_OWNER_PROFILE_V1 {"scope":49,"parent":48,"phase":"ProjectionAdapter","stage":1,"raw_iteration":1,"iteration_kind":"picard","wall_ms":11.628916000,"device_sum_ms":8.794541704,"wall_minus_device_ms":2.834374296,"exclusive_wall_ms":11.628916000,"exclusive_device_sum_ms":8.794541704,"child_observer_wall_ms":0.000000000,"count_scope":"inclusive","owner_commits":0,"projection_invocations":1}
RISE_FIRE_OWNER_PROFILE_V1 {"scope":48,"parent":47,"phase":"Project","stage":1,"raw_iteration":1,"iteration_kind":"picard","wall_ms":13.000917000,"device_sum_ms":8.843708318,"wall_minus_device_ms":4.157208682,"exclusive_wall_ms":1.355292000,"exclusive_device_sum_ms":0.049166614,"child_observer_wall_ms":0.016709000,"count_scope":"inclusive","owner_commits":2,"projection_invocations":1}
RISE_FIRE_OWNER_PROFILE_V1 {"scope":50,"parent":47,"phase":"ReadOpenClass","stage":1,"raw_iteration":1,"iteration_kind":"picard","wall_ms":0.152791000,"device_sum_ms":0.002416782,"wall_minus_device_ms":0.150374218,"exclusive_wall_ms":0.152791000,"exclusive_device_sum_ms":0.002416782,"child_observer_wall_ms":0.000000000,"count_scope":"inclusive","owner_commits":1,"projection_invocations":0}
RISE_FIRE_OWNER_PROFILE_V1 {"scope":51,"parent":47,"phase":"ReadOpenClass","stage":1,"raw_iteration":1,"iteration_kind":"picard","wall_ms":0.140500000,"device_sum_ms":0.002500135,"wall_minus_device_ms":0.137999865,"exclusive_wall_ms":0.140500000,"exclusive_device_sum_ms":0.002500135,"child_observer_wall_ms":0.000000000,"count_scope":"inclusive","owner_commits":1,"projection_invocations":0}
PRODUCER_COMMAND_V1 stage=1 raw_iteration=1 cpu_begin=1990019913261833 cpu_end=1990020755680416 gpu_begin=1990019913261833 gpu_end=1990020755680416 device_ms=760.3534166701138 encoders=41 interval_scope=possibly_overlapping
PRODUCER_KERNEL_V1 stage=1 raw_iteration=1 ordinal=0 kernel=owner_pack_faces threads=1533387 begin_tick=1990019995211125 end_tick=1990019995275541 ms_per_tick=9.9999999999999995e-07 device_ms=0.064416000000000001
PRODUCER_KERNEL_V1 stage=1 raw_iteration=1 ordinal=1 kernel=owner_pack_faces threads=1533387 begin_tick=1990019995275333 end_tick=1990019995718041 ms_per_tick=9.9999999999999995e-07 device_ms=0.44270799999999999
PRODUCER_KERNEL_V1 stage=1 raw_iteration=1 ordinal=2 kernel=owner_pack_faces threads=1533387 begin_tick=1990019995208791 end_tick=1990019995275333 ms_per_tick=9.9999999999999995e-07 device_ms=0.066542000000000004
PRODUCER_KERNEL_V1 stage=1 raw_iteration=1 ordinal=3 kernel=fct_extract_gas_density threads=504666 begin_tick=1990019995718041 end_tick=1990019995740083 ms_per_tick=9.9999999999999995e-07 device_ms=0.022041999999999999
PRODUCER_KERNEL_V1 stage=1 raw_iteration=1 ordinal=4 kernel=owner_gas_source threads=504666 begin_tick=1990019995740083 end_tick=1990019995788583 ms_per_tick=9.9999999999999995e-07 device_ms=0.048499999999999995
PRODUCER_KERNEL_V1 stage=1 raw_iteration=1 ordinal=5 kernel=evaluate_resident_transport threads=504666 begin_tick=1990019995275916 end_tick=1990019995796000 ms_per_tick=9.9999999999999995e-07 device_ms=0.52008399999999999
PRODUCER_KERNEL_V1 stage=1 raw_iteration=1 ordinal=6 kernel=identify_resident_transport threads=1 begin_tick=1990019995796583 end_tick=1990019995799583 ms_per_tick=9.9999999999999995e-07 device_ms=0.0030000000000000001
PRODUCER_KERNEL_V1 stage=1 raw_iteration=1 ordinal=7 kernel=owner_bind_transport threads=1 begin_tick=1990019995800125 end_tick=1990019995803708 ms_per_tick=9.9999999999999995e-07 device_ms=0.0035829999999999998
PRODUCER_KERNEL_V1 stage=1 raw_iteration=1 ordinal=8 kernel=identify_resident_owner_endpoint_class threads=1 begin_tick=1990019995804000 end_tick=1990019995807583 ms_per_tick=9.9999999999999995e-07 device_ms=0.0035829999999999998
PRODUCER_KERNEL_V1 stage=1 raw_iteration=1 ordinal=9 kernel=evaluate_resident_physical_flux threads=1533387 begin_tick=1990019996576666 end_tick=1990019998661333 ms_per_tick=9.9999999999999995e-07 device_ms=2.084667
PRODUCER_KERNEL_V1 stage=1 raw_iteration=1 ordinal=10 kernel=evaluate_resident_advective_pair threads=13800483 begin_tick=1990019998677541 end_tick=1990020006414041 ms_per_tick=9.9999999999999995e-07 device_ms=7.7364999999999995
PRODUCER_KERNEL_V1 stage=1 raw_iteration=1 ordinal=11 kernel=finalize_resident_advective_high threads=13800483 begin_tick=1990020006430583 end_tick=1990020006852750 ms_per_tick=9.9999999999999995e-07 device_ms=0.42216699999999996
PRODUCER_KERNEL_V1 stage=1 raw_iteration=1 ordinal=12 kernel=compose_resident_flux_pair threads=13800483 begin_tick=1990020006853125 end_tick=1990020007867916 ms_per_tick=9.9999999999999995e-07 device_ms=1.014791
PRODUCER_KERNEL_V1 stage=1 raw_iteration=1 ordinal=13 kernel=validate_resident_physical_flux threads=13800483 begin_tick=1990020007868750 end_tick=1990020008770541 ms_per_tick=9.9999999999999995e-07 device_ms=0.90179100000000001
PRODUCER_KERNEL_V1 stage=1 raw_iteration=1 ordinal=14 kernel=identify_resident_physical_flux threads=32 begin_tick=1990020008771166 end_tick=1990020008774833 ms_per_tick=9.9999999999999995e-07 device_ms=0.0036669999999999997
PRODUCER_KERNEL_V1 stage=1 raw_iteration=1 ordinal=15 kernel=owner_average_flux threads=13800483 begin_tick=1990020008775333 end_tick=1990020009625166 ms_per_tick=9.9999999999999995e-07 device_ms=0.84983299999999995
PRODUCER_KERNEL_V1 stage=1 raw_iteration=1 ordinal=16 kernel=owner_bind_averaged_flux threads=1 begin_tick=1990020009625708 end_tick=1990020009629875 ms_per_tick=9.9999999999999995e-07 device_ms=0.0041669999999999997
PRODUCER_KERNEL_V1 stage=1 raw_iteration=1 ordinal=17 kernel=fct_build_ratios threads=5551326 begin_tick=1990020009630166 end_tick=1990020013512083 ms_per_tick=9.9999999999999995e-07 device_ms=3.8819169999999996
PRODUCER_KERNEL_V1 stage=1 raw_iteration=1 ordinal=18 kernel=fct_build_face_alpha threads=1533387 begin_tick=1990020013512625 end_tick=1990020013784916 ms_per_tick=9.9999999999999995e-07 device_ms=0.27229100000000001
PRODUCER_KERNEL_V1 stage=1 raw_iteration=1 ordinal=19 kernel=fct_commit_scalar threads=504666 begin_tick=1990020013785583 end_tick=1990020013994833 ms_per_tick=9.9999999999999995e-07 device_ms=0.20924999999999999
PRODUCER_KERNEL_V1 stage=1 raw_iteration=1 ordinal=20 kernel=owner_bind_candidate threads=1 begin_tick=1990020013995375 end_tick=1990020013999375 ms_per_tick=9.9999999999999995e-07 device_ms=0.0040000000000000001
PRODUCER_KERNEL_V1 stage=1 raw_iteration=1 ordinal=21 kernel=finalize_resident_eos_candidate threads=1 begin_tick=1990020013999958 end_tick=1990020014002458 ms_per_tick=9.9999999999999995e-07 device_ms=0.0025000000000000001
PRODUCER_KERNEL_V1 stage=1 raw_iteration=1 ordinal=22 kernel=evaluate_resident_eos_candidate threads=504666 begin_tick=1990020014002875 end_tick=1990020628459625 ms_per_tick=9.9999999999999995e-07 device_ms=614.45674999999994
PRODUCER_KERNEL_V1 stage=1 raw_iteration=1 ordinal=23 kernel=finalize_resident_eos_candidate threads=1 begin_tick=1990020628475541 end_tick=1990020628478166 ms_per_tick=9.9999999999999995e-07 device_ms=0.0026249999999999997
PRODUCER_KERNEL_V1 stage=1 raw_iteration=1 ordinal=24 kernel=identify_resident_eos threads=1 begin_tick=1990020628478458 end_tick=1990020628481125 ms_per_tick=9.9999999999999995e-07 device_ms=0.0026669999999999997
PRODUCER_KERNEL_V1 stage=1 raw_iteration=1 ordinal=25 kernel=produce_resident_frozen_source threads=504666 begin_tick=1990020628481833 end_tick=1990020628512375 ms_per_tick=9.9999999999999995e-07 device_ms=0.030542
PRODUCER_KERNEL_V1 stage=1 raw_iteration=1 ordinal=26 kernel=identify_resident_frozen_source threads=1 begin_tick=1990020628512791 end_tick=1990020628515458 ms_per_tick=9.9999999999999995e-07 device_ms=0.0026669999999999997
PRODUCER_KERNEL_V1 stage=1 raw_iteration=1 ordinal=27 kernel=evaluate_resident_target_terms threads=504666 begin_tick=1990020628515875 end_tick=1990020754318875 ms_per_tick=9.9999999999999995e-07 device_ms=125.803
PRODUCER_KERNEL_V1 stage=1 raw_iteration=1 ordinal=28 kernel=finalize_resident_target threads=1 begin_tick=1990020754335208 end_tick=1990020754338666 ms_per_tick=9.9999999999999995e-07 device_ms=0.0034579999999999997
PRODUCER_KERNEL_V1 stage=1 raw_iteration=1 ordinal=29 kernel=identify_resident_target threads=1 begin_tick=1990020754339000 end_tick=1990020754341875 ms_per_tick=9.9999999999999995e-07 device_ms=0.002875
PRODUCER_KERNEL_V1 stage=1 raw_iteration=1 ordinal=30 kernel=issue_resident_projection_consumer threads=1 begin_tick=1990020754342291 end_tick=1990020754346250 ms_per_tick=9.9999999999999995e-07 device_ms=0.0039589999999999998
PRODUCER_KERNEL_V1 stage=1 raw_iteration=1 ordinal=31 kernel=consume_resident_target threads=1 begin_tick=1990020754347083 end_tick=1990020754351333 ms_per_tick=9.9999999999999995e-07 device_ms=0.0042499999999999994
PRODUCER_KERNEL_V1 stage=1 raw_iteration=1 ordinal=32 kernel=owner_compose_target threads=504666 begin_tick=1990020754351708 end_tick=1990020754430916 ms_per_tick=9.9999999999999995e-07 device_ms=0.079208000000000001
PRODUCER_KERNEL_V1 stage=1 raw_iteration=1 ordinal=33 kernel=finalize_resident_target threads=1 begin_tick=1990020754431208 end_tick=1990020754433541 ms_per_tick=9.9999999999999995e-07 device_ms=0.002333
PRODUCER_KERNEL_V1 stage=1 raw_iteration=1 ordinal=34 kernel=owner_identify_target threads=1 begin_tick=1990020754433958 end_tick=1990020754437208 ms_per_tick=9.9999999999999995e-07 device_ms=0.0032499999999999999
PRODUCER_KERNEL_V1 stage=1 raw_iteration=1 ordinal=35 kernel=issue_resident_projection_consumer threads=1 begin_tick=1990020754437666 end_tick=1990020754440541 ms_per_tick=9.9999999999999995e-07 device_ms=0.002875
PRODUCER_KERNEL_V1 stage=1 raw_iteration=1 ordinal=36 kernel=consume_resident_target threads=1 begin_tick=1990020754440958 end_tick=1990020754444166 ms_per_tick=9.9999999999999995e-07 device_ms=0.0032079999999999999
PRODUCER_KERNEL_V1 stage=1 raw_iteration=1 ordinal=37 kernel=owner_issue_stage_seal threads=1 begin_tick=1990020754444583 end_tick=1990020754447458 ms_per_tick=9.9999999999999995e-07 device_ms=0.002875
PRODUCER_KERNEL_V1 stage=1 raw_iteration=1 ordinal=38 kernel=fct_compatible_stage_rate threads=1533387 begin_tick=1990020754448041 end_tick=1990020754967375 ms_per_tick=9.9999999999999995e-07 device_ms=0.51933399999999996
PRODUCER_KERNEL_V1 stage=1 raw_iteration=1 ordinal=39 kernel=fct_compatible_stage_rate threads=1533387 begin_tick=1990020754967750 end_tick=1990020755464958 ms_per_tick=9.9999999999999995e-07 device_ms=0.49720799999999998
PRODUCER_KERNEL_V1 stage=1 raw_iteration=1 ordinal=40 kernel=owner_heun_momentum threads=1533387 begin_tick=1990020755465500 end_tick=1990020755556666 ms_per_tick=9.9999999999999995e-07 device_ms=0.091165999999999997
RISE_FIRE_OWNER_PROFILE_V1 {"scope":52,"parent":47,"phase":"BuildStageProducerGroup","stage":1,"raw_iteration":1,"iteration_kind":"picard","wall_ms":842.591708000,"device_sum_ms":760.353416670,"wall_minus_device_ms":82.238291330,"exclusive_wall_ms":842.591708000,"exclusive_device_sum_ms":760.353416670,"child_observer_wall_ms":0.000000000,"count_scope":"inclusive","owner_commits":1,"projection_invocations":0}
RISE_FIRE_OWNER_PROFILE_V1 {"scope":53,"parent":47,"phase":"Residual","stage":1,"raw_iteration":1,"iteration_kind":"picard","wall_ms":0.353250000,"device_sum_ms":0.117583200,"wall_minus_device_ms":0.235666800,"exclusive_wall_ms":0.353250000,"exclusive_device_sum_ms":0.117583200,"child_observer_wall_ms":0.000000000,"count_scope":"inclusive","owner_commits":1,"projection_invocations":0}
RISE_FIRE_OWNER_PROFILE_V1 {"scope":47,"parent":36,"phase":"PicardIteration","stage":1,"raw_iteration":1,"iteration_kind":"picard","wall_ms":857.111625000,"device_sum_ms":769.319625106,"wall_minus_device_ms":87.791999894,"exclusive_wall_ms":0.840292000,"exclusive_device_sum_ms":0.000000000,"child_observer_wall_ms":0.032167000,"count_scope":"inclusive","owner_commits":6,"projection_invocations":1}
RISE_FIRE_OWNER_PROFILE_V1 {"scope":56,"parent":55,"phase":"ProjectionAdapter","stage":1,"raw_iteration":2,"iteration_kind":"picard","wall_ms":13.074167000,"device_sum_ms":10.292166378,"wall_minus_device_ms":2.782000622,"exclusive_wall_ms":13.074167000,"exclusive_device_sum_ms":10.292166378,"child_observer_wall_ms":0.000000000,"count_scope":"inclusive","owner_commits":0,"projection_invocations":1}
RISE_FIRE_OWNER_PROFILE_V1 {"scope":55,"parent":54,"phase":"Project","stage":1,"raw_iteration":2,"iteration_kind":"picard","wall_ms":14.515833000,"device_sum_ms":10.336125037,"wall_minus_device_ms":4.179707963,"exclusive_wall_ms":1.428958000,"exclusive_device_sum_ms":0.043958658,"child_observer_wall_ms":0.012708000,"count_scope":"inclusive","owner_commits":2,"projection_invocations":1}
RISE_FIRE_OWNER_PROFILE_V1 {"scope":57,"parent":54,"phase":"ReadOpenClass","stage":1,"raw_iteration":2,"iteration_kind":"picard","wall_ms":0.168500000,"device_sum_ms":0.002333429,"wall_minus_device_ms":0.166166571,"exclusive_wall_ms":0.168500000,"exclusive_device_sum_ms":0.002333429,"child_observer_wall_ms":0.000000000,"count_scope":"inclusive","owner_commits":1,"projection_invocations":0}
RISE_FIRE_OWNER_PROFILE_V1 {"scope":58,"parent":54,"phase":"ReadOpenClass","stage":1,"raw_iteration":2,"iteration_kind":"picard","wall_ms":0.149583000,"device_sum_ms":0.002375105,"wall_minus_device_ms":0.147207895,"exclusive_wall_ms":0.149583000,"exclusive_device_sum_ms":0.002375105,"child_observer_wall_ms":0.000000000,"count_scope":"inclusive","owner_commits":1,"projection_invocations":0}
PRODUCER_COMMAND_V1 stage=1 raw_iteration=2 cpu_begin=1990020771928750 cpu_end=1990021616575916 gpu_begin=1990020771928750 gpu_end=1990021616575916 device_ms=763.27687501907349 encoders=41 interval_scope=possibly_overlapping
PRODUCER_KERNEL_V1 stage=1 raw_iteration=2 ordinal=0 kernel=owner_pack_faces threads=1533387 begin_tick=1990020853323958 end_tick=1990020853374333 ms_per_tick=9.9999999999999995e-07 device_ms=0.050374999999999996
PRODUCER_KERNEL_V1 stage=1 raw_iteration=2 ordinal=1 kernel=owner_pack_faces threads=1533387 begin_tick=1990020853450916 end_tick=1990020853501583 ms_per_tick=9.9999999999999995e-07 device_ms=0.050666999999999997
PRODUCER_KERNEL_V1 stage=1 raw_iteration=2 ordinal=2 kernel=owner_pack_faces threads=1533387 begin_tick=1990020853567583 end_tick=1990020853647750 ms_per_tick=9.9999999999999995e-07 device_ms=0.080167000000000002
PRODUCER_KERNEL_V1 stage=1 raw_iteration=2 ordinal=3 kernel=fct_extract_gas_density threads=504666 begin_tick=1990020853591000 end_tick=1990020853638250 ms_per_tick=9.9999999999999995e-07 device_ms=0.04725
PRODUCER_KERNEL_V1 stage=1 raw_iteration=2 ordinal=4 kernel=owner_gas_source threads=504666 begin_tick=1990020853679208 end_tick=1990020853725041 ms_per_tick=9.9999999999999995e-07 device_ms=0.045832999999999999
PRODUCER_KERNEL_V1 stage=1 raw_iteration=2 ordinal=5 kernel=evaluate_resident_transport threads=504666 begin_tick=1990020853782041 end_tick=1990020854233125 ms_per_tick=9.9999999999999995e-07 device_ms=0.45108399999999998
PRODUCER_KERNEL_V1 stage=1 raw_iteration=2 ordinal=6 kernel=identify_resident_transport threads=1 begin_tick=1990020854233583 end_tick=1990020854236541 ms_per_tick=9.9999999999999995e-07 device_ms=0.0029579999999999997
PRODUCER_KERNEL_V1 stage=1 raw_iteration=2 ordinal=7 kernel=owner_bind_transport threads=1 begin_tick=1990020854237041 end_tick=1990020854241291 ms_per_tick=9.9999999999999995e-07 device_ms=0.0042499999999999994
PRODUCER_KERNEL_V1 stage=1 raw_iteration=2 ordinal=8 kernel=identify_resident_owner_endpoint_class threads=1 begin_tick=1990020854242041 end_tick=1990020854246000 ms_per_tick=9.9999999999999995e-07 device_ms=0.0039589999999999998
PRODUCER_KERNEL_V1 stage=1 raw_iteration=2 ordinal=9 kernel=evaluate_resident_physical_flux threads=1533387 begin_tick=1990020855223333 end_tick=1990020856335666 ms_per_tick=9.9999999999999995e-07 device_ms=1.112333
PRODUCER_KERNEL_V1 stage=1 raw_iteration=2 ordinal=10 kernel=evaluate_resident_advective_pair threads=13800483 begin_tick=1990020856594791 end_tick=1990020864961041 ms_per_tick=9.9999999999999995e-07 device_ms=8.3662499999999991
PRODUCER_KERNEL_V1 stage=1 raw_iteration=2 ordinal=11 kernel=finalize_resident_advective_high threads=13800483 begin_tick=1990020864977291 end_tick=1990020865742208 ms_per_tick=9.9999999999999995e-07 device_ms=0.76491699999999996
PRODUCER_KERNEL_V1 stage=1 raw_iteration=2 ordinal=12 kernel=compose_resident_flux_pair threads=13800483 begin_tick=1990020865742583 end_tick=1990020866626041 ms_per_tick=9.9999999999999995e-07 device_ms=0.88345799999999997
PRODUCER_KERNEL_V1 stage=1 raw_iteration=2 ordinal=13 kernel=validate_resident_physical_flux threads=13800483 begin_tick=1990020866626583 end_tick=1990020867477125 ms_per_tick=9.9999999999999995e-07 device_ms=0.85054199999999991
PRODUCER_KERNEL_V1 stage=1 raw_iteration=2 ordinal=14 kernel=identify_resident_physical_flux threads=32 begin_tick=1990020867477666 end_tick=1990020867481125 ms_per_tick=9.9999999999999995e-07 device_ms=0.0034589999999999998
PRODUCER_KERNEL_V1 stage=1 raw_iteration=2 ordinal=15 kernel=owner_average_flux threads=13800483 begin_tick=1990020867481708 end_tick=1990020868285041 ms_per_tick=9.9999999999999995e-07 device_ms=0.80333299999999996
PRODUCER_KERNEL_V1 stage=1 raw_iteration=2 ordinal=16 kernel=owner_bind_averaged_flux threads=1 begin_tick=1990020868285666 end_tick=1990020868289333 ms_per_tick=9.9999999999999995e-07 device_ms=0.0036669999999999997
PRODUCER_KERNEL_V1 stage=1 raw_iteration=2 ordinal=17 kernel=fct_build_ratios threads=5551326 begin_tick=1990020868289875 end_tick=1990020872025500 ms_per_tick=9.9999999999999995e-07 device_ms=3.7356249999999998
PRODUCER_KERNEL_V1 stage=1 raw_iteration=2 ordinal=18 kernel=fct_build_face_alpha threads=1533387 begin_tick=1990020872026250 end_tick=1990020872295791 ms_per_tick=9.9999999999999995e-07 device_ms=0.26954099999999998
PRODUCER_KERNEL_V1 stage=1 raw_iteration=2 ordinal=19 kernel=fct_commit_scalar threads=504666 begin_tick=1990020872296375 end_tick=1990020872497625 ms_per_tick=9.9999999999999995e-07 device_ms=0.20124999999999998
PRODUCER_KERNEL_V1 stage=1 raw_iteration=2 ordinal=20 kernel=owner_bind_candidate threads=1 begin_tick=1990020872498166 end_tick=1990020872502000 ms_per_tick=9.9999999999999995e-07 device_ms=0.0038339999999999997
PRODUCER_KERNEL_V1 stage=1 raw_iteration=2 ordinal=21 kernel=finalize_resident_eos_candidate threads=1 begin_tick=1990020872502458 end_tick=1990020872505041 ms_per_tick=9.9999999999999995e-07 device_ms=0.0025829999999999998
PRODUCER_KERNEL_V1 stage=1 raw_iteration=2 ordinal=22 kernel=evaluate_resident_eos_candidate threads=504666 begin_tick=1990020872506208 end_tick=1990021490324791 ms_per_tick=9.9999999999999995e-07 device_ms=617.81858299999999
PRODUCER_KERNEL_V1 stage=1 raw_iteration=2 ordinal=23 kernel=finalize_resident_eos_candidate threads=1 begin_tick=1990021490339750 end_tick=1990021490342416 ms_per_tick=9.9999999999999995e-07 device_ms=0.002666
PRODUCER_KERNEL_V1 stage=1 raw_iteration=2 ordinal=24 kernel=identify_resident_eos threads=1 begin_tick=1990021490342833 end_tick=1990021490345291 ms_per_tick=9.9999999999999995e-07 device_ms=0.0024579999999999997
PRODUCER_KERNEL_V1 stage=1 raw_iteration=2 ordinal=25 kernel=produce_resident_frozen_source threads=504666 begin_tick=1990021490345625 end_tick=1990021490376458 ms_per_tick=9.9999999999999995e-07 device_ms=0.030832999999999999
PRODUCER_KERNEL_V1 stage=1 raw_iteration=2 ordinal=26 kernel=identify_resident_frozen_source threads=1 begin_tick=1990021490376875 end_tick=1990021490379458 ms_per_tick=9.9999999999999995e-07 device_ms=0.0025829999999999998
PRODUCER_KERNEL_V1 stage=1 raw_iteration=2 ordinal=27 kernel=evaluate_resident_target_terms threads=504666 begin_tick=1990021490379875 end_tick=1990021614211333 ms_per_tick=9.9999999999999995e-07 device_ms=123.831458
PRODUCER_KERNEL_V1 stage=1 raw_iteration=2 ordinal=28 kernel=finalize_resident_target threads=1 begin_tick=1990021614220083 end_tick=1990021614294333 ms_per_tick=9.9999999999999995e-07 device_ms=0.074249999999999997
PRODUCER_KERNEL_V1 stage=1 raw_iteration=2 ordinal=29 kernel=identify_resident_target threads=1 begin_tick=1990021614294666 end_tick=1990021614303250 ms_per_tick=9.9999999999999995e-07 device_ms=0.0085839999999999996
PRODUCER_KERNEL_V1 stage=1 raw_iteration=2 ordinal=30 kernel=issue_resident_projection_consumer threads=1 begin_tick=1990021614303750 end_tick=1990021614312583 ms_per_tick=9.9999999999999995e-07 device_ms=0.0088329999999999988
PRODUCER_KERNEL_V1 stage=1 raw_iteration=2 ordinal=31 kernel=consume_resident_target threads=1 begin_tick=1990021614312916 end_tick=1990021614372583 ms_per_tick=9.9999999999999995e-07 device_ms=0.059666999999999998
PRODUCER_KERNEL_V1 stage=1 raw_iteration=2 ordinal=32 kernel=owner_compose_target threads=504666 begin_tick=1990021614372958 end_tick=1990021615110333 ms_per_tick=9.9999999999999995e-07 device_ms=0.737375
PRODUCER_KERNEL_V1 stage=1 raw_iteration=2 ordinal=33 kernel=finalize_resident_target threads=1 begin_tick=1990021615110916 end_tick=1990021615144708 ms_per_tick=9.9999999999999995e-07 device_ms=0.033791999999999996
PRODUCER_KERNEL_V1 stage=1 raw_iteration=2 ordinal=34 kernel=owner_identify_target threads=1 begin_tick=1990021615145083 end_tick=1990021615165583 ms_per_tick=9.9999999999999995e-07 device_ms=0.020499999999999997
PRODUCER_KERNEL_V1 stage=1 raw_iteration=2 ordinal=35 kernel=issue_resident_projection_consumer threads=1 begin_tick=1990021615166000 end_tick=1990021615169833 ms_per_tick=9.9999999999999995e-07 device_ms=0.003833
PRODUCER_KERNEL_V1 stage=1 raw_iteration=2 ordinal=36 kernel=consume_resident_target threads=1 begin_tick=1990021615170208 end_tick=1990021615174666 ms_per_tick=9.9999999999999995e-07 device_ms=0.0044580000000000002
PRODUCER_KERNEL_V1 stage=1 raw_iteration=2 ordinal=37 kernel=owner_issue_stage_seal threads=1 begin_tick=1990021615175041 end_tick=1990021615178166 ms_per_tick=9.9999999999999995e-07 device_ms=0.0031249999999999997
PRODUCER_KERNEL_V1 stage=1 raw_iteration=2 ordinal=38 kernel=fct_compatible_stage_rate threads=1533387 begin_tick=1990021615178791 end_tick=1990021615700833 ms_per_tick=9.9999999999999995e-07 device_ms=0.52204200000000001
PRODUCER_KERNEL_V1 stage=1 raw_iteration=2 ordinal=39 kernel=fct_compatible_stage_rate threads=1533387 begin_tick=1990021615701250 end_tick=1990021616370791 ms_per_tick=9.9999999999999995e-07 device_ms=0.66954099999999994
PRODUCER_KERNEL_V1 stage=1 raw_iteration=2 ordinal=40 kernel=owner_heun_momentum threads=1533387 begin_tick=1990021616371583 end_tick=1990021616465708 ms_per_tick=9.9999999999999995e-07 device_ms=0.094125
RISE_FIRE_OWNER_PROFILE_V1 {"scope":59,"parent":54,"phase":"BuildStageProducerGroup","stage":1,"raw_iteration":2,"iteration_kind":"picard","wall_ms":844.805667000,"device_sum_ms":763.276875019,"wall_minus_device_ms":81.528791981,"exclusive_wall_ms":844.805667000,"exclusive_device_sum_ms":763.276875019,"child_observer_wall_ms":0.000000000,"count_scope":"inclusive","owner_commits":1,"projection_invocations":0}
RISE_FIRE_OWNER_PROFILE_V1 {"scope":60,"parent":54,"phase":"Residual","stage":1,"raw_iteration":2,"iteration_kind":"picard","wall_ms":0.305834000,"device_sum_ms":0.109124929,"wall_minus_device_ms":0.196709071,"exclusive_wall_ms":0.305834000,"exclusive_device_sum_ms":0.109124929,"child_observer_wall_ms":0.000000000,"count_scope":"inclusive","owner_commits":1,"projection_invocations":0}
RISE_FIRE_OWNER_PROFILE_V1 {"scope":63,"parent":62,"phase":"ProjectionAdapter","stage":1,"raw_iteration":2147483650,"iteration_kind":"terminal","wall_ms":11.922750000,"device_sum_ms":8.921291679,"wall_minus_device_ms":3.001458321,"exclusive_wall_ms":11.922750000,"exclusive_device_sum_ms":8.921291679,"child_observer_wall_ms":0.000000000,"count_scope":"inclusive","owner_commits":0,"projection_invocations":1}
RISE_FIRE_OWNER_PROFILE_V1 {"scope":62,"parent":61,"phase":"Project","stage":1,"raw_iteration":2147483650,"iteration_kind":"terminal","wall_ms":12.495542000,"device_sum_ms":8.958791848,"wall_minus_device_ms":3.536750152,"exclusive_wall_ms":0.560334000,"exclusive_device_sum_ms":0.037500169,"child_observer_wall_ms":0.012458000,"count_scope":"inclusive","owner_commits":2,"projection_invocations":1}
RISE_FIRE_OWNER_PROFILE_V1 {"scope":64,"parent":61,"phase":"ReadOpenClass","stage":1,"raw_iteration":2147483650,"iteration_kind":"terminal","wall_ms":0.154209000,"device_sum_ms":0.002333429,"wall_minus_device_ms":0.151875571,"exclusive_wall_ms":0.154209000,"exclusive_device_sum_ms":0.002333429,"child_observer_wall_ms":0.000000000,"count_scope":"inclusive","owner_commits":1,"projection_invocations":0}
RISE_FIRE_OWNER_PROFILE_V1 {"scope":65,"parent":61,"phase":"ReadOpenClass","stage":1,"raw_iteration":2147483650,"iteration_kind":"terminal","wall_ms":0.144167000,"device_sum_ms":0.002458459,"wall_minus_device_ms":0.141708541,"exclusive_wall_ms":0.144167000,"exclusive_device_sum_ms":0.002458459,"child_observer_wall_ms":0.000000000,"count_scope":"inclusive","owner_commits":1,"projection_invocations":0}
PRODUCER_COMMAND_V1 stage=1 raw_iteration=2147483650 cpu_begin=1990021629875625 cpu_end=1990022468061750 gpu_begin=1990021629875625 gpu_end=1990022468061750 device_ms=755.92175009660423 encoders=41 interval_scope=possibly_overlapping
PRODUCER_KERNEL_V1 stage=1 raw_iteration=2147483650 ordinal=0 kernel=owner_pack_faces threads=1533387 begin_tick=1990021712028916 end_tick=1990021712087583 ms_per_tick=9.9999999999999995e-07 device_ms=0.058666999999999997
PRODUCER_KERNEL_V1 stage=1 raw_iteration=2147483650 ordinal=1 kernel=owner_pack_faces threads=1533387 begin_tick=1990021712087583 end_tick=1990021712422958 ms_per_tick=9.9999999999999995e-07 device_ms=0.33537499999999998
PRODUCER_KERNEL_V1 stage=1 raw_iteration=2147483650 ordinal=2 kernel=owner_pack_faces threads=1533387 begin_tick=1990021712026500 end_tick=1990021712087833 ms_per_tick=9.9999999999999995e-07 device_ms=0.061332999999999999
PRODUCER_KERNEL_V1 stage=1 raw_iteration=2147483650 ordinal=3 kernel=fct_extract_gas_density threads=504666 begin_tick=1990021712088083 end_tick=1990021712139500 ms_per_tick=9.9999999999999995e-07 device_ms=0.051416999999999997
PRODUCER_KERNEL_V1 stage=1 raw_iteration=2147483650 ordinal=4 kernel=owner_gas_source threads=504666 begin_tick=1990021712423333 end_tick=1990021712600583 ms_per_tick=9.9999999999999995e-07 device_ms=0.17724999999999999
PRODUCER_KERNEL_V1 stage=1 raw_iteration=2147483650 ordinal=5 kernel=evaluate_resident_transport threads=504666 begin_tick=1990021712139500 end_tick=1990021712612000 ms_per_tick=9.9999999999999995e-07 device_ms=0.47249999999999998
PRODUCER_KERNEL_V1 stage=1 raw_iteration=2147483650 ordinal=6 kernel=identify_resident_transport threads=1 begin_tick=1990021712612375 end_tick=1990021712615125 ms_per_tick=9.9999999999999995e-07 device_ms=0.0027499999999999998
PRODUCER_KERNEL_V1 stage=1 raw_iteration=2147483650 ordinal=7 kernel=owner_bind_transport threads=1 begin_tick=1990021712615708 end_tick=1990021712619625 ms_per_tick=9.9999999999999995e-07 device_ms=0.0039169999999999995
PRODUCER_KERNEL_V1 stage=1 raw_iteration=2147483650 ordinal=8 kernel=identify_resident_owner_endpoint_class threads=1 begin_tick=1990021712619958 end_tick=1990021712623291 ms_per_tick=9.9999999999999995e-07 device_ms=0.003333
PRODUCER_KERNEL_V1 stage=1 raw_iteration=2147483650 ordinal=9 kernel=evaluate_resident_physical_flux threads=1533387 begin_tick=1990021713463833 end_tick=1990021716639083 ms_per_tick=9.9999999999999995e-07 device_ms=3.1752499999999997
PRODUCER_KERNEL_V1 stage=1 raw_iteration=2147483650 ordinal=10 kernel=evaluate_resident_advective_pair threads=13800483 begin_tick=1990021715214583 end_tick=1990021723062083 ms_per_tick=9.9999999999999995e-07 device_ms=7.8474999999999993
PRODUCER_KERNEL_V1 stage=1 raw_iteration=2147483650 ordinal=11 kernel=finalize_resident_advective_high threads=13800483 begin_tick=1990021723062708 end_tick=1990021723483375 ms_per_tick=9.9999999999999995e-07 device_ms=0.42066699999999996
PRODUCER_KERNEL_V1 stage=1 raw_iteration=2147483650 ordinal=12 kernel=compose_resident_flux_pair threads=13800483 begin_tick=1990021723483750 end_tick=1990021724440625 ms_per_tick=9.9999999999999995e-07 device_ms=0.95687499999999992
PRODUCER_KERNEL_V1 stage=1 raw_iteration=2147483650 ordinal=13 kernel=validate_resident_physical_flux threads=13800483 begin_tick=1990021724441291 end_tick=1990021725279458 ms_per_tick=9.9999999999999995e-07 device_ms=0.838167
PRODUCER_KERNEL_V1 stage=1 raw_iteration=2147483650 ordinal=14 kernel=identify_resident_physical_flux threads=32 begin_tick=1990021725280041 end_tick=1990021725283625 ms_per_tick=9.9999999999999995e-07 device_ms=0.0035839999999999999
PRODUCER_KERNEL_V1 stage=1 raw_iteration=2147483650 ordinal=15 kernel=owner_average_flux threads=13800483 begin_tick=1990021725284166 end_tick=1990021726086291 ms_per_tick=9.9999999999999995e-07 device_ms=0.80212499999999998
PRODUCER_KERNEL_V1 stage=1 raw_iteration=2147483650 ordinal=16 kernel=owner_bind_averaged_flux threads=1 begin_tick=1990021726086833 end_tick=1990021726090333 ms_per_tick=9.9999999999999995e-07 device_ms=0.0034999999999999996
PRODUCER_KERNEL_V1 stage=1 raw_iteration=2147483650 ordinal=17 kernel=fct_build_ratios threads=5551326 begin_tick=1990021726090666 end_tick=1990021729709500 ms_per_tick=9.9999999999999995e-07 device_ms=3.6188339999999997
PRODUCER_KERNEL_V1 stage=1 raw_iteration=2147483650 ordinal=18 kernel=fct_build_face_alpha threads=1533387 begin_tick=1990021729710166 end_tick=1990021729978958 ms_per_tick=9.9999999999999995e-07 device_ms=0.26879199999999998
PRODUCER_KERNEL_V1 stage=1 raw_iteration=2147483650 ordinal=19 kernel=fct_commit_scalar threads=504666 begin_tick=1990021729979625 end_tick=1990021730169958 ms_per_tick=9.9999999999999995e-07 device_ms=0.190333
PRODUCER_KERNEL_V1 stage=1 raw_iteration=2147483650 ordinal=20 kernel=owner_bind_candidate threads=1 begin_tick=1990021730170541 end_tick=1990021730174583 ms_per_tick=9.9999999999999995e-07 device_ms=0.0040419999999999996
PRODUCER_KERNEL_V1 stage=1 raw_iteration=2147483650 ordinal=21 kernel=finalize_resident_eos_candidate threads=1 begin_tick=1990021730175083 end_tick=1990021730177750 ms_per_tick=9.9999999999999995e-07 device_ms=0.0026669999999999997
PRODUCER_KERNEL_V1 stage=1 raw_iteration=2147483650 ordinal=22 kernel=evaluate_resident_eos_candidate threads=504666 begin_tick=1990021730178250 end_tick=1990022341632250 ms_per_tick=9.9999999999999995e-07 device_ms=611.45399999999995
PRODUCER_KERNEL_V1 stage=1 raw_iteration=2147483650 ordinal=23 kernel=finalize_resident_eos_candidate threads=1 begin_tick=1990022341648708 end_tick=1990022341651625 ms_per_tick=9.9999999999999995e-07 device_ms=0.0029169999999999999
PRODUCER_KERNEL_V1 stage=1 raw_iteration=2147483650 ordinal=24 kernel=identify_resident_eos threads=1 begin_tick=1990022341651916 end_tick=1990022341654583 ms_per_tick=9.9999999999999995e-07 device_ms=0.0026669999999999997
PRODUCER_KERNEL_V1 stage=1 raw_iteration=2147483650 ordinal=25 kernel=produce_resident_frozen_source threads=504666 begin_tick=1990022341655000 end_tick=1990022341685333 ms_per_tick=9.9999999999999995e-07 device_ms=0.030332999999999999
PRODUCER_KERNEL_V1 stage=1 raw_iteration=2147483650 ordinal=26 kernel=identify_resident_frozen_source threads=1 begin_tick=1990022341685750 end_tick=1990022341688500 ms_per_tick=9.9999999999999995e-07 device_ms=0.0027499999999999998
PRODUCER_KERNEL_V1 stage=1 raw_iteration=2147483650 ordinal=27 kernel=evaluate_resident_target_terms threads=504666 begin_tick=1990022341688916 end_tick=1990022466709791 ms_per_tick=9.9999999999999995e-07 device_ms=125.02087499999999
PRODUCER_KERNEL_V1 stage=1 raw_iteration=2147483650 ordinal=28 kernel=finalize_resident_target threads=1 begin_tick=1990022466725333 end_tick=1990022466728583 ms_per_tick=9.9999999999999995e-07 device_ms=0.0032499999999999999
PRODUCER_KERNEL_V1 stage=1 raw_iteration=2147483650 ordinal=29 kernel=identify_resident_target threads=1 begin_tick=1990022466728916 end_tick=1990022466731833 ms_per_tick=9.9999999999999995e-07 device_ms=0.0029169999999999999
PRODUCER_KERNEL_V1 stage=1 raw_iteration=2147483650 ordinal=30 kernel=issue_resident_projection_consumer threads=1 begin_tick=1990022466732250 end_tick=1990022466736333 ms_per_tick=9.9999999999999995e-07 device_ms=0.0040829999999999998
PRODUCER_KERNEL_V1 stage=1 raw_iteration=2147483650 ordinal=31 kernel=consume_resident_target threads=1 begin_tick=1990022466736708 end_tick=1990022466740791 ms_per_tick=9.9999999999999995e-07 device_ms=0.0040829999999999998
PRODUCER_KERNEL_V1 stage=1 raw_iteration=2147483650 ordinal=32 kernel=owner_compose_target threads=504666 begin_tick=1990022466741208 end_tick=1990022466820875 ms_per_tick=9.9999999999999995e-07 device_ms=0.079667000000000002
PRODUCER_KERNEL_V1 stage=1 raw_iteration=2147483650 ordinal=33 kernel=finalize_resident_target threads=1 begin_tick=1990022466821250 end_tick=1990022466823541 ms_per_tick=9.9999999999999995e-07 device_ms=0.0022910000000000001
PRODUCER_KERNEL_V1 stage=1 raw_iteration=2147483650 ordinal=34 kernel=owner_identify_target threads=1 begin_tick=1990022466823916 end_tick=1990022466827166 ms_per_tick=9.9999999999999995e-07 device_ms=0.0032499999999999999
PRODUCER_KERNEL_V1 stage=1 raw_iteration=2147483650 ordinal=35 kernel=issue_resident_projection_consumer threads=1 begin_tick=1990022466827500 end_tick=1990022466830375 ms_per_tick=9.9999999999999995e-07 device_ms=0.002875
PRODUCER_KERNEL_V1 stage=1 raw_iteration=2147483650 ordinal=36 kernel=consume_resident_target threads=1 begin_tick=1990022466830791 end_tick=1990022466834000 ms_per_tick=9.9999999999999995e-07 device_ms=0.003209
PRODUCER_KERNEL_V1 stage=1 raw_iteration=2147483650 ordinal=37 kernel=owner_issue_stage_seal threads=1 begin_tick=1990022466834416 end_tick=1990022466837375 ms_per_tick=9.9999999999999995e-07 device_ms=0.0029589999999999998
PRODUCER_KERNEL_V1 stage=1 raw_iteration=2147483650 ordinal=38 kernel=fct_compatible_stage_rate threads=1533387 begin_tick=1990022466838083 end_tick=1990022467352666 ms_per_tick=9.9999999999999995e-07 device_ms=0.51458300000000001
PRODUCER_KERNEL_V1 stage=1 raw_iteration=2147483650 ordinal=39 kernel=fct_compatible_stage_rate threads=1533387 begin_tick=1990022467353041 end_tick=1990022467850958 ms_per_tick=9.9999999999999995e-07 device_ms=0.497917
PRODUCER_KERNEL_V1 stage=1 raw_iteration=2147483650 ordinal=40 kernel=owner_heun_momentum threads=1533387 begin_tick=1990022467851500 end_tick=1990022467942583 ms_per_tick=9.9999999999999995e-07 device_ms=0.091082999999999997
RISE_FIRE_OWNER_PROFILE_V1 {"scope":66,"parent":61,"phase":"BuildStageProducerGroup","stage":1,"raw_iteration":2147483650,"iteration_kind":"terminal","wall_ms":838.371875000,"device_sum_ms":755.921750097,"wall_minus_device_ms":82.450124903,"exclusive_wall_ms":838.371875000,"exclusive_device_sum_ms":755.921750097,"child_observer_wall_ms":0.000000000,"count_scope":"inclusive","owner_commits":1,"projection_invocations":0}
RISE_FIRE_OWNER_PROFILE_V1 {"scope":67,"parent":61,"phase":"AlphaResidual","stage":1,"raw_iteration":2147483650,"iteration_kind":"terminal","wall_ms":0.257583000,"device_sum_ms":0.051000156,"wall_minus_device_ms":0.206582844,"exclusive_wall_ms":0.257583000,"exclusive_device_sum_ms":0.051000156,"child_observer_wall_ms":0.000000000,"count_scope":"inclusive","owner_commits":1,"projection_invocations":0}
RISE_FIRE_OWNER_PROFILE_V1 {"scope":68,"parent":61,"phase":"Residual","stage":1,"raw_iteration":2147483650,"iteration_kind":"terminal","wall_ms":0.309292000,"device_sum_ms":0.116708223,"wall_minus_device_ms":0.192583777,"exclusive_wall_ms":0.309292000,"exclusive_device_sum_ms":0.116708223,"child_observer_wall_ms":0.000000000,"count_scope":"inclusive","owner_commits":1,"projection_invocations":0}
RISE_FIRE_OWNER_PROFILE_V1 {"scope":61,"parent":54,"phase":"TerminalVerification","stage":1,"raw_iteration":2147483650,"iteration_kind":"terminal","wall_ms":851.786375000,"device_sum_ms":765.053042211,"wall_minus_device_ms":86.733332789,"exclusive_wall_ms":0.004708000,"exclusive_device_sum_ms":0.000000000,"child_observer_wall_ms":0.048999000,"count_scope":"inclusive","owner_commits":7,"projection_invocations":1}
RISE_FIRE_OWNER_PROFILE_V1 {"scope":54,"parent":36,"phase":"PicardIteration","stage":1,"raw_iteration":2,"iteration_kind":"picard","wall_ms":1713.091750000,"device_sum_ms":1538.779875729,"wall_minus_device_ms":174.311874271,"exclusive_wall_ms":1.311918000,"exclusive_device_sum_ms":0.000000000,"child_observer_wall_ms":0.048040000,"count_scope":"inclusive","owner_commits":13,"projection_invocations":2}
RISE_FIRE_OWNER_PROFILE_V1 {"scope":36,"parent":1,"phase":"SolveStage","stage":1,"raw_iteration":4294967295,"iteration_kind":"bootstrap","wall_ms":4276.608125000,"device_sum_ms":3838.722001528,"wall_minus_device_ms":437.886123472,"exclusive_wall_ms":2.631542000,"exclusive_device_sum_ms":0.000000000,"child_observer_wall_ms":0.025583000,"count_scope":"inclusive","owner_commits":28,"projection_invocations":5}
RISE_FIRE_OWNER_PROFILE_V1 {"scope":71,"parent":70,"phase":"ProjectionAdapter","stage":2,"raw_iteration":4294967295,"iteration_kind":"bootstrap","wall_ms":13.343416000,"device_sum_ms":10.577083100,"wall_minus_device_ms":2.766332900,"exclusive_wall_ms":13.343416000,"exclusive_device_sum_ms":10.577083100,"child_observer_wall_ms":0.000000000,"count_scope":"inclusive","owner_commits":0,"projection_invocations":1}
RISE_FIRE_OWNER_PROFILE_V1 {"scope":70,"parent":69,"phase":"Project","stage":2,"raw_iteration":4294967295,"iteration_kind":"bootstrap","wall_ms":13.842958000,"device_sum_ms":10.617999826,"wall_minus_device_ms":3.224958174,"exclusive_wall_ms":0.487167000,"exclusive_device_sum_ms":0.040916726,"child_observer_wall_ms":0.012375000,"count_scope":"inclusive","owner_commits":2,"projection_invocations":1}
PRODUCER_COMMAND_V1 stage=2 raw_iteration=4294967295 cpu_begin=1990022487882166 cpu_end=1990023351671166 gpu_begin=1990022487882166 gpu_end=1990023351671166 device_ms=782.20550017431378 encoders=35 interval_scope=possibly_overlapping
PRODUCER_KERNEL_V1 stage=2 raw_iteration=4294967295 ordinal=0 kernel=owner_pack_faces threads=1533387 begin_tick=1990022569466916 end_tick=1990022569517750 ms_per_tick=9.9999999999999995e-07 device_ms=0.050833999999999997
PRODUCER_KERNEL_V1 stage=2 raw_iteration=4294967295 ordinal=1 kernel=owner_pack_faces threads=1533387 begin_tick=1990022569549791 end_tick=1990022569599875 ms_per_tick=9.9999999999999995e-07 device_ms=0.050083999999999997
PRODUCER_KERNEL_V1 stage=2 raw_iteration=4294967295 ordinal=2 kernel=owner_pack_faces threads=1533387 begin_tick=1990022569648333 end_tick=1990022569731833 ms_per_tick=9.9999999999999995e-07 device_ms=0.083499999999999991
PRODUCER_KERNEL_V1 stage=2 raw_iteration=4294967295 ordinal=3 kernel=fct_extract_gas_density threads=504666 begin_tick=1990022569683208 end_tick=1990022569732000 ms_per_tick=9.9999999999999995e-07 device_ms=0.048791999999999995
PRODUCER_KERNEL_V1 stage=2 raw_iteration=4294967295 ordinal=4 kernel=owner_gas_source threads=504666 begin_tick=1990022569749500 end_tick=1990022569796250 ms_per_tick=9.9999999999999995e-07 device_ms=0.04675
PRODUCER_KERNEL_V1 stage=2 raw_iteration=4294967295 ordinal=5 kernel=evaluate_resident_transport threads=504666 begin_tick=1990022569822416 end_tick=1990022570274083 ms_per_tick=9.9999999999999995e-07 device_ms=0.45166699999999999
PRODUCER_KERNEL_V1 stage=2 raw_iteration=4294967295 ordinal=6 kernel=identify_resident_transport threads=1 begin_tick=1990022570274500 end_tick=1990022570277166 ms_per_tick=9.9999999999999995e-07 device_ms=0.002666
PRODUCER_KERNEL_V1 stage=2 raw_iteration=4294967295 ordinal=7 kernel=owner_bind_transport threads=1 begin_tick=1990022570277666 end_tick=1990022570281416 ms_per_tick=9.9999999999999995e-07 device_ms=0.0037499999999999999
PRODUCER_KERNEL_V1 stage=2 raw_iteration=4294967295 ordinal=8 kernel=identify_resident_owner_endpoint_class threads=1 begin_tick=1990022570281708 end_tick=1990022570285000 ms_per_tick=9.9999999999999995e-07 device_ms=0.0032919999999999998
PRODUCER_KERNEL_V1 stage=2 raw_iteration=4294967295 ordinal=9 kernel=evaluate_resident_physical_flux threads=1533387 begin_tick=1990022571241708 end_tick=1990022572356666 ms_per_tick=9.9999999999999995e-07 device_ms=1.1149579999999999
PRODUCER_KERNEL_V1 stage=2 raw_iteration=4294967295 ordinal=10 kernel=evaluate_resident_advective_pair threads=13800483 begin_tick=1990022572637416 end_tick=1990022579719000 ms_per_tick=9.9999999999999995e-07 device_ms=7.0815839999999994
PRODUCER_KERNEL_V1 stage=2 raw_iteration=4294967295 ordinal=11 kernel=finalize_resident_advective_high threads=13800483 begin_tick=1990022579719583 end_tick=1990022581457791 ms_per_tick=9.9999999999999995e-07 device_ms=1.738208
PRODUCER_KERNEL_V1 stage=2 raw_iteration=4294967295 ordinal=12 kernel=compose_resident_flux_pair threads=13800483 begin_tick=1990022581458333 end_tick=1990022582489666 ms_per_tick=9.9999999999999995e-07 device_ms=1.0313330000000001
PRODUCER_KERNEL_V1 stage=2 raw_iteration=4294967295 ordinal=13 kernel=validate_resident_physical_flux threads=13800483 begin_tick=1990022582490333 end_tick=1990022583373916 ms_per_tick=9.9999999999999995e-07 device_ms=0.88358300000000001
PRODUCER_KERNEL_V1 stage=2 raw_iteration=4294967295 ordinal=14 kernel=identify_resident_physical_flux threads=32 begin_tick=1990022583374333 end_tick=1990022583378083 ms_per_tick=9.9999999999999995e-07 device_ms=0.0037499999999999999
PRODUCER_KERNEL_V1 stage=2 raw_iteration=4294967295 ordinal=15 kernel=owner_bind_candidate threads=1 begin_tick=1990022583378458 end_tick=1990022583382166 ms_per_tick=9.9999999999999995e-07 device_ms=0.0037079999999999999
PRODUCER_KERNEL_V1 stage=2 raw_iteration=4294967295 ordinal=16 kernel=finalize_resident_eos_candidate threads=1 begin_tick=1990022583382458 end_tick=1990022583384916 ms_per_tick=9.9999999999999995e-07 device_ms=0.0024579999999999997
PRODUCER_KERNEL_V1 stage=2 raw_iteration=4294967295 ordinal=17 kernel=evaluate_resident_eos_candidate threads=504666 begin_tick=1990022583385625 end_tick=1990023226599291 ms_per_tick=9.9999999999999995e-07 device_ms=643.21366599999999
PRODUCER_KERNEL_V1 stage=2 raw_iteration=4294967295 ordinal=18 kernel=finalize_resident_eos_candidate threads=1 begin_tick=1990023226612708 end_tick=1990023226955916 ms_per_tick=9.9999999999999995e-07 device_ms=0.34320799999999996
PRODUCER_KERNEL_V1 stage=2 raw_iteration=4294967295 ordinal=19 kernel=identify_resident_eos threads=1 begin_tick=1990023226979333 end_tick=1990023227034791 ms_per_tick=9.9999999999999995e-07 device_ms=0.055458
PRODUCER_KERNEL_V1 stage=2 raw_iteration=4294967295 ordinal=20 kernel=produce_resident_frozen_source threads=504666 begin_tick=1990023227035250 end_tick=1990023227788041 ms_per_tick=9.9999999999999995e-07 device_ms=0.75279099999999999
PRODUCER_KERNEL_V1 stage=2 raw_iteration=4294967295 ordinal=21 kernel=identify_resident_frozen_source threads=1 begin_tick=1990023227788875 end_tick=1990023227806041 ms_per_tick=9.9999999999999995e-07 device_ms=0.017166000000000001
PRODUCER_KERNEL_V1 stage=2 raw_iteration=4294967295 ordinal=22 kernel=evaluate_resident_target_terms threads=504666 begin_tick=1990023227806500 end_tick=1990023350840333 ms_per_tick=9.9999999999999995e-07 device_ms=123.033833
PRODUCER_KERNEL_V1 stage=2 raw_iteration=4294967295 ordinal=23 kernel=finalize_resident_target threads=1 begin_tick=1990023350856166 end_tick=1990023350859458 ms_per_tick=9.9999999999999995e-07 device_ms=0.0032919999999999998
PRODUCER_KERNEL_V1 stage=2 raw_iteration=4294967295 ordinal=24 kernel=identify_resident_target threads=1 begin_tick=1990023350859791 end_tick=1990023350862958 ms_per_tick=9.9999999999999995e-07 device_ms=0.0031669999999999997
PRODUCER_KERNEL_V1 stage=2 raw_iteration=4294967295 ordinal=25 kernel=issue_resident_projection_consumer threads=1 begin_tick=1990023350863500 end_tick=1990023350867500 ms_per_tick=9.9999999999999995e-07 device_ms=0.0040000000000000001
PRODUCER_KERNEL_V1 stage=2 raw_iteration=4294967295 ordinal=26 kernel=consume_resident_target threads=1 begin_tick=1990023350868750 end_tick=1990023350873125 ms_per_tick=9.9999999999999995e-07 device_ms=0.0043749999999999995
PRODUCER_KERNEL_V1 stage=2 raw_iteration=4294967295 ordinal=27 kernel=owner_compose_target threads=504666 begin_tick=1990023350873541 end_tick=1990023350905041 ms_per_tick=9.9999999999999995e-07 device_ms=0.0315
PRODUCER_KERNEL_V1 stage=2 raw_iteration=4294967295 ordinal=28 kernel=finalize_resident_target threads=1 begin_tick=1990023350905458 end_tick=1990023350908166 ms_per_tick=9.9999999999999995e-07 device_ms=0.0027079999999999999
PRODUCER_KERNEL_V1 stage=2 raw_iteration=4294967295 ordinal=29 kernel=owner_identify_target threads=1 begin_tick=1990023350908750 end_tick=1990023350911875 ms_per_tick=9.9999999999999995e-07 device_ms=0.0031249999999999997
PRODUCER_KERNEL_V1 stage=2 raw_iteration=4294967295 ordinal=30 kernel=issue_resident_projection_consumer threads=1 begin_tick=1990023350913208 end_tick=1990023350916375 ms_per_tick=9.9999999999999995e-07 device_ms=0.0031669999999999997
PRODUCER_KERNEL_V1 stage=2 raw_iteration=4294967295 ordinal=31 kernel=consume_resident_target threads=1 begin_tick=1990023350916958 end_tick=1990023350920083 ms_per_tick=9.9999999999999995e-07 device_ms=0.0031249999999999997
PRODUCER_KERNEL_V1 stage=2 raw_iteration=4294967295 ordinal=32 kernel=owner_issue_stage_seal threads=1 begin_tick=1990023350920500 end_tick=1990023350923500 ms_per_tick=9.9999999999999995e-07 device_ms=0.0030000000000000001
PRODUCER_KERNEL_V1 stage=2 raw_iteration=4294967295 ordinal=33 kernel=fct_compatible_stage_rate threads=1533387 begin_tick=1990023350923958 end_tick=1990023351455833 ms_per_tick=9.9999999999999995e-07 device_ms=0.53187499999999999
PRODUCER_KERNEL_V1 stage=2 raw_iteration=4294967295 ordinal=34 kernel=owner_heun_momentum threads=1533387 begin_tick=1990023351456333 end_tick=1990023351547458 ms_per_tick=9.9999999999999995e-07 device_ms=0.091124999999999998
RISE_FIRE_OWNER_PROFILE_V1 {"scope":72,"parent":69,"phase":"BuildStageProducerGroup","stage":2,"raw_iteration":4294967295,"iteration_kind":"bootstrap","wall_ms":863.974000000,"device_sum_ms":782.205500174,"wall_minus_device_ms":81.768499826,"exclusive_wall_ms":863.974000000,"exclusive_device_sum_ms":782.205500174,"child_observer_wall_ms":0.000000000,"count_scope":"inclusive","owner_commits":1,"projection_invocations":0}
RISE_FIRE_OWNER_PROFILE_V1 {"scope":75,"parent":74,"phase":"ProjectionAdapter","stage":2,"raw_iteration":0,"iteration_kind":"picard","wall_ms":11.699875000,"device_sum_ms":8.898250060,"wall_minus_device_ms":2.801624940,"exclusive_wall_ms":11.699875000,"exclusive_device_sum_ms":8.898250060,"child_observer_wall_ms":0.000000000,"count_scope":"inclusive","owner_commits":0,"projection_invocations":1}
RISE_FIRE_OWNER_PROFILE_V1 {"scope":74,"parent":73,"phase":"Project","stage":2,"raw_iteration":0,"iteration_kind":"picard","wall_ms":12.249209000,"device_sum_ms":8.943458553,"wall_minus_device_ms":3.305750447,"exclusive_wall_ms":0.536251000,"exclusive_device_sum_ms":0.045208493,"child_observer_wall_ms":0.013083000,"count_scope":"inclusive","owner_commits":2,"projection_invocations":1}
RISE_FIRE_OWNER_PROFILE_V1 {"scope":76,"parent":73,"phase":"ReadOpenClass","stage":2,"raw_iteration":0,"iteration_kind":"picard","wall_ms":0.157791000,"device_sum_ms":0.002541812,"wall_minus_device_ms":0.155249188,"exclusive_wall_ms":0.157791000,"exclusive_device_sum_ms":0.002541812,"child_observer_wall_ms":0.000000000,"count_scope":"inclusive","owner_commits":1,"projection_invocations":0}
RISE_FIRE_OWNER_PROFILE_V1 {"scope":77,"parent":73,"phase":"ReadOpenClass","stage":2,"raw_iteration":0,"iteration_kind":"picard","wall_ms":0.138791000,"device_sum_ms":0.002416549,"wall_minus_device_ms":0.136374451,"exclusive_wall_ms":0.138791000,"exclusive_device_sum_ms":0.002416549,"child_observer_wall_ms":0.000000000,"count_scope":"inclusive","owner_commits":1,"projection_invocations":0}
PRODUCER_COMMAND_V1 stage=2 raw_iteration=0 cpu_begin=1990023364420958 cpu_end=1990024200955166 gpu_begin=1990023364420958 gpu_end=1990024200955166 device_ms=753.76129173673689 encoders=35 interval_scope=possibly_overlapping
PRODUCER_KERNEL_V1 stage=2 raw_iteration=0 ordinal=0 kernel=owner_pack_faces threads=1533387 begin_tick=1990023447084291 end_tick=1990023447454541 ms_per_tick=9.9999999999999995e-07 device_ms=0.37024999999999997
PRODUCER_KERNEL_V1 stage=2 raw_iteration=0 ordinal=1 kernel=owner_pack_faces threads=1533387 begin_tick=1990023447168500 end_tick=1990023447454666 ms_per_tick=9.9999999999999995e-07 device_ms=0.28616599999999998
PRODUCER_KERNEL_V1 stage=2 raw_iteration=0 ordinal=2 kernel=owner_pack_faces threads=1533387 begin_tick=1990023447454541 end_tick=1990023448544333 ms_per_tick=9.9999999999999995e-07 device_ms=1.0897919999999999
PRODUCER_KERNEL_V1 stage=2 raw_iteration=0 ordinal=3 kernel=fct_extract_gas_density threads=504666 begin_tick=1990023448585833 end_tick=1990023449151291 ms_per_tick=9.9999999999999995e-07 device_ms=0.56545800000000002
PRODUCER_KERNEL_V1 stage=2 raw_iteration=0 ordinal=4 kernel=owner_gas_source threads=504666 begin_tick=1990023447455083 end_tick=1990023448495041 ms_per_tick=9.9999999999999995e-07 device_ms=1.0399579999999999
PRODUCER_KERNEL_V1 stage=2 raw_iteration=0 ordinal=5 kernel=evaluate_resident_transport threads=504666 begin_tick=1990023448586750 end_tick=1990023449270166 ms_per_tick=9.9999999999999995e-07 device_ms=0.68341600000000002
PRODUCER_KERNEL_V1 stage=2 raw_iteration=0 ordinal=6 kernel=identify_resident_transport threads=1 begin_tick=1990023449284375 end_tick=1990023449287833 ms_per_tick=9.9999999999999995e-07 device_ms=0.0034579999999999997
PRODUCER_KERNEL_V1 stage=2 raw_iteration=0 ordinal=7 kernel=owner_bind_transport threads=1 begin_tick=1990023449288375 end_tick=1990023449292250 ms_per_tick=9.9999999999999995e-07 device_ms=0.003875
PRODUCER_KERNEL_V1 stage=2 raw_iteration=0 ordinal=8 kernel=identify_resident_owner_endpoint_class threads=1 begin_tick=1990023449292541 end_tick=1990023449296041 ms_per_tick=9.9999999999999995e-07 device_ms=0.0034999999999999996
PRODUCER_KERNEL_V1 stage=2 raw_iteration=0 ordinal=9 kernel=evaluate_resident_physical_flux threads=1533387 begin_tick=1990023449296583 end_tick=1990023450411541 ms_per_tick=9.9999999999999995e-07 device_ms=1.1149579999999999
PRODUCER_KERNEL_V1 stage=2 raw_iteration=0 ordinal=10 kernel=evaluate_resident_advective_pair threads=13800483 begin_tick=1990023450776291 end_tick=1990023457866000 ms_per_tick=9.9999999999999995e-07 device_ms=7.089709
PRODUCER_KERNEL_V1 stage=2 raw_iteration=0 ordinal=11 kernel=finalize_resident_advective_high threads=13800483 begin_tick=1990023457866750 end_tick=1990023458291625 ms_per_tick=9.9999999999999995e-07 device_ms=0.424875
PRODUCER_KERNEL_V1 stage=2 raw_iteration=0 ordinal=12 kernel=compose_resident_flux_pair threads=13800483 begin_tick=1990023458292000 end_tick=1990023459170750 ms_per_tick=9.9999999999999995e-07 device_ms=0.87874999999999992
PRODUCER_KERNEL_V1 stage=2 raw_iteration=0 ordinal=13 kernel=validate_resident_physical_flux threads=13800483 begin_tick=1990023459171416 end_tick=1990023460027208 ms_per_tick=9.9999999999999995e-07 device_ms=0.855792
PRODUCER_KERNEL_V1 stage=2 raw_iteration=0 ordinal=14 kernel=identify_resident_physical_flux threads=32 begin_tick=1990023460027791 end_tick=1990023460031125 ms_per_tick=9.9999999999999995e-07 device_ms=0.0033339999999999997
PRODUCER_KERNEL_V1 stage=2 raw_iteration=0 ordinal=15 kernel=owner_bind_candidate threads=1 begin_tick=1990023460031583 end_tick=1990023460035458 ms_per_tick=9.9999999999999995e-07 device_ms=0.003875
PRODUCER_KERNEL_V1 stage=2 raw_iteration=0 ordinal=16 kernel=finalize_resident_eos_candidate threads=1 begin_tick=1990023460036333 end_tick=1990023460038583 ms_per_tick=9.9999999999999995e-07 device_ms=0.0022499999999999998
PRODUCER_KERNEL_V1 stage=2 raw_iteration=0 ordinal=17 kernel=evaluate_resident_eos_candidate threads=504666 begin_tick=1990023460039166 end_tick=1990024074558541 ms_per_tick=9.9999999999999995e-07 device_ms=614.51937499999997
PRODUCER_KERNEL_V1 stage=2 raw_iteration=0 ordinal=18 kernel=finalize_resident_eos_candidate threads=1 begin_tick=1990024074573541 end_tick=1990024074576208 ms_per_tick=9.9999999999999995e-07 device_ms=0.0026669999999999997
PRODUCER_KERNEL_V1 stage=2 raw_iteration=0 ordinal=19 kernel=identify_resident_eos threads=1 begin_tick=1990024074576750 end_tick=1990024074579541 ms_per_tick=9.9999999999999995e-07 device_ms=0.0027910000000000001
PRODUCER_KERNEL_V1 stage=2 raw_iteration=0 ordinal=20 kernel=produce_resident_frozen_source threads=504666 begin_tick=1990024074579833 end_tick=1990024074611708 ms_per_tick=9.9999999999999995e-07 device_ms=0.031875000000000001
PRODUCER_KERNEL_V1 stage=2 raw_iteration=0 ordinal=21 kernel=identify_resident_frozen_source threads=1 begin_tick=1990024074612250 end_tick=1990024074614958 ms_per_tick=9.9999999999999995e-07 device_ms=0.0027079999999999999
PRODUCER_KERNEL_V1 stage=2 raw_iteration=0 ordinal=22 kernel=evaluate_resident_target_terms threads=504666 begin_tick=1990024074615291 end_tick=1990024200130083 ms_per_tick=9.9999999999999995e-07 device_ms=125.514792
PRODUCER_KERNEL_V1 stage=2 raw_iteration=0 ordinal=23 kernel=finalize_resident_target threads=1 begin_tick=1990024200146125 end_tick=1990024200149250 ms_per_tick=9.9999999999999995e-07 device_ms=0.0031249999999999997
PRODUCER_KERNEL_V1 stage=2 raw_iteration=0 ordinal=24 kernel=identify_resident_target threads=1 begin_tick=1990024200149541 end_tick=1990024200152666 ms_per_tick=9.9999999999999995e-07 device_ms=0.0031249999999999997
PRODUCER_KERNEL_V1 stage=2 raw_iteration=0 ordinal=25 kernel=issue_resident_projection_consumer threads=1 begin_tick=1990024200153250 end_tick=1990024200157166 ms_per_tick=9.9999999999999995e-07 device_ms=0.0039160000000000002
PRODUCER_KERNEL_V1 stage=2 raw_iteration=0 ordinal=26 kernel=consume_resident_target threads=1 begin_tick=1990024200158458 end_tick=1990024200162666 ms_per_tick=9.9999999999999995e-07 device_ms=0.0042079999999999999
PRODUCER_KERNEL_V1 stage=2 raw_iteration=0 ordinal=27 kernel=owner_compose_target threads=504666 begin_tick=1990024200163250 end_tick=1990024200195291 ms_per_tick=9.9999999999999995e-07 device_ms=0.032041
PRODUCER_KERNEL_V1 stage=2 raw_iteration=0 ordinal=28 kernel=finalize_resident_target threads=1 begin_tick=1990024200195666 end_tick=1990024200198166 ms_per_tick=9.9999999999999995e-07 device_ms=0.0025000000000000001
PRODUCER_KERNEL_V1 stage=2 raw_iteration=0 ordinal=29 kernel=owner_identify_target threads=1 begin_tick=1990024200198708 end_tick=1990024200201958 ms_per_tick=9.9999999999999995e-07 device_ms=0.0032499999999999999
PRODUCER_KERNEL_V1 stage=2 raw_iteration=0 ordinal=30 kernel=issue_resident_projection_consumer threads=1 begin_tick=1990024200203041 end_tick=1990024200206291 ms_per_tick=9.9999999999999995e-07 device_ms=0.0032499999999999999
PRODUCER_KERNEL_V1 stage=2 raw_iteration=0 ordinal=31 kernel=consume_resident_target threads=1 begin_tick=1990024200206833 end_tick=1990024200210083 ms_per_tick=9.9999999999999995e-07 device_ms=0.0032499999999999999
PRODUCER_KERNEL_V1 stage=2 raw_iteration=0 ordinal=32 kernel=owner_issue_stage_seal threads=1 begin_tick=1990024200210458 end_tick=1990024200213500 ms_per_tick=9.9999999999999995e-07 device_ms=0.003042
PRODUCER_KERNEL_V1 stage=2 raw_iteration=0 ordinal=33 kernel=fct_compatible_stage_rate threads=1533387 begin_tick=1990024200214000 end_tick=1990024200744708 ms_per_tick=9.9999999999999995e-07 device_ms=0.53070799999999996
PRODUCER_KERNEL_V1 stage=2 raw_iteration=0 ordinal=34 kernel=owner_heun_momentum threads=1533387 begin_tick=1990024200745083 end_tick=1990024200837250 ms_per_tick=9.9999999999999995e-07 device_ms=0.092166999999999999
RISE_FIRE_OWNER_PROFILE_V1 {"scope":78,"parent":73,"phase":"BuildStageProducerGroup","stage":2,"raw_iteration":0,"iteration_kind":"picard","wall_ms":836.704458000,"device_sum_ms":753.761291737,"wall_minus_device_ms":82.943166263,"exclusive_wall_ms":836.704458000,"exclusive_device_sum_ms":753.761291737,"child_observer_wall_ms":0.000000000,"count_scope":"inclusive","owner_commits":1,"projection_invocations":0}
RISE_FIRE_OWNER_PROFILE_V1 {"scope":79,"parent":73,"phase":"Residual","stage":2,"raw_iteration":0,"iteration_kind":"picard","wall_ms":0.259792000,"device_sum_ms":0.021999935,"wall_minus_device_ms":0.237792065,"exclusive_wall_ms":0.259792000,"exclusive_device_sum_ms":0.021999935,"child_observer_wall_ms":0.000000000,"count_scope":"inclusive","owner_commits":1,"projection_invocations":0}
RISE_FIRE_OWNER_PROFILE_V1 {"scope":73,"parent":69,"phase":"PicardIteration","stage":2,"raw_iteration":0,"iteration_kind":"picard","wall_ms":850.280250000,"device_sum_ms":762.731708586,"wall_minus_device_ms":87.548541414,"exclusive_wall_ms":0.738751000,"exclusive_device_sum_ms":0.000000000,"child_observer_wall_ms":0.031458000,"count_scope":"inclusive","owner_commits":6,"projection_invocations":1}
RISE_FIRE_OWNER_PROFILE_V1 {"scope":82,"parent":81,"phase":"ProjectionAdapter","stage":2,"raw_iteration":1,"iteration_kind":"picard","wall_ms":13.108666000,"device_sum_ms":10.322583374,"wall_minus_device_ms":2.786082626,"exclusive_wall_ms":13.108666000,"exclusive_device_sum_ms":10.322583374,"child_observer_wall_ms":0.000000000,"count_scope":"inclusive","owner_commits":0,"projection_invocations":1}
RISE_FIRE_OWNER_PROFILE_V1 {"scope":81,"parent":80,"phase":"Project","stage":2,"raw_iteration":1,"iteration_kind":"picard","wall_ms":14.202042000,"device_sum_ms":10.368875228,"wall_minus_device_ms":3.833166772,"exclusive_wall_ms":1.085751000,"exclusive_device_sum_ms":0.046291854,"child_observer_wall_ms":0.007625000,"count_scope":"inclusive","owner_commits":2,"projection_invocations":1}
RISE_FIRE_OWNER_PROFILE_V1 {"scope":83,"parent":80,"phase":"ReadOpenClass","stage":2,"raw_iteration":1,"iteration_kind":"picard","wall_ms":0.146583000,"device_sum_ms":0.002374873,"wall_minus_device_ms":0.144208127,"exclusive_wall_ms":0.146583000,"exclusive_device_sum_ms":0.002374873,"child_observer_wall_ms":0.000000000,"count_scope":"inclusive","owner_commits":1,"projection_invocations":0}
RISE_FIRE_OWNER_PROFILE_V1 {"scope":84,"parent":80,"phase":"ReadOpenClass","stage":2,"raw_iteration":1,"iteration_kind":"picard","wall_ms":0.139791000,"device_sum_ms":0.002374873,"wall_minus_device_ms":0.137416127,"exclusive_wall_ms":0.139791000,"exclusive_device_sum_ms":0.002374873,"child_observer_wall_ms":0.000000000,"count_scope":"inclusive","owner_commits":1,"projection_invocations":0}
PRODUCER_COMMAND_V1 stage=2 raw_iteration=1 cpu_begin=1990024216651041 cpu_end=1990025042519041 gpu_begin=1990024216651041 gpu_end=1990025042519041 device_ms=744.50108339078724 encoders=35 interval_scope=possibly_overlapping
PRODUCER_KERNEL_V1 stage=2 raw_iteration=1 ordinal=0 kernel=owner_pack_faces threads=1533387 begin_tick=1990024298095666 end_tick=1990024298153458 ms_per_tick=9.9999999999999995e-07 device_ms=0.057791999999999996
PRODUCER_KERNEL_V1 stage=2 raw_iteration=1 ordinal=1 kernel=owner_pack_faces threads=1533387 begin_tick=1990024298245666 end_tick=1990024298437500 ms_per_tick=9.9999999999999995e-07 device_ms=0.191834
PRODUCER_KERNEL_V1 stage=2 raw_iteration=1 ordinal=2 kernel=owner_pack_faces threads=1533387 begin_tick=1990024298446958 end_tick=1990024298497791 ms_per_tick=9.9999999999999995e-07 device_ms=0.050832999999999996
PRODUCER_KERNEL_V1 stage=2 raw_iteration=1 ordinal=3 kernel=fct_extract_gas_density threads=504666 begin_tick=1990024298532208 end_tick=1990024298596500 ms_per_tick=9.9999999999999995e-07 device_ms=0.064292000000000002
PRODUCER_KERNEL_V1 stage=2 raw_iteration=1 ordinal=4 kernel=owner_gas_source threads=504666 begin_tick=1990024298562666 end_tick=1990024298623333 ms_per_tick=9.9999999999999995e-07 device_ms=0.060666999999999999
PRODUCER_KERNEL_V1 stage=2 raw_iteration=1 ordinal=5 kernel=evaluate_resident_transport threads=504666 begin_tick=1990024298688250 end_tick=1990024299143416 ms_per_tick=9.9999999999999995e-07 device_ms=0.45516599999999996
PRODUCER_KERNEL_V1 stage=2 raw_iteration=1 ordinal=6 kernel=identify_resident_transport threads=1 begin_tick=1990024299143791 end_tick=1990024299146500 ms_per_tick=9.9999999999999995e-07 device_ms=0.002709
PRODUCER_KERNEL_V1 stage=2 raw_iteration=1 ordinal=7 kernel=owner_bind_transport threads=1 begin_tick=1990024299146916 end_tick=1990024299150791 ms_per_tick=9.9999999999999995e-07 device_ms=0.003875
PRODUCER_KERNEL_V1 stage=2 raw_iteration=1 ordinal=8 kernel=identify_resident_owner_endpoint_class threads=1 begin_tick=1990024299151166 end_tick=1990024299154500 ms_per_tick=9.9999999999999995e-07 device_ms=0.0033339999999999997
PRODUCER_KERNEL_V1 stage=2 raw_iteration=1 ordinal=9 kernel=evaluate_resident_physical_flux threads=1533387 begin_tick=1990024300343666 end_tick=1990024301460666 ms_per_tick=9.9999999999999995e-07 device_ms=1.117
PRODUCER_KERNEL_V1 stage=2 raw_iteration=1 ordinal=10 kernel=evaluate_resident_advective_pair threads=13800483 begin_tick=1990024302261916 end_tick=1990024309547250 ms_per_tick=9.9999999999999995e-07 device_ms=7.2853339999999998
PRODUCER_KERNEL_V1 stage=2 raw_iteration=1 ordinal=11 kernel=finalize_resident_advective_high threads=13800483 begin_tick=1990024309547833 end_tick=1990024309968000 ms_per_tick=9.9999999999999995e-07 device_ms=0.42016699999999996
PRODUCER_KERNEL_V1 stage=2 raw_iteration=1 ordinal=12 kernel=compose_resident_flux_pair threads=13800483 begin_tick=1990024309968416 end_tick=1990024310856833 ms_per_tick=9.9999999999999995e-07 device_ms=0.88841700000000001
PRODUCER_KERNEL_V1 stage=2 raw_iteration=1 ordinal=13 kernel=validate_resident_physical_flux threads=13800483 begin_tick=1990024310857375 end_tick=1990024311710375 ms_per_tick=9.9999999999999995e-07 device_ms=0.85299999999999998
PRODUCER_KERNEL_V1 stage=2 raw_iteration=1 ordinal=14 kernel=identify_resident_physical_flux threads=32 begin_tick=1990024311710875 end_tick=1990024311714250 ms_per_tick=9.9999999999999995e-07 device_ms=0.003375
PRODUCER_KERNEL_V1 stage=2 raw_iteration=1 ordinal=15 kernel=owner_bind_candidate threads=1 begin_tick=1990024311714750 end_tick=1990024311718375 ms_per_tick=9.9999999999999995e-07 device_ms=0.0036249999999999998
PRODUCER_KERNEL_V1 stage=2 raw_iteration=1 ordinal=16 kernel=finalize_resident_eos_candidate threads=1 begin_tick=1990024311719458 end_tick=1990024311721791 ms_per_tick=9.9999999999999995e-07 device_ms=0.002333
PRODUCER_KERNEL_V1 stage=2 raw_iteration=1 ordinal=17 kernel=evaluate_resident_eos_candidate threads=504666 begin_tick=1990024311722541 end_tick=1990024916778375 ms_per_tick=9.9999999999999995e-07 device_ms=605.055834
PRODUCER_KERNEL_V1 stage=2 raw_iteration=1 ordinal=18 kernel=finalize_resident_eos_candidate threads=1 begin_tick=1990024916797375 end_tick=1990024916799833 ms_per_tick=9.9999999999999995e-07 device_ms=0.0024579999999999997
PRODUCER_KERNEL_V1 stage=2 raw_iteration=1 ordinal=19 kernel=identify_resident_eos threads=1 begin_tick=1990024916800416 end_tick=1990024916803291 ms_per_tick=9.9999999999999995e-07 device_ms=0.002875
PRODUCER_KERNEL_V1 stage=2 raw_iteration=1 ordinal=20 kernel=produce_resident_frozen_source threads=504666 begin_tick=1990024916803666 end_tick=1990024916834791 ms_per_tick=9.9999999999999995e-07 device_ms=0.031125
PRODUCER_KERNEL_V1 stage=2 raw_iteration=1 ordinal=21 kernel=identify_resident_frozen_source threads=1 begin_tick=1990024916835458 end_tick=1990024916838250 ms_per_tick=9.9999999999999995e-07 device_ms=0.0027919999999999998
PRODUCER_KERNEL_V1 stage=2 raw_iteration=1 ordinal=22 kernel=evaluate_resident_target_terms threads=504666 begin_tick=1990024916838666 end_tick=1990025041704875 ms_per_tick=9.9999999999999995e-07 device_ms=124.866209
PRODUCER_KERNEL_V1 stage=2 raw_iteration=1 ordinal=23 kernel=finalize_resident_target threads=1 begin_tick=1990025041721125 end_tick=1990025041724333 ms_per_tick=9.9999999999999995e-07 device_ms=0.0032079999999999999
PRODUCER_KERNEL_V1 stage=2 raw_iteration=1 ordinal=24 kernel=identify_resident_target threads=1 begin_tick=1990025041724750 end_tick=1990025041728041 ms_per_tick=9.9999999999999995e-07 device_ms=0.0032909999999999997
PRODUCER_KERNEL_V1 stage=2 raw_iteration=1 ordinal=25 kernel=issue_resident_projection_consumer threads=1 begin_tick=1990025041729291 end_tick=1990025041733333 ms_per_tick=9.9999999999999995e-07 device_ms=0.0040419999999999996
PRODUCER_KERNEL_V1 stage=2 raw_iteration=1 ordinal=26 kernel=consume_resident_target threads=1 begin_tick=1990025041733750 end_tick=1990025041738041 ms_per_tick=9.9999999999999995e-07 device_ms=0.0042909999999999997
PRODUCER_KERNEL_V1 stage=2 raw_iteration=1 ordinal=27 kernel=owner_compose_target threads=504666 begin_tick=1990025041738458 end_tick=1990025041769791 ms_per_tick=9.9999999999999995e-07 device_ms=0.031333
PRODUCER_KERNEL_V1 stage=2 raw_iteration=1 ordinal=28 kernel=finalize_resident_target threads=1 begin_tick=1990025041770208 end_tick=1990025041772708 ms_per_tick=9.9999999999999995e-07 device_ms=0.0025000000000000001
PRODUCER_KERNEL_V1 stage=2 raw_iteration=1 ordinal=29 kernel=owner_identify_target threads=1 begin_tick=1990025041773291 end_tick=1990025041776416 ms_per_tick=9.9999999999999995e-07 device_ms=0.0031249999999999997
PRODUCER_KERNEL_V1 stage=2 raw_iteration=1 ordinal=30 kernel=issue_resident_projection_consumer threads=1 begin_tick=1990025041776833 end_tick=1990025041780041 ms_per_tick=9.9999999999999995e-07 device_ms=0.0032079999999999999
PRODUCER_KERNEL_V1 stage=2 raw_iteration=1 ordinal=31 kernel=consume_resident_target threads=1 begin_tick=1990025041780625 end_tick=1990025041783666 ms_per_tick=9.9999999999999995e-07 device_ms=0.0030409999999999999
PRODUCER_KERNEL_V1 stage=2 raw_iteration=1 ordinal=32 kernel=owner_issue_stage_seal threads=1 begin_tick=1990025041784041 end_tick=1990025041787041 ms_per_tick=9.9999999999999995e-07 device_ms=0.0030000000000000001
PRODUCER_KERNEL_V1 stage=2 raw_iteration=1 ordinal=33 kernel=fct_compatible_stage_rate threads=1533387 begin_tick=1990025041787416 end_tick=1990025042314916 ms_per_tick=9.9999999999999995e-07 device_ms=0.52749999999999997
PRODUCER_KERNEL_V1 stage=2 raw_iteration=1 ordinal=34 kernel=owner_heun_momentum threads=1533387 begin_tick=1990025042315333 end_tick=1990025042406583 ms_per_tick=9.9999999999999995e-07 device_ms=0.091249999999999998
RISE_FIRE_OWNER_PROFILE_V1 {"scope":85,"parent":80,"phase":"BuildStageProducerGroup","stage":2,"raw_iteration":1,"iteration_kind":"picard","wall_ms":826.019333000,"device_sum_ms":744.501083391,"wall_minus_device_ms":81.518249609,"exclusive_wall_ms":826.019333000,"exclusive_device_sum_ms":744.501083391,"child_observer_wall_ms":0.000000000,"count_scope":"inclusive","owner_commits":1,"projection_invocations":0}
RISE_FIRE_OWNER_PROFILE_V1 {"scope":86,"parent":80,"phase":"Residual","stage":2,"raw_iteration":1,"iteration_kind":"picard","wall_ms":0.315459000,"device_sum_ms":0.108708395,"wall_minus_device_ms":0.206750605,"exclusive_wall_ms":0.315459000,"exclusive_device_sum_ms":0.108708395,"child_observer_wall_ms":0.000000000,"count_scope":"inclusive","owner_commits":1,"projection_invocations":0}
RISE_FIRE_OWNER_PROFILE_V1 {"scope":80,"parent":69,"phase":"PicardIteration","stage":2,"raw_iteration":1,"iteration_kind":"picard","wall_ms":841.813791000,"device_sum_ms":754.983416758,"wall_minus_device_ms":86.830374242,"exclusive_wall_ms":0.964500000,"exclusive_device_sum_ms":0.000000000,"child_observer_wall_ms":0.026083000,"count_scope":"inclusive","owner_commits":6,"projection_invocations":1}
RISE_FIRE_OWNER_PROFILE_V1 {"scope":89,"parent":88,"phase":"ProjectionAdapter","stage":2,"raw_iteration":2,"iteration_kind":"picard","wall_ms":13.455583000,"device_sum_ms":10.648624739,"wall_minus_device_ms":2.806958261,"exclusive_wall_ms":13.455583000,"exclusive_device_sum_ms":10.648624739,"child_observer_wall_ms":0.000000000,"count_scope":"inclusive","owner_commits":0,"projection_invocations":1}
RISE_FIRE_OWNER_PROFILE_V1 {"scope":88,"parent":87,"phase":"Project","stage":2,"raw_iteration":2,"iteration_kind":"picard","wall_ms":14.557750000,"device_sum_ms":10.692083277,"wall_minus_device_ms":3.865666723,"exclusive_wall_ms":1.095458000,"exclusive_device_sum_ms":0.043458538,"child_observer_wall_ms":0.006709000,"count_scope":"inclusive","owner_commits":2,"projection_invocations":1}
RISE_FIRE_OWNER_PROFILE_V1 {"scope":90,"parent":87,"phase":"ReadOpenClass","stage":2,"raw_iteration":2,"iteration_kind":"picard","wall_ms":0.154208000,"device_sum_ms":0.002541812,"wall_minus_device_ms":0.151666188,"exclusive_wall_ms":0.154208000,"exclusive_device_sum_ms":0.002541812,"child_observer_wall_ms":0.000000000,"count_scope":"inclusive","owner_commits":1,"projection_invocations":0}
RISE_FIRE_OWNER_PROFILE_V1 {"scope":91,"parent":87,"phase":"ReadOpenClass","stage":2,"raw_iteration":2,"iteration_kind":"picard","wall_ms":0.139291000,"device_sum_ms":0.002458226,"wall_minus_device_ms":0.136832774,"exclusive_wall_ms":0.139291000,"exclusive_device_sum_ms":0.002458226,"child_observer_wall_ms":0.000000000,"count_scope":"inclusive","owner_commits":1,"projection_invocations":0}
PRODUCER_COMMAND_V1 stage=2 raw_iteration=2 cpu_begin=1990025058835500 cpu_end=1990025896549208 gpu_begin=1990025058835500 gpu_end=1990025896549208 device_ms=755.21362503059208 encoders=35 interval_scope=possibly_overlapping
PRODUCER_KERNEL_V1 stage=2 raw_iteration=2 ordinal=0 kernel=owner_pack_faces threads=1533387 begin_tick=1990025141222708 end_tick=1990025141277333 ms_per_tick=9.9999999999999995e-07 device_ms=0.054625
PRODUCER_KERNEL_V1 stage=2 raw_iteration=2 ordinal=1 kernel=owner_pack_faces threads=1533387 begin_tick=1990025141276625 end_tick=1990025141617875 ms_per_tick=9.9999999999999995e-07 device_ms=0.34125
PRODUCER_KERNEL_V1 stage=2 raw_iteration=2 ordinal=2 kernel=owner_pack_faces threads=1533387 begin_tick=1990025141220708 end_tick=1990025141276625 ms_per_tick=9.9999999999999995e-07 device_ms=0.055916999999999994
PRODUCER_KERNEL_V1 stage=2 raw_iteration=2 ordinal=3 kernel=fct_extract_gas_density threads=504666 begin_tick=1990025141277750 end_tick=1990025141322500 ms_per_tick=9.9999999999999995e-07 device_ms=0.044749999999999998
PRODUCER_KERNEL_V1 stage=2 raw_iteration=2 ordinal=4 kernel=owner_gas_source threads=504666 begin_tick=1990025141618250 end_tick=1990025141773625 ms_per_tick=9.9999999999999995e-07 device_ms=0.15537499999999999
PRODUCER_KERNEL_V1 stage=2 raw_iteration=2 ordinal=5 kernel=evaluate_resident_transport threads=504666 begin_tick=1990025141322500 end_tick=1990025141785458 ms_per_tick=9.9999999999999995e-07 device_ms=0.46295799999999998
PRODUCER_KERNEL_V1 stage=2 raw_iteration=2 ordinal=6 kernel=identify_resident_transport threads=1 begin_tick=1990025141785875 end_tick=1990025141788625 ms_per_tick=9.9999999999999995e-07 device_ms=0.0027499999999999998
PRODUCER_KERNEL_V1 stage=2 raw_iteration=2 ordinal=7 kernel=owner_bind_transport threads=1 begin_tick=1990025141789125 end_tick=1990025141792875 ms_per_tick=9.9999999999999995e-07 device_ms=0.0037499999999999999
PRODUCER_KERNEL_V1 stage=2 raw_iteration=2 ordinal=8 kernel=identify_resident_owner_endpoint_class threads=1 begin_tick=1990025141793208 end_tick=1990025141796583 ms_per_tick=9.9999999999999995e-07 device_ms=0.003375
PRODUCER_KERNEL_V1 stage=2 raw_iteration=2 ordinal=9 kernel=evaluate_resident_physical_flux threads=1533387 begin_tick=1990025142733208 end_tick=1990025143854041 ms_per_tick=9.9999999999999995e-07 device_ms=1.120833
PRODUCER_KERNEL_V1 stage=2 raw_iteration=2 ordinal=10 kernel=evaluate_resident_advective_pair threads=13800483 begin_tick=1990025144113583 end_tick=1990025152616166 ms_per_tick=9.9999999999999995e-07 device_ms=8.5025829999999996
PRODUCER_KERNEL_V1 stage=2 raw_iteration=2 ordinal=11 kernel=finalize_resident_advective_high threads=13800483 begin_tick=1990025152630000 end_tick=1990025153089208 ms_per_tick=9.9999999999999995e-07 device_ms=0.45920800000000001
PRODUCER_KERNEL_V1 stage=2 raw_iteration=2 ordinal=12 kernel=compose_resident_flux_pair threads=13800483 begin_tick=1990025153089708 end_tick=1990025153972208 ms_per_tick=9.9999999999999995e-07 device_ms=0.88249999999999995
PRODUCER_KERNEL_V1 stage=2 raw_iteration=2 ordinal=13 kernel=validate_resident_physical_flux threads=13800483 begin_tick=1990025153972875 end_tick=1990025154803375 ms_per_tick=9.9999999999999995e-07 device_ms=0.83050000000000002
PRODUCER_KERNEL_V1 stage=2 raw_iteration=2 ordinal=14 kernel=identify_resident_physical_flux threads=32 begin_tick=1990025154803875 end_tick=1990025154807166 ms_per_tick=9.9999999999999995e-07 device_ms=0.0032909999999999997
PRODUCER_KERNEL_V1 stage=2 raw_iteration=2 ordinal=15 kernel=owner_bind_candidate threads=1 begin_tick=1990025154807666 end_tick=1990025154811458 ms_per_tick=9.9999999999999995e-07 device_ms=0.0037919999999999998
PRODUCER_KERNEL_V1 stage=2 raw_iteration=2 ordinal=16 kernel=finalize_resident_eos_candidate threads=1 begin_tick=1990025154811875 end_tick=1990025154814166 ms_per_tick=9.9999999999999995e-07 device_ms=0.0022910000000000001
PRODUCER_KERNEL_V1 stage=2 raw_iteration=2 ordinal=17 kernel=evaluate_resident_eos_candidate threads=504666 begin_tick=1990025154814833 end_tick=1990025770897916 ms_per_tick=9.9999999999999995e-07 device_ms=616.08308299999999
PRODUCER_KERNEL_V1 stage=2 raw_iteration=2 ordinal=18 kernel=finalize_resident_eos_candidate threads=1 begin_tick=1990025770912958 end_tick=1990025770915625 ms_per_tick=9.9999999999999995e-07 device_ms=0.0026669999999999997
PRODUCER_KERNEL_V1 stage=2 raw_iteration=2 ordinal=19 kernel=identify_resident_eos threads=1 begin_tick=1990025770916041 end_tick=1990025770918625 ms_per_tick=9.9999999999999995e-07 device_ms=0.0025839999999999999
PRODUCER_KERNEL_V1 stage=2 raw_iteration=2 ordinal=20 kernel=produce_resident_frozen_source threads=504666 begin_tick=1990025770918916 end_tick=1990025770948791 ms_per_tick=9.9999999999999995e-07 device_ms=0.029874999999999999
PRODUCER_KERNEL_V1 stage=2 raw_iteration=2 ordinal=21 kernel=identify_resident_frozen_source threads=1 begin_tick=1990025770949375 end_tick=1990025770952000 ms_per_tick=9.9999999999999995e-07 device_ms=0.0026249999999999997
PRODUCER_KERNEL_V1 stage=2 raw_iteration=2 ordinal=22 kernel=evaluate_resident_target_terms threads=504666 begin_tick=1990025770952291 end_tick=1990025895705083 ms_per_tick=9.9999999999999995e-07 device_ms=124.752792
PRODUCER_KERNEL_V1 stage=2 raw_iteration=2 ordinal=23 kernel=finalize_resident_target threads=1 begin_tick=1990025895721250 end_tick=1990025895724541 ms_per_tick=9.9999999999999995e-07 device_ms=0.0032909999999999997
PRODUCER_KERNEL_V1 stage=2 raw_iteration=2 ordinal=24 kernel=identify_resident_target threads=1 begin_tick=1990025895724833 end_tick=1990025895728083 ms_per_tick=9.9999999999999995e-07 device_ms=0.0032499999999999999
PRODUCER_KERNEL_V1 stage=2 raw_iteration=2 ordinal=25 kernel=issue_resident_projection_consumer threads=1 begin_tick=1990025895728666 end_tick=1990025895732541 ms_per_tick=9.9999999999999995e-07 device_ms=0.003875
PRODUCER_KERNEL_V1 stage=2 raw_iteration=2 ordinal=26 kernel=consume_resident_target threads=1 begin_tick=1990025895732958 end_tick=1990025895737166 ms_per_tick=9.9999999999999995e-07 device_ms=0.0042079999999999999
PRODUCER_KERNEL_V1 stage=2 raw_iteration=2 ordinal=27 kernel=owner_compose_target threads=504666 begin_tick=1990025895737750 end_tick=1990025895768000 ms_per_tick=9.9999999999999995e-07 device_ms=0.030249999999999999
PRODUCER_KERNEL_V1 stage=2 raw_iteration=2 ordinal=28 kernel=finalize_resident_target threads=1 begin_tick=1990025895768416 end_tick=1990025895771000 ms_per_tick=9.9999999999999995e-07 device_ms=0.0025839999999999999
PRODUCER_KERNEL_V1 stage=2 raw_iteration=2 ordinal=29 kernel=owner_identify_target threads=1 begin_tick=1990025895771583 end_tick=1990025895774416 ms_per_tick=9.9999999999999995e-07 device_ms=0.002833
PRODUCER_KERNEL_V1 stage=2 raw_iteration=2 ordinal=30 kernel=issue_resident_projection_consumer threads=1 begin_tick=1990025895774875 end_tick=1990025895777750 ms_per_tick=9.9999999999999995e-07 device_ms=0.002875
PRODUCER_KERNEL_V1 stage=2 raw_iteration=2 ordinal=31 kernel=consume_resident_target threads=1 begin_tick=1990025895778291 end_tick=1990025895781541 ms_per_tick=9.9999999999999995e-07 device_ms=0.0032499999999999999
PRODUCER_KERNEL_V1 stage=2 raw_iteration=2 ordinal=32 kernel=owner_issue_stage_seal threads=1 begin_tick=1990025895781916 end_tick=1990025895785000 ms_per_tick=9.9999999999999995e-07 device_ms=0.0030839999999999999
PRODUCER_KERNEL_V1 stage=2 raw_iteration=2 ordinal=33 kernel=fct_compatible_stage_rate threads=1533387 begin_tick=1990025895785500 end_tick=1990025896333666 ms_per_tick=9.9999999999999995e-07 device_ms=0.54816599999999993
PRODUCER_KERNEL_V1 stage=2 raw_iteration=2 ordinal=34 kernel=owner_heun_momentum threads=1533387 begin_tick=1990025896334083 end_tick=1990025896428208 ms_per_tick=9.9999999999999995e-07 device_ms=0.094125
RISE_FIRE_OWNER_PROFILE_V1 {"scope":92,"parent":87,"phase":"BuildStageProducerGroup","stage":2,"raw_iteration":2,"iteration_kind":"picard","wall_ms":837.869334000,"device_sum_ms":755.213625031,"wall_minus_device_ms":82.655708969,"exclusive_wall_ms":837.869334000,"exclusive_device_sum_ms":755.213625031,"child_observer_wall_ms":0.000000000,"count_scope":"inclusive","owner_commits":1,"projection_invocations":0}
RISE_FIRE_OWNER_PROFILE_V1 {"scope":93,"parent":87,"phase":"Residual","stage":2,"raw_iteration":2,"iteration_kind":"picard","wall_ms":0.307500000,"device_sum_ms":0.115583418,"wall_minus_device_ms":0.191916582,"exclusive_wall_ms":0.307500000,"exclusive_device_sum_ms":0.115583418,"child_observer_wall_ms":0.000000000,"count_scope":"inclusive","owner_commits":1,"projection_invocations":0}
RISE_FIRE_OWNER_PROFILE_V1 {"scope":96,"parent":95,"phase":"ProjectionAdapter","stage":2,"raw_iteration":2147483650,"iteration_kind":"terminal","wall_ms":11.534125000,"device_sum_ms":8.627749979,"wall_minus_device_ms":2.906375021,"exclusive_wall_ms":11.534125000,"exclusive_device_sum_ms":8.627749979,"child_observer_wall_ms":0.000000000,"count_scope":"inclusive","owner_commits":0,"projection_invocations":1}
RISE_FIRE_OWNER_PROFILE_V1 {"scope":95,"parent":94,"phase":"Project","stage":2,"raw_iteration":2147483650,"iteration_kind":"terminal","wall_ms":12.098083000,"device_sum_ms":8.669249946,"wall_minus_device_ms":3.428833054,"exclusive_wall_ms":0.541124000,"exclusive_device_sum_ms":0.041499967,"child_observer_wall_ms":0.022834000,"count_scope":"inclusive","owner_commits":2,"projection_invocations":1}
RISE_FIRE_OWNER_PROFILE_V1 {"scope":97,"parent":94,"phase":"ReadOpenClass","stage":2,"raw_iteration":2147483650,"iteration_kind":"terminal","wall_ms":0.180208000,"device_sum_ms":0.002375105,"wall_minus_device_ms":0.177832895,"exclusive_wall_ms":0.180208000,"exclusive_device_sum_ms":0.002375105,"child_observer_wall_ms":0.000000000,"count_scope":"inclusive","owner_commits":1,"projection_invocations":0}
RISE_FIRE_OWNER_PROFILE_V1 {"scope":98,"parent":94,"phase":"ReadOpenClass","stage":2,"raw_iteration":2147483650,"iteration_kind":"terminal","wall_ms":0.168291000,"device_sum_ms":0.002333196,"wall_minus_device_ms":0.165957804,"exclusive_wall_ms":0.168291000,"exclusive_device_sum_ms":0.002333196,"child_observer_wall_ms":0.000000000,"count_scope":"inclusive","owner_commits":1,"projection_invocations":0}
PRODUCER_COMMAND_V1 stage=2 raw_iteration=2147483650 cpu_begin=1990025909507000 cpu_end=1990026748813291 gpu_begin=1990025909507000 gpu_end=1990026748813291 device_ms=755.60858333483338 encoders=35 interval_scope=possibly_overlapping
PRODUCER_KERNEL_V1 stage=2 raw_iteration=2147483650 ordinal=0 kernel=owner_pack_faces threads=1533387 begin_tick=1990025993106750 end_tick=1990025993163250 ms_per_tick=9.9999999999999995e-07 device_ms=0.056499999999999995
PRODUCER_KERNEL_V1 stage=2 raw_iteration=2147483650 ordinal=1 kernel=owner_pack_faces threads=1533387 begin_tick=1990025993162583 end_tick=1990025993598791 ms_per_tick=9.9999999999999995e-07 device_ms=0.43620799999999998
PRODUCER_KERNEL_V1 stage=2 raw_iteration=2147483650 ordinal=2 kernel=owner_pack_faces threads=1533387 begin_tick=1990025993102041 end_tick=1990025993162583 ms_per_tick=9.9999999999999995e-07 device_ms=0.060541999999999999
PRODUCER_KERNEL_V1 stage=2 raw_iteration=2147483650 ordinal=3 kernel=fct_extract_gas_density threads=504666 begin_tick=1990025993598791 end_tick=1990025993622583 ms_per_tick=9.9999999999999995e-07 device_ms=0.023792000000000001
PRODUCER_KERNEL_V1 stage=2 raw_iteration=2147483650 ordinal=4 kernel=owner_gas_source threads=504666 begin_tick=1990025993622583 end_tick=1990025993665250 ms_per_tick=9.9999999999999995e-07 device_ms=0.042666999999999997
PRODUCER_KERNEL_V1 stage=2 raw_iteration=2147483650 ordinal=5 kernel=evaluate_resident_transport threads=504666 begin_tick=1990025993163750 end_tick=1990025993652875 ms_per_tick=9.9999999999999995e-07 device_ms=0.48912499999999998
PRODUCER_KERNEL_V1 stage=2 raw_iteration=2147483650 ordinal=6 kernel=identify_resident_transport threads=1 begin_tick=1990025993654333 end_tick=1990025993664666 ms_per_tick=9.9999999999999995e-07 device_ms=0.010333
PRODUCER_KERNEL_V1 stage=2 raw_iteration=2147483650 ordinal=7 kernel=owner_bind_transport threads=1 begin_tick=1990025993665083 end_tick=1990025993668583 ms_per_tick=9.9999999999999995e-07 device_ms=0.0034999999999999996
PRODUCER_KERNEL_V1 stage=2 raw_iteration=2147483650 ordinal=8 kernel=identify_resident_owner_endpoint_class threads=1 begin_tick=1990025993669000 end_tick=1990025993672416 ms_per_tick=9.9999999999999995e-07 device_ms=0.0034159999999999998
PRODUCER_KERNEL_V1 stage=2 raw_iteration=2147483650 ordinal=9 kernel=evaluate_resident_physical_flux threads=1533387 begin_tick=1990025994538208 end_tick=1990025995650083 ms_per_tick=9.9999999999999995e-07 device_ms=1.1118749999999999
PRODUCER_KERNEL_V1 stage=2 raw_iteration=2147483650 ordinal=10 kernel=evaluate_resident_advective_pair threads=13800483 begin_tick=1990025995944250 end_tick=1990026004518125 ms_per_tick=9.9999999999999995e-07 device_ms=8.5738749999999992
PRODUCER_KERNEL_V1 stage=2 raw_iteration=2147483650 ordinal=11 kernel=finalize_resident_advective_high threads=13800483 begin_tick=1990026004535333 end_tick=1990026005002000 ms_per_tick=9.9999999999999995e-07 device_ms=0.466667
PRODUCER_KERNEL_V1 stage=2 raw_iteration=2147483650 ordinal=12 kernel=compose_resident_flux_pair threads=13800483 begin_tick=1990026005002416 end_tick=1990026005884333 ms_per_tick=9.9999999999999995e-07 device_ms=0.88191699999999995
PRODUCER_KERNEL_V1 stage=2 raw_iteration=2147483650 ordinal=13 kernel=validate_resident_physical_flux threads=13800483 begin_tick=1990026005884916 end_tick=1990026006710333 ms_per_tick=9.9999999999999995e-07 device_ms=0.82541699999999996
PRODUCER_KERNEL_V1 stage=2 raw_iteration=2147483650 ordinal=14 kernel=identify_resident_physical_flux threads=32 begin_tick=1990026006710750 end_tick=1990026006714000 ms_per_tick=9.9999999999999995e-07 device_ms=0.0032499999999999999
PRODUCER_KERNEL_V1 stage=2 raw_iteration=2147483650 ordinal=15 kernel=owner_bind_candidate threads=1 begin_tick=1990026006714458 end_tick=1990026006718291 ms_per_tick=9.9999999999999995e-07 device_ms=0.003833
PRODUCER_KERNEL_V1 stage=2 raw_iteration=2147483650 ordinal=16 kernel=finalize_resident_eos_candidate threads=1 begin_tick=1990026006718625 end_tick=1990026006721083 ms_per_tick=9.9999999999999995e-07 device_ms=0.0024579999999999997
PRODUCER_KERNEL_V1 stage=2 raw_iteration=2147483650 ordinal=17 kernel=evaluate_resident_eos_candidate threads=504666 begin_tick=1990026006721708 end_tick=1990026623246250 ms_per_tick=9.9999999999999995e-07 device_ms=616.524542
PRODUCER_KERNEL_V1 stage=2 raw_iteration=2147483650 ordinal=18 kernel=finalize_resident_eos_candidate threads=1 begin_tick=1990026623262708 end_tick=1990026623265500 ms_per_tick=9.9999999999999995e-07 device_ms=0.0027919999999999998
PRODUCER_KERNEL_V1 stage=2 raw_iteration=2147483650 ordinal=19 kernel=identify_resident_eos threads=1 begin_tick=1990026623266083 end_tick=1990026623268791 ms_per_tick=9.9999999999999995e-07 device_ms=0.0027079999999999999
PRODUCER_KERNEL_V1 stage=2 raw_iteration=2147483650 ordinal=20 kernel=produce_resident_frozen_source threads=504666 begin_tick=1990026623269208 end_tick=1990026623299250 ms_per_tick=9.9999999999999995e-07 device_ms=0.030041999999999999
PRODUCER_KERNEL_V1 stage=2 raw_iteration=2147483650 ordinal=21 kernel=identify_resident_frozen_source threads=1 begin_tick=1990026623299875 end_tick=1990026623302625 ms_per_tick=9.9999999999999995e-07 device_ms=0.0027499999999999998
PRODUCER_KERNEL_V1 stage=2 raw_iteration=2147483650 ordinal=22 kernel=evaluate_resident_target_terms threads=504666 begin_tick=1990026623303000 end_tick=1990026747858000 ms_per_tick=9.9999999999999995e-07 device_ms=124.55499999999999
PRODUCER_KERNEL_V1 stage=2 raw_iteration=2147483650 ordinal=23 kernel=finalize_resident_target threads=1 begin_tick=1990026747871791 end_tick=1990026747875166 ms_per_tick=9.9999999999999995e-07 device_ms=0.003375
PRODUCER_KERNEL_V1 stage=2 raw_iteration=2147483650 ordinal=24 kernel=identify_resident_target threads=1 begin_tick=1990026747875458 end_tick=1990026747878541 ms_per_tick=9.9999999999999995e-07 device_ms=0.0030829999999999998
PRODUCER_KERNEL_V1 stage=2 raw_iteration=2147483650 ordinal=25 kernel=issue_resident_projection_consumer threads=1 begin_tick=1990026747879083 end_tick=1990026747883166 ms_per_tick=9.9999999999999995e-07 device_ms=0.0040829999999999998
PRODUCER_KERNEL_V1 stage=2 raw_iteration=2147483650 ordinal=26 kernel=consume_resident_target threads=1 begin_tick=1990026747883708 end_tick=1990026747887958 ms_per_tick=9.9999999999999995e-07 device_ms=0.0042499999999999994
PRODUCER_KERNEL_V1 stage=2 raw_iteration=2147483650 ordinal=27 kernel=owner_compose_target threads=504666 begin_tick=1990026747888375 end_tick=1990026747920375 ms_per_tick=9.9999999999999995e-07 device_ms=0.032000000000000001
PRODUCER_KERNEL_V1 stage=2 raw_iteration=2147483650 ordinal=28 kernel=finalize_resident_target threads=1 begin_tick=1990026747920791 end_tick=1990026747923291 ms_per_tick=9.9999999999999995e-07 device_ms=0.0025000000000000001
PRODUCER_KERNEL_V1 stage=2 raw_iteration=2147483650 ordinal=29 kernel=owner_identify_target threads=1 begin_tick=1990026747923875 end_tick=1990026747927083 ms_per_tick=9.9999999999999995e-07 device_ms=0.0032079999999999999
PRODUCER_KERNEL_V1 stage=2 raw_iteration=2147483650 ordinal=30 kernel=issue_resident_projection_consumer threads=1 begin_tick=1990026747927500 end_tick=1990026747930583 ms_per_tick=9.9999999999999995e-07 device_ms=0.0030829999999999998
PRODUCER_KERNEL_V1 stage=2 raw_iteration=2147483650 ordinal=31 kernel=consume_resident_target threads=1 begin_tick=1990026747931125 end_tick=1990026747934250 ms_per_tick=9.9999999999999995e-07 device_ms=0.0031249999999999997
PRODUCER_KERNEL_V1 stage=2 raw_iteration=2147483650 ordinal=32 kernel=owner_issue_stage_seal threads=1 begin_tick=1990026747934666 end_tick=1990026747937458 ms_per_tick=9.9999999999999995e-07 device_ms=0.0027919999999999998
PRODUCER_KERNEL_V1 stage=2 raw_iteration=2147483650 ordinal=33 kernel=fct_compatible_stage_rate threads=1533387 begin_tick=1990026747937916 end_tick=1990026748612083 ms_per_tick=9.9999999999999995e-07 device_ms=0.67416699999999996
PRODUCER_KERNEL_V1 stage=2 raw_iteration=2147483650 ordinal=34 kernel=owner_heun_momentum threads=1533387 begin_tick=1990026748612875 end_tick=1990026748704916 ms_per_tick=9.9999999999999995e-07 device_ms=0.092040999999999998
RISE_FIRE_OWNER_PROFILE_V1 {"scope":99,"parent":94,"phase":"BuildStageProducerGroup","stage":2,"raw_iteration":2147483650,"iteration_kind":"terminal","wall_ms":839.461125000,"device_sum_ms":755.608583335,"wall_minus_device_ms":83.852541665,"exclusive_wall_ms":839.461125000,"exclusive_device_sum_ms":755.608583335,"child_observer_wall_ms":0.000000000,"count_scope":"inclusive","owner_commits":1,"projection_invocations":0}
RISE_FIRE_OWNER_PROFILE_V1 {"scope":100,"parent":94,"phase":"Residual","stage":2,"raw_iteration":2147483650,"iteration_kind":"terminal","wall_ms":0.326916000,"device_sum_ms":0.114666531,"wall_minus_device_ms":0.212249469,"exclusive_wall_ms":0.326916000,"exclusive_device_sum_ms":0.114666531,"child_observer_wall_ms":0.000000000,"count_scope":"inclusive","owner_commits":1,"projection_invocations":0}
RISE_FIRE_OWNER_PROFILE_V1 {"scope":94,"parent":87,"phase":"TerminalVerification","stage":2,"raw_iteration":2147483650,"iteration_kind":"terminal","wall_ms":852.281875000,"device_sum_ms":764.397208113,"wall_minus_device_ms":87.884666887,"exclusive_wall_ms":0.004834000,"exclusive_device_sum_ms":0.000000000,"child_observer_wall_ms":0.042418000,"count_scope":"inclusive","owner_commits":6,"projection_invocations":1}
RISE_FIRE_OWNER_PROFILE_V1 {"scope":87,"parent":69,"phase":"PicardIteration","stage":2,"raw_iteration":2,"iteration_kind":"picard","wall_ms":1706.556666000,"device_sum_ms":1530.423499877,"wall_minus_device_ms":176.133166123,"exclusive_wall_ms":1.210917000,"exclusive_device_sum_ms":0.000000000,"child_observer_wall_ms":0.035791000,"count_scope":"inclusive","owner_commits":12,"projection_invocations":2}
RISE_FIRE_OWNER_PROFILE_V1 {"scope":69,"parent":1,"phase":"SolveStage","stage":2,"raw_iteration":4294967295,"iteration_kind":"bootstrap","wall_ms":4279.276000000,"device_sum_ms":3840.962125221,"wall_minus_device_ms":438.313874779,"exclusive_wall_ms":2.772959000,"exclusive_device_sum_ms":0.000000000,"child_observer_wall_ms":0.035376000,"count_scope":"inclusive","owner_commits":27,"projection_invocations":5}
RISE_FIRE_OWNER_PROFILE_V1 {"scope":101,"parent":1,"phase":"TerminalPublication","stage":4294967295,"raw_iteration":4294967295,"iteration_kind":"owner","wall_ms":12.294917000,"device_sum_ms":6.158124888,"wall_minus_device_ms":6.136792112,"exclusive_wall_ms":12.294917000,"exclusive_device_sum_ms":6.158124888,"child_observer_wall_ms":0.000000000,"count_scope":"inclusive","owner_commits":1,"projection_invocations":0}
RISE_FIRE_OWNER_PROFILE_V1 {"scope":1,"parent":0,"phase":"OwnerRun","stage":4294967295,"raw_iteration":4294967295,"iteration_kind":"owner","wall_ms":12965.472916000,"device_sum_ms":11535.138376290,"wall_minus_device_ms":1430.334539710,"exclusive_wall_ms":6.285083000,"exclusive_device_sum_ms":0.018625055,"child_observer_wall_ms":0.097500000,"count_scope":"inclusive","owner_commits":86,"projection_invocations":15}
capstone accepted step=2 time=0.00329253194 dt=0.00164626597 Tmax=305.218193 qmax=0 eos_max=4.70601489e-05 approach_eos_max=4.70601489e-05 limiter_class=continuous limiter_discrepancy=0 active_set_class=continuous active_set_discrepancy=0 active_set_cycle=0 active_set_faces=0
capstone step-start=2 speed=0.154281661 gprime=0.178086095 nu=0.000104673754 selected=0.00181089257 previous=0.00164626597
capstone event-step=0.00164626597 pilot_ceiling=0.0115509308 ramp_end=0.209320803
RISE_FIRE_OWNER_PROFILE_V1 {"scope":2,"parent":1,"phase":"Prepare","stage":4294967295,"raw_iteration":4294967295,"iteration_kind":"owner","wall_ms":95.289125000,"device_sum_ms":3.247249871,"wall_minus_device_ms":92.041875129,"exclusive_wall_ms":95.289125000,"exclusive_device_sum_ms":3.247249871,"child_observer_wall_ms":0.000000000,"count_scope":"inclusive","owner_commits":1,"projection_invocations":0}
RISE_FIRE_OWNER_PROFILE_V1 {"scope":5,"parent":4,"phase":"ProjectionAdapter","stage":0,"raw_iteration":4294967295,"iteration_kind":"bootstrap","wall_ms":17.626042000,"device_sum_ms":14.635249972,"wall_minus_device_ms":2.990792028,"exclusive_wall_ms":17.626042000,"exclusive_device_sum_ms":14.635249972,"child_observer_wall_ms":0.000000000,"count_scope":"inclusive","owner_commits":0,"projection_invocations":1}
RISE_FIRE_OWNER_PROFILE_V1 {"scope":4,"parent":3,"phase":"Project","stage":0,"raw_iteration":4294967295,"iteration_kind":"bootstrap","wall_ms":18.368584000,"device_sum_ms":14.679416548,"wall_minus_device_ms":3.689167452,"exclusive_wall_ms":0.724459000,"exclusive_device_sum_ms":0.044166576,"child_observer_wall_ms":0.018083000,"count_scope":"inclusive","owner_commits":2,"projection_invocations":1}
PRODUCER_COMMAND_V1 stage=0 raw_iteration=4294967295 cpu_begin=1990028012409166 cpu_end=1990028854522000 gpu_begin=1990028012409166 gpu_end=1990028854522000 device_ms=759.13941650651395 encoders=38 interval_scope=possibly_overlapping
PRODUCER_KERNEL_V1 stage=0 raw_iteration=4294967295 ordinal=0 kernel=owner_pack_faces threads=1533387 begin_tick=1990028095288083 end_tick=1990028095342791 ms_per_tick=9.9999999999999995e-07 device_ms=0.054708
PRODUCER_KERNEL_V1 stage=0 raw_iteration=4294967295 ordinal=1 kernel=owner_pack_faces threads=1533387 begin_tick=1990028095342125 end_tick=1990028095797458 ms_per_tick=9.9999999999999995e-07 device_ms=0.45533299999999999
PRODUCER_KERNEL_V1 stage=0 raw_iteration=4294967295 ordinal=2 kernel=owner_pack_faces threads=1533387 begin_tick=1990028095284958 end_tick=1990028095342125 ms_per_tick=9.9999999999999995e-07 device_ms=0.057166999999999996
PRODUCER_KERNEL_V1 stage=0 raw_iteration=4294967295 ordinal=3 kernel=fct_extract_gas_density threads=504666 begin_tick=1990028095797458 end_tick=1990028095821708 ms_per_tick=9.9999999999999995e-07 device_ms=0.024249999999999997
PRODUCER_KERNEL_V1 stage=0 raw_iteration=4294967295 ordinal=4 kernel=owner_gas_source threads=504666 begin_tick=1990028095821708 end_tick=1990028095864041 ms_per_tick=9.9999999999999995e-07 device_ms=0.042332999999999996
PRODUCER_KERNEL_V1 stage=0 raw_iteration=4294967295 ordinal=5 kernel=evaluate_resident_transport threads=504666 begin_tick=1990028095343250 end_tick=1990028095831291 ms_per_tick=9.9999999999999995e-07 device_ms=0.488041
PRODUCER_KERNEL_V1 stage=0 raw_iteration=4294967295 ordinal=6 kernel=identify_resident_transport threads=1 begin_tick=1990028095833375 end_tick=1990028095857833 ms_per_tick=9.9999999999999995e-07 device_ms=0.024458000000000001
PRODUCER_KERNEL_V1 stage=0 raw_iteration=4294967295 ordinal=7 kernel=owner_bind_transport threads=1 begin_tick=1990028095858791 end_tick=1990028095864583 ms_per_tick=9.9999999999999995e-07 device_ms=0.0057919999999999994
PRODUCER_KERNEL_V1 stage=0 raw_iteration=4294967295 ordinal=8 kernel=identify_resident_owner_endpoint_class threads=1 begin_tick=1990028095864916 end_tick=1990028095868375 ms_per_tick=9.9999999999999995e-07 device_ms=0.0034589999999999998
PRODUCER_KERNEL_V1 stage=0 raw_iteration=4294967295 ordinal=9 kernel=evaluate_resident_physical_flux threads=1533387 begin_tick=1990028096720000 end_tick=1990028097911583 ms_per_tick=9.9999999999999995e-07 device_ms=1.1915829999999998
PRODUCER_KERNEL_V1 stage=0 raw_iteration=4294967295 ordinal=10 kernel=evaluate_resident_advective_pair threads=13800483 begin_tick=1990028098088291 end_tick=1990028106893833 ms_per_tick=9.9999999999999995e-07 device_ms=8.8055419999999991
PRODUCER_KERNEL_V1 stage=0 raw_iteration=4294967295 ordinal=11 kernel=finalize_resident_advective_high threads=13800483 begin_tick=1990028106916375 end_tick=1990028107518458 ms_per_tick=9.9999999999999995e-07 device_ms=0.60208299999999992
PRODUCER_KERNEL_V1 stage=0 raw_iteration=4294967295 ordinal=12 kernel=compose_resident_flux_pair threads=13800483 begin_tick=1990028107519000 end_tick=1990028108404750 ms_per_tick=9.9999999999999995e-07 device_ms=0.88574999999999993
PRODUCER_KERNEL_V1 stage=0 raw_iteration=4294967295 ordinal=13 kernel=validate_resident_physical_flux threads=13800483 begin_tick=1990028108405416 end_tick=1990028109257500 ms_per_tick=9.9999999999999995e-07 device_ms=0.85208399999999995
PRODUCER_KERNEL_V1 stage=0 raw_iteration=4294967295 ordinal=14 kernel=identify_resident_physical_flux threads=32 begin_tick=1990028109258125 end_tick=1990028109263875 ms_per_tick=9.9999999999999995e-07 device_ms=0.0057499999999999999
PRODUCER_KERNEL_V1 stage=0 raw_iteration=4294967295 ordinal=15 kernel=fct_build_ratios threads=5551326 begin_tick=1990028109264416 end_tick=1990028112871500 ms_per_tick=9.9999999999999995e-07 device_ms=3.607084
PRODUCER_KERNEL_V1 stage=0 raw_iteration=4294967295 ordinal=16 kernel=fct_build_face_alpha threads=1533387 begin_tick=1990028112872041 end_tick=1990028113141083 ms_per_tick=9.9999999999999995e-07 device_ms=0.269042
PRODUCER_KERNEL_V1 stage=0 raw_iteration=4294967295 ordinal=17 kernel=fct_commit_scalar threads=504666 begin_tick=1990028113141625 end_tick=1990028113331041 ms_per_tick=9.9999999999999995e-07 device_ms=0.189416
PRODUCER_KERNEL_V1 stage=0 raw_iteration=4294967295 ordinal=18 kernel=owner_bind_candidate threads=1 begin_tick=1990028113331666 end_tick=1990028113335750 ms_per_tick=9.9999999999999995e-07 device_ms=0.004084
PRODUCER_KERNEL_V1 stage=0 raw_iteration=4294967295 ordinal=19 kernel=finalize_resident_eos_candidate threads=1 begin_tick=1990028113336333 end_tick=1990028113338625 ms_per_tick=9.9999999999999995e-07 device_ms=0.0022919999999999998
PRODUCER_KERNEL_V1 stage=0 raw_iteration=4294967295 ordinal=20 kernel=evaluate_resident_eos_candidate threads=504666 begin_tick=1990028113339041 end_tick=1990028730352083 ms_per_tick=9.9999999999999995e-07 device_ms=617.01304199999993
PRODUCER_KERNEL_V1 stage=0 raw_iteration=4294967295 ordinal=21 kernel=finalize_resident_eos_candidate threads=1 begin_tick=1990028730367583 end_tick=1990028730370500 ms_per_tick=9.9999999999999995e-07 device_ms=0.0029169999999999999
PRODUCER_KERNEL_V1 stage=0 raw_iteration=4294967295 ordinal=22 kernel=identify_resident_eos threads=1 begin_tick=1990028730370916 end_tick=1990028730373416 ms_per_tick=9.9999999999999995e-07 device_ms=0.0025000000000000001
PRODUCER_KERNEL_V1 stage=0 raw_iteration=4294967295 ordinal=23 kernel=produce_resident_frozen_source threads=504666 begin_tick=1990028730373750 end_tick=1990028730403708 ms_per_tick=9.9999999999999995e-07 device_ms=0.029957999999999999
PRODUCER_KERNEL_V1 stage=0 raw_iteration=4294967295 ordinal=24 kernel=identify_resident_frozen_source threads=1 begin_tick=1990028730404083 end_tick=1990028730406625 ms_per_tick=9.9999999999999995e-07 device_ms=0.002542
PRODUCER_KERNEL_V1 stage=0 raw_iteration=4294967295 ordinal=25 kernel=evaluate_resident_target_terms threads=504666 begin_tick=1990028730407000 end_tick=1990028853729000 ms_per_tick=9.9999999999999995e-07 device_ms=123.32199999999999
PRODUCER_KERNEL_V1 stage=0 raw_iteration=4294967295 ordinal=26 kernel=finalize_resident_target threads=1 begin_tick=1990028853744666 end_tick=1990028853748125 ms_per_tick=9.9999999999999995e-07 device_ms=0.0034589999999999998
PRODUCER_KERNEL_V1 stage=0 raw_iteration=4294967295 ordinal=27 kernel=identify_resident_target threads=1 begin_tick=1990028853748416 end_tick=1990028853751375 ms_per_tick=9.9999999999999995e-07 device_ms=0.0029589999999999998
PRODUCER_KERNEL_V1 stage=0 raw_iteration=4294967295 ordinal=28 kernel=issue_resident_projection_consumer threads=1 begin_tick=1990028853751791 end_tick=1990028853756125 ms_per_tick=9.9999999999999995e-07 device_ms=0.0043340000000000002
PRODUCER_KERNEL_V1 stage=0 raw_iteration=4294967295 ordinal=29 kernel=consume_resident_target threads=1 begin_tick=1990028853756458 end_tick=1990028853760666 ms_per_tick=9.9999999999999995e-07 device_ms=0.0042079999999999999
PRODUCER_KERNEL_V1 stage=0 raw_iteration=4294967295 ordinal=30 kernel=owner_compose_target threads=504666 begin_tick=1990028853761083 end_tick=1990028853793375 ms_per_tick=9.9999999999999995e-07 device_ms=0.032292000000000001
PRODUCER_KERNEL_V1 stage=0 raw_iteration=4294967295 ordinal=31 kernel=finalize_resident_target threads=1 begin_tick=1990028853793791 end_tick=1990028853796291 ms_per_tick=9.9999999999999995e-07 device_ms=0.0025000000000000001
PRODUCER_KERNEL_V1 stage=0 raw_iteration=4294967295 ordinal=32 kernel=owner_identify_target threads=1 begin_tick=1990028853796666 end_tick=1990028853800125 ms_per_tick=9.9999999999999995e-07 device_ms=0.0034589999999999998
PRODUCER_KERNEL_V1 stage=0 raw_iteration=4294967295 ordinal=33 kernel=issue_resident_projection_consumer threads=1 begin_tick=1990028853800541 end_tick=1990028853803541 ms_per_tick=9.9999999999999995e-07 device_ms=0.0030000000000000001
PRODUCER_KERNEL_V1 stage=0 raw_iteration=4294967295 ordinal=34 kernel=consume_resident_target threads=1 begin_tick=1990028853803916 end_tick=1990028853807041 ms_per_tick=9.9999999999999995e-07 device_ms=0.0031249999999999997
PRODUCER_KERNEL_V1 stage=0 raw_iteration=4294967295 ordinal=35 kernel=owner_issue_stage_seal threads=1 begin_tick=1990028853807416 end_tick=1990028853810333 ms_per_tick=9.9999999999999995e-07 device_ms=0.0029169999999999999
PRODUCER_KERNEL_V1 stage=0 raw_iteration=4294967295 ordinal=36 kernel=fct_compatible_stage_rate threads=1533387 begin_tick=1990028853810833 end_tick=1990028854367541 ms_per_tick=9.9999999999999995e-07 device_ms=0.55670799999999998
PRODUCER_KERNEL_V1 stage=0 raw_iteration=4294967295 ordinal=37 kernel=owner_predict_momentum threads=1533387 begin_tick=1990028854368083 end_tick=1990028854418416 ms_per_tick=9.9999999999999995e-07 device_ms=0.050332999999999996
RISE_FIRE_OWNER_PROFILE_V1 {"scope":6,"parent":3,"phase":"BuildStageProducerGroup","stage":0,"raw_iteration":4294967295,"iteration_kind":"bootstrap","wall_ms":842.270958000,"device_sum_ms":759.139416507,"wall_minus_device_ms":83.131541493,"exclusive_wall_ms":842.270958000,"exclusive_device_sum_ms":759.139416507,"child_observer_wall_ms":0.000000000,"count_scope":"inclusive","owner_commits":1,"projection_invocations":0}
RISE_FIRE_OWNER_PROFILE_V1 {"scope":9,"parent":8,"phase":"ProjectionAdapter","stage":0,"raw_iteration":0,"iteration_kind":"picard","wall_ms":13.225292000,"device_sum_ms":10.091125267,"wall_minus_device_ms":3.134166733,"exclusive_wall_ms":13.225292000,"exclusive_device_sum_ms":10.091125267,"child_observer_wall_ms":0.000000000,"count_scope":"inclusive","owner_commits":0,"projection_invocations":1}
RISE_FIRE_OWNER_PROFILE_V1 {"scope":8,"parent":7,"phase":"Project","stage":0,"raw_iteration":0,"iteration_kind":"picard","wall_ms":13.942708000,"device_sum_ms":10.139958700,"wall_minus_device_ms":3.802749300,"exclusive_wall_ms":0.689750000,"exclusive_device_sum_ms":0.048833434,"child_observer_wall_ms":0.027666000,"count_scope":"inclusive","owner_commits":2,"projection_invocations":1}
RISE_FIRE_OWNER_PROFILE_V1 {"scope":10,"parent":7,"phase":"ReadOpenClass","stage":0,"raw_iteration":0,"iteration_kind":"picard","wall_ms":0.176083000,"device_sum_ms":0.002458459,"wall_minus_device_ms":0.173624541,"exclusive_wall_ms":0.176083000,"exclusive_device_sum_ms":0.002458459,"child_observer_wall_ms":0.000000000,"count_scope":"inclusive","owner_commits":1,"projection_invocations":0}
RISE_FIRE_OWNER_PROFILE_V1 {"scope":11,"parent":7,"phase":"ReadOpenClass","stage":0,"raw_iteration":0,"iteration_kind":"picard","wall_ms":0.168125000,"device_sum_ms":0.002291752,"wall_minus_device_ms":0.165833248,"exclusive_wall_ms":0.168125000,"exclusive_device_sum_ms":0.002291752,"child_observer_wall_ms":0.000000000,"count_scope":"inclusive","owner_commits":1,"projection_invocations":0}
PRODUCER_COMMAND_V1 stage=0 raw_iteration=0 cpu_begin=1990028869013000 cpu_end=1990029709398250 gpu_begin=1990028869013000 gpu_end=1990029709398250 device_ms=759.18175000697374 encoders=38 interval_scope=possibly_overlapping
PRODUCER_KERNEL_V1 stage=0 raw_iteration=0 ordinal=0 kernel=owner_pack_faces threads=1533387 begin_tick=1990028950225375 end_tick=1990028950277208 ms_per_tick=9.9999999999999995e-07 device_ms=0.051832999999999997
PRODUCER_KERNEL_V1 stage=0 raw_iteration=0 ordinal=1 kernel=owner_pack_faces threads=1533387 begin_tick=1990028950290791 end_tick=1990028950342166 ms_per_tick=9.9999999999999995e-07 device_ms=0.051374999999999997
PRODUCER_KERNEL_V1 stage=0 raw_iteration=0 ordinal=2 kernel=owner_pack_faces threads=1533387 begin_tick=1990028950420208 end_tick=1990028950512125 ms_per_tick=9.9999999999999995e-07 device_ms=0.091916999999999999
PRODUCER_KERNEL_V1 stage=0 raw_iteration=0 ordinal=3 kernel=fct_extract_gas_density threads=504666 begin_tick=1990028950443291 end_tick=1990028950492625 ms_per_tick=9.9999999999999995e-07 device_ms=0.049333999999999996
PRODUCER_KERNEL_V1 stage=0 raw_iteration=0 ordinal=4 kernel=owner_gas_source threads=504666 begin_tick=1990028950492625 end_tick=1990028950543041 ms_per_tick=9.9999999999999995e-07 device_ms=0.050415999999999996
PRODUCER_KERNEL_V1 stage=0 raw_iteration=0 ordinal=5 kernel=evaluate_resident_transport threads=504666 begin_tick=1990028950603083 end_tick=1990028951056625 ms_per_tick=9.9999999999999995e-07 device_ms=0.453542
PRODUCER_KERNEL_V1 stage=0 raw_iteration=0 ordinal=6 kernel=identify_resident_transport threads=1 begin_tick=1990028951057000 end_tick=1990028951059791 ms_per_tick=9.9999999999999995e-07 device_ms=0.0027910000000000001
PRODUCER_KERNEL_V1 stage=0 raw_iteration=0 ordinal=7 kernel=owner_bind_transport threads=1 begin_tick=1990028951060291 end_tick=1990028951063958 ms_per_tick=9.9999999999999995e-07 device_ms=0.0036669999999999997
PRODUCER_KERNEL_V1 stage=0 raw_iteration=0 ordinal=8 kernel=identify_resident_owner_endpoint_class threads=1 begin_tick=1990028951064958 end_tick=1990028951068416 ms_per_tick=9.9999999999999995e-07 device_ms=0.0034579999999999997
PRODUCER_KERNEL_V1 stage=0 raw_iteration=0 ordinal=9 kernel=evaluate_resident_physical_flux threads=1533387 begin_tick=1990028951992291 end_tick=1990028953106750 ms_per_tick=9.9999999999999995e-07 device_ms=1.1144589999999999
PRODUCER_KERNEL_V1 stage=0 raw_iteration=0 ordinal=10 kernel=evaluate_resident_advective_pair threads=13800483 begin_tick=1990028953466166 end_tick=1990028960743500 ms_per_tick=9.9999999999999995e-07 device_ms=7.2773339999999997
PRODUCER_KERNEL_V1 stage=0 raw_iteration=0 ordinal=11 kernel=finalize_resident_advective_high threads=13800483 begin_tick=1990028960744333 end_tick=1990028961164333 ms_per_tick=9.9999999999999995e-07 device_ms=0.41999999999999998
PRODUCER_KERNEL_V1 stage=0 raw_iteration=0 ordinal=12 kernel=compose_resident_flux_pair threads=13800483 begin_tick=1990028961164750 end_tick=1990028962052375 ms_per_tick=9.9999999999999995e-07 device_ms=0.887625
PRODUCER_KERNEL_V1 stage=0 raw_iteration=0 ordinal=13 kernel=validate_resident_physical_flux threads=13800483 begin_tick=1990028962053083 end_tick=1990028962915083 ms_per_tick=9.9999999999999995e-07 device_ms=0.86199999999999999
PRODUCER_KERNEL_V1 stage=0 raw_iteration=0 ordinal=14 kernel=identify_resident_physical_flux threads=32 begin_tick=1990028962915833 end_tick=1990028962918916 ms_per_tick=9.9999999999999995e-07 device_ms=0.0030829999999999998
PRODUCER_KERNEL_V1 stage=0 raw_iteration=0 ordinal=15 kernel=fct_build_ratios threads=5551326 begin_tick=1990028962919500 end_tick=1990028968058083 ms_per_tick=9.9999999999999995e-07 device_ms=5.1385829999999997
PRODUCER_KERNEL_V1 stage=0 raw_iteration=0 ordinal=16 kernel=fct_build_face_alpha threads=1533387 begin_tick=1990028968075333 end_tick=1990028968344000 ms_per_tick=9.9999999999999995e-07 device_ms=0.26866699999999999
PRODUCER_KERNEL_V1 stage=0 raw_iteration=0 ordinal=17 kernel=fct_commit_scalar threads=504666 begin_tick=1990028968344541 end_tick=1990028968539958 ms_per_tick=9.9999999999999995e-07 device_ms=0.19541699999999998
PRODUCER_KERNEL_V1 stage=0 raw_iteration=0 ordinal=18 kernel=owner_bind_candidate threads=1 begin_tick=1990028968540625 end_tick=1990028968544375 ms_per_tick=9.9999999999999995e-07 device_ms=0.0037499999999999999
PRODUCER_KERNEL_V1 stage=0 raw_iteration=0 ordinal=19 kernel=finalize_resident_eos_candidate threads=1 begin_tick=1990028968544833 end_tick=1990028968547291 ms_per_tick=9.9999999999999995e-07 device_ms=0.0024579999999999997
PRODUCER_KERNEL_V1 stage=0 raw_iteration=0 ordinal=20 kernel=evaluate_resident_eos_candidate threads=504666 begin_tick=1990028968547791 end_tick=1990029580850041 ms_per_tick=9.9999999999999995e-07 device_ms=612.30224999999996
PRODUCER_KERNEL_V1 stage=0 raw_iteration=0 ordinal=21 kernel=finalize_resident_eos_candidate threads=1 begin_tick=1990029580865750 end_tick=1990029580868208 ms_per_tick=9.9999999999999995e-07 device_ms=0.0024579999999999997
PRODUCER_KERNEL_V1 stage=0 raw_iteration=0 ordinal=22 kernel=identify_resident_eos threads=1 begin_tick=1990029580868625 end_tick=1990029580871500 ms_per_tick=9.9999999999999995e-07 device_ms=0.002875
PRODUCER_KERNEL_V1 stage=0 raw_iteration=0 ordinal=23 kernel=produce_resident_frozen_source threads=504666 begin_tick=1990029580871875 end_tick=1990029580903000 ms_per_tick=9.9999999999999995e-07 device_ms=0.031125
PRODUCER_KERNEL_V1 stage=0 raw_iteration=0 ordinal=24 kernel=identify_resident_frozen_source threads=1 begin_tick=1990029580903416 end_tick=1990029580906041 ms_per_tick=9.9999999999999995e-07 device_ms=0.0026249999999999997
PRODUCER_KERNEL_V1 stage=0 raw_iteration=0 ordinal=25 kernel=evaluate_resident_target_terms threads=504666 begin_tick=1990029580906458 end_tick=1990029708479166 ms_per_tick=9.9999999999999995e-07 device_ms=127.57270799999999
PRODUCER_KERNEL_V1 stage=0 raw_iteration=0 ordinal=26 kernel=finalize_resident_target threads=1 begin_tick=1990029708590625 end_tick=1990029708594000 ms_per_tick=9.9999999999999995e-07 device_ms=0.003375
PRODUCER_KERNEL_V1 stage=0 raw_iteration=0 ordinal=27 kernel=identify_resident_target threads=1 begin_tick=1990029708594416 end_tick=1990029708597458 ms_per_tick=9.9999999999999995e-07 device_ms=0.003042
PRODUCER_KERNEL_V1 stage=0 raw_iteration=0 ordinal=28 kernel=issue_resident_projection_consumer threads=1 begin_tick=1990029708597875 end_tick=1990029708601958 ms_per_tick=9.9999999999999995e-07 device_ms=0.0040829999999999998
PRODUCER_KERNEL_V1 stage=0 raw_iteration=0 ordinal=29 kernel=consume_resident_target threads=1 begin_tick=1990029708602708 end_tick=1990029708607000 ms_per_tick=9.9999999999999995e-07 device_ms=0.0042919999999999998
PRODUCER_KERNEL_V1 stage=0 raw_iteration=0 ordinal=30 kernel=owner_compose_target threads=504666 begin_tick=1990029708607416 end_tick=1990029708687000 ms_per_tick=9.9999999999999995e-07 device_ms=0.079584000000000002
PRODUCER_KERNEL_V1 stage=0 raw_iteration=0 ordinal=31 kernel=finalize_resident_target threads=1 begin_tick=1990029708687416 end_tick=1990029708689875 ms_per_tick=9.9999999999999995e-07 device_ms=0.0024589999999999998
PRODUCER_KERNEL_V1 stage=0 raw_iteration=0 ordinal=32 kernel=owner_identify_target threads=1 begin_tick=1990029708690291 end_tick=1990029708693208 ms_per_tick=9.9999999999999995e-07 device_ms=0.0029169999999999999
PRODUCER_KERNEL_V1 stage=0 raw_iteration=0 ordinal=33 kernel=issue_resident_projection_consumer threads=1 begin_tick=1990029708693625 end_tick=1990029708696666 ms_per_tick=9.9999999999999995e-07 device_ms=0.0030409999999999999
PRODUCER_KERNEL_V1 stage=0 raw_iteration=0 ordinal=34 kernel=consume_resident_target threads=1 begin_tick=1990029708697083 end_tick=1990029708700250 ms_per_tick=9.9999999999999995e-07 device_ms=0.0031669999999999997
PRODUCER_KERNEL_V1 stage=0 raw_iteration=0 ordinal=35 kernel=owner_issue_stage_seal threads=1 begin_tick=1990029708700625 end_tick=1990029708703458 ms_per_tick=9.9999999999999995e-07 device_ms=0.002833
PRODUCER_KERNEL_V1 stage=0 raw_iteration=0 ordinal=36 kernel=fct_compatible_stage_rate threads=1533387 begin_tick=1990029708703958 end_tick=1990029709235583 ms_per_tick=9.9999999999999995e-07 device_ms=0.53162500000000001
PRODUCER_KERNEL_V1 stage=0 raw_iteration=0 ordinal=37 kernel=owner_predict_momentum threads=1533387 begin_tick=1990029709236000 end_tick=1990029709285291 ms_per_tick=9.9999999999999995e-07 device_ms=0.049290999999999995
RISE_FIRE_OWNER_PROFILE_V1 {"scope":12,"parent":7,"phase":"BuildStageProducerGroup","stage":0,"raw_iteration":0,"iteration_kind":"picard","wall_ms":840.572125000,"device_sum_ms":759.181750007,"wall_minus_device_ms":81.390374993,"exclusive_wall_ms":840.572125000,"exclusive_device_sum_ms":759.181750007,"child_observer_wall_ms":0.000000000,"count_scope":"inclusive","owner_commits":1,"projection_invocations":0}
RISE_FIRE_OWNER_PROFILE_V1 {"scope":13,"parent":7,"phase":"Residual","stage":0,"raw_iteration":0,"iteration_kind":"picard","wall_ms":0.243083000,"device_sum_ms":0.021249987,"wall_minus_device_ms":0.221833013,"exclusive_wall_ms":0.243083000,"exclusive_device_sum_ms":0.021249987,"child_observer_wall_ms":0.000000000,"count_scope":"inclusive","owner_commits":1,"projection_invocations":0}
RISE_FIRE_OWNER_PROFILE_V1 {"scope":7,"parent":3,"phase":"PicardIteration","stage":0,"raw_iteration":0,"iteration_kind":"picard","wall_ms":855.812958000,"device_sum_ms":769.347708905,"wall_minus_device_ms":86.465249095,"exclusive_wall_ms":0.661292000,"exclusive_device_sum_ms":0.000000000,"child_observer_wall_ms":0.049542000,"count_scope":"inclusive","owner_commits":6,"projection_invocations":1}
RISE_FIRE_OWNER_PROFILE_V1 {"scope":16,"parent":15,"phase":"ProjectionAdapter","stage":0,"raw_iteration":1,"iteration_kind":"picard","wall_ms":12.730833000,"device_sum_ms":9.931291686,"wall_minus_device_ms":2.799541314,"exclusive_wall_ms":12.730833000,"exclusive_device_sum_ms":9.931291686,"child_observer_wall_ms":0.000000000,"count_scope":"inclusive","owner_commits":0,"projection_invocations":1}
RISE_FIRE_OWNER_PROFILE_V1 {"scope":15,"parent":14,"phase":"Project","stage":0,"raw_iteration":1,"iteration_kind":"picard","wall_ms":13.847458000,"device_sum_ms":9.976083180,"wall_minus_device_ms":3.871374820,"exclusive_wall_ms":1.109541000,"exclusive_device_sum_ms":0.044791494,"child_observer_wall_ms":0.007084000,"count_scope":"inclusive","owner_commits":2,"projection_invocations":1}
RISE_FIRE_OWNER_PROFILE_V1 {"scope":17,"parent":14,"phase":"ReadOpenClass","stage":0,"raw_iteration":1,"iteration_kind":"picard","wall_ms":0.149958000,"device_sum_ms":0.002416782,"wall_minus_device_ms":0.147541218,"exclusive_wall_ms":0.149958000,"exclusive_device_sum_ms":0.002416782,"child_observer_wall_ms":0.000000000,"count_scope":"inclusive","owner_commits":1,"projection_invocations":0}
RISE_FIRE_OWNER_PROFILE_V1 {"scope":18,"parent":14,"phase":"ReadOpenClass","stage":0,"raw_iteration":1,"iteration_kind":"picard","wall_ms":0.138917000,"device_sum_ms":0.002333196,"wall_minus_device_ms":0.136583804,"exclusive_wall_ms":0.138917000,"exclusive_device_sum_ms":0.002333196,"child_observer_wall_ms":0.000000000,"count_scope":"inclusive","owner_commits":1,"projection_invocations":0}
PRODUCER_COMMAND_V1 stage=0 raw_iteration=1 cpu_begin=1990029724641666 cpu_end=1990030556264041 gpu_begin=1990029724641666 gpu_end=1990030556264041 device_ms=749.85349993221462 encoders=38 interval_scope=possibly_overlapping
PRODUCER_KERNEL_V1 stage=0 raw_iteration=1 ordinal=0 kernel=owner_pack_faces threads=1533387 begin_tick=1990029806320916 end_tick=1990029806374708 ms_per_tick=9.9999999999999995e-07 device_ms=0.053792
PRODUCER_KERNEL_V1 stage=0 raw_iteration=1 ordinal=1 kernel=owner_pack_faces threads=1533387 begin_tick=1990029806374416 end_tick=1990029806811125 ms_per_tick=9.9999999999999995e-07 device_ms=0.43670899999999996
PRODUCER_KERNEL_V1 stage=0 raw_iteration=1 ordinal=2 kernel=owner_pack_faces threads=1533387 begin_tick=1990029806318333 end_tick=1990029806374416 ms_per_tick=9.9999999999999995e-07 device_ms=0.056083000000000001
PRODUCER_KERNEL_V1 stage=0 raw_iteration=1 ordinal=3 kernel=fct_extract_gas_density threads=504666 begin_tick=1990029806811125 end_tick=1990029806835458 ms_per_tick=9.9999999999999995e-07 device_ms=0.024333
PRODUCER_KERNEL_V1 stage=0 raw_iteration=1 ordinal=4 kernel=owner_gas_source threads=504666 begin_tick=1990029806835458 end_tick=1990029806879583 ms_per_tick=9.9999999999999995e-07 device_ms=0.044124999999999998
PRODUCER_KERNEL_V1 stage=0 raw_iteration=1 ordinal=5 kernel=evaluate_resident_transport threads=504666 begin_tick=1990029806375125 end_tick=1990029806880291 ms_per_tick=9.9999999999999995e-07 device_ms=0.505166
PRODUCER_KERNEL_V1 stage=0 raw_iteration=1 ordinal=6 kernel=identify_resident_transport threads=1 begin_tick=1990029806880750 end_tick=1990029806883666 ms_per_tick=9.9999999999999995e-07 device_ms=0.0029159999999999998
PRODUCER_KERNEL_V1 stage=0 raw_iteration=1 ordinal=7 kernel=owner_bind_transport threads=1 begin_tick=1990029806884125 end_tick=1990029806887750 ms_per_tick=9.9999999999999995e-07 device_ms=0.0036249999999999998
PRODUCER_KERNEL_V1 stage=0 raw_iteration=1 ordinal=8 kernel=identify_resident_owner_endpoint_class threads=1 begin_tick=1990029806888083 end_tick=1990029806891458 ms_per_tick=9.9999999999999995e-07 device_ms=0.003375
PRODUCER_KERNEL_V1 stage=0 raw_iteration=1 ordinal=9 kernel=evaluate_resident_physical_flux threads=1533387 begin_tick=1990029807784916 end_tick=1990029808903291 ms_per_tick=9.9999999999999995e-07 device_ms=1.1183749999999999
PRODUCER_KERNEL_V1 stage=0 raw_iteration=1 ordinal=10 kernel=evaluate_resident_advective_pair threads=13800483 begin_tick=1990029809181000 end_tick=1990029817577416 ms_per_tick=9.9999999999999995e-07 device_ms=8.3964160000000003
PRODUCER_KERNEL_V1 stage=0 raw_iteration=1 ordinal=11 kernel=finalize_resident_advective_high threads=13800483 begin_tick=1990029817590708 end_tick=1990029818198541 ms_per_tick=9.9999999999999995e-07 device_ms=0.60783299999999996
PRODUCER_KERNEL_V1 stage=0 raw_iteration=1 ordinal=12 kernel=compose_resident_flux_pair threads=13800483 begin_tick=1990029818199083 end_tick=1990029819243083 ms_per_tick=9.9999999999999995e-07 device_ms=1.044
PRODUCER_KERNEL_V1 stage=0 raw_iteration=1 ordinal=13 kernel=validate_resident_physical_flux threads=13800483 begin_tick=1990029819244208 end_tick=1990029820141875 ms_per_tick=9.9999999999999995e-07 device_ms=0.89766699999999999
PRODUCER_KERNEL_V1 stage=0 raw_iteration=1 ordinal=14 kernel=identify_resident_physical_flux threads=32 begin_tick=1990029820142625 end_tick=1990029820146000 ms_per_tick=9.9999999999999995e-07 device_ms=0.003375
PRODUCER_KERNEL_V1 stage=0 raw_iteration=1 ordinal=15 kernel=fct_build_ratios threads=5551326 begin_tick=1990029820146458 end_tick=1990029823809791 ms_per_tick=9.9999999999999995e-07 device_ms=3.6633329999999997
PRODUCER_KERNEL_V1 stage=0 raw_iteration=1 ordinal=16 kernel=fct_build_face_alpha threads=1533387 begin_tick=1990029823810541 end_tick=1990029824080041 ms_per_tick=9.9999999999999995e-07 device_ms=0.26949999999999996
PRODUCER_KERNEL_V1 stage=0 raw_iteration=1 ordinal=17 kernel=fct_commit_scalar threads=504666 begin_tick=1990029824080583 end_tick=1990029824270291 ms_per_tick=9.9999999999999995e-07 device_ms=0.18970799999999999
PRODUCER_KERNEL_V1 stage=0 raw_iteration=1 ordinal=18 kernel=owner_bind_candidate threads=1 begin_tick=1990029824270833 end_tick=1990029824274833 ms_per_tick=9.9999999999999995e-07 device_ms=0.0040000000000000001
PRODUCER_KERNEL_V1 stage=0 raw_iteration=1 ordinal=19 kernel=finalize_resident_eos_candidate threads=1 begin_tick=1990029824275416 end_tick=1990029824277916 ms_per_tick=9.9999999999999995e-07 device_ms=0.0025000000000000001
PRODUCER_KERNEL_V1 stage=0 raw_iteration=1 ordinal=20 kernel=evaluate_resident_eos_candidate threads=504666 begin_tick=1990029824279125 end_tick=1990030430549541 ms_per_tick=9.9999999999999995e-07 device_ms=606.27041599999995
PRODUCER_KERNEL_V1 stage=0 raw_iteration=1 ordinal=21 kernel=finalize_resident_eos_candidate threads=1 begin_tick=1990030430565875 end_tick=1990030430568583 ms_per_tick=9.9999999999999995e-07 device_ms=0.0027079999999999999
PRODUCER_KERNEL_V1 stage=0 raw_iteration=1 ordinal=22 kernel=identify_resident_eos threads=1 begin_tick=1990030430568875 end_tick=1990030430571458 ms_per_tick=9.9999999999999995e-07 device_ms=0.0025829999999999998
PRODUCER_KERNEL_V1 stage=0 raw_iteration=1 ordinal=23 kernel=produce_resident_frozen_source threads=504666 begin_tick=1990030430572125 end_tick=1990030430605541 ms_per_tick=9.9999999999999995e-07 device_ms=0.033416000000000001
PRODUCER_KERNEL_V1 stage=0 raw_iteration=1 ordinal=24 kernel=identify_resident_frozen_source threads=1 begin_tick=1990030430605916 end_tick=1990030430608833 ms_per_tick=9.9999999999999995e-07 device_ms=0.0029169999999999999
PRODUCER_KERNEL_V1 stage=0 raw_iteration=1 ordinal=25 kernel=evaluate_resident_target_terms threads=504666 begin_tick=1990030430609250 end_tick=1990030555455458 ms_per_tick=9.9999999999999995e-07 device_ms=124.84620799999999
PRODUCER_KERNEL_V1 stage=0 raw_iteration=1 ordinal=26 kernel=finalize_resident_target threads=1 begin_tick=1990030555470375 end_tick=1990030555473458 ms_per_tick=9.9999999999999995e-07 device_ms=0.0030829999999999998
PRODUCER_KERNEL_V1 stage=0 raw_iteration=1 ordinal=27 kernel=identify_resident_target threads=1 begin_tick=1990030555473791 end_tick=1990030555476875 ms_per_tick=9.9999999999999995e-07 device_ms=0.0030839999999999999
PRODUCER_KERNEL_V1 stage=0 raw_iteration=1 ordinal=28 kernel=issue_resident_projection_consumer threads=1 begin_tick=1990030555477291 end_tick=1990030555481541 ms_per_tick=9.9999999999999995e-07 device_ms=0.0042499999999999994
PRODUCER_KERNEL_V1 stage=0 raw_iteration=1 ordinal=29 kernel=consume_resident_target threads=1 begin_tick=1990030555481833 end_tick=1990030555486208 ms_per_tick=9.9999999999999995e-07 device_ms=0.0043749999999999995
PRODUCER_KERNEL_V1 stage=0 raw_iteration=1 ordinal=30 kernel=owner_compose_target threads=504666 begin_tick=1990030555486583 end_tick=1990030555565916 ms_per_tick=9.9999999999999995e-07 device_ms=0.079333000000000001
PRODUCER_KERNEL_V1 stage=0 raw_iteration=1 ordinal=31 kernel=finalize_resident_target threads=1 begin_tick=1990030555566333 end_tick=1990030555568791 ms_per_tick=9.9999999999999995e-07 device_ms=0.0024579999999999997
PRODUCER_KERNEL_V1 stage=0 raw_iteration=1 ordinal=32 kernel=owner_identify_target threads=1 begin_tick=1990030555569208 end_tick=1990030555572625 ms_per_tick=9.9999999999999995e-07 device_ms=0.0034169999999999999
PRODUCER_KERNEL_V1 stage=0 raw_iteration=1 ordinal=33 kernel=issue_resident_projection_consumer threads=1 begin_tick=1990030555573083 end_tick=1990030555575916 ms_per_tick=9.9999999999999995e-07 device_ms=0.002833
PRODUCER_KERNEL_V1 stage=0 raw_iteration=1 ordinal=34 kernel=consume_resident_target threads=1 begin_tick=1990030555576333 end_tick=1990030555579583 ms_per_tick=9.9999999999999995e-07 device_ms=0.0032499999999999999
PRODUCER_KERNEL_V1 stage=0 raw_iteration=1 ordinal=35 kernel=owner_issue_stage_seal threads=1 begin_tick=1990030555579916 end_tick=1990030555582958 ms_per_tick=9.9999999999999995e-07 device_ms=0.003042
PRODUCER_KERNEL_V1 stage=0 raw_iteration=1 ordinal=36 kernel=fct_compatible_stage_rate threads=1533387 begin_tick=1990030555583375 end_tick=1990030556115583 ms_per_tick=9.9999999999999995e-07 device_ms=0.53220800000000001
PRODUCER_KERNEL_V1 stage=0 raw_iteration=1 ordinal=37 kernel=owner_predict_momentum threads=1533387 begin_tick=1990030556116000 end_tick=1990030556165666 ms_per_tick=9.9999999999999995e-07 device_ms=0.049665999999999995
RISE_FIRE_OWNER_PROFILE_V1 {"scope":19,"parent":14,"phase":"BuildStageProducerGroup","stage":0,"raw_iteration":1,"iteration_kind":"picard","wall_ms":831.776166000,"device_sum_ms":749.853499932,"wall_minus_device_ms":81.922666068,"exclusive_wall_ms":831.776166000,"exclusive_device_sum_ms":749.853499932,"child_observer_wall_ms":0.000000000,"count_scope":"inclusive","owner_commits":1,"projection_invocations":0}
RISE_FIRE_OWNER_PROFILE_V1 {"scope":20,"parent":14,"phase":"Residual","stage":0,"raw_iteration":1,"iteration_kind":"picard","wall_ms":0.325167000,"device_sum_ms":0.117750140,"wall_minus_device_ms":0.207416860,"exclusive_wall_ms":0.325167000,"exclusive_device_sum_ms":0.117750140,"child_observer_wall_ms":0.000000000,"count_scope":"inclusive","owner_commits":1,"projection_invocations":0}
RISE_FIRE_OWNER_PROFILE_V1 {"scope":14,"parent":3,"phase":"PicardIteration","stage":0,"raw_iteration":1,"iteration_kind":"picard","wall_ms":846.922250000,"device_sum_ms":759.952083230,"wall_minus_device_ms":86.970166770,"exclusive_wall_ms":0.655917000,"exclusive_device_sum_ms":0.000000000,"child_observer_wall_ms":0.028667000,"count_scope":"inclusive","owner_commits":6,"projection_invocations":1}
RISE_FIRE_OWNER_PROFILE_V1 {"scope":23,"parent":22,"phase":"ProjectionAdapter","stage":0,"raw_iteration":2,"iteration_kind":"picard","wall_ms":13.155709000,"device_sum_ms":10.081500048,"wall_minus_device_ms":3.074208952,"exclusive_wall_ms":13.155709000,"exclusive_device_sum_ms":10.081500048,"child_observer_wall_ms":0.000000000,"count_scope":"inclusive","owner_commits":0,"projection_invocations":1}
RISE_FIRE_OWNER_PROFILE_V1 {"scope":22,"parent":21,"phase":"Project","stage":0,"raw_iteration":2,"iteration_kind":"picard","wall_ms":14.339000000,"device_sum_ms":10.124500142,"wall_minus_device_ms":4.214499858,"exclusive_wall_ms":1.156708000,"exclusive_device_sum_ms":0.043000095,"child_observer_wall_ms":0.026583000,"count_scope":"inclusive","owner_commits":2,"projection_invocations":1}
RISE_FIRE_OWNER_PROFILE_V1 {"scope":24,"parent":21,"phase":"ReadOpenClass","stage":0,"raw_iteration":2,"iteration_kind":"picard","wall_ms":0.175000000,"device_sum_ms":0.002375105,"wall_minus_device_ms":0.172624895,"exclusive_wall_ms":0.175000000,"exclusive_device_sum_ms":0.002375105,"child_observer_wall_ms":0.000000000,"count_scope":"inclusive","owner_commits":1,"projection_invocations":0}
RISE_FIRE_OWNER_PROFILE_V1 {"scope":25,"parent":21,"phase":"ReadOpenClass","stage":0,"raw_iteration":2,"iteration_kind":"picard","wall_ms":0.155750000,"device_sum_ms":0.002291752,"wall_minus_device_ms":0.153458248,"exclusive_wall_ms":0.155750000,"exclusive_device_sum_ms":0.002291752,"child_observer_wall_ms":0.000000000,"count_scope":"inclusive","owner_commits":1,"projection_invocations":0}
PRODUCER_COMMAND_V1 stage=0 raw_iteration=2 cpu_begin=1990030572107875 cpu_end=1990031393144791 gpu_begin=1990030572107875 gpu_end=1990031393144791 device_ms=739.0193750616163 encoders=38 interval_scope=possibly_overlapping
PRODUCER_KERNEL_V1 stage=0 raw_iteration=2 ordinal=0 kernel=owner_pack_faces threads=1533387 begin_tick=1990030654133375 end_tick=1990030654184500 ms_per_tick=9.9999999999999995e-07 device_ms=0.051124999999999997
PRODUCER_KERNEL_V1 stage=0 raw_iteration=2 ordinal=1 kernel=owner_pack_faces threads=1533387 begin_tick=1990030654210708 end_tick=1990030654261375 ms_per_tick=9.9999999999999995e-07 device_ms=0.050666999999999997
PRODUCER_KERNEL_V1 stage=0 raw_iteration=2 ordinal=2 kernel=owner_pack_faces threads=1533387 begin_tick=1990030654343875 end_tick=1990030654438125 ms_per_tick=9.9999999999999995e-07 device_ms=0.09425
PRODUCER_KERNEL_V1 stage=0 raw_iteration=2 ordinal=3 kernel=fct_extract_gas_density threads=504666 begin_tick=1990030654353250 end_tick=1990030654400208 ms_per_tick=9.9999999999999995e-07 device_ms=0.046958
PRODUCER_KERNEL_V1 stage=0 raw_iteration=2 ordinal=4 kernel=owner_gas_source threads=504666 begin_tick=1990030654402500 end_tick=1990030654448125 ms_per_tick=9.9999999999999995e-07 device_ms=0.045624999999999999
PRODUCER_KERNEL_V1 stage=0 raw_iteration=2 ordinal=5 kernel=evaluate_resident_transport threads=504666 begin_tick=1990030654534958 end_tick=1990030654993083 ms_per_tick=9.9999999999999995e-07 device_ms=0.458125
PRODUCER_KERNEL_V1 stage=0 raw_iteration=2 ordinal=6 kernel=identify_resident_transport threads=1 begin_tick=1990030654993500 end_tick=1990030654996458 ms_per_tick=9.9999999999999995e-07 device_ms=0.0029579999999999997
PRODUCER_KERNEL_V1 stage=0 raw_iteration=2 ordinal=7 kernel=owner_bind_transport threads=1 begin_tick=1990030654997000 end_tick=1990030655000541 ms_per_tick=9.9999999999999995e-07 device_ms=0.0035409999999999999
PRODUCER_KERNEL_V1 stage=0 raw_iteration=2 ordinal=8 kernel=identify_resident_owner_endpoint_class threads=1 begin_tick=1990030655000916 end_tick=1990030655004125 ms_per_tick=9.9999999999999995e-07 device_ms=0.003209
PRODUCER_KERNEL_V1 stage=0 raw_iteration=2 ordinal=9 kernel=evaluate_resident_physical_flux threads=1533387 begin_tick=1990030655949333 end_tick=1990030657063375 ms_per_tick=9.9999999999999995e-07 device_ms=1.114042
PRODUCER_KERNEL_V1 stage=0 raw_iteration=2 ordinal=10 kernel=evaluate_resident_advective_pair threads=13800483 begin_tick=1990030657309791 end_tick=1990030664587666 ms_per_tick=9.9999999999999995e-07 device_ms=7.2778749999999999
PRODUCER_KERNEL_V1 stage=0 raw_iteration=2 ordinal=11 kernel=finalize_resident_advective_high threads=13800483 begin_tick=1990030664588375 end_tick=1990030666347208 ms_per_tick=9.9999999999999995e-07 device_ms=1.7588329999999999
PRODUCER_KERNEL_V1 stage=0 raw_iteration=2 ordinal=12 kernel=compose_resident_flux_pair threads=13800483 begin_tick=1990030666362041 end_tick=1990030667391291 ms_per_tick=9.9999999999999995e-07 device_ms=1.02925
PRODUCER_KERNEL_V1 stage=0 raw_iteration=2 ordinal=13 kernel=validate_resident_physical_flux threads=13800483 begin_tick=1990030667392000 end_tick=1990030668266166 ms_per_tick=9.9999999999999995e-07 device_ms=0.874166
PRODUCER_KERNEL_V1 stage=0 raw_iteration=2 ordinal=14 kernel=identify_resident_physical_flux threads=32 begin_tick=1990030668266791 end_tick=1990030668269791 ms_per_tick=9.9999999999999995e-07 device_ms=0.0030000000000000001
PRODUCER_KERNEL_V1 stage=0 raw_iteration=2 ordinal=15 kernel=fct_build_ratios threads=5551326 begin_tick=1990030668270375 end_tick=1990030672034166 ms_per_tick=9.9999999999999995e-07 device_ms=3.7637909999999999
PRODUCER_KERNEL_V1 stage=0 raw_iteration=2 ordinal=16 kernel=fct_build_face_alpha threads=1533387 begin_tick=1990030672050458 end_tick=1990030672319958 ms_per_tick=9.9999999999999995e-07 device_ms=0.26949999999999996
PRODUCER_KERNEL_V1 stage=0 raw_iteration=2 ordinal=17 kernel=fct_commit_scalar threads=504666 begin_tick=1990030672320500 end_tick=1990030672514833 ms_per_tick=9.9999999999999995e-07 device_ms=0.19433299999999998
PRODUCER_KERNEL_V1 stage=0 raw_iteration=2 ordinal=18 kernel=owner_bind_candidate threads=1 begin_tick=1990030672515500 end_tick=1990030672519791 ms_per_tick=9.9999999999999995e-07 device_ms=0.0042909999999999997
PRODUCER_KERNEL_V1 stage=0 raw_iteration=2 ordinal=19 kernel=finalize_resident_eos_candidate threads=1 begin_tick=1990030672520250 end_tick=1990030672523166 ms_per_tick=9.9999999999999995e-07 device_ms=0.0029159999999999998
PRODUCER_KERNEL_V1 stage=0 raw_iteration=2 ordinal=20 kernel=evaluate_resident_eos_candidate threads=504666 begin_tick=1990030672524166 end_tick=1990031268602166 ms_per_tick=9.9999999999999995e-07 device_ms=596.07799999999997
PRODUCER_KERNEL_V1 stage=0 raw_iteration=2 ordinal=21 kernel=finalize_resident_eos_candidate threads=1 begin_tick=1990031268618375 end_tick=1990031268621583 ms_per_tick=9.9999999999999995e-07 device_ms=0.0032079999999999999
PRODUCER_KERNEL_V1 stage=0 raw_iteration=2 ordinal=22 kernel=identify_resident_eos threads=1 begin_tick=1990031268621875 end_tick=1990031268624583 ms_per_tick=9.9999999999999995e-07 device_ms=0.0027079999999999999
PRODUCER_KERNEL_V1 stage=0 raw_iteration=2 ordinal=23 kernel=produce_resident_frozen_source threads=504666 begin_tick=1990031268625000 end_tick=1990031268656541 ms_per_tick=9.9999999999999995e-07 device_ms=0.031541
PRODUCER_KERNEL_V1 stage=0 raw_iteration=2 ordinal=24 kernel=identify_resident_frozen_source threads=1 begin_tick=1990031268656916 end_tick=1990031268659583 ms_per_tick=9.9999999999999995e-07 device_ms=0.0026669999999999997
PRODUCER_KERNEL_V1 stage=0 raw_iteration=2 ordinal=25 kernel=evaluate_resident_target_terms threads=504666 begin_tick=1990031268659958 end_tick=1990031392282041 ms_per_tick=9.9999999999999995e-07 device_ms=123.62208299999999
PRODUCER_KERNEL_V1 stage=0 raw_iteration=2 ordinal=26 kernel=finalize_resident_target threads=1 begin_tick=1990031392297500 end_tick=1990031392300666 ms_per_tick=9.9999999999999995e-07 device_ms=0.003166
PRODUCER_KERNEL_V1 stage=0 raw_iteration=2 ordinal=27 kernel=identify_resident_target threads=1 begin_tick=1990031392301041 end_tick=1990031392304208 ms_per_tick=9.9999999999999995e-07 device_ms=0.0031669999999999997
PRODUCER_KERNEL_V1 stage=0 raw_iteration=2 ordinal=28 kernel=issue_resident_projection_consumer threads=1 begin_tick=1990031392304583 end_tick=1990031392308583 ms_per_tick=9.9999999999999995e-07 device_ms=0.0040000000000000001
PRODUCER_KERNEL_V1 stage=0 raw_iteration=2 ordinal=29 kernel=consume_resident_target threads=1 begin_tick=1990031392309000 end_tick=1990031392313333 ms_per_tick=9.9999999999999995e-07 device_ms=0.004333
PRODUCER_KERNEL_V1 stage=0 raw_iteration=2 ordinal=30 kernel=owner_compose_target threads=504666 begin_tick=1990031392313750 end_tick=1990031392393041 ms_per_tick=9.9999999999999995e-07 device_ms=0.079291
PRODUCER_KERNEL_V1 stage=0 raw_iteration=2 ordinal=31 kernel=finalize_resident_target threads=1 begin_tick=1990031392393458 end_tick=1990031392396250 ms_per_tick=9.9999999999999995e-07 device_ms=0.0027919999999999998
PRODUCER_KERNEL_V1 stage=0 raw_iteration=2 ordinal=32 kernel=owner_identify_target threads=1 begin_tick=1990031392396666 end_tick=1990031392399541 ms_per_tick=9.9999999999999995e-07 device_ms=0.002875
PRODUCER_KERNEL_V1 stage=0 raw_iteration=2 ordinal=33 kernel=issue_resident_projection_consumer threads=1 begin_tick=1990031392399958 end_tick=1990031392403041 ms_per_tick=9.9999999999999995e-07 device_ms=0.0030829999999999998
PRODUCER_KERNEL_V1 stage=0 raw_iteration=2 ordinal=34 kernel=consume_resident_target threads=1 begin_tick=1990031392403375 end_tick=1990031392406541 ms_per_tick=9.9999999999999995e-07 device_ms=0.003166
PRODUCER_KERNEL_V1 stage=0 raw_iteration=2 ordinal=35 kernel=owner_issue_stage_seal threads=1 begin_tick=1990031392406833 end_tick=1990031392409750 ms_per_tick=9.9999999999999995e-07 device_ms=0.0029169999999999999
PRODUCER_KERNEL_V1 stage=0 raw_iteration=2 ordinal=36 kernel=fct_compatible_stage_rate threads=1533387 begin_tick=1990031392410416 end_tick=1990031392964625 ms_per_tick=9.9999999999999995e-07 device_ms=0.55420899999999995
PRODUCER_KERNEL_V1 stage=0 raw_iteration=2 ordinal=37 kernel=owner_predict_momentum threads=1533387 begin_tick=1990031392965041 end_tick=1990031393015458 ms_per_tick=9.9999999999999995e-07 device_ms=0.050416999999999997
RISE_FIRE_OWNER_PROFILE_V1 {"scope":26,"parent":21,"phase":"BuildStageProducerGroup","stage":0,"raw_iteration":2,"iteration_kind":"picard","wall_ms":821.202750000,"device_sum_ms":739.019375062,"wall_minus_device_ms":82.183374938,"exclusive_wall_ms":821.202750000,"exclusive_device_sum_ms":739.019375062,"child_observer_wall_ms":0.000000000,"count_scope":"inclusive","owner_commits":1,"projection_invocations":0}
RISE_FIRE_OWNER_PROFILE_V1 {"scope":27,"parent":21,"phase":"Residual","stage":0,"raw_iteration":2,"iteration_kind":"picard","wall_ms":0.326584000,"device_sum_ms":0.119458418,"wall_minus_device_ms":0.207125582,"exclusive_wall_ms":0.326584000,"exclusive_device_sum_ms":0.119458418,"child_observer_wall_ms":0.000000000,"count_scope":"inclusive","owner_commits":1,"projection_invocations":0}
RISE_FIRE_OWNER_PROFILE_V1 {"scope":30,"parent":29,"phase":"ProjectionAdapter","stage":0,"raw_iteration":2147483650,"iteration_kind":"terminal","wall_ms":13.188417000,"device_sum_ms":10.379458545,"wall_minus_device_ms":2.808958455,"exclusive_wall_ms":13.188417000,"exclusive_device_sum_ms":10.379458545,"child_observer_wall_ms":0.000000000,"count_scope":"inclusive","owner_commits":0,"projection_invocations":1}
RISE_FIRE_OWNER_PROFILE_V1 {"scope":29,"parent":28,"phase":"Project","stage":0,"raw_iteration":2147483650,"iteration_kind":"terminal","wall_ms":13.765833000,"device_sum_ms":10.421166895,"wall_minus_device_ms":3.344666105,"exclusive_wall_ms":0.570208000,"exclusive_device_sum_ms":0.041708350,"child_observer_wall_ms":0.007208000,"count_scope":"inclusive","owner_commits":2,"projection_invocations":1}
RISE_FIRE_OWNER_PROFILE_V1 {"scope":31,"parent":28,"phase":"ReadOpenClass","stage":0,"raw_iteration":2147483650,"iteration_kind":"terminal","wall_ms":0.169417000,"device_sum_ms":0.002583256,"wall_minus_device_ms":0.166833744,"exclusive_wall_ms":0.169417000,"exclusive_device_sum_ms":0.002583256,"child_observer_wall_ms":0.000000000,"count_scope":"inclusive","owner_commits":1,"projection_invocations":0}
RISE_FIRE_OWNER_PROFILE_V1 {"scope":32,"parent":28,"phase":"ReadOpenClass","stage":0,"raw_iteration":2147483650,"iteration_kind":"terminal","wall_ms":0.150875000,"device_sum_ms":0.002499903,"wall_minus_device_ms":0.148375097,"exclusive_wall_ms":0.150875000,"exclusive_device_sum_ms":0.002499903,"child_observer_wall_ms":0.000000000,"count_scope":"inclusive","owner_commits":1,"projection_invocations":0}
PRODUCER_COMMAND_V1 stage=0 raw_iteration=2147483650 cpu_begin=1990031407757166 cpu_end=1990032238891291 gpu_begin=1990031407757166 gpu_end=1990032238891291 device_ms=749.27166663110256 encoders=38 interval_scope=possibly_overlapping
PRODUCER_KERNEL_V1 stage=0 raw_iteration=2147483650 ordinal=0 kernel=owner_pack_faces threads=1533387 begin_tick=1990031489510083 end_tick=1990031489561958 ms_per_tick=9.9999999999999995e-07 device_ms=0.051874999999999998
PRODUCER_KERNEL_V1 stage=0 raw_iteration=2147483650 ordinal=1 kernel=owner_pack_faces threads=1533387 begin_tick=1990031489559041 end_tick=1990031489911833 ms_per_tick=9.9999999999999995e-07 device_ms=0.35279199999999999
PRODUCER_KERNEL_V1 stage=0 raw_iteration=2147483650 ordinal=2 kernel=owner_pack_faces threads=1533387 begin_tick=1990031489506916 end_tick=1990031489559041 ms_per_tick=9.9999999999999995e-07 device_ms=0.052124999999999998
PRODUCER_KERNEL_V1 stage=0 raw_iteration=2147483650 ordinal=3 kernel=fct_extract_gas_density threads=504666 begin_tick=1990031489562416 end_tick=1990031489612125 ms_per_tick=9.9999999999999995e-07 device_ms=0.049708999999999996
PRODUCER_KERNEL_V1 stage=0 raw_iteration=2147483650 ordinal=4 kernel=owner_gas_source threads=504666 begin_tick=1990031489912291 end_tick=1990031490065166 ms_per_tick=9.9999999999999995e-07 device_ms=0.15287499999999998
PRODUCER_KERNEL_V1 stage=0 raw_iteration=2147483650 ordinal=5 kernel=evaluate_resident_transport threads=504666 begin_tick=1990031489612125 end_tick=1990031490076000 ms_per_tick=9.9999999999999995e-07 device_ms=0.46387499999999998
PRODUCER_KERNEL_V1 stage=0 raw_iteration=2147483650 ordinal=6 kernel=identify_resident_transport threads=1 begin_tick=1990031490076375 end_tick=1990031490079458 ms_per_tick=9.9999999999999995e-07 device_ms=0.0030829999999999998
PRODUCER_KERNEL_V1 stage=0 raw_iteration=2147483650 ordinal=7 kernel=owner_bind_transport threads=1 begin_tick=1990031490080000 end_tick=1990031490083666 ms_per_tick=9.9999999999999995e-07 device_ms=0.003666
PRODUCER_KERNEL_V1 stage=0 raw_iteration=2147483650 ordinal=8 kernel=identify_resident_owner_endpoint_class threads=1 begin_tick=1990031490083958 end_tick=1990031490087333 ms_per_tick=9.9999999999999995e-07 device_ms=0.003375
PRODUCER_KERNEL_V1 stage=0 raw_iteration=2147483650 ordinal=9 kernel=evaluate_resident_physical_flux threads=1533387 begin_tick=1990031490957458 end_tick=1990031492074916 ms_per_tick=9.9999999999999995e-07 device_ms=1.1174579999999998
PRODUCER_KERNEL_V1 stage=0 raw_iteration=2147483650 ordinal=10 kernel=evaluate_resident_advective_pair threads=13800483 begin_tick=1990031492349083 end_tick=1990031500771958 ms_per_tick=9.9999999999999995e-07 device_ms=8.4228749999999994
PRODUCER_KERNEL_V1 stage=0 raw_iteration=2147483650 ordinal=11 kernel=finalize_resident_advective_high threads=13800483 begin_tick=1990031500789208 end_tick=1990031501380208 ms_per_tick=9.9999999999999995e-07 device_ms=0.59099999999999997
PRODUCER_KERNEL_V1 stage=0 raw_iteration=2147483650 ordinal=12 kernel=compose_resident_flux_pair threads=13800483 begin_tick=1990031501380708 end_tick=1990031502265958 ms_per_tick=9.9999999999999995e-07 device_ms=0.88524999999999998
PRODUCER_KERNEL_V1 stage=0 raw_iteration=2147483650 ordinal=13 kernel=validate_resident_physical_flux threads=13800483 begin_tick=1990031502266625 end_tick=1990031503137333 ms_per_tick=9.9999999999999995e-07 device_ms=0.87070799999999993
PRODUCER_KERNEL_V1 stage=0 raw_iteration=2147483650 ordinal=14 kernel=identify_resident_physical_flux threads=32 begin_tick=1990031503138083 end_tick=1990031503141291 ms_per_tick=9.9999999999999995e-07 device_ms=0.0032079999999999999
PRODUCER_KERNEL_V1 stage=0 raw_iteration=2147483650 ordinal=15 kernel=fct_build_ratios threads=5551326 begin_tick=1990031503141791 end_tick=1990031506721875 ms_per_tick=9.9999999999999995e-07 device_ms=3.5800839999999998
PRODUCER_KERNEL_V1 stage=0 raw_iteration=2147483650 ordinal=16 kernel=fct_build_face_alpha threads=1533387 begin_tick=1990031506722625 end_tick=1990031506991625 ms_per_tick=9.9999999999999995e-07 device_ms=0.26899999999999996
PRODUCER_KERNEL_V1 stage=0 raw_iteration=2147483650 ordinal=17 kernel=fct_commit_scalar threads=504666 begin_tick=1990031506992333 end_tick=1990031507182291 ms_per_tick=9.9999999999999995e-07 device_ms=0.18995799999999999
PRODUCER_KERNEL_V1 stage=0 raw_iteration=2147483650 ordinal=18 kernel=owner_bind_candidate threads=1 begin_tick=1990031507182958 end_tick=1990031507186916 ms_per_tick=9.9999999999999995e-07 device_ms=0.0039579999999999997
PRODUCER_KERNEL_V1 stage=0 raw_iteration=2147483650 ordinal=19 kernel=finalize_resident_eos_candidate threads=1 begin_tick=1990031507187500 end_tick=1990031507189833 ms_per_tick=9.9999999999999995e-07 device_ms=0.002333
PRODUCER_KERNEL_V1 stage=0 raw_iteration=2147483650 ordinal=20 kernel=evaluate_resident_eos_candidate threads=504666 begin_tick=1990031507190958 end_tick=1990032112150916 ms_per_tick=9.9999999999999995e-07 device_ms=604.95995800000003
PRODUCER_KERNEL_V1 stage=0 raw_iteration=2147483650 ordinal=21 kernel=finalize_resident_eos_candidate threads=1 begin_tick=1990032112166875 end_tick=1990032112169500 ms_per_tick=9.9999999999999995e-07 device_ms=0.0026249999999999997
PRODUCER_KERNEL_V1 stage=0 raw_iteration=2147483650 ordinal=22 kernel=identify_resident_eos threads=1 begin_tick=1990032112169791 end_tick=1990032112172375 ms_per_tick=9.9999999999999995e-07 device_ms=0.0025839999999999999
PRODUCER_KERNEL_V1 stage=0 raw_iteration=2147483650 ordinal=23 kernel=produce_resident_frozen_source threads=504666 begin_tick=1990032112172666 end_tick=1990032112204208 ms_per_tick=9.9999999999999995e-07 device_ms=0.031542000000000001
PRODUCER_KERNEL_V1 stage=0 raw_iteration=2147483650 ordinal=24 kernel=identify_resident_frozen_source threads=1 begin_tick=1990032112204583 end_tick=1990032112207125 ms_per_tick=9.9999999999999995e-07 device_ms=0.002542
PRODUCER_KERNEL_V1 stage=0 raw_iteration=2147483650 ordinal=25 kernel=evaluate_resident_target_terms threads=504666 begin_tick=1990032112207541 end_tick=1990032238077416 ms_per_tick=9.9999999999999995e-07 device_ms=125.86987499999999
PRODUCER_KERNEL_V1 stage=0 raw_iteration=2147483650 ordinal=26 kernel=finalize_resident_target threads=1 begin_tick=1990032238093083 end_tick=1990032238096375 ms_per_tick=9.9999999999999995e-07 device_ms=0.0032919999999999998
PRODUCER_KERNEL_V1 stage=0 raw_iteration=2147483650 ordinal=27 kernel=identify_resident_target threads=1 begin_tick=1990032238096666 end_tick=1990032238099583 ms_per_tick=9.9999999999999995e-07 device_ms=0.0029169999999999999
PRODUCER_KERNEL_V1 stage=0 raw_iteration=2147483650 ordinal=28 kernel=issue_resident_projection_consumer threads=1 begin_tick=1990032238100000 end_tick=1990032238103958 ms_per_tick=9.9999999999999995e-07 device_ms=0.0039579999999999997
PRODUCER_KERNEL_V1 stage=0 raw_iteration=2147483650 ordinal=29 kernel=consume_resident_target threads=1 begin_tick=1990032238104375 end_tick=1990032238108583 ms_per_tick=9.9999999999999995e-07 device_ms=0.0042079999999999999
PRODUCER_KERNEL_V1 stage=0 raw_iteration=2147483650 ordinal=30 kernel=owner_compose_target threads=504666 begin_tick=1990032238109000 end_tick=1990032238188208 ms_per_tick=9.9999999999999995e-07 device_ms=0.079208000000000001
PRODUCER_KERNEL_V1 stage=0 raw_iteration=2147483650 ordinal=31 kernel=finalize_resident_target threads=1 begin_tick=1990032238188625 end_tick=1990032238191291 ms_per_tick=9.9999999999999995e-07 device_ms=0.002666
PRODUCER_KERNEL_V1 stage=0 raw_iteration=2147483650 ordinal=32 kernel=owner_identify_target threads=1 begin_tick=1990032238191666 end_tick=1990032238194958 ms_per_tick=9.9999999999999995e-07 device_ms=0.0032919999999999998
PRODUCER_KERNEL_V1 stage=0 raw_iteration=2147483650 ordinal=33 kernel=issue_resident_projection_consumer threads=1 begin_tick=1990032238195416 end_tick=1990032238198375 ms_per_tick=9.9999999999999995e-07 device_ms=0.0029589999999999998
PRODUCER_KERNEL_V1 stage=0 raw_iteration=2147483650 ordinal=34 kernel=consume_resident_target threads=1 begin_tick=1990032238198791 end_tick=1990032238201833 ms_per_tick=9.9999999999999995e-07 device_ms=0.003042
PRODUCER_KERNEL_V1 stage=0 raw_iteration=2147483650 ordinal=35 kernel=owner_issue_stage_seal threads=1 begin_tick=1990032238202250 end_tick=1990032238205083 ms_per_tick=9.9999999999999995e-07 device_ms=0.002833
PRODUCER_KERNEL_V1 stage=0 raw_iteration=2147483650 ordinal=36 kernel=fct_compatible_stage_rate threads=1533387 begin_tick=1990032238205666 end_tick=1990032238723375 ms_per_tick=9.9999999999999995e-07 device_ms=0.51770899999999997
PRODUCER_KERNEL_V1 stage=0 raw_iteration=2147483650 ordinal=37 kernel=owner_predict_momentum threads=1533387 begin_tick=1990032238723791 end_tick=1990032238772625 ms_per_tick=9.9999999999999995e-07 device_ms=0.048833999999999995
RISE_FIRE_OWNER_PROFILE_V1 {"scope":33,"parent":28,"phase":"BuildStageProducerGroup","stage":0,"raw_iteration":2147483650,"iteration_kind":"terminal","wall_ms":831.317333000,"device_sum_ms":749.271666631,"wall_minus_device_ms":82.045666369,"exclusive_wall_ms":831.317333000,"exclusive_device_sum_ms":749.271666631,"child_observer_wall_ms":0.000000000,"count_scope":"inclusive","owner_commits":1,"projection_invocations":0}
RISE_FIRE_OWNER_PROFILE_V1 {"scope":34,"parent":28,"phase":"AlphaResidual","stage":0,"raw_iteration":2147483650,"iteration_kind":"terminal","wall_ms":0.278666000,"device_sum_ms":0.053750118,"wall_minus_device_ms":0.224915882,"exclusive_wall_ms":0.278666000,"exclusive_device_sum_ms":0.053750118,"child_observer_wall_ms":0.000000000,"count_scope":"inclusive","owner_commits":1,"projection_invocations":0}
RISE_FIRE_OWNER_PROFILE_V1 {"scope":35,"parent":28,"phase":"Residual","stage":0,"raw_iteration":2147483650,"iteration_kind":"terminal","wall_ms":0.311083000,"device_sum_ms":0.114750117,"wall_minus_device_ms":0.196332883,"exclusive_wall_ms":0.311083000,"exclusive_device_sum_ms":0.114750117,"child_observer_wall_ms":0.000000000,"count_scope":"inclusive","owner_commits":1,"projection_invocations":0}
RISE_FIRE_OWNER_PROFILE_V1 {"scope":28,"parent":21,"phase":"TerminalVerification","stage":0,"raw_iteration":2147483650,"iteration_kind":"terminal","wall_ms":846.039333000,"device_sum_ms":759.866416920,"wall_minus_device_ms":86.172916080,"exclusive_wall_ms":0.004876000,"exclusive_device_sum_ms":0.000000000,"child_observer_wall_ms":0.041250000,"count_scope":"inclusive","owner_commits":7,"projection_invocations":1}
RISE_FIRE_OWNER_PROFILE_V1 {"scope":21,"parent":3,"phase":"PicardIteration","stage":0,"raw_iteration":2,"iteration_kind":"picard","wall_ms":1683.574834000,"device_sum_ms":1509.134417400,"wall_minus_device_ms":174.440416600,"exclusive_wall_ms":1.294332000,"exclusive_device_sum_ms":0.000000000,"child_observer_wall_ms":0.042085000,"count_scope":"inclusive","owner_commits":13,"projection_invocations":2}
RISE_FIRE_OWNER_PROFILE_V1 {"scope":3,"parent":1,"phase":"SolveStage","stage":0,"raw_iteration":4294967295,"iteration_kind":"bootstrap","wall_ms":4249.241541000,"device_sum_ms":3812.253042590,"wall_minus_device_ms":436.988498410,"exclusive_wall_ms":2.257123000,"exclusive_device_sum_ms":0.000000000,"child_observer_wall_ms":0.034834000,"count_scope":"inclusive","owner_commits":28,"projection_invocations":5}
RISE_FIRE_OWNER_PROFILE_V1 {"scope":38,"parent":37,"phase":"ProjectionAdapter","stage":1,"raw_iteration":4294967295,"iteration_kind":"bootstrap","wall_ms":12.530333000,"device_sum_ms":8.958541555,"wall_minus_device_ms":3.571791445,"exclusive_wall_ms":12.530333000,"exclusive_device_sum_ms":8.958541555,"child_observer_wall_ms":0.000000000,"count_scope":"inclusive","owner_commits":0,"projection_invocations":1}
RISE_FIRE_OWNER_PROFILE_V1 {"scope":37,"parent":36,"phase":"Project","stage":1,"raw_iteration":4294967295,"iteration_kind":"bootstrap","wall_ms":14.326959000,"device_sum_ms":9.375333088,"wall_minus_device_ms":4.951625912,"exclusive_wall_ms":1.786126000,"exclusive_device_sum_ms":0.416791532,"child_observer_wall_ms":0.010500000,"count_scope":"inclusive","owner_commits":2,"projection_invocations":1}
PRODUCER_COMMAND_V1 stage=1 raw_iteration=4294967295 cpu_begin=1990032257608125 cpu_end=1990033097528333 gpu_begin=1990032257608125 gpu_end=1990033097528333 device_ms=748.1608334928751 encoders=41 interval_scope=possibly_overlapping
PRODUCER_KERNEL_V1 stage=1 raw_iteration=4294967295 ordinal=0 kernel=owner_pack_faces threads=1533387 begin_tick=1990032349364416 end_tick=1990032349861375 ms_per_tick=9.9999999999999995e-07 device_ms=0.49695899999999998
PRODUCER_KERNEL_V1 stage=1 raw_iteration=4294967295 ordinal=1 kernel=owner_pack_faces threads=1533387 begin_tick=1990032349876541 end_tick=1990032349960666 ms_per_tick=9.9999999999999995e-07 device_ms=0.084124999999999991
PRODUCER_KERNEL_V1 stage=1 raw_iteration=4294967295 ordinal=2 kernel=owner_pack_faces threads=1533387 begin_tick=1990032349876041 end_tick=1990032349935875 ms_per_tick=9.9999999999999995e-07 device_ms=0.059833999999999998
PRODUCER_KERNEL_V1 stage=1 raw_iteration=4294967295 ordinal=3 kernel=fct_extract_gas_density threads=504666 begin_tick=1990032349961666 end_tick=1990032350143166 ms_per_tick=9.9999999999999995e-07 device_ms=0.18149999999999999
PRODUCER_KERNEL_V1 stage=1 raw_iteration=4294967295 ordinal=4 kernel=owner_gas_source threads=504666 begin_tick=1990032349935875 end_tick=1990032350006625 ms_per_tick=9.9999999999999995e-07 device_ms=0.070749999999999993
PRODUCER_KERNEL_V1 stage=1 raw_iteration=4294967295 ordinal=5 kernel=evaluate_resident_transport threads=504666 begin_tick=1990032350007166 end_tick=1990032350668625 ms_per_tick=9.9999999999999995e-07 device_ms=0.66145900000000002
PRODUCER_KERNEL_V1 stage=1 raw_iteration=4294967295 ordinal=6 kernel=identify_resident_transport threads=1 begin_tick=1990032350681625 end_tick=1990032350684541 ms_per_tick=9.9999999999999995e-07 device_ms=0.0029159999999999998
PRODUCER_KERNEL_V1 stage=1 raw_iteration=4294967295 ordinal=7 kernel=owner_bind_transport threads=1 begin_tick=1990032350685083 end_tick=1990032350688958 ms_per_tick=9.9999999999999995e-07 device_ms=0.003875
PRODUCER_KERNEL_V1 stage=1 raw_iteration=4294967295 ordinal=8 kernel=identify_resident_owner_endpoint_class threads=1 begin_tick=1990032350689333 end_tick=1990032350693083 ms_per_tick=9.9999999999999995e-07 device_ms=0.0037499999999999999
PRODUCER_KERNEL_V1 stage=1 raw_iteration=4294967295 ordinal=9 kernel=evaluate_resident_physical_flux threads=1533387 begin_tick=1990032351246875 end_tick=1990032352365000 ms_per_tick=9.9999999999999995e-07 device_ms=1.118125
PRODUCER_KERNEL_V1 stage=1 raw_iteration=4294967295 ordinal=10 kernel=evaluate_resident_advective_pair threads=13800483 begin_tick=1990032352688708 end_tick=1990032359944291 ms_per_tick=9.9999999999999995e-07 device_ms=7.2555829999999997
PRODUCER_KERNEL_V1 stage=1 raw_iteration=4294967295 ordinal=11 kernel=finalize_resident_advective_high threads=13800483 begin_tick=1990032359946125 end_tick=1990032360366458 ms_per_tick=9.9999999999999995e-07 device_ms=0.42033299999999996
PRODUCER_KERNEL_V1 stage=1 raw_iteration=4294967295 ordinal=12 kernel=compose_resident_flux_pair threads=13800483 begin_tick=1990032360366875 end_tick=1990032361249291 ms_per_tick=9.9999999999999995e-07 device_ms=0.88241599999999998
PRODUCER_KERNEL_V1 stage=1 raw_iteration=4294967295 ordinal=13 kernel=validate_resident_physical_flux threads=13800483 begin_tick=1990032361249875 end_tick=1990032362139625 ms_per_tick=9.9999999999999995e-07 device_ms=0.88974999999999993
PRODUCER_KERNEL_V1 stage=1 raw_iteration=4294967295 ordinal=14 kernel=identify_resident_physical_flux threads=32 begin_tick=1990032362140416 end_tick=1990032362143791 ms_per_tick=9.9999999999999995e-07 device_ms=0.003375
PRODUCER_KERNEL_V1 stage=1 raw_iteration=4294967295 ordinal=15 kernel=owner_average_flux threads=13800483 begin_tick=1990032362144375 end_tick=1990032362950875 ms_per_tick=9.9999999999999995e-07 device_ms=0.80649999999999999
PRODUCER_KERNEL_V1 stage=1 raw_iteration=4294967295 ordinal=16 kernel=owner_bind_averaged_flux threads=1 begin_tick=1990032362951416 end_tick=1990032362955125 ms_per_tick=9.9999999999999995e-07 device_ms=0.0037089999999999996
PRODUCER_KERNEL_V1 stage=1 raw_iteration=4294967295 ordinal=17 kernel=fct_build_ratios threads=5551326 begin_tick=1990032362955666 end_tick=1990032368208708 ms_per_tick=9.9999999999999995e-07 device_ms=5.2530419999999998
PRODUCER_KERNEL_V1 stage=1 raw_iteration=4294967295 ordinal=18 kernel=fct_build_face_alpha threads=1533387 begin_tick=1990032368223291 end_tick=1990032368494833 ms_per_tick=9.9999999999999995e-07 device_ms=0.27154200000000001
PRODUCER_KERNEL_V1 stage=1 raw_iteration=4294967295 ordinal=19 kernel=fct_commit_scalar threads=504666 begin_tick=1990032368495458 end_tick=1990032368695125 ms_per_tick=9.9999999999999995e-07 device_ms=0.19966699999999998
PRODUCER_KERNEL_V1 stage=1 raw_iteration=4294967295 ordinal=20 kernel=owner_bind_candidate threads=1 begin_tick=1990032368695500 end_tick=1990032368699541 ms_per_tick=9.9999999999999995e-07 device_ms=0.0040409999999999995
PRODUCER_KERNEL_V1 stage=1 raw_iteration=4294967295 ordinal=21 kernel=finalize_resident_eos_candidate threads=1 begin_tick=1990032368700041 end_tick=1990032368702791 ms_per_tick=9.9999999999999995e-07 device_ms=0.0027499999999999998
PRODUCER_KERNEL_V1 stage=1 raw_iteration=4294967295 ordinal=22 kernel=evaluate_resident_eos_candidate threads=504666 begin_tick=1990032368703250 end_tick=1990032972236541 ms_per_tick=9.9999999999999995e-07 device_ms=603.53329099999996
PRODUCER_KERNEL_V1 stage=1 raw_iteration=4294967295 ordinal=23 kernel=finalize_resident_eos_candidate threads=1 begin_tick=1990032972251666 end_tick=1990032972254291 ms_per_tick=9.9999999999999995e-07 device_ms=0.0026249999999999997
PRODUCER_KERNEL_V1 stage=1 raw_iteration=4294967295 ordinal=24 kernel=identify_resident_eos threads=1 begin_tick=1990032972254625 end_tick=1990032972257250 ms_per_tick=9.9999999999999995e-07 device_ms=0.0026249999999999997
PRODUCER_KERNEL_V1 stage=1 raw_iteration=4294967295 ordinal=25 kernel=produce_resident_frozen_source threads=504666 begin_tick=1990032972257583 end_tick=1990032972289041 ms_per_tick=9.9999999999999995e-07 device_ms=0.031458
PRODUCER_KERNEL_V1 stage=1 raw_iteration=4294967295 ordinal=26 kernel=identify_resident_frozen_source threads=1 begin_tick=1990032972289416 end_tick=1990032972292041 ms_per_tick=9.9999999999999995e-07 device_ms=0.0026249999999999997
PRODUCER_KERNEL_V1 stage=1 raw_iteration=4294967295 ordinal=27 kernel=evaluate_resident_target_terms threads=504666 begin_tick=1990032972292458 end_tick=1990033096133791 ms_per_tick=9.9999999999999995e-07 device_ms=123.84133299999999
PRODUCER_KERNEL_V1 stage=1 raw_iteration=4294967295 ordinal=28 kernel=finalize_resident_target threads=1 begin_tick=1990033096148375 end_tick=1990033096151708 ms_per_tick=9.9999999999999995e-07 device_ms=0.003333
PRODUCER_KERNEL_V1 stage=1 raw_iteration=4294967295 ordinal=29 kernel=identify_resident_target threads=1 begin_tick=1990033096152041 end_tick=1990033096155125 ms_per_tick=9.9999999999999995e-07 device_ms=0.0030839999999999999
PRODUCER_KERNEL_V1 stage=1 raw_iteration=4294967295 ordinal=30 kernel=issue_resident_projection_consumer threads=1 begin_tick=1990033096155500 end_tick=1990033096159416 ms_per_tick=9.9999999999999995e-07 device_ms=0.0039160000000000002
PRODUCER_KERNEL_V1 stage=1 raw_iteration=4294967295 ordinal=31 kernel=consume_resident_target threads=1 begin_tick=1990033096160875 end_tick=1990033096165416 ms_per_tick=9.9999999999999995e-07 device_ms=0.0045409999999999999
PRODUCER_KERNEL_V1 stage=1 raw_iteration=4294967295 ordinal=32 kernel=owner_compose_target threads=504666 begin_tick=1990033096165833 end_tick=1990033096198166 ms_per_tick=9.9999999999999995e-07 device_ms=0.032333000000000001
PRODUCER_KERNEL_V1 stage=1 raw_iteration=4294967295 ordinal=33 kernel=finalize_resident_target threads=1 begin_tick=1990033096198583 end_tick=1990033096201125 ms_per_tick=9.9999999999999995e-07 device_ms=0.002542
PRODUCER_KERNEL_V1 stage=1 raw_iteration=4294967295 ordinal=34 kernel=owner_identify_target threads=1 begin_tick=1990033096201541 end_tick=1990033096204583 ms_per_tick=9.9999999999999995e-07 device_ms=0.003042
PRODUCER_KERNEL_V1 stage=1 raw_iteration=4294967295 ordinal=35 kernel=issue_resident_projection_consumer threads=1 begin_tick=1990033096205000 end_tick=1990033096207958 ms_per_tick=9.9999999999999995e-07 device_ms=0.0029579999999999997
PRODUCER_KERNEL_V1 stage=1 raw_iteration=4294967295 ordinal=36 kernel=consume_resident_target threads=1 begin_tick=1990033096208250 end_tick=1990033096211583 ms_per_tick=9.9999999999999995e-07 device_ms=0.003333
PRODUCER_KERNEL_V1 stage=1 raw_iteration=4294967295 ordinal=37 kernel=owner_issue_stage_seal threads=1 begin_tick=1990033096211958 end_tick=1990033096215125 ms_per_tick=9.9999999999999995e-07 device_ms=0.0031669999999999997
PRODUCER_KERNEL_V1 stage=1 raw_iteration=4294967295 ordinal=38 kernel=fct_compatible_stage_rate threads=1533387 begin_tick=1990033096215750 end_tick=1990033096768458 ms_per_tick=9.9999999999999995e-07 device_ms=0.55270799999999998
PRODUCER_KERNEL_V1 stage=1 raw_iteration=4294967295 ordinal=39 kernel=fct_compatible_stage_rate threads=1533387 begin_tick=1990033096768875 end_tick=1990033097292083 ms_per_tick=9.9999999999999995e-07 device_ms=0.52320800000000001
PRODUCER_KERNEL_V1 stage=1 raw_iteration=4294967295 ordinal=40 kernel=owner_heun_momentum threads=1533387 begin_tick=1990033097292708 end_tick=1990033097386583 ms_per_tick=9.9999999999999995e-07 device_ms=0.093875
RISE_FIRE_OWNER_PROFILE_V1 {"scope":39,"parent":36,"phase":"BuildStageProducerGroup","stage":1,"raw_iteration":4294967295,"iteration_kind":"bootstrap","wall_ms":840.102875000,"device_sum_ms":748.160833493,"wall_minus_device_ms":91.942041507,"exclusive_wall_ms":840.102875000,"exclusive_device_sum_ms":748.160833493,"child_observer_wall_ms":0.000000000,"count_scope":"inclusive","owner_commits":1,"projection_invocations":0}
RISE_FIRE_OWNER_PROFILE_V1 {"scope":42,"parent":41,"phase":"ProjectionAdapter","stage":1,"raw_iteration":0,"iteration_kind":"picard","wall_ms":11.607583000,"device_sum_ms":8.702458348,"wall_minus_device_ms":2.905124652,"exclusive_wall_ms":11.607583000,"exclusive_device_sum_ms":8.702458348,"child_observer_wall_ms":0.000000000,"count_scope":"inclusive","owner_commits":0,"projection_invocations":1}
RISE_FIRE_OWNER_PROFILE_V1 {"scope":41,"parent":40,"phase":"Project","stage":1,"raw_iteration":0,"iteration_kind":"picard","wall_ms":12.247250000,"device_sum_ms":8.750791661,"wall_minus_device_ms":3.496458339,"exclusive_wall_ms":0.622167000,"exclusive_device_sum_ms":0.048333313,"child_observer_wall_ms":0.017500000,"count_scope":"inclusive","owner_commits":2,"projection_invocations":1}
RISE_FIRE_OWNER_PROFILE_V1 {"scope":43,"parent":40,"phase":"ReadOpenClass","stage":1,"raw_iteration":0,"iteration_kind":"picard","wall_ms":0.179166000,"device_sum_ms":0.002333429,"wall_minus_device_ms":0.176832571,"exclusive_wall_ms":0.179166000,"exclusive_device_sum_ms":0.002333429,"child_observer_wall_ms":0.000000000,"count_scope":"inclusive","owner_commits":1,"projection_invocations":0}
RISE_FIRE_OWNER_PROFILE_V1 {"scope":44,"parent":40,"phase":"ReadOpenClass","stage":1,"raw_iteration":0,"iteration_kind":"picard","wall_ms":0.141250000,"device_sum_ms":0.002375105,"wall_minus_device_ms":0.138874895,"exclusive_wall_ms":0.141250000,"exclusive_device_sum_ms":0.002375105,"child_observer_wall_ms":0.000000000,"count_scope":"inclusive","owner_commits":1,"projection_invocations":0}
PRODUCER_COMMAND_V1 stage=1 raw_iteration=0 cpu_begin=1990033110296083 cpu_end=1990033942538041 gpu_begin=1990033110296083 gpu_end=1990033942538041 device_ms=749.52862481586635 encoders=41 interval_scope=possibly_overlapping
PRODUCER_KERNEL_V1 stage=1 raw_iteration=0 ordinal=0 kernel=owner_pack_faces threads=1533387 begin_tick=1990033192909583 end_tick=1990033192975083 ms_per_tick=9.9999999999999995e-07 device_ms=0.065500000000000003
PRODUCER_KERNEL_V1 stage=1 raw_iteration=0 ordinal=1 kernel=owner_pack_faces threads=1533387 begin_tick=1990033192974833 end_tick=1990033193285000 ms_per_tick=9.9999999999999995e-07 device_ms=0.31016699999999997
PRODUCER_KERNEL_V1 stage=1 raw_iteration=0 ordinal=2 kernel=owner_pack_faces threads=1533387 begin_tick=1990033192906416 end_tick=1990033192974833 ms_per_tick=9.9999999999999995e-07 device_ms=0.068416999999999992
PRODUCER_KERNEL_V1 stage=1 raw_iteration=0 ordinal=3 kernel=fct_extract_gas_density threads=504666 begin_tick=1990033192975583 end_tick=1990033193041958 ms_per_tick=9.9999999999999995e-07 device_ms=0.066375000000000003
PRODUCER_KERNEL_V1 stage=1 raw_iteration=0 ordinal=4 kernel=owner_gas_source threads=504666 begin_tick=1990033193285583 end_tick=1990033193483791 ms_per_tick=9.9999999999999995e-07 device_ms=0.198208
PRODUCER_KERNEL_V1 stage=1 raw_iteration=0 ordinal=5 kernel=evaluate_resident_transport threads=504666 begin_tick=1990033193041958 end_tick=1990033193497958 ms_per_tick=9.9999999999999995e-07 device_ms=0.45599999999999996
PRODUCER_KERNEL_V1 stage=1 raw_iteration=0 ordinal=6 kernel=identify_resident_transport threads=1 begin_tick=1990033193498375 end_tick=1990033193501166 ms_per_tick=9.9999999999999995e-07 device_ms=0.0027910000000000001
PRODUCER_KERNEL_V1 stage=1 raw_iteration=0 ordinal=7 kernel=owner_bind_transport threads=1 begin_tick=1990033193501750 end_tick=1990033193505250 ms_per_tick=9.9999999999999995e-07 device_ms=0.0034999999999999996
PRODUCER_KERNEL_V1 stage=1 raw_iteration=0 ordinal=8 kernel=identify_resident_owner_endpoint_class threads=1 begin_tick=1990033193505541 end_tick=1990033193509125 ms_per_tick=9.9999999999999995e-07 device_ms=0.0035839999999999999
PRODUCER_KERNEL_V1 stage=1 raw_iteration=0 ordinal=9 kernel=evaluate_resident_physical_flux threads=1533387 begin_tick=1990033194351208 end_tick=1990033195467708 ms_per_tick=9.9999999999999995e-07 device_ms=1.1165
PRODUCER_KERNEL_V1 stage=1 raw_iteration=0 ordinal=10 kernel=evaluate_resident_advective_pair threads=13800483 begin_tick=1990033195761500 end_tick=1990033204406375 ms_per_tick=9.9999999999999995e-07 device_ms=8.644874999999999
PRODUCER_KERNEL_V1 stage=1 raw_iteration=0 ordinal=11 kernel=finalize_resident_advective_high threads=13800483 begin_tick=1990033204424291 end_tick=1990033205057250 ms_per_tick=9.9999999999999995e-07 device_ms=0.63295899999999994
PRODUCER_KERNEL_V1 stage=1 raw_iteration=0 ordinal=12 kernel=compose_resident_flux_pair threads=13800483 begin_tick=1990033205057791 end_tick=1990033205944125 ms_per_tick=9.9999999999999995e-07 device_ms=0.88633399999999996
PRODUCER_KERNEL_V1 stage=1 raw_iteration=0 ordinal=13 kernel=validate_resident_physical_flux threads=13800483 begin_tick=1990033205944625 end_tick=1990033206780083 ms_per_tick=9.9999999999999995e-07 device_ms=0.83545799999999992
PRODUCER_KERNEL_V1 stage=1 raw_iteration=0 ordinal=14 kernel=identify_resident_physical_flux threads=32 begin_tick=1990033206780791 end_tick=1990033206784125 ms_per_tick=9.9999999999999995e-07 device_ms=0.0033339999999999997
PRODUCER_KERNEL_V1 stage=1 raw_iteration=0 ordinal=15 kernel=owner_average_flux threads=13800483 begin_tick=1990033206784666 end_tick=1990033207581750 ms_per_tick=9.9999999999999995e-07 device_ms=0.79708400000000001
PRODUCER_KERNEL_V1 stage=1 raw_iteration=0 ordinal=16 kernel=owner_bind_averaged_flux threads=1 begin_tick=1990033207582291 end_tick=1990033207586041 ms_per_tick=9.9999999999999995e-07 device_ms=0.0037499999999999999
PRODUCER_KERNEL_V1 stage=1 raw_iteration=0 ordinal=17 kernel=fct_build_ratios threads=5551326 begin_tick=1990033207586583 end_tick=1990033211211416 ms_per_tick=9.9999999999999995e-07 device_ms=3.6248329999999997
PRODUCER_KERNEL_V1 stage=1 raw_iteration=0 ordinal=18 kernel=fct_build_face_alpha threads=1533387 begin_tick=1990033211212125 end_tick=1990033211481625 ms_per_tick=9.9999999999999995e-07 device_ms=0.26949999999999996
PRODUCER_KERNEL_V1 stage=1 raw_iteration=0 ordinal=19 kernel=fct_commit_scalar threads=504666 begin_tick=1990033211482291 end_tick=1990033211672458 ms_per_tick=9.9999999999999995e-07 device_ms=0.190167
PRODUCER_KERNEL_V1 stage=1 raw_iteration=0 ordinal=20 kernel=owner_bind_candidate threads=1 begin_tick=1990033211672875 end_tick=1990033211676541 ms_per_tick=9.9999999999999995e-07 device_ms=0.003666
PRODUCER_KERNEL_V1 stage=1 raw_iteration=0 ordinal=21 kernel=finalize_resident_eos_candidate threads=1 begin_tick=1990033211677041 end_tick=1990033211679416 ms_per_tick=9.9999999999999995e-07 device_ms=0.0023749999999999999
PRODUCER_KERNEL_V1 stage=1 raw_iteration=0 ordinal=22 kernel=evaluate_resident_eos_candidate threads=504666 begin_tick=1990033211679875 end_tick=1990033814242041 ms_per_tick=9.9999999999999995e-07 device_ms=602.56216599999993
PRODUCER_KERNEL_V1 stage=1 raw_iteration=0 ordinal=23 kernel=finalize_resident_eos_candidate threads=1 begin_tick=1990033814256041 end_tick=1990033814296208 ms_per_tick=9.9999999999999995e-07 device_ms=0.040167000000000001
PRODUCER_KERNEL_V1 stage=1 raw_iteration=0 ordinal=24 kernel=identify_resident_eos threads=1 begin_tick=1990033814296541 end_tick=1990033814299416 ms_per_tick=9.9999999999999995e-07 device_ms=0.002875
PRODUCER_KERNEL_V1 stage=1 raw_iteration=0 ordinal=25 kernel=produce_resident_frozen_source threads=504666 begin_tick=1990033814299750 end_tick=1990033814436416 ms_per_tick=9.9999999999999995e-07 device_ms=0.13666599999999998
PRODUCER_KERNEL_V1 stage=1 raw_iteration=0 ordinal=26 kernel=identify_resident_frozen_source threads=1 begin_tick=1990033814436833 end_tick=1990033814439625 ms_per_tick=9.9999999999999995e-07 device_ms=0.0027919999999999998
PRODUCER_KERNEL_V1 stage=1 raw_iteration=0 ordinal=27 kernel=evaluate_resident_target_terms threads=504666 begin_tick=1990033814440041 end_tick=1990033941128916 ms_per_tick=9.9999999999999995e-07 device_ms=126.688875
PRODUCER_KERNEL_V1 stage=1 raw_iteration=0 ordinal=28 kernel=finalize_resident_target threads=1 begin_tick=1990033941144583 end_tick=1990033941147500 ms_per_tick=9.9999999999999995e-07 device_ms=0.0029169999999999999
PRODUCER_KERNEL_V1 stage=1 raw_iteration=0 ordinal=29 kernel=identify_resident_target threads=1 begin_tick=1990033941147833 end_tick=1990033941150875 ms_per_tick=9.9999999999999995e-07 device_ms=0.003042
PRODUCER_KERNEL_V1 stage=1 raw_iteration=0 ordinal=30 kernel=issue_resident_projection_consumer threads=1 begin_tick=1990033941151291 end_tick=1990033941155625 ms_per_tick=9.9999999999999995e-07 device_ms=0.0043340000000000002
PRODUCER_KERNEL_V1 stage=1 raw_iteration=0 ordinal=31 kernel=consume_resident_target threads=1 begin_tick=1990033941156000 end_tick=1990033941160625 ms_per_tick=9.9999999999999995e-07 device_ms=0.0046249999999999998
PRODUCER_KERNEL_V1 stage=1 raw_iteration=0 ordinal=32 kernel=owner_compose_target threads=504666 begin_tick=1990033941161041 end_tick=1990033941240375 ms_per_tick=9.9999999999999995e-07 device_ms=0.079334000000000002
PRODUCER_KERNEL_V1 stage=1 raw_iteration=0 ordinal=33 kernel=finalize_resident_target threads=1 begin_tick=1990033941240750 end_tick=1990033941243000 ms_per_tick=9.9999999999999995e-07 device_ms=0.0022499999999999998
PRODUCER_KERNEL_V1 stage=1 raw_iteration=0 ordinal=34 kernel=owner_identify_target threads=1 begin_tick=1990033941243375 end_tick=1990033941246708 ms_per_tick=9.9999999999999995e-07 device_ms=0.003333
PRODUCER_KERNEL_V1 stage=1 raw_iteration=0 ordinal=35 kernel=issue_resident_projection_consumer threads=1 begin_tick=1990033941247125 end_tick=1990033941250375 ms_per_tick=9.9999999999999995e-07 device_ms=0.0032499999999999999
PRODUCER_KERNEL_V1 stage=1 raw_iteration=0 ordinal=36 kernel=consume_resident_target threads=1 begin_tick=1990033941250791 end_tick=1990033941254083 ms_per_tick=9.9999999999999995e-07 device_ms=0.0032919999999999998
PRODUCER_KERNEL_V1 stage=1 raw_iteration=0 ordinal=37 kernel=owner_issue_stage_seal threads=1 begin_tick=1990033941254500 end_tick=1990033941257375 ms_per_tick=9.9999999999999995e-07 device_ms=0.002875
PRODUCER_KERNEL_V1 stage=1 raw_iteration=0 ordinal=38 kernel=fct_compatible_stage_rate threads=1533387 begin_tick=1990033941258041 end_tick=1990033941808833 ms_per_tick=9.9999999999999995e-07 device_ms=0.55079199999999995
PRODUCER_KERNEL_V1 stage=1 raw_iteration=0 ordinal=39 kernel=fct_compatible_stage_rate threads=1533387 begin_tick=1990033941809333 end_tick=1990033942336000 ms_per_tick=9.9999999999999995e-07 device_ms=0.526667
PRODUCER_KERNEL_V1 stage=1 raw_iteration=0 ordinal=40 kernel=owner_heun_momentum threads=1533387 begin_tick=1990033942336666 end_tick=1990033942429375 ms_per_tick=9.9999999999999995e-07 device_ms=0.092709
RISE_FIRE_OWNER_PROFILE_V1 {"scope":45,"parent":40,"phase":"BuildStageProducerGroup","stage":1,"raw_iteration":0,"iteration_kind":"picard","wall_ms":832.414250000,"device_sum_ms":749.528624816,"wall_minus_device_ms":82.885625184,"exclusive_wall_ms":832.414250000,"exclusive_device_sum_ms":749.528624816,"child_observer_wall_ms":0.000000000,"count_scope":"inclusive","owner_commits":1,"projection_invocations":0}
RISE_FIRE_OWNER_PROFILE_V1 {"scope":46,"parent":40,"phase":"Residual","stage":1,"raw_iteration":0,"iteration_kind":"picard","wall_ms":0.231667000,"device_sum_ms":0.021666754,"wall_minus_device_ms":0.210000246,"exclusive_wall_ms":0.231667000,"exclusive_device_sum_ms":0.021666754,"child_observer_wall_ms":0.000000000,"count_scope":"inclusive","owner_commits":1,"projection_invocations":0}
RISE_FIRE_OWNER_PROFILE_V1 {"scope":40,"parent":36,"phase":"PicardIteration","stage":1,"raw_iteration":0,"iteration_kind":"picard","wall_ms":845.927917000,"device_sum_ms":758.305791765,"wall_minus_device_ms":87.622125235,"exclusive_wall_ms":0.682585000,"exclusive_device_sum_ms":0.000000000,"child_observer_wall_ms":0.031749000,"count_scope":"inclusive","owner_commits":6,"projection_invocations":1}
RISE_FIRE_OWNER_PROFILE_V1 {"scope":49,"parent":48,"phase":"ProjectionAdapter","stage":1,"raw_iteration":1,"iteration_kind":"picard","wall_ms":12.981833000,"device_sum_ms":10.180125013,"wall_minus_device_ms":2.801707987,"exclusive_wall_ms":12.981833000,"exclusive_device_sum_ms":10.180125013,"child_observer_wall_ms":0.000000000,"count_scope":"inclusive","owner_commits":0,"projection_invocations":1}
RISE_FIRE_OWNER_PROFILE_V1 {"scope":48,"parent":47,"phase":"Project","stage":1,"raw_iteration":1,"iteration_kind":"picard","wall_ms":14.501250000,"device_sum_ms":10.232917033,"wall_minus_device_ms":4.268332967,"exclusive_wall_ms":1.483500000,"exclusive_device_sum_ms":0.052792020,"child_observer_wall_ms":0.035917000,"count_scope":"inclusive","owner_commits":2,"projection_invocations":1}
RISE_FIRE_OWNER_PROFILE_V1 {"scope":50,"parent":47,"phase":"ReadOpenClass","stage":1,"raw_iteration":1,"iteration_kind":"picard","wall_ms":0.182417000,"device_sum_ms":0.002374873,"wall_minus_device_ms":0.180042127,"exclusive_wall_ms":0.182417000,"exclusive_device_sum_ms":0.002374873,"child_observer_wall_ms":0.000000000,"count_scope":"inclusive","owner_commits":1,"projection_invocations":0}
RISE_FIRE_OWNER_PROFILE_V1 {"scope":51,"parent":47,"phase":"ReadOpenClass","stage":1,"raw_iteration":1,"iteration_kind":"picard","wall_ms":0.168916000,"device_sum_ms":0.002250075,"wall_minus_device_ms":0.166665925,"exclusive_wall_ms":0.168916000,"exclusive_device_sum_ms":0.002250075,"child_observer_wall_ms":0.000000000,"count_scope":"inclusive","owner_commits":1,"projection_invocations":0}
PRODUCER_COMMAND_V1 stage=1 raw_iteration=1 cpu_begin=1990033958526041 cpu_end=1990034789166041 gpu_begin=1990033958526041 gpu_end=1990034789166041 device_ms=747.11000011302531 encoders=41 interval_scope=possibly_overlapping
PRODUCER_KERNEL_V1 stage=1 raw_iteration=1 ordinal=0 kernel=owner_pack_faces threads=1533387 begin_tick=1990034041915875 end_tick=1990034041970125 ms_per_tick=9.9999999999999995e-07 device_ms=0.05425
PRODUCER_KERNEL_V1 stage=1 raw_iteration=1 ordinal=1 kernel=owner_pack_faces threads=1533387 begin_tick=1990034041969875 end_tick=1990034042409708 ms_per_tick=9.9999999999999995e-07 device_ms=0.43983299999999997
PRODUCER_KERNEL_V1 stage=1 raw_iteration=1 ordinal=2 kernel=owner_pack_faces threads=1533387 begin_tick=1990034041913291 end_tick=1990034041969875 ms_per_tick=9.9999999999999995e-07 device_ms=0.056583999999999995
PRODUCER_KERNEL_V1 stage=1 raw_iteration=1 ordinal=3 kernel=fct_extract_gas_density threads=504666 begin_tick=1990034042409708 end_tick=1990034042433291 ms_per_tick=9.9999999999999995e-07 device_ms=0.023583
PRODUCER_KERNEL_V1 stage=1 raw_iteration=1 ordinal=4 kernel=owner_gas_source threads=504666 begin_tick=1990034042433291 end_tick=1990034042475708 ms_per_tick=9.9999999999999995e-07 device_ms=0.042416999999999996
PRODUCER_KERNEL_V1 stage=1 raw_iteration=1 ordinal=5 kernel=evaluate_resident_transport threads=504666 begin_tick=1990034041970583 end_tick=1990034042444583 ms_per_tick=9.9999999999999995e-07 device_ms=0.47399999999999998
PRODUCER_KERNEL_V1 stage=1 raw_iteration=1 ordinal=6 kernel=identify_resident_transport threads=1 begin_tick=1990034042445708 end_tick=1990034042470083 ms_per_tick=9.9999999999999995e-07 device_ms=0.024374999999999997
PRODUCER_KERNEL_V1 stage=1 raw_iteration=1 ordinal=7 kernel=owner_bind_transport threads=1 begin_tick=1990034042470791 end_tick=1990034042476250 ms_per_tick=9.9999999999999995e-07 device_ms=0.0054589999999999994
PRODUCER_KERNEL_V1 stage=1 raw_iteration=1 ordinal=8 kernel=identify_resident_owner_endpoint_class threads=1 begin_tick=1990034042476625 end_tick=1990034042480041 ms_per_tick=9.9999999999999995e-07 device_ms=0.0034159999999999998
PRODUCER_KERNEL_V1 stage=1 raw_iteration=1 ordinal=9 kernel=evaluate_resident_physical_flux threads=1533387 begin_tick=1990034043376833 end_tick=1990034044495166 ms_per_tick=9.9999999999999995e-07 device_ms=1.118333
PRODUCER_KERNEL_V1 stage=1 raw_iteration=1 ordinal=10 kernel=evaluate_resident_advective_pair threads=13800483 begin_tick=1990034044746125 end_tick=1990034053380541 ms_per_tick=9.9999999999999995e-07 device_ms=8.6344159999999999
PRODUCER_KERNEL_V1 stage=1 raw_iteration=1 ordinal=11 kernel=finalize_resident_advective_high threads=13800483 begin_tick=1990034053396125 end_tick=1990034054000458 ms_per_tick=9.9999999999999995e-07 device_ms=0.60433300000000001
PRODUCER_KERNEL_V1 stage=1 raw_iteration=1 ordinal=12 kernel=compose_resident_flux_pair threads=13800483 begin_tick=1990034054000833 end_tick=1990034054870708 ms_per_tick=9.9999999999999995e-07 device_ms=0.86987499999999995
PRODUCER_KERNEL_V1 stage=1 raw_iteration=1 ordinal=13 kernel=validate_resident_physical_flux threads=13800483 begin_tick=1990034054871125 end_tick=1990034055773541 ms_per_tick=9.9999999999999995e-07 device_ms=0.902416
PRODUCER_KERNEL_V1 stage=1 raw_iteration=1 ordinal=14 kernel=identify_resident_physical_flux threads=32 begin_tick=1990034055774375 end_tick=1990034055780166 ms_per_tick=9.9999999999999995e-07 device_ms=0.0057910000000000001
PRODUCER_KERNEL_V1 stage=1 raw_iteration=1 ordinal=15 kernel=owner_average_flux threads=13800483 begin_tick=1990034055780625 end_tick=1990034056596750 ms_per_tick=9.9999999999999995e-07 device_ms=0.81612499999999999
PRODUCER_KERNEL_V1 stage=1 raw_iteration=1 ordinal=16 kernel=owner_bind_averaged_flux threads=1 begin_tick=1990034056597291 end_tick=1990034056601208 ms_per_tick=9.9999999999999995e-07 device_ms=0.0039169999999999995
PRODUCER_KERNEL_V1 stage=1 raw_iteration=1 ordinal=17 kernel=fct_build_ratios threads=5551326 begin_tick=1990034056601750 end_tick=1990034060347625 ms_per_tick=9.9999999999999995e-07 device_ms=3.7458749999999998
PRODUCER_KERNEL_V1 stage=1 raw_iteration=1 ordinal=18 kernel=fct_build_face_alpha threads=1533387 begin_tick=1990034060348375 end_tick=1990034060618333 ms_per_tick=9.9999999999999995e-07 device_ms=0.26995799999999998
PRODUCER_KERNEL_V1 stage=1 raw_iteration=1 ordinal=19 kernel=fct_commit_scalar threads=504666 begin_tick=1990034060618916 end_tick=1990034060820833 ms_per_tick=9.9999999999999995e-07 device_ms=0.20191699999999999
PRODUCER_KERNEL_V1 stage=1 raw_iteration=1 ordinal=20 kernel=owner_bind_candidate threads=1 begin_tick=1990034060821208 end_tick=1990034060827750 ms_per_tick=9.9999999999999995e-07 device_ms=0.0065420000000000001
PRODUCER_KERNEL_V1 stage=1 raw_iteration=1 ordinal=21 kernel=finalize_resident_eos_candidate threads=1 begin_tick=1990034060828166 end_tick=1990034060830666 ms_per_tick=9.9999999999999995e-07 device_ms=0.0025000000000000001
PRODUCER_KERNEL_V1 stage=1 raw_iteration=1 ordinal=22 kernel=evaluate_resident_eos_candidate threads=504666 begin_tick=1990034060831125 end_tick=1990034663765041 ms_per_tick=9.9999999999999995e-07 device_ms=602.93391599999995
PRODUCER_KERNEL_V1 stage=1 raw_iteration=1 ordinal=23 kernel=finalize_resident_eos_candidate threads=1 begin_tick=1990034663780458 end_tick=1990034663783166 ms_per_tick=9.9999999999999995e-07 device_ms=0.0027079999999999999
PRODUCER_KERNEL_V1 stage=1 raw_iteration=1 ordinal=24 kernel=identify_resident_eos threads=1 begin_tick=1990034663783500 end_tick=1990034663786333 ms_per_tick=9.9999999999999995e-07 device_ms=0.002833
PRODUCER_KERNEL_V1 stage=1 raw_iteration=1 ordinal=25 kernel=produce_resident_frozen_source threads=504666 begin_tick=1990034663786666 end_tick=1990034663817583 ms_per_tick=9.9999999999999995e-07 device_ms=0.030917
PRODUCER_KERNEL_V1 stage=1 raw_iteration=1 ordinal=26 kernel=identify_resident_frozen_source threads=1 begin_tick=1990034663817958 end_tick=1990034663820666 ms_per_tick=9.9999999999999995e-07 device_ms=0.0027079999999999999
PRODUCER_KERNEL_V1 stage=1 raw_iteration=1 ordinal=27 kernel=evaluate_resident_target_terms threads=504666 begin_tick=1990034663821041 end_tick=1990034787736666 ms_per_tick=9.9999999999999995e-07 device_ms=123.91562499999999
PRODUCER_KERNEL_V1 stage=1 raw_iteration=1 ordinal=28 kernel=finalize_resident_target threads=1 begin_tick=1990034787752166 end_tick=1990034787755416 ms_per_tick=9.9999999999999995e-07 device_ms=0.0032499999999999999
PRODUCER_KERNEL_V1 stage=1 raw_iteration=1 ordinal=29 kernel=identify_resident_target threads=1 begin_tick=1990034787755750 end_tick=1990034787758833 ms_per_tick=9.9999999999999995e-07 device_ms=0.0030829999999999998
PRODUCER_KERNEL_V1 stage=1 raw_iteration=1 ordinal=30 kernel=issue_resident_projection_consumer threads=1 begin_tick=1990034787759250 end_tick=1990034787763416 ms_per_tick=9.9999999999999995e-07 device_ms=0.0041659999999999996
PRODUCER_KERNEL_V1 stage=1 raw_iteration=1 ordinal=31 kernel=consume_resident_target threads=1 begin_tick=1990034787763833 end_tick=1990034787768458 ms_per_tick=9.9999999999999995e-07 device_ms=0.0046249999999999998
PRODUCER_KERNEL_V1 stage=1 raw_iteration=1 ordinal=32 kernel=owner_compose_target threads=504666 begin_tick=1990034787768916 end_tick=1990034787848250 ms_per_tick=9.9999999999999995e-07 device_ms=0.079334000000000002
PRODUCER_KERNEL_V1 stage=1 raw_iteration=1 ordinal=33 kernel=finalize_resident_target threads=1 begin_tick=1990034787848666 end_tick=1990034787851250 ms_per_tick=9.9999999999999995e-07 device_ms=0.0025839999999999999
PRODUCER_KERNEL_V1 stage=1 raw_iteration=1 ordinal=34 kernel=owner_identify_target threads=1 begin_tick=1990034787851666 end_tick=1990034787854750 ms_per_tick=9.9999999999999995e-07 device_ms=0.0030839999999999999
PRODUCER_KERNEL_V1 stage=1 raw_iteration=1 ordinal=35 kernel=issue_resident_projection_consumer threads=1 begin_tick=1990034787855166 end_tick=1990034787858375 ms_per_tick=9.9999999999999995e-07 device_ms=0.003209
PRODUCER_KERNEL_V1 stage=1 raw_iteration=1 ordinal=36 kernel=consume_resident_target threads=1 begin_tick=1990034787858625 end_tick=1990034787862000 ms_per_tick=9.9999999999999995e-07 device_ms=0.003375
PRODUCER_KERNEL_V1 stage=1 raw_iteration=1 ordinal=37 kernel=owner_issue_stage_seal threads=1 begin_tick=1990034787862416 end_tick=1990034787865291 ms_per_tick=9.9999999999999995e-07 device_ms=0.002875
PRODUCER_KERNEL_V1 stage=1 raw_iteration=1 ordinal=38 kernel=fct_compatible_stage_rate threads=1533387 begin_tick=1990034787865958 end_tick=1990034788401250 ms_per_tick=9.9999999999999995e-07 device_ms=0.53529199999999999
PRODUCER_KERNEL_V1 stage=1 raw_iteration=1 ordinal=39 kernel=fct_compatible_stage_rate threads=1533387 begin_tick=1990034788401750 end_tick=1990034788922500 ms_per_tick=9.9999999999999995e-07 device_ms=0.52074999999999994
PRODUCER_KERNEL_V1 stage=1 raw_iteration=1 ordinal=40 kernel=owner_heun_momentum threads=1533387 begin_tick=1990034788923125 end_tick=1990034789017250 ms_per_tick=9.9999999999999995e-07 device_ms=0.094125
RISE_FIRE_OWNER_PROFILE_V1 {"scope":52,"parent":47,"phase":"BuildStageProducerGroup","stage":1,"raw_iteration":1,"iteration_kind":"picard","wall_ms":830.820875000,"device_sum_ms":747.110000113,"wall_minus_device_ms":83.710874887,"exclusive_wall_ms":830.820875000,"exclusive_device_sum_ms":747.110000113,"child_observer_wall_ms":0.000000000,"count_scope":"inclusive","owner_commits":1,"projection_invocations":0}
RISE_FIRE_OWNER_PROFILE_V1 {"scope":53,"parent":47,"phase":"Residual","stage":1,"raw_iteration":1,"iteration_kind":"picard","wall_ms":0.338000000,"device_sum_ms":0.118749915,"wall_minus_device_ms":0.219250085,"exclusive_wall_ms":0.338000000,"exclusive_device_sum_ms":0.118749915,"child_observer_wall_ms":0.000000000,"count_scope":"inclusive","owner_commits":1,"projection_invocations":0}
RISE_FIRE_OWNER_PROFILE_V1 {"scope":47,"parent":36,"phase":"PicardIteration","stage":1,"raw_iteration":1,"iteration_kind":"picard","wall_ms":847.320667000,"device_sum_ms":757.466292009,"wall_minus_device_ms":89.854374991,"exclusive_wall_ms":1.267751000,"exclusive_device_sum_ms":0.000000000,"child_observer_wall_ms":0.041458000,"count_scope":"inclusive","owner_commits":6,"projection_invocations":1}
RISE_FIRE_OWNER_PROFILE_V1 {"scope":56,"parent":55,"phase":"ProjectionAdapter","stage":1,"raw_iteration":2,"iteration_kind":"picard","wall_ms":12.526042000,"device_sum_ms":9.496458340,"wall_minus_device_ms":3.029583660,"exclusive_wall_ms":12.526042000,"exclusive_device_sum_ms":9.496458340,"child_observer_wall_ms":0.000000000,"count_scope":"inclusive","owner_commits":0,"projection_invocations":1}
RISE_FIRE_OWNER_PROFILE_V1 {"scope":55,"parent":54,"phase":"Project","stage":1,"raw_iteration":2,"iteration_kind":"picard","wall_ms":14.042041000,"device_sum_ms":9.546708548,"wall_minus_device_ms":4.495332452,"exclusive_wall_ms":1.495249000,"exclusive_device_sum_ms":0.050250208,"child_observer_wall_ms":0.020750000,"count_scope":"inclusive","owner_commits":2,"projection_invocations":1}
RISE_FIRE_OWNER_PROFILE_V1 {"scope":57,"parent":54,"phase":"ReadOpenClass","stage":1,"raw_iteration":2,"iteration_kind":"picard","wall_ms":0.178750000,"device_sum_ms":0.002624933,"wall_minus_device_ms":0.176125067,"exclusive_wall_ms":0.178750000,"exclusive_device_sum_ms":0.002624933,"child_observer_wall_ms":0.000000000,"count_scope":"inclusive","owner_commits":1,"projection_invocations":0}
RISE_FIRE_OWNER_PROFILE_V1 {"scope":58,"parent":54,"phase":"ReadOpenClass","stage":1,"raw_iteration":2,"iteration_kind":"picard","wall_ms":0.162292000,"device_sum_ms":0.002375105,"wall_minus_device_ms":0.159916895,"exclusive_wall_ms":0.162292000,"exclusive_device_sum_ms":0.002375105,"child_observer_wall_ms":0.000000000,"count_scope":"inclusive","owner_commits":1,"projection_invocations":0}
PRODUCER_COMMAND_V1 stage=1 raw_iteration=2 cpu_begin=1990034805366000 cpu_end=1990035664285916 gpu_begin=1990034805366000 gpu_end=1990035664285916 device_ms=777.84737478941679 encoders=41 interval_scope=possibly_overlapping
PRODUCER_KERNEL_V1 stage=1 raw_iteration=2 ordinal=0 kernel=owner_pack_faces threads=1533387 begin_tick=1990034886441333 end_tick=1990034886492416 ms_per_tick=9.9999999999999995e-07 device_ms=0.051082999999999996
PRODUCER_KERNEL_V1 stage=1 raw_iteration=2 ordinal=1 kernel=owner_pack_faces threads=1533387 begin_tick=1990034886507083 end_tick=1990034886558500 ms_per_tick=9.9999999999999995e-07 device_ms=0.051416999999999997
PRODUCER_KERNEL_V1 stage=1 raw_iteration=2 ordinal=2 kernel=owner_pack_faces threads=1533387 begin_tick=1990034886633541 end_tick=1990034886726708 ms_per_tick=9.9999999999999995e-07 device_ms=0.093167
PRODUCER_KERNEL_V1 stage=1 raw_iteration=2 ordinal=3 kernel=fct_extract_gas_density threads=504666 begin_tick=1990034886654250 end_tick=1990034886702291 ms_per_tick=9.9999999999999995e-07 device_ms=0.048041
PRODUCER_KERNEL_V1 stage=1 raw_iteration=2 ordinal=4 kernel=owner_gas_source threads=504666 begin_tick=1990034886702291 end_tick=1990034886750083 ms_per_tick=9.9999999999999995e-07 device_ms=0.047792000000000001
PRODUCER_KERNEL_V1 stage=1 raw_iteration=2 ordinal=5 kernel=evaluate_resident_transport threads=504666 begin_tick=1990034886811833 end_tick=1990034887258541 ms_per_tick=9.9999999999999995e-07 device_ms=0.44670799999999999
PRODUCER_KERNEL_V1 stage=1 raw_iteration=2 ordinal=6 kernel=identify_resident_transport threads=1 begin_tick=1990034887258875 end_tick=1990034887261625 ms_per_tick=9.9999999999999995e-07 device_ms=0.0027499999999999998
PRODUCER_KERNEL_V1 stage=1 raw_iteration=2 ordinal=7 kernel=owner_bind_transport threads=1 begin_tick=1990034887262208 end_tick=1990034887265625 ms_per_tick=9.9999999999999995e-07 device_ms=0.0034169999999999999
PRODUCER_KERNEL_V1 stage=1 raw_iteration=2 ordinal=8 kernel=identify_resident_owner_endpoint_class threads=1 begin_tick=1990034887265916 end_tick=1990034887269333 ms_per_tick=9.9999999999999995e-07 device_ms=0.0034169999999999999
PRODUCER_KERNEL_V1 stage=1 raw_iteration=2 ordinal=9 kernel=evaluate_resident_physical_flux threads=1533387 begin_tick=1990034888200708 end_tick=1990034889314583 ms_per_tick=9.9999999999999995e-07 device_ms=1.1138749999999999
PRODUCER_KERNEL_V1 stage=1 raw_iteration=2 ordinal=10 kernel=evaluate_resident_advective_pair threads=13800483 begin_tick=1990034889572833 end_tick=1990034896836750 ms_per_tick=9.9999999999999995e-07 device_ms=7.2639169999999993
PRODUCER_KERNEL_V1 stage=1 raw_iteration=2 ordinal=11 kernel=finalize_resident_advective_high threads=13800483 begin_tick=1990034896837541 end_tick=1990034897259583 ms_per_tick=9.9999999999999995e-07 device_ms=0.42204199999999997
PRODUCER_KERNEL_V1 stage=1 raw_iteration=2 ordinal=12 kernel=compose_resident_flux_pair threads=13800483 begin_tick=1990034897259958 end_tick=1990034898134666 ms_per_tick=9.9999999999999995e-07 device_ms=0.87470799999999993
PRODUCER_KERNEL_V1 stage=1 raw_iteration=2 ordinal=13 kernel=validate_resident_physical_flux threads=13800483 begin_tick=1990034898135333 end_tick=1990034900331541 ms_per_tick=9.9999999999999995e-07 device_ms=2.1962079999999999
PRODUCER_KERNEL_V1 stage=1 raw_iteration=2 ordinal=14 kernel=identify_resident_physical_flux threads=32 begin_tick=1990034900348833 end_tick=1990034900352375 ms_per_tick=9.9999999999999995e-07 device_ms=0.003542
PRODUCER_KERNEL_V1 stage=1 raw_iteration=2 ordinal=15 kernel=owner_average_flux threads=13800483 begin_tick=1990034900352916 end_tick=1990034901377666 ms_per_tick=9.9999999999999995e-07 device_ms=1.02475
PRODUCER_KERNEL_V1 stage=1 raw_iteration=2 ordinal=16 kernel=owner_bind_averaged_flux threads=1 begin_tick=1990034901378333 end_tick=1990034901382541 ms_per_tick=9.9999999999999995e-07 device_ms=0.0042079999999999999
PRODUCER_KERNEL_V1 stage=1 raw_iteration=2 ordinal=17 kernel=fct_build_ratios threads=5551326 begin_tick=1990034901382875 end_tick=1990034905033750 ms_per_tick=9.9999999999999995e-07 device_ms=3.6508749999999996
PRODUCER_KERNEL_V1 stage=1 raw_iteration=2 ordinal=18 kernel=fct_build_face_alpha threads=1533387 begin_tick=1990034905034375 end_tick=1990034905303458 ms_per_tick=9.9999999999999995e-07 device_ms=0.26908299999999996
PRODUCER_KERNEL_V1 stage=1 raw_iteration=2 ordinal=19 kernel=fct_commit_scalar threads=504666 begin_tick=1990034905304125 end_tick=1990034905494958 ms_per_tick=9.9999999999999995e-07 device_ms=0.190833
PRODUCER_KERNEL_V1 stage=1 raw_iteration=2 ordinal=20 kernel=owner_bind_candidate threads=1 begin_tick=1990034905495541 end_tick=1990034905499666 ms_per_tick=9.9999999999999995e-07 device_ms=0.0041250000000000002
PRODUCER_KERNEL_V1 stage=1 raw_iteration=2 ordinal=21 kernel=finalize_resident_eos_candidate threads=1 begin_tick=1990034905500166 end_tick=1990034905502750 ms_per_tick=9.9999999999999995e-07 device_ms=0.0025839999999999999
PRODUCER_KERNEL_V1 stage=1 raw_iteration=2 ordinal=22 kernel=evaluate_resident_eos_candidate threads=504666 begin_tick=1990034905503833 end_tick=1990035538790250 ms_per_tick=9.9999999999999995e-07 device_ms=633.28641699999991
PRODUCER_KERNEL_V1 stage=1 raw_iteration=2 ordinal=23 kernel=finalize_resident_eos_candidate threads=1 begin_tick=1990035538806583 end_tick=1990035538809250 ms_per_tick=9.9999999999999995e-07 device_ms=0.0026669999999999997
PRODUCER_KERNEL_V1 stage=1 raw_iteration=2 ordinal=24 kernel=identify_resident_eos threads=1 begin_tick=1990035538809666 end_tick=1990035538812416 ms_per_tick=9.9999999999999995e-07 device_ms=0.0027499999999999998
PRODUCER_KERNEL_V1 stage=1 raw_iteration=2 ordinal=25 kernel=produce_resident_frozen_source threads=504666 begin_tick=1990035538812708 end_tick=1990035538844000 ms_per_tick=9.9999999999999995e-07 device_ms=0.031292
PRODUCER_KERNEL_V1 stage=1 raw_iteration=2 ordinal=26 kernel=identify_resident_frozen_source threads=1 begin_tick=1990035538844416 end_tick=1990035538847333 ms_per_tick=9.9999999999999995e-07 device_ms=0.0029169999999999999
PRODUCER_KERNEL_V1 stage=1 raw_iteration=2 ordinal=27 kernel=evaluate_resident_target_terms threads=504666 begin_tick=1990035538847750 end_tick=1990035662635416 ms_per_tick=9.9999999999999995e-07 device_ms=123.78766599999999
PRODUCER_KERNEL_V1 stage=1 raw_iteration=2 ordinal=28 kernel=finalize_resident_target threads=1 begin_tick=1990035662672125 end_tick=1990035662685875 ms_per_tick=9.9999999999999995e-07 device_ms=0.01375
PRODUCER_KERNEL_V1 stage=1 raw_iteration=2 ordinal=29 kernel=identify_resident_target threads=1 begin_tick=1990035662686250 end_tick=1990035662721291 ms_per_tick=9.9999999999999995e-07 device_ms=0.035040999999999996
PRODUCER_KERNEL_V1 stage=1 raw_iteration=2 ordinal=30 kernel=issue_resident_projection_consumer threads=1 begin_tick=1990035662721625 end_tick=1990035662746458 ms_per_tick=9.9999999999999995e-07 device_ms=0.024832999999999997
PRODUCER_KERNEL_V1 stage=1 raw_iteration=2 ordinal=31 kernel=consume_resident_target threads=1 begin_tick=1990035662746875 end_tick=1990035662751125 ms_per_tick=9.9999999999999995e-07 device_ms=0.0042499999999999994
PRODUCER_KERNEL_V1 stage=1 raw_iteration=2 ordinal=32 kernel=owner_compose_target threads=504666 begin_tick=1990035662751541 end_tick=1990035662830958 ms_per_tick=9.9999999999999995e-07 device_ms=0.079417000000000001
PRODUCER_KERNEL_V1 stage=1 raw_iteration=2 ordinal=33 kernel=finalize_resident_target threads=1 begin_tick=1990035662831333 end_tick=1990035662833583 ms_per_tick=9.9999999999999995e-07 device_ms=0.0022499999999999998
PRODUCER_KERNEL_V1 stage=1 raw_iteration=2 ordinal=34 kernel=owner_identify_target threads=1 begin_tick=1990035662833958 end_tick=1990035662837291 ms_per_tick=9.9999999999999995e-07 device_ms=0.003333
PRODUCER_KERNEL_V1 stage=1 raw_iteration=2 ordinal=35 kernel=issue_resident_projection_consumer threads=1 begin_tick=1990035662838666 end_tick=1990035662841791 ms_per_tick=9.9999999999999995e-07 device_ms=0.0031249999999999997
PRODUCER_KERNEL_V1 stage=1 raw_iteration=2 ordinal=36 kernel=consume_resident_target threads=1 begin_tick=1990035662842208 end_tick=1990035662845625 ms_per_tick=9.9999999999999995e-07 device_ms=0.0034169999999999999
PRODUCER_KERNEL_V1 stage=1 raw_iteration=2 ordinal=37 kernel=owner_issue_stage_seal threads=1 begin_tick=1990035662846041 end_tick=1990035662848708 ms_per_tick=9.9999999999999995e-07 device_ms=0.0026669999999999997
PRODUCER_KERNEL_V1 stage=1 raw_iteration=2 ordinal=38 kernel=fct_compatible_stage_rate threads=1533387 begin_tick=1990035662849416 end_tick=1990035663543583 ms_per_tick=9.9999999999999995e-07 device_ms=0.69416699999999998
PRODUCER_KERNEL_V1 stage=1 raw_iteration=2 ordinal=39 kernel=fct_compatible_stage_rate threads=1533387 begin_tick=1990035663544208 end_tick=1990035664072833 ms_per_tick=9.9999999999999995e-07 device_ms=0.52862500000000001
PRODUCER_KERNEL_V1 stage=1 raw_iteration=2 ordinal=40 kernel=owner_heun_momentum threads=1533387 begin_tick=1990035664073291 end_tick=1990035664166291 ms_per_tick=9.9999999999999995e-07 device_ms=0.092999999999999999
RISE_FIRE_OWNER_PROFILE_V1 {"scope":59,"parent":54,"phase":"BuildStageProducerGroup","stage":1,"raw_iteration":2,"iteration_kind":"picard","wall_ms":859.081959000,"device_sum_ms":777.847374789,"wall_minus_device_ms":81.234584211,"exclusive_wall_ms":859.081959000,"exclusive_device_sum_ms":777.847374789,"child_observer_wall_ms":0.000000000,"count_scope":"inclusive","owner_commits":1,"projection_invocations":0}
RISE_FIRE_OWNER_PROFILE_V1 {"scope":60,"parent":54,"phase":"Residual","stage":1,"raw_iteration":2,"iteration_kind":"picard","wall_ms":0.303583000,"device_sum_ms":0.112125184,"wall_minus_device_ms":0.191457816,"exclusive_wall_ms":0.303583000,"exclusive_device_sum_ms":0.112125184,"child_observer_wall_ms":0.000000000,"count_scope":"inclusive","owner_commits":1,"projection_invocations":0}
RISE_FIRE_OWNER_PROFILE_V1 {"scope":63,"parent":62,"phase":"ProjectionAdapter","stage":1,"raw_iteration":2147483650,"iteration_kind":"terminal","wall_ms":11.381625000,"device_sum_ms":8.635125123,"wall_minus_device_ms":2.746499877,"exclusive_wall_ms":11.381625000,"exclusive_device_sum_ms":8.635125123,"child_observer_wall_ms":0.000000000,"count_scope":"inclusive","owner_commits":0,"projection_invocations":1}
RISE_FIRE_OWNER_PROFILE_V1 {"scope":62,"parent":61,"phase":"Project","stage":1,"raw_iteration":2147483650,"iteration_kind":"terminal","wall_ms":11.978125000,"device_sum_ms":8.675916819,"wall_minus_device_ms":3.302208181,"exclusive_wall_ms":0.588708000,"exclusive_device_sum_ms":0.040791696,"child_observer_wall_ms":0.007792000,"count_scope":"inclusive","owner_commits":2,"projection_invocations":1}
RISE_FIRE_OWNER_PROFILE_V1 {"scope":64,"parent":61,"phase":"ReadOpenClass","stage":1,"raw_iteration":2147483650,"iteration_kind":"terminal","wall_ms":0.161875000,"device_sum_ms":0.002375105,"wall_minus_device_ms":0.159499895,"exclusive_wall_ms":0.161875000,"exclusive_device_sum_ms":0.002375105,"child_observer_wall_ms":0.000000000,"count_scope":"inclusive","owner_commits":1,"projection_invocations":0}
RISE_FIRE_OWNER_PROFILE_V1 {"scope":65,"parent":61,"phase":"ReadOpenClass","stage":1,"raw_iteration":2147483650,"iteration_kind":"terminal","wall_ms":0.157417000,"device_sum_ms":0.002375105,"wall_minus_device_ms":0.155041895,"exclusive_wall_ms":0.157417000,"exclusive_device_sum_ms":0.002375105,"child_observer_wall_ms":0.000000000,"count_scope":"inclusive","owner_commits":1,"projection_invocations":0}
PRODUCER_COMMAND_V1 stage=1 raw_iteration=2147483650 cpu_begin=1990035677084416 cpu_end=1990036508609916 gpu_begin=1990035677084416 gpu_end=1990036508609916 device_ms=750.17687492072582 encoders=41 interval_scope=possibly_overlapping
PRODUCER_KERNEL_V1 stage=1 raw_iteration=2147483650 ordinal=0 kernel=owner_pack_faces threads=1533387 begin_tick=1990035758321291 end_tick=1990035758380833 ms_per_tick=9.9999999999999995e-07 device_ms=0.059541999999999998
PRODUCER_KERNEL_V1 stage=1 raw_iteration=2147483650 ordinal=1 kernel=owner_pack_faces threads=1533387 begin_tick=1990035758380583 end_tick=1990035758824333 ms_per_tick=9.9999999999999995e-07 device_ms=0.44374999999999998
PRODUCER_KERNEL_V1 stage=1 raw_iteration=2147483650 ordinal=2 kernel=owner_pack_faces threads=1533387 begin_tick=1990035758317416 end_tick=1990035758380583 ms_per_tick=9.9999999999999995e-07 device_ms=0.063167000000000001
PRODUCER_KERNEL_V1 stage=1 raw_iteration=2147483650 ordinal=3 kernel=fct_extract_gas_density threads=504666 begin_tick=1990035758824333 end_tick=1990035758848000 ms_per_tick=9.9999999999999995e-07 device_ms=0.023667000000000001
PRODUCER_KERNEL_V1 stage=1 raw_iteration=2147483650 ordinal=4 kernel=owner_gas_source threads=504666 begin_tick=1990035758848000 end_tick=1990035758889291 ms_per_tick=9.9999999999999995e-07 device_ms=0.041291000000000001
PRODUCER_KERNEL_V1 stage=1 raw_iteration=2147483650 ordinal=5 kernel=evaluate_resident_transport threads=504666 begin_tick=1990035758381208 end_tick=1990035758852833 ms_per_tick=9.9999999999999995e-07 device_ms=0.47162499999999996
PRODUCER_KERNEL_V1 stage=1 raw_iteration=2147483650 ordinal=6 kernel=identify_resident_transport threads=1 begin_tick=1990035758854000 end_tick=1990035758877291 ms_per_tick=9.9999999999999995e-07 device_ms=0.023290999999999999
PRODUCER_KERNEL_V1 stage=1 raw_iteration=2147483650 ordinal=7 kernel=owner_bind_transport threads=1 begin_tick=1990035758878583 end_tick=1990035758889833 ms_per_tick=9.9999999999999995e-07 device_ms=0.01125
PRODUCER_KERNEL_V1 stage=1 raw_iteration=2147483650 ordinal=8 kernel=identify_resident_owner_endpoint_class threads=1 begin_tick=1990035758890125 end_tick=1990035758893666 ms_per_tick=9.9999999999999995e-07 device_ms=0.0035409999999999999
PRODUCER_KERNEL_V1 stage=1 raw_iteration=2147483650 ordinal=9 kernel=evaluate_resident_physical_flux threads=1533387 begin_tick=1990035759768250 end_tick=1990035760885541 ms_per_tick=9.9999999999999995e-07 device_ms=1.117291
PRODUCER_KERNEL_V1 stage=1 raw_iteration=2147483650 ordinal=10 kernel=evaluate_resident_advective_pair threads=13800483 begin_tick=1990035761144125 end_tick=1990035769635708 ms_per_tick=9.9999999999999995e-07 device_ms=8.4915830000000003
PRODUCER_KERNEL_V1 stage=1 raw_iteration=2147483650 ordinal=11 kernel=finalize_resident_advective_high threads=13800483 begin_tick=1990035769655666 end_tick=1990035770250958 ms_per_tick=9.9999999999999995e-07 device_ms=0.59529199999999993
PRODUCER_KERNEL_V1 stage=1 raw_iteration=2147483650 ordinal=12 kernel=compose_resident_flux_pair threads=13800483 begin_tick=1990035770251333 end_tick=1990035771131333 ms_per_tick=9.9999999999999995e-07 device_ms=0.88
PRODUCER_KERNEL_V1 stage=1 raw_iteration=2147483650 ordinal=13 kernel=validate_resident_physical_flux threads=13800483 begin_tick=1990035771131875 end_tick=1990035772015125 ms_per_tick=9.9999999999999995e-07 device_ms=0.88324999999999998
PRODUCER_KERNEL_V1 stage=1 raw_iteration=2147483650 ordinal=14 kernel=identify_resident_physical_flux threads=32 begin_tick=1990035772015875 end_tick=1990035772019416 ms_per_tick=9.9999999999999995e-07 device_ms=0.0035409999999999999
PRODUCER_KERNEL_V1 stage=1 raw_iteration=2147483650 ordinal=15 kernel=owner_average_flux threads=13800483 begin_tick=1990035772019958 end_tick=1990035772820958 ms_per_tick=9.9999999999999995e-07 device_ms=0.80099999999999993
PRODUCER_KERNEL_V1 stage=1 raw_iteration=2147483650 ordinal=16 kernel=owner_bind_averaged_flux threads=1 begin_tick=1990035772821500 end_tick=1990035772825125 ms_per_tick=9.9999999999999995e-07 device_ms=0.0036249999999999998
PRODUCER_KERNEL_V1 stage=1 raw_iteration=2147483650 ordinal=17 kernel=fct_build_ratios threads=5551326 begin_tick=1990035772825666 end_tick=1990035776528375 ms_per_tick=9.9999999999999995e-07 device_ms=3.702709
PRODUCER_KERNEL_V1 stage=1 raw_iteration=2147483650 ordinal=18 kernel=fct_build_face_alpha threads=1533387 begin_tick=1990035776529000 end_tick=1990035776800708 ms_per_tick=9.9999999999999995e-07 device_ms=0.27170800000000001
PRODUCER_KERNEL_V1 stage=1 raw_iteration=2147483650 ordinal=19 kernel=fct_commit_scalar threads=504666 begin_tick=1990035776801291 end_tick=1990035777007666 ms_per_tick=9.9999999999999995e-07 device_ms=0.206375
PRODUCER_KERNEL_V1 stage=1 raw_iteration=2147483650 ordinal=20 kernel=owner_bind_candidate threads=1 begin_tick=1990035777008458 end_tick=1990035777012500 ms_per_tick=9.9999999999999995e-07 device_ms=0.0040419999999999996
PRODUCER_KERNEL_V1 stage=1 raw_iteration=2147483650 ordinal=21 kernel=finalize_resident_eos_candidate threads=1 begin_tick=1990035777012916 end_tick=1990035777015458 ms_per_tick=9.9999999999999995e-07 device_ms=0.002542
PRODUCER_KERNEL_V1 stage=1 raw_iteration=2147483650 ordinal=22 kernel=evaluate_resident_eos_candidate threads=504666 begin_tick=1990035777016333 end_tick=1990036379656791 ms_per_tick=9.9999999999999995e-07 device_ms=602.64045799999997
PRODUCER_KERNEL_V1 stage=1 raw_iteration=2147483650 ordinal=23 kernel=finalize_resident_eos_candidate threads=1 begin_tick=1990036379673583 end_tick=1990036379676083 ms_per_tick=9.9999999999999995e-07 device_ms=0.0025000000000000001
PRODUCER_KERNEL_V1 stage=1 raw_iteration=2147483650 ordinal=24 kernel=identify_resident_eos threads=1 begin_tick=1990036379676416 end_tick=1990036379679125 ms_per_tick=9.9999999999999995e-07 device_ms=0.002709
PRODUCER_KERNEL_V1 stage=1 raw_iteration=2147483650 ordinal=25 kernel=produce_resident_frozen_source threads=504666 begin_tick=1990036379679458 end_tick=1990036379710333 ms_per_tick=9.9999999999999995e-07 device_ms=0.030875
PRODUCER_KERNEL_V1 stage=1 raw_iteration=2147483650 ordinal=26 kernel=identify_resident_frozen_source threads=1 begin_tick=1990036379710750 end_tick=1990036379713375 ms_per_tick=9.9999999999999995e-07 device_ms=0.0026249999999999997
PRODUCER_KERNEL_V1 stage=1 raw_iteration=2147483650 ordinal=27 kernel=evaluate_resident_target_terms threads=504666 begin_tick=1990036379713750 end_tick=1990036507253125 ms_per_tick=9.9999999999999995e-07 device_ms=127.53937499999999
PRODUCER_KERNEL_V1 stage=1 raw_iteration=2147483650 ordinal=28 kernel=finalize_resident_target threads=1 begin_tick=1990036507267875 end_tick=1990036507270916 ms_per_tick=9.9999999999999995e-07 device_ms=0.0030409999999999999
PRODUCER_KERNEL_V1 stage=1 raw_iteration=2147483650 ordinal=29 kernel=identify_resident_target threads=1 begin_tick=1990036507271208 end_tick=1990036507274166 ms_per_tick=9.9999999999999995e-07 device_ms=0.0029579999999999997
PRODUCER_KERNEL_V1 stage=1 raw_iteration=2147483650 ordinal=30 kernel=issue_resident_projection_consumer threads=1 begin_tick=1990036507274583 end_tick=1990036507278583 ms_per_tick=9.9999999999999995e-07 device_ms=0.0040000000000000001
PRODUCER_KERNEL_V1 stage=1 raw_iteration=2147483650 ordinal=31 kernel=consume_resident_target threads=1 begin_tick=1990036507278916 end_tick=1990036507283166 ms_per_tick=9.9999999999999995e-07 device_ms=0.0042499999999999994
PRODUCER_KERNEL_V1 stage=1 raw_iteration=2147483650 ordinal=32 kernel=owner_compose_target threads=504666 begin_tick=1990036507283500 end_tick=1990036507363041 ms_per_tick=9.9999999999999995e-07 device_ms=0.079541000000000001
PRODUCER_KERNEL_V1 stage=1 raw_iteration=2147483650 ordinal=33 kernel=finalize_resident_target threads=1 begin_tick=1990036507363458 end_tick=1990036507366166 ms_per_tick=9.9999999999999995e-07 device_ms=0.0027079999999999999
PRODUCER_KERNEL_V1 stage=1 raw_iteration=2147483650 ordinal=34 kernel=owner_identify_target threads=1 begin_tick=1990036507366583 end_tick=1990036507369625 ms_per_tick=9.9999999999999995e-07 device_ms=0.003042
PRODUCER_KERNEL_V1 stage=1 raw_iteration=2147483650 ordinal=35 kernel=issue_resident_projection_consumer threads=1 begin_tick=1990036507370000 end_tick=1990036507373000 ms_per_tick=9.9999999999999995e-07 device_ms=0.0030000000000000001
PRODUCER_KERNEL_V1 stage=1 raw_iteration=2147483650 ordinal=36 kernel=consume_resident_target threads=1 begin_tick=1990036507373375 end_tick=1990036507376750 ms_per_tick=9.9999999999999995e-07 device_ms=0.003375
PRODUCER_KERNEL_V1 stage=1 raw_iteration=2147483650 ordinal=37 kernel=owner_issue_stage_seal threads=1 begin_tick=1990036507377125 end_tick=1990036507380041 ms_per_tick=9.9999999999999995e-07 device_ms=0.0029159999999999998
PRODUCER_KERNEL_V1 stage=1 raw_iteration=2147483650 ordinal=38 kernel=fct_compatible_stage_rate threads=1533387 begin_tick=1990036507380625 end_tick=1990036507897250 ms_per_tick=9.9999999999999995e-07 device_ms=0.516625
PRODUCER_KERNEL_V1 stage=1 raw_iteration=2147483650 ordinal=39 kernel=fct_compatible_stage_rate threads=1533387 begin_tick=1990036507897666 end_tick=1990036508397375 ms_per_tick=9.9999999999999995e-07 device_ms=0.49970899999999996
PRODUCER_KERNEL_V1 stage=1 raw_iteration=2147483650 ordinal=40 kernel=owner_heun_momentum threads=1533387 begin_tick=1990036508397916 end_tick=1990036508488416 ms_per_tick=9.9999999999999995e-07 device_ms=0.090499999999999997
RISE_FIRE_OWNER_PROFILE_V1 {"scope":66,"parent":61,"phase":"BuildStageProducerGroup","stage":1,"raw_iteration":2147483650,"iteration_kind":"terminal","wall_ms":831.686125000,"device_sum_ms":750.176874921,"wall_minus_device_ms":81.509250079,"exclusive_wall_ms":831.686125000,"exclusive_device_sum_ms":750.176874921,"child_observer_wall_ms":0.000000000,"count_scope":"inclusive","owner_commits":1,"projection_invocations":0}
RISE_FIRE_OWNER_PROFILE_V1 {"scope":67,"parent":61,"phase":"AlphaResidual","stage":1,"raw_iteration":2147483650,"iteration_kind":"terminal","wall_ms":0.282542000,"device_sum_ms":0.054750126,"wall_minus_device_ms":0.227791874,"exclusive_wall_ms":0.282542000,"exclusive_device_sum_ms":0.054750126,"child_observer_wall_ms":0.000000000,"count_scope":"inclusive","owner_commits":1,"projection_invocations":0}
RISE_FIRE_OWNER_PROFILE_V1 {"scope":68,"parent":61,"phase":"Residual","stage":1,"raw_iteration":2147483650,"iteration_kind":"terminal","wall_ms":0.293542000,"device_sum_ms":0.107708154,"wall_minus_device_ms":0.185833846,"exclusive_wall_ms":0.293542000,"exclusive_device_sum_ms":0.107708154,"child_observer_wall_ms":0.000000000,"count_scope":"inclusive","owner_commits":1,"projection_invocations":0}
RISE_FIRE_OWNER_PROFILE_V1 {"scope":61,"parent":54,"phase":"TerminalVerification","stage":1,"raw_iteration":2147483650,"iteration_kind":"terminal","wall_ms":844.600708000,"device_sum_ms":759.020000231,"wall_minus_device_ms":85.580707769,"exclusive_wall_ms":0.004331000,"exclusive_device_sum_ms":0.000000000,"child_observer_wall_ms":0.036751000,"count_scope":"inclusive","owner_commits":7,"projection_invocations":1}
RISE_FIRE_OWNER_PROFILE_V1 {"scope":54,"parent":36,"phase":"PicardIteration","stage":1,"raw_iteration":2,"iteration_kind":"picard","wall_ms":1719.134958000,"device_sum_ms":1546.531208791,"wall_minus_device_ms":172.603749209,"exclusive_wall_ms":0.726000000,"exclusive_device_sum_ms":0.000000000,"child_observer_wall_ms":0.039625000,"count_scope":"inclusive","owner_commits":13,"projection_invocations":2}
RISE_FIRE_OWNER_PROFILE_V1 {"scope":36,"parent":1,"phase":"SolveStage","stage":1,"raw_iteration":4294967295,"iteration_kind":"bootstrap","wall_ms":4269.784750000,"device_sum_ms":3819.839459145,"wall_minus_device_ms":449.945290855,"exclusive_wall_ms":2.945583000,"exclusive_device_sum_ms":0.000000000,"child_observer_wall_ms":0.025791000,"count_scope":"inclusive","owner_commits":28,"projection_invocations":5}
RISE_FIRE_OWNER_PROFILE_V1 {"scope":71,"parent":70,"phase":"ProjectionAdapter","stage":2,"raw_iteration":4294967295,"iteration_kind":"bootstrap","wall_ms":11.880709000,"device_sum_ms":9.080333170,"wall_minus_device_ms":2.800375830,"exclusive_wall_ms":11.880709000,"exclusive_device_sum_ms":9.080333170,"child_observer_wall_ms":0.000000000,"count_scope":"inclusive","owner_commits":0,"projection_invocations":1}
RISE_FIRE_OWNER_PROFILE_V1 {"scope":70,"parent":69,"phase":"Project","stage":2,"raw_iteration":4294967295,"iteration_kind":"bootstrap","wall_ms":12.752125000,"device_sum_ms":9.404916316,"wall_minus_device_ms":3.347208684,"exclusive_wall_ms":0.863041000,"exclusive_device_sum_ms":0.324583147,"child_observer_wall_ms":0.008375000,"count_scope":"inclusive","owner_commits":2,"projection_invocations":1}
PRODUCER_COMMAND_V1 stage=2 raw_iteration=4294967295 cpu_begin=1990036526934166 cpu_end=1990037349104541 gpu_begin=1990036526934166 gpu_end=1990037349104541 device_ms=739.87399996258318 encoders=35 interval_scope=possibly_overlapping
PRODUCER_KERNEL_V1 stage=2 raw_iteration=4294967295 ordinal=0 kernel=owner_pack_faces threads=1533387 begin_tick=1990036609059666 end_tick=1990036609124625 ms_per_tick=9.9999999999999995e-07 device_ms=0.064959000000000003
PRODUCER_KERNEL_V1 stage=2 raw_iteration=4294967295 ordinal=1 kernel=owner_pack_faces threads=1533387 begin_tick=1990036609124375 end_tick=1990036609567666 ms_per_tick=9.9999999999999995e-07 device_ms=0.44329099999999999
PRODUCER_KERNEL_V1 stage=2 raw_iteration=4294967295 ordinal=2 kernel=owner_pack_faces threads=1533387 begin_tick=1990036609056583 end_tick=1990036609124375 ms_per_tick=9.9999999999999995e-07 device_ms=0.067791999999999991
PRODUCER_KERNEL_V1 stage=2 raw_iteration=4294967295 ordinal=3 kernel=fct_extract_gas_density threads=504666 begin_tick=1990036609567666 end_tick=1990036609593625 ms_per_tick=9.9999999999999995e-07 device_ms=0.025958999999999999
PRODUCER_KERNEL_V1 stage=2 raw_iteration=4294967295 ordinal=4 kernel=owner_gas_source threads=504666 begin_tick=1990036609593666 end_tick=1990036609636833 ms_per_tick=9.9999999999999995e-07 device_ms=0.043166999999999997
PRODUCER_KERNEL_V1 stage=2 raw_iteration=4294967295 ordinal=5 kernel=evaluate_resident_transport threads=504666 begin_tick=1990036609125000 end_tick=1990036609604083 ms_per_tick=9.9999999999999995e-07 device_ms=0.47908299999999998
PRODUCER_KERNEL_V1 stage=2 raw_iteration=4294967295 ordinal=6 kernel=identify_resident_transport threads=1 begin_tick=1990036609605791 end_tick=1990036609629583 ms_per_tick=9.9999999999999995e-07 device_ms=0.023792000000000001
PRODUCER_KERNEL_V1 stage=2 raw_iteration=4294967295 ordinal=7 kernel=owner_bind_transport threads=1 begin_tick=1990036609630333 end_tick=1990036609637041 ms_per_tick=9.9999999999999995e-07 device_ms=0.0067079999999999996
PRODUCER_KERNEL_V1 stage=2 raw_iteration=4294967295 ordinal=8 kernel=identify_resident_owner_endpoint_class threads=1 begin_tick=1990036609638041 end_tick=1990036609641583 ms_per_tick=9.9999999999999995e-07 device_ms=0.003542
PRODUCER_KERNEL_V1 stage=2 raw_iteration=4294967295 ordinal=9 kernel=evaluate_resident_physical_flux threads=1533387 begin_tick=1990036610503750 end_tick=1990036611622083 ms_per_tick=9.9999999999999995e-07 device_ms=1.118333
PRODUCER_KERNEL_V1 stage=2 raw_iteration=4294967295 ordinal=10 kernel=evaluate_resident_advective_pair threads=13800483 begin_tick=1990036611890083 end_tick=1990036620525416 ms_per_tick=9.9999999999999995e-07 device_ms=8.6353329999999993
PRODUCER_KERNEL_V1 stage=2 raw_iteration=4294967295 ordinal=11 kernel=finalize_resident_advective_high threads=13800483 begin_tick=1990036620533666 end_tick=1990036620955750 ms_per_tick=9.9999999999999995e-07 device_ms=0.42208399999999996
PRODUCER_KERNEL_V1 stage=2 raw_iteration=4294967295 ordinal=12 kernel=compose_resident_flux_pair threads=13800483 begin_tick=1990036620956125 end_tick=1990036621834291 ms_per_tick=9.9999999999999995e-07 device_ms=0.878166
PRODUCER_KERNEL_V1 stage=2 raw_iteration=4294967295 ordinal=13 kernel=validate_resident_physical_flux threads=13800483 begin_tick=1990036621834958 end_tick=1990036622746500 ms_per_tick=9.9999999999999995e-07 device_ms=0.91154199999999996
PRODUCER_KERNEL_V1 stage=2 raw_iteration=4294967295 ordinal=14 kernel=identify_resident_physical_flux threads=32 begin_tick=1990036622747125 end_tick=1990036622750625 ms_per_tick=9.9999999999999995e-07 device_ms=0.0034999999999999996
PRODUCER_KERNEL_V1 stage=2 raw_iteration=4294967295 ordinal=15 kernel=owner_bind_candidate threads=1 begin_tick=1990036622751125 end_tick=1990036622754666 ms_per_tick=9.9999999999999995e-07 device_ms=0.0035409999999999999
PRODUCER_KERNEL_V1 stage=2 raw_iteration=4294967295 ordinal=16 kernel=finalize_resident_eos_candidate threads=1 begin_tick=1990036622755916 end_tick=1990036622758166 ms_per_tick=9.9999999999999995e-07 device_ms=0.0022499999999999998
PRODUCER_KERNEL_V1 stage=2 raw_iteration=4294967295 ordinal=17 kernel=evaluate_resident_eos_candidate threads=504666 begin_tick=1990036622758916 end_tick=1990037221776583 ms_per_tick=9.9999999999999995e-07 device_ms=599.01766699999996
PRODUCER_KERNEL_V1 stage=2 raw_iteration=4294967295 ordinal=18 kernel=finalize_resident_eos_candidate threads=1 begin_tick=1990037221791541 end_tick=1990037221794250 ms_per_tick=9.9999999999999995e-07 device_ms=0.002709
PRODUCER_KERNEL_V1 stage=2 raw_iteration=4294967295 ordinal=19 kernel=identify_resident_eos threads=1 begin_tick=1990037221794666 end_tick=1990037221797333 ms_per_tick=9.9999999999999995e-07 device_ms=0.0026669999999999997
PRODUCER_KERNEL_V1 stage=2 raw_iteration=4294967295 ordinal=20 kernel=produce_resident_frozen_source threads=504666 begin_tick=1990037221797708 end_tick=1990037221829166 ms_per_tick=9.9999999999999995e-07 device_ms=0.031458
PRODUCER_KERNEL_V1 stage=2 raw_iteration=4294967295 ordinal=21 kernel=identify_resident_frozen_source threads=1 begin_tick=1990037221829833 end_tick=1990037221832750 ms_per_tick=9.9999999999999995e-07 device_ms=0.0029169999999999999
PRODUCER_KERNEL_V1 stage=2 raw_iteration=4294967295 ordinal=22 kernel=evaluate_resident_target_terms threads=504666 begin_tick=1990037221833166 end_tick=1990037348131208 ms_per_tick=9.9999999999999995e-07 device_ms=126.298042
PRODUCER_KERNEL_V1 stage=2 raw_iteration=4294967295 ordinal=23 kernel=finalize_resident_target threads=1 begin_tick=1990037348146458 end_tick=1990037348149458 ms_per_tick=9.9999999999999995e-07 device_ms=0.0030000000000000001
PRODUCER_KERNEL_V1 stage=2 raw_iteration=4294967295 ordinal=24 kernel=identify_resident_target threads=1 begin_tick=1990037348149791 end_tick=1990037348152875 ms_per_tick=9.9999999999999995e-07 device_ms=0.0030839999999999999
PRODUCER_KERNEL_V1 stage=2 raw_iteration=4294967295 ordinal=25 kernel=issue_resident_projection_consumer threads=1 begin_tick=1990037348153458 end_tick=1990037348157500 ms_per_tick=9.9999999999999995e-07 device_ms=0.0040419999999999996
PRODUCER_KERNEL_V1 stage=2 raw_iteration=4294967295 ordinal=26 kernel=consume_resident_target threads=1 begin_tick=1990037348157916 end_tick=1990037348162458 ms_per_tick=9.9999999999999995e-07 device_ms=0.004542
PRODUCER_KERNEL_V1 stage=2 raw_iteration=4294967295 ordinal=27 kernel=owner_compose_target threads=504666 begin_tick=1990037348163041 end_tick=1990037348195500 ms_per_tick=9.9999999999999995e-07 device_ms=0.032459000000000002
PRODUCER_KERNEL_V1 stage=2 raw_iteration=4294967295 ordinal=28 kernel=finalize_resident_target threads=1 begin_tick=1990037348195916 end_tick=1990037348198291 ms_per_tick=9.9999999999999995e-07 device_ms=0.0023749999999999999
PRODUCER_KERNEL_V1 stage=2 raw_iteration=4294967295 ordinal=29 kernel=owner_identify_target threads=1 begin_tick=1990037348198833 end_tick=1990037348202000 ms_per_tick=9.9999999999999995e-07 device_ms=0.0031669999999999997
PRODUCER_KERNEL_V1 stage=2 raw_iteration=4294967295 ordinal=30 kernel=issue_resident_projection_consumer threads=1 begin_tick=1990037348202458 end_tick=1990037348205250 ms_per_tick=9.9999999999999995e-07 device_ms=0.0027919999999999998
PRODUCER_KERNEL_V1 stage=2 raw_iteration=4294967295 ordinal=31 kernel=consume_resident_target threads=1 begin_tick=1990037348205791 end_tick=1990037348209083 ms_per_tick=9.9999999999999995e-07 device_ms=0.0032919999999999998
PRODUCER_KERNEL_V1 stage=2 raw_iteration=4294967295 ordinal=32 kernel=owner_issue_stage_seal threads=1 begin_tick=1990037348209500 end_tick=1990037348212500 ms_per_tick=9.9999999999999995e-07 device_ms=0.0030000000000000001
PRODUCER_KERNEL_V1 stage=2 raw_iteration=4294967295 ordinal=33 kernel=fct_compatible_stage_rate threads=1533387 begin_tick=1990037348213041 end_tick=1990037348772958 ms_per_tick=9.9999999999999995e-07 device_ms=0.559917
PRODUCER_KERNEL_V1 stage=2 raw_iteration=4294967295 ordinal=34 kernel=owner_heun_momentum threads=1533387 begin_tick=1990037348773500 end_tick=1990037348924916 ms_per_tick=9.9999999999999995e-07 device_ms=0.151416
RISE_FIRE_OWNER_PROFILE_V1 {"scope":72,"parent":69,"phase":"BuildStageProducerGroup","stage":2,"raw_iteration":4294967295,"iteration_kind":"bootstrap","wall_ms":822.340167000,"device_sum_ms":739.873999963,"wall_minus_device_ms":82.466167037,"exclusive_wall_ms":822.340167000,"exclusive_device_sum_ms":739.873999963,"child_observer_wall_ms":0.000000000,"count_scope":"inclusive","owner_commits":1,"projection_invocations":0}
RISE_FIRE_OWNER_PROFILE_V1 {"scope":75,"parent":74,"phase":"ProjectionAdapter","stage":2,"raw_iteration":0,"iteration_kind":"picard","wall_ms":11.798250000,"device_sum_ms":8.863375057,"wall_minus_device_ms":2.934874943,"exclusive_wall_ms":11.798250000,"exclusive_device_sum_ms":8.863375057,"child_observer_wall_ms":0.000000000,"count_scope":"inclusive","owner_commits":0,"projection_invocations":1}
RISE_FIRE_OWNER_PROFILE_V1 {"scope":74,"parent":73,"phase":"Project","stage":2,"raw_iteration":0,"iteration_kind":"picard","wall_ms":12.973375000,"device_sum_ms":9.497083491,"wall_minus_device_ms":3.476291509,"exclusive_wall_ms":1.164125000,"exclusive_device_sum_ms":0.633708434,"child_observer_wall_ms":0.011000000,"count_scope":"inclusive","owner_commits":2,"projection_invocations":1}
RISE_FIRE_OWNER_PROFILE_V1 {"scope":76,"parent":73,"phase":"ReadOpenClass","stage":2,"raw_iteration":0,"iteration_kind":"picard","wall_ms":0.155333000,"device_sum_ms":0.002374873,"wall_minus_device_ms":0.152958127,"exclusive_wall_ms":0.155333000,"exclusive_device_sum_ms":0.002374873,"child_observer_wall_ms":0.000000000,"count_scope":"inclusive","owner_commits":1,"projection_invocations":0}
RISE_FIRE_OWNER_PROFILE_V1 {"scope":77,"parent":73,"phase":"ReadOpenClass","stage":2,"raw_iteration":0,"iteration_kind":"picard","wall_ms":0.135000000,"device_sum_ms":0.002333196,"wall_minus_device_ms":0.132666804,"exclusive_wall_ms":0.135000000,"exclusive_device_sum_ms":0.002333196,"child_observer_wall_ms":0.000000000,"count_scope":"inclusive","owner_commits":1,"projection_invocations":0}
PRODUCER_COMMAND_V1 stage=2 raw_iteration=0 cpu_begin=1990037362562958 cpu_end=1990038191378666 gpu_begin=1990037362562958 gpu_end=1990038191378666 device_ms=746.52074999175966 encoders=35 interval_scope=possibly_overlapping
PRODUCER_KERNEL_V1 stage=2 raw_iteration=0 ordinal=0 kernel=owner_pack_faces threads=1533387 begin_tick=1990037444725125 end_tick=1990037444783916 ms_per_tick=9.9999999999999995e-07 device_ms=0.058790999999999996
PRODUCER_KERNEL_V1 stage=2 raw_iteration=0 ordinal=1 kernel=owner_pack_faces threads=1533387 begin_tick=1990037444783166 end_tick=1990037445226041 ms_per_tick=9.9999999999999995e-07 device_ms=0.44287499999999996
PRODUCER_KERNEL_V1 stage=2 raw_iteration=0 ordinal=2 kernel=owner_pack_faces threads=1533387 begin_tick=1990037444716000 end_tick=1990037444783166 ms_per_tick=9.9999999999999995e-07 device_ms=0.067166000000000003
PRODUCER_KERNEL_V1 stage=2 raw_iteration=0 ordinal=3 kernel=fct_extract_gas_density threads=504666 begin_tick=1990037445226041 end_tick=1990037445252333 ms_per_tick=9.9999999999999995e-07 device_ms=0.026291999999999999
PRODUCER_KERNEL_V1 stage=2 raw_iteration=0 ordinal=4 kernel=owner_gas_source threads=504666 begin_tick=1990037445252333 end_tick=1990037445299083 ms_per_tick=9.9999999999999995e-07 device_ms=0.04675
PRODUCER_KERNEL_V1 stage=2 raw_iteration=0 ordinal=5 kernel=evaluate_resident_transport threads=504666 begin_tick=1990037444784291 end_tick=1990037445307541 ms_per_tick=9.9999999999999995e-07 device_ms=0.52324999999999999
PRODUCER_KERNEL_V1 stage=2 raw_iteration=0 ordinal=6 kernel=identify_resident_transport threads=1 begin_tick=1990037445308208 end_tick=1990037445311416 ms_per_tick=9.9999999999999995e-07 device_ms=0.0032079999999999999
PRODUCER_KERNEL_V1 stage=2 raw_iteration=0 ordinal=7 kernel=owner_bind_transport threads=1 begin_tick=1990037445311958 end_tick=1990037445316041 ms_per_tick=9.9999999999999995e-07 device_ms=0.0040829999999999998
PRODUCER_KERNEL_V1 stage=2 raw_iteration=0 ordinal=8 kernel=identify_resident_owner_endpoint_class threads=1 begin_tick=1990037445316416 end_tick=1990037445320083 ms_per_tick=9.9999999999999995e-07 device_ms=0.0036669999999999997
PRODUCER_KERNEL_V1 stage=2 raw_iteration=0 ordinal=9 kernel=evaluate_resident_physical_flux threads=1533387 begin_tick=1990037446075458 end_tick=1990037447544166 ms_per_tick=9.9999999999999995e-07 device_ms=1.4687079999999999
PRODUCER_KERNEL_V1 stage=2 raw_iteration=0 ordinal=10 kernel=evaluate_resident_advective_pair threads=13800483 begin_tick=1990037447569541 end_tick=1990037455813083 ms_per_tick=9.9999999999999995e-07 device_ms=8.2435419999999997
PRODUCER_KERNEL_V1 stage=2 raw_iteration=0 ordinal=11 kernel=finalize_resident_advective_high threads=13800483 begin_tick=1990037455834958 end_tick=1990037456306875 ms_per_tick=9.9999999999999995e-07 device_ms=0.47191699999999998
PRODUCER_KERNEL_V1 stage=2 raw_iteration=0 ordinal=12 kernel=compose_resident_flux_pair threads=13800483 begin_tick=1990037456307250 end_tick=1990037457306666 ms_per_tick=9.9999999999999995e-07 device_ms=0.99941599999999997
PRODUCER_KERNEL_V1 stage=2 raw_iteration=0 ordinal=13 kernel=validate_resident_physical_flux threads=13800483 begin_tick=1990037457307208 end_tick=1990037458207541 ms_per_tick=9.9999999999999995e-07 device_ms=0.90033299999999994
PRODUCER_KERNEL_V1 stage=2 raw_iteration=0 ordinal=14 kernel=identify_resident_physical_flux threads=32 begin_tick=1990037458208208 end_tick=1990037458211708 ms_per_tick=9.9999999999999995e-07 device_ms=0.0034999999999999996
PRODUCER_KERNEL_V1 stage=2 raw_iteration=0 ordinal=15 kernel=owner_bind_candidate threads=1 begin_tick=1990037458212166 end_tick=1990037458215625 ms_per_tick=9.9999999999999995e-07 device_ms=0.0034589999999999998
PRODUCER_KERNEL_V1 stage=2 raw_iteration=0 ordinal=16 kernel=finalize_resident_eos_candidate threads=1 begin_tick=1990037458215916 end_tick=1990037458218000 ms_per_tick=9.9999999999999995e-07 device_ms=0.0020839999999999999
PRODUCER_KERNEL_V1 stage=2 raw_iteration=0 ordinal=17 kernel=evaluate_resident_eos_candidate threads=504666 begin_tick=1990037458218708 end_tick=1990038065744458 ms_per_tick=9.9999999999999995e-07 device_ms=607.52575000000002
PRODUCER_KERNEL_V1 stage=2 raw_iteration=0 ordinal=18 kernel=finalize_resident_eos_candidate threads=1 begin_tick=1990038065758583 end_tick=1990038065761166 ms_per_tick=9.9999999999999995e-07 device_ms=0.0025829999999999998
PRODUCER_KERNEL_V1 stage=2 raw_iteration=0 ordinal=19 kernel=identify_resident_eos threads=1 begin_tick=1990038065761750 end_tick=1990038065764333 ms_per_tick=9.9999999999999995e-07 device_ms=0.0025829999999999998
PRODUCER_KERNEL_V1 stage=2 raw_iteration=0 ordinal=20 kernel=produce_resident_frozen_source threads=504666 begin_tick=1990038065764750 end_tick=1990038065793875 ms_per_tick=9.9999999999999995e-07 device_ms=0.029124999999999998
PRODUCER_KERNEL_V1 stage=2 raw_iteration=0 ordinal=21 kernel=identify_resident_frozen_source threads=1 begin_tick=1990038065794541 end_tick=1990038065797250 ms_per_tick=9.9999999999999995e-07 device_ms=0.002709
PRODUCER_KERNEL_V1 stage=2 raw_iteration=0 ordinal=22 kernel=evaluate_resident_target_terms threads=504666 begin_tick=1990038065797666 end_tick=1990038190503541 ms_per_tick=9.9999999999999995e-07 device_ms=124.70587499999999
PRODUCER_KERNEL_V1 stage=2 raw_iteration=0 ordinal=23 kernel=finalize_resident_target threads=1 begin_tick=1990038190518750 end_tick=1990038190521750 ms_per_tick=9.9999999999999995e-07 device_ms=0.0030000000000000001
PRODUCER_KERNEL_V1 stage=2 raw_iteration=0 ordinal=24 kernel=identify_resident_target threads=1 begin_tick=1990038190522041 end_tick=1990038190525250 ms_per_tick=9.9999999999999995e-07 device_ms=0.003209
PRODUCER_KERNEL_V1 stage=2 raw_iteration=0 ordinal=25 kernel=issue_resident_projection_consumer threads=1 begin_tick=1990038190525708 end_tick=1990038190529583 ms_per_tick=9.9999999999999995e-07 device_ms=0.003875
PRODUCER_KERNEL_V1 stage=2 raw_iteration=0 ordinal=26 kernel=consume_resident_target threads=1 begin_tick=1990038190530000 end_tick=1990038190534291 ms_per_tick=9.9999999999999995e-07 device_ms=0.0042909999999999997
PRODUCER_KERNEL_V1 stage=2 raw_iteration=0 ordinal=27 kernel=owner_compose_target threads=504666 begin_tick=1990038190534708 end_tick=1990038190567125 ms_per_tick=9.9999999999999995e-07 device_ms=0.032417000000000001
PRODUCER_KERNEL_V1 stage=2 raw_iteration=0 ordinal=28 kernel=finalize_resident_target threads=1 begin_tick=1990038190567541 end_tick=1990038190569791 ms_per_tick=9.9999999999999995e-07 device_ms=0.0022499999999999998
PRODUCER_KERNEL_V1 stage=2 raw_iteration=0 ordinal=29 kernel=owner_identify_target threads=1 begin_tick=1990038190570375 end_tick=1990038190573625 ms_per_tick=9.9999999999999995e-07 device_ms=0.0032499999999999999
PRODUCER_KERNEL_V1 stage=2 raw_iteration=0 ordinal=30 kernel=issue_resident_projection_consumer threads=1 begin_tick=1990038190574041 end_tick=1990038190577250 ms_per_tick=9.9999999999999995e-07 device_ms=0.003209
PRODUCER_KERNEL_V1 stage=2 raw_iteration=0 ordinal=31 kernel=consume_resident_target threads=1 begin_tick=1990038190577791 end_tick=1990038190581041 ms_per_tick=9.9999999999999995e-07 device_ms=0.0032499999999999999
PRODUCER_KERNEL_V1 stage=2 raw_iteration=0 ordinal=32 kernel=owner_issue_stage_seal threads=1 begin_tick=1990038190581416 end_tick=1990038190584583 ms_per_tick=9.9999999999999995e-07 device_ms=0.0031669999999999997
PRODUCER_KERNEL_V1 stage=2 raw_iteration=0 ordinal=33 kernel=fct_compatible_stage_rate threads=1533387 begin_tick=1990038190585041 end_tick=1990038191137750 ms_per_tick=9.9999999999999995e-07 device_ms=0.55270900000000001
PRODUCER_KERNEL_V1 stage=2 raw_iteration=0 ordinal=34 kernel=owner_heun_momentum threads=1533387 begin_tick=1990038191138166 end_tick=1990038191230916 ms_per_tick=9.9999999999999995e-07 device_ms=0.092749999999999999
RISE_FIRE_OWNER_PROFILE_V1 {"scope":78,"parent":73,"phase":"BuildStageProducerGroup","stage":2,"raw_iteration":0,"iteration_kind":"picard","wall_ms":828.976375000,"device_sum_ms":746.520749992,"wall_minus_device_ms":82.455625008,"exclusive_wall_ms":828.976375000,"exclusive_device_sum_ms":746.520749992,"child_observer_wall_ms":0.000000000,"count_scope":"inclusive","owner_commits":1,"projection_invocations":0}
RISE_FIRE_OWNER_PROFILE_V1 {"scope":79,"parent":73,"phase":"Residual","stage":2,"raw_iteration":0,"iteration_kind":"picard","wall_ms":0.239042000,"device_sum_ms":0.021416694,"wall_minus_device_ms":0.217625306,"exclusive_wall_ms":0.239042000,"exclusive_device_sum_ms":0.021416694,"child_observer_wall_ms":0.000000000,"count_scope":"inclusive","owner_commits":1,"projection_invocations":0}
RISE_FIRE_OWNER_PROFILE_V1 {"scope":73,"parent":69,"phase":"PicardIteration","stage":2,"raw_iteration":0,"iteration_kind":"picard","wall_ms":843.132250000,"device_sum_ms":756.043958245,"wall_minus_device_ms":87.088291755,"exclusive_wall_ms":0.622332000,"exclusive_device_sum_ms":0.000000000,"child_observer_wall_ms":0.030793000,"count_scope":"inclusive","owner_commits":6,"projection_invocations":1}
RISE_FIRE_OWNER_PROFILE_V1 {"scope":82,"parent":81,"phase":"ProjectionAdapter","stage":2,"raw_iteration":1,"iteration_kind":"picard","wall_ms":13.161167000,"device_sum_ms":10.308583500,"wall_minus_device_ms":2.852583500,"exclusive_wall_ms":13.161167000,"exclusive_device_sum_ms":10.308583500,"child_observer_wall_ms":0.000000000,"count_scope":"inclusive","owner_commits":0,"projection_invocations":1}
RISE_FIRE_OWNER_PROFILE_V1 {"scope":81,"parent":80,"phase":"Project","stage":2,"raw_iteration":1,"iteration_kind":"picard","wall_ms":14.234000000,"device_sum_ms":10.359250475,"wall_minus_device_ms":3.874749525,"exclusive_wall_ms":1.060042000,"exclusive_device_sum_ms":0.050666975,"child_observer_wall_ms":0.012791000,"count_scope":"inclusive","owner_commits":2,"projection_invocations":1}
RISE_FIRE_OWNER_PROFILE_V1 {"scope":83,"parent":80,"phase":"ReadOpenClass","stage":2,"raw_iteration":1,"iteration_kind":"picard","wall_ms":0.150208000,"device_sum_ms":0.002500135,"wall_minus_device_ms":0.147707865,"exclusive_wall_ms":0.150208000,"exclusive_device_sum_ms":0.002500135,"child_observer_wall_ms":0.000000000,"count_scope":"inclusive","owner_commits":1,"projection_invocations":0}
RISE_FIRE_OWNER_PROFILE_V1 {"scope":84,"parent":80,"phase":"ReadOpenClass","stage":2,"raw_iteration":1,"iteration_kind":"picard","wall_ms":0.133125000,"device_sum_ms":0.002416782,"wall_minus_device_ms":0.130708218,"exclusive_wall_ms":0.133125000,"exclusive_device_sum_ms":0.002416782,"child_observer_wall_ms":0.000000000,"count_scope":"inclusive","owner_commits":1,"projection_invocations":0}
PRODUCER_COMMAND_V1 stage=2 raw_iteration=1 cpu_begin=1990038206946125 cpu_end=1990039036278458 gpu_begin=1990038206946125 gpu_end=1990039036278458 device_ms=747.42816668003798 encoders=35 interval_scope=possibly_overlapping
PRODUCER_KERNEL_V1 stage=2 raw_iteration=1 ordinal=0 kernel=owner_pack_faces threads=1533387 begin_tick=1990038288909208 end_tick=1990038288959958 ms_per_tick=9.9999999999999995e-07 device_ms=0.050749999999999997
PRODUCER_KERNEL_V1 stage=2 raw_iteration=1 ordinal=1 kernel=owner_pack_faces threads=1533387 begin_tick=1990038288980500 end_tick=1990038289032000 ms_per_tick=9.9999999999999995e-07 device_ms=0.051499999999999997
PRODUCER_KERNEL_V1 stage=2 raw_iteration=1 ordinal=2 kernel=owner_pack_faces threads=1533387 begin_tick=1990038289112916 end_tick=1990038289213958 ms_per_tick=9.9999999999999995e-07 device_ms=0.10104199999999999
PRODUCER_KERNEL_V1 stage=2 raw_iteration=1 ordinal=3 kernel=fct_extract_gas_density threads=504666 begin_tick=1990038289120291 end_tick=1990038289167750 ms_per_tick=9.9999999999999995e-07 device_ms=0.047459000000000001
PRODUCER_KERNEL_V1 stage=2 raw_iteration=1 ordinal=4 kernel=owner_gas_source threads=504666 begin_tick=1990038289169291 end_tick=1990038289213791 ms_per_tick=9.9999999999999995e-07 device_ms=0.044499999999999998
PRODUCER_KERNEL_V1 stage=2 raw_iteration=1 ordinal=5 kernel=evaluate_resident_transport threads=504666 begin_tick=1990038289294000 end_tick=1990038289747208 ms_per_tick=9.9999999999999995e-07 device_ms=0.453208
PRODUCER_KERNEL_V1 stage=2 raw_iteration=1 ordinal=6 kernel=identify_resident_transport threads=1 begin_tick=1990038289747583 end_tick=1990038289750750 ms_per_tick=9.9999999999999995e-07 device_ms=0.0031669999999999997
PRODUCER_KERNEL_V1 stage=2 raw_iteration=1 ordinal=7 kernel=owner_bind_transport threads=1 begin_tick=1990038289751291 end_tick=1990038289755458 ms_per_tick=9.9999999999999995e-07 device_ms=0.0041669999999999997
PRODUCER_KERNEL_V1 stage=2 raw_iteration=1 ordinal=8 kernel=identify_resident_owner_endpoint_class threads=1 begin_tick=1990038289755958 end_tick=1990038289759833 ms_per_tick=9.9999999999999995e-07 device_ms=0.003875
PRODUCER_KERNEL_V1 stage=2 raw_iteration=1 ordinal=9 kernel=evaluate_resident_physical_flux threads=1533387 begin_tick=1990038290729375 end_tick=1990038291841166 ms_per_tick=9.9999999999999995e-07 device_ms=1.111791
PRODUCER_KERNEL_V1 stage=2 raw_iteration=1 ordinal=10 kernel=evaluate_resident_advective_pair threads=13800483 begin_tick=1990038292127833 end_tick=1990038299412208 ms_per_tick=9.9999999999999995e-07 device_ms=7.2843749999999998
PRODUCER_KERNEL_V1 stage=2 raw_iteration=1 ordinal=11 kernel=finalize_resident_advective_high threads=13800483 begin_tick=1990038299413166 end_tick=1990038299835041 ms_per_tick=9.9999999999999995e-07 device_ms=0.421875
PRODUCER_KERNEL_V1 stage=2 raw_iteration=1 ordinal=12 kernel=compose_resident_flux_pair threads=13800483 begin_tick=1990038299835708 end_tick=1990038302208958 ms_per_tick=9.9999999999999995e-07 device_ms=2.3732500000000001
PRODUCER_KERNEL_V1 stage=2 raw_iteration=1 ordinal=13 kernel=validate_resident_physical_flux threads=13800483 begin_tick=1990038302224125 end_tick=1990038303093375 ms_per_tick=9.9999999999999995e-07 device_ms=0.86924999999999997
PRODUCER_KERNEL_V1 stage=2 raw_iteration=1 ordinal=14 kernel=identify_resident_physical_flux threads=32 begin_tick=1990038303094041 end_tick=1990038303099750 ms_per_tick=9.9999999999999995e-07 device_ms=0.0057089999999999997
PRODUCER_KERNEL_V1 stage=2 raw_iteration=1 ordinal=15 kernel=owner_bind_candidate threads=1 begin_tick=1990038303100250 end_tick=1990038303104083 ms_per_tick=9.9999999999999995e-07 device_ms=0.003833
PRODUCER_KERNEL_V1 stage=2 raw_iteration=1 ordinal=16 kernel=finalize_resident_eos_candidate threads=1 begin_tick=1990038303104458 end_tick=1990038303106666 ms_per_tick=9.9999999999999995e-07 device_ms=0.0022079999999999999
PRODUCER_KERNEL_V1 stage=2 raw_iteration=1 ordinal=17 kernel=evaluate_resident_eos_candidate threads=504666 begin_tick=1990038303107375 end_tick=1990038910836166 ms_per_tick=9.9999999999999995e-07 device_ms=607.728791
PRODUCER_KERNEL_V1 stage=2 raw_iteration=1 ordinal=18 kernel=finalize_resident_eos_candidate threads=1 begin_tick=1990038910851958 end_tick=1990038910854541 ms_per_tick=9.9999999999999995e-07 device_ms=0.0025829999999999998
PRODUCER_KERNEL_V1 stage=2 raw_iteration=1 ordinal=19 kernel=identify_resident_eos threads=1 begin_tick=1990038910855000 end_tick=1990038910857708 ms_per_tick=9.9999999999999995e-07 device_ms=0.0027079999999999999
PRODUCER_KERNEL_V1 stage=2 raw_iteration=1 ordinal=20 kernel=produce_resident_frozen_source threads=504666 begin_tick=1990038910858041 end_tick=1990038910889250 ms_per_tick=9.9999999999999995e-07 device_ms=0.031208999999999997
PRODUCER_KERNEL_V1 stage=2 raw_iteration=1 ordinal=21 kernel=identify_resident_frozen_source threads=1 begin_tick=1990038910889791 end_tick=1990038910892583 ms_per_tick=9.9999999999999995e-07 device_ms=0.0027919999999999998
PRODUCER_KERNEL_V1 stage=2 raw_iteration=1 ordinal=22 kernel=evaluate_resident_target_terms threads=504666 begin_tick=1990038910892875 end_tick=1990039035496083 ms_per_tick=9.9999999999999995e-07 device_ms=124.603208
PRODUCER_KERNEL_V1 stage=2 raw_iteration=1 ordinal=23 kernel=finalize_resident_target threads=1 begin_tick=1990039035512125 end_tick=1990039035515416 ms_per_tick=9.9999999999999995e-07 device_ms=0.0032909999999999997
PRODUCER_KERNEL_V1 stage=2 raw_iteration=1 ordinal=24 kernel=identify_resident_target threads=1 begin_tick=1990039035515750 end_tick=1990039035518666 ms_per_tick=9.9999999999999995e-07 device_ms=0.0029159999999999998
PRODUCER_KERNEL_V1 stage=2 raw_iteration=1 ordinal=25 kernel=issue_resident_projection_consumer threads=1 begin_tick=1990039035519166 end_tick=1990039035523000 ms_per_tick=9.9999999999999995e-07 device_ms=0.0038339999999999997
PRODUCER_KERNEL_V1 stage=2 raw_iteration=1 ordinal=26 kernel=consume_resident_target threads=1 begin_tick=1990039035523416 end_tick=1990039035527625 ms_per_tick=9.9999999999999995e-07 device_ms=0.0042090000000000001
PRODUCER_KERNEL_V1 stage=2 raw_iteration=1 ordinal=27 kernel=owner_compose_target threads=504666 begin_tick=1990039035528208 end_tick=1990039035559833 ms_per_tick=9.9999999999999995e-07 device_ms=0.031625
PRODUCER_KERNEL_V1 stage=2 raw_iteration=1 ordinal=28 kernel=finalize_resident_target threads=1 begin_tick=1990039035560208 end_tick=1990039035562583 ms_per_tick=9.9999999999999995e-07 device_ms=0.0023749999999999999
PRODUCER_KERNEL_V1 stage=2 raw_iteration=1 ordinal=29 kernel=owner_identify_target threads=1 begin_tick=1990039035563166 end_tick=1990039035566416 ms_per_tick=9.9999999999999995e-07 device_ms=0.0032499999999999999
PRODUCER_KERNEL_V1 stage=2 raw_iteration=1 ordinal=30 kernel=issue_resident_projection_consumer threads=1 begin_tick=1990039035566833 end_tick=1990039035569666 ms_per_tick=9.9999999999999995e-07 device_ms=0.002833
PRODUCER_KERNEL_V1 stage=2 raw_iteration=1 ordinal=31 kernel=consume_resident_target threads=1 begin_tick=1990039035570208 end_tick=1990039035573541 ms_per_tick=9.9999999999999995e-07 device_ms=0.003333
PRODUCER_KERNEL_V1 stage=2 raw_iteration=1 ordinal=32 kernel=owner_issue_stage_seal threads=1 begin_tick=1990039035573958 end_tick=1990039035576791 ms_per_tick=9.9999999999999995e-07 device_ms=0.002833
PRODUCER_KERNEL_V1 stage=2 raw_iteration=1 ordinal=33 kernel=fct_compatible_stage_rate threads=1533387 begin_tick=1990039035577375 end_tick=1990039036105125 ms_per_tick=9.9999999999999995e-07 device_ms=0.52774999999999994
PRODUCER_KERNEL_V1 stage=2 raw_iteration=1 ordinal=34 kernel=owner_heun_momentum threads=1533387 begin_tick=1990039036105500 end_tick=1990039036203333 ms_per_tick=9.9999999999999995e-07 device_ms=0.097832999999999989
RISE_FIRE_OWNER_PROFILE_V1 {"scope":85,"parent":80,"phase":"BuildStageProducerGroup","stage":2,"raw_iteration":1,"iteration_kind":"picard","wall_ms":829.467375000,"device_sum_ms":747.428166680,"wall_minus_device_ms":82.039208320,"exclusive_wall_ms":829.467375000,"exclusive_device_sum_ms":747.428166680,"child_observer_wall_ms":0.000000000,"count_scope":"inclusive","owner_commits":1,"projection_invocations":0}
RISE_FIRE_OWNER_PROFILE_V1 {"scope":86,"parent":80,"phase":"Residual","stage":2,"raw_iteration":1,"iteration_kind":"picard","wall_ms":0.323416000,"device_sum_ms":0.115500065,"wall_minus_device_ms":0.207915935,"exclusive_wall_ms":0.323416000,"exclusive_device_sum_ms":0.115500065,"child_observer_wall_ms":0.000000000,"count_scope":"inclusive","owner_commits":1,"projection_invocations":0}
RISE_FIRE_OWNER_PROFILE_V1 {"scope":80,"parent":69,"phase":"PicardIteration","stage":2,"raw_iteration":1,"iteration_kind":"picard","wall_ms":844.964167000,"device_sum_ms":757.907834137,"wall_minus_device_ms":87.056332863,"exclusive_wall_ms":0.628208000,"exclusive_device_sum_ms":0.000000000,"child_observer_wall_ms":0.027835000,"count_scope":"inclusive","owner_commits":6,"projection_invocations":1}
RISE_FIRE_OWNER_PROFILE_V1 {"scope":89,"parent":88,"phase":"ProjectionAdapter","stage":2,"raw_iteration":2,"iteration_kind":"picard","wall_ms":13.351500000,"device_sum_ms":10.530541651,"wall_minus_device_ms":2.820958349,"exclusive_wall_ms":13.351500000,"exclusive_device_sum_ms":10.530541651,"child_observer_wall_ms":0.000000000,"count_scope":"inclusive","owner_commits":0,"projection_invocations":1}
RISE_FIRE_OWNER_PROFILE_V1 {"scope":88,"parent":87,"phase":"Project","stage":2,"raw_iteration":2,"iteration_kind":"picard","wall_ms":14.514250000,"device_sum_ms":10.571249994,"wall_minus_device_ms":3.943000006,"exclusive_wall_ms":1.157167000,"exclusive_device_sum_ms":0.040708343,"child_observer_wall_ms":0.005583000,"count_scope":"inclusive","owner_commits":2,"projection_invocations":1}
RISE_FIRE_OWNER_PROFILE_V1 {"scope":90,"parent":87,"phase":"ReadOpenClass","stage":2,"raw_iteration":2,"iteration_kind":"picard","wall_ms":0.158917000,"device_sum_ms":0.002374873,"wall_minus_device_ms":0.156542127,"exclusive_wall_ms":0.158917000,"exclusive_device_sum_ms":0.002374873,"child_observer_wall_ms":0.000000000,"count_scope":"inclusive","owner_commits":1,"projection_invocations":0}
RISE_FIRE_OWNER_PROFILE_V1 {"scope":91,"parent":87,"phase":"ReadOpenClass","stage":2,"raw_iteration":2,"iteration_kind":"picard","wall_ms":0.147125000,"device_sum_ms":0.002500135,"wall_minus_device_ms":0.144624865,"exclusive_wall_ms":0.147125000,"exclusive_device_sum_ms":0.002500135,"child_observer_wall_ms":0.000000000,"count_scope":"inclusive","owner_commits":1,"projection_invocations":0}
PRODUCER_COMMAND_V1 stage=2 raw_iteration=2 cpu_begin=1990039052218083 cpu_end=1990039880100458 gpu_begin=1990039052218083 gpu_end=1990039880100458 device_ms=746.76937493495643 encoders=35 interval_scope=possibly_overlapping
PRODUCER_KERNEL_V1 stage=2 raw_iteration=2 ordinal=0 kernel=owner_pack_faces threads=1533387 begin_tick=1990039133337541 end_tick=1990039133387625 ms_per_tick=9.9999999999999995e-07 device_ms=0.050083999999999997
PRODUCER_KERNEL_V1 stage=2 raw_iteration=2 ordinal=1 kernel=owner_pack_faces threads=1533387 begin_tick=1990039133401666 end_tick=1990039133452791 ms_per_tick=9.9999999999999995e-07 device_ms=0.051124999999999997
PRODUCER_KERNEL_V1 stage=2 raw_iteration=2 ordinal=2 kernel=owner_pack_faces threads=1533387 begin_tick=1990039133528750 end_tick=1990039133627750 ms_per_tick=9.9999999999999995e-07 device_ms=0.098999999999999991
PRODUCER_KERNEL_V1 stage=2 raw_iteration=2 ordinal=3 kernel=fct_extract_gas_density threads=504666 begin_tick=1990039133550166 end_tick=1990039133599875 ms_per_tick=9.9999999999999995e-07 device_ms=0.049708999999999996
PRODUCER_KERNEL_V1 stage=2 raw_iteration=2 ordinal=4 kernel=owner_gas_source threads=504666 begin_tick=1990039133599875 end_tick=1990039133649791 ms_per_tick=9.9999999999999995e-07 device_ms=0.049915999999999995
PRODUCER_KERNEL_V1 stage=2 raw_iteration=2 ordinal=5 kernel=evaluate_resident_transport threads=504666 begin_tick=1990039133711500 end_tick=1990039134159875 ms_per_tick=9.9999999999999995e-07 device_ms=0.44837499999999997
PRODUCER_KERNEL_V1 stage=2 raw_iteration=2 ordinal=6 kernel=identify_resident_transport threads=1 begin_tick=1990039134160250 end_tick=1990039134163000 ms_per_tick=9.9999999999999995e-07 device_ms=0.0027499999999999998
PRODUCER_KERNEL_V1 stage=2 raw_iteration=2 ordinal=7 kernel=owner_bind_transport threads=1 begin_tick=1990039134163416 end_tick=1990039134167000 ms_per_tick=9.9999999999999995e-07 device_ms=0.0035839999999999999
PRODUCER_KERNEL_V1 stage=2 raw_iteration=2 ordinal=8 kernel=identify_resident_owner_endpoint_class threads=1 begin_tick=1990039134167375 end_tick=1990039134170875 ms_per_tick=9.9999999999999995e-07 device_ms=0.0034999999999999996
PRODUCER_KERNEL_V1 stage=2 raw_iteration=2 ordinal=9 kernel=evaluate_resident_physical_flux threads=1533387 begin_tick=1990039135080625 end_tick=1990039136192916 ms_per_tick=9.9999999999999995e-07 device_ms=1.1122909999999999
PRODUCER_KERNEL_V1 stage=2 raw_iteration=2 ordinal=10 kernel=evaluate_resident_advective_pair threads=13800483 begin_tick=1990039136546625 end_tick=1990039143707416 ms_per_tick=9.9999999999999995e-07 device_ms=7.1607909999999997
PRODUCER_KERNEL_V1 stage=2 raw_iteration=2 ordinal=11 kernel=finalize_resident_advective_high threads=13800483 begin_tick=1990039143723791 end_tick=1990039144412625 ms_per_tick=9.9999999999999995e-07 device_ms=0.68883399999999995
PRODUCER_KERNEL_V1 stage=2 raw_iteration=2 ordinal=12 kernel=compose_resident_flux_pair threads=13800483 begin_tick=1990039144413041 end_tick=1990039145286000 ms_per_tick=9.9999999999999995e-07 device_ms=0.87295899999999993
PRODUCER_KERNEL_V1 stage=2 raw_iteration=2 ordinal=13 kernel=validate_resident_physical_flux threads=13800483 begin_tick=1990039145286708 end_tick=1990039146186125 ms_per_tick=9.9999999999999995e-07 device_ms=0.89941699999999991
PRODUCER_KERNEL_V1 stage=2 raw_iteration=2 ordinal=14 kernel=identify_resident_physical_flux threads=32 begin_tick=1990039146186791 end_tick=1990039146190208 ms_per_tick=9.9999999999999995e-07 device_ms=0.0034169999999999999
PRODUCER_KERNEL_V1 stage=2 raw_iteration=2 ordinal=15 kernel=owner_bind_candidate threads=1 begin_tick=1990039146190708 end_tick=1990039146194583 ms_per_tick=9.9999999999999995e-07 device_ms=0.003875
PRODUCER_KERNEL_V1 stage=2 raw_iteration=2 ordinal=16 kernel=finalize_resident_eos_candidate threads=1 begin_tick=1990039146195416 end_tick=1990039146197750 ms_per_tick=9.9999999999999995e-07 device_ms=0.0023339999999999997
PRODUCER_KERNEL_V1 stage=2 raw_iteration=2 ordinal=17 kernel=evaluate_resident_eos_candidate threads=504666 begin_tick=1990039146198458 end_tick=1990039752291666 ms_per_tick=9.9999999999999995e-07 device_ms=606.093208
PRODUCER_KERNEL_V1 stage=2 raw_iteration=2 ordinal=18 kernel=finalize_resident_eos_candidate threads=1 begin_tick=1990039752305958 end_tick=1990039752308625 ms_per_tick=9.9999999999999995e-07 device_ms=0.0026669999999999997
PRODUCER_KERNEL_V1 stage=2 raw_iteration=2 ordinal=19 kernel=identify_resident_eos threads=1 begin_tick=1990039752309083 end_tick=1990039752311625 ms_per_tick=9.9999999999999995e-07 device_ms=0.002542
PRODUCER_KERNEL_V1 stage=2 raw_iteration=2 ordinal=20 kernel=produce_resident_frozen_source threads=504666 begin_tick=1990039752311958 end_tick=1990039752342208 ms_per_tick=9.9999999999999995e-07 device_ms=0.030249999999999999
PRODUCER_KERNEL_V1 stage=2 raw_iteration=2 ordinal=21 kernel=identify_resident_frozen_source threads=1 begin_tick=1990039752342833 end_tick=1990039752345416 ms_per_tick=9.9999999999999995e-07 device_ms=0.0025829999999999998
PRODUCER_KERNEL_V1 stage=2 raw_iteration=2 ordinal=22 kernel=evaluate_resident_target_terms threads=504666 begin_tick=1990039752345833 end_tick=1990039879291208 ms_per_tick=9.9999999999999995e-07 device_ms=126.945375
PRODUCER_KERNEL_V1 stage=2 raw_iteration=2 ordinal=23 kernel=finalize_resident_target threads=1 begin_tick=1990039879307041 end_tick=1990039879310208 ms_per_tick=9.9999999999999995e-07 device_ms=0.0031669999999999997
PRODUCER_KERNEL_V1 stage=2 raw_iteration=2 ordinal=24 kernel=identify_resident_target threads=1 begin_tick=1990039879310541 end_tick=1990039879313500 ms_per_tick=9.9999999999999995e-07 device_ms=0.0029589999999999998
PRODUCER_KERNEL_V1 stage=2 raw_iteration=2 ordinal=25 kernel=issue_resident_projection_consumer threads=1 begin_tick=1990039879314041 end_tick=1990039879317916 ms_per_tick=9.9999999999999995e-07 device_ms=0.003875
PRODUCER_KERNEL_V1 stage=2 raw_iteration=2 ordinal=26 kernel=consume_resident_target threads=1 begin_tick=1990039879318333 end_tick=1990039879322666 ms_per_tick=9.9999999999999995e-07 device_ms=0.004333
PRODUCER_KERNEL_V1 stage=2 raw_iteration=2 ordinal=27 kernel=owner_compose_target threads=504666 begin_tick=1990039879323083 end_tick=1990039879354041 ms_per_tick=9.9999999999999995e-07 device_ms=0.030957999999999999
PRODUCER_KERNEL_V1 stage=2 raw_iteration=2 ordinal=28 kernel=finalize_resident_target threads=1 begin_tick=1990039879354458 end_tick=1990039879356833 ms_per_tick=9.9999999999999995e-07 device_ms=0.0023749999999999999
PRODUCER_KERNEL_V1 stage=2 raw_iteration=2 ordinal=29 kernel=owner_identify_target threads=1 begin_tick=1990039879357375 end_tick=1990039879360583 ms_per_tick=9.9999999999999995e-07 device_ms=0.0032079999999999999
PRODUCER_KERNEL_V1 stage=2 raw_iteration=2 ordinal=30 kernel=issue_resident_projection_consumer threads=1 begin_tick=1990039879361000 end_tick=1990039879364208 ms_per_tick=9.9999999999999995e-07 device_ms=0.0032079999999999999
PRODUCER_KERNEL_V1 stage=2 raw_iteration=2 ordinal=31 kernel=consume_resident_target threads=1 begin_tick=1990039879364750 end_tick=1990039879368125 ms_per_tick=9.9999999999999995e-07 device_ms=0.003375
PRODUCER_KERNEL_V1 stage=2 raw_iteration=2 ordinal=32 kernel=owner_issue_stage_seal threads=1 begin_tick=1990039879368541 end_tick=1990039879371666 ms_per_tick=9.9999999999999995e-07 device_ms=0.0031249999999999997
PRODUCER_KERNEL_V1 stage=2 raw_iteration=2 ordinal=33 kernel=fct_compatible_stage_rate threads=1533387 begin_tick=1990039879372125 end_tick=1990039879890333 ms_per_tick=9.9999999999999995e-07 device_ms=0.518208
PRODUCER_KERNEL_V1 stage=2 raw_iteration=2 ordinal=34 kernel=owner_heun_momentum threads=1533387 begin_tick=1990039879890750 end_tick=1990039879984750 ms_per_tick=9.9999999999999995e-07 device_ms=0.094
RISE_FIRE_OWNER_PROFILE_V1 {"scope":92,"parent":87,"phase":"BuildStageProducerGroup","stage":2,"raw_iteration":2,"iteration_kind":"picard","wall_ms":828.127458000,"device_sum_ms":746.769374935,"wall_minus_device_ms":81.358083065,"exclusive_wall_ms":828.127458000,"exclusive_device_sum_ms":746.769374935,"child_observer_wall_ms":0.000000000,"count_scope":"inclusive","owner_commits":1,"projection_invocations":0}
RISE_FIRE_OWNER_PROFILE_V1 {"scope":93,"parent":87,"phase":"Residual","stage":2,"raw_iteration":2,"iteration_kind":"picard","wall_ms":0.390834000,"device_sum_ms":0.114749884,"wall_minus_device_ms":0.276084116,"exclusive_wall_ms":0.390834000,"exclusive_device_sum_ms":0.114749884,"child_observer_wall_ms":0.000000000,"count_scope":"inclusive","owner_commits":1,"projection_invocations":0}
RISE_FIRE_OWNER_PROFILE_V1 {"scope":96,"parent":95,"phase":"ProjectionAdapter","stage":2,"raw_iteration":2147483650,"iteration_kind":"terminal","wall_ms":14.675375000,"device_sum_ms":9.200291708,"wall_minus_device_ms":5.475083292,"exclusive_wall_ms":14.675375000,"exclusive_device_sum_ms":9.200291708,"child_observer_wall_ms":0.000000000,"count_scope":"inclusive","owner_commits":0,"projection_invocations":1}
RISE_FIRE_OWNER_PROFILE_V1 {"scope":95,"parent":94,"phase":"Project","stage":2,"raw_iteration":2147483650,"iteration_kind":"terminal","wall_ms":15.385042000,"device_sum_ms":9.232625132,"wall_minus_device_ms":6.152416868,"exclusive_wall_ms":0.696209000,"exclusive_device_sum_ms":0.032333424,"child_observer_wall_ms":0.013458000,"count_scope":"inclusive","owner_commits":2,"projection_invocations":1}
RISE_FIRE_OWNER_PROFILE_V1 {"scope":97,"parent":94,"phase":"ReadOpenClass","stage":2,"raw_iteration":2147483650,"iteration_kind":"terminal","wall_ms":0.187625000,"device_sum_ms":0.002374873,"wall_minus_device_ms":0.185250127,"exclusive_wall_ms":0.187625000,"exclusive_device_sum_ms":0.002374873,"child_observer_wall_ms":0.000000000,"count_scope":"inclusive","owner_commits":1,"projection_invocations":0}
RISE_FIRE_OWNER_PROFILE_V1 {"scope":98,"parent":94,"phase":"ReadOpenClass","stage":2,"raw_iteration":2147483650,"iteration_kind":"terminal","wall_ms":0.196416000,"device_sum_ms":0.002500135,"wall_minus_device_ms":0.193915865,"exclusive_wall_ms":0.196416000,"exclusive_device_sum_ms":0.002500135,"child_observer_wall_ms":0.000000000,"count_scope":"inclusive","owner_commits":1,"projection_invocations":0}
PRODUCER_COMMAND_V1 stage=2 raw_iteration=2147483650 cpu_begin=1990039896589458 cpu_end=1990040742607250 gpu_begin=1990039896589458 gpu_end=1990040742607250 device_ms=744.89962495863438 encoders=35 interval_scope=possibly_overlapping
PRODUCER_KERNEL_V1 stage=2 raw_iteration=2147483650 ordinal=0 kernel=owner_pack_faces threads=1533387 begin_tick=1990039997630000 end_tick=1990039997690125 ms_per_tick=9.9999999999999995e-07 device_ms=0.060124999999999998
PRODUCER_KERNEL_V1 stage=2 raw_iteration=2147483650 ordinal=1 kernel=owner_pack_faces threads=1533387 begin_tick=1990039997690125 end_tick=1990039998028750 ms_per_tick=9.9999999999999995e-07 device_ms=0.33862500000000001
PRODUCER_KERNEL_V1 stage=2 raw_iteration=2147483650 ordinal=2 kernel=owner_pack_faces threads=1533387 begin_tick=1990039997627625 end_tick=1990039997690333 ms_per_tick=9.9999999999999995e-07 device_ms=0.062708
PRODUCER_KERNEL_V1 stage=2 raw_iteration=2147483650 ordinal=3 kernel=fct_extract_gas_density threads=504666 begin_tick=1990039997690625 end_tick=1990039997745125 ms_per_tick=9.9999999999999995e-07 device_ms=0.0545
PRODUCER_KERNEL_V1 stage=2 raw_iteration=2147483650 ordinal=4 kernel=owner_gas_source threads=504666 begin_tick=1990039998029291 end_tick=1990039998274833 ms_per_tick=9.9999999999999995e-07 device_ms=0.24554199999999998
PRODUCER_KERNEL_V1 stage=2 raw_iteration=2147483650 ordinal=5 kernel=evaluate_resident_transport threads=504666 begin_tick=1990039997745125 end_tick=1990039998302291 ms_per_tick=9.9999999999999995e-07 device_ms=0.55716599999999994
PRODUCER_KERNEL_V1 stage=2 raw_iteration=2147483650 ordinal=6 kernel=identify_resident_transport threads=1 begin_tick=1990039998303458 end_tick=1990039998458000 ms_per_tick=9.9999999999999995e-07 device_ms=0.15454199999999998
PRODUCER_KERNEL_V1 stage=2 raw_iteration=2147483650 ordinal=7 kernel=owner_bind_transport threads=1 begin_tick=1990039998458625 end_tick=1990039998525583 ms_per_tick=9.9999999999999995e-07 device_ms=0.066958000000000004
PRODUCER_KERNEL_V1 stage=2 raw_iteration=2147483650 ordinal=8 kernel=identify_resident_owner_endpoint_class threads=1 begin_tick=1990039998525916 end_tick=1990039998555083 ms_per_tick=9.9999999999999995e-07 device_ms=0.029166999999999998
PRODUCER_KERNEL_V1 stage=2 raw_iteration=2147483650 ordinal=9 kernel=evaluate_resident_physical_flux threads=1533387 begin_tick=1990039999039791 end_tick=1990040001001000 ms_per_tick=9.9999999999999995e-07 device_ms=1.961209
PRODUCER_KERNEL_V1 stage=2 raw_iteration=2147483650 ordinal=10 kernel=evaluate_resident_advective_pair threads=13800483 begin_tick=1990040001017833 end_tick=1990040008102750 ms_per_tick=9.9999999999999995e-07 device_ms=7.0849169999999999
PRODUCER_KERNEL_V1 stage=2 raw_iteration=2147483650 ordinal=11 kernel=finalize_resident_advective_high threads=13800483 begin_tick=1990040008103541 end_tick=1990040008524916 ms_per_tick=9.9999999999999995e-07 device_ms=0.421375
PRODUCER_KERNEL_V1 stage=2 raw_iteration=2147483650 ordinal=12 kernel=compose_resident_flux_pair threads=13800483 begin_tick=1990040008525291 end_tick=1990040009533500 ms_per_tick=9.9999999999999995e-07 device_ms=1.0082089999999999
PRODUCER_KERNEL_V1 stage=2 raw_iteration=2147483650 ordinal=13 kernel=validate_resident_physical_flux threads=13800483 begin_tick=1990040009534166 end_tick=1990040010429708 ms_per_tick=9.9999999999999995e-07 device_ms=0.89554199999999995
PRODUCER_KERNEL_V1 stage=2 raw_iteration=2147483650 ordinal=14 kernel=identify_resident_physical_flux threads=32 begin_tick=1990040010430208 end_tick=1990040010433458 ms_per_tick=9.9999999999999995e-07 device_ms=0.0032499999999999999
PRODUCER_KERNEL_V1 stage=2 raw_iteration=2147483650 ordinal=15 kernel=owner_bind_candidate threads=1 begin_tick=1990040010434000 end_tick=1990040010437666 ms_per_tick=9.9999999999999995e-07 device_ms=0.003666
PRODUCER_KERNEL_V1 stage=2 raw_iteration=2147483650 ordinal=16 kernel=finalize_resident_eos_candidate threads=1 begin_tick=1990040010438083 end_tick=1990040010440416 ms_per_tick=9.9999999999999995e-07 device_ms=0.002333
PRODUCER_KERNEL_V1 stage=2 raw_iteration=2147483650 ordinal=17 kernel=evaluate_resident_eos_candidate threads=504666 begin_tick=1990040010441125 end_tick=1990040613516916 ms_per_tick=9.9999999999999995e-07 device_ms=603.07579099999998
PRODUCER_KERNEL_V1 stage=2 raw_iteration=2147483650 ordinal=18 kernel=finalize_resident_eos_candidate threads=1 begin_tick=1990040613532625 end_tick=1990040613535333 ms_per_tick=9.9999999999999995e-07 device_ms=0.0027079999999999999
PRODUCER_KERNEL_V1 stage=2 raw_iteration=2147483650 ordinal=19 kernel=identify_resident_eos threads=1 begin_tick=1990040613535791 end_tick=1990040613538541 ms_per_tick=9.9999999999999995e-07 device_ms=0.0027499999999999998
PRODUCER_KERNEL_V1 stage=2 raw_iteration=2147483650 ordinal=20 kernel=produce_resident_frozen_source threads=504666 begin_tick=1990040613538958 end_tick=1990040613570500 ms_per_tick=9.9999999999999995e-07 device_ms=0.031542000000000001
PRODUCER_KERNEL_V1 stage=2 raw_iteration=2147483650 ordinal=21 kernel=identify_resident_frozen_source threads=1 begin_tick=1990040613571041 end_tick=1990040613573750 ms_per_tick=9.9999999999999995e-07 device_ms=0.002709
PRODUCER_KERNEL_V1 stage=2 raw_iteration=2147483650 ordinal=22 kernel=evaluate_resident_target_terms threads=504666 begin_tick=1990040613574041 end_tick=1990040741827500 ms_per_tick=9.9999999999999995e-07 device_ms=128.25345899999999
PRODUCER_KERNEL_V1 stage=2 raw_iteration=2147483650 ordinal=23 kernel=finalize_resident_target threads=1 begin_tick=1990040741841875 end_tick=1990040741844916 ms_per_tick=9.9999999999999995e-07 device_ms=0.0030409999999999999
PRODUCER_KERNEL_V1 stage=2 raw_iteration=2147483650 ordinal=24 kernel=identify_resident_target threads=1 begin_tick=1990040741845208 end_tick=1990040741848250 ms_per_tick=9.9999999999999995e-07 device_ms=0.003042
PRODUCER_KERNEL_V1 stage=2 raw_iteration=2147483650 ordinal=25 kernel=issue_resident_projection_consumer threads=1 begin_tick=1990040741848833 end_tick=1990040741853041 ms_per_tick=9.9999999999999995e-07 device_ms=0.0042079999999999999
PRODUCER_KERNEL_V1 stage=2 raw_iteration=2147483650 ordinal=26 kernel=consume_resident_target threads=1 begin_tick=1990040741853500 end_tick=1990040741857583 ms_per_tick=9.9999999999999995e-07 device_ms=0.0040829999999999998
PRODUCER_KERNEL_V1 stage=2 raw_iteration=2147483650 ordinal=27 kernel=owner_compose_target threads=504666 begin_tick=1990040741858125 end_tick=1990040741889041 ms_per_tick=9.9999999999999995e-07 device_ms=0.030915999999999999
PRODUCER_KERNEL_V1 stage=2 raw_iteration=2147483650 ordinal=28 kernel=finalize_resident_target threads=1 begin_tick=1990040741889416 end_tick=1990040741891833 ms_per_tick=9.9999999999999995e-07 device_ms=0.0024169999999999999
PRODUCER_KERNEL_V1 stage=2 raw_iteration=2147483650 ordinal=29 kernel=owner_identify_target threads=1 begin_tick=1990040741892416 end_tick=1990040741895500 ms_per_tick=9.9999999999999995e-07 device_ms=0.0030839999999999999
PRODUCER_KERNEL_V1 stage=2 raw_iteration=2147483650 ordinal=30 kernel=issue_resident_projection_consumer threads=1 begin_tick=1990040741895916 end_tick=1990040741898750 ms_per_tick=9.9999999999999995e-07 device_ms=0.0028339999999999997
PRODUCER_KERNEL_V1 stage=2 raw_iteration=2147483650 ordinal=31 kernel=consume_resident_target threads=1 begin_tick=1990040741899291 end_tick=1990040741902458 ms_per_tick=9.9999999999999995e-07 device_ms=0.0031669999999999997
PRODUCER_KERNEL_V1 stage=2 raw_iteration=2147483650 ordinal=32 kernel=owner_issue_stage_seal threads=1 begin_tick=1990040741902875 end_tick=1990040741905958 ms_per_tick=9.9999999999999995e-07 device_ms=0.0030829999999999998
PRODUCER_KERNEL_V1 stage=2 raw_iteration=2147483650 ordinal=33 kernel=fct_compatible_stage_rate threads=1533387 begin_tick=1990040741906458 end_tick=1990040742428541 ms_per_tick=9.9999999999999995e-07 device_ms=0.52208299999999996
PRODUCER_KERNEL_V1 stage=2 raw_iteration=2147483650 ordinal=34 kernel=owner_heun_momentum threads=1533387 begin_tick=1990040742428958 end_tick=1990040742521500 ms_per_tick=9.9999999999999995e-07 device_ms=0.092541999999999999
RISE_FIRE_OWNER_PROFILE_V1 {"scope":99,"parent":94,"phase":"BuildStageProducerGroup","stage":2,"raw_iteration":2147483650,"iteration_kind":"terminal","wall_ms":846.181875000,"device_sum_ms":744.899624959,"wall_minus_device_ms":101.282250041,"exclusive_wall_ms":846.181875000,"exclusive_device_sum_ms":744.899624959,"child_observer_wall_ms":0.000000000,"count_scope":"inclusive","owner_commits":1,"projection_invocations":0}
RISE_FIRE_OWNER_PROFILE_V1 {"scope":100,"parent":94,"phase":"Residual","stage":2,"raw_iteration":2147483650,"iteration_kind":"terminal","wall_ms":0.308709000,"device_sum_ms":0.112666516,"wall_minus_device_ms":0.196042484,"exclusive_wall_ms":0.308709000,"exclusive_device_sum_ms":0.112666516,"child_observer_wall_ms":0.000000000,"count_scope":"inclusive","owner_commits":1,"projection_invocations":0}
RISE_FIRE_OWNER_PROFILE_V1 {"scope":94,"parent":87,"phase":"TerminalVerification","stage":2,"raw_iteration":2147483650,"iteration_kind":"terminal","wall_ms":862.315166000,"device_sum_ms":754.249791615,"wall_minus_device_ms":108.065374385,"exclusive_wall_ms":0.004791000,"exclusive_device_sum_ms":0.000000000,"child_observer_wall_ms":0.050708000,"count_scope":"inclusive","owner_commits":6,"projection_invocations":1}
RISE_FIRE_OWNER_PROFILE_V1 {"scope":87,"parent":69,"phase":"PicardIteration","stage":2,"raw_iteration":2,"iteration_kind":"picard","wall_ms":1706.453459000,"device_sum_ms":1511.710041435,"wall_minus_device_ms":194.743417565,"exclusive_wall_ms":0.751835000,"exclusive_device_sum_ms":0.000000000,"child_observer_wall_ms":0.047874000,"count_scope":"inclusive","owner_commits":12,"projection_invocations":2}
RISE_FIRE_OWNER_PROFILE_V1 {"scope":69,"parent":1,"phase":"SolveStage","stage":2,"raw_iteration":4294967295,"iteration_kind":"bootstrap","wall_ms":4232.338000000,"device_sum_ms":3774.940750096,"wall_minus_device_ms":457.397249904,"exclusive_wall_ms":2.670874000,"exclusive_device_sum_ms":0.000000000,"child_observer_wall_ms":0.024958000,"count_scope":"inclusive","owner_commits":27,"projection_invocations":5}
RISE_FIRE_OWNER_PROFILE_V1 {"scope":101,"parent":1,"phase":"TerminalPublication","stage":4294967295,"raw_iteration":4294967295,"iteration_kind":"owner","wall_ms":12.722041000,"device_sum_ms":5.711749895,"wall_minus_device_ms":7.010291105,"exclusive_wall_ms":12.722041000,"exclusive_device_sum_ms":5.711749895,"child_observer_wall_ms":0.000000000,"count_scope":"inclusive","owner_commits":1,"projection_invocations":0}
RISE_FIRE_OWNER_PROFILE_V1 {"scope":1,"parent":0,"phase":"OwnerRun","stage":4294967295,"raw_iteration":4294967295,"iteration_kind":"owner","wall_ms":12866.274666000,"device_sum_ms":11416.009626584,"wall_minus_device_ms":1450.265039416,"exclusive_wall_ms":6.841251000,"exclusive_device_sum_ms":0.017374987,"child_observer_wall_ms":0.057958000,"count_scope":"inclusive","owner_commits":86,"projection_invocations":15}
capstone accepted step=3 time=0.00493879791 dt=0.00164626597 Tmax=307.866404 qmax=0 eos_max=7.67236907e-05 approach_eos_max=7.67236907e-05 limiter_class=continuous limiter_discrepancy=0 active_set_class=continuous active_set_discrepancy=0 active_set_cycle=0 active_set_faces=0
capstone pilot diagnostic Tmax=307.866045 CH4max=8.07286779e-06 O2max=0.265995681 eos_max=7.67236907e-05 approach_eos_max=7.67236907e-05
OWNER_COST_PREFIX complete=1 steps=3 time=0.004938797908835113 wall_s=40.157578792000002 outcome_sha256=a6a83b57d1e04b86bb7b4537b6444eea6c6c6441fa4884a7903fe8ee47bfccef full_verdict=unavailable error=
