OWNER_COST_SNAPSHOT_SCOPE_RED count=2 passed=1
capstone probe workers=8 target=0.00493879791 grid=69x69x106 dx=0.0305931161 t_ft=2.09320803
capstone step-start=0 speed=0 gprime=0 nu=2.23472097e-05 selected=5.23521035 previous=0
capstone event-step=0.00164626597 pilot_ceiling=0.0115509308 ramp_end=0.209320803
RISE_FIRE_OWNER_PROFILE_V1 {"scope":2,"parent":1,"phase":"Prepare","stage":4294967295,"raw_iteration":4294967295,"iteration_kind":"owner","wall_ms":95.985292000,"device_sum_ms":3.564999904,"wall_minus_device_ms":92.420292096,"exclusive_wall_ms":95.985292000,"exclusive_device_sum_ms":3.564999904,"child_observer_wall_ms":0.000000000,"count_scope":"inclusive","owner_commits":1,"projection_invocations":0}
RISE_FIRE_OWNER_PROFILE_V1 {"scope":5,"parent":4,"phase":"ProjectionAdapter","stage":0,"raw_iteration":4294967295,"iteration_kind":"bootstrap","wall_ms":19.973000000,"device_sum_ms":16.100124922,"wall_minus_device_ms":3.872875078,"exclusive_wall_ms":19.973000000,"exclusive_device_sum_ms":16.100124922,"child_observer_wall_ms":0.000000000,"count_scope":"inclusive","owner_commits":0,"projection_invocations":1}
RISE_FIRE_OWNER_PROFILE_V1 {"scope":4,"parent":3,"phase":"Project","stage":0,"raw_iteration":4294967295,"iteration_kind":"bootstrap","wall_ms":21.598958000,"device_sum_ms":16.157999635,"wall_minus_device_ms":5.440958365,"exclusive_wall_ms":1.585249000,"exclusive_device_sum_ms":0.057874713,"child_observer_wall_ms":0.040709000,"count_scope":"inclusive","owner_commits":2,"projection_invocations":1}
PRODUCER_COMMAND_V1 stage=0 raw_iteration=4294967295 cpu_begin=1990830659512541 cpu_end=1990830948561083 gpu_begin=1990830659512541 gpu_end=1990830948561083 device_ms=206.65774983353913 encoders=39 interval_scope=possibly_overlapping
PRODUCER_KERNEL_V1 stage=0 raw_iteration=4294967295 ordinal=0 kernel=owner_pack_faces threads=1533387 begin_tick=1990830741889458 end_tick=1990830741968375 ms_per_tick=9.9999999999999995e-07 device_ms=0.078917000000000001
PRODUCER_KERNEL_V1 stage=0 raw_iteration=4294967295 ordinal=1 kernel=owner_pack_faces threads=1533387 begin_tick=1990830741968000 end_tick=1990830742046750 ms_per_tick=9.9999999999999995e-07 device_ms=0.078750000000000001
PRODUCER_KERNEL_V1 stage=0 raw_iteration=4294967295 ordinal=2 kernel=owner_pack_faces threads=1533387 begin_tick=1990830742122000 end_tick=1990830742226958 ms_per_tick=9.9999999999999995e-07 device_ms=0.104958
PRODUCER_KERNEL_V1 stage=0 raw_iteration=4294967295 ordinal=3 kernel=fct_extract_gas_density threads=504666 begin_tick=1990830742130875 end_tick=1990830742179375 ms_per_tick=9.9999999999999995e-07 device_ms=0.048499999999999995
PRODUCER_KERNEL_V1 stage=0 raw_iteration=4294967295 ordinal=4 kernel=owner_gas_source threads=504666 begin_tick=1990830742179375 end_tick=1990830742232416 ms_per_tick=9.9999999999999995e-07 device_ms=0.053040999999999998
PRODUCER_KERNEL_V1 stage=0 raw_iteration=4294967295 ordinal=5 kernel=evaluate_resident_transport threads=504666 begin_tick=1990830742295541 end_tick=1990830743148958 ms_per_tick=9.9999999999999995e-07 device_ms=0.85341699999999998
PRODUCER_KERNEL_V1 stage=0 raw_iteration=4294967295 ordinal=6 kernel=identify_resident_transport threads=1 begin_tick=1990830743149416 end_tick=1990830743154041 ms_per_tick=9.9999999999999995e-07 device_ms=0.0046249999999999998
PRODUCER_KERNEL_V1 stage=0 raw_iteration=4294967295 ordinal=7 kernel=owner_bind_transport threads=1 begin_tick=1990830743154708 end_tick=1990830743160583 ms_per_tick=9.9999999999999995e-07 device_ms=0.005875
PRODUCER_KERNEL_V1 stage=0 raw_iteration=4294967295 ordinal=8 kernel=identify_resident_owner_endpoint_class threads=1 begin_tick=1990830743161041 end_tick=1990830743166125 ms_per_tick=9.9999999999999995e-07 device_ms=0.005084
PRODUCER_KERNEL_V1 stage=0 raw_iteration=4294967295 ordinal=9 kernel=evaluate_resident_physical_flux threads=1533387 begin_tick=1990830743750833 end_tick=1990830746035500 ms_per_tick=9.9999999999999995e-07 device_ms=2.2846669999999998
PRODUCER_KERNEL_V1 stage=0 raw_iteration=4294967295 ordinal=10 kernel=evaluate_resident_advective_pair threads=13800483 begin_tick=1990830745076833 end_tick=1990830760894708 ms_per_tick=9.9999999999999995e-07 device_ms=15.817874999999999
PRODUCER_KERNEL_V1 stage=0 raw_iteration=4294967295 ordinal=11 kernel=finalize_resident_advective_high threads=13800483 begin_tick=1990830760920416 end_tick=1990830761770083 ms_per_tick=9.9999999999999995e-07 device_ms=0.84966699999999995
PRODUCER_KERNEL_V1 stage=0 raw_iteration=4294967295 ordinal=12 kernel=compose_resident_flux_pair threads=13800483 begin_tick=1990830761770625 end_tick=1990830763109916 ms_per_tick=9.9999999999999995e-07 device_ms=1.339291
PRODUCER_KERNEL_V1 stage=0 raw_iteration=4294967295 ordinal=13 kernel=validate_resident_physical_flux threads=13800483 begin_tick=1990830763110625 end_tick=1990830764423333 ms_per_tick=9.9999999999999995e-07 device_ms=1.312708
PRODUCER_KERNEL_V1 stage=0 raw_iteration=4294967295 ordinal=14 kernel=identify_resident_physical_flux threads=32 begin_tick=1990830764424291 end_tick=1990830764429875 ms_per_tick=9.9999999999999995e-07 device_ms=0.0055839999999999996
PRODUCER_KERNEL_V1 stage=0 raw_iteration=4294967295 ordinal=15 kernel=fct_build_ratios threads=5551326 begin_tick=1990830764430666 end_tick=1990830768164750 ms_per_tick=9.9999999999999995e-07 device_ms=3.7340839999999997
PRODUCER_KERNEL_V1 stage=0 raw_iteration=4294967295 ordinal=16 kernel=fct_build_face_alpha threads=1533387 begin_tick=1990830768165500 end_tick=1990830768427458 ms_per_tick=9.9999999999999995e-07 device_ms=0.26195799999999997
PRODUCER_KERNEL_V1 stage=0 raw_iteration=4294967295 ordinal=17 kernel=fct_commit_scalar threads=504666 begin_tick=1990830768427958 end_tick=1990830768615750 ms_per_tick=9.9999999999999995e-07 device_ms=0.18779199999999999
PRODUCER_KERNEL_V1 stage=0 raw_iteration=4294967295 ordinal=18 kernel=owner_bind_candidate threads=1 begin_tick=1990830768616250 end_tick=1990830768619791 ms_per_tick=9.9999999999999995e-07 device_ms=0.0035409999999999999
PRODUCER_KERNEL_V1 stage=0 raw_iteration=4294967295 ordinal=19 kernel=finalize_resident_eos_candidate threads=1 begin_tick=1990830768620333 end_tick=1990830768623375 ms_per_tick=9.9999999999999995e-07 device_ms=0.003042
PRODUCER_KERNEL_V1 stage=0 raw_iteration=4294967295 ordinal=20 kernel=build_eos_endpoint_table threads=14 begin_tick=1990830768624166 end_tick=1990830768915083 ms_per_tick=9.9999999999999995e-07 device_ms=0.29091699999999998
PRODUCER_KERNEL_V1 stage=0 raw_iteration=4294967295 ordinal=21 kernel=evaluate_resident_eos_candidate threads=504666 begin_tick=1990830768915416 end_tick=1990830832854333 ms_per_tick=9.9999999999999995e-07 device_ms=63.938916999999996
PRODUCER_KERNEL_V1 stage=0 raw_iteration=4294967295 ordinal=22 kernel=finalize_resident_eos_candidate threads=1 begin_tick=1990830832870291 end_tick=1990830832873166 ms_per_tick=9.9999999999999995e-07 device_ms=0.002875
PRODUCER_KERNEL_V1 stage=0 raw_iteration=4294967295 ordinal=23 kernel=identify_resident_eos threads=1 begin_tick=1990830832873500 end_tick=1990830832876041 ms_per_tick=9.9999999999999995e-07 device_ms=0.0025409999999999999
PRODUCER_KERNEL_V1 stage=0 raw_iteration=4294967295 ordinal=24 kernel=produce_resident_frozen_source threads=504666 begin_tick=1990830832876500 end_tick=1990830832909416 ms_per_tick=9.9999999999999995e-07 device_ms=0.032916000000000001
PRODUCER_KERNEL_V1 stage=0 raw_iteration=4294967295 ordinal=25 kernel=identify_resident_frozen_source threads=1 begin_tick=1990830832909833 end_tick=1990830832912833 ms_per_tick=9.9999999999999995e-07 device_ms=0.0030000000000000001
PRODUCER_KERNEL_V1 stage=0 raw_iteration=4294967295 ordinal=26 kernel=evaluate_resident_target_terms threads=504666 begin_tick=1990830832913250 end_tick=1990830947819583 ms_per_tick=9.9999999999999995e-07 device_ms=114.90633299999999
PRODUCER_KERNEL_V1 stage=0 raw_iteration=4294967295 ordinal=27 kernel=finalize_resident_target threads=1 begin_tick=1990830947828916 end_tick=1990830947832000 ms_per_tick=9.9999999999999995e-07 device_ms=0.0030839999999999999
PRODUCER_KERNEL_V1 stage=0 raw_iteration=4294967295 ordinal=28 kernel=identify_resident_target threads=1 begin_tick=1990830947832375 end_tick=1990830947835375 ms_per_tick=9.9999999999999995e-07 device_ms=0.0030000000000000001
PRODUCER_KERNEL_V1 stage=0 raw_iteration=4294967295 ordinal=29 kernel=issue_resident_projection_consumer threads=1 begin_tick=1990830947835750 end_tick=1990830947839583 ms_per_tick=9.9999999999999995e-07 device_ms=0.003833
PRODUCER_KERNEL_V1 stage=0 raw_iteration=4294967295 ordinal=30 kernel=consume_resident_target threads=1 begin_tick=1990830947840708 end_tick=1990830947844958 ms_per_tick=9.9999999999999995e-07 device_ms=0.0042499999999999994
PRODUCER_KERNEL_V1 stage=0 raw_iteration=4294967295 ordinal=31 kernel=owner_compose_target threads=504666 begin_tick=1990830947845375 end_tick=1990830947875625 ms_per_tick=9.9999999999999995e-07 device_ms=0.030249999999999999
PRODUCER_KERNEL_V1 stage=0 raw_iteration=4294967295 ordinal=32 kernel=finalize_resident_target threads=1 begin_tick=1990830947876000 end_tick=1990830947878500 ms_per_tick=9.9999999999999995e-07 device_ms=0.0025000000000000001
PRODUCER_KERNEL_V1 stage=0 raw_iteration=4294967295 ordinal=33 kernel=owner_identify_target threads=1 begin_tick=1990830947878916 end_tick=1990830947881583 ms_per_tick=9.9999999999999995e-07 device_ms=0.0026669999999999997
PRODUCER_KERNEL_V1 stage=0 raw_iteration=4294967295 ordinal=34 kernel=issue_resident_projection_consumer threads=1 begin_tick=1990830947882041 end_tick=1990830947885000 ms_per_tick=9.9999999999999995e-07 device_ms=0.0029589999999999998
PRODUCER_KERNEL_V1 stage=0 raw_iteration=4294967295 ordinal=35 kernel=consume_resident_target threads=1 begin_tick=1990830947885416 end_tick=1990830947888583 ms_per_tick=9.9999999999999995e-07 device_ms=0.0031669999999999997
PRODUCER_KERNEL_V1 stage=0 raw_iteration=4294967295 ordinal=36 kernel=owner_issue_stage_seal threads=1 begin_tick=1990830947889000 end_tick=1990830947891958 ms_per_tick=9.9999999999999995e-07 device_ms=0.0029579999999999997
PRODUCER_KERNEL_V1 stage=0 raw_iteration=4294967295 ordinal=37 kernel=fct_compatible_stage_rate threads=1533387 begin_tick=1990830947892458 end_tick=1990830948393166 ms_per_tick=9.9999999999999995e-07 device_ms=0.50070799999999993
PRODUCER_KERNEL_V1 stage=0 raw_iteration=4294967295 ordinal=38 kernel=owner_predict_momentum threads=1533387 begin_tick=1990830948394041 end_tick=1990830948443666 ms_per_tick=9.9999999999999995e-07 device_ms=0.049624999999999996
RISE_FIRE_OWNER_PROFILE_V1 {"scope":6,"parent":3,"phase":"BuildStageProducerGroup","stage":0,"raw_iteration":4294967295,"iteration_kind":"bootstrap","wall_ms":289.269625000,"device_sum_ms":206.657749834,"wall_minus_device_ms":82.611875166,"exclusive_wall_ms":289.269625000,"exclusive_device_sum_ms":206.657749834,"child_observer_wall_ms":0.000000000,"count_scope":"inclusive","owner_commits":1,"projection_invocations":0}
RISE_FIRE_OWNER_PROFILE_V1 {"scope":9,"parent":8,"phase":"ProjectionAdapter","stage":0,"raw_iteration":0,"iteration_kind":"picard","wall_ms":12.125167000,"device_sum_ms":9.301958373,"wall_minus_device_ms":2.823208627,"exclusive_wall_ms":12.125167000,"exclusive_device_sum_ms":9.301958373,"child_observer_wall_ms":0.000000000,"count_scope":"inclusive","owner_commits":0,"projection_invocations":1}
RISE_FIRE_OWNER_PROFILE_V1 {"scope":8,"parent":7,"phase":"Project","stage":0,"raw_iteration":0,"iteration_kind":"picard","wall_ms":12.787208000,"device_sum_ms":9.343833430,"wall_minus_device_ms":3.443374570,"exclusive_wall_ms":0.652749000,"exclusive_device_sum_ms":0.041875057,"child_observer_wall_ms":0.009292000,"count_scope":"inclusive","owner_commits":2,"projection_invocations":1}
RISE_FIRE_OWNER_PROFILE_V1 {"scope":10,"parent":7,"phase":"ReadOpenClass","stage":0,"raw_iteration":0,"iteration_kind":"picard","wall_ms":0.173792000,"device_sum_ms":0.002500135,"wall_minus_device_ms":0.171291865,"exclusive_wall_ms":0.173792000,"exclusive_device_sum_ms":0.002500135,"child_observer_wall_ms":0.000000000,"count_scope":"inclusive","owner_commits":1,"projection_invocations":0}
RISE_FIRE_OWNER_PROFILE_V1 {"scope":11,"parent":7,"phase":"ReadOpenClass","stage":0,"raw_iteration":0,"iteration_kind":"picard","wall_ms":0.153834000,"device_sum_ms":0.002375105,"wall_minus_device_ms":0.151458895,"exclusive_wall_ms":0.153834000,"exclusive_device_sum_ms":0.002375105,"child_observer_wall_ms":0.000000000,"count_scope":"inclusive","owner_commits":1,"projection_invocations":0}
PRODUCER_COMMAND_V1 stage=0 raw_iteration=0 cpu_begin=1990830961904625 cpu_end=1990831240115416 gpu_begin=1990830961904625 gpu_end=1990831240115416 device_ms=196.62933330982924 encoders=39 interval_scope=possibly_overlapping
PRODUCER_KERNEL_V1 stage=0 raw_iteration=0 ordinal=0 kernel=owner_pack_faces threads=1533387 begin_tick=1990831043499166 end_tick=1990831043550250 ms_per_tick=9.9999999999999995e-07 device_ms=0.051083999999999997
PRODUCER_KERNEL_V1 stage=0 raw_iteration=0 ordinal=1 kernel=owner_pack_faces threads=1533387 begin_tick=1990831043599750 end_tick=1990831043649500 ms_per_tick=9.9999999999999995e-07 device_ms=0.049749999999999996
PRODUCER_KERNEL_V1 stage=0 raw_iteration=0 ordinal=2 kernel=owner_pack_faces threads=1533387 begin_tick=1990831043698833 end_tick=1990831043776250 ms_per_tick=9.9999999999999995e-07 device_ms=0.077417
PRODUCER_KERNEL_V1 stage=0 raw_iteration=0 ordinal=3 kernel=fct_extract_gas_density threads=504666 begin_tick=1990831043724291 end_tick=1990831043768750 ms_per_tick=9.9999999999999995e-07 device_ms=0.044458999999999999
PRODUCER_KERNEL_V1 stage=0 raw_iteration=0 ordinal=4 kernel=owner_gas_source threads=504666 begin_tick=1990831043807166 end_tick=1990831043853625 ms_per_tick=9.9999999999999995e-07 device_ms=0.046459
PRODUCER_KERNEL_V1 stage=0 raw_iteration=0 ordinal=5 kernel=evaluate_resident_transport threads=504666 begin_tick=1990831043878000 end_tick=1990831044337041 ms_per_tick=9.9999999999999995e-07 device_ms=0.45904099999999998
PRODUCER_KERNEL_V1 stage=0 raw_iteration=0 ordinal=6 kernel=identify_resident_transport threads=1 begin_tick=1990831044337416 end_tick=1990831044340250 ms_per_tick=9.9999999999999995e-07 device_ms=0.0028339999999999997
PRODUCER_KERNEL_V1 stage=0 raw_iteration=0 ordinal=7 kernel=owner_bind_transport threads=1 begin_tick=1990831044340750 end_tick=1990831044344375 ms_per_tick=9.9999999999999995e-07 device_ms=0.0036249999999999998
PRODUCER_KERNEL_V1 stage=0 raw_iteration=0 ordinal=8 kernel=identify_resident_owner_endpoint_class threads=1 begin_tick=1990831044344708 end_tick=1990831044347791 ms_per_tick=9.9999999999999995e-07 device_ms=0.0030829999999999998
PRODUCER_KERNEL_V1 stage=0 raw_iteration=0 ordinal=9 kernel=evaluate_resident_physical_flux threads=1533387 begin_tick=1990831045324291 end_tick=1990831046438958 ms_per_tick=9.9999999999999995e-07 device_ms=1.1146669999999999
PRODUCER_KERNEL_V1 stage=0 raw_iteration=0 ordinal=10 kernel=evaluate_resident_advective_pair threads=13800483 begin_tick=1990831046700458 end_tick=1990831054062000 ms_per_tick=9.9999999999999995e-07 device_ms=7.361542
PRODUCER_KERNEL_V1 stage=0 raw_iteration=0 ordinal=11 kernel=finalize_resident_advective_high threads=13800483 begin_tick=1990831054080541 end_tick=1990831054681583 ms_per_tick=9.9999999999999995e-07 device_ms=0.60104199999999997
PRODUCER_KERNEL_V1 stage=0 raw_iteration=0 ordinal=12 kernel=compose_resident_flux_pair threads=13800483 begin_tick=1990831054681958 end_tick=1990831055566333 ms_per_tick=9.9999999999999995e-07 device_ms=0.88437499999999991
PRODUCER_KERNEL_V1 stage=0 raw_iteration=0 ordinal=13 kernel=validate_resident_physical_flux threads=13800483 begin_tick=1990831055566833 end_tick=1990831056406166 ms_per_tick=9.9999999999999995e-07 device_ms=0.839333
PRODUCER_KERNEL_V1 stage=0 raw_iteration=0 ordinal=14 kernel=identify_resident_physical_flux threads=32 begin_tick=1990831056406666 end_tick=1990831056409875 ms_per_tick=9.9999999999999995e-07 device_ms=0.003209
PRODUCER_KERNEL_V1 stage=0 raw_iteration=0 ordinal=15 kernel=fct_build_ratios threads=5551326 begin_tick=1990831056410416 end_tick=1990831060093625 ms_per_tick=9.9999999999999995e-07 device_ms=3.6832089999999997
PRODUCER_KERNEL_V1 stage=0 raw_iteration=0 ordinal=16 kernel=fct_build_face_alpha threads=1533387 begin_tick=1990831060094166 end_tick=1990831060355750 ms_per_tick=9.9999999999999995e-07 device_ms=0.26158399999999998
PRODUCER_KERNEL_V1 stage=0 raw_iteration=0 ordinal=17 kernel=fct_commit_scalar threads=504666 begin_tick=1990831060356166 end_tick=1990831060549875 ms_per_tick=9.9999999999999995e-07 device_ms=0.19370899999999999
PRODUCER_KERNEL_V1 stage=0 raw_iteration=0 ordinal=18 kernel=owner_bind_candidate threads=1 begin_tick=1990831060550458 end_tick=1990831060553916 ms_per_tick=9.9999999999999995e-07 device_ms=0.0034579999999999997
PRODUCER_KERNEL_V1 stage=0 raw_iteration=0 ordinal=19 kernel=finalize_resident_eos_candidate threads=1 begin_tick=1990831060554375 end_tick=1990831060557541 ms_per_tick=9.9999999999999995e-07 device_ms=0.003166
PRODUCER_KERNEL_V1 stage=0 raw_iteration=0 ordinal=20 kernel=build_eos_endpoint_table threads=14 begin_tick=1990831060558625 end_tick=1990831060851041 ms_per_tick=9.9999999999999995e-07 device_ms=0.29241600000000001
PRODUCER_KERNEL_V1 stage=0 raw_iteration=0 ordinal=21 kernel=evaluate_resident_eos_candidate threads=504666 begin_tick=1990831060851458 end_tick=1990831124657416 ms_per_tick=9.9999999999999995e-07 device_ms=63.805957999999997
PRODUCER_KERNEL_V1 stage=0 raw_iteration=0 ordinal=22 kernel=finalize_resident_eos_candidate threads=1 begin_tick=1990831124673958 end_tick=1990831124676875 ms_per_tick=9.9999999999999995e-07 device_ms=0.0029169999999999999
PRODUCER_KERNEL_V1 stage=0 raw_iteration=0 ordinal=23 kernel=identify_resident_eos threads=1 begin_tick=1990831124677166 end_tick=1990831124679833 ms_per_tick=9.9999999999999995e-07 device_ms=0.0026669999999999997
PRODUCER_KERNEL_V1 stage=0 raw_iteration=0 ordinal=24 kernel=produce_resident_frozen_source threads=504666 begin_tick=1990831124680250 end_tick=1990831124710958 ms_per_tick=9.9999999999999995e-07 device_ms=0.030707999999999999
PRODUCER_KERNEL_V1 stage=0 raw_iteration=0 ordinal=25 kernel=identify_resident_frozen_source threads=1 begin_tick=1990831124711375 end_tick=1990831124714416 ms_per_tick=9.9999999999999995e-07 device_ms=0.0030409999999999999
PRODUCER_KERNEL_V1 stage=0 raw_iteration=0 ordinal=26 kernel=evaluate_resident_target_terms threads=504666 begin_tick=1990831124714833 end_tick=1990831239310333 ms_per_tick=9.9999999999999995e-07 device_ms=114.5955
PRODUCER_KERNEL_V1 stage=0 raw_iteration=0 ordinal=27 kernel=finalize_resident_target threads=1 begin_tick=1990831239324958 end_tick=1990831239328083 ms_per_tick=9.9999999999999995e-07 device_ms=0.0031249999999999997
PRODUCER_KERNEL_V1 stage=0 raw_iteration=0 ordinal=28 kernel=identify_resident_target threads=1 begin_tick=1990831239328416 end_tick=1990831239331500 ms_per_tick=9.9999999999999995e-07 device_ms=0.0030839999999999999
PRODUCER_KERNEL_V1 stage=0 raw_iteration=0 ordinal=29 kernel=issue_resident_projection_consumer threads=1 begin_tick=1990831239331958 end_tick=1990831239336000 ms_per_tick=9.9999999999999995e-07 device_ms=0.0040419999999999996
PRODUCER_KERNEL_V1 stage=0 raw_iteration=0 ordinal=30 kernel=consume_resident_target threads=1 begin_tick=1990831239336875 end_tick=1990831239341166 ms_per_tick=9.9999999999999995e-07 device_ms=0.0042909999999999997
PRODUCER_KERNEL_V1 stage=0 raw_iteration=0 ordinal=31 kernel=owner_compose_target threads=504666 begin_tick=1990831239341541 end_tick=1990831239421208 ms_per_tick=9.9999999999999995e-07 device_ms=0.079667000000000002
PRODUCER_KERNEL_V1 stage=0 raw_iteration=0 ordinal=32 kernel=finalize_resident_target threads=1 begin_tick=1990831239421500 end_tick=1990831239423916 ms_per_tick=9.9999999999999995e-07 device_ms=0.0024159999999999997
PRODUCER_KERNEL_V1 stage=0 raw_iteration=0 ordinal=33 kernel=owner_identify_target threads=1 begin_tick=1990831239424291 end_tick=1990831239427208 ms_per_tick=9.9999999999999995e-07 device_ms=0.0029169999999999999
PRODUCER_KERNEL_V1 stage=0 raw_iteration=0 ordinal=34 kernel=issue_resident_projection_consumer threads=1 begin_tick=1990831239427583 end_tick=1990831239430541 ms_per_tick=9.9999999999999995e-07 device_ms=0.0029579999999999997
PRODUCER_KERNEL_V1 stage=0 raw_iteration=0 ordinal=35 kernel=consume_resident_target threads=1 begin_tick=1990831239430958 end_tick=1990831239434291 ms_per_tick=9.9999999999999995e-07 device_ms=0.003333
PRODUCER_KERNEL_V1 stage=0 raw_iteration=0 ordinal=36 kernel=owner_issue_stage_seal threads=1 begin_tick=1990831239434708 end_tick=1990831239437625 ms_per_tick=9.9999999999999995e-07 device_ms=0.0029169999999999999
PRODUCER_KERNEL_V1 stage=0 raw_iteration=0 ordinal=37 kernel=fct_compatible_stage_rate threads=1533387 begin_tick=1990831239438041 end_tick=1990831239947708 ms_per_tick=9.9999999999999995e-07 device_ms=0.50966699999999998
PRODUCER_KERNEL_V1 stage=0 raw_iteration=0 ordinal=38 kernel=owner_predict_momentum threads=1533387 begin_tick=1990831239948333 end_tick=1990831239998166 ms_per_tick=9.9999999999999995e-07 device_ms=0.049832999999999995
RISE_FIRE_OWNER_PROFILE_V1 {"scope":12,"parent":7,"phase":"BuildStageProducerGroup","stage":0,"raw_iteration":0,"iteration_kind":"picard","wall_ms":278.375417000,"device_sum_ms":196.629333310,"wall_minus_device_ms":81.746083690,"exclusive_wall_ms":278.375417000,"exclusive_device_sum_ms":196.629333310,"child_observer_wall_ms":0.000000000,"count_scope":"inclusive","owner_commits":1,"projection_invocations":0}
RISE_FIRE_OWNER_PROFILE_V1 {"scope":13,"parent":7,"phase":"Residual","stage":0,"raw_iteration":0,"iteration_kind":"picard","wall_ms":0.236375000,"device_sum_ms":0.022749882,"wall_minus_device_ms":0.213625118,"exclusive_wall_ms":0.236375000,"exclusive_device_sum_ms":0.022749882,"child_observer_wall_ms":0.000000000,"count_scope":"inclusive","owner_commits":1,"projection_invocations":0}
RISE_FIRE_OWNER_PROFILE_V1 {"scope":7,"parent":3,"phase":"PicardIteration","stage":0,"raw_iteration":0,"iteration_kind":"picard","wall_ms":292.235291000,"device_sum_ms":206.000791863,"wall_minus_device_ms":86.234499137,"exclusive_wall_ms":0.470872000,"exclusive_device_sum_ms":0.000000000,"child_observer_wall_ms":0.037793000,"count_scope":"inclusive","owner_commits":6,"projection_invocations":1}
RISE_FIRE_OWNER_PROFILE_V1 {"scope":16,"parent":15,"phase":"ProjectionAdapter","stage":0,"raw_iteration":1,"iteration_kind":"picard","wall_ms":11.990708000,"device_sum_ms":8.898833301,"wall_minus_device_ms":3.091874699,"exclusive_wall_ms":11.990708000,"exclusive_device_sum_ms":8.898833301,"child_observer_wall_ms":0.000000000,"count_scope":"inclusive","owner_commits":0,"projection_invocations":1}
RISE_FIRE_OWNER_PROFILE_V1 {"scope":15,"parent":14,"phase":"Project","stage":0,"raw_iteration":1,"iteration_kind":"picard","wall_ms":13.211041000,"device_sum_ms":8.946249960,"wall_minus_device_ms":4.264791040,"exclusive_wall_ms":1.203875000,"exclusive_device_sum_ms":0.047416659,"child_observer_wall_ms":0.016458000,"count_scope":"inclusive","owner_commits":2,"projection_invocations":1}
RISE_FIRE_OWNER_PROFILE_V1 {"scope":17,"parent":14,"phase":"ReadOpenClass","stage":0,"raw_iteration":1,"iteration_kind":"picard","wall_ms":0.153292000,"device_sum_ms":0.002416549,"wall_minus_device_ms":0.150875451,"exclusive_wall_ms":0.153292000,"exclusive_device_sum_ms":0.002416549,"child_observer_wall_ms":0.000000000,"count_scope":"inclusive","owner_commits":1,"projection_invocations":0}
RISE_FIRE_OWNER_PROFILE_V1 {"scope":18,"parent":14,"phase":"ReadOpenClass","stage":0,"raw_iteration":1,"iteration_kind":"picard","wall_ms":0.152458000,"device_sum_ms":0.002249843,"wall_minus_device_ms":0.150208157,"exclusive_wall_ms":0.152458000,"exclusive_device_sum_ms":0.002249843,"child_observer_wall_ms":0.000000000,"count_scope":"inclusive","owner_commits":1,"projection_invocations":0}
PRODUCER_COMMAND_V1 stage=0 raw_iteration=1 cpu_begin=1990831254534875 cpu_end=1990831534595333 gpu_begin=1990831254534875 gpu_end=1990831534595333 device_ms=199.47012490592897 encoders=39 interval_scope=possibly_overlapping
PRODUCER_KERNEL_V1 stage=0 raw_iteration=1 ordinal=0 kernel=owner_pack_faces threads=1533387 begin_tick=1990831335136166 end_tick=1990831335187458 ms_per_tick=9.9999999999999995e-07 device_ms=0.051291999999999997
PRODUCER_KERNEL_V1 stage=0 raw_iteration=1 ordinal=1 kernel=owner_pack_faces threads=1533387 begin_tick=1990831335213375 end_tick=1990831335264000 ms_per_tick=9.9999999999999995e-07 device_ms=0.050624999999999996
PRODUCER_KERNEL_V1 stage=0 raw_iteration=1 ordinal=2 kernel=owner_pack_faces threads=1533387 begin_tick=1990831335348875 end_tick=1990831335426166 ms_per_tick=9.9999999999999995e-07 device_ms=0.077290999999999999
PRODUCER_KERNEL_V1 stage=0 raw_iteration=1 ordinal=3 kernel=fct_extract_gas_density threads=504666 begin_tick=1990831335365291 end_tick=1990831335409875 ms_per_tick=9.9999999999999995e-07 device_ms=0.044583999999999999
PRODUCER_KERNEL_V1 stage=0 raw_iteration=1 ordinal=4 kernel=owner_gas_source threads=504666 begin_tick=1990831335409875 end_tick=1990831335458791 ms_per_tick=9.9999999999999995e-07 device_ms=0.048916000000000001
PRODUCER_KERNEL_V1 stage=0 raw_iteration=1 ordinal=5 kernel=evaluate_resident_transport threads=504666 begin_tick=1990831335515625 end_tick=1990831336155125 ms_per_tick=9.9999999999999995e-07 device_ms=0.63949999999999996
PRODUCER_KERNEL_V1 stage=0 raw_iteration=1 ordinal=6 kernel=identify_resident_transport threads=1 begin_tick=1990831336155708 end_tick=1990831336158958 ms_per_tick=9.9999999999999995e-07 device_ms=0.0032499999999999999
PRODUCER_KERNEL_V1 stage=0 raw_iteration=1 ordinal=7 kernel=owner_bind_transport threads=1 begin_tick=1990831336159500 end_tick=1990831336163125 ms_per_tick=9.9999999999999995e-07 device_ms=0.0036249999999999998
PRODUCER_KERNEL_V1 stage=0 raw_iteration=1 ordinal=8 kernel=identify_resident_owner_endpoint_class threads=1 begin_tick=1990831336164041 end_tick=1990831336167250 ms_per_tick=9.9999999999999995e-07 device_ms=0.003209
PRODUCER_KERNEL_V1 stage=0 raw_iteration=1 ordinal=9 kernel=evaluate_resident_physical_flux threads=1533387 begin_tick=1990831337048666 end_tick=1990831338166291 ms_per_tick=9.9999999999999995e-07 device_ms=1.1176249999999999
PRODUCER_KERNEL_V1 stage=0 raw_iteration=1 ordinal=10 kernel=evaluate_resident_advective_pair threads=13800483 begin_tick=1990831338435375 end_tick=1990831345857333 ms_per_tick=9.9999999999999995e-07 device_ms=7.4219580000000001
PRODUCER_KERNEL_V1 stage=0 raw_iteration=1 ordinal=11 kernel=finalize_resident_advective_high threads=13800483 begin_tick=1990831345857916 end_tick=1990831346278958 ms_per_tick=9.9999999999999995e-07 device_ms=0.42104199999999997
PRODUCER_KERNEL_V1 stage=0 raw_iteration=1 ordinal=12 kernel=compose_resident_flux_pair threads=13800483 begin_tick=1990831346279291 end_tick=1990831347165000 ms_per_tick=9.9999999999999995e-07 device_ms=0.88570899999999997
PRODUCER_KERNEL_V1 stage=0 raw_iteration=1 ordinal=13 kernel=validate_resident_physical_flux threads=13800483 begin_tick=1990831347165708 end_tick=1990831348004541 ms_per_tick=9.9999999999999995e-07 device_ms=0.83883299999999994
PRODUCER_KERNEL_V1 stage=0 raw_iteration=1 ordinal=14 kernel=identify_resident_physical_flux threads=32 begin_tick=1990831348005291 end_tick=1990831348008875 ms_per_tick=9.9999999999999995e-07 device_ms=0.0035839999999999999
PRODUCER_KERNEL_V1 stage=0 raw_iteration=1 ordinal=15 kernel=fct_build_ratios threads=5551326 begin_tick=1990831348009375 end_tick=1990831351600500 ms_per_tick=9.9999999999999995e-07 device_ms=3.5911249999999999
PRODUCER_KERNEL_V1 stage=0 raw_iteration=1 ordinal=16 kernel=fct_build_face_alpha threads=1533387 begin_tick=1990831351601166 end_tick=1990831351862833 ms_per_tick=9.9999999999999995e-07 device_ms=0.26166699999999998
PRODUCER_KERNEL_V1 stage=0 raw_iteration=1 ordinal=17 kernel=fct_commit_scalar threads=504666 begin_tick=1990831351863416 end_tick=1990831352052583 ms_per_tick=9.9999999999999995e-07 device_ms=0.189167
PRODUCER_KERNEL_V1 stage=0 raw_iteration=1 ordinal=18 kernel=owner_bind_candidate threads=1 begin_tick=1990831352053166 end_tick=1990831352056916 ms_per_tick=9.9999999999999995e-07 device_ms=0.0037499999999999999
PRODUCER_KERNEL_V1 stage=0 raw_iteration=1 ordinal=19 kernel=finalize_resident_eos_candidate threads=1 begin_tick=1990831352057458 end_tick=1990831352060291 ms_per_tick=9.9999999999999995e-07 device_ms=0.002833
PRODUCER_KERNEL_V1 stage=0 raw_iteration=1 ordinal=20 kernel=build_eos_endpoint_table threads=14 begin_tick=1990831352061375 end_tick=1990831352352208 ms_per_tick=9.9999999999999995e-07 device_ms=0.29083300000000001
PRODUCER_KERNEL_V1 stage=0 raw_iteration=1 ordinal=21 kernel=evaluate_resident_eos_candidate threads=504666 begin_tick=1990831352352541 end_tick=1990831419401500 ms_per_tick=9.9999999999999995e-07 device_ms=67.048958999999996
PRODUCER_KERNEL_V1 stage=0 raw_iteration=1 ordinal=22 kernel=finalize_resident_eos_candidate threads=1 begin_tick=1990831419416416 end_tick=1990831419419208 ms_per_tick=9.9999999999999995e-07 device_ms=0.0027919999999999998
PRODUCER_KERNEL_V1 stage=0 raw_iteration=1 ordinal=23 kernel=identify_resident_eos threads=1 begin_tick=1990831419419541 end_tick=1990831419422291 ms_per_tick=9.9999999999999995e-07 device_ms=0.0027499999999999998
PRODUCER_KERNEL_V1 stage=0 raw_iteration=1 ordinal=24 kernel=produce_resident_frozen_source threads=504666 begin_tick=1990831419422583 end_tick=1990831419453625 ms_per_tick=9.9999999999999995e-07 device_ms=0.031042
PRODUCER_KERNEL_V1 stage=0 raw_iteration=1 ordinal=25 kernel=identify_resident_frozen_source threads=1 begin_tick=1990831419454041 end_tick=1990831419460208 ms_per_tick=9.9999999999999995e-07 device_ms=0.0061669999999999997
PRODUCER_KERNEL_V1 stage=0 raw_iteration=1 ordinal=26 kernel=evaluate_resident_target_terms threads=504666 begin_tick=1990831419460625 end_tick=1990831533793000 ms_per_tick=9.9999999999999995e-07 device_ms=114.332375
PRODUCER_KERNEL_V1 stage=0 raw_iteration=1 ordinal=27 kernel=finalize_resident_target threads=1 begin_tick=1990831533807416 end_tick=1990831533810416 ms_per_tick=9.9999999999999995e-07 device_ms=0.0030000000000000001
PRODUCER_KERNEL_V1 stage=0 raw_iteration=1 ordinal=28 kernel=identify_resident_target threads=1 begin_tick=1990831533810708 end_tick=1990831533813666 ms_per_tick=9.9999999999999995e-07 device_ms=0.0029579999999999997
PRODUCER_KERNEL_V1 stage=0 raw_iteration=1 ordinal=29 kernel=issue_resident_projection_consumer threads=1 begin_tick=1990831533814083 end_tick=1990831533818041 ms_per_tick=9.9999999999999995e-07 device_ms=0.0039579999999999997
PRODUCER_KERNEL_V1 stage=0 raw_iteration=1 ordinal=30 kernel=consume_resident_target threads=1 begin_tick=1990831533818416 end_tick=1990831533822625 ms_per_tick=9.9999999999999995e-07 device_ms=0.0042090000000000001
PRODUCER_KERNEL_V1 stage=0 raw_iteration=1 ordinal=31 kernel=owner_compose_target threads=504666 begin_tick=1990831533822958 end_tick=1990831533903041 ms_per_tick=9.9999999999999995e-07 device_ms=0.080083000000000001
PRODUCER_KERNEL_V1 stage=0 raw_iteration=1 ordinal=32 kernel=finalize_resident_target threads=1 begin_tick=1990831533903375 end_tick=1990831533905708 ms_per_tick=9.9999999999999995e-07 device_ms=0.002333
PRODUCER_KERNEL_V1 stage=0 raw_iteration=1 ordinal=33 kernel=owner_identify_target threads=1 begin_tick=1990831533906041 end_tick=1990831533908791 ms_per_tick=9.9999999999999995e-07 device_ms=0.0027499999999999998
PRODUCER_KERNEL_V1 stage=0 raw_iteration=1 ordinal=34 kernel=issue_resident_projection_consumer threads=1 begin_tick=1990831533909208 end_tick=1990831533912083 ms_per_tick=9.9999999999999995e-07 device_ms=0.002875
PRODUCER_KERNEL_V1 stage=0 raw_iteration=1 ordinal=35 kernel=consume_resident_target threads=1 begin_tick=1990831533912500 end_tick=1990831533915833 ms_per_tick=9.9999999999999995e-07 device_ms=0.003333
PRODUCER_KERNEL_V1 stage=0 raw_iteration=1 ordinal=36 kernel=owner_issue_stage_seal threads=1 begin_tick=1990831533916166 end_tick=1990831533919000 ms_per_tick=9.9999999999999995e-07 device_ms=0.0028339999999999997
PRODUCER_KERNEL_V1 stage=0 raw_iteration=1 ordinal=37 kernel=fct_compatible_stage_rate threads=1533387 begin_tick=1990831533919500 end_tick=1990831534427416 ms_per_tick=9.9999999999999995e-07 device_ms=0.50791599999999992
PRODUCER_KERNEL_V1 stage=0 raw_iteration=1 ordinal=38 kernel=owner_predict_momentum threads=1533387 begin_tick=1990831534428083 end_tick=1990831534477375 ms_per_tick=9.9999999999999995e-07 device_ms=0.049291999999999996
RISE_FIRE_OWNER_PROFILE_V1 {"scope":19,"parent":14,"phase":"BuildStageProducerGroup","stage":0,"raw_iteration":1,"iteration_kind":"picard","wall_ms":280.215917000,"device_sum_ms":199.470124906,"wall_minus_device_ms":80.745792094,"exclusive_wall_ms":280.215917000,"exclusive_device_sum_ms":199.470124906,"child_observer_wall_ms":0.000000000,"count_scope":"inclusive","owner_commits":1,"projection_invocations":0}
RISE_FIRE_OWNER_PROFILE_V1 {"scope":20,"parent":14,"phase":"Residual","stage":0,"raw_iteration":1,"iteration_kind":"picard","wall_ms":0.304584000,"device_sum_ms":0.108500011,"wall_minus_device_ms":0.196083989,"exclusive_wall_ms":0.304584000,"exclusive_device_sum_ms":0.108500011,"child_observer_wall_ms":0.000000000,"count_scope":"inclusive","owner_commits":1,"projection_invocations":0}
RISE_FIRE_OWNER_PROFILE_V1 {"scope":23,"parent":22,"phase":"ProjectionAdapter","stage":0,"raw_iteration":2147483649,"iteration_kind":"terminal","wall_ms":11.772042000,"device_sum_ms":8.978416678,"wall_minus_device_ms":2.793625322,"exclusive_wall_ms":11.772042000,"exclusive_device_sum_ms":8.978416678,"child_observer_wall_ms":0.000000000,"count_scope":"inclusive","owner_commits":0,"projection_invocations":1}
RISE_FIRE_OWNER_PROFILE_V1 {"scope":22,"parent":21,"phase":"Project","stage":0,"raw_iteration":2147483649,"iteration_kind":"terminal","wall_ms":12.344458000,"device_sum_ms":9.017333155,"wall_minus_device_ms":3.327124845,"exclusive_wall_ms":0.565124000,"exclusive_device_sum_ms":0.038916478,"child_observer_wall_ms":0.007292000,"count_scope":"inclusive","owner_commits":2,"projection_invocations":1}
RISE_FIRE_OWNER_PROFILE_V1 {"scope":24,"parent":21,"phase":"ReadOpenClass","stage":0,"raw_iteration":2147483649,"iteration_kind":"terminal","wall_ms":0.154625000,"device_sum_ms":0.002375105,"wall_minus_device_ms":0.152249895,"exclusive_wall_ms":0.154625000,"exclusive_device_sum_ms":0.002375105,"child_observer_wall_ms":0.000000000,"count_scope":"inclusive","owner_commits":1,"projection_invocations":0}
RISE_FIRE_OWNER_PROFILE_V1 {"scope":25,"parent":21,"phase":"ReadOpenClass","stage":0,"raw_iteration":2147483649,"iteration_kind":"terminal","wall_ms":0.149416000,"device_sum_ms":0.002291519,"wall_minus_device_ms":0.147124481,"exclusive_wall_ms":0.149416000,"exclusive_device_sum_ms":0.002291519,"child_observer_wall_ms":0.000000000,"count_scope":"inclusive","owner_commits":1,"projection_invocations":0}
PRODUCER_COMMAND_V1 stage=0 raw_iteration=2147483649 cpu_begin=1990831547734333 cpu_end=1990831824782916 gpu_begin=1990831547734333 gpu_end=1990831824782916 device_ms=195.99891686812043 encoders=39 interval_scope=possibly_overlapping
PRODUCER_KERNEL_V1 stage=0 raw_iteration=2147483649 ordinal=0 kernel=owner_pack_faces threads=1533387 begin_tick=1990831628642291 end_tick=1990831628697875 ms_per_tick=9.9999999999999995e-07 device_ms=0.055583999999999995
PRODUCER_KERNEL_V1 stage=0 raw_iteration=2147483649 ordinal=1 kernel=owner_pack_faces threads=1533387 begin_tick=1990831628697583 end_tick=1990831628779250 ms_per_tick=9.9999999999999995e-07 device_ms=0.08166699999999999
PRODUCER_KERNEL_V1 stage=0 raw_iteration=2147483649 ordinal=2 kernel=owner_pack_faces threads=1533387 begin_tick=1990831628640291 end_tick=1990831628697583 ms_per_tick=9.9999999999999995e-07 device_ms=0.057291999999999996
PRODUCER_KERNEL_V1 stage=0 raw_iteration=2147483649 ordinal=3 kernel=fct_extract_gas_density threads=504666 begin_tick=1990831628698375 end_tick=1990831628752166 ms_per_tick=9.9999999999999995e-07 device_ms=0.053790999999999999
PRODUCER_KERNEL_V1 stage=0 raw_iteration=2147483649 ordinal=4 kernel=owner_gas_source threads=504666 begin_tick=1990831628779541 end_tick=1990831629092458 ms_per_tick=9.9999999999999995e-07 device_ms=0.312917
PRODUCER_KERNEL_V1 stage=0 raw_iteration=2147483649 ordinal=5 kernel=evaluate_resident_transport threads=504666 begin_tick=1990831628774375 end_tick=1990831629225791 ms_per_tick=9.9999999999999995e-07 device_ms=0.45141599999999998
PRODUCER_KERNEL_V1 stage=0 raw_iteration=2147483649 ordinal=6 kernel=identify_resident_transport threads=1 begin_tick=1990831629226208 end_tick=1990831629229208 ms_per_tick=9.9999999999999995e-07 device_ms=0.0030000000000000001
PRODUCER_KERNEL_V1 stage=0 raw_iteration=2147483649 ordinal=7 kernel=owner_bind_transport threads=1 begin_tick=1990831629229791 end_tick=1990831629233750 ms_per_tick=9.9999999999999995e-07 device_ms=0.0039589999999999998
PRODUCER_KERNEL_V1 stage=0 raw_iteration=2147483649 ordinal=8 kernel=identify_resident_owner_endpoint_class threads=1 begin_tick=1990831629234208 end_tick=1990831629237208 ms_per_tick=9.9999999999999995e-07 device_ms=0.0030000000000000001
PRODUCER_KERNEL_V1 stage=0 raw_iteration=2147483649 ordinal=9 kernel=evaluate_resident_physical_flux threads=1533387 begin_tick=1990831630218416 end_tick=1990831631335500 ms_per_tick=9.9999999999999995e-07 device_ms=1.117084
PRODUCER_KERNEL_V1 stage=0 raw_iteration=2147483649 ordinal=10 kernel=evaluate_resident_advective_pair threads=13800483 begin_tick=1990831631642125 end_tick=1990831638944500 ms_per_tick=9.9999999999999995e-07 device_ms=7.3023749999999996
PRODUCER_KERNEL_V1 stage=0 raw_iteration=2147483649 ordinal=11 kernel=finalize_resident_advective_high threads=13800483 begin_tick=1990831638945291 end_tick=1990831639365375 ms_per_tick=9.9999999999999995e-07 device_ms=0.42008399999999996
PRODUCER_KERNEL_V1 stage=0 raw_iteration=2147483649 ordinal=12 kernel=compose_resident_flux_pair threads=13800483 begin_tick=1990831639365833 end_tick=1990831640255458 ms_per_tick=9.9999999999999995e-07 device_ms=0.889625
PRODUCER_KERNEL_V1 stage=0 raw_iteration=2147483649 ordinal=13 kernel=validate_resident_physical_flux threads=13800483 begin_tick=1990831640256125 end_tick=1990831641257833 ms_per_tick=9.9999999999999995e-07 device_ms=1.001708
PRODUCER_KERNEL_V1 stage=0 raw_iteration=2147483649 ordinal=14 kernel=identify_resident_physical_flux threads=32 begin_tick=1990831641258583 end_tick=1990831641262333 ms_per_tick=9.9999999999999995e-07 device_ms=0.0037499999999999999
PRODUCER_KERNEL_V1 stage=0 raw_iteration=2147483649 ordinal=15 kernel=fct_build_ratios threads=5551326 begin_tick=1990831641262875 end_tick=1990831644855000 ms_per_tick=9.9999999999999995e-07 device_ms=3.5921249999999998
PRODUCER_KERNEL_V1 stage=0 raw_iteration=2147483649 ordinal=16 kernel=fct_build_face_alpha threads=1533387 begin_tick=1990831644855625 end_tick=1990831645116958 ms_per_tick=9.9999999999999995e-07 device_ms=0.26133299999999998
PRODUCER_KERNEL_V1 stage=0 raw_iteration=2147483649 ordinal=17 kernel=fct_commit_scalar threads=504666 begin_tick=1990831645117500 end_tick=1990831645304375 ms_per_tick=9.9999999999999995e-07 device_ms=0.18687499999999999
PRODUCER_KERNEL_V1 stage=0 raw_iteration=2147483649 ordinal=18 kernel=owner_bind_candidate threads=1 begin_tick=1990831645304958 end_tick=1990831645308625 ms_per_tick=9.9999999999999995e-07 device_ms=0.0036669999999999997
PRODUCER_KERNEL_V1 stage=0 raw_iteration=2147483649 ordinal=19 kernel=finalize_resident_eos_candidate threads=1 begin_tick=1990831645309208 end_tick=1990831645312083 ms_per_tick=9.9999999999999995e-07 device_ms=0.002875
PRODUCER_KERNEL_V1 stage=0 raw_iteration=2147483649 ordinal=20 kernel=build_eos_endpoint_table threads=14 begin_tick=1990831645312708 end_tick=1990831645604208 ms_per_tick=9.9999999999999995e-07 device_ms=0.29149999999999998
PRODUCER_KERNEL_V1 stage=0 raw_iteration=2147483649 ordinal=21 kernel=evaluate_resident_eos_candidate threads=504666 begin_tick=1990831645604625 end_tick=1990831709871083 ms_per_tick=9.9999999999999995e-07 device_ms=64.266458
PRODUCER_KERNEL_V1 stage=0 raw_iteration=2147483649 ordinal=22 kernel=finalize_resident_eos_candidate threads=1 begin_tick=1990831709887750 end_tick=1990831709890500 ms_per_tick=9.9999999999999995e-07 device_ms=0.0027499999999999998
PRODUCER_KERNEL_V1 stage=0 raw_iteration=2147483649 ordinal=23 kernel=identify_resident_eos threads=1 begin_tick=1990831709890833 end_tick=1990831709893625 ms_per_tick=9.9999999999999995e-07 device_ms=0.0027919999999999998
PRODUCER_KERNEL_V1 stage=0 raw_iteration=2147483649 ordinal=24 kernel=produce_resident_frozen_source threads=504666 begin_tick=1990831709893916 end_tick=1990831709925708 ms_per_tick=9.9999999999999995e-07 device_ms=0.031792000000000001
PRODUCER_KERNEL_V1 stage=0 raw_iteration=2147483649 ordinal=25 kernel=identify_resident_frozen_source threads=1 begin_tick=1990831709926125 end_tick=1990831709932208 ms_per_tick=9.9999999999999995e-07 device_ms=0.0060829999999999999
PRODUCER_KERNEL_V1 stage=0 raw_iteration=2147483649 ordinal=26 kernel=evaluate_resident_target_terms threads=504666 begin_tick=1990831709932625 end_tick=1990831823932375 ms_per_tick=9.9999999999999995e-07 device_ms=113.99974999999999
PRODUCER_KERNEL_V1 stage=0 raw_iteration=2147483649 ordinal=27 kernel=finalize_resident_target threads=1 begin_tick=1990831823946625 end_tick=1990831823949916 ms_per_tick=9.9999999999999995e-07 device_ms=0.0032909999999999997
PRODUCER_KERNEL_V1 stage=0 raw_iteration=2147483649 ordinal=28 kernel=identify_resident_target threads=1 begin_tick=1990831823950250 end_tick=1990831823953375 ms_per_tick=9.9999999999999995e-07 device_ms=0.0031249999999999997
PRODUCER_KERNEL_V1 stage=0 raw_iteration=2147483649 ordinal=29 kernel=issue_resident_projection_consumer threads=1 begin_tick=1990831823953750 end_tick=1990831823957833 ms_per_tick=9.9999999999999995e-07 device_ms=0.0040829999999999998
PRODUCER_KERNEL_V1 stage=0 raw_iteration=2147483649 ordinal=30 kernel=consume_resident_target threads=1 begin_tick=1990831823958583 end_tick=1990831823962750 ms_per_tick=9.9999999999999995e-07 device_ms=0.0041669999999999997
PRODUCER_KERNEL_V1 stage=0 raw_iteration=2147483649 ordinal=31 kernel=owner_compose_target threads=504666 begin_tick=1990831823963125 end_tick=1990831824043833 ms_per_tick=9.9999999999999995e-07 device_ms=0.080708000000000002
PRODUCER_KERNEL_V1 stage=0 raw_iteration=2147483649 ordinal=32 kernel=finalize_resident_target threads=1 begin_tick=1990831824044250 end_tick=1990831824047000 ms_per_tick=9.9999999999999995e-07 device_ms=0.0027499999999999998
PRODUCER_KERNEL_V1 stage=0 raw_iteration=2147483649 ordinal=33 kernel=owner_identify_target threads=1 begin_tick=1990831824047333 end_tick=1990831824050458 ms_per_tick=9.9999999999999995e-07 device_ms=0.0031249999999999997
PRODUCER_KERNEL_V1 stage=0 raw_iteration=2147483649 ordinal=34 kernel=issue_resident_projection_consumer threads=1 begin_tick=1990831824050750 end_tick=1990831824053916 ms_per_tick=9.9999999999999995e-07 device_ms=0.003166
PRODUCER_KERNEL_V1 stage=0 raw_iteration=2147483649 ordinal=35 kernel=consume_resident_target threads=1 begin_tick=1990831824054208 end_tick=1990831824057333 ms_per_tick=9.9999999999999995e-07 device_ms=0.0031249999999999997
PRODUCER_KERNEL_V1 stage=0 raw_iteration=2147483649 ordinal=36 kernel=owner_issue_stage_seal threads=1 begin_tick=1990831824057791 end_tick=1990831824060666 ms_per_tick=9.9999999999999995e-07 device_ms=0.002875
PRODUCER_KERNEL_V1 stage=0 raw_iteration=2147483649 ordinal=37 kernel=fct_compatible_stage_rate threads=1533387 begin_tick=1990831824061166 end_tick=1990831824581458 ms_per_tick=9.9999999999999995e-07 device_ms=0.52029199999999998
PRODUCER_KERNEL_V1 stage=0 raw_iteration=2147483649 ordinal=38 kernel=owner_predict_momentum threads=1533387 begin_tick=1990831824582125 end_tick=1990831824630875 ms_per_tick=9.9999999999999995e-07 device_ms=0.048749999999999995
RISE_FIRE_OWNER_PROFILE_V1 {"scope":26,"parent":21,"phase":"BuildStageProducerGroup","stage":0,"raw_iteration":2147483649,"iteration_kind":"terminal","wall_ms":277.190584000,"device_sum_ms":195.998916868,"wall_minus_device_ms":81.191667132,"exclusive_wall_ms":277.190584000,"exclusive_device_sum_ms":195.998916868,"child_observer_wall_ms":0.000000000,"count_scope":"inclusive","owner_commits":1,"projection_invocations":0}
RISE_FIRE_OWNER_PROFILE_V1 {"scope":27,"parent":21,"phase":"AlphaResidual","stage":0,"raw_iteration":2147483649,"iteration_kind":"terminal","wall_ms":0.210208000,"device_sum_ms":0.054833479,"wall_minus_device_ms":0.155374521,"exclusive_wall_ms":0.210208000,"exclusive_device_sum_ms":0.054833479,"child_observer_wall_ms":0.000000000,"count_scope":"inclusive","owner_commits":1,"projection_invocations":0}
RISE_FIRE_OWNER_PROFILE_V1 {"scope":28,"parent":21,"phase":"Residual","stage":0,"raw_iteration":2147483649,"iteration_kind":"terminal","wall_ms":0.282875000,"device_sum_ms":0.114249997,"wall_minus_device_ms":0.168625003,"exclusive_wall_ms":0.282875000,"exclusive_device_sum_ms":0.114249997,"child_observer_wall_ms":0.000000000,"count_scope":"inclusive","owner_commits":1,"projection_invocations":0}
RISE_FIRE_OWNER_PROFILE_V1 {"scope":21,"parent":14,"phase":"TerminalVerification","stage":0,"raw_iteration":2147483649,"iteration_kind":"terminal","wall_ms":290.370042000,"device_sum_ms":205.190000124,"wall_minus_device_ms":85.180041876,"exclusive_wall_ms":0.004084000,"exclusive_device_sum_ms":0.000000000,"child_observer_wall_ms":0.033792000,"count_scope":"inclusive","owner_commits":7,"projection_invocations":1}
RISE_FIRE_OWNER_PROFILE_V1 {"scope":14,"parent":3,"phase":"PicardIteration","stage":0,"raw_iteration":1,"iteration_kind":"picard","wall_ms":584.816208000,"device_sum_ms":413.719541393,"wall_minus_device_ms":171.096666607,"exclusive_wall_ms":0.374291000,"exclusive_device_sum_ms":0.000000000,"child_observer_wall_ms":0.034583000,"count_scope":"inclusive","owner_commits":13,"projection_invocations":2}
RISE_FIRE_OWNER_PROFILE_V1 {"scope":3,"parent":1,"phase":"SolveStage","stage":0,"raw_iteration":4294967295,"iteration_kind":"bootstrap","wall_ms":1189.557000000,"device_sum_ms":842.536082724,"wall_minus_device_ms":347.020917276,"exclusive_wall_ms":1.596250000,"exclusive_device_sum_ms":0.000000000,"child_observer_wall_ms":0.040668000,"count_scope":"inclusive","owner_commits":22,"projection_invocations":4}
RISE_FIRE_OWNER_PROFILE_V1 {"scope":31,"parent":30,"phase":"ProjectionAdapter","stage":1,"raw_iteration":4294967295,"iteration_kind":"bootstrap","wall_ms":11.701583000,"device_sum_ms":8.995000040,"wall_minus_device_ms":2.706582960,"exclusive_wall_ms":11.701583000,"exclusive_device_sum_ms":8.995000040,"child_observer_wall_ms":0.000000000,"count_scope":"inclusive","owner_commits":0,"projection_invocations":1}
RISE_FIRE_OWNER_PROFILE_V1 {"scope":30,"parent":29,"phase":"Project","stage":1,"raw_iteration":4294967295,"iteration_kind":"bootstrap","wall_ms":12.212916000,"device_sum_ms":9.037291398,"wall_minus_device_ms":3.175624602,"exclusive_wall_ms":0.505958000,"exclusive_device_sum_ms":0.042291358,"child_observer_wall_ms":0.005375000,"count_scope":"inclusive","owner_commits":2,"projection_invocations":1}
PRODUCER_COMMAND_V1 stage=1 raw_iteration=4294967295 cpu_begin=1990831839628750 cpu_end=1990832118554375 gpu_begin=1990831839628750 gpu_end=1990832118554375 device_ms=197.28637509979308 encoders=42 interval_scope=possibly_overlapping
PRODUCER_KERNEL_V1 stage=1 raw_iteration=4294967295 ordinal=0 kernel=owner_pack_faces threads=1533387 begin_tick=1990831921288541 end_tick=1990831921339291 ms_per_tick=9.9999999999999995e-07 device_ms=0.050749999999999997
PRODUCER_KERNEL_V1 stage=1 raw_iteration=4294967295 ordinal=1 kernel=owner_pack_faces threads=1533387 begin_tick=1990831921359125 end_tick=1990831921410625 ms_per_tick=9.9999999999999995e-07 device_ms=0.051499999999999997
PRODUCER_KERNEL_V1 stage=1 raw_iteration=4294967295 ordinal=2 kernel=owner_pack_faces threads=1533387 begin_tick=1990831921504250 end_tick=1990831921585333 ms_per_tick=9.9999999999999995e-07 device_ms=0.081083000000000002
PRODUCER_KERNEL_V1 stage=1 raw_iteration=4294967295 ordinal=3 kernel=fct_extract_gas_density threads=504666 begin_tick=1990831921532333 end_tick=1990831921580375 ms_per_tick=9.9999999999999995e-07 device_ms=0.048041999999999994
PRODUCER_KERNEL_V1 stage=1 raw_iteration=4294967295 ordinal=4 kernel=owner_gas_source threads=504666 begin_tick=1990831921584583 end_tick=1990831921630083 ms_per_tick=9.9999999999999995e-07 device_ms=0.045499999999999999
PRODUCER_KERNEL_V1 stage=1 raw_iteration=4294967295 ordinal=5 kernel=evaluate_resident_transport threads=504666 begin_tick=1990831921707416 end_tick=1990831922152708 ms_per_tick=9.9999999999999995e-07 device_ms=0.44529199999999997
PRODUCER_KERNEL_V1 stage=1 raw_iteration=4294967295 ordinal=6 kernel=identify_resident_transport threads=1 begin_tick=1990831922153083 end_tick=1990831922155875 ms_per_tick=9.9999999999999995e-07 device_ms=0.0027919999999999998
PRODUCER_KERNEL_V1 stage=1 raw_iteration=4294967295 ordinal=7 kernel=owner_bind_transport threads=1 begin_tick=1990831922156333 end_tick=1990831922160000 ms_per_tick=9.9999999999999995e-07 device_ms=0.0036669999999999997
PRODUCER_KERNEL_V1 stage=1 raw_iteration=4294967295 ordinal=8 kernel=identify_resident_owner_endpoint_class threads=1 begin_tick=1990831922160333 end_tick=1990831922163500 ms_per_tick=9.9999999999999995e-07 device_ms=0.0031669999999999997
PRODUCER_KERNEL_V1 stage=1 raw_iteration=4294967295 ordinal=9 kernel=evaluate_resident_physical_flux threads=1533387 begin_tick=1990831923166166 end_tick=1990831924610541 ms_per_tick=9.9999999999999995e-07 device_ms=1.444375
PRODUCER_KERNEL_V1 stage=1 raw_iteration=4294967295 ordinal=10 kernel=evaluate_resident_advective_pair threads=13800483 begin_tick=1990831924675541 end_tick=1990831932008583 ms_per_tick=9.9999999999999995e-07 device_ms=7.3330419999999998
PRODUCER_KERNEL_V1 stage=1 raw_iteration=4294967295 ordinal=11 kernel=finalize_resident_advective_high threads=13800483 begin_tick=1990831932009375 end_tick=1990831932427958 ms_per_tick=9.9999999999999995e-07 device_ms=0.41858299999999998
PRODUCER_KERNEL_V1 stage=1 raw_iteration=4294967295 ordinal=12 kernel=compose_resident_flux_pair threads=13800483 begin_tick=1990831932428333 end_tick=1990831933300250 ms_per_tick=9.9999999999999995e-07 device_ms=0.87191699999999994
PRODUCER_KERNEL_V1 stage=1 raw_iteration=4294967295 ordinal=13 kernel=validate_resident_physical_flux threads=13800483 begin_tick=1990831933300791 end_tick=1990831934189166 ms_per_tick=9.9999999999999995e-07 device_ms=0.88837499999999991
PRODUCER_KERNEL_V1 stage=1 raw_iteration=4294967295 ordinal=14 kernel=identify_resident_physical_flux threads=32 begin_tick=1990831934189875 end_tick=1990831934193666 ms_per_tick=9.9999999999999995e-07 device_ms=0.0037909999999999997
PRODUCER_KERNEL_V1 stage=1 raw_iteration=4294967295 ordinal=15 kernel=owner_average_flux threads=13800483 begin_tick=1990831934194250 end_tick=1990831935002916 ms_per_tick=9.9999999999999995e-07 device_ms=0.808666
PRODUCER_KERNEL_V1 stage=1 raw_iteration=4294967295 ordinal=16 kernel=owner_bind_averaged_flux threads=1 begin_tick=1990831935003416 end_tick=1990831935007250 ms_per_tick=9.9999999999999995e-07 device_ms=0.0038339999999999997
PRODUCER_KERNEL_V1 stage=1 raw_iteration=4294967295 ordinal=17 kernel=fct_build_ratios threads=5551326 begin_tick=1990831935007750 end_tick=1990831938901875 ms_per_tick=9.9999999999999995e-07 device_ms=3.8941249999999998
PRODUCER_KERNEL_V1 stage=1 raw_iteration=4294967295 ordinal=18 kernel=fct_build_face_alpha threads=1533387 begin_tick=1990831938902458 end_tick=1990831939168083 ms_per_tick=9.9999999999999995e-07 device_ms=0.265625
PRODUCER_KERNEL_V1 stage=1 raw_iteration=4294967295 ordinal=19 kernel=fct_commit_scalar threads=504666 begin_tick=1990831939168750 end_tick=1990831939356416 ms_per_tick=9.9999999999999995e-07 device_ms=0.187666
PRODUCER_KERNEL_V1 stage=1 raw_iteration=4294967295 ordinal=20 kernel=owner_bind_candidate threads=1 begin_tick=1990831939356958 end_tick=1990831939363208 ms_per_tick=9.9999999999999995e-07 device_ms=0.0062499999999999995
PRODUCER_KERNEL_V1 stage=1 raw_iteration=4294967295 ordinal=21 kernel=finalize_resident_eos_candidate threads=1 begin_tick=1990831939363750 end_tick=1990831939366291 ms_per_tick=9.9999999999999995e-07 device_ms=0.0025409999999999999
PRODUCER_KERNEL_V1 stage=1 raw_iteration=4294967295 ordinal=22 kernel=build_eos_endpoint_table threads=14 begin_tick=1990831939366750 end_tick=1990831939657875 ms_per_tick=9.9999999999999995e-07 device_ms=0.29112499999999997
PRODUCER_KERNEL_V1 stage=1 raw_iteration=4294967295 ordinal=23 kernel=evaluate_resident_eos_candidate threads=504666 begin_tick=1990831939658208 end_tick=1990832003146833 ms_per_tick=9.9999999999999995e-07 device_ms=63.488624999999999
PRODUCER_KERNEL_V1 stage=1 raw_iteration=4294967295 ordinal=24 kernel=finalize_resident_eos_candidate threads=1 begin_tick=1990832003162583 end_tick=1990832003169041 ms_per_tick=9.9999999999999995e-07 device_ms=0.0064579999999999993
PRODUCER_KERNEL_V1 stage=1 raw_iteration=4294967295 ordinal=25 kernel=identify_resident_eos threads=1 begin_tick=1990832003169458 end_tick=1990832003172208 ms_per_tick=9.9999999999999995e-07 device_ms=0.0027499999999999998
PRODUCER_KERNEL_V1 stage=1 raw_iteration=4294967295 ordinal=26 kernel=produce_resident_frozen_source threads=504666 begin_tick=1990832003172500 end_tick=1990832003204125 ms_per_tick=9.9999999999999995e-07 device_ms=0.031625
PRODUCER_KERNEL_V1 stage=1 raw_iteration=4294967295 ordinal=27 kernel=identify_resident_frozen_source threads=1 begin_tick=1990832003204500 end_tick=1990832003207291 ms_per_tick=9.9999999999999995e-07 device_ms=0.0027910000000000001
PRODUCER_KERNEL_V1 stage=1 raw_iteration=4294967295 ordinal=28 kernel=evaluate_resident_target_terms threads=504666 begin_tick=1990832003207583 end_tick=1990832117204041 ms_per_tick=9.9999999999999995e-07 device_ms=113.99645799999999
PRODUCER_KERNEL_V1 stage=1 raw_iteration=4294967295 ordinal=29 kernel=finalize_resident_target threads=1 begin_tick=1990832117218666 end_tick=1990832117221750 ms_per_tick=9.9999999999999995e-07 device_ms=0.0030839999999999999
PRODUCER_KERNEL_V1 stage=1 raw_iteration=4294967295 ordinal=30 kernel=identify_resident_target threads=1 begin_tick=1990832117222083 end_tick=1990832117225208 ms_per_tick=9.9999999999999995e-07 device_ms=0.0031249999999999997
PRODUCER_KERNEL_V1 stage=1 raw_iteration=4294967295 ordinal=31 kernel=issue_resident_projection_consumer threads=1 begin_tick=1990832117225500 end_tick=1990832117229833 ms_per_tick=9.9999999999999995e-07 device_ms=0.004333
PRODUCER_KERNEL_V1 stage=1 raw_iteration=4294967295 ordinal=32 kernel=consume_resident_target threads=1 begin_tick=1990832117230166 end_tick=1990832117237375 ms_per_tick=9.9999999999999995e-07 device_ms=0.0072089999999999993
PRODUCER_KERNEL_V1 stage=1 raw_iteration=4294967295 ordinal=33 kernel=owner_compose_target threads=504666 begin_tick=1990832117237791 end_tick=1990832117268666 ms_per_tick=9.9999999999999995e-07 device_ms=0.030875
PRODUCER_KERNEL_V1 stage=1 raw_iteration=4294967295 ordinal=34 kernel=finalize_resident_target threads=1 begin_tick=1990832117269000 end_tick=1990832117274583 ms_per_tick=9.9999999999999995e-07 device_ms=0.0055829999999999994
PRODUCER_KERNEL_V1 stage=1 raw_iteration=4294967295 ordinal=35 kernel=owner_identify_target threads=1 begin_tick=1990832117274916 end_tick=1990832117277833 ms_per_tick=9.9999999999999995e-07 device_ms=0.0029169999999999999
PRODUCER_KERNEL_V1 stage=1 raw_iteration=4294967295 ordinal=36 kernel=issue_resident_projection_consumer threads=1 begin_tick=1990832117278250 end_tick=1990832117281375 ms_per_tick=9.9999999999999995e-07 device_ms=0.0031249999999999997
PRODUCER_KERNEL_V1 stage=1 raw_iteration=4294967295 ordinal=37 kernel=consume_resident_target threads=1 begin_tick=1990832117281791 end_tick=1990832117284791 ms_per_tick=9.9999999999999995e-07 device_ms=0.0030000000000000001
PRODUCER_KERNEL_V1 stage=1 raw_iteration=4294967295 ordinal=38 kernel=owner_issue_stage_seal threads=1 begin_tick=1990832117285208 end_tick=1990832117292458 ms_per_tick=9.9999999999999995e-07 device_ms=0.0072499999999999995
PRODUCER_KERNEL_V1 stage=1 raw_iteration=4294967295 ordinal=39 kernel=fct_compatible_stage_rate threads=1533387 begin_tick=1990832117292833 end_tick=1990832117799083 ms_per_tick=9.9999999999999995e-07 device_ms=0.50624999999999998
PRODUCER_KERNEL_V1 stage=1 raw_iteration=4294967295 ordinal=40 kernel=fct_compatible_stage_rate threads=1533387 begin_tick=1990832117799708 end_tick=1990832118347458 ms_per_tick=9.9999999999999995e-07 device_ms=0.54774999999999996
PRODUCER_KERNEL_V1 stage=1 raw_iteration=4294967295 ordinal=41 kernel=owner_heun_momentum threads=1533387 begin_tick=1990832118347958 end_tick=1990832118439500 ms_per_tick=9.9999999999999995e-07 device_ms=0.091541999999999998
RISE_FIRE_OWNER_PROFILE_V1 {"scope":32,"parent":29,"phase":"BuildStageProducerGroup","stage":1,"raw_iteration":4294967295,"iteration_kind":"bootstrap","wall_ms":279.092417000,"device_sum_ms":197.286375100,"wall_minus_device_ms":81.806041900,"exclusive_wall_ms":279.092417000,"exclusive_device_sum_ms":197.286375100,"child_observer_wall_ms":0.000000000,"count_scope":"inclusive","owner_commits":1,"projection_invocations":0}
RISE_FIRE_OWNER_PROFILE_V1 {"scope":35,"parent":34,"phase":"ProjectionAdapter","stage":1,"raw_iteration":0,"iteration_kind":"picard","wall_ms":12.295833000,"device_sum_ms":9.408999933,"wall_minus_device_ms":2.886833067,"exclusive_wall_ms":12.295833000,"exclusive_device_sum_ms":9.408999933,"child_observer_wall_ms":0.000000000,"count_scope":"inclusive","owner_commits":0,"projection_invocations":1}
RISE_FIRE_OWNER_PROFILE_V1 {"scope":34,"parent":33,"phase":"Project","stage":1,"raw_iteration":0,"iteration_kind":"picard","wall_ms":12.884541000,"device_sum_ms":9.451874765,"wall_minus_device_ms":3.432666235,"exclusive_wall_ms":0.580249000,"exclusive_device_sum_ms":0.042874832,"child_observer_wall_ms":0.008459000,"count_scope":"inclusive","owner_commits":2,"projection_invocations":1}
RISE_FIRE_OWNER_PROFILE_V1 {"scope":36,"parent":33,"phase":"ReadOpenClass","stage":1,"raw_iteration":0,"iteration_kind":"picard","wall_ms":0.156750000,"device_sum_ms":0.002624933,"wall_minus_device_ms":0.154125067,"exclusive_wall_ms":0.156750000,"exclusive_device_sum_ms":0.002624933,"child_observer_wall_ms":0.000000000,"count_scope":"inclusive","owner_commits":1,"projection_invocations":0}
RISE_FIRE_OWNER_PROFILE_V1 {"scope":37,"parent":33,"phase":"ReadOpenClass","stage":1,"raw_iteration":0,"iteration_kind":"picard","wall_ms":0.142125000,"device_sum_ms":0.002416782,"wall_minus_device_ms":0.139708218,"exclusive_wall_ms":0.142125000,"exclusive_device_sum_ms":0.002416782,"child_observer_wall_ms":0.000000000,"count_scope":"inclusive","owner_commits":1,"projection_invocations":0}
PRODUCER_COMMAND_V1 stage=1 raw_iteration=0 cpu_begin=1990832131933791 cpu_end=1990832412817666 gpu_begin=1990832131933791 gpu_end=1990832412817666 device_ms=198.96125001832843 encoders=42 interval_scope=possibly_overlapping
PRODUCER_KERNEL_V1 stage=1 raw_iteration=0 ordinal=0 kernel=owner_pack_faces threads=1533387 begin_tick=1990832213738541 end_tick=1990832213793041 ms_per_tick=9.9999999999999995e-07 device_ms=0.0545
PRODUCER_KERNEL_V1 stage=1 raw_iteration=0 ordinal=1 kernel=owner_pack_faces threads=1533387 begin_tick=1990832213792791 end_tick=1990832214135041 ms_per_tick=9.9999999999999995e-07 device_ms=0.34225
PRODUCER_KERNEL_V1 stage=1 raw_iteration=0 ordinal=2 kernel=owner_pack_faces threads=1533387 begin_tick=1990832213736250 end_tick=1990832213792791 ms_per_tick=9.9999999999999995e-07 device_ms=0.056540999999999994
PRODUCER_KERNEL_V1 stage=1 raw_iteration=0 ordinal=3 kernel=fct_extract_gas_density threads=504666 begin_tick=1990832213793583 end_tick=1990832213846750 ms_per_tick=9.9999999999999995e-07 device_ms=0.053166999999999999
PRODUCER_KERNEL_V1 stage=1 raw_iteration=0 ordinal=4 kernel=owner_gas_source threads=504666 begin_tick=1990832214135416 end_tick=1990832214298541 ms_per_tick=9.9999999999999995e-07 device_ms=0.16312499999999999
PRODUCER_KERNEL_V1 stage=1 raw_iteration=0 ordinal=5 kernel=evaluate_resident_transport threads=504666 begin_tick=1990832213846750 end_tick=1990832214308666 ms_per_tick=9.9999999999999995e-07 device_ms=0.46191599999999999
PRODUCER_KERNEL_V1 stage=1 raw_iteration=0 ordinal=6 kernel=identify_resident_transport threads=1 begin_tick=1990832214309083 end_tick=1990832214312250 ms_per_tick=9.9999999999999995e-07 device_ms=0.0031669999999999997
PRODUCER_KERNEL_V1 stage=1 raw_iteration=0 ordinal=7 kernel=owner_bind_transport threads=1 begin_tick=1990832214312833 end_tick=1990832214316500 ms_per_tick=9.9999999999999995e-07 device_ms=0.0036669999999999997
PRODUCER_KERNEL_V1 stage=1 raw_iteration=0 ordinal=8 kernel=identify_resident_owner_endpoint_class threads=1 begin_tick=1990832214316916 end_tick=1990832214320166 ms_per_tick=9.9999999999999995e-07 device_ms=0.0032499999999999999
PRODUCER_KERNEL_V1 stage=1 raw_iteration=0 ordinal=9 kernel=evaluate_resident_physical_flux threads=1533387 begin_tick=1990832215213625 end_tick=1990832216553916 ms_per_tick=9.9999999999999995e-07 device_ms=1.3402909999999999
PRODUCER_KERNEL_V1 stage=1 raw_iteration=0 ordinal=10 kernel=evaluate_resident_advective_pair threads=13800483 begin_tick=1990832216546916 end_tick=1990832223890166 ms_per_tick=9.9999999999999995e-07 device_ms=7.3432499999999994
PRODUCER_KERNEL_V1 stage=1 raw_iteration=0 ordinal=11 kernel=finalize_resident_advective_high threads=13800483 begin_tick=1990832223890791 end_tick=1990832224318750 ms_per_tick=9.9999999999999995e-07 device_ms=0.42795899999999998
PRODUCER_KERNEL_V1 stage=1 raw_iteration=0 ordinal=12 kernel=compose_resident_flux_pair threads=13800483 begin_tick=1990832224319125 end_tick=1990832225278916 ms_per_tick=9.9999999999999995e-07 device_ms=0.95979099999999995
PRODUCER_KERNEL_V1 stage=1 raw_iteration=0 ordinal=13 kernel=validate_resident_physical_flux threads=13800483 begin_tick=1990832225279416 end_tick=1990832226109041 ms_per_tick=9.9999999999999995e-07 device_ms=0.82962499999999995
PRODUCER_KERNEL_V1 stage=1 raw_iteration=0 ordinal=14 kernel=identify_resident_physical_flux threads=32 begin_tick=1990832226109666 end_tick=1990832226115833 ms_per_tick=9.9999999999999995e-07 device_ms=0.0061669999999999997
PRODUCER_KERNEL_V1 stage=1 raw_iteration=0 ordinal=15 kernel=owner_average_flux threads=13800483 begin_tick=1990832226116375 end_tick=1990832226909541 ms_per_tick=9.9999999999999995e-07 device_ms=0.79316599999999993
PRODUCER_KERNEL_V1 stage=1 raw_iteration=0 ordinal=16 kernel=owner_bind_averaged_flux threads=1 begin_tick=1990832226910083 end_tick=1990832226914041 ms_per_tick=9.9999999999999995e-07 device_ms=0.0039579999999999997
PRODUCER_KERNEL_V1 stage=1 raw_iteration=0 ordinal=17 kernel=fct_build_ratios threads=5551326 begin_tick=1990832226914625 end_tick=1990832230536416 ms_per_tick=9.9999999999999995e-07 device_ms=3.621791
PRODUCER_KERNEL_V1 stage=1 raw_iteration=0 ordinal=18 kernel=fct_build_face_alpha threads=1533387 begin_tick=1990832230537083 end_tick=1990832230803041 ms_per_tick=9.9999999999999995e-07 device_ms=0.26595799999999997
PRODUCER_KERNEL_V1 stage=1 raw_iteration=0 ordinal=19 kernel=fct_commit_scalar threads=504666 begin_tick=1990832230803750 end_tick=1990832230992416 ms_per_tick=9.9999999999999995e-07 device_ms=0.188666
PRODUCER_KERNEL_V1 stage=1 raw_iteration=0 ordinal=20 kernel=owner_bind_candidate threads=1 begin_tick=1990832230993000 end_tick=1990832230997125 ms_per_tick=9.9999999999999995e-07 device_ms=0.0041250000000000002
PRODUCER_KERNEL_V1 stage=1 raw_iteration=0 ordinal=21 kernel=finalize_resident_eos_candidate threads=1 begin_tick=1990832230997708 end_tick=1990832231000291 ms_per_tick=9.9999999999999995e-07 device_ms=0.0025829999999999998
PRODUCER_KERNEL_V1 stage=1 raw_iteration=0 ordinal=22 kernel=build_eos_endpoint_table threads=14 begin_tick=1990832231000750 end_tick=1990832231292791 ms_per_tick=9.9999999999999995e-07 device_ms=0.292041
PRODUCER_KERNEL_V1 stage=1 raw_iteration=0 ordinal=23 kernel=evaluate_resident_eos_candidate threads=504666 begin_tick=1990832231293166 end_tick=1990832297055125 ms_per_tick=9.9999999999999995e-07 device_ms=65.76195899999999
PRODUCER_KERNEL_V1 stage=1 raw_iteration=0 ordinal=24 kernel=finalize_resident_eos_candidate threads=1 begin_tick=1990832297070541 end_tick=1990832297076750 ms_per_tick=9.9999999999999995e-07 device_ms=0.0062090000000000001
PRODUCER_KERNEL_V1 stage=1 raw_iteration=0 ordinal=25 kernel=identify_resident_eos threads=1 begin_tick=1990832297077166 end_tick=1990832297080000 ms_per_tick=9.9999999999999995e-07 device_ms=0.0028339999999999997
PRODUCER_KERNEL_V1 stage=1 raw_iteration=0 ordinal=26 kernel=produce_resident_frozen_source threads=504666 begin_tick=1990832297080416 end_tick=1990832297112125 ms_per_tick=9.9999999999999995e-07 device_ms=0.031709000000000001
PRODUCER_KERNEL_V1 stage=1 raw_iteration=0 ordinal=27 kernel=identify_resident_frozen_source threads=1 begin_tick=1990832297112541 end_tick=1990832297115458 ms_per_tick=9.9999999999999995e-07 device_ms=0.0029169999999999999
PRODUCER_KERNEL_V1 stage=1 raw_iteration=0 ordinal=28 kernel=evaluate_resident_target_terms threads=504666 begin_tick=1990832297115875 end_tick=1990832411458416 ms_per_tick=9.9999999999999995e-07 device_ms=114.342541
PRODUCER_KERNEL_V1 stage=1 raw_iteration=0 ordinal=29 kernel=finalize_resident_target threads=1 begin_tick=1990832411473041 end_tick=1990832411476166 ms_per_tick=9.9999999999999995e-07 device_ms=0.0031249999999999997
PRODUCER_KERNEL_V1 stage=1 raw_iteration=0 ordinal=30 kernel=identify_resident_target threads=1 begin_tick=1990832411476583 end_tick=1990832411479541 ms_per_tick=9.9999999999999995e-07 device_ms=0.0029579999999999997
PRODUCER_KERNEL_V1 stage=1 raw_iteration=0 ordinal=31 kernel=issue_resident_projection_consumer threads=1 begin_tick=1990832411479958 end_tick=1990832411484166 ms_per_tick=9.9999999999999995e-07 device_ms=0.0042079999999999999
PRODUCER_KERNEL_V1 stage=1 raw_iteration=0 ordinal=32 kernel=consume_resident_target threads=1 begin_tick=1990832411484541 end_tick=1990832411488416 ms_per_tick=9.9999999999999995e-07 device_ms=0.003875
PRODUCER_KERNEL_V1 stage=1 raw_iteration=0 ordinal=33 kernel=owner_compose_target threads=504666 begin_tick=1990832411488791 end_tick=1990832411568500 ms_per_tick=9.9999999999999995e-07 device_ms=0.079709000000000002
PRODUCER_KERNEL_V1 stage=1 raw_iteration=0 ordinal=34 kernel=finalize_resident_target threads=1 begin_tick=1990832411568916 end_tick=1990832411571458 ms_per_tick=9.9999999999999995e-07 device_ms=0.002542
PRODUCER_KERNEL_V1 stage=1 raw_iteration=0 ordinal=35 kernel=owner_identify_target threads=1 begin_tick=1990832411571875 end_tick=1990832411574875 ms_per_tick=9.9999999999999995e-07 device_ms=0.0030000000000000001
PRODUCER_KERNEL_V1 stage=1 raw_iteration=0 ordinal=36 kernel=issue_resident_projection_consumer threads=1 begin_tick=1990832411575291 end_tick=1990832411578083 ms_per_tick=9.9999999999999995e-07 device_ms=0.0027919999999999998
PRODUCER_KERNEL_V1 stage=1 raw_iteration=0 ordinal=37 kernel=consume_resident_target threads=1 begin_tick=1990832411578500 end_tick=1990832411581708 ms_per_tick=9.9999999999999995e-07 device_ms=0.0032079999999999999
PRODUCER_KERNEL_V1 stage=1 raw_iteration=0 ordinal=38 kernel=owner_issue_stage_seal threads=1 begin_tick=1990832411582125 end_tick=1990832411585208 ms_per_tick=9.9999999999999995e-07 device_ms=0.0030829999999999998
PRODUCER_KERNEL_V1 stage=1 raw_iteration=0 ordinal=39 kernel=fct_compatible_stage_rate threads=1533387 begin_tick=1990832411585708 end_tick=1990832412097083 ms_per_tick=9.9999999999999995e-07 device_ms=0.51137500000000002
PRODUCER_KERNEL_V1 stage=1 raw_iteration=0 ordinal=40 kernel=fct_compatible_stage_rate threads=1533387 begin_tick=1990832412097500 end_tick=1990832412597375 ms_per_tick=9.9999999999999995e-07 device_ms=0.49987499999999996
PRODUCER_KERNEL_V1 stage=1 raw_iteration=0 ordinal=41 kernel=owner_heun_momentum threads=1533387 begin_tick=1990832412597958 end_tick=1990832412691083 ms_per_tick=9.9999999999999995e-07 device_ms=0.093124999999999999
RISE_FIRE_OWNER_PROFILE_V1 {"scope":38,"parent":33,"phase":"BuildStageProducerGroup","stage":1,"raw_iteration":0,"iteration_kind":"picard","wall_ms":281.045000000,"device_sum_ms":198.961250018,"wall_minus_device_ms":82.083749982,"exclusive_wall_ms":281.045000000,"exclusive_device_sum_ms":198.961250018,"child_observer_wall_ms":0.000000000,"count_scope":"inclusive","owner_commits":1,"projection_invocations":0}
RISE_FIRE_OWNER_PROFILE_V1 {"scope":39,"parent":33,"phase":"Residual","stage":1,"raw_iteration":0,"iteration_kind":"picard","wall_ms":0.212292000,"device_sum_ms":0.022375025,"wall_minus_device_ms":0.189916975,"exclusive_wall_ms":0.212292000,"exclusive_device_sum_ms":0.022375025,"child_observer_wall_ms":0.000000000,"count_scope":"inclusive","owner_commits":1,"projection_invocations":0}
RISE_FIRE_OWNER_PROFILE_V1 {"scope":33,"parent":29,"phase":"PicardIteration","stage":1,"raw_iteration":0,"iteration_kind":"picard","wall_ms":294.852166000,"device_sum_ms":208.440541523,"wall_minus_device_ms":86.411624477,"exclusive_wall_ms":0.384333000,"exclusive_device_sum_ms":0.000000000,"child_observer_wall_ms":0.027125000,"count_scope":"inclusive","owner_commits":6,"projection_invocations":1}
RISE_FIRE_OWNER_PROFILE_V1 {"scope":42,"parent":41,"phase":"ProjectionAdapter","stage":1,"raw_iteration":1,"iteration_kind":"picard","wall_ms":11.959750000,"device_sum_ms":9.135291446,"wall_minus_device_ms":2.824458554,"exclusive_wall_ms":11.959750000,"exclusive_device_sum_ms":9.135291446,"child_observer_wall_ms":0.000000000,"count_scope":"inclusive","owner_commits":0,"projection_invocations":1}
RISE_FIRE_OWNER_PROFILE_V1 {"scope":41,"parent":40,"phase":"Project","stage":1,"raw_iteration":1,"iteration_kind":"picard","wall_ms":13.443167000,"device_sum_ms":9.189208038,"wall_minus_device_ms":4.253958962,"exclusive_wall_ms":1.476833000,"exclusive_device_sum_ms":0.053916592,"child_observer_wall_ms":0.006584000,"count_scope":"inclusive","owner_commits":2,"projection_invocations":1}
RISE_FIRE_OWNER_PROFILE_V1 {"scope":43,"parent":40,"phase":"ReadOpenClass","stage":1,"raw_iteration":1,"iteration_kind":"picard","wall_ms":0.156791000,"device_sum_ms":0.002500135,"wall_minus_device_ms":0.154290865,"exclusive_wall_ms":0.156791000,"exclusive_device_sum_ms":0.002500135,"child_observer_wall_ms":0.000000000,"count_scope":"inclusive","owner_commits":1,"projection_invocations":0}
RISE_FIRE_OWNER_PROFILE_V1 {"scope":44,"parent":40,"phase":"ReadOpenClass","stage":1,"raw_iteration":1,"iteration_kind":"picard","wall_ms":0.148833000,"device_sum_ms":0.002500135,"wall_minus_device_ms":0.146332865,"exclusive_wall_ms":0.148833000,"exclusive_device_sum_ms":0.002500135,"child_observer_wall_ms":0.000000000,"count_scope":"inclusive","owner_commits":1,"projection_invocations":0}
PRODUCER_COMMAND_V1 stage=1 raw_iteration=1 cpu_begin=1990832427356708 cpu_end=1990832706026416 gpu_begin=1990832427356708 gpu_end=1990832706026416 device_ms=197.35749997198582 encoders=42 interval_scope=possibly_overlapping
PRODUCER_KERNEL_V1 stage=1 raw_iteration=1 ordinal=0 kernel=owner_pack_faces threads=1533387 begin_tick=1990832508672458 end_tick=1990832508724041 ms_per_tick=9.9999999999999995e-07 device_ms=0.051582999999999997
PRODUCER_KERNEL_V1 stage=1 raw_iteration=1 ordinal=1 kernel=owner_pack_faces threads=1533387 begin_tick=1990832508773708 end_tick=1990832508824458 ms_per_tick=9.9999999999999995e-07 device_ms=0.050749999999999997
PRODUCER_KERNEL_V1 stage=1 raw_iteration=1 ordinal=2 kernel=owner_pack_faces threads=1533387 begin_tick=1990832508855291 end_tick=1990832508931291 ms_per_tick=9.9999999999999995e-07 device_ms=0.075999999999999998
PRODUCER_KERNEL_V1 stage=1 raw_iteration=1 ordinal=3 kernel=fct_extract_gas_density threads=504666 begin_tick=1990832508894833 end_tick=1990832508944000 ms_per_tick=9.9999999999999995e-07 device_ms=0.049166999999999995
PRODUCER_KERNEL_V1 stage=1 raw_iteration=1 ordinal=4 kernel=owner_gas_source threads=504666 begin_tick=1990832508970708 end_tick=1990832509012916 ms_per_tick=9.9999999999999995e-07 device_ms=0.042207999999999996
PRODUCER_KERNEL_V1 stage=1 raw_iteration=1 ordinal=5 kernel=evaluate_resident_transport threads=504666 begin_tick=1990832509032375 end_tick=1990832509484500 ms_per_tick=9.9999999999999995e-07 device_ms=0.452125
PRODUCER_KERNEL_V1 stage=1 raw_iteration=1 ordinal=6 kernel=identify_resident_transport threads=1 begin_tick=1990832509484916 end_tick=1990832509487875 ms_per_tick=9.9999999999999995e-07 device_ms=0.0029589999999999998
PRODUCER_KERNEL_V1 stage=1 raw_iteration=1 ordinal=7 kernel=owner_bind_transport threads=1 begin_tick=1990832509488416 end_tick=1990832509492250 ms_per_tick=9.9999999999999995e-07 device_ms=0.0038339999999999997
PRODUCER_KERNEL_V1 stage=1 raw_iteration=1 ordinal=8 kernel=identify_resident_owner_endpoint_class threads=1 begin_tick=1990832509492666 end_tick=1990832509495583 ms_per_tick=9.9999999999999995e-07 device_ms=0.0029169999999999999
PRODUCER_KERNEL_V1 stage=1 raw_iteration=1 ordinal=9 kernel=evaluate_resident_physical_flux threads=1533387 begin_tick=1990832510405583 end_tick=1990832511751000 ms_per_tick=9.9999999999999995e-07 device_ms=1.3454169999999999
PRODUCER_KERNEL_V1 stage=1 raw_iteration=1 ordinal=10 kernel=evaluate_resident_advective_pair threads=13800483 begin_tick=1990832511748500 end_tick=1990832518877166 ms_per_tick=9.9999999999999995e-07 device_ms=7.1286659999999999
PRODUCER_KERNEL_V1 stage=1 raw_iteration=1 ordinal=11 kernel=finalize_resident_advective_high threads=13800483 begin_tick=1990832518877750 end_tick=1990832519295375 ms_per_tick=9.9999999999999995e-07 device_ms=0.41762499999999997
PRODUCER_KERNEL_V1 stage=1 raw_iteration=1 ordinal=12 kernel=compose_resident_flux_pair threads=13800483 begin_tick=1990832519295708 end_tick=1990832520313000 ms_per_tick=9.9999999999999995e-07 device_ms=1.0172919999999999
PRODUCER_KERNEL_V1 stage=1 raw_iteration=1 ordinal=13 kernel=validate_resident_physical_flux threads=13800483 begin_tick=1990832520313541 end_tick=1990832521340250 ms_per_tick=9.9999999999999995e-07 device_ms=1.0267089999999999
PRODUCER_KERNEL_V1 stage=1 raw_iteration=1 ordinal=14 kernel=identify_resident_physical_flux threads=32 begin_tick=1990832521341000 end_tick=1990832521344625 ms_per_tick=9.9999999999999995e-07 device_ms=0.0036249999999999998
PRODUCER_KERNEL_V1 stage=1 raw_iteration=1 ordinal=15 kernel=owner_average_flux threads=13800483 begin_tick=1990832521345208 end_tick=1990832522147791 ms_per_tick=9.9999999999999995e-07 device_ms=0.80258299999999994
PRODUCER_KERNEL_V1 stage=1 raw_iteration=1 ordinal=16 kernel=owner_bind_averaged_flux threads=1 begin_tick=1990832522148333 end_tick=1990832522152458 ms_per_tick=9.9999999999999995e-07 device_ms=0.0041250000000000002
PRODUCER_KERNEL_V1 stage=1 raw_iteration=1 ordinal=17 kernel=fct_build_ratios threads=5551326 begin_tick=1990832522152916 end_tick=1990832525853291 ms_per_tick=9.9999999999999995e-07 device_ms=3.7003749999999997
PRODUCER_KERNEL_V1 stage=1 raw_iteration=1 ordinal=18 kernel=fct_build_face_alpha threads=1533387 begin_tick=1990832525867833 end_tick=1990832526134625 ms_per_tick=9.9999999999999995e-07 device_ms=0.26679199999999997
PRODUCER_KERNEL_V1 stage=1 raw_iteration=1 ordinal=19 kernel=fct_commit_scalar threads=504666 begin_tick=1990832526135291 end_tick=1990832526323083 ms_per_tick=9.9999999999999995e-07 device_ms=0.18779199999999999
PRODUCER_KERNEL_V1 stage=1 raw_iteration=1 ordinal=20 kernel=owner_bind_candidate threads=1 begin_tick=1990832526323625 end_tick=1990832526327750 ms_per_tick=9.9999999999999995e-07 device_ms=0.0041250000000000002
PRODUCER_KERNEL_V1 stage=1 raw_iteration=1 ordinal=21 kernel=finalize_resident_eos_candidate threads=1 begin_tick=1990832526328291 end_tick=1990832526330708 ms_per_tick=9.9999999999999995e-07 device_ms=0.0024169999999999999
PRODUCER_KERNEL_V1 stage=1 raw_iteration=1 ordinal=22 kernel=build_eos_endpoint_table threads=14 begin_tick=1990832526331458 end_tick=1990832526623291 ms_per_tick=9.9999999999999995e-07 device_ms=0.29183300000000001
PRODUCER_KERNEL_V1 stage=1 raw_iteration=1 ordinal=23 kernel=evaluate_resident_eos_candidate threads=504666 begin_tick=1990832526623625 end_tick=1990832590445208 ms_per_tick=9.9999999999999995e-07 device_ms=63.821582999999997
PRODUCER_KERNEL_V1 stage=1 raw_iteration=1 ordinal=24 kernel=finalize_resident_eos_candidate threads=1 begin_tick=1990832590461500 end_tick=1990832590467458 ms_per_tick=9.9999999999999995e-07 device_ms=0.0059579999999999998
PRODUCER_KERNEL_V1 stage=1 raw_iteration=1 ordinal=25 kernel=identify_resident_eos threads=1 begin_tick=1990832590467791 end_tick=1990832590470583 ms_per_tick=9.9999999999999995e-07 device_ms=0.0027919999999999998
PRODUCER_KERNEL_V1 stage=1 raw_iteration=1 ordinal=26 kernel=produce_resident_frozen_source threads=504666 begin_tick=1990832590471000 end_tick=1990832590502208 ms_per_tick=9.9999999999999995e-07 device_ms=0.031208
PRODUCER_KERNEL_V1 stage=1 raw_iteration=1 ordinal=27 kernel=identify_resident_frozen_source threads=1 begin_tick=1990832590502625 end_tick=1990832590505541 ms_per_tick=9.9999999999999995e-07 device_ms=0.0029159999999999998
PRODUCER_KERNEL_V1 stage=1 raw_iteration=1 ordinal=28 kernel=evaluate_resident_target_terms threads=504666 begin_tick=1990832590505916 end_tick=1990832704669750 ms_per_tick=9.9999999999999995e-07 device_ms=114.16383399999999
PRODUCER_KERNEL_V1 stage=1 raw_iteration=1 ordinal=29 kernel=finalize_resident_target threads=1 begin_tick=1990832704684041 end_tick=1990832704686916 ms_per_tick=9.9999999999999995e-07 device_ms=0.002875
PRODUCER_KERNEL_V1 stage=1 raw_iteration=1 ordinal=30 kernel=identify_resident_target threads=1 begin_tick=1990832704687333 end_tick=1990832704690541 ms_per_tick=9.9999999999999995e-07 device_ms=0.0032079999999999999
PRODUCER_KERNEL_V1 stage=1 raw_iteration=1 ordinal=31 kernel=issue_resident_projection_consumer threads=1 begin_tick=1990832704690958 end_tick=1990832704695083 ms_per_tick=9.9999999999999995e-07 device_ms=0.0041250000000000002
PRODUCER_KERNEL_V1 stage=1 raw_iteration=1 ordinal=32 kernel=consume_resident_target threads=1 begin_tick=1990832704695500 end_tick=1990832704699458 ms_per_tick=9.9999999999999995e-07 device_ms=0.0039579999999999997
PRODUCER_KERNEL_V1 stage=1 raw_iteration=1 ordinal=33 kernel=owner_compose_target threads=504666 begin_tick=1990832704699875 end_tick=1990832704779375 ms_per_tick=9.9999999999999995e-07 device_ms=0.079500000000000001
PRODUCER_KERNEL_V1 stage=1 raw_iteration=1 ordinal=34 kernel=finalize_resident_target threads=1 begin_tick=1990832704779708 end_tick=1990832704782375 ms_per_tick=9.9999999999999995e-07 device_ms=0.0026669999999999997
PRODUCER_KERNEL_V1 stage=1 raw_iteration=1 ordinal=35 kernel=owner_identify_target threads=1 begin_tick=1990832704782791 end_tick=1990832704785708 ms_per_tick=9.9999999999999995e-07 device_ms=0.0029169999999999999
PRODUCER_KERNEL_V1 stage=1 raw_iteration=1 ordinal=36 kernel=issue_resident_projection_consumer threads=1 begin_tick=1990832704786083 end_tick=1990832704789166 ms_per_tick=9.9999999999999995e-07 device_ms=0.0030829999999999998
PRODUCER_KERNEL_V1 stage=1 raw_iteration=1 ordinal=37 kernel=consume_resident_target threads=1 begin_tick=1990832704789583 end_tick=1990832704792625 ms_per_tick=9.9999999999999995e-07 device_ms=0.003042
PRODUCER_KERNEL_V1 stage=1 raw_iteration=1 ordinal=38 kernel=owner_issue_stage_seal threads=1 begin_tick=1990832704793000 end_tick=1990832704796000 ms_per_tick=9.9999999999999995e-07 device_ms=0.0030000000000000001
PRODUCER_KERNEL_V1 stage=1 raw_iteration=1 ordinal=39 kernel=fct_compatible_stage_rate threads=1533387 begin_tick=1990832704796375 end_tick=1990832705314791 ms_per_tick=9.9999999999999995e-07 device_ms=0.51841599999999999
PRODUCER_KERNEL_V1 stage=1 raw_iteration=1 ordinal=40 kernel=fct_compatible_stage_rate threads=1533387 begin_tick=1990832705315458 end_tick=1990832705813791 ms_per_tick=9.9999999999999995e-07 device_ms=0.49833299999999997
PRODUCER_KERNEL_V1 stage=1 raw_iteration=1 ordinal=41 kernel=owner_heun_momentum threads=1533387 begin_tick=1990832705814208 end_tick=1990832705905500 ms_per_tick=9.9999999999999995e-07 device_ms=0.091291999999999998
RISE_FIRE_OWNER_PROFILE_V1 {"scope":45,"parent":40,"phase":"BuildStageProducerGroup","stage":1,"raw_iteration":1,"iteration_kind":"picard","wall_ms":278.820292000,"device_sum_ms":197.357499972,"wall_minus_device_ms":81.462792028,"exclusive_wall_ms":278.820292000,"exclusive_device_sum_ms":197.357499972,"child_observer_wall_ms":0.000000000,"count_scope":"inclusive","owner_commits":1,"projection_invocations":0}
RISE_FIRE_OWNER_PROFILE_V1 {"scope":46,"parent":40,"phase":"Residual","stage":1,"raw_iteration":1,"iteration_kind":"picard","wall_ms":0.299958000,"device_sum_ms":0.112124952,"wall_minus_device_ms":0.187833048,"exclusive_wall_ms":0.299958000,"exclusive_device_sum_ms":0.112124952,"child_observer_wall_ms":0.000000000,"count_scope":"inclusive","owner_commits":1,"projection_invocations":0}
RISE_FIRE_OWNER_PROFILE_V1 {"scope":49,"parent":48,"phase":"ProjectionAdapter","stage":1,"raw_iteration":2147483649,"iteration_kind":"terminal","wall_ms":11.866042000,"device_sum_ms":8.990749950,"wall_minus_device_ms":2.875292050,"exclusive_wall_ms":11.866042000,"exclusive_device_sum_ms":8.990749950,"child_observer_wall_ms":0.000000000,"count_scope":"inclusive","owner_commits":0,"projection_invocations":1}
RISE_FIRE_OWNER_PROFILE_V1 {"scope":48,"parent":47,"phase":"Project","stage":1,"raw_iteration":2147483649,"iteration_kind":"terminal","wall_ms":12.450375000,"device_sum_ms":9.048041655,"wall_minus_device_ms":3.402333345,"exclusive_wall_ms":0.569875000,"exclusive_device_sum_ms":0.057291705,"child_observer_wall_ms":0.014458000,"count_scope":"inclusive","owner_commits":2,"projection_invocations":1}
RISE_FIRE_OWNER_PROFILE_V1 {"scope":50,"parent":47,"phase":"ReadOpenClass","stage":1,"raw_iteration":2147483649,"iteration_kind":"terminal","wall_ms":0.164750000,"device_sum_ms":0.002499903,"wall_minus_device_ms":0.162250097,"exclusive_wall_ms":0.164750000,"exclusive_device_sum_ms":0.002499903,"child_observer_wall_ms":0.000000000,"count_scope":"inclusive","owner_commits":1,"projection_invocations":0}
RISE_FIRE_OWNER_PROFILE_V1 {"scope":51,"parent":47,"phase":"ReadOpenClass","stage":1,"raw_iteration":2147483649,"iteration_kind":"terminal","wall_ms":0.155375000,"device_sum_ms":0.002333429,"wall_minus_device_ms":0.153041571,"exclusive_wall_ms":0.155375000,"exclusive_device_sum_ms":0.002333429,"child_observer_wall_ms":0.000000000,"count_scope":"inclusive","owner_commits":1,"projection_invocations":0}
PRODUCER_COMMAND_V1 stage=1 raw_iteration=2147483649 cpu_begin=1990832719277666 cpu_end=1990832998692833 gpu_begin=1990832719277666 gpu_end=1990832998692833 device_ms=198.29762494191527 encoders=42 interval_scope=possibly_overlapping
PRODUCER_KERNEL_V1 stage=1 raw_iteration=2147483649 ordinal=0 kernel=owner_pack_faces threads=1533387 begin_tick=1990832800303375 end_tick=1990832800363541 ms_per_tick=9.9999999999999995e-07 device_ms=0.060165999999999997
PRODUCER_KERNEL_V1 stage=1 raw_iteration=2147483649 ordinal=1 kernel=owner_pack_faces threads=1533387 begin_tick=1990832800363541 end_tick=1990832800699833 ms_per_tick=9.9999999999999995e-07 device_ms=0.33629199999999998
PRODUCER_KERNEL_V1 stage=1 raw_iteration=2147483649 ordinal=2 kernel=owner_pack_faces threads=1533387 begin_tick=1990832800302500 end_tick=1990832800363708 ms_per_tick=9.9999999999999995e-07 device_ms=0.061207999999999999
PRODUCER_KERNEL_V1 stage=1 raw_iteration=2147483649 ordinal=3 kernel=fct_extract_gas_density threads=504666 begin_tick=1990832800364083 end_tick=1990832800418708 ms_per_tick=9.9999999999999995e-07 device_ms=0.054625
PRODUCER_KERNEL_V1 stage=1 raw_iteration=2147483649 ordinal=4 kernel=owner_gas_source threads=504666 begin_tick=1990832800700166 end_tick=1990832800876166 ms_per_tick=9.9999999999999995e-07 device_ms=0.17599999999999999
PRODUCER_KERNEL_V1 stage=1 raw_iteration=2147483649 ordinal=5 kernel=evaluate_resident_transport threads=504666 begin_tick=1990832800418708 end_tick=1990832800888416 ms_per_tick=9.9999999999999995e-07 device_ms=0.46970799999999996
PRODUCER_KERNEL_V1 stage=1 raw_iteration=2147483649 ordinal=6 kernel=identify_resident_transport threads=1 begin_tick=1990832800888791 end_tick=1990832800892375 ms_per_tick=9.9999999999999995e-07 device_ms=0.0035839999999999999
PRODUCER_KERNEL_V1 stage=1 raw_iteration=2147483649 ordinal=7 kernel=owner_bind_transport threads=1 begin_tick=1990832800892958 end_tick=1990832800896791 ms_per_tick=9.9999999999999995e-07 device_ms=0.003833
PRODUCER_KERNEL_V1 stage=1 raw_iteration=2147483649 ordinal=8 kernel=identify_resident_owner_endpoint_class threads=1 begin_tick=1990832800897208 end_tick=1990832800900916 ms_per_tick=9.9999999999999995e-07 device_ms=0.0037079999999999999
PRODUCER_KERNEL_V1 stage=1 raw_iteration=2147483649 ordinal=9 kernel=evaluate_resident_physical_flux threads=1533387 begin_tick=1990832801604750 end_tick=1990832802981333 ms_per_tick=9.9999999999999995e-07 device_ms=1.3765829999999999
PRODUCER_KERNEL_V1 stage=1 raw_iteration=2147483649 ordinal=10 kernel=evaluate_resident_advective_pair threads=13800483 begin_tick=1990832802995541 end_tick=1990832810287333 ms_per_tick=9.9999999999999995e-07 device_ms=7.2917920000000001
PRODUCER_KERNEL_V1 stage=1 raw_iteration=2147483649 ordinal=11 kernel=finalize_resident_advective_high threads=13800483 begin_tick=1990832810307166 end_tick=1990832810731208 ms_per_tick=9.9999999999999995e-07 device_ms=0.42404199999999997
PRODUCER_KERNEL_V1 stage=1 raw_iteration=2147483649 ordinal=12 kernel=compose_resident_flux_pair threads=13800483 begin_tick=1990832810731583 end_tick=1990832811734750 ms_per_tick=9.9999999999999995e-07 device_ms=1.0031669999999999
PRODUCER_KERNEL_V1 stage=1 raw_iteration=2147483649 ordinal=13 kernel=validate_resident_physical_flux threads=13800483 begin_tick=1990832811735416 end_tick=1990832812561458 ms_per_tick=9.9999999999999995e-07 device_ms=0.82604199999999994
PRODUCER_KERNEL_V1 stage=1 raw_iteration=2147483649 ordinal=14 kernel=identify_resident_physical_flux threads=32 begin_tick=1990832812562125 end_tick=1990832812565666 ms_per_tick=9.9999999999999995e-07 device_ms=0.0035409999999999999
PRODUCER_KERNEL_V1 stage=1 raw_iteration=2147483649 ordinal=15 kernel=owner_average_flux threads=13800483 begin_tick=1990832812566208 end_tick=1990832813363166 ms_per_tick=9.9999999999999995e-07 device_ms=0.79695799999999994
PRODUCER_KERNEL_V1 stage=1 raw_iteration=2147483649 ordinal=16 kernel=owner_bind_averaged_flux threads=1 begin_tick=1990832813363791 end_tick=1990832813367875 ms_per_tick=9.9999999999999995e-07 device_ms=0.004084
PRODUCER_KERNEL_V1 stage=1 raw_iteration=2147483649 ordinal=17 kernel=fct_build_ratios threads=5551326 begin_tick=1990832813368208 end_tick=1990832816970916 ms_per_tick=9.9999999999999995e-07 device_ms=3.6027079999999998
PRODUCER_KERNEL_V1 stage=1 raw_iteration=2147483649 ordinal=18 kernel=fct_build_face_alpha threads=1533387 begin_tick=1990832816971583 end_tick=1990832817234583 ms_per_tick=9.9999999999999995e-07 device_ms=0.26300000000000001
PRODUCER_KERNEL_V1 stage=1 raw_iteration=2147483649 ordinal=19 kernel=fct_commit_scalar threads=504666 begin_tick=1990832817235291 end_tick=1990832817425083 ms_per_tick=9.9999999999999995e-07 device_ms=0.18979199999999999
PRODUCER_KERNEL_V1 stage=1 raw_iteration=2147483649 ordinal=20 kernel=owner_bind_candidate threads=1 begin_tick=1990832817425750 end_tick=1990832817429500 ms_per_tick=9.9999999999999995e-07 device_ms=0.0037499999999999999
PRODUCER_KERNEL_V1 stage=1 raw_iteration=2147483649 ordinal=21 kernel=finalize_resident_eos_candidate threads=1 begin_tick=1990832817430000 end_tick=1990832817432458 ms_per_tick=9.9999999999999995e-07 device_ms=0.0024579999999999997
PRODUCER_KERNEL_V1 stage=1 raw_iteration=2147483649 ordinal=22 kernel=build_eos_endpoint_table threads=14 begin_tick=1990832817432875 end_tick=1990832817723958 ms_per_tick=9.9999999999999995e-07 device_ms=0.29108299999999998
PRODUCER_KERNEL_V1 stage=1 raw_iteration=2147483649 ordinal=23 kernel=evaluate_resident_eos_candidate threads=504666 begin_tick=1990832817724375 end_tick=1990832883023458 ms_per_tick=9.9999999999999995e-07 device_ms=65.299082999999996
PRODUCER_KERNEL_V1 stage=1 raw_iteration=2147483649 ordinal=24 kernel=finalize_resident_eos_candidate threads=1 begin_tick=1990832883038500 end_tick=1990832883041208 ms_per_tick=9.9999999999999995e-07 device_ms=0.0027079999999999999
PRODUCER_KERNEL_V1 stage=1 raw_iteration=2147483649 ordinal=25 kernel=identify_resident_eos threads=1 begin_tick=1990832883041625 end_tick=1990832883044500 ms_per_tick=9.9999999999999995e-07 device_ms=0.002875
PRODUCER_KERNEL_V1 stage=1 raw_iteration=2147483649 ordinal=26 kernel=produce_resident_frozen_source threads=504666 begin_tick=1990832883044833 end_tick=1990832883074916 ms_per_tick=9.9999999999999995e-07 device_ms=0.030082999999999999
PRODUCER_KERNEL_V1 stage=1 raw_iteration=2147483649 ordinal=27 kernel=identify_resident_frozen_source threads=1 begin_tick=1990832883075250 end_tick=1990832883081291 ms_per_tick=9.9999999999999995e-07 device_ms=0.0060409999999999995
PRODUCER_KERNEL_V1 stage=1 raw_iteration=2147483649 ordinal=28 kernel=evaluate_resident_target_terms threads=504666 begin_tick=1990832883081625 end_tick=1990832997365500 ms_per_tick=9.9999999999999995e-07 device_ms=114.28387499999999
PRODUCER_KERNEL_V1 stage=1 raw_iteration=2147483649 ordinal=29 kernel=finalize_resident_target threads=1 begin_tick=1990832997380583 end_tick=1990832997386750 ms_per_tick=9.9999999999999995e-07 device_ms=0.0061669999999999997
PRODUCER_KERNEL_V1 stage=1 raw_iteration=2147483649 ordinal=30 kernel=identify_resident_target threads=1 begin_tick=1990832997387166 end_tick=1990832997390291 ms_per_tick=9.9999999999999995e-07 device_ms=0.0031249999999999997
PRODUCER_KERNEL_V1 stage=1 raw_iteration=2147483649 ordinal=31 kernel=issue_resident_projection_consumer threads=1 begin_tick=1990832997390708 end_tick=1990832997395625 ms_per_tick=9.9999999999999995e-07 device_ms=0.0049169999999999995
PRODUCER_KERNEL_V1 stage=1 raw_iteration=2147483649 ordinal=32 kernel=consume_resident_target threads=1 begin_tick=1990832997396041 end_tick=1990832997400000 ms_per_tick=9.9999999999999995e-07 device_ms=0.0039589999999999998
PRODUCER_KERNEL_V1 stage=1 raw_iteration=2147483649 ordinal=33 kernel=owner_compose_target threads=504666 begin_tick=1990832997400416 end_tick=1990832997480250 ms_per_tick=9.9999999999999995e-07 device_ms=0.079834000000000002
PRODUCER_KERNEL_V1 stage=1 raw_iteration=2147483649 ordinal=34 kernel=finalize_resident_target threads=1 begin_tick=1990832997480541 end_tick=1990832997482916 ms_per_tick=9.9999999999999995e-07 device_ms=0.0023749999999999999
PRODUCER_KERNEL_V1 stage=1 raw_iteration=2147483649 ordinal=35 kernel=owner_identify_target threads=1 begin_tick=1990832997483291 end_tick=1990832997486500 ms_per_tick=9.9999999999999995e-07 device_ms=0.003209
PRODUCER_KERNEL_V1 stage=1 raw_iteration=2147483649 ordinal=36 kernel=issue_resident_projection_consumer threads=1 begin_tick=1990832997486833 end_tick=1990832997489708 ms_per_tick=9.9999999999999995e-07 device_ms=0.002875
PRODUCER_KERNEL_V1 stage=1 raw_iteration=2147483649 ordinal=37 kernel=consume_resident_target threads=1 begin_tick=1990832997490041 end_tick=1990832997493958 ms_per_tick=9.9999999999999995e-07 device_ms=0.0039169999999999995
PRODUCER_KERNEL_V1 stage=1 raw_iteration=2147483649 ordinal=38 kernel=owner_issue_stage_seal threads=1 begin_tick=1990832997494291 end_tick=1990832997497000 ms_per_tick=9.9999999999999995e-07 device_ms=0.002709
PRODUCER_KERNEL_V1 stage=1 raw_iteration=2147483649 ordinal=39 kernel=fct_compatible_stage_rate threads=1533387 begin_tick=1990832997497375 end_tick=1990832998003166 ms_per_tick=9.9999999999999995e-07 device_ms=0.50579099999999999
PRODUCER_KERNEL_V1 stage=1 raw_iteration=2147483649 ordinal=40 kernel=fct_compatible_stage_rate threads=1533387 begin_tick=1990832998003708 end_tick=1990832998501458 ms_per_tick=9.9999999999999995e-07 device_ms=0.49774999999999997
PRODUCER_KERNEL_V1 stage=1 raw_iteration=2147483649 ordinal=41 kernel=owner_heun_momentum threads=1533387 begin_tick=1990832998502000 end_tick=1990832998593708 ms_per_tick=9.9999999999999995e-07 device_ms=0.091707999999999998
RISE_FIRE_OWNER_PROFILE_V1 {"scope":52,"parent":47,"phase":"BuildStageProducerGroup","stage":1,"raw_iteration":2147483649,"iteration_kind":"terminal","wall_ms":279.560291000,"device_sum_ms":198.297624942,"wall_minus_device_ms":81.262666058,"exclusive_wall_ms":279.560291000,"exclusive_device_sum_ms":198.297624942,"child_observer_wall_ms":0.000000000,"count_scope":"inclusive","owner_commits":1,"projection_invocations":0}
RISE_FIRE_OWNER_PROFILE_V1 {"scope":53,"parent":47,"phase":"AlphaResidual","stage":1,"raw_iteration":2147483649,"iteration_kind":"terminal","wall_ms":0.217417000,"device_sum_ms":0.054500066,"wall_minus_device_ms":0.162916934,"exclusive_wall_ms":0.217417000,"exclusive_device_sum_ms":0.054500066,"child_observer_wall_ms":0.000000000,"count_scope":"inclusive","owner_commits":1,"projection_invocations":0}
RISE_FIRE_OWNER_PROFILE_V1 {"scope":54,"parent":47,"phase":"Residual","stage":1,"raw_iteration":2147483649,"iteration_kind":"terminal","wall_ms":0.279042000,"device_sum_ms":0.113041606,"wall_minus_device_ms":0.166000394,"exclusive_wall_ms":0.279042000,"exclusive_device_sum_ms":0.113041606,"child_observer_wall_ms":0.000000000,"count_scope":"inclusive","owner_commits":1,"projection_invocations":0}
RISE_FIRE_OWNER_PROFILE_V1 {"scope":47,"parent":40,"phase":"TerminalVerification","stage":1,"raw_iteration":2147483649,"iteration_kind":"terminal","wall_ms":292.863041000,"device_sum_ms":207.518041600,"wall_minus_device_ms":85.344999400,"exclusive_wall_ms":0.004125000,"exclusive_device_sum_ms":0.000000000,"child_observer_wall_ms":0.031666000,"count_scope":"inclusive","owner_commits":7,"projection_invocations":1}
RISE_FIRE_OWNER_PROFILE_V1 {"scope":40,"parent":29,"phase":"PicardIteration","stage":1,"raw_iteration":1,"iteration_kind":"picard","wall_ms":586.142417000,"device_sum_ms":414.181874832,"wall_minus_device_ms":171.960542168,"exclusive_wall_ms":0.383084000,"exclusive_device_sum_ms":0.000000000,"child_observer_wall_ms":0.027251000,"count_scope":"inclusive","owner_commits":13,"projection_invocations":2}
RISE_FIRE_OWNER_PROFILE_V1 {"scope":29,"parent":1,"phase":"SolveStage","stage":1,"raw_iteration":4294967295,"iteration_kind":"bootstrap","wall_ms":1174.021625000,"device_sum_ms":828.946082853,"wall_minus_device_ms":345.075542147,"exclusive_wall_ms":1.698334000,"exclusive_device_sum_ms":0.000000000,"child_observer_wall_ms":0.023375000,"count_scope":"inclusive","owner_commits":22,"projection_invocations":4}
RISE_FIRE_OWNER_PROFILE_V1 {"scope":57,"parent":56,"phase":"ProjectionAdapter","stage":2,"raw_iteration":4294967295,"iteration_kind":"bootstrap","wall_ms":11.352083000,"device_sum_ms":8.565333206,"wall_minus_device_ms":2.786749794,"exclusive_wall_ms":11.352083000,"exclusive_device_sum_ms":8.565333206,"child_observer_wall_ms":0.000000000,"count_scope":"inclusive","owner_commits":0,"projection_invocations":1}
RISE_FIRE_OWNER_PROFILE_V1 {"scope":56,"parent":55,"phase":"Project","stage":2,"raw_iteration":4294967295,"iteration_kind":"bootstrap","wall_ms":11.844958000,"device_sum_ms":8.605208248,"wall_minus_device_ms":3.239749752,"exclusive_wall_ms":0.484250000,"exclusive_device_sum_ms":0.039875042,"child_observer_wall_ms":0.008625000,"count_scope":"inclusive","owner_commits":2,"projection_invocations":1}
PRODUCER_COMMAND_V1 stage=2 raw_iteration=4294967295 cpu_begin=1990833014009250 cpu_end=1990833287704458 gpu_begin=1990833014009250 gpu_end=1990833287704458 device_ms=192.414625082165 encoders=36 interval_scope=possibly_overlapping
PRODUCER_KERNEL_V1 stage=2 raw_iteration=4294967295 ordinal=0 kernel=owner_pack_faces threads=1533387 begin_tick=1990833095177666 end_tick=1990833095236583 ms_per_tick=9.9999999999999995e-07 device_ms=0.058916999999999997
PRODUCER_KERNEL_V1 stage=2 raw_iteration=4294967295 ordinal=1 kernel=owner_pack_faces threads=1533387 begin_tick=1990833095236458 end_tick=1990833095529416 ms_per_tick=9.9999999999999995e-07 device_ms=0.292958
PRODUCER_KERNEL_V1 stage=2 raw_iteration=4294967295 ordinal=2 kernel=owner_pack_faces threads=1533387 begin_tick=1990833095175541 end_tick=1990833095236458 ms_per_tick=9.9999999999999995e-07 device_ms=0.060916999999999999
PRODUCER_KERNEL_V1 stage=2 raw_iteration=4294967295 ordinal=3 kernel=fct_extract_gas_density threads=504666 begin_tick=1990833095237083 end_tick=1990833095289083 ms_per_tick=9.9999999999999995e-07 device_ms=0.051999999999999998
PRODUCER_KERNEL_V1 stage=2 raw_iteration=4294967295 ordinal=4 kernel=owner_gas_source threads=504666 begin_tick=1990833095529916 end_tick=1990833095736875 ms_per_tick=9.9999999999999995e-07 device_ms=0.206959
PRODUCER_KERNEL_V1 stage=2 raw_iteration=4294967295 ordinal=5 kernel=evaluate_resident_transport threads=504666 begin_tick=1990833095292166 end_tick=1990833095749375 ms_per_tick=9.9999999999999995e-07 device_ms=0.45720899999999998
PRODUCER_KERNEL_V1 stage=2 raw_iteration=4294967295 ordinal=6 kernel=identify_resident_transport threads=1 begin_tick=1990833095749875 end_tick=1990833095753375 ms_per_tick=9.9999999999999995e-07 device_ms=0.0034999999999999996
PRODUCER_KERNEL_V1 stage=2 raw_iteration=4294967295 ordinal=7 kernel=owner_bind_transport threads=1 begin_tick=1990833095753916 end_tick=1990833095758416 ms_per_tick=9.9999999999999995e-07 device_ms=0.0044999999999999997
PRODUCER_KERNEL_V1 stage=2 raw_iteration=4294967295 ordinal=8 kernel=identify_resident_owner_endpoint_class threads=1 begin_tick=1990833095758833 end_tick=1990833095762500 ms_per_tick=9.9999999999999995e-07 device_ms=0.0036669999999999997
PRODUCER_KERNEL_V1 stage=2 raw_iteration=4294967295 ordinal=9 kernel=evaluate_resident_physical_flux threads=1533387 begin_tick=1990833096768750 end_tick=1990833098106625 ms_per_tick=9.9999999999999995e-07 device_ms=1.3378749999999999
PRODUCER_KERNEL_V1 stage=2 raw_iteration=4294967295 ordinal=10 kernel=evaluate_resident_advective_pair threads=13800483 begin_tick=1990833098196000 end_tick=1990833105535916 ms_per_tick=9.9999999999999995e-07 device_ms=7.3399159999999997
PRODUCER_KERNEL_V1 stage=2 raw_iteration=4294967295 ordinal=11 kernel=finalize_resident_advective_high threads=13800483 begin_tick=1990833105554250 end_tick=1990833105973625 ms_per_tick=9.9999999999999995e-07 device_ms=0.419375
PRODUCER_KERNEL_V1 stage=2 raw_iteration=4294967295 ordinal=12 kernel=compose_resident_flux_pair threads=13800483 begin_tick=1990833105973958 end_tick=1990833106862750 ms_per_tick=9.9999999999999995e-07 device_ms=0.88879199999999992
PRODUCER_KERNEL_V1 stage=2 raw_iteration=4294967295 ordinal=13 kernel=validate_resident_physical_flux threads=13800483 begin_tick=1990833106863250 end_tick=1990833107715083 ms_per_tick=9.9999999999999995e-07 device_ms=0.85183299999999995
PRODUCER_KERNEL_V1 stage=2 raw_iteration=4294967295 ordinal=14 kernel=identify_resident_physical_flux threads=32 begin_tick=1990833107715875 end_tick=1990833107719833 ms_per_tick=9.9999999999999995e-07 device_ms=0.0039579999999999997
PRODUCER_KERNEL_V1 stage=2 raw_iteration=4294967295 ordinal=15 kernel=owner_bind_candidate threads=1 begin_tick=1990833107720333 end_tick=1990833107723875 ms_per_tick=9.9999999999999995e-07 device_ms=0.003542
PRODUCER_KERNEL_V1 stage=2 raw_iteration=4294967295 ordinal=16 kernel=finalize_resident_eos_candidate threads=1 begin_tick=1990833107724208 end_tick=1990833107726458 ms_per_tick=9.9999999999999995e-07 device_ms=0.0022499999999999998
PRODUCER_KERNEL_V1 stage=2 raw_iteration=4294967295 ordinal=17 kernel=build_eos_endpoint_table threads=14 begin_tick=1990833107727166 end_tick=1990833108018750 ms_per_tick=9.9999999999999995e-07 device_ms=0.29158400000000001
PRODUCER_KERNEL_V1 stage=2 raw_iteration=4294967295 ordinal=18 kernel=evaluate_resident_eos_candidate threads=504666 begin_tick=1990833108019083 end_tick=1990833172591666 ms_per_tick=9.9999999999999995e-07 device_ms=64.572582999999995
PRODUCER_KERNEL_V1 stage=2 raw_iteration=4294967295 ordinal=19 kernel=finalize_resident_eos_candidate threads=1 begin_tick=1990833172612208 end_tick=1990833172615166 ms_per_tick=9.9999999999999995e-07 device_ms=0.0029579999999999997
PRODUCER_KERNEL_V1 stage=2 raw_iteration=4294967295 ordinal=20 kernel=identify_resident_eos threads=1 begin_tick=1990833172615500 end_tick=1990833172618041 ms_per_tick=9.9999999999999995e-07 device_ms=0.0025409999999999999
PRODUCER_KERNEL_V1 stage=2 raw_iteration=4294967295 ordinal=21 kernel=produce_resident_frozen_source threads=504666 begin_tick=1990833172618500 end_tick=1990833172649083 ms_per_tick=9.9999999999999995e-07 device_ms=0.030582999999999999
PRODUCER_KERNEL_V1 stage=2 raw_iteration=4294967295 ordinal=22 kernel=identify_resident_frozen_source threads=1 begin_tick=1990833172649458 end_tick=1990833172652250 ms_per_tick=9.9999999999999995e-07 device_ms=0.0027919999999999998
PRODUCER_KERNEL_V1 stage=2 raw_iteration=4294967295 ordinal=23 kernel=evaluate_resident_target_terms threads=504666 begin_tick=1990833172652791 end_tick=1990833286764958 ms_per_tick=9.9999999999999995e-07 device_ms=114.112167
PRODUCER_KERNEL_V1 stage=2 raw_iteration=4294967295 ordinal=24 kernel=finalize_resident_target threads=1 begin_tick=1990833286779833 end_tick=1990833286782666 ms_per_tick=9.9999999999999995e-07 device_ms=0.002833
PRODUCER_KERNEL_V1 stage=2 raw_iteration=4294967295 ordinal=25 kernel=identify_resident_target threads=1 begin_tick=1990833286783083 end_tick=1990833286786291 ms_per_tick=9.9999999999999995e-07 device_ms=0.0032079999999999999
PRODUCER_KERNEL_V1 stage=2 raw_iteration=4294967295 ordinal=26 kernel=issue_resident_projection_consumer threads=1 begin_tick=1990833286786708 end_tick=1990833286790791 ms_per_tick=9.9999999999999995e-07 device_ms=0.0040829999999999998
PRODUCER_KERNEL_V1 stage=2 raw_iteration=4294967295 ordinal=27 kernel=consume_resident_target threads=1 begin_tick=1990833286791208 end_tick=1990833286795333 ms_per_tick=9.9999999999999995e-07 device_ms=0.0041250000000000002
PRODUCER_KERNEL_V1 stage=2 raw_iteration=4294967295 ordinal=28 kernel=owner_compose_target threads=504666 begin_tick=1990833286795750 end_tick=1990833286826416 ms_per_tick=9.9999999999999995e-07 device_ms=0.030665999999999999
PRODUCER_KERNEL_V1 stage=2 raw_iteration=4294967295 ordinal=29 kernel=finalize_resident_target threads=1 begin_tick=1990833286826875 end_tick=1990833286829375 ms_per_tick=9.9999999999999995e-07 device_ms=0.0025000000000000001
PRODUCER_KERNEL_V1 stage=2 raw_iteration=4294967295 ordinal=30 kernel=owner_identify_target threads=1 begin_tick=1990833286829791 end_tick=1990833286832625 ms_per_tick=9.9999999999999995e-07 device_ms=0.0028339999999999997
PRODUCER_KERNEL_V1 stage=2 raw_iteration=4294967295 ordinal=31 kernel=issue_resident_projection_consumer threads=1 begin_tick=1990833286833208 end_tick=1990833286836166 ms_per_tick=9.9999999999999995e-07 device_ms=0.0029579999999999997
PRODUCER_KERNEL_V1 stage=2 raw_iteration=4294967295 ordinal=32 kernel=consume_resident_target threads=1 begin_tick=1990833286836583 end_tick=1990833286839708 ms_per_tick=9.9999999999999995e-07 device_ms=0.0031249999999999997
PRODUCER_KERNEL_V1 stage=2 raw_iteration=4294967295 ordinal=33 kernel=owner_issue_stage_seal threads=1 begin_tick=1990833286840166 end_tick=1990833286843291 ms_per_tick=9.9999999999999995e-07 device_ms=0.0031249999999999997
PRODUCER_KERNEL_V1 stage=2 raw_iteration=4294967295 ordinal=34 kernel=fct_compatible_stage_rate threads=1533387 begin_tick=1990833286843750 end_tick=1990833287490666 ms_per_tick=9.9999999999999995e-07 device_ms=0.64691599999999994
PRODUCER_KERNEL_V1 stage=2 raw_iteration=4294967295 ordinal=35 kernel=owner_heun_momentum threads=1533387 begin_tick=1990833287491333 end_tick=1990833287584250 ms_per_tick=9.9999999999999995e-07 device_ms=0.092917
RISE_FIRE_OWNER_PROFILE_V1 {"scope":58,"parent":55,"phase":"BuildStageProducerGroup","stage":2,"raw_iteration":4294967295,"iteration_kind":"bootstrap","wall_ms":273.839542000,"device_sum_ms":192.414625082,"wall_minus_device_ms":81.424916918,"exclusive_wall_ms":273.839542000,"exclusive_device_sum_ms":192.414625082,"child_observer_wall_ms":0.000000000,"count_scope":"inclusive","owner_commits":1,"projection_invocations":0}
RISE_FIRE_OWNER_PROFILE_V1 {"scope":61,"parent":60,"phase":"ProjectionAdapter","stage":2,"raw_iteration":0,"iteration_kind":"picard","wall_ms":11.866916000,"device_sum_ms":8.975958452,"wall_minus_device_ms":2.890957548,"exclusive_wall_ms":11.866916000,"exclusive_device_sum_ms":8.975958452,"child_observer_wall_ms":0.000000000,"count_scope":"inclusive","owner_commits":0,"projection_invocations":1}
RISE_FIRE_OWNER_PROFILE_V1 {"scope":60,"parent":59,"phase":"Project","stage":2,"raw_iteration":0,"iteration_kind":"picard","wall_ms":12.389500000,"device_sum_ms":9.018666809,"wall_minus_device_ms":3.370833191,"exclusive_wall_ms":0.514500000,"exclusive_device_sum_ms":0.042708358,"child_observer_wall_ms":0.008084000,"count_scope":"inclusive","owner_commits":2,"projection_invocations":1}
RISE_FIRE_OWNER_PROFILE_V1 {"scope":62,"parent":59,"phase":"ReadOpenClass","stage":2,"raw_iteration":0,"iteration_kind":"picard","wall_ms":0.167291000,"device_sum_ms":0.002374873,"wall_minus_device_ms":0.164916127,"exclusive_wall_ms":0.167291000,"exclusive_device_sum_ms":0.002374873,"child_observer_wall_ms":0.000000000,"count_scope":"inclusive","owner_commits":1,"projection_invocations":0}
RISE_FIRE_OWNER_PROFILE_V1 {"scope":63,"parent":59,"phase":"ReadOpenClass","stage":2,"raw_iteration":0,"iteration_kind":"picard","wall_ms":0.157792000,"device_sum_ms":0.002375105,"wall_minus_device_ms":0.155416895,"exclusive_wall_ms":0.157792000,"exclusive_device_sum_ms":0.002375105,"child_observer_wall_ms":0.000000000,"count_scope":"inclusive","owner_commits":1,"projection_invocations":0}
PRODUCER_COMMAND_V1 stage=2 raw_iteration=0 cpu_begin=1990833300580125 cpu_end=1990833573301166 gpu_begin=1990833300580125 gpu_end=1990833573301166 device_ms=191.62041670642793 encoders=36 interval_scope=possibly_overlapping
PRODUCER_KERNEL_V1 stage=2 raw_iteration=0 ordinal=0 kernel=owner_pack_faces threads=1533387 begin_tick=1990833381568208 end_tick=1990833381628291 ms_per_tick=9.9999999999999995e-07 device_ms=0.060082999999999998
PRODUCER_KERNEL_V1 stage=2 raw_iteration=0 ordinal=1 kernel=owner_pack_faces threads=1533387 begin_tick=1990833381628083 end_tick=1990833382064083 ms_per_tick=9.9999999999999995e-07 device_ms=0.436
PRODUCER_KERNEL_V1 stage=2 raw_iteration=0 ordinal=2 kernel=owner_pack_faces threads=1533387 begin_tick=1990833381565250 end_tick=1990833381628083 ms_per_tick=9.9999999999999995e-07 device_ms=0.062833
PRODUCER_KERNEL_V1 stage=2 raw_iteration=0 ordinal=3 kernel=fct_extract_gas_density threads=504666 begin_tick=1990833382064083 end_tick=1990833382087500 ms_per_tick=9.9999999999999995e-07 device_ms=0.023417
PRODUCER_KERNEL_V1 stage=2 raw_iteration=0 ordinal=4 kernel=owner_gas_source threads=504666 begin_tick=1990833382087500 end_tick=1990833382129250 ms_per_tick=9.9999999999999995e-07 device_ms=0.041749999999999995
PRODUCER_KERNEL_V1 stage=2 raw_iteration=0 ordinal=5 kernel=evaluate_resident_transport threads=504666 begin_tick=1990833381628666 end_tick=1990833382137458 ms_per_tick=9.9999999999999995e-07 device_ms=0.50879200000000002
PRODUCER_KERNEL_V1 stage=2 raw_iteration=0 ordinal=6 kernel=identify_resident_transport threads=1 begin_tick=1990833382137875 end_tick=1990833382140750 ms_per_tick=9.9999999999999995e-07 device_ms=0.002875
PRODUCER_KERNEL_V1 stage=2 raw_iteration=0 ordinal=7 kernel=owner_bind_transport threads=1 begin_tick=1990833382141333 end_tick=1990833382145208 ms_per_tick=9.9999999999999995e-07 device_ms=0.003875
PRODUCER_KERNEL_V1 stage=2 raw_iteration=0 ordinal=8 kernel=identify_resident_owner_endpoint_class threads=1 begin_tick=1990833382145625 end_tick=1990833382149083 ms_per_tick=9.9999999999999995e-07 device_ms=0.0034579999999999997
PRODUCER_KERNEL_V1 stage=2 raw_iteration=0 ordinal=9 kernel=evaluate_resident_physical_flux threads=1533387 begin_tick=1990833382967875 end_tick=1990833384312000 ms_per_tick=9.9999999999999995e-07 device_ms=1.344125
PRODUCER_KERNEL_V1 stage=2 raw_iteration=0 ordinal=10 kernel=evaluate_resident_advective_pair threads=13800483 begin_tick=1990833384303583 end_tick=1990833391741958 ms_per_tick=9.9999999999999995e-07 device_ms=7.4383749999999997
PRODUCER_KERNEL_V1 stage=2 raw_iteration=0 ordinal=11 kernel=finalize_resident_advective_high threads=13800483 begin_tick=1990833391759666 end_tick=1990833392179083 ms_per_tick=9.9999999999999995e-07 device_ms=0.41941699999999998
PRODUCER_KERNEL_V1 stage=2 raw_iteration=0 ordinal=12 kernel=compose_resident_flux_pair threads=13800483 begin_tick=1990833392179458 end_tick=1990833393147083 ms_per_tick=9.9999999999999995e-07 device_ms=0.96762499999999996
PRODUCER_KERNEL_V1 stage=2 raw_iteration=0 ordinal=13 kernel=validate_resident_physical_flux threads=13800483 begin_tick=1990833393147750 end_tick=1990833394039291 ms_per_tick=9.9999999999999995e-07 device_ms=0.89154099999999992
PRODUCER_KERNEL_V1 stage=2 raw_iteration=0 ordinal=14 kernel=identify_resident_physical_flux threads=32 begin_tick=1990833394039750 end_tick=1990833394042916 ms_per_tick=9.9999999999999995e-07 device_ms=0.003166
PRODUCER_KERNEL_V1 stage=2 raw_iteration=0 ordinal=15 kernel=owner_bind_candidate threads=1 begin_tick=1990833394043416 end_tick=1990833394046916 ms_per_tick=9.9999999999999995e-07 device_ms=0.0034999999999999996
PRODUCER_KERNEL_V1 stage=2 raw_iteration=0 ordinal=16 kernel=finalize_resident_eos_candidate threads=1 begin_tick=1990833394047333 end_tick=1990833394049791 ms_per_tick=9.9999999999999995e-07 device_ms=0.0024579999999999997
PRODUCER_KERNEL_V1 stage=2 raw_iteration=0 ordinal=17 kernel=build_eos_endpoint_table threads=14 begin_tick=1990833394050500 end_tick=1990833394341208 ms_per_tick=9.9999999999999995e-07 device_ms=0.29070799999999997
PRODUCER_KERNEL_V1 stage=2 raw_iteration=0 ordinal=18 kernel=evaluate_resident_eos_candidate threads=504666 begin_tick=1990833394341625 end_tick=1990833458424875 ms_per_tick=9.9999999999999995e-07 device_ms=64.083249999999992
PRODUCER_KERNEL_V1 stage=2 raw_iteration=0 ordinal=19 kernel=finalize_resident_eos_candidate threads=1 begin_tick=1990833458439833 end_tick=1990833458442541 ms_per_tick=9.9999999999999995e-07 device_ms=0.0027079999999999999
PRODUCER_KERNEL_V1 stage=2 raw_iteration=0 ordinal=20 kernel=identify_resident_eos threads=1 begin_tick=1990833458442958 end_tick=1990833458445625 ms_per_tick=9.9999999999999995e-07 device_ms=0.0026669999999999997
PRODUCER_KERNEL_V1 stage=2 raw_iteration=0 ordinal=21 kernel=produce_resident_frozen_source threads=504666 begin_tick=1990833458446166 end_tick=1990833458477541 ms_per_tick=9.9999999999999995e-07 device_ms=0.031375
PRODUCER_KERNEL_V1 stage=2 raw_iteration=0 ordinal=22 kernel=identify_resident_frozen_source threads=1 begin_tick=1990833458477958 end_tick=1990833458480875 ms_per_tick=9.9999999999999995e-07 device_ms=0.0029169999999999999
PRODUCER_KERNEL_V1 stage=2 raw_iteration=0 ordinal=23 kernel=evaluate_resident_target_terms threads=504666 begin_tick=1990833458481458 end_tick=1990833572486583 ms_per_tick=9.9999999999999995e-07 device_ms=114.00512499999999
PRODUCER_KERNEL_V1 stage=2 raw_iteration=0 ordinal=24 kernel=finalize_resident_target threads=1 begin_tick=1990833572501083 end_tick=1990833572504125 ms_per_tick=9.9999999999999995e-07 device_ms=0.003042
PRODUCER_KERNEL_V1 stage=2 raw_iteration=0 ordinal=25 kernel=identify_resident_target threads=1 begin_tick=1990833572504625 end_tick=1990833572507833 ms_per_tick=9.9999999999999995e-07 device_ms=0.0032079999999999999
PRODUCER_KERNEL_V1 stage=2 raw_iteration=0 ordinal=26 kernel=issue_resident_projection_consumer threads=1 begin_tick=1990833572508250 end_tick=1990833572512458 ms_per_tick=9.9999999999999995e-07 device_ms=0.0042079999999999999
PRODUCER_KERNEL_V1 stage=2 raw_iteration=0 ordinal=27 kernel=consume_resident_target threads=1 begin_tick=1990833572513041 end_tick=1990833572517208 ms_per_tick=9.9999999999999995e-07 device_ms=0.0041669999999999997
PRODUCER_KERNEL_V1 stage=2 raw_iteration=0 ordinal=28 kernel=owner_compose_target threads=504666 begin_tick=1990833572517625 end_tick=1990833572548750 ms_per_tick=9.9999999999999995e-07 device_ms=0.031125
PRODUCER_KERNEL_V1 stage=2 raw_iteration=0 ordinal=29 kernel=finalize_resident_target threads=1 begin_tick=1990833572549291 end_tick=1990833572551875 ms_per_tick=9.9999999999999995e-07 device_ms=0.0025839999999999999
PRODUCER_KERNEL_V1 stage=2 raw_iteration=0 ordinal=30 kernel=owner_identify_target threads=1 begin_tick=1990833572552250 end_tick=1990833572555000 ms_per_tick=9.9999999999999995e-07 device_ms=0.0027499999999999998
PRODUCER_KERNEL_V1 stage=2 raw_iteration=0 ordinal=31 kernel=issue_resident_projection_consumer threads=1 begin_tick=1990833572555541 end_tick=1990833572558541 ms_per_tick=9.9999999999999995e-07 device_ms=0.0030000000000000001
PRODUCER_KERNEL_V1 stage=2 raw_iteration=0 ordinal=32 kernel=consume_resident_target threads=1 begin_tick=1990833572558958 end_tick=1990833572562083 ms_per_tick=9.9999999999999995e-07 device_ms=0.0031249999999999997
PRODUCER_KERNEL_V1 stage=2 raw_iteration=0 ordinal=33 kernel=owner_issue_stage_seal threads=1 begin_tick=1990833572562666 end_tick=1990833572565875 ms_per_tick=9.9999999999999995e-07 device_ms=0.003209
PRODUCER_KERNEL_V1 stage=2 raw_iteration=0 ordinal=34 kernel=fct_compatible_stage_rate threads=1533387 begin_tick=1990833572566375 end_tick=1990833573086583 ms_per_tick=9.9999999999999995e-07 device_ms=0.520208
PRODUCER_KERNEL_V1 stage=2 raw_iteration=0 ordinal=35 kernel=owner_heun_momentum threads=1533387 begin_tick=1990833573087000 end_tick=1990833573179875 ms_per_tick=9.9999999999999995e-07 device_ms=0.092874999999999999
RISE_FIRE_OWNER_PROFILE_V1 {"scope":64,"parent":59,"phase":"BuildStageProducerGroup","stage":2,"raw_iteration":0,"iteration_kind":"picard","wall_ms":272.854500000,"device_sum_ms":191.620416706,"wall_minus_device_ms":81.234083294,"exclusive_wall_ms":272.854500000,"exclusive_device_sum_ms":191.620416706,"child_observer_wall_ms":0.000000000,"count_scope":"inclusive","owner_commits":1,"projection_invocations":0}
RISE_FIRE_OWNER_PROFILE_V1 {"scope":65,"parent":59,"phase":"Residual","stage":2,"raw_iteration":0,"iteration_kind":"picard","wall_ms":0.224417000,"device_sum_ms":0.021624845,"wall_minus_device_ms":0.202792155,"exclusive_wall_ms":0.224417000,"exclusive_device_sum_ms":0.021624845,"child_observer_wall_ms":0.000000000,"count_scope":"inclusive","owner_commits":1,"projection_invocations":0}
RISE_FIRE_OWNER_PROFILE_V1 {"scope":59,"parent":55,"phase":"PicardIteration","stage":2,"raw_iteration":0,"iteration_kind":"picard","wall_ms":286.198166000,"device_sum_ms":200.665458338,"wall_minus_device_ms":85.532707662,"exclusive_wall_ms":0.375499000,"exclusive_device_sum_ms":0.000000000,"child_observer_wall_ms":0.029167000,"count_scope":"inclusive","owner_commits":6,"projection_invocations":1}
RISE_FIRE_OWNER_PROFILE_V1 {"scope":68,"parent":67,"phase":"ProjectionAdapter","stage":2,"raw_iteration":1,"iteration_kind":"picard","wall_ms":11.634000000,"device_sum_ms":8.865166456,"wall_minus_device_ms":2.768833544,"exclusive_wall_ms":11.634000000,"exclusive_device_sum_ms":8.865166456,"child_observer_wall_ms":0.000000000,"count_scope":"inclusive","owner_commits":0,"projection_invocations":1}
RISE_FIRE_OWNER_PROFILE_V1 {"scope":67,"parent":66,"phase":"Project","stage":2,"raw_iteration":1,"iteration_kind":"picard","wall_ms":12.933625000,"device_sum_ms":8.995708078,"wall_minus_device_ms":3.937916922,"exclusive_wall_ms":1.293666000,"exclusive_device_sum_ms":0.130541623,"child_observer_wall_ms":0.005959000,"count_scope":"inclusive","owner_commits":2,"projection_invocations":1}
RISE_FIRE_OWNER_PROFILE_V1 {"scope":69,"parent":66,"phase":"ReadOpenClass","stage":2,"raw_iteration":1,"iteration_kind":"picard","wall_ms":0.153666000,"device_sum_ms":0.002499903,"wall_minus_device_ms":0.151166097,"exclusive_wall_ms":0.153666000,"exclusive_device_sum_ms":0.002499903,"child_observer_wall_ms":0.000000000,"count_scope":"inclusive","owner_commits":1,"projection_invocations":0}
RISE_FIRE_OWNER_PROFILE_V1 {"scope":70,"parent":66,"phase":"ReadOpenClass","stage":2,"raw_iteration":1,"iteration_kind":"picard","wall_ms":0.142000000,"device_sum_ms":0.002458226,"wall_minus_device_ms":0.139541774,"exclusive_wall_ms":0.142000000,"exclusive_device_sum_ms":0.002458226,"child_observer_wall_ms":0.000000000,"count_scope":"inclusive","owner_commits":1,"projection_invocations":0}
PRODUCER_COMMAND_V1 stage=2 raw_iteration=1 cpu_begin=1990833587298291 cpu_end=1990833861887291 gpu_begin=1990833587298291 gpu_end=1990833861887291 device_ms=193.47095815464854 encoders=36 interval_scope=possibly_overlapping
PRODUCER_KERNEL_V1 stage=2 raw_iteration=1 ordinal=0 kernel=owner_pack_faces threads=1533387 begin_tick=1990833668269458 end_tick=1990833668328500 ms_per_tick=9.9999999999999995e-07 device_ms=0.059041999999999997
PRODUCER_KERNEL_V1 stage=2 raw_iteration=1 ordinal=1 kernel=owner_pack_faces threads=1533387 begin_tick=1990833668328500 end_tick=1990833668652875 ms_per_tick=9.9999999999999995e-07 device_ms=0.32437499999999997
PRODUCER_KERNEL_V1 stage=2 raw_iteration=1 ordinal=2 kernel=owner_pack_faces threads=1533387 begin_tick=1990833668267416 end_tick=1990833668328791 ms_per_tick=9.9999999999999995e-07 device_ms=0.061374999999999999
PRODUCER_KERNEL_V1 stage=2 raw_iteration=1 ordinal=3 kernel=fct_extract_gas_density threads=504666 begin_tick=1990833668329000 end_tick=1990833668382958 ms_per_tick=9.9999999999999995e-07 device_ms=0.053957999999999999
PRODUCER_KERNEL_V1 stage=2 raw_iteration=1 ordinal=4 kernel=owner_gas_source threads=504666 begin_tick=1990833668653416 end_tick=1990833668830666 ms_per_tick=9.9999999999999995e-07 device_ms=0.17724999999999999
PRODUCER_KERNEL_V1 stage=2 raw_iteration=1 ordinal=5 kernel=evaluate_resident_transport threads=504666 begin_tick=1990833668382958 end_tick=1990833668848333 ms_per_tick=9.9999999999999995e-07 device_ms=0.46537499999999998
PRODUCER_KERNEL_V1 stage=2 raw_iteration=1 ordinal=6 kernel=identify_resident_transport threads=1 begin_tick=1990833668848833 end_tick=1990833668899500 ms_per_tick=9.9999999999999995e-07 device_ms=0.050666999999999997
PRODUCER_KERNEL_V1 stage=2 raw_iteration=1 ordinal=7 kernel=owner_bind_transport threads=1 begin_tick=1990833668900083 end_tick=1990833668903625 ms_per_tick=9.9999999999999995e-07 device_ms=0.003542
PRODUCER_KERNEL_V1 stage=2 raw_iteration=1 ordinal=8 kernel=identify_resident_owner_endpoint_class threads=1 begin_tick=1990833668903958 end_tick=1990833668907041 ms_per_tick=9.9999999999999995e-07 device_ms=0.0030829999999999998
PRODUCER_KERNEL_V1 stage=2 raw_iteration=1 ordinal=9 kernel=evaluate_resident_physical_flux threads=1533387 begin_tick=1990833669665791 end_tick=1990833671182750 ms_per_tick=9.9999999999999995e-07 device_ms=1.5169589999999999
PRODUCER_KERNEL_V1 stage=2 raw_iteration=1 ordinal=10 kernel=evaluate_resident_advective_pair threads=13800483 begin_tick=1990833671103500 end_tick=1990833678282208 ms_per_tick=9.9999999999999995e-07 device_ms=7.1787079999999994
PRODUCER_KERNEL_V1 stage=2 raw_iteration=1 ordinal=11 kernel=finalize_resident_advective_high threads=13800483 begin_tick=1990833678283000 end_tick=1990833678703666 ms_per_tick=9.9999999999999995e-07 device_ms=0.42066599999999998
PRODUCER_KERNEL_V1 stage=2 raw_iteration=1 ordinal=12 kernel=compose_resident_flux_pair threads=13800483 begin_tick=1990833678704041 end_tick=1990833679672333 ms_per_tick=9.9999999999999995e-07 device_ms=0.96829199999999993
PRODUCER_KERNEL_V1 stage=2 raw_iteration=1 ordinal=13 kernel=validate_resident_physical_flux threads=13800483 begin_tick=1990833679672875 end_tick=1990833680551875 ms_per_tick=9.9999999999999995e-07 device_ms=0.879
PRODUCER_KERNEL_V1 stage=2 raw_iteration=1 ordinal=14 kernel=identify_resident_physical_flux threads=32 begin_tick=1990833680552666 end_tick=1990833680558458 ms_per_tick=9.9999999999999995e-07 device_ms=0.0057919999999999994
PRODUCER_KERNEL_V1 stage=2 raw_iteration=1 ordinal=15 kernel=owner_bind_candidate threads=1 begin_tick=1990833680559000 end_tick=1990833680562541 ms_per_tick=9.9999999999999995e-07 device_ms=0.0035409999999999999
PRODUCER_KERNEL_V1 stage=2 raw_iteration=1 ordinal=16 kernel=finalize_resident_eos_candidate threads=1 begin_tick=1990833680562916 end_tick=1990833680565458 ms_per_tick=9.9999999999999995e-07 device_ms=0.002542
PRODUCER_KERNEL_V1 stage=2 raw_iteration=1 ordinal=17 kernel=build_eos_endpoint_table threads=14 begin_tick=1990833680566208 end_tick=1990833680857125 ms_per_tick=9.9999999999999995e-07 device_ms=0.29091699999999998
PRODUCER_KERNEL_V1 stage=2 raw_iteration=1 ordinal=18 kernel=evaluate_resident_eos_candidate threads=504666 begin_tick=1990833680857458 end_tick=1990833746779916 ms_per_tick=9.9999999999999995e-07 device_ms=65.922457999999992
PRODUCER_KERNEL_V1 stage=2 raw_iteration=1 ordinal=19 kernel=finalize_resident_eos_candidate threads=1 begin_tick=1990833746793833 end_tick=1990833746796375 ms_per_tick=9.9999999999999995e-07 device_ms=0.002542
PRODUCER_KERNEL_V1 stage=2 raw_iteration=1 ordinal=20 kernel=identify_resident_eos threads=1 begin_tick=1990833746796833 end_tick=1990833746799583 ms_per_tick=9.9999999999999995e-07 device_ms=0.0027499999999999998
PRODUCER_KERNEL_V1 stage=2 raw_iteration=1 ordinal=21 kernel=produce_resident_frozen_source threads=504666 begin_tick=1990833746800458 end_tick=1990833746833250 ms_per_tick=9.9999999999999995e-07 device_ms=0.032792000000000002
PRODUCER_KERNEL_V1 stage=2 raw_iteration=1 ordinal=22 kernel=identify_resident_frozen_source threads=1 begin_tick=1990833746833666 end_tick=1990833746839541 ms_per_tick=9.9999999999999995e-07 device_ms=0.005875
PRODUCER_KERNEL_V1 stage=2 raw_iteration=1 ordinal=23 kernel=evaluate_resident_target_terms threads=504666 begin_tick=1990833746840000 end_tick=1990833861002041 ms_per_tick=9.9999999999999995e-07 device_ms=114.16204099999999
PRODUCER_KERNEL_V1 stage=2 raw_iteration=1 ordinal=24 kernel=finalize_resident_target threads=1 begin_tick=1990833861016958 end_tick=1990833861021208 ms_per_tick=9.9999999999999995e-07 device_ms=0.0042499999999999994
PRODUCER_KERNEL_V1 stage=2 raw_iteration=1 ordinal=25 kernel=identify_resident_target threads=1 begin_tick=1990833861021791 end_tick=1990833861025208 ms_per_tick=9.9999999999999995e-07 device_ms=0.0034169999999999999
PRODUCER_KERNEL_V1 stage=2 raw_iteration=1 ordinal=26 kernel=issue_resident_projection_consumer threads=1 begin_tick=1990833861025625 end_tick=1990833861030125 ms_per_tick=9.9999999999999995e-07 device_ms=0.0044999999999999997
PRODUCER_KERNEL_V1 stage=2 raw_iteration=1 ordinal=27 kernel=consume_resident_target threads=1 begin_tick=1990833861030583 end_tick=1990833861034750 ms_per_tick=9.9999999999999995e-07 device_ms=0.0041669999999999997
PRODUCER_KERNEL_V1 stage=2 raw_iteration=1 ordinal=28 kernel=owner_compose_target threads=504666 begin_tick=1990833861035208 end_tick=1990833861067833 ms_per_tick=9.9999999999999995e-07 device_ms=0.032625000000000001
PRODUCER_KERNEL_V1 stage=2 raw_iteration=1 ordinal=29 kernel=finalize_resident_target threads=1 begin_tick=1990833861068416 end_tick=1990833861073333 ms_per_tick=9.9999999999999995e-07 device_ms=0.0049169999999999995
PRODUCER_KERNEL_V1 stage=2 raw_iteration=1 ordinal=30 kernel=owner_identify_target threads=1 begin_tick=1990833861073750 end_tick=1990833861077333 ms_per_tick=9.9999999999999995e-07 device_ms=0.0035829999999999998
PRODUCER_KERNEL_V1 stage=2 raw_iteration=1 ordinal=31 kernel=issue_resident_projection_consumer threads=1 begin_tick=1990833861077916 end_tick=1990833861081125 ms_per_tick=9.9999999999999995e-07 device_ms=0.003209
PRODUCER_KERNEL_V1 stage=2 raw_iteration=1 ordinal=32 kernel=consume_resident_target threads=1 begin_tick=1990833861081583 end_tick=1990833861084666 ms_per_tick=9.9999999999999995e-07 device_ms=0.0030829999999999998
PRODUCER_KERNEL_V1 stage=2 raw_iteration=1 ordinal=33 kernel=owner_issue_stage_seal threads=1 begin_tick=1990833861085125 end_tick=1990833861088250 ms_per_tick=9.9999999999999995e-07 device_ms=0.0031249999999999997
PRODUCER_KERNEL_V1 stage=2 raw_iteration=1 ordinal=34 kernel=fct_compatible_stage_rate threads=1533387 begin_tick=1990833861088791 end_tick=1990833861636541 ms_per_tick=9.9999999999999995e-07 device_ms=0.54774999999999996
PRODUCER_KERNEL_V1 stage=2 raw_iteration=1 ordinal=35 kernel=owner_heun_momentum threads=1533387 begin_tick=1990833861637083 end_tick=1990833861732250 ms_per_tick=9.9999999999999995e-07 device_ms=0.095167000000000002
RISE_FIRE_OWNER_PROFILE_V1 {"scope":71,"parent":66,"phase":"BuildStageProducerGroup","stage":2,"raw_iteration":1,"iteration_kind":"picard","wall_ms":274.726916000,"device_sum_ms":193.470958155,"wall_minus_device_ms":81.255957845,"exclusive_wall_ms":274.726916000,"exclusive_device_sum_ms":193.470958155,"child_observer_wall_ms":0.000000000,"count_scope":"inclusive","owner_commits":1,"projection_invocations":0}
RISE_FIRE_OWNER_PROFILE_V1 {"scope":72,"parent":66,"phase":"Residual","stage":2,"raw_iteration":1,"iteration_kind":"picard","wall_ms":0.315667000,"device_sum_ms":0.118958298,"wall_minus_device_ms":0.196708702,"exclusive_wall_ms":0.315667000,"exclusive_device_sum_ms":0.118958298,"child_observer_wall_ms":0.000000000,"count_scope":"inclusive","owner_commits":1,"projection_invocations":0}
RISE_FIRE_OWNER_PROFILE_V1 {"scope":75,"parent":74,"phase":"ProjectionAdapter","stage":2,"raw_iteration":2147483649,"iteration_kind":"terminal","wall_ms":12.050125000,"device_sum_ms":9.325541789,"wall_minus_device_ms":2.724583211,"exclusive_wall_ms":12.050125000,"exclusive_device_sum_ms":9.325541789,"child_observer_wall_ms":0.000000000,"count_scope":"inclusive","owner_commits":0,"projection_invocations":1}
RISE_FIRE_OWNER_PROFILE_V1 {"scope":74,"parent":73,"phase":"Project","stage":2,"raw_iteration":2147483649,"iteration_kind":"terminal","wall_ms":12.541667000,"device_sum_ms":9.367166786,"wall_minus_device_ms":3.174500214,"exclusive_wall_ms":0.485917000,"exclusive_device_sum_ms":0.041624997,"child_observer_wall_ms":0.005625000,"count_scope":"inclusive","owner_commits":2,"projection_invocations":1}
RISE_FIRE_OWNER_PROFILE_V1 {"scope":76,"parent":73,"phase":"ReadOpenClass","stage":2,"raw_iteration":2147483649,"iteration_kind":"terminal","wall_ms":0.141042000,"device_sum_ms":0.002500135,"wall_minus_device_ms":0.138541865,"exclusive_wall_ms":0.141042000,"exclusive_device_sum_ms":0.002500135,"child_observer_wall_ms":0.000000000,"count_scope":"inclusive","owner_commits":1,"projection_invocations":0}
RISE_FIRE_OWNER_PROFILE_V1 {"scope":77,"parent":73,"phase":"ReadOpenClass","stage":2,"raw_iteration":2147483649,"iteration_kind":"terminal","wall_ms":0.143416000,"device_sum_ms":0.002250075,"wall_minus_device_ms":0.141165925,"exclusive_wall_ms":0.143416000,"exclusive_device_sum_ms":0.002250075,"child_observer_wall_ms":0.000000000,"count_scope":"inclusive","owner_commits":1,"projection_invocations":0}
PRODUCER_COMMAND_V1 stage=2 raw_iteration=2147483649 cpu_begin=1990833875196833 cpu_end=1990834147693375 gpu_begin=1990833875196833 gpu_end=1990834147693375 device_ms=192.06816656515002 encoders=36 interval_scope=possibly_overlapping
PRODUCER_KERNEL_V1 stage=2 raw_iteration=2147483649 ordinal=0 kernel=owner_pack_faces threads=1533387 begin_tick=1990833955635583 end_tick=1990833955687750 ms_per_tick=9.9999999999999995e-07 device_ms=0.052166999999999998
PRODUCER_KERNEL_V1 stage=2 raw_iteration=2147483649 ordinal=1 kernel=owner_pack_faces threads=1533387 begin_tick=1990833955699666 end_tick=1990833955751375 ms_per_tick=9.9999999999999995e-07 device_ms=0.051708999999999998
PRODUCER_KERNEL_V1 stage=2 raw_iteration=2147483649 ordinal=2 kernel=owner_pack_faces threads=1533387 begin_tick=1990833955829541 end_tick=1990833955933958 ms_per_tick=9.9999999999999995e-07 device_ms=0.104417
PRODUCER_KERNEL_V1 stage=2 raw_iteration=2147483649 ordinal=3 kernel=fct_extract_gas_density threads=504666 begin_tick=1990833955830666 end_tick=1990833955882375 ms_per_tick=9.9999999999999995e-07 device_ms=0.051708999999999998
PRODUCER_KERNEL_V1 stage=2 raw_iteration=2147483649 ordinal=4 kernel=owner_gas_source threads=504666 begin_tick=1990833955882375 end_tick=1990833955930291 ms_per_tick=9.9999999999999995e-07 device_ms=0.047916
PRODUCER_KERNEL_V1 stage=2 raw_iteration=2147483649 ordinal=5 kernel=evaluate_resident_transport threads=504666 begin_tick=1990833955984958 end_tick=1990833956438458 ms_per_tick=9.9999999999999995e-07 device_ms=0.45349999999999996
PRODUCER_KERNEL_V1 stage=2 raw_iteration=2147483649 ordinal=6 kernel=identify_resident_transport threads=1 begin_tick=1990833956438833 end_tick=1990833956441833 ms_per_tick=9.9999999999999995e-07 device_ms=0.0030000000000000001
PRODUCER_KERNEL_V1 stage=2 raw_iteration=2147483649 ordinal=7 kernel=owner_bind_transport threads=1 begin_tick=1990833956442416 end_tick=1990833956446208 ms_per_tick=9.9999999999999995e-07 device_ms=0.0037919999999999998
PRODUCER_KERNEL_V1 stage=2 raw_iteration=2147483649 ordinal=8 kernel=identify_resident_owner_endpoint_class threads=1 begin_tick=1990833956446666 end_tick=1990833956450125 ms_per_tick=9.9999999999999995e-07 device_ms=0.0034589999999999998
PRODUCER_KERNEL_V1 stage=2 raw_iteration=2147483649 ordinal=9 kernel=evaluate_resident_physical_flux threads=1533387 begin_tick=1990833957414000 end_tick=1990833958745375 ms_per_tick=9.9999999999999995e-07 device_ms=1.331375
PRODUCER_KERNEL_V1 stage=2 raw_iteration=2147483649 ordinal=10 kernel=evaluate_resident_advective_pair threads=13800483 begin_tick=1990833958846583 end_tick=1990833966195833 ms_per_tick=9.9999999999999995e-07 device_ms=7.3492499999999996
PRODUCER_KERNEL_V1 stage=2 raw_iteration=2147483649 ordinal=11 kernel=finalize_resident_advective_high threads=13800483 begin_tick=1990833966196625 end_tick=1990833966616875 ms_per_tick=9.9999999999999995e-07 device_ms=0.42024999999999996
PRODUCER_KERNEL_V1 stage=2 raw_iteration=2147483649 ordinal=12 kernel=compose_resident_flux_pair threads=13800483 begin_tick=1990833966617250 end_tick=1990833967502958 ms_per_tick=9.9999999999999995e-07 device_ms=0.88570799999999994
PRODUCER_KERNEL_V1 stage=2 raw_iteration=2147483649 ordinal=13 kernel=validate_resident_physical_flux threads=13800483 begin_tick=1990833967503625 end_tick=1990833968359583 ms_per_tick=9.9999999999999995e-07 device_ms=0.855958
PRODUCER_KERNEL_V1 stage=2 raw_iteration=2147483649 ordinal=14 kernel=identify_resident_physical_flux threads=32 begin_tick=1990833968360041 end_tick=1990833968363583 ms_per_tick=9.9999999999999995e-07 device_ms=0.003542
PRODUCER_KERNEL_V1 stage=2 raw_iteration=2147483649 ordinal=15 kernel=owner_bind_candidate threads=1 begin_tick=1990833968364083 end_tick=1990833968367666 ms_per_tick=9.9999999999999995e-07 device_ms=0.0035829999999999998
PRODUCER_KERNEL_V1 stage=2 raw_iteration=2147483649 ordinal=16 kernel=finalize_resident_eos_candidate threads=1 begin_tick=1990833968368750 end_tick=1990833968371208 ms_per_tick=9.9999999999999995e-07 device_ms=0.0024579999999999997
PRODUCER_KERNEL_V1 stage=2 raw_iteration=2147483649 ordinal=17 kernel=build_eos_endpoint_table threads=14 begin_tick=1990833968371958 end_tick=1990833968663000 ms_per_tick=9.9999999999999995e-07 device_ms=0.29104199999999997
PRODUCER_KERNEL_V1 stage=2 raw_iteration=2147483649 ordinal=18 kernel=evaluate_resident_eos_candidate threads=504666 begin_tick=1990833968663416 end_tick=1990834032554875 ms_per_tick=9.9999999999999995e-07 device_ms=63.891458999999998
PRODUCER_KERNEL_V1 stage=2 raw_iteration=2147483649 ordinal=19 kernel=finalize_resident_eos_candidate threads=1 begin_tick=1990834032570041 end_tick=1990834032575666 ms_per_tick=9.9999999999999995e-07 device_ms=0.0056249999999999998
PRODUCER_KERNEL_V1 stage=2 raw_iteration=2147483649 ordinal=20 kernel=identify_resident_eos threads=1 begin_tick=1990834032575958 end_tick=1990834032578583 ms_per_tick=9.9999999999999995e-07 device_ms=0.0026249999999999997
PRODUCER_KERNEL_V1 stage=2 raw_iteration=2147483649 ordinal=21 kernel=produce_resident_frozen_source threads=504666 begin_tick=1990834032579250 end_tick=1990834032610875 ms_per_tick=9.9999999999999995e-07 device_ms=0.031625
PRODUCER_KERNEL_V1 stage=2 raw_iteration=2147483649 ordinal=22 kernel=identify_resident_frozen_source threads=1 begin_tick=1990834032611333 end_tick=1990834032614125 ms_per_tick=9.9999999999999995e-07 device_ms=0.0027919999999999998
PRODUCER_KERNEL_V1 stage=2 raw_iteration=2147483649 ordinal=23 kernel=evaluate_resident_target_terms threads=504666 begin_tick=1990834032614666 end_tick=1990834146903666 ms_per_tick=9.9999999999999995e-07 device_ms=114.289
PRODUCER_KERNEL_V1 stage=2 raw_iteration=2147483649 ordinal=24 kernel=finalize_resident_target threads=1 begin_tick=1990834146918041 end_tick=1990834146921125 ms_per_tick=9.9999999999999995e-07 device_ms=0.0030839999999999999
PRODUCER_KERNEL_V1 stage=2 raw_iteration=2147483649 ordinal=25 kernel=identify_resident_target threads=1 begin_tick=1990834146921625 end_tick=1990834146924708 ms_per_tick=9.9999999999999995e-07 device_ms=0.0030829999999999998
PRODUCER_KERNEL_V1 stage=2 raw_iteration=2147483649 ordinal=26 kernel=issue_resident_projection_consumer threads=1 begin_tick=1990834146925041 end_tick=1990834146929125 ms_per_tick=9.9999999999999995e-07 device_ms=0.004084
PRODUCER_KERNEL_V1 stage=2 raw_iteration=2147483649 ordinal=27 kernel=consume_resident_target threads=1 begin_tick=1990834146929500 end_tick=1990834146933583 ms_per_tick=9.9999999999999995e-07 device_ms=0.0040829999999999998
PRODUCER_KERNEL_V1 stage=2 raw_iteration=2147483649 ordinal=28 kernel=owner_compose_target threads=504666 begin_tick=1990834146933875 end_tick=1990834146963583 ms_per_tick=9.9999999999999995e-07 device_ms=0.029707999999999998
PRODUCER_KERNEL_V1 stage=2 raw_iteration=2147483649 ordinal=29 kernel=finalize_resident_target threads=1 begin_tick=1990834146964041 end_tick=1990834146966666 ms_per_tick=9.9999999999999995e-07 device_ms=0.0026249999999999997
PRODUCER_KERNEL_V1 stage=2 raw_iteration=2147483649 ordinal=30 kernel=owner_identify_target threads=1 begin_tick=1990834146967000 end_tick=1990834146969750 ms_per_tick=9.9999999999999995e-07 device_ms=0.0027499999999999998
PRODUCER_KERNEL_V1 stage=2 raw_iteration=2147483649 ordinal=31 kernel=issue_resident_projection_consumer threads=1 begin_tick=1990834146970208 end_tick=1990834146973166 ms_per_tick=9.9999999999999995e-07 device_ms=0.0029579999999999997
PRODUCER_KERNEL_V1 stage=2 raw_iteration=2147483649 ordinal=32 kernel=consume_resident_target threads=1 begin_tick=1990834146973583 end_tick=1990834146976583 ms_per_tick=9.9999999999999995e-07 device_ms=0.0030000000000000001
PRODUCER_KERNEL_V1 stage=2 raw_iteration=2147483649 ordinal=33 kernel=owner_issue_stage_seal threads=1 begin_tick=1990834146977166 end_tick=1990834146980166 ms_per_tick=9.9999999999999995e-07 device_ms=0.0030000000000000001
PRODUCER_KERNEL_V1 stage=2 raw_iteration=2147483649 ordinal=34 kernel=fct_compatible_stage_rate threads=1533387 begin_tick=1990834146980666 end_tick=1990834147487958 ms_per_tick=9.9999999999999995e-07 device_ms=0.50729199999999997
PRODUCER_KERNEL_V1 stage=2 raw_iteration=2147483649 ordinal=35 kernel=owner_heun_momentum threads=1533387 begin_tick=1990834147488375 end_tick=1990834147578250 ms_per_tick=9.9999999999999995e-07 device_ms=0.089874999999999997
RISE_FIRE_OWNER_PROFILE_V1 {"scope":78,"parent":73,"phase":"BuildStageProducerGroup","stage":2,"raw_iteration":2147483649,"iteration_kind":"terminal","wall_ms":272.645709000,"device_sum_ms":192.068166565,"wall_minus_device_ms":80.577542435,"exclusive_wall_ms":272.645709000,"exclusive_device_sum_ms":192.068166565,"child_observer_wall_ms":0.000000000,"count_scope":"inclusive","owner_commits":1,"projection_invocations":0}
RISE_FIRE_OWNER_PROFILE_V1 {"scope":79,"parent":73,"phase":"Residual","stage":2,"raw_iteration":2147483649,"iteration_kind":"terminal","wall_ms":0.364083000,"device_sum_ms":0.114249997,"wall_minus_device_ms":0.249833003,"exclusive_wall_ms":0.364083000,"exclusive_device_sum_ms":0.114249997,"child_observer_wall_ms":0.000000000,"count_scope":"inclusive","owner_commits":1,"projection_invocations":0}
RISE_FIRE_OWNER_PROFILE_V1 {"scope":73,"parent":66,"phase":"TerminalVerification","stage":2,"raw_iteration":2147483649,"iteration_kind":"terminal","wall_ms":285.864084000,"device_sum_ms":201.554333558,"wall_minus_device_ms":84.309750442,"exclusive_wall_ms":0.004251000,"exclusive_device_sum_ms":0.000000000,"child_observer_wall_ms":0.023916000,"count_scope":"inclusive","owner_commits":6,"projection_invocations":1}
RISE_FIRE_OWNER_PROFILE_V1 {"scope":66,"parent":55,"phase":"PicardIteration","stage":2,"raw_iteration":1,"iteration_kind":"picard","wall_ms":574.634459000,"device_sum_ms":404.144916218,"wall_minus_device_ms":170.489542782,"exclusive_wall_ms":0.467166000,"exclusive_device_sum_ms":0.000000000,"child_observer_wall_ms":0.031335000,"count_scope":"inclusive","owner_commits":12,"projection_invocations":2}
RISE_FIRE_OWNER_PROFILE_V1 {"scope":55,"parent":1,"phase":"SolveStage","stage":2,"raw_iteration":4294967295,"iteration_kind":"bootstrap","wall_ms":1148.006166000,"device_sum_ms":805.830207886,"wall_minus_device_ms":342.175958114,"exclusive_wall_ms":1.469041000,"exclusive_device_sum_ms":0.000000000,"child_observer_wall_ms":0.020000000,"count_scope":"inclusive","owner_commits":21,"projection_invocations":4}
RISE_FIRE_OWNER_PROFILE_V1 {"scope":80,"parent":1,"phase":"TerminalPublication","stage":4294967295,"raw_iteration":4294967295,"iteration_kind":"owner","wall_ms":13.278084000,"device_sum_ms":4.832000006,"wall_minus_device_ms":8.446083994,"exclusive_wall_ms":13.278084000,"exclusive_device_sum_ms":4.832000006,"child_observer_wall_ms":0.000000000,"count_scope":"inclusive","owner_commits":1,"projection_invocations":0}
RISE_FIRE_OWNER_PROFILE_V1 {"scope":1,"parent":0,"phase":"OwnerRun","stage":4294967295,"raw_iteration":4294967295,"iteration_kind":"owner","wall_ms":3627.205958000,"device_sum_ms":2485.723164864,"wall_minus_device_ms":1141.482793136,"exclusive_wall_ms":6.287707000,"exclusive_device_sum_ms":0.013791490,"child_observer_wall_ms":0.070084000,"count_scope":"inclusive","owner_commits":68,"projection_invocations":12}
capstone accepted step=1 time=0.00164626597 dt=0.00164626597 Tmax=302.592941 qmax=0 eos_max=1.45011372e-05 approach_eos_max=1.45011372e-05 limiter_class=continuous limiter_discrepancy=0 active_set_class=continuous active_set_discrepancy=0 active_set_cycle=0 active_set_faces=0
capstone step-start=1 speed=0.129151717 gprime=0.0884640856 nu=8.61405907e-05 selected=0.00181089257 previous=0.00164626597
capstone event-step=0.00164626597 pilot_ceiling=0.0115509308 ramp_end=0.209320803
RISE_FIRE_OWNER_PROFILE_V1 {"scope":2,"parent":1,"phase":"Prepare","stage":4294967295,"raw_iteration":4294967295,"iteration_kind":"owner","wall_ms":93.805917000,"device_sum_ms":3.090958344,"wall_minus_device_ms":90.714958656,"exclusive_wall_ms":93.805917000,"exclusive_device_sum_ms":3.090958344,"child_observer_wall_ms":0.000000000,"count_scope":"inclusive","owner_commits":1,"projection_invocations":0}
RISE_FIRE_OWNER_PROFILE_V1 {"scope":5,"parent":4,"phase":"ProjectionAdapter","stage":0,"raw_iteration":4294967295,"iteration_kind":"bootstrap","wall_ms":19.354625000,"device_sum_ms":16.152375145,"wall_minus_device_ms":3.202249855,"exclusive_wall_ms":19.354625000,"exclusive_device_sum_ms":16.152375145,"child_observer_wall_ms":0.000000000,"count_scope":"inclusive","owner_commits":0,"projection_invocations":1}
RISE_FIRE_OWNER_PROFILE_V1 {"scope":4,"parent":3,"phase":"Project","stage":0,"raw_iteration":4294967295,"iteration_kind":"bootstrap","wall_ms":20.356208000,"device_sum_ms":16.196416691,"wall_minus_device_ms":4.159791309,"exclusive_wall_ms":0.983125000,"exclusive_device_sum_ms":0.044041546,"child_observer_wall_ms":0.018458000,"count_scope":"inclusive","owner_commits":2,"projection_invocations":1}
PRODUCER_COMMAND_V1 stage=0 raw_iteration=4294967295 cpu_begin=1990835392173791 cpu_end=1990835681871958 gpu_begin=1990835392173791 gpu_end=1990835681871958 device_ms=207.51750003546476 encoders=39 interval_scope=possibly_overlapping
PRODUCER_KERNEL_V1 stage=0 raw_iteration=4294967295 ordinal=0 kernel=owner_pack_faces threads=1533387 begin_tick=1990835474247166 end_tick=1990835474331875 ms_per_tick=9.9999999999999995e-07 device_ms=0.084708999999999993
PRODUCER_KERNEL_V1 stage=0 raw_iteration=4294967295 ordinal=1 kernel=owner_pack_faces threads=1533387 begin_tick=1990835474253750 end_tick=1990835474332333 ms_per_tick=9.9999999999999995e-07 device_ms=0.078583
PRODUCER_KERNEL_V1 stage=0 raw_iteration=4294967295 ordinal=2 kernel=owner_pack_faces threads=1533387 begin_tick=1990835474331875 end_tick=1990835474431625 ms_per_tick=9.9999999999999995e-07 device_ms=0.099749999999999991
PRODUCER_KERNEL_V1 stage=0 raw_iteration=4294967295 ordinal=3 kernel=fct_extract_gas_density threads=504666 begin_tick=1990835474332583 end_tick=1990835474382208 ms_per_tick=9.9999999999999995e-07 device_ms=0.049624999999999996
PRODUCER_KERNEL_V1 stage=0 raw_iteration=4294967295 ordinal=4 kernel=owner_gas_source threads=504666 begin_tick=1990835474425125 end_tick=1990835474478875 ms_per_tick=9.9999999999999995e-07 device_ms=0.053749999999999999
PRODUCER_KERNEL_V1 stage=0 raw_iteration=4294967295 ordinal=5 kernel=evaluate_resident_transport threads=504666 begin_tick=1990835474561333 end_tick=1990835475404833 ms_per_tick=9.9999999999999995e-07 device_ms=0.84349999999999992
PRODUCER_KERNEL_V1 stage=0 raw_iteration=4294967295 ordinal=6 kernel=identify_resident_transport threads=1 begin_tick=1990835475405291 end_tick=1990835475410000 ms_per_tick=9.9999999999999995e-07 device_ms=0.0047089999999999996
PRODUCER_KERNEL_V1 stage=0 raw_iteration=4294967295 ordinal=7 kernel=owner_bind_transport threads=1 begin_tick=1990835475410708 end_tick=1990835475416375 ms_per_tick=9.9999999999999995e-07 device_ms=0.0056670000000000002
PRODUCER_KERNEL_V1 stage=0 raw_iteration=4294967295 ordinal=8 kernel=identify_resident_owner_endpoint_class threads=1 begin_tick=1990835475416875 end_tick=1990835475422125 ms_per_tick=9.9999999999999995e-07 device_ms=0.0052499999999999995
PRODUCER_KERNEL_V1 stage=0 raw_iteration=4294967295 ordinal=9 kernel=evaluate_resident_physical_flux threads=1533387 begin_tick=1990835476167875 end_tick=1990835478936958 ms_per_tick=9.9999999999999995e-07 device_ms=2.7690829999999997
PRODUCER_KERNEL_V1 stage=0 raw_iteration=4294967295 ordinal=10 kernel=evaluate_resident_advective_pair threads=13800483 begin_tick=1990835477503458 end_tick=1990835492867583 ms_per_tick=9.9999999999999995e-07 device_ms=15.364125
PRODUCER_KERNEL_V1 stage=0 raw_iteration=4294967295 ordinal=11 kernel=finalize_resident_advective_high threads=13800483 begin_tick=1990835492895375 end_tick=1990835493715125 ms_per_tick=9.9999999999999995e-07 device_ms=0.81974999999999998
PRODUCER_KERNEL_V1 stage=0 raw_iteration=4294967295 ordinal=12 kernel=compose_resident_flux_pair threads=13800483 begin_tick=1990835493715666 end_tick=1990835495176833 ms_per_tick=9.9999999999999995e-07 device_ms=1.4611669999999999
PRODUCER_KERNEL_V1 stage=0 raw_iteration=4294967295 ordinal=13 kernel=validate_resident_physical_flux threads=13800483 begin_tick=1990835495177500 end_tick=1990835496538291 ms_per_tick=9.9999999999999995e-07 device_ms=1.3607909999999999
PRODUCER_KERNEL_V1 stage=0 raw_iteration=4294967295 ordinal=14 kernel=identify_resident_physical_flux threads=32 begin_tick=1990835496539000 end_tick=1990835496546791 ms_per_tick=9.9999999999999995e-07 device_ms=0.0077909999999999993
PRODUCER_KERNEL_V1 stage=0 raw_iteration=4294967295 ordinal=15 kernel=fct_build_ratios threads=5551326 begin_tick=1990835496547583 end_tick=1990835500861458 ms_per_tick=9.9999999999999995e-07 device_ms=4.3138749999999995
PRODUCER_KERNEL_V1 stage=0 raw_iteration=4294967295 ordinal=16 kernel=fct_build_face_alpha threads=1533387 begin_tick=1990835500862041 end_tick=1990835501133083 ms_per_tick=9.9999999999999995e-07 device_ms=0.27104200000000001
PRODUCER_KERNEL_V1 stage=0 raw_iteration=4294967295 ordinal=17 kernel=fct_commit_scalar threads=504666 begin_tick=1990835501133625 end_tick=1990835501337250 ms_per_tick=9.9999999999999995e-07 device_ms=0.203625
PRODUCER_KERNEL_V1 stage=0 raw_iteration=4294967295 ordinal=18 kernel=owner_bind_candidate threads=1 begin_tick=1990835501337833 end_tick=1990835501341625 ms_per_tick=9.9999999999999995e-07 device_ms=0.0037919999999999998
PRODUCER_KERNEL_V1 stage=0 raw_iteration=4294967295 ordinal=19 kernel=finalize_resident_eos_candidate threads=1 begin_tick=1990835501342083 end_tick=1990835501344708 ms_per_tick=9.9999999999999995e-07 device_ms=0.0026249999999999997
PRODUCER_KERNEL_V1 stage=0 raw_iteration=4294967295 ordinal=20 kernel=build_eos_endpoint_table threads=14 begin_tick=1990835501345208 end_tick=1990835501636666 ms_per_tick=9.9999999999999995e-07 device_ms=0.29145799999999999
PRODUCER_KERNEL_V1 stage=0 raw_iteration=4294967295 ordinal=21 kernel=evaluate_resident_eos_candidate threads=504666 begin_tick=1990835501636958 end_tick=1990835566769916 ms_per_tick=9.9999999999999995e-07 device_ms=65.132958000000002
PRODUCER_KERNEL_V1 stage=0 raw_iteration=4294967295 ordinal=22 kernel=finalize_resident_eos_candidate threads=1 begin_tick=1990835566785791 end_tick=1990835566788416 ms_per_tick=9.9999999999999995e-07 device_ms=0.0026249999999999997
PRODUCER_KERNEL_V1 stage=0 raw_iteration=4294967295 ordinal=23 kernel=identify_resident_eos threads=1 begin_tick=1990835566788750 end_tick=1990835566791416 ms_per_tick=9.9999999999999995e-07 device_ms=0.002666
PRODUCER_KERNEL_V1 stage=0 raw_iteration=4294967295 ordinal=24 kernel=produce_resident_frozen_source threads=504666 begin_tick=1990835566791958 end_tick=1990835566823625 ms_per_tick=9.9999999999999995e-07 device_ms=0.031667000000000001
PRODUCER_KERNEL_V1 stage=0 raw_iteration=4294967295 ordinal=25 kernel=identify_resident_frozen_source threads=1 begin_tick=1990835566824041 end_tick=1990835566828291 ms_per_tick=9.9999999999999995e-07 device_ms=0.0042499999999999994
PRODUCER_KERNEL_V1 stage=0 raw_iteration=4294967295 ordinal=26 kernel=evaluate_resident_target_terms threads=504666 begin_tick=1990835566828708 end_tick=1990835681079708 ms_per_tick=9.9999999999999995e-07 device_ms=114.25099999999999
PRODUCER_KERNEL_V1 stage=0 raw_iteration=4294967295 ordinal=27 kernel=finalize_resident_target threads=1 begin_tick=1990835681094000 end_tick=1990835681096916 ms_per_tick=9.9999999999999995e-07 device_ms=0.0029159999999999998
PRODUCER_KERNEL_V1 stage=0 raw_iteration=4294967295 ordinal=28 kernel=identify_resident_target threads=1 begin_tick=1990835681097208 end_tick=1990835681103500 ms_per_tick=9.9999999999999995e-07 device_ms=0.0062919999999999998
PRODUCER_KERNEL_V1 stage=0 raw_iteration=4294967295 ordinal=29 kernel=issue_resident_projection_consumer threads=1 begin_tick=1990835681103875 end_tick=1990835681107750 ms_per_tick=9.9999999999999995e-07 device_ms=0.003875
PRODUCER_KERNEL_V1 stage=0 raw_iteration=4294967295 ordinal=30 kernel=consume_resident_target threads=1 begin_tick=1990835681108166 end_tick=1990835681112791 ms_per_tick=9.9999999999999995e-07 device_ms=0.0046249999999999998
PRODUCER_KERNEL_V1 stage=0 raw_iteration=4294967295 ordinal=31 kernel=owner_compose_target threads=504666 begin_tick=1990835681113208 end_tick=1990835681145708 ms_per_tick=9.9999999999999995e-07 device_ms=0.032500000000000001
PRODUCER_KERNEL_V1 stage=0 raw_iteration=4294967295 ordinal=32 kernel=finalize_resident_target threads=1 begin_tick=1990835681146166 end_tick=1990835681151791 ms_per_tick=9.9999999999999995e-07 device_ms=0.0056249999999999998
PRODUCER_KERNEL_V1 stage=0 raw_iteration=4294967295 ordinal=33 kernel=owner_identify_target threads=1 begin_tick=1990835681152208 end_tick=1990835681155125 ms_per_tick=9.9999999999999995e-07 device_ms=0.0029169999999999999
PRODUCER_KERNEL_V1 stage=0 raw_iteration=4294967295 ordinal=34 kernel=issue_resident_projection_consumer threads=1 begin_tick=1990835681155541 end_tick=1990835681158666 ms_per_tick=9.9999999999999995e-07 device_ms=0.0031249999999999997
PRODUCER_KERNEL_V1 stage=0 raw_iteration=4294967295 ordinal=35 kernel=consume_resident_target threads=1 begin_tick=1990835681159083 end_tick=1990835681162250 ms_per_tick=9.9999999999999995e-07 device_ms=0.0031669999999999997
PRODUCER_KERNEL_V1 stage=0 raw_iteration=4294967295 ordinal=36 kernel=owner_issue_stage_seal threads=1 begin_tick=1990835681162583 end_tick=1990835681165625 ms_per_tick=9.9999999999999995e-07 device_ms=0.003042
PRODUCER_KERNEL_V1 stage=0 raw_iteration=4294967295 ordinal=37 kernel=fct_compatible_stage_rate threads=1533387 begin_tick=1990835681166125 end_tick=1990835681707250 ms_per_tick=9.9999999999999995e-07 device_ms=0.54112499999999997
PRODUCER_KERNEL_V1 stage=0 raw_iteration=4294967295 ordinal=38 kernel=owner_predict_momentum threads=1533387 begin_tick=1990835681707916 end_tick=1990835681757166 ms_per_tick=9.9999999999999995e-07 device_ms=0.049249999999999995
RISE_FIRE_OWNER_PROFILE_V1 {"scope":6,"parent":3,"phase":"BuildStageProducerGroup","stage":0,"raw_iteration":4294967295,"iteration_kind":"bootstrap","wall_ms":289.871375000,"device_sum_ms":207.517500035,"wall_minus_device_ms":82.353874965,"exclusive_wall_ms":289.871375000,"exclusive_device_sum_ms":207.517500035,"child_observer_wall_ms":0.000000000,"count_scope":"inclusive","owner_commits":1,"projection_invocations":0}
RISE_FIRE_OWNER_PROFILE_V1 {"scope":9,"parent":8,"phase":"ProjectionAdapter","stage":0,"raw_iteration":0,"iteration_kind":"picard","wall_ms":12.356750000,"device_sum_ms":9.579708334,"wall_minus_device_ms":2.777041666,"exclusive_wall_ms":12.356750000,"exclusive_device_sum_ms":9.579708334,"child_observer_wall_ms":0.000000000,"count_scope":"inclusive","owner_commits":0,"projection_invocations":1}
RISE_FIRE_OWNER_PROFILE_V1 {"scope":8,"parent":7,"phase":"Project","stage":0,"raw_iteration":0,"iteration_kind":"picard","wall_ms":12.951209000,"device_sum_ms":9.625375038,"wall_minus_device_ms":3.325833962,"exclusive_wall_ms":0.585168000,"exclusive_device_sum_ms":0.045666704,"child_observer_wall_ms":0.009291000,"count_scope":"inclusive","owner_commits":2,"projection_invocations":1}
RISE_FIRE_OWNER_PROFILE_V1 {"scope":10,"parent":7,"phase":"ReadOpenClass","stage":0,"raw_iteration":0,"iteration_kind":"picard","wall_ms":0.160584000,"device_sum_ms":0.002375105,"wall_minus_device_ms":0.158208895,"exclusive_wall_ms":0.160584000,"exclusive_device_sum_ms":0.002375105,"child_observer_wall_ms":0.000000000,"count_scope":"inclusive","owner_commits":1,"projection_invocations":0}
RISE_FIRE_OWNER_PROFILE_V1 {"scope":11,"parent":7,"phase":"ReadOpenClass","stage":0,"raw_iteration":0,"iteration_kind":"picard","wall_ms":0.149541000,"device_sum_ms":0.002458459,"wall_minus_device_ms":0.147082541,"exclusive_wall_ms":0.149541000,"exclusive_device_sum_ms":0.002458459,"child_observer_wall_ms":0.000000000,"count_scope":"inclusive","owner_commits":1,"projection_invocations":0}
PRODUCER_COMMAND_V1 stage=0 raw_iteration=0 cpu_begin=1990835695321083 cpu_end=1990835972584791 gpu_begin=1990835695321083 gpu_end=1990835972584791 device_ms=196.57570845447481 encoders=39 interval_scope=possibly_overlapping
PRODUCER_KERNEL_V1 stage=0 raw_iteration=0 ordinal=0 kernel=owner_pack_faces threads=1533387 begin_tick=1990835776013000 end_tick=1990835776063666 ms_per_tick=9.9999999999999995e-07 device_ms=0.050665999999999996
PRODUCER_KERNEL_V1 stage=0 raw_iteration=0 ordinal=1 kernel=owner_pack_faces threads=1533387 begin_tick=1990835776080458 end_tick=1990835776130791 ms_per_tick=9.9999999999999995e-07 device_ms=0.050332999999999996
PRODUCER_KERNEL_V1 stage=0 raw_iteration=0 ordinal=2 kernel=owner_pack_faces threads=1533387 begin_tick=1990835776193041 end_tick=1990835776284958 ms_per_tick=9.9999999999999995e-07 device_ms=0.091916999999999999
PRODUCER_KERNEL_V1 stage=0 raw_iteration=0 ordinal=3 kernel=fct_extract_gas_density threads=504666 begin_tick=1990835776209125 end_tick=1990835776259500 ms_per_tick=9.9999999999999995e-07 device_ms=0.050374999999999996
PRODUCER_KERNEL_V1 stage=0 raw_iteration=0 ordinal=4 kernel=owner_gas_source threads=504666 begin_tick=1990835776259541 end_tick=1990835776311666 ms_per_tick=9.9999999999999995e-07 device_ms=0.052124999999999998
PRODUCER_KERNEL_V1 stage=0 raw_iteration=0 ordinal=5 kernel=evaluate_resident_transport threads=504666 begin_tick=1990835776374375 end_tick=1990835776827208 ms_per_tick=9.9999999999999995e-07 device_ms=0.45283299999999999
PRODUCER_KERNEL_V1 stage=0 raw_iteration=0 ordinal=6 kernel=identify_resident_transport threads=1 begin_tick=1990835776827583 end_tick=1990835776830458 ms_per_tick=9.9999999999999995e-07 device_ms=0.002875
PRODUCER_KERNEL_V1 stage=0 raw_iteration=0 ordinal=7 kernel=owner_bind_transport threads=1 begin_tick=1990835776831041 end_tick=1990835776834583 ms_per_tick=9.9999999999999995e-07 device_ms=0.003542
PRODUCER_KERNEL_V1 stage=0 raw_iteration=0 ordinal=8 kernel=identify_resident_owner_endpoint_class threads=1 begin_tick=1990835776835000 end_tick=1990835776838166 ms_per_tick=9.9999999999999995e-07 device_ms=0.003166
PRODUCER_KERNEL_V1 stage=0 raw_iteration=0 ordinal=9 kernel=evaluate_resident_physical_flux threads=1533387 begin_tick=1990835777749625 end_tick=1990835778857125 ms_per_tick=9.9999999999999995e-07 device_ms=1.1074999999999999
PRODUCER_KERNEL_V1 stage=0 raw_iteration=0 ordinal=10 kernel=evaluate_resident_advective_pair threads=13800483 begin_tick=1990835779136750 end_tick=1990835786512791 ms_per_tick=9.9999999999999995e-07 device_ms=7.3760409999999998
PRODUCER_KERNEL_V1 stage=0 raw_iteration=0 ordinal=11 kernel=finalize_resident_advective_high threads=13800483 begin_tick=1990835786513541 end_tick=1990835786931958 ms_per_tick=9.9999999999999995e-07 device_ms=0.41841699999999998
PRODUCER_KERNEL_V1 stage=0 raw_iteration=0 ordinal=12 kernel=compose_resident_flux_pair threads=13800483 begin_tick=1990835786932291 end_tick=1990835787967583 ms_per_tick=9.9999999999999995e-07 device_ms=1.0352919999999999
PRODUCER_KERNEL_V1 stage=0 raw_iteration=0 ordinal=13 kernel=validate_resident_physical_flux threads=13800483 begin_tick=1990835787968208 end_tick=1990835788802041 ms_per_tick=9.9999999999999995e-07 device_ms=0.83383299999999994
PRODUCER_KERNEL_V1 stage=0 raw_iteration=0 ordinal=14 kernel=identify_resident_physical_flux threads=32 begin_tick=1990835788802625 end_tick=1990835788806000 ms_per_tick=9.9999999999999995e-07 device_ms=0.003375
PRODUCER_KERNEL_V1 stage=0 raw_iteration=0 ordinal=15 kernel=fct_build_ratios threads=5551326 begin_tick=1990835788806458 end_tick=1990835792490000 ms_per_tick=9.9999999999999995e-07 device_ms=3.6835419999999996
PRODUCER_KERNEL_V1 stage=0 raw_iteration=0 ordinal=16 kernel=fct_build_face_alpha threads=1533387 begin_tick=1990835792505583 end_tick=1990835792773375 ms_per_tick=9.9999999999999995e-07 device_ms=0.26779199999999997
PRODUCER_KERNEL_V1 stage=0 raw_iteration=0 ordinal=17 kernel=fct_commit_scalar threads=504666 begin_tick=1990835792774083 end_tick=1990835792964625 ms_per_tick=9.9999999999999995e-07 device_ms=0.19054199999999999
PRODUCER_KERNEL_V1 stage=0 raw_iteration=0 ordinal=18 kernel=owner_bind_candidate threads=1 begin_tick=1990835792965208 end_tick=1990835792968666 ms_per_tick=9.9999999999999995e-07 device_ms=0.0034579999999999997
PRODUCER_KERNEL_V1 stage=0 raw_iteration=0 ordinal=19 kernel=finalize_resident_eos_candidate threads=1 begin_tick=1990835792969291 end_tick=1990835792971916 ms_per_tick=9.9999999999999995e-07 device_ms=0.0026249999999999997
PRODUCER_KERNEL_V1 stage=0 raw_iteration=0 ordinal=20 kernel=build_eos_endpoint_table threads=14 begin_tick=1990835792973083 end_tick=1990835793265916 ms_per_tick=9.9999999999999995e-07 device_ms=0.29283300000000001
PRODUCER_KERNEL_V1 stage=0 raw_iteration=0 ordinal=21 kernel=evaluate_resident_eos_candidate threads=504666 begin_tick=1990835793266208 end_tick=1990835857121208 ms_per_tick=9.9999999999999995e-07 device_ms=63.854999999999997
PRODUCER_KERNEL_V1 stage=0 raw_iteration=0 ordinal=22 kernel=finalize_resident_eos_candidate threads=1 begin_tick=1990835857136625 end_tick=1990835857139208 ms_per_tick=9.9999999999999995e-07 device_ms=0.0025829999999999998
PRODUCER_KERNEL_V1 stage=0 raw_iteration=0 ordinal=23 kernel=identify_resident_eos threads=1 begin_tick=1990835857139500 end_tick=1990835857142125 ms_per_tick=9.9999999999999995e-07 device_ms=0.0026249999999999997
PRODUCER_KERNEL_V1 stage=0 raw_iteration=0 ordinal=24 kernel=produce_resident_frozen_source threads=504666 begin_tick=1990835857142541 end_tick=1990835857172916 ms_per_tick=9.9999999999999995e-07 device_ms=0.030374999999999999
PRODUCER_KERNEL_V1 stage=0 raw_iteration=0 ordinal=25 kernel=identify_resident_frozen_source threads=1 begin_tick=1990835857173333 end_tick=1990835857176583 ms_per_tick=9.9999999999999995e-07 device_ms=0.0032499999999999999
PRODUCER_KERNEL_V1 stage=0 raw_iteration=0 ordinal=26 kernel=evaluate_resident_target_terms threads=504666 begin_tick=1990835857177000 end_tick=1990835971765416 ms_per_tick=9.9999999999999995e-07 device_ms=114.588416
PRODUCER_KERNEL_V1 stage=0 raw_iteration=0 ordinal=27 kernel=finalize_resident_target threads=1 begin_tick=1990835971781708 end_tick=1990835971784708 ms_per_tick=9.9999999999999995e-07 device_ms=0.0030000000000000001
PRODUCER_KERNEL_V1 stage=0 raw_iteration=0 ordinal=28 kernel=identify_resident_target threads=1 begin_tick=1990835971785125 end_tick=1990835971788250 ms_per_tick=9.9999999999999995e-07 device_ms=0.0031249999999999997
PRODUCER_KERNEL_V1 stage=0 raw_iteration=0 ordinal=29 kernel=issue_resident_projection_consumer threads=1 begin_tick=1990835971788666 end_tick=1990835971792750 ms_per_tick=9.9999999999999995e-07 device_ms=0.004084
PRODUCER_KERNEL_V1 stage=0 raw_iteration=0 ordinal=30 kernel=consume_resident_target threads=1 begin_tick=1990835971793166 end_tick=1990835971797375 ms_per_tick=9.9999999999999995e-07 device_ms=0.0042090000000000001
PRODUCER_KERNEL_V1 stage=0 raw_iteration=0 ordinal=31 kernel=owner_compose_target threads=504666 begin_tick=1990835971797791 end_tick=1990835971877375 ms_per_tick=9.9999999999999995e-07 device_ms=0.079584000000000002
PRODUCER_KERNEL_V1 stage=0 raw_iteration=0 ordinal=32 kernel=finalize_resident_target threads=1 begin_tick=1990835971877791 end_tick=1990835971880416 ms_per_tick=9.9999999999999995e-07 device_ms=0.0026249999999999997
PRODUCER_KERNEL_V1 stage=0 raw_iteration=0 ordinal=33 kernel=owner_identify_target threads=1 begin_tick=1990835971880791 end_tick=1990835971883875 ms_per_tick=9.9999999999999995e-07 device_ms=0.0030839999999999999
PRODUCER_KERNEL_V1 stage=0 raw_iteration=0 ordinal=34 kernel=issue_resident_projection_consumer threads=1 begin_tick=1990835971884250 end_tick=1990835971887250 ms_per_tick=9.9999999999999995e-07 device_ms=0.0030000000000000001
PRODUCER_KERNEL_V1 stage=0 raw_iteration=0 ordinal=35 kernel=consume_resident_target threads=1 begin_tick=1990835971887666 end_tick=1990835971890833 ms_per_tick=9.9999999999999995e-07 device_ms=0.0031669999999999997
PRODUCER_KERNEL_V1 stage=0 raw_iteration=0 ordinal=36 kernel=owner_issue_stage_seal threads=1 begin_tick=1990835971891250 end_tick=1990835971894125 ms_per_tick=9.9999999999999995e-07 device_ms=0.002875
PRODUCER_KERNEL_V1 stage=0 raw_iteration=0 ordinal=37 kernel=fct_compatible_stage_rate threads=1533387 begin_tick=1990835971894625 end_tick=1990835972412333 ms_per_tick=9.9999999999999995e-07 device_ms=0.51770799999999995
PRODUCER_KERNEL_V1 stage=0 raw_iteration=0 ordinal=38 kernel=owner_predict_momentum threads=1533387 begin_tick=1990835972413000 end_tick=1990835972463250 ms_per_tick=9.9999999999999995e-07 device_ms=0.050249999999999996
RISE_FIRE_OWNER_PROFILE_V1 {"scope":12,"parent":7,"phase":"BuildStageProducerGroup","stage":0,"raw_iteration":0,"iteration_kind":"picard","wall_ms":277.410083000,"device_sum_ms":196.575708454,"wall_minus_device_ms":80.834374546,"exclusive_wall_ms":277.410083000,"exclusive_device_sum_ms":196.575708454,"child_observer_wall_ms":0.000000000,"count_scope":"inclusive","owner_commits":1,"projection_invocations":0}
RISE_FIRE_OWNER_PROFILE_V1 {"scope":13,"parent":7,"phase":"Residual","stage":0,"raw_iteration":0,"iteration_kind":"picard","wall_ms":0.231541000,"device_sum_ms":0.021833461,"wall_minus_device_ms":0.209707539,"exclusive_wall_ms":0.231541000,"exclusive_device_sum_ms":0.021833461,"child_observer_wall_ms":0.000000000,"count_scope":"inclusive","owner_commits":1,"projection_invocations":0}
RISE_FIRE_OWNER_PROFILE_V1 {"scope":7,"parent":3,"phase":"PicardIteration","stage":0,"raw_iteration":0,"iteration_kind":"picard","wall_ms":291.320334000,"device_sum_ms":206.227750517,"wall_minus_device_ms":85.092583483,"exclusive_wall_ms":0.387376000,"exclusive_device_sum_ms":0.000000000,"child_observer_wall_ms":0.030000000,"count_scope":"inclusive","owner_commits":6,"projection_invocations":1}
RISE_FIRE_OWNER_PROFILE_V1 {"scope":16,"parent":15,"phase":"ProjectionAdapter","stage":0,"raw_iteration":1,"iteration_kind":"picard","wall_ms":11.661917000,"device_sum_ms":8.909791708,"wall_minus_device_ms":2.752125292,"exclusive_wall_ms":11.661917000,"exclusive_device_sum_ms":8.909791708,"child_observer_wall_ms":0.000000000,"count_scope":"inclusive","owner_commits":0,"projection_invocations":1}
RISE_FIRE_OWNER_PROFILE_V1 {"scope":15,"parent":14,"phase":"Project","stage":0,"raw_iteration":1,"iteration_kind":"picard","wall_ms":12.925292000,"device_sum_ms":8.957125247,"wall_minus_device_ms":3.968166753,"exclusive_wall_ms":1.253458000,"exclusive_device_sum_ms":0.047333539,"child_observer_wall_ms":0.009917000,"count_scope":"inclusive","owner_commits":2,"projection_invocations":1}
RISE_FIRE_OWNER_PROFILE_V1 {"scope":17,"parent":14,"phase":"ReadOpenClass","stage":0,"raw_iteration":1,"iteration_kind":"picard","wall_ms":0.154209000,"device_sum_ms":0.002374873,"wall_minus_device_ms":0.151834127,"exclusive_wall_ms":0.154209000,"exclusive_device_sum_ms":0.002374873,"child_observer_wall_ms":0.000000000,"count_scope":"inclusive","owner_commits":1,"projection_invocations":0}
RISE_FIRE_OWNER_PROFILE_V1 {"scope":18,"parent":14,"phase":"ReadOpenClass","stage":0,"raw_iteration":1,"iteration_kind":"picard","wall_ms":0.151292000,"device_sum_ms":0.002458459,"wall_minus_device_ms":0.148833541,"exclusive_wall_ms":0.151292000,"exclusive_device_sum_ms":0.002458459,"child_observer_wall_ms":0.000000000,"count_scope":"inclusive","owner_commits":1,"projection_invocations":0}
PRODUCER_COMMAND_V1 stage=0 raw_iteration=1 cpu_begin=1990835986623750 cpu_end=1990836265249791 gpu_begin=1990835986623750 gpu_end=1990836265249791 device_ms=196.57175010070205 encoders=39 interval_scope=possibly_overlapping
PRODUCER_KERNEL_V1 stage=0 raw_iteration=1 ordinal=0 kernel=owner_pack_faces threads=1533387 begin_tick=1990836068583625 end_tick=1990836068642583 ms_per_tick=9.9999999999999995e-07 device_ms=0.058957999999999997
PRODUCER_KERNEL_V1 stage=0 raw_iteration=1 ordinal=1 kernel=owner_pack_faces threads=1533387 begin_tick=1990836068642333 end_tick=1990836069144166 ms_per_tick=9.9999999999999995e-07 device_ms=0.50183299999999997
PRODUCER_KERNEL_V1 stage=0 raw_iteration=1 ordinal=2 kernel=owner_pack_faces threads=1533387 begin_tick=1990836068580875 end_tick=1990836068642333 ms_per_tick=9.9999999999999995e-07 device_ms=0.061457999999999999
PRODUCER_KERNEL_V1 stage=0 raw_iteration=1 ordinal=3 kernel=fct_extract_gas_density threads=504666 begin_tick=1990836069144208 end_tick=1990836069170625 ms_per_tick=9.9999999999999995e-07 device_ms=0.026417
PRODUCER_KERNEL_V1 stage=0 raw_iteration=1 ordinal=4 kernel=owner_gas_source threads=504666 begin_tick=1990836069170625 end_tick=1990836069208375 ms_per_tick=9.9999999999999995e-07 device_ms=0.037749999999999999
PRODUCER_KERNEL_V1 stage=0 raw_iteration=1 ordinal=5 kernel=evaluate_resident_transport threads=504666 begin_tick=1990836068642958 end_tick=1990836069209333 ms_per_tick=9.9999999999999995e-07 device_ms=0.56637499999999996
PRODUCER_KERNEL_V1 stage=0 raw_iteration=1 ordinal=6 kernel=identify_resident_transport threads=1 begin_tick=1990836069209875 end_tick=1990836069213375 ms_per_tick=9.9999999999999995e-07 device_ms=0.0034999999999999996
PRODUCER_KERNEL_V1 stage=0 raw_iteration=1 ordinal=7 kernel=owner_bind_transport threads=1 begin_tick=1990836069213875 end_tick=1990836069217875 ms_per_tick=9.9999999999999995e-07 device_ms=0.0040000000000000001
PRODUCER_KERNEL_V1 stage=0 raw_iteration=1 ordinal=8 kernel=identify_resident_owner_endpoint_class threads=1 begin_tick=1990836069218208 end_tick=1990836069221208 ms_per_tick=9.9999999999999995e-07 device_ms=0.0030000000000000001
PRODUCER_KERNEL_V1 stage=0 raw_iteration=1 ordinal=9 kernel=evaluate_resident_physical_flux threads=1533387 begin_tick=1990836070029458 end_tick=1990836071338666 ms_per_tick=9.9999999999999995e-07 device_ms=1.3092079999999999
PRODUCER_KERNEL_V1 stage=0 raw_iteration=1 ordinal=10 kernel=evaluate_resident_advective_pair threads=13800483 begin_tick=1990836071513166 end_tick=1990836078642583 ms_per_tick=9.9999999999999995e-07 device_ms=7.1294170000000001
PRODUCER_KERNEL_V1 stage=0 raw_iteration=1 ordinal=11 kernel=finalize_resident_advective_high threads=13800483 begin_tick=1990836078643250 end_tick=1990836079061125 ms_per_tick=9.9999999999999995e-07 device_ms=0.417875
PRODUCER_KERNEL_V1 stage=0 raw_iteration=1 ordinal=12 kernel=compose_resident_flux_pair threads=13800483 begin_tick=1990836079061500 end_tick=1990836079953125 ms_per_tick=9.9999999999999995e-07 device_ms=0.891625
PRODUCER_KERNEL_V1 stage=0 raw_iteration=1 ordinal=13 kernel=validate_resident_physical_flux threads=13800483 begin_tick=1990836079953625 end_tick=1990836080917916 ms_per_tick=9.9999999999999995e-07 device_ms=0.96429100000000001
PRODUCER_KERNEL_V1 stage=0 raw_iteration=1 ordinal=14 kernel=identify_resident_physical_flux threads=32 begin_tick=1990836080918416 end_tick=1990836080921791 ms_per_tick=9.9999999999999995e-07 device_ms=0.003375
PRODUCER_KERNEL_V1 stage=0 raw_iteration=1 ordinal=15 kernel=fct_build_ratios threads=5551326 begin_tick=1990836080922375 end_tick=1990836084528916 ms_per_tick=9.9999999999999995e-07 device_ms=3.606541
PRODUCER_KERNEL_V1 stage=0 raw_iteration=1 ordinal=16 kernel=fct_build_face_alpha threads=1533387 begin_tick=1990836084529666 end_tick=1990836084797416 ms_per_tick=9.9999999999999995e-07 device_ms=0.26774999999999999
PRODUCER_KERNEL_V1 stage=0 raw_iteration=1 ordinal=17 kernel=fct_commit_scalar threads=504666 begin_tick=1990836084797958 end_tick=1990836084988166 ms_per_tick=9.9999999999999995e-07 device_ms=0.19020799999999999
PRODUCER_KERNEL_V1 stage=0 raw_iteration=1 ordinal=18 kernel=owner_bind_candidate threads=1 begin_tick=1990836084988750 end_tick=1990836084992291 ms_per_tick=9.9999999999999995e-07 device_ms=0.0035409999999999999
PRODUCER_KERNEL_V1 stage=0 raw_iteration=1 ordinal=19 kernel=finalize_resident_eos_candidate threads=1 begin_tick=1990836084992875 end_tick=1990836084995541 ms_per_tick=9.9999999999999995e-07 device_ms=0.002666
PRODUCER_KERNEL_V1 stage=0 raw_iteration=1 ordinal=20 kernel=build_eos_endpoint_table threads=14 begin_tick=1990836084996583 end_tick=1990836085288500 ms_per_tick=9.9999999999999995e-07 device_ms=0.29191699999999998
PRODUCER_KERNEL_V1 stage=0 raw_iteration=1 ordinal=21 kernel=evaluate_resident_eos_candidate threads=504666 begin_tick=1990836085288833 end_tick=1990836150141875 ms_per_tick=9.9999999999999995e-07 device_ms=64.853042000000002
PRODUCER_KERNEL_V1 stage=0 raw_iteration=1 ordinal=22 kernel=finalize_resident_eos_candidate threads=1 begin_tick=1990836150159375 end_tick=1990836150161958 ms_per_tick=9.9999999999999995e-07 device_ms=0.0025829999999999998
PRODUCER_KERNEL_V1 stage=0 raw_iteration=1 ordinal=23 kernel=identify_resident_eos threads=1 begin_tick=1990836150162291 end_tick=1990836150164833 ms_per_tick=9.9999999999999995e-07 device_ms=0.002542
PRODUCER_KERNEL_V1 stage=0 raw_iteration=1 ordinal=24 kernel=produce_resident_frozen_source threads=504666 begin_tick=1990836150165166 end_tick=1990836150196666 ms_per_tick=9.9999999999999995e-07 device_ms=0.0315
PRODUCER_KERNEL_V1 stage=0 raw_iteration=1 ordinal=25 kernel=identify_resident_frozen_source threads=1 begin_tick=1990836150197125 end_tick=1990836150200250 ms_per_tick=9.9999999999999995e-07 device_ms=0.0031249999999999997
PRODUCER_KERNEL_V1 stage=0 raw_iteration=1 ordinal=26 kernel=evaluate_resident_target_terms threads=504666 begin_tick=1990836150200666 end_tick=1990836264455125 ms_per_tick=9.9999999999999995e-07 device_ms=114.254459
PRODUCER_KERNEL_V1 stage=0 raw_iteration=1 ordinal=27 kernel=finalize_resident_target threads=1 begin_tick=1990836264470041 end_tick=1990836264476583 ms_per_tick=9.9999999999999995e-07 device_ms=0.0065420000000000001
PRODUCER_KERNEL_V1 stage=0 raw_iteration=1 ordinal=28 kernel=identify_resident_target threads=1 begin_tick=1990836264476875 end_tick=1990836264480083 ms_per_tick=9.9999999999999995e-07 device_ms=0.0032079999999999999
PRODUCER_KERNEL_V1 stage=0 raw_iteration=1 ordinal=29 kernel=issue_resident_projection_consumer threads=1 begin_tick=1990836264480458 end_tick=1990836264484500 ms_per_tick=9.9999999999999995e-07 device_ms=0.0040419999999999996
PRODUCER_KERNEL_V1 stage=0 raw_iteration=1 ordinal=30 kernel=consume_resident_target threads=1 begin_tick=1990836264485750 end_tick=1990836264489750 ms_per_tick=9.9999999999999995e-07 device_ms=0.0040000000000000001
PRODUCER_KERNEL_V1 stage=0 raw_iteration=1 ordinal=31 kernel=owner_compose_target threads=504666 begin_tick=1990836264490083 end_tick=1990836264569458 ms_per_tick=9.9999999999999995e-07 device_ms=0.079375000000000001
PRODUCER_KERNEL_V1 stage=0 raw_iteration=1 ordinal=32 kernel=finalize_resident_target threads=1 begin_tick=1990836264569791 end_tick=1990836264572458 ms_per_tick=9.9999999999999995e-07 device_ms=0.0026669999999999997
PRODUCER_KERNEL_V1 stage=0 raw_iteration=1 ordinal=33 kernel=owner_identify_target threads=1 begin_tick=1990836264572916 end_tick=1990836264575666 ms_per_tick=9.9999999999999995e-07 device_ms=0.0027499999999999998
PRODUCER_KERNEL_V1 stage=0 raw_iteration=1 ordinal=34 kernel=issue_resident_projection_consumer threads=1 begin_tick=1990836264576125 end_tick=1990836264579541 ms_per_tick=9.9999999999999995e-07 device_ms=0.0034159999999999998
PRODUCER_KERNEL_V1 stage=0 raw_iteration=1 ordinal=35 kernel=consume_resident_target threads=1 begin_tick=1990836264579958 end_tick=1990836264586166 ms_per_tick=9.9999999999999995e-07 device_ms=0.006208
PRODUCER_KERNEL_V1 stage=0 raw_iteration=1 ordinal=36 kernel=owner_issue_stage_seal threads=1 begin_tick=1990836264586583 end_tick=1990836264589666 ms_per_tick=9.9999999999999995e-07 device_ms=0.0030829999999999998
PRODUCER_KERNEL_V1 stage=0 raw_iteration=1 ordinal=37 kernel=fct_compatible_stage_rate threads=1533387 begin_tick=1990836264590166 end_tick=1990836265096833 ms_per_tick=9.9999999999999995e-07 device_ms=0.50666699999999998
PRODUCER_KERNEL_V1 stage=0 raw_iteration=1 ordinal=38 kernel=owner_predict_momentum threads=1533387 begin_tick=1990836265097666 end_tick=1990836265146875 ms_per_tick=9.9999999999999995e-07 device_ms=0.049208999999999996
RISE_FIRE_OWNER_PROFILE_V1 {"scope":19,"parent":14,"phase":"BuildStageProducerGroup","stage":0,"raw_iteration":1,"iteration_kind":"picard","wall_ms":278.798167000,"device_sum_ms":196.571750101,"wall_minus_device_ms":82.226416899,"exclusive_wall_ms":278.798167000,"exclusive_device_sum_ms":196.571750101,"child_observer_wall_ms":0.000000000,"count_scope":"inclusive","owner_commits":1,"projection_invocations":0}
RISE_FIRE_OWNER_PROFILE_V1 {"scope":20,"parent":14,"phase":"Residual","stage":0,"raw_iteration":1,"iteration_kind":"picard","wall_ms":0.315625000,"device_sum_ms":0.114124967,"wall_minus_device_ms":0.201500033,"exclusive_wall_ms":0.315625000,"exclusive_device_sum_ms":0.114124967,"child_observer_wall_ms":0.000000000,"count_scope":"inclusive","owner_commits":1,"projection_invocations":0}
RISE_FIRE_OWNER_PROFILE_V1 {"scope":14,"parent":3,"phase":"PicardIteration","stage":0,"raw_iteration":1,"iteration_kind":"picard","wall_ms":292.759750000,"device_sum_ms":205.647833645,"wall_minus_device_ms":87.111916355,"exclusive_wall_ms":0.384207000,"exclusive_device_sum_ms":0.000000000,"child_observer_wall_ms":0.030958000,"count_scope":"inclusive","owner_commits":6,"projection_invocations":1}
RISE_FIRE_OWNER_PROFILE_V1 {"scope":23,"parent":22,"phase":"ProjectionAdapter","stage":0,"raw_iteration":2,"iteration_kind":"picard","wall_ms":11.791042000,"device_sum_ms":8.969458286,"wall_minus_device_ms":2.821583714,"exclusive_wall_ms":11.791042000,"exclusive_device_sum_ms":8.969458286,"child_observer_wall_ms":0.000000000,"count_scope":"inclusive","owner_commits":0,"projection_invocations":1}
RISE_FIRE_OWNER_PROFILE_V1 {"scope":22,"parent":21,"phase":"Project","stage":0,"raw_iteration":2,"iteration_kind":"picard","wall_ms":13.004166000,"device_sum_ms":9.011000162,"wall_minus_device_ms":3.993165838,"exclusive_wall_ms":1.207207000,"exclusive_device_sum_ms":0.041541876,"child_observer_wall_ms":0.005917000,"count_scope":"inclusive","owner_commits":2,"projection_invocations":1}
RISE_FIRE_OWNER_PROFILE_V1 {"scope":24,"parent":21,"phase":"ReadOpenClass","stage":0,"raw_iteration":2,"iteration_kind":"picard","wall_ms":0.187250000,"device_sum_ms":0.002375105,"wall_minus_device_ms":0.184874895,"exclusive_wall_ms":0.187250000,"exclusive_device_sum_ms":0.002375105,"child_observer_wall_ms":0.000000000,"count_scope":"inclusive","owner_commits":1,"projection_invocations":0}
RISE_FIRE_OWNER_PROFILE_V1 {"scope":25,"parent":21,"phase":"ReadOpenClass","stage":0,"raw_iteration":2,"iteration_kind":"picard","wall_ms":0.169958000,"device_sum_ms":0.002374873,"wall_minus_device_ms":0.167583127,"exclusive_wall_ms":0.169958000,"exclusive_device_sum_ms":0.002374873,"child_observer_wall_ms":0.000000000,"count_scope":"inclusive","owner_commits":1,"projection_invocations":0}
PRODUCER_COMMAND_V1 stage=0 raw_iteration=2 cpu_begin=1990836279513041 cpu_end=1990836556593208 gpu_begin=1990836279513041 gpu_end=1990836556593208 device_ms=196.18237484246492 encoders=39 interval_scope=possibly_overlapping
PRODUCER_KERNEL_V1 stage=0 raw_iteration=2 ordinal=0 kernel=owner_pack_faces threads=1533387 begin_tick=1990836360439125 end_tick=1990836360490041 ms_per_tick=9.9999999999999995e-07 device_ms=0.050915999999999996
PRODUCER_KERNEL_V1 stage=0 raw_iteration=2 ordinal=1 kernel=owner_pack_faces threads=1533387 begin_tick=1990836360509625 end_tick=1990836360560875 ms_per_tick=9.9999999999999995e-07 device_ms=0.051249999999999997
PRODUCER_KERNEL_V1 stage=0 raw_iteration=2 ordinal=2 kernel=owner_pack_faces threads=1533387 begin_tick=1990836360638583 end_tick=1990836360738125 ms_per_tick=9.9999999999999995e-07 device_ms=0.099541999999999992
PRODUCER_KERNEL_V1 stage=0 raw_iteration=2 ordinal=3 kernel=fct_extract_gas_density threads=504666 begin_tick=1990836360643458 end_tick=1990836360691041 ms_per_tick=9.9999999999999995e-07 device_ms=0.047583
PRODUCER_KERNEL_V1 stage=0 raw_iteration=2 ordinal=4 kernel=owner_gas_source threads=504666 begin_tick=1990836360691041 end_tick=1990836360737958 ms_per_tick=9.9999999999999995e-07 device_ms=0.046917
PRODUCER_KERNEL_V1 stage=0 raw_iteration=2 ordinal=5 kernel=evaluate_resident_transport threads=504666 begin_tick=1990836360807166 end_tick=1990836361259708 ms_per_tick=9.9999999999999995e-07 device_ms=0.452542
PRODUCER_KERNEL_V1 stage=0 raw_iteration=2 ordinal=6 kernel=identify_resident_transport threads=1 begin_tick=1990836361260208 end_tick=1990836361263583 ms_per_tick=9.9999999999999995e-07 device_ms=0.003375
PRODUCER_KERNEL_V1 stage=0 raw_iteration=2 ordinal=7 kernel=owner_bind_transport threads=1 begin_tick=1990836361264166 end_tick=1990836361267833 ms_per_tick=9.9999999999999995e-07 device_ms=0.0036669999999999997
PRODUCER_KERNEL_V1 stage=0 raw_iteration=2 ordinal=8 kernel=identify_resident_owner_endpoint_class threads=1 begin_tick=1990836361268166 end_tick=1990836361271125 ms_per_tick=9.9999999999999995e-07 device_ms=0.0029589999999999998
PRODUCER_KERNEL_V1 stage=0 raw_iteration=2 ordinal=9 kernel=evaluate_resident_physical_flux threads=1533387 begin_tick=1990836362228333 end_tick=1990836363336208 ms_per_tick=9.9999999999999995e-07 device_ms=1.1078749999999999
PRODUCER_KERNEL_V1 stage=0 raw_iteration=2 ordinal=10 kernel=evaluate_resident_advective_pair threads=13800483 begin_tick=1990836363630500 end_tick=1990836371215375 ms_per_tick=9.9999999999999995e-07 device_ms=7.5848749999999994
PRODUCER_KERNEL_V1 stage=0 raw_iteration=2 ordinal=11 kernel=finalize_resident_advective_high threads=13800483 begin_tick=1990836371233041 end_tick=1990836371650000 ms_per_tick=9.9999999999999995e-07 device_ms=0.41695899999999997
PRODUCER_KERNEL_V1 stage=0 raw_iteration=2 ordinal=12 kernel=compose_resident_flux_pair threads=13800483 begin_tick=1990836371650375 end_tick=1990836372534291 ms_per_tick=9.9999999999999995e-07 device_ms=0.88391599999999992
PRODUCER_KERNEL_V1 stage=0 raw_iteration=2 ordinal=13 kernel=validate_resident_physical_flux threads=13800483 begin_tick=1990836372534791 end_tick=1990836373365291 ms_per_tick=9.9999999999999995e-07 device_ms=0.83050000000000002
PRODUCER_KERNEL_V1 stage=0 raw_iteration=2 ordinal=14 kernel=identify_resident_physical_flux threads=32 begin_tick=1990836373365875 end_tick=1990836373369250 ms_per_tick=9.9999999999999995e-07 device_ms=0.003375
PRODUCER_KERNEL_V1 stage=0 raw_iteration=2 ordinal=15 kernel=fct_build_ratios threads=5551326 begin_tick=1990836373369708 end_tick=1990836376959875 ms_per_tick=9.9999999999999995e-07 device_ms=3.5901669999999997
PRODUCER_KERNEL_V1 stage=0 raw_iteration=2 ordinal=16 kernel=fct_build_face_alpha threads=1533387 begin_tick=1990836376960625 end_tick=1990836377228208 ms_per_tick=9.9999999999999995e-07 device_ms=0.26758300000000002
PRODUCER_KERNEL_V1 stage=0 raw_iteration=2 ordinal=17 kernel=fct_commit_scalar threads=504666 begin_tick=1990836377228625 end_tick=1990836377421416 ms_per_tick=9.9999999999999995e-07 device_ms=0.19279099999999999
PRODUCER_KERNEL_V1 stage=0 raw_iteration=2 ordinal=18 kernel=owner_bind_candidate threads=1 begin_tick=1990836377422000 end_tick=1990836377425666 ms_per_tick=9.9999999999999995e-07 device_ms=0.003666
PRODUCER_KERNEL_V1 stage=0 raw_iteration=2 ordinal=19 kernel=finalize_resident_eos_candidate threads=1 begin_tick=1990836377426250 end_tick=1990836377428791 ms_per_tick=9.9999999999999995e-07 device_ms=0.0025409999999999999
PRODUCER_KERNEL_V1 stage=0 raw_iteration=2 ordinal=20 kernel=build_eos_endpoint_table threads=14 begin_tick=1990836377429291 end_tick=1990836377722416 ms_per_tick=9.9999999999999995e-07 device_ms=0.29312499999999997
PRODUCER_KERNEL_V1 stage=0 raw_iteration=2 ordinal=21 kernel=evaluate_resident_eos_candidate threads=504666 begin_tick=1990836377722708 end_tick=1990836441710833 ms_per_tick=9.9999999999999995e-07 device_ms=63.988124999999997
PRODUCER_KERNEL_V1 stage=0 raw_iteration=2 ordinal=22 kernel=finalize_resident_eos_candidate threads=1 begin_tick=1990836441726625 end_tick=1990836441729541 ms_per_tick=9.9999999999999995e-07 device_ms=0.0029159999999999998
PRODUCER_KERNEL_V1 stage=0 raw_iteration=2 ordinal=23 kernel=identify_resident_eos threads=1 begin_tick=1990836441729875 end_tick=1990836441732625 ms_per_tick=9.9999999999999995e-07 device_ms=0.0027499999999999998
PRODUCER_KERNEL_V1 stage=0 raw_iteration=2 ordinal=24 kernel=produce_resident_frozen_source threads=504666 begin_tick=1990836441732916 end_tick=1990836441765041 ms_per_tick=9.9999999999999995e-07 device_ms=0.032125000000000001
PRODUCER_KERNEL_V1 stage=0 raw_iteration=2 ordinal=25 kernel=identify_resident_frozen_source threads=1 begin_tick=1990836441765458 end_tick=1990836441771458 ms_per_tick=9.9999999999999995e-07 device_ms=0.0060000000000000001
PRODUCER_KERNEL_V1 stage=0 raw_iteration=2 ordinal=26 kernel=evaluate_resident_target_terms threads=504666 begin_tick=1990836441771916 end_tick=1990836555765500 ms_per_tick=9.9999999999999995e-07 device_ms=113.993584
PRODUCER_KERNEL_V1 stage=0 raw_iteration=2 ordinal=27 kernel=finalize_resident_target threads=1 begin_tick=1990836555781000 end_tick=1990836555787291 ms_per_tick=9.9999999999999995e-07 device_ms=0.0062909999999999997
PRODUCER_KERNEL_V1 stage=0 raw_iteration=2 ordinal=28 kernel=identify_resident_target threads=1 begin_tick=1990836555787708 end_tick=1990836555790833 ms_per_tick=9.9999999999999995e-07 device_ms=0.0031249999999999997
PRODUCER_KERNEL_V1 stage=0 raw_iteration=2 ordinal=29 kernel=issue_resident_projection_consumer threads=1 begin_tick=1990836555791291 end_tick=1990836555795458 ms_per_tick=9.9999999999999995e-07 device_ms=0.0041669999999999997
PRODUCER_KERNEL_V1 stage=0 raw_iteration=2 ordinal=30 kernel=consume_resident_target threads=1 begin_tick=1990836555795958 end_tick=1990836555800250 ms_per_tick=9.9999999999999995e-07 device_ms=0.0042919999999999998
PRODUCER_KERNEL_V1 stage=0 raw_iteration=2 ordinal=31 kernel=owner_compose_target threads=504666 begin_tick=1990836555800666 end_tick=1990836555880208 ms_per_tick=9.9999999999999995e-07 device_ms=0.079542000000000002
PRODUCER_KERNEL_V1 stage=0 raw_iteration=2 ordinal=32 kernel=finalize_resident_target threads=1 begin_tick=1990836555880500 end_tick=1990836555886125 ms_per_tick=9.9999999999999995e-07 device_ms=0.0056249999999999998
PRODUCER_KERNEL_V1 stage=0 raw_iteration=2 ordinal=33 kernel=owner_identify_target threads=1 begin_tick=1990836555886541 end_tick=1990836555889375 ms_per_tick=9.9999999999999995e-07 device_ms=0.0028339999999999997
PRODUCER_KERNEL_V1 stage=0 raw_iteration=2 ordinal=34 kernel=issue_resident_projection_consumer threads=1 begin_tick=1990836555889750 end_tick=1990836555892916 ms_per_tick=9.9999999999999995e-07 device_ms=0.003166
PRODUCER_KERNEL_V1 stage=0 raw_iteration=2 ordinal=35 kernel=consume_resident_target threads=1 begin_tick=1990836555893291 end_tick=1990836555896750 ms_per_tick=9.9999999999999995e-07 device_ms=0.0034589999999999998
PRODUCER_KERNEL_V1 stage=0 raw_iteration=2 ordinal=36 kernel=owner_issue_stage_seal threads=1 begin_tick=1990836555897083 end_tick=1990836555900000 ms_per_tick=9.9999999999999995e-07 device_ms=0.0029169999999999999
PRODUCER_KERNEL_V1 stage=0 raw_iteration=2 ordinal=37 kernel=fct_compatible_stage_rate threads=1533387 begin_tick=1990836555900458 end_tick=1990836556417416 ms_per_tick=9.9999999999999995e-07 device_ms=0.51695800000000003
PRODUCER_KERNEL_V1 stage=0 raw_iteration=2 ordinal=38 kernel=owner_predict_momentum threads=1533387 begin_tick=1990836556418000 end_tick=1990836556470791 ms_per_tick=9.9999999999999995e-07 device_ms=0.052790999999999998
RISE_FIRE_OWNER_PROFILE_V1 {"scope":26,"parent":21,"phase":"BuildStageProducerGroup","stage":0,"raw_iteration":2,"iteration_kind":"picard","wall_ms":277.227250000,"device_sum_ms":196.182374842,"wall_minus_device_ms":81.044875158,"exclusive_wall_ms":277.227250000,"exclusive_device_sum_ms":196.182374842,"child_observer_wall_ms":0.000000000,"count_scope":"inclusive","owner_commits":1,"projection_invocations":0}
RISE_FIRE_OWNER_PROFILE_V1 {"scope":27,"parent":21,"phase":"Residual","stage":0,"raw_iteration":2,"iteration_kind":"picard","wall_ms":0.303250000,"device_sum_ms":0.112500042,"wall_minus_device_ms":0.190749958,"exclusive_wall_ms":0.303250000,"exclusive_device_sum_ms":0.112500042,"child_observer_wall_ms":0.000000000,"count_scope":"inclusive","owner_commits":1,"projection_invocations":0}
RISE_FIRE_OWNER_PROFILE_V1 {"scope":30,"parent":29,"phase":"ProjectionAdapter","stage":0,"raw_iteration":2147483650,"iteration_kind":"terminal","wall_ms":11.810666000,"device_sum_ms":8.963541593,"wall_minus_device_ms":2.847124407,"exclusive_wall_ms":11.810666000,"exclusive_device_sum_ms":8.963541593,"child_observer_wall_ms":0.000000000,"count_scope":"inclusive","owner_commits":0,"projection_invocations":1}
RISE_FIRE_OWNER_PROFILE_V1 {"scope":29,"parent":28,"phase":"Project","stage":0,"raw_iteration":2147483650,"iteration_kind":"terminal","wall_ms":12.439750000,"device_sum_ms":9.043208323,"wall_minus_device_ms":3.396541677,"exclusive_wall_ms":0.622417000,"exclusive_device_sum_ms":0.079666730,"child_observer_wall_ms":0.006667000,"count_scope":"inclusive","owner_commits":2,"projection_invocations":1}
RISE_FIRE_OWNER_PROFILE_V1 {"scope":31,"parent":28,"phase":"ReadOpenClass","stage":0,"raw_iteration":2147483650,"iteration_kind":"terminal","wall_ms":0.165875000,"device_sum_ms":0.002416549,"wall_minus_device_ms":0.163458451,"exclusive_wall_ms":0.165875000,"exclusive_device_sum_ms":0.002416549,"child_observer_wall_ms":0.000000000,"count_scope":"inclusive","owner_commits":1,"projection_invocations":0}
RISE_FIRE_OWNER_PROFILE_V1 {"scope":32,"parent":28,"phase":"ReadOpenClass","stage":0,"raw_iteration":2147483650,"iteration_kind":"terminal","wall_ms":0.151625000,"device_sum_ms":0.002499903,"wall_minus_device_ms":0.149125097,"exclusive_wall_ms":0.151625000,"exclusive_device_sum_ms":0.002499903,"child_observer_wall_ms":0.000000000,"count_scope":"inclusive","owner_commits":1,"projection_invocations":0}
PRODUCER_COMMAND_V1 stage=0 raw_iteration=2147483650 cpu_begin=1990836569828333 cpu_end=1990836848466750 gpu_begin=1990836569828333 gpu_end=1990836848466750 device_ms=197.56487477570772 encoders=39 interval_scope=possibly_overlapping
PRODUCER_KERNEL_V1 stage=0 raw_iteration=2147483650 ordinal=0 kernel=owner_pack_faces threads=1533387 begin_tick=1990836650793000 end_tick=1990836650848875 ms_per_tick=9.9999999999999995e-07 device_ms=0.055874999999999994
PRODUCER_KERNEL_V1 stage=0 raw_iteration=2147483650 ordinal=1 kernel=owner_pack_faces threads=1533387 begin_tick=1990836650848583 end_tick=1990836651281458 ms_per_tick=9.9999999999999995e-07 device_ms=0.43287499999999995
PRODUCER_KERNEL_V1 stage=0 raw_iteration=2147483650 ordinal=2 kernel=owner_pack_faces threads=1533387 begin_tick=1990836650784416 end_tick=1990836650848583 ms_per_tick=9.9999999999999995e-07 device_ms=0.064167000000000002
PRODUCER_KERNEL_V1 stage=0 raw_iteration=2147483650 ordinal=3 kernel=fct_extract_gas_density threads=504666 begin_tick=1990836651281458 end_tick=1990836651305208 ms_per_tick=9.9999999999999995e-07 device_ms=0.02375
PRODUCER_KERNEL_V1 stage=0 raw_iteration=2147483650 ordinal=4 kernel=owner_gas_source threads=504666 begin_tick=1990836651305208 end_tick=1990836651354875 ms_per_tick=9.9999999999999995e-07 device_ms=0.049666999999999996
PRODUCER_KERNEL_V1 stage=0 raw_iteration=2147483650 ordinal=5 kernel=evaluate_resident_transport threads=504666 begin_tick=1990836650849250 end_tick=1990836651357166 ms_per_tick=9.9999999999999995e-07 device_ms=0.50791599999999992
PRODUCER_KERNEL_V1 stage=0 raw_iteration=2147483650 ordinal=6 kernel=identify_resident_transport threads=1 begin_tick=1990836651357666 end_tick=1990836651360833 ms_per_tick=9.9999999999999995e-07 device_ms=0.0031669999999999997
PRODUCER_KERNEL_V1 stage=0 raw_iteration=2147483650 ordinal=7 kernel=owner_bind_transport threads=1 begin_tick=1990836651361416 end_tick=1990836651365333 ms_per_tick=9.9999999999999995e-07 device_ms=0.0039169999999999995
PRODUCER_KERNEL_V1 stage=0 raw_iteration=2147483650 ordinal=8 kernel=identify_resident_owner_endpoint_class threads=1 begin_tick=1990836651365750 end_tick=1990836651369000 ms_per_tick=9.9999999999999995e-07 device_ms=0.0032499999999999999
PRODUCER_KERNEL_V1 stage=0 raw_iteration=2147483650 ordinal=9 kernel=evaluate_resident_physical_flux threads=1533387 begin_tick=1990836652144625 end_tick=1990836653255541 ms_per_tick=9.9999999999999995e-07 device_ms=1.110916
PRODUCER_KERNEL_V1 stage=0 raw_iteration=2147483650 ordinal=10 kernel=evaluate_resident_advective_pair threads=13800483 begin_tick=1990836653557083 end_tick=1990836660853083 ms_per_tick=9.9999999999999995e-07 device_ms=7.2959999999999994
PRODUCER_KERNEL_V1 stage=0 raw_iteration=2147483650 ordinal=11 kernel=finalize_resident_advective_high threads=13800483 begin_tick=1990836660854125 end_tick=1990836661274250 ms_per_tick=9.9999999999999995e-07 device_ms=0.42012499999999997
PRODUCER_KERNEL_V1 stage=0 raw_iteration=2147483650 ordinal=12 kernel=compose_resident_flux_pair threads=13800483 begin_tick=1990836661274625 end_tick=1990836662162666 ms_per_tick=9.9999999999999995e-07 device_ms=0.88804099999999997
PRODUCER_KERNEL_V1 stage=0 raw_iteration=2147483650 ordinal=13 kernel=validate_resident_physical_flux threads=13800483 begin_tick=1990836662163416 end_tick=1990836663149208 ms_per_tick=9.9999999999999995e-07 device_ms=0.985792
PRODUCER_KERNEL_V1 stage=0 raw_iteration=2147483650 ordinal=14 kernel=identify_resident_physical_flux threads=32 begin_tick=1990836663149708 end_tick=1990836663153291 ms_per_tick=9.9999999999999995e-07 device_ms=0.0035829999999999998
PRODUCER_KERNEL_V1 stage=0 raw_iteration=2147483650 ordinal=15 kernel=fct_build_ratios threads=5551326 begin_tick=1990836663153791 end_tick=1990836666772041 ms_per_tick=9.9999999999999995e-07 device_ms=3.6182499999999997
PRODUCER_KERNEL_V1 stage=0 raw_iteration=2147483650 ordinal=16 kernel=fct_build_face_alpha threads=1533387 begin_tick=1990836666772708 end_tick=1990836667040291 ms_per_tick=9.9999999999999995e-07 device_ms=0.26758300000000002
PRODUCER_KERNEL_V1 stage=0 raw_iteration=2147483650 ordinal=17 kernel=fct_commit_scalar threads=504666 begin_tick=1990836667040833 end_tick=1990836667233416 ms_per_tick=9.9999999999999995e-07 device_ms=0.192583
PRODUCER_KERNEL_V1 stage=0 raw_iteration=2147483650 ordinal=18 kernel=owner_bind_candidate threads=1 begin_tick=1990836667234125 end_tick=1990836667237791 ms_per_tick=9.9999999999999995e-07 device_ms=0.003666
PRODUCER_KERNEL_V1 stage=0 raw_iteration=2147483650 ordinal=19 kernel=finalize_resident_eos_candidate threads=1 begin_tick=1990836667238250 end_tick=1990836667240750 ms_per_tick=9.9999999999999995e-07 device_ms=0.0025000000000000001
PRODUCER_KERNEL_V1 stage=0 raw_iteration=2147483650 ordinal=20 kernel=build_eos_endpoint_table threads=14 begin_tick=1990836667241250 end_tick=1990836667532500 ms_per_tick=9.9999999999999995e-07 device_ms=0.29125000000000001
PRODUCER_KERNEL_V1 stage=0 raw_iteration=2147483650 ordinal=21 kernel=evaluate_resident_eos_candidate threads=504666 begin_tick=1990836667532833 end_tick=1990836733113250 ms_per_tick=9.9999999999999995e-07 device_ms=65.580416999999997
PRODUCER_KERNEL_V1 stage=0 raw_iteration=2147483650 ordinal=22 kernel=finalize_resident_eos_candidate threads=1 begin_tick=1990836733129916 end_tick=1990836733132625 ms_per_tick=9.9999999999999995e-07 device_ms=0.002709
PRODUCER_KERNEL_V1 stage=0 raw_iteration=2147483650 ordinal=23 kernel=identify_resident_eos threads=1 begin_tick=1990836733132958 end_tick=1990836733135833 ms_per_tick=9.9999999999999995e-07 device_ms=0.002875
PRODUCER_KERNEL_V1 stage=0 raw_iteration=2147483650 ordinal=24 kernel=produce_resident_frozen_source threads=504666 begin_tick=1990836733136166 end_tick=1990836733167458 ms_per_tick=9.9999999999999995e-07 device_ms=0.031292
PRODUCER_KERNEL_V1 stage=0 raw_iteration=2147483650 ordinal=25 kernel=identify_resident_frozen_source threads=1 begin_tick=1990836733167875 end_tick=1990836733171583 ms_per_tick=9.9999999999999995e-07 device_ms=0.0037079999999999999
PRODUCER_KERNEL_V1 stage=0 raw_iteration=2147483650 ordinal=26 kernel=evaluate_resident_target_terms threads=504666 begin_tick=1990836733171958 end_tick=1990836847650375 ms_per_tick=9.9999999999999995e-07 device_ms=114.47841699999999
PRODUCER_KERNEL_V1 stage=0 raw_iteration=2147483650 ordinal=27 kernel=finalize_resident_target threads=1 begin_tick=1990836847664708 end_tick=1990836847667791 ms_per_tick=9.9999999999999995e-07 device_ms=0.0030829999999999998
PRODUCER_KERNEL_V1 stage=0 raw_iteration=2147483650 ordinal=28 kernel=identify_resident_target threads=1 begin_tick=1990836847668166 end_tick=1990836847671208 ms_per_tick=9.9999999999999995e-07 device_ms=0.003042
PRODUCER_KERNEL_V1 stage=0 raw_iteration=2147483650 ordinal=29 kernel=issue_resident_projection_consumer threads=1 begin_tick=1990836847671625 end_tick=1990836847675708 ms_per_tick=9.9999999999999995e-07 device_ms=0.0040829999999999998
PRODUCER_KERNEL_V1 stage=0 raw_iteration=2147483650 ordinal=30 kernel=consume_resident_target threads=1 begin_tick=1990836847676125 end_tick=1990836847680000 ms_per_tick=9.9999999999999995e-07 device_ms=0.003875
PRODUCER_KERNEL_V1 stage=0 raw_iteration=2147483650 ordinal=31 kernel=owner_compose_target threads=504666 begin_tick=1990836847680458 end_tick=1990836847759791 ms_per_tick=9.9999999999999995e-07 device_ms=0.079333000000000001
PRODUCER_KERNEL_V1 stage=0 raw_iteration=2147483650 ordinal=32 kernel=finalize_resident_target threads=1 begin_tick=1990836847760125 end_tick=1990836847762750 ms_per_tick=9.9999999999999995e-07 device_ms=0.0026249999999999997
PRODUCER_KERNEL_V1 stage=0 raw_iteration=2147483650 ordinal=33 kernel=owner_identify_target threads=1 begin_tick=1990836847763083 end_tick=1990836847765958 ms_per_tick=9.9999999999999995e-07 device_ms=0.002875
PRODUCER_KERNEL_V1 stage=0 raw_iteration=2147483650 ordinal=34 kernel=issue_resident_projection_consumer threads=1 begin_tick=1990836847766291 end_tick=1990836847769375 ms_per_tick=9.9999999999999995e-07 device_ms=0.0030839999999999999
PRODUCER_KERNEL_V1 stage=0 raw_iteration=2147483650 ordinal=35 kernel=consume_resident_target threads=1 begin_tick=1990836847769708 end_tick=1990836847772833 ms_per_tick=9.9999999999999995e-07 device_ms=0.0031249999999999997
PRODUCER_KERNEL_V1 stage=0 raw_iteration=2147483650 ordinal=36 kernel=owner_issue_stage_seal threads=1 begin_tick=1990836847773250 end_tick=1990836847776208 ms_per_tick=9.9999999999999995e-07 device_ms=0.0029579999999999997
PRODUCER_KERNEL_V1 stage=0 raw_iteration=2147483650 ordinal=37 kernel=fct_compatible_stage_rate threads=1533387 begin_tick=1990836847776708 end_tick=1990836848292750 ms_per_tick=9.9999999999999995e-07 device_ms=0.516042
PRODUCER_KERNEL_V1 stage=0 raw_iteration=2147483650 ordinal=38 kernel=owner_predict_momentum threads=1533387 begin_tick=1990836848293500 end_tick=1990836848343458 ms_per_tick=9.9999999999999995e-07 device_ms=0.049957999999999995
RISE_FIRE_OWNER_PROFILE_V1 {"scope":33,"parent":28,"phase":"BuildStageProducerGroup","stage":0,"raw_iteration":2147483650,"iteration_kind":"terminal","wall_ms":278.791334000,"device_sum_ms":197.564874776,"wall_minus_device_ms":81.226459224,"exclusive_wall_ms":278.791334000,"exclusive_device_sum_ms":197.564874776,"child_observer_wall_ms":0.000000000,"count_scope":"inclusive","owner_commits":1,"projection_invocations":0}
RISE_FIRE_OWNER_PROFILE_V1 {"scope":34,"parent":28,"phase":"AlphaResidual","stage":0,"raw_iteration":2147483650,"iteration_kind":"terminal","wall_ms":0.237083000,"device_sum_ms":0.051291659,"wall_minus_device_ms":0.185791341,"exclusive_wall_ms":0.237083000,"exclusive_device_sum_ms":0.051291659,"child_observer_wall_ms":0.000000000,"count_scope":"inclusive","owner_commits":1,"projection_invocations":0}
RISE_FIRE_OWNER_PROFILE_V1 {"scope":35,"parent":28,"phase":"Residual","stage":0,"raw_iteration":2147483650,"iteration_kind":"terminal","wall_ms":0.293041000,"device_sum_ms":0.108958222,"wall_minus_device_ms":0.184082778,"exclusive_wall_ms":0.293041000,"exclusive_device_sum_ms":0.108958222,"child_observer_wall_ms":0.000000000,"count_scope":"inclusive","owner_commits":1,"projection_invocations":0}
RISE_FIRE_OWNER_PROFILE_V1 {"scope":28,"parent":21,"phase":"TerminalVerification","stage":0,"raw_iteration":2147483650,"iteration_kind":"terminal","wall_ms":292.116583000,"device_sum_ms":206.773249432,"wall_minus_device_ms":85.343333568,"exclusive_wall_ms":0.003667000,"exclusive_device_sum_ms":0.000000000,"child_observer_wall_ms":0.034208000,"count_scope":"inclusive","owner_commits":7,"projection_invocations":1}
RISE_FIRE_OWNER_PROFILE_V1 {"scope":21,"parent":3,"phase":"PicardIteration","stage":0,"raw_iteration":2,"iteration_kind":"picard","wall_ms":583.423709000,"device_sum_ms":412.083874457,"wall_minus_device_ms":171.339834543,"exclusive_wall_ms":0.382292000,"exclusive_device_sum_ms":0.000000000,"child_observer_wall_ms":0.032960000,"count_scope":"inclusive","owner_commits":13,"projection_invocations":2}
RISE_FIRE_OWNER_PROFILE_V1 {"scope":3,"parent":1,"phase":"SolveStage","stage":0,"raw_iteration":4294967295,"iteration_kind":"bootstrap","wall_ms":1479.290333000,"device_sum_ms":1047.673375346,"wall_minus_device_ms":431.616957654,"exclusive_wall_ms":1.532583000,"exclusive_device_sum_ms":0.000000000,"child_observer_wall_ms":0.026374000,"count_scope":"inclusive","owner_commits":28,"projection_invocations":5}
RISE_FIRE_OWNER_PROFILE_V1 {"scope":38,"parent":37,"phase":"ProjectionAdapter","stage":1,"raw_iteration":4294967295,"iteration_kind":"bootstrap","wall_ms":11.663042000,"device_sum_ms":8.871499915,"wall_minus_device_ms":2.791542085,"exclusive_wall_ms":11.663042000,"exclusive_device_sum_ms":8.871499915,"child_observer_wall_ms":0.000000000,"count_scope":"inclusive","owner_commits":0,"projection_invocations":1}
RISE_FIRE_OWNER_PROFILE_V1 {"scope":37,"parent":36,"phase":"Project","stage":1,"raw_iteration":4294967295,"iteration_kind":"bootstrap","wall_ms":12.296417000,"device_sum_ms":8.920124732,"wall_minus_device_ms":3.376292268,"exclusive_wall_ms":0.625833000,"exclusive_device_sum_ms":0.048624817,"child_observer_wall_ms":0.007542000,"count_scope":"inclusive","owner_commits":2,"projection_invocations":1}
PRODUCER_COMMAND_V1 stage=1 raw_iteration=4294967295 cpu_begin=1990836863394000 cpu_end=1990837141754708 gpu_begin=1990836863394000 gpu_end=1990837141754708 device_ms=197.78358330950141 encoders=42 interval_scope=possibly_overlapping
PRODUCER_KERNEL_V1 stage=1 raw_iteration=4294967295 ordinal=0 kernel=owner_pack_faces threads=1533387 begin_tick=1990836944030583 end_tick=1990836944080958 ms_per_tick=9.9999999999999995e-07 device_ms=0.050374999999999996
PRODUCER_KERNEL_V1 stage=1 raw_iteration=4294967295 ordinal=1 kernel=owner_pack_faces threads=1533387 begin_tick=1990836944098833 end_tick=1990836944150416 ms_per_tick=9.9999999999999995e-07 device_ms=0.051582999999999997
PRODUCER_KERNEL_V1 stage=1 raw_iteration=4294967295 ordinal=2 kernel=owner_pack_faces threads=1533387 begin_tick=1990836944222875 end_tick=1990836944328083 ms_per_tick=9.9999999999999995e-07 device_ms=0.105208
PRODUCER_KERNEL_V1 stage=1 raw_iteration=4294967295 ordinal=3 kernel=fct_extract_gas_density threads=504666 begin_tick=1990836944225208 end_tick=1990836944274291 ms_per_tick=9.9999999999999995e-07 device_ms=0.049082999999999995
PRODUCER_KERNEL_V1 stage=1 raw_iteration=4294967295 ordinal=4 kernel=owner_gas_source threads=504666 begin_tick=1990836944281500 end_tick=1990836944327875 ms_per_tick=9.9999999999999995e-07 device_ms=0.046375
PRODUCER_KERNEL_V1 stage=1 raw_iteration=4294967295 ordinal=5 kernel=evaluate_resident_transport threads=504666 begin_tick=1990836944396541 end_tick=1990836944844000 ms_per_tick=9.9999999999999995e-07 device_ms=0.447459
PRODUCER_KERNEL_V1 stage=1 raw_iteration=4294967295 ordinal=6 kernel=identify_resident_transport threads=1 begin_tick=1990836944844583 end_tick=1990836944847458 ms_per_tick=9.9999999999999995e-07 device_ms=0.002875
PRODUCER_KERNEL_V1 stage=1 raw_iteration=4294967295 ordinal=7 kernel=owner_bind_transport threads=1 begin_tick=1990836944848041 end_tick=1990836944851375 ms_per_tick=9.9999999999999995e-07 device_ms=0.0033339999999999997
PRODUCER_KERNEL_V1 stage=1 raw_iteration=4294967295 ordinal=8 kernel=identify_resident_owner_endpoint_class threads=1 begin_tick=1990836944851791 end_tick=1990836944854916 ms_per_tick=9.9999999999999995e-07 device_ms=0.0031249999999999997
PRODUCER_KERNEL_V1 stage=1 raw_iteration=4294967295 ordinal=9 kernel=evaluate_resident_physical_flux threads=1533387 begin_tick=1990836945798000 end_tick=1990836946912083 ms_per_tick=9.9999999999999995e-07 device_ms=1.1140829999999999
PRODUCER_KERNEL_V1 stage=1 raw_iteration=4294967295 ordinal=10 kernel=evaluate_resident_advective_pair threads=13800483 begin_tick=1990836947164625 end_tick=1990836954709791 ms_per_tick=9.9999999999999995e-07 device_ms=7.545166
PRODUCER_KERNEL_V1 stage=1 raw_iteration=4294967295 ordinal=11 kernel=finalize_resident_advective_high threads=13800483 begin_tick=1990836954734333 end_tick=1990836955152666 ms_per_tick=9.9999999999999995e-07 device_ms=0.41833299999999995
PRODUCER_KERNEL_V1 stage=1 raw_iteration=4294967295 ordinal=12 kernel=compose_resident_flux_pair threads=13800483 begin_tick=1990836955153000 end_tick=1990836956037916 ms_per_tick=9.9999999999999995e-07 device_ms=0.88491599999999992
PRODUCER_KERNEL_V1 stage=1 raw_iteration=4294967295 ordinal=13 kernel=validate_resident_physical_flux threads=13800483 begin_tick=1990836956038541 end_tick=1990836956873333 ms_per_tick=9.9999999999999995e-07 device_ms=0.83479199999999998
PRODUCER_KERNEL_V1 stage=1 raw_iteration=4294967295 ordinal=14 kernel=identify_resident_physical_flux threads=32 begin_tick=1990836956874000 end_tick=1990836956879916 ms_per_tick=9.9999999999999995e-07 device_ms=0.0059159999999999994
PRODUCER_KERNEL_V1 stage=1 raw_iteration=4294967295 ordinal=15 kernel=owner_average_flux threads=13800483 begin_tick=1990836956880458 end_tick=1990836957679958 ms_per_tick=9.9999999999999995e-07 device_ms=0.79949999999999999
PRODUCER_KERNEL_V1 stage=1 raw_iteration=4294967295 ordinal=16 kernel=owner_bind_averaged_flux threads=1 begin_tick=1990836957680458 end_tick=1990836957684625 ms_per_tick=9.9999999999999995e-07 device_ms=0.0041669999999999997
PRODUCER_KERNEL_V1 stage=1 raw_iteration=4294967295 ordinal=17 kernel=fct_build_ratios threads=5551326 begin_tick=1990836957685208 end_tick=1990836961295375 ms_per_tick=9.9999999999999995e-07 device_ms=3.6101669999999997
PRODUCER_KERNEL_V1 stage=1 raw_iteration=4294967295 ordinal=18 kernel=fct_build_face_alpha threads=1533387 begin_tick=1990836961296083 end_tick=1990836961566625 ms_per_tick=9.9999999999999995e-07 device_ms=0.270542
PRODUCER_KERNEL_V1 stage=1 raw_iteration=4294967295 ordinal=19 kernel=fct_commit_scalar threads=504666 begin_tick=1990836961567333 end_tick=1990836961756375 ms_per_tick=9.9999999999999995e-07 device_ms=0.18904199999999999
PRODUCER_KERNEL_V1 stage=1 raw_iteration=4294967295 ordinal=20 kernel=owner_bind_candidate threads=1 begin_tick=1990836961756791 end_tick=1990836961760666 ms_per_tick=9.9999999999999995e-07 device_ms=0.003875
PRODUCER_KERNEL_V1 stage=1 raw_iteration=4294967295 ordinal=21 kernel=finalize_resident_eos_candidate threads=1 begin_tick=1990836961761250 end_tick=1990836961763833 ms_per_tick=9.9999999999999995e-07 device_ms=0.0025829999999999998
PRODUCER_KERNEL_V1 stage=1 raw_iteration=4294967295 ordinal=22 kernel=build_eos_endpoint_table threads=14 begin_tick=1990836961764541 end_tick=1990836962056750 ms_per_tick=9.9999999999999995e-07 device_ms=0.292209
PRODUCER_KERNEL_V1 stage=1 raw_iteration=4294967295 ordinal=23 kernel=evaluate_resident_eos_candidate threads=504666 begin_tick=1990836962057083 end_tick=1990837026454208 ms_per_tick=9.9999999999999995e-07 device_ms=64.397125000000003
PRODUCER_KERNEL_V1 stage=1 raw_iteration=4294967295 ordinal=24 kernel=finalize_resident_eos_candidate threads=1 begin_tick=1990837026469750 end_tick=1990837026475958 ms_per_tick=9.9999999999999995e-07 device_ms=0.006208
PRODUCER_KERNEL_V1 stage=1 raw_iteration=4294967295 ordinal=25 kernel=identify_resident_eos threads=1 begin_tick=1990837026476250 end_tick=1990837026478958 ms_per_tick=9.9999999999999995e-07 device_ms=0.0027079999999999999
PRODUCER_KERNEL_V1 stage=1 raw_iteration=4294967295 ordinal=26 kernel=produce_resident_frozen_source threads=504666 begin_tick=1990837026479416 end_tick=1990837026508666 ms_per_tick=9.9999999999999995e-07 device_ms=0.029249999999999998
PRODUCER_KERNEL_V1 stage=1 raw_iteration=4294967295 ordinal=27 kernel=identify_resident_frozen_source threads=1 begin_tick=1990837026509083 end_tick=1990837026512041 ms_per_tick=9.9999999999999995e-07 device_ms=0.0029579999999999997
PRODUCER_KERNEL_V1 stage=1 raw_iteration=4294967295 ordinal=28 kernel=evaluate_resident_target_terms threads=504666 begin_tick=1990837026512458 end_tick=1990837140455375 ms_per_tick=9.9999999999999995e-07 device_ms=113.94291699999999
PRODUCER_KERNEL_V1 stage=1 raw_iteration=4294967295 ordinal=29 kernel=finalize_resident_target threads=1 begin_tick=1990837140470625 end_tick=1990837140473875 ms_per_tick=9.9999999999999995e-07 device_ms=0.0032499999999999999
PRODUCER_KERNEL_V1 stage=1 raw_iteration=4294967295 ordinal=30 kernel=identify_resident_target threads=1 begin_tick=1990837140474208 end_tick=1990837140477333 ms_per_tick=9.9999999999999995e-07 device_ms=0.0031249999999999997
PRODUCER_KERNEL_V1 stage=1 raw_iteration=4294967295 ordinal=31 kernel=issue_resident_projection_consumer threads=1 begin_tick=1990837140477666 end_tick=1990837140481916 ms_per_tick=9.9999999999999995e-07 device_ms=0.0042499999999999994
PRODUCER_KERNEL_V1 stage=1 raw_iteration=4294967295 ordinal=32 kernel=consume_resident_target threads=1 begin_tick=1990837140482208 end_tick=1990837140486416 ms_per_tick=9.9999999999999995e-07 device_ms=0.0042079999999999999
PRODUCER_KERNEL_V1 stage=1 raw_iteration=4294967295 ordinal=33 kernel=owner_compose_target threads=504666 begin_tick=1990837140486708 end_tick=1990837140517708 ms_per_tick=9.9999999999999995e-07 device_ms=0.031
PRODUCER_KERNEL_V1 stage=1 raw_iteration=4294967295 ordinal=34 kernel=finalize_resident_target threads=1 begin_tick=1990837140518083 end_tick=1990837140520750 ms_per_tick=9.9999999999999995e-07 device_ms=0.0026669999999999997
PRODUCER_KERNEL_V1 stage=1 raw_iteration=4294967295 ordinal=35 kernel=owner_identify_target threads=1 begin_tick=1990837140521166 end_tick=1990837140523958 ms_per_tick=9.9999999999999995e-07 device_ms=0.0027919999999999998
PRODUCER_KERNEL_V1 stage=1 raw_iteration=4294967295 ordinal=36 kernel=issue_resident_projection_consumer threads=1 begin_tick=1990837140524291 end_tick=1990837140527625 ms_per_tick=9.9999999999999995e-07 device_ms=0.0033339999999999997
PRODUCER_KERNEL_V1 stage=1 raw_iteration=4294967295 ordinal=37 kernel=consume_resident_target threads=1 begin_tick=1990837140528041 end_tick=1990837140531041 ms_per_tick=9.9999999999999995e-07 device_ms=0.0030000000000000001
PRODUCER_KERNEL_V1 stage=1 raw_iteration=4294967295 ordinal=38 kernel=owner_issue_stage_seal threads=1 begin_tick=1990837140531458 end_tick=1990837140534208 ms_per_tick=9.9999999999999995e-07 device_ms=0.0027499999999999998
PRODUCER_KERNEL_V1 stage=1 raw_iteration=4294967295 ordinal=39 kernel=fct_compatible_stage_rate threads=1533387 begin_tick=1990837140534708 end_tick=1990837141063333 ms_per_tick=9.9999999999999995e-07 device_ms=0.52862500000000001
PRODUCER_KERNEL_V1 stage=1 raw_iteration=4294967295 ordinal=40 kernel=fct_compatible_stage_rate threads=1533387 begin_tick=1990837141063875 end_tick=1990837141585750 ms_per_tick=9.9999999999999995e-07 device_ms=0.52187499999999998
PRODUCER_KERNEL_V1 stage=1 raw_iteration=4294967295 ordinal=41 kernel=owner_heun_momentum threads=1533387 begin_tick=1990837141586208 end_tick=1990837141678291 ms_per_tick=9.9999999999999995e-07 device_ms=0.092082999999999998
RISE_FIRE_OWNER_PROFILE_V1 {"scope":39,"parent":36,"phase":"BuildStageProducerGroup","stage":1,"raw_iteration":4294967295,"iteration_kind":"bootstrap","wall_ms":278.514500000,"device_sum_ms":197.783583310,"wall_minus_device_ms":80.730916690,"exclusive_wall_ms":278.514500000,"exclusive_device_sum_ms":197.783583310,"child_observer_wall_ms":0.000000000,"count_scope":"inclusive","owner_commits":1,"projection_invocations":0}
RISE_FIRE_OWNER_PROFILE_V1 {"scope":42,"parent":41,"phase":"ProjectionAdapter","stage":1,"raw_iteration":0,"iteration_kind":"picard","wall_ms":11.914333000,"device_sum_ms":9.125166573,"wall_minus_device_ms":2.789166427,"exclusive_wall_ms":11.914333000,"exclusive_device_sum_ms":9.125166573,"child_observer_wall_ms":0.000000000,"count_scope":"inclusive","owner_commits":0,"projection_invocations":1}
RISE_FIRE_OWNER_PROFILE_V1 {"scope":41,"parent":40,"phase":"Project","stage":1,"raw_iteration":0,"iteration_kind":"picard","wall_ms":12.533834000,"device_sum_ms":9.169749916,"wall_minus_device_ms":3.364084084,"exclusive_wall_ms":0.611668000,"exclusive_device_sum_ms":0.044583343,"child_observer_wall_ms":0.007833000,"count_scope":"inclusive","owner_commits":2,"projection_invocations":1}
RISE_FIRE_OWNER_PROFILE_V1 {"scope":43,"parent":40,"phase":"ReadOpenClass","stage":1,"raw_iteration":0,"iteration_kind":"picard","wall_ms":0.153125000,"device_sum_ms":0.002499903,"wall_minus_device_ms":0.150625097,"exclusive_wall_ms":0.153125000,"exclusive_device_sum_ms":0.002499903,"child_observer_wall_ms":0.000000000,"count_scope":"inclusive","owner_commits":1,"projection_invocations":0}
RISE_FIRE_OWNER_PROFILE_V1 {"scope":44,"parent":40,"phase":"ReadOpenClass","stage":1,"raw_iteration":0,"iteration_kind":"picard","wall_ms":0.134250000,"device_sum_ms":0.002416782,"wall_minus_device_ms":0.131833218,"exclusive_wall_ms":0.134250000,"exclusive_device_sum_ms":0.002416782,"child_observer_wall_ms":0.000000000,"count_scope":"inclusive","owner_commits":1,"projection_invocations":0}
PRODUCER_COMMAND_V1 stage=1 raw_iteration=0 cpu_begin=1990837154751708 cpu_end=1990837433527625 gpu_begin=1990837154751708 gpu_end=1990837433527625 device_ms=197.23387504927814 encoders=42 interval_scope=possibly_overlapping
PRODUCER_KERNEL_V1 stage=1 raw_iteration=0 ordinal=0 kernel=owner_pack_faces threads=1533387 begin_tick=1990837236287166 end_tick=1990837236338791 ms_per_tick=9.9999999999999995e-07 device_ms=0.051624999999999997
PRODUCER_KERNEL_V1 stage=1 raw_iteration=0 ordinal=1 kernel=owner_pack_faces threads=1533387 begin_tick=1990837236358583 end_tick=1990837236409958 ms_per_tick=9.9999999999999995e-07 device_ms=0.051374999999999997
PRODUCER_KERNEL_V1 stage=1 raw_iteration=0 ordinal=2 kernel=owner_pack_faces threads=1533387 begin_tick=1990837236489916 end_tick=1990837236586916 ms_per_tick=9.9999999999999995e-07 device_ms=0.096999999999999989
PRODUCER_KERNEL_V1 stage=1 raw_iteration=0 ordinal=3 kernel=fct_extract_gas_density threads=504666 begin_tick=1990837236506333 end_tick=1990837236558333 ms_per_tick=9.9999999999999995e-07 device_ms=0.051999999999999998
PRODUCER_KERNEL_V1 stage=1 raw_iteration=0 ordinal=4 kernel=owner_gas_source threads=504666 begin_tick=1990837236558333 end_tick=1990837236608291 ms_per_tick=9.9999999999999995e-07 device_ms=0.049957999999999995
PRODUCER_KERNEL_V1 stage=1 raw_iteration=0 ordinal=5 kernel=evaluate_resident_transport threads=504666 begin_tick=1990837236674500 end_tick=1990837237123500 ms_per_tick=9.9999999999999995e-07 device_ms=0.44899999999999995
PRODUCER_KERNEL_V1 stage=1 raw_iteration=0 ordinal=6 kernel=identify_resident_transport threads=1 begin_tick=1990837237124000 end_tick=1990837237126875 ms_per_tick=9.9999999999999995e-07 device_ms=0.002875
PRODUCER_KERNEL_V1 stage=1 raw_iteration=0 ordinal=7 kernel=owner_bind_transport threads=1 begin_tick=1990837237127458 end_tick=1990837237130875 ms_per_tick=9.9999999999999995e-07 device_ms=0.0034169999999999999
PRODUCER_KERNEL_V1 stage=1 raw_iteration=0 ordinal=8 kernel=identify_resident_owner_endpoint_class threads=1 begin_tick=1990837237131291 end_tick=1990837237134375 ms_per_tick=9.9999999999999995e-07 device_ms=0.0030839999999999999
PRODUCER_KERNEL_V1 stage=1 raw_iteration=0 ordinal=9 kernel=evaluate_resident_physical_flux threads=1533387 begin_tick=1990837238063666 end_tick=1990837239176625 ms_per_tick=9.9999999999999995e-07 device_ms=1.112959
PRODUCER_KERNEL_V1 stage=1 raw_iteration=0 ordinal=10 kernel=evaluate_resident_advective_pair threads=13800483 begin_tick=1990837239451333 end_tick=1990837246748000 ms_per_tick=9.9999999999999995e-07 device_ms=7.2966669999999993
PRODUCER_KERNEL_V1 stage=1 raw_iteration=0 ordinal=11 kernel=finalize_resident_advective_high threads=13800483 begin_tick=1990837246749250 end_tick=1990837247188166 ms_per_tick=9.9999999999999995e-07 device_ms=0.43891599999999997
PRODUCER_KERNEL_V1 stage=1 raw_iteration=0 ordinal=12 kernel=compose_resident_flux_pair threads=13800483 begin_tick=1990837247188500 end_tick=1990837248069000 ms_per_tick=9.9999999999999995e-07 device_ms=0.88049999999999995
PRODUCER_KERNEL_V1 stage=1 raw_iteration=0 ordinal=13 kernel=validate_resident_physical_flux threads=13800483 begin_tick=1990837248069708 end_tick=1990837248928000 ms_per_tick=9.9999999999999995e-07 device_ms=0.85829199999999994
PRODUCER_KERNEL_V1 stage=1 raw_iteration=0 ordinal=14 kernel=identify_resident_physical_flux threads=32 begin_tick=1990837248928583 end_tick=1990837248931958 ms_per_tick=9.9999999999999995e-07 device_ms=0.003375
PRODUCER_KERNEL_V1 stage=1 raw_iteration=0 ordinal=15 kernel=owner_average_flux threads=13800483 begin_tick=1990837248932458 end_tick=1990837249729791 ms_per_tick=9.9999999999999995e-07 device_ms=0.79733299999999996
PRODUCER_KERNEL_V1 stage=1 raw_iteration=0 ordinal=16 kernel=owner_bind_averaged_flux threads=1 begin_tick=1990837249730416 end_tick=1990837249734250 ms_per_tick=9.9999999999999995e-07 device_ms=0.0038339999999999997
PRODUCER_KERNEL_V1 stage=1 raw_iteration=0 ordinal=17 kernel=fct_build_ratios threads=5551326 begin_tick=1990837249734750 end_tick=1990837253572083 ms_per_tick=9.9999999999999995e-07 device_ms=3.8373329999999997
PRODUCER_KERNEL_V1 stage=1 raw_iteration=0 ordinal=18 kernel=fct_build_face_alpha threads=1533387 begin_tick=1990837253572666 end_tick=1990837253842208 ms_per_tick=9.9999999999999995e-07 device_ms=0.269542
PRODUCER_KERNEL_V1 stage=1 raw_iteration=0 ordinal=19 kernel=fct_commit_scalar threads=504666 begin_tick=1990837253842875 end_tick=1990837254035625 ms_per_tick=9.9999999999999995e-07 device_ms=0.19275
PRODUCER_KERNEL_V1 stage=1 raw_iteration=0 ordinal=20 kernel=owner_bind_candidate threads=1 begin_tick=1990837254036250 end_tick=1990837254040125 ms_per_tick=9.9999999999999995e-07 device_ms=0.003875
PRODUCER_KERNEL_V1 stage=1 raw_iteration=0 ordinal=21 kernel=finalize_resident_eos_candidate threads=1 begin_tick=1990837254040625 end_tick=1990837254042875 ms_per_tick=9.9999999999999995e-07 device_ms=0.0022499999999999998
PRODUCER_KERNEL_V1 stage=1 raw_iteration=0 ordinal=22 kernel=build_eos_endpoint_table threads=14 begin_tick=1990837254043375 end_tick=1990837254333541 ms_per_tick=9.9999999999999995e-07 device_ms=0.29016599999999998
PRODUCER_KERNEL_V1 stage=1 raw_iteration=0 ordinal=23 kernel=evaluate_resident_eos_candidate threads=504666 begin_tick=1990837254333875 end_tick=1990837317823333 ms_per_tick=9.9999999999999995e-07 device_ms=63.489457999999999
PRODUCER_KERNEL_V1 stage=1 raw_iteration=0 ordinal=24 kernel=finalize_resident_eos_candidate threads=1 begin_tick=1990837317838583 end_tick=1990837317842333 ms_per_tick=9.9999999999999995e-07 device_ms=0.0037499999999999999
PRODUCER_KERNEL_V1 stage=1 raw_iteration=0 ordinal=25 kernel=identify_resident_eos threads=1 begin_tick=1990837317842666 end_tick=1990837317845291 ms_per_tick=9.9999999999999995e-07 device_ms=0.0026249999999999997
PRODUCER_KERNEL_V1 stage=1 raw_iteration=0 ordinal=26 kernel=produce_resident_frozen_source threads=504666 begin_tick=1990837317845750 end_tick=1990837317876666 ms_per_tick=9.9999999999999995e-07 device_ms=0.030915999999999999
PRODUCER_KERNEL_V1 stage=1 raw_iteration=0 ordinal=27 kernel=identify_resident_frozen_source threads=1 begin_tick=1990837317877041 end_tick=1990837317879875 ms_per_tick=9.9999999999999995e-07 device_ms=0.0028339999999999997
PRODUCER_KERNEL_V1 stage=1 raw_iteration=0 ordinal=28 kernel=evaluate_resident_target_terms threads=504666 begin_tick=1990837317880250 end_tick=1990837432133041 ms_per_tick=9.9999999999999995e-07 device_ms=114.25279099999999
PRODUCER_KERNEL_V1 stage=1 raw_iteration=0 ordinal=29 kernel=finalize_resident_target threads=1 begin_tick=1990837432147375 end_tick=1990837432150541 ms_per_tick=9.9999999999999995e-07 device_ms=0.003166
PRODUCER_KERNEL_V1 stage=1 raw_iteration=0 ordinal=30 kernel=identify_resident_target threads=1 begin_tick=1990837432150875 end_tick=1990837432157041 ms_per_tick=9.9999999999999995e-07 device_ms=0.0061659999999999996
PRODUCER_KERNEL_V1 stage=1 raw_iteration=0 ordinal=31 kernel=issue_resident_projection_consumer threads=1 begin_tick=1990837432157458 end_tick=1990837432161916 ms_per_tick=9.9999999999999995e-07 device_ms=0.0044580000000000002
PRODUCER_KERNEL_V1 stage=1 raw_iteration=0 ordinal=32 kernel=consume_resident_target threads=1 begin_tick=1990837432162333 end_tick=1990837432166500 ms_per_tick=9.9999999999999995e-07 device_ms=0.0041669999999999997
PRODUCER_KERNEL_V1 stage=1 raw_iteration=0 ordinal=33 kernel=owner_compose_target threads=504666 begin_tick=1990837432167500 end_tick=1990837432247375 ms_per_tick=9.9999999999999995e-07 device_ms=0.079875000000000002
PRODUCER_KERNEL_V1 stage=1 raw_iteration=0 ordinal=34 kernel=finalize_resident_target threads=1 begin_tick=1990837432247708 end_tick=1990837432250833 ms_per_tick=9.9999999999999995e-07 device_ms=0.0031249999999999997
PRODUCER_KERNEL_V1 stage=1 raw_iteration=0 ordinal=35 kernel=owner_identify_target threads=1 begin_tick=1990837432251250 end_tick=1990837432254166 ms_per_tick=9.9999999999999995e-07 device_ms=0.0029159999999999998
PRODUCER_KERNEL_V1 stage=1 raw_iteration=0 ordinal=36 kernel=issue_resident_projection_consumer threads=1 begin_tick=1990837432255083 end_tick=1990837432258208 ms_per_tick=9.9999999999999995e-07 device_ms=0.0031249999999999997
PRODUCER_KERNEL_V1 stage=1 raw_iteration=0 ordinal=37 kernel=consume_resident_target threads=1 begin_tick=1990837432258583 end_tick=1990837432261958 ms_per_tick=9.9999999999999995e-07 device_ms=0.003375
PRODUCER_KERNEL_V1 stage=1 raw_iteration=0 ordinal=38 kernel=owner_issue_stage_seal threads=1 begin_tick=1990837432262333 end_tick=1990837432265166 ms_per_tick=9.9999999999999995e-07 device_ms=0.002833
PRODUCER_KERNEL_V1 stage=1 raw_iteration=0 ordinal=39 kernel=fct_compatible_stage_rate threads=1533387 begin_tick=1990837432265666 end_tick=1990837432798333 ms_per_tick=9.9999999999999995e-07 device_ms=0.532667
PRODUCER_KERNEL_V1 stage=1 raw_iteration=0 ordinal=40 kernel=fct_compatible_stage_rate threads=1533387 begin_tick=1990837432799000 end_tick=1990837433307666 ms_per_tick=9.9999999999999995e-07 device_ms=0.50866599999999995
PRODUCER_KERNEL_V1 stage=1 raw_iteration=0 ordinal=41 kernel=owner_heun_momentum threads=1533387 begin_tick=1990837433308208 end_tick=1990837433399625 ms_per_tick=9.9999999999999995e-07 device_ms=0.091416999999999998
RISE_FIRE_OWNER_PROFILE_V1 {"scope":45,"parent":40,"phase":"BuildStageProducerGroup","stage":1,"raw_iteration":0,"iteration_kind":"picard","wall_ms":278.921375000,"device_sum_ms":197.233875049,"wall_minus_device_ms":81.687499951,"exclusive_wall_ms":278.921375000,"exclusive_device_sum_ms":197.233875049,"child_observer_wall_ms":0.000000000,"count_scope":"inclusive","owner_commits":1,"projection_invocations":0}
RISE_FIRE_OWNER_PROFILE_V1 {"scope":46,"parent":40,"phase":"Residual","stage":1,"raw_iteration":0,"iteration_kind":"picard","wall_ms":0.211500000,"device_sum_ms":0.021916581,"wall_minus_device_ms":0.189583419,"exclusive_wall_ms":0.211500000,"exclusive_device_sum_ms":0.021916581,"child_observer_wall_ms":0.000000000,"count_scope":"inclusive","owner_commits":1,"projection_invocations":0}
RISE_FIRE_OWNER_PROFILE_V1 {"scope":40,"parent":36,"phase":"PicardIteration","stage":1,"raw_iteration":0,"iteration_kind":"picard","wall_ms":292.358333000,"device_sum_ms":206.430458231,"wall_minus_device_ms":85.927874769,"exclusive_wall_ms":0.376250000,"exclusive_device_sum_ms":0.000000000,"child_observer_wall_ms":0.027999000,"count_scope":"inclusive","owner_commits":6,"projection_invocations":1}
RISE_FIRE_OWNER_PROFILE_V1 {"scope":49,"parent":48,"phase":"ProjectionAdapter","stage":1,"raw_iteration":1,"iteration_kind":"picard","wall_ms":11.592166000,"device_sum_ms":8.781833574,"wall_minus_device_ms":2.810332426,"exclusive_wall_ms":11.592166000,"exclusive_device_sum_ms":8.781833574,"child_observer_wall_ms":0.000000000,"count_scope":"inclusive","owner_commits":0,"projection_invocations":1}
RISE_FIRE_OWNER_PROFILE_V1 {"scope":48,"parent":47,"phase":"Project","stage":1,"raw_iteration":1,"iteration_kind":"picard","wall_ms":13.068916000,"device_sum_ms":8.828458609,"wall_minus_device_ms":4.240457391,"exclusive_wall_ms":1.465333000,"exclusive_device_sum_ms":0.046625035,"child_observer_wall_ms":0.011417000,"count_scope":"inclusive","owner_commits":2,"projection_invocations":1}
RISE_FIRE_OWNER_PROFILE_V1 {"scope":50,"parent":47,"phase":"ReadOpenClass","stage":1,"raw_iteration":1,"iteration_kind":"picard","wall_ms":0.156083000,"device_sum_ms":0.002458226,"wall_minus_device_ms":0.153624774,"exclusive_wall_ms":0.156083000,"exclusive_device_sum_ms":0.002458226,"child_observer_wall_ms":0.000000000,"count_scope":"inclusive","owner_commits":1,"projection_invocations":0}
RISE_FIRE_OWNER_PROFILE_V1 {"scope":51,"parent":47,"phase":"ReadOpenClass","stage":1,"raw_iteration":1,"iteration_kind":"picard","wall_ms":0.152834000,"device_sum_ms":0.002374873,"wall_minus_device_ms":0.150459127,"exclusive_wall_ms":0.152834000,"exclusive_device_sum_ms":0.002374873,"child_observer_wall_ms":0.000000000,"count_scope":"inclusive","owner_commits":1,"projection_invocations":0}
PRODUCER_COMMAND_V1 stage=1 raw_iteration=1 cpu_begin=1990837447674625 cpu_end=1990837726426625 gpu_begin=1990837447674625 gpu_end=1990837726426625 device_ms=198.11758329160511 encoders=42 interval_scope=possibly_overlapping
PRODUCER_KERNEL_V1 stage=1 raw_iteration=1 ordinal=0 kernel=owner_pack_faces threads=1533387 begin_tick=1990837528319375 end_tick=1990837528369958 ms_per_tick=9.9999999999999995e-07 device_ms=0.050582999999999996
PRODUCER_KERNEL_V1 stage=1 raw_iteration=1 ordinal=1 kernel=owner_pack_faces threads=1533387 begin_tick=1990837528383208 end_tick=1990837528434250 ms_per_tick=9.9999999999999995e-07 device_ms=0.051041999999999997
PRODUCER_KERNEL_V1 stage=1 raw_iteration=1 ordinal=2 kernel=owner_pack_faces threads=1533387 begin_tick=1990837528518083 end_tick=1990837528618916 ms_per_tick=9.9999999999999995e-07 device_ms=0.10083299999999999
PRODUCER_KERNEL_V1 stage=1 raw_iteration=1 ordinal=3 kernel=fct_extract_gas_density threads=504666 begin_tick=1990837528522666 end_tick=1990837528568875 ms_per_tick=9.9999999999999995e-07 device_ms=0.046209
PRODUCER_KERNEL_V1 stage=1 raw_iteration=1 ordinal=4 kernel=owner_gas_source threads=504666 begin_tick=1990837528572250 end_tick=1990837528619125 ms_per_tick=9.9999999999999995e-07 device_ms=0.046875
PRODUCER_KERNEL_V1 stage=1 raw_iteration=1 ordinal=5 kernel=evaluate_resident_transport threads=504666 begin_tick=1990837528696958 end_tick=1990837529143166 ms_per_tick=9.9999999999999995e-07 device_ms=0.44620799999999999
PRODUCER_KERNEL_V1 stage=1 raw_iteration=1 ordinal=6 kernel=identify_resident_transport threads=1 begin_tick=1990837529143583 end_tick=1990837529146458 ms_per_tick=9.9999999999999995e-07 device_ms=0.002875
PRODUCER_KERNEL_V1 stage=1 raw_iteration=1 ordinal=7 kernel=owner_bind_transport threads=1 begin_tick=1990837529147041 end_tick=1990837529150875 ms_per_tick=9.9999999999999995e-07 device_ms=0.0038339999999999997
PRODUCER_KERNEL_V1 stage=1 raw_iteration=1 ordinal=8 kernel=identify_resident_owner_endpoint_class threads=1 begin_tick=1990837529151291 end_tick=1990837529154791 ms_per_tick=9.9999999999999995e-07 device_ms=0.0034999999999999996
PRODUCER_KERNEL_V1 stage=1 raw_iteration=1 ordinal=9 kernel=evaluate_resident_physical_flux threads=1533387 begin_tick=1990837530094833 end_tick=1990837531207291 ms_per_tick=9.9999999999999995e-07 device_ms=1.1124579999999999
PRODUCER_KERNEL_V1 stage=1 raw_iteration=1 ordinal=10 kernel=evaluate_resident_advective_pair threads=13800483 begin_tick=1990837531485083 end_tick=1990837539001083 ms_per_tick=9.9999999999999995e-07 device_ms=7.516
PRODUCER_KERNEL_V1 stage=1 raw_iteration=1 ordinal=11 kernel=finalize_resident_advective_high threads=13800483 begin_tick=1990837539007416 end_tick=1990837539426250 ms_per_tick=9.9999999999999995e-07 device_ms=0.41883399999999998
PRODUCER_KERNEL_V1 stage=1 raw_iteration=1 ordinal=12 kernel=compose_resident_flux_pair threads=13800483 begin_tick=1990837539426583 end_tick=1990837540308625 ms_per_tick=9.9999999999999995e-07 device_ms=0.88204199999999999
PRODUCER_KERNEL_V1 stage=1 raw_iteration=1 ordinal=13 kernel=validate_resident_physical_flux threads=13800483 begin_tick=1990837540309291 end_tick=1990837541175000 ms_per_tick=9.9999999999999995e-07 device_ms=0.86570899999999995
PRODUCER_KERNEL_V1 stage=1 raw_iteration=1 ordinal=14 kernel=identify_resident_physical_flux threads=32 begin_tick=1990837541175500 end_tick=1990837541179375 ms_per_tick=9.9999999999999995e-07 device_ms=0.003875
PRODUCER_KERNEL_V1 stage=1 raw_iteration=1 ordinal=15 kernel=owner_average_flux threads=13800483 begin_tick=1990837541179833 end_tick=1990837541972125 ms_per_tick=9.9999999999999995e-07 device_ms=0.792292
PRODUCER_KERNEL_V1 stage=1 raw_iteration=1 ordinal=16 kernel=owner_bind_averaged_flux threads=1 begin_tick=1990837541972750 end_tick=1990837541976750 ms_per_tick=9.9999999999999995e-07 device_ms=0.0040000000000000001
PRODUCER_KERNEL_V1 stage=1 raw_iteration=1 ordinal=17 kernel=fct_build_ratios threads=5551326 begin_tick=1990837541977083 end_tick=1990837545580458 ms_per_tick=9.9999999999999995e-07 device_ms=3.6033749999999998
PRODUCER_KERNEL_V1 stage=1 raw_iteration=1 ordinal=18 kernel=fct_build_face_alpha threads=1533387 begin_tick=1990837545581250 end_tick=1990837545849166 ms_per_tick=9.9999999999999995e-07 device_ms=0.26791599999999999
PRODUCER_KERNEL_V1 stage=1 raw_iteration=1 ordinal=19 kernel=fct_commit_scalar threads=504666 begin_tick=1990837545849833 end_tick=1990837546038375 ms_per_tick=9.9999999999999995e-07 device_ms=0.18854199999999999
PRODUCER_KERNEL_V1 stage=1 raw_iteration=1 ordinal=20 kernel=owner_bind_candidate threads=1 begin_tick=1990837546038791 end_tick=1990837546042291 ms_per_tick=9.9999999999999995e-07 device_ms=0.0034999999999999996
PRODUCER_KERNEL_V1 stage=1 raw_iteration=1 ordinal=21 kernel=finalize_resident_eos_candidate threads=1 begin_tick=1990837546042875 end_tick=1990837546045625 ms_per_tick=9.9999999999999995e-07 device_ms=0.0027499999999999998
PRODUCER_KERNEL_V1 stage=1 raw_iteration=1 ordinal=22 kernel=build_eos_endpoint_table threads=14 begin_tick=1990837546046125 end_tick=1990837546337916 ms_per_tick=9.9999999999999995e-07 device_ms=0.29179099999999997
PRODUCER_KERNEL_V1 stage=1 raw_iteration=1 ordinal=23 kernel=evaluate_resident_eos_candidate threads=504666 begin_tick=1990837546338333 end_tick=1990837611064083 ms_per_tick=9.9999999999999995e-07 device_ms=64.725749999999991
PRODUCER_KERNEL_V1 stage=1 raw_iteration=1 ordinal=24 kernel=finalize_resident_eos_candidate threads=1 begin_tick=1990837611079083 end_tick=1990837611081625 ms_per_tick=9.9999999999999995e-07 device_ms=0.002542
PRODUCER_KERNEL_V1 stage=1 raw_iteration=1 ordinal=25 kernel=identify_resident_eos threads=1 begin_tick=1990837611081958 end_tick=1990837611087958 ms_per_tick=9.9999999999999995e-07 device_ms=0.0060000000000000001
PRODUCER_KERNEL_V1 stage=1 raw_iteration=1 ordinal=26 kernel=produce_resident_frozen_source threads=504666 begin_tick=1990837611088375 end_tick=1990837611118583 ms_per_tick=9.9999999999999995e-07 device_ms=0.030207999999999999
PRODUCER_KERNEL_V1 stage=1 raw_iteration=1 ordinal=27 kernel=identify_resident_frozen_source threads=1 begin_tick=1990837611119000 end_tick=1990837611125166 ms_per_tick=9.9999999999999995e-07 device_ms=0.0061659999999999996
PRODUCER_KERNEL_V1 stage=1 raw_iteration=1 ordinal=28 kernel=evaluate_resident_target_terms threads=504666 begin_tick=1990837611125625 end_tick=1990837725072666 ms_per_tick=9.9999999999999995e-07 device_ms=113.947041
PRODUCER_KERNEL_V1 stage=1 raw_iteration=1 ordinal=29 kernel=finalize_resident_target threads=1 begin_tick=1990837725089333 end_tick=1990837725095958 ms_per_tick=9.9999999999999995e-07 device_ms=0.0066249999999999998
PRODUCER_KERNEL_V1 stage=1 raw_iteration=1 ordinal=30 kernel=identify_resident_target threads=1 begin_tick=1990837725096375 end_tick=1990837725099500 ms_per_tick=9.9999999999999995e-07 device_ms=0.0031249999999999997
PRODUCER_KERNEL_V1 stage=1 raw_iteration=1 ordinal=31 kernel=issue_resident_projection_consumer threads=1 begin_tick=1990837725099916 end_tick=1990837725104416 ms_per_tick=9.9999999999999995e-07 device_ms=0.0044999999999999997
PRODUCER_KERNEL_V1 stage=1 raw_iteration=1 ordinal=32 kernel=consume_resident_target threads=1 begin_tick=1990837725105125 end_tick=1990837725109416 ms_per_tick=9.9999999999999995e-07 device_ms=0.0042909999999999997
PRODUCER_KERNEL_V1 stage=1 raw_iteration=1 ordinal=33 kernel=owner_compose_target threads=504666 begin_tick=1990837725109791 end_tick=1990837725189666 ms_per_tick=9.9999999999999995e-07 device_ms=0.079875000000000002
PRODUCER_KERNEL_V1 stage=1 raw_iteration=1 ordinal=34 kernel=finalize_resident_target threads=1 begin_tick=1990837725189958 end_tick=1990837725192583 ms_per_tick=9.9999999999999995e-07 device_ms=0.0026249999999999997
PRODUCER_KERNEL_V1 stage=1 raw_iteration=1 ordinal=35 kernel=owner_identify_target threads=1 begin_tick=1990837725193000 end_tick=1990837725196250 ms_per_tick=9.9999999999999995e-07 device_ms=0.0032499999999999999
PRODUCER_KERNEL_V1 stage=1 raw_iteration=1 ordinal=36 kernel=issue_resident_projection_consumer threads=1 begin_tick=1990837725196666 end_tick=1990837725199666 ms_per_tick=9.9999999999999995e-07 device_ms=0.0030000000000000001
PRODUCER_KERNEL_V1 stage=1 raw_iteration=1 ordinal=37 kernel=consume_resident_target threads=1 begin_tick=1990837725200083 end_tick=1990837725203791 ms_per_tick=9.9999999999999995e-07 device_ms=0.0037079999999999999
PRODUCER_KERNEL_V1 stage=1 raw_iteration=1 ordinal=38 kernel=owner_issue_stage_seal threads=1 begin_tick=1990837725204083 end_tick=1990837725207000 ms_per_tick=9.9999999999999995e-07 device_ms=0.0029169999999999999
PRODUCER_KERNEL_V1 stage=1 raw_iteration=1 ordinal=39 kernel=fct_compatible_stage_rate threads=1533387 begin_tick=1990837725207500 end_tick=1990837725719625 ms_per_tick=9.9999999999999995e-07 device_ms=0.51212499999999994
PRODUCER_KERNEL_V1 stage=1 raw_iteration=1 ordinal=40 kernel=fct_compatible_stage_rate threads=1533387 begin_tick=1990837725720041 end_tick=1990837726214666 ms_per_tick=9.9999999999999995e-07 device_ms=0.49462499999999998
PRODUCER_KERNEL_V1 stage=1 raw_iteration=1 ordinal=41 kernel=owner_heun_momentum threads=1533387 begin_tick=1990837726215125 end_tick=1990837726305666 ms_per_tick=9.9999999999999995e-07 device_ms=0.090540999999999996
RISE_FIRE_OWNER_PROFILE_V1 {"scope":52,"parent":47,"phase":"BuildStageProducerGroup","stage":1,"raw_iteration":1,"iteration_kind":"picard","wall_ms":278.909709000,"device_sum_ms":198.117583292,"wall_minus_device_ms":80.792125708,"exclusive_wall_ms":278.909709000,"exclusive_device_sum_ms":198.117583292,"child_observer_wall_ms":0.000000000,"count_scope":"inclusive","owner_commits":1,"projection_invocations":0}
RISE_FIRE_OWNER_PROFILE_V1 {"scope":53,"parent":47,"phase":"Residual","stage":1,"raw_iteration":1,"iteration_kind":"picard","wall_ms":0.319042000,"device_sum_ms":0.116541516,"wall_minus_device_ms":0.202500484,"exclusive_wall_ms":0.319042000,"exclusive_device_sum_ms":0.116541516,"child_observer_wall_ms":0.000000000,"count_scope":"inclusive","owner_commits":1,"projection_invocations":0}
RISE_FIRE_OWNER_PROFILE_V1 {"scope":47,"parent":36,"phase":"PicardIteration","stage":1,"raw_iteration":1,"iteration_kind":"picard","wall_ms":293.027667000,"device_sum_ms":207.067416515,"wall_minus_device_ms":85.960250485,"exclusive_wall_ms":0.394416000,"exclusive_device_sum_ms":0.000000000,"child_observer_wall_ms":0.026667000,"count_scope":"inclusive","owner_commits":6,"projection_invocations":1}
RISE_FIRE_OWNER_PROFILE_V1 {"scope":56,"parent":55,"phase":"ProjectionAdapter","stage":1,"raw_iteration":2,"iteration_kind":"picard","wall_ms":11.828417000,"device_sum_ms":9.073083289,"wall_minus_device_ms":2.755333711,"exclusive_wall_ms":11.828417000,"exclusive_device_sum_ms":9.073083289,"child_observer_wall_ms":0.000000000,"count_scope":"inclusive","owner_commits":0,"projection_invocations":1}
RISE_FIRE_OWNER_PROFILE_V1 {"scope":55,"parent":54,"phase":"Project","stage":1,"raw_iteration":2,"iteration_kind":"picard","wall_ms":13.271334000,"device_sum_ms":9.116291534,"wall_minus_device_ms":4.155042466,"exclusive_wall_ms":1.437334000,"exclusive_device_sum_ms":0.043208245,"child_observer_wall_ms":0.005583000,"count_scope":"inclusive","owner_commits":2,"projection_invocations":1}
RISE_FIRE_OWNER_PROFILE_V1 {"scope":57,"parent":54,"phase":"ReadOpenClass","stage":1,"raw_iteration":2,"iteration_kind":"picard","wall_ms":0.151375000,"device_sum_ms":0.002500135,"wall_minus_device_ms":0.148874865,"exclusive_wall_ms":0.151375000,"exclusive_device_sum_ms":0.002500135,"child_observer_wall_ms":0.000000000,"count_scope":"inclusive","owner_commits":1,"projection_invocations":0}
RISE_FIRE_OWNER_PROFILE_V1 {"scope":58,"parent":54,"phase":"ReadOpenClass","stage":1,"raw_iteration":2,"iteration_kind":"picard","wall_ms":0.144958000,"device_sum_ms":0.002375105,"wall_minus_device_ms":0.142582895,"exclusive_wall_ms":0.144958000,"exclusive_device_sum_ms":0.002375105,"child_observer_wall_ms":0.000000000,"count_scope":"inclusive","owner_commits":1,"projection_invocations":0}
PRODUCER_COMMAND_V1 stage=1 raw_iteration=2 cpu_begin=1990837740902250 cpu_end=1990838018946083 gpu_begin=1990837740902250 gpu_end=1990838018946083 device_ms=197.29612488299608 encoders=42 interval_scope=possibly_overlapping
PRODUCER_KERNEL_V1 stage=1 raw_iteration=2 ordinal=0 kernel=owner_pack_faces threads=1533387 begin_tick=1990837821630541 end_tick=1990837821681541 ms_per_tick=9.9999999999999995e-07 device_ms=0.050999999999999997
PRODUCER_KERNEL_V1 stage=1 raw_iteration=2 ordinal=1 kernel=owner_pack_faces threads=1533387 begin_tick=1990837821764666 end_tick=1990837821815458 ms_per_tick=9.9999999999999995e-07 device_ms=0.050791999999999997
PRODUCER_KERNEL_V1 stage=1 raw_iteration=2 ordinal=2 kernel=owner_pack_faces threads=1533387 begin_tick=1990837821863875 end_tick=1990837821945625 ms_per_tick=9.9999999999999995e-07 device_ms=0.081750000000000003
PRODUCER_KERNEL_V1 stage=1 raw_iteration=2 ordinal=3 kernel=fct_extract_gas_density threads=504666 begin_tick=1990837821887291 end_tick=1990837821936041 ms_per_tick=9.9999999999999995e-07 device_ms=0.048749999999999995
PRODUCER_KERNEL_V1 stage=1 raw_iteration=2 ordinal=4 kernel=owner_gas_source threads=504666 begin_tick=1990837821969916 end_tick=1990837822017125 ms_per_tick=9.9999999999999995e-07 device_ms=0.047209000000000001
PRODUCER_KERNEL_V1 stage=1 raw_iteration=2 ordinal=5 kernel=evaluate_resident_transport threads=504666 begin_tick=1990837822035750 end_tick=1990837822489166 ms_per_tick=9.9999999999999995e-07 device_ms=0.45341599999999999
PRODUCER_KERNEL_V1 stage=1 raw_iteration=2 ordinal=6 kernel=identify_resident_transport threads=1 begin_tick=1990837822489500 end_tick=1990837822492458 ms_per_tick=9.9999999999999995e-07 device_ms=0.0029579999999999997
PRODUCER_KERNEL_V1 stage=1 raw_iteration=2 ordinal=7 kernel=owner_bind_transport threads=1 begin_tick=1990837822493041 end_tick=1990837822496583 ms_per_tick=9.9999999999999995e-07 device_ms=0.003542
PRODUCER_KERNEL_V1 stage=1 raw_iteration=2 ordinal=8 kernel=identify_resident_owner_endpoint_class threads=1 begin_tick=1990837822497000 end_tick=1990837822500125 ms_per_tick=9.9999999999999995e-07 device_ms=0.0031249999999999997
PRODUCER_KERNEL_V1 stage=1 raw_iteration=2 ordinal=9 kernel=evaluate_resident_physical_flux threads=1533387 begin_tick=1990837823450791 end_tick=1990837824559041 ms_per_tick=9.9999999999999995e-07 device_ms=1.10825
PRODUCER_KERNEL_V1 stage=1 raw_iteration=2 ordinal=10 kernel=evaluate_resident_advective_pair threads=13800483 begin_tick=1990837824978416 end_tick=1990837832109041 ms_per_tick=9.9999999999999995e-07 device_ms=7.1306249999999993
PRODUCER_KERNEL_V1 stage=1 raw_iteration=2 ordinal=11 kernel=finalize_resident_advective_high threads=13800483 begin_tick=1990837832109625 end_tick=1990837832531625 ms_per_tick=9.9999999999999995e-07 device_ms=0.42199999999999999
PRODUCER_KERNEL_V1 stage=1 raw_iteration=2 ordinal=12 kernel=compose_resident_flux_pair threads=13800483 begin_tick=1990837832532000 end_tick=1990837833415083 ms_per_tick=9.9999999999999995e-07 device_ms=0.88308299999999995
PRODUCER_KERNEL_V1 stage=1 raw_iteration=2 ordinal=13 kernel=validate_resident_physical_flux threads=13800483 begin_tick=1990837833415625 end_tick=1990837834429041 ms_per_tick=9.9999999999999995e-07 device_ms=1.0134159999999999
PRODUCER_KERNEL_V1 stage=1 raw_iteration=2 ordinal=14 kernel=identify_resident_physical_flux threads=32 begin_tick=1990837834429416 end_tick=1990837834432875 ms_per_tick=9.9999999999999995e-07 device_ms=0.0034589999999999998
PRODUCER_KERNEL_V1 stage=1 raw_iteration=2 ordinal=15 kernel=owner_average_flux threads=13800483 begin_tick=1990837834433458 end_tick=1990837835246166 ms_per_tick=9.9999999999999995e-07 device_ms=0.81270799999999999
PRODUCER_KERNEL_V1 stage=1 raw_iteration=2 ordinal=16 kernel=owner_bind_averaged_flux threads=1 begin_tick=1990837835246666 end_tick=1990837835250416 ms_per_tick=9.9999999999999995e-07 device_ms=0.0037499999999999999
PRODUCER_KERNEL_V1 stage=1 raw_iteration=2 ordinal=17 kernel=fct_build_ratios threads=5551326 begin_tick=1990837835250875 end_tick=1990837839116291 ms_per_tick=9.9999999999999995e-07 device_ms=3.8654159999999997
PRODUCER_KERNEL_V1 stage=1 raw_iteration=2 ordinal=18 kernel=fct_build_face_alpha threads=1533387 begin_tick=1990837839116833 end_tick=1990837839385583 ms_per_tick=9.9999999999999995e-07 device_ms=0.26874999999999999
PRODUCER_KERNEL_V1 stage=1 raw_iteration=2 ordinal=19 kernel=fct_commit_scalar threads=504666 begin_tick=1990837839386250 end_tick=1990837839575875 ms_per_tick=9.9999999999999995e-07 device_ms=0.18962499999999999
PRODUCER_KERNEL_V1 stage=1 raw_iteration=2 ordinal=20 kernel=owner_bind_candidate threads=1 begin_tick=1990837839576416 end_tick=1990837839580083 ms_per_tick=9.9999999999999995e-07 device_ms=0.0036669999999999997
PRODUCER_KERNEL_V1 stage=1 raw_iteration=2 ordinal=21 kernel=finalize_resident_eos_candidate threads=1 begin_tick=1990837839580500 end_tick=1990837839583291 ms_per_tick=9.9999999999999995e-07 device_ms=0.0027910000000000001
PRODUCER_KERNEL_V1 stage=1 raw_iteration=2 ordinal=22 kernel=build_eos_endpoint_table threads=14 begin_tick=1990837839584500 end_tick=1990837839877375 ms_per_tick=9.9999999999999995e-07 device_ms=0.292875
PRODUCER_KERNEL_V1 stage=1 raw_iteration=2 ordinal=23 kernel=evaluate_resident_eos_candidate threads=504666 begin_tick=1990837839877708 end_tick=1990837903263958 ms_per_tick=9.9999999999999995e-07 device_ms=63.386249999999997
PRODUCER_KERNEL_V1 stage=1 raw_iteration=2 ordinal=24 kernel=finalize_resident_eos_candidate threads=1 begin_tick=1990837903280958 end_tick=1990837903283750 ms_per_tick=9.9999999999999995e-07 device_ms=0.0027919999999999998
PRODUCER_KERNEL_V1 stage=1 raw_iteration=2 ordinal=25 kernel=identify_resident_eos threads=1 begin_tick=1990837903284083 end_tick=1990837903287083 ms_per_tick=9.9999999999999995e-07 device_ms=0.0030000000000000001
PRODUCER_KERNEL_V1 stage=1 raw_iteration=2 ordinal=26 kernel=produce_resident_frozen_source threads=504666 begin_tick=1990837903287500 end_tick=1990837903317583 ms_per_tick=9.9999999999999995e-07 device_ms=0.030082999999999999
PRODUCER_KERNEL_V1 stage=1 raw_iteration=2 ordinal=27 kernel=identify_resident_frozen_source threads=1 begin_tick=1990837903318000 end_tick=1990837903320958 ms_per_tick=9.9999999999999995e-07 device_ms=0.0029579999999999997
PRODUCER_KERNEL_V1 stage=1 raw_iteration=2 ordinal=28 kernel=evaluate_resident_target_terms threads=504666 begin_tick=1990837903321333 end_tick=1990838017564958 ms_per_tick=9.9999999999999995e-07 device_ms=114.24362499999999
PRODUCER_KERNEL_V1 stage=1 raw_iteration=2 ordinal=29 kernel=finalize_resident_target threads=1 begin_tick=1990838017579958 end_tick=1990838017583166 ms_per_tick=9.9999999999999995e-07 device_ms=0.0032079999999999999
PRODUCER_KERNEL_V1 stage=1 raw_iteration=2 ordinal=30 kernel=identify_resident_target threads=1 begin_tick=1990838017583500 end_tick=1990838017586291 ms_per_tick=9.9999999999999995e-07 device_ms=0.0027910000000000001
PRODUCER_KERNEL_V1 stage=1 raw_iteration=2 ordinal=31 kernel=issue_resident_projection_consumer threads=1 begin_tick=1990838017586708 end_tick=1990838017590833 ms_per_tick=9.9999999999999995e-07 device_ms=0.0041250000000000002
PRODUCER_KERNEL_V1 stage=1 raw_iteration=2 ordinal=32 kernel=consume_resident_target threads=1 begin_tick=1990838017591291 end_tick=1990838017595166 ms_per_tick=9.9999999999999995e-07 device_ms=0.003875
PRODUCER_KERNEL_V1 stage=1 raw_iteration=2 ordinal=33 kernel=owner_compose_target threads=504666 begin_tick=1990838017595583 end_tick=1990838017675041 ms_per_tick=9.9999999999999995e-07 device_ms=0.079458000000000001
PRODUCER_KERNEL_V1 stage=1 raw_iteration=2 ordinal=34 kernel=finalize_resident_target threads=1 begin_tick=1990838017675375 end_tick=1990838017678208 ms_per_tick=9.9999999999999995e-07 device_ms=0.002833
PRODUCER_KERNEL_V1 stage=1 raw_iteration=2 ordinal=35 kernel=owner_identify_target threads=1 begin_tick=1990838017678625 end_tick=1990838017681500 ms_per_tick=9.9999999999999995e-07 device_ms=0.002875
PRODUCER_KERNEL_V1 stage=1 raw_iteration=2 ordinal=36 kernel=issue_resident_projection_consumer threads=1 begin_tick=1990838017681875 end_tick=1990838017684583 ms_per_tick=9.9999999999999995e-07 device_ms=0.0027079999999999999
PRODUCER_KERNEL_V1 stage=1 raw_iteration=2 ordinal=37 kernel=consume_resident_target threads=1 begin_tick=1990838017685000 end_tick=1990838017688208 ms_per_tick=9.9999999999999995e-07 device_ms=0.0032079999999999999
PRODUCER_KERNEL_V1 stage=1 raw_iteration=2 ordinal=38 kernel=owner_issue_stage_seal threads=1 begin_tick=1990838017688541 end_tick=1990838017691125 ms_per_tick=9.9999999999999995e-07 device_ms=0.0025839999999999999
PRODUCER_KERNEL_V1 stage=1 raw_iteration=2 ordinal=39 kernel=fct_compatible_stage_rate threads=1533387 begin_tick=1990838017691625 end_tick=1990838018193791 ms_per_tick=9.9999999999999995e-07 device_ms=0.502166
PRODUCER_KERNEL_V1 stage=1 raw_iteration=2 ordinal=40 kernel=fct_compatible_stage_rate threads=1533387 begin_tick=1990838018194500 end_tick=1990838018688625 ms_per_tick=9.9999999999999995e-07 device_ms=0.49412499999999998
PRODUCER_KERNEL_V1 stage=1 raw_iteration=2 ordinal=41 kernel=owner_heun_momentum threads=1533387 begin_tick=1990838018689041 end_tick=1990838018783000 ms_per_tick=9.9999999999999995e-07 device_ms=0.093959000000000001
RISE_FIRE_OWNER_PROFILE_V1 {"scope":59,"parent":54,"phase":"BuildStageProducerGroup","stage":1,"raw_iteration":2,"iteration_kind":"picard","wall_ms":278.219416000,"device_sum_ms":197.296124883,"wall_minus_device_ms":80.923291117,"exclusive_wall_ms":278.219416000,"exclusive_device_sum_ms":197.296124883,"child_observer_wall_ms":0.000000000,"count_scope":"inclusive","owner_commits":1,"projection_invocations":0}
RISE_FIRE_OWNER_PROFILE_V1 {"scope":60,"parent":54,"phase":"Residual","stage":1,"raw_iteration":2,"iteration_kind":"picard","wall_ms":0.313583000,"device_sum_ms":0.114500057,"wall_minus_device_ms":0.199082943,"exclusive_wall_ms":0.313583000,"exclusive_device_sum_ms":0.114500057,"child_observer_wall_ms":0.000000000,"count_scope":"inclusive","owner_commits":1,"projection_invocations":0}
RISE_FIRE_OWNER_PROFILE_V1 {"scope":63,"parent":62,"phase":"ProjectionAdapter","stage":1,"raw_iteration":2147483650,"iteration_kind":"terminal","wall_ms":12.165583000,"device_sum_ms":9.351291694,"wall_minus_device_ms":2.814291306,"exclusive_wall_ms":12.165583000,"exclusive_device_sum_ms":9.351291694,"child_observer_wall_ms":0.000000000,"count_scope":"inclusive","owner_commits":0,"projection_invocations":1}
RISE_FIRE_OWNER_PROFILE_V1 {"scope":62,"parent":61,"phase":"Project","stage":1,"raw_iteration":2147483650,"iteration_kind":"terminal","wall_ms":12.714959000,"device_sum_ms":9.388791397,"wall_minus_device_ms":3.326167603,"exclusive_wall_ms":0.543459000,"exclusive_device_sum_ms":0.037499703,"child_observer_wall_ms":0.005917000,"count_scope":"inclusive","owner_commits":2,"projection_invocations":1}
RISE_FIRE_OWNER_PROFILE_V1 {"scope":64,"parent":61,"phase":"ReadOpenClass","stage":1,"raw_iteration":2147483650,"iteration_kind":"terminal","wall_ms":0.161500000,"device_sum_ms":0.002499903,"wall_minus_device_ms":0.159000097,"exclusive_wall_ms":0.161500000,"exclusive_device_sum_ms":0.002499903,"child_observer_wall_ms":0.000000000,"count_scope":"inclusive","owner_commits":1,"projection_invocations":0}
RISE_FIRE_OWNER_PROFILE_V1 {"scope":65,"parent":61,"phase":"ReadOpenClass","stage":1,"raw_iteration":2147483650,"iteration_kind":"terminal","wall_ms":0.151375000,"device_sum_ms":0.002291752,"wall_minus_device_ms":0.149083248,"exclusive_wall_ms":0.151375000,"exclusive_device_sum_ms":0.002291752,"child_observer_wall_ms":0.000000000,"count_scope":"inclusive","owner_commits":1,"projection_invocations":0}
PRODUCER_COMMAND_V1 stage=1 raw_iteration=2147483650 cpu_begin=1990838032485250 cpu_end=1990838314056333 gpu_begin=1990838032485250 gpu_end=1990838314056333 device_ms=200.36862511187792 encoders=42 interval_scope=possibly_overlapping
PRODUCER_KERNEL_V1 stage=1 raw_iteration=2147483650 ordinal=0 kernel=owner_pack_faces threads=1533387 begin_tick=1990838113582291 end_tick=1990838113641000 ms_per_tick=9.9999999999999995e-07 device_ms=0.058708999999999997
PRODUCER_KERNEL_V1 stage=1 raw_iteration=2147483650 ordinal=1 kernel=owner_pack_faces threads=1533387 begin_tick=1990838113640791 end_tick=1990838114082000 ms_per_tick=9.9999999999999995e-07 device_ms=0.44120899999999996
PRODUCER_KERNEL_V1 stage=1 raw_iteration=2147483650 ordinal=2 kernel=owner_pack_faces threads=1533387 begin_tick=1990838113580416 end_tick=1990838113640791 ms_per_tick=9.9999999999999995e-07 device_ms=0.060374999999999998
PRODUCER_KERNEL_V1 stage=1 raw_iteration=2147483650 ordinal=3 kernel=fct_extract_gas_density threads=504666 begin_tick=1990838114082000 end_tick=1990838114106208 ms_per_tick=9.9999999999999995e-07 device_ms=0.024208
PRODUCER_KERNEL_V1 stage=1 raw_iteration=2147483650 ordinal=4 kernel=owner_gas_source threads=504666 begin_tick=1990838114106208 end_tick=1990838114146916 ms_per_tick=9.9999999999999995e-07 device_ms=0.040708000000000001
PRODUCER_KERNEL_V1 stage=1 raw_iteration=2147483650 ordinal=5 kernel=evaluate_resident_transport threads=504666 begin_tick=1990838113641375 end_tick=1990838114129208 ms_per_tick=9.9999999999999995e-07 device_ms=0.48783299999999996
PRODUCER_KERNEL_V1 stage=1 raw_iteration=2147483650 ordinal=6 kernel=identify_resident_transport threads=1 begin_tick=1990838114131000 end_tick=1990838114146250 ms_per_tick=9.9999999999999995e-07 device_ms=0.01525
PRODUCER_KERNEL_V1 stage=1 raw_iteration=2147483650 ordinal=7 kernel=owner_bind_transport threads=1 begin_tick=1990838114146708 end_tick=1990838114150666 ms_per_tick=9.9999999999999995e-07 device_ms=0.0039579999999999997
PRODUCER_KERNEL_V1 stage=1 raw_iteration=2147483650 ordinal=8 kernel=identify_resident_owner_endpoint_class threads=1 begin_tick=1990838114151083 end_tick=1990838114154083 ms_per_tick=9.9999999999999995e-07 device_ms=0.0030000000000000001
PRODUCER_KERNEL_V1 stage=1 raw_iteration=2147483650 ordinal=9 kernel=evaluate_resident_physical_flux threads=1533387 begin_tick=1990838114967458 end_tick=1990838116084875 ms_per_tick=9.9999999999999995e-07 device_ms=1.1174169999999999
PRODUCER_KERNEL_V1 stage=1 raw_iteration=2147483650 ordinal=10 kernel=evaluate_resident_advective_pair threads=13800483 begin_tick=1990838116357916 end_tick=1990838123752083 ms_per_tick=9.9999999999999995e-07 device_ms=7.3941669999999995
PRODUCER_KERNEL_V1 stage=1 raw_iteration=2147483650 ordinal=11 kernel=finalize_resident_advective_high threads=13800483 begin_tick=1990838123783791 end_tick=1990838124386333 ms_per_tick=9.9999999999999995e-07 device_ms=0.60254200000000002
PRODUCER_KERNEL_V1 stage=1 raw_iteration=2147483650 ordinal=12 kernel=compose_resident_flux_pair threads=13800483 begin_tick=1990838124386708 end_tick=1990838125274916 ms_per_tick=9.9999999999999995e-07 device_ms=0.888208
PRODUCER_KERNEL_V1 stage=1 raw_iteration=2147483650 ordinal=13 kernel=validate_resident_physical_flux threads=13800483 begin_tick=1990838125275583 end_tick=1990838126110958 ms_per_tick=9.9999999999999995e-07 device_ms=0.83537499999999998
PRODUCER_KERNEL_V1 stage=1 raw_iteration=2147483650 ordinal=14 kernel=identify_resident_physical_flux threads=32 begin_tick=1990838126111625 end_tick=1990838126117875 ms_per_tick=9.9999999999999995e-07 device_ms=0.0062499999999999995
PRODUCER_KERNEL_V1 stage=1 raw_iteration=2147483650 ordinal=15 kernel=owner_average_flux threads=13800483 begin_tick=1990838126118416 end_tick=1990838126909583 ms_per_tick=9.9999999999999995e-07 device_ms=0.79116699999999995
PRODUCER_KERNEL_V1 stage=1 raw_iteration=2147483650 ordinal=16 kernel=owner_bind_averaged_flux threads=1 begin_tick=1990838126910083 end_tick=1990838126914000 ms_per_tick=9.9999999999999995e-07 device_ms=0.0039169999999999995
PRODUCER_KERNEL_V1 stage=1 raw_iteration=2147483650 ordinal=17 kernel=fct_build_ratios threads=5551326 begin_tick=1990838126914583 end_tick=1990838130526000 ms_per_tick=9.9999999999999995e-07 device_ms=3.6114169999999999
PRODUCER_KERNEL_V1 stage=1 raw_iteration=2147483650 ordinal=18 kernel=fct_build_face_alpha threads=1533387 begin_tick=1990838130526750 end_tick=1990838130797291 ms_per_tick=9.9999999999999995e-07 device_ms=0.27054099999999998
PRODUCER_KERNEL_V1 stage=1 raw_iteration=2147483650 ordinal=19 kernel=fct_commit_scalar threads=504666 begin_tick=1990838130798000 end_tick=1990838130991625 ms_per_tick=9.9999999999999995e-07 device_ms=0.19362499999999999
PRODUCER_KERNEL_V1 stage=1 raw_iteration=2147483650 ordinal=20 kernel=owner_bind_candidate threads=1 begin_tick=1990838130992041 end_tick=1990838130996000 ms_per_tick=9.9999999999999995e-07 device_ms=0.0039589999999999998
PRODUCER_KERNEL_V1 stage=1 raw_iteration=2147483650 ordinal=21 kernel=finalize_resident_eos_candidate threads=1 begin_tick=1990838130996458 end_tick=1990838130998958 ms_per_tick=9.9999999999999995e-07 device_ms=0.0025000000000000001
PRODUCER_KERNEL_V1 stage=1 raw_iteration=2147483650 ordinal=22 kernel=build_eos_endpoint_table threads=14 begin_tick=1990838131000000 end_tick=1990838131292375 ms_per_tick=9.9999999999999995e-07 device_ms=0.292375
PRODUCER_KERNEL_V1 stage=1 raw_iteration=2147483650 ordinal=23 kernel=evaluate_resident_eos_candidate threads=504666 begin_tick=1990838131292791 end_tick=1990838198390333 ms_per_tick=9.9999999999999995e-07 device_ms=67.09754199999999
PRODUCER_KERNEL_V1 stage=1 raw_iteration=2147483650 ordinal=24 kernel=finalize_resident_eos_candidate threads=1 begin_tick=1990838198406250 end_tick=1990838198409000 ms_per_tick=9.9999999999999995e-07 device_ms=0.0027499999999999998
PRODUCER_KERNEL_V1 stage=1 raw_iteration=2147483650 ordinal=25 kernel=identify_resident_eos threads=1 begin_tick=1990838198409416 end_tick=1990838198412000 ms_per_tick=9.9999999999999995e-07 device_ms=0.0025839999999999999
PRODUCER_KERNEL_V1 stage=1 raw_iteration=2147483650 ordinal=26 kernel=produce_resident_frozen_source threads=504666 begin_tick=1990838198412416 end_tick=1990838198443083 ms_per_tick=9.9999999999999995e-07 device_ms=0.030667
PRODUCER_KERNEL_V1 stage=1 raw_iteration=2147483650 ordinal=27 kernel=identify_resident_frozen_source threads=1 begin_tick=1990838198443500 end_tick=1990838198446208 ms_per_tick=9.9999999999999995e-07 device_ms=0.0027079999999999999
PRODUCER_KERNEL_V1 stage=1 raw_iteration=2147483650 ordinal=28 kernel=evaluate_resident_target_terms threads=504666 begin_tick=1990838198446666 end_tick=1990838312713375 ms_per_tick=9.9999999999999995e-07 device_ms=114.26670899999999
PRODUCER_KERNEL_V1 stage=1 raw_iteration=2147483650 ordinal=29 kernel=finalize_resident_target threads=1 begin_tick=1990838312727791 end_tick=1990838312730750 ms_per_tick=9.9999999999999995e-07 device_ms=0.0029589999999999998
PRODUCER_KERNEL_V1 stage=1 raw_iteration=2147483650 ordinal=30 kernel=identify_resident_target threads=1 begin_tick=1990838312731041 end_tick=1990838312734125 ms_per_tick=9.9999999999999995e-07 device_ms=0.0030839999999999999
PRODUCER_KERNEL_V1 stage=1 raw_iteration=2147483650 ordinal=31 kernel=issue_resident_projection_consumer threads=1 begin_tick=1990838312734541 end_tick=1990838312738458 ms_per_tick=9.9999999999999995e-07 device_ms=0.0039169999999999995
PRODUCER_KERNEL_V1 stage=1 raw_iteration=2147483650 ordinal=32 kernel=consume_resident_target threads=1 begin_tick=1990838312738833 end_tick=1990838312742958 ms_per_tick=9.9999999999999995e-07 device_ms=0.0041250000000000002
PRODUCER_KERNEL_V1 stage=1 raw_iteration=2147483650 ordinal=33 kernel=owner_compose_target threads=504666 begin_tick=1990838312743375 end_tick=1990838312822750 ms_per_tick=9.9999999999999995e-07 device_ms=0.079375000000000001
PRODUCER_KERNEL_V1 stage=1 raw_iteration=2147483650 ordinal=34 kernel=finalize_resident_target threads=1 begin_tick=1990838312823083 end_tick=1990838312825541 ms_per_tick=9.9999999999999995e-07 device_ms=0.0024579999999999997
PRODUCER_KERNEL_V1 stage=1 raw_iteration=2147483650 ordinal=35 kernel=owner_identify_target threads=1 begin_tick=1990838312825916 end_tick=1990838312828750 ms_per_tick=9.9999999999999995e-07 device_ms=0.0028339999999999997
PRODUCER_KERNEL_V1 stage=1 raw_iteration=2147483650 ordinal=36 kernel=issue_resident_projection_consumer threads=1 begin_tick=1990838312829083 end_tick=1990838312832208 ms_per_tick=9.9999999999999995e-07 device_ms=0.0031249999999999997
PRODUCER_KERNEL_V1 stage=1 raw_iteration=2147483650 ordinal=37 kernel=consume_resident_target threads=1 begin_tick=1990838312832541 end_tick=1990838312835625 ms_per_tick=9.9999999999999995e-07 device_ms=0.0030839999999999999
PRODUCER_KERNEL_V1 stage=1 raw_iteration=2147483650 ordinal=38 kernel=owner_issue_stage_seal threads=1 begin_tick=1990838312836083 end_tick=1990838312842583 ms_per_tick=9.9999999999999995e-07 device_ms=0.0064999999999999997
PRODUCER_KERNEL_V1 stage=1 raw_iteration=2147483650 ordinal=39 kernel=fct_compatible_stage_rate threads=1533387 begin_tick=1990838312843083 end_tick=1990838313350416 ms_per_tick=9.9999999999999995e-07 device_ms=0.50733299999999992
PRODUCER_KERNEL_V1 stage=1 raw_iteration=2147483650 ordinal=40 kernel=fct_compatible_stage_rate threads=1533387 begin_tick=1990838313350958 end_tick=1990838313849750 ms_per_tick=9.9999999999999995e-07 device_ms=0.49879199999999996
PRODUCER_KERNEL_V1 stage=1 raw_iteration=2147483650 ordinal=41 kernel=owner_heun_momentum threads=1533387 begin_tick=1990838313850291 end_tick=1990838313942583 ms_per_tick=9.9999999999999995e-07 device_ms=0.092291999999999999
RISE_FIRE_OWNER_PROFILE_V1 {"scope":66,"parent":61,"phase":"BuildStageProducerGroup","stage":1,"raw_iteration":2147483650,"iteration_kind":"terminal","wall_ms":281.728875000,"device_sum_ms":200.368625112,"wall_minus_device_ms":81.360249888,"exclusive_wall_ms":281.728875000,"exclusive_device_sum_ms":200.368625112,"child_observer_wall_ms":0.000000000,"count_scope":"inclusive","owner_commits":1,"projection_invocations":0}
RISE_FIRE_OWNER_PROFILE_V1 {"scope":67,"parent":61,"phase":"AlphaResidual","stage":1,"raw_iteration":2147483650,"iteration_kind":"terminal","wall_ms":0.250666000,"device_sum_ms":0.054874923,"wall_minus_device_ms":0.195791077,"exclusive_wall_ms":0.250666000,"exclusive_device_sum_ms":0.054874923,"child_observer_wall_ms":0.000000000,"count_scope":"inclusive","owner_commits":1,"projection_invocations":0}
RISE_FIRE_OWNER_PROFILE_V1 {"scope":68,"parent":61,"phase":"Residual","stage":1,"raw_iteration":2147483650,"iteration_kind":"terminal","wall_ms":0.437667000,"device_sum_ms":0.110291643,"wall_minus_device_ms":0.327375357,"exclusive_wall_ms":0.437667000,"exclusive_device_sum_ms":0.110291643,"child_observer_wall_ms":0.000000000,"count_scope":"inclusive","owner_commits":1,"projection_invocations":0}
RISE_FIRE_OWNER_PROFILE_V1 {"scope":61,"parent":54,"phase":"TerminalVerification","stage":1,"raw_iteration":2147483650,"iteration_kind":"terminal","wall_ms":295.480583000,"device_sum_ms":209.927374730,"wall_minus_device_ms":85.553208270,"exclusive_wall_ms":0.004166000,"exclusive_device_sum_ms":0.000000000,"child_observer_wall_ms":0.031375000,"count_scope":"inclusive","owner_commits":7,"projection_invocations":1}
RISE_FIRE_OWNER_PROFILE_V1 {"scope":54,"parent":36,"phase":"PicardIteration","stage":1,"raw_iteration":2,"iteration_kind":"picard","wall_ms":588.052708000,"device_sum_ms":416.459166445,"wall_minus_device_ms":171.593541555,"exclusive_wall_ms":0.438959000,"exclusive_device_sum_ms":0.000000000,"child_observer_wall_ms":0.032500000,"count_scope":"inclusive","owner_commits":13,"projection_invocations":2}
RISE_FIRE_OWNER_PROFILE_V1 {"scope":36,"parent":1,"phase":"SolveStage","stage":1,"raw_iteration":4294967295,"iteration_kind":"bootstrap","wall_ms":1465.912833000,"device_sum_ms":1036.660749232,"wall_minus_device_ms":429.252083768,"exclusive_wall_ms":1.640500000,"exclusive_device_sum_ms":0.000000000,"child_observer_wall_ms":0.022708000,"count_scope":"inclusive","owner_commits":28,"projection_invocations":5}
RISE_FIRE_OWNER_PROFILE_V1 {"scope":71,"parent":70,"phase":"ProjectionAdapter","stage":2,"raw_iteration":4294967295,"iteration_kind":"bootstrap","wall_ms":11.700833000,"device_sum_ms":8.866124786,"wall_minus_device_ms":2.834708214,"exclusive_wall_ms":11.700833000,"exclusive_device_sum_ms":8.866124786,"child_observer_wall_ms":0.000000000,"count_scope":"inclusive","owner_commits":0,"projection_invocations":1}
RISE_FIRE_OWNER_PROFILE_V1 {"scope":70,"parent":69,"phase":"Project","stage":2,"raw_iteration":4294967295,"iteration_kind":"bootstrap","wall_ms":12.181041000,"device_sum_ms":8.907124866,"wall_minus_device_ms":3.273916134,"exclusive_wall_ms":0.474291000,"exclusive_device_sum_ms":0.041000079,"child_observer_wall_ms":0.005917000,"count_scope":"inclusive","owner_commits":2,"projection_invocations":1}
PRODUCER_COMMAND_V1 stage=2 raw_iteration=4294967295 cpu_begin=1990838329973666 cpu_end=1990838604694083 gpu_begin=1990838329973666 gpu_end=1990838604694083 device_ms=194.046541582793 encoders=36 interval_scope=possibly_overlapping
PRODUCER_KERNEL_V1 stage=2 raw_iteration=4294967295 ordinal=0 kernel=owner_pack_faces threads=1533387 begin_tick=1990838410665708 end_tick=1990838410717375 ms_per_tick=9.9999999999999995e-07 device_ms=0.051666999999999998
PRODUCER_KERNEL_V1 stage=2 raw_iteration=4294967295 ordinal=1 kernel=owner_pack_faces threads=1533387 begin_tick=1990838410790916 end_tick=1990838410841666 ms_per_tick=9.9999999999999995e-07 device_ms=0.050749999999999997
PRODUCER_KERNEL_V1 stage=2 raw_iteration=4294967295 ordinal=2 kernel=owner_pack_faces threads=1533387 begin_tick=1990838410871708 end_tick=1990838410951541 ms_per_tick=9.9999999999999995e-07 device_ms=0.079833000000000001
PRODUCER_KERNEL_V1 stage=2 raw_iteration=4294967295 ordinal=3 kernel=fct_extract_gas_density threads=504666 begin_tick=1990838410908916 end_tick=1990838410956125 ms_per_tick=9.9999999999999995e-07 device_ms=0.047209000000000001
PRODUCER_KERNEL_V1 stage=2 raw_iteration=4294967295 ordinal=4 kernel=owner_gas_source threads=504666 begin_tick=1990838410989625 end_tick=1990838411033833 ms_per_tick=9.9999999999999995e-07 device_ms=0.044207999999999997
PRODUCER_KERNEL_V1 stage=2 raw_iteration=4294967295 ordinal=5 kernel=evaluate_resident_transport threads=504666 begin_tick=1990838411053791 end_tick=1990838411506041 ms_per_tick=9.9999999999999995e-07 device_ms=0.45224999999999999
PRODUCER_KERNEL_V1 stage=2 raw_iteration=4294967295 ordinal=6 kernel=identify_resident_transport threads=1 begin_tick=1990838411506375 end_tick=1990838411510041 ms_per_tick=9.9999999999999995e-07 device_ms=0.003666
PRODUCER_KERNEL_V1 stage=2 raw_iteration=4294967295 ordinal=7 kernel=owner_bind_transport threads=1 begin_tick=1990838411510583 end_tick=1990838411514541 ms_per_tick=9.9999999999999995e-07 device_ms=0.0039579999999999997
PRODUCER_KERNEL_V1 stage=2 raw_iteration=4294967295 ordinal=8 kernel=identify_resident_owner_endpoint_class threads=1 begin_tick=1990838411515125 end_tick=1990838411518541 ms_per_tick=9.9999999999999995e-07 device_ms=0.0034159999999999998
PRODUCER_KERNEL_V1 stage=2 raw_iteration=4294967295 ordinal=9 kernel=evaluate_resident_physical_flux threads=1533387 begin_tick=1990838412489458 end_tick=1990838413600125 ms_per_tick=9.9999999999999995e-07 device_ms=1.1106669999999998
PRODUCER_KERNEL_V1 stage=2 raw_iteration=4294967295 ordinal=10 kernel=evaluate_resident_advective_pair threads=13800483 begin_tick=1990838413869375 end_tick=1990838421187750 ms_per_tick=9.9999999999999995e-07 device_ms=7.3183749999999996
PRODUCER_KERNEL_V1 stage=2 raw_iteration=4294967295 ordinal=11 kernel=finalize_resident_advective_high threads=13800483 begin_tick=1990838421188500 end_tick=1990838421608125 ms_per_tick=9.9999999999999995e-07 device_ms=0.41962499999999997
PRODUCER_KERNEL_V1 stage=2 raw_iteration=4294967295 ordinal=12 kernel=compose_resident_flux_pair threads=13800483 begin_tick=1990838421608500 end_tick=1990838422492500 ms_per_tick=9.9999999999999995e-07 device_ms=0.88400000000000001
PRODUCER_KERNEL_V1 stage=2 raw_iteration=4294967295 ordinal=13 kernel=validate_resident_physical_flux threads=13800483 begin_tick=1990838422493000 end_tick=1990838423332083 ms_per_tick=9.9999999999999995e-07 device_ms=0.83908299999999991
PRODUCER_KERNEL_V1 stage=2 raw_iteration=4294967295 ordinal=14 kernel=identify_resident_physical_flux threads=32 begin_tick=1990838423332583 end_tick=1990838423335958 ms_per_tick=9.9999999999999995e-07 device_ms=0.003375
PRODUCER_KERNEL_V1 stage=2 raw_iteration=4294967295 ordinal=15 kernel=owner_bind_candidate threads=1 begin_tick=1990838423336458 end_tick=1990838423340125 ms_per_tick=9.9999999999999995e-07 device_ms=0.0036669999999999997
PRODUCER_KERNEL_V1 stage=2 raw_iteration=4294967295 ordinal=16 kernel=finalize_resident_eos_candidate threads=1 begin_tick=1990838423341166 end_tick=1990838423343458 ms_per_tick=9.9999999999999995e-07 device_ms=0.0022919999999999998
PRODUCER_KERNEL_V1 stage=2 raw_iteration=4294967295 ordinal=17 kernel=build_eos_endpoint_table threads=14 begin_tick=1990838423344166 end_tick=1990838423636000 ms_per_tick=9.9999999999999995e-07 device_ms=0.29183399999999998
PRODUCER_KERNEL_V1 stage=2 raw_iteration=4294967295 ordinal=18 kernel=evaluate_resident_eos_candidate threads=504666 begin_tick=1990838423636333 end_tick=1990838487126416 ms_per_tick=9.9999999999999995e-07 device_ms=63.490082999999998
PRODUCER_KERNEL_V1 stage=2 raw_iteration=4294967295 ordinal=19 kernel=finalize_resident_eos_candidate threads=1 begin_tick=1990838487143750 end_tick=1990838487241750 ms_per_tick=9.9999999999999995e-07 device_ms=0.09799999999999999
PRODUCER_KERNEL_V1 stage=2 raw_iteration=4294967295 ordinal=20 kernel=identify_resident_eos threads=1 begin_tick=1990838487242083 end_tick=1990838487245625 ms_per_tick=9.9999999999999995e-07 device_ms=0.003542
PRODUCER_KERNEL_V1 stage=2 raw_iteration=4294967295 ordinal=21 kernel=produce_resident_frozen_source threads=504666 begin_tick=1990838487246083 end_tick=1990838487280750 ms_per_tick=9.9999999999999995e-07 device_ms=0.034666999999999996
PRODUCER_KERNEL_V1 stage=2 raw_iteration=4294967295 ordinal=22 kernel=identify_resident_frozen_source threads=1 begin_tick=1990838487281083 end_tick=1990838487284125 ms_per_tick=9.9999999999999995e-07 device_ms=0.003042
PRODUCER_KERNEL_V1 stage=2 raw_iteration=4294967295 ordinal=23 kernel=evaluate_resident_target_terms threads=504666 begin_tick=1990838487284541 end_tick=1990838603359250 ms_per_tick=9.9999999999999995e-07 device_ms=116.074709
PRODUCER_KERNEL_V1 stage=2 raw_iteration=4294967295 ordinal=24 kernel=finalize_resident_target threads=1 begin_tick=1990838603712708 end_tick=1990838603715916 ms_per_tick=9.9999999999999995e-07 device_ms=0.0032079999999999999
PRODUCER_KERNEL_V1 stage=2 raw_iteration=4294967295 ordinal=25 kernel=identify_resident_target threads=1 begin_tick=1990838603716416 end_tick=1990838603719500 ms_per_tick=9.9999999999999995e-07 device_ms=0.0030839999999999999
PRODUCER_KERNEL_V1 stage=2 raw_iteration=4294967295 ordinal=26 kernel=issue_resident_projection_consumer threads=1 begin_tick=1990838603719916 end_tick=1990838603724041 ms_per_tick=9.9999999999999995e-07 device_ms=0.0041250000000000002
PRODUCER_KERNEL_V1 stage=2 raw_iteration=4294967295 ordinal=27 kernel=consume_resident_target threads=1 begin_tick=1990838603724375 end_tick=1990838603728416 ms_per_tick=9.9999999999999995e-07 device_ms=0.0040409999999999995
PRODUCER_KERNEL_V1 stage=2 raw_iteration=4294967295 ordinal=28 kernel=owner_compose_target threads=504666 begin_tick=1990838603728750 end_tick=1990838603761333 ms_per_tick=9.9999999999999995e-07 device_ms=0.032583000000000001
PRODUCER_KERNEL_V1 stage=2 raw_iteration=4294967295 ordinal=29 kernel=finalize_resident_target threads=1 begin_tick=1990838603761833 end_tick=1990838603764291 ms_per_tick=9.9999999999999995e-07 device_ms=0.0024579999999999997
PRODUCER_KERNEL_V1 stage=2 raw_iteration=4294967295 ordinal=30 kernel=owner_identify_target threads=1 begin_tick=1990838603764750 end_tick=1990838603767625 ms_per_tick=9.9999999999999995e-07 device_ms=0.002875
PRODUCER_KERNEL_V1 stage=2 raw_iteration=4294967295 ordinal=31 kernel=issue_resident_projection_consumer threads=1 begin_tick=1990838603768208 end_tick=1990838603771291 ms_per_tick=9.9999999999999995e-07 device_ms=0.0030829999999999998
PRODUCER_KERNEL_V1 stage=2 raw_iteration=4294967295 ordinal=32 kernel=consume_resident_target threads=1 begin_tick=1990838603771625 end_tick=1990838603774750 ms_per_tick=9.9999999999999995e-07 device_ms=0.0031249999999999997
PRODUCER_KERNEL_V1 stage=2 raw_iteration=4294967295 ordinal=33 kernel=owner_issue_stage_seal threads=1 begin_tick=1990838603775208 end_tick=1990838603778166 ms_per_tick=9.9999999999999995e-07 device_ms=0.0029579999999999997
PRODUCER_KERNEL_V1 stage=2 raw_iteration=4294967295 ordinal=34 kernel=fct_compatible_stage_rate threads=1533387 begin_tick=1990838603778541 end_tick=1990838604467125 ms_per_tick=9.9999999999999995e-07 device_ms=0.68858399999999997
PRODUCER_KERNEL_V1 stage=2 raw_iteration=4294967295 ordinal=35 kernel=owner_heun_momentum threads=1533387 begin_tick=1990838604481333 end_tick=1990838604574916 ms_per_tick=9.9999999999999995e-07 device_ms=0.093583
RISE_FIRE_OWNER_PROFILE_V1 {"scope":72,"parent":69,"phase":"BuildStageProducerGroup","stage":2,"raw_iteration":4294967295,"iteration_kind":"bootstrap","wall_ms":274.872041000,"device_sum_ms":194.046541583,"wall_minus_device_ms":80.825499417,"exclusive_wall_ms":274.872041000,"exclusive_device_sum_ms":194.046541583,"child_observer_wall_ms":0.000000000,"count_scope":"inclusive","owner_commits":1,"projection_invocations":0}
RISE_FIRE_OWNER_PROFILE_V1 {"scope":75,"parent":74,"phase":"ProjectionAdapter","stage":2,"raw_iteration":0,"iteration_kind":"picard","wall_ms":12.193875000,"device_sum_ms":9.329208406,"wall_minus_device_ms":2.864666594,"exclusive_wall_ms":12.193875000,"exclusive_device_sum_ms":9.329208406,"child_observer_wall_ms":0.000000000,"count_scope":"inclusive","owner_commits":0,"projection_invocations":1}
RISE_FIRE_OWNER_PROFILE_V1 {"scope":74,"parent":73,"phase":"Project","stage":2,"raw_iteration":0,"iteration_kind":"picard","wall_ms":12.701333000,"device_sum_ms":9.371375199,"wall_minus_device_ms":3.329957801,"exclusive_wall_ms":0.499749000,"exclusive_device_sum_ms":0.042166794,"child_observer_wall_ms":0.007709000,"count_scope":"inclusive","owner_commits":2,"projection_invocations":1}
RISE_FIRE_OWNER_PROFILE_V1 {"scope":76,"parent":73,"phase":"ReadOpenClass","stage":2,"raw_iteration":0,"iteration_kind":"picard","wall_ms":0.157041000,"device_sum_ms":0.002541579,"wall_minus_device_ms":0.154499421,"exclusive_wall_ms":0.157041000,"exclusive_device_sum_ms":0.002541579,"child_observer_wall_ms":0.000000000,"count_scope":"inclusive","owner_commits":1,"projection_invocations":0}
RISE_FIRE_OWNER_PROFILE_V1 {"scope":77,"parent":73,"phase":"ReadOpenClass","stage":2,"raw_iteration":0,"iteration_kind":"picard","wall_ms":0.151083000,"device_sum_ms":0.002374873,"wall_minus_device_ms":0.148708127,"exclusive_wall_ms":0.151083000,"exclusive_device_sum_ms":0.002374873,"child_observer_wall_ms":0.000000000,"count_scope":"inclusive","owner_commits":1,"projection_invocations":0}
PRODUCER_COMMAND_V1 stage=2 raw_iteration=0 cpu_begin=1990838617874208 cpu_end=1990838890641250 gpu_begin=1990838617874208 gpu_end=1990838890641250 device_ms=191.55200012028217 encoders=36 interval_scope=possibly_overlapping
PRODUCER_KERNEL_V1 stage=2 raw_iteration=0 ordinal=0 kernel=owner_pack_faces threads=1533387 begin_tick=1990838698956333 end_tick=1990838699016625 ms_per_tick=9.9999999999999995e-07 device_ms=0.060291999999999998
PRODUCER_KERNEL_V1 stage=2 raw_iteration=0 ordinal=1 kernel=owner_pack_faces threads=1533387 begin_tick=1990838699016625 end_tick=1990838699378916 ms_per_tick=9.9999999999999995e-07 device_ms=0.36229099999999997
PRODUCER_KERNEL_V1 stage=2 raw_iteration=0 ordinal=2 kernel=owner_pack_faces threads=1533387 begin_tick=1990838698954375 end_tick=1990838699016875 ms_per_tick=9.9999999999999995e-07 device_ms=0.0625
PRODUCER_KERNEL_V1 stage=2 raw_iteration=0 ordinal=3 kernel=fct_extract_gas_density threads=504666 begin_tick=1990838699017166 end_tick=1990838699074250 ms_per_tick=9.9999999999999995e-07 device_ms=0.057083999999999996
PRODUCER_KERNEL_V1 stage=2 raw_iteration=0 ordinal=4 kernel=owner_gas_source threads=504666 begin_tick=1990838699379333 end_tick=1990838699527166 ms_per_tick=9.9999999999999995e-07 device_ms=0.14783299999999999
PRODUCER_KERNEL_V1 stage=2 raw_iteration=0 ordinal=5 kernel=evaluate_resident_transport threads=504666 begin_tick=1990838699074250 end_tick=1990838699542500 ms_per_tick=9.9999999999999995e-07 device_ms=0.46825
PRODUCER_KERNEL_V1 stage=2 raw_iteration=0 ordinal=6 kernel=identify_resident_transport threads=1 begin_tick=1990838699543250 end_tick=1990838699546500 ms_per_tick=9.9999999999999995e-07 device_ms=0.0032499999999999999
PRODUCER_KERNEL_V1 stage=2 raw_iteration=0 ordinal=7 kernel=owner_bind_transport threads=1 begin_tick=1990838699547083 end_tick=1990838699550875 ms_per_tick=9.9999999999999995e-07 device_ms=0.0037919999999999998
PRODUCER_KERNEL_V1 stage=2 raw_iteration=0 ordinal=8 kernel=identify_resident_owner_endpoint_class threads=1 begin_tick=1990838699551291 end_tick=1990838699554500 ms_per_tick=9.9999999999999995e-07 device_ms=0.003209
PRODUCER_KERNEL_V1 stage=2 raw_iteration=0 ordinal=9 kernel=evaluate_resident_physical_flux threads=1533387 begin_tick=1990838700333750 end_tick=1990838701454041 ms_per_tick=9.9999999999999995e-07 device_ms=1.1202909999999999
PRODUCER_KERNEL_V1 stage=2 raw_iteration=0 ordinal=10 kernel=evaluate_resident_advective_pair threads=13800483 begin_tick=1990838701730333 end_tick=1990838709071791 ms_per_tick=9.9999999999999995e-07 device_ms=7.3414579999999994
PRODUCER_KERNEL_V1 stage=2 raw_iteration=0 ordinal=11 kernel=finalize_resident_advective_high threads=13800483 begin_tick=1990838709072583 end_tick=1990838709491750 ms_per_tick=9.9999999999999995e-07 device_ms=0.41916699999999996
PRODUCER_KERNEL_V1 stage=2 raw_iteration=0 ordinal=12 kernel=compose_resident_flux_pair threads=13800483 begin_tick=1990838709492083 end_tick=1990838710371208 ms_per_tick=9.9999999999999995e-07 device_ms=0.87912499999999993
PRODUCER_KERNEL_V1 stage=2 raw_iteration=0 ordinal=13 kernel=validate_resident_physical_flux threads=13800483 begin_tick=1990838710371833 end_tick=1990838711197291 ms_per_tick=9.9999999999999995e-07 device_ms=0.82545799999999991
PRODUCER_KERNEL_V1 stage=2 raw_iteration=0 ordinal=14 kernel=identify_resident_physical_flux threads=32 begin_tick=1990838711197958 end_tick=1990838711201458 ms_per_tick=9.9999999999999995e-07 device_ms=0.0034999999999999996
PRODUCER_KERNEL_V1 stage=2 raw_iteration=0 ordinal=15 kernel=owner_bind_candidate threads=1 begin_tick=1990838711201916 end_tick=1990838711205583 ms_per_tick=9.9999999999999995e-07 device_ms=0.0036669999999999997
PRODUCER_KERNEL_V1 stage=2 raw_iteration=0 ordinal=16 kernel=finalize_resident_eos_candidate threads=1 begin_tick=1990838711206250 end_tick=1990838711208416 ms_per_tick=9.9999999999999995e-07 device_ms=0.002166
PRODUCER_KERNEL_V1 stage=2 raw_iteration=0 ordinal=17 kernel=build_eos_endpoint_table threads=14 begin_tick=1990838711209083 end_tick=1990838711502041 ms_per_tick=9.9999999999999995e-07 device_ms=0.292958
PRODUCER_KERNEL_V1 stage=2 raw_iteration=0 ordinal=18 kernel=evaluate_resident_eos_candidate threads=504666 begin_tick=1990838711502458 end_tick=1990838775736541 ms_per_tick=9.9999999999999995e-07 device_ms=64.234082999999998
PRODUCER_KERNEL_V1 stage=2 raw_iteration=0 ordinal=19 kernel=finalize_resident_eos_candidate threads=1 begin_tick=1990838775752958 end_tick=1990838775755541 ms_per_tick=9.9999999999999995e-07 device_ms=0.0025829999999999998
PRODUCER_KERNEL_V1 stage=2 raw_iteration=0 ordinal=20 kernel=identify_resident_eos threads=1 begin_tick=1990838775755958 end_tick=1990838775758791 ms_per_tick=9.9999999999999995e-07 device_ms=0.002833
PRODUCER_KERNEL_V1 stage=2 raw_iteration=0 ordinal=21 kernel=produce_resident_frozen_source threads=504666 begin_tick=1990838775759333 end_tick=1990838775790583 ms_per_tick=9.9999999999999995e-07 device_ms=0.03125
PRODUCER_KERNEL_V1 stage=2 raw_iteration=0 ordinal=22 kernel=identify_resident_frozen_source threads=1 begin_tick=1990838775790916 end_tick=1990838775796875 ms_per_tick=9.9999999999999995e-07 device_ms=0.0059589999999999999
PRODUCER_KERNEL_V1 stage=2 raw_iteration=0 ordinal=23 kernel=evaluate_resident_target_terms threads=504666 begin_tick=1990838775797333 end_tick=1990838889807833 ms_per_tick=9.9999999999999995e-07 device_ms=114.01049999999999
PRODUCER_KERNEL_V1 stage=2 raw_iteration=0 ordinal=24 kernel=finalize_resident_target threads=1 begin_tick=1990838889823125 end_tick=1990838889826125 ms_per_tick=9.9999999999999995e-07 device_ms=0.0030000000000000001
PRODUCER_KERNEL_V1 stage=2 raw_iteration=0 ordinal=25 kernel=identify_resident_target threads=1 begin_tick=1990838889826708 end_tick=1990838889829750 ms_per_tick=9.9999999999999995e-07 device_ms=0.003042
PRODUCER_KERNEL_V1 stage=2 raw_iteration=0 ordinal=26 kernel=issue_resident_projection_consumer threads=1 begin_tick=1990838889830833 end_tick=1990838889835291 ms_per_tick=9.9999999999999995e-07 device_ms=0.0044580000000000002
PRODUCER_KERNEL_V1 stage=2 raw_iteration=0 ordinal=27 kernel=consume_resident_target threads=1 begin_tick=1990838889835875 end_tick=1990838889839750 ms_per_tick=9.9999999999999995e-07 device_ms=0.003875
PRODUCER_KERNEL_V1 stage=2 raw_iteration=0 ordinal=28 kernel=owner_compose_target threads=504666 begin_tick=1990838889840166 end_tick=1990838889871333 ms_per_tick=9.9999999999999995e-07 device_ms=0.031167
PRODUCER_KERNEL_V1 stage=2 raw_iteration=0 ordinal=29 kernel=finalize_resident_target threads=1 begin_tick=1990838889871875 end_tick=1990838889874083 ms_per_tick=9.9999999999999995e-07 device_ms=0.0022079999999999999
PRODUCER_KERNEL_V1 stage=2 raw_iteration=0 ordinal=30 kernel=owner_identify_target threads=1 begin_tick=1990838889874500 end_tick=1990838889877583 ms_per_tick=9.9999999999999995e-07 device_ms=0.0030829999999999998
PRODUCER_KERNEL_V1 stage=2 raw_iteration=0 ordinal=31 kernel=issue_resident_projection_consumer threads=1 begin_tick=1990838889878125 end_tick=1990838889881083 ms_per_tick=9.9999999999999995e-07 device_ms=0.0029579999999999997
PRODUCER_KERNEL_V1 stage=2 raw_iteration=0 ordinal=32 kernel=consume_resident_target threads=1 begin_tick=1990838889881500 end_tick=1990838889884833 ms_per_tick=9.9999999999999995e-07 device_ms=0.003333
PRODUCER_KERNEL_V1 stage=2 raw_iteration=0 ordinal=33 kernel=owner_issue_stage_seal threads=1 begin_tick=1990838889885458 end_tick=1990838889888458 ms_per_tick=9.9999999999999995e-07 device_ms=0.0030000000000000001
PRODUCER_KERNEL_V1 stage=2 raw_iteration=0 ordinal=34 kernel=fct_compatible_stage_rate threads=1533387 begin_tick=1990838889888958 end_tick=1990838890409708 ms_per_tick=9.9999999999999995e-07 device_ms=0.52074999999999994
PRODUCER_KERNEL_V1 stage=2 raw_iteration=0 ordinal=35 kernel=owner_heun_momentum threads=1533387 begin_tick=1990838890410125 end_tick=1990838890500458 ms_per_tick=9.9999999999999995e-07 device_ms=0.090332999999999997
RISE_FIRE_OWNER_PROFILE_V1 {"scope":78,"parent":73,"phase":"BuildStageProducerGroup","stage":2,"raw_iteration":0,"iteration_kind":"picard","wall_ms":272.903208000,"device_sum_ms":191.552000120,"wall_minus_device_ms":81.351207880,"exclusive_wall_ms":272.903208000,"exclusive_device_sum_ms":191.552000120,"child_observer_wall_ms":0.000000000,"count_scope":"inclusive","owner_commits":1,"projection_invocations":0}
RISE_FIRE_OWNER_PROFILE_V1 {"scope":79,"parent":73,"phase":"Residual","stage":2,"raw_iteration":0,"iteration_kind":"picard","wall_ms":0.218917000,"device_sum_ms":0.021916814,"wall_minus_device_ms":0.197000186,"exclusive_wall_ms":0.218917000,"exclusive_device_sum_ms":0.021916814,"child_observer_wall_ms":0.000000000,"count_scope":"inclusive","owner_commits":1,"projection_invocations":0}
RISE_FIRE_OWNER_PROFILE_V1 {"scope":73,"parent":69,"phase":"PicardIteration","stage":2,"raw_iteration":0,"iteration_kind":"picard","wall_ms":286.586291000,"device_sum_ms":200.950208586,"wall_minus_device_ms":85.636082414,"exclusive_wall_ms":0.425001000,"exclusive_device_sum_ms":0.000000000,"child_observer_wall_ms":0.029708000,"count_scope":"inclusive","owner_commits":6,"projection_invocations":1}
RISE_FIRE_OWNER_PROFILE_V1 {"scope":82,"parent":81,"phase":"ProjectionAdapter","stage":2,"raw_iteration":1,"iteration_kind":"picard","wall_ms":11.900125000,"device_sum_ms":9.112916654,"wall_minus_device_ms":2.787208346,"exclusive_wall_ms":11.900125000,"exclusive_device_sum_ms":9.112916654,"child_observer_wall_ms":0.000000000,"count_scope":"inclusive","owner_commits":0,"projection_invocations":1}
RISE_FIRE_OWNER_PROFILE_V1 {"scope":81,"parent":80,"phase":"Project","stage":2,"raw_iteration":1,"iteration_kind":"picard","wall_ms":13.085083000,"device_sum_ms":9.168374818,"wall_minus_device_ms":3.916708182,"exclusive_wall_ms":1.172749000,"exclusive_device_sum_ms":0.055458164,"child_observer_wall_ms":0.012209000,"count_scope":"inclusive","owner_commits":2,"projection_invocations":1}
RISE_FIRE_OWNER_PROFILE_V1 {"scope":83,"parent":80,"phase":"ReadOpenClass","stage":2,"raw_iteration":1,"iteration_kind":"picard","wall_ms":0.152292000,"device_sum_ms":0.002500135,"wall_minus_device_ms":0.149791865,"exclusive_wall_ms":0.152292000,"exclusive_device_sum_ms":0.002500135,"child_observer_wall_ms":0.000000000,"count_scope":"inclusive","owner_commits":1,"projection_invocations":0}
RISE_FIRE_OWNER_PROFILE_V1 {"scope":84,"parent":80,"phase":"ReadOpenClass","stage":2,"raw_iteration":1,"iteration_kind":"picard","wall_ms":0.145500000,"device_sum_ms":0.002416782,"wall_minus_device_ms":0.143083218,"exclusive_wall_ms":0.145500000,"exclusive_device_sum_ms":0.002416782,"child_observer_wall_ms":0.000000000,"count_scope":"inclusive","owner_commits":1,"projection_invocations":0}
PRODUCER_COMMAND_V1 stage=2 raw_iteration=1 cpu_begin=1990838904851875 cpu_end=1990839179120041 gpu_begin=1990838904851875 gpu_end=1990839179120041 device_ms=192.7202083170414 encoders=36 interval_scope=possibly_overlapping
PRODUCER_KERNEL_V1 stage=2 raw_iteration=1 ordinal=0 kernel=owner_pack_faces threads=1533387 begin_tick=1990838986304791 end_tick=1990838986416083 ms_per_tick=9.9999999999999995e-07 device_ms=0.11129199999999999
PRODUCER_KERNEL_V1 stage=2 raw_iteration=1 ordinal=1 kernel=owner_pack_faces threads=1533387 begin_tick=1990838986415875 end_tick=1990838986843833 ms_per_tick=9.9999999999999995e-07 device_ms=0.42795800000000001
PRODUCER_KERNEL_V1 stage=2 raw_iteration=1 ordinal=2 kernel=owner_pack_faces threads=1533387 begin_tick=1990838986303333 end_tick=1990838986415875 ms_per_tick=9.9999999999999995e-07 device_ms=0.11254199999999999
PRODUCER_KERNEL_V1 stage=2 raw_iteration=1 ordinal=3 kernel=fct_extract_gas_density threads=504666 begin_tick=1990838986843833 end_tick=1990838986871958 ms_per_tick=9.9999999999999995e-07 device_ms=0.028124999999999997
PRODUCER_KERNEL_V1 stage=2 raw_iteration=1 ordinal=4 kernel=owner_gas_source threads=504666 begin_tick=1990838986871958 end_tick=1990838986916125 ms_per_tick=9.9999999999999995e-07 device_ms=0.044166999999999998
PRODUCER_KERNEL_V1 stage=2 raw_iteration=1 ordinal=5 kernel=evaluate_resident_transport threads=504666 begin_tick=1990838986416541 end_tick=1990838986928000 ms_per_tick=9.9999999999999995e-07 device_ms=0.511459
PRODUCER_KERNEL_V1 stage=2 raw_iteration=1 ordinal=6 kernel=identify_resident_transport threads=1 begin_tick=1990838986928541 end_tick=1990838986931625 ms_per_tick=9.9999999999999995e-07 device_ms=0.0030839999999999999
PRODUCER_KERNEL_V1 stage=2 raw_iteration=1 ordinal=7 kernel=owner_bind_transport threads=1 begin_tick=1990838986932208 end_tick=1990838986935875 ms_per_tick=9.9999999999999995e-07 device_ms=0.0036669999999999997
PRODUCER_KERNEL_V1 stage=2 raw_iteration=1 ordinal=8 kernel=identify_resident_owner_endpoint_class threads=1 begin_tick=1990838986936291 end_tick=1990838986939833 ms_per_tick=9.9999999999999995e-07 device_ms=0.003542
PRODUCER_KERNEL_V1 stage=2 raw_iteration=1 ordinal=9 kernel=evaluate_resident_physical_flux threads=1533387 begin_tick=1990838987975875 end_tick=1990838989100708 ms_per_tick=9.9999999999999995e-07 device_ms=1.124833
PRODUCER_KERNEL_V1 stage=2 raw_iteration=1 ordinal=10 kernel=evaluate_resident_advective_pair threads=13800483 begin_tick=1990838989397458 end_tick=1990838996610833 ms_per_tick=9.9999999999999995e-07 device_ms=7.2133750000000001
PRODUCER_KERNEL_V1 stage=2 raw_iteration=1 ordinal=11 kernel=finalize_resident_advective_high threads=13800483 begin_tick=1990838996611416 end_tick=1990838997033958 ms_per_tick=9.9999999999999995e-07 device_ms=0.42254199999999997
PRODUCER_KERNEL_V1 stage=2 raw_iteration=1 ordinal=12 kernel=compose_resident_flux_pair threads=13800483 begin_tick=1990838997034375 end_tick=1990838997916250 ms_per_tick=9.9999999999999995e-07 device_ms=0.88187499999999996
PRODUCER_KERNEL_V1 stage=2 raw_iteration=1 ordinal=13 kernel=validate_resident_physical_flux threads=13800483 begin_tick=1990838997916750 end_tick=1990838998753833 ms_per_tick=9.9999999999999995e-07 device_ms=0.83708299999999991
PRODUCER_KERNEL_V1 stage=2 raw_iteration=1 ordinal=14 kernel=identify_resident_physical_flux threads=32 begin_tick=1990838998754333 end_tick=1990838998757625 ms_per_tick=9.9999999999999995e-07 device_ms=0.0032919999999999998
PRODUCER_KERNEL_V1 stage=2 raw_iteration=1 ordinal=15 kernel=owner_bind_candidate threads=1 begin_tick=1990838998758166 end_tick=1990838998761750 ms_per_tick=9.9999999999999995e-07 device_ms=0.0035839999999999999
PRODUCER_KERNEL_V1 stage=2 raw_iteration=1 ordinal=16 kernel=finalize_resident_eos_candidate threads=1 begin_tick=1990838998762166 end_tick=1990838998764375 ms_per_tick=9.9999999999999995e-07 device_ms=0.002209
PRODUCER_KERNEL_V1 stage=2 raw_iteration=1 ordinal=17 kernel=build_eos_endpoint_table threads=14 begin_tick=1990838998765083 end_tick=1990838999056041 ms_per_tick=9.9999999999999995e-07 device_ms=0.29095799999999999
PRODUCER_KERNEL_V1 stage=2 raw_iteration=1 ordinal=18 kernel=evaluate_resident_eos_candidate threads=504666 begin_tick=1990838999056375 end_tick=1990839063586208 ms_per_tick=9.9999999999999995e-07 device_ms=64.529832999999996
PRODUCER_KERNEL_V1 stage=2 raw_iteration=1 ordinal=19 kernel=finalize_resident_eos_candidate threads=1 begin_tick=1990839063602916 end_tick=1990839063605833 ms_per_tick=9.9999999999999995e-07 device_ms=0.0029169999999999999
PRODUCER_KERNEL_V1 stage=2 raw_iteration=1 ordinal=20 kernel=identify_resident_eos threads=1 begin_tick=1990839063606291 end_tick=1990839063609125 ms_per_tick=9.9999999999999995e-07 device_ms=0.0028339999999999997
PRODUCER_KERNEL_V1 stage=2 raw_iteration=1 ordinal=21 kernel=produce_resident_frozen_source threads=504666 begin_tick=1990839063609791 end_tick=1990839063641000 ms_per_tick=9.9999999999999995e-07 device_ms=0.031208999999999997
PRODUCER_KERNEL_V1 stage=2 raw_iteration=1 ordinal=22 kernel=identify_resident_frozen_source threads=1 begin_tick=1990839063641416 end_tick=1990839063647541 ms_per_tick=9.9999999999999995e-07 device_ms=0.0061249999999999994
PRODUCER_KERNEL_V1 stage=2 raw_iteration=1 ordinal=23 kernel=evaluate_resident_target_terms threads=504666 begin_tick=1990839063648083 end_tick=1990839178333166 ms_per_tick=9.9999999999999995e-07 device_ms=114.68508299999999
PRODUCER_KERNEL_V1 stage=2 raw_iteration=1 ordinal=24 kernel=finalize_resident_target threads=1 begin_tick=1990839178348291 end_tick=1990839178351250 ms_per_tick=9.9999999999999995e-07 device_ms=0.0029589999999999998
PRODUCER_KERNEL_V1 stage=2 raw_iteration=1 ordinal=25 kernel=identify_resident_target threads=1 begin_tick=1990839178351666 end_tick=1990839178354583 ms_per_tick=9.9999999999999995e-07 device_ms=0.0029169999999999999
PRODUCER_KERNEL_V1 stage=2 raw_iteration=1 ordinal=26 kernel=issue_resident_projection_consumer threads=1 begin_tick=1990839178354958 end_tick=1990839178359208 ms_per_tick=9.9999999999999995e-07 device_ms=0.0042499999999999994
PRODUCER_KERNEL_V1 stage=2 raw_iteration=1 ordinal=27 kernel=consume_resident_target threads=1 begin_tick=1990839178359750 end_tick=1990839178363583 ms_per_tick=9.9999999999999995e-07 device_ms=0.003833
PRODUCER_KERNEL_V1 stage=2 raw_iteration=1 ordinal=28 kernel=owner_compose_target threads=504666 begin_tick=1990839178363958 end_tick=1990839178395041 ms_per_tick=9.9999999999999995e-07 device_ms=0.031083
PRODUCER_KERNEL_V1 stage=2 raw_iteration=1 ordinal=29 kernel=finalize_resident_target threads=1 begin_tick=1990839178395500 end_tick=1990839178397833 ms_per_tick=9.9999999999999995e-07 device_ms=0.002333
PRODUCER_KERNEL_V1 stage=2 raw_iteration=1 ordinal=30 kernel=owner_identify_target threads=1 begin_tick=1990839178398250 end_tick=1990839178401375 ms_per_tick=9.9999999999999995e-07 device_ms=0.0031249999999999997
PRODUCER_KERNEL_V1 stage=2 raw_iteration=1 ordinal=31 kernel=issue_resident_projection_consumer threads=1 begin_tick=1990839178401958 end_tick=1990839178404625 ms_per_tick=9.9999999999999995e-07 device_ms=0.0026669999999999997
PRODUCER_KERNEL_V1 stage=2 raw_iteration=1 ordinal=32 kernel=consume_resident_target threads=1 begin_tick=1990839178405041 end_tick=1990839178408291 ms_per_tick=9.9999999999999995e-07 device_ms=0.0032499999999999999
PRODUCER_KERNEL_V1 stage=2 raw_iteration=1 ordinal=33 kernel=owner_issue_stage_seal threads=1 begin_tick=1990839178408791 end_tick=1990839178411625 ms_per_tick=9.9999999999999995e-07 device_ms=0.0028339999999999997
PRODUCER_KERNEL_V1 stage=2 raw_iteration=1 ordinal=34 kernel=fct_compatible_stage_rate threads=1533387 begin_tick=1990839178412125 end_tick=1990839178924666 ms_per_tick=9.9999999999999995e-07 device_ms=0.51254100000000002
PRODUCER_KERNEL_V1 stage=2 raw_iteration=1 ordinal=35 kernel=owner_heun_momentum threads=1533387 begin_tick=1990839178925083 end_tick=1990839179017458 ms_per_tick=9.9999999999999995e-07 device_ms=0.092374999999999999
RISE_FIRE_OWNER_PROFILE_V1 {"scope":85,"parent":80,"phase":"BuildStageProducerGroup","stage":2,"raw_iteration":1,"iteration_kind":"picard","wall_ms":274.478166000,"device_sum_ms":192.720208317,"wall_minus_device_ms":81.757957683,"exclusive_wall_ms":274.478166000,"exclusive_device_sum_ms":192.720208317,"child_observer_wall_ms":0.000000000,"count_scope":"inclusive","owner_commits":1,"projection_invocations":0}
RISE_FIRE_OWNER_PROFILE_V1 {"scope":86,"parent":80,"phase":"Residual","stage":2,"raw_iteration":1,"iteration_kind":"picard","wall_ms":0.387250000,"device_sum_ms":0.115041854,"wall_minus_device_ms":0.272208146,"exclusive_wall_ms":0.387250000,"exclusive_device_sum_ms":0.115041854,"child_observer_wall_ms":0.000000000,"count_scope":"inclusive","owner_commits":1,"projection_invocations":0}
RISE_FIRE_OWNER_PROFILE_V1 {"scope":80,"parent":69,"phase":"PicardIteration","stage":2,"raw_iteration":1,"iteration_kind":"picard","wall_ms":288.788500000,"device_sum_ms":202.008541906,"wall_minus_device_ms":86.779958094,"exclusive_wall_ms":0.504417000,"exclusive_device_sum_ms":0.000000000,"child_observer_wall_ms":0.035792000,"count_scope":"inclusive","owner_commits":6,"projection_invocations":1}
RISE_FIRE_OWNER_PROFILE_V1 {"scope":89,"parent":88,"phase":"ProjectionAdapter","stage":2,"raw_iteration":2,"iteration_kind":"picard","wall_ms":12.288041000,"device_sum_ms":9.082166478,"wall_minus_device_ms":3.205874522,"exclusive_wall_ms":12.288041000,"exclusive_device_sum_ms":9.082166478,"child_observer_wall_ms":0.000000000,"count_scope":"inclusive","owner_commits":0,"projection_invocations":1}
RISE_FIRE_OWNER_PROFILE_V1 {"scope":88,"parent":87,"phase":"Project","stage":2,"raw_iteration":2,"iteration_kind":"picard","wall_ms":14.004042000,"device_sum_ms":9.127333062,"wall_minus_device_ms":4.876708938,"exclusive_wall_ms":1.694292000,"exclusive_device_sum_ms":0.045166584,"child_observer_wall_ms":0.021709000,"count_scope":"inclusive","owner_commits":2,"projection_invocations":1}
RISE_FIRE_OWNER_PROFILE_V1 {"scope":90,"parent":87,"phase":"ReadOpenClass","stage":2,"raw_iteration":2,"iteration_kind":"picard","wall_ms":0.177541000,"device_sum_ms":0.002375105,"wall_minus_device_ms":0.175165895,"exclusive_wall_ms":0.177541000,"exclusive_device_sum_ms":0.002375105,"child_observer_wall_ms":0.000000000,"count_scope":"inclusive","owner_commits":1,"projection_invocations":0}
RISE_FIRE_OWNER_PROFILE_V1 {"scope":91,"parent":87,"phase":"ReadOpenClass","stage":2,"raw_iteration":2,"iteration_kind":"picard","wall_ms":0.156375000,"device_sum_ms":0.002500135,"wall_minus_device_ms":0.153874865,"exclusive_wall_ms":0.156375000,"exclusive_device_sum_ms":0.002500135,"child_observer_wall_ms":0.000000000,"count_scope":"inclusive","owner_commits":1,"projection_invocations":0}
PRODUCER_COMMAND_V1 stage=2 raw_iteration=2 cpu_begin=1990839194610208 cpu_end=1990839479824166 gpu_begin=1990839194610208 gpu_end=1990839479824166 device_ms=195.04099991172552 encoders=36 interval_scope=possibly_overlapping
PRODUCER_KERNEL_V1 stage=2 raw_iteration=2 ordinal=0 kernel=owner_pack_faces threads=1533387 begin_tick=1990839284700875 end_tick=1990839284757458 ms_per_tick=9.9999999999999995e-07 device_ms=0.056582999999999994
PRODUCER_KERNEL_V1 stage=2 raw_iteration=2 ordinal=1 kernel=owner_pack_faces threads=1533387 begin_tick=1990839284757208 end_tick=1990839285186791 ms_per_tick=9.9999999999999995e-07 device_ms=0.42958299999999999
PRODUCER_KERNEL_V1 stage=2 raw_iteration=2 ordinal=2 kernel=owner_pack_faces threads=1533387 begin_tick=1990839284698041 end_tick=1990839284757208 ms_per_tick=9.9999999999999995e-07 device_ms=0.059166999999999997
PRODUCER_KERNEL_V1 stage=2 raw_iteration=2 ordinal=3 kernel=fct_extract_gas_density threads=504666 begin_tick=1990839285186791 end_tick=1990839285209875 ms_per_tick=9.9999999999999995e-07 device_ms=0.023084
PRODUCER_KERNEL_V1 stage=2 raw_iteration=2 ordinal=4 kernel=owner_gas_source threads=504666 begin_tick=1990839285209875 end_tick=1990839285251125 ms_per_tick=9.9999999999999995e-07 device_ms=0.041249999999999995
PRODUCER_KERNEL_V1 stage=2 raw_iteration=2 ordinal=5 kernel=evaluate_resident_transport threads=504666 begin_tick=1990839284757791 end_tick=1990839285250458 ms_per_tick=9.9999999999999995e-07 device_ms=0.49266699999999997
PRODUCER_KERNEL_V1 stage=2 raw_iteration=2 ordinal=6 kernel=identify_resident_transport threads=1 begin_tick=1990839285250875 end_tick=1990839285254125 ms_per_tick=9.9999999999999995e-07 device_ms=0.0032499999999999999
PRODUCER_KERNEL_V1 stage=2 raw_iteration=2 ordinal=7 kernel=owner_bind_transport threads=1 begin_tick=1990839285254708 end_tick=1990839285258250 ms_per_tick=9.9999999999999995e-07 device_ms=0.003542
PRODUCER_KERNEL_V1 stage=2 raw_iteration=2 ordinal=8 kernel=identify_resident_owner_endpoint_class threads=1 begin_tick=1990839285258708 end_tick=1990839285262083 ms_per_tick=9.9999999999999995e-07 device_ms=0.003375
PRODUCER_KERNEL_V1 stage=2 raw_iteration=2 ordinal=9 kernel=evaluate_resident_physical_flux threads=1533387 begin_tick=1990839286199375 end_tick=1990839287315375 ms_per_tick=9.9999999999999995e-07 device_ms=1.1159999999999999
PRODUCER_KERNEL_V1 stage=2 raw_iteration=2 ordinal=10 kernel=evaluate_resident_advective_pair threads=13800483 begin_tick=1990839287732625 end_tick=1990839294962208 ms_per_tick=9.9999999999999995e-07 device_ms=7.2295829999999999
PRODUCER_KERNEL_V1 stage=2 raw_iteration=2 ordinal=11 kernel=finalize_resident_advective_high threads=13800483 begin_tick=1990839294962958 end_tick=1990839295381833 ms_per_tick=9.9999999999999995e-07 device_ms=0.418875
PRODUCER_KERNEL_V1 stage=2 raw_iteration=2 ordinal=12 kernel=compose_resident_flux_pair threads=13800483 begin_tick=1990839295382166 end_tick=1990839296265791 ms_per_tick=9.9999999999999995e-07 device_ms=0.88362499999999999
PRODUCER_KERNEL_V1 stage=2 raw_iteration=2 ordinal=13 kernel=validate_resident_physical_flux threads=13800483 begin_tick=1990839296266458 end_tick=1990839297094625 ms_per_tick=9.9999999999999995e-07 device_ms=0.82816699999999999
PRODUCER_KERNEL_V1 stage=2 raw_iteration=2 ordinal=14 kernel=identify_resident_physical_flux threads=32 begin_tick=1990839297095208 end_tick=1990839297098833 ms_per_tick=9.9999999999999995e-07 device_ms=0.0036249999999999998
PRODUCER_KERNEL_V1 stage=2 raw_iteration=2 ordinal=15 kernel=owner_bind_candidate threads=1 begin_tick=1990839297099250 end_tick=1990839297102833 ms_per_tick=9.9999999999999995e-07 device_ms=0.0035829999999999998
PRODUCER_KERNEL_V1 stage=2 raw_iteration=2 ordinal=16 kernel=finalize_resident_eos_candidate threads=1 begin_tick=1990839297103166 end_tick=1990839297105375 ms_per_tick=9.9999999999999995e-07 device_ms=0.002209
PRODUCER_KERNEL_V1 stage=2 raw_iteration=2 ordinal=17 kernel=build_eos_endpoint_table threads=14 begin_tick=1990839297106083 end_tick=1990839297398166 ms_per_tick=9.9999999999999995e-07 device_ms=0.29208299999999998
PRODUCER_KERNEL_V1 stage=2 raw_iteration=2 ordinal=18 kernel=evaluate_resident_eos_candidate threads=504666 begin_tick=1990839297398583 end_tick=1990839362413833 ms_per_tick=9.9999999999999995e-07 device_ms=65.015249999999995
PRODUCER_KERNEL_V1 stage=2 raw_iteration=2 ordinal=19 kernel=finalize_resident_eos_candidate threads=1 begin_tick=1990839362809541 end_tick=1990839362812291 ms_per_tick=9.9999999999999995e-07 device_ms=0.0027499999999999998
PRODUCER_KERNEL_V1 stage=2 raw_iteration=2 ordinal=20 kernel=identify_resident_eos threads=1 begin_tick=1990839362812583 end_tick=1990839362818500 ms_per_tick=9.9999999999999995e-07 device_ms=0.0059169999999999995
PRODUCER_KERNEL_V1 stage=2 raw_iteration=2 ordinal=21 kernel=produce_resident_frozen_source threads=504666 begin_tick=1990839362819166 end_tick=1990839362851541 ms_per_tick=9.9999999999999995e-07 device_ms=0.032375000000000001
PRODUCER_KERNEL_V1 stage=2 raw_iteration=2 ordinal=22 kernel=identify_resident_frozen_source threads=1 begin_tick=1990839362851833 end_tick=1990839362854666 ms_per_tick=9.9999999999999995e-07 device_ms=0.002833
PRODUCER_KERNEL_V1 stage=2 raw_iteration=2 ordinal=23 kernel=evaluate_resident_target_terms threads=504666 begin_tick=1990839362855250 end_tick=1990839479042375 ms_per_tick=9.9999999999999995e-07 device_ms=116.18712499999999
PRODUCER_KERNEL_V1 stage=2 raw_iteration=2 ordinal=24 kernel=finalize_resident_target threads=1 begin_tick=1990839479056916 end_tick=1990839479063375 ms_per_tick=9.9999999999999995e-07 device_ms=0.0064589999999999995
PRODUCER_KERNEL_V1 stage=2 raw_iteration=2 ordinal=25 kernel=identify_resident_target threads=1 begin_tick=1990839479063958 end_tick=1990839479066833 ms_per_tick=9.9999999999999995e-07 device_ms=0.002875
PRODUCER_KERNEL_V1 stage=2 raw_iteration=2 ordinal=26 kernel=issue_resident_projection_consumer threads=1 begin_tick=1990839479067291 end_tick=1990839479071458 ms_per_tick=9.9999999999999995e-07 device_ms=0.0041669999999999997
PRODUCER_KERNEL_V1 stage=2 raw_iteration=2 ordinal=27 kernel=consume_resident_target threads=1 begin_tick=1990839479072666 end_tick=1990839479076625 ms_per_tick=9.9999999999999995e-07 device_ms=0.0039589999999999998
PRODUCER_KERNEL_V1 stage=2 raw_iteration=2 ordinal=28 kernel=owner_compose_target threads=504666 begin_tick=1990839479077041 end_tick=1990839479108708 ms_per_tick=9.9999999999999995e-07 device_ms=0.031667000000000001
PRODUCER_KERNEL_V1 stage=2 raw_iteration=2 ordinal=29 kernel=finalize_resident_target threads=1 begin_tick=1990839479109125 end_tick=1990839479111333 ms_per_tick=9.9999999999999995e-07 device_ms=0.0022079999999999999
PRODUCER_KERNEL_V1 stage=2 raw_iteration=2 ordinal=30 kernel=owner_identify_target threads=1 begin_tick=1990839479111750 end_tick=1990839479114791 ms_per_tick=9.9999999999999995e-07 device_ms=0.0030409999999999999
PRODUCER_KERNEL_V1 stage=2 raw_iteration=2 ordinal=31 kernel=issue_resident_projection_consumer threads=1 begin_tick=1990839479115333 end_tick=1990839479118166 ms_per_tick=9.9999999999999995e-07 device_ms=0.002833
PRODUCER_KERNEL_V1 stage=2 raw_iteration=2 ordinal=32 kernel=consume_resident_target threads=1 begin_tick=1990839479118583 end_tick=1990839479121916 ms_per_tick=9.9999999999999995e-07 device_ms=0.003333
PRODUCER_KERNEL_V1 stage=2 raw_iteration=2 ordinal=33 kernel=owner_issue_stage_seal threads=1 begin_tick=1990839479122500 end_tick=1990839479125583 ms_per_tick=9.9999999999999995e-07 device_ms=0.0030829999999999998
PRODUCER_KERNEL_V1 stage=2 raw_iteration=2 ordinal=34 kernel=fct_compatible_stage_rate threads=1533387 begin_tick=1990839479125958 end_tick=1990839479642083 ms_per_tick=9.9999999999999995e-07 device_ms=0.51612499999999994
PRODUCER_KERNEL_V1 stage=2 raw_iteration=2 ordinal=35 kernel=owner_heun_momentum threads=1533387 begin_tick=1990839479642458 end_tick=1990839479733375 ms_per_tick=9.9999999999999995e-07 device_ms=0.090916999999999998
RISE_FIRE_OWNER_PROFILE_V1 {"scope":92,"parent":87,"phase":"BuildStageProducerGroup","stage":2,"raw_iteration":2,"iteration_kind":"picard","wall_ms":285.350250000,"device_sum_ms":195.040999912,"wall_minus_device_ms":90.309250088,"exclusive_wall_ms":285.350250000,"exclusive_device_sum_ms":195.040999912,"child_observer_wall_ms":0.000000000,"count_scope":"inclusive","owner_commits":1,"projection_invocations":0}
RISE_FIRE_OWNER_PROFILE_V1 {"scope":93,"parent":87,"phase":"Residual","stage":2,"raw_iteration":2,"iteration_kind":"picard","wall_ms":0.318875000,"device_sum_ms":0.114208320,"wall_minus_device_ms":0.204666680,"exclusive_wall_ms":0.318875000,"exclusive_device_sum_ms":0.114208320,"child_observer_wall_ms":0.000000000,"count_scope":"inclusive","owner_commits":1,"projection_invocations":0}
RISE_FIRE_OWNER_PROFILE_V1 {"scope":96,"parent":95,"phase":"ProjectionAdapter","stage":2,"raw_iteration":2147483650,"iteration_kind":"terminal","wall_ms":12.375500000,"device_sum_ms":9.213458514,"wall_minus_device_ms":3.162041486,"exclusive_wall_ms":12.375500000,"exclusive_device_sum_ms":9.213458514,"child_observer_wall_ms":0.000000000,"count_scope":"inclusive","owner_commits":0,"projection_invocations":1}
RISE_FIRE_OWNER_PROFILE_V1 {"scope":95,"parent":94,"phase":"Project","stage":2,"raw_iteration":2147483650,"iteration_kind":"terminal","wall_ms":12.872500000,"device_sum_ms":9.250833420,"wall_minus_device_ms":3.621666580,"exclusive_wall_ms":0.490000000,"exclusive_device_sum_ms":0.037374906,"child_observer_wall_ms":0.007000000,"count_scope":"inclusive","owner_commits":2,"projection_invocations":1}
RISE_FIRE_OWNER_PROFILE_V1 {"scope":97,"parent":94,"phase":"ReadOpenClass","stage":2,"raw_iteration":2147483650,"iteration_kind":"terminal","wall_ms":0.158875000,"device_sum_ms":0.002500135,"wall_minus_device_ms":0.156374865,"exclusive_wall_ms":0.158875000,"exclusive_device_sum_ms":0.002500135,"child_observer_wall_ms":0.000000000,"count_scope":"inclusive","owner_commits":1,"projection_invocations":0}
RISE_FIRE_OWNER_PROFILE_V1 {"scope":98,"parent":94,"phase":"ReadOpenClass","stage":2,"raw_iteration":2147483650,"iteration_kind":"terminal","wall_ms":0.148334000,"device_sum_ms":0.002416549,"wall_minus_device_ms":0.145917451,"exclusive_wall_ms":0.148334000,"exclusive_device_sum_ms":0.002416549,"child_observer_wall_ms":0.000000000,"count_scope":"inclusive","owner_commits":1,"projection_invocations":0}
PRODUCER_COMMAND_V1 stage=2 raw_iteration=2147483650 cpu_begin=1990839493487125 cpu_end=1990839767996583 gpu_begin=1990839493487125 gpu_end=1990839767996583 device_ms=193.94849985837936 encoders=36 interval_scope=possibly_overlapping
PRODUCER_KERNEL_V1 stage=2 raw_iteration=2147483650 ordinal=0 kernel=owner_pack_faces threads=1533387 begin_tick=1990839574039791 end_tick=1990839574091333 ms_per_tick=9.9999999999999995e-07 device_ms=0.051541999999999998
PRODUCER_KERNEL_V1 stage=2 raw_iteration=2147483650 ordinal=1 kernel=owner_pack_faces threads=1533387 begin_tick=1990839574109791 end_tick=1990839574161125 ms_per_tick=9.9999999999999995e-07 device_ms=0.051333999999999998
PRODUCER_KERNEL_V1 stage=2 raw_iteration=2147483650 ordinal=2 kernel=owner_pack_faces threads=1533387 begin_tick=1990839574243583 end_tick=1990839574293458 ms_per_tick=9.9999999999999995e-07 device_ms=0.049874999999999996
PRODUCER_KERNEL_V1 stage=2 raw_iteration=2147483650 ordinal=3 kernel=fct_extract_gas_density threads=504666 begin_tick=1990839574299416 end_tick=1990839574347791 ms_per_tick=9.9999999999999995e-07 device_ms=0.048374999999999994
PRODUCER_KERNEL_V1 stage=2 raw_iteration=2147483650 ordinal=4 kernel=owner_gas_source threads=504666 begin_tick=1990839574350958 end_tick=1990839574391666 ms_per_tick=9.9999999999999995e-07 device_ms=0.040708000000000001
PRODUCER_KERNEL_V1 stage=2 raw_iteration=2147483650 ordinal=5 kernel=evaluate_resident_transport threads=504666 begin_tick=1990839574492750 end_tick=1990839574939083 ms_per_tick=9.9999999999999995e-07 device_ms=0.44633299999999998
PRODUCER_KERNEL_V1 stage=2 raw_iteration=2147483650 ordinal=6 kernel=identify_resident_transport threads=1 begin_tick=1990839574939458 end_tick=1990839574942541 ms_per_tick=9.9999999999999995e-07 device_ms=0.0030829999999999998
PRODUCER_KERNEL_V1 stage=2 raw_iteration=2147483650 ordinal=7 kernel=owner_bind_transport threads=1 begin_tick=1990839574943000 end_tick=1990839574946916 ms_per_tick=9.9999999999999995e-07 device_ms=0.0039160000000000002
PRODUCER_KERNEL_V1 stage=2 raw_iteration=2147483650 ordinal=8 kernel=identify_resident_owner_endpoint_class threads=1 begin_tick=1990839574947875 end_tick=1990839574952000 ms_per_tick=9.9999999999999995e-07 device_ms=0.0041250000000000002
PRODUCER_KERNEL_V1 stage=2 raw_iteration=2147483650 ordinal=9 kernel=evaluate_resident_physical_flux threads=1533387 begin_tick=1990839576003458 end_tick=1990839577113750 ms_per_tick=9.9999999999999995e-07 device_ms=1.1102920000000001
PRODUCER_KERNEL_V1 stage=2 raw_iteration=2147483650 ordinal=10 kernel=evaluate_resident_advective_pair threads=13800483 begin_tick=1990839577395208 end_tick=1990839584748083 ms_per_tick=9.9999999999999995e-07 device_ms=7.352875
PRODUCER_KERNEL_V1 stage=2 raw_iteration=2147483650 ordinal=11 kernel=finalize_resident_advective_high threads=13800483 begin_tick=1990839584748833 end_tick=1990839585167375 ms_per_tick=9.9999999999999995e-07 device_ms=0.41854199999999997
PRODUCER_KERNEL_V1 stage=2 raw_iteration=2147483650 ordinal=12 kernel=compose_resident_flux_pair threads=13800483 begin_tick=1990839585167708 end_tick=1990839586050541 ms_per_tick=9.9999999999999995e-07 device_ms=0.88283299999999998
PRODUCER_KERNEL_V1 stage=2 raw_iteration=2147483650 ordinal=13 kernel=validate_resident_physical_flux threads=13800483 begin_tick=1990839586051041 end_tick=1990839586936166 ms_per_tick=9.9999999999999995e-07 device_ms=0.88512499999999994
PRODUCER_KERNEL_V1 stage=2 raw_iteration=2147483650 ordinal=14 kernel=identify_resident_physical_flux threads=32 begin_tick=1990839586936875 end_tick=1990839586940291 ms_per_tick=9.9999999999999995e-07 device_ms=0.0034159999999999998
PRODUCER_KERNEL_V1 stage=2 raw_iteration=2147483650 ordinal=15 kernel=owner_bind_candidate threads=1 begin_tick=1990839586940833 end_tick=1990839586944541 ms_per_tick=9.9999999999999995e-07 device_ms=0.0037079999999999999
PRODUCER_KERNEL_V1 stage=2 raw_iteration=2147483650 ordinal=16 kernel=finalize_resident_eos_candidate threads=1 begin_tick=1990839586944958 end_tick=1990839586947000 ms_per_tick=9.9999999999999995e-07 device_ms=0.002042
PRODUCER_KERNEL_V1 stage=2 raw_iteration=2147483650 ordinal=17 kernel=build_eos_endpoint_table threads=14 begin_tick=1990839586947625 end_tick=1990839587238833 ms_per_tick=9.9999999999999995e-07 device_ms=0.29120799999999997
PRODUCER_KERNEL_V1 stage=2 raw_iteration=2147483650 ordinal=18 kernel=evaluate_resident_eos_candidate threads=504666 begin_tick=1990839587239166 end_tick=1990839652867375 ms_per_tick=9.9999999999999995e-07 device_ms=65.628208999999998
PRODUCER_KERNEL_V1 stage=2 raw_iteration=2147483650 ordinal=19 kernel=finalize_resident_eos_candidate threads=1 begin_tick=1990839652880500 end_tick=1990839652885083 ms_per_tick=9.9999999999999995e-07 device_ms=0.0045829999999999994
PRODUCER_KERNEL_V1 stage=2 raw_iteration=2147483650 ordinal=20 kernel=identify_resident_eos threads=1 begin_tick=1990839652885416 end_tick=1990839652888583 ms_per_tick=9.9999999999999995e-07 device_ms=0.0031669999999999997
PRODUCER_KERNEL_V1 stage=2 raw_iteration=2147483650 ordinal=21 kernel=produce_resident_frozen_source threads=504666 begin_tick=1990839652889291 end_tick=1990839652920875 ms_per_tick=9.9999999999999995e-07 device_ms=0.031584000000000001
PRODUCER_KERNEL_V1 stage=2 raw_iteration=2147483650 ordinal=22 kernel=identify_resident_frozen_source threads=1 begin_tick=1990839652921291 end_tick=1990839652927291 ms_per_tick=9.9999999999999995e-07 device_ms=0.0060000000000000001
PRODUCER_KERNEL_V1 stage=2 raw_iteration=2147483650 ordinal=23 kernel=evaluate_resident_target_terms threads=504666 begin_tick=1990839652927833 end_tick=1990839767128541 ms_per_tick=9.9999999999999995e-07 device_ms=114.20070799999999
PRODUCER_KERNEL_V1 stage=2 raw_iteration=2147483650 ordinal=24 kernel=finalize_resident_target threads=1 begin_tick=1990839767143125 end_tick=1990839767146208 ms_per_tick=9.9999999999999995e-07 device_ms=0.0030829999999999998
PRODUCER_KERNEL_V1 stage=2 raw_iteration=2147483650 ordinal=25 kernel=identify_resident_target threads=1 begin_tick=1990839767146625 end_tick=1990839767152666 ms_per_tick=9.9999999999999995e-07 device_ms=0.0060409999999999995
PRODUCER_KERNEL_V1 stage=2 raw_iteration=2147483650 ordinal=26 kernel=issue_resident_projection_consumer threads=1 begin_tick=1990839767153041 end_tick=1990839767157250 ms_per_tick=9.9999999999999995e-07 device_ms=0.0042090000000000001
PRODUCER_KERNEL_V1 stage=2 raw_iteration=2147483650 ordinal=27 kernel=consume_resident_target threads=1 begin_tick=1990839767157708 end_tick=1990839767161875 ms_per_tick=9.9999999999999995e-07 device_ms=0.0041669999999999997
PRODUCER_KERNEL_V1 stage=2 raw_iteration=2147483650 ordinal=28 kernel=owner_compose_target threads=504666 begin_tick=1990839767162291 end_tick=1990839767195083 ms_per_tick=9.9999999999999995e-07 device_ms=0.032792000000000002
PRODUCER_KERNEL_V1 stage=2 raw_iteration=2147483650 ordinal=29 kernel=finalize_resident_target threads=1 begin_tick=1990839767195583 end_tick=1990839767203208 ms_per_tick=9.9999999999999995e-07 device_ms=0.0076249999999999998
PRODUCER_KERNEL_V1 stage=2 raw_iteration=2147483650 ordinal=30 kernel=owner_identify_target threads=1 begin_tick=1990839767203625 end_tick=1990839767206875 ms_per_tick=9.9999999999999995e-07 device_ms=0.0032499999999999999
PRODUCER_KERNEL_V1 stage=2 raw_iteration=2147483650 ordinal=31 kernel=issue_resident_projection_consumer threads=1 begin_tick=1990839767207458 end_tick=1990839767210458 ms_per_tick=9.9999999999999995e-07 device_ms=0.0030000000000000001
PRODUCER_KERNEL_V1 stage=2 raw_iteration=2147483650 ordinal=32 kernel=consume_resident_target threads=1 begin_tick=1990839767210875 end_tick=1990839767214250 ms_per_tick=9.9999999999999995e-07 device_ms=0.003375
PRODUCER_KERNEL_V1 stage=2 raw_iteration=2147483650 ordinal=33 kernel=owner_issue_stage_seal threads=1 begin_tick=1990839767214833 end_tick=1990839767218083 ms_per_tick=9.9999999999999995e-07 device_ms=0.0032499999999999999
PRODUCER_KERNEL_V1 stage=2 raw_iteration=2147483650 ordinal=34 kernel=fct_compatible_stage_rate threads=1533387 begin_tick=1990839767218583 end_tick=1990839767760083 ms_per_tick=9.9999999999999995e-07 device_ms=0.54149999999999998
PRODUCER_KERNEL_V1 stage=2 raw_iteration=2147483650 ordinal=35 kernel=owner_heun_momentum threads=1533387 begin_tick=1990839767760583 end_tick=1990839767854875 ms_per_tick=9.9999999999999995e-07 device_ms=0.094292000000000001
RISE_FIRE_OWNER_PROFILE_V1 {"scope":99,"parent":94,"phase":"BuildStageProducerGroup","stage":2,"raw_iteration":2147483650,"iteration_kind":"terminal","wall_ms":274.657417000,"device_sum_ms":193.948499858,"wall_minus_device_ms":80.708917142,"exclusive_wall_ms":274.657417000,"exclusive_device_sum_ms":193.948499858,"child_observer_wall_ms":0.000000000,"count_scope":"inclusive","owner_commits":1,"projection_invocations":0}
RISE_FIRE_OWNER_PROFILE_V1 {"scope":100,"parent":94,"phase":"Residual","stage":2,"raw_iteration":2147483650,"iteration_kind":"terminal","wall_ms":0.320459000,"device_sum_ms":0.112249982,"wall_minus_device_ms":0.208209018,"exclusive_wall_ms":0.320459000,"exclusive_device_sum_ms":0.112249982,"child_observer_wall_ms":0.000000000,"count_scope":"inclusive","owner_commits":1,"projection_invocations":0}
RISE_FIRE_OWNER_PROFILE_V1 {"scope":94,"parent":87,"phase":"TerminalVerification","stage":2,"raw_iteration":2147483650,"iteration_kind":"terminal","wall_ms":288.192292000,"device_sum_ms":203.316499945,"wall_minus_device_ms":84.875792055,"exclusive_wall_ms":0.004374000,"exclusive_device_sum_ms":0.000000000,"child_observer_wall_ms":0.030333000,"count_scope":"inclusive","owner_commits":6,"projection_invocations":1}
RISE_FIRE_OWNER_PROFILE_V1 {"scope":87,"parent":69,"phase":"PicardIteration","stage":2,"raw_iteration":2,"iteration_kind":"picard","wall_ms":588.696083000,"device_sum_ms":407.603916479,"wall_minus_device_ms":181.092166521,"exclusive_wall_ms":0.460208000,"exclusive_device_sum_ms":0.000000000,"child_observer_wall_ms":0.036500000,"count_scope":"inclusive","owner_commits":12,"projection_invocations":2}
RISE_FIRE_OWNER_PROFILE_V1 {"scope":69,"parent":1,"phase":"SolveStage","stage":2,"raw_iteration":4294967295,"iteration_kind":"bootstrap","wall_ms":1452.673125000,"device_sum_ms":1013.516333420,"wall_minus_device_ms":439.156791580,"exclusive_wall_ms":1.513376000,"exclusive_device_sum_ms":0.000000000,"child_observer_wall_ms":0.035793000,"count_scope":"inclusive","owner_commits":27,"projection_invocations":5}
RISE_FIRE_OWNER_PROFILE_V1 {"scope":101,"parent":1,"phase":"TerminalPublication","stage":4294967295,"raw_iteration":4294967295,"iteration_kind":"owner","wall_ms":13.935167000,"device_sum_ms":5.656624911,"wall_minus_device_ms":8.278542089,"exclusive_wall_ms":13.935167000,"exclusive_device_sum_ms":5.656624911,"child_observer_wall_ms":0.000000000,"count_scope":"inclusive","owner_commits":1,"projection_invocations":0}
RISE_FIRE_OWNER_PROFILE_V1 {"scope":1,"parent":0,"phase":"OwnerRun","stage":4294967295,"raw_iteration":4294967295,"iteration_kind":"owner","wall_ms":4512.224958000,"device_sum_ms":3106.614333112,"wall_minus_device_ms":1405.610624888,"exclusive_wall_ms":6.544125000,"exclusive_device_sum_ms":0.016291859,"child_observer_wall_ms":0.063458000,"count_scope":"inclusive","owner_commits":86,"projection_invocations":15}
capstone accepted step=2 time=0.00329253194 dt=0.00164626597 Tmax=305.218193 qmax=0 eos_max=4.70601489e-05 approach_eos_max=4.70601489e-05 limiter_class=continuous limiter_discrepancy=0 active_set_class=continuous active_set_discrepancy=0 active_set_cycle=0 active_set_faces=0
capstone step-start=2 speed=0.154281661 gprime=0.178086095 nu=0.000104673754 selected=0.00181089257 previous=0.00164626597
capstone event-step=0.00164626597 pilot_ceiling=0.0115509308 ramp_end=0.209320803
RISE_FIRE_OWNER_PROFILE_V1 {"scope":2,"parent":1,"phase":"Prepare","stage":4294967295,"raw_iteration":4294967295,"iteration_kind":"owner","wall_ms":93.180250000,"device_sum_ms":3.675374901,"wall_minus_device_ms":89.504875099,"exclusive_wall_ms":93.180250000,"exclusive_device_sum_ms":3.675374901,"child_observer_wall_ms":0.000000000,"count_scope":"inclusive","owner_commits":1,"projection_invocations":0}
RISE_FIRE_OWNER_PROFILE_V1 {"scope":5,"parent":4,"phase":"ProjectionAdapter","stage":0,"raw_iteration":4294967295,"iteration_kind":"bootstrap","wall_ms":19.384167000,"device_sum_ms":16.012416920,"wall_minus_device_ms":3.371750080,"exclusive_wall_ms":19.384167000,"exclusive_device_sum_ms":16.012416920,"child_observer_wall_ms":0.000000000,"count_scope":"inclusive","owner_commits":0,"projection_invocations":1}
RISE_FIRE_OWNER_PROFILE_V1 {"scope":4,"parent":3,"phase":"Project","stage":0,"raw_iteration":4294967295,"iteration_kind":"bootstrap","wall_ms":20.062833000,"device_sum_ms":16.066208482,"wall_minus_device_ms":3.996624518,"exclusive_wall_ms":0.653458000,"exclusive_device_sum_ms":0.053791562,"child_observer_wall_ms":0.025208000,"count_scope":"inclusive","owner_commits":2,"projection_invocations":1}
PRODUCER_COMMAND_V1 stage=0 raw_iteration=4294967295 cpu_begin=1990841009596958 cpu_end=1990841299041416 gpu_begin=1990841009596958 gpu_end=1990841299041416 device_ms=206.99812495149672 encoders=39 interval_scope=possibly_overlapping
PRODUCER_KERNEL_V1 stage=0 raw_iteration=4294967295 ordinal=0 kernel=owner_pack_faces threads=1533387 begin_tick=1990841092103750 end_tick=1990841092182208 ms_per_tick=9.9999999999999995e-07 device_ms=0.078458
PRODUCER_KERNEL_V1 stage=0 raw_iteration=4294967295 ordinal=1 kernel=owner_pack_faces threads=1533387 begin_tick=1990841092182666 end_tick=1990841092260208 ms_per_tick=9.9999999999999995e-07 device_ms=0.077542
PRODUCER_KERNEL_V1 stage=0 raw_iteration=4294967295 ordinal=2 kernel=owner_pack_faces threads=1533387 begin_tick=1990841092339083 end_tick=1990841092442000 ms_per_tick=9.9999999999999995e-07 device_ms=0.10291699999999999
PRODUCER_KERNEL_V1 stage=0 raw_iteration=4294967295 ordinal=3 kernel=fct_extract_gas_density threads=504666 begin_tick=1990841092349791 end_tick=1990841092397750 ms_per_tick=9.9999999999999995e-07 device_ms=0.047958999999999995
PRODUCER_KERNEL_V1 stage=0 raw_iteration=4294967295 ordinal=4 kernel=owner_gas_source threads=504666 begin_tick=1990841092401458 end_tick=1990841092455125 ms_per_tick=9.9999999999999995e-07 device_ms=0.053666999999999999
PRODUCER_KERNEL_V1 stage=0 raw_iteration=4294967295 ordinal=5 kernel=evaluate_resident_transport threads=504666 begin_tick=1990841092528500 end_tick=1990841093383500 ms_per_tick=9.9999999999999995e-07 device_ms=0.85499999999999998
PRODUCER_KERNEL_V1 stage=0 raw_iteration=4294967295 ordinal=6 kernel=identify_resident_transport threads=1 begin_tick=1990841093384208 end_tick=1990841093389375 ms_per_tick=9.9999999999999995e-07 device_ms=0.0051669999999999997
PRODUCER_KERNEL_V1 stage=0 raw_iteration=4294967295 ordinal=7 kernel=owner_bind_transport threads=1 begin_tick=1990841093390125 end_tick=1990841093396416 ms_per_tick=9.9999999999999995e-07 device_ms=0.0062909999999999997
PRODUCER_KERNEL_V1 stage=0 raw_iteration=4294967295 ordinal=8 kernel=identify_resident_owner_endpoint_class threads=1 begin_tick=1990841093396958 end_tick=1990841093402166 ms_per_tick=9.9999999999999995e-07 device_ms=0.005208
PRODUCER_KERNEL_V1 stage=0 raw_iteration=4294967295 ordinal=9 kernel=evaluate_resident_physical_flux threads=1533387 begin_tick=1990841093977500 end_tick=1990841096737333 ms_per_tick=9.9999999999999995e-07 device_ms=2.759833
PRODUCER_KERNEL_V1 stage=0 raw_iteration=4294967295 ordinal=10 kernel=evaluate_resident_advective_pair threads=13800483 begin_tick=1990841095297583 end_tick=1990841111122041 ms_per_tick=9.9999999999999995e-07 device_ms=15.824458
PRODUCER_KERNEL_V1 stage=0 raw_iteration=4294967295 ordinal=11 kernel=finalize_resident_advective_high threads=13800483 begin_tick=1990841111148875 end_tick=1990841111985208 ms_per_tick=9.9999999999999995e-07 device_ms=0.83633299999999999
PRODUCER_KERNEL_V1 stage=0 raw_iteration=4294967295 ordinal=12 kernel=compose_resident_flux_pair threads=13800483 begin_tick=1990841111985750 end_tick=1990841113326625 ms_per_tick=9.9999999999999995e-07 device_ms=1.340875
PRODUCER_KERNEL_V1 stage=0 raw_iteration=4294967295 ordinal=13 kernel=validate_resident_physical_flux threads=13800483 begin_tick=1990841113327083 end_tick=1990841114596916 ms_per_tick=9.9999999999999995e-07 device_ms=1.269833
PRODUCER_KERNEL_V1 stage=0 raw_iteration=4294967295 ordinal=14 kernel=identify_resident_physical_flux threads=32 begin_tick=1990841114597750 end_tick=1990841114605916 ms_per_tick=9.9999999999999995e-07 device_ms=0.0081659999999999996
PRODUCER_KERNEL_V1 stage=0 raw_iteration=4294967295 ordinal=15 kernel=fct_build_ratios threads=5551326 begin_tick=1990841114606583 end_tick=1990841118407875 ms_per_tick=9.9999999999999995e-07 device_ms=3.8012919999999997
PRODUCER_KERNEL_V1 stage=0 raw_iteration=4294967295 ordinal=16 kernel=fct_build_face_alpha threads=1533387 begin_tick=1990841118408500 end_tick=1990841118679333 ms_per_tick=9.9999999999999995e-07 device_ms=0.27083299999999999
PRODUCER_KERNEL_V1 stage=0 raw_iteration=4294967295 ordinal=17 kernel=fct_commit_scalar threads=504666 begin_tick=1990841118679791 end_tick=1990841118869000 ms_per_tick=9.9999999999999995e-07 device_ms=0.18920899999999999
PRODUCER_KERNEL_V1 stage=0 raw_iteration=4294967295 ordinal=18 kernel=owner_bind_candidate threads=1 begin_tick=1990841118869666 end_tick=1990841118875833 ms_per_tick=9.9999999999999995e-07 device_ms=0.0061669999999999997
PRODUCER_KERNEL_V1 stage=0 raw_iteration=4294967295 ordinal=19 kernel=finalize_resident_eos_candidate threads=1 begin_tick=1990841118876416 end_tick=1990841118878791 ms_per_tick=9.9999999999999995e-07 device_ms=0.0023749999999999999
PRODUCER_KERNEL_V1 stage=0 raw_iteration=4294967295 ordinal=20 kernel=build_eos_endpoint_table threads=14 begin_tick=1990841118879291 end_tick=1990841119171083 ms_per_tick=9.9999999999999995e-07 device_ms=0.291792
PRODUCER_KERNEL_V1 stage=0 raw_iteration=4294967295 ordinal=21 kernel=evaluate_resident_eos_candidate threads=504666 begin_tick=1990841119171500 end_tick=1990841183950875 ms_per_tick=9.9999999999999995e-07 device_ms=64.779375000000002
PRODUCER_KERNEL_V1 stage=0 raw_iteration=4294967295 ordinal=22 kernel=finalize_resident_eos_candidate threads=1 begin_tick=1990841183966333 end_tick=1990841183969125 ms_per_tick=9.9999999999999995e-07 device_ms=0.0027919999999999998
PRODUCER_KERNEL_V1 stage=0 raw_iteration=4294967295 ordinal=23 kernel=identify_resident_eos threads=1 begin_tick=1990841183969416 end_tick=1990841183972041 ms_per_tick=9.9999999999999995e-07 device_ms=0.0026249999999999997
PRODUCER_KERNEL_V1 stage=0 raw_iteration=4294967295 ordinal=24 kernel=produce_resident_frozen_source threads=504666 begin_tick=1990841183972375 end_tick=1990841184003666 ms_per_tick=9.9999999999999995e-07 device_ms=0.031290999999999999
PRODUCER_KERNEL_V1 stage=0 raw_iteration=4294967295 ordinal=25 kernel=identify_resident_frozen_source threads=1 begin_tick=1990841184004083 end_tick=1990841184007166 ms_per_tick=9.9999999999999995e-07 device_ms=0.0030829999999999998
PRODUCER_KERNEL_V1 stage=0 raw_iteration=4294967295 ordinal=26 kernel=evaluate_resident_target_terms threads=504666 begin_tick=1990841184007583 end_tick=1990841298258041 ms_per_tick=9.9999999999999995e-07 device_ms=114.25045799999999
PRODUCER_KERNEL_V1 stage=0 raw_iteration=4294967295 ordinal=27 kernel=finalize_resident_target threads=1 begin_tick=1990841298297458 end_tick=1990841298300583 ms_per_tick=9.9999999999999995e-07 device_ms=0.0031249999999999997
PRODUCER_KERNEL_V1 stage=0 raw_iteration=4294967295 ordinal=28 kernel=identify_resident_target threads=1 begin_tick=1990841298301041 end_tick=1990841298304000 ms_per_tick=9.9999999999999995e-07 device_ms=0.0029589999999999998
PRODUCER_KERNEL_V1 stage=0 raw_iteration=4294967295 ordinal=29 kernel=issue_resident_projection_consumer threads=1 begin_tick=1990841298304416 end_tick=1990841298308625 ms_per_tick=9.9999999999999995e-07 device_ms=0.0042090000000000001
PRODUCER_KERNEL_V1 stage=0 raw_iteration=4294967295 ordinal=30 kernel=consume_resident_target threads=1 begin_tick=1990841298309041 end_tick=1990841298312875 ms_per_tick=9.9999999999999995e-07 device_ms=0.0038339999999999997
PRODUCER_KERNEL_V1 stage=0 raw_iteration=4294967295 ordinal=31 kernel=owner_compose_target threads=504666 begin_tick=1990841298313166 end_tick=1990841298344083 ms_per_tick=9.9999999999999995e-07 device_ms=0.030917
PRODUCER_KERNEL_V1 stage=0 raw_iteration=4294967295 ordinal=32 kernel=finalize_resident_target threads=1 begin_tick=1990841298344375 end_tick=1990841298346708 ms_per_tick=9.9999999999999995e-07 device_ms=0.002333
PRODUCER_KERNEL_V1 stage=0 raw_iteration=4294967295 ordinal=33 kernel=owner_identify_target threads=1 begin_tick=1990841298347000 end_tick=1990841298350000 ms_per_tick=9.9999999999999995e-07 device_ms=0.0030000000000000001
PRODUCER_KERNEL_V1 stage=0 raw_iteration=4294967295 ordinal=34 kernel=issue_resident_projection_consumer threads=1 begin_tick=1990841298350291 end_tick=1990841298353333 ms_per_tick=9.9999999999999995e-07 device_ms=0.003042
PRODUCER_KERNEL_V1 stage=0 raw_iteration=4294967295 ordinal=35 kernel=consume_resident_target threads=1 begin_tick=1990841298353750 end_tick=1990841298357083 ms_per_tick=9.9999999999999995e-07 device_ms=0.003333
PRODUCER_KERNEL_V1 stage=0 raw_iteration=4294967295 ordinal=36 kernel=owner_issue_stage_seal threads=1 begin_tick=1990841298357500 end_tick=1990841298360333 ms_per_tick=9.9999999999999995e-07 device_ms=0.002833
PRODUCER_KERNEL_V1 stage=0 raw_iteration=4294967295 ordinal=37 kernel=fct_compatible_stage_rate threads=1533387 begin_tick=1990841298360833 end_tick=1990841298874208 ms_per_tick=9.9999999999999995e-07 device_ms=0.51337500000000003
PRODUCER_KERNEL_V1 stage=0 raw_iteration=4294967295 ordinal=38 kernel=owner_predict_momentum threads=1533387 begin_tick=1990841298874875 end_tick=1990841298924666 ms_per_tick=9.9999999999999995e-07 device_ms=0.049790999999999995
RISE_FIRE_OWNER_PROFILE_V1 {"scope":6,"parent":3,"phase":"BuildStageProducerGroup","stage":0,"raw_iteration":4294967295,"iteration_kind":"bootstrap","wall_ms":289.610375000,"device_sum_ms":206.998124951,"wall_minus_device_ms":82.612250049,"exclusive_wall_ms":289.610375000,"exclusive_device_sum_ms":206.998124951,"child_observer_wall_ms":0.000000000,"count_scope":"inclusive","owner_commits":1,"projection_invocations":0}
RISE_FIRE_OWNER_PROFILE_V1 {"scope":9,"parent":8,"phase":"ProjectionAdapter","stage":0,"raw_iteration":0,"iteration_kind":"picard","wall_ms":12.330667000,"device_sum_ms":9.535041638,"wall_minus_device_ms":2.795625362,"exclusive_wall_ms":12.330667000,"exclusive_device_sum_ms":9.535041638,"child_observer_wall_ms":0.000000000,"count_scope":"inclusive","owner_commits":0,"projection_invocations":1}
RISE_FIRE_OWNER_PROFILE_V1 {"scope":8,"parent":7,"phase":"Project","stage":0,"raw_iteration":0,"iteration_kind":"picard","wall_ms":12.962167000,"device_sum_ms":9.577291785,"wall_minus_device_ms":3.384875215,"exclusive_wall_ms":0.622083000,"exclusive_device_sum_ms":0.042250147,"child_observer_wall_ms":0.009417000,"count_scope":"inclusive","owner_commits":2,"projection_invocations":1}
RISE_FIRE_OWNER_PROFILE_V1 {"scope":10,"parent":7,"phase":"ReadOpenClass","stage":0,"raw_iteration":0,"iteration_kind":"picard","wall_ms":0.169708000,"device_sum_ms":0.002458226,"wall_minus_device_ms":0.167249774,"exclusive_wall_ms":0.169708000,"exclusive_device_sum_ms":0.002458226,"child_observer_wall_ms":0.000000000,"count_scope":"inclusive","owner_commits":1,"projection_invocations":0}
RISE_FIRE_OWNER_PROFILE_V1 {"scope":11,"parent":7,"phase":"ReadOpenClass","stage":0,"raw_iteration":0,"iteration_kind":"picard","wall_ms":0.157042000,"device_sum_ms":0.002416782,"wall_minus_device_ms":0.154625218,"exclusive_wall_ms":0.157042000,"exclusive_device_sum_ms":0.002416782,"child_observer_wall_ms":0.000000000,"count_scope":"inclusive","owner_commits":1,"projection_invocations":0}
PRODUCER_COMMAND_V1 stage=0 raw_iteration=0 cpu_begin=1990841312523791 cpu_end=1990841590969208 gpu_begin=1990841312523791 gpu_end=1990841590969208 device_ms=197.34149985015392 encoders=39 interval_scope=possibly_overlapping
PRODUCER_KERNEL_V1 stage=0 raw_iteration=0 ordinal=0 kernel=owner_pack_faces threads=1533387 begin_tick=1990841393635791 end_tick=1990841393686875 ms_per_tick=9.9999999999999995e-07 device_ms=0.051083999999999997
PRODUCER_KERNEL_V1 stage=0 raw_iteration=0 ordinal=1 kernel=owner_pack_faces threads=1533387 begin_tick=1990841393699125 end_tick=1990841393750125 ms_per_tick=9.9999999999999995e-07 device_ms=0.050999999999999997
PRODUCER_KERNEL_V1 stage=0 raw_iteration=0 ordinal=2 kernel=owner_pack_faces threads=1533387 begin_tick=1990841393823375 end_tick=1990841393926958 ms_per_tick=9.9999999999999995e-07 device_ms=0.10358299999999999
PRODUCER_KERNEL_V1 stage=0 raw_iteration=0 ordinal=3 kernel=fct_extract_gas_density threads=504666 begin_tick=1990841393828708 end_tick=1990841393876541 ms_per_tick=9.9999999999999995e-07 device_ms=0.047833000000000001
PRODUCER_KERNEL_V1 stage=0 raw_iteration=0 ordinal=4 kernel=owner_gas_source threads=504666 begin_tick=1990841393877791 end_tick=1990841393927125 ms_per_tick=9.9999999999999995e-07 device_ms=0.049333999999999996
PRODUCER_KERNEL_V1 stage=0 raw_iteration=0 ordinal=5 kernel=evaluate_resident_transport threads=504666 begin_tick=1990841393993125 end_tick=1990841394451083 ms_per_tick=9.9999999999999995e-07 device_ms=0.45795799999999998
PRODUCER_KERNEL_V1 stage=0 raw_iteration=0 ordinal=6 kernel=identify_resident_transport threads=1 begin_tick=1990841394451458 end_tick=1990841394454333 ms_per_tick=9.9999999999999995e-07 device_ms=0.002875
PRODUCER_KERNEL_V1 stage=0 raw_iteration=0 ordinal=7 kernel=owner_bind_transport threads=1 begin_tick=1990841394454916 end_tick=1990841394458583 ms_per_tick=9.9999999999999995e-07 device_ms=0.0036669999999999997
PRODUCER_KERNEL_V1 stage=0 raw_iteration=0 ordinal=8 kernel=identify_resident_owner_endpoint_class threads=1 begin_tick=1990841394459000 end_tick=1990841394462250 ms_per_tick=9.9999999999999995e-07 device_ms=0.0032499999999999999
PRODUCER_KERNEL_V1 stage=0 raw_iteration=0 ordinal=9 kernel=evaluate_resident_physical_flux threads=1533387 begin_tick=1990841395398000 end_tick=1990841396507208 ms_per_tick=9.9999999999999995e-07 device_ms=1.109208
PRODUCER_KERNEL_V1 stage=0 raw_iteration=0 ordinal=10 kernel=evaluate_resident_advective_pair threads=13800483 begin_tick=1990841396784166 end_tick=1990841404282583 ms_per_tick=9.9999999999999995e-07 device_ms=7.4984169999999999
PRODUCER_KERNEL_V1 stage=0 raw_iteration=0 ordinal=11 kernel=finalize_resident_advective_high threads=13800483 begin_tick=1990841404283333 end_tick=1990841404701708 ms_per_tick=9.9999999999999995e-07 device_ms=0.418375
PRODUCER_KERNEL_V1 stage=0 raw_iteration=0 ordinal=12 kernel=compose_resident_flux_pair threads=13800483 begin_tick=1990841404702041 end_tick=1990841405584166 ms_per_tick=9.9999999999999995e-07 device_ms=0.88212499999999994
PRODUCER_KERNEL_V1 stage=0 raw_iteration=0 ordinal=13 kernel=validate_resident_physical_flux threads=13800483 begin_tick=1990841405584708 end_tick=1990841406474666 ms_per_tick=9.9999999999999995e-07 device_ms=0.88995799999999992
PRODUCER_KERNEL_V1 stage=0 raw_iteration=0 ordinal=14 kernel=identify_resident_physical_flux threads=32 begin_tick=1990841406475458 end_tick=1990841406478750 ms_per_tick=9.9999999999999995e-07 device_ms=0.0032919999999999998
PRODUCER_KERNEL_V1 stage=0 raw_iteration=0 ordinal=15 kernel=fct_build_ratios threads=5551326 begin_tick=1990841406479250 end_tick=1990841410174166 ms_per_tick=9.9999999999999995e-07 device_ms=3.6949159999999996
PRODUCER_KERNEL_V1 stage=0 raw_iteration=0 ordinal=16 kernel=fct_build_face_alpha threads=1533387 begin_tick=1990841410174916 end_tick=1990841410444541 ms_per_tick=9.9999999999999995e-07 device_ms=0.269625
PRODUCER_KERNEL_V1 stage=0 raw_iteration=0 ordinal=17 kernel=fct_commit_scalar threads=504666 begin_tick=1990841410445125 end_tick=1990841410641916 ms_per_tick=9.9999999999999995e-07 device_ms=0.19679099999999999
PRODUCER_KERNEL_V1 stage=0 raw_iteration=0 ordinal=18 kernel=owner_bind_candidate threads=1 begin_tick=1990841410642500 end_tick=1990841410646208 ms_per_tick=9.9999999999999995e-07 device_ms=0.0037079999999999999
PRODUCER_KERNEL_V1 stage=0 raw_iteration=0 ordinal=19 kernel=finalize_resident_eos_candidate threads=1 begin_tick=1990841410646791 end_tick=1990841410649250 ms_per_tick=9.9999999999999995e-07 device_ms=0.0024589999999999998
PRODUCER_KERNEL_V1 stage=0 raw_iteration=0 ordinal=20 kernel=build_eos_endpoint_table threads=14 begin_tick=1990841410649750 end_tick=1990841410940916 ms_per_tick=9.9999999999999995e-07 device_ms=0.29116599999999998
PRODUCER_KERNEL_V1 stage=0 raw_iteration=0 ordinal=21 kernel=evaluate_resident_eos_candidate threads=504666 begin_tick=1990841410941250 end_tick=1990841476164916 ms_per_tick=9.9999999999999995e-07 device_ms=65.223665999999994
PRODUCER_KERNEL_V1 stage=0 raw_iteration=0 ordinal=22 kernel=finalize_resident_eos_candidate threads=1 begin_tick=1990841476182583 end_tick=1990841476185291 ms_per_tick=9.9999999999999995e-07 device_ms=0.0027079999999999999
PRODUCER_KERNEL_V1 stage=0 raw_iteration=0 ordinal=23 kernel=identify_resident_eos threads=1 begin_tick=1990841476185708 end_tick=1990841476191791 ms_per_tick=9.9999999999999995e-07 device_ms=0.0060829999999999999
PRODUCER_KERNEL_V1 stage=0 raw_iteration=0 ordinal=24 kernel=produce_resident_frozen_source threads=504666 begin_tick=1990841476192250 end_tick=1990841476223458 ms_per_tick=9.9999999999999995e-07 device_ms=0.031208
PRODUCER_KERNEL_V1 stage=0 raw_iteration=0 ordinal=25 kernel=identify_resident_frozen_source threads=1 begin_tick=1990841476223916 end_tick=1990841476230541 ms_per_tick=9.9999999999999995e-07 device_ms=0.0066249999999999998
PRODUCER_KERNEL_V1 stage=0 raw_iteration=0 ordinal=26 kernel=evaluate_resident_target_terms threads=504666 begin_tick=1990841476231416 end_tick=1990841590153833 ms_per_tick=9.9999999999999995e-07 device_ms=113.922417
PRODUCER_KERNEL_V1 stage=0 raw_iteration=0 ordinal=27 kernel=finalize_resident_target threads=1 begin_tick=1990841590170666 end_tick=1990841590174041 ms_per_tick=9.9999999999999995e-07 device_ms=0.003375
PRODUCER_KERNEL_V1 stage=0 raw_iteration=0 ordinal=28 kernel=identify_resident_target threads=1 begin_tick=1990841590174416 end_tick=1990841590177458 ms_per_tick=9.9999999999999995e-07 device_ms=0.003042
PRODUCER_KERNEL_V1 stage=0 raw_iteration=0 ordinal=29 kernel=issue_resident_projection_consumer threads=1 begin_tick=1990841590177833 end_tick=1990841590182166 ms_per_tick=9.9999999999999995e-07 device_ms=0.004333
PRODUCER_KERNEL_V1 stage=0 raw_iteration=0 ordinal=30 kernel=consume_resident_target threads=1 begin_tick=1990841590182583 end_tick=1990841590186416 ms_per_tick=9.9999999999999995e-07 device_ms=0.003833
PRODUCER_KERNEL_V1 stage=0 raw_iteration=0 ordinal=31 kernel=owner_compose_target threads=504666 begin_tick=1990841590186833 end_tick=1990841590269833 ms_per_tick=9.9999999999999995e-07 device_ms=0.08299999999999999
PRODUCER_KERNEL_V1 stage=0 raw_iteration=0 ordinal=32 kernel=finalize_resident_target threads=1 begin_tick=1990841590270125 end_tick=1990841590272416 ms_per_tick=9.9999999999999995e-07 device_ms=0.0022910000000000001
PRODUCER_KERNEL_V1 stage=0 raw_iteration=0 ordinal=33 kernel=owner_identify_target threads=1 begin_tick=1990841590272875 end_tick=1990841590275916 ms_per_tick=9.9999999999999995e-07 device_ms=0.0030409999999999999
PRODUCER_KERNEL_V1 stage=0 raw_iteration=0 ordinal=34 kernel=issue_resident_projection_consumer threads=1 begin_tick=1990841590276375 end_tick=1990841590279208 ms_per_tick=9.9999999999999995e-07 device_ms=0.002833
PRODUCER_KERNEL_V1 stage=0 raw_iteration=0 ordinal=35 kernel=consume_resident_target threads=1 begin_tick=1990841590279625 end_tick=1990841590282791 ms_per_tick=9.9999999999999995e-07 device_ms=0.003166
PRODUCER_KERNEL_V1 stage=0 raw_iteration=0 ordinal=36 kernel=owner_issue_stage_seal threads=1 begin_tick=1990841590283208 end_tick=1990841590286166 ms_per_tick=9.9999999999999995e-07 device_ms=0.0029579999999999997
PRODUCER_KERNEL_V1 stage=0 raw_iteration=0 ordinal=37 kernel=fct_compatible_stage_rate threads=1533387 begin_tick=1990841590286666 end_tick=1990841590801541 ms_per_tick=9.9999999999999995e-07 device_ms=0.51487499999999997
PRODUCER_KERNEL_V1 stage=0 raw_iteration=0 ordinal=38 kernel=owner_predict_momentum threads=1533387 begin_tick=1990841590802291 end_tick=1990841590851583 ms_per_tick=9.9999999999999995e-07 device_ms=0.049291999999999996
RISE_FIRE_OWNER_PROFILE_V1 {"scope":12,"parent":7,"phase":"BuildStageProducerGroup","stage":0,"raw_iteration":0,"iteration_kind":"picard","wall_ms":278.617417000,"device_sum_ms":197.341499850,"wall_minus_device_ms":81.275917150,"exclusive_wall_ms":278.617417000,"exclusive_device_sum_ms":197.341499850,"child_observer_wall_ms":0.000000000,"count_scope":"inclusive","owner_commits":1,"projection_invocations":0}
RISE_FIRE_OWNER_PROFILE_V1 {"scope":13,"parent":7,"phase":"Residual","stage":0,"raw_iteration":0,"iteration_kind":"picard","wall_ms":0.270083000,"device_sum_ms":0.021875137,"wall_minus_device_ms":0.248207863,"exclusive_wall_ms":0.270083000,"exclusive_device_sum_ms":0.021875137,"child_observer_wall_ms":0.000000000,"count_scope":"inclusive","owner_commits":1,"projection_invocations":0}
RISE_FIRE_OWNER_PROFILE_V1 {"scope":7,"parent":3,"phase":"PicardIteration","stage":0,"raw_iteration":0,"iteration_kind":"picard","wall_ms":292.606916000,"device_sum_ms":206.945541780,"wall_minus_device_ms":85.661374220,"exclusive_wall_ms":0.398499000,"exclusive_device_sum_ms":0.000000000,"child_observer_wall_ms":0.032000000,"count_scope":"inclusive","owner_commits":6,"projection_invocations":1}
RISE_FIRE_OWNER_PROFILE_V1 {"scope":16,"parent":15,"phase":"ProjectionAdapter","stage":0,"raw_iteration":1,"iteration_kind":"picard","wall_ms":11.600833000,"device_sum_ms":8.847333491,"wall_minus_device_ms":2.753499509,"exclusive_wall_ms":11.600833000,"exclusive_device_sum_ms":8.847333491,"child_observer_wall_ms":0.000000000,"count_scope":"inclusive","owner_commits":0,"projection_invocations":1}
RISE_FIRE_OWNER_PROFILE_V1 {"scope":15,"parent":14,"phase":"Project","stage":0,"raw_iteration":1,"iteration_kind":"picard","wall_ms":12.892042000,"device_sum_ms":8.985750144,"wall_minus_device_ms":3.906291856,"exclusive_wall_ms":1.285626000,"exclusive_device_sum_ms":0.138416653,"child_observer_wall_ms":0.005583000,"count_scope":"inclusive","owner_commits":2,"projection_invocations":1}
RISE_FIRE_OWNER_PROFILE_V1 {"scope":17,"parent":14,"phase":"ReadOpenClass","stage":0,"raw_iteration":1,"iteration_kind":"picard","wall_ms":0.162958000,"device_sum_ms":0.002625166,"wall_minus_device_ms":0.160332834,"exclusive_wall_ms":0.162958000,"exclusive_device_sum_ms":0.002625166,"child_observer_wall_ms":0.000000000,"count_scope":"inclusive","owner_commits":1,"projection_invocations":0}
RISE_FIRE_OWNER_PROFILE_V1 {"scope":18,"parent":14,"phase":"ReadOpenClass","stage":0,"raw_iteration":1,"iteration_kind":"picard","wall_ms":0.147834000,"device_sum_ms":0.002458459,"wall_minus_device_ms":0.145375541,"exclusive_wall_ms":0.147834000,"exclusive_device_sum_ms":0.002458459,"child_observer_wall_ms":0.000000000,"count_scope":"inclusive","owner_commits":1,"projection_invocations":0}
PRODUCER_COMMAND_V1 stage=0 raw_iteration=1 cpu_begin=1990841605035750 cpu_end=1990841887548625 gpu_begin=1990841605035750 gpu_end=1990841887548625 device_ms=201.75808318890631 encoders=39 interval_scope=possibly_overlapping
PRODUCER_KERNEL_V1 stage=0 raw_iteration=1 ordinal=0 kernel=owner_pack_faces threads=1533387 begin_tick=1990841685690916 end_tick=1990841685789375 ms_per_tick=9.9999999999999995e-07 device_ms=0.098458999999999991
PRODUCER_KERNEL_V1 stage=0 raw_iteration=1 ordinal=1 kernel=owner_pack_faces threads=1533387 begin_tick=1990841685757666 end_tick=1990841685810958 ms_per_tick=9.9999999999999995e-07 device_ms=0.053291999999999999
PRODUCER_KERNEL_V1 stage=0 raw_iteration=1 ordinal=2 kernel=owner_pack_faces threads=1533387 begin_tick=1990841685823666 end_tick=1990841685899000 ms_per_tick=9.9999999999999995e-07 device_ms=0.075333999999999998
PRODUCER_KERNEL_V1 stage=0 raw_iteration=1 ordinal=3 kernel=fct_extract_gas_density threads=504666 begin_tick=1990841685857083 end_tick=1990841685899208 ms_per_tick=9.9999999999999995e-07 device_ms=0.042124999999999996
PRODUCER_KERNEL_V1 stage=0 raw_iteration=1 ordinal=4 kernel=owner_gas_source threads=504666 begin_tick=1990841685901541 end_tick=1990841685945250 ms_per_tick=9.9999999999999995e-07 device_ms=0.043708999999999998
PRODUCER_KERNEL_V1 stage=0 raw_iteration=1 ordinal=5 kernel=evaluate_resident_transport threads=504666 begin_tick=1990841686023791 end_tick=1990841686476166 ms_per_tick=9.9999999999999995e-07 device_ms=0.45237499999999997
PRODUCER_KERNEL_V1 stage=0 raw_iteration=1 ordinal=6 kernel=identify_resident_transport threads=1 begin_tick=1990841686476583 end_tick=1990841686479666 ms_per_tick=9.9999999999999995e-07 device_ms=0.0030829999999999998
PRODUCER_KERNEL_V1 stage=0 raw_iteration=1 ordinal=7 kernel=owner_bind_transport threads=1 begin_tick=1990841686480250 end_tick=1990841686483916 ms_per_tick=9.9999999999999995e-07 device_ms=0.003666
PRODUCER_KERNEL_V1 stage=0 raw_iteration=1 ordinal=8 kernel=identify_resident_owner_endpoint_class threads=1 begin_tick=1990841686485000 end_tick=1990841686488166 ms_per_tick=9.9999999999999995e-07 device_ms=0.003166
PRODUCER_KERNEL_V1 stage=0 raw_iteration=1 ordinal=9 kernel=evaluate_resident_physical_flux threads=1533387 begin_tick=1990841687517375 end_tick=1990841688647125 ms_per_tick=9.9999999999999995e-07 device_ms=1.12975
PRODUCER_KERNEL_V1 stage=0 raw_iteration=1 ordinal=10 kernel=evaluate_resident_advective_pair threads=13800483 begin_tick=1990841688934166 end_tick=1990841696063333 ms_per_tick=9.9999999999999995e-07 device_ms=7.1291669999999998
PRODUCER_KERNEL_V1 stage=0 raw_iteration=1 ordinal=11 kernel=finalize_resident_advective_high threads=13800483 begin_tick=1990841696064083 end_tick=1990841696483416 ms_per_tick=9.9999999999999995e-07 device_ms=0.41933299999999996
PRODUCER_KERNEL_V1 stage=0 raw_iteration=1 ordinal=12 kernel=compose_resident_flux_pair threads=13800483 begin_tick=1990841696483750 end_tick=1990841697375041 ms_per_tick=9.9999999999999995e-07 device_ms=0.89129099999999994
PRODUCER_KERNEL_V1 stage=0 raw_iteration=1 ordinal=13 kernel=validate_resident_physical_flux threads=13800483 begin_tick=1990841697376041 end_tick=1990841698352708 ms_per_tick=9.9999999999999995e-07 device_ms=0.97666699999999995
PRODUCER_KERNEL_V1 stage=0 raw_iteration=1 ordinal=14 kernel=identify_resident_physical_flux threads=32 begin_tick=1990841698353375 end_tick=1990841698359541 ms_per_tick=9.9999999999999995e-07 device_ms=0.0061659999999999996
PRODUCER_KERNEL_V1 stage=0 raw_iteration=1 ordinal=15 kernel=fct_build_ratios threads=5551326 begin_tick=1990841698360083 end_tick=1990841701965041 ms_per_tick=9.9999999999999995e-07 device_ms=3.6049579999999999
PRODUCER_KERNEL_V1 stage=0 raw_iteration=1 ordinal=16 kernel=fct_build_face_alpha threads=1533387 begin_tick=1990841701965791 end_tick=1990841702234625 ms_per_tick=9.9999999999999995e-07 device_ms=0.26883399999999996
PRODUCER_KERNEL_V1 stage=0 raw_iteration=1 ordinal=17 kernel=fct_commit_scalar threads=504666 begin_tick=1990841702235083 end_tick=1990841702426916 ms_per_tick=9.9999999999999995e-07 device_ms=0.191833
PRODUCER_KERNEL_V1 stage=0 raw_iteration=1 ordinal=18 kernel=owner_bind_candidate threads=1 begin_tick=1990841702427500 end_tick=1990841702431375 ms_per_tick=9.9999999999999995e-07 device_ms=0.003875
PRODUCER_KERNEL_V1 stage=0 raw_iteration=1 ordinal=19 kernel=finalize_resident_eos_candidate threads=1 begin_tick=1990841702431958 end_tick=1990841702434291 ms_per_tick=9.9999999999999995e-07 device_ms=0.002333
PRODUCER_KERNEL_V1 stage=0 raw_iteration=1 ordinal=20 kernel=build_eos_endpoint_table threads=14 begin_tick=1990841702434791 end_tick=1990841702725666 ms_per_tick=9.9999999999999995e-07 device_ms=0.29087499999999999
PRODUCER_KERNEL_V1 stage=0 raw_iteration=1 ordinal=21 kernel=evaluate_resident_eos_candidate threads=504666 begin_tick=1990841702726083 end_tick=1990841772517125 ms_per_tick=9.9999999999999995e-07 device_ms=69.79104199999999
PRODUCER_KERNEL_V1 stage=0 raw_iteration=1 ordinal=22 kernel=finalize_resident_eos_candidate threads=1 begin_tick=1990841772534041 end_tick=1990841772536625 ms_per_tick=9.9999999999999995e-07 device_ms=0.0025839999999999999
PRODUCER_KERNEL_V1 stage=0 raw_iteration=1 ordinal=23 kernel=identify_resident_eos threads=1 begin_tick=1990841772536916 end_tick=1990841772539833 ms_per_tick=9.9999999999999995e-07 device_ms=0.0029169999999999999
PRODUCER_KERNEL_V1 stage=0 raw_iteration=1 ordinal=24 kernel=produce_resident_frozen_source threads=504666 begin_tick=1990841772540166 end_tick=1990841772570833 ms_per_tick=9.9999999999999995e-07 device_ms=0.030667
PRODUCER_KERNEL_V1 stage=0 raw_iteration=1 ordinal=25 kernel=identify_resident_frozen_source threads=1 begin_tick=1990841772571250 end_tick=1990841772577833 ms_per_tick=9.9999999999999995e-07 device_ms=0.0065829999999999994
PRODUCER_KERNEL_V1 stage=0 raw_iteration=1 ordinal=26 kernel=evaluate_resident_target_terms threads=504666 begin_tick=1990841772578875 end_tick=1990841886597208 ms_per_tick=9.9999999999999995e-07 device_ms=114.018333
PRODUCER_KERNEL_V1 stage=0 raw_iteration=1 ordinal=27 kernel=finalize_resident_target threads=1 begin_tick=1990841886611833 end_tick=1990841886614875 ms_per_tick=9.9999999999999995e-07 device_ms=0.003042
PRODUCER_KERNEL_V1 stage=0 raw_iteration=1 ordinal=28 kernel=identify_resident_target threads=1 begin_tick=1990841886615166 end_tick=1990841886618166 ms_per_tick=9.9999999999999995e-07 device_ms=0.0030000000000000001
PRODUCER_KERNEL_V1 stage=0 raw_iteration=1 ordinal=29 kernel=issue_resident_projection_consumer threads=1 begin_tick=1990841886618625 end_tick=1990841886626375 ms_per_tick=9.9999999999999995e-07 device_ms=0.0077499999999999999
PRODUCER_KERNEL_V1 stage=0 raw_iteration=1 ordinal=30 kernel=consume_resident_target threads=1 begin_tick=1990841886626833 end_tick=1990841886630791 ms_per_tick=9.9999999999999995e-07 device_ms=0.0039579999999999997
PRODUCER_KERNEL_V1 stage=0 raw_iteration=1 ordinal=31 kernel=owner_compose_target threads=504666 begin_tick=1990841886631208 end_tick=1990841886710791 ms_per_tick=9.9999999999999995e-07 device_ms=0.079583000000000001
PRODUCER_KERNEL_V1 stage=0 raw_iteration=1 ordinal=32 kernel=finalize_resident_target threads=1 begin_tick=1990841886711083 end_tick=1990841886713625 ms_per_tick=9.9999999999999995e-07 device_ms=0.002542
PRODUCER_KERNEL_V1 stage=0 raw_iteration=1 ordinal=33 kernel=owner_identify_target threads=1 begin_tick=1990841886714041 end_tick=1990841886720541 ms_per_tick=9.9999999999999995e-07 device_ms=0.0064999999999999997
PRODUCER_KERNEL_V1 stage=0 raw_iteration=1 ordinal=34 kernel=issue_resident_projection_consumer threads=1 begin_tick=1990841886720958 end_tick=1990841886724000 ms_per_tick=9.9999999999999995e-07 device_ms=0.003042
PRODUCER_KERNEL_V1 stage=0 raw_iteration=1 ordinal=35 kernel=consume_resident_target threads=1 begin_tick=1990841886724416 end_tick=1990841886728416 ms_per_tick=9.9999999999999995e-07 device_ms=0.0040000000000000001
PRODUCER_KERNEL_V1 stage=0 raw_iteration=1 ordinal=36 kernel=owner_issue_stage_seal threads=1 begin_tick=1990841886728750 end_tick=1990841886731666 ms_per_tick=9.9999999999999995e-07 device_ms=0.0029159999999999998
PRODUCER_KERNEL_V1 stage=0 raw_iteration=1 ordinal=37 kernel=fct_compatible_stage_rate threads=1533387 begin_tick=1990841886732125 end_tick=1990841887383541 ms_per_tick=9.9999999999999995e-07 device_ms=0.651416
PRODUCER_KERNEL_V1 stage=0 raw_iteration=1 ordinal=38 kernel=owner_predict_momentum threads=1533387 begin_tick=1990841887384375 end_tick=1990841887434875 ms_per_tick=9.9999999999999995e-07 device_ms=0.050499999999999996
RISE_FIRE_OWNER_PROFILE_V1 {"scope":19,"parent":14,"phase":"BuildStageProducerGroup","stage":0,"raw_iteration":1,"iteration_kind":"picard","wall_ms":282.657500000,"device_sum_ms":201.758083189,"wall_minus_device_ms":80.899416811,"exclusive_wall_ms":282.657500000,"exclusive_device_sum_ms":201.758083189,"child_observer_wall_ms":0.000000000,"count_scope":"inclusive","owner_commits":1,"projection_invocations":0}
RISE_FIRE_OWNER_PROFILE_V1 {"scope":20,"parent":14,"phase":"Residual","stage":0,"raw_iteration":1,"iteration_kind":"picard","wall_ms":0.311791000,"device_sum_ms":0.115250004,"wall_minus_device_ms":0.196540996,"exclusive_wall_ms":0.311791000,"exclusive_device_sum_ms":0.115250004,"child_observer_wall_ms":0.000000000,"count_scope":"inclusive","owner_commits":1,"projection_invocations":0}
RISE_FIRE_OWNER_PROFILE_V1 {"scope":14,"parent":3,"phase":"PicardIteration","stage":0,"raw_iteration":1,"iteration_kind":"picard","wall_ms":296.591958000,"device_sum_ms":210.864166962,"wall_minus_device_ms":85.727791038,"exclusive_wall_ms":0.392500000,"exclusive_device_sum_ms":0.000000000,"child_observer_wall_ms":0.027333000,"count_scope":"inclusive","owner_commits":6,"projection_invocations":1}
RISE_FIRE_OWNER_PROFILE_V1 {"scope":23,"parent":22,"phase":"ProjectionAdapter","stage":0,"raw_iteration":2,"iteration_kind":"picard","wall_ms":11.849959000,"device_sum_ms":9.036750067,"wall_minus_device_ms":2.813208933,"exclusive_wall_ms":11.849959000,"exclusive_device_sum_ms":9.036750067,"child_observer_wall_ms":0.000000000,"count_scope":"inclusive","owner_commits":0,"projection_invocations":1}
RISE_FIRE_OWNER_PROFILE_V1 {"scope":22,"parent":21,"phase":"Project","stage":0,"raw_iteration":2,"iteration_kind":"picard","wall_ms":13.034000000,"device_sum_ms":9.077083552,"wall_minus_device_ms":3.956916448,"exclusive_wall_ms":1.177291000,"exclusive_device_sum_ms":0.040333485,"child_observer_wall_ms":0.006750000,"count_scope":"inclusive","owner_commits":2,"projection_invocations":1}
RISE_FIRE_OWNER_PROFILE_V1 {"scope":24,"parent":21,"phase":"ReadOpenClass","stage":0,"raw_iteration":2,"iteration_kind":"picard","wall_ms":0.159583000,"device_sum_ms":0.002500135,"wall_minus_device_ms":0.157082865,"exclusive_wall_ms":0.159583000,"exclusive_device_sum_ms":0.002500135,"child_observer_wall_ms":0.000000000,"count_scope":"inclusive","owner_commits":1,"projection_invocations":0}
RISE_FIRE_OWNER_PROFILE_V1 {"scope":25,"parent":21,"phase":"ReadOpenClass","stage":0,"raw_iteration":2,"iteration_kind":"picard","wall_ms":0.153708000,"device_sum_ms":0.002458226,"wall_minus_device_ms":0.151249774,"exclusive_wall_ms":0.153708000,"exclusive_device_sum_ms":0.002458226,"child_observer_wall_ms":0.000000000,"count_scope":"inclusive","owner_commits":1,"projection_invocations":0}
PRODUCER_COMMAND_V1 stage=0 raw_iteration=2 cpu_begin=1990841901777375 cpu_end=1990842178897416 gpu_begin=1990841901777375 gpu_end=1990842178897416 device_ms=195.29991666786373 encoders=39 interval_scope=possibly_overlapping
PRODUCER_KERNEL_V1 stage=0 raw_iteration=2 ordinal=0 kernel=owner_pack_faces threads=1533387 begin_tick=1990841983489250 end_tick=1990841983543583 ms_per_tick=9.9999999999999995e-07 device_ms=0.054332999999999999
PRODUCER_KERNEL_V1 stage=0 raw_iteration=2 ordinal=1 kernel=owner_pack_faces threads=1533387 begin_tick=1990841983542875 end_tick=1990841983978166 ms_per_tick=9.9999999999999995e-07 device_ms=0.43529099999999998
PRODUCER_KERNEL_V1 stage=0 raw_iteration=2 ordinal=2 kernel=owner_pack_faces threads=1533387 begin_tick=1990841983484916 end_tick=1990841983542875 ms_per_tick=9.9999999999999995e-07 device_ms=0.057958999999999997
PRODUCER_KERNEL_V1 stage=0 raw_iteration=2 ordinal=3 kernel=fct_extract_gas_density threads=504666 begin_tick=1990841983978166 end_tick=1990841984001708 ms_per_tick=9.9999999999999995e-07 device_ms=0.023542
PRODUCER_KERNEL_V1 stage=0 raw_iteration=2 ordinal=4 kernel=owner_gas_source threads=504666 begin_tick=1990841984001708 end_tick=1990841984043083 ms_per_tick=9.9999999999999995e-07 device_ms=0.041374999999999995
PRODUCER_KERNEL_V1 stage=0 raw_iteration=2 ordinal=5 kernel=evaluate_resident_transport threads=504666 begin_tick=1990841983543958 end_tick=1990841984051666 ms_per_tick=9.9999999999999995e-07 device_ms=0.50770799999999994
PRODUCER_KERNEL_V1 stage=0 raw_iteration=2 ordinal=6 kernel=identify_resident_transport threads=1 begin_tick=1990841984052166 end_tick=1990841984055250 ms_per_tick=9.9999999999999995e-07 device_ms=0.0030839999999999999
PRODUCER_KERNEL_V1 stage=0 raw_iteration=2 ordinal=7 kernel=owner_bind_transport threads=1 begin_tick=1990841984055833 end_tick=1990841984059416 ms_per_tick=9.9999999999999995e-07 device_ms=0.0035829999999999998
PRODUCER_KERNEL_V1 stage=0 raw_iteration=2 ordinal=8 kernel=identify_resident_owner_endpoint_class threads=1 begin_tick=1990841984059833 end_tick=1990841984063041 ms_per_tick=9.9999999999999995e-07 device_ms=0.0032079999999999999
PRODUCER_KERNEL_V1 stage=0 raw_iteration=2 ordinal=9 kernel=evaluate_resident_physical_flux threads=1533387 begin_tick=1990841984918083 end_tick=1990841986133458 ms_per_tick=9.9999999999999995e-07 device_ms=1.2153749999999999
PRODUCER_KERNEL_V1 stage=0 raw_iteration=2 ordinal=10 kernel=evaluate_resident_advective_pair threads=13800483 begin_tick=1990841986301625 end_tick=1990841993631041 ms_per_tick=9.9999999999999995e-07 device_ms=7.3294159999999993
PRODUCER_KERNEL_V1 stage=0 raw_iteration=2 ordinal=11 kernel=finalize_resident_advective_high threads=13800483 begin_tick=1990841993650750 end_tick=1990841994259083 ms_per_tick=9.9999999999999995e-07 device_ms=0.60833300000000001
PRODUCER_KERNEL_V1 stage=0 raw_iteration=2 ordinal=12 kernel=compose_resident_flux_pair threads=13800483 begin_tick=1990841994259416 end_tick=1990841995131791 ms_per_tick=9.9999999999999995e-07 device_ms=0.87237500000000001
PRODUCER_KERNEL_V1 stage=0 raw_iteration=2 ordinal=13 kernel=validate_resident_physical_flux threads=13800483 begin_tick=1990841995132458 end_tick=1990841996030625 ms_per_tick=9.9999999999999995e-07 device_ms=0.89816699999999994
PRODUCER_KERNEL_V1 stage=0 raw_iteration=2 ordinal=14 kernel=identify_resident_physical_flux threads=32 begin_tick=1990841996031375 end_tick=1990841996034583 ms_per_tick=9.9999999999999995e-07 device_ms=0.0032079999999999999
PRODUCER_KERNEL_V1 stage=0 raw_iteration=2 ordinal=15 kernel=fct_build_ratios threads=5551326 begin_tick=1990841996035041 end_tick=1990841999733750 ms_per_tick=9.9999999999999995e-07 device_ms=3.698709
PRODUCER_KERNEL_V1 stage=0 raw_iteration=2 ordinal=16 kernel=fct_build_face_alpha threads=1533387 begin_tick=1990841999734416 end_tick=1990842000004000 ms_per_tick=9.9999999999999995e-07 device_ms=0.26958399999999999
PRODUCER_KERNEL_V1 stage=0 raw_iteration=2 ordinal=17 kernel=fct_commit_scalar threads=504666 begin_tick=1990842000004541 end_tick=1990842000196583 ms_per_tick=9.9999999999999995e-07 device_ms=0.19204199999999999
PRODUCER_KERNEL_V1 stage=0 raw_iteration=2 ordinal=18 kernel=owner_bind_candidate threads=1 begin_tick=1990842000197166 end_tick=1990842000200666 ms_per_tick=9.9999999999999995e-07 device_ms=0.0034999999999999996
PRODUCER_KERNEL_V1 stage=0 raw_iteration=2 ordinal=19 kernel=finalize_resident_eos_candidate threads=1 begin_tick=1990842000201083 end_tick=1990842000203791 ms_per_tick=9.9999999999999995e-07 device_ms=0.0027079999999999999
PRODUCER_KERNEL_V1 stage=0 raw_iteration=2 ordinal=20 kernel=build_eos_endpoint_table threads=14 begin_tick=1990842000204208 end_tick=1990842000494000 ms_per_tick=9.9999999999999995e-07 device_ms=0.28979199999999999
PRODUCER_KERNEL_V1 stage=0 raw_iteration=2 ordinal=21 kernel=evaluate_resident_eos_candidate threads=504666 begin_tick=1990842000494333 end_tick=1990842063848791 ms_per_tick=9.9999999999999995e-07 device_ms=63.354457999999994
PRODUCER_KERNEL_V1 stage=0 raw_iteration=2 ordinal=22 kernel=finalize_resident_eos_candidate threads=1 begin_tick=1990842063864291 end_tick=1990842063866916 ms_per_tick=9.9999999999999995e-07 device_ms=0.0026249999999999997
PRODUCER_KERNEL_V1 stage=0 raw_iteration=2 ordinal=23 kernel=identify_resident_eos threads=1 begin_tick=1990842063867250 end_tick=1990842063870250 ms_per_tick=9.9999999999999995e-07 device_ms=0.0030000000000000001
PRODUCER_KERNEL_V1 stage=0 raw_iteration=2 ordinal=24 kernel=produce_resident_frozen_source threads=504666 begin_tick=1990842063870583 end_tick=1990842063903125 ms_per_tick=9.9999999999999995e-07 device_ms=0.032542000000000001
PRODUCER_KERNEL_V1 stage=0 raw_iteration=2 ordinal=25 kernel=identify_resident_frozen_source threads=1 begin_tick=1990842063903583 end_tick=1990842063909916 ms_per_tick=9.9999999999999995e-07 device_ms=0.0063330000000000001
PRODUCER_KERNEL_V1 stage=0 raw_iteration=2 ordinal=26 kernel=evaluate_resident_target_terms threads=504666 begin_tick=1990842063910791 end_tick=1990842178081041 ms_per_tick=9.9999999999999995e-07 device_ms=114.17025
PRODUCER_KERNEL_V1 stage=0 raw_iteration=2 ordinal=27 kernel=finalize_resident_target threads=1 begin_tick=1990842178096291 end_tick=1990842178102708 ms_per_tick=9.9999999999999995e-07 device_ms=0.006417
PRODUCER_KERNEL_V1 stage=0 raw_iteration=2 ordinal=28 kernel=identify_resident_target threads=1 begin_tick=1990842178103083 end_tick=1990842178106291 ms_per_tick=9.9999999999999995e-07 device_ms=0.0032079999999999999
PRODUCER_KERNEL_V1 stage=0 raw_iteration=2 ordinal=29 kernel=issue_resident_projection_consumer threads=1 begin_tick=1990842178106708 end_tick=1990842178111250 ms_per_tick=9.9999999999999995e-07 device_ms=0.004542
PRODUCER_KERNEL_V1 stage=0 raw_iteration=2 ordinal=30 kernel=consume_resident_target threads=1 begin_tick=1990842178111875 end_tick=1990842178115958 ms_per_tick=9.9999999999999995e-07 device_ms=0.0040829999999999998
PRODUCER_KERNEL_V1 stage=0 raw_iteration=2 ordinal=31 kernel=owner_compose_target threads=504666 begin_tick=1990842178116375 end_tick=1990842178196000 ms_per_tick=9.9999999999999995e-07 device_ms=0.079625000000000001
PRODUCER_KERNEL_V1 stage=0 raw_iteration=2 ordinal=32 kernel=finalize_resident_target threads=1 begin_tick=1990842178196416 end_tick=1990842178198750 ms_per_tick=9.9999999999999995e-07 device_ms=0.0023339999999999997
PRODUCER_KERNEL_V1 stage=0 raw_iteration=2 ordinal=33 kernel=owner_identify_target threads=1 begin_tick=1990842178199208 end_tick=1990842178202250 ms_per_tick=9.9999999999999995e-07 device_ms=0.003042
PRODUCER_KERNEL_V1 stage=0 raw_iteration=2 ordinal=34 kernel=issue_resident_projection_consumer threads=1 begin_tick=1990842178202666 end_tick=1990842178205583 ms_per_tick=9.9999999999999995e-07 device_ms=0.0029169999999999999
PRODUCER_KERNEL_V1 stage=0 raw_iteration=2 ordinal=35 kernel=consume_resident_target threads=1 begin_tick=1990842178206000 end_tick=1990842178209208 ms_per_tick=9.9999999999999995e-07 device_ms=0.0032079999999999999
PRODUCER_KERNEL_V1 stage=0 raw_iteration=2 ordinal=36 kernel=owner_issue_stage_seal threads=1 begin_tick=1990842178209625 end_tick=1990842178212625 ms_per_tick=9.9999999999999995e-07 device_ms=0.0030000000000000001
PRODUCER_KERNEL_V1 stage=0 raw_iteration=2 ordinal=37 kernel=fct_compatible_stage_rate threads=1533387 begin_tick=1990842178213000 end_tick=1990842178728500 ms_per_tick=9.9999999999999995e-07 device_ms=0.51549999999999996
PRODUCER_KERNEL_V1 stage=0 raw_iteration=2 ordinal=38 kernel=owner_predict_momentum threads=1533387 begin_tick=1990842178729125 end_tick=1990842178778833 ms_per_tick=9.9999999999999995e-07 device_ms=0.049707999999999995
RISE_FIRE_OWNER_PROFILE_V1 {"scope":26,"parent":21,"phase":"BuildStageProducerGroup","stage":0,"raw_iteration":2,"iteration_kind":"picard","wall_ms":277.279458000,"device_sum_ms":195.299916668,"wall_minus_device_ms":81.979541332,"exclusive_wall_ms":277.279458000,"exclusive_device_sum_ms":195.299916668,"child_observer_wall_ms":0.000000000,"count_scope":"inclusive","owner_commits":1,"projection_invocations":0}
RISE_FIRE_OWNER_PROFILE_V1 {"scope":27,"parent":21,"phase":"Residual","stage":0,"raw_iteration":2,"iteration_kind":"picard","wall_ms":0.319416000,"device_sum_ms":0.112249982,"wall_minus_device_ms":0.207166018,"exclusive_wall_ms":0.319416000,"exclusive_device_sum_ms":0.112249982,"child_observer_wall_ms":0.000000000,"count_scope":"inclusive","owner_commits":1,"projection_invocations":0}
RISE_FIRE_OWNER_PROFILE_V1 {"scope":30,"parent":29,"phase":"ProjectionAdapter","stage":0,"raw_iteration":2147483650,"iteration_kind":"terminal","wall_ms":11.819292000,"device_sum_ms":9.130541701,"wall_minus_device_ms":2.688750299,"exclusive_wall_ms":11.819292000,"exclusive_device_sum_ms":9.130541701,"child_observer_wall_ms":0.000000000,"count_scope":"inclusive","owner_commits":0,"projection_invocations":1}
RISE_FIRE_OWNER_PROFILE_V1 {"scope":29,"parent":28,"phase":"Project","stage":0,"raw_iteration":2147483650,"iteration_kind":"terminal","wall_ms":12.386125000,"device_sum_ms":9.169041645,"wall_minus_device_ms":3.217083355,"exclusive_wall_ms":0.561083000,"exclusive_device_sum_ms":0.038499944,"child_observer_wall_ms":0.005750000,"count_scope":"inclusive","owner_commits":2,"projection_invocations":1}
RISE_FIRE_OWNER_PROFILE_V1 {"scope":31,"parent":28,"phase":"ReadOpenClass","stage":0,"raw_iteration":2147483650,"iteration_kind":"terminal","wall_ms":0.141583000,"device_sum_ms":0.002416549,"wall_minus_device_ms":0.139166451,"exclusive_wall_ms":0.141583000,"exclusive_device_sum_ms":0.002416549,"child_observer_wall_ms":0.000000000,"count_scope":"inclusive","owner_commits":1,"projection_invocations":0}
RISE_FIRE_OWNER_PROFILE_V1 {"scope":32,"parent":28,"phase":"ReadOpenClass","stage":0,"raw_iteration":2147483650,"iteration_kind":"terminal","wall_ms":0.146000000,"device_sum_ms":0.002624933,"wall_minus_device_ms":0.143375067,"exclusive_wall_ms":0.146000000,"exclusive_device_sum_ms":0.002624933,"child_observer_wall_ms":0.000000000,"count_scope":"inclusive","owner_commits":1,"projection_invocations":0}
PRODUCER_COMMAND_V1 stage=0 raw_iteration=2147483650 cpu_begin=1990842192076666 cpu_end=1990842468196125 gpu_begin=1990842192076666 gpu_end=1990842468196125 device_ms=195.51108335144818 encoders=39 interval_scope=possibly_overlapping
PRODUCER_KERNEL_V1 stage=0 raw_iteration=2147483650 ordinal=0 kernel=owner_pack_faces threads=1533387 begin_tick=1990842272702250 end_tick=1990842272753208 ms_per_tick=9.9999999999999995e-07 device_ms=0.050957999999999996
PRODUCER_KERNEL_V1 stage=0 raw_iteration=2147483650 ordinal=1 kernel=owner_pack_faces threads=1533387 begin_tick=1990842272779583 end_tick=1990842272830708 ms_per_tick=9.9999999999999995e-07 device_ms=0.051124999999999997
PRODUCER_KERNEL_V1 stage=0 raw_iteration=2147483650 ordinal=2 kernel=owner_pack_faces threads=1533387 begin_tick=1990842272915250 end_tick=1990842273018458 ms_per_tick=9.9999999999999995e-07 device_ms=0.10320799999999999
PRODUCER_KERNEL_V1 stage=0 raw_iteration=2147483650 ordinal=3 kernel=fct_extract_gas_density threads=504666 begin_tick=1990842272926458 end_tick=1990842272976916 ms_per_tick=9.9999999999999995e-07 device_ms=0.050457999999999996
PRODUCER_KERNEL_V1 stage=0 raw_iteration=2147483650 ordinal=4 kernel=owner_gas_source threads=504666 begin_tick=1990842272976916 end_tick=1990842273023250 ms_per_tick=9.9999999999999995e-07 device_ms=0.046334
PRODUCER_KERNEL_V1 stage=0 raw_iteration=2147483650 ordinal=5 kernel=evaluate_resident_transport threads=504666 begin_tick=1990842273095125 end_tick=1990842273545875 ms_per_tick=9.9999999999999995e-07 device_ms=0.45074999999999998
PRODUCER_KERNEL_V1 stage=0 raw_iteration=2147483650 ordinal=6 kernel=identify_resident_transport threads=1 begin_tick=1990842273546291 end_tick=1990842273549250 ms_per_tick=9.9999999999999995e-07 device_ms=0.0029589999999999998
PRODUCER_KERNEL_V1 stage=0 raw_iteration=2147483650 ordinal=7 kernel=owner_bind_transport threads=1 begin_tick=1990842273549833 end_tick=1990842273553833 ms_per_tick=9.9999999999999995e-07 device_ms=0.0040000000000000001
PRODUCER_KERNEL_V1 stage=0 raw_iteration=2147483650 ordinal=8 kernel=identify_resident_owner_endpoint_class threads=1 begin_tick=1990842273554458 end_tick=1990842273557833 ms_per_tick=9.9999999999999995e-07 device_ms=0.003375
PRODUCER_KERNEL_V1 stage=0 raw_iteration=2147483650 ordinal=9 kernel=evaluate_resident_physical_flux threads=1533387 begin_tick=1990842274559083 end_tick=1990842275666291 ms_per_tick=9.9999999999999995e-07 device_ms=1.107208
PRODUCER_KERNEL_V1 stage=0 raw_iteration=2147483650 ordinal=10 kernel=evaluate_resident_advective_pair threads=13800483 begin_tick=1990842276028291 end_tick=1990842283365041 ms_per_tick=9.9999999999999995e-07 device_ms=7.3367499999999994
PRODUCER_KERNEL_V1 stage=0 raw_iteration=2147483650 ordinal=11 kernel=finalize_resident_advective_high threads=13800483 begin_tick=1990842283365833 end_tick=1990842283784291 ms_per_tick=9.9999999999999995e-07 device_ms=0.418458
PRODUCER_KERNEL_V1 stage=0 raw_iteration=2147483650 ordinal=12 kernel=compose_resident_flux_pair threads=13800483 begin_tick=1990842283784666 end_tick=1990842284675583 ms_per_tick=9.9999999999999995e-07 device_ms=0.89091699999999996
PRODUCER_KERNEL_V1 stage=0 raw_iteration=2147483650 ordinal=13 kernel=validate_resident_physical_flux threads=13800483 begin_tick=1990842284675916 end_tick=1990842285507791 ms_per_tick=9.9999999999999995e-07 device_ms=0.83187499999999992
PRODUCER_KERNEL_V1 stage=0 raw_iteration=2147483650 ordinal=14 kernel=identify_resident_physical_flux threads=32 begin_tick=1990842285508541 end_tick=1990842285511875 ms_per_tick=9.9999999999999995e-07 device_ms=0.0033339999999999997
PRODUCER_KERNEL_V1 stage=0 raw_iteration=2147483650 ordinal=15 kernel=fct_build_ratios threads=5551326 begin_tick=1990842285512416 end_tick=1990842289329583 ms_per_tick=9.9999999999999995e-07 device_ms=3.817167
PRODUCER_KERNEL_V1 stage=0 raw_iteration=2147483650 ordinal=16 kernel=fct_build_face_alpha threads=1533387 begin_tick=1990842289330125 end_tick=1990842289598541 ms_per_tick=9.9999999999999995e-07 device_ms=0.26841599999999999
PRODUCER_KERNEL_V1 stage=0 raw_iteration=2147483650 ordinal=17 kernel=fct_commit_scalar threads=504666 begin_tick=1990842289599000 end_tick=1990842289788625 ms_per_tick=9.9999999999999995e-07 device_ms=0.18962499999999999
PRODUCER_KERNEL_V1 stage=0 raw_iteration=2147483650 ordinal=18 kernel=owner_bind_candidate threads=1 begin_tick=1990842289789208 end_tick=1990842289793375 ms_per_tick=9.9999999999999995e-07 device_ms=0.0041669999999999997
PRODUCER_KERNEL_V1 stage=0 raw_iteration=2147483650 ordinal=19 kernel=finalize_resident_eos_candidate threads=1 begin_tick=1990842289793958 end_tick=1990842289796416 ms_per_tick=9.9999999999999995e-07 device_ms=0.0024579999999999997
PRODUCER_KERNEL_V1 stage=0 raw_iteration=2147483650 ordinal=20 kernel=build_eos_endpoint_table threads=14 begin_tick=1990842289796916 end_tick=1990842290088375 ms_per_tick=9.9999999999999995e-07 device_ms=0.29145899999999997
PRODUCER_KERNEL_V1 stage=0 raw_iteration=2147483650 ordinal=21 kernel=evaluate_resident_eos_candidate threads=504666 begin_tick=1990842290088666 end_tick=1990842353147291 ms_per_tick=9.9999999999999995e-07 device_ms=63.058624999999999
PRODUCER_KERNEL_V1 stage=0 raw_iteration=2147483650 ordinal=22 kernel=finalize_resident_eos_candidate threads=1 begin_tick=1990842353162500 end_tick=1990842353165625 ms_per_tick=9.9999999999999995e-07 device_ms=0.0031249999999999997
PRODUCER_KERNEL_V1 stage=0 raw_iteration=2147483650 ordinal=23 kernel=identify_resident_eos threads=1 begin_tick=1990842353165958 end_tick=1990842353168875 ms_per_tick=9.9999999999999995e-07 device_ms=0.0029169999999999999
PRODUCER_KERNEL_V1 stage=0 raw_iteration=2147483650 ordinal=24 kernel=produce_resident_frozen_source threads=504666 begin_tick=1990842353169208 end_tick=1990842353201208 ms_per_tick=9.9999999999999995e-07 device_ms=0.032000000000000001
PRODUCER_KERNEL_V1 stage=0 raw_iteration=2147483650 ordinal=25 kernel=identify_resident_frozen_source threads=1 begin_tick=1990842353201625 end_tick=1990842353207791 ms_per_tick=9.9999999999999995e-07 device_ms=0.0061659999999999996
PRODUCER_KERNEL_V1 stage=0 raw_iteration=2147483650 ordinal=26 kernel=evaluate_resident_target_terms threads=504666 begin_tick=1990842353208250 end_tick=1990842467384583 ms_per_tick=9.9999999999999995e-07 device_ms=114.176333
PRODUCER_KERNEL_V1 stage=0 raw_iteration=2147483650 ordinal=27 kernel=finalize_resident_target threads=1 begin_tick=1990842467399291 end_tick=1990842467405291 ms_per_tick=9.9999999999999995e-07 device_ms=0.0060000000000000001
PRODUCER_KERNEL_V1 stage=0 raw_iteration=2147483650 ordinal=28 kernel=identify_resident_target threads=1 begin_tick=1990842467405625 end_tick=1990842467408625 ms_per_tick=9.9999999999999995e-07 device_ms=0.0030000000000000001
PRODUCER_KERNEL_V1 stage=0 raw_iteration=2147483650 ordinal=29 kernel=issue_resident_projection_consumer threads=1 begin_tick=1990842467409041 end_tick=1990842467413625 ms_per_tick=9.9999999999999995e-07 device_ms=0.0045839999999999995
PRODUCER_KERNEL_V1 stage=0 raw_iteration=2147483650 ordinal=30 kernel=consume_resident_target threads=1 begin_tick=1990842467414500 end_tick=1990842467418416 ms_per_tick=9.9999999999999995e-07 device_ms=0.0039160000000000002
PRODUCER_KERNEL_V1 stage=0 raw_iteration=2147483650 ordinal=31 kernel=owner_compose_target threads=504666 begin_tick=1990842467418750 end_tick=1990842467498208 ms_per_tick=9.9999999999999995e-07 device_ms=0.079458000000000001
PRODUCER_KERNEL_V1 stage=0 raw_iteration=2147483650 ordinal=32 kernel=finalize_resident_target threads=1 begin_tick=1990842467498500 end_tick=1990842467500958 ms_per_tick=9.9999999999999995e-07 device_ms=0.0024579999999999997
PRODUCER_KERNEL_V1 stage=0 raw_iteration=2147483650 ordinal=33 kernel=owner_identify_target threads=1 begin_tick=1990842467501375 end_tick=1990842467504583 ms_per_tick=9.9999999999999995e-07 device_ms=0.0032079999999999999
PRODUCER_KERNEL_V1 stage=0 raw_iteration=2147483650 ordinal=34 kernel=issue_resident_projection_consumer threads=1 begin_tick=1990842467505000 end_tick=1990842467508125 ms_per_tick=9.9999999999999995e-07 device_ms=0.0031249999999999997
PRODUCER_KERNEL_V1 stage=0 raw_iteration=2147483650 ordinal=35 kernel=consume_resident_target threads=1 begin_tick=1990842467508500 end_tick=1990842467511875 ms_per_tick=9.9999999999999995e-07 device_ms=0.003375
PRODUCER_KERNEL_V1 stage=0 raw_iteration=2147483650 ordinal=36 kernel=owner_issue_stage_seal threads=1 begin_tick=1990842467512291 end_tick=1990842467515208 ms_per_tick=9.9999999999999995e-07 device_ms=0.0029169999999999999
PRODUCER_KERNEL_V1 stage=0 raw_iteration=2147483650 ordinal=37 kernel=fct_compatible_stage_rate threads=1533387 begin_tick=1990842467515708 end_tick=1990842468024083 ms_per_tick=9.9999999999999995e-07 device_ms=0.50837500000000002
PRODUCER_KERNEL_V1 stage=0 raw_iteration=2147483650 ordinal=38 kernel=owner_predict_momentum threads=1533387 begin_tick=1990842468024750 end_tick=1990842468074208 ms_per_tick=9.9999999999999995e-07 device_ms=0.049457999999999995
RISE_FIRE_OWNER_PROFILE_V1 {"scope":33,"parent":28,"phase":"BuildStageProducerGroup","stage":0,"raw_iteration":2147483650,"iteration_kind":"terminal","wall_ms":276.279500000,"device_sum_ms":195.511083351,"wall_minus_device_ms":80.768416649,"exclusive_wall_ms":276.279500000,"exclusive_device_sum_ms":195.511083351,"child_observer_wall_ms":0.000000000,"count_scope":"inclusive","owner_commits":1,"projection_invocations":0}
RISE_FIRE_OWNER_PROFILE_V1 {"scope":34,"parent":28,"phase":"AlphaResidual","stage":0,"raw_iteration":2147483650,"iteration_kind":"terminal","wall_ms":0.221500000,"device_sum_ms":0.051374780,"wall_minus_device_ms":0.170125220,"exclusive_wall_ms":0.221500000,"exclusive_device_sum_ms":0.051374780,"child_observer_wall_ms":0.000000000,"count_scope":"inclusive","owner_commits":1,"projection_invocations":0}
RISE_FIRE_OWNER_PROFILE_V1 {"scope":35,"parent":28,"phase":"Residual","stage":0,"raw_iteration":2147483650,"iteration_kind":"terminal","wall_ms":0.285250000,"device_sum_ms":0.110500026,"wall_minus_device_ms":0.174749974,"exclusive_wall_ms":0.285250000,"exclusive_device_sum_ms":0.110500026,"child_observer_wall_ms":0.000000000,"count_scope":"inclusive","owner_commits":1,"projection_invocations":0}
RISE_FIRE_OWNER_PROFILE_V1 {"scope":28,"parent":21,"phase":"TerminalVerification","stage":0,"raw_iteration":2147483650,"iteration_kind":"terminal","wall_ms":289.493083000,"device_sum_ms":204.847041285,"wall_minus_device_ms":84.646041715,"exclusive_wall_ms":0.003665000,"exclusive_device_sum_ms":0.000000000,"child_observer_wall_ms":0.029460000,"count_scope":"inclusive","owner_commits":7,"projection_invocations":1}
RISE_FIRE_OWNER_PROFILE_V1 {"scope":21,"parent":3,"phase":"PicardIteration","stage":0,"raw_iteration":2,"iteration_kind":"picard","wall_ms":580.843542000,"device_sum_ms":409.341249848,"wall_minus_device_ms":171.502292152,"exclusive_wall_ms":0.374002000,"exclusive_device_sum_ms":0.000000000,"child_observer_wall_ms":0.030292000,"count_scope":"inclusive","owner_commits":13,"projection_invocations":2}
RISE_FIRE_OWNER_PROFILE_V1 {"scope":3,"parent":1,"phase":"SolveStage","stage":0,"raw_iteration":4294967295,"iteration_kind":"bootstrap","wall_ms":1481.272250000,"device_sum_ms":1050.215292023,"wall_minus_device_ms":431.056957977,"exclusive_wall_ms":1.532376000,"exclusive_device_sum_ms":0.000000000,"child_observer_wall_ms":0.024250000,"count_scope":"inclusive","owner_commits":28,"projection_invocations":5}
RISE_FIRE_OWNER_PROFILE_V1 {"scope":38,"parent":37,"phase":"ProjectionAdapter","stage":1,"raw_iteration":4294967295,"iteration_kind":"bootstrap","wall_ms":11.425458000,"device_sum_ms":8.663958171,"wall_minus_device_ms":2.761499829,"exclusive_wall_ms":11.425458000,"exclusive_device_sum_ms":8.663958171,"child_observer_wall_ms":0.000000000,"count_scope":"inclusive","owner_commits":0,"projection_invocations":1}
RISE_FIRE_OWNER_PROFILE_V1 {"scope":37,"parent":36,"phase":"Project","stage":1,"raw_iteration":4294967295,"iteration_kind":"bootstrap","wall_ms":12.042459000,"device_sum_ms":8.711583214,"wall_minus_device_ms":3.330875786,"exclusive_wall_ms":0.611709000,"exclusive_device_sum_ms":0.047625042,"child_observer_wall_ms":0.005292000,"count_scope":"inclusive","owner_commits":2,"projection_invocations":1}
PRODUCER_COMMAND_V1 stage=1 raw_iteration=4294967295 cpu_begin=1990842482841708 cpu_end=1990842763465000 gpu_begin=1990842482841708 gpu_end=1990842763465000 device_ms=198.86658317409456 encoders=42 interval_scope=possibly_overlapping
PRODUCER_KERNEL_V1 stage=1 raw_iteration=4294967295 ordinal=0 kernel=owner_pack_faces threads=1533387 begin_tick=1990842564469333 end_tick=1990842564532791 ms_per_tick=9.9999999999999995e-07 device_ms=0.063458000000000001
PRODUCER_KERNEL_V1 stage=1 raw_iteration=4294967295 ordinal=1 kernel=owner_pack_faces threads=1533387 begin_tick=1990842564532791 end_tick=1990842564882500 ms_per_tick=9.9999999999999995e-07 device_ms=0.34970899999999999
PRODUCER_KERNEL_V1 stage=1 raw_iteration=4294967295 ordinal=2 kernel=owner_pack_faces threads=1533387 begin_tick=1990842564467208 end_tick=1990842564532958 ms_per_tick=9.9999999999999995e-07 device_ms=0.065750000000000003
PRODUCER_KERNEL_V1 stage=1 raw_iteration=4294967295 ordinal=3 kernel=fct_extract_gas_density threads=504666 begin_tick=1990842564533333 end_tick=1990842564593166 ms_per_tick=9.9999999999999995e-07 device_ms=0.059832999999999997
PRODUCER_KERNEL_V1 stage=1 raw_iteration=4294967295 ordinal=4 kernel=owner_gas_source threads=504666 begin_tick=1990842564883000 end_tick=1990842565048875 ms_per_tick=9.9999999999999995e-07 device_ms=0.16587499999999999
PRODUCER_KERNEL_V1 stage=1 raw_iteration=4294967295 ordinal=5 kernel=evaluate_resident_transport threads=504666 begin_tick=1990842564593166 end_tick=1990842565059583 ms_per_tick=9.9999999999999995e-07 device_ms=0.46641699999999997
PRODUCER_KERNEL_V1 stage=1 raw_iteration=4294967295 ordinal=6 kernel=identify_resident_transport threads=1 begin_tick=1990842565060000 end_tick=1990842565063125 ms_per_tick=9.9999999999999995e-07 device_ms=0.0031249999999999997
PRODUCER_KERNEL_V1 stage=1 raw_iteration=4294967295 ordinal=7 kernel=owner_bind_transport threads=1 begin_tick=1990842565063708 end_tick=1990842565067583 ms_per_tick=9.9999999999999995e-07 device_ms=0.003875
PRODUCER_KERNEL_V1 stage=1 raw_iteration=4294967295 ordinal=8 kernel=identify_resident_owner_endpoint_class threads=1 begin_tick=1990842565067875 end_tick=1990842565071875 ms_per_tick=9.9999999999999995e-07 device_ms=0.0040000000000000001
PRODUCER_KERNEL_V1 stage=1 raw_iteration=4294967295 ordinal=9 kernel=evaluate_resident_physical_flux threads=1533387 begin_tick=1990842565895625 end_tick=1990842567012333 ms_per_tick=9.9999999999999995e-07 device_ms=1.116708
PRODUCER_KERNEL_V1 stage=1 raw_iteration=4294967295 ordinal=10 kernel=evaluate_resident_advective_pair threads=13800483 begin_tick=1990842567288208 end_tick=1990842574664791 ms_per_tick=9.9999999999999995e-07 device_ms=7.3765829999999992
PRODUCER_KERNEL_V1 stage=1 raw_iteration=4294967295 ordinal=11 kernel=finalize_resident_advective_high threads=13800483 begin_tick=1990842574710250 end_tick=1990842575295833 ms_per_tick=9.9999999999999995e-07 device_ms=0.58558299999999996
PRODUCER_KERNEL_V1 stage=1 raw_iteration=4294967295 ordinal=12 kernel=compose_resident_flux_pair threads=13800483 begin_tick=1990842575296208 end_tick=1990842576181875 ms_per_tick=9.9999999999999995e-07 device_ms=0.88566699999999998
PRODUCER_KERNEL_V1 stage=1 raw_iteration=4294967295 ordinal=13 kernel=validate_resident_physical_flux threads=13800483 begin_tick=1990842576182541 end_tick=1990842577019750 ms_per_tick=9.9999999999999995e-07 device_ms=0.83720899999999998
PRODUCER_KERNEL_V1 stage=1 raw_iteration=4294967295 ordinal=14 kernel=identify_resident_physical_flux threads=32 begin_tick=1990842577020375 end_tick=1990842577023833 ms_per_tick=9.9999999999999995e-07 device_ms=0.0034579999999999997
PRODUCER_KERNEL_V1 stage=1 raw_iteration=4294967295 ordinal=15 kernel=owner_average_flux threads=13800483 begin_tick=1990842577024333 end_tick=1990842577819375 ms_per_tick=9.9999999999999995e-07 device_ms=0.79504199999999992
PRODUCER_KERNEL_V1 stage=1 raw_iteration=4294967295 ordinal=16 kernel=owner_bind_averaged_flux threads=1 begin_tick=1990842577819875 end_tick=1990842577823625 ms_per_tick=9.9999999999999995e-07 device_ms=0.0037499999999999999
PRODUCER_KERNEL_V1 stage=1 raw_iteration=4294967295 ordinal=17 kernel=fct_build_ratios threads=5551326 begin_tick=1990842577824208 end_tick=1990842581415750 ms_per_tick=9.9999999999999995e-07 device_ms=3.591542
PRODUCER_KERNEL_V1 stage=1 raw_iteration=4294967295 ordinal=18 kernel=fct_build_face_alpha threads=1533387 begin_tick=1990842581416458 end_tick=1990842581684916 ms_per_tick=9.9999999999999995e-07 device_ms=0.26845799999999997
PRODUCER_KERNEL_V1 stage=1 raw_iteration=4294967295 ordinal=19 kernel=fct_commit_scalar threads=504666 begin_tick=1990842581685583 end_tick=1990842581875416 ms_per_tick=9.9999999999999995e-07 device_ms=0.189833
PRODUCER_KERNEL_V1 stage=1 raw_iteration=4294967295 ordinal=20 kernel=owner_bind_candidate threads=1 begin_tick=1990842581875958 end_tick=1990842581879916 ms_per_tick=9.9999999999999995e-07 device_ms=0.0039579999999999997
PRODUCER_KERNEL_V1 stage=1 raw_iteration=4294967295 ordinal=21 kernel=finalize_resident_eos_candidate threads=1 begin_tick=1990842581880458 end_tick=1990842581882833 ms_per_tick=9.9999999999999995e-07 device_ms=0.0023749999999999999
PRODUCER_KERNEL_V1 stage=1 raw_iteration=4294967295 ordinal=22 kernel=build_eos_endpoint_table threads=14 begin_tick=1990842581883291 end_tick=1990842582174875 ms_per_tick=9.9999999999999995e-07 device_ms=0.29158400000000001
PRODUCER_KERNEL_V1 stage=1 raw_iteration=4294967295 ordinal=23 kernel=evaluate_resident_eos_candidate threads=504666 begin_tick=1990842582175208 end_tick=1990842647971916 ms_per_tick=9.9999999999999995e-07 device_ms=65.796707999999995
PRODUCER_KERNEL_V1 stage=1 raw_iteration=4294967295 ordinal=24 kernel=finalize_resident_eos_candidate threads=1 begin_tick=1990842647986541 end_tick=1990842647989083 ms_per_tick=9.9999999999999995e-07 device_ms=0.002542
PRODUCER_KERNEL_V1 stage=1 raw_iteration=4294967295 ordinal=25 kernel=identify_resident_eos threads=1 begin_tick=1990842647989500 end_tick=1990842647992166 ms_per_tick=9.9999999999999995e-07 device_ms=0.002666
PRODUCER_KERNEL_V1 stage=1 raw_iteration=4294967295 ordinal=26 kernel=produce_resident_frozen_source threads=504666 begin_tick=1990842647992458 end_tick=1990842648023583 ms_per_tick=9.9999999999999995e-07 device_ms=0.031125
PRODUCER_KERNEL_V1 stage=1 raw_iteration=4294967295 ordinal=27 kernel=identify_resident_frozen_source threads=1 begin_tick=1990842648023916 end_tick=1990842648026791 ms_per_tick=9.9999999999999995e-07 device_ms=0.002875
PRODUCER_KERNEL_V1 stage=1 raw_iteration=4294967295 ordinal=28 kernel=evaluate_resident_target_terms threads=504666 begin_tick=1990842648027208 end_tick=1990842762082125 ms_per_tick=9.9999999999999995e-07 device_ms=114.05491699999999
PRODUCER_KERNEL_V1 stage=1 raw_iteration=4294967295 ordinal=29 kernel=finalize_resident_target threads=1 begin_tick=1990842762096666 end_tick=1990842762099666 ms_per_tick=9.9999999999999995e-07 device_ms=0.0030000000000000001
PRODUCER_KERNEL_V1 stage=1 raw_iteration=4294967295 ordinal=30 kernel=identify_resident_target threads=1 begin_tick=1990842762100000 end_tick=1990842762103083 ms_per_tick=9.9999999999999995e-07 device_ms=0.0030829999999999998
PRODUCER_KERNEL_V1 stage=1 raw_iteration=4294967295 ordinal=31 kernel=issue_resident_projection_consumer threads=1 begin_tick=1990842762103500 end_tick=1990842762107958 ms_per_tick=9.9999999999999995e-07 device_ms=0.0044580000000000002
PRODUCER_KERNEL_V1 stage=1 raw_iteration=4294967295 ordinal=32 kernel=consume_resident_target threads=1 begin_tick=1990842762108375 end_tick=1990842762112416 ms_per_tick=9.9999999999999995e-07 device_ms=0.0040409999999999995
PRODUCER_KERNEL_V1 stage=1 raw_iteration=4294967295 ordinal=33 kernel=owner_compose_target threads=504666 begin_tick=1990842762112833 end_tick=1990842762145625 ms_per_tick=9.9999999999999995e-07 device_ms=0.032792000000000002
PRODUCER_KERNEL_V1 stage=1 raw_iteration=4294967295 ordinal=34 kernel=finalize_resident_target threads=1 begin_tick=1990842762146083 end_tick=1990842762148541 ms_per_tick=9.9999999999999995e-07 device_ms=0.0024579999999999997
PRODUCER_KERNEL_V1 stage=1 raw_iteration=4294967295 ordinal=35 kernel=owner_identify_target threads=1 begin_tick=1990842762149000 end_tick=1990842762152291 ms_per_tick=9.9999999999999995e-07 device_ms=0.0032909999999999997
PRODUCER_KERNEL_V1 stage=1 raw_iteration=4294967295 ordinal=36 kernel=issue_resident_projection_consumer threads=1 begin_tick=1990842762152666 end_tick=1990842762155750 ms_per_tick=9.9999999999999995e-07 device_ms=0.0030839999999999999
PRODUCER_KERNEL_V1 stage=1 raw_iteration=4294967295 ordinal=37 kernel=consume_resident_target threads=1 begin_tick=1990842762156125 end_tick=1990842762159416 ms_per_tick=9.9999999999999995e-07 device_ms=0.0032909999999999997
PRODUCER_KERNEL_V1 stage=1 raw_iteration=4294967295 ordinal=38 kernel=owner_issue_stage_seal threads=1 begin_tick=1990842762159833 end_tick=1990842762162875 ms_per_tick=9.9999999999999995e-07 device_ms=0.003042
PRODUCER_KERNEL_V1 stage=1 raw_iteration=4294967295 ordinal=39 kernel=fct_compatible_stage_rate threads=1533387 begin_tick=1990842762163333 end_tick=1990842762709791 ms_per_tick=9.9999999999999995e-07 device_ms=0.546458
PRODUCER_KERNEL_V1 stage=1 raw_iteration=4294967295 ordinal=40 kernel=fct_compatible_stage_rate threads=1533387 begin_tick=1990842762710458 end_tick=1990842763233458 ms_per_tick=9.9999999999999995e-07 device_ms=0.52300000000000002
PRODUCER_KERNEL_V1 stage=1 raw_iteration=4294967295 ordinal=41 kernel=owner_heun_momentum threads=1533387 begin_tick=1990842763233958 end_tick=1990842763327791 ms_per_tick=9.9999999999999995e-07 device_ms=0.093833
RISE_FIRE_OWNER_PROFILE_V1 {"scope":39,"parent":36,"phase":"BuildStageProducerGroup","stage":1,"raw_iteration":4294967295,"iteration_kind":"bootstrap","wall_ms":280.780334000,"device_sum_ms":198.866583174,"wall_minus_device_ms":81.913750826,"exclusive_wall_ms":280.780334000,"exclusive_device_sum_ms":198.866583174,"child_observer_wall_ms":0.000000000,"count_scope":"inclusive","owner_commits":1,"projection_invocations":0}
RISE_FIRE_OWNER_PROFILE_V1 {"scope":42,"parent":41,"phase":"ProjectionAdapter","stage":1,"raw_iteration":0,"iteration_kind":"picard","wall_ms":12.124708000,"device_sum_ms":9.364166763,"wall_minus_device_ms":2.760541237,"exclusive_wall_ms":12.124708000,"exclusive_device_sum_ms":9.364166763,"child_observer_wall_ms":0.000000000,"count_scope":"inclusive","owner_commits":0,"projection_invocations":1}
RISE_FIRE_OWNER_PROFILE_V1 {"scope":41,"parent":40,"phase":"Project","stage":1,"raw_iteration":0,"iteration_kind":"picard","wall_ms":12.733667000,"device_sum_ms":9.411750361,"wall_minus_device_ms":3.321916639,"exclusive_wall_ms":0.600917000,"exclusive_device_sum_ms":0.047583599,"child_observer_wall_ms":0.008042000,"count_scope":"inclusive","owner_commits":2,"projection_invocations":1}
RISE_FIRE_OWNER_PROFILE_V1 {"scope":43,"parent":40,"phase":"ReadOpenClass","stage":1,"raw_iteration":0,"iteration_kind":"picard","wall_ms":0.159542000,"device_sum_ms":0.002375105,"wall_minus_device_ms":0.157166895,"exclusive_wall_ms":0.159542000,"exclusive_device_sum_ms":0.002375105,"child_observer_wall_ms":0.000000000,"count_scope":"inclusive","owner_commits":1,"projection_invocations":0}
RISE_FIRE_OWNER_PROFILE_V1 {"scope":44,"parent":40,"phase":"ReadOpenClass","stage":1,"raw_iteration":0,"iteration_kind":"picard","wall_ms":0.151458000,"device_sum_ms":0.002500135,"wall_minus_device_ms":0.148957865,"exclusive_wall_ms":0.151458000,"exclusive_device_sum_ms":0.002500135,"child_observer_wall_ms":0.000000000,"count_scope":"inclusive","owner_commits":1,"projection_invocations":0}
PRODUCER_COMMAND_V1 stage=1 raw_iteration=0 cpu_begin=1990842776691666 cpu_end=1990843058140375 gpu_begin=1990842776691666 gpu_end=1990843058140375 device_ms=199.87462507560849 encoders=42 interval_scope=possibly_overlapping
PRODUCER_KERNEL_V1 stage=1 raw_iteration=0 ordinal=0 kernel=owner_pack_faces threads=1533387 begin_tick=1990842858188250 end_tick=1990842858246833 ms_per_tick=9.9999999999999995e-07 device_ms=0.058582999999999996
PRODUCER_KERNEL_V1 stage=1 raw_iteration=0 ordinal=1 kernel=owner_pack_faces threads=1533387 begin_tick=1990842858246833 end_tick=1990842858333000 ms_per_tick=9.9999999999999995e-07 device_ms=0.086166999999999994
PRODUCER_KERNEL_V1 stage=1 raw_iteration=0 ordinal=2 kernel=owner_pack_faces threads=1533387 begin_tick=1990842858186666 end_tick=1990842858247000 ms_per_tick=9.9999999999999995e-07 device_ms=0.060333999999999999
PRODUCER_KERNEL_V1 stage=1 raw_iteration=0 ordinal=3 kernel=fct_extract_gas_density threads=504666 begin_tick=1990842858247375 end_tick=1990842858300750 ms_per_tick=9.9999999999999995e-07 device_ms=0.053374999999999999
PRODUCER_KERNEL_V1 stage=1 raw_iteration=0 ordinal=4 kernel=owner_gas_source threads=504666 begin_tick=1990842858333333 end_tick=1990842858376541 ms_per_tick=9.9999999999999995e-07 device_ms=0.043207999999999996
PRODUCER_KERNEL_V1 stage=1 raw_iteration=0 ordinal=5 kernel=evaluate_resident_transport threads=504666 begin_tick=1990842858364583 end_tick=1990842858828375 ms_per_tick=9.9999999999999995e-07 device_ms=0.46379199999999998
PRODUCER_KERNEL_V1 stage=1 raw_iteration=0 ordinal=6 kernel=identify_resident_transport threads=1 begin_tick=1990842858828833 end_tick=1990842858831833 ms_per_tick=9.9999999999999995e-07 device_ms=0.0030000000000000001
PRODUCER_KERNEL_V1 stage=1 raw_iteration=0 ordinal=7 kernel=owner_bind_transport threads=1 begin_tick=1990842858832416 end_tick=1990842858835916 ms_per_tick=9.9999999999999995e-07 device_ms=0.0034999999999999996
PRODUCER_KERNEL_V1 stage=1 raw_iteration=0 ordinal=8 kernel=identify_resident_owner_endpoint_class threads=1 begin_tick=1990842858836333 end_tick=1990842858839625 ms_per_tick=9.9999999999999995e-07 device_ms=0.0032919999999999998
PRODUCER_KERNEL_V1 stage=1 raw_iteration=0 ordinal=9 kernel=evaluate_resident_physical_flux threads=1533387 begin_tick=1990842859755041 end_tick=1990842860872083 ms_per_tick=9.9999999999999995e-07 device_ms=1.1170419999999999
PRODUCER_KERNEL_V1 stage=1 raw_iteration=0 ordinal=10 kernel=evaluate_resident_advective_pair threads=13800483 begin_tick=1990842861112250 end_tick=1990842868240041 ms_per_tick=9.9999999999999995e-07 device_ms=7.1277909999999993
PRODUCER_KERNEL_V1 stage=1 raw_iteration=0 ordinal=11 kernel=finalize_resident_advective_high threads=13800483 begin_tick=1990842868240666 end_tick=1990842868663750 ms_per_tick=9.9999999999999995e-07 device_ms=0.42308399999999996
PRODUCER_KERNEL_V1 stage=1 raw_iteration=0 ordinal=12 kernel=compose_resident_flux_pair threads=13800483 begin_tick=1990842868664083 end_tick=1990842869548500 ms_per_tick=9.9999999999999995e-07 device_ms=0.88441700000000001
PRODUCER_KERNEL_V1 stage=1 raw_iteration=0 ordinal=13 kernel=validate_resident_physical_flux threads=13800483 begin_tick=1990842869549166 end_tick=1990842870609125 ms_per_tick=9.9999999999999995e-07 device_ms=1.0599589999999999
PRODUCER_KERNEL_V1 stage=1 raw_iteration=0 ordinal=14 kernel=identify_resident_physical_flux threads=32 begin_tick=1990842870609916 end_tick=1990842870616875 ms_per_tick=9.9999999999999995e-07 device_ms=0.0069589999999999999
PRODUCER_KERNEL_V1 stage=1 raw_iteration=0 ordinal=15 kernel=owner_average_flux threads=13800483 begin_tick=1990842870618000 end_tick=1990842871421583 ms_per_tick=9.9999999999999995e-07 device_ms=0.80358299999999994
PRODUCER_KERNEL_V1 stage=1 raw_iteration=0 ordinal=16 kernel=owner_bind_averaged_flux threads=1 begin_tick=1990842871422083 end_tick=1990842871425916 ms_per_tick=9.9999999999999995e-07 device_ms=0.003833
PRODUCER_KERNEL_V1 stage=1 raw_iteration=0 ordinal=17 kernel=fct_build_ratios threads=5551326 begin_tick=1990842871426250 end_tick=1990842875229916 ms_per_tick=9.9999999999999995e-07 device_ms=3.8036659999999998
PRODUCER_KERNEL_V1 stage=1 raw_iteration=0 ordinal=18 kernel=fct_build_face_alpha threads=1533387 begin_tick=1990842875230500 end_tick=1990842875498958 ms_per_tick=9.9999999999999995e-07 device_ms=0.26845799999999997
PRODUCER_KERNEL_V1 stage=1 raw_iteration=0 ordinal=19 kernel=fct_commit_scalar threads=504666 begin_tick=1990842875499625 end_tick=1990842875692666 ms_per_tick=9.9999999999999995e-07 device_ms=0.19304099999999999
PRODUCER_KERNEL_V1 stage=1 raw_iteration=0 ordinal=20 kernel=owner_bind_candidate threads=1 begin_tick=1990842875693083 end_tick=1990842875696833 ms_per_tick=9.9999999999999995e-07 device_ms=0.0037499999999999999
PRODUCER_KERNEL_V1 stage=1 raw_iteration=0 ordinal=21 kernel=finalize_resident_eos_candidate threads=1 begin_tick=1990842875697416 end_tick=1990842875699791 ms_per_tick=9.9999999999999995e-07 device_ms=0.0023749999999999999
PRODUCER_KERNEL_V1 stage=1 raw_iteration=0 ordinal=22 kernel=build_eos_endpoint_table threads=14 begin_tick=1990842875700291 end_tick=1990842875990875 ms_per_tick=9.9999999999999995e-07 device_ms=0.29058400000000001
PRODUCER_KERNEL_V1 stage=1 raw_iteration=0 ordinal=23 kernel=evaluate_resident_eos_candidate threads=504666 begin_tick=1990842875991291 end_tick=1990842939615583 ms_per_tick=9.9999999999999995e-07 device_ms=63.624291999999997
PRODUCER_KERNEL_V1 stage=1 raw_iteration=0 ordinal=24 kernel=finalize_resident_eos_candidate threads=1 begin_tick=1990842939630875 end_tick=1990842939633791 ms_per_tick=9.9999999999999995e-07 device_ms=0.0029159999999999998
PRODUCER_KERNEL_V1 stage=1 raw_iteration=0 ordinal=25 kernel=identify_resident_eos threads=1 begin_tick=1990842939634250 end_tick=1990842939636708 ms_per_tick=9.9999999999999995e-07 device_ms=0.0024579999999999997
PRODUCER_KERNEL_V1 stage=1 raw_iteration=0 ordinal=26 kernel=produce_resident_frozen_source threads=504666 begin_tick=1990842939637041 end_tick=1990842939669833 ms_per_tick=9.9999999999999995e-07 device_ms=0.032792000000000002
PRODUCER_KERNEL_V1 stage=1 raw_iteration=0 ordinal=27 kernel=identify_resident_frozen_source threads=1 begin_tick=1990842939670250 end_tick=1990842939673083 ms_per_tick=9.9999999999999995e-07 device_ms=0.002833
PRODUCER_KERNEL_V1 stage=1 raw_iteration=0 ordinal=28 kernel=evaluate_resident_target_terms threads=504666 begin_tick=1990842939673541 end_tick=1990843056745458 ms_per_tick=9.9999999999999995e-07 device_ms=117.071917
PRODUCER_KERNEL_V1 stage=1 raw_iteration=0 ordinal=29 kernel=finalize_resident_target threads=1 begin_tick=1990843056759291 end_tick=1990843056762333 ms_per_tick=9.9999999999999995e-07 device_ms=0.003042
PRODUCER_KERNEL_V1 stage=1 raw_iteration=0 ordinal=30 kernel=identify_resident_target threads=1 begin_tick=1990843056762666 end_tick=1990843056765875 ms_per_tick=9.9999999999999995e-07 device_ms=0.003209
PRODUCER_KERNEL_V1 stage=1 raw_iteration=0 ordinal=31 kernel=issue_resident_projection_consumer threads=1 begin_tick=1990843056766208 end_tick=1990843056770333 ms_per_tick=9.9999999999999995e-07 device_ms=0.0041250000000000002
PRODUCER_KERNEL_V1 stage=1 raw_iteration=0 ordinal=32 kernel=consume_resident_target threads=1 begin_tick=1990843056770625 end_tick=1990843056774708 ms_per_tick=9.9999999999999995e-07 device_ms=0.0040829999999999998
PRODUCER_KERNEL_V1 stage=1 raw_iteration=0 ordinal=33 kernel=owner_compose_target threads=504666 begin_tick=1990843056775041 end_tick=1990843056854458 ms_per_tick=9.9999999999999995e-07 device_ms=0.079417000000000001
PRODUCER_KERNEL_V1 stage=1 raw_iteration=0 ordinal=34 kernel=finalize_resident_target threads=1 begin_tick=1990843056854750 end_tick=1990843056857500 ms_per_tick=9.9999999999999995e-07 device_ms=0.0027499999999999998
PRODUCER_KERNEL_V1 stage=1 raw_iteration=0 ordinal=35 kernel=owner_identify_target threads=1 begin_tick=1990843056857916 end_tick=1990843056860625 ms_per_tick=9.9999999999999995e-07 device_ms=0.002709
PRODUCER_KERNEL_V1 stage=1 raw_iteration=0 ordinal=36 kernel=issue_resident_projection_consumer threads=1 begin_tick=1990843056860958 end_tick=1990843056864041 ms_per_tick=9.9999999999999995e-07 device_ms=0.0030829999999999998
PRODUCER_KERNEL_V1 stage=1 raw_iteration=0 ordinal=37 kernel=consume_resident_target threads=1 begin_tick=1990843056864375 end_tick=1990843056867791 ms_per_tick=9.9999999999999995e-07 device_ms=0.0034159999999999998
PRODUCER_KERNEL_V1 stage=1 raw_iteration=0 ordinal=38 kernel=owner_issue_stage_seal threads=1 begin_tick=1990843056868083 end_tick=1990843056871041 ms_per_tick=9.9999999999999995e-07 device_ms=0.0029579999999999997
PRODUCER_KERNEL_V1 stage=1 raw_iteration=0 ordinal=39 kernel=fct_compatible_stage_rate threads=1533387 begin_tick=1990843056871458 end_tick=1990843057392166 ms_per_tick=9.9999999999999995e-07 device_ms=0.52070799999999995
PRODUCER_KERNEL_V1 stage=1 raw_iteration=0 ordinal=40 kernel=fct_compatible_stage_rate threads=1533387 begin_tick=1990843057392583 end_tick=1990843057894041 ms_per_tick=9.9999999999999995e-07 device_ms=0.50145799999999996
PRODUCER_KERNEL_V1 stage=1 raw_iteration=0 ordinal=41 kernel=owner_heun_momentum threads=1533387 begin_tick=1990843057894458 end_tick=1990843058055250 ms_per_tick=9.9999999999999995e-07 device_ms=0.16079199999999999
RISE_FIRE_OWNER_PROFILE_V1 {"scope":45,"parent":40,"phase":"BuildStageProducerGroup","stage":1,"raw_iteration":0,"iteration_kind":"picard","wall_ms":281.578875000,"device_sum_ms":199.874625076,"wall_minus_device_ms":81.704249924,"exclusive_wall_ms":281.578875000,"exclusive_device_sum_ms":199.874625076,"child_observer_wall_ms":0.000000000,"count_scope":"inclusive","owner_commits":1,"projection_invocations":0}
RISE_FIRE_OWNER_PROFILE_V1 {"scope":46,"parent":40,"phase":"Residual","stage":1,"raw_iteration":0,"iteration_kind":"picard","wall_ms":0.197834000,"device_sum_ms":0.022500055,"wall_minus_device_ms":0.175333945,"exclusive_wall_ms":0.197834000,"exclusive_device_sum_ms":0.022500055,"child_observer_wall_ms":0.000000000,"count_scope":"inclusive","owner_commits":1,"projection_invocations":0}
RISE_FIRE_OWNER_PROFILE_V1 {"scope":40,"parent":36,"phase":"PicardIteration","stage":1,"raw_iteration":0,"iteration_kind":"picard","wall_ms":295.241459000,"device_sum_ms":209.313750733,"wall_minus_device_ms":85.927708267,"exclusive_wall_ms":0.391251000,"exclusive_device_sum_ms":0.000000000,"child_observer_wall_ms":0.028832000,"count_scope":"inclusive","owner_commits":6,"projection_invocations":1}
RISE_FIRE_OWNER_PROFILE_V1 {"scope":49,"parent":48,"phase":"ProjectionAdapter","stage":1,"raw_iteration":1,"iteration_kind":"picard","wall_ms":11.771750000,"device_sum_ms":9.022833547,"wall_minus_device_ms":2.748916453,"exclusive_wall_ms":11.771750000,"exclusive_device_sum_ms":9.022833547,"child_observer_wall_ms":0.000000000,"count_scope":"inclusive","owner_commits":0,"projection_invocations":1}
RISE_FIRE_OWNER_PROFILE_V1 {"scope":48,"parent":47,"phase":"Project","stage":1,"raw_iteration":1,"iteration_kind":"picard","wall_ms":13.225584000,"device_sum_ms":9.068625281,"wall_minus_device_ms":4.156958719,"exclusive_wall_ms":1.447709000,"exclusive_device_sum_ms":0.045791734,"child_observer_wall_ms":0.006125000,"count_scope":"inclusive","owner_commits":2,"projection_invocations":1}
RISE_FIRE_OWNER_PROFILE_V1 {"scope":50,"parent":47,"phase":"ReadOpenClass","stage":1,"raw_iteration":1,"iteration_kind":"picard","wall_ms":0.148875000,"device_sum_ms":0.002500135,"wall_minus_device_ms":0.146374865,"exclusive_wall_ms":0.148875000,"exclusive_device_sum_ms":0.002500135,"child_observer_wall_ms":0.000000000,"count_scope":"inclusive","owner_commits":1,"projection_invocations":0}
RISE_FIRE_OWNER_PROFILE_V1 {"scope":51,"parent":47,"phase":"ReadOpenClass","stage":1,"raw_iteration":1,"iteration_kind":"picard","wall_ms":0.136292000,"device_sum_ms":0.002374873,"wall_minus_device_ms":0.133917127,"exclusive_wall_ms":0.136292000,"exclusive_device_sum_ms":0.002374873,"child_observer_wall_ms":0.000000000,"count_scope":"inclusive","owner_commits":1,"projection_invocations":0}
PRODUCER_COMMAND_V1 stage=1 raw_iteration=1 cpu_begin=1990843072399083 cpu_end=1990843351936791 gpu_begin=1990843072399083 gpu_end=1990843351936791 device_ms=198.41274991631508 encoders=42 interval_scope=possibly_overlapping
PRODUCER_KERNEL_V1 stage=1 raw_iteration=1 ordinal=0 kernel=owner_pack_faces threads=1533387 begin_tick=1990843153428416 end_tick=1990843153514375 ms_per_tick=9.9999999999999995e-07 device_ms=0.085958999999999994
PRODUCER_KERNEL_V1 stage=1 raw_iteration=1 ordinal=1 kernel=owner_pack_faces threads=1533387 begin_tick=1990843153591791 end_tick=1990843153641375 ms_per_tick=9.9999999999999995e-07 device_ms=0.049583999999999996
PRODUCER_KERNEL_V1 stage=1 raw_iteration=1 ordinal=2 kernel=owner_pack_faces threads=1533387 begin_tick=1990843153690625 end_tick=1990843153763500 ms_per_tick=9.9999999999999995e-07 device_ms=0.072874999999999995
PRODUCER_KERNEL_V1 stage=1 raw_iteration=1 ordinal=3 kernel=fct_extract_gas_density threads=504666 begin_tick=1990843153715291 end_tick=1990843153755416 ms_per_tick=9.9999999999999995e-07 device_ms=0.040125000000000001
PRODUCER_KERNEL_V1 stage=1 raw_iteration=1 ordinal=4 kernel=owner_gas_source threads=504666 begin_tick=1990843153764125 end_tick=1990843153805875 ms_per_tick=9.9999999999999995e-07 device_ms=0.041749999999999995
PRODUCER_KERNEL_V1 stage=1 raw_iteration=1 ordinal=5 kernel=evaluate_resident_transport threads=504666 begin_tick=1990843153890666 end_tick=1990843154344291 ms_per_tick=9.9999999999999995e-07 device_ms=0.453625
PRODUCER_KERNEL_V1 stage=1 raw_iteration=1 ordinal=6 kernel=identify_resident_transport threads=1 begin_tick=1990843154344666 end_tick=1990843154347708 ms_per_tick=9.9999999999999995e-07 device_ms=0.003042
PRODUCER_KERNEL_V1 stage=1 raw_iteration=1 ordinal=7 kernel=owner_bind_transport threads=1 begin_tick=1990843154348250 end_tick=1990843154351708 ms_per_tick=9.9999999999999995e-07 device_ms=0.0034579999999999997
PRODUCER_KERNEL_V1 stage=1 raw_iteration=1 ordinal=8 kernel=identify_resident_owner_endpoint_class threads=1 begin_tick=1990843154352125 end_tick=1990843154355208 ms_per_tick=9.9999999999999995e-07 device_ms=0.0030829999999999998
PRODUCER_KERNEL_V1 stage=1 raw_iteration=1 ordinal=9 kernel=evaluate_resident_physical_flux threads=1533387 begin_tick=1990843155385833 end_tick=1990843156505208 ms_per_tick=9.9999999999999995e-07 device_ms=1.119375
PRODUCER_KERNEL_V1 stage=1 raw_iteration=1 ordinal=10 kernel=evaluate_resident_advective_pair threads=13800483 begin_tick=1990843156811416 end_tick=1990843164005625 ms_per_tick=9.9999999999999995e-07 device_ms=7.1942089999999999
PRODUCER_KERNEL_V1 stage=1 raw_iteration=1 ordinal=11 kernel=finalize_resident_advective_high threads=13800483 begin_tick=1990843164006375 end_tick=1990843164426208 ms_per_tick=9.9999999999999995e-07 device_ms=0.41983299999999996
PRODUCER_KERNEL_V1 stage=1 raw_iteration=1 ordinal=12 kernel=compose_resident_flux_pair threads=13800483 begin_tick=1990843164426583 end_tick=1990843165315208 ms_per_tick=9.9999999999999995e-07 device_ms=0.888625
PRODUCER_KERNEL_V1 stage=1 raw_iteration=1 ordinal=13 kernel=validate_resident_physical_flux threads=13800483 begin_tick=1990843165315708 end_tick=1990843166314041 ms_per_tick=9.9999999999999995e-07 device_ms=0.99833299999999991
PRODUCER_KERNEL_V1 stage=1 raw_iteration=1 ordinal=14 kernel=identify_resident_physical_flux threads=32 begin_tick=1990843166314500 end_tick=1990843166318083 ms_per_tick=9.9999999999999995e-07 device_ms=0.0035829999999999998
PRODUCER_KERNEL_V1 stage=1 raw_iteration=1 ordinal=15 kernel=owner_average_flux threads=13800483 begin_tick=1990843166318666 end_tick=1990843167116041 ms_per_tick=9.9999999999999995e-07 device_ms=0.79737499999999994
PRODUCER_KERNEL_V1 stage=1 raw_iteration=1 ordinal=16 kernel=owner_bind_averaged_flux threads=1 begin_tick=1990843167116583 end_tick=1990843167120416 ms_per_tick=9.9999999999999995e-07 device_ms=0.003833
PRODUCER_KERNEL_V1 stage=1 raw_iteration=1 ordinal=17 kernel=fct_build_ratios threads=5551326 begin_tick=1990843167120875 end_tick=1990843170780666 ms_per_tick=9.9999999999999995e-07 device_ms=3.6597909999999998
PRODUCER_KERNEL_V1 stage=1 raw_iteration=1 ordinal=18 kernel=fct_build_face_alpha threads=1533387 begin_tick=1990843170781416 end_tick=1990843171188083 ms_per_tick=9.9999999999999995e-07 device_ms=0.406667
PRODUCER_KERNEL_V1 stage=1 raw_iteration=1 ordinal=19 kernel=fct_commit_scalar threads=504666 begin_tick=1990843171188750 end_tick=1990843171392666 ms_per_tick=9.9999999999999995e-07 device_ms=0.20391599999999999
PRODUCER_KERNEL_V1 stage=1 raw_iteration=1 ordinal=20 kernel=owner_bind_candidate threads=1 begin_tick=1990843171393208 end_tick=1990843171397125 ms_per_tick=9.9999999999999995e-07 device_ms=0.0039169999999999995
PRODUCER_KERNEL_V1 stage=1 raw_iteration=1 ordinal=21 kernel=finalize_resident_eos_candidate threads=1 begin_tick=1990843171397541 end_tick=1990843171400125 ms_per_tick=9.9999999999999995e-07 device_ms=0.0025839999999999999
PRODUCER_KERNEL_V1 stage=1 raw_iteration=1 ordinal=22 kernel=build_eos_endpoint_table threads=14 begin_tick=1990843171400625 end_tick=1990843171690416 ms_per_tick=9.9999999999999995e-07 device_ms=0.28979099999999997
PRODUCER_KERNEL_V1 stage=1 raw_iteration=1 ordinal=23 kernel=evaluate_resident_eos_candidate threads=504666 begin_tick=1990843171690750 end_tick=1990843235477458 ms_per_tick=9.9999999999999995e-07 device_ms=63.786707999999997
PRODUCER_KERNEL_V1 stage=1 raw_iteration=1 ordinal=24 kernel=finalize_resident_eos_candidate threads=1 begin_tick=1990843235493625 end_tick=1990843235496791 ms_per_tick=9.9999999999999995e-07 device_ms=0.003166
PRODUCER_KERNEL_V1 stage=1 raw_iteration=1 ordinal=25 kernel=identify_resident_eos threads=1 begin_tick=1990843235497125 end_tick=1990843235499791 ms_per_tick=9.9999999999999995e-07 device_ms=0.002666
PRODUCER_KERNEL_V1 stage=1 raw_iteration=1 ordinal=26 kernel=produce_resident_frozen_source threads=504666 begin_tick=1990843235500208 end_tick=1990843235530500 ms_per_tick=9.9999999999999995e-07 device_ms=0.030291999999999999
PRODUCER_KERNEL_V1 stage=1 raw_iteration=1 ordinal=27 kernel=identify_resident_frozen_source threads=1 begin_tick=1990843235530875 end_tick=1990843235533958 ms_per_tick=9.9999999999999995e-07 device_ms=0.0030829999999999998
PRODUCER_KERNEL_V1 stage=1 raw_iteration=1 ordinal=28 kernel=evaluate_resident_target_terms threads=504666 begin_tick=1990843235534333 end_tick=1990843350596125 ms_per_tick=9.9999999999999995e-07 device_ms=115.061792
PRODUCER_KERNEL_V1 stage=1 raw_iteration=1 ordinal=29 kernel=finalize_resident_target threads=1 begin_tick=1990843350611500 end_tick=1990843350614708 ms_per_tick=9.9999999999999995e-07 device_ms=0.0032079999999999999
PRODUCER_KERNEL_V1 stage=1 raw_iteration=1 ordinal=30 kernel=identify_resident_target threads=1 begin_tick=1990843350615041 end_tick=1990843350618125 ms_per_tick=9.9999999999999995e-07 device_ms=0.0030839999999999999
PRODUCER_KERNEL_V1 stage=1 raw_iteration=1 ordinal=31 kernel=issue_resident_projection_consumer threads=1 begin_tick=1990843350618541 end_tick=1990843350622625 ms_per_tick=9.9999999999999995e-07 device_ms=0.004084
PRODUCER_KERNEL_V1 stage=1 raw_iteration=1 ordinal=32 kernel=consume_resident_target threads=1 begin_tick=1990843350623500 end_tick=1990843350627416 ms_per_tick=9.9999999999999995e-07 device_ms=0.0039160000000000002
PRODUCER_KERNEL_V1 stage=1 raw_iteration=1 ordinal=33 kernel=owner_compose_target threads=504666 begin_tick=1990843350627833 end_tick=1990843350707750 ms_per_tick=9.9999999999999995e-07 device_ms=0.079917000000000002
PRODUCER_KERNEL_V1 stage=1 raw_iteration=1 ordinal=34 kernel=finalize_resident_target threads=1 begin_tick=1990843350708125 end_tick=1990843350710666 ms_per_tick=9.9999999999999995e-07 device_ms=0.0025409999999999999
PRODUCER_KERNEL_V1 stage=1 raw_iteration=1 ordinal=35 kernel=owner_identify_target threads=1 begin_tick=1990843350711125 end_tick=1990843350714125 ms_per_tick=9.9999999999999995e-07 device_ms=0.0030000000000000001
PRODUCER_KERNEL_V1 stage=1 raw_iteration=1 ordinal=36 kernel=issue_resident_projection_consumer threads=1 begin_tick=1990843350714541 end_tick=1990843350717375 ms_per_tick=9.9999999999999995e-07 device_ms=0.0028339999999999997
PRODUCER_KERNEL_V1 stage=1 raw_iteration=1 ordinal=37 kernel=consume_resident_target threads=1 begin_tick=1990843350717791 end_tick=1990843350721125 ms_per_tick=9.9999999999999995e-07 device_ms=0.0033339999999999997
PRODUCER_KERNEL_V1 stage=1 raw_iteration=1 ordinal=38 kernel=owner_issue_stage_seal threads=1 begin_tick=1990843350721541 end_tick=1990843350724500 ms_per_tick=9.9999999999999995e-07 device_ms=0.0029589999999999998
PRODUCER_KERNEL_V1 stage=1 raw_iteration=1 ordinal=39 kernel=fct_compatible_stage_rate threads=1533387 begin_tick=1990843350725000 end_tick=1990843351226500 ms_per_tick=9.9999999999999995e-07 device_ms=0.50149999999999995
PRODUCER_KERNEL_V1 stage=1 raw_iteration=1 ordinal=40 kernel=fct_compatible_stage_rate threads=1533387 begin_tick=1990843351227208 end_tick=1990843351724541 ms_per_tick=9.9999999999999995e-07 device_ms=0.49733299999999997
PRODUCER_KERNEL_V1 stage=1 raw_iteration=1 ordinal=41 kernel=owner_heun_momentum threads=1533387 begin_tick=1990843351724958 end_tick=1990843351815666 ms_per_tick=9.9999999999999995e-07 device_ms=0.090707999999999997
RISE_FIRE_OWNER_PROFILE_V1 {"scope":52,"parent":47,"phase":"BuildStageProducerGroup","stage":1,"raw_iteration":1,"iteration_kind":"picard","wall_ms":279.701041000,"device_sum_ms":198.412749916,"wall_minus_device_ms":81.288291084,"exclusive_wall_ms":279.701041000,"exclusive_device_sum_ms":198.412749916,"child_observer_wall_ms":0.000000000,"count_scope":"inclusive","owner_commits":1,"projection_invocations":0}
RISE_FIRE_OWNER_PROFILE_V1 {"scope":53,"parent":47,"phase":"Residual","stage":1,"raw_iteration":1,"iteration_kind":"picard","wall_ms":0.333250000,"device_sum_ms":0.115374802,"wall_minus_device_ms":0.217875198,"exclusive_wall_ms":0.333250000,"exclusive_device_sum_ms":0.115374802,"child_observer_wall_ms":0.000000000,"count_scope":"inclusive","owner_commits":1,"projection_invocations":0}
RISE_FIRE_OWNER_PROFILE_V1 {"scope":47,"parent":36,"phase":"PicardIteration","stage":1,"raw_iteration":1,"iteration_kind":"picard","wall_ms":293.974209000,"device_sum_ms":207.601625007,"wall_minus_device_ms":86.372583993,"exclusive_wall_ms":0.404375000,"exclusive_device_sum_ms":0.000000000,"child_observer_wall_ms":0.024792000,"count_scope":"inclusive","owner_commits":6,"projection_invocations":1}
RISE_FIRE_OWNER_PROFILE_V1 {"scope":56,"parent":55,"phase":"ProjectionAdapter","stage":1,"raw_iteration":2,"iteration_kind":"picard","wall_ms":11.667458000,"device_sum_ms":8.875500178,"wall_minus_device_ms":2.791957822,"exclusive_wall_ms":11.667458000,"exclusive_device_sum_ms":8.875500178,"child_observer_wall_ms":0.000000000,"count_scope":"inclusive","owner_commits":0,"projection_invocations":1}
RISE_FIRE_OWNER_PROFILE_V1 {"scope":55,"parent":54,"phase":"Project","stage":1,"raw_iteration":2,"iteration_kind":"picard","wall_ms":13.130042000,"device_sum_ms":8.910208708,"wall_minus_device_ms":4.219833292,"exclusive_wall_ms":1.456542000,"exclusive_device_sum_ms":0.034708530,"child_observer_wall_ms":0.006042000,"count_scope":"inclusive","owner_commits":2,"projection_invocations":1}
RISE_FIRE_OWNER_PROFILE_V1 {"scope":57,"parent":54,"phase":"ReadOpenClass","stage":1,"raw_iteration":2,"iteration_kind":"picard","wall_ms":0.160667000,"device_sum_ms":0.002416782,"wall_minus_device_ms":0.158250218,"exclusive_wall_ms":0.160667000,"exclusive_device_sum_ms":0.002416782,"child_observer_wall_ms":0.000000000,"count_scope":"inclusive","owner_commits":1,"projection_invocations":0}
RISE_FIRE_OWNER_PROFILE_V1 {"scope":58,"parent":54,"phase":"ReadOpenClass","stage":1,"raw_iteration":2,"iteration_kind":"picard","wall_ms":0.150667000,"device_sum_ms":0.002458459,"wall_minus_device_ms":0.148208541,"exclusive_wall_ms":0.150667000,"exclusive_device_sum_ms":0.002458459,"child_observer_wall_ms":0.000000000,"count_scope":"inclusive","owner_commits":1,"projection_invocations":0}
PRODUCER_COMMAND_V1 stage=1 raw_iteration=2 cpu_begin=1990843366308625 cpu_end=1990843646119083 gpu_begin=1990843366308625 gpu_end=1990843646119083 device_ms=198.49933334626257 encoders=42 interval_scope=possibly_overlapping
PRODUCER_KERNEL_V1 stage=1 raw_iteration=2 ordinal=0 kernel=owner_pack_faces threads=1533387 begin_tick=1990843447510041 end_tick=1990843447569916 ms_per_tick=9.9999999999999995e-07 device_ms=0.059874999999999998
PRODUCER_KERNEL_V1 stage=1 raw_iteration=2 ordinal=1 kernel=owner_pack_faces threads=1533387 begin_tick=1990843447569708 end_tick=1990843447897958 ms_per_tick=9.9999999999999995e-07 device_ms=0.32824999999999999
PRODUCER_KERNEL_V1 stage=1 raw_iteration=2 ordinal=2 kernel=owner_pack_faces threads=1533387 begin_tick=1990843447509041 end_tick=1990843447569708 ms_per_tick=9.9999999999999995e-07 device_ms=0.060666999999999999
PRODUCER_KERNEL_V1 stage=1 raw_iteration=2 ordinal=3 kernel=fct_extract_gas_density threads=504666 begin_tick=1990843447570375 end_tick=1990843447616875 ms_per_tick=9.9999999999999995e-07 device_ms=0.0465
PRODUCER_KERNEL_V1 stage=1 raw_iteration=2 ordinal=4 kernel=owner_gas_source threads=504666 begin_tick=1990843447898291 end_tick=1990843448067541 ms_per_tick=9.9999999999999995e-07 device_ms=0.16924999999999998
PRODUCER_KERNEL_V1 stage=1 raw_iteration=2 ordinal=5 kernel=evaluate_resident_transport threads=504666 begin_tick=1990843447616875 end_tick=1990843448076125 ms_per_tick=9.9999999999999995e-07 device_ms=0.45924999999999999
PRODUCER_KERNEL_V1 stage=1 raw_iteration=2 ordinal=6 kernel=identify_resident_transport threads=1 begin_tick=1990843448076541 end_tick=1990843448079416 ms_per_tick=9.9999999999999995e-07 device_ms=0.002875
PRODUCER_KERNEL_V1 stage=1 raw_iteration=2 ordinal=7 kernel=owner_bind_transport threads=1 begin_tick=1990843448080000 end_tick=1990843448083583 ms_per_tick=9.9999999999999995e-07 device_ms=0.0035829999999999998
PRODUCER_KERNEL_V1 stage=1 raw_iteration=2 ordinal=8 kernel=identify_resident_owner_endpoint_class threads=1 begin_tick=1990843448084000 end_tick=1990843448087375 ms_per_tick=9.9999999999999995e-07 device_ms=0.003375
PRODUCER_KERNEL_V1 stage=1 raw_iteration=2 ordinal=9 kernel=evaluate_resident_physical_flux threads=1533387 begin_tick=1990843448986750 end_tick=1990843450097500 ms_per_tick=9.9999999999999995e-07 device_ms=1.1107499999999999
PRODUCER_KERNEL_V1 stage=1 raw_iteration=2 ordinal=10 kernel=evaluate_resident_advective_pair threads=13800483 begin_tick=1990843450343791 end_tick=1990843457688125 ms_per_tick=9.9999999999999995e-07 device_ms=7.3443339999999999
PRODUCER_KERNEL_V1 stage=1 raw_iteration=2 ordinal=11 kernel=finalize_resident_advective_high threads=13800483 begin_tick=1990843457688833 end_tick=1990843458110500 ms_per_tick=9.9999999999999995e-07 device_ms=0.42166699999999996
PRODUCER_KERNEL_V1 stage=1 raw_iteration=2 ordinal=12 kernel=compose_resident_flux_pair threads=13800483 begin_tick=1990843458110875 end_tick=1990843459000458 ms_per_tick=9.9999999999999995e-07 device_ms=0.88958300000000001
PRODUCER_KERNEL_V1 stage=1 raw_iteration=2 ordinal=13 kernel=validate_resident_physical_flux threads=13800483 begin_tick=1990843459001125 end_tick=1990843459829125 ms_per_tick=9.9999999999999995e-07 device_ms=0.82799999999999996
PRODUCER_KERNEL_V1 stage=1 raw_iteration=2 ordinal=14 kernel=identify_resident_physical_flux threads=32 begin_tick=1990843459829708 end_tick=1990843459835625 ms_per_tick=9.9999999999999995e-07 device_ms=0.0059169999999999995
PRODUCER_KERNEL_V1 stage=1 raw_iteration=2 ordinal=15 kernel=owner_average_flux threads=13800483 begin_tick=1990843459836083 end_tick=1990843460855541 ms_per_tick=9.9999999999999995e-07 device_ms=1.019458
PRODUCER_KERNEL_V1 stage=1 raw_iteration=2 ordinal=16 kernel=owner_bind_averaged_flux threads=1 begin_tick=1990843460856041 end_tick=1990843460860000 ms_per_tick=9.9999999999999995e-07 device_ms=0.0039589999999999998
PRODUCER_KERNEL_V1 stage=1 raw_iteration=2 ordinal=17 kernel=fct_build_ratios threads=5551326 begin_tick=1990843460860333 end_tick=1990843464462208 ms_per_tick=9.9999999999999995e-07 device_ms=3.6018749999999997
PRODUCER_KERNEL_V1 stage=1 raw_iteration=2 ordinal=18 kernel=fct_build_face_alpha threads=1533387 begin_tick=1990843464463000 end_tick=1990843464734458 ms_per_tick=9.9999999999999995e-07 device_ms=0.27145799999999998
PRODUCER_KERNEL_V1 stage=1 raw_iteration=2 ordinal=19 kernel=fct_commit_scalar threads=504666 begin_tick=1990843464735166 end_tick=1990843464922791 ms_per_tick=9.9999999999999995e-07 device_ms=0.18762499999999999
PRODUCER_KERNEL_V1 stage=1 raw_iteration=2 ordinal=20 kernel=owner_bind_candidate threads=1 begin_tick=1990843464923333 end_tick=1990843464927041 ms_per_tick=9.9999999999999995e-07 device_ms=0.0037079999999999999
PRODUCER_KERNEL_V1 stage=1 raw_iteration=2 ordinal=21 kernel=finalize_resident_eos_candidate threads=1 begin_tick=1990843464927625 end_tick=1990843464930000 ms_per_tick=9.9999999999999995e-07 device_ms=0.0023749999999999999
PRODUCER_KERNEL_V1 stage=1 raw_iteration=2 ordinal=22 kernel=build_eos_endpoint_table threads=14 begin_tick=1990843464930500 end_tick=1990843465222083 ms_per_tick=9.9999999999999995e-07 device_ms=0.29158299999999998
PRODUCER_KERNEL_V1 stage=1 raw_iteration=2 ordinal=23 kernel=evaluate_resident_eos_candidate threads=504666 begin_tick=1990843465222500 end_tick=1990843530529458 ms_per_tick=9.9999999999999995e-07 device_ms=65.306957999999995
PRODUCER_KERNEL_V1 stage=1 raw_iteration=2 ordinal=24 kernel=finalize_resident_eos_candidate threads=1 begin_tick=1990843530546333 end_tick=1990843530549041 ms_per_tick=9.9999999999999995e-07 device_ms=0.0027079999999999999
PRODUCER_KERNEL_V1 stage=1 raw_iteration=2 ordinal=25 kernel=identify_resident_eos threads=1 begin_tick=1990843530549458 end_tick=1990843530552041 ms_per_tick=9.9999999999999995e-07 device_ms=0.0025829999999999998
PRODUCER_KERNEL_V1 stage=1 raw_iteration=2 ordinal=26 kernel=produce_resident_frozen_source threads=504666 begin_tick=1990843530552458 end_tick=1990843530583250 ms_per_tick=9.9999999999999995e-07 device_ms=0.030792
PRODUCER_KERNEL_V1 stage=1 raw_iteration=2 ordinal=27 kernel=identify_resident_frozen_source threads=1 begin_tick=1990843530583666 end_tick=1990843530586541 ms_per_tick=9.9999999999999995e-07 device_ms=0.002875
PRODUCER_KERNEL_V1 stage=1 raw_iteration=2 ordinal=28 kernel=evaluate_resident_target_terms threads=504666 begin_tick=1990843530587000 end_tick=1990843644774083 ms_per_tick=9.9999999999999995e-07 device_ms=114.187083
PRODUCER_KERNEL_V1 stage=1 raw_iteration=2 ordinal=29 kernel=finalize_resident_target threads=1 begin_tick=1990843644789083 end_tick=1990843644792208 ms_per_tick=9.9999999999999995e-07 device_ms=0.0031249999999999997
PRODUCER_KERNEL_V1 stage=1 raw_iteration=2 ordinal=30 kernel=identify_resident_target threads=1 begin_tick=1990843644792541 end_tick=1990843644798875 ms_per_tick=9.9999999999999995e-07 device_ms=0.0063339999999999994
PRODUCER_KERNEL_V1 stage=1 raw_iteration=2 ordinal=31 kernel=issue_resident_projection_consumer threads=1 begin_tick=1990843644799291 end_tick=1990843644803250 ms_per_tick=9.9999999999999995e-07 device_ms=0.0039589999999999998
PRODUCER_KERNEL_V1 stage=1 raw_iteration=2 ordinal=32 kernel=consume_resident_target threads=1 begin_tick=1990843644803625 end_tick=1990843644807750 ms_per_tick=9.9999999999999995e-07 device_ms=0.0041250000000000002
PRODUCER_KERNEL_V1 stage=1 raw_iteration=2 ordinal=33 kernel=owner_compose_target threads=504666 begin_tick=1990843644808166 end_tick=1990843644887333 ms_per_tick=9.9999999999999995e-07 device_ms=0.079167000000000001
PRODUCER_KERNEL_V1 stage=1 raw_iteration=2 ordinal=34 kernel=finalize_resident_target threads=1 begin_tick=1990843644887666 end_tick=1990843644890875 ms_per_tick=9.9999999999999995e-07 device_ms=0.003209
PRODUCER_KERNEL_V1 stage=1 raw_iteration=2 ordinal=35 kernel=owner_identify_target threads=1 begin_tick=1990843644891166 end_tick=1990843644893875 ms_per_tick=9.9999999999999995e-07 device_ms=0.002709
PRODUCER_KERNEL_V1 stage=1 raw_iteration=2 ordinal=36 kernel=issue_resident_projection_consumer threads=1 begin_tick=1990843644894291 end_tick=1990843644897416 ms_per_tick=9.9999999999999995e-07 device_ms=0.0031249999999999997
PRODUCER_KERNEL_V1 stage=1 raw_iteration=2 ordinal=37 kernel=consume_resident_target threads=1 begin_tick=1990843644897833 end_tick=1990843644901083 ms_per_tick=9.9999999999999995e-07 device_ms=0.0032499999999999999
PRODUCER_KERNEL_V1 stage=1 raw_iteration=2 ordinal=38 kernel=owner_issue_stage_seal threads=1 begin_tick=1990843644901541 end_tick=1990843644904833 ms_per_tick=9.9999999999999995e-07 device_ms=0.0032919999999999998
PRODUCER_KERNEL_V1 stage=1 raw_iteration=2 ordinal=39 kernel=fct_compatible_stage_rate threads=1533387 begin_tick=1990843644905333 end_tick=1990843645414625 ms_per_tick=9.9999999999999995e-07 device_ms=0.50929199999999997
PRODUCER_KERNEL_V1 stage=1 raw_iteration=2 ordinal=40 kernel=fct_compatible_stage_rate threads=1533387 begin_tick=1990843645415458 end_tick=1990843645910083 ms_per_tick=9.9999999999999995e-07 device_ms=0.49462499999999998
PRODUCER_KERNEL_V1 stage=1 raw_iteration=2 ordinal=41 kernel=owner_heun_momentum threads=1533387 begin_tick=1990843645910541 end_tick=1990843646002000 ms_per_tick=9.9999999999999995e-07 device_ms=0.091458999999999999
RISE_FIRE_OWNER_PROFILE_V1 {"scope":59,"parent":54,"phase":"BuildStageProducerGroup","stage":1,"raw_iteration":2,"iteration_kind":"picard","wall_ms":279.964625000,"device_sum_ms":198.499333346,"wall_minus_device_ms":81.465291654,"exclusive_wall_ms":279.964625000,"exclusive_device_sum_ms":198.499333346,"child_observer_wall_ms":0.000000000,"count_scope":"inclusive","owner_commits":1,"projection_invocations":0}
RISE_FIRE_OWNER_PROFILE_V1 {"scope":60,"parent":54,"phase":"Residual","stage":1,"raw_iteration":2,"iteration_kind":"picard","wall_ms":0.303833000,"device_sum_ms":0.115458388,"wall_minus_device_ms":0.188374612,"exclusive_wall_ms":0.303833000,"exclusive_device_sum_ms":0.115458388,"child_observer_wall_ms":0.000000000,"count_scope":"inclusive","owner_commits":1,"projection_invocations":0}
RISE_FIRE_OWNER_PROFILE_V1 {"scope":63,"parent":62,"phase":"ProjectionAdapter","stage":1,"raw_iteration":2147483650,"iteration_kind":"terminal","wall_ms":11.911833000,"device_sum_ms":9.135041619,"wall_minus_device_ms":2.776791381,"exclusive_wall_ms":11.911833000,"exclusive_device_sum_ms":9.135041619,"child_observer_wall_ms":0.000000000,"count_scope":"inclusive","owner_commits":0,"projection_invocations":1}
RISE_FIRE_OWNER_PROFILE_V1 {"scope":62,"parent":61,"phase":"Project","stage":1,"raw_iteration":2147483650,"iteration_kind":"terminal","wall_ms":12.452000000,"device_sum_ms":9.173374856,"wall_minus_device_ms":3.278625144,"exclusive_wall_ms":0.534458000,"exclusive_device_sum_ms":0.038333237,"child_observer_wall_ms":0.005709000,"count_scope":"inclusive","owner_commits":2,"projection_invocations":1}
RISE_FIRE_OWNER_PROFILE_V1 {"scope":64,"parent":61,"phase":"ReadOpenClass","stage":1,"raw_iteration":2147483650,"iteration_kind":"terminal","wall_ms":0.155709000,"device_sum_ms":0.002500135,"wall_minus_device_ms":0.153208865,"exclusive_wall_ms":0.155709000,"exclusive_device_sum_ms":0.002500135,"child_observer_wall_ms":0.000000000,"count_scope":"inclusive","owner_commits":1,"projection_invocations":0}
RISE_FIRE_OWNER_PROFILE_V1 {"scope":65,"parent":61,"phase":"ReadOpenClass","stage":1,"raw_iteration":2147483650,"iteration_kind":"terminal","wall_ms":0.142417000,"device_sum_ms":0.002375105,"wall_minus_device_ms":0.140041895,"exclusive_wall_ms":0.142417000,"exclusive_device_sum_ms":0.002375105,"child_observer_wall_ms":0.000000000,"count_scope":"inclusive","owner_commits":1,"projection_invocations":0}
PRODUCER_COMMAND_V1 stage=1 raw_iteration=2147483650 cpu_begin=1990843659352541 cpu_end=1990843938366875 gpu_begin=1990843659352541 gpu_end=1990843938366875 device_ms=197.81487504951656 encoders=42 interval_scope=possibly_overlapping
PRODUCER_KERNEL_V1 stage=1 raw_iteration=2147483650 ordinal=0 kernel=owner_pack_faces threads=1533387 begin_tick=1990843740554791 end_tick=1990843740605583 ms_per_tick=9.9999999999999995e-07 device_ms=0.050791999999999997
PRODUCER_KERNEL_V1 stage=1 raw_iteration=2147483650 ordinal=1 kernel=owner_pack_faces threads=1533387 begin_tick=1990843740624000 end_tick=1990843740676208 ms_per_tick=9.9999999999999995e-07 device_ms=0.052207999999999997
PRODUCER_KERNEL_V1 stage=1 raw_iteration=2147483650 ordinal=2 kernel=owner_pack_faces threads=1533387 begin_tick=1990843740749125 end_tick=1990843740840375 ms_per_tick=9.9999999999999995e-07 device_ms=0.091249999999999998
PRODUCER_KERNEL_V1 stage=1 raw_iteration=2147483650 ordinal=3 kernel=fct_extract_gas_density threads=504666 begin_tick=1990843740762083 end_tick=1990843740810666 ms_per_tick=9.9999999999999995e-07 device_ms=0.048583000000000001
PRODUCER_KERNEL_V1 stage=1 raw_iteration=2147483650 ordinal=4 kernel=owner_gas_source threads=504666 begin_tick=1990843740815916 end_tick=1990843740865458 ms_per_tick=9.9999999999999995e-07 device_ms=0.049541999999999996
PRODUCER_KERNEL_V1 stage=1 raw_iteration=2147483650 ordinal=5 kernel=evaluate_resident_transport threads=504666 begin_tick=1990843740931250 end_tick=1990843741380416 ms_per_tick=9.9999999999999995e-07 device_ms=0.44916599999999995
PRODUCER_KERNEL_V1 stage=1 raw_iteration=2147483650 ordinal=6 kernel=identify_resident_transport threads=1 begin_tick=1990843741380791 end_tick=1990843741383916 ms_per_tick=9.9999999999999995e-07 device_ms=0.0031249999999999997
PRODUCER_KERNEL_V1 stage=1 raw_iteration=2147483650 ordinal=7 kernel=owner_bind_transport threads=1 begin_tick=1990843741384500 end_tick=1990843741388125 ms_per_tick=9.9999999999999995e-07 device_ms=0.0036249999999999998
PRODUCER_KERNEL_V1 stage=1 raw_iteration=2147483650 ordinal=8 kernel=identify_resident_owner_endpoint_class threads=1 begin_tick=1990843741388458 end_tick=1990843741391583 ms_per_tick=9.9999999999999995e-07 device_ms=0.0031249999999999997
PRODUCER_KERNEL_V1 stage=1 raw_iteration=2147483650 ordinal=9 kernel=evaluate_resident_physical_flux threads=1533387 begin_tick=1990843742407958 end_tick=1990843743522750 ms_per_tick=9.9999999999999995e-07 device_ms=1.114792
PRODUCER_KERNEL_V1 stage=1 raw_iteration=2147483650 ordinal=10 kernel=evaluate_resident_advective_pair threads=13800483 begin_tick=1990843743788583 end_tick=1990843751112833 ms_per_tick=9.9999999999999995e-07 device_ms=7.3242499999999993
PRODUCER_KERNEL_V1 stage=1 raw_iteration=2147483650 ordinal=11 kernel=finalize_resident_advective_high threads=13800483 begin_tick=1990843751113416 end_tick=1990843751532541 ms_per_tick=9.9999999999999995e-07 device_ms=0.41912499999999997
PRODUCER_KERNEL_V1 stage=1 raw_iteration=2147483650 ordinal=12 kernel=compose_resident_flux_pair threads=13800483 begin_tick=1990843751532916 end_tick=1990843752413750 ms_per_tick=9.9999999999999995e-07 device_ms=0.88083400000000001
PRODUCER_KERNEL_V1 stage=1 raw_iteration=2147483650 ordinal=13 kernel=validate_resident_physical_flux threads=13800483 begin_tick=1990843752414416 end_tick=1990843753335916 ms_per_tick=9.9999999999999995e-07 device_ms=0.92149999999999999
PRODUCER_KERNEL_V1 stage=1 raw_iteration=2147483650 ordinal=14 kernel=identify_resident_physical_flux threads=32 begin_tick=1990843753336666 end_tick=1990843753340000 ms_per_tick=9.9999999999999995e-07 device_ms=0.0033339999999999997
PRODUCER_KERNEL_V1 stage=1 raw_iteration=2147483650 ordinal=15 kernel=owner_average_flux threads=13800483 begin_tick=1990843753340583 end_tick=1990843754139708 ms_per_tick=9.9999999999999995e-07 device_ms=0.79912499999999997
PRODUCER_KERNEL_V1 stage=1 raw_iteration=2147483650 ordinal=16 kernel=owner_bind_averaged_flux threads=1 begin_tick=1990843754140250 end_tick=1990843754143916 ms_per_tick=9.9999999999999995e-07 device_ms=0.003666
PRODUCER_KERNEL_V1 stage=1 raw_iteration=2147483650 ordinal=17 kernel=fct_build_ratios threads=5551326 begin_tick=1990843754144333 end_tick=1990843757981416 ms_per_tick=9.9999999999999995e-07 device_ms=3.8370829999999998
PRODUCER_KERNEL_V1 stage=1 raw_iteration=2147483650 ordinal=18 kernel=fct_build_face_alpha threads=1533387 begin_tick=1990843757982000 end_tick=1990843758251208 ms_per_tick=9.9999999999999995e-07 device_ms=0.269208
PRODUCER_KERNEL_V1 stage=1 raw_iteration=2147483650 ordinal=19 kernel=fct_commit_scalar threads=504666 begin_tick=1990843758252041 end_tick=1990843758446583 ms_per_tick=9.9999999999999995e-07 device_ms=0.19454199999999999
PRODUCER_KERNEL_V1 stage=1 raw_iteration=2147483650 ordinal=20 kernel=owner_bind_candidate threads=1 begin_tick=1990843758447125 end_tick=1990843758450916 ms_per_tick=9.9999999999999995e-07 device_ms=0.0037909999999999997
PRODUCER_KERNEL_V1 stage=1 raw_iteration=2147483650 ordinal=21 kernel=finalize_resident_eos_candidate threads=1 begin_tick=1990843758451458 end_tick=1990843758453916 ms_per_tick=9.9999999999999995e-07 device_ms=0.0024579999999999997
PRODUCER_KERNEL_V1 stage=1 raw_iteration=2147483650 ordinal=22 kernel=build_eos_endpoint_table threads=14 begin_tick=1990843758454375 end_tick=1990843758745500 ms_per_tick=9.9999999999999995e-07 device_ms=0.29112499999999997
PRODUCER_KERNEL_V1 stage=1 raw_iteration=2147483650 ordinal=23 kernel=evaluate_resident_eos_candidate threads=504666 begin_tick=1990843758745833 end_tick=1990843822325916 ms_per_tick=9.9999999999999995e-07 device_ms=63.580082999999995
PRODUCER_KERNEL_V1 stage=1 raw_iteration=2147483650 ordinal=24 kernel=finalize_resident_eos_candidate threads=1 begin_tick=1990843822343666 end_tick=1990843822346416 ms_per_tick=9.9999999999999995e-07 device_ms=0.0027499999999999998
PRODUCER_KERNEL_V1 stage=1 raw_iteration=2147483650 ordinal=25 kernel=identify_resident_eos threads=1 begin_tick=1990843822346875 end_tick=1990843822349791 ms_per_tick=9.9999999999999995e-07 device_ms=0.0029159999999999998
PRODUCER_KERNEL_V1 stage=1 raw_iteration=2147483650 ordinal=26 kernel=produce_resident_frozen_source threads=504666 begin_tick=1990843822350125 end_tick=1990843822380166 ms_per_tick=9.9999999999999995e-07 device_ms=0.030040999999999998
PRODUCER_KERNEL_V1 stage=1 raw_iteration=2147483650 ordinal=27 kernel=identify_resident_frozen_source threads=1 begin_tick=1990843822380500 end_tick=1990843822386875 ms_per_tick=9.9999999999999995e-07 device_ms=0.0063749999999999996
PRODUCER_KERNEL_V1 stage=1 raw_iteration=2147483650 ordinal=28 kernel=evaluate_resident_target_terms threads=504666 begin_tick=1990843822387250 end_tick=1990843936858750 ms_per_tick=9.9999999999999995e-07 device_ms=114.47149999999999
PRODUCER_KERNEL_V1 stage=1 raw_iteration=2147483650 ordinal=29 kernel=finalize_resident_target threads=1 begin_tick=1990843936874041 end_tick=1990843936880625 ms_per_tick=9.9999999999999995e-07 device_ms=0.0065839999999999996
PRODUCER_KERNEL_V1 stage=1 raw_iteration=2147483650 ordinal=30 kernel=identify_resident_target threads=1 begin_tick=1990843936881041 end_tick=1990843936884208 ms_per_tick=9.9999999999999995e-07 device_ms=0.0031669999999999997
PRODUCER_KERNEL_V1 stage=1 raw_iteration=2147483650 ordinal=31 kernel=issue_resident_projection_consumer threads=1 begin_tick=1990843936884625 end_tick=1990843936888916 ms_per_tick=9.9999999999999995e-07 device_ms=0.0042909999999999997
PRODUCER_KERNEL_V1 stage=1 raw_iteration=2147483650 ordinal=32 kernel=consume_resident_target threads=1 begin_tick=1990843936889500 end_tick=1990843936893333 ms_per_tick=9.9999999999999995e-07 device_ms=0.003833
PRODUCER_KERNEL_V1 stage=1 raw_iteration=2147483650 ordinal=33 kernel=owner_compose_target threads=504666 begin_tick=1990843936893750 end_tick=1990843936976625 ms_per_tick=9.9999999999999995e-07 device_ms=0.08287499999999999
PRODUCER_KERNEL_V1 stage=1 raw_iteration=2147483650 ordinal=34 kernel=finalize_resident_target threads=1 begin_tick=1990843936976958 end_tick=1990843936979250 ms_per_tick=9.9999999999999995e-07 device_ms=0.0022919999999999998
PRODUCER_KERNEL_V1 stage=1 raw_iteration=2147483650 ordinal=35 kernel=owner_identify_target threads=1 begin_tick=1990843936979583 end_tick=1990843936986458 ms_per_tick=9.9999999999999995e-07 device_ms=0.006875
PRODUCER_KERNEL_V1 stage=1 raw_iteration=2147483650 ordinal=36 kernel=issue_resident_projection_consumer threads=1 begin_tick=1990843936986875 end_tick=1990843936990166 ms_per_tick=9.9999999999999995e-07 device_ms=0.0032909999999999997
PRODUCER_KERNEL_V1 stage=1 raw_iteration=2147483650 ordinal=37 kernel=consume_resident_target threads=1 begin_tick=1990843936990500 end_tick=1990843936994291 ms_per_tick=9.9999999999999995e-07 device_ms=0.0037909999999999997
PRODUCER_KERNEL_V1 stage=1 raw_iteration=2147483650 ordinal=38 kernel=owner_issue_stage_seal threads=1 begin_tick=1990843936994708 end_tick=1990843936997583 ms_per_tick=9.9999999999999995e-07 device_ms=0.002875
PRODUCER_KERNEL_V1 stage=1 raw_iteration=2147483650 ordinal=39 kernel=fct_compatible_stage_rate threads=1533387 begin_tick=1990843936998083 end_tick=1990843937492541 ms_per_tick=9.9999999999999995e-07 device_ms=0.49445799999999995
PRODUCER_KERNEL_V1 stage=1 raw_iteration=2147483650 ordinal=40 kernel=fct_compatible_stage_rate threads=1533387 begin_tick=1990843937493250 end_tick=1990843938157041 ms_per_tick=9.9999999999999995e-07 device_ms=0.66379100000000002
PRODUCER_KERNEL_V1 stage=1 raw_iteration=2147483650 ordinal=41 kernel=owner_heun_momentum threads=1533387 begin_tick=1990843938157708 end_tick=1990843938249208 ms_per_tick=9.9999999999999995e-07 device_ms=0.091499999999999998
RISE_FIRE_OWNER_PROFILE_V1 {"scope":66,"parent":61,"phase":"BuildStageProducerGroup","stage":1,"raw_iteration":2147483650,"iteration_kind":"terminal","wall_ms":279.182791000,"device_sum_ms":197.814875050,"wall_minus_device_ms":81.367915950,"exclusive_wall_ms":279.182791000,"exclusive_device_sum_ms":197.814875050,"child_observer_wall_ms":0.000000000,"count_scope":"inclusive","owner_commits":1,"projection_invocations":0}
RISE_FIRE_OWNER_PROFILE_V1 {"scope":67,"parent":61,"phase":"AlphaResidual","stage":1,"raw_iteration":2147483650,"iteration_kind":"terminal","wall_ms":0.256541000,"device_sum_ms":0.053375028,"wall_minus_device_ms":0.203165972,"exclusive_wall_ms":0.256541000,"exclusive_device_sum_ms":0.053375028,"child_observer_wall_ms":0.000000000,"count_scope":"inclusive","owner_commits":1,"projection_invocations":0}
RISE_FIRE_OWNER_PROFILE_V1 {"scope":68,"parent":61,"phase":"Residual","stage":1,"raw_iteration":2147483650,"iteration_kind":"terminal","wall_ms":0.300833000,"device_sum_ms":0.114249997,"wall_minus_device_ms":0.186583003,"exclusive_wall_ms":0.300833000,"exclusive_device_sum_ms":0.114249997,"child_observer_wall_ms":0.000000000,"count_scope":"inclusive","owner_commits":1,"projection_invocations":0}
RISE_FIRE_OWNER_PROFILE_V1 {"scope":61,"parent":54,"phase":"TerminalVerification","stage":1,"raw_iteration":2147483650,"iteration_kind":"terminal","wall_ms":292.523875000,"device_sum_ms":207.160750171,"wall_minus_device_ms":85.363124829,"exclusive_wall_ms":0.004250000,"exclusive_device_sum_ms":0.000000000,"child_observer_wall_ms":0.029334000,"count_scope":"inclusive","owner_commits":7,"projection_invocations":1}
RISE_FIRE_OWNER_PROFILE_V1 {"scope":54,"parent":36,"phase":"PicardIteration","stage":1,"raw_iteration":2,"iteration_kind":"picard","wall_ms":586.690625000,"device_sum_ms":414.690625854,"wall_minus_device_ms":171.999999146,"exclusive_wall_ms":0.428083000,"exclusive_device_sum_ms":0.000000000,"child_observer_wall_ms":0.028833000,"count_scope":"inclusive","owner_commits":13,"projection_invocations":2}
RISE_FIRE_OWNER_PROFILE_V1 {"scope":36,"parent":1,"phase":"SolveStage","stage":1,"raw_iteration":4294967295,"iteration_kind":"bootstrap","wall_ms":1470.430292000,"device_sum_ms":1039.184167981,"wall_minus_device_ms":431.246124019,"exclusive_wall_ms":1.680374000,"exclusive_device_sum_ms":0.000000000,"child_observer_wall_ms":0.020832000,"count_scope":"inclusive","owner_commits":28,"projection_invocations":5}
RISE_FIRE_OWNER_PROFILE_V1 {"scope":71,"parent":70,"phase":"ProjectionAdapter","stage":2,"raw_iteration":4294967295,"iteration_kind":"bootstrap","wall_ms":11.636333000,"device_sum_ms":8.803708246,"wall_minus_device_ms":2.832624754,"exclusive_wall_ms":11.636333000,"exclusive_device_sum_ms":8.803708246,"child_observer_wall_ms":0.000000000,"count_scope":"inclusive","owner_commits":0,"projection_invocations":1}
RISE_FIRE_OWNER_PROFILE_V1 {"scope":70,"parent":69,"phase":"Project","stage":2,"raw_iteration":4294967295,"iteration_kind":"bootstrap","wall_ms":12.127625000,"device_sum_ms":8.843458490,"wall_minus_device_ms":3.284166510,"exclusive_wall_ms":0.483542000,"exclusive_device_sum_ms":0.039750244,"child_observer_wall_ms":0.007750000,"count_scope":"inclusive","owner_commits":2,"projection_invocations":1}
PRODUCER_COMMAND_V1 stage=2 raw_iteration=4294967295 cpu_begin=1990843954193083 cpu_end=1990844227523583 gpu_begin=1990843954193083 gpu_end=1990844227523583 device_ms=192.26200017146766 encoders=36 interval_scope=possibly_overlapping
PRODUCER_KERNEL_V1 stage=2 raw_iteration=4294967295 ordinal=0 kernel=owner_pack_faces threads=1533387 begin_tick=1990844035127416 end_tick=1990844035183250 ms_per_tick=9.9999999999999995e-07 device_ms=0.055833999999999995
PRODUCER_KERNEL_V1 stage=2 raw_iteration=4294967295 ordinal=1 kernel=owner_pack_faces threads=1533387 begin_tick=1990844035183125 end_tick=1990844035617458 ms_per_tick=9.9999999999999995e-07 device_ms=0.43433299999999997
PRODUCER_KERNEL_V1 stage=2 raw_iteration=4294967295 ordinal=2 kernel=owner_pack_faces threads=1533387 begin_tick=1990844035125125 end_tick=1990844035183125 ms_per_tick=9.9999999999999995e-07 device_ms=0.057999999999999996
PRODUCER_KERNEL_V1 stage=2 raw_iteration=4294967295 ordinal=3 kernel=fct_extract_gas_density threads=504666 begin_tick=1990844035617458 end_tick=1990844035642166 ms_per_tick=9.9999999999999995e-07 device_ms=0.024707999999999997
PRODUCER_KERNEL_V1 stage=2 raw_iteration=4294967295 ordinal=4 kernel=owner_gas_source threads=504666 begin_tick=1990844035642166 end_tick=1990844035682875 ms_per_tick=9.9999999999999995e-07 device_ms=0.040708999999999995
PRODUCER_KERNEL_V1 stage=2 raw_iteration=4294967295 ordinal=5 kernel=evaluate_resident_transport threads=504666 begin_tick=1990844035183625 end_tick=1990844035645541 ms_per_tick=9.9999999999999995e-07 device_ms=0.46191599999999999
PRODUCER_KERNEL_V1 stage=2 raw_iteration=4294967295 ordinal=6 kernel=identify_resident_transport threads=1 begin_tick=1990844035646458 end_tick=1990844035666833 ms_per_tick=9.9999999999999995e-07 device_ms=0.020375000000000001
PRODUCER_KERNEL_V1 stage=2 raw_iteration=4294967295 ordinal=7 kernel=owner_bind_transport threads=1 begin_tick=1990844035668000 end_tick=1990844035682708 ms_per_tick=9.9999999999999995e-07 device_ms=0.014707999999999999
PRODUCER_KERNEL_V1 stage=2 raw_iteration=4294967295 ordinal=8 kernel=identify_resident_owner_endpoint_class threads=1 begin_tick=1990844035683083 end_tick=1990844035686375 ms_per_tick=9.9999999999999995e-07 device_ms=0.0032919999999999998
PRODUCER_KERNEL_V1 stage=2 raw_iteration=4294967295 ordinal=9 kernel=evaluate_resident_physical_flux threads=1533387 begin_tick=1990844036538375 end_tick=1990844037651416 ms_per_tick=9.9999999999999995e-07 device_ms=1.1130409999999999
PRODUCER_KERNEL_V1 stage=2 raw_iteration=4294967295 ordinal=10 kernel=evaluate_resident_advective_pair threads=13800483 begin_tick=1990844037948666 end_tick=1990844045188333 ms_per_tick=9.9999999999999995e-07 device_ms=7.2396669999999999
PRODUCER_KERNEL_V1 stage=2 raw_iteration=4294967295 ordinal=11 kernel=finalize_resident_advective_high threads=13800483 begin_tick=1990844045189208 end_tick=1990844045608458 ms_per_tick=9.9999999999999995e-07 device_ms=0.41924999999999996
PRODUCER_KERNEL_V1 stage=2 raw_iteration=4294967295 ordinal=12 kernel=compose_resident_flux_pair threads=13800483 begin_tick=1990844045608833 end_tick=1990844046501833 ms_per_tick=9.9999999999999995e-07 device_ms=0.8929999999999999
PRODUCER_KERNEL_V1 stage=2 raw_iteration=4294967295 ordinal=13 kernel=validate_resident_physical_flux threads=13800483 begin_tick=1990844046502333 end_tick=1990844047328000 ms_per_tick=9.9999999999999995e-07 device_ms=0.82566699999999993
PRODUCER_KERNEL_V1 stage=2 raw_iteration=4294967295 ordinal=14 kernel=identify_resident_physical_flux threads=32 begin_tick=1990844047328708 end_tick=1990844047335125 ms_per_tick=9.9999999999999995e-07 device_ms=0.006417
PRODUCER_KERNEL_V1 stage=2 raw_iteration=4294967295 ordinal=15 kernel=owner_bind_candidate threads=1 begin_tick=1990844047335666 end_tick=1990844047339333 ms_per_tick=9.9999999999999995e-07 device_ms=0.0036669999999999997
PRODUCER_KERNEL_V1 stage=2 raw_iteration=4294967295 ordinal=16 kernel=finalize_resident_eos_candidate threads=1 begin_tick=1990844047339750 end_tick=1990844047342375 ms_per_tick=9.9999999999999995e-07 device_ms=0.0026249999999999997
PRODUCER_KERNEL_V1 stage=2 raw_iteration=4294967295 ordinal=17 kernel=build_eos_endpoint_table threads=14 begin_tick=1990844047343083 end_tick=1990844047634333 ms_per_tick=9.9999999999999995e-07 device_ms=0.29125000000000001
PRODUCER_KERNEL_V1 stage=2 raw_iteration=4294967295 ordinal=18 kernel=evaluate_resident_eos_candidate threads=504666 begin_tick=1990844047634750 end_tick=1990844112420000 ms_per_tick=9.9999999999999995e-07 device_ms=64.785249999999991
PRODUCER_KERNEL_V1 stage=2 raw_iteration=4294967295 ordinal=19 kernel=finalize_resident_eos_candidate threads=1 begin_tick=1990844112436125 end_tick=1990844112441916 ms_per_tick=9.9999999999999995e-07 device_ms=0.0057910000000000001
PRODUCER_KERNEL_V1 stage=2 raw_iteration=4294967295 ordinal=20 kernel=identify_resident_eos threads=1 begin_tick=1990844112442333 end_tick=1990844112445000 ms_per_tick=9.9999999999999995e-07 device_ms=0.0026669999999999997
PRODUCER_KERNEL_V1 stage=2 raw_iteration=4294967295 ordinal=21 kernel=produce_resident_frozen_source threads=504666 begin_tick=1990844112445666 end_tick=1990844112478708 ms_per_tick=9.9999999999999995e-07 device_ms=0.033042000000000002
PRODUCER_KERNEL_V1 stage=2 raw_iteration=4294967295 ordinal=22 kernel=identify_resident_frozen_source threads=1 begin_tick=1990844112479041 end_tick=1990844112482000 ms_per_tick=9.9999999999999995e-07 device_ms=0.0029589999999999998
PRODUCER_KERNEL_V1 stage=2 raw_iteration=4294967295 ordinal=23 kernel=evaluate_resident_target_terms threads=504666 begin_tick=1990844112482500 end_tick=1990844226654833 ms_per_tick=9.9999999999999995e-07 device_ms=114.17233299999999
PRODUCER_KERNEL_V1 stage=2 raw_iteration=4294967295 ordinal=24 kernel=finalize_resident_target threads=1 begin_tick=1990844226669583 end_tick=1990844226672875 ms_per_tick=9.9999999999999995e-07 device_ms=0.0032919999999999998
PRODUCER_KERNEL_V1 stage=2 raw_iteration=4294967295 ordinal=25 kernel=identify_resident_target threads=1 begin_tick=1990844226673375 end_tick=1990844226676750 ms_per_tick=9.9999999999999995e-07 device_ms=0.003375
PRODUCER_KERNEL_V1 stage=2 raw_iteration=4294967295 ordinal=26 kernel=issue_resident_projection_consumer threads=1 begin_tick=1990844226677166 end_tick=1990844226681208 ms_per_tick=9.9999999999999995e-07 device_ms=0.0040419999999999996
PRODUCER_KERNEL_V1 stage=2 raw_iteration=4294967295 ordinal=27 kernel=consume_resident_target threads=1 begin_tick=1990844226682250 end_tick=1990844226686333 ms_per_tick=9.9999999999999995e-07 device_ms=0.0040829999999999998
PRODUCER_KERNEL_V1 stage=2 raw_iteration=4294967295 ordinal=28 kernel=owner_compose_target threads=504666 begin_tick=1990844226686708 end_tick=1990844226719250 ms_per_tick=9.9999999999999995e-07 device_ms=0.032542000000000001
PRODUCER_KERNEL_V1 stage=2 raw_iteration=4294967295 ordinal=29 kernel=finalize_resident_target threads=1 begin_tick=1990844226719791 end_tick=1990844226725416 ms_per_tick=9.9999999999999995e-07 device_ms=0.0056249999999999998
PRODUCER_KERNEL_V1 stage=2 raw_iteration=4294967295 ordinal=30 kernel=owner_identify_target threads=1 begin_tick=1990844226725833 end_tick=1990844226728708 ms_per_tick=9.9999999999999995e-07 device_ms=0.002875
PRODUCER_KERNEL_V1 stage=2 raw_iteration=4294967295 ordinal=31 kernel=issue_resident_projection_consumer threads=1 begin_tick=1990844226729250 end_tick=1990844226732333 ms_per_tick=9.9999999999999995e-07 device_ms=0.0030829999999999998
PRODUCER_KERNEL_V1 stage=2 raw_iteration=4294967295 ordinal=32 kernel=consume_resident_target threads=1 begin_tick=1990844226732750 end_tick=1990844226735708 ms_per_tick=9.9999999999999995e-07 device_ms=0.0029579999999999997
PRODUCER_KERNEL_V1 stage=2 raw_iteration=4294967295 ordinal=33 kernel=owner_issue_stage_seal threads=1 begin_tick=1990844226736291 end_tick=1990844226739291 ms_per_tick=9.9999999999999995e-07 device_ms=0.0030000000000000001
PRODUCER_KERNEL_V1 stage=2 raw_iteration=4294967295 ordinal=34 kernel=fct_compatible_stage_rate threads=1533387 begin_tick=1990844226739750 end_tick=1990844227287458 ms_per_tick=9.9999999999999995e-07 device_ms=0.54770799999999997
PRODUCER_KERNEL_V1 stage=2 raw_iteration=4294967295 ordinal=35 kernel=owner_heun_momentum threads=1533387 begin_tick=1990844227287916 end_tick=1990844227381166 ms_per_tick=9.9999999999999995e-07 device_ms=0.09325
RISE_FIRE_OWNER_PROFILE_V1 {"scope":72,"parent":69,"phase":"BuildStageProducerGroup","stage":2,"raw_iteration":4294967295,"iteration_kind":"bootstrap","wall_ms":273.493916000,"device_sum_ms":192.262000171,"wall_minus_device_ms":81.231915829,"exclusive_wall_ms":273.493916000,"exclusive_device_sum_ms":192.262000171,"child_observer_wall_ms":0.000000000,"count_scope":"inclusive","owner_commits":1,"projection_invocations":0}
RISE_FIRE_OWNER_PROFILE_V1 {"scope":75,"parent":74,"phase":"ProjectionAdapter","stage":2,"raw_iteration":0,"iteration_kind":"picard","wall_ms":11.899833000,"device_sum_ms":8.987125242,"wall_minus_device_ms":2.912707758,"exclusive_wall_ms":11.899833000,"exclusive_device_sum_ms":8.987125242,"child_observer_wall_ms":0.000000000,"count_scope":"inclusive","owner_commits":0,"projection_invocations":1}
RISE_FIRE_OWNER_PROFILE_V1 {"scope":74,"parent":73,"phase":"Project","stage":2,"raw_iteration":0,"iteration_kind":"picard","wall_ms":12.574834000,"device_sum_ms":9.032333503,"wall_minus_device_ms":3.542500497,"exclusive_wall_ms":0.639501000,"exclusive_device_sum_ms":0.045208260,"child_observer_wall_ms":0.035500000,"count_scope":"inclusive","owner_commits":2,"projection_invocations":1}
RISE_FIRE_OWNER_PROFILE_V1 {"scope":76,"parent":73,"phase":"ReadOpenClass","stage":2,"raw_iteration":0,"iteration_kind":"picard","wall_ms":0.200083000,"device_sum_ms":0.002500135,"wall_minus_device_ms":0.197582865,"exclusive_wall_ms":0.200083000,"exclusive_device_sum_ms":0.002500135,"child_observer_wall_ms":0.000000000,"count_scope":"inclusive","owner_commits":1,"projection_invocations":0}
RISE_FIRE_OWNER_PROFILE_V1 {"scope":77,"parent":73,"phase":"ReadOpenClass","stage":2,"raw_iteration":0,"iteration_kind":"picard","wall_ms":0.160750000,"device_sum_ms":0.002458226,"wall_minus_device_ms":0.158291774,"exclusive_wall_ms":0.160750000,"exclusive_device_sum_ms":0.002458226,"child_observer_wall_ms":0.000000000,"count_scope":"inclusive","owner_commits":1,"projection_invocations":0}
PRODUCER_COMMAND_V1 stage=2 raw_iteration=0 cpu_begin=1990844240641375 cpu_end=1990844517653208 gpu_begin=1990844240641375 gpu_end=1990844517653208 device_ms=195.35537483170629 encoders=36 interval_scope=possibly_overlapping
PRODUCER_KERNEL_V1 stage=2 raw_iteration=0 ordinal=0 kernel=owner_pack_faces threads=1533387 begin_tick=1990844322308666 end_tick=1990844322360166 ms_per_tick=9.9999999999999995e-07 device_ms=0.051499999999999997
PRODUCER_KERNEL_V1 stage=2 raw_iteration=0 ordinal=1 kernel=owner_pack_faces threads=1533387 begin_tick=1990844322374250 end_tick=1990844322424916 ms_per_tick=9.9999999999999995e-07 device_ms=0.050665999999999996
PRODUCER_KERNEL_V1 stage=2 raw_iteration=0 ordinal=2 kernel=owner_pack_faces threads=1533387 begin_tick=1990844322497958 end_tick=1990844322602416 ms_per_tick=9.9999999999999995e-07 device_ms=0.104458
PRODUCER_KERNEL_V1 stage=2 raw_iteration=0 ordinal=3 kernel=fct_extract_gas_density threads=504666 begin_tick=1990844322508083 end_tick=1990844322556583 ms_per_tick=9.9999999999999995e-07 device_ms=0.048499999999999995
PRODUCER_KERNEL_V1 stage=2 raw_iteration=0 ordinal=4 kernel=owner_gas_source threads=504666 begin_tick=1990844322559208 end_tick=1990844322606583 ms_per_tick=9.9999999999999995e-07 device_ms=0.047375
PRODUCER_KERNEL_V1 stage=2 raw_iteration=0 ordinal=5 kernel=evaluate_resident_transport threads=504666 begin_tick=1990844322673750 end_tick=1990844323123000 ms_per_tick=9.9999999999999995e-07 device_ms=0.44924999999999998
PRODUCER_KERNEL_V1 stage=2 raw_iteration=0 ordinal=6 kernel=identify_resident_transport threads=1 begin_tick=1990844323123416 end_tick=1990844323126416 ms_per_tick=9.9999999999999995e-07 device_ms=0.0030000000000000001
PRODUCER_KERNEL_V1 stage=2 raw_iteration=0 ordinal=7 kernel=owner_bind_transport threads=1 begin_tick=1990844323127000 end_tick=1990844323130625 ms_per_tick=9.9999999999999995e-07 device_ms=0.0036249999999999998
PRODUCER_KERNEL_V1 stage=2 raw_iteration=0 ordinal=8 kernel=identify_resident_owner_endpoint_class threads=1 begin_tick=1990844323131041 end_tick=1990844323134083 ms_per_tick=9.9999999999999995e-07 device_ms=0.003042
PRODUCER_KERNEL_V1 stage=2 raw_iteration=0 ordinal=9 kernel=evaluate_resident_physical_flux threads=1533387 begin_tick=1990844324081375 end_tick=1990844325194708 ms_per_tick=9.9999999999999995e-07 device_ms=1.1133329999999999
PRODUCER_KERNEL_V1 stage=2 raw_iteration=0 ordinal=10 kernel=evaluate_resident_advective_pair threads=13800483 begin_tick=1990844325582916 end_tick=1990844332935875 ms_per_tick=9.9999999999999995e-07 device_ms=7.3529589999999994
PRODUCER_KERNEL_V1 stage=2 raw_iteration=0 ordinal=11 kernel=finalize_resident_advective_high threads=13800483 begin_tick=1990844332936583 end_tick=1990844333356208 ms_per_tick=9.9999999999999995e-07 device_ms=0.41962499999999997
PRODUCER_KERNEL_V1 stage=2 raw_iteration=0 ordinal=12 kernel=compose_resident_flux_pair threads=13800483 begin_tick=1990844333356583 end_tick=1990844334242291 ms_per_tick=9.9999999999999995e-07 device_ms=0.88570799999999994
PRODUCER_KERNEL_V1 stage=2 raw_iteration=0 ordinal=13 kernel=validate_resident_physical_flux threads=13800483 begin_tick=1990844334242791 end_tick=1990844335093333 ms_per_tick=9.9999999999999995e-07 device_ms=0.85054199999999991
PRODUCER_KERNEL_V1 stage=2 raw_iteration=0 ordinal=14 kernel=identify_resident_physical_flux threads=32 begin_tick=1990844335093958 end_tick=1990844335097291 ms_per_tick=9.9999999999999995e-07 device_ms=0.003333
PRODUCER_KERNEL_V1 stage=2 raw_iteration=0 ordinal=15 kernel=owner_bind_candidate threads=1 begin_tick=1990844335097833 end_tick=1990844335101666 ms_per_tick=9.9999999999999995e-07 device_ms=0.003833
PRODUCER_KERNEL_V1 stage=2 raw_iteration=0 ordinal=16 kernel=finalize_resident_eos_candidate threads=1 begin_tick=1990844335102083 end_tick=1990844335104375 ms_per_tick=9.9999999999999995e-07 device_ms=0.0022919999999999998
PRODUCER_KERNEL_V1 stage=2 raw_iteration=0 ordinal=17 kernel=build_eos_endpoint_table threads=14 begin_tick=1990844335105083 end_tick=1990844335396083 ms_per_tick=9.9999999999999995e-07 device_ms=0.29099999999999998
PRODUCER_KERNEL_V1 stage=2 raw_iteration=0 ordinal=18 kernel=evaluate_resident_eos_candidate threads=504666 begin_tick=1990844335396416 end_tick=1990844402610416 ms_per_tick=9.9999999999999995e-07 device_ms=67.213999999999999
PRODUCER_KERNEL_V1 stage=2 raw_iteration=0 ordinal=19 kernel=finalize_resident_eos_candidate threads=1 begin_tick=1990844402624500 end_tick=1990844402627666 ms_per_tick=9.9999999999999995e-07 device_ms=0.003166
PRODUCER_KERNEL_V1 stage=2 raw_iteration=0 ordinal=20 kernel=identify_resident_eos threads=1 begin_tick=1990844402628000 end_tick=1990844402630583 ms_per_tick=9.9999999999999995e-07 device_ms=0.0025829999999999998
PRODUCER_KERNEL_V1 stage=2 raw_iteration=0 ordinal=21 kernel=produce_resident_frozen_source threads=504666 begin_tick=1990844402631125 end_tick=1990844402662375 ms_per_tick=9.9999999999999995e-07 device_ms=0.03125
PRODUCER_KERNEL_V1 stage=2 raw_iteration=0 ordinal=22 kernel=identify_resident_frozen_source threads=1 begin_tick=1990844402662750 end_tick=1990844402665458 ms_per_tick=9.9999999999999995e-07 device_ms=0.0027079999999999999
PRODUCER_KERNEL_V1 stage=2 raw_iteration=0 ordinal=23 kernel=evaluate_resident_target_terms threads=504666 begin_tick=1990844402666500 end_tick=1990844516843333 ms_per_tick=9.9999999999999995e-07 device_ms=114.17683299999999
PRODUCER_KERNEL_V1 stage=2 raw_iteration=0 ordinal=24 kernel=finalize_resident_target threads=1 begin_tick=1990844516858416 end_tick=1990844516861500 ms_per_tick=9.9999999999999995e-07 device_ms=0.0030839999999999999
PRODUCER_KERNEL_V1 stage=2 raw_iteration=0 ordinal=25 kernel=identify_resident_target threads=1 begin_tick=1990844516861916 end_tick=1990844516868208 ms_per_tick=9.9999999999999995e-07 device_ms=0.0062919999999999998
PRODUCER_KERNEL_V1 stage=2 raw_iteration=0 ordinal=26 kernel=issue_resident_projection_consumer threads=1 begin_tick=1990844516868583 end_tick=1990844516872625 ms_per_tick=9.9999999999999995e-07 device_ms=0.0040419999999999996
PRODUCER_KERNEL_V1 stage=2 raw_iteration=0 ordinal=27 kernel=consume_resident_target threads=1 begin_tick=1990844516873041 end_tick=1990844516877708 ms_per_tick=9.9999999999999995e-07 device_ms=0.0046670000000000001
PRODUCER_KERNEL_V1 stage=2 raw_iteration=0 ordinal=28 kernel=owner_compose_target threads=504666 begin_tick=1990844516878125 end_tick=1990844516908791 ms_per_tick=9.9999999999999995e-07 device_ms=0.030665999999999999
PRODUCER_KERNEL_V1 stage=2 raw_iteration=0 ordinal=29 kernel=finalize_resident_target threads=1 begin_tick=1990844516909291 end_tick=1990844516914958 ms_per_tick=9.9999999999999995e-07 device_ms=0.0056670000000000002
PRODUCER_KERNEL_V1 stage=2 raw_iteration=0 ordinal=30 kernel=owner_identify_target threads=1 begin_tick=1990844516915416 end_tick=1990844516918916 ms_per_tick=9.9999999999999995e-07 device_ms=0.0034999999999999996
PRODUCER_KERNEL_V1 stage=2 raw_iteration=0 ordinal=31 kernel=issue_resident_projection_consumer threads=1 begin_tick=1990844516919500 end_tick=1990844516923000 ms_per_tick=9.9999999999999995e-07 device_ms=0.0034999999999999996
PRODUCER_KERNEL_V1 stage=2 raw_iteration=0 ordinal=32 kernel=consume_resident_target threads=1 begin_tick=1990844516923416 end_tick=1990844516926791 ms_per_tick=9.9999999999999995e-07 device_ms=0.003375
PRODUCER_KERNEL_V1 stage=2 raw_iteration=0 ordinal=33 kernel=owner_issue_stage_seal threads=1 begin_tick=1990844516927333 end_tick=1990844516930625 ms_per_tick=9.9999999999999995e-07 device_ms=0.0032919999999999998
PRODUCER_KERNEL_V1 stage=2 raw_iteration=0 ordinal=34 kernel=fct_compatible_stage_rate threads=1533387 begin_tick=1990844516931083 end_tick=1990844517440750 ms_per_tick=9.9999999999999995e-07 device_ms=0.50966699999999998
PRODUCER_KERNEL_V1 stage=2 raw_iteration=0 ordinal=35 kernel=owner_heun_momentum threads=1533387 begin_tick=1990844517441291 end_tick=1990844517535291 ms_per_tick=9.9999999999999995e-07 device_ms=0.094
RISE_FIRE_OWNER_PROFILE_V1 {"scope":78,"parent":73,"phase":"BuildStageProducerGroup","stage":2,"raw_iteration":0,"iteration_kind":"picard","wall_ms":277.170084000,"device_sum_ms":195.355374832,"wall_minus_device_ms":81.814709168,"exclusive_wall_ms":277.170084000,"exclusive_device_sum_ms":195.355374832,"child_observer_wall_ms":0.000000000,"count_scope":"inclusive","owner_commits":1,"projection_invocations":0}
RISE_FIRE_OWNER_PROFILE_V1 {"scope":79,"parent":73,"phase":"Residual","stage":2,"raw_iteration":0,"iteration_kind":"picard","wall_ms":0.231875000,"device_sum_ms":0.021708198,"wall_minus_device_ms":0.210166802,"exclusive_wall_ms":0.231875000,"exclusive_device_sum_ms":0.021708198,"child_observer_wall_ms":0.000000000,"count_scope":"inclusive","owner_commits":1,"projection_invocations":0}
RISE_FIRE_OWNER_PROFILE_V1 {"scope":73,"parent":69,"phase":"PicardIteration","stage":2,"raw_iteration":0,"iteration_kind":"picard","wall_ms":290.721208000,"device_sum_ms":204.414374894,"wall_minus_device_ms":86.306833106,"exclusive_wall_ms":0.344750000,"exclusive_device_sum_ms":0.000000000,"child_observer_wall_ms":0.038832000,"count_scope":"inclusive","owner_commits":6,"projection_invocations":1}
RISE_FIRE_OWNER_PROFILE_V1 {"scope":82,"parent":81,"phase":"ProjectionAdapter","stage":2,"raw_iteration":1,"iteration_kind":"picard","wall_ms":11.990000000,"device_sum_ms":9.117166745,"wall_minus_device_ms":2.872833255,"exclusive_wall_ms":11.990000000,"exclusive_device_sum_ms":9.117166745,"child_observer_wall_ms":0.000000000,"count_scope":"inclusive","owner_commits":0,"projection_invocations":1}
RISE_FIRE_OWNER_PROFILE_V1 {"scope":81,"parent":80,"phase":"Project","stage":2,"raw_iteration":1,"iteration_kind":"picard","wall_ms":13.148917000,"device_sum_ms":9.161041584,"wall_minus_device_ms":3.987875416,"exclusive_wall_ms":1.150709000,"exclusive_device_sum_ms":0.043874839,"child_observer_wall_ms":0.008208000,"count_scope":"inclusive","owner_commits":2,"projection_invocations":1}
RISE_FIRE_OWNER_PROFILE_V1 {"scope":83,"parent":80,"phase":"ReadOpenClass","stage":2,"raw_iteration":1,"iteration_kind":"picard","wall_ms":0.287750000,"device_sum_ms":0.002416549,"wall_minus_device_ms":0.285333451,"exclusive_wall_ms":0.287750000,"exclusive_device_sum_ms":0.002416549,"child_observer_wall_ms":0.000000000,"count_scope":"inclusive","owner_commits":1,"projection_invocations":0}
RISE_FIRE_OWNER_PROFILE_V1 {"scope":84,"parent":80,"phase":"ReadOpenClass","stage":2,"raw_iteration":1,"iteration_kind":"picard","wall_ms":0.155958000,"device_sum_ms":0.002291519,"wall_minus_device_ms":0.153666481,"exclusive_wall_ms":0.155958000,"exclusive_device_sum_ms":0.002291519,"child_observer_wall_ms":0.000000000,"count_scope":"inclusive","owner_commits":1,"projection_invocations":0}
PRODUCER_COMMAND_V1 stage=2 raw_iteration=1 cpu_begin=1990844532003625 cpu_end=1990844805959791 gpu_begin=1990844532003625 gpu_end=1990844805959791 device_ms=192.22995825111866 encoders=36 interval_scope=possibly_overlapping
PRODUCER_KERNEL_V1 stage=2 raw_iteration=1 ordinal=0 kernel=owner_pack_faces threads=1533387 begin_tick=1990844613614708 end_tick=1990844613672916 ms_per_tick=9.9999999999999995e-07 device_ms=0.058207999999999996
PRODUCER_KERNEL_V1 stage=2 raw_iteration=1 ordinal=1 kernel=owner_pack_faces threads=1533387 begin_tick=1990844613672916 end_tick=1990844614023750 ms_per_tick=9.9999999999999995e-07 device_ms=0.35083399999999998
PRODUCER_KERNEL_V1 stage=2 raw_iteration=1 ordinal=2 kernel=owner_pack_faces threads=1533387 begin_tick=1990844613611416 end_tick=1990844613673083 ms_per_tick=9.9999999999999995e-07 device_ms=0.061667
PRODUCER_KERNEL_V1 stage=2 raw_iteration=1 ordinal=3 kernel=fct_extract_gas_density threads=504666 begin_tick=1990844613673416 end_tick=1990844613719833 ms_per_tick=9.9999999999999995e-07 device_ms=0.046417
PRODUCER_KERNEL_V1 stage=2 raw_iteration=1 ordinal=4 kernel=owner_gas_source threads=504666 begin_tick=1990844614024291 end_tick=1990844614169125 ms_per_tick=9.9999999999999995e-07 device_ms=0.14483399999999999
PRODUCER_KERNEL_V1 stage=2 raw_iteration=1 ordinal=5 kernel=evaluate_resident_transport threads=504666 begin_tick=1990844613719833 end_tick=1990844614179208 ms_per_tick=9.9999999999999995e-07 device_ms=0.45937499999999998
PRODUCER_KERNEL_V1 stage=2 raw_iteration=1 ordinal=6 kernel=identify_resident_transport threads=1 begin_tick=1990844614179666 end_tick=1990844614182625 ms_per_tick=9.9999999999999995e-07 device_ms=0.0029589999999999998
PRODUCER_KERNEL_V1 stage=2 raw_iteration=1 ordinal=7 kernel=owner_bind_transport threads=1 begin_tick=1990844614183208 end_tick=1990844614186916 ms_per_tick=9.9999999999999995e-07 device_ms=0.0037079999999999999
PRODUCER_KERNEL_V1 stage=2 raw_iteration=1 ordinal=8 kernel=identify_resident_owner_endpoint_class threads=1 begin_tick=1990844614187750 end_tick=1990844614191208 ms_per_tick=9.9999999999999995e-07 device_ms=0.0034579999999999997
PRODUCER_KERNEL_V1 stage=2 raw_iteration=1 ordinal=9 kernel=evaluate_resident_physical_flux threads=1533387 begin_tick=1990844615131750 end_tick=1990844616252583 ms_per_tick=9.9999999999999995e-07 device_ms=1.120833
PRODUCER_KERNEL_V1 stage=2 raw_iteration=1 ordinal=10 kernel=evaluate_resident_advective_pair threads=13800483 begin_tick=1990844616522125 end_tick=1990844623829041 ms_per_tick=9.9999999999999995e-07 device_ms=7.3069159999999993
PRODUCER_KERNEL_V1 stage=2 raw_iteration=1 ordinal=11 kernel=finalize_resident_advective_high threads=13800483 begin_tick=1990844623829875 end_tick=1990844624249291 ms_per_tick=9.9999999999999995e-07 device_ms=0.41941599999999996
PRODUCER_KERNEL_V1 stage=2 raw_iteration=1 ordinal=12 kernel=compose_resident_flux_pair threads=13800483 begin_tick=1990844624249625 end_tick=1990844625138500 ms_per_tick=9.9999999999999995e-07 device_ms=0.88887499999999997
PRODUCER_KERNEL_V1 stage=2 raw_iteration=1 ordinal=13 kernel=validate_resident_physical_flux threads=13800483 begin_tick=1990844625139041 end_tick=1990844626019208 ms_per_tick=9.9999999999999995e-07 device_ms=0.88016699999999992
PRODUCER_KERNEL_V1 stage=2 raw_iteration=1 ordinal=14 kernel=identify_resident_physical_flux threads=32 begin_tick=1990844626019958 end_tick=1990844626023791 ms_per_tick=9.9999999999999995e-07 device_ms=0.003833
PRODUCER_KERNEL_V1 stage=2 raw_iteration=1 ordinal=15 kernel=owner_bind_candidate threads=1 begin_tick=1990844626024208 end_tick=1990844626027666 ms_per_tick=9.9999999999999995e-07 device_ms=0.0034579999999999997
PRODUCER_KERNEL_V1 stage=2 raw_iteration=1 ordinal=16 kernel=finalize_resident_eos_candidate threads=1 begin_tick=1990844626028250 end_tick=1990844626030541 ms_per_tick=9.9999999999999995e-07 device_ms=0.0022910000000000001
PRODUCER_KERNEL_V1 stage=2 raw_iteration=1 ordinal=17 kernel=build_eos_endpoint_table threads=14 begin_tick=1990844626031250 end_tick=1990844626321916 ms_per_tick=9.9999999999999995e-07 device_ms=0.29066599999999998
PRODUCER_KERNEL_V1 stage=2 raw_iteration=1 ordinal=18 kernel=evaluate_resident_eos_candidate threads=504666 begin_tick=1990844626322333 end_tick=1990844690914875 ms_per_tick=9.9999999999999995e-07 device_ms=64.592541999999995
PRODUCER_KERNEL_V1 stage=2 raw_iteration=1 ordinal=19 kernel=finalize_resident_eos_candidate threads=1 begin_tick=1990844690932250 end_tick=1990844690935208 ms_per_tick=9.9999999999999995e-07 device_ms=0.0029579999999999997
PRODUCER_KERNEL_V1 stage=2 raw_iteration=1 ordinal=20 kernel=identify_resident_eos threads=1 begin_tick=1990844690935583 end_tick=1990844690938208 ms_per_tick=9.9999999999999995e-07 device_ms=0.0026249999999999997
PRODUCER_KERNEL_V1 stage=2 raw_iteration=1 ordinal=21 kernel=produce_resident_frozen_source threads=504666 begin_tick=1990844690938875 end_tick=1990844690970458 ms_per_tick=9.9999999999999995e-07 device_ms=0.031583
PRODUCER_KERNEL_V1 stage=2 raw_iteration=1 ordinal=22 kernel=identify_resident_frozen_source threads=1 begin_tick=1990844690970875 end_tick=1990844690973708 ms_per_tick=9.9999999999999995e-07 device_ms=0.002833
PRODUCER_KERNEL_V1 stage=2 raw_iteration=1 ordinal=23 kernel=evaluate_resident_target_terms threads=504666 begin_tick=1990844690974291 end_tick=1990844805146958 ms_per_tick=9.9999999999999995e-07 device_ms=114.17266699999999
PRODUCER_KERNEL_V1 stage=2 raw_iteration=1 ordinal=24 kernel=finalize_resident_target threads=1 begin_tick=1990844805163708 end_tick=1990844805166875 ms_per_tick=9.9999999999999995e-07 device_ms=0.0031669999999999997
PRODUCER_KERNEL_V1 stage=2 raw_iteration=1 ordinal=25 kernel=identify_resident_target threads=1 begin_tick=1990844805167333 end_tick=1990844805170375 ms_per_tick=9.9999999999999995e-07 device_ms=0.003042
PRODUCER_KERNEL_V1 stage=2 raw_iteration=1 ordinal=26 kernel=issue_resident_projection_consumer threads=1 begin_tick=1990844805170791 end_tick=1990844805174666 ms_per_tick=9.9999999999999995e-07 device_ms=0.003875
PRODUCER_KERNEL_V1 stage=2 raw_iteration=1 ordinal=27 kernel=consume_resident_target threads=1 begin_tick=1990844805176125 end_tick=1990844805180333 ms_per_tick=9.9999999999999995e-07 device_ms=0.0042079999999999999
PRODUCER_KERNEL_V1 stage=2 raw_iteration=1 ordinal=28 kernel=owner_compose_target threads=504666 begin_tick=1990844805180708 end_tick=1990844805210916 ms_per_tick=9.9999999999999995e-07 device_ms=0.030207999999999999
PRODUCER_KERNEL_V1 stage=2 raw_iteration=1 ordinal=29 kernel=finalize_resident_target threads=1 begin_tick=1990844805211458 end_tick=1990844805214208 ms_per_tick=9.9999999999999995e-07 device_ms=0.0027499999999999998
PRODUCER_KERNEL_V1 stage=2 raw_iteration=1 ordinal=30 kernel=owner_identify_target threads=1 begin_tick=1990844805214625 end_tick=1990844805217500 ms_per_tick=9.9999999999999995e-07 device_ms=0.002875
PRODUCER_KERNEL_V1 stage=2 raw_iteration=1 ordinal=31 kernel=issue_resident_projection_consumer threads=1 begin_tick=1990844805218041 end_tick=1990844805221083 ms_per_tick=9.9999999999999995e-07 device_ms=0.003042
PRODUCER_KERNEL_V1 stage=2 raw_iteration=1 ordinal=32 kernel=consume_resident_target threads=1 begin_tick=1990844805221500 end_tick=1990844805224625 ms_per_tick=9.9999999999999995e-07 device_ms=0.0031249999999999997
PRODUCER_KERNEL_V1 stage=2 raw_iteration=1 ordinal=33 kernel=owner_issue_stage_seal threads=1 begin_tick=1990844805225125 end_tick=1990844805228250 ms_per_tick=9.9999999999999995e-07 device_ms=0.0031249999999999997
PRODUCER_KERNEL_V1 stage=2 raw_iteration=1 ordinal=34 kernel=fct_compatible_stage_rate threads=1533387 begin_tick=1990844805228625 end_tick=1990844805743916 ms_per_tick=9.9999999999999995e-07 device_ms=0.51529099999999994
PRODUCER_KERNEL_V1 stage=2 raw_iteration=1 ordinal=35 kernel=owner_heun_momentum threads=1533387 begin_tick=1990844805744333 end_tick=1990844805835750 ms_per_tick=9.9999999999999995e-07 device_ms=0.091416999999999998
RISE_FIRE_OWNER_PROFILE_V1 {"scope":85,"parent":80,"phase":"BuildStageProducerGroup","stage":2,"raw_iteration":1,"iteration_kind":"picard","wall_ms":274.113708000,"device_sum_ms":192.229958251,"wall_minus_device_ms":81.883749749,"exclusive_wall_ms":274.113708000,"exclusive_device_sum_ms":192.229958251,"child_observer_wall_ms":0.000000000,"count_scope":"inclusive","owner_commits":1,"projection_invocations":0}
RISE_FIRE_OWNER_PROFILE_V1 {"scope":86,"parent":80,"phase":"Residual","stage":2,"raw_iteration":1,"iteration_kind":"picard","wall_ms":0.320917000,"device_sum_ms":0.107875094,"wall_minus_device_ms":0.213041906,"exclusive_wall_ms":0.320917000,"exclusive_device_sum_ms":0.107875094,"child_observer_wall_ms":0.000000000,"count_scope":"inclusive","owner_commits":1,"projection_invocations":0}
RISE_FIRE_OWNER_PROFILE_V1 {"scope":80,"parent":69,"phase":"PicardIteration","stage":2,"raw_iteration":1,"iteration_kind":"picard","wall_ms":288.424625000,"device_sum_ms":201.503582997,"wall_minus_device_ms":86.921042003,"exclusive_wall_ms":0.368833000,"exclusive_device_sum_ms":0.000000000,"child_observer_wall_ms":0.028542000,"count_scope":"inclusive","owner_commits":6,"projection_invocations":1}
RISE_FIRE_OWNER_PROFILE_V1 {"scope":89,"parent":88,"phase":"ProjectionAdapter","stage":2,"raw_iteration":2,"iteration_kind":"picard","wall_ms":11.775458000,"device_sum_ms":8.933166275,"wall_minus_device_ms":2.842291725,"exclusive_wall_ms":11.775458000,"exclusive_device_sum_ms":8.933166275,"child_observer_wall_ms":0.000000000,"count_scope":"inclusive","owner_commits":0,"projection_invocations":1}
RISE_FIRE_OWNER_PROFILE_V1 {"scope":88,"parent":87,"phase":"Project","stage":2,"raw_iteration":2,"iteration_kind":"picard","wall_ms":12.930333000,"device_sum_ms":8.974374505,"wall_minus_device_ms":3.955958495,"exclusive_wall_ms":1.146416000,"exclusive_device_sum_ms":0.041208230,"child_observer_wall_ms":0.008459000,"count_scope":"inclusive","owner_commits":2,"projection_invocations":1}
RISE_FIRE_OWNER_PROFILE_V1 {"scope":90,"parent":87,"phase":"ReadOpenClass","stage":2,"raw_iteration":2,"iteration_kind":"picard","wall_ms":0.165375000,"device_sum_ms":0.002458459,"wall_minus_device_ms":0.162916541,"exclusive_wall_ms":0.165375000,"exclusive_device_sum_ms":0.002458459,"child_observer_wall_ms":0.000000000,"count_scope":"inclusive","owner_commits":1,"projection_invocations":0}
RISE_FIRE_OWNER_PROFILE_V1 {"scope":91,"parent":87,"phase":"ReadOpenClass","stage":2,"raw_iteration":2,"iteration_kind":"picard","wall_ms":0.151916000,"device_sum_ms":0.002416782,"wall_minus_device_ms":0.149499218,"exclusive_wall_ms":0.151916000,"exclusive_device_sum_ms":0.002416782,"child_observer_wall_ms":0.000000000,"count_scope":"inclusive","owner_commits":1,"projection_invocations":0}
PRODUCER_COMMAND_V1 stage=2 raw_iteration=2 cpu_begin=1990844820102708 cpu_end=1990845094766875 gpu_begin=1990844820102708 gpu_end=1990845094766875 device_ms=192.92895821854472 encoders=36 interval_scope=possibly_overlapping
PRODUCER_KERNEL_V1 stage=2 raw_iteration=2 ordinal=0 kernel=owner_pack_faces threads=1533387 begin_tick=1990844901728333 end_tick=1990844901788750 ms_per_tick=9.9999999999999995e-07 device_ms=0.060416999999999998
PRODUCER_KERNEL_V1 stage=2 raw_iteration=2 ordinal=1 kernel=owner_pack_faces threads=1533387 begin_tick=1990844901788583 end_tick=1990844902225000 ms_per_tick=9.9999999999999995e-07 device_ms=0.436417
PRODUCER_KERNEL_V1 stage=2 raw_iteration=2 ordinal=2 kernel=owner_pack_faces threads=1533387 begin_tick=1990844901726458 end_tick=1990844901788583 ms_per_tick=9.9999999999999995e-07 device_ms=0.062125
PRODUCER_KERNEL_V1 stage=2 raw_iteration=2 ordinal=3 kernel=fct_extract_gas_density threads=504666 begin_tick=1990844902225000 end_tick=1990844902247916 ms_per_tick=9.9999999999999995e-07 device_ms=0.022915999999999999
PRODUCER_KERNEL_V1 stage=2 raw_iteration=2 ordinal=4 kernel=owner_gas_source threads=504666 begin_tick=1990844902247916 end_tick=1990844902293041 ms_per_tick=9.9999999999999995e-07 device_ms=0.045124999999999998
PRODUCER_KERNEL_V1 stage=2 raw_iteration=2 ordinal=5 kernel=evaluate_resident_transport threads=504666 begin_tick=1990844901789125 end_tick=1990844902312833 ms_per_tick=9.9999999999999995e-07 device_ms=0.52370799999999995
PRODUCER_KERNEL_V1 stage=2 raw_iteration=2 ordinal=6 kernel=identify_resident_transport threads=1 begin_tick=1990844902313333 end_tick=1990844902316458 ms_per_tick=9.9999999999999995e-07 device_ms=0.0031249999999999997
PRODUCER_KERNEL_V1 stage=2 raw_iteration=2 ordinal=7 kernel=owner_bind_transport threads=1 begin_tick=1990844902317000 end_tick=1990844902320666 ms_per_tick=9.9999999999999995e-07 device_ms=0.003666
PRODUCER_KERNEL_V1 stage=2 raw_iteration=2 ordinal=8 kernel=identify_resident_owner_endpoint_class threads=1 begin_tick=1990844902321083 end_tick=1990844902324125 ms_per_tick=9.9999999999999995e-07 device_ms=0.003042
PRODUCER_KERNEL_V1 stage=2 raw_iteration=2 ordinal=9 kernel=evaluate_resident_physical_flux threads=1533387 begin_tick=1990844903114875 end_tick=1990844904233958 ms_per_tick=9.9999999999999995e-07 device_ms=1.119083
PRODUCER_KERNEL_V1 stage=2 raw_iteration=2 ordinal=10 kernel=evaluate_resident_advective_pair threads=13800483 begin_tick=1990844904589583 end_tick=1990844911733625 ms_per_tick=9.9999999999999995e-07 device_ms=7.1440419999999998
PRODUCER_KERNEL_V1 stage=2 raw_iteration=2 ordinal=11 kernel=finalize_resident_advective_high threads=13800483 begin_tick=1990844911734291 end_tick=1990844912153166 ms_per_tick=9.9999999999999995e-07 device_ms=0.418875
PRODUCER_KERNEL_V1 stage=2 raw_iteration=2 ordinal=12 kernel=compose_resident_flux_pair threads=13800483 begin_tick=1990844912153625 end_tick=1990844913039875 ms_per_tick=9.9999999999999995e-07 device_ms=0.88624999999999998
PRODUCER_KERNEL_V1 stage=2 raw_iteration=2 ordinal=13 kernel=validate_resident_physical_flux threads=13800483 begin_tick=1990844913040541 end_tick=1990844913868500 ms_per_tick=9.9999999999999995e-07 device_ms=0.827959
PRODUCER_KERNEL_V1 stage=2 raw_iteration=2 ordinal=14 kernel=identify_resident_physical_flux threads=32 begin_tick=1990844913869083 end_tick=1990844913872291 ms_per_tick=9.9999999999999995e-07 device_ms=0.0032079999999999999
PRODUCER_KERNEL_V1 stage=2 raw_iteration=2 ordinal=15 kernel=owner_bind_candidate threads=1 begin_tick=1990844913872708 end_tick=1990844913876458 ms_per_tick=9.9999999999999995e-07 device_ms=0.0037499999999999999
PRODUCER_KERNEL_V1 stage=2 raw_iteration=2 ordinal=16 kernel=finalize_resident_eos_candidate threads=1 begin_tick=1990844913877583 end_tick=1990844913880000 ms_per_tick=9.9999999999999995e-07 device_ms=0.0024169999999999999
PRODUCER_KERNEL_V1 stage=2 raw_iteration=2 ordinal=17 kernel=build_eos_endpoint_table threads=14 begin_tick=1990844913880625 end_tick=1990844914172750 ms_per_tick=9.9999999999999995e-07 device_ms=0.29212499999999997
PRODUCER_KERNEL_V1 stage=2 raw_iteration=2 ordinal=18 kernel=evaluate_resident_eos_candidate threads=504666 begin_tick=1990844914173083 end_tick=1990844977743375 ms_per_tick=9.9999999999999995e-07 device_ms=63.570291999999995
PRODUCER_KERNEL_V1 stage=2 raw_iteration=2 ordinal=19 kernel=finalize_resident_eos_candidate threads=1 begin_tick=1990844977761041 end_tick=1990844977763916 ms_per_tick=9.9999999999999995e-07 device_ms=0.002875
PRODUCER_KERNEL_V1 stage=2 raw_iteration=2 ordinal=20 kernel=identify_resident_eos threads=1 begin_tick=1990844977764250 end_tick=1990844977767833 ms_per_tick=9.9999999999999995e-07 device_ms=0.0035829999999999998
PRODUCER_KERNEL_V1 stage=2 raw_iteration=2 ordinal=21 kernel=produce_resident_frozen_source threads=504666 begin_tick=1990844977768291 end_tick=1990844977802375 ms_per_tick=9.9999999999999995e-07 device_ms=0.034083999999999996
PRODUCER_KERNEL_V1 stage=2 raw_iteration=2 ordinal=22 kernel=identify_resident_frozen_source threads=1 begin_tick=1990844977802708 end_tick=1990844977805333 ms_per_tick=9.9999999999999995e-07 device_ms=0.0026249999999999997
PRODUCER_KERNEL_V1 stage=2 raw_iteration=2 ordinal=23 kernel=evaluate_resident_target_terms threads=504666 begin_tick=1990844977805791 end_tick=1990845093968041 ms_per_tick=9.9999999999999995e-07 device_ms=116.16225
PRODUCER_KERNEL_V1 stage=2 raw_iteration=2 ordinal=24 kernel=finalize_resident_target threads=1 begin_tick=1990845093982375 end_tick=1990845093985500 ms_per_tick=9.9999999999999995e-07 device_ms=0.0031249999999999997
PRODUCER_KERNEL_V1 stage=2 raw_iteration=2 ordinal=25 kernel=identify_resident_target threads=1 begin_tick=1990845093985916 end_tick=1990845093988916 ms_per_tick=9.9999999999999995e-07 device_ms=0.0030000000000000001
PRODUCER_KERNEL_V1 stage=2 raw_iteration=2 ordinal=26 kernel=issue_resident_projection_consumer threads=1 begin_tick=1990845093989333 end_tick=1990845093993416 ms_per_tick=9.9999999999999995e-07 device_ms=0.0040829999999999998
PRODUCER_KERNEL_V1 stage=2 raw_iteration=2 ordinal=27 kernel=consume_resident_target threads=1 begin_tick=1990845093993833 end_tick=1990845093997833 ms_per_tick=9.9999999999999995e-07 device_ms=0.0040000000000000001
PRODUCER_KERNEL_V1 stage=2 raw_iteration=2 ordinal=28 kernel=owner_compose_target threads=504666 begin_tick=1990845093998250 end_tick=1990845094029750 ms_per_tick=9.9999999999999995e-07 device_ms=0.0315
PRODUCER_KERNEL_V1 stage=2 raw_iteration=2 ordinal=29 kernel=finalize_resident_target threads=1 begin_tick=1990845094030250 end_tick=1990845094032625 ms_per_tick=9.9999999999999995e-07 device_ms=0.0023749999999999999
PRODUCER_KERNEL_V1 stage=2 raw_iteration=2 ordinal=30 kernel=owner_identify_target threads=1 begin_tick=1990845094032958 end_tick=1990845094035791 ms_per_tick=9.9999999999999995e-07 device_ms=0.002833
PRODUCER_KERNEL_V1 stage=2 raw_iteration=2 ordinal=31 kernel=issue_resident_projection_consumer threads=1 begin_tick=1990845094036291 end_tick=1990845094039166 ms_per_tick=9.9999999999999995e-07 device_ms=0.002875
PRODUCER_KERNEL_V1 stage=2 raw_iteration=2 ordinal=32 kernel=consume_resident_target threads=1 begin_tick=1990845094039500 end_tick=1990845094042583 ms_per_tick=9.9999999999999995e-07 device_ms=0.0030829999999999998
PRODUCER_KERNEL_V1 stage=2 raw_iteration=2 ordinal=33 kernel=owner_issue_stage_seal threads=1 begin_tick=1990845094043041 end_tick=1990845094045875 ms_per_tick=9.9999999999999995e-07 device_ms=0.0028339999999999997
PRODUCER_KERNEL_V1 stage=2 raw_iteration=2 ordinal=34 kernel=fct_compatible_stage_rate threads=1533387 begin_tick=1990845094046250 end_tick=1990845094560000 ms_per_tick=9.9999999999999995e-07 device_ms=0.51374999999999993
PRODUCER_KERNEL_V1 stage=2 raw_iteration=2 ordinal=35 kernel=owner_heun_momentum threads=1533387 begin_tick=1990845094560500 end_tick=1990845094649458 ms_per_tick=9.9999999999999995e-07 device_ms=0.088957999999999995
RISE_FIRE_OWNER_PROFILE_V1 {"scope":92,"parent":87,"phase":"BuildStageProducerGroup","stage":2,"raw_iteration":2,"iteration_kind":"picard","wall_ms":274.818417000,"device_sum_ms":192.928958219,"wall_minus_device_ms":81.889458781,"exclusive_wall_ms":274.818417000,"exclusive_device_sum_ms":192.928958219,"child_observer_wall_ms":0.000000000,"count_scope":"inclusive","owner_commits":1,"projection_invocations":0}
RISE_FIRE_OWNER_PROFILE_V1 {"scope":93,"parent":87,"phase":"Residual","stage":2,"raw_iteration":2,"iteration_kind":"picard","wall_ms":0.310458000,"device_sum_ms":0.109916553,"wall_minus_device_ms":0.200541447,"exclusive_wall_ms":0.310458000,"exclusive_device_sum_ms":0.109916553,"child_observer_wall_ms":0.000000000,"count_scope":"inclusive","owner_commits":1,"projection_invocations":0}
RISE_FIRE_OWNER_PROFILE_V1 {"scope":96,"parent":95,"phase":"ProjectionAdapter","stage":2,"raw_iteration":2147483650,"iteration_kind":"terminal","wall_ms":11.907125000,"device_sum_ms":9.103708435,"wall_minus_device_ms":2.803416565,"exclusive_wall_ms":11.907125000,"exclusive_device_sum_ms":9.103708435,"child_observer_wall_ms":0.000000000,"count_scope":"inclusive","owner_commits":0,"projection_invocations":1}
RISE_FIRE_OWNER_PROFILE_V1 {"scope":95,"parent":94,"phase":"Project","stage":2,"raw_iteration":2147483650,"iteration_kind":"terminal","wall_ms":12.394250000,"device_sum_ms":9.142916650,"wall_minus_device_ms":3.251333350,"exclusive_wall_ms":0.479500000,"exclusive_device_sum_ms":0.039208215,"child_observer_wall_ms":0.007625000,"count_scope":"inclusive","owner_commits":2,"projection_invocations":1}
RISE_FIRE_OWNER_PROFILE_V1 {"scope":97,"parent":94,"phase":"ReadOpenClass","stage":2,"raw_iteration":2147483650,"iteration_kind":"terminal","wall_ms":0.155250000,"device_sum_ms":0.002416782,"wall_minus_device_ms":0.152833218,"exclusive_wall_ms":0.155250000,"exclusive_device_sum_ms":0.002416782,"child_observer_wall_ms":0.000000000,"count_scope":"inclusive","owner_commits":1,"projection_invocations":0}
RISE_FIRE_OWNER_PROFILE_V1 {"scope":98,"parent":94,"phase":"ReadOpenClass","stage":2,"raw_iteration":2147483650,"iteration_kind":"terminal","wall_ms":0.151000000,"device_sum_ms":0.002375105,"wall_minus_device_ms":0.148624895,"exclusive_wall_ms":0.151000000,"exclusive_device_sum_ms":0.002375105,"child_observer_wall_ms":0.000000000,"count_scope":"inclusive","owner_commits":1,"projection_invocations":0}
PRODUCER_COMMAND_V1 stage=2 raw_iteration=2147483650 cpu_begin=1990845107977833 cpu_end=1990845383206708 gpu_begin=1990845107977833 gpu_end=1990845383206708 device_ms=194.33300010859966 encoders=36 interval_scope=possibly_overlapping
PRODUCER_KERNEL_V1 stage=2 raw_iteration=2147483650 ordinal=0 kernel=owner_pack_faces threads=1533387 begin_tick=1990845188874541 end_tick=1990845188925958 ms_per_tick=9.9999999999999995e-07 device_ms=0.051416999999999997
PRODUCER_KERNEL_V1 stage=2 raw_iteration=2147483650 ordinal=1 kernel=owner_pack_faces threads=1533387 begin_tick=1990845188998375 end_tick=1990845189049041 ms_per_tick=9.9999999999999995e-07 device_ms=0.050665999999999996
PRODUCER_KERNEL_V1 stage=2 raw_iteration=2147483650 ordinal=2 kernel=owner_pack_faces threads=1533387 begin_tick=1990845189077666 end_tick=1990845189128083 ms_per_tick=9.9999999999999995e-07 device_ms=0.050416999999999997
PRODUCER_KERNEL_V1 stage=2 raw_iteration=2147483650 ordinal=3 kernel=fct_extract_gas_density threads=504666 begin_tick=1990845189123083 end_tick=1990845189174333 ms_per_tick=9.9999999999999995e-07 device_ms=0.051249999999999997
PRODUCER_KERNEL_V1 stage=2 raw_iteration=2147483650 ordinal=4 kernel=owner_gas_source threads=504666 begin_tick=1990845189204458 end_tick=1990845189245500 ms_per_tick=9.9999999999999995e-07 device_ms=0.041041999999999995
PRODUCER_KERNEL_V1 stage=2 raw_iteration=2147483650 ordinal=5 kernel=evaluate_resident_transport threads=504666 begin_tick=1990845189293208 end_tick=1990845189753083 ms_per_tick=9.9999999999999995e-07 device_ms=0.45987499999999998
PRODUCER_KERNEL_V1 stage=2 raw_iteration=2147483650 ordinal=6 kernel=identify_resident_transport threads=1 begin_tick=1990845189753500 end_tick=1990845189756500 ms_per_tick=9.9999999999999995e-07 device_ms=0.0030000000000000001
PRODUCER_KERNEL_V1 stage=2 raw_iteration=2147483650 ordinal=7 kernel=owner_bind_transport threads=1 begin_tick=1990845189757083 end_tick=1990845189760833 ms_per_tick=9.9999999999999995e-07 device_ms=0.0037499999999999999
PRODUCER_KERNEL_V1 stage=2 raw_iteration=2147483650 ordinal=8 kernel=identify_resident_owner_endpoint_class threads=1 begin_tick=1990845189761250 end_tick=1990845189764416 ms_per_tick=9.9999999999999995e-07 device_ms=0.003166
PRODUCER_KERNEL_V1 stage=2 raw_iteration=2147483650 ordinal=9 kernel=evaluate_resident_physical_flux threads=1533387 begin_tick=1990845190719541 end_tick=1990845191832000 ms_per_tick=9.9999999999999995e-07 device_ms=1.1124589999999999
PRODUCER_KERNEL_V1 stage=2 raw_iteration=2147483650 ordinal=10 kernel=evaluate_resident_advective_pair threads=13800483 begin_tick=1990845192174583 end_tick=1990845199319208 ms_per_tick=9.9999999999999995e-07 device_ms=7.1446249999999996
PRODUCER_KERNEL_V1 stage=2 raw_iteration=2147483650 ordinal=11 kernel=finalize_resident_advective_high threads=13800483 begin_tick=1990845199320083 end_tick=1990845199743750 ms_per_tick=9.9999999999999995e-07 device_ms=0.42366699999999996
PRODUCER_KERNEL_V1 stage=2 raw_iteration=2147483650 ordinal=12 kernel=compose_resident_flux_pair threads=13800483 begin_tick=1990845199744083 end_tick=1990845200628000 ms_per_tick=9.9999999999999995e-07 device_ms=0.88391699999999995
PRODUCER_KERNEL_V1 stage=2 raw_iteration=2147483650 ordinal=13 kernel=validate_resident_physical_flux threads=13800483 begin_tick=1990845200628500 end_tick=1990845201490625 ms_per_tick=9.9999999999999995e-07 device_ms=0.86212499999999992
PRODUCER_KERNEL_V1 stage=2 raw_iteration=2147483650 ordinal=14 kernel=identify_resident_physical_flux threads=32 begin_tick=1990845201491125 end_tick=1990845201494375 ms_per_tick=9.9999999999999995e-07 device_ms=0.0032499999999999999
PRODUCER_KERNEL_V1 stage=2 raw_iteration=2147483650 ordinal=15 kernel=owner_bind_candidate threads=1 begin_tick=1990845201494875 end_tick=1990845201498708 ms_per_tick=9.9999999999999995e-07 device_ms=0.003833
PRODUCER_KERNEL_V1 stage=2 raw_iteration=2147483650 ordinal=16 kernel=finalize_resident_eos_candidate threads=1 begin_tick=1990845201499375 end_tick=1990845201501833 ms_per_tick=9.9999999999999995e-07 device_ms=0.0024579999999999997
PRODUCER_KERNEL_V1 stage=2 raw_iteration=2147483650 ordinal=17 kernel=build_eos_endpoint_table threads=14 begin_tick=1990845201502583 end_tick=1990845201793791 ms_per_tick=9.9999999999999995e-07 device_ms=0.29120799999999997
PRODUCER_KERNEL_V1 stage=2 raw_iteration=2147483650 ordinal=18 kernel=evaluate_resident_eos_candidate threads=504666 begin_tick=1990845201794208 end_tick=1990845267666208 ms_per_tick=9.9999999999999995e-07 device_ms=65.872
PRODUCER_KERNEL_V1 stage=2 raw_iteration=2147483650 ordinal=19 kernel=finalize_resident_eos_candidate threads=1 begin_tick=1990845268074708 end_tick=1990845268077416 ms_per_tick=9.9999999999999995e-07 device_ms=0.0027079999999999999
PRODUCER_KERNEL_V1 stage=2 raw_iteration=2147483650 ordinal=20 kernel=identify_resident_eos threads=1 begin_tick=1990845268077833 end_tick=1990845268080458 ms_per_tick=9.9999999999999995e-07 device_ms=0.0026249999999999997
PRODUCER_KERNEL_V1 stage=2 raw_iteration=2147483650 ordinal=21 kernel=produce_resident_frozen_source threads=504666 begin_tick=1990845268081166 end_tick=1990845268113708 ms_per_tick=9.9999999999999995e-07 device_ms=0.032542000000000001
PRODUCER_KERNEL_V1 stage=2 raw_iteration=2147483650 ordinal=22 kernel=identify_resident_frozen_source threads=1 begin_tick=1990845268114041 end_tick=1990845268116875 ms_per_tick=9.9999999999999995e-07 device_ms=0.0028339999999999997
PRODUCER_KERNEL_V1 stage=2 raw_iteration=2147483650 ordinal=23 kernel=evaluate_resident_target_terms threads=504666 begin_tick=1990845268117458 end_tick=1990845382376791 ms_per_tick=9.9999999999999995e-07 device_ms=114.259333
PRODUCER_KERNEL_V1 stage=2 raw_iteration=2147483650 ordinal=24 kernel=finalize_resident_target threads=1 begin_tick=1990845382391625 end_tick=1990845382394583 ms_per_tick=9.9999999999999995e-07 device_ms=0.0029579999999999997
PRODUCER_KERNEL_V1 stage=2 raw_iteration=2147483650 ordinal=25 kernel=identify_resident_target threads=1 begin_tick=1990845382395083 end_tick=1990845382398000 ms_per_tick=9.9999999999999995e-07 device_ms=0.0029169999999999999
PRODUCER_KERNEL_V1 stage=2 raw_iteration=2147483650 ordinal=26 kernel=issue_resident_projection_consumer threads=1 begin_tick=1990845382398458 end_tick=1990845382402875 ms_per_tick=9.9999999999999995e-07 device_ms=0.0044169999999999999
PRODUCER_KERNEL_V1 stage=2 raw_iteration=2147483650 ordinal=27 kernel=consume_resident_target threads=1 begin_tick=1990845382403416 end_tick=1990845382407625 ms_per_tick=9.9999999999999995e-07 device_ms=0.0042090000000000001
PRODUCER_KERNEL_V1 stage=2 raw_iteration=2147483650 ordinal=28 kernel=owner_compose_target threads=504666 begin_tick=1990845382407916 end_tick=1990845382439166 ms_per_tick=9.9999999999999995e-07 device_ms=0.03125
PRODUCER_KERNEL_V1 stage=2 raw_iteration=2147483650 ordinal=29 kernel=finalize_resident_target threads=1 begin_tick=1990845382439583 end_tick=1990845382442208 ms_per_tick=9.9999999999999995e-07 device_ms=0.0026249999999999997
PRODUCER_KERNEL_V1 stage=2 raw_iteration=2147483650 ordinal=30 kernel=owner_identify_target threads=1 begin_tick=1990845382442583 end_tick=1990845382445416 ms_per_tick=9.9999999999999995e-07 device_ms=0.002833
PRODUCER_KERNEL_V1 stage=2 raw_iteration=2147483650 ordinal=31 kernel=issue_resident_projection_consumer threads=1 begin_tick=1990845382445958 end_tick=1990845382449000 ms_per_tick=9.9999999999999995e-07 device_ms=0.003042
PRODUCER_KERNEL_V1 stage=2 raw_iteration=2147483650 ordinal=32 kernel=consume_resident_target threads=1 begin_tick=1990845382449416 end_tick=1990845382452583 ms_per_tick=9.9999999999999995e-07 device_ms=0.0031669999999999997
PRODUCER_KERNEL_V1 stage=2 raw_iteration=2147483650 ordinal=33 kernel=owner_issue_stage_seal threads=1 begin_tick=1990845382453166 end_tick=1990845382456041 ms_per_tick=9.9999999999999995e-07 device_ms=0.002875
PRODUCER_KERNEL_V1 stage=2 raw_iteration=2147483650 ordinal=34 kernel=fct_compatible_stage_rate threads=1533387 begin_tick=1990845382456541 end_tick=1990845382976666 ms_per_tick=9.9999999999999995e-07 device_ms=0.52012499999999995
PRODUCER_KERNEL_V1 stage=2 raw_iteration=2147483650 ordinal=35 kernel=owner_heun_momentum threads=1533387 begin_tick=1990845382977208 end_tick=1990845383069333 ms_per_tick=9.9999999999999995e-07 device_ms=0.092124999999999999
RISE_FIRE_OWNER_PROFILE_V1 {"scope":99,"parent":94,"phase":"BuildStageProducerGroup","stage":2,"raw_iteration":2147483650,"iteration_kind":"terminal","wall_ms":275.384250000,"device_sum_ms":194.333000109,"wall_minus_device_ms":81.051249891,"exclusive_wall_ms":275.384250000,"exclusive_device_sum_ms":194.333000109,"child_observer_wall_ms":0.000000000,"count_scope":"inclusive","owner_commits":1,"projection_invocations":0}
RISE_FIRE_OWNER_PROFILE_V1 {"scope":100,"parent":94,"phase":"Residual","stage":2,"raw_iteration":2147483650,"iteration_kind":"terminal","wall_ms":0.320667000,"device_sum_ms":0.118500087,"wall_minus_device_ms":0.202166913,"exclusive_wall_ms":0.320667000,"exclusive_device_sum_ms":0.118500087,"child_observer_wall_ms":0.000000000,"count_scope":"inclusive","owner_commits":1,"projection_invocations":0}
RISE_FIRE_OWNER_PROFILE_V1 {"scope":94,"parent":87,"phase":"TerminalVerification","stage":2,"raw_iteration":2147483650,"iteration_kind":"terminal","wall_ms":288.448500000,"device_sum_ms":203.599208733,"wall_minus_device_ms":84.849291267,"exclusive_wall_ms":0.004167000,"exclusive_device_sum_ms":0.000000000,"child_observer_wall_ms":0.038916000,"count_scope":"inclusive","owner_commits":6,"projection_invocations":1}
RISE_FIRE_OWNER_PROFILE_V1 {"scope":87,"parent":69,"phase":"PicardIteration","stage":2,"raw_iteration":2,"iteration_kind":"picard","wall_ms":577.301958000,"device_sum_ms":405.617333250,"wall_minus_device_ms":171.684624750,"exclusive_wall_ms":0.445168000,"exclusive_device_sum_ms":0.000000000,"child_observer_wall_ms":0.031791000,"count_scope":"inclusive","owner_commits":12,"projection_invocations":2}
RISE_FIRE_OWNER_PROFILE_V1 {"scope":69,"parent":1,"phase":"SolveStage","stage":2,"raw_iteration":4294967295,"iteration_kind":"bootstrap","wall_ms":1443.592209000,"device_sum_ms":1012.640749803,"wall_minus_device_ms":430.951459197,"exclusive_wall_ms":1.493251000,"exclusive_device_sum_ms":0.000000000,"child_observer_wall_ms":0.029626000,"count_scope":"inclusive","owner_commits":27,"projection_invocations":5}
RISE_FIRE_OWNER_PROFILE_V1 {"scope":101,"parent":1,"phase":"TerminalPublication","stage":4294967295,"raw_iteration":4294967295,"iteration_kind":"owner","wall_ms":11.800666000,"device_sum_ms":5.923583172,"wall_minus_device_ms":5.877082828,"exclusive_wall_ms":11.800666000,"exclusive_device_sum_ms":5.923583172,"child_observer_wall_ms":0.000000000,"count_scope":"inclusive","owner_commits":1,"projection_invocations":0}
RISE_FIRE_OWNER_PROFILE_V1 {"scope":1,"parent":0,"phase":"OwnerRun","stage":4294967295,"raw_iteration":4294967295,"iteration_kind":"owner","wall_ms":4506.640375000,"device_sum_ms":3111.654542852,"wall_minus_device_ms":1394.985832148,"exclusive_wall_ms":6.312417000,"exclusive_device_sum_ms":0.015374972,"child_observer_wall_ms":0.052291000,"count_scope":"inclusive","owner_commits":86,"projection_invocations":15}
capstone accepted step=3 time=0.00493879791 dt=0.00164626597 Tmax=307.866404 qmax=0 eos_max=7.67236907e-05 approach_eos_max=7.67236907e-05 limiter_class=continuous limiter_discrepancy=0 active_set_class=continuous active_set_discrepancy=0 active_set_cycle=0 active_set_faces=0
capstone pilot diagnostic Tmax=307.866045 CH4max=8.07286779e-06 O2max=0.265995681 eos_max=7.67236907e-05 approach_eos_max=7.67236907e-05
OWNER_COST_PREFIX complete=1 steps=3 time=0.004938797908835113 wall_s=16.588276624999999 outcome_sha256=d20b4ca781f701e833ee08d3aae8b694d98ed7b4f7fb08ed6c303ee7631c7b6a full_verdict=unavailable error=
