OWNER_COST_SNAPSHOT_SCOPE_RED count=2 passed=1
capstone probe workers=8 target=0.00493879791 grid=69x69x106 dx=0.0305931161 t_ft=2.09320803
capstone step-start=0 speed=0 gprime=0 nu=2.23472097e-05 selected=5.23521035 previous=0
capstone event-step=0.00164626597 pilot_ceiling=0.0115509308 ramp_end=0.209320803
RISE_FIRE_OWNER_PROFILE_V1 {"scope":2,"parent":1,"phase":"Prepare","stage":4294967295,"raw_iteration":4294967295,"iteration_kind":"owner","wall_ms":95.935791000,"device_sum_ms":2.830541693,"wall_minus_device_ms":93.105249307,"exclusive_wall_ms":95.935791000,"exclusive_device_sum_ms":2.830541693,"child_observer_wall_ms":0.000000000,"count_scope":"inclusive","owner_commits":1,"projection_invocations":0}
RISE_FIRE_OWNER_PROFILE_V1 {"scope":5,"parent":4,"phase":"ProjectionAdapter","stage":0,"raw_iteration":4294967295,"iteration_kind":"bootstrap","wall_ms":20.779041000,"device_sum_ms":16.107291682,"wall_minus_device_ms":4.671749318,"exclusive_wall_ms":20.779041000,"exclusive_device_sum_ms":16.107291682,"child_observer_wall_ms":0.000000000,"count_scope":"inclusive","owner_commits":0,"projection_invocations":1}
RISE_FIRE_OWNER_PROFILE_V1 {"scope":4,"parent":3,"phase":"Project","stage":0,"raw_iteration":4294967295,"iteration_kind":"bootstrap","wall_ms":22.190917000,"device_sum_ms":16.153000062,"wall_minus_device_ms":6.037916938,"exclusive_wall_ms":1.384209000,"exclusive_device_sum_ms":0.045708381,"child_observer_wall_ms":0.027667000,"count_scope":"inclusive","owner_commits":2,"projection_invocations":1}
PRODUCER_COMMAND_V1 stage=0 raw_iteration=4294967295 cpu_begin=1991651950045625 cpu_end=1991652239487416 gpu_begin=1991651950045625 gpu_end=1991652239487416 device_ms=206.69179176911712 encoders=39 interval_scope=possibly_overlapping
PRODUCER_KERNEL_V1 stage=0 raw_iteration=4294967295 ordinal=0 kernel=owner_pack_faces threads=1533387 begin_tick=1991652032681458 end_tick=1991652032760416 ms_per_tick=9.9999999999999995e-07 device_ms=0.078958
PRODUCER_KERNEL_V1 stage=0 raw_iteration=4294967295 ordinal=1 kernel=owner_pack_faces threads=1533387 begin_tick=1991652032759958 end_tick=1991652033359333 ms_per_tick=9.9999999999999995e-07 device_ms=0.59937499999999999
PRODUCER_KERNEL_V1 stage=0 raw_iteration=4294967295 ordinal=2 kernel=owner_pack_faces threads=1533387 begin_tick=1991652032678625 end_tick=1991652032759958 ms_per_tick=9.9999999999999995e-07 device_ms=0.081333000000000003
PRODUCER_KERNEL_V1 stage=0 raw_iteration=4294967295 ordinal=3 kernel=fct_extract_gas_density threads=504666 begin_tick=1991652032761000 end_tick=1991652032815708 ms_per_tick=9.9999999999999995e-07 device_ms=0.054708
PRODUCER_KERNEL_V1 stage=0 raw_iteration=4294967295 ordinal=4 kernel=owner_gas_source threads=504666 begin_tick=1991652033359791 end_tick=1991652033664625 ms_per_tick=9.9999999999999995e-07 device_ms=0.30483399999999999
PRODUCER_KERNEL_V1 stage=0 raw_iteration=4294967295 ordinal=5 kernel=evaluate_resident_transport threads=504666 begin_tick=1991652032830750 end_tick=1991652033696000 ms_per_tick=9.9999999999999995e-07 device_ms=0.86524999999999996
PRODUCER_KERNEL_V1 stage=0 raw_iteration=4294967295 ordinal=6 kernel=identify_resident_transport threads=1 begin_tick=1991652033696458 end_tick=1991652033701625 ms_per_tick=9.9999999999999995e-07 device_ms=0.0051669999999999997
PRODUCER_KERNEL_V1 stage=0 raw_iteration=4294967295 ordinal=7 kernel=owner_bind_transport threads=1 begin_tick=1991652033702333 end_tick=1991652033707958 ms_per_tick=9.9999999999999995e-07 device_ms=0.0056249999999999998
PRODUCER_KERNEL_V1 stage=0 raw_iteration=4294967295 ordinal=8 kernel=identify_resident_owner_endpoint_class threads=1 begin_tick=1991652033708458 end_tick=1991652033713500 ms_per_tick=9.9999999999999995e-07 device_ms=0.0050419999999999996
PRODUCER_KERNEL_V1 stage=0 raw_iteration=4294967295 ordinal=9 kernel=evaluate_resident_physical_flux threads=1533387 begin_tick=1991652034224458 end_tick=1991652036508250 ms_per_tick=9.9999999999999995e-07 device_ms=2.283792
PRODUCER_KERNEL_V1 stage=0 raw_iteration=4294967295 ordinal=10 kernel=evaluate_resident_advective_pair threads=13800483 begin_tick=1991652035553750 end_tick=1991652051093125 ms_per_tick=9.9999999999999995e-07 device_ms=15.539375
PRODUCER_KERNEL_V1 stage=0 raw_iteration=4294967295 ordinal=11 kernel=finalize_resident_advective_high threads=13800483 begin_tick=1991652051115208 end_tick=1991652051958833 ms_per_tick=9.9999999999999995e-07 device_ms=0.84362499999999996
PRODUCER_KERNEL_V1 stage=0 raw_iteration=4294967295 ordinal=12 kernel=compose_resident_flux_pair threads=13800483 begin_tick=1991652051959333 end_tick=1991652053417916 ms_per_tick=9.9999999999999995e-07 device_ms=1.458583
PRODUCER_KERNEL_V1 stage=0 raw_iteration=4294967295 ordinal=13 kernel=validate_resident_physical_flux threads=13800483 begin_tick=1991652053418833 end_tick=1991652054479333 ms_per_tick=9.9999999999999995e-07 device_ms=1.0605
PRODUCER_KERNEL_V1 stage=0 raw_iteration=4294967295 ordinal=14 kernel=identify_resident_physical_flux threads=32 begin_tick=1991652054480083 end_tick=1991652054483875 ms_per_tick=9.9999999999999995e-07 device_ms=0.0037919999999999998
PRODUCER_KERNEL_V1 stage=0 raw_iteration=4294967295 ordinal=15 kernel=fct_build_ratios threads=5551326 begin_tick=1991652054484333 end_tick=1991652058299875 ms_per_tick=9.9999999999999995e-07 device_ms=3.8155419999999998
PRODUCER_KERNEL_V1 stage=0 raw_iteration=4294967295 ordinal=16 kernel=fct_build_face_alpha threads=1533387 begin_tick=1991652058300416 end_tick=1991652058561916 ms_per_tick=9.9999999999999995e-07 device_ms=0.26150000000000001
PRODUCER_KERNEL_V1 stage=0 raw_iteration=4294967295 ordinal=17 kernel=fct_commit_scalar threads=504666 begin_tick=1991652058562541 end_tick=1991652058758708 ms_per_tick=9.9999999999999995e-07 device_ms=0.19616699999999998
PRODUCER_KERNEL_V1 stage=0 raw_iteration=4294967295 ordinal=18 kernel=owner_bind_candidate threads=1 begin_tick=1991652058759250 end_tick=1991652058763041 ms_per_tick=9.9999999999999995e-07 device_ms=0.0037909999999999997
PRODUCER_KERNEL_V1 stage=0 raw_iteration=4294967295 ordinal=19 kernel=finalize_resident_eos_candidate threads=1 begin_tick=1991652058763625 end_tick=1991652058766416 ms_per_tick=9.9999999999999995e-07 device_ms=0.0027910000000000001
PRODUCER_KERNEL_V1 stage=0 raw_iteration=4294967295 ordinal=20 kernel=build_eos_endpoint_table threads=14 begin_tick=1991652058766791 end_tick=1991652059057500 ms_per_tick=9.9999999999999995e-07 device_ms=0.290709
PRODUCER_KERNEL_V1 stage=0 raw_iteration=4294967295 ordinal=21 kernel=evaluate_resident_eos_candidate threads=504666 begin_tick=1991652059057916 end_tick=1991652123691291 ms_per_tick=9.9999999999999995e-07 device_ms=64.633375000000001
PRODUCER_KERNEL_V1 stage=0 raw_iteration=4294967295 ordinal=22 kernel=finalize_resident_eos_candidate threads=1 begin_tick=1991652123706666 end_tick=1991652123709291 ms_per_tick=9.9999999999999995e-07 device_ms=0.0026249999999999997
PRODUCER_KERNEL_V1 stage=0 raw_iteration=4294967295 ordinal=23 kernel=identify_resident_eos threads=1 begin_tick=1991652123709625 end_tick=1991652123712208 ms_per_tick=9.9999999999999995e-07 device_ms=0.0025829999999999998
PRODUCER_KERNEL_V1 stage=0 raw_iteration=4294967295 ordinal=24 kernel=produce_resident_frozen_source threads=504666 begin_tick=1991652123712875 end_tick=1991652123744500 ms_per_tick=9.9999999999999995e-07 device_ms=0.031625
PRODUCER_KERNEL_V1 stage=0 raw_iteration=4294967295 ordinal=25 kernel=identify_resident_frozen_source threads=1 begin_tick=1991652123744916 end_tick=1991652123747958 ms_per_tick=9.9999999999999995e-07 device_ms=0.003042
PRODUCER_KERNEL_V1 stage=0 raw_iteration=4294967295 ordinal=26 kernel=evaluate_resident_target_terms threads=504666 begin_tick=1991652123748375 end_tick=1991652238728041 ms_per_tick=9.9999999999999995e-07 device_ms=114.97966599999999
PRODUCER_KERNEL_V1 stage=0 raw_iteration=4294967295 ordinal=27 kernel=finalize_resident_target threads=1 begin_tick=1991652238743625 end_tick=1991652238746708 ms_per_tick=9.9999999999999995e-07 device_ms=0.0030829999999999998
PRODUCER_KERNEL_V1 stage=0 raw_iteration=4294967295 ordinal=28 kernel=identify_resident_target threads=1 begin_tick=1991652238747000 end_tick=1991652238750208 ms_per_tick=9.9999999999999995e-07 device_ms=0.0032079999999999999
PRODUCER_KERNEL_V1 stage=0 raw_iteration=4294967295 ordinal=29 kernel=issue_resident_projection_consumer threads=1 begin_tick=1991652238750583 end_tick=1991652238754625 ms_per_tick=9.9999999999999995e-07 device_ms=0.0040419999999999996
PRODUCER_KERNEL_V1 stage=0 raw_iteration=4294967295 ordinal=30 kernel=consume_resident_target threads=1 begin_tick=1991652238755041 end_tick=1991652238759541 ms_per_tick=9.9999999999999995e-07 device_ms=0.0044999999999999997
PRODUCER_KERNEL_V1 stage=0 raw_iteration=4294967295 ordinal=31 kernel=owner_compose_target threads=504666 begin_tick=1991652238759958 end_tick=1991652238790125 ms_per_tick=9.9999999999999995e-07 device_ms=0.030166999999999999
PRODUCER_KERNEL_V1 stage=0 raw_iteration=4294967295 ordinal=32 kernel=finalize_resident_target threads=1 begin_tick=1991652238790541 end_tick=1991652238793166 ms_per_tick=9.9999999999999995e-07 device_ms=0.0026249999999999997
PRODUCER_KERNEL_V1 stage=0 raw_iteration=4294967295 ordinal=33 kernel=owner_identify_target threads=1 begin_tick=1991652238793583 end_tick=1991652238796500 ms_per_tick=9.9999999999999995e-07 device_ms=0.0029169999999999999
PRODUCER_KERNEL_V1 stage=0 raw_iteration=4294967295 ordinal=34 kernel=issue_resident_projection_consumer threads=1 begin_tick=1991652238796916 end_tick=1991652238799958 ms_per_tick=9.9999999999999995e-07 device_ms=0.003042
PRODUCER_KERNEL_V1 stage=0 raw_iteration=4294967295 ordinal=35 kernel=consume_resident_target threads=1 begin_tick=1991652238800416 end_tick=1991652238803458 ms_per_tick=9.9999999999999995e-07 device_ms=0.003042
PRODUCER_KERNEL_V1 stage=0 raw_iteration=4294967295 ordinal=36 kernel=owner_issue_stage_seal threads=1 begin_tick=1991652238803875 end_tick=1991652238806916 ms_per_tick=9.9999999999999995e-07 device_ms=0.0030409999999999999
PRODUCER_KERNEL_V1 stage=0 raw_iteration=4294967295 ordinal=37 kernel=fct_compatible_stage_rate threads=1533387 begin_tick=1991652238807291 end_tick=1991652239313041 ms_per_tick=9.9999999999999995e-07 device_ms=0.50574999999999992
PRODUCER_KERNEL_V1 stage=0 raw_iteration=4294967295 ordinal=38 kernel=owner_predict_momentum threads=1533387 begin_tick=1991652239313666 end_tick=1991652239363416 ms_per_tick=9.9999999999999995e-07 device_ms=0.049749999999999996
RISE_FIRE_OWNER_PROFILE_V1 {"scope":6,"parent":3,"phase":"BuildStageProducerGroup","stage":0,"raw_iteration":4294967295,"iteration_kind":"bootstrap","wall_ms":289.698959000,"device_sum_ms":206.691791769,"wall_minus_device_ms":83.007167231,"exclusive_wall_ms":289.698959000,"exclusive_device_sum_ms":206.691791769,"child_observer_wall_ms":0.000000000,"count_scope":"inclusive","owner_commits":1,"projection_invocations":0}
RISE_FIRE_OWNER_PROFILE_V1 {"scope":9,"parent":8,"phase":"ProjectionAdapter","stage":0,"raw_iteration":0,"iteration_kind":"picard","wall_ms":12.448916000,"device_sum_ms":9.530874901,"wall_minus_device_ms":2.918041099,"exclusive_wall_ms":12.448916000,"exclusive_device_sum_ms":9.530874901,"child_observer_wall_ms":0.000000000,"count_scope":"inclusive","owner_commits":0,"projection_invocations":1}
RISE_FIRE_OWNER_PROFILE_V1 {"scope":8,"parent":7,"phase":"Project","stage":0,"raw_iteration":0,"iteration_kind":"picard","wall_ms":13.101208000,"device_sum_ms":9.573374875,"wall_minus_device_ms":3.527833125,"exclusive_wall_ms":0.640375000,"exclusive_device_sum_ms":0.042499974,"child_observer_wall_ms":0.011917000,"count_scope":"inclusive","owner_commits":2,"projection_invocations":1}
RISE_FIRE_OWNER_PROFILE_V1 {"scope":10,"parent":7,"phase":"ReadOpenClass","stage":0,"raw_iteration":0,"iteration_kind":"picard","wall_ms":0.162375000,"device_sum_ms":0.002375105,"wall_minus_device_ms":0.159999895,"exclusive_wall_ms":0.162375000,"exclusive_device_sum_ms":0.002375105,"child_observer_wall_ms":0.000000000,"count_scope":"inclusive","owner_commits":1,"projection_invocations":0}
RISE_FIRE_OWNER_PROFILE_V1 {"scope":11,"parent":7,"phase":"ReadOpenClass","stage":0,"raw_iteration":0,"iteration_kind":"picard","wall_ms":0.151417000,"device_sum_ms":0.002416782,"wall_minus_device_ms":0.149000218,"exclusive_wall_ms":0.151417000,"exclusive_device_sum_ms":0.002416782,"child_observer_wall_ms":0.000000000,"count_scope":"inclusive","owner_commits":1,"projection_invocations":0}
PRODUCER_COMMAND_V1 stage=0 raw_iteration=0 cpu_begin=1991652253151041 cpu_end=1991652531868083 gpu_begin=1991652253151041 gpu_end=1991652531868083 device_ms=197.07833346910775 encoders=39 interval_scope=possibly_overlapping
PRODUCER_KERNEL_V1 stage=0 raw_iteration=0 ordinal=0 kernel=owner_pack_faces threads=1533387 begin_tick=1991652334680500 end_tick=1991652334735250 ms_per_tick=9.9999999999999995e-07 device_ms=0.05475
PRODUCER_KERNEL_V1 stage=0 raw_iteration=0 ordinal=1 kernel=owner_pack_faces threads=1533387 begin_tick=1991652334734958 end_tick=1991652335167625 ms_per_tick=9.9999999999999995e-07 device_ms=0.43266699999999997
PRODUCER_KERNEL_V1 stage=0 raw_iteration=0 ordinal=2 kernel=owner_pack_faces threads=1533387 begin_tick=1991652334678208 end_tick=1991652334734958 ms_per_tick=9.9999999999999995e-07 device_ms=0.056749999999999995
PRODUCER_KERNEL_V1 stage=0 raw_iteration=0 ordinal=3 kernel=fct_extract_gas_density threads=504666 begin_tick=1991652335167625 end_tick=1991652335192291 ms_per_tick=9.9999999999999995e-07 device_ms=0.024666
PRODUCER_KERNEL_V1 stage=0 raw_iteration=0 ordinal=4 kernel=owner_gas_source threads=504666 begin_tick=1991652335192291 end_tick=1991652335235458 ms_per_tick=9.9999999999999995e-07 device_ms=0.043166999999999997
PRODUCER_KERNEL_V1 stage=0 raw_iteration=0 ordinal=5 kernel=evaluate_resident_transport threads=504666 begin_tick=1991652334735666 end_tick=1991652335215291 ms_per_tick=9.9999999999999995e-07 device_ms=0.47962499999999997
PRODUCER_KERNEL_V1 stage=0 raw_iteration=0 ordinal=6 kernel=identify_resident_transport threads=1 begin_tick=1991652335216958 end_tick=1991652335234916 ms_per_tick=9.9999999999999995e-07 device_ms=0.017957999999999998
PRODUCER_KERNEL_V1 stage=0 raw_iteration=0 ordinal=7 kernel=owner_bind_transport threads=1 begin_tick=1991652335235375 end_tick=1991652335238833 ms_per_tick=9.9999999999999995e-07 device_ms=0.0034579999999999997
PRODUCER_KERNEL_V1 stage=0 raw_iteration=0 ordinal=8 kernel=identify_resident_owner_endpoint_class threads=1 begin_tick=1991652335239250 end_tick=1991652335242458 ms_per_tick=9.9999999999999995e-07 device_ms=0.0032079999999999999
PRODUCER_KERNEL_V1 stage=0 raw_iteration=0 ordinal=9 kernel=evaluate_resident_physical_flux threads=1533387 begin_tick=1991652336119208 end_tick=1991652337236916 ms_per_tick=9.9999999999999995e-07 device_ms=1.1177079999999999
PRODUCER_KERNEL_V1 stage=0 raw_iteration=0 ordinal=10 kernel=evaluate_resident_advective_pair threads=13800483 begin_tick=1991652337501875 end_tick=1991652344790750 ms_per_tick=9.9999999999999995e-07 device_ms=7.288875
PRODUCER_KERNEL_V1 stage=0 raw_iteration=0 ordinal=11 kernel=finalize_resident_advective_high threads=13800483 begin_tick=1991652344791791 end_tick=1991652345211750 ms_per_tick=9.9999999999999995e-07 device_ms=0.41995899999999997
PRODUCER_KERNEL_V1 stage=0 raw_iteration=0 ordinal=12 kernel=compose_resident_flux_pair threads=13800483 begin_tick=1991652345212125 end_tick=1991652346102166 ms_per_tick=9.9999999999999995e-07 device_ms=0.89004099999999997
PRODUCER_KERNEL_V1 stage=0 raw_iteration=0 ordinal=13 kernel=validate_resident_physical_flux threads=13800483 begin_tick=1991652346102833 end_tick=1991652347135625 ms_per_tick=9.9999999999999995e-07 device_ms=1.0327919999999999
PRODUCER_KERNEL_V1 stage=0 raw_iteration=0 ordinal=14 kernel=identify_resident_physical_flux threads=32 begin_tick=1991652347136458 end_tick=1991652347143458 ms_per_tick=9.9999999999999995e-07 device_ms=0.0069999999999999993
PRODUCER_KERNEL_V1 stage=0 raw_iteration=0 ordinal=15 kernel=fct_build_ratios threads=5551326 begin_tick=1991652347143958 end_tick=1991652350747875 ms_per_tick=9.9999999999999995e-07 device_ms=3.603917
PRODUCER_KERNEL_V1 stage=0 raw_iteration=0 ordinal=16 kernel=fct_build_face_alpha threads=1533387 begin_tick=1991652350748583 end_tick=1991652351013000 ms_per_tick=9.9999999999999995e-07 device_ms=0.26441700000000001
PRODUCER_KERNEL_V1 stage=0 raw_iteration=0 ordinal=17 kernel=fct_commit_scalar threads=504666 begin_tick=1991652351013625 end_tick=1991652351206875 ms_per_tick=9.9999999999999995e-07 device_ms=0.19325000000000001
PRODUCER_KERNEL_V1 stage=0 raw_iteration=0 ordinal=18 kernel=owner_bind_candidate threads=1 begin_tick=1991652351207416 end_tick=1991652351211250 ms_per_tick=9.9999999999999995e-07 device_ms=0.0038339999999999997
PRODUCER_KERNEL_V1 stage=0 raw_iteration=0 ordinal=19 kernel=finalize_resident_eos_candidate threads=1 begin_tick=1991652351211833 end_tick=1991652351214416 ms_per_tick=9.9999999999999995e-07 device_ms=0.0025829999999999998
PRODUCER_KERNEL_V1 stage=0 raw_iteration=0 ordinal=20 kernel=build_eos_endpoint_table threads=14 begin_tick=1991652351215083 end_tick=1991652351506666 ms_per_tick=9.9999999999999995e-07 device_ms=0.29158299999999998
PRODUCER_KERNEL_V1 stage=0 raw_iteration=0 ordinal=21 kernel=evaluate_resident_eos_candidate threads=504666 begin_tick=1991652351507000 end_tick=1991652416526916 ms_per_tick=9.9999999999999995e-07 device_ms=65.019915999999995
PRODUCER_KERNEL_V1 stage=0 raw_iteration=0 ordinal=22 kernel=finalize_resident_eos_candidate threads=1 begin_tick=1991652416544666 end_tick=1991652416547333 ms_per_tick=9.9999999999999995e-07 device_ms=0.0026669999999999997
PRODUCER_KERNEL_V1 stage=0 raw_iteration=0 ordinal=23 kernel=identify_resident_eos threads=1 begin_tick=1991652416547750 end_tick=1991652416550333 ms_per_tick=9.9999999999999995e-07 device_ms=0.0025829999999999998
PRODUCER_KERNEL_V1 stage=0 raw_iteration=0 ordinal=24 kernel=produce_resident_frozen_source threads=504666 begin_tick=1991652416550625 end_tick=1991652416580916 ms_per_tick=9.9999999999999995e-07 device_ms=0.030290999999999998
PRODUCER_KERNEL_V1 stage=0 raw_iteration=0 ordinal=25 kernel=identify_resident_frozen_source threads=1 begin_tick=1991652416581291 end_tick=1991652416587416 ms_per_tick=9.9999999999999995e-07 device_ms=0.0061249999999999994
PRODUCER_KERNEL_V1 stage=0 raw_iteration=0 ordinal=26 kernel=evaluate_resident_target_terms threads=504666 begin_tick=1991652416587833 end_tick=1991652531058291 ms_per_tick=9.9999999999999995e-07 device_ms=114.47045799999999
PRODUCER_KERNEL_V1 stage=0 raw_iteration=0 ordinal=27 kernel=finalize_resident_target threads=1 begin_tick=1991652531072583 end_tick=1991652531075583 ms_per_tick=9.9999999999999995e-07 device_ms=0.0030000000000000001
PRODUCER_KERNEL_V1 stage=0 raw_iteration=0 ordinal=28 kernel=identify_resident_target threads=1 begin_tick=1991652531075875 end_tick=1991652531079083 ms_per_tick=9.9999999999999995e-07 device_ms=0.0032079999999999999
PRODUCER_KERNEL_V1 stage=0 raw_iteration=0 ordinal=29 kernel=issue_resident_projection_consumer threads=1 begin_tick=1991652531079500 end_tick=1991652531083666 ms_per_tick=9.9999999999999995e-07 device_ms=0.0041659999999999996
PRODUCER_KERNEL_V1 stage=0 raw_iteration=0 ordinal=30 kernel=consume_resident_target threads=1 begin_tick=1991652531084083 end_tick=1991652531088250 ms_per_tick=9.9999999999999995e-07 device_ms=0.0041669999999999997
PRODUCER_KERNEL_V1 stage=0 raw_iteration=0 ordinal=31 kernel=owner_compose_target threads=504666 begin_tick=1991652531088666 end_tick=1991652531167791 ms_per_tick=9.9999999999999995e-07 device_ms=0.079125000000000001
PRODUCER_KERNEL_V1 stage=0 raw_iteration=0 ordinal=32 kernel=finalize_resident_target threads=1 begin_tick=1991652531168208 end_tick=1991652531174208 ms_per_tick=9.9999999999999995e-07 device_ms=0.0060000000000000001
PRODUCER_KERNEL_V1 stage=0 raw_iteration=0 ordinal=33 kernel=owner_identify_target threads=1 begin_tick=1991652531174583 end_tick=1991652531177291 ms_per_tick=9.9999999999999995e-07 device_ms=0.0027079999999999999
PRODUCER_KERNEL_V1 stage=0 raw_iteration=0 ordinal=34 kernel=issue_resident_projection_consumer threads=1 begin_tick=1991652531177708 end_tick=1991652531181291 ms_per_tick=9.9999999999999995e-07 device_ms=0.0035829999999999998
PRODUCER_KERNEL_V1 stage=0 raw_iteration=0 ordinal=35 kernel=consume_resident_target threads=1 begin_tick=1991652531181708 end_tick=1991652531184875 ms_per_tick=9.9999999999999995e-07 device_ms=0.0031669999999999997
PRODUCER_KERNEL_V1 stage=0 raw_iteration=0 ordinal=36 kernel=owner_issue_stage_seal threads=1 begin_tick=1991652531185291 end_tick=1991652531189000 ms_per_tick=9.9999999999999995e-07 device_ms=0.0037089999999999996
PRODUCER_KERNEL_V1 stage=0 raw_iteration=0 ordinal=37 kernel=fct_compatible_stage_rate threads=1533387 begin_tick=1991652531190125 end_tick=1991652531700833 ms_per_tick=9.9999999999999995e-07 device_ms=0.51070799999999994
PRODUCER_KERNEL_V1 stage=0 raw_iteration=0 ordinal=38 kernel=owner_predict_momentum threads=1533387 begin_tick=1991652531701458 end_tick=1991652531751041 ms_per_tick=9.9999999999999995e-07 device_ms=0.049582999999999995
RISE_FIRE_OWNER_PROFILE_V1 {"scope":12,"parent":7,"phase":"BuildStageProducerGroup","stage":0,"raw_iteration":0,"iteration_kind":"picard","wall_ms":278.907500000,"device_sum_ms":197.078333469,"wall_minus_device_ms":81.829166531,"exclusive_wall_ms":278.907500000,"exclusive_device_sum_ms":197.078333469,"child_observer_wall_ms":0.000000000,"count_scope":"inclusive","owner_commits":1,"projection_invocations":0}
RISE_FIRE_OWNER_PROFILE_V1 {"scope":13,"parent":7,"phase":"Residual","stage":0,"raw_iteration":0,"iteration_kind":"picard","wall_ms":0.230417000,"device_sum_ms":0.021499814,"wall_minus_device_ms":0.208917186,"exclusive_wall_ms":0.230417000,"exclusive_device_sum_ms":0.021499814,"child_observer_wall_ms":0.000000000,"count_scope":"inclusive","owner_commits":1,"projection_invocations":0}
RISE_FIRE_OWNER_PROFILE_V1 {"scope":7,"parent":3,"phase":"PicardIteration","stage":0,"raw_iteration":0,"iteration_kind":"picard","wall_ms":292.978250000,"device_sum_ms":206.678000046,"wall_minus_device_ms":86.300249954,"exclusive_wall_ms":0.389792000,"exclusive_device_sum_ms":0.000000000,"child_observer_wall_ms":0.035541000,"count_scope":"inclusive","owner_commits":6,"projection_invocations":1}
RISE_FIRE_OWNER_PROFILE_V1 {"scope":16,"parent":15,"phase":"ProjectionAdapter","stage":0,"raw_iteration":1,"iteration_kind":"picard","wall_ms":12.032041000,"device_sum_ms":9.178583277,"wall_minus_device_ms":2.853457723,"exclusive_wall_ms":12.032041000,"exclusive_device_sum_ms":9.178583277,"child_observer_wall_ms":0.000000000,"count_scope":"inclusive","owner_commits":0,"projection_invocations":1}
RISE_FIRE_OWNER_PROFILE_V1 {"scope":15,"parent":14,"phase":"Project","stage":0,"raw_iteration":1,"iteration_kind":"picard","wall_ms":13.646709000,"device_sum_ms":9.221500019,"wall_minus_device_ms":4.425208981,"exclusive_wall_ms":1.607709000,"exclusive_device_sum_ms":0.042916741,"child_observer_wall_ms":0.006959000,"count_scope":"inclusive","owner_commits":2,"projection_invocations":1}
RISE_FIRE_OWNER_PROFILE_V1 {"scope":17,"parent":14,"phase":"ReadOpenClass","stage":0,"raw_iteration":1,"iteration_kind":"picard","wall_ms":0.168375000,"device_sum_ms":0.002499903,"wall_minus_device_ms":0.165875097,"exclusive_wall_ms":0.168375000,"exclusive_device_sum_ms":0.002499903,"child_observer_wall_ms":0.000000000,"count_scope":"inclusive","owner_commits":1,"projection_invocations":0}
RISE_FIRE_OWNER_PROFILE_V1 {"scope":18,"parent":14,"phase":"ReadOpenClass","stage":0,"raw_iteration":1,"iteration_kind":"picard","wall_ms":0.211417000,"device_sum_ms":0.002499903,"wall_minus_device_ms":0.208917097,"exclusive_wall_ms":0.211417000,"exclusive_device_sum_ms":0.002499903,"child_observer_wall_ms":0.000000000,"count_scope":"inclusive","owner_commits":1,"projection_invocations":0}
PRODUCER_COMMAND_V1 stage=0 raw_iteration=1 cpu_begin=1991652546750000 cpu_end=1991652824267458 gpu_begin=1991652546750000 gpu_end=1991652824267458 device_ms=196.08191656880081 encoders=39 interval_scope=possibly_overlapping
PRODUCER_KERNEL_V1 stage=0 raw_iteration=1 ordinal=0 kernel=owner_pack_faces threads=1533387 begin_tick=1991652628212791 end_tick=1991652628263750 ms_per_tick=9.9999999999999995e-07 device_ms=0.050958999999999997
PRODUCER_KERNEL_V1 stage=0 raw_iteration=1 ordinal=1 kernel=owner_pack_faces threads=1533387 begin_tick=1991652628276375 end_tick=1991652628327333 ms_per_tick=9.9999999999999995e-07 device_ms=0.050957999999999996
PRODUCER_KERNEL_V1 stage=0 raw_iteration=1 ordinal=2 kernel=owner_pack_faces threads=1533387 begin_tick=1991652628413416 end_tick=1991652628488500 ms_per_tick=9.9999999999999995e-07 device_ms=0.075083999999999998
PRODUCER_KERNEL_V1 stage=0 raw_iteration=1 ordinal=3 kernel=fct_extract_gas_density threads=504666 begin_tick=1991652628452833 end_tick=1991652628500875 ms_per_tick=9.9999999999999995e-07 device_ms=0.048041999999999994
PRODUCER_KERNEL_V1 stage=0 raw_iteration=1 ordinal=4 kernel=owner_gas_source threads=504666 begin_tick=1991652628501916 end_tick=1991652628542958 ms_per_tick=9.9999999999999995e-07 device_ms=0.041041999999999995
PRODUCER_KERNEL_V1 stage=0 raw_iteration=1 ordinal=5 kernel=evaluate_resident_transport threads=504666 begin_tick=1991652628616333 end_tick=1991652629066916 ms_per_tick=9.9999999999999995e-07 device_ms=0.45058299999999996
PRODUCER_KERNEL_V1 stage=0 raw_iteration=1 ordinal=6 kernel=identify_resident_transport threads=1 begin_tick=1991652629067250 end_tick=1991652629070083 ms_per_tick=9.9999999999999995e-07 device_ms=0.002833
PRODUCER_KERNEL_V1 stage=0 raw_iteration=1 ordinal=7 kernel=owner_bind_transport threads=1 begin_tick=1991652629070541 end_tick=1991652629074125 ms_per_tick=9.9999999999999995e-07 device_ms=0.0035839999999999999
PRODUCER_KERNEL_V1 stage=0 raw_iteration=1 ordinal=8 kernel=identify_resident_owner_endpoint_class threads=1 begin_tick=1991652629074541 end_tick=1991652629077750 ms_per_tick=9.9999999999999995e-07 device_ms=0.003209
PRODUCER_KERNEL_V1 stage=0 raw_iteration=1 ordinal=9 kernel=evaluate_resident_physical_flux threads=1533387 begin_tick=1991652630134791 end_tick=1991652631245500 ms_per_tick=9.9999999999999995e-07 device_ms=1.1107089999999999
PRODUCER_KERNEL_V1 stage=0 raw_iteration=1 ordinal=10 kernel=evaluate_resident_advective_pair threads=13800483 begin_tick=1991652631608375 end_tick=1991652638947791 ms_per_tick=9.9999999999999995e-07 device_ms=7.3394159999999999
PRODUCER_KERNEL_V1 stage=0 raw_iteration=1 ordinal=11 kernel=finalize_resident_advective_high threads=13800483 begin_tick=1991652638948500 end_tick=1991652639365125 ms_per_tick=9.9999999999999995e-07 device_ms=0.41662499999999997
PRODUCER_KERNEL_V1 stage=0 raw_iteration=1 ordinal=12 kernel=compose_resident_flux_pair threads=13800483 begin_tick=1991652639365500 end_tick=1991652640249375 ms_per_tick=9.9999999999999995e-07 device_ms=0.88387499999999997
PRODUCER_KERNEL_V1 stage=0 raw_iteration=1 ordinal=13 kernel=validate_resident_physical_flux threads=13800483 begin_tick=1991652640249916 end_tick=1991652641077583 ms_per_tick=9.9999999999999995e-07 device_ms=0.82766699999999993
PRODUCER_KERNEL_V1 stage=0 raw_iteration=1 ordinal=14 kernel=identify_resident_physical_flux threads=32 begin_tick=1991652641078208 end_tick=1991652641081791 ms_per_tick=9.9999999999999995e-07 device_ms=0.0035829999999999998
PRODUCER_KERNEL_V1 stage=0 raw_iteration=1 ordinal=15 kernel=fct_build_ratios threads=5551326 begin_tick=1991652641082375 end_tick=1991652644884541 ms_per_tick=9.9999999999999995e-07 device_ms=3.8021659999999997
PRODUCER_KERNEL_V1 stage=0 raw_iteration=1 ordinal=16 kernel=fct_build_face_alpha threads=1533387 begin_tick=1991652644885208 end_tick=1991652645150375 ms_per_tick=9.9999999999999995e-07 device_ms=0.26516699999999999
PRODUCER_KERNEL_V1 stage=0 raw_iteration=1 ordinal=17 kernel=fct_commit_scalar threads=504666 begin_tick=1991652645150916 end_tick=1991652645339000 ms_per_tick=9.9999999999999995e-07 device_ms=0.188084
PRODUCER_KERNEL_V1 stage=0 raw_iteration=1 ordinal=18 kernel=owner_bind_candidate threads=1 begin_tick=1991652645339583 end_tick=1991652645343583 ms_per_tick=9.9999999999999995e-07 device_ms=0.0040000000000000001
PRODUCER_KERNEL_V1 stage=0 raw_iteration=1 ordinal=19 kernel=finalize_resident_eos_candidate threads=1 begin_tick=1991652645344125 end_tick=1991652645346666 ms_per_tick=9.9999999999999995e-07 device_ms=0.0025409999999999999
PRODUCER_KERNEL_V1 stage=0 raw_iteration=1 ordinal=20 kernel=build_eos_endpoint_table threads=14 begin_tick=1991652645347458 end_tick=1991652645639958 ms_per_tick=9.9999999999999995e-07 device_ms=0.29249999999999998
PRODUCER_KERNEL_V1 stage=0 raw_iteration=1 ordinal=21 kernel=evaluate_resident_eos_candidate threads=504666 begin_tick=1991652645640375 end_tick=1991652708912458 ms_per_tick=9.9999999999999995e-07 device_ms=63.272082999999995
PRODUCER_KERNEL_V1 stage=0 raw_iteration=1 ordinal=22 kernel=finalize_resident_eos_candidate threads=1 begin_tick=1991652708945500 end_tick=1991652708948041 ms_per_tick=9.9999999999999995e-07 device_ms=0.0025409999999999999
PRODUCER_KERNEL_V1 stage=0 raw_iteration=1 ordinal=23 kernel=identify_resident_eos threads=1 begin_tick=1991652708948375 end_tick=1991652709089291 ms_per_tick=9.9999999999999995e-07 device_ms=0.14091599999999999
PRODUCER_KERNEL_V1 stage=0 raw_iteration=1 ordinal=24 kernel=produce_resident_frozen_source threads=504666 begin_tick=1991652709089708 end_tick=1991652709121916 ms_per_tick=9.9999999999999995e-07 device_ms=0.032208000000000001
PRODUCER_KERNEL_V1 stage=0 raw_iteration=1 ordinal=25 kernel=identify_resident_frozen_source threads=1 begin_tick=1991652709122333 end_tick=1991652709125416 ms_per_tick=9.9999999999999995e-07 device_ms=0.0030829999999999998
PRODUCER_KERNEL_V1 stage=0 raw_iteration=1 ordinal=26 kernel=evaluate_resident_target_terms threads=504666 begin_tick=1991652709125833 end_tick=1991652823406541 ms_per_tick=9.9999999999999995e-07 device_ms=114.28070799999999
PRODUCER_KERNEL_V1 stage=0 raw_iteration=1 ordinal=27 kernel=finalize_resident_target threads=1 begin_tick=1991652823421041 end_tick=1991652823424041 ms_per_tick=9.9999999999999995e-07 device_ms=0.0030000000000000001
PRODUCER_KERNEL_V1 stage=0 raw_iteration=1 ordinal=28 kernel=identify_resident_target threads=1 begin_tick=1991652823424333 end_tick=1991652823427583 ms_per_tick=9.9999999999999995e-07 device_ms=0.0032499999999999999
PRODUCER_KERNEL_V1 stage=0 raw_iteration=1 ordinal=29 kernel=issue_resident_projection_consumer threads=1 begin_tick=1991652823427875 end_tick=1991652823432000 ms_per_tick=9.9999999999999995e-07 device_ms=0.0041250000000000002
PRODUCER_KERNEL_V1 stage=0 raw_iteration=1 ordinal=30 kernel=consume_resident_target threads=1 begin_tick=1991652823432416 end_tick=1991652823436541 ms_per_tick=9.9999999999999995e-07 device_ms=0.0041250000000000002
PRODUCER_KERNEL_V1 stage=0 raw_iteration=1 ordinal=31 kernel=owner_compose_target threads=504666 begin_tick=1991652823436875 end_tick=1991652823516083 ms_per_tick=9.9999999999999995e-07 device_ms=0.079208000000000001
PRODUCER_KERNEL_V1 stage=0 raw_iteration=1 ordinal=32 kernel=finalize_resident_target threads=1 begin_tick=1991652823516416 end_tick=1991652823519041 ms_per_tick=9.9999999999999995e-07 device_ms=0.0026249999999999997
PRODUCER_KERNEL_V1 stage=0 raw_iteration=1 ordinal=33 kernel=owner_identify_target threads=1 begin_tick=1991652823519333 end_tick=1991652823522083 ms_per_tick=9.9999999999999995e-07 device_ms=0.0027499999999999998
PRODUCER_KERNEL_V1 stage=0 raw_iteration=1 ordinal=34 kernel=issue_resident_projection_consumer threads=1 begin_tick=1991652823522416 end_tick=1991652823525458 ms_per_tick=9.9999999999999995e-07 device_ms=0.003042
PRODUCER_KERNEL_V1 stage=0 raw_iteration=1 ordinal=35 kernel=consume_resident_target threads=1 begin_tick=1991652823525833 end_tick=1991652823528791 ms_per_tick=9.9999999999999995e-07 device_ms=0.0029579999999999997
PRODUCER_KERNEL_V1 stage=0 raw_iteration=1 ordinal=36 kernel=owner_issue_stage_seal threads=1 begin_tick=1991652823529208 end_tick=1991652823531916 ms_per_tick=9.9999999999999995e-07 device_ms=0.0027079999999999999
PRODUCER_KERNEL_V1 stage=0 raw_iteration=1 ordinal=37 kernel=fct_compatible_stage_rate threads=1533387 begin_tick=1991652823532333 end_tick=1991652824096916 ms_per_tick=9.9999999999999995e-07 device_ms=0.56458299999999995
PRODUCER_KERNEL_V1 stage=0 raw_iteration=1 ordinal=38 kernel=owner_predict_momentum threads=1533387 begin_tick=1991652824110291 end_tick=1991652824159416 ms_per_tick=9.9999999999999995e-07 device_ms=0.049124999999999995
RISE_FIRE_OWNER_PROFILE_V1 {"scope":19,"parent":14,"phase":"BuildStageProducerGroup","stage":0,"raw_iteration":1,"iteration_kind":"picard","wall_ms":277.693625000,"device_sum_ms":196.081916569,"wall_minus_device_ms":81.611708431,"exclusive_wall_ms":277.693625000,"exclusive_device_sum_ms":196.081916569,"child_observer_wall_ms":0.000000000,"count_scope":"inclusive","owner_commits":1,"projection_invocations":0}
RISE_FIRE_OWNER_PROFILE_V1 {"scope":20,"parent":14,"phase":"Residual","stage":0,"raw_iteration":1,"iteration_kind":"picard","wall_ms":0.315083000,"device_sum_ms":0.109749846,"wall_minus_device_ms":0.205333154,"exclusive_wall_ms":0.315083000,"exclusive_device_sum_ms":0.109749846,"child_observer_wall_ms":0.000000000,"count_scope":"inclusive","owner_commits":1,"projection_invocations":0}
RISE_FIRE_OWNER_PROFILE_V1 {"scope":23,"parent":22,"phase":"ProjectionAdapter","stage":0,"raw_iteration":2147483649,"iteration_kind":"terminal","wall_ms":11.811667000,"device_sum_ms":8.977666497,"wall_minus_device_ms":2.834000503,"exclusive_wall_ms":11.811667000,"exclusive_device_sum_ms":8.977666497,"child_observer_wall_ms":0.000000000,"count_scope":"inclusive","owner_commits":0,"projection_invocations":1}
RISE_FIRE_OWNER_PROFILE_V1 {"scope":22,"parent":21,"phase":"Project","stage":0,"raw_iteration":2147483649,"iteration_kind":"terminal","wall_ms":12.859542000,"device_sum_ms":9.025416570,"wall_minus_device_ms":3.834125430,"exclusive_wall_ms":1.039125000,"exclusive_device_sum_ms":0.047750073,"child_observer_wall_ms":0.008750000,"count_scope":"inclusive","owner_commits":2,"projection_invocations":1}
RISE_FIRE_OWNER_PROFILE_V1 {"scope":24,"parent":21,"phase":"ReadOpenClass","stage":0,"raw_iteration":2147483649,"iteration_kind":"terminal","wall_ms":0.151375000,"device_sum_ms":0.002458459,"wall_minus_device_ms":0.148916541,"exclusive_wall_ms":0.151375000,"exclusive_device_sum_ms":0.002458459,"child_observer_wall_ms":0.000000000,"count_scope":"inclusive","owner_commits":1,"projection_invocations":0}
RISE_FIRE_OWNER_PROFILE_V1 {"scope":25,"parent":21,"phase":"ReadOpenClass","stage":0,"raw_iteration":2147483649,"iteration_kind":"terminal","wall_ms":0.141209000,"device_sum_ms":0.002458459,"wall_minus_device_ms":0.138750541,"exclusive_wall_ms":0.141209000,"exclusive_device_sum_ms":0.002458459,"child_observer_wall_ms":0.000000000,"count_scope":"inclusive","owner_commits":1,"projection_invocations":0}
PRODUCER_COMMAND_V1 stage=0 raw_iteration=2147483649 cpu_begin=1991652837941791 cpu_end=1991653115794625 gpu_begin=1991652837941791 gpu_end=1991653115794625 device_ms=195.92158333398402 encoders=39 interval_scope=possibly_overlapping
PRODUCER_KERNEL_V1 stage=0 raw_iteration=2147483649 ordinal=0 kernel=owner_pack_faces threads=1533387 begin_tick=1991652919719916 end_tick=1991652919777625 ms_per_tick=9.9999999999999995e-07 device_ms=0.057708999999999996
PRODUCER_KERNEL_V1 stage=0 raw_iteration=2147483649 ordinal=1 kernel=owner_pack_faces threads=1533387 begin_tick=1991652919777458 end_tick=1991652920005791 ms_per_tick=9.9999999999999995e-07 device_ms=0.22833299999999998
PRODUCER_KERNEL_V1 stage=0 raw_iteration=2147483649 ordinal=2 kernel=owner_pack_faces threads=1533387 begin_tick=1991652919717250 end_tick=1991652919777458 ms_per_tick=9.9999999999999995e-07 device_ms=0.060207999999999998
PRODUCER_KERNEL_V1 stage=0 raw_iteration=2147483649 ordinal=3 kernel=fct_extract_gas_density threads=504666 begin_tick=1991652919778083 end_tick=1991652919825708 ms_per_tick=9.9999999999999995e-07 device_ms=0.047625000000000001
PRODUCER_KERNEL_V1 stage=0 raw_iteration=2147483649 ordinal=4 kernel=owner_gas_source threads=504666 begin_tick=1991652920006125 end_tick=1991652920273958 ms_per_tick=9.9999999999999995e-07 device_ms=0.26783299999999999
PRODUCER_KERNEL_V1 stage=0 raw_iteration=2147483649 ordinal=5 kernel=evaluate_resident_transport threads=504666 begin_tick=1991652919836041 end_tick=1991652920287416 ms_per_tick=9.9999999999999995e-07 device_ms=0.45137499999999997
PRODUCER_KERNEL_V1 stage=0 raw_iteration=2147483649 ordinal=6 kernel=identify_resident_transport threads=1 begin_tick=1991652920287833 end_tick=1991652920290958 ms_per_tick=9.9999999999999995e-07 device_ms=0.0031249999999999997
PRODUCER_KERNEL_V1 stage=0 raw_iteration=2147483649 ordinal=7 kernel=owner_bind_transport threads=1 begin_tick=1991652920291541 end_tick=1991652920295208 ms_per_tick=9.9999999999999995e-07 device_ms=0.0036669999999999997
PRODUCER_KERNEL_V1 stage=0 raw_iteration=2147483649 ordinal=8 kernel=identify_resident_owner_endpoint_class threads=1 begin_tick=1991652920295625 end_tick=1991652920299125 ms_per_tick=9.9999999999999995e-07 device_ms=0.0034999999999999996
PRODUCER_KERNEL_V1 stage=0 raw_iteration=2147483649 ordinal=9 kernel=evaluate_resident_physical_flux threads=1533387 begin_tick=1991652921300333 end_tick=1991652922421250 ms_per_tick=9.9999999999999995e-07 device_ms=1.1209169999999999
PRODUCER_KERNEL_V1 stage=0 raw_iteration=2147483649 ordinal=10 kernel=evaluate_resident_advective_pair threads=13800483 begin_tick=1991652922694833 end_tick=1991652930019291 ms_per_tick=9.9999999999999995e-07 device_ms=7.3244579999999999
PRODUCER_KERNEL_V1 stage=0 raw_iteration=2147483649 ordinal=11 kernel=finalize_resident_advective_high threads=13800483 begin_tick=1991652930020083 end_tick=1991652930446750 ms_per_tick=9.9999999999999995e-07 device_ms=0.42666699999999996
PRODUCER_KERNEL_V1 stage=0 raw_iteration=2147483649 ordinal=12 kernel=compose_resident_flux_pair threads=13800483 begin_tick=1991652930447125 end_tick=1991652931328500 ms_per_tick=9.9999999999999995e-07 device_ms=0.88137499999999991
PRODUCER_KERNEL_V1 stage=0 raw_iteration=2147483649 ordinal=13 kernel=validate_resident_physical_flux threads=13800483 begin_tick=1991652931329166 end_tick=1991652932161958 ms_per_tick=9.9999999999999995e-07 device_ms=0.83279199999999998
PRODUCER_KERNEL_V1 stage=0 raw_iteration=2147483649 ordinal=14 kernel=identify_resident_physical_flux threads=32 begin_tick=1991652932162458 end_tick=1991652932166125 ms_per_tick=9.9999999999999995e-07 device_ms=0.0036669999999999997
PRODUCER_KERNEL_V1 stage=0 raw_iteration=2147483649 ordinal=15 kernel=fct_build_ratios threads=5551326 begin_tick=1991652932166541 end_tick=1991652936098583 ms_per_tick=9.9999999999999995e-07 device_ms=3.932042
PRODUCER_KERNEL_V1 stage=0 raw_iteration=2147483649 ordinal=16 kernel=fct_build_face_alpha threads=1533387 begin_tick=1991652936099375 end_tick=1991652936363708 ms_per_tick=9.9999999999999995e-07 device_ms=0.26433299999999998
PRODUCER_KERNEL_V1 stage=0 raw_iteration=2147483649 ordinal=17 kernel=fct_commit_scalar threads=504666 begin_tick=1991652936364125 end_tick=1991652936552458 ms_per_tick=9.9999999999999995e-07 device_ms=0.188333
PRODUCER_KERNEL_V1 stage=0 raw_iteration=2147483649 ordinal=18 kernel=owner_bind_candidate threads=1 begin_tick=1991652936553041 end_tick=1991652936556833 ms_per_tick=9.9999999999999995e-07 device_ms=0.0037919999999999998
PRODUCER_KERNEL_V1 stage=0 raw_iteration=2147483649 ordinal=19 kernel=finalize_resident_eos_candidate threads=1 begin_tick=1991652936557416 end_tick=1991652936560041 ms_per_tick=9.9999999999999995e-07 device_ms=0.0026249999999999997
PRODUCER_KERNEL_V1 stage=0 raw_iteration=2147483649 ordinal=20 kernel=build_eos_endpoint_table threads=14 begin_tick=1991652936560916 end_tick=1991652936852791 ms_per_tick=9.9999999999999995e-07 device_ms=0.291875
PRODUCER_KERNEL_V1 stage=0 raw_iteration=2147483649 ordinal=21 kernel=evaluate_resident_eos_candidate threads=504666 begin_tick=1991652936853125 end_tick=1991653000486833 ms_per_tick=9.9999999999999995e-07 device_ms=63.633707999999999
PRODUCER_KERNEL_V1 stage=0 raw_iteration=2147483649 ordinal=22 kernel=finalize_resident_eos_candidate threads=1 begin_tick=1991653000502166 end_tick=1991653000505208 ms_per_tick=9.9999999999999995e-07 device_ms=0.003042
PRODUCER_KERNEL_V1 stage=0 raw_iteration=2147483649 ordinal=23 kernel=identify_resident_eos threads=1 begin_tick=1991653000505500 end_tick=1991653000508083 ms_per_tick=9.9999999999999995e-07 device_ms=0.0025829999999999998
PRODUCER_KERNEL_V1 stage=0 raw_iteration=2147483649 ordinal=24 kernel=produce_resident_frozen_source threads=504666 begin_tick=1991653000508375 end_tick=1991653000540041 ms_per_tick=9.9999999999999995e-07 device_ms=0.031666
PRODUCER_KERNEL_V1 stage=0 raw_iteration=2147483649 ordinal=25 kernel=identify_resident_frozen_source threads=1 begin_tick=1991653000540416 end_tick=1991653000543458 ms_per_tick=9.9999999999999995e-07 device_ms=0.003042
PRODUCER_KERNEL_V1 stage=0 raw_iteration=2147483649 ordinal=26 kernel=evaluate_resident_target_terms threads=504666 begin_tick=1991653000543833 end_tick=1991653114911833 ms_per_tick=9.9999999999999995e-07 device_ms=114.36799999999999
PRODUCER_KERNEL_V1 stage=0 raw_iteration=2147483649 ordinal=27 kernel=finalize_resident_target threads=1 begin_tick=1991653114926916 end_tick=1991653114929916 ms_per_tick=9.9999999999999995e-07 device_ms=0.0030000000000000001
PRODUCER_KERNEL_V1 stage=0 raw_iteration=2147483649 ordinal=28 kernel=identify_resident_target threads=1 begin_tick=1991653114930250 end_tick=1991653114933458 ms_per_tick=9.9999999999999995e-07 device_ms=0.0032079999999999999
PRODUCER_KERNEL_V1 stage=0 raw_iteration=2147483649 ordinal=29 kernel=issue_resident_projection_consumer threads=1 begin_tick=1991653114933875 end_tick=1991653114937833 ms_per_tick=9.9999999999999995e-07 device_ms=0.0039579999999999997
PRODUCER_KERNEL_V1 stage=0 raw_iteration=2147483649 ordinal=30 kernel=consume_resident_target threads=1 begin_tick=1991653114938625 end_tick=1991653114943166 ms_per_tick=9.9999999999999995e-07 device_ms=0.0045409999999999999
PRODUCER_KERNEL_V1 stage=0 raw_iteration=2147483649 ordinal=31 kernel=owner_compose_target threads=504666 begin_tick=1991653114943583 end_tick=1991653115023250 ms_per_tick=9.9999999999999995e-07 device_ms=0.079667000000000002
PRODUCER_KERNEL_V1 stage=0 raw_iteration=2147483649 ordinal=32 kernel=finalize_resident_target threads=1 begin_tick=1991653115023541 end_tick=1991653115026333 ms_per_tick=9.9999999999999995e-07 device_ms=0.0027919999999999998
PRODUCER_KERNEL_V1 stage=0 raw_iteration=2147483649 ordinal=33 kernel=owner_identify_target threads=1 begin_tick=1991653115026708 end_tick=1991653115029500 ms_per_tick=9.9999999999999995e-07 device_ms=0.0027919999999999998
PRODUCER_KERNEL_V1 stage=0 raw_iteration=2147483649 ordinal=34 kernel=issue_resident_projection_consumer threads=1 begin_tick=1991653115029916 end_tick=1991653115032916 ms_per_tick=9.9999999999999995e-07 device_ms=0.0030000000000000001
PRODUCER_KERNEL_V1 stage=0 raw_iteration=2147483649 ordinal=35 kernel=consume_resident_target threads=1 begin_tick=1991653115033291 end_tick=1991653115036458 ms_per_tick=9.9999999999999995e-07 device_ms=0.0031669999999999997
PRODUCER_KERNEL_V1 stage=0 raw_iteration=2147483649 ordinal=36 kernel=owner_issue_stage_seal threads=1 begin_tick=1991653115036750 end_tick=1991653115039833 ms_per_tick=9.9999999999999995e-07 device_ms=0.0030829999999999998
PRODUCER_KERNEL_V1 stage=0 raw_iteration=2147483649 ordinal=37 kernel=fct_compatible_stage_rate threads=1533387 begin_tick=1991653115040208 end_tick=1991653115583041 ms_per_tick=9.9999999999999995e-07 device_ms=0.54283300000000001
PRODUCER_KERNEL_V1 stage=0 raw_iteration=2147483649 ordinal=38 kernel=owner_predict_momentum threads=1533387 begin_tick=1991653115583583 end_tick=1991653115633083 ms_per_tick=9.9999999999999995e-07 device_ms=0.049499999999999995
RISE_FIRE_OWNER_PROFILE_V1 {"scope":26,"parent":21,"phase":"BuildStageProducerGroup","stage":0,"raw_iteration":2147483649,"iteration_kind":"terminal","wall_ms":278.009083000,"device_sum_ms":195.921583334,"wall_minus_device_ms":82.087499666,"exclusive_wall_ms":278.009083000,"exclusive_device_sum_ms":195.921583334,"child_observer_wall_ms":0.000000000,"count_scope":"inclusive","owner_commits":1,"projection_invocations":0}
RISE_FIRE_OWNER_PROFILE_V1 {"scope":27,"parent":21,"phase":"AlphaResidual","stage":0,"raw_iteration":2147483649,"iteration_kind":"terminal","wall_ms":0.262584000,"device_sum_ms":0.054874923,"wall_minus_device_ms":0.207709077,"exclusive_wall_ms":0.262584000,"exclusive_device_sum_ms":0.054874923,"child_observer_wall_ms":0.000000000,"count_scope":"inclusive","owner_commits":1,"projection_invocations":0}
RISE_FIRE_OWNER_PROFILE_V1 {"scope":28,"parent":21,"phase":"Residual","stage":0,"raw_iteration":2147483649,"iteration_kind":"terminal","wall_ms":0.313875000,"device_sum_ms":0.110374996,"wall_minus_device_ms":0.203500004,"exclusive_wall_ms":0.313875000,"exclusive_device_sum_ms":0.110374996,"child_observer_wall_ms":0.000000000,"count_scope":"inclusive","owner_commits":1,"projection_invocations":0}
RISE_FIRE_OWNER_PROFILE_V1 {"scope":21,"parent":14,"phase":"TerminalVerification","stage":0,"raw_iteration":2147483649,"iteration_kind":"terminal","wall_ms":291.782708000,"device_sum_ms":205.117166741,"wall_minus_device_ms":86.665541259,"exclusive_wall_ms":0.004167000,"exclusive_device_sum_ms":0.000000000,"child_observer_wall_ms":0.040873000,"count_scope":"inclusive","owner_commits":7,"projection_invocations":1}
RISE_FIRE_OWNER_PROFILE_V1 {"scope":14,"parent":3,"phase":"PicardIteration","stage":0,"raw_iteration":1,"iteration_kind":"picard","wall_ms":584.267083000,"device_sum_ms":410.535332980,"wall_minus_device_ms":173.731750020,"exclusive_wall_ms":0.397791000,"exclusive_device_sum_ms":0.000000000,"child_observer_wall_ms":0.051375000,"count_scope":"inclusive","owner_commits":13,"projection_invocations":2}
RISE_FIRE_OWNER_PROFILE_V1 {"scope":3,"parent":1,"phase":"SolveStage","stage":0,"raw_iteration":4294967295,"iteration_kind":"bootstrap","wall_ms":1190.763334000,"device_sum_ms":840.058124857,"wall_minus_device_ms":350.705209143,"exclusive_wall_ms":1.605458000,"exclusive_device_sum_ms":0.000000000,"child_observer_wall_ms":0.022667000,"count_scope":"inclusive","owner_commits":22,"projection_invocations":4}
RISE_FIRE_OWNER_PROFILE_V1 {"scope":31,"parent":30,"phase":"ProjectionAdapter","stage":1,"raw_iteration":4294967295,"iteration_kind":"bootstrap","wall_ms":11.722792000,"device_sum_ms":8.912041551,"wall_minus_device_ms":2.810750449,"exclusive_wall_ms":11.722792000,"exclusive_device_sum_ms":8.912041551,"child_observer_wall_ms":0.000000000,"count_scope":"inclusive","owner_commits":0,"projection_invocations":1}
RISE_FIRE_OWNER_PROFILE_V1 {"scope":30,"parent":29,"phase":"Project","stage":1,"raw_iteration":4294967295,"iteration_kind":"bootstrap","wall_ms":12.296084000,"device_sum_ms":8.957666345,"wall_minus_device_ms":3.338417655,"exclusive_wall_ms":0.557792000,"exclusive_device_sum_ms":0.045624794,"child_observer_wall_ms":0.015500000,"count_scope":"inclusive","owner_commits":2,"projection_invocations":1}
PRODUCER_COMMAND_V1 stage=1 raw_iteration=4294967295 cpu_begin=1991653130874666 cpu_end=1991653408787625 gpu_begin=1991653130874666 gpu_end=1991653408787625 device_ms=197.05275003798306 encoders=42 interval_scope=possibly_overlapping
PRODUCER_KERNEL_V1 stage=1 raw_iteration=4294967295 ordinal=0 kernel=owner_pack_faces threads=1533387 begin_tick=1991653211756916 end_tick=1991653211808000 ms_per_tick=9.9999999999999995e-07 device_ms=0.051083999999999997
PRODUCER_KERNEL_V1 stage=1 raw_iteration=4294967295 ordinal=1 kernel=owner_pack_faces threads=1533387 begin_tick=1991653211835458 end_tick=1991653211886041 ms_per_tick=9.9999999999999995e-07 device_ms=0.050582999999999996
PRODUCER_KERNEL_V1 stage=1 raw_iteration=4294967295 ordinal=2 kernel=owner_pack_faces threads=1533387 begin_tick=1991653211949250 end_tick=1991653212037291 ms_per_tick=9.9999999999999995e-07 device_ms=0.088040999999999994
PRODUCER_KERNEL_V1 stage=1 raw_iteration=4294967295 ordinal=3 kernel=fct_extract_gas_density threads=504666 begin_tick=1991653211965458 end_tick=1991653212014583 ms_per_tick=9.9999999999999995e-07 device_ms=0.049124999999999995
PRODUCER_KERNEL_V1 stage=1 raw_iteration=4294967295 ordinal=4 kernel=owner_gas_source threads=504666 begin_tick=1991653212016291 end_tick=1991653212064875 ms_per_tick=9.9999999999999995e-07 device_ms=0.048583999999999995
PRODUCER_KERNEL_V1 stage=1 raw_iteration=4294967295 ordinal=5 kernel=evaluate_resident_transport threads=504666 begin_tick=1991653212140625 end_tick=1991653212597250 ms_per_tick=9.9999999999999995e-07 device_ms=0.456625
PRODUCER_KERNEL_V1 stage=1 raw_iteration=4294967295 ordinal=6 kernel=identify_resident_transport threads=1 begin_tick=1991653212597625 end_tick=1991653212600416 ms_per_tick=9.9999999999999995e-07 device_ms=0.0027910000000000001
PRODUCER_KERNEL_V1 stage=1 raw_iteration=4294967295 ordinal=7 kernel=owner_bind_transport threads=1 begin_tick=1991653212601000 end_tick=1991653212604708 ms_per_tick=9.9999999999999995e-07 device_ms=0.0037079999999999999
PRODUCER_KERNEL_V1 stage=1 raw_iteration=4294967295 ordinal=8 kernel=identify_resident_owner_endpoint_class threads=1 begin_tick=1991653212605125 end_tick=1991653212608041 ms_per_tick=9.9999999999999995e-07 device_ms=0.0029159999999999998
PRODUCER_KERNEL_V1 stage=1 raw_iteration=4294967295 ordinal=9 kernel=evaluate_resident_physical_flux threads=1533387 begin_tick=1991653213637083 end_tick=1991653214978250 ms_per_tick=9.9999999999999995e-07 device_ms=1.341167
PRODUCER_KERNEL_V1 stage=1 raw_iteration=4294967295 ordinal=10 kernel=evaluate_resident_advective_pair threads=13800483 begin_tick=1991653214973625 end_tick=1991653222299583 ms_per_tick=9.9999999999999995e-07 device_ms=7.325958
PRODUCER_KERNEL_V1 stage=1 raw_iteration=4294967295 ordinal=11 kernel=finalize_resident_advective_high threads=13800483 begin_tick=1991653222300208 end_tick=1991653222718791 ms_per_tick=9.9999999999999995e-07 device_ms=0.41858299999999998
PRODUCER_KERNEL_V1 stage=1 raw_iteration=4294967295 ordinal=12 kernel=compose_resident_flux_pair threads=13800483 begin_tick=1991653222719166 end_tick=1991653223601000 ms_per_tick=9.9999999999999995e-07 device_ms=0.88183400000000001
PRODUCER_KERNEL_V1 stage=1 raw_iteration=4294967295 ordinal=13 kernel=validate_resident_physical_flux threads=13800483 begin_tick=1991653223601666 end_tick=1991653224450041 ms_per_tick=9.9999999999999995e-07 device_ms=0.84837499999999999
PRODUCER_KERNEL_V1 stage=1 raw_iteration=4294967295 ordinal=14 kernel=identify_resident_physical_flux threads=32 begin_tick=1991653224450750 end_tick=1991653224454208 ms_per_tick=9.9999999999999995e-07 device_ms=0.0034579999999999997
PRODUCER_KERNEL_V1 stage=1 raw_iteration=4294967295 ordinal=15 kernel=owner_average_flux threads=13800483 begin_tick=1991653224454666 end_tick=1991653225250791 ms_per_tick=9.9999999999999995e-07 device_ms=0.79612499999999997
PRODUCER_KERNEL_V1 stage=1 raw_iteration=4294967295 ordinal=16 kernel=owner_bind_averaged_flux threads=1 begin_tick=1991653225251333 end_tick=1991653225254833 ms_per_tick=9.9999999999999995e-07 device_ms=0.0034999999999999996
PRODUCER_KERNEL_V1 stage=1 raw_iteration=4294967295 ordinal=17 kernel=fct_build_ratios threads=5551326 begin_tick=1991653225255250 end_tick=1991653229093208 ms_per_tick=9.9999999999999995e-07 device_ms=3.837958
PRODUCER_KERNEL_V1 stage=1 raw_iteration=4294967295 ordinal=18 kernel=fct_build_face_alpha threads=1533387 begin_tick=1991653229093791 end_tick=1991653229357208 ms_per_tick=9.9999999999999995e-07 device_ms=0.26341700000000001
PRODUCER_KERNEL_V1 stage=1 raw_iteration=4294967295 ordinal=19 kernel=fct_commit_scalar threads=504666 begin_tick=1991653229357875 end_tick=1991653229548250 ms_per_tick=9.9999999999999995e-07 device_ms=0.19037499999999999
PRODUCER_KERNEL_V1 stage=1 raw_iteration=4294967295 ordinal=20 kernel=owner_bind_candidate threads=1 begin_tick=1991653229548875 end_tick=1991653229552583 ms_per_tick=9.9999999999999995e-07 device_ms=0.0037079999999999999
PRODUCER_KERNEL_V1 stage=1 raw_iteration=4294967295 ordinal=21 kernel=finalize_resident_eos_candidate threads=1 begin_tick=1991653229553000 end_tick=1991653229555625 ms_per_tick=9.9999999999999995e-07 device_ms=0.0026249999999999997
PRODUCER_KERNEL_V1 stage=1 raw_iteration=4294967295 ordinal=22 kernel=build_eos_endpoint_table threads=14 begin_tick=1991653229556125 end_tick=1991653229846500 ms_per_tick=9.9999999999999995e-07 device_ms=0.29037499999999999
PRODUCER_KERNEL_V1 stage=1 raw_iteration=4294967295 ordinal=23 kernel=evaluate_resident_eos_candidate threads=504666 begin_tick=1991653229846916 end_tick=1991653293309166 ms_per_tick=9.9999999999999995e-07 device_ms=63.462249999999997
PRODUCER_KERNEL_V1 stage=1 raw_iteration=4294967295 ordinal=24 kernel=finalize_resident_eos_candidate threads=1 begin_tick=1991653293323875 end_tick=1991653293326625 ms_per_tick=9.9999999999999995e-07 device_ms=0.0027499999999999998
PRODUCER_KERNEL_V1 stage=1 raw_iteration=4294967295 ordinal=25 kernel=identify_resident_eos threads=1 begin_tick=1991653293327083 end_tick=1991653293329791 ms_per_tick=9.9999999999999995e-07 device_ms=0.0027079999999999999
PRODUCER_KERNEL_V1 stage=1 raw_iteration=4294967295 ordinal=26 kernel=produce_resident_frozen_source threads=504666 begin_tick=1991653293330083 end_tick=1991653293362208 ms_per_tick=9.9999999999999995e-07 device_ms=0.032125000000000001
PRODUCER_KERNEL_V1 stage=1 raw_iteration=4294967295 ordinal=27 kernel=identify_resident_frozen_source threads=1 begin_tick=1991653293362583 end_tick=1991653293365541 ms_per_tick=9.9999999999999995e-07 device_ms=0.0029579999999999997
PRODUCER_KERNEL_V1 stage=1 raw_iteration=4294967295 ordinal=28 kernel=evaluate_resident_target_terms threads=504666 begin_tick=1991653293365833 end_tick=1991653407455083 ms_per_tick=9.9999999999999995e-07 device_ms=114.08924999999999
PRODUCER_KERNEL_V1 stage=1 raw_iteration=4294967295 ordinal=29 kernel=finalize_resident_target threads=1 begin_tick=1991653407469708 end_tick=1991653407475541 ms_per_tick=9.9999999999999995e-07 device_ms=0.0058329999999999996
PRODUCER_KERNEL_V1 stage=1 raw_iteration=4294967295 ordinal=30 kernel=identify_resident_target threads=1 begin_tick=1991653407475875 end_tick=1991653407479125 ms_per_tick=9.9999999999999995e-07 device_ms=0.0032499999999999999
PRODUCER_KERNEL_V1 stage=1 raw_iteration=4294967295 ordinal=31 kernel=issue_resident_projection_consumer threads=1 begin_tick=1991653407479458 end_tick=1991653407483833 ms_per_tick=9.9999999999999995e-07 device_ms=0.0043749999999999995
PRODUCER_KERNEL_V1 stage=1 raw_iteration=4294967295 ordinal=32 kernel=consume_resident_target threads=1 begin_tick=1991653407484500 end_tick=1991653407488750 ms_per_tick=9.9999999999999995e-07 device_ms=0.0042499999999999994
PRODUCER_KERNEL_V1 stage=1 raw_iteration=4294967295 ordinal=33 kernel=owner_compose_target threads=504666 begin_tick=1991653407489166 end_tick=1991653407520625 ms_per_tick=9.9999999999999995e-07 device_ms=0.031459000000000001
PRODUCER_KERNEL_V1 stage=1 raw_iteration=4294967295 ordinal=34 kernel=finalize_resident_target threads=1 begin_tick=1991653407520958 end_tick=1991653407523458 ms_per_tick=9.9999999999999995e-07 device_ms=0.0025000000000000001
PRODUCER_KERNEL_V1 stage=1 raw_iteration=4294967295 ordinal=35 kernel=owner_identify_target threads=1 begin_tick=1991653407523791 end_tick=1991653407529583 ms_per_tick=9.9999999999999995e-07 device_ms=0.0057919999999999994
PRODUCER_KERNEL_V1 stage=1 raw_iteration=4294967295 ordinal=36 kernel=issue_resident_projection_consumer threads=1 begin_tick=1991653407529958 end_tick=1991653407532875 ms_per_tick=9.9999999999999995e-07 device_ms=0.0029169999999999999
PRODUCER_KERNEL_V1 stage=1 raw_iteration=4294967295 ordinal=37 kernel=consume_resident_target threads=1 begin_tick=1991653407533250 end_tick=1991653407536541 ms_per_tick=9.9999999999999995e-07 device_ms=0.0032909999999999997
PRODUCER_KERNEL_V1 stage=1 raw_iteration=4294967295 ordinal=38 kernel=owner_issue_stage_seal threads=1 begin_tick=1991653407536916 end_tick=1991653407539791 ms_per_tick=9.9999999999999995e-07 device_ms=0.002875
PRODUCER_KERNEL_V1 stage=1 raw_iteration=4294967295 ordinal=39 kernel=fct_compatible_stage_rate threads=1533387 begin_tick=1991653407540166 end_tick=1991653408041375 ms_per_tick=9.9999999999999995e-07 device_ms=0.50120900000000002
PRODUCER_KERNEL_V1 stage=1 raw_iteration=4294967295 ordinal=40 kernel=fct_compatible_stage_rate threads=1533387 begin_tick=1991653408041875 end_tick=1991653408537333 ms_per_tick=9.9999999999999995e-07 device_ms=0.49545799999999995
PRODUCER_KERNEL_V1 stage=1 raw_iteration=4294967295 ordinal=41 kernel=owner_heun_momentum threads=1533387 begin_tick=1991653408537833 end_tick=1991653408668625 ms_per_tick=9.9999999999999995e-07 device_ms=0.13079199999999999
RISE_FIRE_OWNER_PROFILE_V1 {"scope":32,"parent":29,"phase":"BuildStageProducerGroup","stage":1,"raw_iteration":4294967295,"iteration_kind":"bootstrap","wall_ms":278.106542000,"device_sum_ms":197.052750038,"wall_minus_device_ms":81.053791962,"exclusive_wall_ms":278.106542000,"exclusive_device_sum_ms":197.052750038,"child_observer_wall_ms":0.000000000,"count_scope":"inclusive","owner_commits":1,"projection_invocations":0}
RISE_FIRE_OWNER_PROFILE_V1 {"scope":35,"parent":34,"phase":"ProjectionAdapter","stage":1,"raw_iteration":0,"iteration_kind":"picard","wall_ms":12.101291000,"device_sum_ms":9.277208475,"wall_minus_device_ms":2.824082525,"exclusive_wall_ms":12.101291000,"exclusive_device_sum_ms":9.277208475,"child_observer_wall_ms":0.000000000,"count_scope":"inclusive","owner_commits":0,"projection_invocations":1}
RISE_FIRE_OWNER_PROFILE_V1 {"scope":34,"parent":33,"phase":"Project","stage":1,"raw_iteration":0,"iteration_kind":"picard","wall_ms":12.675959000,"device_sum_ms":9.320666781,"wall_minus_device_ms":3.355292219,"exclusive_wall_ms":0.566126000,"exclusive_device_sum_ms":0.043458305,"child_observer_wall_ms":0.008542000,"count_scope":"inclusive","owner_commits":2,"projection_invocations":1}
RISE_FIRE_OWNER_PROFILE_V1 {"scope":36,"parent":33,"phase":"ReadOpenClass","stage":1,"raw_iteration":0,"iteration_kind":"picard","wall_ms":0.163417000,"device_sum_ms":0.002499903,"wall_minus_device_ms":0.160917097,"exclusive_wall_ms":0.163417000,"exclusive_device_sum_ms":0.002499903,"child_observer_wall_ms":0.000000000,"count_scope":"inclusive","owner_commits":1,"projection_invocations":0}
RISE_FIRE_OWNER_PROFILE_V1 {"scope":37,"parent":33,"phase":"ReadOpenClass","stage":1,"raw_iteration":0,"iteration_kind":"picard","wall_ms":0.155083000,"device_sum_ms":0.002499903,"wall_minus_device_ms":0.152583097,"exclusive_wall_ms":0.155083000,"exclusive_device_sum_ms":0.002499903,"child_observer_wall_ms":0.000000000,"count_scope":"inclusive","owner_commits":1,"projection_invocations":0}
PRODUCER_COMMAND_V1 stage=1 raw_iteration=0 cpu_begin=1991653421999583 cpu_end=1991653700008500 gpu_begin=1991653421999583 gpu_end=1991653700008500 device_ms=196.93966675549746 encoders=42 interval_scope=possibly_overlapping
PRODUCER_KERNEL_V1 stage=1 raw_iteration=0 ordinal=0 kernel=owner_pack_faces threads=1533387 begin_tick=1991653502959250 end_tick=1991653503018250 ms_per_tick=9.9999999999999995e-07 device_ms=0.058999999999999997
PRODUCER_KERNEL_V1 stage=1 raw_iteration=0 ordinal=1 kernel=owner_pack_faces threads=1533387 begin_tick=1991653503018083 end_tick=1991653503315958 ms_per_tick=9.9999999999999995e-07 device_ms=0.297875
PRODUCER_KERNEL_V1 stage=1 raw_iteration=0 ordinal=2 kernel=owner_pack_faces threads=1533387 begin_tick=1991653502957166 end_tick=1991653503018083 ms_per_tick=9.9999999999999995e-07 device_ms=0.060916999999999999
PRODUCER_KERNEL_V1 stage=1 raw_iteration=0 ordinal=3 kernel=fct_extract_gas_density threads=504666 begin_tick=1991653503018708 end_tick=1991653503067541 ms_per_tick=9.9999999999999995e-07 device_ms=0.048832999999999994
PRODUCER_KERNEL_V1 stage=1 raw_iteration=0 ordinal=4 kernel=owner_gas_source threads=504666 begin_tick=1991653503316333 end_tick=1991653503512500 ms_per_tick=9.9999999999999995e-07 device_ms=0.19616699999999998
PRODUCER_KERNEL_V1 stage=1 raw_iteration=0 ordinal=5 kernel=evaluate_resident_transport threads=504666 begin_tick=1991653503067541 end_tick=1991653503524166 ms_per_tick=9.9999999999999995e-07 device_ms=0.456625
PRODUCER_KERNEL_V1 stage=1 raw_iteration=0 ordinal=6 kernel=identify_resident_transport threads=1 begin_tick=1991653503524583 end_tick=1991653503527875 ms_per_tick=9.9999999999999995e-07 device_ms=0.0032919999999999998
PRODUCER_KERNEL_V1 stage=1 raw_iteration=0 ordinal=7 kernel=owner_bind_transport threads=1 begin_tick=1991653503528458 end_tick=1991653503532333 ms_per_tick=9.9999999999999995e-07 device_ms=0.003875
PRODUCER_KERNEL_V1 stage=1 raw_iteration=0 ordinal=8 kernel=identify_resident_owner_endpoint_class threads=1 begin_tick=1991653503532666 end_tick=1991653503536083 ms_per_tick=9.9999999999999995e-07 device_ms=0.0034169999999999999
PRODUCER_KERNEL_V1 stage=1 raw_iteration=0 ordinal=9 kernel=evaluate_resident_physical_flux threads=1533387 begin_tick=1991653504545041 end_tick=1991653505882291 ms_per_tick=9.9999999999999995e-07 device_ms=1.33725
PRODUCER_KERNEL_V1 stage=1 raw_iteration=0 ordinal=10 kernel=evaluate_resident_advective_pair threads=13800483 begin_tick=1991653505884583 end_tick=1991653513215166 ms_per_tick=9.9999999999999995e-07 device_ms=7.3305829999999998
PRODUCER_KERNEL_V1 stage=1 raw_iteration=0 ordinal=11 kernel=finalize_resident_advective_high threads=13800483 begin_tick=1991653513215791 end_tick=1991653513644125 ms_per_tick=9.9999999999999995e-07 device_ms=0.42833399999999999
PRODUCER_KERNEL_V1 stage=1 raw_iteration=0 ordinal=12 kernel=compose_resident_flux_pair threads=13800483 begin_tick=1991653513644458 end_tick=1991653514610166 ms_per_tick=9.9999999999999995e-07 device_ms=0.96570800000000001
PRODUCER_KERNEL_V1 stage=1 raw_iteration=0 ordinal=13 kernel=validate_resident_physical_flux threads=13800483 begin_tick=1991653514610666 end_tick=1991653515440958 ms_per_tick=9.9999999999999995e-07 device_ms=0.83029199999999992
PRODUCER_KERNEL_V1 stage=1 raw_iteration=0 ordinal=14 kernel=identify_resident_physical_flux threads=32 begin_tick=1991653515441583 end_tick=1991653515445000 ms_per_tick=9.9999999999999995e-07 device_ms=0.0034169999999999999
PRODUCER_KERNEL_V1 stage=1 raw_iteration=0 ordinal=15 kernel=owner_average_flux threads=13800483 begin_tick=1991653515445458 end_tick=1991653516240375 ms_per_tick=9.9999999999999995e-07 device_ms=0.79491699999999998
PRODUCER_KERNEL_V1 stage=1 raw_iteration=0 ordinal=16 kernel=owner_bind_averaged_flux threads=1 begin_tick=1991653516240875 end_tick=1991653516244625 ms_per_tick=9.9999999999999995e-07 device_ms=0.0037499999999999999
PRODUCER_KERNEL_V1 stage=1 raw_iteration=0 ordinal=17 kernel=fct_build_ratios threads=5551326 begin_tick=1991653516244916 end_tick=1991653519842125 ms_per_tick=9.9999999999999995e-07 device_ms=3.5972089999999999
PRODUCER_KERNEL_V1 stage=1 raw_iteration=0 ordinal=18 kernel=fct_build_face_alpha threads=1533387 begin_tick=1991653519842916 end_tick=1991653520106000 ms_per_tick=9.9999999999999995e-07 device_ms=0.26308399999999998
PRODUCER_KERNEL_V1 stage=1 raw_iteration=0 ordinal=19 kernel=fct_commit_scalar threads=504666 begin_tick=1991653520106666 end_tick=1991653520298375 ms_per_tick=9.9999999999999995e-07 device_ms=0.19170899999999999
PRODUCER_KERNEL_V1 stage=1 raw_iteration=0 ordinal=20 kernel=owner_bind_candidate threads=1 begin_tick=1991653520298958 end_tick=1991653520302875 ms_per_tick=9.9999999999999995e-07 device_ms=0.0039169999999999995
PRODUCER_KERNEL_V1 stage=1 raw_iteration=0 ordinal=21 kernel=finalize_resident_eos_candidate threads=1 begin_tick=1991653520303458 end_tick=1991653520305958 ms_per_tick=9.9999999999999995e-07 device_ms=0.0025000000000000001
PRODUCER_KERNEL_V1 stage=1 raw_iteration=0 ordinal=22 kernel=build_eos_endpoint_table threads=14 begin_tick=1991653520306791 end_tick=1991653520598208 ms_per_tick=9.9999999999999995e-07 device_ms=0.29141699999999998
PRODUCER_KERNEL_V1 stage=1 raw_iteration=0 ordinal=23 kernel=evaluate_resident_eos_candidate threads=504666 begin_tick=1991653520598500 end_tick=1991653584620041 ms_per_tick=9.9999999999999995e-07 device_ms=64.021540999999999
PRODUCER_KERNEL_V1 stage=1 raw_iteration=0 ordinal=24 kernel=finalize_resident_eos_candidate threads=1 begin_tick=1991653584635833 end_tick=1991653584640000 ms_per_tick=9.9999999999999995e-07 device_ms=0.0041669999999999997
PRODUCER_KERNEL_V1 stage=1 raw_iteration=0 ordinal=25 kernel=identify_resident_eos threads=1 begin_tick=1991653584640375 end_tick=1991653584643291 ms_per_tick=9.9999999999999995e-07 device_ms=0.0029159999999999998
PRODUCER_KERNEL_V1 stage=1 raw_iteration=0 ordinal=26 kernel=produce_resident_frozen_source threads=504666 begin_tick=1991653584643666 end_tick=1991653584674541 ms_per_tick=9.9999999999999995e-07 device_ms=0.030875
PRODUCER_KERNEL_V1 stage=1 raw_iteration=0 ordinal=27 kernel=identify_resident_frozen_source threads=1 begin_tick=1991653584674875 end_tick=1991653584681541 ms_per_tick=9.9999999999999995e-07 device_ms=0.0066660000000000001
PRODUCER_KERNEL_V1 stage=1 raw_iteration=0 ordinal=28 kernel=evaluate_resident_target_terms threads=504666 begin_tick=1991653584682000 end_tick=1991653698648583 ms_per_tick=9.9999999999999995e-07 device_ms=113.966583
PRODUCER_KERNEL_V1 stage=1 raw_iteration=0 ordinal=29 kernel=finalize_resident_target threads=1 begin_tick=1991653698663041 end_tick=1991653698666166 ms_per_tick=9.9999999999999995e-07 device_ms=0.0031249999999999997
PRODUCER_KERNEL_V1 stage=1 raw_iteration=0 ordinal=30 kernel=identify_resident_target threads=1 begin_tick=1991653698666500 end_tick=1991653698669458 ms_per_tick=9.9999999999999995e-07 device_ms=0.0029579999999999997
PRODUCER_KERNEL_V1 stage=1 raw_iteration=0 ordinal=31 kernel=issue_resident_projection_consumer threads=1 begin_tick=1991653698669750 end_tick=1991653698674458 ms_per_tick=9.9999999999999995e-07 device_ms=0.0047079999999999995
PRODUCER_KERNEL_V1 stage=1 raw_iteration=0 ordinal=32 kernel=consume_resident_target threads=1 begin_tick=1991653698674750 end_tick=1991653698678750 ms_per_tick=9.9999999999999995e-07 device_ms=0.0040000000000000001
PRODUCER_KERNEL_V1 stage=1 raw_iteration=0 ordinal=33 kernel=owner_compose_target threads=504666 begin_tick=1991653698679041 end_tick=1991653698759208 ms_per_tick=9.9999999999999995e-07 device_ms=0.080167000000000002
PRODUCER_KERNEL_V1 stage=1 raw_iteration=0 ordinal=34 kernel=finalize_resident_target threads=1 begin_tick=1991653698759583 end_tick=1991653698761791 ms_per_tick=9.9999999999999995e-07 device_ms=0.0022079999999999999
PRODUCER_KERNEL_V1 stage=1 raw_iteration=0 ordinal=35 kernel=owner_identify_target threads=1 begin_tick=1991653698762208 end_tick=1991653698768458 ms_per_tick=9.9999999999999995e-07 device_ms=0.0062499999999999995
PRODUCER_KERNEL_V1 stage=1 raw_iteration=0 ordinal=36 kernel=issue_resident_projection_consumer threads=1 begin_tick=1991653698768875 end_tick=1991653698771833 ms_per_tick=9.9999999999999995e-07 device_ms=0.0029579999999999997
PRODUCER_KERNEL_V1 stage=1 raw_iteration=0 ordinal=37 kernel=consume_resident_target threads=1 begin_tick=1991653698772208 end_tick=1991653698775666 ms_per_tick=9.9999999999999995e-07 device_ms=0.0034579999999999997
PRODUCER_KERNEL_V1 stage=1 raw_iteration=0 ordinal=38 kernel=owner_issue_stage_seal threads=1 begin_tick=1991653698776083 end_tick=1991653698778916 ms_per_tick=9.9999999999999995e-07 device_ms=0.002833
PRODUCER_KERNEL_V1 stage=1 raw_iteration=0 ordinal=39 kernel=fct_compatible_stage_rate threads=1533387 begin_tick=1991653698779291 end_tick=1991653699299583 ms_per_tick=9.9999999999999995e-07 device_ms=0.52029199999999998
PRODUCER_KERNEL_V1 stage=1 raw_iteration=0 ordinal=40 kernel=fct_compatible_stage_rate threads=1533387 begin_tick=1991653699300000 end_tick=1991653699799041 ms_per_tick=9.9999999999999995e-07 device_ms=0.49904099999999996
PRODUCER_KERNEL_V1 stage=1 raw_iteration=0 ordinal=41 kernel=owner_heun_momentum threads=1533387 begin_tick=1991653699799458 end_tick=1991653699890916 ms_per_tick=9.9999999999999995e-07 device_ms=0.091457999999999998
RISE_FIRE_OWNER_PROFILE_V1 {"scope":38,"parent":33,"phase":"BuildStageProducerGroup","stage":1,"raw_iteration":0,"iteration_kind":"picard","wall_ms":278.169333000,"device_sum_ms":196.939666755,"wall_minus_device_ms":81.229666245,"exclusive_wall_ms":278.169333000,"exclusive_device_sum_ms":196.939666755,"child_observer_wall_ms":0.000000000,"count_scope":"inclusive","owner_commits":1,"projection_invocations":0}
RISE_FIRE_OWNER_PROFILE_V1 {"scope":39,"parent":33,"phase":"Residual","stage":1,"raw_iteration":0,"iteration_kind":"picard","wall_ms":0.208417000,"device_sum_ms":0.021958258,"wall_minus_device_ms":0.186458742,"exclusive_wall_ms":0.208417000,"exclusive_device_sum_ms":0.021958258,"child_observer_wall_ms":0.000000000,"count_scope":"inclusive","owner_commits":1,"projection_invocations":0}
RISE_FIRE_OWNER_PROFILE_V1 {"scope":33,"parent":29,"phase":"PicardIteration","stage":1,"raw_iteration":0,"iteration_kind":"picard","wall_ms":291.786292000,"device_sum_ms":206.287291599,"wall_minus_device_ms":85.499000401,"exclusive_wall_ms":0.382082000,"exclusive_device_sum_ms":0.000000000,"child_observer_wall_ms":0.032001000,"count_scope":"inclusive","owner_commits":6,"projection_invocations":1}
RISE_FIRE_OWNER_PROFILE_V1 {"scope":42,"parent":41,"phase":"ProjectionAdapter","stage":1,"raw_iteration":1,"iteration_kind":"picard","wall_ms":11.763542000,"device_sum_ms":9.044250008,"wall_minus_device_ms":2.719291992,"exclusive_wall_ms":11.763542000,"exclusive_device_sum_ms":9.044250008,"child_observer_wall_ms":0.000000000,"count_scope":"inclusive","owner_commits":0,"projection_invocations":1}
RISE_FIRE_OWNER_PROFILE_V1 {"scope":41,"parent":40,"phase":"Project","stage":1,"raw_iteration":1,"iteration_kind":"picard","wall_ms":13.216875000,"device_sum_ms":9.091333486,"wall_minus_device_ms":4.125541514,"exclusive_wall_ms":1.446958000,"exclusive_device_sum_ms":0.047083478,"child_observer_wall_ms":0.006375000,"count_scope":"inclusive","owner_commits":2,"projection_invocations":1}
RISE_FIRE_OWNER_PROFILE_V1 {"scope":43,"parent":40,"phase":"ReadOpenClass","stage":1,"raw_iteration":1,"iteration_kind":"picard","wall_ms":0.139500000,"device_sum_ms":0.002500135,"wall_minus_device_ms":0.136999865,"exclusive_wall_ms":0.139500000,"exclusive_device_sum_ms":0.002500135,"child_observer_wall_ms":0.000000000,"count_scope":"inclusive","owner_commits":1,"projection_invocations":0}
RISE_FIRE_OWNER_PROFILE_V1 {"scope":44,"parent":40,"phase":"ReadOpenClass","stage":1,"raw_iteration":1,"iteration_kind":"picard","wall_ms":0.143458000,"device_sum_ms":0.002499903,"wall_minus_device_ms":0.140958097,"exclusive_wall_ms":0.143458000,"exclusive_device_sum_ms":0.002499903,"child_observer_wall_ms":0.000000000,"count_scope":"inclusive","owner_commits":1,"projection_invocations":0}
PRODUCER_COMMAND_V1 stage=1 raw_iteration=1 cpu_begin=1991653714289541 cpu_end=1991653991885916 gpu_begin=1991653714289541 gpu_end=1991653991885916 device_ms=197.03899999149144 encoders=42 interval_scope=possibly_overlapping
PRODUCER_KERNEL_V1 stage=1 raw_iteration=1 ordinal=0 kernel=owner_pack_faces threads=1533387 begin_tick=1991653794851958 end_tick=1991653794902666 ms_per_tick=9.9999999999999995e-07 device_ms=0.050707999999999996
PRODUCER_KERNEL_V1 stage=1 raw_iteration=1 ordinal=1 kernel=owner_pack_faces threads=1533387 begin_tick=1991653794969958 end_tick=1991653795020125 ms_per_tick=9.9999999999999995e-07 device_ms=0.050166999999999996
PRODUCER_KERNEL_V1 stage=1 raw_iteration=1 ordinal=2 kernel=owner_pack_faces threads=1533387 begin_tick=1991653795046250 end_tick=1991653795096625 ms_per_tick=9.9999999999999995e-07 device_ms=0.050374999999999996
PRODUCER_KERNEL_V1 stage=1 raw_iteration=1 ordinal=3 kernel=fct_extract_gas_density threads=504666 begin_tick=1991653795110625 end_tick=1991653795174250 ms_per_tick=9.9999999999999995e-07 device_ms=0.063625000000000001
PRODUCER_KERNEL_V1 stage=1 raw_iteration=1 ordinal=4 kernel=owner_gas_source threads=504666 begin_tick=1991653795136500 end_tick=1991653795197333 ms_per_tick=9.9999999999999995e-07 device_ms=0.060832999999999998
PRODUCER_KERNEL_V1 stage=1 raw_iteration=1 ordinal=5 kernel=evaluate_resident_transport threads=504666 begin_tick=1991653795240958 end_tick=1991653795692750 ms_per_tick=9.9999999999999995e-07 device_ms=0.45179199999999997
PRODUCER_KERNEL_V1 stage=1 raw_iteration=1 ordinal=6 kernel=identify_resident_transport threads=1 begin_tick=1991653795693166 end_tick=1991653795696250 ms_per_tick=9.9999999999999995e-07 device_ms=0.0030839999999999999
PRODUCER_KERNEL_V1 stage=1 raw_iteration=1 ordinal=7 kernel=owner_bind_transport threads=1 begin_tick=1991653795696791 end_tick=1991653795701041 ms_per_tick=9.9999999999999995e-07 device_ms=0.0042499999999999994
PRODUCER_KERNEL_V1 stage=1 raw_iteration=1 ordinal=8 kernel=identify_resident_owner_endpoint_class threads=1 begin_tick=1991653795701458 end_tick=1991653795704875 ms_per_tick=9.9999999999999995e-07 device_ms=0.0034169999999999999
PRODUCER_KERNEL_V1 stage=1 raw_iteration=1 ordinal=9 kernel=evaluate_resident_physical_flux threads=1533387 begin_tick=1991653796851125 end_tick=1991653798191166 ms_per_tick=9.9999999999999995e-07 device_ms=1.340041
PRODUCER_KERNEL_V1 stage=1 raw_iteration=1 ordinal=10 kernel=evaluate_resident_advective_pair threads=13800483 begin_tick=1991653798386541 end_tick=1991653805715375 ms_per_tick=9.9999999999999995e-07 device_ms=7.3288339999999996
PRODUCER_KERNEL_V1 stage=1 raw_iteration=1 ordinal=11 kernel=finalize_resident_advective_high threads=13800483 begin_tick=1991653805715958 end_tick=1991653806133958 ms_per_tick=9.9999999999999995e-07 device_ms=0.41799999999999998
PRODUCER_KERNEL_V1 stage=1 raw_iteration=1 ordinal=12 kernel=compose_resident_flux_pair threads=13800483 begin_tick=1991653806134333 end_tick=1991653807012083 ms_per_tick=9.9999999999999995e-07 device_ms=0.87774999999999992
PRODUCER_KERNEL_V1 stage=1 raw_iteration=1 ordinal=13 kernel=validate_resident_physical_flux threads=13800483 begin_tick=1991653807012625 end_tick=1991653807851666 ms_per_tick=9.9999999999999995e-07 device_ms=0.83904099999999993
PRODUCER_KERNEL_V1 stage=1 raw_iteration=1 ordinal=14 kernel=identify_resident_physical_flux threads=32 begin_tick=1991653807852416 end_tick=1991653807855833 ms_per_tick=9.9999999999999995e-07 device_ms=0.0034169999999999999
PRODUCER_KERNEL_V1 stage=1 raw_iteration=1 ordinal=15 kernel=owner_average_flux threads=13800483 begin_tick=1991653807856416 end_tick=1991653808652500 ms_per_tick=9.9999999999999995e-07 device_ms=0.79608400000000001
PRODUCER_KERNEL_V1 stage=1 raw_iteration=1 ordinal=16 kernel=owner_bind_averaged_flux threads=1 begin_tick=1991653808653041 end_tick=1991653808656750 ms_per_tick=9.9999999999999995e-07 device_ms=0.0037089999999999996
PRODUCER_KERNEL_V1 stage=1 raw_iteration=1 ordinal=17 kernel=fct_build_ratios threads=5551326 begin_tick=1991653808657333 end_tick=1991653812466833 ms_per_tick=9.9999999999999995e-07 device_ms=3.8094999999999999
PRODUCER_KERNEL_V1 stage=1 raw_iteration=1 ordinal=18 kernel=fct_build_face_alpha threads=1533387 begin_tick=1991653812467541 end_tick=1991653812734083 ms_per_tick=9.9999999999999995e-07 device_ms=0.266542
PRODUCER_KERNEL_V1 stage=1 raw_iteration=1 ordinal=19 kernel=fct_commit_scalar threads=504666 begin_tick=1991653812734833 end_tick=1991653812922458 ms_per_tick=9.9999999999999995e-07 device_ms=0.18762499999999999
PRODUCER_KERNEL_V1 stage=1 raw_iteration=1 ordinal=20 kernel=owner_bind_candidate threads=1 begin_tick=1991653812922875 end_tick=1991653812929750 ms_per_tick=9.9999999999999995e-07 device_ms=0.006875
PRODUCER_KERNEL_V1 stage=1 raw_iteration=1 ordinal=21 kernel=finalize_resident_eos_candidate threads=1 begin_tick=1991653812930291 end_tick=1991653812932750 ms_per_tick=9.9999999999999995e-07 device_ms=0.0024589999999999998
PRODUCER_KERNEL_V1 stage=1 raw_iteration=1 ordinal=22 kernel=build_eos_endpoint_table threads=14 begin_tick=1991653812933250 end_tick=1991653813223666 ms_per_tick=9.9999999999999995e-07 device_ms=0.29041600000000001
PRODUCER_KERNEL_V1 stage=1 raw_iteration=1 ordinal=23 kernel=evaluate_resident_eos_candidate threads=504666 begin_tick=1991653813224083 end_tick=1991653876409000 ms_per_tick=9.9999999999999995e-07 device_ms=63.184916999999999
PRODUCER_KERNEL_V1 stage=1 raw_iteration=1 ordinal=24 kernel=finalize_resident_eos_candidate threads=1 begin_tick=1991653876423500 end_tick=1991653876426541 ms_per_tick=9.9999999999999995e-07 device_ms=0.0030409999999999999
PRODUCER_KERNEL_V1 stage=1 raw_iteration=1 ordinal=25 kernel=identify_resident_eos threads=1 begin_tick=1991653876426875 end_tick=1991653876429541 ms_per_tick=9.9999999999999995e-07 device_ms=0.002666
PRODUCER_KERNEL_V1 stage=1 raw_iteration=1 ordinal=26 kernel=produce_resident_frozen_source threads=504666 begin_tick=1991653876429916 end_tick=1991653876461208 ms_per_tick=9.9999999999999995e-07 device_ms=0.031292
PRODUCER_KERNEL_V1 stage=1 raw_iteration=1 ordinal=27 kernel=identify_resident_frozen_source threads=1 begin_tick=1991653876461625 end_tick=1991653876464416 ms_per_tick=9.9999999999999995e-07 device_ms=0.0027910000000000001
PRODUCER_KERNEL_V1 stage=1 raw_iteration=1 ordinal=28 kernel=evaluate_resident_target_terms threads=504666 begin_tick=1991653876464833 end_tick=1991653990506500 ms_per_tick=9.9999999999999995e-07 device_ms=114.04166699999999
PRODUCER_KERNEL_V1 stage=1 raw_iteration=1 ordinal=29 kernel=finalize_resident_target threads=1 begin_tick=1991653990521041 end_tick=1991653990524083 ms_per_tick=9.9999999999999995e-07 device_ms=0.003042
PRODUCER_KERNEL_V1 stage=1 raw_iteration=1 ordinal=30 kernel=identify_resident_target threads=1 begin_tick=1991653990524375 end_tick=1991653990527250 ms_per_tick=9.9999999999999995e-07 device_ms=0.002875
PRODUCER_KERNEL_V1 stage=1 raw_iteration=1 ordinal=31 kernel=issue_resident_projection_consumer threads=1 begin_tick=1991653990527666 end_tick=1991653990532208 ms_per_tick=9.9999999999999995e-07 device_ms=0.004542
PRODUCER_KERNEL_V1 stage=1 raw_iteration=1 ordinal=32 kernel=consume_resident_target threads=1 begin_tick=1991653990532625 end_tick=1991653990539625 ms_per_tick=9.9999999999999995e-07 device_ms=0.0069999999999999993
PRODUCER_KERNEL_V1 stage=1 raw_iteration=1 ordinal=33 kernel=owner_compose_target threads=504666 begin_tick=1991653990540041 end_tick=1991653990619666 ms_per_tick=9.9999999999999995e-07 device_ms=0.079625000000000001
PRODUCER_KERNEL_V1 stage=1 raw_iteration=1 ordinal=34 kernel=finalize_resident_target threads=1 begin_tick=1991653990619958 end_tick=1991653990625416 ms_per_tick=9.9999999999999995e-07 device_ms=0.0054580000000000002
PRODUCER_KERNEL_V1 stage=1 raw_iteration=1 ordinal=35 kernel=owner_identify_target threads=1 begin_tick=1991653990625750 end_tick=1991653990628458 ms_per_tick=9.9999999999999995e-07 device_ms=0.0027079999999999999
PRODUCER_KERNEL_V1 stage=1 raw_iteration=1 ordinal=36 kernel=issue_resident_projection_consumer threads=1 begin_tick=1991653990628833 end_tick=1991653990631958 ms_per_tick=9.9999999999999995e-07 device_ms=0.0031249999999999997
PRODUCER_KERNEL_V1 stage=1 raw_iteration=1 ordinal=37 kernel=consume_resident_target threads=1 begin_tick=1991653990632375 end_tick=1991653990635500 ms_per_tick=9.9999999999999995e-07 device_ms=0.0031249999999999997
PRODUCER_KERNEL_V1 stage=1 raw_iteration=1 ordinal=38 kernel=owner_issue_stage_seal threads=1 begin_tick=1991653990635875 end_tick=1991653990638958 ms_per_tick=9.9999999999999995e-07 device_ms=0.0030829999999999998
PRODUCER_KERNEL_V1 stage=1 raw_iteration=1 ordinal=39 kernel=fct_compatible_stage_rate threads=1533387 begin_tick=1991653990639375 end_tick=1991653991144375 ms_per_tick=9.9999999999999995e-07 device_ms=0.505
PRODUCER_KERNEL_V1 stage=1 raw_iteration=1 ordinal=40 kernel=fct_compatible_stage_rate threads=1533387 begin_tick=1991653991144875 end_tick=1991653991680291 ms_per_tick=9.9999999999999995e-07 device_ms=0.535416
PRODUCER_KERNEL_V1 stage=1 raw_iteration=1 ordinal=41 kernel=owner_heun_momentum threads=1533387 begin_tick=1991653991680708 end_tick=1991653991771166 ms_per_tick=9.9999999999999995e-07 device_ms=0.090457999999999997
RISE_FIRE_OWNER_PROFILE_V1 {"scope":45,"parent":40,"phase":"BuildStageProducerGroup","stage":1,"raw_iteration":1,"iteration_kind":"picard","wall_ms":277.741917000,"device_sum_ms":197.038999991,"wall_minus_device_ms":80.702917009,"exclusive_wall_ms":277.741917000,"exclusive_device_sum_ms":197.038999991,"child_observer_wall_ms":0.000000000,"count_scope":"inclusive","owner_commits":1,"projection_invocations":0}
RISE_FIRE_OWNER_PROFILE_V1 {"scope":46,"parent":40,"phase":"Residual","stage":1,"raw_iteration":1,"iteration_kind":"picard","wall_ms":0.301292000,"device_sum_ms":0.109041575,"wall_minus_device_ms":0.192250425,"exclusive_wall_ms":0.301292000,"exclusive_device_sum_ms":0.109041575,"child_observer_wall_ms":0.000000000,"count_scope":"inclusive","owner_commits":1,"projection_invocations":0}
RISE_FIRE_OWNER_PROFILE_V1 {"scope":49,"parent":48,"phase":"ProjectionAdapter","stage":1,"raw_iteration":2147483649,"iteration_kind":"terminal","wall_ms":11.767333000,"device_sum_ms":8.885500021,"wall_minus_device_ms":2.881832979,"exclusive_wall_ms":11.767333000,"exclusive_device_sum_ms":8.885500021,"child_observer_wall_ms":0.000000000,"count_scope":"inclusive","owner_commits":0,"projection_invocations":1}
RISE_FIRE_OWNER_PROFILE_V1 {"scope":48,"parent":47,"phase":"Project","stage":1,"raw_iteration":2147483649,"iteration_kind":"terminal","wall_ms":12.351625000,"device_sum_ms":8.924749913,"wall_minus_device_ms":3.426875087,"exclusive_wall_ms":0.577084000,"exclusive_device_sum_ms":0.039249891,"child_observer_wall_ms":0.007208000,"count_scope":"inclusive","owner_commits":2,"projection_invocations":1}
RISE_FIRE_OWNER_PROFILE_V1 {"scope":50,"parent":47,"phase":"ReadOpenClass","stage":1,"raw_iteration":2147483649,"iteration_kind":"terminal","wall_ms":0.152292000,"device_sum_ms":0.002499903,"wall_minus_device_ms":0.149792097,"exclusive_wall_ms":0.152292000,"exclusive_device_sum_ms":0.002499903,"child_observer_wall_ms":0.000000000,"count_scope":"inclusive","owner_commits":1,"projection_invocations":0}
RISE_FIRE_OWNER_PROFILE_V1 {"scope":51,"parent":47,"phase":"ReadOpenClass","stage":1,"raw_iteration":2147483649,"iteration_kind":"terminal","wall_ms":0.146125000,"device_sum_ms":0.002499903,"wall_minus_device_ms":0.143625097,"exclusive_wall_ms":0.146125000,"exclusive_device_sum_ms":0.002499903,"child_observer_wall_ms":0.000000000,"count_scope":"inclusive","owner_commits":1,"projection_invocations":0}
PRODUCER_COMMAND_V1 stage=1 raw_iteration=2147483649 cpu_begin=1991654005016041 cpu_end=1991654285328166 gpu_begin=1991654005016041 gpu_end=1991654285328166 device_ms=198.44912504777312 encoders=42 interval_scope=possibly_overlapping
PRODUCER_KERNEL_V1 stage=1 raw_iteration=2147483649 ordinal=0 kernel=owner_pack_faces threads=1533387 begin_tick=1991654086747583 end_tick=1991654086806833 ms_per_tick=9.9999999999999995e-07 device_ms=0.059249999999999997
PRODUCER_KERNEL_V1 stage=1 raw_iteration=2147483649 ordinal=1 kernel=owner_pack_faces threads=1533387 begin_tick=1991654086806625 end_tick=1991654087116750 ms_per_tick=9.9999999999999995e-07 device_ms=0.31012499999999998
PRODUCER_KERNEL_V1 stage=1 raw_iteration=2147483649 ordinal=2 kernel=owner_pack_faces threads=1533387 begin_tick=1991654086745791 end_tick=1991654086806625 ms_per_tick=9.9999999999999995e-07 device_ms=0.060833999999999999
PRODUCER_KERNEL_V1 stage=1 raw_iteration=2147483649 ordinal=3 kernel=fct_extract_gas_density threads=504666 begin_tick=1991654086807291 end_tick=1991654086855458 ms_per_tick=9.9999999999999995e-07 device_ms=0.048166999999999995
PRODUCER_KERNEL_V1 stage=1 raw_iteration=2147483649 ordinal=4 kernel=owner_gas_source threads=504666 begin_tick=1991654087117083 end_tick=1991654087298833 ms_per_tick=9.9999999999999995e-07 device_ms=0.18174999999999999
PRODUCER_KERNEL_V1 stage=1 raw_iteration=2147483649 ordinal=5 kernel=evaluate_resident_transport threads=504666 begin_tick=1991654086855458 end_tick=1991654087314166 ms_per_tick=9.9999999999999995e-07 device_ms=0.458708
PRODUCER_KERNEL_V1 stage=1 raw_iteration=2147483649 ordinal=6 kernel=identify_resident_transport threads=1 begin_tick=1991654087314583 end_tick=1991654087317833 ms_per_tick=9.9999999999999995e-07 device_ms=0.0032499999999999999
PRODUCER_KERNEL_V1 stage=1 raw_iteration=2147483649 ordinal=7 kernel=owner_bind_transport threads=1 begin_tick=1991654087318416 end_tick=1991654087322208 ms_per_tick=9.9999999999999995e-07 device_ms=0.0037919999999999998
PRODUCER_KERNEL_V1 stage=1 raw_iteration=2147483649 ordinal=8 kernel=identify_resident_owner_endpoint_class threads=1 begin_tick=1991654087322625 end_tick=1991654087326125 ms_per_tick=9.9999999999999995e-07 device_ms=0.0034999999999999996
PRODUCER_KERNEL_V1 stage=1 raw_iteration=2147483649 ordinal=9 kernel=evaluate_resident_physical_flux threads=1533387 begin_tick=1991654088283875 end_tick=1991654089624666 ms_per_tick=9.9999999999999995e-07 device_ms=1.3407909999999998
PRODUCER_KERNEL_V1 stage=1 raw_iteration=2147483649 ordinal=10 kernel=evaluate_resident_advective_pair threads=13800483 begin_tick=1991654089611875 end_tick=1991654096959166 ms_per_tick=9.9999999999999995e-07 device_ms=7.3472909999999994
PRODUCER_KERNEL_V1 stage=1 raw_iteration=2147483649 ordinal=11 kernel=finalize_resident_advective_high threads=13800483 begin_tick=1991654096977583 end_tick=1991654097400708 ms_per_tick=9.9999999999999995e-07 device_ms=0.42312499999999997
PRODUCER_KERNEL_V1 stage=1 raw_iteration=2147483649 ordinal=12 kernel=compose_resident_flux_pair threads=13800483 begin_tick=1991654097401083 end_tick=1991654098372416 ms_per_tick=9.9999999999999995e-07 device_ms=0.971333
PRODUCER_KERNEL_V1 stage=1 raw_iteration=2147483649 ordinal=13 kernel=validate_resident_physical_flux threads=13800483 begin_tick=1991654098373083 end_tick=1991654099201458 ms_per_tick=9.9999999999999995e-07 device_ms=0.82837499999999997
PRODUCER_KERNEL_V1 stage=1 raw_iteration=2147483649 ordinal=14 kernel=identify_resident_physical_flux threads=32 begin_tick=1991654099202125 end_tick=1991654099205750 ms_per_tick=9.9999999999999995e-07 device_ms=0.0036249999999999998
PRODUCER_KERNEL_V1 stage=1 raw_iteration=2147483649 ordinal=15 kernel=owner_average_flux threads=13800483 begin_tick=1991654099206291 end_tick=1991654100000000 ms_per_tick=9.9999999999999995e-07 device_ms=0.793709
PRODUCER_KERNEL_V1 stage=1 raw_iteration=2147483649 ordinal=16 kernel=owner_bind_averaged_flux threads=1 begin_tick=1991654100000500 end_tick=1991654100004458 ms_per_tick=9.9999999999999995e-07 device_ms=0.0039579999999999997
PRODUCER_KERNEL_V1 stage=1 raw_iteration=2147483649 ordinal=17 kernel=fct_build_ratios threads=5551326 begin_tick=1991654100004875 end_tick=1991654103591500 ms_per_tick=9.9999999999999995e-07 device_ms=3.5866249999999997
PRODUCER_KERNEL_V1 stage=1 raw_iteration=2147483649 ordinal=18 kernel=fct_build_face_alpha threads=1533387 begin_tick=1991654103592291 end_tick=1991654103855375 ms_per_tick=9.9999999999999995e-07 device_ms=0.26308399999999998
PRODUCER_KERNEL_V1 stage=1 raw_iteration=2147483649 ordinal=19 kernel=fct_commit_scalar threads=504666 begin_tick=1991654103856083 end_tick=1991654104047833 ms_per_tick=9.9999999999999995e-07 device_ms=0.19175
PRODUCER_KERNEL_V1 stage=1 raw_iteration=2147483649 ordinal=20 kernel=owner_bind_candidate threads=1 begin_tick=1991654104048375 end_tick=1991654104052250 ms_per_tick=9.9999999999999995e-07 device_ms=0.003875
PRODUCER_KERNEL_V1 stage=1 raw_iteration=2147483649 ordinal=21 kernel=finalize_resident_eos_candidate threads=1 begin_tick=1991654104052750 end_tick=1991654104055416 ms_per_tick=9.9999999999999995e-07 device_ms=0.002666
PRODUCER_KERNEL_V1 stage=1 raw_iteration=2147483649 ordinal=22 kernel=build_eos_endpoint_table threads=14 begin_tick=1991654104055875 end_tick=1991654104346125 ms_per_tick=9.9999999999999995e-07 device_ms=0.29025000000000001
PRODUCER_KERNEL_V1 stage=1 raw_iteration=2147483649 ordinal=23 kernel=evaluate_resident_eos_candidate threads=504666 begin_tick=1991654104346500 end_tick=1991654169782333 ms_per_tick=9.9999999999999995e-07 device_ms=65.435833000000002
PRODUCER_KERNEL_V1 stage=1 raw_iteration=2147483649 ordinal=24 kernel=finalize_resident_eos_candidate threads=1 begin_tick=1991654169797583 end_tick=1991654169800666 ms_per_tick=9.9999999999999995e-07 device_ms=0.0030829999999999998
PRODUCER_KERNEL_V1 stage=1 raw_iteration=2147483649 ordinal=25 kernel=identify_resident_eos threads=1 begin_tick=1991654169801083 end_tick=1991654169803750 ms_per_tick=9.9999999999999995e-07 device_ms=0.0026669999999999997
PRODUCER_KERNEL_V1 stage=1 raw_iteration=2147483649 ordinal=26 kernel=produce_resident_frozen_source threads=504666 begin_tick=1991654169804208 end_tick=1991654169832958 ms_per_tick=9.9999999999999995e-07 device_ms=0.028749999999999998
PRODUCER_KERNEL_V1 stage=1 raw_iteration=2147483649 ordinal=27 kernel=identify_resident_frozen_source threads=1 begin_tick=1991654169833375 end_tick=1991654169836916 ms_per_tick=9.9999999999999995e-07 device_ms=0.0035409999999999999
PRODUCER_KERNEL_V1 stage=1 raw_iteration=2147483649 ordinal=28 kernel=evaluate_resident_target_terms threads=504666 begin_tick=1991654169837333 end_tick=1991654283902916 ms_per_tick=9.9999999999999995e-07 device_ms=114.06558299999999
PRODUCER_KERNEL_V1 stage=1 raw_iteration=2147483649 ordinal=29 kernel=finalize_resident_target threads=1 begin_tick=1991654283917958 end_tick=1991654283921166 ms_per_tick=9.9999999999999995e-07 device_ms=0.0032079999999999999
PRODUCER_KERNEL_V1 stage=1 raw_iteration=2147483649 ordinal=30 kernel=identify_resident_target threads=1 begin_tick=1991654283921541 end_tick=1991654283924291 ms_per_tick=9.9999999999999995e-07 device_ms=0.0027499999999999998
PRODUCER_KERNEL_V1 stage=1 raw_iteration=2147483649 ordinal=31 kernel=issue_resident_projection_consumer threads=1 begin_tick=1991654283924666 end_tick=1991654283928958 ms_per_tick=9.9999999999999995e-07 device_ms=0.0042919999999999998
PRODUCER_KERNEL_V1 stage=1 raw_iteration=2147483649 ordinal=32 kernel=consume_resident_target threads=1 begin_tick=1991654283930291 end_tick=1991654283934291 ms_per_tick=9.9999999999999995e-07 device_ms=0.0040000000000000001
PRODUCER_KERNEL_V1 stage=1 raw_iteration=2147483649 ordinal=33 kernel=owner_compose_target threads=504666 begin_tick=1991654283934666 end_tick=1991654284017083 ms_per_tick=9.9999999999999995e-07 device_ms=0.08241699999999999
PRODUCER_KERNEL_V1 stage=1 raw_iteration=2147483649 ordinal=34 kernel=finalize_resident_target threads=1 begin_tick=1991654284017375 end_tick=1991654284019791 ms_per_tick=9.9999999999999995e-07 device_ms=0.0024159999999999997
PRODUCER_KERNEL_V1 stage=1 raw_iteration=2147483649 ordinal=35 kernel=owner_identify_target threads=1 begin_tick=1991654284020083 end_tick=1991654284023125 ms_per_tick=9.9999999999999995e-07 device_ms=0.003042
PRODUCER_KERNEL_V1 stage=1 raw_iteration=2147483649 ordinal=36 kernel=issue_resident_projection_consumer threads=1 begin_tick=1991654284023541 end_tick=1991654284026375 ms_per_tick=9.9999999999999995e-07 device_ms=0.0028339999999999997
PRODUCER_KERNEL_V1 stage=1 raw_iteration=2147483649 ordinal=37 kernel=consume_resident_target threads=1 begin_tick=1991654284026750 end_tick=1991654284030291 ms_per_tick=9.9999999999999995e-07 device_ms=0.0035409999999999999
PRODUCER_KERNEL_V1 stage=1 raw_iteration=2147483649 ordinal=38 kernel=owner_issue_stage_seal threads=1 begin_tick=1991654284030708 end_tick=1991654284033458 ms_per_tick=9.9999999999999995e-07 device_ms=0.0027499999999999998
PRODUCER_KERNEL_V1 stage=1 raw_iteration=2147483649 ordinal=39 kernel=fct_compatible_stage_rate threads=1533387 begin_tick=1991654284033958 end_tick=1991654284575416 ms_per_tick=9.9999999999999995e-07 device_ms=0.54145799999999999
PRODUCER_KERNEL_V1 stage=1 raw_iteration=2147483649 ordinal=40 kernel=fct_compatible_stage_rate threads=1533387 begin_tick=1991654284576041 end_tick=1991654285094875 ms_per_tick=9.9999999999999995e-07 device_ms=0.51883400000000002
PRODUCER_KERNEL_V1 stage=1 raw_iteration=2147483649 ordinal=41 kernel=owner_heun_momentum threads=1533387 begin_tick=1991654285095416 end_tick=1991654285188958 ms_per_tick=9.9999999999999995e-07 device_ms=0.093542
RISE_FIRE_OWNER_PROFILE_V1 {"scope":52,"parent":47,"phase":"BuildStageProducerGroup","stage":1,"raw_iteration":2147483649,"iteration_kind":"terminal","wall_ms":280.466833000,"device_sum_ms":198.449125048,"wall_minus_device_ms":82.017707952,"exclusive_wall_ms":280.466833000,"exclusive_device_sum_ms":198.449125048,"child_observer_wall_ms":0.000000000,"count_scope":"inclusive","owner_commits":1,"projection_invocations":0}
RISE_FIRE_OWNER_PROFILE_V1 {"scope":53,"parent":47,"phase":"AlphaResidual","stage":1,"raw_iteration":2147483649,"iteration_kind":"terminal","wall_ms":0.242958000,"device_sum_ms":0.053999946,"wall_minus_device_ms":0.188958054,"exclusive_wall_ms":0.242958000,"exclusive_device_sum_ms":0.053999946,"child_observer_wall_ms":0.000000000,"count_scope":"inclusive","owner_commits":1,"projection_invocations":0}
RISE_FIRE_OWNER_PROFILE_V1 {"scope":54,"parent":47,"phase":"Residual","stage":1,"raw_iteration":2147483649,"iteration_kind":"terminal","wall_ms":0.295709000,"device_sum_ms":0.114750117,"wall_minus_device_ms":0.180958883,"exclusive_wall_ms":0.295709000,"exclusive_device_sum_ms":0.114750117,"child_observer_wall_ms":0.000000000,"count_scope":"inclusive","owner_commits":1,"projection_invocations":0}
RISE_FIRE_OWNER_PROFILE_V1 {"scope":47,"parent":40,"phase":"TerminalVerification","stage":1,"raw_iteration":2147483649,"iteration_kind":"terminal","wall_ms":293.690416000,"device_sum_ms":207.547624828,"wall_minus_device_ms":86.142791172,"exclusive_wall_ms":0.004124000,"exclusive_device_sum_ms":0.000000000,"child_observer_wall_ms":0.030750000,"count_scope":"inclusive","owner_commits":7,"projection_invocations":1}
RISE_FIRE_OWNER_PROFILE_V1 {"scope":40,"parent":29,"phase":"PicardIteration","stage":1,"raw_iteration":1,"iteration_kind":"picard","wall_ms":585.674208000,"device_sum_ms":413.791999919,"wall_minus_device_ms":171.882208081,"exclusive_wall_ms":0.412666000,"exclusive_device_sum_ms":0.000000000,"child_observer_wall_ms":0.028084000,"count_scope":"inclusive","owner_commits":13,"projection_invocations":2}
RISE_FIRE_OWNER_PROFILE_V1 {"scope":29,"parent":1,"phase":"SolveStage","stage":1,"raw_iteration":4294967295,"iteration_kind":"bootstrap","wall_ms":1169.586125000,"device_sum_ms":826.089707902,"wall_minus_device_ms":343.496417098,"exclusive_wall_ms":1.697667000,"exclusive_device_sum_ms":0.000000000,"child_observer_wall_ms":0.025332000,"count_scope":"inclusive","owner_commits":22,"projection_invocations":4}
RISE_FIRE_OWNER_PROFILE_V1 {"scope":57,"parent":56,"phase":"ProjectionAdapter","stage":2,"raw_iteration":4294967295,"iteration_kind":"bootstrap","wall_ms":11.699958000,"device_sum_ms":8.885791525,"wall_minus_device_ms":2.814166475,"exclusive_wall_ms":11.699958000,"exclusive_device_sum_ms":8.885791525,"child_observer_wall_ms":0.000000000,"count_scope":"inclusive","owner_commits":0,"projection_invocations":1}
RISE_FIRE_OWNER_PROFILE_V1 {"scope":56,"parent":55,"phase":"Project","stage":2,"raw_iteration":4294967295,"iteration_kind":"bootstrap","wall_ms":12.172541000,"device_sum_ms":8.926708484,"wall_minus_device_ms":3.245832516,"exclusive_wall_ms":0.466208000,"exclusive_device_sum_ms":0.040916959,"child_observer_wall_ms":0.006375000,"count_scope":"inclusive","owner_commits":2,"projection_invocations":1}
PRODUCER_COMMAND_V1 stage=2 raw_iteration=4294967295 cpu_begin=1991654301187833 cpu_end=1991654573336250 gpu_begin=1991654301187833 gpu_end=1991654573336250 device_ms=191.32283329963684 encoders=36 interval_scope=possibly_overlapping
PRODUCER_KERNEL_V1 stage=2 raw_iteration=4294967295 ordinal=0 kernel=owner_pack_faces threads=1533387 begin_tick=1991654382035416 end_tick=1991654382086541 ms_per_tick=9.9999999999999995e-07 device_ms=0.051124999999999997
PRODUCER_KERNEL_V1 stage=2 raw_iteration=4294967295 ordinal=1 kernel=owner_pack_faces threads=1533387 begin_tick=1991654382103666 end_tick=1991654382154541 ms_per_tick=9.9999999999999995e-07 device_ms=0.050874999999999997
PRODUCER_KERNEL_V1 stage=2 raw_iteration=4294967295 ordinal=2 kernel=owner_pack_faces threads=1533387 begin_tick=1991654382231458 end_tick=1991654382334291 ms_per_tick=9.9999999999999995e-07 device_ms=0.10283299999999999
PRODUCER_KERNEL_V1 stage=2 raw_iteration=4294967295 ordinal=3 kernel=fct_extract_gas_density threads=504666 begin_tick=1991654382235083 end_tick=1991654382281291 ms_per_tick=9.9999999999999995e-07 device_ms=0.046207999999999999
PRODUCER_KERNEL_V1 stage=2 raw_iteration=4294967295 ordinal=4 kernel=owner_gas_source threads=504666 begin_tick=1991654382290958 end_tick=1991654382337125 ms_per_tick=9.9999999999999995e-07 device_ms=0.046167
PRODUCER_KERNEL_V1 stage=2 raw_iteration=4294967295 ordinal=5 kernel=evaluate_resident_transport threads=504666 begin_tick=1991654382409958 end_tick=1991654382858416 ms_per_tick=9.9999999999999995e-07 device_ms=0.44845799999999997
PRODUCER_KERNEL_V1 stage=2 raw_iteration=4294967295 ordinal=6 kernel=identify_resident_transport threads=1 begin_tick=1991654382858750 end_tick=1991654382861833 ms_per_tick=9.9999999999999995e-07 device_ms=0.0030829999999999998
PRODUCER_KERNEL_V1 stage=2 raw_iteration=4294967295 ordinal=7 kernel=owner_bind_transport threads=1 begin_tick=1991654382862375 end_tick=1991654382866291 ms_per_tick=9.9999999999999995e-07 device_ms=0.0039160000000000002
PRODUCER_KERNEL_V1 stage=2 raw_iteration=4294967295 ordinal=8 kernel=identify_resident_owner_endpoint_class threads=1 begin_tick=1991654382867208 end_tick=1991654382870750 ms_per_tick=9.9999999999999995e-07 device_ms=0.003542
PRODUCER_KERNEL_V1 stage=2 raw_iteration=4294967295 ordinal=9 kernel=evaluate_resident_physical_flux threads=1533387 begin_tick=1991654383859500 end_tick=1991654385193333 ms_per_tick=9.9999999999999995e-07 device_ms=1.333833
PRODUCER_KERNEL_V1 stage=2 raw_iteration=4294967295 ordinal=10 kernel=evaluate_resident_advective_pair threads=13800483 begin_tick=1991654385225000 end_tick=1991654392604708 ms_per_tick=9.9999999999999995e-07 device_ms=7.3797079999999999
PRODUCER_KERNEL_V1 stage=2 raw_iteration=4294967295 ordinal=11 kernel=finalize_resident_advective_high threads=13800483 begin_tick=1991654392605458 end_tick=1991654393022500 ms_per_tick=9.9999999999999995e-07 device_ms=0.41704199999999997
PRODUCER_KERNEL_V1 stage=2 raw_iteration=4294967295 ordinal=12 kernel=compose_resident_flux_pair threads=13800483 begin_tick=1991654393022875 end_tick=1991654394057208 ms_per_tick=9.9999999999999995e-07 device_ms=1.0343329999999999
PRODUCER_KERNEL_V1 stage=2 raw_iteration=4294967295 ordinal=13 kernel=validate_resident_physical_flux threads=13800483 begin_tick=1991654394057875 end_tick=1991654394886500 ms_per_tick=9.9999999999999995e-07 device_ms=0.82862499999999994
PRODUCER_KERNEL_V1 stage=2 raw_iteration=4294967295 ordinal=14 kernel=identify_resident_physical_flux threads=32 begin_tick=1991654394887208 end_tick=1991654394890541 ms_per_tick=9.9999999999999995e-07 device_ms=0.003333
PRODUCER_KERNEL_V1 stage=2 raw_iteration=4294967295 ordinal=15 kernel=owner_bind_candidate threads=1 begin_tick=1991654394891041 end_tick=1991654394894583 ms_per_tick=9.9999999999999995e-07 device_ms=0.003542
PRODUCER_KERNEL_V1 stage=2 raw_iteration=4294967295 ordinal=16 kernel=finalize_resident_eos_candidate threads=1 begin_tick=1991654394895625 end_tick=1991654394898291 ms_per_tick=9.9999999999999995e-07 device_ms=0.002666
PRODUCER_KERNEL_V1 stage=2 raw_iteration=4294967295 ordinal=17 kernel=build_eos_endpoint_table threads=14 begin_tick=1991654394898916 end_tick=1991654395191166 ms_per_tick=9.9999999999999995e-07 device_ms=0.29225000000000001
PRODUCER_KERNEL_V1 stage=2 raw_iteration=4294967295 ordinal=18 kernel=evaluate_resident_eos_candidate threads=504666 begin_tick=1991654395191583 end_tick=1991654458286916 ms_per_tick=9.9999999999999995e-07 device_ms=63.095332999999997
PRODUCER_KERNEL_V1 stage=2 raw_iteration=4294967295 ordinal=19 kernel=finalize_resident_eos_candidate threads=1 begin_tick=1991654458302375 end_tick=1991654458305375 ms_per_tick=9.9999999999999995e-07 device_ms=0.0030000000000000001
PRODUCER_KERNEL_V1 stage=2 raw_iteration=4294967295 ordinal=20 kernel=identify_resident_eos threads=1 begin_tick=1991654458305791 end_tick=1991654458308625 ms_per_tick=9.9999999999999995e-07 device_ms=0.0028339999999999997
PRODUCER_KERNEL_V1 stage=2 raw_iteration=4294967295 ordinal=21 kernel=produce_resident_frozen_source threads=504666 begin_tick=1991654458309083 end_tick=1991654458340500 ms_per_tick=9.9999999999999995e-07 device_ms=0.031417
PRODUCER_KERNEL_V1 stage=2 raw_iteration=4294967295 ordinal=22 kernel=identify_resident_frozen_source threads=1 begin_tick=1991654458340875 end_tick=1991654458346541 ms_per_tick=9.9999999999999995e-07 device_ms=0.005666
PRODUCER_KERNEL_V1 stage=2 raw_iteration=4294967295 ordinal=23 kernel=evaluate_resident_target_terms threads=504666 begin_tick=1991654458347083 end_tick=1991654572527541 ms_per_tick=9.9999999999999995e-07 device_ms=114.180458
PRODUCER_KERNEL_V1 stage=2 raw_iteration=4294967295 ordinal=24 kernel=finalize_resident_target threads=1 begin_tick=1991654572542541 end_tick=1991654572545708 ms_per_tick=9.9999999999999995e-07 device_ms=0.0031669999999999997
PRODUCER_KERNEL_V1 stage=2 raw_iteration=4294967295 ordinal=25 kernel=identify_resident_target threads=1 begin_tick=1991654572546083 end_tick=1991654572549125 ms_per_tick=9.9999999999999995e-07 device_ms=0.003042
PRODUCER_KERNEL_V1 stage=2 raw_iteration=4294967295 ordinal=26 kernel=issue_resident_projection_consumer threads=1 begin_tick=1991654572549500 end_tick=1991654572553875 ms_per_tick=9.9999999999999995e-07 device_ms=0.0043749999999999995
PRODUCER_KERNEL_V1 stage=2 raw_iteration=4294967295 ordinal=27 kernel=consume_resident_target threads=1 begin_tick=1991654572554291 end_tick=1991654572558291 ms_per_tick=9.9999999999999995e-07 device_ms=0.0040000000000000001
PRODUCER_KERNEL_V1 stage=2 raw_iteration=4294967295 ordinal=28 kernel=owner_compose_target threads=504666 begin_tick=1991654572558708 end_tick=1991654572589541 ms_per_tick=9.9999999999999995e-07 device_ms=0.030832999999999999
PRODUCER_KERNEL_V1 stage=2 raw_iteration=4294967295 ordinal=29 kernel=finalize_resident_target threads=1 begin_tick=1991654572590000 end_tick=1991654572592625 ms_per_tick=9.9999999999999995e-07 device_ms=0.0026249999999999997
PRODUCER_KERNEL_V1 stage=2 raw_iteration=4294967295 ordinal=30 kernel=owner_identify_target threads=1 begin_tick=1991654572593041 end_tick=1991654572596166 ms_per_tick=9.9999999999999995e-07 device_ms=0.0031249999999999997
PRODUCER_KERNEL_V1 stage=2 raw_iteration=4294967295 ordinal=31 kernel=issue_resident_projection_consumer threads=1 begin_tick=1991654572596750 end_tick=1991654572599916 ms_per_tick=9.9999999999999995e-07 device_ms=0.003166
PRODUCER_KERNEL_V1 stage=2 raw_iteration=4294967295 ordinal=32 kernel=consume_resident_target threads=1 begin_tick=1991654572600333 end_tick=1991654572603500 ms_per_tick=9.9999999999999995e-07 device_ms=0.0031669999999999997
PRODUCER_KERNEL_V1 stage=2 raw_iteration=4294967295 ordinal=33 kernel=owner_issue_stage_seal threads=1 begin_tick=1991654572604041 end_tick=1991654572606958 ms_per_tick=9.9999999999999995e-07 device_ms=0.0029169999999999999
PRODUCER_KERNEL_V1 stage=2 raw_iteration=4294967295 ordinal=34 kernel=fct_compatible_stage_rate threads=1533387 begin_tick=1991654572607333 end_tick=1991654573120125 ms_per_tick=9.9999999999999995e-07 device_ms=0.51279200000000003
PRODUCER_KERNEL_V1 stage=2 raw_iteration=4294967295 ordinal=35 kernel=owner_heun_momentum threads=1533387 begin_tick=1991654573120541 end_tick=1991654573214166 ms_per_tick=9.9999999999999995e-07 device_ms=0.093625
RISE_FIRE_OWNER_PROFILE_V1 {"scope":58,"parent":55,"phase":"BuildStageProducerGroup","stage":2,"raw_iteration":4294967295,"iteration_kind":"bootstrap","wall_ms":272.285667000,"device_sum_ms":191.322833300,"wall_minus_device_ms":80.962833700,"exclusive_wall_ms":272.285667000,"exclusive_device_sum_ms":191.322833300,"child_observer_wall_ms":0.000000000,"count_scope":"inclusive","owner_commits":1,"projection_invocations":0}
RISE_FIRE_OWNER_PROFILE_V1 {"scope":61,"parent":60,"phase":"ProjectionAdapter","stage":2,"raw_iteration":0,"iteration_kind":"picard","wall_ms":11.903167000,"device_sum_ms":8.993250085,"wall_minus_device_ms":2.909916915,"exclusive_wall_ms":11.903167000,"exclusive_device_sum_ms":8.993250085,"child_observer_wall_ms":0.000000000,"count_scope":"inclusive","owner_commits":0,"projection_invocations":1}
RISE_FIRE_OWNER_PROFILE_V1 {"scope":60,"parent":59,"phase":"Project","stage":2,"raw_iteration":0,"iteration_kind":"picard","wall_ms":12.418708000,"device_sum_ms":9.035083232,"wall_minus_device_ms":3.383624768,"exclusive_wall_ms":0.505583000,"exclusive_device_sum_ms":0.041833147,"child_observer_wall_ms":0.009958000,"count_scope":"inclusive","owner_commits":2,"projection_invocations":1}
RISE_FIRE_OWNER_PROFILE_V1 {"scope":62,"parent":59,"phase":"ReadOpenClass","stage":2,"raw_iteration":0,"iteration_kind":"picard","wall_ms":0.163542000,"device_sum_ms":0.002458226,"wall_minus_device_ms":0.161083774,"exclusive_wall_ms":0.163542000,"exclusive_device_sum_ms":0.002458226,"child_observer_wall_ms":0.000000000,"count_scope":"inclusive","owner_commits":1,"projection_invocations":0}
RISE_FIRE_OWNER_PROFILE_V1 {"scope":63,"parent":59,"phase":"ReadOpenClass","stage":2,"raw_iteration":0,"iteration_kind":"picard","wall_ms":0.150959000,"device_sum_ms":0.002416549,"wall_minus_device_ms":0.148542451,"exclusive_wall_ms":0.150959000,"exclusive_device_sum_ms":0.002416549,"child_observer_wall_ms":0.000000000,"count_scope":"inclusive","owner_commits":1,"projection_invocations":0}
PRODUCER_COMMAND_V1 stage=2 raw_iteration=0 cpu_begin=1991654586228541 cpu_end=1991654862033666 gpu_begin=1991654586228541 gpu_end=1991654862033666 device_ms=194.74729173816741 encoders=36 interval_scope=possibly_overlapping
PRODUCER_KERNEL_V1 stage=2 raw_iteration=0 ordinal=0 kernel=owner_pack_faces threads=1533387 begin_tick=1991654667165916 end_tick=1991654667225833 ms_per_tick=9.9999999999999995e-07 device_ms=0.059916999999999998
PRODUCER_KERNEL_V1 stage=2 raw_iteration=0 ordinal=1 kernel=owner_pack_faces threads=1533387 begin_tick=1991654667225833 end_tick=1991654667586333 ms_per_tick=9.9999999999999995e-07 device_ms=0.36049999999999999
PRODUCER_KERNEL_V1 stage=2 raw_iteration=0 ordinal=2 kernel=owner_pack_faces threads=1533387 begin_tick=1991654667163833 end_tick=1991654667226041 ms_per_tick=9.9999999999999995e-07 device_ms=0.062207999999999999
PRODUCER_KERNEL_V1 stage=2 raw_iteration=0 ordinal=3 kernel=fct_extract_gas_density threads=504666 begin_tick=1991654667226333 end_tick=1991654667274000 ms_per_tick=9.9999999999999995e-07 device_ms=0.047667000000000001
PRODUCER_KERNEL_V1 stage=2 raw_iteration=0 ordinal=4 kernel=owner_gas_source threads=504666 begin_tick=1991654667586666 end_tick=1991654667732208 ms_per_tick=9.9999999999999995e-07 device_ms=0.145542
PRODUCER_KERNEL_V1 stage=2 raw_iteration=0 ordinal=5 kernel=evaluate_resident_transport threads=504666 begin_tick=1991654667274000 end_tick=1991654667744291 ms_per_tick=9.9999999999999995e-07 device_ms=0.47029099999999996
PRODUCER_KERNEL_V1 stage=2 raw_iteration=0 ordinal=6 kernel=identify_resident_transport threads=1 begin_tick=1991654667744708 end_tick=1991654667747666 ms_per_tick=9.9999999999999995e-07 device_ms=0.0029579999999999997
PRODUCER_KERNEL_V1 stage=2 raw_iteration=0 ordinal=7 kernel=owner_bind_transport threads=1 begin_tick=1991654667748125 end_tick=1991654667751791 ms_per_tick=9.9999999999999995e-07 device_ms=0.003666
PRODUCER_KERNEL_V1 stage=2 raw_iteration=0 ordinal=8 kernel=identify_resident_owner_endpoint_class threads=1 begin_tick=1991654667752083 end_tick=1991654667755333 ms_per_tick=9.9999999999999995e-07 device_ms=0.0032499999999999999
PRODUCER_KERNEL_V1 stage=2 raw_iteration=0 ordinal=9 kernel=evaluate_resident_physical_flux threads=1533387 begin_tick=1991654668717541 end_tick=1991654670064750 ms_per_tick=9.9999999999999995e-07 device_ms=1.3472089999999999
PRODUCER_KERNEL_V1 stage=2 raw_iteration=0 ordinal=10 kernel=evaluate_resident_advective_pair threads=13800483 begin_tick=1991654670144500 end_tick=1991654677451375 ms_per_tick=9.9999999999999995e-07 device_ms=7.3068749999999998
PRODUCER_KERNEL_V1 stage=2 raw_iteration=0 ordinal=11 kernel=finalize_resident_advective_high threads=13800483 begin_tick=1991654677452166 end_tick=1991654677870666 ms_per_tick=9.9999999999999995e-07 device_ms=0.41849999999999998
PRODUCER_KERNEL_V1 stage=2 raw_iteration=0 ordinal=12 kernel=compose_resident_flux_pair threads=13800483 begin_tick=1991654677871000 end_tick=1991654678750708 ms_per_tick=9.9999999999999995e-07 device_ms=0.87970799999999993
PRODUCER_KERNEL_V1 stage=2 raw_iteration=0 ordinal=13 kernel=validate_resident_physical_flux threads=13800483 begin_tick=1991654678751375 end_tick=1991654679586416 ms_per_tick=9.9999999999999995e-07 device_ms=0.83504099999999992
PRODUCER_KERNEL_V1 stage=2 raw_iteration=0 ordinal=14 kernel=identify_resident_physical_flux threads=32 begin_tick=1991654679586875 end_tick=1991654679589916 ms_per_tick=9.9999999999999995e-07 device_ms=0.0030409999999999999
PRODUCER_KERNEL_V1 stage=2 raw_iteration=0 ordinal=15 kernel=owner_bind_candidate threads=1 begin_tick=1991654679590416 end_tick=1991654679594083 ms_per_tick=9.9999999999999995e-07 device_ms=0.0036669999999999997
PRODUCER_KERNEL_V1 stage=2 raw_iteration=0 ordinal=16 kernel=finalize_resident_eos_candidate threads=1 begin_tick=1991654679594500 end_tick=1991654679596833 ms_per_tick=9.9999999999999995e-07 device_ms=0.002333
PRODUCER_KERNEL_V1 stage=2 raw_iteration=0 ordinal=17 kernel=build_eos_endpoint_table threads=14 begin_tick=1991654679597541 end_tick=1991654679888541 ms_per_tick=9.9999999999999995e-07 device_ms=0.29099999999999998
PRODUCER_KERNEL_V1 stage=2 raw_iteration=0 ordinal=18 kernel=evaluate_resident_eos_candidate threads=504666 begin_tick=1991654679888958 end_tick=1991654744991250 ms_per_tick=9.9999999999999995e-07 device_ms=65.102291999999991
PRODUCER_KERNEL_V1 stage=2 raw_iteration=0 ordinal=19 kernel=finalize_resident_eos_candidate threads=1 begin_tick=1991654745009000 end_tick=1991654745012083 ms_per_tick=9.9999999999999995e-07 device_ms=0.0030829999999999998
PRODUCER_KERNEL_V1 stage=2 raw_iteration=0 ordinal=20 kernel=identify_resident_eos threads=1 begin_tick=1991654745012416 end_tick=1991654745014875 ms_per_tick=9.9999999999999995e-07 device_ms=0.0024589999999999998
PRODUCER_KERNEL_V1 stage=2 raw_iteration=0 ordinal=21 kernel=produce_resident_frozen_source threads=504666 begin_tick=1991654745015333 end_tick=1991654745046791 ms_per_tick=9.9999999999999995e-07 device_ms=0.031458
PRODUCER_KERNEL_V1 stage=2 raw_iteration=0 ordinal=22 kernel=identify_resident_frozen_source threads=1 begin_tick=1991654745047208 end_tick=1991654745053375 ms_per_tick=9.9999999999999995e-07 device_ms=0.0061669999999999997
PRODUCER_KERNEL_V1 stage=2 raw_iteration=0 ordinal=23 kernel=evaluate_resident_target_terms threads=504666 begin_tick=1991654745053916 end_tick=1991654861210625 ms_per_tick=9.9999999999999995e-07 device_ms=116.15670899999999
PRODUCER_KERNEL_V1 stage=2 raw_iteration=0 ordinal=24 kernel=finalize_resident_target threads=1 begin_tick=1991654861226166 end_tick=1991654861229291 ms_per_tick=9.9999999999999995e-07 device_ms=0.0031249999999999997
PRODUCER_KERNEL_V1 stage=2 raw_iteration=0 ordinal=25 kernel=identify_resident_target threads=1 begin_tick=1991654861229750 end_tick=1991654861232791 ms_per_tick=9.9999999999999995e-07 device_ms=0.0030409999999999999
PRODUCER_KERNEL_V1 stage=2 raw_iteration=0 ordinal=26 kernel=issue_resident_projection_consumer threads=1 begin_tick=1991654861233208 end_tick=1991654861237166 ms_per_tick=9.9999999999999995e-07 device_ms=0.0039579999999999997
PRODUCER_KERNEL_V1 stage=2 raw_iteration=0 ordinal=27 kernel=consume_resident_target threads=1 begin_tick=1991654861237916 end_tick=1991654861245541 ms_per_tick=9.9999999999999995e-07 device_ms=0.0076249999999999998
PRODUCER_KERNEL_V1 stage=2 raw_iteration=0 ordinal=28 kernel=owner_compose_target threads=504666 begin_tick=1991654861245833 end_tick=1991654861276875 ms_per_tick=9.9999999999999995e-07 device_ms=0.031042
PRODUCER_KERNEL_V1 stage=2 raw_iteration=0 ordinal=29 kernel=finalize_resident_target threads=1 begin_tick=1991654861277291 end_tick=1991654861279958 ms_per_tick=9.9999999999999995e-07 device_ms=0.0026669999999999997
PRODUCER_KERNEL_V1 stage=2 raw_iteration=0 ordinal=30 kernel=owner_identify_target threads=1 begin_tick=1991654861280333 end_tick=1991654861283208 ms_per_tick=9.9999999999999995e-07 device_ms=0.002875
PRODUCER_KERNEL_V1 stage=2 raw_iteration=0 ordinal=31 kernel=issue_resident_projection_consumer threads=1 begin_tick=1991654861283750 end_tick=1991654861290125 ms_per_tick=9.9999999999999995e-07 device_ms=0.0063749999999999996
PRODUCER_KERNEL_V1 stage=2 raw_iteration=0 ordinal=32 kernel=consume_resident_target threads=1 begin_tick=1991654861290541 end_tick=1991654861293541 ms_per_tick=9.9999999999999995e-07 device_ms=0.0030000000000000001
PRODUCER_KERNEL_V1 stage=2 raw_iteration=0 ordinal=33 kernel=owner_issue_stage_seal threads=1 begin_tick=1991654861294125 end_tick=1991654861297583 ms_per_tick=9.9999999999999995e-07 device_ms=0.0034579999999999997
PRODUCER_KERNEL_V1 stage=2 raw_iteration=0 ordinal=34 kernel=fct_compatible_stage_rate threads=1533387 begin_tick=1991654861298208 end_tick=1991654861809541 ms_per_tick=9.9999999999999995e-07 device_ms=0.51133299999999993
PRODUCER_KERNEL_V1 stage=2 raw_iteration=0 ordinal=35 kernel=owner_heun_momentum threads=1533387 begin_tick=1991654861809916 end_tick=1991654861905333 ms_per_tick=9.9999999999999995e-07 device_ms=0.095417000000000002
RISE_FIRE_OWNER_PROFILE_V1 {"scope":64,"parent":59,"phase":"BuildStageProducerGroup","stage":2,"raw_iteration":0,"iteration_kind":"picard","wall_ms":275.949625000,"device_sum_ms":194.747291738,"wall_minus_device_ms":81.202333262,"exclusive_wall_ms":275.949625000,"exclusive_device_sum_ms":194.747291738,"child_observer_wall_ms":0.000000000,"count_scope":"inclusive","owner_commits":1,"projection_invocations":0}
RISE_FIRE_OWNER_PROFILE_V1 {"scope":65,"parent":59,"phase":"Residual","stage":2,"raw_iteration":0,"iteration_kind":"picard","wall_ms":0.225792000,"device_sum_ms":0.022375025,"wall_minus_device_ms":0.203416975,"exclusive_wall_ms":0.225792000,"exclusive_device_sum_ms":0.022375025,"child_observer_wall_ms":0.000000000,"count_scope":"inclusive","owner_commits":1,"projection_invocations":0}
RISE_FIRE_OWNER_PROFILE_V1 {"scope":59,"parent":55,"phase":"PicardIteration","stage":2,"raw_iteration":0,"iteration_kind":"picard","wall_ms":289.299167000,"device_sum_ms":203.809624771,"wall_minus_device_ms":85.489542229,"exclusive_wall_ms":0.364166000,"exclusive_device_sum_ms":0.000000000,"child_observer_wall_ms":0.026375000,"count_scope":"inclusive","owner_commits":6,"projection_invocations":1}
RISE_FIRE_OWNER_PROFILE_V1 {"scope":68,"parent":67,"phase":"ProjectionAdapter","stage":2,"raw_iteration":1,"iteration_kind":"picard","wall_ms":11.635041000,"device_sum_ms":8.899166714,"wall_minus_device_ms":2.735874286,"exclusive_wall_ms":11.635041000,"exclusive_device_sum_ms":8.899166714,"child_observer_wall_ms":0.000000000,"count_scope":"inclusive","owner_commits":0,"projection_invocations":1}
RISE_FIRE_OWNER_PROFILE_V1 {"scope":67,"parent":66,"phase":"Project","stage":2,"raw_iteration":1,"iteration_kind":"picard","wall_ms":12.837834000,"device_sum_ms":8.944583358,"wall_minus_device_ms":3.893250642,"exclusive_wall_ms":1.187168000,"exclusive_device_sum_ms":0.045416644,"child_observer_wall_ms":0.015625000,"count_scope":"inclusive","owner_commits":2,"projection_invocations":1}
RISE_FIRE_OWNER_PROFILE_V1 {"scope":69,"parent":66,"phase":"ReadOpenClass","stage":2,"raw_iteration":1,"iteration_kind":"picard","wall_ms":0.157042000,"device_sum_ms":0.002416782,"wall_minus_device_ms":0.154625218,"exclusive_wall_ms":0.157042000,"exclusive_device_sum_ms":0.002416782,"child_observer_wall_ms":0.000000000,"count_scope":"inclusive","owner_commits":1,"projection_invocations":0}
RISE_FIRE_OWNER_PROFILE_V1 {"scope":70,"parent":66,"phase":"ReadOpenClass","stage":2,"raw_iteration":1,"iteration_kind":"picard","wall_ms":0.151458000,"device_sum_ms":0.002458459,"wall_minus_device_ms":0.148999541,"exclusive_wall_ms":0.151458000,"exclusive_device_sum_ms":0.002458459,"child_observer_wall_ms":0.000000000,"count_scope":"inclusive","owner_commits":1,"projection_invocations":0}
PRODUCER_COMMAND_V1 stage=2 raw_iteration=1 cpu_begin=1991654875942750 cpu_end=1991655149114750 gpu_begin=1991654875942750 gpu_end=1991655149114750 device_ms=192.1062502078712 encoders=36 interval_scope=possibly_overlapping
PRODUCER_KERNEL_V1 stage=2 raw_iteration=1 ordinal=0 kernel=owner_pack_faces threads=1533387 begin_tick=1991654956897916 end_tick=1991654956960958 ms_per_tick=9.9999999999999995e-07 device_ms=0.063042000000000001
PRODUCER_KERNEL_V1 stage=2 raw_iteration=1 ordinal=1 kernel=owner_pack_faces threads=1533387 begin_tick=1991654956960958 end_tick=1991654957334375 ms_per_tick=9.9999999999999995e-07 device_ms=0.373417
PRODUCER_KERNEL_V1 stage=2 raw_iteration=1 ordinal=2 kernel=owner_pack_faces threads=1533387 begin_tick=1991654956895416 end_tick=1991654956961166 ms_per_tick=9.9999999999999995e-07 device_ms=0.065750000000000003
PRODUCER_KERNEL_V1 stage=2 raw_iteration=1 ordinal=3 kernel=fct_extract_gas_density threads=504666 begin_tick=1991654956961458 end_tick=1991654957016541 ms_per_tick=9.9999999999999995e-07 device_ms=0.055083
PRODUCER_KERNEL_V1 stage=2 raw_iteration=1 ordinal=4 kernel=owner_gas_source threads=504666 begin_tick=1991654957334958 end_tick=1991654957475000 ms_per_tick=9.9999999999999995e-07 device_ms=0.140042
PRODUCER_KERNEL_V1 stage=2 raw_iteration=1 ordinal=5 kernel=evaluate_resident_transport threads=504666 begin_tick=1991654957016541 end_tick=1991654957488500 ms_per_tick=9.9999999999999995e-07 device_ms=0.47195899999999996
PRODUCER_KERNEL_V1 stage=2 raw_iteration=1 ordinal=6 kernel=identify_resident_transport threads=1 begin_tick=1991654957488875 end_tick=1991654957491750 ms_per_tick=9.9999999999999995e-07 device_ms=0.002875
PRODUCER_KERNEL_V1 stage=2 raw_iteration=1 ordinal=7 kernel=owner_bind_transport threads=1 begin_tick=1991654957492333 end_tick=1991654957496000 ms_per_tick=9.9999999999999995e-07 device_ms=0.0036669999999999997
PRODUCER_KERNEL_V1 stage=2 raw_iteration=1 ordinal=8 kernel=identify_resident_owner_endpoint_class threads=1 begin_tick=1991654957496416 end_tick=1991654957499583 ms_per_tick=9.9999999999999995e-07 device_ms=0.0031669999999999997
PRODUCER_KERNEL_V1 stage=2 raw_iteration=1 ordinal=9 kernel=evaluate_resident_physical_flux threads=1533387 begin_tick=1991654958281166 end_tick=1991654959655083 ms_per_tick=9.9999999999999995e-07 device_ms=1.3739169999999998
PRODUCER_KERNEL_V1 stage=2 raw_iteration=1 ordinal=10 kernel=evaluate_resident_advective_pair threads=13800483 begin_tick=1991654959646875 end_tick=1991654966950208 ms_per_tick=9.9999999999999995e-07 device_ms=7.3033329999999994
PRODUCER_KERNEL_V1 stage=2 raw_iteration=1 ordinal=11 kernel=finalize_resident_advective_high threads=13800483 begin_tick=1991654966951041 end_tick=1991654967371166 ms_per_tick=9.9999999999999995e-07 device_ms=0.42012499999999997
PRODUCER_KERNEL_V1 stage=2 raw_iteration=1 ordinal=12 kernel=compose_resident_flux_pair threads=13800483 begin_tick=1991654967371541 end_tick=1991654968336500 ms_per_tick=9.9999999999999995e-07 device_ms=0.96495900000000001
PRODUCER_KERNEL_V1 stage=2 raw_iteration=1 ordinal=13 kernel=validate_resident_physical_flux threads=13800483 begin_tick=1991654968337041 end_tick=1991654969159791 ms_per_tick=9.9999999999999995e-07 device_ms=0.82274999999999998
PRODUCER_KERNEL_V1 stage=2 raw_iteration=1 ordinal=14 kernel=identify_resident_physical_flux threads=32 begin_tick=1991654969160541 end_tick=1991654969166541 ms_per_tick=9.9999999999999995e-07 device_ms=0.0060000000000000001
PRODUCER_KERNEL_V1 stage=2 raw_iteration=1 ordinal=15 kernel=owner_bind_candidate threads=1 begin_tick=1991654969167083 end_tick=1991654969170458 ms_per_tick=9.9999999999999995e-07 device_ms=0.003375
PRODUCER_KERNEL_V1 stage=2 raw_iteration=1 ordinal=16 kernel=finalize_resident_eos_candidate threads=1 begin_tick=1991654969170833 end_tick=1991654969173416 ms_per_tick=9.9999999999999995e-07 device_ms=0.0025829999999999998
PRODUCER_KERNEL_V1 stage=2 raw_iteration=1 ordinal=17 kernel=build_eos_endpoint_table threads=14 begin_tick=1991654969174125 end_tick=1991654969466875 ms_per_tick=9.9999999999999995e-07 device_ms=0.29275000000000001
PRODUCER_KERNEL_V1 stage=2 raw_iteration=1 ordinal=18 kernel=evaluate_resident_eos_candidate threads=504666 begin_tick=1991654969467208 end_tick=1991655034082833 ms_per_tick=9.9999999999999995e-07 device_ms=64.615624999999994
PRODUCER_KERNEL_V1 stage=2 raw_iteration=1 ordinal=19 kernel=finalize_resident_eos_candidate threads=1 begin_tick=1991655034098250 end_tick=1991655034101083 ms_per_tick=9.9999999999999995e-07 device_ms=0.002833
PRODUCER_KERNEL_V1 stage=2 raw_iteration=1 ordinal=20 kernel=identify_resident_eos threads=1 begin_tick=1991655034101500 end_tick=1991655034104125 ms_per_tick=9.9999999999999995e-07 device_ms=0.0026249999999999997
PRODUCER_KERNEL_V1 stage=2 raw_iteration=1 ordinal=21 kernel=produce_resident_frozen_source threads=504666 begin_tick=1991655034104750 end_tick=1991655034136125 ms_per_tick=9.9999999999999995e-07 device_ms=0.031375
PRODUCER_KERNEL_V1 stage=2 raw_iteration=1 ordinal=22 kernel=identify_resident_frozen_source threads=1 begin_tick=1991655034136541 end_tick=1991655034139458 ms_per_tick=9.9999999999999995e-07 device_ms=0.0029169999999999999
PRODUCER_KERNEL_V1 stage=2 raw_iteration=1 ordinal=23 kernel=evaluate_resident_target_terms threads=504666 begin_tick=1991655034140000 end_tick=1991655148303541 ms_per_tick=9.9999999999999995e-07 device_ms=114.163541
PRODUCER_KERNEL_V1 stage=2 raw_iteration=1 ordinal=24 kernel=finalize_resident_target threads=1 begin_tick=1991655148318666 end_tick=1991655148321708 ms_per_tick=9.9999999999999995e-07 device_ms=0.003042
PRODUCER_KERNEL_V1 stage=2 raw_iteration=1 ordinal=25 kernel=identify_resident_target threads=1 begin_tick=1991655148322125 end_tick=1991655148325250 ms_per_tick=9.9999999999999995e-07 device_ms=0.0031249999999999997
PRODUCER_KERNEL_V1 stage=2 raw_iteration=1 ordinal=26 kernel=issue_resident_projection_consumer threads=1 begin_tick=1991655148325625 end_tick=1991655148329791 ms_per_tick=9.9999999999999995e-07 device_ms=0.0041659999999999996
PRODUCER_KERNEL_V1 stage=2 raw_iteration=1 ordinal=27 kernel=consume_resident_target threads=1 begin_tick=1991655148330166 end_tick=1991655148334291 ms_per_tick=9.9999999999999995e-07 device_ms=0.0041250000000000002
PRODUCER_KERNEL_V1 stage=2 raw_iteration=1 ordinal=28 kernel=owner_compose_target threads=504666 begin_tick=1991655148334708 end_tick=1991655148366500 ms_per_tick=9.9999999999999995e-07 device_ms=0.031792000000000001
PRODUCER_KERNEL_V1 stage=2 raw_iteration=1 ordinal=29 kernel=finalize_resident_target threads=1 begin_tick=1991655148367083 end_tick=1991655148369625 ms_per_tick=9.9999999999999995e-07 device_ms=0.002542
PRODUCER_KERNEL_V1 stage=2 raw_iteration=1 ordinal=30 kernel=owner_identify_target threads=1 begin_tick=1991655148370041 end_tick=1991655148373125 ms_per_tick=9.9999999999999995e-07 device_ms=0.0030839999999999999
PRODUCER_KERNEL_V1 stage=2 raw_iteration=1 ordinal=31 kernel=issue_resident_projection_consumer threads=1 begin_tick=1991655148373750 end_tick=1991655148376708 ms_per_tick=9.9999999999999995e-07 device_ms=0.0029579999999999997
PRODUCER_KERNEL_V1 stage=2 raw_iteration=1 ordinal=32 kernel=consume_resident_target threads=1 begin_tick=1991655148377125 end_tick=1991655148380208 ms_per_tick=9.9999999999999995e-07 device_ms=0.0030829999999999998
PRODUCER_KERNEL_V1 stage=2 raw_iteration=1 ordinal=33 kernel=owner_issue_stage_seal threads=1 begin_tick=1991655148380750 end_tick=1991655148383708 ms_per_tick=9.9999999999999995e-07 device_ms=0.0029579999999999997
PRODUCER_KERNEL_V1 stage=2 raw_iteration=1 ordinal=34 kernel=fct_compatible_stage_rate threads=1533387 begin_tick=1991655148384083 end_tick=1991655148905041 ms_per_tick=9.9999999999999995e-07 device_ms=0.52095799999999992
PRODUCER_KERNEL_V1 stage=2 raw_iteration=1 ordinal=35 kernel=owner_heun_momentum threads=1533387 begin_tick=1991655148905458 end_tick=1991655148995708 ms_per_tick=9.9999999999999995e-07 device_ms=0.090249999999999997
RISE_FIRE_OWNER_PROFILE_V1 {"scope":71,"parent":66,"phase":"BuildStageProducerGroup","stage":2,"raw_iteration":1,"iteration_kind":"picard","wall_ms":273.311542000,"device_sum_ms":192.106250208,"wall_minus_device_ms":81.205291792,"exclusive_wall_ms":273.311542000,"exclusive_device_sum_ms":192.106250208,"child_observer_wall_ms":0.000000000,"count_scope":"inclusive","owner_commits":1,"projection_invocations":0}
RISE_FIRE_OWNER_PROFILE_V1 {"scope":72,"parent":66,"phase":"Residual","stage":2,"raw_iteration":1,"iteration_kind":"picard","wall_ms":0.312792000,"device_sum_ms":0.108458335,"wall_minus_device_ms":0.204333665,"exclusive_wall_ms":0.312792000,"exclusive_device_sum_ms":0.108458335,"child_observer_wall_ms":0.000000000,"count_scope":"inclusive","owner_commits":1,"projection_invocations":0}
RISE_FIRE_OWNER_PROFILE_V1 {"scope":75,"parent":74,"phase":"ProjectionAdapter","stage":2,"raw_iteration":2147483649,"iteration_kind":"terminal","wall_ms":11.888375000,"device_sum_ms":9.077416733,"wall_minus_device_ms":2.810958267,"exclusive_wall_ms":11.888375000,"exclusive_device_sum_ms":9.077416733,"child_observer_wall_ms":0.000000000,"count_scope":"inclusive","owner_commits":0,"projection_invocations":1}
RISE_FIRE_OWNER_PROFILE_V1 {"scope":74,"parent":73,"phase":"Project","stage":2,"raw_iteration":2147483649,"iteration_kind":"terminal","wall_ms":12.377709000,"device_sum_ms":9.115666850,"wall_minus_device_ms":3.262042150,"exclusive_wall_ms":0.483626000,"exclusive_device_sum_ms":0.038250117,"child_observer_wall_ms":0.005708000,"count_scope":"inclusive","owner_commits":2,"projection_invocations":1}
RISE_FIRE_OWNER_PROFILE_V1 {"scope":76,"parent":73,"phase":"ReadOpenClass","stage":2,"raw_iteration":2147483649,"iteration_kind":"terminal","wall_ms":0.163000000,"device_sum_ms":0.002458459,"wall_minus_device_ms":0.160541541,"exclusive_wall_ms":0.163000000,"exclusive_device_sum_ms":0.002458459,"child_observer_wall_ms":0.000000000,"count_scope":"inclusive","owner_commits":1,"projection_invocations":0}
RISE_FIRE_OWNER_PROFILE_V1 {"scope":77,"parent":73,"phase":"ReadOpenClass","stage":2,"raw_iteration":2147483649,"iteration_kind":"terminal","wall_ms":0.145458000,"device_sum_ms":0.002499903,"wall_minus_device_ms":0.142958097,"exclusive_wall_ms":0.145458000,"exclusive_device_sum_ms":0.002499903,"child_observer_wall_ms":0.000000000,"count_scope":"inclusive","owner_commits":1,"projection_invocations":0}
PRODUCER_COMMAND_V1 stage=2 raw_iteration=2147483649 cpu_begin=1991655162281791 cpu_end=1991655435889125 gpu_begin=1991655162281791 gpu_end=1991655435889125 device_ms=193.07737494818866 encoders=36 interval_scope=possibly_overlapping
PRODUCER_KERNEL_V1 stage=2 raw_iteration=2147483649 ordinal=0 kernel=owner_pack_faces threads=1533387 begin_tick=1991655242817583 end_tick=1991655243020708 ms_per_tick=9.9999999999999995e-07 device_ms=0.203125
PRODUCER_KERNEL_V1 stage=2 raw_iteration=2147483649 ordinal=1 kernel=owner_pack_faces threads=1533387 begin_tick=1991655242904750 end_tick=1991655243060083 ms_per_tick=9.9999999999999995e-07 device_ms=0.155333
PRODUCER_KERNEL_V1 stage=2 raw_iteration=2147483649 ordinal=2 kernel=owner_pack_faces threads=1533387 begin_tick=1991655243063375 end_tick=1991655243177458 ms_per_tick=9.9999999999999995e-07 device_ms=0.11408299999999999
PRODUCER_KERNEL_V1 stage=2 raw_iteration=2147483649 ordinal=3 kernel=fct_extract_gas_density threads=504666 begin_tick=1991655243077625 end_tick=1991655243138375 ms_per_tick=9.9999999999999995e-07 device_ms=0.060749999999999998
PRODUCER_KERNEL_V1 stage=2 raw_iteration=2147483649 ordinal=4 kernel=owner_gas_source threads=504666 begin_tick=1991655243138375 end_tick=1991655243191750 ms_per_tick=9.9999999999999995e-07 device_ms=0.053374999999999999
PRODUCER_KERNEL_V1 stage=2 raw_iteration=2147483649 ordinal=5 kernel=evaluate_resident_transport threads=504666 begin_tick=1991655243232916 end_tick=1991655243683250 ms_per_tick=9.9999999999999995e-07 device_ms=0.45033399999999996
PRODUCER_KERNEL_V1 stage=2 raw_iteration=2147483649 ordinal=6 kernel=identify_resident_transport threads=1 begin_tick=1991655243683583 end_tick=1991655243686375 ms_per_tick=9.9999999999999995e-07 device_ms=0.0027919999999999998
PRODUCER_KERNEL_V1 stage=2 raw_iteration=2147483649 ordinal=7 kernel=owner_bind_transport threads=1 begin_tick=1991655243686833 end_tick=1991655243690458 ms_per_tick=9.9999999999999995e-07 device_ms=0.0036249999999999998
PRODUCER_KERNEL_V1 stage=2 raw_iteration=2147483649 ordinal=8 kernel=identify_resident_owner_endpoint_class threads=1 begin_tick=1991655243690875 end_tick=1991655243694166 ms_per_tick=9.9999999999999995e-07 device_ms=0.0032909999999999997
PRODUCER_KERNEL_V1 stage=2 raw_iteration=2147483649 ordinal=9 kernel=evaluate_resident_physical_flux threads=1533387 begin_tick=1991655244679375 end_tick=1991655246026791 ms_per_tick=9.9999999999999995e-07 device_ms=1.3474159999999999
PRODUCER_KERNEL_V1 stage=2 raw_iteration=2147483649 ordinal=10 kernel=evaluate_resident_advective_pair threads=13800483 begin_tick=1991655246034791 end_tick=1991655253387583 ms_per_tick=9.9999999999999995e-07 device_ms=7.352792
PRODUCER_KERNEL_V1 stage=2 raw_iteration=2147483649 ordinal=11 kernel=finalize_resident_advective_high threads=13800483 begin_tick=1991655253388375 end_tick=1991655253806833 ms_per_tick=9.9999999999999995e-07 device_ms=0.418458
PRODUCER_KERNEL_V1 stage=2 raw_iteration=2147483649 ordinal=12 kernel=compose_resident_flux_pair threads=13800483 begin_tick=1991655253807166 end_tick=1991655254690625 ms_per_tick=9.9999999999999995e-07 device_ms=0.88345899999999999
PRODUCER_KERNEL_V1 stage=2 raw_iteration=2147483649 ordinal=13 kernel=validate_resident_physical_flux threads=13800483 begin_tick=1991655254691125 end_tick=1991655255541750 ms_per_tick=9.9999999999999995e-07 device_ms=0.85062499999999996
PRODUCER_KERNEL_V1 stage=2 raw_iteration=2147483649 ordinal=14 kernel=identify_resident_physical_flux threads=32 begin_tick=1991655255542208 end_tick=1991655255545875 ms_per_tick=9.9999999999999995e-07 device_ms=0.0036669999999999997
PRODUCER_KERNEL_V1 stage=2 raw_iteration=2147483649 ordinal=15 kernel=owner_bind_candidate threads=1 begin_tick=1991655255546291 end_tick=1991655255549958 ms_per_tick=9.9999999999999995e-07 device_ms=0.0036669999999999997
PRODUCER_KERNEL_V1 stage=2 raw_iteration=2147483649 ordinal=16 kernel=finalize_resident_eos_candidate threads=1 begin_tick=1991655255550958 end_tick=1991655255553250 ms_per_tick=9.9999999999999995e-07 device_ms=0.0022919999999999998
PRODUCER_KERNEL_V1 stage=2 raw_iteration=2147483649 ordinal=17 kernel=build_eos_endpoint_table threads=14 begin_tick=1991655255553833 end_tick=1991655255845541 ms_per_tick=9.9999999999999995e-07 device_ms=0.29170799999999997
PRODUCER_KERNEL_V1 stage=2 raw_iteration=2147483649 ordinal=18 kernel=evaluate_resident_eos_candidate threads=504666 begin_tick=1991655255845833 end_tick=1991655320899750 ms_per_tick=9.9999999999999995e-07 device_ms=65.053916999999998
PRODUCER_KERNEL_V1 stage=2 raw_iteration=2147483649 ordinal=19 kernel=finalize_resident_eos_candidate threads=1 begin_tick=1991655320915041 end_tick=1991655320920041 ms_per_tick=9.9999999999999995e-07 device_ms=0.0050000000000000001
PRODUCER_KERNEL_V1 stage=2 raw_iteration=2147483649 ordinal=20 kernel=identify_resident_eos threads=1 begin_tick=1991655320920333 end_tick=1991655320922875 ms_per_tick=9.9999999999999995e-07 device_ms=0.002542
PRODUCER_KERNEL_V1 stage=2 raw_iteration=2147483649 ordinal=21 kernel=produce_resident_frozen_source threads=504666 begin_tick=1991655320923458 end_tick=1991655320954333 ms_per_tick=9.9999999999999995e-07 device_ms=0.030875
PRODUCER_KERNEL_V1 stage=2 raw_iteration=2147483649 ordinal=22 kernel=identify_resident_frozen_source threads=1 begin_tick=1991655320954750 end_tick=1991655320960666 ms_per_tick=9.9999999999999995e-07 device_ms=0.0059159999999999994
PRODUCER_KERNEL_V1 stage=2 raw_iteration=2147483649 ordinal=23 kernel=evaluate_resident_target_terms threads=504666 begin_tick=1991655320961208 end_tick=1991655435077958 ms_per_tick=9.9999999999999995e-07 device_ms=114.11675
PRODUCER_KERNEL_V1 stage=2 raw_iteration=2147483649 ordinal=24 kernel=finalize_resident_target threads=1 begin_tick=1991655435092791 end_tick=1991655435098958 ms_per_tick=9.9999999999999995e-07 device_ms=0.0061669999999999997
PRODUCER_KERNEL_V1 stage=2 raw_iteration=2147483649 ordinal=25 kernel=identify_resident_target threads=1 begin_tick=1991655435099541 end_tick=1991655435102791 ms_per_tick=9.9999999999999995e-07 device_ms=0.0032499999999999999
PRODUCER_KERNEL_V1 stage=2 raw_iteration=2147483649 ordinal=26 kernel=issue_resident_projection_consumer threads=1 begin_tick=1991655435103208 end_tick=1991655435107583 ms_per_tick=9.9999999999999995e-07 device_ms=0.0043749999999999995
PRODUCER_KERNEL_V1 stage=2 raw_iteration=2147483649 ordinal=27 kernel=consume_resident_target threads=1 begin_tick=1991655435108125 end_tick=1991655435112291 ms_per_tick=9.9999999999999995e-07 device_ms=0.0041659999999999996
PRODUCER_KERNEL_V1 stage=2 raw_iteration=2147483649 ordinal=28 kernel=owner_compose_target threads=504666 begin_tick=1991655435112708 end_tick=1991655435143833 ms_per_tick=9.9999999999999995e-07 device_ms=0.031125
PRODUCER_KERNEL_V1 stage=2 raw_iteration=2147483649 ordinal=29 kernel=finalize_resident_target threads=1 begin_tick=1991655435144333 end_tick=1991655435147000 ms_per_tick=9.9999999999999995e-07 device_ms=0.0026669999999999997
PRODUCER_KERNEL_V1 stage=2 raw_iteration=2147483649 ordinal=30 kernel=owner_identify_target threads=1 begin_tick=1991655435147375 end_tick=1991655435150166 ms_per_tick=9.9999999999999995e-07 device_ms=0.0027910000000000001
PRODUCER_KERNEL_V1 stage=2 raw_iteration=2147483649 ordinal=31 kernel=issue_resident_projection_consumer threads=1 begin_tick=1991655435150708 end_tick=1991655435153666 ms_per_tick=9.9999999999999995e-07 device_ms=0.0029579999999999997
PRODUCER_KERNEL_V1 stage=2 raw_iteration=2147483649 ordinal=32 kernel=consume_resident_target threads=1 begin_tick=1991655435154083 end_tick=1991655435157125 ms_per_tick=9.9999999999999995e-07 device_ms=0.003042
PRODUCER_KERNEL_V1 stage=2 raw_iteration=2147483649 ordinal=33 kernel=owner_issue_stage_seal threads=1 begin_tick=1991655435157666 end_tick=1991655435160833 ms_per_tick=9.9999999999999995e-07 device_ms=0.0031669999999999997
PRODUCER_KERNEL_V1 stage=2 raw_iteration=2147483649 ordinal=34 kernel=fct_compatible_stage_rate threads=1533387 begin_tick=1991655435161291 end_tick=1991655435677958 ms_per_tick=9.9999999999999995e-07 device_ms=0.51666699999999999
PRODUCER_KERNEL_V1 stage=2 raw_iteration=2147483649 ordinal=35 kernel=owner_heun_momentum threads=1533387 begin_tick=1991655435678333 end_tick=1991655435771500 ms_per_tick=9.9999999999999995e-07 device_ms=0.093167
RISE_FIRE_OWNER_PROFILE_V1 {"scope":78,"parent":73,"phase":"BuildStageProducerGroup","stage":2,"raw_iteration":2147483649,"iteration_kind":"terminal","wall_ms":273.754708000,"device_sum_ms":193.077374948,"wall_minus_device_ms":80.677333052,"exclusive_wall_ms":273.754708000,"exclusive_device_sum_ms":193.077374948,"child_observer_wall_ms":0.000000000,"count_scope":"inclusive","owner_commits":1,"projection_invocations":0}
RISE_FIRE_OWNER_PROFILE_V1 {"scope":79,"parent":73,"phase":"Residual","stage":2,"raw_iteration":2147483649,"iteration_kind":"terminal","wall_ms":0.293750000,"device_sum_ms":0.113375019,"wall_minus_device_ms":0.180374981,"exclusive_wall_ms":0.293750000,"exclusive_device_sum_ms":0.113375019,"child_observer_wall_ms":0.000000000,"count_scope":"inclusive","owner_commits":1,"projection_invocations":0}
RISE_FIRE_OWNER_PROFILE_V1 {"scope":73,"parent":66,"phase":"TerminalVerification","stage":2,"raw_iteration":2147483649,"iteration_kind":"terminal","wall_ms":286.764541000,"device_sum_ms":202.311375178,"wall_minus_device_ms":84.453165822,"exclusive_wall_ms":0.004040000,"exclusive_device_sum_ms":0.000000000,"child_observer_wall_ms":0.025876000,"count_scope":"inclusive","owner_commits":6,"projection_invocations":1}
RISE_FIRE_OWNER_PROFILE_V1 {"scope":66,"parent":55,"phase":"PicardIteration","stage":2,"raw_iteration":1,"iteration_kind":"picard","wall_ms":573.992958000,"device_sum_ms":403.475542320,"wall_minus_device_ms":170.517415680,"exclusive_wall_ms":0.429083000,"exclusive_device_sum_ms":0.000000000,"child_observer_wall_ms":0.028666000,"count_scope":"inclusive","owner_commits":12,"projection_invocations":2}
RISE_FIRE_OWNER_PROFILE_V1 {"scope":55,"parent":1,"phase":"SolveStage","stage":2,"raw_iteration":4294967295,"iteration_kind":"bootstrap","wall_ms":1149.253833000,"device_sum_ms":807.534708874,"wall_minus_device_ms":341.719124126,"exclusive_wall_ms":1.486624000,"exclusive_device_sum_ms":0.000000000,"child_observer_wall_ms":0.016876000,"count_scope":"inclusive","owner_commits":21,"projection_invocations":4}
RISE_FIRE_OWNER_PROFILE_V1 {"scope":80,"parent":1,"phase":"TerminalPublication","stage":4294967295,"raw_iteration":4294967295,"iteration_kind":"owner","wall_ms":12.865000000,"device_sum_ms":4.411625210,"wall_minus_device_ms":8.453374790,"exclusive_wall_ms":12.865000000,"exclusive_device_sum_ms":4.411625210,"child_observer_wall_ms":0.000000000,"count_scope":"inclusive","owner_commits":1,"projection_invocations":0}
RISE_FIRE_OWNER_PROFILE_V1 {"scope":1,"parent":0,"phase":"OwnerRun","stage":4294967295,"raw_iteration":4294967295,"iteration_kind":"owner","wall_ms":3625.368875000,"device_sum_ms":2480.941333575,"wall_minus_device_ms":1144.427541425,"exclusive_wall_ms":6.893250000,"exclusive_device_sum_ms":0.016625039,"child_observer_wall_ms":0.071542000,"count_scope":"inclusive","owner_commits":68,"projection_invocations":12}
capstone accepted step=1 time=0.00164626597 dt=0.00164626597 Tmax=302.592941 qmax=0 eos_max=1.45011372e-05 approach_eos_max=1.45011372e-05 limiter_class=continuous limiter_discrepancy=0 active_set_class=continuous active_set_discrepancy=0 active_set_cycle=0 active_set_faces=0
capstone step-start=1 speed=0.129151717 gprime=0.0884640856 nu=8.61405907e-05 selected=0.00181089257 previous=0.00164626597
capstone event-step=0.00164626597 pilot_ceiling=0.0115509308 ramp_end=0.209320803
RISE_FIRE_OWNER_PROFILE_V1 {"scope":2,"parent":1,"phase":"Prepare","stage":4294967295,"raw_iteration":4294967295,"iteration_kind":"owner","wall_ms":92.730208000,"device_sum_ms":3.019791795,"wall_minus_device_ms":89.710416205,"exclusive_wall_ms":92.730208000,"exclusive_device_sum_ms":3.019791795,"child_observer_wall_ms":0.000000000,"count_scope":"inclusive","owner_commits":1,"projection_invocations":0}
RISE_FIRE_OWNER_PROFILE_V1 {"scope":5,"parent":4,"phase":"ProjectionAdapter","stage":0,"raw_iteration":4294967295,"iteration_kind":"bootstrap","wall_ms":19.310000000,"device_sum_ms":15.734999906,"wall_minus_device_ms":3.575000094,"exclusive_wall_ms":19.310000000,"exclusive_device_sum_ms":15.734999906,"child_observer_wall_ms":0.000000000,"count_scope":"inclusive","owner_commits":0,"projection_invocations":1}
RISE_FIRE_OWNER_PROFILE_V1 {"scope":4,"parent":3,"phase":"Project","stage":0,"raw_iteration":4294967295,"iteration_kind":"bootstrap","wall_ms":20.758250000,"device_sum_ms":15.929708257,"wall_minus_device_ms":4.828541743,"exclusive_wall_ms":1.433084000,"exclusive_device_sum_ms":0.194708351,"child_observer_wall_ms":0.015166000,"count_scope":"inclusive","owner_commits":2,"projection_invocations":1}
PRODUCER_COMMAND_V1 stage=0 raw_iteration=4294967295 cpu_begin=1991656671755083 cpu_end=1991656950015375 gpu_begin=1991656671755083 gpu_end=1991656950015375 device_ms=195.74508327059448 encoders=39 interval_scope=possibly_overlapping
PRODUCER_KERNEL_V1 stage=0 raw_iteration=4294967295 ordinal=0 kernel=owner_pack_faces threads=1533387 begin_tick=1991656754150291 end_tick=1991656754211916 ms_per_tick=9.9999999999999995e-07 device_ms=0.061624999999999999
PRODUCER_KERNEL_V1 stage=0 raw_iteration=4294967295 ordinal=1 kernel=owner_pack_faces threads=1533387 begin_tick=1991656754211625 end_tick=1991656754672958 ms_per_tick=9.9999999999999995e-07 device_ms=0.46133299999999999
PRODUCER_KERNEL_V1 stage=0 raw_iteration=4294967295 ordinal=2 kernel=owner_pack_faces threads=1533387 begin_tick=1991656754147750 end_tick=1991656754211625 ms_per_tick=9.9999999999999995e-07 device_ms=0.063875000000000001
PRODUCER_KERNEL_V1 stage=0 raw_iteration=4294967295 ordinal=3 kernel=fct_extract_gas_density threads=504666 begin_tick=1991656754672958 end_tick=1991656754698708 ms_per_tick=9.9999999999999995e-07 device_ms=0.025749999999999999
PRODUCER_KERNEL_V1 stage=0 raw_iteration=4294967295 ordinal=4 kernel=owner_gas_source threads=504666 begin_tick=1991656754698708 end_tick=1991656754745083 ms_per_tick=9.9999999999999995e-07 device_ms=0.046375
PRODUCER_KERNEL_V1 stage=0 raw_iteration=4294967295 ordinal=5 kernel=evaluate_resident_transport threads=504666 begin_tick=1991656754212291 end_tick=1991656754735000 ms_per_tick=9.9999999999999995e-07 device_ms=0.52270899999999998
PRODUCER_KERNEL_V1 stage=0 raw_iteration=4294967295 ordinal=6 kernel=identify_resident_transport threads=1 begin_tick=1991656754735958 end_tick=1991656754744833 ms_per_tick=9.9999999999999995e-07 device_ms=0.0088749999999999992
PRODUCER_KERNEL_V1 stage=0 raw_iteration=4294967295 ordinal=7 kernel=owner_bind_transport threads=1 begin_tick=1991656754745375 end_tick=1991656754749333 ms_per_tick=9.9999999999999995e-07 device_ms=0.0039579999999999997
PRODUCER_KERNEL_V1 stage=0 raw_iteration=4294967295 ordinal=8 kernel=identify_resident_owner_endpoint_class threads=1 begin_tick=1991656754749750 end_tick=1991656754753208 ms_per_tick=9.9999999999999995e-07 device_ms=0.0034579999999999997
PRODUCER_KERNEL_V1 stage=0 raw_iteration=4294967295 ordinal=9 kernel=evaluate_resident_physical_flux threads=1533387 begin_tick=1991656755481916 end_tick=1991656756672041 ms_per_tick=9.9999999999999995e-07 device_ms=1.1901249999999999
PRODUCER_KERNEL_V1 stage=0 raw_iteration=4294967295 ordinal=10 kernel=evaluate_resident_advective_pair threads=13800483 begin_tick=1991656756843041 end_tick=1991656764680750 ms_per_tick=9.9999999999999995e-07 device_ms=7.8377089999999994
PRODUCER_KERNEL_V1 stage=0 raw_iteration=4294967295 ordinal=11 kernel=finalize_resident_advective_high threads=13800483 begin_tick=1991656764681500 end_tick=1991656765107041 ms_per_tick=9.9999999999999995e-07 device_ms=0.425541
PRODUCER_KERNEL_V1 stage=0 raw_iteration=4294967295 ordinal=12 kernel=compose_resident_flux_pair threads=13800483 begin_tick=1991656765107416 end_tick=1991656766012541 ms_per_tick=9.9999999999999995e-07 device_ms=0.90512499999999996
PRODUCER_KERNEL_V1 stage=0 raw_iteration=4294967295 ordinal=13 kernel=validate_resident_physical_flux threads=13800483 begin_tick=1991656766013041 end_tick=1991656766984125 ms_per_tick=9.9999999999999995e-07 device_ms=0.97108399999999995
PRODUCER_KERNEL_V1 stage=0 raw_iteration=4294967295 ordinal=14 kernel=identify_resident_physical_flux threads=32 begin_tick=1991656766984708 end_tick=1991656766990916 ms_per_tick=9.9999999999999995e-07 device_ms=0.006208
PRODUCER_KERNEL_V1 stage=0 raw_iteration=4294967295 ordinal=15 kernel=fct_build_ratios threads=5551326 begin_tick=1991656766991375 end_tick=1991656770591708 ms_per_tick=9.9999999999999995e-07 device_ms=3.600333
PRODUCER_KERNEL_V1 stage=0 raw_iteration=4294967295 ordinal=16 kernel=fct_build_face_alpha threads=1533387 begin_tick=1991656770592250 end_tick=1991656770859875 ms_per_tick=9.9999999999999995e-07 device_ms=0.267625
PRODUCER_KERNEL_V1 stage=0 raw_iteration=4294967295 ordinal=17 kernel=fct_commit_scalar threads=504666 begin_tick=1991656770860458 end_tick=1991656771049833 ms_per_tick=9.9999999999999995e-07 device_ms=0.18937499999999999
PRODUCER_KERNEL_V1 stage=0 raw_iteration=4294967295 ordinal=18 kernel=owner_bind_candidate threads=1 begin_tick=1991656771050541 end_tick=1991656771054291 ms_per_tick=9.9999999999999995e-07 device_ms=0.0037499999999999999
PRODUCER_KERNEL_V1 stage=0 raw_iteration=4294967295 ordinal=19 kernel=finalize_resident_eos_candidate threads=1 begin_tick=1991656771054708 end_tick=1991656771057208 ms_per_tick=9.9999999999999995e-07 device_ms=0.0025000000000000001
PRODUCER_KERNEL_V1 stage=0 raw_iteration=4294967295 ordinal=20 kernel=build_eos_endpoint_table threads=14 begin_tick=1991656771057666 end_tick=1991656771348750 ms_per_tick=9.9999999999999995e-07 device_ms=0.29108400000000001
PRODUCER_KERNEL_V1 stage=0 raw_iteration=4294967295 ordinal=21 kernel=evaluate_resident_eos_candidate threads=504666 begin_tick=1991656771349125 end_tick=1991656835138041 ms_per_tick=9.9999999999999995e-07 device_ms=63.788916
PRODUCER_KERNEL_V1 stage=0 raw_iteration=4294967295 ordinal=22 kernel=finalize_resident_eos_candidate threads=1 begin_tick=1991656835153416 end_tick=1991656835156291 ms_per_tick=9.9999999999999995e-07 device_ms=0.002875
PRODUCER_KERNEL_V1 stage=0 raw_iteration=4294967295 ordinal=23 kernel=identify_resident_eos threads=1 begin_tick=1991656835156625 end_tick=1991656835159333 ms_per_tick=9.9999999999999995e-07 device_ms=0.0027079999999999999
PRODUCER_KERNEL_V1 stage=0 raw_iteration=4294967295 ordinal=24 kernel=produce_resident_frozen_source threads=504666 begin_tick=1991656835159625 end_tick=1991656835190791 ms_per_tick=9.9999999999999995e-07 device_ms=0.031165999999999999
PRODUCER_KERNEL_V1 stage=0 raw_iteration=4294967295 ordinal=25 kernel=identify_resident_frozen_source threads=1 begin_tick=1991656835191208 end_tick=1991656835194333 ms_per_tick=9.9999999999999995e-07 device_ms=0.0031249999999999997
PRODUCER_KERNEL_V1 stage=0 raw_iteration=4294967295 ordinal=26 kernel=evaluate_resident_target_terms threads=504666 begin_tick=1991656835194708 end_tick=1991656949209000 ms_per_tick=9.9999999999999995e-07 device_ms=114.014292
PRODUCER_KERNEL_V1 stage=0 raw_iteration=4294967295 ordinal=27 kernel=finalize_resident_target threads=1 begin_tick=1991656949222750 end_tick=1991656949225708 ms_per_tick=9.9999999999999995e-07 device_ms=0.0029579999999999997
PRODUCER_KERNEL_V1 stage=0 raw_iteration=4294967295 ordinal=28 kernel=identify_resident_target threads=1 begin_tick=1991656949226000 end_tick=1991656949229041 ms_per_tick=9.9999999999999995e-07 device_ms=0.0030409999999999999
PRODUCER_KERNEL_V1 stage=0 raw_iteration=4294967295 ordinal=29 kernel=issue_resident_projection_consumer threads=1 begin_tick=1991656949229416 end_tick=1991656949233916 ms_per_tick=9.9999999999999995e-07 device_ms=0.0044999999999999997
PRODUCER_KERNEL_V1 stage=0 raw_iteration=4294967295 ordinal=30 kernel=consume_resident_target threads=1 begin_tick=1991656949234291 end_tick=1991656949238750 ms_per_tick=9.9999999999999995e-07 device_ms=0.0044589999999999994
PRODUCER_KERNEL_V1 stage=0 raw_iteration=4294967295 ordinal=31 kernel=owner_compose_target threads=504666 begin_tick=1991656949239166 end_tick=1991656949271125 ms_per_tick=9.9999999999999995e-07 device_ms=0.031959000000000001
PRODUCER_KERNEL_V1 stage=0 raw_iteration=4294967295 ordinal=32 kernel=finalize_resident_target threads=1 begin_tick=1991656949271541 end_tick=1991656949274250 ms_per_tick=9.9999999999999995e-07 device_ms=0.002709
PRODUCER_KERNEL_V1 stage=0 raw_iteration=4294967295 ordinal=33 kernel=owner_identify_target threads=1 begin_tick=1991656949274625 end_tick=1991656949277583 ms_per_tick=9.9999999999999995e-07 device_ms=0.0029579999999999997
PRODUCER_KERNEL_V1 stage=0 raw_iteration=4294967295 ordinal=34 kernel=issue_resident_projection_consumer threads=1 begin_tick=1991656949278000 end_tick=1991656949281083 ms_per_tick=9.9999999999999995e-07 device_ms=0.0030829999999999998
PRODUCER_KERNEL_V1 stage=0 raw_iteration=4294967295 ordinal=35 kernel=consume_resident_target threads=1 begin_tick=1991656949281500 end_tick=1991656949284541 ms_per_tick=9.9999999999999995e-07 device_ms=0.0030409999999999999
PRODUCER_KERNEL_V1 stage=0 raw_iteration=4294967295 ordinal=36 kernel=owner_issue_stage_seal threads=1 begin_tick=1991656949284958 end_tick=1991656949288041 ms_per_tick=9.9999999999999995e-07 device_ms=0.0030829999999999998
PRODUCER_KERNEL_V1 stage=0 raw_iteration=4294967295 ordinal=37 kernel=fct_compatible_stage_rate threads=1533387 begin_tick=1991656949288416 end_tick=1991656949836458 ms_per_tick=9.9999999999999995e-07 device_ms=0.54804200000000003
PRODUCER_KERNEL_V1 stage=0 raw_iteration=4294967295 ordinal=38 kernel=owner_predict_momentum threads=1533387 begin_tick=1991656949837083 end_tick=1991656949886958 ms_per_tick=9.9999999999999995e-07 device_ms=0.049874999999999996
RISE_FIRE_OWNER_PROFILE_V1 {"scope":6,"parent":3,"phase":"BuildStageProducerGroup","stage":0,"raw_iteration":4294967295,"iteration_kind":"bootstrap","wall_ms":278.420708000,"device_sum_ms":195.745083271,"wall_minus_device_ms":82.675624729,"exclusive_wall_ms":278.420708000,"exclusive_device_sum_ms":195.745083271,"child_observer_wall_ms":0.000000000,"count_scope":"inclusive","owner_commits":1,"projection_invocations":0}
RISE_FIRE_OWNER_PROFILE_V1 {"scope":9,"parent":8,"phase":"ProjectionAdapter","stage":0,"raw_iteration":0,"iteration_kind":"picard","wall_ms":12.097791000,"device_sum_ms":9.278958198,"wall_minus_device_ms":2.818832802,"exclusive_wall_ms":12.097791000,"exclusive_device_sum_ms":9.278958198,"child_observer_wall_ms":0.000000000,"count_scope":"inclusive","owner_commits":0,"projection_invocations":1}
RISE_FIRE_OWNER_PROFILE_V1 {"scope":8,"parent":7,"phase":"Project","stage":0,"raw_iteration":0,"iteration_kind":"picard","wall_ms":12.726375000,"device_sum_ms":9.325999999,"wall_minus_device_ms":3.400375001,"exclusive_wall_ms":0.621417000,"exclusive_device_sum_ms":0.047041802,"child_observer_wall_ms":0.007167000,"count_scope":"inclusive","owner_commits":2,"projection_invocations":1}
RISE_FIRE_OWNER_PROFILE_V1 {"scope":10,"parent":7,"phase":"ReadOpenClass","stage":0,"raw_iteration":0,"iteration_kind":"picard","wall_ms":0.164125000,"device_sum_ms":0.002499903,"wall_minus_device_ms":0.161625097,"exclusive_wall_ms":0.164125000,"exclusive_device_sum_ms":0.002499903,"child_observer_wall_ms":0.000000000,"count_scope":"inclusive","owner_commits":1,"projection_invocations":0}
RISE_FIRE_OWNER_PROFILE_V1 {"scope":11,"parent":7,"phase":"ReadOpenClass","stage":0,"raw_iteration":0,"iteration_kind":"picard","wall_ms":0.150334000,"device_sum_ms":0.002624933,"wall_minus_device_ms":0.147709067,"exclusive_wall_ms":0.150334000,"exclusive_device_sum_ms":0.002624933,"child_observer_wall_ms":0.000000000,"count_scope":"inclusive","owner_commits":1,"projection_invocations":0}
PRODUCER_COMMAND_V1 stage=0 raw_iteration=0 cpu_begin=1991656963244166 cpu_end=1991657240286250 gpu_begin=1991656963244166 gpu_end=1991657240286250 device_ms=195.91858331114054 encoders=39 interval_scope=possibly_overlapping
PRODUCER_KERNEL_V1 stage=0 raw_iteration=0 ordinal=0 kernel=owner_pack_faces threads=1533387 begin_tick=1991657044356375 end_tick=1991657044407083 ms_per_tick=9.9999999999999995e-07 device_ms=0.050707999999999996
PRODUCER_KERNEL_V1 stage=0 raw_iteration=0 ordinal=1 kernel=owner_pack_faces threads=1533387 begin_tick=1991657044422458 end_tick=1991657044473458 ms_per_tick=9.9999999999999995e-07 device_ms=0.050999999999999997
PRODUCER_KERNEL_V1 stage=0 raw_iteration=0 ordinal=2 kernel=owner_pack_faces threads=1533387 begin_tick=1991657044550041 end_tick=1991657044652083 ms_per_tick=9.9999999999999995e-07 device_ms=0.10204199999999999
PRODUCER_KERNEL_V1 stage=0 raw_iteration=0 ordinal=3 kernel=fct_extract_gas_density threads=504666 begin_tick=1991657044553625 end_tick=1991657044602875 ms_per_tick=9.9999999999999995e-07 device_ms=0.049249999999999995
PRODUCER_KERNEL_V1 stage=0 raw_iteration=0 ordinal=4 kernel=owner_gas_source threads=504666 begin_tick=1991657044605458 end_tick=1991657044651916 ms_per_tick=9.9999999999999995e-07 device_ms=0.046457999999999999
PRODUCER_KERNEL_V1 stage=0 raw_iteration=0 ordinal=5 kernel=evaluate_resident_transport threads=504666 begin_tick=1991657044728833 end_tick=1991657045177041 ms_per_tick=9.9999999999999995e-07 device_ms=0.448208
PRODUCER_KERNEL_V1 stage=0 raw_iteration=0 ordinal=6 kernel=identify_resident_transport threads=1 begin_tick=1991657045177416 end_tick=1991657045180416 ms_per_tick=9.9999999999999995e-07 device_ms=0.0030000000000000001
PRODUCER_KERNEL_V1 stage=0 raw_iteration=0 ordinal=7 kernel=owner_bind_transport threads=1 begin_tick=1991657045181000 end_tick=1991657045184791 ms_per_tick=9.9999999999999995e-07 device_ms=0.0037909999999999997
PRODUCER_KERNEL_V1 stage=0 raw_iteration=0 ordinal=8 kernel=identify_resident_owner_endpoint_class threads=1 begin_tick=1991657045185958 end_tick=1991657045189083 ms_per_tick=9.9999999999999995e-07 device_ms=0.0031249999999999997
PRODUCER_KERNEL_V1 stage=0 raw_iteration=0 ordinal=9 kernel=evaluate_resident_physical_flux threads=1533387 begin_tick=1991657046169083 end_tick=1991657047282375 ms_per_tick=9.9999999999999995e-07 device_ms=1.1132919999999999
PRODUCER_KERNEL_V1 stage=0 raw_iteration=0 ordinal=10 kernel=evaluate_resident_advective_pair threads=13800483 begin_tick=1991657047659875 end_tick=1991657055022083 ms_per_tick=9.9999999999999995e-07 device_ms=7.3622079999999999
PRODUCER_KERNEL_V1 stage=0 raw_iteration=0 ordinal=11 kernel=finalize_resident_advective_high threads=13800483 begin_tick=1991657055022875 end_tick=1991657055441250 ms_per_tick=9.9999999999999995e-07 device_ms=0.418375
PRODUCER_KERNEL_V1 stage=0 raw_iteration=0 ordinal=12 kernel=compose_resident_flux_pair threads=13800483 begin_tick=1991657055441583 end_tick=1991657056326916 ms_per_tick=9.9999999999999995e-07 device_ms=0.88533299999999993
PRODUCER_KERNEL_V1 stage=0 raw_iteration=0 ordinal=13 kernel=validate_resident_physical_flux threads=13800483 begin_tick=1991657056327583 end_tick=1991657057177291 ms_per_tick=9.9999999999999995e-07 device_ms=0.84970799999999991
PRODUCER_KERNEL_V1 stage=0 raw_iteration=0 ordinal=14 kernel=identify_resident_physical_flux threads=32 begin_tick=1991657057177958 end_tick=1991657057181125 ms_per_tick=9.9999999999999995e-07 device_ms=0.0031669999999999997
PRODUCER_KERNEL_V1 stage=0 raw_iteration=0 ordinal=15 kernel=fct_build_ratios threads=5551326 begin_tick=1991657057181666 end_tick=1991657060996708 ms_per_tick=9.9999999999999995e-07 device_ms=3.815042
PRODUCER_KERNEL_V1 stage=0 raw_iteration=0 ordinal=16 kernel=fct_build_face_alpha threads=1533387 begin_tick=1991657060997333 end_tick=1991657061265416 ms_per_tick=9.9999999999999995e-07 device_ms=0.26808299999999996
PRODUCER_KERNEL_V1 stage=0 raw_iteration=0 ordinal=17 kernel=fct_commit_scalar threads=504666 begin_tick=1991657061265833 end_tick=1991657061460250 ms_per_tick=9.9999999999999995e-07 device_ms=0.19441699999999998
PRODUCER_KERNEL_V1 stage=0 raw_iteration=0 ordinal=18 kernel=owner_bind_candidate threads=1 begin_tick=1991657061460708 end_tick=1991657061464375 ms_per_tick=9.9999999999999995e-07 device_ms=0.0036669999999999997
PRODUCER_KERNEL_V1 stage=0 raw_iteration=0 ordinal=19 kernel=finalize_resident_eos_candidate threads=1 begin_tick=1991657061464916 end_tick=1991657061467583 ms_per_tick=9.9999999999999995e-07 device_ms=0.0026669999999999997
PRODUCER_KERNEL_V1 stage=0 raw_iteration=0 ordinal=20 kernel=build_eos_endpoint_table threads=14 begin_tick=1991657061468708 end_tick=1991657061759958 ms_per_tick=9.9999999999999995e-07 device_ms=0.29125000000000001
PRODUCER_KERNEL_V1 stage=0 raw_iteration=0 ordinal=21 kernel=evaluate_resident_eos_candidate threads=504666 begin_tick=1991657061760291 end_tick=1991657125294583 ms_per_tick=9.9999999999999995e-07 device_ms=63.534292000000001
PRODUCER_KERNEL_V1 stage=0 raw_iteration=0 ordinal=22 kernel=finalize_resident_eos_candidate threads=1 begin_tick=1991657125309416 end_tick=1991657125312333 ms_per_tick=9.9999999999999995e-07 device_ms=0.0029169999999999999
PRODUCER_KERNEL_V1 stage=0 raw_iteration=0 ordinal=23 kernel=identify_resident_eos threads=1 begin_tick=1991657125312625 end_tick=1991657125315291 ms_per_tick=9.9999999999999995e-07 device_ms=0.002666
PRODUCER_KERNEL_V1 stage=0 raw_iteration=0 ordinal=24 kernel=produce_resident_frozen_source threads=504666 begin_tick=1991657125315583 end_tick=1991657125346250 ms_per_tick=9.9999999999999995e-07 device_ms=0.030667
PRODUCER_KERNEL_V1 stage=0 raw_iteration=0 ordinal=25 kernel=identify_resident_frozen_source threads=1 begin_tick=1991657125346666 end_tick=1991657125349666 ms_per_tick=9.9999999999999995e-07 device_ms=0.0030000000000000001
PRODUCER_KERNEL_V1 stage=0 raw_iteration=0 ordinal=26 kernel=evaluate_resident_target_terms threads=504666 begin_tick=1991657125350083 end_tick=1991657239466500 ms_per_tick=9.9999999999999995e-07 device_ms=114.116417
PRODUCER_KERNEL_V1 stage=0 raw_iteration=0 ordinal=27 kernel=finalize_resident_target threads=1 begin_tick=1991657239480875 end_tick=1991657239483750 ms_per_tick=9.9999999999999995e-07 device_ms=0.002875
PRODUCER_KERNEL_V1 stage=0 raw_iteration=0 ordinal=28 kernel=identify_resident_target threads=1 begin_tick=1991657239484166 end_tick=1991657239487291 ms_per_tick=9.9999999999999995e-07 device_ms=0.0031249999999999997
PRODUCER_KERNEL_V1 stage=0 raw_iteration=0 ordinal=29 kernel=issue_resident_projection_consumer threads=1 begin_tick=1991657239487708 end_tick=1991657239491833 ms_per_tick=9.9999999999999995e-07 device_ms=0.0041250000000000002
PRODUCER_KERNEL_V1 stage=0 raw_iteration=0 ordinal=30 kernel=consume_resident_target threads=1 begin_tick=1991657239492208 end_tick=1991657239496166 ms_per_tick=9.9999999999999995e-07 device_ms=0.0039579999999999997
PRODUCER_KERNEL_V1 stage=0 raw_iteration=0 ordinal=31 kernel=owner_compose_target threads=504666 begin_tick=1991657239496541 end_tick=1991657239575791 ms_per_tick=9.9999999999999995e-07 device_ms=0.079250000000000001
PRODUCER_KERNEL_V1 stage=0 raw_iteration=0 ordinal=32 kernel=finalize_resident_target threads=1 begin_tick=1991657239576083 end_tick=1991657239578833 ms_per_tick=9.9999999999999995e-07 device_ms=0.0027499999999999998
PRODUCER_KERNEL_V1 stage=0 raw_iteration=0 ordinal=33 kernel=owner_identify_target threads=1 begin_tick=1991657239579208 end_tick=1991657239581958 ms_per_tick=9.9999999999999995e-07 device_ms=0.0027499999999999998
PRODUCER_KERNEL_V1 stage=0 raw_iteration=0 ordinal=34 kernel=issue_resident_projection_consumer threads=1 begin_tick=1991657239582250 end_tick=1991657239585291 ms_per_tick=9.9999999999999995e-07 device_ms=0.0030409999999999999
PRODUCER_KERNEL_V1 stage=0 raw_iteration=0 ordinal=35 kernel=consume_resident_target threads=1 begin_tick=1991657239585583 end_tick=1991657239588833 ms_per_tick=9.9999999999999995e-07 device_ms=0.0032499999999999999
PRODUCER_KERNEL_V1 stage=0 raw_iteration=0 ordinal=36 kernel=owner_issue_stage_seal threads=1 begin_tick=1991657239589250 end_tick=1991657239592125 ms_per_tick=9.9999999999999995e-07 device_ms=0.002875
PRODUCER_KERNEL_V1 stage=0 raw_iteration=0 ordinal=37 kernel=fct_compatible_stage_rate threads=1533387 begin_tick=1991657239592625 end_tick=1991657240102625 ms_per_tick=9.9999999999999995e-07 device_ms=0.51000000000000001
PRODUCER_KERNEL_V1 stage=0 raw_iteration=0 ordinal=38 kernel=owner_predict_momentum threads=1533387 begin_tick=1991657240103208 end_tick=1991657240152750 ms_per_tick=9.9999999999999995e-07 device_ms=0.049541999999999996
RISE_FIRE_OWNER_PROFILE_V1 {"scope":12,"parent":7,"phase":"BuildStageProducerGroup","stage":0,"raw_iteration":0,"iteration_kind":"picard","wall_ms":277.195500000,"device_sum_ms":195.918583311,"wall_minus_device_ms":81.276916689,"exclusive_wall_ms":277.195500000,"exclusive_device_sum_ms":195.918583311,"child_observer_wall_ms":0.000000000,"count_scope":"inclusive","owner_commits":1,"projection_invocations":0}
RISE_FIRE_OWNER_PROFILE_V1 {"scope":13,"parent":7,"phase":"Residual","stage":0,"raw_iteration":0,"iteration_kind":"picard","wall_ms":0.219708000,"device_sum_ms":0.022124965,"wall_minus_device_ms":0.197583035,"exclusive_wall_ms":0.219708000,"exclusive_device_sum_ms":0.022124965,"child_observer_wall_ms":0.000000000,"count_scope":"inclusive","owner_commits":1,"projection_invocations":0}
RISE_FIRE_OWNER_PROFILE_V1 {"scope":7,"parent":3,"phase":"PicardIteration","stage":0,"raw_iteration":0,"iteration_kind":"picard","wall_ms":290.869500000,"device_sum_ms":205.271833111,"wall_minus_device_ms":85.597666889,"exclusive_wall_ms":0.383332000,"exclusive_device_sum_ms":0.000000000,"child_observer_wall_ms":0.030126000,"count_scope":"inclusive","owner_commits":6,"projection_invocations":1}
RISE_FIRE_OWNER_PROFILE_V1 {"scope":16,"parent":15,"phase":"ProjectionAdapter","stage":0,"raw_iteration":1,"iteration_kind":"picard","wall_ms":11.889208000,"device_sum_ms":9.071500041,"wall_minus_device_ms":2.817707959,"exclusive_wall_ms":11.889208000,"exclusive_device_sum_ms":9.071500041,"child_observer_wall_ms":0.000000000,"count_scope":"inclusive","owner_commits":0,"projection_invocations":1}
RISE_FIRE_OWNER_PROFILE_V1 {"scope":15,"parent":14,"phase":"Project","stage":0,"raw_iteration":1,"iteration_kind":"picard","wall_ms":13.137083000,"device_sum_ms":9.119208204,"wall_minus_device_ms":4.017874796,"exclusive_wall_ms":1.237750000,"exclusive_device_sum_ms":0.047708163,"child_observer_wall_ms":0.010125000,"count_scope":"inclusive","owner_commits":2,"projection_invocations":1}
RISE_FIRE_OWNER_PROFILE_V1 {"scope":17,"parent":14,"phase":"ReadOpenClass","stage":0,"raw_iteration":1,"iteration_kind":"picard","wall_ms":0.159583000,"device_sum_ms":0.002541812,"wall_minus_device_ms":0.157041188,"exclusive_wall_ms":0.159583000,"exclusive_device_sum_ms":0.002541812,"child_observer_wall_ms":0.000000000,"count_scope":"inclusive","owner_commits":1,"projection_invocations":0}
RISE_FIRE_OWNER_PROFILE_V1 {"scope":18,"parent":14,"phase":"ReadOpenClass","stage":0,"raw_iteration":1,"iteration_kind":"picard","wall_ms":0.146333000,"device_sum_ms":0.002375105,"wall_minus_device_ms":0.143957895,"exclusive_wall_ms":0.146333000,"exclusive_device_sum_ms":0.002375105,"child_observer_wall_ms":0.000000000,"count_scope":"inclusive","owner_commits":1,"projection_invocations":0}
PRODUCER_COMMAND_V1 stage=0 raw_iteration=1 cpu_begin=1991657254510458 cpu_end=1991657534136291 gpu_begin=1991657254510458 gpu_end=1991657534136291 device_ms=198.28170817345381 encoders=39 interval_scope=possibly_overlapping
PRODUCER_KERNEL_V1 stage=0 raw_iteration=1 ordinal=0 kernel=owner_pack_faces threads=1533387 begin_tick=1991657335732416 end_tick=1991657335787916 ms_per_tick=9.9999999999999995e-07 device_ms=0.055500000000000001
PRODUCER_KERNEL_V1 stage=0 raw_iteration=1 ordinal=1 kernel=owner_pack_faces threads=1533387 begin_tick=1991657335787750 end_tick=1991657336225375 ms_per_tick=9.9999999999999995e-07 device_ms=0.43762499999999999
PRODUCER_KERNEL_V1 stage=0 raw_iteration=1 ordinal=2 kernel=owner_pack_faces threads=1533387 begin_tick=1991657335728291 end_tick=1991657335787750 ms_per_tick=9.9999999999999995e-07 device_ms=0.059458999999999998
PRODUCER_KERNEL_V1 stage=0 raw_iteration=1 ordinal=3 kernel=fct_extract_gas_density threads=504666 begin_tick=1991657336225375 end_tick=1991657336248666 ms_per_tick=9.9999999999999995e-07 device_ms=0.023290999999999999
PRODUCER_KERNEL_V1 stage=0 raw_iteration=1 ordinal=4 kernel=owner_gas_source threads=504666 begin_tick=1991657336248666 end_tick=1991657336289333 ms_per_tick=9.9999999999999995e-07 device_ms=0.040666999999999995
PRODUCER_KERNEL_V1 stage=0 raw_iteration=1 ordinal=5 kernel=evaluate_resident_transport threads=504666 begin_tick=1991657335788291 end_tick=1991657336287333 ms_per_tick=9.9999999999999995e-07 device_ms=0.49904199999999999
PRODUCER_KERNEL_V1 stage=0 raw_iteration=1 ordinal=6 kernel=identify_resident_transport threads=1 begin_tick=1991657336287750 end_tick=1991657336290708 ms_per_tick=9.9999999999999995e-07 device_ms=0.0029579999999999997
PRODUCER_KERNEL_V1 stage=0 raw_iteration=1 ordinal=7 kernel=owner_bind_transport threads=1 begin_tick=1991657336291250 end_tick=1991657336294791 ms_per_tick=9.9999999999999995e-07 device_ms=0.0035409999999999999
PRODUCER_KERNEL_V1 stage=0 raw_iteration=1 ordinal=8 kernel=identify_resident_owner_endpoint_class threads=1 begin_tick=1991657336295375 end_tick=1991657336298583 ms_per_tick=9.9999999999999995e-07 device_ms=0.0032079999999999999
PRODUCER_KERNEL_V1 stage=0 raw_iteration=1 ordinal=9 kernel=evaluate_resident_physical_flux threads=1533387 begin_tick=1991657337133333 end_tick=1991657338249250 ms_per_tick=9.9999999999999995e-07 device_ms=1.115917
PRODUCER_KERNEL_V1 stage=0 raw_iteration=1 ordinal=10 kernel=evaluate_resident_advective_pair threads=13800483 begin_tick=1991657338526708 end_tick=1991657345867500 ms_per_tick=9.9999999999999995e-07 device_ms=7.3407919999999995
PRODUCER_KERNEL_V1 stage=0 raw_iteration=1 ordinal=11 kernel=finalize_resident_advective_high threads=13800483 begin_tick=1991657345884000 end_tick=1991657346476000 ms_per_tick=9.9999999999999995e-07 device_ms=0.59199999999999997
PRODUCER_KERNEL_V1 stage=0 raw_iteration=1 ordinal=12 kernel=compose_resident_flux_pair threads=13800483 begin_tick=1991657346476375 end_tick=1991657347369666 ms_per_tick=9.9999999999999995e-07 device_ms=0.89329099999999995
PRODUCER_KERNEL_V1 stage=0 raw_iteration=1 ordinal=13 kernel=validate_resident_physical_flux threads=13800483 begin_tick=1991657347370208 end_tick=1991657348237458 ms_per_tick=9.9999999999999995e-07 device_ms=0.86724999999999997
PRODUCER_KERNEL_V1 stage=0 raw_iteration=1 ordinal=14 kernel=identify_resident_physical_flux threads=32 begin_tick=1991657348237958 end_tick=1991657348243666 ms_per_tick=9.9999999999999995e-07 device_ms=0.0057079999999999995
PRODUCER_KERNEL_V1 stage=0 raw_iteration=1 ordinal=15 kernel=fct_build_ratios threads=5551326 begin_tick=1991657348244250 end_tick=1991657351852250 ms_per_tick=9.9999999999999995e-07 device_ms=3.6079999999999997
PRODUCER_KERNEL_V1 stage=0 raw_iteration=1 ordinal=16 kernel=fct_build_face_alpha threads=1533387 begin_tick=1991657351852916 end_tick=1991657352123583 ms_per_tick=9.9999999999999995e-07 device_ms=0.27066699999999999
PRODUCER_KERNEL_V1 stage=0 raw_iteration=1 ordinal=17 kernel=fct_commit_scalar threads=504666 begin_tick=1991657352124125 end_tick=1991657352312250 ms_per_tick=9.9999999999999995e-07 device_ms=0.18812499999999999
PRODUCER_KERNEL_V1 stage=0 raw_iteration=1 ordinal=18 kernel=owner_bind_candidate threads=1 begin_tick=1991657352312666 end_tick=1991657352316458 ms_per_tick=9.9999999999999995e-07 device_ms=0.0037919999999999998
PRODUCER_KERNEL_V1 stage=0 raw_iteration=1 ordinal=19 kernel=finalize_resident_eos_candidate threads=1 begin_tick=1991657352316875 end_tick=1991657352319583 ms_per_tick=9.9999999999999995e-07 device_ms=0.0027079999999999999
PRODUCER_KERNEL_V1 stage=0 raw_iteration=1 ordinal=20 kernel=build_eos_endpoint_table threads=14 begin_tick=1991657352320750 end_tick=1991657352611916 ms_per_tick=9.9999999999999995e-07 device_ms=0.29116599999999998
PRODUCER_KERNEL_V1 stage=0 raw_iteration=1 ordinal=21 kernel=evaluate_resident_eos_candidate threads=504666 begin_tick=1991657352612333 end_tick=1991657419030708 ms_per_tick=9.9999999999999995e-07 device_ms=66.418374999999997
PRODUCER_KERNEL_V1 stage=0 raw_iteration=1 ordinal=22 kernel=finalize_resident_eos_candidate threads=1 begin_tick=1991657419045833 end_tick=1991657419048250 ms_per_tick=9.9999999999999995e-07 device_ms=0.0024169999999999999
PRODUCER_KERNEL_V1 stage=0 raw_iteration=1 ordinal=23 kernel=identify_resident_eos threads=1 begin_tick=1991657419048541 end_tick=1991657419051208 ms_per_tick=9.9999999999999995e-07 device_ms=0.0026669999999999997
PRODUCER_KERNEL_V1 stage=0 raw_iteration=1 ordinal=24 kernel=produce_resident_frozen_source threads=504666 begin_tick=1991657419051541 end_tick=1991657419082583 ms_per_tick=9.9999999999999995e-07 device_ms=0.031042
PRODUCER_KERNEL_V1 stage=0 raw_iteration=1 ordinal=25 kernel=identify_resident_frozen_source threads=1 begin_tick=1991657419083000 end_tick=1991657419089916 ms_per_tick=9.9999999999999995e-07 device_ms=0.0069159999999999994
PRODUCER_KERNEL_V1 stage=0 raw_iteration=1 ordinal=26 kernel=evaluate_resident_target_terms threads=504666 begin_tick=1991657419090500 end_tick=1991657533316833 ms_per_tick=9.9999999999999995e-07 device_ms=114.226333
PRODUCER_KERNEL_V1 stage=0 raw_iteration=1 ordinal=27 kernel=finalize_resident_target threads=1 begin_tick=1991657533331291 end_tick=1991657533334458 ms_per_tick=9.9999999999999995e-07 device_ms=0.0031669999999999997
PRODUCER_KERNEL_V1 stage=0 raw_iteration=1 ordinal=28 kernel=identify_resident_target threads=1 begin_tick=1991657533334708 end_tick=1991657533337791 ms_per_tick=9.9999999999999995e-07 device_ms=0.0030829999999999998
PRODUCER_KERNEL_V1 stage=0 raw_iteration=1 ordinal=29 kernel=issue_resident_projection_consumer threads=1 begin_tick=1991657533338166 end_tick=1991657533342208 ms_per_tick=9.9999999999999995e-07 device_ms=0.0040419999999999996
PRODUCER_KERNEL_V1 stage=0 raw_iteration=1 ordinal=30 kernel=consume_resident_target threads=1 begin_tick=1991657533342625 end_tick=1991657533346791 ms_per_tick=9.9999999999999995e-07 device_ms=0.0041659999999999996
PRODUCER_KERNEL_V1 stage=0 raw_iteration=1 ordinal=31 kernel=owner_compose_target threads=504666 begin_tick=1991657533347208 end_tick=1991657533426583 ms_per_tick=9.9999999999999995e-07 device_ms=0.079375000000000001
PRODUCER_KERNEL_V1 stage=0 raw_iteration=1 ordinal=32 kernel=finalize_resident_target threads=1 begin_tick=1991657533426875 end_tick=1991657533429583 ms_per_tick=9.9999999999999995e-07 device_ms=0.0027079999999999999
PRODUCER_KERNEL_V1 stage=0 raw_iteration=1 ordinal=33 kernel=owner_identify_target threads=1 begin_tick=1991657533430000 end_tick=1991657533432791 ms_per_tick=9.9999999999999995e-07 device_ms=0.0027910000000000001
PRODUCER_KERNEL_V1 stage=0 raw_iteration=1 ordinal=34 kernel=issue_resident_projection_consumer threads=1 begin_tick=1991657533433208 end_tick=1991657533436166 ms_per_tick=9.9999999999999995e-07 device_ms=0.0029579999999999997
PRODUCER_KERNEL_V1 stage=0 raw_iteration=1 ordinal=35 kernel=consume_resident_target threads=1 begin_tick=1991657533436583 end_tick=1991657533440041 ms_per_tick=9.9999999999999995e-07 device_ms=0.0034579999999999997
PRODUCER_KERNEL_V1 stage=0 raw_iteration=1 ordinal=36 kernel=owner_issue_stage_seal threads=1 begin_tick=1991657533440458 end_tick=1991657533443416 ms_per_tick=9.9999999999999995e-07 device_ms=0.0029579999999999997
PRODUCER_KERNEL_V1 stage=0 raw_iteration=1 ordinal=37 kernel=fct_compatible_stage_rate threads=1533387 begin_tick=1991657533443833 end_tick=1991657533954666 ms_per_tick=9.9999999999999995e-07 device_ms=0.51083299999999998
PRODUCER_KERNEL_V1 stage=0 raw_iteration=1 ordinal=38 kernel=owner_predict_momentum threads=1533387 begin_tick=1991657533955291 end_tick=1991657534004500 ms_per_tick=9.9999999999999995e-07 device_ms=0.049208999999999996
RISE_FIRE_OWNER_PROFILE_V1 {"scope":19,"parent":14,"phase":"BuildStageProducerGroup","stage":0,"raw_iteration":1,"iteration_kind":"picard","wall_ms":279.774750000,"device_sum_ms":198.281708173,"wall_minus_device_ms":81.493041827,"exclusive_wall_ms":279.774750000,"exclusive_device_sum_ms":198.281708173,"child_observer_wall_ms":0.000000000,"count_scope":"inclusive","owner_commits":1,"projection_invocations":0}
RISE_FIRE_OWNER_PROFILE_V1 {"scope":20,"parent":14,"phase":"Residual","stage":0,"raw_iteration":1,"iteration_kind":"picard","wall_ms":0.305459000,"device_sum_ms":0.111000147,"wall_minus_device_ms":0.194458853,"exclusive_wall_ms":0.305459000,"exclusive_device_sum_ms":0.111000147,"child_observer_wall_ms":0.000000000,"count_scope":"inclusive","owner_commits":1,"projection_invocations":0}
RISE_FIRE_OWNER_PROFILE_V1 {"scope":14,"parent":3,"phase":"PicardIteration","stage":0,"raw_iteration":1,"iteration_kind":"picard","wall_ms":293.918541000,"device_sum_ms":207.516833441,"wall_minus_device_ms":86.401707559,"exclusive_wall_ms":0.372291000,"exclusive_device_sum_ms":0.000000000,"child_observer_wall_ms":0.023042000,"count_scope":"inclusive","owner_commits":6,"projection_invocations":1}
RISE_FIRE_OWNER_PROFILE_V1 {"scope":23,"parent":22,"phase":"ProjectionAdapter","stage":0,"raw_iteration":2,"iteration_kind":"picard","wall_ms":11.810208000,"device_sum_ms":9.002999868,"wall_minus_device_ms":2.807208132,"exclusive_wall_ms":11.810208000,"exclusive_device_sum_ms":9.002999868,"child_observer_wall_ms":0.000000000,"count_scope":"inclusive","owner_commits":0,"projection_invocations":1}
RISE_FIRE_OWNER_PROFILE_V1 {"scope":22,"parent":21,"phase":"Project","stage":0,"raw_iteration":2,"iteration_kind":"picard","wall_ms":13.017750000,"device_sum_ms":9.044624865,"wall_minus_device_ms":3.973125135,"exclusive_wall_ms":1.197000000,"exclusive_device_sum_ms":0.041624997,"child_observer_wall_ms":0.010542000,"count_scope":"inclusive","owner_commits":2,"projection_invocations":1}
RISE_FIRE_OWNER_PROFILE_V1 {"scope":24,"parent":21,"phase":"ReadOpenClass","stage":0,"raw_iteration":2,"iteration_kind":"picard","wall_ms":0.161750000,"device_sum_ms":0.002416782,"wall_minus_device_ms":0.159333218,"exclusive_wall_ms":0.161750000,"exclusive_device_sum_ms":0.002416782,"child_observer_wall_ms":0.000000000,"count_scope":"inclusive","owner_commits":1,"projection_invocations":0}
RISE_FIRE_OWNER_PROFILE_V1 {"scope":25,"parent":21,"phase":"ReadOpenClass","stage":0,"raw_iteration":2,"iteration_kind":"picard","wall_ms":0.149000000,"device_sum_ms":0.002416782,"wall_minus_device_ms":0.146583218,"exclusive_wall_ms":0.149000000,"exclusive_device_sum_ms":0.002416782,"child_observer_wall_ms":0.000000000,"count_scope":"inclusive","owner_commits":1,"projection_invocations":0}
PRODUCER_COMMAND_V1 stage=0 raw_iteration=2 cpu_begin=1991657548316500 cpu_end=1991657825505083 gpu_begin=1991657548316500 gpu_end=1991657825505083 device_ms=196.83749997057021 encoders=39 interval_scope=possibly_overlapping
PRODUCER_KERNEL_V1 stage=0 raw_iteration=2 ordinal=0 kernel=owner_pack_faces threads=1533387 begin_tick=1991657628658333 end_tick=1991657628708833 ms_per_tick=9.9999999999999995e-07 device_ms=0.050499999999999996
PRODUCER_KERNEL_V1 stage=0 raw_iteration=2 ordinal=1 kernel=owner_pack_faces threads=1533387 begin_tick=1991657628718750 end_tick=1991657628769875 ms_per_tick=9.9999999999999995e-07 device_ms=0.051124999999999997
PRODUCER_KERNEL_V1 stage=0 raw_iteration=2 ordinal=2 kernel=owner_pack_faces threads=1533387 begin_tick=1991657628852291 end_tick=1991657628959833 ms_per_tick=9.9999999999999995e-07 device_ms=0.107542
PRODUCER_KERNEL_V1 stage=0 raw_iteration=2 ordinal=3 kernel=fct_extract_gas_density threads=504666 begin_tick=1991657628858875 end_tick=1991657628910750 ms_per_tick=9.9999999999999995e-07 device_ms=0.051874999999999998
PRODUCER_KERNEL_V1 stage=0 raw_iteration=2 ordinal=4 kernel=owner_gas_source threads=504666 begin_tick=1991657628910750 end_tick=1991657628959666 ms_per_tick=9.9999999999999995e-07 device_ms=0.048916000000000001
PRODUCER_KERNEL_V1 stage=0 raw_iteration=2 ordinal=5 kernel=evaluate_resident_transport threads=504666 begin_tick=1991657629014375 end_tick=1991657629473541 ms_per_tick=9.9999999999999995e-07 device_ms=0.45916599999999996
PRODUCER_KERNEL_V1 stage=0 raw_iteration=2 ordinal=6 kernel=identify_resident_transport threads=1 begin_tick=1991657629473875 end_tick=1991657629476666 ms_per_tick=9.9999999999999995e-07 device_ms=0.0027910000000000001
PRODUCER_KERNEL_V1 stage=0 raw_iteration=2 ordinal=7 kernel=owner_bind_transport threads=1 begin_tick=1991657629477208 end_tick=1991657629481375 ms_per_tick=9.9999999999999995e-07 device_ms=0.0041669999999999997
PRODUCER_KERNEL_V1 stage=0 raw_iteration=2 ordinal=8 kernel=identify_resident_owner_endpoint_class threads=1 begin_tick=1991657629481791 end_tick=1991657629484791 ms_per_tick=9.9999999999999995e-07 device_ms=0.0030000000000000001
PRODUCER_KERNEL_V1 stage=0 raw_iteration=2 ordinal=9 kernel=evaluate_resident_physical_flux threads=1533387 begin_tick=1991657630504458 end_tick=1991657631615083 ms_per_tick=9.9999999999999995e-07 device_ms=1.110625
PRODUCER_KERNEL_V1 stage=0 raw_iteration=2 ordinal=10 kernel=evaluate_resident_advective_pair threads=13800483 begin_tick=1991657631890666 end_tick=1991657639232333 ms_per_tick=9.9999999999999995e-07 device_ms=7.3416669999999993
PRODUCER_KERNEL_V1 stage=0 raw_iteration=2 ordinal=11 kernel=finalize_resident_advective_high threads=13800483 begin_tick=1991657639233125 end_tick=1991657639653375 ms_per_tick=9.9999999999999995e-07 device_ms=0.42024999999999996
PRODUCER_KERNEL_V1 stage=0 raw_iteration=2 ordinal=12 kernel=compose_resident_flux_pair threads=13800483 begin_tick=1991657639653750 end_tick=1991657640537958 ms_per_tick=9.9999999999999995e-07 device_ms=0.88420799999999999
PRODUCER_KERNEL_V1 stage=0 raw_iteration=2 ordinal=13 kernel=validate_resident_physical_flux threads=13800483 begin_tick=1991657640538500 end_tick=1991657641392541 ms_per_tick=9.9999999999999995e-07 device_ms=0.85404099999999994
PRODUCER_KERNEL_V1 stage=0 raw_iteration=2 ordinal=14 kernel=identify_resident_physical_flux threads=32 begin_tick=1991657641393250 end_tick=1991657641396666 ms_per_tick=9.9999999999999995e-07 device_ms=0.0034159999999999998
PRODUCER_KERNEL_V1 stage=0 raw_iteration=2 ordinal=15 kernel=fct_build_ratios threads=5551326 begin_tick=1991657641397208 end_tick=1991657645205041 ms_per_tick=9.9999999999999995e-07 device_ms=3.807833
PRODUCER_KERNEL_V1 stage=0 raw_iteration=2 ordinal=16 kernel=fct_build_face_alpha threads=1533387 begin_tick=1991657645205708 end_tick=1991657645473791 ms_per_tick=9.9999999999999995e-07 device_ms=0.26808299999999996
PRODUCER_KERNEL_V1 stage=0 raw_iteration=2 ordinal=17 kernel=fct_commit_scalar threads=504666 begin_tick=1991657645474208 end_tick=1991657645670416 ms_per_tick=9.9999999999999995e-07 device_ms=0.19620799999999999
PRODUCER_KERNEL_V1 stage=0 raw_iteration=2 ordinal=18 kernel=owner_bind_candidate threads=1 begin_tick=1991657645671083 end_tick=1991657645675125 ms_per_tick=9.9999999999999995e-07 device_ms=0.0040419999999999996
PRODUCER_KERNEL_V1 stage=0 raw_iteration=2 ordinal=19 kernel=finalize_resident_eos_candidate threads=1 begin_tick=1991657645675708 end_tick=1991657645678291 ms_per_tick=9.9999999999999995e-07 device_ms=0.0025829999999999998
PRODUCER_KERNEL_V1 stage=0 raw_iteration=2 ordinal=20 kernel=build_eos_endpoint_table threads=14 begin_tick=1991657645679375 end_tick=1991657645969125 ms_per_tick=9.9999999999999995e-07 device_ms=0.28975000000000001
PRODUCER_KERNEL_V1 stage=0 raw_iteration=2 ordinal=21 kernel=evaluate_resident_eos_candidate threads=504666 begin_tick=1991657645969541 end_tick=1991657710603666 ms_per_tick=9.9999999999999995e-07 device_ms=64.634124999999997
PRODUCER_KERNEL_V1 stage=0 raw_iteration=2 ordinal=22 kernel=finalize_resident_eos_candidate threads=1 begin_tick=1991657710619125 end_tick=1991657710621958 ms_per_tick=9.9999999999999995e-07 device_ms=0.002833
PRODUCER_KERNEL_V1 stage=0 raw_iteration=2 ordinal=23 kernel=identify_resident_eos threads=1 begin_tick=1991657710622333 end_tick=1991657710625250 ms_per_tick=9.9999999999999995e-07 device_ms=0.0029169999999999999
PRODUCER_KERNEL_V1 stage=0 raw_iteration=2 ordinal=24 kernel=produce_resident_frozen_source threads=504666 begin_tick=1991657710625708 end_tick=1991657710656958 ms_per_tick=9.9999999999999995e-07 device_ms=0.03125
PRODUCER_KERNEL_V1 stage=0 raw_iteration=2 ordinal=25 kernel=identify_resident_frozen_source threads=1 begin_tick=1991657710657375 end_tick=1991657710663625 ms_per_tick=9.9999999999999995e-07 device_ms=0.0062499999999999995
PRODUCER_KERNEL_V1 stage=0 raw_iteration=2 ordinal=26 kernel=evaluate_resident_target_terms threads=504666 begin_tick=1991657710664041 end_tick=1991657824647041 ms_per_tick=9.9999999999999995e-07 device_ms=113.98299999999999
PRODUCER_KERNEL_V1 stage=0 raw_iteration=2 ordinal=27 kernel=finalize_resident_target threads=1 begin_tick=1991657824662000 end_tick=1991657824668083 ms_per_tick=9.9999999999999995e-07 device_ms=0.0060829999999999999
PRODUCER_KERNEL_V1 stage=0 raw_iteration=2 ordinal=28 kernel=identify_resident_target threads=1 begin_tick=1991657824668500 end_tick=1991657824671500 ms_per_tick=9.9999999999999995e-07 device_ms=0.0030000000000000001
PRODUCER_KERNEL_V1 stage=0 raw_iteration=2 ordinal=29 kernel=issue_resident_projection_consumer threads=1 begin_tick=1991657824671916 end_tick=1991657824676541 ms_per_tick=9.9999999999999995e-07 device_ms=0.0046249999999999998
PRODUCER_KERNEL_V1 stage=0 raw_iteration=2 ordinal=30 kernel=consume_resident_target threads=1 begin_tick=1991657824676958 end_tick=1991657824680916 ms_per_tick=9.9999999999999995e-07 device_ms=0.0039579999999999997
PRODUCER_KERNEL_V1 stage=0 raw_iteration=2 ordinal=31 kernel=owner_compose_target threads=504666 begin_tick=1991657824681291 end_tick=1991657824760958 ms_per_tick=9.9999999999999995e-07 device_ms=0.079667000000000002
PRODUCER_KERNEL_V1 stage=0 raw_iteration=2 ordinal=32 kernel=finalize_resident_target threads=1 begin_tick=1991657824761250 end_tick=1991657824763833 ms_per_tick=9.9999999999999995e-07 device_ms=0.0025829999999999998
PRODUCER_KERNEL_V1 stage=0 raw_iteration=2 ordinal=33 kernel=owner_identify_target threads=1 begin_tick=1991657824764250 end_tick=1991657824770041 ms_per_tick=9.9999999999999995e-07 device_ms=0.0057910000000000001
PRODUCER_KERNEL_V1 stage=0 raw_iteration=2 ordinal=34 kernel=issue_resident_projection_consumer threads=1 begin_tick=1991657824770333 end_tick=1991657824773708 ms_per_tick=9.9999999999999995e-07 device_ms=0.003375
PRODUCER_KERNEL_V1 stage=0 raw_iteration=2 ordinal=35 kernel=consume_resident_target threads=1 begin_tick=1991657824774083 end_tick=1991657824777500 ms_per_tick=9.9999999999999995e-07 device_ms=0.0034169999999999999
PRODUCER_KERNEL_V1 stage=0 raw_iteration=2 ordinal=36 kernel=owner_issue_stage_seal threads=1 begin_tick=1991657824777916 end_tick=1991657824780958 ms_per_tick=9.9999999999999995e-07 device_ms=0.003042
PRODUCER_KERNEL_V1 stage=0 raw_iteration=2 ordinal=37 kernel=fct_compatible_stage_rate threads=1533387 begin_tick=1991657824781458 end_tick=1991657825317875 ms_per_tick=9.9999999999999995e-07 device_ms=0.53641699999999992
PRODUCER_KERNEL_V1 stage=0 raw_iteration=2 ordinal=38 kernel=owner_predict_momentum threads=1533387 begin_tick=1991657825318541 end_tick=1991657825368333 ms_per_tick=9.9999999999999995e-07 device_ms=0.049791999999999996
RISE_FIRE_OWNER_PROFILE_V1 {"scope":26,"parent":21,"phase":"BuildStageProducerGroup","stage":0,"raw_iteration":2,"iteration_kind":"picard","wall_ms":277.351958000,"device_sum_ms":196.837499971,"wall_minus_device_ms":80.514458029,"exclusive_wall_ms":277.351958000,"exclusive_device_sum_ms":196.837499971,"child_observer_wall_ms":0.000000000,"count_scope":"inclusive","owner_commits":1,"projection_invocations":0}
RISE_FIRE_OWNER_PROFILE_V1 {"scope":27,"parent":21,"phase":"Residual","stage":0,"raw_iteration":2,"iteration_kind":"picard","wall_ms":0.309500000,"device_sum_ms":0.118499855,"wall_minus_device_ms":0.191000145,"exclusive_wall_ms":0.309500000,"exclusive_device_sum_ms":0.118499855,"child_observer_wall_ms":0.000000000,"count_scope":"inclusive","owner_commits":1,"projection_invocations":0}
RISE_FIRE_OWNER_PROFILE_V1 {"scope":30,"parent":29,"phase":"ProjectionAdapter","stage":0,"raw_iteration":2147483650,"iteration_kind":"terminal","wall_ms":12.141958000,"device_sum_ms":9.292125003,"wall_minus_device_ms":2.849832997,"exclusive_wall_ms":12.141958000,"exclusive_device_sum_ms":9.292125003,"child_observer_wall_ms":0.000000000,"count_scope":"inclusive","owner_commits":0,"projection_invocations":1}
RISE_FIRE_OWNER_PROFILE_V1 {"scope":29,"parent":28,"phase":"Project","stage":0,"raw_iteration":2147483650,"iteration_kind":"terminal","wall_ms":12.695708000,"device_sum_ms":9.334083181,"wall_minus_device_ms":3.361624819,"exclusive_wall_ms":0.548292000,"exclusive_device_sum_ms":0.041958177,"child_observer_wall_ms":0.005458000,"count_scope":"inclusive","owner_commits":2,"projection_invocations":1}
RISE_FIRE_OWNER_PROFILE_V1 {"scope":31,"parent":28,"phase":"ReadOpenClass","stage":0,"raw_iteration":2147483650,"iteration_kind":"terminal","wall_ms":0.155416000,"device_sum_ms":0.002541579,"wall_minus_device_ms":0.152874421,"exclusive_wall_ms":0.155416000,"exclusive_device_sum_ms":0.002541579,"child_observer_wall_ms":0.000000000,"count_scope":"inclusive","owner_commits":1,"projection_invocations":0}
RISE_FIRE_OWNER_PROFILE_V1 {"scope":32,"parent":28,"phase":"ReadOpenClass","stage":0,"raw_iteration":2147483650,"iteration_kind":"terminal","wall_ms":0.152625000,"device_sum_ms":0.002499903,"wall_minus_device_ms":0.150125097,"exclusive_wall_ms":0.152625000,"exclusive_device_sum_ms":0.002499903,"child_observer_wall_ms":0.000000000,"count_scope":"inclusive","owner_commits":1,"projection_invocations":0}
PRODUCER_COMMAND_V1 stage=0 raw_iteration=2147483650 cpu_begin=1991657839008333 cpu_end=1991658119376458 gpu_begin=1991657839008333 gpu_end=1991658119376458 device_ms=199.44087509065866 encoders=39 interval_scope=possibly_overlapping
PRODUCER_KERNEL_V1 stage=0 raw_iteration=2147483650 ordinal=0 kernel=owner_pack_faces threads=1533387 begin_tick=1991657919812750 end_tick=1991657919869416 ms_per_tick=9.9999999999999995e-07 device_ms=0.056665999999999994
PRODUCER_KERNEL_V1 stage=0 raw_iteration=2147483650 ordinal=1 kernel=owner_pack_faces threads=1533387 begin_tick=1991657919869166 end_tick=1991657920182500 ms_per_tick=9.9999999999999995e-07 device_ms=0.313334
PRODUCER_KERNEL_V1 stage=0 raw_iteration=2147483650 ordinal=2 kernel=owner_pack_faces threads=1533387 begin_tick=1991657919810708 end_tick=1991657919869166 ms_per_tick=9.9999999999999995e-07 device_ms=0.058457999999999996
PRODUCER_KERNEL_V1 stage=0 raw_iteration=2147483650 ordinal=3 kernel=fct_extract_gas_density threads=504666 begin_tick=1991657919869875 end_tick=1991657919917833 ms_per_tick=9.9999999999999995e-07 device_ms=0.047958000000000001
PRODUCER_KERNEL_V1 stage=0 raw_iteration=2147483650 ordinal=4 kernel=owner_gas_source threads=504666 begin_tick=1991657920183041 end_tick=1991657920365458 ms_per_tick=9.9999999999999995e-07 device_ms=0.182417
PRODUCER_KERNEL_V1 stage=0 raw_iteration=2147483650 ordinal=5 kernel=evaluate_resident_transport threads=504666 begin_tick=1991657919917833 end_tick=1991657920377791 ms_per_tick=9.9999999999999995e-07 device_ms=0.45995799999999998
PRODUCER_KERNEL_V1 stage=0 raw_iteration=2147483650 ordinal=6 kernel=identify_resident_transport threads=1 begin_tick=1991657920378166 end_tick=1991657920381208 ms_per_tick=9.9999999999999995e-07 device_ms=0.003042
PRODUCER_KERNEL_V1 stage=0 raw_iteration=2147483650 ordinal=7 kernel=owner_bind_transport threads=1 begin_tick=1991657920381750 end_tick=1991657920385458 ms_per_tick=9.9999999999999995e-07 device_ms=0.0037079999999999999
PRODUCER_KERNEL_V1 stage=0 raw_iteration=2147483650 ordinal=8 kernel=identify_resident_owner_endpoint_class threads=1 begin_tick=1991657920385750 end_tick=1991657920388958 ms_per_tick=9.9999999999999995e-07 device_ms=0.0032079999999999999
PRODUCER_KERNEL_V1 stage=0 raw_iteration=2147483650 ordinal=9 kernel=evaluate_resident_physical_flux threads=1533387 begin_tick=1991657921371000 end_tick=1991657922488291 ms_per_tick=9.9999999999999995e-07 device_ms=1.117291
PRODUCER_KERNEL_V1 stage=0 raw_iteration=2147483650 ordinal=10 kernel=evaluate_resident_advective_pair threads=13800483 begin_tick=1991657922741916 end_tick=1991657930066625 ms_per_tick=9.9999999999999995e-07 device_ms=7.3247089999999995
PRODUCER_KERNEL_V1 stage=0 raw_iteration=2147483650 ordinal=11 kernel=finalize_resident_advective_high threads=13800483 begin_tick=1991657930067375 end_tick=1991657930662125 ms_per_tick=9.9999999999999995e-07 device_ms=0.59475
PRODUCER_KERNEL_V1 stage=0 raw_iteration=2147483650 ordinal=12 kernel=compose_resident_flux_pair threads=13800483 begin_tick=1991657930662791 end_tick=1991657931545250 ms_per_tick=9.9999999999999995e-07 device_ms=0.88245899999999999
PRODUCER_KERNEL_V1 stage=0 raw_iteration=2147483650 ordinal=13 kernel=validate_resident_physical_flux threads=13800483 begin_tick=1991657931545916 end_tick=1991657932385750 ms_per_tick=9.9999999999999995e-07 device_ms=0.83983399999999997
PRODUCER_KERNEL_V1 stage=0 raw_iteration=2147483650 ordinal=14 kernel=identify_resident_physical_flux threads=32 begin_tick=1991657932386333 end_tick=1991657932392916 ms_per_tick=9.9999999999999995e-07 device_ms=0.0065829999999999994
PRODUCER_KERNEL_V1 stage=0 raw_iteration=2147483650 ordinal=15 kernel=fct_build_ratios threads=5551326 begin_tick=1991657932393500 end_tick=1991657935973333 ms_per_tick=9.9999999999999995e-07 device_ms=3.5798329999999998
PRODUCER_KERNEL_V1 stage=0 raw_iteration=2147483650 ordinal=16 kernel=fct_build_face_alpha threads=1533387 begin_tick=1991657935974000 end_tick=1991657936244625 ms_per_tick=9.9999999999999995e-07 device_ms=0.270625
PRODUCER_KERNEL_V1 stage=0 raw_iteration=2147483650 ordinal=17 kernel=fct_commit_scalar threads=504666 begin_tick=1991657936245208 end_tick=1991657936436583 ms_per_tick=9.9999999999999995e-07 device_ms=0.19137499999999999
PRODUCER_KERNEL_V1 stage=0 raw_iteration=2147483650 ordinal=18 kernel=owner_bind_candidate threads=1 begin_tick=1991657936437291 end_tick=1991657936441416 ms_per_tick=9.9999999999999995e-07 device_ms=0.0041250000000000002
PRODUCER_KERNEL_V1 stage=0 raw_iteration=2147483650 ordinal=19 kernel=finalize_resident_eos_candidate threads=1 begin_tick=1991657936441958 end_tick=1991657936444541 ms_per_tick=9.9999999999999995e-07 device_ms=0.0025829999999999998
PRODUCER_KERNEL_V1 stage=0 raw_iteration=2147483650 ordinal=20 kernel=build_eos_endpoint_table threads=14 begin_tick=1991657936445541 end_tick=1991657936738041 ms_per_tick=9.9999999999999995e-07 device_ms=0.29249999999999998
PRODUCER_KERNEL_V1 stage=0 raw_iteration=2147483650 ordinal=21 kernel=evaluate_resident_eos_candidate threads=504666 begin_tick=1991657936738458 end_tick=1991658004300250 ms_per_tick=9.9999999999999995e-07 device_ms=67.561791999999997
PRODUCER_KERNEL_V1 stage=0 raw_iteration=2147483650 ordinal=22 kernel=finalize_resident_eos_candidate threads=1 begin_tick=1991658004316083 end_tick=1991658004318750 ms_per_tick=9.9999999999999995e-07 device_ms=0.0026669999999999997
PRODUCER_KERNEL_V1 stage=0 raw_iteration=2147483650 ordinal=23 kernel=identify_resident_eos threads=1 begin_tick=1991658004319166 end_tick=1991658004321916 ms_per_tick=9.9999999999999995e-07 device_ms=0.0027499999999999998
PRODUCER_KERNEL_V1 stage=0 raw_iteration=2147483650 ordinal=24 kernel=produce_resident_frozen_source threads=504666 begin_tick=1991658004322333 end_tick=1991658004353333 ms_per_tick=9.9999999999999995e-07 device_ms=0.031
PRODUCER_KERNEL_V1 stage=0 raw_iteration=2147483650 ordinal=25 kernel=identify_resident_frozen_source threads=1 begin_tick=1991658004353750 end_tick=1991658004357041 ms_per_tick=9.9999999999999995e-07 device_ms=0.0032909999999999997
PRODUCER_KERNEL_V1 stage=0 raw_iteration=2147483650 ordinal=26 kernel=evaluate_resident_target_terms threads=504666 begin_tick=1991658004357416 end_tick=1991658118533583 ms_per_tick=9.9999999999999995e-07 device_ms=114.17616699999999
PRODUCER_KERNEL_V1 stage=0 raw_iteration=2147483650 ordinal=27 kernel=finalize_resident_target threads=1 begin_tick=1991658118547750 end_tick=1991658118550666 ms_per_tick=9.9999999999999995e-07 device_ms=0.0029159999999999998
PRODUCER_KERNEL_V1 stage=0 raw_iteration=2147483650 ordinal=28 kernel=identify_resident_target threads=1 begin_tick=1991658118550958 end_tick=1991658118554125 ms_per_tick=9.9999999999999995e-07 device_ms=0.0031669999999999997
PRODUCER_KERNEL_V1 stage=0 raw_iteration=2147483650 ordinal=29 kernel=issue_resident_projection_consumer threads=1 begin_tick=1991658118554500 end_tick=1991658118558708 ms_per_tick=9.9999999999999995e-07 device_ms=0.0042079999999999999
PRODUCER_KERNEL_V1 stage=0 raw_iteration=2147483650 ordinal=30 kernel=consume_resident_target threads=1 begin_tick=1991658118559125 end_tick=1991658118563416 ms_per_tick=9.9999999999999995e-07 device_ms=0.0042909999999999997
PRODUCER_KERNEL_V1 stage=0 raw_iteration=2147483650 ordinal=31 kernel=owner_compose_target threads=504666 begin_tick=1991658118563833 end_tick=1991658118643208 ms_per_tick=9.9999999999999995e-07 device_ms=0.079375000000000001
PRODUCER_KERNEL_V1 stage=0 raw_iteration=2147483650 ordinal=32 kernel=finalize_resident_target threads=1 begin_tick=1991658118643541 end_tick=1991658118646083 ms_per_tick=9.9999999999999995e-07 device_ms=0.002542
PRODUCER_KERNEL_V1 stage=0 raw_iteration=2147483650 ordinal=33 kernel=owner_identify_target threads=1 begin_tick=1991658118646416 end_tick=1991658118649416 ms_per_tick=9.9999999999999995e-07 device_ms=0.0030000000000000001
PRODUCER_KERNEL_V1 stage=0 raw_iteration=2147483650 ordinal=34 kernel=issue_resident_projection_consumer threads=1 begin_tick=1991658118649791 end_tick=1991658118652708 ms_per_tick=9.9999999999999995e-07 device_ms=0.0029169999999999999
PRODUCER_KERNEL_V1 stage=0 raw_iteration=2147483650 ordinal=35 kernel=consume_resident_target threads=1 begin_tick=1991658118653125 end_tick=1991658118656166 ms_per_tick=9.9999999999999995e-07 device_ms=0.0030409999999999999
PRODUCER_KERNEL_V1 stage=0 raw_iteration=2147483650 ordinal=36 kernel=owner_issue_stage_seal threads=1 begin_tick=1991658118656583 end_tick=1991658118659333 ms_per_tick=9.9999999999999995e-07 device_ms=0.0027499999999999998
PRODUCER_KERNEL_V1 stage=0 raw_iteration=2147483650 ordinal=37 kernel=fct_compatible_stage_rate threads=1533387 begin_tick=1991658118659708 end_tick=1991658119195666 ms_per_tick=9.9999999999999995e-07 device_ms=0.53595799999999993
PRODUCER_KERNEL_V1 stage=0 raw_iteration=2147483650 ordinal=38 kernel=owner_predict_momentum threads=1533387 begin_tick=1991658119196416 end_tick=1991658119245375 ms_per_tick=9.9999999999999995e-07 device_ms=0.048958999999999996
RISE_FIRE_OWNER_PROFILE_V1 {"scope":33,"parent":28,"phase":"BuildStageProducerGroup","stage":0,"raw_iteration":2147483650,"iteration_kind":"terminal","wall_ms":280.514833000,"device_sum_ms":199.440875091,"wall_minus_device_ms":81.073957909,"exclusive_wall_ms":280.514833000,"exclusive_device_sum_ms":199.440875091,"child_observer_wall_ms":0.000000000,"count_scope":"inclusive","owner_commits":1,"projection_invocations":0}
RISE_FIRE_OWNER_PROFILE_V1 {"scope":34,"parent":28,"phase":"AlphaResidual","stage":0,"raw_iteration":2147483650,"iteration_kind":"terminal","wall_ms":0.229917000,"device_sum_ms":0.055250013,"wall_minus_device_ms":0.174666987,"exclusive_wall_ms":0.229917000,"exclusive_device_sum_ms":0.055250013,"child_observer_wall_ms":0.000000000,"count_scope":"inclusive","owner_commits":1,"projection_invocations":0}
RISE_FIRE_OWNER_PROFILE_V1 {"scope":35,"parent":28,"phase":"Residual","stage":0,"raw_iteration":2147483650,"iteration_kind":"terminal","wall_ms":0.273833000,"device_sum_ms":0.112333335,"wall_minus_device_ms":0.161499665,"exclusive_wall_ms":0.273833000,"exclusive_device_sum_ms":0.112333335,"child_observer_wall_ms":0.000000000,"count_scope":"inclusive","owner_commits":1,"projection_invocations":0}
RISE_FIRE_OWNER_PROFILE_V1 {"scope":28,"parent":21,"phase":"TerminalVerification","stage":0,"raw_iteration":2147483650,"iteration_kind":"terminal","wall_ms":294.059166000,"device_sum_ms":208.947583102,"wall_minus_device_ms":85.111582898,"exclusive_wall_ms":0.004251000,"exclusive_device_sum_ms":0.000000000,"child_observer_wall_ms":0.032583000,"count_scope":"inclusive","owner_commits":7,"projection_invocations":1}
RISE_FIRE_OWNER_PROFILE_V1 {"scope":21,"parent":3,"phase":"PicardIteration","stage":0,"raw_iteration":2,"iteration_kind":"picard","wall_ms":585.460959000,"device_sum_ms":414.953041356,"wall_minus_device_ms":170.507917644,"exclusive_wall_ms":0.380542000,"exclusive_device_sum_ms":0.000000000,"child_observer_wall_ms":0.031293000,"count_scope":"inclusive","owner_commits":13,"projection_invocations":2}
RISE_FIRE_OWNER_PROFILE_V1 {"scope":3,"parent":1,"phase":"SolveStage","stage":0,"raw_iteration":4294967295,"iteration_kind":"bootstrap","wall_ms":1470.947125000,"device_sum_ms":1039.416499436,"wall_minus_device_ms":431.530625564,"exclusive_wall_ms":1.494750000,"exclusive_device_sum_ms":0.000000000,"child_observer_wall_ms":0.024417000,"count_scope":"inclusive","owner_commits":28,"projection_invocations":5}
RISE_FIRE_OWNER_PROFILE_V1 {"scope":38,"parent":37,"phase":"ProjectionAdapter","stage":1,"raw_iteration":4294967295,"iteration_kind":"bootstrap","wall_ms":11.563625000,"device_sum_ms":8.790333522,"wall_minus_device_ms":2.773291478,"exclusive_wall_ms":11.563625000,"exclusive_device_sum_ms":8.790333522,"child_observer_wall_ms":0.000000000,"count_scope":"inclusive","owner_commits":0,"projection_invocations":1}
RISE_FIRE_OWNER_PROFILE_V1 {"scope":37,"parent":36,"phase":"Project","stage":1,"raw_iteration":4294967295,"iteration_kind":"bootstrap","wall_ms":12.218667000,"device_sum_ms":8.831333602,"wall_minus_device_ms":3.387333398,"exclusive_wall_ms":0.639459000,"exclusive_device_sum_ms":0.041000079,"child_observer_wall_ms":0.015583000,"count_scope":"inclusive","owner_commits":2,"projection_invocations":1}
PRODUCER_COMMAND_V1 stage=1 raw_iteration=4294967295 cpu_begin=1991658134165833 cpu_end=1991658413524958 gpu_begin=1991658134165833 gpu_end=1991658413524958 device_ms=198.74774990603328 encoders=42 interval_scope=possibly_overlapping
PRODUCER_KERNEL_V1 stage=1 raw_iteration=4294967295 ordinal=0 kernel=owner_pack_faces threads=1533387 begin_tick=1991658214833666 end_tick=1991658214884958 ms_per_tick=9.9999999999999995e-07 device_ms=0.051291999999999997
PRODUCER_KERNEL_V1 stage=1 raw_iteration=4294967295 ordinal=1 kernel=owner_pack_faces threads=1533387 begin_tick=1991658214933708 end_tick=1991658214984333 ms_per_tick=9.9999999999999995e-07 device_ms=0.050624999999999996
PRODUCER_KERNEL_V1 stage=1 raw_iteration=4294967295 ordinal=2 kernel=owner_pack_faces threads=1533387 begin_tick=1991658215009875 end_tick=1991658215060833 ms_per_tick=9.9999999999999995e-07 device_ms=0.050957999999999996
PRODUCER_KERNEL_V1 stage=1 raw_iteration=4294967295 ordinal=3 kernel=fct_extract_gas_density threads=504666 begin_tick=1991658215057750 end_tick=1991658215105583 ms_per_tick=9.9999999999999995e-07 device_ms=0.047833000000000001
PRODUCER_KERNEL_V1 stage=1 raw_iteration=4294967295 ordinal=4 kernel=owner_gas_source threads=504666 begin_tick=1991658215136750 end_tick=1991658215177958 ms_per_tick=9.9999999999999995e-07 device_ms=0.041208000000000002
PRODUCER_KERNEL_V1 stage=1 raw_iteration=4294967295 ordinal=5 kernel=evaluate_resident_transport threads=504666 begin_tick=1991658215203166 end_tick=1991658215654041 ms_per_tick=9.9999999999999995e-07 device_ms=0.45087499999999997
PRODUCER_KERNEL_V1 stage=1 raw_iteration=4294967295 ordinal=6 kernel=identify_resident_transport threads=1 begin_tick=1991658215654375 end_tick=1991658215657500 ms_per_tick=9.9999999999999995e-07 device_ms=0.0031249999999999997
PRODUCER_KERNEL_V1 stage=1 raw_iteration=4294967295 ordinal=7 kernel=owner_bind_transport threads=1 begin_tick=1991658215658083 end_tick=1991658215661833 ms_per_tick=9.9999999999999995e-07 device_ms=0.0037499999999999999
PRODUCER_KERNEL_V1 stage=1 raw_iteration=4294967295 ordinal=8 kernel=identify_resident_owner_endpoint_class threads=1 begin_tick=1991658215662250 end_tick=1991658215665500 ms_per_tick=9.9999999999999995e-07 device_ms=0.0032499999999999999
PRODUCER_KERNEL_V1 stage=1 raw_iteration=4294967295 ordinal=9 kernel=evaluate_resident_physical_flux threads=1533387 begin_tick=1991658216658541 end_tick=1991658217770208 ms_per_tick=9.9999999999999995e-07 device_ms=1.111667
PRODUCER_KERNEL_V1 stage=1 raw_iteration=4294967295 ordinal=10 kernel=evaluate_resident_advective_pair threads=13800483 begin_tick=1991658218065916 end_tick=1991658225236458 ms_per_tick=9.9999999999999995e-07 device_ms=7.1705419999999993
PRODUCER_KERNEL_V1 stage=1 raw_iteration=4294967295 ordinal=11 kernel=finalize_resident_advective_high threads=13800483 begin_tick=1991658225237083 end_tick=1991658225809125 ms_per_tick=9.9999999999999995e-07 device_ms=0.57204199999999994
PRODUCER_KERNEL_V1 stage=1 raw_iteration=4294967295 ordinal=12 kernel=compose_resident_flux_pair threads=13800483 begin_tick=1991658225809750 end_tick=1991658226688750 ms_per_tick=9.9999999999999995e-07 device_ms=0.879
PRODUCER_KERNEL_V1 stage=1 raw_iteration=4294967295 ordinal=13 kernel=validate_resident_physical_flux threads=13800483 begin_tick=1991658226689416 end_tick=1991658227556583 ms_per_tick=9.9999999999999995e-07 device_ms=0.86716699999999991
PRODUCER_KERNEL_V1 stage=1 raw_iteration=4294967295 ordinal=14 kernel=identify_resident_physical_flux threads=32 begin_tick=1991658227557166 end_tick=1991658227560875 ms_per_tick=9.9999999999999995e-07 device_ms=0.0037089999999999996
PRODUCER_KERNEL_V1 stage=1 raw_iteration=4294967295 ordinal=15 kernel=owner_average_flux threads=13800483 begin_tick=1991658227561416 end_tick=1991658228586125 ms_per_tick=9.9999999999999995e-07 device_ms=1.0247089999999999
PRODUCER_KERNEL_V1 stage=1 raw_iteration=4294967295 ordinal=16 kernel=owner_bind_averaged_flux threads=1 begin_tick=1991658228586666 end_tick=1991658228590375 ms_per_tick=9.9999999999999995e-07 device_ms=0.0037089999999999996
PRODUCER_KERNEL_V1 stage=1 raw_iteration=4294967295 ordinal=17 kernel=fct_build_ratios threads=5551326 begin_tick=1991658228590708 end_tick=1991658232212416 ms_per_tick=9.9999999999999995e-07 device_ms=3.6217079999999999
PRODUCER_KERNEL_V1 stage=1 raw_iteration=4294967295 ordinal=18 kernel=fct_build_face_alpha threads=1533387 begin_tick=1991658232213083 end_tick=1991658232481250 ms_per_tick=9.9999999999999995e-07 device_ms=0.26816699999999999
PRODUCER_KERNEL_V1 stage=1 raw_iteration=4294967295 ordinal=19 kernel=fct_commit_scalar threads=504666 begin_tick=1991658232481916 end_tick=1991658232669791 ms_per_tick=9.9999999999999995e-07 device_ms=0.18787499999999999
PRODUCER_KERNEL_V1 stage=1 raw_iteration=4294967295 ordinal=20 kernel=owner_bind_candidate threads=1 begin_tick=1991658232670208 end_tick=1991658232673958 ms_per_tick=9.9999999999999995e-07 device_ms=0.0037499999999999999
PRODUCER_KERNEL_V1 stage=1 raw_iteration=4294967295 ordinal=21 kernel=finalize_resident_eos_candidate threads=1 begin_tick=1991658232674416 end_tick=1991658232677333 ms_per_tick=9.9999999999999995e-07 device_ms=0.0029169999999999999
PRODUCER_KERNEL_V1 stage=1 raw_iteration=4294967295 ordinal=22 kernel=build_eos_endpoint_table threads=14 begin_tick=1991658232678333 end_tick=1991658232970958 ms_per_tick=9.9999999999999995e-07 device_ms=0.29262499999999997
PRODUCER_KERNEL_V1 stage=1 raw_iteration=4294967295 ordinal=23 kernel=evaluate_resident_eos_candidate threads=504666 begin_tick=1991658232971333 end_tick=1991658298285833 ms_per_tick=9.9999999999999995e-07 device_ms=65.314499999999995
PRODUCER_KERNEL_V1 stage=1 raw_iteration=4294967295 ordinal=24 kernel=finalize_resident_eos_candidate threads=1 begin_tick=1991658298302708 end_tick=1991658298305541 ms_per_tick=9.9999999999999995e-07 device_ms=0.002833
PRODUCER_KERNEL_V1 stage=1 raw_iteration=4294967295 ordinal=25 kernel=identify_resident_eos threads=1 begin_tick=1991658298305916 end_tick=1991658298308666 ms_per_tick=9.9999999999999995e-07 device_ms=0.0027499999999999998
PRODUCER_KERNEL_V1 stage=1 raw_iteration=4294967295 ordinal=26 kernel=produce_resident_frozen_source threads=504666 begin_tick=1991658298308958 end_tick=1991658298342041 ms_per_tick=9.9999999999999995e-07 device_ms=0.033083000000000001
PRODUCER_KERNEL_V1 stage=1 raw_iteration=4294967295 ordinal=27 kernel=identify_resident_frozen_source threads=1 begin_tick=1991658298342458 end_tick=1991658298347291 ms_per_tick=9.9999999999999995e-07 device_ms=0.0048329999999999996
PRODUCER_KERNEL_V1 stage=1 raw_iteration=4294967295 ordinal=28 kernel=evaluate_resident_target_terms threads=504666 begin_tick=1991658298347708 end_tick=1991658412247833 ms_per_tick=9.9999999999999995e-07 device_ms=113.90012499999999
PRODUCER_KERNEL_V1 stage=1 raw_iteration=4294967295 ordinal=29 kernel=finalize_resident_target threads=1 begin_tick=1991658412263291 end_tick=1991658412266750 ms_per_tick=9.9999999999999995e-07 device_ms=0.0034589999999999998
PRODUCER_KERNEL_V1 stage=1 raw_iteration=4294967295 ordinal=30 kernel=identify_resident_target threads=1 begin_tick=1991658412267041 end_tick=1991658412270375 ms_per_tick=9.9999999999999995e-07 device_ms=0.0033339999999999997
PRODUCER_KERNEL_V1 stage=1 raw_iteration=4294967295 ordinal=31 kernel=issue_resident_projection_consumer threads=1 begin_tick=1991658412270791 end_tick=1991658412275333 ms_per_tick=9.9999999999999995e-07 device_ms=0.004542
PRODUCER_KERNEL_V1 stage=1 raw_iteration=4294967295 ordinal=32 kernel=consume_resident_target threads=1 begin_tick=1991658412275791 end_tick=1991658412280166 ms_per_tick=9.9999999999999995e-07 device_ms=0.0043749999999999995
PRODUCER_KERNEL_V1 stage=1 raw_iteration=4294967295 ordinal=33 kernel=owner_compose_target threads=504666 begin_tick=1991658412280541 end_tick=1991658412311916 ms_per_tick=9.9999999999999995e-07 device_ms=0.031375
PRODUCER_KERNEL_V1 stage=1 raw_iteration=4294967295 ordinal=34 kernel=finalize_resident_target threads=1 begin_tick=1991658412312291 end_tick=1991658412314833 ms_per_tick=9.9999999999999995e-07 device_ms=0.002542
PRODUCER_KERNEL_V1 stage=1 raw_iteration=4294967295 ordinal=35 kernel=owner_identify_target threads=1 begin_tick=1991658412315250 end_tick=1991658412321166 ms_per_tick=9.9999999999999995e-07 device_ms=0.0059159999999999994
PRODUCER_KERNEL_V1 stage=1 raw_iteration=4294967295 ordinal=36 kernel=issue_resident_projection_consumer threads=1 begin_tick=1991658412321541 end_tick=1991658412324500 ms_per_tick=9.9999999999999995e-07 device_ms=0.0029589999999999998
PRODUCER_KERNEL_V1 stage=1 raw_iteration=4294967295 ordinal=37 kernel=consume_resident_target threads=1 begin_tick=1991658412324916 end_tick=1991658412328125 ms_per_tick=9.9999999999999995e-07 device_ms=0.003209
PRODUCER_KERNEL_V1 stage=1 raw_iteration=4294967295 ordinal=38 kernel=owner_issue_stage_seal threads=1 begin_tick=1991658412328541 end_tick=1991658412331375 ms_per_tick=9.9999999999999995e-07 device_ms=0.0028339999999999997
PRODUCER_KERNEL_V1 stage=1 raw_iteration=4294967295 ordinal=39 kernel=fct_compatible_stage_rate threads=1533387 begin_tick=1991658412331833 end_tick=1991658412845708 ms_per_tick=9.9999999999999995e-07 device_ms=0.51387499999999997
PRODUCER_KERNEL_V1 stage=1 raw_iteration=4294967295 ordinal=40 kernel=fct_compatible_stage_rate threads=1533387 begin_tick=1991658412846375 end_tick=1991658413349250 ms_per_tick=9.9999999999999995e-07 device_ms=0.50287499999999996
PRODUCER_KERNEL_V1 stage=1 raw_iteration=4294967295 ordinal=41 kernel=owner_heun_momentum threads=1533387 begin_tick=1991658413349666 end_tick=1991658413441416 ms_per_tick=9.9999999999999995e-07 device_ms=0.091749999999999998
RISE_FIRE_OWNER_PROFILE_V1 {"scope":39,"parent":36,"phase":"BuildStageProducerGroup","stage":1,"raw_iteration":4294967295,"iteration_kind":"bootstrap","wall_ms":279.493542000,"device_sum_ms":198.747749906,"wall_minus_device_ms":80.745792094,"exclusive_wall_ms":279.493542000,"exclusive_device_sum_ms":198.747749906,"child_observer_wall_ms":0.000000000,"count_scope":"inclusive","owner_commits":1,"projection_invocations":0}
RISE_FIRE_OWNER_PROFILE_V1 {"scope":42,"parent":41,"phase":"ProjectionAdapter","stage":1,"raw_iteration":0,"iteration_kind":"picard","wall_ms":11.727833000,"device_sum_ms":8.958541555,"wall_minus_device_ms":2.769291445,"exclusive_wall_ms":11.727833000,"exclusive_device_sum_ms":8.958541555,"child_observer_wall_ms":0.000000000,"count_scope":"inclusive","owner_commits":0,"projection_invocations":1}
RISE_FIRE_OWNER_PROFILE_V1 {"scope":41,"parent":40,"phase":"Project","stage":1,"raw_iteration":0,"iteration_kind":"picard","wall_ms":12.339750000,"device_sum_ms":9.041249985,"wall_minus_device_ms":3.298500015,"exclusive_wall_ms":0.602125000,"exclusive_device_sum_ms":0.082708430,"child_observer_wall_ms":0.009792000,"count_scope":"inclusive","owner_commits":2,"projection_invocations":1}
RISE_FIRE_OWNER_PROFILE_V1 {"scope":43,"parent":40,"phase":"ReadOpenClass","stage":1,"raw_iteration":0,"iteration_kind":"picard","wall_ms":0.152291000,"device_sum_ms":0.002416549,"wall_minus_device_ms":0.149874451,"exclusive_wall_ms":0.152291000,"exclusive_device_sum_ms":0.002416549,"child_observer_wall_ms":0.000000000,"count_scope":"inclusive","owner_commits":1,"projection_invocations":0}
RISE_FIRE_OWNER_PROFILE_V1 {"scope":44,"parent":40,"phase":"ReadOpenClass","stage":1,"raw_iteration":0,"iteration_kind":"picard","wall_ms":0.144541000,"device_sum_ms":0.002499903,"wall_minus_device_ms":0.142041097,"exclusive_wall_ms":0.144541000,"exclusive_device_sum_ms":0.002499903,"child_observer_wall_ms":0.000000000,"count_scope":"inclusive","owner_commits":1,"projection_invocations":0}
PRODUCER_COMMAND_V1 stage=1 raw_iteration=0 cpu_begin=1991658426312291 cpu_end=1991658705130333 gpu_begin=1991658426312291 gpu_end=1991658705130333 device_ms=197.69950001500547 encoders=42 interval_scope=possibly_overlapping
PRODUCER_KERNEL_V1 stage=1 raw_iteration=0 ordinal=0 kernel=owner_pack_faces threads=1533387 begin_tick=1991658507294500 end_tick=1991658507353166 ms_per_tick=9.9999999999999995e-07 device_ms=0.058665999999999996
PRODUCER_KERNEL_V1 stage=1 raw_iteration=0 ordinal=1 kernel=owner_pack_faces threads=1533387 begin_tick=1991658507352916 end_tick=1991658507790125 ms_per_tick=9.9999999999999995e-07 device_ms=0.43720899999999996
PRODUCER_KERNEL_V1 stage=1 raw_iteration=0 ordinal=2 kernel=owner_pack_faces threads=1533387 begin_tick=1991658507292083 end_tick=1991658507352916 ms_per_tick=9.9999999999999995e-07 device_ms=0.060832999999999998
PRODUCER_KERNEL_V1 stage=1 raw_iteration=0 ordinal=3 kernel=fct_extract_gas_density threads=504666 begin_tick=1991658507790125 end_tick=1991658507814333 ms_per_tick=9.9999999999999995e-07 device_ms=0.024208
PRODUCER_KERNEL_V1 stage=1 raw_iteration=0 ordinal=4 kernel=owner_gas_source threads=504666 begin_tick=1991658507814333 end_tick=1991658507853583 ms_per_tick=9.9999999999999995e-07 device_ms=0.03925
PRODUCER_KERNEL_V1 stage=1 raw_iteration=0 ordinal=5 kernel=evaluate_resident_transport threads=504666 begin_tick=1991658507353541 end_tick=1991658507830291 ms_per_tick=9.9999999999999995e-07 device_ms=0.47674999999999995
PRODUCER_KERNEL_V1 stage=1 raw_iteration=0 ordinal=6 kernel=identify_resident_transport threads=1 begin_tick=1991658507831083 end_tick=1991658507850250 ms_per_tick=9.9999999999999995e-07 device_ms=0.019167
PRODUCER_KERNEL_V1 stage=1 raw_iteration=0 ordinal=7 kernel=owner_bind_transport threads=1 begin_tick=1991658507850916 end_tick=1991658507855291 ms_per_tick=9.9999999999999995e-07 device_ms=0.0043749999999999995
PRODUCER_KERNEL_V1 stage=1 raw_iteration=0 ordinal=8 kernel=identify_resident_owner_endpoint_class threads=1 begin_tick=1991658507855708 end_tick=1991658507859416 ms_per_tick=9.9999999999999995e-07 device_ms=0.0037079999999999999
PRODUCER_KERNEL_V1 stage=1 raw_iteration=0 ordinal=9 kernel=evaluate_resident_physical_flux threads=1533387 begin_tick=1991658508682958 end_tick=1991658509799416 ms_per_tick=9.9999999999999995e-07 device_ms=1.116458
PRODUCER_KERNEL_V1 stage=1 raw_iteration=0 ordinal=10 kernel=evaluate_resident_advective_pair threads=13800483 begin_tick=1991658510098375 end_tick=1991658517273458 ms_per_tick=9.9999999999999995e-07 device_ms=7.1750829999999999
PRODUCER_KERNEL_V1 stage=1 raw_iteration=0 ordinal=11 kernel=finalize_resident_advective_high threads=13800483 begin_tick=1991658517274041 end_tick=1991658517698041 ms_per_tick=9.9999999999999995e-07 device_ms=0.42399999999999999
PRODUCER_KERNEL_V1 stage=1 raw_iteration=0 ordinal=12 kernel=compose_resident_flux_pair threads=13800483 begin_tick=1991658517698416 end_tick=1991658518591333 ms_per_tick=9.9999999999999995e-07 device_ms=0.89291699999999996
PRODUCER_KERNEL_V1 stage=1 raw_iteration=0 ordinal=13 kernel=validate_resident_physical_flux threads=13800483 begin_tick=1991658518592083 end_tick=1991658519579208 ms_per_tick=9.9999999999999995e-07 device_ms=0.98712499999999992
PRODUCER_KERNEL_V1 stage=1 raw_iteration=0 ordinal=14 kernel=identify_resident_physical_flux threads=32 begin_tick=1991658519579750 end_tick=1991658519585583 ms_per_tick=9.9999999999999995e-07 device_ms=0.0058329999999999996
PRODUCER_KERNEL_V1 stage=1 raw_iteration=0 ordinal=15 kernel=owner_average_flux threads=13800483 begin_tick=1991658519586041 end_tick=1991658520385375 ms_per_tick=9.9999999999999995e-07 device_ms=0.79933399999999999
PRODUCER_KERNEL_V1 stage=1 raw_iteration=0 ordinal=16 kernel=owner_bind_averaged_flux threads=1 begin_tick=1991658520385875 end_tick=1991658520389625 ms_per_tick=9.9999999999999995e-07 device_ms=0.0037499999999999999
PRODUCER_KERNEL_V1 stage=1 raw_iteration=0 ordinal=17 kernel=fct_build_ratios threads=5551326 begin_tick=1991658520390125 end_tick=1991658524061291 ms_per_tick=9.9999999999999995e-07 device_ms=3.6711659999999999
PRODUCER_KERNEL_V1 stage=1 raw_iteration=0 ordinal=18 kernel=fct_build_face_alpha threads=1533387 begin_tick=1991658524061958 end_tick=1991658524333333 ms_per_tick=9.9999999999999995e-07 device_ms=0.27137499999999998
PRODUCER_KERNEL_V1 stage=1 raw_iteration=0 ordinal=19 kernel=fct_commit_scalar threads=504666 begin_tick=1991658524334000 end_tick=1991658524533625 ms_per_tick=9.9999999999999995e-07 device_ms=0.199625
PRODUCER_KERNEL_V1 stage=1 raw_iteration=0 ordinal=20 kernel=owner_bind_candidate threads=1 begin_tick=1991658524534291 end_tick=1991658524538208 ms_per_tick=9.9999999999999995e-07 device_ms=0.0039169999999999995
PRODUCER_KERNEL_V1 stage=1 raw_iteration=0 ordinal=21 kernel=finalize_resident_eos_candidate threads=1 begin_tick=1991658524538708 end_tick=1991658524541083 ms_per_tick=9.9999999999999995e-07 device_ms=0.0023749999999999999
PRODUCER_KERNEL_V1 stage=1 raw_iteration=0 ordinal=22 kernel=build_eos_endpoint_table threads=14 begin_tick=1991658524541583 end_tick=1991658524832708 ms_per_tick=9.9999999999999995e-07 device_ms=0.29112499999999997
PRODUCER_KERNEL_V1 stage=1 raw_iteration=0 ordinal=23 kernel=evaluate_resident_eos_candidate threads=504666 begin_tick=1991658524833125 end_tick=1991658589447541 ms_per_tick=9.9999999999999995e-07 device_ms=64.614415999999991
PRODUCER_KERNEL_V1 stage=1 raw_iteration=0 ordinal=24 kernel=finalize_resident_eos_candidate threads=1 begin_tick=1991658589464541 end_tick=1991658589467083 ms_per_tick=9.9999999999999995e-07 device_ms=0.002542
PRODUCER_KERNEL_V1 stage=1 raw_iteration=0 ordinal=25 kernel=identify_resident_eos threads=1 begin_tick=1991658589467416 end_tick=1991658589470291 ms_per_tick=9.9999999999999995e-07 device_ms=0.002875
PRODUCER_KERNEL_V1 stage=1 raw_iteration=0 ordinal=26 kernel=produce_resident_frozen_source threads=504666 begin_tick=1991658589470625 end_tick=1991658589501916 ms_per_tick=9.9999999999999995e-07 device_ms=0.031290999999999999
PRODUCER_KERNEL_V1 stage=1 raw_iteration=0 ordinal=27 kernel=identify_resident_frozen_source threads=1 begin_tick=1991658589502291 end_tick=1991658589505791 ms_per_tick=9.9999999999999995e-07 device_ms=0.0034999999999999996
PRODUCER_KERNEL_V1 stage=1 raw_iteration=0 ordinal=28 kernel=evaluate_resident_target_terms threads=504666 begin_tick=1991658589506166 end_tick=1991658703703000 ms_per_tick=9.9999999999999995e-07 device_ms=114.196834
PRODUCER_KERNEL_V1 stage=1 raw_iteration=0 ordinal=29 kernel=finalize_resident_target threads=1 begin_tick=1991658703717458 end_tick=1991658703723500 ms_per_tick=9.9999999999999995e-07 device_ms=0.0060419999999999996
PRODUCER_KERNEL_V1 stage=1 raw_iteration=0 ordinal=30 kernel=identify_resident_target threads=1 begin_tick=1991658703723791 end_tick=1991658703726750 ms_per_tick=9.9999999999999995e-07 device_ms=0.0029589999999999998
PRODUCER_KERNEL_V1 stage=1 raw_iteration=0 ordinal=31 kernel=issue_resident_projection_consumer threads=1 begin_tick=1991658703727166 end_tick=1991658703731500 ms_per_tick=9.9999999999999995e-07 device_ms=0.0043340000000000002
PRODUCER_KERNEL_V1 stage=1 raw_iteration=0 ordinal=32 kernel=consume_resident_target threads=1 begin_tick=1991658703732291 end_tick=1991658703736125 ms_per_tick=9.9999999999999995e-07 device_ms=0.0038339999999999997
PRODUCER_KERNEL_V1 stage=1 raw_iteration=0 ordinal=33 kernel=owner_compose_target threads=504666 begin_tick=1991658703736541 end_tick=1991658703819125 ms_per_tick=9.9999999999999995e-07 device_ms=0.082583999999999991
PRODUCER_KERNEL_V1 stage=1 raw_iteration=0 ordinal=34 kernel=finalize_resident_target threads=1 begin_tick=1991658703819416 end_tick=1991658703821916 ms_per_tick=9.9999999999999995e-07 device_ms=0.0025000000000000001
PRODUCER_KERNEL_V1 stage=1 raw_iteration=0 ordinal=35 kernel=owner_identify_target threads=1 begin_tick=1991658703822333 end_tick=1991658703825708 ms_per_tick=9.9999999999999995e-07 device_ms=0.003375
PRODUCER_KERNEL_V1 stage=1 raw_iteration=0 ordinal=36 kernel=issue_resident_projection_consumer threads=1 begin_tick=1991658703826083 end_tick=1991658703829041 ms_per_tick=9.9999999999999995e-07 device_ms=0.0029579999999999997
PRODUCER_KERNEL_V1 stage=1 raw_iteration=0 ordinal=37 kernel=consume_resident_target threads=1 begin_tick=1991658703829416 end_tick=1991658703832708 ms_per_tick=9.9999999999999995e-07 device_ms=0.0032919999999999998
PRODUCER_KERNEL_V1 stage=1 raw_iteration=0 ordinal=38 kernel=owner_issue_stage_seal threads=1 begin_tick=1991658703833083 end_tick=1991658703836000 ms_per_tick=9.9999999999999995e-07 device_ms=0.0029169999999999999
PRODUCER_KERNEL_V1 stage=1 raw_iteration=0 ordinal=39 kernel=fct_compatible_stage_rate threads=1533387 begin_tick=1991658703836375 end_tick=1991658704371833 ms_per_tick=9.9999999999999995e-07 device_ms=0.53545799999999999
PRODUCER_KERNEL_V1 stage=1 raw_iteration=0 ordinal=40 kernel=fct_compatible_stage_rate threads=1533387 begin_tick=1991658704372500 end_tick=1991658704889166 ms_per_tick=9.9999999999999995e-07 device_ms=0.51666599999999996
PRODUCER_KERNEL_V1 stage=1 raw_iteration=0 ordinal=41 kernel=owner_heun_momentum threads=1533387 begin_tick=1991658704889583 end_tick=1991658704986041 ms_per_tick=9.9999999999999995e-07 device_ms=0.096458000000000002
RISE_FIRE_OWNER_PROFILE_V1 {"scope":45,"parent":40,"phase":"BuildStageProducerGroup","stage":1,"raw_iteration":0,"iteration_kind":"picard","wall_ms":278.964833000,"device_sum_ms":197.699500015,"wall_minus_device_ms":81.265332985,"exclusive_wall_ms":278.964833000,"exclusive_device_sum_ms":197.699500015,"child_observer_wall_ms":0.000000000,"count_scope":"inclusive","owner_commits":1,"projection_invocations":0}
RISE_FIRE_OWNER_PROFILE_V1 {"scope":46,"parent":40,"phase":"Residual","stage":1,"raw_iteration":0,"iteration_kind":"picard","wall_ms":0.209291000,"device_sum_ms":0.021791784,"wall_minus_device_ms":0.187499216,"exclusive_wall_ms":0.209291000,"exclusive_device_sum_ms":0.021791784,"child_observer_wall_ms":0.000000000,"count_scope":"inclusive","owner_commits":1,"projection_invocations":0}
RISE_FIRE_OWNER_PROFILE_V1 {"scope":40,"parent":36,"phase":"PicardIteration","stage":1,"raw_iteration":0,"iteration_kind":"picard","wall_ms":292.221917000,"device_sum_ms":206.767458236,"wall_minus_device_ms":85.454458764,"exclusive_wall_ms":0.385626000,"exclusive_device_sum_ms":0.000000000,"child_observer_wall_ms":0.025585000,"count_scope":"inclusive","owner_commits":6,"projection_invocations":1}
RISE_FIRE_OWNER_PROFILE_V1 {"scope":49,"parent":48,"phase":"ProjectionAdapter","stage":1,"raw_iteration":1,"iteration_kind":"picard","wall_ms":12.015084000,"device_sum_ms":9.218291845,"wall_minus_device_ms":2.796792155,"exclusive_wall_ms":12.015084000,"exclusive_device_sum_ms":9.218291845,"child_observer_wall_ms":0.000000000,"count_scope":"inclusive","owner_commits":0,"projection_invocations":1}
RISE_FIRE_OWNER_PROFILE_V1 {"scope":48,"parent":47,"phase":"Project","stage":1,"raw_iteration":1,"iteration_kind":"picard","wall_ms":13.496000000,"device_sum_ms":9.265875444,"wall_minus_device_ms":4.230124556,"exclusive_wall_ms":1.474333000,"exclusive_device_sum_ms":0.047583599,"child_observer_wall_ms":0.006583000,"count_scope":"inclusive","owner_commits":2,"projection_invocations":1}
RISE_FIRE_OWNER_PROFILE_V1 {"scope":50,"parent":47,"phase":"ReadOpenClass","stage":1,"raw_iteration":1,"iteration_kind":"picard","wall_ms":0.155250000,"device_sum_ms":0.002374873,"wall_minus_device_ms":0.152875127,"exclusive_wall_ms":0.155250000,"exclusive_device_sum_ms":0.002374873,"child_observer_wall_ms":0.000000000,"count_scope":"inclusive","owner_commits":1,"projection_invocations":0}
RISE_FIRE_OWNER_PROFILE_V1 {"scope":51,"parent":47,"phase":"ReadOpenClass","stage":1,"raw_iteration":1,"iteration_kind":"picard","wall_ms":0.145958000,"device_sum_ms":0.002500135,"wall_minus_device_ms":0.143457865,"exclusive_wall_ms":0.145958000,"exclusive_device_sum_ms":0.002500135,"child_observer_wall_ms":0.000000000,"count_scope":"inclusive","owner_commits":1,"projection_invocations":0}
PRODUCER_COMMAND_V1 stage=1 raw_iteration=1 cpu_begin=1991658719695416 cpu_end=1991658999429041 gpu_begin=1991658719695416 gpu_end=1991658999429041 device_ms=198.71479156427085 encoders=42 interval_scope=possibly_overlapping
PRODUCER_KERNEL_V1 stage=1 raw_iteration=1 ordinal=0 kernel=owner_pack_faces threads=1533387 begin_tick=1991658800597833 end_tick=1991658800651375 ms_per_tick=9.9999999999999995e-07 device_ms=0.053541999999999999
PRODUCER_KERNEL_V1 stage=1 raw_iteration=1 ordinal=1 kernel=owner_pack_faces threads=1533387 begin_tick=1991658800651083 end_tick=1991658801091041 ms_per_tick=9.9999999999999995e-07 device_ms=0.43995799999999996
PRODUCER_KERNEL_V1 stage=1 raw_iteration=1 ordinal=2 kernel=owner_pack_faces threads=1533387 begin_tick=1991658800595708 end_tick=1991658800651083 ms_per_tick=9.9999999999999995e-07 device_ms=0.055375000000000001
PRODUCER_KERNEL_V1 stage=1 raw_iteration=1 ordinal=3 kernel=fct_extract_gas_density threads=504666 begin_tick=1991658801091041 end_tick=1991658801113708 ms_per_tick=9.9999999999999995e-07 device_ms=0.022667
PRODUCER_KERNEL_V1 stage=1 raw_iteration=1 ordinal=4 kernel=owner_gas_source threads=504666 begin_tick=1991658801113708 end_tick=1991658801156250 ms_per_tick=9.9999999999999995e-07 device_ms=0.042541999999999996
PRODUCER_KERNEL_V1 stage=1 raw_iteration=1 ordinal=5 kernel=evaluate_resident_transport threads=504666 begin_tick=1991658800651791 end_tick=1991658801161666 ms_per_tick=9.9999999999999995e-07 device_ms=0.50987499999999997
PRODUCER_KERNEL_V1 stage=1 raw_iteration=1 ordinal=6 kernel=identify_resident_transport threads=1 begin_tick=1991658801162208 end_tick=1991658801165208 ms_per_tick=9.9999999999999995e-07 device_ms=0.0030000000000000001
PRODUCER_KERNEL_V1 stage=1 raw_iteration=1 ordinal=7 kernel=owner_bind_transport threads=1 begin_tick=1991658801165750 end_tick=1991658801169458 ms_per_tick=9.9999999999999995e-07 device_ms=0.0037079999999999999
PRODUCER_KERNEL_V1 stage=1 raw_iteration=1 ordinal=8 kernel=identify_resident_owner_endpoint_class threads=1 begin_tick=1991658801169875 end_tick=1991658801172958 ms_per_tick=9.9999999999999995e-07 device_ms=0.0030829999999999998
PRODUCER_KERNEL_V1 stage=1 raw_iteration=1 ordinal=9 kernel=evaluate_resident_physical_flux threads=1533387 begin_tick=1991658802124000 end_tick=1991658803237666 ms_per_tick=9.9999999999999995e-07 device_ms=1.113666
PRODUCER_KERNEL_V1 stage=1 raw_iteration=1 ordinal=10 kernel=evaluate_resident_advective_pair threads=13800483 begin_tick=1991658803522500 end_tick=1991658810862541 ms_per_tick=9.9999999999999995e-07 device_ms=7.3400409999999994
PRODUCER_KERNEL_V1 stage=1 raw_iteration=1 ordinal=11 kernel=finalize_resident_advective_high threads=13800483 begin_tick=1991658810883625 end_tick=1991658811473166 ms_per_tick=9.9999999999999995e-07 device_ms=0.58954099999999998
PRODUCER_KERNEL_V1 stage=1 raw_iteration=1 ordinal=12 kernel=compose_resident_flux_pair threads=13800483 begin_tick=1991658811473541 end_tick=1991658812354375 ms_per_tick=9.9999999999999995e-07 device_ms=0.88083400000000001
PRODUCER_KERNEL_V1 stage=1 raw_iteration=1 ordinal=13 kernel=validate_resident_physical_flux threads=13800483 begin_tick=1991658812355041 end_tick=1991658813207416 ms_per_tick=9.9999999999999995e-07 device_ms=0.85237499999999999
PRODUCER_KERNEL_V1 stage=1 raw_iteration=1 ordinal=14 kernel=identify_resident_physical_flux threads=32 begin_tick=1991658813208125 end_tick=1991658813211416 ms_per_tick=9.9999999999999995e-07 device_ms=0.0032909999999999997
PRODUCER_KERNEL_V1 stage=1 raw_iteration=1 ordinal=15 kernel=owner_average_flux threads=13800483 begin_tick=1991658813211958 end_tick=1991658814022958 ms_per_tick=9.9999999999999995e-07 device_ms=0.81099999999999994
PRODUCER_KERNEL_V1 stage=1 raw_iteration=1 ordinal=16 kernel=owner_bind_averaged_flux threads=1 begin_tick=1991658814023500 end_tick=1991658814027333 ms_per_tick=9.9999999999999995e-07 device_ms=0.003833
PRODUCER_KERNEL_V1 stage=1 raw_iteration=1 ordinal=17 kernel=fct_build_ratios threads=5551326 begin_tick=1991658814027666 end_tick=1991658817733791 ms_per_tick=9.9999999999999995e-07 device_ms=3.7061249999999997
PRODUCER_KERNEL_V1 stage=1 raw_iteration=1 ordinal=18 kernel=fct_build_face_alpha threads=1533387 begin_tick=1991658817734458 end_tick=1991658818003583 ms_per_tick=9.9999999999999995e-07 device_ms=0.269125
PRODUCER_KERNEL_V1 stage=1 raw_iteration=1 ordinal=19 kernel=fct_commit_scalar threads=504666 begin_tick=1991658818004250 end_tick=1991658818206708 ms_per_tick=9.9999999999999995e-07 device_ms=0.202458
PRODUCER_KERNEL_V1 stage=1 raw_iteration=1 ordinal=20 kernel=owner_bind_candidate threads=1 begin_tick=1991658818207083 end_tick=1991658818211125 ms_per_tick=9.9999999999999995e-07 device_ms=0.0040419999999999996
PRODUCER_KERNEL_V1 stage=1 raw_iteration=1 ordinal=21 kernel=finalize_resident_eos_candidate threads=1 begin_tick=1991658818211708 end_tick=1991658818214458 ms_per_tick=9.9999999999999995e-07 device_ms=0.0027499999999999998
PRODUCER_KERNEL_V1 stage=1 raw_iteration=1 ordinal=22 kernel=build_eos_endpoint_table threads=14 begin_tick=1991658818214833 end_tick=1991658818505500 ms_per_tick=9.9999999999999995e-07 device_ms=0.29066700000000001
PRODUCER_KERNEL_V1 stage=1 raw_iteration=1 ordinal=23 kernel=evaluate_resident_eos_candidate threads=504666 begin_tick=1991658818505791 end_tick=1991658883958958 ms_per_tick=9.9999999999999995e-07 device_ms=65.453166999999993
PRODUCER_KERNEL_V1 stage=1 raw_iteration=1 ordinal=24 kernel=finalize_resident_eos_candidate threads=1 begin_tick=1991658883974916 end_tick=1991658883978000 ms_per_tick=9.9999999999999995e-07 device_ms=0.0030839999999999999
PRODUCER_KERNEL_V1 stage=1 raw_iteration=1 ordinal=25 kernel=identify_resident_eos threads=1 begin_tick=1991658883978291 end_tick=1991658883980833 ms_per_tick=9.9999999999999995e-07 device_ms=0.002542
PRODUCER_KERNEL_V1 stage=1 raw_iteration=1 ordinal=26 kernel=produce_resident_frozen_source threads=504666 begin_tick=1991658883981125 end_tick=1991658884012166 ms_per_tick=9.9999999999999995e-07 device_ms=0.031040999999999999
PRODUCER_KERNEL_V1 stage=1 raw_iteration=1 ordinal=27 kernel=identify_resident_frozen_source threads=1 begin_tick=1991658884012458 end_tick=1991658884015291 ms_per_tick=9.9999999999999995e-07 device_ms=0.002833
PRODUCER_KERNEL_V1 stage=1 raw_iteration=1 ordinal=28 kernel=evaluate_resident_target_terms threads=504666 begin_tick=1991658884015625 end_tick=1991658998078875 ms_per_tick=9.9999999999999995e-07 device_ms=114.06325
PRODUCER_KERNEL_V1 stage=1 raw_iteration=1 ordinal=29 kernel=finalize_resident_target threads=1 begin_tick=1991658998092625 end_tick=1991658998095500 ms_per_tick=9.9999999999999995e-07 device_ms=0.002875
PRODUCER_KERNEL_V1 stage=1 raw_iteration=1 ordinal=30 kernel=identify_resident_target threads=1 begin_tick=1991658998095916 end_tick=1991658998099000 ms_per_tick=9.9999999999999995e-07 device_ms=0.0030839999999999999
PRODUCER_KERNEL_V1 stage=1 raw_iteration=1 ordinal=31 kernel=issue_resident_projection_consumer threads=1 begin_tick=1991658998099375 end_tick=1991658998103500 ms_per_tick=9.9999999999999995e-07 device_ms=0.0041250000000000002
PRODUCER_KERNEL_V1 stage=1 raw_iteration=1 ordinal=32 kernel=consume_resident_target threads=1 begin_tick=1991658998103875 end_tick=1991658998108666 ms_per_tick=9.9999999999999995e-07 device_ms=0.0047910000000000001
PRODUCER_KERNEL_V1 stage=1 raw_iteration=1 ordinal=33 kernel=owner_compose_target threads=504666 begin_tick=1991658998109083 end_tick=1991658998188291 ms_per_tick=9.9999999999999995e-07 device_ms=0.079208000000000001
PRODUCER_KERNEL_V1 stage=1 raw_iteration=1 ordinal=34 kernel=finalize_resident_target threads=1 begin_tick=1991658998188583 end_tick=1991658998191250 ms_per_tick=9.9999999999999995e-07 device_ms=0.0026669999999999997
PRODUCER_KERNEL_V1 stage=1 raw_iteration=1 ordinal=35 kernel=owner_identify_target threads=1 begin_tick=1991658998191625 end_tick=1991658998194500 ms_per_tick=9.9999999999999995e-07 device_ms=0.002875
PRODUCER_KERNEL_V1 stage=1 raw_iteration=1 ordinal=36 kernel=issue_resident_projection_consumer threads=1 begin_tick=1991658998194791 end_tick=1991658998201250 ms_per_tick=9.9999999999999995e-07 device_ms=0.0064589999999999995
PRODUCER_KERNEL_V1 stage=1 raw_iteration=1 ordinal=37 kernel=consume_resident_target threads=1 begin_tick=1991658998201666 end_tick=1991658998204750 ms_per_tick=9.9999999999999995e-07 device_ms=0.0030839999999999999
PRODUCER_KERNEL_V1 stage=1 raw_iteration=1 ordinal=38 kernel=owner_issue_stage_seal threads=1 begin_tick=1991658998205166 end_tick=1991658998208000 ms_per_tick=9.9999999999999995e-07 device_ms=0.0028339999999999997
PRODUCER_KERNEL_V1 stage=1 raw_iteration=1 ordinal=39 kernel=fct_compatible_stage_rate threads=1533387 begin_tick=1991658998208500 end_tick=1991658998716000 ms_per_tick=9.9999999999999995e-07 device_ms=0.50749999999999995
PRODUCER_KERNEL_V1 stage=1 raw_iteration=1 ordinal=40 kernel=fct_compatible_stage_rate threads=1533387 begin_tick=1991658998716500 end_tick=1991658999212666 ms_per_tick=9.9999999999999995e-07 device_ms=0.496166
PRODUCER_KERNEL_V1 stage=1 raw_iteration=1 ordinal=41 kernel=owner_heun_momentum threads=1533387 begin_tick=1991658999213083 end_tick=1991658999304541 ms_per_tick=9.9999999999999995e-07 device_ms=0.091457999999999998
RISE_FIRE_OWNER_PROFILE_V1 {"scope":52,"parent":47,"phase":"BuildStageProducerGroup","stage":1,"raw_iteration":1,"iteration_kind":"picard","wall_ms":279.886209000,"device_sum_ms":198.714791564,"wall_minus_device_ms":81.171417436,"exclusive_wall_ms":279.886209000,"exclusive_device_sum_ms":198.714791564,"child_observer_wall_ms":0.000000000,"count_scope":"inclusive","owner_commits":1,"projection_invocations":0}
RISE_FIRE_OWNER_PROFILE_V1 {"scope":53,"parent":47,"phase":"Residual","stage":1,"raw_iteration":1,"iteration_kind":"picard","wall_ms":0.323459000,"device_sum_ms":0.116625102,"wall_minus_device_ms":0.206833898,"exclusive_wall_ms":0.323459000,"exclusive_device_sum_ms":0.116625102,"child_observer_wall_ms":0.000000000,"count_scope":"inclusive","owner_commits":1,"projection_invocations":0}
RISE_FIRE_OWNER_PROFILE_V1 {"scope":47,"parent":36,"phase":"PicardIteration","stage":1,"raw_iteration":1,"iteration_kind":"picard","wall_ms":294.429417000,"device_sum_ms":208.102167118,"wall_minus_device_ms":86.327249882,"exclusive_wall_ms":0.399416000,"exclusive_device_sum_ms":0.000000000,"child_observer_wall_ms":0.023125000,"count_scope":"inclusive","owner_commits":6,"projection_invocations":1}
RISE_FIRE_OWNER_PROFILE_V1 {"scope":56,"parent":55,"phase":"ProjectionAdapter","stage":1,"raw_iteration":2,"iteration_kind":"picard","wall_ms":11.782500000,"device_sum_ms":8.955916623,"wall_minus_device_ms":2.826583377,"exclusive_wall_ms":11.782500000,"exclusive_device_sum_ms":8.955916623,"child_observer_wall_ms":0.000000000,"count_scope":"inclusive","owner_commits":0,"projection_invocations":1}
RISE_FIRE_OWNER_PROFILE_V1 {"scope":55,"parent":54,"phase":"Project","stage":1,"raw_iteration":2,"iteration_kind":"picard","wall_ms":13.250541000,"device_sum_ms":8.996833581,"wall_minus_device_ms":4.253707419,"exclusive_wall_ms":1.461333000,"exclusive_device_sum_ms":0.040916959,"child_observer_wall_ms":0.006708000,"count_scope":"inclusive","owner_commits":2,"projection_invocations":1}
RISE_FIRE_OWNER_PROFILE_V1 {"scope":57,"parent":54,"phase":"ReadOpenClass","stage":1,"raw_iteration":2,"iteration_kind":"picard","wall_ms":0.132708000,"device_sum_ms":0.002583489,"wall_minus_device_ms":0.130124511,"exclusive_wall_ms":0.132708000,"exclusive_device_sum_ms":0.002583489,"child_observer_wall_ms":0.000000000,"count_scope":"inclusive","owner_commits":1,"projection_invocations":0}
RISE_FIRE_OWNER_PROFILE_V1 {"scope":58,"parent":54,"phase":"ReadOpenClass","stage":1,"raw_iteration":2,"iteration_kind":"picard","wall_ms":0.146125000,"device_sum_ms":0.002250075,"wall_minus_device_ms":0.143874925,"exclusive_wall_ms":0.146125000,"exclusive_device_sum_ms":0.002250075,"child_observer_wall_ms":0.000000000,"count_scope":"inclusive","owner_commits":1,"projection_invocations":0}
PRODUCER_COMMAND_V1 stage=1 raw_iteration=2 cpu_begin=1991659013879833 cpu_end=1991659292676083 gpu_begin=1991659013879833 gpu_end=1991659292676083 device_ms=197.82937504351139 encoders=42 interval_scope=possibly_overlapping
PRODUCER_KERNEL_V1 stage=1 raw_iteration=2 ordinal=0 kernel=owner_pack_faces threads=1533387 begin_tick=1991659094865875 end_tick=1991659094916750 ms_per_tick=9.9999999999999995e-07 device_ms=0.050874999999999997
PRODUCER_KERNEL_V1 stage=1 raw_iteration=2 ordinal=1 kernel=owner_pack_faces threads=1533387 begin_tick=1991659094933208 end_tick=1991659094983458 ms_per_tick=9.9999999999999995e-07 device_ms=0.050249999999999996
PRODUCER_KERNEL_V1 stage=1 raw_iteration=2 ordinal=2 kernel=owner_pack_faces threads=1533387 begin_tick=1991659095070583 end_tick=1991659095166541 ms_per_tick=9.9999999999999995e-07 device_ms=0.095958000000000002
PRODUCER_KERNEL_V1 stage=1 raw_iteration=2 ordinal=3 kernel=fct_extract_gas_density threads=504666 begin_tick=1991659095081541 end_tick=1991659095130916 ms_per_tick=9.9999999999999995e-07 device_ms=0.049374999999999995
PRODUCER_KERNEL_V1 stage=1 raw_iteration=2 ordinal=4 kernel=owner_gas_source threads=504666 begin_tick=1991659095130916 end_tick=1991659095176083 ms_per_tick=9.9999999999999995e-07 device_ms=0.045166999999999999
PRODUCER_KERNEL_V1 stage=1 raw_iteration=2 ordinal=5 kernel=evaluate_resident_transport threads=504666 begin_tick=1991659095262125 end_tick=1991659095713875 ms_per_tick=9.9999999999999995e-07 device_ms=0.45174999999999998
PRODUCER_KERNEL_V1 stage=1 raw_iteration=2 ordinal=6 kernel=identify_resident_transport threads=1 begin_tick=1991659095714333 end_tick=1991659095717541 ms_per_tick=9.9999999999999995e-07 device_ms=0.0032079999999999999
PRODUCER_KERNEL_V1 stage=1 raw_iteration=2 ordinal=7 kernel=owner_bind_transport threads=1 begin_tick=1991659095718125 end_tick=1991659095721583 ms_per_tick=9.9999999999999995e-07 device_ms=0.0034579999999999997
PRODUCER_KERNEL_V1 stage=1 raw_iteration=2 ordinal=8 kernel=identify_resident_owner_endpoint_class threads=1 begin_tick=1991659095722000 end_tick=1991659095725291 ms_per_tick=9.9999999999999995e-07 device_ms=0.0032909999999999997
PRODUCER_KERNEL_V1 stage=1 raw_iteration=2 ordinal=9 kernel=evaluate_resident_physical_flux threads=1533387 begin_tick=1991659096677291 end_tick=1991659097787375 ms_per_tick=9.9999999999999995e-07 device_ms=1.1100839999999998
PRODUCER_KERNEL_V1 stage=1 raw_iteration=2 ordinal=10 kernel=evaluate_resident_advective_pair threads=13800483 begin_tick=1991659098142791 end_tick=1991659105464625 ms_per_tick=9.9999999999999995e-07 device_ms=7.321834
PRODUCER_KERNEL_V1 stage=1 raw_iteration=2 ordinal=11 kernel=finalize_resident_advective_high threads=13800483 begin_tick=1991659105465208 end_tick=1991659105882791 ms_per_tick=9.9999999999999995e-07 device_ms=0.41758299999999998
PRODUCER_KERNEL_V1 stage=1 raw_iteration=2 ordinal=12 kernel=compose_resident_flux_pair threads=13800483 begin_tick=1991659105883166 end_tick=1991659106767333 ms_per_tick=9.9999999999999995e-07 device_ms=0.88416699999999993
PRODUCER_KERNEL_V1 stage=1 raw_iteration=2 ordinal=13 kernel=validate_resident_physical_flux threads=13800483 begin_tick=1991659106767875 end_tick=1991659107597541 ms_per_tick=9.9999999999999995e-07 device_ms=0.82966600000000001
PRODUCER_KERNEL_V1 stage=1 raw_iteration=2 ordinal=14 kernel=identify_resident_physical_flux threads=32 begin_tick=1991659107598041 end_tick=1991659107601375 ms_per_tick=9.9999999999999995e-07 device_ms=0.0033339999999999997
PRODUCER_KERNEL_V1 stage=1 raw_iteration=2 ordinal=15 kernel=owner_average_flux threads=13800483 begin_tick=1991659107601833 end_tick=1991659108395541 ms_per_tick=9.9999999999999995e-07 device_ms=0.79370799999999997
PRODUCER_KERNEL_V1 stage=1 raw_iteration=2 ordinal=16 kernel=owner_bind_averaged_flux threads=1 begin_tick=1991659108396083 end_tick=1991659108399791 ms_per_tick=9.9999999999999995e-07 device_ms=0.0037079999999999999
PRODUCER_KERNEL_V1 stage=1 raw_iteration=2 ordinal=17 kernel=fct_build_ratios threads=5551326 begin_tick=1991659108400333 end_tick=1991659112225833 ms_per_tick=9.9999999999999995e-07 device_ms=3.8254999999999999
PRODUCER_KERNEL_V1 stage=1 raw_iteration=2 ordinal=18 kernel=fct_build_face_alpha threads=1533387 begin_tick=1991659112226416 end_tick=1991659112494791 ms_per_tick=9.9999999999999995e-07 device_ms=0.26837499999999997
PRODUCER_KERNEL_V1 stage=1 raw_iteration=2 ordinal=19 kernel=fct_commit_scalar threads=504666 begin_tick=1991659112495416 end_tick=1991659112685125 ms_per_tick=9.9999999999999995e-07 device_ms=0.18970899999999999
PRODUCER_KERNEL_V1 stage=1 raw_iteration=2 ordinal=20 kernel=owner_bind_candidate threads=1 begin_tick=1991659112685791 end_tick=1991659112689666 ms_per_tick=9.9999999999999995e-07 device_ms=0.003875
PRODUCER_KERNEL_V1 stage=1 raw_iteration=2 ordinal=21 kernel=finalize_resident_eos_candidate threads=1 begin_tick=1991659112690125 end_tick=1991659112692708 ms_per_tick=9.9999999999999995e-07 device_ms=0.0025829999999999998
PRODUCER_KERNEL_V1 stage=1 raw_iteration=2 ordinal=22 kernel=build_eos_endpoint_table threads=14 begin_tick=1991659112693166 end_tick=1991659112985000 ms_per_tick=9.9999999999999995e-07 device_ms=0.29183399999999998
PRODUCER_KERNEL_V1 stage=1 raw_iteration=2 ordinal=23 kernel=evaluate_resident_eos_candidate threads=504666 begin_tick=1991659112985416 end_tick=1991659177170750 ms_per_tick=9.9999999999999995e-07 device_ms=64.185333999999997
PRODUCER_KERNEL_V1 stage=1 raw_iteration=2 ordinal=24 kernel=finalize_resident_eos_candidate threads=1 begin_tick=1991659177187041 end_tick=1991659177189791 ms_per_tick=9.9999999999999995e-07 device_ms=0.0027499999999999998
PRODUCER_KERNEL_V1 stage=1 raw_iteration=2 ordinal=25 kernel=identify_resident_eos threads=1 begin_tick=1991659177190208 end_tick=1991659177196333 ms_per_tick=9.9999999999999995e-07 device_ms=0.0061249999999999994
PRODUCER_KERNEL_V1 stage=1 raw_iteration=2 ordinal=26 kernel=produce_resident_frozen_source threads=504666 begin_tick=1991659177196750 end_tick=1991659177227250 ms_per_tick=9.9999999999999995e-07 device_ms=0.030499999999999999
PRODUCER_KERNEL_V1 stage=1 raw_iteration=2 ordinal=27 kernel=identify_resident_frozen_source threads=1 begin_tick=1991659177227666 end_tick=1991659177230541 ms_per_tick=9.9999999999999995e-07 device_ms=0.002875
PRODUCER_KERNEL_V1 stage=1 raw_iteration=2 ordinal=28 kernel=evaluate_resident_target_terms threads=504666 begin_tick=1991659177230916 end_tick=1991659291199500 ms_per_tick=9.9999999999999995e-07 device_ms=113.96858399999999
PRODUCER_KERNEL_V1 stage=1 raw_iteration=2 ordinal=29 kernel=finalize_resident_target threads=1 begin_tick=1991659291214750 end_tick=1991659291217708 ms_per_tick=9.9999999999999995e-07 device_ms=0.0029579999999999997
PRODUCER_KERNEL_V1 stage=1 raw_iteration=2 ordinal=30 kernel=identify_resident_target threads=1 begin_tick=1991659291218000 end_tick=1991659291220750 ms_per_tick=9.9999999999999995e-07 device_ms=0.0027499999999999998
PRODUCER_KERNEL_V1 stage=1 raw_iteration=2 ordinal=31 kernel=issue_resident_projection_consumer threads=1 begin_tick=1991659291221166 end_tick=1991659291225291 ms_per_tick=9.9999999999999995e-07 device_ms=0.0041250000000000002
PRODUCER_KERNEL_V1 stage=1 raw_iteration=2 ordinal=32 kernel=consume_resident_target threads=1 begin_tick=1991659291225708 end_tick=1991659291229833 ms_per_tick=9.9999999999999995e-07 device_ms=0.0041250000000000002
PRODUCER_KERNEL_V1 stage=1 raw_iteration=2 ordinal=33 kernel=owner_compose_target threads=504666 begin_tick=1991659291230208 end_tick=1991659291310000 ms_per_tick=9.9999999999999995e-07 device_ms=0.079792000000000002
PRODUCER_KERNEL_V1 stage=1 raw_iteration=2 ordinal=34 kernel=finalize_resident_target threads=1 begin_tick=1991659291310333 end_tick=1991659291312708 ms_per_tick=9.9999999999999995e-07 device_ms=0.0023749999999999999
PRODUCER_KERNEL_V1 stage=1 raw_iteration=2 ordinal=35 kernel=owner_identify_target threads=1 begin_tick=1991659291313125 end_tick=1991659291316208 ms_per_tick=9.9999999999999995e-07 device_ms=0.0030829999999999998
PRODUCER_KERNEL_V1 stage=1 raw_iteration=2 ordinal=36 kernel=issue_resident_projection_consumer threads=1 begin_tick=1991659291316541 end_tick=1991659291319375 ms_per_tick=9.9999999999999995e-07 device_ms=0.0028339999999999997
PRODUCER_KERNEL_V1 stage=1 raw_iteration=2 ordinal=37 kernel=consume_resident_target threads=1 begin_tick=1991659291319750 end_tick=1991659291323250 ms_per_tick=9.9999999999999995e-07 device_ms=0.0034999999999999996
PRODUCER_KERNEL_V1 stage=1 raw_iteration=2 ordinal=38 kernel=owner_issue_stage_seal threads=1 begin_tick=1991659291323625 end_tick=1991659291326333 ms_per_tick=9.9999999999999995e-07 device_ms=0.0027079999999999999
PRODUCER_KERNEL_V1 stage=1 raw_iteration=2 ordinal=39 kernel=fct_compatible_stage_rate threads=1533387 begin_tick=1991659291326708 end_tick=1991659291827875 ms_per_tick=9.9999999999999995e-07 device_ms=0.50116700000000003
PRODUCER_KERNEL_V1 stage=1 raw_iteration=2 ordinal=40 kernel=fct_compatible_stage_rate threads=1533387 begin_tick=1991659291828458 end_tick=1991659292328041 ms_per_tick=9.9999999999999995e-07 device_ms=0.499583
PRODUCER_KERNEL_V1 stage=1 raw_iteration=2 ordinal=41 kernel=owner_heun_momentum threads=1533387 begin_tick=1991659292328875 end_tick=1991659292559458 ms_per_tick=9.9999999999999995e-07 device_ms=0.23058299999999998
RISE_FIRE_OWNER_PROFILE_V1 {"scope":59,"parent":54,"phase":"BuildStageProducerGroup","stage":1,"raw_iteration":2,"iteration_kind":"picard","wall_ms":278.962625000,"device_sum_ms":197.829375044,"wall_minus_device_ms":81.133249956,"exclusive_wall_ms":278.962625000,"exclusive_device_sum_ms":197.829375044,"child_observer_wall_ms":0.000000000,"count_scope":"inclusive","owner_commits":1,"projection_invocations":0}
RISE_FIRE_OWNER_PROFILE_V1 {"scope":60,"parent":54,"phase":"Residual","stage":1,"raw_iteration":2,"iteration_kind":"picard","wall_ms":0.302250000,"device_sum_ms":0.113749877,"wall_minus_device_ms":0.188500123,"exclusive_wall_ms":0.302250000,"exclusive_device_sum_ms":0.113749877,"child_observer_wall_ms":0.000000000,"count_scope":"inclusive","owner_commits":1,"projection_invocations":0}
RISE_FIRE_OWNER_PROFILE_V1 {"scope":63,"parent":62,"phase":"ProjectionAdapter","stage":1,"raw_iteration":2147483650,"iteration_kind":"terminal","wall_ms":11.906417000,"device_sum_ms":9.165666532,"wall_minus_device_ms":2.740750468,"exclusive_wall_ms":11.906417000,"exclusive_device_sum_ms":9.165666532,"child_observer_wall_ms":0.000000000,"count_scope":"inclusive","owner_commits":0,"projection_invocations":1}
RISE_FIRE_OWNER_PROFILE_V1 {"scope":62,"parent":61,"phase":"Project","stage":1,"raw_iteration":2147483650,"iteration_kind":"terminal","wall_ms":12.481875000,"device_sum_ms":9.203041671,"wall_minus_device_ms":3.278833329,"exclusive_wall_ms":0.568958000,"exclusive_device_sum_ms":0.037375139,"child_observer_wall_ms":0.006500000,"count_scope":"inclusive","owner_commits":2,"projection_invocations":1}
RISE_FIRE_OWNER_PROFILE_V1 {"scope":64,"parent":61,"phase":"ReadOpenClass","stage":1,"raw_iteration":2147483650,"iteration_kind":"terminal","wall_ms":0.146500000,"device_sum_ms":0.002458226,"wall_minus_device_ms":0.144041774,"exclusive_wall_ms":0.146500000,"exclusive_device_sum_ms":0.002458226,"child_observer_wall_ms":0.000000000,"count_scope":"inclusive","owner_commits":1,"projection_invocations":0}
RISE_FIRE_OWNER_PROFILE_V1 {"scope":65,"parent":61,"phase":"ReadOpenClass","stage":1,"raw_iteration":2147483650,"iteration_kind":"terminal","wall_ms":0.138708000,"device_sum_ms":0.002375105,"wall_minus_device_ms":0.136332895,"exclusive_wall_ms":0.138708000,"exclusive_device_sum_ms":0.002375105,"child_observer_wall_ms":0.000000000,"count_scope":"inclusive","owner_commits":1,"projection_invocations":0}
PRODUCER_COMMAND_V1 stage=1 raw_iteration=2147483650 cpu_begin=1991659305936625 cpu_end=1991659586275625 gpu_begin=1991659305936625 gpu_end=1991659586275625 device_ms=199.40337515436113 encoders=42 interval_scope=possibly_overlapping
PRODUCER_KERNEL_V1 stage=1 raw_iteration=2147483650 ordinal=0 kernel=owner_pack_faces threads=1533387 begin_tick=1991659386783000 end_tick=1991659386841708 ms_per_tick=9.9999999999999995e-07 device_ms=0.058707999999999996
PRODUCER_KERNEL_V1 stage=1 raw_iteration=2147483650 ordinal=1 kernel=owner_pack_faces threads=1533387 begin_tick=1991659386841416 end_tick=1991659387288041 ms_per_tick=9.9999999999999995e-07 device_ms=0.44662499999999999
PRODUCER_KERNEL_V1 stage=1 raw_iteration=2147483650 ordinal=2 kernel=owner_pack_faces threads=1533387 begin_tick=1991659386779166 end_tick=1991659386841416 ms_per_tick=9.9999999999999995e-07 device_ms=0.06225
PRODUCER_KERNEL_V1 stage=1 raw_iteration=2147483650 ordinal=3 kernel=fct_extract_gas_density threads=504666 begin_tick=1991659387288041 end_tick=1991659387310041 ms_per_tick=9.9999999999999995e-07 device_ms=0.021999999999999999
PRODUCER_KERNEL_V1 stage=1 raw_iteration=2147483650 ordinal=4 kernel=owner_gas_source threads=504666 begin_tick=1991659387310041 end_tick=1991659387350833 ms_per_tick=9.9999999999999995e-07 device_ms=0.040791999999999995
PRODUCER_KERNEL_V1 stage=1 raw_iteration=2147483650 ordinal=5 kernel=evaluate_resident_transport threads=504666 begin_tick=1991659386842041 end_tick=1991659387362750 ms_per_tick=9.9999999999999995e-07 device_ms=0.52070899999999998
PRODUCER_KERNEL_V1 stage=1 raw_iteration=2147483650 ordinal=6 kernel=identify_resident_transport threads=1 begin_tick=1991659387363250 end_tick=1991659387366375 ms_per_tick=9.9999999999999995e-07 device_ms=0.0031249999999999997
PRODUCER_KERNEL_V1 stage=1 raw_iteration=2147483650 ordinal=7 kernel=owner_bind_transport threads=1 begin_tick=1991659387366958 end_tick=1991659387370291 ms_per_tick=9.9999999999999995e-07 device_ms=0.003333
PRODUCER_KERNEL_V1 stage=1 raw_iteration=2147483650 ordinal=8 kernel=identify_resident_owner_endpoint_class threads=1 begin_tick=1991659387370708 end_tick=1991659387373708 ms_per_tick=9.9999999999999995e-07 device_ms=0.0030000000000000001
PRODUCER_KERNEL_V1 stage=1 raw_iteration=2147483650 ordinal=9 kernel=evaluate_resident_physical_flux threads=1533387 begin_tick=1991659388225375 end_tick=1991659389337666 ms_per_tick=9.9999999999999995e-07 device_ms=1.1122909999999999
PRODUCER_KERNEL_V1 stage=1 raw_iteration=2147483650 ordinal=10 kernel=evaluate_resident_advective_pair threads=13800483 begin_tick=1991659389604458 end_tick=1991659396930916 ms_per_tick=9.9999999999999995e-07 device_ms=7.3264579999999997
PRODUCER_KERNEL_V1 stage=1 raw_iteration=2147483650 ordinal=11 kernel=finalize_resident_advective_high threads=13800483 begin_tick=1991659396962750 end_tick=1991659397555125 ms_per_tick=9.9999999999999995e-07 device_ms=0.59237499999999998
PRODUCER_KERNEL_V1 stage=1 raw_iteration=2147483650 ordinal=12 kernel=compose_resident_flux_pair threads=13800483 begin_tick=1991659397555500 end_tick=1991659398437916 ms_per_tick=9.9999999999999995e-07 device_ms=0.88241599999999998
PRODUCER_KERNEL_V1 stage=1 raw_iteration=2147483650 ordinal=13 kernel=validate_resident_physical_flux threads=13800483 begin_tick=1991659398438583 end_tick=1991659399280041 ms_per_tick=9.9999999999999995e-07 device_ms=0.84145799999999993
PRODUCER_KERNEL_V1 stage=1 raw_iteration=2147483650 ordinal=14 kernel=identify_resident_physical_flux threads=32 begin_tick=1991659399280625 end_tick=1991659399284000 ms_per_tick=9.9999999999999995e-07 device_ms=0.003375
PRODUCER_KERNEL_V1 stage=1 raw_iteration=2147483650 ordinal=15 kernel=owner_average_flux threads=13800483 begin_tick=1991659399284541 end_tick=1991659400078000 ms_per_tick=9.9999999999999995e-07 device_ms=0.79345899999999991
PRODUCER_KERNEL_V1 stage=1 raw_iteration=2147483650 ordinal=16 kernel=owner_bind_averaged_flux threads=1 begin_tick=1991659400078500 end_tick=1991659400082375 ms_per_tick=9.9999999999999995e-07 device_ms=0.003875
PRODUCER_KERNEL_V1 stage=1 raw_iteration=2147483650 ordinal=17 kernel=fct_build_ratios threads=5551326 begin_tick=1991659400082916 end_tick=1991659403684583 ms_per_tick=9.9999999999999995e-07 device_ms=3.601667
PRODUCER_KERNEL_V1 stage=1 raw_iteration=2147483650 ordinal=18 kernel=fct_build_face_alpha threads=1533387 begin_tick=1991659403685166 end_tick=1991659403953125 ms_per_tick=9.9999999999999995e-07 device_ms=0.267959
PRODUCER_KERNEL_V1 stage=1 raw_iteration=2147483650 ordinal=19 kernel=fct_commit_scalar threads=504666 begin_tick=1991659403953791 end_tick=1991659404146416 ms_per_tick=9.9999999999999995e-07 device_ms=0.19262499999999999
PRODUCER_KERNEL_V1 stage=1 raw_iteration=2147483650 ordinal=20 kernel=owner_bind_candidate threads=1 begin_tick=1991659404146833 end_tick=1991659404150666 ms_per_tick=9.9999999999999995e-07 device_ms=0.003833
PRODUCER_KERNEL_V1 stage=1 raw_iteration=2147483650 ordinal=21 kernel=finalize_resident_eos_candidate threads=1 begin_tick=1991659404151166 end_tick=1991659404154041 ms_per_tick=9.9999999999999995e-07 device_ms=0.002875
PRODUCER_KERNEL_V1 stage=1 raw_iteration=2147483650 ordinal=22 kernel=build_eos_endpoint_table threads=14 begin_tick=1991659404154500 end_tick=1991659404445583 ms_per_tick=9.9999999999999995e-07 device_ms=0.29108299999999998
PRODUCER_KERNEL_V1 stage=1 raw_iteration=2147483650 ordinal=23 kernel=evaluate_resident_eos_candidate threads=504666 begin_tick=1991659404446000 end_tick=1991659470923958 ms_per_tick=9.9999999999999995e-07 device_ms=66.477958000000001
PRODUCER_KERNEL_V1 stage=1 raw_iteration=2147483650 ordinal=24 kernel=finalize_resident_eos_candidate threads=1 begin_tick=1991659470939500 end_tick=1991659470942541 ms_per_tick=9.9999999999999995e-07 device_ms=0.0030409999999999999
PRODUCER_KERNEL_V1 stage=1 raw_iteration=2147483650 ordinal=25 kernel=identify_resident_eos threads=1 begin_tick=1991659470942833 end_tick=1991659470945416 ms_per_tick=9.9999999999999995e-07 device_ms=0.0025829999999999998
PRODUCER_KERNEL_V1 stage=1 raw_iteration=2147483650 ordinal=26 kernel=produce_resident_frozen_source threads=504666 begin_tick=1991659470946125 end_tick=1991659470977791 ms_per_tick=9.9999999999999995e-07 device_ms=0.031666
PRODUCER_KERNEL_V1 stage=1 raw_iteration=2147483650 ordinal=27 kernel=identify_resident_frozen_source threads=1 begin_tick=1991659470978208 end_tick=1991659470981125 ms_per_tick=9.9999999999999995e-07 device_ms=0.0029169999999999999
PRODUCER_KERNEL_V1 stage=1 raw_iteration=2147483650 ordinal=28 kernel=evaluate_resident_target_terms threads=504666 begin_tick=1991659470981541 end_tick=1991659584956083 ms_per_tick=9.9999999999999995e-07 device_ms=113.974542
PRODUCER_KERNEL_V1 stage=1 raw_iteration=2147483650 ordinal=29 kernel=finalize_resident_target threads=1 begin_tick=1991659584970250 end_tick=1991659584973000 ms_per_tick=9.9999999999999995e-07 device_ms=0.0027499999999999998
PRODUCER_KERNEL_V1 stage=1 raw_iteration=2147483650 ordinal=30 kernel=identify_resident_target threads=1 begin_tick=1991659584973333 end_tick=1991659584976666 ms_per_tick=9.9999999999999995e-07 device_ms=0.003333
PRODUCER_KERNEL_V1 stage=1 raw_iteration=2147483650 ordinal=31 kernel=issue_resident_projection_consumer threads=1 begin_tick=1991659584977041 end_tick=1991659584981083 ms_per_tick=9.9999999999999995e-07 device_ms=0.0040419999999999996
PRODUCER_KERNEL_V1 stage=1 raw_iteration=2147483650 ordinal=32 kernel=consume_resident_target threads=1 begin_tick=1991659584981500 end_tick=1991659584985541 ms_per_tick=9.9999999999999995e-07 device_ms=0.0040409999999999995
PRODUCER_KERNEL_V1 stage=1 raw_iteration=2147483650 ordinal=33 kernel=owner_compose_target threads=504666 begin_tick=1991659584985958 end_tick=1991659585064875 ms_per_tick=9.9999999999999995e-07 device_ms=0.078917000000000001
PRODUCER_KERNEL_V1 stage=1 raw_iteration=2147483650 ordinal=34 kernel=finalize_resident_target threads=1 begin_tick=1991659585065166 end_tick=1991659585068083 ms_per_tick=9.9999999999999995e-07 device_ms=0.0029169999999999999
PRODUCER_KERNEL_V1 stage=1 raw_iteration=2147483650 ordinal=35 kernel=owner_identify_target threads=1 begin_tick=1991659585068458 end_tick=1991659585071291 ms_per_tick=9.9999999999999995e-07 device_ms=0.002833
PRODUCER_KERNEL_V1 stage=1 raw_iteration=2147483650 ordinal=36 kernel=issue_resident_projection_consumer threads=1 begin_tick=1991659585071708 end_tick=1991659585074875 ms_per_tick=9.9999999999999995e-07 device_ms=0.0031669999999999997
PRODUCER_KERNEL_V1 stage=1 raw_iteration=2147483650 ordinal=37 kernel=consume_resident_target threads=1 begin_tick=1991659585075291 end_tick=1991659585078416 ms_per_tick=9.9999999999999995e-07 device_ms=0.0031249999999999997
PRODUCER_KERNEL_V1 stage=1 raw_iteration=2147483650 ordinal=38 kernel=owner_issue_stage_seal threads=1 begin_tick=1991659585078750 end_tick=1991659585081750 ms_per_tick=9.9999999999999995e-07 device_ms=0.0030000000000000001
PRODUCER_KERNEL_V1 stage=1 raw_iteration=2147483650 ordinal=39 kernel=fct_compatible_stage_rate threads=1533387 begin_tick=1991659585082208 end_tick=1991659585589916 ms_per_tick=9.9999999999999995e-07 device_ms=0.50770799999999994
PRODUCER_KERNEL_V1 stage=1 raw_iteration=2147483650 ordinal=40 kernel=fct_compatible_stage_rate threads=1533387 begin_tick=1991659585590458 end_tick=1991659586085875 ms_per_tick=9.9999999999999995e-07 device_ms=0.495417
PRODUCER_KERNEL_V1 stage=1 raw_iteration=2147483650 ordinal=41 kernel=owner_heun_momentum threads=1533387 begin_tick=1991659586086375 end_tick=1991659586176791 ms_per_tick=9.9999999999999995e-07 device_ms=0.090415999999999996
RISE_FIRE_OWNER_PROFILE_V1 {"scope":66,"parent":61,"phase":"BuildStageProducerGroup","stage":1,"raw_iteration":2147483650,"iteration_kind":"terminal","wall_ms":280.457542000,"device_sum_ms":199.403375154,"wall_minus_device_ms":81.054166846,"exclusive_wall_ms":280.457542000,"exclusive_device_sum_ms":199.403375154,"child_observer_wall_ms":0.000000000,"count_scope":"inclusive","owner_commits":1,"projection_invocations":0}
RISE_FIRE_OWNER_PROFILE_V1 {"scope":67,"parent":61,"phase":"AlphaResidual","stage":1,"raw_iteration":2147483650,"iteration_kind":"terminal","wall_ms":0.243416000,"device_sum_ms":0.052625081,"wall_minus_device_ms":0.190790919,"exclusive_wall_ms":0.243416000,"exclusive_device_sum_ms":0.052625081,"child_observer_wall_ms":0.000000000,"count_scope":"inclusive","owner_commits":1,"projection_invocations":0}
RISE_FIRE_OWNER_PROFILE_V1 {"scope":68,"parent":61,"phase":"Residual","stage":1,"raw_iteration":2147483650,"iteration_kind":"terminal","wall_ms":0.297541000,"device_sum_ms":0.113583403,"wall_minus_device_ms":0.183957597,"exclusive_wall_ms":0.297541000,"exclusive_device_sum_ms":0.113583403,"child_observer_wall_ms":0.000000000,"count_scope":"inclusive","owner_commits":1,"projection_invocations":0}
RISE_FIRE_OWNER_PROFILE_V1 {"scope":61,"parent":54,"phase":"TerminalVerification","stage":1,"raw_iteration":2147483650,"iteration_kind":"terminal","wall_ms":293.799834000,"device_sum_ms":208.777458640,"wall_minus_device_ms":85.022375360,"exclusive_wall_ms":0.004044000,"exclusive_device_sum_ms":0.000000000,"child_observer_wall_ms":0.030208000,"count_scope":"inclusive","owner_commits":7,"projection_invocations":1}
RISE_FIRE_OWNER_PROFILE_V1 {"scope":54,"parent":36,"phase":"PicardIteration","stage":1,"raw_iteration":2,"iteration_kind":"picard","wall_ms":587.036375000,"device_sum_ms":415.722250706,"wall_minus_device_ms":171.314124294,"exclusive_wall_ms":0.400375000,"exclusive_device_sum_ms":0.000000000,"child_observer_wall_ms":0.041917000,"count_scope":"inclusive","owner_commits":13,"projection_invocations":2}
RISE_FIRE_OWNER_PROFILE_V1 {"scope":36,"parent":1,"phase":"SolveStage","stage":1,"raw_iteration":4294967295,"iteration_kind":"bootstrap","wall_ms":1467.077875000,"device_sum_ms":1038.170959568,"wall_minus_device_ms":428.906915432,"exclusive_wall_ms":1.656333000,"exclusive_device_sum_ms":0.000000000,"child_observer_wall_ms":0.021624000,"count_scope":"inclusive","owner_commits":28,"projection_invocations":5}
RISE_FIRE_OWNER_PROFILE_V1 {"scope":71,"parent":70,"phase":"ProjectionAdapter","stage":2,"raw_iteration":4294967295,"iteration_kind":"bootstrap","wall_ms":11.662083000,"device_sum_ms":8.846374927,"wall_minus_device_ms":2.815708073,"exclusive_wall_ms":11.662083000,"exclusive_device_sum_ms":8.846374927,"child_observer_wall_ms":0.000000000,"count_scope":"inclusive","owner_commits":0,"projection_invocations":1}
RISE_FIRE_OWNER_PROFILE_V1 {"scope":70,"parent":69,"phase":"Project","stage":2,"raw_iteration":4294967295,"iteration_kind":"bootstrap","wall_ms":12.134459000,"device_sum_ms":8.887249744,"wall_minus_device_ms":3.247209256,"exclusive_wall_ms":0.466251000,"exclusive_device_sum_ms":0.040874816,"child_observer_wall_ms":0.006125000,"count_scope":"inclusive","owner_commits":2,"projection_invocations":1}
PRODUCER_COMMAND_V1 stage=2 raw_iteration=4294967295 cpu_begin=1991659602034791 cpu_end=1991659874419000 gpu_begin=1991659602034791 gpu_end=1991659874419000 device_ms=191.45775004290044 encoders=36 interval_scope=possibly_overlapping
PRODUCER_KERNEL_V1 stage=2 raw_iteration=4294967295 ordinal=0 kernel=owner_pack_faces threads=1533387 begin_tick=1991659682991625 end_tick=1991659683043083 ms_per_tick=9.9999999999999995e-07 device_ms=0.051457999999999997
PRODUCER_KERNEL_V1 stage=2 raw_iteration=4294967295 ordinal=1 kernel=owner_pack_faces threads=1533387 begin_tick=1991659683056500 end_tick=1991659683107708 ms_per_tick=9.9999999999999995e-07 device_ms=0.051207999999999997
PRODUCER_KERNEL_V1 stage=2 raw_iteration=4294967295 ordinal=2 kernel=owner_pack_faces threads=1533387 begin_tick=1991659683181541 end_tick=1991659683284000 ms_per_tick=9.9999999999999995e-07 device_ms=0.10245899999999999
PRODUCER_KERNEL_V1 stage=2 raw_iteration=4294967295 ordinal=3 kernel=fct_extract_gas_density threads=504666 begin_tick=1991659683185500 end_tick=1991659683234666 ms_per_tick=9.9999999999999995e-07 device_ms=0.049165999999999994
PRODUCER_KERNEL_V1 stage=2 raw_iteration=4294967295 ordinal=4 kernel=owner_gas_source threads=504666 begin_tick=1991659683234666 end_tick=1991659683283833 ms_per_tick=9.9999999999999995e-07 device_ms=0.049166999999999995
PRODUCER_KERNEL_V1 stage=2 raw_iteration=4294967295 ordinal=5 kernel=evaluate_resident_transport threads=504666 begin_tick=1991659683341458 end_tick=1991659683796875 ms_per_tick=9.9999999999999995e-07 device_ms=0.45541699999999996
PRODUCER_KERNEL_V1 stage=2 raw_iteration=4294967295 ordinal=6 kernel=identify_resident_transport threads=1 begin_tick=1991659683797208 end_tick=1991659683800375 ms_per_tick=9.9999999999999995e-07 device_ms=0.0031669999999999997
PRODUCER_KERNEL_V1 stage=2 raw_iteration=4294967295 ordinal=7 kernel=owner_bind_transport threads=1 begin_tick=1991659683800833 end_tick=1991659683804458 ms_per_tick=9.9999999999999995e-07 device_ms=0.0036249999999999998
PRODUCER_KERNEL_V1 stage=2 raw_iteration=4294967295 ordinal=8 kernel=identify_resident_owner_endpoint_class threads=1 begin_tick=1991659683804791 end_tick=1991659683808208 ms_per_tick=9.9999999999999995e-07 device_ms=0.0034169999999999999
PRODUCER_KERNEL_V1 stage=2 raw_iteration=4294967295 ordinal=9 kernel=evaluate_resident_physical_flux threads=1533387 begin_tick=1991659684763958 end_tick=1991659685877750 ms_per_tick=9.9999999999999995e-07 device_ms=1.1137919999999999
PRODUCER_KERNEL_V1 stage=2 raw_iteration=4294967295 ordinal=10 kernel=evaluate_resident_advective_pair threads=13800483 begin_tick=1991659686150750 end_tick=1991659693674750 ms_per_tick=9.9999999999999995e-07 device_ms=7.524
PRODUCER_KERNEL_V1 stage=2 raw_iteration=4294967295 ordinal=11 kernel=finalize_resident_advective_high threads=13800483 begin_tick=1991659693675500 end_tick=1991659694100000 ms_per_tick=9.9999999999999995e-07 device_ms=0.42449999999999999
PRODUCER_KERNEL_V1 stage=2 raw_iteration=4294967295 ordinal=12 kernel=compose_resident_flux_pair threads=13800483 begin_tick=1991659694100375 end_tick=1991659694981000 ms_per_tick=9.9999999999999995e-07 device_ms=0.88062499999999999
PRODUCER_KERNEL_V1 stage=2 raw_iteration=4294967295 ordinal=13 kernel=validate_resident_physical_flux threads=13800483 begin_tick=1991659694981541 end_tick=1991659695829541 ms_per_tick=9.9999999999999995e-07 device_ms=0.84799999999999998
PRODUCER_KERNEL_V1 stage=2 raw_iteration=4294967295 ordinal=14 kernel=identify_resident_physical_flux threads=32 begin_tick=1991659695830083 end_tick=1991659695833625 ms_per_tick=9.9999999999999995e-07 device_ms=0.003542
PRODUCER_KERNEL_V1 stage=2 raw_iteration=4294967295 ordinal=15 kernel=owner_bind_candidate threads=1 begin_tick=1991659695834166 end_tick=1991659695837791 ms_per_tick=9.9999999999999995e-07 device_ms=0.0036249999999999998
PRODUCER_KERNEL_V1 stage=2 raw_iteration=4294967295 ordinal=16 kernel=finalize_resident_eos_candidate threads=1 begin_tick=1991659695838666 end_tick=1991659695840791 ms_per_tick=9.9999999999999995e-07 device_ms=0.0021249999999999997
PRODUCER_KERNEL_V1 stage=2 raw_iteration=4294967295 ordinal=17 kernel=build_eos_endpoint_table threads=14 begin_tick=1991659695841458 end_tick=1991659696131833 ms_per_tick=9.9999999999999995e-07 device_ms=0.29037499999999999
PRODUCER_KERNEL_V1 stage=2 raw_iteration=4294967295 ordinal=18 kernel=evaluate_resident_eos_candidate threads=504666 begin_tick=1991659696132166 end_tick=1991659759243875 ms_per_tick=9.9999999999999995e-07 device_ms=63.111708999999998
PRODUCER_KERNEL_V1 stage=2 raw_iteration=4294967295 ordinal=19 kernel=finalize_resident_eos_candidate threads=1 begin_tick=1991659759259375 end_tick=1991659759264166 ms_per_tick=9.9999999999999995e-07 device_ms=0.0047910000000000001
PRODUCER_KERNEL_V1 stage=2 raw_iteration=4294967295 ordinal=20 kernel=identify_resident_eos threads=1 begin_tick=1991659759264500 end_tick=1991659759267166 ms_per_tick=9.9999999999999995e-07 device_ms=0.002666
PRODUCER_KERNEL_V1 stage=2 raw_iteration=4294967295 ordinal=21 kernel=produce_resident_frozen_source threads=504666 begin_tick=1991659759267708 end_tick=1991659759298750 ms_per_tick=9.9999999999999995e-07 device_ms=0.031042
PRODUCER_KERNEL_V1 stage=2 raw_iteration=4294967295 ordinal=22 kernel=identify_resident_frozen_source threads=1 begin_tick=1991659759299166 end_tick=1991659759305500 ms_per_tick=9.9999999999999995e-07 device_ms=0.0063339999999999994
PRODUCER_KERNEL_V1 stage=2 raw_iteration=4294967295 ordinal=23 kernel=evaluate_resident_target_terms threads=504666 begin_tick=1991659759306041 end_tick=1991659873618125 ms_per_tick=9.9999999999999995e-07 device_ms=114.312084
PRODUCER_KERNEL_V1 stage=2 raw_iteration=4294967295 ordinal=24 kernel=finalize_resident_target threads=1 begin_tick=1991659873633458 end_tick=1991659873636500 ms_per_tick=9.9999999999999995e-07 device_ms=0.003042
PRODUCER_KERNEL_V1 stage=2 raw_iteration=4294967295 ordinal=25 kernel=identify_resident_target threads=1 begin_tick=1991659873636916 end_tick=1991659873639875 ms_per_tick=9.9999999999999995e-07 device_ms=0.0029589999999999998
PRODUCER_KERNEL_V1 stage=2 raw_iteration=4294967295 ordinal=26 kernel=issue_resident_projection_consumer threads=1 begin_tick=1991659873640250 end_tick=1991659873644541 ms_per_tick=9.9999999999999995e-07 device_ms=0.0042909999999999997
PRODUCER_KERNEL_V1 stage=2 raw_iteration=4294967295 ordinal=27 kernel=consume_resident_target threads=1 begin_tick=1991659873645541 end_tick=1991659873649666 ms_per_tick=9.9999999999999995e-07 device_ms=0.0041250000000000002
PRODUCER_KERNEL_V1 stage=2 raw_iteration=4294967295 ordinal=28 kernel=owner_compose_target threads=504666 begin_tick=1991659873650083 end_tick=1991659873681333 ms_per_tick=9.9999999999999995e-07 device_ms=0.03125
PRODUCER_KERNEL_V1 stage=2 raw_iteration=4294967295 ordinal=29 kernel=finalize_resident_target threads=1 begin_tick=1991659873681791 end_tick=1991659873687833 ms_per_tick=9.9999999999999995e-07 device_ms=0.0060419999999999996
PRODUCER_KERNEL_V1 stage=2 raw_iteration=4294967295 ordinal=30 kernel=owner_identify_target threads=1 begin_tick=1991659873688250 end_tick=1991659873691291 ms_per_tick=9.9999999999999995e-07 device_ms=0.0030409999999999999
PRODUCER_KERNEL_V1 stage=2 raw_iteration=4294967295 ordinal=31 kernel=issue_resident_projection_consumer threads=1 begin_tick=1991659873691875 end_tick=1991659873694791 ms_per_tick=9.9999999999999995e-07 device_ms=0.0029159999999999998
PRODUCER_KERNEL_V1 stage=2 raw_iteration=4294967295 ordinal=32 kernel=consume_resident_target threads=1 begin_tick=1991659873695208 end_tick=1991659873698541 ms_per_tick=9.9999999999999995e-07 device_ms=0.003333
PRODUCER_KERNEL_V1 stage=2 raw_iteration=4294967295 ordinal=33 kernel=owner_issue_stage_seal threads=1 begin_tick=1991659873699041 end_tick=1991659873702208 ms_per_tick=9.9999999999999995e-07 device_ms=0.0031669999999999997
PRODUCER_KERNEL_V1 stage=2 raw_iteration=4294967295 ordinal=34 kernel=fct_compatible_stage_rate threads=1533387 begin_tick=1991659873702583 end_tick=1991659874209750 ms_per_tick=9.9999999999999995e-07 device_ms=0.50716699999999992
PRODUCER_KERNEL_V1 stage=2 raw_iteration=4294967295 ordinal=35 kernel=owner_heun_momentum threads=1533387 begin_tick=1991659874210250 end_tick=1991659874301458 ms_per_tick=9.9999999999999995e-07 device_ms=0.091207999999999997
RISE_FIRE_OWNER_PROFILE_V1 {"scope":72,"parent":69,"phase":"BuildStageProducerGroup","stage":2,"raw_iteration":4294967295,"iteration_kind":"bootstrap","wall_ms":272.543666000,"device_sum_ms":191.457750043,"wall_minus_device_ms":81.085915957,"exclusive_wall_ms":272.543666000,"exclusive_device_sum_ms":191.457750043,"child_observer_wall_ms":0.000000000,"count_scope":"inclusive","owner_commits":1,"projection_invocations":0}
RISE_FIRE_OWNER_PROFILE_V1 {"scope":75,"parent":74,"phase":"ProjectionAdapter","stage":2,"raw_iteration":0,"iteration_kind":"picard","wall_ms":11.863083000,"device_sum_ms":9.012874914,"wall_minus_device_ms":2.850208086,"exclusive_wall_ms":11.863083000,"exclusive_device_sum_ms":9.012874914,"child_observer_wall_ms":0.000000000,"count_scope":"inclusive","owner_commits":0,"projection_invocations":1}
RISE_FIRE_OWNER_PROFILE_V1 {"scope":74,"parent":73,"phase":"Project","stage":2,"raw_iteration":0,"iteration_kind":"picard","wall_ms":12.384000000,"device_sum_ms":9.055041708,"wall_minus_device_ms":3.328958292,"exclusive_wall_ms":0.513250000,"exclusive_device_sum_ms":0.042166794,"child_observer_wall_ms":0.007667000,"count_scope":"inclusive","owner_commits":2,"projection_invocations":1}
RISE_FIRE_OWNER_PROFILE_V1 {"scope":76,"parent":73,"phase":"ReadOpenClass","stage":2,"raw_iteration":0,"iteration_kind":"picard","wall_ms":0.159917000,"device_sum_ms":0.002375105,"wall_minus_device_ms":0.157541895,"exclusive_wall_ms":0.159917000,"exclusive_device_sum_ms":0.002375105,"child_observer_wall_ms":0.000000000,"count_scope":"inclusive","owner_commits":1,"projection_invocations":0}
RISE_FIRE_OWNER_PROFILE_V1 {"scope":77,"parent":73,"phase":"ReadOpenClass","stage":2,"raw_iteration":0,"iteration_kind":"picard","wall_ms":0.152042000,"device_sum_ms":0.002458226,"wall_minus_device_ms":0.149583774,"exclusive_wall_ms":0.152042000,"exclusive_device_sum_ms":0.002458226,"child_observer_wall_ms":0.000000000,"count_scope":"inclusive","owner_commits":1,"projection_invocations":0}
PRODUCER_COMMAND_V1 stage=2 raw_iteration=0 cpu_begin=1991659887292250 cpu_end=1991660160625958 gpu_begin=1991659887292250 gpu_end=1991660160625958 device_ms=192.37312511540949 encoders=36 interval_scope=possibly_overlapping
PRODUCER_KERNEL_V1 stage=2 raw_iteration=0 ordinal=0 kernel=owner_pack_faces threads=1533387 begin_tick=1991659968151666 end_tick=1991659968207791 ms_per_tick=9.9999999999999995e-07 device_ms=0.056124999999999994
PRODUCER_KERNEL_V1 stage=2 raw_iteration=0 ordinal=1 kernel=owner_pack_faces threads=1533387 begin_tick=1991659968207583 end_tick=1991659968498083 ms_per_tick=9.9999999999999995e-07 device_ms=0.29049999999999998
PRODUCER_KERNEL_V1 stage=2 raw_iteration=0 ordinal=2 kernel=owner_pack_faces threads=1533387 begin_tick=1991659968149541 end_tick=1991659968207583 ms_per_tick=9.9999999999999995e-07 device_ms=0.058041999999999996
PRODUCER_KERNEL_V1 stage=2 raw_iteration=0 ordinal=3 kernel=fct_extract_gas_density threads=504666 begin_tick=1991659968208208 end_tick=1991659968256833 ms_per_tick=9.9999999999999995e-07 device_ms=0.048624999999999995
PRODUCER_KERNEL_V1 stage=2 raw_iteration=0 ordinal=4 kernel=owner_gas_source threads=504666 begin_tick=1991659968498666 end_tick=1991659968697458 ms_per_tick=9.9999999999999995e-07 device_ms=0.198792
PRODUCER_KERNEL_V1 stage=2 raw_iteration=0 ordinal=5 kernel=evaluate_resident_transport threads=504666 begin_tick=1991659968256833 end_tick=1991659968716041 ms_per_tick=9.9999999999999995e-07 device_ms=0.45920800000000001
PRODUCER_KERNEL_V1 stage=2 raw_iteration=0 ordinal=6 kernel=identify_resident_transport threads=1 begin_tick=1991659968716458 end_tick=1991659968719625 ms_per_tick=9.9999999999999995e-07 device_ms=0.0031669999999999997
PRODUCER_KERNEL_V1 stage=2 raw_iteration=0 ordinal=7 kernel=owner_bind_transport threads=1 begin_tick=1991659968720125 end_tick=1991659968723625 ms_per_tick=9.9999999999999995e-07 device_ms=0.0034999999999999996
PRODUCER_KERNEL_V1 stage=2 raw_iteration=0 ordinal=8 kernel=identify_resident_owner_endpoint_class threads=1 begin_tick=1991659968723958 end_tick=1991659968727333 ms_per_tick=9.9999999999999995e-07 device_ms=0.003375
PRODUCER_KERNEL_V1 stage=2 raw_iteration=0 ordinal=9 kernel=evaluate_resident_physical_flux threads=1533387 begin_tick=1991659969664250 end_tick=1991659970776166 ms_per_tick=9.9999999999999995e-07 device_ms=1.1119159999999999
PRODUCER_KERNEL_V1 stage=2 raw_iteration=0 ordinal=10 kernel=evaluate_resident_advective_pair threads=13800483 begin_tick=1991659971106375 end_tick=1991659978440083 ms_per_tick=9.9999999999999995e-07 device_ms=7.3337079999999997
PRODUCER_KERNEL_V1 stage=2 raw_iteration=0 ordinal=11 kernel=finalize_resident_advective_high threads=13800483 begin_tick=1991659978459000 end_tick=1991659978881041 ms_per_tick=9.9999999999999995e-07 device_ms=0.422041
PRODUCER_KERNEL_V1 stage=2 raw_iteration=0 ordinal=12 kernel=compose_resident_flux_pair threads=13800483 begin_tick=1991659978881375 end_tick=1991659979762708 ms_per_tick=9.9999999999999995e-07 device_ms=0.88133299999999992
PRODUCER_KERNEL_V1 stage=2 raw_iteration=0 ordinal=13 kernel=validate_resident_physical_flux threads=13800483 begin_tick=1991659979763375 end_tick=1991659980619208 ms_per_tick=9.9999999999999995e-07 device_ms=0.85583299999999995
PRODUCER_KERNEL_V1 stage=2 raw_iteration=0 ordinal=14 kernel=identify_resident_physical_flux threads=32 begin_tick=1991659980619791 end_tick=1991659980623166 ms_per_tick=9.9999999999999995e-07 device_ms=0.003375
PRODUCER_KERNEL_V1 stage=2 raw_iteration=0 ordinal=15 kernel=owner_bind_candidate threads=1 begin_tick=1991659980623708 end_tick=1991659980627083 ms_per_tick=9.9999999999999995e-07 device_ms=0.003375
PRODUCER_KERNEL_V1 stage=2 raw_iteration=0 ordinal=16 kernel=finalize_resident_eos_candidate threads=1 begin_tick=1991659980628041 end_tick=1991659980630333 ms_per_tick=9.9999999999999995e-07 device_ms=0.0022919999999999998
PRODUCER_KERNEL_V1 stage=2 raw_iteration=0 ordinal=17 kernel=build_eos_endpoint_table threads=14 begin_tick=1991659980631041 end_tick=1991659980923750 ms_per_tick=9.9999999999999995e-07 device_ms=0.292709
PRODUCER_KERNEL_V1 stage=2 raw_iteration=0 ordinal=18 kernel=evaluate_resident_eos_candidate threads=504666 begin_tick=1991659980924166 end_tick=1991660045006750 ms_per_tick=9.9999999999999995e-07 device_ms=64.082583999999997
PRODUCER_KERNEL_V1 stage=2 raw_iteration=0 ordinal=19 kernel=finalize_resident_eos_candidate threads=1 begin_tick=1991660045025000 end_tick=1991660045027750 ms_per_tick=9.9999999999999995e-07 device_ms=0.0027499999999999998
PRODUCER_KERNEL_V1 stage=2 raw_iteration=0 ordinal=20 kernel=identify_resident_eos threads=1 begin_tick=1991660045028041 end_tick=1991660045031208 ms_per_tick=9.9999999999999995e-07 device_ms=0.0031669999999999997
PRODUCER_KERNEL_V1 stage=2 raw_iteration=0 ordinal=21 kernel=produce_resident_frozen_source threads=504666 begin_tick=1991660045031750 end_tick=1991660045062250 ms_per_tick=9.9999999999999995e-07 device_ms=0.030499999999999999
PRODUCER_KERNEL_V1 stage=2 raw_iteration=0 ordinal=22 kernel=identify_resident_frozen_source threads=1 begin_tick=1991660045062625 end_tick=1991660045069166 ms_per_tick=9.9999999999999995e-07 device_ms=0.0065409999999999999
PRODUCER_KERNEL_V1 stage=2 raw_iteration=0 ordinal=23 kernel=evaluate_resident_target_terms threads=504666 begin_tick=1991660045070333 end_tick=1991660159825208 ms_per_tick=9.9999999999999995e-07 device_ms=114.754875
PRODUCER_KERNEL_V1 stage=2 raw_iteration=0 ordinal=24 kernel=finalize_resident_target threads=1 begin_tick=1991660159840458 end_tick=1991660159843583 ms_per_tick=9.9999999999999995e-07 device_ms=0.0031249999999999997
PRODUCER_KERNEL_V1 stage=2 raw_iteration=0 ordinal=25 kernel=identify_resident_target threads=1 begin_tick=1991660159844041 end_tick=1991660159846958 ms_per_tick=9.9999999999999995e-07 device_ms=0.0029169999999999999
PRODUCER_KERNEL_V1 stage=2 raw_iteration=0 ordinal=26 kernel=issue_resident_projection_consumer threads=1 begin_tick=1991660159847375 end_tick=1991660159851583 ms_per_tick=9.9999999999999995e-07 device_ms=0.0042079999999999999
PRODUCER_KERNEL_V1 stage=2 raw_iteration=0 ordinal=27 kernel=consume_resident_target threads=1 begin_tick=1991660159852125 end_tick=1991660159855791 ms_per_tick=9.9999999999999995e-07 device_ms=0.003666
PRODUCER_KERNEL_V1 stage=2 raw_iteration=0 ordinal=28 kernel=owner_compose_target threads=504666 begin_tick=1991660159856125 end_tick=1991660159887208 ms_per_tick=9.9999999999999995e-07 device_ms=0.031083
PRODUCER_KERNEL_V1 stage=2 raw_iteration=0 ordinal=29 kernel=finalize_resident_target threads=1 begin_tick=1991660159887666 end_tick=1991660159890000 ms_per_tick=9.9999999999999995e-07 device_ms=0.0023339999999999997
PRODUCER_KERNEL_V1 stage=2 raw_iteration=0 ordinal=30 kernel=owner_identify_target threads=1 begin_tick=1991660159890291 end_tick=1991660159893125 ms_per_tick=9.9999999999999995e-07 device_ms=0.0028339999999999997
PRODUCER_KERNEL_V1 stage=2 raw_iteration=0 ordinal=31 kernel=issue_resident_projection_consumer threads=1 begin_tick=1991660159893708 end_tick=1991660159896625 ms_per_tick=9.9999999999999995e-07 device_ms=0.0029169999999999999
PRODUCER_KERNEL_V1 stage=2 raw_iteration=0 ordinal=32 kernel=consume_resident_target threads=1 begin_tick=1991660159897083 end_tick=1991660159900333 ms_per_tick=9.9999999999999995e-07 device_ms=0.0032499999999999999
PRODUCER_KERNEL_V1 stage=2 raw_iteration=0 ordinal=33 kernel=owner_issue_stage_seal threads=1 begin_tick=1991660159900875 end_tick=1991660159903833 ms_per_tick=9.9999999999999995e-07 device_ms=0.0029579999999999997
PRODUCER_KERNEL_V1 stage=2 raw_iteration=0 ordinal=34 kernel=fct_compatible_stage_rate threads=1533387 begin_tick=1991660159904291 end_tick=1991660160426125 ms_per_tick=9.9999999999999995e-07 device_ms=0.52183400000000002
PRODUCER_KERNEL_V1 stage=2 raw_iteration=0 ordinal=35 kernel=owner_heun_momentum threads=1533387 begin_tick=1991660160426541 end_tick=1991660160516583 ms_per_tick=9.9999999999999995e-07 device_ms=0.090041999999999997
RISE_FIRE_OWNER_PROFILE_V1 {"scope":78,"parent":73,"phase":"BuildStageProducerGroup","stage":2,"raw_iteration":0,"iteration_kind":"picard","wall_ms":273.475792000,"device_sum_ms":192.373125115,"wall_minus_device_ms":81.102666885,"exclusive_wall_ms":273.475792000,"exclusive_device_sum_ms":192.373125115,"child_observer_wall_ms":0.000000000,"count_scope":"inclusive","owner_commits":1,"projection_invocations":0}
RISE_FIRE_OWNER_PROFILE_V1 {"scope":79,"parent":73,"phase":"Residual","stage":2,"raw_iteration":0,"iteration_kind":"picard","wall_ms":0.203875000,"device_sum_ms":0.022333348,"wall_minus_device_ms":0.181541652,"exclusive_wall_ms":0.203875000,"exclusive_device_sum_ms":0.022333348,"child_observer_wall_ms":0.000000000,"count_scope":"inclusive","owner_commits":1,"projection_invocations":0}
RISE_FIRE_OWNER_PROFILE_V1 {"scope":73,"parent":69,"phase":"PicardIteration","stage":2,"raw_iteration":0,"iteration_kind":"picard","wall_ms":286.750208000,"device_sum_ms":201.455333503,"wall_minus_device_ms":85.294874497,"exclusive_wall_ms":0.347957000,"exclusive_device_sum_ms":0.000000000,"child_observer_wall_ms":0.026625000,"count_scope":"inclusive","owner_commits":6,"projection_invocations":1}
RISE_FIRE_OWNER_PROFILE_V1 {"scope":82,"parent":81,"phase":"ProjectionAdapter","stage":2,"raw_iteration":1,"iteration_kind":"picard","wall_ms":11.698875000,"device_sum_ms":8.799999952,"wall_minus_device_ms":2.898875048,"exclusive_wall_ms":11.698875000,"exclusive_device_sum_ms":8.799999952,"child_observer_wall_ms":0.000000000,"count_scope":"inclusive","owner_commits":0,"projection_invocations":1}
RISE_FIRE_OWNER_PROFILE_V1 {"scope":81,"parent":80,"phase":"Project","stage":2,"raw_iteration":1,"iteration_kind":"picard","wall_ms":12.856750000,"device_sum_ms":8.844083408,"wall_minus_device_ms":4.012666592,"exclusive_wall_ms":1.150500000,"exclusive_device_sum_ms":0.044083456,"child_observer_wall_ms":0.007375000,"count_scope":"inclusive","owner_commits":2,"projection_invocations":1}
RISE_FIRE_OWNER_PROFILE_V1 {"scope":83,"parent":80,"phase":"ReadOpenClass","stage":2,"raw_iteration":1,"iteration_kind":"picard","wall_ms":0.155791000,"device_sum_ms":0.002374873,"wall_minus_device_ms":0.153416127,"exclusive_wall_ms":0.155791000,"exclusive_device_sum_ms":0.002374873,"child_observer_wall_ms":0.000000000,"count_scope":"inclusive","owner_commits":1,"projection_invocations":0}
RISE_FIRE_OWNER_PROFILE_V1 {"scope":84,"parent":80,"phase":"ReadOpenClass","stage":2,"raw_iteration":1,"iteration_kind":"picard","wall_ms":0.143916000,"device_sum_ms":0.002583256,"wall_minus_device_ms":0.141332744,"exclusive_wall_ms":0.143916000,"exclusive_device_sum_ms":0.002583256,"child_observer_wall_ms":0.000000000,"count_scope":"inclusive","owner_commits":1,"projection_invocations":0}
PRODUCER_COMMAND_V1 stage=2 raw_iteration=1 cpu_begin=1991660174508666 cpu_end=1991660449360666 gpu_begin=1991660174508666 gpu_end=1991660449360666 device_ms=193.63474985584617 encoders=36 interval_scope=possibly_overlapping
PRODUCER_KERNEL_V1 stage=2 raw_iteration=1 ordinal=0 kernel=owner_pack_faces threads=1533387 begin_tick=1991660255622833 end_tick=1991660255679208 ms_per_tick=9.9999999999999995e-07 device_ms=0.056374999999999995
PRODUCER_KERNEL_V1 stage=2 raw_iteration=1 ordinal=1 kernel=owner_pack_faces threads=1533387 begin_tick=1991660255678958 end_tick=1991660256121250 ms_per_tick=9.9999999999999995e-07 device_ms=0.44229199999999996
PRODUCER_KERNEL_V1 stage=2 raw_iteration=1 ordinal=2 kernel=owner_pack_faces threads=1533387 begin_tick=1991660255619083 end_tick=1991660255678958 ms_per_tick=9.9999999999999995e-07 device_ms=0.059874999999999998
PRODUCER_KERNEL_V1 stage=2 raw_iteration=1 ordinal=3 kernel=fct_extract_gas_density threads=504666 begin_tick=1991660256121250 end_tick=1991660256144291 ms_per_tick=9.9999999999999995e-07 device_ms=0.023040999999999999
PRODUCER_KERNEL_V1 stage=2 raw_iteration=1 ordinal=4 kernel=owner_gas_source threads=504666 begin_tick=1991660256144291 end_tick=1991660256184041 ms_per_tick=9.9999999999999995e-07 device_ms=0.039750000000000001
PRODUCER_KERNEL_V1 stage=2 raw_iteration=1 ordinal=5 kernel=evaluate_resident_transport threads=504666 begin_tick=1991660255679583 end_tick=1991660256178208 ms_per_tick=9.9999999999999995e-07 device_ms=0.49862499999999998
PRODUCER_KERNEL_V1 stage=2 raw_iteration=1 ordinal=6 kernel=identify_resident_transport threads=1 begin_tick=1991660256178875 end_tick=1991660256184583 ms_per_tick=9.9999999999999995e-07 device_ms=0.0057079999999999995
PRODUCER_KERNEL_V1 stage=2 raw_iteration=1 ordinal=7 kernel=owner_bind_transport threads=1 begin_tick=1991660256185166 end_tick=1991660256188666 ms_per_tick=9.9999999999999995e-07 device_ms=0.0034999999999999996
PRODUCER_KERNEL_V1 stage=2 raw_iteration=1 ordinal=8 kernel=identify_resident_owner_endpoint_class threads=1 begin_tick=1991660256189000 end_tick=1991660256192375 ms_per_tick=9.9999999999999995e-07 device_ms=0.003375
PRODUCER_KERNEL_V1 stage=2 raw_iteration=1 ordinal=9 kernel=evaluate_resident_physical_flux threads=1533387 begin_tick=1991660257023291 end_tick=1991660258139875 ms_per_tick=9.9999999999999995e-07 device_ms=1.116584
PRODUCER_KERNEL_V1 stage=2 raw_iteration=1 ordinal=10 kernel=evaluate_resident_advective_pair threads=13800483 begin_tick=1991660258387625 end_tick=1991660265789416 ms_per_tick=9.9999999999999995e-07 device_ms=7.4017909999999993
PRODUCER_KERNEL_V1 stage=2 raw_iteration=1 ordinal=11 kernel=finalize_resident_advective_high threads=13800483 begin_tick=1991660265790000 end_tick=1991660266210750 ms_per_tick=9.9999999999999995e-07 device_ms=0.42074999999999996
PRODUCER_KERNEL_V1 stage=2 raw_iteration=1 ordinal=12 kernel=compose_resident_flux_pair threads=13800483 begin_tick=1991660266211125 end_tick=1991660267090125 ms_per_tick=9.9999999999999995e-07 device_ms=0.879
PRODUCER_KERNEL_V1 stage=2 raw_iteration=1 ordinal=13 kernel=validate_resident_physical_flux threads=13800483 begin_tick=1991660267090500 end_tick=1991660267918041 ms_per_tick=9.9999999999999995e-07 device_ms=0.82754099999999997
PRODUCER_KERNEL_V1 stage=2 raw_iteration=1 ordinal=14 kernel=identify_resident_physical_flux threads=32 begin_tick=1991660267918583 end_tick=1991660267922166 ms_per_tick=9.9999999999999995e-07 device_ms=0.0035829999999999998
PRODUCER_KERNEL_V1 stage=2 raw_iteration=1 ordinal=15 kernel=owner_bind_candidate threads=1 begin_tick=1991660267922666 end_tick=1991660267926250 ms_per_tick=9.9999999999999995e-07 device_ms=0.0035839999999999999
PRODUCER_KERNEL_V1 stage=2 raw_iteration=1 ordinal=16 kernel=finalize_resident_eos_candidate threads=1 begin_tick=1991660267927083 end_tick=1991660267929291 ms_per_tick=9.9999999999999995e-07 device_ms=0.0022079999999999999
PRODUCER_KERNEL_V1 stage=2 raw_iteration=1 ordinal=17 kernel=build_eos_endpoint_table threads=14 begin_tick=1991660267930000 end_tick=1991660268223125 ms_per_tick=9.9999999999999995e-07 device_ms=0.29312499999999997
PRODUCER_KERNEL_V1 stage=2 raw_iteration=1 ordinal=18 kernel=evaluate_resident_eos_candidate threads=504666 begin_tick=1991660268223541 end_tick=1991660333835708 ms_per_tick=9.9999999999999995e-07 device_ms=65.612166999999999
PRODUCER_KERNEL_V1 stage=2 raw_iteration=1 ordinal=19 kernel=finalize_resident_eos_candidate threads=1 begin_tick=1991660333851708 end_tick=1991660333854083 ms_per_tick=9.9999999999999995e-07 device_ms=0.0023749999999999999
PRODUCER_KERNEL_V1 stage=2 raw_iteration=1 ordinal=20 kernel=identify_resident_eos threads=1 begin_tick=1991660333854500 end_tick=1991660333857500 ms_per_tick=9.9999999999999995e-07 device_ms=0.0030000000000000001
PRODUCER_KERNEL_V1 stage=2 raw_iteration=1 ordinal=21 kernel=produce_resident_frozen_source threads=504666 begin_tick=1991660333858000 end_tick=1991660333886416 ms_per_tick=9.9999999999999995e-07 device_ms=0.028416
PRODUCER_KERNEL_V1 stage=2 raw_iteration=1 ordinal=22 kernel=identify_resident_frozen_source threads=1 begin_tick=1991660333886833 end_tick=1991660333893500 ms_per_tick=9.9999999999999995e-07 device_ms=0.0066669999999999993
PRODUCER_KERNEL_V1 stage=2 raw_iteration=1 ordinal=23 kernel=evaluate_resident_target_terms threads=504666 begin_tick=1991660333894541 end_tick=1991660448572541 ms_per_tick=9.9999999999999995e-07 device_ms=114.678
PRODUCER_KERNEL_V1 stage=2 raw_iteration=1 ordinal=24 kernel=finalize_resident_target threads=1 begin_tick=1991660448587916 end_tick=1991660448591708 ms_per_tick=9.9999999999999995e-07 device_ms=0.0037919999999999998
PRODUCER_KERNEL_V1 stage=2 raw_iteration=1 ordinal=25 kernel=identify_resident_target threads=1 begin_tick=1991660448592125 end_tick=1991660448595041 ms_per_tick=9.9999999999999995e-07 device_ms=0.0029159999999999998
PRODUCER_KERNEL_V1 stage=2 raw_iteration=1 ordinal=26 kernel=issue_resident_projection_consumer threads=1 begin_tick=1991660448595458 end_tick=1991660448599625 ms_per_tick=9.9999999999999995e-07 device_ms=0.0041669999999999997
PRODUCER_KERNEL_V1 stage=2 raw_iteration=1 ordinal=27 kernel=consume_resident_target threads=1 begin_tick=1991660448600916 end_tick=1991660448604958 ms_per_tick=9.9999999999999995e-07 device_ms=0.0040419999999999996
PRODUCER_KERNEL_V1 stage=2 raw_iteration=1 ordinal=28 kernel=owner_compose_target threads=504666 begin_tick=1991660448605250 end_tick=1991660448636333 ms_per_tick=9.9999999999999995e-07 device_ms=0.031083
PRODUCER_KERNEL_V1 stage=2 raw_iteration=1 ordinal=29 kernel=finalize_resident_target threads=1 begin_tick=1991660448636916 end_tick=1991660448639208 ms_per_tick=9.9999999999999995e-07 device_ms=0.0022919999999999998
PRODUCER_KERNEL_V1 stage=2 raw_iteration=1 ordinal=30 kernel=owner_identify_target threads=1 begin_tick=1991660448639625 end_tick=1991660448642833 ms_per_tick=9.9999999999999995e-07 device_ms=0.0032079999999999999
PRODUCER_KERNEL_V1 stage=2 raw_iteration=1 ordinal=31 kernel=issue_resident_projection_consumer threads=1 begin_tick=1991660448643416 end_tick=1991660448646208 ms_per_tick=9.9999999999999995e-07 device_ms=0.0027919999999999998
PRODUCER_KERNEL_V1 stage=2 raw_iteration=1 ordinal=32 kernel=consume_resident_target threads=1 begin_tick=1991660448646625 end_tick=1991660448650208 ms_per_tick=9.9999999999999995e-07 device_ms=0.0035829999999999998
PRODUCER_KERNEL_V1 stage=2 raw_iteration=1 ordinal=33 kernel=owner_issue_stage_seal threads=1 begin_tick=1991660448650750 end_tick=1991660448653750 ms_per_tick=9.9999999999999995e-07 device_ms=0.0030000000000000001
PRODUCER_KERNEL_V1 stage=2 raw_iteration=1 ordinal=34 kernel=fct_compatible_stage_rate threads=1533387 begin_tick=1991660448654125 end_tick=1991660449155708 ms_per_tick=9.9999999999999995e-07 device_ms=0.501583
PRODUCER_KERNEL_V1 stage=2 raw_iteration=1 ordinal=35 kernel=owner_heun_momentum threads=1533387 begin_tick=1991660449156166 end_tick=1991660449248166 ms_per_tick=9.9999999999999995e-07 device_ms=0.091999999999999998
RISE_FIRE_OWNER_PROFILE_V1 {"scope":85,"parent":80,"phase":"BuildStageProducerGroup","stage":2,"raw_iteration":1,"iteration_kind":"picard","wall_ms":274.992500000,"device_sum_ms":193.634749856,"wall_minus_device_ms":81.357750144,"exclusive_wall_ms":274.992500000,"exclusive_device_sum_ms":193.634749856,"child_observer_wall_ms":0.000000000,"count_scope":"inclusive","owner_commits":1,"projection_invocations":0}
RISE_FIRE_OWNER_PROFILE_V1 {"scope":86,"parent":80,"phase":"Residual","stage":2,"raw_iteration":1,"iteration_kind":"picard","wall_ms":0.303708000,"device_sum_ms":0.110999914,"wall_minus_device_ms":0.192708086,"exclusive_wall_ms":0.303708000,"exclusive_device_sum_ms":0.110999914,"child_observer_wall_ms":0.000000000,"count_scope":"inclusive","owner_commits":1,"projection_invocations":0}
RISE_FIRE_OWNER_PROFILE_V1 {"scope":80,"parent":69,"phase":"PicardIteration","stage":2,"raw_iteration":1,"iteration_kind":"picard","wall_ms":288.821459000,"device_sum_ms":202.594791306,"wall_minus_device_ms":86.226667694,"exclusive_wall_ms":0.344626000,"exclusive_device_sum_ms":0.000000000,"child_observer_wall_ms":0.024168000,"count_scope":"inclusive","owner_commits":6,"projection_invocations":1}
RISE_FIRE_OWNER_PROFILE_V1 {"scope":89,"parent":88,"phase":"ProjectionAdapter","stage":2,"raw_iteration":2,"iteration_kind":"picard","wall_ms":12.076250000,"device_sum_ms":9.277791949,"wall_minus_device_ms":2.798458051,"exclusive_wall_ms":12.076250000,"exclusive_device_sum_ms":9.277791949,"child_observer_wall_ms":0.000000000,"count_scope":"inclusive","owner_commits":0,"projection_invocations":1}
RISE_FIRE_OWNER_PROFILE_V1 {"scope":88,"parent":87,"phase":"Project","stage":2,"raw_iteration":2,"iteration_kind":"picard","wall_ms":13.245916000,"device_sum_ms":9.318833472,"wall_minus_device_ms":3.927082528,"exclusive_wall_ms":1.164374000,"exclusive_device_sum_ms":0.041041523,"child_observer_wall_ms":0.005292000,"count_scope":"inclusive","owner_commits":2,"projection_invocations":1}
RISE_FIRE_OWNER_PROFILE_V1 {"scope":90,"parent":87,"phase":"ReadOpenClass","stage":2,"raw_iteration":2,"iteration_kind":"picard","wall_ms":0.149125000,"device_sum_ms":0.002416549,"wall_minus_device_ms":0.146708451,"exclusive_wall_ms":0.149125000,"exclusive_device_sum_ms":0.002416549,"child_observer_wall_ms":0.000000000,"count_scope":"inclusive","owner_commits":1,"projection_invocations":0}
RISE_FIRE_OWNER_PROFILE_V1 {"scope":91,"parent":87,"phase":"ReadOpenClass","stage":2,"raw_iteration":2,"iteration_kind":"picard","wall_ms":0.168792000,"device_sum_ms":0.002208399,"wall_minus_device_ms":0.166583601,"exclusive_wall_ms":0.168792000,"exclusive_device_sum_ms":0.002208399,"child_observer_wall_ms":0.000000000,"count_scope":"inclusive","owner_commits":1,"projection_invocations":0}
PRODUCER_COMMAND_V1 stage=2 raw_iteration=2 cpu_begin=1991660463741875 cpu_end=1991660737909500 gpu_begin=1991660463741875 gpu_end=1991660737909500 device_ms=193.51333333179355 encoders=36 interval_scope=possibly_overlapping
PRODUCER_KERNEL_V1 stage=2 raw_iteration=2 ordinal=0 kernel=owner_pack_faces threads=1533387 begin_tick=1991660544420583 end_tick=1991660544470708 ms_per_tick=9.9999999999999995e-07 device_ms=0.050124999999999996
PRODUCER_KERNEL_V1 stage=2 raw_iteration=2 ordinal=1 kernel=owner_pack_faces threads=1533387 begin_tick=1991660544531083 end_tick=1991660544581541 ms_per_tick=9.9999999999999995e-07 device_ms=0.050457999999999996
PRODUCER_KERNEL_V1 stage=2 raw_iteration=2 ordinal=2 kernel=owner_pack_faces threads=1533387 begin_tick=1991660544608208 end_tick=1991660544681250 ms_per_tick=9.9999999999999995e-07 device_ms=0.073041999999999996
PRODUCER_KERNEL_V1 stage=2 raw_iteration=2 ordinal=3 kernel=fct_extract_gas_density threads=504666 begin_tick=1991660544649250 end_tick=1991660544699125 ms_per_tick=9.9999999999999995e-07 device_ms=0.049874999999999996
PRODUCER_KERNEL_V1 stage=2 raw_iteration=2 ordinal=4 kernel=owner_gas_source threads=504666 begin_tick=1991660544723916 end_tick=1991660544766125 ms_per_tick=9.9999999999999995e-07 device_ms=0.042208999999999997
PRODUCER_KERNEL_V1 stage=2 raw_iteration=2 ordinal=5 kernel=evaluate_resident_transport threads=504666 begin_tick=1991660544829208 end_tick=1991660545283083 ms_per_tick=9.9999999999999995e-07 device_ms=0.45387499999999997
PRODUCER_KERNEL_V1 stage=2 raw_iteration=2 ordinal=6 kernel=identify_resident_transport threads=1 begin_tick=1991660545283458 end_tick=1991660545286583 ms_per_tick=9.9999999999999995e-07 device_ms=0.0031249999999999997
PRODUCER_KERNEL_V1 stage=2 raw_iteration=2 ordinal=7 kernel=owner_bind_transport threads=1 begin_tick=1991660545287166 end_tick=1991660545290625 ms_per_tick=9.9999999999999995e-07 device_ms=0.0034589999999999998
PRODUCER_KERNEL_V1 stage=2 raw_iteration=2 ordinal=8 kernel=identify_resident_owner_endpoint_class threads=1 begin_tick=1991660545291541 end_tick=1991660545294958 ms_per_tick=9.9999999999999995e-07 device_ms=0.0034169999999999999
PRODUCER_KERNEL_V1 stage=2 raw_iteration=2 ordinal=9 kernel=evaluate_resident_physical_flux threads=1533387 begin_tick=1991660546262583 end_tick=1991660547371666 ms_per_tick=9.9999999999999995e-07 device_ms=1.109083
PRODUCER_KERNEL_V1 stage=2 raw_iteration=2 ordinal=10 kernel=evaluate_resident_advective_pair threads=13800483 begin_tick=1991660547772666 end_tick=1991660554922708 ms_per_tick=9.9999999999999995e-07 device_ms=7.150042
PRODUCER_KERNEL_V1 stage=2 raw_iteration=2 ordinal=11 kernel=finalize_resident_advective_high threads=13800483 begin_tick=1991660554923333 end_tick=1991660555343041 ms_per_tick=9.9999999999999995e-07 device_ms=0.41970799999999997
PRODUCER_KERNEL_V1 stage=2 raw_iteration=2 ordinal=12 kernel=compose_resident_flux_pair threads=13800483 begin_tick=1991660555343416 end_tick=1991660556225833 ms_per_tick=9.9999999999999995e-07 device_ms=0.88241700000000001
PRODUCER_KERNEL_V1 stage=2 raw_iteration=2 ordinal=13 kernel=validate_resident_physical_flux threads=13800483 begin_tick=1991660556226500 end_tick=1991660557085625 ms_per_tick=9.9999999999999995e-07 device_ms=0.85912499999999992
PRODUCER_KERNEL_V1 stage=2 raw_iteration=2 ordinal=14 kernel=identify_resident_physical_flux threads=32 begin_tick=1991660557086333 end_tick=1991660557089708 ms_per_tick=9.9999999999999995e-07 device_ms=0.003375
PRODUCER_KERNEL_V1 stage=2 raw_iteration=2 ordinal=15 kernel=owner_bind_candidate threads=1 begin_tick=1991660557090208 end_tick=1991660557093708 ms_per_tick=9.9999999999999995e-07 device_ms=0.0034999999999999996
PRODUCER_KERNEL_V1 stage=2 raw_iteration=2 ordinal=16 kernel=finalize_resident_eos_candidate threads=1 begin_tick=1991660557094333 end_tick=1991660557096541 ms_per_tick=9.9999999999999995e-07 device_ms=0.0022079999999999999
PRODUCER_KERNEL_V1 stage=2 raw_iteration=2 ordinal=17 kernel=build_eos_endpoint_table threads=14 begin_tick=1991660557097208 end_tick=1991660557389291 ms_per_tick=9.9999999999999995e-07 device_ms=0.29208299999999998
PRODUCER_KERNEL_V1 stage=2 raw_iteration=2 ordinal=18 kernel=evaluate_resident_eos_candidate threads=504666 begin_tick=1991660557389625 end_tick=1991660622935583 ms_per_tick=9.9999999999999995e-07 device_ms=65.545957999999999
PRODUCER_KERNEL_V1 stage=2 raw_iteration=2 ordinal=19 kernel=finalize_resident_eos_candidate threads=1 begin_tick=1991660622951625 end_tick=1991660622954166 ms_per_tick=9.9999999999999995e-07 device_ms=0.0025409999999999999
PRODUCER_KERNEL_V1 stage=2 raw_iteration=2 ordinal=20 kernel=identify_resident_eos threads=1 begin_tick=1991660622954458 end_tick=1991660622957916 ms_per_tick=9.9999999999999995e-07 device_ms=0.0034579999999999997
PRODUCER_KERNEL_V1 stage=2 raw_iteration=2 ordinal=21 kernel=produce_resident_frozen_source threads=504666 begin_tick=1991660622958458 end_tick=1991660622992916 ms_per_tick=9.9999999999999995e-07 device_ms=0.034457999999999996
PRODUCER_KERNEL_V1 stage=2 raw_iteration=2 ordinal=22 kernel=identify_resident_frozen_source threads=1 begin_tick=1991660622993208 end_tick=1991660622999083 ms_per_tick=9.9999999999999995e-07 device_ms=0.005875
PRODUCER_KERNEL_V1 stage=2 raw_iteration=2 ordinal=23 kernel=evaluate_resident_target_terms threads=504666 begin_tick=1991660622999541 end_tick=1991660737089583 ms_per_tick=9.9999999999999995e-07 device_ms=114.090042
PRODUCER_KERNEL_V1 stage=2 raw_iteration=2 ordinal=24 kernel=finalize_resident_target threads=1 begin_tick=1991660737104541 end_tick=1991660737107583 ms_per_tick=9.9999999999999995e-07 device_ms=0.003042
PRODUCER_KERNEL_V1 stage=2 raw_iteration=2 ordinal=25 kernel=identify_resident_target threads=1 begin_tick=1991660737108041 end_tick=1991660737114208 ms_per_tick=9.9999999999999995e-07 device_ms=0.0061669999999999997
PRODUCER_KERNEL_V1 stage=2 raw_iteration=2 ordinal=26 kernel=issue_resident_projection_consumer threads=1 begin_tick=1991660737114541 end_tick=1991660737118583 ms_per_tick=9.9999999999999995e-07 device_ms=0.0040419999999999996
PRODUCER_KERNEL_V1 stage=2 raw_iteration=2 ordinal=27 kernel=consume_resident_target threads=1 begin_tick=1991660737119166 end_tick=1991660737123500 ms_per_tick=9.9999999999999995e-07 device_ms=0.0043340000000000002
PRODUCER_KERNEL_V1 stage=2 raw_iteration=2 ordinal=28 kernel=owner_compose_target threads=504666 begin_tick=1991660737123916 end_tick=1991660737154958 ms_per_tick=9.9999999999999995e-07 device_ms=0.031042
PRODUCER_KERNEL_V1 stage=2 raw_iteration=2 ordinal=29 kernel=finalize_resident_target threads=1 begin_tick=1991660737155416 end_tick=1991660737161166 ms_per_tick=9.9999999999999995e-07 device_ms=0.0057499999999999999
PRODUCER_KERNEL_V1 stage=2 raw_iteration=2 ordinal=30 kernel=owner_identify_target threads=1 begin_tick=1991660737161500 end_tick=1991660737164291 ms_per_tick=9.9999999999999995e-07 device_ms=0.0027910000000000001
PRODUCER_KERNEL_V1 stage=2 raw_iteration=2 ordinal=31 kernel=issue_resident_projection_consumer threads=1 begin_tick=1991660737164750 end_tick=1991660737168083 ms_per_tick=9.9999999999999995e-07 device_ms=0.003333
PRODUCER_KERNEL_V1 stage=2 raw_iteration=2 ordinal=32 kernel=consume_resident_target threads=1 begin_tick=1991660737168416 end_tick=1991660737171750 ms_per_tick=9.9999999999999995e-07 device_ms=0.0033339999999999997
PRODUCER_KERNEL_V1 stage=2 raw_iteration=2 ordinal=33 kernel=owner_issue_stage_seal threads=1 begin_tick=1991660737172208 end_tick=1991660737175708 ms_per_tick=9.9999999999999995e-07 device_ms=0.0034999999999999996
PRODUCER_KERNEL_V1 stage=2 raw_iteration=2 ordinal=34 kernel=fct_compatible_stage_rate threads=1533387 begin_tick=1991660737176125 end_tick=1991660737688583 ms_per_tick=9.9999999999999995e-07 device_ms=0.51245799999999997
PRODUCER_KERNEL_V1 stage=2 raw_iteration=2 ordinal=35 kernel=owner_heun_momentum threads=1533387 begin_tick=1991660737688958 end_tick=1991660737783000 ms_per_tick=9.9999999999999995e-07 device_ms=0.094042000000000001
RISE_FIRE_OWNER_PROFILE_V1 {"scope":92,"parent":87,"phase":"BuildStageProducerGroup","stage":2,"raw_iteration":2,"iteration_kind":"picard","wall_ms":274.307875000,"device_sum_ms":193.513333332,"wall_minus_device_ms":80.794541668,"exclusive_wall_ms":274.307875000,"exclusive_device_sum_ms":193.513333332,"child_observer_wall_ms":0.000000000,"count_scope":"inclusive","owner_commits":1,"projection_invocations":0}
RISE_FIRE_OWNER_PROFILE_V1 {"scope":93,"parent":87,"phase":"Residual","stage":2,"raw_iteration":2,"iteration_kind":"picard","wall_ms":0.304166000,"device_sum_ms":0.115500065,"wall_minus_device_ms":0.188665935,"exclusive_wall_ms":0.304166000,"exclusive_device_sum_ms":0.115500065,"child_observer_wall_ms":0.000000000,"count_scope":"inclusive","owner_commits":1,"projection_invocations":0}
RISE_FIRE_OWNER_PROFILE_V1 {"scope":96,"parent":95,"phase":"ProjectionAdapter","stage":2,"raw_iteration":2147483650,"iteration_kind":"terminal","wall_ms":12.290000000,"device_sum_ms":9.507916635,"wall_minus_device_ms":2.782083365,"exclusive_wall_ms":12.290000000,"exclusive_device_sum_ms":9.507916635,"child_observer_wall_ms":0.000000000,"count_scope":"inclusive","owner_commits":0,"projection_invocations":1}
RISE_FIRE_OWNER_PROFILE_V1 {"scope":95,"parent":94,"phase":"Project","stage":2,"raw_iteration":2147483650,"iteration_kind":"terminal","wall_ms":12.776375000,"device_sum_ms":9.546333225,"wall_minus_device_ms":3.230041775,"exclusive_wall_ms":0.480750000,"exclusive_device_sum_ms":0.038416591,"child_observer_wall_ms":0.005625000,"count_scope":"inclusive","owner_commits":2,"projection_invocations":1}
RISE_FIRE_OWNER_PROFILE_V1 {"scope":97,"parent":94,"phase":"ReadOpenClass","stage":2,"raw_iteration":2147483650,"iteration_kind":"terminal","wall_ms":0.158042000,"device_sum_ms":0.002500135,"wall_minus_device_ms":0.155541865,"exclusive_wall_ms":0.158042000,"exclusive_device_sum_ms":0.002500135,"child_observer_wall_ms":0.000000000,"count_scope":"inclusive","owner_commits":1,"projection_invocations":0}
RISE_FIRE_OWNER_PROFILE_V1 {"scope":98,"parent":94,"phase":"ReadOpenClass","stage":2,"raw_iteration":2147483650,"iteration_kind":"terminal","wall_ms":0.148292000,"device_sum_ms":0.002416549,"wall_minus_device_ms":0.145875451,"exclusive_wall_ms":0.148292000,"exclusive_device_sum_ms":0.002416549,"child_observer_wall_ms":0.000000000,"count_scope":"inclusive","owner_commits":1,"projection_invocations":0}
PRODUCER_COMMAND_V1 stage=2 raw_iteration=2147483650 cpu_begin=1991660751461458 cpu_end=1991661023951500 gpu_begin=1991660751461458 gpu_end=1991661023951500 device_ms=191.8722081463784 encoders=36 interval_scope=possibly_overlapping
PRODUCER_KERNEL_V1 stage=2 raw_iteration=2147483650 ordinal=0 kernel=owner_pack_faces threads=1533387 begin_tick=1991660832084041 end_tick=1991660832134916 ms_per_tick=9.9999999999999995e-07 device_ms=0.050874999999999997
PRODUCER_KERNEL_V1 stage=2 raw_iteration=2147483650 ordinal=1 kernel=owner_pack_faces threads=1533387 begin_tick=1991660832182625 end_tick=1991660832232875 ms_per_tick=9.9999999999999995e-07 device_ms=0.050249999999999996
PRODUCER_KERNEL_V1 stage=2 raw_iteration=2147483650 ordinal=2 kernel=owner_pack_faces threads=1533387 begin_tick=1991660832259166 end_tick=1991660832310208 ms_per_tick=9.9999999999999995e-07 device_ms=0.051041999999999997
PRODUCER_KERNEL_V1 stage=2 raw_iteration=2147483650 ordinal=3 kernel=fct_extract_gas_density threads=504666 begin_tick=1991660832305125 end_tick=1991660832353958 ms_per_tick=9.9999999999999995e-07 device_ms=0.048832999999999994
PRODUCER_KERNEL_V1 stage=2 raw_iteration=2147483650 ordinal=4 kernel=owner_gas_source threads=504666 begin_tick=1991660832386958 end_tick=1991660832429500 ms_per_tick=9.9999999999999995e-07 device_ms=0.042541999999999996
PRODUCER_KERNEL_V1 stage=2 raw_iteration=2147483650 ordinal=5 kernel=evaluate_resident_transport threads=504666 begin_tick=1991660832476500 end_tick=1991660832931458 ms_per_tick=9.9999999999999995e-07 device_ms=0.45495799999999997
PRODUCER_KERNEL_V1 stage=2 raw_iteration=2147483650 ordinal=6 kernel=identify_resident_transport threads=1 begin_tick=1991660832931833 end_tick=1991660832934916 ms_per_tick=9.9999999999999995e-07 device_ms=0.0030829999999999998
PRODUCER_KERNEL_V1 stage=2 raw_iteration=2147483650 ordinal=7 kernel=owner_bind_transport threads=1 begin_tick=1991660832935375 end_tick=1991660832939333 ms_per_tick=9.9999999999999995e-07 device_ms=0.0039579999999999997
PRODUCER_KERNEL_V1 stage=2 raw_iteration=2147483650 ordinal=8 kernel=identify_resident_owner_endpoint_class threads=1 begin_tick=1991660832939750 end_tick=1991660832942958 ms_per_tick=9.9999999999999995e-07 device_ms=0.0032079999999999999
PRODUCER_KERNEL_V1 stage=2 raw_iteration=2147483650 ordinal=9 kernel=evaluate_resident_physical_flux threads=1533387 begin_tick=1991660833904541 end_tick=1991660835017666 ms_per_tick=9.9999999999999995e-07 device_ms=1.1131249999999999
PRODUCER_KERNEL_V1 stage=2 raw_iteration=2147483650 ordinal=10 kernel=evaluate_resident_advective_pair threads=13800483 begin_tick=1991660835297916 end_tick=1991660842475208 ms_per_tick=9.9999999999999995e-07 device_ms=7.1772919999999996
PRODUCER_KERNEL_V1 stage=2 raw_iteration=2147483650 ordinal=11 kernel=finalize_resident_advective_high threads=13800483 begin_tick=1991660842475958 end_tick=1991660842894458 ms_per_tick=9.9999999999999995e-07 device_ms=0.41849999999999998
PRODUCER_KERNEL_V1 stage=2 raw_iteration=2147483650 ordinal=12 kernel=compose_resident_flux_pair threads=13800483 begin_tick=1991660842894833 end_tick=1991660843929625 ms_per_tick=9.9999999999999995e-07 device_ms=1.0347919999999999
PRODUCER_KERNEL_V1 stage=2 raw_iteration=2147483650 ordinal=13 kernel=validate_resident_physical_flux threads=13800483 begin_tick=1991660843930291 end_tick=1991660844759875 ms_per_tick=9.9999999999999995e-07 device_ms=0.82958399999999999
PRODUCER_KERNEL_V1 stage=2 raw_iteration=2147483650 ordinal=14 kernel=identify_resident_physical_flux threads=32 begin_tick=1991660844760416 end_tick=1991660844763958 ms_per_tick=9.9999999999999995e-07 device_ms=0.003542
PRODUCER_KERNEL_V1 stage=2 raw_iteration=2147483650 ordinal=15 kernel=owner_bind_candidate threads=1 begin_tick=1991660844764458 end_tick=1991660844768083 ms_per_tick=9.9999999999999995e-07 device_ms=0.0036249999999999998
PRODUCER_KERNEL_V1 stage=2 raw_iteration=2147483650 ordinal=16 kernel=finalize_resident_eos_candidate threads=1 begin_tick=1991660844768541 end_tick=1991660844770708 ms_per_tick=9.9999999999999995e-07 device_ms=0.0021670000000000001
PRODUCER_KERNEL_V1 stage=2 raw_iteration=2147483650 ordinal=17 kernel=build_eos_endpoint_table threads=14 begin_tick=1991660844771416 end_tick=1991660845064750 ms_per_tick=9.9999999999999995e-07 device_ms=0.29333399999999998
PRODUCER_KERNEL_V1 stage=2 raw_iteration=2147483650 ordinal=18 kernel=evaluate_resident_eos_candidate threads=504666 begin_tick=1991660845065166 end_tick=1991660908945791 ms_per_tick=9.9999999999999995e-07 device_ms=63.880624999999995
PRODUCER_KERNEL_V1 stage=2 raw_iteration=2147483650 ordinal=19 kernel=finalize_resident_eos_candidate threads=1 begin_tick=1991660908962291 end_tick=1991660908965458 ms_per_tick=9.9999999999999995e-07 device_ms=0.0031669999999999997
PRODUCER_KERNEL_V1 stage=2 raw_iteration=2147483650 ordinal=20 kernel=identify_resident_eos threads=1 begin_tick=1991660908965791 end_tick=1991660908968625 ms_per_tick=9.9999999999999995e-07 device_ms=0.0028339999999999997
PRODUCER_KERNEL_V1 stage=2 raw_iteration=2147483650 ordinal=21 kernel=produce_resident_frozen_source threads=504666 begin_tick=1991660908969083 end_tick=1991660909000125 ms_per_tick=9.9999999999999995e-07 device_ms=0.031042
PRODUCER_KERNEL_V1 stage=2 raw_iteration=2147483650 ordinal=22 kernel=identify_resident_frozen_source threads=1 begin_tick=1991660909000541 end_tick=1991660909006791 ms_per_tick=9.9999999999999995e-07 device_ms=0.0062499999999999995
PRODUCER_KERNEL_V1 stage=2 raw_iteration=2147483650 ordinal=23 kernel=evaluate_resident_target_terms threads=504666 begin_tick=1991660909007333 end_tick=1991661023142125 ms_per_tick=9.9999999999999995e-07 device_ms=114.13479199999999
PRODUCER_KERNEL_V1 stage=2 raw_iteration=2147483650 ordinal=24 kernel=finalize_resident_target threads=1 begin_tick=1991661023156916 end_tick=1991661023160083 ms_per_tick=9.9999999999999995e-07 device_ms=0.0031669999999999997
PRODUCER_KERNEL_V1 stage=2 raw_iteration=2147483650 ordinal=25 kernel=identify_resident_target threads=1 begin_tick=1991661023160500 end_tick=1991661023163458 ms_per_tick=9.9999999999999995e-07 device_ms=0.0029579999999999997
PRODUCER_KERNEL_V1 stage=2 raw_iteration=2147483650 ordinal=26 kernel=issue_resident_projection_consumer threads=1 begin_tick=1991661023163833 end_tick=1991661023168166 ms_per_tick=9.9999999999999995e-07 device_ms=0.004333
PRODUCER_KERNEL_V1 stage=2 raw_iteration=2147483650 ordinal=27 kernel=consume_resident_target threads=1 begin_tick=1991661023168583 end_tick=1991661023172541 ms_per_tick=9.9999999999999995e-07 device_ms=0.0039579999999999997
PRODUCER_KERNEL_V1 stage=2 raw_iteration=2147483650 ordinal=28 kernel=owner_compose_target threads=504666 begin_tick=1991661023172958 end_tick=1991661023203625 ms_per_tick=9.9999999999999995e-07 device_ms=0.030667
PRODUCER_KERNEL_V1 stage=2 raw_iteration=2147483650 ordinal=29 kernel=finalize_resident_target threads=1 begin_tick=1991661023204083 end_tick=1991661023206291 ms_per_tick=9.9999999999999995e-07 device_ms=0.0022079999999999999
PRODUCER_KERNEL_V1 stage=2 raw_iteration=2147483650 ordinal=30 kernel=owner_identify_target threads=1 begin_tick=1991661023206708 end_tick=1991661023212666 ms_per_tick=9.9999999999999995e-07 device_ms=0.0059579999999999998
PRODUCER_KERNEL_V1 stage=2 raw_iteration=2147483650 ordinal=31 kernel=issue_resident_projection_consumer threads=1 begin_tick=1991661023213250 end_tick=1991661023216083 ms_per_tick=9.9999999999999995e-07 device_ms=0.002833
PRODUCER_KERNEL_V1 stage=2 raw_iteration=2147483650 ordinal=32 kernel=consume_resident_target threads=1 begin_tick=1991661023216541 end_tick=1991661023220000 ms_per_tick=9.9999999999999995e-07 device_ms=0.0034589999999999998
PRODUCER_KERNEL_V1 stage=2 raw_iteration=2147483650 ordinal=33 kernel=owner_issue_stage_seal threads=1 begin_tick=1991661023220541 end_tick=1991661023223625 ms_per_tick=9.9999999999999995e-07 device_ms=0.0030839999999999999
PRODUCER_KERNEL_V1 stage=2 raw_iteration=2147483650 ordinal=34 kernel=fct_compatible_stage_rate threads=1533387 begin_tick=1991661023224416 end_tick=1991661023732291 ms_per_tick=9.9999999999999995e-07 device_ms=0.50787499999999997
PRODUCER_KERNEL_V1 stage=2 raw_iteration=2147483650 ordinal=35 kernel=owner_heun_momentum threads=1533387 begin_tick=1991661023732708 end_tick=1991661023822416 ms_per_tick=9.9999999999999995e-07 device_ms=0.089707999999999996
RISE_FIRE_OWNER_PROFILE_V1 {"scope":99,"parent":94,"phase":"BuildStageProducerGroup","stage":2,"raw_iteration":2147483650,"iteration_kind":"terminal","wall_ms":272.625125000,"device_sum_ms":191.872208146,"wall_minus_device_ms":80.752916854,"exclusive_wall_ms":272.625125000,"exclusive_device_sum_ms":191.872208146,"child_observer_wall_ms":0.000000000,"count_scope":"inclusive","owner_commits":1,"projection_invocations":0}
RISE_FIRE_OWNER_PROFILE_V1 {"scope":100,"parent":94,"phase":"Residual","stage":2,"raw_iteration":2147483650,"iteration_kind":"terminal","wall_ms":0.299833000,"device_sum_ms":0.113124959,"wall_minus_device_ms":0.186708041,"exclusive_wall_ms":0.299833000,"exclusive_device_sum_ms":0.113124959,"child_observer_wall_ms":0.000000000,"count_scope":"inclusive","owner_commits":1,"projection_invocations":0}
RISE_FIRE_OWNER_PROFILE_V1 {"scope":94,"parent":87,"phase":"TerminalVerification","stage":2,"raw_iteration":2147483650,"iteration_kind":"terminal","wall_ms":286.034708000,"device_sum_ms":201.536583016,"wall_minus_device_ms":84.498124984,"exclusive_wall_ms":0.003792000,"exclusive_device_sum_ms":0.000000000,"child_observer_wall_ms":0.023249000,"count_scope":"inclusive","owner_commits":6,"projection_invocations":1}
RISE_FIRE_OWNER_PROFILE_V1 {"scope":87,"parent":69,"phase":"PicardIteration","stage":2,"raw_iteration":2,"iteration_kind":"picard","wall_ms":574.685375000,"device_sum_ms":404.488874832,"wall_minus_device_ms":170.196500168,"exclusive_wall_ms":0.444168000,"exclusive_device_sum_ms":0.000000000,"child_observer_wall_ms":0.030625000,"count_scope":"inclusive","owner_commits":12,"projection_invocations":2}
RISE_FIRE_OWNER_PROFILE_V1 {"scope":69,"parent":1,"phase":"SolveStage","stage":2,"raw_iteration":4294967295,"iteration_kind":"bootstrap","wall_ms":1436.461917000,"device_sum_ms":1008.883999428,"wall_minus_device_ms":427.577917572,"exclusive_wall_ms":1.505167000,"exclusive_device_sum_ms":0.000000000,"child_observer_wall_ms":0.021583000,"count_scope":"inclusive","owner_commits":27,"projection_invocations":5}
RISE_FIRE_OWNER_PROFILE_V1 {"scope":101,"parent":1,"phase":"TerminalPublication","stage":4294967295,"raw_iteration":4294967295,"iteration_kind":"owner","wall_ms":12.809292000,"device_sum_ms":6.038291845,"wall_minus_device_ms":6.771000155,"exclusive_wall_ms":12.809292000,"exclusive_device_sum_ms":6.038291845,"child_observer_wall_ms":0.000000000,"count_scope":"inclusive","owner_commits":1,"projection_invocations":0}
RISE_FIRE_OWNER_PROFILE_V1 {"scope":1,"parent":0,"phase":"OwnerRun","stage":4294967295,"raw_iteration":4294967295,"iteration_kind":"owner","wall_ms":4485.897166000,"device_sum_ms":3095.546125202,"wall_minus_device_ms":1390.351040798,"exclusive_wall_ms":5.805458000,"exclusive_device_sum_ms":0.016583130,"child_observer_wall_ms":0.065291000,"count_scope":"inclusive","owner_commits":86,"projection_invocations":15}
capstone accepted step=2 time=0.00329253194 dt=0.00164626597 Tmax=305.218193 qmax=0 eos_max=4.70601489e-05 approach_eos_max=4.70601489e-05 limiter_class=continuous limiter_discrepancy=0 active_set_class=continuous active_set_discrepancy=0 active_set_cycle=0 active_set_faces=0
capstone step-start=2 speed=0.154281661 gprime=0.178086095 nu=0.000104673754 selected=0.00181089257 previous=0.00164626597
capstone event-step=0.00164626597 pilot_ceiling=0.0115509308 ramp_end=0.209320803
RISE_FIRE_OWNER_PROFILE_V1 {"scope":2,"parent":1,"phase":"Prepare","stage":4294967295,"raw_iteration":4294967295,"iteration_kind":"owner","wall_ms":92.907000000,"device_sum_ms":3.069000086,"wall_minus_device_ms":89.837999914,"exclusive_wall_ms":92.907000000,"exclusive_device_sum_ms":3.069000086,"child_observer_wall_ms":0.000000000,"count_scope":"inclusive","owner_commits":1,"projection_invocations":0}
RISE_FIRE_OWNER_PROFILE_V1 {"scope":5,"parent":4,"phase":"ProjectionAdapter","stage":0,"raw_iteration":4294967295,"iteration_kind":"bootstrap","wall_ms":20.040083000,"device_sum_ms":16.214750009,"wall_minus_device_ms":3.825332991,"exclusive_wall_ms":20.040083000,"exclusive_device_sum_ms":16.214750009,"child_observer_wall_ms":0.000000000,"count_scope":"inclusive","owner_commits":0,"projection_invocations":1}
RISE_FIRE_OWNER_PROFILE_V1 {"scope":4,"parent":3,"phase":"Project","stage":0,"raw_iteration":4294967295,"iteration_kind":"bootstrap","wall_ms":21.923167000,"device_sum_ms":16.371374950,"wall_minus_device_ms":5.551792050,"exclusive_wall_ms":1.860750000,"exclusive_device_sum_ms":0.156624941,"child_observer_wall_ms":0.022334000,"count_scope":"inclusive","owner_commits":2,"projection_invocations":1}
PRODUCER_COMMAND_V1 stage=0 raw_iteration=4294967295 cpu_begin=1991662254125333 cpu_end=1991662534132666 gpu_begin=1991662254125333 gpu_end=1991662534132666 device_ms=197.48799991793931 encoders=39 interval_scope=possibly_overlapping
PRODUCER_KERNEL_V1 stage=0 raw_iteration=4294967295 ordinal=0 kernel=owner_pack_faces threads=1533387 begin_tick=1991662336530708 end_tick=1991662336589250 ms_per_tick=9.9999999999999995e-07 device_ms=0.058541999999999997
PRODUCER_KERNEL_V1 stage=0 raw_iteration=4294967295 ordinal=1 kernel=owner_pack_faces threads=1533387 begin_tick=1991662336589041 end_tick=1991662336897333 ms_per_tick=9.9999999999999995e-07 device_ms=0.30829200000000001
PRODUCER_KERNEL_V1 stage=0 raw_iteration=4294967295 ordinal=2 kernel=owner_pack_faces threads=1533387 begin_tick=1991662336528708 end_tick=1991662336589041 ms_per_tick=9.9999999999999995e-07 device_ms=0.060332999999999998
PRODUCER_KERNEL_V1 stage=0 raw_iteration=4294967295 ordinal=3 kernel=fct_extract_gas_density threads=504666 begin_tick=1991662336589708 end_tick=1991662336640875 ms_per_tick=9.9999999999999995e-07 device_ms=0.051166999999999997
PRODUCER_KERNEL_V1 stage=0 raw_iteration=4294967295 ordinal=4 kernel=owner_gas_source threads=504666 begin_tick=1991662336897666 end_tick=1991662337085291 ms_per_tick=9.9999999999999995e-07 device_ms=0.18762499999999999
PRODUCER_KERNEL_V1 stage=0 raw_iteration=4294967295 ordinal=5 kernel=evaluate_resident_transport threads=504666 begin_tick=1991662336640875 end_tick=1991662337096041 ms_per_tick=9.9999999999999995e-07 device_ms=0.45516599999999996
PRODUCER_KERNEL_V1 stage=0 raw_iteration=4294967295 ordinal=6 kernel=identify_resident_transport threads=1 begin_tick=1991662337096541 end_tick=1991662337099583 ms_per_tick=9.9999999999999995e-07 device_ms=0.003042
PRODUCER_KERNEL_V1 stage=0 raw_iteration=4294967295 ordinal=7 kernel=owner_bind_transport threads=1 begin_tick=1991662337100166 end_tick=1991662337104250 ms_per_tick=9.9999999999999995e-07 device_ms=0.004084
PRODUCER_KERNEL_V1 stage=0 raw_iteration=4294967295 ordinal=8 kernel=identify_resident_owner_endpoint_class threads=1 begin_tick=1991662337104666 end_tick=1991662337108208 ms_per_tick=9.9999999999999995e-07 device_ms=0.003542
PRODUCER_KERNEL_V1 stage=0 raw_iteration=4294967295 ordinal=9 kernel=evaluate_resident_physical_flux threads=1533387 begin_tick=1991662338085125 end_tick=1991662339283208 ms_per_tick=9.9999999999999995e-07 device_ms=1.198083
PRODUCER_KERNEL_V1 stage=0 raw_iteration=4294967295 ordinal=10 kernel=evaluate_resident_advective_pair threads=13800483 begin_tick=1991662339449916 end_tick=1991662347319458 ms_per_tick=9.9999999999999995e-07 device_ms=7.869542
PRODUCER_KERNEL_V1 stage=0 raw_iteration=4294967295 ordinal=11 kernel=finalize_resident_advective_high threads=13800483 begin_tick=1991662347334250 end_tick=1991662347944500 ms_per_tick=9.9999999999999995e-07 device_ms=0.61024999999999996
PRODUCER_KERNEL_V1 stage=0 raw_iteration=4294967295 ordinal=12 kernel=compose_resident_flux_pair threads=13800483 begin_tick=1991662347945000 end_tick=1991662348835916 ms_per_tick=9.9999999999999995e-07 device_ms=0.89091599999999993
PRODUCER_KERNEL_V1 stage=0 raw_iteration=4294967295 ordinal=13 kernel=validate_resident_physical_flux threads=13800483 begin_tick=1991662348836458 end_tick=1991662349730541 ms_per_tick=9.9999999999999995e-07 device_ms=0.89408299999999996
PRODUCER_KERNEL_V1 stage=0 raw_iteration=4294967295 ordinal=14 kernel=identify_resident_physical_flux threads=32 begin_tick=1991662349731208 end_tick=1991662349736958 ms_per_tick=9.9999999999999995e-07 device_ms=0.0057499999999999999
PRODUCER_KERNEL_V1 stage=0 raw_iteration=4294967295 ordinal=15 kernel=fct_build_ratios threads=5551326 begin_tick=1991662349737416 end_tick=1991662353443291 ms_per_tick=9.9999999999999995e-07 device_ms=3.7058749999999998
PRODUCER_KERNEL_V1 stage=0 raw_iteration=4294967295 ordinal=16 kernel=fct_build_face_alpha threads=1533387 begin_tick=1991662353444000 end_tick=1991662353713125 ms_per_tick=9.9999999999999995e-07 device_ms=0.269125
PRODUCER_KERNEL_V1 stage=0 raw_iteration=4294967295 ordinal=17 kernel=fct_commit_scalar threads=504666 begin_tick=1991662353713541 end_tick=1991662353913500 ms_per_tick=9.9999999999999995e-07 device_ms=0.199959
PRODUCER_KERNEL_V1 stage=0 raw_iteration=4294967295 ordinal=18 kernel=owner_bind_candidate threads=1 begin_tick=1991662353914083 end_tick=1991662353920000 ms_per_tick=9.9999999999999995e-07 device_ms=0.0059169999999999995
PRODUCER_KERNEL_V1 stage=0 raw_iteration=4294967295 ordinal=19 kernel=finalize_resident_eos_candidate threads=1 begin_tick=1991662353920458 end_tick=1991662353923166 ms_per_tick=9.9999999999999995e-07 device_ms=0.0027079999999999999
PRODUCER_KERNEL_V1 stage=0 raw_iteration=4294967295 ordinal=20 kernel=build_eos_endpoint_table threads=14 begin_tick=1991662353923541 end_tick=1991662354213833 ms_per_tick=9.9999999999999995e-07 device_ms=0.29029199999999999
PRODUCER_KERNEL_V1 stage=0 raw_iteration=4294967295 ordinal=21 kernel=evaluate_resident_eos_candidate threads=504666 begin_tick=1991662354214208 end_tick=1991662419148291 ms_per_tick=9.9999999999999995e-07 device_ms=64.934083000000001
PRODUCER_KERNEL_V1 stage=0 raw_iteration=4294967295 ordinal=22 kernel=finalize_resident_eos_candidate threads=1 begin_tick=1991662419164625 end_tick=1991662419167375 ms_per_tick=9.9999999999999995e-07 device_ms=0.0027499999999999998
PRODUCER_KERNEL_V1 stage=0 raw_iteration=4294967295 ordinal=23 kernel=identify_resident_eos threads=1 begin_tick=1991662419167666 end_tick=1991662419170375 ms_per_tick=9.9999999999999995e-07 device_ms=0.002709
PRODUCER_KERNEL_V1 stage=0 raw_iteration=4294967295 ordinal=24 kernel=produce_resident_frozen_source threads=504666 begin_tick=1991662419170750 end_tick=1991662419201083 ms_per_tick=9.9999999999999995e-07 device_ms=0.030332999999999999
PRODUCER_KERNEL_V1 stage=0 raw_iteration=4294967295 ordinal=25 kernel=identify_resident_frozen_source threads=1 begin_tick=1991662419201458 end_tick=1991662419207916 ms_per_tick=9.9999999999999995e-07 device_ms=0.0064579999999999993
PRODUCER_KERNEL_V1 stage=0 raw_iteration=4294967295 ordinal=26 kernel=evaluate_resident_target_terms threads=504666 begin_tick=1991662419208333 end_tick=1991662533357083 ms_per_tick=9.9999999999999995e-07 device_ms=114.14874999999999
PRODUCER_KERNEL_V1 stage=0 raw_iteration=4294967295 ordinal=27 kernel=finalize_resident_target threads=1 begin_tick=1991662533373458 end_tick=1991662533380000 ms_per_tick=9.9999999999999995e-07 device_ms=0.0065420000000000001
PRODUCER_KERNEL_V1 stage=0 raw_iteration=4294967295 ordinal=28 kernel=identify_resident_target threads=1 begin_tick=1991662533380416 end_tick=1991662533383916 ms_per_tick=9.9999999999999995e-07 device_ms=0.0034999999999999996
PRODUCER_KERNEL_V1 stage=0 raw_iteration=4294967295 ordinal=29 kernel=issue_resident_projection_consumer threads=1 begin_tick=1991662533384333 end_tick=1991662533389500 ms_per_tick=9.9999999999999995e-07 device_ms=0.0051669999999999997
PRODUCER_KERNEL_V1 stage=0 raw_iteration=4294967295 ordinal=30 kernel=consume_resident_target threads=1 begin_tick=1991662533389916 end_tick=1991662533393958 ms_per_tick=9.9999999999999995e-07 device_ms=0.0040419999999999996
PRODUCER_KERNEL_V1 stage=0 raw_iteration=4294967295 ordinal=31 kernel=owner_compose_target threads=504666 begin_tick=1991662533394333 end_tick=1991662533425041 ms_per_tick=9.9999999999999995e-07 device_ms=0.030707999999999999
PRODUCER_KERNEL_V1 stage=0 raw_iteration=4294967295 ordinal=32 kernel=finalize_resident_target threads=1 begin_tick=1991662533425333 end_tick=1991662533427708 ms_per_tick=9.9999999999999995e-07 device_ms=0.0023749999999999999
PRODUCER_KERNEL_V1 stage=0 raw_iteration=4294967295 ordinal=33 kernel=owner_identify_target threads=1 begin_tick=1991662533428125 end_tick=1991662533434708 ms_per_tick=9.9999999999999995e-07 device_ms=0.0065829999999999994
PRODUCER_KERNEL_V1 stage=0 raw_iteration=4294967295 ordinal=34 kernel=issue_resident_projection_consumer threads=1 begin_tick=1991662533435125 end_tick=1991662533438125 ms_per_tick=9.9999999999999995e-07 device_ms=0.0030000000000000001
PRODUCER_KERNEL_V1 stage=0 raw_iteration=4294967295 ordinal=35 kernel=consume_resident_target threads=1 begin_tick=1991662533438500 end_tick=1991662533442125 ms_per_tick=9.9999999999999995e-07 device_ms=0.0036249999999999998
PRODUCER_KERNEL_V1 stage=0 raw_iteration=4294967295 ordinal=36 kernel=owner_issue_stage_seal threads=1 begin_tick=1991662533442500 end_tick=1991662533445416 ms_per_tick=9.9999999999999995e-07 device_ms=0.0029159999999999998
PRODUCER_KERNEL_V1 stage=0 raw_iteration=4294967295 ordinal=37 kernel=fct_compatible_stage_rate threads=1533387 begin_tick=1991662533445916 end_tick=1991662533956708 ms_per_tick=9.9999999999999995e-07 device_ms=0.51079200000000002
PRODUCER_KERNEL_V1 stage=0 raw_iteration=4294967295 ordinal=38 kernel=owner_predict_momentum threads=1533387 begin_tick=1991662533957375 end_tick=1991662534010666 ms_per_tick=9.9999999999999995e-07 device_ms=0.053290999999999998
RISE_FIRE_OWNER_PROFILE_V1 {"scope":6,"parent":3,"phase":"BuildStageProducerGroup","stage":0,"raw_iteration":4294967295,"iteration_kind":"bootstrap","wall_ms":280.193125000,"device_sum_ms":197.487999918,"wall_minus_device_ms":82.705125082,"exclusive_wall_ms":280.193125000,"exclusive_device_sum_ms":197.487999918,"child_observer_wall_ms":0.000000000,"count_scope":"inclusive","owner_commits":1,"projection_invocations":0}
RISE_FIRE_OWNER_PROFILE_V1 {"scope":9,"parent":8,"phase":"ProjectionAdapter","stage":0,"raw_iteration":0,"iteration_kind":"picard","wall_ms":12.297541000,"device_sum_ms":9.456750005,"wall_minus_device_ms":2.840790995,"exclusive_wall_ms":12.297541000,"exclusive_device_sum_ms":9.456750005,"child_observer_wall_ms":0.000000000,"count_scope":"inclusive","owner_commits":0,"projection_invocations":1}
RISE_FIRE_OWNER_PROFILE_V1 {"scope":8,"parent":7,"phase":"Project","stage":0,"raw_iteration":0,"iteration_kind":"picard","wall_ms":12.936583000,"device_sum_ms":9.498375002,"wall_minus_device_ms":3.438207998,"exclusive_wall_ms":0.624292000,"exclusive_device_sum_ms":0.041624997,"child_observer_wall_ms":0.014750000,"count_scope":"inclusive","owner_commits":2,"projection_invocations":1}
RISE_FIRE_OWNER_PROFILE_V1 {"scope":10,"parent":7,"phase":"ReadOpenClass","stage":0,"raw_iteration":0,"iteration_kind":"picard","wall_ms":0.147709000,"device_sum_ms":0.002458226,"wall_minus_device_ms":0.145250774,"exclusive_wall_ms":0.147709000,"exclusive_device_sum_ms":0.002458226,"child_observer_wall_ms":0.000000000,"count_scope":"inclusive","owner_commits":1,"projection_invocations":0}
RISE_FIRE_OWNER_PROFILE_V1 {"scope":11,"parent":7,"phase":"ReadOpenClass","stage":0,"raw_iteration":0,"iteration_kind":"picard","wall_ms":0.133583000,"device_sum_ms":0.002375105,"wall_minus_device_ms":0.131207895,"exclusive_wall_ms":0.133583000,"exclusive_device_sum_ms":0.002375105,"child_observer_wall_ms":0.000000000,"count_scope":"inclusive","owner_commits":1,"projection_invocations":0}
PRODUCER_COMMAND_V1 stage=0 raw_iteration=0 cpu_begin=1991662547541708 cpu_end=1991662824015333 gpu_begin=1991662547541708 gpu_end=1991662824015333 device_ms=195.80787513405085 encoders=39 interval_scope=possibly_overlapping
PRODUCER_KERNEL_V1 stage=0 raw_iteration=0 ordinal=0 kernel=owner_pack_faces threads=1533387 begin_tick=1991662628208458 end_tick=1991662628260041 ms_per_tick=9.9999999999999995e-07 device_ms=0.051582999999999997
PRODUCER_KERNEL_V1 stage=0 raw_iteration=0 ordinal=1 kernel=owner_pack_faces threads=1533387 begin_tick=1991662628272458 end_tick=1991662628323208 ms_per_tick=9.9999999999999995e-07 device_ms=0.050749999999999997
PRODUCER_KERNEL_V1 stage=0 raw_iteration=0 ordinal=2 kernel=owner_pack_faces threads=1533387 begin_tick=1991662628385125 end_tick=1991662628471041 ms_per_tick=9.9999999999999995e-07 device_ms=0.085915999999999992
PRODUCER_KERNEL_V1 stage=0 raw_iteration=0 ordinal=3 kernel=fct_extract_gas_density threads=504666 begin_tick=1991662628402791 end_tick=1991662628451250 ms_per_tick=9.9999999999999995e-07 device_ms=0.048458999999999995
PRODUCER_KERNEL_V1 stage=0 raw_iteration=0 ordinal=4 kernel=owner_gas_source threads=504666 begin_tick=1991662628451250 end_tick=1991662628500625 ms_per_tick=9.9999999999999995e-07 device_ms=0.049374999999999995
PRODUCER_KERNEL_V1 stage=0 raw_iteration=0 ordinal=5 kernel=evaluate_resident_transport threads=504666 begin_tick=1991662628574541 end_tick=1991662629031083 ms_per_tick=9.9999999999999995e-07 device_ms=0.456542
PRODUCER_KERNEL_V1 stage=0 raw_iteration=0 ordinal=6 kernel=identify_resident_transport threads=1 begin_tick=1991662629031416 end_tick=1991662629034666 ms_per_tick=9.9999999999999995e-07 device_ms=0.0032499999999999999
PRODUCER_KERNEL_V1 stage=0 raw_iteration=0 ordinal=7 kernel=owner_bind_transport threads=1 begin_tick=1991662629035208 end_tick=1991662629038708 ms_per_tick=9.9999999999999995e-07 device_ms=0.0034999999999999996
PRODUCER_KERNEL_V1 stage=0 raw_iteration=0 ordinal=8 kernel=identify_resident_owner_endpoint_class threads=1 begin_tick=1991662629039125 end_tick=1991662629042250 ms_per_tick=9.9999999999999995e-07 device_ms=0.0031249999999999997
PRODUCER_KERNEL_V1 stage=0 raw_iteration=0 ordinal=9 kernel=evaluate_resident_physical_flux threads=1533387 begin_tick=1991662629989500 end_tick=1991662631098875 ms_per_tick=9.9999999999999995e-07 device_ms=1.109375
PRODUCER_KERNEL_V1 stage=0 raw_iteration=0 ordinal=10 kernel=evaluate_resident_advective_pair threads=13800483 begin_tick=1991662631505958 end_tick=1991662638844833 ms_per_tick=9.9999999999999995e-07 device_ms=7.3388749999999998
PRODUCER_KERNEL_V1 stage=0 raw_iteration=0 ordinal=11 kernel=finalize_resident_advective_high threads=13800483 begin_tick=1991662638845416 end_tick=1991662639264666 ms_per_tick=9.9999999999999995e-07 device_ms=0.41924999999999996
PRODUCER_KERNEL_V1 stage=0 raw_iteration=0 ordinal=12 kernel=compose_resident_flux_pair threads=13800483 begin_tick=1991662639265000 end_tick=1991662640148666 ms_per_tick=9.9999999999999995e-07 device_ms=0.88366599999999995
PRODUCER_KERNEL_V1 stage=0 raw_iteration=0 ordinal=13 kernel=validate_resident_physical_flux threads=13800483 begin_tick=1991662640149333 end_tick=1991662640988833 ms_per_tick=9.9999999999999995e-07 device_ms=0.83949999999999991
PRODUCER_KERNEL_V1 stage=0 raw_iteration=0 ordinal=14 kernel=identify_resident_physical_flux threads=32 begin_tick=1991662640989416 end_tick=1991662640992791 ms_per_tick=9.9999999999999995e-07 device_ms=0.003375
PRODUCER_KERNEL_V1 stage=0 raw_iteration=0 ordinal=15 kernel=fct_build_ratios threads=5551326 begin_tick=1991662640993333 end_tick=1991662644786041 ms_per_tick=9.9999999999999995e-07 device_ms=3.7927079999999997
PRODUCER_KERNEL_V1 stage=0 raw_iteration=0 ordinal=16 kernel=fct_build_face_alpha threads=1533387 begin_tick=1991662644786666 end_tick=1991662645058791 ms_per_tick=9.9999999999999995e-07 device_ms=0.27212500000000001
PRODUCER_KERNEL_V1 stage=0 raw_iteration=0 ordinal=17 kernel=fct_commit_scalar threads=504666 begin_tick=1991662645059458 end_tick=1991662645248583 ms_per_tick=9.9999999999999995e-07 device_ms=0.18912499999999999
PRODUCER_KERNEL_V1 stage=0 raw_iteration=0 ordinal=18 kernel=owner_bind_candidate threads=1 begin_tick=1991662645249000 end_tick=1991662645255916 ms_per_tick=9.9999999999999995e-07 device_ms=0.0069159999999999994
PRODUCER_KERNEL_V1 stage=0 raw_iteration=0 ordinal=19 kernel=finalize_resident_eos_candidate threads=1 begin_tick=1991662645256458 end_tick=1991662645258833 ms_per_tick=9.9999999999999995e-07 device_ms=0.0023749999999999999
PRODUCER_KERNEL_V1 stage=0 raw_iteration=0 ordinal=20 kernel=build_eos_endpoint_table threads=14 begin_tick=1991662645259333 end_tick=1991662645550583 ms_per_tick=9.9999999999999995e-07 device_ms=0.29125000000000001
PRODUCER_KERNEL_V1 stage=0 raw_iteration=0 ordinal=21 kernel=evaluate_resident_eos_candidate threads=504666 begin_tick=1991662645550875 end_tick=1991662708977708 ms_per_tick=9.9999999999999995e-07 device_ms=63.426832999999995
PRODUCER_KERNEL_V1 stage=0 raw_iteration=0 ordinal=22 kernel=finalize_resident_eos_candidate threads=1 begin_tick=1991662708992833 end_tick=1991662708995500 ms_per_tick=9.9999999999999995e-07 device_ms=0.0026669999999999997
PRODUCER_KERNEL_V1 stage=0 raw_iteration=0 ordinal=23 kernel=identify_resident_eos threads=1 begin_tick=1991662708995833 end_tick=1991662708998583 ms_per_tick=9.9999999999999995e-07 device_ms=0.0027499999999999998
PRODUCER_KERNEL_V1 stage=0 raw_iteration=0 ordinal=24 kernel=produce_resident_frozen_source threads=504666 begin_tick=1991662708998916 end_tick=1991662709031666 ms_per_tick=9.9999999999999995e-07 device_ms=0.032750000000000001
PRODUCER_KERNEL_V1 stage=0 raw_iteration=0 ordinal=25 kernel=identify_resident_frozen_source threads=1 begin_tick=1991662709032083 end_tick=1991662709038041 ms_per_tick=9.9999999999999995e-07 device_ms=0.0059579999999999998
PRODUCER_KERNEL_V1 stage=0 raw_iteration=0 ordinal=26 kernel=evaluate_resident_target_terms threads=504666 begin_tick=1991662709038416 end_tick=1991662823205458 ms_per_tick=9.9999999999999995e-07 device_ms=114.167042
PRODUCER_KERNEL_V1 stage=0 raw_iteration=0 ordinal=27 kernel=finalize_resident_target threads=1 begin_tick=1991662823221041 end_tick=1991662823224291 ms_per_tick=9.9999999999999995e-07 device_ms=0.0032499999999999999
PRODUCER_KERNEL_V1 stage=0 raw_iteration=0 ordinal=28 kernel=identify_resident_target threads=1 begin_tick=1991662823224583 end_tick=1991662823227416 ms_per_tick=9.9999999999999995e-07 device_ms=0.002833
PRODUCER_KERNEL_V1 stage=0 raw_iteration=0 ordinal=29 kernel=issue_resident_projection_consumer threads=1 begin_tick=1991662823227791 end_tick=1991662823231750 ms_per_tick=9.9999999999999995e-07 device_ms=0.0039589999999999998
PRODUCER_KERNEL_V1 stage=0 raw_iteration=0 ordinal=30 kernel=consume_resident_target threads=1 begin_tick=1991662823232166 end_tick=1991662823236166 ms_per_tick=9.9999999999999995e-07 device_ms=0.0040000000000000001
PRODUCER_KERNEL_V1 stage=0 raw_iteration=0 ordinal=31 kernel=owner_compose_target threads=504666 begin_tick=1991662823236583 end_tick=1991662823315875 ms_per_tick=9.9999999999999995e-07 device_ms=0.079292000000000001
PRODUCER_KERNEL_V1 stage=0 raw_iteration=0 ordinal=32 kernel=finalize_resident_target threads=1 begin_tick=1991662823316208 end_tick=1991662823318541 ms_per_tick=9.9999999999999995e-07 device_ms=0.002333
PRODUCER_KERNEL_V1 stage=0 raw_iteration=0 ordinal=33 kernel=owner_identify_target threads=1 begin_tick=1991662823318916 end_tick=1991662823321875 ms_per_tick=9.9999999999999995e-07 device_ms=0.0029589999999999998
PRODUCER_KERNEL_V1 stage=0 raw_iteration=0 ordinal=34 kernel=issue_resident_projection_consumer threads=1 begin_tick=1991662823322333 end_tick=1991662823325583 ms_per_tick=9.9999999999999995e-07 device_ms=0.0032499999999999999
PRODUCER_KERNEL_V1 stage=0 raw_iteration=0 ordinal=35 kernel=consume_resident_target threads=1 begin_tick=1991662823326000 end_tick=1991662823329375 ms_per_tick=9.9999999999999995e-07 device_ms=0.003375
PRODUCER_KERNEL_V1 stage=0 raw_iteration=0 ordinal=36 kernel=owner_issue_stage_seal threads=1 begin_tick=1991662823329750 end_tick=1991662823332500 ms_per_tick=9.9999999999999995e-07 device_ms=0.0027499999999999998
PRODUCER_KERNEL_V1 stage=0 raw_iteration=0 ordinal=37 kernel=fct_compatible_stage_rate threads=1533387 begin_tick=1991662823332875 end_tick=1991662823841250 ms_per_tick=9.9999999999999995e-07 device_ms=0.50837500000000002
PRODUCER_KERNEL_V1 stage=0 raw_iteration=0 ordinal=38 kernel=owner_predict_momentum threads=1533387 begin_tick=1991662823841916 end_tick=1991662823890791 ms_per_tick=9.9999999999999995e-07 device_ms=0.048874999999999995
RISE_FIRE_OWNER_PROFILE_V1 {"scope":12,"parent":7,"phase":"BuildStageProducerGroup","stage":0,"raw_iteration":0,"iteration_kind":"picard","wall_ms":276.622125000,"device_sum_ms":195.807875134,"wall_minus_device_ms":80.814249866,"exclusive_wall_ms":276.622125000,"exclusive_device_sum_ms":195.807875134,"child_observer_wall_ms":0.000000000,"count_scope":"inclusive","owner_commits":1,"projection_invocations":0}
RISE_FIRE_OWNER_PROFILE_V1 {"scope":13,"parent":7,"phase":"Residual","stage":0,"raw_iteration":0,"iteration_kind":"picard","wall_ms":0.212334000,"device_sum_ms":0.020958483,"wall_minus_device_ms":0.191375517,"exclusive_wall_ms":0.212334000,"exclusive_device_sum_ms":0.020958483,"child_observer_wall_ms":0.000000000,"count_scope":"inclusive","owner_commits":1,"projection_invocations":0}
RISE_FIRE_OWNER_PROFILE_V1 {"scope":7,"parent":3,"phase":"PicardIteration","stage":0,"raw_iteration":0,"iteration_kind":"picard","wall_ms":290.467292000,"device_sum_ms":205.332041951,"wall_minus_device_ms":85.135250049,"exclusive_wall_ms":0.386583000,"exclusive_device_sum_ms":0.000000000,"child_observer_wall_ms":0.028375000,"count_scope":"inclusive","owner_commits":6,"projection_invocations":1}
RISE_FIRE_OWNER_PROFILE_V1 {"scope":16,"parent":15,"phase":"ProjectionAdapter","stage":0,"raw_iteration":1,"iteration_kind":"picard","wall_ms":11.793250000,"device_sum_ms":9.013250237,"wall_minus_device_ms":2.779999763,"exclusive_wall_ms":11.793250000,"exclusive_device_sum_ms":9.013250237,"child_observer_wall_ms":0.000000000,"count_scope":"inclusive","owner_commits":0,"projection_invocations":1}
RISE_FIRE_OWNER_PROFILE_V1 {"scope":15,"parent":14,"phase":"Project","stage":0,"raw_iteration":1,"iteration_kind":"picard","wall_ms":13.017125000,"device_sum_ms":9.060375392,"wall_minus_device_ms":3.956749608,"exclusive_wall_ms":1.217250000,"exclusive_device_sum_ms":0.047125155,"child_observer_wall_ms":0.006625000,"count_scope":"inclusive","owner_commits":2,"projection_invocations":1}
RISE_FIRE_OWNER_PROFILE_V1 {"scope":17,"parent":14,"phase":"ReadOpenClass","stage":0,"raw_iteration":1,"iteration_kind":"picard","wall_ms":0.152167000,"device_sum_ms":0.002291752,"wall_minus_device_ms":0.149875248,"exclusive_wall_ms":0.152167000,"exclusive_device_sum_ms":0.002291752,"child_observer_wall_ms":0.000000000,"count_scope":"inclusive","owner_commits":1,"projection_invocations":0}
RISE_FIRE_OWNER_PROFILE_V1 {"scope":18,"parent":14,"phase":"ReadOpenClass","stage":0,"raw_iteration":1,"iteration_kind":"picard","wall_ms":0.139042000,"device_sum_ms":0.002374873,"wall_minus_device_ms":0.136667127,"exclusive_wall_ms":0.139042000,"exclusive_device_sum_ms":0.002374873,"child_observer_wall_ms":0.000000000,"count_scope":"inclusive","owner_commits":1,"projection_invocations":0}
PRODUCER_COMMAND_V1 stage=0 raw_iteration=1 cpu_begin=1991662838097041 cpu_end=1991663114954666 gpu_begin=1991662838097041 gpu_end=1991663114954666 device_ms=195.87550009600818 encoders=39 interval_scope=possibly_overlapping
PRODUCER_KERNEL_V1 stage=0 raw_iteration=1 ordinal=0 kernel=owner_pack_faces threads=1533387 begin_tick=1991662918971875 end_tick=1991662919025291 ms_per_tick=9.9999999999999995e-07 device_ms=0.053415999999999998
PRODUCER_KERNEL_V1 stage=0 raw_iteration=1 ordinal=1 kernel=owner_pack_faces threads=1533387 begin_tick=1991662919024625 end_tick=1991662919464875 ms_per_tick=9.9999999999999995e-07 device_ms=0.44024999999999997
PRODUCER_KERNEL_V1 stage=0 raw_iteration=1 ordinal=2 kernel=owner_pack_faces threads=1533387 begin_tick=1991662918968958 end_tick=1991662919024625 ms_per_tick=9.9999999999999995e-07 device_ms=0.055666999999999994
PRODUCER_KERNEL_V1 stage=0 raw_iteration=1 ordinal=3 kernel=fct_extract_gas_density threads=504666 begin_tick=1991662919464875 end_tick=1991662919488166 ms_per_tick=9.9999999999999995e-07 device_ms=0.023290999999999999
PRODUCER_KERNEL_V1 stage=0 raw_iteration=1 ordinal=4 kernel=owner_gas_source threads=504666 begin_tick=1991662919488166 end_tick=1991662919528500 ms_per_tick=9.9999999999999995e-07 device_ms=0.040333999999999995
PRODUCER_KERNEL_V1 stage=0 raw_iteration=1 ordinal=5 kernel=evaluate_resident_transport threads=504666 begin_tick=1991662919025750 end_tick=1991662919533166 ms_per_tick=9.9999999999999995e-07 device_ms=0.50741599999999998
PRODUCER_KERNEL_V1 stage=0 raw_iteration=1 ordinal=6 kernel=identify_resident_transport threads=1 begin_tick=1991662919533708 end_tick=1991662919537000 ms_per_tick=9.9999999999999995e-07 device_ms=0.0032919999999999998
PRODUCER_KERNEL_V1 stage=0 raw_iteration=1 ordinal=7 kernel=owner_bind_transport threads=1 begin_tick=1991662919537583 end_tick=1991662919541125 ms_per_tick=9.9999999999999995e-07 device_ms=0.003542
PRODUCER_KERNEL_V1 stage=0 raw_iteration=1 ordinal=8 kernel=identify_resident_owner_endpoint_class threads=1 begin_tick=1991662919541541 end_tick=1991662919544833 ms_per_tick=9.9999999999999995e-07 device_ms=0.0032919999999999998
PRODUCER_KERNEL_V1 stage=0 raw_iteration=1 ordinal=9 kernel=evaluate_resident_physical_flux threads=1533387 begin_tick=1991662920420458 end_tick=1991662921541833 ms_per_tick=9.9999999999999995e-07 device_ms=1.121375
PRODUCER_KERNEL_V1 stage=0 raw_iteration=1 ordinal=10 kernel=evaluate_resident_advective_pair threads=13800483 begin_tick=1991662921839708 end_tick=1991662929138291 ms_per_tick=9.9999999999999995e-07 device_ms=7.2985829999999998
PRODUCER_KERNEL_V1 stage=0 raw_iteration=1 ordinal=11 kernel=finalize_resident_advective_high threads=13800483 begin_tick=1991662929139083 end_tick=1991662929558000 ms_per_tick=9.9999999999999995e-07 device_ms=0.41891699999999998
PRODUCER_KERNEL_V1 stage=0 raw_iteration=1 ordinal=12 kernel=compose_resident_flux_pair threads=13800483 begin_tick=1991662929558375 end_tick=1991662930444625 ms_per_tick=9.9999999999999995e-07 device_ms=0.88624999999999998
PRODUCER_KERNEL_V1 stage=0 raw_iteration=1 ordinal=13 kernel=validate_resident_physical_flux threads=13800483 begin_tick=1991662930445291 end_tick=1991662931445291 ms_per_tick=9.9999999999999995e-07 device_ms=1
PRODUCER_KERNEL_V1 stage=0 raw_iteration=1 ordinal=14 kernel=identify_resident_physical_flux threads=32 begin_tick=1991662931445833 end_tick=1991662931449541 ms_per_tick=9.9999999999999995e-07 device_ms=0.0037079999999999999
PRODUCER_KERNEL_V1 stage=0 raw_iteration=1 ordinal=15 kernel=fct_build_ratios threads=5551326 begin_tick=1991662931450000 end_tick=1991662935057208 ms_per_tick=9.9999999999999995e-07 device_ms=3.607208
PRODUCER_KERNEL_V1 stage=0 raw_iteration=1 ordinal=16 kernel=fct_build_face_alpha threads=1533387 begin_tick=1991662935057833 end_tick=1991662935326916 ms_per_tick=9.9999999999999995e-07 device_ms=0.26908299999999996
PRODUCER_KERNEL_V1 stage=0 raw_iteration=1 ordinal=17 kernel=fct_commit_scalar threads=504666 begin_tick=1991662935327333 end_tick=1991662935520416 ms_per_tick=9.9999999999999995e-07 device_ms=0.193083
PRODUCER_KERNEL_V1 stage=0 raw_iteration=1 ordinal=18 kernel=owner_bind_candidate threads=1 begin_tick=1991662935521125 end_tick=1991662935525041 ms_per_tick=9.9999999999999995e-07 device_ms=0.0039160000000000002
PRODUCER_KERNEL_V1 stage=0 raw_iteration=1 ordinal=19 kernel=finalize_resident_eos_candidate threads=1 begin_tick=1991662935525625 end_tick=1991662935528250 ms_per_tick=9.9999999999999995e-07 device_ms=0.0026249999999999997
PRODUCER_KERNEL_V1 stage=0 raw_iteration=1 ordinal=20 kernel=build_eos_endpoint_table threads=14 begin_tick=1991662935528708 end_tick=1991662935819416 ms_per_tick=9.9999999999999995e-07 device_ms=0.29070799999999997
PRODUCER_KERNEL_V1 stage=0 raw_iteration=1 ordinal=21 kernel=evaluate_resident_eos_candidate threads=504666 begin_tick=1991662935819833 end_tick=1991663000021791 ms_per_tick=9.9999999999999995e-07 device_ms=64.201957999999991
PRODUCER_KERNEL_V1 stage=0 raw_iteration=1 ordinal=22 kernel=finalize_resident_eos_candidate threads=1 begin_tick=1991663000036625 end_tick=1991663000042291 ms_per_tick=9.9999999999999995e-07 device_ms=0.005666
PRODUCER_KERNEL_V1 stage=0 raw_iteration=1 ordinal=23 kernel=identify_resident_eos threads=1 begin_tick=1991663000042583 end_tick=1991663000045250 ms_per_tick=9.9999999999999995e-07 device_ms=0.0026669999999999997
PRODUCER_KERNEL_V1 stage=0 raw_iteration=1 ordinal=24 kernel=produce_resident_frozen_source threads=504666 begin_tick=1991663000045625 end_tick=1991663000076875 ms_per_tick=9.9999999999999995e-07 device_ms=0.03125
PRODUCER_KERNEL_V1 stage=0 raw_iteration=1 ordinal=25 kernel=identify_resident_frozen_source threads=1 begin_tick=1991663000077333 end_tick=1991663000083291 ms_per_tick=9.9999999999999995e-07 device_ms=0.0059579999999999998
PRODUCER_KERNEL_V1 stage=0 raw_iteration=1 ordinal=26 kernel=evaluate_resident_target_terms threads=504666 begin_tick=1991663000083708 end_tick=1991663114138625 ms_per_tick=9.9999999999999995e-07 device_ms=114.05491699999999
PRODUCER_KERNEL_V1 stage=0 raw_iteration=1 ordinal=27 kernel=finalize_resident_target threads=1 begin_tick=1991663114153333 end_tick=1991663114156375 ms_per_tick=9.9999999999999995e-07 device_ms=0.003042
PRODUCER_KERNEL_V1 stage=0 raw_iteration=1 ordinal=28 kernel=identify_resident_target threads=1 begin_tick=1991663114156708 end_tick=1991663114162916 ms_per_tick=9.9999999999999995e-07 device_ms=0.006208
PRODUCER_KERNEL_V1 stage=0 raw_iteration=1 ordinal=29 kernel=issue_resident_projection_consumer threads=1 begin_tick=1991663114163333 end_tick=1991663114167708 ms_per_tick=9.9999999999999995e-07 device_ms=0.0043749999999999995
PRODUCER_KERNEL_V1 stage=0 raw_iteration=1 ordinal=30 kernel=consume_resident_target threads=1 begin_tick=1991663114168500 end_tick=1991663114173000 ms_per_tick=9.9999999999999995e-07 device_ms=0.0044999999999999997
PRODUCER_KERNEL_V1 stage=0 raw_iteration=1 ordinal=31 kernel=owner_compose_target threads=504666 begin_tick=1991663114173375 end_tick=1991663114252833 ms_per_tick=9.9999999999999995e-07 device_ms=0.079458000000000001
PRODUCER_KERNEL_V1 stage=0 raw_iteration=1 ordinal=32 kernel=finalize_resident_target threads=1 begin_tick=1991663114253250 end_tick=1991663114259291 ms_per_tick=9.9999999999999995e-07 device_ms=0.0060409999999999995
PRODUCER_KERNEL_V1 stage=0 raw_iteration=1 ordinal=33 kernel=owner_identify_target threads=1 begin_tick=1991663114259666 end_tick=1991663114262666 ms_per_tick=9.9999999999999995e-07 device_ms=0.0030000000000000001
PRODUCER_KERNEL_V1 stage=0 raw_iteration=1 ordinal=34 kernel=issue_resident_projection_consumer threads=1 begin_tick=1991663114263083 end_tick=1991663114266791 ms_per_tick=9.9999999999999995e-07 device_ms=0.0037079999999999999
PRODUCER_KERNEL_V1 stage=0 raw_iteration=1 ordinal=35 kernel=consume_resident_target threads=1 begin_tick=1991663114267166 end_tick=1991663114270958 ms_per_tick=9.9999999999999995e-07 device_ms=0.0037919999999999998
PRODUCER_KERNEL_V1 stage=0 raw_iteration=1 ordinal=36 kernel=owner_issue_stage_seal threads=1 begin_tick=1991663114271375 end_tick=1991663114274916 ms_per_tick=9.9999999999999995e-07 device_ms=0.0035409999999999999
PRODUCER_KERNEL_V1 stage=0 raw_iteration=1 ordinal=37 kernel=fct_compatible_stage_rate threads=1533387 begin_tick=1991663114275416 end_tick=1991663114784500 ms_per_tick=9.9999999999999995e-07 device_ms=0.50908399999999998
PRODUCER_KERNEL_V1 stage=0 raw_iteration=1 ordinal=38 kernel=owner_predict_momentum threads=1533387 begin_tick=1991663114785166 end_tick=1991663114838666 ms_per_tick=9.9999999999999995e-07 device_ms=0.053499999999999999
RISE_FIRE_OWNER_PROFILE_V1 {"scope":19,"parent":14,"phase":"BuildStageProducerGroup","stage":0,"raw_iteration":1,"iteration_kind":"picard","wall_ms":277.044292000,"device_sum_ms":195.875500096,"wall_minus_device_ms":81.168791904,"exclusive_wall_ms":277.044292000,"exclusive_device_sum_ms":195.875500096,"child_observer_wall_ms":0.000000000,"count_scope":"inclusive","owner_commits":1,"projection_invocations":0}
RISE_FIRE_OWNER_PROFILE_V1 {"scope":20,"parent":14,"phase":"Residual","stage":0,"raw_iteration":1,"iteration_kind":"picard","wall_ms":0.302167000,"device_sum_ms":0.112249982,"wall_minus_device_ms":0.189917018,"exclusive_wall_ms":0.302167000,"exclusive_device_sum_ms":0.112249982,"child_observer_wall_ms":0.000000000,"count_scope":"inclusive","owner_commits":1,"projection_invocations":0}
RISE_FIRE_OWNER_PROFILE_V1 {"scope":14,"parent":3,"phase":"PicardIteration","stage":0,"raw_iteration":1,"iteration_kind":"picard","wall_ms":291.077000000,"device_sum_ms":205.052792095,"wall_minus_device_ms":86.024207905,"exclusive_wall_ms":0.393207000,"exclusive_device_sum_ms":0.000000000,"child_observer_wall_ms":0.029000000,"count_scope":"inclusive","owner_commits":6,"projection_invocations":1}
RISE_FIRE_OWNER_PROFILE_V1 {"scope":23,"parent":22,"phase":"ProjectionAdapter","stage":0,"raw_iteration":2,"iteration_kind":"picard","wall_ms":11.776292000,"device_sum_ms":9.031208232,"wall_minus_device_ms":2.745083768,"exclusive_wall_ms":11.776292000,"exclusive_device_sum_ms":9.031208232,"child_observer_wall_ms":0.000000000,"count_scope":"inclusive","owner_commits":0,"projection_invocations":1}
RISE_FIRE_OWNER_PROFILE_V1 {"scope":22,"parent":21,"phase":"Project","stage":0,"raw_iteration":2,"iteration_kind":"picard","wall_ms":12.983541000,"device_sum_ms":9.071958251,"wall_minus_device_ms":3.911582749,"exclusive_wall_ms":1.200124000,"exclusive_device_sum_ms":0.040750019,"child_observer_wall_ms":0.007125000,"count_scope":"inclusive","owner_commits":2,"projection_invocations":1}
RISE_FIRE_OWNER_PROFILE_V1 {"scope":24,"parent":21,"phase":"ReadOpenClass","stage":0,"raw_iteration":2,"iteration_kind":"picard","wall_ms":0.161125000,"device_sum_ms":0.002500135,"wall_minus_device_ms":0.158624865,"exclusive_wall_ms":0.161125000,"exclusive_device_sum_ms":0.002500135,"child_observer_wall_ms":0.000000000,"count_scope":"inclusive","owner_commits":1,"projection_invocations":0}
RISE_FIRE_OWNER_PROFILE_V1 {"scope":25,"parent":21,"phase":"ReadOpenClass","stage":0,"raw_iteration":2,"iteration_kind":"picard","wall_ms":0.136334000,"device_sum_ms":0.002374873,"wall_minus_device_ms":0.133959127,"exclusive_wall_ms":0.136334000,"exclusive_device_sum_ms":0.002374873,"child_observer_wall_ms":0.000000000,"count_scope":"inclusive","owner_commits":1,"projection_invocations":0}
PRODUCER_COMMAND_V1 stage=0 raw_iteration=2 cpu_begin=1991663129156500 cpu_end=1991663405576458 gpu_begin=1991663129156500 gpu_end=1991663405576458 device_ms=195.87416667491198 encoders=39 interval_scope=possibly_overlapping
PRODUCER_KERNEL_V1 stage=0 raw_iteration=2 ordinal=0 kernel=owner_pack_faces threads=1533387 begin_tick=1991663209708458 end_tick=1991663209759916 ms_per_tick=9.9999999999999995e-07 device_ms=0.051457999999999997
PRODUCER_KERNEL_V1 stage=0 raw_iteration=2 ordinal=1 kernel=owner_pack_faces threads=1533387 begin_tick=1991663209786250 end_tick=1991663209836666 ms_per_tick=9.9999999999999995e-07 device_ms=0.050415999999999996
PRODUCER_KERNEL_V1 stage=0 raw_iteration=2 ordinal=2 kernel=owner_pack_faces threads=1533387 begin_tick=1991663209915958 end_tick=1991663210002916 ms_per_tick=9.9999999999999995e-07 device_ms=0.086957999999999994
PRODUCER_KERNEL_V1 stage=0 raw_iteration=2 ordinal=3 kernel=fct_extract_gas_density threads=504666 begin_tick=1991663209934041 end_tick=1991663209983500 ms_per_tick=9.9999999999999995e-07 device_ms=0.049458999999999996
PRODUCER_KERNEL_V1 stage=0 raw_iteration=2 ordinal=4 kernel=owner_gas_source threads=504666 begin_tick=1991663209986500 end_tick=1991663210034125 ms_per_tick=9.9999999999999995e-07 device_ms=0.047625000000000001
PRODUCER_KERNEL_V1 stage=0 raw_iteration=2 ordinal=5 kernel=evaluate_resident_transport threads=504666 begin_tick=1991663210115541 end_tick=1991663210568375 ms_per_tick=9.9999999999999995e-07 device_ms=0.45283399999999996
PRODUCER_KERNEL_V1 stage=0 raw_iteration=2 ordinal=6 kernel=identify_resident_transport threads=1 begin_tick=1991663210568750 end_tick=1991663210571875 ms_per_tick=9.9999999999999995e-07 device_ms=0.0031249999999999997
PRODUCER_KERNEL_V1 stage=0 raw_iteration=2 ordinal=7 kernel=owner_bind_transport threads=1 begin_tick=1991663210572416 end_tick=1991663210576041 ms_per_tick=9.9999999999999995e-07 device_ms=0.0036249999999999998
PRODUCER_KERNEL_V1 stage=0 raw_iteration=2 ordinal=8 kernel=identify_resident_owner_endpoint_class threads=1 begin_tick=1991663210576958 end_tick=1991663210580208 ms_per_tick=9.9999999999999995e-07 device_ms=0.0032499999999999999
PRODUCER_KERNEL_V1 stage=0 raw_iteration=2 ordinal=9 kernel=evaluate_resident_physical_flux threads=1533387 begin_tick=1991663211534375 end_tick=1991663212648041 ms_per_tick=9.9999999999999995e-07 device_ms=1.113666
PRODUCER_KERNEL_V1 stage=0 raw_iteration=2 ordinal=10 kernel=evaluate_resident_advective_pair threads=13800483 begin_tick=1991663212927666 end_tick=1991663220125583 ms_per_tick=9.9999999999999995e-07 device_ms=7.1979169999999995
PRODUCER_KERNEL_V1 stage=0 raw_iteration=2 ordinal=11 kernel=finalize_resident_advective_high threads=13800483 begin_tick=1991663220145625 end_tick=1991663220744750 ms_per_tick=9.9999999999999995e-07 device_ms=0.59912500000000002
PRODUCER_KERNEL_V1 stage=0 raw_iteration=2 ordinal=12 kernel=compose_resident_flux_pair threads=13800483 begin_tick=1991663220745125 end_tick=1991663221626666 ms_per_tick=9.9999999999999995e-07 device_ms=0.88154099999999991
PRODUCER_KERNEL_V1 stage=0 raw_iteration=2 ordinal=13 kernel=validate_resident_physical_flux threads=13800483 begin_tick=1991663221627333 end_tick=1991663222495958 ms_per_tick=9.9999999999999995e-07 device_ms=0.86862499999999998
PRODUCER_KERNEL_V1 stage=0 raw_iteration=2 ordinal=14 kernel=identify_resident_physical_flux threads=32 begin_tick=1991663222496625 end_tick=1991663222499875 ms_per_tick=9.9999999999999995e-07 device_ms=0.0032499999999999999
PRODUCER_KERNEL_V1 stage=0 raw_iteration=2 ordinal=15 kernel=fct_build_ratios threads=5551326 begin_tick=1991663222500458 end_tick=1991663226158375 ms_per_tick=9.9999999999999995e-07 device_ms=3.6579169999999999
PRODUCER_KERNEL_V1 stage=0 raw_iteration=2 ordinal=16 kernel=fct_build_face_alpha threads=1533387 begin_tick=1991663226158916 end_tick=1991663226429666 ms_per_tick=9.9999999999999995e-07 device_ms=0.27074999999999999
PRODUCER_KERNEL_V1 stage=0 raw_iteration=2 ordinal=17 kernel=fct_commit_scalar threads=504666 begin_tick=1991663226430250 end_tick=1991663226622125 ms_per_tick=9.9999999999999995e-07 device_ms=0.19187499999999999
PRODUCER_KERNEL_V1 stage=0 raw_iteration=2 ordinal=18 kernel=owner_bind_candidate threads=1 begin_tick=1991663226622750 end_tick=1991663226626708 ms_per_tick=9.9999999999999995e-07 device_ms=0.0039579999999999997
PRODUCER_KERNEL_V1 stage=0 raw_iteration=2 ordinal=19 kernel=finalize_resident_eos_candidate threads=1 begin_tick=1991663226627125 end_tick=1991663226629583 ms_per_tick=9.9999999999999995e-07 device_ms=0.0024579999999999997
PRODUCER_KERNEL_V1 stage=0 raw_iteration=2 ordinal=20 kernel=build_eos_endpoint_table threads=14 begin_tick=1991663226630041 end_tick=1991663226929875 ms_per_tick=9.9999999999999995e-07 device_ms=0.29983399999999999
PRODUCER_KERNEL_V1 stage=0 raw_iteration=2 ordinal=21 kernel=evaluate_resident_eos_candidate threads=504666 begin_tick=1991663226930750 end_tick=1991663290348916 ms_per_tick=9.9999999999999995e-07 device_ms=63.418165999999999
PRODUCER_KERNEL_V1 stage=0 raw_iteration=2 ordinal=22 kernel=finalize_resident_eos_candidate threads=1 begin_tick=1991663290363958 end_tick=1991663290369750 ms_per_tick=9.9999999999999995e-07 device_ms=0.0057919999999999994
PRODUCER_KERNEL_V1 stage=0 raw_iteration=2 ordinal=23 kernel=identify_resident_eos threads=1 begin_tick=1991663290370083 end_tick=1991663290372750 ms_per_tick=9.9999999999999995e-07 device_ms=0.0026669999999999997
PRODUCER_KERNEL_V1 stage=0 raw_iteration=2 ordinal=24 kernel=produce_resident_frozen_source threads=504666 begin_tick=1991663290373083 end_tick=1991663290405500 ms_per_tick=9.9999999999999995e-07 device_ms=0.032417000000000001
PRODUCER_KERNEL_V1 stage=0 raw_iteration=2 ordinal=25 kernel=identify_resident_frozen_source threads=1 begin_tick=1991663290405875 end_tick=1991663290408833 ms_per_tick=9.9999999999999995e-07 device_ms=0.0029579999999999997
PRODUCER_KERNEL_V1 stage=0 raw_iteration=2 ordinal=26 kernel=evaluate_resident_target_terms threads=504666 begin_tick=1991663290409208 end_tick=1991663404771500 ms_per_tick=9.9999999999999995e-07 device_ms=114.362292
PRODUCER_KERNEL_V1 stage=0 raw_iteration=2 ordinal=27 kernel=finalize_resident_target threads=1 begin_tick=1991663404786625 end_tick=1991663404789583 ms_per_tick=9.9999999999999995e-07 device_ms=0.0029579999999999997
PRODUCER_KERNEL_V1 stage=0 raw_iteration=2 ordinal=28 kernel=identify_resident_target threads=1 begin_tick=1991663404789875 end_tick=1991663404792666 ms_per_tick=9.9999999999999995e-07 device_ms=0.0027910000000000001
PRODUCER_KERNEL_V1 stage=0 raw_iteration=2 ordinal=29 kernel=issue_resident_projection_consumer threads=1 begin_tick=1991663404793083 end_tick=1991663404797166 ms_per_tick=9.9999999999999995e-07 device_ms=0.0040829999999999998
PRODUCER_KERNEL_V1 stage=0 raw_iteration=2 ordinal=30 kernel=consume_resident_target threads=1 begin_tick=1991663404797583 end_tick=1991663404801541 ms_per_tick=9.9999999999999995e-07 device_ms=0.0039579999999999997
PRODUCER_KERNEL_V1 stage=0 raw_iteration=2 ordinal=31 kernel=owner_compose_target threads=504666 begin_tick=1991663404801916 end_tick=1991663404881541 ms_per_tick=9.9999999999999995e-07 device_ms=0.079625000000000001
PRODUCER_KERNEL_V1 stage=0 raw_iteration=2 ordinal=32 kernel=finalize_resident_target threads=1 begin_tick=1991663404881833 end_tick=1991663404884333 ms_per_tick=9.9999999999999995e-07 device_ms=0.0025000000000000001
PRODUCER_KERNEL_V1 stage=0 raw_iteration=2 ordinal=33 kernel=owner_identify_target threads=1 begin_tick=1991663404884750 end_tick=1991663404887708 ms_per_tick=9.9999999999999995e-07 device_ms=0.0029579999999999997
PRODUCER_KERNEL_V1 stage=0 raw_iteration=2 ordinal=34 kernel=issue_resident_projection_consumer threads=1 begin_tick=1991663404888125 end_tick=1991663404890916 ms_per_tick=9.9999999999999995e-07 device_ms=0.0027910000000000001
PRODUCER_KERNEL_V1 stage=0 raw_iteration=2 ordinal=35 kernel=consume_resident_target threads=1 begin_tick=1991663404891333 end_tick=1991663404894583 ms_per_tick=9.9999999999999995e-07 device_ms=0.0032499999999999999
PRODUCER_KERNEL_V1 stage=0 raw_iteration=2 ordinal=36 kernel=owner_issue_stage_seal threads=1 begin_tick=1991663404894958 end_tick=1991663404897833 ms_per_tick=9.9999999999999995e-07 device_ms=0.002875
PRODUCER_KERNEL_V1 stage=0 raw_iteration=2 ordinal=37 kernel=fct_compatible_stage_rate threads=1533387 begin_tick=1991663404898208 end_tick=1991663405405958 ms_per_tick=9.9999999999999995e-07 device_ms=0.50774999999999992
PRODUCER_KERNEL_V1 stage=0 raw_iteration=2 ordinal=38 kernel=owner_predict_momentum threads=1533387 begin_tick=1991663405406583 end_tick=1991663405456333 ms_per_tick=9.9999999999999995e-07 device_ms=0.049749999999999996
RISE_FIRE_OWNER_PROFILE_V1 {"scope":26,"parent":21,"phase":"BuildStageProducerGroup","stage":0,"raw_iteration":2,"iteration_kind":"picard","wall_ms":276.584416000,"device_sum_ms":195.874166675,"wall_minus_device_ms":80.710249325,"exclusive_wall_ms":276.584416000,"exclusive_device_sum_ms":195.874166675,"child_observer_wall_ms":0.000000000,"count_scope":"inclusive","owner_commits":1,"projection_invocations":0}
RISE_FIRE_OWNER_PROFILE_V1 {"scope":27,"parent":21,"phase":"Residual","stage":0,"raw_iteration":2,"iteration_kind":"picard","wall_ms":0.308791000,"device_sum_ms":0.116708223,"wall_minus_device_ms":0.192082777,"exclusive_wall_ms":0.308791000,"exclusive_device_sum_ms":0.116708223,"child_observer_wall_ms":0.000000000,"count_scope":"inclusive","owner_commits":1,"projection_invocations":0}
RISE_FIRE_OWNER_PROFILE_V1 {"scope":30,"parent":29,"phase":"ProjectionAdapter","stage":0,"raw_iteration":2147483650,"iteration_kind":"terminal","wall_ms":11.738750000,"device_sum_ms":8.940833388,"wall_minus_device_ms":2.797916612,"exclusive_wall_ms":11.738750000,"exclusive_device_sum_ms":8.940833388,"child_observer_wall_ms":0.000000000,"count_scope":"inclusive","owner_commits":0,"projection_invocations":1}
RISE_FIRE_OWNER_PROFILE_V1 {"scope":29,"parent":28,"phase":"Project","stage":0,"raw_iteration":2147483650,"iteration_kind":"terminal","wall_ms":12.310083000,"device_sum_ms":8.979666745,"wall_minus_device_ms":3.330416255,"exclusive_wall_ms":0.561791000,"exclusive_device_sum_ms":0.038833357,"child_observer_wall_ms":0.009542000,"count_scope":"inclusive","owner_commits":2,"projection_invocations":1}
RISE_FIRE_OWNER_PROFILE_V1 {"scope":31,"parent":28,"phase":"ReadOpenClass","stage":0,"raw_iteration":2147483650,"iteration_kind":"terminal","wall_ms":0.144541000,"device_sum_ms":0.002499903,"wall_minus_device_ms":0.142041097,"exclusive_wall_ms":0.144541000,"exclusive_device_sum_ms":0.002499903,"child_observer_wall_ms":0.000000000,"count_scope":"inclusive","owner_commits":1,"projection_invocations":0}
RISE_FIRE_OWNER_PROFILE_V1 {"scope":32,"parent":28,"phase":"ReadOpenClass","stage":0,"raw_iteration":2147483650,"iteration_kind":"terminal","wall_ms":0.135708000,"device_sum_ms":0.002416549,"wall_minus_device_ms":0.133291451,"exclusive_wall_ms":0.135708000,"exclusive_device_sum_ms":0.002416549,"child_observer_wall_ms":0.000000000,"count_scope":"inclusive","owner_commits":1,"projection_invocations":0}
PRODUCER_COMMAND_V1 stage=0 raw_iteration=2147483650 cpu_begin=1991663418675541 cpu_end=1991663698144750 gpu_begin=1991663418675541 gpu_end=1991663698144750 device_ms=198.45695840194821 encoders=39 interval_scope=possibly_overlapping
PRODUCER_KERNEL_V1 stage=0 raw_iteration=2147483650 ordinal=0 kernel=owner_pack_faces threads=1533387 begin_tick=1991663499655333 end_tick=1991663499707000 ms_per_tick=9.9999999999999995e-07 device_ms=0.051666999999999998
PRODUCER_KERNEL_V1 stage=0 raw_iteration=2147483650 ordinal=1 kernel=owner_pack_faces threads=1533387 begin_tick=1991663499723750 end_tick=1991663499774875 ms_per_tick=9.9999999999999995e-07 device_ms=0.051124999999999997
PRODUCER_KERNEL_V1 stage=0 raw_iteration=2147483650 ordinal=2 kernel=owner_pack_faces threads=1533387 begin_tick=1991663499837291 end_tick=1991663499923708 ms_per_tick=9.9999999999999995e-07 device_ms=0.086416999999999994
PRODUCER_KERNEL_V1 stage=0 raw_iteration=2147483650 ordinal=3 kernel=fct_extract_gas_density threads=504666 begin_tick=1991663499857791 end_tick=1991663499904458 ms_per_tick=9.9999999999999995e-07 device_ms=0.046667
PRODUCER_KERNEL_V1 stage=0 raw_iteration=2147483650 ordinal=4 kernel=owner_gas_source threads=504666 begin_tick=1991663499906208 end_tick=1991663499954541 ms_per_tick=9.9999999999999995e-07 device_ms=0.048333000000000001
PRODUCER_KERNEL_V1 stage=0 raw_iteration=2147483650 ordinal=5 kernel=evaluate_resident_transport threads=504666 begin_tick=1991663500026333 end_tick=1991663500477541 ms_per_tick=9.9999999999999995e-07 device_ms=0.451208
PRODUCER_KERNEL_V1 stage=0 raw_iteration=2147483650 ordinal=6 kernel=identify_resident_transport threads=1 begin_tick=1991663500477916 end_tick=1991663500481166 ms_per_tick=9.9999999999999995e-07 device_ms=0.0032499999999999999
PRODUCER_KERNEL_V1 stage=0 raw_iteration=2147483650 ordinal=7 kernel=owner_bind_transport threads=1 begin_tick=1991663500481708 end_tick=1991663500485833 ms_per_tick=9.9999999999999995e-07 device_ms=0.0041250000000000002
PRODUCER_KERNEL_V1 stage=0 raw_iteration=2147483650 ordinal=8 kernel=identify_resident_owner_endpoint_class threads=1 begin_tick=1991663500486541 end_tick=1991663500489708 ms_per_tick=9.9999999999999995e-07 device_ms=0.0031669999999999997
PRODUCER_KERNEL_V1 stage=0 raw_iteration=2147483650 ordinal=9 kernel=evaluate_resident_physical_flux threads=1533387 begin_tick=1991663501462291 end_tick=1991663502570000 ms_per_tick=9.9999999999999995e-07 device_ms=1.1077090000000001
PRODUCER_KERNEL_V1 stage=0 raw_iteration=2147483650 ordinal=10 kernel=evaluate_resident_advective_pair threads=13800483 begin_tick=1991663502856750 end_tick=1991663510362416 ms_per_tick=9.9999999999999995e-07 device_ms=7.5056659999999997
PRODUCER_KERNEL_V1 stage=0 raw_iteration=2147483650 ordinal=11 kernel=finalize_resident_advective_high threads=13800483 begin_tick=1991663510363458 end_tick=1991663510784750 ms_per_tick=9.9999999999999995e-07 device_ms=0.421292
PRODUCER_KERNEL_V1 stage=0 raw_iteration=2147483650 ordinal=12 kernel=compose_resident_flux_pair threads=13800483 begin_tick=1991663510785083 end_tick=1991663511668583 ms_per_tick=9.9999999999999995e-07 device_ms=0.88349999999999995
PRODUCER_KERNEL_V1 stage=0 raw_iteration=2147483650 ordinal=13 kernel=validate_resident_physical_flux threads=13800483 begin_tick=1991663511669250 end_tick=1991663512499500 ms_per_tick=9.9999999999999995e-07 device_ms=0.83024999999999993
PRODUCER_KERNEL_V1 stage=0 raw_iteration=2147483650 ordinal=14 kernel=identify_resident_physical_flux threads=32 begin_tick=1991663512500083 end_tick=1991663512506208 ms_per_tick=9.9999999999999995e-07 device_ms=0.0061249999999999994
PRODUCER_KERNEL_V1 stage=0 raw_iteration=2147483650 ordinal=15 kernel=fct_build_ratios threads=5551326 begin_tick=1991663512506666 end_tick=1991663516097666 ms_per_tick=9.9999999999999995e-07 device_ms=3.5909999999999997
PRODUCER_KERNEL_V1 stage=0 raw_iteration=2147483650 ordinal=16 kernel=fct_build_face_alpha threads=1533387 begin_tick=1991663516098416 end_tick=1991663516367083 ms_per_tick=9.9999999999999995e-07 device_ms=0.26866699999999999
PRODUCER_KERNEL_V1 stage=0 raw_iteration=2147483650 ordinal=17 kernel=fct_commit_scalar threads=504666 begin_tick=1991663516367500 end_tick=1991663516556958 ms_per_tick=9.9999999999999995e-07 device_ms=0.18945799999999999
PRODUCER_KERNEL_V1 stage=0 raw_iteration=2147483650 ordinal=18 kernel=owner_bind_candidate threads=1 begin_tick=1991663516557500 end_tick=1991663516561416 ms_per_tick=9.9999999999999995e-07 device_ms=0.0039160000000000002
PRODUCER_KERNEL_V1 stage=0 raw_iteration=2147483650 ordinal=19 kernel=finalize_resident_eos_candidate threads=1 begin_tick=1991663516561916 end_tick=1991663516564250 ms_per_tick=9.9999999999999995e-07 device_ms=0.0023339999999999997
PRODUCER_KERNEL_V1 stage=0 raw_iteration=2147483650 ordinal=20 kernel=build_eos_endpoint_table threads=14 begin_tick=1991663516565375 end_tick=1991663516858083 ms_per_tick=9.9999999999999995e-07 device_ms=0.29270799999999997
PRODUCER_KERNEL_V1 stage=0 raw_iteration=2147483650 ordinal=21 kernel=evaluate_resident_eos_candidate threads=504666 begin_tick=1991663516858375 end_tick=1991663583365916 ms_per_tick=9.9999999999999995e-07 device_ms=66.507541000000003
PRODUCER_KERNEL_V1 stage=0 raw_iteration=2147483650 ordinal=22 kernel=finalize_resident_eos_candidate threads=1 begin_tick=1991663583381083 end_tick=1991663583386916 ms_per_tick=9.9999999999999995e-07 device_ms=0.0058329999999999996
PRODUCER_KERNEL_V1 stage=0 raw_iteration=2147483650 ordinal=23 kernel=identify_resident_eos threads=1 begin_tick=1991663583387208 end_tick=1991663583389958 ms_per_tick=9.9999999999999995e-07 device_ms=0.0027499999999999998
PRODUCER_KERNEL_V1 stage=0 raw_iteration=2147483650 ordinal=24 kernel=produce_resident_frozen_source threads=504666 begin_tick=1991663583390333 end_tick=1991663583421541 ms_per_tick=9.9999999999999995e-07 device_ms=0.031208
PRODUCER_KERNEL_V1 stage=0 raw_iteration=2147483650 ordinal=25 kernel=identify_resident_frozen_source threads=1 begin_tick=1991663583421958 end_tick=1991663583424958 ms_per_tick=9.9999999999999995e-07 device_ms=0.0030000000000000001
PRODUCER_KERNEL_V1 stage=0 raw_iteration=2147483650 ordinal=26 kernel=evaluate_resident_target_terms threads=504666 begin_tick=1991663583425375 end_tick=1991663697281083 ms_per_tick=9.9999999999999995e-07 device_ms=113.85570799999999
PRODUCER_KERNEL_V1 stage=0 raw_iteration=2147483650 ordinal=27 kernel=finalize_resident_target threads=1 begin_tick=1991663697296458 end_tick=1991663697299416 ms_per_tick=9.9999999999999995e-07 device_ms=0.0029579999999999997
PRODUCER_KERNEL_V1 stage=0 raw_iteration=2147483650 ordinal=28 kernel=identify_resident_target threads=1 begin_tick=1991663697299750 end_tick=1991663697303125 ms_per_tick=9.9999999999999995e-07 device_ms=0.003375
PRODUCER_KERNEL_V1 stage=0 raw_iteration=2147483650 ordinal=29 kernel=issue_resident_projection_consumer threads=1 begin_tick=1991663697303541 end_tick=1991663697307916 ms_per_tick=9.9999999999999995e-07 device_ms=0.0043749999999999995
PRODUCER_KERNEL_V1 stage=0 raw_iteration=2147483650 ordinal=30 kernel=consume_resident_target threads=1 begin_tick=1991663697308333 end_tick=1991663697312375 ms_per_tick=9.9999999999999995e-07 device_ms=0.0040419999999999996
PRODUCER_KERNEL_V1 stage=0 raw_iteration=2147483650 ordinal=31 kernel=owner_compose_target threads=504666 begin_tick=1991663697312750 end_tick=1991663697392166 ms_per_tick=9.9999999999999995e-07 device_ms=0.079416
PRODUCER_KERNEL_V1 stage=0 raw_iteration=2147483650 ordinal=32 kernel=finalize_resident_target threads=1 begin_tick=1991663697392500 end_tick=1991663697395166 ms_per_tick=9.9999999999999995e-07 device_ms=0.002666
PRODUCER_KERNEL_V1 stage=0 raw_iteration=2147483650 ordinal=33 kernel=owner_identify_target threads=1 begin_tick=1991663697395541 end_tick=1991663697398583 ms_per_tick=9.9999999999999995e-07 device_ms=0.003042
PRODUCER_KERNEL_V1 stage=0 raw_iteration=2147483650 ordinal=34 kernel=issue_resident_projection_consumer threads=1 begin_tick=1991663697399000 end_tick=1991663697402166 ms_per_tick=9.9999999999999995e-07 device_ms=0.003166
PRODUCER_KERNEL_V1 stage=0 raw_iteration=2147483650 ordinal=35 kernel=consume_resident_target threads=1 begin_tick=1991663697402583 end_tick=1991663697405875 ms_per_tick=9.9999999999999995e-07 device_ms=0.0032919999999999998
PRODUCER_KERNEL_V1 stage=0 raw_iteration=2147483650 ordinal=36 kernel=owner_issue_stage_seal threads=1 begin_tick=1991663697406291 end_tick=1991663697409666 ms_per_tick=9.9999999999999995e-07 device_ms=0.003375
PRODUCER_KERNEL_V1 stage=0 raw_iteration=2147483650 ordinal=37 kernel=fct_compatible_stage_rate threads=1533387 begin_tick=1991663697410166 end_tick=1991663697923416 ms_per_tick=9.9999999999999995e-07 device_ms=0.51324999999999998
PRODUCER_KERNEL_V1 stage=0 raw_iteration=2147483650 ordinal=38 kernel=owner_predict_momentum threads=1533387 begin_tick=1991663697923958 end_tick=1991663697973958 ms_per_tick=9.9999999999999995e-07 device_ms=0.049999999999999996
RISE_FIRE_OWNER_PROFILE_V1 {"scope":33,"parent":28,"phase":"BuildStageProducerGroup","stage":0,"raw_iteration":2147483650,"iteration_kind":"terminal","wall_ms":279.640250000,"device_sum_ms":198.456958402,"wall_minus_device_ms":81.183291598,"exclusive_wall_ms":279.640250000,"exclusive_device_sum_ms":198.456958402,"child_observer_wall_ms":0.000000000,"count_scope":"inclusive","owner_commits":1,"projection_invocations":0}
RISE_FIRE_OWNER_PROFILE_V1 {"scope":34,"parent":28,"phase":"AlphaResidual","stage":0,"raw_iteration":2147483650,"iteration_kind":"terminal","wall_ms":0.247750000,"device_sum_ms":0.054041622,"wall_minus_device_ms":0.193708378,"exclusive_wall_ms":0.247750000,"exclusive_device_sum_ms":0.054041622,"child_observer_wall_ms":0.000000000,"count_scope":"inclusive","owner_commits":1,"projection_invocations":0}
RISE_FIRE_OWNER_PROFILE_V1 {"scope":35,"parent":28,"phase":"Residual","stage":0,"raw_iteration":2147483650,"iteration_kind":"terminal","wall_ms":0.296833000,"device_sum_ms":0.114624854,"wall_minus_device_ms":0.182208146,"exclusive_wall_ms":0.296833000,"exclusive_device_sum_ms":0.114624854,"child_observer_wall_ms":0.000000000,"count_scope":"inclusive","owner_commits":1,"projection_invocations":0}
RISE_FIRE_OWNER_PROFILE_V1 {"scope":28,"parent":21,"phase":"TerminalVerification","stage":0,"raw_iteration":2147483650,"iteration_kind":"terminal","wall_ms":292.813333000,"device_sum_ms":207.610208075,"wall_minus_device_ms":85.203124925,"exclusive_wall_ms":0.004085000,"exclusive_device_sum_ms":0.000000000,"child_observer_wall_ms":0.034083000,"count_scope":"inclusive","owner_commits":7,"projection_invocations":1}
RISE_FIRE_OWNER_PROFILE_V1 {"scope":21,"parent":3,"phase":"PicardIteration","stage":0,"raw_iteration":2,"iteration_kind":"picard","wall_ms":583.398458000,"device_sum_ms":412.677916232,"wall_minus_device_ms":170.720541768,"exclusive_wall_ms":0.375042000,"exclusive_device_sum_ms":0.000000000,"child_observer_wall_ms":0.035876000,"count_scope":"inclusive","owner_commits":13,"projection_invocations":2}
RISE_FIRE_OWNER_PROFILE_V1 {"scope":3,"parent":1,"phase":"SolveStage","stage":0,"raw_iteration":4294967295,"iteration_kind":"bootstrap","wall_ms":1468.641708000,"device_sum_ms":1036.922125146,"wall_minus_device_ms":431.719582854,"exclusive_wall_ms":1.532625000,"exclusive_device_sum_ms":0.000000000,"child_observer_wall_ms":0.050041000,"count_scope":"inclusive","owner_commits":28,"projection_invocations":5}
RISE_FIRE_OWNER_PROFILE_V1 {"scope":38,"parent":37,"phase":"ProjectionAdapter","stage":1,"raw_iteration":4294967295,"iteration_kind":"bootstrap","wall_ms":11.718542000,"device_sum_ms":8.961291518,"wall_minus_device_ms":2.757250482,"exclusive_wall_ms":11.718542000,"exclusive_device_sum_ms":8.961291518,"child_observer_wall_ms":0.000000000,"count_scope":"inclusive","owner_commits":0,"projection_invocations":1}
RISE_FIRE_OWNER_PROFILE_V1 {"scope":37,"parent":36,"phase":"Project","stage":1,"raw_iteration":4294967295,"iteration_kind":"bootstrap","wall_ms":12.315500000,"device_sum_ms":9.002249688,"wall_minus_device_ms":3.313250312,"exclusive_wall_ms":0.590541000,"exclusive_device_sum_ms":0.040958170,"child_observer_wall_ms":0.006417000,"count_scope":"inclusive","owner_commits":2,"projection_invocations":1}
PRODUCER_COMMAND_V1 stage=1 raw_iteration=4294967295 cpu_begin=1991663713115166 cpu_end=1991663991323583 gpu_begin=1991663713115166 gpu_end=1991663991323583 device_ms=197.41675001569092 encoders=42 interval_scope=possibly_overlapping
PRODUCER_KERNEL_V1 stage=1 raw_iteration=4294967295 ordinal=0 kernel=owner_pack_faces threads=1533387 begin_tick=1991663793933125 end_tick=1991663793984375 ms_per_tick=9.9999999999999995e-07 device_ms=0.051249999999999997
PRODUCER_KERNEL_V1 stage=1 raw_iteration=4294967295 ordinal=1 kernel=owner_pack_faces threads=1533387 begin_tick=1991663794033166 end_tick=1991663794084208 ms_per_tick=9.9999999999999995e-07 device_ms=0.051041999999999997
PRODUCER_KERNEL_V1 stage=1 raw_iteration=4294967295 ordinal=2 kernel=owner_pack_faces threads=1533387 begin_tick=1991663794114375 end_tick=1991663794189250 ms_per_tick=9.9999999999999995e-07 device_ms=0.074874999999999997
PRODUCER_KERNEL_V1 stage=1 raw_iteration=4294967295 ordinal=3 kernel=fct_extract_gas_density threads=504666 begin_tick=1991663794153625 end_tick=1991663794200458 ms_per_tick=9.9999999999999995e-07 device_ms=0.046833
PRODUCER_KERNEL_V1 stage=1 raw_iteration=4294967295 ordinal=4 kernel=owner_gas_source threads=504666 begin_tick=1991663794229125 end_tick=1991663794270583 ms_per_tick=9.9999999999999995e-07 device_ms=0.041457999999999995
PRODUCER_KERNEL_V1 stage=1 raw_iteration=4294967295 ordinal=5 kernel=evaluate_resident_transport threads=504666 begin_tick=1991663794316083 end_tick=1991663794968000 ms_per_tick=9.9999999999999995e-07 device_ms=0.65191699999999997
PRODUCER_KERNEL_V1 stage=1 raw_iteration=4294967295 ordinal=6 kernel=identify_resident_transport threads=1 begin_tick=1991663794968541 end_tick=1991663794971875 ms_per_tick=9.9999999999999995e-07 device_ms=0.0033339999999999997
PRODUCER_KERNEL_V1 stage=1 raw_iteration=4294967295 ordinal=7 kernel=owner_bind_transport threads=1 begin_tick=1991663794972458 end_tick=1991663794975875 ms_per_tick=9.9999999999999995e-07 device_ms=0.0034169999999999999
PRODUCER_KERNEL_V1 stage=1 raw_iteration=4294967295 ordinal=8 kernel=identify_resident_owner_endpoint_class threads=1 begin_tick=1991663794976750 end_tick=1991663794979916 ms_per_tick=9.9999999999999995e-07 device_ms=0.003166
PRODUCER_KERNEL_V1 stage=1 raw_iteration=4294967295 ordinal=9 kernel=evaluate_resident_physical_flux threads=1533387 begin_tick=1991663796026625 end_tick=1991663797137375 ms_per_tick=9.9999999999999995e-07 device_ms=1.1107499999999999
PRODUCER_KERNEL_V1 stage=1 raw_iteration=4294967295 ordinal=10 kernel=evaluate_resident_advective_pair threads=13800483 begin_tick=1991663797571166 end_tick=1991663804706166 ms_per_tick=9.9999999999999995e-07 device_ms=7.1349999999999998
PRODUCER_KERNEL_V1 stage=1 raw_iteration=4294967295 ordinal=11 kernel=finalize_resident_advective_high threads=13800483 begin_tick=1991663804706958 end_tick=1991663805127041 ms_per_tick=9.9999999999999995e-07 device_ms=0.42008299999999998
PRODUCER_KERNEL_V1 stage=1 raw_iteration=4294967295 ordinal=12 kernel=compose_resident_flux_pair threads=13800483 begin_tick=1991663805127416 end_tick=1991663806017125 ms_per_tick=9.9999999999999995e-07 device_ms=0.88970899999999997
PRODUCER_KERNEL_V1 stage=1 raw_iteration=4294967295 ordinal=13 kernel=validate_resident_physical_flux threads=13800483 begin_tick=1991663806017791 end_tick=1991663807040458 ms_per_tick=9.9999999999999995e-07 device_ms=1.022667
PRODUCER_KERNEL_V1 stage=1 raw_iteration=4294967295 ordinal=14 kernel=identify_resident_physical_flux threads=32 begin_tick=1991663807040958 end_tick=1991663807046708 ms_per_tick=9.9999999999999995e-07 device_ms=0.0057499999999999999
PRODUCER_KERNEL_V1 stage=1 raw_iteration=4294967295 ordinal=15 kernel=owner_average_flux threads=13800483 begin_tick=1991663807047208 end_tick=1991663807860166 ms_per_tick=9.9999999999999995e-07 device_ms=0.81295799999999996
PRODUCER_KERNEL_V1 stage=1 raw_iteration=4294967295 ordinal=16 kernel=owner_bind_averaged_flux threads=1 begin_tick=1991663807860708 end_tick=1991663807864458 ms_per_tick=9.9999999999999995e-07 device_ms=0.0037499999999999999
PRODUCER_KERNEL_V1 stage=1 raw_iteration=4294967295 ordinal=17 kernel=fct_build_ratios threads=5551326 begin_tick=1991663807864833 end_tick=1991663811787791 ms_per_tick=9.9999999999999995e-07 device_ms=3.9229579999999999
PRODUCER_KERNEL_V1 stage=1 raw_iteration=4294967295 ordinal=18 kernel=fct_build_face_alpha threads=1533387 begin_tick=1991663811802416 end_tick=1991663812080833 ms_per_tick=9.9999999999999995e-07 device_ms=0.27841699999999997
PRODUCER_KERNEL_V1 stage=1 raw_iteration=4294967295 ordinal=19 kernel=fct_commit_scalar threads=504666 begin_tick=1991663812081500 end_tick=1991663812283625 ms_per_tick=9.9999999999999995e-07 device_ms=0.202125
PRODUCER_KERNEL_V1 stage=1 raw_iteration=4294967295 ordinal=20 kernel=owner_bind_candidate threads=1 begin_tick=1991663812284208 end_tick=1991663812288041 ms_per_tick=9.9999999999999995e-07 device_ms=0.003833
PRODUCER_KERNEL_V1 stage=1 raw_iteration=4294967295 ordinal=21 kernel=finalize_resident_eos_candidate threads=1 begin_tick=1991663812288583 end_tick=1991663812290916 ms_per_tick=9.9999999999999995e-07 device_ms=0.002333
PRODUCER_KERNEL_V1 stage=1 raw_iteration=4294967295 ordinal=22 kernel=build_eos_endpoint_table threads=14 begin_tick=1991663812291333 end_tick=1991663812582458 ms_per_tick=9.9999999999999995e-07 device_ms=0.29112499999999997
PRODUCER_KERNEL_V1 stage=1 raw_iteration=4294967295 ordinal=23 kernel=evaluate_resident_eos_candidate threads=504666 begin_tick=1991663812582791 end_tick=1991663875890125 ms_per_tick=9.9999999999999995e-07 device_ms=63.307333999999997
PRODUCER_KERNEL_V1 stage=1 raw_iteration=4294967295 ordinal=24 kernel=finalize_resident_eos_candidate threads=1 begin_tick=1991663875906541 end_tick=1991663875909500 ms_per_tick=9.9999999999999995e-07 device_ms=0.0029589999999999998
PRODUCER_KERNEL_V1 stage=1 raw_iteration=4294967295 ordinal=25 kernel=identify_resident_eos threads=1 begin_tick=1991663875909791 end_tick=1991663875912541 ms_per_tick=9.9999999999999995e-07 device_ms=0.0027499999999999998
PRODUCER_KERNEL_V1 stage=1 raw_iteration=4294967295 ordinal=26 kernel=produce_resident_frozen_source threads=504666 begin_tick=1991663875912875 end_tick=1991663875944625 ms_per_tick=9.9999999999999995e-07 device_ms=0.03175
PRODUCER_KERNEL_V1 stage=1 raw_iteration=4294967295 ordinal=27 kernel=identify_resident_frozen_source threads=1 begin_tick=1991663875945000 end_tick=1991663875948125 ms_per_tick=9.9999999999999995e-07 device_ms=0.0031249999999999997
PRODUCER_KERNEL_V1 stage=1 raw_iteration=4294967295 ordinal=28 kernel=evaluate_resident_target_terms threads=504666 begin_tick=1991663875948500 end_tick=1991663990041333 ms_per_tick=9.9999999999999995e-07 device_ms=114.092833
PRODUCER_KERNEL_V1 stage=1 raw_iteration=4294967295 ordinal=29 kernel=finalize_resident_target threads=1 begin_tick=1991663990056083 end_tick=1991663990059125 ms_per_tick=9.9999999999999995e-07 device_ms=0.003042
PRODUCER_KERNEL_V1 stage=1 raw_iteration=4294967295 ordinal=30 kernel=identify_resident_target threads=1 begin_tick=1991663990059458 end_tick=1991663990062333 ms_per_tick=9.9999999999999995e-07 device_ms=0.002875
PRODUCER_KERNEL_V1 stage=1 raw_iteration=4294967295 ordinal=31 kernel=issue_resident_projection_consumer threads=1 begin_tick=1991663990062750 end_tick=1991663990066750 ms_per_tick=9.9999999999999995e-07 device_ms=0.0040000000000000001
PRODUCER_KERNEL_V1 stage=1 raw_iteration=4294967295 ordinal=32 kernel=consume_resident_target threads=1 begin_tick=1991663990067166 end_tick=1991663990071083 ms_per_tick=9.9999999999999995e-07 device_ms=0.0039169999999999995
PRODUCER_KERNEL_V1 stage=1 raw_iteration=4294967295 ordinal=33 kernel=owner_compose_target threads=504666 begin_tick=1991663990071500 end_tick=1991663990102916 ms_per_tick=9.9999999999999995e-07 device_ms=0.031415999999999999
PRODUCER_KERNEL_V1 stage=1 raw_iteration=4294967295 ordinal=34 kernel=finalize_resident_target threads=1 begin_tick=1991663990103250 end_tick=1991663990105583 ms_per_tick=9.9999999999999995e-07 device_ms=0.002333
PRODUCER_KERNEL_V1 stage=1 raw_iteration=4294967295 ordinal=35 kernel=owner_identify_target threads=1 begin_tick=1991663990105875 end_tick=1991663990108708 ms_per_tick=9.9999999999999995e-07 device_ms=0.002833
PRODUCER_KERNEL_V1 stage=1 raw_iteration=4294967295 ordinal=36 kernel=issue_resident_projection_consumer threads=1 begin_tick=1991663990109083 end_tick=1991663990112166 ms_per_tick=9.9999999999999995e-07 device_ms=0.0030829999999999998
PRODUCER_KERNEL_V1 stage=1 raw_iteration=4294967295 ordinal=37 kernel=consume_resident_target threads=1 begin_tick=1991663990112625 end_tick=1991663990115916 ms_per_tick=9.9999999999999995e-07 device_ms=0.0032909999999999997
PRODUCER_KERNEL_V1 stage=1 raw_iteration=4294967295 ordinal=38 kernel=owner_issue_stage_seal threads=1 begin_tick=1991663990116291 end_tick=1991663990119250 ms_per_tick=9.9999999999999995e-07 device_ms=0.0029589999999999998
PRODUCER_KERNEL_V1 stage=1 raw_iteration=4294967295 ordinal=39 kernel=fct_compatible_stage_rate threads=1533387 begin_tick=1991663990119625 end_tick=1991663990633083 ms_per_tick=9.9999999999999995e-07 device_ms=0.51345799999999997
PRODUCER_KERNEL_V1 stage=1 raw_iteration=4294967295 ordinal=40 kernel=fct_compatible_stage_rate threads=1533387 begin_tick=1991663990633791 end_tick=1991663991126875 ms_per_tick=9.9999999999999995e-07 device_ms=0.49308399999999997
PRODUCER_KERNEL_V1 stage=1 raw_iteration=4294967295 ordinal=41 kernel=owner_heun_momentum threads=1533387 begin_tick=1991663991127416 end_tick=1991663991217833 ms_per_tick=9.9999999999999995e-07 device_ms=0.090416999999999997
RISE_FIRE_OWNER_PROFILE_V1 {"scope":39,"parent":36,"phase":"BuildStageProducerGroup","stage":1,"raw_iteration":4294967295,"iteration_kind":"bootstrap","wall_ms":278.392666000,"device_sum_ms":197.416750016,"wall_minus_device_ms":80.975915984,"exclusive_wall_ms":278.392666000,"exclusive_device_sum_ms":197.416750016,"child_observer_wall_ms":0.000000000,"count_scope":"inclusive","owner_commits":1,"projection_invocations":0}
RISE_FIRE_OWNER_PROFILE_V1 {"scope":42,"parent":41,"phase":"ProjectionAdapter","stage":1,"raw_iteration":0,"iteration_kind":"picard","wall_ms":11.989791000,"device_sum_ms":9.129958460,"wall_minus_device_ms":2.859832540,"exclusive_wall_ms":11.989791000,"exclusive_device_sum_ms":9.129958460,"child_observer_wall_ms":0.000000000,"count_scope":"inclusive","owner_commits":0,"projection_invocations":1}
RISE_FIRE_OWNER_PROFILE_V1 {"scope":41,"parent":40,"phase":"Project","stage":1,"raw_iteration":0,"iteration_kind":"picard","wall_ms":12.620250000,"device_sum_ms":9.173416765,"wall_minus_device_ms":3.446833235,"exclusive_wall_ms":0.621459000,"exclusive_device_sum_ms":0.043458305,"child_observer_wall_ms":0.009000000,"count_scope":"inclusive","owner_commits":2,"projection_invocations":1}
RISE_FIRE_OWNER_PROFILE_V1 {"scope":43,"parent":40,"phase":"ReadOpenClass","stage":1,"raw_iteration":0,"iteration_kind":"picard","wall_ms":0.158000000,"device_sum_ms":0.002458226,"wall_minus_device_ms":0.155541774,"exclusive_wall_ms":0.158000000,"exclusive_device_sum_ms":0.002458226,"child_observer_wall_ms":0.000000000,"count_scope":"inclusive","owner_commits":1,"projection_invocations":0}
RISE_FIRE_OWNER_PROFILE_V1 {"scope":44,"parent":40,"phase":"ReadOpenClass","stage":1,"raw_iteration":0,"iteration_kind":"picard","wall_ms":0.198584000,"device_sum_ms":0.002375105,"wall_minus_device_ms":0.196208895,"exclusive_wall_ms":0.198584000,"exclusive_device_sum_ms":0.002375105,"child_observer_wall_ms":0.000000000,"count_scope":"inclusive","owner_commits":1,"projection_invocations":0}
PRODUCER_COMMAND_V1 stage=1 raw_iteration=0 cpu_begin=1991664004515125 cpu_end=1991664286748541 gpu_begin=1991664004515125 gpu_end=1991664286748541 device_ms=200.18362510018051 encoders=42 interval_scope=possibly_overlapping
PRODUCER_KERNEL_V1 stage=1 raw_iteration=0 ordinal=0 kernel=owner_pack_faces threads=1533387 begin_tick=1991664086454416 end_tick=1991664086510083 ms_per_tick=9.9999999999999995e-07 device_ms=0.055666999999999994
PRODUCER_KERNEL_V1 stage=1 raw_iteration=0 ordinal=1 kernel=owner_pack_faces threads=1533387 begin_tick=1991664086510083 end_tick=1991664086860750 ms_per_tick=9.9999999999999995e-07 device_ms=0.35066700000000001
PRODUCER_KERNEL_V1 stage=1 raw_iteration=0 ordinal=2 kernel=owner_pack_faces threads=1533387 begin_tick=1991664086453583 end_tick=1991664086510375 ms_per_tick=9.9999999999999995e-07 device_ms=0.056791999999999995
PRODUCER_KERNEL_V1 stage=1 raw_iteration=0 ordinal=3 kernel=fct_extract_gas_density threads=504666 begin_tick=1991664086510583 end_tick=1991664086557000 ms_per_tick=9.9999999999999995e-07 device_ms=0.046417
PRODUCER_KERNEL_V1 stage=1 raw_iteration=0 ordinal=4 kernel=owner_gas_source threads=504666 begin_tick=1991664086861583 end_tick=1991664087006875 ms_per_tick=9.9999999999999995e-07 device_ms=0.145292
PRODUCER_KERNEL_V1 stage=1 raw_iteration=0 ordinal=5 kernel=evaluate_resident_transport threads=504666 begin_tick=1991664086557000 end_tick=1991664087018541 ms_per_tick=9.9999999999999995e-07 device_ms=0.46154099999999998
PRODUCER_KERNEL_V1 stage=1 raw_iteration=0 ordinal=6 kernel=identify_resident_transport threads=1 begin_tick=1991664087018958 end_tick=1991664087021875 ms_per_tick=9.9999999999999995e-07 device_ms=0.0029169999999999999
PRODUCER_KERNEL_V1 stage=1 raw_iteration=0 ordinal=7 kernel=owner_bind_transport threads=1 begin_tick=1991664087022458 end_tick=1991664087026041 ms_per_tick=9.9999999999999995e-07 device_ms=0.0035829999999999998
PRODUCER_KERNEL_V1 stage=1 raw_iteration=0 ordinal=8 kernel=identify_resident_owner_endpoint_class threads=1 begin_tick=1991664087026458 end_tick=1991664087029666 ms_per_tick=9.9999999999999995e-07 device_ms=0.0032079999999999999
PRODUCER_KERNEL_V1 stage=1 raw_iteration=0 ordinal=9 kernel=evaluate_resident_physical_flux threads=1533387 begin_tick=1991664087958500 end_tick=1991664089076416 ms_per_tick=9.9999999999999995e-07 device_ms=1.1179159999999999
PRODUCER_KERNEL_V1 stage=1 raw_iteration=0 ordinal=10 kernel=evaluate_resident_advective_pair threads=13800483 begin_tick=1991664089353958 end_tick=1991664096684708 ms_per_tick=9.9999999999999995e-07 device_ms=7.3307500000000001
PRODUCER_KERNEL_V1 stage=1 raw_iteration=0 ordinal=11 kernel=finalize_resident_advective_high threads=13800483 begin_tick=1991664096704875 end_tick=1991664097310083 ms_per_tick=9.9999999999999995e-07 device_ms=0.60520799999999997
PRODUCER_KERNEL_V1 stage=1 raw_iteration=0 ordinal=12 kernel=compose_resident_flux_pair threads=13800483 begin_tick=1991664097310458 end_tick=1991664098225208 ms_per_tick=9.9999999999999995e-07 device_ms=0.91474999999999995
PRODUCER_KERNEL_V1 stage=1 raw_iteration=0 ordinal=13 kernel=validate_resident_physical_flux threads=13800483 begin_tick=1991664098225708 end_tick=1991664099057416 ms_per_tick=9.9999999999999995e-07 device_ms=0.831708
PRODUCER_KERNEL_V1 stage=1 raw_iteration=0 ordinal=14 kernel=identify_resident_physical_flux threads=32 begin_tick=1991664099058000 end_tick=1991664099061250 ms_per_tick=9.9999999999999995e-07 device_ms=0.0032499999999999999
PRODUCER_KERNEL_V1 stage=1 raw_iteration=0 ordinal=15 kernel=owner_average_flux threads=13800483 begin_tick=1991664099061750 end_tick=1991664099854833 ms_per_tick=9.9999999999999995e-07 device_ms=0.79308299999999998
PRODUCER_KERNEL_V1 stage=1 raw_iteration=0 ordinal=16 kernel=owner_bind_averaged_flux threads=1 begin_tick=1991664099855333 end_tick=1991664099859291 ms_per_tick=9.9999999999999995e-07 device_ms=0.0039579999999999997
PRODUCER_KERNEL_V1 stage=1 raw_iteration=0 ordinal=17 kernel=fct_build_ratios threads=5551326 begin_tick=1991664099859833 end_tick=1991664103445708 ms_per_tick=9.9999999999999995e-07 device_ms=3.5858749999999997
PRODUCER_KERNEL_V1 stage=1 raw_iteration=0 ordinal=18 kernel=fct_build_face_alpha threads=1533387 begin_tick=1991664103446250 end_tick=1991664103716666 ms_per_tick=9.9999999999999995e-07 device_ms=0.27041599999999999
PRODUCER_KERNEL_V1 stage=1 raw_iteration=0 ordinal=19 kernel=fct_commit_scalar threads=504666 begin_tick=1991664103717333 end_tick=1991664103907833 ms_per_tick=9.9999999999999995e-07 device_ms=0.1905
PRODUCER_KERNEL_V1 stage=1 raw_iteration=0 ordinal=20 kernel=owner_bind_candidate threads=1 begin_tick=1991664103908250 end_tick=1991664103911916 ms_per_tick=9.9999999999999995e-07 device_ms=0.003666
PRODUCER_KERNEL_V1 stage=1 raw_iteration=0 ordinal=21 kernel=finalize_resident_eos_candidate threads=1 begin_tick=1991664103912500 end_tick=1991664103915125 ms_per_tick=9.9999999999999995e-07 device_ms=0.0026249999999999997
PRODUCER_KERNEL_V1 stage=1 raw_iteration=0 ordinal=22 kernel=build_eos_endpoint_table threads=14 begin_tick=1991664103916125 end_tick=1991664104207375 ms_per_tick=9.9999999999999995e-07 device_ms=0.29125000000000001
PRODUCER_KERNEL_V1 stage=1 raw_iteration=0 ordinal=23 kernel=evaluate_resident_eos_candidate threads=504666 begin_tick=1991664104207750 end_tick=1991664170605916 ms_per_tick=9.9999999999999995e-07 device_ms=66.398166000000003
PRODUCER_KERNEL_V1 stage=1 raw_iteration=0 ordinal=24 kernel=finalize_resident_eos_candidate threads=1 begin_tick=1991664170621500 end_tick=1991664170624166 ms_per_tick=9.9999999999999995e-07 device_ms=0.002666
PRODUCER_KERNEL_V1 stage=1 raw_iteration=0 ordinal=25 kernel=identify_resident_eos threads=1 begin_tick=1991664170624458 end_tick=1991664170627041 ms_per_tick=9.9999999999999995e-07 device_ms=0.0025829999999999998
PRODUCER_KERNEL_V1 stage=1 raw_iteration=0 ordinal=26 kernel=produce_resident_frozen_source threads=504666 begin_tick=1991664170627458 end_tick=1991664170658250 ms_per_tick=9.9999999999999995e-07 device_ms=0.030792
PRODUCER_KERNEL_V1 stage=1 raw_iteration=0 ordinal=27 kernel=identify_resident_frozen_source threads=1 begin_tick=1991664170658583 end_tick=1991664170661500 ms_per_tick=9.9999999999999995e-07 device_ms=0.0029169999999999999
PRODUCER_KERNEL_V1 stage=1 raw_iteration=0 ordinal=28 kernel=evaluate_resident_target_terms threads=504666 begin_tick=1991664170661791 end_tick=1991664285410208 ms_per_tick=9.9999999999999995e-07 device_ms=114.74841699999999
PRODUCER_KERNEL_V1 stage=1 raw_iteration=0 ordinal=29 kernel=finalize_resident_target threads=1 begin_tick=1991664285425750 end_tick=1991664285428791 ms_per_tick=9.9999999999999995e-07 device_ms=0.0030409999999999999
PRODUCER_KERNEL_V1 stage=1 raw_iteration=0 ordinal=30 kernel=identify_resident_target threads=1 begin_tick=1991664285429083 end_tick=1991664285432375 ms_per_tick=9.9999999999999995e-07 device_ms=0.0032919999999999998
PRODUCER_KERNEL_V1 stage=1 raw_iteration=0 ordinal=31 kernel=issue_resident_projection_consumer threads=1 begin_tick=1991664285432750 end_tick=1991664285436708 ms_per_tick=9.9999999999999995e-07 device_ms=0.0039579999999999997
PRODUCER_KERNEL_V1 stage=1 raw_iteration=0 ordinal=32 kernel=consume_resident_target threads=1 begin_tick=1991664285437583 end_tick=1991664285441791 ms_per_tick=9.9999999999999995e-07 device_ms=0.0042079999999999999
PRODUCER_KERNEL_V1 stage=1 raw_iteration=0 ordinal=33 kernel=owner_compose_target threads=504666 begin_tick=1991664285442208 end_tick=1991664285521416 ms_per_tick=9.9999999999999995e-07 device_ms=0.079208000000000001
PRODUCER_KERNEL_V1 stage=1 raw_iteration=0 ordinal=34 kernel=finalize_resident_target threads=1 begin_tick=1991664285521708 end_tick=1991664285524458 ms_per_tick=9.9999999999999995e-07 device_ms=0.0027499999999999998
PRODUCER_KERNEL_V1 stage=1 raw_iteration=0 ordinal=35 kernel=owner_identify_target threads=1 begin_tick=1991664285524833 end_tick=1991664285527750 ms_per_tick=9.9999999999999995e-07 device_ms=0.0029169999999999999
PRODUCER_KERNEL_V1 stage=1 raw_iteration=0 ordinal=36 kernel=issue_resident_projection_consumer threads=1 begin_tick=1991664285528083 end_tick=1991664285531000 ms_per_tick=9.9999999999999995e-07 device_ms=0.0029169999999999999
PRODUCER_KERNEL_V1 stage=1 raw_iteration=0 ordinal=37 kernel=consume_resident_target threads=1 begin_tick=1991664285531333 end_tick=1991664285534708 ms_per_tick=9.9999999999999995e-07 device_ms=0.003375
PRODUCER_KERNEL_V1 stage=1 raw_iteration=0 ordinal=38 kernel=owner_issue_stage_seal threads=1 begin_tick=1991664285535000 end_tick=1991664285538166 ms_per_tick=9.9999999999999995e-07 device_ms=0.003166
PRODUCER_KERNEL_V1 stage=1 raw_iteration=0 ordinal=39 kernel=fct_compatible_stage_rate threads=1533387 begin_tick=1991664285538541 end_tick=1991664286039958 ms_per_tick=9.9999999999999995e-07 device_ms=0.501417
PRODUCER_KERNEL_V1 stage=1 raw_iteration=0 ordinal=40 kernel=fct_compatible_stage_rate threads=1533387 begin_tick=1991664286040375 end_tick=1991664286539208 ms_per_tick=9.9999999999999995e-07 device_ms=0.49883299999999997
PRODUCER_KERNEL_V1 stage=1 raw_iteration=0 ordinal=41 kernel=owner_heun_momentum threads=1533387 begin_tick=1991664286539750 end_tick=1991664286630916 ms_per_tick=9.9999999999999995e-07 device_ms=0.091165999999999997
RISE_FIRE_OWNER_PROFILE_V1 {"scope":45,"parent":40,"phase":"BuildStageProducerGroup","stage":1,"raw_iteration":0,"iteration_kind":"picard","wall_ms":282.411209000,"device_sum_ms":200.183625100,"wall_minus_device_ms":82.227583900,"exclusive_wall_ms":282.411209000,"exclusive_device_sum_ms":200.183625100,"child_observer_wall_ms":0.000000000,"count_scope":"inclusive","owner_commits":1,"projection_invocations":0}
RISE_FIRE_OWNER_PROFILE_V1 {"scope":46,"parent":40,"phase":"Residual","stage":1,"raw_iteration":0,"iteration_kind":"picard","wall_ms":0.248584000,"device_sum_ms":0.022333348,"wall_minus_device_ms":0.226250652,"exclusive_wall_ms":0.248584000,"exclusive_device_sum_ms":0.022333348,"child_observer_wall_ms":0.000000000,"count_scope":"inclusive","owner_commits":1,"projection_invocations":0}
RISE_FIRE_OWNER_PROFILE_V1 {"scope":40,"parent":36,"phase":"PicardIteration","stage":1,"raw_iteration":0,"iteration_kind":"picard","wall_ms":296.097875000,"device_sum_ms":209.384208545,"wall_minus_device_ms":86.713666455,"exclusive_wall_ms":0.428541000,"exclusive_device_sum_ms":0.000000000,"child_observer_wall_ms":0.032707000,"count_scope":"inclusive","owner_commits":6,"projection_invocations":1}
RISE_FIRE_OWNER_PROFILE_V1 {"scope":49,"parent":48,"phase":"ProjectionAdapter","stage":1,"raw_iteration":1,"iteration_kind":"picard","wall_ms":11.970208000,"device_sum_ms":9.181333007,"wall_minus_device_ms":2.788874993,"exclusive_wall_ms":11.970208000,"exclusive_device_sum_ms":9.181333007,"child_observer_wall_ms":0.000000000,"count_scope":"inclusive","owner_commits":0,"projection_invocations":1}
RISE_FIRE_OWNER_PROFILE_V1 {"scope":48,"parent":47,"phase":"Project","stage":1,"raw_iteration":1,"iteration_kind":"picard","wall_ms":13.443375000,"device_sum_ms":9.226249764,"wall_minus_device_ms":4.217125236,"exclusive_wall_ms":1.459167000,"exclusive_device_sum_ms":0.044916756,"child_observer_wall_ms":0.014000000,"count_scope":"inclusive","owner_commits":2,"projection_invocations":1}
RISE_FIRE_OWNER_PROFILE_V1 {"scope":50,"parent":47,"phase":"ReadOpenClass","stage":1,"raw_iteration":1,"iteration_kind":"picard","wall_ms":0.156833000,"device_sum_ms":0.002416549,"wall_minus_device_ms":0.154416451,"exclusive_wall_ms":0.156833000,"exclusive_device_sum_ms":0.002416549,"child_observer_wall_ms":0.000000000,"count_scope":"inclusive","owner_commits":1,"projection_invocations":0}
RISE_FIRE_OWNER_PROFILE_V1 {"scope":51,"parent":47,"phase":"ReadOpenClass","stage":1,"raw_iteration":1,"iteration_kind":"picard","wall_ms":0.153375000,"device_sum_ms":0.002416549,"wall_minus_device_ms":0.150958451,"exclusive_wall_ms":0.153375000,"exclusive_device_sum_ms":0.002416549,"child_observer_wall_ms":0.000000000,"count_scope":"inclusive","owner_commits":1,"projection_invocations":0}
PRODUCER_COMMAND_V1 stage=1 raw_iteration=1 cpu_begin=1991664301393000 cpu_end=1991664580664541 gpu_begin=1991664301393000 gpu_end=1991664580664541 device_ms=197.95337505638599 encoders=42 interval_scope=possibly_overlapping
PRODUCER_KERNEL_V1 stage=1 raw_iteration=1 ordinal=0 kernel=owner_pack_faces threads=1533387 begin_tick=1991664382798125 end_tick=1991664382849708 ms_per_tick=9.9999999999999995e-07 device_ms=0.051582999999999997
PRODUCER_KERNEL_V1 stage=1 raw_iteration=1 ordinal=1 kernel=owner_pack_faces threads=1533387 begin_tick=1991664382895750 end_tick=1991664382947458 ms_per_tick=9.9999999999999995e-07 device_ms=0.051707999999999997
PRODUCER_KERNEL_V1 stage=1 raw_iteration=1 ordinal=2 kernel=owner_pack_faces threads=1533387 begin_tick=1991664382974916 end_tick=1991664383041000 ms_per_tick=9.9999999999999995e-07 device_ms=0.066084000000000004
PRODUCER_KERNEL_V1 stage=1 raw_iteration=1 ordinal=3 kernel=fct_extract_gas_density threads=504666 begin_tick=1991664383016958 end_tick=1991664383064208 ms_per_tick=9.9999999999999995e-07 device_ms=0.04725
PRODUCER_KERNEL_V1 stage=1 raw_iteration=1 ordinal=4 kernel=owner_gas_source threads=504666 begin_tick=1991664383096041 end_tick=1991664383136250 ms_per_tick=9.9999999999999995e-07 device_ms=0.040208999999999995
PRODUCER_KERNEL_V1 stage=1 raw_iteration=1 ordinal=5 kernel=evaluate_resident_transport threads=504666 begin_tick=1991664383184958 end_tick=1991664383641000 ms_per_tick=9.9999999999999995e-07 device_ms=0.456042
PRODUCER_KERNEL_V1 stage=1 raw_iteration=1 ordinal=6 kernel=identify_resident_transport threads=1 begin_tick=1991664383641500 end_tick=1991664383644750 ms_per_tick=9.9999999999999995e-07 device_ms=0.0032499999999999999
PRODUCER_KERNEL_V1 stage=1 raw_iteration=1 ordinal=7 kernel=owner_bind_transport threads=1 begin_tick=1991664383645333 end_tick=1991664383649125 ms_per_tick=9.9999999999999995e-07 device_ms=0.0037919999999999998
PRODUCER_KERNEL_V1 stage=1 raw_iteration=1 ordinal=8 kernel=identify_resident_owner_endpoint_class threads=1 begin_tick=1991664383649541 end_tick=1991664383652916 ms_per_tick=9.9999999999999995e-07 device_ms=0.003375
PRODUCER_KERNEL_V1 stage=1 raw_iteration=1 ordinal=9 kernel=evaluate_resident_physical_flux threads=1533387 begin_tick=1991664384628041 end_tick=1991664385748166 ms_per_tick=9.9999999999999995e-07 device_ms=1.120125
PRODUCER_KERNEL_V1 stage=1 raw_iteration=1 ordinal=10 kernel=evaluate_resident_advective_pair threads=13800483 begin_tick=1991664386024333 end_tick=1991664393194333 ms_per_tick=9.9999999999999995e-07 device_ms=7.1699999999999999
PRODUCER_KERNEL_V1 stage=1 raw_iteration=1 ordinal=11 kernel=finalize_resident_advective_high threads=13800483 begin_tick=1991664393194916 end_tick=1991664393615833 ms_per_tick=9.9999999999999995e-07 device_ms=0.42091699999999999
PRODUCER_KERNEL_V1 stage=1 raw_iteration=1 ordinal=12 kernel=compose_resident_flux_pair threads=13800483 begin_tick=1991664393616208 end_tick=1991664394645125 ms_per_tick=9.9999999999999995e-07 device_ms=1.0289169999999999
PRODUCER_KERNEL_V1 stage=1 raw_iteration=1 ordinal=13 kernel=validate_resident_physical_flux threads=13800483 begin_tick=1991664394645791 end_tick=1991664395516875 ms_per_tick=9.9999999999999995e-07 device_ms=0.87108399999999997
PRODUCER_KERNEL_V1 stage=1 raw_iteration=1 ordinal=14 kernel=identify_resident_physical_flux threads=32 begin_tick=1991664395517583 end_tick=1991664395521833 ms_per_tick=9.9999999999999995e-07 device_ms=0.0042499999999999994
PRODUCER_KERNEL_V1 stage=1 raw_iteration=1 ordinal=15 kernel=owner_average_flux threads=13800483 begin_tick=1991664395522583 end_tick=1991664396572166 ms_per_tick=9.9999999999999995e-07 device_ms=1.0495829999999999
PRODUCER_KERNEL_V1 stage=1 raw_iteration=1 ordinal=16 kernel=owner_bind_averaged_flux threads=1 begin_tick=1991664396572791 end_tick=1991664396576583 ms_per_tick=9.9999999999999995e-07 device_ms=0.0037919999999999998
PRODUCER_KERNEL_V1 stage=1 raw_iteration=1 ordinal=17 kernel=fct_build_ratios threads=5551326 begin_tick=1991664396577166 end_tick=1991664400349000 ms_per_tick=9.9999999999999995e-07 device_ms=3.7718339999999997
PRODUCER_KERNEL_V1 stage=1 raw_iteration=1 ordinal=18 kernel=fct_build_face_alpha threads=1533387 begin_tick=1991664400349750 end_tick=1991664400623583 ms_per_tick=9.9999999999999995e-07 device_ms=0.27383299999999999
PRODUCER_KERNEL_V1 stage=1 raw_iteration=1 ordinal=19 kernel=fct_commit_scalar threads=504666 begin_tick=1991664400624208 end_tick=1991664400822708 ms_per_tick=9.9999999999999995e-07 device_ms=0.19849999999999998
PRODUCER_KERNEL_V1 stage=1 raw_iteration=1 ordinal=20 kernel=owner_bind_candidate threads=1 begin_tick=1991664400823125 end_tick=1991664400829458 ms_per_tick=9.9999999999999995e-07 device_ms=0.0063330000000000001
PRODUCER_KERNEL_V1 stage=1 raw_iteration=1 ordinal=21 kernel=finalize_resident_eos_candidate threads=1 begin_tick=1991664400829958 end_tick=1991664400832416 ms_per_tick=9.9999999999999995e-07 device_ms=0.0024579999999999997
PRODUCER_KERNEL_V1 stage=1 raw_iteration=1 ordinal=22 kernel=build_eos_endpoint_table threads=14 begin_tick=1991664400832875 end_tick=1991664401125583 ms_per_tick=9.9999999999999995e-07 device_ms=0.29270799999999997
PRODUCER_KERNEL_V1 stage=1 raw_iteration=1 ordinal=23 kernel=evaluate_resident_eos_candidate threads=504666 begin_tick=1991664401126000 end_tick=1991664465227750 ms_per_tick=9.9999999999999995e-07 device_ms=64.101749999999996
PRODUCER_KERNEL_V1 stage=1 raw_iteration=1 ordinal=24 kernel=finalize_resident_eos_candidate threads=1 begin_tick=1991664465245458 end_tick=1991664465248458 ms_per_tick=9.9999999999999995e-07 device_ms=0.0030000000000000001
PRODUCER_KERNEL_V1 stage=1 raw_iteration=1 ordinal=25 kernel=identify_resident_eos threads=1 begin_tick=1991664465248750 end_tick=1991664465251500 ms_per_tick=9.9999999999999995e-07 device_ms=0.0027499999999999998
PRODUCER_KERNEL_V1 stage=1 raw_iteration=1 ordinal=26 kernel=produce_resident_frozen_source threads=504666 begin_tick=1991664465251916 end_tick=1991664465281791 ms_per_tick=9.9999999999999995e-07 device_ms=0.029874999999999999
PRODUCER_KERNEL_V1 stage=1 raw_iteration=1 ordinal=27 kernel=identify_resident_frozen_source threads=1 begin_tick=1991664465282208 end_tick=1991664465285250 ms_per_tick=9.9999999999999995e-07 device_ms=0.003042
PRODUCER_KERNEL_V1 stage=1 raw_iteration=1 ordinal=28 kernel=evaluate_resident_target_terms threads=504666 begin_tick=1991664465285625 end_tick=1991664579347458 ms_per_tick=9.9999999999999995e-07 device_ms=114.06183299999999
PRODUCER_KERNEL_V1 stage=1 raw_iteration=1 ordinal=29 kernel=finalize_resident_target threads=1 begin_tick=1991664579363083 end_tick=1991664579366250 ms_per_tick=9.9999999999999995e-07 device_ms=0.0031669999999999997
PRODUCER_KERNEL_V1 stage=1 raw_iteration=1 ordinal=30 kernel=identify_resident_target threads=1 begin_tick=1991664579366541 end_tick=1991664579372958 ms_per_tick=9.9999999999999995e-07 device_ms=0.006417
PRODUCER_KERNEL_V1 stage=1 raw_iteration=1 ordinal=31 kernel=issue_resident_projection_consumer threads=1 begin_tick=1991664579373375 end_tick=1991664579377625 ms_per_tick=9.9999999999999995e-07 device_ms=0.0042499999999999994
PRODUCER_KERNEL_V1 stage=1 raw_iteration=1 ordinal=32 kernel=consume_resident_target threads=1 begin_tick=1991664579378041 end_tick=1991664579381958 ms_per_tick=9.9999999999999995e-07 device_ms=0.0039169999999999995
PRODUCER_KERNEL_V1 stage=1 raw_iteration=1 ordinal=33 kernel=owner_compose_target threads=504666 begin_tick=1991664579382375 end_tick=1991664579461791 ms_per_tick=9.9999999999999995e-07 device_ms=0.079416
PRODUCER_KERNEL_V1 stage=1 raw_iteration=1 ordinal=34 kernel=finalize_resident_target threads=1 begin_tick=1991664579462083 end_tick=1991664579464583 ms_per_tick=9.9999999999999995e-07 device_ms=0.0025000000000000001
PRODUCER_KERNEL_V1 stage=1 raw_iteration=1 ordinal=35 kernel=owner_identify_target threads=1 begin_tick=1991664579464875 end_tick=1991664579467833 ms_per_tick=9.9999999999999995e-07 device_ms=0.0029579999999999997
PRODUCER_KERNEL_V1 stage=1 raw_iteration=1 ordinal=36 kernel=issue_resident_projection_consumer threads=1 begin_tick=1991664579468208 end_tick=1991664579471250 ms_per_tick=9.9999999999999995e-07 device_ms=0.003042
PRODUCER_KERNEL_V1 stage=1 raw_iteration=1 ordinal=37 kernel=consume_resident_target threads=1 begin_tick=1991664579471666 end_tick=1991664579474958 ms_per_tick=9.9999999999999995e-07 device_ms=0.0032919999999999998
PRODUCER_KERNEL_V1 stage=1 raw_iteration=1 ordinal=38 kernel=owner_issue_stage_seal threads=1 begin_tick=1991664579475333 end_tick=1991664579478375 ms_per_tick=9.9999999999999995e-07 device_ms=0.003042
PRODUCER_KERNEL_V1 stage=1 raw_iteration=1 ordinal=39 kernel=fct_compatible_stage_rate threads=1533387 begin_tick=1991664579478750 end_tick=1991664579991208 ms_per_tick=9.9999999999999995e-07 device_ms=0.51245799999999997
PRODUCER_KERNEL_V1 stage=1 raw_iteration=1 ordinal=40 kernel=fct_compatible_stage_rate threads=1533387 begin_tick=1991664579991916 end_tick=1991664580496250 ms_per_tick=9.9999999999999995e-07 device_ms=0.50433399999999995
PRODUCER_KERNEL_V1 stage=1 raw_iteration=1 ordinal=41 kernel=owner_heun_momentum threads=1533387 begin_tick=1991664580496666 end_tick=1991664580592666 ms_per_tick=9.9999999999999995e-07 device_ms=0.096000000000000002
RISE_FIRE_OWNER_PROFILE_V1 {"scope":52,"parent":47,"phase":"BuildStageProducerGroup","stage":1,"raw_iteration":1,"iteration_kind":"picard","wall_ms":279.428583000,"device_sum_ms":197.953375056,"wall_minus_device_ms":81.475207944,"exclusive_wall_ms":279.428583000,"exclusive_device_sum_ms":197.953375056,"child_observer_wall_ms":0.000000000,"count_scope":"inclusive","owner_commits":1,"projection_invocations":0}
RISE_FIRE_OWNER_PROFILE_V1 {"scope":53,"parent":47,"phase":"Residual","stage":1,"raw_iteration":1,"iteration_kind":"picard","wall_ms":0.301792000,"device_sum_ms":0.116124982,"wall_minus_device_ms":0.185667018,"exclusive_wall_ms":0.301792000,"exclusive_device_sum_ms":0.116124982,"child_observer_wall_ms":0.000000000,"count_scope":"inclusive","owner_commits":1,"projection_invocations":0}
RISE_FIRE_OWNER_PROFILE_V1 {"scope":47,"parent":36,"phase":"PicardIteration","stage":1,"raw_iteration":1,"iteration_kind":"picard","wall_ms":293.915875000,"device_sum_ms":207.300582901,"wall_minus_device_ms":86.615292099,"exclusive_wall_ms":0.400832000,"exclusive_device_sum_ms":0.000000000,"child_observer_wall_ms":0.031085000,"count_scope":"inclusive","owner_commits":6,"projection_invocations":1}
RISE_FIRE_OWNER_PROFILE_V1 {"scope":56,"parent":55,"phase":"ProjectionAdapter","stage":1,"raw_iteration":2,"iteration_kind":"picard","wall_ms":11.828542000,"device_sum_ms":9.096249938,"wall_minus_device_ms":2.732292062,"exclusive_wall_ms":11.828542000,"exclusive_device_sum_ms":9.096249938,"child_observer_wall_ms":0.000000000,"count_scope":"inclusive","owner_commits":0,"projection_invocations":1}
RISE_FIRE_OWNER_PROFILE_V1 {"scope":55,"parent":54,"phase":"Project","stage":1,"raw_iteration":2,"iteration_kind":"picard","wall_ms":13.252667000,"device_sum_ms":9.137416491,"wall_minus_device_ms":4.115250509,"exclusive_wall_ms":1.418208000,"exclusive_device_sum_ms":0.041166553,"child_observer_wall_ms":0.005917000,"count_scope":"inclusive","owner_commits":2,"projection_invocations":1}
RISE_FIRE_OWNER_PROFILE_V1 {"scope":57,"parent":54,"phase":"ReadOpenClass","stage":1,"raw_iteration":2,"iteration_kind":"picard","wall_ms":0.144834000,"device_sum_ms":0.002416782,"wall_minus_device_ms":0.142417218,"exclusive_wall_ms":0.144834000,"exclusive_device_sum_ms":0.002416782,"child_observer_wall_ms":0.000000000,"count_scope":"inclusive","owner_commits":1,"projection_invocations":0}
RISE_FIRE_OWNER_PROFILE_V1 {"scope":58,"parent":54,"phase":"ReadOpenClass","stage":1,"raw_iteration":2,"iteration_kind":"picard","wall_ms":0.136709000,"device_sum_ms":0.002499903,"wall_minus_device_ms":0.134209097,"exclusive_wall_ms":0.136709000,"exclusive_device_sum_ms":0.002499903,"child_observer_wall_ms":0.000000000,"count_scope":"inclusive","owner_commits":1,"projection_invocations":0}
PRODUCER_COMMAND_V1 stage=1 raw_iteration=2 cpu_begin=1991664595083541 cpu_end=1991664873171125 gpu_begin=1991664595083541 gpu_end=1991664873171125 device_ms=197.32845830731094 encoders=42 interval_scope=possibly_overlapping
PRODUCER_KERNEL_V1 stage=1 raw_iteration=2 ordinal=0 kernel=owner_pack_faces threads=1533387 begin_tick=1991664675843875 end_tick=1991664675895000 ms_per_tick=9.9999999999999995e-07 device_ms=0.051124999999999997
PRODUCER_KERNEL_V1 stage=1 raw_iteration=2 ordinal=1 kernel=owner_pack_faces threads=1533387 begin_tick=1991664675942416 end_tick=1991664675992875 ms_per_tick=9.9999999999999995e-07 device_ms=0.050458999999999997
PRODUCER_KERNEL_V1 stage=1 raw_iteration=2 ordinal=2 kernel=owner_pack_faces threads=1533387 begin_tick=1991664676017958 end_tick=1991664676081875 ms_per_tick=9.9999999999999995e-07 device_ms=0.063917000000000002
PRODUCER_KERNEL_V1 stage=1 raw_iteration=2 ordinal=3 kernel=fct_extract_gas_density threads=504666 begin_tick=1991664676055583 end_tick=1991664676101166 ms_per_tick=9.9999999999999995e-07 device_ms=0.045582999999999999
PRODUCER_KERNEL_V1 stage=1 raw_iteration=2 ordinal=4 kernel=owner_gas_source threads=504666 begin_tick=1991664676130750 end_tick=1991664676171875 ms_per_tick=9.9999999999999995e-07 device_ms=0.041124999999999995
PRODUCER_KERNEL_V1 stage=1 raw_iteration=2 ordinal=5 kernel=evaluate_resident_transport threads=504666 begin_tick=1991664676217041 end_tick=1991664676868666 ms_per_tick=9.9999999999999995e-07 device_ms=0.65162500000000001
PRODUCER_KERNEL_V1 stage=1 raw_iteration=2 ordinal=6 kernel=identify_resident_transport threads=1 begin_tick=1991664676869416 end_tick=1991664676872583 ms_per_tick=9.9999999999999995e-07 device_ms=0.0031669999999999997
PRODUCER_KERNEL_V1 stage=1 raw_iteration=2 ordinal=7 kernel=owner_bind_transport threads=1 begin_tick=1991664676873166 end_tick=1991664676877291 ms_per_tick=9.9999999999999995e-07 device_ms=0.0041250000000000002
PRODUCER_KERNEL_V1 stage=1 raw_iteration=2 ordinal=8 kernel=identify_resident_owner_endpoint_class threads=1 begin_tick=1991664676877708 end_tick=1991664676881083 ms_per_tick=9.9999999999999995e-07 device_ms=0.003375
PRODUCER_KERNEL_V1 stage=1 raw_iteration=2 ordinal=9 kernel=evaluate_resident_physical_flux threads=1533387 begin_tick=1991664677729416 end_tick=1991664678841625 ms_per_tick=9.9999999999999995e-07 device_ms=1.112209
PRODUCER_KERNEL_V1 stage=1 raw_iteration=2 ordinal=10 kernel=evaluate_resident_advective_pair threads=13800483 begin_tick=1991664679116083 end_tick=1991664686244416 ms_per_tick=9.9999999999999995e-07 device_ms=7.1283329999999996
PRODUCER_KERNEL_V1 stage=1 raw_iteration=2 ordinal=11 kernel=finalize_resident_advective_high threads=13800483 begin_tick=1991664686245041 end_tick=1991664686666416 ms_per_tick=9.9999999999999995e-07 device_ms=0.421375
PRODUCER_KERNEL_V1 stage=1 raw_iteration=2 ordinal=12 kernel=compose_resident_flux_pair threads=13800483 begin_tick=1991664686666791 end_tick=1991664687562541 ms_per_tick=9.9999999999999995e-07 device_ms=0.89574999999999994
PRODUCER_KERNEL_V1 stage=1 raw_iteration=2 ordinal=13 kernel=validate_resident_physical_flux threads=13800483 begin_tick=1991664687563208 end_tick=1991664688545291 ms_per_tick=9.9999999999999995e-07 device_ms=0.98208299999999993
PRODUCER_KERNEL_V1 stage=1 raw_iteration=2 ordinal=14 kernel=identify_resident_physical_flux threads=32 begin_tick=1991664688546041 end_tick=1991664688549458 ms_per_tick=9.9999999999999995e-07 device_ms=0.0034169999999999999
PRODUCER_KERNEL_V1 stage=1 raw_iteration=2 ordinal=15 kernel=owner_average_flux threads=13800483 begin_tick=1991664688550000 end_tick=1991664689346166 ms_per_tick=9.9999999999999995e-07 device_ms=0.79616599999999993
PRODUCER_KERNEL_V1 stage=1 raw_iteration=2 ordinal=16 kernel=owner_bind_averaged_flux threads=1 begin_tick=1991664689346666 end_tick=1991664689350541 ms_per_tick=9.9999999999999995e-07 device_ms=0.003875
PRODUCER_KERNEL_V1 stage=1 raw_iteration=2 ordinal=17 kernel=fct_build_ratios threads=5551326 begin_tick=1991664689350958 end_tick=1991664693113583 ms_per_tick=9.9999999999999995e-07 device_ms=3.7626249999999999
PRODUCER_KERNEL_V1 stage=1 raw_iteration=2 ordinal=18 kernel=fct_build_face_alpha threads=1533387 begin_tick=1991664693129666 end_tick=1991664693398041 ms_per_tick=9.9999999999999995e-07 device_ms=0.26837499999999997
PRODUCER_KERNEL_V1 stage=1 raw_iteration=2 ordinal=19 kernel=fct_commit_scalar threads=504666 begin_tick=1991664693398708 end_tick=1991664693584875 ms_per_tick=9.9999999999999995e-07 device_ms=0.186167
PRODUCER_KERNEL_V1 stage=1 raw_iteration=2 ordinal=20 kernel=owner_bind_candidate threads=1 begin_tick=1991664693585291 end_tick=1991664693589083 ms_per_tick=9.9999999999999995e-07 device_ms=0.0037919999999999998
PRODUCER_KERNEL_V1 stage=1 raw_iteration=2 ordinal=21 kernel=finalize_resident_eos_candidate threads=1 begin_tick=1991664693589541 end_tick=1991664693592250 ms_per_tick=9.9999999999999995e-07 device_ms=0.002709
PRODUCER_KERNEL_V1 stage=1 raw_iteration=2 ordinal=22 kernel=build_eos_endpoint_table threads=14 begin_tick=1991664693592750 end_tick=1991664693888750 ms_per_tick=9.9999999999999995e-07 device_ms=0.29599999999999999
PRODUCER_KERNEL_V1 stage=1 raw_iteration=2 ordinal=23 kernel=evaluate_resident_eos_candidate threads=504666 begin_tick=1991664693889208 end_tick=1991664757544833 ms_per_tick=9.9999999999999995e-07 device_ms=63.655625000000001
PRODUCER_KERNEL_V1 stage=1 raw_iteration=2 ordinal=24 kernel=finalize_resident_eos_candidate threads=1 begin_tick=1991664757561416 end_tick=1991664757564333 ms_per_tick=9.9999999999999995e-07 device_ms=0.0029169999999999999
PRODUCER_KERNEL_V1 stage=1 raw_iteration=2 ordinal=25 kernel=identify_resident_eos threads=1 begin_tick=1991664757564625 end_tick=1991664757567375 ms_per_tick=9.9999999999999995e-07 device_ms=0.0027499999999999998
PRODUCER_KERNEL_V1 stage=1 raw_iteration=2 ordinal=26 kernel=produce_resident_frozen_source threads=504666 begin_tick=1991664757567708 end_tick=1991664757598416 ms_per_tick=9.9999999999999995e-07 device_ms=0.030707999999999999
PRODUCER_KERNEL_V1 stage=1 raw_iteration=2 ordinal=27 kernel=identify_resident_frozen_source threads=1 begin_tick=1991664757598833 end_tick=1991664757601583 ms_per_tick=9.9999999999999995e-07 device_ms=0.0027499999999999998
PRODUCER_KERNEL_V1 stage=1 raw_iteration=2 ordinal=28 kernel=evaluate_resident_target_terms threads=504666 begin_tick=1991664757602000 end_tick=1991664871829916 ms_per_tick=9.9999999999999995e-07 device_ms=114.22791599999999
PRODUCER_KERNEL_V1 stage=1 raw_iteration=2 ordinal=29 kernel=finalize_resident_target threads=1 begin_tick=1991664871844833 end_tick=1991664871848041 ms_per_tick=9.9999999999999995e-07 device_ms=0.0032079999999999999
PRODUCER_KERNEL_V1 stage=1 raw_iteration=2 ordinal=30 kernel=identify_resident_target threads=1 begin_tick=1991664871848333 end_tick=1991664871851416 ms_per_tick=9.9999999999999995e-07 device_ms=0.0030829999999999998
PRODUCER_KERNEL_V1 stage=1 raw_iteration=2 ordinal=31 kernel=issue_resident_projection_consumer threads=1 begin_tick=1991664871851708 end_tick=1991664871855833 ms_per_tick=9.9999999999999995e-07 device_ms=0.0041250000000000002
PRODUCER_KERNEL_V1 stage=1 raw_iteration=2 ordinal=32 kernel=consume_resident_target threads=1 begin_tick=1991664871856166 end_tick=1991664871860250 ms_per_tick=9.9999999999999995e-07 device_ms=0.004084
PRODUCER_KERNEL_V1 stage=1 raw_iteration=2 ordinal=33 kernel=owner_compose_target threads=504666 begin_tick=1991664871860541 end_tick=1991664871939750 ms_per_tick=9.9999999999999995e-07 device_ms=0.079209000000000002
PRODUCER_KERNEL_V1 stage=1 raw_iteration=2 ordinal=34 kernel=finalize_resident_target threads=1 begin_tick=1991664871940041 end_tick=1991664871942750 ms_per_tick=9.9999999999999995e-07 device_ms=0.002709
PRODUCER_KERNEL_V1 stage=1 raw_iteration=2 ordinal=35 kernel=owner_identify_target threads=1 begin_tick=1991664871943125 end_tick=1991664871945916 ms_per_tick=9.9999999999999995e-07 device_ms=0.0027910000000000001
PRODUCER_KERNEL_V1 stage=1 raw_iteration=2 ordinal=36 kernel=issue_resident_projection_consumer threads=1 begin_tick=1991664871946333 end_tick=1991664871949708 ms_per_tick=9.9999999999999995e-07 device_ms=0.003375
PRODUCER_KERNEL_V1 stage=1 raw_iteration=2 ordinal=37 kernel=consume_resident_target threads=1 begin_tick=1991664871950000 end_tick=1991664871953416 ms_per_tick=9.9999999999999995e-07 device_ms=0.0034159999999999998
PRODUCER_KERNEL_V1 stage=1 raw_iteration=2 ordinal=38 kernel=owner_issue_stage_seal threads=1 begin_tick=1991664871953708 end_tick=1991664871956875 ms_per_tick=9.9999999999999995e-07 device_ms=0.0031669999999999997
PRODUCER_KERNEL_V1 stage=1 raw_iteration=2 ordinal=39 kernel=fct_compatible_stage_rate threads=1533387 begin_tick=1991664871957333 end_tick=1991664872464708 ms_per_tick=9.9999999999999995e-07 device_ms=0.50737500000000002
PRODUCER_KERNEL_V1 stage=1 raw_iteration=2 ordinal=40 kernel=fct_compatible_stage_rate threads=1533387 begin_tick=1991664872465208 end_tick=1991664872960958 ms_per_tick=9.9999999999999995e-07 device_ms=0.49574999999999997
PRODUCER_KERNEL_V1 stage=1 raw_iteration=2 ordinal=41 kernel=owner_heun_momentum threads=1533387 begin_tick=1991664872961375 end_tick=1991664873052083 ms_per_tick=9.9999999999999995e-07 device_ms=0.090707999999999997
RISE_FIRE_OWNER_PROFILE_V1 {"scope":59,"parent":54,"phase":"BuildStageProducerGroup","stage":1,"raw_iteration":2,"iteration_kind":"picard","wall_ms":278.241417000,"device_sum_ms":197.328458307,"wall_minus_device_ms":80.912958693,"exclusive_wall_ms":278.241417000,"exclusive_device_sum_ms":197.328458307,"child_observer_wall_ms":0.000000000,"count_scope":"inclusive","owner_commits":1,"projection_invocations":0}
RISE_FIRE_OWNER_PROFILE_V1 {"scope":60,"parent":54,"phase":"Residual","stage":1,"raw_iteration":2,"iteration_kind":"picard","wall_ms":0.305542000,"device_sum_ms":0.111750094,"wall_minus_device_ms":0.193791906,"exclusive_wall_ms":0.305542000,"exclusive_device_sum_ms":0.111750094,"child_observer_wall_ms":0.000000000,"count_scope":"inclusive","owner_commits":1,"projection_invocations":0}
RISE_FIRE_OWNER_PROFILE_V1 {"scope":63,"parent":62,"phase":"ProjectionAdapter","stage":1,"raw_iteration":2147483650,"iteration_kind":"terminal","wall_ms":12.345625000,"device_sum_ms":9.572208393,"wall_minus_device_ms":2.773416607,"exclusive_wall_ms":12.345625000,"exclusive_device_sum_ms":9.572208393,"child_observer_wall_ms":0.000000000,"count_scope":"inclusive","owner_commits":0,"projection_invocations":1}
RISE_FIRE_OWNER_PROFILE_V1 {"scope":62,"parent":61,"phase":"Project","stage":1,"raw_iteration":2147483650,"iteration_kind":"terminal","wall_ms":12.904625000,"device_sum_ms":9.610708337,"wall_minus_device_ms":3.293916663,"exclusive_wall_ms":0.553417000,"exclusive_device_sum_ms":0.038499944,"child_observer_wall_ms":0.005583000,"count_scope":"inclusive","owner_commits":2,"projection_invocations":1}
RISE_FIRE_OWNER_PROFILE_V1 {"scope":64,"parent":61,"phase":"ReadOpenClass","stage":1,"raw_iteration":2147483650,"iteration_kind":"terminal","wall_ms":0.156583000,"device_sum_ms":0.002458459,"wall_minus_device_ms":0.154124541,"exclusive_wall_ms":0.156583000,"exclusive_device_sum_ms":0.002458459,"child_observer_wall_ms":0.000000000,"count_scope":"inclusive","owner_commits":1,"projection_invocations":0}
RISE_FIRE_OWNER_PROFILE_V1 {"scope":65,"parent":61,"phase":"ReadOpenClass","stage":1,"raw_iteration":2147483650,"iteration_kind":"terminal","wall_ms":0.145666000,"device_sum_ms":0.002333429,"wall_minus_device_ms":0.143332571,"exclusive_wall_ms":0.145666000,"exclusive_device_sum_ms":0.002333429,"child_observer_wall_ms":0.000000000,"count_scope":"inclusive","owner_commits":1,"projection_invocations":0}
PRODUCER_COMMAND_V1 stage=1 raw_iteration=2147483650 cpu_begin=1991664886865916 cpu_end=1991665168733916 gpu_begin=1991664886865916 gpu_end=1991665168733916 device_ms=201.23733347281814 encoders=42 interval_scope=possibly_overlapping
PRODUCER_KERNEL_V1 stage=1 raw_iteration=2147483650 ordinal=0 kernel=owner_pack_faces threads=1533387 begin_tick=1991664967507125 end_tick=1991664967558458 ms_per_tick=9.9999999999999995e-07 device_ms=0.051332999999999997
PRODUCER_KERNEL_V1 stage=1 raw_iteration=2147483650 ordinal=1 kernel=owner_pack_faces threads=1533387 begin_tick=1991664967584333 end_tick=1991664967634666 ms_per_tick=9.9999999999999995e-07 device_ms=0.050332999999999996
PRODUCER_KERNEL_V1 stage=1 raw_iteration=2147483650 ordinal=2 kernel=owner_pack_faces threads=1533387 begin_tick=1991664967721166 end_tick=1991664967815291 ms_per_tick=9.9999999999999995e-07 device_ms=0.094125
PRODUCER_KERNEL_V1 stage=1 raw_iteration=2147483650 ordinal=3 kernel=fct_extract_gas_density threads=504666 begin_tick=1991664967740166 end_tick=1991664967788916 ms_per_tick=9.9999999999999995e-07 device_ms=0.048749999999999995
PRODUCER_KERNEL_V1 stage=1 raw_iteration=2147483650 ordinal=4 kernel=owner_gas_source threads=504666 begin_tick=1991664967788916 end_tick=1991664967836708 ms_per_tick=9.9999999999999995e-07 device_ms=0.047792000000000001
PRODUCER_KERNEL_V1 stage=1 raw_iteration=2147483650 ordinal=5 kernel=evaluate_resident_transport threads=504666 begin_tick=1991664967915000 end_tick=1991664968367708 ms_per_tick=9.9999999999999995e-07 device_ms=0.452708
PRODUCER_KERNEL_V1 stage=1 raw_iteration=2147483650 ordinal=6 kernel=identify_resident_transport threads=1 begin_tick=1991664968368083 end_tick=1991664968371291 ms_per_tick=9.9999999999999995e-07 device_ms=0.0032079999999999999
PRODUCER_KERNEL_V1 stage=1 raw_iteration=2147483650 ordinal=7 kernel=owner_bind_transport threads=1 begin_tick=1991664968371833 end_tick=1991664968375708 ms_per_tick=9.9999999999999995e-07 device_ms=0.003875
PRODUCER_KERNEL_V1 stage=1 raw_iteration=2147483650 ordinal=8 kernel=identify_resident_owner_endpoint_class threads=1 begin_tick=1991664968376666 end_tick=1991664968380208 ms_per_tick=9.9999999999999995e-07 device_ms=0.003542
PRODUCER_KERNEL_V1 stage=1 raw_iteration=2147483650 ordinal=9 kernel=evaluate_resident_physical_flux threads=1533387 begin_tick=1991664969370333 end_tick=1991664970486500 ms_per_tick=9.9999999999999995e-07 device_ms=1.1161669999999999
PRODUCER_KERNEL_V1 stage=1 raw_iteration=2147483650 ordinal=10 kernel=evaluate_resident_advective_pair threads=13800483 begin_tick=1991664970746583 end_tick=1991664978306041 ms_per_tick=9.9999999999999995e-07 device_ms=7.5594579999999993
PRODUCER_KERNEL_V1 stage=1 raw_iteration=2147483650 ordinal=11 kernel=finalize_resident_advective_high threads=13800483 begin_tick=1991664978324458 end_tick=1991664978744416 ms_per_tick=9.9999999999999995e-07 device_ms=0.419958
PRODUCER_KERNEL_V1 stage=1 raw_iteration=2147483650 ordinal=12 kernel=compose_resident_flux_pair threads=13800483 begin_tick=1991664978744791 end_tick=1991664979628416 ms_per_tick=9.9999999999999995e-07 device_ms=0.88362499999999999
PRODUCER_KERNEL_V1 stage=1 raw_iteration=2147483650 ordinal=13 kernel=validate_resident_physical_flux threads=13800483 begin_tick=1991664979629083 end_tick=1991664980483166 ms_per_tick=9.9999999999999995e-07 device_ms=0.85408299999999993
PRODUCER_KERNEL_V1 stage=1 raw_iteration=2147483650 ordinal=14 kernel=identify_resident_physical_flux threads=32 begin_tick=1991664980483833 end_tick=1991664980487083 ms_per_tick=9.9999999999999995e-07 device_ms=0.0032499999999999999
PRODUCER_KERNEL_V1 stage=1 raw_iteration=2147483650 ordinal=15 kernel=owner_average_flux threads=13800483 begin_tick=1991664980487666 end_tick=1991664981356291 ms_per_tick=9.9999999999999995e-07 device_ms=0.86862499999999998
PRODUCER_KERNEL_V1 stage=1 raw_iteration=2147483650 ordinal=16 kernel=owner_bind_averaged_flux threads=1 begin_tick=1991664981371541 end_tick=1991664981375375 ms_per_tick=9.9999999999999995e-07 device_ms=0.0038339999999999997
PRODUCER_KERNEL_V1 stage=1 raw_iteration=2147483650 ordinal=17 kernel=fct_build_ratios threads=5551326 begin_tick=1991664981375875 end_tick=1991664985088791 ms_per_tick=9.9999999999999995e-07 device_ms=3.7129159999999999
PRODUCER_KERNEL_V1 stage=1 raw_iteration=2147483650 ordinal=18 kernel=fct_build_face_alpha threads=1533387 begin_tick=1991664985089375 end_tick=1991664985360291 ms_per_tick=9.9999999999999995e-07 device_ms=0.27091599999999999
PRODUCER_KERNEL_V1 stage=1 raw_iteration=2147483650 ordinal=19 kernel=fct_commit_scalar threads=504666 begin_tick=1991664985360916 end_tick=1991664985561958 ms_per_tick=9.9999999999999995e-07 device_ms=0.201042
PRODUCER_KERNEL_V1 stage=1 raw_iteration=2147483650 ordinal=20 kernel=owner_bind_candidate threads=1 begin_tick=1991664985562500 end_tick=1991664985566166 ms_per_tick=9.9999999999999995e-07 device_ms=0.003666
PRODUCER_KERNEL_V1 stage=1 raw_iteration=2147483650 ordinal=21 kernel=finalize_resident_eos_candidate threads=1 begin_tick=1991664985566583 end_tick=1991664985569041 ms_per_tick=9.9999999999999995e-07 device_ms=0.0024579999999999997
PRODUCER_KERNEL_V1 stage=1 raw_iteration=2147483650 ordinal=22 kernel=build_eos_endpoint_table threads=14 begin_tick=1991664985569500 end_tick=1991664985859791 ms_per_tick=9.9999999999999995e-07 device_ms=0.29029099999999997
PRODUCER_KERNEL_V1 stage=1 raw_iteration=2147483650 ordinal=23 kernel=evaluate_resident_eos_candidate threads=504666 begin_tick=1991664985860083 end_tick=1991665050676583 ms_per_tick=9.9999999999999995e-07 device_ms=64.816499999999991
PRODUCER_KERNEL_V1 stage=1 raw_iteration=2147483650 ordinal=24 kernel=finalize_resident_eos_candidate threads=1 begin_tick=1991665050692000 end_tick=1991665050694875 ms_per_tick=9.9999999999999995e-07 device_ms=0.002875
PRODUCER_KERNEL_V1 stage=1 raw_iteration=2147483650 ordinal=25 kernel=identify_resident_eos threads=1 begin_tick=1991665050695208 end_tick=1991665050697916 ms_per_tick=9.9999999999999995e-07 device_ms=0.0027079999999999999
PRODUCER_KERNEL_V1 stage=1 raw_iteration=2147483650 ordinal=26 kernel=produce_resident_frozen_source threads=504666 begin_tick=1991665050698208 end_tick=1991665050729083 ms_per_tick=9.9999999999999995e-07 device_ms=0.030875
PRODUCER_KERNEL_V1 stage=1 raw_iteration=2147483650 ordinal=27 kernel=identify_resident_frozen_source threads=1 begin_tick=1991665050729458 end_tick=1991665050733041 ms_per_tick=9.9999999999999995e-07 device_ms=0.0035829999999999998
PRODUCER_KERNEL_V1 stage=1 raw_iteration=2147483650 ordinal=28 kernel=evaluate_resident_target_terms threads=504666 begin_tick=1991665050733416 end_tick=1991665167393625 ms_per_tick=9.9999999999999995e-07 device_ms=116.66020899999999
PRODUCER_KERNEL_V1 stage=1 raw_iteration=2147483650 ordinal=29 kernel=finalize_resident_target threads=1 begin_tick=1991665167407833 end_tick=1991665167410916 ms_per_tick=9.9999999999999995e-07 device_ms=0.0030829999999999998
PRODUCER_KERNEL_V1 stage=1 raw_iteration=2147483650 ordinal=30 kernel=identify_resident_target threads=1 begin_tick=1991665167411208 end_tick=1991665167414291 ms_per_tick=9.9999999999999995e-07 device_ms=0.0030829999999999998
PRODUCER_KERNEL_V1 stage=1 raw_iteration=2147483650 ordinal=31 kernel=issue_resident_projection_consumer threads=1 begin_tick=1991665167414708 end_tick=1991665167419000 ms_per_tick=9.9999999999999995e-07 device_ms=0.0042919999999999998
PRODUCER_KERNEL_V1 stage=1 raw_iteration=2147483650 ordinal=32 kernel=consume_resident_target threads=1 begin_tick=1991665167420250 end_tick=1991665167424375 ms_per_tick=9.9999999999999995e-07 device_ms=0.0041250000000000002
PRODUCER_KERNEL_V1 stage=1 raw_iteration=2147483650 ordinal=33 kernel=owner_compose_target threads=504666 begin_tick=1991665167424791 end_tick=1991665167504416 ms_per_tick=9.9999999999999995e-07 device_ms=0.079625000000000001
PRODUCER_KERNEL_V1 stage=1 raw_iteration=2147483650 ordinal=34 kernel=finalize_resident_target threads=1 begin_tick=1991665167504708 end_tick=1991665167507291 ms_per_tick=9.9999999999999995e-07 device_ms=0.0025829999999999998
PRODUCER_KERNEL_V1 stage=1 raw_iteration=2147483650 ordinal=35 kernel=owner_identify_target threads=1 begin_tick=1991665167507708 end_tick=1991665167510708 ms_per_tick=9.9999999999999995e-07 device_ms=0.0030000000000000001
PRODUCER_KERNEL_V1 stage=1 raw_iteration=2147483650 ordinal=36 kernel=issue_resident_projection_consumer threads=1 begin_tick=1991665167510958 end_tick=1991665167514000 ms_per_tick=9.9999999999999995e-07 device_ms=0.003042
PRODUCER_KERNEL_V1 stage=1 raw_iteration=2147483650 ordinal=37 kernel=consume_resident_target threads=1 begin_tick=1991665167514291 end_tick=1991665167517541 ms_per_tick=9.9999999999999995e-07 device_ms=0.0032499999999999999
PRODUCER_KERNEL_V1 stage=1 raw_iteration=2147483650 ordinal=38 kernel=owner_issue_stage_seal threads=1 begin_tick=1991665167517833 end_tick=1991665167520750 ms_per_tick=9.9999999999999995e-07 device_ms=0.0029169999999999999
PRODUCER_KERNEL_V1 stage=1 raw_iteration=2147483650 ordinal=39 kernel=fct_compatible_stage_rate threads=1533387 begin_tick=1991665167521208 end_tick=1991665168026958 ms_per_tick=9.9999999999999995e-07 device_ms=0.50574999999999992
PRODUCER_KERNEL_V1 stage=1 raw_iteration=2147483650 ordinal=40 kernel=fct_compatible_stage_rate threads=1533387 begin_tick=1991665168027458 end_tick=1991665168524916 ms_per_tick=9.9999999999999995e-07 device_ms=0.49745799999999996
PRODUCER_KERNEL_V1 stage=1 raw_iteration=2147483650 ordinal=41 kernel=owner_heun_momentum threads=1533387 begin_tick=1991665168525291 end_tick=1991665168615958 ms_per_tick=9.9999999999999995e-07 device_ms=0.090666999999999998
RISE_FIRE_OWNER_PROFILE_V1 {"scope":66,"parent":61,"phase":"BuildStageProducerGroup","stage":1,"raw_iteration":2147483650,"iteration_kind":"terminal","wall_ms":282.041917000,"device_sum_ms":201.237333473,"wall_minus_device_ms":80.804583527,"exclusive_wall_ms":282.041917000,"exclusive_device_sum_ms":201.237333473,"child_observer_wall_ms":0.000000000,"count_scope":"inclusive","owner_commits":1,"projection_invocations":0}
RISE_FIRE_OWNER_PROFILE_V1 {"scope":67,"parent":61,"phase":"AlphaResidual","stage":1,"raw_iteration":2147483650,"iteration_kind":"terminal","wall_ms":0.242875000,"device_sum_ms":0.054333359,"wall_minus_device_ms":0.188541641,"exclusive_wall_ms":0.242875000,"exclusive_device_sum_ms":0.054333359,"child_observer_wall_ms":0.000000000,"count_scope":"inclusive","owner_commits":1,"projection_invocations":0}
RISE_FIRE_OWNER_PROFILE_V1 {"scope":68,"parent":61,"phase":"Residual","stage":1,"raw_iteration":2147483650,"iteration_kind":"terminal","wall_ms":0.302916000,"device_sum_ms":0.110124936,"wall_minus_device_ms":0.192791064,"exclusive_wall_ms":0.302916000,"exclusive_device_sum_ms":0.110124936,"child_observer_wall_ms":0.000000000,"count_scope":"inclusive","owner_commits":1,"projection_invocations":0}
RISE_FIRE_OWNER_PROFILE_V1 {"scope":61,"parent":54,"phase":"TerminalVerification","stage":1,"raw_iteration":2147483650,"iteration_kind":"terminal","wall_ms":295.830500000,"device_sum_ms":211.017291993,"wall_minus_device_ms":84.813208007,"exclusive_wall_ms":0.004500000,"exclusive_device_sum_ms":0.000000000,"child_observer_wall_ms":0.031418000,"count_scope":"inclusive","owner_commits":7,"projection_invocations":1}
RISE_FIRE_OWNER_PROFILE_V1 {"scope":54,"parent":36,"phase":"PicardIteration","stage":1,"raw_iteration":2,"iteration_kind":"picard","wall_ms":588.371166000,"device_sum_ms":417.599833570,"wall_minus_device_ms":170.771332430,"exclusive_wall_ms":0.432873000,"exclusive_device_sum_ms":0.000000000,"child_observer_wall_ms":0.026624000,"count_scope":"inclusive","owner_commits":13,"projection_invocations":2}
RISE_FIRE_OWNER_PROFILE_V1 {"scope":36,"parent":1,"phase":"SolveStage","stage":1,"raw_iteration":4294967295,"iteration_kind":"bootstrap","wall_ms":1470.747792000,"device_sum_ms":1040.703624720,"wall_minus_device_ms":430.044167280,"exclusive_wall_ms":1.632084000,"exclusive_device_sum_ms":0.000000000,"child_observer_wall_ms":0.022626000,"count_scope":"inclusive","owner_commits":28,"projection_invocations":5}
RISE_FIRE_OWNER_PROFILE_V1 {"scope":71,"parent":70,"phase":"ProjectionAdapter","stage":2,"raw_iteration":4294967295,"iteration_kind":"bootstrap","wall_ms":11.841500000,"device_sum_ms":8.918208303,"wall_minus_device_ms":2.923291697,"exclusive_wall_ms":11.841500000,"exclusive_device_sum_ms":8.918208303,"child_observer_wall_ms":0.000000000,"count_scope":"inclusive","owner_commits":0,"projection_invocations":1}
RISE_FIRE_OWNER_PROFILE_V1 {"scope":70,"parent":69,"phase":"Project","stage":2,"raw_iteration":4294967295,"iteration_kind":"bootstrap","wall_ms":12.306292000,"device_sum_ms":8.958041668,"wall_minus_device_ms":3.348250332,"exclusive_wall_ms":0.453792000,"exclusive_device_sum_ms":0.039833365,"child_observer_wall_ms":0.011000000,"count_scope":"inclusive","owner_commits":2,"projection_invocations":1}
PRODUCER_COMMAND_V1 stage=2 raw_iteration=4294967295 cpu_begin=1991665184620791 cpu_end=1991665456565541 gpu_begin=1991665184620791 gpu_end=1991665456565541 device_ms=191.32808339782059 encoders=36 interval_scope=possibly_overlapping
PRODUCER_KERNEL_V1 stage=2 raw_iteration=4294967295 ordinal=0 kernel=owner_pack_faces threads=1533387 begin_tick=1991665265257750 end_tick=1991665265308750 ms_per_tick=9.9999999999999995e-07 device_ms=0.050999999999999997
PRODUCER_KERNEL_V1 stage=2 raw_iteration=4294967295 ordinal=1 kernel=owner_pack_faces threads=1533387 begin_tick=1991665265334958 end_tick=1991665265385708 ms_per_tick=9.9999999999999995e-07 device_ms=0.050749999999999997
PRODUCER_KERNEL_V1 stage=2 raw_iteration=4294967295 ordinal=2 kernel=owner_pack_faces threads=1533387 begin_tick=1991665265453541 end_tick=1991665265533541 ms_per_tick=9.9999999999999995e-07 device_ms=0.080000000000000002
PRODUCER_KERNEL_V1 stage=2 raw_iteration=4294967295 ordinal=3 kernel=fct_extract_gas_density threads=504666 begin_tick=1991665265477083 end_tick=1991665265525250 ms_per_tick=9.9999999999999995e-07 device_ms=0.048166999999999995
PRODUCER_KERNEL_V1 stage=2 raw_iteration=4294967295 ordinal=4 kernel=owner_gas_source threads=504666 begin_tick=1991665265561500 end_tick=1991665265606375 ms_per_tick=9.9999999999999995e-07 device_ms=0.044874999999999998
PRODUCER_KERNEL_V1 stage=2 raw_iteration=4294967295 ordinal=5 kernel=evaluate_resident_transport threads=504666 begin_tick=1991665265617541 end_tick=1991665266070583 ms_per_tick=9.9999999999999995e-07 device_ms=0.453042
PRODUCER_KERNEL_V1 stage=2 raw_iteration=4294967295 ordinal=6 kernel=identify_resident_transport threads=1 begin_tick=1991665266070916 end_tick=1991665266073958 ms_per_tick=9.9999999999999995e-07 device_ms=0.003042
PRODUCER_KERNEL_V1 stage=2 raw_iteration=4294967295 ordinal=7 kernel=owner_bind_transport threads=1 begin_tick=1991665266074416 end_tick=1991665266078291 ms_per_tick=9.9999999999999995e-07 device_ms=0.003875
PRODUCER_KERNEL_V1 stage=2 raw_iteration=4294967295 ordinal=8 kernel=identify_resident_owner_endpoint_class threads=1 begin_tick=1991665266078625 end_tick=1991665266081875 ms_per_tick=9.9999999999999995e-07 device_ms=0.0032499999999999999
PRODUCER_KERNEL_V1 stage=2 raw_iteration=4294967295 ordinal=9 kernel=evaluate_resident_physical_flux threads=1533387 begin_tick=1991665267046000 end_tick=1991665268157333 ms_per_tick=9.9999999999999995e-07 device_ms=1.1113329999999999
PRODUCER_KERNEL_V1 stage=2 raw_iteration=4294967295 ordinal=10 kernel=evaluate_resident_advective_pair threads=13800483 begin_tick=1991665268454125 end_tick=1991665275598333 ms_per_tick=9.9999999999999995e-07 device_ms=7.1442079999999999
PRODUCER_KERNEL_V1 stage=2 raw_iteration=4294967295 ordinal=11 kernel=finalize_resident_advective_high threads=13800483 begin_tick=1991665275599083 end_tick=1991665276018500 ms_per_tick=9.9999999999999995e-07 device_ms=0.41941699999999998
PRODUCER_KERNEL_V1 stage=2 raw_iteration=4294967295 ordinal=12 kernel=compose_resident_flux_pair threads=13800483 begin_tick=1991665276018875 end_tick=1991665276941500 ms_per_tick=9.9999999999999995e-07 device_ms=0.92262499999999992
PRODUCER_KERNEL_V1 stage=2 raw_iteration=4294967295 ordinal=13 kernel=validate_resident_physical_flux threads=13800483 begin_tick=1991665276942083 end_tick=1991665277837583 ms_per_tick=9.9999999999999995e-07 device_ms=0.89549999999999996
PRODUCER_KERNEL_V1 stage=2 raw_iteration=4294967295 ordinal=14 kernel=identify_resident_physical_flux threads=32 begin_tick=1991665277838291 end_tick=1991665277841833 ms_per_tick=9.9999999999999995e-07 device_ms=0.003542
PRODUCER_KERNEL_V1 stage=2 raw_iteration=4294967295 ordinal=15 kernel=owner_bind_candidate threads=1 begin_tick=1991665277842375 end_tick=1991665277845916 ms_per_tick=9.9999999999999995e-07 device_ms=0.0035409999999999999
PRODUCER_KERNEL_V1 stage=2 raw_iteration=4294967295 ordinal=16 kernel=finalize_resident_eos_candidate threads=1 begin_tick=1991665277846708 end_tick=1991665277849166 ms_per_tick=9.9999999999999995e-07 device_ms=0.0024579999999999997
PRODUCER_KERNEL_V1 stage=2 raw_iteration=4294967295 ordinal=17 kernel=build_eos_endpoint_table threads=14 begin_tick=1991665277849833 end_tick=1991665278142958 ms_per_tick=9.9999999999999995e-07 device_ms=0.29312499999999997
PRODUCER_KERNEL_V1 stage=2 raw_iteration=4294967295 ordinal=18 kernel=evaluate_resident_eos_candidate threads=504666 begin_tick=1991665278143375 end_tick=1991665341509583 ms_per_tick=9.9999999999999995e-07 device_ms=63.366208
PRODUCER_KERNEL_V1 stage=2 raw_iteration=4294967295 ordinal=19 kernel=finalize_resident_eos_candidate threads=1 begin_tick=1991665341524625 end_tick=1991665341527583 ms_per_tick=9.9999999999999995e-07 device_ms=0.0029579999999999997
PRODUCER_KERNEL_V1 stage=2 raw_iteration=4294967295 ordinal=20 kernel=identify_resident_eos threads=1 begin_tick=1991665341527875 end_tick=1991665341530666 ms_per_tick=9.9999999999999995e-07 device_ms=0.0027910000000000001
PRODUCER_KERNEL_V1 stage=2 raw_iteration=4294967295 ordinal=21 kernel=produce_resident_frozen_source threads=504666 begin_tick=1991665341531291 end_tick=1991665341562875 ms_per_tick=9.9999999999999995e-07 device_ms=0.031584000000000001
PRODUCER_KERNEL_V1 stage=2 raw_iteration=4294967295 ordinal=22 kernel=identify_resident_frozen_source threads=1 begin_tick=1991665341563291 end_tick=1991665341566416 ms_per_tick=9.9999999999999995e-07 device_ms=0.0031249999999999997
PRODUCER_KERNEL_V1 stage=2 raw_iteration=4294967295 ordinal=23 kernel=evaluate_resident_target_terms threads=504666 begin_tick=1991665341566958 end_tick=1991665455764500 ms_per_tick=9.9999999999999995e-07 device_ms=114.197542
PRODUCER_KERNEL_V1 stage=2 raw_iteration=4294967295 ordinal=24 kernel=finalize_resident_target threads=1 begin_tick=1991665455779791 end_tick=1991665455782750 ms_per_tick=9.9999999999999995e-07 device_ms=0.0029589999999999998
PRODUCER_KERNEL_V1 stage=2 raw_iteration=4294967295 ordinal=25 kernel=identify_resident_target threads=1 begin_tick=1991665455783250 end_tick=1991665455786166 ms_per_tick=9.9999999999999995e-07 device_ms=0.0029159999999999998
PRODUCER_KERNEL_V1 stage=2 raw_iteration=4294967295 ordinal=26 kernel=issue_resident_projection_consumer threads=1 begin_tick=1991665455786583 end_tick=1991665455790666 ms_per_tick=9.9999999999999995e-07 device_ms=0.0040829999999999998
PRODUCER_KERNEL_V1 stage=2 raw_iteration=4294967295 ordinal=27 kernel=consume_resident_target threads=1 begin_tick=1991665455791208 end_tick=1991665455795375 ms_per_tick=9.9999999999999995e-07 device_ms=0.0041669999999999997
PRODUCER_KERNEL_V1 stage=2 raw_iteration=4294967295 ordinal=28 kernel=owner_compose_target threads=504666 begin_tick=1991665455795666 end_tick=1991665455826583 ms_per_tick=9.9999999999999995e-07 device_ms=0.030917
PRODUCER_KERNEL_V1 stage=2 raw_iteration=4294967295 ordinal=29 kernel=finalize_resident_target threads=1 begin_tick=1991665455827000 end_tick=1991665455829625 ms_per_tick=9.9999999999999995e-07 device_ms=0.0026249999999999997
PRODUCER_KERNEL_V1 stage=2 raw_iteration=4294967295 ordinal=30 kernel=owner_identify_target threads=1 begin_tick=1991665455830041 end_tick=1991665455833125 ms_per_tick=9.9999999999999995e-07 device_ms=0.0030839999999999999
PRODUCER_KERNEL_V1 stage=2 raw_iteration=4294967295 ordinal=31 kernel=issue_resident_projection_consumer threads=1 begin_tick=1991665455833708 end_tick=1991665455836833 ms_per_tick=9.9999999999999995e-07 device_ms=0.0031249999999999997
PRODUCER_KERNEL_V1 stage=2 raw_iteration=4294967295 ordinal=32 kernel=consume_resident_target threads=1 begin_tick=1991665455837250 end_tick=1991665455840375 ms_per_tick=9.9999999999999995e-07 device_ms=0.0031249999999999997
PRODUCER_KERNEL_V1 stage=2 raw_iteration=4294967295 ordinal=33 kernel=owner_issue_stage_seal threads=1 begin_tick=1991665455840916 end_tick=1991665455844291 ms_per_tick=9.9999999999999995e-07 device_ms=0.003375
PRODUCER_KERNEL_V1 stage=2 raw_iteration=4294967295 ordinal=34 kernel=fct_compatible_stage_rate threads=1533387 begin_tick=1991665455844750 end_tick=1991665456357000 ms_per_tick=9.9999999999999995e-07 device_ms=0.51224999999999998
PRODUCER_KERNEL_V1 stage=2 raw_iteration=4294967295 ordinal=35 kernel=owner_heun_momentum threads=1533387 begin_tick=1991665456357375 end_tick=1991665456449416 ms_per_tick=9.9999999999999995e-07 device_ms=0.092040999999999998
RISE_FIRE_OWNER_PROFILE_V1 {"scope":72,"parent":69,"phase":"BuildStageProducerGroup","stage":2,"raw_iteration":4294967295,"iteration_kind":"bootstrap","wall_ms":272.083417000,"device_sum_ms":191.328083398,"wall_minus_device_ms":80.755333602,"exclusive_wall_ms":272.083417000,"exclusive_device_sum_ms":191.328083398,"child_observer_wall_ms":0.000000000,"count_scope":"inclusive","owner_commits":1,"projection_invocations":0}
RISE_FIRE_OWNER_PROFILE_V1 {"scope":75,"parent":74,"phase":"ProjectionAdapter","stage":2,"raw_iteration":0,"iteration_kind":"picard","wall_ms":12.073208000,"device_sum_ms":9.271874791,"wall_minus_device_ms":2.801333209,"exclusive_wall_ms":12.073208000,"exclusive_device_sum_ms":9.271874791,"child_observer_wall_ms":0.000000000,"count_scope":"inclusive","owner_commits":0,"projection_invocations":1}
RISE_FIRE_OWNER_PROFILE_V1 {"scope":74,"parent":73,"phase":"Project","stage":2,"raw_iteration":0,"iteration_kind":"picard","wall_ms":12.574208000,"device_sum_ms":9.315041592,"wall_minus_device_ms":3.259166408,"exclusive_wall_ms":0.490375000,"exclusive_device_sum_ms":0.043166801,"child_observer_wall_ms":0.010625000,"count_scope":"inclusive","owner_commits":2,"projection_invocations":1}
RISE_FIRE_OWNER_PROFILE_V1 {"scope":76,"parent":73,"phase":"ReadOpenClass","stage":2,"raw_iteration":0,"iteration_kind":"picard","wall_ms":0.157625000,"device_sum_ms":0.002499903,"wall_minus_device_ms":0.155125097,"exclusive_wall_ms":0.157625000,"exclusive_device_sum_ms":0.002499903,"child_observer_wall_ms":0.000000000,"count_scope":"inclusive","owner_commits":1,"projection_invocations":0}
RISE_FIRE_OWNER_PROFILE_V1 {"scope":77,"parent":73,"phase":"ReadOpenClass","stage":2,"raw_iteration":0,"iteration_kind":"picard","wall_ms":0.148167000,"device_sum_ms":0.002499903,"wall_minus_device_ms":0.145667097,"exclusive_wall_ms":0.148167000,"exclusive_device_sum_ms":0.002499903,"child_observer_wall_ms":0.000000000,"count_scope":"inclusive","owner_commits":1,"projection_invocations":0}
PRODUCER_COMMAND_V1 stage=2 raw_iteration=0 cpu_begin=1991665469605458 cpu_end=1991665741831875 gpu_begin=1991665469605458 gpu_end=1991665741831875 device_ms=191.41625007614493 encoders=36 interval_scope=possibly_overlapping
PRODUCER_KERNEL_V1 stage=2 raw_iteration=0 ordinal=0 kernel=owner_pack_faces threads=1533387 begin_tick=1991665550441416 end_tick=1991665550492375 ms_per_tick=9.9999999999999995e-07 device_ms=0.050958999999999997
PRODUCER_KERNEL_V1 stage=2 raw_iteration=0 ordinal=1 kernel=owner_pack_faces threads=1533387 begin_tick=1991665550507458 end_tick=1991665550558125 ms_per_tick=9.9999999999999995e-07 device_ms=0.050666999999999997
PRODUCER_KERNEL_V1 stage=2 raw_iteration=0 ordinal=2 kernel=owner_pack_faces threads=1533387 begin_tick=1991665550644625 end_tick=1991665550746291 ms_per_tick=9.9999999999999995e-07 device_ms=0.10166599999999999
PRODUCER_KERNEL_V1 stage=2 raw_iteration=0 ordinal=3 kernel=fct_extract_gas_density threads=504666 begin_tick=1991665550650625 end_tick=1991665550698416 ms_per_tick=9.9999999999999995e-07 device_ms=0.047791
PRODUCER_KERNEL_V1 stage=2 raw_iteration=0 ordinal=4 kernel=owner_gas_source threads=504666 begin_tick=1991665550700916 end_tick=1991665550747541 ms_per_tick=9.9999999999999995e-07 device_ms=0.046625
PRODUCER_KERNEL_V1 stage=2 raw_iteration=0 ordinal=5 kernel=evaluate_resident_transport threads=504666 begin_tick=1991665550824291 end_tick=1991665551278750 ms_per_tick=9.9999999999999995e-07 device_ms=0.454459
PRODUCER_KERNEL_V1 stage=2 raw_iteration=0 ordinal=6 kernel=identify_resident_transport threads=1 begin_tick=1991665551279250 end_tick=1991665551282708 ms_per_tick=9.9999999999999995e-07 device_ms=0.0034579999999999997
PRODUCER_KERNEL_V1 stage=2 raw_iteration=0 ordinal=7 kernel=owner_bind_transport threads=1 begin_tick=1991665551283166 end_tick=1991665551287041 ms_per_tick=9.9999999999999995e-07 device_ms=0.003875
PRODUCER_KERNEL_V1 stage=2 raw_iteration=0 ordinal=8 kernel=identify_resident_owner_endpoint_class threads=1 begin_tick=1991665551287458 end_tick=1991665551290708 ms_per_tick=9.9999999999999995e-07 device_ms=0.0032499999999999999
PRODUCER_KERNEL_V1 stage=2 raw_iteration=0 ordinal=9 kernel=evaluate_resident_physical_flux threads=1533387 begin_tick=1991665552245333 end_tick=1991665553355625 ms_per_tick=9.9999999999999995e-07 device_ms=1.1102920000000001
PRODUCER_KERNEL_V1 stage=2 raw_iteration=0 ordinal=10 kernel=evaluate_resident_advective_pair threads=13800483 begin_tick=1991665553621500 end_tick=1991665561123958 ms_per_tick=9.9999999999999995e-07 device_ms=7.5024579999999998
PRODUCER_KERNEL_V1 stage=2 raw_iteration=0 ordinal=11 kernel=finalize_resident_advective_high threads=13800483 begin_tick=1991665561124708 end_tick=1991665561546958 ms_per_tick=9.9999999999999995e-07 device_ms=0.42224999999999996
PRODUCER_KERNEL_V1 stage=2 raw_iteration=0 ordinal=12 kernel=compose_resident_flux_pair threads=13800483 begin_tick=1991665561547333 end_tick=1991665562432958 ms_per_tick=9.9999999999999995e-07 device_ms=0.885625
PRODUCER_KERNEL_V1 stage=2 raw_iteration=0 ordinal=13 kernel=validate_resident_physical_flux threads=13800483 begin_tick=1991665562433625 end_tick=1991665563263708 ms_per_tick=9.9999999999999995e-07 device_ms=0.83008300000000002
PRODUCER_KERNEL_V1 stage=2 raw_iteration=0 ordinal=14 kernel=identify_resident_physical_flux threads=32 begin_tick=1991665563264375 end_tick=1991665563270250 ms_per_tick=9.9999999999999995e-07 device_ms=0.005875
PRODUCER_KERNEL_V1 stage=2 raw_iteration=0 ordinal=15 kernel=owner_bind_candidate threads=1 begin_tick=1991665563270791 end_tick=1991665563274375 ms_per_tick=9.9999999999999995e-07 device_ms=0.0035839999999999999
PRODUCER_KERNEL_V1 stage=2 raw_iteration=0 ordinal=16 kernel=finalize_resident_eos_candidate threads=1 begin_tick=1991665563274750 end_tick=1991665563277250 ms_per_tick=9.9999999999999995e-07 device_ms=0.0025000000000000001
PRODUCER_KERNEL_V1 stage=2 raw_iteration=0 ordinal=17 kernel=build_eos_endpoint_table threads=14 begin_tick=1991665563277958 end_tick=1991665563569208 ms_per_tick=9.9999999999999995e-07 device_ms=0.29125000000000001
PRODUCER_KERNEL_V1 stage=2 raw_iteration=0 ordinal=18 kernel=evaluate_resident_eos_candidate threads=504666 begin_tick=1991665563569625 end_tick=1991665626992833 ms_per_tick=9.9999999999999995e-07 device_ms=63.423207999999995
PRODUCER_KERNEL_V1 stage=2 raw_iteration=0 ordinal=19 kernel=finalize_resident_eos_candidate threads=1 begin_tick=1991665627006333 end_tick=1991665627008791 ms_per_tick=9.9999999999999995e-07 device_ms=0.0024579999999999997
PRODUCER_KERNEL_V1 stage=2 raw_iteration=0 ordinal=20 kernel=identify_resident_eos threads=1 begin_tick=1991665627009208 end_tick=1991665627012291 ms_per_tick=9.9999999999999995e-07 device_ms=0.0030829999999999998
PRODUCER_KERNEL_V1 stage=2 raw_iteration=0 ordinal=21 kernel=produce_resident_frozen_source threads=504666 begin_tick=1991665627012916 end_tick=1991665627044875 ms_per_tick=9.9999999999999995e-07 device_ms=0.031959000000000001
PRODUCER_KERNEL_V1 stage=2 raw_iteration=0 ordinal=22 kernel=identify_resident_frozen_source threads=1 begin_tick=1991665627045291 end_tick=1991665627048500 ms_per_tick=9.9999999999999995e-07 device_ms=0.003209
PRODUCER_KERNEL_V1 stage=2 raw_iteration=0 ordinal=23 kernel=evaluate_resident_target_terms threads=504666 begin_tick=1991665627049041 end_tick=1991665741024333 ms_per_tick=9.9999999999999995e-07 device_ms=113.975292
PRODUCER_KERNEL_V1 stage=2 raw_iteration=0 ordinal=24 kernel=finalize_resident_target threads=1 begin_tick=1991665741038916 end_tick=1991665741044791 ms_per_tick=9.9999999999999995e-07 device_ms=0.005875
PRODUCER_KERNEL_V1 stage=2 raw_iteration=0 ordinal=25 kernel=identify_resident_target threads=1 begin_tick=1991665741045208 end_tick=1991665741048291 ms_per_tick=9.9999999999999995e-07 device_ms=0.0030829999999999998
PRODUCER_KERNEL_V1 stage=2 raw_iteration=0 ordinal=26 kernel=issue_resident_projection_consumer threads=1 begin_tick=1991665741048666 end_tick=1991665741052958 ms_per_tick=9.9999999999999995e-07 device_ms=0.0042919999999999998
PRODUCER_KERNEL_V1 stage=2 raw_iteration=0 ordinal=27 kernel=consume_resident_target threads=1 begin_tick=1991665741053916 end_tick=1991665741057833 ms_per_tick=9.9999999999999995e-07 device_ms=0.0039169999999999995
PRODUCER_KERNEL_V1 stage=2 raw_iteration=0 ordinal=28 kernel=owner_compose_target threads=504666 begin_tick=1991665741058250 end_tick=1991665741089500 ms_per_tick=9.9999999999999995e-07 device_ms=0.03125
PRODUCER_KERNEL_V1 stage=2 raw_iteration=0 ordinal=29 kernel=finalize_resident_target threads=1 begin_tick=1991665741089958 end_tick=1991665741092458 ms_per_tick=9.9999999999999995e-07 device_ms=0.0025000000000000001
PRODUCER_KERNEL_V1 stage=2 raw_iteration=0 ordinal=30 kernel=owner_identify_target threads=1 begin_tick=1991665741092791 end_tick=1991665741098750 ms_per_tick=9.9999999999999995e-07 device_ms=0.0059589999999999999
PRODUCER_KERNEL_V1 stage=2 raw_iteration=0 ordinal=31 kernel=issue_resident_projection_consumer threads=1 begin_tick=1991665741099333 end_tick=1991665741102375 ms_per_tick=9.9999999999999995e-07 device_ms=0.003042
PRODUCER_KERNEL_V1 stage=2 raw_iteration=0 ordinal=32 kernel=consume_resident_target threads=1 begin_tick=1991665741102791 end_tick=1991665741106291 ms_per_tick=9.9999999999999995e-07 device_ms=0.0034999999999999996
PRODUCER_KERNEL_V1 stage=2 raw_iteration=0 ordinal=33 kernel=owner_issue_stage_seal threads=1 begin_tick=1991665741106833 end_tick=1991665741109791 ms_per_tick=9.9999999999999995e-07 device_ms=0.0029579999999999997
PRODUCER_KERNEL_V1 stage=2 raw_iteration=0 ordinal=34 kernel=fct_compatible_stage_rate threads=1533387 begin_tick=1991665741110791 end_tick=1991665741617583 ms_per_tick=9.9999999999999995e-07 device_ms=0.50679200000000002
PRODUCER_KERNEL_V1 stage=2 raw_iteration=0 ordinal=35 kernel=owner_heun_momentum threads=1533387 begin_tick=1991665741618125 end_tick=1991665741707375 ms_per_tick=9.9999999999999995e-07 device_ms=0.089249999999999996
RISE_FIRE_OWNER_PROFILE_V1 {"scope":78,"parent":73,"phase":"BuildStageProducerGroup","stage":2,"raw_iteration":0,"iteration_kind":"picard","wall_ms":272.359667000,"device_sum_ms":191.416250076,"wall_minus_device_ms":80.943416924,"exclusive_wall_ms":272.359667000,"exclusive_device_sum_ms":191.416250076,"child_observer_wall_ms":0.000000000,"count_scope":"inclusive","owner_commits":1,"projection_invocations":0}
RISE_FIRE_OWNER_PROFILE_V1 {"scope":79,"parent":73,"phase":"Residual","stage":2,"raw_iteration":0,"iteration_kind":"picard","wall_ms":0.266291000,"device_sum_ms":0.038583297,"wall_minus_device_ms":0.227707703,"exclusive_wall_ms":0.266291000,"exclusive_device_sum_ms":0.038583297,"child_observer_wall_ms":0.000000000,"count_scope":"inclusive","owner_commits":1,"projection_invocations":0}
RISE_FIRE_OWNER_PROFILE_V1 {"scope":73,"parent":69,"phase":"PicardIteration","stage":2,"raw_iteration":0,"iteration_kind":"picard","wall_ms":286.006417000,"device_sum_ms":200.774874771,"wall_minus_device_ms":85.231542229,"exclusive_wall_ms":0.472293000,"exclusive_device_sum_ms":0.000000000,"child_observer_wall_ms":0.028166000,"count_scope":"inclusive","owner_commits":6,"projection_invocations":1}
RISE_FIRE_OWNER_PROFILE_V1 {"scope":82,"parent":81,"phase":"ProjectionAdapter","stage":2,"raw_iteration":1,"iteration_kind":"picard","wall_ms":11.848250000,"device_sum_ms":9.034750052,"wall_minus_device_ms":2.813499948,"exclusive_wall_ms":11.848250000,"exclusive_device_sum_ms":9.034750052,"child_observer_wall_ms":0.000000000,"count_scope":"inclusive","owner_commits":0,"projection_invocations":1}
RISE_FIRE_OWNER_PROFILE_V1 {"scope":81,"parent":80,"phase":"Project","stage":2,"raw_iteration":1,"iteration_kind":"picard","wall_ms":12.956458000,"device_sum_ms":9.079916636,"wall_minus_device_ms":3.876541364,"exclusive_wall_ms":1.101958000,"exclusive_device_sum_ms":0.045166584,"child_observer_wall_ms":0.006250000,"count_scope":"inclusive","owner_commits":2,"projection_invocations":1}
RISE_FIRE_OWNER_PROFILE_V1 {"scope":83,"parent":80,"phase":"ReadOpenClass","stage":2,"raw_iteration":1,"iteration_kind":"picard","wall_ms":0.159250000,"device_sum_ms":0.002375105,"wall_minus_device_ms":0.156874895,"exclusive_wall_ms":0.159250000,"exclusive_device_sum_ms":0.002375105,"child_observer_wall_ms":0.000000000,"count_scope":"inclusive","owner_commits":1,"projection_invocations":0}
RISE_FIRE_OWNER_PROFILE_V1 {"scope":84,"parent":80,"phase":"ReadOpenClass","stage":2,"raw_iteration":1,"iteration_kind":"picard","wall_ms":0.147750000,"device_sum_ms":0.002500135,"wall_minus_device_ms":0.145249865,"exclusive_wall_ms":0.147750000,"exclusive_device_sum_ms":0.002500135,"child_observer_wall_ms":0.000000000,"count_scope":"inclusive","owner_commits":1,"projection_invocations":0}
PRODUCER_COMMAND_V1 stage=2 raw_iteration=1 cpu_begin=1991665756000166 cpu_end=1991666028193666 gpu_begin=1991665756000166 gpu_end=1991666028193666 device_ms=191.10425002872944 encoders=36 interval_scope=possibly_overlapping
PRODUCER_KERNEL_V1 stage=2 raw_iteration=1 ordinal=0 kernel=owner_pack_faces threads=1533387 begin_tick=1991665836977500 end_tick=1991665837036916 ms_per_tick=9.9999999999999995e-07 device_ms=0.059415999999999997
PRODUCER_KERNEL_V1 stage=2 raw_iteration=1 ordinal=1 kernel=owner_pack_faces threads=1533387 begin_tick=1991665837036958 end_tick=1991665837405750 ms_per_tick=9.9999999999999995e-07 device_ms=0.36879200000000001
PRODUCER_KERNEL_V1 stage=2 raw_iteration=1 ordinal=2 kernel=owner_pack_faces threads=1533387 begin_tick=1991665836975250 end_tick=1991665837037166 ms_per_tick=9.9999999999999995e-07 device_ms=0.061915999999999999
PRODUCER_KERNEL_V1 stage=2 raw_iteration=1 ordinal=3 kernel=fct_extract_gas_density threads=504666 begin_tick=1991665837037416 end_tick=1991665837095708 ms_per_tick=9.9999999999999995e-07 device_ms=0.058291999999999997
PRODUCER_KERNEL_V1 stage=2 raw_iteration=1 ordinal=4 kernel=owner_gas_source threads=504666 begin_tick=1991665837406125 end_tick=1991665837547583 ms_per_tick=9.9999999999999995e-07 device_ms=0.141458
PRODUCER_KERNEL_V1 stage=2 raw_iteration=1 ordinal=5 kernel=evaluate_resident_transport threads=504666 begin_tick=1991665837095708 end_tick=1991665837564833 ms_per_tick=9.9999999999999995e-07 device_ms=0.46912499999999996
PRODUCER_KERNEL_V1 stage=2 raw_iteration=1 ordinal=6 kernel=identify_resident_transport threads=1 begin_tick=1991665837565250 end_tick=1991665837568166 ms_per_tick=9.9999999999999995e-07 device_ms=0.0029159999999999998
PRODUCER_KERNEL_V1 stage=2 raw_iteration=1 ordinal=7 kernel=owner_bind_transport threads=1 begin_tick=1991665837568791 end_tick=1991665837572583 ms_per_tick=9.9999999999999995e-07 device_ms=0.0037919999999999998
PRODUCER_KERNEL_V1 stage=2 raw_iteration=1 ordinal=8 kernel=identify_resident_owner_endpoint_class threads=1 begin_tick=1991665837573041 end_tick=1991665837576333 ms_per_tick=9.9999999999999995e-07 device_ms=0.0032919999999999998
PRODUCER_KERNEL_V1 stage=2 raw_iteration=1 ordinal=9 kernel=evaluate_resident_physical_flux threads=1533387 begin_tick=1991665838422041 end_tick=1991665839540375 ms_per_tick=9.9999999999999995e-07 device_ms=1.1183339999999999
PRODUCER_KERNEL_V1 stage=2 raw_iteration=1 ordinal=10 kernel=evaluate_resident_advective_pair threads=13800483 begin_tick=1991665839802166 end_tick=1991665847113791 ms_per_tick=9.9999999999999995e-07 device_ms=7.3116249999999994
PRODUCER_KERNEL_V1 stage=2 raw_iteration=1 ordinal=11 kernel=finalize_resident_advective_high threads=13800483 begin_tick=1991665847114583 end_tick=1991665847540250 ms_per_tick=9.9999999999999995e-07 device_ms=0.42566699999999996
PRODUCER_KERNEL_V1 stage=2 raw_iteration=1 ordinal=12 kernel=compose_resident_flux_pair threads=13800483 begin_tick=1991665847540625 end_tick=1991665848427333 ms_per_tick=9.9999999999999995e-07 device_ms=0.88670799999999994
PRODUCER_KERNEL_V1 stage=2 raw_iteration=1 ordinal=13 kernel=validate_resident_physical_flux threads=13800483 begin_tick=1991665848427833 end_tick=1991665849262041 ms_per_tick=9.9999999999999995e-07 device_ms=0.83420799999999995
PRODUCER_KERNEL_V1 stage=2 raw_iteration=1 ordinal=14 kernel=identify_resident_physical_flux threads=32 begin_tick=1991665849262708 end_tick=1991665849268916 ms_per_tick=9.9999999999999995e-07 device_ms=0.006208
PRODUCER_KERNEL_V1 stage=2 raw_iteration=1 ordinal=15 kernel=owner_bind_candidate threads=1 begin_tick=1991665849269416 end_tick=1991665849272916 ms_per_tick=9.9999999999999995e-07 device_ms=0.0034999999999999996
PRODUCER_KERNEL_V1 stage=2 raw_iteration=1 ordinal=16 kernel=finalize_resident_eos_candidate threads=1 begin_tick=1991665849273250 end_tick=1991665849275791 ms_per_tick=9.9999999999999995e-07 device_ms=0.0025409999999999999
PRODUCER_KERNEL_V1 stage=2 raw_iteration=1 ordinal=17 kernel=build_eos_endpoint_table threads=14 begin_tick=1991665849276500 end_tick=1991665849568208 ms_per_tick=9.9999999999999995e-07 device_ms=0.29170799999999997
PRODUCER_KERNEL_V1 stage=2 raw_iteration=1 ordinal=18 kernel=evaluate_resident_eos_candidate threads=504666 begin_tick=1991665849568625 end_tick=1991665913350250 ms_per_tick=9.9999999999999995e-07 device_ms=63.781624999999998
PRODUCER_KERNEL_V1 stage=2 raw_iteration=1 ordinal=19 kernel=finalize_resident_eos_candidate threads=1 begin_tick=1991665913368166 end_tick=1991665913371041 ms_per_tick=9.9999999999999995e-07 device_ms=0.002875
PRODUCER_KERNEL_V1 stage=2 raw_iteration=1 ordinal=20 kernel=identify_resident_eos threads=1 begin_tick=1991665913371416 end_tick=1991665913374833 ms_per_tick=9.9999999999999995e-07 device_ms=0.0034169999999999999
PRODUCER_KERNEL_V1 stage=2 raw_iteration=1 ordinal=21 kernel=produce_resident_frozen_source threads=504666 begin_tick=1991665913375500 end_tick=1991665913406000 ms_per_tick=9.9999999999999995e-07 device_ms=0.030499999999999999
PRODUCER_KERNEL_V1 stage=2 raw_iteration=1 ordinal=22 kernel=identify_resident_frozen_source threads=1 begin_tick=1991665913406416 end_tick=1991665913412583 ms_per_tick=9.9999999999999995e-07 device_ms=0.0061669999999999997
PRODUCER_KERNEL_V1 stage=2 raw_iteration=1 ordinal=23 kernel=evaluate_resident_target_terms threads=504666 begin_tick=1991665913413083 end_tick=1991666027382125 ms_per_tick=9.9999999999999995e-07 device_ms=113.969042
PRODUCER_KERNEL_V1 stage=2 raw_iteration=1 ordinal=24 kernel=finalize_resident_target threads=1 begin_tick=1991666027396833 end_tick=1991666027402083 ms_per_tick=9.9999999999999995e-07 device_ms=0.0052499999999999995
PRODUCER_KERNEL_V1 stage=2 raw_iteration=1 ordinal=25 kernel=identify_resident_target threads=1 begin_tick=1991666027402666 end_tick=1991666027405958 ms_per_tick=9.9999999999999995e-07 device_ms=0.0032919999999999998
PRODUCER_KERNEL_V1 stage=2 raw_iteration=1 ordinal=26 kernel=issue_resident_projection_consumer threads=1 begin_tick=1991666027406375 end_tick=1991666027410875 ms_per_tick=9.9999999999999995e-07 device_ms=0.0044999999999999997
PRODUCER_KERNEL_V1 stage=2 raw_iteration=1 ordinal=27 kernel=consume_resident_target threads=1 begin_tick=1991666027411333 end_tick=1991666027415458 ms_per_tick=9.9999999999999995e-07 device_ms=0.0041250000000000002
PRODUCER_KERNEL_V1 stage=2 raw_iteration=1 ordinal=28 kernel=owner_compose_target threads=504666 begin_tick=1991666027415833 end_tick=1991666027447833 ms_per_tick=9.9999999999999995e-07 device_ms=0.032000000000000001
PRODUCER_KERNEL_V1 stage=2 raw_iteration=1 ordinal=29 kernel=finalize_resident_target threads=1 begin_tick=1991666027448375 end_tick=1991666027450875 ms_per_tick=9.9999999999999995e-07 device_ms=0.0025000000000000001
PRODUCER_KERNEL_V1 stage=2 raw_iteration=1 ordinal=30 kernel=owner_identify_target threads=1 begin_tick=1991666027451291 end_tick=1991666027457541 ms_per_tick=9.9999999999999995e-07 device_ms=0.0062499999999999995
PRODUCER_KERNEL_V1 stage=2 raw_iteration=1 ordinal=31 kernel=issue_resident_projection_consumer threads=1 begin_tick=1991666027457958 end_tick=1991666027461000 ms_per_tick=9.9999999999999995e-07 device_ms=0.003042
PRODUCER_KERNEL_V1 stage=2 raw_iteration=1 ordinal=32 kernel=consume_resident_target threads=1 begin_tick=1991666027461375 end_tick=1991666027464500 ms_per_tick=9.9999999999999995e-07 device_ms=0.0031249999999999997
PRODUCER_KERNEL_V1 stage=2 raw_iteration=1 ordinal=33 kernel=owner_issue_stage_seal threads=1 begin_tick=1991666027465083 end_tick=1991666027468166 ms_per_tick=9.9999999999999995e-07 device_ms=0.0030829999999999998
PRODUCER_KERNEL_V1 stage=2 raw_iteration=1 ordinal=34 kernel=fct_compatible_stage_rate threads=1533387 begin_tick=1991666027469166 end_tick=1991666027982791 ms_per_tick=9.9999999999999995e-07 device_ms=0.513625
PRODUCER_KERNEL_V1 stage=2 raw_iteration=1 ordinal=35 kernel=owner_heun_momentum threads=1533387 begin_tick=1991666027983208 end_tick=1991666028073791 ms_per_tick=9.9999999999999995e-07 device_ms=0.090582999999999997
RISE_FIRE_OWNER_PROFILE_V1 {"scope":85,"parent":80,"phase":"BuildStageProducerGroup","stage":2,"raw_iteration":1,"iteration_kind":"picard","wall_ms":272.335209000,"device_sum_ms":191.104250029,"wall_minus_device_ms":81.230958971,"exclusive_wall_ms":272.335209000,"exclusive_device_sum_ms":191.104250029,"child_observer_wall_ms":0.000000000,"count_scope":"inclusive","owner_commits":1,"projection_invocations":0}
RISE_FIRE_OWNER_PROFILE_V1 {"scope":86,"parent":80,"phase":"Residual","stage":2,"raw_iteration":1,"iteration_kind":"picard","wall_ms":0.316209000,"device_sum_ms":0.114500057,"wall_minus_device_ms":0.201708943,"exclusive_wall_ms":0.316209000,"exclusive_device_sum_ms":0.114500057,"child_observer_wall_ms":0.000000000,"count_scope":"inclusive","owner_commits":1,"projection_invocations":0}
RISE_FIRE_OWNER_PROFILE_V1 {"scope":80,"parent":69,"phase":"PicardIteration","stage":2,"raw_iteration":1,"iteration_kind":"picard","wall_ms":286.312584000,"device_sum_ms":200.303541962,"wall_minus_device_ms":86.009042038,"exclusive_wall_ms":0.363626000,"exclusive_device_sum_ms":0.000000000,"child_observer_wall_ms":0.034082000,"count_scope":"inclusive","owner_commits":6,"projection_invocations":1}
RISE_FIRE_OWNER_PROFILE_V1 {"scope":89,"parent":88,"phase":"ProjectionAdapter","stage":2,"raw_iteration":2,"iteration_kind":"picard","wall_ms":11.806875000,"device_sum_ms":8.992624935,"wall_minus_device_ms":2.814250065,"exclusive_wall_ms":11.806875000,"exclusive_device_sum_ms":8.992624935,"child_observer_wall_ms":0.000000000,"count_scope":"inclusive","owner_commits":0,"projection_invocations":1}
RISE_FIRE_OWNER_PROFILE_V1 {"scope":88,"parent":87,"phase":"Project","stage":2,"raw_iteration":2,"iteration_kind":"picard","wall_ms":12.959250000,"device_sum_ms":9.032458067,"wall_minus_device_ms":3.926791933,"exclusive_wall_ms":1.145292000,"exclusive_device_sum_ms":0.039833132,"child_observer_wall_ms":0.007083000,"count_scope":"inclusive","owner_commits":2,"projection_invocations":1}
RISE_FIRE_OWNER_PROFILE_V1 {"scope":90,"parent":87,"phase":"ReadOpenClass","stage":2,"raw_iteration":2,"iteration_kind":"picard","wall_ms":0.169417000,"device_sum_ms":0.007750001,"wall_minus_device_ms":0.161666999,"exclusive_wall_ms":0.169417000,"exclusive_device_sum_ms":0.007750001,"child_observer_wall_ms":0.000000000,"count_scope":"inclusive","owner_commits":1,"projection_invocations":0}
RISE_FIRE_OWNER_PROFILE_V1 {"scope":91,"parent":87,"phase":"ReadOpenClass","stage":2,"raw_iteration":2,"iteration_kind":"picard","wall_ms":0.167708000,"device_sum_ms":0.002416549,"wall_minus_device_ms":0.165291451,"exclusive_wall_ms":0.167708000,"exclusive_device_sum_ms":0.002416549,"child_observer_wall_ms":0.000000000,"count_scope":"inclusive","owner_commits":1,"projection_invocations":0}
PRODUCER_COMMAND_V1 stage=2 raw_iteration=2 cpu_begin=1991666042349125 cpu_end=1991666315473500 gpu_begin=1991666042349125 gpu_end=1991666315473500 device_ms=192.10316683165729 encoders=36 interval_scope=possibly_overlapping
PRODUCER_KERNEL_V1 stage=2 raw_iteration=2 ordinal=0 kernel=owner_pack_faces threads=1533387 begin_tick=1991666123268875 end_tick=1991666123330333 ms_per_tick=9.9999999999999995e-07 device_ms=0.061457999999999999
PRODUCER_KERNEL_V1 stage=2 raw_iteration=2 ordinal=1 kernel=owner_pack_faces threads=1533387 begin_tick=1991666123330333 end_tick=1991666123674083 ms_per_tick=9.9999999999999995e-07 device_ms=0.34375
PRODUCER_KERNEL_V1 stage=2 raw_iteration=2 ordinal=2 kernel=owner_pack_faces threads=1533387 begin_tick=1991666123266791 end_tick=1991666123330583 ms_per_tick=9.9999999999999995e-07 device_ms=0.063792000000000001
PRODUCER_KERNEL_V1 stage=2 raw_iteration=2 ordinal=3 kernel=fct_extract_gas_density threads=504666 begin_tick=1991666123330833 end_tick=1991666123388458 ms_per_tick=9.9999999999999995e-07 device_ms=0.057624999999999996
PRODUCER_KERNEL_V1 stage=2 raw_iteration=2 ordinal=4 kernel=owner_gas_source threads=504666 begin_tick=1991666123674416 end_tick=1991666123836750 ms_per_tick=9.9999999999999995e-07 device_ms=0.16233400000000001
PRODUCER_KERNEL_V1 stage=2 raw_iteration=2 ordinal=5 kernel=evaluate_resident_transport threads=504666 begin_tick=1991666123388458 end_tick=1991666123853000 ms_per_tick=9.9999999999999995e-07 device_ms=0.46454199999999995
PRODUCER_KERNEL_V1 stage=2 raw_iteration=2 ordinal=6 kernel=identify_resident_transport threads=1 begin_tick=1991666123853416 end_tick=1991666123856375 ms_per_tick=9.9999999999999995e-07 device_ms=0.0029589999999999998
PRODUCER_KERNEL_V1 stage=2 raw_iteration=2 ordinal=7 kernel=owner_bind_transport threads=1 begin_tick=1991666123856833 end_tick=1991666123860750 ms_per_tick=9.9999999999999995e-07 device_ms=0.0039169999999999995
PRODUCER_KERNEL_V1 stage=2 raw_iteration=2 ordinal=8 kernel=identify_resident_owner_endpoint_class threads=1 begin_tick=1991666123861166 end_tick=1991666123864416 ms_per_tick=9.9999999999999995e-07 device_ms=0.0032499999999999999
PRODUCER_KERNEL_V1 stage=2 raw_iteration=2 ordinal=9 kernel=evaluate_resident_physical_flux threads=1533387 begin_tick=1991666124662791 end_tick=1991666125824041 ms_per_tick=9.9999999999999995e-07 device_ms=1.1612499999999999
PRODUCER_KERNEL_V1 stage=2 raw_iteration=2 ordinal=10 kernel=evaluate_resident_advective_pair threads=13800483 begin_tick=1991666126050666 end_tick=1991666133362625 ms_per_tick=9.9999999999999995e-07 device_ms=7.3119589999999999
PRODUCER_KERNEL_V1 stage=2 raw_iteration=2 ordinal=11 kernel=finalize_resident_advective_high threads=13800483 begin_tick=1991666133363208 end_tick=1991666133783708 ms_per_tick=9.9999999999999995e-07 device_ms=0.42049999999999998
PRODUCER_KERNEL_V1 stage=2 raw_iteration=2 ordinal=12 kernel=compose_resident_flux_pair threads=13800483 begin_tick=1991666133784041 end_tick=1991666134675000 ms_per_tick=9.9999999999999995e-07 device_ms=0.89095899999999995
PRODUCER_KERNEL_V1 stage=2 raw_iteration=2 ordinal=13 kernel=validate_resident_physical_flux threads=13800483 begin_tick=1991666134675708 end_tick=1991666135506000 ms_per_tick=9.9999999999999995e-07 device_ms=0.83029199999999992
PRODUCER_KERNEL_V1 stage=2 raw_iteration=2 ordinal=14 kernel=identify_resident_physical_flux threads=32 begin_tick=1991666135506750 end_tick=1991666135509875 ms_per_tick=9.9999999999999995e-07 device_ms=0.0031249999999999997
PRODUCER_KERNEL_V1 stage=2 raw_iteration=2 ordinal=15 kernel=owner_bind_candidate threads=1 begin_tick=1991666135510375 end_tick=1991666135513666 ms_per_tick=9.9999999999999995e-07 device_ms=0.0032909999999999997
PRODUCER_KERNEL_V1 stage=2 raw_iteration=2 ordinal=16 kernel=finalize_resident_eos_candidate threads=1 begin_tick=1991666135514083 end_tick=1991666135516375 ms_per_tick=9.9999999999999995e-07 device_ms=0.0022919999999999998
PRODUCER_KERNEL_V1 stage=2 raw_iteration=2 ordinal=17 kernel=build_eos_endpoint_table threads=14 begin_tick=1991666135516958 end_tick=1991666135809375 ms_per_tick=9.9999999999999995e-07 device_ms=0.29241699999999998
PRODUCER_KERNEL_V1 stage=2 raw_iteration=2 ordinal=18 kernel=evaluate_resident_eos_candidate threads=504666 begin_tick=1991666135809750 end_tick=1991666200655708 ms_per_tick=9.9999999999999995e-07 device_ms=64.845957999999996
PRODUCER_KERNEL_V1 stage=2 raw_iteration=2 ordinal=19 kernel=finalize_resident_eos_candidate threads=1 begin_tick=1991666200671458 end_tick=1991666200674375 ms_per_tick=9.9999999999999995e-07 device_ms=0.0029169999999999999
PRODUCER_KERNEL_V1 stage=2 raw_iteration=2 ordinal=20 kernel=identify_resident_eos threads=1 begin_tick=1991666200674708 end_tick=1991666200677333 ms_per_tick=9.9999999999999995e-07 device_ms=0.0026249999999999997
PRODUCER_KERNEL_V1 stage=2 raw_iteration=2 ordinal=21 kernel=produce_resident_frozen_source threads=504666 begin_tick=1991666200677916 end_tick=1991666200709166 ms_per_tick=9.9999999999999995e-07 device_ms=0.03125
PRODUCER_KERNEL_V1 stage=2 raw_iteration=2 ordinal=22 kernel=identify_resident_frozen_source threads=1 begin_tick=1991666200709541 end_tick=1991666200715875 ms_per_tick=9.9999999999999995e-07 device_ms=0.0063339999999999994
PRODUCER_KERNEL_V1 stage=2 raw_iteration=2 ordinal=23 kernel=evaluate_resident_target_terms threads=504666 begin_tick=1991666200716416 end_tick=1991666314676583 ms_per_tick=9.9999999999999995e-07 device_ms=113.960167
PRODUCER_KERNEL_V1 stage=2 raw_iteration=2 ordinal=24 kernel=finalize_resident_target threads=1 begin_tick=1991666314692208 end_tick=1991666314695833 ms_per_tick=9.9999999999999995e-07 device_ms=0.0036249999999999998
PRODUCER_KERNEL_V1 stage=2 raw_iteration=2 ordinal=25 kernel=identify_resident_target threads=1 begin_tick=1991666314696250 end_tick=1991666314699125 ms_per_tick=9.9999999999999995e-07 device_ms=0.002875
PRODUCER_KERNEL_V1 stage=2 raw_iteration=2 ordinal=26 kernel=issue_resident_projection_consumer threads=1 begin_tick=1991666314699500 end_tick=1991666314704416 ms_per_tick=9.9999999999999995e-07 device_ms=0.0049159999999999994
PRODUCER_KERNEL_V1 stage=2 raw_iteration=2 ordinal=27 kernel=consume_resident_target threads=1 begin_tick=1991666314704833 end_tick=1991666314708916 ms_per_tick=9.9999999999999995e-07 device_ms=0.0040829999999999998
PRODUCER_KERNEL_V1 stage=2 raw_iteration=2 ordinal=28 kernel=owner_compose_target threads=504666 begin_tick=1991666314709333 end_tick=1991666314740000 ms_per_tick=9.9999999999999995e-07 device_ms=0.030667
PRODUCER_KERNEL_V1 stage=2 raw_iteration=2 ordinal=29 kernel=finalize_resident_target threads=1 begin_tick=1991666314740541 end_tick=1991666314743000 ms_per_tick=9.9999999999999995e-07 device_ms=0.0024589999999999998
PRODUCER_KERNEL_V1 stage=2 raw_iteration=2 ordinal=30 kernel=owner_identify_target threads=1 begin_tick=1991666314743416 end_tick=1991666314749375 ms_per_tick=9.9999999999999995e-07 device_ms=0.0059589999999999999
PRODUCER_KERNEL_V1 stage=2 raw_iteration=2 ordinal=31 kernel=issue_resident_projection_consumer threads=1 begin_tick=1991666314750000 end_tick=1991666314752958 ms_per_tick=9.9999999999999995e-07 device_ms=0.0029579999999999997
PRODUCER_KERNEL_V1 stage=2 raw_iteration=2 ordinal=32 kernel=consume_resident_target threads=1 begin_tick=1991666314753375 end_tick=1991666314756666 ms_per_tick=9.9999999999999995e-07 device_ms=0.0032909999999999997
PRODUCER_KERNEL_V1 stage=2 raw_iteration=2 ordinal=33 kernel=owner_issue_stage_seal threads=1 begin_tick=1991666314757208 end_tick=1991666314759958 ms_per_tick=9.9999999999999995e-07 device_ms=0.0027499999999999998
PRODUCER_KERNEL_V1 stage=2 raw_iteration=2 ordinal=34 kernel=fct_compatible_stage_rate threads=1533387 begin_tick=1991666314760500 end_tick=1991666315273500 ms_per_tick=9.9999999999999995e-07 device_ms=0.51300000000000001
PRODUCER_KERNEL_V1 stage=2 raw_iteration=2 ordinal=35 kernel=owner_heun_momentum threads=1533387 begin_tick=1991666315274041 end_tick=1991666315363791 ms_per_tick=9.9999999999999995e-07 device_ms=0.089749999999999996
RISE_FIRE_OWNER_PROFILE_V1 {"scope":92,"parent":87,"phase":"BuildStageProducerGroup","stage":2,"raw_iteration":2,"iteration_kind":"picard","wall_ms":273.269500000,"device_sum_ms":192.103166832,"wall_minus_device_ms":81.166333168,"exclusive_wall_ms":273.269500000,"exclusive_device_sum_ms":192.103166832,"child_observer_wall_ms":0.000000000,"count_scope":"inclusive","owner_commits":1,"projection_invocations":0}
RISE_FIRE_OWNER_PROFILE_V1 {"scope":93,"parent":87,"phase":"Residual","stage":2,"raw_iteration":2,"iteration_kind":"picard","wall_ms":0.306125000,"device_sum_ms":0.111791771,"wall_minus_device_ms":0.194333229,"exclusive_wall_ms":0.306125000,"exclusive_device_sum_ms":0.111791771,"child_observer_wall_ms":0.000000000,"count_scope":"inclusive","owner_commits":1,"projection_invocations":0}
RISE_FIRE_OWNER_PROFILE_V1 {"scope":96,"parent":95,"phase":"ProjectionAdapter","stage":2,"raw_iteration":2147483650,"iteration_kind":"terminal","wall_ms":16.218375000,"device_sum_ms":9.274249896,"wall_minus_device_ms":6.944125104,"exclusive_wall_ms":16.218375000,"exclusive_device_sum_ms":9.274249896,"child_observer_wall_ms":0.000000000,"count_scope":"inclusive","owner_commits":0,"projection_invocations":1}
RISE_FIRE_OWNER_PROFILE_V1 {"scope":95,"parent":94,"phase":"Project","stage":2,"raw_iteration":2147483650,"iteration_kind":"terminal","wall_ms":16.735875000,"device_sum_ms":9.313541697,"wall_minus_device_ms":7.422333303,"exclusive_wall_ms":0.511084000,"exclusive_device_sum_ms":0.039291801,"child_observer_wall_ms":0.006416000,"count_scope":"inclusive","owner_commits":2,"projection_invocations":1}
RISE_FIRE_OWNER_PROFILE_V1 {"scope":97,"parent":94,"phase":"ReadOpenClass","stage":2,"raw_iteration":2147483650,"iteration_kind":"terminal","wall_ms":0.153750000,"device_sum_ms":0.002499903,"wall_minus_device_ms":0.151250097,"exclusive_wall_ms":0.153750000,"exclusive_device_sum_ms":0.002499903,"child_observer_wall_ms":0.000000000,"count_scope":"inclusive","owner_commits":1,"projection_invocations":0}
RISE_FIRE_OWNER_PROFILE_V1 {"scope":98,"parent":94,"phase":"ReadOpenClass","stage":2,"raw_iteration":2147483650,"iteration_kind":"terminal","wall_ms":0.153958000,"device_sum_ms":0.002416782,"wall_minus_device_ms":0.151541218,"exclusive_wall_ms":0.153958000,"exclusive_device_sum_ms":0.002416782,"child_observer_wall_ms":0.000000000,"count_scope":"inclusive","owner_commits":1,"projection_invocations":0}
PRODUCER_COMMAND_V1 stage=2 raw_iteration=2147483650 cpu_begin=1991666332994916 cpu_end=1991666605700458 gpu_begin=1991666332994916 gpu_end=1991666605700458 device_ms=192.06670834682882 encoders=36 interval_scope=possibly_overlapping
PRODUCER_KERNEL_V1 stage=2 raw_iteration=2147483650 ordinal=0 kernel=owner_pack_faces threads=1533387 begin_tick=1991666413642750 end_tick=1991666413693208 ms_per_tick=9.9999999999999995e-07 device_ms=0.050457999999999996
PRODUCER_KERNEL_V1 stage=2 raw_iteration=2147483650 ordinal=1 kernel=owner_pack_faces threads=1533387 begin_tick=1991666413714083 end_tick=1991666413764708 ms_per_tick=9.9999999999999995e-07 device_ms=0.050624999999999996
PRODUCER_KERNEL_V1 stage=2 raw_iteration=2147483650 ordinal=2 kernel=owner_pack_faces threads=1533387 begin_tick=1991666413853000 end_tick=1991666413935250 ms_per_tick=9.9999999999999995e-07 device_ms=0.08224999999999999
PRODUCER_KERNEL_V1 stage=2 raw_iteration=2147483650 ordinal=3 kernel=fct_extract_gas_density threads=504666 begin_tick=1991666413878458 end_tick=1991666413929000 ms_per_tick=9.9999999999999995e-07 device_ms=0.050541999999999997
PRODUCER_KERNEL_V1 stage=2 raw_iteration=2147483650 ordinal=4 kernel=owner_gas_source threads=504666 begin_tick=1991666413937041 end_tick=1991666413982875 ms_per_tick=9.9999999999999995e-07 device_ms=0.045834
PRODUCER_KERNEL_V1 stage=2 raw_iteration=2147483650 ordinal=5 kernel=evaluate_resident_transport threads=504666 begin_tick=1991666414104125 end_tick=1991666414555875 ms_per_tick=9.9999999999999995e-07 device_ms=0.45174999999999998
PRODUCER_KERNEL_V1 stage=2 raw_iteration=2147483650 ordinal=6 kernel=identify_resident_transport threads=1 begin_tick=1991666414556208 end_tick=1991666414559125 ms_per_tick=9.9999999999999995e-07 device_ms=0.0029169999999999999
PRODUCER_KERNEL_V1 stage=2 raw_iteration=2147483650 ordinal=7 kernel=owner_bind_transport threads=1 begin_tick=1991666414559708 end_tick=1991666414563583 ms_per_tick=9.9999999999999995e-07 device_ms=0.003875
PRODUCER_KERNEL_V1 stage=2 raw_iteration=2147483650 ordinal=8 kernel=identify_resident_owner_endpoint_class threads=1 begin_tick=1991666414564000 end_tick=1991666414567125 ms_per_tick=9.9999999999999995e-07 device_ms=0.0031249999999999997
PRODUCER_KERNEL_V1 stage=2 raw_iteration=2147483650 ordinal=9 kernel=evaluate_resident_physical_flux threads=1533387 begin_tick=1991666415560125 end_tick=1991666416669250 ms_per_tick=9.9999999999999995e-07 device_ms=1.1091249999999999
PRODUCER_KERNEL_V1 stage=2 raw_iteration=2147483650 ordinal=10 kernel=evaluate_resident_advective_pair threads=13800483 begin_tick=1991666416951791 end_tick=1991666424299000 ms_per_tick=9.9999999999999995e-07 device_ms=7.3472089999999994
PRODUCER_KERNEL_V1 stage=2 raw_iteration=2147483650 ordinal=11 kernel=finalize_resident_advective_high threads=13800483 begin_tick=1991666424299833 end_tick=1991666424718916 ms_per_tick=9.9999999999999995e-07 device_ms=0.41908299999999998
PRODUCER_KERNEL_V1 stage=2 raw_iteration=2147483650 ordinal=12 kernel=compose_resident_flux_pair threads=13800483 begin_tick=1991666424719250 end_tick=1991666425645333 ms_per_tick=9.9999999999999995e-07 device_ms=0.92608299999999999
PRODUCER_KERNEL_V1 stage=2 raw_iteration=2147483650 ordinal=13 kernel=validate_resident_physical_flux threads=13800483 begin_tick=1991666425646000 end_tick=1991666426478083 ms_per_tick=9.9999999999999995e-07 device_ms=0.83208300000000002
PRODUCER_KERNEL_V1 stage=2 raw_iteration=2147483650 ordinal=14 kernel=identify_resident_physical_flux threads=32 begin_tick=1991666426478541 end_tick=1991666426481833 ms_per_tick=9.9999999999999995e-07 device_ms=0.0032919999999999998
PRODUCER_KERNEL_V1 stage=2 raw_iteration=2147483650 ordinal=15 kernel=owner_bind_candidate threads=1 begin_tick=1991666426482333 end_tick=1991666426485958 ms_per_tick=9.9999999999999995e-07 device_ms=0.0036249999999999998
PRODUCER_KERNEL_V1 stage=2 raw_iteration=2147483650 ordinal=16 kernel=finalize_resident_eos_candidate threads=1 begin_tick=1991666426486541 end_tick=1991666426488958 ms_per_tick=9.9999999999999995e-07 device_ms=0.0024169999999999999
PRODUCER_KERNEL_V1 stage=2 raw_iteration=2147483650 ordinal=17 kernel=build_eos_endpoint_table threads=14 begin_tick=1991666426489625 end_tick=1991666426781541 ms_per_tick=9.9999999999999995e-07 device_ms=0.29191600000000001
PRODUCER_KERNEL_V1 stage=2 raw_iteration=2147483650 ordinal=18 kernel=evaluate_resident_eos_candidate threads=504666 begin_tick=1991666426781916 end_tick=1991666490643625 ms_per_tick=9.9999999999999995e-07 device_ms=63.861708999999998
PRODUCER_KERNEL_V1 stage=2 raw_iteration=2147483650 ordinal=19 kernel=finalize_resident_eos_candidate threads=1 begin_tick=1991666490658541 end_tick=1991666490663666 ms_per_tick=9.9999999999999995e-07 device_ms=0.0051249999999999993
PRODUCER_KERNEL_V1 stage=2 raw_iteration=2147483650 ordinal=20 kernel=identify_resident_eos threads=1 begin_tick=1991666490664083 end_tick=1991666490666541 ms_per_tick=9.9999999999999995e-07 device_ms=0.0024579999999999997
PRODUCER_KERNEL_V1 stage=2 raw_iteration=2147483650 ordinal=21 kernel=produce_resident_frozen_source threads=504666 begin_tick=1991666490667250 end_tick=1991666490697916 ms_per_tick=9.9999999999999995e-07 device_ms=0.030665999999999999
PRODUCER_KERNEL_V1 stage=2 raw_iteration=2147483650 ordinal=22 kernel=identify_resident_frozen_source threads=1 begin_tick=1991666490698333 end_tick=1991666490704041 ms_per_tick=9.9999999999999995e-07 device_ms=0.0057079999999999995
PRODUCER_KERNEL_V1 stage=2 raw_iteration=2147483650 ordinal=23 kernel=evaluate_resident_target_terms threads=504666 begin_tick=1991666490704625 end_tick=1991666604888958 ms_per_tick=9.9999999999999995e-07 device_ms=114.184333
PRODUCER_KERNEL_V1 stage=2 raw_iteration=2147483650 ordinal=24 kernel=finalize_resident_target threads=1 begin_tick=1991666604904291 end_tick=1991666604907208 ms_per_tick=9.9999999999999995e-07 device_ms=0.0029169999999999999
PRODUCER_KERNEL_V1 stage=2 raw_iteration=2147483650 ordinal=25 kernel=identify_resident_target threads=1 begin_tick=1991666604907791 end_tick=1991666604910958 ms_per_tick=9.9999999999999995e-07 device_ms=0.0031669999999999997
PRODUCER_KERNEL_V1 stage=2 raw_iteration=2147483650 ordinal=26 kernel=issue_resident_projection_consumer threads=1 begin_tick=1991666604911375 end_tick=1991666604915416 ms_per_tick=9.9999999999999995e-07 device_ms=0.0040409999999999995
PRODUCER_KERNEL_V1 stage=2 raw_iteration=2147483650 ordinal=27 kernel=consume_resident_target threads=1 begin_tick=1991666604915958 end_tick=1991666604920125 ms_per_tick=9.9999999999999995e-07 device_ms=0.0041669999999999997
PRODUCER_KERNEL_V1 stage=2 raw_iteration=2147483650 ordinal=28 kernel=owner_compose_target threads=504666 begin_tick=1991666604920458 end_tick=1991666604951833 ms_per_tick=9.9999999999999995e-07 device_ms=0.031375
PRODUCER_KERNEL_V1 stage=2 raw_iteration=2147483650 ordinal=29 kernel=finalize_resident_target threads=1 begin_tick=1991666604952250 end_tick=1991666604955041 ms_per_tick=9.9999999999999995e-07 device_ms=0.0027910000000000001
PRODUCER_KERNEL_V1 stage=2 raw_iteration=2147483650 ordinal=30 kernel=owner_identify_target threads=1 begin_tick=1991666604955416 end_tick=1991666604958250 ms_per_tick=9.9999999999999995e-07 device_ms=0.0028339999999999997
PRODUCER_KERNEL_V1 stage=2 raw_iteration=2147483650 ordinal=31 kernel=issue_resident_projection_consumer threads=1 begin_tick=1991666604958791 end_tick=1991666604961833 ms_per_tick=9.9999999999999995e-07 device_ms=0.003042
PRODUCER_KERNEL_V1 stage=2 raw_iteration=2147483650 ordinal=32 kernel=consume_resident_target threads=1 begin_tick=1991666604962208 end_tick=1991666604965208 ms_per_tick=9.9999999999999995e-07 device_ms=0.0030000000000000001
PRODUCER_KERNEL_V1 stage=2 raw_iteration=2147483650 ordinal=33 kernel=owner_issue_stage_seal threads=1 begin_tick=1991666604965791 end_tick=1991666604969041 ms_per_tick=9.9999999999999995e-07 device_ms=0.0032499999999999999
PRODUCER_KERNEL_V1 stage=2 raw_iteration=2147483650 ordinal=34 kernel=fct_compatible_stage_rate threads=1533387 begin_tick=1991666604969541 end_tick=1991666605483916 ms_per_tick=9.9999999999999995e-07 device_ms=0.51437500000000003
PRODUCER_KERNEL_V1 stage=2 raw_iteration=2147483650 ordinal=35 kernel=owner_heun_momentum threads=1533387 begin_tick=1991666605484291 end_tick=1991666605578208 ms_per_tick=9.9999999999999995e-07 device_ms=0.093917
RISE_FIRE_OWNER_PROFILE_V1 {"scope":99,"parent":94,"phase":"BuildStageProducerGroup","stage":2,"raw_iteration":2147483650,"iteration_kind":"terminal","wall_ms":272.839417000,"device_sum_ms":192.066708347,"wall_minus_device_ms":80.772708653,"exclusive_wall_ms":272.839417000,"exclusive_device_sum_ms":192.066708347,"child_observer_wall_ms":0.000000000,"count_scope":"inclusive","owner_commits":1,"projection_invocations":0}
RISE_FIRE_OWNER_PROFILE_V1 {"scope":100,"parent":94,"phase":"Residual","stage":2,"raw_iteration":2147483650,"iteration_kind":"terminal","wall_ms":0.298666000,"device_sum_ms":0.108791748,"wall_minus_device_ms":0.189874252,"exclusive_wall_ms":0.298666000,"exclusive_device_sum_ms":0.108791748,"child_observer_wall_ms":0.000000000,"count_scope":"inclusive","owner_commits":1,"projection_invocations":0}
RISE_FIRE_OWNER_PROFILE_V1 {"scope":94,"parent":87,"phase":"TerminalVerification","stage":2,"raw_iteration":2147483650,"iteration_kind":"terminal","wall_ms":290.210500000,"device_sum_ms":201.493958477,"wall_minus_device_ms":88.716541523,"exclusive_wall_ms":0.004042000,"exclusive_device_sum_ms":0.000000000,"child_observer_wall_ms":0.024792000,"count_scope":"inclusive","owner_commits":6,"projection_invocations":1}
RISE_FIRE_OWNER_PROFILE_V1 {"scope":87,"parent":69,"phase":"PicardIteration","stage":2,"raw_iteration":2,"iteration_kind":"picard","wall_ms":577.550334000,"device_sum_ms":402.751541696,"wall_minus_device_ms":174.798792304,"exclusive_wall_ms":0.437541000,"exclusive_device_sum_ms":0.000000000,"child_observer_wall_ms":0.030293000,"count_scope":"inclusive","owner_commits":12,"projection_invocations":2}
RISE_FIRE_OWNER_PROFILE_V1 {"scope":69,"parent":1,"phase":"SolveStage","stage":2,"raw_iteration":4294967295,"iteration_kind":"bootstrap","wall_ms":1435.783792000,"device_sum_ms":1004.116083495,"wall_minus_device_ms":431.667708505,"exclusive_wall_ms":1.504292000,"exclusive_device_sum_ms":0.000000000,"child_observer_wall_ms":0.020456000,"count_scope":"inclusive","owner_commits":27,"projection_invocations":5}
RISE_FIRE_OWNER_PROFILE_V1 {"scope":101,"parent":1,"phase":"TerminalPublication","stage":4294967295,"raw_iteration":4294967295,"iteration_kind":"owner","wall_ms":13.150875000,"device_sum_ms":6.272000028,"wall_minus_device_ms":6.878874972,"exclusive_wall_ms":13.150875000,"exclusive_device_sum_ms":6.272000028,"child_observer_wall_ms":0.000000000,"count_scope":"inclusive","owner_commits":1,"projection_invocations":0}
RISE_FIRE_OWNER_PROFILE_V1 {"scope":1,"parent":0,"phase":"OwnerRun","stage":4294967295,"raw_iteration":4294967295,"iteration_kind":"owner","wall_ms":4487.794291000,"device_sum_ms":3091.098083416,"wall_minus_device_ms":1396.696207584,"exclusive_wall_ms":6.497415000,"exclusive_device_sum_ms":0.015249941,"child_observer_wall_ms":0.065709000,"count_scope":"inclusive","owner_commits":86,"projection_invocations":15}
capstone accepted step=3 time=0.00493879791 dt=0.00164626597 Tmax=307.866404 qmax=0 eos_max=7.67236907e-05 approach_eos_max=7.67236907e-05 limiter_class=continuous limiter_discrepancy=0 active_set_class=continuous active_set_discrepancy=0 active_set_cycle=0 active_set_faces=0
capstone pilot diagnostic Tmax=307.866045 CH4max=8.07286779e-06 O2max=0.265995681 eos_max=7.67236907e-05 approach_eos_max=7.67236907e-05
OWNER_COST_PREFIX complete=1 steps=3 time=0.004938797908835113 wall_s=16.516411208000001 outcome_sha256=faafb6c91bb73a22285ad6772dfaebf553d2f2db2e8739f93fe9f5bae1e714d4 full_verdict=unavailable error=
