OWNER_COST_SNAPSHOT_SCOPE_RED count=2 passed=1
capstone probe workers=8 target=0.00493879791 grid=69x69x106 dx=0.0305931161 t_ft=2.09320803
capstone step-start=0 speed=0 gprime=0 nu=2.23472097e-05 selected=5.23521035 previous=0
capstone event-step=0.00164626597 pilot_ceiling=0.0115509308 ramp_end=0.209320803
RISE_FIRE_OWNER_PROFILE_V1 {"scope":2,"parent":1,"phase":"Prepare","stage":4294967295,"raw_iteration":4294967295,"iteration_kind":"owner","wall_ms":95.764167000,"device_sum_ms":3.036541631,"wall_minus_device_ms":92.727625369,"exclusive_wall_ms":95.764167000,"exclusive_device_sum_ms":3.036541631,"child_observer_wall_ms":0.000000000,"count_scope":"inclusive","owner_commits":1,"projection_invocations":0}
RISE_FIRE_OWNER_PROFILE_V1 {"scope":5,"parent":4,"phase":"ProjectionAdapter","stage":0,"raw_iteration":4294967295,"iteration_kind":"bootstrap","wall_ms":21.087209000,"device_sum_ms":16.278875293,"wall_minus_device_ms":4.808333707,"exclusive_wall_ms":21.087209000,"exclusive_device_sum_ms":16.278875293,"child_observer_wall_ms":0.000000000,"count_scope":"inclusive","owner_commits":0,"projection_invocations":1}
RISE_FIRE_OWNER_PROFILE_V1 {"scope":4,"parent":3,"phase":"Project","stage":0,"raw_iteration":4294967295,"iteration_kind":"bootstrap","wall_ms":22.719166000,"device_sum_ms":16.331000486,"wall_minus_device_ms":6.388165514,"exclusive_wall_ms":1.607499000,"exclusive_device_sum_ms":0.052125193,"child_observer_wall_ms":0.024458000,"count_scope":"inclusive","owner_commits":2,"projection_invocations":1}
PRODUCER_COMMAND_V1 stage=0 raw_iteration=4294967295 cpu_begin=1990813877543166 cpu_end=1990814157546666 gpu_begin=1990813877543166 gpu_end=1990814157546666 device_ms=196.49366661906242 encoders=39 interval_scope=possibly_overlapping
PRODUCER_KERNEL_V1 stage=0 raw_iteration=4294967295 ordinal=0 kernel=owner_pack_faces threads=1533387 begin_tick=1990813960894333 end_tick=1990813960953208 ms_per_tick=9.9999999999999995e-07 device_ms=0.058874999999999997
PRODUCER_KERNEL_V1 stage=0 raw_iteration=4294967295 ordinal=1 kernel=owner_pack_faces threads=1533387 begin_tick=1990813960953208 end_tick=1990813961030833 ms_per_tick=9.9999999999999995e-07 device_ms=0.077625
PRODUCER_KERNEL_V1 stage=0 raw_iteration=4294967295 ordinal=2 kernel=owner_pack_faces threads=1533387 begin_tick=1990813960899625 end_tick=1990813960953500 ms_per_tick=9.9999999999999995e-07 device_ms=0.053874999999999999
PRODUCER_KERNEL_V1 stage=0 raw_iteration=4294967295 ordinal=3 kernel=fct_extract_gas_density threads=504666 begin_tick=1990813960953708 end_tick=1990813961002750 ms_per_tick=9.9999999999999995e-07 device_ms=0.049041999999999995
PRODUCER_KERNEL_V1 stage=0 raw_iteration=4294967295 ordinal=4 kernel=owner_gas_source threads=504666 begin_tick=1990813961031166 end_tick=1990813961076166 ms_per_tick=9.9999999999999995e-07 device_ms=0.044999999999999998
PRODUCER_KERNEL_V1 stage=0 raw_iteration=4294967295 ordinal=5 kernel=evaluate_resident_transport threads=504666 begin_tick=1990813961093291 end_tick=1990813961543250 ms_per_tick=9.9999999999999995e-07 device_ms=0.449959
PRODUCER_KERNEL_V1 stage=0 raw_iteration=4294967295 ordinal=6 kernel=identify_resident_transport threads=1 begin_tick=1990813961543666 end_tick=1990813961546791 ms_per_tick=9.9999999999999995e-07 device_ms=0.0031249999999999997
PRODUCER_KERNEL_V1 stage=0 raw_iteration=4294967295 ordinal=7 kernel=owner_bind_transport threads=1 begin_tick=1990813961547250 end_tick=1990813961551333 ms_per_tick=9.9999999999999995e-07 device_ms=0.0040829999999999998
PRODUCER_KERNEL_V1 stage=0 raw_iteration=4294967295 ordinal=8 kernel=identify_resident_owner_endpoint_class threads=1 begin_tick=1990813961552125 end_tick=1990813961555416 ms_per_tick=9.9999999999999995e-07 device_ms=0.0032909999999999997
PRODUCER_KERNEL_V1 stage=0 raw_iteration=4294967295 ordinal=9 kernel=evaluate_resident_physical_flux threads=1533387 begin_tick=1990813962521666 end_tick=1990813963634125 ms_per_tick=9.9999999999999995e-07 device_ms=1.1124589999999999
PRODUCER_KERNEL_V1 stage=0 raw_iteration=4294967295 ordinal=10 kernel=evaluate_resident_advective_pair threads=13800483 begin_tick=1990813963914291 end_tick=1990813971736375 ms_per_tick=9.9999999999999995e-07 device_ms=7.8220839999999994
PRODUCER_KERNEL_V1 stage=0 raw_iteration=4294967295 ordinal=11 kernel=finalize_resident_advective_high threads=13800483 begin_tick=1990813971737333 end_tick=1990813972159791 ms_per_tick=9.9999999999999995e-07 device_ms=0.422458
PRODUCER_KERNEL_V1 stage=0 raw_iteration=4294967295 ordinal=12 kernel=compose_resident_flux_pair threads=13800483 begin_tick=1990813972160166 end_tick=1990813973055833 ms_per_tick=9.9999999999999995e-07 device_ms=0.89566699999999999
PRODUCER_KERNEL_V1 stage=0 raw_iteration=4294967295 ordinal=13 kernel=validate_resident_physical_flux threads=13800483 begin_tick=1990813973056583 end_tick=1990813974056916 ms_per_tick=9.9999999999999995e-07 device_ms=1.0003329999999999
PRODUCER_KERNEL_V1 stage=0 raw_iteration=4294967295 ordinal=14 kernel=identify_resident_physical_flux threads=32 begin_tick=1990813974057708 end_tick=1990813974063416 ms_per_tick=9.9999999999999995e-07 device_ms=0.0057079999999999995
PRODUCER_KERNEL_V1 stage=0 raw_iteration=4294967295 ordinal=15 kernel=fct_build_ratios threads=5551326 begin_tick=1990813974064000 end_tick=1990813977669500 ms_per_tick=9.9999999999999995e-07 device_ms=3.6054999999999997
PRODUCER_KERNEL_V1 stage=0 raw_iteration=4294967295 ordinal=16 kernel=fct_build_face_alpha threads=1533387 begin_tick=1990813977670041 end_tick=1990813977934875 ms_per_tick=9.9999999999999995e-07 device_ms=0.26483400000000001
PRODUCER_KERNEL_V1 stage=0 raw_iteration=4294967295 ordinal=17 kernel=fct_commit_scalar threads=504666 begin_tick=1990813977935291 end_tick=1990813978123541 ms_per_tick=9.9999999999999995e-07 device_ms=0.18825
PRODUCER_KERNEL_V1 stage=0 raw_iteration=4294967295 ordinal=18 kernel=owner_bind_candidate threads=1 begin_tick=1990813978124125 end_tick=1990813978130625 ms_per_tick=9.9999999999999995e-07 device_ms=0.0064999999999999997
PRODUCER_KERNEL_V1 stage=0 raw_iteration=4294967295 ordinal=19 kernel=finalize_resident_eos_candidate threads=1 begin_tick=1990813978131041 end_tick=1990813978133958 ms_per_tick=9.9999999999999995e-07 device_ms=0.0029169999999999999
PRODUCER_KERNEL_V1 stage=0 raw_iteration=4294967295 ordinal=20 kernel=build_eos_endpoint_table threads=14 begin_tick=1990813978134333 end_tick=1990813978426625 ms_per_tick=9.9999999999999995e-07 device_ms=0.292292
PRODUCER_KERNEL_V1 stage=0 raw_iteration=4294967295 ordinal=21 kernel=evaluate_resident_eos_candidate threads=504666 begin_tick=1990813978427041 end_tick=1990814042786000 ms_per_tick=9.9999999999999995e-07 device_ms=64.358958999999999
PRODUCER_KERNEL_V1 stage=0 raw_iteration=4294967295 ordinal=22 kernel=finalize_resident_eos_candidate threads=1 begin_tick=1990814042804500 end_tick=1990814042807125 ms_per_tick=9.9999999999999995e-07 device_ms=0.0026249999999999997
PRODUCER_KERNEL_V1 stage=0 raw_iteration=4294967295 ordinal=23 kernel=identify_resident_eos threads=1 begin_tick=1990814042807625 end_tick=1990814042810291 ms_per_tick=9.9999999999999995e-07 device_ms=0.002666
PRODUCER_KERNEL_V1 stage=0 raw_iteration=4294967295 ordinal=24 kernel=produce_resident_frozen_source threads=504666 begin_tick=1990814042810708 end_tick=1990814042839500 ms_per_tick=9.9999999999999995e-07 device_ms=0.028791999999999998
PRODUCER_KERNEL_V1 stage=0 raw_iteration=4294967295 ordinal=25 kernel=identify_resident_frozen_source threads=1 begin_tick=1990814042839916 end_tick=1990814042846250 ms_per_tick=9.9999999999999995e-07 device_ms=0.0063339999999999994
PRODUCER_KERNEL_V1 stage=0 raw_iteration=4294967295 ordinal=26 kernel=evaluate_resident_target_terms threads=504666 begin_tick=1990814042846666 end_tick=1990814156735875 ms_per_tick=9.9999999999999995e-07 device_ms=113.88920899999999
PRODUCER_KERNEL_V1 stage=0 raw_iteration=4294967295 ordinal=27 kernel=finalize_resident_target threads=1 begin_tick=1990814156751833 end_tick=1990814156754833 ms_per_tick=9.9999999999999995e-07 device_ms=0.0030000000000000001
PRODUCER_KERNEL_V1 stage=0 raw_iteration=4294967295 ordinal=28 kernel=identify_resident_target threads=1 begin_tick=1990814156755125 end_tick=1990814156758208 ms_per_tick=9.9999999999999995e-07 device_ms=0.0030829999999999998
PRODUCER_KERNEL_V1 stage=0 raw_iteration=4294967295 ordinal=29 kernel=issue_resident_projection_consumer threads=1 begin_tick=1990814156758583 end_tick=1990814156762541 ms_per_tick=9.9999999999999995e-07 device_ms=0.0039579999999999997
PRODUCER_KERNEL_V1 stage=0 raw_iteration=4294967295 ordinal=30 kernel=consume_resident_target threads=1 begin_tick=1990814156762833 end_tick=1990814156767041 ms_per_tick=9.9999999999999995e-07 device_ms=0.0042079999999999999
PRODUCER_KERNEL_V1 stage=0 raw_iteration=4294967295 ordinal=31 kernel=owner_compose_target threads=504666 begin_tick=1990814156767416 end_tick=1990814156798833 ms_per_tick=9.9999999999999995e-07 device_ms=0.031417
PRODUCER_KERNEL_V1 stage=0 raw_iteration=4294967295 ordinal=32 kernel=finalize_resident_target threads=1 begin_tick=1990814156799208 end_tick=1990814156801791 ms_per_tick=9.9999999999999995e-07 device_ms=0.0025829999999999998
PRODUCER_KERNEL_V1 stage=0 raw_iteration=4294967295 ordinal=33 kernel=owner_identify_target threads=1 begin_tick=1990814156802166 end_tick=1990814156805125 ms_per_tick=9.9999999999999995e-07 device_ms=0.0029589999999999998
PRODUCER_KERNEL_V1 stage=0 raw_iteration=4294967295 ordinal=34 kernel=issue_resident_projection_consumer threads=1 begin_tick=1990814156805625 end_tick=1990814156808541 ms_per_tick=9.9999999999999995e-07 device_ms=0.0029159999999999998
PRODUCER_KERNEL_V1 stage=0 raw_iteration=4294967295 ordinal=35 kernel=consume_resident_target threads=1 begin_tick=1990814156808958 end_tick=1990814156812041 ms_per_tick=9.9999999999999995e-07 device_ms=0.0030829999999999998
PRODUCER_KERNEL_V1 stage=0 raw_iteration=4294967295 ordinal=36 kernel=owner_issue_stage_seal threads=1 begin_tick=1990814156812458 end_tick=1990814156815208 ms_per_tick=9.9999999999999995e-07 device_ms=0.0027499999999999998
PRODUCER_KERNEL_V1 stage=0 raw_iteration=4294967295 ordinal=37 kernel=fct_compatible_stage_rate threads=1533387 begin_tick=1990814156815666 end_tick=1990814157328916 ms_per_tick=9.9999999999999995e-07 device_ms=0.51324999999999998
PRODUCER_KERNEL_V1 stage=0 raw_iteration=4294967295 ordinal=38 kernel=owner_predict_momentum threads=1533387 begin_tick=1990814157329708 end_tick=1990814157378416 ms_per_tick=9.9999999999999995e-07 device_ms=0.048707999999999994
RISE_FIRE_OWNER_PROFILE_V1 {"scope":6,"parent":3,"phase":"BuildStageProducerGroup","stage":0,"raw_iteration":4294967295,"iteration_kind":"bootstrap","wall_ms":280.257375000,"device_sum_ms":196.493666619,"wall_minus_device_ms":83.763708381,"exclusive_wall_ms":280.257375000,"exclusive_device_sum_ms":196.493666619,"child_observer_wall_ms":0.000000000,"count_scope":"inclusive","owner_commits":1,"projection_invocations":0}
RISE_FIRE_OWNER_PROFILE_V1 {"scope":9,"parent":8,"phase":"ProjectionAdapter","stage":0,"raw_iteration":0,"iteration_kind":"picard","wall_ms":12.302084000,"device_sum_ms":9.387666592,"wall_minus_device_ms":2.914417408,"exclusive_wall_ms":12.302084000,"exclusive_device_sum_ms":9.387666592,"child_observer_wall_ms":0.000000000,"count_scope":"inclusive","owner_commits":0,"projection_invocations":1}
RISE_FIRE_OWNER_PROFILE_V1 {"scope":8,"parent":7,"phase":"Project","stage":0,"raw_iteration":0,"iteration_kind":"picard","wall_ms":13.175917000,"device_sum_ms":9.429291589,"wall_minus_device_ms":3.746625411,"exclusive_wall_ms":0.865208000,"exclusive_device_sum_ms":0.041624997,"child_observer_wall_ms":0.008625000,"count_scope":"inclusive","owner_commits":2,"projection_invocations":1}
RISE_FIRE_OWNER_PROFILE_V1 {"scope":10,"parent":7,"phase":"ReadOpenClass","stage":0,"raw_iteration":0,"iteration_kind":"picard","wall_ms":0.179041000,"device_sum_ms":0.002375105,"wall_minus_device_ms":0.176665895,"exclusive_wall_ms":0.179041000,"exclusive_device_sum_ms":0.002375105,"child_observer_wall_ms":0.000000000,"count_scope":"inclusive","owner_commits":1,"projection_invocations":0}
RISE_FIRE_OWNER_PROFILE_V1 {"scope":11,"parent":7,"phase":"ReadOpenClass","stage":0,"raw_iteration":0,"iteration_kind":"picard","wall_ms":0.154875000,"device_sum_ms":0.002375105,"wall_minus_device_ms":0.152499895,"exclusive_wall_ms":0.154875000,"exclusive_device_sum_ms":0.002375105,"child_observer_wall_ms":0.000000000,"count_scope":"inclusive","owner_commits":1,"projection_invocations":0}
PRODUCER_COMMAND_V1 stage=0 raw_iteration=0 cpu_begin=1990814171306166 cpu_end=1990814448863333 gpu_begin=1990814171306166 gpu_end=1990814448863333 device_ms=196.00762496702373 encoders=39 interval_scope=possibly_overlapping
PRODUCER_KERNEL_V1 stage=0 raw_iteration=0 ordinal=0 kernel=owner_pack_faces threads=1533387 begin_tick=1990814252866458 end_tick=1990814252917541 ms_per_tick=9.9999999999999995e-07 device_ms=0.051082999999999996
PRODUCER_KERNEL_V1 stage=0 raw_iteration=0 ordinal=1 kernel=owner_pack_faces threads=1533387 begin_tick=1990814252931291 end_tick=1990814252982083 ms_per_tick=9.9999999999999995e-07 device_ms=0.050791999999999997
PRODUCER_KERNEL_V1 stage=0 raw_iteration=0 ordinal=2 kernel=owner_pack_faces threads=1533387 begin_tick=1990814253055000 end_tick=1990814253160958 ms_per_tick=9.9999999999999995e-07 device_ms=0.105958
PRODUCER_KERNEL_V1 stage=0 raw_iteration=0 ordinal=3 kernel=fct_extract_gas_density threads=504666 begin_tick=1990814253060750 end_tick=1990814253112958 ms_per_tick=9.9999999999999995e-07 device_ms=0.052207999999999997
PRODUCER_KERNEL_V1 stage=0 raw_iteration=0 ordinal=4 kernel=owner_gas_source threads=504666 begin_tick=1990814253112958 end_tick=1990814253160750 ms_per_tick=9.9999999999999995e-07 device_ms=0.047792000000000001
PRODUCER_KERNEL_V1 stage=0 raw_iteration=0 ordinal=5 kernel=evaluate_resident_transport threads=504666 begin_tick=1990814253243583 end_tick=1990814253692708 ms_per_tick=9.9999999999999995e-07 device_ms=0.449125
PRODUCER_KERNEL_V1 stage=0 raw_iteration=0 ordinal=6 kernel=identify_resident_transport threads=1 begin_tick=1990814253693041 end_tick=1990814253696000 ms_per_tick=9.9999999999999995e-07 device_ms=0.0029589999999999998
PRODUCER_KERNEL_V1 stage=0 raw_iteration=0 ordinal=7 kernel=owner_bind_transport threads=1 begin_tick=1990814253696541 end_tick=1990814253700166 ms_per_tick=9.9999999999999995e-07 device_ms=0.0036249999999999998
PRODUCER_KERNEL_V1 stage=0 raw_iteration=0 ordinal=8 kernel=identify_resident_owner_endpoint_class threads=1 begin_tick=1990814253700583 end_tick=1990814253703625 ms_per_tick=9.9999999999999995e-07 device_ms=0.003042
PRODUCER_KERNEL_V1 stage=0 raw_iteration=0 ordinal=9 kernel=evaluate_resident_physical_flux threads=1533387 begin_tick=1990814254692000 end_tick=1990814255799416 ms_per_tick=9.9999999999999995e-07 device_ms=1.107416
PRODUCER_KERNEL_V1 stage=0 raw_iteration=0 ordinal=10 kernel=evaluate_resident_advective_pair threads=13800483 begin_tick=1990814256094208 end_tick=1990814263434208 ms_per_tick=9.9999999999999995e-07 device_ms=7.3399999999999999
PRODUCER_KERNEL_V1 stage=0 raw_iteration=0 ordinal=11 kernel=finalize_resident_advective_high threads=13800483 begin_tick=1990814263435083 end_tick=1990814263855791 ms_per_tick=9.9999999999999995e-07 device_ms=0.42070799999999997
PRODUCER_KERNEL_V1 stage=0 raw_iteration=0 ordinal=12 kernel=compose_resident_flux_pair threads=13800483 begin_tick=1990814263856166 end_tick=1990814264737708 ms_per_tick=9.9999999999999995e-07 device_ms=0.88154199999999994
PRODUCER_KERNEL_V1 stage=0 raw_iteration=0 ordinal=13 kernel=validate_resident_physical_flux threads=13800483 begin_tick=1990814264738250 end_tick=1990814265580083 ms_per_tick=9.9999999999999995e-07 device_ms=0.84183299999999994
PRODUCER_KERNEL_V1 stage=0 raw_iteration=0 ordinal=14 kernel=identify_resident_physical_flux threads=32 begin_tick=1990814265580583 end_tick=1990814265583875 ms_per_tick=9.9999999999999995e-07 device_ms=0.0032919999999999998
PRODUCER_KERNEL_V1 stage=0 raw_iteration=0 ordinal=15 kernel=fct_build_ratios threads=5551326 begin_tick=1990814265584416 end_tick=1990814269227208 ms_per_tick=9.9999999999999995e-07 device_ms=3.642792
PRODUCER_KERNEL_V1 stage=0 raw_iteration=0 ordinal=16 kernel=fct_build_face_alpha threads=1533387 begin_tick=1990814269227833 end_tick=1990814269492625 ms_per_tick=9.9999999999999995e-07 device_ms=0.26479199999999997
PRODUCER_KERNEL_V1 stage=0 raw_iteration=0 ordinal=17 kernel=fct_commit_scalar threads=504666 begin_tick=1990814269493041 end_tick=1990814269686500 ms_per_tick=9.9999999999999995e-07 device_ms=0.19345899999999999
PRODUCER_KERNEL_V1 stage=0 raw_iteration=0 ordinal=18 kernel=owner_bind_candidate threads=1 begin_tick=1990814269687250 end_tick=1990814269823333 ms_per_tick=9.9999999999999995e-07 device_ms=0.13608299999999998
PRODUCER_KERNEL_V1 stage=0 raw_iteration=0 ordinal=19 kernel=finalize_resident_eos_candidate threads=1 begin_tick=1990814269824000 end_tick=1990814269826750 ms_per_tick=9.9999999999999995e-07 device_ms=0.0027499999999999998
PRODUCER_KERNEL_V1 stage=0 raw_iteration=0 ordinal=20 kernel=build_eos_endpoint_table threads=14 begin_tick=1990814269827250 end_tick=1990814270118875 ms_per_tick=9.9999999999999995e-07 device_ms=0.29162499999999997
PRODUCER_KERNEL_V1 stage=0 raw_iteration=0 ordinal=21 kernel=evaluate_resident_eos_candidate threads=504666 begin_tick=1990814270119291 end_tick=1990814333717500 ms_per_tick=9.9999999999999995e-07 device_ms=63.598208999999997
PRODUCER_KERNEL_V1 stage=0 raw_iteration=0 ordinal=22 kernel=finalize_resident_eos_candidate threads=1 begin_tick=1990814333732875 end_tick=1990814333738416 ms_per_tick=9.9999999999999995e-07 device_ms=0.0055409999999999999
PRODUCER_KERNEL_V1 stage=0 raw_iteration=0 ordinal=23 kernel=identify_resident_eos threads=1 begin_tick=1990814333738708 end_tick=1990814333741458 ms_per_tick=9.9999999999999995e-07 device_ms=0.0027499999999999998
PRODUCER_KERNEL_V1 stage=0 raw_iteration=0 ordinal=24 kernel=produce_resident_frozen_source threads=504666 begin_tick=1990814333741833 end_tick=1990814333774541 ms_per_tick=9.9999999999999995e-07 device_ms=0.032708000000000001
PRODUCER_KERNEL_V1 stage=0 raw_iteration=0 ordinal=25 kernel=identify_resident_frozen_source threads=1 begin_tick=1990814333774958 end_tick=1990814333778041 ms_per_tick=9.9999999999999995e-07 device_ms=0.0030829999999999998
PRODUCER_KERNEL_V1 stage=0 raw_iteration=0 ordinal=26 kernel=evaluate_resident_target_terms threads=504666 begin_tick=1990814333778416 end_tick=1990814448051333 ms_per_tick=9.9999999999999995e-07 device_ms=114.27291699999999
PRODUCER_KERNEL_V1 stage=0 raw_iteration=0 ordinal=27 kernel=finalize_resident_target threads=1 begin_tick=1990814448065458 end_tick=1990814448068416 ms_per_tick=9.9999999999999995e-07 device_ms=0.0029579999999999997
PRODUCER_KERNEL_V1 stage=0 raw_iteration=0 ordinal=28 kernel=identify_resident_target threads=1 begin_tick=1990814448068708 end_tick=1990814448072000 ms_per_tick=9.9999999999999995e-07 device_ms=0.0032919999999999998
PRODUCER_KERNEL_V1 stage=0 raw_iteration=0 ordinal=29 kernel=issue_resident_projection_consumer threads=1 begin_tick=1990814448072416 end_tick=1990814448076458 ms_per_tick=9.9999999999999995e-07 device_ms=0.0040419999999999996
PRODUCER_KERNEL_V1 stage=0 raw_iteration=0 ordinal=30 kernel=consume_resident_target threads=1 begin_tick=1990814448076875 end_tick=1990814448081208 ms_per_tick=9.9999999999999995e-07 device_ms=0.004333
PRODUCER_KERNEL_V1 stage=0 raw_iteration=0 ordinal=31 kernel=owner_compose_target threads=504666 begin_tick=1990814448081625 end_tick=1990814448161041 ms_per_tick=9.9999999999999995e-07 device_ms=0.079416
PRODUCER_KERNEL_V1 stage=0 raw_iteration=0 ordinal=32 kernel=finalize_resident_target threads=1 begin_tick=1990814448161333 end_tick=1990814448163833 ms_per_tick=9.9999999999999995e-07 device_ms=0.0025000000000000001
PRODUCER_KERNEL_V1 stage=0 raw_iteration=0 ordinal=33 kernel=owner_identify_target threads=1 begin_tick=1990814448164250 end_tick=1990814448167166 ms_per_tick=9.9999999999999995e-07 device_ms=0.0029159999999999998
PRODUCER_KERNEL_V1 stage=0 raw_iteration=0 ordinal=34 kernel=issue_resident_projection_consumer threads=1 begin_tick=1990814448167583 end_tick=1990814448170583 ms_per_tick=9.9999999999999995e-07 device_ms=0.0030000000000000001
PRODUCER_KERNEL_V1 stage=0 raw_iteration=0 ordinal=35 kernel=consume_resident_target threads=1 begin_tick=1990814448170958 end_tick=1990814448177000 ms_per_tick=9.9999999999999995e-07 device_ms=0.0060419999999999996
PRODUCER_KERNEL_V1 stage=0 raw_iteration=0 ordinal=36 kernel=owner_issue_stage_seal threads=1 begin_tick=1990814448177416 end_tick=1990814448180458 ms_per_tick=9.9999999999999995e-07 device_ms=0.003042
PRODUCER_KERNEL_V1 stage=0 raw_iteration=0 ordinal=37 kernel=fct_compatible_stage_rate threads=1533387 begin_tick=1990814448180833 end_tick=1990814448688083 ms_per_tick=9.9999999999999995e-07 device_ms=0.50724999999999998
PRODUCER_KERNEL_V1 stage=0 raw_iteration=0 ordinal=38 kernel=owner_predict_momentum threads=1533387 begin_tick=1990814448688666 end_tick=1990814448738458 ms_per_tick=9.9999999999999995e-07 device_ms=0.049791999999999996
RISE_FIRE_OWNER_PROFILE_V1 {"scope":12,"parent":7,"phase":"BuildStageProducerGroup","stage":0,"raw_iteration":0,"iteration_kind":"picard","wall_ms":277.727708000,"device_sum_ms":196.007624967,"wall_minus_device_ms":81.720083033,"exclusive_wall_ms":277.727708000,"exclusive_device_sum_ms":196.007624967,"child_observer_wall_ms":0.000000000,"count_scope":"inclusive","owner_commits":1,"projection_invocations":0}
RISE_FIRE_OWNER_PROFILE_V1 {"scope":13,"parent":7,"phase":"Residual","stage":0,"raw_iteration":0,"iteration_kind":"picard","wall_ms":0.208333000,"device_sum_ms":0.021375017,"wall_minus_device_ms":0.186957983,"exclusive_wall_ms":0.208333000,"exclusive_device_sum_ms":0.021375017,"child_observer_wall_ms":0.000000000,"count_scope":"inclusive","owner_commits":1,"projection_invocations":0}
RISE_FIRE_OWNER_PROFILE_V1 {"scope":7,"parent":3,"phase":"PicardIteration","stage":0,"raw_iteration":0,"iteration_kind":"picard","wall_ms":291.857041000,"device_sum_ms":205.463041784,"wall_minus_device_ms":86.393999216,"exclusive_wall_ms":0.368209000,"exclusive_device_sum_ms":0.000000000,"child_observer_wall_ms":0.042958000,"count_scope":"inclusive","owner_commits":6,"projection_invocations":1}
RISE_FIRE_OWNER_PROFILE_V1 {"scope":16,"parent":15,"phase":"ProjectionAdapter","stage":0,"raw_iteration":1,"iteration_kind":"picard","wall_ms":11.731417000,"device_sum_ms":8.910958190,"wall_minus_device_ms":2.820458810,"exclusive_wall_ms":11.731417000,"exclusive_device_sum_ms":8.910958190,"child_observer_wall_ms":0.000000000,"count_scope":"inclusive","owner_commits":0,"projection_invocations":1}
RISE_FIRE_OWNER_PROFILE_V1 {"scope":15,"parent":14,"phase":"Project","stage":0,"raw_iteration":1,"iteration_kind":"picard","wall_ms":12.915125000,"device_sum_ms":8.956291247,"wall_minus_device_ms":3.958833753,"exclusive_wall_ms":1.176583000,"exclusive_device_sum_ms":0.045333058,"child_observer_wall_ms":0.007125000,"count_scope":"inclusive","owner_commits":2,"projection_invocations":1}
RISE_FIRE_OWNER_PROFILE_V1 {"scope":17,"parent":14,"phase":"ReadOpenClass","stage":0,"raw_iteration":1,"iteration_kind":"picard","wall_ms":0.164959000,"device_sum_ms":0.002458226,"wall_minus_device_ms":0.162500774,"exclusive_wall_ms":0.164959000,"exclusive_device_sum_ms":0.002458226,"child_observer_wall_ms":0.000000000,"count_scope":"inclusive","owner_commits":1,"projection_invocations":0}
RISE_FIRE_OWNER_PROFILE_V1 {"scope":18,"parent":14,"phase":"ReadOpenClass","stage":0,"raw_iteration":1,"iteration_kind":"picard","wall_ms":0.160958000,"device_sum_ms":0.002624933,"wall_minus_device_ms":0.158333067,"exclusive_wall_ms":0.160958000,"exclusive_device_sum_ms":0.002624933,"child_observer_wall_ms":0.000000000,"count_scope":"inclusive","owner_commits":1,"projection_invocations":0}
PRODUCER_COMMAND_V1 stage=0 raw_iteration=1 cpu_begin=1990814462880125 cpu_end=1990814740968333 gpu_begin=1990814462880125 gpu_end=1990814740968333 device_ms=197.04025005921721 encoders=39 interval_scope=possibly_overlapping
PRODUCER_KERNEL_V1 stage=0 raw_iteration=1 ordinal=0 kernel=owner_pack_faces threads=1533387 begin_tick=1990814543823541 end_tick=1990814543884416 ms_per_tick=9.9999999999999995e-07 device_ms=0.060874999999999999
PRODUCER_KERNEL_V1 stage=0 raw_iteration=1 ordinal=1 kernel=owner_pack_faces threads=1533387 begin_tick=1990814543884250 end_tick=1990814544212333 ms_per_tick=9.9999999999999995e-07 device_ms=0.32808299999999996
PRODUCER_KERNEL_V1 stage=0 raw_iteration=1 ordinal=2 kernel=owner_pack_faces threads=1533387 begin_tick=1990814543821625 end_tick=1990814543884250 ms_per_tick=9.9999999999999995e-07 device_ms=0.062625
PRODUCER_KERNEL_V1 stage=0 raw_iteration=1 ordinal=3 kernel=fct_extract_gas_density threads=504666 begin_tick=1990814543884875 end_tick=1990814543934250 ms_per_tick=9.9999999999999995e-07 device_ms=0.049374999999999995
PRODUCER_KERNEL_V1 stage=0 raw_iteration=1 ordinal=4 kernel=owner_gas_source threads=504666 begin_tick=1990814544212666 end_tick=1990814544384583 ms_per_tick=9.9999999999999995e-07 device_ms=0.17191699999999999
PRODUCER_KERNEL_V1 stage=0 raw_iteration=1 ordinal=5 kernel=evaluate_resident_transport threads=504666 begin_tick=1990814543934250 end_tick=1990814544397875 ms_per_tick=9.9999999999999995e-07 device_ms=0.46362499999999995
PRODUCER_KERNEL_V1 stage=0 raw_iteration=1 ordinal=6 kernel=identify_resident_transport threads=1 begin_tick=1990814544398333 end_tick=1990814544401166 ms_per_tick=9.9999999999999995e-07 device_ms=0.002833
PRODUCER_KERNEL_V1 stage=0 raw_iteration=1 ordinal=7 kernel=owner_bind_transport threads=1 begin_tick=1990814544401708 end_tick=1990814544405416 ms_per_tick=9.9999999999999995e-07 device_ms=0.0037079999999999999
PRODUCER_KERNEL_V1 stage=0 raw_iteration=1 ordinal=8 kernel=identify_resident_owner_endpoint_class threads=1 begin_tick=1990814544405791 end_tick=1990814544408875 ms_per_tick=9.9999999999999995e-07 device_ms=0.0030839999999999999
PRODUCER_KERNEL_V1 stage=0 raw_iteration=1 ordinal=9 kernel=evaluate_resident_physical_flux threads=1533387 begin_tick=1990814545364916 end_tick=1990814546483625 ms_per_tick=9.9999999999999995e-07 device_ms=1.118709
PRODUCER_KERNEL_V1 stage=0 raw_iteration=1 ordinal=10 kernel=evaluate_resident_advective_pair threads=13800483 begin_tick=1990814546748583 end_tick=1990814554051416 ms_per_tick=9.9999999999999995e-07 device_ms=7.3028329999999997
PRODUCER_KERNEL_V1 stage=0 raw_iteration=1 ordinal=11 kernel=finalize_resident_advective_high threads=13800483 begin_tick=1990814554052166 end_tick=1990814554470750 ms_per_tick=9.9999999999999995e-07 device_ms=0.41858399999999996
PRODUCER_KERNEL_V1 stage=0 raw_iteration=1 ordinal=12 kernel=compose_resident_flux_pair threads=13800483 begin_tick=1990814554471125 end_tick=1990814555359833 ms_per_tick=9.9999999999999995e-07 device_ms=0.88870799999999994
PRODUCER_KERNEL_V1 stage=0 raw_iteration=1 ordinal=13 kernel=validate_resident_physical_flux threads=13800483 begin_tick=1990814555360500 end_tick=1990814556341250 ms_per_tick=9.9999999999999995e-07 device_ms=0.98075000000000001
PRODUCER_KERNEL_V1 stage=0 raw_iteration=1 ordinal=14 kernel=identify_resident_physical_flux threads=32 begin_tick=1990814556341750 end_tick=1990814556345125 ms_per_tick=9.9999999999999995e-07 device_ms=0.003375
PRODUCER_KERNEL_V1 stage=0 raw_iteration=1 ordinal=15 kernel=fct_build_ratios threads=5551326 begin_tick=1990814556345708 end_tick=1990814560110666 ms_per_tick=9.9999999999999995e-07 device_ms=3.764958
PRODUCER_KERNEL_V1 stage=0 raw_iteration=1 ordinal=16 kernel=fct_build_face_alpha threads=1533387 begin_tick=1990814560126291 end_tick=1990814560387291 ms_per_tick=9.9999999999999995e-07 device_ms=0.26100000000000001
PRODUCER_KERNEL_V1 stage=0 raw_iteration=1 ordinal=17 kernel=fct_commit_scalar threads=504666 begin_tick=1990814560387666 end_tick=1990814560588375 ms_per_tick=9.9999999999999995e-07 device_ms=0.200709
PRODUCER_KERNEL_V1 stage=0 raw_iteration=1 ordinal=18 kernel=owner_bind_candidate threads=1 begin_tick=1990814560588958 end_tick=1990814560592708 ms_per_tick=9.9999999999999995e-07 device_ms=0.0037499999999999999
PRODUCER_KERNEL_V1 stage=0 raw_iteration=1 ordinal=19 kernel=finalize_resident_eos_candidate threads=1 begin_tick=1990814560593250 end_tick=1990814560595916 ms_per_tick=9.9999999999999995e-07 device_ms=0.002666
PRODUCER_KERNEL_V1 stage=0 raw_iteration=1 ordinal=20 kernel=build_eos_endpoint_table threads=14 begin_tick=1990814560597125 end_tick=1990814560888458 ms_per_tick=9.9999999999999995e-07 device_ms=0.29133300000000001
PRODUCER_KERNEL_V1 stage=0 raw_iteration=1 ordinal=21 kernel=evaluate_resident_eos_candidate threads=504666 begin_tick=1990814560888875 end_tick=1990814626204166 ms_per_tick=9.9999999999999995e-07 device_ms=65.315291000000002
PRODUCER_KERNEL_V1 stage=0 raw_iteration=1 ordinal=22 kernel=finalize_resident_eos_candidate threads=1 begin_tick=1990814626220916 end_tick=1990814626223875 ms_per_tick=9.9999999999999995e-07 device_ms=0.0029589999999999998
PRODUCER_KERNEL_V1 stage=0 raw_iteration=1 ordinal=23 kernel=identify_resident_eos threads=1 begin_tick=1990814626224166 end_tick=1990814626227166 ms_per_tick=9.9999999999999995e-07 device_ms=0.0030000000000000001
PRODUCER_KERNEL_V1 stage=0 raw_iteration=1 ordinal=24 kernel=produce_resident_frozen_source threads=504666 begin_tick=1990814626227500 end_tick=1990814626260041 ms_per_tick=9.9999999999999995e-07 device_ms=0.032541
PRODUCER_KERNEL_V1 stage=0 raw_iteration=1 ordinal=25 kernel=identify_resident_frozen_source threads=1 begin_tick=1990814626260458 end_tick=1990814626266375 ms_per_tick=9.9999999999999995e-07 device_ms=0.0059169999999999995
PRODUCER_KERNEL_V1 stage=0 raw_iteration=1 ordinal=26 kernel=evaluate_resident_target_terms threads=504666 begin_tick=1990814626266750 end_tick=1990814740158208 ms_per_tick=9.9999999999999995e-07 device_ms=113.891458
PRODUCER_KERNEL_V1 stage=0 raw_iteration=1 ordinal=27 kernel=finalize_resident_target threads=1 begin_tick=1990814740174041 end_tick=1990814740177083 ms_per_tick=9.9999999999999995e-07 device_ms=0.003042
PRODUCER_KERNEL_V1 stage=0 raw_iteration=1 ordinal=28 kernel=identify_resident_target threads=1 begin_tick=1990814740177500 end_tick=1990814740180916 ms_per_tick=9.9999999999999995e-07 device_ms=0.0034159999999999998
PRODUCER_KERNEL_V1 stage=0 raw_iteration=1 ordinal=29 kernel=issue_resident_projection_consumer threads=1 begin_tick=1990814740181333 end_tick=1990814740185500 ms_per_tick=9.9999999999999995e-07 device_ms=0.0041669999999999997
PRODUCER_KERNEL_V1 stage=0 raw_iteration=1 ordinal=30 kernel=consume_resident_target threads=1 begin_tick=1990814740185791 end_tick=1990814740190166 ms_per_tick=9.9999999999999995e-07 device_ms=0.0043749999999999995
PRODUCER_KERNEL_V1 stage=0 raw_iteration=1 ordinal=31 kernel=owner_compose_target threads=504666 begin_tick=1990814740190583 end_tick=1990814740270083 ms_per_tick=9.9999999999999995e-07 device_ms=0.079500000000000001
PRODUCER_KERNEL_V1 stage=0 raw_iteration=1 ordinal=32 kernel=finalize_resident_target threads=1 begin_tick=1990814740270375 end_tick=1990814740273000 ms_per_tick=9.9999999999999995e-07 device_ms=0.0026249999999999997
PRODUCER_KERNEL_V1 stage=0 raw_iteration=1 ordinal=33 kernel=owner_identify_target threads=1 begin_tick=1990814740273416 end_tick=1990814740276250 ms_per_tick=9.9999999999999995e-07 device_ms=0.0028339999999999997
PRODUCER_KERNEL_V1 stage=0 raw_iteration=1 ordinal=34 kernel=issue_resident_projection_consumer threads=1 begin_tick=1990814740276583 end_tick=1990814740283250 ms_per_tick=9.9999999999999995e-07 device_ms=0.0066669999999999993
PRODUCER_KERNEL_V1 stage=0 raw_iteration=1 ordinal=35 kernel=consume_resident_target threads=1 begin_tick=1990814740283583 end_tick=1990814740286625 ms_per_tick=9.9999999999999995e-07 device_ms=0.003042
PRODUCER_KERNEL_V1 stage=0 raw_iteration=1 ordinal=36 kernel=owner_issue_stage_seal threads=1 begin_tick=1990814740287000 end_tick=1990814740290416 ms_per_tick=9.9999999999999995e-07 device_ms=0.0034159999999999998
PRODUCER_KERNEL_V1 stage=0 raw_iteration=1 ordinal=37 kernel=fct_compatible_stage_rate threads=1533387 begin_tick=1990814740290791 end_tick=1990814740805458 ms_per_tick=9.9999999999999995e-07 device_ms=0.51466699999999999
PRODUCER_KERNEL_V1 stage=0 raw_iteration=1 ordinal=38 kernel=owner_predict_momentum threads=1533387 begin_tick=1990814740806208 end_tick=1990814740856125 ms_per_tick=9.9999999999999995e-07 device_ms=0.049916999999999996
RISE_FIRE_OWNER_PROFILE_V1 {"scope":19,"parent":14,"phase":"BuildStageProducerGroup","stage":0,"raw_iteration":1,"iteration_kind":"picard","wall_ms":278.245917000,"device_sum_ms":197.040250059,"wall_minus_device_ms":81.205666941,"exclusive_wall_ms":278.245917000,"exclusive_device_sum_ms":197.040250059,"child_observer_wall_ms":0.000000000,"count_scope":"inclusive","owner_commits":1,"projection_invocations":0}
RISE_FIRE_OWNER_PROFILE_V1 {"scope":20,"parent":14,"phase":"Residual","stage":0,"raw_iteration":1,"iteration_kind":"picard","wall_ms":0.315917000,"device_sum_ms":0.111333327,"wall_minus_device_ms":0.204583673,"exclusive_wall_ms":0.315917000,"exclusive_device_sum_ms":0.111333327,"child_observer_wall_ms":0.000000000,"count_scope":"inclusive","owner_commits":1,"projection_invocations":0}
RISE_FIRE_OWNER_PROFILE_V1 {"scope":23,"parent":22,"phase":"ProjectionAdapter","stage":0,"raw_iteration":2147483649,"iteration_kind":"terminal","wall_ms":12.247459000,"device_sum_ms":9.406333091,"wall_minus_device_ms":2.841125909,"exclusive_wall_ms":12.247459000,"exclusive_device_sum_ms":9.406333091,"child_observer_wall_ms":0.000000000,"count_scope":"inclusive","owner_commits":0,"projection_invocations":1}
RISE_FIRE_OWNER_PROFILE_V1 {"scope":22,"parent":21,"phase":"Project","stage":0,"raw_iteration":2147483649,"iteration_kind":"terminal","wall_ms":12.826459000,"device_sum_ms":9.444749448,"wall_minus_device_ms":3.381709552,"exclusive_wall_ms":0.573625000,"exclusive_device_sum_ms":0.038416358,"child_observer_wall_ms":0.005375000,"count_scope":"inclusive","owner_commits":2,"projection_invocations":1}
RISE_FIRE_OWNER_PROFILE_V1 {"scope":24,"parent":21,"phase":"ReadOpenClass","stage":0,"raw_iteration":2147483649,"iteration_kind":"terminal","wall_ms":0.158125000,"device_sum_ms":0.002416782,"wall_minus_device_ms":0.155708218,"exclusive_wall_ms":0.158125000,"exclusive_device_sum_ms":0.002416782,"child_observer_wall_ms":0.000000000,"count_scope":"inclusive","owner_commits":1,"projection_invocations":0}
RISE_FIRE_OWNER_PROFILE_V1 {"scope":25,"parent":21,"phase":"ReadOpenClass","stage":0,"raw_iteration":2147483649,"iteration_kind":"terminal","wall_ms":0.153666000,"device_sum_ms":0.002375105,"wall_minus_device_ms":0.151290895,"exclusive_wall_ms":0.153666000,"exclusive_device_sum_ms":0.002375105,"child_observer_wall_ms":0.000000000,"count_scope":"inclusive","owner_commits":1,"projection_invocations":0}
PRODUCER_COMMAND_V1 stage=0 raw_iteration=2147483649 cpu_begin=1990814754610750 cpu_end=1990815032897833 gpu_begin=1990814754610750 gpu_end=1990815032897833 device_ms=197.33624998480082 encoders=39 interval_scope=possibly_overlapping
PRODUCER_KERNEL_V1 stage=0 raw_iteration=2147483649 ordinal=0 kernel=owner_pack_faces threads=1533387 begin_tick=1990814835450250 end_tick=1990814835558458 ms_per_tick=9.9999999999999995e-07 device_ms=0.108208
PRODUCER_KERNEL_V1 stage=0 raw_iteration=2147483649 ordinal=1 kernel=owner_pack_faces threads=1533387 begin_tick=1990814835506458 end_tick=1990814835558750 ms_per_tick=9.9999999999999995e-07 device_ms=0.052291999999999998
PRODUCER_KERNEL_V1 stage=0 raw_iteration=2147483649 ordinal=2 kernel=owner_pack_faces threads=1533387 begin_tick=1990814835558458 end_tick=1990814835656541 ms_per_tick=9.9999999999999995e-07 device_ms=0.09808299999999999
PRODUCER_KERNEL_V1 stage=0 raw_iteration=2147483649 ordinal=3 kernel=fct_extract_gas_density threads=504666 begin_tick=1990814835558958 end_tick=1990814835608458 ms_per_tick=9.9999999999999995e-07 device_ms=0.049499999999999995
PRODUCER_KERNEL_V1 stage=0 raw_iteration=2147483649 ordinal=4 kernel=owner_gas_source threads=504666 begin_tick=1990814835608458 end_tick=1990814835656708 ms_per_tick=9.9999999999999995e-07 device_ms=0.048250000000000001
PRODUCER_KERNEL_V1 stage=0 raw_iteration=2147483649 ordinal=5 kernel=evaluate_resident_transport threads=504666 begin_tick=1990814835656958 end_tick=1990814836119125 ms_per_tick=9.9999999999999995e-07 device_ms=0.46216699999999999
PRODUCER_KERNEL_V1 stage=0 raw_iteration=2147483649 ordinal=6 kernel=identify_resident_transport threads=1 begin_tick=1990814836119458 end_tick=1990814836122625 ms_per_tick=9.9999999999999995e-07 device_ms=0.0031669999999999997
PRODUCER_KERNEL_V1 stage=0 raw_iteration=2147483649 ordinal=7 kernel=owner_bind_transport threads=1 begin_tick=1990814836123166 end_tick=1990814836127000 ms_per_tick=9.9999999999999995e-07 device_ms=0.0038339999999999997
PRODUCER_KERNEL_V1 stage=0 raw_iteration=2147483649 ordinal=8 kernel=identify_resident_owner_endpoint_class threads=1 begin_tick=1990814836127416 end_tick=1990814836130583 ms_per_tick=9.9999999999999995e-07 device_ms=0.0031669999999999997
PRODUCER_KERNEL_V1 stage=0 raw_iteration=2147483649 ordinal=9 kernel=evaluate_resident_physical_flux threads=1533387 begin_tick=1990814836958958 end_tick=1990814838080833 ms_per_tick=9.9999999999999995e-07 device_ms=1.121875
PRODUCER_KERNEL_V1 stage=0 raw_iteration=2147483649 ordinal=10 kernel=evaluate_resident_advective_pair threads=13800483 begin_tick=1990814838388208 end_tick=1990814845523625 ms_per_tick=9.9999999999999995e-07 device_ms=7.1354169999999995
PRODUCER_KERNEL_V1 stage=0 raw_iteration=2147483649 ordinal=11 kernel=finalize_resident_advective_high threads=13800483 begin_tick=1990814845524291 end_tick=1990814845946166 ms_per_tick=9.9999999999999995e-07 device_ms=0.421875
PRODUCER_KERNEL_V1 stage=0 raw_iteration=2147483649 ordinal=12 kernel=compose_resident_flux_pair threads=13800483 begin_tick=1990814845946541 end_tick=1990814846838666 ms_per_tick=9.9999999999999995e-07 device_ms=0.89212499999999995
PRODUCER_KERNEL_V1 stage=0 raw_iteration=2147483649 ordinal=13 kernel=validate_resident_physical_flux threads=13800483 begin_tick=1990814846839166 end_tick=1990814847840041 ms_per_tick=9.9999999999999995e-07 device_ms=1.000875
PRODUCER_KERNEL_V1 stage=0 raw_iteration=2147483649 ordinal=14 kernel=identify_resident_physical_flux threads=32 begin_tick=1990814847840708 end_tick=1990814847844208 ms_per_tick=9.9999999999999995e-07 device_ms=0.0034999999999999996
PRODUCER_KERNEL_V1 stage=0 raw_iteration=2147483649 ordinal=15 kernel=fct_build_ratios threads=5551326 begin_tick=1990814847844791 end_tick=1990814851453750 ms_per_tick=9.9999999999999995e-07 device_ms=3.608959
PRODUCER_KERNEL_V1 stage=0 raw_iteration=2147483649 ordinal=16 kernel=fct_build_face_alpha threads=1533387 begin_tick=1990814851454458 end_tick=1990814851715958 ms_per_tick=9.9999999999999995e-07 device_ms=0.26150000000000001
PRODUCER_KERNEL_V1 stage=0 raw_iteration=2147483649 ordinal=17 kernel=fct_commit_scalar threads=504666 begin_tick=1990814851716375 end_tick=1990814851906458 ms_per_tick=9.9999999999999995e-07 device_ms=0.190083
PRODUCER_KERNEL_V1 stage=0 raw_iteration=2147483649 ordinal=18 kernel=owner_bind_candidate threads=1 begin_tick=1990814851907000 end_tick=1990814851910958 ms_per_tick=9.9999999999999995e-07 device_ms=0.0039579999999999997
PRODUCER_KERNEL_V1 stage=0 raw_iteration=2147483649 ordinal=19 kernel=finalize_resident_eos_candidate threads=1 begin_tick=1990814851911458 end_tick=1990814851914083 ms_per_tick=9.9999999999999995e-07 device_ms=0.0026249999999999997
PRODUCER_KERNEL_V1 stage=0 raw_iteration=2147483649 ordinal=20 kernel=build_eos_endpoint_table threads=14 begin_tick=1990814851914541 end_tick=1990814852207875 ms_per_tick=9.9999999999999995e-07 device_ms=0.29333399999999998
PRODUCER_KERNEL_V1 stage=0 raw_iteration=2147483649 ordinal=21 kernel=evaluate_resident_eos_candidate threads=504666 begin_tick=1990814852208291 end_tick=1990814916955041 ms_per_tick=9.9999999999999995e-07 device_ms=64.746749999999992
PRODUCER_KERNEL_V1 stage=0 raw_iteration=2147483649 ordinal=22 kernel=finalize_resident_eos_candidate threads=1 begin_tick=1990814916971041 end_tick=1990814916973916 ms_per_tick=9.9999999999999995e-07 device_ms=0.002875
PRODUCER_KERNEL_V1 stage=0 raw_iteration=2147483649 ordinal=23 kernel=identify_resident_eos threads=1 begin_tick=1990814916974208 end_tick=1990814916976750 ms_per_tick=9.9999999999999995e-07 device_ms=0.002542
PRODUCER_KERNEL_V1 stage=0 raw_iteration=2147483649 ordinal=24 kernel=produce_resident_frozen_source threads=504666 begin_tick=1990814916977041 end_tick=1990814917007500 ms_per_tick=9.9999999999999995e-07 device_ms=0.030459
PRODUCER_KERNEL_V1 stage=0 raw_iteration=2147483649 ordinal=25 kernel=identify_resident_frozen_source threads=1 begin_tick=1990814917007916 end_tick=1990814917010916 ms_per_tick=9.9999999999999995e-07 device_ms=0.0030000000000000001
PRODUCER_KERNEL_V1 stage=0 raw_iteration=2147483649 ordinal=26 kernel=evaluate_resident_target_terms threads=504666 begin_tick=1990814917011250 end_tick=1990815032095541 ms_per_tick=9.9999999999999995e-07 device_ms=115.08429099999999
PRODUCER_KERNEL_V1 stage=0 raw_iteration=2147483649 ordinal=27 kernel=finalize_resident_target threads=1 begin_tick=1990815032111208 end_tick=1990815032114375 ms_per_tick=9.9999999999999995e-07 device_ms=0.0031669999999999997
PRODUCER_KERNEL_V1 stage=0 raw_iteration=2147483649 ordinal=28 kernel=identify_resident_target threads=1 begin_tick=1990815032114708 end_tick=1990815032117791 ms_per_tick=9.9999999999999995e-07 device_ms=0.0030829999999999998
PRODUCER_KERNEL_V1 stage=0 raw_iteration=2147483649 ordinal=29 kernel=issue_resident_projection_consumer threads=1 begin_tick=1990815032118166 end_tick=1990815032122208 ms_per_tick=9.9999999999999995e-07 device_ms=0.0040419999999999996
PRODUCER_KERNEL_V1 stage=0 raw_iteration=2147483649 ordinal=30 kernel=consume_resident_target threads=1 begin_tick=1990815032122625 end_tick=1990815032126958 ms_per_tick=9.9999999999999995e-07 device_ms=0.004333
PRODUCER_KERNEL_V1 stage=0 raw_iteration=2147483649 ordinal=31 kernel=owner_compose_target threads=504666 begin_tick=1990815032127333 end_tick=1990815032206666 ms_per_tick=9.9999999999999995e-07 device_ms=0.079333000000000001
PRODUCER_KERNEL_V1 stage=0 raw_iteration=2147483649 ordinal=32 kernel=finalize_resident_target threads=1 begin_tick=1990815032206958 end_tick=1990815032209791 ms_per_tick=9.9999999999999995e-07 device_ms=0.002833
PRODUCER_KERNEL_V1 stage=0 raw_iteration=2147483649 ordinal=33 kernel=owner_identify_target threads=1 begin_tick=1990815032210166 end_tick=1990815032212916 ms_per_tick=9.9999999999999995e-07 device_ms=0.0027499999999999998
PRODUCER_KERNEL_V1 stage=0 raw_iteration=2147483649 ordinal=34 kernel=issue_resident_projection_consumer threads=1 begin_tick=1990815032213333 end_tick=1990815032216291 ms_per_tick=9.9999999999999995e-07 device_ms=0.0029579999999999997
PRODUCER_KERNEL_V1 stage=0 raw_iteration=2147483649 ordinal=35 kernel=consume_resident_target threads=1 begin_tick=1990815032216666 end_tick=1990815032219791 ms_per_tick=9.9999999999999995e-07 device_ms=0.0031249999999999997
PRODUCER_KERNEL_V1 stage=0 raw_iteration=2147483649 ordinal=36 kernel=owner_issue_stage_seal threads=1 begin_tick=1990815032220208 end_tick=1990815032223250 ms_per_tick=9.9999999999999995e-07 device_ms=0.003042
PRODUCER_KERNEL_V1 stage=0 raw_iteration=2147483649 ordinal=37 kernel=fct_compatible_stage_rate threads=1533387 begin_tick=1990815032223666 end_tick=1990815032726750 ms_per_tick=9.9999999999999995e-07 device_ms=0.50308399999999998
PRODUCER_KERNEL_V1 stage=0 raw_iteration=2147483649 ordinal=38 kernel=owner_predict_momentum threads=1533387 begin_tick=1990815032727458 end_tick=1990815032776958 ms_per_tick=9.9999999999999995e-07 device_ms=0.049499999999999995
RISE_FIRE_OWNER_PROFILE_V1 {"scope":26,"parent":21,"phase":"BuildStageProducerGroup","stage":0,"raw_iteration":2147483649,"iteration_kind":"terminal","wall_ms":278.445500000,"device_sum_ms":197.336249985,"wall_minus_device_ms":81.109250015,"exclusive_wall_ms":278.445500000,"exclusive_device_sum_ms":197.336249985,"child_observer_wall_ms":0.000000000,"count_scope":"inclusive","owner_commits":1,"projection_invocations":0}
RISE_FIRE_OWNER_PROFILE_V1 {"scope":27,"parent":21,"phase":"AlphaResidual","stage":0,"raw_iteration":2147483649,"iteration_kind":"terminal","wall_ms":0.234792000,"device_sum_ms":0.053249998,"wall_minus_device_ms":0.181542002,"exclusive_wall_ms":0.234792000,"exclusive_device_sum_ms":0.053249998,"child_observer_wall_ms":0.000000000,"count_scope":"inclusive","owner_commits":1,"projection_invocations":0}
RISE_FIRE_OWNER_PROFILE_V1 {"scope":28,"parent":21,"phase":"Residual","stage":0,"raw_iteration":2147483649,"iteration_kind":"terminal","wall_ms":0.297167000,"device_sum_ms":0.112874899,"wall_minus_device_ms":0.184292101,"exclusive_wall_ms":0.297167000,"exclusive_device_sum_ms":0.112874899,"child_observer_wall_ms":0.000000000,"count_scope":"inclusive","owner_commits":1,"projection_invocations":0}
RISE_FIRE_OWNER_PROFILE_V1 {"scope":21,"parent":14,"phase":"TerminalVerification","stage":0,"raw_iteration":2147483649,"iteration_kind":"terminal","wall_ms":292.152584000,"device_sum_ms":206.951916218,"wall_minus_device_ms":85.200667782,"exclusive_wall_ms":0.004250000,"exclusive_device_sum_ms":0.000000000,"child_observer_wall_ms":0.032625000,"count_scope":"inclusive","owner_commits":7,"projection_invocations":1}
RISE_FIRE_OWNER_PROFILE_V1 {"scope":14,"parent":3,"phase":"PicardIteration","stage":0,"raw_iteration":1,"iteration_kind":"picard","wall_ms":584.374917000,"device_sum_ms":413.064874010,"wall_minus_device_ms":171.310042990,"exclusive_wall_ms":0.384583000,"exclusive_device_sum_ms":0.000000000,"child_observer_wall_ms":0.034874000,"count_scope":"inclusive","owner_commits":13,"projection_invocations":2}
RISE_FIRE_OWNER_PROFILE_V1 {"scope":3,"parent":1,"phase":"SolveStage","stage":0,"raw_iteration":4294967295,"iteration_kind":"bootstrap","wall_ms":1180.848125000,"device_sum_ms":831.352582900,"wall_minus_device_ms":349.495542100,"exclusive_wall_ms":1.592916000,"exclusive_device_sum_ms":0.000000000,"child_observer_wall_ms":0.046710000,"count_scope":"inclusive","owner_commits":22,"projection_invocations":4}
RISE_FIRE_OWNER_PROFILE_V1 {"scope":31,"parent":30,"phase":"ProjectionAdapter","stage":1,"raw_iteration":4294967295,"iteration_kind":"bootstrap","wall_ms":11.523917000,"device_sum_ms":8.760042023,"wall_minus_device_ms":2.763874977,"exclusive_wall_ms":11.523917000,"exclusive_device_sum_ms":8.760042023,"child_observer_wall_ms":0.000000000,"count_scope":"inclusive","owner_commits":0,"projection_invocations":1}
RISE_FIRE_OWNER_PROFILE_V1 {"scope":30,"parent":29,"phase":"Project","stage":1,"raw_iteration":4294967295,"iteration_kind":"bootstrap","wall_ms":12.053792000,"device_sum_ms":8.801833726,"wall_minus_device_ms":3.251958274,"exclusive_wall_ms":0.523458000,"exclusive_device_sum_ms":0.041791704,"child_observer_wall_ms":0.006417000,"count_scope":"inclusive","owner_commits":2,"projection_invocations":1}
PRODUCER_COMMAND_V1 stage=1 raw_iteration=4294967295 cpu_begin=1990815047656791 cpu_end=1990815326178750 gpu_begin=1990815047656791 gpu_end=1990815326178750 device_ms=197.37770827487111 encoders=42 interval_scope=possibly_overlapping
PRODUCER_KERNEL_V1 stage=1 raw_iteration=4294967295 ordinal=0 kernel=owner_pack_faces threads=1533387 begin_tick=1990815128693166 end_tick=1990815128748625 ms_per_tick=9.9999999999999995e-07 device_ms=0.055458999999999994
PRODUCER_KERNEL_V1 stage=1 raw_iteration=4294967295 ordinal=1 kernel=owner_pack_faces threads=1533387 begin_tick=1990815128748333 end_tick=1990815129056125 ms_per_tick=9.9999999999999995e-07 device_ms=0.30779200000000001
PRODUCER_KERNEL_V1 stage=1 raw_iteration=4294967295 ordinal=2 kernel=owner_pack_faces threads=1533387 begin_tick=1990815128690583 end_tick=1990815128748333 ms_per_tick=9.9999999999999995e-07 device_ms=0.057749999999999996
PRODUCER_KERNEL_V1 stage=1 raw_iteration=4294967295 ordinal=3 kernel=fct_extract_gas_density threads=504666 begin_tick=1990815128749083 end_tick=1990815128796083 ms_per_tick=9.9999999999999995e-07 device_ms=0.047
PRODUCER_KERNEL_V1 stage=1 raw_iteration=4294967295 ordinal=4 kernel=owner_gas_source threads=504666 begin_tick=1990815129056916 end_tick=1990815129240750 ms_per_tick=9.9999999999999995e-07 device_ms=0.183834
PRODUCER_KERNEL_V1 stage=1 raw_iteration=4294967295 ordinal=5 kernel=evaluate_resident_transport threads=504666 begin_tick=1990815128796083 end_tick=1990815129255625 ms_per_tick=9.9999999999999995e-07 device_ms=0.45954200000000001
PRODUCER_KERNEL_V1 stage=1 raw_iteration=4294967295 ordinal=6 kernel=identify_resident_transport threads=1 begin_tick=1990815129256041 end_tick=1990815129259000 ms_per_tick=9.9999999999999995e-07 device_ms=0.0029589999999999998
PRODUCER_KERNEL_V1 stage=1 raw_iteration=4294967295 ordinal=7 kernel=owner_bind_transport threads=1 begin_tick=1990815129259583 end_tick=1990815129263166 ms_per_tick=9.9999999999999995e-07 device_ms=0.0035829999999999998
PRODUCER_KERNEL_V1 stage=1 raw_iteration=4294967295 ordinal=8 kernel=identify_resident_owner_endpoint_class threads=1 begin_tick=1990815129263583 end_tick=1990815129266625 ms_per_tick=9.9999999999999995e-07 device_ms=0.003042
PRODUCER_KERNEL_V1 stage=1 raw_iteration=4294967295 ordinal=9 kernel=evaluate_resident_physical_flux threads=1533387 begin_tick=1990815130199875 end_tick=1990815131548625 ms_per_tick=9.9999999999999995e-07 device_ms=1.3487499999999999
PRODUCER_KERNEL_V1 stage=1 raw_iteration=4294967295 ordinal=10 kernel=evaluate_resident_advective_pair threads=13800483 begin_tick=1990815131556291 end_tick=1990815138894916 ms_per_tick=9.9999999999999995e-07 device_ms=7.3386249999999995
PRODUCER_KERNEL_V1 stage=1 raw_iteration=4294967295 ordinal=11 kernel=finalize_resident_advective_high threads=13800483 begin_tick=1990815138895666 end_tick=1990815139317291 ms_per_tick=9.9999999999999995e-07 device_ms=0.42162499999999997
PRODUCER_KERNEL_V1 stage=1 raw_iteration=4294967295 ordinal=12 kernel=compose_resident_flux_pair threads=13800483 begin_tick=1990815139317666 end_tick=1990815140292625 ms_per_tick=9.9999999999999995e-07 device_ms=0.97495899999999991
PRODUCER_KERNEL_V1 stage=1 raw_iteration=4294967295 ordinal=13 kernel=validate_resident_physical_flux threads=13800483 begin_tick=1990815140295083 end_tick=1990815141201458 ms_per_tick=9.9999999999999995e-07 device_ms=0.90637499999999993
PRODUCER_KERNEL_V1 stage=1 raw_iteration=4294967295 ordinal=14 kernel=identify_resident_physical_flux threads=32 begin_tick=1990815141202000 end_tick=1990815141205708 ms_per_tick=9.9999999999999995e-07 device_ms=0.0037079999999999999
PRODUCER_KERNEL_V1 stage=1 raw_iteration=4294967295 ordinal=15 kernel=owner_average_flux threads=13800483 begin_tick=1990815141206291 end_tick=1990815142010458 ms_per_tick=9.9999999999999995e-07 device_ms=0.80416699999999997
PRODUCER_KERNEL_V1 stage=1 raw_iteration=4294967295 ordinal=16 kernel=owner_bind_averaged_flux threads=1 begin_tick=1990815142011000 end_tick=1990815142014666 ms_per_tick=9.9999999999999995e-07 device_ms=0.003666
PRODUCER_KERNEL_V1 stage=1 raw_iteration=4294967295 ordinal=17 kernel=fct_build_ratios threads=5551326 begin_tick=1990815142015083 end_tick=1990815145738541 ms_per_tick=9.9999999999999995e-07 device_ms=3.7234579999999999
PRODUCER_KERNEL_V1 stage=1 raw_iteration=4294967295 ordinal=18 kernel=fct_build_face_alpha threads=1533387 begin_tick=1990815145739250 end_tick=1990815146004166 ms_per_tick=9.9999999999999995e-07 device_ms=0.26491599999999998
PRODUCER_KERNEL_V1 stage=1 raw_iteration=4294967295 ordinal=19 kernel=fct_commit_scalar threads=504666 begin_tick=1990815146004916 end_tick=1990815146205791 ms_per_tick=9.9999999999999995e-07 device_ms=0.200875
PRODUCER_KERNEL_V1 stage=1 raw_iteration=4294967295 ordinal=20 kernel=owner_bind_candidate threads=1 begin_tick=1990815146206333 end_tick=1990815146210083 ms_per_tick=9.9999999999999995e-07 device_ms=0.0037499999999999999
PRODUCER_KERNEL_V1 stage=1 raw_iteration=4294967295 ordinal=21 kernel=finalize_resident_eos_candidate threads=1 begin_tick=1990815146210541 end_tick=1990815146213125 ms_per_tick=9.9999999999999995e-07 device_ms=0.0025839999999999999
PRODUCER_KERNEL_V1 stage=1 raw_iteration=4294967295 ordinal=22 kernel=build_eos_endpoint_table threads=14 begin_tick=1990815146213583 end_tick=1990815146504625 ms_per_tick=9.9999999999999995e-07 device_ms=0.29104199999999997
PRODUCER_KERNEL_V1 stage=1 raw_iteration=4294967295 ordinal=23 kernel=evaluate_resident_eos_candidate threads=504666 begin_tick=1990815146505041 end_tick=1990815210089708 ms_per_tick=9.9999999999999995e-07 device_ms=63.584666999999996
PRODUCER_KERNEL_V1 stage=1 raw_iteration=4294967295 ordinal=24 kernel=finalize_resident_eos_candidate threads=1 begin_tick=1990815210105875 end_tick=1990815210108833 ms_per_tick=9.9999999999999995e-07 device_ms=0.0029579999999999997
PRODUCER_KERNEL_V1 stage=1 raw_iteration=4294967295 ordinal=25 kernel=identify_resident_eos threads=1 begin_tick=1990815210109250 end_tick=1990815210111958 ms_per_tick=9.9999999999999995e-07 device_ms=0.0027079999999999999
PRODUCER_KERNEL_V1 stage=1 raw_iteration=4294967295 ordinal=26 kernel=produce_resident_frozen_source threads=504666 begin_tick=1990815210112333 end_tick=1990815210143125 ms_per_tick=9.9999999999999995e-07 device_ms=0.030792
PRODUCER_KERNEL_V1 stage=1 raw_iteration=4294967295 ordinal=27 kernel=identify_resident_frozen_source threads=1 begin_tick=1990815210143500 end_tick=1990815210146375 ms_per_tick=9.9999999999999995e-07 device_ms=0.002875
PRODUCER_KERNEL_V1 stage=1 raw_iteration=4294967295 ordinal=28 kernel=evaluate_resident_target_terms threads=504666 begin_tick=1990815210146750 end_tick=1990815324894000 ms_per_tick=9.9999999999999995e-07 device_ms=114.74724999999999
PRODUCER_KERNEL_V1 stage=1 raw_iteration=4294967295 ordinal=29 kernel=finalize_resident_target threads=1 begin_tick=1990815324910875 end_tick=1990815324913958 ms_per_tick=9.9999999999999995e-07 device_ms=0.0030829999999999998
PRODUCER_KERNEL_V1 stage=1 raw_iteration=4294967295 ordinal=30 kernel=identify_resident_target threads=1 begin_tick=1990815324914333 end_tick=1990815324917541 ms_per_tick=9.9999999999999995e-07 device_ms=0.0032079999999999999
PRODUCER_KERNEL_V1 stage=1 raw_iteration=4294967295 ordinal=31 kernel=issue_resident_projection_consumer threads=1 begin_tick=1990815324917958 end_tick=1990815324921916 ms_per_tick=9.9999999999999995e-07 device_ms=0.0039579999999999997
PRODUCER_KERNEL_V1 stage=1 raw_iteration=4294967295 ordinal=32 kernel=consume_resident_target threads=1 begin_tick=1990815324922250 end_tick=1990815324926458 ms_per_tick=9.9999999999999995e-07 device_ms=0.0042079999999999999
PRODUCER_KERNEL_V1 stage=1 raw_iteration=4294967295 ordinal=33 kernel=owner_compose_target threads=504666 begin_tick=1990815324926750 end_tick=1990815324956875 ms_per_tick=9.9999999999999995e-07 device_ms=0.030124999999999999
PRODUCER_KERNEL_V1 stage=1 raw_iteration=4294967295 ordinal=34 kernel=finalize_resident_target threads=1 begin_tick=1990815324957166 end_tick=1990815324959750 ms_per_tick=9.9999999999999995e-07 device_ms=0.0025839999999999999
PRODUCER_KERNEL_V1 stage=1 raw_iteration=4294967295 ordinal=35 kernel=owner_identify_target threads=1 begin_tick=1990815324960041 end_tick=1990815324962958 ms_per_tick=9.9999999999999995e-07 device_ms=0.0029169999999999999
PRODUCER_KERNEL_V1 stage=1 raw_iteration=4294967295 ordinal=36 kernel=issue_resident_projection_consumer threads=1 begin_tick=1990815324963333 end_tick=1990815324966250 ms_per_tick=9.9999999999999995e-07 device_ms=0.0029169999999999999
PRODUCER_KERNEL_V1 stage=1 raw_iteration=4294967295 ordinal=37 kernel=consume_resident_target threads=1 begin_tick=1990815324966625 end_tick=1990815324969750 ms_per_tick=9.9999999999999995e-07 device_ms=0.0031249999999999997
PRODUCER_KERNEL_V1 stage=1 raw_iteration=4294967295 ordinal=38 kernel=owner_issue_stage_seal threads=1 begin_tick=1990815324970166 end_tick=1990815324973000 ms_per_tick=9.9999999999999995e-07 device_ms=0.0028339999999999997
PRODUCER_KERNEL_V1 stage=1 raw_iteration=4294967295 ordinal=39 kernel=fct_compatible_stage_rate threads=1533387 begin_tick=1990815324973500 end_tick=1990815325474083 ms_per_tick=9.9999999999999995e-07 device_ms=0.500583
PRODUCER_KERNEL_V1 stage=1 raw_iteration=4294967295 ordinal=40 kernel=fct_compatible_stage_rate threads=1533387 begin_tick=1990815325474750 end_tick=1990815325969916 ms_per_tick=9.9999999999999995e-07 device_ms=0.495166
PRODUCER_KERNEL_V1 stage=1 raw_iteration=4294967295 ordinal=41 kernel=owner_heun_momentum threads=1533387 begin_tick=1990815325970458 end_tick=1990815326062250 ms_per_tick=9.9999999999999995e-07 device_ms=0.091791999999999999
RISE_FIRE_OWNER_PROFILE_V1 {"scope":32,"parent":29,"phase":"BuildStageProducerGroup","stage":1,"raw_iteration":4294967295,"iteration_kind":"bootstrap","wall_ms":278.697833000,"device_sum_ms":197.377708275,"wall_minus_device_ms":81.320124725,"exclusive_wall_ms":278.697833000,"exclusive_device_sum_ms":197.377708275,"child_observer_wall_ms":0.000000000,"count_scope":"inclusive","owner_commits":1,"projection_invocations":0}
RISE_FIRE_OWNER_PROFILE_V1 {"scope":35,"parent":34,"phase":"ProjectionAdapter","stage":1,"raw_iteration":0,"iteration_kind":"picard","wall_ms":12.058083000,"device_sum_ms":9.280125145,"wall_minus_device_ms":2.777957855,"exclusive_wall_ms":12.058083000,"exclusive_device_sum_ms":9.280125145,"child_observer_wall_ms":0.000000000,"count_scope":"inclusive","owner_commits":0,"projection_invocations":1}
RISE_FIRE_OWNER_PROFILE_V1 {"scope":34,"parent":33,"phase":"Project","stage":1,"raw_iteration":0,"iteration_kind":"picard","wall_ms":12.662125000,"device_sum_ms":9.324958548,"wall_minus_device_ms":3.337166452,"exclusive_wall_ms":0.596959000,"exclusive_device_sum_ms":0.044833403,"child_observer_wall_ms":0.007083000,"count_scope":"inclusive","owner_commits":2,"projection_invocations":1}
RISE_FIRE_OWNER_PROFILE_V1 {"scope":36,"parent":33,"phase":"ReadOpenClass","stage":1,"raw_iteration":0,"iteration_kind":"picard","wall_ms":0.161083000,"device_sum_ms":0.002625166,"wall_minus_device_ms":0.158457834,"exclusive_wall_ms":0.161083000,"exclusive_device_sum_ms":0.002625166,"child_observer_wall_ms":0.000000000,"count_scope":"inclusive","owner_commits":1,"projection_invocations":0}
RISE_FIRE_OWNER_PROFILE_V1 {"scope":37,"parent":33,"phase":"ReadOpenClass","stage":1,"raw_iteration":0,"iteration_kind":"picard","wall_ms":0.153500000,"device_sum_ms":0.002249843,"wall_minus_device_ms":0.151250157,"exclusive_wall_ms":0.153500000,"exclusive_device_sum_ms":0.002249843,"child_observer_wall_ms":0.000000000,"count_scope":"inclusive","owner_commits":1,"projection_invocations":0}
PRODUCER_COMMAND_V1 stage=1 raw_iteration=0 cpu_begin=1990815339358083 cpu_end=1990815618508291 gpu_begin=1990815339358083 gpu_end=1990815618508291 device_ms=198.37191677652299 encoders=42 interval_scope=possibly_overlapping
PRODUCER_KERNEL_V1 stage=1 raw_iteration=0 ordinal=0 kernel=owner_pack_faces threads=1533387 begin_tick=1990815420200833 end_tick=1990815420251791 ms_per_tick=9.9999999999999995e-07 device_ms=0.050957999999999996
PRODUCER_KERNEL_V1 stage=1 raw_iteration=0 ordinal=1 kernel=owner_pack_faces threads=1533387 begin_tick=1990815420278250 end_tick=1990815420328666 ms_per_tick=9.9999999999999995e-07 device_ms=0.050415999999999996
PRODUCER_KERNEL_V1 stage=1 raw_iteration=0 ordinal=2 kernel=owner_pack_faces threads=1533387 begin_tick=1990815420412500 end_tick=1990815420503875 ms_per_tick=9.9999999999999995e-07 device_ms=0.091374999999999998
PRODUCER_KERNEL_V1 stage=1 raw_iteration=0 ordinal=3 kernel=fct_extract_gas_density threads=504666 begin_tick=1990815420431208 end_tick=1990815420480666 ms_per_tick=9.9999999999999995e-07 device_ms=0.049457999999999995
PRODUCER_KERNEL_V1 stage=1 raw_iteration=0 ordinal=4 kernel=owner_gas_source threads=504666 begin_tick=1990815420480666 end_tick=1990815420527541 ms_per_tick=9.9999999999999995e-07 device_ms=0.046875
PRODUCER_KERNEL_V1 stage=1 raw_iteration=0 ordinal=5 kernel=evaluate_resident_transport threads=504666 begin_tick=1990815420610625 end_tick=1990815421064166 ms_per_tick=9.9999999999999995e-07 device_ms=0.45354099999999997
PRODUCER_KERNEL_V1 stage=1 raw_iteration=0 ordinal=6 kernel=identify_resident_transport threads=1 begin_tick=1990815421064541 end_tick=1990815421067625 ms_per_tick=9.9999999999999995e-07 device_ms=0.0030839999999999999
PRODUCER_KERNEL_V1 stage=1 raw_iteration=0 ordinal=7 kernel=owner_bind_transport threads=1 begin_tick=1990815421068166 end_tick=1990815421071875 ms_per_tick=9.9999999999999995e-07 device_ms=0.0037089999999999996
PRODUCER_KERNEL_V1 stage=1 raw_iteration=0 ordinal=8 kernel=identify_resident_owner_endpoint_class threads=1 begin_tick=1990815421072208 end_tick=1990815421075416 ms_per_tick=9.9999999999999995e-07 device_ms=0.0032079999999999999
PRODUCER_KERNEL_V1 stage=1 raw_iteration=0 ordinal=9 kernel=evaluate_resident_physical_flux threads=1533387 begin_tick=1990815422037208 end_tick=1990815423371083 ms_per_tick=9.9999999999999995e-07 device_ms=1.3338749999999999
PRODUCER_KERNEL_V1 stage=1 raw_iteration=0 ordinal=10 kernel=evaluate_resident_advective_pair threads=13800483 begin_tick=1990815423498000 end_tick=1990815430824250 ms_per_tick=9.9999999999999995e-07 device_ms=7.3262499999999999
PRODUCER_KERNEL_V1 stage=1 raw_iteration=0 ordinal=11 kernel=finalize_resident_advective_high threads=13800483 begin_tick=1990815430825000 end_tick=1990815431244166 ms_per_tick=9.9999999999999995e-07 device_ms=0.41916599999999998
PRODUCER_KERNEL_V1 stage=1 raw_iteration=0 ordinal=12 kernel=compose_resident_flux_pair threads=13800483 begin_tick=1990815431244500 end_tick=1990815432128958 ms_per_tick=9.9999999999999995e-07 device_ms=0.88445799999999997
PRODUCER_KERNEL_V1 stage=1 raw_iteration=0 ordinal=13 kernel=validate_resident_physical_flux threads=13800483 begin_tick=1990815432129625 end_tick=1990815432980541 ms_per_tick=9.9999999999999995e-07 device_ms=0.85091600000000001
PRODUCER_KERNEL_V1 stage=1 raw_iteration=0 ordinal=14 kernel=identify_resident_physical_flux threads=32 begin_tick=1990815432981125 end_tick=1990815432984333 ms_per_tick=9.9999999999999995e-07 device_ms=0.0032079999999999999
PRODUCER_KERNEL_V1 stage=1 raw_iteration=0 ordinal=15 kernel=owner_average_flux threads=13800483 begin_tick=1990815432984791 end_tick=1990815433779291 ms_per_tick=9.9999999999999995e-07 device_ms=0.79449999999999998
PRODUCER_KERNEL_V1 stage=1 raw_iteration=0 ordinal=16 kernel=owner_bind_averaged_flux threads=1 begin_tick=1990815433779833 end_tick=1990815433783916 ms_per_tick=9.9999999999999995e-07 device_ms=0.0040829999999999998
PRODUCER_KERNEL_V1 stage=1 raw_iteration=0 ordinal=17 kernel=fct_build_ratios threads=5551326 begin_tick=1990815433784500 end_tick=1990815437617583 ms_per_tick=9.9999999999999995e-07 device_ms=3.8330829999999998
PRODUCER_KERNEL_V1 stage=1 raw_iteration=0 ordinal=18 kernel=fct_build_face_alpha threads=1533387 begin_tick=1990815437618166 end_tick=1990815437881333 ms_per_tick=9.9999999999999995e-07 device_ms=0.26316699999999998
PRODUCER_KERNEL_V1 stage=1 raw_iteration=0 ordinal=19 kernel=fct_commit_scalar threads=504666 begin_tick=1990815437882000 end_tick=1990815438068750 ms_per_tick=9.9999999999999995e-07 device_ms=0.18675
PRODUCER_KERNEL_V1 stage=1 raw_iteration=0 ordinal=20 kernel=owner_bind_candidate threads=1 begin_tick=1990815438069291 end_tick=1990815438073416 ms_per_tick=9.9999999999999995e-07 device_ms=0.0041250000000000002
PRODUCER_KERNEL_V1 stage=1 raw_iteration=0 ordinal=21 kernel=finalize_resident_eos_candidate threads=1 begin_tick=1990815438074000 end_tick=1990815438076625 ms_per_tick=9.9999999999999995e-07 device_ms=0.0026249999999999997
PRODUCER_KERNEL_V1 stage=1 raw_iteration=0 ordinal=22 kernel=build_eos_endpoint_table threads=14 begin_tick=1990815438077166 end_tick=1990815438369750 ms_per_tick=9.9999999999999995e-07 device_ms=0.29258400000000001
PRODUCER_KERNEL_V1 stage=1 raw_iteration=0 ordinal=23 kernel=evaluate_resident_eos_candidate threads=504666 begin_tick=1990815438370166 end_tick=1990815502911750 ms_per_tick=9.9999999999999995e-07 device_ms=64.541584
PRODUCER_KERNEL_V1 stage=1 raw_iteration=0 ordinal=24 kernel=finalize_resident_eos_candidate threads=1 begin_tick=1990815502928791 end_tick=1990815503002375 ms_per_tick=9.9999999999999995e-07 device_ms=0.073583999999999997
PRODUCER_KERNEL_V1 stage=1 raw_iteration=0 ordinal=25 kernel=identify_resident_eos threads=1 begin_tick=1990815503002833 end_tick=1990815503005791 ms_per_tick=9.9999999999999995e-07 device_ms=0.0029579999999999997
PRODUCER_KERNEL_V1 stage=1 raw_iteration=0 ordinal=26 kernel=produce_resident_frozen_source threads=504666 begin_tick=1990815503006208 end_tick=1990815503037625 ms_per_tick=9.9999999999999995e-07 device_ms=0.031417
PRODUCER_KERNEL_V1 stage=1 raw_iteration=0 ordinal=27 kernel=identify_resident_frozen_source threads=1 begin_tick=1990815503038041 end_tick=1990815503041250 ms_per_tick=9.9999999999999995e-07 device_ms=0.003209
PRODUCER_KERNEL_V1 stage=1 raw_iteration=0 ordinal=28 kernel=evaluate_resident_target_terms threads=504666 begin_tick=1990815503041666 end_tick=1990815617122083 ms_per_tick=9.9999999999999995e-07 device_ms=114.080417
PRODUCER_KERNEL_V1 stage=1 raw_iteration=0 ordinal=29 kernel=finalize_resident_target threads=1 begin_tick=1990815617137125 end_tick=1990815617140083 ms_per_tick=9.9999999999999995e-07 device_ms=0.0029579999999999997
PRODUCER_KERNEL_V1 stage=1 raw_iteration=0 ordinal=30 kernel=identify_resident_target threads=1 begin_tick=1990815617140375 end_tick=1990815617143166 ms_per_tick=9.9999999999999995e-07 device_ms=0.0027910000000000001
PRODUCER_KERNEL_V1 stage=1 raw_iteration=0 ordinal=31 kernel=issue_resident_projection_consumer threads=1 begin_tick=1990815617143583 end_tick=1990815617150833 ms_per_tick=9.9999999999999995e-07 device_ms=0.0072499999999999995
PRODUCER_KERNEL_V1 stage=1 raw_iteration=0 ordinal=32 kernel=consume_resident_target threads=1 begin_tick=1990815617151250 end_tick=1990815617155125 ms_per_tick=9.9999999999999995e-07 device_ms=0.003875
PRODUCER_KERNEL_V1 stage=1 raw_iteration=0 ordinal=33 kernel=owner_compose_target threads=504666 begin_tick=1990815617155541 end_tick=1990815617235208 ms_per_tick=9.9999999999999995e-07 device_ms=0.079667000000000002
PRODUCER_KERNEL_V1 stage=1 raw_iteration=0 ordinal=34 kernel=finalize_resident_target threads=1 begin_tick=1990815617235541 end_tick=1990815617237958 ms_per_tick=9.9999999999999995e-07 device_ms=0.0024169999999999999
PRODUCER_KERNEL_V1 stage=1 raw_iteration=0 ordinal=35 kernel=owner_identify_target threads=1 begin_tick=1990815617238333 end_tick=1990815617241583 ms_per_tick=9.9999999999999995e-07 device_ms=0.0032499999999999999
PRODUCER_KERNEL_V1 stage=1 raw_iteration=0 ordinal=36 kernel=issue_resident_projection_consumer threads=1 begin_tick=1990815617241958 end_tick=1990815617244916 ms_per_tick=9.9999999999999995e-07 device_ms=0.0029579999999999997
PRODUCER_KERNEL_V1 stage=1 raw_iteration=0 ordinal=37 kernel=consume_resident_target threads=1 begin_tick=1990815617245333 end_tick=1990815617248708 ms_per_tick=9.9999999999999995e-07 device_ms=0.003375
PRODUCER_KERNEL_V1 stage=1 raw_iteration=0 ordinal=38 kernel=owner_issue_stage_seal threads=1 begin_tick=1990815617249083 end_tick=1990815617251791 ms_per_tick=9.9999999999999995e-07 device_ms=0.0027079999999999999
PRODUCER_KERNEL_V1 stage=1 raw_iteration=0 ordinal=39 kernel=fct_compatible_stage_rate threads=1533387 begin_tick=1990815617252166 end_tick=1990815617755541 ms_per_tick=9.9999999999999995e-07 device_ms=0.50337500000000002
PRODUCER_KERNEL_V1 stage=1 raw_iteration=0 ordinal=40 kernel=fct_compatible_stage_rate threads=1533387 begin_tick=1990815617755958 end_tick=1990815618300708 ms_per_tick=9.9999999999999995e-07 device_ms=0.54474999999999996
PRODUCER_KERNEL_V1 stage=1 raw_iteration=0 ordinal=41 kernel=owner_heun_momentum threads=1533387 begin_tick=1990815618301250 end_tick=1990815618393083 ms_per_tick=9.9999999999999995e-07 device_ms=0.091832999999999998
RISE_FIRE_OWNER_PROFILE_V1 {"scope":38,"parent":33,"phase":"BuildStageProducerGroup","stage":1,"raw_iteration":0,"iteration_kind":"picard","wall_ms":279.333750000,"device_sum_ms":198.371916777,"wall_minus_device_ms":80.961833223,"exclusive_wall_ms":279.333750000,"exclusive_device_sum_ms":198.371916777,"child_observer_wall_ms":0.000000000,"count_scope":"inclusive","owner_commits":1,"projection_invocations":0}
RISE_FIRE_OWNER_PROFILE_V1 {"scope":39,"parent":33,"phase":"Residual","stage":1,"raw_iteration":0,"iteration_kind":"picard","wall_ms":0.212041000,"device_sum_ms":0.021625077,"wall_minus_device_ms":0.190415923,"exclusive_wall_ms":0.212041000,"exclusive_device_sum_ms":0.021625077,"child_observer_wall_ms":0.000000000,"count_scope":"inclusive","owner_commits":1,"projection_invocations":0}
RISE_FIRE_OWNER_PROFILE_V1 {"scope":33,"parent":29,"phase":"PicardIteration","stage":1,"raw_iteration":0,"iteration_kind":"picard","wall_ms":292.936959000,"device_sum_ms":207.723375410,"wall_minus_device_ms":85.213583590,"exclusive_wall_ms":0.384208000,"exclusive_device_sum_ms":0.000000000,"child_observer_wall_ms":0.030252000,"count_scope":"inclusive","owner_commits":6,"projection_invocations":1}
RISE_FIRE_OWNER_PROFILE_V1 {"scope":42,"parent":41,"phase":"ProjectionAdapter","stage":1,"raw_iteration":1,"iteration_kind":"picard","wall_ms":11.523917000,"device_sum_ms":8.702291874,"wall_minus_device_ms":2.821625126,"exclusive_wall_ms":11.523917000,"exclusive_device_sum_ms":8.702291874,"child_observer_wall_ms":0.000000000,"count_scope":"inclusive","owner_commits":0,"projection_invocations":1}
RISE_FIRE_OWNER_PROFILE_V1 {"scope":41,"parent":40,"phase":"Project","stage":1,"raw_iteration":1,"iteration_kind":"picard","wall_ms":13.022958000,"device_sum_ms":8.748916676,"wall_minus_device_ms":4.274041324,"exclusive_wall_ms":1.492874000,"exclusive_device_sum_ms":0.046624802,"child_observer_wall_ms":0.006167000,"count_scope":"inclusive","owner_commits":2,"projection_invocations":1}
RISE_FIRE_OWNER_PROFILE_V1 {"scope":43,"parent":40,"phase":"ReadOpenClass","stage":1,"raw_iteration":1,"iteration_kind":"picard","wall_ms":0.159583000,"device_sum_ms":0.002541812,"wall_minus_device_ms":0.157041188,"exclusive_wall_ms":0.159583000,"exclusive_device_sum_ms":0.002541812,"child_observer_wall_ms":0.000000000,"count_scope":"inclusive","owner_commits":1,"projection_invocations":0}
RISE_FIRE_OWNER_PROFILE_V1 {"scope":44,"parent":40,"phase":"ReadOpenClass","stage":1,"raw_iteration":1,"iteration_kind":"picard","wall_ms":0.146958000,"device_sum_ms":0.002458459,"wall_minus_device_ms":0.144499541,"exclusive_wall_ms":0.146958000,"exclusive_device_sum_ms":0.002458459,"child_observer_wall_ms":0.000000000,"count_scope":"inclusive","owner_commits":1,"projection_invocations":0}
PRODUCER_COMMAND_V1 stage=1 raw_iteration=1 cpu_begin=1990815632651416 cpu_end=1990815910701166 gpu_begin=1990815632651416 gpu_end=1990815910701166 device_ms=196.69437501579523 encoders=42 interval_scope=possibly_overlapping
PRODUCER_KERNEL_V1 stage=1 raw_iteration=1 ordinal=0 kernel=owner_pack_faces threads=1533387 begin_tick=1990815713909125 end_tick=1990815713968291 ms_per_tick=9.9999999999999995e-07 device_ms=0.059165999999999996
PRODUCER_KERNEL_V1 stage=1 raw_iteration=1 ordinal=1 kernel=owner_pack_faces threads=1533387 begin_tick=1990815713968291 end_tick=1990815714321541 ms_per_tick=9.9999999999999995e-07 device_ms=0.35325000000000001
PRODUCER_KERNEL_V1 stage=1 raw_iteration=1 ordinal=2 kernel=owner_pack_faces threads=1533387 begin_tick=1990815713906875 end_tick=1990815713968500 ms_per_tick=9.9999999999999995e-07 device_ms=0.061624999999999999
PRODUCER_KERNEL_V1 stage=1 raw_iteration=1 ordinal=3 kernel=fct_extract_gas_density threads=504666 begin_tick=1990815713968791 end_tick=1990815714024291 ms_per_tick=9.9999999999999995e-07 device_ms=0.055500000000000001
PRODUCER_KERNEL_V1 stage=1 raw_iteration=1 ordinal=4 kernel=owner_gas_source threads=504666 begin_tick=1990815714322000 end_tick=1990815714481250 ms_per_tick=9.9999999999999995e-07 device_ms=0.15925
PRODUCER_KERNEL_V1 stage=1 raw_iteration=1 ordinal=5 kernel=evaluate_resident_transport threads=504666 begin_tick=1990815714024291 end_tick=1990815714495125 ms_per_tick=9.9999999999999995e-07 device_ms=0.47083399999999997
PRODUCER_KERNEL_V1 stage=1 raw_iteration=1 ordinal=6 kernel=identify_resident_transport threads=1 begin_tick=1990815714495541 end_tick=1990815714498541 ms_per_tick=9.9999999999999995e-07 device_ms=0.0030000000000000001
PRODUCER_KERNEL_V1 stage=1 raw_iteration=1 ordinal=7 kernel=owner_bind_transport threads=1 begin_tick=1990815714499833 end_tick=1990815714503833 ms_per_tick=9.9999999999999995e-07 device_ms=0.0040000000000000001
PRODUCER_KERNEL_V1 stage=1 raw_iteration=1 ordinal=8 kernel=identify_resident_owner_endpoint_class threads=1 begin_tick=1990815714504125 end_tick=1990815714507125 ms_per_tick=9.9999999999999995e-07 device_ms=0.0030000000000000001
PRODUCER_KERNEL_V1 stage=1 raw_iteration=1 ordinal=9 kernel=evaluate_resident_physical_flux threads=1533387 begin_tick=1990815715262166 end_tick=1990815716599833 ms_per_tick=9.9999999999999995e-07 device_ms=1.3376669999999999
PRODUCER_KERNEL_V1 stage=1 raw_iteration=1 ordinal=10 kernel=evaluate_resident_advective_pair threads=13800483 begin_tick=1990815716597625 end_tick=1990815723947041 ms_per_tick=9.9999999999999995e-07 device_ms=7.3494159999999997
PRODUCER_KERNEL_V1 stage=1 raw_iteration=1 ordinal=11 kernel=finalize_resident_advective_high threads=13800483 begin_tick=1990815723967833 end_tick=1990815724387500 ms_per_tick=9.9999999999999995e-07 device_ms=0.41966699999999996
PRODUCER_KERNEL_V1 stage=1 raw_iteration=1 ordinal=12 kernel=compose_resident_flux_pair threads=13800483 begin_tick=1990815724387875 end_tick=1990815725384000 ms_per_tick=9.9999999999999995e-07 device_ms=0.99612499999999993
PRODUCER_KERNEL_V1 stage=1 raw_iteration=1 ordinal=13 kernel=validate_resident_physical_flux threads=13800483 begin_tick=1990815725384666 end_tick=1990815726213791 ms_per_tick=9.9999999999999995e-07 device_ms=0.829125
PRODUCER_KERNEL_V1 stage=1 raw_iteration=1 ordinal=14 kernel=identify_resident_physical_flux threads=32 begin_tick=1990815726214250 end_tick=1990815726220750 ms_per_tick=9.9999999999999995e-07 device_ms=0.0064999999999999997
PRODUCER_KERNEL_V1 stage=1 raw_iteration=1 ordinal=15 kernel=owner_average_flux threads=13800483 begin_tick=1990815726222000 end_tick=1990815727015208 ms_per_tick=9.9999999999999995e-07 device_ms=0.79320799999999991
PRODUCER_KERNEL_V1 stage=1 raw_iteration=1 ordinal=16 kernel=owner_bind_averaged_flux threads=1 begin_tick=1990815727015708 end_tick=1990815727019625 ms_per_tick=9.9999999999999995e-07 device_ms=0.0039169999999999995
PRODUCER_KERNEL_V1 stage=1 raw_iteration=1 ordinal=17 kernel=fct_build_ratios threads=5551326 begin_tick=1990815727020041 end_tick=1990815730622250 ms_per_tick=9.9999999999999995e-07 device_ms=3.6022089999999998
PRODUCER_KERNEL_V1 stage=1 raw_iteration=1 ordinal=18 kernel=fct_build_face_alpha threads=1533387 begin_tick=1990815730622916 end_tick=1990815730886000 ms_per_tick=9.9999999999999995e-07 device_ms=0.26308399999999998
PRODUCER_KERNEL_V1 stage=1 raw_iteration=1 ordinal=19 kernel=fct_commit_scalar threads=504666 begin_tick=1990815730886625 end_tick=1990815731079333 ms_per_tick=9.9999999999999995e-07 device_ms=0.19270799999999999
PRODUCER_KERNEL_V1 stage=1 raw_iteration=1 ordinal=20 kernel=owner_bind_candidate threads=1 begin_tick=1990815731079875 end_tick=1990815731083541 ms_per_tick=9.9999999999999995e-07 device_ms=0.003666
PRODUCER_KERNEL_V1 stage=1 raw_iteration=1 ordinal=21 kernel=finalize_resident_eos_candidate threads=1 begin_tick=1990815731083958 end_tick=1990815731086500 ms_per_tick=9.9999999999999995e-07 device_ms=0.002542
PRODUCER_KERNEL_V1 stage=1 raw_iteration=1 ordinal=22 kernel=build_eos_endpoint_table threads=14 begin_tick=1990815731086916 end_tick=1990815731378041 ms_per_tick=9.9999999999999995e-07 device_ms=0.29112499999999997
PRODUCER_KERNEL_V1 stage=1 raw_iteration=1 ordinal=23 kernel=evaluate_resident_eos_candidate threads=504666 begin_tick=1990815731378458 end_tick=1990815795172958 ms_per_tick=9.9999999999999995e-07 device_ms=63.794499999999999
PRODUCER_KERNEL_V1 stage=1 raw_iteration=1 ordinal=24 kernel=finalize_resident_eos_candidate threads=1 begin_tick=1990815795188250 end_tick=1990815795193833 ms_per_tick=9.9999999999999995e-07 device_ms=0.0055829999999999994
PRODUCER_KERNEL_V1 stage=1 raw_iteration=1 ordinal=25 kernel=identify_resident_eos threads=1 begin_tick=1990815795194166 end_tick=1990815795196958 ms_per_tick=9.9999999999999995e-07 device_ms=0.0027919999999999998
PRODUCER_KERNEL_V1 stage=1 raw_iteration=1 ordinal=26 kernel=produce_resident_frozen_source threads=504666 begin_tick=1990815795197375 end_tick=1990815795230041 ms_per_tick=9.9999999999999995e-07 device_ms=0.032666000000000001
PRODUCER_KERNEL_V1 stage=1 raw_iteration=1 ordinal=27 kernel=identify_resident_frozen_source threads=1 begin_tick=1990815795230416 end_tick=1990815795233375 ms_per_tick=9.9999999999999995e-07 device_ms=0.0029589999999999998
PRODUCER_KERNEL_V1 stage=1 raw_iteration=1 ordinal=28 kernel=evaluate_resident_target_terms threads=504666 begin_tick=1990815795233750 end_tick=1990815909383583 ms_per_tick=9.9999999999999995e-07 device_ms=114.149833
PRODUCER_KERNEL_V1 stage=1 raw_iteration=1 ordinal=29 kernel=finalize_resident_target threads=1 begin_tick=1990815909398333 end_tick=1990815909401375 ms_per_tick=9.9999999999999995e-07 device_ms=0.003042
PRODUCER_KERNEL_V1 stage=1 raw_iteration=1 ordinal=30 kernel=identify_resident_target threads=1 begin_tick=1990815909401791 end_tick=1990815909404791 ms_per_tick=9.9999999999999995e-07 device_ms=0.0030000000000000001
PRODUCER_KERNEL_V1 stage=1 raw_iteration=1 ordinal=31 kernel=issue_resident_projection_consumer threads=1 begin_tick=1990815909405208 end_tick=1990815909409166 ms_per_tick=9.9999999999999995e-07 device_ms=0.0039579999999999997
PRODUCER_KERNEL_V1 stage=1 raw_iteration=1 ordinal=32 kernel=consume_resident_target threads=1 begin_tick=1990815909409458 end_tick=1990815909413791 ms_per_tick=9.9999999999999995e-07 device_ms=0.004333
PRODUCER_KERNEL_V1 stage=1 raw_iteration=1 ordinal=33 kernel=owner_compose_target threads=504666 begin_tick=1990815909414166 end_tick=1990815909493416 ms_per_tick=9.9999999999999995e-07 device_ms=0.079250000000000001
PRODUCER_KERNEL_V1 stage=1 raw_iteration=1 ordinal=34 kernel=finalize_resident_target threads=1 begin_tick=1990815909493791 end_tick=1990815909496416 ms_per_tick=9.9999999999999995e-07 device_ms=0.0026249999999999997
PRODUCER_KERNEL_V1 stage=1 raw_iteration=1 ordinal=35 kernel=owner_identify_target threads=1 begin_tick=1990815909496791 end_tick=1990815909499708 ms_per_tick=9.9999999999999995e-07 device_ms=0.0029169999999999999
PRODUCER_KERNEL_V1 stage=1 raw_iteration=1 ordinal=36 kernel=issue_resident_projection_consumer threads=1 begin_tick=1990815909500041 end_tick=1990815909503208 ms_per_tick=9.9999999999999995e-07 device_ms=0.0031669999999999997
PRODUCER_KERNEL_V1 stage=1 raw_iteration=1 ordinal=37 kernel=consume_resident_target threads=1 begin_tick=1990815909503500 end_tick=1990815909506625 ms_per_tick=9.9999999999999995e-07 device_ms=0.0031249999999999997
PRODUCER_KERNEL_V1 stage=1 raw_iteration=1 ordinal=38 kernel=owner_issue_stage_seal threads=1 begin_tick=1990815909506916 end_tick=1990815909510041 ms_per_tick=9.9999999999999995e-07 device_ms=0.0031249999999999997
PRODUCER_KERNEL_V1 stage=1 raw_iteration=1 ordinal=39 kernel=fct_compatible_stage_rate threads=1533387 begin_tick=1990815909510541 end_tick=1990815910010041 ms_per_tick=9.9999999999999995e-07 device_ms=0.4995
PRODUCER_KERNEL_V1 stage=1 raw_iteration=1 ordinal=40 kernel=fct_compatible_stage_rate threads=1533387 begin_tick=1990815910010625 end_tick=1990815910503833 ms_per_tick=9.9999999999999995e-07 device_ms=0.49320799999999998
PRODUCER_KERNEL_V1 stage=1 raw_iteration=1 ordinal=41 kernel=owner_heun_momentum threads=1533387 begin_tick=1990815910504375 end_tick=1990815910595166 ms_per_tick=9.9999999999999995e-07 device_ms=0.090790999999999997
RISE_FIRE_OWNER_PROFILE_V1 {"scope":45,"parent":40,"phase":"BuildStageProducerGroup","stage":1,"raw_iteration":1,"iteration_kind":"picard","wall_ms":278.205916000,"device_sum_ms":196.694375016,"wall_minus_device_ms":81.511540984,"exclusive_wall_ms":278.205916000,"exclusive_device_sum_ms":196.694375016,"child_observer_wall_ms":0.000000000,"count_scope":"inclusive","owner_commits":1,"projection_invocations":0}
RISE_FIRE_OWNER_PROFILE_V1 {"scope":46,"parent":40,"phase":"Residual","stage":1,"raw_iteration":1,"iteration_kind":"picard","wall_ms":0.302334000,"device_sum_ms":0.115333125,"wall_minus_device_ms":0.187000875,"exclusive_wall_ms":0.302334000,"exclusive_device_sum_ms":0.115333125,"child_observer_wall_ms":0.000000000,"count_scope":"inclusive","owner_commits":1,"projection_invocations":0}
RISE_FIRE_OWNER_PROFILE_V1 {"scope":49,"parent":48,"phase":"ProjectionAdapter","stage":1,"raw_iteration":2147483649,"iteration_kind":"terminal","wall_ms":11.835542000,"device_sum_ms":9.105375037,"wall_minus_device_ms":2.730166963,"exclusive_wall_ms":11.835542000,"exclusive_device_sum_ms":9.105375037,"child_observer_wall_ms":0.000000000,"count_scope":"inclusive","owner_commits":0,"projection_invocations":1}
RISE_FIRE_OWNER_PROFILE_V1 {"scope":48,"parent":47,"phase":"Project","stage":1,"raw_iteration":2147483649,"iteration_kind":"terminal","wall_ms":12.431292000,"device_sum_ms":9.145166725,"wall_minus_device_ms":3.286125275,"exclusive_wall_ms":0.575458000,"exclusive_device_sum_ms":0.039791688,"child_observer_wall_ms":0.020292000,"count_scope":"inclusive","owner_commits":2,"projection_invocations":1}
RISE_FIRE_OWNER_PROFILE_V1 {"scope":50,"parent":47,"phase":"ReadOpenClass","stage":1,"raw_iteration":2147483649,"iteration_kind":"terminal","wall_ms":0.146292000,"device_sum_ms":0.002291519,"wall_minus_device_ms":0.144000481,"exclusive_wall_ms":0.146292000,"exclusive_device_sum_ms":0.002291519,"child_observer_wall_ms":0.000000000,"count_scope":"inclusive","owner_commits":1,"projection_invocations":0}
RISE_FIRE_OWNER_PROFILE_V1 {"scope":51,"parent":47,"phase":"ReadOpenClass","stage":1,"raw_iteration":2147483649,"iteration_kind":"terminal","wall_ms":0.148583000,"device_sum_ms":0.002624933,"wall_minus_device_ms":0.145958067,"exclusive_wall_ms":0.148583000,"exclusive_device_sum_ms":0.002624933,"child_observer_wall_ms":0.000000000,"count_scope":"inclusive","owner_commits":1,"projection_invocations":0}
PRODUCER_COMMAND_V1 stage=1 raw_iteration=2147483649 cpu_begin=1990815923918833 cpu_end=1990816202129375 gpu_begin=1990815923918833 gpu_end=1990816202129375 device_ms=197.50916655175388 encoders=42 interval_scope=possibly_overlapping
PRODUCER_KERNEL_V1 stage=1 raw_iteration=2147483649 ordinal=0 kernel=owner_pack_faces threads=1533387 begin_tick=1990816004618125 end_tick=1990816004669208 ms_per_tick=9.9999999999999995e-07 device_ms=0.051082999999999996
PRODUCER_KERNEL_V1 stage=1 raw_iteration=2147483649 ordinal=1 kernel=owner_pack_faces threads=1533387 begin_tick=1990816004743583 end_tick=1990816004794500 ms_per_tick=9.9999999999999995e-07 device_ms=0.050916999999999997
PRODUCER_KERNEL_V1 stage=1 raw_iteration=2147483649 ordinal=2 kernel=owner_pack_faces threads=1533387 begin_tick=1990816004866250 end_tick=1990816004947416 ms_per_tick=9.9999999999999995e-07 device_ms=0.081166000000000002
PRODUCER_KERNEL_V1 stage=1 raw_iteration=2147483649 ordinal=3 kernel=fct_extract_gas_density threads=504666 begin_tick=1990816004887916 end_tick=1990816004936208 ms_per_tick=9.9999999999999995e-07 device_ms=0.048291999999999995
PRODUCER_KERNEL_V1 stage=1 raw_iteration=2147483649 ordinal=4 kernel=owner_gas_source threads=504666 begin_tick=1990816004970541 end_tick=1990816005017458 ms_per_tick=9.9999999999999995e-07 device_ms=0.046917
PRODUCER_KERNEL_V1 stage=1 raw_iteration=2147483649 ordinal=5 kernel=evaluate_resident_transport threads=504666 begin_tick=1990816005047208 end_tick=1990816005500791 ms_per_tick=9.9999999999999995e-07 device_ms=0.45358299999999996
PRODUCER_KERNEL_V1 stage=1 raw_iteration=2147483649 ordinal=6 kernel=identify_resident_transport threads=1 begin_tick=1990816005501125 end_tick=1990816005504166 ms_per_tick=9.9999999999999995e-07 device_ms=0.0030409999999999999
PRODUCER_KERNEL_V1 stage=1 raw_iteration=2147483649 ordinal=7 kernel=owner_bind_transport threads=1 begin_tick=1990816005504750 end_tick=1990816005508541 ms_per_tick=9.9999999999999995e-07 device_ms=0.0037909999999999997
PRODUCER_KERNEL_V1 stage=1 raw_iteration=2147483649 ordinal=8 kernel=identify_resident_owner_endpoint_class threads=1 begin_tick=1990816005508875 end_tick=1990816005512208 ms_per_tick=9.9999999999999995e-07 device_ms=0.003333
PRODUCER_KERNEL_V1 stage=1 raw_iteration=2147483649 ordinal=9 kernel=evaluate_resident_physical_flux threads=1533387 begin_tick=1990816006566666 end_tick=1990816007896500 ms_per_tick=9.9999999999999995e-07 device_ms=1.329834
PRODUCER_KERNEL_V1 stage=1 raw_iteration=2147483649 ordinal=10 kernel=evaluate_resident_advective_pair threads=13800483 begin_tick=1990816008008666 end_tick=1990816015136708 ms_per_tick=9.9999999999999995e-07 device_ms=7.1280419999999998
PRODUCER_KERNEL_V1 stage=1 raw_iteration=2147483649 ordinal=11 kernel=finalize_resident_advective_high threads=13800483 begin_tick=1990816015137333 end_tick=1990816015563833 ms_per_tick=9.9999999999999995e-07 device_ms=0.42649999999999999
PRODUCER_KERNEL_V1 stage=1 raw_iteration=2147483649 ordinal=12 kernel=compose_resident_flux_pair threads=13800483 begin_tick=1990816015564250 end_tick=1990816016447875 ms_per_tick=9.9999999999999995e-07 device_ms=0.88362499999999999
PRODUCER_KERNEL_V1 stage=1 raw_iteration=2147483649 ordinal=13 kernel=validate_resident_physical_flux threads=13800483 begin_tick=1990816016448541 end_tick=1990816017480833 ms_per_tick=9.9999999999999995e-07 device_ms=1.032292
PRODUCER_KERNEL_V1 stage=1 raw_iteration=2147483649 ordinal=14 kernel=identify_resident_physical_flux threads=32 begin_tick=1990816017481375 end_tick=1990816017485000 ms_per_tick=9.9999999999999995e-07 device_ms=0.0036249999999999998
PRODUCER_KERNEL_V1 stage=1 raw_iteration=2147483649 ordinal=15 kernel=owner_average_flux threads=13800483 begin_tick=1990816017485541 end_tick=1990816018293875 ms_per_tick=9.9999999999999995e-07 device_ms=0.808334
PRODUCER_KERNEL_V1 stage=1 raw_iteration=2147483649 ordinal=16 kernel=owner_bind_averaged_flux threads=1 begin_tick=1990816018294416 end_tick=1990816018298166 ms_per_tick=9.9999999999999995e-07 device_ms=0.0037499999999999999
PRODUCER_KERNEL_V1 stage=1 raw_iteration=2147483649 ordinal=17 kernel=fct_build_ratios threads=5551326 begin_tick=1990816018298750 end_tick=1990816022171041 ms_per_tick=9.9999999999999995e-07 device_ms=3.8722909999999997
PRODUCER_KERNEL_V1 stage=1 raw_iteration=2147483649 ordinal=18 kernel=fct_build_face_alpha threads=1533387 begin_tick=1990816022171625 end_tick=1990816022435041 ms_per_tick=9.9999999999999995e-07 device_ms=0.26341599999999998
PRODUCER_KERNEL_V1 stage=1 raw_iteration=2147483649 ordinal=19 kernel=fct_commit_scalar threads=504666 begin_tick=1990816022435708 end_tick=1990816022624000 ms_per_tick=9.9999999999999995e-07 device_ms=0.18829199999999999
PRODUCER_KERNEL_V1 stage=1 raw_iteration=2147483649 ordinal=20 kernel=owner_bind_candidate threads=1 begin_tick=1990816022624541 end_tick=1990816022628583 ms_per_tick=9.9999999999999995e-07 device_ms=0.0040419999999999996
PRODUCER_KERNEL_V1 stage=1 raw_iteration=2147483649 ordinal=21 kernel=finalize_resident_eos_candidate threads=1 begin_tick=1990816022629041 end_tick=1990816022631791 ms_per_tick=9.9999999999999995e-07 device_ms=0.0027499999999999998
PRODUCER_KERNEL_V1 stage=1 raw_iteration=2147483649 ordinal=22 kernel=build_eos_endpoint_table threads=14 begin_tick=1990816022632916 end_tick=1990816022923625 ms_per_tick=9.9999999999999995e-07 device_ms=0.290709
PRODUCER_KERNEL_V1 stage=1 raw_iteration=2147483649 ordinal=23 kernel=evaluate_resident_eos_candidate threads=504666 begin_tick=1990816022924041 end_tick=1990816086687000 ms_per_tick=9.9999999999999995e-07 device_ms=63.762958999999995
PRODUCER_KERNEL_V1 stage=1 raw_iteration=2147483649 ordinal=24 kernel=finalize_resident_eos_candidate threads=1 begin_tick=1990816086704208 end_tick=1990816086707333 ms_per_tick=9.9999999999999995e-07 device_ms=0.0031249999999999997
PRODUCER_KERNEL_V1 stage=1 raw_iteration=2147483649 ordinal=25 kernel=identify_resident_eos threads=1 begin_tick=1990816086707750 end_tick=1990816086710375 ms_per_tick=9.9999999999999995e-07 device_ms=0.0026249999999999997
PRODUCER_KERNEL_V1 stage=1 raw_iteration=2147483649 ordinal=26 kernel=produce_resident_frozen_source threads=504666 begin_tick=1990816086710791 end_tick=1990816086742833 ms_per_tick=9.9999999999999995e-07 device_ms=0.032042000000000001
PRODUCER_KERNEL_V1 stage=1 raw_iteration=2147483649 ordinal=27 kernel=identify_resident_frozen_source threads=1 begin_tick=1990816086743250 end_tick=1990816086746083 ms_per_tick=9.9999999999999995e-07 device_ms=0.002833
PRODUCER_KERNEL_V1 stage=1 raw_iteration=2147483649 ordinal=28 kernel=evaluate_resident_target_terms threads=504666 begin_tick=1990816086746458 end_tick=1990816200778250 ms_per_tick=9.9999999999999995e-07 device_ms=114.031792
PRODUCER_KERNEL_V1 stage=1 raw_iteration=2147483649 ordinal=29 kernel=finalize_resident_target threads=1 begin_tick=1990816200793791 end_tick=1990816200796958 ms_per_tick=9.9999999999999995e-07 device_ms=0.0031669999999999997
PRODUCER_KERNEL_V1 stage=1 raw_iteration=2147483649 ordinal=30 kernel=identify_resident_target threads=1 begin_tick=1990816200797250 end_tick=1990816200800166 ms_per_tick=9.9999999999999995e-07 device_ms=0.0029159999999999998
PRODUCER_KERNEL_V1 stage=1 raw_iteration=2147483649 ordinal=31 kernel=issue_resident_projection_consumer threads=1 begin_tick=1990816200800541 end_tick=1990816200804833 ms_per_tick=9.9999999999999995e-07 device_ms=0.0042919999999999998
PRODUCER_KERNEL_V1 stage=1 raw_iteration=2147483649 ordinal=32 kernel=consume_resident_target threads=1 begin_tick=1990816200805250 end_tick=1990816200809166 ms_per_tick=9.9999999999999995e-07 device_ms=0.0039160000000000002
PRODUCER_KERNEL_V1 stage=1 raw_iteration=2147483649 ordinal=33 kernel=owner_compose_target threads=504666 begin_tick=1990816200809541 end_tick=1990816200888833 ms_per_tick=9.9999999999999995e-07 device_ms=0.079292000000000001
PRODUCER_KERNEL_V1 stage=1 raw_iteration=2147483649 ordinal=34 kernel=finalize_resident_target threads=1 begin_tick=1990816200889125 end_tick=1990816200891458 ms_per_tick=9.9999999999999995e-07 device_ms=0.002333
PRODUCER_KERNEL_V1 stage=1 raw_iteration=2147483649 ordinal=35 kernel=owner_identify_target threads=1 begin_tick=1990816200891833 end_tick=1990816200894791 ms_per_tick=9.9999999999999995e-07 device_ms=0.0029579999999999997
PRODUCER_KERNEL_V1 stage=1 raw_iteration=2147483649 ordinal=36 kernel=issue_resident_projection_consumer threads=1 begin_tick=1990816200895166 end_tick=1990816200897958 ms_per_tick=9.9999999999999995e-07 device_ms=0.0027919999999999998
PRODUCER_KERNEL_V1 stage=1 raw_iteration=2147483649 ordinal=37 kernel=consume_resident_target threads=1 begin_tick=1990816200898333 end_tick=1990816200901708 ms_per_tick=9.9999999999999995e-07 device_ms=0.003375
PRODUCER_KERNEL_V1 stage=1 raw_iteration=2147483649 ordinal=38 kernel=owner_issue_stage_seal threads=1 begin_tick=1990816200902125 end_tick=1990816200904750 ms_per_tick=9.9999999999999995e-07 device_ms=0.0026249999999999997
PRODUCER_KERNEL_V1 stage=1 raw_iteration=2147483649 ordinal=39 kernel=fct_compatible_stage_rate threads=1533387 begin_tick=1990816200905166 end_tick=1990816201412666 ms_per_tick=9.9999999999999995e-07 device_ms=0.50749999999999995
PRODUCER_KERNEL_V1 stage=1 raw_iteration=2147483649 ordinal=40 kernel=fct_compatible_stage_rate threads=1533387 begin_tick=1990816201413083 end_tick=1990816201907041 ms_per_tick=9.9999999999999995e-07 device_ms=0.49395799999999995
PRODUCER_KERNEL_V1 stage=1 raw_iteration=2147483649 ordinal=41 kernel=owner_heun_momentum threads=1533387 begin_tick=1990816201907458 end_tick=1990816202000166 ms_per_tick=9.9999999999999995e-07 device_ms=0.092707999999999999
RISE_FIRE_OWNER_PROFILE_V1 {"scope":52,"parent":47,"phase":"BuildStageProducerGroup","stage":1,"raw_iteration":2147483649,"iteration_kind":"terminal","wall_ms":278.375542000,"device_sum_ms":197.509166552,"wall_minus_device_ms":80.866375448,"exclusive_wall_ms":278.375542000,"exclusive_device_sum_ms":197.509166552,"child_observer_wall_ms":0.000000000,"count_scope":"inclusive","owner_commits":1,"projection_invocations":0}
RISE_FIRE_OWNER_PROFILE_V1 {"scope":53,"parent":47,"phase":"AlphaResidual","stage":1,"raw_iteration":2147483649,"iteration_kind":"terminal","wall_ms":0.224041000,"device_sum_ms":0.049249968,"wall_minus_device_ms":0.174791032,"exclusive_wall_ms":0.224041000,"exclusive_device_sum_ms":0.049249968,"child_observer_wall_ms":0.000000000,"count_scope":"inclusive","owner_commits":1,"projection_invocations":0}
RISE_FIRE_OWNER_PROFILE_V1 {"scope":54,"parent":47,"phase":"Residual","stage":1,"raw_iteration":2147483649,"iteration_kind":"terminal","wall_ms":0.293209000,"device_sum_ms":0.114249997,"wall_minus_device_ms":0.178959003,"exclusive_wall_ms":0.293209000,"exclusive_device_sum_ms":0.114249997,"child_observer_wall_ms":0.000000000,"count_scope":"inclusive","owner_commits":1,"projection_invocations":0}
RISE_FIRE_OWNER_PROFILE_V1 {"scope":47,"parent":40,"phase":"TerminalVerification","stage":1,"raw_iteration":2147483649,"iteration_kind":"terminal","wall_ms":291.657250000,"device_sum_ms":206.822749693,"wall_minus_device_ms":84.834500307,"exclusive_wall_ms":0.003833000,"exclusive_device_sum_ms":0.000000000,"child_observer_wall_ms":0.034458000,"count_scope":"inclusive","owner_commits":7,"projection_invocations":1}
RISE_FIRE_OWNER_PROFILE_V1 {"scope":40,"parent":29,"phase":"PicardIteration","stage":1,"raw_iteration":1,"iteration_kind":"picard","wall_ms":583.932958000,"device_sum_ms":412.386374781,"wall_minus_device_ms":171.546583219,"exclusive_wall_ms":0.405666000,"exclusive_device_sum_ms":0.000000000,"child_observer_wall_ms":0.032293000,"count_scope":"inclusive","owner_commits":13,"projection_invocations":2}
RISE_FIRE_OWNER_PROFILE_V1 {"scope":29,"parent":1,"phase":"SolveStage","stage":1,"raw_iteration":4294967295,"iteration_kind":"bootstrap","wall_ms":1169.357041000,"device_sum_ms":826.289292192,"wall_minus_device_ms":343.067748808,"exclusive_wall_ms":1.713083000,"exclusive_device_sum_ms":0.000000000,"child_observer_wall_ms":0.022416000,"count_scope":"inclusive","owner_commits":22,"projection_invocations":4}
RISE_FIRE_OWNER_PROFILE_V1 {"scope":57,"parent":56,"phase":"ProjectionAdapter","stage":2,"raw_iteration":4294967295,"iteration_kind":"bootstrap","wall_ms":11.601208000,"device_sum_ms":8.757083211,"wall_minus_device_ms":2.844124789,"exclusive_wall_ms":11.601208000,"exclusive_device_sum_ms":8.757083211,"child_observer_wall_ms":0.000000000,"count_scope":"inclusive","owner_commits":0,"projection_invocations":1}
RISE_FIRE_OWNER_PROFILE_V1 {"scope":56,"parent":55,"phase":"Project","stage":2,"raw_iteration":4294967295,"iteration_kind":"bootstrap","wall_ms":12.094000000,"device_sum_ms":8.805708261,"wall_minus_device_ms":3.288291739,"exclusive_wall_ms":0.484833000,"exclusive_device_sum_ms":0.048625050,"child_observer_wall_ms":0.007959000,"count_scope":"inclusive","owner_commits":2,"projection_invocations":1}
PRODUCER_COMMAND_V1 stage=2 raw_iteration=4294967295 cpu_begin=1990816217755375 cpu_end=1990816490003666 gpu_begin=1990816217755375 gpu_end=1990816490003666 device_ms=191.32745848037302 encoders=36 interval_scope=possibly_overlapping
PRODUCER_KERNEL_V1 stage=2 raw_iteration=4294967295 ordinal=0 kernel=owner_pack_faces threads=1533387 begin_tick=1990816298590250 end_tick=1990816298651916 ms_per_tick=9.9999999999999995e-07 device_ms=0.061665999999999999
PRODUCER_KERNEL_V1 stage=2 raw_iteration=4294967295 ordinal=1 kernel=owner_pack_faces threads=1533387 begin_tick=1990816298651666 end_tick=1990816299092375 ms_per_tick=9.9999999999999995e-07 device_ms=0.44070899999999996
PRODUCER_KERNEL_V1 stage=2 raw_iteration=4294967295 ordinal=2 kernel=owner_pack_faces threads=1533387 begin_tick=1990816298586583 end_tick=1990816298651666 ms_per_tick=9.9999999999999995e-07 device_ms=0.065083000000000002
PRODUCER_KERNEL_V1 stage=2 raw_iteration=4294967295 ordinal=3 kernel=fct_extract_gas_density threads=504666 begin_tick=1990816299092375 end_tick=1990816299116708 ms_per_tick=9.9999999999999995e-07 device_ms=0.024333
PRODUCER_KERNEL_V1 stage=2 raw_iteration=4294967295 ordinal=4 kernel=owner_gas_source threads=504666 begin_tick=1990816299116708 end_tick=1990816299163958 ms_per_tick=9.9999999999999995e-07 device_ms=0.04725
PRODUCER_KERNEL_V1 stage=2 raw_iteration=4294967295 ordinal=5 kernel=evaluate_resident_transport threads=504666 begin_tick=1990816298652291 end_tick=1990816299181958 ms_per_tick=9.9999999999999995e-07 device_ms=0.529667
PRODUCER_KERNEL_V1 stage=2 raw_iteration=4294967295 ordinal=6 kernel=identify_resident_transport threads=1 begin_tick=1990816299182500 end_tick=1990816299185500 ms_per_tick=9.9999999999999995e-07 device_ms=0.0030000000000000001
PRODUCER_KERNEL_V1 stage=2 raw_iteration=4294967295 ordinal=7 kernel=owner_bind_transport threads=1 begin_tick=1990816299186041 end_tick=1990816299189791 ms_per_tick=9.9999999999999995e-07 device_ms=0.0037499999999999999
PRODUCER_KERNEL_V1 stage=2 raw_iteration=4294967295 ordinal=8 kernel=identify_resident_owner_endpoint_class threads=1 begin_tick=1990816299190625 end_tick=1990816299193666 ms_per_tick=9.9999999999999995e-07 device_ms=0.0030409999999999999
PRODUCER_KERNEL_V1 stage=2 raw_iteration=4294967295 ordinal=9 kernel=evaluate_resident_physical_flux threads=1533387 begin_tick=1990816299970416 end_tick=1990816301307625 ms_per_tick=9.9999999999999995e-07 device_ms=1.3372089999999999
PRODUCER_KERNEL_V1 stage=2 raw_iteration=4294967295 ordinal=10 kernel=evaluate_resident_advective_pair threads=13800483 begin_tick=1990816301339875 end_tick=1990816308621250 ms_per_tick=9.9999999999999995e-07 device_ms=7.2813749999999997
PRODUCER_KERNEL_V1 stage=2 raw_iteration=4294967295 ordinal=11 kernel=finalize_resident_advective_high threads=13800483 begin_tick=1990816308655333 end_tick=1990816309075833 ms_per_tick=9.9999999999999995e-07 device_ms=0.42049999999999998
PRODUCER_KERNEL_V1 stage=2 raw_iteration=4294967295 ordinal=12 kernel=compose_resident_flux_pair threads=13800483 begin_tick=1990816309076208 end_tick=1990816310118458 ms_per_tick=9.9999999999999995e-07 device_ms=1.0422499999999999
PRODUCER_KERNEL_V1 stage=2 raw_iteration=4294967295 ordinal=13 kernel=validate_resident_physical_flux threads=13800483 begin_tick=1990816310147875 end_tick=1990816311001541 ms_per_tick=9.9999999999999995e-07 device_ms=0.85366599999999992
PRODUCER_KERNEL_V1 stage=2 raw_iteration=4294967295 ordinal=14 kernel=identify_resident_physical_flux threads=32 begin_tick=1990816311002041 end_tick=1990816311007833 ms_per_tick=9.9999999999999995e-07 device_ms=0.0057919999999999994
PRODUCER_KERNEL_V1 stage=2 raw_iteration=4294967295 ordinal=15 kernel=owner_bind_candidate threads=1 begin_tick=1990816311008333 end_tick=1990816311011916 ms_per_tick=9.9999999999999995e-07 device_ms=0.0035829999999999998
PRODUCER_KERNEL_V1 stage=2 raw_iteration=4294967295 ordinal=16 kernel=finalize_resident_eos_candidate threads=1 begin_tick=1990816311012333 end_tick=1990816311014875 ms_per_tick=9.9999999999999995e-07 device_ms=0.002542
PRODUCER_KERNEL_V1 stage=2 raw_iteration=4294967295 ordinal=17 kernel=build_eos_endpoint_table threads=14 begin_tick=1990816311015541 end_tick=1990816311307750 ms_per_tick=9.9999999999999995e-07 device_ms=0.292209
PRODUCER_KERNEL_V1 stage=2 raw_iteration=4294967295 ordinal=18 kernel=evaluate_resident_eos_candidate threads=504666 begin_tick=1990816311308166 end_tick=1990816375200083 ms_per_tick=9.9999999999999995e-07 device_ms=63.891916999999999
PRODUCER_KERNEL_V1 stage=2 raw_iteration=4294967295 ordinal=19 kernel=finalize_resident_eos_candidate threads=1 begin_tick=1990816375217750 end_tick=1990816375220500 ms_per_tick=9.9999999999999995e-07 device_ms=0.0027499999999999998
PRODUCER_KERNEL_V1 stage=2 raw_iteration=4294967295 ordinal=20 kernel=identify_resident_eos threads=1 begin_tick=1990816375220916 end_tick=1990816375223500 ms_per_tick=9.9999999999999995e-07 device_ms=0.0025839999999999999
PRODUCER_KERNEL_V1 stage=2 raw_iteration=4294967295 ordinal=21 kernel=produce_resident_frozen_source threads=504666 begin_tick=1990816375223958 end_tick=1990816375255708 ms_per_tick=9.9999999999999995e-07 device_ms=0.03175
PRODUCER_KERNEL_V1 stage=2 raw_iteration=4294967295 ordinal=22 kernel=identify_resident_frozen_source threads=1 begin_tick=1990816375256000 end_tick=1990816375262291 ms_per_tick=9.9999999999999995e-07 device_ms=0.0062909999999999997
PRODUCER_KERNEL_V1 stage=2 raw_iteration=4294967295 ordinal=23 kernel=evaluate_resident_target_terms threads=504666 begin_tick=1990816375263500 end_tick=1990816489208500 ms_per_tick=9.9999999999999995e-07 device_ms=113.94499999999999
PRODUCER_KERNEL_V1 stage=2 raw_iteration=4294967295 ordinal=24 kernel=finalize_resident_target threads=1 begin_tick=1990816489225083 end_tick=1990816489231500 ms_per_tick=9.9999999999999995e-07 device_ms=0.006417
PRODUCER_KERNEL_V1 stage=2 raw_iteration=4294967295 ordinal=25 kernel=identify_resident_target threads=1 begin_tick=1990816489232041 end_tick=1990816489235208 ms_per_tick=9.9999999999999995e-07 device_ms=0.0031669999999999997
PRODUCER_KERNEL_V1 stage=2 raw_iteration=4294967295 ordinal=26 kernel=issue_resident_projection_consumer threads=1 begin_tick=1990816489235583 end_tick=1990816489239916 ms_per_tick=9.9999999999999995e-07 device_ms=0.004333
PRODUCER_KERNEL_V1 stage=2 raw_iteration=4294967295 ordinal=27 kernel=consume_resident_target threads=1 begin_tick=1990816489240208 end_tick=1990816489244333 ms_per_tick=9.9999999999999995e-07 device_ms=0.0041250000000000002
PRODUCER_KERNEL_V1 stage=2 raw_iteration=4294967295 ordinal=28 kernel=owner_compose_target threads=504666 begin_tick=1990816489244750 end_tick=1990816489275166 ms_per_tick=9.9999999999999995e-07 device_ms=0.030415999999999999
PRODUCER_KERNEL_V1 stage=2 raw_iteration=4294967295 ordinal=29 kernel=finalize_resident_target threads=1 begin_tick=1990816489275708 end_tick=1990816489281833 ms_per_tick=9.9999999999999995e-07 device_ms=0.0061249999999999994
PRODUCER_KERNEL_V1 stage=2 raw_iteration=4294967295 ordinal=30 kernel=owner_identify_target threads=1 begin_tick=1990816489282208 end_tick=1990816489285166 ms_per_tick=9.9999999999999995e-07 device_ms=0.0029579999999999997
PRODUCER_KERNEL_V1 stage=2 raw_iteration=4294967295 ordinal=31 kernel=issue_resident_projection_consumer threads=1 begin_tick=1990816489285750 end_tick=1990816489288916 ms_per_tick=9.9999999999999995e-07 device_ms=0.003166
PRODUCER_KERNEL_V1 stage=2 raw_iteration=4294967295 ordinal=32 kernel=consume_resident_target threads=1 begin_tick=1990816489289333 end_tick=1990816489293125 ms_per_tick=9.9999999999999995e-07 device_ms=0.0037919999999999998
PRODUCER_KERNEL_V1 stage=2 raw_iteration=4294967295 ordinal=33 kernel=owner_issue_stage_seal threads=1 begin_tick=1990816489293666 end_tick=1990816489296416 ms_per_tick=9.9999999999999995e-07 device_ms=0.0027499999999999998
PRODUCER_KERNEL_V1 stage=2 raw_iteration=4294967295 ordinal=34 kernel=fct_compatible_stage_rate threads=1533387 begin_tick=1990816489296916 end_tick=1990816489813708 ms_per_tick=9.9999999999999995e-07 device_ms=0.51679200000000003
PRODUCER_KERNEL_V1 stage=2 raw_iteration=4294967295 ordinal=35 kernel=owner_heun_momentum threads=1533387 begin_tick=1990816489814208 end_tick=1990816489908416 ms_per_tick=9.9999999999999995e-07 device_ms=0.094208
RISE_FIRE_OWNER_PROFILE_V1 {"scope":58,"parent":55,"phase":"BuildStageProducerGroup","stage":2,"raw_iteration":4294967295,"iteration_kind":"bootstrap","wall_ms":272.399125000,"device_sum_ms":191.327458480,"wall_minus_device_ms":81.071666520,"exclusive_wall_ms":272.399125000,"exclusive_device_sum_ms":191.327458480,"child_observer_wall_ms":0.000000000,"count_scope":"inclusive","owner_commits":1,"projection_invocations":0}
RISE_FIRE_OWNER_PROFILE_V1 {"scope":61,"parent":60,"phase":"ProjectionAdapter","stage":2,"raw_iteration":0,"iteration_kind":"picard","wall_ms":12.078333000,"device_sum_ms":9.220750071,"wall_minus_device_ms":2.857582929,"exclusive_wall_ms":12.078333000,"exclusive_device_sum_ms":9.220750071,"child_observer_wall_ms":0.000000000,"count_scope":"inclusive","owner_commits":0,"projection_invocations":1}
RISE_FIRE_OWNER_PROFILE_V1 {"scope":60,"parent":59,"phase":"Project","stage":2,"raw_iteration":0,"iteration_kind":"picard","wall_ms":12.581750000,"device_sum_ms":9.264333406,"wall_minus_device_ms":3.317416594,"exclusive_wall_ms":0.495042000,"exclusive_device_sum_ms":0.043583335,"child_observer_wall_ms":0.008375000,"count_scope":"inclusive","owner_commits":2,"projection_invocations":1}
RISE_FIRE_OWNER_PROFILE_V1 {"scope":62,"parent":59,"phase":"ReadOpenClass","stage":2,"raw_iteration":0,"iteration_kind":"picard","wall_ms":0.326958000,"device_sum_ms":0.159333460,"wall_minus_device_ms":0.167624540,"exclusive_wall_ms":0.326958000,"exclusive_device_sum_ms":0.159333460,"child_observer_wall_ms":0.000000000,"count_scope":"inclusive","owner_commits":1,"projection_invocations":0}
RISE_FIRE_OWNER_PROFILE_V1 {"scope":63,"parent":59,"phase":"ReadOpenClass","stage":2,"raw_iteration":0,"iteration_kind":"picard","wall_ms":0.170750000,"device_sum_ms":0.002791639,"wall_minus_device_ms":0.167958361,"exclusive_wall_ms":0.170750000,"exclusive_device_sum_ms":0.002791639,"child_observer_wall_ms":0.000000000,"count_scope":"inclusive","owner_commits":1,"projection_invocations":0}
PRODUCER_COMMAND_V1 stage=2 raw_iteration=0 cpu_begin=1990816503254208 cpu_end=1990816775808666 gpu_begin=1990816503254208 gpu_end=1990816775808666 device_ms=191.60629156976938 encoders=36 interval_scope=possibly_overlapping
PRODUCER_KERNEL_V1 stage=2 raw_iteration=0 ordinal=0 kernel=owner_pack_faces threads=1533387 begin_tick=1990816584102125 end_tick=1990816584161708 ms_per_tick=9.9999999999999995e-07 device_ms=0.059582999999999997
PRODUCER_KERNEL_V1 stage=2 raw_iteration=0 ordinal=1 kernel=owner_pack_faces threads=1533387 begin_tick=1990816584161708 end_tick=1990816584513666 ms_per_tick=9.9999999999999995e-07 device_ms=0.35195799999999999
PRODUCER_KERNEL_V1 stage=2 raw_iteration=0 ordinal=2 kernel=owner_pack_faces threads=1533387 begin_tick=1990816584099958 end_tick=1990816584161916 ms_per_tick=9.9999999999999995e-07 device_ms=0.061957999999999999
PRODUCER_KERNEL_V1 stage=2 raw_iteration=0 ordinal=3 kernel=fct_extract_gas_density threads=504666 begin_tick=1990816584162208 end_tick=1990816584213541 ms_per_tick=9.9999999999999995e-07 device_ms=0.051332999999999997
PRODUCER_KERNEL_V1 stage=2 raw_iteration=0 ordinal=4 kernel=owner_gas_source threads=504666 begin_tick=1990816584514041 end_tick=1990816584669208 ms_per_tick=9.9999999999999995e-07 device_ms=0.155167
PRODUCER_KERNEL_V1 stage=2 raw_iteration=0 ordinal=5 kernel=evaluate_resident_transport threads=504666 begin_tick=1990816584213541 end_tick=1990816584687500 ms_per_tick=9.9999999999999995e-07 device_ms=0.47395899999999996
PRODUCER_KERNEL_V1 stage=2 raw_iteration=0 ordinal=6 kernel=identify_resident_transport threads=1 begin_tick=1990816584687916 end_tick=1990816584690875 ms_per_tick=9.9999999999999995e-07 device_ms=0.0029589999999999998
PRODUCER_KERNEL_V1 stage=2 raw_iteration=0 ordinal=7 kernel=owner_bind_transport threads=1 begin_tick=1990816584691458 end_tick=1990816584695291 ms_per_tick=9.9999999999999995e-07 device_ms=0.003833
PRODUCER_KERNEL_V1 stage=2 raw_iteration=0 ordinal=8 kernel=identify_resident_owner_endpoint_class threads=1 begin_tick=1990816584696083 end_tick=1990816584699625 ms_per_tick=9.9999999999999995e-07 device_ms=0.003542
PRODUCER_KERNEL_V1 stage=2 raw_iteration=0 ordinal=9 kernel=evaluate_resident_physical_flux threads=1533387 begin_tick=1990816585520166 end_tick=1990816587078250 ms_per_tick=9.9999999999999995e-07 device_ms=1.558084
PRODUCER_KERNEL_V1 stage=2 raw_iteration=0 ordinal=10 kernel=evaluate_resident_advective_pair threads=13800483 begin_tick=1990816586982833 end_tick=1990816594164958 ms_per_tick=9.9999999999999995e-07 device_ms=7.1821250000000001
PRODUCER_KERNEL_V1 stage=2 raw_iteration=0 ordinal=11 kernel=finalize_resident_advective_high threads=13800483 begin_tick=1990816594165583 end_tick=1990816594586625 ms_per_tick=9.9999999999999995e-07 device_ms=0.42104199999999997
PRODUCER_KERNEL_V1 stage=2 raw_iteration=0 ordinal=12 kernel=compose_resident_flux_pair threads=13800483 begin_tick=1990816594586958 end_tick=1990816595554916 ms_per_tick=9.9999999999999995e-07 device_ms=0.96795799999999999
PRODUCER_KERNEL_V1 stage=2 raw_iteration=0 ordinal=13 kernel=validate_resident_physical_flux threads=13800483 begin_tick=1990816595555541 end_tick=1990816596413750 ms_per_tick=9.9999999999999995e-07 device_ms=0.858209
PRODUCER_KERNEL_V1 stage=2 raw_iteration=0 ordinal=14 kernel=identify_resident_physical_flux threads=32 begin_tick=1990816596414208 end_tick=1990816596419833 ms_per_tick=9.9999999999999995e-07 device_ms=0.0056249999999999998
PRODUCER_KERNEL_V1 stage=2 raw_iteration=0 ordinal=15 kernel=owner_bind_candidate threads=1 begin_tick=1990816596420333 end_tick=1990816596424000 ms_per_tick=9.9999999999999995e-07 device_ms=0.0036669999999999997
PRODUCER_KERNEL_V1 stage=2 raw_iteration=0 ordinal=16 kernel=finalize_resident_eos_candidate threads=1 begin_tick=1990816596424375 end_tick=1990816596426833 ms_per_tick=9.9999999999999995e-07 device_ms=0.0024579999999999997
PRODUCER_KERNEL_V1 stage=2 raw_iteration=0 ordinal=17 kernel=build_eos_endpoint_table threads=14 begin_tick=1990816596427583 end_tick=1990816596718500 ms_per_tick=9.9999999999999995e-07 device_ms=0.29091699999999998
PRODUCER_KERNEL_V1 stage=2 raw_iteration=0 ordinal=18 kernel=evaluate_resident_eos_candidate threads=504666 begin_tick=1990816596718916 end_tick=1990816660957041 ms_per_tick=9.9999999999999995e-07 device_ms=64.238124999999997
PRODUCER_KERNEL_V1 stage=2 raw_iteration=0 ordinal=19 kernel=finalize_resident_eos_candidate threads=1 begin_tick=1990816660972041 end_tick=1990816660975083 ms_per_tick=9.9999999999999995e-07 device_ms=0.003042
PRODUCER_KERNEL_V1 stage=2 raw_iteration=0 ordinal=20 kernel=identify_resident_eos threads=1 begin_tick=1990816660975375 end_tick=1990816660978000 ms_per_tick=9.9999999999999995e-07 device_ms=0.0026249999999999997
PRODUCER_KERNEL_V1 stage=2 raw_iteration=0 ordinal=21 kernel=produce_resident_frozen_source threads=504666 begin_tick=1990816660978541 end_tick=1990816661009708 ms_per_tick=9.9999999999999995e-07 device_ms=0.031167
PRODUCER_KERNEL_V1 stage=2 raw_iteration=0 ordinal=22 kernel=identify_resident_frozen_source threads=1 begin_tick=1990816661010125 end_tick=1990816661013125 ms_per_tick=9.9999999999999995e-07 device_ms=0.0030000000000000001
PRODUCER_KERNEL_V1 stage=2 raw_iteration=0 ordinal=23 kernel=evaluate_resident_target_terms threads=504666 begin_tick=1990816661013666 end_tick=1990816775016083 ms_per_tick=9.9999999999999995e-07 device_ms=114.00241699999999
PRODUCER_KERNEL_V1 stage=2 raw_iteration=0 ordinal=24 kernel=finalize_resident_target threads=1 begin_tick=1990816775031458 end_tick=1990816775037708 ms_per_tick=9.9999999999999995e-07 device_ms=0.0062499999999999995
PRODUCER_KERNEL_V1 stage=2 raw_iteration=0 ordinal=25 kernel=identify_resident_target threads=1 begin_tick=1990816775038291 end_tick=1990816775041375 ms_per_tick=9.9999999999999995e-07 device_ms=0.0030839999999999999
PRODUCER_KERNEL_V1 stage=2 raw_iteration=0 ordinal=26 kernel=issue_resident_projection_consumer threads=1 begin_tick=1990816775041791 end_tick=1990816775046625 ms_per_tick=9.9999999999999995e-07 device_ms=0.0048339999999999998
PRODUCER_KERNEL_V1 stage=2 raw_iteration=0 ordinal=27 kernel=consume_resident_target threads=1 begin_tick=1990816775047166 end_tick=1990816775051416 ms_per_tick=9.9999999999999995e-07 device_ms=0.0042499999999999994
PRODUCER_KERNEL_V1 stage=2 raw_iteration=0 ordinal=28 kernel=owner_compose_target threads=504666 begin_tick=1990816775051833 end_tick=1990816775081416 ms_per_tick=9.9999999999999995e-07 device_ms=0.029582999999999998
PRODUCER_KERNEL_V1 stage=2 raw_iteration=0 ordinal=29 kernel=finalize_resident_target threads=1 begin_tick=1990816775081958 end_tick=1990816775084500 ms_per_tick=9.9999999999999995e-07 device_ms=0.002542
PRODUCER_KERNEL_V1 stage=2 raw_iteration=0 ordinal=30 kernel=owner_identify_target threads=1 begin_tick=1990816775084875 end_tick=1990816775087875 ms_per_tick=9.9999999999999995e-07 device_ms=0.0030000000000000001
PRODUCER_KERNEL_V1 stage=2 raw_iteration=0 ordinal=31 kernel=issue_resident_projection_consumer threads=1 begin_tick=1990816775088416 end_tick=1990816775091500 ms_per_tick=9.9999999999999995e-07 device_ms=0.0030839999999999999
PRODUCER_KERNEL_V1 stage=2 raw_iteration=0 ordinal=32 kernel=consume_resident_target threads=1 begin_tick=1990816775091875 end_tick=1990816775095000 ms_per_tick=9.9999999999999995e-07 device_ms=0.0031249999999999997
PRODUCER_KERNEL_V1 stage=2 raw_iteration=0 ordinal=33 kernel=owner_issue_stage_seal threads=1 begin_tick=1990816775095541 end_tick=1990816775098291 ms_per_tick=9.9999999999999995e-07 device_ms=0.0027499999999999998
PRODUCER_KERNEL_V1 stage=2 raw_iteration=0 ordinal=34 kernel=fct_compatible_stage_rate threads=1533387 begin_tick=1990816775098666 end_tick=1990816775608958 ms_per_tick=9.9999999999999995e-07 device_ms=0.51029199999999997
PRODUCER_KERNEL_V1 stage=2 raw_iteration=0 ordinal=35 kernel=owner_heun_momentum threads=1533387 begin_tick=1990816775609333 end_tick=1990816775700416 ms_per_tick=9.9999999999999995e-07 device_ms=0.091082999999999997
RISE_FIRE_OWNER_PROFILE_V1 {"scope":64,"parent":59,"phase":"BuildStageProducerGroup","stage":2,"raw_iteration":0,"iteration_kind":"picard","wall_ms":272.715791000,"device_sum_ms":191.606291570,"wall_minus_device_ms":81.109499430,"exclusive_wall_ms":272.715791000,"exclusive_device_sum_ms":191.606291570,"child_observer_wall_ms":0.000000000,"count_scope":"inclusive","owner_commits":1,"projection_invocations":0}
RISE_FIRE_OWNER_PROFILE_V1 {"scope":65,"parent":59,"phase":"Residual","stage":2,"raw_iteration":0,"iteration_kind":"picard","wall_ms":0.245208000,"device_sum_ms":0.022666762,"wall_minus_device_ms":0.222541238,"exclusive_wall_ms":0.245208000,"exclusive_device_sum_ms":0.022666762,"child_observer_wall_ms":0.000000000,"count_scope":"inclusive","owner_commits":1,"projection_invocations":0}
RISE_FIRE_OWNER_PROFILE_V1 {"scope":59,"parent":55,"phase":"PicardIteration","stage":2,"raw_iteration":0,"iteration_kind":"picard","wall_ms":286.443209000,"device_sum_ms":201.055416837,"wall_minus_device_ms":85.387792163,"exclusive_wall_ms":0.376751000,"exclusive_device_sum_ms":0.000000000,"child_observer_wall_ms":0.026001000,"count_scope":"inclusive","owner_commits":6,"projection_invocations":1}
RISE_FIRE_OWNER_PROFILE_V1 {"scope":68,"parent":67,"phase":"ProjectionAdapter","stage":2,"raw_iteration":1,"iteration_kind":"picard","wall_ms":11.986875000,"device_sum_ms":9.207499912,"wall_minus_device_ms":2.779375088,"exclusive_wall_ms":11.986875000,"exclusive_device_sum_ms":9.207499912,"child_observer_wall_ms":0.000000000,"count_scope":"inclusive","owner_commits":0,"projection_invocations":1}
RISE_FIRE_OWNER_PROFILE_V1 {"scope":67,"parent":66,"phase":"Project","stage":2,"raw_iteration":1,"iteration_kind":"picard","wall_ms":13.144833000,"device_sum_ms":9.251749841,"wall_minus_device_ms":3.893083159,"exclusive_wall_ms":1.152042000,"exclusive_device_sum_ms":0.044249929,"child_observer_wall_ms":0.005916000,"count_scope":"inclusive","owner_commits":2,"projection_invocations":1}
RISE_FIRE_OWNER_PROFILE_V1 {"scope":69,"parent":66,"phase":"ReadOpenClass","stage":2,"raw_iteration":1,"iteration_kind":"picard","wall_ms":0.160041000,"device_sum_ms":0.002458459,"wall_minus_device_ms":0.157582541,"exclusive_wall_ms":0.160041000,"exclusive_device_sum_ms":0.002458459,"child_observer_wall_ms":0.000000000,"count_scope":"inclusive","owner_commits":1,"projection_invocations":0}
RISE_FIRE_OWNER_PROFILE_V1 {"scope":70,"parent":66,"phase":"ReadOpenClass","stage":2,"raw_iteration":1,"iteration_kind":"picard","wall_ms":0.154750000,"device_sum_ms":0.002375105,"wall_minus_device_ms":0.152374895,"exclusive_wall_ms":0.154750000,"exclusive_device_sum_ms":0.002375105,"child_observer_wall_ms":0.000000000,"count_scope":"inclusive","owner_commits":1,"projection_invocations":0}
PRODUCER_COMMAND_V1 stage=2 raw_iteration=1 cpu_begin=1990816790089416 cpu_end=1990817063067541 gpu_begin=1990816790089416 gpu_end=1990817063067541 device_ms=192.47062504291534 encoders=36 interval_scope=possibly_overlapping
PRODUCER_KERNEL_V1 stage=2 raw_iteration=1 ordinal=0 kernel=owner_pack_faces threads=1533387 begin_tick=1990816870600375 end_tick=1990816870651750 ms_per_tick=9.9999999999999995e-07 device_ms=0.051374999999999997
PRODUCER_KERNEL_V1 stage=2 raw_iteration=1 ordinal=1 kernel=owner_pack_faces threads=1533387 begin_tick=1990816870669583 end_tick=1990816870721208 ms_per_tick=9.9999999999999995e-07 device_ms=0.051624999999999997
PRODUCER_KERNEL_V1 stage=2 raw_iteration=1 ordinal=2 kernel=owner_pack_faces threads=1533387 begin_tick=1990816870807041 end_tick=1990816870905250 ms_per_tick=9.9999999999999995e-07 device_ms=0.098208999999999991
PRODUCER_KERNEL_V1 stage=2 raw_iteration=1 ordinal=3 kernel=fct_extract_gas_density threads=504666 begin_tick=1990816870812000 end_tick=1990816870861833 ms_per_tick=9.9999999999999995e-07 device_ms=0.049832999999999995
PRODUCER_KERNEL_V1 stage=2 raw_iteration=1 ordinal=4 kernel=owner_gas_source threads=504666 begin_tick=1990816870869666 end_tick=1990816870914166 ms_per_tick=9.9999999999999995e-07 device_ms=0.044499999999999998
PRODUCER_KERNEL_V1 stage=2 raw_iteration=1 ordinal=5 kernel=evaluate_resident_transport threads=504666 begin_tick=1990816870994416 end_tick=1990816871443083 ms_per_tick=9.9999999999999995e-07 device_ms=0.44866699999999998
PRODUCER_KERNEL_V1 stage=2 raw_iteration=1 ordinal=6 kernel=identify_resident_transport threads=1 begin_tick=1990816871443416 end_tick=1990816871446208 ms_per_tick=9.9999999999999995e-07 device_ms=0.0027919999999999998
PRODUCER_KERNEL_V1 stage=2 raw_iteration=1 ordinal=7 kernel=owner_bind_transport threads=1 begin_tick=1990816871446750 end_tick=1990816871450416 ms_per_tick=9.9999999999999995e-07 device_ms=0.003666
PRODUCER_KERNEL_V1 stage=2 raw_iteration=1 ordinal=8 kernel=identify_resident_owner_endpoint_class threads=1 begin_tick=1990816871450708 end_tick=1990816871453666 ms_per_tick=9.9999999999999995e-07 device_ms=0.0029579999999999997
PRODUCER_KERNEL_V1 stage=2 raw_iteration=1 ordinal=9 kernel=evaluate_resident_physical_flux threads=1533387 begin_tick=1990816872427375 end_tick=1990816873805916 ms_per_tick=9.9999999999999995e-07 device_ms=1.378541
PRODUCER_KERNEL_V1 stage=2 raw_iteration=1 ordinal=10 kernel=evaluate_resident_advective_pair threads=13800483 begin_tick=1990816873903041 end_tick=1990816881254750 ms_per_tick=9.9999999999999995e-07 device_ms=7.3517089999999996
PRODUCER_KERNEL_V1 stage=2 raw_iteration=1 ordinal=11 kernel=finalize_resident_advective_high threads=13800483 begin_tick=1990816881255500 end_tick=1990816881676958 ms_per_tick=9.9999999999999995e-07 device_ms=0.421458
PRODUCER_KERNEL_V1 stage=2 raw_iteration=1 ordinal=12 kernel=compose_resident_flux_pair threads=13800483 begin_tick=1990816881677333 end_tick=1990816882564375 ms_per_tick=9.9999999999999995e-07 device_ms=0.887042
PRODUCER_KERNEL_V1 stage=2 raw_iteration=1 ordinal=13 kernel=validate_resident_physical_flux threads=13800483 begin_tick=1990816882565041 end_tick=1990816883410333 ms_per_tick=9.9999999999999995e-07 device_ms=0.84529199999999993
PRODUCER_KERNEL_V1 stage=2 raw_iteration=1 ordinal=14 kernel=identify_resident_physical_flux threads=32 begin_tick=1990816883410791 end_tick=1990816883414208 ms_per_tick=9.9999999999999995e-07 device_ms=0.0034169999999999999
PRODUCER_KERNEL_V1 stage=2 raw_iteration=1 ordinal=15 kernel=owner_bind_candidate threads=1 begin_tick=1990816883414708 end_tick=1990816883418250 ms_per_tick=9.9999999999999995e-07 device_ms=0.003542
PRODUCER_KERNEL_V1 stage=2 raw_iteration=1 ordinal=16 kernel=finalize_resident_eos_candidate threads=1 begin_tick=1990816883419250 end_tick=1990816883421708 ms_per_tick=9.9999999999999995e-07 device_ms=0.0024579999999999997
PRODUCER_KERNEL_V1 stage=2 raw_iteration=1 ordinal=17 kernel=build_eos_endpoint_table threads=14 begin_tick=1990816883422458 end_tick=1990816883713833 ms_per_tick=9.9999999999999995e-07 device_ms=0.291375
PRODUCER_KERNEL_V1 stage=2 raw_iteration=1 ordinal=18 kernel=evaluate_resident_eos_candidate threads=504666 begin_tick=1990816883714208 end_tick=1990816947703333 ms_per_tick=9.9999999999999995e-07 device_ms=63.989124999999994
PRODUCER_KERNEL_V1 stage=2 raw_iteration=1 ordinal=19 kernel=finalize_resident_eos_candidate threads=1 begin_tick=1990816947718333 end_tick=1990816947721000 ms_per_tick=9.9999999999999995e-07 device_ms=0.0026669999999999997
PRODUCER_KERNEL_V1 stage=2 raw_iteration=1 ordinal=20 kernel=identify_resident_eos threads=1 begin_tick=1990816947721416 end_tick=1990816947724000 ms_per_tick=9.9999999999999995e-07 device_ms=0.0025839999999999999
PRODUCER_KERNEL_V1 stage=2 raw_iteration=1 ordinal=21 kernel=produce_resident_frozen_source threads=504666 begin_tick=1990816947724458 end_tick=1990816947755458 ms_per_tick=9.9999999999999995e-07 device_ms=0.031
PRODUCER_KERNEL_V1 stage=2 raw_iteration=1 ordinal=22 kernel=identify_resident_frozen_source threads=1 begin_tick=1990816947755833 end_tick=1990816947758583 ms_per_tick=9.9999999999999995e-07 device_ms=0.0027499999999999998
PRODUCER_KERNEL_V1 stage=2 raw_iteration=1 ordinal=23 kernel=evaluate_resident_target_terms threads=504666 begin_tick=1990816947759125 end_tick=1990817062227166 ms_per_tick=9.9999999999999995e-07 device_ms=114.468041
PRODUCER_KERNEL_V1 stage=2 raw_iteration=1 ordinal=24 kernel=finalize_resident_target threads=1 begin_tick=1990817062241208 end_tick=1990817062244083 ms_per_tick=9.9999999999999995e-07 device_ms=0.002875
PRODUCER_KERNEL_V1 stage=2 raw_iteration=1 ordinal=25 kernel=identify_resident_target threads=1 begin_tick=1990817062244625 end_tick=1990817062247625 ms_per_tick=9.9999999999999995e-07 device_ms=0.0030000000000000001
PRODUCER_KERNEL_V1 stage=2 raw_iteration=1 ordinal=26 kernel=issue_resident_projection_consumer threads=1 begin_tick=1990817062248000 end_tick=1990817062252250 ms_per_tick=9.9999999999999995e-07 device_ms=0.0042499999999999994
PRODUCER_KERNEL_V1 stage=2 raw_iteration=1 ordinal=27 kernel=consume_resident_target threads=1 begin_tick=1990817062252583 end_tick=1990817062256708 ms_per_tick=9.9999999999999995e-07 device_ms=0.0041250000000000002
PRODUCER_KERNEL_V1 stage=2 raw_iteration=1 ordinal=28 kernel=owner_compose_target threads=504666 begin_tick=1990817062257083 end_tick=1990817062289833 ms_per_tick=9.9999999999999995e-07 device_ms=0.032750000000000001
PRODUCER_KERNEL_V1 stage=2 raw_iteration=1 ordinal=29 kernel=finalize_resident_target threads=1 begin_tick=1990817062290375 end_tick=1990817062292916 ms_per_tick=9.9999999999999995e-07 device_ms=0.0025409999999999999
PRODUCER_KERNEL_V1 stage=2 raw_iteration=1 ordinal=30 kernel=owner_identify_target threads=1 begin_tick=1990817062293291 end_tick=1990817062296458 ms_per_tick=9.9999999999999995e-07 device_ms=0.0031669999999999997
PRODUCER_KERNEL_V1 stage=2 raw_iteration=1 ordinal=31 kernel=issue_resident_projection_consumer threads=1 begin_tick=1990817062297000 end_tick=1990817062300125 ms_per_tick=9.9999999999999995e-07 device_ms=0.0031249999999999997
PRODUCER_KERNEL_V1 stage=2 raw_iteration=1 ordinal=32 kernel=consume_resident_target threads=1 begin_tick=1990817062300500 end_tick=1990817062303541 ms_per_tick=9.9999999999999995e-07 device_ms=0.0030409999999999999
PRODUCER_KERNEL_V1 stage=2 raw_iteration=1 ordinal=33 kernel=owner_issue_stage_seal threads=1 begin_tick=1990817062304125 end_tick=1990817062307000 ms_per_tick=9.9999999999999995e-07 device_ms=0.002875
PRODUCER_KERNEL_V1 stage=2 raw_iteration=1 ordinal=34 kernel=fct_compatible_stage_rate threads=1533387 begin_tick=1990817062307458 end_tick=1990817062845500 ms_per_tick=9.9999999999999995e-07 device_ms=0.53804200000000002
PRODUCER_KERNEL_V1 stage=2 raw_iteration=1 ordinal=35 kernel=owner_heun_momentum threads=1533387 begin_tick=1990817062845916 end_tick=1990817062938000 ms_per_tick=9.9999999999999995e-07 device_ms=0.092083999999999999
RISE_FIRE_OWNER_PROFILE_V1 {"scope":71,"parent":66,"phase":"BuildStageProducerGroup","stage":2,"raw_iteration":1,"iteration_kind":"picard","wall_ms":273.122667000,"device_sum_ms":192.470625043,"wall_minus_device_ms":80.652041957,"exclusive_wall_ms":273.122667000,"exclusive_device_sum_ms":192.470625043,"child_observer_wall_ms":0.000000000,"count_scope":"inclusive","owner_commits":1,"projection_invocations":0}
RISE_FIRE_OWNER_PROFILE_V1 {"scope":72,"parent":66,"phase":"Residual","stage":2,"raw_iteration":1,"iteration_kind":"picard","wall_ms":0.319875000,"device_sum_ms":0.115499832,"wall_minus_device_ms":0.204375168,"exclusive_wall_ms":0.319875000,"exclusive_device_sum_ms":0.115499832,"child_observer_wall_ms":0.000000000,"count_scope":"inclusive","owner_commits":1,"projection_invocations":0}
RISE_FIRE_OWNER_PROFILE_V1 {"scope":75,"parent":74,"phase":"ProjectionAdapter","stage":2,"raw_iteration":2147483649,"iteration_kind":"terminal","wall_ms":12.164083000,"device_sum_ms":9.353291709,"wall_minus_device_ms":2.810791291,"exclusive_wall_ms":12.164083000,"exclusive_device_sum_ms":9.353291709,"child_observer_wall_ms":0.000000000,"count_scope":"inclusive","owner_commits":0,"projection_invocations":1}
RISE_FIRE_OWNER_PROFILE_V1 {"scope":74,"parent":73,"phase":"Project","stage":2,"raw_iteration":2147483649,"iteration_kind":"terminal","wall_ms":12.787750000,"device_sum_ms":9.394375142,"wall_minus_device_ms":3.393374858,"exclusive_wall_ms":0.616750000,"exclusive_device_sum_ms":0.041083433,"child_observer_wall_ms":0.006917000,"count_scope":"inclusive","owner_commits":2,"projection_invocations":1}
RISE_FIRE_OWNER_PROFILE_V1 {"scope":76,"parent":73,"phase":"ReadOpenClass","stage":2,"raw_iteration":2147483649,"iteration_kind":"terminal","wall_ms":0.156500000,"device_sum_ms":0.002291519,"wall_minus_device_ms":0.154208481,"exclusive_wall_ms":0.156500000,"exclusive_device_sum_ms":0.002291519,"child_observer_wall_ms":0.000000000,"count_scope":"inclusive","owner_commits":1,"projection_invocations":0}
RISE_FIRE_OWNER_PROFILE_V1 {"scope":77,"parent":73,"phase":"ReadOpenClass","stage":2,"raw_iteration":2147483649,"iteration_kind":"terminal","wall_ms":0.148750000,"device_sum_ms":0.002500135,"wall_minus_device_ms":0.146249865,"exclusive_wall_ms":0.148750000,"exclusive_device_sum_ms":0.002500135,"child_observer_wall_ms":0.000000000,"count_scope":"inclusive","owner_commits":1,"projection_invocations":0}
PRODUCER_COMMAND_V1 stage=2 raw_iteration=2147483649 cpu_begin=1990817076652791 cpu_end=1990817348923500 gpu_begin=1990817076652791 gpu_end=1990817348923500 device_ms=191.61262502893806 encoders=36 interval_scope=possibly_overlapping
PRODUCER_KERNEL_V1 stage=2 raw_iteration=2147483649 ordinal=0 kernel=owner_pack_faces threads=1533387 begin_tick=1990817157312666 end_tick=1990817157363500 ms_per_tick=9.9999999999999995e-07 device_ms=0.050833999999999997
PRODUCER_KERNEL_V1 stage=2 raw_iteration=2147483649 ordinal=1 kernel=owner_pack_faces threads=1533387 begin_tick=1990817157375125 end_tick=1990817157426875 ms_per_tick=9.9999999999999995e-07 device_ms=0.051749999999999997
PRODUCER_KERNEL_V1 stage=2 raw_iteration=2147483649 ordinal=2 kernel=owner_pack_faces threads=1533387 begin_tick=1990817157510333 end_tick=1990817157612916 ms_per_tick=9.9999999999999995e-07 device_ms=0.10258299999999999
PRODUCER_KERNEL_V1 stage=2 raw_iteration=2147483649 ordinal=3 kernel=fct_extract_gas_density threads=504666 begin_tick=1990817157520541 end_tick=1990817157567250 ms_per_tick=9.9999999999999995e-07 device_ms=0.046709000000000001
PRODUCER_KERNEL_V1 stage=2 raw_iteration=2147483649 ordinal=4 kernel=owner_gas_source threads=504666 begin_tick=1990817157567250 end_tick=1990817157613083 ms_per_tick=9.9999999999999995e-07 device_ms=0.045832999999999999
PRODUCER_KERNEL_V1 stage=2 raw_iteration=2147483649 ordinal=5 kernel=evaluate_resident_transport threads=504666 begin_tick=1990817157687208 end_tick=1990817158140458 ms_per_tick=9.9999999999999995e-07 device_ms=0.45324999999999999
PRODUCER_KERNEL_V1 stage=2 raw_iteration=2147483649 ordinal=6 kernel=identify_resident_transport threads=1 begin_tick=1990817158141000 end_tick=1990817158144208 ms_per_tick=9.9999999999999995e-07 device_ms=0.0032079999999999999
PRODUCER_KERNEL_V1 stage=2 raw_iteration=2147483649 ordinal=7 kernel=owner_bind_transport threads=1 begin_tick=1990817158144750 end_tick=1990817158149083 ms_per_tick=9.9999999999999995e-07 device_ms=0.004333
PRODUCER_KERNEL_V1 stage=2 raw_iteration=2147483649 ordinal=8 kernel=identify_resident_owner_endpoint_class threads=1 begin_tick=1990817158149500 end_tick=1990817158152875 ms_per_tick=9.9999999999999995e-07 device_ms=0.003375
PRODUCER_KERNEL_V1 stage=2 raw_iteration=2147483649 ordinal=9 kernel=evaluate_resident_physical_flux threads=1533387 begin_tick=1990817159174458 end_tick=1990817160522666 ms_per_tick=9.9999999999999995e-07 device_ms=1.3482079999999999
PRODUCER_KERNEL_V1 stage=2 raw_iteration=2147483649 ordinal=10 kernel=evaluate_resident_advective_pair threads=13800483 begin_tick=1990817160623125 end_tick=1990817167969916 ms_per_tick=9.9999999999999995e-07 device_ms=7.3467909999999996
PRODUCER_KERNEL_V1 stage=2 raw_iteration=2147483649 ordinal=11 kernel=finalize_resident_advective_high threads=13800483 begin_tick=1990817167970708 end_tick=1990817168389916 ms_per_tick=9.9999999999999995e-07 device_ms=0.41920799999999997
PRODUCER_KERNEL_V1 stage=2 raw_iteration=2147483649 ordinal=12 kernel=compose_resident_flux_pair threads=13800483 begin_tick=1990817168390291 end_tick=1990817169330000 ms_per_tick=9.9999999999999995e-07 device_ms=0.93970899999999991
PRODUCER_KERNEL_V1 stage=2 raw_iteration=2147483649 ordinal=13 kernel=validate_resident_physical_flux threads=13800483 begin_tick=1990817169330625 end_tick=1990817170336208 ms_per_tick=9.9999999999999995e-07 device_ms=1.0055829999999999
PRODUCER_KERNEL_V1 stage=2 raw_iteration=2147483649 ordinal=14 kernel=identify_resident_physical_flux threads=32 begin_tick=1990817170336833 end_tick=1990817170340416 ms_per_tick=9.9999999999999995e-07 device_ms=0.0035829999999999998
PRODUCER_KERNEL_V1 stage=2 raw_iteration=2147483649 ordinal=15 kernel=owner_bind_candidate threads=1 begin_tick=1990817170340916 end_tick=1990817170344250 ms_per_tick=9.9999999999999995e-07 device_ms=0.0033339999999999997
PRODUCER_KERNEL_V1 stage=2 raw_iteration=2147483649 ordinal=16 kernel=finalize_resident_eos_candidate threads=1 begin_tick=1990817170345083 end_tick=1990817170347666 ms_per_tick=9.9999999999999995e-07 device_ms=0.0025829999999999998
PRODUCER_KERNEL_V1 stage=2 raw_iteration=2147483649 ordinal=17 kernel=build_eos_endpoint_table threads=14 begin_tick=1990817170348375 end_tick=1990817170638875 ms_per_tick=9.9999999999999995e-07 device_ms=0.29049999999999998
PRODUCER_KERNEL_V1 stage=2 raw_iteration=2147483649 ordinal=18 kernel=evaluate_resident_eos_candidate threads=504666 begin_tick=1990817170639291 end_tick=1990817233772916 ms_per_tick=9.9999999999999995e-07 device_ms=63.133624999999995
PRODUCER_KERNEL_V1 stage=2 raw_iteration=2147483649 ordinal=19 kernel=finalize_resident_eos_candidate threads=1 begin_tick=1990817233787708 end_tick=1990817233790458 ms_per_tick=9.9999999999999995e-07 device_ms=0.0027499999999999998
PRODUCER_KERNEL_V1 stage=2 raw_iteration=2147483649 ordinal=20 kernel=identify_resident_eos threads=1 begin_tick=1990817233790791 end_tick=1990817233793333 ms_per_tick=9.9999999999999995e-07 device_ms=0.002542
PRODUCER_KERNEL_V1 stage=2 raw_iteration=2147483649 ordinal=21 kernel=produce_resident_frozen_source threads=504666 begin_tick=1990817233793833 end_tick=1990817233825000 ms_per_tick=9.9999999999999995e-07 device_ms=0.031167
PRODUCER_KERNEL_V1 stage=2 raw_iteration=2147483649 ordinal=22 kernel=identify_resident_frozen_source threads=1 begin_tick=1990817233825375 end_tick=1990817233828291 ms_per_tick=9.9999999999999995e-07 device_ms=0.0029159999999999998
PRODUCER_KERNEL_V1 stage=2 raw_iteration=2147483649 ordinal=23 kernel=evaluate_resident_target_terms threads=504666 begin_tick=1990817233828833 end_tick=1990817348110958 ms_per_tick=9.9999999999999995e-07 device_ms=114.28212499999999
PRODUCER_KERNEL_V1 stage=2 raw_iteration=2147483649 ordinal=24 kernel=finalize_resident_target threads=1 begin_tick=1990817348125166 end_tick=1990817348132791 ms_per_tick=9.9999999999999995e-07 device_ms=0.0076249999999999998
PRODUCER_KERNEL_V1 stage=2 raw_iteration=2147483649 ordinal=25 kernel=identify_resident_target threads=1 begin_tick=1990817348133375 end_tick=1990817348136541 ms_per_tick=9.9999999999999995e-07 device_ms=0.003166
PRODUCER_KERNEL_V1 stage=2 raw_iteration=2147483649 ordinal=26 kernel=issue_resident_projection_consumer threads=1 begin_tick=1990817348136916 end_tick=1990817348141166 ms_per_tick=9.9999999999999995e-07 device_ms=0.0042499999999999994
PRODUCER_KERNEL_V1 stage=2 raw_iteration=2147483649 ordinal=27 kernel=consume_resident_target threads=1 begin_tick=1990817348142125 end_tick=1990817348146291 ms_per_tick=9.9999999999999995e-07 device_ms=0.0041659999999999996
PRODUCER_KERNEL_V1 stage=2 raw_iteration=2147483649 ordinal=28 kernel=owner_compose_target threads=504666 begin_tick=1990817348146708 end_tick=1990817348177833 ms_per_tick=9.9999999999999995e-07 device_ms=0.031125
PRODUCER_KERNEL_V1 stage=2 raw_iteration=2147483649 ordinal=29 kernel=finalize_resident_target threads=1 begin_tick=1990817348178333 end_tick=1990817348180791 ms_per_tick=9.9999999999999995e-07 device_ms=0.0024579999999999997
PRODUCER_KERNEL_V1 stage=2 raw_iteration=2147483649 ordinal=30 kernel=owner_identify_target threads=1 begin_tick=1990817348181208 end_tick=1990817348184250 ms_per_tick=9.9999999999999995e-07 device_ms=0.003042
PRODUCER_KERNEL_V1 stage=2 raw_iteration=2147483649 ordinal=31 kernel=issue_resident_projection_consumer threads=1 begin_tick=1990817348184791 end_tick=1990817348187916 ms_per_tick=9.9999999999999995e-07 device_ms=0.0031249999999999997
PRODUCER_KERNEL_V1 stage=2 raw_iteration=2147483649 ordinal=32 kernel=consume_resident_target threads=1 begin_tick=1990817348188333 end_tick=1990817348191458 ms_per_tick=9.9999999999999995e-07 device_ms=0.0031249999999999997
PRODUCER_KERNEL_V1 stage=2 raw_iteration=2147483649 ordinal=33 kernel=owner_issue_stage_seal threads=1 begin_tick=1990817348191958 end_tick=1990817348195083 ms_per_tick=9.9999999999999995e-07 device_ms=0.0031249999999999997
PRODUCER_KERNEL_V1 stage=2 raw_iteration=2147483649 ordinal=34 kernel=fct_compatible_stage_rate threads=1533387 begin_tick=1990817348195500 end_tick=1990817348705708 ms_per_tick=9.9999999999999995e-07 device_ms=0.51020799999999999
PRODUCER_KERNEL_V1 stage=2 raw_iteration=2147483649 ordinal=35 kernel=owner_heun_momentum threads=1533387 begin_tick=1990817348706125 end_tick=1990817348797083 ms_per_tick=9.9999999999999995e-07 device_ms=0.090957999999999997
RISE_FIRE_OWNER_PROFILE_V1 {"scope":78,"parent":73,"phase":"BuildStageProducerGroup","stage":2,"raw_iteration":2147483649,"iteration_kind":"terminal","wall_ms":272.418208000,"device_sum_ms":191.612625029,"wall_minus_device_ms":80.805582971,"exclusive_wall_ms":272.418208000,"exclusive_device_sum_ms":191.612625029,"child_observer_wall_ms":0.000000000,"count_scope":"inclusive","owner_commits":1,"projection_invocations":0}
RISE_FIRE_OWNER_PROFILE_V1 {"scope":79,"parent":73,"phase":"Residual","stage":2,"raw_iteration":2147483649,"iteration_kind":"terminal","wall_ms":0.304375000,"device_sum_ms":0.110999914,"wall_minus_device_ms":0.193375086,"exclusive_wall_ms":0.304375000,"exclusive_device_sum_ms":0.110999914,"child_observer_wall_ms":0.000000000,"count_scope":"inclusive","owner_commits":1,"projection_invocations":0}
RISE_FIRE_OWNER_PROFILE_V1 {"scope":73,"parent":66,"phase":"TerminalVerification","stage":2,"raw_iteration":2147483649,"iteration_kind":"terminal","wall_ms":285.844708000,"device_sum_ms":201.122791739,"wall_minus_device_ms":84.721916261,"exclusive_wall_ms":0.003208000,"exclusive_device_sum_ms":0.000000000,"child_observer_wall_ms":0.025917000,"count_scope":"inclusive","owner_commits":6,"projection_invocations":1}
RISE_FIRE_OWNER_PROFILE_V1 {"scope":66,"parent":55,"phase":"PicardIteration","stage":2,"raw_iteration":1,"iteration_kind":"picard","wall_ms":573.211209000,"device_sum_ms":402.965500019,"wall_minus_device_ms":170.245708981,"exclusive_wall_ms":0.430293000,"exclusive_device_sum_ms":0.000000000,"child_observer_wall_ms":0.034042000,"count_scope":"inclusive","owner_commits":12,"projection_invocations":2}
RISE_FIRE_OWNER_PROFILE_V1 {"scope":55,"parent":1,"phase":"SolveStage","stage":2,"raw_iteration":4294967295,"iteration_kind":"bootstrap","wall_ms":1145.632292000,"device_sum_ms":804.154083598,"wall_minus_device_ms":341.478208402,"exclusive_wall_ms":1.467124000,"exclusive_device_sum_ms":0.000000000,"child_observer_wall_ms":0.017625000,"count_scope":"inclusive","owner_commits":21,"projection_invocations":4}
RISE_FIRE_OWNER_PROFILE_V1 {"scope":80,"parent":1,"phase":"TerminalPublication","stage":4294967295,"raw_iteration":4294967295,"iteration_kind":"owner","wall_ms":13.253958000,"device_sum_ms":4.727291642,"wall_minus_device_ms":8.526666358,"exclusive_wall_ms":13.253958000,"exclusive_device_sum_ms":4.727291642,"child_observer_wall_ms":0.000000000,"count_scope":"inclusive","owner_commits":1,"projection_invocations":0}
RISE_FIRE_OWNER_PROFILE_V1 {"scope":1,"parent":0,"phase":"OwnerRun","stage":4294967295,"raw_iteration":4294967295,"iteration_kind":"owner","wall_ms":3611.120083000,"device_sum_ms":2469.579708762,"wall_minus_device_ms":1141.540374238,"exclusive_wall_ms":6.199041000,"exclusive_device_sum_ms":0.019916799,"child_observer_wall_ms":0.065459000,"count_scope":"inclusive","owner_commits":68,"projection_invocations":12}
capstone accepted step=1 time=0.00164626597 dt=0.00164626597 Tmax=302.592941 qmax=0 eos_max=1.45011372e-05 approach_eos_max=1.45011372e-05 limiter_class=continuous limiter_discrepancy=0 active_set_class=continuous active_set_discrepancy=0 active_set_cycle=0 active_set_faces=0
capstone step-start=1 speed=0.129151717 gprime=0.0884640856 nu=8.61405907e-05 selected=0.00181089257 previous=0.00164626597
capstone event-step=0.00164626597 pilot_ceiling=0.0115509308 ramp_end=0.209320803
RISE_FIRE_OWNER_PROFILE_V1 {"scope":2,"parent":1,"phase":"Prepare","stage":4294967295,"raw_iteration":4294967295,"iteration_kind":"owner","wall_ms":93.606000000,"device_sum_ms":3.602083307,"wall_minus_device_ms":90.003916693,"exclusive_wall_ms":93.606000000,"exclusive_device_sum_ms":3.602083307,"child_observer_wall_ms":0.000000000,"count_scope":"inclusive","owner_commits":1,"projection_invocations":0}
RISE_FIRE_OWNER_PROFILE_V1 {"scope":5,"parent":4,"phase":"ProjectionAdapter","stage":0,"raw_iteration":4294967295,"iteration_kind":"bootstrap","wall_ms":18.917500000,"device_sum_ms":15.986083541,"wall_minus_device_ms":2.931416459,"exclusive_wall_ms":18.917500000,"exclusive_device_sum_ms":15.986083541,"child_observer_wall_ms":0.000000000,"count_scope":"inclusive","owner_commits":0,"projection_invocations":1}
RISE_FIRE_OWNER_PROFILE_V1 {"scope":4,"parent":3,"phase":"Project","stage":0,"raw_iteration":4294967295,"iteration_kind":"bootstrap","wall_ms":19.939125000,"device_sum_ms":16.031208681,"wall_minus_device_ms":3.907916319,"exclusive_wall_ms":1.003833000,"exclusive_device_sum_ms":0.045125140,"child_observer_wall_ms":0.017792000,"count_scope":"inclusive","owner_commits":2,"projection_invocations":1}
PRODUCER_COMMAND_V1 stage=0 raw_iteration=4294967295 cpu_begin=1990818589516708 cpu_end=1990818879709333 gpu_begin=1990818589516708 gpu_end=1990818879709333 device_ms=207.56541681475937 encoders=39 interval_scope=possibly_overlapping
PRODUCER_KERNEL_V1 stage=0 raw_iteration=4294967295 ordinal=0 kernel=owner_pack_faces threads=1533387 begin_tick=1990818672214708 end_tick=1990818672292750 ms_per_tick=9.9999999999999995e-07 device_ms=0.078042
PRODUCER_KERNEL_V1 stage=0 raw_iteration=4294967295 ordinal=1 kernel=owner_pack_faces threads=1533387 begin_tick=1990818672295125 end_tick=1990818672371750 ms_per_tick=9.9999999999999995e-07 device_ms=0.076624999999999999
PRODUCER_KERNEL_V1 stage=0 raw_iteration=4294967295 ordinal=2 kernel=owner_pack_faces threads=1533387 begin_tick=1990818672437083 end_tick=1990818672542500 ms_per_tick=9.9999999999999995e-07 device_ms=0.105417
PRODUCER_KERNEL_V1 stage=0 raw_iteration=4294967295 ordinal=3 kernel=fct_extract_gas_density threads=504666 begin_tick=1990818672451500 end_tick=1990818672501750 ms_per_tick=9.9999999999999995e-07 device_ms=0.050249999999999996
PRODUCER_KERNEL_V1 stage=0 raw_iteration=4294967295 ordinal=4 kernel=owner_gas_source threads=504666 begin_tick=1990818672501750 end_tick=1990818672555458 ms_per_tick=9.9999999999999995e-07 device_ms=0.053707999999999999
PRODUCER_KERNEL_V1 stage=0 raw_iteration=4294967295 ordinal=5 kernel=evaluate_resident_transport threads=504666 begin_tick=1990818672624791 end_tick=1990818673471500 ms_per_tick=9.9999999999999995e-07 device_ms=0.84670899999999993
PRODUCER_KERNEL_V1 stage=0 raw_iteration=4294967295 ordinal=6 kernel=identify_resident_transport threads=1 begin_tick=1990818673471958 end_tick=1990818673476583 ms_per_tick=9.9999999999999995e-07 device_ms=0.0046249999999999998
PRODUCER_KERNEL_V1 stage=0 raw_iteration=4294967295 ordinal=7 kernel=owner_bind_transport threads=1 begin_tick=1990818673477166 end_tick=1990818673483125 ms_per_tick=9.9999999999999995e-07 device_ms=0.0059589999999999999
PRODUCER_KERNEL_V1 stage=0 raw_iteration=4294967295 ordinal=8 kernel=identify_resident_owner_endpoint_class threads=1 begin_tick=1990818673483500 end_tick=1990818673488708 ms_per_tick=9.9999999999999995e-07 device_ms=0.005208
PRODUCER_KERNEL_V1 stage=0 raw_iteration=4294967295 ordinal=9 kernel=evaluate_resident_physical_flux threads=1533387 begin_tick=1990818674165125 end_tick=1990818677064166 ms_per_tick=9.9999999999999995e-07 device_ms=2.899041
PRODUCER_KERNEL_V1 stage=0 raw_iteration=4294967295 ordinal=10 kernel=evaluate_resident_advective_pair threads=13800483 begin_tick=1990818675519791 end_tick=1990818691356791 ms_per_tick=9.9999999999999995e-07 device_ms=15.837
PRODUCER_KERNEL_V1 stage=0 raw_iteration=4294967295 ordinal=11 kernel=finalize_resident_advective_high threads=13800483 begin_tick=1990818691385375 end_tick=1990818692236916 ms_per_tick=9.9999999999999995e-07 device_ms=0.85154099999999999
PRODUCER_KERNEL_V1 stage=0 raw_iteration=4294967295 ordinal=12 kernel=compose_resident_flux_pair threads=13800483 begin_tick=1990818692237458 end_tick=1990818693581083 ms_per_tick=9.9999999999999995e-07 device_ms=1.3436249999999998
PRODUCER_KERNEL_V1 stage=0 raw_iteration=4294967295 ordinal=13 kernel=validate_resident_physical_flux threads=13800483 begin_tick=1990818693581583 end_tick=1990818694829000 ms_per_tick=9.9999999999999995e-07 device_ms=1.247417
PRODUCER_KERNEL_V1 stage=0 raw_iteration=4294967295 ordinal=14 kernel=identify_resident_physical_flux threads=32 begin_tick=1990818694829666 end_tick=1990818694835041 ms_per_tick=9.9999999999999995e-07 device_ms=0.0053749999999999996
PRODUCER_KERNEL_V1 stage=0 raw_iteration=4294967295 ordinal=15 kernel=fct_build_ratios threads=5551326 begin_tick=1990818694835833 end_tick=1990818699413708 ms_per_tick=9.9999999999999995e-07 device_ms=4.5778749999999997
PRODUCER_KERNEL_V1 stage=0 raw_iteration=4294967295 ordinal=16 kernel=fct_build_face_alpha threads=1533387 begin_tick=1990818699414250 end_tick=1990818699681458 ms_per_tick=9.9999999999999995e-07 device_ms=0.267208
PRODUCER_KERNEL_V1 stage=0 raw_iteration=4294967295 ordinal=17 kernel=fct_commit_scalar threads=504666 begin_tick=1990818699682041 end_tick=1990818699873041 ms_per_tick=9.9999999999999995e-07 device_ms=0.191
PRODUCER_KERNEL_V1 stage=0 raw_iteration=4294967295 ordinal=18 kernel=owner_bind_candidate threads=1 begin_tick=1990818699873708 end_tick=1990818699877250 ms_per_tick=9.9999999999999995e-07 device_ms=0.003542
PRODUCER_KERNEL_V1 stage=0 raw_iteration=4294967295 ordinal=19 kernel=finalize_resident_eos_candidate threads=1 begin_tick=1990818699877791 end_tick=1990818699880666 ms_per_tick=9.9999999999999995e-07 device_ms=0.002875
PRODUCER_KERNEL_V1 stage=0 raw_iteration=4294967295 ordinal=20 kernel=build_eos_endpoint_table threads=14 begin_tick=1990818699881041 end_tick=1990818700171750 ms_per_tick=9.9999999999999995e-07 device_ms=0.290709
PRODUCER_KERNEL_V1 stage=0 raw_iteration=4294967295 ordinal=21 kernel=evaluate_resident_eos_candidate threads=504666 begin_tick=1990818700172166 end_tick=1990818764586833 ms_per_tick=9.9999999999999995e-07 device_ms=64.414666999999994
PRODUCER_KERNEL_V1 stage=0 raw_iteration=4294967295 ordinal=22 kernel=finalize_resident_eos_candidate threads=1 begin_tick=1990818764601958 end_tick=1990818764607333 ms_per_tick=9.9999999999999995e-07 device_ms=0.0053749999999999996
PRODUCER_KERNEL_V1 stage=0 raw_iteration=4294967295 ordinal=23 kernel=identify_resident_eos threads=1 begin_tick=1990818764607625 end_tick=1990818764610375 ms_per_tick=9.9999999999999995e-07 device_ms=0.0027499999999999998
PRODUCER_KERNEL_V1 stage=0 raw_iteration=4294967295 ordinal=24 kernel=produce_resident_frozen_source threads=504666 begin_tick=1990818764610791 end_tick=1990818764642833 ms_per_tick=9.9999999999999995e-07 device_ms=0.032042000000000001
PRODUCER_KERNEL_V1 stage=0 raw_iteration=4294967295 ordinal=25 kernel=identify_resident_frozen_source threads=1 begin_tick=1990818764643250 end_tick=1990818764649000 ms_per_tick=9.9999999999999995e-07 device_ms=0.0057499999999999999
PRODUCER_KERNEL_V1 stage=0 raw_iteration=4294967295 ordinal=26 kernel=evaluate_resident_target_terms threads=504666 begin_tick=1990818764649416 end_tick=1990818878922750 ms_per_tick=9.9999999999999995e-07 device_ms=114.27333399999999
PRODUCER_KERNEL_V1 stage=0 raw_iteration=4294967295 ordinal=27 kernel=finalize_resident_target threads=1 begin_tick=1990818878937208 end_tick=1990818878940291 ms_per_tick=9.9999999999999995e-07 device_ms=0.0030829999999999998
PRODUCER_KERNEL_V1 stage=0 raw_iteration=4294967295 ordinal=28 kernel=identify_resident_target threads=1 begin_tick=1990818878940583 end_tick=1990818878943708 ms_per_tick=9.9999999999999995e-07 device_ms=0.0031249999999999997
PRODUCER_KERNEL_V1 stage=0 raw_iteration=4294967295 ordinal=29 kernel=issue_resident_projection_consumer threads=1 begin_tick=1990818878944083 end_tick=1990818878948375 ms_per_tick=9.9999999999999995e-07 device_ms=0.0042919999999999998
PRODUCER_KERNEL_V1 stage=0 raw_iteration=4294967295 ordinal=30 kernel=consume_resident_target threads=1 begin_tick=1990818878948708 end_tick=1990818878952875 ms_per_tick=9.9999999999999995e-07 device_ms=0.0041669999999999997
PRODUCER_KERNEL_V1 stage=0 raw_iteration=4294967295 ordinal=31 kernel=owner_compose_target threads=504666 begin_tick=1990818878953291 end_tick=1990818878985958 ms_per_tick=9.9999999999999995e-07 device_ms=0.032667000000000002
PRODUCER_KERNEL_V1 stage=0 raw_iteration=4294967295 ordinal=32 kernel=finalize_resident_target threads=1 begin_tick=1990818878986375 end_tick=1990818878989000 ms_per_tick=9.9999999999999995e-07 device_ms=0.0026249999999999997
PRODUCER_KERNEL_V1 stage=0 raw_iteration=4294967295 ordinal=33 kernel=owner_identify_target threads=1 begin_tick=1990818878989416 end_tick=1990818878992291 ms_per_tick=9.9999999999999995e-07 device_ms=0.002875
PRODUCER_KERNEL_V1 stage=0 raw_iteration=4294967295 ordinal=34 kernel=issue_resident_projection_consumer threads=1 begin_tick=1990818878992750 end_tick=1990818878995583 ms_per_tick=9.9999999999999995e-07 device_ms=0.002833
PRODUCER_KERNEL_V1 stage=0 raw_iteration=4294967295 ordinal=35 kernel=consume_resident_target threads=1 begin_tick=1990818878996000 end_tick=1990818878999333 ms_per_tick=9.9999999999999995e-07 device_ms=0.003333
PRODUCER_KERNEL_V1 stage=0 raw_iteration=4294967295 ordinal=36 kernel=owner_issue_stage_seal threads=1 begin_tick=1990818878999750 end_tick=1990818879002875 ms_per_tick=9.9999999999999995e-07 device_ms=0.0031249999999999997
PRODUCER_KERNEL_V1 stage=0 raw_iteration=4294967295 ordinal=37 kernel=fct_compatible_stage_rate threads=1533387 begin_tick=1990818879003375 end_tick=1990818879547666 ms_per_tick=9.9999999999999995e-07 device_ms=0.54429099999999997
PRODUCER_KERNEL_V1 stage=0 raw_iteration=4294967295 ordinal=38 kernel=owner_predict_momentum threads=1533387 begin_tick=1990818879548375 end_tick=1990818879598166 ms_per_tick=9.9999999999999995e-07 device_ms=0.049790999999999995
RISE_FIRE_OWNER_PROFILE_V1 {"scope":6,"parent":3,"phase":"BuildStageProducerGroup","stage":0,"raw_iteration":4294967295,"iteration_kind":"bootstrap","wall_ms":290.340833000,"device_sum_ms":207.565416815,"wall_minus_device_ms":82.775416185,"exclusive_wall_ms":290.340833000,"exclusive_device_sum_ms":207.565416815,"child_observer_wall_ms":0.000000000,"count_scope":"inclusive","owner_commits":1,"projection_invocations":0}
RISE_FIRE_OWNER_PROFILE_V1 {"scope":9,"parent":8,"phase":"ProjectionAdapter","stage":0,"raw_iteration":0,"iteration_kind":"picard","wall_ms":12.229917000,"device_sum_ms":9.423708078,"wall_minus_device_ms":2.806208922,"exclusive_wall_ms":12.229917000,"exclusive_device_sum_ms":9.423708078,"child_observer_wall_ms":0.000000000,"count_scope":"inclusive","owner_commits":0,"projection_invocations":1}
RISE_FIRE_OWNER_PROFILE_V1 {"scope":8,"parent":7,"phase":"Project","stage":0,"raw_iteration":0,"iteration_kind":"picard","wall_ms":12.857000000,"device_sum_ms":9.467749624,"wall_minus_device_ms":3.389250376,"exclusive_wall_ms":0.615875000,"exclusive_device_sum_ms":0.044041546,"child_observer_wall_ms":0.011208000,"count_scope":"inclusive","owner_commits":2,"projection_invocations":1}
RISE_FIRE_OWNER_PROFILE_V1 {"scope":10,"parent":7,"phase":"ReadOpenClass","stage":0,"raw_iteration":0,"iteration_kind":"picard","wall_ms":0.161000000,"device_sum_ms":0.002541812,"wall_minus_device_ms":0.158458188,"exclusive_wall_ms":0.161000000,"exclusive_device_sum_ms":0.002541812,"child_observer_wall_ms":0.000000000,"count_scope":"inclusive","owner_commits":1,"projection_invocations":0}
RISE_FIRE_OWNER_PROFILE_V1 {"scope":11,"parent":7,"phase":"ReadOpenClass","stage":0,"raw_iteration":0,"iteration_kind":"picard","wall_ms":0.154459000,"device_sum_ms":0.002458226,"wall_minus_device_ms":0.152000774,"exclusive_wall_ms":0.154459000,"exclusive_device_sum_ms":0.002458226,"child_observer_wall_ms":0.000000000,"count_scope":"inclusive","owner_commits":1,"projection_invocations":0}
PRODUCER_COMMAND_V1 stage=0 raw_iteration=0 cpu_begin=1990818893059166 cpu_end=1990819171261958 gpu_begin=1990818893059166 gpu_end=1990819171261958 device_ms=197.45424995198846 encoders=39 interval_scope=possibly_overlapping
PRODUCER_KERNEL_V1 stage=0 raw_iteration=0 ordinal=0 kernel=owner_pack_faces threads=1533387 begin_tick=1990818973832541 end_tick=1990818973883458 ms_per_tick=9.9999999999999995e-07 device_ms=0.050916999999999997
PRODUCER_KERNEL_V1 stage=0 raw_iteration=0 ordinal=1 kernel=owner_pack_faces threads=1533387 begin_tick=1990818973948375 end_tick=1990818973999000 ms_per_tick=9.9999999999999995e-07 device_ms=0.050624999999999996
PRODUCER_KERNEL_V1 stage=0 raw_iteration=0 ordinal=2 kernel=owner_pack_faces threads=1533387 begin_tick=1990818974058750 end_tick=1990818974137000 ms_per_tick=9.9999999999999995e-07 device_ms=0.07825
PRODUCER_KERNEL_V1 stage=0 raw_iteration=0 ordinal=3 kernel=fct_extract_gas_density threads=504666 begin_tick=1990818974090875 end_tick=1990818974137250 ms_per_tick=9.9999999999999995e-07 device_ms=0.046375
PRODUCER_KERNEL_V1 stage=0 raw_iteration=0 ordinal=4 kernel=owner_gas_source threads=504666 begin_tick=1990818974173708 end_tick=1990818974218833 ms_per_tick=9.9999999999999995e-07 device_ms=0.045124999999999998
PRODUCER_KERNEL_V1 stage=0 raw_iteration=0 ordinal=5 kernel=evaluate_resident_transport threads=504666 begin_tick=1990818974238583 end_tick=1990818974694916 ms_per_tick=9.9999999999999995e-07 device_ms=0.45633299999999999
PRODUCER_KERNEL_V1 stage=0 raw_iteration=0 ordinal=6 kernel=identify_resident_transport threads=1 begin_tick=1990818974695333 end_tick=1990818974698125 ms_per_tick=9.9999999999999995e-07 device_ms=0.0027919999999999998
PRODUCER_KERNEL_V1 stage=0 raw_iteration=0 ordinal=7 kernel=owner_bind_transport threads=1 begin_tick=1990818974698708 end_tick=1990818974702208 ms_per_tick=9.9999999999999995e-07 device_ms=0.0034999999999999996
PRODUCER_KERNEL_V1 stage=0 raw_iteration=0 ordinal=8 kernel=identify_resident_owner_endpoint_class threads=1 begin_tick=1990818974702583 end_tick=1990818974705583 ms_per_tick=9.9999999999999995e-07 device_ms=0.0030000000000000001
PRODUCER_KERNEL_V1 stage=0 raw_iteration=0 ordinal=9 kernel=evaluate_resident_physical_flux threads=1533387 begin_tick=1990818975654208 end_tick=1990818976771208 ms_per_tick=9.9999999999999995e-07 device_ms=1.117
PRODUCER_KERNEL_V1 stage=0 raw_iteration=0 ordinal=10 kernel=evaluate_resident_advective_pair threads=13800483 begin_tick=1990818977025583 end_tick=1990818984162416 ms_per_tick=9.9999999999999995e-07 device_ms=7.1368329999999993
PRODUCER_KERNEL_V1 stage=0 raw_iteration=0 ordinal=11 kernel=finalize_resident_advective_high threads=13800483 begin_tick=1990818984163041 end_tick=1990818984583750 ms_per_tick=9.9999999999999995e-07 device_ms=0.420709
PRODUCER_KERNEL_V1 stage=0 raw_iteration=0 ordinal=12 kernel=compose_resident_flux_pair threads=13800483 begin_tick=1990818984584125 end_tick=1990818985521625 ms_per_tick=9.9999999999999995e-07 device_ms=0.9375
PRODUCER_KERNEL_V1 stage=0 raw_iteration=0 ordinal=13 kernel=validate_resident_physical_flux threads=13800483 begin_tick=1990818985522416 end_tick=1990818986358916 ms_per_tick=9.9999999999999995e-07 device_ms=0.83649999999999991
PRODUCER_KERNEL_V1 stage=0 raw_iteration=0 ordinal=14 kernel=identify_resident_physical_flux threads=32 begin_tick=1990818986359500 end_tick=1990818986363208 ms_per_tick=9.9999999999999995e-07 device_ms=0.0037079999999999999
PRODUCER_KERNEL_V1 stage=0 raw_iteration=0 ordinal=15 kernel=fct_build_ratios threads=5551326 begin_tick=1990818986363750 end_tick=1990818990581916 ms_per_tick=9.9999999999999995e-07 device_ms=4.2181660000000001
PRODUCER_KERNEL_V1 stage=0 raw_iteration=0 ordinal=16 kernel=fct_build_face_alpha threads=1533387 begin_tick=1990818990582583 end_tick=1990818990857083 ms_per_tick=9.9999999999999995e-07 device_ms=0.27449999999999997
PRODUCER_KERNEL_V1 stage=0 raw_iteration=0 ordinal=17 kernel=fct_commit_scalar threads=504666 begin_tick=1990818990857500 end_tick=1990818991061000 ms_per_tick=9.9999999999999995e-07 device_ms=0.20349999999999999
PRODUCER_KERNEL_V1 stage=0 raw_iteration=0 ordinal=18 kernel=owner_bind_candidate threads=1 begin_tick=1990818991061541 end_tick=1990818991065250 ms_per_tick=9.9999999999999995e-07 device_ms=0.0037089999999999996
PRODUCER_KERNEL_V1 stage=0 raw_iteration=0 ordinal=19 kernel=finalize_resident_eos_candidate threads=1 begin_tick=1990818991065791 end_tick=1990818991068416 ms_per_tick=9.9999999999999995e-07 device_ms=0.0026249999999999997
PRODUCER_KERNEL_V1 stage=0 raw_iteration=0 ordinal=20 kernel=build_eos_endpoint_table threads=14 begin_tick=1990818991068875 end_tick=1990818991360208 ms_per_tick=9.9999999999999995e-07 device_ms=0.29133300000000001
PRODUCER_KERNEL_V1 stage=0 raw_iteration=0 ordinal=21 kernel=evaluate_resident_eos_candidate threads=504666 begin_tick=1990818991360583 end_tick=1990819055228625 ms_per_tick=9.9999999999999995e-07 device_ms=63.868041999999996
PRODUCER_KERNEL_V1 stage=0 raw_iteration=0 ordinal=22 kernel=finalize_resident_eos_candidate threads=1 begin_tick=1990819055244166 end_tick=1990819055247125 ms_per_tick=9.9999999999999995e-07 device_ms=0.0029589999999999998
PRODUCER_KERNEL_V1 stage=0 raw_iteration=0 ordinal=23 kernel=identify_resident_eos threads=1 begin_tick=1990819055247416 end_tick=1990819055249958 ms_per_tick=9.9999999999999995e-07 device_ms=0.002542
PRODUCER_KERNEL_V1 stage=0 raw_iteration=0 ordinal=24 kernel=produce_resident_frozen_source threads=504666 begin_tick=1990819055250333 end_tick=1990819055283041 ms_per_tick=9.9999999999999995e-07 device_ms=0.032708000000000001
PRODUCER_KERNEL_V1 stage=0 raw_iteration=0 ordinal=25 kernel=identify_resident_frozen_source threads=1 begin_tick=1990819055283416 end_tick=1990819055289250 ms_per_tick=9.9999999999999995e-07 device_ms=0.0058339999999999998
PRODUCER_KERNEL_V1 stage=0 raw_iteration=0 ordinal=26 kernel=evaluate_resident_target_terms threads=504666 begin_tick=1990819055289541 end_tick=1990819170412416 ms_per_tick=9.9999999999999995e-07 device_ms=115.12287499999999
PRODUCER_KERNEL_V1 stage=0 raw_iteration=0 ordinal=27 kernel=finalize_resident_target threads=1 begin_tick=1990819170427208 end_tick=1990819170430250 ms_per_tick=9.9999999999999995e-07 device_ms=0.003042
PRODUCER_KERNEL_V1 stage=0 raw_iteration=0 ordinal=28 kernel=identify_resident_target threads=1 begin_tick=1990819170430583 end_tick=1990819170433583 ms_per_tick=9.9999999999999995e-07 device_ms=0.0030000000000000001
PRODUCER_KERNEL_V1 stage=0 raw_iteration=0 ordinal=29 kernel=issue_resident_projection_consumer threads=1 begin_tick=1990819170434000 end_tick=1990819170438291 ms_per_tick=9.9999999999999995e-07 device_ms=0.0042909999999999997
PRODUCER_KERNEL_V1 stage=0 raw_iteration=0 ordinal=30 kernel=consume_resident_target threads=1 begin_tick=1990819170438666 end_tick=1990819170443083 ms_per_tick=9.9999999999999995e-07 device_ms=0.0044169999999999999
PRODUCER_KERNEL_V1 stage=0 raw_iteration=0 ordinal=31 kernel=owner_compose_target threads=504666 begin_tick=1990819170443458 end_tick=1990819170523291 ms_per_tick=9.9999999999999995e-07 device_ms=0.079833000000000001
PRODUCER_KERNEL_V1 stage=0 raw_iteration=0 ordinal=32 kernel=finalize_resident_target threads=1 begin_tick=1990819170523583 end_tick=1990819170526333 ms_per_tick=9.9999999999999995e-07 device_ms=0.0027499999999999998
PRODUCER_KERNEL_V1 stage=0 raw_iteration=0 ordinal=33 kernel=owner_identify_target threads=1 begin_tick=1990819170526708 end_tick=1990819170529708 ms_per_tick=9.9999999999999995e-07 device_ms=0.0030000000000000001
PRODUCER_KERNEL_V1 stage=0 raw_iteration=0 ordinal=34 kernel=issue_resident_projection_consumer threads=1 begin_tick=1990819170530125 end_tick=1990819170533166 ms_per_tick=9.9999999999999995e-07 device_ms=0.0030409999999999999
PRODUCER_KERNEL_V1 stage=0 raw_iteration=0 ordinal=35 kernel=consume_resident_target threads=1 begin_tick=1990819170533541 end_tick=1990819170536750 ms_per_tick=9.9999999999999995e-07 device_ms=0.003209
PRODUCER_KERNEL_V1 stage=0 raw_iteration=0 ordinal=36 kernel=owner_issue_stage_seal threads=1 begin_tick=1990819170537083 end_tick=1990819170540333 ms_per_tick=9.9999999999999995e-07 device_ms=0.0032499999999999999
PRODUCER_KERNEL_V1 stage=0 raw_iteration=0 ordinal=37 kernel=fct_compatible_stage_rate threads=1533387 begin_tick=1990819170540708 end_tick=1990819171092166 ms_per_tick=9.9999999999999995e-07 device_ms=0.551458
PRODUCER_KERNEL_V1 stage=0 raw_iteration=0 ordinal=38 kernel=owner_predict_momentum threads=1533387 begin_tick=1990819171092750 end_tick=1990819171142166 ms_per_tick=9.9999999999999995e-07 device_ms=0.049415999999999995
RISE_FIRE_OWNER_PROFILE_V1 {"scope":12,"parent":7,"phase":"BuildStageProducerGroup","stage":0,"raw_iteration":0,"iteration_kind":"picard","wall_ms":278.385500000,"device_sum_ms":197.454249952,"wall_minus_device_ms":80.931250048,"exclusive_wall_ms":278.385500000,"exclusive_device_sum_ms":197.454249952,"child_observer_wall_ms":0.000000000,"count_scope":"inclusive","owner_commits":1,"projection_invocations":0}
RISE_FIRE_OWNER_PROFILE_V1 {"scope":13,"parent":7,"phase":"Residual","stage":0,"raw_iteration":0,"iteration_kind":"picard","wall_ms":0.298625000,"device_sum_ms":0.021708431,"wall_minus_device_ms":0.276916569,"exclusive_wall_ms":0.298625000,"exclusive_device_sum_ms":0.021708431,"child_observer_wall_ms":0.000000000,"count_scope":"inclusive","owner_commits":1,"projection_invocations":0}
RISE_FIRE_OWNER_PROFILE_V1 {"scope":7,"parent":3,"phase":"PicardIteration","stage":0,"raw_iteration":0,"iteration_kind":"picard","wall_ms":292.396583000,"device_sum_ms":206.948708044,"wall_minus_device_ms":85.447874956,"exclusive_wall_ms":0.498708000,"exclusive_device_sum_ms":0.000000000,"child_observer_wall_ms":0.041291000,"count_scope":"inclusive","owner_commits":6,"projection_invocations":1}
RISE_FIRE_OWNER_PROFILE_V1 {"scope":16,"parent":15,"phase":"ProjectionAdapter","stage":0,"raw_iteration":1,"iteration_kind":"picard","wall_ms":12.047708000,"device_sum_ms":8.902249858,"wall_minus_device_ms":3.145458142,"exclusive_wall_ms":12.047708000,"exclusive_device_sum_ms":8.902249858,"child_observer_wall_ms":0.000000000,"count_scope":"inclusive","owner_commits":0,"projection_invocations":1}
RISE_FIRE_OWNER_PROFILE_V1 {"scope":15,"parent":14,"phase":"Project","stage":0,"raw_iteration":1,"iteration_kind":"picard","wall_ms":13.312958000,"device_sum_ms":8.950749878,"wall_minus_device_ms":4.362208122,"exclusive_wall_ms":1.253750000,"exclusive_device_sum_ms":0.048500020,"child_observer_wall_ms":0.011500000,"count_scope":"inclusive","owner_commits":2,"projection_invocations":1}
RISE_FIRE_OWNER_PROFILE_V1 {"scope":17,"parent":14,"phase":"ReadOpenClass","stage":0,"raw_iteration":1,"iteration_kind":"picard","wall_ms":0.163000000,"device_sum_ms":0.002541579,"wall_minus_device_ms":0.160458421,"exclusive_wall_ms":0.163000000,"exclusive_device_sum_ms":0.002541579,"child_observer_wall_ms":0.000000000,"count_scope":"inclusive","owner_commits":1,"projection_invocations":0}
RISE_FIRE_OWNER_PROFILE_V1 {"scope":18,"parent":14,"phase":"ReadOpenClass","stage":0,"raw_iteration":1,"iteration_kind":"picard","wall_ms":0.146250000,"device_sum_ms":0.002375105,"wall_minus_device_ms":0.143874895,"exclusive_wall_ms":0.146250000,"exclusive_device_sum_ms":0.002375105,"child_observer_wall_ms":0.000000000,"count_scope":"inclusive","owner_commits":1,"projection_invocations":0}
PRODUCER_COMMAND_V1 stage=0 raw_iteration=1 cpu_begin=1990819185907666 cpu_end=1990819463286333 gpu_begin=1990819185907666 gpu_end=1990819463286333 device_ms=196.10583316534758 encoders=39 interval_scope=possibly_overlapping
PRODUCER_KERNEL_V1 stage=0 raw_iteration=1 ordinal=0 kernel=owner_pack_faces threads=1533387 begin_tick=1990819267052666 end_tick=1990819267110833 ms_per_tick=9.9999999999999995e-07 device_ms=0.058166999999999996
PRODUCER_KERNEL_V1 stage=0 raw_iteration=1 ordinal=1 kernel=owner_pack_faces threads=1533387 begin_tick=1990819267110833 end_tick=1990819267490625 ms_per_tick=9.9999999999999995e-07 device_ms=0.37979199999999996
PRODUCER_KERNEL_V1 stage=0 raw_iteration=1 ordinal=2 kernel=owner_pack_faces threads=1533387 begin_tick=1990819267048791 end_tick=1990819267110958 ms_per_tick=9.9999999999999995e-07 device_ms=0.062167
PRODUCER_KERNEL_V1 stage=0 raw_iteration=1 ordinal=3 kernel=fct_extract_gas_density threads=504666 begin_tick=1990819267111333 end_tick=1990819267160666 ms_per_tick=9.9999999999999995e-07 device_ms=0.049332999999999995
PRODUCER_KERNEL_V1 stage=0 raw_iteration=1 ordinal=4 kernel=owner_gas_source threads=504666 begin_tick=1990819267491166 end_tick=1990819267615791 ms_per_tick=9.9999999999999995e-07 device_ms=0.124625
PRODUCER_KERNEL_V1 stage=0 raw_iteration=1 ordinal=5 kernel=evaluate_resident_transport threads=504666 begin_tick=1990819267160666 end_tick=1990819267623583 ms_per_tick=9.9999999999999995e-07 device_ms=0.46291699999999997
PRODUCER_KERNEL_V1 stage=0 raw_iteration=1 ordinal=6 kernel=identify_resident_transport threads=1 begin_tick=1990819267624416 end_tick=1990819267627250 ms_per_tick=9.9999999999999995e-07 device_ms=0.0028339999999999997
PRODUCER_KERNEL_V1 stage=0 raw_iteration=1 ordinal=7 kernel=owner_bind_transport threads=1 begin_tick=1990819267627791 end_tick=1990819267631375 ms_per_tick=9.9999999999999995e-07 device_ms=0.0035839999999999999
PRODUCER_KERNEL_V1 stage=0 raw_iteration=1 ordinal=8 kernel=identify_resident_owner_endpoint_class threads=1 begin_tick=1990819267631791 end_tick=1990819267635125 ms_per_tick=9.9999999999999995e-07 device_ms=0.0033339999999999997
PRODUCER_KERNEL_V1 stage=0 raw_iteration=1 ordinal=9 kernel=evaluate_resident_physical_flux threads=1533387 begin_tick=1990819268447666 end_tick=1990819269625041 ms_per_tick=9.9999999999999995e-07 device_ms=1.1773749999999998
PRODUCER_KERNEL_V1 stage=0 raw_iteration=1 ordinal=10 kernel=evaluate_resident_advective_pair threads=13800483 begin_tick=1990819269852708 end_tick=1990819277200000 ms_per_tick=9.9999999999999995e-07 device_ms=7.3472919999999995
PRODUCER_KERNEL_V1 stage=0 raw_iteration=1 ordinal=11 kernel=finalize_resident_advective_high threads=13800483 begin_tick=1990819277200958 end_tick=1990819277619416 ms_per_tick=9.9999999999999995e-07 device_ms=0.418458
PRODUCER_KERNEL_V1 stage=0 raw_iteration=1 ordinal=12 kernel=compose_resident_flux_pair threads=13800483 begin_tick=1990819277619791 end_tick=1990819278493833 ms_per_tick=9.9999999999999995e-07 device_ms=0.87404199999999999
PRODUCER_KERNEL_V1 stage=0 raw_iteration=1 ordinal=13 kernel=validate_resident_physical_flux threads=13800483 begin_tick=1990819278494375 end_tick=1990819279534750 ms_per_tick=9.9999999999999995e-07 device_ms=1.040375
PRODUCER_KERNEL_V1 stage=0 raw_iteration=1 ordinal=14 kernel=identify_resident_physical_flux threads=32 begin_tick=1990819279535166 end_tick=1990819279538875 ms_per_tick=9.9999999999999995e-07 device_ms=0.0037089999999999996
PRODUCER_KERNEL_V1 stage=0 raw_iteration=1 ordinal=15 kernel=fct_build_ratios threads=5551326 begin_tick=1990819279539333 end_tick=1990819283287666 ms_per_tick=9.9999999999999995e-07 device_ms=3.7483329999999997
PRODUCER_KERNEL_V1 stage=0 raw_iteration=1 ordinal=16 kernel=fct_build_face_alpha threads=1533387 begin_tick=1990819283288333 end_tick=1990819283557000 ms_per_tick=9.9999999999999995e-07 device_ms=0.26866699999999999
PRODUCER_KERNEL_V1 stage=0 raw_iteration=1 ordinal=17 kernel=fct_commit_scalar threads=504666 begin_tick=1990819283557541 end_tick=1990819283758041 ms_per_tick=9.9999999999999995e-07 device_ms=0.20049999999999998
PRODUCER_KERNEL_V1 stage=0 raw_iteration=1 ordinal=18 kernel=owner_bind_candidate threads=1 begin_tick=1990819283758583 end_tick=1990819283762375 ms_per_tick=9.9999999999999995e-07 device_ms=0.0037919999999999998
PRODUCER_KERNEL_V1 stage=0 raw_iteration=1 ordinal=19 kernel=finalize_resident_eos_candidate threads=1 begin_tick=1990819283762958 end_tick=1990819283765583 ms_per_tick=9.9999999999999995e-07 device_ms=0.0026249999999999997
PRODUCER_KERNEL_V1 stage=0 raw_iteration=1 ordinal=20 kernel=build_eos_endpoint_table threads=14 begin_tick=1990819283766083 end_tick=1990819284057666 ms_per_tick=9.9999999999999995e-07 device_ms=0.29158299999999998
PRODUCER_KERNEL_V1 stage=0 raw_iteration=1 ordinal=21 kernel=evaluate_resident_eos_candidate threads=504666 begin_tick=1990819284058083 end_tick=1990819348228750 ms_per_tick=9.9999999999999995e-07 device_ms=64.170666999999995
PRODUCER_KERNEL_V1 stage=0 raw_iteration=1 ordinal=22 kernel=finalize_resident_eos_candidate threads=1 begin_tick=1990819348243916 end_tick=1990819348246583 ms_per_tick=9.9999999999999995e-07 device_ms=0.0026669999999999997
PRODUCER_KERNEL_V1 stage=0 raw_iteration=1 ordinal=23 kernel=identify_resident_eos threads=1 begin_tick=1990819348246875 end_tick=1990819348249458 ms_per_tick=9.9999999999999995e-07 device_ms=0.0025829999999999998
PRODUCER_KERNEL_V1 stage=0 raw_iteration=1 ordinal=24 kernel=produce_resident_frozen_source threads=504666 begin_tick=1990819348249791 end_tick=1990819348281666 ms_per_tick=9.9999999999999995e-07 device_ms=0.031875000000000001
PRODUCER_KERNEL_V1 stage=0 raw_iteration=1 ordinal=25 kernel=identify_resident_frozen_source threads=1 begin_tick=1990819348282041 end_tick=1990819348285250 ms_per_tick=9.9999999999999995e-07 device_ms=0.003209
PRODUCER_KERNEL_V1 stage=0 raw_iteration=1 ordinal=26 kernel=evaluate_resident_target_terms threads=504666 begin_tick=1990819348285666 end_tick=1990819462436625 ms_per_tick=9.9999999999999995e-07 device_ms=114.150959
PRODUCER_KERNEL_V1 stage=0 raw_iteration=1 ordinal=27 kernel=finalize_resident_target threads=1 begin_tick=1990819462450291 end_tick=1990819462453375 ms_per_tick=9.9999999999999995e-07 device_ms=0.0030839999999999999
PRODUCER_KERNEL_V1 stage=0 raw_iteration=1 ordinal=28 kernel=identify_resident_target threads=1 begin_tick=1990819462453666 end_tick=1990819462456791 ms_per_tick=9.9999999999999995e-07 device_ms=0.0031249999999999997
PRODUCER_KERNEL_V1 stage=0 raw_iteration=1 ordinal=29 kernel=issue_resident_projection_consumer threads=1 begin_tick=1990819462457166 end_tick=1990819462461041 ms_per_tick=9.9999999999999995e-07 device_ms=0.003875
PRODUCER_KERNEL_V1 stage=0 raw_iteration=1 ordinal=30 kernel=consume_resident_target threads=1 begin_tick=1990819462461333 end_tick=1990819462465666 ms_per_tick=9.9999999999999995e-07 device_ms=0.004333
PRODUCER_KERNEL_V1 stage=0 raw_iteration=1 ordinal=31 kernel=owner_compose_target threads=504666 begin_tick=1990819462466041 end_tick=1990819462545708 ms_per_tick=9.9999999999999995e-07 device_ms=0.079667000000000002
PRODUCER_KERNEL_V1 stage=0 raw_iteration=1 ordinal=32 kernel=finalize_resident_target threads=1 begin_tick=1990819462546000 end_tick=1990819462548666 ms_per_tick=9.9999999999999995e-07 device_ms=0.002666
PRODUCER_KERNEL_V1 stage=0 raw_iteration=1 ordinal=33 kernel=owner_identify_target threads=1 begin_tick=1990819462549000 end_tick=1990819462551916 ms_per_tick=9.9999999999999995e-07 device_ms=0.0029159999999999998
PRODUCER_KERNEL_V1 stage=0 raw_iteration=1 ordinal=34 kernel=issue_resident_projection_consumer threads=1 begin_tick=1990819462552208 end_tick=1990819462555375 ms_per_tick=9.9999999999999995e-07 device_ms=0.0031669999999999997
PRODUCER_KERNEL_V1 stage=0 raw_iteration=1 ordinal=35 kernel=consume_resident_target threads=1 begin_tick=1990819462555708 end_tick=1990819462558916 ms_per_tick=9.9999999999999995e-07 device_ms=0.0032079999999999999
PRODUCER_KERNEL_V1 stage=0 raw_iteration=1 ordinal=36 kernel=owner_issue_stage_seal threads=1 begin_tick=1990819462559208 end_tick=1990819462562083 ms_per_tick=9.9999999999999995e-07 device_ms=0.002875
PRODUCER_KERNEL_V1 stage=0 raw_iteration=1 ordinal=37 kernel=fct_compatible_stage_rate threads=1533387 begin_tick=1990819462562458 end_tick=1990819463098708 ms_per_tick=9.9999999999999995e-07 device_ms=0.53625
PRODUCER_KERNEL_V1 stage=0 raw_iteration=1 ordinal=38 kernel=owner_predict_momentum threads=1533387 begin_tick=1990819463099291 end_tick=1990819463149083 ms_per_tick=9.9999999999999995e-07 device_ms=0.049791999999999996
RISE_FIRE_OWNER_PROFILE_V1 {"scope":19,"parent":14,"phase":"BuildStageProducerGroup","stage":0,"raw_iteration":1,"iteration_kind":"picard","wall_ms":277.556125000,"device_sum_ms":196.105833165,"wall_minus_device_ms":81.450291835,"exclusive_wall_ms":277.556125000,"exclusive_device_sum_ms":196.105833165,"child_observer_wall_ms":0.000000000,"count_scope":"inclusive","owner_commits":1,"projection_invocations":0}
RISE_FIRE_OWNER_PROFILE_V1 {"scope":20,"parent":14,"phase":"Residual","stage":0,"raw_iteration":1,"iteration_kind":"picard","wall_ms":0.325000000,"device_sum_ms":0.114749884,"wall_minus_device_ms":0.210250116,"exclusive_wall_ms":0.325000000,"exclusive_device_sum_ms":0.114749884,"child_observer_wall_ms":0.000000000,"count_scope":"inclusive","owner_commits":1,"projection_invocations":0}
RISE_FIRE_OWNER_PROFILE_V1 {"scope":14,"parent":3,"phase":"PicardIteration","stage":0,"raw_iteration":1,"iteration_kind":"picard","wall_ms":291.936625000,"device_sum_ms":205.176249612,"wall_minus_device_ms":86.760375388,"exclusive_wall_ms":0.399918000,"exclusive_device_sum_ms":0.000000000,"child_observer_wall_ms":0.033374000,"count_scope":"inclusive","owner_commits":6,"projection_invocations":1}
RISE_FIRE_OWNER_PROFILE_V1 {"scope":23,"parent":22,"phase":"ProjectionAdapter","stage":0,"raw_iteration":2,"iteration_kind":"picard","wall_ms":12.377667000,"device_sum_ms":9.232416749,"wall_minus_device_ms":3.145250251,"exclusive_wall_ms":12.377667000,"exclusive_device_sum_ms":9.232416749,"child_observer_wall_ms":0.000000000,"count_scope":"inclusive","owner_commits":0,"projection_invocations":1}
RISE_FIRE_OWNER_PROFILE_V1 {"scope":22,"parent":21,"phase":"Project","stage":0,"raw_iteration":2,"iteration_kind":"picard","wall_ms":13.576125000,"device_sum_ms":9.276999859,"wall_minus_device_ms":4.299125141,"exclusive_wall_ms":1.190541000,"exclusive_device_sum_ms":0.044583110,"child_observer_wall_ms":0.007917000,"count_scope":"inclusive","owner_commits":2,"projection_invocations":1}
RISE_FIRE_OWNER_PROFILE_V1 {"scope":24,"parent":21,"phase":"ReadOpenClass","stage":0,"raw_iteration":2,"iteration_kind":"picard","wall_ms":0.150167000,"device_sum_ms":0.002416782,"wall_minus_device_ms":0.147750218,"exclusive_wall_ms":0.150167000,"exclusive_device_sum_ms":0.002416782,"child_observer_wall_ms":0.000000000,"count_scope":"inclusive","owner_commits":1,"projection_invocations":0}
RISE_FIRE_OWNER_PROFILE_V1 {"scope":25,"parent":21,"phase":"ReadOpenClass","stage":0,"raw_iteration":2,"iteration_kind":"picard","wall_ms":0.140084000,"device_sum_ms":0.002499903,"wall_minus_device_ms":0.137584097,"exclusive_wall_ms":0.140084000,"exclusive_device_sum_ms":0.002499903,"child_observer_wall_ms":0.000000000,"count_scope":"inclusive","owner_commits":1,"projection_invocations":0}
PRODUCER_COMMAND_V1 stage=0 raw_iteration=2 cpu_begin=1990819478081416 cpu_end=1990819754594000 gpu_begin=1990819478081416 gpu_end=1990819754594000 device_ms=196.50529162026942 encoders=39 interval_scope=possibly_overlapping
PRODUCER_KERNEL_V1 stage=0 raw_iteration=2 ordinal=0 kernel=owner_pack_faces threads=1533387 begin_tick=1990819558065041 end_tick=1990819558115916 ms_per_tick=9.9999999999999995e-07 device_ms=0.050874999999999997
PRODUCER_KERNEL_V1 stage=0 raw_iteration=2 ordinal=1 kernel=owner_pack_faces threads=1533387 begin_tick=1990819558163208 end_tick=1990819558213666 ms_per_tick=9.9999999999999995e-07 device_ms=0.050457999999999996
PRODUCER_KERNEL_V1 stage=0 raw_iteration=2 ordinal=2 kernel=owner_pack_faces threads=1533387 begin_tick=1990819558263958 end_tick=1990819558342458 ms_per_tick=9.9999999999999995e-07 device_ms=0.0785
PRODUCER_KERNEL_V1 stage=0 raw_iteration=2 ordinal=3 kernel=fct_extract_gas_density threads=504666 begin_tick=1990819558291833 end_tick=1990819558338750 ms_per_tick=9.9999999999999995e-07 device_ms=0.046917
PRODUCER_KERNEL_V1 stage=0 raw_iteration=2 ordinal=4 kernel=owner_gas_source threads=504666 begin_tick=1990819558377916 end_tick=1990819558424125 ms_per_tick=9.9999999999999995e-07 device_ms=0.046209
PRODUCER_KERNEL_V1 stage=0 raw_iteration=2 ordinal=5 kernel=evaluate_resident_transport threads=504666 begin_tick=1990819558442875 end_tick=1990819558897000 ms_per_tick=9.9999999999999995e-07 device_ms=0.454125
PRODUCER_KERNEL_V1 stage=0 raw_iteration=2 ordinal=6 kernel=identify_resident_transport threads=1 begin_tick=1990819558897416 end_tick=1990819558900166 ms_per_tick=9.9999999999999995e-07 device_ms=0.0027499999999999998
PRODUCER_KERNEL_V1 stage=0 raw_iteration=2 ordinal=7 kernel=owner_bind_transport threads=1 begin_tick=1990819558900750 end_tick=1990819558904166 ms_per_tick=9.9999999999999995e-07 device_ms=0.0034159999999999998
PRODUCER_KERNEL_V1 stage=0 raw_iteration=2 ordinal=8 kernel=identify_resident_owner_endpoint_class threads=1 begin_tick=1990819558904583 end_tick=1990819558907583 ms_per_tick=9.9999999999999995e-07 device_ms=0.0030000000000000001
PRODUCER_KERNEL_V1 stage=0 raw_iteration=2 ordinal=9 kernel=evaluate_resident_physical_flux threads=1533387 begin_tick=1990819559834916 end_tick=1990819560950625 ms_per_tick=9.9999999999999995e-07 device_ms=1.1157089999999998
PRODUCER_KERNEL_V1 stage=0 raw_iteration=2 ordinal=10 kernel=evaluate_resident_advective_pair threads=13800483 begin_tick=1990819561247375 end_tick=1990819568380041 ms_per_tick=9.9999999999999995e-07 device_ms=7.1326659999999995
PRODUCER_KERNEL_V1 stage=0 raw_iteration=2 ordinal=11 kernel=finalize_resident_advective_high threads=13800483 begin_tick=1990819568380666 end_tick=1990819568853125 ms_per_tick=9.9999999999999995e-07 device_ms=0.47245899999999996
PRODUCER_KERNEL_V1 stage=0 raw_iteration=2 ordinal=12 kernel=compose_resident_flux_pair threads=13800483 begin_tick=1990819568853625 end_tick=1990819569735916 ms_per_tick=9.9999999999999995e-07 device_ms=0.88229099999999994
PRODUCER_KERNEL_V1 stage=0 raw_iteration=2 ordinal=13 kernel=validate_resident_physical_flux threads=13800483 begin_tick=1990819569736666 end_tick=1990819570745833 ms_per_tick=9.9999999999999995e-07 device_ms=1.0091669999999999
PRODUCER_KERNEL_V1 stage=0 raw_iteration=2 ordinal=14 kernel=identify_resident_physical_flux threads=32 begin_tick=1990819570746458 end_tick=1990819570752791 ms_per_tick=9.9999999999999995e-07 device_ms=0.0063330000000000001
PRODUCER_KERNEL_V1 stage=0 raw_iteration=2 ordinal=15 kernel=fct_build_ratios threads=5551326 begin_tick=1990819570753375 end_tick=1990819574735250 ms_per_tick=9.9999999999999995e-07 device_ms=3.9818749999999996
PRODUCER_KERNEL_V1 stage=0 raw_iteration=2 ordinal=16 kernel=fct_build_face_alpha threads=1533387 begin_tick=1990819574735875 end_tick=1990819575002916 ms_per_tick=9.9999999999999995e-07 device_ms=0.26704099999999997
PRODUCER_KERNEL_V1 stage=0 raw_iteration=2 ordinal=17 kernel=fct_commit_scalar threads=504666 begin_tick=1990819575003291 end_tick=1990819575192791 ms_per_tick=9.9999999999999995e-07 device_ms=0.1895
PRODUCER_KERNEL_V1 stage=0 raw_iteration=2 ordinal=18 kernel=owner_bind_candidate threads=1 begin_tick=1990819575193458 end_tick=1990819575197375 ms_per_tick=9.9999999999999995e-07 device_ms=0.0039169999999999995
PRODUCER_KERNEL_V1 stage=0 raw_iteration=2 ordinal=19 kernel=finalize_resident_eos_candidate threads=1 begin_tick=1990819575197916 end_tick=1990819575200375 ms_per_tick=9.9999999999999995e-07 device_ms=0.0024589999999999998
PRODUCER_KERNEL_V1 stage=0 raw_iteration=2 ordinal=20 kernel=build_eos_endpoint_table threads=14 begin_tick=1990819575201333 end_tick=1990819575491833 ms_per_tick=9.9999999999999995e-07 device_ms=0.29049999999999998
PRODUCER_KERNEL_V1 stage=0 raw_iteration=2 ordinal=21 kernel=evaluate_resident_eos_candidate threads=504666 begin_tick=1990819575492125 end_tick=1990819639474041 ms_per_tick=9.9999999999999995e-07 device_ms=63.981915999999998
PRODUCER_KERNEL_V1 stage=0 raw_iteration=2 ordinal=22 kernel=finalize_resident_eos_candidate threads=1 begin_tick=1990819639490125 end_tick=1990819639492708 ms_per_tick=9.9999999999999995e-07 device_ms=0.0025829999999999998
PRODUCER_KERNEL_V1 stage=0 raw_iteration=2 ordinal=23 kernel=identify_resident_eos threads=1 begin_tick=1990819639493000 end_tick=1990819639495625 ms_per_tick=9.9999999999999995e-07 device_ms=0.0026249999999999997
PRODUCER_KERNEL_V1 stage=0 raw_iteration=2 ordinal=24 kernel=produce_resident_frozen_source threads=504666 begin_tick=1990819639496125 end_tick=1990819639527875 ms_per_tick=9.9999999999999995e-07 device_ms=0.03175
PRODUCER_KERNEL_V1 stage=0 raw_iteration=2 ordinal=25 kernel=identify_resident_frozen_source threads=1 begin_tick=1990819639528250 end_tick=1990819639533833 ms_per_tick=9.9999999999999995e-07 device_ms=0.0055829999999999994
PRODUCER_KERNEL_V1 stage=0 raw_iteration=2 ordinal=26 kernel=evaluate_resident_target_terms threads=504666 begin_tick=1990819639534208 end_tick=1990819753730625 ms_per_tick=9.9999999999999995e-07 device_ms=114.196417
PRODUCER_KERNEL_V1 stage=0 raw_iteration=2 ordinal=27 kernel=finalize_resident_target threads=1 begin_tick=1990819753744166 end_tick=1990819753746958 ms_per_tick=9.9999999999999995e-07 device_ms=0.0027919999999999998
PRODUCER_KERNEL_V1 stage=0 raw_iteration=2 ordinal=28 kernel=identify_resident_target threads=1 begin_tick=1990819753747250 end_tick=1990819753750708 ms_per_tick=9.9999999999999995e-07 device_ms=0.0034579999999999997
PRODUCER_KERNEL_V1 stage=0 raw_iteration=2 ordinal=29 kernel=issue_resident_projection_consumer threads=1 begin_tick=1990819753751125 end_tick=1990819753755250 ms_per_tick=9.9999999999999995e-07 device_ms=0.0041250000000000002
PRODUCER_KERNEL_V1 stage=0 raw_iteration=2 ordinal=30 kernel=consume_resident_target threads=1 begin_tick=1990819753755666 end_tick=1990819753760166 ms_per_tick=9.9999999999999995e-07 device_ms=0.0044999999999999997
PRODUCER_KERNEL_V1 stage=0 raw_iteration=2 ordinal=31 kernel=owner_compose_target threads=504666 begin_tick=1990819753760541 end_tick=1990819753840083 ms_per_tick=9.9999999999999995e-07 device_ms=0.079542000000000002
PRODUCER_KERNEL_V1 stage=0 raw_iteration=2 ordinal=32 kernel=finalize_resident_target threads=1 begin_tick=1990819753840541 end_tick=1990819753843250 ms_per_tick=9.9999999999999995e-07 device_ms=0.002709
PRODUCER_KERNEL_V1 stage=0 raw_iteration=2 ordinal=33 kernel=owner_identify_target threads=1 begin_tick=1990819753843625 end_tick=1990819753846458 ms_per_tick=9.9999999999999995e-07 device_ms=0.002833
PRODUCER_KERNEL_V1 stage=0 raw_iteration=2 ordinal=34 kernel=issue_resident_projection_consumer threads=1 begin_tick=1990819753846875 end_tick=1990819753850083 ms_per_tick=9.9999999999999995e-07 device_ms=0.0032079999999999999
PRODUCER_KERNEL_V1 stage=0 raw_iteration=2 ordinal=35 kernel=consume_resident_target threads=1 begin_tick=1990819753850500 end_tick=1990819753853583 ms_per_tick=9.9999999999999995e-07 device_ms=0.0030829999999999998
PRODUCER_KERNEL_V1 stage=0 raw_iteration=2 ordinal=36 kernel=owner_issue_stage_seal threads=1 begin_tick=1990819753854000 end_tick=1990819753857166 ms_per_tick=9.9999999999999995e-07 device_ms=0.003166
PRODUCER_KERNEL_V1 stage=0 raw_iteration=2 ordinal=37 kernel=fct_compatible_stage_rate threads=1533387 begin_tick=1990819753857541 end_tick=1990819754389041 ms_per_tick=9.9999999999999995e-07 device_ms=0.53149999999999997
PRODUCER_KERNEL_V1 stage=0 raw_iteration=2 ordinal=38 kernel=owner_predict_momentum threads=1533387 begin_tick=1990819754389708 end_tick=1990819754439458 ms_per_tick=9.9999999999999995e-07 device_ms=0.049749999999999996
RISE_FIRE_OWNER_PROFILE_V1 {"scope":26,"parent":21,"phase":"BuildStageProducerGroup","stage":0,"raw_iteration":2,"iteration_kind":"picard","wall_ms":276.654250000,"device_sum_ms":196.505291620,"wall_minus_device_ms":80.148958380,"exclusive_wall_ms":276.654250000,"exclusive_device_sum_ms":196.505291620,"child_observer_wall_ms":0.000000000,"count_scope":"inclusive","owner_commits":1,"projection_invocations":0}
RISE_FIRE_OWNER_PROFILE_V1 {"scope":27,"parent":21,"phase":"Residual","stage":0,"raw_iteration":2,"iteration_kind":"picard","wall_ms":0.284958000,"device_sum_ms":0.109750079,"wall_minus_device_ms":0.175207921,"exclusive_wall_ms":0.284958000,"exclusive_device_sum_ms":0.109750079,"child_observer_wall_ms":0.000000000,"count_scope":"inclusive","owner_commits":1,"projection_invocations":0}
RISE_FIRE_OWNER_PROFILE_V1 {"scope":30,"parent":29,"phase":"ProjectionAdapter","stage":0,"raw_iteration":2147483650,"iteration_kind":"terminal","wall_ms":12.135709000,"device_sum_ms":9.293875191,"wall_minus_device_ms":2.841833809,"exclusive_wall_ms":12.135709000,"exclusive_device_sum_ms":9.293875191,"child_observer_wall_ms":0.000000000,"count_scope":"inclusive","owner_commits":0,"projection_invocations":1}
RISE_FIRE_OWNER_PROFILE_V1 {"scope":29,"parent":28,"phase":"Project","stage":0,"raw_iteration":2147483650,"iteration_kind":"terminal","wall_ms":12.666000000,"device_sum_ms":9.331750218,"wall_minus_device_ms":3.334249782,"exclusive_wall_ms":0.523666000,"exclusive_device_sum_ms":0.037875026,"child_observer_wall_ms":0.006625000,"count_scope":"inclusive","owner_commits":2,"projection_invocations":1}
RISE_FIRE_OWNER_PROFILE_V1 {"scope":31,"parent":28,"phase":"ReadOpenClass","stage":0,"raw_iteration":2147483650,"iteration_kind":"terminal","wall_ms":0.158709000,"device_sum_ms":0.002458226,"wall_minus_device_ms":0.156250774,"exclusive_wall_ms":0.158709000,"exclusive_device_sum_ms":0.002458226,"child_observer_wall_ms":0.000000000,"count_scope":"inclusive","owner_commits":1,"projection_invocations":0}
RISE_FIRE_OWNER_PROFILE_V1 {"scope":32,"parent":28,"phase":"ReadOpenClass","stage":0,"raw_iteration":2147483650,"iteration_kind":"terminal","wall_ms":0.148000000,"device_sum_ms":0.002500135,"wall_minus_device_ms":0.145499865,"exclusive_wall_ms":0.148000000,"exclusive_device_sum_ms":0.002500135,"child_observer_wall_ms":0.000000000,"count_scope":"inclusive","owner_commits":1,"projection_invocations":0}
PRODUCER_COMMAND_V1 stage=0 raw_iteration=2147483650 cpu_begin=1990819768023458 cpu_end=1990820046874375 gpu_begin=1990819768023458 gpu_end=1990820046874375 device_ms=197.71525007672608 encoders=39 interval_scope=possibly_overlapping
PRODUCER_KERNEL_V1 stage=0 raw_iteration=2147483650 ordinal=0 kernel=owner_pack_faces threads=1533387 begin_tick=1990819849044166 end_tick=1990819849098625 ms_per_tick=9.9999999999999995e-07 device_ms=0.054459
PRODUCER_KERNEL_V1 stage=0 raw_iteration=2147483650 ordinal=1 kernel=owner_pack_faces threads=1533387 begin_tick=1990819849097916 end_tick=1990819849444875 ms_per_tick=9.9999999999999995e-07 device_ms=0.34695899999999996
PRODUCER_KERNEL_V1 stage=0 raw_iteration=2147483650 ordinal=2 kernel=owner_pack_faces threads=1533387 begin_tick=1990819849041000 end_tick=1990819849097916 ms_per_tick=9.9999999999999995e-07 device_ms=0.056915999999999994
PRODUCER_KERNEL_V1 stage=0 raw_iteration=2147483650 ordinal=3 kernel=fct_extract_gas_density threads=504666 begin_tick=1990819849099125 end_tick=1990819849151125 ms_per_tick=9.9999999999999995e-07 device_ms=0.051999999999999998
PRODUCER_KERNEL_V1 stage=0 raw_iteration=2147483650 ordinal=4 kernel=owner_gas_source threads=504666 begin_tick=1990819849445750 end_tick=1990819849603791 ms_per_tick=9.9999999999999995e-07 device_ms=0.15804099999999999
PRODUCER_KERNEL_V1 stage=0 raw_iteration=2147483650 ordinal=5 kernel=evaluate_resident_transport threads=504666 begin_tick=1990819849151125 end_tick=1990819849613916 ms_per_tick=9.9999999999999995e-07 device_ms=0.46279099999999995
PRODUCER_KERNEL_V1 stage=0 raw_iteration=2147483650 ordinal=6 kernel=identify_resident_transport threads=1 begin_tick=1990819849614458 end_tick=1990819849617250 ms_per_tick=9.9999999999999995e-07 device_ms=0.0027919999999999998
PRODUCER_KERNEL_V1 stage=0 raw_iteration=2147483650 ordinal=7 kernel=owner_bind_transport threads=1 begin_tick=1990819849617833 end_tick=1990819849621375 ms_per_tick=9.9999999999999995e-07 device_ms=0.003542
PRODUCER_KERNEL_V1 stage=0 raw_iteration=2147483650 ordinal=8 kernel=identify_resident_owner_endpoint_class threads=1 begin_tick=1990819849621666 end_tick=1990819849625041 ms_per_tick=9.9999999999999995e-07 device_ms=0.003375
PRODUCER_KERNEL_V1 stage=0 raw_iteration=2147483650 ordinal=9 kernel=evaluate_resident_physical_flux threads=1533387 begin_tick=1990819850457666 end_tick=1990819851580541 ms_per_tick=9.9999999999999995e-07 device_ms=1.1228749999999998
PRODUCER_KERNEL_V1 stage=0 raw_iteration=2147483650 ordinal=10 kernel=evaluate_resident_advective_pair threads=13800483 begin_tick=1990819851859541 end_tick=1990819859204250 ms_per_tick=9.9999999999999995e-07 device_ms=7.3447089999999999
PRODUCER_KERNEL_V1 stage=0 raw_iteration=2147483650 ordinal=11 kernel=finalize_resident_advective_high threads=13800483 begin_tick=1990819859223875 end_tick=1990819859817750 ms_per_tick=9.9999999999999995e-07 device_ms=0.59387499999999993
PRODUCER_KERNEL_V1 stage=0 raw_iteration=2147483650 ordinal=12 kernel=compose_resident_flux_pair threads=13800483 begin_tick=1990819859818083 end_tick=1990819860701541 ms_per_tick=9.9999999999999995e-07 device_ms=0.88345799999999997
PRODUCER_KERNEL_V1 stage=0 raw_iteration=2147483650 ordinal=13 kernel=validate_resident_physical_flux threads=13800483 begin_tick=1990819860702041 end_tick=1990819861539458 ms_per_tick=9.9999999999999995e-07 device_ms=0.83741699999999997
PRODUCER_KERNEL_V1 stage=0 raw_iteration=2147483650 ordinal=14 kernel=identify_resident_physical_flux threads=32 begin_tick=1990819861539916 end_tick=1990819861543125 ms_per_tick=9.9999999999999995e-07 device_ms=0.003209
PRODUCER_KERNEL_V1 stage=0 raw_iteration=2147483650 ordinal=15 kernel=fct_build_ratios threads=5551326 begin_tick=1990819861543666 end_tick=1990819865136416 ms_per_tick=9.9999999999999995e-07 device_ms=3.5927499999999997
PRODUCER_KERNEL_V1 stage=0 raw_iteration=2147483650 ordinal=16 kernel=fct_build_face_alpha threads=1533387 begin_tick=1990819865137041 end_tick=1990819865405666 ms_per_tick=9.9999999999999995e-07 device_ms=0.268625
PRODUCER_KERNEL_V1 stage=0 raw_iteration=2147483650 ordinal=17 kernel=fct_commit_scalar threads=504666 begin_tick=1990819865406208 end_tick=1990819865601541 ms_per_tick=9.9999999999999995e-07 device_ms=0.19533299999999998
PRODUCER_KERNEL_V1 stage=0 raw_iteration=2147483650 ordinal=18 kernel=owner_bind_candidate threads=1 begin_tick=1990819865602125 end_tick=1990819865605833 ms_per_tick=9.9999999999999995e-07 device_ms=0.0037079999999999999
PRODUCER_KERNEL_V1 stage=0 raw_iteration=2147483650 ordinal=19 kernel=finalize_resident_eos_candidate threads=1 begin_tick=1990819865606375 end_tick=1990819865608875 ms_per_tick=9.9999999999999995e-07 device_ms=0.0025000000000000001
PRODUCER_KERNEL_V1 stage=0 raw_iteration=2147483650 ordinal=20 kernel=build_eos_endpoint_table threads=14 begin_tick=1990819865609250 end_tick=1990819865900666 ms_per_tick=9.9999999999999995e-07 device_ms=0.29141600000000001
PRODUCER_KERNEL_V1 stage=0 raw_iteration=2147483650 ordinal=21 kernel=evaluate_resident_eos_candidate threads=504666 begin_tick=1990819865900958 end_tick=1990819931612625 ms_per_tick=9.9999999999999995e-07 device_ms=65.711666999999991
PRODUCER_KERNEL_V1 stage=0 raw_iteration=2147483650 ordinal=22 kernel=finalize_resident_eos_candidate threads=1 begin_tick=1990819931627791 end_tick=1990819931630458 ms_per_tick=9.9999999999999995e-07 device_ms=0.0026669999999999997
PRODUCER_KERNEL_V1 stage=0 raw_iteration=2147483650 ordinal=23 kernel=identify_resident_eos threads=1 begin_tick=1990819931630750 end_tick=1990819931633416 ms_per_tick=9.9999999999999995e-07 device_ms=0.002666
PRODUCER_KERNEL_V1 stage=0 raw_iteration=2147483650 ordinal=24 kernel=produce_resident_frozen_source threads=504666 begin_tick=1990819931633708 end_tick=1990819931665916 ms_per_tick=9.9999999999999995e-07 device_ms=0.032208000000000001
PRODUCER_KERNEL_V1 stage=0 raw_iteration=2147483650 ordinal=25 kernel=identify_resident_frozen_source threads=1 begin_tick=1990819931666333 end_tick=1990819931669333 ms_per_tick=9.9999999999999995e-07 device_ms=0.0030000000000000001
PRODUCER_KERNEL_V1 stage=0 raw_iteration=2147483650 ordinal=26 kernel=evaluate_resident_target_terms threads=504666 begin_tick=1990819931669750 end_tick=1990820046069500 ms_per_tick=9.9999999999999995e-07 device_ms=114.39975
PRODUCER_KERNEL_V1 stage=0 raw_iteration=2147483650 ordinal=27 kernel=finalize_resident_target threads=1 begin_tick=1990820046083458 end_tick=1990820046086375 ms_per_tick=9.9999999999999995e-07 device_ms=0.0029169999999999999
PRODUCER_KERNEL_V1 stage=0 raw_iteration=2147483650 ordinal=28 kernel=identify_resident_target threads=1 begin_tick=1990820046086666 end_tick=1990820046089708 ms_per_tick=9.9999999999999995e-07 device_ms=0.003042
PRODUCER_KERNEL_V1 stage=0 raw_iteration=2147483650 ordinal=29 kernel=issue_resident_projection_consumer threads=1 begin_tick=1990820046090083 end_tick=1990820046094250 ms_per_tick=9.9999999999999995e-07 device_ms=0.0041669999999999997
PRODUCER_KERNEL_V1 stage=0 raw_iteration=2147483650 ordinal=30 kernel=consume_resident_target threads=1 begin_tick=1990820046094583 end_tick=1990820046098583 ms_per_tick=9.9999999999999995e-07 device_ms=0.0040000000000000001
PRODUCER_KERNEL_V1 stage=0 raw_iteration=2147483650 ordinal=31 kernel=owner_compose_target threads=504666 begin_tick=1990820046099000 end_tick=1990820046178375 ms_per_tick=9.9999999999999995e-07 device_ms=0.079375000000000001
PRODUCER_KERNEL_V1 stage=0 raw_iteration=2147483650 ordinal=32 kernel=finalize_resident_target threads=1 begin_tick=1990820046178708 end_tick=1990820046181583 ms_per_tick=9.9999999999999995e-07 device_ms=0.002875
PRODUCER_KERNEL_V1 stage=0 raw_iteration=2147483650 ordinal=33 kernel=owner_identify_target threads=1 begin_tick=1990820046182000 end_tick=1990820046184833 ms_per_tick=9.9999999999999995e-07 device_ms=0.002833
PRODUCER_KERNEL_V1 stage=0 raw_iteration=2147483650 ordinal=34 kernel=issue_resident_projection_consumer threads=1 begin_tick=1990820046185291 end_tick=1990820046188208 ms_per_tick=9.9999999999999995e-07 device_ms=0.0029169999999999999
PRODUCER_KERNEL_V1 stage=0 raw_iteration=2147483650 ordinal=35 kernel=consume_resident_target threads=1 begin_tick=1990820046188625 end_tick=1990820046191625 ms_per_tick=9.9999999999999995e-07 device_ms=0.0030000000000000001
PRODUCER_KERNEL_V1 stage=0 raw_iteration=2147483650 ordinal=36 kernel=owner_issue_stage_seal threads=1 begin_tick=1990820046192000 end_tick=1990820046195166 ms_per_tick=9.9999999999999995e-07 device_ms=0.003166
PRODUCER_KERNEL_V1 stage=0 raw_iteration=2147483650 ordinal=37 kernel=fct_compatible_stage_rate threads=1533387 begin_tick=1990820046195625 end_tick=1990820046700833 ms_per_tick=9.9999999999999995e-07 device_ms=0.50520799999999999
PRODUCER_KERNEL_V1 stage=0 raw_iteration=2147483650 ordinal=38 kernel=owner_predict_momentum threads=1533387 begin_tick=1990820046701458 end_tick=1990820046750666 ms_per_tick=9.9999999999999995e-07 device_ms=0.049207999999999995
RISE_FIRE_OWNER_PROFILE_V1 {"scope":33,"parent":28,"phase":"BuildStageProducerGroup","stage":0,"raw_iteration":2147483650,"iteration_kind":"terminal","wall_ms":279.014708000,"device_sum_ms":197.715250077,"wall_minus_device_ms":81.299457923,"exclusive_wall_ms":279.014708000,"exclusive_device_sum_ms":197.715250077,"child_observer_wall_ms":0.000000000,"count_scope":"inclusive","owner_commits":1,"projection_invocations":0}
RISE_FIRE_OWNER_PROFILE_V1 {"scope":34,"parent":28,"phase":"AlphaResidual","stage":0,"raw_iteration":2147483650,"iteration_kind":"terminal","wall_ms":0.375125000,"device_sum_ms":0.050333329,"wall_minus_device_ms":0.324791671,"exclusive_wall_ms":0.375125000,"exclusive_device_sum_ms":0.050333329,"child_observer_wall_ms":0.000000000,"count_scope":"inclusive","owner_commits":1,"projection_invocations":0}
RISE_FIRE_OWNER_PROFILE_V1 {"scope":35,"parent":28,"phase":"Residual","stage":0,"raw_iteration":2147483650,"iteration_kind":"terminal","wall_ms":0.307375000,"device_sum_ms":0.114958500,"wall_minus_device_ms":0.192416500,"exclusive_wall_ms":0.307375000,"exclusive_device_sum_ms":0.114958500,"child_observer_wall_ms":0.000000000,"count_scope":"inclusive","owner_commits":1,"projection_invocations":0}
RISE_FIRE_OWNER_PROFILE_V1 {"scope":28,"parent":21,"phase":"TerminalVerification","stage":0,"raw_iteration":2147483650,"iteration_kind":"terminal","wall_ms":292.708250000,"device_sum_ms":207.217250485,"wall_minus_device_ms":85.490999515,"exclusive_wall_ms":0.003959000,"exclusive_device_sum_ms":0.000000000,"child_observer_wall_ms":0.034374000,"count_scope":"inclusive","owner_commits":7,"projection_invocations":1}
RISE_FIRE_OWNER_PROFILE_V1 {"scope":21,"parent":3,"phase":"PicardIteration","stage":0,"raw_iteration":2,"iteration_kind":"picard","wall_ms":583.928167000,"device_sum_ms":413.114208728,"wall_minus_device_ms":170.813958272,"exclusive_wall_ms":0.386044000,"exclusive_device_sum_ms":0.000000000,"child_observer_wall_ms":0.028289000,"count_scope":"inclusive","owner_commits":13,"projection_invocations":2}
RISE_FIRE_OWNER_PROFILE_V1 {"scope":3,"parent":1,"phase":"SolveStage","stage":0,"raw_iteration":4294967295,"iteration_kind":"bootstrap","wall_ms":1480.092208000,"device_sum_ms":1048.835791880,"wall_minus_device_ms":431.256416120,"exclusive_wall_ms":1.521501000,"exclusive_device_sum_ms":0.000000000,"child_observer_wall_ms":0.029374000,"count_scope":"inclusive","owner_commits":28,"projection_invocations":5}
RISE_FIRE_OWNER_PROFILE_V1 {"scope":38,"parent":37,"phase":"ProjectionAdapter","stage":1,"raw_iteration":4294967295,"iteration_kind":"bootstrap","wall_ms":11.769458000,"device_sum_ms":8.886166615,"wall_minus_device_ms":2.883291385,"exclusive_wall_ms":11.769458000,"exclusive_device_sum_ms":8.886166615,"child_observer_wall_ms":0.000000000,"count_scope":"inclusive","owner_commits":0,"projection_invocations":1}
RISE_FIRE_OWNER_PROFILE_V1 {"scope":37,"parent":36,"phase":"Project","stage":1,"raw_iteration":4294967295,"iteration_kind":"bootstrap","wall_ms":12.406334000,"device_sum_ms":8.928666590,"wall_minus_device_ms":3.477667410,"exclusive_wall_ms":0.629793000,"exclusive_device_sum_ms":0.042499974,"child_observer_wall_ms":0.007083000,"count_scope":"inclusive","owner_commits":2,"projection_invocations":1}
PRODUCER_COMMAND_V1 stage=1 raw_iteration=4294967295 cpu_begin=1990820062073500 cpu_end=1990820340264083 gpu_begin=1990820062073500 gpu_end=1990820340264083 device_ms=197.23658333532512 encoders=42 interval_scope=possibly_overlapping
PRODUCER_KERNEL_V1 stage=1 raw_iteration=4294967295 ordinal=0 kernel=owner_pack_faces threads=1533387 begin_tick=1990820143075416 end_tick=1990820143126125 ms_per_tick=9.9999999999999995e-07 device_ms=0.050708999999999997
PRODUCER_KERNEL_V1 stage=1 raw_iteration=4294967295 ordinal=1 kernel=owner_pack_faces threads=1533387 begin_tick=1990820143176500 end_tick=1990820143227416 ms_per_tick=9.9999999999999995e-07 device_ms=0.050915999999999996
PRODUCER_KERNEL_V1 stage=1 raw_iteration=4294967295 ordinal=2 kernel=owner_pack_faces threads=1533387 begin_tick=1990820143255000 end_tick=1990820143333916 ms_per_tick=9.9999999999999995e-07 device_ms=0.078916
PRODUCER_KERNEL_V1 stage=1 raw_iteration=4294967295 ordinal=3 kernel=fct_extract_gas_density threads=504666 begin_tick=1990820143294500 end_tick=1990820143343500 ms_per_tick=9.9999999999999995e-07 device_ms=0.048999999999999995
PRODUCER_KERNEL_V1 stage=1 raw_iteration=4294967295 ordinal=4 kernel=owner_gas_source threads=504666 begin_tick=1990820143372958 end_tick=1990820143416750 ms_per_tick=9.9999999999999995e-07 device_ms=0.043791999999999998
PRODUCER_KERNEL_V1 stage=1 raw_iteration=4294967295 ordinal=5 kernel=evaluate_resident_transport threads=504666 begin_tick=1990820143444208 end_tick=1990820143897500 ms_per_tick=9.9999999999999995e-07 device_ms=0.45329199999999997
PRODUCER_KERNEL_V1 stage=1 raw_iteration=4294967295 ordinal=6 kernel=identify_resident_transport threads=1 begin_tick=1990820143897916 end_tick=1990820143900875 ms_per_tick=9.9999999999999995e-07 device_ms=0.0029589999999999998
PRODUCER_KERNEL_V1 stage=1 raw_iteration=4294967295 ordinal=7 kernel=owner_bind_transport threads=1 begin_tick=1990820143901375 end_tick=1990820143904875 ms_per_tick=9.9999999999999995e-07 device_ms=0.0034999999999999996
PRODUCER_KERNEL_V1 stage=1 raw_iteration=4294967295 ordinal=8 kernel=identify_resident_owner_endpoint_class threads=1 begin_tick=1990820143905208 end_tick=1990820143908125 ms_per_tick=9.9999999999999995e-07 device_ms=0.0029169999999999999
PRODUCER_KERNEL_V1 stage=1 raw_iteration=4294967295 ordinal=9 kernel=evaluate_resident_physical_flux threads=1533387 begin_tick=1990820144838125 end_tick=1990820145953708 ms_per_tick=9.9999999999999995e-07 device_ms=1.115583
PRODUCER_KERNEL_V1 stage=1 raw_iteration=4294967295 ordinal=10 kernel=evaluate_resident_advective_pair threads=13800483 begin_tick=1990820146229875 end_tick=1990820153559791 ms_per_tick=9.9999999999999995e-07 device_ms=7.3299159999999999
PRODUCER_KERNEL_V1 stage=1 raw_iteration=4294967295 ordinal=11 kernel=finalize_resident_advective_high threads=13800483 begin_tick=1990820153575166 end_tick=1990820154168458 ms_per_tick=9.9999999999999995e-07 device_ms=0.59329199999999993
PRODUCER_KERNEL_V1 stage=1 raw_iteration=4294967295 ordinal=12 kernel=compose_resident_flux_pair threads=13800483 begin_tick=1990820154168958 end_tick=1990820155053291 ms_per_tick=9.9999999999999995e-07 device_ms=0.88433299999999992
PRODUCER_KERNEL_V1 stage=1 raw_iteration=4294967295 ordinal=13 kernel=validate_resident_physical_flux threads=13800483 begin_tick=1990820155053791 end_tick=1990820155898833 ms_per_tick=9.9999999999999995e-07 device_ms=0.84504199999999996
PRODUCER_KERNEL_V1 stage=1 raw_iteration=4294967295 ordinal=14 kernel=identify_resident_physical_flux threads=32 begin_tick=1990820155899291 end_tick=1990820155902791 ms_per_tick=9.9999999999999995e-07 device_ms=0.0034999999999999996
PRODUCER_KERNEL_V1 stage=1 raw_iteration=4294967295 ordinal=15 kernel=owner_average_flux threads=13800483 begin_tick=1990820155903333 end_tick=1990820156698250 ms_per_tick=9.9999999999999995e-07 device_ms=0.79491699999999998
PRODUCER_KERNEL_V1 stage=1 raw_iteration=4294967295 ordinal=16 kernel=owner_bind_averaged_flux threads=1 begin_tick=1990820156698875 end_tick=1990820156703125 ms_per_tick=9.9999999999999995e-07 device_ms=0.0042499999999999994
PRODUCER_KERNEL_V1 stage=1 raw_iteration=4294967295 ordinal=17 kernel=fct_build_ratios threads=5551326 begin_tick=1990820156703666 end_tick=1990820160318291 ms_per_tick=9.9999999999999995e-07 device_ms=3.6146249999999998
PRODUCER_KERNEL_V1 stage=1 raw_iteration=4294967295 ordinal=18 kernel=fct_build_face_alpha threads=1533387 begin_tick=1990820160318958 end_tick=1990820160587833 ms_per_tick=9.9999999999999995e-07 device_ms=0.26887499999999998
PRODUCER_KERNEL_V1 stage=1 raw_iteration=4294967295 ordinal=19 kernel=fct_commit_scalar threads=504666 begin_tick=1990820160588500 end_tick=1990820160781125 ms_per_tick=9.9999999999999995e-07 device_ms=0.19262499999999999
PRODUCER_KERNEL_V1 stage=1 raw_iteration=4294967295 ordinal=20 kernel=owner_bind_candidate threads=1 begin_tick=1990820160781541 end_tick=1990820160788291 ms_per_tick=9.9999999999999995e-07 device_ms=0.0067499999999999999
PRODUCER_KERNEL_V1 stage=1 raw_iteration=4294967295 ordinal=21 kernel=finalize_resident_eos_candidate threads=1 begin_tick=1990820160788875 end_tick=1990820160791416 ms_per_tick=9.9999999999999995e-07 device_ms=0.0025409999999999999
PRODUCER_KERNEL_V1 stage=1 raw_iteration=4294967295 ordinal=22 kernel=build_eos_endpoint_table threads=14 begin_tick=1990820160791916 end_tick=1990820161084416 ms_per_tick=9.9999999999999995e-07 device_ms=0.29249999999999998
PRODUCER_KERNEL_V1 stage=1 raw_iteration=4294967295 ordinal=23 kernel=evaluate_resident_eos_candidate threads=504666 begin_tick=1990820161084791 end_tick=1990820225064541 ms_per_tick=9.9999999999999995e-07 device_ms=63.979749999999996
PRODUCER_KERNEL_V1 stage=1 raw_iteration=4294967295 ordinal=24 kernel=finalize_resident_eos_candidate threads=1 begin_tick=1990820225082750 end_tick=1990820225085500 ms_per_tick=9.9999999999999995e-07 device_ms=0.0027499999999999998
PRODUCER_KERNEL_V1 stage=1 raw_iteration=4294967295 ordinal=25 kernel=identify_resident_eos threads=1 begin_tick=1990820225085875 end_tick=1990820225088458 ms_per_tick=9.9999999999999995e-07 device_ms=0.0025829999999999998
PRODUCER_KERNEL_V1 stage=1 raw_iteration=4294967295 ordinal=26 kernel=produce_resident_frozen_source threads=504666 begin_tick=1990820225088833 end_tick=1990820225119208 ms_per_tick=9.9999999999999995e-07 device_ms=0.030374999999999999
PRODUCER_KERNEL_V1 stage=1 raw_iteration=4294967295 ordinal=27 kernel=identify_resident_frozen_source threads=1 begin_tick=1990820225119625 end_tick=1990820225122416 ms_per_tick=9.9999999999999995e-07 device_ms=0.0027910000000000001
PRODUCER_KERNEL_V1 stage=1 raw_iteration=4294967295 ordinal=28 kernel=evaluate_resident_target_terms threads=504666 begin_tick=1990820225122791 end_tick=1990820338990875 ms_per_tick=9.9999999999999995e-07 device_ms=113.868084
PRODUCER_KERNEL_V1 stage=1 raw_iteration=4294967295 ordinal=29 kernel=finalize_resident_target threads=1 begin_tick=1990820339007041 end_tick=1990820339010083 ms_per_tick=9.9999999999999995e-07 device_ms=0.003042
PRODUCER_KERNEL_V1 stage=1 raw_iteration=4294967295 ordinal=30 kernel=identify_resident_target threads=1 begin_tick=1990820339010416 end_tick=1990820339013583 ms_per_tick=9.9999999999999995e-07 device_ms=0.0031669999999999997
PRODUCER_KERNEL_V1 stage=1 raw_iteration=4294967295 ordinal=31 kernel=issue_resident_projection_consumer threads=1 begin_tick=1990820339014000 end_tick=1990820339021625 ms_per_tick=9.9999999999999995e-07 device_ms=0.0076249999999999998
PRODUCER_KERNEL_V1 stage=1 raw_iteration=4294967295 ordinal=32 kernel=consume_resident_target threads=1 begin_tick=1990820339022041 end_tick=1990820339026375 ms_per_tick=9.9999999999999995e-07 device_ms=0.0043340000000000002
PRODUCER_KERNEL_V1 stage=1 raw_iteration=4294967295 ordinal=33 kernel=owner_compose_target threads=504666 begin_tick=1990820339027125 end_tick=1990820339057500 ms_per_tick=9.9999999999999995e-07 device_ms=0.030374999999999999
PRODUCER_KERNEL_V1 stage=1 raw_iteration=4294967295 ordinal=34 kernel=finalize_resident_target threads=1 begin_tick=1990820339057875 end_tick=1990820339060500 ms_per_tick=9.9999999999999995e-07 device_ms=0.0026249999999999997
PRODUCER_KERNEL_V1 stage=1 raw_iteration=4294967295 ordinal=35 kernel=owner_identify_target threads=1 begin_tick=1990820339060916 end_tick=1990820339063791 ms_per_tick=9.9999999999999995e-07 device_ms=0.002875
PRODUCER_KERNEL_V1 stage=1 raw_iteration=4294967295 ordinal=36 kernel=issue_resident_projection_consumer threads=1 begin_tick=1990820339064166 end_tick=1990820339067250 ms_per_tick=9.9999999999999995e-07 device_ms=0.0030839999999999999
PRODUCER_KERNEL_V1 stage=1 raw_iteration=4294967295 ordinal=37 kernel=consume_resident_target threads=1 begin_tick=1990820339067666 end_tick=1990820339070750 ms_per_tick=9.9999999999999995e-07 device_ms=0.0030839999999999999
PRODUCER_KERNEL_V1 stage=1 raw_iteration=4294967295 ordinal=38 kernel=owner_issue_stage_seal threads=1 begin_tick=1990820339071166 end_tick=1990820339074208 ms_per_tick=9.9999999999999995e-07 device_ms=0.003042
PRODUCER_KERNEL_V1 stage=1 raw_iteration=4294967295 ordinal=39 kernel=fct_compatible_stage_rate threads=1533387 begin_tick=1990820339074583 end_tick=1990820339586750 ms_per_tick=9.9999999999999995e-07 device_ms=0.51216699999999993
PRODUCER_KERNEL_V1 stage=1 raw_iteration=4294967295 ordinal=40 kernel=fct_compatible_stage_rate threads=1533387 begin_tick=1990820339587166 end_tick=1990820340083708 ms_per_tick=9.9999999999999995e-07 device_ms=0.49654199999999998
PRODUCER_KERNEL_V1 stage=1 raw_iteration=4294967295 ordinal=41 kernel=owner_heun_momentum threads=1533387 begin_tick=1990820340084250 end_tick=1990820340180333 ms_per_tick=9.9999999999999995e-07 device_ms=0.096083000000000002
RISE_FIRE_OWNER_PROFILE_V1 {"scope":39,"parent":36,"phase":"BuildStageProducerGroup","stage":1,"raw_iteration":4294967295,"iteration_kind":"bootstrap","wall_ms":278.331666000,"device_sum_ms":197.236583335,"wall_minus_device_ms":81.095082665,"exclusive_wall_ms":278.331666000,"exclusive_device_sum_ms":197.236583335,"child_observer_wall_ms":0.000000000,"count_scope":"inclusive","owner_commits":1,"projection_invocations":0}
RISE_FIRE_OWNER_PROFILE_V1 {"scope":42,"parent":41,"phase":"ProjectionAdapter","stage":1,"raw_iteration":0,"iteration_kind":"picard","wall_ms":12.020084000,"device_sum_ms":9.188916767,"wall_minus_device_ms":2.831167233,"exclusive_wall_ms":12.020084000,"exclusive_device_sum_ms":9.188916767,"child_observer_wall_ms":0.000000000,"count_scope":"inclusive","owner_commits":0,"projection_invocations":1}
RISE_FIRE_OWNER_PROFILE_V1 {"scope":41,"parent":40,"phase":"Project","stage":1,"raw_iteration":0,"iteration_kind":"picard","wall_ms":12.590959000,"device_sum_ms":9.233291727,"wall_minus_device_ms":3.357667273,"exclusive_wall_ms":0.563042000,"exclusive_device_sum_ms":0.044374960,"child_observer_wall_ms":0.007833000,"count_scope":"inclusive","owner_commits":2,"projection_invocations":1}
RISE_FIRE_OWNER_PROFILE_V1 {"scope":43,"parent":40,"phase":"ReadOpenClass","stage":1,"raw_iteration":0,"iteration_kind":"picard","wall_ms":0.167000000,"device_sum_ms":0.002416549,"wall_minus_device_ms":0.164583451,"exclusive_wall_ms":0.167000000,"exclusive_device_sum_ms":0.002416549,"child_observer_wall_ms":0.000000000,"count_scope":"inclusive","owner_commits":1,"projection_invocations":0}
RISE_FIRE_OWNER_PROFILE_V1 {"scope":44,"parent":40,"phase":"ReadOpenClass","stage":1,"raw_iteration":0,"iteration_kind":"picard","wall_ms":0.126583000,"device_sum_ms":0.002500135,"wall_minus_device_ms":0.124082865,"exclusive_wall_ms":0.126583000,"exclusive_device_sum_ms":0.002500135,"child_observer_wall_ms":0.000000000,"count_scope":"inclusive","owner_commits":1,"projection_invocations":0}
PRODUCER_COMMAND_V1 stage=1 raw_iteration=0 cpu_begin=1990820353310583 cpu_end=1990820634585958 gpu_begin=1990820353310583 gpu_end=1990820634585958 device_ms=200.04587480798364 encoders=42 interval_scope=possibly_overlapping
PRODUCER_KERNEL_V1 stage=1 raw_iteration=0 ordinal=0 kernel=owner_pack_faces threads=1533387 begin_tick=1990820434429083 end_tick=1990820434485750 ms_per_tick=9.9999999999999995e-07 device_ms=0.056666999999999995
PRODUCER_KERNEL_V1 stage=1 raw_iteration=0 ordinal=1 kernel=owner_pack_faces threads=1533387 begin_tick=1990820434485541 end_tick=1990820434894083 ms_per_tick=9.9999999999999995e-07 device_ms=0.40854199999999996
PRODUCER_KERNEL_V1 stage=1 raw_iteration=0 ordinal=2 kernel=owner_pack_faces threads=1533387 begin_tick=1990820434424916 end_tick=1990820434485541 ms_per_tick=9.9999999999999995e-07 device_ms=0.060624999999999998
PRODUCER_KERNEL_V1 stage=1 raw_iteration=0 ordinal=3 kernel=fct_extract_gas_density threads=504666 begin_tick=1990820434486250 end_tick=1990820434539833 ms_per_tick=9.9999999999999995e-07 device_ms=0.053582999999999999
PRODUCER_KERNEL_V1 stage=1 raw_iteration=0 ordinal=4 kernel=owner_gas_source threads=504666 begin_tick=1990820434894625 end_tick=1990820435045666 ms_per_tick=9.9999999999999995e-07 device_ms=0.15104099999999998
PRODUCER_KERNEL_V1 stage=1 raw_iteration=0 ordinal=5 kernel=evaluate_resident_transport threads=504666 begin_tick=1990820434539833 end_tick=1990820435057916 ms_per_tick=9.9999999999999995e-07 device_ms=0.51808299999999996
PRODUCER_KERNEL_V1 stage=1 raw_iteration=0 ordinal=6 kernel=identify_resident_transport threads=1 begin_tick=1990820435058333 end_tick=1990820435061958 ms_per_tick=9.9999999999999995e-07 device_ms=0.0036249999999999998
PRODUCER_KERNEL_V1 stage=1 raw_iteration=0 ordinal=7 kernel=owner_bind_transport threads=1 begin_tick=1990820435062500 end_tick=1990820435066375 ms_per_tick=9.9999999999999995e-07 device_ms=0.003875
PRODUCER_KERNEL_V1 stage=1 raw_iteration=0 ordinal=8 kernel=identify_resident_owner_endpoint_class threads=1 begin_tick=1990820435066791 end_tick=1990820435070375 ms_per_tick=9.9999999999999995e-07 device_ms=0.0035839999999999999
PRODUCER_KERNEL_V1 stage=1 raw_iteration=0 ordinal=9 kernel=evaluate_resident_physical_flux threads=1533387 begin_tick=1990820435887416 end_tick=1990820437198458 ms_per_tick=9.9999999999999995e-07 device_ms=1.311042
PRODUCER_KERNEL_V1 stage=1 raw_iteration=0 ordinal=10 kernel=evaluate_resident_advective_pair threads=13800483 begin_tick=1990820437364291 end_tick=1990820444486916 ms_per_tick=9.9999999999999995e-07 device_ms=7.1226249999999993
PRODUCER_KERNEL_V1 stage=1 raw_iteration=0 ordinal=11 kernel=finalize_resident_advective_high threads=13800483 begin_tick=1990820444487541 end_tick=1990820444907375 ms_per_tick=9.9999999999999995e-07 device_ms=0.41983399999999998
PRODUCER_KERNEL_V1 stage=1 raw_iteration=0 ordinal=12 kernel=compose_resident_flux_pair threads=13800483 begin_tick=1990820444907750 end_tick=1990820445793541 ms_per_tick=9.9999999999999995e-07 device_ms=0.885791
PRODUCER_KERNEL_V1 stage=1 raw_iteration=0 ordinal=13 kernel=validate_resident_physical_flux threads=13800483 begin_tick=1990820445794083 end_tick=1990820446753041 ms_per_tick=9.9999999999999995e-07 device_ms=0.95895799999999998
PRODUCER_KERNEL_V1 stage=1 raw_iteration=0 ordinal=14 kernel=identify_resident_physical_flux threads=32 begin_tick=1990820446753458 end_tick=1990820446756791 ms_per_tick=9.9999999999999995e-07 device_ms=0.003333
PRODUCER_KERNEL_V1 stage=1 raw_iteration=0 ordinal=15 kernel=owner_average_flux threads=13800483 begin_tick=1990820446757250 end_tick=1990820447553041 ms_per_tick=9.9999999999999995e-07 device_ms=0.79579099999999992
PRODUCER_KERNEL_V1 stage=1 raw_iteration=0 ordinal=16 kernel=owner_bind_averaged_flux threads=1 begin_tick=1990820447553583 end_tick=1990820447557333 ms_per_tick=9.9999999999999995e-07 device_ms=0.0037499999999999999
PRODUCER_KERNEL_V1 stage=1 raw_iteration=0 ordinal=17 kernel=fct_build_ratios threads=5551326 begin_tick=1990820447557791 end_tick=1990820451181166 ms_per_tick=9.9999999999999995e-07 device_ms=3.6233749999999998
PRODUCER_KERNEL_V1 stage=1 raw_iteration=0 ordinal=18 kernel=fct_build_face_alpha threads=1533387 begin_tick=1990820451182041 end_tick=1990820451449875 ms_per_tick=9.9999999999999995e-07 device_ms=0.26783399999999996
PRODUCER_KERNEL_V1 stage=1 raw_iteration=0 ordinal=19 kernel=fct_commit_scalar threads=504666 begin_tick=1990820451450583 end_tick=1990820451645583 ms_per_tick=9.9999999999999995e-07 device_ms=0.19499999999999998
PRODUCER_KERNEL_V1 stage=1 raw_iteration=0 ordinal=20 kernel=owner_bind_candidate threads=1 begin_tick=1990820451646125 end_tick=1990820451650166 ms_per_tick=9.9999999999999995e-07 device_ms=0.0040409999999999995
PRODUCER_KERNEL_V1 stage=1 raw_iteration=0 ordinal=21 kernel=finalize_resident_eos_candidate threads=1 begin_tick=1990820451650666 end_tick=1990820451653041 ms_per_tick=9.9999999999999995e-07 device_ms=0.0023749999999999999
PRODUCER_KERNEL_V1 stage=1 raw_iteration=0 ordinal=22 kernel=build_eos_endpoint_table threads=14 begin_tick=1990820451653541 end_tick=1990820451947041 ms_per_tick=9.9999999999999995e-07 device_ms=0.29349999999999998
PRODUCER_KERNEL_V1 stage=1 raw_iteration=0 ordinal=23 kernel=evaluate_resident_eos_candidate threads=504666 begin_tick=1990820451947458 end_tick=1990820518954833 ms_per_tick=9.9999999999999995e-07 device_ms=67.007374999999996
PRODUCER_KERNEL_V1 stage=1 raw_iteration=0 ordinal=24 kernel=finalize_resident_eos_candidate threads=1 begin_tick=1990820518971208 end_tick=1990820518974208 ms_per_tick=9.9999999999999995e-07 device_ms=0.0030000000000000001
PRODUCER_KERNEL_V1 stage=1 raw_iteration=0 ordinal=25 kernel=identify_resident_eos threads=1 begin_tick=1990820518974541 end_tick=1990820518977333 ms_per_tick=9.9999999999999995e-07 device_ms=0.0027919999999999998
PRODUCER_KERNEL_V1 stage=1 raw_iteration=0 ordinal=26 kernel=produce_resident_frozen_source threads=504666 begin_tick=1990820518977750 end_tick=1990820519009625 ms_per_tick=9.9999999999999995e-07 device_ms=0.031875000000000001
PRODUCER_KERNEL_V1 stage=1 raw_iteration=0 ordinal=27 kernel=identify_resident_frozen_source threads=1 begin_tick=1990820519010041 end_tick=1990820519012916 ms_per_tick=9.9999999999999995e-07 device_ms=0.002875
PRODUCER_KERNEL_V1 stage=1 raw_iteration=0 ordinal=28 kernel=evaluate_resident_target_terms threads=504666 begin_tick=1990820519013333 end_tick=1990820633244166 ms_per_tick=9.9999999999999995e-07 device_ms=114.23083299999999
PRODUCER_KERNEL_V1 stage=1 raw_iteration=0 ordinal=29 kernel=finalize_resident_target threads=1 begin_tick=1990820633258875 end_tick=1990820633261916 ms_per_tick=9.9999999999999995e-07 device_ms=0.0030409999999999999
PRODUCER_KERNEL_V1 stage=1 raw_iteration=0 ordinal=30 kernel=identify_resident_target threads=1 begin_tick=1990820633262333 end_tick=1990820633265166 ms_per_tick=9.9999999999999995e-07 device_ms=0.002833
PRODUCER_KERNEL_V1 stage=1 raw_iteration=0 ordinal=31 kernel=issue_resident_projection_consumer threads=1 begin_tick=1990820633265583 end_tick=1990820633269708 ms_per_tick=9.9999999999999995e-07 device_ms=0.0041250000000000002
PRODUCER_KERNEL_V1 stage=1 raw_iteration=0 ordinal=32 kernel=consume_resident_target threads=1 begin_tick=1990820633270041 end_tick=1990820633274041 ms_per_tick=9.9999999999999995e-07 device_ms=0.0040000000000000001
PRODUCER_KERNEL_V1 stage=1 raw_iteration=0 ordinal=33 kernel=owner_compose_target threads=504666 begin_tick=1990820633274458 end_tick=1990820633353916 ms_per_tick=9.9999999999999995e-07 device_ms=0.079458000000000001
PRODUCER_KERNEL_V1 stage=1 raw_iteration=0 ordinal=34 kernel=finalize_resident_target threads=1 begin_tick=1990820633354208 end_tick=1990820633356916 ms_per_tick=9.9999999999999995e-07 device_ms=0.0027079999999999999
PRODUCER_KERNEL_V1 stage=1 raw_iteration=0 ordinal=35 kernel=owner_identify_target threads=1 begin_tick=1990820633357208 end_tick=1990820633360375 ms_per_tick=9.9999999999999995e-07 device_ms=0.0031669999999999997
PRODUCER_KERNEL_V1 stage=1 raw_iteration=0 ordinal=36 kernel=issue_resident_projection_consumer threads=1 begin_tick=1990820633360791 end_tick=1990820633363916 ms_per_tick=9.9999999999999995e-07 device_ms=0.0031249999999999997
PRODUCER_KERNEL_V1 stage=1 raw_iteration=0 ordinal=37 kernel=consume_resident_target threads=1 begin_tick=1990820633364333 end_tick=1990820633367583 ms_per_tick=9.9999999999999995e-07 device_ms=0.0032499999999999999
PRODUCER_KERNEL_V1 stage=1 raw_iteration=0 ordinal=38 kernel=owner_issue_stage_seal threads=1 begin_tick=1990820633368000 end_tick=1990820633374125 ms_per_tick=9.9999999999999995e-07 device_ms=0.0061249999999999994
PRODUCER_KERNEL_V1 stage=1 raw_iteration=0 ordinal=39 kernel=fct_compatible_stage_rate threads=1533387 begin_tick=1990820633374583 end_tick=1990820633879833 ms_per_tick=9.9999999999999995e-07 device_ms=0.50524999999999998
PRODUCER_KERNEL_V1 stage=1 raw_iteration=0 ordinal=40 kernel=fct_compatible_stage_rate threads=1533387 begin_tick=1990820633880375 end_tick=1990820634372833 ms_per_tick=9.9999999999999995e-07 device_ms=0.49245799999999995
PRODUCER_KERNEL_V1 stage=1 raw_iteration=0 ordinal=41 kernel=owner_heun_momentum threads=1533387 begin_tick=1990820634373250 end_tick=1990820634464625 ms_per_tick=9.9999999999999995e-07 device_ms=0.091374999999999998
RISE_FIRE_OWNER_PROFILE_V1 {"scope":45,"parent":40,"phase":"BuildStageProducerGroup","stage":1,"raw_iteration":0,"iteration_kind":"picard","wall_ms":281.424542000,"device_sum_ms":200.045874808,"wall_minus_device_ms":81.378667192,"exclusive_wall_ms":281.424542000,"exclusive_device_sum_ms":200.045874808,"child_observer_wall_ms":0.000000000,"count_scope":"inclusive","owner_commits":1,"projection_invocations":0}
RISE_FIRE_OWNER_PROFILE_V1 {"scope":46,"parent":40,"phase":"Residual","stage":1,"raw_iteration":0,"iteration_kind":"picard","wall_ms":0.205958000,"device_sum_ms":0.021541724,"wall_minus_device_ms":0.184416276,"exclusive_wall_ms":0.205958000,"exclusive_device_sum_ms":0.021541724,"child_observer_wall_ms":0.000000000,"count_scope":"inclusive","owner_commits":1,"projection_invocations":0}
RISE_FIRE_OWNER_PROFILE_V1 {"scope":40,"parent":36,"phase":"PicardIteration","stage":1,"raw_iteration":0,"iteration_kind":"picard","wall_ms":294.926708000,"device_sum_ms":209.305624943,"wall_minus_device_ms":85.621083057,"exclusive_wall_ms":0.387458000,"exclusive_device_sum_ms":0.000000000,"child_observer_wall_ms":0.024208000,"count_scope":"inclusive","owner_commits":6,"projection_invocations":1}
RISE_FIRE_OWNER_PROFILE_V1 {"scope":49,"parent":48,"phase":"ProjectionAdapter","stage":1,"raw_iteration":1,"iteration_kind":"picard","wall_ms":11.407041000,"device_sum_ms":8.622125024,"wall_minus_device_ms":2.784915976,"exclusive_wall_ms":11.407041000,"exclusive_device_sum_ms":8.622125024,"child_observer_wall_ms":0.000000000,"count_scope":"inclusive","owner_commits":0,"projection_invocations":1}
RISE_FIRE_OWNER_PROFILE_V1 {"scope":48,"parent":47,"phase":"Project","stage":1,"raw_iteration":1,"iteration_kind":"picard","wall_ms":13.002917000,"device_sum_ms":8.815083187,"wall_minus_device_ms":4.187833813,"exclusive_wall_ms":1.582001000,"exclusive_device_sum_ms":0.192958163,"child_observer_wall_ms":0.013875000,"count_scope":"inclusive","owner_commits":2,"projection_invocations":1}
RISE_FIRE_OWNER_PROFILE_V1 {"scope":50,"parent":47,"phase":"ReadOpenClass","stage":1,"raw_iteration":1,"iteration_kind":"picard","wall_ms":0.157500000,"device_sum_ms":0.002374873,"wall_minus_device_ms":0.155125127,"exclusive_wall_ms":0.157500000,"exclusive_device_sum_ms":0.002374873,"child_observer_wall_ms":0.000000000,"count_scope":"inclusive","owner_commits":1,"projection_invocations":0}
RISE_FIRE_OWNER_PROFILE_V1 {"scope":51,"parent":47,"phase":"ReadOpenClass","stage":1,"raw_iteration":1,"iteration_kind":"picard","wall_ms":0.141792000,"device_sum_ms":0.002375105,"wall_minus_device_ms":0.139416895,"exclusive_wall_ms":0.141792000,"exclusive_device_sum_ms":0.002375105,"child_observer_wall_ms":0.000000000,"count_scope":"inclusive","owner_commits":1,"projection_invocations":0}
PRODUCER_COMMAND_V1 stage=1 raw_iteration=1 cpu_begin=1990820648659166 cpu_end=1990820930235083 gpu_begin=1990820648659166 gpu_end=1990820930235083 device_ms=200.32808347605169 encoders=42 interval_scope=possibly_overlapping
PRODUCER_KERNEL_V1 stage=1 raw_iteration=1 ordinal=0 kernel=owner_pack_faces threads=1533387 begin_tick=1990820729795000 end_tick=1990820729850583 ms_per_tick=9.9999999999999995e-07 device_ms=0.055583
PRODUCER_KERNEL_V1 stage=1 raw_iteration=1 ordinal=1 kernel=owner_pack_faces threads=1533387 begin_tick=1990820729850375 end_tick=1990820730292208 ms_per_tick=9.9999999999999995e-07 device_ms=0.44183299999999998
PRODUCER_KERNEL_V1 stage=1 raw_iteration=1 ordinal=2 kernel=owner_pack_faces threads=1533387 begin_tick=1990820729792416 end_tick=1990820729850375 ms_per_tick=9.9999999999999995e-07 device_ms=0.057958999999999997
PRODUCER_KERNEL_V1 stage=1 raw_iteration=1 ordinal=3 kernel=fct_extract_gas_density threads=504666 begin_tick=1990820730292250 end_tick=1990820730317333 ms_per_tick=9.9999999999999995e-07 device_ms=0.025082999999999998
PRODUCER_KERNEL_V1 stage=1 raw_iteration=1 ordinal=4 kernel=owner_gas_source threads=504666 begin_tick=1990820730317375 end_tick=1990820730359666 ms_per_tick=9.9999999999999995e-07 device_ms=0.042290999999999995
PRODUCER_KERNEL_V1 stage=1 raw_iteration=1 ordinal=5 kernel=evaluate_resident_transport threads=504666 begin_tick=1990820729851000 end_tick=1990820730348166 ms_per_tick=9.9999999999999995e-07 device_ms=0.497166
PRODUCER_KERNEL_V1 stage=1 raw_iteration=1 ordinal=6 kernel=identify_resident_transport threads=1 begin_tick=1990820730349750 end_tick=1990820730359541 ms_per_tick=9.9999999999999995e-07 device_ms=0.0097909999999999994
PRODUCER_KERNEL_V1 stage=1 raw_iteration=1 ordinal=7 kernel=owner_bind_transport threads=1 begin_tick=1990820730360083 end_tick=1990820730363708 ms_per_tick=9.9999999999999995e-07 device_ms=0.0036249999999999998
PRODUCER_KERNEL_V1 stage=1 raw_iteration=1 ordinal=8 kernel=identify_resident_owner_endpoint_class threads=1 begin_tick=1990820730364125 end_tick=1990820730367125 ms_per_tick=9.9999999999999995e-07 device_ms=0.0030000000000000001
PRODUCER_KERNEL_V1 stage=1 raw_iteration=1 ordinal=9 kernel=evaluate_resident_physical_flux threads=1533387 begin_tick=1990820731263666 end_tick=1990820732381000 ms_per_tick=9.9999999999999995e-07 device_ms=1.117334
PRODUCER_KERNEL_V1 stage=1 raw_iteration=1 ordinal=10 kernel=evaluate_resident_advective_pair threads=13800483 begin_tick=1990820732627291 end_tick=1990820739943458 ms_per_tick=9.9999999999999995e-07 device_ms=7.3161670000000001
PRODUCER_KERNEL_V1 stage=1 raw_iteration=1 ordinal=11 kernel=finalize_resident_advective_high threads=13800483 begin_tick=1990820739944041 end_tick=1990820740369125 ms_per_tick=9.9999999999999995e-07 device_ms=0.42508399999999996
PRODUCER_KERNEL_V1 stage=1 raw_iteration=1 ordinal=12 kernel=compose_resident_flux_pair threads=13800483 begin_tick=1990820740369458 end_tick=1990820741249500 ms_per_tick=9.9999999999999995e-07 device_ms=0.88004199999999999
PRODUCER_KERNEL_V1 stage=1 raw_iteration=1 ordinal=13 kernel=validate_resident_physical_flux threads=13800483 begin_tick=1990820741250125 end_tick=1990820742090208 ms_per_tick=9.9999999999999995e-07 device_ms=0.84008299999999991
PRODUCER_KERNEL_V1 stage=1 raw_iteration=1 ordinal=14 kernel=identify_resident_physical_flux threads=32 begin_tick=1990820742090791 end_tick=1990820742096916 ms_per_tick=9.9999999999999995e-07 device_ms=0.0061249999999999994
PRODUCER_KERNEL_V1 stage=1 raw_iteration=1 ordinal=15 kernel=owner_average_flux threads=13800483 begin_tick=1990820742097375 end_tick=1990820743119958 ms_per_tick=9.9999999999999995e-07 device_ms=1.022583
PRODUCER_KERNEL_V1 stage=1 raw_iteration=1 ordinal=16 kernel=owner_bind_averaged_flux threads=1 begin_tick=1990820743120458 end_tick=1990820743124291 ms_per_tick=9.9999999999999995e-07 device_ms=0.003833
PRODUCER_KERNEL_V1 stage=1 raw_iteration=1 ordinal=17 kernel=fct_build_ratios threads=5551326 begin_tick=1990820743124750 end_tick=1990820746723333 ms_per_tick=9.9999999999999995e-07 device_ms=3.5985829999999996
PRODUCER_KERNEL_V1 stage=1 raw_iteration=1 ordinal=18 kernel=fct_build_face_alpha threads=1533387 begin_tick=1990820746724041 end_tick=1990820746995416 ms_per_tick=9.9999999999999995e-07 device_ms=0.27137499999999998
PRODUCER_KERNEL_V1 stage=1 raw_iteration=1 ordinal=19 kernel=fct_commit_scalar threads=504666 begin_tick=1990820746996083 end_tick=1990820747190250 ms_per_tick=9.9999999999999995e-07 device_ms=0.19416699999999998
PRODUCER_KERNEL_V1 stage=1 raw_iteration=1 ordinal=20 kernel=owner_bind_candidate threads=1 begin_tick=1990820747190666 end_tick=1990820747196833 ms_per_tick=9.9999999999999995e-07 device_ms=0.0061669999999999997
PRODUCER_KERNEL_V1 stage=1 raw_iteration=1 ordinal=21 kernel=finalize_resident_eos_candidate threads=1 begin_tick=1990820747197416 end_tick=1990820747199833 ms_per_tick=9.9999999999999995e-07 device_ms=0.0024169999999999999
PRODUCER_KERNEL_V1 stage=1 raw_iteration=1 ordinal=22 kernel=build_eos_endpoint_table threads=14 begin_tick=1990820747200208 end_tick=1990820747492416 ms_per_tick=9.9999999999999995e-07 device_ms=0.29220799999999997
PRODUCER_KERNEL_V1 stage=1 raw_iteration=1 ordinal=23 kernel=evaluate_resident_eos_candidate threads=504666 begin_tick=1990820747492708 end_tick=1990820814565208 ms_per_tick=9.9999999999999995e-07 device_ms=67.072499999999991
PRODUCER_KERNEL_V1 stage=1 raw_iteration=1 ordinal=24 kernel=finalize_resident_eos_candidate threads=1 begin_tick=1990820814580541 end_tick=1990820814583291 ms_per_tick=9.9999999999999995e-07 device_ms=0.0027499999999999998
PRODUCER_KERNEL_V1 stage=1 raw_iteration=1 ordinal=25 kernel=identify_resident_eos threads=1 begin_tick=1990820814583625 end_tick=1990820814586250 ms_per_tick=9.9999999999999995e-07 device_ms=0.0026249999999999997
PRODUCER_KERNEL_V1 stage=1 raw_iteration=1 ordinal=26 kernel=produce_resident_frozen_source threads=504666 begin_tick=1990820814586583 end_tick=1990820814619333 ms_per_tick=9.9999999999999995e-07 device_ms=0.032750000000000001
PRODUCER_KERNEL_V1 stage=1 raw_iteration=1 ordinal=27 kernel=identify_resident_frozen_source threads=1 begin_tick=1990820814619708 end_tick=1990820814622666 ms_per_tick=9.9999999999999995e-07 device_ms=0.0029579999999999997
PRODUCER_KERNEL_V1 stage=1 raw_iteration=1 ordinal=28 kernel=evaluate_resident_target_terms threads=504666 begin_tick=1990820814623125 end_tick=1990820928883291 ms_per_tick=9.9999999999999995e-07 device_ms=114.260166
PRODUCER_KERNEL_V1 stage=1 raw_iteration=1 ordinal=29 kernel=finalize_resident_target threads=1 begin_tick=1990820928898791 end_tick=1990820928904916 ms_per_tick=9.9999999999999995e-07 device_ms=0.0061249999999999994
PRODUCER_KERNEL_V1 stage=1 raw_iteration=1 ordinal=30 kernel=identify_resident_target threads=1 begin_tick=1990820928905333 end_tick=1990820928908500 ms_per_tick=9.9999999999999995e-07 device_ms=0.0031669999999999997
PRODUCER_KERNEL_V1 stage=1 raw_iteration=1 ordinal=31 kernel=issue_resident_projection_consumer threads=1 begin_tick=1990820928908791 end_tick=1990820928913750 ms_per_tick=9.9999999999999995e-07 device_ms=0.0049589999999999999
PRODUCER_KERNEL_V1 stage=1 raw_iteration=1 ordinal=32 kernel=consume_resident_target threads=1 begin_tick=1990820928914166 end_tick=1990820928918416 ms_per_tick=9.9999999999999995e-07 device_ms=0.0042499999999999994
PRODUCER_KERNEL_V1 stage=1 raw_iteration=1 ordinal=33 kernel=owner_compose_target threads=504666 begin_tick=1990820928918833 end_tick=1990820928998750 ms_per_tick=9.9999999999999995e-07 device_ms=0.079917000000000002
PRODUCER_KERNEL_V1 stage=1 raw_iteration=1 ordinal=34 kernel=finalize_resident_target threads=1 begin_tick=1990820928999083 end_tick=1990820929001708 ms_per_tick=9.9999999999999995e-07 device_ms=0.0026249999999999997
PRODUCER_KERNEL_V1 stage=1 raw_iteration=1 ordinal=35 kernel=owner_identify_target threads=1 begin_tick=1990820929002083 end_tick=1990820929008166 ms_per_tick=9.9999999999999995e-07 device_ms=0.0060829999999999999
PRODUCER_KERNEL_V1 stage=1 raw_iteration=1 ordinal=36 kernel=issue_resident_projection_consumer threads=1 begin_tick=1990820929008583 end_tick=1990820929011416 ms_per_tick=9.9999999999999995e-07 device_ms=0.002833
PRODUCER_KERNEL_V1 stage=1 raw_iteration=1 ordinal=37 kernel=consume_resident_target threads=1 begin_tick=1990820929011791 end_tick=1990820929015375 ms_per_tick=9.9999999999999995e-07 device_ms=0.0035839999999999999
PRODUCER_KERNEL_V1 stage=1 raw_iteration=1 ordinal=38 kernel=owner_issue_stage_seal threads=1 begin_tick=1990820929015791 end_tick=1990820929018708 ms_per_tick=9.9999999999999995e-07 device_ms=0.0029169999999999999
PRODUCER_KERNEL_V1 stage=1 raw_iteration=1 ordinal=39 kernel=fct_compatible_stage_rate threads=1533387 begin_tick=1990820929019125 end_tick=1990820929526166 ms_per_tick=9.9999999999999995e-07 device_ms=0.50704099999999996
PRODUCER_KERNEL_V1 stage=1 raw_iteration=1 ordinal=40 kernel=fct_compatible_stage_rate threads=1533387 begin_tick=1990820929526583 end_tick=1990820930022750 ms_per_tick=9.9999999999999995e-07 device_ms=0.49616699999999997
PRODUCER_KERNEL_V1 stage=1 raw_iteration=1 ordinal=41 kernel=owner_heun_momentum threads=1533387 begin_tick=1990820930023291 end_tick=1990820930114500 ms_per_tick=9.9999999999999995e-07 device_ms=0.091208999999999998
RISE_FIRE_OWNER_PROFILE_V1 {"scope":52,"parent":47,"phase":"BuildStageProducerGroup","stage":1,"raw_iteration":1,"iteration_kind":"picard","wall_ms":281.724000000,"device_sum_ms":200.328083476,"wall_minus_device_ms":81.395916524,"exclusive_wall_ms":281.724000000,"exclusive_device_sum_ms":200.328083476,"child_observer_wall_ms":0.000000000,"count_scope":"inclusive","owner_commits":1,"projection_invocations":0}
RISE_FIRE_OWNER_PROFILE_V1 {"scope":53,"parent":47,"phase":"Residual","stage":1,"raw_iteration":1,"iteration_kind":"picard","wall_ms":0.386917000,"device_sum_ms":0.112875132,"wall_minus_device_ms":0.274041868,"exclusive_wall_ms":0.386917000,"exclusive_device_sum_ms":0.112875132,"child_observer_wall_ms":0.000000000,"count_scope":"inclusive","owner_commits":1,"projection_invocations":0}
RISE_FIRE_OWNER_PROFILE_V1 {"scope":47,"parent":36,"phase":"PicardIteration","stage":1,"raw_iteration":1,"iteration_kind":"picard","wall_ms":295.842250000,"device_sum_ms":209.260791773,"wall_minus_device_ms":86.581458227,"exclusive_wall_ms":0.400167000,"exclusive_device_sum_ms":0.000000000,"child_observer_wall_ms":0.028957000,"count_scope":"inclusive","owner_commits":6,"projection_invocations":1}
RISE_FIRE_OWNER_PROFILE_V1 {"scope":56,"parent":55,"phase":"ProjectionAdapter","stage":1,"raw_iteration":2,"iteration_kind":"picard","wall_ms":11.945791000,"device_sum_ms":9.147583274,"wall_minus_device_ms":2.798207726,"exclusive_wall_ms":11.945791000,"exclusive_device_sum_ms":9.147583274,"child_observer_wall_ms":0.000000000,"count_scope":"inclusive","owner_commits":0,"projection_invocations":1}
RISE_FIRE_OWNER_PROFILE_V1 {"scope":55,"parent":54,"phase":"Project","stage":1,"raw_iteration":2,"iteration_kind":"picard","wall_ms":13.392583000,"device_sum_ms":9.190041572,"wall_minus_device_ms":4.202541428,"exclusive_wall_ms":1.439625000,"exclusive_device_sum_ms":0.042458298,"child_observer_wall_ms":0.007167000,"count_scope":"inclusive","owner_commits":2,"projection_invocations":1}
RISE_FIRE_OWNER_PROFILE_V1 {"scope":57,"parent":54,"phase":"ReadOpenClass","stage":1,"raw_iteration":2,"iteration_kind":"picard","wall_ms":0.151958000,"device_sum_ms":0.002499903,"wall_minus_device_ms":0.149458097,"exclusive_wall_ms":0.151958000,"exclusive_device_sum_ms":0.002499903,"child_observer_wall_ms":0.000000000,"count_scope":"inclusive","owner_commits":1,"projection_invocations":0}
RISE_FIRE_OWNER_PROFILE_V1 {"scope":58,"parent":54,"phase":"ReadOpenClass","stage":1,"raw_iteration":2,"iteration_kind":"picard","wall_ms":0.145417000,"device_sum_ms":0.002374873,"wall_minus_device_ms":0.143042127,"exclusive_wall_ms":0.145417000,"exclusive_device_sum_ms":0.002374873,"child_observer_wall_ms":0.000000000,"count_scope":"inclusive","owner_commits":1,"projection_invocations":0}
PRODUCER_COMMAND_V1 stage=1 raw_iteration=2 cpu_begin=1990820944891000 cpu_end=1990821223425333 gpu_begin=1990820944891000 gpu_end=1990821223425333 device_ms=197.67562486231327 encoders=42 interval_scope=possibly_overlapping
PRODUCER_KERNEL_V1 stage=1 raw_iteration=2 ordinal=0 kernel=owner_pack_faces threads=1533387 begin_tick=1990821025784750 end_tick=1990821025836458 ms_per_tick=9.9999999999999995e-07 device_ms=0.051707999999999997
PRODUCER_KERNEL_V1 stage=1 raw_iteration=2 ordinal=1 kernel=owner_pack_faces threads=1533387 begin_tick=1990821025862541 end_tick=1990821025913333 ms_per_tick=9.9999999999999995e-07 device_ms=0.050791999999999997
PRODUCER_KERNEL_V1 stage=1 raw_iteration=2 ordinal=2 kernel=owner_pack_faces threads=1533387 begin_tick=1990821025998125 end_tick=1990821026081291 ms_per_tick=9.9999999999999995e-07 device_ms=0.08316599999999999
PRODUCER_KERNEL_V1 stage=1 raw_iteration=2 ordinal=3 kernel=fct_extract_gas_density threads=504666 begin_tick=1990821026031458 end_tick=1990821026081083 ms_per_tick=9.9999999999999995e-07 device_ms=0.049624999999999996
PRODUCER_KERNEL_V1 stage=1 raw_iteration=2 ordinal=4 kernel=owner_gas_source threads=504666 begin_tick=1990821026081083 end_tick=1990821026125750 ms_per_tick=9.9999999999999995e-07 device_ms=0.044666999999999998
PRODUCER_KERNEL_V1 stage=1 raw_iteration=2 ordinal=5 kernel=evaluate_resident_transport threads=504666 begin_tick=1990821026182791 end_tick=1990821026637583 ms_per_tick=9.9999999999999995e-07 device_ms=0.45479199999999997
PRODUCER_KERNEL_V1 stage=1 raw_iteration=2 ordinal=6 kernel=identify_resident_transport threads=1 begin_tick=1990821026638083 end_tick=1990821026641166 ms_per_tick=9.9999999999999995e-07 device_ms=0.0030829999999999998
PRODUCER_KERNEL_V1 stage=1 raw_iteration=2 ordinal=7 kernel=owner_bind_transport threads=1 begin_tick=1990821026641708 end_tick=1990821026645375 ms_per_tick=9.9999999999999995e-07 device_ms=0.0036669999999999997
PRODUCER_KERNEL_V1 stage=1 raw_iteration=2 ordinal=8 kernel=identify_resident_owner_endpoint_class threads=1 begin_tick=1990821026645750 end_tick=1990821026649166 ms_per_tick=9.9999999999999995e-07 device_ms=0.0034159999999999998
PRODUCER_KERNEL_V1 stage=1 raw_iteration=2 ordinal=9 kernel=evaluate_resident_physical_flux threads=1533387 begin_tick=1990821027600958 end_tick=1990821028716916 ms_per_tick=9.9999999999999995e-07 device_ms=1.115958
PRODUCER_KERNEL_V1 stage=1 raw_iteration=2 ordinal=10 kernel=evaluate_resident_advective_pair threads=13800483 begin_tick=1990821028981791 end_tick=1990821036347958 ms_per_tick=9.9999999999999995e-07 device_ms=7.3661669999999999
PRODUCER_KERNEL_V1 stage=1 raw_iteration=2 ordinal=11 kernel=finalize_resident_advective_high threads=13800483 begin_tick=1990821036348583 end_tick=1990821036918333 ms_per_tick=9.9999999999999995e-07 device_ms=0.56974999999999998
PRODUCER_KERNEL_V1 stage=1 raw_iteration=2 ordinal=12 kernel=compose_resident_flux_pair threads=13800483 begin_tick=1990821036918833 end_tick=1990821037808333 ms_per_tick=9.9999999999999995e-07 device_ms=0.88949999999999996
PRODUCER_KERNEL_V1 stage=1 raw_iteration=2 ordinal=13 kernel=validate_resident_physical_flux threads=13800483 begin_tick=1990821037808875 end_tick=1990821038640375 ms_per_tick=9.9999999999999995e-07 device_ms=0.83150000000000002
PRODUCER_KERNEL_V1 stage=1 raw_iteration=2 ordinal=14 kernel=identify_resident_physical_flux threads=32 begin_tick=1990821038640875 end_tick=1990821038647041 ms_per_tick=9.9999999999999995e-07 device_ms=0.0061659999999999996
PRODUCER_KERNEL_V1 stage=1 raw_iteration=2 ordinal=15 kernel=owner_average_flux threads=13800483 begin_tick=1990821038647625 end_tick=1990821039441750 ms_per_tick=9.9999999999999995e-07 device_ms=0.79412499999999997
PRODUCER_KERNEL_V1 stage=1 raw_iteration=2 ordinal=16 kernel=owner_bind_averaged_flux threads=1 begin_tick=1990821039442291 end_tick=1990821039446166 ms_per_tick=9.9999999999999995e-07 device_ms=0.003875
PRODUCER_KERNEL_V1 stage=1 raw_iteration=2 ordinal=17 kernel=fct_build_ratios threads=5551326 begin_tick=1990821039446666 end_tick=1990821043096750 ms_per_tick=9.9999999999999995e-07 device_ms=3.6500839999999997
PRODUCER_KERNEL_V1 stage=1 raw_iteration=2 ordinal=18 kernel=fct_build_face_alpha threads=1533387 begin_tick=1990821043097416 end_tick=1990821043369125 ms_per_tick=9.9999999999999995e-07 device_ms=0.27170899999999998
PRODUCER_KERNEL_V1 stage=1 raw_iteration=2 ordinal=19 kernel=fct_commit_scalar threads=504666 begin_tick=1990821043369791 end_tick=1990821043570875 ms_per_tick=9.9999999999999995e-07 device_ms=0.20108399999999998
PRODUCER_KERNEL_V1 stage=1 raw_iteration=2 ordinal=20 kernel=owner_bind_candidate threads=1 begin_tick=1990821043571416 end_tick=1990821043577875 ms_per_tick=9.9999999999999995e-07 device_ms=0.0064589999999999995
PRODUCER_KERNEL_V1 stage=1 raw_iteration=2 ordinal=21 kernel=finalize_resident_eos_candidate threads=1 begin_tick=1990821043578291 end_tick=1990821043580625 ms_per_tick=9.9999999999999995e-07 device_ms=0.0023339999999999997
PRODUCER_KERNEL_V1 stage=1 raw_iteration=2 ordinal=22 kernel=build_eos_endpoint_table threads=14 begin_tick=1990821043581083 end_tick=1990821043871708 ms_per_tick=9.9999999999999995e-07 device_ms=0.29062499999999997
PRODUCER_KERNEL_V1 stage=1 raw_iteration=2 ordinal=23 kernel=evaluate_resident_eos_candidate threads=504666 begin_tick=1990821043872041 end_tick=1990821108095958 ms_per_tick=9.9999999999999995e-07 device_ms=64.223917
PRODUCER_KERNEL_V1 stage=1 raw_iteration=2 ordinal=24 kernel=finalize_resident_eos_candidate threads=1 begin_tick=1990821108110333 end_tick=1990821108114375 ms_per_tick=9.9999999999999995e-07 device_ms=0.0040419999999999996
PRODUCER_KERNEL_V1 stage=1 raw_iteration=2 ordinal=25 kernel=identify_resident_eos threads=1 begin_tick=1990821108114791 end_tick=1990821108117416 ms_per_tick=9.9999999999999995e-07 device_ms=0.0026249999999999997
PRODUCER_KERNEL_V1 stage=1 raw_iteration=2 ordinal=26 kernel=produce_resident_frozen_source threads=504666 begin_tick=1990821108117833 end_tick=1990821108148083 ms_per_tick=9.9999999999999995e-07 device_ms=0.030249999999999999
PRODUCER_KERNEL_V1 stage=1 raw_iteration=2 ordinal=27 kernel=identify_resident_frozen_source threads=1 begin_tick=1990821108148500 end_tick=1990821108151541 ms_per_tick=9.9999999999999995e-07 device_ms=0.0030409999999999999
PRODUCER_KERNEL_V1 stage=1 raw_iteration=2 ordinal=28 kernel=evaluate_resident_target_terms threads=504666 begin_tick=1990821108151916 end_tick=1990821222123500 ms_per_tick=9.9999999999999995e-07 device_ms=113.97158399999999
PRODUCER_KERNEL_V1 stage=1 raw_iteration=2 ordinal=29 kernel=finalize_resident_target threads=1 begin_tick=1990821222139291 end_tick=1990821222142416 ms_per_tick=9.9999999999999995e-07 device_ms=0.0031249999999999997
PRODUCER_KERNEL_V1 stage=1 raw_iteration=2 ordinal=30 kernel=identify_resident_target threads=1 begin_tick=1990821222142833 end_tick=1990821222145708 ms_per_tick=9.9999999999999995e-07 device_ms=0.002875
PRODUCER_KERNEL_V1 stage=1 raw_iteration=2 ordinal=31 kernel=issue_resident_projection_consumer threads=1 begin_tick=1990821222146083 end_tick=1990821222150458 ms_per_tick=9.9999999999999995e-07 device_ms=0.0043749999999999995
PRODUCER_KERNEL_V1 stage=1 raw_iteration=2 ordinal=32 kernel=consume_resident_target threads=1 begin_tick=1990821222150750 end_tick=1990821222154708 ms_per_tick=9.9999999999999995e-07 device_ms=0.0039579999999999997
PRODUCER_KERNEL_V1 stage=1 raw_iteration=2 ordinal=33 kernel=owner_compose_target threads=504666 begin_tick=1990821222155083 end_tick=1990821222235000 ms_per_tick=9.9999999999999995e-07 device_ms=0.079917000000000002
PRODUCER_KERNEL_V1 stage=1 raw_iteration=2 ordinal=34 kernel=finalize_resident_target threads=1 begin_tick=1990821222235291 end_tick=1990821222237791 ms_per_tick=9.9999999999999995e-07 device_ms=0.0025000000000000001
PRODUCER_KERNEL_V1 stage=1 raw_iteration=2 ordinal=35 kernel=owner_identify_target threads=1 begin_tick=1990821222238208 end_tick=1990821222241250 ms_per_tick=9.9999999999999995e-07 device_ms=0.003042
PRODUCER_KERNEL_V1 stage=1 raw_iteration=2 ordinal=36 kernel=issue_resident_projection_consumer threads=1 begin_tick=1990821222241541 end_tick=1990821222244291 ms_per_tick=9.9999999999999995e-07 device_ms=0.0027499999999999998
PRODUCER_KERNEL_V1 stage=1 raw_iteration=2 ordinal=37 kernel=consume_resident_target threads=1 begin_tick=1990821222244625 end_tick=1990821222247833 ms_per_tick=9.9999999999999995e-07 device_ms=0.0032079999999999999
PRODUCER_KERNEL_V1 stage=1 raw_iteration=2 ordinal=38 kernel=owner_issue_stage_seal threads=1 begin_tick=1990821222248250 end_tick=1990821222251166 ms_per_tick=9.9999999999999995e-07 device_ms=0.0029159999999999998
PRODUCER_KERNEL_V1 stage=1 raw_iteration=2 ordinal=39 kernel=fct_compatible_stage_rate threads=1533387 begin_tick=1990821222251500 end_tick=1990821222755250 ms_per_tick=9.9999999999999995e-07 device_ms=0.50375000000000003
PRODUCER_KERNEL_V1 stage=1 raw_iteration=2 ordinal=40 kernel=fct_compatible_stage_rate threads=1533387 begin_tick=1990821222755791 end_tick=1990821223246541 ms_per_tick=9.9999999999999995e-07 device_ms=0.49074999999999996
PRODUCER_KERNEL_V1 stage=1 raw_iteration=2 ordinal=41 kernel=owner_heun_momentum threads=1533387 begin_tick=1990821223246958 end_tick=1990821223339333 ms_per_tick=9.9999999999999995e-07 device_ms=0.092374999999999999
RISE_FIRE_OWNER_PROFILE_V1 {"scope":59,"parent":54,"phase":"BuildStageProducerGroup","stage":1,"raw_iteration":2,"iteration_kind":"picard","wall_ms":278.688375000,"device_sum_ms":197.675624862,"wall_minus_device_ms":81.012750138,"exclusive_wall_ms":278.688375000,"exclusive_device_sum_ms":197.675624862,"child_observer_wall_ms":0.000000000,"count_scope":"inclusive","owner_commits":1,"projection_invocations":0}
RISE_FIRE_OWNER_PROFILE_V1 {"scope":60,"parent":54,"phase":"Residual","stage":1,"raw_iteration":2,"iteration_kind":"picard","wall_ms":0.307209000,"device_sum_ms":0.110833440,"wall_minus_device_ms":0.196375560,"exclusive_wall_ms":0.307209000,"exclusive_device_sum_ms":0.110833440,"child_observer_wall_ms":0.000000000,"count_scope":"inclusive","owner_commits":1,"projection_invocations":0}
RISE_FIRE_OWNER_PROFILE_V1 {"scope":63,"parent":62,"phase":"ProjectionAdapter","stage":1,"raw_iteration":2147483650,"iteration_kind":"terminal","wall_ms":11.763833000,"device_sum_ms":8.982416708,"wall_minus_device_ms":2.781416292,"exclusive_wall_ms":11.763833000,"exclusive_device_sum_ms":8.982416708,"child_observer_wall_ms":0.000000000,"count_scope":"inclusive","owner_commits":0,"projection_invocations":1}
RISE_FIRE_OWNER_PROFILE_V1 {"scope":62,"parent":61,"phase":"Project","stage":1,"raw_iteration":2147483650,"iteration_kind":"terminal","wall_ms":12.323375000,"device_sum_ms":9.020166937,"wall_minus_device_ms":3.303208063,"exclusive_wall_ms":0.549542000,"exclusive_device_sum_ms":0.037750229,"child_observer_wall_ms":0.010000000,"count_scope":"inclusive","owner_commits":2,"projection_invocations":1}
RISE_FIRE_OWNER_PROFILE_V1 {"scope":64,"parent":61,"phase":"ReadOpenClass","stage":1,"raw_iteration":2147483650,"iteration_kind":"terminal","wall_ms":0.157500000,"device_sum_ms":0.002624933,"wall_minus_device_ms":0.154875067,"exclusive_wall_ms":0.157500000,"exclusive_device_sum_ms":0.002624933,"child_observer_wall_ms":0.000000000,"count_scope":"inclusive","owner_commits":1,"projection_invocations":0}
RISE_FIRE_OWNER_PROFILE_V1 {"scope":65,"parent":61,"phase":"ReadOpenClass","stage":1,"raw_iteration":2147483650,"iteration_kind":"terminal","wall_ms":0.152833000,"device_sum_ms":0.002583256,"wall_minus_device_ms":0.150249744,"exclusive_wall_ms":0.152833000,"exclusive_device_sum_ms":0.002583256,"child_observer_wall_ms":0.000000000,"count_scope":"inclusive","owner_commits":1,"projection_invocations":0}
PRODUCER_COMMAND_V1 stage=1 raw_iteration=2147483650 cpu_begin=1990821236553916 cpu_end=1990821518101083 gpu_begin=1990821236553916 gpu_end=1990821518101083 device_ms=200.07249992340803 encoders=42 interval_scope=possibly_overlapping
PRODUCER_KERNEL_V1 stage=1 raw_iteration=2147483650 ordinal=0 kernel=owner_pack_faces threads=1533387 begin_tick=1990821317935000 end_tick=1990821318047750 ms_per_tick=9.9999999999999995e-07 device_ms=0.11274999999999999
PRODUCER_KERNEL_V1 stage=1 raw_iteration=2147483650 ordinal=1 kernel=owner_pack_faces threads=1533387 begin_tick=1990821318047500 end_tick=1990821318351291 ms_per_tick=9.9999999999999995e-07 device_ms=0.30379099999999998
PRODUCER_KERNEL_V1 stage=1 raw_iteration=2147483650 ordinal=2 kernel=owner_pack_faces threads=1533387 begin_tick=1990821317932625 end_tick=1990821318047500 ms_per_tick=9.9999999999999995e-07 device_ms=0.11487499999999999
PRODUCER_KERNEL_V1 stage=1 raw_iteration=2147483650 ordinal=3 kernel=fct_extract_gas_density threads=504666 begin_tick=1990821318048208 end_tick=1990821318101000 ms_per_tick=9.9999999999999995e-07 device_ms=0.052791999999999999
PRODUCER_KERNEL_V1 stage=1 raw_iteration=2147483650 ordinal=4 kernel=owner_gas_source threads=504666 begin_tick=1990821318351666 end_tick=1990821318547208 ms_per_tick=9.9999999999999995e-07 device_ms=0.19554199999999999
PRODUCER_KERNEL_V1 stage=1 raw_iteration=2147483650 ordinal=5 kernel=evaluate_resident_transport threads=504666 begin_tick=1990821318101000 end_tick=1990821318558291 ms_per_tick=9.9999999999999995e-07 device_ms=0.457291
PRODUCER_KERNEL_V1 stage=1 raw_iteration=2147483650 ordinal=6 kernel=identify_resident_transport threads=1 begin_tick=1990821318558791 end_tick=1990821318561666 ms_per_tick=9.9999999999999995e-07 device_ms=0.002875
PRODUCER_KERNEL_V1 stage=1 raw_iteration=2147483650 ordinal=7 kernel=owner_bind_transport threads=1 begin_tick=1990821318562208 end_tick=1990821318565750 ms_per_tick=9.9999999999999995e-07 device_ms=0.003542
PRODUCER_KERNEL_V1 stage=1 raw_iteration=2147483650 ordinal=8 kernel=identify_resident_owner_endpoint_class threads=1 begin_tick=1990821318566166 end_tick=1990821318569291 ms_per_tick=9.9999999999999995e-07 device_ms=0.0031249999999999997
PRODUCER_KERNEL_V1 stage=1 raw_iteration=2147483650 ordinal=9 kernel=evaluate_resident_physical_flux threads=1533387 begin_tick=1990821319417750 end_tick=1990821320608791 ms_per_tick=9.9999999999999995e-07 device_ms=1.191041
PRODUCER_KERNEL_V1 stage=1 raw_iteration=2147483650 ordinal=10 kernel=evaluate_resident_advective_pair threads=13800483 begin_tick=1990821320857333 end_tick=1990821328051458 ms_per_tick=9.9999999999999995e-07 device_ms=7.1941249999999997
PRODUCER_KERNEL_V1 stage=1 raw_iteration=2147483650 ordinal=11 kernel=finalize_resident_advective_high threads=13800483 begin_tick=1990821328084416 end_tick=1990821328669416 ms_per_tick=9.9999999999999995e-07 device_ms=0.58499999999999996
PRODUCER_KERNEL_V1 stage=1 raw_iteration=2147483650 ordinal=12 kernel=compose_resident_flux_pair threads=13800483 begin_tick=1990821328669791 end_tick=1990821329548541 ms_per_tick=9.9999999999999995e-07 device_ms=0.87874999999999992
PRODUCER_KERNEL_V1 stage=1 raw_iteration=2147483650 ordinal=13 kernel=validate_resident_physical_flux threads=13800483 begin_tick=1990821329549208 end_tick=1990821330375250 ms_per_tick=9.9999999999999995e-07 device_ms=0.82604199999999994
PRODUCER_KERNEL_V1 stage=1 raw_iteration=2147483650 ordinal=14 kernel=identify_resident_physical_flux threads=32 begin_tick=1990821330375833 end_tick=1990821330381958 ms_per_tick=9.9999999999999995e-07 device_ms=0.0061249999999999994
PRODUCER_KERNEL_V1 stage=1 raw_iteration=2147483650 ordinal=15 kernel=owner_average_flux threads=13800483 begin_tick=1990821330382541 end_tick=1990821331176375 ms_per_tick=9.9999999999999995e-07 device_ms=0.79383399999999993
PRODUCER_KERNEL_V1 stage=1 raw_iteration=2147483650 ordinal=16 kernel=owner_bind_averaged_flux threads=1 begin_tick=1990821331176916 end_tick=1990821331180750 ms_per_tick=9.9999999999999995e-07 device_ms=0.0038339999999999997
PRODUCER_KERNEL_V1 stage=1 raw_iteration=2147483650 ordinal=17 kernel=fct_build_ratios threads=5551326 begin_tick=1990821331181333 end_tick=1990821334791541 ms_per_tick=9.9999999999999995e-07 device_ms=3.6102079999999996
PRODUCER_KERNEL_V1 stage=1 raw_iteration=2147483650 ordinal=18 kernel=fct_build_face_alpha threads=1533387 begin_tick=1990821334792125 end_tick=1990821335176625 ms_per_tick=9.9999999999999995e-07 device_ms=0.38450000000000001
PRODUCER_KERNEL_V1 stage=1 raw_iteration=2147483650 ordinal=19 kernel=fct_commit_scalar threads=504666 begin_tick=1990821335191041 end_tick=1990821335388000 ms_per_tick=9.9999999999999995e-07 device_ms=0.196959
PRODUCER_KERNEL_V1 stage=1 raw_iteration=2147483650 ordinal=20 kernel=owner_bind_candidate threads=1 begin_tick=1990821335388541 end_tick=1990821335392458 ms_per_tick=9.9999999999999995e-07 device_ms=0.0039169999999999995
PRODUCER_KERNEL_V1 stage=1 raw_iteration=2147483650 ordinal=21 kernel=finalize_resident_eos_candidate threads=1 begin_tick=1990821335392958 end_tick=1990821335395416 ms_per_tick=9.9999999999999995e-07 device_ms=0.0024579999999999997
PRODUCER_KERNEL_V1 stage=1 raw_iteration=2147483650 ordinal=22 kernel=build_eos_endpoint_table threads=14 begin_tick=1990821335396333 end_tick=1990821335688958 ms_per_tick=9.9999999999999995e-07 device_ms=0.29262499999999997
PRODUCER_KERNEL_V1 stage=1 raw_iteration=2147483650 ordinal=23 kernel=evaluate_resident_eos_candidate threads=504666 begin_tick=1990821335689333 end_tick=1990821402601000 ms_per_tick=9.9999999999999995e-07 device_ms=66.911666999999994
PRODUCER_KERNEL_V1 stage=1 raw_iteration=2147483650 ordinal=24 kernel=finalize_resident_eos_candidate threads=1 begin_tick=1990821402615666 end_tick=1990821402618375 ms_per_tick=9.9999999999999995e-07 device_ms=0.002709
PRODUCER_KERNEL_V1 stage=1 raw_iteration=2147483650 ordinal=25 kernel=identify_resident_eos threads=1 begin_tick=1990821402618708 end_tick=1990821402621500 ms_per_tick=9.9999999999999995e-07 device_ms=0.0027919999999999998
PRODUCER_KERNEL_V1 stage=1 raw_iteration=2147483650 ordinal=26 kernel=produce_resident_frozen_source threads=504666 begin_tick=1990821402621791 end_tick=1990821402654833 ms_per_tick=9.9999999999999995e-07 device_ms=0.033042000000000002
PRODUCER_KERNEL_V1 stage=1 raw_iteration=2147483650 ordinal=27 kernel=identify_resident_frozen_source threads=1 begin_tick=1990821402655250 end_tick=1990821402658000 ms_per_tick=9.9999999999999995e-07 device_ms=0.0027499999999999998
PRODUCER_KERNEL_V1 stage=1 raw_iteration=2147483650 ordinal=28 kernel=evaluate_resident_target_terms threads=504666 begin_tick=1990821402658416 end_tick=1990821516655125 ms_per_tick=9.9999999999999995e-07 device_ms=113.996709
PRODUCER_KERNEL_V1 stage=1 raw_iteration=2147483650 ordinal=29 kernel=finalize_resident_target threads=1 begin_tick=1990821516669916 end_tick=1990821516672958 ms_per_tick=9.9999999999999995e-07 device_ms=0.003042
PRODUCER_KERNEL_V1 stage=1 raw_iteration=2147483650 ordinal=30 kernel=identify_resident_target threads=1 begin_tick=1990821516673250 end_tick=1990821516676333 ms_per_tick=9.9999999999999995e-07 device_ms=0.0030829999999999998
PRODUCER_KERNEL_V1 stage=1 raw_iteration=2147483650 ordinal=31 kernel=issue_resident_projection_consumer threads=1 begin_tick=1990821516676708 end_tick=1990821516680875 ms_per_tick=9.9999999999999995e-07 device_ms=0.0041669999999999997
PRODUCER_KERNEL_V1 stage=1 raw_iteration=2147483650 ordinal=32 kernel=consume_resident_target threads=1 begin_tick=1990821516681166 end_tick=1990821516685708 ms_per_tick=9.9999999999999995e-07 device_ms=0.004542
PRODUCER_KERNEL_V1 stage=1 raw_iteration=2147483650 ordinal=33 kernel=owner_compose_target threads=504666 begin_tick=1990821516686125 end_tick=1990821516765916 ms_per_tick=9.9999999999999995e-07 device_ms=0.079791000000000001
PRODUCER_KERNEL_V1 stage=1 raw_iteration=2147483650 ordinal=34 kernel=finalize_resident_target threads=1 begin_tick=1990821516766208 end_tick=1990821516772000 ms_per_tick=9.9999999999999995e-07 device_ms=0.0057919999999999994
PRODUCER_KERNEL_V1 stage=1 raw_iteration=2147483650 ordinal=35 kernel=owner_identify_target threads=1 begin_tick=1990821516772375 end_tick=1990821516775208 ms_per_tick=9.9999999999999995e-07 device_ms=0.002833
PRODUCER_KERNEL_V1 stage=1 raw_iteration=2147483650 ordinal=36 kernel=issue_resident_projection_consumer threads=1 begin_tick=1990821516775583 end_tick=1990821516778791 ms_per_tick=9.9999999999999995e-07 device_ms=0.0032079999999999999
PRODUCER_KERNEL_V1 stage=1 raw_iteration=2147483650 ordinal=37 kernel=consume_resident_target threads=1 begin_tick=1990821516779208 end_tick=1990821516782541 ms_per_tick=9.9999999999999995e-07 device_ms=0.003333
PRODUCER_KERNEL_V1 stage=1 raw_iteration=2147483650 ordinal=38 kernel=owner_issue_stage_seal threads=1 begin_tick=1990821516782875 end_tick=1990821516785791 ms_per_tick=9.9999999999999995e-07 device_ms=0.0029159999999999998
PRODUCER_KERNEL_V1 stage=1 raw_iteration=2147483650 ordinal=39 kernel=fct_compatible_stage_rate threads=1533387 begin_tick=1990821516786166 end_tick=1990821517324166 ms_per_tick=9.9999999999999995e-07 device_ms=0.53799999999999992
PRODUCER_KERNEL_V1 stage=1 raw_iteration=2147483650 ordinal=40 kernel=fct_compatible_stage_rate threads=1533387 begin_tick=1990821517324666 end_tick=1990821517846791 ms_per_tick=9.9999999999999995e-07 device_ms=0.52212499999999995
PRODUCER_KERNEL_V1 stage=1 raw_iteration=2147483650 ordinal=41 kernel=owner_heun_momentum threads=1533387 begin_tick=1990821517847250 end_tick=1990821517990000 ms_per_tick=9.9999999999999995e-07 device_ms=0.14274999999999999
RISE_FIRE_OWNER_PROFILE_V1 {"scope":66,"parent":61,"phase":"BuildStageProducerGroup","stage":1,"raw_iteration":2147483650,"iteration_kind":"terminal","wall_ms":281.686875000,"device_sum_ms":200.072499923,"wall_minus_device_ms":81.614375077,"exclusive_wall_ms":281.686875000,"exclusive_device_sum_ms":200.072499923,"child_observer_wall_ms":0.000000000,"count_scope":"inclusive","owner_commits":1,"projection_invocations":0}
RISE_FIRE_OWNER_PROFILE_V1 {"scope":67,"parent":61,"phase":"AlphaResidual","stage":1,"raw_iteration":2147483650,"iteration_kind":"terminal","wall_ms":0.214083000,"device_sum_ms":0.057833269,"wall_minus_device_ms":0.156249731,"exclusive_wall_ms":0.214083000,"exclusive_device_sum_ms":0.057833269,"child_observer_wall_ms":0.000000000,"count_scope":"inclusive","owner_commits":1,"projection_invocations":0}
RISE_FIRE_OWNER_PROFILE_V1 {"scope":68,"parent":61,"phase":"Residual","stage":1,"raw_iteration":2147483650,"iteration_kind":"terminal","wall_ms":0.279750000,"device_sum_ms":0.118666561,"wall_minus_device_ms":0.161083439,"exclusive_wall_ms":0.279750000,"exclusive_device_sum_ms":0.118666561,"child_observer_wall_ms":0.000000000,"count_scope":"inclusive","owner_commits":1,"projection_invocations":0}
RISE_FIRE_OWNER_PROFILE_V1 {"scope":61,"parent":54,"phase":"TerminalVerification","stage":1,"raw_iteration":2147483650,"iteration_kind":"terminal","wall_ms":294.850292000,"device_sum_ms":209.274374880,"wall_minus_device_ms":85.575917120,"exclusive_wall_ms":0.004208000,"exclusive_device_sum_ms":0.000000000,"child_observer_wall_ms":0.031668000,"count_scope":"inclusive","owner_commits":7,"projection_invocations":1}
RISE_FIRE_OWNER_PROFILE_V1 {"scope":54,"parent":36,"phase":"PicardIteration","stage":1,"raw_iteration":2,"iteration_kind":"picard","wall_ms":587.953750000,"device_sum_ms":416.255749529,"wall_minus_device_ms":171.698000471,"exclusive_wall_ms":0.385251000,"exclusive_device_sum_ms":0.000000000,"child_observer_wall_ms":0.032665000,"count_scope":"inclusive","owner_commits":13,"projection_invocations":2}
RISE_FIRE_OWNER_PROFILE_V1 {"scope":36,"parent":1,"phase":"SolveStage","stage":1,"raw_iteration":4294967295,"iteration_kind":"bootstrap","wall_ms":1471.185417000,"device_sum_ms":1040.987416171,"wall_minus_device_ms":430.198000829,"exclusive_wall_ms":1.702376000,"exclusive_device_sum_ms":0.000000000,"child_observer_wall_ms":0.022333000,"count_scope":"inclusive","owner_commits":28,"projection_invocations":5}
RISE_FIRE_OWNER_PROFILE_V1 {"scope":71,"parent":70,"phase":"ProjectionAdapter","stage":2,"raw_iteration":4294967295,"iteration_kind":"bootstrap","wall_ms":11.574792000,"device_sum_ms":8.726250147,"wall_minus_device_ms":2.848541853,"exclusive_wall_ms":11.574792000,"exclusive_device_sum_ms":8.726250147,"child_observer_wall_ms":0.000000000,"count_scope":"inclusive","owner_commits":0,"projection_invocations":1}
RISE_FIRE_OWNER_PROFILE_V1 {"scope":70,"parent":69,"phase":"Project","stage":2,"raw_iteration":4294967295,"iteration_kind":"bootstrap","wall_ms":12.050709000,"device_sum_ms":8.775500115,"wall_minus_device_ms":3.275208885,"exclusive_wall_ms":0.465251000,"exclusive_device_sum_ms":0.049249968,"child_observer_wall_ms":0.010666000,"count_scope":"inclusive","owner_commits":2,"projection_invocations":1}
PRODUCER_COMMAND_V1 stage=2 raw_iteration=4294967295 cpu_begin=1990821533696833 cpu_end=1990821806199791 gpu_begin=1990821533696833 gpu_end=1990821806199791 device_ms=191.31725002080202 encoders=36 interval_scope=possibly_overlapping
PRODUCER_KERNEL_V1 stage=2 raw_iteration=4294967295 ordinal=0 kernel=owner_pack_faces threads=1533387 begin_tick=1990821614763833 end_tick=1990821614827666 ms_per_tick=9.9999999999999995e-07 device_ms=0.063833000000000001
PRODUCER_KERNEL_V1 stage=2 raw_iteration=4294967295 ordinal=1 kernel=owner_pack_faces threads=1533387 begin_tick=1990821614827666 end_tick=1990821615200541 ms_per_tick=9.9999999999999995e-07 device_ms=0.37287499999999996
PRODUCER_KERNEL_V1 stage=2 raw_iteration=4294967295 ordinal=2 kernel=owner_pack_faces threads=1533387 begin_tick=1990821614761833 end_tick=1990821614827875 ms_per_tick=9.9999999999999995e-07 device_ms=0.066042000000000003
PRODUCER_KERNEL_V1 stage=2 raw_iteration=4294967295 ordinal=3 kernel=fct_extract_gas_density threads=504666 begin_tick=1990821614828166 end_tick=1990821614884541 ms_per_tick=9.9999999999999995e-07 device_ms=0.056374999999999995
PRODUCER_KERNEL_V1 stage=2 raw_iteration=4294967295 ordinal=4 kernel=owner_gas_source threads=504666 begin_tick=1990821615200875 end_tick=1990821615340166 ms_per_tick=9.9999999999999995e-07 device_ms=0.139291
PRODUCER_KERNEL_V1 stage=2 raw_iteration=4294967295 ordinal=5 kernel=evaluate_resident_transport threads=504666 begin_tick=1990821614884541 end_tick=1990821615353875 ms_per_tick=9.9999999999999995e-07 device_ms=0.46933399999999997
PRODUCER_KERNEL_V1 stage=2 raw_iteration=4294967295 ordinal=6 kernel=identify_resident_transport threads=1 begin_tick=1990821615354208 end_tick=1990821615357250 ms_per_tick=9.9999999999999995e-07 device_ms=0.003042
PRODUCER_KERNEL_V1 stage=2 raw_iteration=4294967295 ordinal=7 kernel=owner_bind_transport threads=1 begin_tick=1990821615357875 end_tick=1990821615361416 ms_per_tick=9.9999999999999995e-07 device_ms=0.0035409999999999999
PRODUCER_KERNEL_V1 stage=2 raw_iteration=4294967295 ordinal=8 kernel=identify_resident_owner_endpoint_class threads=1 begin_tick=1990821615361833 end_tick=1990821615365291 ms_per_tick=9.9999999999999995e-07 device_ms=0.0034579999999999997
PRODUCER_KERNEL_V1 stage=2 raw_iteration=4294967295 ordinal=9 kernel=evaluate_resident_physical_flux threads=1533387 begin_tick=1990821616159458 end_tick=1990821617275750 ms_per_tick=9.9999999999999995e-07 device_ms=1.1162919999999998
PRODUCER_KERNEL_V1 stage=2 raw_iteration=4294967295 ordinal=10 kernel=evaluate_resident_advective_pair threads=13800483 begin_tick=1990821617514916 end_tick=1990821624887916 ms_per_tick=9.9999999999999995e-07 device_ms=7.3729999999999993
PRODUCER_KERNEL_V1 stage=2 raw_iteration=4294967295 ordinal=11 kernel=finalize_resident_advective_high threads=13800483 begin_tick=1990821624888583 end_tick=1990821625309666 ms_per_tick=9.9999999999999995e-07 device_ms=0.42108299999999999
PRODUCER_KERNEL_V1 stage=2 raw_iteration=4294967295 ordinal=12 kernel=compose_resident_flux_pair threads=13800483 begin_tick=1990821625310083 end_tick=1990821626195083 ms_per_tick=9.9999999999999995e-07 device_ms=0.88500000000000001
PRODUCER_KERNEL_V1 stage=2 raw_iteration=4294967295 ordinal=13 kernel=validate_resident_physical_flux threads=13800483 begin_tick=1990821626195583 end_tick=1990821627027625 ms_per_tick=9.9999999999999995e-07 device_ms=0.83204199999999995
PRODUCER_KERNEL_V1 stage=2 raw_iteration=4294967295 ordinal=14 kernel=identify_resident_physical_flux threads=32 begin_tick=1990821627028083 end_tick=1990821627031333 ms_per_tick=9.9999999999999995e-07 device_ms=0.0032499999999999999
PRODUCER_KERNEL_V1 stage=2 raw_iteration=4294967295 ordinal=15 kernel=owner_bind_candidate threads=1 begin_tick=1990821627031833 end_tick=1990821627035416 ms_per_tick=9.9999999999999995e-07 device_ms=0.0035829999999999998
PRODUCER_KERNEL_V1 stage=2 raw_iteration=4294967295 ordinal=16 kernel=finalize_resident_eos_candidate threads=1 begin_tick=1990821627035833 end_tick=1990821627038083 ms_per_tick=9.9999999999999995e-07 device_ms=0.0022499999999999998
PRODUCER_KERNEL_V1 stage=2 raw_iteration=4294967295 ordinal=17 kernel=build_eos_endpoint_table threads=14 begin_tick=1990821627038666 end_tick=1990821627330000 ms_per_tick=9.9999999999999995e-07 device_ms=0.29133399999999998
PRODUCER_KERNEL_V1 stage=2 raw_iteration=4294967295 ordinal=18 kernel=evaluate_resident_eos_candidate threads=504666 begin_tick=1990821627330416 end_tick=1990821691357791 ms_per_tick=9.9999999999999995e-07 device_ms=64.027374999999992
PRODUCER_KERNEL_V1 stage=2 raw_iteration=4294967295 ordinal=19 kernel=finalize_resident_eos_candidate threads=1 begin_tick=1990821691375750 end_tick=1990821691378958 ms_per_tick=9.9999999999999995e-07 device_ms=0.0032079999999999999
PRODUCER_KERNEL_V1 stage=2 raw_iteration=4294967295 ordinal=20 kernel=identify_resident_eos threads=1 begin_tick=1990821691379291 end_tick=1990821691382000 ms_per_tick=9.9999999999999995e-07 device_ms=0.002709
PRODUCER_KERNEL_V1 stage=2 raw_iteration=4294967295 ordinal=21 kernel=produce_resident_frozen_source threads=504666 begin_tick=1990821691382666 end_tick=1990821691414000 ms_per_tick=9.9999999999999995e-07 device_ms=0.031334000000000001
PRODUCER_KERNEL_V1 stage=2 raw_iteration=4294967295 ordinal=22 kernel=identify_resident_frozen_source threads=1 begin_tick=1990821691414416 end_tick=1990821691421375 ms_per_tick=9.9999999999999995e-07 device_ms=0.0069589999999999999
PRODUCER_KERNEL_V1 stage=2 raw_iteration=4294967295 ordinal=23 kernel=evaluate_resident_target_terms threads=504666 begin_tick=1990821691421958 end_tick=1990821805386625 ms_per_tick=9.9999999999999995e-07 device_ms=113.96466699999999
PRODUCER_KERNEL_V1 stage=2 raw_iteration=4294967295 ordinal=24 kernel=finalize_resident_target threads=1 begin_tick=1990821805400541 end_tick=1990821805403291 ms_per_tick=9.9999999999999995e-07 device_ms=0.0027499999999999998
PRODUCER_KERNEL_V1 stage=2 raw_iteration=4294967295 ordinal=25 kernel=identify_resident_target threads=1 begin_tick=1990821805403750 end_tick=1990821805406833 ms_per_tick=9.9999999999999995e-07 device_ms=0.0030829999999999998
PRODUCER_KERNEL_V1 stage=2 raw_iteration=4294967295 ordinal=26 kernel=issue_resident_projection_consumer threads=1 begin_tick=1990821805407208 end_tick=1990821805411541 ms_per_tick=9.9999999999999995e-07 device_ms=0.004333
PRODUCER_KERNEL_V1 stage=2 raw_iteration=4294967295 ordinal=27 kernel=consume_resident_target threads=1 begin_tick=1990821805411875 end_tick=1990821805416000 ms_per_tick=9.9999999999999995e-07 device_ms=0.0041250000000000002
PRODUCER_KERNEL_V1 stage=2 raw_iteration=4294967295 ordinal=28 kernel=owner_compose_target threads=504666 begin_tick=1990821805416416 end_tick=1990821805447458 ms_per_tick=9.9999999999999995e-07 device_ms=0.031042
PRODUCER_KERNEL_V1 stage=2 raw_iteration=4294967295 ordinal=29 kernel=finalize_resident_target threads=1 begin_tick=1990821805448000 end_tick=1990821805450333 ms_per_tick=9.9999999999999995e-07 device_ms=0.002333
PRODUCER_KERNEL_V1 stage=2 raw_iteration=4294967295 ordinal=30 kernel=owner_identify_target threads=1 begin_tick=1990821805450750 end_tick=1990821805453791 ms_per_tick=9.9999999999999995e-07 device_ms=0.0030409999999999999
PRODUCER_KERNEL_V1 stage=2 raw_iteration=4294967295 ordinal=31 kernel=issue_resident_projection_consumer threads=1 begin_tick=1990821805454416 end_tick=1990821805457333 ms_per_tick=9.9999999999999995e-07 device_ms=0.0029169999999999999
PRODUCER_KERNEL_V1 stage=2 raw_iteration=4294967295 ordinal=32 kernel=consume_resident_target threads=1 begin_tick=1990821805457750 end_tick=1990821805461083 ms_per_tick=9.9999999999999995e-07 device_ms=0.003333
PRODUCER_KERNEL_V1 stage=2 raw_iteration=4294967295 ordinal=33 kernel=owner_issue_stage_seal threads=1 begin_tick=1990821805461625 end_tick=1990821805464583 ms_per_tick=9.9999999999999995e-07 device_ms=0.0029579999999999997
PRODUCER_KERNEL_V1 stage=2 raw_iteration=4294967295 ordinal=34 kernel=fct_compatible_stage_rate threads=1533387 begin_tick=1990821805465083 end_tick=1990821805982083 ms_per_tick=9.9999999999999995e-07 device_ms=0.51700000000000002
PRODUCER_KERNEL_V1 stage=2 raw_iteration=4294967295 ordinal=35 kernel=owner_heun_momentum threads=1533387 begin_tick=1990821805982458 end_tick=1990821806073208 ms_per_tick=9.9999999999999995e-07 device_ms=0.090749999999999997
RISE_FIRE_OWNER_PROFILE_V1 {"scope":72,"parent":69,"phase":"BuildStageProducerGroup","stage":2,"raw_iteration":4294967295,"iteration_kind":"bootstrap","wall_ms":272.658625000,"device_sum_ms":191.317250021,"wall_minus_device_ms":81.341374979,"exclusive_wall_ms":272.658625000,"exclusive_device_sum_ms":191.317250021,"child_observer_wall_ms":0.000000000,"count_scope":"inclusive","owner_commits":1,"projection_invocations":0}
RISE_FIRE_OWNER_PROFILE_V1 {"scope":75,"parent":74,"phase":"ProjectionAdapter","stage":2,"raw_iteration":0,"iteration_kind":"picard","wall_ms":12.335625000,"device_sum_ms":9.195791790,"wall_minus_device_ms":3.139833210,"exclusive_wall_ms":12.335625000,"exclusive_device_sum_ms":9.195791790,"child_observer_wall_ms":0.000000000,"count_scope":"inclusive","owner_commits":0,"projection_invocations":1}
RISE_FIRE_OWNER_PROFILE_V1 {"scope":74,"parent":73,"phase":"Project","stage":2,"raw_iteration":0,"iteration_kind":"picard","wall_ms":12.888750000,"device_sum_ms":9.238125058,"wall_minus_device_ms":3.650624942,"exclusive_wall_ms":0.545209000,"exclusive_device_sum_ms":0.042333268,"child_observer_wall_ms":0.007916000,"count_scope":"inclusive","owner_commits":2,"projection_invocations":1}
RISE_FIRE_OWNER_PROFILE_V1 {"scope":76,"parent":73,"phase":"ReadOpenClass","stage":2,"raw_iteration":0,"iteration_kind":"picard","wall_ms":0.167292000,"device_sum_ms":0.002458459,"wall_minus_device_ms":0.164833541,"exclusive_wall_ms":0.167292000,"exclusive_device_sum_ms":0.002458459,"child_observer_wall_ms":0.000000000,"count_scope":"inclusive","owner_commits":1,"projection_invocations":0}
RISE_FIRE_OWNER_PROFILE_V1 {"scope":77,"parent":73,"phase":"ReadOpenClass","stage":2,"raw_iteration":0,"iteration_kind":"picard","wall_ms":0.167292000,"device_sum_ms":0.002583256,"wall_minus_device_ms":0.164708744,"exclusive_wall_ms":0.167292000,"exclusive_device_sum_ms":0.002583256,"child_observer_wall_ms":0.000000000,"count_scope":"inclusive","owner_commits":1,"projection_invocations":0}
PRODUCER_COMMAND_V1 stage=2 raw_iteration=0 cpu_begin=1990821819607375 cpu_end=1990822100225458 gpu_begin=1990821819607375 gpu_end=1990822100225458 device_ms=196.68524991720915 encoders=36 interval_scope=possibly_overlapping
PRODUCER_KERNEL_V1 stage=2 raw_iteration=0 ordinal=0 kernel=owner_pack_faces threads=1533387 begin_tick=1990821903554416 end_tick=1990821903605125 ms_per_tick=9.9999999999999995e-07 device_ms=0.050708999999999997
PRODUCER_KERNEL_V1 stage=2 raw_iteration=0 ordinal=1 kernel=owner_pack_faces threads=1533387 begin_tick=1990821903616208 end_tick=1990821903667708 ms_per_tick=9.9999999999999995e-07 device_ms=0.051499999999999997
PRODUCER_KERNEL_V1 stage=2 raw_iteration=0 ordinal=2 kernel=owner_pack_faces threads=1533387 begin_tick=1990821903730958 end_tick=1990821903825625 ms_per_tick=9.9999999999999995e-07 device_ms=0.094667000000000001
PRODUCER_KERNEL_V1 stage=2 raw_iteration=0 ordinal=3 kernel=fct_extract_gas_density threads=504666 begin_tick=1990821903751625 end_tick=1990821903801000 ms_per_tick=9.9999999999999995e-07 device_ms=0.049374999999999995
PRODUCER_KERNEL_V1 stage=2 raw_iteration=0 ordinal=4 kernel=owner_gas_source threads=504666 begin_tick=1990821903801000 end_tick=1990821903851583 ms_per_tick=9.9999999999999995e-07 device_ms=0.050582999999999996
PRODUCER_KERNEL_V1 stage=2 raw_iteration=0 ordinal=5 kernel=evaluate_resident_transport threads=504666 begin_tick=1990821903917333 end_tick=1990821904364000 ms_per_tick=9.9999999999999995e-07 device_ms=0.44666699999999998
PRODUCER_KERNEL_V1 stage=2 raw_iteration=0 ordinal=6 kernel=identify_resident_transport threads=1 begin_tick=1990821904364333 end_tick=1990821904367333 ms_per_tick=9.9999999999999995e-07 device_ms=0.0030000000000000001
PRODUCER_KERNEL_V1 stage=2 raw_iteration=0 ordinal=7 kernel=owner_bind_transport threads=1 begin_tick=1990821904367916 end_tick=1990821904371583 ms_per_tick=9.9999999999999995e-07 device_ms=0.0036669999999999997
PRODUCER_KERNEL_V1 stage=2 raw_iteration=0 ordinal=8 kernel=identify_resident_owner_endpoint_class threads=1 begin_tick=1990821904372291 end_tick=1990821904375500 ms_per_tick=9.9999999999999995e-07 device_ms=0.003209
PRODUCER_KERNEL_V1 stage=2 raw_iteration=0 ordinal=9 kernel=evaluate_resident_physical_flux threads=1533387 begin_tick=1990821905357250 end_tick=1990821906469375 ms_per_tick=9.9999999999999995e-07 device_ms=1.112125
PRODUCER_KERNEL_V1 stage=2 raw_iteration=0 ordinal=10 kernel=evaluate_resident_advective_pair threads=13800483 begin_tick=1990821906780291 end_tick=1990821914129833 ms_per_tick=9.9999999999999995e-07 device_ms=7.3495419999999996
PRODUCER_KERNEL_V1 stage=2 raw_iteration=0 ordinal=11 kernel=finalize_resident_advective_high threads=13800483 begin_tick=1990821914130583 end_tick=1990821914548833 ms_per_tick=9.9999999999999995e-07 device_ms=0.41824999999999996
PRODUCER_KERNEL_V1 stage=2 raw_iteration=0 ordinal=12 kernel=compose_resident_flux_pair threads=13800483 begin_tick=1990821914549458 end_tick=1990821915436833 ms_per_tick=9.9999999999999995e-07 device_ms=0.88737499999999991
PRODUCER_KERNEL_V1 stage=2 raw_iteration=0 ordinal=13 kernel=validate_resident_physical_flux threads=13800483 begin_tick=1990821915437500 end_tick=1990821916288875 ms_per_tick=9.9999999999999995e-07 device_ms=0.85137499999999999
PRODUCER_KERNEL_V1 stage=2 raw_iteration=0 ordinal=14 kernel=identify_resident_physical_flux threads=32 begin_tick=1990821916289458 end_tick=1990821916292625 ms_per_tick=9.9999999999999995e-07 device_ms=0.0031669999999999997
PRODUCER_KERNEL_V1 stage=2 raw_iteration=0 ordinal=15 kernel=owner_bind_candidate threads=1 begin_tick=1990821916293291 end_tick=1990821916296958 ms_per_tick=9.9999999999999995e-07 device_ms=0.0036669999999999997
PRODUCER_KERNEL_V1 stage=2 raw_iteration=0 ordinal=16 kernel=finalize_resident_eos_candidate threads=1 begin_tick=1990821916298000 end_tick=1990821916300125 ms_per_tick=9.9999999999999995e-07 device_ms=0.0021249999999999997
PRODUCER_KERNEL_V1 stage=2 raw_iteration=0 ordinal=17 kernel=build_eos_endpoint_table threads=14 begin_tick=1990821916300708 end_tick=1990821916592500 ms_per_tick=9.9999999999999995e-07 device_ms=0.291792
PRODUCER_KERNEL_V1 stage=2 raw_iteration=0 ordinal=18 kernel=evaluate_resident_eos_candidate threads=504666 begin_tick=1990821916592833 end_tick=1990821985016666 ms_per_tick=9.9999999999999995e-07 device_ms=68.423833000000002
PRODUCER_KERNEL_V1 stage=2 raw_iteration=0 ordinal=19 kernel=finalize_resident_eos_candidate threads=1 begin_tick=1990821985032250 end_tick=1990821985034916 ms_per_tick=9.9999999999999995e-07 device_ms=0.002666
PRODUCER_KERNEL_V1 stage=2 raw_iteration=0 ordinal=20 kernel=identify_resident_eos threads=1 begin_tick=1990821985035208 end_tick=1990821985037875 ms_per_tick=9.9999999999999995e-07 device_ms=0.0026669999999999997
PRODUCER_KERNEL_V1 stage=2 raw_iteration=0 ordinal=21 kernel=produce_resident_frozen_source threads=504666 begin_tick=1990821985038375 end_tick=1990821985068333 ms_per_tick=9.9999999999999995e-07 device_ms=0.029957999999999999
PRODUCER_KERNEL_V1 stage=2 raw_iteration=0 ordinal=22 kernel=identify_resident_frozen_source threads=1 begin_tick=1990821985068708 end_tick=1990821985071750 ms_per_tick=9.9999999999999995e-07 device_ms=0.003042
PRODUCER_KERNEL_V1 stage=2 raw_iteration=0 ordinal=23 kernel=evaluate_resident_target_terms threads=504666 begin_tick=1990821985072291 end_tick=1990822099387208 ms_per_tick=9.9999999999999995e-07 device_ms=114.31491699999999
PRODUCER_KERNEL_V1 stage=2 raw_iteration=0 ordinal=24 kernel=finalize_resident_target threads=1 begin_tick=1990822099402416 end_tick=1990822099405416 ms_per_tick=9.9999999999999995e-07 device_ms=0.0030000000000000001
PRODUCER_KERNEL_V1 stage=2 raw_iteration=0 ordinal=25 kernel=identify_resident_target threads=1 begin_tick=1990822099405875 end_tick=1990822099412166 ms_per_tick=9.9999999999999995e-07 device_ms=0.0062909999999999997
PRODUCER_KERNEL_V1 stage=2 raw_iteration=0 ordinal=26 kernel=issue_resident_projection_consumer threads=1 begin_tick=1990822099412541 end_tick=1990822099417166 ms_per_tick=9.9999999999999995e-07 device_ms=0.0046249999999999998
PRODUCER_KERNEL_V1 stage=2 raw_iteration=0 ordinal=27 kernel=consume_resident_target threads=1 begin_tick=1990822099417750 end_tick=1990822099421708 ms_per_tick=9.9999999999999995e-07 device_ms=0.0039579999999999997
PRODUCER_KERNEL_V1 stage=2 raw_iteration=0 ordinal=28 kernel=owner_compose_target threads=504666 begin_tick=1990822099422833 end_tick=1990822099455208 ms_per_tick=9.9999999999999995e-07 device_ms=0.032375000000000001
PRODUCER_KERNEL_V1 stage=2 raw_iteration=0 ordinal=29 kernel=finalize_resident_target threads=1 begin_tick=1990822099455666 end_tick=1990822099458125 ms_per_tick=9.9999999999999995e-07 device_ms=0.0024589999999999998
PRODUCER_KERNEL_V1 stage=2 raw_iteration=0 ordinal=30 kernel=owner_identify_target threads=1 begin_tick=1990822099458500 end_tick=1990822099461750 ms_per_tick=9.9999999999999995e-07 device_ms=0.0032499999999999999
PRODUCER_KERNEL_V1 stage=2 raw_iteration=0 ordinal=31 kernel=issue_resident_projection_consumer threads=1 begin_tick=1990822099462291 end_tick=1990822099465083 ms_per_tick=9.9999999999999995e-07 device_ms=0.0027919999999999998
PRODUCER_KERNEL_V1 stage=2 raw_iteration=0 ordinal=32 kernel=consume_resident_target threads=1 begin_tick=1990822099465500 end_tick=1990822099468791 ms_per_tick=9.9999999999999995e-07 device_ms=0.0032909999999999997
PRODUCER_KERNEL_V1 stage=2 raw_iteration=0 ordinal=33 kernel=owner_issue_stage_seal threads=1 begin_tick=1990822099469333 end_tick=1990822099472291 ms_per_tick=9.9999999999999995e-07 device_ms=0.0029579999999999997
PRODUCER_KERNEL_V1 stage=2 raw_iteration=0 ordinal=34 kernel=fct_compatible_stage_rate threads=1533387 begin_tick=1990822099472916 end_tick=1990822100005291 ms_per_tick=9.9999999999999995e-07 device_ms=0.53237499999999993
PRODUCER_KERNEL_V1 stage=2 raw_iteration=0 ordinal=35 kernel=owner_heun_momentum threads=1533387 begin_tick=1990822100005666 end_tick=1990822100097958 ms_per_tick=9.9999999999999995e-07 device_ms=0.092291999999999999
RISE_FIRE_OWNER_PROFILE_V1 {"scope":78,"parent":73,"phase":"BuildStageProducerGroup","stage":2,"raw_iteration":0,"iteration_kind":"picard","wall_ms":280.772584000,"device_sum_ms":196.685249917,"wall_minus_device_ms":84.087334083,"exclusive_wall_ms":280.772584000,"exclusive_device_sum_ms":196.685249917,"child_observer_wall_ms":0.000000000,"count_scope":"inclusive","owner_commits":1,"projection_invocations":0}
RISE_FIRE_OWNER_PROFILE_V1 {"scope":79,"parent":73,"phase":"Residual","stage":2,"raw_iteration":0,"iteration_kind":"picard","wall_ms":0.213083000,"device_sum_ms":0.022041611,"wall_minus_device_ms":0.191041389,"exclusive_wall_ms":0.213083000,"exclusive_device_sum_ms":0.022041611,"child_observer_wall_ms":0.000000000,"count_scope":"inclusive","owner_commits":1,"projection_invocations":0}
RISE_FIRE_OWNER_PROFILE_V1 {"scope":73,"parent":69,"phase":"PicardIteration","stage":2,"raw_iteration":0,"iteration_kind":"picard","wall_ms":294.595458000,"device_sum_ms":205.950458301,"wall_minus_device_ms":88.644999699,"exclusive_wall_ms":0.353249000,"exclusive_device_sum_ms":0.000000000,"child_observer_wall_ms":0.033208000,"count_scope":"inclusive","owner_commits":6,"projection_invocations":1}
RISE_FIRE_OWNER_PROFILE_V1 {"scope":82,"parent":81,"phase":"ProjectionAdapter","stage":2,"raw_iteration":1,"iteration_kind":"picard","wall_ms":11.733542000,"device_sum_ms":8.932416793,"wall_minus_device_ms":2.801125207,"exclusive_wall_ms":11.733542000,"exclusive_device_sum_ms":8.932416793,"child_observer_wall_ms":0.000000000,"count_scope":"inclusive","owner_commits":0,"projection_invocations":1}
RISE_FIRE_OWNER_PROFILE_V1 {"scope":81,"parent":80,"phase":"Project","stage":2,"raw_iteration":1,"iteration_kind":"picard","wall_ms":12.907583000,"device_sum_ms":8.977541933,"wall_minus_device_ms":3.930041067,"exclusive_wall_ms":1.165124000,"exclusive_device_sum_ms":0.045125140,"child_observer_wall_ms":0.008917000,"count_scope":"inclusive","owner_commits":2,"projection_invocations":1}
RISE_FIRE_OWNER_PROFILE_V1 {"scope":83,"parent":80,"phase":"ReadOpenClass","stage":2,"raw_iteration":1,"iteration_kind":"picard","wall_ms":0.283667000,"device_sum_ms":0.002541579,"wall_minus_device_ms":0.281125421,"exclusive_wall_ms":0.283667000,"exclusive_device_sum_ms":0.002541579,"child_observer_wall_ms":0.000000000,"count_scope":"inclusive","owner_commits":1,"projection_invocations":0}
RISE_FIRE_OWNER_PROFILE_V1 {"scope":84,"parent":80,"phase":"ReadOpenClass","stage":2,"raw_iteration":1,"iteration_kind":"picard","wall_ms":0.146208000,"device_sum_ms":0.002416782,"wall_minus_device_ms":0.143791218,"exclusive_wall_ms":0.146208000,"exclusive_device_sum_ms":0.002416782,"child_observer_wall_ms":0.000000000,"count_scope":"inclusive","owner_commits":1,"projection_invocations":0}
PRODUCER_COMMAND_V1 stage=2 raw_iteration=1 cpu_begin=1990822114321041 cpu_end=1990822387757333 gpu_begin=1990822114321041 gpu_end=1990822387757333 device_ms=191.65549986064434 encoders=36 interval_scope=possibly_overlapping
PRODUCER_KERNEL_V1 stage=2 raw_iteration=1 ordinal=0 kernel=owner_pack_faces threads=1533387 begin_tick=1990822195992541 end_tick=1990822196050875 ms_per_tick=9.9999999999999995e-07 device_ms=0.058333999999999997
PRODUCER_KERNEL_V1 stage=2 raw_iteration=1 ordinal=1 kernel=owner_pack_faces threads=1533387 begin_tick=1990822196050625 end_tick=1990822196363000 ms_per_tick=9.9999999999999995e-07 device_ms=0.31237499999999996
PRODUCER_KERNEL_V1 stage=2 raw_iteration=1 ordinal=2 kernel=owner_pack_faces threads=1533387 begin_tick=1990822195990583 end_tick=1990822196050625 ms_per_tick=9.9999999999999995e-07 device_ms=0.060041999999999998
PRODUCER_KERNEL_V1 stage=2 raw_iteration=1 ordinal=3 kernel=fct_extract_gas_density threads=504666 begin_tick=1990822196051333 end_tick=1990822196099333 ms_per_tick=9.9999999999999995e-07 device_ms=0.048000000000000001
PRODUCER_KERNEL_V1 stage=2 raw_iteration=1 ordinal=4 kernel=owner_gas_source threads=504666 begin_tick=1990822196363333 end_tick=1990822196546250 ms_per_tick=9.9999999999999995e-07 device_ms=0.182917
PRODUCER_KERNEL_V1 stage=2 raw_iteration=1 ordinal=5 kernel=evaluate_resident_transport threads=504666 begin_tick=1990822196099333 end_tick=1990822196557125 ms_per_tick=9.9999999999999995e-07 device_ms=0.45779199999999998
PRODUCER_KERNEL_V1 stage=2 raw_iteration=1 ordinal=6 kernel=identify_resident_transport threads=1 begin_tick=1990822196557583 end_tick=1990822196560708 ms_per_tick=9.9999999999999995e-07 device_ms=0.0031249999999999997
PRODUCER_KERNEL_V1 stage=2 raw_iteration=1 ordinal=7 kernel=owner_bind_transport threads=1 begin_tick=1990822196561250 end_tick=1990822196564916 ms_per_tick=9.9999999999999995e-07 device_ms=0.003666
PRODUCER_KERNEL_V1 stage=2 raw_iteration=1 ordinal=8 kernel=identify_resident_owner_endpoint_class threads=1 begin_tick=1990822196565333 end_tick=1990822196568833 ms_per_tick=9.9999999999999995e-07 device_ms=0.0034999999999999996
PRODUCER_KERNEL_V1 stage=2 raw_iteration=1 ordinal=9 kernel=evaluate_resident_physical_flux threads=1533387 begin_tick=1990822197501958 end_tick=1990822198620666 ms_per_tick=9.9999999999999995e-07 device_ms=1.118708
PRODUCER_KERNEL_V1 stage=2 raw_iteration=1 ordinal=10 kernel=evaluate_resident_advective_pair threads=13800483 begin_tick=1990822198896333 end_tick=1990822206218916 ms_per_tick=9.9999999999999995e-07 device_ms=7.3225829999999998
PRODUCER_KERNEL_V1 stage=2 raw_iteration=1 ordinal=11 kernel=finalize_resident_advective_high threads=13800483 begin_tick=1990822206219625 end_tick=1990822206638500 ms_per_tick=9.9999999999999995e-07 device_ms=0.418875
PRODUCER_KERNEL_V1 stage=2 raw_iteration=1 ordinal=12 kernel=compose_resident_flux_pair threads=13800483 begin_tick=1990822206638875 end_tick=1990822207527791 ms_per_tick=9.9999999999999995e-07 device_ms=0.88891599999999993
PRODUCER_KERNEL_V1 stage=2 raw_iteration=1 ordinal=13 kernel=validate_resident_physical_flux threads=13800483 begin_tick=1990822207528333 end_tick=1990822208355416 ms_per_tick=9.9999999999999995e-07 device_ms=0.82708300000000001
PRODUCER_KERNEL_V1 stage=2 raw_iteration=1 ordinal=14 kernel=identify_resident_physical_flux threads=32 begin_tick=1990822208355916 end_tick=1990822208362083 ms_per_tick=9.9999999999999995e-07 device_ms=0.0061669999999999997
PRODUCER_KERNEL_V1 stage=2 raw_iteration=1 ordinal=15 kernel=owner_bind_candidate threads=1 begin_tick=1990822208362625 end_tick=1990822208366291 ms_per_tick=9.9999999999999995e-07 device_ms=0.003666
PRODUCER_KERNEL_V1 stage=2 raw_iteration=1 ordinal=16 kernel=finalize_resident_eos_candidate threads=1 begin_tick=1990822208366666 end_tick=1990822208369125 ms_per_tick=9.9999999999999995e-07 device_ms=0.0024589999999999998
PRODUCER_KERNEL_V1 stage=2 raw_iteration=1 ordinal=17 kernel=build_eos_endpoint_table threads=14 begin_tick=1990822208369833 end_tick=1990822208662583 ms_per_tick=9.9999999999999995e-07 device_ms=0.29275000000000001
PRODUCER_KERNEL_V1 stage=2 raw_iteration=1 ordinal=18 kernel=evaluate_resident_eos_candidate threads=504666 begin_tick=1990822208662916 end_tick=1990822272878666 ms_per_tick=9.9999999999999995e-07 device_ms=64.21575
PRODUCER_KERNEL_V1 stage=2 raw_iteration=1 ordinal=19 kernel=finalize_resident_eos_candidate threads=1 begin_tick=1990822272895916 end_tick=1990822272898708 ms_per_tick=9.9999999999999995e-07 device_ms=0.0027919999999999998
PRODUCER_KERNEL_V1 stage=2 raw_iteration=1 ordinal=20 kernel=identify_resident_eos threads=1 begin_tick=1990822272899000 end_tick=1990822272901666 ms_per_tick=9.9999999999999995e-07 device_ms=0.002666
PRODUCER_KERNEL_V1 stage=2 raw_iteration=1 ordinal=21 kernel=produce_resident_frozen_source threads=504666 begin_tick=1990822272902208 end_tick=1990822272932875 ms_per_tick=9.9999999999999995e-07 device_ms=0.030667
PRODUCER_KERNEL_V1 stage=2 raw_iteration=1 ordinal=22 kernel=identify_resident_frozen_source threads=1 begin_tick=1990822272933291 end_tick=1990822272939208 ms_per_tick=9.9999999999999995e-07 device_ms=0.0059169999999999995
PRODUCER_KERNEL_V1 stage=2 raw_iteration=1 ordinal=23 kernel=evaluate_resident_target_terms threads=504666 begin_tick=1990822272939791 end_tick=1990822386939583 ms_per_tick=9.9999999999999995e-07 device_ms=113.999792
PRODUCER_KERNEL_V1 stage=2 raw_iteration=1 ordinal=24 kernel=finalize_resident_target threads=1 begin_tick=1990822386954875 end_tick=1990822386957875 ms_per_tick=9.9999999999999995e-07 device_ms=0.0030000000000000001
PRODUCER_KERNEL_V1 stage=2 raw_iteration=1 ordinal=25 kernel=identify_resident_target threads=1 begin_tick=1990822386958291 end_tick=1990822386961208 ms_per_tick=9.9999999999999995e-07 device_ms=0.0029169999999999999
PRODUCER_KERNEL_V1 stage=2 raw_iteration=1 ordinal=26 kernel=issue_resident_projection_consumer threads=1 begin_tick=1990822386961583 end_tick=1990822386966250 ms_per_tick=9.9999999999999995e-07 device_ms=0.0046670000000000001
PRODUCER_KERNEL_V1 stage=2 raw_iteration=1 ordinal=27 kernel=consume_resident_target threads=1 begin_tick=1990822386966541 end_tick=1990822386971125 ms_per_tick=9.9999999999999995e-07 device_ms=0.0045839999999999995
PRODUCER_KERNEL_V1 stage=2 raw_iteration=1 ordinal=28 kernel=owner_compose_target threads=504666 begin_tick=1990822386971541 end_tick=1990822387003041 ms_per_tick=9.9999999999999995e-07 device_ms=0.0315
PRODUCER_KERNEL_V1 stage=2 raw_iteration=1 ordinal=29 kernel=finalize_resident_target threads=1 begin_tick=1990822387003583 end_tick=1990822387005875 ms_per_tick=9.9999999999999995e-07 device_ms=0.0022919999999999998
PRODUCER_KERNEL_V1 stage=2 raw_iteration=1 ordinal=30 kernel=owner_identify_target threads=1 begin_tick=1990822387006291 end_tick=1990822387009375 ms_per_tick=9.9999999999999995e-07 device_ms=0.0030839999999999999
PRODUCER_KERNEL_V1 stage=2 raw_iteration=1 ordinal=31 kernel=issue_resident_projection_consumer threads=1 begin_tick=1990822387009958 end_tick=1990822387012750 ms_per_tick=9.9999999999999995e-07 device_ms=0.0027919999999999998
PRODUCER_KERNEL_V1 stage=2 raw_iteration=1 ordinal=32 kernel=consume_resident_target threads=1 begin_tick=1990822387013166 end_tick=1990822387016583 ms_per_tick=9.9999999999999995e-07 device_ms=0.0034169999999999999
PRODUCER_KERNEL_V1 stage=2 raw_iteration=1 ordinal=33 kernel=owner_issue_stage_seal threads=1 begin_tick=1990822387017041 end_tick=1990822387019916 ms_per_tick=9.9999999999999995e-07 device_ms=0.002875
PRODUCER_KERNEL_V1 stage=2 raw_iteration=1 ordinal=34 kernel=fct_compatible_stage_rate threads=1533387 begin_tick=1990822387020375 end_tick=1990822387547166 ms_per_tick=9.9999999999999995e-07 device_ms=0.52679100000000001
PRODUCER_KERNEL_V1 stage=2 raw_iteration=1 ordinal=35 kernel=owner_heun_momentum threads=1533387 begin_tick=1990822387547583 end_tick=1990822387640333 ms_per_tick=9.9999999999999995e-07 device_ms=0.092749999999999999
RISE_FIRE_OWNER_PROFILE_V1 {"scope":85,"parent":80,"phase":"BuildStageProducerGroup","stage":2,"raw_iteration":1,"iteration_kind":"picard","wall_ms":273.577042000,"device_sum_ms":191.655499861,"wall_minus_device_ms":81.921542139,"exclusive_wall_ms":273.577042000,"exclusive_device_sum_ms":191.655499861,"child_observer_wall_ms":0.000000000,"count_scope":"inclusive","owner_commits":1,"projection_invocations":0}
RISE_FIRE_OWNER_PROFILE_V1 {"scope":86,"parent":80,"phase":"Residual","stage":2,"raw_iteration":1,"iteration_kind":"picard","wall_ms":0.314833000,"device_sum_ms":0.112875132,"wall_minus_device_ms":0.201957868,"exclusive_wall_ms":0.314833000,"exclusive_device_sum_ms":0.112875132,"child_observer_wall_ms":0.000000000,"count_scope":"inclusive","owner_commits":1,"projection_invocations":0}
RISE_FIRE_OWNER_PROFILE_V1 {"scope":80,"parent":69,"phase":"PicardIteration","stage":2,"raw_iteration":1,"iteration_kind":"picard","wall_ms":287.608250000,"device_sum_ms":200.750875287,"wall_minus_device_ms":86.857374713,"exclusive_wall_ms":0.349958000,"exclusive_device_sum_ms":0.000000000,"child_observer_wall_ms":0.028959000,"count_scope":"inclusive","owner_commits":6,"projection_invocations":1}
RISE_FIRE_OWNER_PROFILE_V1 {"scope":89,"parent":88,"phase":"ProjectionAdapter","stage":2,"raw_iteration":2,"iteration_kind":"picard","wall_ms":11.667875000,"device_sum_ms":8.821625030,"wall_minus_device_ms":2.846249970,"exclusive_wall_ms":11.667875000,"exclusive_device_sum_ms":8.821625030,"child_observer_wall_ms":0.000000000,"count_scope":"inclusive","owner_commits":0,"projection_invocations":1}
RISE_FIRE_OWNER_PROFILE_V1 {"scope":88,"parent":87,"phase":"Project","stage":2,"raw_iteration":2,"iteration_kind":"picard","wall_ms":12.871584000,"device_sum_ms":8.863208583,"wall_minus_device_ms":4.008375417,"exclusive_wall_ms":1.189584000,"exclusive_device_sum_ms":0.041583553,"child_observer_wall_ms":0.014125000,"count_scope":"inclusive","owner_commits":2,"projection_invocations":1}
RISE_FIRE_OWNER_PROFILE_V1 {"scope":90,"parent":87,"phase":"ReadOpenClass","stage":2,"raw_iteration":2,"iteration_kind":"picard","wall_ms":0.150792000,"device_sum_ms":0.002416782,"wall_minus_device_ms":0.148375218,"exclusive_wall_ms":0.150792000,"exclusive_device_sum_ms":0.002416782,"child_observer_wall_ms":0.000000000,"count_scope":"inclusive","owner_commits":1,"projection_invocations":0}
RISE_FIRE_OWNER_PROFILE_V1 {"scope":91,"parent":87,"phase":"ReadOpenClass","stage":2,"raw_iteration":2,"iteration_kind":"picard","wall_ms":0.135875000,"device_sum_ms":0.002291752,"wall_minus_device_ms":0.133583248,"exclusive_wall_ms":0.135875000,"exclusive_device_sum_ms":0.002291752,"child_observer_wall_ms":0.000000000,"count_scope":"inclusive","owner_commits":1,"projection_invocations":0}
PRODUCER_COMMAND_V1 stage=2 raw_iteration=2 cpu_begin=1990822401746083 cpu_end=1990822673938291 gpu_begin=1990822401746083 gpu_end=1990822673938291 device_ms=191.19024998508394 encoders=36 interval_scope=possibly_overlapping
PRODUCER_KERNEL_V1 stage=2 raw_iteration=2 ordinal=0 kernel=owner_pack_faces threads=1533387 begin_tick=1990822482683375 end_tick=1990822482745958 ms_per_tick=9.9999999999999995e-07 device_ms=0.062583
PRODUCER_KERNEL_V1 stage=2 raw_iteration=2 ordinal=1 kernel=owner_pack_faces threads=1533387 begin_tick=1990822482745750 end_tick=1990822483184291 ms_per_tick=9.9999999999999995e-07 device_ms=0.43854099999999996
PRODUCER_KERNEL_V1 stage=2 raw_iteration=2 ordinal=2 kernel=owner_pack_faces threads=1533387 begin_tick=1990822482681416 end_tick=1990822482745750 ms_per_tick=9.9999999999999995e-07 device_ms=0.064334000000000002
PRODUCER_KERNEL_V1 stage=2 raw_iteration=2 ordinal=3 kernel=fct_extract_gas_density threads=504666 begin_tick=1990822483184291 end_tick=1990822483206875 ms_per_tick=9.9999999999999995e-07 device_ms=0.022584
PRODUCER_KERNEL_V1 stage=2 raw_iteration=2 ordinal=4 kernel=owner_gas_source threads=504666 begin_tick=1990822483206875 end_tick=1990822483254166 ms_per_tick=9.9999999999999995e-07 device_ms=0.047291
PRODUCER_KERNEL_V1 stage=2 raw_iteration=2 ordinal=5 kernel=evaluate_resident_transport threads=504666 begin_tick=1990822482746333 end_tick=1990822483291166 ms_per_tick=9.9999999999999995e-07 device_ms=0.54483300000000001
PRODUCER_KERNEL_V1 stage=2 raw_iteration=2 ordinal=6 kernel=identify_resident_transport threads=1 begin_tick=1990822483291625 end_tick=1990822483294916 ms_per_tick=9.9999999999999995e-07 device_ms=0.0032909999999999997
PRODUCER_KERNEL_V1 stage=2 raw_iteration=2 ordinal=7 kernel=owner_bind_transport threads=1 begin_tick=1990822483295458 end_tick=1990822483298791 ms_per_tick=9.9999999999999995e-07 device_ms=0.003333
PRODUCER_KERNEL_V1 stage=2 raw_iteration=2 ordinal=8 kernel=identify_resident_owner_endpoint_class threads=1 begin_tick=1990822483299208 end_tick=1990822483302708 ms_per_tick=9.9999999999999995e-07 device_ms=0.0034999999999999996
PRODUCER_KERNEL_V1 stage=2 raw_iteration=2 ordinal=9 kernel=evaluate_resident_physical_flux threads=1533387 begin_tick=1990822484069875 end_tick=1990822485182000 ms_per_tick=9.9999999999999995e-07 device_ms=1.112125
PRODUCER_KERNEL_V1 stage=2 raw_iteration=2 ordinal=10 kernel=evaluate_resident_advective_pair threads=13800483 begin_tick=1990822485469375 end_tick=1990822492895791 ms_per_tick=9.9999999999999995e-07 device_ms=7.4264159999999997
PRODUCER_KERNEL_V1 stage=2 raw_iteration=2 ordinal=11 kernel=finalize_resident_advective_high threads=13800483 begin_tick=1990822492914166 end_tick=1990822493331333 ms_per_tick=9.9999999999999995e-07 device_ms=0.41716699999999995
PRODUCER_KERNEL_V1 stage=2 raw_iteration=2 ordinal=12 kernel=compose_resident_flux_pair threads=13800483 begin_tick=1990822493331833 end_tick=1990822494219250 ms_per_tick=9.9999999999999995e-07 device_ms=0.88741700000000001
PRODUCER_KERNEL_V1 stage=2 raw_iteration=2 ordinal=13 kernel=validate_resident_physical_flux threads=13800483 begin_tick=1990822494219791 end_tick=1990822495059750 ms_per_tick=9.9999999999999995e-07 device_ms=0.83995900000000001
PRODUCER_KERNEL_V1 stage=2 raw_iteration=2 ordinal=14 kernel=identify_resident_physical_flux threads=32 begin_tick=1990822495060208 end_tick=1990822495066333 ms_per_tick=9.9999999999999995e-07 device_ms=0.0061249999999999994
PRODUCER_KERNEL_V1 stage=2 raw_iteration=2 ordinal=15 kernel=owner_bind_candidate threads=1 begin_tick=1990822495066833 end_tick=1990822495070416 ms_per_tick=9.9999999999999995e-07 device_ms=0.0035829999999999998
PRODUCER_KERNEL_V1 stage=2 raw_iteration=2 ordinal=16 kernel=finalize_resident_eos_candidate threads=1 begin_tick=1990822495070833 end_tick=1990822495073083 ms_per_tick=9.9999999999999995e-07 device_ms=0.0022499999999999998
PRODUCER_KERNEL_V1 stage=2 raw_iteration=2 ordinal=17 kernel=build_eos_endpoint_table threads=14 begin_tick=1990822495073750 end_tick=1990822495365250 ms_per_tick=9.9999999999999995e-07 device_ms=0.29149999999999998
PRODUCER_KERNEL_V1 stage=2 raw_iteration=2 ordinal=18 kernel=evaluate_resident_eos_candidate threads=504666 begin_tick=1990822495365666 end_tick=1990822559122875 ms_per_tick=9.9999999999999995e-07 device_ms=63.757208999999996
PRODUCER_KERNEL_V1 stage=2 raw_iteration=2 ordinal=19 kernel=finalize_resident_eos_candidate threads=1 begin_tick=1990822559139541 end_tick=1990822559142583 ms_per_tick=9.9999999999999995e-07 device_ms=0.003042
PRODUCER_KERNEL_V1 stage=2 raw_iteration=2 ordinal=20 kernel=identify_resident_eos threads=1 begin_tick=1990822559142875 end_tick=1990822559145500 ms_per_tick=9.9999999999999995e-07 device_ms=0.0026249999999999997
PRODUCER_KERNEL_V1 stage=2 raw_iteration=2 ordinal=21 kernel=produce_resident_frozen_source threads=504666 begin_tick=1990822559146125 end_tick=1990822559179083 ms_per_tick=9.9999999999999995e-07 device_ms=0.032958000000000001
PRODUCER_KERNEL_V1 stage=2 raw_iteration=2 ordinal=22 kernel=identify_resident_frozen_source threads=1 begin_tick=1990822559179458 end_tick=1990822559185541 ms_per_tick=9.9999999999999995e-07 device_ms=0.0060829999999999999
PRODUCER_KERNEL_V1 stage=2 raw_iteration=2 ordinal=23 kernel=evaluate_resident_target_terms threads=504666 begin_tick=1990822559186083 end_tick=1990822673165333 ms_per_tick=9.9999999999999995e-07 device_ms=113.97924999999999
PRODUCER_KERNEL_V1 stage=2 raw_iteration=2 ordinal=24 kernel=finalize_resident_target threads=1 begin_tick=1990822673181166 end_tick=1990822673184250 ms_per_tick=9.9999999999999995e-07 device_ms=0.0030839999999999999
PRODUCER_KERNEL_V1 stage=2 raw_iteration=2 ordinal=25 kernel=identify_resident_target threads=1 begin_tick=1990822673184708 end_tick=1990822673187791 ms_per_tick=9.9999999999999995e-07 device_ms=0.0030829999999999998
PRODUCER_KERNEL_V1 stage=2 raw_iteration=2 ordinal=26 kernel=issue_resident_projection_consumer threads=1 begin_tick=1990822673188208 end_tick=1990822673192625 ms_per_tick=9.9999999999999995e-07 device_ms=0.0044169999999999999
PRODUCER_KERNEL_V1 stage=2 raw_iteration=2 ordinal=27 kernel=consume_resident_target threads=1 begin_tick=1990822673193166 end_tick=1990822673200208 ms_per_tick=9.9999999999999995e-07 device_ms=0.0070419999999999996
PRODUCER_KERNEL_V1 stage=2 raw_iteration=2 ordinal=28 kernel=owner_compose_target threads=504666 begin_tick=1990822673200625 end_tick=1990822673231708 ms_per_tick=9.9999999999999995e-07 device_ms=0.031083
PRODUCER_KERNEL_V1 stage=2 raw_iteration=2 ordinal=29 kernel=finalize_resident_target threads=1 begin_tick=1990822673232250 end_tick=1990822673234750 ms_per_tick=9.9999999999999995e-07 device_ms=0.0025000000000000001
PRODUCER_KERNEL_V1 stage=2 raw_iteration=2 ordinal=30 kernel=owner_identify_target threads=1 begin_tick=1990822673235166 end_tick=1990822673238166 ms_per_tick=9.9999999999999995e-07 device_ms=0.0030000000000000001
PRODUCER_KERNEL_V1 stage=2 raw_iteration=2 ordinal=31 kernel=issue_resident_projection_consumer threads=1 begin_tick=1990822673238708 end_tick=1990822673241625 ms_per_tick=9.9999999999999995e-07 device_ms=0.0029169999999999999
PRODUCER_KERNEL_V1 stage=2 raw_iteration=2 ordinal=32 kernel=consume_resident_target threads=1 begin_tick=1990822673242000 end_tick=1990822673245333 ms_per_tick=9.9999999999999995e-07 device_ms=0.003333
PRODUCER_KERNEL_V1 stage=2 raw_iteration=2 ordinal=33 kernel=owner_issue_stage_seal threads=1 begin_tick=1990822673245875 end_tick=1990822673248833 ms_per_tick=9.9999999999999995e-07 device_ms=0.0029579999999999997
PRODUCER_KERNEL_V1 stage=2 raw_iteration=2 ordinal=34 kernel=fct_compatible_stage_rate threads=1533387 begin_tick=1990822673249208 end_tick=1990822673775750 ms_per_tick=9.9999999999999995e-07 device_ms=0.52654199999999995
PRODUCER_KERNEL_V1 stage=2 raw_iteration=2 ordinal=35 kernel=owner_heun_momentum threads=1533387 begin_tick=1990822673776208 end_tick=1990822673865791 ms_per_tick=9.9999999999999995e-07 device_ms=0.089582999999999996
RISE_FIRE_OWNER_PROFILE_V1 {"scope":92,"parent":87,"phase":"BuildStageProducerGroup","stage":2,"raw_iteration":2,"iteration_kind":"picard","wall_ms":274.081417000,"device_sum_ms":191.190249985,"wall_minus_device_ms":82.891167015,"exclusive_wall_ms":274.081417000,"exclusive_device_sum_ms":191.190249985,"child_observer_wall_ms":0.000000000,"count_scope":"inclusive","owner_commits":1,"projection_invocations":0}
RISE_FIRE_OWNER_PROFILE_V1 {"scope":93,"parent":87,"phase":"Residual","stage":2,"raw_iteration":2,"iteration_kind":"picard","wall_ms":0.316084000,"device_sum_ms":0.113999937,"wall_minus_device_ms":0.202084063,"exclusive_wall_ms":0.316084000,"exclusive_device_sum_ms":0.113999937,"child_observer_wall_ms":0.000000000,"count_scope":"inclusive","owner_commits":1,"projection_invocations":0}
RISE_FIRE_OWNER_PROFILE_V1 {"scope":96,"parent":95,"phase":"ProjectionAdapter","stage":2,"raw_iteration":2147483650,"iteration_kind":"terminal","wall_ms":11.935833000,"device_sum_ms":9.177416563,"wall_minus_device_ms":2.758416437,"exclusive_wall_ms":11.935833000,"exclusive_device_sum_ms":9.177416563,"child_observer_wall_ms":0.000000000,"count_scope":"inclusive","owner_commits":0,"projection_invocations":1}
RISE_FIRE_OWNER_PROFILE_V1 {"scope":95,"parent":94,"phase":"Project","stage":2,"raw_iteration":2147483650,"iteration_kind":"terminal","wall_ms":16.343042000,"device_sum_ms":9.216791485,"wall_minus_device_ms":7.126250515,"exclusive_wall_ms":4.400334000,"exclusive_device_sum_ms":0.039374921,"child_observer_wall_ms":0.006875000,"count_scope":"inclusive","owner_commits":2,"projection_invocations":1}
RISE_FIRE_OWNER_PROFILE_V1 {"scope":97,"parent":94,"phase":"ReadOpenClass","stage":2,"raw_iteration":2147483650,"iteration_kind":"terminal","wall_ms":0.148083000,"device_sum_ms":0.002624933,"wall_minus_device_ms":0.145458067,"exclusive_wall_ms":0.148083000,"exclusive_device_sum_ms":0.002624933,"child_observer_wall_ms":0.000000000,"count_scope":"inclusive","owner_commits":1,"projection_invocations":0}
RISE_FIRE_OWNER_PROFILE_V1 {"scope":98,"parent":94,"phase":"ReadOpenClass","stage":2,"raw_iteration":2147483650,"iteration_kind":"terminal","wall_ms":0.138500000,"device_sum_ms":0.002624933,"wall_minus_device_ms":0.135875067,"exclusive_wall_ms":0.138500000,"exclusive_device_sum_ms":0.002624933,"child_observer_wall_ms":0.000000000,"count_scope":"inclusive","owner_commits":1,"projection_invocations":0}
PRODUCER_COMMAND_V1 stage=2 raw_iteration=2147483650 cpu_begin=1990822692811958 cpu_end=1990822966528916 gpu_begin=1990822692811958 gpu_end=1990822966528916 device_ms=192.27408315055072 encoders=36 interval_scope=possibly_overlapping
PRODUCER_KERNEL_V1 stage=2 raw_iteration=2147483650 ordinal=0 kernel=owner_pack_faces threads=1533387 begin_tick=1990822774266750 end_tick=1990822774317916 ms_per_tick=9.9999999999999995e-07 device_ms=0.051165999999999996
PRODUCER_KERNEL_V1 stage=2 raw_iteration=2147483650 ordinal=1 kernel=owner_pack_faces threads=1533387 begin_tick=1990822774337666 end_tick=1990822774388583 ms_per_tick=9.9999999999999995e-07 device_ms=0.050916999999999997
PRODUCER_KERNEL_V1 stage=2 raw_iteration=2147483650 ordinal=2 kernel=owner_pack_faces threads=1533387 begin_tick=1990822774465916 end_tick=1990822774550083 ms_per_tick=9.9999999999999995e-07 device_ms=0.084166999999999992
PRODUCER_KERNEL_V1 stage=2 raw_iteration=2147483650 ordinal=3 kernel=fct_extract_gas_density threads=504666 begin_tick=1990822774489291 end_tick=1990822774535958 ms_per_tick=9.9999999999999995e-07 device_ms=0.046667
PRODUCER_KERNEL_V1 stage=2 raw_iteration=2147483650 ordinal=4 kernel=owner_gas_source threads=504666 begin_tick=1990822774538000 end_tick=1990822774584750 ms_per_tick=9.9999999999999995e-07 device_ms=0.04675
PRODUCER_KERNEL_V1 stage=2 raw_iteration=2147483650 ordinal=5 kernel=evaluate_resident_transport threads=504666 begin_tick=1990822774654291 end_tick=1990822775105125 ms_per_tick=9.9999999999999995e-07 device_ms=0.45083399999999996
PRODUCER_KERNEL_V1 stage=2 raw_iteration=2147483650 ordinal=6 kernel=identify_resident_transport threads=1 begin_tick=1990822775105500 end_tick=1990822775108833 ms_per_tick=9.9999999999999995e-07 device_ms=0.003333
PRODUCER_KERNEL_V1 stage=2 raw_iteration=2147483650 ordinal=7 kernel=owner_bind_transport threads=1 begin_tick=1990822775109375 end_tick=1990822775113250 ms_per_tick=9.9999999999999995e-07 device_ms=0.003875
PRODUCER_KERNEL_V1 stage=2 raw_iteration=2147483650 ordinal=8 kernel=identify_resident_owner_endpoint_class threads=1 begin_tick=1990822775113958 end_tick=1990822775117500 ms_per_tick=9.9999999999999995e-07 device_ms=0.003542
PRODUCER_KERNEL_V1 stage=2 raw_iteration=2147483650 ordinal=9 kernel=evaluate_resident_physical_flux threads=1533387 begin_tick=1990822776085000 end_tick=1990822777196458 ms_per_tick=9.9999999999999995e-07 device_ms=1.1114580000000001
PRODUCER_KERNEL_V1 stage=2 raw_iteration=2147483650 ordinal=10 kernel=evaluate_resident_advective_pair threads=13800483 begin_tick=1990822777483375 end_tick=1990822784831833 ms_per_tick=9.9999999999999995e-07 device_ms=7.3484579999999999
PRODUCER_KERNEL_V1 stage=2 raw_iteration=2147483650 ordinal=11 kernel=finalize_resident_advective_high threads=13800483 begin_tick=1990822784832583 end_tick=1990822785252083 ms_per_tick=9.9999999999999995e-07 device_ms=0.41949999999999998
PRODUCER_KERNEL_V1 stage=2 raw_iteration=2147483650 ordinal=12 kernel=compose_resident_flux_pair threads=13800483 begin_tick=1990822785252458 end_tick=1990822786188458 ms_per_tick=9.9999999999999995e-07 device_ms=0.93599999999999994
PRODUCER_KERNEL_V1 stage=2 raw_iteration=2147483650 ordinal=13 kernel=validate_resident_physical_flux threads=13800483 begin_tick=1990822786189125 end_tick=1990822787035708 ms_per_tick=9.9999999999999995e-07 device_ms=0.84658299999999997
PRODUCER_KERNEL_V1 stage=2 raw_iteration=2147483650 ordinal=14 kernel=identify_resident_physical_flux threads=32 begin_tick=1990822787036166 end_tick=1990822787041916 ms_per_tick=9.9999999999999995e-07 device_ms=0.0057499999999999999
PRODUCER_KERNEL_V1 stage=2 raw_iteration=2147483650 ordinal=15 kernel=owner_bind_candidate threads=1 begin_tick=1990822787042416 end_tick=1990822787045833 ms_per_tick=9.9999999999999995e-07 device_ms=0.0034169999999999999
PRODUCER_KERNEL_V1 stage=2 raw_iteration=2147483650 ordinal=16 kernel=finalize_resident_eos_candidate threads=1 begin_tick=1990822787046250 end_tick=1990822787048583 ms_per_tick=9.9999999999999995e-07 device_ms=0.002333
PRODUCER_KERNEL_V1 stage=2 raw_iteration=2147483650 ordinal=17 kernel=build_eos_endpoint_table threads=14 begin_tick=1990822787049208 end_tick=1990822787340250 ms_per_tick=9.9999999999999995e-07 device_ms=0.29104199999999997
PRODUCER_KERNEL_V1 stage=2 raw_iteration=2147483650 ordinal=18 kernel=evaluate_resident_eos_candidate threads=504666 begin_tick=1990822787340666 end_tick=1990822850807916 ms_per_tick=9.9999999999999995e-07 device_ms=63.46725
PRODUCER_KERNEL_V1 stage=2 raw_iteration=2147483650 ordinal=19 kernel=finalize_resident_eos_candidate threads=1 begin_tick=1990822850822750 end_tick=1990822850825250 ms_per_tick=9.9999999999999995e-07 device_ms=0.0025000000000000001
PRODUCER_KERNEL_V1 stage=2 raw_iteration=2147483650 ordinal=20 kernel=identify_resident_eos threads=1 begin_tick=1990822850825583 end_tick=1990822850828583 ms_per_tick=9.9999999999999995e-07 device_ms=0.0030000000000000001
PRODUCER_KERNEL_V1 stage=2 raw_iteration=2147483650 ordinal=21 kernel=produce_resident_frozen_source threads=504666 begin_tick=1990822850829125 end_tick=1990822850859583 ms_per_tick=9.9999999999999995e-07 device_ms=0.030457999999999999
PRODUCER_KERNEL_V1 stage=2 raw_iteration=2147483650 ordinal=22 kernel=identify_resident_frozen_source threads=1 begin_tick=1990822850860000 end_tick=1990822850862916 ms_per_tick=9.9999999999999995e-07 device_ms=0.0029159999999999998
PRODUCER_KERNEL_V1 stage=2 raw_iteration=2147483650 ordinal=23 kernel=evaluate_resident_target_terms threads=504666 begin_tick=1990822850863500 end_tick=1990822965694500 ms_per_tick=9.9999999999999995e-07 device_ms=114.83099999999999
PRODUCER_KERNEL_V1 stage=2 raw_iteration=2147483650 ordinal=24 kernel=finalize_resident_target threads=1 begin_tick=1990822965709833 end_tick=1990822965712958 ms_per_tick=9.9999999999999995e-07 device_ms=0.0031249999999999997
PRODUCER_KERNEL_V1 stage=2 raw_iteration=2147483650 ordinal=25 kernel=identify_resident_target threads=1 begin_tick=1990822965713416 end_tick=1990822965716458 ms_per_tick=9.9999999999999995e-07 device_ms=0.003042
PRODUCER_KERNEL_V1 stage=2 raw_iteration=2147483650 ordinal=26 kernel=issue_resident_projection_consumer threads=1 begin_tick=1990822965716875 end_tick=1990822965721291 ms_per_tick=9.9999999999999995e-07 device_ms=0.0044159999999999998
PRODUCER_KERNEL_V1 stage=2 raw_iteration=2147483650 ordinal=27 kernel=consume_resident_target threads=1 begin_tick=1990822965721625 end_tick=1990822965725750 ms_per_tick=9.9999999999999995e-07 device_ms=0.0041250000000000002
PRODUCER_KERNEL_V1 stage=2 raw_iteration=2147483650 ordinal=28 kernel=owner_compose_target threads=504666 begin_tick=1990822965726166 end_tick=1990822965758583 ms_per_tick=9.9999999999999995e-07 device_ms=0.032417000000000001
PRODUCER_KERNEL_V1 stage=2 raw_iteration=2147483650 ordinal=29 kernel=finalize_resident_target threads=1 begin_tick=1990822965759166 end_tick=1990822965761541 ms_per_tick=9.9999999999999995e-07 device_ms=0.0023749999999999999
PRODUCER_KERNEL_V1 stage=2 raw_iteration=2147483650 ordinal=30 kernel=owner_identify_target threads=1 begin_tick=1990822965761958 end_tick=1990822965765083 ms_per_tick=9.9999999999999995e-07 device_ms=0.0031249999999999997
PRODUCER_KERNEL_V1 stage=2 raw_iteration=2147483650 ordinal=31 kernel=issue_resident_projection_consumer threads=1 begin_tick=1990822965765666 end_tick=1990822965768541 ms_per_tick=9.9999999999999995e-07 device_ms=0.002875
PRODUCER_KERNEL_V1 stage=2 raw_iteration=2147483650 ordinal=32 kernel=consume_resident_target threads=1 begin_tick=1990822965768958 end_tick=1990822965772333 ms_per_tick=9.9999999999999995e-07 device_ms=0.003375
PRODUCER_KERNEL_V1 stage=2 raw_iteration=2147483650 ordinal=33 kernel=owner_issue_stage_seal threads=1 begin_tick=1990822965772833 end_tick=1990822965775708 ms_per_tick=9.9999999999999995e-07 device_ms=0.002875
PRODUCER_KERNEL_V1 stage=2 raw_iteration=2147483650 ordinal=34 kernel=fct_compatible_stage_rate threads=1533387 begin_tick=1990822965776083 end_tick=1990822966320125 ms_per_tick=9.9999999999999995e-07 device_ms=0.54404200000000003
PRODUCER_KERNEL_V1 stage=2 raw_iteration=2147483650 ordinal=35 kernel=owner_heun_momentum threads=1533387 begin_tick=1990822966320541 end_tick=1990822966413041 ms_per_tick=9.9999999999999995e-07 device_ms=0.092499999999999999
RISE_FIRE_OWNER_PROFILE_V1 {"scope":99,"parent":94,"phase":"BuildStageProducerGroup","stage":2,"raw_iteration":2147483650,"iteration_kind":"terminal","wall_ms":273.883125000,"device_sum_ms":192.274083151,"wall_minus_device_ms":81.609041849,"exclusive_wall_ms":273.883125000,"exclusive_device_sum_ms":192.274083151,"child_observer_wall_ms":0.000000000,"count_scope":"inclusive","owner_commits":1,"projection_invocations":0}
RISE_FIRE_OWNER_PROFILE_V1 {"scope":100,"parent":94,"phase":"Residual","stage":2,"raw_iteration":2147483650,"iteration_kind":"terminal","wall_ms":0.302959000,"device_sum_ms":0.113458373,"wall_minus_device_ms":0.189500627,"exclusive_wall_ms":0.302959000,"exclusive_device_sum_ms":0.113458373,"child_observer_wall_ms":0.000000000,"count_scope":"inclusive","owner_commits":1,"projection_invocations":0}
RISE_FIRE_OWNER_PROFILE_V1 {"scope":94,"parent":87,"phase":"TerminalVerification","stage":2,"raw_iteration":2147483650,"iteration_kind":"terminal","wall_ms":290.849208000,"device_sum_ms":201.609582873,"wall_minus_device_ms":89.239625127,"exclusive_wall_ms":0.004083000,"exclusive_device_sum_ms":0.000000000,"child_observer_wall_ms":0.029416000,"count_scope":"inclusive","owner_commits":6,"projection_invocations":1}
RISE_FIRE_OWNER_PROFILE_V1 {"scope":87,"parent":69,"phase":"PicardIteration","stage":2,"raw_iteration":2,"iteration_kind":"picard","wall_ms":578.895584000,"device_sum_ms":401.781749912,"wall_minus_device_ms":177.113834088,"exclusive_wall_ms":0.448626000,"exclusive_device_sum_ms":0.000000000,"child_observer_wall_ms":0.041998000,"count_scope":"inclusive","owner_commits":12,"projection_invocations":2}
RISE_FIRE_OWNER_PROFILE_V1 {"scope":69,"parent":1,"phase":"SolveStage","stage":2,"raw_iteration":4294967295,"iteration_kind":"bootstrap","wall_ms":1447.339917000,"device_sum_ms":1008.575833635,"wall_minus_device_ms":438.764083365,"exclusive_wall_ms":1.507541000,"exclusive_device_sum_ms":0.000000000,"child_observer_wall_ms":0.023750000,"count_scope":"inclusive","owner_commits":27,"projection_invocations":5}
RISE_FIRE_OWNER_PROFILE_V1 {"scope":101,"parent":1,"phase":"TerminalPublication","stage":4294967295,"raw_iteration":4294967295,"iteration_kind":"owner","wall_ms":14.243333000,"device_sum_ms":6.104500033,"wall_minus_device_ms":8.138832967,"exclusive_wall_ms":14.243333000,"exclusive_device_sum_ms":6.104500033,"child_observer_wall_ms":0.000000000,"count_scope":"inclusive","owner_commits":1,"projection_invocations":0}
RISE_FIRE_OWNER_PROFILE_V1 {"scope":1,"parent":0,"phase":"OwnerRun","stage":4294967295,"raw_iteration":4294967295,"iteration_kind":"owner","wall_ms":4512.880917000,"device_sum_ms":3108.127000043,"wall_minus_device_ms":1404.753916957,"exclusive_wall_ms":6.338792000,"exclusive_device_sum_ms":0.021375017,"child_observer_wall_ms":0.075250000,"count_scope":"inclusive","owner_commits":86,"projection_invocations":15}
capstone accepted step=2 time=0.00329253194 dt=0.00164626597 Tmax=305.218193 qmax=0 eos_max=4.70601489e-05 approach_eos_max=4.70601489e-05 limiter_class=continuous limiter_discrepancy=0 active_set_class=continuous active_set_discrepancy=0 active_set_cycle=0 active_set_faces=0
capstone step-start=2 speed=0.154281661 gprime=0.178086095 nu=0.000104673754 selected=0.00181089257 previous=0.00164626597
capstone event-step=0.00164626597 pilot_ceiling=0.0115509308 ramp_end=0.209320803
RISE_FIRE_OWNER_PROFILE_V1 {"scope":2,"parent":1,"phase":"Prepare","stage":4294967295,"raw_iteration":4294967295,"iteration_kind":"owner","wall_ms":96.607250000,"device_sum_ms":3.485791618,"wall_minus_device_ms":93.121458382,"exclusive_wall_ms":96.607250000,"exclusive_device_sum_ms":3.485791618,"child_observer_wall_ms":0.000000000,"count_scope":"inclusive","owner_commits":1,"projection_invocations":0}
RISE_FIRE_OWNER_PROFILE_V1 {"scope":5,"parent":4,"phase":"ProjectionAdapter","stage":0,"raw_iteration":4294967295,"iteration_kind":"bootstrap","wall_ms":19.924291000,"device_sum_ms":16.104374779,"wall_minus_device_ms":3.819916221,"exclusive_wall_ms":19.924291000,"exclusive_device_sum_ms":16.104374779,"child_observer_wall_ms":0.000000000,"count_scope":"inclusive","owner_commits":0,"projection_invocations":1}
RISE_FIRE_OWNER_PROFILE_V1 {"scope":4,"parent":3,"phase":"Project","stage":0,"raw_iteration":4294967295,"iteration_kind":"bootstrap","wall_ms":21.064625000,"device_sum_ms":16.151666408,"wall_minus_device_ms":4.912958592,"exclusive_wall_ms":1.123959000,"exclusive_device_sum_ms":0.047291629,"child_observer_wall_ms":0.016375000,"count_scope":"inclusive","owner_commits":2,"projection_invocations":1}
PRODUCER_COMMAND_V1 stage=0 raw_iteration=4294967295 cpu_begin=1990824211237583 cpu_end=1990824492364708 gpu_begin=1990824211237583 gpu_end=1990824492364708 device_ms=198.11541680246592 encoders=39 interval_scope=possibly_overlapping
PRODUCER_KERNEL_V1 stage=0 raw_iteration=4294967295 ordinal=0 kernel=owner_pack_faces threads=1533387 begin_tick=1990824294135041 end_tick=1990824294193083 ms_per_tick=9.9999999999999995e-07 device_ms=0.058041999999999996
PRODUCER_KERNEL_V1 stage=0 raw_iteration=4294967295 ordinal=1 kernel=owner_pack_faces threads=1533387 begin_tick=1990824294193083 end_tick=1990824294520541 ms_per_tick=9.9999999999999995e-07 device_ms=0.32745799999999997
PRODUCER_KERNEL_V1 stage=0 raw_iteration=4294967295 ordinal=2 kernel=owner_pack_faces threads=1533387 begin_tick=1990824294131541 end_tick=1990824294193333 ms_per_tick=9.9999999999999995e-07 device_ms=0.061792
PRODUCER_KERNEL_V1 stage=0 raw_iteration=4294967295 ordinal=3 kernel=fct_extract_gas_density threads=504666 begin_tick=1990824294193583 end_tick=1990824294245041 ms_per_tick=9.9999999999999995e-07 device_ms=0.051457999999999997
PRODUCER_KERNEL_V1 stage=0 raw_iteration=4294967295 ordinal=4 kernel=owner_gas_source threads=504666 begin_tick=1990824294520875 end_tick=1990824294694250 ms_per_tick=9.9999999999999995e-07 device_ms=0.173375
PRODUCER_KERNEL_V1 stage=0 raw_iteration=4294967295 ordinal=5 kernel=evaluate_resident_transport threads=504666 begin_tick=1990824294247041 end_tick=1990824294704291 ms_per_tick=9.9999999999999995e-07 device_ms=0.45724999999999999
PRODUCER_KERNEL_V1 stage=0 raw_iteration=4294967295 ordinal=6 kernel=identify_resident_transport threads=1 begin_tick=1990824294704708 end_tick=1990824294707875 ms_per_tick=9.9999999999999995e-07 device_ms=0.0031669999999999997
PRODUCER_KERNEL_V1 stage=0 raw_iteration=4294967295 ordinal=7 kernel=owner_bind_transport threads=1 begin_tick=1990824294708458 end_tick=1990824294712166 ms_per_tick=9.9999999999999995e-07 device_ms=0.0037079999999999999
PRODUCER_KERNEL_V1 stage=0 raw_iteration=4294967295 ordinal=8 kernel=identify_resident_owner_endpoint_class threads=1 begin_tick=1990824294712500 end_tick=1990824294715708 ms_per_tick=9.9999999999999995e-07 device_ms=0.0032079999999999999
PRODUCER_KERNEL_V1 stage=0 raw_iteration=4294967295 ordinal=9 kernel=evaluate_resident_physical_flux threads=1533387 begin_tick=1990824295642125 end_tick=1990824296759291 ms_per_tick=9.9999999999999995e-07 device_ms=1.1171659999999999
PRODUCER_KERNEL_V1 stage=0 raw_iteration=4294967295 ordinal=10 kernel=evaluate_resident_advective_pair threads=13800483 begin_tick=1990824297031916 end_tick=1990824304819750 ms_per_tick=9.9999999999999995e-07 device_ms=7.7878339999999993
PRODUCER_KERNEL_V1 stage=0 raw_iteration=4294967295 ordinal=11 kernel=finalize_resident_advective_high threads=13800483 begin_tick=1990824304820500 end_tick=1990824305244666 ms_per_tick=9.9999999999999995e-07 device_ms=0.42416599999999999
PRODUCER_KERNEL_V1 stage=0 raw_iteration=4294967295 ordinal=12 kernel=compose_resident_flux_pair threads=13800483 begin_tick=1990824305245041 end_tick=1990824306143833 ms_per_tick=9.9999999999999995e-07 device_ms=0.89879199999999992
PRODUCER_KERNEL_V1 stage=0 raw_iteration=4294967295 ordinal=13 kernel=validate_resident_physical_flux threads=13800483 begin_tick=1990824306144333 end_tick=1990824307154541 ms_per_tick=9.9999999999999995e-07 device_ms=1.010208
PRODUCER_KERNEL_V1 stage=0 raw_iteration=4294967295 ordinal=14 kernel=identify_resident_physical_flux threads=32 begin_tick=1990824307155250 end_tick=1990824307158916 ms_per_tick=9.9999999999999995e-07 device_ms=0.003666
PRODUCER_KERNEL_V1 stage=0 raw_iteration=4294967295 ordinal=15 kernel=fct_build_ratios threads=5551326 begin_tick=1990824307159500 end_tick=1990824310775291 ms_per_tick=9.9999999999999995e-07 device_ms=3.6157909999999998
PRODUCER_KERNEL_V1 stage=0 raw_iteration=4294967295 ordinal=16 kernel=fct_build_face_alpha threads=1533387 begin_tick=1990824310776083 end_tick=1990824311044666 ms_per_tick=9.9999999999999995e-07 device_ms=0.26858299999999996
PRODUCER_KERNEL_V1 stage=0 raw_iteration=4294967295 ordinal=17 kernel=fct_commit_scalar threads=504666 begin_tick=1990824311045166 end_tick=1990824311235375 ms_per_tick=9.9999999999999995e-07 device_ms=0.19020899999999999
PRODUCER_KERNEL_V1 stage=0 raw_iteration=4294967295 ordinal=18 kernel=owner_bind_candidate threads=1 begin_tick=1990824311235958 end_tick=1990824311239708 ms_per_tick=9.9999999999999995e-07 device_ms=0.0037499999999999999
PRODUCER_KERNEL_V1 stage=0 raw_iteration=4294967295 ordinal=19 kernel=finalize_resident_eos_candidate threads=1 begin_tick=1990824311240291 end_tick=1990824311242791 ms_per_tick=9.9999999999999995e-07 device_ms=0.0025000000000000001
PRODUCER_KERNEL_V1 stage=0 raw_iteration=4294967295 ordinal=20 kernel=build_eos_endpoint_table threads=14 begin_tick=1990824311243291 end_tick=1990824311535791 ms_per_tick=9.9999999999999995e-07 device_ms=0.29249999999999998
PRODUCER_KERNEL_V1 stage=0 raw_iteration=4294967295 ordinal=21 kernel=evaluate_resident_eos_candidate threads=504666 begin_tick=1990824311536208 end_tick=1990824376490708 ms_per_tick=9.9999999999999995e-07 device_ms=64.954499999999996
PRODUCER_KERNEL_V1 stage=0 raw_iteration=4294967295 ordinal=22 kernel=finalize_resident_eos_candidate threads=1 begin_tick=1990824376507166 end_tick=1990824376509750 ms_per_tick=9.9999999999999995e-07 device_ms=0.0025839999999999999
PRODUCER_KERNEL_V1 stage=0 raw_iteration=4294967295 ordinal=23 kernel=identify_resident_eos threads=1 begin_tick=1990824376510166 end_tick=1990824376512916 ms_per_tick=9.9999999999999995e-07 device_ms=0.0027499999999999998
PRODUCER_KERNEL_V1 stage=0 raw_iteration=4294967295 ordinal=24 kernel=produce_resident_frozen_source threads=504666 begin_tick=1990824376513333 end_tick=1990824376546583 ms_per_tick=9.9999999999999995e-07 device_ms=0.033250000000000002
PRODUCER_KERNEL_V1 stage=0 raw_iteration=4294967295 ordinal=25 kernel=identify_resident_frozen_source threads=1 begin_tick=1990824376547000 end_tick=1990824376552958 ms_per_tick=9.9999999999999995e-07 device_ms=0.0059579999999999998
PRODUCER_KERNEL_V1 stage=0 raw_iteration=4294967295 ordinal=26 kernel=evaluate_resident_target_terms threads=504666 begin_tick=1990824376553333 end_tick=1990824491595041 ms_per_tick=9.9999999999999995e-07 device_ms=115.041708
PRODUCER_KERNEL_V1 stage=0 raw_iteration=4294967295 ordinal=27 kernel=finalize_resident_target threads=1 begin_tick=1990824491609208 end_tick=1990824491615833 ms_per_tick=9.9999999999999995e-07 device_ms=0.0066249999999999998
PRODUCER_KERNEL_V1 stage=0 raw_iteration=4294967295 ordinal=28 kernel=identify_resident_target threads=1 begin_tick=1990824491616208 end_tick=1990824491619208 ms_per_tick=9.9999999999999995e-07 device_ms=0.0030000000000000001
PRODUCER_KERNEL_V1 stage=0 raw_iteration=4294967295 ordinal=29 kernel=issue_resident_projection_consumer threads=1 begin_tick=1990824491619625 end_tick=1990824491624666 ms_per_tick=9.9999999999999995e-07 device_ms=0.0050409999999999995
PRODUCER_KERNEL_V1 stage=0 raw_iteration=4294967295 ordinal=30 kernel=consume_resident_target threads=1 begin_tick=1990824491625083 end_tick=1990824491628916 ms_per_tick=9.9999999999999995e-07 device_ms=0.003833
PRODUCER_KERNEL_V1 stage=0 raw_iteration=4294967295 ordinal=31 kernel=owner_compose_target threads=504666 begin_tick=1990824491629333 end_tick=1990824491659625 ms_per_tick=9.9999999999999995e-07 device_ms=0.030291999999999999
PRODUCER_KERNEL_V1 stage=0 raw_iteration=4294967295 ordinal=32 kernel=finalize_resident_target threads=1 begin_tick=1990824491660041 end_tick=1990824491662291 ms_per_tick=9.9999999999999995e-07 device_ms=0.0022499999999999998
PRODUCER_KERNEL_V1 stage=0 raw_iteration=4294967295 ordinal=33 kernel=owner_identify_target threads=1 begin_tick=1990824491662708 end_tick=1990824491665791 ms_per_tick=9.9999999999999995e-07 device_ms=0.0030829999999999998
PRODUCER_KERNEL_V1 stage=0 raw_iteration=4294967295 ordinal=34 kernel=issue_resident_projection_consumer threads=1 begin_tick=1990824491666083 end_tick=1990824491669000 ms_per_tick=9.9999999999999995e-07 device_ms=0.0029169999999999999
PRODUCER_KERNEL_V1 stage=0 raw_iteration=4294967295 ordinal=35 kernel=consume_resident_target threads=1 begin_tick=1990824491669333 end_tick=1990824491675541 ms_per_tick=9.9999999999999995e-07 device_ms=0.006208
PRODUCER_KERNEL_V1 stage=0 raw_iteration=4294967295 ordinal=36 kernel=owner_issue_stage_seal threads=1 begin_tick=1990824491675958 end_tick=1990824491679583 ms_per_tick=9.9999999999999995e-07 device_ms=0.0036249999999999998
PRODUCER_KERNEL_V1 stage=0 raw_iteration=4294967295 ordinal=37 kernel=fct_compatible_stage_rate threads=1533387 begin_tick=1990824491680000 end_tick=1990824492192250 ms_per_tick=9.9999999999999995e-07 device_ms=0.51224999999999998
PRODUCER_KERNEL_V1 stage=0 raw_iteration=4294967295 ordinal=38 kernel=owner_predict_momentum threads=1533387 begin_tick=1990824492192791 end_tick=1990824492241458 ms_per_tick=9.9999999999999995e-07 device_ms=0.048666999999999995
RISE_FIRE_OWNER_PROFILE_V1 {"scope":6,"parent":3,"phase":"BuildStageProducerGroup","stage":0,"raw_iteration":4294967295,"iteration_kind":"bootstrap","wall_ms":281.316875000,"device_sum_ms":198.115416802,"wall_minus_device_ms":83.201458198,"exclusive_wall_ms":281.316875000,"exclusive_device_sum_ms":198.115416802,"child_observer_wall_ms":0.000000000,"count_scope":"inclusive","owner_commits":1,"projection_invocations":0}
RISE_FIRE_OWNER_PROFILE_V1 {"scope":9,"parent":8,"phase":"ProjectionAdapter","stage":0,"raw_iteration":0,"iteration_kind":"picard","wall_ms":12.283417000,"device_sum_ms":9.432374965,"wall_minus_device_ms":2.851042035,"exclusive_wall_ms":12.283417000,"exclusive_device_sum_ms":9.432374965,"child_observer_wall_ms":0.000000000,"count_scope":"inclusive","owner_commits":0,"projection_invocations":1}
RISE_FIRE_OWNER_PROFILE_V1 {"scope":8,"parent":7,"phase":"Project","stage":0,"raw_iteration":0,"iteration_kind":"picard","wall_ms":12.896000000,"device_sum_ms":9.474874940,"wall_minus_device_ms":3.421125060,"exclusive_wall_ms":0.603416000,"exclusive_device_sum_ms":0.042499974,"child_observer_wall_ms":0.009167000,"count_scope":"inclusive","owner_commits":2,"projection_invocations":1}
RISE_FIRE_OWNER_PROFILE_V1 {"scope":10,"parent":7,"phase":"ReadOpenClass","stage":0,"raw_iteration":0,"iteration_kind":"picard","wall_ms":0.162459000,"device_sum_ms":0.002499903,"wall_minus_device_ms":0.159959097,"exclusive_wall_ms":0.162459000,"exclusive_device_sum_ms":0.002499903,"child_observer_wall_ms":0.000000000,"count_scope":"inclusive","owner_commits":1,"projection_invocations":0}
RISE_FIRE_OWNER_PROFILE_V1 {"scope":11,"parent":7,"phase":"ReadOpenClass","stage":0,"raw_iteration":0,"iteration_kind":"picard","wall_ms":0.156375000,"device_sum_ms":0.002333196,"wall_minus_device_ms":0.154041804,"exclusive_wall_ms":0.156375000,"exclusive_device_sum_ms":0.002333196,"child_observer_wall_ms":0.000000000,"count_scope":"inclusive","owner_commits":1,"projection_invocations":0}
PRODUCER_COMMAND_V1 stage=0 raw_iteration=0 cpu_begin=1990824505791208 cpu_end=1990824782573541 gpu_begin=1990824505791208 gpu_end=1990824782573541 device_ms=195.99908334203064 encoders=39 interval_scope=possibly_overlapping
PRODUCER_KERNEL_V1 stage=0 raw_iteration=0 ordinal=0 kernel=owner_pack_faces threads=1533387 begin_tick=1990824586620083 end_tick=1990824586697291 ms_per_tick=9.9999999999999995e-07 device_ms=0.077207999999999999
PRODUCER_KERNEL_V1 stage=0 raw_iteration=0 ordinal=1 kernel=owner_pack_faces threads=1533387 begin_tick=1990824586715291 end_tick=1990824586767666 ms_per_tick=9.9999999999999995e-07 device_ms=0.052374999999999998
PRODUCER_KERNEL_V1 stage=0 raw_iteration=0 ordinal=2 kernel=owner_pack_faces threads=1533387 begin_tick=1990824586851666 end_tick=1990824586945083 ms_per_tick=9.9999999999999995e-07 device_ms=0.093417
PRODUCER_KERNEL_V1 stage=0 raw_iteration=0 ordinal=3 kernel=fct_extract_gas_density threads=504666 begin_tick=1990824586863125 end_tick=1990824586915541 ms_per_tick=9.9999999999999995e-07 device_ms=0.052415999999999997
PRODUCER_KERNEL_V1 stage=0 raw_iteration=0 ordinal=4 kernel=owner_gas_source threads=504666 begin_tick=1990824586917125 end_tick=1990824586967083 ms_per_tick=9.9999999999999995e-07 device_ms=0.049957999999999995
PRODUCER_KERNEL_V1 stage=0 raw_iteration=0 ordinal=5 kernel=evaluate_resident_transport threads=504666 begin_tick=1990824587037375 end_tick=1990824587492333 ms_per_tick=9.9999999999999995e-07 device_ms=0.45495799999999997
PRODUCER_KERNEL_V1 stage=0 raw_iteration=0 ordinal=6 kernel=identify_resident_transport threads=1 begin_tick=1990824587492708 end_tick=1990824587495666 ms_per_tick=9.9999999999999995e-07 device_ms=0.0029579999999999997
PRODUCER_KERNEL_V1 stage=0 raw_iteration=0 ordinal=7 kernel=owner_bind_transport threads=1 begin_tick=1990824587496208 end_tick=1990824587499666 ms_per_tick=9.9999999999999995e-07 device_ms=0.0034579999999999997
PRODUCER_KERNEL_V1 stage=0 raw_iteration=0 ordinal=8 kernel=identify_resident_owner_endpoint_class threads=1 begin_tick=1990824587500083 end_tick=1990824587503333 ms_per_tick=9.9999999999999995e-07 device_ms=0.0032499999999999999
PRODUCER_KERNEL_V1 stage=0 raw_iteration=0 ordinal=9 kernel=evaluate_resident_physical_flux threads=1533387 begin_tick=1990824588436583 end_tick=1990824589549250 ms_per_tick=9.9999999999999995e-07 device_ms=1.1126669999999999
PRODUCER_KERNEL_V1 stage=0 raw_iteration=0 ordinal=10 kernel=evaluate_resident_advective_pair threads=13800483 begin_tick=1990824589831500 end_tick=1990824597170125 ms_per_tick=9.9999999999999995e-07 device_ms=7.3386249999999995
PRODUCER_KERNEL_V1 stage=0 raw_iteration=0 ordinal=11 kernel=finalize_resident_advective_high threads=13800483 begin_tick=1990824597170708 end_tick=1990824597589791 ms_per_tick=9.9999999999999995e-07 device_ms=0.41908299999999998
PRODUCER_KERNEL_V1 stage=0 raw_iteration=0 ordinal=12 kernel=compose_resident_flux_pair threads=13800483 begin_tick=1990824597590166 end_tick=1990824598474250 ms_per_tick=9.9999999999999995e-07 device_ms=0.88408399999999998
PRODUCER_KERNEL_V1 stage=0 raw_iteration=0 ordinal=13 kernel=validate_resident_physical_flux threads=13800483 begin_tick=1990824598474916 end_tick=1990824599321000 ms_per_tick=9.9999999999999995e-07 device_ms=0.84608399999999995
PRODUCER_KERNEL_V1 stage=0 raw_iteration=0 ordinal=14 kernel=identify_resident_physical_flux threads=32 begin_tick=1990824599321625 end_tick=1990824599324750 ms_per_tick=9.9999999999999995e-07 device_ms=0.0031249999999999997
PRODUCER_KERNEL_V1 stage=0 raw_iteration=0 ordinal=15 kernel=fct_build_ratios threads=5551326 begin_tick=1990824599325291 end_tick=1990824602965291 ms_per_tick=9.9999999999999995e-07 device_ms=3.6399999999999997
PRODUCER_KERNEL_V1 stage=0 raw_iteration=0 ordinal=16 kernel=fct_build_face_alpha threads=1533387 begin_tick=1990824602965833 end_tick=1990824603237333 ms_per_tick=9.9999999999999995e-07 device_ms=0.27149999999999996
PRODUCER_KERNEL_V1 stage=0 raw_iteration=0 ordinal=17 kernel=fct_commit_scalar threads=504666 begin_tick=1990824603238000 end_tick=1990824603428750 ms_per_tick=9.9999999999999995e-07 device_ms=0.19075
PRODUCER_KERNEL_V1 stage=0 raw_iteration=0 ordinal=18 kernel=owner_bind_candidate threads=1 begin_tick=1990824603429291 end_tick=1990824603433166 ms_per_tick=9.9999999999999995e-07 device_ms=0.003875
PRODUCER_KERNEL_V1 stage=0 raw_iteration=0 ordinal=19 kernel=finalize_resident_eos_candidate threads=1 begin_tick=1990824603433708 end_tick=1990824603436250 ms_per_tick=9.9999999999999995e-07 device_ms=0.002542
PRODUCER_KERNEL_V1 stage=0 raw_iteration=0 ordinal=20 kernel=build_eos_endpoint_table threads=14 begin_tick=1990824603437208 end_tick=1990824603736750 ms_per_tick=9.9999999999999995e-07 device_ms=0.29954199999999997
PRODUCER_KERNEL_V1 stage=0 raw_iteration=0 ordinal=21 kernel=evaluate_resident_eos_candidate threads=504666 begin_tick=1990824603737083 end_tick=1990824667416916 ms_per_tick=9.9999999999999995e-07 device_ms=63.679832999999995
PRODUCER_KERNEL_V1 stage=0 raw_iteration=0 ordinal=22 kernel=finalize_resident_eos_candidate threads=1 begin_tick=1990824667433416 end_tick=1990824667436041 ms_per_tick=9.9999999999999995e-07 device_ms=0.0026249999999999997
PRODUCER_KERNEL_V1 stage=0 raw_iteration=0 ordinal=23 kernel=identify_resident_eos threads=1 begin_tick=1990824667436375 end_tick=1990824667439166 ms_per_tick=9.9999999999999995e-07 device_ms=0.0027910000000000001
PRODUCER_KERNEL_V1 stage=0 raw_iteration=0 ordinal=24 kernel=produce_resident_frozen_source threads=504666 begin_tick=1990824667439750 end_tick=1990824667469833 ms_per_tick=9.9999999999999995e-07 device_ms=0.030082999999999999
PRODUCER_KERNEL_V1 stage=0 raw_iteration=0 ordinal=25 kernel=identify_resident_frozen_source threads=1 begin_tick=1990824667470208 end_tick=1990824667473416 ms_per_tick=9.9999999999999995e-07 device_ms=0.0032079999999999999
PRODUCER_KERNEL_V1 stage=0 raw_iteration=0 ordinal=26 kernel=evaluate_resident_target_terms threads=504666 begin_tick=1990824667473708 end_tick=1990824781764166 ms_per_tick=9.9999999999999995e-07 device_ms=114.290458
PRODUCER_KERNEL_V1 stage=0 raw_iteration=0 ordinal=27 kernel=finalize_resident_target threads=1 begin_tick=1990824781779000 end_tick=1990824781782041 ms_per_tick=9.9999999999999995e-07 device_ms=0.0030409999999999999
PRODUCER_KERNEL_V1 stage=0 raw_iteration=0 ordinal=28 kernel=identify_resident_target threads=1 begin_tick=1990824781782333 end_tick=1990824781785583 ms_per_tick=9.9999999999999995e-07 device_ms=0.0032499999999999999
PRODUCER_KERNEL_V1 stage=0 raw_iteration=0 ordinal=29 kernel=issue_resident_projection_consumer threads=1 begin_tick=1990824781785958 end_tick=1990824781790208 ms_per_tick=9.9999999999999995e-07 device_ms=0.0042499999999999994
PRODUCER_KERNEL_V1 stage=0 raw_iteration=0 ordinal=30 kernel=consume_resident_target threads=1 begin_tick=1990824781790500 end_tick=1990824781794500 ms_per_tick=9.9999999999999995e-07 device_ms=0.0040000000000000001
PRODUCER_KERNEL_V1 stage=0 raw_iteration=0 ordinal=31 kernel=owner_compose_target threads=504666 begin_tick=1990824781794916 end_tick=1990824781874750 ms_per_tick=9.9999999999999995e-07 device_ms=0.079834000000000002
PRODUCER_KERNEL_V1 stage=0 raw_iteration=0 ordinal=32 kernel=finalize_resident_target threads=1 begin_tick=1990824781875041 end_tick=1990824781877541 ms_per_tick=9.9999999999999995e-07 device_ms=0.0025000000000000001
PRODUCER_KERNEL_V1 stage=0 raw_iteration=0 ordinal=33 kernel=owner_identify_target threads=1 begin_tick=1990824781877916 end_tick=1990824781880791 ms_per_tick=9.9999999999999995e-07 device_ms=0.002875
PRODUCER_KERNEL_V1 stage=0 raw_iteration=0 ordinal=34 kernel=issue_resident_projection_consumer threads=1 begin_tick=1990824781881208 end_tick=1990824781884041 ms_per_tick=9.9999999999999995e-07 device_ms=0.002833
PRODUCER_KERNEL_V1 stage=0 raw_iteration=0 ordinal=35 kernel=consume_resident_target threads=1 begin_tick=1990824781884375 end_tick=1990824781887750 ms_per_tick=9.9999999999999995e-07 device_ms=0.003375
PRODUCER_KERNEL_V1 stage=0 raw_iteration=0 ordinal=36 kernel=owner_issue_stage_seal threads=1 begin_tick=1990824781888041 end_tick=1990824781891000 ms_per_tick=9.9999999999999995e-07 device_ms=0.0029589999999999998
PRODUCER_KERNEL_V1 stage=0 raw_iteration=0 ordinal=37 kernel=fct_compatible_stage_rate threads=1533387 begin_tick=1990824781891500 end_tick=1990824782397583 ms_per_tick=9.9999999999999995e-07 device_ms=0.50608299999999995
PRODUCER_KERNEL_V1 stage=0 raw_iteration=0 ordinal=38 kernel=owner_predict_momentum threads=1533387 begin_tick=1990824782398291 end_tick=1990824782448083 ms_per_tick=9.9999999999999995e-07 device_ms=0.049791999999999996
RISE_FIRE_OWNER_PROFILE_V1 {"scope":12,"parent":7,"phase":"BuildStageProducerGroup","stage":0,"raw_iteration":0,"iteration_kind":"picard","wall_ms":276.946834000,"device_sum_ms":195.999083342,"wall_minus_device_ms":80.947750658,"exclusive_wall_ms":276.946834000,"exclusive_device_sum_ms":195.999083342,"child_observer_wall_ms":0.000000000,"count_scope":"inclusive","owner_commits":1,"projection_invocations":0}
RISE_FIRE_OWNER_PROFILE_V1 {"scope":13,"parent":7,"phase":"Residual","stage":0,"raw_iteration":0,"iteration_kind":"picard","wall_ms":0.206666000,"device_sum_ms":0.021958258,"wall_minus_device_ms":0.184707742,"exclusive_wall_ms":0.206666000,"exclusive_device_sum_ms":0.021958258,"child_observer_wall_ms":0.000000000,"count_scope":"inclusive","owner_commits":1,"projection_invocations":0}
RISE_FIRE_OWNER_PROFILE_V1 {"scope":7,"parent":3,"phase":"PicardIteration","stage":0,"raw_iteration":0,"iteration_kind":"picard","wall_ms":290.778000000,"device_sum_ms":205.500749638,"wall_minus_device_ms":85.277250362,"exclusive_wall_ms":0.381624000,"exclusive_device_sum_ms":0.000000000,"child_observer_wall_ms":0.028042000,"count_scope":"inclusive","owner_commits":6,"projection_invocations":1}
RISE_FIRE_OWNER_PROFILE_V1 {"scope":16,"parent":15,"phase":"ProjectionAdapter","stage":0,"raw_iteration":1,"iteration_kind":"picard","wall_ms":11.925042000,"device_sum_ms":9.075708222,"wall_minus_device_ms":2.849333778,"exclusive_wall_ms":11.925042000,"exclusive_device_sum_ms":9.075708222,"child_observer_wall_ms":0.000000000,"count_scope":"inclusive","owner_commits":0,"projection_invocations":1}
RISE_FIRE_OWNER_PROFILE_V1 {"scope":15,"parent":14,"phase":"Project","stage":0,"raw_iteration":1,"iteration_kind":"picard","wall_ms":13.168708000,"device_sum_ms":9.121208219,"wall_minus_device_ms":4.047499781,"exclusive_wall_ms":1.236708000,"exclusive_device_sum_ms":0.045499997,"child_observer_wall_ms":0.006958000,"count_scope":"inclusive","owner_commits":2,"projection_invocations":1}
RISE_FIRE_OWNER_PROFILE_V1 {"scope":17,"parent":14,"phase":"ReadOpenClass","stage":0,"raw_iteration":1,"iteration_kind":"picard","wall_ms":0.157625000,"device_sum_ms":0.002416782,"wall_minus_device_ms":0.155208218,"exclusive_wall_ms":0.157625000,"exclusive_device_sum_ms":0.002416782,"child_observer_wall_ms":0.000000000,"count_scope":"inclusive","owner_commits":1,"projection_invocations":0}
RISE_FIRE_OWNER_PROFILE_V1 {"scope":18,"parent":14,"phase":"ReadOpenClass","stage":0,"raw_iteration":1,"iteration_kind":"picard","wall_ms":0.150084000,"device_sum_ms":0.002416782,"wall_minus_device_ms":0.147667218,"exclusive_wall_ms":0.150084000,"exclusive_device_sum_ms":0.002416782,"child_observer_wall_ms":0.000000000,"count_scope":"inclusive","owner_commits":1,"projection_invocations":0}
PRODUCER_COMMAND_V1 stage=0 raw_iteration=1 cpu_begin=1990824796829250 cpu_end=1990825073826083 gpu_begin=1990824796829250 gpu_end=1990825073826083 device_ms=195.86037495173514 encoders=39 interval_scope=possibly_overlapping
PRODUCER_KERNEL_V1 stage=0 raw_iteration=1 ordinal=0 kernel=owner_pack_faces threads=1533387 begin_tick=1990824877894000 end_tick=1990824877955166 ms_per_tick=9.9999999999999995e-07 device_ms=0.061165999999999998
PRODUCER_KERNEL_V1 stage=0 raw_iteration=1 ordinal=1 kernel=owner_pack_faces threads=1533387 begin_tick=1990824877954958 end_tick=1990824878282458 ms_per_tick=9.9999999999999995e-07 device_ms=0.32749999999999996
PRODUCER_KERNEL_V1 stage=0 raw_iteration=1 ordinal=2 kernel=owner_pack_faces threads=1533387 begin_tick=1990824877891583 end_tick=1990824877954958 ms_per_tick=9.9999999999999995e-07 device_ms=0.063375000000000001
PRODUCER_KERNEL_V1 stage=0 raw_iteration=1 ordinal=3 kernel=fct_extract_gas_density threads=504666 begin_tick=1990824877955583 end_tick=1990824878004041 ms_per_tick=9.9999999999999995e-07 device_ms=0.048458000000000001
PRODUCER_KERNEL_V1 stage=0 raw_iteration=1 ordinal=4 kernel=owner_gas_source threads=504666 begin_tick=1990824878282791 end_tick=1990824878449500 ms_per_tick=9.9999999999999995e-07 device_ms=0.166709
PRODUCER_KERNEL_V1 stage=0 raw_iteration=1 ordinal=5 kernel=evaluate_resident_transport threads=504666 begin_tick=1990824878004041 end_tick=1990824878468666 ms_per_tick=9.9999999999999995e-07 device_ms=0.46462499999999995
PRODUCER_KERNEL_V1 stage=0 raw_iteration=1 ordinal=6 kernel=identify_resident_transport threads=1 begin_tick=1990824878469083 end_tick=1990824878472375 ms_per_tick=9.9999999999999995e-07 device_ms=0.0032919999999999998
PRODUCER_KERNEL_V1 stage=0 raw_iteration=1 ordinal=7 kernel=owner_bind_transport threads=1 begin_tick=1990824878472916 end_tick=1990824878476541 ms_per_tick=9.9999999999999995e-07 device_ms=0.0036249999999999998
PRODUCER_KERNEL_V1 stage=0 raw_iteration=1 ordinal=8 kernel=identify_resident_owner_endpoint_class threads=1 begin_tick=1990824878476958 end_tick=1990824878480500 ms_per_tick=9.9999999999999995e-07 device_ms=0.003542
PRODUCER_KERNEL_V1 stage=0 raw_iteration=1 ordinal=9 kernel=evaluate_resident_physical_flux threads=1533387 begin_tick=1990824879409500 end_tick=1990824880526541 ms_per_tick=9.9999999999999995e-07 device_ms=1.117041
PRODUCER_KERNEL_V1 stage=0 raw_iteration=1 ordinal=10 kernel=evaluate_resident_advective_pair threads=13800483 begin_tick=1990824880882208 end_tick=1990824888191208 ms_per_tick=9.9999999999999995e-07 device_ms=7.3089999999999993
PRODUCER_KERNEL_V1 stage=0 raw_iteration=1 ordinal=11 kernel=finalize_resident_advective_high threads=13800483 begin_tick=1990824888191958 end_tick=1990824888609083 ms_per_tick=9.9999999999999995e-07 device_ms=0.41712499999999997
PRODUCER_KERNEL_V1 stage=0 raw_iteration=1 ordinal=12 kernel=compose_resident_flux_pair threads=13800483 begin_tick=1990824888609416 end_tick=1990824889499125 ms_per_tick=9.9999999999999995e-07 device_ms=0.88970899999999997
PRODUCER_KERNEL_V1 stage=0 raw_iteration=1 ordinal=13 kernel=validate_resident_physical_flux threads=13800483 begin_tick=1990824889499625 end_tick=1990824890352500 ms_per_tick=9.9999999999999995e-07 device_ms=0.85287499999999994
PRODUCER_KERNEL_V1 stage=0 raw_iteration=1 ordinal=14 kernel=identify_resident_physical_flux threads=32 begin_tick=1990824890353125 end_tick=1990824890356875 ms_per_tick=9.9999999999999995e-07 device_ms=0.0037499999999999999
PRODUCER_KERNEL_V1 stage=0 raw_iteration=1 ordinal=15 kernel=fct_build_ratios threads=5551326 begin_tick=1990824890357416 end_tick=1990824894298000 ms_per_tick=9.9999999999999995e-07 device_ms=3.9405839999999999
PRODUCER_KERNEL_V1 stage=0 raw_iteration=1 ordinal=16 kernel=fct_build_face_alpha threads=1533387 begin_tick=1990824894298625 end_tick=1990824894566833 ms_per_tick=9.9999999999999995e-07 device_ms=0.268208
PRODUCER_KERNEL_V1 stage=0 raw_iteration=1 ordinal=17 kernel=fct_commit_scalar threads=504666 begin_tick=1990824894567250 end_tick=1990824894755500 ms_per_tick=9.9999999999999995e-07 device_ms=0.18825
PRODUCER_KERNEL_V1 stage=0 raw_iteration=1 ordinal=18 kernel=owner_bind_candidate threads=1 begin_tick=1990824894756041 end_tick=1990824894759750 ms_per_tick=9.9999999999999995e-07 device_ms=0.0037089999999999996
PRODUCER_KERNEL_V1 stage=0 raw_iteration=1 ordinal=19 kernel=finalize_resident_eos_candidate threads=1 begin_tick=1990824894760333 end_tick=1990824894762958 ms_per_tick=9.9999999999999995e-07 device_ms=0.0026249999999999997
PRODUCER_KERNEL_V1 stage=0 raw_iteration=1 ordinal=20 kernel=build_eos_endpoint_table threads=14 begin_tick=1990824894763958 end_tick=1990824895054625 ms_per_tick=9.9999999999999995e-07 device_ms=0.29066700000000001
PRODUCER_KERNEL_V1 stage=0 raw_iteration=1 ordinal=21 kernel=evaluate_resident_eos_candidate threads=504666 begin_tick=1990824895055000 end_tick=1990824959020041 ms_per_tick=9.9999999999999995e-07 device_ms=63.965040999999999
PRODUCER_KERNEL_V1 stage=0 raw_iteration=1 ordinal=22 kernel=finalize_resident_eos_candidate threads=1 begin_tick=1990824959036250 end_tick=1990824959038958 ms_per_tick=9.9999999999999995e-07 device_ms=0.0027079999999999999
PRODUCER_KERNEL_V1 stage=0 raw_iteration=1 ordinal=23 kernel=identify_resident_eos threads=1 begin_tick=1990824959039250 end_tick=1990824959042041 ms_per_tick=9.9999999999999995e-07 device_ms=0.0027910000000000001
PRODUCER_KERNEL_V1 stage=0 raw_iteration=1 ordinal=24 kernel=produce_resident_frozen_source threads=504666 begin_tick=1990824959042458 end_tick=1990824959071833 ms_per_tick=9.9999999999999995e-07 device_ms=0.029374999999999998
PRODUCER_KERNEL_V1 stage=0 raw_iteration=1 ordinal=25 kernel=identify_resident_frozen_source threads=1 begin_tick=1990824959072250 end_tick=1990824959075291 ms_per_tick=9.9999999999999995e-07 device_ms=0.0030409999999999999
PRODUCER_KERNEL_V1 stage=0 raw_iteration=1 ordinal=26 kernel=evaluate_resident_target_terms threads=504666 begin_tick=1990824959075666 end_tick=1990825073044916 ms_per_tick=9.9999999999999995e-07 device_ms=113.96924999999999
PRODUCER_KERNEL_V1 stage=0 raw_iteration=1 ordinal=27 kernel=finalize_resident_target threads=1 begin_tick=1990825073060125 end_tick=1990825073063333 ms_per_tick=9.9999999999999995e-07 device_ms=0.0032079999999999999
PRODUCER_KERNEL_V1 stage=0 raw_iteration=1 ordinal=28 kernel=identify_resident_target threads=1 begin_tick=1990825073063708 end_tick=1990825073066791 ms_per_tick=9.9999999999999995e-07 device_ms=0.0030829999999999998
PRODUCER_KERNEL_V1 stage=0 raw_iteration=1 ordinal=29 kernel=issue_resident_projection_consumer threads=1 begin_tick=1990825073067208 end_tick=1990825073071291 ms_per_tick=9.9999999999999995e-07 device_ms=0.0040829999999999998
PRODUCER_KERNEL_V1 stage=0 raw_iteration=1 ordinal=30 kernel=consume_resident_target threads=1 begin_tick=1990825073071708 end_tick=1990825073075833 ms_per_tick=9.9999999999999995e-07 device_ms=0.0041250000000000002
PRODUCER_KERNEL_V1 stage=0 raw_iteration=1 ordinal=31 kernel=owner_compose_target threads=504666 begin_tick=1990825073076125 end_tick=1990825073155708 ms_per_tick=9.9999999999999995e-07 device_ms=0.079583000000000001
PRODUCER_KERNEL_V1 stage=0 raw_iteration=1 ordinal=32 kernel=finalize_resident_target threads=1 begin_tick=1990825073156000 end_tick=1990825073158500 ms_per_tick=9.9999999999999995e-07 device_ms=0.0025000000000000001
PRODUCER_KERNEL_V1 stage=0 raw_iteration=1 ordinal=33 kernel=owner_identify_target threads=1 begin_tick=1990825073158916 end_tick=1990825073161833 ms_per_tick=9.9999999999999995e-07 device_ms=0.0029169999999999999
PRODUCER_KERNEL_V1 stage=0 raw_iteration=1 ordinal=34 kernel=issue_resident_projection_consumer threads=1 begin_tick=1990825073162250 end_tick=1990825073165291 ms_per_tick=9.9999999999999995e-07 device_ms=0.0030409999999999999
PRODUCER_KERNEL_V1 stage=0 raw_iteration=1 ordinal=35 kernel=consume_resident_target threads=1 begin_tick=1990825073165708 end_tick=1990825073169250 ms_per_tick=9.9999999999999995e-07 device_ms=0.003542
PRODUCER_KERNEL_V1 stage=0 raw_iteration=1 ordinal=36 kernel=owner_issue_stage_seal threads=1 begin_tick=1990825073169666 end_tick=1990825073172458 ms_per_tick=9.9999999999999995e-07 device_ms=0.0027919999999999998
PRODUCER_KERNEL_V1 stage=0 raw_iteration=1 ordinal=37 kernel=fct_compatible_stage_rate threads=1533387 begin_tick=1990825073172833 end_tick=1990825073691583 ms_per_tick=9.9999999999999995e-07 device_ms=0.51874999999999993
PRODUCER_KERNEL_V1 stage=0 raw_iteration=1 ordinal=38 kernel=owner_predict_momentum threads=1533387 begin_tick=1990825073692166 end_tick=1990825073746583 ms_per_tick=9.9999999999999995e-07 device_ms=0.054417
RISE_FIRE_OWNER_PROFILE_V1 {"scope":19,"parent":14,"phase":"BuildStageProducerGroup","stage":0,"raw_iteration":1,"iteration_kind":"picard","wall_ms":277.142583000,"device_sum_ms":195.860374952,"wall_minus_device_ms":81.282208048,"exclusive_wall_ms":277.142583000,"exclusive_device_sum_ms":195.860374952,"child_observer_wall_ms":0.000000000,"count_scope":"inclusive","owner_commits":1,"projection_invocations":0}
RISE_FIRE_OWNER_PROFILE_V1 {"scope":20,"parent":14,"phase":"Residual","stage":0,"raw_iteration":1,"iteration_kind":"picard","wall_ms":0.295625000,"device_sum_ms":0.109666726,"wall_minus_device_ms":0.185958274,"exclusive_wall_ms":0.295625000,"exclusive_device_sum_ms":0.109666726,"child_observer_wall_ms":0.000000000,"count_scope":"inclusive","owner_commits":1,"projection_invocations":0}
RISE_FIRE_OWNER_PROFILE_V1 {"scope":14,"parent":3,"phase":"PicardIteration","stage":0,"raw_iteration":1,"iteration_kind":"picard","wall_ms":291.321959000,"device_sum_ms":205.096083460,"wall_minus_device_ms":86.225875540,"exclusive_wall_ms":0.379959000,"exclusive_device_sum_ms":0.000000000,"child_observer_wall_ms":0.027375000,"count_scope":"inclusive","owner_commits":6,"projection_invocations":1}
RISE_FIRE_OWNER_PROFILE_V1 {"scope":23,"parent":22,"phase":"ProjectionAdapter","stage":0,"raw_iteration":2,"iteration_kind":"picard","wall_ms":11.928042000,"device_sum_ms":9.132083505,"wall_minus_device_ms":2.795958495,"exclusive_wall_ms":11.928042000,"exclusive_device_sum_ms":9.132083505,"child_observer_wall_ms":0.000000000,"count_scope":"inclusive","owner_commits":0,"projection_invocations":1}
RISE_FIRE_OWNER_PROFILE_V1 {"scope":22,"parent":21,"phase":"Project","stage":0,"raw_iteration":2,"iteration_kind":"picard","wall_ms":13.126500000,"device_sum_ms":9.172916878,"wall_minus_device_ms":3.953583122,"exclusive_wall_ms":1.191166000,"exclusive_device_sum_ms":0.040833373,"child_observer_wall_ms":0.007292000,"count_scope":"inclusive","owner_commits":2,"projection_invocations":1}
RISE_FIRE_OWNER_PROFILE_V1 {"scope":24,"parent":21,"phase":"ReadOpenClass","stage":0,"raw_iteration":2,"iteration_kind":"picard","wall_ms":0.152708000,"device_sum_ms":0.002375105,"wall_minus_device_ms":0.150332895,"exclusive_wall_ms":0.152708000,"exclusive_device_sum_ms":0.002375105,"child_observer_wall_ms":0.000000000,"count_scope":"inclusive","owner_commits":1,"projection_invocations":0}
RISE_FIRE_OWNER_PROFILE_V1 {"scope":25,"parent":21,"phase":"ReadOpenClass","stage":0,"raw_iteration":2,"iteration_kind":"picard","wall_ms":0.141834000,"device_sum_ms":0.002374873,"wall_minus_device_ms":0.139459127,"exclusive_wall_ms":0.141834000,"exclusive_device_sum_ms":0.002374873,"child_observer_wall_ms":0.000000000,"count_scope":"inclusive","owner_commits":1,"projection_invocations":0}
PRODUCER_COMMAND_V1 stage=0 raw_iteration=2 cpu_begin=1990825088099125 cpu_end=1990825365535625 gpu_begin=1990825088099125 gpu_end=1990825365535625 device_ms=196.37770834378898 encoders=39 interval_scope=possibly_overlapping
PRODUCER_KERNEL_V1 stage=0 raw_iteration=2 ordinal=0 kernel=owner_pack_faces threads=1533387 begin_tick=1990825169167041 end_tick=1990825169217291 ms_per_tick=9.9999999999999995e-07 device_ms=0.050249999999999996
PRODUCER_KERNEL_V1 stage=0 raw_iteration=2 ordinal=1 kernel=owner_pack_faces threads=1533387 begin_tick=1990825169226791 end_tick=1990825169277625 ms_per_tick=9.9999999999999995e-07 device_ms=0.050833999999999997
PRODUCER_KERNEL_V1 stage=0 raw_iteration=2 ordinal=2 kernel=owner_pack_faces threads=1533387 begin_tick=1990825169355333 end_tick=1990825169430875 ms_per_tick=9.9999999999999995e-07 device_ms=0.075541999999999998
PRODUCER_KERNEL_V1 stage=0 raw_iteration=2 ordinal=3 kernel=fct_extract_gas_density threads=504666 begin_tick=1990825169358875 end_tick=1990825169402000 ms_per_tick=9.9999999999999995e-07 device_ms=0.043124999999999997
PRODUCER_KERNEL_V1 stage=0 raw_iteration=2 ordinal=4 kernel=owner_gas_source threads=504666 begin_tick=1990825169415958 end_tick=1990825169464083 ms_per_tick=9.9999999999999995e-07 device_ms=0.048125000000000001
PRODUCER_KERNEL_V1 stage=0 raw_iteration=2 ordinal=5 kernel=evaluate_resident_transport threads=504666 begin_tick=1990825169528875 end_tick=1990825170177750 ms_per_tick=9.9999999999999995e-07 device_ms=0.64887499999999998
PRODUCER_KERNEL_V1 stage=0 raw_iteration=2 ordinal=6 kernel=identify_resident_transport threads=1 begin_tick=1990825170178583 end_tick=1990825170181833 ms_per_tick=9.9999999999999995e-07 device_ms=0.0032499999999999999
PRODUCER_KERNEL_V1 stage=0 raw_iteration=2 ordinal=7 kernel=owner_bind_transport threads=1 begin_tick=1990825170182375 end_tick=1990825170186833 ms_per_tick=9.9999999999999995e-07 device_ms=0.0044580000000000002
PRODUCER_KERNEL_V1 stage=0 raw_iteration=2 ordinal=8 kernel=identify_resident_owner_endpoint_class threads=1 begin_tick=1990825170187250 end_tick=1990825170190541 ms_per_tick=9.9999999999999995e-07 device_ms=0.0032909999999999997
PRODUCER_KERNEL_V1 stage=0 raw_iteration=2 ordinal=9 kernel=evaluate_resident_physical_flux threads=1533387 begin_tick=1990825170972125 end_tick=1990825172092833 ms_per_tick=9.9999999999999995e-07 device_ms=1.120708
PRODUCER_KERNEL_V1 stage=0 raw_iteration=2 ordinal=10 kernel=evaluate_resident_advective_pair threads=13800483 begin_tick=1990825172332125 end_tick=1990825179669833 ms_per_tick=9.9999999999999995e-07 device_ms=7.3377079999999992
PRODUCER_KERNEL_V1 stage=0 raw_iteration=2 ordinal=11 kernel=finalize_resident_advective_high threads=13800483 begin_tick=1990825179670416 end_tick=1990825180091583 ms_per_tick=9.9999999999999995e-07 device_ms=0.42116699999999996
PRODUCER_KERNEL_V1 stage=0 raw_iteration=2 ordinal=12 kernel=compose_resident_flux_pair threads=13800483 begin_tick=1990825180091958 end_tick=1990825180973458 ms_per_tick=9.9999999999999995e-07 device_ms=0.88149999999999995
PRODUCER_KERNEL_V1 stage=0 raw_iteration=2 ordinal=13 kernel=validate_resident_physical_flux threads=13800483 begin_tick=1990825180974125 end_tick=1990825181856583 ms_per_tick=9.9999999999999995e-07 device_ms=0.88245799999999996
PRODUCER_KERNEL_V1 stage=0 raw_iteration=2 ordinal=14 kernel=identify_resident_physical_flux threads=32 begin_tick=1990825181857250 end_tick=1990825181860791 ms_per_tick=9.9999999999999995e-07 device_ms=0.0035409999999999999
PRODUCER_KERNEL_V1 stage=0 raw_iteration=2 ordinal=15 kernel=fct_build_ratios threads=5551326 begin_tick=1990825181861375 end_tick=1990825185588041 ms_per_tick=9.9999999999999995e-07 device_ms=3.7266659999999998
PRODUCER_KERNEL_V1 stage=0 raw_iteration=2 ordinal=16 kernel=fct_build_face_alpha threads=1533387 begin_tick=1990825185602208 end_tick=1990825185870583 ms_per_tick=9.9999999999999995e-07 device_ms=0.26837499999999997
PRODUCER_KERNEL_V1 stage=0 raw_iteration=2 ordinal=17 kernel=fct_commit_scalar threads=504666 begin_tick=1990825185871000 end_tick=1990825186057833 ms_per_tick=9.9999999999999995e-07 device_ms=0.186833
PRODUCER_KERNEL_V1 stage=0 raw_iteration=2 ordinal=18 kernel=owner_bind_candidate threads=1 begin_tick=1990825186058416 end_tick=1990825186065333 ms_per_tick=9.9999999999999995e-07 device_ms=0.0069169999999999995
PRODUCER_KERNEL_V1 stage=0 raw_iteration=2 ordinal=19 kernel=finalize_resident_eos_candidate threads=1 begin_tick=1990825186066041 end_tick=1990825186068458 ms_per_tick=9.9999999999999995e-07 device_ms=0.0024169999999999999
PRODUCER_KERNEL_V1 stage=0 raw_iteration=2 ordinal=20 kernel=build_eos_endpoint_table threads=14 begin_tick=1990825186068833 end_tick=1990825186360541 ms_per_tick=9.9999999999999995e-07 device_ms=0.29170799999999997
PRODUCER_KERNEL_V1 stage=0 raw_iteration=2 ordinal=21 kernel=evaluate_resident_eos_candidate threads=504666 begin_tick=1990825186360958 end_tick=1990825250372666 ms_per_tick=9.9999999999999995e-07 device_ms=64.011707999999999
PRODUCER_KERNEL_V1 stage=0 raw_iteration=2 ordinal=22 kernel=finalize_resident_eos_candidate threads=1 begin_tick=1990825250387583 end_tick=1990825250390375 ms_per_tick=9.9999999999999995e-07 device_ms=0.0027919999999999998
PRODUCER_KERNEL_V1 stage=0 raw_iteration=2 ordinal=23 kernel=identify_resident_eos threads=1 begin_tick=1990825250390791 end_tick=1990825250393458 ms_per_tick=9.9999999999999995e-07 device_ms=0.0026669999999999997
PRODUCER_KERNEL_V1 stage=0 raw_iteration=2 ordinal=24 kernel=produce_resident_frozen_source threads=504666 begin_tick=1990825250393875 end_tick=1990825250425416 ms_per_tick=9.9999999999999995e-07 device_ms=0.031541
PRODUCER_KERNEL_V1 stage=0 raw_iteration=2 ordinal=25 kernel=identify_resident_frozen_source threads=1 begin_tick=1990825250425833 end_tick=1990825250429041 ms_per_tick=9.9999999999999995e-07 device_ms=0.0032079999999999999
PRODUCER_KERNEL_V1 stage=0 raw_iteration=2 ordinal=26 kernel=evaluate_resident_target_terms threads=504666 begin_tick=1990825250429458 end_tick=1990825364721125 ms_per_tick=9.9999999999999995e-07 device_ms=114.29166699999999
PRODUCER_KERNEL_V1 stage=0 raw_iteration=2 ordinal=27 kernel=finalize_resident_target threads=1 begin_tick=1990825364735375 end_tick=1990825364738416 ms_per_tick=9.9999999999999995e-07 device_ms=0.0030409999999999999
PRODUCER_KERNEL_V1 stage=0 raw_iteration=2 ordinal=28 kernel=identify_resident_target threads=1 begin_tick=1990825364738708 end_tick=1990825364741833 ms_per_tick=9.9999999999999995e-07 device_ms=0.0031249999999999997
PRODUCER_KERNEL_V1 stage=0 raw_iteration=2 ordinal=29 kernel=issue_resident_projection_consumer threads=1 begin_tick=1990825364742208 end_tick=1990825364746500 ms_per_tick=9.9999999999999995e-07 device_ms=0.0042919999999999998
PRODUCER_KERNEL_V1 stage=0 raw_iteration=2 ordinal=30 kernel=consume_resident_target threads=1 begin_tick=1990825364746791 end_tick=1990825364750958 ms_per_tick=9.9999999999999995e-07 device_ms=0.0041669999999999997
PRODUCER_KERNEL_V1 stage=0 raw_iteration=2 ordinal=31 kernel=owner_compose_target threads=504666 begin_tick=1990825364751375 end_tick=1990825364831083 ms_per_tick=9.9999999999999995e-07 device_ms=0.079708000000000001
PRODUCER_KERNEL_V1 stage=0 raw_iteration=2 ordinal=32 kernel=finalize_resident_target threads=1 begin_tick=1990825364831375 end_tick=1990825364833875 ms_per_tick=9.9999999999999995e-07 device_ms=0.0025000000000000001
PRODUCER_KERNEL_V1 stage=0 raw_iteration=2 ordinal=33 kernel=owner_identify_target threads=1 begin_tick=1990825364834291 end_tick=1990825364837208 ms_per_tick=9.9999999999999995e-07 device_ms=0.0029169999999999999
PRODUCER_KERNEL_V1 stage=0 raw_iteration=2 ordinal=34 kernel=issue_resident_projection_consumer threads=1 begin_tick=1990825364837625 end_tick=1990825364840500 ms_per_tick=9.9999999999999995e-07 device_ms=0.002875
PRODUCER_KERNEL_V1 stage=0 raw_iteration=2 ordinal=35 kernel=consume_resident_target threads=1 begin_tick=1990825364840875 end_tick=1990825364844291 ms_per_tick=9.9999999999999995e-07 device_ms=0.0034159999999999998
PRODUCER_KERNEL_V1 stage=0 raw_iteration=2 ordinal=36 kernel=owner_issue_stage_seal threads=1 begin_tick=1990825364844666 end_tick=1990825364847708 ms_per_tick=9.9999999999999995e-07 device_ms=0.003042
PRODUCER_KERNEL_V1 stage=0 raw_iteration=2 ordinal=37 kernel=fct_compatible_stage_rate threads=1533387 begin_tick=1990825364848083 end_tick=1990825365361625 ms_per_tick=9.9999999999999995e-07 device_ms=0.51354199999999994
PRODUCER_KERNEL_V1 stage=0 raw_iteration=2 ordinal=38 kernel=owner_predict_momentum threads=1533387 begin_tick=1990825365362250 end_tick=1990825365411375 ms_per_tick=9.9999999999999995e-07 device_ms=0.049124999999999995
RISE_FIRE_OWNER_PROFILE_V1 {"scope":26,"parent":21,"phase":"BuildStageProducerGroup","stage":0,"raw_iteration":2,"iteration_kind":"picard","wall_ms":277.594084000,"device_sum_ms":196.377708344,"wall_minus_device_ms":81.216375656,"exclusive_wall_ms":277.594084000,"exclusive_device_sum_ms":196.377708344,"child_observer_wall_ms":0.000000000,"count_scope":"inclusive","owner_commits":1,"projection_invocations":0}
RISE_FIRE_OWNER_PROFILE_V1 {"scope":27,"parent":21,"phase":"Residual","stage":0,"raw_iteration":2,"iteration_kind":"picard","wall_ms":0.312750000,"device_sum_ms":0.111875124,"wall_minus_device_ms":0.200874876,"exclusive_wall_ms":0.312750000,"exclusive_device_sum_ms":0.111875124,"child_observer_wall_ms":0.000000000,"count_scope":"inclusive","owner_commits":1,"projection_invocations":0}
RISE_FIRE_OWNER_PROFILE_V1 {"scope":30,"parent":29,"phase":"ProjectionAdapter","stage":0,"raw_iteration":2147483650,"iteration_kind":"terminal","wall_ms":11.904166000,"device_sum_ms":9.069458349,"wall_minus_device_ms":2.834707651,"exclusive_wall_ms":11.904166000,"exclusive_device_sum_ms":9.069458349,"child_observer_wall_ms":0.000000000,"count_scope":"inclusive","owner_commits":0,"projection_invocations":1}
RISE_FIRE_OWNER_PROFILE_V1 {"scope":29,"parent":28,"phase":"Project","stage":0,"raw_iteration":2147483650,"iteration_kind":"terminal","wall_ms":12.505666000,"device_sum_ms":9.107833495,"wall_minus_device_ms":3.397832505,"exclusive_wall_ms":0.592833000,"exclusive_device_sum_ms":0.038375147,"child_observer_wall_ms":0.008667000,"count_scope":"inclusive","owner_commits":2,"projection_invocations":1}
RISE_FIRE_OWNER_PROFILE_V1 {"scope":31,"parent":28,"phase":"ReadOpenClass","stage":0,"raw_iteration":2147483650,"iteration_kind":"terminal","wall_ms":0.173834000,"device_sum_ms":0.002375105,"wall_minus_device_ms":0.171458895,"exclusive_wall_ms":0.173834000,"exclusive_device_sum_ms":0.002375105,"child_observer_wall_ms":0.000000000,"count_scope":"inclusive","owner_commits":1,"projection_invocations":0}
RISE_FIRE_OWNER_PROFILE_V1 {"scope":32,"parent":28,"phase":"ReadOpenClass","stage":0,"raw_iteration":2147483650,"iteration_kind":"terminal","wall_ms":0.155584000,"device_sum_ms":0.002333429,"wall_minus_device_ms":0.153250571,"exclusive_wall_ms":0.155584000,"exclusive_device_sum_ms":0.002333429,"child_observer_wall_ms":0.000000000,"count_scope":"inclusive","owner_commits":1,"projection_invocations":0}
PRODUCER_COMMAND_V1 stage=0 raw_iteration=2147483650 cpu_begin=1990825378882958 cpu_end=1990825655941916 gpu_begin=1990825378882958 gpu_end=1990825655941916 device_ms=195.84654155187309 encoders=39 interval_scope=possibly_overlapping
PRODUCER_KERNEL_V1 stage=0 raw_iteration=2147483650 ordinal=0 kernel=owner_pack_faces threads=1533387 begin_tick=1990825460111541 end_tick=1990825460162291 ms_per_tick=9.9999999999999995e-07 device_ms=0.050749999999999997
PRODUCER_KERNEL_V1 stage=0 raw_iteration=2147483650 ordinal=1 kernel=owner_pack_faces threads=1533387 begin_tick=1990825460188750 end_tick=1990825460238916 ms_per_tick=9.9999999999999995e-07 device_ms=0.050165999999999995
PRODUCER_KERNEL_V1 stage=0 raw_iteration=2147483650 ordinal=2 kernel=owner_pack_faces threads=1533387 begin_tick=1990825460326875 end_tick=1990825460413333 ms_per_tick=9.9999999999999995e-07 device_ms=0.086457999999999993
PRODUCER_KERNEL_V1 stage=0 raw_iteration=2147483650 ordinal=3 kernel=fct_extract_gas_density threads=504666 begin_tick=1990825460347625 end_tick=1990825460396375 ms_per_tick=9.9999999999999995e-07 device_ms=0.048749999999999995
PRODUCER_KERNEL_V1 stage=0 raw_iteration=2147483650 ordinal=4 kernel=owner_gas_source threads=504666 begin_tick=1990825460398291 end_tick=1990825460443958 ms_per_tick=9.9999999999999995e-07 device_ms=0.045666999999999999
PRODUCER_KERNEL_V1 stage=0 raw_iteration=2147483650 ordinal=5 kernel=evaluate_resident_transport threads=504666 begin_tick=1990825460521833 end_tick=1990825460974125 ms_per_tick=9.9999999999999995e-07 device_ms=0.45229199999999997
PRODUCER_KERNEL_V1 stage=0 raw_iteration=2147483650 ordinal=6 kernel=identify_resident_transport threads=1 begin_tick=1990825460974458 end_tick=1990825460977958 ms_per_tick=9.9999999999999995e-07 device_ms=0.0034999999999999996
PRODUCER_KERNEL_V1 stage=0 raw_iteration=2147483650 ordinal=7 kernel=owner_bind_transport threads=1 begin_tick=1990825460978416 end_tick=1990825460982208 ms_per_tick=9.9999999999999995e-07 device_ms=0.0037919999999999998
PRODUCER_KERNEL_V1 stage=0 raw_iteration=2147483650 ordinal=8 kernel=identify_resident_owner_endpoint_class threads=1 begin_tick=1990825460982500 end_tick=1990825460986250 ms_per_tick=9.9999999999999995e-07 device_ms=0.0037499999999999999
PRODUCER_KERNEL_V1 stage=0 raw_iteration=2147483650 ordinal=9 kernel=evaluate_resident_physical_flux threads=1533387 begin_tick=1990825461944083 end_tick=1990825463059250 ms_per_tick=9.9999999999999995e-07 device_ms=1.115167
PRODUCER_KERNEL_V1 stage=0 raw_iteration=2147483650 ordinal=10 kernel=evaluate_resident_advective_pair threads=13800483 begin_tick=1990825463338791 end_tick=1990825470855875 ms_per_tick=9.9999999999999995e-07 device_ms=7.5170839999999997
PRODUCER_KERNEL_V1 stage=0 raw_iteration=2147483650 ordinal=11 kernel=finalize_resident_advective_high threads=13800483 begin_tick=1990825470856750 end_tick=1990825471276625 ms_per_tick=9.9999999999999995e-07 device_ms=0.419875
PRODUCER_KERNEL_V1 stage=0 raw_iteration=2147483650 ordinal=12 kernel=compose_resident_flux_pair threads=13800483 begin_tick=1990825471277000 end_tick=1990825472164291 ms_per_tick=9.9999999999999995e-07 device_ms=0.88729099999999994
PRODUCER_KERNEL_V1 stage=0 raw_iteration=2147483650 ordinal=13 kernel=validate_resident_physical_flux threads=13800483 begin_tick=1990825472164666 end_tick=1990825472996458 ms_per_tick=9.9999999999999995e-07 device_ms=0.83179199999999998
PRODUCER_KERNEL_V1 stage=0 raw_iteration=2147483650 ordinal=14 kernel=identify_resident_physical_flux threads=32 begin_tick=1990825472997166 end_tick=1990825473003416 ms_per_tick=9.9999999999999995e-07 device_ms=0.0062499999999999995
PRODUCER_KERNEL_V1 stage=0 raw_iteration=2147483650 ordinal=15 kernel=fct_build_ratios threads=5551326 begin_tick=1990825473003958 end_tick=1990825476591458 ms_per_tick=9.9999999999999995e-07 device_ms=3.5874999999999999
PRODUCER_KERNEL_V1 stage=0 raw_iteration=2147483650 ordinal=16 kernel=fct_build_face_alpha threads=1533387 begin_tick=1990825476592208 end_tick=1990825476863000 ms_per_tick=9.9999999999999995e-07 device_ms=0.27079199999999998
PRODUCER_KERNEL_V1 stage=0 raw_iteration=2147483650 ordinal=17 kernel=fct_commit_scalar threads=504666 begin_tick=1990825476863416 end_tick=1990825477053791 ms_per_tick=9.9999999999999995e-07 device_ms=0.19037499999999999
PRODUCER_KERNEL_V1 stage=0 raw_iteration=2147483650 ordinal=18 kernel=owner_bind_candidate threads=1 begin_tick=1990825477054291 end_tick=1990825477058250 ms_per_tick=9.9999999999999995e-07 device_ms=0.0039589999999999998
PRODUCER_KERNEL_V1 stage=0 raw_iteration=2147483650 ordinal=19 kernel=finalize_resident_eos_candidate threads=1 begin_tick=1990825477058750 end_tick=1990825477061166 ms_per_tick=9.9999999999999995e-07 device_ms=0.0024159999999999997
PRODUCER_KERNEL_V1 stage=0 raw_iteration=2147483650 ordinal=20 kernel=build_eos_endpoint_table threads=14 begin_tick=1990825477062125 end_tick=1990825477355500 ms_per_tick=9.9999999999999995e-07 device_ms=0.293375
PRODUCER_KERNEL_V1 stage=0 raw_iteration=2147483650 ordinal=21 kernel=evaluate_resident_eos_candidate threads=504666 begin_tick=1990825477355916 end_tick=1990825541117583 ms_per_tick=9.9999999999999995e-07 device_ms=63.761666999999996
PRODUCER_KERNEL_V1 stage=0 raw_iteration=2147483650 ordinal=22 kernel=finalize_resident_eos_candidate threads=1 begin_tick=1990825541131791 end_tick=1990825541134583 ms_per_tick=9.9999999999999995e-07 device_ms=0.0027919999999999998
PRODUCER_KERNEL_V1 stage=0 raw_iteration=2147483650 ordinal=23 kernel=identify_resident_eos threads=1 begin_tick=1990825541134958 end_tick=1990825541137708 ms_per_tick=9.9999999999999995e-07 device_ms=0.0027499999999999998
PRODUCER_KERNEL_V1 stage=0 raw_iteration=2147483650 ordinal=24 kernel=produce_resident_frozen_source threads=504666 begin_tick=1990825541138000 end_tick=1990825541169541 ms_per_tick=9.9999999999999995e-07 device_ms=0.031541
PRODUCER_KERNEL_V1 stage=0 raw_iteration=2147483650 ordinal=25 kernel=identify_resident_frozen_source threads=1 begin_tick=1990825541169916 end_tick=1990825541172958 ms_per_tick=9.9999999999999995e-07 device_ms=0.003042
PRODUCER_KERNEL_V1 stage=0 raw_iteration=2147483650 ordinal=26 kernel=evaluate_resident_target_terms threads=504666 begin_tick=1990825541173375 end_tick=1990825655119375 ms_per_tick=9.9999999999999995e-07 device_ms=113.946
PRODUCER_KERNEL_V1 stage=0 raw_iteration=2147483650 ordinal=27 kernel=finalize_resident_target threads=1 begin_tick=1990825655135875 end_tick=1990825655139041 ms_per_tick=9.9999999999999995e-07 device_ms=0.003166
PRODUCER_KERNEL_V1 stage=0 raw_iteration=2147483650 ordinal=28 kernel=identify_resident_target threads=1 begin_tick=1990825655139333 end_tick=1990825655145708 ms_per_tick=9.9999999999999995e-07 device_ms=0.0063749999999999996
PRODUCER_KERNEL_V1 stage=0 raw_iteration=2147483650 ordinal=29 kernel=issue_resident_projection_consumer threads=1 begin_tick=1990825655146125 end_tick=1990825655150333 ms_per_tick=9.9999999999999995e-07 device_ms=0.0042079999999999999
PRODUCER_KERNEL_V1 stage=0 raw_iteration=2147483650 ordinal=30 kernel=consume_resident_target threads=1 begin_tick=1990825655150708 end_tick=1990825655154791 ms_per_tick=9.9999999999999995e-07 device_ms=0.0040829999999999998
PRODUCER_KERNEL_V1 stage=0 raw_iteration=2147483650 ordinal=31 kernel=owner_compose_target threads=504666 begin_tick=1990825655155208 end_tick=1990825655234833 ms_per_tick=9.9999999999999995e-07 device_ms=0.079625000000000001
PRODUCER_KERNEL_V1 stage=0 raw_iteration=2147483650 ordinal=32 kernel=finalize_resident_target threads=1 begin_tick=1990825655235166 end_tick=1990825655237625 ms_per_tick=9.9999999999999995e-07 device_ms=0.0024589999999999998
PRODUCER_KERNEL_V1 stage=0 raw_iteration=2147483650 ordinal=33 kernel=owner_identify_target threads=1 begin_tick=1990825655238000 end_tick=1990825655241083 ms_per_tick=9.9999999999999995e-07 device_ms=0.0030829999999999998
PRODUCER_KERNEL_V1 stage=0 raw_iteration=2147483650 ordinal=34 kernel=issue_resident_projection_consumer threads=1 begin_tick=1990825655241458 end_tick=1990825655244458 ms_per_tick=9.9999999999999995e-07 device_ms=0.0030000000000000001
PRODUCER_KERNEL_V1 stage=0 raw_iteration=2147483650 ordinal=35 kernel=consume_resident_target threads=1 begin_tick=1990825655244833 end_tick=1990825655250916 ms_per_tick=9.9999999999999995e-07 device_ms=0.0060829999999999999
PRODUCER_KERNEL_V1 stage=0 raw_iteration=2147483650 ordinal=36 kernel=owner_issue_stage_seal threads=1 begin_tick=1990825655251333 end_tick=1990825655254250 ms_per_tick=9.9999999999999995e-07 device_ms=0.0029169999999999999
PRODUCER_KERNEL_V1 stage=0 raw_iteration=2147483650 ordinal=37 kernel=fct_compatible_stage_rate threads=1533387 begin_tick=1990825655254666 end_tick=1990825655765875 ms_per_tick=9.9999999999999995e-07 device_ms=0.51120900000000002
PRODUCER_KERNEL_V1 stage=0 raw_iteration=2147483650 ordinal=38 kernel=owner_predict_momentum threads=1533387 begin_tick=1990825655766541 end_tick=1990825655819833 ms_per_tick=9.9999999999999995e-07 device_ms=0.053291999999999999
RISE_FIRE_OWNER_PROFILE_V1 {"scope":33,"parent":28,"phase":"BuildStageProducerGroup","stage":0,"raw_iteration":2147483650,"iteration_kind":"terminal","wall_ms":277.218000000,"device_sum_ms":195.846541552,"wall_minus_device_ms":81.371458448,"exclusive_wall_ms":277.218000000,"exclusive_device_sum_ms":195.846541552,"child_observer_wall_ms":0.000000000,"count_scope":"inclusive","owner_commits":1,"projection_invocations":0}
RISE_FIRE_OWNER_PROFILE_V1 {"scope":34,"parent":28,"phase":"AlphaResidual","stage":0,"raw_iteration":2147483650,"iteration_kind":"terminal","wall_ms":0.234958000,"device_sum_ms":0.052875141,"wall_minus_device_ms":0.182082859,"exclusive_wall_ms":0.234958000,"exclusive_device_sum_ms":0.052875141,"child_observer_wall_ms":0.000000000,"count_scope":"inclusive","owner_commits":1,"projection_invocations":0}
RISE_FIRE_OWNER_PROFILE_V1 {"scope":35,"parent":28,"phase":"Residual","stage":0,"raw_iteration":2147483650,"iteration_kind":"terminal","wall_ms":0.283792000,"device_sum_ms":0.113333343,"wall_minus_device_ms":0.170458657,"exclusive_wall_ms":0.283792000,"exclusive_device_sum_ms":0.113333343,"child_observer_wall_ms":0.000000000,"count_scope":"inclusive","owner_commits":1,"projection_invocations":0}
RISE_FIRE_OWNER_PROFILE_V1 {"scope":28,"parent":21,"phase":"TerminalVerification","stage":0,"raw_iteration":2147483650,"iteration_kind":"terminal","wall_ms":290.613292000,"device_sum_ms":205.125292065,"wall_minus_device_ms":85.487999935,"exclusive_wall_ms":0.004250000,"exclusive_device_sum_ms":0.000000000,"child_observer_wall_ms":0.037208000,"count_scope":"inclusive","owner_commits":7,"projection_invocations":1}
RISE_FIRE_OWNER_PROFILE_V1 {"scope":21,"parent":3,"phase":"PicardIteration","stage":0,"raw_iteration":2,"iteration_kind":"picard","wall_ms":582.374500000,"device_sum_ms":410.792542389,"wall_minus_device_ms":171.581957611,"exclusive_wall_ms":0.400582000,"exclusive_device_sum_ms":0.000000000,"child_observer_wall_ms":0.032750000,"count_scope":"inclusive","owner_commits":13,"projection_invocations":2}
RISE_FIRE_OWNER_PROFILE_V1 {"scope":3,"parent":1,"phase":"SolveStage","stage":0,"raw_iteration":4294967295,"iteration_kind":"bootstrap","wall_ms":1468.425792000,"device_sum_ms":1035.656458698,"wall_minus_device_ms":432.769333302,"exclusive_wall_ms":1.540625000,"exclusive_device_sum_ms":0.000000000,"child_observer_wall_ms":0.029208000,"count_scope":"inclusive","owner_commits":28,"projection_invocations":5}
RISE_FIRE_OWNER_PROFILE_V1 {"scope":38,"parent":37,"phase":"ProjectionAdapter","stage":1,"raw_iteration":4294967295,"iteration_kind":"bootstrap","wall_ms":11.749208000,"device_sum_ms":9.057541844,"wall_minus_device_ms":2.691666156,"exclusive_wall_ms":11.749208000,"exclusive_device_sum_ms":9.057541844,"child_observer_wall_ms":0.000000000,"count_scope":"inclusive","owner_commits":0,"projection_invocations":1}
RISE_FIRE_OWNER_PROFILE_V1 {"scope":37,"parent":36,"phase":"Project","stage":1,"raw_iteration":4294967295,"iteration_kind":"bootstrap","wall_ms":12.323792000,"device_sum_ms":9.099416668,"wall_minus_device_ms":3.224375332,"exclusive_wall_ms":0.568917000,"exclusive_device_sum_ms":0.041874824,"child_observer_wall_ms":0.005667000,"count_scope":"inclusive","owner_commits":2,"projection_invocations":1}
PRODUCER_COMMAND_V1 stage=1 raw_iteration=4294967295 cpu_begin=1990825670924416 cpu_end=1990825950622125 gpu_begin=1990825670924416 gpu_end=1990825950622125 device_ms=198.22933338582516 encoders=42 interval_scope=possibly_overlapping
PRODUCER_KERNEL_V1 stage=1 raw_iteration=4294967295 ordinal=0 kernel=owner_pack_faces threads=1533387 begin_tick=1990825752278625 end_tick=1990825752394875 ms_per_tick=9.9999999999999995e-07 device_ms=0.11624999999999999
PRODUCER_KERNEL_V1 stage=1 raw_iteration=4294967295 ordinal=1 kernel=owner_pack_faces threads=1533387 begin_tick=1990825752394666 end_tick=1990825752830791 ms_per_tick=9.9999999999999995e-07 device_ms=0.43612499999999998
PRODUCER_KERNEL_V1 stage=1 raw_iteration=4294967295 ordinal=2 kernel=owner_pack_faces threads=1533387 begin_tick=1990825752275958 end_tick=1990825752394666 ms_per_tick=9.9999999999999995e-07 device_ms=0.11870799999999999
PRODUCER_KERNEL_V1 stage=1 raw_iteration=4294967295 ordinal=3 kernel=fct_extract_gas_density threads=504666 begin_tick=1990825752830791 end_tick=1990825752855333 ms_per_tick=9.9999999999999995e-07 device_ms=0.024541999999999998
PRODUCER_KERNEL_V1 stage=1 raw_iteration=4294967295 ordinal=4 kernel=owner_gas_source threads=504666 begin_tick=1990825752855333 end_tick=1990825752905875 ms_per_tick=9.9999999999999995e-07 device_ms=0.050541999999999997
PRODUCER_KERNEL_V1 stage=1 raw_iteration=4294967295 ordinal=5 kernel=evaluate_resident_transport threads=504666 begin_tick=1990825752395250 end_tick=1990825752859750 ms_per_tick=9.9999999999999995e-07 device_ms=0.46449999999999997
PRODUCER_KERNEL_V1 stage=1 raw_iteration=4294967295 ordinal=6 kernel=identify_resident_transport threads=1 begin_tick=1990825752860583 end_tick=1990825752888833 ms_per_tick=9.9999999999999995e-07 device_ms=0.028249999999999997
PRODUCER_KERNEL_V1 stage=1 raw_iteration=4294967295 ordinal=7 kernel=owner_bind_transport threads=1 begin_tick=1990825752891750 end_tick=1990825752906125 ms_per_tick=9.9999999999999995e-07 device_ms=0.014374999999999999
PRODUCER_KERNEL_V1 stage=1 raw_iteration=4294967295 ordinal=8 kernel=identify_resident_owner_endpoint_class threads=1 begin_tick=1990825752906541 end_tick=1990825752910291 ms_per_tick=9.9999999999999995e-07 device_ms=0.0037499999999999999
PRODUCER_KERNEL_V1 stage=1 raw_iteration=4294967295 ordinal=9 kernel=evaluate_resident_physical_flux threads=1533387 begin_tick=1990825753709250 end_tick=1990825754867458 ms_per_tick=9.9999999999999995e-07 device_ms=1.1582079999999999
PRODUCER_KERNEL_V1 stage=1 raw_iteration=4294967295 ordinal=10 kernel=evaluate_resident_advective_pair threads=13800483 begin_tick=1990825755170916 end_tick=1990825762358583 ms_per_tick=9.9999999999999995e-07 device_ms=7.1876669999999994
PRODUCER_KERNEL_V1 stage=1 raw_iteration=4294967295 ordinal=11 kernel=finalize_resident_advective_high threads=13800483 begin_tick=1990825762393291 end_tick=1990825762979166 ms_per_tick=9.9999999999999995e-07 device_ms=0.58587499999999992
PRODUCER_KERNEL_V1 stage=1 raw_iteration=4294967295 ordinal=12 kernel=compose_resident_flux_pair threads=13800483 begin_tick=1990825762979541 end_tick=1990825763866375 ms_per_tick=9.9999999999999995e-07 device_ms=0.88683400000000001
PRODUCER_KERNEL_V1 stage=1 raw_iteration=4294967295 ordinal=13 kernel=validate_resident_physical_flux threads=13800483 begin_tick=1990825763867041 end_tick=1990825764703000 ms_per_tick=9.9999999999999995e-07 device_ms=0.83595900000000001
PRODUCER_KERNEL_V1 stage=1 raw_iteration=4294967295 ordinal=14 kernel=identify_resident_physical_flux threads=32 begin_tick=1990825764703583 end_tick=1990825764707458 ms_per_tick=9.9999999999999995e-07 device_ms=0.003875
PRODUCER_KERNEL_V1 stage=1 raw_iteration=4294967295 ordinal=15 kernel=owner_average_flux threads=13800483 begin_tick=1990825764708041 end_tick=1990825765504916 ms_per_tick=9.9999999999999995e-07 device_ms=0.796875
PRODUCER_KERNEL_V1 stage=1 raw_iteration=4294967295 ordinal=16 kernel=owner_bind_averaged_flux threads=1 begin_tick=1990825765505458 end_tick=1990825765509208 ms_per_tick=9.9999999999999995e-07 device_ms=0.0037499999999999999
PRODUCER_KERNEL_V1 stage=1 raw_iteration=4294967295 ordinal=17 kernel=fct_build_ratios threads=5551326 begin_tick=1990825765509750 end_tick=1990825769116916 ms_per_tick=9.9999999999999995e-07 device_ms=3.6071659999999999
PRODUCER_KERNEL_V1 stage=1 raw_iteration=4294967295 ordinal=18 kernel=fct_build_face_alpha threads=1533387 begin_tick=1990825769117708 end_tick=1990825769389125 ms_per_tick=9.9999999999999995e-07 device_ms=0.27141699999999996
PRODUCER_KERNEL_V1 stage=1 raw_iteration=4294967295 ordinal=19 kernel=fct_commit_scalar threads=504666 begin_tick=1990825769389750 end_tick=1990825769593791 ms_per_tick=9.9999999999999995e-07 device_ms=0.204041
PRODUCER_KERNEL_V1 stage=1 raw_iteration=4294967295 ordinal=20 kernel=owner_bind_candidate threads=1 begin_tick=1990825769594375 end_tick=1990825769627833 ms_per_tick=9.9999999999999995e-07 device_ms=0.033458000000000002
PRODUCER_KERNEL_V1 stage=1 raw_iteration=4294967295 ordinal=21 kernel=finalize_resident_eos_candidate threads=1 begin_tick=1990825769628416 end_tick=1990825769630708 ms_per_tick=9.9999999999999995e-07 device_ms=0.0022919999999999998
PRODUCER_KERNEL_V1 stage=1 raw_iteration=4294967295 ordinal=22 kernel=build_eos_endpoint_table threads=14 begin_tick=1990825769631166 end_tick=1990825769922583 ms_per_tick=9.9999999999999995e-07 device_ms=0.29141699999999998
PRODUCER_KERNEL_V1 stage=1 raw_iteration=4294967295 ordinal=23 kernel=evaluate_resident_eos_candidate threads=504666 begin_tick=1990825769923000 end_tick=1990825834615875 ms_per_tick=9.9999999999999995e-07 device_ms=64.692875000000001
PRODUCER_KERNEL_V1 stage=1 raw_iteration=4294967295 ordinal=24 kernel=finalize_resident_eos_candidate threads=1 begin_tick=1990825834631625 end_tick=1990825834634458 ms_per_tick=9.9999999999999995e-07 device_ms=0.002833
PRODUCER_KERNEL_V1 stage=1 raw_iteration=4294967295 ordinal=25 kernel=identify_resident_eos threads=1 begin_tick=1990825834634750 end_tick=1990825834637541 ms_per_tick=9.9999999999999995e-07 device_ms=0.0027910000000000001
PRODUCER_KERNEL_V1 stage=1 raw_iteration=4294967295 ordinal=26 kernel=produce_resident_frozen_source threads=504666 begin_tick=1990825834637875 end_tick=1990825834668791 ms_per_tick=9.9999999999999995e-07 device_ms=0.030915999999999999
PRODUCER_KERNEL_V1 stage=1 raw_iteration=4294967295 ordinal=27 kernel=identify_resident_frozen_source threads=1 begin_tick=1990825834669208 end_tick=1990825834672125 ms_per_tick=9.9999999999999995e-07 device_ms=0.0029169999999999999
PRODUCER_KERNEL_V1 stage=1 raw_iteration=4294967295 ordinal=28 kernel=evaluate_resident_target_terms threads=504666 begin_tick=1990825834672500 end_tick=1990825949316250 ms_per_tick=9.9999999999999995e-07 device_ms=114.64375
PRODUCER_KERNEL_V1 stage=1 raw_iteration=4294967295 ordinal=29 kernel=finalize_resident_target threads=1 begin_tick=1990825949332125 end_tick=1990825949335333 ms_per_tick=9.9999999999999995e-07 device_ms=0.0032079999999999999
PRODUCER_KERNEL_V1 stage=1 raw_iteration=4294967295 ordinal=30 kernel=identify_resident_target threads=1 begin_tick=1990825949335708 end_tick=1990825949338625 ms_per_tick=9.9999999999999995e-07 device_ms=0.0029169999999999999
PRODUCER_KERNEL_V1 stage=1 raw_iteration=4294967295 ordinal=31 kernel=issue_resident_projection_consumer threads=1 begin_tick=1990825949339041 end_tick=1990825949343375 ms_per_tick=9.9999999999999995e-07 device_ms=0.0043340000000000002
PRODUCER_KERNEL_V1 stage=1 raw_iteration=4294967295 ordinal=32 kernel=consume_resident_target threads=1 begin_tick=1990825949343708 end_tick=1990825949347541 ms_per_tick=9.9999999999999995e-07 device_ms=0.003833
PRODUCER_KERNEL_V1 stage=1 raw_iteration=4294967295 ordinal=33 kernel=owner_compose_target threads=504666 begin_tick=1990825949347916 end_tick=1990825949379208 ms_per_tick=9.9999999999999995e-07 device_ms=0.031292
PRODUCER_KERNEL_V1 stage=1 raw_iteration=4294967295 ordinal=34 kernel=finalize_resident_target threads=1 begin_tick=1990825949379541 end_tick=1990825949381833 ms_per_tick=9.9999999999999995e-07 device_ms=0.0022919999999999998
PRODUCER_KERNEL_V1 stage=1 raw_iteration=4294967295 ordinal=35 kernel=owner_identify_target threads=1 begin_tick=1990825949382125 end_tick=1990825949385166 ms_per_tick=9.9999999999999995e-07 device_ms=0.0030409999999999999
PRODUCER_KERNEL_V1 stage=1 raw_iteration=4294967295 ordinal=36 kernel=issue_resident_projection_consumer threads=1 begin_tick=1990825949385583 end_tick=1990825949388375 ms_per_tick=9.9999999999999995e-07 device_ms=0.0027919999999999998
PRODUCER_KERNEL_V1 stage=1 raw_iteration=4294967295 ordinal=37 kernel=consume_resident_target threads=1 begin_tick=1990825949388791 end_tick=1990825949392208 ms_per_tick=9.9999999999999995e-07 device_ms=0.0034169999999999999
PRODUCER_KERNEL_V1 stage=1 raw_iteration=4294967295 ordinal=38 kernel=owner_issue_stage_seal threads=1 begin_tick=1990825949392625 end_tick=1990825949395708 ms_per_tick=9.9999999999999995e-07 device_ms=0.0030829999999999998
PRODUCER_KERNEL_V1 stage=1 raw_iteration=4294967295 ordinal=39 kernel=fct_compatible_stage_rate threads=1533387 begin_tick=1990825949396166 end_tick=1990825949905625 ms_per_tick=9.9999999999999995e-07 device_ms=0.509459
PRODUCER_KERNEL_V1 stage=1 raw_iteration=4294967295 ordinal=40 kernel=fct_compatible_stage_rate threads=1533387 begin_tick=1990825949906208 end_tick=1990825950408375 ms_per_tick=9.9999999999999995e-07 device_ms=0.50216700000000003
PRODUCER_KERNEL_V1 stage=1 raw_iteration=4294967295 ordinal=41 kernel=owner_heun_momentum threads=1533387 begin_tick=1990825950408791 end_tick=1990825950498666 ms_per_tick=9.9999999999999995e-07 device_ms=0.089874999999999997
RISE_FIRE_OWNER_PROFILE_V1 {"scope":39,"parent":36,"phase":"BuildStageProducerGroup","stage":1,"raw_iteration":4294967295,"iteration_kind":"bootstrap","wall_ms":279.883584000,"device_sum_ms":198.229333386,"wall_minus_device_ms":81.654250614,"exclusive_wall_ms":279.883584000,"exclusive_device_sum_ms":198.229333386,"child_observer_wall_ms":0.000000000,"count_scope":"inclusive","owner_commits":1,"projection_invocations":0}
RISE_FIRE_OWNER_PROFILE_V1 {"scope":42,"parent":41,"phase":"ProjectionAdapter","stage":1,"raw_iteration":0,"iteration_kind":"picard","wall_ms":12.337917000,"device_sum_ms":9.008333553,"wall_minus_device_ms":3.329583447,"exclusive_wall_ms":12.337917000,"exclusive_device_sum_ms":9.008333553,"child_observer_wall_ms":0.000000000,"count_scope":"inclusive","owner_commits":0,"projection_invocations":1}
RISE_FIRE_OWNER_PROFILE_V1 {"scope":41,"parent":40,"phase":"Project","stage":1,"raw_iteration":0,"iteration_kind":"picard","wall_ms":12.997291000,"device_sum_ms":9.054833790,"wall_minus_device_ms":3.942457210,"exclusive_wall_ms":0.647249000,"exclusive_device_sum_ms":0.046500238,"child_observer_wall_ms":0.012125000,"count_scope":"inclusive","owner_commits":2,"projection_invocations":1}
RISE_FIRE_OWNER_PROFILE_V1 {"scope":43,"parent":40,"phase":"ReadOpenClass","stage":1,"raw_iteration":0,"iteration_kind":"picard","wall_ms":0.166000000,"device_sum_ms":0.002375105,"wall_minus_device_ms":0.163624895,"exclusive_wall_ms":0.166000000,"exclusive_device_sum_ms":0.002375105,"child_observer_wall_ms":0.000000000,"count_scope":"inclusive","owner_commits":1,"projection_invocations":0}
RISE_FIRE_OWNER_PROFILE_V1 {"scope":44,"parent":40,"phase":"ReadOpenClass","stage":1,"raw_iteration":0,"iteration_kind":"picard","wall_ms":0.146750000,"device_sum_ms":0.002374873,"wall_minus_device_ms":0.144375127,"exclusive_wall_ms":0.146750000,"exclusive_device_sum_ms":0.002374873,"child_observer_wall_ms":0.000000000,"count_scope":"inclusive","owner_commits":1,"projection_invocations":0}
PRODUCER_COMMAND_V1 stage=1 raw_iteration=0 cpu_begin=1990825964156416 cpu_end=1990826250711791 gpu_begin=1990825964156416 gpu_end=1990826250711791 device_ms=199.54687496647239 encoders=42 interval_scope=possibly_overlapping
PRODUCER_KERNEL_V1 stage=1 raw_iteration=0 ordinal=0 kernel=owner_pack_faces threads=1533387 begin_tick=1990826051040625 end_tick=1990826051098958 ms_per_tick=9.9999999999999995e-07 device_ms=0.058332999999999996
PRODUCER_KERNEL_V1 stage=1 raw_iteration=0 ordinal=1 kernel=owner_pack_faces threads=1533387 begin_tick=1990826051098958 end_tick=1990826051425750 ms_per_tick=9.9999999999999995e-07 device_ms=0.32679199999999997
PRODUCER_KERNEL_V1 stage=1 raw_iteration=0 ordinal=2 kernel=owner_pack_faces threads=1533387 begin_tick=1990826051037750 end_tick=1990826051099208 ms_per_tick=9.9999999999999995e-07 device_ms=0.061457999999999999
PRODUCER_KERNEL_V1 stage=1 raw_iteration=0 ordinal=3 kernel=fct_extract_gas_density threads=504666 begin_tick=1990826051099458 end_tick=1990826051152250 ms_per_tick=9.9999999999999995e-07 device_ms=0.052791999999999999
PRODUCER_KERNEL_V1 stage=1 raw_iteration=0 ordinal=4 kernel=owner_gas_source threads=504666 begin_tick=1990826051426166 end_tick=1990826051599958 ms_per_tick=9.9999999999999995e-07 device_ms=0.173792
PRODUCER_KERNEL_V1 stage=1 raw_iteration=0 ordinal=5 kernel=evaluate_resident_transport threads=504666 begin_tick=1990826051152250 end_tick=1990826051613750 ms_per_tick=9.9999999999999995e-07 device_ms=0.46149999999999997
PRODUCER_KERNEL_V1 stage=1 raw_iteration=0 ordinal=6 kernel=identify_resident_transport threads=1 begin_tick=1990826051614166 end_tick=1990826051617208 ms_per_tick=9.9999999999999995e-07 device_ms=0.003042
PRODUCER_KERNEL_V1 stage=1 raw_iteration=0 ordinal=7 kernel=owner_bind_transport threads=1 begin_tick=1990826051617791 end_tick=1990826051621666 ms_per_tick=9.9999999999999995e-07 device_ms=0.003875
PRODUCER_KERNEL_V1 stage=1 raw_iteration=0 ordinal=8 kernel=identify_resident_owner_endpoint_class threads=1 begin_tick=1990826051622083 end_tick=1990826051625666 ms_per_tick=9.9999999999999995e-07 device_ms=0.0035829999999999998
PRODUCER_KERNEL_V1 stage=1 raw_iteration=0 ordinal=9 kernel=evaluate_resident_physical_flux threads=1533387 begin_tick=1990826052421250 end_tick=1990826053793250 ms_per_tick=9.9999999999999995e-07 device_ms=1.3719999999999999
PRODUCER_KERNEL_V1 stage=1 raw_iteration=0 ordinal=10 kernel=evaluate_resident_advective_pair threads=13800483 begin_tick=1990826053911625 end_tick=1990826061040583 ms_per_tick=9.9999999999999995e-07 device_ms=7.1289579999999999
PRODUCER_KERNEL_V1 stage=1 raw_iteration=0 ordinal=11 kernel=finalize_resident_advective_high threads=13800483 begin_tick=1990826061041416 end_tick=1990826061464791 ms_per_tick=9.9999999999999995e-07 device_ms=0.423375
PRODUCER_KERNEL_V1 stage=1 raw_iteration=0 ordinal=12 kernel=compose_resident_flux_pair threads=13800483 begin_tick=1990826061465166 end_tick=1990826062346291 ms_per_tick=9.9999999999999995e-07 device_ms=0.88112499999999994
PRODUCER_KERNEL_V1 stage=1 raw_iteration=0 ordinal=13 kernel=validate_resident_physical_flux threads=13800483 begin_tick=1990826062346916 end_tick=1990826063376708 ms_per_tick=9.9999999999999995e-07 device_ms=1.029792
PRODUCER_KERNEL_V1 stage=1 raw_iteration=0 ordinal=14 kernel=identify_resident_physical_flux threads=32 begin_tick=1990826063377333 end_tick=1990826063380750 ms_per_tick=9.9999999999999995e-07 device_ms=0.0034169999999999999
PRODUCER_KERNEL_V1 stage=1 raw_iteration=0 ordinal=15 kernel=owner_average_flux threads=13800483 begin_tick=1990826063381208 end_tick=1990826064193333 ms_per_tick=9.9999999999999995e-07 device_ms=0.81212499999999999
PRODUCER_KERNEL_V1 stage=1 raw_iteration=0 ordinal=16 kernel=owner_bind_averaged_flux threads=1 begin_tick=1990826064193916 end_tick=1990826064197791 ms_per_tick=9.9999999999999995e-07 device_ms=0.003875
PRODUCER_KERNEL_V1 stage=1 raw_iteration=0 ordinal=17 kernel=fct_build_ratios threads=5551326 begin_tick=1990826064198250 end_tick=1990826067904041 ms_per_tick=9.9999999999999995e-07 device_ms=3.7057909999999996
PRODUCER_KERNEL_V1 stage=1 raw_iteration=0 ordinal=18 kernel=fct_build_face_alpha threads=1533387 begin_tick=1990826067904708 end_tick=1990826068175083 ms_per_tick=9.9999999999999995e-07 device_ms=0.27037499999999998
PRODUCER_KERNEL_V1 stage=1 raw_iteration=0 ordinal=19 kernel=fct_commit_scalar threads=504666 begin_tick=1990826068175750 end_tick=1990826068368083 ms_per_tick=9.9999999999999995e-07 device_ms=0.192333
PRODUCER_KERNEL_V1 stage=1 raw_iteration=0 ordinal=20 kernel=owner_bind_candidate threads=1 begin_tick=1990826068368458 end_tick=1990826068372416 ms_per_tick=9.9999999999999995e-07 device_ms=0.0039579999999999997
PRODUCER_KERNEL_V1 stage=1 raw_iteration=0 ordinal=21 kernel=finalize_resident_eos_candidate threads=1 begin_tick=1990826068372875 end_tick=1990826068375416 ms_per_tick=9.9999999999999995e-07 device_ms=0.0025409999999999999
PRODUCER_KERNEL_V1 stage=1 raw_iteration=0 ordinal=22 kernel=build_eos_endpoint_table threads=14 begin_tick=1990826068375875 end_tick=1990826068665750 ms_per_tick=9.9999999999999995e-07 device_ms=0.28987499999999999
PRODUCER_KERNEL_V1 stage=1 raw_iteration=0 ordinal=23 kernel=evaluate_resident_eos_candidate threads=504666 begin_tick=1990826068666166 end_tick=1990826135009333 ms_per_tick=9.9999999999999995e-07 device_ms=66.343166999999994
PRODUCER_KERNEL_V1 stage=1 raw_iteration=0 ordinal=24 kernel=finalize_resident_eos_candidate threads=1 begin_tick=1990826135025666 end_tick=1990826135028166 ms_per_tick=9.9999999999999995e-07 device_ms=0.0025000000000000001
PRODUCER_KERNEL_V1 stage=1 raw_iteration=0 ordinal=25 kernel=identify_resident_eos threads=1 begin_tick=1990826135028458 end_tick=1990826135031083 ms_per_tick=9.9999999999999995e-07 device_ms=0.0026249999999999997
PRODUCER_KERNEL_V1 stage=1 raw_iteration=0 ordinal=26 kernel=produce_resident_frozen_source threads=504666 begin_tick=1990826135031458 end_tick=1990826135061708 ms_per_tick=9.9999999999999995e-07 device_ms=0.030249999999999999
PRODUCER_KERNEL_V1 stage=1 raw_iteration=0 ordinal=27 kernel=identify_resident_frozen_source threads=1 begin_tick=1990826135062125 end_tick=1990826135067750 ms_per_tick=9.9999999999999995e-07 device_ms=0.0056249999999999998
PRODUCER_KERNEL_V1 stage=1 raw_iteration=0 ordinal=28 kernel=evaluate_resident_target_terms threads=504666 begin_tick=1990826135068166 end_tick=1990826249309375 ms_per_tick=9.9999999999999995e-07 device_ms=114.241209
PRODUCER_KERNEL_V1 stage=1 raw_iteration=0 ordinal=29 kernel=finalize_resident_target threads=1 begin_tick=1990826249324333 end_tick=1990826249327416 ms_per_tick=9.9999999999999995e-07 device_ms=0.0030829999999999998
PRODUCER_KERNEL_V1 stage=1 raw_iteration=0 ordinal=30 kernel=identify_resident_target threads=1 begin_tick=1990826249327791 end_tick=1990826249331041 ms_per_tick=9.9999999999999995e-07 device_ms=0.0032499999999999999
PRODUCER_KERNEL_V1 stage=1 raw_iteration=0 ordinal=31 kernel=issue_resident_projection_consumer threads=1 begin_tick=1990826249331458 end_tick=1990826249335416 ms_per_tick=9.9999999999999995e-07 device_ms=0.0039579999999999997
PRODUCER_KERNEL_V1 stage=1 raw_iteration=0 ordinal=32 kernel=consume_resident_target threads=1 begin_tick=1990826249335833 end_tick=1990826249339958 ms_per_tick=9.9999999999999995e-07 device_ms=0.0041250000000000002
PRODUCER_KERNEL_V1 stage=1 raw_iteration=0 ordinal=33 kernel=owner_compose_target threads=504666 begin_tick=1990826249340333 end_tick=1990826249419833 ms_per_tick=9.9999999999999995e-07 device_ms=0.079500000000000001
PRODUCER_KERNEL_V1 stage=1 raw_iteration=0 ordinal=34 kernel=finalize_resident_target threads=1 begin_tick=1990826249420166 end_tick=1990826249422916 ms_per_tick=9.9999999999999995e-07 device_ms=0.0027499999999999998
PRODUCER_KERNEL_V1 stage=1 raw_iteration=0 ordinal=35 kernel=owner_identify_target threads=1 begin_tick=1990826249423333 end_tick=1990826249426125 ms_per_tick=9.9999999999999995e-07 device_ms=0.0027919999999999998
PRODUCER_KERNEL_V1 stage=1 raw_iteration=0 ordinal=36 kernel=issue_resident_projection_consumer threads=1 begin_tick=1990826249426416 end_tick=1990826249429750 ms_per_tick=9.9999999999999995e-07 device_ms=0.0033339999999999997
PRODUCER_KERNEL_V1 stage=1 raw_iteration=0 ordinal=37 kernel=consume_resident_target threads=1 begin_tick=1990826249430083 end_tick=1990826249433333 ms_per_tick=9.9999999999999995e-07 device_ms=0.0032499999999999999
PRODUCER_KERNEL_V1 stage=1 raw_iteration=0 ordinal=38 kernel=owner_issue_stage_seal threads=1 begin_tick=1990826249433666 end_tick=1990826249436541 ms_per_tick=9.9999999999999995e-07 device_ms=0.002875
PRODUCER_KERNEL_V1 stage=1 raw_iteration=0 ordinal=39 kernel=fct_compatible_stage_rate threads=1533387 begin_tick=1990826249436916 end_tick=1990826249969291 ms_per_tick=9.9999999999999995e-07 device_ms=0.53237499999999993
PRODUCER_KERNEL_V1 stage=1 raw_iteration=0 ordinal=40 kernel=fct_compatible_stage_rate threads=1533387 begin_tick=1990826249969750 end_tick=1990826250481291 ms_per_tick=9.9999999999999995e-07 device_ms=0.51154100000000002
PRODUCER_KERNEL_V1 stage=1 raw_iteration=0 ordinal=41 kernel=owner_heun_momentum threads=1533387 begin_tick=1990826250481708 end_tick=1990826250578458 ms_per_tick=9.9999999999999995e-07 device_ms=0.096749999999999989
RISE_FIRE_OWNER_PROFILE_V1 {"scope":45,"parent":40,"phase":"BuildStageProducerGroup","stage":1,"raw_iteration":0,"iteration_kind":"picard","wall_ms":286.728667000,"device_sum_ms":199.546874966,"wall_minus_device_ms":87.181792034,"exclusive_wall_ms":286.728667000,"exclusive_device_sum_ms":199.546874966,"child_observer_wall_ms":0.000000000,"count_scope":"inclusive","owner_commits":1,"projection_invocations":0}
RISE_FIRE_OWNER_PROFILE_V1 {"scope":46,"parent":40,"phase":"Residual","stage":1,"raw_iteration":0,"iteration_kind":"picard","wall_ms":0.230458000,"device_sum_ms":0.022166641,"wall_minus_device_ms":0.208291359,"exclusive_wall_ms":0.230458000,"exclusive_device_sum_ms":0.022166641,"child_observer_wall_ms":0.000000000,"count_scope":"inclusive","owner_commits":1,"projection_invocations":0}
RISE_FIRE_OWNER_PROFILE_V1 {"scope":40,"parent":36,"phase":"PicardIteration","stage":1,"raw_iteration":0,"iteration_kind":"picard","wall_ms":300.711542000,"device_sum_ms":208.628625376,"wall_minus_device_ms":92.082916624,"exclusive_wall_ms":0.406335000,"exclusive_device_sum_ms":0.000000000,"child_observer_wall_ms":0.036041000,"count_scope":"inclusive","owner_commits":6,"projection_invocations":1}
RISE_FIRE_OWNER_PROFILE_V1 {"scope":49,"parent":48,"phase":"ProjectionAdapter","stage":1,"raw_iteration":1,"iteration_kind":"picard","wall_ms":11.675833000,"device_sum_ms":8.832833031,"wall_minus_device_ms":2.842999969,"exclusive_wall_ms":11.675833000,"exclusive_device_sum_ms":8.832833031,"child_observer_wall_ms":0.000000000,"count_scope":"inclusive","owner_commits":0,"projection_invocations":1}
RISE_FIRE_OWNER_PROFILE_V1 {"scope":48,"parent":47,"phase":"Project","stage":1,"raw_iteration":1,"iteration_kind":"picard","wall_ms":13.163709000,"device_sum_ms":8.878207998,"wall_minus_device_ms":4.285501002,"exclusive_wall_ms":1.476376000,"exclusive_device_sum_ms":0.045374967,"child_observer_wall_ms":0.011500000,"count_scope":"inclusive","owner_commits":2,"projection_invocations":1}
RISE_FIRE_OWNER_PROFILE_V1 {"scope":50,"parent":47,"phase":"ReadOpenClass","stage":1,"raw_iteration":1,"iteration_kind":"picard","wall_ms":0.153167000,"device_sum_ms":0.002416549,"wall_minus_device_ms":0.150750451,"exclusive_wall_ms":0.153167000,"exclusive_device_sum_ms":0.002416549,"child_observer_wall_ms":0.000000000,"count_scope":"inclusive","owner_commits":1,"projection_invocations":0}
RISE_FIRE_OWNER_PROFILE_V1 {"scope":51,"parent":47,"phase":"ReadOpenClass","stage":1,"raw_iteration":1,"iteration_kind":"picard","wall_ms":0.151542000,"device_sum_ms":0.002499903,"wall_minus_device_ms":0.149042097,"exclusive_wall_ms":0.151542000,"exclusive_device_sum_ms":0.002499903,"child_observer_wall_ms":0.000000000,"count_scope":"inclusive","owner_commits":1,"projection_invocations":0}
PRODUCER_COMMAND_V1 stage=1 raw_iteration=1 cpu_begin=1990826265015041 cpu_end=1990826545248666 gpu_begin=1990826265015041 gpu_end=1990826545248666 device_ms=198.40812520124018 encoders=42 interval_scope=possibly_overlapping
PRODUCER_KERNEL_V1 stage=1 raw_iteration=1 ordinal=0 kernel=owner_pack_faces threads=1533387 begin_tick=1990826346729666 end_tick=1990826346784041 ms_per_tick=9.9999999999999995e-07 device_ms=0.054375
PRODUCER_KERNEL_V1 stage=1 raw_iteration=1 ordinal=1 kernel=owner_pack_faces threads=1533387 begin_tick=1990826346784041 end_tick=1990826347140916 ms_per_tick=9.9999999999999995e-07 device_ms=0.356875
PRODUCER_KERNEL_V1 stage=1 raw_iteration=1 ordinal=2 kernel=owner_pack_faces threads=1533387 begin_tick=1990826346729250 end_tick=1990826346790708 ms_per_tick=9.9999999999999995e-07 device_ms=0.061457999999999999
PRODUCER_KERNEL_V1 stage=1 raw_iteration=1 ordinal=3 kernel=fct_extract_gas_density threads=504666 begin_tick=1990826346790708 end_tick=1990826346835583 ms_per_tick=9.9999999999999995e-07 device_ms=0.044874999999999998
PRODUCER_KERNEL_V1 stage=1 raw_iteration=1 ordinal=4 kernel=owner_gas_source threads=504666 begin_tick=1990826347141250 end_tick=1990826347288375 ms_per_tick=9.9999999999999995e-07 device_ms=0.14712500000000001
PRODUCER_KERNEL_V1 stage=1 raw_iteration=1 ordinal=5 kernel=evaluate_resident_transport threads=504666 begin_tick=1990826346835625 end_tick=1990826347302625 ms_per_tick=9.9999999999999995e-07 device_ms=0.46699999999999997
PRODUCER_KERNEL_V1 stage=1 raw_iteration=1 ordinal=6 kernel=identify_resident_transport threads=1 begin_tick=1990826347303041 end_tick=1990826347306250 ms_per_tick=9.9999999999999995e-07 device_ms=0.003209
PRODUCER_KERNEL_V1 stage=1 raw_iteration=1 ordinal=7 kernel=owner_bind_transport threads=1 begin_tick=1990826347306833 end_tick=1990826347310458 ms_per_tick=9.9999999999999995e-07 device_ms=0.0036249999999999998
PRODUCER_KERNEL_V1 stage=1 raw_iteration=1 ordinal=8 kernel=identify_resident_owner_endpoint_class threads=1 begin_tick=1990826347310833 end_tick=1990826347314166 ms_per_tick=9.9999999999999995e-07 device_ms=0.003333
PRODUCER_KERNEL_V1 stage=1 raw_iteration=1 ordinal=9 kernel=evaluate_resident_physical_flux threads=1533387 begin_tick=1990826348268916 end_tick=1990826349385166 ms_per_tick=9.9999999999999995e-07 device_ms=1.11625
PRODUCER_KERNEL_V1 stage=1 raw_iteration=1 ordinal=10 kernel=evaluate_resident_advective_pair threads=13800483 begin_tick=1990826349619291 end_tick=1990826356954416 ms_per_tick=9.9999999999999995e-07 device_ms=7.3351249999999997
PRODUCER_KERNEL_V1 stage=1 raw_iteration=1 ordinal=11 kernel=finalize_resident_advective_high threads=13800483 begin_tick=1990826356970333 end_tick=1990826357591000 ms_per_tick=9.9999999999999995e-07 device_ms=0.62066699999999997
PRODUCER_KERNEL_V1 stage=1 raw_iteration=1 ordinal=12 kernel=compose_resident_flux_pair threads=13800483 begin_tick=1990826357591375 end_tick=1990826358470291 ms_per_tick=9.9999999999999995e-07 device_ms=0.87891599999999992
PRODUCER_KERNEL_V1 stage=1 raw_iteration=1 ordinal=13 kernel=validate_resident_physical_flux threads=13800483 begin_tick=1990826358470833 end_tick=1990826359324166 ms_per_tick=9.9999999999999995e-07 device_ms=0.85333300000000001
PRODUCER_KERNEL_V1 stage=1 raw_iteration=1 ordinal=14 kernel=identify_resident_physical_flux threads=32 begin_tick=1990826359325250 end_tick=1990826359328708 ms_per_tick=9.9999999999999995e-07 device_ms=0.0034579999999999997
PRODUCER_KERNEL_V1 stage=1 raw_iteration=1 ordinal=15 kernel=owner_average_flux threads=13800483 begin_tick=1990826359329208 end_tick=1990826360140458 ms_per_tick=9.9999999999999995e-07 device_ms=0.81124999999999992
PRODUCER_KERNEL_V1 stage=1 raw_iteration=1 ordinal=16 kernel=owner_bind_averaged_flux threads=1 begin_tick=1990826360141000 end_tick=1990826360145125 ms_per_tick=9.9999999999999995e-07 device_ms=0.0041250000000000002
PRODUCER_KERNEL_V1 stage=1 raw_iteration=1 ordinal=17 kernel=fct_build_ratios threads=5551326 begin_tick=1990826360145583 end_tick=1990826363868083 ms_per_tick=9.9999999999999995e-07 device_ms=3.7224999999999997
PRODUCER_KERNEL_V1 stage=1 raw_iteration=1 ordinal=18 kernel=fct_build_face_alpha threads=1533387 begin_tick=1990826363868875 end_tick=1990826364141583 ms_per_tick=9.9999999999999995e-07 device_ms=0.27270800000000001
PRODUCER_KERNEL_V1 stage=1 raw_iteration=1 ordinal=19 kernel=fct_commit_scalar threads=504666 begin_tick=1990826364142208 end_tick=1990826364343125 ms_per_tick=9.9999999999999995e-07 device_ms=0.20091699999999998
PRODUCER_KERNEL_V1 stage=1 raw_iteration=1 ordinal=20 kernel=owner_bind_candidate threads=1 begin_tick=1990826364343500 end_tick=1990826364349833 ms_per_tick=9.9999999999999995e-07 device_ms=0.0063330000000000001
PRODUCER_KERNEL_V1 stage=1 raw_iteration=1 ordinal=21 kernel=finalize_resident_eos_candidate threads=1 begin_tick=1990826364350375 end_tick=1990826364352708 ms_per_tick=9.9999999999999995e-07 device_ms=0.002333
PRODUCER_KERNEL_V1 stage=1 raw_iteration=1 ordinal=22 kernel=build_eos_endpoint_table threads=14 begin_tick=1990826364353208 end_tick=1990826364645041 ms_per_tick=9.9999999999999995e-07 device_ms=0.29183300000000001
PRODUCER_KERNEL_V1 stage=1 raw_iteration=1 ordinal=23 kernel=evaluate_resident_eos_candidate threads=504666 begin_tick=1990826364645458 end_tick=1990826429653333 ms_per_tick=9.9999999999999995e-07 device_ms=65.007874999999999
PRODUCER_KERNEL_V1 stage=1 raw_iteration=1 ordinal=24 kernel=finalize_resident_eos_candidate threads=1 begin_tick=1990826429668916 end_tick=1990826429674625 ms_per_tick=9.9999999999999995e-07 device_ms=0.0057089999999999997
PRODUCER_KERNEL_V1 stage=1 raw_iteration=1 ordinal=25 kernel=identify_resident_eos threads=1 begin_tick=1990826429675000 end_tick=1990826429677833 ms_per_tick=9.9999999999999995e-07 device_ms=0.002833
PRODUCER_KERNEL_V1 stage=1 raw_iteration=1 ordinal=26 kernel=produce_resident_frozen_source threads=504666 begin_tick=1990826429678250 end_tick=1990826429711125 ms_per_tick=9.9999999999999995e-07 device_ms=0.032875000000000001
PRODUCER_KERNEL_V1 stage=1 raw_iteration=1 ordinal=27 kernel=identify_resident_frozen_source threads=1 begin_tick=1990826429711541 end_tick=1990826429714375 ms_per_tick=9.9999999999999995e-07 device_ms=0.0028339999999999997
PRODUCER_KERNEL_V1 stage=1 raw_iteration=1 ordinal=28 kernel=evaluate_resident_target_terms threads=504666 begin_tick=1990826429714791 end_tick=1990826543903875 ms_per_tick=9.9999999999999995e-07 device_ms=114.18908399999999
PRODUCER_KERNEL_V1 stage=1 raw_iteration=1 ordinal=29 kernel=finalize_resident_target threads=1 begin_tick=1990826543919333 end_tick=1990826543922500 ms_per_tick=9.9999999999999995e-07 device_ms=0.0031669999999999997
PRODUCER_KERNEL_V1 stage=1 raw_iteration=1 ordinal=30 kernel=identify_resident_target threads=1 begin_tick=1990826543922916 end_tick=1990826543925833 ms_per_tick=9.9999999999999995e-07 device_ms=0.0029169999999999999
PRODUCER_KERNEL_V1 stage=1 raw_iteration=1 ordinal=31 kernel=issue_resident_projection_consumer threads=1 begin_tick=1990826543926250 end_tick=1990826543930375 ms_per_tick=9.9999999999999995e-07 device_ms=0.0041250000000000002
PRODUCER_KERNEL_V1 stage=1 raw_iteration=1 ordinal=32 kernel=consume_resident_target threads=1 begin_tick=1990826543930666 end_tick=1990826543934583 ms_per_tick=9.9999999999999995e-07 device_ms=0.0039169999999999995
PRODUCER_KERNEL_V1 stage=1 raw_iteration=1 ordinal=33 kernel=owner_compose_target threads=504666 begin_tick=1990826543935000 end_tick=1990826544014625 ms_per_tick=9.9999999999999995e-07 device_ms=0.079625000000000001
PRODUCER_KERNEL_V1 stage=1 raw_iteration=1 ordinal=34 kernel=finalize_resident_target threads=1 begin_tick=1990826544014916 end_tick=1990826544017416 ms_per_tick=9.9999999999999995e-07 device_ms=0.0025000000000000001
PRODUCER_KERNEL_V1 stage=1 raw_iteration=1 ordinal=35 kernel=owner_identify_target threads=1 begin_tick=1990826544017791 end_tick=1990826544020875 ms_per_tick=9.9999999999999995e-07 device_ms=0.0030839999999999999
PRODUCER_KERNEL_V1 stage=1 raw_iteration=1 ordinal=36 kernel=issue_resident_projection_consumer threads=1 begin_tick=1990826544021291 end_tick=1990826544024250 ms_per_tick=9.9999999999999995e-07 device_ms=0.0029589999999999998
PRODUCER_KERNEL_V1 stage=1 raw_iteration=1 ordinal=37 kernel=consume_resident_target threads=1 begin_tick=1990826544024666 end_tick=1990826544028041 ms_per_tick=9.9999999999999995e-07 device_ms=0.003375
PRODUCER_KERNEL_V1 stage=1 raw_iteration=1 ordinal=38 kernel=owner_issue_stage_seal threads=1 begin_tick=1990826544028416 end_tick=1990826544031583 ms_per_tick=9.9999999999999995e-07 device_ms=0.0031669999999999997
PRODUCER_KERNEL_V1 stage=1 raw_iteration=1 ordinal=39 kernel=fct_compatible_stage_rate threads=1533387 begin_tick=1990826544032083 end_tick=1990826544543250 ms_per_tick=9.9999999999999995e-07 device_ms=0.51116699999999993
PRODUCER_KERNEL_V1 stage=1 raw_iteration=1 ordinal=40 kernel=fct_compatible_stage_rate threads=1533387 begin_tick=1990826544543916 end_tick=1990826545040625 ms_per_tick=9.9999999999999995e-07 device_ms=0.49670899999999996
PRODUCER_KERNEL_V1 stage=1 raw_iteration=1 ordinal=41 kernel=owner_heun_momentum threads=1533387 begin_tick=1990826545041125 end_tick=1990826545131250 ms_per_tick=9.9999999999999995e-07 device_ms=0.090124999999999997
RISE_FIRE_OWNER_PROFILE_V1 {"scope":52,"parent":47,"phase":"BuildStageProducerGroup","stage":1,"raw_iteration":1,"iteration_kind":"picard","wall_ms":280.407084000,"device_sum_ms":198.408125201,"wall_minus_device_ms":81.998958799,"exclusive_wall_ms":280.407084000,"exclusive_device_sum_ms":198.408125201,"child_observer_wall_ms":0.000000000,"count_scope":"inclusive","owner_commits":1,"projection_invocations":0}
RISE_FIRE_OWNER_PROFILE_V1 {"scope":53,"parent":47,"phase":"Residual","stage":1,"raw_iteration":1,"iteration_kind":"picard","wall_ms":0.328000000,"device_sum_ms":0.111666741,"wall_minus_device_ms":0.216333259,"exclusive_wall_ms":0.328000000,"exclusive_device_sum_ms":0.111666741,"child_observer_wall_ms":0.000000000,"count_scope":"inclusive","owner_commits":1,"projection_invocations":0}
RISE_FIRE_OWNER_PROFILE_V1 {"scope":47,"parent":36,"phase":"PicardIteration","stage":1,"raw_iteration":1,"iteration_kind":"picard","wall_ms":294.654167000,"device_sum_ms":207.402916392,"wall_minus_device_ms":87.251250608,"exclusive_wall_ms":0.418666000,"exclusive_device_sum_ms":0.000000000,"child_observer_wall_ms":0.031999000,"count_scope":"inclusive","owner_commits":6,"projection_invocations":1}
RISE_FIRE_OWNER_PROFILE_V1 {"scope":56,"parent":55,"phase":"ProjectionAdapter","stage":1,"raw_iteration":2,"iteration_kind":"picard","wall_ms":11.548250000,"device_sum_ms":8.780875010,"wall_minus_device_ms":2.767374990,"exclusive_wall_ms":11.548250000,"exclusive_device_sum_ms":8.780875010,"child_observer_wall_ms":0.000000000,"count_scope":"inclusive","owner_commits":0,"projection_invocations":1}
RISE_FIRE_OWNER_PROFILE_V1 {"scope":55,"parent":54,"phase":"Project","stage":1,"raw_iteration":2,"iteration_kind":"picard","wall_ms":12.991166000,"device_sum_ms":8.821916766,"wall_minus_device_ms":4.169249234,"exclusive_wall_ms":1.435958000,"exclusive_device_sum_ms":0.041041756,"child_observer_wall_ms":0.006958000,"count_scope":"inclusive","owner_commits":2,"projection_invocations":1}
RISE_FIRE_OWNER_PROFILE_V1 {"scope":57,"parent":54,"phase":"ReadOpenClass","stage":1,"raw_iteration":2,"iteration_kind":"picard","wall_ms":0.151334000,"device_sum_ms":0.002499903,"wall_minus_device_ms":0.148834097,"exclusive_wall_ms":0.151334000,"exclusive_device_sum_ms":0.002499903,"child_observer_wall_ms":0.000000000,"count_scope":"inclusive","owner_commits":1,"projection_invocations":0}
RISE_FIRE_OWNER_PROFILE_V1 {"scope":58,"parent":54,"phase":"ReadOpenClass","stage":1,"raw_iteration":2,"iteration_kind":"picard","wall_ms":0.140875000,"device_sum_ms":0.002458226,"wall_minus_device_ms":0.138416774,"exclusive_wall_ms":0.140875000,"exclusive_device_sum_ms":0.002458226,"child_observer_wall_ms":0.000000000,"count_scope":"inclusive","owner_commits":1,"projection_invocations":0}
PRODUCER_COMMAND_V1 stage=1 raw_iteration=2 cpu_begin=1990826559483583 cpu_end=1990826838174791 gpu_begin=1990826559483583 gpu_end=1990826838174791 device_ms=197.19987502321601 encoders=42 interval_scope=possibly_overlapping
PRODUCER_KERNEL_V1 stage=1 raw_iteration=2 ordinal=0 kernel=owner_pack_faces threads=1533387 begin_tick=1990826640842458 end_tick=1990826640901625 ms_per_tick=9.9999999999999995e-07 device_ms=0.059166999999999997
PRODUCER_KERNEL_V1 stage=1 raw_iteration=2 ordinal=1 kernel=owner_pack_faces threads=1533387 begin_tick=1990826640901625 end_tick=1990826640979083 ms_per_tick=9.9999999999999995e-07 device_ms=0.077457999999999999
PRODUCER_KERNEL_V1 stage=1 raw_iteration=2 ordinal=2 kernel=owner_pack_faces threads=1533387 begin_tick=1990826640841166 end_tick=1990826640901791 ms_per_tick=9.9999999999999995e-07 device_ms=0.060624999999999998
PRODUCER_KERNEL_V1 stage=1 raw_iteration=2 ordinal=3 kernel=fct_extract_gas_density threads=504666 begin_tick=1990826640902125 end_tick=1990826640948000 ms_per_tick=9.9999999999999995e-07 device_ms=0.045874999999999999
PRODUCER_KERNEL_V1 stage=1 raw_iteration=2 ordinal=4 kernel=owner_gas_source threads=504666 begin_tick=1990826640979416 end_tick=1990826641214041 ms_per_tick=9.9999999999999995e-07 device_ms=0.234625
PRODUCER_KERNEL_V1 stage=1 raw_iteration=2 ordinal=5 kernel=evaluate_resident_transport threads=504666 begin_tick=1990826640986708 end_tick=1990826641455666 ms_per_tick=9.9999999999999995e-07 device_ms=0.46895799999999999
PRODUCER_KERNEL_V1 stage=1 raw_iteration=2 ordinal=6 kernel=identify_resident_transport threads=1 begin_tick=1990826641456166 end_tick=1990826641459375 ms_per_tick=9.9999999999999995e-07 device_ms=0.003209
PRODUCER_KERNEL_V1 stage=1 raw_iteration=2 ordinal=7 kernel=owner_bind_transport threads=1 begin_tick=1990826641459958 end_tick=1990826641463458 ms_per_tick=9.9999999999999995e-07 device_ms=0.0034999999999999996
PRODUCER_KERNEL_V1 stage=1 raw_iteration=2 ordinal=8 kernel=identify_resident_owner_endpoint_class threads=1 begin_tick=1990826641464416 end_tick=1990826641467625 ms_per_tick=9.9999999999999995e-07 device_ms=0.003209
PRODUCER_KERNEL_V1 stage=1 raw_iteration=2 ordinal=9 kernel=evaluate_resident_physical_flux threads=1533387 begin_tick=1990826642399250 end_tick=1990826643519625 ms_per_tick=9.9999999999999995e-07 device_ms=1.1203749999999999
PRODUCER_KERNEL_V1 stage=1 raw_iteration=2 ordinal=10 kernel=evaluate_resident_advective_pair threads=13800483 begin_tick=1990826643742375 end_tick=1990826650876750 ms_per_tick=9.9999999999999995e-07 device_ms=7.1343749999999995
PRODUCER_KERNEL_V1 stage=1 raw_iteration=2 ordinal=11 kernel=finalize_resident_advective_high threads=13800483 begin_tick=1990826650877375 end_tick=1990826651299083 ms_per_tick=9.9999999999999995e-07 device_ms=0.42170799999999997
PRODUCER_KERNEL_V1 stage=1 raw_iteration=2 ordinal=12 kernel=compose_resident_flux_pair threads=13800483 begin_tick=1990826651299416 end_tick=1990826652183666 ms_per_tick=9.9999999999999995e-07 device_ms=0.88424999999999998
PRODUCER_KERNEL_V1 stage=1 raw_iteration=2 ordinal=13 kernel=validate_resident_physical_flux threads=13800483 begin_tick=1990826652184333 end_tick=1990826653229375 ms_per_tick=9.9999999999999995e-07 device_ms=1.045042
PRODUCER_KERNEL_V1 stage=1 raw_iteration=2 ordinal=14 kernel=identify_resident_physical_flux threads=32 begin_tick=1990826653230041 end_tick=1990826653233333 ms_per_tick=9.9999999999999995e-07 device_ms=0.0032919999999999998
PRODUCER_KERNEL_V1 stage=1 raw_iteration=2 ordinal=15 kernel=owner_average_flux threads=13800483 begin_tick=1990826653233791 end_tick=1990826654038166 ms_per_tick=9.9999999999999995e-07 device_ms=0.80437499999999995
PRODUCER_KERNEL_V1 stage=1 raw_iteration=2 ordinal=16 kernel=owner_bind_averaged_flux threads=1 begin_tick=1990826654038666 end_tick=1990826654042583 ms_per_tick=9.9999999999999995e-07 device_ms=0.0039169999999999995
PRODUCER_KERNEL_V1 stage=1 raw_iteration=2 ordinal=17 kernel=fct_build_ratios threads=5551326 begin_tick=1990826654043125 end_tick=1990826657969375 ms_per_tick=9.9999999999999995e-07 device_ms=3.92625
PRODUCER_KERNEL_V1 stage=1 raw_iteration=2 ordinal=18 kernel=fct_build_face_alpha threads=1533387 begin_tick=1990826657969916 end_tick=1990826658240000 ms_per_tick=9.9999999999999995e-07 device_ms=0.27008399999999999
PRODUCER_KERNEL_V1 stage=1 raw_iteration=2 ordinal=19 kernel=fct_commit_scalar threads=504666 begin_tick=1990826658240666 end_tick=1990826658430333 ms_per_tick=9.9999999999999995e-07 device_ms=0.189667
PRODUCER_KERNEL_V1 stage=1 raw_iteration=2 ordinal=20 kernel=owner_bind_candidate threads=1 begin_tick=1990826658430875 end_tick=1990826658435208 ms_per_tick=9.9999999999999995e-07 device_ms=0.004333
PRODUCER_KERNEL_V1 stage=1 raw_iteration=2 ordinal=21 kernel=finalize_resident_eos_candidate threads=1 begin_tick=1990826658435708 end_tick=1990826658438291 ms_per_tick=9.9999999999999995e-07 device_ms=0.0025829999999999998
PRODUCER_KERNEL_V1 stage=1 raw_iteration=2 ordinal=22 kernel=build_eos_endpoint_table threads=14 begin_tick=1990826658438750 end_tick=1990826658729791 ms_per_tick=9.9999999999999995e-07 device_ms=0.29104099999999999
PRODUCER_KERNEL_V1 stage=1 raw_iteration=2 ordinal=23 kernel=evaluate_resident_eos_candidate threads=504666 begin_tick=1990826658730208 end_tick=1990826722677666 ms_per_tick=9.9999999999999995e-07 device_ms=63.947457999999997
PRODUCER_KERNEL_V1 stage=1 raw_iteration=2 ordinal=24 kernel=finalize_resident_eos_candidate threads=1 begin_tick=1990826722692750 end_tick=1990826722695500 ms_per_tick=9.9999999999999995e-07 device_ms=0.0027499999999999998
PRODUCER_KERNEL_V1 stage=1 raw_iteration=2 ordinal=25 kernel=identify_resident_eos threads=1 begin_tick=1990826722695833 end_tick=1990826722698416 ms_per_tick=9.9999999999999995e-07 device_ms=0.0025829999999999998
PRODUCER_KERNEL_V1 stage=1 raw_iteration=2 ordinal=26 kernel=produce_resident_frozen_source threads=504666 begin_tick=1990826722698708 end_tick=1990826722730291 ms_per_tick=9.9999999999999995e-07 device_ms=0.031583
PRODUCER_KERNEL_V1 stage=1 raw_iteration=2 ordinal=27 kernel=identify_resident_frozen_source threads=1 begin_tick=1990826722730708 end_tick=1990826722733458 ms_per_tick=9.9999999999999995e-07 device_ms=0.0027499999999999998
PRODUCER_KERNEL_V1 stage=1 raw_iteration=2 ordinal=28 kernel=evaluate_resident_target_terms threads=504666 begin_tick=1990826722733875 end_tick=1990826836804041 ms_per_tick=9.9999999999999995e-07 device_ms=114.070166
PRODUCER_KERNEL_V1 stage=1 raw_iteration=2 ordinal=29 kernel=finalize_resident_target threads=1 begin_tick=1990826836820166 end_tick=1990826836823416 ms_per_tick=9.9999999999999995e-07 device_ms=0.0032499999999999999
PRODUCER_KERNEL_V1 stage=1 raw_iteration=2 ordinal=30 kernel=identify_resident_target threads=1 begin_tick=1990826836823791 end_tick=1990826836826833 ms_per_tick=9.9999999999999995e-07 device_ms=0.003042
PRODUCER_KERNEL_V1 stage=1 raw_iteration=2 ordinal=31 kernel=issue_resident_projection_consumer threads=1 begin_tick=1990826836827250 end_tick=1990826836831333 ms_per_tick=9.9999999999999995e-07 device_ms=0.0040829999999999998
PRODUCER_KERNEL_V1 stage=1 raw_iteration=2 ordinal=32 kernel=consume_resident_target threads=1 begin_tick=1990826836832541 end_tick=1990826836836791 ms_per_tick=9.9999999999999995e-07 device_ms=0.0042499999999999994
PRODUCER_KERNEL_V1 stage=1 raw_iteration=2 ordinal=33 kernel=owner_compose_target threads=504666 begin_tick=1990826836837208 end_tick=1990826836916833 ms_per_tick=9.9999999999999995e-07 device_ms=0.079625000000000001
PRODUCER_KERNEL_V1 stage=1 raw_iteration=2 ordinal=34 kernel=finalize_resident_target threads=1 begin_tick=1990826836917250 end_tick=1990826836919791 ms_per_tick=9.9999999999999995e-07 device_ms=0.0025409999999999999
PRODUCER_KERNEL_V1 stage=1 raw_iteration=2 ordinal=35 kernel=owner_identify_target threads=1 begin_tick=1990826836920166 end_tick=1990826836923208 ms_per_tick=9.9999999999999995e-07 device_ms=0.003042
PRODUCER_KERNEL_V1 stage=1 raw_iteration=2 ordinal=36 kernel=issue_resident_projection_consumer threads=1 begin_tick=1990826836923583 end_tick=1990826836926541 ms_per_tick=9.9999999999999995e-07 device_ms=0.0029579999999999997
PRODUCER_KERNEL_V1 stage=1 raw_iteration=2 ordinal=37 kernel=consume_resident_target threads=1 begin_tick=1990826836926958 end_tick=1990826836930166 ms_per_tick=9.9999999999999995e-07 device_ms=0.0032079999999999999
PRODUCER_KERNEL_V1 stage=1 raw_iteration=2 ordinal=38 kernel=owner_issue_stage_seal threads=1 begin_tick=1990826836930583 end_tick=1990826836933333 ms_per_tick=9.9999999999999995e-07 device_ms=0.0027499999999999998
PRODUCER_KERNEL_V1 stage=1 raw_iteration=2 ordinal=39 kernel=fct_compatible_stage_rate threads=1533387 begin_tick=1990826836933708 end_tick=1990826837448958 ms_per_tick=9.9999999999999995e-07 device_ms=0.51524999999999999
PRODUCER_KERNEL_V1 stage=1 raw_iteration=2 ordinal=40 kernel=fct_compatible_stage_rate threads=1533387 begin_tick=1990826837449458 end_tick=1990826837944375 ms_per_tick=9.9999999999999995e-07 device_ms=0.494917
PRODUCER_KERNEL_V1 stage=1 raw_iteration=2 ordinal=41 kernel=owner_heun_momentum threads=1533387 begin_tick=1990826837944791 end_tick=1990826838035083 ms_per_tick=9.9999999999999995e-07 device_ms=0.090291999999999997
RISE_FIRE_OWNER_PROFILE_V1 {"scope":59,"parent":54,"phase":"BuildStageProducerGroup","stage":1,"raw_iteration":2,"iteration_kind":"picard","wall_ms":278.850875000,"device_sum_ms":197.199875023,"wall_minus_device_ms":81.650999977,"exclusive_wall_ms":278.850875000,"exclusive_device_sum_ms":197.199875023,"child_observer_wall_ms":0.000000000,"count_scope":"inclusive","owner_commits":1,"projection_invocations":0}
RISE_FIRE_OWNER_PROFILE_V1 {"scope":60,"parent":54,"phase":"Residual","stage":1,"raw_iteration":2,"iteration_kind":"picard","wall_ms":0.359584000,"device_sum_ms":0.117499847,"wall_minus_device_ms":0.242084153,"exclusive_wall_ms":0.359584000,"exclusive_device_sum_ms":0.117499847,"child_observer_wall_ms":0.000000000,"count_scope":"inclusive","owner_commits":1,"projection_invocations":0}
RISE_FIRE_OWNER_PROFILE_V1 {"scope":63,"parent":62,"phase":"ProjectionAdapter","stage":1,"raw_iteration":2147483650,"iteration_kind":"terminal","wall_ms":12.535000000,"device_sum_ms":9.265624685,"wall_minus_device_ms":3.269375315,"exclusive_wall_ms":12.535000000,"exclusive_device_sum_ms":9.265624685,"child_observer_wall_ms":0.000000000,"count_scope":"inclusive","owner_commits":0,"projection_invocations":1}
RISE_FIRE_OWNER_PROFILE_V1 {"scope":62,"parent":61,"phase":"Project","stage":1,"raw_iteration":2147483650,"iteration_kind":"terminal","wall_ms":13.148791000,"device_sum_ms":9.303207975,"wall_minus_device_ms":3.845583025,"exclusive_wall_ms":0.600874000,"exclusive_device_sum_ms":0.037583290,"child_observer_wall_ms":0.012917000,"count_scope":"inclusive","owner_commits":2,"projection_invocations":1}
RISE_FIRE_OWNER_PROFILE_V1 {"scope":64,"parent":61,"phase":"ReadOpenClass","stage":1,"raw_iteration":2147483650,"iteration_kind":"terminal","wall_ms":0.152250000,"device_sum_ms":0.002416782,"wall_minus_device_ms":0.149833218,"exclusive_wall_ms":0.152250000,"exclusive_device_sum_ms":0.002416782,"child_observer_wall_ms":0.000000000,"count_scope":"inclusive","owner_commits":1,"projection_invocations":0}
RISE_FIRE_OWNER_PROFILE_V1 {"scope":65,"parent":61,"phase":"ReadOpenClass","stage":1,"raw_iteration":2147483650,"iteration_kind":"terminal","wall_ms":0.143125000,"device_sum_ms":0.002500135,"wall_minus_device_ms":0.140624865,"exclusive_wall_ms":0.143125000,"exclusive_device_sum_ms":0.002500135,"child_observer_wall_ms":0.000000000,"count_scope":"inclusive","owner_commits":1,"projection_invocations":0}
PRODUCER_COMMAND_V1 stage=1 raw_iteration=2147483650 cpu_begin=1990826852172833 cpu_end=1990827132287541 gpu_begin=1990826852172833 gpu_end=1990827132287541 device_ms=197.11941666901112 encoders=42 interval_scope=possibly_overlapping
PRODUCER_KERNEL_V1 stage=1 raw_iteration=2147483650 ordinal=0 kernel=owner_pack_faces threads=1533387 begin_tick=1990826935057375 end_tick=1990826935110958 ms_per_tick=9.9999999999999995e-07 device_ms=0.053582999999999999
PRODUCER_KERNEL_V1 stage=1 raw_iteration=2147483650 ordinal=1 kernel=owner_pack_faces threads=1533387 begin_tick=1990826935110750 end_tick=1990826935545500 ms_per_tick=9.9999999999999995e-07 device_ms=0.43474999999999997
PRODUCER_KERNEL_V1 stage=1 raw_iteration=2147483650 ordinal=2 kernel=owner_pack_faces threads=1533387 begin_tick=1990826935055458 end_tick=1990826935110750 ms_per_tick=9.9999999999999995e-07 device_ms=0.055292000000000001
PRODUCER_KERNEL_V1 stage=1 raw_iteration=2147483650 ordinal=3 kernel=fct_extract_gas_density threads=504666 begin_tick=1990826935545500 end_tick=1990826935567500 ms_per_tick=9.9999999999999995e-07 device_ms=0.021999999999999999
PRODUCER_KERNEL_V1 stage=1 raw_iteration=2147483650 ordinal=4 kernel=owner_gas_source threads=504666 begin_tick=1990826935567541 end_tick=1990826935609583 ms_per_tick=9.9999999999999995e-07 device_ms=0.042041999999999996
PRODUCER_KERNEL_V1 stage=1 raw_iteration=2147483650 ordinal=5 kernel=evaluate_resident_transport threads=504666 begin_tick=1990826935111416 end_tick=1990826935632083 ms_per_tick=9.9999999999999995e-07 device_ms=0.52066699999999999
PRODUCER_KERNEL_V1 stage=1 raw_iteration=2147483650 ordinal=6 kernel=identify_resident_transport threads=1 begin_tick=1990826935632541 end_tick=1990826935635541 ms_per_tick=9.9999999999999995e-07 device_ms=0.0030000000000000001
PRODUCER_KERNEL_V1 stage=1 raw_iteration=2147483650 ordinal=7 kernel=owner_bind_transport threads=1 begin_tick=1990826935636083 end_tick=1990826935639416 ms_per_tick=9.9999999999999995e-07 device_ms=0.003333
PRODUCER_KERNEL_V1 stage=1 raw_iteration=2147483650 ordinal=8 kernel=identify_resident_owner_endpoint_class threads=1 begin_tick=1990826935640416 end_tick=1990826935643541 ms_per_tick=9.9999999999999995e-07 device_ms=0.0031249999999999997
PRODUCER_KERNEL_V1 stage=1 raw_iteration=2147483650 ordinal=9 kernel=evaluate_resident_physical_flux threads=1533387 begin_tick=1990826936544000 end_tick=1990826937855541 ms_per_tick=9.9999999999999995e-07 device_ms=1.3115409999999998
PRODUCER_KERNEL_V1 stage=1 raw_iteration=2147483650 ordinal=10 kernel=evaluate_resident_advective_pair threads=13800483 begin_tick=1990826938069833 end_tick=1990826945252833 ms_per_tick=9.9999999999999995e-07 device_ms=7.1829999999999998
PRODUCER_KERNEL_V1 stage=1 raw_iteration=2147483650 ordinal=11 kernel=finalize_resident_advective_high threads=13800483 begin_tick=1990826945253458 end_tick=1990826945675083 ms_per_tick=9.9999999999999995e-07 device_ms=0.42162499999999997
PRODUCER_KERNEL_V1 stage=1 raw_iteration=2147483650 ordinal=12 kernel=compose_resident_flux_pair threads=13800483 begin_tick=1990826945675416 end_tick=1990826946563625 ms_per_tick=9.9999999999999995e-07 device_ms=0.88820899999999992
PRODUCER_KERNEL_V1 stage=1 raw_iteration=2147483650 ordinal=13 kernel=validate_resident_physical_flux threads=13800483 begin_tick=1990826946564291 end_tick=1990826947549458 ms_per_tick=9.9999999999999995e-07 device_ms=0.9851669999999999
PRODUCER_KERNEL_V1 stage=1 raw_iteration=2147483650 ordinal=14 kernel=identify_resident_physical_flux threads=32 begin_tick=1990826947549958 end_tick=1990826947553458 ms_per_tick=9.9999999999999995e-07 device_ms=0.0034999999999999996
PRODUCER_KERNEL_V1 stage=1 raw_iteration=2147483650 ordinal=15 kernel=owner_average_flux threads=13800483 begin_tick=1990826947554041 end_tick=1990826948352250 ms_per_tick=9.9999999999999995e-07 device_ms=0.79820899999999995
PRODUCER_KERNEL_V1 stage=1 raw_iteration=2147483650 ordinal=16 kernel=owner_bind_averaged_flux threads=1 begin_tick=1990826948352750 end_tick=1990826948356500 ms_per_tick=9.9999999999999995e-07 device_ms=0.0037499999999999999
PRODUCER_KERNEL_V1 stage=1 raw_iteration=2147483650 ordinal=17 kernel=fct_build_ratios threads=5551326 begin_tick=1990826948357083 end_tick=1990826951954958 ms_per_tick=9.9999999999999995e-07 device_ms=3.5978749999999997
PRODUCER_KERNEL_V1 stage=1 raw_iteration=2147483650 ordinal=18 kernel=fct_build_face_alpha threads=1533387 begin_tick=1990826951955750 end_tick=1990826952223958 ms_per_tick=9.9999999999999995e-07 device_ms=0.268208
PRODUCER_KERNEL_V1 stage=1 raw_iteration=2147483650 ordinal=19 kernel=fct_commit_scalar threads=504666 begin_tick=1990826952224625 end_tick=1990826952464125 ms_per_tick=9.9999999999999995e-07 device_ms=0.23949999999999999
PRODUCER_KERNEL_V1 stage=1 raw_iteration=2147483650 ordinal=20 kernel=owner_bind_candidate threads=1 begin_tick=1990826952464750 end_tick=1990826952468583 ms_per_tick=9.9999999999999995e-07 device_ms=0.003833
PRODUCER_KERNEL_V1 stage=1 raw_iteration=2147483650 ordinal=21 kernel=finalize_resident_eos_candidate threads=1 begin_tick=1990826952469041 end_tick=1990826952471416 ms_per_tick=9.9999999999999995e-07 device_ms=0.0023749999999999999
PRODUCER_KERNEL_V1 stage=1 raw_iteration=2147483650 ordinal=22 kernel=build_eos_endpoint_table threads=14 begin_tick=1990826952471875 end_tick=1990826952763000 ms_per_tick=9.9999999999999995e-07 device_ms=0.29112499999999997
PRODUCER_KERNEL_V1 stage=1 raw_iteration=2147483650 ordinal=23 kernel=evaluate_resident_eos_candidate threads=504666 begin_tick=1990826952763416 end_tick=1990827015650416 ms_per_tick=9.9999999999999995e-07 device_ms=62.887
PRODUCER_KERNEL_V1 stage=1 raw_iteration=2147483650 ordinal=24 kernel=finalize_resident_eos_candidate threads=1 begin_tick=1990827015667791 end_tick=1990827015671000 ms_per_tick=9.9999999999999995e-07 device_ms=0.003209
PRODUCER_KERNEL_V1 stage=1 raw_iteration=2147483650 ordinal=25 kernel=identify_resident_eos threads=1 begin_tick=1990827015671291 end_tick=1990827015674041 ms_per_tick=9.9999999999999995e-07 device_ms=0.0027499999999999998
PRODUCER_KERNEL_V1 stage=1 raw_iteration=2147483650 ordinal=26 kernel=produce_resident_frozen_source threads=504666 begin_tick=1990827015674416 end_tick=1990827015705416 ms_per_tick=9.9999999999999995e-07 device_ms=0.031
PRODUCER_KERNEL_V1 stage=1 raw_iteration=2147483650 ordinal=27 kernel=identify_resident_frozen_source threads=1 begin_tick=1990827015705791 end_tick=1990827015708625 ms_per_tick=9.9999999999999995e-07 device_ms=0.0028339999999999997
PRODUCER_KERNEL_V1 stage=1 raw_iteration=2147483650 ordinal=28 kernel=evaluate_resident_target_terms threads=504666 begin_tick=1990827015709000 end_tick=1990827130899333 ms_per_tick=9.9999999999999995e-07 device_ms=115.190333
PRODUCER_KERNEL_V1 stage=1 raw_iteration=2147483650 ordinal=29 kernel=finalize_resident_target threads=1 begin_tick=1990827130958500 end_tick=1990827130961583 ms_per_tick=9.9999999999999995e-07 device_ms=0.0030829999999999998
PRODUCER_KERNEL_V1 stage=1 raw_iteration=2147483650 ordinal=30 kernel=identify_resident_target threads=1 begin_tick=1990827130961875 end_tick=1990827130964791 ms_per_tick=9.9999999999999995e-07 device_ms=0.0029159999999999998
PRODUCER_KERNEL_V1 stage=1 raw_iteration=2147483650 ordinal=31 kernel=issue_resident_projection_consumer threads=1 begin_tick=1990827130965166 end_tick=1990827130969333 ms_per_tick=9.9999999999999995e-07 device_ms=0.0041669999999999997
PRODUCER_KERNEL_V1 stage=1 raw_iteration=2147483650 ordinal=32 kernel=consume_resident_target threads=1 begin_tick=1990827130969625 end_tick=1990827130973708 ms_per_tick=9.9999999999999995e-07 device_ms=0.0040829999999999998
PRODUCER_KERNEL_V1 stage=1 raw_iteration=2147483650 ordinal=33 kernel=owner_compose_target threads=504666 begin_tick=1990827130974125 end_tick=1990827131053500 ms_per_tick=9.9999999999999995e-07 device_ms=0.079375000000000001
PRODUCER_KERNEL_V1 stage=1 raw_iteration=2147483650 ordinal=34 kernel=finalize_resident_target threads=1 begin_tick=1990827131053791 end_tick=1990827131056250 ms_per_tick=9.9999999999999995e-07 device_ms=0.0024589999999999998
PRODUCER_KERNEL_V1 stage=1 raw_iteration=2147483650 ordinal=35 kernel=owner_identify_target threads=1 begin_tick=1990827131056666 end_tick=1990827131059666 ms_per_tick=9.9999999999999995e-07 device_ms=0.0030000000000000001
PRODUCER_KERNEL_V1 stage=1 raw_iteration=2147483650 ordinal=36 kernel=issue_resident_projection_consumer threads=1 begin_tick=1990827131060000 end_tick=1990827131063250 ms_per_tick=9.9999999999999995e-07 device_ms=0.0032499999999999999
PRODUCER_KERNEL_V1 stage=1 raw_iteration=2147483650 ordinal=37 kernel=consume_resident_target threads=1 begin_tick=1990827131063583 end_tick=1990827131066833 ms_per_tick=9.9999999999999995e-07 device_ms=0.0032499999999999999
PRODUCER_KERNEL_V1 stage=1 raw_iteration=2147483650 ordinal=38 kernel=owner_issue_stage_seal threads=1 begin_tick=1990827131067125 end_tick=1990827131069916 ms_per_tick=9.9999999999999995e-07 device_ms=0.0027910000000000001
PRODUCER_KERNEL_V1 stage=1 raw_iteration=2147483650 ordinal=39 kernel=fct_compatible_stage_rate threads=1533387 begin_tick=1990827131070375 end_tick=1990827131573958 ms_per_tick=9.9999999999999995e-07 device_ms=0.503583
PRODUCER_KERNEL_V1 stage=1 raw_iteration=2147483650 ordinal=40 kernel=fct_compatible_stage_rate threads=1533387 begin_tick=1990827131574500 end_tick=1990827132077791 ms_per_tick=9.9999999999999995e-07 device_ms=0.50329099999999993
PRODUCER_KERNEL_V1 stage=1 raw_iteration=2147483650 ordinal=41 kernel=owner_heun_momentum threads=1533387 begin_tick=1990827132078291 end_tick=1990827132168791 ms_per_tick=9.9999999999999995e-07 device_ms=0.090499999999999997
RISE_FIRE_OWNER_PROFILE_V1 {"scope":66,"parent":61,"phase":"BuildStageProducerGroup","stage":1,"raw_iteration":2147483650,"iteration_kind":"terminal","wall_ms":280.286375000,"device_sum_ms":197.119416669,"wall_minus_device_ms":83.166958331,"exclusive_wall_ms":280.286375000,"exclusive_device_sum_ms":197.119416669,"child_observer_wall_ms":0.000000000,"count_scope":"inclusive","owner_commits":1,"projection_invocations":0}
RISE_FIRE_OWNER_PROFILE_V1 {"scope":67,"parent":61,"phase":"AlphaResidual","stage":1,"raw_iteration":2147483650,"iteration_kind":"terminal","wall_ms":0.248666000,"device_sum_ms":0.054624863,"wall_minus_device_ms":0.194041137,"exclusive_wall_ms":0.248666000,"exclusive_device_sum_ms":0.054624863,"child_observer_wall_ms":0.000000000,"count_scope":"inclusive","owner_commits":1,"projection_invocations":0}
RISE_FIRE_OWNER_PROFILE_V1 {"scope":68,"parent":61,"phase":"Residual","stage":1,"raw_iteration":2147483650,"iteration_kind":"terminal","wall_ms":0.280125000,"device_sum_ms":0.106499996,"wall_minus_device_ms":0.173625004,"exclusive_wall_ms":0.280125000,"exclusive_device_sum_ms":0.106499996,"child_observer_wall_ms":0.000000000,"count_scope":"inclusive","owner_commits":1,"projection_invocations":0}
RISE_FIRE_OWNER_PROFILE_V1 {"scope":61,"parent":54,"phase":"TerminalVerification","stage":1,"raw_iteration":2147483650,"iteration_kind":"terminal","wall_ms":294.297792000,"device_sum_ms":206.588666420,"wall_minus_device_ms":87.709125580,"exclusive_wall_ms":0.004459000,"exclusive_device_sum_ms":0.000000000,"child_observer_wall_ms":0.034001000,"count_scope":"inclusive","owner_commits":7,"projection_invocations":1}
RISE_FIRE_OWNER_PROFILE_V1 {"scope":54,"parent":36,"phase":"PicardIteration","stage":1,"raw_iteration":2,"iteration_kind":"picard","wall_ms":587.227333000,"device_sum_ms":412.732916186,"wall_minus_device_ms":174.494416814,"exclusive_wall_ms":0.402040000,"exclusive_device_sum_ms":0.000000000,"child_observer_wall_ms":0.033667000,"count_scope":"inclusive","owner_commits":13,"projection_invocations":2}
RISE_FIRE_OWNER_PROFILE_V1 {"scope":36,"parent":1,"phase":"SolveStage","stage":1,"raw_iteration":4294967295,"iteration_kind":"bootstrap","wall_ms":1476.475958000,"device_sum_ms":1036.093208008,"wall_minus_device_ms":440.382749992,"exclusive_wall_ms":1.647748000,"exclusive_device_sum_ms":0.000000000,"child_observer_wall_ms":0.027792000,"count_scope":"inclusive","owner_commits":28,"projection_invocations":5}
RISE_FIRE_OWNER_PROFILE_V1 {"scope":71,"parent":70,"phase":"ProjectionAdapter","stage":2,"raw_iteration":4294967295,"iteration_kind":"bootstrap","wall_ms":11.469417000,"device_sum_ms":8.680499857,"wall_minus_device_ms":2.788917143,"exclusive_wall_ms":11.469417000,"exclusive_device_sum_ms":8.680499857,"child_observer_wall_ms":0.000000000,"count_scope":"inclusive","owner_commits":0,"projection_invocations":1}
RISE_FIRE_OWNER_PROFILE_V1 {"scope":70,"parent":69,"phase":"Project","stage":2,"raw_iteration":4294967295,"iteration_kind":"bootstrap","wall_ms":12.057209000,"device_sum_ms":8.716583252,"wall_minus_device_ms":3.340625748,"exclusive_wall_ms":0.571709000,"exclusive_device_sum_ms":0.036083395,"child_observer_wall_ms":0.016083000,"count_scope":"inclusive","owner_commits":2,"projection_invocations":1}
PRODUCER_COMMAND_V1 stage=2 raw_iteration=4294967295 cpu_begin=1990827147909708 cpu_end=1990827421744458 gpu_begin=1990827147909708 gpu_end=1990827421744458 device_ms=192.16824998147786 encoders=36 interval_scope=possibly_overlapping
PRODUCER_KERNEL_V1 stage=2 raw_iteration=4294967295 ordinal=0 kernel=owner_pack_faces threads=1533387 begin_tick=1990827229483541 end_tick=1990827229539458 ms_per_tick=9.9999999999999995e-07 device_ms=0.055916999999999994
PRODUCER_KERNEL_V1 stage=2 raw_iteration=4294967295 ordinal=1 kernel=owner_pack_faces threads=1533387 begin_tick=1990827229539250 end_tick=1990827229822041 ms_per_tick=9.9999999999999995e-07 device_ms=0.28279100000000001
PRODUCER_KERNEL_V1 stage=2 raw_iteration=4294967295 ordinal=2 kernel=owner_pack_faces threads=1533387 begin_tick=1990827229480541 end_tick=1990827229539250 ms_per_tick=9.9999999999999995e-07 device_ms=0.058708999999999997
PRODUCER_KERNEL_V1 stage=2 raw_iteration=4294967295 ordinal=3 kernel=fct_extract_gas_density threads=504666 begin_tick=1990827229539875 end_tick=1990827229588500 ms_per_tick=9.9999999999999995e-07 device_ms=0.048624999999999995
PRODUCER_KERNEL_V1 stage=2 raw_iteration=4294967295 ordinal=4 kernel=owner_gas_source threads=504666 begin_tick=1990827229822458 end_tick=1990827230028916 ms_per_tick=9.9999999999999995e-07 device_ms=0.206458
PRODUCER_KERNEL_V1 stage=2 raw_iteration=4294967295 ordinal=5 kernel=evaluate_resident_transport threads=504666 begin_tick=1990827229588500 end_tick=1990827230041916 ms_per_tick=9.9999999999999995e-07 device_ms=0.45341599999999999
PRODUCER_KERNEL_V1 stage=2 raw_iteration=4294967295 ordinal=6 kernel=identify_resident_transport threads=1 begin_tick=1990827230042291 end_tick=1990827230045333 ms_per_tick=9.9999999999999995e-07 device_ms=0.003042
PRODUCER_KERNEL_V1 stage=2 raw_iteration=4294967295 ordinal=7 kernel=owner_bind_transport threads=1 begin_tick=1990827230045791 end_tick=1990827230049375 ms_per_tick=9.9999999999999995e-07 device_ms=0.0035839999999999999
PRODUCER_KERNEL_V1 stage=2 raw_iteration=4294967295 ordinal=8 kernel=identify_resident_owner_endpoint_class threads=1 begin_tick=1990827230049791 end_tick=1990827230053250 ms_per_tick=9.9999999999999995e-07 device_ms=0.0034589999999999998
PRODUCER_KERNEL_V1 stage=2 raw_iteration=4294967295 ordinal=9 kernel=evaluate_resident_physical_flux threads=1533387 begin_tick=1990827230981000 end_tick=1990827232100708 ms_per_tick=9.9999999999999995e-07 device_ms=1.1197079999999999
PRODUCER_KERNEL_V1 stage=2 raw_iteration=4294967295 ordinal=10 kernel=evaluate_resident_advective_pair threads=13800483 begin_tick=1990827232353333 end_tick=1990827239683666 ms_per_tick=9.9999999999999995e-07 device_ms=7.3303329999999995
PRODUCER_KERNEL_V1 stage=2 raw_iteration=4294967295 ordinal=11 kernel=finalize_resident_advective_high threads=13800483 begin_tick=1990827239684583 end_tick=1990827240101500 ms_per_tick=9.9999999999999995e-07 device_ms=0.41691699999999998
PRODUCER_KERNEL_V1 stage=2 raw_iteration=4294967295 ordinal=12 kernel=compose_resident_flux_pair threads=13800483 begin_tick=1990827240101875 end_tick=1990827241002333 ms_per_tick=9.9999999999999995e-07 device_ms=0.90045799999999998
PRODUCER_KERNEL_V1 stage=2 raw_iteration=4294967295 ordinal=13 kernel=validate_resident_physical_flux threads=13800483 begin_tick=1990827241003000 end_tick=1990827241831708 ms_per_tick=9.9999999999999995e-07 device_ms=0.828708
PRODUCER_KERNEL_V1 stage=2 raw_iteration=4294967295 ordinal=14 kernel=identify_resident_physical_flux threads=32 begin_tick=1990827241832375 end_tick=1990827241835958 ms_per_tick=9.9999999999999995e-07 device_ms=0.0035829999999999998
PRODUCER_KERNEL_V1 stage=2 raw_iteration=4294967295 ordinal=15 kernel=owner_bind_candidate threads=1 begin_tick=1990827241836416 end_tick=1990827241840125 ms_per_tick=9.9999999999999995e-07 device_ms=0.0037089999999999996
PRODUCER_KERNEL_V1 stage=2 raw_iteration=4294967295 ordinal=16 kernel=finalize_resident_eos_candidate threads=1 begin_tick=1990827241840541 end_tick=1990827241842958 ms_per_tick=9.9999999999999995e-07 device_ms=0.0024169999999999999
PRODUCER_KERNEL_V1 stage=2 raw_iteration=4294967295 ordinal=17 kernel=build_eos_endpoint_table threads=14 begin_tick=1990827241843666 end_tick=1990827242136375 ms_per_tick=9.9999999999999995e-07 device_ms=0.292709
PRODUCER_KERNEL_V1 stage=2 raw_iteration=4294967295 ordinal=18 kernel=evaluate_resident_eos_candidate threads=504666 begin_tick=1990827242136750 end_tick=1990827306191083 ms_per_tick=9.9999999999999995e-07 device_ms=64.054333
PRODUCER_KERNEL_V1 stage=2 raw_iteration=4294967295 ordinal=19 kernel=finalize_resident_eos_candidate threads=1 begin_tick=1990827306208083 end_tick=1990827306211000 ms_per_tick=9.9999999999999995e-07 device_ms=0.0029169999999999999
PRODUCER_KERNEL_V1 stage=2 raw_iteration=4294967295 ordinal=20 kernel=identify_resident_eos threads=1 begin_tick=1990827306211333 end_tick=1990827306214166 ms_per_tick=9.9999999999999995e-07 device_ms=0.002833
PRODUCER_KERNEL_V1 stage=2 raw_iteration=4294967295 ordinal=21 kernel=produce_resident_frozen_source threads=504666 begin_tick=1990827306214583 end_tick=1990827306246375 ms_per_tick=9.9999999999999995e-07 device_ms=0.031792000000000001
PRODUCER_KERNEL_V1 stage=2 raw_iteration=4294967295 ordinal=22 kernel=identify_resident_frozen_source threads=1 begin_tick=1990827306246791 end_tick=1990827306252833 ms_per_tick=9.9999999999999995e-07 device_ms=0.0060419999999999996
PRODUCER_KERNEL_V1 stage=2 raw_iteration=4294967295 ordinal=23 kernel=evaluate_resident_target_terms threads=504666 begin_tick=1990827306253375 end_tick=1990827420952916 ms_per_tick=9.9999999999999995e-07 device_ms=114.699541
PRODUCER_KERNEL_V1 stage=2 raw_iteration=4294967295 ordinal=24 kernel=finalize_resident_target threads=1 begin_tick=1990827420968666 end_tick=1990827420971666 ms_per_tick=9.9999999999999995e-07 device_ms=0.0030000000000000001
PRODUCER_KERNEL_V1 stage=2 raw_iteration=4294967295 ordinal=25 kernel=identify_resident_target threads=1 begin_tick=1990827420972125 end_tick=1990827420975166 ms_per_tick=9.9999999999999995e-07 device_ms=0.0030409999999999999
PRODUCER_KERNEL_V1 stage=2 raw_iteration=4294967295 ordinal=26 kernel=issue_resident_projection_consumer threads=1 begin_tick=1990827420975583 end_tick=1990827420979708 ms_per_tick=9.9999999999999995e-07 device_ms=0.0041250000000000002
PRODUCER_KERNEL_V1 stage=2 raw_iteration=4294967295 ordinal=27 kernel=consume_resident_target threads=1 begin_tick=1990827420980083 end_tick=1990827420984250 ms_per_tick=9.9999999999999995e-07 device_ms=0.0041669999999999997
PRODUCER_KERNEL_V1 stage=2 raw_iteration=4294967295 ordinal=28 kernel=owner_compose_target threads=504666 begin_tick=1990827420984666 end_tick=1990827421018791 ms_per_tick=9.9999999999999995e-07 device_ms=0.034124999999999996
PRODUCER_KERNEL_V1 stage=2 raw_iteration=4294967295 ordinal=29 kernel=finalize_resident_target threads=1 begin_tick=1990827421019333 end_tick=1990827421021875 ms_per_tick=9.9999999999999995e-07 device_ms=0.002542
PRODUCER_KERNEL_V1 stage=2 raw_iteration=4294967295 ordinal=30 kernel=owner_identify_target threads=1 begin_tick=1990827421022291 end_tick=1990827421028375 ms_per_tick=9.9999999999999995e-07 device_ms=0.006084
PRODUCER_KERNEL_V1 stage=2 raw_iteration=4294967295 ordinal=31 kernel=issue_resident_projection_consumer threads=1 begin_tick=1990827421028958 end_tick=1990827421031958 ms_per_tick=9.9999999999999995e-07 device_ms=0.0030000000000000001
PRODUCER_KERNEL_V1 stage=2 raw_iteration=4294967295 ordinal=32 kernel=consume_resident_target threads=1 begin_tick=1990827421032375 end_tick=1990827421035958 ms_per_tick=9.9999999999999995e-07 device_ms=0.0035829999999999998
PRODUCER_KERNEL_V1 stage=2 raw_iteration=4294967295 ordinal=33 kernel=owner_issue_stage_seal threads=1 begin_tick=1990827421036458 end_tick=1990827421039333 ms_per_tick=9.9999999999999995e-07 device_ms=0.002875
PRODUCER_KERNEL_V1 stage=2 raw_iteration=4294967295 ordinal=34 kernel=fct_compatible_stage_rate threads=1533387 begin_tick=1990827421039750 end_tick=1990827421548291 ms_per_tick=9.9999999999999995e-07 device_ms=0.50854100000000002
PRODUCER_KERNEL_V1 stage=2 raw_iteration=4294967295 ordinal=35 kernel=owner_heun_momentum threads=1533387 begin_tick=1990827421548666 end_tick=1990827421643083 ms_per_tick=9.9999999999999995e-07 device_ms=0.094417000000000001
RISE_FIRE_OWNER_PROFILE_V1 {"scope":72,"parent":69,"phase":"BuildStageProducerGroup","stage":2,"raw_iteration":4294967295,"iteration_kind":"bootstrap","wall_ms":273.980167000,"device_sum_ms":192.168249981,"wall_minus_device_ms":81.811917019,"exclusive_wall_ms":273.980167000,"exclusive_device_sum_ms":192.168249981,"child_observer_wall_ms":0.000000000,"count_scope":"inclusive","owner_commits":1,"projection_invocations":0}
RISE_FIRE_OWNER_PROFILE_V1 {"scope":75,"parent":74,"phase":"ProjectionAdapter","stage":2,"raw_iteration":0,"iteration_kind":"picard","wall_ms":12.143125000,"device_sum_ms":9.293708252,"wall_minus_device_ms":2.849416748,"exclusive_wall_ms":12.143125000,"exclusive_device_sum_ms":9.293708252,"child_observer_wall_ms":0.000000000,"count_scope":"inclusive","owner_commits":0,"projection_invocations":1}
RISE_FIRE_OWNER_PROFILE_V1 {"scope":74,"parent":73,"phase":"Project","stage":2,"raw_iteration":0,"iteration_kind":"picard","wall_ms":12.668459000,"device_sum_ms":9.336249903,"wall_minus_device_ms":3.332209097,"exclusive_wall_ms":0.519251000,"exclusive_device_sum_ms":0.042541651,"child_observer_wall_ms":0.006083000,"count_scope":"inclusive","owner_commits":2,"projection_invocations":1}
RISE_FIRE_OWNER_PROFILE_V1 {"scope":76,"parent":73,"phase":"ReadOpenClass","stage":2,"raw_iteration":0,"iteration_kind":"picard","wall_ms":0.223875000,"device_sum_ms":0.016291859,"wall_minus_device_ms":0.207583141,"exclusive_wall_ms":0.223875000,"exclusive_device_sum_ms":0.016291859,"child_observer_wall_ms":0.000000000,"count_scope":"inclusive","owner_commits":1,"projection_invocations":0}
RISE_FIRE_OWNER_PROFILE_V1 {"scope":77,"parent":73,"phase":"ReadOpenClass","stage":2,"raw_iteration":0,"iteration_kind":"picard","wall_ms":0.156541000,"device_sum_ms":0.002458459,"wall_minus_device_ms":0.154082541,"exclusive_wall_ms":0.156541000,"exclusive_device_sum_ms":0.002458459,"child_observer_wall_ms":0.000000000,"count_scope":"inclusive","owner_commits":1,"projection_invocations":0}
PRODUCER_COMMAND_V1 stage=2 raw_iteration=0 cpu_begin=1990827434956916 cpu_end=1990827708417666 gpu_begin=1990827434956916 gpu_end=1990827708417666 device_ms=192.5588333979249 encoders=36 interval_scope=possibly_overlapping
PRODUCER_KERNEL_V1 stage=2 raw_iteration=0 ordinal=0 kernel=owner_pack_faces threads=1533387 begin_tick=1990827515764416 end_tick=1990827515819708 ms_per_tick=9.9999999999999995e-07 device_ms=0.055292000000000001
PRODUCER_KERNEL_V1 stage=2 raw_iteration=0 ordinal=1 kernel=owner_pack_faces threads=1533387 begin_tick=1990827515819458 end_tick=1990827516262375 ms_per_tick=9.9999999999999995e-07 device_ms=0.44291700000000001
PRODUCER_KERNEL_V1 stage=2 raw_iteration=0 ordinal=2 kernel=owner_pack_faces threads=1533387 begin_tick=1990827515761500 end_tick=1990827515819458 ms_per_tick=9.9999999999999995e-07 device_ms=0.057957999999999996
PRODUCER_KERNEL_V1 stage=2 raw_iteration=0 ordinal=3 kernel=fct_extract_gas_density threads=504666 begin_tick=1990827516262375 end_tick=1990827516286375 ms_per_tick=9.9999999999999995e-07 device_ms=0.024
PRODUCER_KERNEL_V1 stage=2 raw_iteration=0 ordinal=4 kernel=owner_gas_source threads=504666 begin_tick=1990827516286375 end_tick=1990827516326083 ms_per_tick=9.9999999999999995e-07 device_ms=0.039708
PRODUCER_KERNEL_V1 stage=2 raw_iteration=0 ordinal=5 kernel=evaluate_resident_transport threads=504666 begin_tick=1990827515820125 end_tick=1990827516336708 ms_per_tick=9.9999999999999995e-07 device_ms=0.51658300000000001
PRODUCER_KERNEL_V1 stage=2 raw_iteration=0 ordinal=6 kernel=identify_resident_transport threads=1 begin_tick=1990827516337208 end_tick=1990827516340250 ms_per_tick=9.9999999999999995e-07 device_ms=0.003042
PRODUCER_KERNEL_V1 stage=2 raw_iteration=0 ordinal=7 kernel=owner_bind_transport threads=1 begin_tick=1990827516340833 end_tick=1990827516344416 ms_per_tick=9.9999999999999995e-07 device_ms=0.0035829999999999998
PRODUCER_KERNEL_V1 stage=2 raw_iteration=0 ordinal=8 kernel=identify_resident_owner_endpoint_class threads=1 begin_tick=1990827516344791 end_tick=1990827516347916 ms_per_tick=9.9999999999999995e-07 device_ms=0.0031249999999999997
PRODUCER_KERNEL_V1 stage=2 raw_iteration=0 ordinal=9 kernel=evaluate_resident_physical_flux threads=1533387 begin_tick=1990827517188458 end_tick=1990827518304375 ms_per_tick=9.9999999999999995e-07 device_ms=1.115917
PRODUCER_KERNEL_V1 stage=2 raw_iteration=0 ordinal=10 kernel=evaluate_resident_advective_pair threads=13800483 begin_tick=1990827518579916 end_tick=1990827525931416 ms_per_tick=9.9999999999999995e-07 device_ms=7.3514999999999997
PRODUCER_KERNEL_V1 stage=2 raw_iteration=0 ordinal=11 kernel=finalize_resident_advective_high threads=13800483 begin_tick=1990827525932000 end_tick=1990827526351416 ms_per_tick=9.9999999999999995e-07 device_ms=0.41941599999999996
PRODUCER_KERNEL_V1 stage=2 raw_iteration=0 ordinal=12 kernel=compose_resident_flux_pair threads=13800483 begin_tick=1990827526351750 end_tick=1990827527236666 ms_per_tick=9.9999999999999995e-07 device_ms=0.88491599999999992
PRODUCER_KERNEL_V1 stage=2 raw_iteration=0 ordinal=13 kernel=validate_resident_physical_flux threads=13800483 begin_tick=1990827527237333 end_tick=1990827528073083 ms_per_tick=9.9999999999999995e-07 device_ms=0.83574999999999999
PRODUCER_KERNEL_V1 stage=2 raw_iteration=0 ordinal=14 kernel=identify_resident_physical_flux threads=32 begin_tick=1990827528073791 end_tick=1990827528076958 ms_per_tick=9.9999999999999995e-07 device_ms=0.0031669999999999997
PRODUCER_KERNEL_V1 stage=2 raw_iteration=0 ordinal=15 kernel=owner_bind_candidate threads=1 begin_tick=1990827528077500 end_tick=1990827528081166 ms_per_tick=9.9999999999999995e-07 device_ms=0.003666
PRODUCER_KERNEL_V1 stage=2 raw_iteration=0 ordinal=16 kernel=finalize_resident_eos_candidate threads=1 begin_tick=1990827528081958 end_tick=1990827528084458 ms_per_tick=9.9999999999999995e-07 device_ms=0.0025000000000000001
PRODUCER_KERNEL_V1 stage=2 raw_iteration=0 ordinal=17 kernel=build_eos_endpoint_table threads=14 begin_tick=1990827528085125 end_tick=1990827528376583 ms_per_tick=9.9999999999999995e-07 device_ms=0.29145799999999999
PRODUCER_KERNEL_V1 stage=2 raw_iteration=0 ordinal=18 kernel=evaluate_resident_eos_candidate threads=504666 begin_tick=1990827528377000 end_tick=1990827593601666 ms_per_tick=9.9999999999999995e-07 device_ms=65.224665999999999
PRODUCER_KERNEL_V1 stage=2 raw_iteration=0 ordinal=19 kernel=finalize_resident_eos_candidate threads=1 begin_tick=1990827593619333 end_tick=1990827593622250 ms_per_tick=9.9999999999999995e-07 device_ms=0.0029169999999999999
PRODUCER_KERNEL_V1 stage=2 raw_iteration=0 ordinal=20 kernel=identify_resident_eos threads=1 begin_tick=1990827593622541 end_tick=1990827593625166 ms_per_tick=9.9999999999999995e-07 device_ms=0.0026249999999999997
PRODUCER_KERNEL_V1 stage=2 raw_iteration=0 ordinal=21 kernel=produce_resident_frozen_source threads=504666 begin_tick=1990827593625750 end_tick=1990827593656041 ms_per_tick=9.9999999999999995e-07 device_ms=0.030290999999999998
PRODUCER_KERNEL_V1 stage=2 raw_iteration=0 ordinal=22 kernel=identify_resident_frozen_source threads=1 begin_tick=1990827593656458 end_tick=1990827593659333 ms_per_tick=9.9999999999999995e-07 device_ms=0.002875
PRODUCER_KERNEL_V1 stage=2 raw_iteration=0 ordinal=23 kernel=evaluate_resident_target_terms threads=504666 begin_tick=1990827593659875 end_tick=1990827707629083 ms_per_tick=9.9999999999999995e-07 device_ms=113.96920799999999
PRODUCER_KERNEL_V1 stage=2 raw_iteration=0 ordinal=24 kernel=finalize_resident_target threads=1 begin_tick=1990827707644583 end_tick=1990827707647625 ms_per_tick=9.9999999999999995e-07 device_ms=0.003042
PRODUCER_KERNEL_V1 stage=2 raw_iteration=0 ordinal=25 kernel=identify_resident_target threads=1 begin_tick=1990827707648041 end_tick=1990827707651291 ms_per_tick=9.9999999999999995e-07 device_ms=0.0032499999999999999
PRODUCER_KERNEL_V1 stage=2 raw_iteration=0 ordinal=26 kernel=issue_resident_projection_consumer threads=1 begin_tick=1990827707651583 end_tick=1990827707655791 ms_per_tick=9.9999999999999995e-07 device_ms=0.0042079999999999999
PRODUCER_KERNEL_V1 stage=2 raw_iteration=0 ordinal=27 kernel=consume_resident_target threads=1 begin_tick=1990827707656125 end_tick=1990827707660416 ms_per_tick=9.9999999999999995e-07 device_ms=0.0042909999999999997
PRODUCER_KERNEL_V1 stage=2 raw_iteration=0 ordinal=28 kernel=owner_compose_target threads=504666 begin_tick=1990827707660750 end_tick=1990827707691458 ms_per_tick=9.9999999999999995e-07 device_ms=0.030707999999999999
PRODUCER_KERNEL_V1 stage=2 raw_iteration=0 ordinal=29 kernel=finalize_resident_target threads=1 begin_tick=1990827707691916 end_tick=1990827707694458 ms_per_tick=9.9999999999999995e-07 device_ms=0.002542
PRODUCER_KERNEL_V1 stage=2 raw_iteration=0 ordinal=30 kernel=owner_identify_target threads=1 begin_tick=1990827707694750 end_tick=1990827707697791 ms_per_tick=9.9999999999999995e-07 device_ms=0.0030409999999999999
PRODUCER_KERNEL_V1 stage=2 raw_iteration=0 ordinal=31 kernel=issue_resident_projection_consumer threads=1 begin_tick=1990827707698250 end_tick=1990827707701541 ms_per_tick=9.9999999999999995e-07 device_ms=0.0032909999999999997
PRODUCER_KERNEL_V1 stage=2 raw_iteration=0 ordinal=32 kernel=consume_resident_target threads=1 begin_tick=1990827707701958 end_tick=1990827707705250 ms_per_tick=9.9999999999999995e-07 device_ms=0.0032919999999999998
PRODUCER_KERNEL_V1 stage=2 raw_iteration=0 ordinal=33 kernel=owner_issue_stage_seal threads=1 begin_tick=1990827707705791 end_tick=1990827707708833 ms_per_tick=9.9999999999999995e-07 device_ms=0.003042
PRODUCER_KERNEL_V1 stage=2 raw_iteration=0 ordinal=34 kernel=fct_compatible_stage_rate threads=1533387 begin_tick=1990827707709291 end_tick=1990827708224125 ms_per_tick=9.9999999999999995e-07 device_ms=0.51483400000000001
PRODUCER_KERNEL_V1 stage=2 raw_iteration=0 ordinal=35 kernel=owner_heun_momentum threads=1533387 begin_tick=1990827708224625 end_tick=1990827708314666 ms_per_tick=9.9999999999999995e-07 device_ms=0.090040999999999996
RISE_FIRE_OWNER_PROFILE_V1 {"scope":78,"parent":73,"phase":"BuildStageProducerGroup","stage":2,"raw_iteration":0,"iteration_kind":"picard","wall_ms":273.634542000,"device_sum_ms":192.558833398,"wall_minus_device_ms":81.075708602,"exclusive_wall_ms":273.634542000,"exclusive_device_sum_ms":192.558833398,"child_observer_wall_ms":0.000000000,"count_scope":"inclusive","owner_commits":1,"projection_invocations":0}
RISE_FIRE_OWNER_PROFILE_V1 {"scope":79,"parent":73,"phase":"Residual","stage":2,"raw_iteration":0,"iteration_kind":"picard","wall_ms":0.206000000,"device_sum_ms":0.021833461,"wall_minus_device_ms":0.184166539,"exclusive_wall_ms":0.206000000,"exclusive_device_sum_ms":0.021833461,"child_observer_wall_ms":0.000000000,"count_scope":"inclusive","owner_commits":1,"projection_invocations":0}
RISE_FIRE_OWNER_PROFILE_V1 {"scope":73,"parent":69,"phase":"PicardIteration","stage":2,"raw_iteration":0,"iteration_kind":"picard","wall_ms":287.266375000,"device_sum_ms":201.935667079,"wall_minus_device_ms":85.330707921,"exclusive_wall_ms":0.341958000,"exclusive_device_sum_ms":0.000000000,"child_observer_wall_ms":0.035000000,"count_scope":"inclusive","owner_commits":6,"projection_invocations":1}
RISE_FIRE_OWNER_PROFILE_V1 {"scope":82,"parent":81,"phase":"ProjectionAdapter","stage":2,"raw_iteration":1,"iteration_kind":"picard","wall_ms":12.250208000,"device_sum_ms":9.230791591,"wall_minus_device_ms":3.019416409,"exclusive_wall_ms":12.250208000,"exclusive_device_sum_ms":9.230791591,"child_observer_wall_ms":0.000000000,"count_scope":"inclusive","owner_commits":0,"projection_invocations":1}
RISE_FIRE_OWNER_PROFILE_V1 {"scope":81,"parent":80,"phase":"Project","stage":2,"raw_iteration":1,"iteration_kind":"picard","wall_ms":13.600541000,"device_sum_ms":9.275999852,"wall_minus_device_ms":4.324541148,"exclusive_wall_ms":1.344166000,"exclusive_device_sum_ms":0.045208260,"child_observer_wall_ms":0.006167000,"count_scope":"inclusive","owner_commits":2,"projection_invocations":1}
RISE_FIRE_OWNER_PROFILE_V1 {"scope":83,"parent":80,"phase":"ReadOpenClass","stage":2,"raw_iteration":1,"iteration_kind":"picard","wall_ms":0.149042000,"device_sum_ms":0.002291519,"wall_minus_device_ms":0.146750481,"exclusive_wall_ms":0.149042000,"exclusive_device_sum_ms":0.002291519,"child_observer_wall_ms":0.000000000,"count_scope":"inclusive","owner_commits":1,"projection_invocations":0}
RISE_FIRE_OWNER_PROFILE_V1 {"scope":84,"parent":80,"phase":"ReadOpenClass","stage":2,"raw_iteration":1,"iteration_kind":"picard","wall_ms":0.137625000,"device_sum_ms":0.002583256,"wall_minus_device_ms":0.135041744,"exclusive_wall_ms":0.137625000,"exclusive_device_sum_ms":0.002583256,"child_observer_wall_ms":0.000000000,"count_scope":"inclusive","owner_commits":1,"projection_invocations":0}
PRODUCER_COMMAND_V1 stage=2 raw_iteration=1 cpu_begin=1990827723066208 cpu_end=1990827997376000 gpu_begin=1990827723066208 gpu_end=1990827997376000 device_ms=192.4173750448972 encoders=36 interval_scope=possibly_overlapping
PRODUCER_KERNEL_V1 stage=2 raw_iteration=1 ordinal=0 kernel=owner_pack_faces threads=1533387 begin_tick=1990827804970250 end_tick=1990827805021708 ms_per_tick=9.9999999999999995e-07 device_ms=0.051457999999999997
PRODUCER_KERNEL_V1 stage=2 raw_iteration=1 ordinal=1 kernel=owner_pack_faces threads=1533387 begin_tick=1990827805070291 end_tick=1990827805120791 ms_per_tick=9.9999999999999995e-07 device_ms=0.050499999999999996
PRODUCER_KERNEL_V1 stage=2 raw_iteration=1 ordinal=2 kernel=owner_pack_faces threads=1533387 begin_tick=1990827805193958 end_tick=1990827805274500 ms_per_tick=9.9999999999999995e-07 device_ms=0.080542000000000002
PRODUCER_KERNEL_V1 stage=2 raw_iteration=1 ordinal=3 kernel=fct_extract_gas_density threads=504666 begin_tick=1990827805216291 end_tick=1990827805264750 ms_per_tick=9.9999999999999995e-07 device_ms=0.048458999999999995
PRODUCER_KERNEL_V1 stage=2 raw_iteration=1 ordinal=4 kernel=owner_gas_source threads=504666 begin_tick=1990827805305083 end_tick=1990827805350416 ms_per_tick=9.9999999999999995e-07 device_ms=0.045332999999999998
PRODUCER_KERNEL_V1 stage=2 raw_iteration=1 ordinal=5 kernel=evaluate_resident_transport threads=504666 begin_tick=1990827805360500 end_tick=1990827805818666 ms_per_tick=9.9999999999999995e-07 device_ms=0.45816599999999996
PRODUCER_KERNEL_V1 stage=2 raw_iteration=1 ordinal=6 kernel=identify_resident_transport threads=1 begin_tick=1990827805819041 end_tick=1990827805822000 ms_per_tick=9.9999999999999995e-07 device_ms=0.0029589999999999998
PRODUCER_KERNEL_V1 stage=2 raw_iteration=1 ordinal=7 kernel=owner_bind_transport threads=1 begin_tick=1990827805822583 end_tick=1990827805826083 ms_per_tick=9.9999999999999995e-07 device_ms=0.0034999999999999996
PRODUCER_KERNEL_V1 stage=2 raw_iteration=1 ordinal=8 kernel=identify_resident_owner_endpoint_class threads=1 begin_tick=1990827805826500 end_tick=1990827805829583 ms_per_tick=9.9999999999999995e-07 device_ms=0.0030829999999999998
PRODUCER_KERNEL_V1 stage=2 raw_iteration=1 ordinal=9 kernel=evaluate_resident_physical_flux threads=1533387 begin_tick=1990827806815541 end_tick=1990827807931916 ms_per_tick=9.9999999999999995e-07 device_ms=1.1163749999999999
PRODUCER_KERNEL_V1 stage=2 raw_iteration=1 ordinal=10 kernel=evaluate_resident_advective_pair threads=13800483 begin_tick=1990827808312541 end_tick=1990827815455416 ms_per_tick=9.9999999999999995e-07 device_ms=7.1428750000000001
PRODUCER_KERNEL_V1 stage=2 raw_iteration=1 ordinal=11 kernel=finalize_resident_advective_high threads=13800483 begin_tick=1990827815456208 end_tick=1990827815876000 ms_per_tick=9.9999999999999995e-07 device_ms=0.419792
PRODUCER_KERNEL_V1 stage=2 raw_iteration=1 ordinal=12 kernel=compose_resident_flux_pair threads=13800483 begin_tick=1990827815876375 end_tick=1990827816762333 ms_per_tick=9.9999999999999995e-07 device_ms=0.88595799999999991
PRODUCER_KERNEL_V1 stage=2 raw_iteration=1 ordinal=13 kernel=validate_resident_physical_flux threads=13800483 begin_tick=1990827816763000 end_tick=1990827817615250 ms_per_tick=9.9999999999999995e-07 device_ms=0.85224999999999995
PRODUCER_KERNEL_V1 stage=2 raw_iteration=1 ordinal=14 kernel=identify_resident_physical_flux threads=32 begin_tick=1990827817615791 end_tick=1990827817619125 ms_per_tick=9.9999999999999995e-07 device_ms=0.0033339999999999997
PRODUCER_KERNEL_V1 stage=2 raw_iteration=1 ordinal=15 kernel=owner_bind_candidate threads=1 begin_tick=1990827817619625 end_tick=1990827817623500 ms_per_tick=9.9999999999999995e-07 device_ms=0.003875
PRODUCER_KERNEL_V1 stage=2 raw_iteration=1 ordinal=16 kernel=finalize_resident_eos_candidate threads=1 begin_tick=1990827817624208 end_tick=1990827817626500 ms_per_tick=9.9999999999999995e-07 device_ms=0.0022919999999999998
PRODUCER_KERNEL_V1 stage=2 raw_iteration=1 ordinal=17 kernel=build_eos_endpoint_table threads=14 begin_tick=1990827817627166 end_tick=1990827817918416 ms_per_tick=9.9999999999999995e-07 device_ms=0.29125000000000001
PRODUCER_KERNEL_V1 stage=2 raw_iteration=1 ordinal=18 kernel=evaluate_resident_eos_candidate threads=504666 begin_tick=1990827817918833 end_tick=1990827881788750 ms_per_tick=9.9999999999999995e-07 device_ms=63.869916999999994
PRODUCER_KERNEL_V1 stage=2 raw_iteration=1 ordinal=19 kernel=finalize_resident_eos_candidate threads=1 begin_tick=1990827881803708 end_tick=1990827881806875 ms_per_tick=9.9999999999999995e-07 device_ms=0.0031669999999999997
PRODUCER_KERNEL_V1 stage=2 raw_iteration=1 ordinal=20 kernel=identify_resident_eos threads=1 begin_tick=1990827881807166 end_tick=1990827881809916 ms_per_tick=9.9999999999999995e-07 device_ms=0.0027499999999999998
PRODUCER_KERNEL_V1 stage=2 raw_iteration=1 ordinal=21 kernel=produce_resident_frozen_source threads=504666 begin_tick=1990827881810541 end_tick=1990827881841916 ms_per_tick=9.9999999999999995e-07 device_ms=0.031375
PRODUCER_KERNEL_V1 stage=2 raw_iteration=1 ordinal=22 kernel=identify_resident_frozen_source threads=1 begin_tick=1990827881842291 end_tick=1990827881845125 ms_per_tick=9.9999999999999995e-07 device_ms=0.0028339999999999997
PRODUCER_KERNEL_V1 stage=2 raw_iteration=1 ordinal=23 kernel=evaluate_resident_target_terms threads=504666 begin_tick=1990827881845666 end_tick=1990827996570416 ms_per_tick=9.9999999999999995e-07 device_ms=114.72475
PRODUCER_KERNEL_V1 stage=2 raw_iteration=1 ordinal=24 kernel=finalize_resident_target threads=1 begin_tick=1990827996585125 end_tick=1990827996588208 ms_per_tick=9.9999999999999995e-07 device_ms=0.0030829999999999998
PRODUCER_KERNEL_V1 stage=2 raw_iteration=1 ordinal=25 kernel=identify_resident_target threads=1 begin_tick=1990827996588666 end_tick=1990827996591708 ms_per_tick=9.9999999999999995e-07 device_ms=0.003042
PRODUCER_KERNEL_V1 stage=2 raw_iteration=1 ordinal=26 kernel=issue_resident_projection_consumer threads=1 begin_tick=1990827996592083 end_tick=1990827996596208 ms_per_tick=9.9999999999999995e-07 device_ms=0.0041250000000000002
PRODUCER_KERNEL_V1 stage=2 raw_iteration=1 ordinal=27 kernel=consume_resident_target threads=1 begin_tick=1990827996596750 end_tick=1990827996600875 ms_per_tick=9.9999999999999995e-07 device_ms=0.0041250000000000002
PRODUCER_KERNEL_V1 stage=2 raw_iteration=1 ordinal=28 kernel=owner_compose_target threads=504666 begin_tick=1990827996601291 end_tick=1990827996630958 ms_per_tick=9.9999999999999995e-07 device_ms=0.029666999999999999
PRODUCER_KERNEL_V1 stage=2 raw_iteration=1 ordinal=29 kernel=finalize_resident_target threads=1 begin_tick=1990827996631500 end_tick=1990827996634125 ms_per_tick=9.9999999999999995e-07 device_ms=0.0026249999999999997
PRODUCER_KERNEL_V1 stage=2 raw_iteration=1 ordinal=30 kernel=owner_identify_target threads=1 begin_tick=1990827996634500 end_tick=1990827996637333 ms_per_tick=9.9999999999999995e-07 device_ms=0.002833
PRODUCER_KERNEL_V1 stage=2 raw_iteration=1 ordinal=31 kernel=issue_resident_projection_consumer threads=1 begin_tick=1990827996637875 end_tick=1990827996640916 ms_per_tick=9.9999999999999995e-07 device_ms=0.0030409999999999999
PRODUCER_KERNEL_V1 stage=2 raw_iteration=1 ordinal=32 kernel=consume_resident_target threads=1 begin_tick=1990827996641291 end_tick=1990827996644541 ms_per_tick=9.9999999999999995e-07 device_ms=0.0032499999999999999
PRODUCER_KERNEL_V1 stage=2 raw_iteration=1 ordinal=33 kernel=owner_issue_stage_seal threads=1 begin_tick=1990827996645083 end_tick=1990827996648041 ms_per_tick=9.9999999999999995e-07 device_ms=0.0029579999999999997
PRODUCER_KERNEL_V1 stage=2 raw_iteration=1 ordinal=34 kernel=fct_compatible_stage_rate threads=1533387 begin_tick=1990827996648416 end_tick=1990827997159375 ms_per_tick=9.9999999999999995e-07 device_ms=0.51095899999999994
PRODUCER_KERNEL_V1 stage=2 raw_iteration=1 ordinal=35 kernel=owner_heun_momentum threads=1533387 begin_tick=1990827997159791 end_tick=1990827997251791 ms_per_tick=9.9999999999999995e-07 device_ms=0.091999999999999998
RISE_FIRE_OWNER_PROFILE_V1 {"scope":85,"parent":80,"phase":"BuildStageProducerGroup","stage":2,"raw_iteration":1,"iteration_kind":"picard","wall_ms":274.481958000,"device_sum_ms":192.417375045,"wall_minus_device_ms":82.064582955,"exclusive_wall_ms":274.481958000,"exclusive_device_sum_ms":192.417375045,"child_observer_wall_ms":0.000000000,"count_scope":"inclusive","owner_commits":1,"projection_invocations":0}
RISE_FIRE_OWNER_PROFILE_V1 {"scope":86,"parent":80,"phase":"Residual","stage":2,"raw_iteration":1,"iteration_kind":"picard","wall_ms":0.369708000,"device_sum_ms":0.116083305,"wall_minus_device_ms":0.253624695,"exclusive_wall_ms":0.369708000,"exclusive_device_sum_ms":0.116083305,"child_observer_wall_ms":0.000000000,"count_scope":"inclusive","owner_commits":1,"projection_invocations":0}
RISE_FIRE_OWNER_PROFILE_V1 {"scope":80,"parent":69,"phase":"PicardIteration","stage":2,"raw_iteration":1,"iteration_kind":"picard","wall_ms":289.145000000,"device_sum_ms":201.814332977,"wall_minus_device_ms":87.330667023,"exclusive_wall_ms":0.377417000,"exclusive_device_sum_ms":0.000000000,"child_observer_wall_ms":0.028709000,"count_scope":"inclusive","owner_commits":6,"projection_invocations":1}
RISE_FIRE_OWNER_PROFILE_V1 {"scope":89,"parent":88,"phase":"ProjectionAdapter","stage":2,"raw_iteration":2,"iteration_kind":"picard","wall_ms":11.789334000,"device_sum_ms":8.948041825,"wall_minus_device_ms":2.841292175,"exclusive_wall_ms":11.789334000,"exclusive_device_sum_ms":8.948041825,"child_observer_wall_ms":0.000000000,"count_scope":"inclusive","owner_commits":0,"projection_invocations":1}
RISE_FIRE_OWNER_PROFILE_V1 {"scope":88,"parent":87,"phase":"Project","stage":2,"raw_iteration":2,"iteration_kind":"picard","wall_ms":12.980667000,"device_sum_ms":8.990125265,"wall_minus_device_ms":3.990541735,"exclusive_wall_ms":1.181708000,"exclusive_device_sum_ms":0.042083440,"child_observer_wall_ms":0.009625000,"count_scope":"inclusive","owner_commits":2,"projection_invocations":1}
RISE_FIRE_OWNER_PROFILE_V1 {"scope":90,"parent":87,"phase":"ReadOpenClass","stage":2,"raw_iteration":2,"iteration_kind":"picard","wall_ms":0.164500000,"device_sum_ms":0.002499903,"wall_minus_device_ms":0.162000097,"exclusive_wall_ms":0.164500000,"exclusive_device_sum_ms":0.002499903,"child_observer_wall_ms":0.000000000,"count_scope":"inclusive","owner_commits":1,"projection_invocations":0}
RISE_FIRE_OWNER_PROFILE_V1 {"scope":91,"parent":87,"phase":"ReadOpenClass","stage":2,"raw_iteration":2,"iteration_kind":"picard","wall_ms":0.151958000,"device_sum_ms":0.002291752,"wall_minus_device_ms":0.149666248,"exclusive_wall_ms":0.151958000,"exclusive_device_sum_ms":0.002291752,"child_observer_wall_ms":0.000000000,"count_scope":"inclusive","owner_commits":1,"projection_invocations":0}
PRODUCER_COMMAND_V1 stage=2 raw_iteration=2 cpu_begin=1990828011635791 cpu_end=1990828287624958 gpu_begin=1990828011635791 gpu_end=1990828287624958 device_ms=194.37666679732502 encoders=36 interval_scope=possibly_overlapping
PRODUCER_KERNEL_V1 stage=2 raw_iteration=2 ordinal=0 kernel=owner_pack_faces threads=1533387 begin_tick=1990828093256791 end_tick=1990828093307916 ms_per_tick=9.9999999999999995e-07 device_ms=0.051124999999999997
PRODUCER_KERNEL_V1 stage=2 raw_iteration=2 ordinal=1 kernel=owner_pack_faces threads=1533387 begin_tick=1990828093335333 end_tick=1990828093384708 ms_per_tick=9.9999999999999995e-07 device_ms=0.049374999999999995
PRODUCER_KERNEL_V1 stage=2 raw_iteration=2 ordinal=2 kernel=owner_pack_faces threads=1533387 begin_tick=1990828093456750 end_tick=1990828093540333 ms_per_tick=9.9999999999999995e-07 device_ms=0.083582999999999991
PRODUCER_KERNEL_V1 stage=2 raw_iteration=2 ordinal=3 kernel=fct_extract_gas_density threads=504666 begin_tick=1990828093492625 end_tick=1990828093540958 ms_per_tick=9.9999999999999995e-07 device_ms=0.048333000000000001
PRODUCER_KERNEL_V1 stage=2 raw_iteration=2 ordinal=4 kernel=owner_gas_source threads=504666 begin_tick=1990828093576750 end_tick=1990828093620666 ms_per_tick=9.9999999999999995e-07 device_ms=0.043915999999999997
PRODUCER_KERNEL_V1 stage=2 raw_iteration=2 ordinal=5 kernel=evaluate_resident_transport threads=504666 begin_tick=1990828093665791 end_tick=1990828094118291 ms_per_tick=9.9999999999999995e-07 device_ms=0.45249999999999996
PRODUCER_KERNEL_V1 stage=2 raw_iteration=2 ordinal=6 kernel=identify_resident_transport threads=1 begin_tick=1990828094118625 end_tick=1990828094121500 ms_per_tick=9.9999999999999995e-07 device_ms=0.002875
PRODUCER_KERNEL_V1 stage=2 raw_iteration=2 ordinal=7 kernel=owner_bind_transport threads=1 begin_tick=1990828094122041 end_tick=1990828094125625 ms_per_tick=9.9999999999999995e-07 device_ms=0.0035839999999999999
PRODUCER_KERNEL_V1 stage=2 raw_iteration=2 ordinal=8 kernel=identify_resident_owner_endpoint_class threads=1 begin_tick=1990828094126000 end_tick=1990828094129208 ms_per_tick=9.9999999999999995e-07 device_ms=0.0032079999999999999
PRODUCER_KERNEL_V1 stage=2 raw_iteration=2 ordinal=9 kernel=evaluate_resident_physical_flux threads=1533387 begin_tick=1990828095096000 end_tick=1990828096208333 ms_per_tick=9.9999999999999995e-07 device_ms=1.112333
PRODUCER_KERNEL_V1 stage=2 raw_iteration=2 ordinal=10 kernel=evaluate_resident_advective_pair threads=13800483 begin_tick=1990828096512041 end_tick=1990828103841750 ms_per_tick=9.9999999999999995e-07 device_ms=7.3297089999999994
PRODUCER_KERNEL_V1 stage=2 raw_iteration=2 ordinal=11 kernel=finalize_resident_advective_high threads=13800483 begin_tick=1990828103842541 end_tick=1990828104267000 ms_per_tick=9.9999999999999995e-07 device_ms=0.42445899999999998
PRODUCER_KERNEL_V1 stage=2 raw_iteration=2 ordinal=12 kernel=compose_resident_flux_pair threads=13800483 begin_tick=1990828104267375 end_tick=1990828105152541 ms_per_tick=9.9999999999999995e-07 device_ms=0.88516600000000001
PRODUCER_KERNEL_V1 stage=2 raw_iteration=2 ordinal=13 kernel=validate_resident_physical_flux threads=13800483 begin_tick=1990828105153083 end_tick=1990828105974208 ms_per_tick=9.9999999999999995e-07 device_ms=0.82112499999999999
PRODUCER_KERNEL_V1 stage=2 raw_iteration=2 ordinal=14 kernel=identify_resident_physical_flux threads=32 begin_tick=1990828105974875 end_tick=1990828105978000 ms_per_tick=9.9999999999999995e-07 device_ms=0.0031249999999999997
PRODUCER_KERNEL_V1 stage=2 raw_iteration=2 ordinal=15 kernel=owner_bind_candidate threads=1 begin_tick=1990828105978416 end_tick=1990828105982083 ms_per_tick=9.9999999999999995e-07 device_ms=0.0036669999999999997
PRODUCER_KERNEL_V1 stage=2 raw_iteration=2 ordinal=16 kernel=finalize_resident_eos_candidate threads=1 begin_tick=1990828105983083 end_tick=1990828105985625 ms_per_tick=9.9999999999999995e-07 device_ms=0.002542
PRODUCER_KERNEL_V1 stage=2 raw_iteration=2 ordinal=17 kernel=build_eos_endpoint_table threads=14 begin_tick=1990828105986291 end_tick=1990828106278416 ms_per_tick=9.9999999999999995e-07 device_ms=0.29212499999999997
PRODUCER_KERNEL_V1 stage=2 raw_iteration=2 ordinal=18 kernel=evaluate_resident_eos_candidate threads=504666 begin_tick=1990828106278833 end_tick=1990828170415416 ms_per_tick=9.9999999999999995e-07 device_ms=64.136583000000002
PRODUCER_KERNEL_V1 stage=2 raw_iteration=2 ordinal=19 kernel=finalize_resident_eos_candidate threads=1 begin_tick=1990828170430375 end_tick=1990828170433208 ms_per_tick=9.9999999999999995e-07 device_ms=0.002833
PRODUCER_KERNEL_V1 stage=2 raw_iteration=2 ordinal=20 kernel=identify_resident_eos threads=1 begin_tick=1990828170433500 end_tick=1990828170436875 ms_per_tick=9.9999999999999995e-07 device_ms=0.003375
PRODUCER_KERNEL_V1 stage=2 raw_iteration=2 ordinal=21 kernel=produce_resident_frozen_source threads=504666 begin_tick=1990828170437333 end_tick=1990828170471083 ms_per_tick=9.9999999999999995e-07 device_ms=0.033749999999999995
PRODUCER_KERNEL_V1 stage=2 raw_iteration=2 ordinal=22 kernel=identify_resident_frozen_source threads=1 begin_tick=1990828170471416 end_tick=1990828170474666 ms_per_tick=9.9999999999999995e-07 device_ms=0.0032499999999999999
PRODUCER_KERNEL_V1 stage=2 raw_iteration=2 ordinal=23 kernel=evaluate_resident_target_terms threads=504666 begin_tick=1990828170475125 end_tick=1990828286651291 ms_per_tick=9.9999999999999995e-07 device_ms=116.17616599999999
PRODUCER_KERNEL_V1 stage=2 raw_iteration=2 ordinal=24 kernel=finalize_resident_target threads=1 begin_tick=1990828286665500 end_tick=1990828286668666 ms_per_tick=9.9999999999999995e-07 device_ms=0.003166
PRODUCER_KERNEL_V1 stage=2 raw_iteration=2 ordinal=25 kernel=identify_resident_target threads=1 begin_tick=1990828286669083 end_tick=1990828286672416 ms_per_tick=9.9999999999999995e-07 device_ms=0.003333
PRODUCER_KERNEL_V1 stage=2 raw_iteration=2 ordinal=26 kernel=issue_resident_projection_consumer threads=1 begin_tick=1990828286672708 end_tick=1990828286676666 ms_per_tick=9.9999999999999995e-07 device_ms=0.0039579999999999997
PRODUCER_KERNEL_V1 stage=2 raw_iteration=2 ordinal=27 kernel=consume_resident_target threads=1 begin_tick=1990828286677000 end_tick=1990828286681166 ms_per_tick=9.9999999999999995e-07 device_ms=0.0041659999999999996
PRODUCER_KERNEL_V1 stage=2 raw_iteration=2 ordinal=28 kernel=owner_compose_target threads=504666 begin_tick=1990828286681458 end_tick=1990828286714166 ms_per_tick=9.9999999999999995e-07 device_ms=0.032708000000000001
PRODUCER_KERNEL_V1 stage=2 raw_iteration=2 ordinal=29 kernel=finalize_resident_target threads=1 begin_tick=1990828286714625 end_tick=1990828286717041 ms_per_tick=9.9999999999999995e-07 device_ms=0.0024159999999999997
PRODUCER_KERNEL_V1 stage=2 raw_iteration=2 ordinal=30 kernel=owner_identify_target threads=1 begin_tick=1990828286717375 end_tick=1990828286720125 ms_per_tick=9.9999999999999995e-07 device_ms=0.0027499999999999998
PRODUCER_KERNEL_V1 stage=2 raw_iteration=2 ordinal=31 kernel=issue_resident_projection_consumer threads=1 begin_tick=1990828286720708 end_tick=1990828286723583 ms_per_tick=9.9999999999999995e-07 device_ms=0.002875
PRODUCER_KERNEL_V1 stage=2 raw_iteration=2 ordinal=32 kernel=consume_resident_target threads=1 begin_tick=1990828286723875 end_tick=1990828286726833 ms_per_tick=9.9999999999999995e-07 device_ms=0.0029579999999999997
PRODUCER_KERNEL_V1 stage=2 raw_iteration=2 ordinal=33 kernel=owner_issue_stage_seal threads=1 begin_tick=1990828286727375 end_tick=1990828286730333 ms_per_tick=9.9999999999999995e-07 device_ms=0.0029579999999999997
PRODUCER_KERNEL_V1 stage=2 raw_iteration=2 ordinal=34 kernel=fct_compatible_stage_rate threads=1533387 begin_tick=1990828286730708 end_tick=1990828287412541 ms_per_tick=9.9999999999999995e-07 device_ms=0.68183300000000002
PRODUCER_KERNEL_V1 stage=2 raw_iteration=2 ordinal=35 kernel=owner_heun_momentum threads=1533387 begin_tick=1990828287413333 end_tick=1990828287505708 ms_per_tick=9.9999999999999995e-07 device_ms=0.092374999999999999
RISE_FIRE_OWNER_PROFILE_V1 {"scope":92,"parent":87,"phase":"BuildStageProducerGroup","stage":2,"raw_iteration":2,"iteration_kind":"picard","wall_ms":276.141250000,"device_sum_ms":194.376666797,"wall_minus_device_ms":81.764583203,"exclusive_wall_ms":276.141250000,"exclusive_device_sum_ms":194.376666797,"child_observer_wall_ms":0.000000000,"count_scope":"inclusive","owner_commits":1,"projection_invocations":0}
RISE_FIRE_OWNER_PROFILE_V1 {"scope":93,"parent":87,"phase":"Residual","stage":2,"raw_iteration":2,"iteration_kind":"picard","wall_ms":0.339959000,"device_sum_ms":0.114625087,"wall_minus_device_ms":0.225333913,"exclusive_wall_ms":0.339959000,"exclusive_device_sum_ms":0.114625087,"child_observer_wall_ms":0.000000000,"count_scope":"inclusive","owner_commits":1,"projection_invocations":0}
RISE_FIRE_OWNER_PROFILE_V1 {"scope":96,"parent":95,"phase":"ProjectionAdapter","stage":2,"raw_iteration":2147483650,"iteration_kind":"terminal","wall_ms":12.198250000,"device_sum_ms":9.286333341,"wall_minus_device_ms":2.911916659,"exclusive_wall_ms":12.198250000,"exclusive_device_sum_ms":9.286333341,"child_observer_wall_ms":0.000000000,"count_scope":"inclusive","owner_commits":0,"projection_invocations":1}
RISE_FIRE_OWNER_PROFILE_V1 {"scope":95,"parent":94,"phase":"Project","stage":2,"raw_iteration":2147483650,"iteration_kind":"terminal","wall_ms":12.694583000,"device_sum_ms":9.324958315,"wall_minus_device_ms":3.369624685,"exclusive_wall_ms":0.489083000,"exclusive_device_sum_ms":0.038624974,"child_observer_wall_ms":0.007250000,"count_scope":"inclusive","owner_commits":2,"projection_invocations":1}
RISE_FIRE_OWNER_PROFILE_V1 {"scope":97,"parent":94,"phase":"ReadOpenClass","stage":2,"raw_iteration":2147483650,"iteration_kind":"terminal","wall_ms":0.160583000,"device_sum_ms":0.002375105,"wall_minus_device_ms":0.158207895,"exclusive_wall_ms":0.160583000,"exclusive_device_sum_ms":0.002375105,"child_observer_wall_ms":0.000000000,"count_scope":"inclusive","owner_commits":1,"projection_invocations":0}
RISE_FIRE_OWNER_PROFILE_V1 {"scope":98,"parent":94,"phase":"ReadOpenClass","stage":2,"raw_iteration":2147483650,"iteration_kind":"terminal","wall_ms":0.150041000,"device_sum_ms":0.002458459,"wall_minus_device_ms":0.147582541,"exclusive_wall_ms":0.150041000,"exclusive_device_sum_ms":0.002458459,"child_observer_wall_ms":0.000000000,"count_scope":"inclusive","owner_commits":1,"projection_invocations":0}
PRODUCER_COMMAND_V1 stage=2 raw_iteration=2147483650 cpu_begin=1990828301152916 cpu_end=1990828576450583 gpu_begin=1990828301152916 gpu_end=1990828576450583 device_ms=193.92033317126334 encoders=36 interval_scope=possibly_overlapping
PRODUCER_KERNEL_V1 stage=2 raw_iteration=2147483650 ordinal=0 kernel=owner_pack_faces threads=1533387 begin_tick=1990828382411791 end_tick=1990828382471125 ms_per_tick=9.9999999999999995e-07 device_ms=0.059333999999999998
PRODUCER_KERNEL_V1 stage=2 raw_iteration=2147483650 ordinal=1 kernel=owner_pack_faces threads=1533387 begin_tick=1990828382470958 end_tick=1990828382907791 ms_per_tick=9.9999999999999995e-07 device_ms=0.43683299999999997
PRODUCER_KERNEL_V1 stage=2 raw_iteration=2147483650 ordinal=2 kernel=owner_pack_faces threads=1533387 begin_tick=1990828382408125 end_tick=1990828382470958 ms_per_tick=9.9999999999999995e-07 device_ms=0.062833
PRODUCER_KERNEL_V1 stage=2 raw_iteration=2147483650 ordinal=3 kernel=fct_extract_gas_density threads=504666 begin_tick=1990828382907791 end_tick=1990828382928750 ms_per_tick=9.9999999999999995e-07 device_ms=0.020958999999999998
PRODUCER_KERNEL_V1 stage=2 raw_iteration=2147483650 ordinal=4 kernel=owner_gas_source threads=504666 begin_tick=1990828382928750 end_tick=1990828382970291 ms_per_tick=9.9999999999999995e-07 device_ms=0.041541000000000002
PRODUCER_KERNEL_V1 stage=2 raw_iteration=2147483650 ordinal=5 kernel=evaluate_resident_transport threads=504666 begin_tick=1990828382471458 end_tick=1990828382966625 ms_per_tick=9.9999999999999995e-07 device_ms=0.49516699999999997
PRODUCER_KERNEL_V1 stage=2 raw_iteration=2147483650 ordinal=6 kernel=identify_resident_transport threads=1 begin_tick=1990828382967583 end_tick=1990828382971541 ms_per_tick=9.9999999999999995e-07 device_ms=0.0039579999999999997
PRODUCER_KERNEL_V1 stage=2 raw_iteration=2147483650 ordinal=7 kernel=owner_bind_transport threads=1 begin_tick=1990828382972125 end_tick=1990828382975875 ms_per_tick=9.9999999999999995e-07 device_ms=0.0037499999999999999
PRODUCER_KERNEL_V1 stage=2 raw_iteration=2147483650 ordinal=8 kernel=identify_resident_owner_endpoint_class threads=1 begin_tick=1990828382976250 end_tick=1990828382979625 ms_per_tick=9.9999999999999995e-07 device_ms=0.003375
PRODUCER_KERNEL_V1 stage=2 raw_iteration=2147483650 ordinal=9 kernel=evaluate_resident_physical_flux threads=1533387 begin_tick=1990828383806250 end_tick=1990828384925250 ms_per_tick=9.9999999999999995e-07 device_ms=1.119
PRODUCER_KERNEL_V1 stage=2 raw_iteration=2147483650 ordinal=10 kernel=evaluate_resident_advective_pair threads=13800483 begin_tick=1990828385145291 end_tick=1990828392507583 ms_per_tick=9.9999999999999995e-07 device_ms=7.3622920000000001
PRODUCER_KERNEL_V1 stage=2 raw_iteration=2147483650 ordinal=11 kernel=finalize_resident_advective_high threads=13800483 begin_tick=1990828392508375 end_tick=1990828392928208 ms_per_tick=9.9999999999999995e-07 device_ms=0.41983299999999996
PRODUCER_KERNEL_V1 stage=2 raw_iteration=2147483650 ordinal=12 kernel=compose_resident_flux_pair threads=13800483 begin_tick=1990828392928541 end_tick=1990828393796333 ms_per_tick=9.9999999999999995e-07 device_ms=0.86779200000000001
PRODUCER_KERNEL_V1 stage=2 raw_iteration=2147483650 ordinal=13 kernel=validate_resident_physical_flux threads=13800483 begin_tick=1990828393797000 end_tick=1990828394693208 ms_per_tick=9.9999999999999995e-07 device_ms=0.896208
PRODUCER_KERNEL_V1 stage=2 raw_iteration=2147483650 ordinal=14 kernel=identify_resident_physical_flux threads=32 begin_tick=1990828394693708 end_tick=1990828394696916 ms_per_tick=9.9999999999999995e-07 device_ms=0.0032079999999999999
PRODUCER_KERNEL_V1 stage=2 raw_iteration=2147483650 ordinal=15 kernel=owner_bind_candidate threads=1 begin_tick=1990828394697458 end_tick=1990828394700916 ms_per_tick=9.9999999999999995e-07 device_ms=0.0034579999999999997
PRODUCER_KERNEL_V1 stage=2 raw_iteration=2147483650 ordinal=16 kernel=finalize_resident_eos_candidate threads=1 begin_tick=1990828394701333 end_tick=1990828394703708 ms_per_tick=9.9999999999999995e-07 device_ms=0.0023749999999999999
PRODUCER_KERNEL_V1 stage=2 raw_iteration=2147483650 ordinal=17 kernel=build_eos_endpoint_table threads=14 begin_tick=1990828394704375 end_tick=1990828394996000 ms_per_tick=9.9999999999999995e-07 device_ms=0.29162499999999997
PRODUCER_KERNEL_V1 stage=2 raw_iteration=2147483650 ordinal=18 kernel=evaluate_resident_eos_candidate threads=504666 begin_tick=1990828394996416 end_tick=1990828461460250 ms_per_tick=9.9999999999999995e-07 device_ms=66.463833999999991
PRODUCER_KERNEL_V1 stage=2 raw_iteration=2147483650 ordinal=19 kernel=finalize_resident_eos_candidate threads=1 begin_tick=1990828461481333 end_tick=1990828461484291 ms_per_tick=9.9999999999999995e-07 device_ms=0.0029579999999999997
PRODUCER_KERNEL_V1 stage=2 raw_iteration=2147483650 ordinal=20 kernel=identify_resident_eos threads=1 begin_tick=1990828461484583 end_tick=1990828461487125 ms_per_tick=9.9999999999999995e-07 device_ms=0.002542
PRODUCER_KERNEL_V1 stage=2 raw_iteration=2147483650 ordinal=21 kernel=produce_resident_frozen_source threads=504666 begin_tick=1990828461487666 end_tick=1990828461517750 ms_per_tick=9.9999999999999995e-07 device_ms=0.030084
PRODUCER_KERNEL_V1 stage=2 raw_iteration=2147483650 ordinal=22 kernel=identify_resident_frozen_source threads=1 begin_tick=1990828461518166 end_tick=1990828461524291 ms_per_tick=9.9999999999999995e-07 device_ms=0.0061249999999999994
PRODUCER_KERNEL_V1 stage=2 raw_iteration=2147483650 ordinal=23 kernel=evaluate_resident_target_terms threads=504666 begin_tick=1990828461524833 end_tick=1990828575637125 ms_per_tick=9.9999999999999995e-07 device_ms=114.112292
PRODUCER_KERNEL_V1 stage=2 raw_iteration=2147483650 ordinal=24 kernel=finalize_resident_target threads=1 begin_tick=1990828575653958 end_tick=1990828575657000 ms_per_tick=9.9999999999999995e-07 device_ms=0.003042
PRODUCER_KERNEL_V1 stage=2 raw_iteration=2147483650 ordinal=25 kernel=identify_resident_target threads=1 begin_tick=1990828575657541 end_tick=1990828575660750 ms_per_tick=9.9999999999999995e-07 device_ms=0.003209
PRODUCER_KERNEL_V1 stage=2 raw_iteration=2147483650 ordinal=26 kernel=issue_resident_projection_consumer threads=1 begin_tick=1990828575661166 end_tick=1990828575665333 ms_per_tick=9.9999999999999995e-07 device_ms=0.0041669999999999997
PRODUCER_KERNEL_V1 stage=2 raw_iteration=2147483650 ordinal=27 kernel=consume_resident_target threads=1 begin_tick=1990828575665875 end_tick=1990828575670041 ms_per_tick=9.9999999999999995e-07 device_ms=0.0041659999999999996
PRODUCER_KERNEL_V1 stage=2 raw_iteration=2147483650 ordinal=28 kernel=owner_compose_target threads=504666 begin_tick=1990828575670458 end_tick=1990828575700833 ms_per_tick=9.9999999999999995e-07 device_ms=0.030374999999999999
PRODUCER_KERNEL_V1 stage=2 raw_iteration=2147483650 ordinal=29 kernel=finalize_resident_target threads=1 begin_tick=1990828575701291 end_tick=1990828575703750 ms_per_tick=9.9999999999999995e-07 device_ms=0.0024589999999999998
PRODUCER_KERNEL_V1 stage=2 raw_iteration=2147483650 ordinal=30 kernel=owner_identify_target threads=1 begin_tick=1990828575704166 end_tick=1990828575706916 ms_per_tick=9.9999999999999995e-07 device_ms=0.0027499999999999998
PRODUCER_KERNEL_V1 stage=2 raw_iteration=2147483650 ordinal=31 kernel=issue_resident_projection_consumer threads=1 begin_tick=1990828575707458 end_tick=1990828575710791 ms_per_tick=9.9999999999999995e-07 device_ms=0.003333
PRODUCER_KERNEL_V1 stage=2 raw_iteration=2147483650 ordinal=32 kernel=consume_resident_target threads=1 begin_tick=1990828575711166 end_tick=1990828575714291 ms_per_tick=9.9999999999999995e-07 device_ms=0.0031249999999999997
PRODUCER_KERNEL_V1 stage=2 raw_iteration=2147483650 ordinal=33 kernel=owner_issue_stage_seal threads=1 begin_tick=1990828575714875 end_tick=1990828575717833 ms_per_tick=9.9999999999999995e-07 device_ms=0.0029579999999999997
PRODUCER_KERNEL_V1 stage=2 raw_iteration=2147483650 ordinal=34 kernel=fct_compatible_stage_rate threads=1533387 begin_tick=1990828575718208 end_tick=1990828576232916 ms_per_tick=9.9999999999999995e-07 device_ms=0.51470799999999994
PRODUCER_KERNEL_V1 stage=2 raw_iteration=2147483650 ordinal=35 kernel=owner_heun_momentum threads=1533387 begin_tick=1990828576233416 end_tick=1990828576322583 ms_per_tick=9.9999999999999995e-07 device_ms=0.089166999999999996
RISE_FIRE_OWNER_PROFILE_V1 {"scope":99,"parent":94,"phase":"BuildStageProducerGroup","stage":2,"raw_iteration":2147483650,"iteration_kind":"terminal","wall_ms":275.448125000,"device_sum_ms":193.920333171,"wall_minus_device_ms":81.527791829,"exclusive_wall_ms":275.448125000,"exclusive_device_sum_ms":193.920333171,"child_observer_wall_ms":0.000000000,"count_scope":"inclusive","owner_commits":1,"projection_invocations":0}
RISE_FIRE_OWNER_PROFILE_V1 {"scope":100,"parent":94,"phase":"Residual","stage":2,"raw_iteration":2147483650,"iteration_kind":"terminal","wall_ms":0.331375000,"device_sum_ms":0.113999937,"wall_minus_device_ms":0.217375063,"exclusive_wall_ms":0.331375000,"exclusive_device_sum_ms":0.113999937,"child_observer_wall_ms":0.000000000,"count_scope":"inclusive","owner_commits":1,"projection_invocations":0}
RISE_FIRE_OWNER_PROFILE_V1 {"scope":94,"parent":87,"phase":"TerminalVerification","stage":2,"raw_iteration":2147483650,"iteration_kind":"terminal","wall_ms":288.816042000,"device_sum_ms":203.364124987,"wall_minus_device_ms":85.451917013,"exclusive_wall_ms":0.003960000,"exclusive_device_sum_ms":0.000000000,"child_observer_wall_ms":0.027375000,"count_scope":"inclusive","owner_commits":6,"projection_invocations":1}
RISE_FIRE_OWNER_PROFILE_V1 {"scope":87,"parent":69,"phase":"PicardIteration","stage":2,"raw_iteration":2,"iteration_kind":"picard","wall_ms":579.114166000,"device_sum_ms":406.850333791,"wall_minus_device_ms":172.263832209,"exclusive_wall_ms":0.485250000,"exclusive_device_sum_ms":0.000000000,"child_observer_wall_ms":0.034540000,"count_scope":"inclusive","owner_commits":12,"projection_invocations":2}
RISE_FIRE_OWNER_PROFILE_V1 {"scope":69,"parent":1,"phase":"SolveStage","stage":2,"raw_iteration":4294967295,"iteration_kind":"bootstrap","wall_ms":1443.077250000,"device_sum_ms":1011.485167081,"wall_minus_device_ms":431.592082919,"exclusive_wall_ms":1.473250000,"exclusive_device_sum_ms":0.000000000,"child_observer_wall_ms":0.041083000,"count_scope":"inclusive","owner_commits":27,"projection_invocations":5}
RISE_FIRE_OWNER_PROFILE_V1 {"scope":101,"parent":1,"phase":"TerminalPublication","stage":4294967295,"raw_iteration":4294967295,"iteration_kind":"owner","wall_ms":11.961375000,"device_sum_ms":5.912999855,"wall_minus_device_ms":6.048375145,"exclusive_wall_ms":11.961375000,"exclusive_device_sum_ms":5.912999855,"child_observer_wall_ms":0.000000000,"count_scope":"inclusive","owner_commits":1,"projection_invocations":0}
RISE_FIRE_OWNER_PROFILE_V1 {"scope":1,"parent":0,"phase":"OwnerRun","stage":4294967295,"raw_iteration":4294967295,"iteration_kind":"owner","wall_ms":4502.108041000,"device_sum_ms":3092.649625149,"wall_minus_device_ms":1409.458415851,"exclusive_wall_ms":5.491624000,"exclusive_device_sum_ms":0.015999889,"child_observer_wall_ms":0.068792000,"count_scope":"inclusive","owner_commits":86,"projection_invocations":15}
capstone accepted step=3 time=0.00493879791 dt=0.00164626597 Tmax=307.866404 qmax=0 eos_max=7.67236907e-05 approach_eos_max=7.67236907e-05 limiter_class=continuous limiter_discrepancy=0 active_set_class=continuous active_set_discrepancy=0 active_set_cycle=0 active_set_faces=0
capstone pilot diagnostic Tmax=307.866045 CH4max=8.07286779e-06 O2max=0.265995681 eos_max=7.67236907e-05 approach_eos_max=7.67236907e-05
OWNER_COST_PREFIX complete=1 steps=3 time=0.004938797908835113 wall_s=16.550055832999998 outcome_sha256=568f1f8e65a7e559961d71baf5d44f131c6a9b874bbd9e91af745e380cbaa8c9 full_verdict=unavailable error=
