OWNER_COST_SNAPSHOT_SCOPE_RED count=2 passed=1
capstone probe workers=8 target=0.00493879791 grid=69x69x106 dx=0.0305931161 t_ft=2.09320803
capstone step-start=0 speed=0 gprime=0 nu=2.23472097e-05 selected=5.23521035 previous=0
capstone event-step=0.00164626597 pilot_ceiling=0.0115509308 ramp_end=0.209320803
RISE_FIRE_OWNER_PROFILE_V1 {"scope":2,"parent":1,"phase":"Prepare","stage":4294967295,"raw_iteration":4294967295,"iteration_kind":"owner","wall_ms":106.385167000,"device_sum_ms":2.808875171,"wall_minus_device_ms":103.576291829,"exclusive_wall_ms":106.385167000,"exclusive_device_sum_ms":2.808875171,"child_observer_wall_ms":0.000000000,"count_scope":"inclusive","owner_commits":1,"projection_invocations":0}
RISE_FIRE_OWNER_PROFILE_V1 {"scope":5,"parent":4,"phase":"ProjectionAdapter","stage":0,"raw_iteration":4294967295,"iteration_kind":"bootstrap","wall_ms":25.549834000,"device_sum_ms":17.837624997,"wall_minus_device_ms":7.712209003,"exclusive_wall_ms":25.549834000,"exclusive_device_sum_ms":17.837624997,"child_observer_wall_ms":0.000000000,"count_scope":"inclusive","owner_commits":0,"projection_invocations":1}
RISE_FIRE_OWNER_PROFILE_V1 {"scope":4,"parent":3,"phase":"Project","stage":0,"raw_iteration":4294967295,"iteration_kind":"bootstrap","wall_ms":27.226292000,"device_sum_ms":17.888791859,"wall_minus_device_ms":9.337500141,"exclusive_wall_ms":1.637958000,"exclusive_device_sum_ms":0.051166862,"child_observer_wall_ms":0.038500000,"count_scope":"inclusive","owner_commits":2,"projection_invocations":1}
PRODUCER_COMMAND_V1 stage=0 raw_iteration=4294967295 cpu_begin=1990042888587291 cpu_end=1990043743393666 gpu_begin=1990042888587291 gpu_end=1990043743393666 device_ms=769.45020817220211 encoders=38 interval_scope=possibly_overlapping
PRODUCER_KERNEL_V1 stage=0 raw_iteration=4294967295 ordinal=0 kernel=owner_pack_faces threads=1533387 begin_tick=1990042973856291 end_tick=1990042973934208 ms_per_tick=9.9999999999999995e-07 device_ms=0.077917
PRODUCER_KERNEL_V1 stage=0 raw_iteration=4294967295 ordinal=1 kernel=owner_pack_faces threads=1533387 begin_tick=1990042973931416 end_tick=1990042974287541 ms_per_tick=9.9999999999999995e-07 device_ms=0.35612499999999997
PRODUCER_KERNEL_V1 stage=0 raw_iteration=4294967295 ordinal=2 kernel=owner_pack_faces threads=1533387 begin_tick=1990042973852791 end_tick=1990042973931416 ms_per_tick=9.9999999999999995e-07 device_ms=0.078625
PRODUCER_KERNEL_V1 stage=0 raw_iteration=4294967295 ordinal=3 kernel=fct_extract_gas_density threads=504666 begin_tick=1990042973934791 end_tick=1990042973984166 ms_per_tick=9.9999999999999995e-07 device_ms=0.049374999999999995
PRODUCER_KERNEL_V1 stage=0 raw_iteration=4294967295 ordinal=4 kernel=owner_gas_source threads=504666 begin_tick=1990042974287958 end_tick=1990042974818708 ms_per_tick=9.9999999999999995e-07 device_ms=0.53074999999999994
PRODUCER_KERNEL_V1 stage=0 raw_iteration=4294967295 ordinal=5 kernel=evaluate_resident_transport threads=504666 begin_tick=1990042974000125 end_tick=1990042974852708 ms_per_tick=9.9999999999999995e-07 device_ms=0.85258299999999998
PRODUCER_KERNEL_V1 stage=0 raw_iteration=4294967295 ordinal=6 kernel=identify_resident_transport threads=1 begin_tick=1990042974853166 end_tick=1990042974858000 ms_per_tick=9.9999999999999995e-07 device_ms=0.0048339999999999998
PRODUCER_KERNEL_V1 stage=0 raw_iteration=4294967295 ordinal=7 kernel=owner_bind_transport threads=1 begin_tick=1990042974858625 end_tick=1990042974864333 ms_per_tick=9.9999999999999995e-07 device_ms=0.0057079999999999995
PRODUCER_KERNEL_V1 stage=0 raw_iteration=4294967295 ordinal=8 kernel=identify_resident_owner_endpoint_class threads=1 begin_tick=1990042974864708 end_tick=1990042974870333 ms_per_tick=9.9999999999999995e-07 device_ms=0.0056249999999999998
PRODUCER_KERNEL_V1 stage=0 raw_iteration=4294967295 ordinal=9 kernel=evaluate_resident_physical_flux threads=1533387 begin_tick=1990042975507916 end_tick=1990042977741500 ms_per_tick=9.9999999999999995e-07 device_ms=2.233584
PRODUCER_KERNEL_V1 stage=0 raw_iteration=4294967295 ordinal=10 kernel=evaluate_resident_advective_pair threads=13800483 begin_tick=1990042977141000 end_tick=1990042993376875 ms_per_tick=9.9999999999999995e-07 device_ms=16.235875
PRODUCER_KERNEL_V1 stage=0 raw_iteration=4294967295 ordinal=11 kernel=finalize_resident_advective_high threads=13800483 begin_tick=1990042993377833 end_tick=1990042993798083 ms_per_tick=9.9999999999999995e-07 device_ms=0.42024999999999996
PRODUCER_KERNEL_V1 stage=0 raw_iteration=4294967295 ordinal=12 kernel=compose_resident_flux_pair threads=13800483 begin_tick=1990042993798458 end_tick=1990042994769541 ms_per_tick=9.9999999999999995e-07 device_ms=0.97108299999999992
PRODUCER_KERNEL_V1 stage=0 raw_iteration=4294967295 ordinal=13 kernel=validate_resident_physical_flux threads=13800483 begin_tick=1990042994770208 end_tick=1990042995622750 ms_per_tick=9.9999999999999995e-07 device_ms=0.85254199999999991
PRODUCER_KERNEL_V1 stage=0 raw_iteration=4294967295 ordinal=14 kernel=identify_resident_physical_flux threads=32 begin_tick=1990042995623500 end_tick=1990042995626750 ms_per_tick=9.9999999999999995e-07 device_ms=0.0032499999999999999
PRODUCER_KERNEL_V1 stage=0 raw_iteration=4294967295 ordinal=15 kernel=fct_build_ratios threads=5551326 begin_tick=1990042995627208 end_tick=1990043000478958 ms_per_tick=9.9999999999999995e-07 device_ms=4.85175
PRODUCER_KERNEL_V1 stage=0 raw_iteration=4294967295 ordinal=16 kernel=fct_build_face_alpha threads=1533387 begin_tick=1990043000512916 end_tick=1990043000965541 ms_per_tick=9.9999999999999995e-07 device_ms=0.452625
PRODUCER_KERNEL_V1 stage=0 raw_iteration=4294967295 ordinal=17 kernel=fct_commit_scalar threads=504666 begin_tick=1990043000980333 end_tick=1990043001185333 ms_per_tick=9.9999999999999995e-07 device_ms=0.20499999999999999
PRODUCER_KERNEL_V1 stage=0 raw_iteration=4294967295 ordinal=18 kernel=owner_bind_candidate threads=1 begin_tick=1990043001185958 end_tick=1990043001189875 ms_per_tick=9.9999999999999995e-07 device_ms=0.0039169999999999995
PRODUCER_KERNEL_V1 stage=0 raw_iteration=4294967295 ordinal=19 kernel=finalize_resident_eos_candidate threads=1 begin_tick=1990043001190416 end_tick=1990043001193000 ms_per_tick=9.9999999999999995e-07 device_ms=0.0025839999999999999
PRODUCER_KERNEL_V1 stage=0 raw_iteration=4294967295 ordinal=20 kernel=evaluate_resident_eos_candidate threads=504666 begin_tick=1990043001194083 end_tick=1990043614015541 ms_per_tick=9.9999999999999995e-07 device_ms=612.82145800000001
PRODUCER_KERNEL_V1 stage=0 raw_iteration=4294967295 ordinal=21 kernel=finalize_resident_eos_candidate threads=1 begin_tick=1990043614031250 end_tick=1990043614033916 ms_per_tick=9.9999999999999995e-07 device_ms=0.002666
PRODUCER_KERNEL_V1 stage=0 raw_iteration=4294967295 ordinal=22 kernel=identify_resident_eos threads=1 begin_tick=1990043614034250 end_tick=1990043614037041 ms_per_tick=9.9999999999999995e-07 device_ms=0.0027910000000000001
PRODUCER_KERNEL_V1 stage=0 raw_iteration=4294967295 ordinal=23 kernel=produce_resident_frozen_source threads=504666 begin_tick=1990043614037375 end_tick=1990043614068500 ms_per_tick=9.9999999999999995e-07 device_ms=0.031125
PRODUCER_KERNEL_V1 stage=0 raw_iteration=4294967295 ordinal=24 kernel=identify_resident_frozen_source threads=1 begin_tick=1990043614068833 end_tick=1990043614071583 ms_per_tick=9.9999999999999995e-07 device_ms=0.0027499999999999998
PRODUCER_KERNEL_V1 stage=0 raw_iteration=4294967295 ordinal=25 kernel=evaluate_resident_target_terms threads=504666 begin_tick=1990043614072000 end_tick=1990043742547500 ms_per_tick=9.9999999999999995e-07 device_ms=128.47549999999998
PRODUCER_KERNEL_V1 stage=0 raw_iteration=4294967295 ordinal=26 kernel=finalize_resident_target threads=1 begin_tick=1990043742613791 end_tick=1990043742616958 ms_per_tick=9.9999999999999995e-07 device_ms=0.0031669999999999997
PRODUCER_KERNEL_V1 stage=0 raw_iteration=4294967295 ordinal=27 kernel=identify_resident_target threads=1 begin_tick=1990043742617250 end_tick=1990043742620166 ms_per_tick=9.9999999999999995e-07 device_ms=0.0029159999999999998
PRODUCER_KERNEL_V1 stage=0 raw_iteration=4294967295 ordinal=28 kernel=issue_resident_projection_consumer threads=1 begin_tick=1990043742620583 end_tick=1990043742624500 ms_per_tick=9.9999999999999995e-07 device_ms=0.0039169999999999995
PRODUCER_KERNEL_V1 stage=0 raw_iteration=4294967295 ordinal=29 kernel=consume_resident_target threads=1 begin_tick=1990043742624875 end_tick=1990043742629333 ms_per_tick=9.9999999999999995e-07 device_ms=0.0044580000000000002
PRODUCER_KERNEL_V1 stage=0 raw_iteration=4294967295 ordinal=30 kernel=owner_compose_target threads=504666 begin_tick=1990043742629750 end_tick=1990043742662125 ms_per_tick=9.9999999999999995e-07 device_ms=0.032375000000000001
PRODUCER_KERNEL_V1 stage=0 raw_iteration=4294967295 ordinal=31 kernel=finalize_resident_target threads=1 begin_tick=1990043742662500 end_tick=1990043742664916 ms_per_tick=9.9999999999999995e-07 device_ms=0.0024159999999999997
PRODUCER_KERNEL_V1 stage=0 raw_iteration=4294967295 ordinal=32 kernel=owner_identify_target threads=1 begin_tick=1990043742665333 end_tick=1990043742668291 ms_per_tick=9.9999999999999995e-07 device_ms=0.0029579999999999997
PRODUCER_KERNEL_V1 stage=0 raw_iteration=4294967295 ordinal=33 kernel=issue_resident_projection_consumer threads=1 begin_tick=1990043742668708 end_tick=1990043742671958 ms_per_tick=9.9999999999999995e-07 device_ms=0.0032499999999999999
PRODUCER_KERNEL_V1 stage=0 raw_iteration=4294967295 ordinal=34 kernel=consume_resident_target threads=1 begin_tick=1990043742672333 end_tick=1990043742675416 ms_per_tick=9.9999999999999995e-07 device_ms=0.0030829999999999998
PRODUCER_KERNEL_V1 stage=0 raw_iteration=4294967295 ordinal=35 kernel=owner_issue_stage_seal threads=1 begin_tick=1990043742675791 end_tick=1990043742678708 ms_per_tick=9.9999999999999995e-07 device_ms=0.0029169999999999999
PRODUCER_KERNEL_V1 stage=0 raw_iteration=4294967295 ordinal=36 kernel=fct_compatible_stage_rate threads=1533387 begin_tick=1990043742679208 end_tick=1990043743244458 ms_per_tick=9.9999999999999995e-07 device_ms=0.56524999999999992
PRODUCER_KERNEL_V1 stage=0 raw_iteration=4294967295 ordinal=37 kernel=owner_predict_momentum threads=1533387 begin_tick=1990043743245000 end_tick=1990043743295875 ms_per_tick=9.9999999999999995e-07 device_ms=0.050874999999999997
RISE_FIRE_OWNER_PROFILE_V1 {"scope":6,"parent":3,"phase":"BuildStageProducerGroup","stage":0,"raw_iteration":4294967295,"iteration_kind":"bootstrap","wall_ms":855.063375000,"device_sum_ms":769.450208172,"wall_minus_device_ms":85.613166828,"exclusive_wall_ms":855.063375000,"exclusive_device_sum_ms":769.450208172,"child_observer_wall_ms":0.000000000,"count_scope":"inclusive","owner_commits":1,"projection_invocations":0}
RISE_FIRE_OWNER_PROFILE_V1 {"scope":9,"parent":8,"phase":"ProjectionAdapter","stage":0,"raw_iteration":0,"iteration_kind":"picard","wall_ms":13.093250000,"device_sum_ms":10.093624936,"wall_minus_device_ms":2.999625064,"exclusive_wall_ms":13.093250000,"exclusive_device_sum_ms":10.093624936,"child_observer_wall_ms":0.000000000,"count_scope":"inclusive","owner_commits":0,"projection_invocations":1}
RISE_FIRE_OWNER_PROFILE_V1 {"scope":8,"parent":7,"phase":"Project","stage":0,"raw_iteration":0,"iteration_kind":"picard","wall_ms":14.197000000,"device_sum_ms":10.145791573,"wall_minus_device_ms":4.051208427,"exclusive_wall_ms":1.092916000,"exclusive_device_sum_ms":0.052166637,"child_observer_wall_ms":0.010834000,"count_scope":"inclusive","owner_commits":2,"projection_invocations":1}
RISE_FIRE_OWNER_PROFILE_V1 {"scope":10,"parent":7,"phase":"ReadOpenClass","stage":0,"raw_iteration":0,"iteration_kind":"picard","wall_ms":0.211792000,"device_sum_ms":0.002374873,"wall_minus_device_ms":0.209417127,"exclusive_wall_ms":0.211792000,"exclusive_device_sum_ms":0.002374873,"child_observer_wall_ms":0.000000000,"count_scope":"inclusive","owner_commits":1,"projection_invocations":0}
RISE_FIRE_OWNER_PROFILE_V1 {"scope":11,"parent":7,"phase":"ReadOpenClass","stage":0,"raw_iteration":0,"iteration_kind":"picard","wall_ms":0.149708000,"device_sum_ms":0.002291752,"wall_minus_device_ms":0.147416248,"exclusive_wall_ms":0.149708000,"exclusive_device_sum_ms":0.002291752,"child_observer_wall_ms":0.000000000,"count_scope":"inclusive","owner_commits":1,"projection_invocations":0}
PRODUCER_COMMAND_V1 stage=0 raw_iteration=0 cpu_begin=1990043758180958 cpu_end=1990044603003333 gpu_begin=1990043758180958 gpu_end=1990044603003333 device_ms=751.95358344353735 encoders=38 interval_scope=possibly_overlapping
PRODUCER_KERNEL_V1 stage=0 raw_iteration=0 ordinal=0 kernel=owner_pack_faces threads=1533387 begin_tick=1990043851095666 end_tick=1990043851146833 ms_per_tick=9.9999999999999995e-07 device_ms=0.051166999999999997
PRODUCER_KERNEL_V1 stage=0 raw_iteration=0 ordinal=1 kernel=owner_pack_faces threads=1533387 begin_tick=1990043851194416 end_tick=1990043851244333 ms_per_tick=9.9999999999999995e-07 device_ms=0.049916999999999996
PRODUCER_KERNEL_V1 stage=0 raw_iteration=0 ordinal=2 kernel=owner_pack_faces threads=1533387 begin_tick=1990043851281041 end_tick=1990043851340125 ms_per_tick=9.9999999999999995e-07 device_ms=0.059083999999999998
PRODUCER_KERNEL_V1 stage=0 raw_iteration=0 ordinal=3 kernel=fct_extract_gas_density threads=504666 begin_tick=1990043851324791 end_tick=1990043851376583 ms_per_tick=9.9999999999999995e-07 device_ms=0.051791999999999998
PRODUCER_KERNEL_V1 stage=0 raw_iteration=0 ordinal=4 kernel=owner_gas_source threads=504666 begin_tick=1990043851408333 end_tick=1990043851454750 ms_per_tick=9.9999999999999995e-07 device_ms=0.046417
PRODUCER_KERNEL_V1 stage=0 raw_iteration=0 ordinal=5 kernel=evaluate_resident_transport threads=504666 begin_tick=1990043851515500 end_tick=1990043851970708 ms_per_tick=9.9999999999999995e-07 device_ms=0.455208
PRODUCER_KERNEL_V1 stage=0 raw_iteration=0 ordinal=6 kernel=identify_resident_transport threads=1 begin_tick=1990043851971041 end_tick=1990043851973625 ms_per_tick=9.9999999999999995e-07 device_ms=0.0025839999999999999
PRODUCER_KERNEL_V1 stage=0 raw_iteration=0 ordinal=7 kernel=owner_bind_transport threads=1 begin_tick=1990043851974166 end_tick=1990043851977875 ms_per_tick=9.9999999999999995e-07 device_ms=0.0037089999999999996
PRODUCER_KERNEL_V1 stage=0 raw_iteration=0 ordinal=8 kernel=identify_resident_owner_endpoint_class threads=1 begin_tick=1990043851978250 end_tick=1990043851982125 ms_per_tick=9.9999999999999995e-07 device_ms=0.003875
PRODUCER_KERNEL_V1 stage=0 raw_iteration=0 ordinal=9 kernel=evaluate_resident_physical_flux threads=1533387 begin_tick=1990043853284916 end_tick=1990043854396291 ms_per_tick=9.9999999999999995e-07 device_ms=1.111375
PRODUCER_KERNEL_V1 stage=0 raw_iteration=0 ordinal=10 kernel=evaluate_resident_advective_pair threads=13800483 begin_tick=1990043854805458 end_tick=1990043861871875 ms_per_tick=9.9999999999999995e-07 device_ms=7.0664169999999995
PRODUCER_KERNEL_V1 stage=0 raw_iteration=0 ordinal=11 kernel=finalize_resident_advective_high threads=13800483 begin_tick=1990043861872500 end_tick=1990043862290833 ms_per_tick=9.9999999999999995e-07 device_ms=0.41833299999999995
PRODUCER_KERNEL_V1 stage=0 raw_iteration=0 ordinal=12 kernel=compose_resident_flux_pair threads=13800483 begin_tick=1990043862291250 end_tick=1990043863170583 ms_per_tick=9.9999999999999995e-07 device_ms=0.87933299999999992
PRODUCER_KERNEL_V1 stage=0 raw_iteration=0 ordinal=13 kernel=validate_resident_physical_flux threads=13800483 begin_tick=1990043863170958 end_tick=1990043864160458 ms_per_tick=9.9999999999999995e-07 device_ms=0.98949999999999994
PRODUCER_KERNEL_V1 stage=0 raw_iteration=0 ordinal=14 kernel=identify_resident_physical_flux threads=32 begin_tick=1990043864161208 end_tick=1990043864164666 ms_per_tick=9.9999999999999995e-07 device_ms=0.0034579999999999997
PRODUCER_KERNEL_V1 stage=0 raw_iteration=0 ordinal=15 kernel=fct_build_ratios threads=5551326 begin_tick=1990043864165208 end_tick=1990043869289166 ms_per_tick=9.9999999999999995e-07 device_ms=5.123958
PRODUCER_KERNEL_V1 stage=0 raw_iteration=0 ordinal=16 kernel=fct_build_face_alpha threads=1533387 begin_tick=1990043869306083 end_tick=1990043869564458 ms_per_tick=9.9999999999999995e-07 device_ms=0.25837499999999997
PRODUCER_KERNEL_V1 stage=0 raw_iteration=0 ordinal=17 kernel=fct_commit_scalar threads=504666 begin_tick=1990043869565000 end_tick=1990043869763791 ms_per_tick=9.9999999999999995e-07 device_ms=0.198791
PRODUCER_KERNEL_V1 stage=0 raw_iteration=0 ordinal=18 kernel=owner_bind_candidate threads=1 begin_tick=1990043869764166 end_tick=1990043869767833 ms_per_tick=9.9999999999999995e-07 device_ms=0.0036669999999999997
PRODUCER_KERNEL_V1 stage=0 raw_iteration=0 ordinal=19 kernel=finalize_resident_eos_candidate threads=1 begin_tick=1990043869768291 end_tick=1990043869770791 ms_per_tick=9.9999999999999995e-07 device_ms=0.0025000000000000001
PRODUCER_KERNEL_V1 stage=0 raw_iteration=0 ordinal=20 kernel=evaluate_resident_eos_candidate threads=504666 begin_tick=1990043869771291 end_tick=1990044475553125 ms_per_tick=9.9999999999999995e-07 device_ms=605.781834
PRODUCER_KERNEL_V1 stage=0 raw_iteration=0 ordinal=21 kernel=finalize_resident_eos_candidate threads=1 begin_tick=1990044475569125 end_tick=1990044475571666 ms_per_tick=9.9999999999999995e-07 device_ms=0.0025409999999999999
PRODUCER_KERNEL_V1 stage=0 raw_iteration=0 ordinal=22 kernel=identify_resident_eos threads=1 begin_tick=1990044475572083 end_tick=1990044475574666 ms_per_tick=9.9999999999999995e-07 device_ms=0.0025829999999999998
PRODUCER_KERNEL_V1 stage=0 raw_iteration=0 ordinal=23 kernel=produce_resident_frozen_source threads=504666 begin_tick=1990044475575250 end_tick=1990044475606250 ms_per_tick=9.9999999999999995e-07 device_ms=0.031
PRODUCER_KERNEL_V1 stage=0 raw_iteration=0 ordinal=24 kernel=identify_resident_frozen_source threads=1 begin_tick=1990044475606625 end_tick=1990044475609541 ms_per_tick=9.9999999999999995e-07 device_ms=0.0029159999999999998
PRODUCER_KERNEL_V1 stage=0 raw_iteration=0 ordinal=25 kernel=evaluate_resident_target_terms threads=504666 begin_tick=1990044475609958 end_tick=1990044602212333 ms_per_tick=9.9999999999999995e-07 device_ms=126.60237499999999
PRODUCER_KERNEL_V1 stage=0 raw_iteration=0 ordinal=26 kernel=finalize_resident_target threads=1 begin_tick=1990044602227500 end_tick=1990044602230666 ms_per_tick=9.9999999999999995e-07 device_ms=0.003166
PRODUCER_KERNEL_V1 stage=0 raw_iteration=0 ordinal=27 kernel=identify_resident_target threads=1 begin_tick=1990044602231041 end_tick=1990044602234000 ms_per_tick=9.9999999999999995e-07 device_ms=0.0029589999999999998
PRODUCER_KERNEL_V1 stage=0 raw_iteration=0 ordinal=28 kernel=issue_resident_projection_consumer threads=1 begin_tick=1990044602234416 end_tick=1990044602238666 ms_per_tick=9.9999999999999995e-07 device_ms=0.0042499999999999994
PRODUCER_KERNEL_V1 stage=0 raw_iteration=0 ordinal=29 kernel=consume_resident_target threads=1 begin_tick=1990044602239000 end_tick=1990044602243166 ms_per_tick=9.9999999999999995e-07 device_ms=0.0041659999999999996
PRODUCER_KERNEL_V1 stage=0 raw_iteration=0 ordinal=30 kernel=owner_compose_target threads=504666 begin_tick=1990044602243458 end_tick=1990044602323291 ms_per_tick=9.9999999999999995e-07 device_ms=0.079833000000000001
PRODUCER_KERNEL_V1 stage=0 raw_iteration=0 ordinal=31 kernel=finalize_resident_target threads=1 begin_tick=1990044602323708 end_tick=1990044602326083 ms_per_tick=9.9999999999999995e-07 device_ms=0.0023749999999999999
PRODUCER_KERNEL_V1 stage=0 raw_iteration=0 ordinal=32 kernel=owner_identify_target threads=1 begin_tick=1990044602326458 end_tick=1990044602329791 ms_per_tick=9.9999999999999995e-07 device_ms=0.003333
PRODUCER_KERNEL_V1 stage=0 raw_iteration=0 ordinal=33 kernel=issue_resident_projection_consumer threads=1 begin_tick=1990044602330208 end_tick=1990044602332958 ms_per_tick=9.9999999999999995e-07 device_ms=0.0027499999999999998
PRODUCER_KERNEL_V1 stage=0 raw_iteration=0 ordinal=34 kernel=consume_resident_target threads=1 begin_tick=1990044602333333 end_tick=1990044602336625 ms_per_tick=9.9999999999999995e-07 device_ms=0.0032919999999999998
PRODUCER_KERNEL_V1 stage=0 raw_iteration=0 ordinal=35 kernel=owner_issue_stage_seal threads=1 begin_tick=1990044602337041 end_tick=1990044602339958 ms_per_tick=9.9999999999999995e-07 device_ms=0.0029169999999999999
PRODUCER_KERNEL_V1 stage=0 raw_iteration=0 ordinal=36 kernel=fct_compatible_stage_rate threads=1533387 begin_tick=1990044602340500 end_tick=1990044602858875 ms_per_tick=9.9999999999999995e-07 device_ms=0.51837500000000003
PRODUCER_KERNEL_V1 stage=0 raw_iteration=0 ordinal=37 kernel=owner_predict_momentum threads=1533387 begin_tick=1990044602859500 end_tick=1990044602909000 ms_per_tick=9.9999999999999995e-07 device_ms=0.049499999999999995
RISE_FIRE_OWNER_PROFILE_V1 {"scope":12,"parent":7,"phase":"BuildStageProducerGroup","stage":0,"raw_iteration":0,"iteration_kind":"picard","wall_ms":844.999041000,"device_sum_ms":751.953583444,"wall_minus_device_ms":93.045457556,"exclusive_wall_ms":844.999041000,"exclusive_device_sum_ms":751.953583444,"child_observer_wall_ms":0.000000000,"count_scope":"inclusive","owner_commits":1,"projection_invocations":0}
RISE_FIRE_OWNER_PROFILE_V1 {"scope":13,"parent":7,"phase":"Residual","stage":0,"raw_iteration":0,"iteration_kind":"picard","wall_ms":0.225250000,"device_sum_ms":0.021541491,"wall_minus_device_ms":0.203708509,"exclusive_wall_ms":0.225250000,"exclusive_device_sum_ms":0.021541491,"child_observer_wall_ms":0.000000000,"count_scope":"inclusive","owner_commits":1,"projection_invocations":0}
RISE_FIRE_OWNER_PROFILE_V1 {"scope":7,"parent":3,"phase":"PicardIteration","stage":0,"raw_iteration":0,"iteration_kind":"picard","wall_ms":860.315625000,"device_sum_ms":762.125583133,"wall_minus_device_ms":98.190041867,"exclusive_wall_ms":0.498043000,"exclusive_device_sum_ms":0.000000000,"child_observer_wall_ms":0.034791000,"count_scope":"inclusive","owner_commits":6,"projection_invocations":1}
RISE_FIRE_OWNER_PROFILE_V1 {"scope":16,"parent":15,"phase":"ProjectionAdapter","stage":0,"raw_iteration":1,"iteration_kind":"picard","wall_ms":13.150084000,"device_sum_ms":10.363124777,"wall_minus_device_ms":2.786959223,"exclusive_wall_ms":13.150084000,"exclusive_device_sum_ms":10.363124777,"child_observer_wall_ms":0.000000000,"count_scope":"inclusive","owner_commits":0,"projection_invocations":1}
RISE_FIRE_OWNER_PROFILE_V1 {"scope":15,"parent":14,"phase":"Project","stage":0,"raw_iteration":1,"iteration_kind":"picard","wall_ms":14.369542000,"device_sum_ms":10.408625007,"wall_minus_device_ms":3.960916993,"exclusive_wall_ms":1.208833000,"exclusive_device_sum_ms":0.045500230,"child_observer_wall_ms":0.010625000,"count_scope":"inclusive","owner_commits":2,"projection_invocations":1}
RISE_FIRE_OWNER_PROFILE_V1 {"scope":17,"parent":14,"phase":"ReadOpenClass","stage":0,"raw_iteration":1,"iteration_kind":"picard","wall_ms":0.163666000,"device_sum_ms":0.002416782,"wall_minus_device_ms":0.161249218,"exclusive_wall_ms":0.163666000,"exclusive_device_sum_ms":0.002416782,"child_observer_wall_ms":0.000000000,"count_scope":"inclusive","owner_commits":1,"projection_invocations":0}
RISE_FIRE_OWNER_PROFILE_V1 {"scope":18,"parent":14,"phase":"ReadOpenClass","stage":0,"raw_iteration":1,"iteration_kind":"picard","wall_ms":0.142084000,"device_sum_ms":0.002624933,"wall_minus_device_ms":0.139459067,"exclusive_wall_ms":0.142084000,"exclusive_device_sum_ms":0.002624933,"child_observer_wall_ms":0.000000000,"count_scope":"inclusive","owner_commits":1,"projection_invocations":0}
PRODUCER_COMMAND_V1 stage=0 raw_iteration=1 cpu_begin=1990044618600416 cpu_end=1990045450159416 gpu_begin=1990044618600416 gpu_end=1990045450159416 device_ms=749.71349979750812 encoders=38 interval_scope=possibly_overlapping
PRODUCER_KERNEL_V1 stage=0 raw_iteration=1 ordinal=0 kernel=owner_pack_faces threads=1533387 begin_tick=1990044700436833 end_tick=1990044700487416 ms_per_tick=9.9999999999999995e-07 device_ms=0.050582999999999996
PRODUCER_KERNEL_V1 stage=0 raw_iteration=1 ordinal=1 kernel=owner_pack_faces threads=1533387 begin_tick=1990044700551916 end_tick=1990044700601875 ms_per_tick=9.9999999999999995e-07 device_ms=0.049958999999999996
PRODUCER_KERNEL_V1 stage=0 raw_iteration=1 ordinal=2 kernel=owner_pack_faces threads=1533387 begin_tick=1990044700651291 end_tick=1990044700736125 ms_per_tick=9.9999999999999995e-07 device_ms=0.084833999999999993
PRODUCER_KERNEL_V1 stage=0 raw_iteration=1 ordinal=3 kernel=fct_extract_gas_density threads=504666 begin_tick=1990044700687000 end_tick=1990044700736333 ms_per_tick=9.9999999999999995e-07 device_ms=0.049332999999999995
PRODUCER_KERNEL_V1 stage=0 raw_iteration=1 ordinal=4 kernel=owner_gas_source threads=504666 begin_tick=1990044700772750 end_tick=1990044700816583 ms_per_tick=9.9999999999999995e-07 device_ms=0.043832999999999997
PRODUCER_KERNEL_V1 stage=0 raw_iteration=1 ordinal=5 kernel=evaluate_resident_transport threads=504666 begin_tick=1990044700834541 end_tick=1990044701286708 ms_per_tick=9.9999999999999995e-07 device_ms=0.45216699999999999
PRODUCER_KERNEL_V1 stage=0 raw_iteration=1 ordinal=6 kernel=identify_resident_transport threads=1 begin_tick=1990044701287041 end_tick=1990044701289708 ms_per_tick=9.9999999999999995e-07 device_ms=0.0026669999999999997
PRODUCER_KERNEL_V1 stage=0 raw_iteration=1 ordinal=7 kernel=owner_bind_transport threads=1 begin_tick=1990044701290250 end_tick=1990044701293833 ms_per_tick=9.9999999999999995e-07 device_ms=0.0035829999999999998
PRODUCER_KERNEL_V1 stage=0 raw_iteration=1 ordinal=8 kernel=identify_resident_owner_endpoint_class threads=1 begin_tick=1990044701294083 end_tick=1990044701297583 ms_per_tick=9.9999999999999995e-07 device_ms=0.0034999999999999996
PRODUCER_KERNEL_V1 stage=0 raw_iteration=1 ordinal=9 kernel=evaluate_resident_physical_flux threads=1533387 begin_tick=1990044702220958 end_tick=1990044703409875 ms_per_tick=9.9999999999999995e-07 device_ms=1.188917
PRODUCER_KERNEL_V1 stage=0 raw_iteration=1 ordinal=10 kernel=evaluate_resident_advective_pair threads=13800483 begin_tick=1990044703677291 end_tick=1990044710750083 ms_per_tick=9.9999999999999995e-07 device_ms=7.0727919999999997
PRODUCER_KERNEL_V1 stage=0 raw_iteration=1 ordinal=11 kernel=finalize_resident_advective_high threads=13800483 begin_tick=1990044710750708 end_tick=1990044711172291 ms_per_tick=9.9999999999999995e-07 device_ms=0.42158299999999999
PRODUCER_KERNEL_V1 stage=0 raw_iteration=1 ordinal=12 kernel=compose_resident_flux_pair threads=13800483 begin_tick=1990044711172666 end_tick=1990044712049500 ms_per_tick=9.9999999999999995e-07 device_ms=0.876834
PRODUCER_KERNEL_V1 stage=0 raw_iteration=1 ordinal=13 kernel=validate_resident_physical_flux threads=13800483 begin_tick=1990044712050166 end_tick=1990044713086666 ms_per_tick=9.9999999999999995e-07 device_ms=1.0365
PRODUCER_KERNEL_V1 stage=0 raw_iteration=1 ordinal=14 kernel=identify_resident_physical_flux threads=32 begin_tick=1990044713087166 end_tick=1990044713091000 ms_per_tick=9.9999999999999995e-07 device_ms=0.0038339999999999997
PRODUCER_KERNEL_V1 stage=0 raw_iteration=1 ordinal=15 kernel=fct_build_ratios threads=5551326 begin_tick=1990044713091458 end_tick=1990044718044458 ms_per_tick=9.9999999999999995e-07 device_ms=4.9529999999999994
PRODUCER_KERNEL_V1 stage=0 raw_iteration=1 ordinal=16 kernel=fct_build_face_alpha threads=1533387 begin_tick=1990044718075125 end_tick=1990044718518041 ms_per_tick=9.9999999999999995e-07 device_ms=0.44291599999999998
PRODUCER_KERNEL_V1 stage=0 raw_iteration=1 ordinal=17 kernel=fct_commit_scalar threads=504666 begin_tick=1990044718518583 end_tick=1990044718723333 ms_per_tick=9.9999999999999995e-07 device_ms=0.20474999999999999
PRODUCER_KERNEL_V1 stage=0 raw_iteration=1 ordinal=18 kernel=owner_bind_candidate threads=1 begin_tick=1990044718724000 end_tick=1990044718727750 ms_per_tick=9.9999999999999995e-07 device_ms=0.0037499999999999999
PRODUCER_KERNEL_V1 stage=0 raw_iteration=1 ordinal=19 kernel=finalize_resident_eos_candidate threads=1 begin_tick=1990044718728291 end_tick=1990044718730625 ms_per_tick=9.9999999999999995e-07 device_ms=0.0023339999999999997
PRODUCER_KERNEL_V1 stage=0 raw_iteration=1 ordinal=20 kernel=evaluate_resident_eos_candidate threads=504666 begin_tick=1990044718731000 end_tick=1990045323814916 ms_per_tick=9.9999999999999995e-07 device_ms=605.08391599999993
PRODUCER_KERNEL_V1 stage=0 raw_iteration=1 ordinal=21 kernel=finalize_resident_eos_candidate threads=1 begin_tick=1990045323830208 end_tick=1990045323832833 ms_per_tick=9.9999999999999995e-07 device_ms=0.0026249999999999997
PRODUCER_KERNEL_V1 stage=0 raw_iteration=1 ordinal=22 kernel=identify_resident_eos threads=1 begin_tick=1990045323833250 end_tick=1990045323836125 ms_per_tick=9.9999999999999995e-07 device_ms=0.002875
PRODUCER_KERNEL_V1 stage=0 raw_iteration=1 ordinal=23 kernel=produce_resident_frozen_source threads=504666 begin_tick=1990045323836416 end_tick=1990045323868166 ms_per_tick=9.9999999999999995e-07 device_ms=0.03175
PRODUCER_KERNEL_V1 stage=0 raw_iteration=1 ordinal=24 kernel=identify_resident_frozen_source threads=1 begin_tick=1990045323868500 end_tick=1990045323871041 ms_per_tick=9.9999999999999995e-07 device_ms=0.0025409999999999999
PRODUCER_KERNEL_V1 stage=0 raw_iteration=1 ordinal=25 kernel=evaluate_resident_target_terms threads=504666 begin_tick=1990045323871458 end_tick=1990045447982750 ms_per_tick=9.9999999999999995e-07 device_ms=124.11129199999999
PRODUCER_KERNEL_V1 stage=0 raw_iteration=1 ordinal=26 kernel=finalize_resident_target threads=1 begin_tick=1990045447998208 end_tick=1990045448001458 ms_per_tick=9.9999999999999995e-07 device_ms=0.0032499999999999999
PRODUCER_KERNEL_V1 stage=0 raw_iteration=1 ordinal=27 kernel=identify_resident_target threads=1 begin_tick=1990045448001875 end_tick=1990045448005166 ms_per_tick=9.9999999999999995e-07 device_ms=0.0032909999999999997
PRODUCER_KERNEL_V1 stage=0 raw_iteration=1 ordinal=28 kernel=issue_resident_projection_consumer threads=1 begin_tick=1990045448005541 end_tick=1990045448009541 ms_per_tick=9.9999999999999995e-07 device_ms=0.0040000000000000001
PRODUCER_KERNEL_V1 stage=0 raw_iteration=1 ordinal=29 kernel=consume_resident_target threads=1 begin_tick=1990045448009958 end_tick=1990045448014041 ms_per_tick=9.9999999999999995e-07 device_ms=0.0040829999999999998
PRODUCER_KERNEL_V1 stage=0 raw_iteration=1 ordinal=30 kernel=owner_compose_target threads=504666 begin_tick=1990045448014458 end_tick=1990045448094125 ms_per_tick=9.9999999999999995e-07 device_ms=0.079667000000000002
PRODUCER_KERNEL_V1 stage=0 raw_iteration=1 ordinal=31 kernel=finalize_resident_target threads=1 begin_tick=1990045448094541 end_tick=1990045448097041 ms_per_tick=9.9999999999999995e-07 device_ms=0.0025000000000000001
PRODUCER_KERNEL_V1 stage=0 raw_iteration=1 ordinal=32 kernel=owner_identify_target threads=1 begin_tick=1990045448097416 end_tick=1990045448100625 ms_per_tick=9.9999999999999995e-07 device_ms=0.003209
PRODUCER_KERNEL_V1 stage=0 raw_iteration=1 ordinal=33 kernel=issue_resident_projection_consumer threads=1 begin_tick=1990045448101041 end_tick=1990045448104125 ms_per_tick=9.9999999999999995e-07 device_ms=0.0030839999999999999
PRODUCER_KERNEL_V1 stage=0 raw_iteration=1 ordinal=34 kernel=consume_resident_target threads=1 begin_tick=1990045448104541 end_tick=1990045448107750 ms_per_tick=9.9999999999999995e-07 device_ms=0.003209
PRODUCER_KERNEL_V1 stage=0 raw_iteration=1 ordinal=35 kernel=owner_issue_stage_seal threads=1 begin_tick=1990045448108166 end_tick=1990045448111125 ms_per_tick=9.9999999999999995e-07 device_ms=0.0029589999999999998
PRODUCER_KERNEL_V1 stage=0 raw_iteration=1 ordinal=36 kernel=fct_compatible_stage_rate threads=1533387 begin_tick=1990045448111625 end_tick=1990045448951708 ms_per_tick=9.9999999999999995e-07 device_ms=0.84008299999999991
PRODUCER_KERNEL_V1 stage=0 raw_iteration=1 ordinal=37 kernel=owner_predict_momentum threads=1533387 begin_tick=1990045448980000 end_tick=1990045450034166 ms_per_tick=9.9999999999999995e-07 device_ms=1.0541659999999999
RISE_FIRE_OWNER_PROFILE_V1 {"scope":19,"parent":14,"phase":"BuildStageProducerGroup","stage":0,"raw_iteration":1,"iteration_kind":"picard","wall_ms":831.793625000,"device_sum_ms":749.713499798,"wall_minus_device_ms":82.080125202,"exclusive_wall_ms":831.793625000,"exclusive_device_sum_ms":749.713499798,"child_observer_wall_ms":0.000000000,"count_scope":"inclusive","owner_commits":1,"projection_invocations":0}
RISE_FIRE_OWNER_PROFILE_V1 {"scope":20,"parent":14,"phase":"Residual","stage":0,"raw_iteration":1,"iteration_kind":"picard","wall_ms":0.400917000,"device_sum_ms":0.112375012,"wall_minus_device_ms":0.288541988,"exclusive_wall_ms":0.400917000,"exclusive_device_sum_ms":0.112375012,"child_observer_wall_ms":0.000000000,"count_scope":"inclusive","owner_commits":1,"projection_invocations":0}
RISE_FIRE_OWNER_PROFILE_V1 {"scope":23,"parent":22,"phase":"ProjectionAdapter","stage":0,"raw_iteration":2147483649,"iteration_kind":"terminal","wall_ms":15.321167000,"device_sum_ms":10.311999824,"wall_minus_device_ms":5.009167176,"exclusive_wall_ms":15.321167000,"exclusive_device_sum_ms":10.311999824,"child_observer_wall_ms":0.000000000,"count_scope":"inclusive","owner_commits":0,"projection_invocations":1}
RISE_FIRE_OWNER_PROFILE_V1 {"scope":22,"parent":21,"phase":"Project","stage":0,"raw_iteration":2147483649,"iteration_kind":"terminal","wall_ms":16.463291000,"device_sum_ms":10.365499882,"wall_minus_device_ms":6.097791118,"exclusive_wall_ms":1.099207000,"exclusive_device_sum_ms":0.053500058,"child_observer_wall_ms":0.042917000,"count_scope":"inclusive","owner_commits":2,"projection_invocations":1}
RISE_FIRE_OWNER_PROFILE_V1 {"scope":24,"parent":21,"phase":"ReadOpenClass","stage":0,"raw_iteration":2147483649,"iteration_kind":"terminal","wall_ms":0.223208000,"device_sum_ms":0.002541579,"wall_minus_device_ms":0.220666421,"exclusive_wall_ms":0.223208000,"exclusive_device_sum_ms":0.002541579,"child_observer_wall_ms":0.000000000,"count_scope":"inclusive","owner_commits":1,"projection_invocations":0}
RISE_FIRE_OWNER_PROFILE_V1 {"scope":25,"parent":21,"phase":"ReadOpenClass","stage":0,"raw_iteration":2147483649,"iteration_kind":"terminal","wall_ms":0.199708000,"device_sum_ms":0.002250075,"wall_minus_device_ms":0.197457925,"exclusive_wall_ms":0.199708000,"exclusive_device_sum_ms":0.002250075,"child_observer_wall_ms":0.000000000,"count_scope":"inclusive","owner_commits":1,"projection_invocations":0}
PRODUCER_COMMAND_V1 stage=0 raw_iteration=2147483649 cpu_begin=1990045467791416 cpu_end=1990046318278875 gpu_begin=1990045467791416 gpu_end=1990046318278875 device_ms=750.87850005365908 encoders=38 interval_scope=possibly_overlapping
PRODUCER_KERNEL_V1 stage=0 raw_iteration=2147483649 ordinal=0 kernel=owner_pack_faces threads=1533387 begin_tick=1990045567443750 end_tick=1990045567494708 ms_per_tick=9.9999999999999995e-07 device_ms=0.050957999999999996
PRODUCER_KERNEL_V1 stage=0 raw_iteration=2147483649 ordinal=1 kernel=owner_pack_faces threads=1533387 begin_tick=1990045567504375 end_tick=1990045567555875 ms_per_tick=9.9999999999999995e-07 device_ms=0.051499999999999997
PRODUCER_KERNEL_V1 stage=0 raw_iteration=2147483649 ordinal=2 kernel=owner_pack_faces threads=1533387 begin_tick=1990045567617625 end_tick=1990045567716833 ms_per_tick=9.9999999999999995e-07 device_ms=0.099207999999999991
PRODUCER_KERNEL_V1 stage=0 raw_iteration=2147483649 ordinal=3 kernel=fct_extract_gas_density threads=504666 begin_tick=1990045567630333 end_tick=1990045567681791 ms_per_tick=9.9999999999999995e-07 device_ms=0.051457999999999997
PRODUCER_KERNEL_V1 stage=0 raw_iteration=2147483649 ordinal=4 kernel=owner_gas_source threads=504666 begin_tick=1990045567681791 end_tick=1990045567731500 ms_per_tick=9.9999999999999995e-07 device_ms=0.049708999999999996
PRODUCER_KERNEL_V1 stage=0 raw_iteration=2147483649 ordinal=5 kernel=evaluate_resident_transport threads=504666 begin_tick=1990045567797000 end_tick=1990045568252625 ms_per_tick=9.9999999999999995e-07 device_ms=0.455625
PRODUCER_KERNEL_V1 stage=0 raw_iteration=2147483649 ordinal=6 kernel=identify_resident_transport threads=1 begin_tick=1990045568252958 end_tick=1990045568255666 ms_per_tick=9.9999999999999995e-07 device_ms=0.0027079999999999999
PRODUCER_KERNEL_V1 stage=0 raw_iteration=2147483649 ordinal=7 kernel=owner_bind_transport threads=1 begin_tick=1990045568256208 end_tick=1990045568259958 ms_per_tick=9.9999999999999995e-07 device_ms=0.0037499999999999999
PRODUCER_KERNEL_V1 stage=0 raw_iteration=2147483649 ordinal=8 kernel=identify_resident_owner_endpoint_class threads=1 begin_tick=1990045568260375 end_tick=1990045568263708 ms_per_tick=9.9999999999999995e-07 device_ms=0.003333
PRODUCER_KERNEL_V1 stage=0 raw_iteration=2147483649 ordinal=9 kernel=evaluate_resident_physical_flux threads=1533387 begin_tick=1990045569169875 end_tick=1990045570283958 ms_per_tick=9.9999999999999995e-07 device_ms=1.1140829999999999
PRODUCER_KERNEL_V1 stage=0 raw_iteration=2147483649 ordinal=10 kernel=evaluate_resident_advective_pair threads=13800483 begin_tick=1990045570659666 end_tick=1990045577934375 ms_per_tick=9.9999999999999995e-07 device_ms=7.2747089999999996
PRODUCER_KERNEL_V1 stage=0 raw_iteration=2147483649 ordinal=11 kernel=finalize_resident_advective_high threads=13800483 begin_tick=1990045577935166 end_tick=1990045578355083 ms_per_tick=9.9999999999999995e-07 device_ms=0.41991699999999998
PRODUCER_KERNEL_V1 stage=0 raw_iteration=2147483649 ordinal=12 kernel=compose_resident_flux_pair threads=13800483 begin_tick=1990045578355458 end_tick=1990045579235541 ms_per_tick=9.9999999999999995e-07 device_ms=0.88008299999999995
PRODUCER_KERNEL_V1 stage=0 raw_iteration=2147483649 ordinal=13 kernel=validate_resident_physical_flux threads=13800483 begin_tick=1990045579236083 end_tick=1990045580124875 ms_per_tick=9.9999999999999995e-07 device_ms=0.88879199999999992
PRODUCER_KERNEL_V1 stage=0 raw_iteration=2147483649 ordinal=14 kernel=identify_resident_physical_flux threads=32 begin_tick=1990045580125625 end_tick=1990045580129166 ms_per_tick=9.9999999999999995e-07 device_ms=0.0035409999999999999
PRODUCER_KERNEL_V1 stage=0 raw_iteration=2147483649 ordinal=15 kernel=fct_build_ratios threads=5551326 begin_tick=1990045580129583 end_tick=1990045585357708 ms_per_tick=9.9999999999999995e-07 device_ms=5.2281249999999995
PRODUCER_KERNEL_V1 stage=0 raw_iteration=2147483649 ordinal=16 kernel=fct_build_face_alpha threads=1533387 begin_tick=1990045585374416 end_tick=1990045585633875 ms_per_tick=9.9999999999999995e-07 device_ms=0.259459
PRODUCER_KERNEL_V1 stage=0 raw_iteration=2147483649 ordinal=17 kernel=fct_commit_scalar threads=504666 begin_tick=1990045585634416 end_tick=1990045585831750 ms_per_tick=9.9999999999999995e-07 device_ms=0.19733399999999998
PRODUCER_KERNEL_V1 stage=0 raw_iteration=2147483649 ordinal=18 kernel=owner_bind_candidate threads=1 begin_tick=1990045585832125 end_tick=1990045585835958 ms_per_tick=9.9999999999999995e-07 device_ms=0.003833
PRODUCER_KERNEL_V1 stage=0 raw_iteration=2147483649 ordinal=19 kernel=finalize_resident_eos_candidate threads=1 begin_tick=1990045585836541 end_tick=1990045585839041 ms_per_tick=9.9999999999999995e-07 device_ms=0.0025000000000000001
PRODUCER_KERNEL_V1 stage=0 raw_iteration=2147483649 ordinal=20 kernel=evaluate_resident_eos_candidate threads=504666 begin_tick=1990045585839458 end_tick=1990046192443083 ms_per_tick=9.9999999999999995e-07 device_ms=606.60362499999997
PRODUCER_KERNEL_V1 stage=0 raw_iteration=2147483649 ordinal=21 kernel=finalize_resident_eos_candidate threads=1 begin_tick=1990046192458208 end_tick=1990046192460916 ms_per_tick=9.9999999999999995e-07 device_ms=0.0027079999999999999
PRODUCER_KERNEL_V1 stage=0 raw_iteration=2147483649 ordinal=22 kernel=identify_resident_eos threads=1 begin_tick=1990046192461208 end_tick=1990046192464208 ms_per_tick=9.9999999999999995e-07 device_ms=0.0030000000000000001
PRODUCER_KERNEL_V1 stage=0 raw_iteration=2147483649 ordinal=23 kernel=produce_resident_frozen_source threads=504666 begin_tick=1990046192464500 end_tick=1990046192496791 ms_per_tick=9.9999999999999995e-07 device_ms=0.032291
PRODUCER_KERNEL_V1 stage=0 raw_iteration=2147483649 ordinal=24 kernel=identify_resident_frozen_source threads=1 begin_tick=1990046192497208 end_tick=1990046192499958 ms_per_tick=9.9999999999999995e-07 device_ms=0.0027499999999999998
PRODUCER_KERNEL_V1 stage=0 raw_iteration=2147483649 ordinal=25 kernel=evaluate_resident_target_terms threads=504666 begin_tick=1990046192500375 end_tick=1990046317470208 ms_per_tick=9.9999999999999995e-07 device_ms=124.96983299999999
PRODUCER_KERNEL_V1 stage=0 raw_iteration=2147483649 ordinal=26 kernel=finalize_resident_target threads=1 begin_tick=1990046317485875 end_tick=1990046317489166 ms_per_tick=9.9999999999999995e-07 device_ms=0.0032909999999999997
PRODUCER_KERNEL_V1 stage=0 raw_iteration=2147483649 ordinal=27 kernel=identify_resident_target threads=1 begin_tick=1990046317489458 end_tick=1990046317492500 ms_per_tick=9.9999999999999995e-07 device_ms=0.003042
PRODUCER_KERNEL_V1 stage=0 raw_iteration=2147483649 ordinal=28 kernel=issue_resident_projection_consumer threads=1 begin_tick=1990046317492916 end_tick=1990046317497166 ms_per_tick=9.9999999999999995e-07 device_ms=0.0042499999999999994
PRODUCER_KERNEL_V1 stage=0 raw_iteration=2147483649 ordinal=29 kernel=consume_resident_target threads=1 begin_tick=1990046317497500 end_tick=1990046317501583 ms_per_tick=9.9999999999999995e-07 device_ms=0.0040829999999999998
PRODUCER_KERNEL_V1 stage=0 raw_iteration=2147483649 ordinal=30 kernel=owner_compose_target threads=504666 begin_tick=1990046317501875 end_tick=1990046317581291 ms_per_tick=9.9999999999999995e-07 device_ms=0.079416
PRODUCER_KERNEL_V1 stage=0 raw_iteration=2147483649 ordinal=31 kernel=finalize_resident_target threads=1 begin_tick=1990046317581625 end_tick=1990046317583875 ms_per_tick=9.9999999999999995e-07 device_ms=0.0022499999999999998
PRODUCER_KERNEL_V1 stage=0 raw_iteration=2147483649 ordinal=32 kernel=owner_identify_target threads=1 begin_tick=1990046317584166 end_tick=1990046317587416 ms_per_tick=9.9999999999999995e-07 device_ms=0.0032499999999999999
PRODUCER_KERNEL_V1 stage=0 raw_iteration=2147483649 ordinal=33 kernel=issue_resident_projection_consumer threads=1 begin_tick=1990046317587833 end_tick=1990046317590500 ms_per_tick=9.9999999999999995e-07 device_ms=0.0026669999999999997
PRODUCER_KERNEL_V1 stage=0 raw_iteration=2147483649 ordinal=34 kernel=consume_resident_target threads=1 begin_tick=1990046317590916 end_tick=1990046317594166 ms_per_tick=9.9999999999999995e-07 device_ms=0.0032499999999999999
PRODUCER_KERNEL_V1 stage=0 raw_iteration=2147483649 ordinal=35 kernel=owner_issue_stage_seal threads=1 begin_tick=1990046317594541 end_tick=1990046317597666 ms_per_tick=9.9999999999999995e-07 device_ms=0.0031249999999999997
PRODUCER_KERNEL_V1 stage=0 raw_iteration=2147483649 ordinal=36 kernel=fct_compatible_stage_rate threads=1533387 begin_tick=1990046317598208 end_tick=1990046318136833 ms_per_tick=9.9999999999999995e-07 device_ms=0.53862500000000002
PRODUCER_KERNEL_V1 stage=0 raw_iteration=2147483649 ordinal=37 kernel=owner_predict_momentum threads=1533387 begin_tick=1990046318137458 end_tick=1990046318187250 ms_per_tick=9.9999999999999995e-07 device_ms=0.049791999999999996
RISE_FIRE_OWNER_PROFILE_V1 {"scope":26,"parent":21,"phase":"BuildStageProducerGroup","stage":0,"raw_iteration":2147483649,"iteration_kind":"terminal","wall_ms":850.660583000,"device_sum_ms":750.878500054,"wall_minus_device_ms":99.782082946,"exclusive_wall_ms":850.660583000,"exclusive_device_sum_ms":750.878500054,"child_observer_wall_ms":0.000000000,"count_scope":"inclusive","owner_commits":1,"projection_invocations":0}
RISE_FIRE_OWNER_PROFILE_V1 {"scope":27,"parent":21,"phase":"AlphaResidual","stage":0,"raw_iteration":2147483649,"iteration_kind":"terminal","wall_ms":0.236125000,"device_sum_ms":0.050874893,"wall_minus_device_ms":0.185250107,"exclusive_wall_ms":0.236125000,"exclusive_device_sum_ms":0.050874893,"child_observer_wall_ms":0.000000000,"count_scope":"inclusive","owner_commits":1,"projection_invocations":0}
RISE_FIRE_OWNER_PROFILE_V1 {"scope":28,"parent":21,"phase":"Residual","stage":0,"raw_iteration":2147483649,"iteration_kind":"terminal","wall_ms":0.274375000,"device_sum_ms":0.109500019,"wall_minus_device_ms":0.164874981,"exclusive_wall_ms":0.274375000,"exclusive_device_sum_ms":0.109500019,"child_observer_wall_ms":0.000000000,"count_scope":"inclusive","owner_commits":1,"projection_invocations":0}
RISE_FIRE_OWNER_PROFILE_V1 {"scope":21,"parent":14,"phase":"TerminalVerification","stage":0,"raw_iteration":2147483649,"iteration_kind":"terminal","wall_ms":868.136875000,"device_sum_ms":761.409166502,"wall_minus_device_ms":106.727708498,"exclusive_wall_ms":0.005626000,"exclusive_device_sum_ms":0.000000000,"child_observer_wall_ms":0.073959000,"count_scope":"inclusive","owner_commits":7,"projection_invocations":1}
RISE_FIRE_OWNER_PROFILE_V1 {"scope":14,"parent":3,"phase":"PicardIteration","stage":0,"raw_iteration":1,"iteration_kind":"picard","wall_ms":1715.761000000,"device_sum_ms":1521.648708032,"wall_minus_device_ms":194.112291968,"exclusive_wall_ms":0.691251000,"exclusive_device_sum_ms":0.000000000,"child_observer_wall_ms":0.063040000,"count_scope":"inclusive","owner_commits":13,"projection_invocations":2}
RISE_FIRE_OWNER_PROFILE_V1 {"scope":3,"parent":1,"phase":"SolveStage","stage":0,"raw_iteration":4294967295,"iteration_kind":"bootstrap","wall_ms":3460.997959000,"device_sum_ms":3071.113291197,"wall_minus_device_ms":389.884667803,"exclusive_wall_ms":2.591208000,"exclusive_device_sum_ms":0.000000000,"child_observer_wall_ms":0.040459000,"count_scope":"inclusive","owner_commits":22,"projection_invocations":4}
RISE_FIRE_OWNER_PROFILE_V1 {"scope":31,"parent":30,"phase":"ProjectionAdapter","stage":1,"raw_iteration":4294967295,"iteration_kind":"bootstrap","wall_ms":12.932250000,"device_sum_ms":10.068499949,"wall_minus_device_ms":2.863750051,"exclusive_wall_ms":12.932250000,"exclusive_device_sum_ms":10.068499949,"child_observer_wall_ms":0.000000000,"count_scope":"inclusive","owner_commits":0,"projection_invocations":1}
RISE_FIRE_OWNER_PROFILE_V1 {"scope":30,"parent":29,"phase":"Project","stage":1,"raw_iteration":4294967295,"iteration_kind":"bootstrap","wall_ms":14.416583000,"device_sum_ms":10.119166691,"wall_minus_device_ms":4.297416309,"exclusive_wall_ms":1.462083000,"exclusive_device_sum_ms":0.050666742,"child_observer_wall_ms":0.022250000,"count_scope":"inclusive","owner_commits":2,"projection_invocations":1}
PRODUCER_COMMAND_V1 stage=1 raw_iteration=4294967295 cpu_begin=1990046336713833 cpu_end=1990047215715875 gpu_begin=1990046336713833 gpu_end=1990047215715875 device_ms=795.77049985527992 encoders=41 interval_scope=possibly_overlapping
PRODUCER_KERNEL_V1 stage=1 raw_iteration=4294967295 ordinal=0 kernel=owner_pack_faces threads=1533387 begin_tick=1990046419867166 end_tick=1990046419924583 ms_per_tick=9.9999999999999995e-07 device_ms=0.057416999999999996
PRODUCER_KERNEL_V1 stage=1 raw_iteration=4294967295 ordinal=1 kernel=owner_pack_faces threads=1533387 begin_tick=1990046419924458 end_tick=1990046420009083 ms_per_tick=9.9999999999999995e-07 device_ms=0.084624999999999992
PRODUCER_KERNEL_V1 stage=1 raw_iteration=4294967295 ordinal=2 kernel=owner_pack_faces threads=1533387 begin_tick=1990046419865375 end_tick=1990046419924458 ms_per_tick=9.9999999999999995e-07 device_ms=0.059082999999999997
PRODUCER_KERNEL_V1 stage=1 raw_iteration=4294967295 ordinal=3 kernel=fct_extract_gas_density threads=504666 begin_tick=1990046419925041 end_tick=1990046419980833 ms_per_tick=9.9999999999999995e-07 device_ms=0.055791999999999994
PRODUCER_KERNEL_V1 stage=1 raw_iteration=4294967295 ordinal=4 kernel=owner_gas_source threads=504666 begin_tick=1990046420009416 end_tick=1990046420050250 ms_per_tick=9.9999999999999995e-07 device_ms=0.040833999999999995
PRODUCER_KERNEL_V1 stage=1 raw_iteration=4294967295 ordinal=5 kernel=evaluate_resident_transport threads=504666 begin_tick=1990046420043625 end_tick=1990046420497208 ms_per_tick=9.9999999999999995e-07 device_ms=0.45358299999999996
PRODUCER_KERNEL_V1 stage=1 raw_iteration=4294967295 ordinal=6 kernel=identify_resident_transport threads=1 begin_tick=1990046420497541 end_tick=1990046420500625 ms_per_tick=9.9999999999999995e-07 device_ms=0.0030839999999999999
PRODUCER_KERNEL_V1 stage=1 raw_iteration=4294967295 ordinal=7 kernel=owner_bind_transport threads=1 begin_tick=1990046420501166 end_tick=1990046420505083 ms_per_tick=9.9999999999999995e-07 device_ms=0.0039169999999999995
PRODUCER_KERNEL_V1 stage=1 raw_iteration=4294967295 ordinal=8 kernel=identify_resident_owner_endpoint_class threads=1 begin_tick=1990046420505875 end_tick=1990046420509375 ms_per_tick=9.9999999999999995e-07 device_ms=0.0034999999999999996
PRODUCER_KERNEL_V1 stage=1 raw_iteration=4294967295 ordinal=9 kernel=evaluate_resident_physical_flux threads=1533387 begin_tick=1990046421507791 end_tick=1990046422843041 ms_per_tick=9.9999999999999995e-07 device_ms=1.33525
PRODUCER_KERNEL_V1 stage=1 raw_iteration=4294967295 ordinal=10 kernel=evaluate_resident_advective_pair threads=13800483 begin_tick=1990046422846000 end_tick=1990046431361000 ms_per_tick=9.9999999999999995e-07 device_ms=8.5149999999999988
PRODUCER_KERNEL_V1 stage=1 raw_iteration=4294967295 ordinal=11 kernel=finalize_resident_advective_high threads=13800483 begin_tick=1990046431378958 end_tick=1990046431797708 ms_per_tick=9.9999999999999995e-07 device_ms=0.41874999999999996
PRODUCER_KERNEL_V1 stage=1 raw_iteration=4294967295 ordinal=12 kernel=compose_resident_flux_pair threads=13800483 begin_tick=1990046431798125 end_tick=1990046432781208 ms_per_tick=9.9999999999999995e-07 device_ms=0.98308299999999993
PRODUCER_KERNEL_V1 stage=1 raw_iteration=4294967295 ordinal=13 kernel=validate_resident_physical_flux threads=13800483 begin_tick=1990046432781750 end_tick=1990046433663000 ms_per_tick=9.9999999999999995e-07 device_ms=0.88124999999999998
PRODUCER_KERNEL_V1 stage=1 raw_iteration=4294967295 ordinal=14 kernel=identify_resident_physical_flux threads=32 begin_tick=1990046433663750 end_tick=1990046433667125 ms_per_tick=9.9999999999999995e-07 device_ms=0.003375
PRODUCER_KERNEL_V1 stage=1 raw_iteration=4294967295 ordinal=15 kernel=owner_average_flux threads=13800483 begin_tick=1990046433667583 end_tick=1990046434472208 ms_per_tick=9.9999999999999995e-07 device_ms=0.80462499999999992
PRODUCER_KERNEL_V1 stage=1 raw_iteration=4294967295 ordinal=16 kernel=owner_bind_averaged_flux threads=1 begin_tick=1990046434472708 end_tick=1990046434476500 ms_per_tick=9.9999999999999995e-07 device_ms=0.0037919999999999998
PRODUCER_KERNEL_V1 stage=1 raw_iteration=4294967295 ordinal=17 kernel=fct_build_ratios threads=5551326 begin_tick=1990046434476958 end_tick=1990046438240166 ms_per_tick=9.9999999999999995e-07 device_ms=3.7632079999999997
PRODUCER_KERNEL_V1 stage=1 raw_iteration=4294967295 ordinal=18 kernel=fct_build_face_alpha threads=1533387 begin_tick=1990046438240833 end_tick=1990046438501750 ms_per_tick=9.9999999999999995e-07 device_ms=0.26091700000000001
PRODUCER_KERNEL_V1 stage=1 raw_iteration=4294967295 ordinal=19 kernel=fct_commit_scalar threads=504666 begin_tick=1990046438502375 end_tick=1990046438706583 ms_per_tick=9.9999999999999995e-07 device_ms=0.204208
PRODUCER_KERNEL_V1 stage=1 raw_iteration=4294967295 ordinal=20 kernel=owner_bind_candidate threads=1 begin_tick=1990046438707250 end_tick=1990046438711208 ms_per_tick=9.9999999999999995e-07 device_ms=0.0039579999999999997
PRODUCER_KERNEL_V1 stage=1 raw_iteration=4294967295 ordinal=21 kernel=finalize_resident_eos_candidate threads=1 begin_tick=1990046438711791 end_tick=1990046438714208 ms_per_tick=9.9999999999999995e-07 device_ms=0.0024169999999999999
PRODUCER_KERNEL_V1 stage=1 raw_iteration=4294967295 ordinal=22 kernel=evaluate_resident_eos_candidate threads=504666 begin_tick=1990046438714666 end_tick=1990047089265250 ms_per_tick=9.9999999999999995e-07 device_ms=650.55058399999996
PRODUCER_KERNEL_V1 stage=1 raw_iteration=4294967295 ordinal=23 kernel=finalize_resident_eos_candidate threads=1 begin_tick=1990047089279875 end_tick=1990047089282750 ms_per_tick=9.9999999999999995e-07 device_ms=0.002875
PRODUCER_KERNEL_V1 stage=1 raw_iteration=4294967295 ordinal=24 kernel=identify_resident_eos threads=1 begin_tick=1990047089283125 end_tick=1990047089286000 ms_per_tick=9.9999999999999995e-07 device_ms=0.002875
PRODUCER_KERNEL_V1 stage=1 raw_iteration=4294967295 ordinal=25 kernel=produce_resident_frozen_source threads=504666 begin_tick=1990047089286333 end_tick=1990047089318416 ms_per_tick=9.9999999999999995e-07 device_ms=0.032083
PRODUCER_KERNEL_V1 stage=1 raw_iteration=4294967295 ordinal=26 kernel=identify_resident_frozen_source threads=1 begin_tick=1990047089318791 end_tick=1990047089321541 ms_per_tick=9.9999999999999995e-07 device_ms=0.0027499999999999998
PRODUCER_KERNEL_V1 stage=1 raw_iteration=4294967295 ordinal=27 kernel=evaluate_resident_target_terms threads=504666 begin_tick=1990047089321916 end_tick=1990047214415500 ms_per_tick=9.9999999999999995e-07 device_ms=125.09358399999999
PRODUCER_KERNEL_V1 stage=1 raw_iteration=4294967295 ordinal=28 kernel=finalize_resident_target threads=1 begin_tick=1990047214430208 end_tick=1990047214433458 ms_per_tick=9.9999999999999995e-07 device_ms=0.0032499999999999999
PRODUCER_KERNEL_V1 stage=1 raw_iteration=4294967295 ordinal=29 kernel=identify_resident_target threads=1 begin_tick=1990047214433791 end_tick=1990047214436666 ms_per_tick=9.9999999999999995e-07 device_ms=0.002875
PRODUCER_KERNEL_V1 stage=1 raw_iteration=4294967295 ordinal=30 kernel=issue_resident_projection_consumer threads=1 begin_tick=1990047214437083 end_tick=1990047214441208 ms_per_tick=9.9999999999999995e-07 device_ms=0.0041250000000000002
PRODUCER_KERNEL_V1 stage=1 raw_iteration=4294967295 ordinal=31 kernel=consume_resident_target threads=1 begin_tick=1990047214441625 end_tick=1990047214445708 ms_per_tick=9.9999999999999995e-07 device_ms=0.0040829999999999998
PRODUCER_KERNEL_V1 stage=1 raw_iteration=4294967295 ordinal=32 kernel=owner_compose_target threads=504666 begin_tick=1990047214446083 end_tick=1990047214478166 ms_per_tick=9.9999999999999995e-07 device_ms=0.032083
PRODUCER_KERNEL_V1 stage=1 raw_iteration=4294967295 ordinal=33 kernel=finalize_resident_target threads=1 begin_tick=1990047214478583 end_tick=1990047214481208 ms_per_tick=9.9999999999999995e-07 device_ms=0.0026249999999999997
PRODUCER_KERNEL_V1 stage=1 raw_iteration=4294967295 ordinal=34 kernel=owner_identify_target threads=1 begin_tick=1990047214481625 end_tick=1990047214484500 ms_per_tick=9.9999999999999995e-07 device_ms=0.002875
PRODUCER_KERNEL_V1 stage=1 raw_iteration=4294967295 ordinal=35 kernel=issue_resident_projection_consumer threads=1 begin_tick=1990047214484916 end_tick=1990047214487875 ms_per_tick=9.9999999999999995e-07 device_ms=0.0029589999999999998
PRODUCER_KERNEL_V1 stage=1 raw_iteration=4294967295 ordinal=36 kernel=consume_resident_target threads=1 begin_tick=1990047214488208 end_tick=1990047214491291 ms_per_tick=9.9999999999999995e-07 device_ms=0.0030829999999999998
PRODUCER_KERNEL_V1 stage=1 raw_iteration=4294967295 ordinal=37 kernel=owner_issue_stage_seal threads=1 begin_tick=1990047214491625 end_tick=1990047214494625 ms_per_tick=9.9999999999999995e-07 device_ms=0.0030000000000000001
PRODUCER_KERNEL_V1 stage=1 raw_iteration=4294967295 ordinal=38 kernel=fct_compatible_stage_rate threads=1533387 begin_tick=1990047214495208 end_tick=1990047215024166 ms_per_tick=9.9999999999999995e-07 device_ms=0.52895799999999993
PRODUCER_KERNEL_V1 stage=1 raw_iteration=4294967295 ordinal=39 kernel=fct_compatible_stage_rate threads=1533387 begin_tick=1990047215024583 end_tick=1990047215535416 ms_per_tick=9.9999999999999995e-07 device_ms=0.51083299999999998
PRODUCER_KERNEL_V1 stage=1 raw_iteration=4294967295 ordinal=40 kernel=owner_heun_momentum threads=1533387 begin_tick=1990047215535958 end_tick=1990047215629708 ms_per_tick=9.9999999999999995e-07 device_ms=0.09375
RISE_FIRE_OWNER_PROFILE_V1 {"scope":32,"parent":29,"phase":"BuildStageProducerGroup","stage":1,"raw_iteration":4294967295,"iteration_kind":"bootstrap","wall_ms":879.222167000,"device_sum_ms":795.770499855,"wall_minus_device_ms":83.451667145,"exclusive_wall_ms":879.222167000,"exclusive_device_sum_ms":795.770499855,"child_observer_wall_ms":0.000000000,"count_scope":"inclusive","owner_commits":1,"projection_invocations":0}
RISE_FIRE_OWNER_PROFILE_V1 {"scope":35,"parent":34,"phase":"ProjectionAdapter","stage":1,"raw_iteration":0,"iteration_kind":"picard","wall_ms":12.227542000,"device_sum_ms":8.564208401,"wall_minus_device_ms":3.663333599,"exclusive_wall_ms":12.227542000,"exclusive_device_sum_ms":8.564208401,"child_observer_wall_ms":0.000000000,"count_scope":"inclusive","owner_commits":0,"projection_invocations":1}
RISE_FIRE_OWNER_PROFILE_V1 {"scope":34,"parent":33,"phase":"Project","stage":1,"raw_iteration":0,"iteration_kind":"picard","wall_ms":13.056542000,"device_sum_ms":8.615291445,"wall_minus_device_ms":4.441250555,"exclusive_wall_ms":0.798084000,"exclusive_device_sum_ms":0.051083043,"child_observer_wall_ms":0.030916000,"count_scope":"inclusive","owner_commits":2,"projection_invocations":1}
RISE_FIRE_OWNER_PROFILE_V1 {"scope":36,"parent":33,"phase":"ReadOpenClass","stage":1,"raw_iteration":0,"iteration_kind":"picard","wall_ms":0.178583000,"device_sum_ms":0.002625166,"wall_minus_device_ms":0.175957834,"exclusive_wall_ms":0.178583000,"exclusive_device_sum_ms":0.002625166,"child_observer_wall_ms":0.000000000,"count_scope":"inclusive","owner_commits":1,"projection_invocations":0}
RISE_FIRE_OWNER_PROFILE_V1 {"scope":37,"parent":33,"phase":"ReadOpenClass","stage":1,"raw_iteration":0,"iteration_kind":"picard","wall_ms":0.170833000,"device_sum_ms":0.002375105,"wall_minus_device_ms":0.168457895,"exclusive_wall_ms":0.170833000,"exclusive_device_sum_ms":0.002375105,"child_observer_wall_ms":0.000000000,"count_scope":"inclusive","owner_commits":1,"projection_invocations":0}
PRODUCER_COMMAND_V1 stage=1 raw_iteration=0 cpu_begin=1990047229406333 cpu_end=1990048100324541 gpu_begin=1990047229406333 gpu_end=1990048100324541 device_ms=782.65649988316 encoders=41 interval_scope=possibly_overlapping
PRODUCER_KERNEL_V1 stage=1 raw_iteration=0 ordinal=0 kernel=owner_pack_faces threads=1533387 begin_tick=1990047317692458 end_tick=1990047317744083 ms_per_tick=9.9999999999999995e-07 device_ms=0.051624999999999997
PRODUCER_KERNEL_V1 stage=1 raw_iteration=0 ordinal=1 kernel=owner_pack_faces threads=1533387 begin_tick=1990047317766083 end_tick=1990047317977041 ms_per_tick=9.9999999999999995e-07 device_ms=0.21095799999999998
PRODUCER_KERNEL_V1 stage=1 raw_iteration=0 ordinal=2 kernel=owner_pack_faces threads=1533387 begin_tick=1990047317939291 end_tick=1990047318042666 ms_per_tick=9.9999999999999995e-07 device_ms=0.10337499999999999
PRODUCER_KERNEL_V1 stage=1 raw_iteration=0 ordinal=3 kernel=fct_extract_gas_density threads=504666 begin_tick=1990047317977541 end_tick=1990047318042458 ms_per_tick=9.9999999999999995e-07 device_ms=0.064917000000000002
PRODUCER_KERNEL_V1 stage=1 raw_iteration=0 ordinal=4 kernel=owner_gas_source threads=504666 begin_tick=1990047318048208 end_tick=1990047318092583 ms_per_tick=9.9999999999999995e-07 device_ms=0.044374999999999998
PRODUCER_KERNEL_V1 stage=1 raw_iteration=0 ordinal=5 kernel=evaluate_resident_transport threads=504666 begin_tick=1990047318187666 end_tick=1990047318646875 ms_per_tick=9.9999999999999995e-07 device_ms=0.45920899999999998
PRODUCER_KERNEL_V1 stage=1 raw_iteration=0 ordinal=6 kernel=identify_resident_transport threads=1 begin_tick=1990047318647208 end_tick=1990047318650041 ms_per_tick=9.9999999999999995e-07 device_ms=0.002833
PRODUCER_KERNEL_V1 stage=1 raw_iteration=0 ordinal=7 kernel=owner_bind_transport threads=1 begin_tick=1990047318650583 end_tick=1990047318654291 ms_per_tick=9.9999999999999995e-07 device_ms=0.0037079999999999999
PRODUCER_KERNEL_V1 stage=1 raw_iteration=0 ordinal=8 kernel=identify_resident_owner_endpoint_class threads=1 begin_tick=1990047318654708 end_tick=1990047318658416 ms_per_tick=9.9999999999999995e-07 device_ms=0.0037079999999999999
PRODUCER_KERNEL_V1 stage=1 raw_iteration=0 ordinal=9 kernel=evaluate_resident_physical_flux threads=1533387 begin_tick=1990047319605625 end_tick=1990047320940375 ms_per_tick=9.9999999999999995e-07 device_ms=1.3347499999999999
PRODUCER_KERNEL_V1 stage=1 raw_iteration=0 ordinal=10 kernel=evaluate_resident_advective_pair threads=13800483 begin_tick=1990047321088125 end_tick=1990047328347166 ms_per_tick=9.9999999999999995e-07 device_ms=7.2590409999999999
PRODUCER_KERNEL_V1 stage=1 raw_iteration=0 ordinal=11 kernel=finalize_resident_advective_high threads=13800483 begin_tick=1990047328347958 end_tick=1990047328766375 ms_per_tick=9.9999999999999995e-07 device_ms=0.41841699999999998
PRODUCER_KERNEL_V1 stage=1 raw_iteration=0 ordinal=12 kernel=compose_resident_flux_pair threads=13800483 begin_tick=1990047328766750 end_tick=1990047329652541 ms_per_tick=9.9999999999999995e-07 device_ms=0.885791
PRODUCER_KERNEL_V1 stage=1 raw_iteration=0 ordinal=13 kernel=validate_resident_physical_flux threads=13800483 begin_tick=1990047329653041 end_tick=1990047330509666 ms_per_tick=9.9999999999999995e-07 device_ms=0.85662499999999997
PRODUCER_KERNEL_V1 stage=1 raw_iteration=0 ordinal=14 kernel=identify_resident_physical_flux threads=32 begin_tick=1990047330510416 end_tick=1990047330515958 ms_per_tick=9.9999999999999995e-07 device_ms=0.0055420000000000001
PRODUCER_KERNEL_V1 stage=1 raw_iteration=0 ordinal=15 kernel=owner_average_flux threads=13800483 begin_tick=1990047330516500 end_tick=1990047331316041 ms_per_tick=9.9999999999999995e-07 device_ms=0.79954099999999995
PRODUCER_KERNEL_V1 stage=1 raw_iteration=0 ordinal=16 kernel=owner_bind_averaged_flux threads=1 begin_tick=1990047331316583 end_tick=1990047331320375 ms_per_tick=9.9999999999999995e-07 device_ms=0.0037919999999999998
PRODUCER_KERNEL_V1 stage=1 raw_iteration=0 ordinal=17 kernel=fct_build_ratios threads=5551326 begin_tick=1990047331320833 end_tick=1990047336457583 ms_per_tick=9.9999999999999995e-07 device_ms=5.1367500000000001
PRODUCER_KERNEL_V1 stage=1 raw_iteration=0 ordinal=18 kernel=fct_build_face_alpha threads=1533387 begin_tick=1990047336473458 end_tick=1990047336734916 ms_per_tick=9.9999999999999995e-07 device_ms=0.26145799999999997
PRODUCER_KERNEL_V1 stage=1 raw_iteration=0 ordinal=19 kernel=fct_commit_scalar threads=504666 begin_tick=1990047336735583 end_tick=1990047336930833 ms_per_tick=9.9999999999999995e-07 device_ms=0.19524999999999998
PRODUCER_KERNEL_V1 stage=1 raw_iteration=0 ordinal=20 kernel=owner_bind_candidate threads=1 begin_tick=1990047336931250 end_tick=1990047336935625 ms_per_tick=9.9999999999999995e-07 device_ms=0.0043749999999999995
PRODUCER_KERNEL_V1 stage=1 raw_iteration=0 ordinal=21 kernel=finalize_resident_eos_candidate threads=1 begin_tick=1990047336936208 end_tick=1990047336938666 ms_per_tick=9.9999999999999995e-07 device_ms=0.0024579999999999997
PRODUCER_KERNEL_V1 stage=1 raw_iteration=0 ordinal=22 kernel=evaluate_resident_eos_candidate threads=504666 begin_tick=1990047336939666 end_tick=1990047971625875 ms_per_tick=9.9999999999999995e-07 device_ms=634.68620899999996
PRODUCER_KERNEL_V1 stage=1 raw_iteration=0 ordinal=23 kernel=finalize_resident_eos_candidate threads=1 begin_tick=1990047971642000 end_tick=1990047971644583 ms_per_tick=9.9999999999999995e-07 device_ms=0.0025829999999999998
PRODUCER_KERNEL_V1 stage=1 raw_iteration=0 ordinal=24 kernel=identify_resident_eos threads=1 begin_tick=1990047971644916 end_tick=1990047971647416 ms_per_tick=9.9999999999999995e-07 device_ms=0.0025000000000000001
PRODUCER_KERNEL_V1 stage=1 raw_iteration=0 ordinal=25 kernel=produce_resident_frozen_source threads=504666 begin_tick=1990047971647833 end_tick=1990047971679708 ms_per_tick=9.9999999999999995e-07 device_ms=0.031875000000000001
PRODUCER_KERNEL_V1 stage=1 raw_iteration=0 ordinal=26 kernel=identify_resident_frozen_source threads=1 begin_tick=1990047971680125 end_tick=1990047971682750 ms_per_tick=9.9999999999999995e-07 device_ms=0.0026249999999999997
PRODUCER_KERNEL_V1 stage=1 raw_iteration=0 ordinal=27 kernel=evaluate_resident_target_terms threads=504666 begin_tick=1990047971683208 end_tick=1990048097776083 ms_per_tick=9.9999999999999995e-07 device_ms=126.09287499999999
PRODUCER_KERNEL_V1 stage=1 raw_iteration=0 ordinal=28 kernel=finalize_resident_target threads=1 begin_tick=1990048097806958 end_tick=1990048097827375 ms_per_tick=9.9999999999999995e-07 device_ms=0.020416999999999998
PRODUCER_KERNEL_V1 stage=1 raw_iteration=0 ordinal=29 kernel=identify_resident_target threads=1 begin_tick=1990048097827833 end_tick=1990048097834125 ms_per_tick=9.9999999999999995e-07 device_ms=0.0062919999999999998
PRODUCER_KERNEL_V1 stage=1 raw_iteration=0 ordinal=30 kernel=issue_resident_projection_consumer threads=1 begin_tick=1990048097834541 end_tick=1990048097839666 ms_per_tick=9.9999999999999995e-07 device_ms=0.0051249999999999993
PRODUCER_KERNEL_V1 stage=1 raw_iteration=0 ordinal=31 kernel=consume_resident_target threads=1 begin_tick=1990048097840041 end_tick=1990048097846208 ms_per_tick=9.9999999999999995e-07 device_ms=0.0061669999999999997
PRODUCER_KERNEL_V1 stage=1 raw_iteration=0 ordinal=32 kernel=owner_compose_target threads=504666 begin_tick=1990048097846541 end_tick=1990048098825791 ms_per_tick=9.9999999999999995e-07 device_ms=0.97924999999999995
PRODUCER_KERNEL_V1 stage=1 raw_iteration=0 ordinal=33 kernel=finalize_resident_target threads=1 begin_tick=1990048098859833 end_tick=1990048098893000 ms_per_tick=9.9999999999999995e-07 device_ms=0.033166999999999995
PRODUCER_KERNEL_V1 stage=1 raw_iteration=0 ordinal=34 kernel=owner_identify_target threads=1 begin_tick=1990048098893416 end_tick=1990048098916291 ms_per_tick=9.9999999999999995e-07 device_ms=0.022875
PRODUCER_KERNEL_V1 stage=1 raw_iteration=0 ordinal=35 kernel=issue_resident_projection_consumer threads=1 begin_tick=1990048098916708 end_tick=1990048098920750 ms_per_tick=9.9999999999999995e-07 device_ms=0.0040419999999999996
PRODUCER_KERNEL_V1 stage=1 raw_iteration=0 ordinal=36 kernel=consume_resident_target threads=1 begin_tick=1990048098921125 end_tick=1990048098925541 ms_per_tick=9.9999999999999995e-07 device_ms=0.0044159999999999998
PRODUCER_KERNEL_V1 stage=1 raw_iteration=0 ordinal=37 kernel=owner_issue_stage_seal threads=1 begin_tick=1990048098925958 end_tick=1990048098929166 ms_per_tick=9.9999999999999995e-07 device_ms=0.0032079999999999999
PRODUCER_KERNEL_V1 stage=1 raw_iteration=0 ordinal=38 kernel=fct_compatible_stage_rate threads=1533387 begin_tick=1990048098929833 end_tick=1990048099594583 ms_per_tick=9.9999999999999995e-07 device_ms=0.66474999999999995
PRODUCER_KERNEL_V1 stage=1 raw_iteration=0 ordinal=39 kernel=fct_compatible_stage_rate threads=1533387 begin_tick=1990048099595208 end_tick=1990048100117583 ms_per_tick=9.9999999999999995e-07 device_ms=0.52237499999999992
PRODUCER_KERNEL_V1 stage=1 raw_iteration=0 ordinal=40 kernel=owner_heun_momentum threads=1533387 begin_tick=1990048100118250 end_tick=1990048100209583 ms_per_tick=9.9999999999999995e-07 device_ms=0.091332999999999998
RISE_FIRE_OWNER_PROFILE_V1 {"scope":38,"parent":33,"phase":"BuildStageProducerGroup","stage":1,"raw_iteration":0,"iteration_kind":"picard","wall_ms":871.116583000,"device_sum_ms":782.656499883,"wall_minus_device_ms":88.460083117,"exclusive_wall_ms":871.116583000,"exclusive_device_sum_ms":782.656499883,"child_observer_wall_ms":0.000000000,"count_scope":"inclusive","owner_commits":1,"projection_invocations":0}
RISE_FIRE_OWNER_PROFILE_V1 {"scope":39,"parent":33,"phase":"Residual","stage":1,"raw_iteration":0,"iteration_kind":"picard","wall_ms":0.243791000,"device_sum_ms":0.022750115,"wall_minus_device_ms":0.221040885,"exclusive_wall_ms":0.243791000,"exclusive_device_sum_ms":0.022750115,"child_observer_wall_ms":0.000000000,"count_scope":"inclusive","owner_commits":1,"projection_invocations":0}
RISE_FIRE_OWNER_PROFILE_V1 {"scope":33,"parent":29,"phase":"PicardIteration","stage":1,"raw_iteration":0,"iteration_kind":"picard","wall_ms":885.328500000,"device_sum_ms":791.299541714,"wall_minus_device_ms":94.028958286,"exclusive_wall_ms":0.502793000,"exclusive_device_sum_ms":0.000000000,"child_observer_wall_ms":0.059375000,"count_scope":"inclusive","owner_commits":6,"projection_invocations":1}
RISE_FIRE_OWNER_PROFILE_V1 {"scope":42,"parent":41,"phase":"ProjectionAdapter","stage":1,"raw_iteration":1,"iteration_kind":"picard","wall_ms":11.596708000,"device_sum_ms":8.781374898,"wall_minus_device_ms":2.815333102,"exclusive_wall_ms":11.596708000,"exclusive_device_sum_ms":8.781374898,"child_observer_wall_ms":0.000000000,"count_scope":"inclusive","owner_commits":0,"projection_invocations":1}
RISE_FIRE_OWNER_PROFILE_V1 {"scope":41,"parent":40,"phase":"Project","stage":1,"raw_iteration":1,"iteration_kind":"picard","wall_ms":13.132459000,"device_sum_ms":8.827749640,"wall_minus_device_ms":4.304709360,"exclusive_wall_ms":1.516126000,"exclusive_device_sum_ms":0.046374742,"child_observer_wall_ms":0.019625000,"count_scope":"inclusive","owner_commits":2,"projection_invocations":1}
RISE_FIRE_OWNER_PROFILE_V1 {"scope":43,"parent":40,"phase":"ReadOpenClass","stage":1,"raw_iteration":1,"iteration_kind":"picard","wall_ms":0.150250000,"device_sum_ms":0.002374873,"wall_minus_device_ms":0.147875127,"exclusive_wall_ms":0.150250000,"exclusive_device_sum_ms":0.002374873,"child_observer_wall_ms":0.000000000,"count_scope":"inclusive","owner_commits":1,"projection_invocations":0}
RISE_FIRE_OWNER_PROFILE_V1 {"scope":44,"parent":40,"phase":"ReadOpenClass","stage":1,"raw_iteration":1,"iteration_kind":"picard","wall_ms":0.140833000,"device_sum_ms":0.002500135,"wall_minus_device_ms":0.138332865,"exclusive_wall_ms":0.140833000,"exclusive_device_sum_ms":0.002500135,"child_observer_wall_ms":0.000000000,"count_scope":"inclusive","owner_commits":1,"projection_invocations":0}
PRODUCER_COMMAND_V1 stage=1 raw_iteration=1 cpu_begin=1990048114715833 cpu_end=1990048998672958 gpu_begin=1990048114715833 gpu_end=1990048998672958 device_ms=800.85525009781122 encoders=41 interval_scope=possibly_overlapping
PRODUCER_KERNEL_V1 stage=1 raw_iteration=1 ordinal=0 kernel=owner_pack_faces threads=1533387 begin_tick=1990048197686666 end_tick=1990048197743291 ms_per_tick=9.9999999999999995e-07 device_ms=0.056624999999999995
PRODUCER_KERNEL_V1 stage=1 raw_iteration=1 ordinal=1 kernel=owner_pack_faces threads=1533387 begin_tick=1990048197743000 end_tick=1990048198522625 ms_per_tick=9.9999999999999995e-07 device_ms=0.77962500000000001
PRODUCER_KERNEL_V1 stage=1 raw_iteration=1 ordinal=2 kernel=owner_pack_faces threads=1533387 begin_tick=1990048197686208 end_tick=1990048197743000 ms_per_tick=9.9999999999999995e-07 device_ms=0.056791999999999995
PRODUCER_KERNEL_V1 stage=1 raw_iteration=1 ordinal=3 kernel=fct_extract_gas_density threads=504666 begin_tick=1990048198468791 end_tick=1990048198522791 ms_per_tick=9.9999999999999995e-07 device_ms=0.053999999999999999
PRODUCER_KERNEL_V1 stage=1 raw_iteration=1 ordinal=4 kernel=owner_gas_source threads=504666 begin_tick=1990048198523083 end_tick=1990048199316708 ms_per_tick=9.9999999999999995e-07 device_ms=0.79362499999999991
PRODUCER_KERNEL_V1 stage=1 raw_iteration=1 ordinal=5 kernel=evaluate_resident_transport threads=504666 begin_tick=1990048197743708 end_tick=1990048198468791 ms_per_tick=9.9999999999999995e-07 device_ms=0.72508299999999992
PRODUCER_KERNEL_V1 stage=1 raw_iteration=1 ordinal=6 kernel=identify_resident_transport threads=1 begin_tick=1990048198522625 end_tick=1990048198526625 ms_per_tick=9.9999999999999995e-07 device_ms=0.0040000000000000001
PRODUCER_KERNEL_V1 stage=1 raw_iteration=1 ordinal=7 kernel=owner_bind_transport threads=1 begin_tick=1990048198527083 end_tick=1990048198533541 ms_per_tick=9.9999999999999995e-07 device_ms=0.0064579999999999993
PRODUCER_KERNEL_V1 stage=1 raw_iteration=1 ordinal=8 kernel=identify_resident_owner_endpoint_class threads=1 begin_tick=1990048198533833 end_tick=1990048198540166 ms_per_tick=9.9999999999999995e-07 device_ms=0.0063330000000000001
PRODUCER_KERNEL_V1 stage=1 raw_iteration=1 ordinal=9 kernel=evaluate_resident_physical_flux threads=1533387 begin_tick=1990048199333708 end_tick=1990048201154958 ms_per_tick=9.9999999999999995e-07 device_ms=1.8212499999999998
PRODUCER_KERNEL_V1 stage=1 raw_iteration=1 ordinal=10 kernel=evaluate_resident_advective_pair threads=13800483 begin_tick=1990048201170000 end_tick=1990048208289833 ms_per_tick=9.9999999999999995e-07 device_ms=7.1198329999999999
PRODUCER_KERNEL_V1 stage=1 raw_iteration=1 ordinal=11 kernel=finalize_resident_advective_high threads=13800483 begin_tick=1990048208308708 end_tick=1990048208728583 ms_per_tick=9.9999999999999995e-07 device_ms=0.419875
PRODUCER_KERNEL_V1 stage=1 raw_iteration=1 ordinal=12 kernel=compose_resident_flux_pair threads=13800483 begin_tick=1990048208728958 end_tick=1990048209614250 ms_per_tick=9.9999999999999995e-07 device_ms=0.88529199999999997
PRODUCER_KERNEL_V1 stage=1 raw_iteration=1 ordinal=13 kernel=validate_resident_physical_flux threads=13800483 begin_tick=1990048209614916 end_tick=1990048210469291 ms_per_tick=9.9999999999999995e-07 device_ms=0.854375
PRODUCER_KERNEL_V1 stage=1 raw_iteration=1 ordinal=14 kernel=identify_resident_physical_flux threads=32 begin_tick=1990048210469875 end_tick=1990048210475666 ms_per_tick=9.9999999999999995e-07 device_ms=0.0057910000000000001
PRODUCER_KERNEL_V1 stage=1 raw_iteration=1 ordinal=15 kernel=owner_average_flux threads=13800483 begin_tick=1990048210476125 end_tick=1990048211275625 ms_per_tick=9.9999999999999995e-07 device_ms=0.79949999999999999
PRODUCER_KERNEL_V1 stage=1 raw_iteration=1 ordinal=16 kernel=owner_bind_averaged_flux threads=1 begin_tick=1990048211276166 end_tick=1990048211280166 ms_per_tick=9.9999999999999995e-07 device_ms=0.0040000000000000001
PRODUCER_KERNEL_V1 stage=1 raw_iteration=1 ordinal=17 kernel=fct_build_ratios threads=5551326 begin_tick=1990048211280708 end_tick=1990048214895041 ms_per_tick=9.9999999999999995e-07 device_ms=3.6143329999999998
PRODUCER_KERNEL_V1 stage=1 raw_iteration=1 ordinal=18 kernel=fct_build_face_alpha threads=1533387 begin_tick=1990048214895708 end_tick=1990048215157000 ms_per_tick=9.9999999999999995e-07 device_ms=0.26129199999999997
PRODUCER_KERNEL_V1 stage=1 raw_iteration=1 ordinal=19 kernel=fct_commit_scalar threads=504666 begin_tick=1990048215157625 end_tick=1990048215348166 ms_per_tick=9.9999999999999995e-07 device_ms=0.19054099999999999
PRODUCER_KERNEL_V1 stage=1 raw_iteration=1 ordinal=20 kernel=owner_bind_candidate threads=1 begin_tick=1990048215348541 end_tick=1990048215352291 ms_per_tick=9.9999999999999995e-07 device_ms=0.0037499999999999999
PRODUCER_KERNEL_V1 stage=1 raw_iteration=1 ordinal=21 kernel=finalize_resident_eos_candidate threads=1 begin_tick=1990048215352875 end_tick=1990048215355500 ms_per_tick=9.9999999999999995e-07 device_ms=0.0026249999999999997
PRODUCER_KERNEL_V1 stage=1 raw_iteration=1 ordinal=22 kernel=evaluate_resident_eos_candidate threads=504666 begin_tick=1990048215355958 end_tick=1990048872877750 ms_per_tick=9.9999999999999995e-07 device_ms=657.521792
PRODUCER_KERNEL_V1 stage=1 raw_iteration=1 ordinal=23 kernel=finalize_resident_eos_candidate threads=1 begin_tick=1990048872893333 end_tick=1990048872896083 ms_per_tick=9.9999999999999995e-07 device_ms=0.0027499999999999998
PRODUCER_KERNEL_V1 stage=1 raw_iteration=1 ordinal=24 kernel=identify_resident_eos threads=1 begin_tick=1990048872896375 end_tick=1990048872899041 ms_per_tick=9.9999999999999995e-07 device_ms=0.002666
PRODUCER_KERNEL_V1 stage=1 raw_iteration=1 ordinal=25 kernel=produce_resident_frozen_source threads=504666 begin_tick=1990048872899333 end_tick=1990048872931375 ms_per_tick=9.9999999999999995e-07 device_ms=0.032042000000000001
PRODUCER_KERNEL_V1 stage=1 raw_iteration=1 ordinal=26 kernel=identify_resident_frozen_source threads=1 begin_tick=1990048872931791 end_tick=1990048872934708 ms_per_tick=9.9999999999999995e-07 device_ms=0.0029169999999999999
PRODUCER_KERNEL_V1 stage=1 raw_iteration=1 ordinal=27 kernel=evaluate_resident_target_terms threads=504666 begin_tick=1990048872935083 end_tick=1990048996837541 ms_per_tick=9.9999999999999995e-07 device_ms=123.902458
PRODUCER_KERNEL_V1 stage=1 raw_iteration=1 ordinal=28 kernel=finalize_resident_target threads=1 begin_tick=1990048996853041 end_tick=1990048996856541 ms_per_tick=9.9999999999999995e-07 device_ms=0.0034999999999999996
PRODUCER_KERNEL_V1 stage=1 raw_iteration=1 ordinal=29 kernel=identify_resident_target threads=1 begin_tick=1990048996856875 end_tick=1990048996859791 ms_per_tick=9.9999999999999995e-07 device_ms=0.0029159999999999998
PRODUCER_KERNEL_V1 stage=1 raw_iteration=1 ordinal=30 kernel=issue_resident_projection_consumer threads=1 begin_tick=1990048996860166 end_tick=1990048996864083 ms_per_tick=9.9999999999999995e-07 device_ms=0.0039169999999999995
PRODUCER_KERNEL_V1 stage=1 raw_iteration=1 ordinal=31 kernel=consume_resident_target threads=1 begin_tick=1990048996865375 end_tick=1990048996869541 ms_per_tick=9.9999999999999995e-07 device_ms=0.0041659999999999996
PRODUCER_KERNEL_V1 stage=1 raw_iteration=1 ordinal=32 kernel=owner_compose_target threads=504666 begin_tick=1990048996869958 end_tick=1990048996950208 ms_per_tick=9.9999999999999995e-07 device_ms=0.080250000000000002
PRODUCER_KERNEL_V1 stage=1 raw_iteration=1 ordinal=33 kernel=finalize_resident_target threads=1 begin_tick=1990048996950541 end_tick=1990048996953208 ms_per_tick=9.9999999999999995e-07 device_ms=0.0026669999999999997
PRODUCER_KERNEL_V1 stage=1 raw_iteration=1 ordinal=34 kernel=owner_identify_target threads=1 begin_tick=1990048996953625 end_tick=1990048996956833 ms_per_tick=9.9999999999999995e-07 device_ms=0.0032079999999999999
PRODUCER_KERNEL_V1 stage=1 raw_iteration=1 ordinal=35 kernel=issue_resident_projection_consumer threads=1 begin_tick=1990048996957250 end_tick=1990048996960083 ms_per_tick=9.9999999999999995e-07 device_ms=0.002833
PRODUCER_KERNEL_V1 stage=1 raw_iteration=1 ordinal=36 kernel=consume_resident_target threads=1 begin_tick=1990048996960458 end_tick=1990048996963583 ms_per_tick=9.9999999999999995e-07 device_ms=0.0031249999999999997
PRODUCER_KERNEL_V1 stage=1 raw_iteration=1 ordinal=37 kernel=owner_issue_stage_seal threads=1 begin_tick=1990048996963958 end_tick=1990048996966791 ms_per_tick=9.9999999999999995e-07 device_ms=0.002833
PRODUCER_KERNEL_V1 stage=1 raw_iteration=1 ordinal=38 kernel=fct_compatible_stage_rate threads=1533387 begin_tick=1990048997364708 end_tick=1990048997916291 ms_per_tick=9.9999999999999995e-07 device_ms=0.55158299999999993
PRODUCER_KERNEL_V1 stage=1 raw_iteration=1 ordinal=39 kernel=fct_compatible_stage_rate threads=1533387 begin_tick=1990048997916708 end_tick=1990048998441791 ms_per_tick=9.9999999999999995e-07 device_ms=0.52508299999999997
PRODUCER_KERNEL_V1 stage=1 raw_iteration=1 ordinal=40 kernel=owner_heun_momentum threads=1533387 begin_tick=1990048998442416 end_tick=1990048998535500 ms_per_tick=9.9999999999999995e-07 device_ms=0.093084
RISE_FIRE_OWNER_PROFILE_V1 {"scope":45,"parent":40,"phase":"BuildStageProducerGroup","stage":1,"raw_iteration":1,"iteration_kind":"picard","wall_ms":884.122084000,"device_sum_ms":800.855250098,"wall_minus_device_ms":83.266833902,"exclusive_wall_ms":884.122084000,"exclusive_device_sum_ms":800.855250098,"child_observer_wall_ms":0.000000000,"count_scope":"inclusive","owner_commits":1,"projection_invocations":0}
RISE_FIRE_OWNER_PROFILE_V1 {"scope":46,"parent":40,"phase":"Residual","stage":1,"raw_iteration":1,"iteration_kind":"picard","wall_ms":0.349875000,"device_sum_ms":0.112999929,"wall_minus_device_ms":0.236875071,"exclusive_wall_ms":0.349875000,"exclusive_device_sum_ms":0.112999929,"child_observer_wall_ms":0.000000000,"count_scope":"inclusive","owner_commits":1,"projection_invocations":0}
RISE_FIRE_OWNER_PROFILE_V1 {"scope":49,"parent":48,"phase":"ProjectionAdapter","stage":1,"raw_iteration":2147483649,"iteration_kind":"terminal","wall_ms":11.638375000,"device_sum_ms":8.809374878,"wall_minus_device_ms":2.829000122,"exclusive_wall_ms":11.638375000,"exclusive_device_sum_ms":8.809374878,"child_observer_wall_ms":0.000000000,"count_scope":"inclusive","owner_commits":0,"projection_invocations":1}
RISE_FIRE_OWNER_PROFILE_V1 {"scope":48,"parent":47,"phase":"Project","stage":1,"raw_iteration":2147483649,"iteration_kind":"terminal","wall_ms":12.948542000,"device_sum_ms":9.512916673,"wall_minus_device_ms":3.435625327,"exclusive_wall_ms":1.301958000,"exclusive_device_sum_ms":0.703541795,"child_observer_wall_ms":0.008209000,"count_scope":"inclusive","owner_commits":2,"projection_invocations":1}
RISE_FIRE_OWNER_PROFILE_V1 {"scope":50,"parent":47,"phase":"ReadOpenClass","stage":1,"raw_iteration":2147483649,"iteration_kind":"terminal","wall_ms":0.145875000,"device_sum_ms":0.002333429,"wall_minus_device_ms":0.143541571,"exclusive_wall_ms":0.145875000,"exclusive_device_sum_ms":0.002333429,"child_observer_wall_ms":0.000000000,"count_scope":"inclusive","owner_commits":1,"projection_invocations":0}
RISE_FIRE_OWNER_PROFILE_V1 {"scope":51,"parent":47,"phase":"ReadOpenClass","stage":1,"raw_iteration":2147483649,"iteration_kind":"terminal","wall_ms":0.133584000,"device_sum_ms":0.002374873,"wall_minus_device_ms":0.131209127,"exclusive_wall_ms":0.133584000,"exclusive_device_sum_ms":0.002374873,"child_observer_wall_ms":0.000000000,"count_scope":"inclusive","owner_commits":1,"projection_invocations":0}
PRODUCER_COMMAND_V1 stage=1 raw_iteration=2147483649 cpu_begin=1990049012443708 cpu_end=1990049868550083 gpu_begin=1990049012443708 gpu_end=1990049868550083 device_ms=773.69595831260085 encoders=41 interval_scope=possibly_overlapping
PRODUCER_KERNEL_V1 stage=1 raw_iteration=2147483649 ordinal=0 kernel=owner_pack_faces threads=1533387 begin_tick=1990049094754875 end_tick=1990049094815458 ms_per_tick=9.9999999999999995e-07 device_ms=0.060582999999999998
PRODUCER_KERNEL_V1 stage=1 raw_iteration=2147483649 ordinal=1 kernel=owner_pack_faces threads=1533387 begin_tick=1990049094815250 end_tick=1990049095251458 ms_per_tick=9.9999999999999995e-07 device_ms=0.43620799999999998
PRODUCER_KERNEL_V1 stage=1 raw_iteration=2147483649 ordinal=2 kernel=owner_pack_faces threads=1533387 begin_tick=1990049094751583 end_tick=1990049094815250 ms_per_tick=9.9999999999999995e-07 device_ms=0.063667000000000001
PRODUCER_KERNEL_V1 stage=1 raw_iteration=2147483649 ordinal=3 kernel=fct_extract_gas_density threads=504666 begin_tick=1990049095251458 end_tick=1990049095275125 ms_per_tick=9.9999999999999995e-07 device_ms=0.023667000000000001
PRODUCER_KERNEL_V1 stage=1 raw_iteration=2147483649 ordinal=4 kernel=owner_gas_source threads=504666 begin_tick=1990049095275125 end_tick=1990049095318750 ms_per_tick=9.9999999999999995e-07 device_ms=0.043624999999999997
PRODUCER_KERNEL_V1 stage=1 raw_iteration=2147483649 ordinal=5 kernel=evaluate_resident_transport threads=504666 begin_tick=1990049094815833 end_tick=1990049095318083 ms_per_tick=9.9999999999999995e-07 device_ms=0.50224999999999997
PRODUCER_KERNEL_V1 stage=1 raw_iteration=2147483649 ordinal=6 kernel=identify_resident_transport threads=1 begin_tick=1990049095318458 end_tick=1990049095321708 ms_per_tick=9.9999999999999995e-07 device_ms=0.0032499999999999999
PRODUCER_KERNEL_V1 stage=1 raw_iteration=2147483649 ordinal=7 kernel=owner_bind_transport threads=1 begin_tick=1990049095322166 end_tick=1990049095326333 ms_per_tick=9.9999999999999995e-07 device_ms=0.0041669999999999997
PRODUCER_KERNEL_V1 stage=1 raw_iteration=2147483649 ordinal=8 kernel=identify_resident_owner_endpoint_class threads=1 begin_tick=1990049095326666 end_tick=1990049095330583 ms_per_tick=9.9999999999999995e-07 device_ms=0.0039169999999999995
PRODUCER_KERNEL_V1 stage=1 raw_iteration=2147483649 ordinal=9 kernel=evaluate_resident_physical_flux threads=1533387 begin_tick=1990049096132250 end_tick=1990049097483291 ms_per_tick=9.9999999999999995e-07 device_ms=1.3510409999999999
PRODUCER_KERNEL_V1 stage=1 raw_iteration=2147483649 ordinal=10 kernel=evaluate_resident_advective_pair threads=13800483 begin_tick=1990049097438125 end_tick=1990049105978833 ms_per_tick=9.9999999999999995e-07 device_ms=8.5407080000000004
PRODUCER_KERNEL_V1 stage=1 raw_iteration=2147483649 ordinal=11 kernel=finalize_resident_advective_high threads=13800483 begin_tick=1990049105997458 end_tick=1990049106420958 ms_per_tick=9.9999999999999995e-07 device_ms=0.42349999999999999
PRODUCER_KERNEL_V1 stage=1 raw_iteration=2147483649 ordinal=12 kernel=compose_resident_flux_pair threads=13800483 begin_tick=1990049106421375 end_tick=1990049107417791 ms_per_tick=9.9999999999999995e-07 device_ms=0.99641599999999997
PRODUCER_KERNEL_V1 stage=1 raw_iteration=2147483649 ordinal=13 kernel=validate_resident_physical_flux threads=13800483 begin_tick=1990049107418333 end_tick=1990049108248083 ms_per_tick=9.9999999999999995e-07 device_ms=0.82974999999999999
PRODUCER_KERNEL_V1 stage=1 raw_iteration=2147483649 ordinal=14 kernel=identify_resident_physical_flux threads=32 begin_tick=1990049108248833 end_tick=1990049108254666 ms_per_tick=9.9999999999999995e-07 device_ms=0.0058329999999999996
PRODUCER_KERNEL_V1 stage=1 raw_iteration=2147483649 ordinal=15 kernel=owner_average_flux threads=13800483 begin_tick=1990049108255208 end_tick=1990049109053041 ms_per_tick=9.9999999999999995e-07 device_ms=0.79783300000000001
PRODUCER_KERNEL_V1 stage=1 raw_iteration=2147483649 ordinal=16 kernel=owner_bind_averaged_flux threads=1 begin_tick=1990049109053541 end_tick=1990049109057291 ms_per_tick=9.9999999999999995e-07 device_ms=0.0037499999999999999
PRODUCER_KERNEL_V1 stage=1 raw_iteration=2147483649 ordinal=17 kernel=fct_build_ratios threads=5551326 begin_tick=1990049109057750 end_tick=1990049112681541 ms_per_tick=9.9999999999999995e-07 device_ms=3.6237909999999998
PRODUCER_KERNEL_V1 stage=1 raw_iteration=2147483649 ordinal=18 kernel=fct_build_face_alpha threads=1533387 begin_tick=1990049112682291 end_tick=1990049112943041 ms_per_tick=9.9999999999999995e-07 device_ms=0.26074999999999998
PRODUCER_KERNEL_V1 stage=1 raw_iteration=2147483649 ordinal=19 kernel=fct_commit_scalar threads=504666 begin_tick=1990049112943666 end_tick=1990049113131875 ms_per_tick=9.9999999999999995e-07 device_ms=0.18820899999999999
PRODUCER_KERNEL_V1 stage=1 raw_iteration=2147483649 ordinal=20 kernel=owner_bind_candidate threads=1 begin_tick=1990049113132541 end_tick=1990049113136416 ms_per_tick=9.9999999999999995e-07 device_ms=0.003875
PRODUCER_KERNEL_V1 stage=1 raw_iteration=2147483649 ordinal=21 kernel=finalize_resident_eos_candidate threads=1 begin_tick=1990049113137000 end_tick=1990049113139500 ms_per_tick=9.9999999999999995e-07 device_ms=0.0025000000000000001
PRODUCER_KERNEL_V1 stage=1 raw_iteration=2147483649 ordinal=22 kernel=evaluate_resident_eos_candidate threads=504666 begin_tick=1990049113139916 end_tick=1990049739495708 ms_per_tick=9.9999999999999995e-07 device_ms=626.35579199999995
PRODUCER_KERNEL_V1 stage=1 raw_iteration=2147483649 ordinal=23 kernel=finalize_resident_eos_candidate threads=1 begin_tick=1990049739510833 end_tick=1990049739513750 ms_per_tick=9.9999999999999995e-07 device_ms=0.0029169999999999999
PRODUCER_KERNEL_V1 stage=1 raw_iteration=2147483649 ordinal=24 kernel=identify_resident_eos threads=1 begin_tick=1990049739514083 end_tick=1990049739516625 ms_per_tick=9.9999999999999995e-07 device_ms=0.002542
PRODUCER_KERNEL_V1 stage=1 raw_iteration=2147483649 ordinal=25 kernel=produce_resident_frozen_source threads=504666 begin_tick=1990049739517000 end_tick=1990049739547875 ms_per_tick=9.9999999999999995e-07 device_ms=0.030875
PRODUCER_KERNEL_V1 stage=1 raw_iteration=2147483649 ordinal=26 kernel=identify_resident_frozen_source threads=1 begin_tick=1990049739548291 end_tick=1990049739550875 ms_per_tick=9.9999999999999995e-07 device_ms=0.0025839999999999999
PRODUCER_KERNEL_V1 stage=1 raw_iteration=2147483649 ordinal=27 kernel=evaluate_resident_target_terms threads=504666 begin_tick=1990049739551291 end_tick=1990049867036875 ms_per_tick=9.9999999999999995e-07 device_ms=127.48558399999999
PRODUCER_KERNEL_V1 stage=1 raw_iteration=2147483649 ordinal=28 kernel=finalize_resident_target threads=1 begin_tick=1990049867055291 end_tick=1990049867058375 ms_per_tick=9.9999999999999995e-07 device_ms=0.0030839999999999999
PRODUCER_KERNEL_V1 stage=1 raw_iteration=2147483649 ordinal=29 kernel=identify_resident_target threads=1 begin_tick=1990049867058666 end_tick=1990049867061583 ms_per_tick=9.9999999999999995e-07 device_ms=0.0029169999999999999
PRODUCER_KERNEL_V1 stage=1 raw_iteration=2147483649 ordinal=30 kernel=issue_resident_projection_consumer threads=1 begin_tick=1990049867062000 end_tick=1990049867065791 ms_per_tick=9.9999999999999995e-07 device_ms=0.0037909999999999997
PRODUCER_KERNEL_V1 stage=1 raw_iteration=2147483649 ordinal=31 kernel=consume_resident_target threads=1 begin_tick=1990049867066208 end_tick=1990049867070333 ms_per_tick=9.9999999999999995e-07 device_ms=0.0041250000000000002
PRODUCER_KERNEL_V1 stage=1 raw_iteration=2147483649 ordinal=32 kernel=owner_compose_target threads=504666 begin_tick=1990049867070625 end_tick=1990049867150708 ms_per_tick=9.9999999999999995e-07 device_ms=0.080083000000000001
PRODUCER_KERNEL_V1 stage=1 raw_iteration=2147483649 ordinal=33 kernel=finalize_resident_target threads=1 begin_tick=1990049867151083 end_tick=1990049867153791 ms_per_tick=9.9999999999999995e-07 device_ms=0.0027079999999999999
PRODUCER_KERNEL_V1 stage=1 raw_iteration=2147483649 ordinal=34 kernel=owner_identify_target threads=1 begin_tick=1990049867154208 end_tick=1990049867157250 ms_per_tick=9.9999999999999995e-07 device_ms=0.003042
PRODUCER_KERNEL_V1 stage=1 raw_iteration=2147483649 ordinal=35 kernel=issue_resident_projection_consumer threads=1 begin_tick=1990049867157625 end_tick=1990049867160625 ms_per_tick=9.9999999999999995e-07 device_ms=0.0030000000000000001
PRODUCER_KERNEL_V1 stage=1 raw_iteration=2147483649 ordinal=36 kernel=consume_resident_target threads=1 begin_tick=1990049867160958 end_tick=1990049867164166 ms_per_tick=9.9999999999999995e-07 device_ms=0.0032079999999999999
PRODUCER_KERNEL_V1 stage=1 raw_iteration=2147483649 ordinal=37 kernel=owner_issue_stage_seal threads=1 begin_tick=1990049867164583 end_tick=1990049867167583 ms_per_tick=9.9999999999999995e-07 device_ms=0.0030000000000000001
PRODUCER_KERNEL_V1 stage=1 raw_iteration=2147483649 ordinal=38 kernel=fct_compatible_stage_rate threads=1533387 begin_tick=1990049867168250 end_tick=1990049867682833 ms_per_tick=9.9999999999999995e-07 device_ms=0.51458300000000001
PRODUCER_KERNEL_V1 stage=1 raw_iteration=2147483649 ordinal=39 kernel=fct_compatible_stage_rate threads=1533387 begin_tick=1990049867683208 end_tick=1990049868347458 ms_per_tick=9.9999999999999995e-07 device_ms=0.66425000000000001
PRODUCER_KERNEL_V1 stage=1 raw_iteration=2147483649 ordinal=40 kernel=owner_heun_momentum threads=1533387 begin_tick=1990049868348333 end_tick=1990049868441625 ms_per_tick=9.9999999999999995e-07 device_ms=0.093292
RISE_FIRE_OWNER_PROFILE_V1 {"scope":52,"parent":47,"phase":"BuildStageProducerGroup","stage":1,"raw_iteration":2147483649,"iteration_kind":"terminal","wall_ms":856.273333000,"device_sum_ms":773.695958313,"wall_minus_device_ms":82.577374687,"exclusive_wall_ms":856.273333000,"exclusive_device_sum_ms":773.695958313,"child_observer_wall_ms":0.000000000,"count_scope":"inclusive","owner_commits":1,"projection_invocations":0}
RISE_FIRE_OWNER_PROFILE_V1 {"scope":53,"parent":47,"phase":"AlphaResidual","stage":1,"raw_iteration":2147483649,"iteration_kind":"terminal","wall_ms":0.250292000,"device_sum_ms":0.053958269,"wall_minus_device_ms":0.196333731,"exclusive_wall_ms":0.250292000,"exclusive_device_sum_ms":0.053958269,"child_observer_wall_ms":0.000000000,"count_scope":"inclusive","owner_commits":1,"projection_invocations":0}
RISE_FIRE_OWNER_PROFILE_V1 {"scope":54,"parent":47,"phase":"Residual","stage":1,"raw_iteration":2147483649,"iteration_kind":"terminal","wall_ms":0.304166000,"device_sum_ms":0.126624946,"wall_minus_device_ms":0.177541054,"exclusive_wall_ms":0.304166000,"exclusive_device_sum_ms":0.126624946,"child_observer_wall_ms":0.000000000,"count_scope":"inclusive","owner_commits":1,"projection_invocations":0}
RISE_FIRE_OWNER_PROFILE_V1 {"scope":47,"parent":40,"phase":"TerminalVerification","stage":1,"raw_iteration":2147483649,"iteration_kind":"terminal","wall_ms":870.093792000,"device_sum_ms":783.394166501,"wall_minus_device_ms":86.699625499,"exclusive_wall_ms":0.004251000,"exclusive_device_sum_ms":0.000000000,"child_observer_wall_ms":0.033749000,"count_scope":"inclusive","owner_commits":7,"projection_invocations":1}
RISE_FIRE_OWNER_PROFILE_V1 {"scope":40,"parent":29,"phase":"PicardIteration","stage":1,"raw_iteration":1,"iteration_kind":"picard","wall_ms":1768.467542000,"device_sum_ms":1593.195041176,"wall_minus_device_ms":175.272500824,"exclusive_wall_ms":0.437042000,"exclusive_device_sum_ms":0.000000000,"child_observer_wall_ms":0.041207000,"count_scope":"inclusive","owner_commits":13,"projection_invocations":2}
RISE_FIRE_OWNER_PROFILE_V1 {"scope":29,"parent":1,"phase":"SolveStage","stage":1,"raw_iteration":4294967295,"iteration_kind":"bootstrap","wall_ms":3551.008167000,"device_sum_ms":3190.384249436,"wall_minus_device_ms":360.623917564,"exclusive_wall_ms":3.545875000,"exclusive_device_sum_ms":0.000000000,"child_observer_wall_ms":0.027500000,"count_scope":"inclusive","owner_commits":22,"projection_invocations":4}
RISE_FIRE_OWNER_PROFILE_V1 {"scope":57,"parent":56,"phase":"ProjectionAdapter","stage":2,"raw_iteration":4294967295,"iteration_kind":"bootstrap","wall_ms":13.360959000,"device_sum_ms":10.596500011,"wall_minus_device_ms":2.764458989,"exclusive_wall_ms":13.360959000,"exclusive_device_sum_ms":10.596500011,"child_observer_wall_ms":0.000000000,"count_scope":"inclusive","owner_commits":0,"projection_invocations":1}
RISE_FIRE_OWNER_PROFILE_V1 {"scope":56,"parent":55,"phase":"Project","stage":2,"raw_iteration":4294967295,"iteration_kind":"bootstrap","wall_ms":13.858750000,"device_sum_ms":10.639666580,"wall_minus_device_ms":3.219083420,"exclusive_wall_ms":0.489125000,"exclusive_device_sum_ms":0.043166569,"child_observer_wall_ms":0.008666000,"count_scope":"inclusive","owner_commits":2,"projection_invocations":1}
PRODUCER_COMMAND_V1 stage=2 raw_iteration=4294967295 cpu_begin=1990049888411958 cpu_end=1990050720902625 gpu_begin=1990049888411958 gpu_end=1990050720902625 device_ms=750.62375003471971 encoders=35 interval_scope=possibly_overlapping
PRODUCER_KERNEL_V1 stage=2 raw_iteration=4294967295 ordinal=0 kernel=owner_pack_faces threads=1533387 begin_tick=1990049970328541 end_tick=1990049970379166 ms_per_tick=9.9999999999999995e-07 device_ms=0.050624999999999996
PRODUCER_KERNEL_V1 stage=2 raw_iteration=4294967295 ordinal=1 kernel=owner_pack_faces threads=1533387 begin_tick=1990049970389958 end_tick=1990049970440291 ms_per_tick=9.9999999999999995e-07 device_ms=0.050332999999999996
PRODUCER_KERNEL_V1 stage=2 raw_iteration=4294967295 ordinal=2 kernel=owner_pack_faces threads=1533387 begin_tick=1990049970500541 end_tick=1990049970593416 ms_per_tick=9.9999999999999995e-07 device_ms=0.092874999999999999
PRODUCER_KERNEL_V1 stage=2 raw_iteration=4294967295 ordinal=3 kernel=fct_extract_gas_density threads=504666 begin_tick=1990049970513250 end_tick=1990049970560708 ms_per_tick=9.9999999999999995e-07 device_ms=0.047458
PRODUCER_KERNEL_V1 stage=2 raw_iteration=4294967295 ordinal=4 kernel=owner_gas_source threads=504666 begin_tick=1990049970563375 end_tick=1990049970612625 ms_per_tick=9.9999999999999995e-07 device_ms=0.049249999999999995
PRODUCER_KERNEL_V1 stage=2 raw_iteration=4294967295 ordinal=5 kernel=evaluate_resident_transport threads=504666 begin_tick=1990049970679541 end_tick=1990049971134416 ms_per_tick=9.9999999999999995e-07 device_ms=0.45487499999999997
PRODUCER_KERNEL_V1 stage=2 raw_iteration=4294967295 ordinal=6 kernel=identify_resident_transport threads=1 begin_tick=1990049971134875 end_tick=1990049971137833 ms_per_tick=9.9999999999999995e-07 device_ms=0.0029579999999999997
PRODUCER_KERNEL_V1 stage=2 raw_iteration=4294967295 ordinal=7 kernel=owner_bind_transport threads=1 begin_tick=1990049971138375 end_tick=1990049971141791 ms_per_tick=9.9999999999999995e-07 device_ms=0.0034159999999999998
PRODUCER_KERNEL_V1 stage=2 raw_iteration=4294967295 ordinal=8 kernel=identify_resident_owner_endpoint_class threads=1 begin_tick=1990049971142208 end_tick=1990049971145833 ms_per_tick=9.9999999999999995e-07 device_ms=0.0036249999999999998
PRODUCER_KERNEL_V1 stage=2 raw_iteration=4294967295 ordinal=9 kernel=evaluate_resident_physical_flux threads=1533387 begin_tick=1990049972074791 end_tick=1990049973414583 ms_per_tick=9.9999999999999995e-07 device_ms=1.3397919999999999
PRODUCER_KERNEL_V1 stage=2 raw_iteration=4294967295 ordinal=10 kernel=evaluate_resident_advective_pair threads=13800483 begin_tick=1990049973398916 end_tick=1990049980678541 ms_per_tick=9.9999999999999995e-07 device_ms=7.2796249999999993
PRODUCER_KERNEL_V1 stage=2 raw_iteration=4294967295 ordinal=11 kernel=finalize_resident_advective_high threads=13800483 begin_tick=1990049980679166 end_tick=1990049981098291 ms_per_tick=9.9999999999999995e-07 device_ms=0.41912499999999997
PRODUCER_KERNEL_V1 stage=2 raw_iteration=4294967295 ordinal=12 kernel=compose_resident_flux_pair threads=13800483 begin_tick=1990049981098666 end_tick=1990049981981208 ms_per_tick=9.9999999999999995e-07 device_ms=0.88254199999999994
PRODUCER_KERNEL_V1 stage=2 raw_iteration=4294967295 ordinal=13 kernel=validate_resident_physical_flux threads=13800483 begin_tick=1990049981981750 end_tick=1990049984135166 ms_per_tick=9.9999999999999995e-07 device_ms=2.153416
PRODUCER_KERNEL_V1 stage=2 raw_iteration=4294967295 ordinal=14 kernel=identify_resident_physical_flux threads=32 begin_tick=1990049984135916 end_tick=1990049984139250 ms_per_tick=9.9999999999999995e-07 device_ms=0.0033339999999999997
PRODUCER_KERNEL_V1 stage=2 raw_iteration=4294967295 ordinal=15 kernel=owner_bind_candidate threads=1 begin_tick=1990049984139750 end_tick=1990049984143125 ms_per_tick=9.9999999999999995e-07 device_ms=0.003375
PRODUCER_KERNEL_V1 stage=2 raw_iteration=4294967295 ordinal=16 kernel=finalize_resident_eos_candidate threads=1 begin_tick=1990049984143541 end_tick=1990049984145875 ms_per_tick=9.9999999999999995e-07 device_ms=0.0023339999999999997
PRODUCER_KERNEL_V1 stage=2 raw_iteration=4294967295 ordinal=17 kernel=evaluate_resident_eos_candidate threads=504666 begin_tick=1990049984146583 end_tick=1990050595811208 ms_per_tick=9.9999999999999995e-07 device_ms=611.664625
PRODUCER_KERNEL_V1 stage=2 raw_iteration=4294967295 ordinal=18 kernel=finalize_resident_eos_candidate threads=1 begin_tick=1990050595827291 end_tick=1990050595829875 ms_per_tick=9.9999999999999995e-07 device_ms=0.0025839999999999999
PRODUCER_KERNEL_V1 stage=2 raw_iteration=4294967295 ordinal=19 kernel=identify_resident_eos threads=1 begin_tick=1990050595830375 end_tick=1990050595833125 ms_per_tick=9.9999999999999995e-07 device_ms=0.0027499999999999998
PRODUCER_KERNEL_V1 stage=2 raw_iteration=4294967295 ordinal=20 kernel=produce_resident_frozen_source threads=504666 begin_tick=1990050595833500 end_tick=1990050595864916 ms_per_tick=9.9999999999999995e-07 device_ms=0.031415999999999999
PRODUCER_KERNEL_V1 stage=2 raw_iteration=4294967295 ordinal=21 kernel=identify_resident_frozen_source threads=1 begin_tick=1990050595865375 end_tick=1990050595868041 ms_per_tick=9.9999999999999995e-07 device_ms=0.002666
PRODUCER_KERNEL_V1 stage=2 raw_iteration=4294967295 ordinal=22 kernel=evaluate_resident_target_terms threads=504666 begin_tick=1990050595868333 end_tick=1990050720124958 ms_per_tick=9.9999999999999995e-07 device_ms=124.256625
PRODUCER_KERNEL_V1 stage=2 raw_iteration=4294967295 ordinal=23 kernel=finalize_resident_target threads=1 begin_tick=1990050720140166 end_tick=1990050720143416 ms_per_tick=9.9999999999999995e-07 device_ms=0.0032499999999999999
PRODUCER_KERNEL_V1 stage=2 raw_iteration=4294967295 ordinal=24 kernel=identify_resident_target threads=1 begin_tick=1990050720143708 end_tick=1990050720146916 ms_per_tick=9.9999999999999995e-07 device_ms=0.0032079999999999999
PRODUCER_KERNEL_V1 stage=2 raw_iteration=4294967295 ordinal=25 kernel=issue_resident_projection_consumer threads=1 begin_tick=1990050720147458 end_tick=1990050720151583 ms_per_tick=9.9999999999999995e-07 device_ms=0.0041250000000000002
PRODUCER_KERNEL_V1 stage=2 raw_iteration=4294967295 ordinal=26 kernel=consume_resident_target threads=1 begin_tick=1990050720151958 end_tick=1990050720156166 ms_per_tick=9.9999999999999995e-07 device_ms=0.0042079999999999999
PRODUCER_KERNEL_V1 stage=2 raw_iteration=4294967295 ordinal=27 kernel=owner_compose_target threads=504666 begin_tick=1990050720156750 end_tick=1990050720188875 ms_per_tick=9.9999999999999995e-07 device_ms=0.032125000000000001
PRODUCER_KERNEL_V1 stage=2 raw_iteration=4294967295 ordinal=28 kernel=finalize_resident_target threads=1 begin_tick=1990050720189291 end_tick=1990050720191875 ms_per_tick=9.9999999999999995e-07 device_ms=0.0025839999999999999
PRODUCER_KERNEL_V1 stage=2 raw_iteration=4294967295 ordinal=29 kernel=owner_identify_target threads=1 begin_tick=1990050720192416 end_tick=1990050720195708 ms_per_tick=9.9999999999999995e-07 device_ms=0.0032919999999999998
PRODUCER_KERNEL_V1 stage=2 raw_iteration=4294967295 ordinal=30 kernel=issue_resident_projection_consumer threads=1 begin_tick=1990050720196041 end_tick=1990050720198958 ms_per_tick=9.9999999999999995e-07 device_ms=0.0029169999999999999
PRODUCER_KERNEL_V1 stage=2 raw_iteration=4294967295 ordinal=31 kernel=consume_resident_target threads=1 begin_tick=1990050720199416 end_tick=1990050720202541 ms_per_tick=9.9999999999999995e-07 device_ms=0.0031249999999999997
PRODUCER_KERNEL_V1 stage=2 raw_iteration=4294967295 ordinal=32 kernel=owner_issue_stage_seal threads=1 begin_tick=1990050720202958 end_tick=1990050720206041 ms_per_tick=9.9999999999999995e-07 device_ms=0.0030829999999999998
PRODUCER_KERNEL_V1 stage=2 raw_iteration=4294967295 ordinal=33 kernel=fct_compatible_stage_rate threads=1533387 begin_tick=1990050720206416 end_tick=1990050720728583 ms_per_tick=9.9999999999999995e-07 device_ms=0.52216699999999994
PRODUCER_KERNEL_V1 stage=2 raw_iteration=4294967295 ordinal=34 kernel=owner_heun_momentum threads=1533387 begin_tick=1990050720729083 end_tick=1990050720818625 ms_per_tick=9.9999999999999995e-07 device_ms=0.089541999999999997
RISE_FIRE_OWNER_PROFILE_V1 {"scope":58,"parent":55,"phase":"BuildStageProducerGroup","stage":2,"raw_iteration":4294967295,"iteration_kind":"bootstrap","wall_ms":832.639042000,"device_sum_ms":750.623750035,"wall_minus_device_ms":82.015291965,"exclusive_wall_ms":832.639042000,"exclusive_device_sum_ms":750.623750035,"child_observer_wall_ms":0.000000000,"count_scope":"inclusive","owner_commits":1,"projection_invocations":0}
RISE_FIRE_OWNER_PROFILE_V1 {"scope":61,"parent":60,"phase":"ProjectionAdapter","stage":2,"raw_iteration":0,"iteration_kind":"picard","wall_ms":13.193417000,"device_sum_ms":10.317750275,"wall_minus_device_ms":2.875666725,"exclusive_wall_ms":13.193417000,"exclusive_device_sum_ms":10.317750275,"child_observer_wall_ms":0.000000000,"count_scope":"inclusive","owner_commits":0,"projection_invocations":1}
RISE_FIRE_OWNER_PROFILE_V1 {"scope":60,"parent":59,"phase":"Project","stage":2,"raw_iteration":0,"iteration_kind":"picard","wall_ms":13.819750000,"device_sum_ms":10.455417214,"wall_minus_device_ms":3.364332786,"exclusive_wall_ms":0.616333000,"exclusive_device_sum_ms":0.137666939,"child_observer_wall_ms":0.010000000,"count_scope":"inclusive","owner_commits":2,"projection_invocations":1}
RISE_FIRE_OWNER_PROFILE_V1 {"scope":62,"parent":59,"phase":"ReadOpenClass","stage":2,"raw_iteration":0,"iteration_kind":"picard","wall_ms":0.157167000,"device_sum_ms":0.002625166,"wall_minus_device_ms":0.154541834,"exclusive_wall_ms":0.157167000,"exclusive_device_sum_ms":0.002625166,"child_observer_wall_ms":0.000000000,"count_scope":"inclusive","owner_commits":1,"projection_invocations":0}
RISE_FIRE_OWNER_PROFILE_V1 {"scope":63,"parent":59,"phase":"ReadOpenClass","stage":2,"raw_iteration":0,"iteration_kind":"picard","wall_ms":0.147625000,"device_sum_ms":0.002416782,"wall_minus_device_ms":0.145208218,"exclusive_wall_ms":0.147625000,"exclusive_device_sum_ms":0.002416782,"child_observer_wall_ms":0.000000000,"count_scope":"inclusive","owner_commits":1,"projection_invocations":0}
PRODUCER_COMMAND_V1 stage=2 raw_iteration=0 cpu_begin=1990050735201416 cpu_end=1990051583695333 gpu_begin=1990050735201416 gpu_end=1990051583695333 device_ms=766.29741652868688 encoders=35 interval_scope=possibly_overlapping
PRODUCER_KERNEL_V1 stage=2 raw_iteration=0 ordinal=0 kernel=owner_pack_faces threads=1533387 begin_tick=1990050817416125 end_tick=1990050817467416 ms_per_tick=9.9999999999999995e-07 device_ms=0.051290999999999996
PRODUCER_KERNEL_V1 stage=2 raw_iteration=0 ordinal=1 kernel=owner_pack_faces threads=1533387 begin_tick=1990050817482083 end_tick=1990050817533875 ms_per_tick=9.9999999999999995e-07 device_ms=0.051791999999999998
PRODUCER_KERNEL_V1 stage=2 raw_iteration=0 ordinal=2 kernel=owner_pack_faces threads=1533387 begin_tick=1990050817622625 end_tick=1990050817851083 ms_per_tick=9.9999999999999995e-07 device_ms=0.22845799999999999
PRODUCER_KERNEL_V1 stage=2 raw_iteration=0 ordinal=3 kernel=fct_extract_gas_density threads=504666 begin_tick=1990050817662666 end_tick=1990050817804416 ms_per_tick=9.9999999999999995e-07 device_ms=0.14174999999999999
PRODUCER_KERNEL_V1 stage=2 raw_iteration=0 ordinal=4 kernel=owner_gas_source threads=504666 begin_tick=1990050817804416 end_tick=1990050817850416 ms_per_tick=9.9999999999999995e-07 device_ms=0.045999999999999999
PRODUCER_KERNEL_V1 stage=2 raw_iteration=0 ordinal=5 kernel=evaluate_resident_transport threads=504666 begin_tick=1990050817851666 end_tick=1990050818310041 ms_per_tick=9.9999999999999995e-07 device_ms=0.45837499999999998
PRODUCER_KERNEL_V1 stage=2 raw_iteration=0 ordinal=6 kernel=identify_resident_transport threads=1 begin_tick=1990050818310416 end_tick=1990050818313166 ms_per_tick=9.9999999999999995e-07 device_ms=0.0027499999999999998
PRODUCER_KERNEL_V1 stage=2 raw_iteration=0 ordinal=7 kernel=owner_bind_transport threads=1 begin_tick=1990050818313625 end_tick=1990050818317250 ms_per_tick=9.9999999999999995e-07 device_ms=0.0036249999999999998
PRODUCER_KERNEL_V1 stage=2 raw_iteration=0 ordinal=8 kernel=identify_resident_owner_endpoint_class threads=1 begin_tick=1990050818317666 end_tick=1990050818321208 ms_per_tick=9.9999999999999995e-07 device_ms=0.003542
PRODUCER_KERNEL_V1 stage=2 raw_iteration=0 ordinal=9 kernel=evaluate_resident_physical_flux threads=1533387 begin_tick=1990050819250250 end_tick=1990050820652791 ms_per_tick=9.9999999999999995e-07 device_ms=1.402541
PRODUCER_KERNEL_V1 stage=2 raw_iteration=0 ordinal=10 kernel=evaluate_resident_advective_pair threads=13800483 begin_tick=1990050820736708 end_tick=1990050828020166 ms_per_tick=9.9999999999999995e-07 device_ms=7.2834579999999995
PRODUCER_KERNEL_V1 stage=2 raw_iteration=0 ordinal=11 kernel=finalize_resident_advective_high threads=13800483 begin_tick=1990050828020791 end_tick=1990050828443958 ms_per_tick=9.9999999999999995e-07 device_ms=0.42316699999999996
PRODUCER_KERNEL_V1 stage=2 raw_iteration=0 ordinal=12 kernel=compose_resident_flux_pair threads=13800483 begin_tick=1990050828444333 end_tick=1990050829316166 ms_per_tick=9.9999999999999995e-07 device_ms=0.87183299999999997
PRODUCER_KERNEL_V1 stage=2 raw_iteration=0 ordinal=13 kernel=validate_resident_physical_flux threads=13800483 begin_tick=1990050829316708 end_tick=1990050830209458 ms_per_tick=9.9999999999999995e-07 device_ms=0.89274999999999993
PRODUCER_KERNEL_V1 stage=2 raw_iteration=0 ordinal=14 kernel=identify_resident_physical_flux threads=32 begin_tick=1990050830209958 end_tick=1990050830213250 ms_per_tick=9.9999999999999995e-07 device_ms=0.0032919999999999998
PRODUCER_KERNEL_V1 stage=2 raw_iteration=0 ordinal=15 kernel=owner_bind_candidate threads=1 begin_tick=1990050830213708 end_tick=1990050830217291 ms_per_tick=9.9999999999999995e-07 device_ms=0.0035829999999999998
PRODUCER_KERNEL_V1 stage=2 raw_iteration=0 ordinal=16 kernel=finalize_resident_eos_candidate threads=1 begin_tick=1990050830217625 end_tick=1990050830219750 ms_per_tick=9.9999999999999995e-07 device_ms=0.0021249999999999997
PRODUCER_KERNEL_V1 stage=2 raw_iteration=0 ordinal=17 kernel=evaluate_resident_eos_candidate threads=504666 begin_tick=1990050830220541 end_tick=1990051457503916 ms_per_tick=9.9999999999999995e-07 device_ms=627.28337499999998
PRODUCER_KERNEL_V1 stage=2 raw_iteration=0 ordinal=18 kernel=finalize_resident_eos_candidate threads=1 begin_tick=1990051457519291 end_tick=1990051457521916 ms_per_tick=9.9999999999999995e-07 device_ms=0.0026249999999999997
PRODUCER_KERNEL_V1 stage=2 raw_iteration=0 ordinal=19 kernel=identify_resident_eos threads=1 begin_tick=1990051457522458 end_tick=1990051457525166 ms_per_tick=9.9999999999999995e-07 device_ms=0.0027079999999999999
PRODUCER_KERNEL_V1 stage=2 raw_iteration=0 ordinal=20 kernel=produce_resident_frozen_source threads=504666 begin_tick=1990051457525500 end_tick=1990051457556208 ms_per_tick=9.9999999999999995e-07 device_ms=0.030707999999999999
PRODUCER_KERNEL_V1 stage=2 raw_iteration=0 ordinal=21 kernel=identify_resident_frozen_source threads=1 begin_tick=1990051457556833 end_tick=1990051457559708 ms_per_tick=9.9999999999999995e-07 device_ms=0.002875
PRODUCER_KERNEL_V1 stage=2 raw_iteration=0 ordinal=22 kernel=evaluate_resident_target_terms threads=504666 begin_tick=1990051457560125 end_tick=1990051582162291 ms_per_tick=9.9999999999999995e-07 device_ms=124.602166
PRODUCER_KERNEL_V1 stage=2 raw_iteration=0 ordinal=23 kernel=finalize_resident_target threads=1 begin_tick=1990051582176000 end_tick=1990051582228625 ms_per_tick=9.9999999999999995e-07 device_ms=0.052624999999999998
PRODUCER_KERNEL_V1 stage=2 raw_iteration=0 ordinal=24 kernel=identify_resident_target threads=1 begin_tick=1990051582228958 end_tick=1990051582417166 ms_per_tick=9.9999999999999995e-07 device_ms=0.18820799999999999
PRODUCER_KERNEL_V1 stage=2 raw_iteration=0 ordinal=25 kernel=issue_resident_projection_consumer threads=1 begin_tick=1990051582417666 end_tick=1990051582505541 ms_per_tick=9.9999999999999995e-07 device_ms=0.087874999999999995
PRODUCER_KERNEL_V1 stage=2 raw_iteration=0 ordinal=26 kernel=consume_resident_target threads=1 begin_tick=1990051582505916 end_tick=1990051582608541 ms_per_tick=9.9999999999999995e-07 device_ms=0.10262499999999999
PRODUCER_KERNEL_V1 stage=2 raw_iteration=0 ordinal=27 kernel=owner_compose_target threads=504666 begin_tick=1990051582609041 end_tick=1990051582752291 ms_per_tick=9.9999999999999995e-07 device_ms=0.14324999999999999
PRODUCER_KERNEL_V1 stage=2 raw_iteration=0 ordinal=28 kernel=finalize_resident_target threads=1 begin_tick=1990051582752750 end_tick=1990051582755708 ms_per_tick=9.9999999999999995e-07 device_ms=0.0029579999999999997
PRODUCER_KERNEL_V1 stage=2 raw_iteration=0 ordinal=29 kernel=owner_identify_target threads=1 begin_tick=1990051582756291 end_tick=1990051582760000 ms_per_tick=9.9999999999999995e-07 device_ms=0.0037089999999999996
PRODUCER_KERNEL_V1 stage=2 raw_iteration=0 ordinal=30 kernel=issue_resident_projection_consumer threads=1 begin_tick=1990051582760291 end_tick=1990051582763458 ms_per_tick=9.9999999999999995e-07 device_ms=0.0031669999999999997
PRODUCER_KERNEL_V1 stage=2 raw_iteration=0 ordinal=31 kernel=consume_resident_target threads=1 begin_tick=1990051582764000 end_tick=1990051582767625 ms_per_tick=9.9999999999999995e-07 device_ms=0.0036249999999999998
PRODUCER_KERNEL_V1 stage=2 raw_iteration=0 ordinal=32 kernel=owner_issue_stage_seal threads=1 begin_tick=1990051582768041 end_tick=1990051582771166 ms_per_tick=9.9999999999999995e-07 device_ms=0.0031249999999999997
PRODUCER_KERNEL_V1 stage=2 raw_iteration=0 ordinal=33 kernel=fct_compatible_stage_rate threads=1533387 begin_tick=1990051582772291 end_tick=1990051583504625 ms_per_tick=9.9999999999999995e-07 device_ms=0.73233399999999993
PRODUCER_KERNEL_V1 stage=2 raw_iteration=0 ordinal=34 kernel=owner_heun_momentum threads=1533387 begin_tick=1990051583505250 end_tick=1990051583597708 ms_per_tick=9.9999999999999995e-07 device_ms=0.092457999999999999
RISE_FIRE_OWNER_PROFILE_V1 {"scope":64,"parent":59,"phase":"BuildStageProducerGroup","stage":2,"raw_iteration":0,"iteration_kind":"picard","wall_ms":848.679000000,"device_sum_ms":766.297416529,"wall_minus_device_ms":82.381583471,"exclusive_wall_ms":848.679000000,"exclusive_device_sum_ms":766.297416529,"child_observer_wall_ms":0.000000000,"count_scope":"inclusive","owner_commits":1,"projection_invocations":0}
RISE_FIRE_OWNER_PROFILE_V1 {"scope":65,"parent":59,"phase":"Residual","stage":2,"raw_iteration":0,"iteration_kind":"picard","wall_ms":0.264708000,"device_sum_ms":0.022375025,"wall_minus_device_ms":0.242332975,"exclusive_wall_ms":0.264708000,"exclusive_device_sum_ms":0.022375025,"child_observer_wall_ms":0.000000000,"count_scope":"inclusive","owner_commits":1,"projection_invocations":0}
RISE_FIRE_OWNER_PROFILE_V1 {"scope":59,"parent":55,"phase":"PicardIteration","stage":2,"raw_iteration":0,"iteration_kind":"picard","wall_ms":863.613542000,"device_sum_ms":776.780250715,"wall_minus_device_ms":86.833291285,"exclusive_wall_ms":0.499749000,"exclusive_device_sum_ms":0.000000000,"child_observer_wall_ms":0.045543000,"count_scope":"inclusive","owner_commits":6,"projection_invocations":1}
RISE_FIRE_OWNER_PROFILE_V1 {"scope":68,"parent":67,"phase":"ProjectionAdapter","stage":2,"raw_iteration":1,"iteration_kind":"picard","wall_ms":11.827542000,"device_sum_ms":8.988499874,"wall_minus_device_ms":2.839042126,"exclusive_wall_ms":11.827542000,"exclusive_device_sum_ms":8.988499874,"child_observer_wall_ms":0.000000000,"count_scope":"inclusive","owner_commits":0,"projection_invocations":1}
RISE_FIRE_OWNER_PROFILE_V1 {"scope":67,"parent":66,"phase":"Project","stage":2,"raw_iteration":1,"iteration_kind":"picard","wall_ms":13.025792000,"device_sum_ms":9.034791728,"wall_minus_device_ms":3.991000272,"exclusive_wall_ms":1.187417000,"exclusive_device_sum_ms":0.046291854,"child_observer_wall_ms":0.010833000,"count_scope":"inclusive","owner_commits":2,"projection_invocations":1}
RISE_FIRE_OWNER_PROFILE_V1 {"scope":69,"parent":66,"phase":"ReadOpenClass","stage":2,"raw_iteration":1,"iteration_kind":"picard","wall_ms":0.150791000,"device_sum_ms":0.002499903,"wall_minus_device_ms":0.148291097,"exclusive_wall_ms":0.150791000,"exclusive_device_sum_ms":0.002499903,"child_observer_wall_ms":0.000000000,"count_scope":"inclusive","owner_commits":1,"projection_invocations":0}
RISE_FIRE_OWNER_PROFILE_V1 {"scope":70,"parent":66,"phase":"ReadOpenClass","stage":2,"raw_iteration":1,"iteration_kind":"picard","wall_ms":0.143000000,"device_sum_ms":0.002333196,"wall_minus_device_ms":0.140666804,"exclusive_wall_ms":0.143000000,"exclusive_device_sum_ms":0.002333196,"child_observer_wall_ms":0.000000000,"count_scope":"inclusive","owner_commits":1,"projection_invocations":0}
PRODUCER_COMMAND_V1 stage=2 raw_iteration=1 cpu_begin=1990051598013291 cpu_end=1990052433691291 gpu_begin=1990051598013291 gpu_end=1990052433691291 device_ms=753.75575013458729 encoders=35 interval_scope=possibly_overlapping
PRODUCER_KERNEL_V1 stage=2 raw_iteration=1 ordinal=0 kernel=owner_pack_faces threads=1533387 begin_tick=1990051679835208 end_tick=1990051679897666 ms_per_tick=9.9999999999999995e-07 device_ms=0.062458
PRODUCER_KERNEL_V1 stage=2 raw_iteration=1 ordinal=1 kernel=owner_pack_faces threads=1533387 begin_tick=1990051679897458 end_tick=1990051680338333 ms_per_tick=9.9999999999999995e-07 device_ms=0.44087499999999996
PRODUCER_KERNEL_V1 stage=2 raw_iteration=1 ordinal=2 kernel=owner_pack_faces threads=1533387 begin_tick=1990051679832625 end_tick=1990051679897458 ms_per_tick=9.9999999999999995e-07 device_ms=0.064833000000000002
PRODUCER_KERNEL_V1 stage=2 raw_iteration=1 ordinal=3 kernel=fct_extract_gas_density threads=504666 begin_tick=1990051680338333 end_tick=1990051680363000 ms_per_tick=9.9999999999999995e-07 device_ms=0.024666999999999998
PRODUCER_KERNEL_V1 stage=2 raw_iteration=1 ordinal=4 kernel=owner_gas_source threads=504666 begin_tick=1990051680363000 end_tick=1990051680415083 ms_per_tick=9.9999999999999995e-07 device_ms=0.052082999999999997
PRODUCER_KERNEL_V1 stage=2 raw_iteration=1 ordinal=5 kernel=evaluate_resident_transport threads=504666 begin_tick=1990051679898041 end_tick=1990051680435833 ms_per_tick=9.9999999999999995e-07 device_ms=0.53779199999999994
PRODUCER_KERNEL_V1 stage=2 raw_iteration=1 ordinal=6 kernel=identify_resident_transport threads=1 begin_tick=1990051680436333 end_tick=1990051680439208 ms_per_tick=9.9999999999999995e-07 device_ms=0.002875
PRODUCER_KERNEL_V1 stage=2 raw_iteration=1 ordinal=7 kernel=owner_bind_transport threads=1 begin_tick=1990051680439750 end_tick=1990051680443291 ms_per_tick=9.9999999999999995e-07 device_ms=0.0035409999999999999
PRODUCER_KERNEL_V1 stage=2 raw_iteration=1 ordinal=8 kernel=identify_resident_owner_endpoint_class threads=1 begin_tick=1990051680444041 end_tick=1990051680447750 ms_per_tick=9.9999999999999995e-07 device_ms=0.0037089999999999996
PRODUCER_KERNEL_V1 stage=2 raw_iteration=1 ordinal=9 kernel=evaluate_resident_physical_flux threads=1533387 begin_tick=1990051681127916 end_tick=1990051683709083 ms_per_tick=9.9999999999999995e-07 device_ms=2.5811669999999998
PRODUCER_KERNEL_V1 stage=2 raw_iteration=1 ordinal=10 kernel=evaluate_resident_advective_pair threads=13800483 begin_tick=1990051683723625 end_tick=1990051691177833 ms_per_tick=9.9999999999999995e-07 device_ms=7.4542079999999995
PRODUCER_KERNEL_V1 stage=2 raw_iteration=1 ordinal=11 kernel=finalize_resident_advective_high threads=13800483 begin_tick=1990051691197041 end_tick=1990051691666666 ms_per_tick=9.9999999999999995e-07 device_ms=0.46962499999999996
PRODUCER_KERNEL_V1 stage=2 raw_iteration=1 ordinal=12 kernel=compose_resident_flux_pair threads=13800483 begin_tick=1990051691667041 end_tick=1990051692668958 ms_per_tick=9.9999999999999995e-07 device_ms=1.0019169999999999
PRODUCER_KERNEL_V1 stage=2 raw_iteration=1 ordinal=13 kernel=validate_resident_physical_flux threads=13800483 begin_tick=1990051692669625 end_tick=1990051693520958 ms_per_tick=9.9999999999999995e-07 device_ms=0.85133300000000001
PRODUCER_KERNEL_V1 stage=2 raw_iteration=1 ordinal=14 kernel=identify_resident_physical_flux threads=32 begin_tick=1990051693521625 end_tick=1990051693525041 ms_per_tick=9.9999999999999995e-07 device_ms=0.0034159999999999998
PRODUCER_KERNEL_V1 stage=2 raw_iteration=1 ordinal=15 kernel=owner_bind_candidate threads=1 begin_tick=1990051693525416 end_tick=1990051693528916 ms_per_tick=9.9999999999999995e-07 device_ms=0.0034999999999999996
PRODUCER_KERNEL_V1 stage=2 raw_iteration=1 ordinal=16 kernel=finalize_resident_eos_candidate threads=1 begin_tick=1990051693529333 end_tick=1990051693531500 ms_per_tick=9.9999999999999995e-07 device_ms=0.0021670000000000001
PRODUCER_KERNEL_V1 stage=2 raw_iteration=1 ordinal=17 kernel=evaluate_resident_eos_candidate threads=504666 begin_tick=1990051693532125 end_tick=1990052307655625 ms_per_tick=9.9999999999999995e-07 device_ms=614.12349999999992
PRODUCER_KERNEL_V1 stage=2 raw_iteration=1 ordinal=18 kernel=finalize_resident_eos_candidate threads=1 begin_tick=1990052307676916 end_tick=1990052307679583 ms_per_tick=9.9999999999999995e-07 device_ms=0.0026669999999999997
PRODUCER_KERNEL_V1 stage=2 raw_iteration=1 ordinal=19 kernel=identify_resident_eos threads=1 begin_tick=1990052307680041 end_tick=1990052307682958 ms_per_tick=9.9999999999999995e-07 device_ms=0.0029169999999999999
PRODUCER_KERNEL_V1 stage=2 raw_iteration=1 ordinal=20 kernel=produce_resident_frozen_source threads=504666 begin_tick=1990052307683333 end_tick=1990052307714958 ms_per_tick=9.9999999999999995e-07 device_ms=0.031625
PRODUCER_KERNEL_V1 stage=2 raw_iteration=1 ordinal=21 kernel=identify_resident_frozen_source threads=1 begin_tick=1990052307715416 end_tick=1990052307718250 ms_per_tick=9.9999999999999995e-07 device_ms=0.0028339999999999997
PRODUCER_KERNEL_V1 stage=2 raw_iteration=1 ordinal=22 kernel=evaluate_resident_target_terms threads=504666 begin_tick=1990052307718666 end_tick=1990052431603666 ms_per_tick=9.9999999999999995e-07 device_ms=123.88499999999999
PRODUCER_KERNEL_V1 stage=2 raw_iteration=1 ordinal=23 kernel=finalize_resident_target threads=1 begin_tick=1990052431618666 end_tick=1990052431621916 ms_per_tick=9.9999999999999995e-07 device_ms=0.0032499999999999999
PRODUCER_KERNEL_V1 stage=2 raw_iteration=1 ordinal=24 kernel=identify_resident_target threads=1 begin_tick=1990052431622333 end_tick=1990052431625208 ms_per_tick=9.9999999999999995e-07 device_ms=0.002875
PRODUCER_KERNEL_V1 stage=2 raw_iteration=1 ordinal=25 kernel=issue_resident_projection_consumer threads=1 begin_tick=1990052431625791 end_tick=1990052431629916 ms_per_tick=9.9999999999999995e-07 device_ms=0.0041250000000000002
PRODUCER_KERNEL_V1 stage=2 raw_iteration=1 ordinal=26 kernel=consume_resident_target threads=1 begin_tick=1990052431630875 end_tick=1990052431635166 ms_per_tick=9.9999999999999995e-07 device_ms=0.0042909999999999997
PRODUCER_KERNEL_V1 stage=2 raw_iteration=1 ordinal=27 kernel=owner_compose_target threads=504666 begin_tick=1990052431635750 end_tick=1990052431668250 ms_per_tick=9.9999999999999995e-07 device_ms=0.032500000000000001
PRODUCER_KERNEL_V1 stage=2 raw_iteration=1 ordinal=28 kernel=finalize_resident_target threads=1 begin_tick=1990052431668666 end_tick=1990052431671166 ms_per_tick=9.9999999999999995e-07 device_ms=0.0025000000000000001
PRODUCER_KERNEL_V1 stage=2 raw_iteration=1 ordinal=29 kernel=owner_identify_target threads=1 begin_tick=1990052431671708 end_tick=1990052431675000 ms_per_tick=9.9999999999999995e-07 device_ms=0.0032919999999999998
PRODUCER_KERNEL_V1 stage=2 raw_iteration=1 ordinal=30 kernel=issue_resident_projection_consumer threads=1 begin_tick=1990052431675375 end_tick=1990052431678166 ms_per_tick=9.9999999999999995e-07 device_ms=0.0027910000000000001
PRODUCER_KERNEL_V1 stage=2 raw_iteration=1 ordinal=31 kernel=consume_resident_target threads=1 begin_tick=1990052431678750 end_tick=1990052431681916 ms_per_tick=9.9999999999999995e-07 device_ms=0.003166
PRODUCER_KERNEL_V1 stage=2 raw_iteration=1 ordinal=32 kernel=owner_issue_stage_seal threads=1 begin_tick=1990052431682333 end_tick=1990052431685250 ms_per_tick=9.9999999999999995e-07 device_ms=0.0029169999999999999
PRODUCER_KERNEL_V1 stage=2 raw_iteration=1 ordinal=33 kernel=fct_compatible_stage_rate threads=1533387 begin_tick=1990052431685625 end_tick=1990052433395375 ms_per_tick=9.9999999999999995e-07 device_ms=1.7097499999999999
PRODUCER_KERNEL_V1 stage=2 raw_iteration=1 ordinal=34 kernel=owner_heun_momentum threads=1533387 begin_tick=1990052433395958 end_tick=1990052433582416 ms_per_tick=9.9999999999999995e-07 device_ms=0.18645799999999998
RISE_FIRE_OWNER_PROFILE_V1 {"scope":71,"parent":66,"phase":"BuildStageProducerGroup","stage":2,"raw_iteration":1,"iteration_kind":"picard","wall_ms":835.890542000,"device_sum_ms":753.755750135,"wall_minus_device_ms":82.134791865,"exclusive_wall_ms":835.890542000,"exclusive_device_sum_ms":753.755750135,"child_observer_wall_ms":0.000000000,"count_scope":"inclusive","owner_commits":1,"projection_invocations":0}
RISE_FIRE_OWNER_PROFILE_V1 {"scope":72,"parent":66,"phase":"Residual","stage":2,"raw_iteration":1,"iteration_kind":"picard","wall_ms":0.351916000,"device_sum_ms":0.114500057,"wall_minus_device_ms":0.237415943,"exclusive_wall_ms":0.351916000,"exclusive_device_sum_ms":0.114500057,"child_observer_wall_ms":0.000000000,"count_scope":"inclusive","owner_commits":1,"projection_invocations":0}
RISE_FIRE_OWNER_PROFILE_V1 {"scope":75,"parent":74,"phase":"ProjectionAdapter","stage":2,"raw_iteration":2147483649,"iteration_kind":"terminal","wall_ms":11.962417000,"device_sum_ms":8.968208218,"wall_minus_device_ms":2.994208782,"exclusive_wall_ms":11.962417000,"exclusive_device_sum_ms":8.968208218,"child_observer_wall_ms":0.000000000,"count_scope":"inclusive","owner_commits":0,"projection_invocations":1}
RISE_FIRE_OWNER_PROFILE_V1 {"scope":74,"parent":73,"phase":"Project","stage":2,"raw_iteration":2147483649,"iteration_kind":"terminal","wall_ms":12.474833000,"device_sum_ms":9.006874869,"wall_minus_device_ms":3.467958131,"exclusive_wall_ms":0.504583000,"exclusive_device_sum_ms":0.038666651,"child_observer_wall_ms":0.007833000,"count_scope":"inclusive","owner_commits":2,"projection_invocations":1}
RISE_FIRE_OWNER_PROFILE_V1 {"scope":76,"parent":73,"phase":"ReadOpenClass","stage":2,"raw_iteration":2147483649,"iteration_kind":"terminal","wall_ms":0.150208000,"device_sum_ms":0.002500135,"wall_minus_device_ms":0.147707865,"exclusive_wall_ms":0.150208000,"exclusive_device_sum_ms":0.002500135,"child_observer_wall_ms":0.000000000,"count_scope":"inclusive","owner_commits":1,"projection_invocations":0}
RISE_FIRE_OWNER_PROFILE_V1 {"scope":77,"parent":73,"phase":"ReadOpenClass","stage":2,"raw_iteration":2147483649,"iteration_kind":"terminal","wall_ms":0.141959000,"device_sum_ms":0.002416782,"wall_minus_device_ms":0.139542218,"exclusive_wall_ms":0.141959000,"exclusive_device_sum_ms":0.002416782,"child_observer_wall_ms":0.000000000,"count_scope":"inclusive","owner_commits":1,"projection_invocations":0}
PRODUCER_COMMAND_V1 stage=2 raw_iteration=2147483649 cpu_begin=1990052447065875 cpu_end=1990053274627125 gpu_begin=1990052447065875 gpu_end=1990053274627125 device_ms=745.8577083889395 encoders=35 interval_scope=possibly_overlapping
PRODUCER_KERNEL_V1 stage=2 raw_iteration=2147483649 ordinal=0 kernel=owner_pack_faces threads=1533387 begin_tick=1990052528616791 end_tick=1990052528684791 ms_per_tick=9.9999999999999995e-07 device_ms=0.067999999999999991
PRODUCER_KERNEL_V1 stage=2 raw_iteration=2147483649 ordinal=1 kernel=owner_pack_faces threads=1533387 begin_tick=1990052528684583 end_tick=1990052529128750 ms_per_tick=9.9999999999999995e-07 device_ms=0.44416699999999998
PRODUCER_KERNEL_V1 stage=2 raw_iteration=2147483649 ordinal=2 kernel=owner_pack_faces threads=1533387 begin_tick=1990052528614458 end_tick=1990052528684541 ms_per_tick=9.9999999999999995e-07 device_ms=0.070082999999999993
PRODUCER_KERNEL_V1 stage=2 raw_iteration=2147483649 ordinal=3 kernel=fct_extract_gas_density threads=504666 begin_tick=1990052529128750 end_tick=1990052529151916 ms_per_tick=9.9999999999999995e-07 device_ms=0.023165999999999999
PRODUCER_KERNEL_V1 stage=2 raw_iteration=2147483649 ordinal=4 kernel=owner_gas_source threads=504666 begin_tick=1990052529151916 end_tick=1990052529197250 ms_per_tick=9.9999999999999995e-07 device_ms=0.045333999999999999
PRODUCER_KERNEL_V1 stage=2 raw_iteration=2147483649 ordinal=5 kernel=evaluate_resident_transport threads=504666 begin_tick=1990052528685166 end_tick=1990052529198916 ms_per_tick=9.9999999999999995e-07 device_ms=0.51374999999999993
PRODUCER_KERNEL_V1 stage=2 raw_iteration=2147483649 ordinal=6 kernel=identify_resident_transport threads=1 begin_tick=1990052529199375 end_tick=1990052529202125 ms_per_tick=9.9999999999999995e-07 device_ms=0.0027499999999999998
PRODUCER_KERNEL_V1 stage=2 raw_iteration=2147483649 ordinal=7 kernel=owner_bind_transport threads=1 begin_tick=1990052529202666 end_tick=1990052529206250 ms_per_tick=9.9999999999999995e-07 device_ms=0.0035839999999999999
PRODUCER_KERNEL_V1 stage=2 raw_iteration=2147483649 ordinal=8 kernel=identify_resident_owner_endpoint_class threads=1 begin_tick=1990052529206625 end_tick=1990052529210750 ms_per_tick=9.9999999999999995e-07 device_ms=0.0041250000000000002
PRODUCER_KERNEL_V1 stage=2 raw_iteration=2147483649 ordinal=9 kernel=evaluate_resident_physical_flux threads=1533387 begin_tick=1990052530004083 end_tick=1990052531340375 ms_per_tick=9.9999999999999995e-07 device_ms=1.336292
PRODUCER_KERNEL_V1 stage=2 raw_iteration=2147483649 ordinal=10 kernel=evaluate_resident_advective_pair threads=13800483 begin_tick=1990052531354916 end_tick=1990052539973916 ms_per_tick=9.9999999999999995e-07 device_ms=8.6189999999999998
PRODUCER_KERNEL_V1 stage=2 raw_iteration=2147483649 ordinal=11 kernel=finalize_resident_advective_high threads=13800483 begin_tick=1990052539990208 end_tick=1990052540452416 ms_per_tick=9.9999999999999995e-07 device_ms=0.46220799999999995
PRODUCER_KERNEL_V1 stage=2 raw_iteration=2147483649 ordinal=12 kernel=compose_resident_flux_pair threads=13800483 begin_tick=1990052540452791 end_tick=1990052541456291 ms_per_tick=9.9999999999999995e-07 device_ms=1.0035000000000001
PRODUCER_KERNEL_V1 stage=2 raw_iteration=2147483649 ordinal=13 kernel=validate_resident_physical_flux threads=13800483 begin_tick=1990052541456958 end_tick=1990052542333625 ms_per_tick=9.9999999999999995e-07 device_ms=0.87666699999999997
PRODUCER_KERNEL_V1 stage=2 raw_iteration=2147483649 ordinal=14 kernel=identify_resident_physical_flux threads=32 begin_tick=1990052542334291 end_tick=1990052542337958 ms_per_tick=9.9999999999999995e-07 device_ms=0.0036669999999999997
PRODUCER_KERNEL_V1 stage=2 raw_iteration=2147483649 ordinal=15 kernel=owner_bind_candidate threads=1 begin_tick=1990052542338333 end_tick=1990052542341958 ms_per_tick=9.9999999999999995e-07 device_ms=0.0036249999999999998
PRODUCER_KERNEL_V1 stage=2 raw_iteration=2147483649 ordinal=16 kernel=finalize_resident_eos_candidate threads=1 begin_tick=1990052542342750 end_tick=1990052542344958 ms_per_tick=9.9999999999999995e-07 device_ms=0.0022079999999999999
PRODUCER_KERNEL_V1 stage=2 raw_iteration=2147483649 ordinal=17 kernel=evaluate_resident_eos_candidate threads=504666 begin_tick=1990052542345583 end_tick=1990053148148833 ms_per_tick=9.9999999999999995e-07 device_ms=605.80324999999993
PRODUCER_KERNEL_V1 stage=2 raw_iteration=2147483649 ordinal=18 kernel=finalize_resident_eos_candidate threads=1 begin_tick=1990053148181916 end_tick=1990053148209375 ms_per_tick=9.9999999999999995e-07 device_ms=0.027458999999999997
PRODUCER_KERNEL_V1 stage=2 raw_iteration=2147483649 ordinal=19 kernel=identify_resident_eos threads=1 begin_tick=1990053148209875 end_tick=1990053148363583 ms_per_tick=9.9999999999999995e-07 device_ms=0.15370799999999998
PRODUCER_KERNEL_V1 stage=2 raw_iteration=2147483649 ordinal=20 kernel=produce_resident_frozen_source threads=504666 begin_tick=1990053148364125 end_tick=1990053148446250 ms_per_tick=9.9999999999999995e-07 device_ms=0.08212499999999999
PRODUCER_KERNEL_V1 stage=2 raw_iteration=2147483649 ordinal=21 kernel=identify_resident_frozen_source threads=1 begin_tick=1990053148446916 end_tick=1990053148449666 ms_per_tick=9.9999999999999995e-07 device_ms=0.0027499999999999998
PRODUCER_KERNEL_V1 stage=2 raw_iteration=2147483649 ordinal=22 kernel=evaluate_resident_target_terms threads=504666 begin_tick=1990053148449958 end_tick=1990053273746916 ms_per_tick=9.9999999999999995e-07 device_ms=125.29695799999999
PRODUCER_KERNEL_V1 stage=2 raw_iteration=2147483649 ordinal=23 kernel=finalize_resident_target threads=1 begin_tick=1990053273762583 end_tick=1990053273765875 ms_per_tick=9.9999999999999995e-07 device_ms=0.0032919999999999998
PRODUCER_KERNEL_V1 stage=2 raw_iteration=2147483649 ordinal=24 kernel=identify_resident_target threads=1 begin_tick=1990053273766208 end_tick=1990053273769208 ms_per_tick=9.9999999999999995e-07 device_ms=0.0030000000000000001
PRODUCER_KERNEL_V1 stage=2 raw_iteration=2147483649 ordinal=25 kernel=issue_resident_projection_consumer threads=1 begin_tick=1990053273769708 end_tick=1990053273773625 ms_per_tick=9.9999999999999995e-07 device_ms=0.0039169999999999995
PRODUCER_KERNEL_V1 stage=2 raw_iteration=2147483649 ordinal=26 kernel=consume_resident_target threads=1 begin_tick=1990053273773916 end_tick=1990053273778166 ms_per_tick=9.9999999999999995e-07 device_ms=0.0042499999999999994
PRODUCER_KERNEL_V1 stage=2 raw_iteration=2147483649 ordinal=27 kernel=owner_compose_target threads=504666 begin_tick=1990053273778625 end_tick=1990053273810500 ms_per_tick=9.9999999999999995e-07 device_ms=0.031875000000000001
PRODUCER_KERNEL_V1 stage=2 raw_iteration=2147483649 ordinal=28 kernel=finalize_resident_target threads=1 begin_tick=1990053273810875 end_tick=1990053273813416 ms_per_tick=9.9999999999999995e-07 device_ms=0.0025409999999999999
PRODUCER_KERNEL_V1 stage=2 raw_iteration=2147483649 ordinal=29 kernel=owner_identify_target threads=1 begin_tick=1990053273813958 end_tick=1990053273817291 ms_per_tick=9.9999999999999995e-07 device_ms=0.003333
PRODUCER_KERNEL_V1 stage=2 raw_iteration=2147483649 ordinal=30 kernel=issue_resident_projection_consumer threads=1 begin_tick=1990053273817708 end_tick=1990053273820458 ms_per_tick=9.9999999999999995e-07 device_ms=0.0027499999999999998
PRODUCER_KERNEL_V1 stage=2 raw_iteration=2147483649 ordinal=31 kernel=consume_resident_target threads=1 begin_tick=1990053273821000 end_tick=1990053273824416 ms_per_tick=9.9999999999999995e-07 device_ms=0.0034159999999999998
PRODUCER_KERNEL_V1 stage=2 raw_iteration=2147483649 ordinal=32 kernel=owner_issue_stage_seal threads=1 begin_tick=1990053273824833 end_tick=1990053273828083 ms_per_tick=9.9999999999999995e-07 device_ms=0.0032499999999999999
PRODUCER_KERNEL_V1 stage=2 raw_iteration=2147483649 ordinal=33 kernel=fct_compatible_stage_rate threads=1533387 begin_tick=1990053273828583 end_tick=1990053274373583 ms_per_tick=9.9999999999999995e-07 device_ms=0.54499999999999993
PRODUCER_KERNEL_V1 stage=2 raw_iteration=2147483649 ordinal=34 kernel=owner_heun_momentum threads=1533387 begin_tick=1990053274374041 end_tick=1990053274466000 ms_per_tick=9.9999999999999995e-07 device_ms=0.091958999999999999
RISE_FIRE_OWNER_PROFILE_V1 {"scope":78,"parent":73,"phase":"BuildStageProducerGroup","stage":2,"raw_iteration":2147483649,"iteration_kind":"terminal","wall_ms":827.720792000,"device_sum_ms":745.857708389,"wall_minus_device_ms":81.863083611,"exclusive_wall_ms":827.720792000,"exclusive_device_sum_ms":745.857708389,"child_observer_wall_ms":0.000000000,"count_scope":"inclusive","owner_commits":1,"projection_invocations":0}
RISE_FIRE_OWNER_PROFILE_V1 {"scope":79,"parent":73,"phase":"Residual","stage":2,"raw_iteration":2147483649,"iteration_kind":"terminal","wall_ms":0.340208000,"device_sum_ms":0.118250027,"wall_minus_device_ms":0.221957973,"exclusive_wall_ms":0.340208000,"exclusive_device_sum_ms":0.118250027,"child_observer_wall_ms":0.000000000,"count_scope":"inclusive","owner_commits":1,"projection_invocations":0}
RISE_FIRE_OWNER_PROFILE_V1 {"scope":73,"parent":66,"phase":"TerminalVerification","stage":2,"raw_iteration":2147483649,"iteration_kind":"terminal","wall_ms":840.860792000,"device_sum_ms":754.987750202,"wall_minus_device_ms":85.873041798,"exclusive_wall_ms":0.003876000,"exclusive_device_sum_ms":0.000000000,"child_observer_wall_ms":0.028916000,"count_scope":"inclusive","owner_commits":6,"projection_invocations":1}
RISE_FIRE_OWNER_PROFILE_V1 {"scope":66,"parent":55,"phase":"PicardIteration","stage":2,"raw_iteration":1,"iteration_kind":"picard","wall_ms":1690.993750000,"device_sum_ms":1517.897625221,"wall_minus_device_ms":173.096124779,"exclusive_wall_ms":0.531207000,"exclusive_device_sum_ms":0.000000000,"child_observer_wall_ms":0.039710000,"count_scope":"inclusive","owner_commits":12,"projection_invocations":2}
RISE_FIRE_OWNER_PROFILE_V1 {"scope":55,"parent":1,"phase":"SolveStage","stage":2,"raw_iteration":4294967295,"iteration_kind":"bootstrap","wall_ms":3404.366708000,"device_sum_ms":3055.941292550,"wall_minus_device_ms":348.425415450,"exclusive_wall_ms":3.231417000,"exclusive_device_sum_ms":0.000000000,"child_observer_wall_ms":0.030207000,"count_scope":"inclusive","owner_commits":21,"projection_invocations":4}
RISE_FIRE_OWNER_PROFILE_V1 {"scope":80,"parent":1,"phase":"TerminalPublication","stage":4294967295,"raw_iteration":4294967295,"iteration_kind":"owner","wall_ms":15.502667000,"device_sum_ms":6.662083324,"wall_minus_device_ms":8.840583676,"exclusive_wall_ms":15.502667000,"exclusive_device_sum_ms":6.662083324,"child_observer_wall_ms":0.000000000,"count_scope":"inclusive","owner_commits":1,"projection_invocations":0}
RISE_FIRE_OWNER_PROFILE_V1 {"scope":1,"parent":0,"phase":"OwnerRun","stage":4294967295,"raw_iteration":4294967295,"iteration_kind":"owner","wall_ms":10546.698916000,"device_sum_ms":9326.926708221,"wall_minus_device_ms":1219.772207779,"exclusive_wall_ms":8.346166000,"exclusive_device_sum_ms":0.016916543,"child_observer_wall_ms":0.092082000,"count_scope":"inclusive","owner_commits":68,"projection_invocations":12}
capstone accepted step=1 time=0.00164626597 dt=0.00164626597 Tmax=302.592941 qmax=0 eos_max=1.45011372e-05 approach_eos_max=1.45011372e-05 limiter_class=continuous limiter_discrepancy=0 active_set_class=continuous active_set_discrepancy=0 active_set_cycle=0 active_set_faces=0
capstone step-start=1 speed=0.129151717 gprime=0.0884640856 nu=8.61405907e-05 selected=0.00181089257 previous=0.00164626597
capstone event-step=0.00164626597 pilot_ceiling=0.0115509308 ramp_end=0.209320803
RISE_FIRE_OWNER_PROFILE_V1 {"scope":2,"parent":1,"phase":"Prepare","stage":4294967295,"raw_iteration":4294967295,"iteration_kind":"owner","wall_ms":92.825291000,"device_sum_ms":2.961124992,"wall_minus_device_ms":89.864166008,"exclusive_wall_ms":92.825291000,"exclusive_device_sum_ms":2.961124992,"child_observer_wall_ms":0.000000000,"count_scope":"inclusive","owner_commits":1,"projection_invocations":0}
RISE_FIRE_OWNER_PROFILE_V1 {"scope":5,"parent":4,"phase":"ProjectionAdapter","stage":0,"raw_iteration":4294967295,"iteration_kind":"bootstrap","wall_ms":20.077000000,"device_sum_ms":16.261166660,"wall_minus_device_ms":3.815833340,"exclusive_wall_ms":20.077000000,"exclusive_device_sum_ms":16.261166660,"child_observer_wall_ms":0.000000000,"count_scope":"inclusive","owner_commits":0,"projection_invocations":1}
RISE_FIRE_OWNER_PROFILE_V1 {"scope":4,"parent":3,"phase":"Project","stage":0,"raw_iteration":4294967295,"iteration_kind":"bootstrap","wall_ms":21.532750000,"device_sum_ms":16.494333278,"wall_minus_device_ms":5.038416722,"exclusive_wall_ms":1.432541000,"exclusive_device_sum_ms":0.233166618,"child_observer_wall_ms":0.023209000,"count_scope":"inclusive","owner_commits":2,"projection_invocations":1}
PRODUCER_COMMAND_V1 stage=0 raw_iteration=4294967295 cpu_begin=1990054545139208 cpu_end=1990055384059958 gpu_begin=1990054545139208 gpu_end=1990055384059958 device_ms=755.94387482851744 encoders=38 interval_scope=possibly_overlapping
PRODUCER_KERNEL_V1 stage=0 raw_iteration=4294967295 ordinal=0 kernel=owner_pack_faces threads=1533387 begin_tick=1990054628028375 end_tick=1990054628083708 ms_per_tick=9.9999999999999995e-07 device_ms=0.055333
PRODUCER_KERNEL_V1 stage=0 raw_iteration=4294967295 ordinal=1 kernel=owner_pack_faces threads=1533387 begin_tick=1990054628083708 end_tick=1990054628437791 ms_per_tick=9.9999999999999995e-07 device_ms=0.35408299999999998
PRODUCER_KERNEL_V1 stage=0 raw_iteration=4294967295 ordinal=2 kernel=owner_pack_faces threads=1533387 begin_tick=1990054628027791 end_tick=1990054628084416 ms_per_tick=9.9999999999999995e-07 device_ms=0.056624999999999995
PRODUCER_KERNEL_V1 stage=0 raw_iteration=4294967295 ordinal=3 kernel=fct_extract_gas_density threads=504666 begin_tick=1990054628084416 end_tick=1990054628131208 ms_per_tick=9.9999999999999995e-07 device_ms=0.046792
PRODUCER_KERNEL_V1 stage=0 raw_iteration=4294967295 ordinal=4 kernel=owner_gas_source threads=504666 begin_tick=1990054628438208 end_tick=1990054628607500 ms_per_tick=9.9999999999999995e-07 device_ms=0.169292
PRODUCER_KERNEL_V1 stage=0 raw_iteration=4294967295 ordinal=5 kernel=evaluate_resident_transport threads=504666 begin_tick=1990054628131208 end_tick=1990054628619583 ms_per_tick=9.9999999999999995e-07 device_ms=0.488375
PRODUCER_KERNEL_V1 stage=0 raw_iteration=4294967295 ordinal=6 kernel=identify_resident_transport threads=1 begin_tick=1990054628619958 end_tick=1990054628622875 ms_per_tick=9.9999999999999995e-07 device_ms=0.0029169999999999999
PRODUCER_KERNEL_V1 stage=0 raw_iteration=4294967295 ordinal=7 kernel=owner_bind_transport threads=1 begin_tick=1990054628623416 end_tick=1990054628627041 ms_per_tick=9.9999999999999995e-07 device_ms=0.0036249999999999998
PRODUCER_KERNEL_V1 stage=0 raw_iteration=4294967295 ordinal=8 kernel=identify_resident_owner_endpoint_class threads=1 begin_tick=1990054628627416 end_tick=1990054628631083 ms_per_tick=9.9999999999999995e-07 device_ms=0.0036669999999999997
PRODUCER_KERNEL_V1 stage=0 raw_iteration=4294967295 ordinal=9 kernel=evaluate_resident_physical_flux threads=1533387 begin_tick=1990054629499041 end_tick=1990054630691916 ms_per_tick=9.9999999999999995e-07 device_ms=1.1928749999999999
PRODUCER_KERNEL_V1 stage=0 raw_iteration=4294967295 ordinal=10 kernel=evaluate_resident_advective_pair threads=13800483 begin_tick=1990054630851916 end_tick=1990054639599583 ms_per_tick=9.9999999999999995e-07 device_ms=8.7476669999999999
PRODUCER_KERNEL_V1 stage=0 raw_iteration=4294967295 ordinal=11 kernel=finalize_resident_advective_high threads=13800483 begin_tick=1990054639619500 end_tick=1990054640212083 ms_per_tick=9.9999999999999995e-07 device_ms=0.59258299999999997
PRODUCER_KERNEL_V1 stage=0 raw_iteration=4294967295 ordinal=12 kernel=compose_resident_flux_pair threads=13800483 begin_tick=1990054640212458 end_tick=1990054641097625 ms_per_tick=9.9999999999999995e-07 device_ms=0.88516699999999993
PRODUCER_KERNEL_V1 stage=0 raw_iteration=4294967295 ordinal=13 kernel=validate_resident_physical_flux threads=13800483 begin_tick=1990054641098166 end_tick=1990054641941625 ms_per_tick=9.9999999999999995e-07 device_ms=0.84345899999999996
PRODUCER_KERNEL_V1 stage=0 raw_iteration=4294967295 ordinal=14 kernel=identify_resident_physical_flux threads=32 begin_tick=1990054641942125 end_tick=1990054641945291 ms_per_tick=9.9999999999999995e-07 device_ms=0.003166
PRODUCER_KERNEL_V1 stage=0 raw_iteration=4294967295 ordinal=15 kernel=fct_build_ratios threads=5551326 begin_tick=1990054641945750 end_tick=1990054645551541 ms_per_tick=9.9999999999999995e-07 device_ms=3.605791
PRODUCER_KERNEL_V1 stage=0 raw_iteration=4294967295 ordinal=16 kernel=fct_build_face_alpha threads=1533387 begin_tick=1990054645552166 end_tick=1990054645818416 ms_per_tick=9.9999999999999995e-07 device_ms=0.26624999999999999
PRODUCER_KERNEL_V1 stage=0 raw_iteration=4294967295 ordinal=17 kernel=fct_commit_scalar threads=504666 begin_tick=1990054645818958 end_tick=1990054646010541 ms_per_tick=9.9999999999999995e-07 device_ms=0.191583
PRODUCER_KERNEL_V1 stage=0 raw_iteration=4294967295 ordinal=18 kernel=owner_bind_candidate threads=1 begin_tick=1990054646011208 end_tick=1990054646015000 ms_per_tick=9.9999999999999995e-07 device_ms=0.0037919999999999998
PRODUCER_KERNEL_V1 stage=0 raw_iteration=4294967295 ordinal=19 kernel=finalize_resident_eos_candidate threads=1 begin_tick=1990054646015541 end_tick=1990054646017875 ms_per_tick=9.9999999999999995e-07 device_ms=0.0023339999999999997
PRODUCER_KERNEL_V1 stage=0 raw_iteration=4294967295 ordinal=20 kernel=evaluate_resident_eos_candidate threads=504666 begin_tick=1990054646018375 end_tick=1990055257781791 ms_per_tick=9.9999999999999995e-07 device_ms=611.76341600000001
PRODUCER_KERNEL_V1 stage=0 raw_iteration=4294967295 ordinal=21 kernel=finalize_resident_eos_candidate threads=1 begin_tick=1990055257796958 end_tick=1990055257799625 ms_per_tick=9.9999999999999995e-07 device_ms=0.0026669999999999997
PRODUCER_KERNEL_V1 stage=0 raw_iteration=4294967295 ordinal=22 kernel=identify_resident_eos threads=1 begin_tick=1990055257799958 end_tick=1990055257802750 ms_per_tick=9.9999999999999995e-07 device_ms=0.0027919999999999998
PRODUCER_KERNEL_V1 stage=0 raw_iteration=4294967295 ordinal=23 kernel=produce_resident_frozen_source threads=504666 begin_tick=1990055257803041 end_tick=1990055257833291 ms_per_tick=9.9999999999999995e-07 device_ms=0.030249999999999999
PRODUCER_KERNEL_V1 stage=0 raw_iteration=4294967295 ordinal=24 kernel=identify_resident_frozen_source threads=1 begin_tick=1990055257833708 end_tick=1990055257836708 ms_per_tick=9.9999999999999995e-07 device_ms=0.0030000000000000001
PRODUCER_KERNEL_V1 stage=0 raw_iteration=4294967295 ordinal=25 kernel=evaluate_resident_target_terms threads=504666 begin_tick=1990055257837125 end_tick=1990055382215958 ms_per_tick=9.9999999999999995e-07 device_ms=124.378833
PRODUCER_KERNEL_V1 stage=0 raw_iteration=4294967295 ordinal=26 kernel=finalize_resident_target threads=1 begin_tick=1990055382239666 end_tick=1990055382375291 ms_per_tick=9.9999999999999995e-07 device_ms=0.135625
PRODUCER_KERNEL_V1 stage=0 raw_iteration=4294967295 ordinal=27 kernel=identify_resident_target threads=1 begin_tick=1990055382375625 end_tick=1990055382384083 ms_per_tick=9.9999999999999995e-07 device_ms=0.0084580000000000002
PRODUCER_KERNEL_V1 stage=0 raw_iteration=4294967295 ordinal=28 kernel=issue_resident_projection_consumer threads=1 begin_tick=1990055382384791 end_tick=1990055382393541 ms_per_tick=9.9999999999999995e-07 device_ms=0.0087499999999999991
PRODUCER_KERNEL_V1 stage=0 raw_iteration=4294967295 ordinal=29 kernel=consume_resident_target threads=1 begin_tick=1990055382393875 end_tick=1990055382454833 ms_per_tick=9.9999999999999995e-07 device_ms=0.060957999999999998
PRODUCER_KERNEL_V1 stage=0 raw_iteration=4294967295 ordinal=30 kernel=owner_compose_target threads=504666 begin_tick=1990055382455208 end_tick=1990055383170916 ms_per_tick=9.9999999999999995e-07 device_ms=0.71570800000000001
PRODUCER_KERNEL_V1 stage=0 raw_iteration=4294967295 ordinal=31 kernel=finalize_resident_target threads=1 begin_tick=1990055383182791 end_tick=1990055383204083 ms_per_tick=9.9999999999999995e-07 device_ms=0.021291999999999998
PRODUCER_KERNEL_V1 stage=0 raw_iteration=4294967295 ordinal=32 kernel=owner_identify_target threads=1 begin_tick=1990055383204416 end_tick=1990055383225916 ms_per_tick=9.9999999999999995e-07 device_ms=0.021499999999999998
PRODUCER_KERNEL_V1 stage=0 raw_iteration=4294967295 ordinal=33 kernel=issue_resident_projection_consumer threads=1 begin_tick=1990055383226208 end_tick=1990055383230333 ms_per_tick=9.9999999999999995e-07 device_ms=0.0041250000000000002
PRODUCER_KERNEL_V1 stage=0 raw_iteration=4294967295 ordinal=34 kernel=consume_resident_target threads=1 begin_tick=1990055383230666 end_tick=1990055383234708 ms_per_tick=9.9999999999999995e-07 device_ms=0.0040419999999999996
PRODUCER_KERNEL_V1 stage=0 raw_iteration=4294967295 ordinal=35 kernel=owner_issue_stage_seal threads=1 begin_tick=1990055383235041 end_tick=1990055383238125 ms_per_tick=9.9999999999999995e-07 device_ms=0.0030839999999999999
PRODUCER_KERNEL_V1 stage=0 raw_iteration=4294967295 ordinal=36 kernel=fct_compatible_stage_rate threads=1533387 begin_tick=1990055383238625 end_tick=1990055383756791 ms_per_tick=9.9999999999999995e-07 device_ms=0.51816600000000002
PRODUCER_KERNEL_V1 stage=0 raw_iteration=4294967295 ordinal=37 kernel=owner_predict_momentum threads=1533387 begin_tick=1990055383757291 end_tick=1990055383944583 ms_per_tick=9.9999999999999995e-07 device_ms=0.18729199999999999
RISE_FIRE_OWNER_PROFILE_V1 {"scope":6,"parent":3,"phase":"BuildStageProducerGroup","stage":0,"raw_iteration":4294967295,"iteration_kind":"bootstrap","wall_ms":839.104625000,"device_sum_ms":755.943874829,"wall_minus_device_ms":83.160750171,"exclusive_wall_ms":839.104625000,"exclusive_device_sum_ms":755.943874829,"child_observer_wall_ms":0.000000000,"count_scope":"inclusive","owner_commits":1,"projection_invocations":0}
RISE_FIRE_OWNER_PROFILE_V1 {"scope":9,"parent":8,"phase":"ProjectionAdapter","stage":0,"raw_iteration":0,"iteration_kind":"picard","wall_ms":11.783583000,"device_sum_ms":8.880333509,"wall_minus_device_ms":2.903249491,"exclusive_wall_ms":11.783583000,"exclusive_device_sum_ms":8.880333509,"child_observer_wall_ms":0.000000000,"count_scope":"inclusive","owner_commits":0,"projection_invocations":1}
RISE_FIRE_OWNER_PROFILE_V1 {"scope":8,"parent":7,"phase":"Project","stage":0,"raw_iteration":0,"iteration_kind":"picard","wall_ms":12.410416000,"device_sum_ms":8.924583439,"wall_minus_device_ms":3.485832561,"exclusive_wall_ms":0.613958000,"exclusive_device_sum_ms":0.044249929,"child_observer_wall_ms":0.012875000,"count_scope":"inclusive","owner_commits":2,"projection_invocations":1}
RISE_FIRE_OWNER_PROFILE_V1 {"scope":10,"parent":7,"phase":"ReadOpenClass","stage":0,"raw_iteration":0,"iteration_kind":"picard","wall_ms":0.173166000,"device_sum_ms":0.002500135,"wall_minus_device_ms":0.170665865,"exclusive_wall_ms":0.173166000,"exclusive_device_sum_ms":0.002500135,"child_observer_wall_ms":0.000000000,"count_scope":"inclusive","owner_commits":1,"projection_invocations":0}
RISE_FIRE_OWNER_PROFILE_V1 {"scope":11,"parent":7,"phase":"ReadOpenClass","stage":0,"raw_iteration":0,"iteration_kind":"picard","wall_ms":0.159416000,"device_sum_ms":0.002374873,"wall_minus_device_ms":0.157041127,"exclusive_wall_ms":0.159416000,"exclusive_device_sum_ms":0.002374873,"child_observer_wall_ms":0.000000000,"count_scope":"inclusive","owner_commits":1,"projection_invocations":0}
PRODUCER_COMMAND_V1 stage=0 raw_iteration=0 cpu_begin=1990055396993750 cpu_end=1990056226441125 gpu_begin=1990055396993750 gpu_end=1990056226441125 device_ms=747.21850012429059 encoders=38 interval_scope=possibly_overlapping
PRODUCER_KERNEL_V1 stage=0 raw_iteration=0 ordinal=0 kernel=owner_pack_faces threads=1533387 begin_tick=1990055479096375 end_tick=1990055479154208 ms_per_tick=9.9999999999999995e-07 device_ms=0.057832999999999996
PRODUCER_KERNEL_V1 stage=0 raw_iteration=0 ordinal=1 kernel=owner_pack_faces threads=1533387 begin_tick=1990055479154000 end_tick=1990055479591500 ms_per_tick=9.9999999999999995e-07 device_ms=0.4375
PRODUCER_KERNEL_V1 stage=0 raw_iteration=0 ordinal=2 kernel=owner_pack_faces threads=1533387 begin_tick=1990055479092208 end_tick=1990055479154000 ms_per_tick=9.9999999999999995e-07 device_ms=0.061792
PRODUCER_KERNEL_V1 stage=0 raw_iteration=0 ordinal=3 kernel=fct_extract_gas_density threads=504666 begin_tick=1990055479591500 end_tick=1990055479613000 ms_per_tick=9.9999999999999995e-07 device_ms=0.021499999999999998
PRODUCER_KERNEL_V1 stage=0 raw_iteration=0 ordinal=4 kernel=owner_gas_source threads=504666 begin_tick=1990055479613000 end_tick=1990055479656041 ms_per_tick=9.9999999999999995e-07 device_ms=0.043040999999999996
PRODUCER_KERNEL_V1 stage=0 raw_iteration=0 ordinal=5 kernel=evaluate_resident_transport threads=504666 begin_tick=1990055479154708 end_tick=1990055479673583 ms_per_tick=9.9999999999999995e-07 device_ms=0.51887499999999998
PRODUCER_KERNEL_V1 stage=0 raw_iteration=0 ordinal=6 kernel=identify_resident_transport threads=1 begin_tick=1990055479674000 end_tick=1990055479676708 ms_per_tick=9.9999999999999995e-07 device_ms=0.0027079999999999999
PRODUCER_KERNEL_V1 stage=0 raw_iteration=0 ordinal=7 kernel=owner_bind_transport threads=1 begin_tick=1990055479677166 end_tick=1990055479681208 ms_per_tick=9.9999999999999995e-07 device_ms=0.0040419999999999996
PRODUCER_KERNEL_V1 stage=0 raw_iteration=0 ordinal=8 kernel=identify_resident_owner_endpoint_class threads=1 begin_tick=1990055479681875 end_tick=1990055479685666 ms_per_tick=9.9999999999999995e-07 device_ms=0.0037909999999999997
PRODUCER_KERNEL_V1 stage=0 raw_iteration=0 ordinal=9 kernel=evaluate_resident_physical_flux threads=1533387 begin_tick=1990055480498291 end_tick=1990055481617833 ms_per_tick=9.9999999999999995e-07 device_ms=1.119542
PRODUCER_KERNEL_V1 stage=0 raw_iteration=0 ordinal=10 kernel=evaluate_resident_advective_pair threads=13800483 begin_tick=1990055481873708 end_tick=1990055490445791 ms_per_tick=9.9999999999999995e-07 device_ms=8.5720829999999992
PRODUCER_KERNEL_V1 stage=0 raw_iteration=0 ordinal=11 kernel=finalize_resident_advective_high threads=13800483 begin_tick=1990055490467083 end_tick=1990055491073125 ms_per_tick=9.9999999999999995e-07 device_ms=0.60604199999999997
PRODUCER_KERNEL_V1 stage=0 raw_iteration=0 ordinal=12 kernel=compose_resident_flux_pair threads=13800483 begin_tick=1990055491073625 end_tick=1990055491955666 ms_per_tick=9.9999999999999995e-07 device_ms=0.88204099999999996
PRODUCER_KERNEL_V1 stage=0 raw_iteration=0 ordinal=13 kernel=validate_resident_physical_flux threads=13800483 begin_tick=1990055491956208 end_tick=1990055492787916 ms_per_tick=9.9999999999999995e-07 device_ms=0.831708
PRODUCER_KERNEL_V1 stage=0 raw_iteration=0 ordinal=14 kernel=identify_resident_physical_flux threads=32 begin_tick=1990055492788666 end_tick=1990055492792125 ms_per_tick=9.9999999999999995e-07 device_ms=0.0034589999999999998
PRODUCER_KERNEL_V1 stage=0 raw_iteration=0 ordinal=15 kernel=fct_build_ratios threads=5551326 begin_tick=1990055492792666 end_tick=1990055496405041 ms_per_tick=9.9999999999999995e-07 device_ms=3.6123749999999997
PRODUCER_KERNEL_V1 stage=0 raw_iteration=0 ordinal=16 kernel=fct_build_face_alpha threads=1533387 begin_tick=1990055496405791 end_tick=1990055496671833 ms_per_tick=9.9999999999999995e-07 device_ms=0.266042
PRODUCER_KERNEL_V1 stage=0 raw_iteration=0 ordinal=17 kernel=fct_commit_scalar threads=504666 begin_tick=1990055496672375 end_tick=1990055496867916 ms_per_tick=9.9999999999999995e-07 device_ms=0.19554099999999999
PRODUCER_KERNEL_V1 stage=0 raw_iteration=0 ordinal=18 kernel=owner_bind_candidate threads=1 begin_tick=1990055496868291 end_tick=1990055496871916 ms_per_tick=9.9999999999999995e-07 device_ms=0.0036249999999999998
PRODUCER_KERNEL_V1 stage=0 raw_iteration=0 ordinal=19 kernel=finalize_resident_eos_candidate threads=1 begin_tick=1990055496872500 end_tick=1990055496874833 ms_per_tick=9.9999999999999995e-07 device_ms=0.002333
PRODUCER_KERNEL_V1 stage=0 raw_iteration=0 ordinal=20 kernel=evaluate_resident_eos_candidate threads=504666 begin_tick=1990055496875333 end_tick=1990056101085208 ms_per_tick=9.9999999999999995e-07 device_ms=604.20987500000001
PRODUCER_KERNEL_V1 stage=0 raw_iteration=0 ordinal=21 kernel=finalize_resident_eos_candidate threads=1 begin_tick=1990056101100416 end_tick=1990056101103041 ms_per_tick=9.9999999999999995e-07 device_ms=0.0026249999999999997
PRODUCER_KERNEL_V1 stage=0 raw_iteration=0 ordinal=22 kernel=identify_resident_eos threads=1 begin_tick=1990056101103458 end_tick=1990056101106250 ms_per_tick=9.9999999999999995e-07 device_ms=0.0027919999999999998
PRODUCER_KERNEL_V1 stage=0 raw_iteration=0 ordinal=23 kernel=produce_resident_frozen_source threads=504666 begin_tick=1990056101106583 end_tick=1990056101139208 ms_per_tick=9.9999999999999995e-07 device_ms=0.032625000000000001
PRODUCER_KERNEL_V1 stage=0 raw_iteration=0 ordinal=24 kernel=identify_resident_frozen_source threads=1 begin_tick=1990056101139625 end_tick=1990056101142541 ms_per_tick=9.9999999999999995e-07 device_ms=0.0029159999999999998
PRODUCER_KERNEL_V1 stage=0 raw_iteration=0 ordinal=25 kernel=evaluate_resident_target_terms threads=504666 begin_tick=1990056101142958 end_tick=1990056225606875 ms_per_tick=9.9999999999999995e-07 device_ms=124.463917
PRODUCER_KERNEL_V1 stage=0 raw_iteration=0 ordinal=26 kernel=finalize_resident_target threads=1 begin_tick=1990056225622708 end_tick=1990056225626208 ms_per_tick=9.9999999999999995e-07 device_ms=0.0034999999999999996
PRODUCER_KERNEL_V1 stage=0 raw_iteration=0 ordinal=27 kernel=identify_resident_target threads=1 begin_tick=1990056225626500 end_tick=1990056225629458 ms_per_tick=9.9999999999999995e-07 device_ms=0.0029579999999999997
PRODUCER_KERNEL_V1 stage=0 raw_iteration=0 ordinal=28 kernel=issue_resident_projection_consumer threads=1 begin_tick=1990056225629875 end_tick=1990056225634166 ms_per_tick=9.9999999999999995e-07 device_ms=0.0042909999999999997
PRODUCER_KERNEL_V1 stage=0 raw_iteration=0 ordinal=29 kernel=consume_resident_target threads=1 begin_tick=1990056225635333 end_tick=1990056225639458 ms_per_tick=9.9999999999999995e-07 device_ms=0.0041250000000000002
PRODUCER_KERNEL_V1 stage=0 raw_iteration=0 ordinal=30 kernel=owner_compose_target threads=504666 begin_tick=1990056225639750 end_tick=1990056225719291 ms_per_tick=9.9999999999999995e-07 device_ms=0.079541000000000001
PRODUCER_KERNEL_V1 stage=0 raw_iteration=0 ordinal=31 kernel=finalize_resident_target threads=1 begin_tick=1990056225719708 end_tick=1990056225722083 ms_per_tick=9.9999999999999995e-07 device_ms=0.0023749999999999999
PRODUCER_KERNEL_V1 stage=0 raw_iteration=0 ordinal=32 kernel=owner_identify_target threads=1 begin_tick=1990056225722500 end_tick=1990056225725833 ms_per_tick=9.9999999999999995e-07 device_ms=0.003333
PRODUCER_KERNEL_V1 stage=0 raw_iteration=0 ordinal=33 kernel=issue_resident_projection_consumer threads=1 begin_tick=1990056225726250 end_tick=1990056225729000 ms_per_tick=9.9999999999999995e-07 device_ms=0.0027499999999999998
PRODUCER_KERNEL_V1 stage=0 raw_iteration=0 ordinal=34 kernel=consume_resident_target threads=1 begin_tick=1990056225729416 end_tick=1990056225732666 ms_per_tick=9.9999999999999995e-07 device_ms=0.0032499999999999999
PRODUCER_KERNEL_V1 stage=0 raw_iteration=0 ordinal=35 kernel=owner_issue_stage_seal threads=1 begin_tick=1990056225733041 end_tick=1990056225736000 ms_per_tick=9.9999999999999995e-07 device_ms=0.0029589999999999998
PRODUCER_KERNEL_V1 stage=0 raw_iteration=0 ordinal=36 kernel=fct_compatible_stage_rate threads=1533387 begin_tick=1990056225736500 end_tick=1990056226254875 ms_per_tick=9.9999999999999995e-07 device_ms=0.51837500000000003
PRODUCER_KERNEL_V1 stage=0 raw_iteration=0 ordinal=37 kernel=owner_predict_momentum threads=1533387 begin_tick=1990056226255375 end_tick=1990056226305125 ms_per_tick=9.9999999999999995e-07 device_ms=0.049749999999999996
RISE_FIRE_OWNER_PROFILE_V1 {"scope":12,"parent":7,"phase":"BuildStageProducerGroup","stage":0,"raw_iteration":0,"iteration_kind":"picard","wall_ms":829.604750000,"device_sum_ms":747.218500124,"wall_minus_device_ms":82.386249876,"exclusive_wall_ms":829.604750000,"exclusive_device_sum_ms":747.218500124,"child_observer_wall_ms":0.000000000,"count_scope":"inclusive","owner_commits":1,"projection_invocations":0}
RISE_FIRE_OWNER_PROFILE_V1 {"scope":13,"parent":7,"phase":"Residual","stage":0,"raw_iteration":0,"iteration_kind":"picard","wall_ms":0.220459000,"device_sum_ms":0.021625077,"wall_minus_device_ms":0.198833923,"exclusive_wall_ms":0.220459000,"exclusive_device_sum_ms":0.021625077,"child_observer_wall_ms":0.000000000,"count_scope":"inclusive","owner_commits":1,"projection_invocations":0}
RISE_FIRE_OWNER_PROFILE_V1 {"scope":7,"parent":3,"phase":"PicardIteration","stage":0,"raw_iteration":0,"iteration_kind":"picard","wall_ms":843.283708000,"device_sum_ms":756.169583648,"wall_minus_device_ms":87.114124352,"exclusive_wall_ms":0.685167000,"exclusive_device_sum_ms":0.000000000,"child_observer_wall_ms":0.030334000,"count_scope":"inclusive","owner_commits":6,"projection_invocations":1}
RISE_FIRE_OWNER_PROFILE_V1 {"scope":16,"parent":15,"phase":"ProjectionAdapter","stage":0,"raw_iteration":1,"iteration_kind":"picard","wall_ms":13.134542000,"device_sum_ms":10.352250189,"wall_minus_device_ms":2.782291811,"exclusive_wall_ms":13.134542000,"exclusive_device_sum_ms":10.352250189,"child_observer_wall_ms":0.000000000,"count_scope":"inclusive","owner_commits":0,"projection_invocations":1}
RISE_FIRE_OWNER_PROFILE_V1 {"scope":15,"parent":14,"phase":"Project","stage":0,"raw_iteration":1,"iteration_kind":"picard","wall_ms":14.219084000,"device_sum_ms":10.399250314,"wall_minus_device_ms":3.819833686,"exclusive_wall_ms":1.078334000,"exclusive_device_sum_ms":0.047000125,"child_observer_wall_ms":0.006208000,"count_scope":"inclusive","owner_commits":2,"projection_invocations":1}
RISE_FIRE_OWNER_PROFILE_V1 {"scope":17,"parent":14,"phase":"ReadOpenClass","stage":0,"raw_iteration":1,"iteration_kind":"picard","wall_ms":0.159209000,"device_sum_ms":0.002291752,"wall_minus_device_ms":0.156917248,"exclusive_wall_ms":0.159209000,"exclusive_device_sum_ms":0.002291752,"child_observer_wall_ms":0.000000000,"count_scope":"inclusive","owner_commits":1,"projection_invocations":0}
RISE_FIRE_OWNER_PROFILE_V1 {"scope":18,"parent":14,"phase":"ReadOpenClass","stage":0,"raw_iteration":1,"iteration_kind":"picard","wall_ms":0.149708000,"device_sum_ms":0.002499903,"wall_minus_device_ms":0.147208097,"exclusive_wall_ms":0.149708000,"exclusive_device_sum_ms":0.002499903,"child_observer_wall_ms":0.000000000,"count_scope":"inclusive","owner_commits":1,"projection_invocations":0}
PRODUCER_COMMAND_V1 stage=0 raw_iteration=1 cpu_begin=1990056242065500 cpu_end=1990057072751375 gpu_begin=1990056242065500 gpu_end=1990057072751375 device_ms=748.9661667495966 encoders=38 interval_scope=possibly_overlapping
PRODUCER_KERNEL_V1 stage=0 raw_iteration=1 ordinal=0 kernel=owner_pack_faces threads=1533387 begin_tick=1990056323795708 end_tick=1990056323847166 ms_per_tick=9.9999999999999995e-07 device_ms=0.051457999999999997
PRODUCER_KERNEL_V1 stage=0 raw_iteration=1 ordinal=1 kernel=owner_pack_faces threads=1533387 begin_tick=1990056323924916 end_tick=1990056323975791 ms_per_tick=9.9999999999999995e-07 device_ms=0.050874999999999997
PRODUCER_KERNEL_V1 stage=0 raw_iteration=1 ordinal=2 kernel=owner_pack_faces threads=1533387 begin_tick=1990056324046625 end_tick=1990056324125875 ms_per_tick=9.9999999999999995e-07 device_ms=0.079250000000000001
PRODUCER_KERNEL_V1 stage=0 raw_iteration=1 ordinal=3 kernel=fct_extract_gas_density threads=504666 begin_tick=1990056324070791 end_tick=1990056324117583 ms_per_tick=9.9999999999999995e-07 device_ms=0.046792
PRODUCER_KERNEL_V1 stage=0 raw_iteration=1 ordinal=4 kernel=owner_gas_source threads=504666 begin_tick=1990056324145791 end_tick=1990056324189625 ms_per_tick=9.9999999999999995e-07 device_ms=0.043833999999999998
PRODUCER_KERNEL_V1 stage=0 raw_iteration=1 ordinal=5 kernel=evaluate_resident_transport threads=504666 begin_tick=1990056324240875 end_tick=1990056324699750 ms_per_tick=9.9999999999999995e-07 device_ms=0.45887499999999998
PRODUCER_KERNEL_V1 stage=0 raw_iteration=1 ordinal=6 kernel=identify_resident_transport threads=1 begin_tick=1990056324700166 end_tick=1990056324703083 ms_per_tick=9.9999999999999995e-07 device_ms=0.0029169999999999999
PRODUCER_KERNEL_V1 stage=0 raw_iteration=1 ordinal=7 kernel=owner_bind_transport threads=1 begin_tick=1990056324703625 end_tick=1990056324707625 ms_per_tick=9.9999999999999995e-07 device_ms=0.0040000000000000001
PRODUCER_KERNEL_V1 stage=0 raw_iteration=1 ordinal=8 kernel=identify_resident_owner_endpoint_class threads=1 begin_tick=1990056324708000 end_tick=1990056324711750 ms_per_tick=9.9999999999999995e-07 device_ms=0.0037499999999999999
PRODUCER_KERNEL_V1 stage=0 raw_iteration=1 ordinal=9 kernel=evaluate_resident_physical_flux threads=1533387 begin_tick=1990056325673333 end_tick=1990056326789375 ms_per_tick=9.9999999999999995e-07 device_ms=1.116042
PRODUCER_KERNEL_V1 stage=0 raw_iteration=1 ordinal=10 kernel=evaluate_resident_advective_pair threads=13800483 begin_tick=1990056327091541 end_tick=1990056335493125 ms_per_tick=9.9999999999999995e-07 device_ms=8.4015839999999997
PRODUCER_KERNEL_V1 stage=0 raw_iteration=1 ordinal=11 kernel=finalize_resident_advective_high threads=13800483 begin_tick=1990056335493916 end_tick=1990056335915166 ms_per_tick=9.9999999999999995e-07 device_ms=0.42124999999999996
PRODUCER_KERNEL_V1 stage=0 raw_iteration=1 ordinal=12 kernel=compose_resident_flux_pair threads=13800483 begin_tick=1990056335915541 end_tick=1990056336807458 ms_per_tick=9.9999999999999995e-07 device_ms=0.89191699999999996
PRODUCER_KERNEL_V1 stage=0 raw_iteration=1 ordinal=13 kernel=validate_resident_physical_flux threads=13800483 begin_tick=1990056336808000 end_tick=1990056337798625 ms_per_tick=9.9999999999999995e-07 device_ms=0.99062499999999998
PRODUCER_KERNEL_V1 stage=0 raw_iteration=1 ordinal=14 kernel=identify_resident_physical_flux threads=32 begin_tick=1990056337799250 end_tick=1990056337802625 ms_per_tick=9.9999999999999995e-07 device_ms=0.003375
PRODUCER_KERNEL_V1 stage=0 raw_iteration=1 ordinal=15 kernel=fct_build_ratios threads=5551326 begin_tick=1990056337803083 end_tick=1990056341407041 ms_per_tick=9.9999999999999995e-07 device_ms=3.603958
PRODUCER_KERNEL_V1 stage=0 raw_iteration=1 ordinal=16 kernel=fct_build_face_alpha threads=1533387 begin_tick=1990056341407666 end_tick=1990056341673750 ms_per_tick=9.9999999999999995e-07 device_ms=0.26608399999999999
PRODUCER_KERNEL_V1 stage=0 raw_iteration=1 ordinal=17 kernel=fct_commit_scalar threads=504666 begin_tick=1990056341674291 end_tick=1990056341865416 ms_per_tick=9.9999999999999995e-07 device_ms=0.19112499999999999
PRODUCER_KERNEL_V1 stage=0 raw_iteration=1 ordinal=18 kernel=owner_bind_candidate threads=1 begin_tick=1990056341866041 end_tick=1990056341869708 ms_per_tick=9.9999999999999995e-07 device_ms=0.0036669999999999997
PRODUCER_KERNEL_V1 stage=0 raw_iteration=1 ordinal=19 kernel=finalize_resident_eos_candidate threads=1 begin_tick=1990056341870166 end_tick=1990056341872500 ms_per_tick=9.9999999999999995e-07 device_ms=0.0023339999999999997
PRODUCER_KERNEL_V1 stage=0 raw_iteration=1 ordinal=20 kernel=evaluate_resident_eos_candidate threads=504666 begin_tick=1990056341872958 end_tick=1990056944999125 ms_per_tick=9.9999999999999995e-07 device_ms=603.12616700000001
PRODUCER_KERNEL_V1 stage=0 raw_iteration=1 ordinal=21 kernel=finalize_resident_eos_candidate threads=1 begin_tick=1990056945013916 end_tick=1990056945016500 ms_per_tick=9.9999999999999995e-07 device_ms=0.0025839999999999999
PRODUCER_KERNEL_V1 stage=0 raw_iteration=1 ordinal=22 kernel=identify_resident_eos threads=1 begin_tick=1990056945016916 end_tick=1990056945019791 ms_per_tick=9.9999999999999995e-07 device_ms=0.002875
PRODUCER_KERNEL_V1 stage=0 raw_iteration=1 ordinal=23 kernel=produce_resident_frozen_source threads=504666 begin_tick=1990056945020083 end_tick=1990056945051458 ms_per_tick=9.9999999999999995e-07 device_ms=0.031375
PRODUCER_KERNEL_V1 stage=0 raw_iteration=1 ordinal=24 kernel=identify_resident_frozen_source threads=1 begin_tick=1990056945051875 end_tick=1990056945054833 ms_per_tick=9.9999999999999995e-07 device_ms=0.0029579999999999997
PRODUCER_KERNEL_V1 stage=0 raw_iteration=1 ordinal=25 kernel=evaluate_resident_target_terms threads=504666 begin_tick=1990056945055250 end_tick=1990057071894250 ms_per_tick=9.9999999999999995e-07 device_ms=126.839
PRODUCER_KERNEL_V1 stage=0 raw_iteration=1 ordinal=26 kernel=finalize_resident_target threads=1 begin_tick=1990057071909333 end_tick=1990057071912666 ms_per_tick=9.9999999999999995e-07 device_ms=0.003333
PRODUCER_KERNEL_V1 stage=0 raw_iteration=1 ordinal=27 kernel=identify_resident_target threads=1 begin_tick=1990057071913125 end_tick=1990057071916041 ms_per_tick=9.9999999999999995e-07 device_ms=0.0029159999999999998
PRODUCER_KERNEL_V1 stage=0 raw_iteration=1 ordinal=28 kernel=issue_resident_projection_consumer threads=1 begin_tick=1990057071916416 end_tick=1990057071920583 ms_per_tick=9.9999999999999995e-07 device_ms=0.0041669999999999997
PRODUCER_KERNEL_V1 stage=0 raw_iteration=1 ordinal=29 kernel=consume_resident_target threads=1 begin_tick=1990057071921000 end_tick=1990057071925083 ms_per_tick=9.9999999999999995e-07 device_ms=0.0040829999999999998
PRODUCER_KERNEL_V1 stage=0 raw_iteration=1 ordinal=30 kernel=owner_compose_target threads=504666 begin_tick=1990057071925458 end_tick=1990057072005541 ms_per_tick=9.9999999999999995e-07 device_ms=0.080083000000000001
PRODUCER_KERNEL_V1 stage=0 raw_iteration=1 ordinal=31 kernel=finalize_resident_target threads=1 begin_tick=1990057072005916 end_tick=1990057072008291 ms_per_tick=9.9999999999999995e-07 device_ms=0.0023749999999999999
PRODUCER_KERNEL_V1 stage=0 raw_iteration=1 ordinal=32 kernel=owner_identify_target threads=1 begin_tick=1990057072008708 end_tick=1990057072012125 ms_per_tick=9.9999999999999995e-07 device_ms=0.0034169999999999999
PRODUCER_KERNEL_V1 stage=0 raw_iteration=1 ordinal=33 kernel=issue_resident_projection_consumer threads=1 begin_tick=1990057072012541 end_tick=1990057072015500 ms_per_tick=9.9999999999999995e-07 device_ms=0.0029589999999999998
PRODUCER_KERNEL_V1 stage=0 raw_iteration=1 ordinal=34 kernel=consume_resident_target threads=1 begin_tick=1990057072015791 end_tick=1990057072019041 ms_per_tick=9.9999999999999995e-07 device_ms=0.0032499999999999999
PRODUCER_KERNEL_V1 stage=0 raw_iteration=1 ordinal=35 kernel=owner_issue_stage_seal threads=1 begin_tick=1990057072019375 end_tick=1990057072022208 ms_per_tick=9.9999999999999995e-07 device_ms=0.002833
PRODUCER_KERNEL_V1 stage=0 raw_iteration=1 ordinal=36 kernel=fct_compatible_stage_rate threads=1533387 begin_tick=1990057072022750 end_tick=1990057072571583 ms_per_tick=9.9999999999999995e-07 device_ms=0.54883300000000002
PRODUCER_KERNEL_V1 stage=0 raw_iteration=1 ordinal=37 kernel=owner_predict_momentum threads=1533387 begin_tick=1990057072572083 end_tick=1990057072622291 ms_per_tick=9.9999999999999995e-07 device_ms=0.050207999999999996
RISE_FIRE_OWNER_PROFILE_V1 {"scope":19,"parent":14,"phase":"BuildStageProducerGroup","stage":0,"raw_iteration":1,"iteration_kind":"picard","wall_ms":830.860000000,"device_sum_ms":748.966166750,"wall_minus_device_ms":81.893833250,"exclusive_wall_ms":830.860000000,"exclusive_device_sum_ms":748.966166750,"child_observer_wall_ms":0.000000000,"count_scope":"inclusive","owner_commits":1,"projection_invocations":0}
RISE_FIRE_OWNER_PROFILE_V1 {"scope":20,"parent":14,"phase":"Residual","stage":0,"raw_iteration":1,"iteration_kind":"picard","wall_ms":0.330667000,"device_sum_ms":0.119166682,"wall_minus_device_ms":0.211500318,"exclusive_wall_ms":0.330667000,"exclusive_device_sum_ms":0.119166682,"child_observer_wall_ms":0.000000000,"count_scope":"inclusive","owner_commits":1,"projection_invocations":0}
RISE_FIRE_OWNER_PROFILE_V1 {"scope":14,"parent":3,"phase":"PicardIteration","stage":0,"raw_iteration":1,"iteration_kind":"picard","wall_ms":846.432166000,"device_sum_ms":759.489375399,"wall_minus_device_ms":86.942790601,"exclusive_wall_ms":0.675207000,"exclusive_device_sum_ms":0.000000000,"child_observer_wall_ms":0.038291000,"count_scope":"inclusive","owner_commits":6,"projection_invocations":1}
RISE_FIRE_OWNER_PROFILE_V1 {"scope":23,"parent":22,"phase":"ProjectionAdapter","stage":0,"raw_iteration":2,"iteration_kind":"picard","wall_ms":12.903458000,"device_sum_ms":10.153166484,"wall_minus_device_ms":2.750291516,"exclusive_wall_ms":12.903458000,"exclusive_device_sum_ms":10.153166484,"child_observer_wall_ms":0.000000000,"count_scope":"inclusive","owner_commits":0,"projection_invocations":1}
RISE_FIRE_OWNER_PROFILE_V1 {"scope":22,"parent":21,"phase":"Project","stage":0,"raw_iteration":2,"iteration_kind":"picard","wall_ms":14.097542000,"device_sum_ms":10.202874662,"wall_minus_device_ms":3.894667338,"exclusive_wall_ms":1.170626000,"exclusive_device_sum_ms":0.049708178,"child_observer_wall_ms":0.023458000,"count_scope":"inclusive","owner_commits":2,"projection_invocations":1}
RISE_FIRE_OWNER_PROFILE_V1 {"scope":24,"parent":21,"phase":"ReadOpenClass","stage":0,"raw_iteration":2,"iteration_kind":"picard","wall_ms":0.178875000,"device_sum_ms":0.002374873,"wall_minus_device_ms":0.176500127,"exclusive_wall_ms":0.178875000,"exclusive_device_sum_ms":0.002374873,"child_observer_wall_ms":0.000000000,"count_scope":"inclusive","owner_commits":1,"projection_invocations":0}
RISE_FIRE_OWNER_PROFILE_V1 {"scope":25,"parent":21,"phase":"ReadOpenClass","stage":0,"raw_iteration":2,"iteration_kind":"picard","wall_ms":0.170833000,"device_sum_ms":0.002333196,"wall_minus_device_ms":0.168499804,"exclusive_wall_ms":0.170833000,"exclusive_device_sum_ms":0.002333196,"child_observer_wall_ms":0.000000000,"count_scope":"inclusive","owner_commits":1,"projection_invocations":0}
PRODUCER_COMMAND_V1 stage=0 raw_iteration=2 cpu_begin=1990057088456416 cpu_end=1990057929782916 gpu_begin=1990057088456416 gpu_end=1990057929782916 device_ms=758.33200011402369 encoders=38 interval_scope=possibly_overlapping
PRODUCER_KERNEL_V1 stage=0 raw_iteration=2 ordinal=0 kernel=owner_pack_faces threads=1533387 begin_tick=1990057171467750 end_tick=1990057171518208 ms_per_tick=9.9999999999999995e-07 device_ms=0.050457999999999996
PRODUCER_KERNEL_V1 stage=0 raw_iteration=2 ordinal=1 kernel=owner_pack_faces threads=1533387 begin_tick=1990057171534375 end_tick=1990057171585750 ms_per_tick=9.9999999999999995e-07 device_ms=0.051374999999999997
PRODUCER_KERNEL_V1 stage=0 raw_iteration=2 ordinal=2 kernel=owner_pack_faces threads=1533387 begin_tick=1990057171677458 end_tick=1990057171727875 ms_per_tick=9.9999999999999995e-07 device_ms=0.050416999999999997
PRODUCER_KERNEL_V1 stage=0 raw_iteration=2 ordinal=3 kernel=fct_extract_gas_density threads=504666 begin_tick=1990057171723166 end_tick=1990057171771583 ms_per_tick=9.9999999999999995e-07 device_ms=0.048416999999999995
PRODUCER_KERNEL_V1 stage=0 raw_iteration=2 ordinal=4 kernel=owner_gas_source threads=504666 begin_tick=1990057171778291 end_tick=1990057171817291 ms_per_tick=9.9999999999999995e-07 device_ms=0.039
PRODUCER_KERNEL_V1 stage=0 raw_iteration=2 ordinal=5 kernel=evaluate_resident_transport threads=504666 begin_tick=1990057171896541 end_tick=1990057172350958 ms_per_tick=9.9999999999999995e-07 device_ms=0.45441699999999996
PRODUCER_KERNEL_V1 stage=0 raw_iteration=2 ordinal=6 kernel=identify_resident_transport threads=1 begin_tick=1990057172351291 end_tick=1990057172354291 ms_per_tick=9.9999999999999995e-07 device_ms=0.0030000000000000001
PRODUCER_KERNEL_V1 stage=0 raw_iteration=2 ordinal=7 kernel=owner_bind_transport threads=1 begin_tick=1990057172354750 end_tick=1990057172358541 ms_per_tick=9.9999999999999995e-07 device_ms=0.0037909999999999997
PRODUCER_KERNEL_V1 stage=0 raw_iteration=2 ordinal=8 kernel=identify_resident_owner_endpoint_class threads=1 begin_tick=1990057172358833 end_tick=1990057172362208 ms_per_tick=9.9999999999999995e-07 device_ms=0.003375
PRODUCER_KERNEL_V1 stage=0 raw_iteration=2 ordinal=9 kernel=evaluate_resident_physical_flux threads=1533387 begin_tick=1990057173326500 end_tick=1990057174444958 ms_per_tick=9.9999999999999995e-07 device_ms=1.118458
PRODUCER_KERNEL_V1 stage=0 raw_iteration=2 ordinal=10 kernel=evaluate_resident_advective_pair threads=13800483 begin_tick=1990057174711166 end_tick=1990057181981416 ms_per_tick=9.9999999999999995e-07 device_ms=7.2702499999999999
PRODUCER_KERNEL_V1 stage=0 raw_iteration=2 ordinal=11 kernel=finalize_resident_advective_high threads=13800483 begin_tick=1990057181982208 end_tick=1990057183735958 ms_per_tick=9.9999999999999995e-07 device_ms=1.7537499999999999
PRODUCER_KERNEL_V1 stage=0 raw_iteration=2 ordinal=12 kernel=compose_resident_flux_pair threads=13800483 begin_tick=1990057183751208 end_tick=1990057184784625 ms_per_tick=9.9999999999999995e-07 device_ms=1.033417
PRODUCER_KERNEL_V1 stage=0 raw_iteration=2 ordinal=13 kernel=validate_resident_physical_flux threads=13800483 begin_tick=1990057184785166 end_tick=1990057185616625 ms_per_tick=9.9999999999999995e-07 device_ms=0.83145899999999995
PRODUCER_KERNEL_V1 stage=0 raw_iteration=2 ordinal=14 kernel=identify_resident_physical_flux threads=32 begin_tick=1990057185617208 end_tick=1990057185620708 ms_per_tick=9.9999999999999995e-07 device_ms=0.0034999999999999996
PRODUCER_KERNEL_V1 stage=0 raw_iteration=2 ordinal=15 kernel=fct_build_ratios threads=5551326 begin_tick=1990057185621208 end_tick=1990057189250041 ms_per_tick=9.9999999999999995e-07 device_ms=3.6288329999999998
PRODUCER_KERNEL_V1 stage=0 raw_iteration=2 ordinal=16 kernel=fct_build_face_alpha threads=1533387 begin_tick=1990057189250583 end_tick=1990057189516625 ms_per_tick=9.9999999999999995e-07 device_ms=0.266042
PRODUCER_KERNEL_V1 stage=0 raw_iteration=2 ordinal=17 kernel=fct_commit_scalar threads=504666 begin_tick=1990057189517166 end_tick=1990057189707916 ms_per_tick=9.9999999999999995e-07 device_ms=0.19075
PRODUCER_KERNEL_V1 stage=0 raw_iteration=2 ordinal=18 kernel=owner_bind_candidate threads=1 begin_tick=1990057189708416 end_tick=1990057189712250 ms_per_tick=9.9999999999999995e-07 device_ms=0.0038339999999999997
PRODUCER_KERNEL_V1 stage=0 raw_iteration=2 ordinal=19 kernel=finalize_resident_eos_candidate threads=1 begin_tick=1990057189712833 end_tick=1990057189715666 ms_per_tick=9.9999999999999995e-07 device_ms=0.002833
PRODUCER_KERNEL_V1 stage=0 raw_iteration=2 ordinal=20 kernel=evaluate_resident_eos_candidate threads=504666 begin_tick=1990057189716166 end_tick=1990057802286250 ms_per_tick=9.9999999999999995e-07 device_ms=612.57008399999995
PRODUCER_KERNEL_V1 stage=0 raw_iteration=2 ordinal=21 kernel=finalize_resident_eos_candidate threads=1 begin_tick=1990057802302208 end_tick=1990057802304958 ms_per_tick=9.9999999999999995e-07 device_ms=0.0027499999999999998
PRODUCER_KERNEL_V1 stage=0 raw_iteration=2 ordinal=22 kernel=identify_resident_eos threads=1 begin_tick=1990057802305250 end_tick=1990057802307958 ms_per_tick=9.9999999999999995e-07 device_ms=0.0027079999999999999
PRODUCER_KERNEL_V1 stage=0 raw_iteration=2 ordinal=23 kernel=produce_resident_frozen_source threads=504666 begin_tick=1990057802308375 end_tick=1990057802340416 ms_per_tick=9.9999999999999995e-07 device_ms=0.032041
PRODUCER_KERNEL_V1 stage=0 raw_iteration=2 ordinal=24 kernel=identify_resident_frozen_source threads=1 begin_tick=1990057802340833 end_tick=1990057802343541 ms_per_tick=9.9999999999999995e-07 device_ms=0.0027079999999999999
PRODUCER_KERNEL_V1 stage=0 raw_iteration=2 ordinal=25 kernel=evaluate_resident_target_terms threads=504666 begin_tick=1990057802343958 end_tick=1990057928964916 ms_per_tick=9.9999999999999995e-07 device_ms=126.62095799999999
PRODUCER_KERNEL_V1 stage=0 raw_iteration=2 ordinal=26 kernel=finalize_resident_target threads=1 begin_tick=1990057928980500 end_tick=1990057928983708 ms_per_tick=9.9999999999999995e-07 device_ms=0.0032079999999999999
PRODUCER_KERNEL_V1 stage=0 raw_iteration=2 ordinal=27 kernel=identify_resident_target threads=1 begin_tick=1990057928984041 end_tick=1990057928987000 ms_per_tick=9.9999999999999995e-07 device_ms=0.0029589999999999998
PRODUCER_KERNEL_V1 stage=0 raw_iteration=2 ordinal=28 kernel=issue_resident_projection_consumer threads=1 begin_tick=1990057928987291 end_tick=1990057928991166 ms_per_tick=9.9999999999999995e-07 device_ms=0.003875
PRODUCER_KERNEL_V1 stage=0 raw_iteration=2 ordinal=29 kernel=consume_resident_target threads=1 begin_tick=1990057928991500 end_tick=1990057928995708 ms_per_tick=9.9999999999999995e-07 device_ms=0.0042079999999999999
PRODUCER_KERNEL_V1 stage=0 raw_iteration=2 ordinal=30 kernel=owner_compose_target threads=504666 begin_tick=1990057928996000 end_tick=1990057929075750 ms_per_tick=9.9999999999999995e-07 device_ms=0.079750000000000001
PRODUCER_KERNEL_V1 stage=0 raw_iteration=2 ordinal=31 kernel=finalize_resident_target threads=1 begin_tick=1990057929076083 end_tick=1990057929078375 ms_per_tick=9.9999999999999995e-07 device_ms=0.0022919999999999998
PRODUCER_KERNEL_V1 stage=0 raw_iteration=2 ordinal=32 kernel=owner_identify_target threads=1 begin_tick=1990057929078708 end_tick=1990057929082083 ms_per_tick=9.9999999999999995e-07 device_ms=0.003375
PRODUCER_KERNEL_V1 stage=0 raw_iteration=2 ordinal=33 kernel=issue_resident_projection_consumer threads=1 begin_tick=1990057929082500 end_tick=1990057929085083 ms_per_tick=9.9999999999999995e-07 device_ms=0.0025829999999999998
PRODUCER_KERNEL_V1 stage=0 raw_iteration=2 ordinal=34 kernel=consume_resident_target threads=1 begin_tick=1990057929085500 end_tick=1990057929088708 ms_per_tick=9.9999999999999995e-07 device_ms=0.0032079999999999999
PRODUCER_KERNEL_V1 stage=0 raw_iteration=2 ordinal=35 kernel=owner_issue_stage_seal threads=1 begin_tick=1990057929089125 end_tick=1990057929092083 ms_per_tick=9.9999999999999995e-07 device_ms=0.0029579999999999997
PRODUCER_KERNEL_V1 stage=0 raw_iteration=2 ordinal=36 kernel=fct_compatible_stage_rate threads=1533387 begin_tick=1990057929092500 end_tick=1990057929612666 ms_per_tick=9.9999999999999995e-07 device_ms=0.52016600000000002
PRODUCER_KERNEL_V1 stage=0 raw_iteration=2 ordinal=37 kernel=owner_predict_momentum threads=1533387 begin_tick=1990057929613083 end_tick=1990057929662458 ms_per_tick=9.9999999999999995e-07 device_ms=0.049374999999999995
RISE_FIRE_OWNER_PROFILE_V1 {"scope":26,"parent":21,"phase":"BuildStageProducerGroup","stage":0,"raw_iteration":2,"iteration_kind":"picard","wall_ms":841.495917000,"device_sum_ms":758.332000114,"wall_minus_device_ms":83.163916886,"exclusive_wall_ms":841.495917000,"exclusive_device_sum_ms":758.332000114,"child_observer_wall_ms":0.000000000,"count_scope":"inclusive","owner_commits":1,"projection_invocations":0}
RISE_FIRE_OWNER_PROFILE_V1 {"scope":27,"parent":21,"phase":"Residual","stage":0,"raw_iteration":2,"iteration_kind":"picard","wall_ms":0.319583000,"device_sum_ms":0.114499824,"wall_minus_device_ms":0.205083176,"exclusive_wall_ms":0.319583000,"exclusive_device_sum_ms":0.114499824,"child_observer_wall_ms":0.000000000,"count_scope":"inclusive","owner_commits":1,"projection_invocations":0}
RISE_FIRE_OWNER_PROFILE_V1 {"scope":30,"parent":29,"phase":"ProjectionAdapter","stage":0,"raw_iteration":2147483650,"iteration_kind":"terminal","wall_ms":12.868375000,"device_sum_ms":9.917041752,"wall_minus_device_ms":2.951333248,"exclusive_wall_ms":12.868375000,"exclusive_device_sum_ms":9.917041752,"child_observer_wall_ms":0.000000000,"count_scope":"inclusive","owner_commits":0,"projection_invocations":1}
RISE_FIRE_OWNER_PROFILE_V1 {"scope":29,"parent":28,"phase":"Project","stage":0,"raw_iteration":2147483650,"iteration_kind":"terminal","wall_ms":13.430417000,"device_sum_ms":9.955666959,"wall_minus_device_ms":3.474750041,"exclusive_wall_ms":0.555708000,"exclusive_device_sum_ms":0.038625207,"child_observer_wall_ms":0.006334000,"count_scope":"inclusive","owner_commits":2,"projection_invocations":1}
RISE_FIRE_OWNER_PROFILE_V1 {"scope":31,"parent":28,"phase":"ReadOpenClass","stage":0,"raw_iteration":2147483650,"iteration_kind":"terminal","wall_ms":0.152375000,"device_sum_ms":0.002541812,"wall_minus_device_ms":0.149833188,"exclusive_wall_ms":0.152375000,"exclusive_device_sum_ms":0.002541812,"child_observer_wall_ms":0.000000000,"count_scope":"inclusive","owner_commits":1,"projection_invocations":0}
RISE_FIRE_OWNER_PROFILE_V1 {"scope":32,"parent":28,"phase":"ReadOpenClass","stage":0,"raw_iteration":2147483650,"iteration_kind":"terminal","wall_ms":0.164208000,"device_sum_ms":0.002416782,"wall_minus_device_ms":0.161791218,"exclusive_wall_ms":0.164208000,"exclusive_device_sum_ms":0.002416782,"child_observer_wall_ms":0.000000000,"count_scope":"inclusive","owner_commits":1,"projection_invocations":0}
PRODUCER_COMMAND_V1 stage=0 raw_iteration=2147483650 cpu_begin=1990057944035791 cpu_end=1990058779672333 gpu_begin=1990057944035791 gpu_end=1990058779672333 device_ms=753.07020824402571 encoders=38 interval_scope=possibly_overlapping
PRODUCER_KERNEL_V1 stage=0 raw_iteration=2147483650 ordinal=0 kernel=owner_pack_faces threads=1533387 begin_tick=1990058026464125 end_tick=1990058026518958 ms_per_tick=9.9999999999999995e-07 device_ms=0.054833
PRODUCER_KERNEL_V1 stage=0 raw_iteration=2147483650 ordinal=1 kernel=owner_pack_faces threads=1533387 begin_tick=1990058026518666 end_tick=1990058026858458 ms_per_tick=9.9999999999999995e-07 device_ms=0.33979199999999998
PRODUCER_KERNEL_V1 stage=0 raw_iteration=2147483650 ordinal=2 kernel=owner_pack_faces threads=1533387 begin_tick=1990058026461541 end_tick=1990058026518666 ms_per_tick=9.9999999999999995e-07 device_ms=0.057124999999999995
PRODUCER_KERNEL_V1 stage=0 raw_iteration=2147483650 ordinal=3 kernel=fct_extract_gas_density threads=504666 begin_tick=1990058026519416 end_tick=1990058026574708 ms_per_tick=9.9999999999999995e-07 device_ms=0.055292000000000001
PRODUCER_KERNEL_V1 stage=0 raw_iteration=2147483650 ordinal=4 kernel=owner_gas_source threads=504666 begin_tick=1990058026859000 end_tick=1990058027031291 ms_per_tick=9.9999999999999995e-07 device_ms=0.172291
PRODUCER_KERNEL_V1 stage=0 raw_iteration=2147483650 ordinal=5 kernel=evaluate_resident_transport threads=504666 begin_tick=1990058026574708 end_tick=1990058027043750 ms_per_tick=9.9999999999999995e-07 device_ms=0.46904199999999996
PRODUCER_KERNEL_V1 stage=0 raw_iteration=2147483650 ordinal=6 kernel=identify_resident_transport threads=1 begin_tick=1990058027044208 end_tick=1990058027047083 ms_per_tick=9.9999999999999995e-07 device_ms=0.002875
PRODUCER_KERNEL_V1 stage=0 raw_iteration=2147483650 ordinal=7 kernel=owner_bind_transport threads=1 begin_tick=1990058027047625 end_tick=1990058027051166 ms_per_tick=9.9999999999999995e-07 device_ms=0.0035409999999999999
PRODUCER_KERNEL_V1 stage=0 raw_iteration=2147483650 ordinal=8 kernel=identify_resident_owner_endpoint_class threads=1 begin_tick=1990058027051458 end_tick=1990058027055166 ms_per_tick=9.9999999999999995e-07 device_ms=0.0037079999999999999
PRODUCER_KERNEL_V1 stage=0 raw_iteration=2147483650 ordinal=9 kernel=evaluate_resident_physical_flux threads=1533387 begin_tick=1990058027911833 end_tick=1990058029030125 ms_per_tick=9.9999999999999995e-07 device_ms=1.1182919999999998
PRODUCER_KERNEL_V1 stage=0 raw_iteration=2147483650 ordinal=10 kernel=evaluate_resident_advective_pair threads=13800483 begin_tick=1990058029308708 end_tick=1990058037842166 ms_per_tick=9.9999999999999995e-07 device_ms=8.5334579999999995
PRODUCER_KERNEL_V1 stage=0 raw_iteration=2147483650 ordinal=11 kernel=finalize_resident_advective_high threads=13800483 begin_tick=1990058037858208 end_tick=1990058038473500 ms_per_tick=9.9999999999999995e-07 device_ms=0.61529199999999995
PRODUCER_KERNEL_V1 stage=0 raw_iteration=2147483650 ordinal=12 kernel=compose_resident_flux_pair threads=13800483 begin_tick=1990058038473875 end_tick=1990058039345333 ms_per_tick=9.9999999999999995e-07 device_ms=0.87145799999999995
PRODUCER_KERNEL_V1 stage=0 raw_iteration=2147483650 ordinal=13 kernel=validate_resident_physical_flux threads=13800483 begin_tick=1990058039346041 end_tick=1990058040247416 ms_per_tick=9.9999999999999995e-07 device_ms=0.90137499999999993
PRODUCER_KERNEL_V1 stage=0 raw_iteration=2147483650 ordinal=14 kernel=identify_resident_physical_flux threads=32 begin_tick=1990058040248125 end_tick=1990058040251666 ms_per_tick=9.9999999999999995e-07 device_ms=0.0035409999999999999
PRODUCER_KERNEL_V1 stage=0 raw_iteration=2147483650 ordinal=15 kernel=fct_build_ratios threads=5551326 begin_tick=1990058040252125 end_tick=1990058044048708 ms_per_tick=9.9999999999999995e-07 device_ms=3.796583
PRODUCER_KERNEL_V1 stage=0 raw_iteration=2147483650 ordinal=16 kernel=fct_build_face_alpha threads=1533387 begin_tick=1990058044049458 end_tick=1990058044319166 ms_per_tick=9.9999999999999995e-07 device_ms=0.269708
PRODUCER_KERNEL_V1 stage=0 raw_iteration=2147483650 ordinal=17 kernel=fct_commit_scalar threads=504666 begin_tick=1990058044319833 end_tick=1990058044516375 ms_per_tick=9.9999999999999995e-07 device_ms=0.19654199999999999
PRODUCER_KERNEL_V1 stage=0 raw_iteration=2147483650 ordinal=18 kernel=owner_bind_candidate threads=1 begin_tick=1990058044516916 end_tick=1990058044520750 ms_per_tick=9.9999999999999995e-07 device_ms=0.0038339999999999997
PRODUCER_KERNEL_V1 stage=0 raw_iteration=2147483650 ordinal=19 kernel=finalize_resident_eos_candidate threads=1 begin_tick=1990058044521208 end_tick=1990058044523458 ms_per_tick=9.9999999999999995e-07 device_ms=0.0022499999999999998
PRODUCER_KERNEL_V1 stage=0 raw_iteration=2147483650 ordinal=20 kernel=evaluate_resident_eos_candidate threads=504666 begin_tick=1990058044523916 end_tick=1990058655080708 ms_per_tick=9.9999999999999995e-07 device_ms=610.55679199999997
PRODUCER_KERNEL_V1 stage=0 raw_iteration=2147483650 ordinal=21 kernel=finalize_resident_eos_candidate threads=1 begin_tick=1990058655095208 end_tick=1990058655097833 ms_per_tick=9.9999999999999995e-07 device_ms=0.0026249999999999997
PRODUCER_KERNEL_V1 stage=0 raw_iteration=2147483650 ordinal=22 kernel=identify_resident_eos threads=1 begin_tick=1990058655098166 end_tick=1990058655101000 ms_per_tick=9.9999999999999995e-07 device_ms=0.0028339999999999997
PRODUCER_KERNEL_V1 stage=0 raw_iteration=2147483650 ordinal=23 kernel=produce_resident_frozen_source threads=504666 begin_tick=1990058655101375 end_tick=1990058655133541 ms_per_tick=9.9999999999999995e-07 device_ms=0.032166
PRODUCER_KERNEL_V1 stage=0 raw_iteration=2147483650 ordinal=24 kernel=identify_resident_frozen_source threads=1 begin_tick=1990058655133875 end_tick=1990058655136666 ms_per_tick=9.9999999999999995e-07 device_ms=0.0027910000000000001
PRODUCER_KERNEL_V1 stage=0 raw_iteration=2147483650 ordinal=25 kernel=evaluate_resident_target_terms threads=504666 begin_tick=1990058655137041 end_tick=1990058778800500 ms_per_tick=9.9999999999999995e-07 device_ms=123.66345899999999
PRODUCER_KERNEL_V1 stage=0 raw_iteration=2147483650 ordinal=26 kernel=finalize_resident_target threads=1 begin_tick=1990058778815875 end_tick=1990058778819208 ms_per_tick=9.9999999999999995e-07 device_ms=0.003333
PRODUCER_KERNEL_V1 stage=0 raw_iteration=2147483650 ordinal=27 kernel=identify_resident_target threads=1 begin_tick=1990058778819625 end_tick=1990058778822625 ms_per_tick=9.9999999999999995e-07 device_ms=0.0030000000000000001
PRODUCER_KERNEL_V1 stage=0 raw_iteration=2147483650 ordinal=28 kernel=issue_resident_projection_consumer threads=1 begin_tick=1990058778823000 end_tick=1990058778827000 ms_per_tick=9.9999999999999995e-07 device_ms=0.0040000000000000001
PRODUCER_KERNEL_V1 stage=0 raw_iteration=2147483650 ordinal=29 kernel=consume_resident_target threads=1 begin_tick=1990058778828333 end_tick=1990058778832625 ms_per_tick=9.9999999999999995e-07 device_ms=0.0042919999999999998
PRODUCER_KERNEL_V1 stage=0 raw_iteration=2147483650 ordinal=30 kernel=owner_compose_target threads=504666 begin_tick=1990058778833000 end_tick=1990058778912833 ms_per_tick=9.9999999999999995e-07 device_ms=0.079833000000000001
PRODUCER_KERNEL_V1 stage=0 raw_iteration=2147483650 ordinal=31 kernel=finalize_resident_target threads=1 begin_tick=1990058778913250 end_tick=1990058778915583 ms_per_tick=9.9999999999999995e-07 device_ms=0.002333
PRODUCER_KERNEL_V1 stage=0 raw_iteration=2147483650 ordinal=32 kernel=owner_identify_target threads=1 begin_tick=1990058778915958 end_tick=1990058778918916 ms_per_tick=9.9999999999999995e-07 device_ms=0.0029579999999999997
PRODUCER_KERNEL_V1 stage=0 raw_iteration=2147483650 ordinal=33 kernel=issue_resident_projection_consumer threads=1 begin_tick=1990058778919291 end_tick=1990058778922333 ms_per_tick=9.9999999999999995e-07 device_ms=0.003042
PRODUCER_KERNEL_V1 stage=0 raw_iteration=2147483650 ordinal=34 kernel=consume_resident_target threads=1 begin_tick=1990058778922750 end_tick=1990058778925958 ms_per_tick=9.9999999999999995e-07 device_ms=0.0032079999999999999
PRODUCER_KERNEL_V1 stage=0 raw_iteration=2147483650 ordinal=35 kernel=owner_issue_stage_seal threads=1 begin_tick=1990058778926333 end_tick=1990058778929291 ms_per_tick=9.9999999999999995e-07 device_ms=0.0029579999999999997
PRODUCER_KERNEL_V1 stage=0 raw_iteration=2147483650 ordinal=36 kernel=fct_compatible_stage_rate threads=1533387 begin_tick=1990058778929833 end_tick=1990058779475500 ms_per_tick=9.9999999999999995e-07 device_ms=0.54566700000000001
PRODUCER_KERNEL_V1 stage=0 raw_iteration=2147483650 ordinal=37 kernel=owner_predict_momentum threads=1533387 begin_tick=1990058779475916 end_tick=1990058779526208 ms_per_tick=9.9999999999999995e-07 device_ms=0.050291999999999996
RISE_FIRE_OWNER_PROFILE_V1 {"scope":33,"parent":28,"phase":"BuildStageProducerGroup","stage":0,"raw_iteration":2147483650,"iteration_kind":"terminal","wall_ms":835.797334000,"device_sum_ms":753.070208244,"wall_minus_device_ms":82.727125756,"exclusive_wall_ms":835.797334000,"exclusive_device_sum_ms":753.070208244,"child_observer_wall_ms":0.000000000,"count_scope":"inclusive","owner_commits":1,"projection_invocations":0}
RISE_FIRE_OWNER_PROFILE_V1 {"scope":34,"parent":28,"phase":"AlphaResidual","stage":0,"raw_iteration":2147483650,"iteration_kind":"terminal","wall_ms":0.255209000,"device_sum_ms":0.054750126,"wall_minus_device_ms":0.200458874,"exclusive_wall_ms":0.255209000,"exclusive_device_sum_ms":0.054750126,"child_observer_wall_ms":0.000000000,"count_scope":"inclusive","owner_commits":1,"projection_invocations":0}
RISE_FIRE_OWNER_PROFILE_V1 {"scope":35,"parent":28,"phase":"Residual","stage":0,"raw_iteration":2147483650,"iteration_kind":"terminal","wall_ms":0.291958000,"device_sum_ms":0.116375042,"wall_minus_device_ms":0.175582958,"exclusive_wall_ms":0.291958000,"exclusive_device_sum_ms":0.116375042,"child_observer_wall_ms":0.000000000,"count_scope":"inclusive","owner_commits":1,"projection_invocations":0}
RISE_FIRE_OWNER_PROFILE_V1 {"scope":28,"parent":21,"phase":"TerminalVerification","stage":0,"raw_iteration":2147483650,"iteration_kind":"terminal","wall_ms":850.137084000,"device_sum_ms":763.201958966,"wall_minus_device_ms":86.935125034,"exclusive_wall_ms":0.003916000,"exclusive_device_sum_ms":0.000000000,"child_observer_wall_ms":0.041667000,"count_scope":"inclusive","owner_commits":7,"projection_invocations":1}
RISE_FIRE_OWNER_PROFILE_V1 {"scope":21,"parent":3,"phase":"PicardIteration","stage":0,"raw_iteration":2,"iteration_kind":"picard","wall_ms":1707.127458000,"device_sum_ms":1531.856041634,"wall_minus_device_ms":175.271416366,"exclusive_wall_ms":0.672208000,"exclusive_device_sum_ms":0.000000000,"child_observer_wall_ms":0.055416000,"count_scope":"inclusive","owner_commits":13,"projection_invocations":2}
RISE_FIRE_OWNER_PROFILE_V1 {"scope":3,"parent":1,"phase":"SolveStage","stage":0,"raw_iteration":4294967295,"iteration_kind":"bootstrap","wall_ms":4260.016708000,"device_sum_ms":3819.953208789,"wall_minus_device_ms":440.063499211,"exclusive_wall_ms":2.496541000,"exclusive_device_sum_ms":0.000000000,"child_observer_wall_ms":0.039460000,"count_scope":"inclusive","owner_commits":28,"projection_invocations":5}
RISE_FIRE_OWNER_PROFILE_V1 {"scope":38,"parent":37,"phase":"ProjectionAdapter","stage":1,"raw_iteration":4294967295,"iteration_kind":"bootstrap","wall_ms":11.844583000,"device_sum_ms":8.969499962,"wall_minus_device_ms":2.875083038,"exclusive_wall_ms":11.844583000,"exclusive_device_sum_ms":8.969499962,"child_observer_wall_ms":0.000000000,"count_scope":"inclusive","owner_commits":0,"projection_invocations":1}
RISE_FIRE_OWNER_PROFILE_V1 {"scope":37,"parent":36,"phase":"Project","stage":1,"raw_iteration":4294967295,"iteration_kind":"bootstrap","wall_ms":13.000667000,"device_sum_ms":9.020749712,"wall_minus_device_ms":3.979917288,"exclusive_wall_ms":1.145500000,"exclusive_device_sum_ms":0.051249750,"child_observer_wall_ms":0.010584000,"count_scope":"inclusive","owner_commits":2,"projection_invocations":1}
PRODUCER_COMMAND_V1 stage=1 raw_iteration=4294967295 cpu_begin=1990058796595458 cpu_end=1990059637211333 gpu_begin=1990058796595458 gpu_end=1990059637211333 device_ms=758.73204157687724 encoders=41 interval_scope=possibly_overlapping
PRODUCER_KERNEL_V1 stage=1 raw_iteration=4294967295 ordinal=0 kernel=owner_pack_faces threads=1533387 begin_tick=1990058878396875 end_tick=1990058878458416 ms_per_tick=9.9999999999999995e-07 device_ms=0.061540999999999998
PRODUCER_KERNEL_V1 stage=1 raw_iteration=4294967295 ordinal=1 kernel=owner_pack_faces threads=1533387 begin_tick=1990058878458166 end_tick=1990058878895125 ms_per_tick=9.9999999999999995e-07 device_ms=0.43695899999999999
PRODUCER_KERNEL_V1 stage=1 raw_iteration=4294967295 ordinal=2 kernel=owner_pack_faces threads=1533387 begin_tick=1990058878395166 end_tick=1990058878458166 ms_per_tick=9.9999999999999995e-07 device_ms=0.063
PRODUCER_KERNEL_V1 stage=1 raw_iteration=4294967295 ordinal=3 kernel=fct_extract_gas_density threads=504666 begin_tick=1990058878895125 end_tick=1990058878917541 ms_per_tick=9.9999999999999995e-07 device_ms=0.022415999999999998
PRODUCER_KERNEL_V1 stage=1 raw_iteration=4294967295 ordinal=4 kernel=owner_gas_source threads=504666 begin_tick=1990058878917541 end_tick=1990058878957166 ms_per_tick=9.9999999999999995e-07 device_ms=0.039625
PRODUCER_KERNEL_V1 stage=1 raw_iteration=4294967295 ordinal=5 kernel=evaluate_resident_transport threads=504666 begin_tick=1990058878458791 end_tick=1990058878988083 ms_per_tick=9.9999999999999995e-07 device_ms=0.52929199999999998
PRODUCER_KERNEL_V1 stage=1 raw_iteration=4294967295 ordinal=6 kernel=identify_resident_transport threads=1 begin_tick=1990058878988583 end_tick=1990058878991625 ms_per_tick=9.9999999999999995e-07 device_ms=0.003042
PRODUCER_KERNEL_V1 stage=1 raw_iteration=4294967295 ordinal=7 kernel=owner_bind_transport threads=1 begin_tick=1990058878992208 end_tick=1990058878995958 ms_per_tick=9.9999999999999995e-07 device_ms=0.0037499999999999999
PRODUCER_KERNEL_V1 stage=1 raw_iteration=4294967295 ordinal=8 kernel=identify_resident_owner_endpoint_class threads=1 begin_tick=1990058878996416 end_tick=1990058878999916 ms_per_tick=9.9999999999999995e-07 device_ms=0.0034999999999999996
PRODUCER_KERNEL_V1 stage=1 raw_iteration=4294967295 ordinal=9 kernel=evaluate_resident_physical_flux threads=1533387 begin_tick=1990058879795750 end_tick=1990058880916541 ms_per_tick=9.9999999999999995e-07 device_ms=1.1207909999999999
PRODUCER_KERNEL_V1 stage=1 raw_iteration=4294967295 ordinal=10 kernel=evaluate_resident_advective_pair threads=13800483 begin_tick=1990058881159750 end_tick=1990058889795833 ms_per_tick=9.9999999999999995e-07 device_ms=8.6360829999999993
PRODUCER_KERNEL_V1 stage=1 raw_iteration=4294967295 ordinal=11 kernel=finalize_resident_advective_high threads=13800483 begin_tick=1990058889814083 end_tick=1990058890410916 ms_per_tick=9.9999999999999995e-07 device_ms=0.59683299999999995
PRODUCER_KERNEL_V1 stage=1 raw_iteration=4294967295 ordinal=12 kernel=compose_resident_flux_pair threads=13800483 begin_tick=1990058890411500 end_tick=1990058891294958 ms_per_tick=9.9999999999999995e-07 device_ms=0.88345799999999997
PRODUCER_KERNEL_V1 stage=1 raw_iteration=4294967295 ordinal=13 kernel=validate_resident_physical_flux threads=13800483 begin_tick=1990058891295666 end_tick=1990058892135500 ms_per_tick=9.9999999999999995e-07 device_ms=0.83983399999999997
PRODUCER_KERNEL_V1 stage=1 raw_iteration=4294967295 ordinal=14 kernel=identify_resident_physical_flux threads=32 begin_tick=1990058892136083 end_tick=1990058892142083 ms_per_tick=9.9999999999999995e-07 device_ms=0.0060000000000000001
PRODUCER_KERNEL_V1 stage=1 raw_iteration=4294967295 ordinal=15 kernel=owner_average_flux threads=13800483 begin_tick=1990058892142625 end_tick=1990058892939458 ms_per_tick=9.9999999999999995e-07 device_ms=0.79683300000000001
PRODUCER_KERNEL_V1 stage=1 raw_iteration=4294967295 ordinal=16 kernel=owner_bind_averaged_flux threads=1 begin_tick=1990058892940000 end_tick=1990058892944041 ms_per_tick=9.9999999999999995e-07 device_ms=0.0040409999999999995
PRODUCER_KERNEL_V1 stage=1 raw_iteration=4294967295 ordinal=17 kernel=fct_build_ratios threads=5551326 begin_tick=1990058892944458 end_tick=1990058896566458 ms_per_tick=9.9999999999999995e-07 device_ms=3.6219999999999999
PRODUCER_KERNEL_V1 stage=1 raw_iteration=4294967295 ordinal=18 kernel=fct_build_face_alpha threads=1533387 begin_tick=1990058896567125 end_tick=1990058896834208 ms_per_tick=9.9999999999999995e-07 device_ms=0.26708300000000001
PRODUCER_KERNEL_V1 stage=1 raw_iteration=4294967295 ordinal=19 kernel=fct_commit_scalar threads=504666 begin_tick=1990058896834833 end_tick=1990058897024291 ms_per_tick=9.9999999999999995e-07 device_ms=0.18945799999999999
PRODUCER_KERNEL_V1 stage=1 raw_iteration=4294967295 ordinal=20 kernel=owner_bind_candidate threads=1 begin_tick=1990058897024666 end_tick=1990058897028791 ms_per_tick=9.9999999999999995e-07 device_ms=0.0041250000000000002
PRODUCER_KERNEL_V1 stage=1 raw_iteration=4294967295 ordinal=21 kernel=finalize_resident_eos_candidate threads=1 begin_tick=1990058897029375 end_tick=1990058897031958 ms_per_tick=9.9999999999999995e-07 device_ms=0.0025829999999999998
PRODUCER_KERNEL_V1 stage=1 raw_iteration=4294967295 ordinal=22 kernel=evaluate_resident_eos_candidate threads=504666 begin_tick=1990058897032416 end_tick=1990059511205083 ms_per_tick=9.9999999999999995e-07 device_ms=614.17266699999993
PRODUCER_KERNEL_V1 stage=1 raw_iteration=4294967295 ordinal=23 kernel=finalize_resident_eos_candidate threads=1 begin_tick=1990059511220583 end_tick=1990059511223375 ms_per_tick=9.9999999999999995e-07 device_ms=0.0027919999999999998
PRODUCER_KERNEL_V1 stage=1 raw_iteration=4294967295 ordinal=24 kernel=identify_resident_eos threads=1 begin_tick=1990059511223708 end_tick=1990059511226458 ms_per_tick=9.9999999999999995e-07 device_ms=0.0027499999999999998
PRODUCER_KERNEL_V1 stage=1 raw_iteration=4294967295 ordinal=25 kernel=produce_resident_frozen_source threads=504666 begin_tick=1990059511226750 end_tick=1990059511258041 ms_per_tick=9.9999999999999995e-07 device_ms=0.031290999999999999
PRODUCER_KERNEL_V1 stage=1 raw_iteration=4294967295 ordinal=26 kernel=identify_resident_frozen_source threads=1 begin_tick=1990059511258458 end_tick=1990059511261375 ms_per_tick=9.9999999999999995e-07 device_ms=0.0029169999999999999
PRODUCER_KERNEL_V1 stage=1 raw_iteration=4294967295 ordinal=27 kernel=evaluate_resident_target_terms threads=504666 begin_tick=1990059511261791 end_tick=1990059635926291 ms_per_tick=9.9999999999999995e-07 device_ms=124.66449999999999
PRODUCER_KERNEL_V1 stage=1 raw_iteration=4294967295 ordinal=28 kernel=finalize_resident_target threads=1 begin_tick=1990059635941291 end_tick=1990059635944416 ms_per_tick=9.9999999999999995e-07 device_ms=0.0031249999999999997
PRODUCER_KERNEL_V1 stage=1 raw_iteration=4294967295 ordinal=29 kernel=identify_resident_target threads=1 begin_tick=1990059635944833 end_tick=1990059635947666 ms_per_tick=9.9999999999999995e-07 device_ms=0.002833
PRODUCER_KERNEL_V1 stage=1 raw_iteration=4294967295 ordinal=30 kernel=issue_resident_projection_consumer threads=1 begin_tick=1990059635948083 end_tick=1990059635952000 ms_per_tick=9.9999999999999995e-07 device_ms=0.0039169999999999995
PRODUCER_KERNEL_V1 stage=1 raw_iteration=4294967295 ordinal=31 kernel=consume_resident_target threads=1 begin_tick=1990059635952416 end_tick=1990059635956375 ms_per_tick=9.9999999999999995e-07 device_ms=0.0039589999999999998
PRODUCER_KERNEL_V1 stage=1 raw_iteration=4294967295 ordinal=32 kernel=owner_compose_target threads=504666 begin_tick=1990059635956708 end_tick=1990059635988291 ms_per_tick=9.9999999999999995e-07 device_ms=0.031583
PRODUCER_KERNEL_V1 stage=1 raw_iteration=4294967295 ordinal=33 kernel=finalize_resident_target threads=1 begin_tick=1990059635988708 end_tick=1990059635991041 ms_per_tick=9.9999999999999995e-07 device_ms=0.002333
PRODUCER_KERNEL_V1 stage=1 raw_iteration=4294967295 ordinal=34 kernel=owner_identify_target threads=1 begin_tick=1990059635991458 end_tick=1990059635994791 ms_per_tick=9.9999999999999995e-07 device_ms=0.003333
PRODUCER_KERNEL_V1 stage=1 raw_iteration=4294967295 ordinal=35 kernel=issue_resident_projection_consumer threads=1 begin_tick=1990059635995166 end_tick=1990059635998000 ms_per_tick=9.9999999999999995e-07 device_ms=0.0028339999999999997
PRODUCER_KERNEL_V1 stage=1 raw_iteration=4294967295 ordinal=36 kernel=consume_resident_target threads=1 begin_tick=1990059635998416 end_tick=1990059636001833 ms_per_tick=9.9999999999999995e-07 device_ms=0.0034169999999999999
PRODUCER_KERNEL_V1 stage=1 raw_iteration=4294967295 ordinal=37 kernel=owner_issue_stage_seal threads=1 begin_tick=1990059636002250 end_tick=1990059636005291 ms_per_tick=9.9999999999999995e-07 device_ms=0.0030409999999999999
PRODUCER_KERNEL_V1 stage=1 raw_iteration=4294967295 ordinal=38 kernel=fct_compatible_stage_rate threads=1533387 begin_tick=1990059636006000 end_tick=1990059636526375 ms_per_tick=9.9999999999999995e-07 device_ms=0.52037499999999992
PRODUCER_KERNEL_V1 stage=1 raw_iteration=4294967295 ordinal=39 kernel=fct_compatible_stage_rate threads=1533387 begin_tick=1990059636526833 end_tick=1990059637028625 ms_per_tick=9.9999999999999995e-07 device_ms=0.50179200000000002
PRODUCER_KERNEL_V1 stage=1 raw_iteration=4294967295 ordinal=40 kernel=owner_heun_momentum threads=1533387 begin_tick=1990059637029458 end_tick=1990059637121375 ms_per_tick=9.9999999999999995e-07 device_ms=0.091916999999999999
RISE_FIRE_OWNER_PROFILE_V1 {"scope":39,"parent":36,"phase":"BuildStageProducerGroup","stage":1,"raw_iteration":4294967295,"iteration_kind":"bootstrap","wall_ms":840.791291000,"device_sum_ms":758.732041577,"wall_minus_device_ms":82.059249423,"exclusive_wall_ms":840.791291000,"exclusive_device_sum_ms":758.732041577,"child_observer_wall_ms":0.000000000,"count_scope":"inclusive","owner_commits":1,"projection_invocations":0}
RISE_FIRE_OWNER_PROFILE_V1 {"scope":42,"parent":41,"phase":"ProjectionAdapter","stage":1,"raw_iteration":0,"iteration_kind":"picard","wall_ms":13.113958000,"device_sum_ms":10.265625082,"wall_minus_device_ms":2.848332918,"exclusive_wall_ms":13.113958000,"exclusive_device_sum_ms":10.265625082,"child_observer_wall_ms":0.000000000,"count_scope":"inclusive","owner_commits":0,"projection_invocations":1}
RISE_FIRE_OWNER_PROFILE_V1 {"scope":41,"parent":40,"phase":"Project","stage":1,"raw_iteration":0,"iteration_kind":"picard","wall_ms":13.772792000,"device_sum_ms":10.312624974,"wall_minus_device_ms":3.460167026,"exclusive_wall_ms":0.645042000,"exclusive_device_sum_ms":0.046999892,"child_observer_wall_ms":0.013792000,"count_scope":"inclusive","owner_commits":2,"projection_invocations":1}
RISE_FIRE_OWNER_PROFILE_V1 {"scope":43,"parent":40,"phase":"ReadOpenClass","stage":1,"raw_iteration":0,"iteration_kind":"picard","wall_ms":0.158958000,"device_sum_ms":0.002916669,"wall_minus_device_ms":0.156041331,"exclusive_wall_ms":0.158958000,"exclusive_device_sum_ms":0.002916669,"child_observer_wall_ms":0.000000000,"count_scope":"inclusive","owner_commits":1,"projection_invocations":0}
RISE_FIRE_OWNER_PROFILE_V1 {"scope":44,"parent":40,"phase":"ReadOpenClass","stage":1,"raw_iteration":0,"iteration_kind":"picard","wall_ms":0.141583000,"device_sum_ms":0.002624933,"wall_minus_device_ms":0.138958067,"exclusive_wall_ms":0.141583000,"exclusive_device_sum_ms":0.002624933,"child_observer_wall_ms":0.000000000,"count_scope":"inclusive","owner_commits":1,"projection_invocations":0}
PRODUCER_COMMAND_V1 stage=1 raw_iteration=0 cpu_begin=1990059651486125 cpu_end=1990060488690625 gpu_begin=1990059651486125 gpu_end=1990060488690625 device_ms=755.42549998499453 encoders=41 interval_scope=possibly_overlapping
PRODUCER_KERNEL_V1 stage=1 raw_iteration=0 ordinal=0 kernel=owner_pack_faces threads=1533387 begin_tick=1990059733247166 end_tick=1990059733948541 ms_per_tick=9.9999999999999995e-07 device_ms=0.70137499999999997
PRODUCER_KERNEL_V1 stage=1 raw_iteration=0 ordinal=1 kernel=owner_pack_faces threads=1533387 begin_tick=1990059733320083 end_tick=1990059733948541 ms_per_tick=9.9999999999999995e-07 device_ms=0.62845799999999996
PRODUCER_KERNEL_V1 stage=1 raw_iteration=0 ordinal=2 kernel=owner_pack_faces threads=1533387 begin_tick=1990059734038666 end_tick=1990059734662916 ms_per_tick=9.9999999999999995e-07 device_ms=0.62424999999999997
PRODUCER_KERNEL_V1 stage=1 raw_iteration=0 ordinal=3 kernel=fct_extract_gas_density threads=504666 begin_tick=1990059733963375 end_tick=1990059734038958 ms_per_tick=9.9999999999999995e-07 device_ms=0.075582999999999997
PRODUCER_KERNEL_V1 stage=1 raw_iteration=0 ordinal=4 kernel=owner_gas_source threads=504666 begin_tick=1990059733962625 end_tick=1990059734038666 ms_per_tick=9.9999999999999995e-07 device_ms=0.076040999999999997
PRODUCER_KERNEL_V1 stage=1 raw_iteration=0 ordinal=5 kernel=evaluate_resident_transport threads=504666 begin_tick=1990059734039125 end_tick=1990059734673208 ms_per_tick=9.9999999999999995e-07 device_ms=0.63408299999999995
PRODUCER_KERNEL_V1 stage=1 raw_iteration=0 ordinal=6 kernel=identify_resident_transport threads=1 begin_tick=1990059734673791 end_tick=1990059734676666 ms_per_tick=9.9999999999999995e-07 device_ms=0.002875
PRODUCER_KERNEL_V1 stage=1 raw_iteration=0 ordinal=7 kernel=owner_bind_transport threads=1 begin_tick=1990059734677208 end_tick=1990059734681833 ms_per_tick=9.9999999999999995e-07 device_ms=0.0046249999999999998
PRODUCER_KERNEL_V1 stage=1 raw_iteration=0 ordinal=8 kernel=identify_resident_owner_endpoint_class threads=1 begin_tick=1990059734682500 end_tick=1990059734686041 ms_per_tick=9.9999999999999995e-07 device_ms=0.0035409999999999999
PRODUCER_KERNEL_V1 stage=1 raw_iteration=0 ordinal=9 kernel=evaluate_resident_physical_flux threads=1533387 begin_tick=1990059735048666 end_tick=1990059736175583 ms_per_tick=9.9999999999999995e-07 device_ms=1.1269169999999999
PRODUCER_KERNEL_V1 stage=1 raw_iteration=0 ordinal=10 kernel=evaluate_resident_advective_pair threads=13800483 begin_tick=1990059736402916 end_tick=1990059743624083 ms_per_tick=9.9999999999999995e-07 device_ms=7.2211669999999994
PRODUCER_KERNEL_V1 stage=1 raw_iteration=0 ordinal=11 kernel=finalize_resident_advective_high threads=13800483 begin_tick=1990059743626625 end_tick=1990059744082916 ms_per_tick=9.9999999999999995e-07 device_ms=0.456291
PRODUCER_KERNEL_V1 stage=1 raw_iteration=0 ordinal=12 kernel=compose_resident_flux_pair threads=13800483 begin_tick=1990059744083333 end_tick=1990059744966666 ms_per_tick=9.9999999999999995e-07 device_ms=0.88333299999999992
PRODUCER_KERNEL_V1 stage=1 raw_iteration=0 ordinal=13 kernel=validate_resident_physical_flux threads=13800483 begin_tick=1990059744967333 end_tick=1990059745835000 ms_per_tick=9.9999999999999995e-07 device_ms=0.86766699999999997
PRODUCER_KERNEL_V1 stage=1 raw_iteration=0 ordinal=14 kernel=identify_resident_physical_flux threads=32 begin_tick=1990059745835666 end_tick=1990059745839000 ms_per_tick=9.9999999999999995e-07 device_ms=0.0033339999999999997
PRODUCER_KERNEL_V1 stage=1 raw_iteration=0 ordinal=15 kernel=owner_average_flux threads=13800483 begin_tick=1990059745839458 end_tick=1990059746637375 ms_per_tick=9.9999999999999995e-07 device_ms=0.79791699999999999
PRODUCER_KERNEL_V1 stage=1 raw_iteration=0 ordinal=16 kernel=owner_bind_averaged_flux threads=1 begin_tick=1990059746637916 end_tick=1990059746641541 ms_per_tick=9.9999999999999995e-07 device_ms=0.0036249999999999998
PRODUCER_KERNEL_V1 stage=1 raw_iteration=0 ordinal=17 kernel=fct_build_ratios threads=5551326 begin_tick=1990059746641958 end_tick=1990059751082458 ms_per_tick=9.9999999999999995e-07 device_ms=4.4405000000000001
PRODUCER_KERNEL_V1 stage=1 raw_iteration=0 ordinal=18 kernel=fct_build_face_alpha threads=1533387 begin_tick=1990059751095125 end_tick=1990059751803666 ms_per_tick=9.9999999999999995e-07 device_ms=0.70854099999999998
PRODUCER_KERNEL_V1 stage=1 raw_iteration=0 ordinal=19 kernel=fct_commit_scalar threads=504666 begin_tick=1990059751819666 end_tick=1990059752190791 ms_per_tick=9.9999999999999995e-07 device_ms=0.37112499999999998
PRODUCER_KERNEL_V1 stage=1 raw_iteration=0 ordinal=20 kernel=owner_bind_candidate threads=1 begin_tick=1990059752191291 end_tick=1990059752195250 ms_per_tick=9.9999999999999995e-07 device_ms=0.0039589999999999998
PRODUCER_KERNEL_V1 stage=1 raw_iteration=0 ordinal=21 kernel=finalize_resident_eos_candidate threads=1 begin_tick=1990059752195833 end_tick=1990059752198458 ms_per_tick=9.9999999999999995e-07 device_ms=0.0026249999999999997
PRODUCER_KERNEL_V1 stage=1 raw_iteration=0 ordinal=22 kernel=evaluate_resident_eos_candidate threads=504666 begin_tick=1990059752198916 end_tick=1990060360500041 ms_per_tick=9.9999999999999995e-07 device_ms=608.30112499999996
PRODUCER_KERNEL_V1 stage=1 raw_iteration=0 ordinal=23 kernel=finalize_resident_eos_candidate threads=1 begin_tick=1990060360514875 end_tick=1990060360517541 ms_per_tick=9.9999999999999995e-07 device_ms=0.002666
PRODUCER_KERNEL_V1 stage=1 raw_iteration=0 ordinal=24 kernel=identify_resident_eos threads=1 begin_tick=1990060360517958 end_tick=1990060360520625 ms_per_tick=9.9999999999999995e-07 device_ms=0.0026669999999999997
PRODUCER_KERNEL_V1 stage=1 raw_iteration=0 ordinal=25 kernel=produce_resident_frozen_source threads=504666 begin_tick=1990060360520958 end_tick=1990060360551916 ms_per_tick=9.9999999999999995e-07 device_ms=0.030957999999999999
PRODUCER_KERNEL_V1 stage=1 raw_iteration=0 ordinal=26 kernel=identify_resident_frozen_source threads=1 begin_tick=1990060360552291 end_tick=1990060360554916 ms_per_tick=9.9999999999999995e-07 device_ms=0.0026249999999999997
PRODUCER_KERNEL_V1 stage=1 raw_iteration=0 ordinal=27 kernel=evaluate_resident_target_terms threads=504666 begin_tick=1990060360555291 end_tick=1990060487255583 ms_per_tick=9.9999999999999995e-07 device_ms=126.70029199999999
PRODUCER_KERNEL_V1 stage=1 raw_iteration=0 ordinal=28 kernel=finalize_resident_target threads=1 begin_tick=1990060487270750 end_tick=1990060487273958 ms_per_tick=9.9999999999999995e-07 device_ms=0.0032079999999999999
PRODUCER_KERNEL_V1 stage=1 raw_iteration=0 ordinal=29 kernel=identify_resident_target threads=1 begin_tick=1990060487274250 end_tick=1990060487277666 ms_per_tick=9.9999999999999995e-07 device_ms=0.0034159999999999998
PRODUCER_KERNEL_V1 stage=1 raw_iteration=0 ordinal=30 kernel=issue_resident_projection_consumer threads=1 begin_tick=1990060487278041 end_tick=1990060487282333 ms_per_tick=9.9999999999999995e-07 device_ms=0.0042919999999999998
PRODUCER_KERNEL_V1 stage=1 raw_iteration=0 ordinal=31 kernel=consume_resident_target threads=1 begin_tick=1990060487283166 end_tick=1990060487287458 ms_per_tick=9.9999999999999995e-07 device_ms=0.0042919999999999998
PRODUCER_KERNEL_V1 stage=1 raw_iteration=0 ordinal=32 kernel=owner_compose_target threads=504666 begin_tick=1990060487287833 end_tick=1990060487367708 ms_per_tick=9.9999999999999995e-07 device_ms=0.079875000000000002
PRODUCER_KERNEL_V1 stage=1 raw_iteration=0 ordinal=33 kernel=finalize_resident_target threads=1 begin_tick=1990060487368125 end_tick=1990060487370666 ms_per_tick=9.9999999999999995e-07 device_ms=0.0025409999999999999
PRODUCER_KERNEL_V1 stage=1 raw_iteration=0 ordinal=34 kernel=owner_identify_target threads=1 begin_tick=1990060487371083 end_tick=1990060487374541 ms_per_tick=9.9999999999999995e-07 device_ms=0.0034579999999999997
PRODUCER_KERNEL_V1 stage=1 raw_iteration=0 ordinal=35 kernel=issue_resident_projection_consumer threads=1 begin_tick=1990060487374958 end_tick=1990060487377833 ms_per_tick=9.9999999999999995e-07 device_ms=0.002875
PRODUCER_KERNEL_V1 stage=1 raw_iteration=0 ordinal=36 kernel=consume_resident_target threads=1 begin_tick=1990060487378208 end_tick=1990060487381708 ms_per_tick=9.9999999999999995e-07 device_ms=0.0034999999999999996
PRODUCER_KERNEL_V1 stage=1 raw_iteration=0 ordinal=37 kernel=owner_issue_stage_seal threads=1 begin_tick=1990060487382083 end_tick=1990060487385166 ms_per_tick=9.9999999999999995e-07 device_ms=0.0030829999999999998
PRODUCER_KERNEL_V1 stage=1 raw_iteration=0 ordinal=38 kernel=fct_compatible_stage_rate threads=1533387 begin_tick=1990060487385750 end_tick=1990060487938041 ms_per_tick=9.9999999999999995e-07 device_ms=0.55229099999999998
PRODUCER_KERNEL_V1 stage=1 raw_iteration=0 ordinal=39 kernel=fct_compatible_stage_rate threads=1533387 begin_tick=1990060487938458 end_tick=1990060488460291 ms_per_tick=9.9999999999999995e-07 device_ms=0.52183299999999999
PRODUCER_KERNEL_V1 stage=1 raw_iteration=0 ordinal=40 kernel=owner_heun_momentum threads=1533387 begin_tick=1990060488460833 end_tick=1990060488554791 ms_per_tick=9.9999999999999995e-07 device_ms=0.093958
RISE_FIRE_OWNER_PROFILE_V1 {"scope":45,"parent":40,"phase":"BuildStageProducerGroup","stage":1,"raw_iteration":0,"iteration_kind":"picard","wall_ms":837.372125000,"device_sum_ms":755.425499985,"wall_minus_device_ms":81.946625015,"exclusive_wall_ms":837.372125000,"exclusive_device_sum_ms":755.425499985,"child_observer_wall_ms":0.000000000,"count_scope":"inclusive","owner_commits":1,"projection_invocations":0}
RISE_FIRE_OWNER_PROFILE_V1 {"scope":46,"parent":40,"phase":"Residual","stage":1,"raw_iteration":0,"iteration_kind":"picard","wall_ms":0.233542000,"device_sum_ms":0.022124965,"wall_minus_device_ms":0.211417035,"exclusive_wall_ms":0.233542000,"exclusive_device_sum_ms":0.022124965,"child_observer_wall_ms":0.000000000,"count_scope":"inclusive","owner_commits":1,"projection_invocations":0}
RISE_FIRE_OWNER_PROFILE_V1 {"scope":40,"parent":36,"phase":"PicardIteration","stage":1,"raw_iteration":0,"iteration_kind":"picard","wall_ms":852.929000000,"device_sum_ms":765.765791526,"wall_minus_device_ms":87.163208474,"exclusive_wall_ms":1.220334000,"exclusive_device_sum_ms":0.000000000,"child_observer_wall_ms":0.029666000,"count_scope":"inclusive","owner_commits":6,"projection_invocations":1}
RISE_FIRE_OWNER_PROFILE_V1 {"scope":49,"parent":48,"phase":"ProjectionAdapter","stage":1,"raw_iteration":1,"iteration_kind":"picard","wall_ms":13.133416000,"device_sum_ms":10.310000041,"wall_minus_device_ms":2.823415959,"exclusive_wall_ms":13.133416000,"exclusive_device_sum_ms":10.310000041,"child_observer_wall_ms":0.000000000,"count_scope":"inclusive","owner_commits":0,"projection_invocations":1}
RISE_FIRE_OWNER_PROFILE_V1 {"scope":48,"parent":47,"phase":"Project","stage":1,"raw_iteration":1,"iteration_kind":"picard","wall_ms":14.525166000,"device_sum_ms":10.361208348,"wall_minus_device_ms":4.163957652,"exclusive_wall_ms":1.382875000,"exclusive_device_sum_ms":0.051208306,"child_observer_wall_ms":0.008875000,"count_scope":"inclusive","owner_commits":2,"projection_invocations":1}
RISE_FIRE_OWNER_PROFILE_V1 {"scope":50,"parent":47,"phase":"ReadOpenClass","stage":1,"raw_iteration":1,"iteration_kind":"picard","wall_ms":0.161042000,"device_sum_ms":0.002499903,"wall_minus_device_ms":0.158542097,"exclusive_wall_ms":0.161042000,"exclusive_device_sum_ms":0.002499903,"child_observer_wall_ms":0.000000000,"count_scope":"inclusive","owner_commits":1,"projection_invocations":0}
RISE_FIRE_OWNER_PROFILE_V1 {"scope":51,"parent":47,"phase":"ReadOpenClass","stage":1,"raw_iteration":1,"iteration_kind":"picard","wall_ms":0.152333000,"device_sum_ms":0.002416549,"wall_minus_device_ms":0.149916451,"exclusive_wall_ms":0.152333000,"exclusive_device_sum_ms":0.002416549,"child_observer_wall_ms":0.000000000,"count_scope":"inclusive","owner_commits":1,"projection_invocations":0}
PRODUCER_COMMAND_V1 stage=1 raw_iteration=1 cpu_begin=1990060505179583 cpu_end=1990061335954833 gpu_begin=1990060505179583 gpu_end=1990061335954833 device_ms=749.10712498240173 encoders=41 interval_scope=possibly_overlapping
PRODUCER_KERNEL_V1 stage=1 raw_iteration=1 ordinal=0 kernel=owner_pack_faces threads=1533387 begin_tick=1990060586848083 end_tick=1990060586899208 ms_per_tick=9.9999999999999995e-07 device_ms=0.051124999999999997
PRODUCER_KERNEL_V1 stage=1 raw_iteration=1 ordinal=1 kernel=owner_pack_faces threads=1533387 begin_tick=1990060586915791 end_tick=1990060586966541 ms_per_tick=9.9999999999999995e-07 device_ms=0.050749999999999997
PRODUCER_KERNEL_V1 stage=1 raw_iteration=1 ordinal=2 kernel=owner_pack_faces threads=1533387 begin_tick=1990060587054208 end_tick=1990060587104416 ms_per_tick=9.9999999999999995e-07 device_ms=0.050207999999999996
PRODUCER_KERNEL_V1 stage=1 raw_iteration=1 ordinal=3 kernel=fct_extract_gas_density threads=504666 begin_tick=1990060587103500 end_tick=1990060587153916 ms_per_tick=9.9999999999999995e-07 device_ms=0.050415999999999996
PRODUCER_KERNEL_V1 stage=1 raw_iteration=1 ordinal=4 kernel=owner_gas_source threads=504666 begin_tick=1990060587161666 end_tick=1990060587203000 ms_per_tick=9.9999999999999995e-07 device_ms=0.041333999999999996
PRODUCER_KERNEL_V1 stage=1 raw_iteration=1 ordinal=5 kernel=evaluate_resident_transport threads=504666 begin_tick=1990060587292208 end_tick=1990060587745541 ms_per_tick=9.9999999999999995e-07 device_ms=0.45333299999999999
PRODUCER_KERNEL_V1 stage=1 raw_iteration=1 ordinal=6 kernel=identify_resident_transport threads=1 begin_tick=1990060587745916 end_tick=1990060587748625 ms_per_tick=9.9999999999999995e-07 device_ms=0.002709
PRODUCER_KERNEL_V1 stage=1 raw_iteration=1 ordinal=7 kernel=owner_bind_transport threads=1 begin_tick=1990060587749166 end_tick=1990060587752708 ms_per_tick=9.9999999999999995e-07 device_ms=0.003542
PRODUCER_KERNEL_V1 stage=1 raw_iteration=1 ordinal=8 kernel=identify_resident_owner_endpoint_class threads=1 begin_tick=1990060587753000 end_tick=1990060587756500 ms_per_tick=9.9999999999999995e-07 device_ms=0.0034999999999999996
PRODUCER_KERNEL_V1 stage=1 raw_iteration=1 ordinal=9 kernel=evaluate_resident_physical_flux threads=1533387 begin_tick=1990060588681750 end_tick=1990060589800833 ms_per_tick=9.9999999999999995e-07 device_ms=1.119083
PRODUCER_KERNEL_V1 stage=1 raw_iteration=1 ordinal=10 kernel=evaluate_resident_advective_pair threads=13800483 begin_tick=1990060590069041 end_tick=1990060597328916 ms_per_tick=9.9999999999999995e-07 device_ms=7.2598750000000001
PRODUCER_KERNEL_V1 stage=1 raw_iteration=1 ordinal=11 kernel=finalize_resident_advective_high threads=13800483 begin_tick=1990060597329750 end_tick=1990060597748500 ms_per_tick=9.9999999999999995e-07 device_ms=0.41874999999999996
PRODUCER_KERNEL_V1 stage=1 raw_iteration=1 ordinal=12 kernel=compose_resident_flux_pair threads=13800483 begin_tick=1990060597748916 end_tick=1990060598633375 ms_per_tick=9.9999999999999995e-07 device_ms=0.884459
PRODUCER_KERNEL_V1 stage=1 raw_iteration=1 ordinal=13 kernel=validate_resident_physical_flux threads=13800483 begin_tick=1990060598633916 end_tick=1990060599524500 ms_per_tick=9.9999999999999995e-07 device_ms=0.89058399999999993
PRODUCER_KERNEL_V1 stage=1 raw_iteration=1 ordinal=14 kernel=identify_resident_physical_flux threads=32 begin_tick=1990060599525166 end_tick=1990060599528625 ms_per_tick=9.9999999999999995e-07 device_ms=0.0034589999999999998
PRODUCER_KERNEL_V1 stage=1 raw_iteration=1 ordinal=15 kernel=owner_average_flux threads=13800483 begin_tick=1990060599529166 end_tick=1990060600334833 ms_per_tick=9.9999999999999995e-07 device_ms=0.80566699999999991
PRODUCER_KERNEL_V1 stage=1 raw_iteration=1 ordinal=16 kernel=owner_bind_averaged_flux threads=1 begin_tick=1990060600335541 end_tick=1990060600339583 ms_per_tick=9.9999999999999995e-07 device_ms=0.0040419999999999996
PRODUCER_KERNEL_V1 stage=1 raw_iteration=1 ordinal=17 kernel=fct_build_ratios threads=5551326 begin_tick=1990060600340041 end_tick=1990060605578958 ms_per_tick=9.9999999999999995e-07 device_ms=5.2389169999999998
PRODUCER_KERNEL_V1 stage=1 raw_iteration=1 ordinal=18 kernel=fct_build_face_alpha threads=1533387 begin_tick=1990060605594458 end_tick=1990060605861250 ms_per_tick=9.9999999999999995e-07 device_ms=0.26679199999999997
PRODUCER_KERNEL_V1 stage=1 raw_iteration=1 ordinal=19 kernel=fct_commit_scalar threads=504666 begin_tick=1990060605861916 end_tick=1990060606051791 ms_per_tick=9.9999999999999995e-07 device_ms=0.18987499999999999
PRODUCER_KERNEL_V1 stage=1 raw_iteration=1 ordinal=20 kernel=owner_bind_candidate threads=1 begin_tick=1990060606052333 end_tick=1990060606056416 ms_per_tick=9.9999999999999995e-07 device_ms=0.0040829999999999998
PRODUCER_KERNEL_V1 stage=1 raw_iteration=1 ordinal=21 kernel=finalize_resident_eos_candidate threads=1 begin_tick=1990060606057000 end_tick=1990060606059583 ms_per_tick=9.9999999999999995e-07 device_ms=0.0025829999999999998
PRODUCER_KERNEL_V1 stage=1 raw_iteration=1 ordinal=22 kernel=evaluate_resident_eos_candidate threads=504666 begin_tick=1990060606060625 end_tick=1990061209739166 ms_per_tick=9.9999999999999995e-07 device_ms=603.678541
PRODUCER_KERNEL_V1 stage=1 raw_iteration=1 ordinal=23 kernel=finalize_resident_eos_candidate threads=1 begin_tick=1990061209754791 end_tick=1990061209757500 ms_per_tick=9.9999999999999995e-07 device_ms=0.002709
PRODUCER_KERNEL_V1 stage=1 raw_iteration=1 ordinal=24 kernel=identify_resident_eos threads=1 begin_tick=1990061209757916 end_tick=1990061209760708 ms_per_tick=9.9999999999999995e-07 device_ms=0.0027919999999999998
PRODUCER_KERNEL_V1 stage=1 raw_iteration=1 ordinal=25 kernel=produce_resident_frozen_source threads=504666 begin_tick=1990061209761041 end_tick=1990061209793583 ms_per_tick=9.9999999999999995e-07 device_ms=0.032542000000000001
PRODUCER_KERNEL_V1 stage=1 raw_iteration=1 ordinal=26 kernel=identify_resident_frozen_source threads=1 begin_tick=1990061209793958 end_tick=1990061209796750 ms_per_tick=9.9999999999999995e-07 device_ms=0.0027919999999999998
PRODUCER_KERNEL_V1 stage=1 raw_iteration=1 ordinal=27 kernel=evaluate_resident_target_terms threads=504666 begin_tick=1990061209797166 end_tick=1990061334594708 ms_per_tick=9.9999999999999995e-07 device_ms=124.79754199999999
PRODUCER_KERNEL_V1 stage=1 raw_iteration=1 ordinal=28 kernel=finalize_resident_target threads=1 begin_tick=1990061334609000 end_tick=1990061334611958 ms_per_tick=9.9999999999999995e-07 device_ms=0.0029579999999999997
PRODUCER_KERNEL_V1 stage=1 raw_iteration=1 ordinal=29 kernel=identify_resident_target threads=1 begin_tick=1990061334612250 end_tick=1990061334615208 ms_per_tick=9.9999999999999995e-07 device_ms=0.0029579999999999997
PRODUCER_KERNEL_V1 stage=1 raw_iteration=1 ordinal=30 kernel=issue_resident_projection_consumer threads=1 begin_tick=1990061334615625 end_tick=1990061334619541 ms_per_tick=9.9999999999999995e-07 device_ms=0.0039160000000000002
PRODUCER_KERNEL_V1 stage=1 raw_iteration=1 ordinal=31 kernel=consume_resident_target threads=1 begin_tick=1990061334619958 end_tick=1990061334624041 ms_per_tick=9.9999999999999995e-07 device_ms=0.0040829999999999998
PRODUCER_KERNEL_V1 stage=1 raw_iteration=1 ordinal=32 kernel=owner_compose_target threads=504666 begin_tick=1990061334624333 end_tick=1990061334704500 ms_per_tick=9.9999999999999995e-07 device_ms=0.080167000000000002
PRODUCER_KERNEL_V1 stage=1 raw_iteration=1 ordinal=33 kernel=finalize_resident_target threads=1 begin_tick=1990061334704916 end_tick=1990061334707333 ms_per_tick=9.9999999999999995e-07 device_ms=0.0024169999999999999
PRODUCER_KERNEL_V1 stage=1 raw_iteration=1 ordinal=34 kernel=owner_identify_target threads=1 begin_tick=1990061334707750 end_tick=1990061334711166 ms_per_tick=9.9999999999999995e-07 device_ms=0.0034159999999999998
PRODUCER_KERNEL_V1 stage=1 raw_iteration=1 ordinal=35 kernel=issue_resident_projection_consumer threads=1 begin_tick=1990061334711541 end_tick=1990061334714416 ms_per_tick=9.9999999999999995e-07 device_ms=0.002875
PRODUCER_KERNEL_V1 stage=1 raw_iteration=1 ordinal=36 kernel=consume_resident_target threads=1 begin_tick=1990061334714791 end_tick=1990061334718083 ms_per_tick=9.9999999999999995e-07 device_ms=0.0032919999999999998
PRODUCER_KERNEL_V1 stage=1 raw_iteration=1 ordinal=37 kernel=owner_issue_stage_seal threads=1 begin_tick=1990061334718375 end_tick=1990061334721583 ms_per_tick=9.9999999999999995e-07 device_ms=0.0032079999999999999
PRODUCER_KERNEL_V1 stage=1 raw_iteration=1 ordinal=38 kernel=fct_compatible_stage_rate threads=1533387 begin_tick=1990061334722291 end_tick=1990061335242583 ms_per_tick=9.9999999999999995e-07 device_ms=0.52029199999999998
PRODUCER_KERNEL_V1 stage=1 raw_iteration=1 ordinal=39 kernel=fct_compatible_stage_rate threads=1533387 begin_tick=1990061335242958 end_tick=1990061335742166 ms_per_tick=9.9999999999999995e-07 device_ms=0.49920799999999999
PRODUCER_KERNEL_V1 stage=1 raw_iteration=1 ordinal=40 kernel=owner_heun_momentum threads=1533387 begin_tick=1990061335742833 end_tick=1990061335834000 ms_per_tick=9.9999999999999995e-07 device_ms=0.091166999999999998
RISE_FIRE_OWNER_PROFILE_V1 {"scope":52,"parent":47,"phase":"BuildStageProducerGroup","stage":1,"raw_iteration":1,"iteration_kind":"picard","wall_ms":830.933208000,"device_sum_ms":749.107124982,"wall_minus_device_ms":81.826083018,"exclusive_wall_ms":830.933208000,"exclusive_device_sum_ms":749.107124982,"child_observer_wall_ms":0.000000000,"count_scope":"inclusive","owner_commits":1,"projection_invocations":0}
RISE_FIRE_OWNER_PROFILE_V1 {"scope":53,"parent":47,"phase":"Residual","stage":1,"raw_iteration":1,"iteration_kind":"picard","wall_ms":0.313959000,"device_sum_ms":0.113958493,"wall_minus_device_ms":0.200000507,"exclusive_wall_ms":0.313959000,"exclusive_device_sum_ms":0.113958493,"child_observer_wall_ms":0.000000000,"count_scope":"inclusive","owner_commits":1,"projection_invocations":0}
RISE_FIRE_OWNER_PROFILE_V1 {"scope":47,"parent":36,"phase":"PicardIteration","stage":1,"raw_iteration":1,"iteration_kind":"picard","wall_ms":847.040917000,"device_sum_ms":759.587208275,"wall_minus_device_ms":87.453708725,"exclusive_wall_ms":0.925916000,"exclusive_device_sum_ms":0.000000000,"child_observer_wall_ms":0.029293000,"count_scope":"inclusive","owner_commits":6,"projection_invocations":1}
RISE_FIRE_OWNER_PROFILE_V1 {"scope":56,"parent":55,"phase":"ProjectionAdapter","stage":1,"raw_iteration":2,"iteration_kind":"picard","wall_ms":11.578666000,"device_sum_ms":8.776750183,"wall_minus_device_ms":2.801915817,"exclusive_wall_ms":11.578666000,"exclusive_device_sum_ms":8.776750183,"child_observer_wall_ms":0.000000000,"count_scope":"inclusive","owner_commits":0,"projection_invocations":1}
RISE_FIRE_OWNER_PROFILE_V1 {"scope":55,"parent":54,"phase":"Project","stage":1,"raw_iteration":2,"iteration_kind":"picard","wall_ms":13.059333000,"device_sum_ms":8.896374842,"wall_minus_device_ms":4.162958158,"exclusive_wall_ms":1.475083000,"exclusive_device_sum_ms":0.119624659,"child_observer_wall_ms":0.005584000,"count_scope":"inclusive","owner_commits":2,"projection_invocations":1}
RISE_FIRE_OWNER_PROFILE_V1 {"scope":57,"parent":54,"phase":"ReadOpenClass","stage":1,"raw_iteration":2,"iteration_kind":"picard","wall_ms":0.162750000,"device_sum_ms":0.003250083,"wall_minus_device_ms":0.159499917,"exclusive_wall_ms":0.162750000,"exclusive_device_sum_ms":0.003250083,"child_observer_wall_ms":0.000000000,"count_scope":"inclusive","owner_commits":1,"projection_invocations":0}
RISE_FIRE_OWNER_PROFILE_V1 {"scope":58,"parent":54,"phase":"ReadOpenClass","stage":1,"raw_iteration":2,"iteration_kind":"picard","wall_ms":0.265791000,"device_sum_ms":0.130000059,"wall_minus_device_ms":0.135790941,"exclusive_wall_ms":0.265791000,"exclusive_device_sum_ms":0.130000059,"child_observer_wall_ms":0.000000000,"count_scope":"inclusive","owner_commits":1,"projection_invocations":0}
PRODUCER_COMMAND_V1 stage=1 raw_iteration=2 cpu_begin=1990061350880541 cpu_end=1990062182506750 gpu_begin=1990061350880541 gpu_end=1990062182506750 device_ms=749.96150005608797 encoders=41 interval_scope=possibly_overlapping
PRODUCER_KERNEL_V1 stage=1 raw_iteration=2 ordinal=0 kernel=owner_pack_faces threads=1533387 begin_tick=1990061432432916 end_tick=1990061432815541 ms_per_tick=9.9999999999999995e-07 device_ms=0.38262499999999999
PRODUCER_KERNEL_V1 stage=1 raw_iteration=2 ordinal=1 kernel=owner_pack_faces threads=1533387 begin_tick=1990061432518583 end_tick=1990061432815583 ms_per_tick=9.9999999999999995e-07 device_ms=0.29699999999999999
PRODUCER_KERNEL_V1 stage=1 raw_iteration=2 ordinal=2 kernel=owner_pack_faces threads=1533387 begin_tick=1990061432815541 end_tick=1990061433894625 ms_per_tick=9.9999999999999995e-07 device_ms=1.0790839999999999
PRODUCER_KERNEL_V1 stage=1 raw_iteration=2 ordinal=3 kernel=fct_extract_gas_density threads=504666 begin_tick=1990061433239291 end_tick=1990061433894500 ms_per_tick=9.9999999999999995e-07 device_ms=0.65520899999999993
PRODUCER_KERNEL_V1 stage=1 raw_iteration=2 ordinal=4 kernel=owner_gas_source threads=504666 begin_tick=1990061432816125 end_tick=1990061433239291 ms_per_tick=9.9999999999999995e-07 device_ms=0.42316599999999999
PRODUCER_KERNEL_V1 stage=1 raw_iteration=2 ordinal=5 kernel=evaluate_resident_transport threads=504666 begin_tick=1990061433920291 end_tick=1990061434624166 ms_per_tick=9.9999999999999995e-07 device_ms=0.70387499999999992
PRODUCER_KERNEL_V1 stage=1 raw_iteration=2 ordinal=6 kernel=identify_resident_transport threads=1 begin_tick=1990061434642958 end_tick=1990061434646125 ms_per_tick=9.9999999999999995e-07 device_ms=0.0031669999999999997
PRODUCER_KERNEL_V1 stage=1 raw_iteration=2 ordinal=7 kernel=owner_bind_transport threads=1 begin_tick=1990061434646625 end_tick=1990061434650250 ms_per_tick=9.9999999999999995e-07 device_ms=0.0036249999999999998
PRODUCER_KERNEL_V1 stage=1 raw_iteration=2 ordinal=8 kernel=identify_resident_owner_endpoint_class threads=1 begin_tick=1990061434650541 end_tick=1990061434654125 ms_per_tick=9.9999999999999995e-07 device_ms=0.0035839999999999999
PRODUCER_KERNEL_V1 stage=1 raw_iteration=2 ordinal=9 kernel=evaluate_resident_physical_flux threads=1533387 begin_tick=1990061434654625 end_tick=1990061436118041 ms_per_tick=9.9999999999999995e-07 device_ms=1.4634159999999998
PRODUCER_KERNEL_V1 stage=1 raw_iteration=2 ordinal=10 kernel=evaluate_resident_advective_pair threads=13800483 begin_tick=1990061435357666 end_tick=1990061442858000 ms_per_tick=9.9999999999999995e-07 device_ms=7.5003339999999996
PRODUCER_KERNEL_V1 stage=1 raw_iteration=2 ordinal=11 kernel=finalize_resident_advective_high threads=13800483 begin_tick=1990061442879083 end_tick=1990061443299791 ms_per_tick=9.9999999999999995e-07 device_ms=0.42070799999999997
PRODUCER_KERNEL_V1 stage=1 raw_iteration=2 ordinal=12 kernel=compose_resident_flux_pair threads=13800483 begin_tick=1990061443300166 end_tick=1990061444186708 ms_per_tick=9.9999999999999995e-07 device_ms=0.88654199999999994
PRODUCER_KERNEL_V1 stage=1 raw_iteration=2 ordinal=13 kernel=validate_resident_physical_flux threads=13800483 begin_tick=1990061444187375 end_tick=1990061445043125 ms_per_tick=9.9999999999999995e-07 device_ms=0.85575000000000001
PRODUCER_KERNEL_V1 stage=1 raw_iteration=2 ordinal=14 kernel=identify_resident_physical_flux threads=32 begin_tick=1990061445043625 end_tick=1990061445046750 ms_per_tick=9.9999999999999995e-07 device_ms=0.0031249999999999997
PRODUCER_KERNEL_V1 stage=1 raw_iteration=2 ordinal=15 kernel=owner_average_flux threads=13800483 begin_tick=1990061445047208 end_tick=1990061445846708 ms_per_tick=9.9999999999999995e-07 device_ms=0.79949999999999999
PRODUCER_KERNEL_V1 stage=1 raw_iteration=2 ordinal=16 kernel=owner_bind_averaged_flux threads=1 begin_tick=1990061445847250 end_tick=1990061445851083 ms_per_tick=9.9999999999999995e-07 device_ms=0.003833
PRODUCER_KERNEL_V1 stage=1 raw_iteration=2 ordinal=17 kernel=fct_build_ratios threads=5551326 begin_tick=1990061445851708 end_tick=1990061449475541 ms_per_tick=9.9999999999999995e-07 device_ms=3.6238329999999999
PRODUCER_KERNEL_V1 stage=1 raw_iteration=2 ordinal=18 kernel=fct_build_face_alpha threads=1533387 begin_tick=1990061449476250 end_tick=1990061449742583 ms_per_tick=9.9999999999999995e-07 device_ms=0.26633299999999999
PRODUCER_KERNEL_V1 stage=1 raw_iteration=2 ordinal=19 kernel=fct_commit_scalar threads=504666 begin_tick=1990061449743375 end_tick=1990061449931583 ms_per_tick=9.9999999999999995e-07 device_ms=0.18820799999999999
PRODUCER_KERNEL_V1 stage=1 raw_iteration=2 ordinal=20 kernel=owner_bind_candidate threads=1 begin_tick=1990061449932250 end_tick=1990061449936291 ms_per_tick=9.9999999999999995e-07 device_ms=0.0040409999999999995
PRODUCER_KERNEL_V1 stage=1 raw_iteration=2 ordinal=21 kernel=finalize_resident_eos_candidate threads=1 begin_tick=1990061449936875 end_tick=1990061449939583 ms_per_tick=9.9999999999999995e-07 device_ms=0.0027079999999999999
PRODUCER_KERNEL_V1 stage=1 raw_iteration=2 ordinal=22 kernel=evaluate_resident_eos_candidate threads=504666 begin_tick=1990061449940375 end_tick=1990062053914416 ms_per_tick=9.9999999999999995e-07 device_ms=603.97404099999994
PRODUCER_KERNEL_V1 stage=1 raw_iteration=2 ordinal=23 kernel=finalize_resident_eos_candidate threads=1 begin_tick=1990062053952083 end_tick=1990062053997625 ms_per_tick=9.9999999999999995e-07 device_ms=0.045541999999999999
PRODUCER_KERNEL_V1 stage=1 raw_iteration=2 ordinal=24 kernel=identify_resident_eos threads=1 begin_tick=1990062053998000 end_tick=1990062054000916 ms_per_tick=9.9999999999999995e-07 device_ms=0.0029159999999999998
PRODUCER_KERNEL_V1 stage=1 raw_iteration=2 ordinal=25 kernel=produce_resident_frozen_source threads=504666 begin_tick=1990062054001250 end_tick=1990062054033083 ms_per_tick=9.9999999999999995e-07 device_ms=0.031833
PRODUCER_KERNEL_V1 stage=1 raw_iteration=2 ordinal=26 kernel=identify_resident_frozen_source threads=1 begin_tick=1990062054033500 end_tick=1990062054036041 ms_per_tick=9.9999999999999995e-07 device_ms=0.0025409999999999999
PRODUCER_KERNEL_V1 stage=1 raw_iteration=2 ordinal=27 kernel=evaluate_resident_target_terms threads=504666 begin_tick=1990062054036458 end_tick=1990062180743375 ms_per_tick=9.9999999999999995e-07 device_ms=126.70691699999999
PRODUCER_KERNEL_V1 stage=1 raw_iteration=2 ordinal=28 kernel=finalize_resident_target threads=1 begin_tick=1990062180757541 end_tick=1990062180760750 ms_per_tick=9.9999999999999995e-07 device_ms=0.003209
PRODUCER_KERNEL_V1 stage=1 raw_iteration=2 ordinal=29 kernel=identify_resident_target threads=1 begin_tick=1990062180761041 end_tick=1990062180764291 ms_per_tick=9.9999999999999995e-07 device_ms=0.0032499999999999999
PRODUCER_KERNEL_V1 stage=1 raw_iteration=2 ordinal=30 kernel=issue_resident_projection_consumer threads=1 begin_tick=1990062180764666 end_tick=1990062180768583 ms_per_tick=9.9999999999999995e-07 device_ms=0.0039169999999999995
PRODUCER_KERNEL_V1 stage=1 raw_iteration=2 ordinal=31 kernel=consume_resident_target threads=1 begin_tick=1990062180769416 end_tick=1990062180773583 ms_per_tick=9.9999999999999995e-07 device_ms=0.0041669999999999997
PRODUCER_KERNEL_V1 stage=1 raw_iteration=2 ordinal=32 kernel=owner_compose_target threads=504666 begin_tick=1990062180774000 end_tick=1990062180853625 ms_per_tick=9.9999999999999995e-07 device_ms=0.079625000000000001
PRODUCER_KERNEL_V1 stage=1 raw_iteration=2 ordinal=33 kernel=finalize_resident_target threads=1 begin_tick=1990062180854000 end_tick=1990062180856500 ms_per_tick=9.9999999999999995e-07 device_ms=0.0025000000000000001
PRODUCER_KERNEL_V1 stage=1 raw_iteration=2 ordinal=34 kernel=owner_identify_target threads=1 begin_tick=1990062180856916 end_tick=1990062180860083 ms_per_tick=9.9999999999999995e-07 device_ms=0.0031669999999999997
PRODUCER_KERNEL_V1 stage=1 raw_iteration=2 ordinal=35 kernel=issue_resident_projection_consumer threads=1 begin_tick=1990062180860500 end_tick=1990062180863416 ms_per_tick=9.9999999999999995e-07 device_ms=0.0029159999999999998
PRODUCER_KERNEL_V1 stage=1 raw_iteration=2 ordinal=36 kernel=consume_resident_target threads=1 begin_tick=1990062180863791 end_tick=1990062180867041 ms_per_tick=9.9999999999999995e-07 device_ms=0.0032499999999999999
PRODUCER_KERNEL_V1 stage=1 raw_iteration=2 ordinal=37 kernel=owner_issue_stage_seal threads=1 begin_tick=1990062180867416 end_tick=1990062180870333 ms_per_tick=9.9999999999999995e-07 device_ms=0.0029169999999999999
PRODUCER_KERNEL_V1 stage=1 raw_iteration=2 ordinal=38 kernel=fct_compatible_stage_rate threads=1533387 begin_tick=1990062181268125 end_tick=1990062181788958 ms_per_tick=9.9999999999999995e-07 device_ms=0.52083299999999999
PRODUCER_KERNEL_V1 stage=1 raw_iteration=2 ordinal=39 kernel=fct_compatible_stage_rate threads=1533387 begin_tick=1990062181789375 end_tick=1990062182291708 ms_per_tick=9.9999999999999995e-07 device_ms=0.50233300000000003
PRODUCER_KERNEL_V1 stage=1 raw_iteration=2 ordinal=40 kernel=owner_heun_momentum threads=1533387 begin_tick=1990062182292250 end_tick=1990062182383250 ms_per_tick=9.9999999999999995e-07 device_ms=0.090999999999999998
RISE_FIRE_OWNER_PROFILE_V1 {"scope":59,"parent":54,"phase":"BuildStageProducerGroup","stage":1,"raw_iteration":2,"iteration_kind":"picard","wall_ms":831.794000000,"device_sum_ms":749.961500056,"wall_minus_device_ms":81.832499944,"exclusive_wall_ms":831.794000000,"exclusive_device_sum_ms":749.961500056,"child_observer_wall_ms":0.000000000,"count_scope":"inclusive","owner_commits":1,"projection_invocations":0}
RISE_FIRE_OWNER_PROFILE_V1 {"scope":60,"parent":54,"phase":"Residual","stage":1,"raw_iteration":2,"iteration_kind":"picard","wall_ms":0.333833000,"device_sum_ms":0.115999952,"wall_minus_device_ms":0.217833048,"exclusive_wall_ms":0.333833000,"exclusive_device_sum_ms":0.115999952,"child_observer_wall_ms":0.000000000,"count_scope":"inclusive","owner_commits":1,"projection_invocations":0}
RISE_FIRE_OWNER_PROFILE_V1 {"scope":63,"parent":62,"phase":"ProjectionAdapter","stage":1,"raw_iteration":2147483650,"iteration_kind":"terminal","wall_ms":12.016125000,"device_sum_ms":9.183208225,"wall_minus_device_ms":2.832916775,"exclusive_wall_ms":12.016125000,"exclusive_device_sum_ms":9.183208225,"child_observer_wall_ms":0.000000000,"count_scope":"inclusive","owner_commits":0,"projection_invocations":1}
RISE_FIRE_OWNER_PROFILE_V1 {"scope":62,"parent":61,"phase":"Project","stage":1,"raw_iteration":2147483650,"iteration_kind":"terminal","wall_ms":12.612500000,"device_sum_ms":9.220749838,"wall_minus_device_ms":3.391750162,"exclusive_wall_ms":0.588083000,"exclusive_device_sum_ms":0.037541613,"child_observer_wall_ms":0.008292000,"count_scope":"inclusive","owner_commits":2,"projection_invocations":1}
RISE_FIRE_OWNER_PROFILE_V1 {"scope":64,"parent":61,"phase":"ReadOpenClass","stage":1,"raw_iteration":2147483650,"iteration_kind":"terminal","wall_ms":0.153791000,"device_sum_ms":0.002416782,"wall_minus_device_ms":0.151374218,"exclusive_wall_ms":0.153791000,"exclusive_device_sum_ms":0.002416782,"child_observer_wall_ms":0.000000000,"count_scope":"inclusive","owner_commits":1,"projection_invocations":0}
RISE_FIRE_OWNER_PROFILE_V1 {"scope":65,"parent":61,"phase":"ReadOpenClass","stage":1,"raw_iteration":2147483650,"iteration_kind":"terminal","wall_ms":0.145833000,"device_sum_ms":0.002374873,"wall_minus_device_ms":0.143458127,"exclusive_wall_ms":0.145833000,"exclusive_device_sum_ms":0.002374873,"child_observer_wall_ms":0.000000000,"count_scope":"inclusive","owner_commits":1,"projection_invocations":0}
PRODUCER_COMMAND_V1 stage=1 raw_iteration=2147483650 cpu_begin=1990062195961000 cpu_end=1990063022964708 gpu_begin=1990062195961000 gpu_end=1990063022964708 device_ms=744.67425001785159 encoders=41 interval_scope=possibly_overlapping
PRODUCER_KERNEL_V1 stage=1 raw_iteration=2147483650 ordinal=0 kernel=owner_pack_faces threads=1533387 begin_tick=1990062278193250 end_tick=1990062278253875 ms_per_tick=9.9999999999999995e-07 device_ms=0.060624999999999998
PRODUCER_KERNEL_V1 stage=1 raw_iteration=2147483650 ordinal=1 kernel=owner_pack_faces threads=1533387 begin_tick=1990062278253875 end_tick=1990062278598250 ms_per_tick=9.9999999999999995e-07 device_ms=0.34437499999999999
PRODUCER_KERNEL_V1 stage=1 raw_iteration=2147483650 ordinal=2 kernel=owner_pack_faces threads=1533387 begin_tick=1990062278191291 end_tick=1990062278254083 ms_per_tick=9.9999999999999995e-07 device_ms=0.062792000000000001
PRODUCER_KERNEL_V1 stage=1 raw_iteration=2147483650 ordinal=3 kernel=fct_extract_gas_density threads=504666 begin_tick=1990062278254375 end_tick=1990062278308833 ms_per_tick=9.9999999999999995e-07 device_ms=0.054457999999999999
PRODUCER_KERNEL_V1 stage=1 raw_iteration=2147483650 ordinal=4 kernel=owner_gas_source threads=504666 begin_tick=1990062278598666 end_tick=1990062278758625 ms_per_tick=9.9999999999999995e-07 device_ms=0.15995899999999999
PRODUCER_KERNEL_V1 stage=1 raw_iteration=2147483650 ordinal=5 kernel=evaluate_resident_transport threads=504666 begin_tick=1990062278308833 end_tick=1990062278772666 ms_per_tick=9.9999999999999995e-07 device_ms=0.463833
PRODUCER_KERNEL_V1 stage=1 raw_iteration=2147483650 ordinal=6 kernel=identify_resident_transport threads=1 begin_tick=1990062278773041 end_tick=1990062278776166 ms_per_tick=9.9999999999999995e-07 device_ms=0.0031249999999999997
PRODUCER_KERNEL_V1 stage=1 raw_iteration=2147483650 ordinal=7 kernel=owner_bind_transport threads=1 begin_tick=1990062278776708 end_tick=1990062278780750 ms_per_tick=9.9999999999999995e-07 device_ms=0.0040419999999999996
PRODUCER_KERNEL_V1 stage=1 raw_iteration=2147483650 ordinal=8 kernel=identify_resident_owner_endpoint_class threads=1 begin_tick=1990062278781125 end_tick=1990062278784875 ms_per_tick=9.9999999999999995e-07 device_ms=0.0037499999999999999
PRODUCER_KERNEL_V1 stage=1 raw_iteration=2147483650 ordinal=9 kernel=evaluate_resident_physical_flux threads=1533387 begin_tick=1990062279601625 end_tick=1990062280723541 ms_per_tick=9.9999999999999995e-07 device_ms=1.1219159999999999
PRODUCER_KERNEL_V1 stage=1 raw_iteration=2147483650 ordinal=10 kernel=evaluate_resident_advective_pair threads=13800483 begin_tick=1990062280958625 end_tick=1990062289578000 ms_per_tick=9.9999999999999995e-07 device_ms=8.6193749999999998
PRODUCER_KERNEL_V1 stage=1 raw_iteration=2147483650 ordinal=11 kernel=finalize_resident_advective_high threads=13800483 begin_tick=1990062289597000 end_tick=1990062290190250 ms_per_tick=9.9999999999999995e-07 device_ms=0.59324999999999994
PRODUCER_KERNEL_V1 stage=1 raw_iteration=2147483650 ordinal=12 kernel=compose_resident_flux_pair threads=13800483 begin_tick=1990062290190625 end_tick=1990062291083083 ms_per_tick=9.9999999999999995e-07 device_ms=0.89245799999999997
PRODUCER_KERNEL_V1 stage=1 raw_iteration=2147483650 ordinal=13 kernel=validate_resident_physical_flux threads=13800483 begin_tick=1990062291083625 end_tick=1990062291919583 ms_per_tick=9.9999999999999995e-07 device_ms=0.83595799999999998
PRODUCER_KERNEL_V1 stage=1 raw_iteration=2147483650 ordinal=14 kernel=identify_resident_physical_flux threads=32 begin_tick=1990062291920291 end_tick=1990062291923750 ms_per_tick=9.9999999999999995e-07 device_ms=0.0034589999999999998
PRODUCER_KERNEL_V1 stage=1 raw_iteration=2147483650 ordinal=15 kernel=owner_average_flux threads=13800483 begin_tick=1990062291924291 end_tick=1990062292725083 ms_per_tick=9.9999999999999995e-07 device_ms=0.80079199999999995
PRODUCER_KERNEL_V1 stage=1 raw_iteration=2147483650 ordinal=16 kernel=owner_bind_averaged_flux threads=1 begin_tick=1990062292725625 end_tick=1990062292729791 ms_per_tick=9.9999999999999995e-07 device_ms=0.0041659999999999996
PRODUCER_KERNEL_V1 stage=1 raw_iteration=2147483650 ordinal=17 kernel=fct_build_ratios threads=5551326 begin_tick=1990062292730208 end_tick=1990062296350500 ms_per_tick=9.9999999999999995e-07 device_ms=3.6202919999999996
PRODUCER_KERNEL_V1 stage=1 raw_iteration=2147483650 ordinal=18 kernel=fct_build_face_alpha threads=1533387 begin_tick=1990062296351125 end_tick=1990062296617750 ms_per_tick=9.9999999999999995e-07 device_ms=0.266625
PRODUCER_KERNEL_V1 stage=1 raw_iteration=2147483650 ordinal=19 kernel=fct_commit_scalar threads=504666 begin_tick=1990062296618375 end_tick=1990062296810625 ms_per_tick=9.9999999999999995e-07 device_ms=0.19225
PRODUCER_KERNEL_V1 stage=1 raw_iteration=2147483650 ordinal=20 kernel=owner_bind_candidate threads=1 begin_tick=1990062296811041 end_tick=1990062296815375 ms_per_tick=9.9999999999999995e-07 device_ms=0.0043340000000000002
PRODUCER_KERNEL_V1 stage=1 raw_iteration=2147483650 ordinal=21 kernel=finalize_resident_eos_candidate threads=1 begin_tick=1990062296815958 end_tick=1990062296818416 ms_per_tick=9.9999999999999995e-07 device_ms=0.0024579999999999997
PRODUCER_KERNEL_V1 stage=1 raw_iteration=2147483650 ordinal=22 kernel=evaluate_resident_eos_candidate threads=504666 begin_tick=1990062296819333 end_tick=1990062896954000 ms_per_tick=9.9999999999999995e-07 device_ms=600.13466699999992
PRODUCER_KERNEL_V1 stage=1 raw_iteration=2147483650 ordinal=23 kernel=finalize_resident_eos_candidate threads=1 begin_tick=1990062896965083 end_tick=1990062896967916 ms_per_tick=9.9999999999999995e-07 device_ms=0.002833
PRODUCER_KERNEL_V1 stage=1 raw_iteration=2147483650 ordinal=24 kernel=identify_resident_eos threads=1 begin_tick=1990062896968208 end_tick=1990062896971000 ms_per_tick=9.9999999999999995e-07 device_ms=0.0027919999999999998
PRODUCER_KERNEL_V1 stage=1 raw_iteration=2147483650 ordinal=25 kernel=produce_resident_frozen_source threads=504666 begin_tick=1990062896971416 end_tick=1990062897003625 ms_per_tick=9.9999999999999995e-07 device_ms=0.032209000000000002
PRODUCER_KERNEL_V1 stage=1 raw_iteration=2147483650 ordinal=26 kernel=identify_resident_frozen_source threads=1 begin_tick=1990062897004000 end_tick=1990062897006875 ms_per_tick=9.9999999999999995e-07 device_ms=0.002875
PRODUCER_KERNEL_V1 stage=1 raw_iteration=2147483650 ordinal=27 kernel=evaluate_resident_target_terms threads=504666 begin_tick=1990062897007291 end_tick=1990063021623750 ms_per_tick=9.9999999999999995e-07 device_ms=124.61645899999999
PRODUCER_KERNEL_V1 stage=1 raw_iteration=2147483650 ordinal=28 kernel=finalize_resident_target threads=1 begin_tick=1990063021639875 end_tick=1990063021643291 ms_per_tick=9.9999999999999995e-07 device_ms=0.0034159999999999998
PRODUCER_KERNEL_V1 stage=1 raw_iteration=2147483650 ordinal=29 kernel=identify_resident_target threads=1 begin_tick=1990063021643708 end_tick=1990063021646541 ms_per_tick=9.9999999999999995e-07 device_ms=0.002833
PRODUCER_KERNEL_V1 stage=1 raw_iteration=2147483650 ordinal=30 kernel=issue_resident_projection_consumer threads=1 begin_tick=1990063021646958 end_tick=1990063021651125 ms_per_tick=9.9999999999999995e-07 device_ms=0.0041669999999999997
PRODUCER_KERNEL_V1 stage=1 raw_iteration=2147483650 ordinal=31 kernel=consume_resident_target threads=1 begin_tick=1990063021651541 end_tick=1990063021655625 ms_per_tick=9.9999999999999995e-07 device_ms=0.004084
PRODUCER_KERNEL_V1 stage=1 raw_iteration=2147483650 ordinal=32 kernel=owner_compose_target threads=504666 begin_tick=1990063021655916 end_tick=1990063021735625 ms_per_tick=9.9999999999999995e-07 device_ms=0.079709000000000002
PRODUCER_KERNEL_V1 stage=1 raw_iteration=2147483650 ordinal=33 kernel=finalize_resident_target threads=1 begin_tick=1990063021736000 end_tick=1990063021738375 ms_per_tick=9.9999999999999995e-07 device_ms=0.0023749999999999999
PRODUCER_KERNEL_V1 stage=1 raw_iteration=2147483650 ordinal=34 kernel=owner_identify_target threads=1 begin_tick=1990063021738791 end_tick=1990063021742166 ms_per_tick=9.9999999999999995e-07 device_ms=0.003375
PRODUCER_KERNEL_V1 stage=1 raw_iteration=2147483650 ordinal=35 kernel=issue_resident_projection_consumer threads=1 begin_tick=1990063021742583 end_tick=1990063021745500 ms_per_tick=9.9999999999999995e-07 device_ms=0.0029169999999999999
PRODUCER_KERNEL_V1 stage=1 raw_iteration=2147483650 ordinal=36 kernel=consume_resident_target threads=1 begin_tick=1990063021745875 end_tick=1990063021749291 ms_per_tick=9.9999999999999995e-07 device_ms=0.0034159999999999998
PRODUCER_KERNEL_V1 stage=1 raw_iteration=2147483650 ordinal=37 kernel=owner_issue_stage_seal threads=1 begin_tick=1990063021749708 end_tick=1990063021752625 ms_per_tick=9.9999999999999995e-07 device_ms=0.0029169999999999999
PRODUCER_KERNEL_V1 stage=1 raw_iteration=2147483650 ordinal=38 kernel=fct_compatible_stage_rate threads=1533387 begin_tick=1990063021753416 end_tick=1990063022269500 ms_per_tick=9.9999999999999995e-07 device_ms=0.51608399999999999
PRODUCER_KERNEL_V1 stage=1 raw_iteration=2147483650 ordinal=39 kernel=fct_compatible_stage_rate threads=1533387 begin_tick=1990063022269875 end_tick=1990063022767291 ms_per_tick=9.9999999999999995e-07 device_ms=0.49741599999999997
PRODUCER_KERNEL_V1 stage=1 raw_iteration=2147483650 ordinal=40 kernel=owner_heun_momentum threads=1533387 begin_tick=1990063022767958 end_tick=1990063022859833 ms_per_tick=9.9999999999999995e-07 device_ms=0.091874999999999998
RISE_FIRE_OWNER_PROFILE_V1 {"scope":66,"parent":61,"phase":"BuildStageProducerGroup","stage":1,"raw_iteration":2147483650,"iteration_kind":"terminal","wall_ms":827.146125000,"device_sum_ms":744.674250018,"wall_minus_device_ms":82.471874982,"exclusive_wall_ms":827.146125000,"exclusive_device_sum_ms":744.674250018,"child_observer_wall_ms":0.000000000,"count_scope":"inclusive","owner_commits":1,"projection_invocations":0}
RISE_FIRE_OWNER_PROFILE_V1 {"scope":67,"parent":61,"phase":"AlphaResidual","stage":1,"raw_iteration":2147483650,"iteration_kind":"terminal","wall_ms":0.267458000,"device_sum_ms":0.054666540,"wall_minus_device_ms":0.212791460,"exclusive_wall_ms":0.267458000,"exclusive_device_sum_ms":0.054666540,"child_observer_wall_ms":0.000000000,"count_scope":"inclusive","owner_commits":1,"projection_invocations":0}
RISE_FIRE_OWNER_PROFILE_V1 {"scope":68,"parent":61,"phase":"Residual","stage":1,"raw_iteration":2147483650,"iteration_kind":"terminal","wall_ms":0.311750000,"device_sum_ms":0.111249974,"wall_minus_device_ms":0.200500026,"exclusive_wall_ms":0.311750000,"exclusive_device_sum_ms":0.111249974,"child_observer_wall_ms":0.000000000,"count_scope":"inclusive","owner_commits":1,"projection_invocations":0}
RISE_FIRE_OWNER_PROFILE_V1 {"scope":61,"parent":54,"phase":"TerminalVerification","stage":1,"raw_iteration":2147483650,"iteration_kind":"terminal","wall_ms":840.676792000,"device_sum_ms":754.065708024,"wall_minus_device_ms":86.611083976,"exclusive_wall_ms":0.004334000,"exclusive_device_sum_ms":0.000000000,"child_observer_wall_ms":0.035001000,"count_scope":"inclusive","owner_commits":7,"projection_invocations":1}
RISE_FIRE_OWNER_PROFILE_V1 {"scope":54,"parent":36,"phase":"PicardIteration","stage":1,"raw_iteration":2,"iteration_kind":"picard","wall_ms":1686.778125000,"device_sum_ms":1513.172833016,"wall_minus_device_ms":173.605291984,"exclusive_wall_ms":0.445376000,"exclusive_device_sum_ms":0.000000000,"child_observer_wall_ms":0.040250000,"count_scope":"inclusive","owner_commits":13,"projection_invocations":2}
RISE_FIRE_OWNER_PROFILE_V1 {"scope":36,"parent":1,"phase":"SolveStage","stage":1,"raw_iteration":4294967295,"iteration_kind":"bootstrap","wall_ms":4243.592042000,"device_sum_ms":3806.278624106,"wall_minus_device_ms":437.313417894,"exclusive_wall_ms":3.023125000,"exclusive_device_sum_ms":0.000000000,"child_observer_wall_ms":0.028917000,"count_scope":"inclusive","owner_commits":28,"projection_invocations":5}
RISE_FIRE_OWNER_PROFILE_V1 {"scope":71,"parent":70,"phase":"ProjectionAdapter","stage":2,"raw_iteration":4294967295,"iteration_kind":"bootstrap","wall_ms":13.253125000,"device_sum_ms":10.452708462,"wall_minus_device_ms":2.800416538,"exclusive_wall_ms":13.253125000,"exclusive_device_sum_ms":10.452708462,"child_observer_wall_ms":0.000000000,"count_scope":"inclusive","owner_commits":0,"projection_invocations":1}
RISE_FIRE_OWNER_PROFILE_V1 {"scope":70,"parent":69,"phase":"Project","stage":2,"raw_iteration":4294967295,"iteration_kind":"bootstrap","wall_ms":13.746334000,"device_sum_ms":10.492916685,"wall_minus_device_ms":3.253417315,"exclusive_wall_ms":0.484709000,"exclusive_device_sum_ms":0.040208222,"child_observer_wall_ms":0.008500000,"count_scope":"inclusive","owner_commits":2,"projection_invocations":1}
PRODUCER_COMMAND_V1 stage=2 raw_iteration=4294967295 cpu_begin=1990063042159875 cpu_end=1990063868498833 gpu_begin=1990063042159875 gpu_end=1990063868498833 device_ms=744.74920844659209 encoders=35 interval_scope=possibly_overlapping
PRODUCER_KERNEL_V1 stage=2 raw_iteration=4294967295 ordinal=0 kernel=owner_pack_faces threads=1533387 begin_tick=1990063123648833 end_tick=1990063123703041 ms_per_tick=9.9999999999999995e-07 device_ms=0.054207999999999999
PRODUCER_KERNEL_V1 stage=2 raw_iteration=4294967295 ordinal=1 kernel=owner_pack_faces threads=1533387 begin_tick=1990063123698958 end_tick=1990063124035500 ms_per_tick=9.9999999999999995e-07 device_ms=0.33654200000000001
PRODUCER_KERNEL_V1 stage=2 raw_iteration=4294967295 ordinal=2 kernel=owner_pack_faces threads=1533387 begin_tick=1990063123644750 end_tick=1990063123698958 ms_per_tick=9.9999999999999995e-07 device_ms=0.054207999999999999
PRODUCER_KERNEL_V1 stage=2 raw_iteration=4294967295 ordinal=3 kernel=fct_extract_gas_density threads=504666 begin_tick=1990063123703583 end_tick=1990063123756916 ms_per_tick=9.9999999999999995e-07 device_ms=0.053332999999999998
PRODUCER_KERNEL_V1 stage=2 raw_iteration=4294967295 ordinal=4 kernel=owner_gas_source threads=504666 begin_tick=1990063124036166 end_tick=1990063124206750 ms_per_tick=9.9999999999999995e-07 device_ms=0.17058399999999999
PRODUCER_KERNEL_V1 stage=2 raw_iteration=4294967295 ordinal=5 kernel=evaluate_resident_transport threads=504666 begin_tick=1990063123756958 end_tick=1990063124219875 ms_per_tick=9.9999999999999995e-07 device_ms=0.46291699999999997
PRODUCER_KERNEL_V1 stage=2 raw_iteration=4294967295 ordinal=6 kernel=identify_resident_transport threads=1 begin_tick=1990063124220250 end_tick=1990063124223083 ms_per_tick=9.9999999999999995e-07 device_ms=0.002833
PRODUCER_KERNEL_V1 stage=2 raw_iteration=4294967295 ordinal=7 kernel=owner_bind_transport threads=1 begin_tick=1990063124223750 end_tick=1990063124227416 ms_per_tick=9.9999999999999995e-07 device_ms=0.003666
PRODUCER_KERNEL_V1 stage=2 raw_iteration=4294967295 ordinal=8 kernel=identify_resident_owner_endpoint_class threads=1 begin_tick=1990063124227791 end_tick=1990063124231333 ms_per_tick=9.9999999999999995e-07 device_ms=0.003542
PRODUCER_KERNEL_V1 stage=2 raw_iteration=4294967295 ordinal=9 kernel=evaluate_resident_physical_flux threads=1533387 begin_tick=1990063125058791 end_tick=1990063126173250 ms_per_tick=9.9999999999999995e-07 device_ms=1.1144589999999999
PRODUCER_KERNEL_V1 stage=2 raw_iteration=4294967295 ordinal=10 kernel=evaluate_resident_advective_pair threads=13800483 begin_tick=1990063126414166 end_tick=1990063134786791 ms_per_tick=9.9999999999999995e-07 device_ms=8.3726249999999993
PRODUCER_KERNEL_V1 stage=2 raw_iteration=4294967295 ordinal=11 kernel=finalize_resident_advective_high threads=13800483 begin_tick=1990063134801208 end_tick=1990063135372541 ms_per_tick=9.9999999999999995e-07 device_ms=0.57133299999999998
PRODUCER_KERNEL_V1 stage=2 raw_iteration=4294967295 ordinal=12 kernel=compose_resident_flux_pair threads=13800483 begin_tick=1990063135373083 end_tick=1990063136256166 ms_per_tick=9.9999999999999995e-07 device_ms=0.88308299999999995
PRODUCER_KERNEL_V1 stage=2 raw_iteration=4294967295 ordinal=13 kernel=validate_resident_physical_flux threads=13800483 begin_tick=1990063136256708 end_tick=1990063137156208 ms_per_tick=9.9999999999999995e-07 device_ms=0.89949999999999997
PRODUCER_KERNEL_V1 stage=2 raw_iteration=4294967295 ordinal=14 kernel=identify_resident_physical_flux threads=32 begin_tick=1990063137156708 end_tick=1990063137160083 ms_per_tick=9.9999999999999995e-07 device_ms=0.003375
PRODUCER_KERNEL_V1 stage=2 raw_iteration=4294967295 ordinal=15 kernel=owner_bind_candidate threads=1 begin_tick=1990063137160458 end_tick=1990063137164000 ms_per_tick=9.9999999999999995e-07 device_ms=0.003542
PRODUCER_KERNEL_V1 stage=2 raw_iteration=4294967295 ordinal=16 kernel=finalize_resident_eos_candidate threads=1 begin_tick=1990063137164291 end_tick=1990063137166625 ms_per_tick=9.9999999999999995e-07 device_ms=0.0023339999999999997
PRODUCER_KERNEL_V1 stage=2 raw_iteration=4294967295 ordinal=17 kernel=evaluate_resident_eos_candidate threads=504666 begin_tick=1990063137167416 end_tick=1990063742927666 ms_per_tick=9.9999999999999995e-07 device_ms=605.76024999999993
PRODUCER_KERNEL_V1 stage=2 raw_iteration=4294967295 ordinal=18 kernel=finalize_resident_eos_candidate threads=1 begin_tick=1990063742943291 end_tick=1990063742945875 ms_per_tick=9.9999999999999995e-07 device_ms=0.0025839999999999999
PRODUCER_KERNEL_V1 stage=2 raw_iteration=4294967295 ordinal=19 kernel=identify_resident_eos threads=1 begin_tick=1990063742946375 end_tick=1990063742949083 ms_per_tick=9.9999999999999995e-07 device_ms=0.0027079999999999999
PRODUCER_KERNEL_V1 stage=2 raw_iteration=4294967295 ordinal=20 kernel=produce_resident_frozen_source threads=504666 begin_tick=1990063742949375 end_tick=1990063742981375 ms_per_tick=9.9999999999999995e-07 device_ms=0.032000000000000001
PRODUCER_KERNEL_V1 stage=2 raw_iteration=4294967295 ordinal=21 kernel=identify_resident_frozen_source threads=1 begin_tick=1990063742982000 end_tick=1990063742984750 ms_per_tick=9.9999999999999995e-07 device_ms=0.0027499999999999998
PRODUCER_KERNEL_V1 stage=2 raw_iteration=4294967295 ordinal=22 kernel=evaluate_resident_target_terms threads=504666 begin_tick=1990063742985125 end_tick=1990063867693208 ms_per_tick=9.9999999999999995e-07 device_ms=124.70808299999999
PRODUCER_KERNEL_V1 stage=2 raw_iteration=4294967295 ordinal=23 kernel=finalize_resident_target threads=1 begin_tick=1990063867709125 end_tick=1990063867712333 ms_per_tick=9.9999999999999995e-07 device_ms=0.0032079999999999999
PRODUCER_KERNEL_V1 stage=2 raw_iteration=4294967295 ordinal=24 kernel=identify_resident_target threads=1 begin_tick=1990063867712625 end_tick=1990063867715833 ms_per_tick=9.9999999999999995e-07 device_ms=0.0032079999999999999
PRODUCER_KERNEL_V1 stage=2 raw_iteration=4294967295 ordinal=25 kernel=issue_resident_projection_consumer threads=1 begin_tick=1990063867716291 end_tick=1990063867720250 ms_per_tick=9.9999999999999995e-07 device_ms=0.0039589999999999998
PRODUCER_KERNEL_V1 stage=2 raw_iteration=4294967295 ordinal=26 kernel=consume_resident_target threads=1 begin_tick=1990063867720541 end_tick=1990063867724833 ms_per_tick=9.9999999999999995e-07 device_ms=0.0042919999999999998
PRODUCER_KERNEL_V1 stage=2 raw_iteration=4294967295 ordinal=27 kernel=owner_compose_target threads=504666 begin_tick=1990063867725416 end_tick=1990063867757666 ms_per_tick=9.9999999999999995e-07 device_ms=0.032250000000000001
PRODUCER_KERNEL_V1 stage=2 raw_iteration=4294967295 ordinal=28 kernel=finalize_resident_target threads=1 begin_tick=1990063867757958 end_tick=1990063867760833 ms_per_tick=9.9999999999999995e-07 device_ms=0.002875
PRODUCER_KERNEL_V1 stage=2 raw_iteration=4294967295 ordinal=29 kernel=owner_identify_target threads=1 begin_tick=1990063867761291 end_tick=1990063867764333 ms_per_tick=9.9999999999999995e-07 device_ms=0.003042
PRODUCER_KERNEL_V1 stage=2 raw_iteration=4294967295 ordinal=30 kernel=issue_resident_projection_consumer threads=1 begin_tick=1990063867764625 end_tick=1990063867767625 ms_per_tick=9.9999999999999995e-07 device_ms=0.0030000000000000001
PRODUCER_KERNEL_V1 stage=2 raw_iteration=4294967295 ordinal=31 kernel=consume_resident_target threads=1 begin_tick=1990063867768208 end_tick=1990063867771291 ms_per_tick=9.9999999999999995e-07 device_ms=0.0030829999999999998
PRODUCER_KERNEL_V1 stage=2 raw_iteration=4294967295 ordinal=32 kernel=owner_issue_stage_seal threads=1 begin_tick=1990063867771708 end_tick=1990063867774708 ms_per_tick=9.9999999999999995e-07 device_ms=0.0030000000000000001
PRODUCER_KERNEL_V1 stage=2 raw_iteration=4294967295 ordinal=33 kernel=fct_compatible_stage_rate threads=1533387 begin_tick=1990063867775083 end_tick=1990063868298625 ms_per_tick=9.9999999999999995e-07 device_ms=0.52354199999999995
PRODUCER_KERNEL_V1 stage=2 raw_iteration=4294967295 ordinal=34 kernel=owner_heun_momentum threads=1533387 begin_tick=1990063868299041 end_tick=1990063868388541 ms_per_tick=9.9999999999999995e-07 device_ms=0.089499999999999996
RISE_FIRE_OWNER_PROFILE_V1 {"scope":72,"parent":69,"phase":"BuildStageProducerGroup","stage":2,"raw_iteration":4294967295,"iteration_kind":"bootstrap","wall_ms":826.507833000,"device_sum_ms":744.749208447,"wall_minus_device_ms":81.758624553,"exclusive_wall_ms":826.507833000,"exclusive_device_sum_ms":744.749208447,"child_observer_wall_ms":0.000000000,"count_scope":"inclusive","owner_commits":1,"projection_invocations":0}
RISE_FIRE_OWNER_PROFILE_V1 {"scope":75,"parent":74,"phase":"ProjectionAdapter","stage":2,"raw_iteration":0,"iteration_kind":"picard","wall_ms":11.776709000,"device_sum_ms":8.904708317,"wall_minus_device_ms":2.872000683,"exclusive_wall_ms":11.776709000,"exclusive_device_sum_ms":8.904708317,"child_observer_wall_ms":0.000000000,"count_scope":"inclusive","owner_commits":0,"projection_invocations":1}
RISE_FIRE_OWNER_PROFILE_V1 {"scope":74,"parent":73,"phase":"Project","stage":2,"raw_iteration":0,"iteration_kind":"picard","wall_ms":12.310875000,"device_sum_ms":8.947875118,"wall_minus_device_ms":3.362999882,"exclusive_wall_ms":0.526125000,"exclusive_device_sum_ms":0.043166801,"child_observer_wall_ms":0.008041000,"count_scope":"inclusive","owner_commits":2,"projection_invocations":1}
RISE_FIRE_OWNER_PROFILE_V1 {"scope":76,"parent":73,"phase":"ReadOpenClass","stage":2,"raw_iteration":0,"iteration_kind":"picard","wall_ms":0.157375000,"device_sum_ms":0.002416782,"wall_minus_device_ms":0.154958218,"exclusive_wall_ms":0.157375000,"exclusive_device_sum_ms":0.002416782,"child_observer_wall_ms":0.000000000,"count_scope":"inclusive","owner_commits":1,"projection_invocations":0}
RISE_FIRE_OWNER_PROFILE_V1 {"scope":77,"parent":73,"phase":"ReadOpenClass","stage":2,"raw_iteration":0,"iteration_kind":"picard","wall_ms":0.138333000,"device_sum_ms":0.002458459,"wall_minus_device_ms":0.135874541,"exclusive_wall_ms":0.138333000,"exclusive_device_sum_ms":0.002458459,"child_observer_wall_ms":0.000000000,"count_scope":"inclusive","owner_commits":1,"projection_invocations":0}
PRODUCER_COMMAND_V1 stage=2 raw_iteration=0 cpu_begin=1990063881339083 cpu_end=1990064718055375 gpu_begin=1990063881339083 gpu_end=1990064718055375 device_ms=754.01737494394183 encoders=35 interval_scope=possibly_overlapping
PRODUCER_KERNEL_V1 stage=2 raw_iteration=0 ordinal=0 kernel=owner_pack_faces threads=1533387 begin_tick=1990063963939208 end_tick=1990063963996875 ms_per_tick=9.9999999999999995e-07 device_ms=0.057666999999999996
PRODUCER_KERNEL_V1 stage=2 raw_iteration=0 ordinal=1 kernel=owner_pack_faces threads=1533387 begin_tick=1990063963996875 end_tick=1990063964356250 ms_per_tick=9.9999999999999995e-07 device_ms=0.359375
PRODUCER_KERNEL_V1 stage=2 raw_iteration=0 ordinal=2 kernel=owner_pack_faces threads=1533387 begin_tick=1990063963936791 end_tick=1990063963997000 ms_per_tick=9.9999999999999995e-07 device_ms=0.060208999999999999
PRODUCER_KERNEL_V1 stage=2 raw_iteration=0 ordinal=3 kernel=fct_extract_gas_density threads=504666 begin_tick=1990063963997333 end_tick=1990063964047833 ms_per_tick=9.9999999999999995e-07 device_ms=0.050499999999999996
PRODUCER_KERNEL_V1 stage=2 raw_iteration=0 ordinal=4 kernel=owner_gas_source threads=504666 begin_tick=1990063964356625 end_tick=1990063964500083 ms_per_tick=9.9999999999999995e-07 device_ms=0.143458
PRODUCER_KERNEL_V1 stage=2 raw_iteration=0 ordinal=5 kernel=evaluate_resident_transport threads=504666 begin_tick=1990063964047833 end_tick=1990063964515375 ms_per_tick=9.9999999999999995e-07 device_ms=0.46754199999999996
PRODUCER_KERNEL_V1 stage=2 raw_iteration=0 ordinal=6 kernel=identify_resident_transport threads=1 begin_tick=1990063964515750 end_tick=1990063964518541 ms_per_tick=9.9999999999999995e-07 device_ms=0.0027910000000000001
PRODUCER_KERNEL_V1 stage=2 raw_iteration=0 ordinal=7 kernel=owner_bind_transport threads=1 begin_tick=1990063964519000 end_tick=1990063964522833 ms_per_tick=9.9999999999999995e-07 device_ms=0.003833
PRODUCER_KERNEL_V1 stage=2 raw_iteration=0 ordinal=8 kernel=identify_resident_owner_endpoint_class threads=1 begin_tick=1990063964523208 end_tick=1990063964526958 ms_per_tick=9.9999999999999995e-07 device_ms=0.0037499999999999999
PRODUCER_KERNEL_V1 stage=2 raw_iteration=0 ordinal=9 kernel=evaluate_resident_physical_flux threads=1533387 begin_tick=1990063965389750 end_tick=1990063966502833 ms_per_tick=9.9999999999999995e-07 device_ms=1.113083
PRODUCER_KERNEL_V1 stage=2 raw_iteration=0 ordinal=10 kernel=evaluate_resident_advective_pair threads=13800483 begin_tick=1990063966772458 end_tick=1990063975363708 ms_per_tick=9.9999999999999995e-07 device_ms=8.5912500000000005
PRODUCER_KERNEL_V1 stage=2 raw_iteration=0 ordinal=11 kernel=finalize_resident_advective_high threads=13800483 begin_tick=1990063975401250 end_tick=1990063975851500 ms_per_tick=9.9999999999999995e-07 device_ms=0.45024999999999998
PRODUCER_KERNEL_V1 stage=2 raw_iteration=0 ordinal=12 kernel=compose_resident_flux_pair threads=13800483 begin_tick=1990063975851875 end_tick=1990063976726250 ms_per_tick=9.9999999999999995e-07 device_ms=0.87437500000000001
PRODUCER_KERNEL_V1 stage=2 raw_iteration=0 ordinal=13 kernel=validate_resident_physical_flux threads=13800483 begin_tick=1990063976726791 end_tick=1990063977625916 ms_per_tick=9.9999999999999995e-07 device_ms=0.89912499999999995
PRODUCER_KERNEL_V1 stage=2 raw_iteration=0 ordinal=14 kernel=identify_resident_physical_flux threads=32 begin_tick=1990063977626666 end_tick=1990063977630291 ms_per_tick=9.9999999999999995e-07 device_ms=0.0036249999999999998
PRODUCER_KERNEL_V1 stage=2 raw_iteration=0 ordinal=15 kernel=owner_bind_candidate threads=1 begin_tick=1990063977630750 end_tick=1990063977634416 ms_per_tick=9.9999999999999995e-07 device_ms=0.003666
PRODUCER_KERNEL_V1 stage=2 raw_iteration=0 ordinal=16 kernel=finalize_resident_eos_candidate threads=1 begin_tick=1990063977634750 end_tick=1990063977636791 ms_per_tick=9.9999999999999995e-07 device_ms=0.0020409999999999998
PRODUCER_KERNEL_V1 stage=2 raw_iteration=0 ordinal=17 kernel=evaluate_resident_eos_candidate threads=504666 begin_tick=1990063977637541 end_tick=1990064592136375 ms_per_tick=9.9999999999999995e-07 device_ms=614.49883399999999
PRODUCER_KERNEL_V1 stage=2 raw_iteration=0 ordinal=18 kernel=finalize_resident_eos_candidate threads=1 begin_tick=1990064592152791 end_tick=1990064592155333 ms_per_tick=9.9999999999999995e-07 device_ms=0.002542
PRODUCER_KERNEL_V1 stage=2 raw_iteration=0 ordinal=19 kernel=identify_resident_eos threads=1 begin_tick=1990064592155791 end_tick=1990064592158708 ms_per_tick=9.9999999999999995e-07 device_ms=0.0029169999999999999
PRODUCER_KERNEL_V1 stage=2 raw_iteration=0 ordinal=20 kernel=produce_resident_frozen_source threads=504666 begin_tick=1990064592159125 end_tick=1990064592190541 ms_per_tick=9.9999999999999995e-07 device_ms=0.031415999999999999
PRODUCER_KERNEL_V1 stage=2 raw_iteration=0 ordinal=21 kernel=identify_resident_frozen_source threads=1 begin_tick=1990064592191208 end_tick=1990064592193958 ms_per_tick=9.9999999999999995e-07 device_ms=0.0027499999999999998
PRODUCER_KERNEL_V1 stage=2 raw_iteration=0 ordinal=22 kernel=evaluate_resident_target_terms threads=504666 begin_tick=1990064592194375 end_tick=1990064717244291 ms_per_tick=9.9999999999999995e-07 device_ms=125.049916
PRODUCER_KERNEL_V1 stage=2 raw_iteration=0 ordinal=23 kernel=finalize_resident_target threads=1 begin_tick=1990064717261333 end_tick=1990064717264583 ms_per_tick=9.9999999999999995e-07 device_ms=0.0032499999999999999
PRODUCER_KERNEL_V1 stage=2 raw_iteration=0 ordinal=24 kernel=identify_resident_target threads=1 begin_tick=1990064717264875 end_tick=1990064717268375 ms_per_tick=9.9999999999999995e-07 device_ms=0.0034999999999999996
PRODUCER_KERNEL_V1 stage=2 raw_iteration=0 ordinal=25 kernel=issue_resident_projection_consumer threads=1 begin_tick=1990064717268958 end_tick=1990064717272916 ms_per_tick=9.9999999999999995e-07 device_ms=0.0039579999999999997
PRODUCER_KERNEL_V1 stage=2 raw_iteration=0 ordinal=26 kernel=consume_resident_target threads=1 begin_tick=1990064717273250 end_tick=1990064717277375 ms_per_tick=9.9999999999999995e-07 device_ms=0.0041250000000000002
PRODUCER_KERNEL_V1 stage=2 raw_iteration=0 ordinal=27 kernel=owner_compose_target threads=504666 begin_tick=1990064717277833 end_tick=1990064717310041 ms_per_tick=9.9999999999999995e-07 device_ms=0.032208000000000001
PRODUCER_KERNEL_V1 stage=2 raw_iteration=0 ordinal=28 kernel=finalize_resident_target threads=1 begin_tick=1990064717310458 end_tick=1990064717313083 ms_per_tick=9.9999999999999995e-07 device_ms=0.0026249999999999997
PRODUCER_KERNEL_V1 stage=2 raw_iteration=0 ordinal=29 kernel=owner_identify_target threads=1 begin_tick=1990064717313666 end_tick=1990064717316833 ms_per_tick=9.9999999999999995e-07 device_ms=0.0031669999999999997
PRODUCER_KERNEL_V1 stage=2 raw_iteration=0 ordinal=30 kernel=issue_resident_projection_consumer threads=1 begin_tick=1990064717317250 end_tick=1990064717320125 ms_per_tick=9.9999999999999995e-07 device_ms=0.002875
PRODUCER_KERNEL_V1 stage=2 raw_iteration=0 ordinal=31 kernel=consume_resident_target threads=1 begin_tick=1990064717320708 end_tick=1990064717324000 ms_per_tick=9.9999999999999995e-07 device_ms=0.0032919999999999998
PRODUCER_KERNEL_V1 stage=2 raw_iteration=0 ordinal=32 kernel=owner_issue_stage_seal threads=1 begin_tick=1990064717324416 end_tick=1990064717327333 ms_per_tick=9.9999999999999995e-07 device_ms=0.0029169999999999999
PRODUCER_KERNEL_V1 stage=2 raw_iteration=0 ordinal=33 kernel=fct_compatible_stage_rate threads=1533387 begin_tick=1990064717327833 end_tick=1990064717856333 ms_per_tick=9.9999999999999995e-07 device_ms=0.52849999999999997
PRODUCER_KERNEL_V1 stage=2 raw_iteration=0 ordinal=34 kernel=owner_heun_momentum threads=1533387 begin_tick=1990064717856708 end_tick=1990064717948458 ms_per_tick=9.9999999999999995e-07 device_ms=0.091749999999999998
RISE_FIRE_OWNER_PROFILE_V1 {"scope":78,"parent":73,"phase":"BuildStageProducerGroup","stage":2,"raw_iteration":0,"iteration_kind":"picard","wall_ms":836.919875000,"device_sum_ms":754.017374944,"wall_minus_device_ms":82.902500056,"exclusive_wall_ms":836.919875000,"exclusive_device_sum_ms":754.017374944,"child_observer_wall_ms":0.000000000,"count_scope":"inclusive","owner_commits":1,"projection_invocations":0}
RISE_FIRE_OWNER_PROFILE_V1 {"scope":79,"parent":73,"phase":"Residual","stage":2,"raw_iteration":0,"iteration_kind":"picard","wall_ms":0.223209000,"device_sum_ms":0.022375025,"wall_minus_device_ms":0.200833975,"exclusive_wall_ms":0.223209000,"exclusive_device_sum_ms":0.022375025,"child_observer_wall_ms":0.000000000,"count_scope":"inclusive","owner_commits":1,"projection_invocations":0}
RISE_FIRE_OWNER_PROFILE_V1 {"scope":73,"parent":69,"phase":"PicardIteration","stage":2,"raw_iteration":0,"iteration_kind":"picard","wall_ms":850.575792000,"device_sum_ms":762.992500328,"wall_minus_device_ms":87.583291672,"exclusive_wall_ms":0.790582000,"exclusive_device_sum_ms":0.000000000,"child_observer_wall_ms":0.035543000,"count_scope":"inclusive","owner_commits":6,"projection_invocations":1}
RISE_FIRE_OWNER_PROFILE_V1 {"scope":82,"parent":81,"phase":"ProjectionAdapter","stage":2,"raw_iteration":1,"iteration_kind":"picard","wall_ms":11.712375000,"device_sum_ms":8.834000211,"wall_minus_device_ms":2.878374789,"exclusive_wall_ms":11.712375000,"exclusive_device_sum_ms":8.834000211,"child_observer_wall_ms":0.000000000,"count_scope":"inclusive","owner_commits":0,"projection_invocations":1}
RISE_FIRE_OWNER_PROFILE_V1 {"scope":81,"parent":80,"phase":"Project","stage":2,"raw_iteration":1,"iteration_kind":"picard","wall_ms":12.767375000,"device_sum_ms":8.880541893,"wall_minus_device_ms":3.886833107,"exclusive_wall_ms":1.047083000,"exclusive_device_sum_ms":0.046541682,"child_observer_wall_ms":0.007917000,"count_scope":"inclusive","owner_commits":2,"projection_invocations":1}
RISE_FIRE_OWNER_PROFILE_V1 {"scope":83,"parent":80,"phase":"ReadOpenClass","stage":2,"raw_iteration":1,"iteration_kind":"picard","wall_ms":0.148500000,"device_sum_ms":0.002500135,"wall_minus_device_ms":0.145999865,"exclusive_wall_ms":0.148500000,"exclusive_device_sum_ms":0.002500135,"child_observer_wall_ms":0.000000000,"count_scope":"inclusive","owner_commits":1,"projection_invocations":0}
RISE_FIRE_OWNER_PROFILE_V1 {"scope":84,"parent":80,"phase":"ReadOpenClass","stage":2,"raw_iteration":1,"iteration_kind":"picard","wall_ms":0.142708000,"device_sum_ms":0.002375105,"wall_minus_device_ms":0.140332895,"exclusive_wall_ms":0.142708000,"exclusive_device_sum_ms":0.002375105,"child_observer_wall_ms":0.000000000,"count_scope":"inclusive","owner_commits":1,"projection_invocations":0}
PRODUCER_COMMAND_V1 stage=2 raw_iteration=1 cpu_begin=1990064732327708 cpu_end=1990065566988541 gpu_begin=1990064732327708 gpu_end=1990065566988541 device_ms=752.67412490211427 encoders=35 interval_scope=possibly_overlapping
PRODUCER_KERNEL_V1 stage=2 raw_iteration=1 ordinal=0 kernel=owner_pack_faces threads=1533387 begin_tick=1990064814210916 end_tick=1990064814270833 ms_per_tick=9.9999999999999995e-07 device_ms=0.059916999999999998
PRODUCER_KERNEL_V1 stage=2 raw_iteration=1 ordinal=1 kernel=owner_pack_faces threads=1533387 begin_tick=1990064814270625 end_tick=1990064814707708 ms_per_tick=9.9999999999999995e-07 device_ms=0.437083
PRODUCER_KERNEL_V1 stage=2 raw_iteration=1 ordinal=2 kernel=owner_pack_faces threads=1533387 begin_tick=1990064814208208 end_tick=1990064814270625 ms_per_tick=9.9999999999999995e-07 device_ms=0.062417
PRODUCER_KERNEL_V1 stage=2 raw_iteration=1 ordinal=3 kernel=fct_extract_gas_density threads=504666 begin_tick=1990064814707708 end_tick=1990064814730250 ms_per_tick=9.9999999999999995e-07 device_ms=0.022542
PRODUCER_KERNEL_V1 stage=2 raw_iteration=1 ordinal=4 kernel=owner_gas_source threads=504666 begin_tick=1990064814730250 end_tick=1990064814778666 ms_per_tick=9.9999999999999995e-07 device_ms=0.048416000000000001
PRODUCER_KERNEL_V1 stage=2 raw_iteration=1 ordinal=5 kernel=evaluate_resident_transport threads=504666 begin_tick=1990064814271208 end_tick=1990064814736166 ms_per_tick=9.9999999999999995e-07 device_ms=0.46495799999999998
PRODUCER_KERNEL_V1 stage=2 raw_iteration=1 ordinal=6 kernel=identify_resident_transport threads=1 begin_tick=1990064814736958 end_tick=1990064814759708 ms_per_tick=9.9999999999999995e-07 device_ms=0.022749999999999999
PRODUCER_KERNEL_V1 stage=2 raw_iteration=1 ordinal=7 kernel=owner_bind_transport threads=1 begin_tick=1990064814760458 end_tick=1990064814778875 ms_per_tick=9.9999999999999995e-07 device_ms=0.018416999999999999
PRODUCER_KERNEL_V1 stage=2 raw_iteration=1 ordinal=8 kernel=identify_resident_owner_endpoint_class threads=1 begin_tick=1990064814779291 end_tick=1990064814782666 ms_per_tick=9.9999999999999995e-07 device_ms=0.003375
PRODUCER_KERNEL_V1 stage=2 raw_iteration=1 ordinal=9 kernel=evaluate_resident_physical_flux threads=1533387 begin_tick=1990064815556000 end_tick=1990064818159166 ms_per_tick=9.9999999999999995e-07 device_ms=2.6031659999999999
PRODUCER_KERNEL_V1 stage=2 raw_iteration=1 ordinal=10 kernel=evaluate_resident_advective_pair threads=13800483 begin_tick=1990064818174500 end_tick=1990064825412791 ms_per_tick=9.9999999999999995e-07 device_ms=7.2382909999999994
PRODUCER_KERNEL_V1 stage=2 raw_iteration=1 ordinal=11 kernel=finalize_resident_advective_high threads=13800483 begin_tick=1990064825413416 end_tick=1990064825834875 ms_per_tick=9.9999999999999995e-07 device_ms=0.42145899999999997
PRODUCER_KERNEL_V1 stage=2 raw_iteration=1 ordinal=12 kernel=compose_resident_flux_pair threads=13800483 begin_tick=1990064825835250 end_tick=1990064826839333 ms_per_tick=9.9999999999999995e-07 device_ms=1.0040830000000001
PRODUCER_KERNEL_V1 stage=2 raw_iteration=1 ordinal=13 kernel=validate_resident_physical_flux threads=13800483 begin_tick=1990064826839875 end_tick=1990064827685166 ms_per_tick=9.9999999999999995e-07 device_ms=0.84529100000000001
PRODUCER_KERNEL_V1 stage=2 raw_iteration=1 ordinal=14 kernel=identify_resident_physical_flux threads=32 begin_tick=1990064827685666 end_tick=1990064827688916 ms_per_tick=9.9999999999999995e-07 device_ms=0.0032499999999999999
PRODUCER_KERNEL_V1 stage=2 raw_iteration=1 ordinal=15 kernel=owner_bind_candidate threads=1 begin_tick=1990064827689416 end_tick=1990064827693125 ms_per_tick=9.9999999999999995e-07 device_ms=0.0037089999999999996
PRODUCER_KERNEL_V1 stage=2 raw_iteration=1 ordinal=16 kernel=finalize_resident_eos_candidate threads=1 begin_tick=1990064827693500 end_tick=1990064827695791 ms_per_tick=9.9999999999999995e-07 device_ms=0.0022910000000000001
PRODUCER_KERNEL_V1 stage=2 raw_iteration=1 ordinal=17 kernel=evaluate_resident_eos_candidate threads=504666 begin_tick=1990064827696500 end_tick=1990065441904458 ms_per_tick=9.9999999999999995e-07 device_ms=614.20795799999996
PRODUCER_KERNEL_V1 stage=2 raw_iteration=1 ordinal=18 kernel=finalize_resident_eos_candidate threads=1 begin_tick=1990065441920125 end_tick=1990065441922833 ms_per_tick=9.9999999999999995e-07 device_ms=0.0027079999999999999
PRODUCER_KERNEL_V1 stage=2 raw_iteration=1 ordinal=19 kernel=identify_resident_eos threads=1 begin_tick=1990065441923291 end_tick=1990065441926125 ms_per_tick=9.9999999999999995e-07 device_ms=0.0028339999999999997
PRODUCER_KERNEL_V1 stage=2 raw_iteration=1 ordinal=20 kernel=produce_resident_frozen_source threads=504666 begin_tick=1990065441926458 end_tick=1990065441957166 ms_per_tick=9.9999999999999995e-07 device_ms=0.030707999999999999
PRODUCER_KERNEL_V1 stage=2 raw_iteration=1 ordinal=21 kernel=identify_resident_frozen_source threads=1 begin_tick=1990065441957833 end_tick=1990065441960458 ms_per_tick=9.9999999999999995e-07 device_ms=0.0026249999999999997
PRODUCER_KERNEL_V1 stage=2 raw_iteration=1 ordinal=22 kernel=evaluate_resident_target_terms threads=504666 begin_tick=1990065441960875 end_tick=1990065565897000 ms_per_tick=9.9999999999999995e-07 device_ms=123.93612499999999
PRODUCER_KERNEL_V1 stage=2 raw_iteration=1 ordinal=23 kernel=finalize_resident_target threads=1 begin_tick=1990065565912166 end_tick=1990065565915416 ms_per_tick=9.9999999999999995e-07 device_ms=0.0032499999999999999
PRODUCER_KERNEL_V1 stage=2 raw_iteration=1 ordinal=24 kernel=identify_resident_target threads=1 begin_tick=1990065565915708 end_tick=1990065565918833 ms_per_tick=9.9999999999999995e-07 device_ms=0.0031249999999999997
PRODUCER_KERNEL_V1 stage=2 raw_iteration=1 ordinal=25 kernel=issue_resident_projection_consumer threads=1 begin_tick=1990065565919375 end_tick=1990065565923291 ms_per_tick=9.9999999999999995e-07 device_ms=0.0039160000000000002
PRODUCER_KERNEL_V1 stage=2 raw_iteration=1 ordinal=26 kernel=consume_resident_target threads=1 begin_tick=1990065565923666 end_tick=1990065565927958 ms_per_tick=9.9999999999999995e-07 device_ms=0.0042919999999999998
PRODUCER_KERNEL_V1 stage=2 raw_iteration=1 ordinal=27 kernel=owner_compose_target threads=504666 begin_tick=1990065565928375 end_tick=1990065565960541 ms_per_tick=9.9999999999999995e-07 device_ms=0.032166
PRODUCER_KERNEL_V1 stage=2 raw_iteration=1 ordinal=28 kernel=finalize_resident_target threads=1 begin_tick=1990065565960958 end_tick=1990065565963666 ms_per_tick=9.9999999999999995e-07 device_ms=0.0027079999999999999
PRODUCER_KERNEL_V1 stage=2 raw_iteration=1 ordinal=29 kernel=owner_identify_target threads=1 begin_tick=1990065565964208 end_tick=1990065565967416 ms_per_tick=9.9999999999999995e-07 device_ms=0.0032079999999999999
PRODUCER_KERNEL_V1 stage=2 raw_iteration=1 ordinal=30 kernel=issue_resident_projection_consumer threads=1 begin_tick=1990065565968166 end_tick=1990065565971000 ms_per_tick=9.9999999999999995e-07 device_ms=0.0028339999999999997
PRODUCER_KERNEL_V1 stage=2 raw_iteration=1 ordinal=31 kernel=consume_resident_target threads=1 begin_tick=1990065565971458 end_tick=1990065565974666 ms_per_tick=9.9999999999999995e-07 device_ms=0.0032079999999999999
PRODUCER_KERNEL_V1 stage=2 raw_iteration=1 ordinal=32 kernel=owner_issue_stage_seal threads=1 begin_tick=1990065565975041 end_tick=1990065565978041 ms_per_tick=9.9999999999999995e-07 device_ms=0.0030000000000000001
PRODUCER_KERNEL_V1 stage=2 raw_iteration=1 ordinal=33 kernel=fct_compatible_stage_rate threads=1533387 begin_tick=1990065565978458 end_tick=1990065566533208 ms_per_tick=9.9999999999999995e-07 device_ms=0.55474999999999997
PRODUCER_KERNEL_V1 stage=2 raw_iteration=1 ordinal=34 kernel=owner_heun_momentum threads=1533387 begin_tick=1990065566533625 end_tick=1990065566713125 ms_per_tick=9.9999999999999995e-07 device_ms=0.17949999999999999
RISE_FIRE_OWNER_PROFILE_V1 {"scope":85,"parent":80,"phase":"BuildStageProducerGroup","stage":2,"raw_iteration":1,"iteration_kind":"picard","wall_ms":834.837458000,"device_sum_ms":752.674124902,"wall_minus_device_ms":82.163333098,"exclusive_wall_ms":834.837458000,"exclusive_device_sum_ms":752.674124902,"child_observer_wall_ms":0.000000000,"count_scope":"inclusive","owner_commits":1,"projection_invocations":0}
RISE_FIRE_OWNER_PROFILE_V1 {"scope":86,"parent":80,"phase":"Residual","stage":2,"raw_iteration":1,"iteration_kind":"picard","wall_ms":1.038000000,"device_sum_ms":0.838333275,"wall_minus_device_ms":0.199666725,"exclusive_wall_ms":1.038000000,"exclusive_device_sum_ms":0.838333275,"child_observer_wall_ms":0.000000000,"count_scope":"inclusive","owner_commits":1,"projection_invocations":0}
RISE_FIRE_OWNER_PROFILE_V1 {"scope":80,"parent":69,"phase":"PicardIteration","stage":2,"raw_iteration":1,"iteration_kind":"picard","wall_ms":849.836625000,"device_sum_ms":762.397875311,"wall_minus_device_ms":87.438749689,"exclusive_wall_ms":0.869293000,"exclusive_device_sum_ms":0.000000000,"child_observer_wall_ms":0.033291000,"count_scope":"inclusive","owner_commits":6,"projection_invocations":1}
RISE_FIRE_OWNER_PROFILE_V1 {"scope":89,"parent":88,"phase":"ProjectionAdapter","stage":2,"raw_iteration":2,"iteration_kind":"picard","wall_ms":11.729500000,"device_sum_ms":8.803666569,"wall_minus_device_ms":2.925833431,"exclusive_wall_ms":11.729500000,"exclusive_device_sum_ms":8.803666569,"child_observer_wall_ms":0.000000000,"count_scope":"inclusive","owner_commits":0,"projection_invocations":1}
RISE_FIRE_OWNER_PROFILE_V1 {"scope":88,"parent":87,"phase":"Project","stage":2,"raw_iteration":2,"iteration_kind":"picard","wall_ms":12.846958000,"device_sum_ms":8.856791537,"wall_minus_device_ms":3.990166463,"exclusive_wall_ms":1.100917000,"exclusive_device_sum_ms":0.053124968,"child_observer_wall_ms":0.016541000,"count_scope":"inclusive","owner_commits":2,"projection_invocations":1}
RISE_FIRE_OWNER_PROFILE_V1 {"scope":90,"parent":87,"phase":"ReadOpenClass","stage":2,"raw_iteration":2,"iteration_kind":"picard","wall_ms":0.154917000,"device_sum_ms":0.002458459,"wall_minus_device_ms":0.152458541,"exclusive_wall_ms":0.154917000,"exclusive_device_sum_ms":0.002458459,"child_observer_wall_ms":0.000000000,"count_scope":"inclusive","owner_commits":1,"projection_invocations":0}
RISE_FIRE_OWNER_PROFILE_V1 {"scope":91,"parent":87,"phase":"ReadOpenClass","stage":2,"raw_iteration":2,"iteration_kind":"picard","wall_ms":0.137083000,"device_sum_ms":0.002458459,"wall_minus_device_ms":0.134624541,"exclusive_wall_ms":0.137083000,"exclusive_device_sum_ms":0.002458459,"child_observer_wall_ms":0.000000000,"count_scope":"inclusive","owner_commits":1,"projection_invocations":0}
PRODUCER_COMMAND_V1 stage=2 raw_iteration=2 cpu_begin=1990065582253625 cpu_end=1990066411935875 gpu_begin=1990065582253625 gpu_end=1990066411935875 device_ms=747.2723750397563 encoders=35 interval_scope=possibly_overlapping
PRODUCER_KERNEL_V1 stage=2 raw_iteration=2 ordinal=0 kernel=owner_pack_faces threads=1533387 begin_tick=1990065664553416 end_tick=1990065664612208 ms_per_tick=9.9999999999999995e-07 device_ms=0.058791999999999997
PRODUCER_KERNEL_V1 stage=2 raw_iteration=2 ordinal=1 kernel=owner_pack_faces threads=1533387 begin_tick=1990065664612041 end_tick=1990065665047583 ms_per_tick=9.9999999999999995e-07 device_ms=0.43554199999999998
PRODUCER_KERNEL_V1 stage=2 raw_iteration=2 ordinal=2 kernel=owner_pack_faces threads=1533387 begin_tick=1990065664551375 end_tick=1990065664612041 ms_per_tick=9.9999999999999995e-07 device_ms=0.060665999999999998
PRODUCER_KERNEL_V1 stage=2 raw_iteration=2 ordinal=3 kernel=fct_extract_gas_density threads=504666 begin_tick=1990065665047583 end_tick=1990065665074125 ms_per_tick=9.9999999999999995e-07 device_ms=0.026542
PRODUCER_KERNEL_V1 stage=2 raw_iteration=2 ordinal=4 kernel=owner_gas_source threads=504666 begin_tick=1990065665074125 end_tick=1990065665120458 ms_per_tick=9.9999999999999995e-07 device_ms=0.046332999999999999
PRODUCER_KERNEL_V1 stage=2 raw_iteration=2 ordinal=5 kernel=evaluate_resident_transport threads=504666 begin_tick=1990065664612583 end_tick=1990065665120500 ms_per_tick=9.9999999999999995e-07 device_ms=0.50791699999999995
PRODUCER_KERNEL_V1 stage=2 raw_iteration=2 ordinal=6 kernel=identify_resident_transport threads=1 begin_tick=1990065665120958 end_tick=1990065665123750 ms_per_tick=9.9999999999999995e-07 device_ms=0.0027919999999999998
PRODUCER_KERNEL_V1 stage=2 raw_iteration=2 ordinal=7 kernel=owner_bind_transport threads=1 begin_tick=1990065665124291 end_tick=1990065665127916 ms_per_tick=9.9999999999999995e-07 device_ms=0.0036249999999999998
PRODUCER_KERNEL_V1 stage=2 raw_iteration=2 ordinal=8 kernel=identify_resident_owner_endpoint_class threads=1 begin_tick=1990065665128291 end_tick=1990065665132208 ms_per_tick=9.9999999999999995e-07 device_ms=0.0039169999999999995
PRODUCER_KERNEL_V1 stage=2 raw_iteration=2 ordinal=9 kernel=evaluate_resident_physical_flux threads=1533387 begin_tick=1990065665978500 end_tick=1990065668301416 ms_per_tick=9.9999999999999995e-07 device_ms=2.3229159999999998
PRODUCER_KERNEL_V1 stage=2 raw_iteration=2 ordinal=10 kernel=evaluate_resident_advective_pair threads=13800483 begin_tick=1990065668318708 end_tick=1990065675403291 ms_per_tick=9.9999999999999995e-07 device_ms=7.0845829999999994
PRODUCER_KERNEL_V1 stage=2 raw_iteration=2 ordinal=11 kernel=finalize_resident_advective_high threads=13800483 begin_tick=1990065675403916 end_tick=1990065675824166 ms_per_tick=9.9999999999999995e-07 device_ms=0.42024999999999996
PRODUCER_KERNEL_V1 stage=2 raw_iteration=2 ordinal=12 kernel=compose_resident_flux_pair threads=13800483 begin_tick=1990065675824541 end_tick=1990065676829958 ms_per_tick=9.9999999999999995e-07 device_ms=1.005417
PRODUCER_KERNEL_V1 stage=2 raw_iteration=2 ordinal=13 kernel=validate_resident_physical_flux threads=13800483 begin_tick=1990065676830500 end_tick=1990065677682083 ms_per_tick=9.9999999999999995e-07 device_ms=0.85158299999999998
PRODUCER_KERNEL_V1 stage=2 raw_iteration=2 ordinal=14 kernel=identify_resident_physical_flux threads=32 begin_tick=1990065677682833 end_tick=1990065677686125 ms_per_tick=9.9999999999999995e-07 device_ms=0.0032919999999999998
PRODUCER_KERNEL_V1 stage=2 raw_iteration=2 ordinal=15 kernel=owner_bind_candidate threads=1 begin_tick=1990065677686625 end_tick=1990065677690083 ms_per_tick=9.9999999999999995e-07 device_ms=0.0034579999999999997
PRODUCER_KERNEL_V1 stage=2 raw_iteration=2 ordinal=16 kernel=finalize_resident_eos_candidate threads=1 begin_tick=1990065677691166 end_tick=1990065677693416 ms_per_tick=9.9999999999999995e-07 device_ms=0.0022499999999999998
PRODUCER_KERNEL_V1 stage=2 raw_iteration=2 ordinal=17 kernel=evaluate_resident_eos_candidate threads=504666 begin_tick=1990065677694166 end_tick=1990066287053625 ms_per_tick=9.9999999999999995e-07 device_ms=609.35945900000002
PRODUCER_KERNEL_V1 stage=2 raw_iteration=2 ordinal=18 kernel=finalize_resident_eos_candidate threads=1 begin_tick=1990066287068416 end_tick=1990066287070916 ms_per_tick=9.9999999999999995e-07 device_ms=0.0025000000000000001
PRODUCER_KERNEL_V1 stage=2 raw_iteration=2 ordinal=19 kernel=identify_resident_eos threads=1 begin_tick=1990066287071375 end_tick=1990066287074041 ms_per_tick=9.9999999999999995e-07 device_ms=0.002666
PRODUCER_KERNEL_V1 stage=2 raw_iteration=2 ordinal=20 kernel=produce_resident_frozen_source threads=504666 begin_tick=1990066287074375 end_tick=1990066287106458 ms_per_tick=9.9999999999999995e-07 device_ms=0.032083
PRODUCER_KERNEL_V1 stage=2 raw_iteration=2 ordinal=21 kernel=identify_resident_frozen_source threads=1 begin_tick=1990066287107083 end_tick=1990066287109833 ms_per_tick=9.9999999999999995e-07 device_ms=0.0027499999999999998
PRODUCER_KERNEL_V1 stage=2 raw_iteration=2 ordinal=22 kernel=evaluate_resident_target_terms threads=504666 begin_tick=1990066287110208 end_tick=1990066411101041 ms_per_tick=9.9999999999999995e-07 device_ms=123.99083299999999
PRODUCER_KERNEL_V1 stage=2 raw_iteration=2 ordinal=23 kernel=finalize_resident_target threads=1 begin_tick=1990066411117333 end_tick=1990066411120500 ms_per_tick=9.9999999999999995e-07 device_ms=0.0031669999999999997
PRODUCER_KERNEL_V1 stage=2 raw_iteration=2 ordinal=24 kernel=identify_resident_target threads=1 begin_tick=1990066411120916 end_tick=1990066411123958 ms_per_tick=9.9999999999999995e-07 device_ms=0.003042
PRODUCER_KERNEL_V1 stage=2 raw_iteration=2 ordinal=25 kernel=issue_resident_projection_consumer threads=1 begin_tick=1990066411124541 end_tick=1990066411128500 ms_per_tick=9.9999999999999995e-07 device_ms=0.0039589999999999998
PRODUCER_KERNEL_V1 stage=2 raw_iteration=2 ordinal=26 kernel=consume_resident_target threads=1 begin_tick=1990066411128833 end_tick=1990066411133083 ms_per_tick=9.9999999999999995e-07 device_ms=0.0042499999999999994
PRODUCER_KERNEL_V1 stage=2 raw_iteration=2 ordinal=27 kernel=owner_compose_target threads=504666 begin_tick=1990066411133541 end_tick=1990066411165000 ms_per_tick=9.9999999999999995e-07 device_ms=0.031459000000000001
PRODUCER_KERNEL_V1 stage=2 raw_iteration=2 ordinal=28 kernel=finalize_resident_target threads=1 begin_tick=1990066411165416 end_tick=1990066411168000 ms_per_tick=9.9999999999999995e-07 device_ms=0.0025839999999999999
PRODUCER_KERNEL_V1 stage=2 raw_iteration=2 ordinal=29 kernel=owner_identify_target threads=1 begin_tick=1990066411168583 end_tick=1990066411171916 ms_per_tick=9.9999999999999995e-07 device_ms=0.003333
PRODUCER_KERNEL_V1 stage=2 raw_iteration=2 ordinal=30 kernel=issue_resident_projection_consumer threads=1 begin_tick=1990066411172958 end_tick=1990066411176041 ms_per_tick=9.9999999999999995e-07 device_ms=0.0030829999999999998
PRODUCER_KERNEL_V1 stage=2 raw_iteration=2 ordinal=31 kernel=consume_resident_target threads=1 begin_tick=1990066411176625 end_tick=1990066411179791 ms_per_tick=9.9999999999999995e-07 device_ms=0.003166
PRODUCER_KERNEL_V1 stage=2 raw_iteration=2 ordinal=32 kernel=owner_issue_stage_seal threads=1 begin_tick=1990066411180208 end_tick=1990066411183083 ms_per_tick=9.9999999999999995e-07 device_ms=0.002875
PRODUCER_KERNEL_V1 stage=2 raw_iteration=2 ordinal=33 kernel=fct_compatible_stage_rate threads=1533387 begin_tick=1990066411183583 end_tick=1990066411727500 ms_per_tick=9.9999999999999995e-07 device_ms=0.54391699999999998
PRODUCER_KERNEL_V1 stage=2 raw_iteration=2 ordinal=34 kernel=owner_heun_momentum threads=1533387 begin_tick=1990066411728000 end_tick=1990066411817750 ms_per_tick=9.9999999999999995e-07 device_ms=0.089749999999999996
RISE_FIRE_OWNER_PROFILE_V1 {"scope":92,"parent":87,"phase":"BuildStageProducerGroup","stage":2,"raw_iteration":2,"iteration_kind":"picard","wall_ms":829.843125000,"device_sum_ms":747.272375040,"wall_minus_device_ms":82.570749960,"exclusive_wall_ms":829.843125000,"exclusive_device_sum_ms":747.272375040,"child_observer_wall_ms":0.000000000,"count_scope":"inclusive","owner_commits":1,"projection_invocations":0}
RISE_FIRE_OWNER_PROFILE_V1 {"scope":93,"parent":87,"phase":"Residual","stage":2,"raw_iteration":2,"iteration_kind":"picard","wall_ms":0.323000000,"device_sum_ms":0.116375042,"wall_minus_device_ms":0.206624958,"exclusive_wall_ms":0.323000000,"exclusive_device_sum_ms":0.116375042,"child_observer_wall_ms":0.000000000,"count_scope":"inclusive","owner_commits":1,"projection_invocations":0}
RISE_FIRE_OWNER_PROFILE_V1 {"scope":96,"parent":95,"phase":"ProjectionAdapter","stage":2,"raw_iteration":2147483650,"iteration_kind":"terminal","wall_ms":13.260792000,"device_sum_ms":10.418291669,"wall_minus_device_ms":2.842500331,"exclusive_wall_ms":13.260792000,"exclusive_device_sum_ms":10.418291669,"child_observer_wall_ms":0.000000000,"count_scope":"inclusive","owner_commits":0,"projection_invocations":1}
RISE_FIRE_OWNER_PROFILE_V1 {"scope":95,"parent":94,"phase":"Project","stage":2,"raw_iteration":2147483650,"iteration_kind":"terminal","wall_ms":13.754416000,"device_sum_ms":10.460250080,"wall_minus_device_ms":3.294165920,"exclusive_wall_ms":0.484166000,"exclusive_device_sum_ms":0.041958410,"child_observer_wall_ms":0.009458000,"count_scope":"inclusive","owner_commits":2,"projection_invocations":1}
RISE_FIRE_OWNER_PROFILE_V1 {"scope":97,"parent":94,"phase":"ReadOpenClass","stage":2,"raw_iteration":2147483650,"iteration_kind":"terminal","wall_ms":0.150208000,"device_sum_ms":0.002375105,"wall_minus_device_ms":0.147832895,"exclusive_wall_ms":0.150208000,"exclusive_device_sum_ms":0.002375105,"child_observer_wall_ms":0.000000000,"count_scope":"inclusive","owner_commits":1,"projection_invocations":0}
RISE_FIRE_OWNER_PROFILE_V1 {"scope":98,"parent":94,"phase":"ReadOpenClass","stage":2,"raw_iteration":2147483650,"iteration_kind":"terminal","wall_ms":0.140750000,"device_sum_ms":0.002374873,"wall_minus_device_ms":0.138375127,"exclusive_wall_ms":0.140750000,"exclusive_device_sum_ms":0.002374873,"child_observer_wall_ms":0.000000000,"count_scope":"inclusive","owner_commits":1,"projection_invocations":0}
PRODUCER_COMMAND_V1 stage=2 raw_iteration=2147483650 cpu_begin=1990066426500000 cpu_end=1990067256372041 gpu_begin=1990066426500000 gpu_end=1990067256372041 device_ms=747.36779159866273 encoders=35 interval_scope=possibly_overlapping
PRODUCER_KERNEL_V1 stage=2 raw_iteration=2147483650 ordinal=0 kernel=owner_pack_faces threads=1533387 begin_tick=1990066508910833 end_tick=1990066508966708 ms_per_tick=9.9999999999999995e-07 device_ms=0.055874999999999994
PRODUCER_KERNEL_V1 stage=2 raw_iteration=2147483650 ordinal=1 kernel=owner_pack_faces threads=1533387 begin_tick=1990066508966708 end_tick=1990066509284458 ms_per_tick=9.9999999999999995e-07 device_ms=0.31774999999999998
PRODUCER_KERNEL_V1 stage=2 raw_iteration=2147483650 ordinal=2 kernel=owner_pack_faces threads=1533387 begin_tick=1990066508910166 end_tick=1990066508970250 ms_per_tick=9.9999999999999995e-07 device_ms=0.060083999999999999
PRODUCER_KERNEL_V1 stage=2 raw_iteration=2147483650 ordinal=3 kernel=fct_extract_gas_density threads=504666 begin_tick=1990066508970250 end_tick=1990066509018291 ms_per_tick=9.9999999999999995e-07 device_ms=0.048041
PRODUCER_KERNEL_V1 stage=2 raw_iteration=2147483650 ordinal=4 kernel=owner_gas_source threads=504666 begin_tick=1990066509284833 end_tick=1990066509466250 ms_per_tick=9.9999999999999995e-07 device_ms=0.18141699999999999
PRODUCER_KERNEL_V1 stage=2 raw_iteration=2147483650 ordinal=5 kernel=evaluate_resident_transport threads=504666 begin_tick=1990066509018291 end_tick=1990066509480333 ms_per_tick=9.9999999999999995e-07 device_ms=0.46204199999999995
PRODUCER_KERNEL_V1 stage=2 raw_iteration=2147483650 ordinal=6 kernel=identify_resident_transport threads=1 begin_tick=1990066509480750 end_tick=1990066509483666 ms_per_tick=9.9999999999999995e-07 device_ms=0.0029159999999999998
PRODUCER_KERNEL_V1 stage=2 raw_iteration=2147483650 ordinal=7 kernel=owner_bind_transport threads=1 begin_tick=1990066509484833 end_tick=1990066509488458 ms_per_tick=9.9999999999999995e-07 device_ms=0.0036249999999999998
PRODUCER_KERNEL_V1 stage=2 raw_iteration=2147483650 ordinal=8 kernel=identify_resident_owner_endpoint_class threads=1 begin_tick=1990066509488750 end_tick=1990066509492208 ms_per_tick=9.9999999999999995e-07 device_ms=0.0034579999999999997
PRODUCER_KERNEL_V1 stage=2 raw_iteration=2147483650 ordinal=9 kernel=evaluate_resident_physical_flux threads=1533387 begin_tick=1990066510435958 end_tick=1990066511551625 ms_per_tick=9.9999999999999995e-07 device_ms=1.115667
PRODUCER_KERNEL_V1 stage=2 raw_iteration=2147483650 ordinal=10 kernel=evaluate_resident_advective_pair threads=13800483 begin_tick=1990066511815791 end_tick=1990066520211416 ms_per_tick=9.9999999999999995e-07 device_ms=8.395624999999999
PRODUCER_KERNEL_V1 stage=2 raw_iteration=2147483650 ordinal=11 kernel=finalize_resident_advective_high threads=13800483 begin_tick=1990066520212291 end_tick=1990066520632125 ms_per_tick=9.9999999999999995e-07 device_ms=0.41983399999999998
PRODUCER_KERNEL_V1 stage=2 raw_iteration=2147483650 ordinal=12 kernel=compose_resident_flux_pair threads=13800483 begin_tick=1990066520632500 end_tick=1990066521526166 ms_per_tick=9.9999999999999995e-07 device_ms=0.89366599999999996
PRODUCER_KERNEL_V1 stage=2 raw_iteration=2147483650 ordinal=13 kernel=validate_resident_physical_flux threads=13800483 begin_tick=1990066521526833 end_tick=1990066522357333 ms_per_tick=9.9999999999999995e-07 device_ms=0.83050000000000002
PRODUCER_KERNEL_V1 stage=2 raw_iteration=2147483650 ordinal=14 kernel=identify_resident_physical_flux threads=32 begin_tick=1990066522357833 end_tick=1990066522364458 ms_per_tick=9.9999999999999995e-07 device_ms=0.0066249999999999998
PRODUCER_KERNEL_V1 stage=2 raw_iteration=2147483650 ordinal=15 kernel=owner_bind_candidate threads=1 begin_tick=1990066522364958 end_tick=1990066522368583 ms_per_tick=9.9999999999999995e-07 device_ms=0.0036249999999999998
PRODUCER_KERNEL_V1 stage=2 raw_iteration=2147483650 ordinal=16 kernel=finalize_resident_eos_candidate threads=1 begin_tick=1990066522368958 end_tick=1990066522371416 ms_per_tick=9.9999999999999995e-07 device_ms=0.0024579999999999997
PRODUCER_KERNEL_V1 stage=2 raw_iteration=2147483650 ordinal=17 kernel=evaluate_resident_eos_candidate threads=504666 begin_tick=1990066522372166 end_tick=1990067131049208 ms_per_tick=9.9999999999999995e-07 device_ms=608.67704200000003
PRODUCER_KERNEL_V1 stage=2 raw_iteration=2147483650 ordinal=18 kernel=finalize_resident_eos_candidate threads=1 begin_tick=1990067131065500 end_tick=1990067131068083 ms_per_tick=9.9999999999999995e-07 device_ms=0.0025829999999999998
PRODUCER_KERNEL_V1 stage=2 raw_iteration=2147483650 ordinal=19 kernel=identify_resident_eos threads=1 begin_tick=1990067131068541 end_tick=1990067131071208 ms_per_tick=9.9999999999999995e-07 device_ms=0.0026669999999999997
PRODUCER_KERNEL_V1 stage=2 raw_iteration=2147483650 ordinal=20 kernel=produce_resident_frozen_source threads=504666 begin_tick=1990067131071625 end_tick=1990067131102958 ms_per_tick=9.9999999999999995e-07 device_ms=0.031333
PRODUCER_KERNEL_V1 stage=2 raw_iteration=2147483650 ordinal=21 kernel=identify_resident_frozen_source threads=1 begin_tick=1990067131103666 end_tick=1990067131106375 ms_per_tick=9.9999999999999995e-07 device_ms=0.002709
PRODUCER_KERNEL_V1 stage=2 raw_iteration=2147483650 ordinal=22 kernel=evaluate_resident_target_terms threads=504666 begin_tick=1990067131106750 end_tick=1990067255566750 ms_per_tick=9.9999999999999995e-07 device_ms=124.45999999999999
PRODUCER_KERNEL_V1 stage=2 raw_iteration=2147483650 ordinal=23 kernel=finalize_resident_target threads=1 begin_tick=1990067255583208 end_tick=1990067255586416 ms_per_tick=9.9999999999999995e-07 device_ms=0.0032079999999999999
PRODUCER_KERNEL_V1 stage=2 raw_iteration=2147483650 ordinal=24 kernel=identify_resident_target threads=1 begin_tick=1990067255586708 end_tick=1990067255589666 ms_per_tick=9.9999999999999995e-07 device_ms=0.0029579999999999997
PRODUCER_KERNEL_V1 stage=2 raw_iteration=2147483650 ordinal=25 kernel=issue_resident_projection_consumer threads=1 begin_tick=1990067255590208 end_tick=1990067255594125 ms_per_tick=9.9999999999999995e-07 device_ms=0.0039169999999999995
PRODUCER_KERNEL_V1 stage=2 raw_iteration=2147483650 ordinal=26 kernel=consume_resident_target threads=1 begin_tick=1990067255594541 end_tick=1990067255598833 ms_per_tick=9.9999999999999995e-07 device_ms=0.0042919999999999998
PRODUCER_KERNEL_V1 stage=2 raw_iteration=2147483650 ordinal=27 kernel=owner_compose_target threads=504666 begin_tick=1990067255599416 end_tick=1990067255629875 ms_per_tick=9.9999999999999995e-07 device_ms=0.030459
PRODUCER_KERNEL_V1 stage=2 raw_iteration=2147483650 ordinal=28 kernel=finalize_resident_target threads=1 begin_tick=1990067255630166 end_tick=1990067255632833 ms_per_tick=9.9999999999999995e-07 device_ms=0.0026669999999999997
PRODUCER_KERNEL_V1 stage=2 raw_iteration=2147483650 ordinal=29 kernel=owner_identify_target threads=1 begin_tick=1990067255633291 end_tick=1990067255636500 ms_per_tick=9.9999999999999995e-07 device_ms=0.003209
PRODUCER_KERNEL_V1 stage=2 raw_iteration=2147483650 ordinal=30 kernel=issue_resident_projection_consumer threads=1 begin_tick=1990067255636791 end_tick=1990067255639625 ms_per_tick=9.9999999999999995e-07 device_ms=0.0028339999999999997
PRODUCER_KERNEL_V1 stage=2 raw_iteration=2147483650 ordinal=31 kernel=consume_resident_target threads=1 begin_tick=1990067255640083 end_tick=1990067255643333 ms_per_tick=9.9999999999999995e-07 device_ms=0.0032499999999999999
PRODUCER_KERNEL_V1 stage=2 raw_iteration=2147483650 ordinal=32 kernel=owner_issue_stage_seal threads=1 begin_tick=1990067255643750 end_tick=1990067255646750 ms_per_tick=9.9999999999999995e-07 device_ms=0.0030000000000000001
PRODUCER_KERNEL_V1 stage=2 raw_iteration=2147483650 ordinal=33 kernel=fct_compatible_stage_rate threads=1533387 begin_tick=1990067255647291 end_tick=1990067256178166 ms_per_tick=9.9999999999999995e-07 device_ms=0.53087499999999999
PRODUCER_KERNEL_V1 stage=2 raw_iteration=2147483650 ordinal=34 kernel=owner_heun_momentum threads=1533387 begin_tick=1990067256178708 end_tick=1990067256271958 ms_per_tick=9.9999999999999995e-07 device_ms=0.09325
RISE_FIRE_OWNER_PROFILE_V1 {"scope":99,"parent":94,"phase":"BuildStageProducerGroup","stage":2,"raw_iteration":2147483650,"iteration_kind":"terminal","wall_ms":830.009125000,"device_sum_ms":747.367791599,"wall_minus_device_ms":82.641333401,"exclusive_wall_ms":830.009125000,"exclusive_device_sum_ms":747.367791599,"child_observer_wall_ms":0.000000000,"count_scope":"inclusive","owner_commits":1,"projection_invocations":0}
RISE_FIRE_OWNER_PROFILE_V1 {"scope":100,"parent":94,"phase":"Residual","stage":2,"raw_iteration":2147483650,"iteration_kind":"terminal","wall_ms":0.320042000,"device_sum_ms":0.112249982,"wall_minus_device_ms":0.207792018,"exclusive_wall_ms":0.320042000,"exclusive_device_sum_ms":0.112249982,"child_observer_wall_ms":0.000000000,"count_scope":"inclusive","owner_commits":1,"projection_invocations":0}
RISE_FIRE_OWNER_PROFILE_V1 {"scope":94,"parent":87,"phase":"TerminalVerification","stage":2,"raw_iteration":2147483650,"iteration_kind":"terminal","wall_ms":844.411291000,"device_sum_ms":757.945041638,"wall_minus_device_ms":86.466249362,"exclusive_wall_ms":0.003792000,"exclusive_device_sum_ms":0.000000000,"child_observer_wall_ms":0.032958000,"count_scope":"inclusive","owner_commits":6,"projection_invocations":1}
RISE_FIRE_OWNER_PROFILE_V1 {"scope":87,"parent":69,"phase":"PicardIteration","stage":2,"raw_iteration":2,"iteration_kind":"picard","wall_ms":1688.526750000,"device_sum_ms":1514.195500175,"wall_minus_device_ms":174.331249825,"exclusive_wall_ms":0.774584000,"exclusive_device_sum_ms":0.000000000,"child_observer_wall_ms":0.035792000,"count_scope":"inclusive","owner_commits":12,"projection_invocations":2}
RISE_FIRE_OWNER_PROFILE_V1 {"scope":69,"parent":1,"phase":"SolveStage","stage":2,"raw_iteration":4294967295,"iteration_kind":"bootstrap","wall_ms":4231.191750000,"device_sum_ms":3794.828000944,"wall_minus_device_ms":436.363749056,"exclusive_wall_ms":1.974000000,"exclusive_device_sum_ms":0.000000000,"child_observer_wall_ms":0.024416000,"count_scope":"inclusive","owner_commits":27,"projection_invocations":5}
RISE_FIRE_OWNER_PROFILE_V1 {"scope":101,"parent":1,"phase":"TerminalPublication","stage":4294967295,"raw_iteration":4294967295,"iteration_kind":"owner","wall_ms":14.286875000,"device_sum_ms":6.858875044,"wall_minus_device_ms":7.427999956,"exclusive_wall_ms":14.286875000,"exclusive_device_sum_ms":6.858875044,"child_observer_wall_ms":0.000000000,"count_scope":"inclusive","owner_commits":1,"projection_invocations":0}
RISE_FIRE_OWNER_PROFILE_V1 {"scope":1,"parent":0,"phase":"OwnerRun","stage":4294967295,"raw_iteration":4294967295,"iteration_kind":"owner","wall_ms":12849.366458000,"device_sum_ms":11430.897958810,"wall_minus_device_ms":1418.468499190,"exclusive_wall_ms":7.370082000,"exclusive_device_sum_ms":0.018124934,"child_observer_wall_ms":0.083710000,"count_scope":"inclusive","owner_commits":86,"projection_invocations":15}
capstone accepted step=2 time=0.00329253194 dt=0.00164626597 Tmax=305.218193 qmax=0 eos_max=4.70601489e-05 approach_eos_max=4.70601489e-05 limiter_class=continuous limiter_discrepancy=0 active_set_class=continuous active_set_discrepancy=0 active_set_cycle=0 active_set_faces=0
capstone step-start=2 speed=0.154281661 gprime=0.178086095 nu=0.000104673754 selected=0.00181089257 previous=0.00164626597
capstone event-step=0.00164626597 pilot_ceiling=0.0115509308 ramp_end=0.209320803
RISE_FIRE_OWNER_PROFILE_V1 {"scope":2,"parent":1,"phase":"Prepare","stage":4294967295,"raw_iteration":4294967295,"iteration_kind":"owner","wall_ms":94.617375000,"device_sum_ms":3.493708326,"wall_minus_device_ms":91.123666674,"exclusive_wall_ms":94.617375000,"exclusive_device_sum_ms":3.493708326,"child_observer_wall_ms":0.000000000,"count_scope":"inclusive","owner_commits":1,"projection_invocations":0}
RISE_FIRE_OWNER_PROFILE_V1 {"scope":5,"parent":4,"phase":"ProjectionAdapter","stage":0,"raw_iteration":4294967295,"iteration_kind":"bootstrap","wall_ms":17.081084000,"device_sum_ms":14.286333695,"wall_minus_device_ms":2.794750305,"exclusive_wall_ms":17.081084000,"exclusive_device_sum_ms":14.286333695,"child_observer_wall_ms":0.000000000,"count_scope":"inclusive","owner_commits":0,"projection_invocations":1}
RISE_FIRE_OWNER_PROFILE_V1 {"scope":4,"parent":3,"phase":"Project","stage":0,"raw_iteration":4294967295,"iteration_kind":"bootstrap","wall_ms":17.821125000,"device_sum_ms":14.334333595,"wall_minus_device_ms":3.486791405,"exclusive_wall_ms":0.716916000,"exclusive_device_sum_ms":0.047999900,"child_observer_wall_ms":0.023125000,"count_scope":"inclusive","owner_commits":2,"projection_invocations":1}
PRODUCER_COMMAND_V1 stage=0 raw_iteration=4294967295 cpu_begin=1990068515116333 cpu_end=1990069344433791 gpu_begin=1990068515116333 gpu_end=1990069344433791 device_ms=746.104666730389 encoders=38 interval_scope=possibly_overlapping
PRODUCER_KERNEL_V1 stage=0 raw_iteration=4294967295 ordinal=0 kernel=owner_pack_faces threads=1533387 begin_tick=1990068598228833 end_tick=1990068598282333 ms_per_tick=9.9999999999999995e-07 device_ms=0.053499999999999999
PRODUCER_KERNEL_V1 stage=0 raw_iteration=4294967295 ordinal=1 kernel=owner_pack_faces threads=1533387 begin_tick=1990068598282000 end_tick=1990068598745833 ms_per_tick=9.9999999999999995e-07 device_ms=0.463833
PRODUCER_KERNEL_V1 stage=0 raw_iteration=4294967295 ordinal=2 kernel=owner_pack_faces threads=1533387 begin_tick=1990068598226666 end_tick=1990068598282000 ms_per_tick=9.9999999999999995e-07 device_ms=0.055333999999999994
PRODUCER_KERNEL_V1 stage=0 raw_iteration=4294967295 ordinal=3 kernel=fct_extract_gas_density threads=504666 begin_tick=1990068598745833 end_tick=1990068598768458 ms_per_tick=9.9999999999999995e-07 device_ms=0.022624999999999999
PRODUCER_KERNEL_V1 stage=0 raw_iteration=4294967295 ordinal=4 kernel=owner_gas_source threads=504666 begin_tick=1990068598768458 end_tick=1990068598809666 ms_per_tick=9.9999999999999995e-07 device_ms=0.041208000000000002
PRODUCER_KERNEL_V1 stage=0 raw_iteration=4294967295 ordinal=5 kernel=evaluate_resident_transport threads=504666 begin_tick=1990068598282750 end_tick=1990068598787291 ms_per_tick=9.9999999999999995e-07 device_ms=0.50454100000000002
PRODUCER_KERNEL_V1 stage=0 raw_iteration=4294967295 ordinal=6 kernel=identify_resident_transport threads=1 begin_tick=1990068598788208 end_tick=1990068598807833 ms_per_tick=9.9999999999999995e-07 device_ms=0.019625
PRODUCER_KERNEL_V1 stage=0 raw_iteration=4294967295 ordinal=7 kernel=owner_bind_transport threads=1 begin_tick=1990068598808291 end_tick=1990068598811708 ms_per_tick=9.9999999999999995e-07 device_ms=0.0034169999999999999
PRODUCER_KERNEL_V1 stage=0 raw_iteration=4294967295 ordinal=8 kernel=identify_resident_owner_endpoint_class threads=1 begin_tick=1990068598812125 end_tick=1990068598815625 ms_per_tick=9.9999999999999995e-07 device_ms=0.0034999999999999996
PRODUCER_KERNEL_V1 stage=0 raw_iteration=4294967295 ordinal=9 kernel=evaluate_resident_physical_flux threads=1533387 begin_tick=1990068599690291 end_tick=1990068602147416 ms_per_tick=9.9999999999999995e-07 device_ms=2.457125
PRODUCER_KERNEL_V1 stage=0 raw_iteration=4294967295 ordinal=10 kernel=evaluate_resident_advective_pair threads=13800483 begin_tick=1990068602164333 end_tick=1990068609398333 ms_per_tick=9.9999999999999995e-07 device_ms=7.234
PRODUCER_KERNEL_V1 stage=0 raw_iteration=4294967295 ordinal=11 kernel=finalize_resident_advective_high threads=13800483 begin_tick=1990068609398958 end_tick=1990068609820208 ms_per_tick=9.9999999999999995e-07 device_ms=0.42124999999999996
PRODUCER_KERNEL_V1 stage=0 raw_iteration=4294967295 ordinal=12 kernel=compose_resident_flux_pair threads=13800483 begin_tick=1990068609820583 end_tick=1990068610830750 ms_per_tick=9.9999999999999995e-07 device_ms=1.010167
PRODUCER_KERNEL_V1 stage=0 raw_iteration=4294967295 ordinal=13 kernel=validate_resident_physical_flux threads=13800483 begin_tick=1990068610831416 end_tick=1990068611716708 ms_per_tick=9.9999999999999995e-07 device_ms=0.88529199999999997
PRODUCER_KERNEL_V1 stage=0 raw_iteration=4294967295 ordinal=14 kernel=identify_resident_physical_flux threads=32 begin_tick=1990068611717416 end_tick=1990068611721125 ms_per_tick=9.9999999999999995e-07 device_ms=0.0037089999999999996
PRODUCER_KERNEL_V1 stage=0 raw_iteration=4294967295 ordinal=15 kernel=fct_build_ratios threads=5551326 begin_tick=1990068611721666 end_tick=1990068615521666 ms_per_tick=9.9999999999999995e-07 device_ms=3.7999999999999998
PRODUCER_KERNEL_V1 stage=0 raw_iteration=4294967295 ordinal=16 kernel=fct_build_face_alpha threads=1533387 begin_tick=1990068615522791 end_tick=1990068615808958 ms_per_tick=9.9999999999999995e-07 device_ms=0.286167
PRODUCER_KERNEL_V1 stage=0 raw_iteration=4294967295 ordinal=17 kernel=fct_commit_scalar threads=504666 begin_tick=1990068615809875 end_tick=1990068616014708 ms_per_tick=9.9999999999999995e-07 device_ms=0.20483299999999999
PRODUCER_KERNEL_V1 stage=0 raw_iteration=4294967295 ordinal=18 kernel=owner_bind_candidate threads=1 begin_tick=1990068616015083 end_tick=1990068616019125 ms_per_tick=9.9999999999999995e-07 device_ms=0.0040419999999999996
PRODUCER_KERNEL_V1 stage=0 raw_iteration=4294967295 ordinal=19 kernel=finalize_resident_eos_candidate threads=1 begin_tick=1990068616019666 end_tick=1990068616022833 ms_per_tick=9.9999999999999995e-07 device_ms=0.0031669999999999997
PRODUCER_KERNEL_V1 stage=0 raw_iteration=4294967295 ordinal=20 kernel=evaluate_resident_eos_candidate threads=504666 begin_tick=1990068616023375 end_tick=1990069217989958 ms_per_tick=9.9999999999999995e-07 device_ms=601.96658300000001
PRODUCER_KERNEL_V1 stage=0 raw_iteration=4294967295 ordinal=21 kernel=finalize_resident_eos_candidate threads=1 begin_tick=1990069218006041 end_tick=1990069218008750 ms_per_tick=9.9999999999999995e-07 device_ms=0.002709
PRODUCER_KERNEL_V1 stage=0 raw_iteration=4294967295 ordinal=22 kernel=identify_resident_eos threads=1 begin_tick=1990069218009166 end_tick=1990069218011708 ms_per_tick=9.9999999999999995e-07 device_ms=0.002542
PRODUCER_KERNEL_V1 stage=0 raw_iteration=4294967295 ordinal=23 kernel=produce_resident_frozen_source threads=504666 begin_tick=1990069218012125 end_tick=1990069218041125 ms_per_tick=9.9999999999999995e-07 device_ms=0.028999999999999998
PRODUCER_KERNEL_V1 stage=0 raw_iteration=4294967295 ordinal=24 kernel=identify_resident_frozen_source threads=1 begin_tick=1990069218041541 end_tick=1990069218044125 ms_per_tick=9.9999999999999995e-07 device_ms=0.0025839999999999999
PRODUCER_KERNEL_V1 stage=0 raw_iteration=4294967295 ordinal=25 kernel=evaluate_resident_target_terms threads=504666 begin_tick=1990069218044541 end_tick=1990069343670333 ms_per_tick=9.9999999999999995e-07 device_ms=125.62579199999999
PRODUCER_KERNEL_V1 stage=0 raw_iteration=4294967295 ordinal=26 kernel=finalize_resident_target threads=1 begin_tick=1990069343685541 end_tick=1990069343688625 ms_per_tick=9.9999999999999995e-07 device_ms=0.0030839999999999999
PRODUCER_KERNEL_V1 stage=0 raw_iteration=4294967295 ordinal=27 kernel=identify_resident_target threads=1 begin_tick=1990069343689041 end_tick=1990069343692083 ms_per_tick=9.9999999999999995e-07 device_ms=0.003042
PRODUCER_KERNEL_V1 stage=0 raw_iteration=4294967295 ordinal=28 kernel=issue_resident_projection_consumer threads=1 begin_tick=1990069343692500 end_tick=1990069343696291 ms_per_tick=9.9999999999999995e-07 device_ms=0.0037909999999999997
PRODUCER_KERNEL_V1 stage=0 raw_iteration=4294967295 ordinal=29 kernel=consume_resident_target threads=1 begin_tick=1990069343696583 end_tick=1990069343700875 ms_per_tick=9.9999999999999995e-07 device_ms=0.0042919999999999998
PRODUCER_KERNEL_V1 stage=0 raw_iteration=4294967295 ordinal=30 kernel=owner_compose_target threads=504666 begin_tick=1990069343701166 end_tick=1990069343733541 ms_per_tick=9.9999999999999995e-07 device_ms=0.032375000000000001
PRODUCER_KERNEL_V1 stage=0 raw_iteration=4294967295 ordinal=31 kernel=finalize_resident_target threads=1 begin_tick=1990069343733916 end_tick=1990069343736375 ms_per_tick=9.9999999999999995e-07 device_ms=0.0024589999999999998
PRODUCER_KERNEL_V1 stage=0 raw_iteration=4294967295 ordinal=32 kernel=owner_identify_target threads=1 begin_tick=1990069343736791 end_tick=1990069343740208 ms_per_tick=9.9999999999999995e-07 device_ms=0.0034169999999999999
PRODUCER_KERNEL_V1 stage=0 raw_iteration=4294967295 ordinal=33 kernel=issue_resident_projection_consumer threads=1 begin_tick=1990069343740583 end_tick=1990069343743625 ms_per_tick=9.9999999999999995e-07 device_ms=0.003042
PRODUCER_KERNEL_V1 stage=0 raw_iteration=4294967295 ordinal=34 kernel=consume_resident_target threads=1 begin_tick=1990069343744041 end_tick=1990069343747166 ms_per_tick=9.9999999999999995e-07 device_ms=0.0031249999999999997
PRODUCER_KERNEL_V1 stage=0 raw_iteration=4294967295 ordinal=35 kernel=owner_issue_stage_seal threads=1 begin_tick=1990069343747541 end_tick=1990069343750583 ms_per_tick=9.9999999999999995e-07 device_ms=0.003042
PRODUCER_KERNEL_V1 stage=0 raw_iteration=4294967295 ordinal=36 kernel=fct_compatible_stage_rate threads=1533387 begin_tick=1990069343751250 end_tick=1990069344275125 ms_per_tick=9.9999999999999995e-07 device_ms=0.52387499999999998
PRODUCER_KERNEL_V1 stage=0 raw_iteration=4294967295 ordinal=37 kernel=owner_predict_momentum threads=1533387 begin_tick=1990069344275625 end_tick=1990069344325708 ms_per_tick=9.9999999999999995e-07 device_ms=0.050082999999999996
RISE_FIRE_OWNER_PROFILE_V1 {"scope":6,"parent":3,"phase":"BuildStageProducerGroup","stage":0,"raw_iteration":4294967295,"iteration_kind":"bootstrap","wall_ms":829.497917000,"device_sum_ms":746.104666730,"wall_minus_device_ms":83.393250270,"exclusive_wall_ms":829.497917000,"exclusive_device_sum_ms":746.104666730,"child_observer_wall_ms":0.000000000,"count_scope":"inclusive","owner_commits":1,"projection_invocations":0}
RISE_FIRE_OWNER_PROFILE_V1 {"scope":9,"parent":8,"phase":"ProjectionAdapter","stage":0,"raw_iteration":0,"iteration_kind":"picard","wall_ms":13.231625000,"device_sum_ms":10.441125138,"wall_minus_device_ms":2.790499862,"exclusive_wall_ms":13.231625000,"exclusive_device_sum_ms":10.441125138,"child_observer_wall_ms":0.000000000,"count_scope":"inclusive","owner_commits":0,"projection_invocations":1}
RISE_FIRE_OWNER_PROFILE_V1 {"scope":8,"parent":7,"phase":"Project","stage":0,"raw_iteration":0,"iteration_kind":"picard","wall_ms":13.847916000,"device_sum_ms":10.491000256,"wall_minus_device_ms":3.356915744,"exclusive_wall_ms":0.607458000,"exclusive_device_sum_ms":0.049875118,"child_observer_wall_ms":0.008833000,"count_scope":"inclusive","owner_commits":2,"projection_invocations":1}
RISE_FIRE_OWNER_PROFILE_V1 {"scope":10,"parent":7,"phase":"ReadOpenClass","stage":0,"raw_iteration":0,"iteration_kind":"picard","wall_ms":0.149417000,"device_sum_ms":0.002416782,"wall_minus_device_ms":0.147000218,"exclusive_wall_ms":0.149417000,"exclusive_device_sum_ms":0.002416782,"child_observer_wall_ms":0.000000000,"count_scope":"inclusive","owner_commits":1,"projection_invocations":0}
RISE_FIRE_OWNER_PROFILE_V1 {"scope":11,"parent":7,"phase":"ReadOpenClass","stage":0,"raw_iteration":0,"iteration_kind":"picard","wall_ms":0.142750000,"device_sum_ms":0.002458226,"wall_minus_device_ms":0.140291774,"exclusive_wall_ms":0.142750000,"exclusive_device_sum_ms":0.002458226,"child_observer_wall_ms":0.000000000,"count_scope":"inclusive","owner_commits":1,"projection_invocations":0}
PRODUCER_COMMAND_V1 stage=0 raw_iteration=0 cpu_begin=1990069358771000 cpu_end=1990070194109083 gpu_begin=1990069358771000 gpu_end=1990070194109083 device_ms=753.46554163843393 encoders=38 interval_scope=possibly_overlapping
PRODUCER_KERNEL_V1 stage=0 raw_iteration=0 ordinal=0 kernel=owner_pack_faces threads=1533387 begin_tick=1990069440671833 end_tick=1990069440722500 ms_per_tick=9.9999999999999995e-07 device_ms=0.050666999999999997
PRODUCER_KERNEL_V1 stage=0 raw_iteration=0 ordinal=1 kernel=owner_pack_faces threads=1533387 begin_tick=1990069440739083 end_tick=1990069440790541 ms_per_tick=9.9999999999999995e-07 device_ms=0.051457999999999997
PRODUCER_KERNEL_V1 stage=0 raw_iteration=0 ordinal=2 kernel=owner_pack_faces threads=1533387 begin_tick=1990069440851291 end_tick=1990069440955583 ms_per_tick=9.9999999999999995e-07 device_ms=0.104292
PRODUCER_KERNEL_V1 stage=0 raw_iteration=0 ordinal=3 kernel=fct_extract_gas_density threads=504666 begin_tick=1990069440863250 end_tick=1990069440911500 ms_per_tick=9.9999999999999995e-07 device_ms=0.048250000000000001
PRODUCER_KERNEL_V1 stage=0 raw_iteration=0 ordinal=4 kernel=owner_gas_source threads=504666 begin_tick=1990069440911500 end_tick=1990069440958708 ms_per_tick=9.9999999999999995e-07 device_ms=0.047208
PRODUCER_KERNEL_V1 stage=0 raw_iteration=0 ordinal=5 kernel=evaluate_resident_transport threads=504666 begin_tick=1990069441023791 end_tick=1990069441475250 ms_per_tick=9.9999999999999995e-07 device_ms=0.451459
PRODUCER_KERNEL_V1 stage=0 raw_iteration=0 ordinal=6 kernel=identify_resident_transport threads=1 begin_tick=1990069441475583 end_tick=1990069441478666 ms_per_tick=9.9999999999999995e-07 device_ms=0.0030829999999999998
PRODUCER_KERNEL_V1 stage=0 raw_iteration=0 ordinal=7 kernel=owner_bind_transport threads=1 begin_tick=1990069441479083 end_tick=1990069441482583 ms_per_tick=9.9999999999999995e-07 device_ms=0.0034999999999999996
PRODUCER_KERNEL_V1 stage=0 raw_iteration=0 ordinal=8 kernel=identify_resident_owner_endpoint_class threads=1 begin_tick=1990069441482958 end_tick=1990069441486500 ms_per_tick=9.9999999999999995e-07 device_ms=0.003542
PRODUCER_KERNEL_V1 stage=0 raw_iteration=0 ordinal=9 kernel=evaluate_resident_physical_flux threads=1533387 begin_tick=1990069442405583 end_tick=1990069443523166 ms_per_tick=9.9999999999999995e-07 device_ms=1.117583
PRODUCER_KERNEL_V1 stage=0 raw_iteration=0 ordinal=10 kernel=evaluate_resident_advective_pair threads=13800483 begin_tick=1990069443881250 end_tick=1990069452552125 ms_per_tick=9.9999999999999995e-07 device_ms=8.6708749999999988
PRODUCER_KERNEL_V1 stage=0 raw_iteration=0 ordinal=11 kernel=finalize_resident_advective_high threads=13800483 begin_tick=1990069452569041 end_tick=1990069452987208 ms_per_tick=9.9999999999999995e-07 device_ms=0.41816699999999996
PRODUCER_KERNEL_V1 stage=0 raw_iteration=0 ordinal=12 kernel=compose_resident_flux_pair threads=13800483 begin_tick=1990069452987583 end_tick=1990069453872708 ms_per_tick=9.9999999999999995e-07 device_ms=0.88512499999999994
PRODUCER_KERNEL_V1 stage=0 raw_iteration=0 ordinal=13 kernel=validate_resident_physical_flux threads=13800483 begin_tick=1990069453873375 end_tick=1990069454745875 ms_per_tick=9.9999999999999995e-07 device_ms=0.87249999999999994
PRODUCER_KERNEL_V1 stage=0 raw_iteration=0 ordinal=14 kernel=identify_resident_physical_flux threads=32 begin_tick=1990069454746625 end_tick=1990069454750166 ms_per_tick=9.9999999999999995e-07 device_ms=0.0035409999999999999
PRODUCER_KERNEL_V1 stage=0 raw_iteration=0 ordinal=15 kernel=fct_build_ratios threads=5551326 begin_tick=1990069454750625 end_tick=1990069458334375 ms_per_tick=9.9999999999999995e-07 device_ms=3.5837499999999998
PRODUCER_KERNEL_V1 stage=0 raw_iteration=0 ordinal=16 kernel=fct_build_face_alpha threads=1533387 begin_tick=1990069458335166 end_tick=1990069458601791 ms_per_tick=9.9999999999999995e-07 device_ms=0.266625
PRODUCER_KERNEL_V1 stage=0 raw_iteration=0 ordinal=17 kernel=fct_commit_scalar threads=504666 begin_tick=1990069458602333 end_tick=1990069458795291 ms_per_tick=9.9999999999999995e-07 device_ms=0.19295799999999999
PRODUCER_KERNEL_V1 stage=0 raw_iteration=0 ordinal=18 kernel=owner_bind_candidate threads=1 begin_tick=1990069458795875 end_tick=1990069458799833 ms_per_tick=9.9999999999999995e-07 device_ms=0.0039579999999999997
PRODUCER_KERNEL_V1 stage=0 raw_iteration=0 ordinal=19 kernel=finalize_resident_eos_candidate threads=1 begin_tick=1990069458800291 end_tick=1990069458802916 ms_per_tick=9.9999999999999995e-07 device_ms=0.0026249999999999997
PRODUCER_KERNEL_V1 stage=0 raw_iteration=0 ordinal=20 kernel=evaluate_resident_eos_candidate threads=504666 begin_tick=1990069458803333 end_tick=1990070068230833 ms_per_tick=9.9999999999999995e-07 device_ms=609.42750000000001
PRODUCER_KERNEL_V1 stage=0 raw_iteration=0 ordinal=21 kernel=finalize_resident_eos_candidate threads=1 begin_tick=1990070068245000 end_tick=1990070068247750 ms_per_tick=9.9999999999999995e-07 device_ms=0.0027499999999999998
PRODUCER_KERNEL_V1 stage=0 raw_iteration=0 ordinal=22 kernel=identify_resident_eos threads=1 begin_tick=1990070068248083 end_tick=1990070068250833 ms_per_tick=9.9999999999999995e-07 device_ms=0.0027499999999999998
PRODUCER_KERNEL_V1 stage=0 raw_iteration=0 ordinal=23 kernel=produce_resident_frozen_source threads=504666 begin_tick=1990070068251250 end_tick=1990070068282208 ms_per_tick=9.9999999999999995e-07 device_ms=0.030957999999999999
PRODUCER_KERNEL_V1 stage=0 raw_iteration=0 ordinal=24 kernel=identify_resident_frozen_source threads=1 begin_tick=1990070068282583 end_tick=1990070068285375 ms_per_tick=9.9999999999999995e-07 device_ms=0.0027919999999999998
PRODUCER_KERNEL_V1 stage=0 raw_iteration=0 ordinal=25 kernel=evaluate_resident_target_terms threads=504666 begin_tick=1990070068285791 end_tick=1990070193311250 ms_per_tick=9.9999999999999995e-07 device_ms=125.025459
PRODUCER_KERNEL_V1 stage=0 raw_iteration=0 ordinal=26 kernel=finalize_resident_target threads=1 begin_tick=1990070193327583 end_tick=1990070193330791 ms_per_tick=9.9999999999999995e-07 device_ms=0.0032079999999999999
PRODUCER_KERNEL_V1 stage=0 raw_iteration=0 ordinal=27 kernel=identify_resident_target threads=1 begin_tick=1990070193331083 end_tick=1990070193334125 ms_per_tick=9.9999999999999995e-07 device_ms=0.003042
PRODUCER_KERNEL_V1 stage=0 raw_iteration=0 ordinal=28 kernel=issue_resident_projection_consumer threads=1 begin_tick=1990070193334541 end_tick=1990070193338333 ms_per_tick=9.9999999999999995e-07 device_ms=0.0037919999999999998
PRODUCER_KERNEL_V1 stage=0 raw_iteration=0 ordinal=29 kernel=consume_resident_target threads=1 begin_tick=1990070193338750 end_tick=1990070193343166 ms_per_tick=9.9999999999999995e-07 device_ms=0.0044159999999999998
PRODUCER_KERNEL_V1 stage=0 raw_iteration=0 ordinal=30 kernel=owner_compose_target threads=504666 begin_tick=1990070193343583 end_tick=1990070193423208 ms_per_tick=9.9999999999999995e-07 device_ms=0.079625000000000001
PRODUCER_KERNEL_V1 stage=0 raw_iteration=0 ordinal=31 kernel=finalize_resident_target threads=1 begin_tick=1990070193423625 end_tick=1990070193426166 ms_per_tick=9.9999999999999995e-07 device_ms=0.0025409999999999999
PRODUCER_KERNEL_V1 stage=0 raw_iteration=0 ordinal=32 kernel=owner_identify_target threads=1 begin_tick=1990070193426541 end_tick=1990070193429750 ms_per_tick=9.9999999999999995e-07 device_ms=0.003209
PRODUCER_KERNEL_V1 stage=0 raw_iteration=0 ordinal=33 kernel=issue_resident_projection_consumer threads=1 begin_tick=1990070193430125 end_tick=1990070193433416 ms_per_tick=9.9999999999999995e-07 device_ms=0.0032909999999999997
PRODUCER_KERNEL_V1 stage=0 raw_iteration=0 ordinal=34 kernel=consume_resident_target threads=1 begin_tick=1990070193433791 end_tick=1990070193436791 ms_per_tick=9.9999999999999995e-07 device_ms=0.0030000000000000001
PRODUCER_KERNEL_V1 stage=0 raw_iteration=0 ordinal=35 kernel=owner_issue_stage_seal threads=1 begin_tick=1990070193437208 end_tick=1990070193440000 ms_per_tick=9.9999999999999995e-07 device_ms=0.0027919999999999998
PRODUCER_KERNEL_V1 stage=0 raw_iteration=0 ordinal=36 kernel=fct_compatible_stage_rate threads=1533387 begin_tick=1990070193440500 end_tick=1990070193964833 ms_per_tick=9.9999999999999995e-07 device_ms=0.52433299999999994
PRODUCER_KERNEL_V1 stage=0 raw_iteration=0 ordinal=37 kernel=owner_predict_momentum threads=1533387 begin_tick=1990070193965375 end_tick=1990070194015416 ms_per_tick=9.9999999999999995e-07 device_ms=0.050040999999999995
RISE_FIRE_OWNER_PROFILE_V1 {"scope":12,"parent":7,"phase":"BuildStageProducerGroup","stage":0,"raw_iteration":0,"iteration_kind":"picard","wall_ms":835.492417000,"device_sum_ms":753.465541638,"wall_minus_device_ms":82.026875362,"exclusive_wall_ms":835.492417000,"exclusive_device_sum_ms":753.465541638,"child_observer_wall_ms":0.000000000,"count_scope":"inclusive","owner_commits":1,"projection_invocations":0}
RISE_FIRE_OWNER_PROFILE_V1 {"scope":13,"parent":7,"phase":"Residual","stage":0,"raw_iteration":0,"iteration_kind":"picard","wall_ms":0.236792000,"device_sum_ms":0.021541724,"wall_minus_device_ms":0.215250276,"exclusive_wall_ms":0.236792000,"exclusive_device_sum_ms":0.021541724,"child_observer_wall_ms":0.000000000,"count_scope":"inclusive","owner_commits":1,"projection_invocations":0}
RISE_FIRE_OWNER_PROFILE_V1 {"scope":7,"parent":3,"phase":"PicardIteration","stage":0,"raw_iteration":0,"iteration_kind":"picard","wall_ms":850.433750000,"device_sum_ms":763.982958626,"wall_minus_device_ms":86.450791374,"exclusive_wall_ms":0.521460000,"exclusive_device_sum_ms":0.000000000,"child_observer_wall_ms":0.042998000,"count_scope":"inclusive","owner_commits":6,"projection_invocations":1}
RISE_FIRE_OWNER_PROFILE_V1 {"scope":16,"parent":15,"phase":"ProjectionAdapter","stage":0,"raw_iteration":1,"iteration_kind":"picard","wall_ms":12.055375000,"device_sum_ms":9.169791592,"wall_minus_device_ms":2.885583408,"exclusive_wall_ms":12.055375000,"exclusive_device_sum_ms":9.169791592,"child_observer_wall_ms":0.000000000,"count_scope":"inclusive","owner_commits":0,"projection_invocations":1}
RISE_FIRE_OWNER_PROFILE_V1 {"scope":15,"parent":14,"phase":"Project","stage":0,"raw_iteration":1,"iteration_kind":"picard","wall_ms":13.957625000,"device_sum_ms":9.803958237,"wall_minus_device_ms":4.153666763,"exclusive_wall_ms":1.886542000,"exclusive_device_sum_ms":0.634166645,"child_observer_wall_ms":0.015708000,"count_scope":"inclusive","owner_commits":2,"projection_invocations":1}
RISE_FIRE_OWNER_PROFILE_V1 {"scope":17,"parent":14,"phase":"ReadOpenClass","stage":0,"raw_iteration":1,"iteration_kind":"picard","wall_ms":0.161666000,"device_sum_ms":0.002291519,"wall_minus_device_ms":0.159374481,"exclusive_wall_ms":0.161666000,"exclusive_device_sum_ms":0.002291519,"child_observer_wall_ms":0.000000000,"count_scope":"inclusive","owner_commits":1,"projection_invocations":0}
RISE_FIRE_OWNER_PROFILE_V1 {"scope":18,"parent":14,"phase":"ReadOpenClass","stage":0,"raw_iteration":1,"iteration_kind":"picard","wall_ms":0.154083000,"device_sum_ms":0.002458226,"wall_minus_device_ms":0.151624774,"exclusive_wall_ms":0.154083000,"exclusive_device_sum_ms":0.002458226,"child_observer_wall_ms":0.000000000,"count_scope":"inclusive","owner_commits":1,"projection_invocations":0}
PRODUCER_COMMAND_V1 stage=0 raw_iteration=1 cpu_begin=1990070209340208 cpu_end=1990071052056416 gpu_begin=1990070209340208 gpu_end=1990071052056416 device_ms=761.27725001424551 encoders=38 interval_scope=possibly_overlapping
PRODUCER_KERNEL_V1 stage=0 raw_iteration=1 ordinal=0 kernel=owner_pack_faces threads=1533387 begin_tick=1990070290793875 end_tick=1990070290845291 ms_per_tick=9.9999999999999995e-07 device_ms=0.051415999999999996
PRODUCER_KERNEL_V1 stage=0 raw_iteration=1 ordinal=1 kernel=owner_pack_faces threads=1533387 begin_tick=1990070290857833 end_tick=1990070290909500 ms_per_tick=9.9999999999999995e-07 device_ms=0.051666999999999998
PRODUCER_KERNEL_V1 stage=0 raw_iteration=1 ordinal=2 kernel=owner_pack_faces threads=1533387 begin_tick=1990070290969291 end_tick=1990070291059500 ms_per_tick=9.9999999999999995e-07 device_ms=0.090208999999999998
PRODUCER_KERNEL_V1 stage=0 raw_iteration=1 ordinal=3 kernel=fct_extract_gas_density threads=504666 begin_tick=1990070290989875 end_tick=1990070291035041 ms_per_tick=9.9999999999999995e-07 device_ms=0.045165999999999998
PRODUCER_KERNEL_V1 stage=0 raw_iteration=1 ordinal=4 kernel=owner_gas_source threads=504666 begin_tick=1990070291035833 end_tick=1990070291082708 ms_per_tick=9.9999999999999995e-07 device_ms=0.046875
PRODUCER_KERNEL_V1 stage=0 raw_iteration=1 ordinal=5 kernel=evaluate_resident_transport threads=504666 begin_tick=1990070291152875 end_tick=1990070291605125 ms_per_tick=9.9999999999999995e-07 device_ms=0.45224999999999999
PRODUCER_KERNEL_V1 stage=0 raw_iteration=1 ordinal=6 kernel=identify_resident_transport threads=1 begin_tick=1990070291605458 end_tick=1990070291608125 ms_per_tick=9.9999999999999995e-07 device_ms=0.0026669999999999997
PRODUCER_KERNEL_V1 stage=0 raw_iteration=1 ordinal=7 kernel=owner_bind_transport threads=1 begin_tick=1990070291608708 end_tick=1990070291612375 ms_per_tick=9.9999999999999995e-07 device_ms=0.0036669999999999997
PRODUCER_KERNEL_V1 stage=0 raw_iteration=1 ordinal=8 kernel=identify_resident_owner_endpoint_class threads=1 begin_tick=1990070291612750 end_tick=1990070291616416 ms_per_tick=9.9999999999999995e-07 device_ms=0.003666
PRODUCER_KERNEL_V1 stage=0 raw_iteration=1 ordinal=9 kernel=evaluate_resident_physical_flux threads=1533387 begin_tick=1990070292550333 end_tick=1990070293662458 ms_per_tick=9.9999999999999995e-07 device_ms=1.112125
PRODUCER_KERNEL_V1 stage=0 raw_iteration=1 ordinal=10 kernel=evaluate_resident_advective_pair threads=13800483 begin_tick=1990070293945333 end_tick=1990070302573458 ms_per_tick=9.9999999999999995e-07 device_ms=8.6281249999999989
PRODUCER_KERNEL_V1 stage=0 raw_iteration=1 ordinal=11 kernel=finalize_resident_advective_high threads=13800483 begin_tick=1990070302588875 end_tick=1990070303007375 ms_per_tick=9.9999999999999995e-07 device_ms=0.41849999999999998
PRODUCER_KERNEL_V1 stage=0 raw_iteration=1 ordinal=12 kernel=compose_resident_flux_pair threads=13800483 begin_tick=1990070303007750 end_tick=1990070303895208 ms_per_tick=9.9999999999999995e-07 device_ms=0.88745799999999997
PRODUCER_KERNEL_V1 stage=0 raw_iteration=1 ordinal=13 kernel=validate_resident_physical_flux threads=13800483 begin_tick=1990070303895750 end_tick=1990070304824666 ms_per_tick=9.9999999999999995e-07 device_ms=0.92891599999999996
PRODUCER_KERNEL_V1 stage=0 raw_iteration=1 ordinal=14 kernel=identify_resident_physical_flux threads=32 begin_tick=1990070304825416 end_tick=1990070304829208 ms_per_tick=9.9999999999999995e-07 device_ms=0.0037919999999999998
PRODUCER_KERNEL_V1 stage=0 raw_iteration=1 ordinal=15 kernel=fct_build_ratios threads=5551326 begin_tick=1990070304829750 end_tick=1990070308590583 ms_per_tick=9.9999999999999995e-07 device_ms=3.7608329999999999
PRODUCER_KERNEL_V1 stage=0 raw_iteration=1 ordinal=16 kernel=fct_build_face_alpha threads=1533387 begin_tick=1990070308591333 end_tick=1990070308859291 ms_per_tick=9.9999999999999995e-07 device_ms=0.26795799999999997
PRODUCER_KERNEL_V1 stage=0 raw_iteration=1 ordinal=17 kernel=fct_commit_scalar threads=504666 begin_tick=1990070308859750 end_tick=1990070309059333 ms_per_tick=9.9999999999999995e-07 device_ms=0.19958299999999998
PRODUCER_KERNEL_V1 stage=0 raw_iteration=1 ordinal=18 kernel=owner_bind_candidate threads=1 begin_tick=1990070309059958 end_tick=1990070309063958 ms_per_tick=9.9999999999999995e-07 device_ms=0.0040000000000000001
PRODUCER_KERNEL_V1 stage=0 raw_iteration=1 ordinal=19 kernel=finalize_resident_eos_candidate threads=1 begin_tick=1990070309064500 end_tick=1990070309067083 ms_per_tick=9.9999999999999995e-07 device_ms=0.0025829999999999998
PRODUCER_KERNEL_V1 stage=0 raw_iteration=1 ordinal=20 kernel=evaluate_resident_eos_candidate threads=504666 begin_tick=1990070309067458 end_tick=1990070924719541 ms_per_tick=9.9999999999999995e-07 device_ms=615.65208299999995
PRODUCER_KERNEL_V1 stage=0 raw_iteration=1 ordinal=21 kernel=finalize_resident_eos_candidate threads=1 begin_tick=1990070924736708 end_tick=1990070924739333 ms_per_tick=9.9999999999999995e-07 device_ms=0.0026249999999999997
PRODUCER_KERNEL_V1 stage=0 raw_iteration=1 ordinal=22 kernel=identify_resident_eos threads=1 begin_tick=1990070924739625 end_tick=1990070924742291 ms_per_tick=9.9999999999999995e-07 device_ms=0.002666
PRODUCER_KERNEL_V1 stage=0 raw_iteration=1 ordinal=23 kernel=produce_resident_frozen_source threads=504666 begin_tick=1990070924743250 end_tick=1990070924775500 ms_per_tick=9.9999999999999995e-07 device_ms=0.032250000000000001
PRODUCER_KERNEL_V1 stage=0 raw_iteration=1 ordinal=24 kernel=identify_resident_frozen_source threads=1 begin_tick=1990070924775875 end_tick=1990070924778458 ms_per_tick=9.9999999999999995e-07 device_ms=0.0025829999999999998
PRODUCER_KERNEL_V1 stage=0 raw_iteration=1 ordinal=25 kernel=evaluate_resident_target_terms threads=504666 begin_tick=1990070924778875 end_tick=1990071051102958 ms_per_tick=9.9999999999999995e-07 device_ms=126.32408299999999
PRODUCER_KERNEL_V1 stage=0 raw_iteration=1 ordinal=26 kernel=finalize_resident_target threads=1 begin_tick=1990071051117458 end_tick=1990071051120541 ms_per_tick=9.9999999999999995e-07 device_ms=0.0030829999999999998
PRODUCER_KERNEL_V1 stage=0 raw_iteration=1 ordinal=27 kernel=identify_resident_target threads=1 begin_tick=1990071051120833 end_tick=1990071051123916 ms_per_tick=9.9999999999999995e-07 device_ms=0.0030829999999999998
PRODUCER_KERNEL_V1 stage=0 raw_iteration=1 ordinal=28 kernel=issue_resident_projection_consumer threads=1 begin_tick=1990071051124333 end_tick=1990071051128291 ms_per_tick=9.9999999999999995e-07 device_ms=0.0039579999999999997
PRODUCER_KERNEL_V1 stage=0 raw_iteration=1 ordinal=29 kernel=consume_resident_target threads=1 begin_tick=1990071051128583 end_tick=1990071051133000 ms_per_tick=9.9999999999999995e-07 device_ms=0.0044169999999999999
PRODUCER_KERNEL_V1 stage=0 raw_iteration=1 ordinal=30 kernel=owner_compose_target threads=504666 begin_tick=1990071051133333 end_tick=1990071051212958 ms_per_tick=9.9999999999999995e-07 device_ms=0.079625000000000001
PRODUCER_KERNEL_V1 stage=0 raw_iteration=1 ordinal=31 kernel=finalize_resident_target threads=1 begin_tick=1990071051213375 end_tick=1990071051215791 ms_per_tick=9.9999999999999995e-07 device_ms=0.0024159999999999997
PRODUCER_KERNEL_V1 stage=0 raw_iteration=1 ordinal=32 kernel=owner_identify_target threads=1 begin_tick=1990071051216208 end_tick=1990071051219458 ms_per_tick=9.9999999999999995e-07 device_ms=0.0032499999999999999
PRODUCER_KERNEL_V1 stage=0 raw_iteration=1 ordinal=33 kernel=issue_resident_projection_consumer threads=1 begin_tick=1990071051219833 end_tick=1990071051222750 ms_per_tick=9.9999999999999995e-07 device_ms=0.0029169999999999999
PRODUCER_KERNEL_V1 stage=0 raw_iteration=1 ordinal=34 kernel=consume_resident_target threads=1 begin_tick=1990071051223041 end_tick=1990071051226291 ms_per_tick=9.9999999999999995e-07 device_ms=0.0032499999999999999
PRODUCER_KERNEL_V1 stage=0 raw_iteration=1 ordinal=35 kernel=owner_issue_stage_seal threads=1 begin_tick=1990071051226625 end_tick=1990071051229708 ms_per_tick=9.9999999999999995e-07 device_ms=0.0030829999999999998
PRODUCER_KERNEL_V1 stage=0 raw_iteration=1 ordinal=36 kernel=fct_compatible_stage_rate threads=1533387 begin_tick=1990071051230250 end_tick=1990071051901000 ms_per_tick=9.9999999999999995e-07 device_ms=0.67074999999999996
PRODUCER_KERNEL_V1 stage=0 raw_iteration=1 ordinal=37 kernel=owner_predict_momentum threads=1533387 begin_tick=1990071051901666 end_tick=1990071051951500 ms_per_tick=9.9999999999999995e-07 device_ms=0.049833999999999996
RISE_FIRE_OWNER_PROFILE_V1 {"scope":19,"parent":14,"phase":"BuildStageProducerGroup","stage":0,"raw_iteration":1,"iteration_kind":"picard","wall_ms":842.888750000,"device_sum_ms":761.277250014,"wall_minus_device_ms":81.611499986,"exclusive_wall_ms":842.888750000,"exclusive_device_sum_ms":761.277250014,"child_observer_wall_ms":0.000000000,"count_scope":"inclusive","owner_commits":1,"projection_invocations":0}
RISE_FIRE_OWNER_PROFILE_V1 {"scope":20,"parent":14,"phase":"Residual","stage":0,"raw_iteration":1,"iteration_kind":"picard","wall_ms":0.331292000,"device_sum_ms":0.115250004,"wall_minus_device_ms":0.216041996,"exclusive_wall_ms":0.331292000,"exclusive_device_sum_ms":0.115250004,"child_observer_wall_ms":0.000000000,"count_scope":"inclusive","owner_commits":1,"projection_invocations":0}
RISE_FIRE_OWNER_PROFILE_V1 {"scope":14,"parent":3,"phase":"PicardIteration","stage":0,"raw_iteration":1,"iteration_kind":"picard","wall_ms":858.203250000,"device_sum_ms":771.201208001,"wall_minus_device_ms":87.002041999,"exclusive_wall_ms":0.675167000,"exclusive_device_sum_ms":0.000000000,"child_observer_wall_ms":0.034667000,"count_scope":"inclusive","owner_commits":6,"projection_invocations":1}
RISE_FIRE_OWNER_PROFILE_V1 {"scope":23,"parent":22,"phase":"ProjectionAdapter","stage":0,"raw_iteration":2,"iteration_kind":"picard","wall_ms":11.679459000,"device_sum_ms":8.849458303,"wall_minus_device_ms":2.830000697,"exclusive_wall_ms":11.679459000,"exclusive_device_sum_ms":8.849458303,"child_observer_wall_ms":0.000000000,"count_scope":"inclusive","owner_commits":0,"projection_invocations":1}
RISE_FIRE_OWNER_PROFILE_V1 {"scope":22,"parent":21,"phase":"Project","stage":0,"raw_iteration":2,"iteration_kind":"picard","wall_ms":12.778084000,"device_sum_ms":8.890166646,"wall_minus_device_ms":3.887917354,"exclusive_wall_ms":1.085042000,"exclusive_device_sum_ms":0.040708343,"child_observer_wall_ms":0.013583000,"count_scope":"inclusive","owner_commits":2,"projection_invocations":1}
RISE_FIRE_OWNER_PROFILE_V1 {"scope":24,"parent":21,"phase":"ReadOpenClass","stage":0,"raw_iteration":2,"iteration_kind":"picard","wall_ms":0.153916000,"device_sum_ms":0.002458226,"wall_minus_device_ms":0.151457774,"exclusive_wall_ms":0.153916000,"exclusive_device_sum_ms":0.002458226,"child_observer_wall_ms":0.000000000,"count_scope":"inclusive","owner_commits":1,"projection_invocations":0}
RISE_FIRE_OWNER_PROFILE_V1 {"scope":25,"parent":21,"phase":"ReadOpenClass","stage":0,"raw_iteration":2,"iteration_kind":"picard","wall_ms":0.142375000,"device_sum_ms":0.002374873,"wall_minus_device_ms":0.140000127,"exclusive_wall_ms":0.142375000,"exclusive_device_sum_ms":0.002374873,"child_observer_wall_ms":0.000000000,"count_scope":"inclusive","owner_commits":1,"projection_invocations":0}
PRODUCER_COMMAND_V1 stage=0 raw_iteration=2 cpu_begin=1990071066349375 cpu_end=1990071899839166 gpu_begin=1990071066349375 gpu_end=1990071899839166 device_ms=750.53400010801852 encoders=38 interval_scope=possibly_overlapping
PRODUCER_KERNEL_V1 stage=0 raw_iteration=2 ordinal=0 kernel=owner_pack_faces threads=1533387 begin_tick=1990071149195958 end_tick=1990071149256250 ms_per_tick=9.9999999999999995e-07 device_ms=0.060291999999999998
PRODUCER_KERNEL_V1 stage=0 raw_iteration=2 ordinal=1 kernel=owner_pack_faces threads=1533387 begin_tick=1990071149256041 end_tick=1990071149691458 ms_per_tick=9.9999999999999995e-07 device_ms=0.435417
PRODUCER_KERNEL_V1 stage=0 raw_iteration=2 ordinal=2 kernel=owner_pack_faces threads=1533387 begin_tick=1990071149193625 end_tick=1990071149256041 ms_per_tick=9.9999999999999995e-07 device_ms=0.062415999999999999
PRODUCER_KERNEL_V1 stage=0 raw_iteration=2 ordinal=3 kernel=fct_extract_gas_density threads=504666 begin_tick=1990071149691458 end_tick=1990071149714708 ms_per_tick=9.9999999999999995e-07 device_ms=0.02325
PRODUCER_KERNEL_V1 stage=0 raw_iteration=2 ordinal=4 kernel=owner_gas_source threads=504666 begin_tick=1990071149714708 end_tick=1990071149763000 ms_per_tick=9.9999999999999995e-07 device_ms=0.048291999999999995
PRODUCER_KERNEL_V1 stage=0 raw_iteration=2 ordinal=5 kernel=evaluate_resident_transport threads=504666 begin_tick=1990071149256625 end_tick=1990071149741333 ms_per_tick=9.9999999999999995e-07 device_ms=0.48470799999999997
PRODUCER_KERNEL_V1 stage=0 raw_iteration=2 ordinal=6 kernel=identify_resident_transport threads=1 begin_tick=1990071149743583 end_tick=1990071149762375 ms_per_tick=9.9999999999999995e-07 device_ms=0.018792
PRODUCER_KERNEL_V1 stage=0 raw_iteration=2 ordinal=7 kernel=owner_bind_transport threads=1 begin_tick=1990071149762791 end_tick=1990071149766541 ms_per_tick=9.9999999999999995e-07 device_ms=0.0037499999999999999
PRODUCER_KERNEL_V1 stage=0 raw_iteration=2 ordinal=8 kernel=identify_resident_owner_endpoint_class threads=1 begin_tick=1990071149766958 end_tick=1990071149771041 ms_per_tick=9.9999999999999995e-07 device_ms=0.0040829999999999998
PRODUCER_KERNEL_V1 stage=0 raw_iteration=2 ordinal=9 kernel=evaluate_resident_physical_flux threads=1533387 begin_tick=1990071150542083 end_tick=1990071153786625 ms_per_tick=9.9999999999999995e-07 device_ms=3.244542
PRODUCER_KERNEL_V1 stage=0 raw_iteration=2 ordinal=10 kernel=evaluate_resident_advective_pair threads=13800483 begin_tick=1990071151966208 end_tick=1990071160632583 ms_per_tick=9.9999999999999995e-07 device_ms=8.6663750000000004
PRODUCER_KERNEL_V1 stage=0 raw_iteration=2 ordinal=11 kernel=finalize_resident_advective_high threads=13800483 begin_tick=1990071160654708 end_tick=1990071161079416 ms_per_tick=9.9999999999999995e-07 device_ms=0.42470799999999997
PRODUCER_KERNEL_V1 stage=0 raw_iteration=2 ordinal=12 kernel=compose_resident_flux_pair threads=13800483 begin_tick=1990071161079833 end_tick=1990071162083000 ms_per_tick=9.9999999999999995e-07 device_ms=1.0031669999999999
PRODUCER_KERNEL_V1 stage=0 raw_iteration=2 ordinal=13 kernel=validate_resident_physical_flux threads=13800483 begin_tick=1990071162083708 end_tick=1990071162932291 ms_per_tick=9.9999999999999995e-07 device_ms=0.84858299999999998
PRODUCER_KERNEL_V1 stage=0 raw_iteration=2 ordinal=14 kernel=identify_resident_physical_flux threads=32 begin_tick=1990071162932916 end_tick=1990071162936125 ms_per_tick=9.9999999999999995e-07 device_ms=0.003209
PRODUCER_KERNEL_V1 stage=0 raw_iteration=2 ordinal=15 kernel=fct_build_ratios threads=5551326 begin_tick=1990071162936583 end_tick=1990071166542541 ms_per_tick=9.9999999999999995e-07 device_ms=3.6059579999999998
PRODUCER_KERNEL_V1 stage=0 raw_iteration=2 ordinal=16 kernel=fct_build_face_alpha threads=1533387 begin_tick=1990071166543208 end_tick=1990071166810291 ms_per_tick=9.9999999999999995e-07 device_ms=0.26708300000000001
PRODUCER_KERNEL_V1 stage=0 raw_iteration=2 ordinal=17 kernel=fct_commit_scalar threads=504666 begin_tick=1990071166810833 end_tick=1990071167005625 ms_per_tick=9.9999999999999995e-07 device_ms=0.19479199999999999
PRODUCER_KERNEL_V1 stage=0 raw_iteration=2 ordinal=18 kernel=owner_bind_candidate threads=1 begin_tick=1990071167006250 end_tick=1990071167010041 ms_per_tick=9.9999999999999995e-07 device_ms=0.0037909999999999997
PRODUCER_KERNEL_V1 stage=0 raw_iteration=2 ordinal=19 kernel=finalize_resident_eos_candidate threads=1 begin_tick=1990071167010625 end_tick=1990071167013166 ms_per_tick=9.9999999999999995e-07 device_ms=0.0025409999999999999
PRODUCER_KERNEL_V1 stage=0 raw_iteration=2 ordinal=20 kernel=evaluate_resident_eos_candidate threads=504666 begin_tick=1990071167013625 end_tick=1990071772914041 ms_per_tick=9.9999999999999995e-07 device_ms=605.90041599999995
PRODUCER_KERNEL_V1 stage=0 raw_iteration=2 ordinal=21 kernel=finalize_resident_eos_candidate threads=1 begin_tick=1990071772929666 end_tick=1990071772932416 ms_per_tick=9.9999999999999995e-07 device_ms=0.0027499999999999998
PRODUCER_KERNEL_V1 stage=0 raw_iteration=2 ordinal=22 kernel=identify_resident_eos threads=1 begin_tick=1990071772932708 end_tick=1990071772935458 ms_per_tick=9.9999999999999995e-07 device_ms=0.0027499999999999998
PRODUCER_KERNEL_V1 stage=0 raw_iteration=2 ordinal=23 kernel=produce_resident_frozen_source threads=504666 begin_tick=1990071772935875 end_tick=1990071772966916 ms_per_tick=9.9999999999999995e-07 device_ms=0.031040999999999999
PRODUCER_KERNEL_V1 stage=0 raw_iteration=2 ordinal=24 kernel=identify_resident_frozen_source threads=1 begin_tick=1990071772967333 end_tick=1990071772970125 ms_per_tick=9.9999999999999995e-07 device_ms=0.0027919999999999998
PRODUCER_KERNEL_V1 stage=0 raw_iteration=2 ordinal=25 kernel=evaluate_resident_target_terms threads=504666 begin_tick=1990071772970541 end_tick=1990071899004000 ms_per_tick=9.9999999999999995e-07 device_ms=126.03345899999999
PRODUCER_KERNEL_V1 stage=0 raw_iteration=2 ordinal=26 kernel=finalize_resident_target threads=1 begin_tick=1990071899018958 end_tick=1990071899022291 ms_per_tick=9.9999999999999995e-07 device_ms=0.003333
PRODUCER_KERNEL_V1 stage=0 raw_iteration=2 ordinal=27 kernel=identify_resident_target threads=1 begin_tick=1990071899022583 end_tick=1990071899025666 ms_per_tick=9.9999999999999995e-07 device_ms=0.0030829999999999998
PRODUCER_KERNEL_V1 stage=0 raw_iteration=2 ordinal=28 kernel=issue_resident_projection_consumer threads=1 begin_tick=1990071899026041 end_tick=1990071899029916 ms_per_tick=9.9999999999999995e-07 device_ms=0.003875
PRODUCER_KERNEL_V1 stage=0 raw_iteration=2 ordinal=29 kernel=consume_resident_target threads=1 begin_tick=1990071899030291 end_tick=1990071899034708 ms_per_tick=9.9999999999999995e-07 device_ms=0.0044169999999999999
PRODUCER_KERNEL_V1 stage=0 raw_iteration=2 ordinal=30 kernel=owner_compose_target threads=504666 begin_tick=1990071899035125 end_tick=1990071899114750 ms_per_tick=9.9999999999999995e-07 device_ms=0.079625000000000001
PRODUCER_KERNEL_V1 stage=0 raw_iteration=2 ordinal=31 kernel=finalize_resident_target threads=1 begin_tick=1990071899115125 end_tick=1990071899117791 ms_per_tick=9.9999999999999995e-07 device_ms=0.002666
PRODUCER_KERNEL_V1 stage=0 raw_iteration=2 ordinal=32 kernel=owner_identify_target threads=1 begin_tick=1990071899118125 end_tick=1990071899121458 ms_per_tick=9.9999999999999995e-07 device_ms=0.003333
PRODUCER_KERNEL_V1 stage=0 raw_iteration=2 ordinal=33 kernel=issue_resident_projection_consumer threads=1 begin_tick=1990071899121750 end_tick=1990071899124750 ms_per_tick=9.9999999999999995e-07 device_ms=0.0030000000000000001
PRODUCER_KERNEL_V1 stage=0 raw_iteration=2 ordinal=34 kernel=consume_resident_target threads=1 begin_tick=1990071899125041 end_tick=1990071899128125 ms_per_tick=9.9999999999999995e-07 device_ms=0.0030839999999999999
PRODUCER_KERNEL_V1 stage=0 raw_iteration=2 ordinal=35 kernel=owner_issue_stage_seal threads=1 begin_tick=1990071899128416 end_tick=1990071899131416 ms_per_tick=9.9999999999999995e-07 device_ms=0.0030000000000000001
PRODUCER_KERNEL_V1 stage=0 raw_iteration=2 ordinal=36 kernel=fct_compatible_stage_rate threads=1533387 begin_tick=1990071899131791 end_tick=1990071899672500 ms_per_tick=9.9999999999999995e-07 device_ms=0.540709
PRODUCER_KERNEL_V1 stage=0 raw_iteration=2 ordinal=37 kernel=owner_predict_momentum threads=1533387 begin_tick=1990071899672875 end_tick=1990071899722083 ms_per_tick=9.9999999999999995e-07 device_ms=0.049207999999999995
RISE_FIRE_OWNER_PROFILE_V1 {"scope":26,"parent":21,"phase":"BuildStageProducerGroup","stage":0,"raw_iteration":2,"iteration_kind":"picard","wall_ms":833.666583000,"device_sum_ms":750.534000108,"wall_minus_device_ms":83.132582892,"exclusive_wall_ms":833.666583000,"exclusive_device_sum_ms":750.534000108,"child_observer_wall_ms":0.000000000,"count_scope":"inclusive","owner_commits":1,"projection_invocations":0}
RISE_FIRE_OWNER_PROFILE_V1 {"scope":27,"parent":21,"phase":"Residual","stage":0,"raw_iteration":2,"iteration_kind":"picard","wall_ms":1.524917000,"device_sum_ms":1.299625030,"wall_minus_device_ms":0.225291970,"exclusive_wall_ms":1.524917000,"exclusive_device_sum_ms":1.299625030,"child_observer_wall_ms":0.000000000,"count_scope":"inclusive","owner_commits":1,"projection_invocations":0}
RISE_FIRE_OWNER_PROFILE_V1 {"scope":30,"parent":29,"phase":"ProjectionAdapter","stage":0,"raw_iteration":2147483650,"iteration_kind":"terminal","wall_ms":12.065500000,"device_sum_ms":8.788333274,"wall_minus_device_ms":3.277166726,"exclusive_wall_ms":12.065500000,"exclusive_device_sum_ms":8.788333274,"child_observer_wall_ms":0.000000000,"count_scope":"inclusive","owner_commits":0,"projection_invocations":1}
RISE_FIRE_OWNER_PROFILE_V1 {"scope":29,"parent":28,"phase":"Project","stage":0,"raw_iteration":2147483650,"iteration_kind":"terminal","wall_ms":12.674709000,"device_sum_ms":8.834958076,"wall_minus_device_ms":3.839750924,"exclusive_wall_ms":0.581001000,"exclusive_device_sum_ms":0.046624802,"child_observer_wall_ms":0.028208000,"count_scope":"inclusive","owner_commits":2,"projection_invocations":1}
RISE_FIRE_OWNER_PROFILE_V1 {"scope":31,"parent":28,"phase":"ReadOpenClass","stage":0,"raw_iteration":2147483650,"iteration_kind":"terminal","wall_ms":0.159292000,"device_sum_ms":0.002458226,"wall_minus_device_ms":0.156833774,"exclusive_wall_ms":0.159292000,"exclusive_device_sum_ms":0.002458226,"child_observer_wall_ms":0.000000000,"count_scope":"inclusive","owner_commits":1,"projection_invocations":0}
RISE_FIRE_OWNER_PROFILE_V1 {"scope":32,"parent":28,"phase":"ReadOpenClass","stage":0,"raw_iteration":2147483650,"iteration_kind":"terminal","wall_ms":0.142750000,"device_sum_ms":0.002416549,"wall_minus_device_ms":0.140333451,"exclusive_wall_ms":0.142750000,"exclusive_device_sum_ms":0.002416549,"child_observer_wall_ms":0.000000000,"count_scope":"inclusive","owner_commits":1,"projection_invocations":0}
PRODUCER_COMMAND_V1 stage=0 raw_iteration=2147483650 cpu_begin=1990071914567583 cpu_end=1990072762466375 gpu_begin=1990071914567583 gpu_end=1990072762466375 device_ms=766.29037479870021 encoders=38 interval_scope=possibly_overlapping
PRODUCER_KERNEL_V1 stage=0 raw_iteration=2147483650 ordinal=0 kernel=owner_pack_faces threads=1533387 begin_tick=1990071996054583 end_tick=1990071996112625 ms_per_tick=9.9999999999999995e-07 device_ms=0.058041999999999996
PRODUCER_KERNEL_V1 stage=0 raw_iteration=2147483650 ordinal=1 kernel=owner_pack_faces threads=1533387 begin_tick=1990071996112625 end_tick=1990071996470333 ms_per_tick=9.9999999999999995e-07 device_ms=0.35770799999999997
PRODUCER_KERNEL_V1 stage=0 raw_iteration=2147483650 ordinal=2 kernel=owner_pack_faces threads=1533387 begin_tick=1990071996051666 end_tick=1990071996112875 ms_per_tick=9.9999999999999995e-07 device_ms=0.061209
PRODUCER_KERNEL_V1 stage=0 raw_iteration=2147483650 ordinal=3 kernel=fct_extract_gas_density threads=504666 begin_tick=1990071996113125 end_tick=1990071996163416 ms_per_tick=9.9999999999999995e-07 device_ms=0.050290999999999995
PRODUCER_KERNEL_V1 stage=0 raw_iteration=2147483650 ordinal=4 kernel=owner_gas_source threads=504666 begin_tick=1990071996470750 end_tick=1990071996614500 ms_per_tick=9.9999999999999995e-07 device_ms=0.14374999999999999
PRODUCER_KERNEL_V1 stage=0 raw_iteration=2147483650 ordinal=5 kernel=evaluate_resident_transport threads=504666 begin_tick=1990071996163416 end_tick=1990071996627791 ms_per_tick=9.9999999999999995e-07 device_ms=0.46437499999999998
PRODUCER_KERNEL_V1 stage=0 raw_iteration=2147483650 ordinal=6 kernel=identify_resident_transport threads=1 begin_tick=1990071996628166 end_tick=1990071996631083 ms_per_tick=9.9999999999999995e-07 device_ms=0.0029169999999999999
PRODUCER_KERNEL_V1 stage=0 raw_iteration=2147483650 ordinal=7 kernel=owner_bind_transport threads=1 begin_tick=1990071996631625 end_tick=1990071996635250 ms_per_tick=9.9999999999999995e-07 device_ms=0.0036249999999999998
PRODUCER_KERNEL_V1 stage=0 raw_iteration=2147483650 ordinal=8 kernel=identify_resident_owner_endpoint_class threads=1 begin_tick=1990071996635625 end_tick=1990071996639291 ms_per_tick=9.9999999999999995e-07 device_ms=0.003666
PRODUCER_KERNEL_V1 stage=0 raw_iteration=2147483650 ordinal=9 kernel=evaluate_resident_physical_flux threads=1533387 begin_tick=1990071997466500 end_tick=1990071998586958 ms_per_tick=9.9999999999999995e-07 device_ms=1.120458
PRODUCER_KERNEL_V1 stage=0 raw_iteration=2147483650 ordinal=10 kernel=evaluate_resident_advective_pair threads=13800483 begin_tick=1990071998859083 end_tick=1990072007450541 ms_per_tick=9.9999999999999995e-07 device_ms=8.5914579999999994
PRODUCER_KERNEL_V1 stage=0 raw_iteration=2147483650 ordinal=11 kernel=finalize_resident_advective_high threads=13800483 begin_tick=1990072007487583 end_tick=1990072008085791 ms_per_tick=9.9999999999999995e-07 device_ms=0.59820799999999996
PRODUCER_KERNEL_V1 stage=0 raw_iteration=2147483650 ordinal=12 kernel=compose_resident_flux_pair threads=13800483 begin_tick=1990072008086333 end_tick=1990072008957625 ms_per_tick=9.9999999999999995e-07 device_ms=0.87129199999999996
PRODUCER_KERNEL_V1 stage=0 raw_iteration=2147483650 ordinal=13 kernel=validate_resident_physical_flux threads=13800483 begin_tick=1990072008958250 end_tick=1990072009857625 ms_per_tick=9.9999999999999995e-07 device_ms=0.89937499999999992
PRODUCER_KERNEL_V1 stage=0 raw_iteration=2147483650 ordinal=14 kernel=identify_resident_physical_flux threads=32 begin_tick=1990072009858458 end_tick=1990072009861500 ms_per_tick=9.9999999999999995e-07 device_ms=0.003042
PRODUCER_KERNEL_V1 stage=0 raw_iteration=2147483650 ordinal=15 kernel=fct_build_ratios threads=5551326 begin_tick=1990072009861958 end_tick=1990072013653250 ms_per_tick=9.9999999999999995e-07 device_ms=3.7912919999999999
PRODUCER_KERNEL_V1 stage=0 raw_iteration=2147483650 ordinal=16 kernel=fct_build_face_alpha threads=1533387 begin_tick=1990072013654000 end_tick=1990072013922125 ms_per_tick=9.9999999999999995e-07 device_ms=0.268125
PRODUCER_KERNEL_V1 stage=0 raw_iteration=2147483650 ordinal=17 kernel=fct_commit_scalar threads=504666 begin_tick=1990072013922708 end_tick=1990072014113916 ms_per_tick=9.9999999999999995e-07 device_ms=0.19120799999999999
PRODUCER_KERNEL_V1 stage=0 raw_iteration=2147483650 ordinal=18 kernel=owner_bind_candidate threads=1 begin_tick=1990072014114416 end_tick=1990072014118333 ms_per_tick=9.9999999999999995e-07 device_ms=0.0039169999999999995
PRODUCER_KERNEL_V1 stage=0 raw_iteration=2147483650 ordinal=19 kernel=finalize_resident_eos_candidate threads=1 begin_tick=1990072014118791 end_tick=1990072014121291 ms_per_tick=9.9999999999999995e-07 device_ms=0.0025000000000000001
PRODUCER_KERNEL_V1 stage=0 raw_iteration=2147483650 ordinal=20 kernel=evaluate_resident_eos_candidate threads=504666 begin_tick=1990072014121791 end_tick=1990072637307125 ms_per_tick=9.9999999999999995e-07 device_ms=623.18533400000001
PRODUCER_KERNEL_V1 stage=0 raw_iteration=2147483650 ordinal=21 kernel=finalize_resident_eos_candidate threads=1 begin_tick=1990072637322708 end_tick=1990072637325416 ms_per_tick=9.9999999999999995e-07 device_ms=0.0027079999999999999
PRODUCER_KERNEL_V1 stage=0 raw_iteration=2147483650 ordinal=22 kernel=identify_resident_eos threads=1 begin_tick=1990072637325833 end_tick=1990072637328375 ms_per_tick=9.9999999999999995e-07 device_ms=0.002542
PRODUCER_KERNEL_V1 stage=0 raw_iteration=2147483650 ordinal=23 kernel=produce_resident_frozen_source threads=504666 begin_tick=1990072637328791 end_tick=1990072637360958 ms_per_tick=9.9999999999999995e-07 device_ms=0.032167000000000001
PRODUCER_KERNEL_V1 stage=0 raw_iteration=2147483650 ordinal=24 kernel=identify_resident_frozen_source threads=1 begin_tick=1990072637361333 end_tick=1990072637363916 ms_per_tick=9.9999999999999995e-07 device_ms=0.0025829999999999998
PRODUCER_KERNEL_V1 stage=0 raw_iteration=2147483650 ordinal=25 kernel=evaluate_resident_target_terms threads=504666 begin_tick=1990072637364333 end_tick=1990072761599875 ms_per_tick=9.9999999999999995e-07 device_ms=124.235542
PRODUCER_KERNEL_V1 stage=0 raw_iteration=2147483650 ordinal=26 kernel=finalize_resident_target threads=1 begin_tick=1990072761615333 end_tick=1990072761618750 ms_per_tick=9.9999999999999995e-07 device_ms=0.0034169999999999999
PRODUCER_KERNEL_V1 stage=0 raw_iteration=2147483650 ordinal=27 kernel=identify_resident_target threads=1 begin_tick=1990072761619041 end_tick=1990072761622250 ms_per_tick=9.9999999999999995e-07 device_ms=0.003209
PRODUCER_KERNEL_V1 stage=0 raw_iteration=2147483650 ordinal=28 kernel=issue_resident_projection_consumer threads=1 begin_tick=1990072761622666 end_tick=1990072761626708 ms_per_tick=9.9999999999999995e-07 device_ms=0.0040419999999999996
PRODUCER_KERNEL_V1 stage=0 raw_iteration=2147483650 ordinal=29 kernel=consume_resident_target threads=1 begin_tick=1990072761627041 end_tick=1990072761631375 ms_per_tick=9.9999999999999995e-07 device_ms=0.0043340000000000002
PRODUCER_KERNEL_V1 stage=0 raw_iteration=2147483650 ordinal=30 kernel=owner_compose_target threads=504666 begin_tick=1990072761631666 end_tick=1990072761711416 ms_per_tick=9.9999999999999995e-07 device_ms=0.079750000000000001
PRODUCER_KERNEL_V1 stage=0 raw_iteration=2147483650 ordinal=31 kernel=finalize_resident_target threads=1 begin_tick=1990072761711833 end_tick=1990072761714458 ms_per_tick=9.9999999999999995e-07 device_ms=0.0026249999999999997
PRODUCER_KERNEL_V1 stage=0 raw_iteration=2147483650 ordinal=32 kernel=owner_identify_target threads=1 begin_tick=1990072761714875 end_tick=1990072761718125 ms_per_tick=9.9999999999999995e-07 device_ms=0.0032499999999999999
PRODUCER_KERNEL_V1 stage=0 raw_iteration=2147483650 ordinal=33 kernel=issue_resident_projection_consumer threads=1 begin_tick=1990072761718541 end_tick=1990072761721291 ms_per_tick=9.9999999999999995e-07 device_ms=0.0027499999999999998
PRODUCER_KERNEL_V1 stage=0 raw_iteration=2147483650 ordinal=34 kernel=consume_resident_target threads=1 begin_tick=1990072761721708 end_tick=1990072761724833 ms_per_tick=9.9999999999999995e-07 device_ms=0.0031249999999999997
PRODUCER_KERNEL_V1 stage=0 raw_iteration=2147483650 ordinal=35 kernel=owner_issue_stage_seal threads=1 begin_tick=1990072761725250 end_tick=1990072761728583 ms_per_tick=9.9999999999999995e-07 device_ms=0.003333
PRODUCER_KERNEL_V1 stage=0 raw_iteration=2147483650 ordinal=36 kernel=fct_compatible_stage_rate threads=1533387 begin_tick=1990072761729208 end_tick=1990072762286333 ms_per_tick=9.9999999999999995e-07 device_ms=0.55712499999999998
PRODUCER_KERNEL_V1 stage=0 raw_iteration=2147483650 ordinal=37 kernel=owner_predict_momentum threads=1533387 begin_tick=1990072762286750 end_tick=1990072762336291 ms_per_tick=9.9999999999999995e-07 device_ms=0.049540999999999995
RISE_FIRE_OWNER_PROFILE_V1 {"scope":33,"parent":28,"phase":"BuildStageProducerGroup","stage":0,"raw_iteration":2147483650,"iteration_kind":"terminal","wall_ms":848.069542000,"device_sum_ms":766.290374799,"wall_minus_device_ms":81.779167201,"exclusive_wall_ms":848.069542000,"exclusive_device_sum_ms":766.290374799,"child_observer_wall_ms":0.000000000,"count_scope":"inclusive","owner_commits":1,"projection_invocations":0}
RISE_FIRE_OWNER_PROFILE_V1 {"scope":34,"parent":28,"phase":"AlphaResidual","stage":0,"raw_iteration":2147483650,"iteration_kind":"terminal","wall_ms":0.252250000,"device_sum_ms":0.052291667,"wall_minus_device_ms":0.199958333,"exclusive_wall_ms":0.252250000,"exclusive_device_sum_ms":0.052291667,"child_observer_wall_ms":0.000000000,"count_scope":"inclusive","owner_commits":1,"projection_invocations":0}
RISE_FIRE_OWNER_PROFILE_V1 {"scope":35,"parent":28,"phase":"Residual","stage":0,"raw_iteration":2147483650,"iteration_kind":"terminal","wall_ms":0.293750000,"device_sum_ms":0.115583418,"wall_minus_device_ms":0.178166582,"exclusive_wall_ms":0.293750000,"exclusive_device_sum_ms":0.115583418,"child_observer_wall_ms":0.000000000,"count_scope":"inclusive","owner_commits":1,"projection_invocations":0}
RISE_FIRE_OWNER_PROFILE_V1 {"scope":28,"parent":21,"phase":"TerminalVerification","stage":0,"raw_iteration":2147483650,"iteration_kind":"terminal","wall_ms":861.642417000,"device_sum_ms":775.298082735,"wall_minus_device_ms":86.344334265,"exclusive_wall_ms":0.004749000,"exclusive_device_sum_ms":0.000000000,"child_observer_wall_ms":0.045375000,"count_scope":"inclusive","owner_commits":7,"projection_invocations":1}
RISE_FIRE_OWNER_PROFILE_V1 {"scope":21,"parent":3,"phase":"PicardIteration","stage":0,"raw_iteration":2,"iteration_kind":"picard","wall_ms":1710.620166000,"device_sum_ms":1536.026707618,"wall_minus_device_ms":174.593458382,"exclusive_wall_ms":0.665208000,"exclusive_device_sum_ms":0.000000000,"child_observer_wall_ms":0.046666000,"count_scope":"inclusive","owner_commits":13,"projection_invocations":2}
RISE_FIRE_OWNER_PROFILE_V1 {"scope":3,"parent":1,"phase":"SolveStage","stage":0,"raw_iteration":4294967295,"iteration_kind":"bootstrap","wall_ms":4268.623916000,"device_sum_ms":3831.649874570,"wall_minus_device_ms":436.974041430,"exclusive_wall_ms":2.014749000,"exclusive_device_sum_ms":0.000000000,"child_observer_wall_ms":0.032959000,"count_scope":"inclusive","owner_commits":28,"projection_invocations":5}
RISE_FIRE_OWNER_PROFILE_V1 {"scope":38,"parent":37,"phase":"ProjectionAdapter","stage":1,"raw_iteration":4294967295,"iteration_kind":"bootstrap","wall_ms":11.634792000,"device_sum_ms":8.590333397,"wall_minus_device_ms":3.044458603,"exclusive_wall_ms":11.634792000,"exclusive_device_sum_ms":8.590333397,"child_observer_wall_ms":0.000000000,"count_scope":"inclusive","owner_commits":0,"projection_invocations":1}
RISE_FIRE_OWNER_PROFILE_V1 {"scope":37,"parent":36,"phase":"Project","stage":1,"raw_iteration":4294967295,"iteration_kind":"bootstrap","wall_ms":13.510125000,"device_sum_ms":9.119458497,"wall_minus_device_ms":4.390666503,"exclusive_wall_ms":1.854958000,"exclusive_device_sum_ms":0.529125100,"child_observer_wall_ms":0.020375000,"count_scope":"inclusive","owner_commits":2,"projection_invocations":1}
PRODUCER_COMMAND_V1 stage=1 raw_iteration=4294967295 cpu_begin=1990072779434166 cpu_end=1990073611066041 gpu_begin=1990072779434166 gpu_end=1990073611066041 device_ms=748.755291569978 encoders=41 interval_scope=possibly_overlapping
PRODUCER_KERNEL_V1 stage=1 raw_iteration=4294967295 ordinal=0 kernel=owner_pack_faces threads=1533387 begin_tick=1990072862216916 end_tick=1990072862268458 ms_per_tick=9.9999999999999995e-07 device_ms=0.051541999999999998
PRODUCER_KERNEL_V1 stage=1 raw_iteration=4294967295 ordinal=1 kernel=owner_pack_faces threads=1533387 begin_tick=1990072862267791 end_tick=1990072862705000 ms_per_tick=9.9999999999999995e-07 device_ms=0.43720899999999996
PRODUCER_KERNEL_V1 stage=1 raw_iteration=4294967295 ordinal=2 kernel=owner_pack_faces threads=1533387 begin_tick=1990072862214916 end_tick=1990072862267791 ms_per_tick=9.9999999999999995e-07 device_ms=0.052874999999999998
PRODUCER_KERNEL_V1 stage=1 raw_iteration=4294967295 ordinal=3 kernel=fct_extract_gas_density threads=504666 begin_tick=1990072862705000 end_tick=1990072862735958 ms_per_tick=9.9999999999999995e-07 device_ms=0.030957999999999999
PRODUCER_KERNEL_V1 stage=1 raw_iteration=4294967295 ordinal=4 kernel=owner_gas_source threads=504666 begin_tick=1990072862735958 end_tick=1990072862784541 ms_per_tick=9.9999999999999995e-07 device_ms=0.048583000000000001
PRODUCER_KERNEL_V1 stage=1 raw_iteration=4294967295 ordinal=5 kernel=evaluate_resident_transport threads=504666 begin_tick=1990072862268916 end_tick=1990072862793666 ms_per_tick=9.9999999999999995e-07 device_ms=0.52474999999999994
PRODUCER_KERNEL_V1 stage=1 raw_iteration=4294967295 ordinal=6 kernel=identify_resident_transport threads=1 begin_tick=1990072862794166 end_tick=1990072862797250 ms_per_tick=9.9999999999999995e-07 device_ms=0.0030839999999999999
PRODUCER_KERNEL_V1 stage=1 raw_iteration=4294967295 ordinal=7 kernel=owner_bind_transport threads=1 begin_tick=1990072862797791 end_tick=1990072862801458 ms_per_tick=9.9999999999999995e-07 device_ms=0.0036669999999999997
PRODUCER_KERNEL_V1 stage=1 raw_iteration=4294967295 ordinal=8 kernel=identify_resident_owner_endpoint_class threads=1 begin_tick=1990072862802541 end_tick=1990072862806041 ms_per_tick=9.9999999999999995e-07 device_ms=0.0034999999999999996
PRODUCER_KERNEL_V1 stage=1 raw_iteration=4294967295 ordinal=9 kernel=evaluate_resident_physical_flux threads=1533387 begin_tick=1990072863822083 end_tick=1990072864942666 ms_per_tick=9.9999999999999995e-07 device_ms=1.1205829999999999
PRODUCER_KERNEL_V1 stage=1 raw_iteration=4294967295 ordinal=10 kernel=evaluate_resident_advective_pair threads=13800483 begin_tick=1990072865467000 end_tick=1990072874093125 ms_per_tick=9.9999999999999995e-07 device_ms=8.626125
PRODUCER_KERNEL_V1 stage=1 raw_iteration=4294967295 ordinal=11 kernel=finalize_resident_advective_high threads=13800483 begin_tick=1990072874128708 end_tick=1990072874718083 ms_per_tick=9.9999999999999995e-07 device_ms=0.58937499999999998
PRODUCER_KERNEL_V1 stage=1 raw_iteration=4294967295 ordinal=12 kernel=compose_resident_flux_pair threads=13800483 begin_tick=1990072874718458 end_tick=1990072875602666 ms_per_tick=9.9999999999999995e-07 device_ms=0.88420799999999999
PRODUCER_KERNEL_V1 stage=1 raw_iteration=4294967295 ordinal=13 kernel=validate_resident_physical_flux threads=13800483 begin_tick=1990072875603208 end_tick=1990072876449333 ms_per_tick=9.9999999999999995e-07 device_ms=0.84612500000000002
PRODUCER_KERNEL_V1 stage=1 raw_iteration=4294967295 ordinal=14 kernel=identify_resident_physical_flux threads=32 begin_tick=1990072876450000 end_tick=1990072876453333 ms_per_tick=9.9999999999999995e-07 device_ms=0.003333
PRODUCER_KERNEL_V1 stage=1 raw_iteration=4294967295 ordinal=15 kernel=owner_average_flux threads=13800483 begin_tick=1990072876453791 end_tick=1990072877250041 ms_per_tick=9.9999999999999995e-07 device_ms=0.79625000000000001
PRODUCER_KERNEL_V1 stage=1 raw_iteration=4294967295 ordinal=16 kernel=owner_bind_averaged_flux threads=1 begin_tick=1990072877250541 end_tick=1990072877254208 ms_per_tick=9.9999999999999995e-07 device_ms=0.0036669999999999997
PRODUCER_KERNEL_V1 stage=1 raw_iteration=4294967295 ordinal=17 kernel=fct_build_ratios threads=5551326 begin_tick=1990072877254625 end_tick=1990072880885208 ms_per_tick=9.9999999999999995e-07 device_ms=3.6305829999999997
PRODUCER_KERNEL_V1 stage=1 raw_iteration=4294967295 ordinal=18 kernel=fct_build_face_alpha threads=1533387 begin_tick=1990072880885916 end_tick=1990072881151750 ms_per_tick=9.9999999999999995e-07 device_ms=0.26583400000000001
PRODUCER_KERNEL_V1 stage=1 raw_iteration=4294967295 ordinal=19 kernel=fct_commit_scalar threads=504666 begin_tick=1990072881152375 end_tick=1990072881342875 ms_per_tick=9.9999999999999995e-07 device_ms=0.1905
PRODUCER_KERNEL_V1 stage=1 raw_iteration=4294967295 ordinal=20 kernel=owner_bind_candidate threads=1 begin_tick=1990072881343416 end_tick=1990072881347500 ms_per_tick=9.9999999999999995e-07 device_ms=0.004084
PRODUCER_KERNEL_V1 stage=1 raw_iteration=4294967295 ordinal=21 kernel=finalize_resident_eos_candidate threads=1 begin_tick=1990072881348083 end_tick=1990072881350458 ms_per_tick=9.9999999999999995e-07 device_ms=0.0023749999999999999
PRODUCER_KERNEL_V1 stage=1 raw_iteration=4294967295 ordinal=22 kernel=evaluate_resident_eos_candidate threads=504666 begin_tick=1990072881350958 end_tick=1990073484766541 ms_per_tick=9.9999999999999995e-07 device_ms=603.41558299999997
PRODUCER_KERNEL_V1 stage=1 raw_iteration=4294967295 ordinal=23 kernel=finalize_resident_eos_candidate threads=1 begin_tick=1990073484781416 end_tick=1990073484783833 ms_per_tick=9.9999999999999995e-07 device_ms=0.0024169999999999999
PRODUCER_KERNEL_V1 stage=1 raw_iteration=4294967295 ordinal=24 kernel=identify_resident_eos threads=1 begin_tick=1990073484784166 end_tick=1990073484786833 ms_per_tick=9.9999999999999995e-07 device_ms=0.0026669999999999997
PRODUCER_KERNEL_V1 stage=1 raw_iteration=4294967295 ordinal=25 kernel=produce_resident_frozen_source threads=504666 begin_tick=1990073484787250 end_tick=1990073484818166 ms_per_tick=9.9999999999999995e-07 device_ms=0.030915999999999999
PRODUCER_KERNEL_V1 stage=1 raw_iteration=4294967295 ordinal=26 kernel=identify_resident_frozen_source threads=1 begin_tick=1990073484818583 end_tick=1990073484821375 ms_per_tick=9.9999999999999995e-07 device_ms=0.0027919999999999998
PRODUCER_KERNEL_V1 stage=1 raw_iteration=4294967295 ordinal=27 kernel=evaluate_resident_target_terms threads=504666 begin_tick=1990073484821791 end_tick=1990073609755333 ms_per_tick=9.9999999999999995e-07 device_ms=124.93354199999999
PRODUCER_KERNEL_V1 stage=1 raw_iteration=4294967295 ordinal=28 kernel=finalize_resident_target threads=1 begin_tick=1990073609769916 end_tick=1990073609773083 ms_per_tick=9.9999999999999995e-07 device_ms=0.0031669999999999997
PRODUCER_KERNEL_V1 stage=1 raw_iteration=4294967295 ordinal=29 kernel=identify_resident_target threads=1 begin_tick=1990073609773500 end_tick=1990073609776375 ms_per_tick=9.9999999999999995e-07 device_ms=0.002875
PRODUCER_KERNEL_V1 stage=1 raw_iteration=4294967295 ordinal=30 kernel=issue_resident_projection_consumer threads=1 begin_tick=1990073609776791 end_tick=1990073609781000 ms_per_tick=9.9999999999999995e-07 device_ms=0.0042090000000000001
PRODUCER_KERNEL_V1 stage=1 raw_iteration=4294967295 ordinal=31 kernel=consume_resident_target threads=1 begin_tick=1990073609781416 end_tick=1990073609785666 ms_per_tick=9.9999999999999995e-07 device_ms=0.0042499999999999994
PRODUCER_KERNEL_V1 stage=1 raw_iteration=4294967295 ordinal=32 kernel=owner_compose_target threads=504666 begin_tick=1990073609786041 end_tick=1990073609817541 ms_per_tick=9.9999999999999995e-07 device_ms=0.0315
PRODUCER_KERNEL_V1 stage=1 raw_iteration=4294967295 ordinal=33 kernel=finalize_resident_target threads=1 begin_tick=1990073609817916 end_tick=1990073609820375 ms_per_tick=9.9999999999999995e-07 device_ms=0.0024589999999999998
PRODUCER_KERNEL_V1 stage=1 raw_iteration=4294967295 ordinal=34 kernel=owner_identify_target threads=1 begin_tick=1990073609820791 end_tick=1990073609823875 ms_per_tick=9.9999999999999995e-07 device_ms=0.0030839999999999999
PRODUCER_KERNEL_V1 stage=1 raw_iteration=4294967295 ordinal=35 kernel=issue_resident_projection_consumer threads=1 begin_tick=1990073609824250 end_tick=1990073609827333 ms_per_tick=9.9999999999999995e-07 device_ms=0.0030829999999999998
PRODUCER_KERNEL_V1 stage=1 raw_iteration=4294967295 ordinal=36 kernel=consume_resident_target threads=1 begin_tick=1990073609827708 end_tick=1990073609831083 ms_per_tick=9.9999999999999995e-07 device_ms=0.003375
PRODUCER_KERNEL_V1 stage=1 raw_iteration=4294967295 ordinal=37 kernel=owner_issue_stage_seal threads=1 begin_tick=1990073609831500 end_tick=1990073609834500 ms_per_tick=9.9999999999999995e-07 device_ms=0.0030000000000000001
PRODUCER_KERNEL_V1 stage=1 raw_iteration=4294967295 ordinal=38 kernel=fct_compatible_stage_rate threads=1533387 begin_tick=1990073609835041 end_tick=1990073610359833 ms_per_tick=9.9999999999999995e-07 device_ms=0.52479199999999993
PRODUCER_KERNEL_V1 stage=1 raw_iteration=4294967295 ordinal=39 kernel=fct_compatible_stage_rate threads=1533387 begin_tick=1990073610360250 end_tick=1990073610869500 ms_per_tick=9.9999999999999995e-07 device_ms=0.50924999999999998
PRODUCER_KERNEL_V1 stage=1 raw_iteration=4294967295 ordinal=40 kernel=owner_heun_momentum threads=1533387 begin_tick=1990073610870208 end_tick=1990073610964833 ms_per_tick=9.9999999999999995e-07 device_ms=0.094625000000000001
RISE_FIRE_OWNER_PROFILE_V1 {"scope":39,"parent":36,"phase":"BuildStageProducerGroup","stage":1,"raw_iteration":4294967295,"iteration_kind":"bootstrap","wall_ms":831.836250000,"device_sum_ms":748.755291570,"wall_minus_device_ms":83.080958430,"exclusive_wall_ms":831.836250000,"exclusive_device_sum_ms":748.755291570,"child_observer_wall_ms":0.000000000,"count_scope":"inclusive","owner_commits":1,"projection_invocations":0}
RISE_FIRE_OWNER_PROFILE_V1 {"scope":42,"parent":41,"phase":"ProjectionAdapter","stage":1,"raw_iteration":0,"iteration_kind":"picard","wall_ms":12.227542000,"device_sum_ms":9.220791748,"wall_minus_device_ms":3.006750252,"exclusive_wall_ms":12.227542000,"exclusive_device_sum_ms":9.220791748,"child_observer_wall_ms":0.000000000,"count_scope":"inclusive","owner_commits":0,"projection_invocations":1}
RISE_FIRE_OWNER_PROFILE_V1 {"scope":41,"parent":40,"phase":"Project","stage":1,"raw_iteration":0,"iteration_kind":"picard","wall_ms":12.872834000,"device_sum_ms":9.269416798,"wall_minus_device_ms":3.603417202,"exclusive_wall_ms":0.628501000,"exclusive_device_sum_ms":0.048625050,"child_observer_wall_ms":0.016791000,"count_scope":"inclusive","owner_commits":2,"projection_invocations":1}
RISE_FIRE_OWNER_PROFILE_V1 {"scope":43,"parent":40,"phase":"ReadOpenClass","stage":1,"raw_iteration":0,"iteration_kind":"picard","wall_ms":0.156625000,"device_sum_ms":0.002374873,"wall_minus_device_ms":0.154250127,"exclusive_wall_ms":0.156625000,"exclusive_device_sum_ms":0.002374873,"child_observer_wall_ms":0.000000000,"count_scope":"inclusive","owner_commits":1,"projection_invocations":0}
RISE_FIRE_OWNER_PROFILE_V1 {"scope":44,"parent":40,"phase":"ReadOpenClass","stage":1,"raw_iteration":0,"iteration_kind":"picard","wall_ms":0.138250000,"device_sum_ms":0.002458459,"wall_minus_device_ms":0.135791541,"exclusive_wall_ms":0.138250000,"exclusive_device_sum_ms":0.002458459,"child_observer_wall_ms":0.000000000,"count_scope":"inclusive","owner_commits":1,"projection_invocations":0}
PRODUCER_COMMAND_V1 stage=1 raw_iteration=0 cpu_begin=1990073624456416 cpu_end=1990074467029375 gpu_begin=1990073624456416 gpu_end=1990074467029375 device_ms=759.53249982558191 encoders=41 interval_scope=possibly_overlapping
PRODUCER_KERNEL_V1 stage=1 raw_iteration=0 ordinal=0 kernel=owner_pack_faces threads=1533387 begin_tick=1990073707374333 end_tick=1990073707431750 ms_per_tick=9.9999999999999995e-07 device_ms=0.057416999999999996
PRODUCER_KERNEL_V1 stage=1 raw_iteration=0 ordinal=1 kernel=owner_pack_faces threads=1533387 begin_tick=1990073707431500 end_tick=1990073707871375 ms_per_tick=9.9999999999999995e-07 device_ms=0.43987499999999996
PRODUCER_KERNEL_V1 stage=1 raw_iteration=0 ordinal=2 kernel=owner_pack_faces threads=1533387 begin_tick=1990073707372291 end_tick=1990073707431500 ms_per_tick=9.9999999999999995e-07 device_ms=0.059208999999999998
PRODUCER_KERNEL_V1 stage=1 raw_iteration=0 ordinal=3 kernel=fct_extract_gas_density threads=504666 begin_tick=1990073707871375 end_tick=1990073707894833 ms_per_tick=9.9999999999999995e-07 device_ms=0.023458
PRODUCER_KERNEL_V1 stage=1 raw_iteration=0 ordinal=4 kernel=owner_gas_source threads=504666 begin_tick=1990073707894833 end_tick=1990073707939666 ms_per_tick=9.9999999999999995e-07 device_ms=0.044832999999999998
PRODUCER_KERNEL_V1 stage=1 raw_iteration=0 ordinal=5 kernel=evaluate_resident_transport threads=504666 begin_tick=1990073707432166 end_tick=1990073707951000 ms_per_tick=9.9999999999999995e-07 device_ms=0.51883400000000002
PRODUCER_KERNEL_V1 stage=1 raw_iteration=0 ordinal=6 kernel=identify_resident_transport threads=1 begin_tick=1990073707951500 end_tick=1990073707954375 ms_per_tick=9.9999999999999995e-07 device_ms=0.002875
PRODUCER_KERNEL_V1 stage=1 raw_iteration=0 ordinal=7 kernel=owner_bind_transport threads=1 begin_tick=1990073707954916 end_tick=1990073707958416 ms_per_tick=9.9999999999999995e-07 device_ms=0.0034999999999999996
PRODUCER_KERNEL_V1 stage=1 raw_iteration=0 ordinal=8 kernel=identify_resident_owner_endpoint_class threads=1 begin_tick=1990073707958833 end_tick=1990073707962291 ms_per_tick=9.9999999999999995e-07 device_ms=0.0034579999999999997
PRODUCER_KERNEL_V1 stage=1 raw_iteration=0 ordinal=9 kernel=evaluate_resident_physical_flux threads=1533387 begin_tick=1990073708840500 end_tick=1990073709959875 ms_per_tick=9.9999999999999995e-07 device_ms=1.119375
PRODUCER_KERNEL_V1 stage=1 raw_iteration=0 ordinal=10 kernel=evaluate_resident_advective_pair threads=13800483 begin_tick=1990073710221541 end_tick=1990073718530583 ms_per_tick=9.9999999999999995e-07 device_ms=8.3090419999999998
PRODUCER_KERNEL_V1 stage=1 raw_iteration=0 ordinal=11 kernel=finalize_resident_advective_high threads=13800483 begin_tick=1990073718551291 end_tick=1990073719313291 ms_per_tick=9.9999999999999995e-07 device_ms=0.76200000000000001
PRODUCER_KERNEL_V1 stage=1 raw_iteration=0 ordinal=12 kernel=compose_resident_flux_pair threads=13800483 begin_tick=1990073719313833 end_tick=1990073720199666 ms_per_tick=9.9999999999999995e-07 device_ms=0.88583299999999998
PRODUCER_KERNEL_V1 stage=1 raw_iteration=0 ordinal=13 kernel=validate_resident_physical_flux threads=13800483 begin_tick=1990073720200208 end_tick=1990073721106083 ms_per_tick=9.9999999999999995e-07 device_ms=0.90587499999999999
PRODUCER_KERNEL_V1 stage=1 raw_iteration=0 ordinal=14 kernel=identify_resident_physical_flux threads=32 begin_tick=1990073721106875 end_tick=1990073721110333 ms_per_tick=9.9999999999999995e-07 device_ms=0.0034579999999999997
PRODUCER_KERNEL_V1 stage=1 raw_iteration=0 ordinal=15 kernel=owner_average_flux threads=13800483 begin_tick=1990073721110791 end_tick=1990073721944625 ms_per_tick=9.9999999999999995e-07 device_ms=0.83383399999999996
PRODUCER_KERNEL_V1 stage=1 raw_iteration=0 ordinal=16 kernel=owner_bind_averaged_flux threads=1 begin_tick=1990073721945208 end_tick=1990073721949125 ms_per_tick=9.9999999999999995e-07 device_ms=0.0039169999999999995
PRODUCER_KERNEL_V1 stage=1 raw_iteration=0 ordinal=17 kernel=fct_build_ratios threads=5551326 begin_tick=1990073721949500 end_tick=1990073725882666 ms_per_tick=9.9999999999999995e-07 device_ms=3.9331659999999999
PRODUCER_KERNEL_V1 stage=1 raw_iteration=0 ordinal=18 kernel=fct_build_face_alpha threads=1533387 begin_tick=1990073725883208 end_tick=1990073726152125 ms_per_tick=9.9999999999999995e-07 device_ms=0.26891699999999996
PRODUCER_KERNEL_V1 stage=1 raw_iteration=0 ordinal=19 kernel=fct_commit_scalar threads=504666 begin_tick=1990073726152750 end_tick=1990073726350583 ms_per_tick=9.9999999999999995e-07 device_ms=0.19783299999999998
PRODUCER_KERNEL_V1 stage=1 raw_iteration=0 ordinal=20 kernel=owner_bind_candidate threads=1 begin_tick=1990073726351000 end_tick=1990073726354625 ms_per_tick=9.9999999999999995e-07 device_ms=0.0036249999999999998
PRODUCER_KERNEL_V1 stage=1 raw_iteration=0 ordinal=21 kernel=finalize_resident_eos_candidate threads=1 begin_tick=1990073726355208 end_tick=1990073726357833 ms_per_tick=9.9999999999999995e-07 device_ms=0.0026249999999999997
PRODUCER_KERNEL_V1 stage=1 raw_iteration=0 ordinal=22 kernel=evaluate_resident_eos_candidate threads=504666 begin_tick=1990073726358291 end_tick=1990074341099208 ms_per_tick=9.9999999999999995e-07 device_ms=614.74091699999997
PRODUCER_KERNEL_V1 stage=1 raw_iteration=0 ordinal=23 kernel=finalize_resident_eos_candidate threads=1 begin_tick=1990074341115416 end_tick=1990074341118208 ms_per_tick=9.9999999999999995e-07 device_ms=0.0027919999999999998
PRODUCER_KERNEL_V1 stage=1 raw_iteration=0 ordinal=24 kernel=identify_resident_eos threads=1 begin_tick=1990074341118583 end_tick=1990074341121291 ms_per_tick=9.9999999999999995e-07 device_ms=0.0027079999999999999
PRODUCER_KERNEL_V1 stage=1 raw_iteration=0 ordinal=25 kernel=produce_resident_frozen_source threads=504666 begin_tick=1990074341121625 end_tick=1990074341153166 ms_per_tick=9.9999999999999995e-07 device_ms=0.031541
PRODUCER_KERNEL_V1 stage=1 raw_iteration=0 ordinal=26 kernel=identify_resident_frozen_source threads=1 begin_tick=1990074341153583 end_tick=1990074341156416 ms_per_tick=9.9999999999999995e-07 device_ms=0.002833
PRODUCER_KERNEL_V1 stage=1 raw_iteration=0 ordinal=27 kernel=evaluate_resident_target_terms threads=504666 begin_tick=1990074341156833 end_tick=1990074465601333 ms_per_tick=9.9999999999999995e-07 device_ms=124.44449999999999
PRODUCER_KERNEL_V1 stage=1 raw_iteration=0 ordinal=28 kernel=finalize_resident_target threads=1 begin_tick=1990074465616166 end_tick=1990074465619583 ms_per_tick=9.9999999999999995e-07 device_ms=0.0034169999999999999
PRODUCER_KERNEL_V1 stage=1 raw_iteration=0 ordinal=29 kernel=identify_resident_target threads=1 begin_tick=1990074465619916 end_tick=1990074465622791 ms_per_tick=9.9999999999999995e-07 device_ms=0.002875
PRODUCER_KERNEL_V1 stage=1 raw_iteration=0 ordinal=30 kernel=issue_resident_projection_consumer threads=1 begin_tick=1990074465623208 end_tick=1990074465627583 ms_per_tick=9.9999999999999995e-07 device_ms=0.0043749999999999995
PRODUCER_KERNEL_V1 stage=1 raw_iteration=0 ordinal=31 kernel=consume_resident_target threads=1 begin_tick=1990074465628625 end_tick=1990074465632875 ms_per_tick=9.9999999999999995e-07 device_ms=0.0042499999999999994
PRODUCER_KERNEL_V1 stage=1 raw_iteration=0 ordinal=32 kernel=owner_compose_target threads=504666 begin_tick=1990074465633166 end_tick=1990074465713000 ms_per_tick=9.9999999999999995e-07 device_ms=0.079834000000000002
PRODUCER_KERNEL_V1 stage=1 raw_iteration=0 ordinal=33 kernel=finalize_resident_target threads=1 begin_tick=1990074465713416 end_tick=1990074465715708 ms_per_tick=9.9999999999999995e-07 device_ms=0.0022919999999999998
PRODUCER_KERNEL_V1 stage=1 raw_iteration=0 ordinal=34 kernel=owner_identify_target threads=1 begin_tick=1990074465716125 end_tick=1990074465719291 ms_per_tick=9.9999999999999995e-07 device_ms=0.003166
PRODUCER_KERNEL_V1 stage=1 raw_iteration=0 ordinal=35 kernel=issue_resident_projection_consumer threads=1 begin_tick=1990074465719708 end_tick=1990074465722833 ms_per_tick=9.9999999999999995e-07 device_ms=0.0031249999999999997
PRODUCER_KERNEL_V1 stage=1 raw_iteration=0 ordinal=36 kernel=consume_resident_target threads=1 begin_tick=1990074465723125 end_tick=1990074465726500 ms_per_tick=9.9999999999999995e-07 device_ms=0.003375
PRODUCER_KERNEL_V1 stage=1 raw_iteration=0 ordinal=37 kernel=owner_issue_stage_seal threads=1 begin_tick=1990074465726791 end_tick=1990074465729791 ms_per_tick=9.9999999999999995e-07 device_ms=0.0030000000000000001
PRODUCER_KERNEL_V1 stage=1 raw_iteration=0 ordinal=38 kernel=fct_compatible_stage_rate threads=1533387 begin_tick=1990074465730500 end_tick=1990074466279041 ms_per_tick=9.9999999999999995e-07 device_ms=0.54854099999999995
PRODUCER_KERNEL_V1 stage=1 raw_iteration=0 ordinal=39 kernel=fct_compatible_stage_rate threads=1533387 begin_tick=1990074466279458 end_tick=1990074466804583 ms_per_tick=9.9999999999999995e-07 device_ms=0.52512499999999995
PRODUCER_KERNEL_V1 stage=1 raw_iteration=0 ordinal=40 kernel=owner_heun_momentum threads=1533387 begin_tick=1990074466805125 end_tick=1990074466899291 ms_per_tick=9.9999999999999995e-07 device_ms=0.094166
RISE_FIRE_OWNER_PROFILE_V1 {"scope":45,"parent":40,"phase":"BuildStageProducerGroup","stage":1,"raw_iteration":0,"iteration_kind":"picard","wall_ms":842.771125000,"device_sum_ms":759.532499826,"wall_minus_device_ms":83.238625174,"exclusive_wall_ms":842.771125000,"exclusive_device_sum_ms":759.532499826,"child_observer_wall_ms":0.000000000,"count_scope":"inclusive","owner_commits":1,"projection_invocations":0}
RISE_FIRE_OWNER_PROFILE_V1 {"scope":46,"parent":40,"phase":"Residual","stage":1,"raw_iteration":0,"iteration_kind":"picard","wall_ms":0.394750000,"device_sum_ms":0.156374881,"wall_minus_device_ms":0.238375119,"exclusive_wall_ms":0.394750000,"exclusive_device_sum_ms":0.156374881,"child_observer_wall_ms":0.000000000,"count_scope":"inclusive","owner_commits":1,"projection_invocations":0}
RISE_FIRE_OWNER_PROFILE_V1 {"scope":40,"parent":36,"phase":"PicardIteration","stage":1,"raw_iteration":0,"iteration_kind":"picard","wall_ms":857.097667000,"device_sum_ms":768.963124836,"wall_minus_device_ms":88.134542164,"exclusive_wall_ms":0.722751000,"exclusive_device_sum_ms":0.000000000,"child_observer_wall_ms":0.041332000,"count_scope":"inclusive","owner_commits":6,"projection_invocations":1}
RISE_FIRE_OWNER_PROFILE_V1 {"scope":49,"parent":48,"phase":"ProjectionAdapter","stage":1,"raw_iteration":1,"iteration_kind":"picard","wall_ms":11.620875000,"device_sum_ms":8.797166636,"wall_minus_device_ms":2.823708364,"exclusive_wall_ms":11.620875000,"exclusive_device_sum_ms":8.797166636,"child_observer_wall_ms":0.000000000,"count_scope":"inclusive","owner_commits":0,"projection_invocations":1}
RISE_FIRE_OWNER_PROFILE_V1 {"scope":48,"parent":47,"phase":"Project","stage":1,"raw_iteration":1,"iteration_kind":"picard","wall_ms":13.106459000,"device_sum_ms":8.989250055,"wall_minus_device_ms":4.117208945,"exclusive_wall_ms":1.475543000,"exclusive_device_sum_ms":0.192083418,"child_observer_wall_ms":0.010041000,"count_scope":"inclusive","owner_commits":2,"projection_invocations":1}
RISE_FIRE_OWNER_PROFILE_V1 {"scope":50,"parent":47,"phase":"ReadOpenClass","stage":1,"raw_iteration":1,"iteration_kind":"picard","wall_ms":0.156459000,"device_sum_ms":0.002500135,"wall_minus_device_ms":0.153958865,"exclusive_wall_ms":0.156459000,"exclusive_device_sum_ms":0.002500135,"child_observer_wall_ms":0.000000000,"count_scope":"inclusive","owner_commits":1,"projection_invocations":0}
RISE_FIRE_OWNER_PROFILE_V1 {"scope":51,"parent":47,"phase":"ReadOpenClass","stage":1,"raw_iteration":1,"iteration_kind":"picard","wall_ms":0.148583000,"device_sum_ms":0.002249843,"wall_minus_device_ms":0.146333157,"exclusive_wall_ms":0.148583000,"exclusive_device_sum_ms":0.002249843,"child_observer_wall_ms":0.000000000,"count_scope":"inclusive","owner_commits":1,"projection_invocations":0}
PRODUCER_COMMAND_V1 stage=1 raw_iteration=1 cpu_begin=1990074481796625 cpu_end=1990075321111791 gpu_begin=1990074481796625 gpu_end=1990075321111791 device_ms=757.63229164294899 encoders=41 interval_scope=possibly_overlapping
PRODUCER_KERNEL_V1 stage=1 raw_iteration=1 ordinal=0 kernel=owner_pack_faces threads=1533387 begin_tick=1990074563375666 end_tick=1990074563431125 ms_per_tick=9.9999999999999995e-07 device_ms=0.055458999999999994
PRODUCER_KERNEL_V1 stage=1 raw_iteration=1 ordinal=1 kernel=owner_pack_faces threads=1533387 begin_tick=1990074563431125 end_tick=1990074563783125 ms_per_tick=9.9999999999999995e-07 device_ms=0.35199999999999998
PRODUCER_KERNEL_V1 stage=1 raw_iteration=1 ordinal=2 kernel=owner_pack_faces threads=1533387 begin_tick=1990074563374500 end_tick=1990074563431333 ms_per_tick=9.9999999999999995e-07 device_ms=0.056832999999999995
PRODUCER_KERNEL_V1 stage=1 raw_iteration=1 ordinal=3 kernel=fct_extract_gas_density threads=504666 begin_tick=1990074563431583 end_tick=1990074563481083 ms_per_tick=9.9999999999999995e-07 device_ms=0.049499999999999995
PRODUCER_KERNEL_V1 stage=1 raw_iteration=1 ordinal=4 kernel=owner_gas_source threads=504666 begin_tick=1990074563783458 end_tick=1990074563936041 ms_per_tick=9.9999999999999995e-07 device_ms=0.152583
PRODUCER_KERNEL_V1 stage=1 raw_iteration=1 ordinal=5 kernel=evaluate_resident_transport threads=504666 begin_tick=1990074563481125 end_tick=1990074563949125 ms_per_tick=9.9999999999999995e-07 device_ms=0.46799999999999997
PRODUCER_KERNEL_V1 stage=1 raw_iteration=1 ordinal=6 kernel=identify_resident_transport threads=1 begin_tick=1990074563949625 end_tick=1990074563952625 ms_per_tick=9.9999999999999995e-07 device_ms=0.0030000000000000001
PRODUCER_KERNEL_V1 stage=1 raw_iteration=1 ordinal=7 kernel=owner_bind_transport threads=1 begin_tick=1990074563953166 end_tick=1990074563956458 ms_per_tick=9.9999999999999995e-07 device_ms=0.0032919999999999998
PRODUCER_KERNEL_V1 stage=1 raw_iteration=1 ordinal=8 kernel=identify_resident_owner_endpoint_class threads=1 begin_tick=1990074563956875 end_tick=1990074563960500 ms_per_tick=9.9999999999999995e-07 device_ms=0.0036249999999999998
PRODUCER_KERNEL_V1 stage=1 raw_iteration=1 ordinal=9 kernel=evaluate_resident_physical_flux threads=1533387 begin_tick=1990074564898541 end_tick=1990074566017166 ms_per_tick=9.9999999999999995e-07 device_ms=1.118625
PRODUCER_KERNEL_V1 stage=1 raw_iteration=1 ordinal=10 kernel=evaluate_resident_advective_pair threads=13800483 begin_tick=1990074566277333 end_tick=1990074574861916 ms_per_tick=9.9999999999999995e-07 device_ms=8.5845830000000003
PRODUCER_KERNEL_V1 stage=1 raw_iteration=1 ordinal=11 kernel=finalize_resident_advective_high threads=13800483 begin_tick=1990074574884541 end_tick=1990074575479583 ms_per_tick=9.9999999999999995e-07 device_ms=0.59504199999999996
PRODUCER_KERNEL_V1 stage=1 raw_iteration=1 ordinal=12 kernel=compose_resident_flux_pair threads=13800483 begin_tick=1990074575479958 end_tick=1990074576365708 ms_per_tick=9.9999999999999995e-07 device_ms=0.88574999999999993
PRODUCER_KERNEL_V1 stage=1 raw_iteration=1 ordinal=13 kernel=validate_resident_physical_flux threads=13800483 begin_tick=1990074576366250 end_tick=1990074577204291 ms_per_tick=9.9999999999999995e-07 device_ms=0.83804099999999992
PRODUCER_KERNEL_V1 stage=1 raw_iteration=1 ordinal=14 kernel=identify_resident_physical_flux threads=32 begin_tick=1990074577205125 end_tick=1990074577208416 ms_per_tick=9.9999999999999995e-07 device_ms=0.0032909999999999997
PRODUCER_KERNEL_V1 stage=1 raw_iteration=1 ordinal=15 kernel=owner_average_flux threads=13800483 begin_tick=1990074577208875 end_tick=1990074578010791 ms_per_tick=9.9999999999999995e-07 device_ms=0.80191599999999996
PRODUCER_KERNEL_V1 stage=1 raw_iteration=1 ordinal=16 kernel=owner_bind_averaged_flux threads=1 begin_tick=1990074578011333 end_tick=1990074578015041 ms_per_tick=9.9999999999999995e-07 device_ms=0.0037079999999999999
PRODUCER_KERNEL_V1 stage=1 raw_iteration=1 ordinal=17 kernel=fct_build_ratios threads=5551326 begin_tick=1990074578015500 end_tick=1990074581645208 ms_per_tick=9.9999999999999995e-07 device_ms=3.6297079999999999
PRODUCER_KERNEL_V1 stage=1 raw_iteration=1 ordinal=18 kernel=fct_build_face_alpha threads=1533387 begin_tick=1990074581646000 end_tick=1990074581913083 ms_per_tick=9.9999999999999995e-07 device_ms=0.26708300000000001
PRODUCER_KERNEL_V1 stage=1 raw_iteration=1 ordinal=19 kernel=fct_commit_scalar threads=504666 begin_tick=1990074581913708 end_tick=1990074582106291 ms_per_tick=9.9999999999999995e-07 device_ms=0.192583
PRODUCER_KERNEL_V1 stage=1 raw_iteration=1 ordinal=20 kernel=owner_bind_candidate threads=1 begin_tick=1990074582106750 end_tick=1990074582110500 ms_per_tick=9.9999999999999995e-07 device_ms=0.0037499999999999999
PRODUCER_KERNEL_V1 stage=1 raw_iteration=1 ordinal=21 kernel=finalize_resident_eos_candidate threads=1 begin_tick=1990074582111083 end_tick=1990074582113625 ms_per_tick=9.9999999999999995e-07 device_ms=0.002542
PRODUCER_KERNEL_V1 stage=1 raw_iteration=1 ordinal=22 kernel=evaluate_resident_eos_candidate threads=504666 begin_tick=1990074582114125 end_tick=1990075195349583 ms_per_tick=9.9999999999999995e-07 device_ms=613.23545799999999
PRODUCER_KERNEL_V1 stage=1 raw_iteration=1 ordinal=23 kernel=finalize_resident_eos_candidate threads=1 begin_tick=1990075195365125 end_tick=1990075195367708 ms_per_tick=9.9999999999999995e-07 device_ms=0.0025829999999999998
PRODUCER_KERNEL_V1 stage=1 raw_iteration=1 ordinal=24 kernel=identify_resident_eos threads=1 begin_tick=1990075195368125 end_tick=1990075195370791 ms_per_tick=9.9999999999999995e-07 device_ms=0.002666
PRODUCER_KERNEL_V1 stage=1 raw_iteration=1 ordinal=25 kernel=produce_resident_frozen_source threads=504666 begin_tick=1990075195371291 end_tick=1990075195400583 ms_per_tick=9.9999999999999995e-07 device_ms=0.029291999999999999
PRODUCER_KERNEL_V1 stage=1 raw_iteration=1 ordinal=26 kernel=identify_resident_frozen_source threads=1 begin_tick=1990075195400875 end_tick=1990075195403416 ms_per_tick=9.9999999999999995e-07 device_ms=0.0025409999999999999
PRODUCER_KERNEL_V1 stage=1 raw_iteration=1 ordinal=27 kernel=evaluate_resident_target_terms threads=504666 begin_tick=1990075195403708 end_tick=1990075319749458 ms_per_tick=9.9999999999999995e-07 device_ms=124.34575
PRODUCER_KERNEL_V1 stage=1 raw_iteration=1 ordinal=28 kernel=finalize_resident_target threads=1 begin_tick=1990075319765500 end_tick=1990075319768666 ms_per_tick=9.9999999999999995e-07 device_ms=0.003166
PRODUCER_KERNEL_V1 stage=1 raw_iteration=1 ordinal=29 kernel=identify_resident_target threads=1 begin_tick=1990075319769000 end_tick=1990075319772041 ms_per_tick=9.9999999999999995e-07 device_ms=0.0030409999999999999
PRODUCER_KERNEL_V1 stage=1 raw_iteration=1 ordinal=30 kernel=issue_resident_projection_consumer threads=1 begin_tick=1990075319772416 end_tick=1990075319776416 ms_per_tick=9.9999999999999995e-07 device_ms=0.0040000000000000001
PRODUCER_KERNEL_V1 stage=1 raw_iteration=1 ordinal=31 kernel=consume_resident_target threads=1 begin_tick=1990075319776833 end_tick=1990075319781125 ms_per_tick=9.9999999999999995e-07 device_ms=0.0042919999999999998
PRODUCER_KERNEL_V1 stage=1 raw_iteration=1 ordinal=32 kernel=owner_compose_target threads=504666 begin_tick=1990075319781541 end_tick=1990075319861083 ms_per_tick=9.9999999999999995e-07 device_ms=0.079542000000000002
PRODUCER_KERNEL_V1 stage=1 raw_iteration=1 ordinal=33 kernel=finalize_resident_target threads=1 begin_tick=1990075319861375 end_tick=1990075319864041 ms_per_tick=9.9999999999999995e-07 device_ms=0.002666
PRODUCER_KERNEL_V1 stage=1 raw_iteration=1 ordinal=34 kernel=owner_identify_target threads=1 begin_tick=1990075319864416 end_tick=1990075319867500 ms_per_tick=9.9999999999999995e-07 device_ms=0.0030839999999999999
PRODUCER_KERNEL_V1 stage=1 raw_iteration=1 ordinal=35 kernel=issue_resident_projection_consumer threads=1 begin_tick=1990075319867916 end_tick=1990075319871000 ms_per_tick=9.9999999999999995e-07 device_ms=0.0030839999999999999
PRODUCER_KERNEL_V1 stage=1 raw_iteration=1 ordinal=36 kernel=consume_resident_target threads=1 begin_tick=1990075319871375 end_tick=1990075319874708 ms_per_tick=9.9999999999999995e-07 device_ms=0.003333
PRODUCER_KERNEL_V1 stage=1 raw_iteration=1 ordinal=37 kernel=owner_issue_stage_seal threads=1 begin_tick=1990075319875125 end_tick=1990075319878000 ms_per_tick=9.9999999999999995e-07 device_ms=0.002875
PRODUCER_KERNEL_V1 stage=1 raw_iteration=1 ordinal=38 kernel=fct_compatible_stage_rate threads=1533387 begin_tick=1990075319878583 end_tick=1990075320403666 ms_per_tick=9.9999999999999995e-07 device_ms=0.52508299999999997
PRODUCER_KERNEL_V1 stage=1 raw_iteration=1 ordinal=39 kernel=fct_compatible_stage_rate threads=1533387 begin_tick=1990075320404041 end_tick=1990075320909833 ms_per_tick=9.9999999999999995e-07 device_ms=0.50579200000000002
PRODUCER_KERNEL_V1 stage=1 raw_iteration=1 ordinal=40 kernel=owner_heun_momentum threads=1533387 begin_tick=1990075320910541 end_tick=1990075321001083 ms_per_tick=9.9999999999999995e-07 device_ms=0.090541999999999997
RISE_FIRE_OWNER_PROFILE_V1 {"scope":52,"parent":47,"phase":"BuildStageProducerGroup","stage":1,"raw_iteration":1,"iteration_kind":"picard","wall_ms":839.543167000,"device_sum_ms":757.632291643,"wall_minus_device_ms":81.910875357,"exclusive_wall_ms":839.543167000,"exclusive_device_sum_ms":757.632291643,"child_observer_wall_ms":0.000000000,"count_scope":"inclusive","owner_commits":1,"projection_invocations":0}
RISE_FIRE_OWNER_PROFILE_V1 {"scope":53,"parent":47,"phase":"Residual","stage":1,"raw_iteration":1,"iteration_kind":"picard","wall_ms":0.351750000,"device_sum_ms":0.114708440,"wall_minus_device_ms":0.237041560,"exclusive_wall_ms":0.351750000,"exclusive_device_sum_ms":0.114708440,"child_observer_wall_ms":0.000000000,"count_scope":"inclusive","owner_commits":1,"projection_invocations":0}
RISE_FIRE_OWNER_PROFILE_V1 {"scope":47,"parent":36,"phase":"PicardIteration","stage":1,"raw_iteration":1,"iteration_kind":"picard","wall_ms":854.509583000,"device_sum_ms":766.741000116,"wall_minus_device_ms":87.768582884,"exclusive_wall_ms":1.153750000,"exclusive_device_sum_ms":0.000000000,"child_observer_wall_ms":0.049415000,"count_scope":"inclusive","owner_commits":6,"projection_invocations":1}
RISE_FIRE_OWNER_PROFILE_V1 {"scope":56,"parent":55,"phase":"ProjectionAdapter","stage":1,"raw_iteration":2,"iteration_kind":"picard","wall_ms":13.132125000,"device_sum_ms":10.046416661,"wall_minus_device_ms":3.085708339,"exclusive_wall_ms":13.132125000,"exclusive_device_sum_ms":10.046416661,"child_observer_wall_ms":0.000000000,"count_scope":"inclusive","owner_commits":0,"projection_invocations":1}
RISE_FIRE_OWNER_PROFILE_V1 {"scope":55,"parent":54,"phase":"Project","stage":1,"raw_iteration":2,"iteration_kind":"picard","wall_ms":14.868834000,"device_sum_ms":10.097833583,"wall_minus_device_ms":4.771000417,"exclusive_wall_ms":1.716292000,"exclusive_device_sum_ms":0.051416922,"child_observer_wall_ms":0.020417000,"count_scope":"inclusive","owner_commits":2,"projection_invocations":1}
RISE_FIRE_OWNER_PROFILE_V1 {"scope":57,"parent":54,"phase":"ReadOpenClass","stage":1,"raw_iteration":2,"iteration_kind":"picard","wall_ms":0.166667000,"device_sum_ms":0.002416782,"wall_minus_device_ms":0.164250218,"exclusive_wall_ms":0.166667000,"exclusive_device_sum_ms":0.002416782,"child_observer_wall_ms":0.000000000,"count_scope":"inclusive","owner_commits":1,"projection_invocations":0}
RISE_FIRE_OWNER_PROFILE_V1 {"scope":58,"parent":54,"phase":"ReadOpenClass","stage":1,"raw_iteration":2,"iteration_kind":"picard","wall_ms":0.195458000,"device_sum_ms":0.002375105,"wall_minus_device_ms":0.193082895,"exclusive_wall_ms":0.195458000,"exclusive_device_sum_ms":0.002375105,"child_observer_wall_ms":0.000000000,"count_scope":"inclusive","owner_commits":1,"projection_invocations":0}
PRODUCER_COMMAND_V1 stage=1 raw_iteration=2 cpu_begin=1990075338155208 cpu_end=1990076179096166 gpu_begin=1990075338155208 gpu_end=1990076179096166 device_ms=759.38454177230597 encoders=41 interval_scope=possibly_overlapping
PRODUCER_KERNEL_V1 stage=1 raw_iteration=2 ordinal=0 kernel=owner_pack_faces threads=1533387 begin_tick=1990075419713583 end_tick=1990075419764750 ms_per_tick=9.9999999999999995e-07 device_ms=0.051166999999999997
PRODUCER_KERNEL_V1 stage=1 raw_iteration=2 ordinal=1 kernel=owner_pack_faces threads=1533387 begin_tick=1990075419838708 end_tick=1990075419888916 ms_per_tick=9.9999999999999995e-07 device_ms=0.050207999999999996
PRODUCER_KERNEL_V1 stage=1 raw_iteration=2 ordinal=2 kernel=owner_pack_faces threads=1533387 begin_tick=1990075419960208 end_tick=1990075420042458 ms_per_tick=9.9999999999999995e-07 device_ms=0.08224999999999999
PRODUCER_KERNEL_V1 stage=1 raw_iteration=2 ordinal=3 kernel=fct_extract_gas_density threads=504666 begin_tick=1990075419980583 end_tick=1990075420030708 ms_per_tick=9.9999999999999995e-07 device_ms=0.050124999999999996
PRODUCER_KERNEL_V1 stage=1 raw_iteration=2 ordinal=4 kernel=owner_gas_source threads=504666 begin_tick=1990075420062625 end_tick=1990075420110083 ms_per_tick=9.9999999999999995e-07 device_ms=0.047458
PRODUCER_KERNEL_V1 stage=1 raw_iteration=2 ordinal=5 kernel=evaluate_resident_transport threads=504666 begin_tick=1990075420131166 end_tick=1990075420590041 ms_per_tick=9.9999999999999995e-07 device_ms=0.45887499999999998
PRODUCER_KERNEL_V1 stage=1 raw_iteration=2 ordinal=6 kernel=identify_resident_transport threads=1 begin_tick=1990075420590541 end_tick=1990075420593375 ms_per_tick=9.9999999999999995e-07 device_ms=0.0028339999999999997
PRODUCER_KERNEL_V1 stage=1 raw_iteration=2 ordinal=7 kernel=owner_bind_transport threads=1 begin_tick=1990075420593916 end_tick=1990075420597500 ms_per_tick=9.9999999999999995e-07 device_ms=0.0035839999999999999
PRODUCER_KERNEL_V1 stage=1 raw_iteration=2 ordinal=8 kernel=identify_resident_owner_endpoint_class threads=1 begin_tick=1990075420597916 end_tick=1990075420601625 ms_per_tick=9.9999999999999995e-07 device_ms=0.0037089999999999996
PRODUCER_KERNEL_V1 stage=1 raw_iteration=2 ordinal=9 kernel=evaluate_resident_physical_flux threads=1533387 begin_tick=1990075421762625 end_tick=1990075422875416 ms_per_tick=9.9999999999999995e-07 device_ms=1.1127909999999999
PRODUCER_KERNEL_V1 stage=1 raw_iteration=2 ordinal=10 kernel=evaluate_resident_advective_pair threads=13800483 begin_tick=1990075423163000 end_tick=1990075430231166 ms_per_tick=9.9999999999999995e-07 device_ms=7.0681659999999997
PRODUCER_KERNEL_V1 stage=1 raw_iteration=2 ordinal=11 kernel=finalize_resident_advective_high threads=13800483 begin_tick=1990075430231791 end_tick=1990075430651041 ms_per_tick=9.9999999999999995e-07 device_ms=0.41924999999999996
PRODUCER_KERNEL_V1 stage=1 raw_iteration=2 ordinal=12 kernel=compose_resident_flux_pair threads=13800483 begin_tick=1990075430651416 end_tick=1990075431540750 ms_per_tick=9.9999999999999995e-07 device_ms=0.88933399999999996
PRODUCER_KERNEL_V1 stage=1 raw_iteration=2 ordinal=13 kernel=validate_resident_physical_flux threads=13800483 begin_tick=1990075431541291 end_tick=1990075432523916 ms_per_tick=9.9999999999999995e-07 device_ms=0.98262499999999997
PRODUCER_KERNEL_V1 stage=1 raw_iteration=2 ordinal=14 kernel=identify_resident_physical_flux threads=32 begin_tick=1990075432524666 end_tick=1990075432528083 ms_per_tick=9.9999999999999995e-07 device_ms=0.0034169999999999999
PRODUCER_KERNEL_V1 stage=1 raw_iteration=2 ordinal=15 kernel=owner_average_flux threads=13800483 begin_tick=1990075432528625 end_tick=1990075433336041 ms_per_tick=9.9999999999999995e-07 device_ms=0.80741599999999991
PRODUCER_KERNEL_V1 stage=1 raw_iteration=2 ordinal=16 kernel=owner_bind_averaged_flux threads=1 begin_tick=1990075433336541 end_tick=1990075433340416 ms_per_tick=9.9999999999999995e-07 device_ms=0.003875
PRODUCER_KERNEL_V1 stage=1 raw_iteration=2 ordinal=17 kernel=fct_build_ratios threads=5551326 begin_tick=1990075433340875 end_tick=1990075438527125 ms_per_tick=9.9999999999999995e-07 device_ms=5.1862499999999994
PRODUCER_KERNEL_V1 stage=1 raw_iteration=2 ordinal=18 kernel=fct_build_face_alpha threads=1533387 begin_tick=1990075438542875 end_tick=1990075438810166 ms_per_tick=9.9999999999999995e-07 device_ms=0.267291
PRODUCER_KERNEL_V1 stage=1 raw_iteration=2 ordinal=19 kernel=fct_commit_scalar threads=504666 begin_tick=1990075438810791 end_tick=1990075438997916 ms_per_tick=9.9999999999999995e-07 device_ms=0.18712499999999999
PRODUCER_KERNEL_V1 stage=1 raw_iteration=2 ordinal=20 kernel=owner_bind_candidate threads=1 begin_tick=1990075438998291 end_tick=1990075439002500 ms_per_tick=9.9999999999999995e-07 device_ms=0.0042090000000000001
PRODUCER_KERNEL_V1 stage=1 raw_iteration=2 ordinal=21 kernel=finalize_resident_eos_candidate threads=1 begin_tick=1990075439003083 end_tick=1990075439005625 ms_per_tick=9.9999999999999995e-07 device_ms=0.002542
PRODUCER_KERNEL_V1 stage=1 raw_iteration=2 ordinal=22 kernel=evaluate_resident_eos_candidate threads=504666 begin_tick=1990075439006083 end_tick=1990076052413500 ms_per_tick=9.9999999999999995e-07 device_ms=613.40741700000001
PRODUCER_KERNEL_V1 stage=1 raw_iteration=2 ordinal=23 kernel=finalize_resident_eos_candidate threads=1 begin_tick=1990076052428875 end_tick=1990076052431541 ms_per_tick=9.9999999999999995e-07 device_ms=0.002666
PRODUCER_KERNEL_V1 stage=1 raw_iteration=2 ordinal=24 kernel=identify_resident_eos threads=1 begin_tick=1990076052431833 end_tick=1990076052434791 ms_per_tick=9.9999999999999995e-07 device_ms=0.0029579999999999997
PRODUCER_KERNEL_V1 stage=1 raw_iteration=2 ordinal=25 kernel=produce_resident_frozen_source threads=504666 begin_tick=1990076052435208 end_tick=1990076052467708 ms_per_tick=9.9999999999999995e-07 device_ms=0.032500000000000001
PRODUCER_KERNEL_V1 stage=1 raw_iteration=2 ordinal=26 kernel=identify_resident_frozen_source threads=1 begin_tick=1990076052468000 end_tick=1990076052470833 ms_per_tick=9.9999999999999995e-07 device_ms=0.002833
PRODUCER_KERNEL_V1 stage=1 raw_iteration=2 ordinal=27 kernel=evaluate_resident_target_terms threads=504666 begin_tick=1990076052471208 end_tick=1990076177663416 ms_per_tick=9.9999999999999995e-07 device_ms=125.19220799999999
PRODUCER_KERNEL_V1 stage=1 raw_iteration=2 ordinal=28 kernel=finalize_resident_target threads=1 begin_tick=1990076177679500 end_tick=1990076177682958 ms_per_tick=9.9999999999999995e-07 device_ms=0.0034579999999999997
PRODUCER_KERNEL_V1 stage=1 raw_iteration=2 ordinal=29 kernel=identify_resident_target threads=1 begin_tick=1990076177683375 end_tick=1990076177686416 ms_per_tick=9.9999999999999995e-07 device_ms=0.0030409999999999999
PRODUCER_KERNEL_V1 stage=1 raw_iteration=2 ordinal=30 kernel=issue_resident_projection_consumer threads=1 begin_tick=1990076177686791 end_tick=1990076177690875 ms_per_tick=9.9999999999999995e-07 device_ms=0.004084
PRODUCER_KERNEL_V1 stage=1 raw_iteration=2 ordinal=31 kernel=consume_resident_target threads=1 begin_tick=1990076177691291 end_tick=1990076177696041 ms_per_tick=9.9999999999999995e-07 device_ms=0.0047499999999999999
PRODUCER_KERNEL_V1 stage=1 raw_iteration=2 ordinal=32 kernel=owner_compose_target threads=504666 begin_tick=1990076177696333 end_tick=1990076177776333 ms_per_tick=9.9999999999999995e-07 device_ms=0.080000000000000002
PRODUCER_KERNEL_V1 stage=1 raw_iteration=2 ordinal=33 kernel=finalize_resident_target threads=1 begin_tick=1990076177776750 end_tick=1990076177779083 ms_per_tick=9.9999999999999995e-07 device_ms=0.002333
PRODUCER_KERNEL_V1 stage=1 raw_iteration=2 ordinal=34 kernel=owner_identify_target threads=1 begin_tick=1990076177779458 end_tick=1990076177782500 ms_per_tick=9.9999999999999995e-07 device_ms=0.003042
PRODUCER_KERNEL_V1 stage=1 raw_iteration=2 ordinal=35 kernel=issue_resident_projection_consumer threads=1 begin_tick=1990076177782833 end_tick=1990076177786125 ms_per_tick=9.9999999999999995e-07 device_ms=0.0032919999999999998
PRODUCER_KERNEL_V1 stage=1 raw_iteration=2 ordinal=36 kernel=consume_resident_target threads=1 begin_tick=1990076177786541 end_tick=1990076177789875 ms_per_tick=9.9999999999999995e-07 device_ms=0.0033339999999999997
PRODUCER_KERNEL_V1 stage=1 raw_iteration=2 ordinal=37 kernel=owner_issue_stage_seal threads=1 begin_tick=1990076177790291 end_tick=1990076177793166 ms_per_tick=9.9999999999999995e-07 device_ms=0.002875
PRODUCER_KERNEL_V1 stage=1 raw_iteration=2 ordinal=38 kernel=fct_compatible_stage_rate threads=1533387 begin_tick=1990076177793833 end_tick=1990076178344750 ms_per_tick=9.9999999999999995e-07 device_ms=0.55091699999999999
PRODUCER_KERNEL_V1 stage=1 raw_iteration=2 ordinal=39 kernel=fct_compatible_stage_rate threads=1533387 begin_tick=1990076178345166 end_tick=1990076178873833 ms_per_tick=9.9999999999999995e-07 device_ms=0.528667
PRODUCER_KERNEL_V1 stage=1 raw_iteration=2 ordinal=40 kernel=owner_heun_momentum threads=1533387 begin_tick=1990076178874458 end_tick=1990076178969375 ms_per_tick=9.9999999999999995e-07 device_ms=0.094917000000000001
RISE_FIRE_OWNER_PROFILE_V1 {"scope":59,"parent":54,"phase":"BuildStageProducerGroup","stage":1,"raw_iteration":2,"iteration_kind":"picard","wall_ms":841.124208000,"device_sum_ms":759.384541772,"wall_minus_device_ms":81.739666228,"exclusive_wall_ms":841.124208000,"exclusive_device_sum_ms":759.384541772,"child_observer_wall_ms":0.000000000,"count_scope":"inclusive","owner_commits":1,"projection_invocations":0}
RISE_FIRE_OWNER_PROFILE_V1 {"scope":60,"parent":54,"phase":"Residual","stage":1,"raw_iteration":2,"iteration_kind":"picard","wall_ms":0.338333000,"device_sum_ms":0.114624854,"wall_minus_device_ms":0.223708146,"exclusive_wall_ms":0.338333000,"exclusive_device_sum_ms":0.114624854,"child_observer_wall_ms":0.000000000,"count_scope":"inclusive","owner_commits":1,"projection_invocations":0}
RISE_FIRE_OWNER_PROFILE_V1 {"scope":63,"parent":62,"phase":"ProjectionAdapter","stage":1,"raw_iteration":2147483650,"iteration_kind":"terminal","wall_ms":13.180959000,"device_sum_ms":10.363624897,"wall_minus_device_ms":2.817334103,"exclusive_wall_ms":13.180959000,"exclusive_device_sum_ms":10.363624897,"child_observer_wall_ms":0.000000000,"count_scope":"inclusive","owner_commits":0,"projection_invocations":1}
RISE_FIRE_OWNER_PROFILE_V1 {"scope":62,"parent":61,"phase":"Project","stage":1,"raw_iteration":2147483650,"iteration_kind":"terminal","wall_ms":13.780458000,"device_sum_ms":10.406124871,"wall_minus_device_ms":3.374333129,"exclusive_wall_ms":0.588124000,"exclusive_device_sum_ms":0.042499974,"child_observer_wall_ms":0.011375000,"count_scope":"inclusive","owner_commits":2,"projection_invocations":1}
RISE_FIRE_OWNER_PROFILE_V1 {"scope":64,"parent":61,"phase":"ReadOpenClass","stage":1,"raw_iteration":2147483650,"iteration_kind":"terminal","wall_ms":0.172292000,"device_sum_ms":0.002458459,"wall_minus_device_ms":0.169833541,"exclusive_wall_ms":0.172292000,"exclusive_device_sum_ms":0.002458459,"child_observer_wall_ms":0.000000000,"count_scope":"inclusive","owner_commits":1,"projection_invocations":0}
RISE_FIRE_OWNER_PROFILE_V1 {"scope":65,"parent":61,"phase":"ReadOpenClass","stage":1,"raw_iteration":2147483650,"iteration_kind":"terminal","wall_ms":0.174958000,"device_sum_ms":0.002416782,"wall_minus_device_ms":0.172541218,"exclusive_wall_ms":0.174958000,"exclusive_device_sum_ms":0.002416782,"child_observer_wall_ms":0.000000000,"count_scope":"inclusive","owner_commits":1,"projection_invocations":0}
PRODUCER_COMMAND_V1 stage=1 raw_iteration=2147483650 cpu_begin=1990076193775750 cpu_end=1990077027445208 gpu_begin=1990076193775750 gpu_end=1990077027445208 device_ms=751.36250001378357 encoders=41 interval_scope=possibly_overlapping
PRODUCER_KERNEL_V1 stage=1 raw_iteration=2147483650 ordinal=0 kernel=owner_pack_faces threads=1533387 begin_tick=1990076275927458 end_tick=1990076275985333 ms_per_tick=9.9999999999999995e-07 device_ms=0.057874999999999996
PRODUCER_KERNEL_V1 stage=1 raw_iteration=2147483650 ordinal=1 kernel=owner_pack_faces threads=1533387 begin_tick=1990076275985333 end_tick=1990076276364166 ms_per_tick=9.9999999999999995e-07 device_ms=0.37883299999999998
PRODUCER_KERNEL_V1 stage=1 raw_iteration=2147483650 ordinal=2 kernel=owner_pack_faces threads=1533387 begin_tick=1990076275925250 end_tick=1990076275985583 ms_per_tick=9.9999999999999995e-07 device_ms=0.060332999999999998
PRODUCER_KERNEL_V1 stage=1 raw_iteration=2147483650 ordinal=3 kernel=fct_extract_gas_density threads=504666 begin_tick=1990076275985833 end_tick=1990076276042916 ms_per_tick=9.9999999999999995e-07 device_ms=0.057082999999999995
PRODUCER_KERNEL_V1 stage=1 raw_iteration=2147483650 ordinal=4 kernel=owner_gas_source threads=504666 begin_tick=1990076276364583 end_tick=1990076276496416 ms_per_tick=9.9999999999999995e-07 device_ms=0.13183300000000001
PRODUCER_KERNEL_V1 stage=1 raw_iteration=2147483650 ordinal=5 kernel=evaluate_resident_transport threads=504666 begin_tick=1990076276042916 end_tick=1990076276512041 ms_per_tick=9.9999999999999995e-07 device_ms=0.46912499999999996
PRODUCER_KERNEL_V1 stage=1 raw_iteration=2147483650 ordinal=6 kernel=identify_resident_transport threads=1 begin_tick=1990076276512458 end_tick=1990076276515333 ms_per_tick=9.9999999999999995e-07 device_ms=0.002875
PRODUCER_KERNEL_V1 stage=1 raw_iteration=2147483650 ordinal=7 kernel=owner_bind_transport threads=1 begin_tick=1990076276515875 end_tick=1990076276519291 ms_per_tick=9.9999999999999995e-07 device_ms=0.0034159999999999998
PRODUCER_KERNEL_V1 stage=1 raw_iteration=2147483650 ordinal=8 kernel=identify_resident_owner_endpoint_class threads=1 begin_tick=1990076276519875 end_tick=1990076276523208 ms_per_tick=9.9999999999999995e-07 device_ms=0.003333
PRODUCER_KERNEL_V1 stage=1 raw_iteration=2147483650 ordinal=9 kernel=evaluate_resident_physical_flux threads=1533387 begin_tick=1990076277364083 end_tick=1990076278480708 ms_per_tick=9.9999999999999995e-07 device_ms=1.116625
PRODUCER_KERNEL_V1 stage=1 raw_iteration=2147483650 ordinal=10 kernel=evaluate_resident_advective_pair threads=13800483 begin_tick=1990076278756208 end_tick=1990076287309208 ms_per_tick=9.9999999999999995e-07 device_ms=8.552999999999999
PRODUCER_KERNEL_V1 stage=1 raw_iteration=2147483650 ordinal=11 kernel=finalize_resident_advective_high threads=13800483 begin_tick=1990076287343791 end_tick=1990076287925125 ms_per_tick=9.9999999999999995e-07 device_ms=0.58133400000000002
PRODUCER_KERNEL_V1 stage=1 raw_iteration=2147483650 ordinal=12 kernel=compose_resident_flux_pair threads=13800483 begin_tick=1990076287925541 end_tick=1990076288812875 ms_per_tick=9.9999999999999995e-07 device_ms=0.88733399999999996
PRODUCER_KERNEL_V1 stage=1 raw_iteration=2147483650 ordinal=13 kernel=validate_resident_physical_flux threads=13800483 begin_tick=1990076288813416 end_tick=1990076289648500 ms_per_tick=9.9999999999999995e-07 device_ms=0.83508399999999994
PRODUCER_KERNEL_V1 stage=1 raw_iteration=2147483650 ordinal=14 kernel=identify_resident_physical_flux threads=32 begin_tick=1990076289649208 end_tick=1990076289652625 ms_per_tick=9.9999999999999995e-07 device_ms=0.0034169999999999999
PRODUCER_KERNEL_V1 stage=1 raw_iteration=2147483650 ordinal=15 kernel=owner_average_flux threads=13800483 begin_tick=1990076289653083 end_tick=1990076290450166 ms_per_tick=9.9999999999999995e-07 device_ms=0.79708299999999999
PRODUCER_KERNEL_V1 stage=1 raw_iteration=2147483650 ordinal=16 kernel=owner_bind_averaged_flux threads=1 begin_tick=1990076290450708 end_tick=1990076290454416 ms_per_tick=9.9999999999999995e-07 device_ms=0.0037079999999999999
PRODUCER_KERNEL_V1 stage=1 raw_iteration=2147483650 ordinal=17 kernel=fct_build_ratios threads=5551326 begin_tick=1990076290454833 end_tick=1990076294078458 ms_per_tick=9.9999999999999995e-07 device_ms=3.6236249999999997
PRODUCER_KERNEL_V1 stage=1 raw_iteration=2147483650 ordinal=18 kernel=fct_build_face_alpha threads=1533387 begin_tick=1990076294079208 end_tick=1990076294345625 ms_per_tick=9.9999999999999995e-07 device_ms=0.26641700000000001
PRODUCER_KERNEL_V1 stage=1 raw_iteration=2147483650 ordinal=19 kernel=fct_commit_scalar threads=504666 begin_tick=1990076294346250 end_tick=1990076294538125 ms_per_tick=9.9999999999999995e-07 device_ms=0.19187499999999999
PRODUCER_KERNEL_V1 stage=1 raw_iteration=2147483650 ordinal=20 kernel=owner_bind_candidate threads=1 begin_tick=1990076294538666 end_tick=1990076294542375 ms_per_tick=9.9999999999999995e-07 device_ms=0.0037089999999999996
PRODUCER_KERNEL_V1 stage=1 raw_iteration=2147483650 ordinal=21 kernel=finalize_resident_eos_candidate threads=1 begin_tick=1990076294542958 end_tick=1990076294545375 ms_per_tick=9.9999999999999995e-07 device_ms=0.0024169999999999999
PRODUCER_KERNEL_V1 stage=1 raw_iteration=2147483650 ordinal=22 kernel=evaluate_resident_eos_candidate threads=504666 begin_tick=1990076294545833 end_tick=1990076902565041 ms_per_tick=9.9999999999999995e-07 device_ms=608.01920799999994
PRODUCER_KERNEL_V1 stage=1 raw_iteration=2147483650 ordinal=23 kernel=finalize_resident_eos_candidate threads=1 begin_tick=1990076902578958 end_tick=1990076902677125 ms_per_tick=9.9999999999999995e-07 device_ms=0.09816699999999999
PRODUCER_KERNEL_V1 stage=1 raw_iteration=2147483650 ordinal=24 kernel=identify_resident_eos threads=1 begin_tick=1990076902677583 end_tick=1990076902680333 ms_per_tick=9.9999999999999995e-07 device_ms=0.0027499999999999998
PRODUCER_KERNEL_V1 stage=1 raw_iteration=2147483650 ordinal=25 kernel=produce_resident_frozen_source threads=504666 begin_tick=1990076902680708 end_tick=1990076902711125 ms_per_tick=9.9999999999999995e-07 device_ms=0.030417
PRODUCER_KERNEL_V1 stage=1 raw_iteration=2147483650 ordinal=26 kernel=identify_resident_frozen_source threads=1 begin_tick=1990076902711500 end_tick=1990076902714208 ms_per_tick=9.9999999999999995e-07 device_ms=0.0027079999999999999
PRODUCER_KERNEL_V1 stage=1 raw_iteration=2147483650 ordinal=27 kernel=evaluate_resident_target_terms threads=504666 begin_tick=1990076902714625 end_tick=1990077026008458 ms_per_tick=9.9999999999999995e-07 device_ms=123.29383299999999
PRODUCER_KERNEL_V1 stage=1 raw_iteration=2147483650 ordinal=28 kernel=finalize_resident_target threads=1 begin_tick=1990077026024500 end_tick=1990077026027958 ms_per_tick=9.9999999999999995e-07 device_ms=0.0034579999999999997
PRODUCER_KERNEL_V1 stage=1 raw_iteration=2147483650 ordinal=29 kernel=identify_resident_target threads=1 begin_tick=1990077026028375 end_tick=1990077026031291 ms_per_tick=9.9999999999999995e-07 device_ms=0.0029159999999999998
PRODUCER_KERNEL_V1 stage=1 raw_iteration=2147483650 ordinal=30 kernel=issue_resident_projection_consumer threads=1 begin_tick=1990077026031666 end_tick=1990077026035625 ms_per_tick=9.9999999999999995e-07 device_ms=0.0039589999999999998
PRODUCER_KERNEL_V1 stage=1 raw_iteration=2147483650 ordinal=31 kernel=consume_resident_target threads=1 begin_tick=1990077026036041 end_tick=1990077026040291 ms_per_tick=9.9999999999999995e-07 device_ms=0.0042499999999999994
PRODUCER_KERNEL_V1 stage=1 raw_iteration=2147483650 ordinal=32 kernel=owner_compose_target threads=504666 begin_tick=1990077026040708 end_tick=1990077026120458 ms_per_tick=9.9999999999999995e-07 device_ms=0.079750000000000001
PRODUCER_KERNEL_V1 stage=1 raw_iteration=2147483650 ordinal=33 kernel=finalize_resident_target threads=1 begin_tick=1990077026120875 end_tick=1990077026123375 ms_per_tick=9.9999999999999995e-07 device_ms=0.0025000000000000001
PRODUCER_KERNEL_V1 stage=1 raw_iteration=2147483650 ordinal=34 kernel=owner_identify_target threads=1 begin_tick=1990077026123750 end_tick=1990077026126708 ms_per_tick=9.9999999999999995e-07 device_ms=0.0029579999999999997
PRODUCER_KERNEL_V1 stage=1 raw_iteration=2147483650 ordinal=35 kernel=issue_resident_projection_consumer threads=1 begin_tick=1990077026127125 end_tick=1990077026130208 ms_per_tick=9.9999999999999995e-07 device_ms=0.0030829999999999998
PRODUCER_KERNEL_V1 stage=1 raw_iteration=2147483650 ordinal=36 kernel=consume_resident_target threads=1 begin_tick=1990077026130625 end_tick=1990077026134083 ms_per_tick=9.9999999999999995e-07 device_ms=0.0034579999999999997
PRODUCER_KERNEL_V1 stage=1 raw_iteration=2147483650 ordinal=37 kernel=owner_issue_stage_seal threads=1 begin_tick=1990077026134458 end_tick=1990077026137250 ms_per_tick=9.9999999999999995e-07 device_ms=0.0027919999999999998
PRODUCER_KERNEL_V1 stage=1 raw_iteration=2147483650 ordinal=38 kernel=fct_compatible_stage_rate threads=1533387 begin_tick=1990077026137791 end_tick=1990077026669958 ms_per_tick=9.9999999999999995e-07 device_ms=0.53216699999999995
PRODUCER_KERNEL_V1 stage=1 raw_iteration=2147483650 ordinal=39 kernel=fct_compatible_stage_rate threads=1533387 begin_tick=1990077026670458 end_tick=1990077027189458 ms_per_tick=9.9999999999999995e-07 device_ms=0.51900000000000002
PRODUCER_KERNEL_V1 stage=1 raw_iteration=2147483650 ordinal=40 kernel=owner_heun_momentum threads=1533387 begin_tick=1990077027190250 end_tick=1990077027282333 ms_per_tick=9.9999999999999995e-07 device_ms=0.092082999999999998
RISE_FIRE_OWNER_PROFILE_V1 {"scope":66,"parent":61,"phase":"BuildStageProducerGroup","stage":1,"raw_iteration":2147483650,"iteration_kind":"terminal","wall_ms":833.833792000,"device_sum_ms":751.362500014,"wall_minus_device_ms":82.471291986,"exclusive_wall_ms":833.833792000,"exclusive_device_sum_ms":751.362500014,"child_observer_wall_ms":0.000000000,"count_scope":"inclusive","owner_commits":1,"projection_invocations":0}
RISE_FIRE_OWNER_PROFILE_V1 {"scope":67,"parent":61,"phase":"AlphaResidual","stage":1,"raw_iteration":2147483650,"iteration_kind":"terminal","wall_ms":0.230333000,"device_sum_ms":0.051875133,"wall_minus_device_ms":0.178457867,"exclusive_wall_ms":0.230333000,"exclusive_device_sum_ms":0.051875133,"child_observer_wall_ms":0.000000000,"count_scope":"inclusive","owner_commits":1,"projection_invocations":0}
RISE_FIRE_OWNER_PROFILE_V1 {"scope":68,"parent":61,"phase":"Residual","stage":1,"raw_iteration":2147483650,"iteration_kind":"terminal","wall_ms":0.269459000,"device_sum_ms":0.110458350,"wall_minus_device_ms":0.159000650,"exclusive_wall_ms":0.269459000,"exclusive_device_sum_ms":0.110458350,"child_observer_wall_ms":0.000000000,"count_scope":"inclusive","owner_commits":1,"projection_invocations":0}
RISE_FIRE_OWNER_PROFILE_V1 {"scope":61,"parent":54,"phase":"TerminalVerification","stage":1,"raw_iteration":2147483650,"iteration_kind":"terminal","wall_ms":848.512459000,"device_sum_ms":761.935833609,"wall_minus_device_ms":86.576625391,"exclusive_wall_ms":0.004626000,"exclusive_device_sum_ms":0.000000000,"child_observer_wall_ms":0.046541000,"count_scope":"inclusive","owner_commits":7,"projection_invocations":1}
RISE_FIRE_OWNER_PROFILE_V1 {"scope":54,"parent":36,"phase":"PicardIteration","stage":1,"raw_iteration":2,"iteration_kind":"picard","wall_ms":1706.177834000,"device_sum_ms":1531.537625706,"wall_minus_device_ms":174.640208294,"exclusive_wall_ms":0.930792000,"exclusive_device_sum_ms":0.000000000,"child_observer_wall_ms":0.041083000,"count_scope":"inclusive","owner_commits":13,"projection_invocations":2}
RISE_FIRE_OWNER_PROFILE_V1 {"scope":36,"parent":1,"phase":"SolveStage","stage":1,"raw_iteration":4294967295,"iteration_kind":"bootstrap","wall_ms":4265.998042000,"device_sum_ms":3825.116500724,"wall_minus_device_ms":440.881541276,"exclusive_wall_ms":2.826834000,"exclusive_device_sum_ms":0.000000000,"child_observer_wall_ms":0.039749000,"count_scope":"inclusive","owner_commits":28,"projection_invocations":5}
RISE_FIRE_OWNER_PROFILE_V1 {"scope":71,"parent":70,"phase":"ProjectionAdapter","stage":2,"raw_iteration":4294967295,"iteration_kind":"bootstrap","wall_ms":11.851125000,"device_sum_ms":8.900083369,"wall_minus_device_ms":2.951041631,"exclusive_wall_ms":11.851125000,"exclusive_device_sum_ms":8.900083369,"child_observer_wall_ms":0.000000000,"count_scope":"inclusive","owner_commits":0,"projection_invocations":1}
RISE_FIRE_OWNER_PROFILE_V1 {"scope":70,"parent":69,"phase":"Project","stage":2,"raw_iteration":4294967295,"iteration_kind":"bootstrap","wall_ms":12.455500000,"device_sum_ms":8.951125201,"wall_minus_device_ms":3.504374799,"exclusive_wall_ms":0.579959000,"exclusive_device_sum_ms":0.051041832,"child_observer_wall_ms":0.024416000,"count_scope":"inclusive","owner_commits":2,"projection_invocations":1}
PRODUCER_COMMAND_V1 stage=2 raw_iteration=4294967295 cpu_begin=1990077046267833 cpu_end=1990077878921291 gpu_begin=1990077046267833 gpu_end=1990077878921291 device_ms=750.46762498095632 encoders=35 interval_scope=possibly_overlapping
PRODUCER_KERNEL_V1 stage=2 raw_iteration=4294967295 ordinal=0 kernel=owner_pack_faces threads=1533387 begin_tick=1990077128337750 end_tick=1990077128391583 ms_per_tick=9.9999999999999995e-07 device_ms=0.053832999999999999
PRODUCER_KERNEL_V1 stage=2 raw_iteration=4294967295 ordinal=1 kernel=owner_pack_faces threads=1533387 begin_tick=1990077128390916 end_tick=1990077128833833 ms_per_tick=9.9999999999999995e-07 device_ms=0.44291700000000001
PRODUCER_KERNEL_V1 stage=2 raw_iteration=4294967295 ordinal=2 kernel=owner_pack_faces threads=1533387 begin_tick=1990077128335791 end_tick=1990077128390916 ms_per_tick=9.9999999999999995e-07 device_ms=0.055125
PRODUCER_KERNEL_V1 stage=2 raw_iteration=4294967295 ordinal=3 kernel=fct_extract_gas_density threads=504666 begin_tick=1990077128833833 end_tick=1990077128856791 ms_per_tick=9.9999999999999995e-07 device_ms=0.022957999999999999
PRODUCER_KERNEL_V1 stage=2 raw_iteration=4294967295 ordinal=4 kernel=owner_gas_source threads=504666 begin_tick=1990077128856791 end_tick=1990077128898166 ms_per_tick=9.9999999999999995e-07 device_ms=0.041374999999999995
PRODUCER_KERNEL_V1 stage=2 raw_iteration=4294967295 ordinal=5 kernel=evaluate_resident_transport threads=504666 begin_tick=1990077128392041 end_tick=1990077128900208 ms_per_tick=9.9999999999999995e-07 device_ms=0.50816699999999992
PRODUCER_KERNEL_V1 stage=2 raw_iteration=4294967295 ordinal=6 kernel=identify_resident_transport threads=1 begin_tick=1990077128900666 end_tick=1990077128903333 ms_per_tick=9.9999999999999995e-07 device_ms=0.0026669999999999997
PRODUCER_KERNEL_V1 stage=2 raw_iteration=4294967295 ordinal=7 kernel=owner_bind_transport threads=1 begin_tick=1990077128903875 end_tick=1990077128907333 ms_per_tick=9.9999999999999995e-07 device_ms=0.0034579999999999997
PRODUCER_KERNEL_V1 stage=2 raw_iteration=4294967295 ordinal=8 kernel=identify_resident_owner_endpoint_class threads=1 begin_tick=1990077128907750 end_tick=1990077128911166 ms_per_tick=9.9999999999999995e-07 device_ms=0.0034159999999999998
PRODUCER_KERNEL_V1 stage=2 raw_iteration=4294967295 ordinal=9 kernel=evaluate_resident_physical_flux threads=1533387 begin_tick=1990077129835166 end_tick=1990077130952916 ms_per_tick=9.9999999999999995e-07 device_ms=1.11775
PRODUCER_KERNEL_V1 stage=2 raw_iteration=4294967295 ordinal=10 kernel=evaluate_resident_advective_pair threads=13800483 begin_tick=1990077131220458 end_tick=1990077139931166 ms_per_tick=9.9999999999999995e-07 device_ms=8.7107080000000003
PRODUCER_KERNEL_V1 stage=2 raw_iteration=4294967295 ordinal=11 kernel=finalize_resident_advective_high threads=13800483 begin_tick=1990077139946791 end_tick=1990077140367083 ms_per_tick=9.9999999999999995e-07 device_ms=0.420292
PRODUCER_KERNEL_V1 stage=2 raw_iteration=4294967295 ordinal=12 kernel=compose_resident_flux_pair threads=13800483 begin_tick=1990077140367500 end_tick=1990077141235541 ms_per_tick=9.9999999999999995e-07 device_ms=0.86804099999999995
PRODUCER_KERNEL_V1 stage=2 raw_iteration=4294967295 ordinal=13 kernel=validate_resident_physical_flux threads=13800483 begin_tick=1990077141236083 end_tick=1990077142127875 ms_per_tick=9.9999999999999995e-07 device_ms=0.89179199999999992
PRODUCER_KERNEL_V1 stage=2 raw_iteration=4294967295 ordinal=14 kernel=identify_resident_physical_flux threads=32 begin_tick=1990077142128583 end_tick=1990077142132000 ms_per_tick=9.9999999999999995e-07 device_ms=0.0034169999999999999
PRODUCER_KERNEL_V1 stage=2 raw_iteration=4294967295 ordinal=15 kernel=owner_bind_candidate threads=1 begin_tick=1990077142132458 end_tick=1990077142136000 ms_per_tick=9.9999999999999995e-07 device_ms=0.003542
PRODUCER_KERNEL_V1 stage=2 raw_iteration=4294967295 ordinal=16 kernel=finalize_resident_eos_candidate threads=1 begin_tick=1990077142136375 end_tick=1990077142138541 ms_per_tick=9.9999999999999995e-07 device_ms=0.002166
PRODUCER_KERNEL_V1 stage=2 raw_iteration=4294967295 ordinal=17 kernel=evaluate_resident_eos_candidate threads=504666 begin_tick=1990077142139166 end_tick=1990077751433458 ms_per_tick=9.9999999999999995e-07 device_ms=609.29429199999993
PRODUCER_KERNEL_V1 stage=2 raw_iteration=4294967295 ordinal=18 kernel=finalize_resident_eos_candidate threads=1 begin_tick=1990077751448833 end_tick=1990077751451708 ms_per_tick=9.9999999999999995e-07 device_ms=0.002875
PRODUCER_KERNEL_V1 stage=2 raw_iteration=4294967295 ordinal=19 kernel=identify_resident_eos threads=1 begin_tick=1990077751452166 end_tick=1990077751454833 ms_per_tick=9.9999999999999995e-07 device_ms=0.0026669999999999997
PRODUCER_KERNEL_V1 stage=2 raw_iteration=4294967295 ordinal=20 kernel=produce_resident_frozen_source threads=504666 begin_tick=1990077751455125 end_tick=1990077751483875 ms_per_tick=9.9999999999999995e-07 device_ms=0.028749999999999998
PRODUCER_KERNEL_V1 stage=2 raw_iteration=4294967295 ordinal=21 kernel=identify_resident_frozen_source threads=1 begin_tick=1990077751484541 end_tick=1990077751487416 ms_per_tick=9.9999999999999995e-07 device_ms=0.002875
PRODUCER_KERNEL_V1 stage=2 raw_iteration=4294967295 ordinal=22 kernel=evaluate_resident_target_terms threads=504666 begin_tick=1990077751487833 end_tick=1990077878091333 ms_per_tick=9.9999999999999995e-07 device_ms=126.6035
PRODUCER_KERNEL_V1 stage=2 raw_iteration=4294967295 ordinal=23 kernel=finalize_resident_target threads=1 begin_tick=1990077878108000 end_tick=1990077878111375 ms_per_tick=9.9999999999999995e-07 device_ms=0.003375
PRODUCER_KERNEL_V1 stage=2 raw_iteration=4294967295 ordinal=24 kernel=identify_resident_target threads=1 begin_tick=1990077878111708 end_tick=1990077878114791 ms_per_tick=9.9999999999999995e-07 device_ms=0.0030829999999999998
PRODUCER_KERNEL_V1 stage=2 raw_iteration=4294967295 ordinal=25 kernel=issue_resident_projection_consumer threads=1 begin_tick=1990077878115375 end_tick=1990077878119333 ms_per_tick=9.9999999999999995e-07 device_ms=0.0039579999999999997
PRODUCER_KERNEL_V1 stage=2 raw_iteration=4294967295 ordinal=26 kernel=consume_resident_target threads=1 begin_tick=1990077878120125 end_tick=1990077878124500 ms_per_tick=9.9999999999999995e-07 device_ms=0.0043749999999999995
PRODUCER_KERNEL_V1 stage=2 raw_iteration=4294967295 ordinal=27 kernel=owner_compose_target threads=504666 begin_tick=1990077878124958 end_tick=1990077878154583 ms_per_tick=9.9999999999999995e-07 device_ms=0.029624999999999999
PRODUCER_KERNEL_V1 stage=2 raw_iteration=4294967295 ordinal=28 kernel=finalize_resident_target threads=1 begin_tick=1990077878155000 end_tick=1990077878157375 ms_per_tick=9.9999999999999995e-07 device_ms=0.0023749999999999999
PRODUCER_KERNEL_V1 stage=2 raw_iteration=4294967295 ordinal=29 kernel=owner_identify_target threads=1 begin_tick=1990077878157958 end_tick=1990077878161250 ms_per_tick=9.9999999999999995e-07 device_ms=0.0032919999999999998
PRODUCER_KERNEL_V1 stage=2 raw_iteration=4294967295 ordinal=30 kernel=issue_resident_projection_consumer threads=1 begin_tick=1990077878161666 end_tick=1990077878164541 ms_per_tick=9.9999999999999995e-07 device_ms=0.002875
PRODUCER_KERNEL_V1 stage=2 raw_iteration=4294967295 ordinal=31 kernel=consume_resident_target threads=1 begin_tick=1990077878165083 end_tick=1990077878168458 ms_per_tick=9.9999999999999995e-07 device_ms=0.003375
PRODUCER_KERNEL_V1 stage=2 raw_iteration=4294967295 ordinal=32 kernel=owner_issue_stage_seal threads=1 begin_tick=1990077878168875 end_tick=1990077878171833 ms_per_tick=9.9999999999999995e-07 device_ms=0.0029579999999999997
PRODUCER_KERNEL_V1 stage=2 raw_iteration=4294967295 ordinal=33 kernel=fct_compatible_stage_rate threads=1533387 begin_tick=1990077878172333 end_tick=1990077878706500 ms_per_tick=9.9999999999999995e-07 device_ms=0.53416699999999995
PRODUCER_KERNEL_V1 stage=2 raw_iteration=4294967295 ordinal=34 kernel=owner_heun_momentum threads=1533387 begin_tick=1990077878707000 end_tick=1990077878798208 ms_per_tick=9.9999999999999995e-07 device_ms=0.091207999999999997
RISE_FIRE_OWNER_PROFILE_V1 {"scope":72,"parent":69,"phase":"BuildStageProducerGroup","stage":2,"raw_iteration":4294967295,"iteration_kind":"bootstrap","wall_ms":832.817500000,"device_sum_ms":750.467624981,"wall_minus_device_ms":82.349875019,"exclusive_wall_ms":832.817500000,"exclusive_device_sum_ms":750.467624981,"child_observer_wall_ms":0.000000000,"count_scope":"inclusive","owner_commits":1,"projection_invocations":0}
RISE_FIRE_OWNER_PROFILE_V1 {"scope":75,"parent":74,"phase":"ProjectionAdapter","stage":2,"raw_iteration":0,"iteration_kind":"picard","wall_ms":13.286167000,"device_sum_ms":10.120666586,"wall_minus_device_ms":3.165500414,"exclusive_wall_ms":13.286167000,"exclusive_device_sum_ms":10.120666586,"child_observer_wall_ms":0.000000000,"count_scope":"inclusive","owner_commits":0,"projection_invocations":1}
RISE_FIRE_OWNER_PROFILE_V1 {"scope":74,"parent":73,"phase":"Project","stage":2,"raw_iteration":0,"iteration_kind":"picard","wall_ms":13.905500000,"device_sum_ms":10.163708357,"wall_minus_device_ms":3.741791643,"exclusive_wall_ms":0.594666000,"exclusive_device_sum_ms":0.043041771,"child_observer_wall_ms":0.024667000,"count_scope":"inclusive","owner_commits":2,"projection_invocations":1}
RISE_FIRE_OWNER_PROFILE_V1 {"scope":76,"parent":73,"phase":"ReadOpenClass","stage":2,"raw_iteration":0,"iteration_kind":"picard","wall_ms":0.175958000,"device_sum_ms":0.002624933,"wall_minus_device_ms":0.173333067,"exclusive_wall_ms":0.175958000,"exclusive_device_sum_ms":0.002624933,"child_observer_wall_ms":0.000000000,"count_scope":"inclusive","owner_commits":1,"projection_invocations":0}
RISE_FIRE_OWNER_PROFILE_V1 {"scope":77,"parent":73,"phase":"ReadOpenClass","stage":2,"raw_iteration":0,"iteration_kind":"picard","wall_ms":0.152708000,"device_sum_ms":0.002374873,"wall_minus_device_ms":0.150333127,"exclusive_wall_ms":0.152708000,"exclusive_device_sum_ms":0.002374873,"child_observer_wall_ms":0.000000000,"count_scope":"inclusive","owner_commits":1,"projection_invocations":0}
PRODUCER_COMMAND_V1 stage=2 raw_iteration=0 cpu_begin=1990077893352791 cpu_end=1990078731764708 gpu_begin=1990077893352791 gpu_end=1990078731764708 device_ms=756.95704156532884 encoders=35 interval_scope=possibly_overlapping
PRODUCER_KERNEL_V1 stage=2 raw_iteration=0 ordinal=0 kernel=owner_pack_faces threads=1533387 begin_tick=1990077974725708 end_tick=1990077974779083 ms_per_tick=9.9999999999999995e-07 device_ms=0.053374999999999999
PRODUCER_KERNEL_V1 stage=2 raw_iteration=0 ordinal=1 kernel=owner_pack_faces threads=1533387 begin_tick=1990077974778375 end_tick=1990077975216916 ms_per_tick=9.9999999999999995e-07 device_ms=0.43854099999999996
PRODUCER_KERNEL_V1 stage=2 raw_iteration=0 ordinal=2 kernel=owner_pack_faces threads=1533387 begin_tick=1990077974723708 end_tick=1990077974778375 ms_per_tick=9.9999999999999995e-07 device_ms=0.054667
PRODUCER_KERNEL_V1 stage=2 raw_iteration=0 ordinal=3 kernel=fct_extract_gas_density threads=504666 begin_tick=1990077975216916 end_tick=1990077975240708 ms_per_tick=9.9999999999999995e-07 device_ms=0.023792000000000001
PRODUCER_KERNEL_V1 stage=2 raw_iteration=0 ordinal=4 kernel=owner_gas_source threads=504666 begin_tick=1990077975240750 end_tick=1990077975282708 ms_per_tick=9.9999999999999995e-07 device_ms=0.041957999999999995
PRODUCER_KERNEL_V1 stage=2 raw_iteration=0 ordinal=5 kernel=evaluate_resident_transport threads=504666 begin_tick=1990077974779500 end_tick=1990077975246333 ms_per_tick=9.9999999999999995e-07 device_ms=0.466833
PRODUCER_KERNEL_V1 stage=2 raw_iteration=0 ordinal=6 kernel=identify_resident_transport threads=1 begin_tick=1990077975247375 end_tick=1990077975272291 ms_per_tick=9.9999999999999995e-07 device_ms=0.024915999999999997
PRODUCER_KERNEL_V1 stage=2 raw_iteration=0 ordinal=7 kernel=owner_bind_transport threads=1 begin_tick=1990077975274041 end_tick=1990077975283208 ms_per_tick=9.9999999999999995e-07 device_ms=0.0091669999999999998
PRODUCER_KERNEL_V1 stage=2 raw_iteration=0 ordinal=8 kernel=identify_resident_owner_endpoint_class threads=1 begin_tick=1990077975283625 end_tick=1990077975287541 ms_per_tick=9.9999999999999995e-07 device_ms=0.0039160000000000002
PRODUCER_KERNEL_V1 stage=2 raw_iteration=0 ordinal=9 kernel=evaluate_resident_physical_flux threads=1533387 begin_tick=1990077976190708 end_tick=1990077977307125 ms_per_tick=9.9999999999999995e-07 device_ms=1.116417
PRODUCER_KERNEL_V1 stage=2 raw_iteration=0 ordinal=10 kernel=evaluate_resident_advective_pair threads=13800483 begin_tick=1990077977673958 end_tick=1990077986147916 ms_per_tick=9.9999999999999995e-07 device_ms=8.4739579999999997
PRODUCER_KERNEL_V1 stage=2 raw_iteration=0 ordinal=11 kernel=finalize_resident_advective_high threads=13800483 begin_tick=1990077986163625 end_tick=1990077986586291 ms_per_tick=9.9999999999999995e-07 device_ms=0.42266599999999999
PRODUCER_KERNEL_V1 stage=2 raw_iteration=0 ordinal=12 kernel=compose_resident_flux_pair threads=13800483 begin_tick=1990077986586708 end_tick=1990077987467166 ms_per_tick=9.9999999999999995e-07 device_ms=0.88045799999999996
PRODUCER_KERNEL_V1 stage=2 raw_iteration=0 ordinal=13 kernel=validate_resident_physical_flux threads=13800483 begin_tick=1990077987468000 end_tick=1990077988362583 ms_per_tick=9.9999999999999995e-07 device_ms=0.89458299999999991
PRODUCER_KERNEL_V1 stage=2 raw_iteration=0 ordinal=14 kernel=identify_resident_physical_flux threads=32 begin_tick=1990077988363333 end_tick=1990077988367166 ms_per_tick=9.9999999999999995e-07 device_ms=0.003833
PRODUCER_KERNEL_V1 stage=2 raw_iteration=0 ordinal=15 kernel=owner_bind_candidate threads=1 begin_tick=1990077988367666 end_tick=1990077988371083 ms_per_tick=9.9999999999999995e-07 device_ms=0.0034169999999999999
PRODUCER_KERNEL_V1 stage=2 raw_iteration=0 ordinal=16 kernel=finalize_resident_eos_candidate threads=1 begin_tick=1990077988371500 end_tick=1990077988373708 ms_per_tick=9.9999999999999995e-07 device_ms=0.0022079999999999999
PRODUCER_KERNEL_V1 stage=2 raw_iteration=0 ordinal=17 kernel=evaluate_resident_eos_candidate threads=504666 begin_tick=1990077988374500 end_tick=1990078602737375 ms_per_tick=9.9999999999999995e-07 device_ms=614.36287499999992
PRODUCER_KERNEL_V1 stage=2 raw_iteration=0 ordinal=18 kernel=finalize_resident_eos_candidate threads=1 begin_tick=1990078602751500 end_tick=1990078602754166 ms_per_tick=9.9999999999999995e-07 device_ms=0.002666
PRODUCER_KERNEL_V1 stage=2 raw_iteration=0 ordinal=19 kernel=identify_resident_eos threads=1 begin_tick=1990078602754625 end_tick=1990078602757333 ms_per_tick=9.9999999999999995e-07 device_ms=0.0027079999999999999
PRODUCER_KERNEL_V1 stage=2 raw_iteration=0 ordinal=20 kernel=produce_resident_frozen_source threads=504666 begin_tick=1990078602757750 end_tick=1990078602788708 ms_per_tick=9.9999999999999995e-07 device_ms=0.030957999999999999
PRODUCER_KERNEL_V1 stage=2 raw_iteration=0 ordinal=21 kernel=identify_resident_frozen_source threads=1 begin_tick=1990078602789375 end_tick=1990078602792000 ms_per_tick=9.9999999999999995e-07 device_ms=0.0026249999999999997
PRODUCER_KERNEL_V1 stage=2 raw_iteration=0 ordinal=22 kernel=evaluate_resident_target_terms threads=504666 begin_tick=1990078602792416 end_tick=1990078729546041 ms_per_tick=9.9999999999999995e-07 device_ms=126.753625
PRODUCER_KERNEL_V1 stage=2 raw_iteration=0 ordinal=23 kernel=finalize_resident_target threads=1 begin_tick=1990078729562041 end_tick=1990078729565416 ms_per_tick=9.9999999999999995e-07 device_ms=0.003375
PRODUCER_KERNEL_V1 stage=2 raw_iteration=0 ordinal=24 kernel=identify_resident_target threads=1 begin_tick=1990078729565708 end_tick=1990078729568708 ms_per_tick=9.9999999999999995e-07 device_ms=0.0030000000000000001
PRODUCER_KERNEL_V1 stage=2 raw_iteration=0 ordinal=25 kernel=issue_resident_projection_consumer threads=1 begin_tick=1990078729569250 end_tick=1990078729573125 ms_per_tick=9.9999999999999995e-07 device_ms=0.003875
PRODUCER_KERNEL_V1 stage=2 raw_iteration=0 ordinal=26 kernel=consume_resident_target threads=1 begin_tick=1990078729573500 end_tick=1990078729577541 ms_per_tick=9.9999999999999995e-07 device_ms=0.0040409999999999995
PRODUCER_KERNEL_V1 stage=2 raw_iteration=0 ordinal=27 kernel=owner_compose_target threads=504666 begin_tick=1990078729578083 end_tick=1990078729610333 ms_per_tick=9.9999999999999995e-07 device_ms=0.032250000000000001
PRODUCER_KERNEL_V1 stage=2 raw_iteration=0 ordinal=28 kernel=finalize_resident_target threads=1 begin_tick=1990078729610750 end_tick=1990078729613250 ms_per_tick=9.9999999999999995e-07 device_ms=0.0025000000000000001
PRODUCER_KERNEL_V1 stage=2 raw_iteration=0 ordinal=29 kernel=owner_identify_target threads=1 begin_tick=1990078729613791 end_tick=1990078729617208 ms_per_tick=9.9999999999999995e-07 device_ms=0.0034169999999999999
PRODUCER_KERNEL_V1 stage=2 raw_iteration=0 ordinal=30 kernel=issue_resident_projection_consumer threads=1 begin_tick=1990078729618125 end_tick=1990078729620875 ms_per_tick=9.9999999999999995e-07 device_ms=0.0027499999999999998
PRODUCER_KERNEL_V1 stage=2 raw_iteration=0 ordinal=31 kernel=consume_resident_target threads=1 begin_tick=1990078729621458 end_tick=1990078729624833 ms_per_tick=9.9999999999999995e-07 device_ms=0.003375
PRODUCER_KERNEL_V1 stage=2 raw_iteration=0 ordinal=32 kernel=owner_issue_stage_seal threads=1 begin_tick=1990078729625208 end_tick=1990078729628083 ms_per_tick=9.9999999999999995e-07 device_ms=0.002875
PRODUCER_KERNEL_V1 stage=2 raw_iteration=0 ordinal=33 kernel=fct_compatible_stage_rate threads=1533387 begin_tick=1990078729628458 end_tick=1990078731452416 ms_per_tick=9.9999999999999995e-07 device_ms=1.823958
PRODUCER_KERNEL_V1 stage=2 raw_iteration=0 ordinal=34 kernel=owner_heun_momentum threads=1533387 begin_tick=1990078731474333 end_tick=1990078731674958 ms_per_tick=9.9999999999999995e-07 device_ms=0.200625
RISE_FIRE_OWNER_PROFILE_V1 {"scope":78,"parent":73,"phase":"BuildStageProducerGroup","stage":2,"raw_iteration":0,"iteration_kind":"picard","wall_ms":838.583709000,"device_sum_ms":756.957041565,"wall_minus_device_ms":81.626667435,"exclusive_wall_ms":838.583709000,"exclusive_device_sum_ms":756.957041565,"child_observer_wall_ms":0.000000000,"count_scope":"inclusive","owner_commits":1,"projection_invocations":0}
RISE_FIRE_OWNER_PROFILE_V1 {"scope":79,"parent":73,"phase":"Residual","stage":2,"raw_iteration":0,"iteration_kind":"picard","wall_ms":0.234208000,"device_sum_ms":0.022624852,"wall_minus_device_ms":0.211583148,"exclusive_wall_ms":0.234208000,"exclusive_device_sum_ms":0.022624852,"child_observer_wall_ms":0.000000000,"count_scope":"inclusive","owner_commits":1,"projection_invocations":0}
RISE_FIRE_OWNER_PROFILE_V1 {"scope":73,"parent":69,"phase":"PicardIteration","stage":2,"raw_iteration":0,"iteration_kind":"picard","wall_ms":853.747208000,"device_sum_ms":767.148374580,"wall_minus_device_ms":86.598833420,"exclusive_wall_ms":0.658624000,"exclusive_device_sum_ms":0.000000000,"child_observer_wall_ms":0.036501000,"count_scope":"inclusive","owner_commits":6,"projection_invocations":1}
RISE_FIRE_OWNER_PROFILE_V1 {"scope":82,"parent":81,"phase":"ProjectionAdapter","stage":2,"raw_iteration":1,"iteration_kind":"picard","wall_ms":11.779791000,"device_sum_ms":8.941875072,"wall_minus_device_ms":2.837915928,"exclusive_wall_ms":11.779791000,"exclusive_device_sum_ms":8.941875072,"child_observer_wall_ms":0.000000000,"count_scope":"inclusive","owner_commits":0,"projection_invocations":1}
RISE_FIRE_OWNER_PROFILE_V1 {"scope":81,"parent":80,"phase":"Project","stage":2,"raw_iteration":1,"iteration_kind":"picard","wall_ms":12.854292000,"device_sum_ms":8.984624874,"wall_minus_device_ms":3.869667126,"exclusive_wall_ms":1.057542000,"exclusive_device_sum_ms":0.042749802,"child_observer_wall_ms":0.016959000,"count_scope":"inclusive","owner_commits":2,"projection_invocations":1}
RISE_FIRE_OWNER_PROFILE_V1 {"scope":83,"parent":80,"phase":"ReadOpenClass","stage":2,"raw_iteration":1,"iteration_kind":"picard","wall_ms":0.157750000,"device_sum_ms":0.002374873,"wall_minus_device_ms":0.155375127,"exclusive_wall_ms":0.157750000,"exclusive_device_sum_ms":0.002374873,"child_observer_wall_ms":0.000000000,"count_scope":"inclusive","owner_commits":1,"projection_invocations":0}
RISE_FIRE_OWNER_PROFILE_V1 {"scope":84,"parent":80,"phase":"ReadOpenClass","stage":2,"raw_iteration":1,"iteration_kind":"picard","wall_ms":0.147416000,"device_sum_ms":0.002458459,"wall_minus_device_ms":0.144957541,"exclusive_wall_ms":0.147416000,"exclusive_device_sum_ms":0.002458459,"child_observer_wall_ms":0.000000000,"count_scope":"inclusive","owner_commits":1,"projection_invocations":0}
PRODUCER_COMMAND_V1 stage=2 raw_iteration=1 cpu_begin=1990078746022916 cpu_end=1990079585052375 gpu_begin=1990078746022916 gpu_end=1990079585052375 device_ms=756.00962503813207 encoders=35 interval_scope=possibly_overlapping
PRODUCER_KERNEL_V1 stage=2 raw_iteration=1 ordinal=0 kernel=owner_pack_faces threads=1533387 begin_tick=1990078828949333 end_tick=1990078829011833 ms_per_tick=9.9999999999999995e-07 device_ms=0.0625
PRODUCER_KERNEL_V1 stage=2 raw_iteration=1 ordinal=1 kernel=owner_pack_faces threads=1533387 begin_tick=1990078829011833 end_tick=1990078829360875 ms_per_tick=9.9999999999999995e-07 device_ms=0.34904199999999996
PRODUCER_KERNEL_V1 stage=2 raw_iteration=1 ordinal=2 kernel=owner_pack_faces threads=1533387 begin_tick=1990078828947416 end_tick=1990078829012125 ms_per_tick=9.9999999999999995e-07 device_ms=0.064709000000000003
PRODUCER_KERNEL_V1 stage=2 raw_iteration=1 ordinal=3 kernel=fct_extract_gas_density threads=504666 begin_tick=1990078829012291 end_tick=1990078829065458 ms_per_tick=9.9999999999999995e-07 device_ms=0.053166999999999999
PRODUCER_KERNEL_V1 stage=2 raw_iteration=1 ordinal=4 kernel=owner_gas_source threads=504666 begin_tick=1990078829361291 end_tick=1990078829520000 ms_per_tick=9.9999999999999995e-07 device_ms=0.15870899999999999
PRODUCER_KERNEL_V1 stage=2 raw_iteration=1 ordinal=5 kernel=evaluate_resident_transport threads=504666 begin_tick=1990078829065458 end_tick=1990078829537833 ms_per_tick=9.9999999999999995e-07 device_ms=0.47237499999999999
PRODUCER_KERNEL_V1 stage=2 raw_iteration=1 ordinal=6 kernel=identify_resident_transport threads=1 begin_tick=1990078829538291 end_tick=1990078829541416 ms_per_tick=9.9999999999999995e-07 device_ms=0.0031249999999999997
PRODUCER_KERNEL_V1 stage=2 raw_iteration=1 ordinal=7 kernel=owner_bind_transport threads=1 begin_tick=1990078829541958 end_tick=1990078829546125 ms_per_tick=9.9999999999999995e-07 device_ms=0.0041669999999999997
PRODUCER_KERNEL_V1 stage=2 raw_iteration=1 ordinal=8 kernel=identify_resident_owner_endpoint_class threads=1 begin_tick=1990078829546541 end_tick=1990078829550041 ms_per_tick=9.9999999999999995e-07 device_ms=0.0034999999999999996
PRODUCER_KERNEL_V1 stage=2 raw_iteration=1 ordinal=9 kernel=evaluate_resident_physical_flux threads=1533387 begin_tick=1990078830328666 end_tick=1990078831446500 ms_per_tick=9.9999999999999995e-07 device_ms=1.117834
PRODUCER_KERNEL_V1 stage=2 raw_iteration=1 ordinal=10 kernel=evaluate_resident_advective_pair threads=13800483 begin_tick=1990078831714583 end_tick=1990078840194958 ms_per_tick=9.9999999999999995e-07 device_ms=8.4803750000000004
PRODUCER_KERNEL_V1 stage=2 raw_iteration=1 ordinal=11 kernel=finalize_resident_advective_high threads=13800483 begin_tick=1990078840215708 end_tick=1990078840632083 ms_per_tick=9.9999999999999995e-07 device_ms=0.416375
PRODUCER_KERNEL_V1 stage=2 raw_iteration=1 ordinal=12 kernel=compose_resident_flux_pair threads=13800483 begin_tick=1990078840632458 end_tick=1990078841519000 ms_per_tick=9.9999999999999995e-07 device_ms=0.88654199999999994
PRODUCER_KERNEL_V1 stage=2 raw_iteration=1 ordinal=13 kernel=validate_resident_physical_flux threads=13800483 begin_tick=1990078841519708 end_tick=1990078842365875 ms_per_tick=9.9999999999999995e-07 device_ms=0.846167
PRODUCER_KERNEL_V1 stage=2 raw_iteration=1 ordinal=14 kernel=identify_resident_physical_flux threads=32 begin_tick=1990078842366583 end_tick=1990078842369958 ms_per_tick=9.9999999999999995e-07 device_ms=0.003375
PRODUCER_KERNEL_V1 stage=2 raw_iteration=1 ordinal=15 kernel=owner_bind_candidate threads=1 begin_tick=1990078842370458 end_tick=1990078842373875 ms_per_tick=9.9999999999999995e-07 device_ms=0.0034169999999999999
PRODUCER_KERNEL_V1 stage=2 raw_iteration=1 ordinal=16 kernel=finalize_resident_eos_candidate threads=1 begin_tick=1990078842374250 end_tick=1990078842376458 ms_per_tick=9.9999999999999995e-07 device_ms=0.0022079999999999999
PRODUCER_KERNEL_V1 stage=2 raw_iteration=1 ordinal=17 kernel=evaluate_resident_eos_candidate threads=504666 begin_tick=1990078842377291 end_tick=1990079457757583 ms_per_tick=9.9999999999999995e-07 device_ms=615.38029199999994
PRODUCER_KERNEL_V1 stage=2 raw_iteration=1 ordinal=18 kernel=finalize_resident_eos_candidate threads=1 begin_tick=1990079457773750 end_tick=1990079457776583 ms_per_tick=9.9999999999999995e-07 device_ms=0.002833
PRODUCER_KERNEL_V1 stage=2 raw_iteration=1 ordinal=19 kernel=identify_resident_eos threads=1 begin_tick=1990079457777166 end_tick=1990079457779833 ms_per_tick=9.9999999999999995e-07 device_ms=0.0026669999999999997
PRODUCER_KERNEL_V1 stage=2 raw_iteration=1 ordinal=20 kernel=produce_resident_frozen_source threads=504666 begin_tick=1990079457780125 end_tick=1990079457810500 ms_per_tick=9.9999999999999995e-07 device_ms=0.030374999999999999
PRODUCER_KERNEL_V1 stage=2 raw_iteration=1 ordinal=21 kernel=identify_resident_frozen_source threads=1 begin_tick=1990079457811166 end_tick=1990079457814041 ms_per_tick=9.9999999999999995e-07 device_ms=0.002875
PRODUCER_KERNEL_V1 stage=2 raw_iteration=1 ordinal=22 kernel=evaluate_resident_target_terms threads=504666 begin_tick=1990079457814333 end_tick=1990079584064875 ms_per_tick=9.9999999999999995e-07 device_ms=126.250542
PRODUCER_KERNEL_V1 stage=2 raw_iteration=1 ordinal=23 kernel=finalize_resident_target threads=1 begin_tick=1990079584081000 end_tick=1990079584084208 ms_per_tick=9.9999999999999995e-07 device_ms=0.0032079999999999999
PRODUCER_KERNEL_V1 stage=2 raw_iteration=1 ordinal=24 kernel=identify_resident_target threads=1 begin_tick=1990079584084541 end_tick=1990079584087458 ms_per_tick=9.9999999999999995e-07 device_ms=0.0029169999999999999
PRODUCER_KERNEL_V1 stage=2 raw_iteration=1 ordinal=25 kernel=issue_resident_projection_consumer threads=1 begin_tick=1990079584087916 end_tick=1990079584092250 ms_per_tick=9.9999999999999995e-07 device_ms=0.0043340000000000002
PRODUCER_KERNEL_V1 stage=2 raw_iteration=1 ordinal=26 kernel=consume_resident_target threads=1 begin_tick=1990079584092541 end_tick=1990079584096541 ms_per_tick=9.9999999999999995e-07 device_ms=0.0040000000000000001
PRODUCER_KERNEL_V1 stage=2 raw_iteration=1 ordinal=27 kernel=owner_compose_target threads=504666 begin_tick=1990079584097000 end_tick=1990079584127958 ms_per_tick=9.9999999999999995e-07 device_ms=0.030957999999999999
PRODUCER_KERNEL_V1 stage=2 raw_iteration=1 ordinal=28 kernel=finalize_resident_target threads=1 begin_tick=1990079584128250 end_tick=1990079584130708 ms_per_tick=9.9999999999999995e-07 device_ms=0.0024579999999999997
PRODUCER_KERNEL_V1 stage=2 raw_iteration=1 ordinal=29 kernel=owner_identify_target threads=1 begin_tick=1990079584131166 end_tick=1990079584134583 ms_per_tick=9.9999999999999995e-07 device_ms=0.0034169999999999999
PRODUCER_KERNEL_V1 stage=2 raw_iteration=1 ordinal=30 kernel=issue_resident_projection_consumer threads=1 begin_tick=1990079584135000 end_tick=1990079584137750 ms_per_tick=9.9999999999999995e-07 device_ms=0.0027499999999999998
PRODUCER_KERNEL_V1 stage=2 raw_iteration=1 ordinal=31 kernel=consume_resident_target threads=1 begin_tick=1990079584138291 end_tick=1990079584141583 ms_per_tick=9.9999999999999995e-07 device_ms=0.0032919999999999998
PRODUCER_KERNEL_V1 stage=2 raw_iteration=1 ordinal=32 kernel=owner_issue_stage_seal threads=1 begin_tick=1990079584141958 end_tick=1990079584144916 ms_per_tick=9.9999999999999995e-07 device_ms=0.0029579999999999997
PRODUCER_KERNEL_V1 stage=2 raw_iteration=1 ordinal=33 kernel=fct_compatible_stage_rate threads=1533387 begin_tick=1990079584145458 end_tick=1990079584848875 ms_per_tick=9.9999999999999995e-07 device_ms=0.70341699999999996
PRODUCER_KERNEL_V1 stage=2 raw_iteration=1 ordinal=34 kernel=owner_heun_momentum threads=1533387 begin_tick=1990079584862958 end_tick=1990079584951250 ms_per_tick=9.9999999999999995e-07 device_ms=0.088291999999999995
RISE_FIRE_OWNER_PROFILE_V1 {"scope":85,"parent":80,"phase":"BuildStageProducerGroup","stage":2,"raw_iteration":1,"iteration_kind":"picard","wall_ms":839.184875000,"device_sum_ms":756.009625038,"wall_minus_device_ms":83.175249962,"exclusive_wall_ms":839.184875000,"exclusive_device_sum_ms":756.009625038,"child_observer_wall_ms":0.000000000,"count_scope":"inclusive","owner_commits":1,"projection_invocations":0}
RISE_FIRE_OWNER_PROFILE_V1 {"scope":86,"parent":80,"phase":"Residual","stage":2,"raw_iteration":1,"iteration_kind":"picard","wall_ms":0.321833000,"device_sum_ms":0.115124974,"wall_minus_device_ms":0.206708026,"exclusive_wall_ms":0.321833000,"exclusive_device_sum_ms":0.115124974,"child_observer_wall_ms":0.000000000,"count_scope":"inclusive","owner_commits":1,"projection_invocations":0}
RISE_FIRE_OWNER_PROFILE_V1 {"scope":80,"parent":69,"phase":"PicardIteration","stage":2,"raw_iteration":1,"iteration_kind":"picard","wall_ms":853.822042000,"device_sum_ms":765.114208218,"wall_minus_device_ms":88.707833782,"exclusive_wall_ms":1.120459000,"exclusive_device_sum_ms":0.000000000,"child_observer_wall_ms":0.035417000,"count_scope":"inclusive","owner_commits":6,"projection_invocations":1}
RISE_FIRE_OWNER_PROFILE_V1 {"scope":89,"parent":88,"phase":"ProjectionAdapter","stage":2,"raw_iteration":2,"iteration_kind":"picard","wall_ms":11.772708000,"device_sum_ms":8.936666418,"wall_minus_device_ms":2.836041582,"exclusive_wall_ms":11.772708000,"exclusive_device_sum_ms":8.936666418,"child_observer_wall_ms":0.000000000,"count_scope":"inclusive","owner_commits":0,"projection_invocations":1}
RISE_FIRE_OWNER_PROFILE_V1 {"scope":88,"parent":87,"phase":"Project","stage":2,"raw_iteration":2,"iteration_kind":"picard","wall_ms":12.836084000,"device_sum_ms":8.976458339,"wall_minus_device_ms":3.859625661,"exclusive_wall_ms":1.053126000,"exclusive_device_sum_ms":0.039791921,"child_observer_wall_ms":0.010250000,"count_scope":"inclusive","owner_commits":2,"projection_invocations":1}
RISE_FIRE_OWNER_PROFILE_V1 {"scope":90,"parent":87,"phase":"ReadOpenClass","stage":2,"raw_iteration":2,"iteration_kind":"picard","wall_ms":0.231209000,"device_sum_ms":0.076333294,"wall_minus_device_ms":0.154875706,"exclusive_wall_ms":0.231209000,"exclusive_device_sum_ms":0.076333294,"child_observer_wall_ms":0.000000000,"count_scope":"inclusive","owner_commits":1,"projection_invocations":0}
RISE_FIRE_OWNER_PROFILE_V1 {"scope":91,"parent":87,"phase":"ReadOpenClass","stage":2,"raw_iteration":2,"iteration_kind":"picard","wall_ms":0.158875000,"device_sum_ms":0.023874920,"wall_minus_device_ms":0.135000080,"exclusive_wall_ms":0.158875000,"exclusive_device_sum_ms":0.023874920,"child_observer_wall_ms":0.000000000,"count_scope":"inclusive","owner_commits":1,"projection_invocations":0}
PRODUCER_COMMAND_V1 stage=2 raw_iteration=2 cpu_begin=1990079599914083 cpu_end=1990080422287750 gpu_begin=1990079599914083 gpu_end=1990080422287750 device_ms=740.58687500655651 encoders=35 interval_scope=possibly_overlapping
PRODUCER_KERNEL_V1 stage=2 raw_iteration=2 ordinal=0 kernel=owner_pack_faces threads=1533387 begin_tick=1990079681607083 end_tick=1990079681667458 ms_per_tick=9.9999999999999995e-07 device_ms=0.060374999999999998
PRODUCER_KERNEL_V1 stage=2 raw_iteration=2 ordinal=1 kernel=owner_pack_faces threads=1533387 begin_tick=1990079681667458 end_tick=1990079682028708 ms_per_tick=9.9999999999999995e-07 device_ms=0.36124999999999996
PRODUCER_KERNEL_V1 stage=2 raw_iteration=2 ordinal=2 kernel=owner_pack_faces threads=1533387 begin_tick=1990079681604416 end_tick=1990079681667666 ms_per_tick=9.9999999999999995e-07 device_ms=0.063250000000000001
PRODUCER_KERNEL_V1 stage=2 raw_iteration=2 ordinal=3 kernel=fct_extract_gas_density threads=504666 begin_tick=1990079681667958 end_tick=1990079681719000 ms_per_tick=9.9999999999999995e-07 device_ms=0.051041999999999997
PRODUCER_KERNEL_V1 stage=2 raw_iteration=2 ordinal=4 kernel=owner_gas_source threads=504666 begin_tick=1990079682029166 end_tick=1990079682173875 ms_per_tick=9.9999999999999995e-07 device_ms=0.144709
PRODUCER_KERNEL_V1 stage=2 raw_iteration=2 ordinal=5 kernel=evaluate_resident_transport threads=504666 begin_tick=1990079681719000 end_tick=1990079682187375 ms_per_tick=9.9999999999999995e-07 device_ms=0.46837499999999999
PRODUCER_KERNEL_V1 stage=2 raw_iteration=2 ordinal=6 kernel=identify_resident_transport threads=1 begin_tick=1990079682187750 end_tick=1990079682190833 ms_per_tick=9.9999999999999995e-07 device_ms=0.0030829999999999998
PRODUCER_KERNEL_V1 stage=2 raw_iteration=2 ordinal=7 kernel=owner_bind_transport threads=1 begin_tick=1990079682191625 end_tick=1990079682195416 ms_per_tick=9.9999999999999995e-07 device_ms=0.0037909999999999997
PRODUCER_KERNEL_V1 stage=2 raw_iteration=2 ordinal=8 kernel=identify_resident_owner_endpoint_class threads=1 begin_tick=1990079682195833 end_tick=1990079682200041 ms_per_tick=9.9999999999999995e-07 device_ms=0.0042079999999999999
PRODUCER_KERNEL_V1 stage=2 raw_iteration=2 ordinal=9 kernel=evaluate_resident_physical_flux threads=1533387 begin_tick=1990079682914833 end_tick=1990079685659166 ms_per_tick=9.9999999999999995e-07 device_ms=2.7443329999999997
PRODUCER_KERNEL_V1 stage=2 raw_iteration=2 ordinal=10 kernel=evaluate_resident_advective_pair threads=13800483 begin_tick=1990079685675125 end_tick=1990079692757083 ms_per_tick=9.9999999999999995e-07 device_ms=7.0819579999999993
PRODUCER_KERNEL_V1 stage=2 raw_iteration=2 ordinal=11 kernel=finalize_resident_advective_high threads=13800483 begin_tick=1990079692757791 end_tick=1990079693178791 ms_per_tick=9.9999999999999995e-07 device_ms=0.42099999999999999
PRODUCER_KERNEL_V1 stage=2 raw_iteration=2 ordinal=12 kernel=compose_resident_flux_pair threads=13800483 begin_tick=1990079693179208 end_tick=1990079694181750 ms_per_tick=9.9999999999999995e-07 device_ms=1.002542
PRODUCER_KERNEL_V1 stage=2 raw_iteration=2 ordinal=13 kernel=validate_resident_physical_flux threads=13800483 begin_tick=1990079694182291 end_tick=1990079695082291 ms_per_tick=9.9999999999999995e-07 device_ms=0.89999999999999991
PRODUCER_KERNEL_V1 stage=2 raw_iteration=2 ordinal=14 kernel=identify_resident_physical_flux threads=32 begin_tick=1990079695083041 end_tick=1990079695086208 ms_per_tick=9.9999999999999995e-07 device_ms=0.0031669999999999997
PRODUCER_KERNEL_V1 stage=2 raw_iteration=2 ordinal=15 kernel=owner_bind_candidate threads=1 begin_tick=1990079695086708 end_tick=1990079695090333 ms_per_tick=9.9999999999999995e-07 device_ms=0.0036249999999999998
PRODUCER_KERNEL_V1 stage=2 raw_iteration=2 ordinal=16 kernel=finalize_resident_eos_candidate threads=1 begin_tick=1990079695090750 end_tick=1990079695093000 ms_per_tick=9.9999999999999995e-07 device_ms=0.0022499999999999998
PRODUCER_KERNEL_V1 stage=2 raw_iteration=2 ordinal=17 kernel=evaluate_resident_eos_candidate threads=504666 begin_tick=1990079695094083 end_tick=1990080296861500 ms_per_tick=9.9999999999999995e-07 device_ms=601.76741700000002
PRODUCER_KERNEL_V1 stage=2 raw_iteration=2 ordinal=18 kernel=finalize_resident_eos_candidate threads=1 begin_tick=1990080296877375 end_tick=1990080296880041 ms_per_tick=9.9999999999999995e-07 device_ms=0.002666
PRODUCER_KERNEL_V1 stage=2 raw_iteration=2 ordinal=19 kernel=identify_resident_eos threads=1 begin_tick=1990080296880625 end_tick=1990080296883416 ms_per_tick=9.9999999999999995e-07 device_ms=0.0027910000000000001
PRODUCER_KERNEL_V1 stage=2 raw_iteration=2 ordinal=20 kernel=produce_resident_frozen_source threads=504666 begin_tick=1990080296883833 end_tick=1990080296915625 ms_per_tick=9.9999999999999995e-07 device_ms=0.031792000000000001
PRODUCER_KERNEL_V1 stage=2 raw_iteration=2 ordinal=21 kernel=identify_resident_frozen_source threads=1 begin_tick=1990080296916291 end_tick=1990080296918916 ms_per_tick=9.9999999999999995e-07 device_ms=0.0026249999999999997
PRODUCER_KERNEL_V1 stage=2 raw_iteration=2 ordinal=22 kernel=evaluate_resident_target_terms threads=504666 begin_tick=1990080296919333 end_tick=1990080421457291 ms_per_tick=9.9999999999999995e-07 device_ms=124.53795799999999
PRODUCER_KERNEL_V1 stage=2 raw_iteration=2 ordinal=23 kernel=finalize_resident_target threads=1 begin_tick=1990080421472791 end_tick=1990080421476166 ms_per_tick=9.9999999999999995e-07 device_ms=0.003375
PRODUCER_KERNEL_V1 stage=2 raw_iteration=2 ordinal=24 kernel=identify_resident_target threads=1 begin_tick=1990080421476500 end_tick=1990080421479583 ms_per_tick=9.9999999999999995e-07 device_ms=0.0030829999999999998
PRODUCER_KERNEL_V1 stage=2 raw_iteration=2 ordinal=25 kernel=issue_resident_projection_consumer threads=1 begin_tick=1990080421480125 end_tick=1990080421484416 ms_per_tick=9.9999999999999995e-07 device_ms=0.0042909999999999997
PRODUCER_KERNEL_V1 stage=2 raw_iteration=2 ordinal=26 kernel=consume_resident_target threads=1 begin_tick=1990080421485041 end_tick=1990080421489541 ms_per_tick=9.9999999999999995e-07 device_ms=0.0044999999999999997
PRODUCER_KERNEL_V1 stage=2 raw_iteration=2 ordinal=27 kernel=owner_compose_target threads=504666 begin_tick=1990080421490083 end_tick=1990080421522833 ms_per_tick=9.9999999999999995e-07 device_ms=0.032750000000000001
PRODUCER_KERNEL_V1 stage=2 raw_iteration=2 ordinal=28 kernel=finalize_resident_target threads=1 begin_tick=1990080421523250 end_tick=1990080421525708 ms_per_tick=9.9999999999999995e-07 device_ms=0.0024579999999999997
PRODUCER_KERNEL_V1 stage=2 raw_iteration=2 ordinal=29 kernel=owner_identify_target threads=1 begin_tick=1990080421526250 end_tick=1990080421529708 ms_per_tick=9.9999999999999995e-07 device_ms=0.0034579999999999997
PRODUCER_KERNEL_V1 stage=2 raw_iteration=2 ordinal=30 kernel=issue_resident_projection_consumer threads=1 begin_tick=1990080421530083 end_tick=1990080421533000 ms_per_tick=9.9999999999999995e-07 device_ms=0.0029169999999999999
PRODUCER_KERNEL_V1 stage=2 raw_iteration=2 ordinal=31 kernel=consume_resident_target threads=1 begin_tick=1990080421533541 end_tick=1990080421536916 ms_per_tick=9.9999999999999995e-07 device_ms=0.003375
PRODUCER_KERNEL_V1 stage=2 raw_iteration=2 ordinal=32 kernel=owner_issue_stage_seal threads=1 begin_tick=1990080421537250 end_tick=1990080421540000 ms_per_tick=9.9999999999999995e-07 device_ms=0.0027499999999999998
PRODUCER_KERNEL_V1 stage=2 raw_iteration=2 ordinal=33 kernel=fct_compatible_stage_rate threads=1533387 begin_tick=1990080421540375 end_tick=1990080422096208 ms_per_tick=9.9999999999999995e-07 device_ms=0.55583300000000002
PRODUCER_KERNEL_V1 stage=2 raw_iteration=2 ordinal=34 kernel=owner_heun_momentum threads=1533387 begin_tick=1990080422096625 end_tick=1990080422185541 ms_per_tick=9.9999999999999995e-07 device_ms=0.088915999999999995
RISE_FIRE_OWNER_PROFILE_V1 {"scope":92,"parent":87,"phase":"BuildStageProducerGroup","stage":2,"raw_iteration":2,"iteration_kind":"picard","wall_ms":822.519666000,"device_sum_ms":740.586875007,"wall_minus_device_ms":81.932790993,"exclusive_wall_ms":822.519666000,"exclusive_device_sum_ms":740.586875007,"child_observer_wall_ms":0.000000000,"count_scope":"inclusive","owner_commits":1,"projection_invocations":0}
RISE_FIRE_OWNER_PROFILE_V1 {"scope":93,"parent":87,"phase":"Residual","stage":2,"raw_iteration":2,"iteration_kind":"picard","wall_ms":0.336375000,"device_sum_ms":0.117625110,"wall_minus_device_ms":0.218749890,"exclusive_wall_ms":0.336375000,"exclusive_device_sum_ms":0.117625110,"child_observer_wall_ms":0.000000000,"count_scope":"inclusive","owner_commits":1,"projection_invocations":0}
RISE_FIRE_OWNER_PROFILE_V1 {"scope":96,"parent":95,"phase":"ProjectionAdapter","stage":2,"raw_iteration":2147483650,"iteration_kind":"terminal","wall_ms":13.154000000,"device_sum_ms":10.308125289,"wall_minus_device_ms":2.845874711,"exclusive_wall_ms":13.154000000,"exclusive_device_sum_ms":10.308125289,"child_observer_wall_ms":0.000000000,"count_scope":"inclusive","owner_commits":0,"projection_invocations":1}
RISE_FIRE_OWNER_PROFILE_V1 {"scope":95,"parent":94,"phase":"Project","stage":2,"raw_iteration":2147483650,"iteration_kind":"terminal","wall_ms":13.663209000,"device_sum_ms":10.349291842,"wall_minus_device_ms":3.313917158,"exclusive_wall_ms":0.503334000,"exclusive_device_sum_ms":0.041166553,"child_observer_wall_ms":0.005875000,"count_scope":"inclusive","owner_commits":2,"projection_invocations":1}
RISE_FIRE_OWNER_PROFILE_V1 {"scope":97,"parent":94,"phase":"ReadOpenClass","stage":2,"raw_iteration":2147483650,"iteration_kind":"terminal","wall_ms":0.152500000,"device_sum_ms":0.002458226,"wall_minus_device_ms":0.150041774,"exclusive_wall_ms":0.152500000,"exclusive_device_sum_ms":0.002458226,"child_observer_wall_ms":0.000000000,"count_scope":"inclusive","owner_commits":1,"projection_invocations":0}
RISE_FIRE_OWNER_PROFILE_V1 {"scope":98,"parent":94,"phase":"ReadOpenClass","stage":2,"raw_iteration":2147483650,"iteration_kind":"terminal","wall_ms":0.139791000,"device_sum_ms":0.002375105,"wall_minus_device_ms":0.137415895,"exclusive_wall_ms":0.139791000,"exclusive_device_sum_ms":0.002375105,"child_observer_wall_ms":0.000000000,"count_scope":"inclusive","owner_commits":1,"projection_invocations":0}
PRODUCER_COMMAND_V1 stage=2 raw_iteration=2147483650 cpu_begin=1990080436759000 cpu_end=1990081273868041 gpu_begin=1990080436759000 gpu_end=1990081273868041 device_ms=754.03962493874133 encoders=35 interval_scope=possibly_overlapping
PRODUCER_KERNEL_V1 stage=2 raw_iteration=2147483650 ordinal=0 kernel=owner_pack_faces threads=1533387 begin_tick=1990080519822791 end_tick=1990080519873750 ms_per_tick=9.9999999999999995e-07 device_ms=0.050958999999999997
PRODUCER_KERNEL_V1 stage=2 raw_iteration=2147483650 ordinal=1 kernel=owner_pack_faces threads=1533387 begin_tick=1990080519921083 end_tick=1990080519971125 ms_per_tick=9.9999999999999995e-07 device_ms=0.050041999999999996
PRODUCER_KERNEL_V1 stage=2 raw_iteration=2147483650 ordinal=2 kernel=owner_pack_faces threads=1533387 begin_tick=1990080520024125 end_tick=1990080520106500 ms_per_tick=9.9999999999999995e-07 device_ms=0.08237499999999999
PRODUCER_KERNEL_V1 stage=2 raw_iteration=2147483650 ordinal=3 kernel=fct_extract_gas_density threads=504666 begin_tick=1990080520048166 end_tick=1990080520098291 ms_per_tick=9.9999999999999995e-07 device_ms=0.050124999999999996
PRODUCER_KERNEL_V1 stage=2 raw_iteration=2147483650 ordinal=4 kernel=owner_gas_source threads=504666 begin_tick=1990080520133583 end_tick=1990080520181000 ms_per_tick=9.9999999999999995e-07 device_ms=0.047417000000000001
PRODUCER_KERNEL_V1 stage=2 raw_iteration=2147483650 ordinal=5 kernel=evaluate_resident_transport threads=504666 begin_tick=1990080520208666 end_tick=1990080520658416 ms_per_tick=9.9999999999999995e-07 device_ms=0.44974999999999998
PRODUCER_KERNEL_V1 stage=2 raw_iteration=2147483650 ordinal=6 kernel=identify_resident_transport threads=1 begin_tick=1990080520658750 end_tick=1990080520661500 ms_per_tick=9.9999999999999995e-07 device_ms=0.0027499999999999998
PRODUCER_KERNEL_V1 stage=2 raw_iteration=2147483650 ordinal=7 kernel=owner_bind_transport threads=1 begin_tick=1990080520661958 end_tick=1990080520665625 ms_per_tick=9.9999999999999995e-07 device_ms=0.0036669999999999997
PRODUCER_KERNEL_V1 stage=2 raw_iteration=2147483650 ordinal=8 kernel=identify_resident_owner_endpoint_class threads=1 begin_tick=1990080520666041 end_tick=1990080520669458 ms_per_tick=9.9999999999999995e-07 device_ms=0.0034169999999999999
PRODUCER_KERNEL_V1 stage=2 raw_iteration=2147483650 ordinal=9 kernel=evaluate_resident_physical_flux threads=1533387 begin_tick=1990080521718166 end_tick=1990080522827416 ms_per_tick=9.9999999999999995e-07 device_ms=1.1092499999999998
PRODUCER_KERNEL_V1 stage=2 raw_iteration=2147483650 ordinal=10 kernel=evaluate_resident_advective_pair threads=13800483 begin_tick=1990080523179291 end_tick=1990080530263250 ms_per_tick=9.9999999999999995e-07 device_ms=7.0839590000000001
PRODUCER_KERNEL_V1 stage=2 raw_iteration=2147483650 ordinal=11 kernel=finalize_resident_advective_high threads=13800483 begin_tick=1990080530264041 end_tick=1990080530683250 ms_per_tick=9.9999999999999995e-07 device_ms=0.419209
PRODUCER_KERNEL_V1 stage=2 raw_iteration=2147483650 ordinal=12 kernel=compose_resident_flux_pair threads=13800483 begin_tick=1990080530683625 end_tick=1990080531565083 ms_per_tick=9.9999999999999995e-07 device_ms=0.88145799999999996
PRODUCER_KERNEL_V1 stage=2 raw_iteration=2147483650 ordinal=13 kernel=validate_resident_physical_flux threads=13800483 begin_tick=1990080531565750 end_tick=1990080532414750 ms_per_tick=9.9999999999999995e-07 device_ms=0.84899999999999998
PRODUCER_KERNEL_V1 stage=2 raw_iteration=2147483650 ordinal=14 kernel=identify_resident_physical_flux threads=32 begin_tick=1990080532415375 end_tick=1990080532418625 ms_per_tick=9.9999999999999995e-07 device_ms=0.0032499999999999999
PRODUCER_KERNEL_V1 stage=2 raw_iteration=2147483650 ordinal=15 kernel=owner_bind_candidate threads=1 begin_tick=1990080532419208 end_tick=1990080532423000 ms_per_tick=9.9999999999999995e-07 device_ms=0.0037919999999999998
PRODUCER_KERNEL_V1 stage=2 raw_iteration=2147483650 ordinal=16 kernel=finalize_resident_eos_candidate threads=1 begin_tick=1990080532423916 end_tick=1990080532426000 ms_per_tick=9.9999999999999995e-07 device_ms=0.0020839999999999999
PRODUCER_KERNEL_V1 stage=2 raw_iteration=2147483650 ordinal=17 kernel=evaluate_resident_eos_candidate threads=504666 begin_tick=1990080532426708 end_tick=1990081147816458 ms_per_tick=9.9999999999999995e-07 device_ms=615.38974999999994
PRODUCER_KERNEL_V1 stage=2 raw_iteration=2147483650 ordinal=18 kernel=finalize_resident_eos_candidate threads=1 begin_tick=1990081147832583 end_tick=1990081147835250 ms_per_tick=9.9999999999999995e-07 device_ms=0.0026669999999999997
PRODUCER_KERNEL_V1 stage=2 raw_iteration=2147483650 ordinal=19 kernel=identify_resident_eos threads=1 begin_tick=1990081147835708 end_tick=1990081147838458 ms_per_tick=9.9999999999999995e-07 device_ms=0.0027499999999999998
PRODUCER_KERNEL_V1 stage=2 raw_iteration=2147483650 ordinal=20 kernel=produce_resident_frozen_source threads=504666 begin_tick=1990081147838791 end_tick=1990081147869750 ms_per_tick=9.9999999999999995e-07 device_ms=0.030958999999999997
PRODUCER_KERNEL_V1 stage=2 raw_iteration=2147483650 ordinal=21 kernel=identify_resident_frozen_source threads=1 begin_tick=1990081147870416 end_tick=1990081147873250 ms_per_tick=9.9999999999999995e-07 device_ms=0.0028339999999999997
PRODUCER_KERNEL_V1 stage=2 raw_iteration=2147483650 ordinal=22 kernel=evaluate_resident_target_terms threads=504666 begin_tick=1990081147873625 end_tick=1990081273006083 ms_per_tick=9.9999999999999995e-07 device_ms=125.132458
PRODUCER_KERNEL_V1 stage=2 raw_iteration=2147483650 ordinal=23 kernel=finalize_resident_target threads=1 begin_tick=1990081273021291 end_tick=1990081273024583 ms_per_tick=9.9999999999999995e-07 device_ms=0.0032919999999999998
PRODUCER_KERNEL_V1 stage=2 raw_iteration=2147483650 ordinal=24 kernel=identify_resident_target threads=1 begin_tick=1990081273024875 end_tick=1990081273027833 ms_per_tick=9.9999999999999995e-07 device_ms=0.0029579999999999997
PRODUCER_KERNEL_V1 stage=2 raw_iteration=2147483650 ordinal=25 kernel=issue_resident_projection_consumer threads=1 begin_tick=1990081273028291 end_tick=1990081273032416 ms_per_tick=9.9999999999999995e-07 device_ms=0.0041250000000000002
PRODUCER_KERNEL_V1 stage=2 raw_iteration=2147483650 ordinal=26 kernel=consume_resident_target threads=1 begin_tick=1990081273032750 end_tick=1990081273036875 ms_per_tick=9.9999999999999995e-07 device_ms=0.0041250000000000002
PRODUCER_KERNEL_V1 stage=2 raw_iteration=2147483650 ordinal=27 kernel=owner_compose_target threads=504666 begin_tick=1990081273037375 end_tick=1990081273070250 ms_per_tick=9.9999999999999995e-07 device_ms=0.032875000000000001
PRODUCER_KERNEL_V1 stage=2 raw_iteration=2147483650 ordinal=28 kernel=finalize_resident_target threads=1 begin_tick=1990081273070666 end_tick=1990081273073125 ms_per_tick=9.9999999999999995e-07 device_ms=0.0024589999999999998
PRODUCER_KERNEL_V1 stage=2 raw_iteration=2147483650 ordinal=29 kernel=owner_identify_target threads=1 begin_tick=1990081273073708 end_tick=1990081273077125 ms_per_tick=9.9999999999999995e-07 device_ms=0.0034169999999999999
PRODUCER_KERNEL_V1 stage=2 raw_iteration=2147483650 ordinal=30 kernel=issue_resident_projection_consumer threads=1 begin_tick=1990081273077541 end_tick=1990081273080333 ms_per_tick=9.9999999999999995e-07 device_ms=0.0027919999999999998
PRODUCER_KERNEL_V1 stage=2 raw_iteration=2147483650 ordinal=31 kernel=consume_resident_target threads=1 begin_tick=1990081273080916 end_tick=1990081273084125 ms_per_tick=9.9999999999999995e-07 device_ms=0.003209
PRODUCER_KERNEL_V1 stage=2 raw_iteration=2147483650 ordinal=32 kernel=owner_issue_stage_seal threads=1 begin_tick=1990081273084541 end_tick=1990081273087666 ms_per_tick=9.9999999999999995e-07 device_ms=0.0031249999999999997
PRODUCER_KERNEL_V1 stage=2 raw_iteration=2147483650 ordinal=33 kernel=fct_compatible_stage_rate threads=1533387 begin_tick=1990081273088166 end_tick=1990081273641000 ms_per_tick=9.9999999999999995e-07 device_ms=0.55283399999999994
PRODUCER_KERNEL_V1 stage=2 raw_iteration=2147483650 ordinal=34 kernel=owner_heun_momentum threads=1533387 begin_tick=1990081273641416 end_tick=1990081273733625 ms_per_tick=9.9999999999999995e-07 device_ms=0.092208999999999999
RISE_FIRE_OWNER_PROFILE_V1 {"scope":99,"parent":94,"phase":"BuildStageProducerGroup","stage":2,"raw_iteration":2147483650,"iteration_kind":"terminal","wall_ms":837.259792000,"device_sum_ms":754.039624939,"wall_minus_device_ms":83.220167061,"exclusive_wall_ms":837.259792000,"exclusive_device_sum_ms":754.039624939,"child_observer_wall_ms":0.000000000,"count_scope":"inclusive","owner_commits":1,"projection_invocations":0}
RISE_FIRE_OWNER_PROFILE_V1 {"scope":100,"parent":94,"phase":"Residual","stage":2,"raw_iteration":2147483650,"iteration_kind":"terminal","wall_ms":0.334459000,"device_sum_ms":0.118999975,"wall_minus_device_ms":0.215459025,"exclusive_wall_ms":0.334459000,"exclusive_device_sum_ms":0.118999975,"child_observer_wall_ms":0.000000000,"count_scope":"inclusive","owner_commits":1,"projection_invocations":0}
RISE_FIRE_OWNER_PROFILE_V1 {"scope":94,"parent":87,"phase":"TerminalVerification","stage":2,"raw_iteration":2147483650,"iteration_kind":"terminal","wall_ms":851.586209000,"device_sum_ms":764.512750087,"wall_minus_device_ms":87.073458913,"exclusive_wall_ms":0.003833000,"exclusive_device_sum_ms":0.000000000,"child_observer_wall_ms":0.032625000,"count_scope":"inclusive","owner_commits":6,"projection_invocations":1}
RISE_FIRE_OWNER_PROFILE_V1 {"scope":87,"parent":69,"phase":"PicardIteration","stage":2,"raw_iteration":2,"iteration_kind":"picard","wall_ms":1688.376666000,"device_sum_ms":1514.293916756,"wall_minus_device_ms":174.082749244,"exclusive_wall_ms":0.677498000,"exclusive_device_sum_ms":0.000000000,"child_observer_wall_ms":0.030750000,"count_scope":"inclusive","owner_commits":12,"projection_invocations":2}
RISE_FIRE_OWNER_PROFILE_V1 {"scope":69,"parent":1,"phase":"SolveStage","stage":2,"raw_iteration":4294967295,"iteration_kind":"bootstrap","wall_ms":4244.379291000,"device_sum_ms":3805.975249736,"wall_minus_device_ms":438.404041264,"exclusive_wall_ms":3.131833000,"exclusive_device_sum_ms":0.000000000,"child_observer_wall_ms":0.028542000,"count_scope":"inclusive","owner_commits":27,"projection_invocations":5}
RISE_FIRE_OWNER_PROFILE_V1 {"scope":101,"parent":1,"phase":"TerminalPublication","stage":4294967295,"raw_iteration":4294967295,"iteration_kind":"owner","wall_ms":12.313958000,"device_sum_ms":5.685416749,"wall_minus_device_ms":6.628541251,"exclusive_wall_ms":12.313958000,"exclusive_device_sum_ms":5.685416749,"child_observer_wall_ms":0.000000000,"count_scope":"inclusive","owner_commits":1,"projection_invocations":0}
RISE_FIRE_OWNER_PROFILE_V1 {"scope":1,"parent":0,"phase":"OwnerRun","stage":4294967295,"raw_iteration":4294967295,"iteration_kind":"owner","wall_ms":12892.756500000,"device_sum_ms":11472.017083550,"wall_minus_device_ms":1420.739416450,"exclusive_wall_ms":6.743459000,"exclusive_device_sum_ms":0.096333446,"child_observer_wall_ms":0.080459000,"count_scope":"inclusive","owner_commits":86,"projection_invocations":15}
capstone accepted step=3 time=0.00493879791 dt=0.00164626597 Tmax=307.866404 qmax=0 eos_max=7.67236907e-05 approach_eos_max=7.67236907e-05 limiter_class=continuous limiter_discrepancy=0 active_set_class=continuous active_set_discrepancy=0 active_set_cycle=0 active_set_faces=0
capstone pilot diagnostic Tmax=307.866045 CH4max=8.07286779e-06 O2max=0.265995681 eos_max=7.67236907e-05 approach_eos_max=7.67236907e-05
OWNER_COST_PREFIX complete=1 steps=3 time=0.004938797908835113 wall_s=40.303475708999997 outcome_sha256=c5f33fc6cf15001c55aef0875c5aeddd32de5ad880a2ae2b2f34e97fbdf2e6f0 full_verdict=unavailable error=
