beginning_time_s,candidate,dt_s,x,y,z_face,beginning_momentum,stress_rate,buoyancy_rate,advection_rate,source_rate,pressure_gradient_rate,restoration_rate,total_rate,closure_residual
2.1426204254821641,0,4.7868743422441185e-05,38,42,0,0.0091868136078119278,1.215984727231826e-06,4.440385892753187,40.912029888904598,0,34873.684292061291,8940.9363945748846,43859.973259279861,0.00015564604109385982
2.1426204254821641,0,4.7868743422441185e-05,38,42,1,34.455234527587891,-1429.9441583333714,8.8982570378916037,15068.888042158191,0,-31398.882600018544,4603.9751489201299,-13147.065310235703,0
2.1426204254821641,0,4.7868743422441185e-05,38,42,2,35.641040802001953,-897.8095822636468,8.9386769782171545,-51127.3699521054,0,-11933.295114933357,9527.4306151514738,-54422.105357172717,-7.2759576141834259e-12
2.1426204254821641,0,4.7868743422441185e-05,38,42,3,45.483486175537109,-756.22053950202383,8.8804507655383844,-109054.91312366717,0,-112799.18419098256,27874.478381159533,-194726.95902222669,0
2.1426204254821641,0,4.7868743422441185e-05,38,42,4,47.061168670654297,-1207.7410171408246,9.0323783293281839,-10234.287790145356,0,41553.878068955455,-26321.145793224838,3799.7358467737645,-4.5474735088646412e-13
2.1426204254821641,0,4.7868743422441185e-05,38,42,5,39.467304229736328,-1076.8705228582328,9.3328998347780754,66587.85846302571,0,64225.664507989779,-18885.518333249733,110860.46701474229,-2.9103830456733704e-11
2.1426204254821641,0,4.7868743422441185e-05,38,42,6,40.077129364013672,-885.24369458719593,9.2826948653524912,-36219.377584841532,0,15035.577298173135,14079.686451042175,-7980.0748353480676,-2.7284841053187847e-12
2.1426204254821641,0,4.7868743422441185e-05,38,42,7,45.2806396484375,-643.86997536110948,9.2126425932090292,-70861.595039998298,0,-17674.537315075322,16376.613661284415,-72794.176026557107,0
2.1426204254821641,0,4.7868743422441185e-05,38,42,8,43.012374877929688,-972.36845492420616,9.3851288107821365,-14801.366110201656,0,5711.9956856861882,19243.808058026792,9191.4543073978984,-1.8189894035458565e-12
2.1426204254821641,0,4.7868743422441185e-05,38,42,9,51.011650085449219,-1745.1719873598388,9.3475244830924922,-150776.69965572431,0,-61839.483629653609,24516.787263775968,-189835.22048447872,-2.9103830456733704e-11
2.1426204254821641,0,4.7868743422441185e-05,38,42,10,57.098869323730469,-2606.3452861592059,9.3026169511310943,-83925.30379949628,0,42226.627592213445,-22096.259661378652,-66391.978537869567,0
2.1426204254821641,0,4.7868743422441185e-05,38,42,11,42.726772308349609,-4347.2097734772451,9.5611948873922152,149159.45506617238,0,70326.152722209808,-9709.6834177682722,205438.27579202404,-2.9103830456733704e-11
2.1426204254821641,0,4.7868743422441185e-05,38,42,12,34.705635070800781,-4665.6883662181199,9.276687292807603,28415.25998087864,0,28344.335191054,-5503.2058549664616,46599.977638040866,7.2759576141834259e-12
2.1426204254821641,0,4.7868743422441185e-05,38,42,13,33.33612060546875,-1902.4391145807208,5.718976809651271,-25768.091814142816,0,-60677.871046643653,-6101.8429573964549,-94444.525955953999,0
2.1426204254821641,0,4.7868743422441185e-05,38,42,14,25.258697509765625,1194.628734631093,2.1274801908488028,10478.938469652821,0,-39094.262141379506,-4775.7486146134006,-32194.31607151814,0
2.1426204254821641,0,4.7868743422441185e-05,38,42,15,9.3412179946899414,174.61134224954134,1.9037245612195111,10781.743492277737,0,149291.10422661091,-2531.5766974766798,157717.78608822273,-2.9103830456733704e-11
2.1426204254821641,0,4.7868743422441185e-05,38,42,16,0.43629691004753113,30.763264341399871,2.0948609445465367,1789.5534776403208,0,52366.053475968343,-1251.9819219550602,52936.485647276269,0.0024903367229853757
2.1426204254821641,0,4.7868743422441185e-05,38,42,17,8.406773567199707,-29.330016734989808,2.0757716563079969,-4604.1544531640684,0,-134530.28079823317,-601.16479420218479,-139762.85429067811,0
2.1426204254821641,0,4.7868743422441185e-05,38,42,18,10.46025276184082,-31.953396169344114,2.4678093883140826,1991.1736289392206,0,3419.5510815424159,-240.30753226539474,5140.9315914352119,0
2.1426204254821641,0,4.7868743422441185e-05,38,42,19,-0.34282079339027405,20.875739432712724,3.1018451048254834,2252.3713507918342,0,160176.95375518882,-39.287552116345417,162414.01638357021,0.001245168357854709
2.1426204254821641,0,4.7868743422441185e-05,38,42,20,-1.5286900997161865,35.783780283719636,3.4041583637709509,652.40596258110997,0,-49540.766465573193,17.093671255489031,-48832.076402752384,0.0024903367157094181
2.1426204254821641,0,4.7868743422441185e-05,38,42,21,8.77923583984375,-49.636658291571855,3.8343853121204798,-5258.2563350524315,0,-161397.51758906708,-61.654511379337073,-166763.22821814159,0.0024903367157094181
2.1426204254821641,0,4.7868743422441185e-05,38,42,22,8.4188070297241211,-49.507202125541305,5.1194404038285279,2872.1352247975765,0,9485.3339632134212,-168.06784465187118,12145.013581637415,0
2.1426204254821641,0,4.7868743422441185e-05,38,42,23,-0.2927686870098114,33.750164993927676,6.5634058516225036,1126.3628005952246,0,135546.54736883705,-154.17176574662221,136559.05290840747,0.00093387626111507416
2.1426204254821641,0,4.7868743422441185e-05,38,42,24,-4.0470643043518066,26.052135953172428,7.2486466849976363,329.57116170620895,0,57600.263119639218,-112.48352903087537,57850.654025289441,0.0024903367229853757
2.1426204254821641,0,4.7868743422441185e-05,38,42,25,-0.12154415249824524,5.7333163095471518,7.4446117436764991,-388.15353144764504,0,-82199.33608936271,-77.419587993974801,-82651.730035582746,0.0012451683724066243
2.1426204254821641,0,4.7868743422441185e-05,38,42,26,6.2796964645385742,-39.79330509208804,7.6081933050920885,-2307.9942666320112,0,-102561.7486152214,-52.96448139011374,-104954.89496536723,-0.0024903367157094181
2.1426204254821641,0,4.7868743422441185e-05,38,42,27,5.3141484260559082,-42.097585206329811,7.8703973078098137,2956.3484513674507,0,23827.631402197589,-34.346724061145792,26715.405941605375,0
2.1426204254821641,0,4.7868743422441185e-05,38,42,28,-0.55380678176879883,25.390851842900855,8.1514934572421769,414.63857377151345,0,89059.999587781174,16.037768485627822,89524.218275338455,0
2.1426204254821641,0,4.7868743422441185e-05,38,42,29,-1.8470935821533203,28.872754798199736,8.3204241354728588,477.91304918810221,0,18149.704768028114,88.932414656871913,18753.743410806761,0
2.1426204254821641,0,4.7868743422441185e-05,38,42,30,0.8978416919708252,-6.7395114477362164,8.3407979595776283,-540.89491003992987,0,-52111.34681677998,171.29532104276771,-52479.346364433666,-0.0012451683651306666
2.1426204254821641,0,4.7868743422441185e-05,38,42,31,4.8420486450195312,-48.231028586280956,8.2661048817226863,-1953.8385008124299,0,-69687.829613788053,239.19684208766338,-71442.433705880656,0.0024903367157094181
2.1426204254821641,0,4.7868743422441185e-05,38,42,32,4.5521416664123535,-50.056690423968277,8.3186469737940083,2856.3863353716279,0,33498.375914990509,138.41291497378793,36451.437121885749,0
2.1426204254821641,0,4.7868743422441185e-05,38,42,33,0.027508791536092758,4.4383266226176197,8.4364418462904105,1258.6960254019209,0,51908.30468321318,130.17986177293614,53310.054288246138,-0.0010506108083063737
2.1426204254821641,0,4.7868743422441185e-05,38,42,34,1.0656870603561401,17.158265580184313,8.4075312014081103,-262.17517901575155,0,12812.162337609039,175.29480181728917,12750.84775719217,1.8189894035458565e-12
2.1426204254821641,0,4.7868743422441185e-05,38,42,35,-0.73894160985946655,5.6022276840202885,8.1182824823720221,371.77738846000096,0,18665.688839844173,231.77377090543743,19282.961131960183,0.00062258417892735451
2.1426204254821641,0,4.7868743422441185e-05,38,42,36,2.49922776222229,1.397665005327533,7.527701804065341,-1185.9730568184063,0,-35192.696426068891,257.27295117973318,-36112.46991972981,0.0012451683651306666
2.1426204254821641,0,4.7868743422441185e-05,38,42,37,1.2600674629211426,-0.42555756699695851,6.1657837097566057,492.75545604747202,0,-27669.366777777272,224.13769811051174,-26946.733786591642,-0.00038911511364858598
2.1426204254821641,0,4.7868743422441185e-05,38,42,38,3.571873664855957,-15.567527431855456,4.8192341424191714,-1331.1945523884219,0,-37689.913947800815,174.1666792825082,-38857.690114196164,0
2.1426204254821641,0,4.7868743422441185e-05,38,42,39,3.2072334289550781,-11.048944297259627,4.5292427607109254,964.63192902297146,0,55273.860283962837,108.60856509242244,56340.581076541675,-7.2759576141834259e-12
2.1426204254821641,0,4.7868743422441185e-05,38,42,40,-2.5066051483154297,32.203530611655516,4.3346897642965603,306.70488993058245,0,63100.002425889528,-24.983057988791661,63418.263723375632,0.0012451683651306666
2.1426204254821641,0,4.7868743422441185e-05,38,42,41,1.347987174987793,7.9947870734743569,3.3561677025336563,-1076.9486054935151,0,-117158.94695965819,-318.64356417283398,-118543.1856842118,0.0024903367302613333
2.1426204254821641,0,4.7868743422441185e-05,38,42,42,7.8752298355102539,-28.05598682480548,1.9971033723816429,-529.1367852099778,0,-63390.744257436127,-534.01784518386444,-64479.957771282396,0
2.1426204254821641,0,4.7868743422441185e-05,38,42,43,3.4552500247955322,-7.7362577766023257,1.2364789338245912,2365.4961415284624,0,120920.51092516677,-623.36116539976263,122656.15110312615,0.0049806734459707513
2.1426204254821641,0,4.7868743422441185e-05,38,42,44,-2.5471427440643311,34.210866191520637,0.95766898767751474,-29.689794392182435,0,71206.905129783569,-554.39004473303817,70657.995071005906,0.001245168357854709
2.1426204254821641,0,4.7868743422441185e-05,38,42,45,2.1408250331878662,6.5971703275406863,0.64472885820554093,-1342.9041156523074,0,-117122.21947369141,-427.97432691445397,-118885.85601707242,0
2.1426204254821641,0,4.7868743422441185e-05,38,42,46,7.8155479431152344,-38.738119487219244,0.58616091581889729,-337.03221052343582,0,-63500.647797623664,-308.28376341193155,-64184.115730130427,7.2759576141834259e-12
2.1426204254821641,0,4.7868743422441185e-05,38,42,47,2.1532688140869141,0.40571908016835306,0.89423668838719383,1654.6245437397306,0,127413.58578149059,-204.66583310913614,128864.84444788973,-1.4551915228366852e-11
2.1426204254821641,0,4.7868743422441185e-05,38,42,48,-4.1410322189331055,35.693465450073944,1.0439818635877933,-193.63862210690633,0,112745.1538454757,-112.04024909447138,112476.2149119247,0.0024903367157094181
2.1426204254821641,0,4.7868743422441185e-05,38,42,49,-0.34692320227622986,11.776200594920528,0.81245153160876304,-424.67089525355561,0,-97203.101826257058,-36.209495928731137,-97651.395433065365,-0.0018677525513339788
2.1426204254821641,0,4.7868743422441185e-05,38,42,50,9.4365787506103516,-47.640361877054822,0.62280457757450569,-2618.0810338302149,0,-161155.38713032164,19.417155416527969,-163801.07105637153,-0.0024903367157094181
2.1426204254821641,0,4.7868743422441185e-05,38,42,51,7.3721499443054199,-16.457663895741469,0.8183492855329737,3356.6053305730479,0,71666.013646388601,61.600969139827605,75068.580631491262,0
2.1426204254821641,0,4.7868743422441185e-05,38,42,52,-3.7673859596252441,31.55750482973934,1.0858289139888404,-510.0159798632929,0,169283.82626618209,118.17145810248623,168924.63005883846,0.0049806734314188361
2.1426204254821641,0,4.7868743422441185e-05,38,42,53,-1.6610207557678223,26.16530050782562,0.99182143872272965,416.21744725286248,0,-61838.831161432616,191.61646868915327,-61203.840123544047,7.2759576141834259e-12
2.1426204254821641,0,4.7868743422441185e-05,38,42,54,8.5587120056152344,-49.506570269477415,0.87527477454883162,-3126.1097249898539,0,-158355.4218637094,256.44242388315604,-161273.72046031101,0
2.1426204254821641,0,4.7868743422441185e-05,38,42,55,6.658747673034668,-54.364186209821206,1.1506711475703866,1509.1440531506923,0,32642.716140221281,297.62512224446459,34396.271800554183,0
2.1426204254821641,0,4.7868743422441185e-05,38,42,56,-2.0698392391204834,53.293969627741475,1.6528197925834052,115.37231962766548,0,148197.02957548454,341.70408221272743,148709.0577474187,0.0049806734314188361
2.1426204254821641,0,4.7868743422441185e-05,38,42,57,-4.5650467872619629,86.491770367364182,2.0247580570388037,473.73177383292068,0,17610.610371437735,411.69748610357453,18584.556159798634,0
2.1426204254821641,0,4.7868743422441185e-05,38,42,58,2.4835085868835449,7.4997501151385535,2.1876597309937789,121.23955294321503,0,-113348.67200787958,495.03411414752628,-112722.7109309427,0
2.1426204254821641,0,4.7868743422441185e-05,38,42,59,6.0678935050964355,-42.087854896542503,2.4715783329761378,-2345.1500905148632,0,-68368.07068762416,577.2202066262048,-70175.616848076388,-1.4551915228366852e-11
2.1426204254821641,0,4.7868743422441185e-05,38,42,60,3.5851759910583496,-5.5318288562295654,3.2108350319119991,1142.8653281714783,0,42006.123217556385,669.02397952281717,43815.691531426368,0
2.1426204254821641,0,4.7868743422441185e-05,38,42,61,-1.6301252841949463,34.49752775105145,4.1126527770811201,-494.4912207422675,0,94914.522224704851,780.06809392874027,95238.704297746022,-0.0049806734314188361
2.1426204254821641,0,4.7868743422441185e-05,38,42,62,-2.7093770503997803,55.168958645879407,4.6290067076757513,797.57516107997685,0,15267.589518819643,929.31895431393377,17054.281599567108,0
2.1426204254821641,0,4.7868743422441185e-05,38,42,63,2.2912578582763672,-6.130148973328895,4.7754057969031907,-1438.0897658165413,0,-98022.801138769704,1081.0900354611547,-98381.150631628072,0.0049806734459707513
2.1426204254821641,0,4.7868743422441185e-05,38,42,64,7.6981978416442871,-52.206034932201248,4.9494053074693385,-2886.8580954943204,0,-66056.261225135007,1275.0424399949536,-67715.333510259108,0
2.1426204254821641,0,4.7868743422441185e-05,38,42,65,4.701777458190918,-33.955650605028403,5.3964690843483005,4354.323873276152,0,105081.74026627025,1605.031978270353,111012.53693629608,0
2.1426204254821641,0,4.7868743422441185e-05,38,42,66,-3.318856954574585,55.639656909909213,5.8168727000788873,-1387.1773218848371,0,175512.11856094288,2246.6224084705495,176433.03013848545,0.0099613468628376722
2.1426204254821641,0,4.7868743422441185e-05,38,42,67,-4.4060282707214355,77.839833531690843,5.7557895312834875,2422.0616498176782,0,-16933.522681611117,3998.1758380794736,-10429.689570650993,-3.637978807091713e-12
2.1426204254821641,0,4.7868743422441185e-05,38,42,68,10.699881553649902,-111.5861687817201,5.4779017575539255,-11246.739164892089,0,-245137.09207588353,11277.599417543315,-245212.34258059319,-0.0024903367157094181
2.1426204254821641,0,4.7868743422441185e-05,38,42,69,16.81077766418457,-175.78708958615479,5.6472847821031369,1742.8770964716682,0,-63838.148191450717,-8784.2344467193489,-71049.645346502453,0
2.1426204254821641,0,4.7868743422441185e-05,38,42,70,5.6708455085754395,14.192893481257876,6.1083314713567196,13657.92302391082,0,195401.0632886611,-1598.3578758570793,207480.91970032058,-0.0099613468919415027
2.1426204254821641,0,4.7868743422441185e-05,38,42,71,-4.4562573432922363,54.400238333006534,6.2444415058146872,930.3897991041232,0,128942.04488625223,1364.3459148233098,131297.42029934505,-0.0049806734605226666
2.1426204254821641,0,4.7868743422441185e-05,38,42,72,1.6153644323348999,3.238016546512176,6.0160747101016412,-3948.2620191730393,0,-127722.37757359368,1675.1598603441541,-129986.23062183939,-0.0049806734314188361
2.1426204254821641,0,4.7868743422441185e-05,38,42,73,12.035270690917969,-107.51203201687787,5.9859845600339261,-8397.8736464190006,0,-143609.17188582511,-2517.8499614684838,-154626.42154116943,0
2.1426204254821641,0,4.7868743422441185e-05,38,42,74,4.8978862762451172,-15.332706493206445,6.2479581336458416,6839.0025496159769,0,87186.867919434939,-2240.8049818894274,91775.980738801925,-1.4551915228366852e-11
2.1426204254821641,0,4.7868743422441185e-05,38,42,75,-3.5420906543731689,31.195781140988871,6.3933613313816782,-1280.949518698045,0,135076.0629940888,-747.49947028665315,133085.20314757645,-2.9103830456733704e-11
2.1426204254821641,0,4.7868743422441185e-05,38,42,76,-4.3107304573059082,86.468815615675865,6.2414398475155153,2200.3419908405949,0,-11342.567321930437,-178.64679504425425,-9228.161870670905,0
2.1426204254821641,0,4.7868743422441185e-05,38,42,77,5.2742195129394531,-47.615307423738756,5.7178824233967624,-5632.1554903990409,0,-188728.17615970742,-73.036595364362228,-194475.26567047118,-2.9103830456733704e-11
2.1426204254821641,0,4.7868743422441185e-05,38,42,78,11.648726463317871,-67.254504083428714,5.2949264557237159,3056.4002194852433,0,5670.1181833796163,-1579.8496933438516,7084.7091318933035,9.0949470177292824e-13
2.1426204254821641,0,4.7868743422441185e-05,38,42,79,-1.6543482542037964,23.856415915416104,5.0912581337978393,2111.940017905375,0,266096.56283069082,-1270.390490999433,266967.06252198271,0.0024903367157094181
2.1426204254821641,0,4.7868743422441185e-05,38,42,80,-6.0806121826171875,66.144583320033504,3.8438398973708892,2133.6906188298276,0,60746.161060217084,-945.21726394316488,62004.622838321149,0
2.1426204254821641,0,4.7868743422441185e-05,38,42,81,7.0746011734008789,-12.799617876799468,1.9517111185083516,-6442.0229535357039,0,-191527.85254726,-934.95707665111729,-198915.67052285824,0.0099613468919415027
2.1426204254821641,0,4.7868743422441185e-05,38,42,82,12.576342582702637,-91.819045208792176,1.0910977758119358,-2303.1829360863226,0,-85615.943592900469,-1170.6774086757471,-89180.531885095523,0
2.1426204254821641,0,4.7868743422441185e-05,38,42,83,3.2923791408538818,-1.1675587434621821,1.1177520090347666,3214.1879541512958,0,123544.4890763532,-1146.3916449689391,125612.23059812769,-0.0049806734459707513
2.1426204254821641,0,4.7868743422441185e-05,38,42,84,-4.9045567512512207,26.07363167518616,1.2802268723504833,-542.66429428046388,0,90794.827915969378,-987.1296309638351,89292.387849272607,0
2.1426204254821641,0,4.7868743422441185e-05,38,42,85,0.62504738569259644,0.78343418406664811,1.3084486618848068,914.6857357391591,0,-107239.0293158718,-915.61712167295184,-107237.86757379127,0.0012451683724066243
2.1426204254821641,0,4.7868743422441185e-05,38,42,86,6.2718329429626465,-9.2804237858772503,1.2416168492923729,-2131.309856924197,0,-81470.28005283454,-976.43612508226897,-84586.064841777581,1.4551915228366852e-11
2.1426204254821641,0,4.7868743422441185e-05,38,42,87,4.0362639427185059,-20.060852435693409,1.2139841283593478,-1010.9621533873535,0,16675.11040138136,-1121.4085869801474,14523.892792706523,-1.8189894035458565e-12
2.1426204254821641,0,4.7868743422441185e-05,38,42,88,3.0825099945068359,-5.4836196217375512,1.3745640314757646,-50.424337934315545,0,23978.869551286436,-1106.7056389771744,22817.630518784685,0
2.1426204254821641,0,4.7868743422441185e-05,38,42,89,1.2634859085083008,8.9474326762455867,1.7933896030265859,1589.1934367224349,0,51806.684002960923,-1036.5080274751749,52370.107744150737,-0.0024903367157094181
2.1426204254821641,0,4.7868743422441185e-05,38,42,90,-2.0816497802734375,50.167661950165908,2.1443512189486902,226.77504252146593,0,34698.334702836131,-978.033053504848,33999.389950190227,0.0012451683651306666
2.1426204254821641,0,4.7868743422441185e-05,38,42,91,0.97834235429763794,14.005377692456182,2.1344945987478399,-1244.9903016098117,0,-94517.741855562301,-924.67198599185599,-96671.266761209481,-0.0024903367157094181
2.1426204254821641,0,4.7868743422441185e-05,38,42,92,8.8227033615112305,-56.833250950368061,2.2052246303786425,-1697.1545142673008,0,-87618.722190961285,-866.68698577145869,-90237.191717320035,0
2.1426204254821641,0,4.7868743422441185e-05,38,42,93,3.6739280223846436,-4.7602524992286099,2.7181763877045704,2523.5677745807511,0,121242.70072883085,-801.50989309974261,122962.71155352688,-0.0049806734459707513
2.1426204254821641,0,4.7868743422441185e-05,38,42,94,-3.6393721103668213,44.870074767860913,3.0689071185265915,433.83657955656076,0,94470.216269571654,-741.12669861666541,94210.867622734659,0.0024903367157094181
2.1426204254821641,0,4.7868743422441185e-05,38,42,95,4.5473437309265137,-17.452923911275676,3.0388549679816022,-2608.9066333486853,0,-123695.36363628073,-745.31046430856827,-127063.98982220783,0.0049806734459707513
2.1426204254821641,0,4.7868743422441185e-05,38,42,96,8.2917022705078125,-55.453884843206367,3.3759633259006265,1208.8492899409184,0,-7773.6856892277438,-774.84336748730436,-7391.7576882914354,0
2.1426204254821641,0,4.7868743422441185e-05,38,42,97,-0.85266298055648804,28.914151174261253,4.020551965867309,1096.5649878477527,0,118685.11495463617,-746.48341290433393,119068.12749721463,-0.0037355050881160423
2.1426204254821641,0,4.7868743422441185e-05,38,42,98,-1.4646300077438354,29.798145927287152,4.2721507577864823,631.30533954093539,0,-51371.482718881052,-709.0237679414746,-51415.130850596513,0
2.1426204254821641,0,4.7868743422441185e-05,38,42,99,6.8209505081176758,-18.301515876960586,4.4253596654826017,-3502.4792943640628,0,-116849.22876229475,-699.51068166583832,-121065.09987520956,-0.0049806734314188361
2.1426204254821641,0,4.7868743422441185e-05,38,42,100,4.7673048973083496,-11.03819712024417,4.7326645417333557,2131.0110165176325,0,36748.285259073149,-671.78327261009599,38201.207470402172,0
2.1426204254821641,0,4.7868743422441185e-05,38,42,101,0.19435231387615204,4.2513796106720898,4.3290755628109308,695.1195954418813,0,34910.030756509695,-676.15879422954447,34937.57294677179,0.00093387627566698939
2.1426204254821641,0,4.7868743422441185e-05,38,42,102,1.7421618700027466,2.8418245546835932,1.8923055526422587,-147.35571414023039,0,520.60240126584006,-848.32822346151329,-470.34740622857777,0
2.1426204254821641,0,4.7868743422441185e-05,38,42,103,1.3480182886123657,-0.46986232388468074,-0.00081131645439658283,42.355646957074221,0,14754.75696812448,-915.457740122784,13881.184201318432,0
2.1426204254821641,0,4.7868743422441185e-05,38,42,104,1.1030635833740234,0.17070393746245172,0.0011292963121320697,14.003163384267893,0,12605.738326774615,-829.54112323549214,11790.372200157166,0
2.1426204254821641,0,4.7868743422441185e-05,38,42,105,0.96424305438995361,0.036933026005958991,0.00042202481460270361,5.5808445925919168,0,9643.1914273076727,-751.17520728739646,8897.6344196636892,1.8189894035458565e-12
2.1426204254821641,0,4.7868743422441185e-05,38,42,106,0.84756112098693848,0.014507136052089935,0.00043488427613474177,3.7292792402527426,0,7284.2510971982192,-682.00610485132302,6605.9892136074768,-9.0949470177292824e-13
2.1426204254821641,0,4.7868743422441185e-05,38,42,107,0.75340104103088379,0.0094960674442366496,0.00046527944124646794,2.3421616864492183,0,5227.4620763243211,-621.13355920249637,4608.6806401551594,0
2.1426204254821641,0,4.7868743422441185e-05,38,42,108,0.67957526445388794,0.0057839432384385499,0.00044189856498839876,1.3945885639676365,0,3433.7410201807866,-567.49295139253047,2867.6488831940269,-4.5474735088646412e-13
2.1426204254821641,0,4.7868743422441185e-05,38,42,109,0.62160366773605347,0.0032819160974931903,0.00045358898456297888,0.80562392936344718,0,1860.675004065949,-520.14293414074723,1341.3414293596472,0
2.1426204254821641,0,4.7868743422441185e-05,38,42,110,0.57707899808883667,0.0020344096528928848,0.00045592706847789492,0.37355050820561692,0,410.84330060814438,-478.28037385450438,-67.061032401433039,-2.8421709430404007e-14
2.1426204254821641,0,4.7868743422441185e-05,38,42,111,0.54477989673614502,0.00081729833629539609,0.00042787002438999367,0.032374377377820132,0,-921.77821472162304,-441.20922142017895,-1362.9538165960635,0
2.1426204254821641,0,4.7868743422441185e-05,38,42,112,0.52202767133712769,0.00084769346429821343,0.00039747489638717638,-0.18802042246349385,0,-2155.0060334122204,-408.33117344046161,-2563.5239821067848,0
2.1426204254821641,0,4.7868743422441185e-05,38,42,113,0.50701779127120972,0.00088276479723977167,0.00036240356344561814,-0.3523826460739653,0,-3292.3509076565997,-379.12450437222509,-3671.8265495065384,-4.5474735088646412e-13
2.1426204254821641,0,4.7868743422441185e-05,38,42,114,0.49902892112731934,0.00091082184132767292,0.00033434651935771684,-0.49619959173312783,0,-4364.2379037639284,-353.13846326890132,-4717.8713214562022,0
2.1426204254821641,0,4.7868743422441185e-05,38,42,115,0.4972091019153595,-0.00029927520497061307,0.00029927520497061307,-0.63130035886749258,0,-5378.6865285612012,-329.98424630986636,-5709.3020752299353,0
2.1426204254821641,0,4.7868743422441185e-05,38,42,116,0.5011933445930481,-0.00025602059688130315,0.00025602059688130315,-0.76079786837877317,0,-6353.2449397555565,-309.32845966654656,-6663.3338859983915,0.00031129209037317196
2.1426204254821641,0,4.7868743422441185e-05,38,42,117,0.50959515571594238,-0.00020808980240770675,0.00020808980240770675,-0.86414684231566052,0,-7268.1996318606234,-290.88627107643526,-7559.9500497793751,-9.0949470177292824e-13
2.1426204254821641,0,4.7868743422441185e-05,38,42,118,0.52202963829040527,-0.00016366613380648439,0.00016366613380648439,-0.9650054795311771,0,-8126.944311243451,-274.42109855100222,-8402.3304152739838,0
2.1426204254821641,0,4.7868743422441185e-05,38,42,119,0.53711682558059692,-0.00011573533933288798,0.00011573533933288798,-1.0322445710081882,0,-8929.4080033074788,-259.73309256835734,-9190.1734960928898,-0.00015564604473183863
2.1426204254821641,0,4.7868743422441185e-05,38,42,120,0.55409002304077148,-6.8973586816749576e-05,6.8973586816749576e-05,-1.0770706319928622,0,-9660.0889845463535,-246.65259893935732,-9907.818498471659,0.00015564604473183863
2.1426204254821641,0,4.7868743422441185e-05,38,42,121,0.57215678691864014,-3.7409400621326634e-05,3.7409400621326634e-05,-1.0882771472390307,0,-10330.041237082061,-235.03626765647823,-10566.165626239734,0.00015564604473183863
2.1426204254821641,0,4.7868743422441185e-05,38,42,122,0.58993947505950928,-1.6366612916787079e-05,1.6366612916787079e-05,-1.0621286116646376,0,-10919.393119046425,-224.77148880610059,-11145.226269526054,0.00046693813419551589
2.1426204254821641,0,4.7868743422441185e-05,38,42,123,0.60720950365066528,5.8452190645173e-06,-5.8452190645173e-06,-1.0272638975654467,0,-11437.030774445473,-215.76067231795568,-11653.819177599129,-0.00046693813419551589
2.1426204254821641,0,4.7868743422441185e-05,38,42,124,0.62284255027770996,2.922609300327969e-05,-2.922609300327969e-05,-0.93761177559609854,0,-11862.517254975277,-207.9255282313654,-12071.380706274329,-0.00031129208946367726
2.1426204254821641,0,4.7868743422441185e-05,38,42,125,0.63633787631988525,4.9099841069668039e-05,-4.9099841069668039e-05,-0.80811426608481796,0,-12200.65143949792,-201.19352548931985,-12402.653001430303,7.7823022365919314e-05
2.1426204254821641,0,4.7868743422441185e-05,38,42,126,0.64655321836471558,6.5466451667148316e-05,-6.5466451667148316e-05,-0.63254552722817803,0,-12437.430164629131,-195.51182225951243,-12633.574065477738,0.00046693813419551589
2.1426204254821641,0,4.7868743422441185e-05,38,42,127,0.6529390811920166,7.7156889796182906e-05,-7.7156889796182906e-05,-0.39471837033726859,0,-12569.159015842761,-190.83777152558963,-12760.391661384732,-0.00015564604473183863
2.1426204254821641,0,4.7868743422441185e-05,38,42,128,0.65209215879440308,-0.0011551519908027143,-9.0016369882675527e-05,-0.012451683606853899,0,-12518.529225128932,-187.18849435251093,-12705.731494156433,-7.7823022365919314e-05
2.1426204254821641,0,4.7868743422441185e-05,38,42,129,0.64256978034973145,-0.0011539829395680291,-9.1185421117360765e-05,0.43829926296125721,0,-12262.405564346112,-184.56749277629072,-12446.535691735711,0.00031129209128266666
2.1426204254821641,0,4.7868743422441185e-05,38,42,130,0.62211823463439941,-0.0010557832667059202,-0.00018938509397946961,1.1194063562561654,0,-11769.550494829786,-182.97647890342498,-11951.409123837404,-0.00031129208764468785
2.1426204254821641,0,4.7868743422441185e-05,38,42,131,0.57451063394546509,0.0017700690159800343,-0.00052490065529464452,2.6322859144889139,0,-10479.714209541527,-182.79787506668916,-10659.878242233277,0.00031129209128266666
2.1426204254821641,0,4.7868743422441185e-05,38,42,132,0.45413771271705627,-0.00024381399238375566,-0.00037877018795893922,-0.019922693770966237,0,-7155.2815390718697,-184.94267756796975,-7340.2444506256998,0.00031129209037317196
2.1426682942255866,0,4.963448373018764e-05,38,42,0,0.0091868136078119278,-3.5181786858034088e-06,4.4953352248918765,42.985970309650298,0,72548.514064835486,10612.631226049358,83208.626367737772,-0.0002251634286949411
2.1426682942255866,0,4.963448373018764e-05,38,42,1,33.825901031494141,-1354.0827189774882,8.9527503471819347,30038.392301990491,0,-80147.442581234936,3561.381845010596,-47892.798402864151,7.2759576141834259e-12
2.1426682942255866,0,4.963448373018764e-05,38,42,2,33.035923004150391,-1068.0137317445922,9.0178548301258417,-19057.083869934988,0,46162.736229463822,5186.0747356436868,31232.731218258057,0
2.1426682942255866,0,4.963448373018764e-05,38,42,3,36.162151336669922,-593.03903485217745,9.0119161445042053,-73236.877716684437,0,-69008.887210782807,9800.7651293960462,-133029.02691677888,0
2.1426682942255866,0,4.963448373018764e-05,38,42,4,47.243057250976562,-910.66833653108904,8.9193980132405191,-90811.567183983076,0,-81533.075549149216,10474.982513112729,-162771.40915853743,-2.9103830456733704e-11
2.1426682942255866,0,4.963448373018764e-05,38,42,5,44.774055480957031,-1385.7976796585431,9.156838720019163,49332.653127884405,0,66293.956566178444,-14207.714333272523,100042.25451985181,0
2.1426682942255866,0,4.963448373018764e-05,38,42,6,39.695133209228516,-1111.9590654046276,9.3859577614796521,24264.985648836075,0,87378.649785468064,8878.457268091739,119419.51959475272,0
2.1426682942255866,0,4.963448373018764e-05,38,42,7,41.796073913574219,-988.26637274238294,9.2773691763423294,-62569.60202670547,0,18976.001015580914,12847.6743421354,-31724.915672555195,3.637978807091713e-12
2.1426682942255866,0,4.963448373018764e-05,38,42,8,43.452358245849609,-759.96928454098361,9.3188215303446942,-33598.121747599558,0,35768.375435988462,8586.2515692726083,10005.854794650873,-3.637978807091713e-12
2.1426682942255866,0,4.963448373018764e-05,38,42,9,41.924476623535156,-1388.8823759257482,9.4747266869905005,-24307.41004277299,0,-15826.527756267616,19645.26120109301,-21868.084247186354,-3.637978807091713e-12
2.1426682942255866,0,4.963448373018764e-05,38,42,10,53.920768737792969,-2169.03172818141,9.3072824906183733,-176609.67772794262,0,-56808.799722474338,27734.255834184722,-207843.94606192302,-2.9103830456733704e-11
2.1426682942255866,0,4.963448373018764e-05,38,42,11,52.560844421386719,-4073.305726869276,9.4023243287260101,43754.460171468701,0,26913.359182662593,-40465.339948779714,26138.576002811023,-1.4551915228366852e-11
2.1426682942255866,0,4.963448373018764e-05,38,42,12,36.936317443847656,-4927.2844276689211,9.5132413617902198,139096.59909129841,0,32522.063886166983,-27085.746710924377,139615.14508023389,0
2.1426682942255866,0,4.963448373018764e-05,38,42,13,28.815179824829102,-2115.7079117168764,6.3240059331151723,29393.034265960971,0,4682.4771971080863,1848.5353677006131,33814.662924985911,0
2.1426682942255866,0,4.963448373018764e-05,38,42,14,23.717596054077148,1317.6269939002843,2.4095605626242036,-2616.6320941599479,0,-100686.07544015897,-2541.2365679785785,-104523.90754783459,-1.4551915228366852e-11
2.1426682942255866,0,4.963448373018764e-05,38,42,15,16.890970230102539,212.30717775150708,1.7746144790790406,6921.5168140722453,0,14425.984765846519,-2434.4838810612264,19127.099491088124,0
2.1426682942255866,0,4.963448373018764e-05,38,42,16,2.9702999591827393,21.337648330627879,2.1850257079913158,6367.5979495761439,0,122827.2186884479,-1554.542771854248,127663.79654020842,1.4551915228366852e-11
2.1426682942255866,0,4.963448373018764e-05,38,42,17,1.7165013551712036,22.040873760199329,2.2431529096473812,-687.07151394485095,0,-45385.032529739787,-917.99312943679899,-46965.811945579931,0.0012008716585114598
2.1426682942255866,0,4.963448373018764e-05,38,42,18,10.706342697143555,-47.920685446753353,2.3259903324847437,-4504.0757035825982,0,-111753.09728768213,-539.3450860535512,-116842.11277243255,0
2.1426682942255866,0,4.963448373018764e-05,38,42,19,7.4317340850830078,-16.676929829119864,2.9677789803922372,4841.2228233339974,0,86505.174169268226,-297.83538515224512,91034.852456601249,0
2.1426682942255866,0,4.963448373018764e-05,38,42,20,-3.866220235824585,36.09349383948588,3.5688952838301651,219.16868457424505,0,102330.47223295797,-141.7028556543325,102447.59804925787,-0.0024017433170229197
2.1426682942255866,0,4.963448373018764e-05,38,42,21,0.7964896559715271,21.222448941149153,3.9598297289470539,-1537.2165955713606,0,-104728.16140641538,-81.313421712425097,-106321.5055424141,0.0036026149755343795
2.1426682942255866,0,4.963448373018764e-05,38,42,22,9.0001735687255859,-44.472686949602014,5.0072407782123296,-3505.2963350912742,0,-121159.66909008099,-117.39240980800786,-124821.82808463828,-0.0048034866194939241
2.1426682942255866,0,4.963448373018764e-05,38,42,23,6.2441415786743164,-27.010439242410062,6.4419094826862731,4065.5846228618725,0,38794.59122831565,-168.33338554408229,42671.273935873716,0
2.1426682942255866,0,4.963448373018764e-05,38,42,24,-1.277826189994812,31.305568404644493,7.2496170499148196,-619.6089459368078,0,108592.96989501828,-177.90193091572399,107834.01660536362,0.0024017433170229197
2.1426682942255866,0,4.963448373018764e-05,38,42,25,-4.0779786109924316,26.477136126322552,7.5315492307172471,702.41385024857766,0,35512.267939211444,-168.82334118058202,36079.867133636479,0
2.1426682942255866,0,4.963448373018764e-05,38,42,26,1.255637526512146,-8.5750726925347109,7.6552050024396374,-1510.1153239916405,0,-89396.594519718405,-165.82116203536313,-91073.455676922138,-0.0048034866340458393
2.1426682942255866,0,4.963448373018764e-05,38,42,27,6.5929813385009766,-44.408803861025199,7.7870217759868616,-1371.2129010439683,0,-74733.922753549457,-187.9940563302919,-76329.751493008749,1.4551915228366852e-11
2.1426682942255866,0,4.963448373018764e-05,38,42,28,3.731605052947998,-14.844366256180725,8.0666466179345164,3484.674966978595,0,43471.986336566712,-200.85299004509352,46749.030593861964,0
2.1426682942255866,0,4.963448373018764e-05,38,42,29,-0.9493754506111145,27.927184548921485,8.3415412686391086,-34.492636635249085,0,66209.347952636221,-161.67094958501249,66049.455493976842,0.0024017433170229197
2.1426682942255866,0,4.963448373018764e-05,38,42,30,-1.6142786741256714,38.924603598378503,8.4209623933817781,467.88361542407648,0,16792.333590771173,-103.18009373454154,17204.382678452468,0
2.1426682942255866,0,4.963448373018764e-05,38,42,31,1.4221891164779663,-27.257673385923752,8.279097701507899,-2549.6834992215663,0,-57432.489230305328,-44.088802055026804,-60045.240107266334,0
2.1426682942255866,0,4.963448373018764e-05,38,42,32,6.2970261573791504,-94.634241861444892,8.1906964256697172,721.81993624327265,0,-49055.170115593428,-40.541427177036141,-48460.335151962965,0
2.1426682942255866,0,4.963448373018764e-05,38,42,33,2.5793941020965576,-42.272481326716907,8.3694726755888169,4278.9891234772977,0,41948.406839544594,-87.413849735509928,46106.079104635253,0
2.1426682942255866,0,4.963448373018764e-05,38,42,34,1.6760541200637817,7.0851574417944825,8.4373096106453644,393.54005281519159,0,12539.482639803809,-69.242259805328914,12879.302899866112,0
2.1426682942255866,0,4.963448373018764e-05,38,42,35,0.18410950899124146,3.3167729242141069,8.152752282180213,72.486714807566983,0,43864.498443242577,-39.460642684757339,43908.991939046384,-0.0021015253951190971
2.1426682942255866,0,4.963448373018764e-05,38,42,36,0.77056920528411865,5.2468938330212289,7.5159701491333957,215.53724868018824,0,-15920.619653293752,-22.352180680757314,-15714.671214694436,0.00050661773093452211
2.1426682942255866,0,4.963448373018764e-05,38,42,37,-0.029838822782039642,21.239172603532118,6.1906124291535933,-373.3123454429288,0,5579.2839483170756,-42.631844515852073,5190.769393282023,-0.00015010895731393248
2.1426682942255866,0,4.963448373018764e-05,38,42,38,1.7118048667907715,-2.2756280443698036,4.9103404622139184,-1332.712955685681,0,-43055.788237306726,-99.326496583738546,-44485.193577594124,-0.0006004358219797723
2.1426682942255866,0,4.963448373018764e-05,38,42,39,5.9041862487792969,-38.329294635224606,4.4743208504200158,-1147.7739168535638,0,-38819.564555317236,-136.66399817699707,-40137.857444132605,0
2.1426682942255866,0,4.963448373018764e-05,38,42,40,0.5291474461555481,1.3879241301834591,4.3102118874420299,1510.0672891253171,0,77101.100179918198,-165.26876107264283,78451.594442245172,-0.0024017433315748349
2.1426682942255866,0,4.963448373018764e-05,38,42,41,-4.3265261650085449,45.486085420059176,3.4806573101193155,741.37973381020288,0,5366.8395445922915,-232.01801131578196,5925.1680098168908,0
2.1426682942255866,0,4.963448373018764e-05,38,42,42,4.7886552810668945,-8.6978015707641703,1.9921342320032149,-2867.3740963686314,0,-116641.79777289028,-307.2646294115487,-119823.14216600922,1.4551915228366852e-11
2.1426682942255866,0,4.963448373018764e-05,38,42,43,9.3266458511352539,-45.614176662264299,1.0762486071127457,926.16986455671713,0,-23440.05406854277,-361.95232472085632,-22920.37445676206,0
2.1426682942255866,0,4.963448373018764e-05,38,42,44,0.83516669273376465,16.168734854882093,0.94248540120760016,1859.3840422597759,0,100942.50477054036,-323.22661549084859,102495.77461843703,0.0012008716585114598
2.1426682942255866,0,4.963448373018764e-05,38,42,45,-3.5500915050506592,43.004583233987539,0.79841136641442545,292.19609184586596,0,7314.4083961920696,-234.18918727360429,7416.2182953647334,0
2.1426682942255866,0,4.963448373018764e-05,38,42,46,4.7431349754333496,-11.978269676165578,0.59400635749547603,-1682.1521977292648,0,-119547.17705549406,-125.03235529676094,-121365.74827358208,-0.0024017433315748349
2.1426682942255866,0,4.963448373018764e-05,38,42,47,8.3218669891357422,-46.010278798802908,0.72300682900471536,307.40393052388686,0,-17505.07733902262,-22.845382423457806,-17265.806062891988,0
2.1426682942255866,0,4.963448373018764e-05,38,42,48,1.2430628538131714,7.3635145666890196,1.0113643768136487,1395.0117755639476,0,126162.04888993033,74.281117282664326,127639.71906346377,0.0024017433170229197
2.1426682942255866,0,4.963448373018764e-05,38,42,49,-5.0213727951049805,53.092259178653336,1.0046072748752275,150.49323619153347,0,67590.657782581402,157.66964522026473,67952.915128703404,-0.0024017433170229197
2.1426682942255866,0,4.963448373018764e-05,38,42,50,1.5956273078918457,2.4650840188712171,0.71722587506082602,-1450.2902997290344,0,-129611.91298928429,222.12282885314045,-130836.89815026625,0
2.1426682942255866,0,4.963448373018764e-05,38,42,51,10.965588569641113,-64.295407464827562,0.63960261292199183,-2019.5202778657526,0,-96756.74651911034,250.43457906421284,-98589.488022763791,0
2.1426682942255866,0,4.963448373018764e-05,38,42,52,4.3188238143920898,-3.2268133883996706,0.9691746711950513,3654.8288739563377,0,117765.006659106,242.78742834551124,121660.36532269065,0
2.1426682942255866,0,4.963448373018764e-05,38,42,53,-4.5907716751098633,40.951885314997561,1.1650854774494641,-345.54361438474785,0,95297.620205721105,231.49953497740267,95225.69790059283,0.0048034866340458393
2.1426682942255866,0,4.963448373018764e-05,38,42,54,0.83874166011810303,10.920578801961941,1.0244915810350526,104.86731841415457,0,-111859.66744210746,252.75946659427038,-111490.09438584438,0.0012008716585114598
2.1426682942255866,0,4.963448373018764e-05,38,42,55,8.3052539825439453,-52.795954431670118,1.0527964279931803,-2938.4464845808857,0,-92293.951979646168,276.55593937093352,-95007.58568285979,1.4551915228366852e-11
2.1426682942255866,0,4.963448373018764e-05,38,42,56,5.0486764907836914,-14.199425026989195,1.4990063710551231,1968.4592149638695,0,67431.278096120019,292.12884303301303,69679.165735460963,-1.4551915228366852e-11
2.1426682942255866,0,4.963448373018764e-05,38,42,57,-3.6754274368286133,49.579514026648589,2.0339498379548884,-981.09293071101001,0,117048.78758827606,330.88817666944726,116450.19149461246,-0.0048034866485977545
2.1426682942255866,0,4.963448373018764e-05,38,42,58,-2.9123859405517578,63.821274470490287,2.351557376766813,1093.220719169962,0,-18435.829729826597,398.86711949046804,-16877.56905931891,0
2.1426682942255866,0,4.963448373018764e-05,38,42,59,2.7086749076843262,3.5118925800365495,2.5933389296806233,-176.20149664787201,0,-94909.556127666787,458.02445911117758,-94621.632737180393,-0.0048034866340458393
2.1426682942255866,0,4.963448373018764e-05,38,42,60,5.6825780868530273,-30.781772580092255,3.1521174708135926,-2208.0187002924413,0,-52211.853408341878,495.01851141022308,-53952.483252333375,0
2.1426682942255866,0,4.963448373018764e-05,38,42,61,2.9288318157196045,-10.655887455809294,3.9502201170483389,1480.2040127319956,0,46050.714117710784,538.20185623505188,48062.41431933907,0
2.1426682942255866,0,4.963448373018764e-05,38,42,62,-1.8930100202560425,42.189296043961988,4.5966637551294864,-1076.1034945555818,0,78852.528261859217,661.75954113568127,78484.972669981726,0.0024017433315748349
2.1426682942255866,0,4.963448373018764e-05,38,42,63,-2.4181241989135742,48.167279428337011,4.9256583190303491,1620.9653850063874,0,-14849.373684595133,848.17084862061381,-12327.144513220766,-1.8189894035458565e-12
2.1426682942255866,0,4.963448373018764e-05,38,42,64,4.4567499160766602,-17.997277662651079,5.0086498087759939,-4283.9991600348385,0,-119259.582703842,1110.6189477523346,-122445.95394572169,-0.0024017433024710044
2.1426682942255866,0,4.963448373018764e-05,38,42,65,10.01580810546875,-95.849997760825858,5.2178119816412645,-1066.3740323817565,0,-57680.478834673675,1494.0572681796937,-57343.427784654923,0
2.1426682942255866,0,4.963448373018764e-05,38,42,66,5.1267704963684082,-30.639866256437259,5.6521287949512375,7367.9624686561428,0,121881.93094709443,2063.5778572576692,131288.48353554675,0
2.1426682942255866,0,4.963448373018764e-05,38,42,67,-4.9052844047546387,65.177577797008865,5.9140243617749002,-1140.0979452150682,0,175487.87145982354,3050.4589893606612,177469.32890961453,0.0048034866049420089
2.1426682942255866,0,4.963448373018764e-05,38,42,68,-1.0381251573562622,70.679038830651223,5.6819881638207654,-1036.9262575821331,0,-82387.69267683044,5900.6125861523169,-77447.650124752414,-0.0048034866340458393
2.1426682942255866,0,4.963448373018764e-05,38,42,69,13.409720420837402,-139.48066845101849,5.463391408446399,-11510.38366368909,0,-196231.30577480447,3630.0428829334105,-204245.66863608934,-0.0048034866049420089
2.1426682942255866,0,4.963448373018764e-05,38,42,70,15.602696418762207,-125.78517341285981,5.8132912832798631,6480.1916762384335,0,25968.109869202181,-3431.8029896163157,28896.526673694716,0
2.1426682942255866,0,4.963448373018764e-05,38,42,71,1.8287851810455322,14.772798878990997,6.2736778006516403,9104.9969029033255,0,197651.44699068554,-86.558829114951578,206690.93154115358,2.9103830456733704e-11
2.1426682942255866,0,4.963448373018764e-05,38,42,72,-4.6069130897521973,79.970205717436158,6.3100211728391038,2028.4739769484536,0,67349.508343177513,2413.139588210378,71877.402135226628,0
2.1426682942255866,0,4.963448373018764e-05,38,42,73,4.6334981918334961,-20.277206973645836,6.1069214082125871,-5591.7964305585192,0,-156443.87228747507,2803.5165450781669,-159246.32726200749,-0.0048034866340458393
2.1426682942255866,0,4.963448373018764e-05,38,42,74,9.2910871505737305,-102.00855078670507,6.1117436584645946,-4224.9931302430487,0,-56039.146666346125,-2269.6186128657009,-62629.655216583109,7.2759576141834259e-12
2.1426682942255866,0,4.963448373018764e-05,38,42,75,2.8285307884216309,-11.953075998596541,6.2753547991585394,3581.2298517754671,0,97618.223025702566,-2157.7934440645872,99035.981712214008,0
2.1426682942255866,0,4.963448373018764e-05,38,42,76,-4.7524709701538086,103.58977156978861,6.2851816585911031,-730.16839601029744,0,105571.52876840364,-1420.4264228998836,103530.81130446517,0.0024017433170229197
2.1426682942255866,0,4.963448373018764e-05,38,42,77,-4.035067081451416,-8.5332046070843077,5.8624660394975656,1920.4579730467933,0,-76601.340627201833,-1017.9068522613424,-75701.460244983973,-1.4551915228366852e-11
2.1426682942255866,0,4.963448373018764e-05,38,42,78,11.987862586975098,-24.714272950417207,5.1929032765457759,-8245.6843670389753,0,-197329.11382370832,-1474.2909206875722,-207068.60567762211,0.0048034866340458393
2.1426682942255866,0,4.963448373018764e-05,38,42,79,11.125029563903809,-89.750183659921703,4.862967893028018,9260.1038880052311,0,108552.7647119055,-1611.4736954208631,116116.50768872298,0
2.1426682942255866,0,4.963448373018764e-05,38,42,80,-3.1125288009643555,61.678298767105588,3.9709530372253354,1479.3970269777606,0,227145.33526197934,-1412.5901348950333,227277.79620935302,0.0048034866049420089
2.1426682942255866,0,4.963448373018764e-05,38,42,81,-2.4472420215606689,53.359951531224972,2.2644236713909698,1024.8286764985592,0,-8727.3972204775891,-1153.0529486625167,-8799.9971174389302,0
2.1426682942255866,0,4.963448373018764e-05,38,42,82,8.3073825836181641,-30.455199329376505,1.1731448185693576,-6179.4934130533074,0,-152116.48803617686,-1059.1459858717274,-159384.4058869977,0.0036026150046382099
2.1426682942255866,0,4.963448373018764e-05,38,42,83,9.3052787780761719,-58.607102704357992,0.96526311615494143,-1226.8489137953136,0,-8468.0089423306745,-1226.5607045973727,-10979.060400311564,0
2.1426682942255866,0,4.963448373018764e-05,38,42,84,-0.63024234771728516,14.595460244837385,1.1371593477677853,766.5295889455308,0,137092.83424958677,-1197.0961175945363,136677.99553704375,-0.0048034866049420089
2.1426682942255866,0,4.963448373018764e-05,38,42,85,-4.5082945823669434,28.250144410240743,1.3201192985074199,805.62156403125516,0,26906.543035131286,-1091.8181010733158,26649.916761797973,0
2.1426682942255866,0,4.963448373018764e-05,38,42,86,2.2228043079376221,-7.2687055147377606,1.3892378767410496,890.23017757347259,0,-90786.108704831626,-1059.1351780268046,-90960.893172922952,0
2.1426682942255866,0,4.963448373018764e-05,38,42,87,4.7315044403076172,-1.2102004020545285,1.3735189475544369,-1783.8900446024431,0,-38729.600054179951,-1083.5513005790408,-41596.878080815935,0
2.1426682942255866,0,4.963448373018764e-05,38,42,88,4.1747612953186035,-14.511710001221834,1.350156628582138,-1677.752203974032,0,-7636.0930924739341,-1059.6107232034071,-10386.617573024014,-1.8189894035458565e-12
2.1426682942255866,0,4.963448373018764e-05,38,42,89,3.7703771591186523,-12.743487759633341,1.5801848260513509,410.96229883072596,0,24063.378511389699,-1006.3208425041136,23456.856664782732,0
2.1426682942255866,0,4.963448373018764e-05,38,42,90,-0.45414170622825623,34.058964674774067,2.0524469555770573,543.58356257077128,0,83215.83298619416,-974.48333310489602,82821.045828162038,0.0012008716585114598
2.1426682942255866,0,4.963448373018764e-05,38,42,91,-3.6491897106170654,63.677271019156997,2.3034213628060933,926.87597709167267,0,20433.234755237012,-976.67852649588008,20449.412898214767,0
2.1426682942255866,0,4.963448373018764e-05,38,42,92,4.5031623840332031,-15.186046932650259,2.2550609183633754,-1923.0470523416302,0,-121557.43621113265,-996.52893500406753,-124489.94558623595,-0.0024017433170229197
2.1426682942255866,0,4.963448373018764e-05,38,42,93,9.5599985122680664,-72.413485970492886,2.5131484965319921,456.90764846915619,0,-13327.754010119015,-997.7226014322066,-13938.469300556026,0
2.1426682942255866,0,4.963448373018764e-05,38,42,94,0.87038373947143555,17.366372060735785,3.0928783781020348,2155.449342588,0,150281.95963549617,-950.168083771939,151507.70374736603,0.0036026149755343795
2.1426682942255866,0,4.963448373018764e-05,38,42,95,-1.5350497961044312,31.789600894145114,3.2422271155852895,684.73701944152867,0,4786.7608918964106,-903.70155583389885,4602.8281835137705,0
2.1426682942255866,0,4.963448373018764e-05,38,42,96,7.9378681182861328,-44.800285382927733,3.2789469328921341,-4581.1812710050845,0,-89722.78968994804,-909.96290065916742,-95255.460003548957,-0.0048034866194939241
2.1426682942255866,0,4.963448373018764e-05,38,42,97,4.8469786643981934,-29.187500526810609,3.8539120277953707,4337.6156778251325,0,73738.659537273008,-885.78214895191627,77165.159477647219,0
2.1426682942255866,0,4.963448373018764e-05,38,42,98,-3.9258077144622803,41.583418472035937,4.3859485995559915,-296.03888115174618,0,79557.829007573833,-803.73311829443389,78504.025512072738,-0.00086312650819309056
2.1426682942255866,0,4.963448373018764e-05,38,42,99,1.0257163047790527,9.636988019795325,4.5212888290570481,-1031.7456972491434,0,-86886.676684582751,-753.34041552475503,-88657.606922251114,-0.0024017433170229197
2.1426682942255866,0,4.963448373018764e-05,38,42,100,6.5959486961364746,-18.355883270642565,4.6467324219149404,-955.74012826546539,0,-52254.897452054371,-733.93913301669238,-53958.285864185258,0
2.1426682942255866,0,4.963448373018764e-05,38,42,101,1.8667700290679932,-4.4260101002512346,4.2987177044939529,1525.0998005412571,0,31239.725094794758,-739.68410302898326,32025.013499911274,0
2.1426682942255866,0,4.963448373018764e-05,38,42,102,1.7196469306945801,4.4128219142659431,1.9157717238555163,-13.793211864793754,0,863.53239887086988,-913.18363844615828,-57.115857801960694,2.1316282072803006e-14
2.1426682942255866,0,4.963448373018764e-05,38,42,103,2.0124931335449219,-0.063680891220443722,-0.0035679216324598305,-28.306946724440046,0,2567.8238664886371,-983.37458686137632,1556.0750840899677,0
2.1426682942255866,0,4.963448373018764e-05,38,42,104,1.6674538850784302,-0.056158964707184372,0.00091886843515644862,31.974408768239467,0,2737.7928392310346,-889.81707772309051,1879.8949301799116,2.2737367544323206e-13
2.1426682942255866,0,4.963448373018764e-05,38,42,105,1.3901616334915161,0.085307744154225443,0.0011550152280791265,19.516566187239082,0,2074.0854842659355,-803.92833499335177,1289.760178219205,0
2.1426682942255866,0,4.963448373018764e-05,38,42,106,1.1637815237045288,0.044503826730515138,0.0011292962768122781,13.187972549117623,0,1709.6473552128377,-728.32866063010727,994.55230025485537,0
2.1426682942255866,0,4.963448373018764e-05,38,42,107,0.97401279211044312,0.027644861774699062,0.0011760580194024623,9.0990045533294683,0,1385.8491248127395,-662.01892941382823,732.95802087203481,0
2.1426682942255866,0,4.963448373018764e-05,38,42,108,0.81684601306915283,0.01685572149168504,0.0011573533796284115,6.2673491835589941,0,1020.9630706311751,-603.79466707145264,423.45376581815282,-5.6843418860808015e-14
2.1426682942255866,0,4.963448373018764e-05,38,42,109,0.68581199645996094,0.010849025121275467,0.0011596914596001678,4.4204085734203211,0,628.79321237786144,-552.58229434065049,80.643335327212242,5.6843418860808015e-14
2.1426682942255866,0,4.963448373018764e-05,38,42,110,0.57386887073516846,0.0072241983514923268,0.0011819032551206175,3.1991220971452692,0,203.75549684269117,-507.45113568640363,-300.48811064496056,0
2.1426682942255866,0,4.963448373018764e-05,38,42,111,0.47953701019287109,0.004823624039514314,0.0011807342509235037,2.2702478696145389,0,-270.939462626058,-467.60561363522925,-736.2688240333822,1.1368683772161603e-13
2.1426682942255866,0,4.963448373018764e-05,38,42,112,0.3993149995803833,0.0030433593437063046,0.0011596914596001678,1.6217771742472544,0,-774.22357365889775,-432.35882959870116,-1204.9564230325484,0
2.1426682942255866,0,4.963448373018764e-05,38,42,113,0.33125206828117371,0.0024686424659293711,0.0011339725083333192,1.1510354842769297,0,-1297.1395345581529,-401.11815341355316,-1697.1030498724551,-2.2737367544323206e-13
2.1426682942255866,0,4.963448373018764e-05,38,42,114,0.27319034934043884,0.0018810661840965423,0.0011211129611223664,0.82139621413189345,0,-1846.9183940129981,-373.3759165863288,-2219.4699122060497,0
2.1426682942255866,0,4.963448373018764e-05,38,42,115,0.22391198575496674,0.0012888135991651435,0.0011129297170099834,0.57821970336916184,0,-2423.2419210340395,-348.6972534678431,-2771.3585530551973,0
2.1426682942255866,0,4.963448373018764e-05,38,42,116,0.18222792446613312,0.0010143147074876298,0.0010872106941656064,0.39898960839959297,0,-3033.9506066769313,-326.71131987918284,-3360.2607040769753,0.00013134533764969092
2.1426682942255866,0,4.963448373018764e-05,38,42,117,0.14770984649658203,0.00045362630954123465,0.0010474632630682198,0.26719394392448287,0,-3662.8536988115079,-307.10453820862989,-3969.6896170411192,-7.5054478202218888e-05
2.1426682942255866,0,4.963448373018764e-05,38,42,118,0.11982063949108124,0.00049337381221614988,0.0010077157603933045,0.17472682625174049,0,-4312.864812298204,-289.61691974220838,-4602.305504124588,0
2.1426682942255866,0,4.963448373018764e-05,38,42,119,0.097194768488407135,0.00025628434324179497,0.00094458731484576858,0.11273182690297003,0,-4964.6514145313822,-274.02930540231728,-5238.5667872351387,0
2.1426682942255866,0,4.963448373018764e-05,38,42,120,0.079815201461315155,0.00033110304549305552,0.00086976861259450804,0.068900011382773962,0,-5609.3952047077919,-260.15683600808978,-5869.4822400507555,-0.00030021791462786496
2.1426682942255866,0,4.963448373018764e-05,38,42,121,0.06636771559715271,0.00010804205634923874,0.00079261168721643386,0.042931161776630394,0,-6237.3514095399669,-247.84459911563249,-6485.1518766221643,0.00030021791462786496
2.1426682942255866,0,4.963448373018764e-05,38,42,122,0.056431498378515244,0.00018286083017802791,0.00071779291338764468,0.026419176477926399,0,-6826.0787399173951,-236.96980559790603,-7063.0214508485151,-0.00022516343506140402
2.1426682942255866,0,4.963448373018764e-05,38,42,123,0.049355823546648026,0.00010990879829515657,0.00064063598800957061,0.016587039777334472,0,-7374.9107120698372,-227.42707896691323,-7602.3201532342728,0.00030021791462786496
2.1426682942255866,0,4.963448373018764e-05,38,42,124,0.045000724494457245,6.0337601918613092e-05,0.00054009822712516864,0.0088564284783957808,0,-7863.5117653392408,-219.13205798867338,-8082.6340662456923,0.00030021791462786496
2.1426682942255866,0,4.963448373018764e-05,38,42,125,0.042638462036848068,2.4794921161372041e-05,0.00042553195062146429,0.0037527239315236359,0,-8284.7487220765634,-212.00668600541081,-8496.7514301946067,-0.00022516343597089872
2.1426682942255866,0,4.963448373018764e-05,38,42,126,0.04179990291595459,-6.0715638635920035e-06,0.00030628947838548287,-0.00022516343589141816,0,-8618.6618944527345,-205.99452204919544,-8824.6564165019299,-7.5054478656966239e-05
2.1426682942255866,0,4.963448373018764e-05,38,42,127,0.042115166783332825,-6.5429018894305333e-06,0.00015665185915037598,-0.0032273425811103268,0,-8857.1141761125491,-201.04873212536179,-9058.1662106349704,-0.00022516343597089872
2.1426682942255866,0,4.963448373018764e-05,38,42,128,0.043884757906198502,-2.9461771552571064e-05,-4.5592707077901655e-05,-0.0069800665126339631,0,-8933.5670697888654,-197.18732930878124,-9130.7616793820725,-0.00022516343415190931
2.1426682942255866,0,4.963448373018764e-05,38,42,129,0.046769756823778152,4.3716637685287997e-05,-0.00026888007357670613,-0.0099822456578528718,0,-8821.3576220571631,-194.41451665025704,-9015.7821209530775,0.00022516343597089872
2.1426682942255866,0,4.963448373018764e-05,38,42,130,0.050019297748804092,0.00039278941857186429,-0.00076806181172422788,-0.021615689845576144,0,-8477.6999766114404,-192.72909327813116,-8670.451361069725,-0.00030021791462786496
2.1426682942255866,0,4.963448373018764e-05,38,42,131,0.064235657453536987,-0.00015670783277774207,-0.0020949265261364395,-0.087363413125870246,0,-7592.3843662986919,-192.53395163369191,-7785.0077828709118,0.00015010895640443778
2.1426682942255866,0,4.963448373018764e-05,38,42,132,0.10276943445205688,1.8667419459178243e-05,-0.0015197569920686327,-0.0012008716580875634,0,-5282.3924482880875,-194.80419950330648,-5477.1993497526246,0
2.1427179287093168,0,4.9861595471156761e-05,38,42,0,0.0091868136078119278,-4.6695385788157189e-06,4.5288967463603687,46.775160185237674,0,41127.419021263253,8979.6532847176004,50158.377572322941,0.0012140800317865796
2.1427179287093168,0,4.9861595471156761e-05,38,42,1,31.448766708374023,-1426.8493763721785,8.9688662163334474,10982.051841071379,0,-79198.644916247809,4317.4090481503117,-65317.06453718197,0
2.1427179287093168,0,4.9861595471156761e-05,38,42,2,34.586143493652344,-1200.8047447765191,8.99863744323501,-15028.171605834617,0,62101.299605256179,2552.6133503129431,48433.935242401218,-7.2759576141834259e-12
2.1427179287093168,0,4.9861595471156761e-05,38,42,3,29.559324264526367,-630.89008686873944,9.1280998166403524,10972.756396082228,0,31742.185006388878,9550.6680713222413,51643.847486741244,0
2.1427179287093168,0,4.9861595471156761e-05,38,42,4,39.163982391357422,-545.06152678881449,8.98594622107011,-144526.19073708009,0,-71992.379878053544,29584.111654504344,-187470.53454119703,0
2.1427179287093168,0,4.9861595471156761e-05,38,42,5,49.739601135253906,-1082.3900793901817,8.9383210134124464,-75450.1706554376,0,-59272.730122631569,-26892.525663674587,-162688.87820012053,0
2.1427179287093168,0,4.9861595471156761e-05,38,42,6,45.622459411621094,-1440.762183099758,9.2636547705064061,74051.340069580503,0,50455.292872511163,-27780.451050868713,95294.683362893702,-1.4551915228366852e-11
2.1427179287093168,0,4.9861595471156761e-05,38,42,7,40.221424102783203,-1133.4509409156717,9.4289015691181817,17434.123490763177,0,74571.27294321236,10451.063890888643,101332.43828551762,0
2.1427179287093168,0,4.9861595471156761e-05,38,42,8,43.948993682861328,-987.38085041198826,9.331724969139092,-52454.540349519339,0,21038.690492111728,-104.58331934295798,-32498.482302193421,-3.637978807091713e-12
2.1427179287093168,0,4.9861595471156761e-05,38,42,9,40.839065551757812,-1004.3986819935515,9.4417924140573248,16584.527469326786,0,35984.771460305528,3312.6211735411393,54886.963213593961,0
2.1427179287093168,0,4.9861595471156761e-05,38,42,10,43.604541778564453,-1776.9172392141138,9.4820940341464386,-67130.020585806749,0,-63579.313611391226,21313.040004301813,-111163.72933807613,1.4551915228366852e-11
2.1427179287093168,0,4.9861595471156761e-05,38,42,11,53.858219146728516,-3521.1064816040976,9.3409187069084592,-117218.08600195638,0,-80941.751242443832,25254.691208302207,-176416.91159899521,-2.9103830456733704e-11
2.1427179287093168,0,4.9861595471156761e-05,38,42,12,43.866043090820312,-5042.5420734546142,9.3837611396767695,129828.14131337048,0,-15159.990961524389,-19314.022044453861,90320.969995077292,0
2.1427179287093168,0,4.9861595471156761e-05,38,42,13,30.493553161621094,-2280.9726508773515,6.8018687785238585,81598.055562109934,0,67240.80086847581,-8780.6379987641776,137784.04764972272,-2.9103830456733704e-11
2.1427179287093168,0,4.9861595471156761e-05,38,42,14,18.529605865478516,1410.2448727919193,2.8922827192561775,2989.7287819632652,0,-41754.909374105991,-5430.2229995058315,-42782.266436137383,0
2.1427179287093168,0,4.9861595471156761e-05,38,42,15,17.840333938598633,234.86657836861059,1.6891081042687535,-1283.0009256630617,0,-115235.11511689423,-2465.3011972769878,-118746.86155336141,0
2.1427179287093168,0,4.9861595471156761e-05,38,42,16,9.3068265914916992,-7.8965209821703155,2.0820862564462432,9546.3646245680047,0,79271.497488189532,-938.36178315377867,87873.685894878028,0
2.1427179287093168,0,4.9861595471156761e-05,38,42,17,-0.61462247371673584,30.857886606238459,2.4292740377813824,730.61289109300833,0,82175.68331189359,-210.67284504989877,82728.908127776958,-0.0023908037692308426
2.1427179287093168,0,4.9861595471156761e-05,38,42,18,4.906944751739502,-9.3631203199275994,2.4106630080831901,-3144.2416468703768,0,-109645.19598994619,128.92767855129901,-112667.46122017523,0.0011954018846154213
2.1427179287093168,0,4.9861595471156761e-05,38,42,19,11.950201988220215,-39.894268805344524,2.7698681387970727,-1221.490326722507,0,-63393.232573738031,258.32156383430697,-64393.525737292781,-7.2759576141834259e-12
2.1427179287093168,0,4.9861595471156761e-05,38,42,20,1.2187134027481079,7.0807420859894066,3.5392081819654977,3193.8484339279626,0,147641.94356643743,267.7891466936274,151114.20109732696,0
2.1427179287093168,0,4.9861595471156761e-05,38,42,21,-4.4807233810424805,61.745864302771132,4.1638135421142399,950.83221552605528,0,47031.800565758378,253.71209419976913,48302.254553329083,-7.2759576141834259e-12
2.1427179287093168,0,4.9861595471156761e-05,38,42,22,2.8047065734863281,-21.816128017151215,5.0709385356662642,-2927.7782751322775,0,-128126.3193863701,212.90107414709237,-130857.94177683677,0
2.1427179287093168,0,4.9861595471156761e-05,38,42,23,8.3621082305908203,-26.51320286496621,6.3348191951014208,-1929.1299845591493,0,-89407.759467398268,135.74505545113544,-91221.327561783648,-0.0047816074948059395
2.1427179287093168,0,4.9861595471156761e-05,38,42,24,4.0744595527648926,-20.561019085936366,7.1533916427371054,3910.609008079834,0,54690.381765860431,57.761818656864136,58645.344965153934,0
2.1427179287093168,0,4.9861595471156761e-05,38,42,25,-2.2871730327606201,38.883616055653896,7.5505744225586575,-910.59976998144805,0,112398.20651078141,24.54877292916726,111558.59448581486,0.00478160752390977
2.1427179287093168,0,4.9861595471156761e-05,38,42,26,-3.2647464275360107,26.905278920659505,7.7613754884683921,985.39845617758431,0,7035.3464779385095,28.833093253384995,8084.2446817786067,0
2.1427179287093168,0,4.9861595471156761e-05,38,42,27,2.8043935298919678,-14.943752124548851,7.8095937275255656,-2645.0561682014491,0,-94747.217993249738,42.551525184390229,-97356.856794663821,0
2.1427179287093168,0,4.9861595471156761e-05,38,42,28,6.051969051361084,-56.203288945721063,7.9759956532432756,94.035093187573693,0,-42086.528199379958,75.334226236663454,-41965.386173248196,0
2.1427179287093168,0,4.9861595471156761e-05,38,42,29,2.3289551734924316,4.1013981547005001,8.2781836749866908,2822.4538066260898,0,48922.223437566921,144.53843165229216,51901.595257674991,0
2.1427179287093168,0,4.9861595471156761e-05,38,42,30,-0.76034802198410034,27.053996720086918,8.4625884230027015,-93.52346118457001,0,65242.00286257307,240.42878855169226,65424.424775083287,7.2759576141834259e-12
2.1427179287093168,0,4.9861595471156761e-05,38,42,31,-1.558125376701355,28.450320669617668,8.3728387241332189,773.18115190366507,0,8683.5618032036091,345.91583171303995,9839.4819462140658,0
2.1427179287093168,0,4.9861595471156761e-05,38,42,32,3.8917224407196045,-47.551161033342623,8.117243942021549,-2734.1088263691177,0,-80587.051597744648,409.20220014065524,-82951.395129569122,-0.002988504696986638
2.1427179287093168,0,4.9861595471156761e-05,38,42,33,4.8678455352783203,-88.509834230650839,8.2075177965965054,1063.2191183166956,0,-7020.5760923564685,376.37945312553012,-5661.2798373482974,0
2.1427179287093168,0,4.9861595471156761e-05,38,42,34,2.3153116703033447,-17.809424602675165,8.3992210334112052,2015.2515173264323,0,284.15658918224051,246.01848772469509,2536.0163906641042,0
2.1427179287093168,0,4.9861595471156761e-05,38,42,35,2.3635096549987793,-2.8244422035523367,8.1894058238339227,-381.74441674581169,0,27089.427479110927,233.28028533215485,26946.328311317553,0
2.1427179287093168,0,4.9861595471156761e-05,38,42,36,-0.0094203874468803406,-9.4763493343098499,7.5170856592560362,331.70653788662958,0,17500.861582108253,328.20475751560411,18158.813016134496,-0.00059770093503175303
2.1427179287093168,0,4.9861595471156761e-05,38,42,37,0.2278023362159729,39.7765894288505,6.1934862709364049,256.43013921572617,0,30005.294769948981,283.2217849150702,30590.916172078625,-0.00059770093866973184
2.1427179287093168,0,4.9861595471156761e-05,38,42,38,-0.4961947500705719,5.1385441152103581,5.0343258510544144,164.15736724410618,0,-7484.0208480305237,228.99357420418477,-7080.6970366159676,9.0949470177292824e-13
2.1427179287093168,0,4.9861595471156761e-05,38,42,39,3.9119644165039062,-27.767488498160382,4.5193128102735098,-1623.0592881828352,0,-88782.315642567541,240.09288062448658,-90188.526639608157,0.0035862056101905182
2.1427179287093168,0,4.9861595471156761e-05,38,42,40,4.4230518341064453,-18.391268371442241,4.2090205124804001,835.92062397292955,0,18563.692194815194,276.08045410678989,19661.51102503595,0
2.1427179287093168,0,4.9861595471156761e-05,38,42,41,-4.0324335098266602,32.102173006258425,3.5590557638485927,101.06405621949341,0,112463.58064858578,216.67854407581112,112816.9892592587,0.0047816075093578547
2.1427179287093168,0,4.9861595471156761e-05,38,42,42,-1.1587045192718506,35.639472806175988,2.1710885372969546,222.14392145369158,0,-55498.683824886175,35.651665555097601,-55203.080067337665,-0.0023908037474029697
2.1427179287093168,0,4.9861595471156761e-05,38,42,43,8.1890048980712891,-49.31147084555348,0.99810861799095874,-2149.4664583760614,0,-136857.84071284594,-97.217252981956392,-139152.84017723525,-0.0023908037110231817
2.1427179287093168,0,4.9861595471156761e-05,38,42,44,5.9224915504455566,-30.820344026795564,0.75359603719608503,2096.103718623528,0,35722.758495477588,-81.507281525240572,37707.288184586279,7.2759576141834259e-12
2.1427179287093168,0,4.9861595471156761e-05,38,42,45,-3.1819913387298584,37.590603385371693,0.85830255997967586,155.19185317278001,0,115586.10423416978,-61.352805892899319,115718.38740578749,-0.00478160752390977
2.1427179287093168,0,4.9861595471156761e-05,38,42,46,-1.2807912826538086,29.872178823482031,0.77075287043467788,71.566319522954103,0,-57344.25999990807,-131.23599957419646,-57373.284357461642,0.0023908037546789274
2.1427179287093168,0,4.9861595471156761e-05,38,42,47,7.4648876190185547,-29.299893454262708,0.64850128605658997,-1763.5429166711356,0,-138656.34674359148,-178.34858061713936,-140626.88664454326,0.0029885046824347228
2.1427179287093168,0,4.9861595471156761e-05,38,42,48,7.5783944129943848,-40.543596964537265,0.79887538541021641,2255.0826049400362,0,21481.744680282896,-184.18752108132506,23512.895042562479,0
2.1427179287093168,0,4.9861595471156761e-05,38,42,49,-1.6485649347305298,30.913926833145933,1.0152572795370387,-81.067373634807495,0,158161.11667462313,-159.86826531238373,157952.10543818111,-0.0047816075093578547
2.1427179287093168,0,4.9861595471156761e-05,38,42,50,-4.8983945846557617,46.255881229118863,0.92902162733273552,1199.762702221117,0,21141.327697200268,-114.66772957038567,22273.607572707453,0
2.1427179287093168,0,4.9861595471156761e-05,38,42,51,6.0721502304077148,-29.71872129647404,0.67523731288192179,-2341.1706664547864,0,-163949.19517978124,-75.759789304582398,-166395.1595563092,0.009563214989611879
2.1427179287093168,0,4.9861595471156761e-05,38,42,52,10.357373237609863,-72.490437186279053,0.76632461566961441,-56.308209975433122,0,-39066.115842058985,-61.740116100780611,-39255.888280705811,0
2.1427179287093168,0,4.9861595471156761e-05,38,42,53,0.13570667803287506,21.652483672848916,1.1291864328599515,1743.1179813643093,0,150901.42195417124,-42.527617146866689,152624.79428734488,0.00029885050025768578
2.1427179287093168,0,4.9861595471156761e-05,38,42,54,-4.6950116157531738,86.462752586468369,1.2319290498634488,47.44310966170579,0,35940.689820719635,5.9674461658747058,36081.795058183547,0
2.1427179287093168,0,4.9861595471156761e-05,38,42,55,3.5896015167236328,-20.252998591623388,1.160039825327154,-258.95273602492836,0,-122876.9463459073,73.890180770241841,-123081.10664153579,-0.0047816074948059395
2.1427179287093168,0,4.9861595471156761e-05,38,42,56,8.5071659088134766,-59.035448875082622,1.3692623683126279,-2124.4682143414516,0,-70627.058797589445,122.31351997041264,-72686.879678467245,1.4551915228366852e-11
2.1427179287093168,0,4.9861595471156761e-05,38,42,57,2.1045176982879639,3.8058906375094841,1.879440685587491,2092.6609612201387,0,99846.046903034337,158.10863375065145,102102.50182932822,-1.4551915228366852e-11
2.1427179287093168,0,4.9861595471156761e-05,38,42,58,-3.7500953674316406,61.273095410128128,2.3748820850306922,-1602.0871576671891,0,86032.011511579985,221.93293302254637,84715.509448337063,0.0041839065670501441
2.1427179287093168,0,4.9861595471156761e-05,38,42,59,-1.9878209829330444,47.599462156709571,2.7556464753629673,1893.9732153807888,0,-30354.983289983233,315.19878510280023,-28095.456180867572,0
2.1427179287093168,0,4.9861595471156761e-05,38,42,60,3.0046744346618652,-4.5495013771855541,3.2680305659239983,-1048.3244109395323,0,-91585.054881451724,391.41521792408219,-92243.245545278434,0
2.1427179287093168,0,4.9861595471156761e-05,38,42,61,5.314384937286377,-37.365892858458771,3.8659506804794534,-1536.3113648324354,0,-42894.089109242472,424.41070051031488,-44039.489715742566,7.2759576141834259e-12
2.1427179287093168,0,4.9861595471156761e-05,38,42,62,2.0025510787963867,-7.2279720536871439,4.4402948784427902,1543.4933393045058,0,62467.164303478858,476.24810746884668,64484.118073076963,0
2.1427179287093168,0,4.9861595471156761e-05,38,42,63,-3.0299756526947021,53.199558057358132,4.9591340223967117,-1449.8216482872899,0,76433.622997360755,568.77699429243762,75610.73942624942,0.0023908037692308426
2.1427179287093168,0,4.9861595471156761e-05,38,42,64,-1.6207917928695679,39.011197772396621,5.18041878610821,1652.4303122804997,0,-58252.272920229472,708.5481632625366,-55847.102828127929,0
2.1427179287093168,0,4.9861595471156761e-05,38,42,65,7.1695966720581055,-38.702830200036466,5.2028880220571487,-6867.6315947109015,0,-156197.95120784547,873.10838093891437,-162225.97675459919,-0.0023908037401270121
2.1427179287093168,0,4.9861595471156761e-05,38,42,66,11.643206596374512,-127.6086809932488,5.3907931729303051,2342.9494244465373,0,-47052.681845731429,964.66062442966881,-43867.289684675547,-7.2759576141834259e-12
2.1427179287093168,0,4.9861595471156761e-05,38,42,67,3.9033141136169434,18.878162910132321,5.8284030666902771,7320.0146991237534,0,188870.62747143538,354.54663325903658,196569.90493301,0.009563214989611879
2.1427179287093168,0,4.9861595471156761e-05,38,42,68,-4.8821992874145508,89.514201781414371,5.9553736575715002,1450.7205904981749,0,137474.52463272802,5199.0705295132711,144219.79010978597,0.0047816075384616852
2.1427179287093168,0,4.9861595471156761e-05,38,42,69,3.2720921039581299,-2.6807511624050195,5.645347815323543,-8873.5015981130982,0,-121188.44597741505,8890.6436610174733,-121168.34409946526,-0.0047816075093578547
2.1427179287093168,0,4.9861595471156761e-05,38,42,70,17.036960601806641,-133.29232077599559,5.604273970291958,-10168.413508070385,0,-172955.65893777774,-4442.4480843984074,-187694.20857705222,0
2.1427179287093168,0,4.9861595471156761e-05,38,42,71,12.087782859802246,-94.37313684498686,6.0281565880148555,17202.942331125589,0,82369.405358339296,-2985.4444616390474,96498.558247568872,1.4551915228366852e-11
2.1427179287093168,0,4.9861595471156761e-05,38,42,72,-1.0393153429031372,52.686226926004082,6.424005047187511,1450.7516709469555,0,181713.2113355092,-2258.6688105685666,180964.40442786078,0
2.1427179287093168,0,4.9861595471156761e-05,38,42,73,-3.270611047744751,68.333383749757672,6.3744519037891187,1622.4472424222326,0,-20469.89437138927,2975.8716834146235,-15796.867609898867,0
2.1427179287093168,0,4.9861595471156761e-05,38,42,74,6.1824965476989746,-25.898612789530546,6.1792634401176549,-6743.147224933351,0,-138925.73294719169,-378.22515362234714,-146066.82706590055,-0.0023908037692308426
2.1427179287093168,0,4.9861595471156761e-05,38,42,75,7.7441306114196777,-89.996067227055079,6.155361239517342,-401.62634075038466,0,-25434.46052404918,-867.1253945486493,-26787.052965335752,0
2.1427179287093168,0,4.9861595471156761e-05,38,42,76,0.38622739911079407,26.719238666756265,6.1704508534347848,542.35442892236313,0,116580.94636516915,-403.15645515189095,116753.03103995512,-0.0029885046824347228
2.1427179287093168,0,4.9861595471156761e-05,38,42,77,-7.7924699783325195,114.34196037881924,5.9824108696351654,366.0703073453812,0,99710.478767060864,188.90696768847116,100385.78519495069,0.00478160752390977
2.1427179287093168,0,4.9861595471156761e-05,38,42,78,1.7101192474365234,-22.181435359249125,5.3071424751370779,-4413.2061637033703,0,-193846.84640158425,91.692105510267112,-198185.23714346523,-0.0023908037692308426
2.1427179287093168,0,4.9861595471156761e-05,38,42,79,16.888412475585938,-75.737494884484008,4.6254280744770977,-4303.5232599566416,0,-144812.80029091224,-1106.3109651491177,-150293.74658282803,-2.9103830456733704e-11
2.1427179287093168,0,4.9861595471156761e-05,38,42,80,8.1682872772216797,-69.683707491056197,3.7931560761896508,13547.556405217012,0,171627.40487869014,-1605.9315701009737,183503.13916239131,0
2.1427179287093168,0,4.9861595471156761e-05,38,42,81,-2.8840253353118896,67.44611071578116,2.4705542180489193,-86.001992579665426,0,169440.35498532708,-1370.1122511838191,168054.16218810491,0.0047816074802540243
2.1427179287093168,0,4.9861595471156761e-05,38,42,82,0.39641988277435303,32.411813611573628,1.4640824564633017,-1179.8748012071633,0,-66730.488589143424,-979.44057322671904,-68855.929860612086,-0.0017931028123712167
2.1427179287093168,0,4.9861595471156761e-05,38,42,83,8.7603387832641602,-32.020388372819752,1.035571742316475,-4330.6062848633037,0,-123765.2351352718,-987.2967543569531,-129114.12299112255,0
2.1427179287093168,0,4.9861595471156761e-05,38,42,84,6.1536993980407715,-19.848370378460995,1.0088368099142475,512.61701414965034,0,53797.655644731582,-1123.6586371761957,53167.774488136492,0
2.1427179287093168,0,4.9861595471156761e-05,38,42,85,-3.185539722442627,15.889988662506253,1.1946949518129155,-401.9849613132377,0,128344.43719430483,-965.1531300026536,126994.38378660326,0
2.1427179287093168,0,4.9861595471156761e-05,38,42,86,-2.2919926643371582,31.319808452609035,1.4055133096076997,1990.6118938546756,0,-13446.678831690202,-682.91396542980078,-12106.255581503112,0
2.1427179287093168,0,4.9861595471156761e-05,38,42,87,2.6668648719787598,-3.8192479985372669,1.5527660413060087,894.01237354761849,0,-54483.486390739257,-618.67366630499635,-54210.416033269292,-0.0018678154228837229
2.1427179287093168,0,4.9861595471156761e-05,38,42,88,3.6592268943786621,-2.3075648494938403,1.5425076487406728,-1591.9310233271908,0,-26960.21888111873,-718.36002186219594,-29271.274983508869,0
2.1427179287093168,0,4.9861595471156761e-05,38,42,89,4.9346461296081543,-23.951186540697108,1.5350105586293037,-2109.0523117462753,0,-24282.4756440151,-764.06740799969293,-27178.011539743136,0
2.1427179287093168,0,4.9861595471156761e-05,38,42,90,3.6566381454467773,-9.3997602921555181,1.8496020422226975,1080.8775948315797,0,51690.659424212332,-776.33223124926724,51987.654629544711,0
2.1427179287093168,0,4.9861595471156761e-05,38,42,91,-2.6341936588287354,60.686206204926641,2.3210358846014012,-80.517488771766153,0,109008.71621499461,-794.95659248010213,108196.24459422476,-0.0047816075093578547
2.1427179287093168,0,4.9861595471156761e-05,38,42,92,-1.6758317947387695,42.403513944519027,2.4431828421307076,900.26193455627094,0,-36120.48304450413,-790.62445608083726,-35965.998869242052,-7.2759576141834259e-12
2.1427179287093168,0,4.9861595471156761e-05,38,42,93,8.8681697845458984,-57.093335977459553,2.4299989836457438,-4085.96011849246,0,-127600.38081371233,-776.00230033144237,-132517.00656953006,0
2.1427179287093168,0,4.9861595471156761e-05,38,42,94,8.3903903961181641,-45.971870845524293,2.9182768731398001,3869.525436399389,0,64051.659927136228,-748.66585022703077,67129.465919336202,0
2.1427179287093168,0,4.9861595471156761e-05,38,42,95,-1.3065907955169678,45.410857888357313,3.4093547347041784,1490.8789211264591,0,116108.27490011383,-698.93713217807488,116949.03929248902,0.0023908037401270121
2.1427179287093168,0,4.9861595471156761e-05,38,42,96,3.2099125385284424,-1.2207825694296546,3.4155404140903034,-3170.3014077710313,0,-75301.601328658828,-698.12545430415082,-79167.833432889354,0
2.1427179287093168,0,4.9861595471156761e-05,38,42,97,8.6770315170288086,-38.475119275702035,3.6650166414329179,-293.475942208915,0,-38149.472120191589,-739.37996845288922,-39217.138133487664,-7.2759576141834259e-12
2.1427179287093168,0,4.9861595471156761e-05,38,42,98,-0.029300937429070473,7.0463888743573824,4.3205007846648851,1841.3094868753499,0,127426.76064521642,-726.52700748023597,128552.9106866841,0.00067241354554425925
2.1427179287093168,0,4.9861595471156761e-05,38,42,99,-3.374758243560791,23.382290380947524,4.6809640641795971,657.25107795203667,0,23346.40903246358,-709.30365724828027,23322.419707612466,3.637978807091713e-12
2.1427179287093168,0,4.9861595471156761e-05,38,42,100,3.9177570343017578,-6.7961132803793065,4.6730795482892669,-1447.7990283127988,0,-85684.799864233166,-749.47513729720254,-87884.201845182761,-0.0047816074948059395
2.1427179287093168,0,4.9861595471156761e-05,38,42,101,3.4563150405883789,-10.298189291566063,4.2494557981113319,463.96893939675834,0,-652.21126364207521,-815.87612531319655,-1010.1671830519681,0
2.1427179287093168,0,4.9861595471156761e-05,38,42,102,1.7168120145797729,1.5818450091132612,1.9302457030942479,245.37775231906431,0,1276.8948128795505,-1060.1086826348835,465.67597327593887,1.1368683772161603e-13
2.1427179287093168,0,4.9861595471156761e-05,38,42,103,2.0897281169891357,1.0396501972268997,0.0027402387992909016,-42.398513744239594,0,-10330.804071341503,-1163.4344392041035,-11535.59463385382,0
2.1427179287093168,0,4.9861595471156761e-05,38,42,104,1.7607614994049072,-0.083682807507366133,4.6761749884484782e-06,32.758793014749685,0,-8281.7513705642941,-1058.7530969072989,-9307.8293525881763,0
2.1427179287093168,0,4.9861595471156761e-05,38,42,105,1.4541782140731812,0.097263075364674545,0.00075987848182502494,25.050841717161525,0,-6236.5120017720901,-956.76379963564466,-7168.1269367367267,0
2.1427179287093168,0,4.9861595471156761e-05,38,42,106,1.2131456136703491,0.056694230356664828,0.00068505969982272539,16.501327498744878,0,-4450.9175066911203,-864.72622298316242,-5299.0850228854815,0
2.1427179287093168,0,4.9861595471156761e-05,38,42,107,1.0103927850723267,0.032774502456332337,0.0006967500766187375,11.42326032874573,0,-2905.1397544012407,-783.06353921401887,-3676.7465620339808,0
2.1427179287093168,0,4.9861595471156761e-05,38,42,108,0.83786392211914062,0.020815807529595391,0.0007014262415874432,8.0928707017170982,0,-1642.9184995517608,-711.05492099687933,-2345.8590326131521,-4.5474735088646412e-13
2.1427179287093168,0,4.9861595471156761e-05,38,42,109,0.68981468677520752,0.013652748602471856,0.0006920739116500318,5.7953082957052429,0,-609.585623541362,-647.72850660641211,-1251.5044770295547,2.2737367544323206e-13
2.1427179287093168,0,4.9861595471156761e-05,38,42,110,0.55895429849624634,0.008851267343208933,0.00071194766620565921,4.2496536698086098,0,280.2763146921705,-592.07179065349533,-307.53625907650684,-5.6843418860808015e-14
2.1427179287093168,0,4.9861595471156761e-05,38,42,111,0.4429926872253418,0.005835874615132435,0.00073883570384009718,3.0691943170839959,0,1014.8531584065812,-543.1290493381257,474.7998780958585,0
2.1427179287093168,0,4.9861595471156761e-05,38,42,112,0.33950760960578918,0.0040310814240711867,0.00075052608063610939,2.1666659005704938,0,1632.3648940879336,-500.03899560851784,1134.4973459874911,0
2.1427179287093168,0,4.9861595471156761e-05,38,42,113,0.24701723456382751,0.0028239890998468463,0.00076221652868362565,1.4661604011308746,0,2143.9783683625337,-462.04254927329941,1683.4055656959936,-4.5474735088646412e-13
2.1427179287093168,0,4.9861595471156761e-05,38,42,114,0.16302810609340668,0.0022099215487422124,0.00077858314169984772,0.93450541670123222,0,2570.9065852240769,-428.47387148743991,2143.3702076580289,0
2.1427179287093168,0,4.9861595471156761e-05,38,42,115,0.086357034742832184,0.0012876511274044567,0.00080430215590498544,0.51133315253463651,0,2919.8677032166775,-398.76484750928637,2521.6161313879743,-0.00014942523466743296
2.1427179287093168,0,4.9861595471156761e-05,38,42,116,0.015443119220435619,0.00097009592723392368,0.00082300688703131238,0.12419104804218287,0,3201.2013508683262,-372.42835107429664,2828.8990586575032,7.471261733371648e-05
2.1427179287093168,0,4.9861595471156761e-05,38,42,117,-0.04932364821434021,0.00073426769865475702,0.00083469726382732459,-0.24737347575134153,0,3410.2388861516151,-349.05166968472076,3060.9415613813399,0.00014942523421268561
2.1427179287093168,0,4.9861595471156761e-05,38,42,118,-0.10861241817474365,0.00065370982174419519,0.0008405425234768348,-0.44110329230924805,0,3547.110010170109,-328.29426323108282,3218.3762873242968,0.00014942523466743296
2.1427179287093168,0,4.9861595471156761e-05,38,42,119,-0.1628187894821167,0.00036771889542831012,0.00082768298074851392,-0.57618370431722921,0,3632.3541179602785,-309.86800250491558,3321.9112298827704,0.00010272984854964307
2.1427179287093168,0,4.9861595471156761e-05,38,42,120,-0.21151351928710938,0.00039343783838194357,0.00080196403779488046,-0.67002275159710989,0,3659.0208441635618,-293.53190195924356,3364.8200401419804,-7.4712616878969129e-05
2.1427179287093168,0,4.9861595471156761e-05,38,42,121,-0.25551944971084595,-0.00015867040219720761,0.0007563713402856196,-0.71305721913947551,0,3647.2225264961658,-279.08300476927701,3367.4269127834527,-0.00014942523466743296
2.1427179287093168,0,4.9861595471156761e-05,38,42,122,-0.29413792490959167,-0.00010606342160913613,0.00070376435969754817,-0.7256089388393322,0,3600.3257154918729,-266.35989432542351,3333.2409593537827,0.00014942523421268561
2.1427179287093168,0,4.9861595471156761e-05,38,42,123,-0.32798141241073608,-4.9949299481659326e-05,0.0006476502375700713,-0.69213768630638117,0,3527.9925456653514,-255.22427757313281,3272.0767281068502,0
2.1427179287093168,0,4.9861595471156761e-05,38,42,124,-0.35617664456367493,2.4869446894888176e-05,0.00057283149119352389,-0.61921817185959482,0,3430.9803041051591,-245.56423501174791,3184.7974486224898,0
2.1427179287093168,0,4.9861595471156761e-05,38,42,125,-0.37909340858459473,0.00012073107813361973,0.00047696985995479232,-0.50326418987044297,0,3320.3614006893845,-237.27950230890443,3082.5792318915478,0
2.1427179287093168,0,4.9861595471156761e-05,38,42,126,-0.39620736241340637,0.00022126883871530489,0.00037643209937310713,-0.3628044694196661,0,3203.0652812437547,-230.29596454827941,2972.4071099269941,0
2.1427179287093168,0,4.9861595471156761e-05,38,42,127,-0.40748223662376404,0.00035921600811101586,0.00023848492997739616,-0.13089650544136222,0,3084.487690986864,-224.55205853324978,2859.8053336491107,-4.5474735088646412e-13
2.1427179287093168,0,4.9861595471156761e-05,38,42,128,-0.40931588411331177,0.00054860109903974582,4.909983904866615e-05,0.15839074859342919,0,2957.5796439053656,-220.05555437601066,2737.6830779788866,0
2.1427179287093168,0,4.9861595471156761e-05,38,42,129,-0.40072393417358398,0.00077305749848527287,-0.0001753565603968608,0.46560903077087296,0,2827.6950461521869,-216.80047506718117,2611.3607778167147,0
2.1427179287093168,0,4.9861595471156761e-05,38,42,130,-0.38033407926559448,0.0017694023907996483,-0.00057400051462282425,1.2354478390287476,0,2709.2782374476419,-214.77994704597327,2495.7349336425737,0
2.1427179287093168,0,4.9861595471156761e-05,38,42,131,-0.32216918468475342,-0.00083363746895395263,-0.0015571662833996954,1.8421142911884858,0,2389.3133850645245,-214.38576327730397,2176.7673452746567,0
2.1427179287093168,0,4.9861595471156761e-05,38,42,132,-0.16908852756023407,-6.3767531198901842e-05,-0.0011316343449779222,0,0,1600.1683882306907,-216.65732569250898,1383.5098671363055,0
2.1427677903047879,0,5.4847754654474556e-05,38,42,0,0.0091868136078119278,7.4288114246629641e-06,4.4968771133973577,49.082046711835609,0,-25307.703319803168,7795.6710256986462,-17458.453464731319,-0.00010188083979301155
2.1427677903047879,0,5.4847754654474556e-05,38,42,1,28.191953659057617,-1377.0234397572476,8.9272790996492812,-11464.382229327939,0,-21213.853956465573,3076.9557558563574,-30969.376590594755,0
2.1427677903047879,0,5.4847754654474556e-05,38,42,2,37.001136779785156,-1144.8684089528851,8.8975596089155289,-57682.253090584541,0,21076.769615312267,1828.0694179977284,-35913.384906618514,0
2.1427677903047879,0,5.4847754654474556e-05,38,42,3,32.134368896484375,-682.35090256079093,9.1005614324234188,50607.838658950961,0,75592.172728355697,-7357.2769458245966,118169.48410035369,-1.4551915228366852e-11
2.1427677903047879,0,5.4847754654474556e-05,38,42,4,29.816402435302734,-377.32220851134844,9.1905911980789092,-13987.610444802736,0,9048.8184279096204,26402.854454991884,21095.930820785496,-3.637978807091713e-12
2.1427677903047879,0,5.4847754654474556e-05,38,42,5,41.627674102783203,-480.46514335350872,8.9812525984257814,-140424.85911657105,0,-69149.278244805333,40751.60667627283,-169294.01457585866,0
2.1427677903047879,0,5.4847754654474556e-05,38,42,6,50.374004364013672,-901.55380595254735,9.0102493719337904,-87868.141551756664,0,-42905.79911591838,-22276.518415360235,-153943.00263961588,2.9103830456733704e-11
2.1427677903047879,0,5.4847754654474556e-05,38,42,7,45.274021148681641,-1254.7889201400119,9.3453397076072893,68994.875790538295,0,23558.545640362219,-19995.604682167588,71312.373168300517,-1.4551915228366852e-11
2.1427677903047879,0,5.4847754654474556e-05,38,42,8,42.328567504882812,-1003.4911943379722,9.4036813475014913,-5831.8919787143332,0,21875.976192781902,6848.0270493636563,21898.023750440752,-3.637978807091713e-12
2.1427677903047879,0,5.4847754654474556e-05,38,42,9,43.575817108154297,-911.92828543828261,9.3694345268337962,-21001.307154555627,0,31532.875998014384,5715.9510367039002,15344.96102925121,1.8189894035458565e-12
2.1427677903047879,0,5.4847754654474556e-05,38,42,10,38.061740875244141,-1362.7711822608474,9.5240864618136545,31029.885660510216,0,917.65134306277696,9451.5167207952854,40045.806628569248,0
2.1427677903047879,0,5.4847754654474556e-05,38,42,11,45.061790466308594,-2688.7973375139854,9.4279013952634436,-109558.20884352243,0,-95720.827813682219,27285.626144534424,-180672.77994878896,0
2.1427677903047879,0,5.4847754654474556e-05,38,42,12,48.369590759277344,-5352.5024200679791,9.2733439123145551,-24546.721347671293,0,-93994.650105369728,-10955.132332866999,-134839.73286206368,0
2.1427677903047879,0,5.4847754654474556e-05,38,42,13,37.363685607910156,-2719.1547349784792,7.0964909743920908,84790.385963366934,0,30029.329936597747,-19054.792970964754,93052.864684995846,1.4551915228366852e-11
2.1427677903047879,0,5.4847754654474556e-05,38,42,14,16.396413803100586,1440.9254646124589,3.3982140076076335,24271.022550953025,0,75867.801974418893,-11503.574023462839,90079.574180529133,0
2.1427677903047879,0,5.4847754654474556e-05,38,42,15,11.919425964355469,325.13784730025054,1.7502315533989599,-2986.0356620092439,0,-87062.04945943458,-5810.1139298438966,-95531.310972434076,0
2.1427677903047879,0,5.4847754654474556e-05,38,42,16,13.688348770141602,-0.90113313252548544,1.8922299673477205,1182.6045635719211,0,-41082.945997051291,-2972.6645485710283,-42872.014885215576,0
2.1427677903047879,0,5.4847754654474556e-05,38,42,17,3.5103728771209717,0.88388873869129281,2.4328081252094327,5325.6805764969913,0,109952.90881107445,-1661.9302906867379,113619.97144683266,-0.0043469159427331761
2.1427677903047879,0,5.4847754654474556e-05,38,42,18,-0.71083462238311768,21.372919700650737,2.6361837771207997,282.31806296925879,0,14679.669891213016,-1001.5011102093359,13984.49594745071,0
2.1427677903047879,0,5.4847754654474556e-05,38,42,19,8.7394380569458008,-39.171598380412981,2.7096674572160158,-4502.3964316234951,0,-133154.45093893545,-721.71845388392853,-138415.02992882402,-0.0021734579640906304
2.1427677903047879,0,5.4847754654474556e-05,38,42,20,8.7535085678100586,-37.693726554472157,3.3357029473013382,3406.8345128782425,0,32193.520282910365,-595.19711847017425,34970.799653711263,0
2.1427677903047879,0,5.4847754654474556e-05,38,42,21,-2.0722959041595459,25.199057920585474,4.2295630081273847,405.25862637562352,0,132737.58170007818,-443.3071816177245,132728.96176576481,0
2.1427677903047879,0,5.4847754654474556e-05,38,42,22,-3.7200791835784912,48.413004240524749,5.2409792340842358,1388.752705214946,0,5005.3346061363573,-273.27756453846251,6174.4637302874498,0
2.1427677903047879,0,5.4847754654474556e-05,38,42,23,3.8136672973632812,-25.962867616723209,6.3539298014464425,-3232.2102056480721,0,-109556.28750667599,-155.41528568157619,-112963.5219358209,1.4551915228366852e-11
2.1427677903047879,0,5.4847754654474556e-05,38,42,24,6.9986100196838379,-32.176830651488189,7.051656505556088,-515.95284084381751,0,-53862.192054408617,-85.816814530967392,-54489.086883929333,0
2.1427677903047879,0,5.4847754654474556e-05,38,42,25,3.2753164768218994,-10.593702118988864,7.4769633884294668,2883.139814741362,0,60880.865982915326,-14.223108962887515,63746.665949963244,0
2.1427677903047879,0,5.4847754654474556e-05,38,42,26,-2.8616530895233154,40.868159026443649,7.8129526102853486,-673.94150076317771,0,86641.563586513425,60.917680014029841,86077.220877400992,-1.4551915228366852e-11
2.1427677903047879,0,5.4847754654474556e-05,38,42,27,-2.0499746799468994,20.554580936767813,7.9133715687182304,948.21668251037579,0,-9368.4971466731258,108.58161332028338,-8283.2308983369803,1.8189894035458565e-12
2.1427677903047879,0,5.4847754654474556e-05,38,42,28,3.959507942199707,-21.868821517233915,7.9717312500116071,-2946.0396884250363,0,-74548.539067455989,126.92451186739359,-77381.551334280855,-1.4551915228366852e-11
2.1427677903047879,0,5.4847754654474556e-05,38,42,29,4.9168515205383301,-59.310096364949914,8.1903648846451507,909.80081287115866,0,-20227.22140431598,133.69809363433109,-19234.842229290796,0
2.1427677903047879,0,5.4847754654474556e-05,38,42,30,2.5018181800842285,-2.5560343306601108,8.4200239366916687,2322.0790271653063,0,38400.91190146,179.17987513759883,40908.034793368934,0
2.1427677903047879,0,5.4847754654474556e-05,38,42,31,-1.067513108253479,33.344000929662684,8.4472489386748961,-4.357783232058293,0,58451.53549870805,307.63558814563333,58796.60455348996,0
2.1427677903047879,0,5.4847754654474556e-05,38,42,32,-0.24436646699905396,8.014905910123586,8.1765409278426286,-304.3197063284718,0,-18960.788740256648,564.31662761676569,-18684.599828765895,0.00054336449466063641
2.1427677903047879,0,5.4847754654474556e-05,38,42,33,4.5855650901794434,-33.390911751291881,8.1179424633248871,-2671.2493971386871,0,-47754.709951874567,556.47479125703182,-49894.757527044188,0
2.1427677903047879,0,5.4847754654474556e-05,38,42,34,2.4417614936828613,-39.740696806592751,8.3298822082354214,1016.5914968232545,0,-10989.679447317656,185.79588120163146,-9818.7028838911265,1.8189894035458565e-12
2.1427677903047879,0,5.4847754654474556e-05,38,42,35,3.7070965766906738,-7.3363174161320357,8.1970067726881872,22.595269067570079,0,-17568.643267148815,52.354255607890352,-17492.833053116799,0
2.1427677903047879,0,5.4847754654474556e-05,38,42,36,0.8960070013999939,-13.090080971391382,7.5336356682706711,514.21190100896524,0,29170.140266041657,113.91962609730841,29792.715347844809,0
2.1427677903047879,0,5.4847754654474556e-05,38,42,37,1.7531142234802246,-1.239839972789325,6.1714161092183852,49.522239871545239,0,20765.786901891137,163.0658577398531,20983.306575638962,-3.637978807091713e-12
2.1427677903047879,0,5.4847754654474556e-05,38,42,38,-0.84924960136413574,26.37676331461892,5.0644796953338309,69.357217315816555,0,30682.914830003589,-327.09021044496194,30456.621993155411,-0.0010867289820453152
2.1427677903047879,0,5.4847754654474556e-05,38,42,39,-0.58497941493988037,7.120660612362232,4.6236195344841446,235.18988705288172,0,-36910.663055910562,-484.00300866862699,-37147.732984108443,-0.0010867289820453152
2.1427677903047879,0,5.4847754654474556e-05,38,42,40,5.4034061431884766,-24.653390761583175,4.1446413462704319,-1298.3803227765502,0,-56808.357803395978,-460.5861724879806,-58587.833048075816,7.2759576141834259e-12
2.1427677903047879,0,5.4847754654474556e-05,38,42,41,1.592801570892334,-5.039069976485159,3.5154759387430823,1070.3063371210544,0,89136.032606114604,-372.84367419461734,89831.973848461261,0.0021734579640906304
2.1427677903047879,0,5.4847754654474556e-05,38,42,42,-3.9112181663513184,25.698815024983357,2.3605273819356247,172.89858160111581,0,58806.713306513557,-392.90469126788321,58614.764365795738,-0.002173457971366588
2.1427677903047879,0,5.4847754654474556e-05,38,42,43,1.2506222724914551,14.265635193887999,1.0941922878855455,-941.81367532751108,0,-89953.757045498016,-575.536017663591,-91455.746911007343,0
2.1427677903047879,0,5.4847754654474556e-05,38,42,44,7.8026371002197266,-46.100837492362253,0.58862757749908534,-795.98985967240537,0,-64141.074674147123,-645.66481255914857,-65628.241556293549,-1.4551915228366852e-11
2.1427677903047879,0,5.4847754654474556e-05,38,42,45,2.5879120826721191,-8.3860489972563812,0.76155843463269435,1296.44594518227,0,90179.36198289835,-569.08084748941997,90899.098243112632,-0.0043469159427331761
2.1427677903047879,0,5.4847754654474556e-05,38,42,46,-4.141514778137207,37.389943021016371,0.9324679254433873,53.667024222435593,0,59291.19012901988,-440.18826942919401,58942.99238148857,0.0010867289893212728
2.1427677903047879,0,5.4847754654474556e-05,38,42,47,0.45300668478012085,10.584262023199647,0.74977793160134132,-649.67755933829449,0,-95707.456700244016,-331.80878770022304,-96677.60900732773,0
2.1427677903047879,0,5.4847754654474556e-05,38,42,48,8.7507848739624023,-36.965254719351442,0.62503744253615379,-1191.9939020070792,0,-99172.974578341993,-264.70544630043867,-100666.00979701038,0.0043469159427331761
2.1427677903047879,0,5.4847754654474556e-05,38,42,49,6.2271790504455566,-22.279016008823305,0.83133274999476003,3066.5492390907243,0,70732.694539744014,-223.13588914515341,73554.660206430752,0
2.1427677903047879,0,5.4847754654474556e-05,38,42,50,-3.7877969741821289,36.355448860725438,1.0367220741029246,-692.72887146537812,0,134115.20630048111,-188.67788647131192,133271.1873665633,-0.0043469159572850913
2.1427677903047879,0,5.4847754654474556e-05,38,42,51,-2.2245779037475586,19.01450236647441,0.89002573287214559,755.51572533455521,0,-44762.036549221579,-153.48960191918036,-44140.105897706861,0
2.1427677903047879,0,5.4847754654474556e-05,38,42,52,8.4000120162963867,-45.755509126958124,0.68668463819963821,-2641.5338797577888,0,-143263.92555057441,-143.43518534486532,-146093.9596366144,0.0038035514298826456
2.1427677903047879,0,5.4847754654474556e-05,38,42,53,7.7458224296569824,-33.780028516023286,0.91734399297022184,2720.030487842087,0,41212.397153810089,-156.07166998884881,43743.493287140278,7.2759576141834259e-12
2.1427677903047879,0,5.4847754654474556e-05,38,42,54,-2.8959157466888428,33.159551103457076,1.2810639066155953,-140.62707764620234,0,129661.80830535811,-162.67898222099706,129392.94720741693,0.0043469159572850913
2.1427677903047879,0,5.4847754654474556e-05,38,42,55,-2.5474188327789307,68.776355764717863,1.3611329627240816,627.9641708424989,0,-15661.651243304452,-138.67965930409548,-15102.229243038606,1.8189894035458565e-12
2.1427677903047879,0,5.4847754654474556e-05,38,42,56,4.8828821182250977,-22.054671807050418,1.3981272497027812,-1503.4938984253308,0,-122170.34206439772,-109.02934566233027,-123803.52402650069,-0.0021734579640906304
2.1427677903047879,0,5.4847754654474556e-05,38,42,57,7.1955113410949707,-60.182569673628436,1.716550251000966,-940.10751082019647,0,-21907.769535983174,-92.928369012411153,-22999.271435238406,3.637978807091713e-12
2.1427677903047879,0,5.4847754654474556e-05,38,42,58,0.47395509481430054,18.040321996524909,2.2315204999377838,1455.3789725900738,0,86911.559229515522,-68.698659550572827,88318.509211593511,-0.0021734579786425456
2.1427677903047879,0,5.4847754654474556e-05,38,42,59,-3.3887052536010742,59.423812099888856,2.7849019489752087,-1180.3615549457445,0,60935.832735004478,-19.325980755664006,59798.353234146321,-0.00067920561559731141
2.1427677903047879,0,5.4847754654474556e-05,38,42,60,-1.5947209596633911,40.758520382403375,3.4344005440012482,1820.7318238872901,0,-30035.098294053052,31.328223195455479,-28138.845326043902,0
2.1427677903047879,0,5.4847754654474556e-05,38,42,61,3.1185057163238525,-10.691253821526519,3.9448402792277961,-1621.0910154097428,0,-77030.149909700151,65.440646051891846,-78592.54451914232,0.0021734579786425456
2.1427677903047879,0,5.4847754654474556e-05,38,42,62,5.217832088470459,-38.899375687994166,4.3153124518288006,-692.37677127405971,0,-20216.897478953248,115.42800592925278,-20828.430307534221,-3.637978807091713e-12
2.1427677903047879,0,5.4847754654474556e-05,38,42,63,0.74009644985198975,2.9153245501788354,4.8363133037542827,896.57097420106447,0,75463.443159643299,210.68632188668462,76578.455353771933,0.0032601869606878608
2.1427677903047879,0,5.4847754654474556e-05,38,42,64,-4.4054174423217773,62.01456683794499,5.2843857792385416,-118.23611362791577,0,59528.844717411994,360.24413833614256,59838.151694737404,0
2.1427677903047879,0,5.4847754654474556e-05,38,42,65,-0.91924935579299927,45.840477417872499,5.3727127551896219,1489.8532761986985,0,-75697.724541264266,541.36491144193496,-73615.294250179548,-0.0010867289820453152
2.1427677903047879,0,5.4847754654474556e-05,38,42,66,9.4559135437011719,-69.199441565632625,5.2997772152516687,-8214.697421592211,0,-152859.29910756098,754.90172345771907,-160382.99229658788,0.0021734579640906304
2.1427677903047879,0,5.4847754654474556e-05,38,42,67,13.70460319519043,-138.25040294669111,5.5825283906620902,3228.2458183087833,0,-1588.4674112635107,964.61542290233581,2471.7259553915792,-4.5474735088646412e-13
2.1427677903047879,0,5.4847754654474556e-05,38,42,68,2.3088295459747314,32.906579247243847,6.0243999311243055,7719.7793069927138,0,180623.25988237539,867.3140564520686,189249.29291883041,0.0086938318563625216
2.1427677903047879,0,5.4847754654474556e-05,38,42,69,-2.7695548534393311,75.658983595327172,6.006526210836566,1619.9260419372324,0,67043.971221845801,5112.0905147609155,73857.651114892142,-0.0021734579640906304
2.1427677903047879,0,5.4847754654474556e-05,38,42,70,7.6782279014587402,-70.929868571060169,5.7000479423651589,-10269.60630111785,0,-150750.36675670563,9741.8961393793597,-151343.30021869889,0.0065203739213757217
2.1427677903047879,0,5.4847754654474556e-05,38,42,71,16.899354934692383,-120.13142469480188,5.7553724235621733,-6928.5667079407895,0,-116846.33505053847,-6035.1363805079664,-129924.41419125846,0
2.1427677903047879,0,5.4847754654474556e-05,38,42,72,7.983858585357666,-47.761871041670588,6.231436129865175,16126.571290986809,0,92612.156959111555,-581.23482446381888,108115.96299072274,-1.4551915228366852e-11
2.1427677903047879,0,5.4847754654474556e-05,38,42,73,-4.0582680702209473,65.687249161539242,6.5063308065646286,-1320.0975148237953,0,121021.11312143003,2431.0909851638676,122204.29582482226,-0.0043469159427331761
2.1427677903047879,0,5.4847754654474556e-05,38,42,74,-1.1006284952163696,74.321954074557141,6.3741934764953729,603.46060567630172,0,-60413.263888096633,2868.7297883929596,-56860.379519934286,-0.0021734579640906304
2.1427677903047879,0,5.4847754654474556e-05,38,42,75,6.4084854125976562,-55.757230157047729,6.1589192565139399,-3617.4425902779676,0,-109880.2979271759,-3059.6169948918964,-116606.95468557689,0.0011376694164937362
2.1427677903047879,0,5.4847754654474556e-05,38,42,76,6.2077198028564453,-42.322891696684813,6.017449747407146,990.4621850946736,0,330.61773273205949,-3118.4601092725097,-1833.6856333950543,0
2.1427677903047879,0,5.4847754654474556e-05,38,42,77,-2.7870745658874512,67.326351665605856,5.9496103721065108,-2241.3263697070051,0,153096.67549333276,-2502.3977942797624,148426.22729138372,2.9103830456733704e-11
2.1427677903047879,0,5.4847754654474556e-05,38,42,78,-8.1717128753662109,63.369510406836206,5.5204134451935456,2857.9407430244123,0,19452.961777438646,-955.15653381210257,21424.635910502988,3.637978807091713e-12
2.1427677903047879,0,5.4847754654474556e-05,38,42,79,9.394526481628418,-42.653758753063393,4.626938090673419,-11241.541930466856,0,-219554.03040877832,-812.85154661220997,-231646.45070651977,0
2.1427677903047879,0,5.4847754654474556e-05,38,42,80,17.318046569824219,-115.27272360656059,3.5048209006425655,3303.2040368161283,0,-61723.267864102629,-1086.120417318788,-59617.952147311211,-7.2759576141834259e-12
2.1427677903047879,0,5.4847754654474556e-05,38,42,81,5.4954233169555664,-25.170373422471997,2.3751462215605863,10288.367590324398,0,147856.31183603339,-1053.0490808305092,157068.83511832639,0
2.1427677903047879,0,5.4847754654474556e-05,38,42,82,-3.0368466377258301,58.223373879609213,1.6640870561185681,-121.39632151789721,0,82356.452095176865,-751.58393986483281,81543.359294729875,1.4551915228366852e-11
2.1427677903047879,0,5.4847754654474556e-05,38,42,83,2.322502613067627,11.362360839126701,1.2567361410879865,-1305.2658376289994,0,-89953.965697463253,-657.08416073931528,-91903.700945767283,-0.0043469159427331761
2.1427677903047879,0,5.4847754654474556e-05,38,42,84,8.8047294616699219,-30.901721202544156,1.0297148477266111,-2961.6233820778334,0,-79689.349655847051,-801.08444515666702,-83481.929489436356,1.4551915228366852e-11
2.1427677903047879,0,5.4847754654474556e-05,38,42,85,3.1466028690338135,3.7262845144568648,1.064016853850605,1141.1436793151909,0,82135.37664418832,-817.81137770226337,82463.494900253616,-0.0043469159427331761
2.1427677903047879,0,5.4847754654474556e-05,38,42,86,-2.8956298828125,17.949366813217658,1.2770423991452622,-579.36565060867167,0,73081.350610979949,-728.71916200884607,71792.492207574789,-1.4551915228366852e-11
2.1427677903047879,0,5.4847754654474556e-05,38,42,87,-0.03615296259522438,22.049010124143397,1.5633014327789405,2445.0970200118913,0,-10974.655419092416,-629.10306281935596,-9135.0492182635207,-6.7920560468337499e-05
2.1427677903047879,0,5.4847754654474556e-05,38,42,88,2.1997144222259521,4.8025651420534672,1.7482371828461316,650.69419430427718,0,-16101.326576652466,-647.67743464038847,-16091.759014663678,0
2.1427677903047879,0,5.4847754654474556e-05,38,42,89,3.5795071125030518,-4.0766598949513,1.7075907064507818,-2031.2094938087489,0,-38568.055166353639,-693.62650960744304,-41295.260238958334,0
2.1427677903047879,0,5.4847754654474556e-05,38,42,90,6.2488255500793457,-36.349335081580286,1.7478841816461133,-1970.3961397773319,0,-32833.55149240842,-701.76610970921774,-35540.3151927949,7.2759576141834259e-12
2.1427677903047879,0,5.4847754654474556e-05,38,42,91,2.7606437206268311,10.113179135970862,2.166858400752008,1355.420553770135,0,72657.439368296327,-677.55378791114822,73347.586171692034,0
2.1427677903047879,0,5.4847754654474556e-05,38,42,92,-3.469153881072998,65.278575652760381,2.5724352890829105,-157.17578663816832,0,78428.665788121274,-637.19267338779537,77702.146165579179,-0.0021734579786425456
2.1427677903047879,0,5.4847754654474556e-05,38,42,93,2.2606604099273682,0.62972867062215498,2.5565607150124872,-2754.0190235941704,0,-87371.758526484642,-608.63343564752302,-90731.224696340694,1.4551915228366852e-11
2.1427677903047879,0,5.4847754654474556e-05,38,42,94,11.73757266998291,-65.010200023400756,2.7275884035192401,-828.78299354038313,0,-86449.403820372405,-610.68952688818501,-87951.158952420854,0
2.1427677903047879,0,5.4847754654474556e-05,38,42,95,4.5246748924255371,-5.3315091179374221,3.3580092801773578,5123.6837395787707,0,92518.463532893322,-592.69329488746541,97047.480477746867,0
2.1427677903047879,0,5.4847754654474556e-05,38,42,96,-0.7375219464302063,35.598558173828351,3.6453989523784003,395.05750138825914,0,19907.284044053911,-559.34918942381341,19782.237399873549,0.001086728985683294
2.1427677903047879,0,5.4847754654474556e-05,38,42,97,6.7216024398803711,-19.104835917454231,3.6472028269811245,-4311.8102490535557,0,-98470.217371797946,-552.07788578149371,-103349.56531318145,-0.0021734579786425456
2.1427677903047879,0,5.4847754654474556e-05,38,42,98,6.3805522918701172,-23.757750969791534,4.1357724066881589,2866.3998414479388,0,34956.959073351289,-527.31567911673551,37276.421257119386,0
2.1427677903047879,0,5.4847754654474556e-05,38,42,99,-2.2118651866912842,14.441153068271573,4.7374400687271185,381.92438159787895,0,97735.432088591755,-467.54123799550501,97668.998172247069,0.0043469159427331761
2.1427677903047879,0,5.4847754654474556e-05,38,42,100,-0.46428948640823364,8.0551886400738208,4.7828842307293318,111.89070308128525,0,-21256.33636596872,-442.37259469015089,-21573.979641342292,0.0005433644910226576
2.1427677903047879,0,5.4847754654474556e-05,38,42,101,3.4059464931488037,-7.897318437858921,4.2415621304663782,-727.65199414503536,0,-29346.212096280578,-472.38587581309002,-30549.905722546097,-3.637978807091713e-12
2.1427677903047879,0,5.4847754654474556e-05,38,42,102,1.740031361579895,-2.695121711789179,1.927891047990387,343.23030933836088,0,1084.3751305679937,-607.47280909095491,819.36540015160085,-1.1368683772161603e-13
2.1427677903047879,0,5.4847754654474556e-05,38,42,103,1.5145449638366699,1.5355801669157751,0.01192190850841671,16.407434223844415,0,-9646.9116791262877,-668.76215041804312,-10297.718893245061,0
2.1427677903047879,0,5.4847754654474556e-05,38,42,104,1.2966582775115967,0.1658211037285271,-0.00063829792482122429,15.333745986120327,0,-8292.1051272329878,-615.07230488691096,-8891.6785033279757,0
2.1427677903047879,0,5.4847754654474556e-05,38,42,105,1.0967639684677124,0.050354275002031733,-0.00036474166669969282,13.847100733886974,0,-6105.7074741006427,-562.58220815582672,-6654.3925919892472,-9.0949470177292824e-13
2.1427677903047879,0,5.4847754654474556e-05,38,42,106,0.94892477989196777,0.033048444298844487,-0.00044657473232359091,8.6145006684603711,0,-4387.2411946696157,-514.49771073216505,-4893.0918028637534,0
2.1427677903047879,0,5.4847754654474556e-05,38,42,107,0.82706433534622192,0.017873985991077399,-0.00048632222226625707,6.0813354031416971,0,-2893.8071464635277,-470.96878121593193,-3358.6772046125488,0
2.1427677903047879,0,5.4847754654474556e-05,38,42,108,0.72089564800262451,0.01132906217751828,-0.00046177232201131621,4.5207925798908972,0,-1588.278320420025,-431.76829324914723,-2015.5149537994257,2.2737367544323206e-13
2.1427677903047879,0,5.4847754654474556e-05,38,42,109,0.62741267681121826,0.0069950057068776071,-0.0004746317935734281,3.3982015378170281,0,-439.45255390597617,-396.6071769216544,-832.65500891590034,-1.1368683772161603e-13
2.1427677903047879,0,5.4847754654474556e-05,38,42,110,0.54362004995346069,0.0048250548643840631,-0.00047813892218127678,2.635317789960439,0,627.85549794394376,-365.16158699575948,265.33357565408693,0
2.1427677903047879,0,5.4847754654474556e-05,38,42,111,0.46666696667671204,0.0031680733676774635,-0.00045125090380072251,2.0968435776200689,0,1618.124788643682,-337.0892038410139,1283.1351452027523,2.2737367544323206e-13
2.1427677903047879,0,5.4847754654474556e-05,38,42,112,0.39607545733451843,0.0020486111817868461,-0.00041851770346080136,1.6583484319503627,0,2542.6469757176033,-312.04988128494028,2232.2570729580916,-4.5474735088646412e-13
2.1427677903047879,0,5.4847754654474556e-05,38,42,113,0.33095452189445496,0.0014678372524203499,-0.00038110826686965339,1.3073349696174879,0,3403.1260502150508,-289.72194754781566,3114.7125243658384,0
2.1427677903047879,0,5.4847754654474556e-05,38,42,114,0.26989996433258057,0.0008940776126565987,-0.00035071311988125044,1.0285889848237342,0,4221.7899668064783,-269.80546542962804,3953.013633726167,0
2.1427677903047879,0,5.4847754654474556e-05,38,42,115,0.21208883821964264,0.00085900632657811172,-0.00031564183380276346,0.79874580437976195,0,5004.0935616348588,-252.03201287094643,4752.8611096150307,0.0002716822455113288
2.1427677903047879,0,5.4847754654474556e-05,38,42,116,0.15649653971195221,0.00054290040257711609,-0.0002712181561894419,0.59416907284984333,0,5764.252879924672,-236.16196613045682,5528.6850828670649,-0.0002716822464208235
2.1427677903047879,0,5.4847754654474556e-05,38,42,117,0.10329978168010712,0.00035328327500921801,-0.00021744215181538097,0.40195388353056388,0,6484.3999236954942,-221.98558651394799,6262.8161552239535,-0.0002716822464208235
2.1427677903047879,0,5.4847754654474556e-05,38,42,118,0.051860958337783813,0.00030885961358942025,-0.00017301849039558321,0.22624339067933563,0,7166.3614843720361,-209.32791065474626,6957.2601567107768,0.0002037616841334966
2.1427677903047879,0,5.4847754654474556e-05,38,42,119,0.0028170044533908367,0.0002501006514300694,-0.00012274959843584717,0.031205253018684258,0,7809.7191712948606,-198.03679649487452,7611.7138984306366,0.00019102657915937016
2.1427677903047879,0,5.4847754654474556e-05,38,42,120,-0.043738223612308502,0.00020832183776671009,-7.2480714572873025e-05,-0.14602920743337483,0,8400.1281618546982,-187.98401001403781,8211.9981226332275,-0.0001358411227556644
2.1427677903047879,0,5.4847754654474556e-05,38,42,121,-0.087614171206951141,0.00017558861313650323,-3.974748994266616e-05,-0.24940430218388485,0,8945.3781294199762,-179.0592482202027,8766.0693410564672,-0.0002716822455113288
2.1427677903047879,0,5.4847754654474556e-05,38,42,122,-0.12793721258640289,0.00029038694646553383,-1.8704700077859706e-05,-0.32737710689714733,0,9427.9542629305761,-171.17557279452518,9256.4513130291543,-0.0002716822455113288
2.1427677903047879,0,5.4847754654474556e-05,38,42,123,-0.16483044624328613,0.00026700607136820916,4.6761750194649266e-06,-0.37247635979750121,0,9854.9474690172137,-164.25745607250946,9690.3178082671529,0
2.1427677903047879,0,5.4847754654474556e-05,38,42,124,-0.19737756252288818,0.00024245615036531595,2.922609602235817e-05,-0.38443037863855889,0,10207.593198286386,-158.24295450197911,10048.966628452506,0.0005433644910226576
2.1427677903047879,0,5.4847754654474556e-05,38,42,125,-0.22539108991622925,0.00022141336657308092,5.0268879814593203e-05,-0.35617542501424077,0,10489.905827610717,-153.07610154017834,10336.473278963278,-0.00054336449284164701
2.1427677903047879,0,5.4847754654474556e-05,38,42,126,-0.24799840152263641,0.00020504675020959653,6.6635496178077576e-05,-0.29667701305534011,0,10688.688120189679,-148.71614485014894,10539.676113373214,0.00054336449284164701
2.1427677903047879,0,5.4847754654474556e-05,38,42,127,-0.26488777995109558,0.00046153142715145011,8.1833065623898121e-05,-0.16952972174590863,0,10801.155876362291,-145.12776573986054,10655.858580900685,-0.0005433644910226576
2.1427677903047879,0,5.4847754654474556e-05,38,42,128,-0.27281063795089722,0.00044750289652653152,9.58615962488167e-05,0.011410654348282314,0,10760.93603660706,-142.32237486366142,10618.626159126732,0.00054336449284164701
2.1427677903047879,0,5.4847754654474556e-05,38,42,129,-0.27051731944084167,0.00044750289652653152,9.58615962488167e-05,0.22603962899454486,0,10548.784804047853,-140.30214567952268,10408.708697997325,-0.00054336449284164701
2.1427677903047879,0,5.4847754654474556e-05,38,42,130,-0.25589275360107422,0.00088799153583736566,0.0001987374497133308,0.61019832538671603,0,10137.21228226618,-139.06164454251655,9998.7624661425289,0.00054336449284164701
2.1427677903047879,0,5.4847754654474556e-05,38,42,131,-0.21363209187984467,-0.00055178868772019459,0.00055178868772019459,0.89655141307932462,0,9068.6001556335996,-138.86983687656684,8930.6271418523575,0.0002716822455113288
2.1427677903047879,0,5.4847754654474556e-05,38,42,132,-0.10010451823472977,1.0048470154849595e-05,0.0003974748994266616,0.0016300934783260448,0,6324.784430484764,-140.47086035452941,6184.3158794293295,0.00027168224733031821
2.1428226380594424,0,5.9166559367440641e-05,38,42,0,0.0091868136078119278,0,4.4209306929962526,43.965719724685464,0,-48797.893368126817,11066.255355831865,-37683.251535024887,-0.00017314762226305902
2.1428226380594424,0,5.9166559367440641e-05,38,42,1,26.493352890014648,-1175.5115614151373,8.8568199621485544,-13181.296599149757,0,20566.456442185547,5709.7095286523627,11928.214630235163,-1.8189894035458565e-12
2.1428226380594424,0,5.9166559367440641e-05,38,42,2,35.031368255615234,-813.32224762321698,8.8172537657760461,-78110.033302876735,0,-19662.113655173092,12043.268257542313,-86533.383694364951,0
2.1428226380594424,0,5.9166559367440641e-05,38,42,3,38.615699768066406,-781.24966926101138,8.9171382930449514,-18029.280571190353,0,37133.791931173822,-6919.2716329369059,11412.9071960786,5.4569682106375694e-12
2.1428226380594424,0,5.9166559367440641e-05,38,42,4,30.973466873168945,-553.74277692857288,9.1964411279681357,48540.21950296306,0,53406.481818148277,-5005.9449621792992,96396.21002313144,0
2.1428226380594424,0,5.9166559367440641e-05,38,42,5,32.342277526855469,-408.39511399089253,9.2373629914200936,-30810.452311237746,0,-20341.797229884196,24417.803277261217,-27133.604014860197,-3.637978807091713e-12
2.1428226380594424,0,5.9166559367440641e-05,38,42,6,41.930576324462891,-507.72195248524616,9.0165407616281286,-109636.59692736778,0,-87955.032605613276,42324.099934700724,-155766.23501000393,0
2.1428226380594424,0,5.9166559367440641e-05,38,42,7,49.185344696044922,-984.78517620351727,9.1020481345435638,-80377.450487039139,0,-21598.296314095667,-16475.331271466675,-119426.76120067046,1.4551915228366852e-11
2.1428226380594424,0,5.9166559367440641e-05,38,42,8,43.529624938964844,-1070.5796258880271,9.4041415235759906,36524.191456985485,0,17065.589583597215,-9942.6449841916728,42585.960572026575,7.2759576141834259e-12
2.1428226380594424,0,5.9166559367440641e-05,38,42,9,44.417453765869141,-852.9631011130391,9.3869398988414599,-29455.533859088835,0,-2350.1371638962637,-8859.9352260695377,-41509.182410268833,0
2.1428226380594424,0,5.9166559367440641e-05,38,42,10,40.258163452148438,-1084.6885293397886,9.4577405466693065,51154.409415885064,0,28534.202206402282,-4522.0685413666606,74091.312292127564,0
2.1428226380594424,0,5.9166559367440641e-05,38,42,11,35.152294158935547,-2046.7676022130429,9.5866204119880116,22871.010577498928,0,-18891.683103474144,16034.652345916458,17976.798838140188,0
2.1428226380594424,0,5.9166559367440641e-05,38,42,12,40.973934173583984,-4710.8663839080937,9.3670525185721711,-71966.769211698775,0,-92156.375863124849,36636.569418541309,-132188.07498767183,0
2.1428226380594424,0,5.9166559367440641e-05,38,42,13,42.467426300048828,-3475.7624119658772,7.3903856346511656,-27709.903733372357,0,-27421.705518711133,-32912.558483679488,-91512.539762094195,1.4551915228366852e-11
2.1428226380594424,0,5.9166559367440641e-05,38,42,14,21.337076187133789,1107.0425264302201,3.8423144227777648,55267.681362160118,0,98806.469074090695,-18632.240236405516,136552.79504069829,0
2.1428226380594424,0,5.9166559367440641e-05,38,42,15,6.6797480583190918,422.76749916070139,1.9299649892582076,2654.5505577492777,0,34620.79376275088,-9042.8153683260389,28657.22641632408,3.637978807091713e-12
2.1428226380594424,0,5.9166559367440641e-05,38,42,16,11.336915016174316,1.7022175929284942,1.7954900458570622,-3867.2718818365943,0,-92005.466702903053,-4379.4926292981008,-100248.73350639896,0
2.1428226380594424,0,5.9166559367440641e-05,38,42,17,9.7421731948852539,-23.229158893675315,2.2267945925804775,4806.5595083001408,0,37568.668208106705,-2470.2036348700594,39884.021717235686,-7.2759576141834259e-12
2.1428226380594424,0,5.9166559367440641e-05,38,42,18,0.056183580309152603,17.914748167377663,2.7818059738384782,1303.438834500153,0,96559.304745449655,-1479.0790140916083,96404.361875552611,0.00075555319199338555
2.1428226380594424,0,5.9166559367440641e-05,38,42,19,1.1476844549179077,8.3245364181809904,2.8576510214848145,-1220.97800951574,0,-60312.979564892848,-1007.9966275567864,-62530.769999717158,0.002014808553212788
2.1428226380594424,0,5.9166559367440641e-05,38,42,20,10.671578407287598,-45.586718299415011,3.1467910509248269,-3127.5953678095475,0,-88282.447053846699,-891.62531545944989,-92344.107664364186,0
2.1428226380594424,0,5.9166559367440641e-05,38,42,21,5.2075896263122559,-23.550204075609429,4.0710350365663652,4836.9750581360313,0,79970.31409419082,-898.2500059642465,83889.559977323559,0
2.1428226380594424,0,5.9166559367440641e-05,38,42,22,-3.3814237117767334,37.799997294568598,5.3491425627075957,-679.78834475558267,0,103038.24399990654,-758.42229275473176,101643.1825022535,1.4551915228366852e-11
2.1428226380594424,0,5.9166559367440641e-05,38,42,23,-2.3821282386779785,22.686481574167559,6.4839165792525382,1084.3619011312392,0,-24551.256136225849,-577.76649913487677,-24015.490336076065,0
2.1428226380594424,0,5.9166559367440641e-05,38,42,24,4.0100059509277344,-14.721946828435067,7.0414966446501941,-2899.1483154385442,0,-89141.093982997598,-477.33433745829637,-92525.257086078214,0
2.1428226380594424,0,5.9166559367440641e-05,38,42,25,6.7716779708862305,-43.701996239450352,7.3709685075487688,90.247304468019962,0,-34241.848571101815,-405.98392235903782,-34593.916216724734,0
2.1428226380594424,0,5.9166559367440641e-05,38,42,26,1.8594892024993896,2.4804339511964772,7.7487490454131258,2414.508282186333,0,69228.330085257985,-289.51186983431694,71363.555680606602,-1.4551915228366852e-11
2.1428226380594424,0,5.9166559367440641e-05,38,42,27,-2.504291296005249,32.161968767024234,7.9971952054836635,-75.982459950392226,0,64173.308416474109,-141.08898336036714,63996.39613713586,0
2.1428226380594424,0,5.9166559367440641e-05,38,42,28,-0.28469640016555786,5.8037932607703837,8.063126568689059,-47.450756106589076,0,-29706.020902162993,-1.0436708277021418,-29740.648409267826,-3.637978807091713e-12
2.1428226380594424,0,5.9166559367440641e-05,38,42,29,3.8618636131286621,-28.071608342074747,8.161270273826549,-2026.0229720639613,0,-56209.33840347574,32.720490814445526,-58222.552733899916,-0.0015111064130906016
2.1428226380594424,0,5.9166559367440641e-05,38,42,30,4.7455320358276367,-59.06392368715867,8.3229852221958502,1340.879266188625,0,-18408.43933254548,-177.17017483235549,-17295.471179654171,0
2.1428226380594424,0,5.9166559367440641e-05,38,42,31,2.1573486328125,7.2597083790899664,8.4195317390144115,1819.0900453651657,0,43991.164615908674,-201.19072233788626,45624.743179054058,0
2.1428226380594424,0,5.9166559367440641e-05,38,42,32,-1.2691748142242432,28.539426620707125,8.3154513335932183,746.61551466528283,0,44541.948798972917,-62.650471790343822,45262.768719802159,7.2759576141834259e-12
2.1428226380594424,0,5.9166559367440641e-05,38,42,33,1.848949670791626,0.78089178397376224,8.1970951045218818,-1248.6453604925853,0,-34382.49832619878,343.90993766440107,-35278.257273244883,-0.0015111064130906016
2.1428226380594424,0,5.9166559367440641e-05,38,42,34,1.903227686882019,-26.731588494046207,8.2960902827052845,28.142845794099454,0,-11680.667192832083,372.51996719049555,-11298.439878058829,0
2.1428226380594424,0,5.9166559367440641e-05,38,42,35,2.7476539611816406,-19.043252715576767,8.167316175159467,-442.13764693874288,0,-35593.067834757167,42.724015253714128,-36003.359417791165,-0.002014808553212788
2.1428226380594424,0,5.9166559367440641e-05,38,42,36,2.5300705432891846,-10.111549363670237,7.5527425081070714,343.4926204439613,0,10452.584968377196,-97.274956682354073,10696.24382528324,0
2.1428226380594424,0,5.9166559367440641e-05,38,42,37,2.9040014743804932,-19.07685466545496,6.1498430234917532,-46.84429873373513,0,-5652.6541801989479,-93.362198482744887,-5805.7876890573907,9.0949470177292824e-13
2.1428226380594424,0,5.9166559367440641e-05,38,42,38,0.82122772932052612,6.1714510581311126,4.9674179977594113,876.48100701075657,0,34037.555043600485,121.96845024281247,35047.144377314216,0.0010074042729684152
2.1428226380594424,0,5.9166559367440641e-05,38,42,39,-2.6224491596221924,40.038544035200125,4.6942353405584747,-413.12037423494706,0,35816.493984227338,161.84453361437028,35609.948908173967,-0.002014808553212788
2.1428226380594424,0,5.9166559367440641e-05,38,42,40,2.1899950504302979,-13.333724063213634,4.1945524909029865,-1110.2642798203101,0,-61533.252391416892,57.295110670590361,-62595.362746947474,-0.0020148085459368303
2.1428226380594424,0,5.9166559367440641e-05,38,42,41,6.5198836326599121,-28.680620625963041,3.3907437353891332,535.32657188638666,0,-9563.1034092124864,16.02981680540201,-9037.0368974112716,0
2.1428226380594424,0,5.9166559367440641e-05,38,42,42,-0.69632995128631592,16.850132627625651,2.3802075557780022,816.81446667953799,0,93253.116747973079,-2.8287912009532956,94086.334778443619,0.0020148085459368303
2.1428226380594424,0,5.9166559367440641e-05,38,42,43,-3.7655200958251953,35.416659923583858,1.293151815282982,474.78963426256706,0,28098.177488597223,-80.394890669827916,28529.282043928826,-3.637978807091713e-12
2.1428226380594424,0,5.9166559367440641e-05,38,42,44,4.2030754089355469,-19.600193315370909,0.62069679615435225,-1769.6547028391044,0,-81232.914018684693,-70.384314400642424,-83091.93253244365,0
2.1428226380594424,0,5.9166559367440641e-05,38,42,45,7.5735235214233398,-42.844736767673538,0.59017190557060628,436.18993210596926,0,-11359.563124970025,-8.8409799072528923,-10974.468737633411,0
2.1428226380594424,0,5.9166559367440641e-05,38,42,46,-0.90862399339675903,15.33202591311384,0.91438281116457754,376.65435433035037,0,95811.07738394622,23.815037033666634,96227.793184034512,0
2.1428226380594424,0,5.9166559367440641e-05,38,42,47,-4.8495430946350098,47.53392979897415,0.94236385838788261,689.64478817087013,0,23897.801339188543,20.587313740271206,24656.509734757044,0
2.1428226380594424,0,5.9166559367440641e-05,38,42,48,3.2294802665710449,-12.404792179827565,0.67054719809537633,-2034.4529310274859,0,-100235.35517764231,6.6005128022243564,-102274.9458704664,-0.0040296170918736607
2.1428226380594424,0,5.9166559367440641e-05,38,42,49,10.261487007141113,-53.871885587306117,0.61646605482925654,-644.91603841220694,0,-61562.193101395882,-6.2217287952591001,-62266.586288135819,7.2759576141834259e-12
2.1428226380594424,0,5.9166559367440641e-05,38,42,50,3.5218284130096436,-5.1499944661630463,0.91889651601922828,2887.2367673046156,0,99661.215333893269,-10.783255347223674,102533.43371828343,-0.0040296170918736607
2.1428226380594424,0,5.9166559367440641e-05,38,42,51,-4.6455636024475098,43.580602671736479,1.0836732134007396,-455.90281893654412,0,86740.514072301419,14.158563366737212,86343.435603723163,0.0015111064130906016
2.1428226380594424,0,5.9166559367440641e-05,38,42,52,0.38708636164665222,6.2472362788512736,0.82474172353196529,-299.42271308039187,0,-89957.2123333239,71.533762677098153,-90178.026787214127,0.0025185106933349743
2.1428226380594424,0,5.9166559367440641e-05,38,42,53,10.145054817199707,-51.949428231668549,0.72493571526072365,-1729.6567235504115,0,-83552.063427117522,139.65846929150899,-85193.286173892833,0
2.1428226380594424,0,5.9166559367440641e-05,38,42,54,4.2009968757629395,-4.3843730593141244,1.1042647436788211,3302.166439615386,0,85390.560108414022,199.99795567765523,88889.444395391416,-1.4551915228366852e-11
2.1428226380594424,0,5.9166559367440641e-05,38,42,55,-3.3757421970367432,35.821923709294019,1.4600936571160839,-807.7085394482641,0,80222.793782918641,276.08720048107489,79728.458490934965,0.0040296170918736607
2.1428226380594424,0,5.9166559367440641e-05,38,42,56,-1.9074631929397583,34.490554724113636,1.5704886623978238,775.78591281870285,0,-47767.282529430791,371.26474146528625,-46584.168816951744,0.0020148085459368303
2.1428226380594424,0,5.9166559367440641e-05,38,42,57,5.9340529441833496,-22.838383185006009,1.7070711368591662,-1819.3157039225066,0,-98984.747393624275,445.40251826473627,-100379.79446493331,-0.0025736031093401834
2.1428226380594424,0,5.9166559367440641e-05,38,42,58,5.3180270195007324,-33.579668314110421,2.0438849257051643,-145.68677646619011,0,10276.506819777687,484.47280414275332,10583.757064065845,0
2.1428226380594424,0,5.9166559367440641e-05,38,42,59,-0.10889984667301178,19.158737252191706,2.6354468081443323,680.37666885150747,0,75077.89150482243,526.61453972618574,76306.679164120083,0.0022666596196359023
2.1428226380594424,0,5.9166559367440641e-05,38,42,60,-3.1380734443664551,52.896185218752578,3.4821875626399601,-711.79962296124222,0,46035.945455551606,575.75874241710619,45956.282947788866,0
2.1428226380594424,0,5.9166559367440641e-05,38,42,61,-1.1921188831329346,30.150850919662215,4.1190276679550255,1573.50704629608,0,-35066.977145253382,601.11410058547995,-32858.086119784202,0
2.1428226380594424,0,5.9166559367440641e-05,38,42,62,4.075439453125,-25.840862589909477,4.3468850031788815,-2064.6549111573222,0,-64886.252450690437,592.68666013263987,-66379.71619040826,-0.0015111063985386863
2.1428226380594424,0,5.9166559367440641e-05,38,42,63,4.9402527809143066,-23.303385847396452,4.662377164191402,527.84760255737046,0,5966.1785383046044,536.8900633193922,7012.2751954981622,0
2.1428226380594424,0,5.9166559367440641e-05,38,42,64,-1.1234291791915894,8.9829894771015972,5.2032775071663186,79.49024163191622,0,95993.030714270775,507.69951708049518,96594.408754776014,0.0020148085459368303
2.1428226380594424,0,5.9166559367440641e-05,38,42,65,-4.9568829536437988,85.090817150959381,5.5675082607888298,1050.2149258650309,0,53712.233044876957,531.90341216386548,55385.007693509055,-0.002014808553212788
2.1428226380594424,0,5.9166559367440641e-05,38,42,66,0.65926653146743774,10.941628349969687,5.5002168034344221,-1090.3952453272896,0,-91184.480575125519,575.8242236949061,-91682.606729391686,0.0030222128116292879
2.1428226380594424,0,5.9166559367440641e-05,38,42,67,13.840171813964844,-111.72662402742816,5.4092065830524403,-9233.6419154946198,0,-156434.57118297447,489.46952934101841,-165285.06904580665,-0.0080592341837473214
2.1428226380594424,0,5.9166559367440641e-05,38,42,68,12.688728332519531,-116.24435948296747,5.8006141329276826,11421.949656840621,0,54286.856442677439,-129.36682722992109,65468.995526938103,-7.2759576141834259e-12
2.1428226380594424,0,5.9166559367440641e-05,38,42,69,1.2813714742660522,37.977496221619106,6.1891219522392982,4928.9591275721577,0,144186.50166617683,-840.57812609523853,148319.04525621049,-0.0040296171209774911
2.1428226380594424,0,5.9166559367440641e-05,38,42,70,-0.62261229753494263,44.978778350154151,6.02408522600805,410.02462090142512,0,-1831.9455313036858,7747.8173223853546,6376.8992755592553,-9.0949470177292824e-13
2.1428226380594424,0,5.9166559367440641e-05,38,42,71,9.7732925415039062,-71.127205695179043,5.7345794714324887,-10495.347264993316,0,-161519.86736499591,11769.768071236469,-160310.84724421069,-0.0080592341837473214
2.1428226380594424,0,5.9166559367440641e-05,38,42,72,13.913776397705078,-108.179660812687,5.8918604636863474,198.70847820713522,0,-59907.656499737452,-9876.6076192326655,-69687.843441111982,0
2.1428226380594424,0,5.9166559367440641e-05,38,42,73,2.6443631649017334,26.063935738625812,6.3583634107619602,8453.9150371566411,0,118032.0704277902,-4190.6728314430156,122327.7349326532,0
2.1428226380594424,0,5.9166559367440641e-05,38,42,74,-4.2192926406860352,57.62637451286863,6.5090111771209047,-385.11050580499494,0,53640.667045263101,1360.3977239943481,54680.089649142443,0
2.1428226380594424,0,5.9166559367440641e-05,38,42,75,0.012855770997703075,48.910812502536345,6.2963111442868049,-164.15555049995143,0,-72795.073124121496,1794.0338862661235,-71109.988042485114,-0.00037777662510052323
2.1428226380594424,0,5.9166559367440641e-05,38,42,76,6.1071462631225586,-55.633624577122625,5.9806827279110752,-2855.6365100426842,0,-86916.447154685506,7.7761535898000318,-89813.958438179048,0.0020148085459368303
2.1428226380594424,0,5.9166559367440641e-05,38,42,77,5.3537707328796387,-7.89146350311555,5.7799441451390159,1733.6702221774049,0,56535.310248789014,-734.96992125964891,57531.899030348788,-7.2759576141834259e-12
2.1428226380594424,0,5.9166559367440641e-05,38,42,78,-6.996619701385498,49.571623959792369,5.6260710126552702,-2644.0090794277767,0,166282.02049290499,-661.38105386390941,163031.82402496866,-0.0040296170918736607
2.1428226380594424,0,5.9166559367440641e-05,38,42,79,-3.3107612133026123,51.782192112683674,4.902431567957362,2096.0939837354385,0,-71217.373261237692,-435.069698553455,-69499.664352375068,0
2.1428226380594424,0,5.9166559367440641e-05,38,42,80,14.048135757446289,-85.545131391735396,3.4054165196100734,-9450.8221584669554,0,-192348.5657824415,-703.14803505747193,-202584.67166122096,0.0040296170918736607
2.1428226380594424,0,5.9166559367440641e-05,38,42,81,14.110296249389648,-99.509795137355979,2.0575353028054093,4801.7078493173094,0,1444.9078611228279,-1049.5218317246265,5099.6416188809599,-9.0949470177292824e-13
2.1428226380594424,0,5.9166559367440641e-05,38,42,82,1.4356235265731812,12.676961407021086,1.569749833677456,4595.2060916477185,0,123502.29981246441,-945.89619849996132,127165.86044646996,0.0040296170918736607
2.1428226380594424,0,5.9166559367440641e-05,38,42,83,-2.7182090282440186,33.101273643318386,1.4204560127597983,307.64111714640933,0,17276.822111736776,-714.94473910418242,16904.040219435083,3.637978807091713e-12
2.1428226380594424,0,5.9166559367440641e-05,38,42,84,4.2259330749511719,-1.8464338110059408,1.1936358415551804,-1360.1327766703273,0,-108595.09403366294,-763.02008586055467,-110718.89969416328,0
2.1428226380594424,0,5.9166559367440641e-05,38,42,85,7.6695404052734375,-27.349322596869815,1.0601006666428916,-1828.9061926094992,0,-26486.971359565359,-1044.6218173366503,-29386.788591441738,-3.637978807091713e-12
2.1428226380594424,0,5.9166559367440641e-05,38,42,86,1.0420271158218384,19.545697195820356,1.1201940778106665,989.97819471481682,0,72831.428329555973,-1111.3845133728244,72730.685887363055,-0.0020148085459368303
2.1428226380594424,0,5.9166559367440641e-05,38,42,87,-0.53718990087509155,11.914273487141207,1.3804407147749758,500.30516971048195,0,34721.389123919827,-1020.0532419061486,34214.933751117525,-0.002014808553212788
2.1428226380594424,0,5.9166559367440641e-05,38,42,88,1.3171175718307495,4.8439187435976585,1.758608867174386,1789.5731001415434,0,6649.1502805655336,-964.60772548233535,7480.7181828355133,0
2.1428226380594424,0,5.9166559367440641e-05,38,42,89,1.3145548105239868,17.495098619123219,1.9417594404184073,603.23770879474262,0,-15824.184437620745,-994.14179657861303,-16195.651667345073,0
2.1428226380594424,0,5.9166559367440641e-05,38,42,90,4.2995190620422363,-18.315880882314964,1.8589246648031983,-2267.6428427197457,0,-65119.676080174228,-1004.0123436537343,-68407.787719063082,0.00050370214739814401
2.1428226380594424,0,5.9166559367440641e-05,38,42,91,6.7835941314697266,-34.806560917092057,1.981300058166775,-662.09832570688616,0,-21554.300954648363,-951.44901085738809,-23200.673552071563,0
2.1428226380594424,0,5.9166559367440641e-05,38,42,92,0.79263436794281006,33.239492411879795,2.5042186283708752,762.29777699620865,0,96304.503997274893,-863.88543137488796,96238.662068745005,0.0020148085459368303
2.1428226380594424,0,5.9166559367440641e-05,38,42,93,-2.7157435417175293,54.45476555592311,2.7859452838796872,644.55740249071857,0,22447.092844256924,-789.59339579600555,22359.297561791438,-3.637978807091713e-12
2.1428226380594424,0,5.9166559367440641e-05,38,42,94,6.9136490821838379,-37.693587020815833,2.7084513987695207,-3700.3006678726333,0,-122833.99587643065,-792.84227457915165,-127362.11992488739,0.0040296170918736607
2.1428226380594424,0,5.9166559367440641e-05,38,42,95,9.8475112915039062,-60.883565611015534,3.1149749317186006,2548.9262344453068,0,-8456.1837115813378,-829.84322615315943,-6794.869293968487,9.0949470177292824e-13
2.1428226380594424,0,5.9166559367440641e-05,38,42,96,0.34748935699462891,29.45726143936329,3.7407390008841843,2598.3112067576758,0,73647.304902856573,-825.61212820301557,75453.201981851467,0
2.1428226380594424,0,5.9166559367440641e-05,38,42,97,1.0531108379364014,20.333813588398126,3.8338149411138263,-873.02863256429396,0,-51244.648661118896,-825.13663338576134,-52918.648313347985,-0.0020148085459368303
2.1428226380594424,0,5.9166559367440641e-05,38,42,98,8.4250802993774414,-23.512266794887719,4.0089200532724041,-3251.852640562533,0,-69620.468243277312,-837.02400381711777,-73728.848234398582,0
2.1428226380594424,0,5.9166559367440641e-05,38,42,99,3.1450600624084473,-8.920638137482646,4.6170070796220761,3409.970785767955,0,66567.779427653688,-771.76838457461395,69201.678197789166,-1.4551915228366852e-11
2.1428226380594424,0,5.9166559367440641e-05,38,42,100,-1.6475738286972046,11.811587362683985,4.8730422207164716,-23.420134558319877,0,47700.568188799763,-686.24782095946898,47007.586877673923,0.0020148085459368303
2.1428226380594424,0,5.9166559367440641e-05,38,42,101,1.7303527593612671,0.4915419606261352,4.2956431486794422,-279.57684888566968,0,-24069.692715625955,-678.66156307528843,-25023.144446179747,-0.00050370214012218639
2.1428226380594424,0,5.9166559367440641e-05,38,42,102,1.7849717140197754,-2.6754206638390809,1.9178526499085686,57.454280545857678,0,552.03336436381164,-812.60452421914488,-203.87444732340603,8.5265128291212022e-14
2.1428226380594424,0,5.9166559367440641e-05,38,42,103,0.94973820447921753,0.81289342026017641,0.015192892839399444,69.228821698543612,0,218.15037328804604,-855.49073156094778,-567.28345026125862,0
2.1428226380594424,0,5.9166559367440641e-05,38,42,104,0.80896967649459839,0.28540169896672501,-0.00030628946893918805,5.8771965336045326,0,-188.60320593620838,-764.19270443530888,-946.63361842841493,0
2.1428226380594424,0,5.9166559367440641e-05,38,42,105,0.73178547620773315,0.016270755539370789,-0.0011596914317142967,3.9248470508953135,0,79.51341193021463,-683.63058465602285,-600.17721461080521,0
2.1428226380594424,0,5.9166559367440641e-05,38,42,106,0.68054968118667603,0.012278547806279429,-0.0011971007939980004,2.1830450614194414,0,142.42782364030552,-614.82084313539826,-470.19889298666101,0
2.1428226380594424,0,5.9166559367440641e-05,38,42,107,0.6428484320640564,0.006292574396865573,-0.0012555530276467421,1.2663071722216142,0,197.83002168034344,-555.93604852068245,-356.83468264674815,5.6843418860808015e-14
2.1428226380594424,0,5.9166559367440641e-05,38,42,108,0.61034917831420898,0.0042590611680361889,-0.0012368483465048901,0.83614554729032597,0,313.16471477989472,-505.17899158733809,-191.17510904733152,-2.8421709430404007e-14
2.1428226380594424,0,5.9166559367440641e-05,38,42,109,0.58174341917037964,0.0022477596654995394,-0.0012403553916557732,0.53493166941103987,0,473.37826087491192,-461.14535077762707,12.768849170969737,3.5527136788005009e-14
2.1428226380594424,0,5.9166559367440641e-05,38,42,110,0.55817300081253052,0.0012649054282636418,-0.0012649054282636418,0.29416204796237977,0,676.99481270421393,-422.73403322023808,254.55494153193823,2.8421709430404007e-14
2.1428226380594424,0,5.9166559367440641e-05,38,42,111,0.53704404830932617,0.0012672434983948798,-0.0012672434983948798,0.18939200348262805,0,937.180136722665,-389.0726268140225,548.29690191212512,0
2.1428226380594424,0,5.9166559367440641e-05,38,42,112,0.51850974559783936,0.00024113454340926168,-0.0012485388172530278,0.11383668294434558,0,1234.035983713303,-359.45494116301575,874.69387182895775,0
2.1428226380594424,0,5.9166559367440641e-05,38,42,113,0.50178951025009155,0.00021541553178174792,-0.0012228198056255142,0.075555320538282469,0,1559.0810170946372,-333.30675583112696,1225.8488091797747,0
2.1428226380594424,0,5.9166559367440641e-05,38,42,114,0.48671388626098633,0.00020372506103361006,-0.0012111293348773763,0.047348000870657013,0,1916.5161126885962,-310.15257600110186,1606.4098772840912,0
2.1428226380594424,0,5.9166559367440641e-05,38,42,115,0.47277259826660156,0.0001978799457514889,-0.0012052842195952552,0.03828136240606312,0,2304.6256610168239,-289.59749919759366,2015.0654357773626,2.2737367544323206e-13
2.1428226380594424,0,5.9166559367440641e-05,38,42,116,0.45973250269889832,0.00017332990914362028,-0.0011807341829873864,0.046340596596813249,0,2727.4589235580356,-271.31210422305543,2456.1921525273033,0
2.1428226380594424,0,5.9166559367440641e-05,38,42,117,0.44680118560791016,0.00013475145174832355,-0.0011421557255920898,0.072533107716751172,0,3173.4151363967835,-255.02036230645405,2918.4662997937721,-4.5474735088646412e-13
2.1428226380594424,0,5.9166559367440641e-05,38,42,118,0.43345105648040771,9.3834924221788805e-05,-0.001101239198065555,0.10376264020590792,0,3644.0149762844344,-240.49963710327,3403.6180944170965,0
2.1428226380594424,0,5.9166559367440641e-05,38,42,119,0.42030242085456848,2.9537575290926105e-05,-0.0010369418491346925,0.12693293850431456,0,4121.882734305731,-227.56154401429453,3894.447115825667,4.5474735088646412e-13
2.1428226380594424,0,5.9166559367440641e-05,38,42,120,0.4066714346408844,-4.6450244388074458e-05,-0.00096095402945569177,0.15916987526731508,0,4600.842014857737,-216.05094278135564,4384.9492345473755,9.0949470177292824e-13
2.1428226380594424,0,5.9166559367440641e-05,38,42,121,0.39318504929542542,-0.00013062142961835587,-0.00087678284422541039,0.17125872655344027,0,5071.7410538147196,-205.83485604030602,4866.0764490966931,-9.0949470177292824e-13
2.1428226380594424,0,5.9166559367440641e-05,38,42,122,0.37975835800170898,-0.00021011641454018735,-0.00079728785930357896,0.17528834364881532,0,5516.5256554829875,-196.81254336376125,5319.8873930586005,-9.0949470177292824e-13
2.1428226380594424,0,5.9166559367440641e-05,38,42,123,0.36666172742843628,0.00020941453715141438,-0.00071311667407329747,0.17730315219650286,0,5933.9521792864798,-188.89535317562309,5745.2336255609162,0
2.1428226380594424,0,5.9166559367440641e-05,38,42,124,0.35378569364547729,9.9524460385567022e-05,-0.00060322659730745014,0.1818364714287998,0,6307.3974473025,-182.01276717672246,6125.5660128950694,0
2.1428226380594424,0,5.9166559367440641e-05,38,42,125,0.34154126048088074,-2.556322234826219e-05,-0.00047813891457362096,0.17881425860726852,0,6631.3066323650755,-176.10031149353341,6455.3846314280127,9.0949470177292824e-13
2.1428226380594424,0,5.9166559367440641e-05,38,42,126,0.33007916808128357,-0.00015532707536755437,-0.00034837506155432874,0.17176242869036215,0,6888.9764679117388,-171.11063812518523,6718.0370885131069,0
2.1428226380594424,0,5.9166559367440641e-05,38,42,127,0.31956213712692261,0.00018237083628247134,-0.00018237083628247134,0.16269579022576824,0,7073.9530184621099,-167.00445830499802,6907.1112559473377,9.0949470177292824e-13
2.1428226380594424,0,5.9166559367440641e-05,38,42,128,0.30959716439247131,-3.9747488708042368e-05,3.9747488708042368e-05,0.15765876885654942,0,7134.6325037906781,-163.79889790562717,6970.9912646539078,0
2.1428226380594424,0,5.9166559367440641e-05,38,42,129,0.30037698149681091,0.000214948314058928,0.00028875382286295512,0.1430514068858148,0,7049.4846797568553,-161.49597173562032,6888.1322631302583,9.0949470177292824e-13
2.1428226380594424,0,5.9166559367440641e-05,38,42,130,0.29251691699028015,-0.00033099514471137352,0.00083469728163325667,0.17629574792265909,0,6783.903698447697,-160.09366498642981,6623.9868329113269,0
2.1428226380594424,0,5.9166559367440641e-05,38,42,131,0.27619275450706482,0.00074725365087207121,0.0022749591706592276,0.39792468816828769,0,6108.0326452109557,-159.91736923850715,5948.5162228734389,9.0949470177292824e-13
2.1428226380594424,0,5.9166559367440641e-05,38,42,132,0.23909132182598114,0.00011343669221352248,0.0016495207870130685,-0.010074042738437662,0,4351.8932781097401,-161.84906693360256,4190.0359000908775,-9.0949470177292824e-13
2.1428818046188098,0,5.9413217968540266e-05,38,42,0,0.0091868136078119278,-4.8985447097217314e-06,4.3773758018381912,34.52232533182589,0,-23687.643446197231,8634.4143618962789,-15014.329309689119,7.8376713645411655e-05
2.1428818046188098,0,5.9413217968540266e-05,38,42,1,27.199104309082031,-900.76115032770349,8.8085474216785471,-407.13154729535734,0,9147.1370265625428,1794.2745079549611,9642.3273843161205,0
2.1428818046188098,0,5.9413217968540266e-05,38,42,2,29.91148567199707,-568.67539028083422,8.8614869740654516,-40115.940711688745,0,-21433.764869731469,9241.9374885687866,-52867.581996158195,7.2759576141834259e-12
2.1428818046188098,0,5.9413217968540266e-05,38,42,3,39.290962219238281,-680.54701509933545,8.821696095388381,-75975.780491802871,0,-49669.503017289229,12937.839279605319,-113379.16954849072,0
2.1428818046188098,0,5.9413217968540266e-05,38,42,4,36.676898956298828,-866.63833168793258,9.0360485742142682,34394.172630471359,0,45369.45293824203,-15854.823492024343,63051.199793575324,-7.2759576141834259e-12
2.1428818046188098,0,5.9413217968540266e-05,38,42,5,30.736875534057617,-584.14233358464912,9.3362813591820561,23165.855667931573,0,42318.181447606912,572.52673194018314,65481.757795253201,0
2.1428818046188098,0,5.9413217968540266e-05,38,42,6,32.714424133300781,-510.84589110988225,9.2670159369865903,-46919.74386636378,0,-28895.87424651963,26578.383372232882,-49738.813615823427,0
2.1428818046188098,0,5.9413217968540266e-05,38,42,7,42.119274139404297,-457.07549655476168,9.0445965347327331,-94193.071304870056,0,-100616.13166259485,45603.291937650589,-149653.94192983434,2.9103830456733704e-11
2.1428818046188098,0,5.9413217968540266e-05,38,42,8,46.049289703369141,-1006.0178420918598,9.2165060627757072,-46445.163700485587,0,8976.7979641158327,-16778.301341693026,-55243.468414091862,7.2759576141834259e-12
2.1428818046188098,0,5.9413217968540266e-05,38,42,9,41.961498260498047,-1106.973603763209,9.432731745098593,15768.145114978335,0,10113.376208907257,-14268.288161056313,10515.692290811168,1.8189894035458565e-12
2.1428818046188098,0,5.9413217968540266e-05,38,42,10,44.641891479492188,-1322.5127834565858,9.3674743121846209,-32996.531955258404,0,25498.146072521362,-13877.786020912745,-22689.317212794191,-3.637978807091713e-12
2.1428818046188098,0,5.9413217968540266e-05,38,42,11,36.215919494628906,-1809.6752768182923,9.5259010857685578,90185.833624725303,0,33965.403592017108,-12907.566053844435,109443.52178716546,0
2.1428818046188098,0,5.9413217968540266e-05,38,42,12,33.152820587158203,-3590.7272155367632,9.5619132270565483,3682.7395189665835,0,-31272.980582352466,4700.7610058206346,-26470.645359874954,0
2.1428818046188098,0,5.9413217968540266e-05,38,42,13,37.052944183349609,-3692.8454013778751,7.9228714338364892,-45203.993547391983,0,-63419.261864994762,5281.249307208006,-107026.92863512278,-1.4551915228366852e-11
2.1428818046188098,0,5.9413217968540266e-05,38,42,14,29.416435241699219,383.80376674820093,4.2585375970348132,22582.767015232821,0,62922.691073828966,-8215.4407826257921,77678.079610781235,0
2.1428818046188098,0,5.9413217968540266e-05,38,42,15,8.3752975463867188,517.08684182923662,2.0845335737375792,12003.558735908495,0,118666.21346571977,-3971.7477002097985,127217.19587682144,-1.4551915228366852e-11
2.1428818046188098,0,5.9413217968540266e-05,38,42,16,5.4055423736572266,69.771304337336815,1.9068980143197933,-1748.2145814857911,0,-44043.811496406823,-1946.122183298522,-47666.470058839484,0
2.1428818046188098,0,5.9413217968540266e-05,38,42,17,12.101973533630371,-39.902345061939343,2.0206839825731824,-2928.7981541793679,0,-57099.027744928615,-1225.1346533400942,-61290.842213527445,0
2.1428818046188098,0,5.9413217968540266e-05,38,42,18,5.7600979804992676,-15.831978936747603,2.6697068667983435,5238.2873301406662,0,87129.056451992641,-835.8524310956924,91518.329078967668,0
2.1428818046188098,0,5.9413217968540266e-05,38,42,19,-2.5520460605621338,26.779754633120127,3.0681050181855412,443.11109954510277,0,55526.172348560111,-569.12179661964899,55430.009511136872,0
2.1428818046188098,0,5.9413217968540266e-05,38,42,20,5.2078952789306641,-21.75509737970108,3.1754267443763635,-4320.2991110182293,0,-114036.3361104612,-424.44113893368848,-118799.65603104845,-1.4551915228366852e-11
2.1428818046188098,0,5.9413217968540266e-05,38,42,21,10.171046257019043,-43.88361621102343,3.8349957055070849,333.31046284450775,0,-33682.703670436691,-418.06265373393711,-33807.504481831631,0
2.1428818046188098,0,5.9413217968540266e-05,38,42,22,2.6324536800384521,1.8863771532854448,5.2645889530101586,3241.7873530719785,0,99060.575825645123,-367.59657643159511,101941.91355550397,-0.0040128878317773342
2.1428818046188098,0,5.9413217968540266e-05,38,42,23,-3.8030421733856201,39.014442685526717,6.5799887958036125,-470.67562602329832,0,70750.350454257365,-207.01384751234448,70118.256415424999,0.0010032219433924183
2.1428818046188098,0,5.9413217968540266e-05,38,42,24,-1.4643951654434204,9.461731619634616,7.1395853173715071,732.97603233921245,0,-41257.759787981187,-60.554477297418998,-40568.736916002388,0
2.1428818046188098,0,5.9413217968540266e-05,38,42,25,4.7248749732971191,-17.373942350619338,7.3417227851092326,-2550.2865228604978,0,-88050.15867206821,-20.461715025814414,-90630.937123076117,0.0020064439158886671
2.1428818046188098,0,5.9413217968540266e-05,38,42,26,6.0818252563476562,-48.499809293531271,7.624533895816894,862.43380005646793,0,-4667.3978564335739,-56.365022406861982,-3902.2043541816824,0
2.1428818046188098,0,5.9413217968540266e-05,38,42,27,1.2821552753448486,8.3263464369608418,7.963971693514468,1907.911465417407,0,72164.227273615135,24.599002374630778,74113.026053093738,-0.0020064439013367519
2.1428818046188098,0,5.9413217968540266e-05,38,42,28,-2.0443482398986816,28.568431781733583,8.1535047158596079,144.18707248333746,0,33979.78979487405,285.0719144939427,34445.769965932457,-0.00075241646845825016
2.1428818046188098,0,5.9413217968540266e-05,38,42,29,0.41703549027442932,0.42514469535674909,8.2246350140260649,-500.96038883668194,0,-37605.574396923323,714.12549177561903,-37383.758511053049,0.0010032219579443336
2.1428818046188098,0,5.9413217968540266e-05,38,42,30,3.7222185134887695,-26.648203725086077,8.2691774810715639,-1742.1912368586588,0,-52083.672385084887,597.45780078243229,-53246.78384418317,0.0010032219579443336
2.1428818046188098,0,5.9413217968540266e-05,38,42,31,4.8568077087402344,-51.954495213846279,8.3103272160511104,1731.4407103722581,0,-7289.5471744857341,-679.27757389286307,-6281.0282060041336,9.0949470177292824e-13
2.1428818046188098,0,5.9413217968540266e-05,38,42,32,1.4088674783706665,6.5444616104418847,8.3814746591240503,1893.4771079065513,0,59816.816218542692,-2233.9024208669189,59491.316841851891,0
2.1428818046188098,0,5.9413217968540266e-05,38,42,33,-0.23834343254566193,16.357339039484781,8.3655612467800484,218.72069532882736,0,9095.7058497379985,1718.6611674787332,11057.810612831823,0
2.1428818046188098,0,5.9413217968540266e-05,38,42,34,1.2347378730773926,4.7752120901471837,8.3409117698007282,-289.01620701886753,0,-3319.2942749911963,1006.9378906780755,-2588.2564674720406,0
2.1428818046188098,0,5.9413217968540266e-05,38,42,35,0.61745905876159668,-7.582816419505491,8.1295723858257922,-176.539977360151,0,-20637.997175131728,691.92118021127544,-20122.068213092327,0.0010032219543063547
2.1428818046188098,0,5.9413217968540266e-05,38,42,36,3.1629304885864258,-8.0217216168063192,7.560239516792854,-722.4361824636876,0,-13355.304013053152,53.624220021564618,-14024.577457595289,0
2.1428818046188098,0,5.9413217968540266e-05,38,42,37,2.560492992401123,-21.994482891557059,6.1636404171821111,393.99736544019152,0,-23864.047988593247,-63.540065840114806,-23549.421531467546,0
2.1428818046188098,0,5.9413217968540266e-05,38,42,38,2.8948466777801514,3.6835606247873343,4.8478388937224599,119.39545149304887,0,6990.7676113857124,102.39284577342235,7221.0873081706932,-9.0949470177292824e-13
2.1428818046188098,0,5.9413217968540266e-05,38,42,39,-0.51553100347518921,20.265934399546492,4.6540990011806107,814.1933706647344,0,66917.240002667255,68.572227174174671,67824.926135517875,0.00050161099352408201
2.1428818046188098,0,5.9413217968540266e-05,38,42,40,-1.5135571956634521,20.142526342383416,4.3120120705040188,306.61472658068539,0,-11563.896713450014,-235.78525000427092,-11468.612698460713,0
2.1428818046188098,0,5.9413217968540266e-05,38,42,41,5.9851932525634766,-26.182217658139258,3.3248086000810342,-1644.0881681714486,0,-87865.485574306294,-395.56740780219383,-89927.997556116039,0.0010032219579443336
2.1428818046188098,0,5.9413217968540266e-05,38,42,42,4.8704347610473633,-24.143231487894379,2.2087866298630838,2040.5614854004079,0,43475.137136779798,-362.87742034797913,45130.886756974192,-7.2759576141834259e-12
2.1428818046188098,0,5.9413217968540266e-05,38,42,43,-2.0775406360626221,33.997842191055369,1.3918155482380823,-10.650204290745528,0,104583.34479956105,-511.35426991752871,104096.72998309207,0
2.1428818046188098,0,5.9413217968540266e-05,38,42,44,-0.71318835020065308,25.428784803930544,0.83456279661836319,-193.45028665977483,0,-24013.782878496313,-764.08193232403312,-24945.050746657616,0.0010032219543063547
2.1428818046188098,0,5.9413217968540266e-05,38,42,45,6.9242019653320312,-36.050372776190819,0.52828973863263617,-1599.392623563188,0,-89600.923120953463,-728.34315334385985,-91964.178974454146,0.0020064439158886671
2.1428818046188098,0,5.9413217968540266e-05,38,42,46,4.7848434448242188,-17.004904422963374,0.7206056242273694,1722.4759189685183,0,44766.195511328769,-433.01467377437342,46039.372457724181,0
2.1428818046188098,0,5.9413217968540266e-05,38,42,47,-3.3907022476196289,26.33584924630685,1.0200070649261075,-335.37308718717662,0,105424.69488697863,-203.15645908940584,104913.52119701328,1.4551915228366852e-11
2.1428818046188098,0,5.9413217968540266e-05,38,42,48,-2.8217763900756836,35.774211501158412,0.90358323034653343,760.34994664566329,0,-13644.019253485054,-105.04937751436943,-12952.040889622256,-1.8189894035458565e-12
2.1428818046188098,0,5.9413217968540266e-05,38,42,49,6.5773873329162598,-34.047241687644174,0.60383454405968484,-2623.9872206765613,0,-122922.34650039699,-53.923180164616817,-125633.6972987159,0.0030096658592810854
2.1428818046188098,0,5.9413217968540266e-05,38,42,50,9.58837890625,-45.083713741048598,0.68512283192707335,264.16037982335968,0,-14684.312267774538,-18.860572783159,-14483.411051643459,-1.8189894035458565e-12
2.1428818046188098,0,5.9413217968540266e-05,38,42,51,0.46308040618896484,12.402892321231132,1.0397802855741349,1512.500058629457,0,123969.42932088842,12.367720280360858,125507.73776596112,-0.0020064439304405823
2.1428818046188098,0,5.9413217968540266e-05,38,42,52,-4.9484372138977051,50.007549269715767,1.0444096552520574,635.35250374723364,0,33739.907386399231,55.967746512067777,34482.279595583495,-7.2759576141834259e-12
2.1428818046188098,0,5.9413217968540266e-05,38,42,53,5.1044611930847168,-22.860058619659906,0.76509824858044762,-1387.1911153135181,0,-119131.14664926377,105.21390591524379,-120435.21881903312,0
2.1428818046188098,0,5.9413217968540266e-05,38,42,54,9.4602794647216797,-65.996592633531733,0.87544898989252651,-1230.1587888985016,0,-25354.276018176293,130.91645244208067,-26518.639498276356,-3.637978807091713e-12
2.1428818046188098,0,5.9413217968540266e-05,38,42,55,1.341516375541687,21.407352629884759,1.3397020129528543,2242.560226351954,0,92393.411501452327,123.61299659838932,94782.33378548942,0.0020064439158886671
2.1428818046188098,0,5.9413217968540266e-05,38,42,56,-4.6636881828308105,67.01858697681476,1.7061299347556707,-623.24160828774984,0,56320.395081346767,116.49012070687715,55882.368310677462,0
2.1428818046188098,0,5.9413217968540266e-05,38,42,57,-0.0050741243176162243,23.362362558316409,1.8711189212963679,706.3565409440879,0,-77973.821417796818,125.61141473583893,-77116.618738366335,0.0012422709405655041
2.1428818046188098,0,5.9413217968540266e-05,38,42,58,5.9442315101623535,-34.571032664047209,2.0104608422276109,-2061.9582032897279,0,-66069.280688999905,123.90593740970222,-68039.893526701751,0
2.1428818046188098,0,5.9413217968540266e-05,38,42,59,4.4059038162231445,-8.9924476074619779,2.4514404507493888,321.86570676417381,0,22345.966504608521,111.52617846586274,22772.817382681846,3.637978807091713e-12
2.1428818046188098,0,5.9413217968540266e-05,38,42,60,-0.41899830102920532,18.492589206019993,3.347051177117232,250.51204671546148,0,69867.057663280284,134.09867248826049,70273.512035754975,0.0040128878317773342
2.1428818046188098,0,5.9413217968540266e-05,38,42,61,-3.136218786239624,54.439726315857797,4.2006034884618764,-246.23079701588003,0,31950.576756246148,243.38565954710137,32006.371948581691,3.637978807091713e-12
2.1428818046188098,0,5.9413217968540266e-05,38,42,62,0.14798003435134888,16.190534284883807,4.5076903171875058,728.42516673880789,0,-48861.528117922178,444.69619023645339,-47667.707031511913,0.0015048329296405427
2.1428818046188098,0,5.9413217968540266e-05,38,42,63,5.3551449775695801,-39.096367416815518,4.6176352140703836,-2537.4131787140354,0,-58828.891390385172,716.64759177438816,-60684.135709527567,0
2.1428818046188098,0,5.9413217968540266e-05,38,42,64,4.5917296409606934,-14.700457236286386,5.0133460238298282,1617.5389023132827,0,43569.255407855591,1100.4863316825442,46277.593530638958,0
2.1428818046188098,0,5.9413217968540266e-05,38,42,65,-1.6799426078796387,20.637105459728115,5.5710649332104856,-503.06565011250427,0,117439.09644579353,1728.8644363878352,118691.10139601788,-0.0020064439304405823
2.1428818046188098,0,5.9413217968540266e-05,38,42,66,-4.7652778625488281,76.350410292920117,5.7853777338242249,1112.3564538724556,0,38384.090686758209,3305.303341585136,42883.886270242547,0
2.1428818046188098,0,5.9413217968540266e-05,38,42,67,4.0608229637145996,-40.60834781822799,5.5116308902474325,-7078.5575583595773,0,-144785.5064190836,10110.527058550651,-141788.64166159616,-0.0080257756635546684
2.1428818046188098,0,5.9413217968540266e-05,38,42,68,16.56230354309082,-126.27470071269539,5.5028286952585335,-4747.3747108098205,0,-112808.71346666887,-10597.442841606598,-128274.30289110272,0
2.1428818046188098,0,5.9413217968540266e-05,38,42,69,10.056899070739746,-65.604454148733652,5.9889926026464018,16929.05751154786,0,90223.795543561195,-6542.5802087404609,100550.65738482251,0
2.1428818046188098,0,5.9413217968540266e-05,38,42,70,-0.24531310796737671,36.168847692672166,6.2210420539451015,1410.8448317995887,0,118903.53565176147,4421.6486059568388,124778.41847765354,-0.00050161097897216678
2.1428818046188098,0,5.9413217968540266e-05,38,42,71,0.28825128078460693,31.527207650106259,5.988277415118783,-634.76662212460781,0,-63234.877695156334,11264.661687581718,-52567.468147855958,-0.0010032219579443336
2.1428818046188098,0,5.9413217968540266e-05,38,42,72,9.7905864715576172,-70.674937287912144,5.7624638112355591,-8697.6775384763841,0,-141481.92059348809,18043.255880932542,-132201.2567309525,-0.0020064438867848366
2.1428818046188098,0,5.9413217968540266e-05,38,42,73,9.8820743560791016,-71.576641314044409,6.054208887784811,2980.7570257530579,0,22628.610245759377,-9299.0328565600175,16244.811982526156,0
2.1428818046188098,0,5.9413217968540266e-05,38,42,74,-0.98405987024307251,17.875439682657579,6.4316251026168576,2413.953675074998,0,103852.27689538318,972.5474420075069,107263.08808691683,0.0030096658738330007
2.1428818046188098,0,5.9413217968540266e-05,38,42,75,-4.1944775581359863,117.20280017960515,6.4182221944365878,1275.04695212242,0,20000.212861361815,3598.0475213945469,24996.928357252826,3.637978807091713e-12
2.1428818046188098,0,5.9413217968540266e-05,38,42,76,0.79316335916519165,2.3764892877093491,6.1067555768859965,-1348.9864167641426,0,-85576.975775900399,-990.68569498194915,-87908.167652447766,-0.0030096658738330007
2.1428818046188098,0,5.9413217968540266e-05,38,42,77,8.7577352523803711,-59.729826399861714,5.6521500539360385,-2254.4082776588216,0,-76266.987735574847,-3297.9316666483992,-81873.405356227988,0
2.1428818046188098,0,5.9413217968540266e-05,38,42,78,2.6494123935699463,7.5166375703316213,5.4811060987432718,2691.2512464193933,0,149525.7863442167,-4485.4775997204397,147744.55773458473,0
2.1428818046188098,0,5.9413217968540266e-05,38,42,79,-7.4228172302246094,51.614954546709797,5.1593824184249941,87.866191842563708,0,117965.78797298281,-416.12994663464161,117694.29955837782,0.0010032219579443336
2.1428818046188098,0,5.9413217968540266e-05,38,42,80,2.0618977546691895,25.958476138668249,3.6606489065437882,-2848.8694544570358,0,-131727.00762831999,-552.14928755871904,-135098.41125817836,-0.0040128878317773342
2.1428818046188098,0,5.9413217968540266e-05,38,42,81,14.41202449798584,-99.623758823580204,1.8858629285545416,-5893.7925565510959,0,-132371.96698552315,-826.25360341541227,-139189.75104138468,0
2.1428818046188098,0,5.9413217968540266e-05,38,42,82,8.959589958190918,-44.010754754910195,1.2654736301847345,5135.998819450725,0,55017.783602746145,-1068.5357188103076,59042.501422261841,7.2759576141834259e-12
2.1428818046188098,0,5.9413217968540266e-05,38,42,83,-1.7180551290512085,12.260064350957215,1.3436253798744882,897.36197569574801,0,96797.555890711257,-721.31658676017662,96987.202962933748,-0.0020064439158886671
2.1428818046188098,0,5.9413217968540266e-05,38,42,84,-2.3249232769012451,20.559385271827288,1.3309178201157637,870.75652940801513,0,-38213.181794240183,-201.53525240761942,-37522.07021414784,7.2759576141834259e-12
2.1428818046188098,0,5.9413217968540266e-05,38,42,85,5.9308252334594727,-2.8345414267170668,1.1972831936258177,-1423.4836728137075,0,-97689.973988605125,-320.01040450896346,-99435.10789491715,-0.0025707562599563971
2.1428818046188098,0,5.9413217968540266e-05,38,42,86,5.3452515602111816,-29.207156945269968,1.1089163861892635,-1129.5075364416518,0,11984.513570285329,-1018.8080128679871,9808.0997804166109,0
2.1428818046188098,0,5.9413217968540266e-05,38,42,87,1.4871900081634521,13.281699324753982,1.1927870643639995,245.07107243410707,0,43380.083862840504,-1255.0386934209666,42384.590728242765,7.2759576141834259e-12
2.1428818046188098,0,5.9413217968540266e-05,38,42,88,1.7597259283065796,-3.4743746410667904,1.546182040575748,1401.1760293878392,0,21810.025270979841,-1184.6285636223906,22024.644544144798,0
2.1428818046188098,0,5.9413217968540266e-05,38,42,89,0.35631382465362549,18.445687722305909,1.9799113130726667,880.5675385321058,0,19478.411037988764,-1263.327313225991,19116.077363941236,0.00050161097897216678
2.1428818046188098,0,5.9413217968540266e-05,38,42,90,0.25206562876701355,24.846074192990784,2.0758886220338622,323.66849662009599,0,-36412.237866718067,-1481.7146880597545,-37543.362095342702,0
2.1428818046188098,0,5.9413217968540266e-05,38,42,91,5.4108901023864746,-23.415870709280494,1.9629723903936844,-2435.7025238710676,0,-82841.061087975351,-1634.9056776031371,-86933.123692601381,-0.0015048329369165003
2.1428818046188098,0,5.9413217968540266e-05,38,42,92,6.4867448806762695,-30.466392768621343,2.2959202286689657,737.52865357804092,0,29723.901546354224,-1647.0015247332726,28786.258202659039,0
2.1428818046188098,0,5.9413217968540266e-05,38,42,93,-1.3928208351135254,45.468229784119295,2.8690105264214951,219.23409416509236,0,97294.61625419186,-1554.1111973323016,96008.076391335184,-1.4551915228366852e-11
2.1428818046188098,0,5.9413217968540266e-05,38,42,94,-0.6219293475151062,26.391582683668943,2.8984855597943615,-60.979843406996629,0,-42163.027152694558,-1471.5901720742415,-43666.30810315429,-0.0010032219579443336
2.1428818046188098,0,5.9413217968540266e-05,38,42,95,9.4454822540283203,-65.344057064127028,2.9356255910017652,-3321.5314599543053,0,-93315.581149689664,-1478.5083906866173,-98178.025418915888,0.0040128878317773342
2.1428818046188098,0,5.9413217968540266e-05,38,42,96,4.811795711517334,-24.466428650461342,3.5753346272430973,4333.5897954986167,0,59266.749619765775,-1458.7328794790837,62120.715441762091,0
2.1428818046188098,0,5.9413217968540266e-05,38,42,97,-2.0779035091400146,34.894773687540571,4.034251114464845,388.14256210175978,0,33265.327220521031,-1385.853444237202,32306.546241006807,0.00087781921320129186
2.1428818046188098,0,5.9413217968540266e-05,38,42,98,4.062798023223877,0.41434340427181265,4.0800909610767144,-3140.0766982290106,0,-96862.516518841861,-1316.1529685701412,-101314.25175127566,0
2.1428818046188098,0,5.9413217968540266e-05,38,42,99,7.2394852638244629,-19.980340915443708,4.4344134767292491,629.94313095751056,0,-17396.879974326726,-1186.8196003754979,-17969.302371183428,0
2.1428818046188098,0,5.9413217968540266e-05,38,42,100,1.133703351020813,0.98026198764207384,4.8424382481799917,1836.1951406314015,0,65623.733766544305,-1012.7726295773762,66452.978977834151,0
2.1428818046188098,0,5.9413217968540266e-05,38,42,101,0.24981939792633057,5.7831474264178881,4.365445886052135,26.972123912852194,0,2500.0998428730554,-937.42965741843875,1599.7909026799387,-2.2737367544323206e-13
2.1428818046188098,0,5.9413217968540266e-05,38,42,102,1.7729091644287109,-0.51416680561184624,1.9206839886963631,-123.76548633578507,0,347.14890651317239,-1074.0855426739479,-849.2956053134759,1.1368683772161603e-13
2.1428818046188098,0,5.9413217968540266e-05,38,42,103,0.91617399454116821,-0.22969994660892426,0.0089911161677019239,69.899489822691663,0,9242.9226525301201,-1112.854051962905,8199.7473815594658,1.8189894035458565e-12
2.1428818046188098,0,5.9413217968540266e-05,38,42,104,0.75296062231063843,0.2541075983657628,0.00071077859819386978,6.2069342451811025,0,7665.2859003166968,-987.5596553653362,6684.1879975735055,-9.0949470177292824e-13
2.1428818046188098,0,5.9413217968540266e-05,38,42,105,0.69627505540847778,0.016769344174147001,-0.00071779286933083006,1.6803967772229427,0,5980.812029062331,-882.3457494500924,5100.1627279407667,9.0949470177292824e-13
2.1428818046188098,0,5.9413217968540266e-05,38,42,106,0.65272963047027588,0.0077309942435364164,-0.00070844054767934205,0.81561945067597164,0,4500.8971211926291,-794.58489591296654,3707.1348672840345,0
2.1428818046188098,0,5.9413217968540266e-05,38,42,107,0.62173575162887573,0.0047423711274975763,-0.00072948330129353424,0.15951229109161069,0,3215.5209958055598,-720.29731325232081,2495.3872077321571,0
2.1428818046188098,0,5.9413217968540266e-05,38,42,108,0.59903800487518311,0.0027452795958437318,-0.00073883568274171058,-0.19863794739710011,0,2158.9838115956022,-656.48738070589377,1502.2997993862245,0
2.1428818046188098,0,5.9413217968540266e-05,38,42,109,0.58249890804290771,0.0017303672073300169,-0.0007271452507790064,-0.43740477305624065,0,1287.6674843358317,-601.08043526753795,686.15064751719399,-1.1368683772161603e-13
2.1428818046188098,0,5.9413217968540266e-05,38,42,110,0.57323414087295532,0.00074935708944715083,-0.00074935708944715083,-0.67717482067193213,0,535.61217682693211,-552.59572132938422,-17.660719323123992,7.1054273576010019e-15
2.1428818046188098,0,5.9413217968540266e-05,38,42,111,0.5694848895072937,-0.00021996259647301107,-0.00078325936007799955,-0.83568388980699182,0,-89.840532653056101,-509.92869151726973,-600.60591128208932,0
2.1428818046188098,0,5.9413217968540266e-05,38,42,112,0.5702623724937439,-0.0002059340541990907,-0.00079728790235191989,-0.94403186111450099,0,-618.86856377914398,-472.22259428029997,-1092.036193142515,0
2.1428818046188098,0,5.9413217968540266e-05,38,42,113,0.57431876659393311,-0.00019073648666790641,-0.00081248546988310416,-1.0172670639427248,0,-1060.6995521076876,-438.78721291236792,-1500.5050353059548,0
2.1428818046188098,0,5.9413217968540266e-05,38,42,114,0.58175963163375854,-0.00017086281810766647,-0.0008323591384433441,-1.1035441522061116,0,-1432.0552012104795,-409.05673022997871,-1842.2164788146208,0
2.1428818046188098,0,5.9413217968540266e-05,38,42,115,0.59199708700180054,-0.00013812951293739334,-0.00086509244361361723,-1.1848051306867435,0,-1739.0055055356311,-382.56264157942309,-2122.7539554676973,0
2.1428818046188098,0,5.9413217968540266e-05,38,42,116,0.60505694150924683,-0.00011241059849745714,-0.00089081135805355342,-1.2580403335149672,0,-1989.5180538620709,-358.91218556471125,-2349.6892829822536,0
2.1428818046188098,0,5.9413217968540266e-05,38,42,117,0.6194767951965332,-9.6043945912320587e-05,-0.00090717801063869004,-1.2891402141680486,0,-2181.6847180284385,-337.77480055115979,-2520.7496620157231,0
2.1428818046188098,0,5.9413217968540266e-05,38,42,118,0.63483142852783203,-8.6691564464144209e-05,-0.00091653039208686637,-1.3112110972121709,0,-2314.5785209468813,-318.88112144343455,-2634.7718567094848,-4.5474735088646412e-13
2.1428818046188098,0,5.9413217968540266e-05,38,42,119,0.65072345733642578,-9.6043945912320587e-05,-0.00090717801063869004,-1.3001756556901098,0,-2405.0520866545212,-302.00542330131174,-2708.3586888334794,0
2.1428818046188098,0,5.9413217968540266e-05,38,42,120,0.66611379384994507,-0.00011825578458046506,-0.00088496617197054549,-1.2520210017756612,0,-2447.6840036981562,-286.95960200793797,-2735.8966299298263,0
2.1428818046188098,0,5.9413217968540266e-05,38,42,121,0.68109405040740967,-0.00016735568253918636,-0.00083586627401182419,-1.1928309063391516,0,-2458.192753693028,-273.57963077341714,-2732.9662185947409,0
2.1428818046188098,0,5.9413217968540266e-05,38,42,122,0.69451779127120972,-0.00022346973204149116,-0.00077975222450951947,-1.1005344863364586,0,-2439.859875659015,-261.74361813002832,-2702.7050314973362,0
2.1428818046188098,0,5.9413217968540266e-05,38,42,123,0.70658743381500244,-0.00028309097690896442,-0.00072013097964204623,-1.0052284004641125,0,-2400.0219317643746,-251.34221288450743,-2652.3703762713026,0
2.1428818046188098,0,5.9413217968540266e-05,38,42,124,0.71621435880661011,-0.0003649240604445821,-0.00063829789610642845,-0.84872577524215498,0,-2338.7521572119344,-242.29014117054768,-2581.8920273796807,0
2.1428818046188098,0,5.9413217968540266e-05,38,42,125,0.72348415851593018,-0.00046896898264834431,-0.00053425297390266634,-0.6691490450195241,0,-2265.2470876773987,-234.50313234379874,-2500.4203722881734,0
2.1428818046188098,0,5.9413217968540266e-05,38,42,126,0.7275623083114624,0.00042319387025697644,-0.00042319387025697644,-0.45646599023070983,0,-2185.1468370004964,-227.92701241860686,-2413.5303154093335,4.5474735088646412e-13
2.1428818046188098,0,5.9413217968540266e-05,38,42,127,0.72823214530944824,-0.00073200379150422127,-0.00027121816504678938,-0.19763472544054908,0,-2102.2486002867731,-222.5116202971445,-2324.9588585313145,0
2.1428818046188098,0,5.9413217968540266e-05,38,42,128,0.72204673290252686,-0.00094009359106422938,-6.3128365486781244e-05,0.21368627674536525,0,-2010.9975375628062,-218.2810333063689,-2229.0658878143863,0
2.1428818046188098,0,5.9413217968540266e-05,38,42,129,0.70792406797409058,-0.0011902689576493103,0.00018704700109829965,0.66312971328021797,0,-1915.6603518098073,-215.24127077801933,-2130.239496096503,0
2.1428818046188098,0,5.9413217968540266e-05,38,42,130,0.68443542718887329,-0.0016263222851262548,0.00062310032857524418,1.4396235076507002,0,-1827.8362952894186,-213.39534237796548,-2039.7930173816899,0
2.1428818046188098,0,5.9413217968540266e-05,38,42,131,0.62814599275588989,0.0013250736850193502,0.0016845921846336816,3.3728322179244978,0,-1582.3067504211676,-213.18366254513319,-1792.1145710825067,0
2.1428818046188098,0,5.9413217968540266e-05,38,42,132,0.48700132966041565,-0.00022076686193133331,0.0012239888184823438,-0.027086992826877286,0,-965.16122035240005,-215.71128026466349,-1180.8985843879339,0
2.1429412178367784,0,6.0848105931654572e-05,38,42,0,0.0091868136078119278,9.566059620466585e-07,4.4149727965179544,29.453423094859438,0,28459.0270035514,9126.8552219923713,37619.750515251886,-0.00010713986557675526
2.1429412178367784,0,6.0848105931654572e-05,38,42,1,27.77198600769043,-751.18545671955906,8.8166191153786357,12389.657245213981,0,-38721.824408279426,4170.8132595152401,-22903.722741154383,3.637978807091713e-12
2.1429412178367784,0,6.0848105931654572e-05,38,42,2,26.770452499389648,-576.87732245991219,8.9179858661469105,-17538.060207822644,0,14184.156726494399,7171.5092898396488,3249.6464719176361,-2.2737367544323206e-12
2.1429412178367784,0,6.0848105931654572e-05,38,42,3,32.554740905761719,-421.92196104222222,8.9062196128137376,-70041.526532662116,0,-72385.428480551011,16260.990207703069,-126578.98054693946,0
2.1429412178367784,0,6.0848105931654572e-05,38,42,4,40.4229736328125,-810.14376926664193,8.8756770976575119,-52200.036423728612,0,-33725.669279316986,-11739.665258702125,-98466.639053916704,0
2.1429412178367784,0,6.0848105931654572e-05,38,42,5,34.627357482910156,-872.76728024967417,9.1832125219720435,64467.444018701644,0,49394.751757404731,-13637.544059596552,99361.067648782118,-1.4551915228366852e-11
2.1429412178367784,0,6.0848105931654572e-05,38,42,6,29.759281158447266,-637.7489445048966,9.4170883306030202,12583.720728455441,0,57343.424016070981,9598.7917684056974,78897.604656757816,-1.4551915228366852e-11
2.1429412178367784,0,6.0848105931654572e-05,38,42,7,33.227851867675781,-538.30996807327597,9.2510971074627228,-70640.89462554855,0,-38062.992831673226,42281.358070525777,-66951.588257661817,0
2.1429412178367784,0,6.0848105931654572e-05,38,42,8,42.767097473144531,-394.76550191919068,9.0835284410910084,-79966.693521146968,0,-66606.624821533202,20832.155398725321,-126126.84491743294,1.4551915228366852e-11
2.1429412178367784,0,6.0848105931654572e-05,38,42,9,42.586269378662109,-1243.8970347606692,9.3009515837807459,-15655.979823267049,0,37157.749844671103,-7296.9248925611928,12970.249045665978,5.4569682106375694e-12
2.1429412178367784,0,6.0848105931654572e-05,38,42,10,43.293846130371094,-1573.6758607660022,9.3818747085341201,-38122.83246816296,0,15571.157373638331,-4158.0554114003517,-28274.024491982447,7.2759576141834259e-12
2.1429412178367784,0,6.0848105931654572e-05,38,42,11,42.718311309814453,-2055.7322651233426,9.3985043465783402,11480.621384447979,0,51936.416024106467,-13917.339028327495,47453.364619450193,0
2.1429412178367784,0,6.0848105931654572e-05,38,42,12,31.580114364624023,-3267.2118418252044,9.5721235456599985,73838.600669145875,0,31685.604731373089,-6944.1562864556554,95322.409395783761,0
2.1429412178367784,0,6.0848105931654572e-05,38,42,13,30.694129943847656,-3181.2587174305563,8.5041409080582095,-27200.986023508591,0,-31144.759740281483,-5179.4982582596949,-66697.99859857226,1.4551915228366852e-11
2.1429412178367784,0,6.0848105931654572e-05,38,42,14,34.031539916992188,-723.57546640519433,4.7475229884370256,-27758.381736478972,0,-36125.555297803396,-5927.8855401834289,-70530.650517882546,0
2.1429412178367784,0,6.0848105931654572e-05,38,42,15,15.933680534362793,677.82676272584865,2.1320611271209748,27092.199507826233,0,83691.640363988568,-4339.2983543985938,107124.50034126917,0
2.1429412178367784,0,6.0848105931654572e-05,38,42,16,2.573523998260498,91.023069270229229,2.1060873620394838,3916.275381984718,0,52946.401884513747,-2325.149165002571,54630.657258128158,-7.2759576141834259e-12
2.1429412178367784,0,6.0848105931654572e-05,38,42,17,8.4604873657226562,-17.94034605220677,2.0322184888017314,-4633.6849159980393,0,-87740.164790682655,-1320.1238192493036,-93709.881653493401,0
2.1429412178367784,0,6.0848105931654572e-05,38,42,18,11.19749641418457,-33.605345753267407,2.4160119097442276,1204.5822267395281,0,-8090.8109866194745,-790.0305281660668,-7707.4486218895363,0
2.1429412178367784,0,6.0848105931654572e-05,38,42,19,0.74122917652130127,14.600184146647694,3.1054442836814982,2885.979231127958,0,111481.61109662916,-441.9481586530988,113943.34877709886,0.0009795645164558664
2.1429412178367784,0,6.0848105931654572e-05,38,42,20,-1.8503745794296265,39.090515012734819,3.3912384459936145,695.45749345322793,0,-19929.020434538259,-247.73578160685886,-19438.816969233161,0
2.1429412178367784,0,6.0848105931654572e-05,38,42,21,8.1624336242675781,-45.072396895813654,3.7739573592892417,-5217.2702655777302,0,-112292.2359889512,-223.68355474775495,-117774.4862896842,0.0019591290183598176
2.1429412178367784,0,6.0848105931654572e-05,38,42,22,8.6891508102416992,-46.991920506044551,5.0665596862332443,2042.5408870128783,0,-3532.356624615863,-251.69322220760742,-1783.4343206304034,0
2.1429412178367784,0,6.0848105931654572e-05,38,42,23,0.36290907859802246,26.656515323631755,6.5360279328940916,1780.492198639228,0,91171.344156692052,-156.22094727905392,92828.810400220013,0.0024489112693117931
2.1429412178367784,0,6.0848105931654572e-05,38,42,24,-3.8747143745422363,26.984486242810508,7.2297427925719546,65.090102237262187,0,48088.906070382283,-34.137823003981872,48154.072578650943,0
2.1429412178367784,0,6.0848105931654572e-05,38,42,25,-0.65980064868927002,11.392410766600102,7.4191459900273831,14.805137930622152,0,-48763.285294813999,61.33249279556135,-48668.33610733119,0
2.1429412178367784,0,6.0848105931654572e-05,38,42,26,5.849982738494873,-35.031313061258658,7.5721608532925178,-2333.322651233424,0,-75439.452002535007,103.93963051094715,-77696.296134594464,-0.0019591290038079023
2.1429412178367784,0,6.0848105931654572e-05,38,42,27,5.6854486465454102,-47.331848043142926,7.8436437121094356,1989.8246436044913,0,7262.0288866302362,119.46768704635952,9331.8330129500537,0
2.1429412178367784,0,6.0848105931654572e-05,38,42,28,0.0021857991814613342,21.640169797558265,8.1407722201628623,1168.9080792548039,0,61361.315501560464,205.93580504370493,62765.940840617492,0.00051274079305585474
2.1429412178367784,0,6.0848105931654572e-05,38,42,29,-1.8040539026260376,29.586850494445706,8.3066228222267391,427.78953329586625,0,18232.085577969363,373.22583123079312,19070.994415812696,0
2.1429412178367784,0,6.0848105931654572e-05,38,42,30,0.55865573883056641,0.37703380406318382,8.3166011790168479,-346.75310047949876,0,-31619.319560439559,554.99382080378814,-31402.385205132192,-3.637978807091713e-12
2.1429412178367784,0,6.0848105931654572e-05,38,42,31,4.4836316108703613,-43.662570639371509,8.2336816176206824,-2114.8327474918988,0,-50829.037942340576,503.96830573126545,-52475.333232251971,-0.00195912901108386
2.1429412178367784,0,6.0848105931654572e-05,38,42,32,4.9434380531311035,-59.430094345263008,8.2968271771753823,2271.2731172201029,0,17627.992065910152,-370.80042951607697,19477.331486446088,-3.637978807091713e-12
2.1429412178367784,0,6.0848105931654572e-05,38,42,33,0.41863667964935303,0.59246146671609135,8.4361845771203772,1826.3235729232683,0,38577.667777445626,153.59571440529004,40566.616690382521,0.00097956450190395117
2.1429412178367784,0,6.0848105931654572e-05,38,42,34,1.0809612274169922,14.338803046789989,8.4164804075141397,-241.21971851869566,0,8211.6304726829203,299.35491276949381,8292.5209503880233,0
2.1429412178367784,0,6.0848105931654572e-05,38,42,35,-0.57805776596069336,2.8667500508196917,8.1327797773499615,296.06063733872219,0,15229.823224001244,438.91346781618819,15975.796858984324,0
2.1429412178367784,0,6.0848105931654572e-05,38,42,36,2.3296852111816406,1.9159808200504609,7.5466122995611569,-970.97960181276835,0,-24313.888129715768,285.85455475971253,-24989.551563213718,-0.00097956450554192998
2.1429412178367784,0,6.0848105931654572e-05,38,42,37,1.1613460779190063,-0.9331662461586292,6.1934276387377585,414.81030360281721,0,-16168.58396967559,28.142888232550909,-15720.370516447643,0
2.1429412178367784,0,6.0848105931654572e-05,38,42,38,3.3238747119903564,-11.606307381410755,4.8394757799327985,-1299.0083267765967,0,-26781.514951990339,198.79086154324457,-27888.49924882517,-3.637978807091713e-12
2.1429412178367784,0,6.0848105931654572e-05,38,42,39,3.5141661167144775,-11.949610302646212,4.5519391598608134,748.40687321383734,0,29699.134116634181,396.95088354518168,30837.094202250417,3.637978807091713e-12
2.1429412178367784,0,6.0848105931654572e-05,38,42,40,-2.1949443817138672,27.30963756591613,4.377315046216026,499.44859510456899,0,47084.104065336185,254.8493790431549,47870.089971660549,0.00097956450917990878
2.1429412178367784,0,6.0848105931654572e-05,38,42,41,0.64228153228759766,12.327979289480922,3.3969697114637265,-744.62379509500295,0,-71863.68107905153,-209.89716390247403,-72802.476109483556,0.00097956450190395117
2.1429412178367784,0,6.0848105931654572e-05,38,42,42,7.5518059730529785,-26.140688995444165,2.0434021691040187,-863.40382785875715,0,-50237.906027813318,-516.49693575195204,-51641.904078250365,0
2.1429412178367784,0,6.0848105931654572e-05,38,42,43,4.1071810722351074,-12.452647646151455,1.2934488036446687,2325.1570015186121,0,73720.841342596468,-588.03649069102823,75446.802654581552,0
2.1429412178367784,0,6.0848105931654572e-05,38,42,44,-2.1952540874481201,32.631733848306212,1.0025930000358727,6.034117351636394,0,55287.702109076992,-524.10227456982625,54803.270237836157,0.0019591290183598176
2.1429412178367784,0,6.0848105931654572e-05,38,42,45,1.460314154624939,11.096258833658181,0.64480132489925746,-1123.2333128460223,0,-71081.118750672613,-463.44764041181884,-72656.056684642885,0.0019591290038079023
2.1429412178367784,0,6.0848105931654572e-05,38,42,46,7.5201907157897949,-35.166169450788601,0.56011461335182766,-603.88192612610453,0,-51542.701621686254,-399.89741357663013,-52581.087016226425,0
2.1429412178367784,0,6.0848105931654572e-05,38,42,47,2.8425476551055908,-3.2995494983797489,0.89765733178682039,1778.8342857142857,0,77762.931989620818,-348.82683853687121,79190.537544631647,1.4551915228366852e-11
2.1429412178367784,0,6.0848105931654572e-05,38,42,48,-3.5912988185882568,28.993764961915126,1.0710288297121813,-331.4219364096187,0,83523.672479163928,-296.75123031484293,82925.56410623109,-1.4551915228366852e-11
2.1429412178367784,0,6.0848105931654572e-05,38,42,49,-0.88691490888595581,16.337947482332684,0.81128830907938632,-127.22779705604515,0,-53938.042460868841,-240.07166891867652,-54288.19073192314,0.00195912901108386
2.1429412178367784,0,6.0848105931654572e-05,38,42,50,8.7278728485107422,-44.093641021655166,0.58530396154444031,-2561.3025759007041,0,-114806.11196977126,-188.91293307345538,-117599.83385667652,0.0019591290183598176
2.1429412178367784,0,6.0848105931654572e-05,38,42,51,7.9198989868164062,-21.520721101531766,0.80097268889978357,2635.1382300398186,0,35928.717687883393,-141.22969209245596,38401.906477418117,-7.2759576141834259e-12
2.1429412178367784,0,6.0848105931654572e-05,38,42,52,-2.8997340202331543,28.555933348479595,1.1091981250523144,75.943676954166619,0,118388.44205718112,-59.776944361405732,118434.27000298939,-0.0039182580221677199
2.1429412178367784,0,6.0848105931654572e-05,38,42,53,-2.0509827136993408,32.864472132872571,0.99711368066101469,532.41681808941871,0,-29361.560515132311,56.493444140190604,-28738.788667089168,0
2.1429412178367784,0,6.0848105931654572e-05,38,42,54,7.8847217559814453,-45.203139281828072,0.84062197323894816,-2995.9000825072644,0,-111760.70861543245,178.2660464671346,-114622.70712791018,-0.0019591290183598176
2.1429412178367784,0,6.0848105931654572e-05,38,42,55,6.9728398323059082,-57.687531478314938,1.1235586937545587,871.74188092647285,0,12286.959702495546,266.96659197168447,13369.104202609144,1.8189894035458565e-12
2.1429412178367784,0,6.0848105931654572e-05,38,42,56,-1.3435368537902832,48.130787047555273,1.656558490475792,497.97141183082425,0,99533.73744323141,342.66733692857741,100424.16157839984,-0.0019591289892559871
2.1429412178367784,0,6.0848105931654572e-05,38,42,57,-4.5868206024169922,82.009523251503666,2.0292747731050236,106.60796422293701,0,22355.609381434671,442.49279651795428,22988.74894020017,-3.637978807091713e-12
2.1429412178367784,0,6.0848105931654572e-05,38,42,58,1.9017624855041504,11.186304511592869,2.165159693407789,557.04894713556303,0,-74639.069436678663,563.31620083942175,-73505.352824498681,-1.4551915228366852e-11
2.1429412178367784,0,6.0848105931654572e-05,38,42,59,5.7589101791381836,-40.712630546819881,2.4234131700725823,-2195.3607863301008,0,-51253.867231701923,680.15473675399687,-52807.362498654773,0
2.1429412178367784,0,6.0848105931654572e-05,38,42,60,3.7561771869659424,-3.5944232263927587,3.1673331021535591,834.49883844121064,0,21964.739634337369,799.26978057850749,23598.081163232851,3.637978807091713e-12
2.1429412178367784,0,6.0848105931654572e-05,38,42,61,-1.2346172332763672,28.563390211529494,4.0952903896973538,-202.90111420679429,0,63902.744672780973,935.44883808248335,64667.949118128876,-0.00195912901108386
2.1429412178367784,0,6.0848105931654572e-05,38,42,62,-2.6841118335723877,53.981802484783984,4.6196644704588126,517.48825503114949,0,16657.355311674179,1108.535927010965,18341.980960671539,3.637978807091713e-12
2.1429412178367784,0,6.0848105931654572e-05,38,42,63,1.7497051954269409,-0.15378780088246899,4.7499044589795405,-764.52070932332083,0,-62821.364232981381,1259.9903134080282,-62321.29851223858,-7.2759576141834259e-12
2.1429412178367784,0,6.0848105931654572e-05,38,42,64,7.3412303924560547,-51.85934065934066,4.9107730571930786,-3141.4320219062765,0,-52530.161416733426,1411.0940157122529,-54307.447990529603,-7.2759576141834259e-12
2.1429412178367784,0,6.0848105931654572e-05,38,42,65,5.3718776702880859,-35.673241100575162,5.3772700857358098,4147.5779894534189,0,57946.498781044851,1575.7039534132896,63639.484752896722,0
2.1429412178367784,0,6.0848105931654572e-05,38,42,66,-2.2174081802368164,42.787541642253288,5.8419586507072907,-819.21371390307195,0,122304.30210381566,1389.6102069856152,122923.33201544918,0.0039182580221677199
2.1429412178367784,0,6.0848105931654572e-05,38,42,67,-4.3632965087890625,58.452865393583565,5.7830565952002297,1427.139282306377,0,5623.2605703763047,6578.6102409451269,13693.246015616593,0
2.1429412178367784,0,6.0848105931654572e-05,38,42,68,8.9411144256591797,-72.528789295579287,5.4482119838811895,-8223.7182986762964,0,-153805.43524758157,13847.648891174114,-148248.58670174223,-0.0014693467819597572
2.1429412178367784,0,6.0848105931654572e-05,38,42,69,16.030937194824219,-137.85948032381111,5.6104356144399672,-1432.7032086955483,0,-47732.532666897845,-12401.474711403938,-61698.959631706704,0
2.1429412178367784,0,6.0848105931654572e-05,38,42,70,7.1681742668151855,-8.7702806442741146,6.1058651903047982,13490.217558024131,0,111432.91498594984,-5922.0551722488608,118998.41295627115,0
2.1429412178367784,0,6.0848105931654572e-05,38,42,71,-2.8349511623382568,37.102286049097799,6.2297294000884857,776.75938825048729,0,85623.50613495319,5406.8865259658733,91850.484064618737,0
2.1429412178367784,0,6.0848105931654572e-05,38,42,72,1.9360843896865845,0.45422425235265279,5.9658415143072379,-3800.6338738954191,0,-83673.922001219675,6455.1224211696899,-81013.011429049729,0.0019591290183598176
2.1429412178367784,0,6.0848105931654572e-05,38,42,73,10.847230911254883,-84.993426203828818,5.9229793492687941,-6807.3150433462079,0,-96620.32452857263,-6659.3537839744586,-110166.06380274786,0
2.1429412178367784,0,6.0848105931654572e-05,38,42,74,5.3887853622436523,-9.8498583027418718,6.2137148596778626,5522.9570833084217,0,47401.753324803598,-3955.2150301928755,48965.859234476076,0
2.1429412178367784,0,6.0848105931654572e-05,38,42,75,-2.7093296051025391,13.169826734745124,6.3979538198471824,-828.03371270731441,0,88618.567710244053,802.82755886116058,88612.925418694475,-0.0039182580076158047
2.1429412178367784,0,6.0848105931654572e-05,38,42,76,-4.429743766784668,97.863103468892376,6.2606851690203156,1825.6574690597758,0,1642.4162144710567,1676.2307811883438,5248.4282533570895,0
2.1429412178367784,0,6.0848105931654572e-05,38,42,77,3.8933727741241455,-42.344442717239232,5.7008937091200425,-4340.2348180655035,0,-122759.19618696863,1023.895676380203,-126112.17887766205,0
2.1429412178367784,0,6.0848105931654572e-05,38,42,78,11.42739200592041,-67.32803692499013,5.2471568475050523,1527.0705348623085,0,-13974.138096593288,-3029.9105621255785,-15539.059003934042,0
2.1429412178367784,0,6.0848105931654572e-05,38,42,79,-0.43022015690803528,12.683372992622177,5.1304973155245186,2840.999098398881,0,181102.24618924057,-5422.132467923806,178538.93011849956,0.0034284757566638291
2.1429412178367784,0,6.0848105931654572e-05,38,42,80,-5.9647336006164551,61.329715529302035,4.0111552212749162,1598.4768690286862,0,61364.967318035611,1640.8724208109627,64669.657478625835,0
2.1429412178367784,0,6.0848105931654572e-05,38,42,81,6.1423134803771973,0.030479140011240122,2.0618706429587821,-5536.3026701263916,0,-124407.82675866027,-505.02231713879155,-130447.06135527149,-0.0019591290038079023
2.1429412178367784,0,6.0848105931654572e-05,38,42,82,12.467494964599609,-89.901050951225059,1.0819781415537673,-3102.1789130564757,0,-69954.807646151457,-1297.8446041444954,-74443.650236162095,1.4551915228366852e-11
2.1429412178367784,0,6.0848105931654572e-05,38,42,83,4.0442667007446289,-1.6580394360807853,1.1094833132047495,3351.0666625213744,0,76874.38861830227,-1389.7434277583136,78835.163296942454,0
2.1429412178367784,0,6.0848105931654572e-05,38,42,84,-4.5542302131652832,23.156294228078778,1.2936358201102489,-635.13395209795647,0,70446.682248502315,-1078.6028846452787,68757.392892896009,-0.0024489112547598779
2.1429412178367784,0,6.0848105931654572e-05,38,42,85,0.023065494373440742,5.8279050329431179,1.326864723959392,1263.7278417773739,0,-66910.807028184005,-845.46212438269026,-66485.384888017317,0.00165301508968696
2.1429412178367784,0,6.0848105931654572e-05,38,42,86,5.9279823303222656,-7.9632436116658099,1.2551858804960001,-1622.7387226918893,0,-59161.448718506741,-882.16052900309705,-61673.056027932893,7.2759576141834259e-12
2.1429412178367784,0,6.0848105931654572e-05,38,42,87,4.0053949356079102,-22.88006349472073,1.2042601250762295,-907.83295555369546,0,9606.2403769027496,-1074.0415425271137,7602.6900754522949,0
2.1429412178367784,0,6.0848105931654572e-05,38,42,88,3.0682809352874756,-3.3900942256872617,1.3408452809432134,-271.04941682909038,0,15291.162573748341,-1064.5867859235432,13953.477122050963,-1.8189894035458565e-12
2.1429412178367784,0,6.0848105931654572e-05,38,42,89,1.4920614957809448,3.917584928673068,1.7795622331966183,1603.1474325891736,0,34405.745650910569,-1023.9426954764496,34990.645576056151,-0.00195912901108386
2.1429412178367784,0,6.0848105931654572e-05,38,42,90,-1.978506326675415,47.451284363079793,2.1616986930371045,-10.081677886857429,0,30527.25990840498,-1074.198640184625,29492.592450944052,-0.0001224455627379939
2.1429412178367784,0,6.0848105931654572e-05,38,42,91,0.24591347575187683,17.737859833311411,2.1338306089992707,-747.1966212677421,0,-55051.223482763155,-1162.7783319183536,-56941.327969962571,-0.0012244556346558966
2.1429412178367784,0,6.0848105931654572e-05,38,42,92,8.1970291137695312,-46.760699996412725,2.1709237226321014,-1885.387394324935,0,-66365.503059465016,-1188.1608073754319,-69483.641037439171,0
2.1429412178367784,0,6.0848105931654572e-05,38,42,93,4.3113279342651367,-11.886684523311292,2.7101242391993208,2601.7781812529147,0,74687.812566454217,-1142.7521151753579,76137.662072247665,0
2.1429412178367784,0,6.0848105931654572e-05,38,42,94,-3.216285228729248,40.62786688828038,3.0920561049396742,309.58940271915247,0,77965.921264633085,-1050.0304573772255,77269.200132968224,0
2.1429412178367784,0,6.0848105931654572e-05,38,42,95,3.6124098300933838,-8.4890765165193898,3.0074335457795742,-1867.5044647191764,0,-76446.389458202291,-1027.0283236676273,-79346.405848688853,-0.0019591290183598176
2.1429412178367784,0,6.0848105931654572e-05,38,42,96,8.5025873184204102,-56.583112317497516,3.3261493022755264,14.795342285570795,0,-14994.805128364562,-1056.3937084025877,-16089.660457496801,0
2.1429412178367784,0,6.0848105931654572e-05,38,42,97,-0.15846763551235199,21.611331475923425,4.0270552081215847,1502.2391868849322,0,83003.696130289725,-1019.7579959105095,83511.813626373623,-0.0020815745665458962
2.1429412178367784,0,6.0848105931654572e-05,38,42,98,-1.9566076993942261,29.266751964031616,4.2735366918174318,693.10262038288158,0,-21454.986020638775,-972.89171172679335,-21701.234823326835,0
2.1429412178367784,0,6.0848105931654572e-05,38,42,99,6.1718711853027344,-15.342924583577467,4.3874751581389235,-3220.9804962393428,0,-83038.983962022743,-965.66938263042721,-87236.589290317948,0
2.1429412178367784,0,6.0848105931654572e-05,38,42,100,5.0818886756896973,-12.003097968408088,4.7151380501978979,1636.7269038252282,0,17929.023993112438,-925.38283322770815,18633.080103791748,0
2.1429412178367784,0,6.0848105931654572e-05,38,42,101,0.34486812353134155,3.0609578017194994,4.3852017840701194,803.21693575195206,0,26148.75546425283,-909.39634050389213,26050.022219086681,0
2.1429412178367784,0,6.0848105931654572e-05,38,42,102,1.722449779510498,3.0218649033230101,1.9425680087051143,-138.60641834770234,0,844.78818400315674,-1114.1468724963829,-403.00067392890026,1.1368683772161603e-13
2.1429412178367784,0,6.0848105931654572e-05,38,42,103,1.403347373008728,-0.45668982535413571,0.00021276596086304542,37.493810998577047,0,9776.7708024728272,-1194.3418594028387,8619.4662770091709,-1.8189894035458565e-12
2.1429412178367784,0,6.0848105931654572e-05,38,42,104,1.1500897407531738,0.15933457370592888,0.00131400513633877,15.741601597531957,0,8542.574381614033,-1072.6074600915949,7485.8691716988124,0
2.1429412178367784,0,6.0848105931654572e-05,38,42,105,0.99929213523864746,0.041623261060382763,0.00049801266045570319,6.6453656028411201,0,6556.5808147891285,-963.55842112185962,5599.7098805438309,0
2.1429412178367784,0,6.0848105931654572e-05,38,42,106,0.8729824423789978,0.018106698663610261,0.00050502693396952617,4.4413454662856182,0,4987.2450102237262,-869.25378708342805,4122.4511803321811,-9.0949470177292824e-13
2.1429412178367784,0,6.0848105931654572e-05,38,42,107,0.76999473571777344,0.01219540934000541,0.00053892922675970656,2.8936335481710889,0,3626.872844587404,-787.76087720766725,2842.0183352664744,0
2.1429412178367784,0,6.0848105931654572e-05,38,42,108,0.68829447031021118,0.0073244748919894711,0.00051204114909675466,1.8112147699960539,0,2437.9949959942123,-717.0304425498332,1722.7836047304165,4.5474735088646412e-13
2.1429412178367784,0,6.0848105931654572e-05,38,42,109,0.62326532602310181,0.005351317334690269,0.00052606969612440063,1.1362948259575028,0,1391.5458264477634,-655.35118391945377,737.33681474129787,0
2.1429412178367784,0,6.0848105931654572e-05,38,42,110,0.57218486070632935,0.0033898502332474381,0.00052840778729567499,0.6533695249255641,0,423.67144411627544,-601.33701754176184,-177.00828564254027,0
2.1429412178367784,0,6.0848105931654572e-05,38,42,111,0.53380095958709717,0.0024406808549516318,0.00049801266045570319,0.28015544846883256,0,-471.97181073551042,-553.86095445359865,-1025.5496710471248,0
2.1429412178367784,0,6.0848105931654572e-05,38,42,112,0.50538098812103271,0.00051662315386259553,0.00046294135127318277,0.037223451195159574,0,-1306.0670686006051,-511.99534706860061,-1818.0242126535054,0
2.1429412178367784,0,6.0848105931654572e-05,38,42,113,0.4851689338684082,0.001048490989126828,0.00042085576857683936,-0.14252663549725575,0,-2080.2805687022446,-474.96829855672075,-2555.3899245477046,0
2.1429412178367784,0,6.0848105931654572e-05,38,42,114,0.47230762243270874,0.000591441954570185,0.0003881225505655933,-0.29044087577275823,0,-2814.1247462004808,-442.13672482033746,-3256.5509323320857,0
2.1429412178367784,0,6.0848105931654572e-05,38,42,115,0.46587744355201721,0.00062885138411727687,0.00035071312101850137,-0.42366164847122412,0,-3513.204179411448,-412.95819201473171,-3926.5850535101458,0
2.1429412178367784,0,6.0848105931654572e-05,38,42,116,0.4654543399810791,0.00018816895856625692,0.00030161329400163223,-0.5446378648554927,0,-4189.600327159239,-386.98063112078347,-4577.1248614714996,0.00024489112547598779
2.1429412178367784,0,6.0848105931654572e-05,38,42,117,0.46971094608306885,-0.00024316110229966579,0.00024316110229966579,-0.64406366212677424,0,-4829.655611330998,-363.82250176374225,-5194.1224216479932,-0.00024489112638548249
2.1429412178367784,0,6.0848105931654572e-05,38,42,118,0.47829115390777588,-0.00019172318411152231,0.00019172318411152231,-0.73859163687237683,0,-5434.3887790120652,-343.17156775759605,-5778.298938406534,-9.0949470177292824e-13
2.1429412178367784,0,6.0848105931654572e-05,38,42,119,0.48981115221977234,-0.00013677812916646737,0.00013677812916646737,-0.8027531119587703,0,-6004.0785163041528,-324.76555070609476,-6329.6469425677697,-0.0001224455636474886
2.1429412178367784,0,6.0848105931654572e-05,38,42,120,0.50356537103652954,-8.1833066923088138e-05,8.1833066923088138e-05,-0.85026199045785555,0,-6527.4730555190181,-308.38576283346686,-6836.7092027885064,-0.0001224455636474886
2.1429412178367784,0,6.0848105931654572e-05,38,42,121,0.51871973276138306,-4.6761750442243423e-05,4.6761750442243423e-05,-0.86593502254002797,0,-7010.4277434861115,-293.84657666598906,-7305.1402551746405,0
2.1429412178367784,0,6.0848105931654572e-05,38,42,122,0.53394138813018799,-2.3380875221121712e-05,2.3380875221121712e-05,-0.85124155496299125,0,-7438.4729431178184,-281.00399622140645,-7720.3284257853138,-0.00024489112547598779
2.1429412178367784,0,6.0848105931654572e-05,38,42,123,0.54900157451629639,2.3380875221121708e-06,-2.3380875221121708e-06,-0.82675244233459688,0,-7818.0688823255086,-269.73392292147463,-8088.6295576893181,0
2.1429412178367784,0,6.0848105931654572e-05,38,42,124,0.56281584501266479,3.0395137787458224e-05,-3.0395137787458224e-05,-0.7611216204904997,0,-8133.0938884836596,-259.9364411866697,-8393.7913288452564,0.0001224455627379939
2.1429412178367784,0,6.0848105931654572e-05,38,42,125,0.57492613792419434,5.3776016657742082e-05,-5.3776016657742082e-05,-0.66120604096665037,0,-8386.7109753793538,-251.51928828516424,-8638.8914697054843,0
2.1429412178367784,0,6.0848105931654572e-05,38,42,126,0.58416670560836792,7.2480716834639455e-05,-7.2480716834639455e-05,-0.52112831673223403,0,-8568.0577522151398,-244.41652728120627,-8812.9952853675168,0.00012244556091900449
2.1429412178367784,0,6.0848105931654572e-05,38,42,127,0.59009885787963867,-0.00089071717199719152,-8.8847333138586797e-05,-0.33403149625130041,0,-8674.9644836121442,-238.57379234476079,-8913.8736543543509,-0.00036733668821398169
2.1429412178367784,0,6.0848105931654572e-05,38,42,128,0.589610755443573,-0.00087668864686451847,-0.00010287585827125981,-0.027427806143801792,0,-8651.6851331475918,-234.01257267215917,-8885.7264805270897,-0.00036733668821398169
2.1429412178367784,0,6.0848105931654572e-05,38,42,129,0.58135968446731567,-0.00087668864686451847,-0.00010287585827125981,0.34382714130265818,0,-8481.3516000430482,-230.73697018976671,-8711.7457226560164,0
2.1429412178367784,0,6.0848105931654572e-05,38,42,130,0.56324476003646851,-0.00076212236193018423,-0.00021744214320559404,0.89140369967355826,0,-8141.1978256346483,-228.74992359109879,-8369.0572026450154,0.0001224455627379939
2.1429412178367784,0,6.0848105931654572e-05,38,42,131,0.52167069911956787,0.00060673375395347304,-0.00060673375395347304,2.0815745734135289,0,-7249.6560073658657,-228.53043991916681,-7476.1046278204931,0.00024489112547598779
2.1429412178367784,0,6.0848105931654572e-05,38,42,132,0.41684034466743469,-5.1390829399789545e-05,-0.00043839142316809957,-0.015673032082172453,0,-4946.3036219493242,-231.21163041528655,-5177.531537624508,-0.00012244556182849919
2.14300206594271,0,5.8555906434776261e-05,38,42,0,0.0091868136078119278,-5.46729022768468e-06,4.4890841512264901,32.284448199754905,0,52542.740777690968,7456.1543624782353,60035.669016959473,0.00034990657877642661
2.14300206594271,0,5.8555906434776261e-05,38,42,1,26.378337860107422,-796.45251096176162,8.8670153099658453,8942.6898195638896,0,-69778.400656323342,2292.6591302970201,-59330.637202114223,7.2759576141834259e-12
2.14300206594271,0,5.8555906434776261e-05,38,42,2,26.96818733215332,-648.29654532492327,8.9187507863112714,-8467.3176898834936,0,31921.007238878647,2768.1289793407877,25582.440733797328,0
2.14300206594271,0,5.8555906434776261e-05,38,42,3,24.852649688720703,-328.96553289771043,9.064910341099889,-6915.0130296087937,0,-25933.285821421527,9930.7303026114078,-23237.469170975524,-3.637978807091713e-12
2.14300206594271,0,5.8555906434776261e-05,38,42,4,34.431465148925781,-493.59866970888231,8.910627387085702,-84461.809915862759,0,-79331.510765746803,24706.093483083241,-139571.91524084812,0
2.14300206594271,0,5.8555906434776261e-05,38,42,5,40.673290252685547,-969.45903039471659,8.9428346967906069,-49492.512282857715,0,8420.8032729187416,-24863.389084989958,-66895.614290626865,0
2.14300206594271,0,5.8555906434776261e-05,38,42,6,34.560050964355469,-887.02931492678954,9.3139931255038224,75090.099517977593,0,68460.427029413084,-24536.1595101805,118136.65171540891,1.4551915228366852e-11
2.14300206594271,0,5.8555906434776261e-05,38,42,7,29.153974533081055,-649.28895293626101,9.455134701916192,13671.753263677156,0,48089.81596790452,25845.01266317609,86966.748076523421,0
2.14300206594271,0,5.8555906434776261e-05,38,42,8,35.092517852783203,-436.31096828505707,9.2122041100975576,-95250.483655753313,0,-37644.430351537441,42516.196639293972,-90805.816132171734,-1.4551915228366852e-11
2.14300206594271,0,5.8555906434776261e-05,38,42,9,43.375484466552734,-658.47802146222057,9.1654249808567183,-73260.858181908552,0,-19494.817553853587,-11173.818324058097,-104578.80665630159,1.4551915228366852e-11
2.14300206594271,0,5.8555906434776261e-05,38,42,10,41.57342529296875,-1458.8749188992729,9.3710288912117967,-15917.116222102453,0,19340.811837180368,1127.6814533051479,3101.8731783750031,1.8189894035458565e-12
2.14300206594271,0,5.8555906434776261e-05,38,42,11,45.605758666992188,-2026.8668914261395,9.352915261661094,-57293.31876830649,0,4292.4859016912878,3953.2042720660302,-51065.142570713651,-7.2759576141834259e-12
2.14300206594271,0,5.8555906434776261e-05,38,42,12,37.380302429199219,-3135.265647493356,9.4837982135007906,73114.539721820547,0,55898.211990575139,-12932.180548561808,112954.78931455401,-1.4551915228366852e-11
2.14300206594271,0,5.8555906434776261e-05,38,42,13,26.635683059692383,-2696.3677950511706,9.0527292184726065,48221.509096607952,0,17801.992449050911,-5710.2961448459137,57625.890334980249,-7.2759576141834259e-12
2.14300206594271,0,5.8555906434776261e-05,38,42,14,29.739883422851562,-1117.2159047200421,5.364988281049782,-25378.207264351247,0,-85247.310731762627,-5617.3324571586554,-117354.70136971152,0
2.14300206594271,0,5.8555906434776261e-05,38,42,15,22.452003479003906,717.61529623549109,2.1529612366016444,12651.302525111481,0,-10788.673739890561,-4142.4541057951719,-1560.0570631021592,-9.0949470177292824e-13
2.14300206594271,0,5.8555906434776261e-05,38,42,16,5.8976960182189941,83.770616110799608,2.1898505348469857,10192.235462273367,0,103453.29131555118,-2082.2856275191084,111649.20161695109,1.4551915228366852e-11
2.14300206594271,0,5.8555906434776261e-05,38,42,17,2.7584185600280762,27.235105967578349,2.2557835698609412,-392.48575134080636,0,-29887.106946968837,-981.33550964619485,-31231.437318418401,0
2.14300206594271,0,5.8555906434776261e-05,38,42,18,10.728512763977051,-40.983975310214355,2.2708208546058035,-4486.7519960734917,0,-98583.414268819834,-422.53038393734982,-103531.40980328628,0
2.14300206594271,0,5.8555906434776261e-05,38,42,19,7.6744661331176758,-13.616973948051424,2.9167036588907926,4612.5819629746411,0,69122.980599631264,-93.859448518162438,73631.002843798589,1.4551915228366852e-11
2.14300206594271,0,5.8555906434776261e-05,38,42,20,-3.0331897735595703,27.554093773346651,3.5776667407028886,245.19824089936924,0,91904.605227040098,108.79015291327356,92289.729453006934,0.0040716401417739689
2.14300206594271,0,5.8555906434776261e-05,38,42,21,0.9960792064666748,20.339450630524563,3.9499186274616398,-1566.3233172783457,0,-84636.149403397489,209.23344353857934,-85968.947872059201,0.0020358200563350692
2.14300206594271,0,5.8555906434776261e-05,38,42,22,8.580632209777832,-39.095754928715543,4.9428374304357217,-3203.0778657065775,0,-106658.76330566035,208.37839910908019,-109687.61161811599,0.0040716401417739689
2.14300206594271,0,5.8555906434776261e-05,38,42,23,6.0113663673400879,-23.278340553159303,6.3810339702001615,3506.8629365871993,0,30458.759115230907,181.02512064538877,34129.749865880534,0
2.14300206594271,0,5.8555906434776261e-05,38,42,24,-0.94463026523590088,25.153073875205994,7.2195189716524109,-358.6982635451339,0,93134.835008923183,193.30518730905257,93001.816561354019,0.0020358200563350692
2.14300206594271,0,5.8555906434776261e-05,38,42,25,-3.6211767196655273,23.344283528700945,7.5228203762179087,531.53226213792789,0,34631.522510231756,220.62589265162023,35414.547768926219,0
2.14300206594271,0,5.8555906434776261e-05,38,42,26,1.1223102807998657,-5.776601675289557,7.6434486796960064,-1307.493225188676,0,-74061.8800900239,240.38556225333124,-75127.1168343147,0.0040716401417739689
2.14300206594271,0,5.8555906434776261e-05,38,42,27,6.2532730102539062,-38.516892653173436,7.7515797517663856,-1373.233926896738,0,-68980.929218410485,234.21702744051603,-70150.711430768104,0
2.14300206594271,0,5.8555906434776261e-05,38,42,28,3.8213744163513184,-16.379074070910132,8.0281401428018935,3110.5661300749111,0,33553.539496481208,226.44019477221437,36882.194887400226,0
2.14300206594271,0,5.8555906434776261e-05,38,42,29,-0.64362001419067383,22.956579091653218,8.3207425574181961,116.92834364404213,0,57370.020325272708,288.09704141938312,57806.325067805272,0.0020358200708869845
2.14300206594271,0,5.8555906434776261e-05,38,42,30,-1.3521199226379395,33.551088130543981,8.4153067973017688,324.14123576291217,0,17394.374447128041,412.12479860335588,18172.607385377174,0.00050895502135972492
2.14300206594271,0,5.8555906434776261e-05,38,42,31,1.2906069755554199,-22.355076270251885,8.2672013842184811,-2245.3120629235405,0,-45728.871360811645,604.5632355175054,-47383.70806310371,7.2759576141834259e-12
2.14300206594271,0,5.8555906434776261e-05,38,42,32,6.1285967826843262,-83.11870785565732,8.1435263090044092,215.15360830282575,0,-45460.770144122122,672.60644972500461,-44647.985267640943,0
2.14300206594271,0,5.8555906434776261e-05,38,42,33,2.8870384693145752,-42.204876636498199,8.3329023079109508,3921.4617655309098,0,34913.345154194671,336.30933232271303,39137.244277719707,0
2.14300206594271,0,5.8555906434776261e-05,38,42,34,1.5855454206466675,8.6241662304742412,8.4461850584549616,478.61111941214205,0,12306.131268023031,357.33121036797036,13159.143949092073,0
2.14300206594271,0,5.8555906434776261e-05,38,42,35,0.39403921365737915,2.1993049707298056,8.1813415674037664,47.53487177495888,0,35827.876246146101,528.51924843397853,36414.30948602812,-0.0015268650531652384
2.14300206594271,0,5.8555906434776261e-05,38,42,36,0.80911833047866821,2.3219661121198332,7.5334388478928407,162.33527449058678,0,-12121.67070100912,651.72936938224279,-11297.750906653786,-0.00025447750886087306
2.14300206594271,0,5.8555906434776261e-05,38,42,37,0.20479130744934082,17.265259688519777,6.2214875067758673,-374.09924237646953,0,5285.5192334610583,-276.35850289440208,4658.5482353854832,0
2.14300206594271,0,5.8555906434776261e-05,38,42,38,1.6269123554229736,0.34407695210995465,4.9612701509251682,-1118.9376061034841,0,-34807.120134569894,-734.27042174241922,-36655.023833222796,-0.0010179100354434922
2.14300206594271,0,5.8555906434776261e-05,38,42,39,5.3905448913574219,-29.659177203884884,4.4964411357674168,-1020.019144710785,0,-36539.712948624554,-783.40392122753087,-38368.298750630987,0
2.14300206594271,0,5.8555906434776261e-05,38,42,40,0.71785992383956909,0.066223795448791534,4.3331833763312932,1349.1613724762321,0,62992.503407209057,-708.65267988860398,63637.411506968463,0
2.14300206594271,0,5.8555906434776261e-05,38,42,41,-3.7876112461090088,36.756690114921817,3.548475635611319,556.38148191522907,0,9583.9161387262775,-683.81160339158384,9496.7911830004559,0
2.14300206594271,0,5.8555906434776261e-05,38,42,42,4.4094939231872559,-5.6778903715116904,2.0622739267724817,-2460.0686863126698,0,-97302.679862634337,-728.10697647977952,-100494.47114187152,1.4551915228366852e-11
2.14300206594271,0,5.8555906434776261e-05,38,42,43,8.6979761123657227,-37.842784714574833,1.100304086954766,707.52076392955269,0,-23922.237609800119,-783.31027350430008,-24034.769600002484,0
2.14300206594271,0,5.8555906434776261e-05,38,42,44,1.1394211053848267,11.966160455648938,0.95926117027968605,1738.2788595108329,0,84920.235879278509,-724.40178395194994,85947.036340643244,-0.0020358200708869845
2.14300206594271,0,5.8555906434776261e-05,38,42,45,-2.9606692790985107,34.387495375324818,0.82812019961822159,190.87034650505026,0,12066.745293424186,-597.89185314734186,11694.939402356837,-1.8189894035458565e-12
2.14300206594271,0,5.8555906434776261e-05,38,42,46,4.3207311630249023,-8.9172197586626254,0.59478731153769093,-1430.9453542477895,0,-99634.239442833423,-455.00578569775513,-101528.51505104617,-0.0020358200854388997
2.14300206594271,0,5.8555906434776261e-05,38,42,47,7.6611418724060059,-36.800250811939193,0.69294604623277301,189.20911732773766,0,-19988.357341840769,-326.21166477434224,-20161.467194053079,0
2.14300206594271,0,5.8555906434776261e-05,38,42,48,1.4545646905899048,5.0374887741931476,1.0027893741971858,1339.1461556407057,0,104309.85039518257,-195.85403403698808,105459.18279493468,0
2.14300206594271,0,5.8555906434776261e-05,38,42,49,-4.1902484893798828,42.705790761211439,1.0317676277396637,48.208219263189449,0,62530.474042268987,-74.081456535819299,62548.337345475273,-0.0010179100354434922
2.14300206594271,0,5.8555906434776261e-05,38,42,50,1.5721457004547119,1.9415396324179246,0.72538465959128895,-1334.2031845101728,0,-105719.64765054075,26.897254767958572,-107024.28665599096,0
2.14300206594271,0,5.8555906434776261e-05,38,42,51,10.256582260131836,-52.376846522912139,0.6018704966691466,-1813.0362083099706,0,-87665.172796379164,86.636358908964965,-89443.347621806417,0
2.14300206594271,0,5.8555906434776261e-05,38,42,52,4.3067669868469238,-3.0949733547261773,0.94514736055691806,3240.1705073862781,0,95493.088261883197,109.6574122631941,98840.766355538508,0
2.14300206594271,0,5.8555906434776261e-05,38,42,53,-3.7996835708618164,31.086577460785396,1.1893139327367981,-410.78370213208785,0,85056.318236053368,130.99484241933806,84808.807303554204,0.0020358200563350692
2.14300206594271,0,5.8555906434776261e-05,38,42,54,0.91014713048934937,10.990094139903608,1.040584565156276,-170.87553968522698,0,-90950.098772189507,184.11956715214754,-90924.82101228743,0.0030537301063304767
2.14300206594271,0,5.8555906434776261e-05,38,42,55,7.7863245010375977,-44.869909308216933,1.0264882756135558,-2229.2881231507122,0,-82811.908041420931,231.888049280166,-84853.151536324091,-1.4551915228366852e-11
2.14300206594271,0,5.8555906434776261e-05,38,42,56,4.7670831680297852,-12.376222879056396,1.464227302591216,1683.4196160781823,0,52616.486323915204,262.4009204928638,54551.39486490978,-7.2759576141834259e-12
2.14300206594271,0,5.8555906434776261e-05,38,42,57,-3.1879987716674805,43.139541586352898,2.0190192116229619,-713.09483928185898,0,100378.82027532156,313.97638615222365,100024.86038298989,0
2.14300206594271,0,5.8555906434776261e-05,38,42,58,-2.5708990097045898,55.102990638818696,2.3519233833828546,905.41876131705783,0,-13372.186411982064,395.72677689262213,-12013.585959750182,1.8189894035458565e-12
2.14300206594271,0,5.8555906434776261e-05,38,42,59,2.5456821918487549,5.2778048829735846,2.5804605881375333,16.290632202028799,0,-80839.401975369241,461.37383087745349,-80353.883318458786,-0.0040716401272220537
2.14300206594271,0,5.8555906434776261e-05,38,42,60,5.1920757293701172,-23.490994534262981,3.1165072713406823,-1805.3489517247592,0,-46121.898640291132,497.36305807908622,-47450.25902119973,0
2.14300206594271,0,5.8555906434776261e-05,38,42,61,2.7003049850463867,-7.4847280256092841,3.9016847019938523,1216.9847365061219,0,35944.027924433351,538.71056370558017,37696.14018132144,0
2.14300206594271,0,5.8555906434776261e-05,38,42,62,-1.5680370330810547,35.080214653269735,4.5612737543664545,-802.95797300214804,0,65704.016230396577,667.5698308712407,65608.267540853238,-0.0020358200708869845
2.14300206594271,0,5.8555906434776261e-05,38,42,63,-2.0424277782440186,41.076593443290065,4.9247968637635147,1389.5998844413657,0,-10698.18357358864,858.34652965306009,-8404.2357691871603,1.8189894035458565e-12
2.14300206594271,0,5.8555906434776261e-05,38,42,64,4.0367250442504883,-13.450368467403612,5.0057868160645143,-3471.2075838770852,0,-100923.25556506464,1109.2409951089498,-103293.67080712425,-0.0040716401272220537
2.14300206594271,0,5.8555906434776261e-05,38,42,65,9.2442197799682617,-75.399230044002366,5.1715809011398992,-1265.628621264342,0,-57975.798945372138,1454.7888789103938,-57856.866336868952,-7.2759576141834259e-12
2.14300206594271,0,5.8555906434776261e-05,38,42,66,5.2622437477111816,-29.962441331471556,5.6058900111675616,6406.5058924652358,0,93753.740596835501,1938.5078708787582,102074.39780885918,-1.4551915228366852e-11
2.14300206594271,0,5.8555906434776261e-05,38,42,67,-3.5300884246826172,51.144815657573673,5.9070059907211387,-707.76913397812154,0,142039.24773317139,2789.9611137739989,144178.49560625569,0.0040716401417739689
2.14300206594271,0,5.8555906434776261e-05,38,42,68,-0.079531282186508179,36.300930837225415,5.6744980421820079,-1939.2111194742704,0,-56100.568433916458,5866.1096697414996,-52131.69496372484,-0.00050895501772174612
2.14300206594271,0,5.8555906434776261e-05,38,42,69,12.27667236328125,-94.167684897697995,5.4385029565303826,-8822.2832773298505,0,-148176.39834378383,4024.70634457286,-153062.71260176226,-0.0081432802835479379
2.14300206594271,0,5.8555906434776261e-05,38,42,70,14.409002304077148,-102.04048938460367,5.7706299032817716,4303.4467569494382,0,16332.944686368586,-3364.6568330410714,17175.464750795629,-3.637978807091713e-12
2.14300206594271,0,5.8555906434776261e-05,38,42,71,2.7539768218994141,-0.46579225229059268,6.2393779714800051,8501.5479685444425,0,148089.34667758053,-1393.0872442216801,155203.57691598235,-0.0040716401126701385
2.14300206594271,0,5.8555906434776261e-05,38,42,72,-2.9934039115905762,58.991856284820969,6.2806068070869747,1136.4151214064605,0,42982.228426492125,4013.6179960828108,48197.531971253236,-0.0020358200636110269
2.14300206594271,0,5.8555906434776261e-05,38,42,73,4.1438345909118652,-15.207584374111759,6.0626806186114637,-4668.3960060202317,0,-114953.50045654979,3140.7003387545451,-116490.34102757099,0
2.14300206594271,0,5.8555906434776261e-05,38,42,74,8.3682651519775391,-72.455122586898071,6.0711017366412507,-3928.8558640260071,0,-48781.620200891855,-1599.4868262224907,-54376.346911990608,0
2.14300206594271,0,5.8555906434776261e-05,38,42,75,2.6825990676879883,-13.26255859863411,6.2471226366007127,2932.9204707461145,0,73570.180683380211,-1777.1324855512878,74718.953232613014,1.4551915228366852e-11
2.14300206594271,0,5.8555906434776261e-05,38,42,76,-4.110386848449707,87.451084061140463,6.2862152528078106,-427.26977306085934,0,87095.900501779193,-1204.2394849564093,85558.126507255802,-0.0020358200708869845
2.14300206594271,0,5.8555906434776261e-05,38,42,77,-3.7803144454956055,-1.9429715654311936,5.8802475812676969,1776.7538230182238,0,-56378.470088424103,-886.63221370891961,-55484.411203098956,7.2759576141834259e-12
2.14300206594271,0,5.8555906434776261e-05,38,42,78,10.481869697570801,-18.981205009404672,5.1539150923614807,-6646.2359206559504,0,-167951.1330140146,-1432.748581875001,-176043.95244078786,-0.0076343252731021494
2.14300206594271,0,5.8555906434776261e-05,38,42,79,10.433535575866699,-73.483102376562726,4.8352496082034202,6446.888419378437,0,89473.982642223316,-1727.0431685432002,94125.180040290201,0
2.14300206594271,0,5.8555906434776261e-05,38,42,80,-2.0297074317932129,44.573379826009699,4.1315795343173418,2204.7096674427526,0,193094.7486600324,-1565.5944936932012,193782.57082896234,0.0020358200708869845
2.14300206594271,0,5.8555906434776261e-05,38,42,81,-1.7951431274414062,40.414751867343661,2.453511351616656,696.26675058128785,0,-155.58958468785966,-1319.162545831269,-735.61711671888031,1.1368683772161603e-13
2.14300206594271,0,5.8555906434776261e-05,38,42,82,7.9377398490905762,-24.345318026991638,1.218402029110214,-5568.7252171617001,0,-128453.60965846521,-1224.7409564962124,-135270.2024936435,0.00025447749067097902
2.14300206594271,0,5.8555906434776261e-05,38,42,83,8.8412370681762695,-50.672180905178237,0.94931150973317446,-1125.1244632969313,0,-11984.921613161259,-1341.2552652334705,-14501.024211087106,0
2.14300206594271,0,5.8555906434776261e-05,38,42,84,-0.37047308683395386,13.543227658275722,1.1182395325466856,847.36633410424201,0,115157.99451096487,-1236.7362628275521,114783.28452256732,-0.0015268650458892807
2.14300206594271,0,5.8555906434776261e-05,38,42,85,-4.0224442481994629,22.721259216344713,1.3177041730024588,684.53228369644739,0,26889.767021740245,-1058.4839291178248,26539.854339708214,0
2.14300206594271,0,5.8555906434776261e-05,38,42,86,2.1752936840057373,-5.4436779952440784,1.4127542561767177,953.17095688451434,0,-76887.443625186192,-1007.702433285857,-76946.006025326598,0
2.14300206594271,0,5.8555906434776261e-05,38,42,87,4.4680042266845703,-1.9134828657920038,1.4085994883734656,-1413.6897433324687,0,-31507.980063029157,-1078.512326968807,-34000.687016707852,0
2.14300206594271,0,5.8555906434776261e-05,38,42,88,3.9173235893249512,-12.738043176060724,1.3496657031603112,-1515.7616900139633,0,-3863.6078307749417,-1149.8922502714231,-6540.6501485332283,0
2.14300206594271,0,5.8555906434776261e-05,38,42,89,3.62117600440979,-8.3213978867059417,1.5380454126794536,252.02230977480045,0,19454.557176144597,-1127.7791726685191,18572.016960776851,-3.637978807091713e-12
2.14300206594271,0,5.8555906434776261e-05,38,42,90,-0.18393793702125549,26.688848498592016,2.0263935920873402,633.28076790576381,0,70100.100943822035,-1107.966571744982,69654.132672371081,0.0022902975906617939
2.14300206594271,0,5.8555906434776261e-05,38,42,91,-3.2188584804534912,54.000806052538792,2.3221920106115133,727.47994389814687,0,23028.101363312308,-1130.6435715073412,22681.260733766263,0
2.14300206594271,0,5.8555906434776261e-05,38,42,92,3.9690811634063721,-8.7624561180064902,2.2559751735321023,-1482.3579543015303,0,-97775.038978610784,-1167.5285595398777,-100431.43197339667,0
2.14300206594271,0,5.8555906434776261e-05,38,42,93,8.9441604614257812,-59.517214664142188,2.4653930158473756,115.04826380917915,0,-17480.61789276345,-1168.5444337549256,-18591.165884357491,0
2.14300206594271,0,5.8555906434776261e-05,38,42,94,1.4853992462158203,10.322857031913754,3.0850539506608121,2099.3437638876162,0,127751.69147136895,-1096.1018123756464,128768.33929804343,-0.0020358200563350692
2.14300206594271,0,5.8555906434776261e-05,38,42,95,-1.2156686782836914,25.317318977554599,3.2676306286296515,472.50569502150415,0,15046.556807848046,-1026.0640034543333,14521.583449021402,1.8189894035458565e-12
2.14300206594271,0,5.8555906434776261e-05,38,42,96,7.523561954498291,-37.534685762834542,3.2433324997786679,-4076.8925562532909,0,-78389.333237241561,-1037.2584690655437,-83537.779687463597,-0.0040716401417739689
2.14300206594271,0,5.8555906434776261e-05,38,42,97,4.9230680465698242,-27.412083394814463,3.8047138603573307,3829.3042625914645,0,59077.364898816304,-1019.5061180530855,61863.555673820221,-7.2759576141834259e-12
2.14300206594271,0,5.8555906434776261e-05,38,42,98,-3.2770867347717285,35.85055037906028,4.3935407693657789,-227.81233749955345,0,73250.793087481303,-924.0536403299634,72139.167129160065,-0.0040716401417739689
2.14300206594271,0,5.8555906434776261e-05,38,42,99,0.86368995904922485,8.9722715814292311,4.5231796641654851,-887.15541946697022,0,-68447.15348255515,-868.48898524297601,-70189.299382289391,0.0030537301063304767
2.14300206594271,0,5.8555906434776261e-05,38,42,100,6.2156763076782227,-15.425395252466105,4.6192623196531999,-932.69060697793975,0,-47373.402741908176,-851.59575030015731,-49168.495232119087,0
2.14300206594271,0,5.8555906434776261e-05,38,42,101,1.9299626350402832,-4.2432544045080292,4.3409737678793592,1359.19084005225,0,26960.19418124999,-850.46790598124653,27469.014834684363,0
2.14300206594271,0,5.8555906434776261e-05,38,42,102,1.6979279518127441,3.8007500749422594,1.9707998241769165,0.20561782709384013,0,1839.5324065240925,-1042.8691891791143,802.6403850711913,0
2.14300206594271,0,5.8555906434776261e-05,38,42,103,1.9278255701065063,0.0045293905194547001,-0.0024935704492186589,-18.208374708191151,0,2502.495176576389,-1127.2050714087125,1357.0837662795557,2.2737367544323206e-13
2.14300206594271,0,5.8555906434776261e-05,38,42,104,1.6055907011032104,-0.029371249550055215,0.00086976856675064342,29.303594090977573,0,2613.5206599267817,-1018.268339450382,1624.5274130863941,0
2.14300206594271,0,5.8555906434776261e-05,38,42,105,1.3400238752365112,0.080146854551053151,0.0012859482583884852,18.08418968390675,0,2050.6041955860951,-918.08156215392592,1150.6882559188853,0
2.14300206594271,0,5.8555906434776261e-05,38,42,106,1.1238257884979248,0.04354184083623136,0.001246200708961541,12.257672642891203,0,1747.9530764845945,-830.29496490527765,929.96057226375331,0
2.14300206594271,0,5.8555906434776261e-05,38,42,107,0.94292616844177246,0.025170360282971101,0.0012953006300974327,8.4038652499343769,0,1485.692627576577,-753.66059000138239,740.46236848604212,0
2.14300206594271,0,5.8555906434776261e-05,38,42,108,0.79312258958816528,0.015009964675208791,0.0012765958866795377,5.7969976499971265,0,1188.2888347061098,-686.64444701931723,507.45767189735164,5.6843418860808015e-14
2.14300206594271,0,5.8555906434776261e-05,38,42,109,0.66813087463378906,0.0099180765583718657,0.0012789338279263593,4.0960699813149146,0,866.93463661935084,-627.89067979230515,243.1512238187469,2.8421709430404007e-14
2.14300206594271,0,5.8555906434776261e-05,38,42,110,0.56141424179077148,0.0058230554279552491,0.0013023148178708942,2.9692435724392658,0,517.98795121064757,-576.24803207062746,-55.283711917294809,-1.4210854715202004e-14
2.14300206594271,0,5.8555906434776261e-05,38,42,111,0.47139820456504822,0.0048004692676549207,0.001306990943053202,2.1182707830806007,0,126.75626503310662,-530.74338186071145,-401.86273858431355,0
2.14300206594271,0,5.8555906434776261e-05,38,42,112,0.39475765824317932,0.0032934779896913622,0.0012871171683397299,1.5207575924663226,0,-289.24422602896112,-490.54967725902372,-778.26856510036055,0
2.14300206594271,0,5.8555906434776261e-05,38,42,113,0.32967829704284668,0.0017923318682056882,0.0012613982371483732,1.0861100074709278,0,-722.12268338332069,-454.96761407143822,-1176.0011337171827,0
2.14300206594271,0,5.8555906434776261e-05,38,42,114,0.27415266633033752,0.0012938981323068702,0.0012508769554881809,0.78022804191796269,0,-1179.0515556149226,-423.39917015232305,-1601.6679529502399,0
2.14300206594271,0,5.8555906434776261e-05,38,42,115,0.22695218026638031,0.0010464350539894909,0.0012438625250260551,0.55526992415688015,0,-1658.425089643368,-395.3367901104175,-2053.2043195320498,-4.5474735088646412e-13
2.14300206594271,0,5.8555906434776261e-05,38,42,116,0.18694496154785156,0.00081533829246585663,0.0012204817777701842,0.38884163341508382,0,-2166.417673264174,-370.35047057526145,-2536.3773300053276,-6.3619377215218265e-05
2.14300206594271,0,5.8555906434776261e-05,38,42,117,0.1536584347486496,0.00060060833311329561,0.0011807342283432403,0.2641476541131263,0,-2690.390681003807,-348.07812186155019,-3038.2028102493055,6.3619377215218265e-05
2.14300206594271,0,5.8555906434776261e-05,38,42,118,0.12669260799884796,0.00038704740505631153,0.0011398176476207192,0.17558948105785854,0,-3233.4016601302519,-328.22012851238452,-3561.4446722965258,4.5474735088646412e-13
2.14300206594271,0,5.8555906434776261e-05,38,42,119,0.10466412454843521,0.00019803637689510723,0.0010743511670024183,0.11591450524906458,0,-3778.6120883650783,-310.52414426812089,-4089.019045740406,0
2.14300206594271,0,5.8555906434776261e-05,38,42,120,0.087564565241336823,0.00027636226243692039,0.00099602528146060525,0.072398851247769208,0,-4319.1144282099749,-294.7796207999329,-4613.8201232936071,0.00025447750886087306
2.14300206594271,0,5.8555906434776261e-05,38,42,121,0.074215784668922424,0.00010839391894043295,0.00090951611617758749,0.046442145352259684,0,-4846.1500727677694,-280.80880556793807,-5126.9112910415652,0.00012723875533993123
2.14300206594271,0,5.8555906434776261e-05,38,42,122,0.064174026250839233,0.00018905798841773204,0.00082885204670028842,0.029392152264032842,0,-5341.1291855446088,-268.47046355476374,-5609.5693662758276,-0.00012723875352094183
2.14300206594271,0,5.8555906434776261e-05,38,42,123,0.056823786348104477,8.5878174756029939e-05,0.00074117372877736173,0.018958574404073131,0,-5803.420662318721,-257.64524480879237,-6061.045994262452,0.00012723875352094183
2.14300206594271,0,5.8555906434776261e-05,38,42,124,0.052069541066884995,7.203660880839477e-05,0.00062777654033524435,0.010369958482764834,0,-6215.4955833303566,-248.23619339917897,-6463.7205160997719,0.00019085813164565479
2.14300206594271,0,5.8555906434776261e-05,38,42,125,0.04926595464348793,7.4561754023583907e-05,0.00049801264073030262,0.0045805951580310924,0,-6572.2073954419575,-240.15398772034189,-6812.3563572315006,-0.00012723875352094183
2.14300206594271,0,5.8555906434776261e-05,38,42,126,0.047912634909152985,1.6974615930627543e-05,0.00036474164723863012,0.00012723875438975255,0,-6855.4113433225284,-233.33449944006873,-7088.7454610463337,-0.00012723875443043653
2.14300206594271,0,5.8555906434776261e-05,38,42,127,0.047706529498100281,-3.2031415028291672e-06,0.00019406127308745801,-0.0029264913509643086,0,-7060.2219677585199,-227.72530619155086,-7287.9500732026672,-6.3619377215218265e-05
2.14300206594271,0,5.8555906434776261e-05,38,42,128,0.048931129276752472,-2.6209973783314359e-05,-3.7409403411561921e-05,-0.0070617508686312671,0,-7130.655234728476,-223.34625722047315,-7354.0087445579493,-0.00012723875443043653
2.14300206594271,0,5.8555906434776261e-05,38,42,129,0.051266457885503769,0.00010607900278062963,-0.0002969371343652585,-0.0097337647108160716,0,-7044.3731085117324,-220.20040625694091,-7264.5836302496473,-0.00019085813073616009
2.14300206594271,0,5.8555906434776261e-05,38,42,130,0.054003480821847916,0.00035029220685927476,-0.000859247224418285,-0.020930775097114294,0,-6765.1726007992802,-218.28826225597169,-6983.4823027853672,-9.0949470177292824e-13
2.14300206594271,0,5.8555906434776261e-05,38,42,131,0.066763892769813538,-7.3603346152472158e-05,-0.0023439329872528263,-0.082832429107728922,0,-6044.7228525586761,-218.06483100326329,-6262.8729335273811,-9.0949470177292824e-13
2.14300206594271,0,5.8555906434776261e-05,38,42,132,0.10179735720157623,4.6854929647468506e-05,-0.0017009587367142517,-0.0012723875438975256,0,-4161.211134012292,-220.62792847169047,-4381.8418617365787,0.00012723875443043653
