# HITEMP pruned exponential-sum Planck-mean surface v1
# T_grid 300.0 2500.0 50.0
# columns T_gas T_rad kappaP_cm2_per_molecule d_dTgas d_dTrad d2_dTgas_dTrad
300.0 300.0 1.07559525426014460e-20 9.64981217769659268e-26 1.30362426120501988e-23 3.05114693378130147e-27
300.0 350.0 1.19345729365408695e-20 2.63808950769539692e-25 3.53794279703754616e-23 3.52562846387822398e-27
300.0 400.0 1.42861694112035181e-20 4.37447196328713320e-25 5.76017016106566199e-23 3.31473140719946012e-27
300.0 450.0 1.75346023817519404e-20 5.87001876561382390e-25 7.04833342322068798e-23 2.61009851424748453e-27
300.0 500.0 2.11532458613953986e-20 6.95197465827356105e-25 7.26127542890586509e-23 1.70710963164629079e-27
300.0 550.0 2.46572686523492296e-20 7.58294722681477614e-25 6.64496893664022342e-23 8.35166319745005026e-28
300.0 600.0 2.77166731580759757e-20 7.81291215123897447e-25 5.53736302207740911e-23 1.15004344053353841e-28
300.0 650.0 3.01613333146938684e-20 7.72953655227075074e-25 4.22680894451318840e-23 -4.17201488580812726e-28
300.0 700.0 3.19432482329143462e-20 7.42517533256686632e-25 2.91205422290307826e-23 -7.73241190582123808e-28
300.0 750.0 3.30923957640269631e-20 6.98035337934015316e-25 1.70932496821628009e-23 -9.85029149983896997e-28
300.0 800.0 3.36806802760572760e-20 6.45819363235197226e-25 6.73946657197675947e-24 -1.08838874022166063e-27
300.0 850.0 3.37970118145861809e-20 5.90465088826663922e-25 -1.78152909762369292e-24 -1.11541015274759742e-27
300.0 900.0 3.35319923475644635e-20 5.35117870439609856e-25 -8.53828103776464744e-24 -1.09184181244141039e-27
300.0 950.0 3.29695556034469651e-20 4.81799235189765322e-25 -1.37140786239129697e-23 -1.03698901183871110e-27
300.0 1000.0 3.21831414911233896e-20 4.31708223546893657e-25 -1.75365081763329726e-23 -9.64636918439886536e-28
300.0 1050.0 3.12345937155610145e-20 3.85467899472519575e-25 -2.02369830736407273e-23 -8.84236832612156527e-28
300.0 1100.0 3.01745571744273044e-20 3.43313611700276402e-25 -2.20297128533594130e-23 -8.02016366675375058e-28
300.0 1150.0 2.90436050758782261e-20 3.05230407001439265e-25 -2.31025100511088221e-23 -7.21894507202105564e-28
300.0 1200.0 2.78736395465307017e-20 2.71050015461232164e-25 -2.36143776072263920e-23 -6.46185781750361169e-28
300.0 1250.0 2.66893127065160065e-20 2.40517402669159850e-25 -2.36966945900484055e-23 -5.76119256084915239e-28
300.0 1300.0 2.55093403075395097e-20 2.13335226009922357e-25 -2.34560890212368172e-23 -5.12209718463168267e-28
300.0 1350.0 2.43476535928671260e-20 1.89192665547562153e-25 -2.29779034800106123e-23 -4.54517087719240830e-28
300.0 1400.0 2.32143760971023152e-20 1.67783437083516398e-25 -2.23296634939418283e-23 -4.02824172758772228e-28
300.0 1450.0 2.21166334241097317e-20 1.48816457073116923e-25 -2.15642591246463866e-23 -3.56756212610995588e-28
300.0 1500.0 2.10592138021073208e-20 1.32021611437439975e-25 -2.07227223807559070e-23 -3.15859651958702567e-28
300.0 1550.0 2.00451004839399056e-20 1.17152332810703306e-25 -1.98365771413074521e-23 -2.79652797944155667e-28
300.0 1600.0 1.90758968890782486e-20 1.03986154466295047e-25 -1.89297859771228257e-23 -2.47657342904928530e-28
300.0 1650.0 1.81521635562490983e-20 9.23240308538897498e-26 -1.80203393291870563e-23 -2.19417044341988685e-28
300.0 1700.0 1.72736834997476860e-20 8.19889512687226324e-26 -1.71215388713703381e-23 -1.94507916431215914e-28
300.0 1750.0 1.64396699814395092e-20 7.28241917438640961e-26 -1.62430256064892353e-23 -1.72542916281136833e-28
300.0 1800.0 1.56489282952874400e-20 6.46914265224348261e-26 -1.53915983867949861e-23 -1.53173148899948401e-28
300.0 1850.0 1.48999810286106624e-20 5.74688369167258595e-26 -1.45718623791268145e-23 -1.36086949880740152e-28
300.0 1900.0 1.41911644463990798e-20 5.10492995643566352e-26 -1.37867407137838644e-23 -1.21007747424850650e-28
300.0 1950.0 1.35207021308507246e-20 4.53386993192508593e-26 -1.30378767518162308e-23 -1.07691292949683811e-28
300.0 2000.0 1.28867607669181741e-20 4.02543881939596100e-26 -1.23259493191961927e-23 -9.59226377340242874e-29
300.0 2050.0 1.22874919582523813e-20 3.57237966955319204e-26 -1.16509189430539037e-23 -8.55130906041385763e-29
300.0 2100.0 1.17210631485643917e-20 3.16831946816664631e-26 -1.10122195455003623e-23 -7.62972967693965326e-29
300.0 2150.0 1.11856800763517113e-20 2.80765935308008255e-26 -1.04089071236510183e-23 -6.81305154662455250e-29
300.0 2200.0 1.06796026758445607e-20 2.48547786215851454e-26 -9.83977457622393551e-24 -6.08861336335356150e-29
300.0 2250.0 1.02011559283071515e-20 2.19744599469290873e-26 -9.30343993533927445e-24 -5.44534272478608520e-29
300.0 2300.0 9.74873684431169215e-21 1.93975285309765153e-26 -8.79841374331481040e-24 -4.87355662816286645e-29
300.0 2350.0 9.32081850197309575e-21 1.70904067683991113e-26 -8.32315010605871487e-24 -4.36478501559735610e-29
300.0 2400.0 8.91595186443862090e-21 1.50234815962228873e-26 -7.87608499634072835e-24 -3.91161557672049228e-29
300.0 2450.0 8.53276594097019795e-21 1.31706103641535357e-26 -7.45566462167188287e-24 -3.50755781276911541e-29
300.0 2500.0 8.16996673079675803e-21 1.15086902807338300e-26 -7.06036607198915009e-24 -3.14692433469470530e-29
350.0 300.0 1.07614726702949837e-20 1.23643351469219506e-25 1.32004114961300752e-23 3.50050180393594687e-27
350.0 350.0 1.19490846782332445e-20 3.14970071087385492e-25 3.55686733289079007e-23 4.01875846613014738e-27
350.0 400.0 1.43099872935801054e-20 5.12139207269273742e-25 5.77790379730665019e-23 3.74752106233620609e-27
350.0 450.0 1.75664032481090795e-20 6.80310692134184813e-25 7.06222544932141840e-23 2.91499353355597068e-27
350.0 500.0 2.11907835755140785e-20 8.00077172408826889e-25 7.27027736499136466e-23 1.86542326723781776e-27
350.0 550.0 2.46981064952231044e-20 8.67708923096666145e-25 6.64926998498847724e-23 8.62670961132802896e-28
350.0 600.0 2.77586537099153047e-20 8.89449570136817249e-25 5.53779852402372075e-23 4.29434699312291766e-29
350.0 650.0 3.02027786826609589e-20 8.75720307483093094e-25 4.22440268940727442e-23 -5.55531809214980295e-28
350.0 700.0 3.19829821251539813e-20 8.37320045757798727e-25 2.90776048725023184e-23 -9.49273631943663690e-28
350.0 750.0 3.31296771154977958e-20 7.83559332452052694e-25 1.70392160365960120e-23 -1.17711491695302655e-27
350.0 800.0 3.37151076669224897e-20 7.21662042666320567e-25 6.68015661825983756e-24 -1.28155995273712210e-27
350.0 850.0 3.38284299001536214e-20 6.56829436776730653e-25 -1.84203938849766153e-24 -1.30017052364650095e-27
350.0 900.0 3.35604132282848850e-20 5.92574176841615701e-25 -8.59730856769389824e-24 -1.26276985066963201e-27
350.0 950.0 3.29950981568104452e-20 5.31113332795990256e-25 -1.37699800823338130e-23 -1.19149909930535475e-27
350.0 1000.0 3.22059871663868300e-20 4.73725188947790465e-25 -1.75883793324902295e-23 -1.10200544939789910e-27
350.0 1050.0 3.12549557265589619e-20 4.21037766996896320e-25 -2.02844237768747233e-23 -1.00489015506321423e-27
350.0 1100.0 3.01926598802061418e-20 3.73247036016554699e-25 -2.20726529630496483e-23 -9.07036223903627491e-28
350.0 1150.0 2.90596707666538148e-20 3.30274708679929725e-25 -2.31410853003075230e-23 -8.12688843999797737e-28
350.0 1200.0 2.78878804337574608e-20 2.91878538281451820e-25 -2.36488437189982222e-23 -7.24278507592444134e-28
350.0 1250.0 2.67019264670224419e-20 2.57727194405271011e-25 -2.37273694738393579e-23 -6.43022257056186984e-28
350.0 1300.0 2.55205079884800983e-20 2.27449646629377121e-25 -2.34833149729002531e-23 -5.69349934181462941e-28
350.0 1350.0 2.43575390370048812e-20 2.00666680724043206e-25 -2.30020233046424715e-23 -5.03199363913639061e-28
350.0 1400.0 2.32231263090077331e-20 1.77010161393208574e-25 -2.23510061269045712e-23 -4.44216618685323377e-28
350.0 1450.0 2.21243794855428360e-20 1.56134059464299969e-25 -2.15831316075889690e-23 -3.91889158096024112e-28
350.0 1500.0 2.10660720770075909e-20 1.37720059558711051e-25 -2.07394060001176326e-23 -3.45632361965198015e-28
350.0 1550.0 2.00511739449548227e-20 1.21479689055969120e-25 -1.98513262229886227e-23 -3.04844200048536226e-28
350.0 1600.0 1.90812764600142079e-20 1.07154286229595629e-25 -1.89428283168029424e-23 -2.68938431487868123e-28
350.0 1650.0 1.81569294068672771e-20 9.45136894238912391e-26 -1.80318775767283056e-23 -2.37363554667665748e-28
350.0 1700.0 1.72779062572002609e-20 8.33542279577738433e-26 -1.71317524214836606e-23 -2.09612464500217988e-28
350.0 1750.0 1.64434118407758761e-20 7.34963897300292580e-26 -1.62520727073584299e-23 -1.85226183743113215e-28
350.0 1800.0 1.56522440230153121e-20 6.47824014783381887e-26 -1.53996182860976087e-23 -1.63793930464824512e-28
350.0 1850.0 1.49029188603973921e-20 5.70738647327406085e-26 -1.45789773988938115e-23 -1.44951023895124710e-28
350.0 1900.0 1.41937668841559172e-20 5.02495291865270299e-26 -1.37930581930368857e-23 -1.28375612348752640e-28
350.0 1950.0 1.35230066466686127e-20 4.42032453774210283e-26 -1.30434908267321487e-23 -1.13784855792713637e-28
350.0 2000.0 1.28888004223078946e-20 3.88421132323010181e-26 -1.23309425301173900e-23 -1.00930959819373508e-28
350.0 2050.0 1.22892959473552876e-20 3.40848273824052237e-26 -1.16553636696927333e-23 -8.95973008945187267e-29
350.0 2100.0 1.17226572737307118e-20 2.98602109251946669e-26 -1.10161792787249730e-23 -7.95947795576053206e-29
350.0 2150.0 1.11870871639682444e-20 2.61059242693954654e-26 -1.04124375860122626e-23 -7.07584713893308422e-29
350.0 2200.0 1.06808429396291077e-20 2.27673333525829148e-26 -9.84292470507036661e-24 -6.29446031190771304e-29
350.0 2250.0 1.02022472865872797e-20 1.97965208610564410e-26 -9.30625274273519627e-24 -5.60278550928805300e-29
350.0 2300.0 9.74969519709739147e-21 1.71514244406620178e-26 -8.80092706656175580e-24 -4.98989759319901012e-29
350.0 2350.0 9.32165797296764480e-21 1.47950868288945726e-26 -8.32539726175271286e-24 -4.44626868444377060e-29
350.0 2400.0 8.91668501250744000e-21 1.26950040760909684e-26 -7.87809534981474906e-24 -3.96358491866938150e-29
350.0 2450.0 8.53340394502993882e-21 1.08225593797650056e-26 -7.45746408250051073e-24 -3.53458678247511556e-29
350.0 2500.0 8.17051955157565239e-21 9.15253141691977997e-27 -7.06197752506677725e-24 -3.15293034962052043e-29
400.0 300.0 1.07682456468766196e-20 1.46322944887022729e-25 1.33848676320345632e-23 3.86437781079430634e-27
400.0 350.0 1.19659053948511210e-20 3.56057538958249800e-25 3.57790438970080756e-23 4.37587452773066331e-27
400.0 400.0 1.43370927649594442e-20 5.69163136672614929e-25 5.79737496342812313e-23 4.01716709491939437e-27
400.0 450.0 1.76022060020880324e-20 7.47684735717426747e-25 7.07721301057009791e-23 3.05646126413054742e-27
400.0 500.0 2.12326982072934705e-20 8.71282141384561971e-25 7.27969251860789976e-23 1.88011758091434834e-27
400.0 550.0 2.47433778439574123e-20 9.37002734887703757e-25 6.65340917122153894e-23 7.77012094131897780e-28
400.0 600.0 2.78048770091657712e-20 9.52663102464105777e-25 5.53766125956184267e-23 -1.08948627138306777e-28
400.0 650.0 3.02481118398041811e-20 9.30347898268217449e-25 4.22117419876480558e-23 -7.42410736595489336e-28
400.0 700.0 3.20261584314734689e-20 8.82246762833188943e-25 2.90252628490966441e-23 -1.14708364903944834e-27
400.0 750.0 3.31699215114256829e-20 8.18677603630647803e-25 1.69755402323189620e-23 -1.36951043829686817e-27
400.0 800.0 3.37520234548439021e-20 7.47512111898966469e-25 6.61158149616031542e-24 -1.45870891471463640e-27
400.0 850.0 3.38618904192841475e-20 6.74315068449810696e-25 -1.91108098303113367e-24 -1.45708507536414860e-27
400.0 900.0 3.35904722305453469e-20 6.02760377157944443e-25 -8.66396017566004531e-24 -1.39775380834821677e-27
400.0 950.0 3.30219215716421212e-20 5.35093986787289794e-25 -1.38325467073804250e-23 -1.30491802382578517e-27
400.0 1000.0 3.22298040375599306e-20 4.72543512544735799e-25 -1.76459802039174669e-23 -1.19539870343446331e-27
400.0 1050.0 3.12760245173431153e-20 4.15643661399704525e-25 -2.03367246382856262e-23 -1.08037132041581609e-27
400.0 1100.0 3.02112463165296614e-20 3.64478686668259075e-25 -2.21196701951496479e-23 -9.66911277007424893e-28
400.0 1150.0 2.90760339652262586e-20 3.18855195353675598e-25 -2.31830479518416462e-23 -8.59227898404317789e-28
400.0 1200.0 2.79022647785586652e-20 2.78421102903844486e-25 -2.36860993291513292e-23 -7.59590524604776290e-28
400.0 1250.0 2.67145573556880826e-20 2.42744993429216201e-25 -2.37603216694510490e-23 -6.68995837082252525e-28
400.0 1300.0 2.55315901055097788e-20 2.11367363918358850e-25 -2.35123834452114769e-23 -5.87634640543771458e-28
400.0 1350.0 2.43672562186701716e-20 1.83832429874659421e-25 -2.30276191779800625e-23 -5.15210556293505226e-28
400.0 1400.0 2.32316423632416342e-20 1.59706797005795835e-25 -2.23735176904829532e-23 -4.51152828576139309e-28
400.0 1450.0 2.21318395423578630e-20 1.38589455008763703e-25 -2.16029168757003057e-23 -3.94755174900956947e-28
400.0 1500.0 2.10726041928435358e-20 1.20116177665460534e-25 -2.07567896616835209e-23 -3.45263940012597958e-28
400.0 1550.0 2.00568907856183875e-20 1.03960426979581983e-25 -1.98665993241077398e-23 -3.01932067028074604e-28
400.0 1600.0 1.90862769551420667e-20 8.98321651568299079e-26 -1.89562495685153772e-23 -2.64050392494309317e-28
400.0 1650.0 1.81613003141705506e-20 7.74754981388374641e-26 -1.80436755591880690e-23 -2.30964166361935044e-28
400.0 1700.0 1.72817236043004984e-20 6.66657467266347380e-26 -1.71421282143258572e-23 -2.02080154045579468e-28
400.0 1750.0 1.64467422313089900e-20 5.72063203911230982e-26 -1.62612026505275299e-23 -1.76867909830213571e-28
400.0 1800.0 1.56551458053543655e-20 4.89256216878623224e-26 -1.54076566917895955e-23 -1.54857596463908622e-28
400.0 1850.0 1.49054431642586109e-20 4.16741124433276972e-26 -1.45860591118857159e-23 -1.35635899675266580e-28
400.0 1900.0 1.41959585341622020e-20 3.53216102889743586e-26 -1.37993009463285235e-23 -1.18841029419378764e-28
400.0 1950.0 1.35249049637455593e-20 2.97548444630429082e-26 -1.30489973709413741e-23 -1.04157427562746850e-28
400.0 2000.0 1.28904399243394532e-20 2.48752753962239742e-26 -1.23358025344746250e-23 -9.13105555985288159e-29
400.0 2050.0 1.22907069603214316e-20 2.05971682275396771e-26 -1.16596554039141066e-23 -8.00619751328601774e-29
400.0 2100.0 1.17238664639161509e-20 1.68459025418770320e-26 -1.10199710912744073e-23 -7.02048303662916095e-29
400.0 2150.0 1.11881180009662440e-20 1.35564969183564389e-26 -1.04157891971743464e-23 -6.15597765557804885e-29
400.0 2200.0 1.06817160989209406e-20 1.06723257625527156e-26 -9.84588833408781819e-24 -5.39713585495281236e-29
400.0 2250.0 1.02029809995174171e-20 8.14400632710054220e-27 -9.30887408785206578e-24 -4.73048202047623439e-29
400.0 2300.0 9.75030555515448830e-21 5.92843513454734532e-27 -8.80324615569252569e-24 -4.14433129604251619e-29
400.0 2350.0 9.32215919242065864e-21 3.98795476711677171e-27 -8.32744919001655007e-24 -3.62854661217783722e-29
400.0 2400.0 8.91708966468906697e-21 2.28963391126878213e-27 -7.87991091855558700e-24 -3.17432799239330113e-29
400.0 2450.0 8.53372315685647385e-21 8.04645473762237391e-28 -7.45907035279021544e-24 -2.77403034636136603e-29
400.0 2500.0 8.17076318028796428e-21 -4.92270575195801842e-28 -7.06339829713829140e-24 -2.42100620157881268e-29
450.0 300.0 1.07760024600989845e-20 1.62999414112294193e-25 1.35856326803608545e-23 4.15540578649223547e-27
450.0 350.0 1.19845132954624999e-20 3.86672306309260106e-25 3.60045217733982755e-23 4.62885861403180382e-27
450.0 400.0 1.43666316621898012e-20 6.10039362818147140e-25 5.81787543061778506e-23 4.16712196818842953e-27
450.0 450.0 1.76407997735706042e-20 7.92929931127559285e-25 7.09259480439245988e-23 3.08119488848555700e-27
450.0 500.0 2.12774484179072688e-20 9.14894779573442971e-25 7.28891095923454682e-23 1.79470938958637958e-27
450.0 550.0 2.47912691471214668e-20 9.74271000079376137e-25 6.65691173675667558e-23 6.14748522553076982e-28
450.0 600.0 2.78533286433827360e-20 9.80645079249704207e-25 5.53662219056240624e-23 -3.12598084007492781e-28
450.0 650.0 3.02951884226296947e-20 9.47739055864726767e-25 4.21692987165624176e-23 -9.58248121541425782e-28
450.0 700.0 3.20705656896889656e-20 8.88984550204682063e-25 2.89627299504161258e-23 -1.35470588674730607e-27
450.0 750.0 3.32109020319278333e-20 8.15510009030284085e-25 1.69023510364581420e-23 -1.55664337740655804e-27
450.0 800.0 3.37892253007385183e-20 7.35635475863885829e-25 6.53456032803557561e-24 -1.61935322796367039e-27
450.0 850.0 3.38952451033258024e-20 6.55110301516333223e-25 -1.98733988892887380e-24 -1.58955041914152737e-27
450.0 900.0 3.36200957421033893e-20 5.77620153003755369e-25 -8.73658738908918552e-24 -1.50302359875147670e-27
450.0 950.0 3.30480403248562129e-20 5.05320863211935674e-25 -1.38999217921420277e-23 -1.38544827525751945e-27
450.0 1000.0 3.22527025627293426e-20 4.39298018827692301e-25 -1.77073420450520513e-23 -1.25430749017371376e-27
450.0 1050.0 3.12960102547703148e-20 3.79924972368054150e-25 -2.03918761193979559e-23 -1.12093031872405040e-27
450.0 1100.0 3.02286270426908176e-20 3.27125031919801020e-25 -2.21687655253139422e-23 -9.92251295409975048e-28
450.0 1150.0 2.90911041462289474e-20 2.80555175088950093e-25 -2.32264452982479443e-23 -8.72186760983072397e-28
450.0 1200.0 2.79152980126287812e-20 2.39730184990174505e-25 -2.37242620465556319e-23 -7.62650635189229246e-28
450.0 1250.0 2.67258028346643701e-20 2.04103676278759537e-25 -2.37937542751384463e-23 -6.64275080987814364e-28
450.0 1300.0 2.55412716367986686e-20 1.73118979912116811e-25 -2.35415917072667959e-23 -5.76906710042674779e-28
450.0 1350.0 2.43755728073954792e-20 1.46239525666986092e-25 -2.30530865276554234e-23 -4.99939606493445236e-28
450.0 1400.0 2.32387696847968093e-20 1.22965622264130776e-25 -2.23956924295149441e-23 -4.32533340971831671e-28
450.0 1450.0 2.21379318674649204e-20 1.02842442680321843e-25 -2.16222063444502749e-23 -3.73751802402451119e-28
450.0 1500.0 2.10777964865666307e-20 8.54624937660453945e-26 -2.07735587596233644e-23 -3.22648568962335947e-28
450.0 1550.0 2.00613008092983706e-20 7.04647653282641809e-26 -1.98811716384172736e-23 -2.78316835761496675e-28
450.0 1600.0 1.90900072715455096e-20 5.75320013889518361e-26 -1.89689099648023906e-23 -2.39916288833204168e-28
450.0 1650.0 1.81644401425788137e-20 4.63870226856147362e-26 -1.80546734963093642e-23 -2.06685316533220317e-28
450.0 1700.0 1.72843505018511583e-20 3.67886838453827020e-26 -1.71516813198558957e-23 -1.77944163805863292e-28
450.0 1750.0 1.64489235951864396e-20 2.85278192428297066e-26 -1.62695002759024381e-23 -1.53092722502357989e-28
450.0 1800.0 1.56569402012837287e-20 2.14233814413566763e-26 -1.54148632857057144e-23 -1.31605353812271366e-28
450.0 1850.0 1.49069014927481304e-20 1.53188795434679422e-26 -1.45923173276337590e-23 -1.13024268245035450e-28
450.0 1900.0 1.41971250488462449e-20 1.00791639581170133e-26 -1.38047344473757393e-23 -9.69524102253184404e-29
450.0 1950.0 1.35258181571594861e-20 5.58756691336112596e-27 -1.30537133288674495e-23 -8.30464143533296694e-29
450.0 2000.0 1.28911332962737825e-20 1.74338630328548965e-27 -1.23398938308258520e-23 -7.10099539108177261e-29
450.0 2050.0 1.22912096830582901e-20 -1.54031133966301583e-27 -1.16632025570011205e-23 -6.05876449300463212e-29
450.0 2100.0 1.17242039574769415e-20 -4.33859846959709724e-27 -1.10230439333531314e-23 -5.15595709884883103e-29
450.0 2150.0 1.11883124301841130e-20 -6.71633611763414457e-27 -1.04184483287334957e-23 -4.37364345487330141e-29
450.0 2200.0 1.06817868028230116e-20 -8.72959616981347487e-27 -9.84818638138562950e-24 -3.69553065157649596e-29
450.0 2250.0 1.02029448622349627e-20 -1.04268851353328846e-26 -9.31085678822873342e-24 -3.10759276621140837e-29
450.0 2300.0 9.75017732640029377e-21 -1.18501956594818015e-26 -8.80495329304508787e-24 -2.59775076667717139e-29
450.0 2350.0 9.32195176451774482e-21 -1.30359092606484978e-26 -8.32891540050606369e-24 -2.15559657794605121e-29
450.0 2400.0 8.91681431218179911e-21 -1.40155710066015988e-26 -7.88116638428636716e-24 -1.77215589921376719e-29
450.0 2450.0 8.53338974391137236e-21 -1.48165542300037621e-26 -7.46014139901144434e-24 -1.43968474255156962e-29
450.0 2500.0 8.17038034036011014e-21 -1.54626309840835726e-26 -7.06430790649043839e-24 -1.15149513811771785e-29
500.0 300.0 1.07844370731007032e-20 1.73441584890682090e-25 1.37994221280309142e-23 4.38751264708947778e-27
500.0 350.0 1.20044075834389043e-20 4.07680841867034141e-25 3.62406717735748476e-23 4.80694671495397312e-27
500.0 400.0 1.43978651349756105e-20 6.37357577294220334e-25 5.83890922553869485e-23 4.23589392373392780e-27
500.0 450.0 1.76812002966630094e-20 8.20646176440118179e-25 7.10789634146206820e-23 3.03001397991417293e-27
500.0 500.0 2.13238298486429632e-20 9.37495519300595728e-25 7.29753336316776884e-23 1.64687768876122920e-27
500.0 550.0 2.48404010465020299e-20 9.87828306257987168e-25 6.65947914415197380e-23 4.07213248121169947e-28
500.0 600.0 2.79025062075758764e-20 9.83088679191101574e-25 5.53448682770891808e-23 -5.44273435287639840e-28
500.0 650.0 3.03424328478261450e-20 9.38582958586263774e-25 4.21156910200211322e-23 -1.18684729898470379e-27
500.0 700.0 3.21145981648563986e-20 8.68859875705582283e-25 2.88897770899734519e-23 -1.56267518629689571e-27
500.0 750.0 3.32510172686401995e-20 7.85710991977540393e-25 1.68200221815094251e-23 -1.73466369115952030e-27
500.0 800.0 3.38251421597336648e-20 6.97763138659635226e-25 6.44990901640920162e-24 -1.76409056481454054e-27
500.0 850.0 3.39269718640909585e-20 6.10827805689873904e-25 -2.06969417368916394e-24 -1.70153425063281648e-27
500.0 900.0 3.36478230926017185e-20 5.28503184869744401e-25 -8.81387144224321861e-24 -1.58499060899209308e-27
500.0 950.0 3.30720628046266908e-20 4.52778147779949170e-25 -1.39706738776473215e-23 -1.44118529880853203e-27
500.0 1000.0 3.22733641740509597e-20 3.84538864086452940e-25 -1.77709834442321757e-23 -1.28790940463640526e-27
500.0 1050.0 3.13136687138552513e-20 3.23955846199200364e-25 -2.04483922415939416e-23 -1.13636290807882390e-27
500.0 1100.0 3.02436315605779320e-20 2.70762457505050290e-25 -2.22184802029776529e-23 -9.93121137353074337e-28
500.0 1150.0 2.91037826041305932e-20 2.24446570316542521e-25 -2.32698672403625588e-23 -8.61643014282641385e-28
500.0 1200.0 2.79259504210598681e-20 1.84377459180516286e-25 -2.37619840947215433e-23 -7.43365764525333730e-28
500.0 1250.0 2.67346988438950163e-20 1.49886581370860700e-25 -2.38263898201821254e-23 -6.38469298042118073e-28
500.0 1300.0 2.55486505504323287e-20 1.20316632822347440e-25 -2.35697364786106051e-23 -5.46393810070575508e-28
500.0 1350.0 2.43816450551724016e-20 9.50493989212512634e-26 -2.30772972529896137e-23 -4.66180713298266156e-28
500.0 1400.0 2.32437190689657631e-20 7.35198189938544181e-26 -2.24164764166253553e-23 -3.96690861934204440e-28
500.0 1450.0 2.21419181448402228e-20 5.52213583721636679e-26 -2.16400179208591524e-23 -3.36739549415806531e-28
500.0 1500.0 2.10809580160770429e-20 3.97061090190742048e-26 -2.07887998482565935e-23 -2.85176223690829459e-28
500.0 1550.0 2.00637571061092424e-20 2.65818695488323509e-26 -1.98941946815362948e-23 -2.40928231926598819e-28
500.0 1600.0 1.90918613812626411e-20 1.55076540831688224e-26 -1.89800220462796084e-23 -2.03021694110150785e-28
500.0 1650.0 1.81657807950853987e-20 6.18853993011795576e-27 -1.80641409411587517e-23 -1.70588249294822889e-28
500.0 1700.0 1.72852540327845636e-20 -1.62959343955620635e-27 -1.71597343341197517e-23 -1.42863421584654857e-28
500.0 1750.0 1.64494556399418695e-20 -8.16511487266283599e-27 -1.62763373754663145e-23 -1.19180321539653182e-28
500.0 1800.0 1.56571571757912162e-20 -1.36053117095422437e-26 -1.54206553816194499e-23 -9.89610388068554682e-29
500.0 1850.0 1.49068518798897757e-20 -1.81106036256873987e-26 -1.45972114101910692e-23 -8.17071820856591103e-29
500.0 1900.0 1.41968505110219791e-20 -2.18182811580740244e-26 -1.38088568566926139e-23 -6.69904344927972830e-29
500.0 1950.0 1.35253544954022990e-20 -2.48457831578551201e-26 -1.30571726261763635e-23 -5.44436133423821163e-29
500.0 2000.0 1.28905112752047380e-20 -2.72935453922751528e-26 -1.23427832989948034e-23 -4.37524831856681133e-29
500.0 2050.0 1.22904557393622786e-20 -2.92474609376379128e-26 -1.16656023654096216e-23 -3.46484222296036195e-29
500.0 2100.0 1.17233408077528308e-20 -3.07809955855233273e-26 -1.10250230041931199e-23 -2.69019531380453088e-29
500.0 2150.0 1.11873595921834898e-20 -3.19570006405683446e-26 -1.04200659409736192e-23 -2.03170984866681988e-29
500.0 2200.0 1.06807610423396019e-20 -3.28292627619542127e-26 -9.84949354629197138e-24 -1.47264947492818685e-29
500.0 2250.0 1.02018605762779693e-20 -3.34438268647271407e-26 -9.31189742724877930e-24 -9.98718740784298733e-30
500.0 2300.0 9.74904687183652821e-21 -3.38401241429968297e-26 -8.80576524552703558e-24 -5.97702759341422450e-30
500.0 2350.0 9.32078574007125642e-21 -3.40519333580220881e-26 -8.32953128541146989e-24 -2.59159370898576679e-30
500.0 2400.0 8.91562180055422541e-21 -3.41081998440675537e-26 -7.88161433694269130e-24 2.58432701506997957e-31
500.0 2450.0 8.53217851980310695e-21 -3.40337333219598619e-26 -7.46044570109692402e-24 2.64950051831868293e-30
500.0 2500.0 8.16915704933113522e-21 -3.38498026100618710e-26 -7.06448952490248164e-24 4.64708835667088334e-30
550.0 300.0 1.07932550372181131e-20 1.78468520751245534e-25 1.40236081829465675e-23 4.57307933282873906e-27
550.0 350.0 1.20251485069196290e-20 4.20796523033490855e-25 3.64843512704109786e-23 4.93312862355189463e-27
550.0 400.0 1.44301909612686227e-20 6.54169242793156729e-25 5.86014847732283449e-23 4.25318815530059257e-27
550.0 450.0 1.77226474659372674e-20 8.35432201786102036e-25 7.12282053451794150e-23 2.93430010724886739e-27
550.0 500.0 2.13709482515532661e-20 9.45205050858828335e-25 7.30532369134711502e-23 1.46556573149084508e-27
550.0 550.0 2.48897793342583077e-20 9.85126543737731511e-25 6.66094820278694253e-23 1.78433733433788096e-28
550.0 600.0 2.79513518714923456e-20 9.68501014764804845e-25 5.53116269773889936e-23 -7.85858822123784490e-28
550.0 650.0 3.03887567707112627e-20 9.12143834359800388e-25 4.20506031580645297e-23 -1.41597410504590993e-27
550.0 700.0 3.21571643303953761e-20 8.31613623022117139e-25 2.88065711427874480e-23 -1.76402871552311817e-27
550.0 750.0 3.32891934719255440e-20 7.39255551021355041e-25 1.67290780659963542e-23 -1.90101736631040863e-27
550.0 800.0 3.38587331189302005e-20 6.43906592278665389e-25 6.35840005767057165e-24 -1.89386690999156908e-27
550.0 850.0 3.39560727203697298e-20 5.51362060935843229e-25 -2.15721213505275424e-24 -1.79663932445471805e-27
550.0 900.0 3.36727053974198543e-20 4.65072823211848840e-25 -8.89479003472440659e-24 -1.64918670613038226e-27
550.0 950.0 3.30930924137815097e-20 3.86817108583388250e-25 -1.40437409368036538e-23 -1.47899134043569556e-27
550.0 1000.0 3.22909455848494225e-20 3.17251097046006307e-25 -1.78358390402494462e-23 -1.30392118022366336e-27
550.0 1050.0 3.13282094169776368e-20 2.56322000057833427e-25 -2.05052293959961462e-23 -1.13487236453242805e-27
550.0 1100.0 3.02555206700818497e-20 2.03560302263474923e-25 -2.22678089056650831e-23 -9.77932979020334266e-28
550.0 1150.0 2.91133792241134062e-20 1.58277281373935000e-25 -2.33123569668873314e-23 -8.36013174074157415e-28
550.0 1200.0 2.79335783910896723e-20 1.19693052532927403e-25 -2.37983628447227274e-23 -7.10009948178463480e-28
550.0 1250.0 2.67406454910920432e-20 8.70159003849401401e-26 -2.38573823128256666e-23 -5.99607997509585470e-28
550.0 1300.0 2.55531678292865995e-20 5.94886252427931361e-26 -2.35960286411595882e-23 -5.03813055207144075e-28
550.0 1350.0 2.43849520026244678e-20 3.64132286810453378e-26 -2.30995178608767212e-23 -4.21296447307807510e-28
550.0 1400.0 2.32460048848574678e-20 1.71618143630075926e-26 -2.24351895807518218e-23 -3.50610349826897880e-28
550.0 1450.0 2.21433454686569498e-20 1.17903525898815969e-27 -2.16557221781343718e-23 -2.90316633726646253e-28
550.0 1500.0 2.10816661446885563e-20 -1.20203873742693513e-26 -2.08019310596953107e-23 -2.39059253866835810e-28
550.0 1550.0 2.00638650105452450e-20 -2.28567947787074924e-26 -1.99051309366380340e-23 -1.95600620423801915e-28
550.0 1600.0 1.90914704527488513e-20 -3.16919357175189143e-26 -1.89890894423644249e-23 -1.58835633154664217e-28
550.0 1650.0 1.81649772952570059e-20 -3.88356498547722266e-26 -1.80716195502549887e-23 -1.27792377975875047e-28
550.0 1700.0 1.72841112496112412e-20 -4.45523788093022647e-26 -1.71658639593400106e-23 -1.01625302851106916e-28
550.0 1750.0 1.64480357658132137e-20 -4.90672281561792793e-26 -1.62813228840136651e-23 -7.96045586866335904e-29
550.0 1800.0 1.56555129317314803e-20 -5.25714502605821962e-26 -1.54246715175220267e-23 -6.11037827098537826e-29
550.0 1850.0 1.49050279127948302e-20 -5.52273070933925304e-26 -1.46004070603205385e-23 -4.55876836627891750e-29
550.0 1900.0 1.41948845910191906e-20 -5.71723242895063310e-26 -1.38113587846324381e-23 -3.26001982053220794e-29
550.0 1950.0 1.35232785390811364e-20 -5.85229761414195635e-26 -1.30590887106802631e-23 -2.17536154714827398e-29
550.0 2000.0 1.28883522183412679e-20 -5.93778548488092618e-26 -1.23442053242109437e-23 -1.27188369227642229e-29
550.0 2050.0 1.22882362802859251e-20 -5.98203819634252178e-26 -1.16666084133103479e-23 -5.21680138358254113e-30
550.0 2100.0 1.17210800399985845e-20 -5.99211193201691596e-26 -1.10256794987367422e-23 9.88972836910977540e-31
550.0 2150.0 1.11850735426712061e-20 -5.97397332031276812e-26 -1.04204293903176510e-23 6.09881745554029213e-30
550.0 2200.0 1.06784631291045257e-20 -5.93266605465652420e-26 -9.84961202507872664e-24 1.02824216509160842e-29
550.0 2250.0 1.01995619977990953e-20 -5.87245205184342631e-26 -9.31181183629245812e-24 1.36835275089227375e-29
550.0 2300.0 9.74675693825376268e-21 -5.79693094076930592e-26 -8.80551038159708017e-24 1.64239194933243723e-29
550.0 2350.0 9.31851215506323721e-21 -5.70914116294993320e-26 -8.32913674944746211e-24 1.86068057606393058e-29
550.0 2400.0 8.91337090132834262e-21 -5.61164550174527282e-26 -7.88110530507264073e-24 2.03196791173371957e-29
550.0 2450.0 8.52995548152371147e-21 -5.50660344444579908e-26 -7.45984357930496350e-24 2.16367349526858336e-29
550.0 2500.0 8.16696605934752278e-21 -5.39583242019245223e-26 -7.06381250510756225e-24 2.26209133600995325e-29
600.0 300.0 1.08022016886116203e-20 1.78826233264968871e-25 1.42561070752338564e-23 4.72153849343689947e-27
600.0 350.0 1.20463735201326347e-20 4.27378233751254068e-25 3.67333551221835409e-23 5.02226233738547159e-27
600.0 400.0 1.44631379006991810e-20 6.62668970719844307e-25 5.88138348503524785e-23 4.23711093459869533e-27
600.0 450.0 1.77645732765626084e-20 8.40409708100438085e-25 7.13719351289615864e-23 2.81258062961244887e-27
600.0 500.0 2.14181609363740955e-20 9.42032458760005249e-25 7.31215840675556862e-23 1.26743840421673912e-27
600.0 550.0 2.49387128498637981e-20 9.70931869492904632e-25 6.66124814711966934e-23 -5.81143392118507486e-29
600.0 600.0 2.79991511993798399e-20 9.42231065949558660e-25 5.52662608119937743e-23 -1.02753798812934236e-27
600.0 650.0 3.04334437192509799e-20 8.74171474349592775e-25 4.19741739106069951e-23 -1.63936019177304003e-27
600.0 700.0 3.21975619437399937e-20 7.83228870320525683e-25 2.87135263103490623e-23 -1.95561658892332556e-27
600.0 750.0 3.33247540873177649e-20 6.82217798038580577e-25 1.66301183532783722e-23 -2.05511687876959866e-27
600.0 800.0 3.38893546860059952e-20 5.80117123995539383e-25 6.26074561912451643e-24 -2.01009167144938162e-27
600.0 850.0 3.39819414129870254e-20 4.82654804101780233e-25 -2.24912446514101107e-24 -1.87775882525300183e-27
600.0 900.0 3.36941754321652328e-20 3.93098294612426939e-25 -8.97855659259684467e-24 -1.69955350160903989e-27
600.0 950.0 3.31106010960002897e-20 3.12991198663806598e-25 -1.41183465019202072e-23 -1.50350357424901682e-27
600.0 1000.0 3.23049569218533217e-20 2.42744827208410615e-25 -1.79011602956771728e-23 -1.30739917004077649e-27
600.0 1050.0 3.13391789823958537e-20 1.82074752246203551e-25 -2.05616777925855583e-23 -1.12172379264519353e-27
600.0 1100.0 3.02638753804642490e-20 1.30304760367524975e-25 -2.23160864300631748e-23 -9.52004601300072678e-28
600.0 1150.0 2.91195071052742526e-20 8.65687209687376723e-26 -2.33532962685799364e-23 -8.00555029182056976e-28
600.0 1200.0 2.79378247514288487e-20 4.99386893449138373e-26 -2.38328271969980653e-23 -6.67702178223244581e-28
600.0 1250.0 2.67433130082204995e-20 1.95020245852256689e-26 -2.38862064074075169e-23 -5.52618496311650825e-28
600.0 1300.0 2.55545188743399920e-20 -5.59549713973988448e-27 -2.36199863540469154e-23 -4.53866734938398170e-28
600.0 1350.0 2.43852121116687103e-20 -2.61285103191040309e-26 -2.31193072722166352e-23 -3.69745195709271367e-28
600.0 1400.0 2.32453666909040497e-20 -4.27845477281112619e-26 -2.24514286378881614e-23 -2.98497974344206758e-28
600.0 1450.0 2.21419726794938427e-20 -5.61646575420021623e-26 -2.16689506154356406e-23 -2.38436251267426333e-28
600.0 1500.0 2.10796973300081202e-20 -6.67885475377652127e-26 -2.08126157330128698e-23 -1.88002411198471112e-28
600.0 1550.0 2.00614170760535895e-20 -7.51019695821605908e-26 -1.99136727774255889e-23 -1.45798419402928846e-28
600.0 1600.0 1.90886417500585263e-20 -8.14849362303448328e-26 -1.89958309328943823e-23 -1.10592616582559884e-28
600.0 1650.0 1.81618503591154077e-20 -8.62599368858766698e-26 -1.80768520762236402e-23 -8.13141170460708229e-29
600.0 1700.0 1.72807551783421210e-20 -8.96996908876377757e-26 -1.71698346876584190e-23 -5.70406475998354848e-29
600.0 1750.0 1.64445082735503358e-20 -9.20342074946464339e-26 -1.62842409963595913e-23 -3.69834485559964045e-29
600.0 1800.0 1.56518621064497494e-20 -9.34570650514793524e-26 -1.54267137416113474e-23 -2.04714124220802202e-29
600.0 1850.0 1.49012937152787322e-20 -9.41309054301273045e-26 -1.46017225060490296e-23 -6.93570677013269346e-30
600.0 1900.0 1.41911001285561009e-20 -9.41921863588269348e-26 -1.38120731279767950e-23 4.10445881861405087e-30
600.0 1950.0 1.35194711450294639e-20 -9.37552574401236198e-26 -1.30593077856411347e-23 1.30546240766894883e-29
600.0 2000.0 1.28845443655182967e-20 -9.29158346420124325e-26 -1.23440181892620329e-23 2.02563469378126048e-29
600.0 2050.0 1.22844463527856552e-20 -9.17539486724154825e-26 -1.16660899584969356e-23 2.59969933904808260e-29
600.0 2100.0 1.17173229848322561e-20 -9.03364386467717687e-26 -1.10248926556261376e-23 3.05181574081845110e-29
600.0 2150.0 1.11813614196494830e-20 -8.87190561437726879e-26 -1.04194270013170780e-23 3.40228498142242972e-29
600.0 2200.0 1.06748055747078316e-20 -8.69482375279355117e-26 -9.84843842229369668e-24 3.66816031905187062e-29
600.0 2250.0 1.01959666164437651e-20 -8.50625951264238492e-26 -9.31050417377173048e-24 3.86376359077027894e-29
600.0 2300.0 9.74322963230867734e-21 -8.30941709379363174e-26 -8.80409975883888264e-24 4.00112078202599668e-29
600.0 2350.0 9.31505740322292684e-21 -8.10694902552684591e-26 -8.32764915862127008e-24 4.09032866916092491e-29
600.0 2400.0 8.90999199344850080e-21 -7.90104469859792041e-26 -7.87956242959140111e-24 4.13986301089777065e-29
600.0 2450.0 8.52665471674587426e-21 -7.69350475698471014e-26 -7.45826346717671465e-24 4.15683737316512513e-29
600.0 2500.0 8.16374491327019864e-21 -7.48580361763623322e-26 -7.06221013686328826e-24 4.14722038260231175e-29
650.0 300.0 1.08110750279426379e-20 1.75694248183607122e-25 1.44952681472681339e-23 4.84066592942486148e-27
650.0 350.0 1.20678000248234647e-20 4.29076778580476301e-25 3.69861303806680006e-23 5.08537635899299501e-27
650.0 400.0 1.44963512380719064e-20 6.65120560715483359e-25 5.90248377342195764e-23 4.20087088635246173e-27
650.0 450.0 1.78065668970572494e-20 8.38518860982939103e-25 7.15092283776759948e-23 2.67838944245198459e-27
650.0 500.0 2.14650214939400971e-20 9.31567537332795916e-25 7.31798762058862411e-23 1.06472366312378944e-27
650.0 550.0 2.49867402559862388e-20 9.49390610298934746e-25 6.66036807114428863e-23 -2.92508722314161661e-28
650.0 600.0 2.80454455247201475e-20 9.08854533763917448e-25 5.52089706002290329e-23 -1.26208002424606453e-27
650.0 650.0 3.04760509082091608e-20 8.29536229053044156e-25 4.18868228310488700e-23 -1.85241648303911826e-27
650.0 700.0 3.22353729125516109e-20 7.28745244800857732e-25 2.86111982630721953e-23 -2.13519518905123540e-27
650.0 750.0 3.33573107974710187e-20 6.19699181045597624e-25 1.65237689035890524e-23 -2.19666285872381115e-27
650.0 800.0 3.39166505537090577e-20 5.11471263945563969e-25 6.15759361057601557e-24 -2.11399333115605145e-27
650.0 850.0 3.40042538739805833e-20 4.09691029725917224e-25 -2.34479381594758222e-24 -1.94726606831690179e-27
650.0 900.0 3.37119402859039325e-20 3.17424272813025548e-25 -9.06456474913040357e-24 -1.73928077726727244e-27
650.0 950.0 3.31243252299462617e-20 2.35970908544482975e-25 -1.41939266819323866e-23 -1.51845966784499262e-27
650.0 1000.0 3.23151615759679729e-20 1.65494493561580641e-25 -1.79664311010204583e-23 -1.30241675812199482e-27
650.0 1050.0 3.13463653801846660e-20 1.05479965545281923e-25 -2.06172703263158977e-23 -1.10116337255325656e-27
650.0 1100.0 3.02685058158519580e-20 5.50476805739628179e-26 -2.23628933476818025e-23 -9.19633045520367432e-28
650.0 1150.0 2.91219962077468666e-20 1.31585258187168519e-26 -2.33923105844697413e-23 -7.59527562284907063e-28
650.0 1200.0 2.79385371420501016e-20 -2.12586339478752020e-26 -2.38650438884487807e-23 -6.20600424460415247e-28
650.0 1250.0 2.67425647462452944e-20 -4.92324937007101183e-26 -2.39125662769782874e-23 -5.01514835751737314e-28
650.0 1300.0 2.55525809727101494e-20 -7.17096824871844604e-26 -2.36413473651756256e-23 -4.00397262913898522e-28
650.0 1350.0 2.43823150199978251e-20 -8.95372368197206070e-26 -2.31364331217083721e-23 -3.15181427356556287e-28
650.0 1400.0 2.32417050677978813e-20 -1.03458531384557864e-25 -2.24649876881520089e-23 -2.43812326442108768e-28
650.0 1450.0 2.21377100569102173e-20 -1.14116967801074142e-25 -2.16795206858258342e-23 -1.84359252759519185e-28
650.0 1500.0 2.10749704539720510e-20 -1.22063762098555731e-25 -2.08206918808419711e-23 -1.35071249066662067e-28
650.0 1550.0 2.00563398223057291e-20 -1.27767548747723140e-25 -1.99196762928597332e-23 -9.43972985720330976e-29
650.0 1600.0 1.90833085827643016e-20 -1.31624428546943775e-25 -1.90001184904003990e-23 -6.09858155908320004e-29
650.0 1650.0 1.81563393411841473e-20 -1.33967676060729748e-25 -1.80797244479866828e-23 -3.36727547500530651e-29
650.0 1700.0 1.72751305637817384e-20 -1.35076694844108629e-25 -1.71715447160462908e-23 -1.14641633398209724e-29
650.0 1750.0 1.64388227225668619e-20 -1.35185038607647832e-25 -1.62850007015002108e-23 6.48328706300810710e-30
650.0 1800.0 1.56461585673178556e-20 -1.34487453656342834e-25 -1.54267005460939404e-23 2.08817288915575399e-29
650.0 1850.0 1.48956070162669615e-20 -1.33145975800264093e-25 -1.46010846180796879e-23 3.23303606991428411e-29
650.0 1900.0 1.41854583202815079e-20 -1.31295155561155829e-25 -1.38109341544787587e-23 4.13319968616914718e-29
650.0 1950.0 1.35138966296684596e-20 -1.29046503304629884e-25 -1.30577706591303111e-23 4.83077085594495505e-29
650.0 2000.0 1.28790548450421957e-20 -1.26492250190209771e-25 -1.23421684941820312e-23 5.36095625390547218e-29
650.0 2050.0 1.22790556241773680e-20 -1.23708517451383479e-25 -1.16639987386806900e-23 5.75315743494795328e-29
650.0 2100.0 1.17120416063289343e-20 -1.20757979175071157e-25 -1.10226187775799963e-23 6.03190457592579534e-29
650.0 2150.0 1.11761972685214197e-20 -1.17692094689671966e-25 -1.04170191398307587e-23 6.21764747295422407e-29
650.0 2200.0 1.06697643139734103e-20 -1.14552977221241891e-25 -9.84593672651479436e-24 6.32742251650064112e-29
650.0 2250.0 1.01910520852045156e-20 -1.11374956380962446e-25 -9.30794166391893051e-24 6.37541318066632745e-29
650.0 2300.0 9.73844417207651317e-21 -1.08185883691017821e-25 -8.80150349644810244e-24 6.37341986721966720e-29
650.0 2350.0 9.31040213062632764e-21 -1.05008222899875791e-25 -8.32504122674425869e-24 6.33125307463264487e-29
650.0 2400.0 8.90546702802645800e-21 -1.01859960320130717e-25 -7.87696075371608844e-24 6.25706201040411004e-29
650.0 2450.0 8.52225937113098144e-21 -9.87553648010572784e-26 -7.45568250276813995e-24 6.15760903487213056e-29
650.0 2500.0 8.15947785186675693e-21 -9.57056221521678016e-26 -7.05966144526206138e-24 6.03849876528966531e-29
700.0 300.0 1.08197254758174001e-20 1.70041193907122460e-25 1.47397793011513247e-23 4.93638578440909585e-27
700.0 350.0 1.20892173903514569e-20 4.27186889109964396e-25 3.72415664472359435e-23 5.12959651934828574e-27
700.0 400.0 1.45295722891696094e-20 6.63197668748058492e-25 5.92336988820509505e-23 4.15236384593404078e-27
700.0 450.0 1.78483393555903306e-20 8.31828154135314186e-25 7.16396723833370730e-23 2.53946407849064370e-27
700.0 500.0 2.15112297274302791e-20 9.16243628348817746e-25 7.32280688743895908e-23 8.64164415226820277e-28
700.0 550.0 2.50335669309729818e-20 9.23237332347231570e-25 6.65833325710664890e-23 -5.19495054729107977e-28
700.0 600.0 2.80899583777152164e-20 8.71327659632043184e-25 5.51402140115205501e-23 -1.48587505240509014e-27
700.0 650.0 3.05163280162737603e-20 7.81335048364840190e-25 4.17891248403496336e-23 -2.05309752649220700e-27
700.0 700.0 3.22703770885931099e-20 6.71327052558322904e-25 2.85002090159617125e-23 -2.30207499365841280e-27
700.0 750.0 3.33866746525668331e-20 5.54869910014634328e-25 1.64106489383971786e-23 -2.32606485442864797e-27
700.0 800.0 3.39404619675796707e-20 4.41096641971083505e-25 6.04952861712961394e-24 -2.20682461192300323e-27
700.0 850.0 3.40228793173824104e-20 3.35519503172687721e-25 -2.44368805673376688e-24 -2.00702760206585168e-27
700.0 900.0 3.37258942880400004e-20 2.40994944447340385e-25 -9.15234269447969596e-24 -1.77065623321968350e-27
700.0 950.0 3.31341811900511404e-20 1.58578810957462544e-25 -1.42700713079225694e-23 -1.52641371192629496e-27
700.0 1000.0 3.23214949388179276e-20 8.81908723056680245e-26 -1.80313002679740273e-23 -1.29167433334797657e-27
700.0 1050.0 3.13497201848839627e-20 2.90916788026323346e-26 -2.06717099523492857e-23 -1.07594730836088653e-27
700.0 1100.0 3.02693771696956032e-20 -1.97946795576015655e-26 -2.24079809413493865e-23 -8.83564056652086791e-28
700.0 1150.0 2.91208230787034212e-20 -5.96730574988261555e-26 -2.34291934844612270e-23 -7.15618981290770049e-28
700.0 1200.0 2.79357014965507046e-20 -9.17509458015336655e-26 -2.38948429555070422e-23 -5.71303152536666068e-28
700.0 1250.0 2.67383943381113801e-20 -1.17166907708308687e-25 -2.39363230629640015e-23 -4.48784839232758736e-28
700.0 1300.0 2.55473540237843458e-20 -1.36954535296613267e-25 -2.36599991256524905e-23 -3.45769368076140366e-28
700.0 1350.0 2.43762656854761008e-20 -1.52028573818813162e-25 -2.31508049675562155e-23 -2.59840531608629548e-28
700.0 1400.0 2.32350290195801127e-20 -1.63184251315238347e-25 -2.24757947668164976e-23 -1.88657688892670580e-28
700.0 1450.0 2.21305698069180588e-20 -1.71103970576561689e-25 -2.16873757992869999e-23 -1.30060208598050278e-28
700.0 1500.0 2.10675002234338411e-20 -1.76367662605063857e-25 -2.08261156573472663e-23 -8.21141890854579465e-29
700.0 1550.0 2.00486498768202309e-20 -1.79464533025074459e-25 -1.99231081640710891e-23 -4.31245245716039370e-29
700.0 1600.0 1.90754890205835680e-20 -1.80804869081282101e-25 -1.90019274625901365e-23 -1.16272208377308306e-29
700.0 1650.0 1.81484633601099494e-20 -1.80731173468003477e-25 -1.80802191242867601e-23 1.36286272493790825e-29
700.0 1700.0 1.72672572513686215e-20 -1.79528264861410990e-25 -1.71709823171776169e-23 3.37034077477216157e-29
700.0 1750.0 1.64309994222095448e-20 -1.77432211384966781e-25 -1.62835950067899641e-23 4.94906750585995755e-29
700.0 1800.0 1.56384228739628266e-20 -1.74638094822778735e-25 -1.54246287766122300e-23 6.17400050123153658e-29
700.0 1850.0 1.48879884529194087e-20 -1.71306675098718558e-25 -1.45984933369593356e-23 7.10780183548772462e-29
700.0 1900.0 1.41779797420172231e-20 -1.67570059219089251e-25 -1.38079442839383132e-23 7.80271403154334625e-29
700.0 1950.0 1.35065753966534767e-20 -1.63536491313509484e-25 -1.30544817210017876e-23 8.30220003100454063e-29
700.0 2000.0 1.28719038007505269e-20 -1.59294380021529882e-25 -1.23386621782840223e-23 8.64235639364427510e-29
700.0 2050.0 1.22720839099598384e-20 -1.54915672166801423e-25 -1.16603418957259885e-23 8.85311854905039418e-29
700.0 2100.0 1.17052553388941205e-20 -1.50458671065072757e-25 -1.10188659233463160e-23 8.95928095615801373e-29
700.0 2150.0 1.11696001028198038e-20 -1.45970386091541429e-25 -1.04132145466956704e-23 8.98135579685270322e-29
700.0 2200.0 1.06633579104294438e-20 -1.41488488525757016e-25 -9.84211616811914126e-24 8.93629279119888029e-29
700.0 2250.0 1.01848364971975317e-20 -1.37042937862139931e-25 -9.30413386917589421e-24 8.83808077207022308e-29
700.0 2300.0 9.73241816697802434e-21 -1.32657333027325970e-25 -8.79773136056307073e-24 8.69824933668527953e-29
700.0 2350.0 9.30456345551010341e-21 -1.28350034382658798e-25 -8.32132281943421144e-24 8.52628651672902743e-29
700.0 2400.0 8.89981262932235926e-21 -1.24135094992226633e-25 -7.87331015835792778e-24 8.32998615010362137e-29
700.0 2450.0 8.51678557594973149e-21 -1.20023033317038910e-25 -7.45211051470265078e-24 8.11573658186903438e-29
700.0 2500.0 8.15418051743142702e-21 -1.16021474148510634e-25 -7.05617615281365175e-24 7.88876050306453042e-29
750.0 300.0 1.08280507502838692e-20 1.62801747432198842e-25 1.49885941004761974e-23 5.01348301171749507e-27
750.0 350.0 1.21104764751314200e-20 4.22892517507010126e-25 3.74988560502751974e-23 5.16015264104416030e-27
750.0 400.0 1.45626197743593089e-20 6.58355768950584390e-25 5.94399520999832058e-23 4.09714876660857053e-27
750.0 450.0 1.78896953974627822e-20 8.22067964766565799e-25 7.17631723054658153e-23 2.40114056663085485e-27
750.0 500.0 2.15565940744927082e-20 8.98040735969172458e-25 7.32663919374604019e-23 6.70335731615050506e-28
750.0 550.0 2.50790190770213983e-20 8.94654580046662624e-25 6.65519011103532366e-23 -7.35579798968690873e-28
750.0 600.0 2.81325429520525322e-20 8.31978288380755031e-25 5.50605910348994220e-23 -1.69660434191039783e-27
750.0 650.0 3.05541598431497036e-20 7.31983514285760960e-25 4.16817320213474528e-23 -2.24019207114466607e-27
750.0 700.0 3.23024918543350582e-20 6.13425863945015398e-25 2.83812015403727323e-23 -2.45599805605477985e-27
750.0 750.0 3.34127941014342777e-20 4.90174473780685048e-25 1.62913532839105572e-23 -2.44383260604110642e-27
750.0 800.0 3.39607654437999887e-20 3.71396913855731966e-25 5.93707621165183052e-24 -2.28967993161162573e-27
750.0 850.0 3.40378186144513514e-20 2.62477990635869312e-25 -2.54535911004841790e-24 -2.05855957763700165e-27
750.0 900.0 3.37360587668885923e-20 1.66064620255671981e-25 -9.24151969796355257e-24 -1.79548155522265933e-27
750.0 950.0 3.31402070069267880e-20 8.29743173939483227e-26 -1.43464818989231020e-23 -1.52934400308149984e-27
750.0 1000.0 3.23240083147511536e-20 1.28918453412502339e-26 -1.80955339411874748e-23 -1.27724262595440635e-27
750.0 1050.0 3.13493049559023296e-20 -4.51367191067056211e-26 -2.07248188764189419e-23 -1.04817560747527706e-27
750.0 1100.0 3.02665586683163242e-20 -9.23736735084840352e-26 -2.24512189424405699e-23 -8.45880877386242760e-28
750.0 1150.0 2.91160624372809876e-20 -1.30180424131123893e-25 -2.34638542623009918e-23 -6.70863246673853524e-28
750.0 1200.0 2.79293962307111216e-20 -1.59892629302379226e-25 -2.39221661270099993e-23 -5.21772970094183361e-28
750.0 1250.0 2.67308824334136373e-20 -1.82751638610141200e-25 -2.39574447280950805e-23 -3.96305610289422718e-28
750.0 1300.0 2.55389197351461263e-20 -1.99872012393231453e-25 -2.36759305452831426e-23 -2.91766400707039279e-28
750.0 1350.0 2.43671459406478031e-20 -2.12231212783136395e-25 -2.31624282276702870e-23 -2.05408181264447030e-28
750.0 1400.0 2.32254197733710140e-20 -2.20672218576648187e-25 -2.24838681169597165e-23 -1.34621243593456659e-28
750.0 1450.0 2.21206319881381138e-20 -2.25913098815950923e-25 -2.16925439978209064e-23 -7.70291843187873897e-29
750.0 1500.0 2.10573651023677152e-20 -2.28559814763070245e-25 -2.08289224371092982e-23 -3.05270491232689722e-29
750.0 1550.0 2.00384237939721779e-20 -2.29120001467929017e-25 -1.99240091028122676e-23 6.71448577630408557e-30
750.0 1600.0 1.90652574830016522e-20 -2.28016439448301214e-25 -1.90013022950179759e-23 3.62637074020756346e-29
750.0 1650.0 1.81382945470076386e-20 -2.25599533728758221e-25 -1.80783830048742865e-23 5.94517593674630115e-29
750.0 1700.0 1.72572049874848490e-20 -2.22158491070104952e-25 -1.71681958310709557e-23 7.74000979428951510e-29
750.0 1750.0 1.64211056828532366e-20 -2.17931108471848174e-25 -1.62800728954512932e-23 9.10481776082331471e-29
750.0 1800.0 1.56287198847725937e-20 -2.13112211813628272e-25 -1.54205474387559029e-23 1.01179549113727459e-28
750.0 1850.0 1.48785004430055694e-20 -2.07860849040096882e-25 -1.45939972124382273e-23 1.08445488483216708e-28
750.0 1900.0 1.41687244032163883e-20 -2.02306371122482894e-25 -1.38031512470563670e-23 1.13385835992191195e-28
750.0 1950.0 1.34975650951883728e-20 -1.96553541242822754e-25 -1.30494876120780512e-23 1.16447046445892965e-28
750.0 2000.0 1.28631465812885833e-20 -1.90686807767583355e-25 -1.23335445956027424e-23 1.17997625396349490e-28
750.0 2050.0 1.22635843262268637e-20 -1.84773865501407723e-25 -1.16551633588712918e-23 1.18341208082373917e-28
750.0 2100.0 1.16970151397655036e-20 -1.78868616004624379e-25 -1.10136765060669796e-23 1.17727565823787546e-28
750.0 2150.0 1.11616187982275684e-20 -1.73013623501733877e-25 -1.04080540644931353e-23 1.16361821688094031e-28
750.0 2200.0 1.06556332374784676e-20 -1.67242149252683680e-25 -9.83701599351907823e-24 1.14412137973553213e-28
750.0 2250.0 1.01773648035145610e-20 -1.61579834783189091e-25 -9.29911843659213641e-24 1.12016111229915756e-28
750.0 2300.0 9.72519472547420602e-21 -1.56046093311646613e-25 -8.79281941291110836e-24 1.09286081374338690e-28
750.0 2350.0 9.29758272234009015e-21 -1.50655259102815643e-25 -8.31652844020701201e-24 1.06313532888634351e-28
750.0 2400.0 8.89306845483013274e-21 -1.45417536250802634e-25 -7.86864362567079050e-24 1.03172739636792816e-28
750.0 2450.0 8.51027137671910447e-21 -1.40339781420998343e-25 -7.44757900769470826e-24 9.99237812055337815e-29
750.0 2500.0 8.14788941617064142e-21 -1.35426149212987190e-25 -7.05178433566998611e-24 9.66150380296783155e-29
800.0 300.0 1.08359881561431189e-20 1.54620323182568400e-25 1.52408755168109549e-23 5.07558615334692066e-27
800.0 350.0 1.21314781914349511e-20 4.17010740539816463e-25 3.77574031516209428e-23 5.18035412699239936e-27
800.0 400.0 1.45953730856864627e-20 6.51570485804875988e-25 5.96433424608624822e-23 4.03823764812455132e-27
800.0 450.0 1.79305106441196264e-20 8.10353472813099924e-25 7.18798269347537646e-23 2.26595552835470335e-27
800.0 500.0 2.16010027175144006e-20 8.78185327073814021e-25 7.32952340797448192e-23 4.85132496364097038e-28
800.0 550.0 2.51230094991085702e-20 8.64945982784170818e-25 6.65099650616409519e-23 -9.39572578370295635e-28
800.0 600.0 2.81731436326650075e-20 7.92152550038925332e-25 5.49707708455630838e-23 -1.89374590428532417e-27
800.0 650.0 3.05895247796444886e-20 6.82839087123356479e-25 4.15653242458556555e-23 -2.41374985713636637e-27
800.0 700.0 3.23317286767294673e-20 5.56384853135126647e-25 2.82548119942717245e-23 -2.59746557402900849e-27
800.0 750.0 3.34357106287919703e-20 4.26922205376407388e-25 1.61664428805415998e-23 -2.55079963633337804e-27
800.0 800.0 3.39776283132221243e-20 3.03633653749649982e-25 5.82070811738270405e-24 -2.36362015055079903e-27
800.0 850.0 3.40491603897835462e-20 1.91771172159239507e-25 -2.64942657203163457e-24 -2.10306420572679526e-27
800.0 900.0 3.37425391814547281e-20 9.37757659954169282e-26 -9.33180152167771322e-24 -1.81503346734790729e-27
800.0 950.0 3.31425208803364191e-20 1.02352639803923526e-26 -1.44229413754787385e-23 -1.52855196876466096e-27
800.0 1000.0 3.23228290477525749e-20 -5.93896707631562726e-26 -1.81589816238446231e-23 -1.26041205348470724e-27
800.0 1050.0 3.13452531218429215e-20 -1.16256025706536166e-25 -2.07765024614060217e-23 -1.01910310322872361e-27
800.0 1100.0 3.02601872873283222e-20 -1.61801601515309372e-25 -2.24925585114605284e-23 -8.07786692505931644e-28
800.0 1150.0 2.91078527461113489e-20 -1.97534528787056805e-25 -2.34962808754777913e-23 -6.26402159567416466e-28
800.0 1200.0 2.79197596542880106e-20 -2.24910079903551657e-25 -2.39470303633359439e-23 -4.73085156571504811e-28
800.0 1250.0 2.67201659085757862e-20 -2.45265138337941453e-25 -2.39759706429005270e-23 -3.45084030097345199e-28
800.0 1300.0 2.55274125707244322e-20 -2.59789204051296682e-25 -2.36891979270735600e-23 -2.39327221286405168e-28
800.0 1350.0 2.43550871063339149e-20 -2.69517523411914564e-25 -2.31713716511359175e-23 -1.52757101316625632e-28
800.0 1400.0 2.32130049786196295e-20 -2.75336843625798068e-25 -2.24892853034718354e-23 -8.25124281475836670e-29
800.0 1450.0 2.21080202132646477e-20 -2.77997723118830656e-25 -2.16951087562478153e-23 -2.60157494056923069e-29
800.0 1500.0 2.10446844310530137e-20 -2.78129647969153359e-25 -2.08291993027274566e-23 1.89967563224402034e-29
800.0 1550.0 2.00257765082265741e-20 -2.76256729767303307e-25 -1.99224679946002754e-23 5.44786587516304132e-29
800.0 1600.0 1.90527244450182364e-20 -2.72812739535506049e-25 -1.89983322770972918e-23 8.20944518750466661e-29
800.0 1650.0 1.81259389252048328e-20 -2.68154845425595151e-25 -1.80743047126835470e-23 1.03249012610902111e-28
800.0 1700.0 1.72450753982422967e-20 -2.62575794573891167e-25 -1.71632724081622769e-23 1.19119668514434539e-28
800.0 1750.0 1.64092388226692773e-20 -2.56314497273226397e-25 -1.62745194507545803e-23 1.30687649787669692e-28
800.0 1800.0 1.56171427246234885e-20 -2.49565091552329557e-25 -1.54145391219375441e-23 1.38767230571533563e-28
800.0 1850.0 1.48672320506398675e-20 -2.42484625725126385e-25 -1.45876760460845686e-23 1.44031796645954391e-28
800.0 1900.0 1.41577774517504379e-20 -2.35199519628188304e-25 -1.37966318677418801e-23 1.47036625999893659e-28
800.0 1950.0 1.34869471087966855e-20 -2.27810967457652899e-25 -1.30428620699743816e-23 1.48238476750867643e-28
800.0 2000.0 1.28528609615222236e-20 -2.20399435945835920e-25 -1.23268863515586912e-23 1.48012235623628252e-28
800.0 2050.0 1.22536311959189141e-20 -2.13028396958399063e-25 -1.16485306034150889e-23 1.46664948800475066e-28
800.0 2100.0 1.16873920356361021e-20 -2.05747416939842917e-25 -1.10071149092099413e-23 1.44447572976530754e-28
800.0 2150.0 1.11523212382479275e-20 -1.98594708984686247e-25 -1.04015990500258008e-23 1.41564771381102368e-28
800.0 2200.0 1.06466551847186933e-20 -1.91599237727330112e-25 -9.83069461750260431e-24 1.38183051784339766e-28
800.0 2250.0 1.01686990445394635e-20 -1.84782453224692015e-25 -9.29295093725804629e-24 1.34437509739635287e-28
800.0 2300.0 9.71683317826263914e-21 -1.78159717715385740e-25 -8.78682048830205189e-24 1.30437405509976689e-28
800.0 2350.0 9.28951668613428120e-21 -1.71741478555818293e-25 -8.31070830055683540e-24 1.26270770015194037e-28
800.0 2400.0 8.88528881216758437e-21 -1.65534231632329235e-25 -7.86300885958831820e-24 1.22008205059442051e-28
800.0 2450.0 8.50276875612259117e-21 -1.59541311964374414e-25 -7.44213329455861871e-24 1.17706016567081198e-28
800.0 2500.0 8.14065432249476148e-21 -1.53763541865255082e-25 -7.04652903105269752e-24 1.13408796617448271e-28
850.0 300.0 1.08435064182458207e-20 1.46106216537331556e-25 1.54959524883789168e-23 5.12573166533490080e-27
850.0 350.0 1.21521627322819864e-20 4.10294537144886521e-25 3.80167619018661335e-23 5.19294768065658564e-27
850.0 400.0 1.46277580833013922e-20 6.43726485508506304e-25 5.98437514894630639e-23 3.97813567122738286e-27
850.0 450.0 1.79707135054297722e-20 7.97685591828968741e-25 7.19898499019675743e-23 2.13602490674963389e-27
850.0 500.0 2.16444016626608000e-20 8.57771226662672140e-25 7.33150696486625240e-23 3.10137843539606576e-28
850.0 550.0 2.51655123095229347e-20 8.35269850414041305e-25 6.64581567800004165e-23 -1.13047846351992609e-27
850.0 600.0 2.82117680191953883e-20 7.53044269861914945e-25 5.48714458562073327e-23 -2.07686379657785533e-27
850.0 650.0 3.06224649221215336e-20 6.35105033730122280e-25 4.14405786498134175e-23 -2.57381324965078412e-27
850.0 700.0 3.23581620557424545e-20 5.01395295018644916e-25 2.81216533026277530e-23 -2.72689774433511937e-27
850.0 750.0 3.34555271921356379e-20 3.66276012852674866e-25 1.60364403508578645e-23 -2.64766466867742273e-27
850.0 800.0 3.39911771873722126e-20 2.38929720915822014e-25 5.70084741509069365e-24 -2.42953523501107787e-27
850.0 850.0 3.40570499413758261e-20 1.24474147884203879e-25 -2.75556511347662142e-24 -2.14155136445975922e-27
850.0 900.0 3.37454948142645893e-20 2.51511749145116996e-26 -9.42295241245812216e-24 -1.83038638530045029e-27
850.0 950.0 3.31412918724098539e-20 -5.86700043098773877e-26 -1.44992923020033663e-23 -1.52513529302923162e-27
850.0 1000.0 3.23181323677734315e-20 -1.27740158475500699e-25 -1.82215520078854098e-23 -1.24227392361982740e-27
850.0 1050.0 3.13377430732564100e-20 -1.83406686504640838e-25 -2.08267236916800652e-23 -9.89794236907240963e-28
850.0 1100.0 3.02504421382532406e-20 -2.27271165989433411e-25 -2.25320061340159540e-23 -7.70305566108086163e-28
850.0 1150.0 2.90963719046366638e-20 -2.60978085436117704e-25 -2.35265138657260643e-23 -5.83211083001122979e-28
850.0 1200.0 2.79069669584574486e-20 -2.86093461031372397e-25 -2.39695022305144735e-23 -4.26161820628544929e-28
850.0 1250.0 2.67064161177568774e-20 -3.04042301000409835e-25 -2.39919867140003124e-23 -2.95987082280497316e-28
850.0 1300.0 2.55129992220589200e-20 -3.16082972283413387e-25 -2.36999010512329297e-23 -1.89263681833968296e-28
850.0 1350.0 2.43402506320429062e-20 -3.23303606119594501e-25 -2.31777444842232718e-23 -1.02645263822596927e-28
850.0 1400.0 2.31979404606169736e-20 -3.26630820315633901e-25 -2.24921615310962024e-23 -3.30374022313095795e-29
850.0 1450.0 2.20928844572067144e-20 -3.26844602739670626e-25 -2.16951884808788401e-23 2.23231839500617582e-29
850.0 1500.0 2.10296022297407898e-20 -3.24595594645171490e-25 -2.08270657227267901e-23 6.58467267622391563e-29
850.0 1550.0 2.00108460748664425e-20 -3.20422576423930530e-25 -1.99186037332953295e-23 9.96009572972167693e-29
850.0 1600.0 1.90380220579846261e-20 -3.14768954711775694e-25 -1.89931344962456089e-23 1.25338486857313561e-28
850.0 1650.0 1.81115228563353620e-20 -3.07997667712929504e-25 -1.80680986209122868e-23 1.44531489241263257e-28
850.0 1700.0 1.72309892084832678e-20 -3.00404296663553510e-25 -1.71563230568874269e-23 1.58408081747679027e-28
850.0 1750.0 1.63955141098867217e-20 -2.92228384463516442e-25 -1.62670418685901680e-23 1.67987289479661654e-28
850.0 1800.0 1.56038014035689706e-20 -2.83663076640757589e-25 -1.54067069203615388e-23 1.74111017096513941e-28
850.0 1850.0 1.48542882373817122e-20 -2.74863253407664685e-25 -1.45796286643947814e-23 1.77472379340004872e-28
850.0 1900.0 1.41452390161997403e-20 -2.65952339292862755e-25 -1.37884806334267108e-23 1.78640279205958974e-28
850.0 1950.0 1.34748169502752282e-20 -2.57027974254472917e-25 -1.30346952436748626e-23 1.78080416474678848e-28
850.0 2000.0 1.28411380542159353e-20 -2.48166716956174191e-25 -1.23187733112607056e-23 1.76173053878175475e-28
850.0 2050.0 1.22423114437442069e-20 -2.39427932855202664e-25 -1.16405253048832995e-23 1.73227923787991448e-28
850.0 2100.0 1.16764689696664658e-20 -2.30857000335539131e-25 -1.09992587415178327e-23 1.69496662974807271e-28
850.0 2150.0 1.11417865843358294e-20 -2.22487949232266948e-25 -1.03939231877872812e-23 1.65183140300893926e-28
850.0 2200.0 1.06364993242682546e-20 -2.14345628707546819e-25 -9.82322195574955408e-24 1.60452006485175794e-28
850.0 2250.0 1.01589113874393784e-20 -2.06447485984487372e-25 -9.28569768108794490e-24 1.55435754785614034e-28
850.0 2300.0 9.70740246369112902e-21 -1.98805024010568335e-25 -8.77979745749464379e-24 1.50240541361945518e-28
850.0 2350.0 9.28043122419828378e-21 -1.91424994633977100e-25 -8.30392199917313474e-24 1.44950976729749960e-28
850.0 2400.0 8.87653667705788988e-21 -1.84310374158124199e-25 -7.85646235199120672e-24 1.39634066253270409e-28
850.0 2450.0 8.49433793958080707e-21 -1.77461159992189044e-25 -7.43582692209749264e-24 1.34342448401418226e-28
850.0 2500.0 8.13253285482968170e-21 -1.70875020321599587e-25 -7.04046099766543638e-24 1.29117054419348781e-28
900.0 300.0 1.08505981711527700e-20 1.37622127063351431e-25 1.57532861771646928e-23 5.16621204708740766e-27
900.0 350.0 1.21725002077352918e-20 4.03206245179379252e-25 3.82765956646914839e-23 5.19963740955020440e-27
900.0 400.0 1.46597354943518120e-20 6.35357521689872501e-25 6.00411492343502874e-23 3.91799801428833793e-27
900.0 450.0 1.80102711103778132e-20 7.84642426631917772e-25 7.20935198786379091e-23 2.01197203593999294e-27
900.0 500.0 2.16867782547260386e-20 8.37395328910469078e-25 7.33264126645579224e-23 1.45491807950455005e-28
900.0 550.0 2.52065443269286058e-20 8.06219769574261135e-25 6.63971240936429911e-23 -1.30855282938879537e-27
900.0 600.0 2.82484666577740459e-20 7.15226590598233344e-25 5.47633033370506645e-23 -2.24650240743027074e-27
900.0 650.0 3.06530646372094465e-20 5.89322223515423429e-25 4.13081512629241759e-23 -2.72111278056425075e-27
900.0 700.0 3.23819074049858474e-20 4.48958720172551830e-25 2.79823059679107854e-23 -2.84512491043618581e-27
900.0 750.0 3.34723858445746089e-20 3.08694821577780366e-25 1.59018286281508674e-23 -2.73529239318465534e-27
900.0 800.0 3.40015756763763673e-20 1.77700935473229322e-25 5.57787346307836161e-24 -2.48827858701676404e-27
900.0 850.0 3.40616673308970811e-20 6.09609879780493165e-26 -2.86349473861196588e-24 -2.17483393184478529e-27
900.0 900.0 3.37451174416771576e-20 -3.94743425026355168e-26 -9.51478184211992469e-24 -1.84229585184916721e-27
900.0 950.0 3.31367193056606598e-20 -1.23442840036071570e-25 -1.45754212021881175e-23 -1.51978419360040739e-27
900.0 1000.0 3.23101216147835832e-20 -1.91893795759437530e-25 -1.82831957479556781e-23 -1.22345105751157960e-27
900.0 1050.0 3.13269792717669603e-20 -2.46352364877207064e-25 -2.08754850975760490e-23 -9.60806104149982138e-28
900.0 1100.0 3.02375264913571592e-20 -2.88572319457145550e-25 -2.25696052236219918e-23 -7.33932733534310583e-28
900.0 1150.0 2.90818201914186209e-20 -3.20324364748260052e-25 -2.35546280324930739e-23 -5.41728394912807809e-28
900.0 1200.0 2.78912140665766999e-20 -3.43276654041205832e-25 -2.39896799279433599e-23 -3.81389930751646296e-28
900.0 1250.0 2.66898236290975934e-20 -3.58935185231317526e-25 -2.40056079642333252e-23 -2.49355784448757552e-28
900.0 1300.0 2.54958641988614899e-20 -3.68621387147886953e-25 -2.37081664399023652e-23 -1.41876061135557542e-28
900.0 1350.0 2.43228145043800291e-20 -3.73471627894731402e-25 -2.31816805017929368e-23 -5.53370353452356027e-29
900.0 1400.0 2.31803974071735332e-20 -3.74448728346354782e-25 -2.24926344870707898e-23 1.35710010918518421e-29
900.0 1450.0 2.20753889809535924e-20 -3.72359253235174928e-25 -2.16929221803060743e-23 6.77823999663056726e-29
900.0 1500.0 2.10122758183094866e-20 -3.67872813845575147e-25 -2.08226600474576148e-23 1.09841796116882520e-28
900.0 1550.0 1.99937829445593842e-20 -3.61541214391292444e-25 -1.99125525249513208e-23 1.41921416446349337e-28
900.0 1600.0 1.90212940393171906e-20 -3.53816284953800156e-25 -1.89858419228899593e-23 1.65854281619585158e-28
900.0 1650.0 1.80951835069586142e-20 -3.45065865344419793e-25 -1.80598936860864758e-23 1.83173767810165344e-28
900.0 1700.0 1.72150772488078365e-20 -3.35587773145008626e-25 -1.71474721878975660e-23 1.95154003173594005e-28
900.0 1750.0 1.63800562756380329e-20 -3.25621797501959289e-25 -1.62577596739665634e-23 2.02848092542378597e-28
900.0 1800.0 1.55888148028749152e-20 -3.15359868696801363e-25 -1.53971652822958691e-23 2.07122709993056255e-28
900.0 1850.0 1.48397822908107825e-20 -3.04954601460319556e-25 -1.45699643616399311e-23 2.08688519794540188e-28
900.0 1900.0 1.41312170482420718e-20 -2.94526422549942019e-25 -1.37788016932545589e-23 2.08126411672156325e-28
900.0 1950.0 1.34612774910609836e-20 -2.84169486026191479e-25 -1.30250862102447637e-23 2.05909816232787374e-28
900.0 2000.0 1.28280759013354196e-20 -2.73956562627829699e-25 -1.23092995996296486e-23 2.02423497297036128e-28
900.0 2050.0 1.22297185260874872e-20 -2.63943068455926388e-25 -1.16312367893064173e-23 1.97979261096915548e-28
900.0 2100.0 1.16643350482808273e-20 -2.54170376184527999e-25 -1.09901927061325030e-23 1.92829016216205681e-28
900.0 2150.0 1.11300998193821505e-20 -2.44668531042365531e-25 -1.03851067485837651e-23 1.87175586403652779e-28
900.0 2200.0 1.06252467321545234e-20 -2.35458474758527405e-25 -9.81467404552562728e-24 1.81181635185962310e-28
900.0 2250.0 1.01480792080055307e-20 -2.26553863875047336e-25 -9.27743067404067818e-24 1.74977014813121746e-28
900.0 2300.0 9.69697645382229499e-21 -2.17962554341267579e-25 -8.77181849718460859e-24 1.68664807065541925e-28
900.0 2350.0 9.27039689133338508e-21 -2.09687811977827061e-25 -8.29623408265520121e-24 1.62326282158308099e-28
900.0 2400.0 8.86687946366466918e-21 -2.01729298022744984e-25 -7.84906521370561395e-24 1.56024965371886787e-28
900.0 2450.0 8.48504336767763967e-21 -1.94083870303186022e-25 -7.42871775345445931e-24 1.49809969323579479e-28
900.0 2500.0 8.12358663800909482e-21 -1.86746233375593345e-25 -7.03363503188225440e-24 1.43718722748442974e-28
950.0 300.0 1.08572737881234569e-20 1.29502432256292092e-25 1.60124439099777257e-23 5.19897769105716635e-27
950.0 350.0 1.21924831566053741e-20 3.96167420922386942e-25 3.85366497519855407e-23 5.20196782204024371e-27
950.0 400.0 1.46912919954853311e-20 6.26952415989068433e-25 6.02355645333036968e-23 3.85896555950409418e-27
950.0 450.0 1.80491788842095106e-20 7.71759088981120962e-25 7.21911506075747948e-23 1.89450478893677425e-27
950.0 500.0 2.17281493142196834e-20 8.17617397556414965e-25 7.33297896568483839e-23 -8.52129344216109806e-30
950.0 550.0 2.52461519750632596e-20 7.78360275411267077e-25 6.63275082107572700e-23 -1.47387627182046041e-27
950.0 600.0 2.82833189866736789e-20 6.79252660993375034e-25 5.46470094744658119e-23 -2.40302140080212817e-27
950.0 650.0 3.06814358675861367e-20 5.46020720046136492e-25 4.11686673053706309e-23 -2.85619797822130532e-27
950.0 700.0 3.24031060176383238e-20 3.99574624780352037e-25 2.78373140517917016e-23 -2.95280862582841387e-27
950.0 750.0 3.34864526241249319e-20 2.54643551519641869e-25 1.57630517505132586e-23 -2.81439567453006440e-27
950.0 800.0 3.40090094181074517e-20 1.20376230430184903e-25 5.45212653685056799e-24 -2.54057089195727074e-27
950.0 850.0 3.40632127214774916e-20 1.62502252412423001e-27 -2.97297322588306848e-24 -2.20361157988935329e-27
950.0 900.0 3.37416171053181205e-20 -9.97415303020997455e-26 -9.60713484600532752e-24 -1.85142301060064083e-27
950.0 950.0 3.31290190555327531e-20 -1.83755873177699107e-25 -1.46512474790092140e-23 -1.51311194141088145e-27
950.0 1000.0 3.22990151090477133e-20 -2.51552592146764910e-25 -1.83438935128900417e-23 -1.20450509179811282e-27
950.0 1050.0 3.13131797303198239e-20 -3.04821852847741914e-25 -2.09228163671815032e-23 -9.32648563471085272e-28
950.0 1100.0 3.02216558793316045e-20 -3.45458092182647750e-25 -2.26054236189723093e-23 -6.99128336010730126e-28
950.0 1150.0 2.90644089906755026e-20 -3.75348228073361437e-25 -2.35807200555743253e-23 -5.02367810271183388e-28
950.0 1200.0 2.78727069727615825e-20 -3.96254125484908751e-25 -2.40076812080172469e-23 -3.39140649594234341e-28
950.0 1250.0 2.66705881573306286e-20 -4.09755836169885993e-25 -2.40169668674557336e-23 -2.05522790179890690e-28
950.0 1300.0 2.54762003328300936e-20 -4.17232246637782340e-25 -2.37141361841966265e-23 -9.74624640571720598e-29
950.0 1350.0 2.43029642961983039e-20 -4.19863506631050483e-25 -2.31833273725363985e-23 -1.10997057841510505e-29
950.0 1400.0 2.31605539355336837e-20 -4.18645151952724853e-25 -2.24908542673670525e-23 5.70728726498117901e-29
950.0 1450.0 2.20557043880043375e-20 -4.14407635195290488e-25 -2.16884599585143798e-23 1.10146263428093599e-28
950.0 1500.0 2.09928683339765714e-20 -4.07837499630144000e-25 -2.08161305628093455e-23 1.50787824373980321e-28
950.0 1550.0 1.99747429146616576e-20 -3.99498059347644453e-25 -1.99044594874095170e-23 1.81264925360028193e-28
950.0 1600.0 1.90026890305925371e-20 -3.89848471672297471e-25 -1.89765955355178213e-23 2.03483577563459048e-28
950.0 1650.0 1.80770625877586175e-20 -3.79260711760411447e-25 -1.80498260745344674e-23 2.19032526889593193e-28
950.0 1700.0 1.71974745514569946e-20 -3.68034325575900552e-25 -1.71368507158590229e-23 2.29227367382970834e-28
950.0 1750.0 1.63629939434315287e-20 -3.56409040925900223e-25 -1.62467982710837992e-23 2.35151775386306175e-28
950.0 1800.0 1.55723054163462411e-20 -3.44575419163103510e-25 -1.53860339812245942e-23 2.37694515168853139e-28
950.0 1850.0 1.48238308573247646e-20 -3.32683772705175004e-25 -1.45587972653349090e-23 2.37581780202536244e-28
950.0 1900.0 1.41158226278675652e-20 -3.20851581186691677e-25 -1.37677035919301860e-23 2.35404947442219491e-28
950.0 1950.0 1.34464345210623781e-20 -3.09169627742137075e-25 -1.30141380521998184e-23 2.31644088305058454e-28
950.0 2000.0 1.28137752719172352e-20 -2.97707056321186659e-25 -1.22985629986640427e-23 2.26687697868999806e-28
950.0 2050.0 1.22159484514866587e-20 -2.86515526810211649e-25 -1.16207577280903038e-23 2.20849135277636714e-28
950.0 2100.0 1.16510817699001163e-20 -2.75632620347568264e-25 -1.09800045721292827e-23 2.14380252147210640e-28
950.0 2150.0 1.11173481713644385e-20 -2.65084624323018838e-25 -1.03752328181412434e-23 2.07482645547502565e-28
950.0 2200.0 1.06129805944923806e-20 -2.54888805954422333e-25 -9.80512951310346212e-24 2.00316921948189204e-28
950.0 2250.0 1.01362818678465928e-20 -2.45055265321720783e-25 -9.26822430736569155e-24 1.93010306462947094e-28
950.0 2300.0 9.68563089194939546e-21 -2.35588443275810547e-25 -8.76295398531180608e-24 1.85662882157496411e-28
950.0 2350.0 9.25948600774288873e-21 -2.26488346547615900e-25 -8.28771113225444525e-24 1.78352699251333934e-28
950.0 2400.0 8.85638625365772548e-21 -2.17751541401153673e-25 -7.84088043914349830e-24 1.71139954536965006e-28
950.0 2450.0 8.47495105780907841e-21 -2.09371958031636075e-25 -7.42086539812566315e-24 1.64070407330079300e-28
950.0 2500.0 8.11387878953262623e-21 -2.01341540335256006e-25 -7.02610755154177401e-24 1.57178169406040228e-28
1000.0 300.0 1.08635564027016269e-20 1.21944579358697395e-25 1.62730787568747769e-23 5.22554787187138245e-27
1000.0 350.0 1.22121205994497074e-20 3.89440142698172830e-25 3.87967325291825988e-23 5.20099694555495664e-27
1000.0 400.0 1.47224333169474906e-20 6.18813918579644175e-25 6.04270659325672690e-23 3.80160575858037352e-27
1000.0 450.0 1.80874527081479978e-20 7.59354759692526282e-25 7.22830724571268625e-23 1.78372178326368428e-27
1000.0 500.0 2.17685524239088943e-20 7.98751388336898675e-25 7.33257234378295845e-23 -1.52192024067122427e-28
1000.0 550.0 2.52844018405970991e-20 7.51983388299943833e-25 6.62499309497170782e-23 -1.62701588892921746e-27
1000.0 600.0 2.83164233551829202e-20 6.45381644852382961e-25 5.45232006202647110e-23 -2.54715000792679355e-27
1000.0 650.0 3.07077078142248973e-20 5.05421224400355143e-25 4.10227164308728844e-23 -2.97986420180124526e-27
1000.0 700.0 3.24219146027912695e-20 3.53423806585355335e-25 2.76871840081218176e-23 -3.05074013506225680e-27
1000.0 750.0 3.34979071093743079e-20 2.04264533947752231e-25 1.56205166958928085e-23 -2.88571619496287526e-27
1000.0 800.0 3.40136757874144397e-20 6.70626550670852564e-26 5.32391203206325165e-24 -2.58707889430850382e-27
1000.0 850.0 3.40618963436705626e-20 -5.34579137976903379e-26 -3.08379015583169731e-24 -2.22846527846815089e-27
1000.0 900.0 3.37352124097968733e-20 -1.55601418130943142e-25 -9.69988480468399145e-24 -1.85826184633287174e-27
1000.0 950.0 3.31184142309530029e-20 -2.39582745756674225e-25 -1.47267153839274920e-23 -1.50553013997903815e-27
1000.0 1000.0 3.22850372461666562e-20 -3.06708867040761133e-25 -1.84036474883635585e-23 -1.18577295379809762e-27
1000.0 1050.0 3.12965675390293983e-20 -3.58822635813277959e-25 -2.09687656497628037e-23 -9.05592867916497122e-28
1000.0 1100.0 3.02030500586560055e-20 -3.97948082126173006e-25 -2.26395448888010357e-23 -6.66107126447574424e-28
1000.0 1150.0 2.90443531852128484e-20 -4.26078781232396713e-25 -2.36048999476068581e-23 -4.65296279173842298e-28
1000.0 1200.0 2.78516545562839807e-20 -4.45062299857735217e-25 -2.40236350791574678e-23 -2.99541011835391834e-28
1000.0 1250.0 2.66489117852636245e-20 -4.56546178846698141e-25 -2.40262053713248789e-23 -1.64582163002379096e-28
1000.0 1300.0 2.54542023890464092e-20 -4.61961481366927663e-25 -2.37179603302264716e-23 -5.60899708321367689e-29
1000.0 1350.0 2.42808871490725669e-20 -4.62527960084283885e-25 -2.31828394324226559e-23 3.00215428391612878e-29
1000.0 1400.0 2.31385894262685055e-20 -4.59270611046105175e-25 -2.24869765474854650e-23 9.74406595562260090e-29
1000.0 1450.0 2.20340022897746401e-20 -4.53041280812585279e-25 -2.16819565826394666e-23 1.49401298357668461e-28
1000.0 1500.0 2.09715437085404408e-20 -4.44541568369970580e-25 -2.08076294472596024e-23 1.88682477636798485e-28
1000.0 1550.0 1.99538823991298084e-20 -4.34344917005302673e-25 -1.98944729839678898e-23 2.17637881617513125e-28
1000.0 1600.0 1.89823561416907107e-20 -4.22916824275511307e-25 -1.89655390150552105e-23 2.38239533583908652e-28
1000.0 1650.0 1.80573021543190842e-20 -4.10632723466023240e-25 -1.80380341995894007e-23 2.52126083657084214e-28
1000.0 1700.0 1.71783163910475229e-20 -3.97793453265196360e-25 -1.71245914205532857e-23 2.60650350956338696e-28
1000.0 1750.0 1.63444558941352970e-20 -3.84638431025873476e-25 -1.62342846090552247e-23 2.64923325897684854e-28
1000.0 1800.0 1.55543958248139243e-20 -3.71356742574365923e-25 -1.53734340670605607e-23 2.65853389710600784e-28
1000.0 1850.0 1.48065506123189404e-20 -3.58096398930776101e-25 -1.45462425542791916e-23 2.64180413422064729e-28
1000.0 1900.0 1.40991668163581163e-20 -3.44972013365815393e-25 -1.37552957366218915e-23 2.60504899473525390e-28
1000.0 1950.0 1.34303937724314772e-20 -3.32071136940549953e-25 -1.30019545561592647e-23 2.55312582322831006e-28
1000.0 2000.0 1.27983368454542896e-20 -3.19459466762394586e-25 -1.22866618616474796e-23 2.48995009738369214e-28
1000.0 2050.0 1.22010971132375565e-20 -3.07185114335964096e-25 -1.16091812525394997e-23 2.41866646876372510e-28
1000.0 2100.0 1.16368004971120057e-20 -2.95282094792394695e-25 -1.09687824750980464e-23 2.34179019559100260e-28
1000.0 2150.0 1.11036187161151458e-20 -2.83773173103329275e-25 -1.03643847704440345e-23 2.26132365040374062e-28
1000.0 2200.0 1.05997839325246045e-20 -2.72672181373134100e-25 -9.79466720747546975e-24 2.17885201885652031e-28
1000.0 2250.0 1.01235985539749235e-20 -2.61985902161606198e-25 -9.25815314019597381e-24 2.09562173283859627e-28
1000.0 2300.0 9.67344133955567521e-21 -2.51715596439136751e-25 -8.75327442187381348e-24 2.01260464334725122e-28
1000.0 2350.0 9.24777070670077181e-21 -2.41858240980095261e-25 -8.27841981305051164e-24 1.93055045557299655e-28
1000.0 2400.0 8.84512593840769977e-21 -2.32407528469068444e-25 -7.83197107471573062e-24 1.85002952698614576e-28
1000.0 2450.0 8.46412683515272525e-21 -2.23354674017295837e-25 -7.41232949117563932e-24 1.77146776802987300e-28
1000.0 2500.0 8.10347223396703589e-21 -2.14689063873891551e-25 -7.01793497817777823e-24 1.69517507984358908e-28
1050.0 300.0 1.08694779149746604e-20 1.15081041095219701e-25 1.65349132829468083e-23 5.24715929174988926e-27
1050.0 350.0 1.22314333055212246e-20 3.83209186258754734e-25 3.90567016179533477e-23 5.19756463089069495e-27
1050.0 400.0 1.47531788422889090e-20 6.11157490968833540e-25 6.06157487137156367e-23 3.74630241163005845e-27
1050.0 450.0 1.81251228933426755e-20 7.47652893454373876e-25 7.23696204850112771e-23 1.67956838290253758e-27
1050.0 500.0 2.18080393491748116e-20 7.81008742901970865e-25 7.33147230336069887e-23 -2.85928165762896310e-28
1050.0 550.0 2.53213736513291054e-20 7.27273758128671470e-25 6.61649871995145419e-23 -1.76861540805045289e-27
1050.0 600.0 2.83478896942433983e-20 6.13762530283364940e-25 5.43924785381627398e-23 -2.67965339191866201e-27
1050.0 650.0 3.07320194374742627e-20 4.67633409849441772e-25 4.08708506583670033e-23 -3.09290583282830586e-27
1050.0 700.0 3.24384977437604421e-20 3.10576884244683166e-25 2.75323849749378070e-23 -3.13967881348061658e-27
1050.0 750.0 3.35069349426277671e-20 1.57592146343948673e-25 1.54745956090160567e-23 -2.94993961712772814e-27
1050.0 800.0 3.40157765697743712e-20 1.77625734766287115e-26 5.19350418632511355e-24 -2.62839563540795541e-27
1050.0 850.0 3.40579313840091346e-20 -1.04312664345461356e-25 -3.19576209962651396e-24 -2.24989027872617928e-27
1050.0 900.0 3.37261236717109785e-20 -2.07101226866832638e-25 -9.79292789042086752e-24 -1.86321328492871720e-27
1050.0 950.0 3.31051286135249379e-20 -2.90988533310116345e-25 -1.48017880051874451e-23 -1.49735367939997399e-27
1050.0 1000.0 3.22684122435260048e-20 -3.57441506280416292e-25 -1.84624751303172276e-23 -1.16749400052896764e-27
1050.0 1050.0 3.12773649261959065e-20 -4.08443909735088845e-25 -2.10133932444198972e-23 -8.79813892960830662e-28
1050.0 1100.0 3.01819273850913365e-20 -4.46138839945409266e-25 -2.26720620814421749e-23 -6.34990118444233145e-28
1050.0 1150.0 2.90218658409889876e-20 -4.72617482827653455e-25 -2.36272849543846051e-23 -4.30590623293426172e-28
1050.0 1200.0 2.78282635660113089e-20 -4.89805551650935782e-25 -2.40376759185826182e-23 -2.62632146107184822e-28
1050.0 1250.0 2.66249942363981368e-20 -4.99411906123144390e-25 -2.40334692625567460e-23 -1.26546624424380970e-28
1050.0 1300.0 2.54300626135002793e-20 -5.02914840115694916e-25 -2.37197915205178591e-23 -1.77490279234948424e-29
1050.0 1350.0 2.42567675815915614e-20 -5.01569810490681144e-25 -2.31803726137894294e-23 6.80534510032549794e-29
1050.0 1400.0 2.31146805778460634e-20 -4.96428249848772575e-25 -2.24811578019104818e-23 1.34714115430181670e-28
1050.0 1450.0 2.20104515920025347e-20 -4.88361093408065913e-25 -2.16735669891617526e-23 1.85596880581808574e-28
1050.0 1500.0 2.09484631724669407e-20 -4.78083272167444172e-25 -2.07973085568410078e-23 2.23582022466981608e-28
1050.0 1550.0 1.99313551366135792e-20 -4.66177100354593040e-25 -1.98827406762671632e-23 2.51101259779071122e-28
1050.0 1600.0 1.89604418498011308e-20 -4.53113526205057175e-25 -1.89528150529856156e-23 2.70186101798451390e-28
1050.0 1650.0 1.80360416846304329e-20 -4.39270840875533330e-25 -1.80246552712482071e-23 2.82520007341351820e-28
1050.0 1700.0 1.71577355288531950e-20 -4.24950800360636453e-25 -1.71108257239579275e-23 2.89489080576316506e-28
1050.0 1750.0 1.63245684660131455e-20 -4.10392309128740416e-25 -1.62203441722844938e-23 2.92228611780489289e-28
1050.0 1800.0 1.55352062416052274e-20 -3.95782906631465278e-25 -1.53594850559503587e-23 2.91664321647306423e-28
1050.0 1850.0 1.47880559414625391e-20 -3.81268330375073165e-25 -1.45324138343996384e-23 2.88548063920912331e-28
1050.0 1900.0 1.40813584643880377e-20 -3.66960427974089775e-25 -1.37416859460484263e-23 2.83488229850166399e-28
1050.0 1950.0 1.34132588461342662e-20 -3.52943671631806897e-25 -1.29886379230355732e-23 2.76975338441404691e-28
1050.0 2000.0 1.27818592491680690e-20 -3.39280501499042210e-25 -1.22736929730217758e-23 2.69403389991308815e-28
1050.0 2050.0 1.21852584301557922e-20 -3.26015694987130364e-25 -1.15965989527182213e-23 2.61087570328472343e-28
1050.0 2100.0 1.16215806942232953e-20 -3.13179930476808624e-25 -1.09566130449982431e-23 2.52278858652991234e-28
1050.0 2150.0 1.10889967054517148e-20 -3.00792687553512105e-25 -1.03526445152849324e-23 2.43176036377626979e-28
1050.0 2200.0 1.05857380155654171e-20 -2.88864602587011036e-25 -9.78336455896973743e-24 2.33935531708726821e-28
1050.0 2250.0 1.01101067712097989e-20 -2.77399378301593889e-25 -9.24729036123236290e-24 2.24679472551358455e-28
1050.0 2300.0 9.66048174321163808e-21 -2.66395328819771341e-25 -8.74284898627734382e-24 2.15502262670873171e-28
1050.0 2350.0 9.23532157133717418e-21 -2.55846627227641974e-25 -8.26842552011872078e-24 2.06475944662509707e-28
1050.0 2400.0 8.83316592137194632e-21 -2.45744310676301058e-25 -7.82239894749276380e-24 1.97654568671703134e-28
1050.0 2450.0 8.45263509668297089e-21 -2.36077088063516991e-25 -7.40316849855101036e-24 1.89077747764276638e-28
1050.0 2500.0 8.09242852489191397e-21 -2.26831987119912418e-25 -7.00917261359100325e-24 1.80773548810979979e-28
1100.0 300.0 1.08750762348019988e-20 1.09019888889827599e-25 1.67977271178031159e-23 5.26486244663538020e-27
1100.0 350.0 1.22504505073500494e-20 3.77628553955925613e-25 3.93164548593139924e-23 5.19243908299234349e-27
1100.0 400.0 1.47835579252711381e-20 6.04166588305404027e-25 6.08017278940763864e-23 3.69345663105256553e-27
1100.0 450.0 1.81622301895586161e-20 7.36847406690374642e-25 7.24511290969455658e-23 1.58206667611677175e-27
1100.0 500.0 2.18466718213957964e-20 7.64576144547354796e-25 7.32972800241113510e-23 -4.10026780168492839e-28
1100.0 550.0 2.53571559192697456e-20 7.04397244837466144e-25 6.60732429610486403e-23 -1.89919327086079180e-27
1100.0 600.0 2.83778351021112001e-20 5.84531849858460944e-25 5.42554100365364864e-23 -2.80117044184845621e-27
1100.0 650.0 3.07545150596932146e-20 4.32760643927779643e-25 4.07135853749007765e-23 -3.19599862150501582e-27
1100.0 700.0 3.24530235794194409e-20 2.71103804016221876e-25 2.73733508718037017e-23 -3.22027788485911089e-27
1100.0 750.0 3.35137236375867711e-20 1.14665040344957496e-25 1.53256287129691347e-23 -3.00766007843609720e-27
1100.0 800.0 3.40155139295394416e-20 -2.75131759646337411e-26 5.06114955121159425e-24 -2.66503763116835794e-27
1100.0 850.0 3.40515301363388133e-20 -1.50952133767783139e-25 -3.30872879986707534e-24 -2.26831960167690290e-27
1100.0 900.0 3.37145692669897367e-20 -2.54273458394349312e-25 -9.88617907042821883e-24 -1.86662902643448621e-27
1100.0 950.0 3.30893832063809233e-20 -3.38021424140325862e-25 -1.48764432226259096e-23 -1.48885967844902259e-27
1100.0 1000.0 3.22493608905959017e-20 -4.03810872807391719e-25 -1.85204051657126350e-23 -1.14987966977571362e-27
1100.0 1050.0 3.12557902059785569e-20 -4.53755165813738886e-25 -2.10567677129558859e-23 -8.55466912836734052e-28
1100.0 1100.0 3.01585019519643755e-20 -4.90106409900844394e-25 -2.27030739938872499e-23 -6.05885640675807566e-28
1100.0 1150.0 2.89971555274363661e-20 -5.15044797513553415e-25 -2.36479960073798914e-23 -3.98320654157256913e-28
1100.0 1200.0 2.78027361131899115e-20 -5.30567030017439185e-25 -2.40499401230975104e-23 -2.28452769809693634e-28
1100.0 1250.0 2.65990305300796578e-20 -5.38437460508544656e-25 -2.40389050217723499e-23 -9.14301663040661023e-29
1100.0 1300.0 2.54039685403976688e-20 -5.40176960495331354e-25 -2.37197820523331919e-23 1.75657387768418189e-29
1100.0 1350.0 2.42307854387547472e-20 -5.37073036951215671e-25 -2.31760817022142603e-23 1.03016314815796886e-28
1100.0 1400.0 2.30889994883778278e-20 -5.30200736981191189e-25 -2.24735527517236343e-23 1.68924817296144759e-28
1100.0 1450.0 2.19852166995416392e-20 -5.20447943544115090e-25 -2.16634439127284111e-23 2.18772914566683667e-28
1100.0 1500.0 2.09237835739330920e-20 -5.08541328718059710e-25 -2.07853172246453785e-23 2.55532316223692438e-28
1100.0 1550.0 1.99073106154828043e-20 -4.95070925729849747e-25 -1.98694074835426806e-23 2.81704976783194437e-28
1100.0 1600.0 1.89370885227275390e-20 -4.80512328375707311e-25 -1.89385634594223124e-23 2.99375761507985025e-28
1100.0 1650.0 1.80134166934893538e-20 -4.65246151922031694e-25 -1.80098235423739847e-23 3.10268165849121305e-28
1100.0 1700.0 1.71358609116535578e-20 -4.49574746147069792e-25 -1.70956820643208965e-23 3.15797901428704325e-28
1100.0 1750.0 1.63034543318805108e-20 -4.33736340285972026e-25 -1.62050994726642773e-23 3.17121755899322654e-28
1100.0 1800.0 1.55148533623290633e-20 -4.17916887141120201e-25 -1.53443035314539064e-23 3.15180681884275697e-28
1100.0 1850.0 1.47684578578772523e-20 -4.02259901547704264e-25 -1.45174218403662793e-23 3.10736956796527261e-28
1100.0 1900.0 1.40625031917788175e-20 -3.86874583060706525e-25 -1.37269792446002001e-23 3.04405731987916921e-28
1100.0 1950.0 1.33951302498395030e-20 -3.71842490314692647e-25 -1.29742876473331180e-23 2.96681517953314267e-28
1100.0 2000.0 1.27644381499458427e-20 -3.57223004663131096e-25 -1.22597505061045162e-23 2.87960234583676204e-28
1100.0 2050.0 1.21685234887972298e-20 -3.43057789004363712e-25 -1.15830999073640104e-23 2.78557455612943323e-28
1100.0 2100.0 1.16055091163011096e-20 -3.29374417193534526e-25 -1.09435805025647561e-23 2.68723433600868279e-28
1100.0 2150.0 1.10735647998457068e-20 -3.16189321633470729e-25 -1.03400916559274449e-23 2.58655429486242159e-28
1100.0 2200.0 1.05709216343541875e-20 -3.03510182135575640e-25 -9.77129679337271313e-24 2.48507802535938513e-28
1100.0 2250.0 1.00958816535071534e-20 -2.91337858031756067e-25 -9.23570705492923967e-24 2.38400249901556465e-28
1100.0 2300.0 9.64682378137857749e-21 -2.79667947617037346e-25 -8.73174485156417366e-24 2.28424523786880571e-28
1100.0 2350.0 9.22220701460115977e-21 -2.68492043985674338e-25 -8.25779173711865947e-24 2.18649900026596829e-28
1100.0 2400.0 8.82057152909453084e-21 -2.57798743836821625e-25 -7.81222406478370635e-24 2.09127625039989215e-28
1100.0 2450.0 8.44053825122889287e-21 -2.47574455499655465e-25 -7.39343915456105358e-24 1.99894528324242519e-28
1100.0 2500.0 8.08080731219783712e-21 -2.37804043930159166e-25 -6.99987411240398714e-24 1.90975954240780108e-28
1150.0 300.0 1.08803929324684340e-20 1.03825632817373035e-25 1.70613466207323058e-23 5.27951942196744473e-27
1150.0 350.0 1.22692071048731911e-20 3.72800430373392169e-25 3.95759225376378766e-23 5.18624227027999407e-27
1150.0 400.0 1.48136067466938333e-20 5.97966215829750158e-25 6.09851320302955876e-23 3.64334939129412542e-27
1150.0 450.0 1.81988223670724295e-20 7.27068371936585275e-25 7.25279272532759753e-23 1.49114356346785092e-27
1150.0 500.0 2.18845179170735586e-20 7.49572360775648856e-25 7.32738652406868452e-23 -5.24852185361561804e-28
1150.0 550.0 2.53918421927723874e-20 6.83449157884534289e-25 6.59752335626070197e-23 -2.01930612693124002e-27
1150.0 600.0 2.84063800431676685e-20 5.57754367348446308e-25 5.41125265914650450e-23 -2.91235110200682645e-27
1150.0 650.0 3.07753405761337390e-20 4.00834570901539655e-25 4.05514001550658310e-23 -3.28980621313193270e-27
1150.0 700.0 3.24656600807045416e-20 2.35003872433712855e-25 2.72104821622912613e-23 -3.29316016223974566e-27
1150.0 750.0 3.35184589622975293e-20 7.54531050441021176e-26 1.51739267643859459e-23 -3.05942780435543098e-27
1150.0 800.0 3.40130869282628765e-20 -6.88200743701687716e-26 4.92706991839770225e-24 -2.69746823592110157e-27
1150.0 850.0 3.40429006743188815e-20 -1.93452731465041621e-25 -3.42254995642039339e-24 -2.28412735906591516e-27
1150.0 900.0 3.37007624682447533e-20 -2.97211088782813246e-25 -9.97956874791414784e-24 -1.86879885409856536e-27
1150.0 950.0 3.30713932407918587e-20 -3.80786953856005430e-25 -1.49506703114813821e-23 -1.48026238956382531e-27
1150.0 1000.0 3.22280977246075761e-20 -4.45931541873705512e-25 -1.85774742368029715e-23 -1.13307907294611250e-27
1150.0 1050.0 3.12320551196932383e-20 -4.94877027148867317e-25 -2.10989626184854839e-23 -8.32646452666313027e-28
1150.0 1100.0 3.01329810913853773e-20 -5.29974985093043825e-25 -2.27326820402483822e-23 -5.78843539322391581e-28
1150.0 1150.0 2.89704239715407426e-20 -5.53486480696020455e-25 -2.36671547437839987e-23 -3.68500395828977677e-28
1150.0 1200.0 2.77752674704765782e-20 -5.67472458124147087e-25 -2.40605632923367261e-23 -1.96988744931493263e-28
1150.0 1250.0 2.65712089171846763e-20 -5.73747291359244891e-25 -2.40426571743172705e-23 -5.91969567020973200e-29
1150.0 1300.0 2.53761010561216291e-20 -5.73870071785439865e-25 -2.37180813953686115e-23 4.99064925004441419e-29
1150.0 1350.0 2.42031140759615100e-20 -5.69156945441478893e-25 -2.31701180169520836e-23 1.34974247689265605e-28
1150.0 1400.0 2.30617119516516564e-20 -5.60703949222292653e-25 -2.24643122014210276e-23 2.00145293907525761e-28
1150.0 1450.0 2.19584559168013095e-20 -5.49413931257728848e-25 -2.16517358715898156e-23 2.49007524183009673e-28
1150.0 1500.0 2.08976558764498382e-20 -5.36023839455378666e-25 -2.07718003863975780e-23 2.84614851845062311e-28
1150.0 1550.0 1.98818926618536881e-20 -5.21130372788552468e-25 -1.98546138395531358e-23 3.09532156749297974e-28
1150.0 1600.0 1.89124330909605790e-20 -5.05213042110866306e-25 -1.89229195425955824e-23 3.25891927369378448e-28
1150.0 1650.0 1.79895574827176513e-20 -4.88654311761440237e-25 -1.79936688021659439e-23 3.35453244409293921e-28
1150.0 1700.0 1.71128164946056727e-20 -4.71756846111045356e-25 -1.70792844953588426e-23 3.39658006416654840e-28
1150.0 1750.0 1.62812313895302266e-20 -4.54758069642011260e-25 -1.61886687466830687e-23 3.39681900687510780e-28
1150.0 1800.0 1.54934493181552091e-20 -4.37842331928592079e-25 -1.53280019321951683e-23 3.36479166312255686e-28
1150.0 1850.0 1.47478630139172808e-20 -4.21150992465365079e-25 -1.45013733069079887e-23 3.30821072791049504e-28
1150.0 1900.0 1.40427024537556869e-20 -4.04790731181731951e-25 -1.37112768109173480e-23 3.23328502432218876e-28
1150.0 1950.0 1.33761045149390803e-20 -3.88840364873019847e-25 -1.29589995370662577e-23 3.14499241310206168e-28
1150.0 2000.0 1.27461654186957433e-20 -3.73356417302169591e-25 -1.22449251088648023e-23 3.04730655208962801e-28
1150.0 2050.0 1.21509797519844947e-20 -3.58377656891029985e-25 -1.15687698304799547e-23 2.94338417959267032e-28
1150.0 2100.0 1.15886690589466059e-20 -3.43928783696770297e-25 -1.09297658620650099e-23 2.83571909091275300e-28
1150.0 2150.0 1.10574023567427598e-20 -3.30023418197262653e-25 -1.03268027437585339e-23 2.72626829109196340e-28
1150.0 2200.0 1.05554104254283065e-20 -3.16666518825356335e-25 -9.75853623454915861e-24 2.61655507380257703e-28
1150.0 2250.0 1.00809953220772880e-20 -3.03856333230582346e-25 -9.22347154848423819e-24 2.50775306927901066e-28
1150.0 2300.0 9.63253625413683030e-21 -2.91585969674701300e-25 -8.72002657246224192e-24 2.40075465956647598e-28
1150.0 2350.0 9.20849269862965226e-21 -2.79844659427932525e-25 -8.24657946236586142e-24 2.29622659161457449e-28
1150.0 2400.0 8.80740545837496122e-21 -2.68618768134516439e-25 -7.80150407543925248e-24 2.19465513010200329e-28
1150.0 2450.0 8.42789619275459400e-21 -2.57892603471107206e-25 -7.38319595585506732e-24 2.09638267797659812e-28
1150.0 2500.0 8.06866583989859325e-21 -2.47649057674585771e-25 -6.99009100635907865e-24 2.00163744609709880e-28
1200.0 300.0 1.08854719039552717e-20 9.95151870426399764e-26 1.73256372246241061e-23 5.29181618914324532e-27
1200.0 350.0 1.22877420289484440e-20 3.68770836819171144e-25 3.98350628486309468e-23 5.17942537169585597e-27
1200.0 400.0 1.48433665148409984e-20 5.92616576419497854e-25 6.11661011233608409e-23 3.59608791141722494e-27
1200.0 450.0 1.82349523614032884e-20 7.18372542811252469e-25 7.26003382512644103e-23 1.40656177341207779e-27
1200.0 500.0 2.19216502285777849e-20 7.36035198723248526e-25 7.32449299484843677e-23 -6.30908000295922650e-28
1200.0 550.0 2.54255293122828206e-20 6.64437717401863452e-25 6.58714658092790547e-23 -2.12961549182213407e-27
1200.0 600.0 2.84336467272848398e-20 5.33403444257985647e-25 5.39643270844473778e-23 -3.01391299371278041e-27
1200.0 650.0 3.07946419793617337e-20 3.71792940310106872e-25 4.03847417812345996e-23 -3.37502492434361877e-27
1200.0 700.0 3.24765737282241741e-20 2.02181644715119697e-25 2.70441489298919916e-23 -3.35895098172432502e-27
1200.0 750.0 3.35213237685977302e-20 3.98319850804847589e-26 1.50197740306830839e-23 -3.10577120608040328e-27
1200.0 800.0 3.40086904984544559e-20 -1.06306268230717301e-25 4.79146510314427369e-24 -2.72611036476963915e-27
1200.0 850.0 3.40322459583929046e-20 -2.31981152163073767e-25 -3.53710268726168971e-24 -2.29763368007340462e-27
1200.0 900.0 3.36849106721353299e-20 -3.36094432098674866e-25 -1.00730404867076114e-23 -1.86994927786767970e-27
1200.0 950.0 3.30513675106890906e-20 -4.19474672895696024e-25 -1.50244679298961251e-23 -1.47170691409824260e-27
1200.0 1000.0 3.22048304593891414e-20 -4.83998555786307503e-25 -1.86337251382336744e-23 -1.11716894650430597e-27
1200.0 1050.0 3.12063643469528681e-20 -5.32006927607157107e-25 -2.11400549921404368e-23 -8.11373448694916319e-28
1200.0 1100.0 3.01055649568067788e-20 -5.65941891478745387e-25 -2.27609889251127337e-23 -5.53840342732482060e-28
1200.0 1150.0 2.89418657020563867e-20 -5.88137784524077274e-25 -2.36848823630007846e-23 -3.41071894243037768e-28
1200.0 1200.0 2.77460457692122142e-20 -6.00713506557559947e-25 -2.40696792457601449e-23 -1.68156040124427819e-28
1200.0 1250.0 2.65417106229715347e-20 -6.05528363701167413e-25 -2.40448674467961755e-23 -2.97438527518755877e-29
1200.0 1300.0 2.53466341811693069e-20 -6.04175624748759912e-25 -2.37148354689042448e-23 7.93898140501514633e-29
1200.0 1350.0 2.41739201744276883e-20 -5.97996918695594629e-25 -2.31626287919067873e-23 1.64052715263510152e-28
1200.0 1400.0 2.30329773012117538e-20 -5.88106850761672107e-25 -2.24535825089808422e-23 2.28506290925939769e-28
1200.0 1450.0 2.19303213163678837e-20 -5.75421411579600783e-25 -2.16385867139968170e-23 2.76433918607299033e-28
1200.0 1500.0 2.08702250484928984e-20 -5.60686483752982207e-25 -2.07568981921568662e-23 3.10963131859352352e-28
1200.0 1550.0 1.98552393471977510e-20 -5.44504473685885766e-25 -1.98384953601112835e-23 3.34714949489671377e-28
1200.0 1600.0 1.88866069706927880e-20 -5.27358152172956525e-25 -1.89060138241124921e-23 3.49864171424951679e-28
1200.0 1650.0 1.79645890773617064e-20 -5.09631410133244463e-25 -1.79763161322202604e-23 3.58201347655265877e-28
1200.0 1700.0 1.70887211887437080e-20 -4.91626984928125158e-25 -1.70617524772169707e-23 3.61191408276573121e-28
1200.0 1750.0 1.62580127189247408e-20 -4.73581392578744053e-25 -1.61711657762560974e-23 3.60026550487593154e-28
1200.0 1800.0 1.54711016413061318e-20 -4.55677379459245048e-25 -1.53106883982705473e-23 3.55672516212426254e-28
1200.0 1850.0 1.47263736737769020e-20 -4.38054226530375479e-25 -1.44843708371464062e-23 3.48908260230607393e-28
1200.0 1900.0 1.40220535196549661e-20 -4.20816226535400202e-25 -1.36946758650375825e-23 3.40359461846842782e-28
1200.0 1950.0 1.33562741804859628e-20 -4.04039626016359351e-25 -1.29428656170555903e-23 3.30526538480427194e-28
1200.0 2000.0 1.27271291187648454e-20 -3.87778289108685482e-25 -1.22293038211087031e-23 3.19807881184616212e-28
1200.0 2050.0 1.21327110510596495e-20 -3.72068304277229429e-25 -1.15536910004606544e-23 3.08519014516087189e-28
1200.0 2100.0 1.15711403538271990e-20 -3.56931721368389582e-25 -1.09152468707142198e-23 2.96908325556372673e-28
1200.0 2150.0 1.10405854288988965e-20 -3.42379575936453026e-25 -1.03128512265702791e-23 2.85169932452357381e-28
1200.0 2200.0 1.05392768718501436e-20 -3.28414331237819760e-25 -9.74515226037668949e-24 2.73454184837462438e-28
1200.0 2250.0 1.00655168881459392e-20 -3.15031845553918944e-25 -9.21064937437580799e-24 2.61876214050910857e-28
1200.0 2300.0 9.61768508767327934e-21 -3.02222953326798011e-25 -8.70775605362826242e-24 2.50522883642714035e-28
1200.0 2350.0 9.19424154069350599e-21 -2.89974732580007420e-25 -8.23484718200903037e-24 2.39458431539181465e-28
1200.0 2400.0 8.79372778344815818e-21 -2.78271517830726974e-25 -7.79029424730043427e-24 2.28729044540638945e-28
1200.0 2450.0 8.41476630856900539e-21 -2.67095706767582671e-25 -7.37249114256222826e-24 2.18366562993592823e-28
1200.0 2500.0 8.05605895520324597e-21 -2.56428399997945213e-25 -6.97987268865613733e-24 2.08391477693809695e-28
1250.0 300.0 1.08903581428027710e-20 9.61124991103014589e-26 1.75904968349427983e-23 5.30236345810077998e-27
1250.0 350.0 1.23060967359747500e-20 3.65591383995023915e-25 4.00938573266011047e-23 5.17245873748257072e-27
1250.0 400.0 1.48728817738041208e-20 5.88186676187872210e-25 6.13447836969813980e-23 3.55188506844860851e-27
1250.0 450.0 1.82706764725621386e-20 7.10832341160567312e-25 7.26686782546825336e-23 1.32824754301977820e-27
1250.0 500.0 2.19581440222099808e-20 7.24027084372917841e-25 7.32109056323772742e-23 -7.28508310853842734e-28
1250.0 550.0 2.54583155839831195e-20 6.47405329683323843e-25 6.57624187750471416e-23 -2.23059336603742149e-27
1250.0 600.0 2.84597573424468394e-20 5.11495721243440562e-25 5.38112793235768529e-23 -3.10640174319153652e-27
1250.0 650.0 3.08125636806565706e-20 3.45624728431687285e-25 4.02140262330364615e-23 -3.45220620121240361e-27
1250.0 700.0 3.24859279402210841e-20 1.72599382904737356e-25 2.68746931190627122e-23 -3.41816156583421972e-27
1250.0 750.0 3.35224965348896044e-20 7.73996919465301041e-27 1.48634306189002960e-23 -3.14713503363280754e-27
1250.0 800.0 3.40025141025306730e-20 -1.40053787456712913e-25 4.65451524682652489e-24 -2.75133114506395375e-27
1250.0 850.0 3.40197626075948034e-20 -2.66635806162418119e-25 -3.65227932550025745e-24 -2.30912711174546660e-27
1250.0 900.0 3.36672142778964245e-20 -3.71034460866439116e-25 -1.01665489501896567e-23 -1.87029544092937454e-27
1250.0 950.0 3.30295073502504854e-20 -4.54204646113415196e-25 -1.50978422201944675e-23 -1.46334334057891065e-27
1250.0 1000.0 3.21797590536793745e-20 -5.18138055694311008e-25 -1.86892050864326663e-23 -1.10224387108139685e-27
1250.0 1050.0 3.11789146563746989e-20 -5.65274549315223662e-25 -2.11801237670374149e-23 -7.91696504409710242e-28
1250.0 1100.0 3.00764457480885244e-20 -5.98138278032914629e-25 -2.27880972330860476e-23 -5.30887515668408239e-28
1250.0 1150.0 2.89116673414376692e-20 -6.19129668052770603e-25 -2.37012983599182707e-23 -3.16017299522154646e-28
1250.0 1200.0 2.77152513513857879e-20 -6.30419651078790258e-25 -2.40774188866635153e-23 -1.41914198375522534e-28
1250.0 1250.0 2.65107092528505100e-20 -6.33907684432220365e-25 -2.40456737487393401e-23 -3.01340616036274953e-30
1250.0 1300.0 2.53157345241594300e-20 -6.31217427179139089e-25 -2.37101857285927564e-23 1.06085527163920137e-28
1250.0 1350.0 2.41433632384682321e-20 -6.23713043440226104e-25 -2.31537563559063569e-23 1.90330180285378121e-28
1250.0 1400.0 2.30029479465125959e-20 -6.12525452789674717e-25 -2.24415048490385658e-23 2.54091925765370513e-28
1250.0 1450.0 2.19009583101289122e-20 -5.98582098665564749e-25 -2.16241349547637281e-23 3.01139516013490860e-28
1250.0 1500.0 2.08416296661388613e-20 -5.82636561487148199e-25 -2.07407454078176939e-23 3.34666041802047697e-28
1250.0 1550.0 1.98274826194429483e-20 -5.65296077457946459e-25 -1.98211823020615909e-23 3.57342299159649495e-28
1250.0 1600.0 1.88597357206673292e-20 -5.47046081745994012e-25 -1.88879715488362700e-23 3.71380430789631183e-28
1250.0 1650.0 1.79386309059015838e-20 -5.28271515510944919e-25 -1.79578854615512123e-23 3.78598614853097915e-28
1250.0 1700.0 1.70636885624129576e-20 -5.09274981368417115e-25 -1.70432004715900504e-23 3.80481876133385321e-28
1250.0 1750.0 1.62339063029606875e-20 -4.90292007300321859e-25 -1.61526995195149099e-23 3.78236704453850280e-28
1250.0 1800.0 1.54479130034749169e-20 -4.71503752983120243e-25 -1.52924664338456418e-23 3.72838696045973726e-28
1250.0 1850.0 1.47040874680548150e-20 -4.53047508149466979e-25 -1.44665125936034638e-23 3.65073289163101655e-28
1250.0 1900.0 1.40006492422942628e-20 -4.35025316670415518e-25 -1.36772693848418538e-23 3.55570107017863219e-28
1250.0 1950.0 1.33357275761570382e-20 -4.17511028751455628e-25 -1.29259738682002890e-23 3.44831615763896383e-28
1250.0 2000.0 1.27074133014163079e-20 -4.00556046509514695e-25 -1.22129698342707886e-23 3.33256857440598439e-28
1250.0 2050.0 1.21137973929012984e-20 -3.84193990615257544e-25 -1.15379420383868390e-23 3.21160992217106966e-28
1250.0 2100.0 1.15529991863550644e-20 -3.68444480469063623e-25 -1.09000978036741762e-23 3.08791320056313088e-28
1250.0 2150.0 1.10231865919230387e-20 -3.53316188837004617e-25 -1.02983072586802874e-23 2.96340372128161380e-28
1250.0 2200.0 1.05225901398934770e-20 -3.38809304421046044e-25 -9.73121112658091979e-24 2.83956580002897447e-28
1250.0 2250.0 1.00495122981322796e-20 -3.24917512410515400e-25 -9.19730310666328889e-24 2.71752952798245661e-28
1250.0 2300.0 9.60233318735874824e-21 -3.11629583341831873e-25 -8.69499239729942415e-24 2.59814122330370685e-28
1250.0 2350.0 9.17951357362832408e-21 -2.98930644159584486e-25 -8.22265072803831443e-24 2.48202055086833258e-28
1250.0 2400.0 8.77959582327637621e-21 -2.86803191775789182e-25 -7.77864733467188827e-24 2.36960677478693427e-28
1250.0 2450.0 8.40120335302663569e-21 -2.75227898237765221e-25 -7.36137457443782294e-24 2.26119616702450326e-28
1250.0 2500.0 8.04303898820550724e-21 -2.64184247445801938e-25 -6.96926629805185704e-24 2.15697222746238162e-28
1300.0 300.0 1.08950968906657217e-20 9.36156969002190468e-26 1.78558505045635673e-23 5.31165727355398376e-27
1300.0 350.0 1.23243141360553952e-20 3.63282324859660097e-25 4.03523072461369337e-23 5.16570462718189627e-27
1300.0 400.0 1.49021991916508464e-20 5.84708904743347080e-25 6.15213347724096655e-23 3.51085255377052698e-27
1300.0 450.0 1.83060530879757376e-20 7.04478853087690147e-25 7.27332556756557737e-23 1.25604094078306143e-27
1300.0 500.0 2.19940759604193927e-20 7.13565323388100201e-25 7.31722045387796980e-23 -8.18031658220149558e-28
1300.0 550.0 2.54902995517016502e-20 6.32346656670570807e-25 6.56485451948908386e-23 -2.32275224214170701e-27
1300.0 600.0 2.84848329109509091e-20 4.91998643477927902e-25 5.36538219735376814e-23 -3.19038100228445424e-27
1300.0 650.0 3.08292474704499692e-20 3.22269304509062773e-25 4.00396408876548562e-23 -3.52190060862573253e-27
1300.0 700.0 3.24938821454125544e-20 1.46170170973121844e-25 2.67024308032112907e-23 -3.47128756386382019e-27
1300.0 750.0 3.35221505510909706e-20 -2.09327707749534993e-26 1.47051346735006388e-23 -3.18393779075259407e-27
1300.0 800.0 3.39947410240480138e-20 -1.70191272616149948e-25 4.51638286085089422e-24 -2.77346421448600167e-27
1300.0 850.0 3.40056402881775306e-20 -2.97559917211821021e-25 -3.76798557243539666e-24 -2.31885820049868130e-27
1300.0 900.0 3.36478661630398175e-20 -4.02184992728257007e-25 -1.02600582664093875e-23 -1.87001204977137788e-27
1300.0 950.0 3.30060061860630597e-20 -4.85137733369138669e-25 -1.51708053832845420e-23 -1.45528040228470138e-27
1300.0 1000.0 3.21530753296077945e-20 -5.48514910170952765e-25 -1.87439644900992111e-23 -1.08835722690746025e-27
1300.0 1050.0 3.11498945810066973e-20 -5.94846261541098097e-25 -2.12192487263595395e-23 -7.73623911174797471e-28
1300.0 1100.0 3.00458074355074178e-20 -6.26729997912334116e-25 -2.28141085340340261e-23 -5.09957579538496851e-28
1300.0 1150.0 2.88800073710995410e-20 -6.46625888053398749e-25 -2.37165197669420628e-23 -2.93281483563955478e-28
1300.0 1200.0 2.76830565697577273e-20 -6.56751346533117842e-25 -2.40839095618621370e-23 -1.18187314359816716e-28
1300.0 1250.0 2.64783706219473196e-20 -6.59041514526858799e-25 -2.40452096326191601e-23 2.10853773416138350e-29
1300.0 1300.0 2.52835611362064365e-20 -6.55146911492964651e-25 -2.37042687115113194e-23 1.30095090386237417e-28
1300.0 1350.0 2.41115954707775396e-20 -6.46451496424329522e-25 -2.31436377494949968e-23 2.13914863047027036e-28
1300.0 1400.0 2.29717692658100130e-20 -6.34100414330265468e-25 -2.24282148900216923e-23 2.77014257828208420e-28
1300.0 1450.0 2.18705055569995974e-20 -6.19031001176155323e-25 -2.16085135030554001e-23 3.23237939894257899e-28
1300.0 1500.0 2.08120018333143107e-20 -6.02003398356361758e-25 -2.07234711853555476e-23 3.55837024465023469e-28
1300.0 1550.0 1.97987482337873333e-20 -5.83628870365513702e-25 -1.98027993690965384e-23 3.77526152249925630e-28
1300.0 1600.0 1.88319389819379904e-20 -5.64394978032526136e-25 -1.88689125205091077e-23 3.90550184114530998e-28
1300.0 1650.0 1.79117967475841121e-20 -5.44687377893005498e-25 -1.79384914271916614e-23 3.96751358722190336e-28
1300.0 1700.0 1.70378267950379388e-20 -5.24808359378861634e-25 -1.70237378232616322e-23 3.97632074239687128e-28
1300.0 1750.0 1.62090149867096524e-20 -5.04992402592401134e-25 -1.61333740099323141e-23 3.94411064370912793e-28
1300.0 1800.0 1.54239811797260713e-20 -4.85419109308231175e-25 -1.52734348210487064e-23 3.88072261750385247e-28
1300.0 1850.0 1.46810973616417352e-20 -4.66223871886715429e-25 -1.44478922245281418e-23 3.79406486546711996e-28
1300.0 1900.0 1.39785780292693341e-20 -4.47506625806630006e-25 -1.36591460428474805e-23 3.69046528835914346e-28
1300.0 1950.0 1.33145487964890969e-20 -4.29338997715501799e-25 -1.29084081731103028e-23 3.57496377751959424e-28
1300.0 2000.0 1.26870979825906371e-20 -4.11770121733898701e-25 -1.21960024445211297e-23 3.45155393756590446e-28
1300.0 2050.0 1.20943149388676848e-20 -3.94831357537058670e-25 -1.15215978674541509e-23 3.32338187356751470e-28
1300.0 2100.0 1.15343180765204382e-20 -3.78540107229758011e-25 -1.08843894288504995e-23 3.19290897290482367e-28
1300.0 2150.0 1.10052749267553389e-20 -3.62902895470245243e-25 -1.02832376702904182e-23 3.06204476498903847e-28
1300.0 2200.0 1.05054160629564006e-20 -3.47917849049400267e-25 -9.71677593997694049e-24 2.93225507983964804e-28
1300.0 2250.0 1.00330443188151497e-20 -3.33576688081278488e-25 -9.18349233754550530e-24 2.80464991695716552e-28
1300.0 2300.0 9.58654042400935007e-21 -3.19866320755863287e-25 -8.68179188268659923e-24 2.68005471029756891e-28
1300.0 2350.0 9.16436593306724759e-21 -3.06770116794399691e-25 -8.21004326010871182e-24 2.55906804375074853e-28
1300.0 2400.0 8.76506412963365253e-21 -2.94268920858956159e-25 -7.76661356223169478e-24 2.44210833299546095e-28
1300.0 2450.0 8.38725943636856590e-21 -2.82341855755199612e-25 -7.34989371656719401e-24 2.32945153673873249e-28
1300.0 2500.0 8.02965574140342399e-21 -2.70966955923057492e-25 -6.95831670611369560e-24 2.22126158334865152e-28
1350.0 300.0 1.08997331648988392e-20 9.20120289301097455e-26 1.81216462649233076e-23 5.32011302238559898e-27
1350.0 350.0 1.23424379524608662e-20 3.61849555547536572e-25 4.06104310877496602e-23 5.15946719784557808e-27
1350.0 400.0 1.49313668345797435e-20 5.82198989222974626e-25 6.16959149720331698e-23 3.47306807963158029e-27
1350.0 450.0 1.83411419487649314e-20 6.99325401290570482e-25 7.27943717058558455e-23 1.18977162724044087e-27
1350.0 500.0 2.20295234230620951e-20 7.04649458757237449e-25 7.31292212768257387e-23 -8.99846940337611600e-28
1350.0 550.0 2.55215794165317615e-20 6.19239470348754396e-25 6.55302737320204668e-23 -2.40658031368382423e-27
1350.0 600.0 2.85089928313069986e-20 4.74864228179703628e-25 5.34923671255312995e-23 -3.26638114250022286e-27
1350.0 650.0 3.08448321902896618e-20 3.01652394551098211e-25 3.98619471137984613e-23 -3.58462131502850441e-27
1350.0 700.0 3.25005915812014009e-20 1.22795344236601896e-25 2.65276546164300695e-23 -3.51878673443798532e-27
1350.0 750.0 3.35204538320008342e-20 -4.63059568282743444e-26 1.45451045391380045e-23 -3.21656198444057653e-27
1350.0 800.0 3.39855483814175036e-20 -1.96855535982328982e-25 4.37721467335738724e-24 -2.79281048076163818e-27
1350.0 850.0 3.39900618115533423e-20 -3.24903340246362629e-25 -3.88413897374441678e-24 -2.32704865849570800e-27
1350.0 900.0 3.36270518497377639e-20 -4.29705135685897308e-25 -1.03535408094557449e-23 -1.86924900356190533e-27
1350.0 950.0 3.29810497574357712e-20 -5.12438942016017477e-25 -1.52433747344146534e-23 -1.44760587901822754e-27
1350.0 1000.0 3.21249632341046492e-20 -5.75297177105446291e-25 -1.87980562441560136e-23 -1.07554495585111016e-27
1350.0 1050.0 3.11194847098624871e-20 -6.20890830318247292e-25 -2.12575099987371735e-23 -7.57149625531048179e-28
1350.0 1100.0 3.00138260722145500e-20 -6.51884652984954062e-25 -2.28391230452525892e-23 -4.91011398207762079e-28
1350.0 1150.0 2.88470564572409141e-20 -6.70791425513953352e-25 -2.37306609518628437e-23 -2.72799930882839911e-28
1350.0 1200.0 2.76496261209807950e-20 -6.79869851561866061e-25 -2.40892749682247217e-23 -9.68919951415005565e-29
1350.0 1250.0 2.64448530906628874e-20 -6.81086584975156370e-25 -2.40436042860649000e-23 4.26494062203304500e-29
1350.0 1300.0 2.52502658451408237e-20 -6.76115717797269536e-25 -2.36972160948483596e-23 1.51524584264942286e-28
1350.0 1350.0 2.40787621023870246e-20 -6.66358458240725411e-25 -2.31324048342793074e-23 2.34918552088004570e-28
1350.0 1400.0 2.29395799296574337e-20 -6.52972241947023004e-25 -2.24138429412573055e-23 2.97388060748087743e-28
1350.0 1450.0 2.18390952783441124e-20 -6.36902857431968550e-25 -2.15918498368457829e-23 3.42844839743527955e-28
1350.0 1500.0 2.07814674879806247e-20 -6.18915962724139838e-25 -2.07051992563170071e-23 3.74590997027913325e-28
1350.0 1550.0 1.97691560488836888e-20 -5.99626119027432095e-25 -1.97834659176737278e-23 3.95379489957879276e-28
1350.0 1600.0 1.88033307635533265e-20 -5.79522525910197813e-25 -1.88489513148977656e-23 4.07483596352293329e-28
1350.0 1650.0 1.78841950073563350e-20 -5.58991257771982537e-25 -1.79182435905224348e-23 4.12766304013712836e-28
1350.0 1700.0 1.70112389412230853e-20 -5.38334138379563094e-25 -1.70034689765021806e-23 4.12744864611164014e-28
1350.0 1750.0 1.61834367307490177e-20 -5.17784557152717063e-25 -1.61132885704091754e-23 4.08648363922941842e-28
1350.0 1800.0 1.53993992912216110e-20 -4.97520596877931763e-25 -1.52536878299829036e-23 4.01467674228312349e-28
1350.0 1850.0 1.46574918860747994e-20 -4.77675851202350519e-25 -1.44285990685224845e-23 3.91997988579656422e-28
1350.0 1900.0 1.39559240652359430e-20 -4.58348288460118314e-25 -1.36403904045433574e-23 3.80874556643019546e-28
1350.0 1950.0 1.32928179134094992e-20 -4.39607482266433487e-25 -1.28902485075133554e-23 3.68602416548890073e-28
1350.0 2000.0 1.26662593460494307e-20 -4.21500488294405790e-25 -1.21784772368520321e-23 3.55580952221423319e-28
1350.0 2050.0 1.20743361989239926e-20 -4.04056605958039571e-25 -1.15047298895321665e-23 3.42124065744580284e-28
1350.0 2100.0 1.15151660643813745e-20 -3.87291226051470877e-25 -1.08681891758494769e-23 3.28476678408144004e-28
1350.0 2150.0 1.09869161968965535e-20 -3.71208931920041106e-25 -1.02677061288747945e-23 3.14828184881915482e-28
1350.0 2200.0 1.04878173109058899e-20 -3.55805992774707958e-25 -9.70190681240512577e-24 3.01323395184625787e-28
1350.0 2250.0 1.00161726991633990e-20 -3.41072363156094170e-25 -9.16927382401165934e-24 2.88071415352836616e-28
1350.0 2300.0 9.57036378856592285e-21 -3.26993281918517038e-25 -8.66820810556065884e-24 2.75152842955657115e-28
1350.0 2350.0 9.14885300531005297e-21 -3.13550546959867498e-25 -8.19707539830305364e-24 2.62625588746699548e-28
1350.0 2400.0 8.75018462850520478e-21 -3.00723527776891211e-25 -7.75424075123807749e-24 2.50529580559504234e-28
1350.0 2450.0 8.37298415997034115e-21 -2.88489966313425458e-25 -7.33809375929087730e-24 2.38890559231090325e-28
1350.0 2500.0 8.01595661909971014e-21 -2.76826607072373550e-25 -6.94706663114301413e-24 2.27723137837352095e-28
1400.0 300.0 1.09043113519057285e-20 9.12832135151618565e-26 1.83878515175537667e-23 5.32808186762096758e-27
1400.0 350.0 1.23605121607519031e-20 3.61290738503489242e-25 4.08682620134537080e-23 5.15400772651680230e-27
1400.0 400.0 1.49604335102262169e-20 5.80662900812655303e-25 6.18686892205832271e-23 3.43859154827481598e-27
1400.0 450.0 1.83760034583323226e-20 6.95375272226601757e-25 7.28523202036947756e-23 1.12927526936802932e-27
1400.0 500.0 2.20645638358007511e-20 6.97269791567735998e-25 7.30823336776628264e-23 -9.74298345463145126e-28
1400.0 550.0 2.55522524262368665e-20 6.08053864384288087e-25 6.54080105062767646e-23 -2.48252907696152337e-27
1400.0 600.0 2.85323543544083769e-20 4.60038813709077583e-25 5.33273021926481146e-23 -3.33489021813111440e-27
1400.0 650.0 3.08594533076511778e-20 2.83696194653660844e-25 3.96812822864988921e-23 -3.64083854391955745e-27
1400.0 700.0 3.25062069683989662e-20 1.02374797597498876e-25 2.63506357120096991e-23 -3.56107663398636148e-27
1400.0 750.0 3.35175688861612760e-20 -6.84988527512376247e-26 1.43835405541241190e-23 -3.24535460002913808e-27
1400.0 800.0 3.39751069810461156e-20 -2.20181292096048645e-25 4.23714320166406919e-24 -2.80964086361388987e-27
1400.0 850.0 3.39732030600828187e-20 -3.48812475014255845e-25 -4.00066758690475409e-24 -2.33389586285043374e-27
1400.0 900.0 3.36049494913174032e-20 -4.53749460941350286e-25 -1.04469761018571864e-23 -1.86813719257816468e-27
1400.0 950.0 3.29548161522763848e-20 -5.36267913875423981e-25 -1.53155718220793605e-23 -1.44039330513254887e-27
1400.0 1000.0 3.20955989139325515e-20 -5.98646942034275161e-25 -1.88515350401345078e-23 -1.06383286015946980e-27
1400.0 1050.0 3.10878577932013830e-20 -6.43570631077638407e-25 -2.12949875330448270e-23 -7.42260905286361058e-28
1400.0 1100.0 2.99806699222178392e-20 -6.73763192503187370e-25 -2.28632392443266031e-23 -4.74005955111161728e-28
1400.0 1150.0 2.88129775952499680e-20 -6.91784473509869065e-25 -2.37438333445788008e-23 -2.54506508127304148e-28
1400.0 1200.0 2.76151172012698876e-20 -6.99929602401682989e-25 -2.40936349718710749e-23 -7.79450122927180410e-29
1400.0 1250.0 2.64103077274662743e-20 -7.00192848555064704e-25 -2.40409824251435603e-23 6.17740472798223624e-29
1400.0 1300.0 2.52159934221086267e-20 -6.94268812368016752e-25 -2.36891546477628121e-23 1.70477506351134589e-28
1400.0 1350.0 2.40450015604825571e-20 -6.83573585003163444e-25 -2.31201842904663917e-23 2.53449685896955188e-28
1400.0 1400.0 2.29065120679290742e-20 -6.69275099694451087e-25 -2.23985139856035971e-23 3.15324212320052789e-28
1400.0 1450.0 2.18068534226740286e-20 -6.52326267920622903e-25 -2.15742660620464463e-23 3.60071599960114152e-28
1400.0 1500.0 2.07501465633697646e-20 -6.33497304635470361e-25 -2.06860480104973842e-23 3.91038381677302010e-28
1400.0 1550.0 1.97388201837600710e-20 -6.13405399918105986e-25 -1.97632960496898964e-23 4.11010677425736588e-28
1400.0 1600.0 1.87740195945938364e-20 -5.92540952146185217e-25 -1.88281973820634297e-23 4.22286179351659223e-28
1400.0 1650.0 1.78559288626215746e-20 -5.71290189742024192e-25 -1.78972465456637511e-23 4.26745549312632478e-28
1400.0 1700.0 1.69840230719955779e-20 -5.49954341499569012e-25 -1.69824935868710912e-23 4.25918557978839240e-28
1400.0 1750.0 1.61572647467720859e-20 -5.28765678324418664e-25 -1.60925379263916598e-23 4.21042895565152715e-28
1400.0 1800.0 1.53742559351745781e-20 -5.07900811550750053e-25 -1.52333153315394574e-23 4.13115088282730379e-28
1400.0 1850.0 1.46333552638850066e-20 -4.87491638527501634e-25 -1.44087182658538766e-23 4.02933777625379064e-28
1400.0 1900.0 1.39327674307451836e-20 -4.67634301764062826e-25 -1.36210830372841645e-23 3.91136029151390162e-28
1400.0 1950.0 1.32706110897043428e-20 -4.48396489694198518e-25 -1.28715710460910532e-23 3.78227502976735985e-28
1400.0 2000.0 1.26449698516362819e-20 -4.29823364408333864e-25 -1.21604661874005439e-23 3.64607345451137911e-28
1400.0 2050.0 1.20539301348822998e-20 -4.11942359678737635e-25 -1.14874060836701729e-23 3.50588615196457462e-28
1400.0 2100.0 1.14956088084772938e-20 -3.94767053879787960e-25 -1.08515612304847671e-23 3.36414975625877219e-28
1400.0 2150.0 1.09681729421984413e-20 -3.78300288114680888e-25 -1.02517732296028784e-23 3.22274292773442629e-28
1400.0 2200.0 1.04698534794528367e-20 -3.62536670259728289e-25 -9.68666094705019434e-24 3.08309684255790525e-28
1400.0 2250.0 9.99895425549650727e-21 -3.47464580541283939e-25 -9.15470157009694620e-24 2.94628478898807618e-28
1400.0 2300.0 9.55385747324018076e-21 -3.33067773243285875e-25 -8.65429205651532960e-24 2.81309469834027099e-28
1400.0 2350.0 9.13302650465394880e-21 -3.19326651706334649e-25 -8.18379529751475025e-24 2.68408777486074441e-28
1400.0 2400.0 8.73500669379159036e-21 -3.06219279407412774e-25 -7.74157439015540810e-24 2.55964582503183680e-28
1400.0 2450.0 8.35842468660712626e-21 -2.93722178123475040e-25 -7.32601768521481519e-24 2.44000941445567179e-28
1400.0 2500.0 8.00198669440429415e-21 -2.81810954552725273e-25 -6.93555670172083078e-24 2.32530858839234012e-28
1450.0 300.0 1.09088748237946982e-20 9.14152923755087543e-26 1.86544498270987150e-23 5.33587413380444031e-27
1450.0 350.0 1.23785804590943931e-20 3.61606574903857666e-25 4.11258452632319867e-23 5.14957896673997567e-27
1450.0 400.0 1.49894481281413398e-20 5.80110147985089192e-25 6.20398249897764696e-23 3.40751085548358615e-27
1450.0 450.0 1.84106979790569480e-20 6.92637465531156257e-25 7.29073869008163389e-23 1.07444478415261730e-27
1450.0 500.0 2.20992739499333650e-20 6.91425682666409444e-25 7.30319028871543804e-23 -1.04165553971218758e-27
1450.0 550.0 2.55824141777986440e-20 5.98772900510707147e-25 6.52821398706388518e-23 -2.55096999393012464e-27
1450.0 600.0 2.85550319369800620e-20 4.47485650390248815e-25 5.31589911299664009e-23 -3.39631979506265440e-27
1450.0 650.0 3.08732423368659536e-20 2.68343421898272867e-25 3.94979612341122733e-23 -3.69095534839776011e-27
1450.0 700.0 3.25108740065996962e-20 8.48320069418599258e-26 2.61716252700868215e-23 -3.59851987460660381e-27
1450.0 750.0 3.35136522856759561e-20 -8.76047199771456518e-26 1.42206265062130698e-23 -3.27062071406945802e-27
1450.0 800.0 3.39635809571857642e-20 -2.40275474340571743e-25 4.09628808926883899e-24 -2.82419687174351616e-27
1450.0 850.0 3.39552326900577135e-20 -3.69404756110633917e-25 -4.11750879585472121e-24 -2.33957898937110726e-27
1450.0 900.0 3.35817296304806456e-20 -4.74442911282332176e-25 -1.05403497906742572e-23 -1.86679889672714753e-27
1450.0 950.0 3.29274756125311292e-20 -5.56754436467428732e-25 -1.53874215609505684e-23 -1.43371551390062483e-27
1450.0 1000.0 3.20651505608190883e-20 -6.18696565439571142e-25 -1.89044566433293659e-23 -1.05325236084809169e-27
1450.0 1050.0 3.10551786205440319e-20 -6.63018723160657202e-25 -2.13317605034499680e-23 -7.28955527892258703e-28
1450.0 1100.0 2.99464993653138379e-20 -6.92497872314124462e-25 -2.28865533846956227e-23 -4.58912435256043969e-28
1450.0 1150.0 2.87779260364377362e-20 -7.09735312224791927e-25 -2.37561450463772410e-23 -2.38351947347795482e-28
1450.0 1200.0 2.75796794506505890e-20 -7.17058014571447959e-25 -2.40971052957931910e-23 -6.12818347290215939e-29
1450.0 1250.0 2.63748782670898738e-20 -7.16484203777325937e-25 -2.40374640467316658e-23 7.85348054362939843e-29
1450.0 1300.0 2.51808815507826424e-20 -7.09726118186962414e-25 -2.36802060367851663e-23 1.87036854472878248e-28
1450.0 1350.0 2.40104454462271721e-20 -6.98212521723506811e-25 -2.31070974653664603e-23 2.69595974526955632e-28
1450.0 1400.0 2.28726912543169312e-20 -6.83120175977559908e-25 -2.23823475627579486e-23 3.30912945726760818e-28
1450.0 1450.0 2.17738996552525337e-20 -6.65407882593025441e-25 -2.15558788237333552e-23 3.75009278430968081e-28
1450.0 1500.0 2.07181529814415027e-20 -6.45849528284359023e-25 -2.06661304294570398e-23 4.05269763777168398e-28
1450.0 1550.0 1.97078490141515508e-20 -6.25064320632095122e-25 -1.97423985636878780e-23 4.24508854534594722e-28
1450.0 1600.0 1.87441085225737272e-20 -6.03543458807259320e-25 -1.88067550115114515e-23 4.35044914071383181e-28
1450.0 1650.0 1.78270962631038486e-20 -5.81673091736987138e-25 -1.78755998955554973e-23 4.38773409087589391e-28
1450.0 1700.0 1.69562722756445411e-20 -5.59753745099584983e-25 -1.69609065057928621e-23 4.37234456694121871e-28
1450.0 1750.0 1.61305874990266435e-20 -5.38016557445860865e-25 -1.60712121969930952e-23 4.31672730204788938e-28
1450.0 1800.0 1.53486351866013961e-20 -5.16636724612736930e-25 -1.52124027935227068e-23 4.23089221650738179e-28
1450.0 1850.0 1.46087674104441793e-20 -4.95744554201360186e-25 -1.43883307583290924e-23 4.12285171163432794e-28
1450.0 1900.0 1.39091841040267261e-20 -4.75434505093920155e-25 -1.36013005129444563e-23 3.99898872864434196e-28
1450.0 1950.0 1.32480005806144476e-20 -4.55772546828289527e-25 -1.28524481671322064e-23 3.86436223751868141e-28
1450.0 2000.0 1.26232982366050851e-20 -4.36802129412755734e-25 -1.21420376694920153e-23 3.72295902084172146e-28
1450.0 2050.0 1.20331621614016142e-20 -4.18549010939114160e-25 -1.14696910130575055e-23 3.57790009581690363e-28
1450.0 2100.0 1.14757085864662625e-20 -4.01025150695870355e-25 -1.08345665422898257e-23 3.43160926004434943e-28
1450.0 2150.0 1.09491044791203514e-20 -3.84231840465194382e-25 -1.02354965031147370e-23 3.28595027661816742e-28
1450.0 2200.0 1.04515810900135143e-20 -3.68162216528671270e-25 -9.67109264626649592e-24 3.14233825496525197e-28
1450.0 2250.0 9.98144287095853037e-21 -3.52803269376907777e-25 -9.13982683459711050e-24 3.00182989832798993e-28
1450.0 2300.0 9.53707287060724757e-21 -3.38137446769596334e-25 -8.64009212845731868e-24 2.86519650398354282e-28
1450.0 2350.0 9.11693547212107027e-21 -3.24143928100899541e-25 -8.17024865462114707e-24 2.73298292491720958e-28
1450.0 2400.0 8.71957714568656184e-21 -3.10799633456944917e-25 -7.72865764145549025e-24 2.60555512753196124e-28
1450.0 2450.0 8.34362573849988445e-21 -2.98080018818333237e-25 -7.31370627560377631e-24 2.48313849958038426e-28
1450.0 2500.0 7.98778870697136487e-21 -2.85959699115854029e-25 -6.92382546266926396e-24 2.36584866425841650e-28
1500.0 300.0 1.09134657345106063e-20 9.23729604121119498e-26 1.89214383160891143e-23 5.34372145097053369e-27
1500.0 350.0 1.23966859468608502e-20 3.62771802397656219e-25 4.13832361216589052e-23 5.14632739475234928e-27
1500.0 400.0 1.50184592975699830e-20 5.80518425382949107e-25 6.22094911314198480e-23 3.37978899022857441e-27
1500.0 450.0 1.84452853955043030e-20 6.91082842603030975e-25 7.29598491794612848e-23 1.02504808513064926e-27
1500.0 500.0 2.21337294156790224e-20 6.87072437986097870e-25 7.29782739573811724e-23 -1.10229784405138905e-27
1500.0 550.0 2.56121582356999775e-20 5.91330676720404232e-25 6.51530255759488070e-23 -2.61236039050887635e-27
1500.0 600.0 2.85771369270446276e-20 4.37115384632521549e-25 5.29877759170254948e-23 -3.45114118860654195e-27
1500.0 650.0 3.08863266020815699e-20 2.55481827415365048e-25 3.93122778250090081e-23 -3.73540998531956596e-27
1500.0 700.0 3.25147332157794689e-20 7.00342650985706422e-26 2.59908560363295228e-23 -3.63149320886233990e-27
1500.0 750.0 3.35088545814900808e-20 -1.03773268209721120e-25 1.40565310295091516e-23 -3.29266255284640883e-27
1500.0 800.0 3.39511277524393194e-20 -2.57300979706723382e-25 3.95475731350619966e-24 -2.83670409681815814e-27
1500.0 850.0 3.39363121675066270e-20 -3.86852532007446359e-25 -4.23460830755688448e-24 -2.34425166557693458e-27
1500.0 900.0 3.35575552802575740e-20 -4.91963885623316718e-25 -1.06336528426707956e-23 -1.86532405802981687e-27
1500.0 950.0 3.28991906507700171e-20 -5.74080015089659599e-25 -1.54589516084348016e-23 -1.42760847491810017e-27
1500.0 1000.0 3.20337785551345589e-20 -6.35628206767133720e-25 -1.89568774281184128e-23 -1.04379524466763831e-27
1500.0 1050.0 3.10216041841091215e-20 -6.79415942411409481e-25 -2.13679069794053494e-23 -7.17190197829531126e-28
1500.0 1100.0 2.99114670741376123e-20 -7.08266656416410217e-25 -2.29091592771325684e-23 -4.45660503502664531e-28
1500.0 1150.0 2.87420494736812018e-20 -7.24817858364873858e-25 -2.37677007018223190e-23 -2.24245737365619401e-28
1500.0 1200.0 2.75434551431465456e-20 -7.31424096013771283e-25 -2.40997974637132374e-23 -4.67974823746910434e-29
1500.0 1250.0 2.63387013020526033e-20 -7.30124146744282060e-25 -2.40331644286426540e-23 9.30464809869755651e-29
1500.0 1300.0 2.51450610177475885e-20 -7.22645225102981730e-25 -2.36704868691117870e-23 2.01323528324204145e-28
1500.0 1350.0 2.39752187221333405e-20 -7.10426723311619125e-25 -2.30932604491034990e-23 2.83481486035964715e-28
1500.0 1400.0 2.28382366892929949e-20 -6.94652691655309061e-25 -2.23654578686573773e-23 3.44279224482044480e-28
1500.0 1450.0 2.17403475356465391e-20 -6.76286688839034311e-25 -2.15367994222642499e-23 3.87782000818130190e-28
1500.0 1500.0 2.06855948243323511e-20 -6.56105463524930146e-25 -2.06455542138030744e-23 4.17407134564548918e-28
1500.0 1550.0 1.96763453373944025e-20 -6.34729685177276752e-25 -1.97208770889544913e-23 4.35992931184044555e-28
1500.0 1600.0 1.87136952715358087e-20 -6.12650995885576380e-25 -1.87847234697430358e-23 4.45874959420426020e-28
1500.0 1650.0 1.77977900820290804e-20 -5.90255259377114192e-25 -1.78533983903643268e-23 4.48960839462516825e-28
1500.0 1700.0 1.69280748020007248e-20 -5.67842208240634579e-25 -1.69387979178703708e-23 4.46799031928688650e-28
1500.0 1750.0 1.61034888417932847e-20 -5.45641845525809585e-25 -1.60493970297646983e-23 4.40639702682744422e-28
1500.0 1800.0 1.53226167291482323e-20 -5.23828012488088653e-25 -1.51910314118081449e-23 4.31487221195327022e-28
1500.0 1850.0 1.45838040583370084e-20 -5.02529534145758171e-25 -1.43675134161156628e-23 4.20144651479141550e-28
1500.0 1900.0 1.38852460791380232e-20 -4.81839325321173511e-25 -1.35811155298953233e-23 4.07250984427727607e-28
1500.0 1950.0 1.32250548460152591e-20 -4.61821797933621230e-25 -1.28329485693627937e-23 3.93312009020636206e-28
1500.0 2000.0 1.26013096220885764e-20 -4.42518864703384161e-25 -1.21232565651651450e-23 3.78725733123969276e-28
1500.0 2050.0 1.20120942470144248e-20 -4.23954790128848580e-25 -1.14516459311959080e-23 3.63803207020325581e-28
1500.0 2100.0 1.14555243909776931e-20 -4.06140099114220332e-25 -1.08172629253681324e-23 3.48785512757498003e-28
1500.0 2150.0 1.09297669916656129e-20 -3.89074717967648774e-25 -1.02189305111537747e-23 3.33857582049702384e-28
1500.0 2200.0 1.04330536759963941e-20 -3.72750491839915229e-25 -9.65525340213717618e-24 3.19159406945214748e-28
1500.0 2250.0 9.96368957739792856e-21 -3.57153196767523769e-25 -9.12469821672287286e-24 3.04795116909061357e-28
1500.0 2300.0 9.52005865132377599e-21 -3.42264142849190672e-25 -8.62565419754960584e-24 2.90840315937484189e-28
1500.0 2350.0 9.10062634923979759e-21 -3.28061447171901978e-25 -8.15647878492979551e-24 2.77348004392627191e-28
1500.0 2400.0 8.70394032074605462e-21 -3.14521040369867165e-25 -7.71553141377978680e-24 2.64353351920029412e-28
1500.0 2450.0 8.32862966387923418e-21 -3.01617458636476432e-25 -7.30119817847379217e-24 2.51877539073975386e-28
1500.0 2500.0 7.97340312625720716e-21 -2.89324463170121032e-25 -6.91190943929050306e-24 2.39930844917461360e-28
1550.0 300.0 1.09181249050530074e-20 9.41379188053126554e-26 1.91888254765376780e-23 5.35184758214532100e-27
1550.0 350.0 1.24148709100452318e-20 3.64778861522072645e-25 4.16404981848752327e-23 5.14443830364967206e-27
1550.0 400.0 1.50475150448870004e-20 5.81886368162039580e-25 6.23778569271664941e-23 3.35547814639193303e-27
1550.0 450.0 1.84798248062292039e-20 6.90708621111213841e-25 7.30099759916003784e-23 9.80977134888919725e-28
1550.0 500.0 2.21680044893499022e-20 6.84198357416378571e-25 7.29217765086517566e-23 -1.15646650625733122e-27
1550.0 550.0 2.56415758859848089e-20 5.85701154427125909e-25 6.50210119422836891e-23 -2.66702341763620807e-27
1550.0 600.0 2.85987773841339098e-20 4.28884872866408556e-25 5.28139779945969409e-23 -3.49970753480889227e-27
1550.0 650.0 3.08988291316579520e-20 2.45050737917156966e-25 3.91245064693859485e-23 -3.77454492245974870e-27
1550.0 700.0 3.25179199043718730e-20 5.79046209001041030e-26 2.58085437490669451e-23 -3.66030201789716458e-27
1550.0 750.0 3.35033203391153916e-20 -1.17095479933999857e-25 1.38914088737337751e-23 -3.31173456124839138e-27
1550.0 800.0 3.39378982121132387e-20 -2.71360130057252089e-25 3.81264825772558200e-24 -2.84736150952876530e-27
1550.0 850.0 3.39165959109843737e-20 -4.01266709210974320e-25 -4.35191928585350024e-24 -2.34805891808183053e-27
1550.0 900.0 3.35325821051326865e-20 -5.06429292771694156e-25 -1.07268808744151374e-23 -1.86380875492644172e-27
1550.0 950.0 3.28701162603001150e-20 -5.88365274977233926e-25 -1.55301918710950304e-23 -1.42212593234662701e-27
1550.0 1000.0 3.20016356967899462e-20 -6.49564266883625042e-25 -1.90088540364517072e-23 -1.03547995714438414e-27
1550.0 1050.0 3.09872839235074078e-20 -6.92884871325106136e-25 -2.14035037112830707e-23 -7.06954812579263452e-28
1550.0 1100.0 2.98757182668992963e-20 -7.21191037098081004e-25 -2.29311481790048875e-23 -4.34217604915738031e-28
1550.0 1150.0 2.87054882975483755e-20 -7.37151527061834727e-25 -2.37786014705950478e-23 -2.12138158082691600e-28
1550.0 1200.0 2.75065794426192003e-20 -7.43144441236803927e-25 -2.41018188363228584e-23 -3.44295255125295184e-29
1550.0 1250.0 2.63019065354080841e-20 -7.41225910775265676e-25 -2.40281942149550199e-23 1.05380540839839658e-28
1550.0 1300.0 2.51086559600215803e-20 -7.33135630424401199e-25 -2.36601088143845536e-23 2.13415059304421143e-28
1550.0 1350.0 2.39394399528058763e-20 -7.20321709370804846e-25 -2.30787842225696935e-23 2.95187447695054406e-28
1550.0 1400.0 2.28032614329725444e-20 -7.03974052253162541e-25 -2.23479539213830071e-23 3.55506112140356074e-28
1550.0 1450.0 2.17063047419819057e-20 -6.85059923834776833e-25 -2.15171339906118223e-23 3.98473228668714682e-28
1550.0 1500.0 2.06525745495698399e-20 -6.64358187931679154e-25 -2.06244219668717583e-23 4.27533259135117937e-28
1550.0 1550.0 1.96444065783801202e-20 -6.42490467805947821e-25 -1.96988302716193895e-23 4.45544159028860447e-28
1550.0 1600.0 1.86828724387046369e-20 -6.19948525686109333e-25 -1.87621971857777901e-23 4.54855458330469427e-28
1550.0 1650.0 1.77680983035654358e-20 -5.97117759595325975e-25 -1.78307321102098278e-23 4.57384454963747137e-28
1550.0 1700.0 1.68995142408489636e-20 -5.74297036454491300e-25 -1.69162535191745654e-23 4.54686088022586403e-28
1550.0 1750.0 1.60760481890113837e-20 -5.51715231956766780e-25 -1.60271737733846050e-23 4.48014632728129656e-28
1550.0 1800.0 1.52962760162374538e-20 -5.29544900251955613e-25 -1.51692782766567256e-23 4.38376830398226099e-28
1550.0 1850.0 1.45585369103695302e-20 -5.07913493871108876e-25 -1.43463391971620193e-23 4.26576857321232125e-28
1550.0 1900.0 1.38610215111788405e-20 -4.86912523321792824e-25 -1.35605970652698547e-23 4.13253916913692541e-28
1550.0 1950.0 1.32018386881974610e-20 -4.66605002303758557e-25 -1.28131374169406281e-23 3.98913380435819252e-28
1550.0 2000.0 1.25790656438126130e-20 -4.47031477657638852e-25 -1.21041844029170425e-23 3.83952408550420539e-28
1550.0 2050.0 1.19907850381340851e-20 -4.28214897912866332e-25 -1.14333289125063055e-23 3.68680923458587663e-28
1550.0 2100.0 1.14351120472593966e-20 -4.10164533087996320e-25 -1.07997051820499600e-23 3.53338707419444428e-28
1550.0 2150.0 1.09102136430206604e-20 -3.92879122181025147e-25 -1.02021269634995187e-23 3.38109300097259395e-28
1550.0 2200.0 1.04143218887542505e-20 -3.76349393713290153e-25 -9.63919200694137299e-24 3.23131266340618725e-28
1550.0 2250.0 9.94574265595285233e-21 -3.60560078460326099e-25 -9.10936176039359435e-24 3.08507313655786960e-28
1550.0 2300.0 9.50286085964552956e-21 -3.45491511623622775e-25 -8.61102172162374963e-24 2.94311657245803774e-28
1550.0 2350.0 9.08414306878565698e-21 -3.31120903598589719e-25 -8.14252671500458375e-24 2.80595960522553713e-28
1550.0 2400.0 8.68813815811846368e-21 -3.17423343620523547e-25 -7.70223444947647549e-24 2.67394119886322890e-28
1550.0 2450.0 8.31347651896590872e-21 -3.04372588401846720e-25 -7.28852999113418763e-24 2.54726113229596276e-28
1550.0 2500.0 7.95886822949023429e-21 -2.91941677954283097e-25 -6.89984321519656117e-24 2.42601090810208146e-28
1600.0 300.0 1.09228914960712027e-20 9.66622351424906136e-26 1.94566288381772776e-23 5.36039100375466352e-27
1600.0 350.0 1.24331763710606174e-20 3.67584985129118581e-25 4.18977008309570346e-23 5.14395832333529076e-27
1600.0 400.0 1.50766622398394615e-20 5.84169324455587753e-25 6.25450897449436130e-23 3.33445020632181403e-27
1600.0 450.0 1.85143738450294752e-20 6.91459271560053448e-25 7.30580260448942974e-23 9.41930771759319831e-28
1600.0 500.0 2.22021712806347141e-20 6.82729580913926770e-25 7.28627235927643788e-23 -1.20458255019712407e-27
1600.0 550.0 2.56707553433390851e-20 5.81787842829378934e-25 6.48864233727968524e-23 -2.71543227009206963e-27
1600.0 600.0 2.86200572758938611e-20 4.22673920870774395e-25 5.26378983072721870e-23 -3.54248535799567729e-27
1600.0 650.0 3.09108678669991397e-20 2.36907692276115570e-25 3.89349025416082557e-23 -3.80877906998576406e-27
1600.0 700.0 3.25205634058078874e-20 4.82813691695066150e-26 2.56248878045800593e-23 -3.68529465647191156e-27
1600.0 750.0 3.34971874121756380e-20 -1.27748509210529049e-25 1.37254017037041368e-23 -3.32810582885655972e-27
1600.0 800.0 3.39240358994038534e-20 -2.82641557733082773e-25 3.67004856639757337e-24 -2.85635989374780988e-27
1600.0 850.0 3.38962306497679373e-20 -4.12843633149418117e-25 -4.46940149323884743e-24 -2.35111990701314363e-27
1600.0 900.0 3.35069578215259670e-20 -5.18039840268848953e-25 -1.08200333233870886e-23 -1.86231001141667693e-27
1600.0 950.0 3.28403993559541012e-20 -5.99812437197562383e-25 -1.56011737232272331e-23 -1.41727313042867125e-27
1600.0 1000.0 3.19688666837066978e-20 -6.60706145716680474e-25 -1.90604426523867717e-23 -1.02827002040577317e-27
1600.0 1050.0 3.09523592390342230e-20 -7.03624235556807226e-25 -2.14386254632172071e-23 -6.98180306165102590e-28
1600.0 1100.0 2.98393902525931114e-20 -7.31465640037037197e-25 -2.29526081840799805e-23 -4.24490024781943960e-28
1600.0 1150.0 2.86683751706543024e-20 -7.46925783936974209e-25 -2.37889444708883916e-23 -2.01917534669455214e-28
1600.0 1200.0 2.74691800037166902e-20 -7.52402600061959754e-25 -2.41032721039136057e-23 -2.40538310443762051e-29
1600.0 1250.0 2.62646164059252948e-20 -7.49966622067978991e-25 -2.40226589532251794e-23 1.15669138284348366e-28
1600.0 1300.0 2.50717835123623041e-20 -7.41367727214757271e-25 -2.36491781819080986e-23 2.23448101759469207e-28
1600.0 1350.0 2.39032209724698241e-20 -7.28060986347651560e-25 -2.30637742703580390e-23 3.04852269381335377e-28
1600.0 1400.0 2.27678720911891867e-20 -7.11240844890174456e-25 -2.23299392059024125e-23 3.64731667538927725e-28
1600.0 1450.0 2.16718727740597000e-20 -6.91877314530049473e-25 -2.14969831674348807e-23 4.07219083182102556e-28
1600.0 1500.0 2.06191887088885331e-20 -6.70750695932136944e-25 -2.06028308930427490e-23 4.35781152510719271e-28
1600.0 1550.0 1.96121245228840671e-20 -6.48483107858344107e-25 -1.96763514955252841e-23 4.53291611004002781e-28
1600.0 1600.0 1.86517272412539485e-20 -6.25566144873638323e-25 -1.87392654922278536e-23 4.62110967886064864e-28
1600.0 1650.0 1.77381037820798958e-20 -6.02384582149081099e-25 -1.78076862243816561e-23 4.64163927746161314e-28
1600.0 1700.0 1.68706692928027865e-20 -5.79236362683366185e-25 -1.68933542928269496e-23 4.61010201401241324e-28
1600.0 1750.0 1.60483402960033617e-20 -5.56349250332442701e-25 -1.60046192680485492e-23 4.53906911327498433e-28
1600.0 1800.0 1.52696840629383333e-20 -5.33894581705384457e-25 -1.51472161765437737e-23 4.43862256582285193e-28
1600.0 1850.0 1.45330334409277435e-20 -5.11998545064858732e-25 -1.43248769632861663e-23 4.31680882177406157e-28
1600.0 1900.0 1.38365745265625263e-20 -4.90751381549322138e-25 -1.35398102022447763e-23 4.18001769416309287e-28
1600.0 1950.0 1.31784130705155938e-20 -4.70214859133508699e-25 -1.27930761770131767e-23 4.03329597320560264e-28
1600.0 2000.0 1.25566242786252288e-20 -4.50428321815703259e-25 -1.20848792047072325e-23 3.88060526493885557e-28
1600.0 2050.0 1.19692896930118181e-20 -4.31413570438372236e-25 -1.14147947080470811e-23 3.72503289691416622e-28
1600.0 2100.0 1.14145240541504747e-20 -4.13178789700372031e-25 -1.07819449666657195e-23 3.56896375933652310e-28
1600.0 2150.0 1.08904944231456200e-20 -3.95721699221782323e-25 -1.01851345892075004e-23 3.41421988952409428e-28
1600.0 2200.0 1.03954333514377880e-20 -3.79032075085062965e-25 -9.62295443133542404e-24 3.26217357868619845e-28
1600.0 2250.0 9.92764749683465996e-21 -3.63093761771999609e-25 -9.09386083886919451e-24 3.11383884100971714e-28
1600.0 2300.0 9.48552277882585117e-21 -3.47886272329932903e-25 -8.59623563083058928e-24 2.96994525934200436e-28
1600.0 2350.0 9.06752692550294969e-21 -3.33386056348606651e-25 -8.12843107893688259e-24 2.83099751320789281e-28
1600.0 2400.0 8.67221007532220434e-21 -3.19567500338564682e-25 -7.68880322612924165e-24 2.69732329703712073e-28
1600.0 2450.0 8.29820394854699551e-21 -3.06403712848163872e-25 -7.27573616663654770e-24 2.56911183804130382e-28
1600.0 2500.0 7.94421998680925287e-21 -2.93867136671470026e-25 -6.88765934337559998e-24 2.44644481124488339e-28
1650.0 300.0 1.09278029607014423e-20 9.99263040242136148e-26 1.97248733127164647e-23 5.36951082072468695e-27
1650.0 350.0 1.24516419626083083e-20 3.71178257998236033e-25 4.21549177909209518e-23 5.14501841221250252e-27
1650.0 400.0 1.51059464114780120e-20 5.87359424134698408e-25 6.27113541917512406e-23 3.31672727901652230e-27
1650.0 450.0 1.85489884721298068e-20 6.93324718389698231e-25 7.31042476610535101e-23 9.07799447924199569e-28
1650.0 500.0 2.22362995529164066e-20 6.82647684517741408e-25 7.28014121737405321e-23 -1.24686405712669858e-27
1650.0 550.0 2.56997815871536993e-20 5.79559592444199245e-25 6.47495652676230859e-23 -2.75787019068645431e-27
1650.0 600.0 2.86410763663446770e-20 4.18436511683447595e-25 5.24598184457846793e-23 -3.57977950234782707e-27
1650.0 650.0 3.09225556100059022e-20 2.30991621507182848e-25 3.87437035810559433e-23 -3.83840504207334845e-27
1650.0 700.0 3.25227870848926953e-20 4.10895926503626557e-26 2.54400723977281321e-23 -3.70672978106823260e-27
1650.0 750.0 3.34905870027605751e-20 -1.35819106862516641e-25 1.35586391091891013e-23 -3.34198992741991145e-27
1650.0 800.0 3.39096772022100634e-20 -2.91241483252113106e-25 3.52703699116388821e-24 -2.86386440795055010e-27
1650.0 850.0 3.38753555686947142e-20 -4.21686600247615653e-25 -4.58702061585458202e-24 -2.35355308938957253e-27
1650.0 900.0 3.34808223722482245e-20 -5.26903671103550750e-25 -1.09131129353983775e-23 -1.86090413794485655e-27
1650.0 950.0 3.28101789704673875e-20 -6.08532527215120650e-25 -1.56719296395745238e-23 -1.41309008007550124e-27
1650.0 1000.0 3.19356083233612681e-20 -6.69166090022317919e-25 -1.91116987594291340e-23 -1.02217528743960380e-27
1650.0 1050.0 3.09169637126628050e-20 -7.11746143560089576e-25 -2.14733448739332257e-23 -6.90852225425056570e-28
1650.0 1100.0 2.98026126567875245e-20 -7.39201354409881312e-25 -2.29736241670227392e-23 -4.16444264266074730e-28
1650.0 1150.0 2.86308352545134253e-20 -7.54249463373756273e-25 -2.37988227899089449e-23 -1.93535871188614613e-28
1650.0 1200.0 2.74313771968638598e-20 -7.59304725777902318e-25 -2.41042553477152563e-23 -1.56117299421884348e-29
1650.0 1250.0 2.62269463090107499e-20 -7.56449300492246268e-25 -2.40166591939505874e-23 1.23978469526070236e-28
1650.0 1300.0 2.50345540224795169e-20 -7.47441091467173066e-25 -2.36377960478107950e-23 2.31493836725180362e-28
1650.0 1350.0 2.38666670933170514e-20 -7.33740489673148585e-25 -2.30483307272079527e-23 3.12550094309256351e-28
1650.0 1400.0 2.27321690161762262e-20 -7.16545257621625859e-25 -2.23115118331078654e-23 3.72031410522059386e-28
1650.0 1450.0 2.16371471458858943e-20 -6.96827264738834206e-25 -2.14764422634548429e-23 4.14095236551524743e-28
1650.0 1500.0 2.05855281323447331e-20 -6.75367623826156233e-25 -2.05808729673980328e-23 4.42225709495819369e-28
1650.0 1550.0 1.95795854931804446e-20 -6.52788531179250564e-25 -1.96535290520639237e-23 4.59308712266049459e-28
1650.0 1600.0 1.86203416834798836e-20 -6.29581155587660537e-25 -1.87160127929960024e-23 4.67712940975722756e-28
1650.0 1650.0 1.77078844010090357e-20 -6.06129513451552224e-25 -1.77843411552081755e-23 4.69368385926339226e-28
1650.0 1700.0 1.68416139201085378e-20 -5.82730580151743912e-25 -1.68701766678201227e-23 4.65837940732849389e-28
1650.0 1750.0 1.60204354024818880e-20 -5.59611032570816094e-25 -1.59818059984212968e-23 4.58380404704651913e-28
1650.0 1800.0 1.52429075814732505e-20 -5.36941064646899311e-25 -1.51249137447151381e-23 4.48004591187470613e-28
1650.0 1850.0 1.45073570243302385e-20 -5.14845710801655605e-25 -1.43031916200280907e-23 4.35515024220622802e-28
1650.0 1900.0 1.38119653445485710e-20 -4.93414077612193611e-25 -1.35188162630670498e-23 4.21550068862454333e-28
1650.0 1950.0 1.31548352324378340e-20 -4.72706837934141758e-25 -1.27728227459154370e-23 4.06613467322443845e-28
1650.0 2000.0 1.25340399534088530e-20 -4.52762292790821391e-25 -1.20653956054330482e-23 3.91100248929046894e-28
1650.0 2050.0 1.19476599848390991e-20 -4.33601259537239684e-25 -1.13960948584400592e-23 3.75317910766970579e-28
1650.0 2100.0 1.13938096816927482e-20 -4.15231002410490630e-25 -1.07640308921395722e-23 3.59503665251241666e-28
1650.0 2150.0 1.08706562412108552e-20 -3.97648384474919642e-25 -1.01679992371251980e-23 3.43838442474650903e-28
1650.0 2200.0 1.03764327465542653e-20 -3.80842388224082544e-25 -9.60658391905755665e-24 3.28458230483241740e-28
1650.0 2250.0 9.90944668228636879e-21 -3.64796125372973241e-25 -9.07823624393693255e-24 3.13463241386413923e-28
1650.0 2300.0 9.46808500974988703e-21 -3.49488434117132003e-25 -8.58133441159111540e-24 2.98925307628893313e-28
1650.0 2350.0 9.05081665066709218e-21 -3.34895143758553851e-25 -8.11422819734947021e-24 2.84893841141440933e-28
1650.0 2400.0 8.65619303897427219e-21 -3.20990071515873379e-25 -7.67527203089321934e-24 2.71400627739081464e-28
1650.0 2450.0 8.28284725309766871e-21 -3.07745804013578220e-25 -7.26284908372107629e-24 2.58463678871431236e-28
1650.0 2500.0 7.92949212499318431e-21 -2.95134305911310974e-25 -6.87538841200587179e-24 2.46090321325006145e-28
1700.0 300.0 1.09328951768962608e-20 1.03867374203672809e-25 1.99935900486361873e-23 5.37926250796521238e-27
1700.0 350.0 1.24703060128549767e-20 3.75496366171512379e-25 4.24122264937500502e-23 5.14756085174288341e-27
1700.0 400.0 1.51354118203305905e-20 5.91387046114000707e-25 6.28768122703546652e-23 3.30207197909712345e-27
1700.0 450.0 1.85837230745669668e-20 6.96219258974762188e-25 7.31488797212379295e-23 8.78185565386036766e-28
1700.0 500.0 2.22704568860868183e-20 6.83844368777433611e-25 7.27381246332387593e-23 -1.28380523906844627e-27
1700.0 550.0 2.57287366076171833e-20 5.78882463434835593e-25 6.46107258032422916e-23 -2.79485763557190883e-27
1700.0 600.0 2.86619305524637102e-20 4.16013245611140836e-25 5.22800024507882047e-23 -3.61208012685375711e-27
1700.0 650.0 3.09340004466142861e-20 2.27120175946763202e-25 3.85511309441393819e-23 -3.86384625885074039e-27
1700.0 700.0 3.25247088378952715e-20 3.61278478373952490e-26 2.52542679202714410e-23 -3.72494601420395250e-27
1700.0 750.0 3.34836442240865655e-20 -1.41523414883380295e-25 1.33912397067822735e-23 -3.35363631971531766e-27
1700.0 800.0 3.38949519433871164e-20 -2.97386372770396597e-25 3.38368419417573074e-24 -2.87003980508638725e-27
1700.0 850.0 3.38541029515412345e-20 -4.28028384442350272e-25 -4.70474773627531833e-24 -2.35544781489765322e-27
1700.0 900.0 3.34543085900638304e-20 -5.33256376879698504e-25 -1.10061254786393830e-23 -1.85961645151017417e-27
1700.0 950.0 3.27795869271144909e-20 -6.14761045494466924e-25 -1.57424931114071030e-23 -1.40954972229962915e-27
1700.0 1000.0 3.19019902053745276e-20 -6.75177167839993952e-25 -1.91626772199844540e-23 -1.01712724734056758e-27
1700.0 1050.0 3.08812237733342392e-20 -7.17479406279844771e-25 -2.15077326641799115e-23 -6.84870296406688623e-28
1700.0 1100.0 2.97655080739828477e-20 -7.44621358789555929e-25 -2.29942780878970874e-23 -4.09956562865192894e-28
1700.0 1150.0 2.85929868448030804e-20 -7.59339114815848340e-25 -2.38083258593490706e-23 -1.86852797525412186e-28
1700.0 1200.0 2.73932847234382601e-20 -7.64060053031740638e-25 -2.41048624648432502e-23 -8.95183298174848900e-30
1700.0 1250.0 2.61890051897682144e-20 -7.60875430831265474e-25 -2.40102909476644216e-23 1.30466481507203196e-28
1700.0 1300.0 2.49970716207341072e-20 -7.51549221389200296e-25 -2.36260587305552612e-23 2.37713268170698366e-28
1700.0 1350.0 2.38298776511961733e-20 -7.37545648674501564e-25 -2.30325488612389801e-23 3.18442282158554178e-28
1700.0 1400.0 2.26962468280773545e-20 -7.20064686738866807e-25 -2.22927650225913859e-23 3.77565009170782387e-28
1700.0 1450.0 2.16022178831833257e-20 -7.00079262244147515e-25 -2.14556017376362521e-23 4.19258145886871001e-28
1700.0 1500.0 2.05516784022829984e-20 -6.78370740444831261e-25 -2.05586354008018121e-23 4.47019078253072166e-28
1700.0 1550.0 1.95468707991003085e-20 -6.55561023444831680e-25 -1.96304465909651154e-23 4.63742537059143322e-28
1700.0 1600.0 1.85887929857199354e-20 -6.32140627607415750e-25 -1.86925189975867403e-23 4.71802873623114721e-28
1700.0 1650.0 1.76775134805115289e-20 -6.08492694587303373e-25 -1.77607729945015576e-23 4.73133445101871185e-28
1700.0 1700.0 1.68124177339354596e-20 -5.84913199510726609e-25 -1.68467929168304373e-23 4.69298894050563249e-28
1700.0 1750.0 1.59923996004212082e-20 -5.61627761429473541e-25 -1.59588024724966088e-23 4.61558643762572095e-28
1700.0 1800.0 1.52160093306287856e-20 -5.38805505652740221e-25 -1.51024358191308890e-23 4.50921366286350710e-28
1700.0 1850.0 1.44815672667063832e-20 -5.16570418575688554e-25 -1.42813444579757377e-23 4.38190939455663644e-28
1700.0 1900.0 1.37872505925046065e-20 -4.95010599663389860e-25 -1.34976731322467754e-23 4.24004764080985365e-28
1700.0 1950.0 1.31311589890933849e-20 -4.74185767965079092e-25 -1.27524317548390506e-23 4.08865432838314901e-28
1700.0 2000.0 1.25113638297639029e-20 -4.54133330799203071e-25 -1.20457851417708570e-23 3.93166733368201306e-28
1700.0 2050.0 1.19259445723947958e-20 -4.34873274816367705e-25 -1.13772779666281520e-23 3.77214893176970061e-28
1700.0 2100.0 1.13730152285285474e-20 -4.16412096787373974e-25 -1.07460087874456641e-23 3.61245870561635327e-28
1700.0 2150.0 1.08507431704887268e-20 -3.98745954014743105e-25 -1.01507641188300877e-23 3.45439385256158554e-28
1700.0 2200.0 1.03573620490568423e-20 -3.81863182270758517e-25 -9.59012121613557695e-24 3.29930276255617768e-28
1700.0 2250.0 9.89118020854302098e-21 -3.65746302249226354e-25 -9.06252640214589715e-24 3.14817677873611722e-28
1700.0 2300.0 9.45058568238812130e-21 -3.50373613127571293e-25 -8.56635431060703811e-24 3.00172420654752129e-28
1700.0 2350.0 9.03404861362875211e-21 -3.35720453360590732e-25 -8.09995226989519317e-24 2.86042991525674261e-28
1700.0 2400.0 8.64012175698396819e-21 -3.21760193673609487e-25 -7.66167314217029985e-24 2.72460326756533584e-28
1700.0 2450.0 8.26743957214907549e-21 -3.08465014848933393e-25 -7.24989921831457600e-24 2.59441660701987823e-28
1700.0 2500.0 7.91471630249421699e-21 -2.95806512828742750e-25 -6.86305920639858340e-24 2.46993611536820155e-28
1750.0 300.0 1.09382016661758902e-20 1.08487442635860392e-25 2.02628137857057730e-23 5.38979559240040575e-27
1750.0 350.0 1.24892045956373850e-20 3.80549661247787700e-25 4.26697039756395440e-23 5.15175743728659261e-27
1750.0 400.0 1.51651002764052649e-20 5.96270157456451556e-25 6.30416183126865437e-23 3.29060731052273564e-27
1750.0 450.0 1.86186290238933243e-20 7.00164900670542570e-25 7.31921464564103598e-23 8.53124717037590910e-28
1750.0 500.0 2.23047069850072977e-20 6.86341148450777273e-25 7.26731240991615674e-23 -1.31545918428084732e-27
1750.0 550.0 2.57576975026071659e-20 5.79773517186618404e-25 6.44701721801674398e-23 -2.82651514845953435e-27
1750.0 600.0 2.86827097993880018e-20 4.15414055573010869e-25 5.20986941019069578e-23 -3.63954719406074423e-27
1750.0 650.0 3.09453035718236464e-20 2.25294843534996436e-25 3.83573880913108614e-23 -3.88527684997534557e-27
1750.0 700.0 3.25264388543004181e-20 3.33889656193819466e-26 2.50676301183498743e-23 -3.74011299885216192e-27
1750.0 750.0 3.34764758386482153e-20 -1.44876714593645944e-25 1.32233110110820370e-23 -3.36319841406029490e-27
1750.0 800.0 3.38799811270305069e-20 -3.01098635809518541e-25 3.24005317809482972e-24 -2.87501717758071276e-27
1750.0 850.0 3.38325959598578109e-20 -4.31897343222197890e-25 -4.82255848276303760e-24 -2.35691082644291861e-27
1750.0 900.0 3.34275400271141906e-20 -5.37131051314405438e-25 -1.10990785882102016e-23 -1.85852990258885344e-27
1750.0 950.0 3.27487457325321392e-20 -6.18534678832174441e-25 -1.58128972801652339e-23 -1.40671324516451638e-27
1750.0 1000.0 3.18681326663487469e-20 -6.78778637405317349e-25 -1.92134307719818387e-23 -1.01316805218527772e-27
1750.0 1050.0 3.08452567391626178e-20 -7.20864974624066507e-25 -2.15418560533133068e-23 -6.80260559877767005e-28
1750.0 1100.0 2.97281901900795218e-20 -7.47767562711435882e-25 -2.30146473718754618e-23 -4.05039678413570141e-28
1750.0 1150.0 2.85549395750649253e-20 -7.62237007922766548e-25 -2.38175378303912178e-23 -1.81870364546701408e-28
1750.0 1200.0 2.73550079003356622e-20 -7.66710734053942281e-25 -2.41051815621324736e-23 -4.06774019844229996e-30
1750.0 1250.0 2.61508939070422003e-20 -7.63286674778026585e-25 -2.40036441144379602e-23 1.35146102627793983e-28
1750.0 1300.0 2.49594326615558568e-20 -7.53733003098862659e-25 -2.36140562678219132e-23 2.42124248209550673e-28
1750.0 1350.0 2.37929445218323469e-20 -7.39516361780052909e-25 -2.30165176060186782e-23 3.22550290709381987e-28
1750.0 1400.0 2.26601930030793994e-20 -7.21837890363079206e-25 -2.22737856947427068e-23 3.81356458811121359e-28
1750.0 1450.0 2.15671681803612896e-20 -7.01670820178588767e-25 -2.14345458519452056e-23 4.22733488680965549e-28
1750.0 1500.0 2.05177185759752803e-20 -6.79796247432909662e-25 -2.05361993583147095e-23 4.50187941028565348e-28
1750.0 1550.0 1.95140555231650023e-20 -6.56835438389713804e-25 -1.96071819021437039e-23 4.66620241891369665e-28
1750.0 1600.0 1.85571524288286785e-20 -6.33278053755103731e-25 -1.86688583653152607e-23 4.74407986146026013e-28
1750.0 1650.0 1.76470586782043208e-20 -6.09506262468773659e-25 -1.77370524084345946e-23 4.75486076188947275e-28
1750.0 1700.0 1.67831449483991910e-20 -5.85815020399191275e-25 -1.68232701196510003e-23 4.71419547855691072e-28
1750.0 1750.0 1.59642938384924284e-20 -5.62428928039364313e-25 -1.59356722412180932e-23 4.63467458044719257e-28
1750.0 1800.0 1.51890471678541587e-20 -5.39516123450734093e-25 -1.50798425157377241e-23 4.52637631513194512e-28
1750.0 1850.0 1.44557191031451219e-20 -5.17199655946981267e-25 -1.42593922770726244e-23 4.39732813774269984e-28
1750.0 1900.0 1.37624824456240053e-20 -4.95566748724240444e-25 -1.34764344292658121e-23 4.25389124035584826e-28
1750.0 1950.0 1.31074339111941658e-20 -4.74676310376336058e-25 -1.27319537883418753e-23 4.10107816546722077e-28
1750.0 2000.0 1.24886430219152884e-20 -4.54565004775124508e-25 -1.20260955139413192e-23 3.94281345209717919e-28
1750.0 2050.0 1.19041882538362365e-20 -4.35252140834014742e-25 -1.13583890004379075e-23 3.78214648039730388e-28
1750.0 2100.0 1.13521833095895420e-20 -4.16743600426655506e-25 -1.07279210386018912e-23 3.62142462223916793e-28
1750.0 2150.0 1.08307957680782133e-20 -3.99034985007534585e-25 -1.01334691857978411e-23 3.46243368183170489e-28
1750.0 2200.0 1.03382598763533593e-20 -3.82114129283186874e-25 -9.57360398207572519e-24 3.30651153475878382e-28
1750.0 2250.0 9.87288486447012874e-21 -3.65963103224685252e-25 -9.04676681798846863e-24 3.15463990013332536e-28
1750.0 2300.0 9.43305986152006645e-21 -3.50559801218706743e-25 -8.55132880810590516e-24 3.00751832922705551e-28
1750.0 2350.0 9.01725625316073217e-21 -3.35879198607032740e-25 -8.08563487675636956e-24 2.86562376647361951e-28
1750.0 2400.0 8.62402813415246903e-21 -3.21894340659806154e-25 -7.64803635765133403e-24 2.72925842697341473e-28
1750.0 2450.0 8.25201136285629261e-21 -3.08577116619001255e-25 -7.23691469651936033e-24 2.59858822598225486e-28
1750.0 2500.0 7.89992160976452361e-21 -2.95898861354391932e-25 -6.85069828542712069e-24 2.47367357644308714e-28
1800.0 300.0 1.09437541196078553e-20 1.13726873387823065e-25 2.05325826931599678e-23 5.40112761610959207e-27
1800.0 350.0 1.25083720754664020e-20 3.86277258158024654e-25 4.29274279174784758e-23 5.15752390028692289e-27
1800.0 400.0 1.51950517726704866e-20 6.01939800740542701e-25 6.32059214558820007e-23 3.28209287998585766e-27
1800.0 450.0 1.86537554621817119e-20 7.05077086059073027e-25 7.32342609801031542e-23 8.32241011038584113e-28
1800.0 500.0 2.23391106562826082e-20 6.90032454357016466e-25 7.26066584445825898e-23 -1.34227975636250500e-27
1800.0 550.0 2.57867376546150040e-20 5.82103849599765699e-25 6.43281545533887471e-23 -2.85331274605791163e-27
1800.0 600.0 2.87034995040237861e-20 4.16487185211178947e-25 5.19161204068477878e-23 -3.66261814239175570e-27
1800.0 650.0 3.09565608121462715e-20 2.25343487467376347e-25 3.81626634306855601e-23 -3.90307092754784796e-27
1800.0 700.0 3.25280812636163480e-20 3.26840198298176442e-26 2.48803022195127699e-23 -3.75252688530972768e-27
1800.0 750.0 3.34691919936834041e-20 -1.46080713642851594e-25 1.30549508628242864e-23 -3.37089160034598046e-27
1800.0 800.0 3.38648787292498509e-20 -3.02588817954789366e-25 3.09620008384778563e-24 -2.87893586517796516e-27
1800.0 850.0 3.38109504497730837e-20 -4.33509265628855215e-25 -4.94043277005492899e-24 -2.35801417900550316e-27
1800.0 900.0 3.34006327732435948e-20 -5.38745619789628161e-25 -1.11919819480759615e-23 -1.85765966963435725e-27
1800.0 950.0 3.27177703768601162e-20 -6.20070910101933750e-25 -1.58831754679930954e-23 -1.40454948202216796e-27
1800.0 1000.0 3.18341485565121637e-20 -6.80185470911888695e-25 -1.92640108254052121e-23 -1.01022998567788509e-27
1800.0 1050.0 3.08091725391063009e-20 -7.22113703998303214e-25 -2.15757797512060603e-23 -6.76927395522420993e-28
1800.0 1100.0 2.96907654508042579e-20 -7.48845498990673992e-25 -2.30348060379902999e-23 -4.01577446911464627e-28
1800.0 1150.0 2.85167960262925655e-20 -7.63142483311458396e-25 -2.38265387919051702e-23 -1.78457965077325869e-28
1800.0 1200.0 2.73166452072087600e-20 -7.67449323356825242e-25 -2.41052962261836675e-23 -8.19351061852895974e-31
1800.0 1250.0 2.61127067164807870e-20 -7.63868428543285400e-25 -2.39968037764989103e-23 1.38162982829330272e-28
1800.0 1300.0 2.49217271417950212e-20 -7.54170477540890792e-25 -2.36018737092990992e-23 2.44874885754097468e-28
1800.0 1350.0 2.37559534748959535e-20 -7.39823253930710582e-25 -2.30003208367210156e-23 3.25022306230842513e-28
1800.0 1400.0 2.26240891643498355e-20 -7.22028120791018765e-25 -2.22546557179785671e-23 3.83552220599979267e-28
1800.0 1450.0 2.15320756300043260e-20 -7.01757939571742667e-25 -2.14133538809052179e-23 4.24664665569919898e-28
1800.0 1500.0 2.04837223557036783e-20 -6.79793073027850051e-25 -2.05136411251236888e-23 4.51871675082946725e-28
1800.0 1550.0 1.94812096335400680e-20 -6.56753850425175075e-25 -1.95838080342224666e-23 4.68076512060717989e-28
1800.0 1600.0 1.85254864124447121e-20 -6.33128901014971322e-25 -1.86451005742876806e-23 4.75657833560359347e-28
1800.0 1650.0 1.76165829952396965e-20 -6.09299340313327889e-25 -1.77132456561186182e-23 4.76550444080554859e-28
1800.0 1700.0 1.67538553369651901e-20 -5.85559095342503952e-25 -1.67996711314354317e-23 4.72318553990854886e-28
1800.0 1750.0 1.59361748313025919e-20 -5.62131790738185963e-25 -1.59124748171542862e-23 4.64219967196152175e-28
1800.0 1800.0 1.51620749137829276e-20 -5.39184657617359967e-25 -1.50571900988402775e-23 4.53261032697977253e-28
1800.0 1850.0 1.44298636198692212e-20 -5.16839914740835573e-25 -1.42373882102992624e-23 4.40242934420828986e-28
1800.0 1900.0 1.37377094090434213e-20 -4.95184033041961180e-25 -1.34551502874136992e-23 4.25800233256298763e-28
1800.0 1950.0 1.30837060692932197e-20 -4.74275245469927328e-25 -1.27114361203235199e-23 4.10432684152574251e-28
1800.0 2000.0 1.24659213052011220e-20 -4.54149613022311383e-25 -1.20063712808853762e-23 3.94531333467312214e-28
1800.0 2050.0 1.18824326414002362e-20 -4.34825909439855278e-25 -1.13394699490420302e-23 3.78399820547782858e-28
1800.0 2100.0 1.13313534989039279e-20 -4.16309543478966590e-25 -1.07098072084866678e-23 3.62271699494350828e-28
1800.0 2150.0 1.08108516875952894e-20 -3.98595699732468417e-25 -1.01161517146019838e-23 3.46324483165272844e-28
1800.0 2200.0 1.03191620725591548e-20 -3.81671846618270133e-25 -9.55706734241692849e-24 3.30691002797883934e-28
1800.0 2250.0 9.85459478896712684e-21 -3.65519732991256141e-25 -9.03099059570027616e-24 3.15468578459938022e-28
1800.0 2300.0 9.41554007877597337e-21 -3.50116972268680721e-25 -8.53628911070326378e-24 3.00726409848333877e-28
1800.0 2350.0 9.00047058554501162e-21 -3.35438294362396534e-25 -8.07130544429551153e-24 2.86511523811909003e-28
1800.0 2400.0 8.60794175762533792e-21 -3.21456530475704177e-25 -7.63438943439769848e-24 2.72853553521288145e-28
1800.0 2450.0 8.23659086405288740e-21 -3.08143383392528449e-25 -7.22392171066698954e-24 2.59768573152412859e-28
1800.0 2500.0 7.88513501307738133e-21 -2.95470025780174586e-25 -6.83833037501572453e-24 2.47262169877286895e-28
1850.0 300.0 1.09495820089909762e-20 1.19514697381668660e-25 2.08029366773114287e-23 5.41323411412162070e-27
1850.0 350.0 1.25278406159897310e-20 3.92604298851516037e-25 4.31854742623243418e-23 5.16471294391496180e-27
1850.0 400.0 1.52253038645721100e-20 6.08309539946840070e-25 6.33698629477957838e-23 3.27621322663826283e-27
1850.0 450.0 1.86891485488107754e-20 7.10849993309071882e-25 7.32754227406753154e-23 8.15084140551634022e-28
1850.0 500.0 2.23737249380873686e-20 6.94787954183612156e-25 7.25389581918955839e-23 -1.36478519813053224e-27
1850.0 550.0 2.58159257699449146e-20 5.85716930379656468e-25 6.41849045103825235e-23 -2.87577017662366898e-27
1850.0 600.0 2.87243794725180842e-20 4.19051156060550673e-25 5.17324906460525244e-23 -3.68176458951059679e-27
1850.0 650.0 3.09678615680160437e-20 2.27062905009280512e-25 3.79671298549722549e-23 -3.91762249879628237e-27
1850.0 700.0 3.25297330649079206e-20 3.37923350241042820e-26 2.46924148645307156e-23 -3.76249166998189272e-27
1850.0 750.0 3.34618951551665833e-20 -1.45369011347027209e-25 1.28862476598727111e-23 -3.37692952072009352e-27
1850.0 800.0 3.38497506494193221e-20 -3.02099077504746260e-25 2.95217463782375759e-24 -2.88192615365225175e-27
1850.0 850.0 3.37892739495650771e-20 -4.33110959649841827e-25 -5.05835420304202908e-24 -2.35881552702127698e-27
1850.0 900.0 3.33736944660104375e-20 -5.38348206936972414e-25 -1.12848465975378598e-23 -1.85700278040339481e-27
1850.0 950.0 3.26867673800303953e-20 -6.19616446994630097e-25 -1.59533604259917535e-23 -1.40300662353546022e-27
1850.0 1000.0 3.18001423244378324e-20 -6.79640791641991716e-25 -1.93144666809671934e-23 -1.00822316511603835e-27
1850.0 1050.0 3.07730728370374103e-20 -7.21463470145391079e-25 -2.16095651679843270e-23 -6.74752224181770271e-28
1850.0 1100.0 2.96533322252072647e-20 -7.48086564675039140e-25 -2.30548239145337255e-23 -3.99430496158341513e-28
1850.0 1150.0 2.84786509292996096e-20 -7.62279587704755619e-25 -2.38354040016322346e-23 -1.76461930824922998e-28
1850.0 1200.0 2.72782875267328079e-20 -7.66491938286823845e-25 -2.41052847771482642e-23 9.56065315815737009e-31
1850.0 1250.0 2.60745305474529936e-20 -7.62828534692764498e-25 -2.39898494790129468e-23 1.39684773858706169e-28
1850.0 1300.0 2.48840380128684813e-20 -7.53061050519438743e-25 -2.35895904271158113e-23 2.46134530080044383e-28
1850.0 1350.0 2.37189835198509563e-20 -7.38657273782320696e-25 -2.29840367116164860e-23 3.26026909722013881e-28
1850.0 1400.0 2.25880104600265450e-20 -7.20817956499250721e-25 -2.22354512817718232e-23 3.84318256868439417e-28
1850.0 1450.0 2.14970116314212945e-20 -7.00514995399216162e-25 -2.13920995160269009e-23 4.25213663667008451e-28
1850.0 1500.0 2.04497575263156150e-20 -6.78527613022370472e-25 -2.04910315417752823e-23 4.52227327876557433e-28
1850.0 1550.0 1.94483974490797210e-20 -6.55474940677748260e-25 -1.95603927596719777e-23 4.68262799289167903e-28
1850.0 1600.0 1.84938559460448069e-20 -6.31844426908671457e-25 -1.86213102153602581e-23 4.75697855967137610e-28
1850.0 1650.0 1.75861442919695986e-20 -6.08016069056521219e-25 -1.76894141111544762e-23 4.76465746659148042e-28
1850.0 1700.0 1.67246037713760829e-20 -5.84282763541988918e-25 -1.67760541305675431e-23 4.72128778887248893e-28
1850.0 1750.0 1.59080946202926098e-20 -5.60867203515819291e-25 -1.58892652473645093e-23 4.63942723436483670e-28
1850.0 1800.0 1.51351419338861930e-20 -5.37935790517530876e-25 -1.50345305776535082e-23 4.52911904000085265e-28
1850.0 1850.0 1.44040476555005106e-20 -5.15610012964908258e-25 -1.42153813426169946e-23 4.39835570910504381e-28
1850.0 1900.0 1.37129759376282678e-20 -4.93975704793097179e-25 -1.34338669938642285e-23 4.25346490387383391e-28
1850.0 1950.0 1.30600176710631443e-20 -4.73090547700116127e-25 -1.26909223740214662e-23 4.09942784432695569e-28
1850.0 2000.0 1.24432387698759236e-20 -4.52990128866824304e-25 -1.19866535390194278e-23 3.94014035161858542e-28
1850.0 2050.0 1.18607158308280333e-20 -4.33692817258265624e-25 -1.13205595193600359e-23 3.77862583439271282e-28
1850.0 2100.0 1.13105620137788404e-20 -4.15203677811357224e-25 -1.06917037498357343e-23 3.61720841794187812e-28
1850.0 2150.0 1.07909453773118190e-20 -3.97517604702269750e-25 -1.00988460355106728e-23 3.45765326370387370e-28
1850.0 2200.0 1.03001014198370302e-20 -3.80621822426265283e-25 -9.54054363198994980e-24 3.30128003058890447e-28
1850.0 2250.0 9.83634119479501608e-21 -3.64497876186333041e-25 -9.01522819629630939e-24 3.14905444165127440e-28
1850.0 2300.0 9.39805606828744276e-21 -3.49123210476466084e-25 -8.52126392138623280e-24 3.00166205830350516e-28
1850.0 2350.0 8.98371995141477713e-21 -3.34472416121670314e-25 -8.05699102720084991e-24 2.85956762992486648e-28
1850.0 2400.0 8.59188965433766796e-21 -3.20518210785373439e-25 -7.62075788241503512e-24 2.72306277022661940e-28
1850.0 2450.0 8.22120386374535739e-21 -3.07232205518259433e-25 -7.21094432363877479e-24 2.59230419988492635e-28
1850.0 2500.0 7.87038113155307636e-21 -2.94585499813569648e-25 -6.82597818256155431e-24 2.46734437342374544e-28
1900.0 300.0 1.09557124468286958e-20 1.25798958061555219e-25 2.10739162217806402e-23 5.42610783418582251e-27
1900.0 350.0 1.25476399761722564e-20 3.99476759001514431e-25 4.34439158773501383e-23 5.17323579843454599e-27
1900.0 400.0 1.52558914017534431e-20 6.15317837081402840e-25 6.35335749560826761e-23 3.27275527671080834e-27
1900.0 450.0 1.87248511411815120e-20 7.17408595767667234e-25 7.33158166941897084e-23 8.01333914219015762e-28
1900.0 500.0 2.24086027500935082e-20 7.00514882892728436e-25 7.24702361061966876e-23 -1.38335618982117188e-27
1900.0 550.0 2.58453255178496461e-20 5.90500504516371167e-25 6.40406350317706677e-23 -2.89427868046327860e-27
1900.0 600.0 2.87454235645801282e-20 4.22974735608846491e-25 5.15479966019432967e-23 -3.69734905336038507e-27
1900.0 650.0 3.09792884741526443e-20 2.30305000086012074e-25 3.77709451385939106e-23 -3.92924065087448788e-27
1900.0 700.0 3.25314838094519383e-20 3.65519621613297794e-26 2.45040865899695641e-23 -3.77025135546345133e-27
1900.0 750.0 3.34546798154428058e-20 -1.42914071681161725e-25 1.27172808662334295e-23 -3.38148903211977086e-27
1900.0 800.0 3.38346944431027781e-20 -2.99809117825804368e-25 2.80802064943371956e-24 -2.88410177846014834e-27
1900.0 850.0 3.37676654167099689e-20 -4.30886385673071244e-25 -5.17630961230416398e-24 -2.35937279176094186e-27
1900.0 900.0 3.33468240699052358e-20 -5.36124452771899757e-25 -1.13776845101666030e-23 -1.85656997288679882e-27
1900.0 950.0 3.26558345908700645e-20 -6.17356469384847749e-25 -1.60234839595765280e-23 -1.40205694304557276e-27
1900.0 1000.0 3.17662098337345699e-20 -6.77327602237901328e-25 -1.93648452005780553e-23 -1.00708950604077240e-27
1900.0 1050.0 3.07370508638668334e-20 -7.19093763845291227e-25 -2.16432701260213527e-23 -6.73653761368734048e-28
1900.0 1100.0 2.96159806512399392e-20 -7.45665735579322782e-25 -2.30747663879822415e-23 -3.98500439854440753e-28
1900.0 1150.0 2.84405910220175529e-20 -7.59818057526175043e-25 -2.38442036672238835e-23 -1.75771833226221385e-28
1900.0 1200.0 2.72400180121532676e-20 -7.64002580239152714e-25 -2.41052200772876419e-23 1.37686951309310078e-30
1900.0 1250.0 2.60364448795656678e-20 -7.60324948182593520e-25 -2.39828550620164617e-23 1.39834488676468873e-28
1900.0 1300.0 2.48464410651646334e-20 -7.50556464967967297e-25 -2.35772799675141497e-23 2.46028272485015490e-28
1900.0 1350.0 2.36821067973554367e-20 -7.36163900223799006e-25 -2.29677375403634818e-23 3.25689283502952865e-28
1900.0 1400.0 2.25520254608403559e-20 -7.18346647259030696e-25 -2.22162427789518706e-23 3.83778333698448247e-28
1900.0 1450.0 2.14620412938507386e-20 -6.98075108557189846e-25 -2.13708507599211225e-23 4.24501713286041894e-28
1900.0 1500.0 2.04158858634663432e-20 -6.76127007616335223e-25 -2.04684359082984015e-23 4.51372784203410778e-28
1900.0 1550.0 1.94156775521471127e-20 -6.53120050945637578e-25 -1.95369984874521492e-23 4.67293078211035461e-28
1900.0 1600.0 1.84623165659485517e-20 -6.29540380356728008e-25 -1.85975467120657316e-23 4.74637745370254879e-28
1900.0 1650.0 1.75557952087889886e-20 -6.05766824997185939e-25 -1.76656141878398730e-23 4.75337170087825739e-28
1900.0 1700.0 1.66954401460425847e-20 -5.82091257094000493e-25 -1.67524725503106431e-23 4.70950794424697709e-28
1900.0 1750.0 1.58801005014298672e-20 -5.58735485824673454e-25 -1.58660940498156690e-23 4.62731663145903357e-28
1900.0 1800.0 1.51082930692404390e-20 -5.35865159864144931e-25 -1.50119116469085652e-23 4.51681590450807737e-28
1900.0 1850.0 1.43783137347011303e-20 -5.13601134023322114e-25 -1.41934166552967034e-23 4.38597569188915136e-28
1900.0 1900.0 1.36883223723094235e-20 -4.92028714976442590e-25 -1.34126269373352657e-23 4.24110369117785533e-28
1900.0 1950.0 1.30364070001727079e-20 -4.71205150583953809e-25 -1.26704524726685866e-23 4.08716369638827153e-28
1900.0 2000.0 1.24206317623868665e-20 -4.51165675302051451e-25 -1.19669798756073094e-23 3.92803647711579458e-28
1900.0 2050.0 1.18390723449075794e-20 -4.31928375127384876e-25 -1.13016930919109268e-23 3.76673255364692744e-28
1900.0 2100.0 1.12898416604925057e-20 -4.13498091538549726e-25 -1.06736439633691663e-23 3.60556509703569744e-28
1900.0 2150.0 1.07711080278881249e-20 -3.95869545667636734e-25 -1.00815834927140200e-23 3.44629001984859362e-28
1900.0 2200.0 1.02811075880692488e-20 -3.79029831403342006e-25 -9.52406235708356291e-24 3.29021921981836652e-28
1900.0 2250.0 9.81815232009632509e-21 -3.62960398851068701e-25 -8.99950740154565630e-24 3.13831194574502438e-28
1900.0 2300.0 9.38063471996308572e-21 -3.47638626942899767e-25 -8.50627940517163065e-24 2.99124839048669105e-28
1900.0 2350.0 8.96702997071071607e-21 -3.33039065360180901e-25 -8.04271627572494377e-24 2.84948887952569464e-28
1900.0 2400.0 8.57589624757065315e-21 -3.19134410679089026e-25 -7.60716493337481001e-24 2.71332140588764638e-28
1900.0 2450.0 8.20587365719971578e-21 -3.05896269218521093e-25 -7.19800443898004357e-24 2.58289974965454576e-28
1900.0 2500.0 7.85568219670320467e-21 -2.93295748967731895e-25 -6.81366236836101653e-24 2.45827399842653513e-28
1950.0 300.0 1.09621701756861573e-20 1.32585206570674081e-25 2.13455615517529238e-23 5.43983735155045434e-27
1950.0 350.0 1.25677974587231488e-20 4.06905765388441179e-25 4.37028218146975633e-23 5.18321922539305092e-27
1950.0 400.0 1.52868464483242512e-20 6.22982073586153290e-25 6.36971802117081222e-23 3.27183460993911567e-27
1950.0 450.0 1.87609027088170812e-20 7.24774979181546468e-25 7.33556134118065998e-23 7.91059092129186424e-28
1950.0 500.0 2.24437928231468694e-20 7.07237321446816863e-25 7.24006876902618160e-23 -1.39798166393571054e-27
1950.0 550.0 2.58749954916950762e-20 5.96477890923539398e-25 6.38955412306182520e-23 -2.90887765873216818e-27
1950.0 600.0 2.87666996946960997e-20 4.28278321532180834e-25 5.13628133998266650e-23 -3.70944623623164155e-27
1950.0 650.0 3.09909174429761607e-20 2.35085887693196101e-25 3.75742527698824199e-23 -3.93801952117254928e-27
1950.0 700.0 3.25334156839906502e-20 4.09741026218218938e-26 2.43154245806468421e-23 -3.77590649561213361e-27
1950.0 750.0 3.34476326112819842e-20 -1.38709682304595135e-25 1.25481216475816385e-23 -3.38466792736357926e-27
1950.0 800.0 3.38197994686552043e-20 -2.95717423135601470e-25 2.66377651707436772e-24 -2.88555212242679834e-27
1950.0 850.0 3.37462154065787908e-20 -4.26838221630231848e-25 -5.29428867463366857e-24 -2.35976403712634279e-27
1950.0 900.0 3.33201120610831095e-20 -5.32080631627509753e-25 -1.14705083289458737e-23 -1.85642699227607474e-27
1950.0 950.0 3.26250613825451664e-20 -6.13300233572097060e-25 -1.60935767623679599e-23 -1.40175408079160157e-27
1950.0 1000.0 3.17324385646834238e-20 -6.73257556414281880e-25 -1.94151907231818797e-23 -1.00687145349983379e-27
1950.0 1050.0 3.07011916216719129e-20 -7.15018106862617418e-25 -2.16769488416768709e-23 -6.73664507081400447e-28
1950.0 1100.0 2.95787928394483145e-20 -7.41597938190274336e-25 -2.30946944362938149e-23 -3.98811194825918146e-28
1950.0 1150.0 2.84026952505097680e-20 -7.55773828537458099e-25 -2.38530030187760010e-23 -1.76404342379910513e-28
1950.0 1200.0 2.72019122839032677e-20 -7.59997863327642702e-25 -2.41051696324646106e-23 4.32402235309564259e-31
1950.0 1250.0 2.59985219336628518e-20 -7.56374689048816538e-25 -2.39758887824667730e-23 1.38606378396357692e-28
1950.0 1300.0 2.48090051125788320e-20 -7.46673925794164609e-25 -2.35650101867395025e-23 2.44554320021594859e-28
1950.0 1350.0 2.36453887567623634e-20 -7.32360346118716542e-25 -2.29514899284457753e-23 3.24010778201014284e-28
1950.0 1400.0 2.25161963302692223e-20 -7.14631274266505346e-25 -2.21970949545736686e-23 3.81936263715483791e-28
1950.0 1450.0 2.14272235991305766e-20 -6.94455120061952847e-25 -2.13496700764668471e-23 4.22534523623182532e-28
1950.0 1500.0 2.03821632887966767e-20 -6.72607774823804723e-25 -2.04459141333089245e-23 4.49315185088087251e-28
1950.0 1550.0 1.93831029363951719e-20 -6.49705314450939543e-25 -1.95136824093120397e-23 4.65175542729841341e-28
1950.0 1600.0 1.84309184758835444e-20 -6.26232465088886830e-25 -1.85738644628690362e-23 4.72486441785527537e-28
1950.0 1650.0 1.75255832997095246e-20 -6.02566851460331983e-25 -1.76418974785213173e-23 4.73174153881184973e-28
1950.0 1700.0 1.66664095048870488e-20 -5.78999339052995993e-25 -1.67289752106886998e-23 4.68794342756856913e-28
1950.0 1750.0 1.58522351455971261e-20 -5.55750909369426133e-25 -1.58430073394525391e-23 4.60596675165060408e-28
1950.0 1800.0 1.50815687507596839e-20 -5.32986541865613745e-25 -1.49893768069632099e-23 4.49580005092121247e-28
1950.0 1850.0 1.43527001765485821e-20 -5.10826559900697617e-25 -1.41715351400306098e-23 4.36538771275624456e-28
1950.0 1900.0 1.36637850429063813e-20 -4.89355856814397581e-25 -1.33914687162642227e-23 4.22101567342800378e-28
1950.0 1950.0 1.30129085138478847e-20 -4.68631367234944390e-25 -1.26500627418701316e-23 4.06762938324677063e-28
1950.0 2000.0 1.23981329779569852e-20 -4.48688096373617253e-25 -1.19473844655237163e-23 3.90909429516838624e-28
1950.0 2050.0 1.18175332213537577e-20 -4.29543970806931535e-25 -1.12829028121752254e-23 3.74840825317543937e-28
1950.0 2100.0 1.12692219177392068e-20 -4.11203730139492116e-25 -1.06556580839908366e-23 3.58787402789089438e-28
1950.0 2150.0 1.07513676516307880e-20 -3.93662040642085785e-25 -1.00643925256015626e-23 3.42923907468640665e-28
1950.0 2200.0 1.02622072101684261e-20 -3.76905979396341029e-25 -9.50765027206295100e-24 3.27380848041484947e-28
1950.0 2250.0 9.80005349998399368e-21 -3.60917010189725704e-25 -8.98385338617592328e-24 3.12253606851761314e-28
1950.0 2300.0 9.36330014757686103e-21 -3.45672549777773729e-25 -8.49135925714535602e-24 2.97609776571589631e-28
1950.0 2350.0 8.95042360746286301e-21 -3.31147204509350834e-25 -8.02850349980121310e-24 2.83495059604976433e-28
1950.0 2400.0 8.55998341862119534e-21 -3.17313742074920678e-25 -7.59363160103944258e-24 2.69938004982496175e-28
1950.0 2450.0 8.19062110567710657e-21 -3.04143850722544526e-25 -7.18512185785746951e-24 2.56953806237302598e-28
1950.0 2500.0 7.84105810840317054e-21 -2.91608728200991163e-25 -6.80140159931344095e-24 2.44547341574844019e-28
2000.0 300.0 1.09689774338582596e-20 1.39799388542272485e-25 2.16179116289633259e-23 5.45434528078813477e-27
2000.0 350.0 1.25883377207358892e-20 4.14810673641554373e-25 4.39622561665914224e-23 5.19446431442634382e-27
2000.0 400.0 1.53181980391063485e-20 6.31207858678000444e-25 6.38607910214335504e-23 3.27310270756130667e-27
2000.0 450.0 1.87973390482981200e-20 7.32834340347265030e-25 7.33949684318876710e-23 7.83801584743026162e-28
2000.0 500.0 2.24793393912786148e-20 7.14816160604637358e-25 7.23304909114893389e-23 -1.40916483115718905e-27
2000.0 550.0 2.59049888955843177e-20 6.03484963339658806e-25 6.37498003956907035e-23 -2.92005594990360442e-27
2000.0 600.0 2.87882695268904010e-20 4.34774622423540957e-25 5.11770997742644424e-23 -3.71848852385741392e-27
2000.0 650.0 3.10028173763573408e-20 2.41198589065782205e-25 3.73771823501773910e-23 -3.94431174191441174e-27
2000.0 700.0 3.25356032442062436e-20 4.68363352083958681e-26 2.41265251299157360e-23 -3.77972179490089056e-27
2000.0 750.0 3.34408320808213252e-20 -1.32989329798263830e-25 1.23788333430661589e-23 -3.38664508080947330e-27
2000.0 800.0 3.38051466673740495e-20 -2.90064438620342184e-25 2.51947568065672499e-24 -2.88637831786261607e-27
2000.0 850.0 3.37250058743630686e-20 -4.21210250371352068e-25 -5.41228349647747234e-24 -2.36002356729062435e-27
2000.0 900.0 3.32936402490592544e-20 -5.26460814074430834e-25 -1.15633309928192480e-23 -1.85655297258409679e-27
2000.0 950.0 3.25945284918181438e-20 -6.07689622302729582e-25 -1.61636680870088530e-23 -1.40203316986330749e-27
2000.0 1000.0 3.16989074688860374e-20 -6.67668405532078625e-25 -1.94655447775820746e-23 -1.00747018053467260e-27
2000.0 1050.0 3.06655717517299280e-20 -7.09468643497419655e-25 -2.17106516761978839e-23 -6.74660328653010406e-28
2000.0 1100.0 2.95418427526157623e-20 -7.36108631160478643e-25 -2.31146644132977037e-23 -4.00220559533292046e-28
2000.0 1150.0 2.83650346586436513e-20 -7.50364923328026787e-25 -2.38618621221049679e-23 -1.78205099633899541e-28
2000.0 1200.0 2.71640383279800567e-20 -7.54687889191303319e-25 -2.41051954300087632e-23 -1.71555756464826547e-30
2000.0 1250.0 2.59608265777763755e-20 -7.51179664067213332e-25 -2.39690131728921470e-23 1.36165911835351383e-28
2000.0 1300.0 2.47717919050764856e-20 -7.41607035824632420e-25 -2.35528431271698042e-23 2.41878942185885444e-28
2000.0 1350.0 2.36088880745029727e-20 -7.27431927863003748e-25 -2.29353546679816953e-23 3.21156265419287091e-28
2000.0 1400.0 2.24805787480652068e-20 -7.09848980452502226e-25 -2.21780668090532238e-23 3.78953881041177676e-28
2000.0 1450.0 2.13926113297955629e-20 -6.89824182718785363e-25 -2.13286143043195653e-23 4.19469698932462269e-28
2000.0 1500.0 2.03486398021305424e-20 -6.68131311078454627e-25 -2.04235206562762476e-23 4.46207066681168140e-28
2000.0 1550.0 1.93507209426653070e-20 -6.45384639689784201e-25 -1.94904964294936023e-23 4.62057100473930710e-28
2000.0 1600.0 1.83997064862318539e-20 -6.22067392490627068e-25 -1.85503127772130115e-23 4.69384879791361917e-28
2000.0 1650.0 1.74955509746663080e-20 -5.98555966436290921e-25 -1.76183106950776874e-23 4.70111481132367224e-28
2000.0 1700.0 1.66375519864529285e-20 -5.75140243345957290e-25 -1.67056062646777989e-23 4.65788003392523677e-28
2000.0 1750.0 1.58245365462917128e-20 -5.52040433464265730e-25 -1.58200467784847671e-23 4.57660178111979382e-28
2000.0 1800.0 1.50550049492903312e-20 -5.29420926699653749e-25 -1.49669653176735434e-23 4.46723518254379194e-28
2000.0 1850.0 1.43272410468574498e-20 -5.07401610153375067e-25 -1.41497737559733116e-23 4.33769662203143019e-28
2000.0 1900.0 1.36393962225211826e-20 -4.86067068672495828e-25 -1.33704270986656253e-23 4.19424882942811670e-28
2000.0 1950.0 1.29895527992084893e-20 -4.65474033724770640e-25 -1.26297858719788286e-23 4.04181822710362047e-28
2000.0 2000.0 1.23757714187443687e-20 -4.45657393292197964e-25 -1.19278980358951583e-23 3.88425482881315124e-28
2000.0 2050.0 1.17961259726855583e-20 -4.26635026084483433e-25 -1.12642175572911771e-23 3.72454408735416648e-28
2000.0 2100.0 1.12487288981210136e-20 -4.08411679193762958e-25 -1.06377732493527256e-23 3.56497894728633228e-28
2000.0 2150.0 1.07317490455152006e-20 -3.90982069989810898e-25 -1.00472986390458497e-23 3.40729917983375267e-28
2000.0 2200.0 1.02434238465461676e-20 -3.74333360492507523e-25 -9.49133135122447218e-24 3.25280396388592677e-28
2000.0 2250.0 9.78206713238208486e-21 -3.58447125188827158e-25 -8.96828869118315697e-24 3.10244267842555089e-28
2000.0 2300.0 9.34607365590487164e-21 -3.43300910658621374e-25 -8.47652467712532711e-24 2.95688800417138674e-28
2000.0 2350.0 8.93392113816545934e-21 -3.28869466781786478e-25 -8.01437264495840337e-24 2.81659469449376288e-28
2000.0 2400.0 8.54417047635167432e-21 -3.15125714090734997e-25 -7.58017665834744653e-24 2.68184675761404034e-28
2000.0 2450.0 8.17546460710039444e-21 -3.02041499444383786e-25 -7.17231425723728931e-24 2.55279527983838039e-28
2000.0 2500.0 7.82652640662315662e-21 -2.89588182138439739e-25 -6.78921252812218617e-24 2.42948869830144441e-28
2050.0 300.0 1.09761537945603551e-20 1.47337009768113733e-25 2.18910031346556560e-23 5.46947807353463348e-27
2050.0 350.0 1.26092825564435076e-20 4.23075156616163469e-25 4.42222768739188215e-23 5.20663772278567700e-27
2050.0 400.0 1.53499719047249403e-20 6.39857145036965437e-25 6.40245081968769307e-23 3.27603086131719742e-27
2050.0 450.0 1.88341919621720394e-20 7.41418678139061621e-25 7.34340215034355705e-23 7.78906929528171275e-28
2050.0 500.0 2.25152818419585768e-20 7.23049450426975733e-25 7.22598058108346098e-23 -1.41759447833854075e-27
2050.0 550.0 2.59353531833867836e-20 6.11286128786842933e-25 6.36035719215729451e-23 -2.92845981748957712e-27
2050.0 600.0 2.88101881165812326e-20 4.42197893763536629e-25 5.09909982374091534e-23 -3.72502967284611818e-27
2050.0 650.0 3.10150498200576968e-20 2.48352538683565852e-25 3.71798499156692655e-23 -3.94855414377312674e-27
2050.0 700.0 3.25381130876124698e-20 5.38293165138470053e-26 2.39374740454742472e-23 -3.78201186905557079e-27
2050.0 750.0 3.34343483577540279e-20 -1.26075159198151542e-25 1.22094719048011269e-23 -3.38761978131931098e-27
2050.0 800.0 3.37908082797817166e-20 -2.83179662719789931e-25 2.37514706180018733e-24 -2.88667776593988086e-27
2050.0 850.0 3.37041099129548781e-20 -4.14334626170070163e-25 -5.53028819269484240e-24 -2.36016296296428950e-27
2050.0 900.0 3.32674815349505558e-20 -5.19595928121655515e-25 -1.16561653447057715e-23 -1.85688991992304217e-27
2050.0 950.0 3.25643077960579351e-20 -6.00851241795357736e-25 -1.62337853866461644e-23 -1.40278170149221466e-27
2050.0 1000.0 3.16656867633519950e-20 -6.60880047349564761e-25 -1.95159457578890435e-23 -1.00873189526238447e-27
2050.0 1050.0 3.06302593440196926e-20 -7.02756787527607091e-25 -2.17444248435265223e-23 -6.76457358289491904e-28
2050.0 1100.0 2.95051960291067804e-20 -7.29499479336294223e-25 -2.31347277862260936e-23 -4.02523828736825449e-28
2050.0 1150.0 2.83276722238813699e-20 -7.43882409239307715e-25 -2.38708356429728460e-23 -1.80956015551943062e-28
2050.0 1200.0 2.71264563429275757e-20 -7.48352611982294549e-25 -2.41053537266112478e-23 -4.84143939188766544e-30
2050.0 1250.0 2.59234161841751784e-20 -7.45008460003807977e-25 -2.39622848500848857e-23 1.32741544460807429e-28
2050.0 1300.0 2.47348559948434782e-20 -7.35612962169160928e-25 -2.35408348442238283e-23 2.38229962388176364e-28
2050.0 1350.0 2.35726565284830762e-20 -7.21624493791748979e-25 -2.29193865805590682e-23 3.17350296121611316e-28
2050.0 1400.0 2.24452217921518281e-20 -7.04234510038138929e-25 -2.21592114549640044e-23 3.75050526898729311e-28
2050.0 1450.0 2.13582509578277110e-20 -6.84406233665850447e-25 -2.13077345259540740e-23 4.15519991193138670e-28
2050.0 1500.0 2.03153593764996922e-20 -6.62911101038356794e-25 -2.04013043273552975e-23 4.42253650396589136e-28
2050.0 1550.0 1.93185731597740667e-20 -6.40361451621973823e-25 -1.94674870541017526e-23 4.58134841931066265e-28
2050.0 1600.0 1.83687199201345290e-20 -6.17238943764257929e-25 -1.85269357733598021e-23 4.65521681295756107e-28
2050.0 1650.0 1.74657354105345750e-20 -5.93918734957080796e-25 -1.75948955743239040e-23 4.66329167733264415e-28
2050.0 1700.0 1.66089027394811231e-20 -5.70689749344325917e-25 -1.66824051103822655e-23 4.62103199415946322e-28
2050.0 1750.0 1.57970379394341105e-20 -5.47771478736494444e-25 -1.57972494946626630e-23 4.54085127026874070e-28
2050.0 1800.0 1.50286330993655421e-20 -5.25327794792714028e-25 -1.49447121221805299e-23 4.43266822598520968e-28
2050.0 1850.0 1.43019660856173856e-20 -5.03478231754551526e-25 -1.41281653585277737e-23 4.30436934916579831e-28
2050.0 1900.0 1.36151840584242178e-20 -4.82307156655891701e-25 -1.33495329554748266e-23 4.16219310282220122e-28
2050.0 1950.0 1.29663665073800068e-20 -4.61871192161831871e-25 -1.26096508556051947e-23 4.01104643921394559e-28
2050.0 2000.0 1.23535723309834811e-20 -4.42205204401679805e-25 -1.19085478074305040e-23 3.85476394343658843e-28
2050.0 2050.0 1.17748745262100262e-20 -4.23327118682613221e-25 -1.12456628808973266e-23 3.69631901287944385e-28
2050.0 2100.0 1.12283852908088895e-20 -4.05241781765445109e-25 -1.06200134479379696e-23 3.53799532943828928e-28
2050.0 2150.0 1.07122737363641911e-20 -3.87944051072843139e-25 -1.00303243544737020e-23 3.38152569692846567e-28
2050.0 2200.0 1.02247779326695324e-20 -3.71421258670047978e-25 -9.47512674264145482e-24 3.22820420023135364e-28
2050.0 2250.0 9.76421262782387345e-21 -3.55655170627697603e-25 -8.95283318025066150e-24 3.07897664300659814e-28
2050.0 2300.0 9.32897369264445899e-21 -3.40623539817418709e-25 -8.46179432846745762e-24 2.93451335313793891e-28
2050.0 2350.0 8.91754010569666735e-21 -3.26301331640528024e-25 -8.00034125335649194e-24 2.79526770776102055e-28
2050.0 2400.0 8.52847411300527514e-21 -3.12661687021681929e-25 -7.56681660052388535e-24 2.66152311238140824e-28
2050.0 2450.0 8.16042005366751004e-21 -2.99676674646302708e-25 -7.15959715493587933e-24 2.53343065716028917e-28
2050.0 2500.0 7.81210223074225198e-21 -2.87317874391219545e-25 -6.77710976016028980e-24 2.41103925300478951e-28
2100.0 300.0 1.09837161065735716e-20 1.55202503074553462e-25 2.21648696805750110e-23 5.48528354958726656e-27
2100.0 350.0 1.26306507983025769e-20 4.31707278443404300e-25 4.44829349889770433e-23 5.21983257446208664e-27
2100.0 400.0 1.53821903430099143e-20 6.48943081166359517e-25 6.41884206343294278e-23 3.28072293769269066e-27
2100.0 450.0 1.88714891194179646e-20 7.50545892523884433e-25 7.34728965688901773e-23 7.76457137943428911e-28
2100.0 500.0 2.25516545847950489e-20 7.31958274356799638e-25 7.21887748326000667e-23 -1.42322651856953606e-27
2100.0 550.0 2.59661299501880747e-20 6.19903683543260597e-25 6.34569978677075552e-23 -2.93408408542275454e-27
2100.0 600.0 2.88325038331893560e-20 4.50569864413181677e-25 5.08046357473960047e-23 -3.72909594514330504e-27
2100.0 650.0 3.10276689204451507e-20 2.56567578167225967e-25 3.69823586211193074e-23 -3.95079424378073777e-27
2100.0 700.0 3.25410038434859729e-20 6.19701833457745102e-26 2.37483472865470776e-23 -3.78283595411493584e-27
2100.0 750.0 3.34282431912074326e-20 -1.17953127438695345e-25 1.20400864545269568e-23 -3.38765548619894902e-27
2100.0 800.0 3.37768478910057743e-20 -2.75052217400878350e-25 2.23081552635674905e-24 -2.88651291634782533e-27
2100.0 850.0 3.36835918190691237e-20 -4.06203496808848736e-25 -5.64829851862625432e-24 -2.36024040272617843e-27
2100.0 900.0 3.32416999937698770e-20 -5.11480884427355028e-25 -1.17490238510761707e-23 -1.85748997647445579e-27
2100.0 950.0 3.25344624075820612e-20 -5.92782442281429644e-25 -1.63039541112992748e-23 -1.40404506302860944e-27
2100.0 1000.0 3.16328380333470206e-20 -6.52891930751521414e-25 -1.95664287848121878e-23 -1.01069519065588392e-27
2100.0 1050.0 3.05953140456227093e-20 -6.94883754691953877e-25 -2.17783103249529373e-23 -6.79087760939264480e-28
2100.0 1100.0 2.94689100944298549e-20 -7.21773157874344088e-25 -2.31549310932139761e-23 -4.05747321880361905e-28
2100.0 1150.0 2.82906629700931160e-20 -7.36330145226290072e-25 -2.38799728382898028e-23 -1.84678237850242217e-28
2100.0 1200.0 2.70892188524000822e-20 -7.40996833105750814e-25 -2.41056950654899826e-23 -8.96190639116081445e-30
2100.0 1250.0 2.58863407405678875e-20 -7.37866613059547395e-25 -2.39557545518561641e-23 1.28320442578991019e-28
2100.0 1300.0 2.46982448452716162e-20 -7.28697799593859885e-25 -2.35290354575285815e-23 2.33597777209062958e-28
2100.0 1350.0 2.35367391042387276e-20 -7.14944549332430097e-25 -2.29036345786751200e-23 3.12585964139634517e-28
2100.0 1400.0 2.24101680415181140e-20 -6.97794656154733067e-25 -2.21405761854408106e-23 3.70221527364056648e-28
2100.0 1450.0 2.13241827440075023e-20 -6.78208252385372643e-25 -2.12870761404835501e-23 4.10682558807584217e-28
2100.0 1500.0 2.02823600537852151e-20 -6.56954227661880833e-25 -2.03793084826297727e-23 4.37453586708972137e-28
2100.0 1550.0 1.92866955163646629e-20 -6.34642869462963524e-25 -1.94446954672446031e-23 4.53408622565051599e-28
2100.0 1600.0 1.83379927015392318e-20 -6.11754220328406456e-25 -1.85037724542789450e-23 4.60897666140989780e-28
2100.0 1650.0 1.74361686354099234e-20 -5.88662197593471984e-25 -1.75716889527924693e-23 4.61828797347220332e-28
2100.0 1700.0 1.65804920034916453e-20 -5.65654802870616164e-25 -1.66594064640871041e-23 4.57742111923432033e-28
2100.0 1750.0 1.57697678803514147e-20 -5.42950869935743133e-25 -1.57746481521567967e-23 4.49874162974222704e-28
2100.0 1800.0 1.50024801727045774e-20 -5.20713829744088122e-25 -1.49226479153262457e-23 4.39212906032344214e-28
2100.0 1850.0 1.42769007771373142e-20 -4.99062952206846745e-25 -1.41067387651055967e-23 4.26543831429846104e-28
2100.0 1900.0 1.35911726389766512e-20 -4.78082481422924599e-25 -1.33288133235424140e-23 4.12488269759200366e-28
2100.0 1950.0 1.29433724173393501e-20 -4.57829029033676237e-25 -1.25896830478042172e-23 3.97534939177232366e-28
2100.0 2000.0 1.23315572658898288e-20 -4.38337537467404281e-25 -1.18893575518063485e-23 3.82065768134565234e-28
2100.0 2050.0 1.17537992821279816e-20 -4.19626075332718279e-25 -1.12272610677543689e-23 3.66376934141993595e-28
2100.0 2100.0 1.12082104169857901e-20 -4.01699683036261628e-25 -1.06023995709859909e-23 3.50695943510476928e-28
2100.0 2150.0 1.06929600337615308e-20 -3.84553448437527543e-25 -1.00134892591801189e-23 3.35195458195659554e-28
2100.0 2200.0 1.02062868295692399e-20 -3.68174959882233655e-25 -9.45905481496071293e-24 3.20004464150376067e-28
2100.0 2250.0 9.74650645768257264e-21 -3.52546256788632979e-25 -8.93750408413288222e-24 3.05217275618624000e-28
2100.0 2300.0 9.31201589448283996e-21 -3.37645375463280956e-25 -8.44718438014546130e-24 2.90900783110995989e-28
2100.0 2350.0 8.90129536334149506e-21 -3.23447569327859475e-25 -7.98642450366849156e-24 2.77100279179921967e-28
2100.0 2400.0 8.51290844628650410e-21 -3.09926267621312889e-25 -7.55356568287990664e-24 2.63844134505064587e-28
2100.0 2450.0 8.14550087208965462e-21 -2.97053824331840444e-25 -7.14698394544121804e-24 2.51147545779912475e-28
2100.0 2500.0 7.79779835804458685e-21 -2.84802099121817432e-25 -6.76510588741668817e-24 2.39015534965500565e-28
2150.0 300.0 1.09916784409380297e-20 1.63330294907555463e-25 2.24395410560090691e-23 5.50165985140583354e-27
2150.0 350.0 1.26524582266128549e-20 4.40634249913675558e-25 4.47442740017912038e-23 5.23385375031709808e-27
2150.0 400.0 1.54148721026640777e-20 6.58380357547126168e-25 6.43526049777116069e-23 3.28687594813698815e-27
2150.0 450.0 1.89092539325015152e-20 7.60113475154269331e-25 7.35117018340246590e-23 7.76074993016815090e-28
2150.0 500.0 2.25884869410008973e-20 7.41420431591753423e-25 7.21175232325911328e-23 -1.42646325921089310e-27
2150.0 550.0 2.59973548480577401e-20 6.29195624454985767e-25 6.33102035807060140e-23 -2.93731225262483061e-27
2150.0 600.0 2.88552583097754345e-20 4.59730488930762753e-25 5.06181244234580533e-23 -3.73102171549643843e-27
2150.0 650.0 3.10407214102336545e-20 2.65668535243947603e-25 3.67847994552037566e-23 -3.95130108341517334e-27
2150.0 700.0 3.25443261930763547e-20 7.10720677110025143e-26 2.35592116201627764e-23 -3.78239273563850594e-27
2150.0 750.0 3.34225699965865662e-20 -1.08818318679079587e-25 1.18707198495641940e-23 -3.38688301743054647e-27
2150.0 800.0 3.37633205073999196e-20 -2.65882167786891020e-25 2.08650234882351568e-24 -2.88595354564417737e-27
2150.0 850.0 3.36635071905607366e-20 -3.97019071646461344e-25 -5.76631150573558723e-24 -2.36027341999082125e-27
2150.0 900.0 3.32163509876197566e-20 -5.02317656153363453e-25 -1.18419183290824522e-23 -1.85832768499580147e-27
2150.0 950.0 3.25050467984629234e-20 -5.83683034287909954e-25 -1.63741975146443607e-23 -1.40576360525320134e-27
2150.0 1000.0 3.16004143651333895e-20 -6.43900195408179812e-25 -1.96170255794197035e-23 -1.01327410570882275e-27
2150.0 1050.0 3.05607871983559788e-20 -6.86040872408915499e-25 -2.18123457976794360e-23 -6.82446043160835290e-28
2150.0 1100.0 2.94330343013017448e-20 -7.13115351458423117e-25 -2.31753159157028465e-23 -4.09771677302814214e-28
2150.0 1150.0 2.82540541080985647e-20 -7.27887599571037204e-25 -2.38893175628721548e-23 -1.89243162504516958e-28
2150.0 1200.0 2.70523708446881701e-20 -7.32793438544598078e-25 -2.41062643095292102e-23 -1.39428187256721613e-29
2150.0 1250.0 2.58496429874417691e-20 -7.29920226116980746e-25 -2.39494671899833725e-23 1.23039362461975629e-28
2150.0 1300.0 2.46619989652677256e-20 -7.21020796074136882e-25 -2.35174892183340809e-23 2.28119498253782771e-28
2150.0 1350.0 2.35011741256039190e-20 -7.07544514821160074e-25 -2.28881417433469324e-23 3.06999016139637578e-28
2150.0 1400.0 2.23754537028295219e-20 -6.90675113430453970e-25 -2.21222025586347098e-23 3.64599982089614332e-28
2150.0 1450.0 2.12904408601873172e-20 -6.71369364726200204e-25 -2.12666789522898414e-23 4.05086923308522683e-28
2150.0 1500.0 2.02496740624985117e-20 -6.50393444271509994e-25 -2.03575710348686973e-23 4.31932166194402290e-28
2150.0 1550.0 1.92551183941314627e-20 -6.28355497215514332e-25 -1.94221576223556909e-23 4.47999067703824689e-28
2150.0 1600.0 1.83075534638668385e-20 -6.05733917355665917e-25 -1.84808567983471061e-23 4.55628530132763008e-28
2150.0 1650.0 1.74068776327732922e-20 -5.82901390972664030e-25 -1.75487228559290996e-23 4.56721002914064920e-28
2150.0 1700.0 1.65523452085400425e-20 -5.60145036350909298e-25 -1.66366404473085976e-23 4.52810277317862048e-28
2150.0 1750.0 1.57427503392454425e-20 -5.37683089352086311e-25 -1.57522710360149921e-23 4.45127766982108133e-28
2150.0 1800.0 1.49765687695304532e-20 -5.15678614262393682e-25 -1.49007992251964854e-23 4.34657290575891310e-28
2150.0 1850.0 1.42520664373625977e-20 -4.94250699322547107e-25 -1.40855188335691686e-23 4.22181050903978718e-28
2150.0 1900.0 1.35673820771084395e-20 -4.73483553029652153e-25 -1.33082914808702326e-23 4.08317801555560786e-28
2150.0 1950.0 1.29205895157082530e-20 -4.53433865092891801e-25 -1.25699042380637224e-23 3.93554271933638681e-28
2150.0 2000.0 1.23097441559353002e-20 -4.34136742973408828e-25 -1.18703476604167207e-23 3.78270884394140313e-28
2150.0 2050.0 1.17329171864516403e-20 -4.15610485453613340e-25 -1.12090311993084194e-23 3.62762703171632629e-28
2150.0 2100.0 1.11882202995629070e-20 -3.97860410559183125e-25 -1.05849494749402336e-23 3.47256438548887217e-28
2150.0 2150.0 1.06738230967228950e-20 -3.80881916975107829e-25 -9.99681006575697225e-24 3.31924210712446181e-28
2150.0 2200.0 1.01879648876146583e-20 -3.64662925710636088e-25 -9.44313121391643977e-24 3.16894665995253723e-28
2150.0 2250.0 9.72896221518852011e-21 -3.49185821684614204e-25 -8.92231605436928801e-24 3.02261938335232344e-28
2150.0 2300.0 9.29521314549712720e-21 -3.34428992480637094e-25 -8.43270855778934439e-24 2.88092862235717441e-28
2150.0 2350.0 8.88519913070184786e-21 -3.20368043095626445e-25 -7.97263525956628923e-24 2.74432770065078460e-28
2150.0 2400.0 8.49748507291012562e-21 -3.06976750447585565e-25 -7.54043596686090100e-24 2.61310145096784482e-28
2150.0 2450.0 8.13071807489613723e-21 -2.94227809149467816e-25 -7.13448594364712680e-24 2.48740350836118486e-28
2150.0 2500.0 7.78362525289206611e-21 -2.82093410109009706e-25 -6.75321153003851293e-24 2.36728615401025772e-28
2200.0 300.0 1.10000520069987832e-20 1.71638444886274953e-25 2.27150424286239732e-23 5.51845806578721390e-27
2200.0 350.0 1.26747174450101475e-20 4.49763834877883163e-25 4.50063290709090181e-23 5.24843012543918047e-27
2200.0 400.0 1.54480322267555660e-20 6.68059858004931336e-25 6.45171251374738764e-23 3.29409101005399466e-27
2200.0 450.0 1.89475053862418857e-20 7.69990149830739443e-25 7.35505296659246581e-23 7.77283296180601718e-28
2200.0 500.0 2.26258029758963902e-20 7.51280135748325869e-25 7.20461593110975276e-23 -1.42779799795903006e-27
2200.0 550.0 2.60290574364432730e-20 6.38982208200689261e-25 6.31632981578017394e-23 -2.93860218240056202e-27
2200.0 600.0 2.88784863200778447e-20 4.69478746401755843e-25 5.04315621307255124e-23 -3.73119624704625159e-27
2200.0 650.0 3.10542465158954442e-20 2.75437002243459908e-25 3.65872518593191881e-23 -3.95037945058450173e-27
2200.0 700.0 3.25481228075223903e-20 8.09035165703501572e-26 2.33701252149319509e-23 -3.78089956575778779e-27
2200.0 750.0 3.34173738217982001e-20 -9.89109656569960970e-26 1.17014092174401499e-23 -3.38543755527993475e-27
2200.0 800.0 3.37502725476720067e-20 -2.55914647868323332e-25 1.94222567218812714e-24 -2.88506234975715681e-27
2200.0 850.0 3.36439029385845207e-20 -3.87028044751094952e-25 -5.88432507999238845e-24 -2.36026367599689883e-27
2200.0 900.0 3.31914811950477763e-20 -4.92351736271719572e-25 -1.19348596393812975e-23 -1.85935521324392898e-27
2200.0 950.0 3.24761068435232740e-20 -5.73795107164582188e-25 -1.64445364137675177e-23 -1.40785069875494435e-27
2200.0 1000.0 3.15684603994939652e-20 -6.34141828214443436e-25 -1.96677642808188932e-23 -1.01635262160142223e-27
2200.0 1050.0 3.05267219001564675e-20 -6.76458761142115947e-25 -2.18465645012930745e-23 -6.86394778037981018e-28
2200.0 1100.0 2.93976099966691999e-20 -7.03749414082767044e-25 -2.31959187851855162e-23 -4.14444651859023768e-28
2200.0 1150.0 2.82178851065120142e-20 -7.18770257144967784e-25 -2.38989082088749177e-23 -1.94489059044407010e-28
2200.0 1200.0 2.70159498459036353e-20 -7.23949679639392170e-25 -2.41071006068724343e-23 -1.96171879304354695e-29
2200.0 1250.0 2.58133584924369647e-20 -7.21368140105208397e-25 -2.39434618364641383e-23 1.17067250951307197e-28
2200.0 1300.0 2.46261519838960106e-20 -7.12772350353119850e-25 -2.35062345118916609e-23 2.21963500765648676e-28
2200.0 1350.0 2.34659933289077359e-20 -6.99606425311634525e-25 -2.28729453388869609e-23 3.00755352741556096e-28
2200.0 1400.0 2.23411086836335682e-20 -6.83049713803884517e-25 -2.21041264218519210e-23 3.58347918197353474e-28
2200.0 1450.0 2.12570534611106452e-20 -6.64055419614452019e-25 -2.12465772021217927e-23 3.98890240422856277e-28
2200.0 1500.0 2.02173278879110535e-20 -6.43386878563413224e-25 -2.03361245096492504e-23 4.25840991060038339e-28
2200.0 1550.0 1.92238666960517589e-20 -6.21650030817604818e-25 -1.93999042817997127e-23 4.42051790213213264e-28
2200.0 1600.0 1.82774256162056461e-20 -5.99321605324103635e-25 -1.84582178012316373e-23 4.49853651199189099e-28
2200.0 1650.0 1.73778844055535549e-20 -5.76773074891460848e-25 -1.75260245413045262e-23 4.51138827146978432e-28
2200.0 1700.0 1.65244830371006646e-20 -5.54290715820913685e-25 -1.66141326305952252e-23 4.47434412422591949e-28
2200.0 1750.0 1.57160047608847618e-20 -5.32092223576190230e-25 -1.57301420959816798e-23 4.39966420674769939e-28
2200.0 1800.0 1.49509171760778209e-20 -5.10340363713728607e-25 -1.48791884565407014e-23 4.29714372514248194e-28
2200.0 1850.0 1.42274802692311434e-20 -4.89154116861722723e-25 -1.40645265049163951e-23 4.17457095962929965e-28
2200.0 1900.0 1.35438285635600249e-20 -4.68617732907097657e-25 -1.32879869883224089e-23 4.03810734650482269e-28
2200.0 1950.0 1.28980330479406636e-20 -4.48788057231351756e-25 -1.25503326908716037e-23 3.89260035475321725e-28
2200.0 2000.0 1.22881473640404061e-20 -4.29700438886871640e-25 -1.18515351836779691e-23 3.74183948630285827e-28
2200.0 2050.0 1.17122417782644380e-20 -4.11373481186509844e-25 -1.11909891916493569e-23 3.58876477949805901e-28
2200.0 2100.0 1.11684277085765876e-20 -3.93812851155017879e-25 -1.05676780180194302e-23 3.43563602933589296e-28
2200.0 2150.0 1.06548749772974346e-20 -3.77014326216564178e-25 -9.98030064725333653e-24 3.28416974707450687e-28
2200.0 2200.0 1.01698234883918060e-20 -3.60966224213335535e-25 -9.42736889608321894e-24 3.13564976535416095e-28
2200.0 2250.0 9.71159065565747909e-21 -3.45651335867186379e-25 -8.90728119564508712e-24 2.99101639805439642e-28
2200.0 2300.0 9.27857561579755828e-21 -3.31048456463854398e-25 -8.41837817467252252e-24 2.85093820087102572e-28
2200.0 2350.0 8.86926103082467973e-21 -3.17133595192595432e-25 -7.95898409936868845e-24 2.71586964635893181e-28
2200.0 2400.0 8.48221310427794165e-21 -3.03880925583166115e-25 -7.52743734840127864e-24 2.58609741497117647e-28
2200.0 2450.0 8.11608029472696274e-21 -2.91263528282014311e-25 -7.12211241195649774e-24 2.46177749702126720e-28
2200.0 2500.0 7.76959109969041287e-21 -2.79253967509046679e-25 -6.74143536222410913e-24 2.34296488443958090e-28
2250.0 300.0 1.10088449861183633e-20 1.80090540802911269e-25 2.29913933771808866e-23 5.53560944713296381e-27
2250.0 350.0 1.26974376613848775e-20 4.59055636332574023e-25 4.52691259271939843e-23 5.26346718941567356e-27
2250.0 400.0 1.54816817815250229e-20 6.77935525293899244e-25 6.46820313419130436e-23 3.30223600681383890e-27
2250.0 450.0 1.89862577266180471e-20 7.80122419153108041e-25 7.35894559566062601e-23 7.79918696504744536e-28
2250.0 500.0 2.26636211645846776e-20 7.61475265169658437e-25 7.19747741206342914e-23 -1.42740935573303596e-27
2250.0 550.0 2.60612608408863603e-20 6.49192370841196284e-25 6.30163744488466762e-23 -2.93813019487966763e-27
2250.0 600.0 2.89022154430228054e-20 4.79735121998594393e-25 5.02450326967210954e-23 -3.72977928241201210e-27
2250.0 650.0 3.10682756367228523e-20 2.85786094286696007e-25 3.63897840805681014e-23 -3.94816329882280184e-27
2250.0 700.0 3.25524280466277860e-20 9.13716919910151333e-26 2.31811380675463104e-23 -3.77846023450795528e-27
2250.0 750.0 3.34126910682160230e-20 -8.83283223258594193e-26 1.15321864106357218e-23 -3.38339208734027372e-27
2250.0 800.0 3.37377415866286680e-20 -2.45249825576916758e-25 1.79800096110867014e-24 -2.88388335199979342e-27
2250.0 850.0 3.36248170535641264e-20 -3.76332126822318490e-25 -6.00233762825343602e-24 -2.36022946832686769e-27
2250.0 900.0 3.31671283980052997e-20 -4.81685186848261729e-25 -1.20278572817827521e-23 -1.86056897837720351e-27
2250.0 950.0 3.24476796266833405e-20 -5.63220078947659522e-25 -1.65149888183151359e-23 -1.41028480733060956e-27
2250.0 1000.0 3.15370121557572902e-20 -6.23716799304004404e-25 -1.97186691096421469e-23 -1.01989494486072824e-27
2250.0 1050.0 3.04931528450941363e-20 -6.66235314666774208e-25 -2.18809949344472971e-23 -6.90887218064534798e-28
2250.0 1100.0 2.93626703761006523e-20 -6.93770688588309721e-25 -2.32167709108626736e-23 -4.19711391510676971e-28
2250.0 1150.0 2.81821875590303330e-20 -7.09070566120734985e-25 -2.39087774617447682e-23 -2.00355356074154622e-28
2250.0 1200.0 2.69799857988236103e-20 -7.14554874761019409e-25 -2.41082371723741045e-23 -2.59206870289300807e-29
2250.0 1250.0 2.57775155395353097e-20 -7.12296396826387341e-25 -2.39377715277451388e-23 1.10470609207317406e-28
2250.0 1300.0 2.45907305488386628e-20 -7.04035151546758779e-25 -2.34953036819030438e-23 2.15197206699137067e-28
2250.0 1350.0 2.34312217697593061e-20 -6.91209596666052781e-25 -2.28580766552770325e-23 2.93922339781160169e-28
2250.0 1400.0 2.23071565066262231e-20 -6.74994422248531658e-25 -2.20863777697923118e-23 3.51531897539842518e-28
2250.0 1450.0 2.12240426054045304e-20 -6.56339086052030747e-25 -2.12267994393536659e-23 3.92157707317013355e-28
2250.0 1500.0 2.01853421991219200e-20 -6.36003982602917284e-25 -2.03149959300241784e-23 4.19243484266948204e-28
2250.0 1550.0 1.91929597789366400e-20 -6.14592801771721950e-25 -1.93779609125416580e-23 4.35628150215013888e-28
2250.0 1600.0 1.82476272808257335e-20 -5.92580603490387501e-25 -1.84358793813194586e-23 4.43632133730027586e-28
2250.0 1650.0 1.73492059181509707e-20 -5.70337672367097221e-25 -1.75036164127179026e-23 4.45139000919374252e-28
2250.0 1700.0 1.64969213701914581e-20 -5.48149488433326177e-25 -1.65919039553690110e-23 4.41668815140894661e-28
2250.0 1750.0 1.56895460144549471e-20 -5.26233266073429278e-25 -1.57082808752411195e-23 4.34441974318876168e-28
2250.0 1800.0 1.49255393178547547e-20 -5.04751539898352163e-25 -1.48578338256813353e-23 4.24433573737847418e-28
2250.0 1850.0 1.42031553190427034e-20 -4.83823255354764213e-25 -1.40437787437262000e-23 4.12419004650348857e-28
2250.0 1900.0 1.35205243261068842e-20 -4.63532777999187054e-25 -1.32679156350416735e-23 3.99011786175354565e-28
2250.0 1950.0 1.28757144801614544e-20 -4.43937182998507236e-25 -1.25309830956023701e-23 3.84694701951192846e-28
2250.0 2000.0 1.22667776478127498e-20 -4.25072133523637591e-25 -1.18329337849442223e-23 3.69845272696168561e-28
2250.0 2050.0 1.16917831561725931e-20 -4.06956607391689004e-25 -1.11731477530731800e-23 3.54756500180000576e-28
2250.0 2100.0 1.11488421296790795e-20 -3.89596687417196948e-25 -1.05505970210776640e-23 3.39653701277903677e-28
2250.0 2150.0 1.06361245909402359e-20 -3.72988592992936284e-25 -9.96397200102591251e-24 3.24708131730732012e-28
2250.0 2200.0 1.01518710168153472e-20 -3.57121098269408240e-25 -9.41177809544197051e-24 3.10047987781634415e-28
2250.0 2250.0 9.69439967020928100e-21 -3.41977455433730315e-25 -8.89240903482420534e-24 2.95767274428086761e-28
2250.0 2300.0 9.26211073673722337e-21 -3.27536919359630748e-25 -8.40420210299969387e-24 2.81932942985986484e-28
2250.0 2350.0 8.85348806679669479e-21 -3.13775951640895310e-25 -7.94547928938480171e-24 2.68590627712342046e-28
2250.0 2400.0 8.46709914435871138e-21 -3.00669167105280991e-25 -7.51457753314358938e-24 2.55769250263846134e-28
2250.0 2450.0 8.10159376340640678e-21 -2.88190073768076705e-25 -7.10987053721613289e-24 2.43484710333694042e-28
2250.0 2500.0 7.75570178307908762e-21 -2.76311647337711407e-25 -6.72978409073434760e-24 2.31742839398369592e-28
2300.0 300.0 1.10180625654568777e-20 1.88610951332106872e-25 2.32686073335061139e-23 5.55295239174961327e-27
2300.0 350.0 1.27206246991874752e-20 4.68423552247907209e-25 4.55326805945245517e-23 5.27870235264474315e-27
2300.0 400.0 1.55158278659730007e-20 6.87905535050686835e-25 6.48473603612102767e-23 3.31094975833250384e-27
2300.0 450.0 1.90255204939410917e-20 7.90388810420331588e-25 7.36285408229973361e-23 7.83565113257191443e-28
2300.0 500.0 2.27019544688012139e-20 7.71863247281610101e-25 7.19034424819145585e-23 -1.42571728647931299e-27
2300.0 550.0 2.60939818847122246e-20 6.59663326673647282e-25 6.28695102051397100e-23 -2.93627932079150202e-27
2300.0 600.0 2.89264662519899496e-20 4.90319162389649638e-25 5.00586070445893084e-23 -3.72709152678767156e-27
2300.0 650.0 3.10828325882182216e-20 2.96521143049734014e-25 3.61924541919935247e-23 -3.94489960099981736e-27
2300.0 700.0 3.25572682492881888e-20 1.02271460264423347e-25 2.29922928587648152e-23 -3.77524683707931107e-27
2300.0 750.0 3.34085498193812950e-20 -7.72823563129742793e-26 1.13630786810218143e-23 -3.38084911600537535e-27
2300.0 800.0 3.37257567131370794e-20 -2.34103230377754002e-25 1.65384149925058268e-24 -2.88245812302967352e-27
2300.0 850.0 3.36062789839228162e-20 -3.65147608582117140e-25 -6.12034766148167572e-24 -2.36016135455539658e-27
2300.0 900.0 3.31433218738360928e-20 -4.70532757786831760e-25 -1.21209191970443299e-23 -1.86191838218094756e-27
2300.0 950.0 3.24197938398903231e-20 -5.52169331798403856e-25 -1.65855698476229173e-23 -1.41298324195664299e-27
2300.0 1000.0 3.15060974324558038e-20 -6.12831721969915077e-25 -1.97697603783946602e-23 -1.02379423039777700e-27
2300.0 1050.0 3.04601067215999545e-20 -6.55571342432290604e-25 -2.19156609386063011e-23 -6.95799071612049854e-28
2300.0 1100.0 2.93282408763543249e-20 -6.83373451165348821e-25 -2.32378983197304195e-23 -4.25435685622037032e-28
2300.0 1150.0 2.81469855688878116e-20 -6.98975789115798700e-25 -2.39189524823569219e-23 -2.06698382645342355e-28
2300.0 1200.0 2.69445014374410472e-20 -7.04788991773232021e-25 -2.41097015000426956e-23 -3.27057157370814237e-29
2300.0 1250.0 2.57421354924308416e-20 -7.02877544595398889e-25 -2.39324234980058375e-23 1.03398218757238074e-28
2300.0 1300.0 2.45557546777450398e-20 -6.94974324313373621e-25 -2.34847232771207164e-23 2.07968477960594208e-28
2300.0 1350.0 2.33968781618574314e-20 -6.82511817187329811e-25 -2.28435612621440271e-23 2.86645345368207966e-28
2300.0 1400.0 2.22736146356736057e-20 -6.66659845747475568e-25 -2.20689810013016676e-23 3.44293643392462289e-28
2300.0 1450.0 2.11914245687732859e-20 -6.48363993554763733e-25 -2.12073687780029494e-23 3.85026587621851630e-28
2300.0 1500.0 2.01537321495201850e-20 -6.28381646149691543e-25 -2.02942070691515473e-23 4.12271899486004476e-28
2300.0 1550.0 1.91624117413911515e-20 -6.07314219938607840e-25 -1.93563479334155937e-23 4.28855047136805889e-28
2300.0 1600.0 1.82181715689433670e-20 -5.85635114740969830e-25 -1.84138606202136037e-23 4.37085337478332028e-28
2300.0 1650.0 1.73208543603690039e-20 -5.63713458340941935e-25 -1.74815162529457941e-23 4.38837279960488556e-28
2300.0 1700.0 1.64696715398690511e-20 -5.41833981043662581e-25 -1.65699709582620699e-23 4.35623663879551403e-28
2300.0 1750.0 1.56633846350645126e-20 -5.20213472367196506e-25 -1.56867027259687065e-23 4.28659123020139964e-28
2300.0 1800.0 1.49004449905861968e-20 -4.99014297774802381e-25 -1.48367495670946659e-23 4.18914248748787233e-28
2300.0 1850.0 1.41791006973085327e-20 -4.78355431921700788e-25 -1.40232887357292562e-23 4.07160967677912884e-28
2300.0 1900.0 1.34974778407504210e-20 -4.58321420861432528e-25 -1.32480896270958210e-23 3.94010182680088800e-28
2300.0 1950.0 1.28536417011443523e-20 -4.38969633293446616e-25 -1.25118667464124755e-23 3.79942747485219825e-28
2300.0 2000.0 1.22456423527480212e-20 -4.20336108137549098e-25 -1.18145539118843110e-23 3.65334803477371846e-28
2300.0 2050.0 1.16715481631415388e-20 -4.02440256550942399e-25 -1.11555165472089560e-23 3.50478411113474175e-28
2300.0 2100.0 1.11294699410169648e-20 -3.85288632768563475e-25 -1.05337154227852680e-23 3.35598291458257564e-28
2300.0 2150.0 1.06175778858249992e-20 -3.68877950361362166e-25 -9.94783239630153218e-24 3.20865374436222255e-28
2300.0 2200.0 1.01341130232449594e-20 -3.53197488501216206e-25 -9.39636646365023719e-24 3.06407739226674606e-28
2300.0 2250.0 9.67739444104679987e-21 -3.38231006081750632e-25 -8.87770665426899017e-24 2.92319433126896244e-28
2300.0 2300.0 9.24582334969445215e-21 -3.23958259427416240e-25 -8.39018690060084885e-24 2.78667569499445322e-28
2300.0 2350.0 8.83788476434809362e-21 -3.10356201159843040e-25 -7.93212690431353189e-24 2.65498032785794964e-28
2300.0 2400.0 8.45214742642377113e-21 -2.97399922956369500e-25 -7.50186215086095763e-24 2.52840057884185159e-28
2300.0 2450.0 8.08726244310073934e-21 -2.85063392865135001e-25 -7.09776553947484957e-24 2.40709901004070867e-28
2300.0 2500.0 7.74196101378505943e-21 -2.73320028050394124e-25 -6.71826255827890771e-24 2.29113777913766778e-28
2350.0 300.0 1.10277068500456551e-20 1.97157633852733612e-25 2.35466907778005686e-23 5.57038309521370434e-27
2350.0 350.0 1.27442808686530452e-20 4.77819672738448864e-25 4.57969986129024696e-23 5.29400270883603249e-27
2350.0 400.0 1.55504734504778426e-20 6.97914531234594986e-25 6.50131350089153881e-23 3.32006847540222646e-27
2350.0 450.0 1.90652983456705550e-20 8.00725236279472549e-25 7.36678284750926389e-23 7.88039669769503633e-28
2350.0 500.0 2.27408101616453129e-20 7.82370717273194745e-25 7.18322231788409005e-23 -1.42290721890272828e-27
2350.0 550.0 2.61272309297017369e-20 6.70312703061776126e-25 6.27227685045284361e-23 -2.93322218335542620e-27
2350.0 600.0 2.89512521803313047e-20 5.01140426888127205e-25 4.98723437463512123e-23 -3.72328162972255007e-27
2350.0 650.0 3.10979334967097517e-20 3.07545015403818699e-25 3.59953106912996129e-23 -3.94070673989882774e-27
2350.0 700.0 3.25626616579398435e-20 1.13500576344745738e-25 2.28036255403547363e-23 -3.77134541369030877e-27
2350.0 750.0 3.34049697937481831e-20 -6.58788217786289703e-26 1.11941092204593325e-23 -3.37786332012981926e-27
2350.0 800.0 3.37143385083345258e-20 -2.22582623738424765e-25 1.50975886608043532e-24 -2.88081286127840247e-27
2350.0 850.0 3.35883096363994069e-20 -3.53582928518617498e-25 -6.23835340765581032e-24 -2.36006089990087627e-27
2350.0 900.0 3.31200824142391205e-20 -4.59002436514985051e-25 -1.22140514282556086e-23 -1.86338450918587196e-27
2350.0 950.0 3.23924698173893127e-20 -5.40749480079899030e-25 -1.66562914553996828e-23 -1.41591064412824081e-27
2350.0 1000.0 3.14757358539223990e-20 -6.01591109279661481e-25 -1.98210542724153497e-23 -1.02800236261262368e-27
2350.0 1050.0 3.04276022687700284e-20 -6.44568700992304773e-25 -2.19505815277210991e-23 -7.01072690182784205e-28
2350.0 1100.0 2.92943392391348545e-20 -6.72656495577166616e-25 -2.32593217276094318e-23 -4.31553086237496051e-28
2350.0 1150.0 2.81122958181732102e-20 -6.88581375551571580e-25 -2.39294548126307275e-23 -2.13449152652320481e-28
2350.0 1200.0 2.69095123602562287e-20 -6.94743956344747470e-25 -2.41115152972634737e-23 -3.99005825974248886e-29
2350.0 1250.0 2.57072328705094274e-20 -6.93199887963993384e-25 -2.39274391367970298e-23 9.59230179619607314e-29
2350.0 1300.0 2.45212378358296939e-20 -6.85674519457613087e-25 -2.34745140279805805e-23 2.00350359713178046e-28
2350.0 1350.0 2.33629749553635470e-20 -6.73594101463842004e-25 -2.28294190006788361e-23 2.78996646702164474e-28
2350.0 1400.0 2.22404945542754588e-20 -6.58123418313701786e-25 -2.20519549234884934e-23 3.36704007918380283e-28
2350.0 1450.0 2.11592099220029114e-20 -6.40204079488167266e-25 -2.11883029104715108e-23 3.77565827689897891e-28
2350.0 1500.0 2.01225074539108097e-20 -6.20590414225284006e-25 -2.02737744715488968e-23 4.04992937655574364e-28
2350.0 1550.0 1.91322314997258599e-20 -5.99881556372114967e-25 -1.93350807421718510e-23 4.21796708768688605e-28
2350.0 1600.0 1.81890666551634318e-20 -5.78549263640685208e-25 -1.83921757941532324e-23 4.30274877099426792e-28
2350.0 1650.0 1.72928372201938747e-20 -5.56961543590760072e-25 -1.74597372583777186e-23 4.32292593898477829e-28
2350.0 1700.0 1.64427404002270055e-20 -5.35402425574716860e-25 -1.65483458080479399e-23 4.29355183564273743e-28
2350.0 1750.0 1.56375268928478752e-20 -5.14088330406855319e-25 -1.56654188477937856e-23 4.22671406810818841e-28
2350.0 1800.0 1.48756399273760030e-20 -4.93181514439087236e-25 -1.48159459727986536e-23 4.13207301835490020e-28
2350.0 1850.0 1.41553216439217317e-20 -4.72801042905361232e-25 -1.40030659276422510e-23 4.01731324048343627e-28
2350.0 1900.0 1.34746938948969299e-20 -4.53031703262700874e-25 -1.32285176273693971e-23 3.88851783328794314e-28
2350.0 1950.0 1.28318190835016152e-20 -4.33931216948853612e-25 -1.24929915818801702e-23 3.75047646898864094e-28
2350.0 2000.0 1.22247454714461993e-20 -4.15536055318489127e-25 -1.17964028356309945e-23 3.60693733164265830e-28
2350.0 2050.0 1.16515404437750417e-20 -3.97866116526974182e-25 -1.11381022314960695e-23 3.46081225286711573e-28
2350.0 2100.0 1.11103144686071375e-20 -3.80928476577823492e-25 -1.05170393172958057e-23 3.31434316353413648e-28
2350.0 2150.0 1.05992378963564847e-20 -3.64720390140609023e-25 -9.93188741091895243e-24 3.16923679369921294e-28
2350.0 2200.0 1.01165522751870672e-20 -3.49231684898958937e-25 -9.38113910579228242e-24 3.02677344487684030e-28
2350.0 2250.0 9.66057749139563630e-21 -3.34446666591632575e-25 -8.86317872653839577e-24 2.88789467168307477e-28
2350.0 2300.0 9.22971575430193795e-21 -3.20345629911916429e-25 -8.37633684455104769e-24 2.75327385661280085e-28
2350.0 2350.0 8.82245321843078277e-21 -3.06906052372371324e-25 -7.91893085976373069e-24 2.62337293891770727e-28
2350.0 2400.0 8.43735985802603738e-21 -2.94103533492672625e-25 -7.48929478687613617e-24 2.49848795484751516e-28
2350.0 2450.0 8.07308806975450516e-21 -2.81912529669988290e-25 -7.08580070229946646e-24 2.37878554738902593e-28
2350.0 2500.0 7.72837037056956766e-21 -2.70306925359378744e-25 -6.70687377274604930e-24 2.26433219399981429e-28
2400.0 300.0 1.10377768454650489e-20 2.05640245860440440e-25 2.38256425816034068e-23 5.58768322661176132e-27
2400.0 350.0 1.27684049192486112e-20 4.87139769252519188e-25 4.60620745422187051e-23 5.30902718000863154e-27
2400.0 400.0 1.55856173136785444e-20 7.07838357083782773e-25 6.51793640350529026e-23 3.32914385367633037e-27
2400.0 450.0 1.91055909985178836e-20 8.10983628240945700e-25 7.37073475220955429e-23 7.92844918426865214e-28
2400.0 500.0 2.27801897933379499e-20 7.92824787413941312e-25 7.17611595764732515e-23 -1.41946547804595130e-27
2400.0 550.0 2.61610118776711098e-20 6.80944541447495380e-25 6.25761985435635412e-23 -2.92938952142719075e-27
2400.0 600.0 2.89765795643039904e-20 5.11983371971049813e-25 4.96862898672949881e-23 -3.71869953260176557e-27
2400.0 650.0 3.11135868839204427e-20 3.18626908524991362e-25 3.57983933101657894e-23 -3.93584469172518769e-27
2400.0 700.0 3.25686185415493828e-20 1.24817465482493630e-25 2.26151660567283046e-23 -3.76692783706428593e-27
2400.0 750.0 3.34019625009905674e-20 -5.43658493980385746e-26 1.10252977695362951e-23 -3.37452679031172553e-27
2400.0 800.0 3.37034992293992879e-20 -2.10938980230386056e-25 1.36576342625204770e-24 -2.87897124720475429e-27
2400.0 850.0 3.35709215813906318e-20 -3.41888789035320720e-25 -6.35635243672346087e-24 -2.35989555260146876e-27
2400.0 900.0 3.30974225467138312e-20 -4.47342137105931132e-25 -1.23072578489760232e-23 -1.86489023425062991e-27
2400.0 950.0 3.23657197684786716e-20 -5.29203688104301994e-25 -1.67271622472966669e-23 -1.41895577229722605e-27
2400.0 1000.0 3.14459391102303343e-20 -5.90231900886613759e-25 -1.98725627426873675e-23 -1.03238296713983906e-27
2400.0 1050.0 3.03956505200543353e-20 -6.33457041861838229e-25 -2.19857708428664769e-23 -7.06554048655610763e-28
2400.0 1100.0 2.92609757557592847e-20 -6.61841460260464592e-25 -2.32810565435740022e-23 -4.37898000807189044e-28
2400.0 1150.0 2.80781278112516068e-20 -6.78100498379389777e-25 -2.39403004193241871e-23 -2.20435353732397544e-28
2400.0 1200.0 2.68750272707171086e-20 -6.84624238798246543e-25 -2.41136945591097870e-23 -4.73300486930174055e-29
2400.0 1250.0 2.56728155849617985e-20 -6.83459124493138179e-25 -2.39228340865083850e-23 8.82202568493450750e-29
2400.0 1300.0 2.44871871666712693e-20 -6.76322718853333542e-25 -2.34646909611844698e-23 1.92515915212372653e-28
2400.0 1350.0 2.33295185616448250e-20 -6.64634867661236022e-25 -2.28156641104343925e-23 2.71145500532235484e-28
2400.0 1400.0 2.22078019837432898e-20 -6.49555215416761210e-25 -2.20353128867710377e-23 3.28927281872394521e-28
2400.0 1450.0 2.11274037422487641e-20 -6.32021346181478796e-25 -2.11696142477074025e-23 3.69933955287394764e-28
2400.0 1500.0 2.00916725927196404e-20 -6.12784518059673194e-25 -2.02537095958754407e-23 3.97558849183235580e-28
2400.0 1550.0 1.91024229849969124e-20 -5.92441593270110214e-25 -1.93141698589272125e-23 4.14598811883524946e-28
2400.0 1600.0 1.81603159673645993e-20 -5.71462715883776702e-25 -1.83708345166329685e-23 4.23339725875956091e-28
2400.0 1650.0 1.72651574666016148e-20 -5.50214813043283506e-25 -1.74382881796495522e-23 4.25637208021358742e-28
2400.0 1700.0 1.64161305032288269e-20 -5.28981259704339003e-25 -1.65270364434186826e-23 4.22989019907405887e-28
2400.0 1750.0 1.56119749619996418e-20 -5.07978157938790496e-25 -1.56444364220854564e-23 4.16598007720808248e-28
2400.0 1800.0 1.48511259611181748e-20 -4.87367705965648015e-25 -1.47954295226964534e-23 4.07425654861183914e-28
2400.0 1850.0 1.41318196841627237e-20 -4.67269109929987428e-25 -1.39831161532535321e-23 3.96236971208906213e-28
2400.0 1900.0 1.34521737371676627e-20 -4.47767447258667924e-25 -1.32092048771978524e-23 3.83637717294057572e-28
2400.0 1950.0 1.28102476275269265e-20 -4.28920838209837223e-25 -1.24743623020867806e-23 3.70105028579003484e-28
2400.0 2000.0 1.22040877817164796e-20 -4.10766229747340142e-25 -1.17784847632731205e-23 3.56012461357352106e-28
2400.0 2050.0 1.16317605769062624e-20 -3.93324047079414860e-25 -1.11209085651056953e-23 3.41650384917996694e-28
2400.0 2100.0 1.10913761136445331e-20 -3.76601924851656705e-25 -1.05005720576554481e-23 3.27242527856060281e-28
2400.0 2150.0 1.05811048654212604e-20 -3.60597692566484613e-25 -9.91614003032897020e-24 3.12959368109664750e-28
2400.0 2200.0 1.00991888747029544e-20 -3.45301757126120313e-25 -9.36609867507504775e-24 2.98928945910652586e-28
2400.0 2250.0 9.64394879828432406e-21 -3.30698998949138473e-25 -8.84882760491831746e-24 2.85245580569904061e-28
2400.0 2300.0 9.21378781680145827e-21 -3.16770276242017866e-25 -8.36265401767405649e-24 2.71976887115064726e-28
2400.0 2350.0 8.80719319734305646e-21 -3.03493614056430999e-25 -7.90589299488263242e-24 2.59169416902062113e-28
2400.0 2400.0 8.42273612108745477e-21 -2.90845140103917932e-25 -7.47687706096413567e-24 2.46853186288469560e-28
2400.0 2450.0 8.05907024932127903e-21 -2.78799817376400279e-25 -7.07397744811245252e-24 2.35045307833521641e-28
2400.0 2500.0 7.71492939278072567e-21 -2.67332013949271205e-25 -6.69561897912707867e-24 2.23752897771256376e-28
2450.0 300.0 1.10482684380392942e-20 2.14008128823331785e-25 2.41054533529356259e-23 5.60470593053002665e-27
2450.0 350.0 1.27929919892909866e-20 4.96324864707494398e-25 4.63278914475157694e-23 5.32358954291528838e-27
2450.0 400.0 1.56212539749360017e-20 7.17607900669061287e-25 6.53460419744726722e-23 3.33795970188976684e-27
2450.0 450.0 1.91463931633468494e-20 8.21083738648050446e-25 7.37471112139331625e-23 7.97755257274520455e-28
2450.0 500.0 2.28200891462894519e-20 8.03134128205688126e-25 7.16902801661244107e-23 -1.41560666944712465e-27
2450.0 550.0 2.61953221577404047e-20 6.91457391376097395e-25 6.24298363593967794e-23 -2.92496951360543891e-27
2450.0 600.0 2.90024476684172985e-20 5.22738003432069001e-25 4.95004817501763180e-23 -3.71349777178954969e-27
2450.0 650.0 3.11297937312593742e-20 3.29650178358245849e-25 3.56017337771849570e-23 -3.93042669878031941e-27
2450.0 700.0 3.25751412963904229e-20 1.36100800043091132e-25 2.24269390348710701e-23 -3.76206855654420627e-27
2450.0 750.0 3.33995313748630954e-20 -4.28675816338510529e-26 1.08566612082880196e-23 -3.37087834968807494e-27
2450.0 800.0 3.36932429692564448e-20 -1.99297586831493461e-25 1.22186481271780866e-24 -2.87694106963354313e-27
2450.0 850.0 3.35541192341593672e-20 -3.30190197068998391e-25 -6.47434128235463820e-24 -2.35964718344099295e-27
2450.0 900.0 3.30753467322500828e-20 -4.35675418049191719e-25 -1.24005398809295200e-23 -1.86639656511773032e-27
2450.0 950.0 3.23395479871526175e-20 -5.17653141253386861e-25 -1.67981872827695168e-23 -1.42206342616987217e-27
2450.0 1000.0 3.14167111748958648e-20 -5.78872203450906665e-25 -1.99242933793485287e-23 -1.03686872612123163e-27
2450.0 1050.0 3.03642550257619681e-20 -6.22350876533287145e-25 -2.20212380853391646e-23 -7.12167186051382175e-28
2450.0 1100.0 2.92281534917475992e-20 -6.51038903653994320e-25 -2.33031128516584079e-23 -4.44388699637497785e-28
2450.0 1150.0 2.80444840992542105e-20 -6.67639534858794972e-25 -2.39514997146923760e-23 -2.27571813976722839e-28
2450.0 1200.0 2.68410481998738518e-20 -6.74531911118259981e-25 -2.41162496196949334e-23 -5.49073465189774391e-29
2450.0 1250.0 2.56388851582547086e-20 -6.73752978626960439e-25 -2.39186183174692291e-23 8.03768601256707286e-29
2450.0 1300.0 2.44536037074500182e-20 -6.67012320289363870e-25 -2.34552634927785258e-23 1.84551127810232622e-28
2450.0 1350.0 2.32965095635116200e-20 -6.55723255531770125e-25 -2.28023053356365665e-23 2.63176128467534659e-28
2450.0 1400.0 2.21755370878766851e-20 -6.41040222590118444e-25 -2.20190629005910140e-23 3.21045329274541309e-28
2450.0 1450.0 2.10960058117565980e-20 -6.23896753910051868e-25 -2.11513100412033577e-23 3.62210060076032934e-28
2450.0 1500.0 2.00612270045057518e-20 -6.05041038795334326e-25 -2.02340189407451889e-23 3.90045673836415031e-28
2450.0 1550.0 1.90729853291772681e-20 -5.85067689673323127e-25 -1.92936210538213117e-23 4.07334180988037898e-28
2450.0 1600.0 1.81319183664716281e-20 -5.64445271491134352e-25 -1.83498418663447016e-23 4.16349412640173934e-28
2450.0 1650.0 1.72378137229502320e-20 -5.43539673109562952e-25 -1.74171734486728561e-23 4.18937339739818328e-28
2450.0 1700.0 1.63898402657977860e-20 -5.22633661159660534e-25 -1.65060466981725016e-23 4.16588111625552985e-28
2450.0 1750.0 1.55867270816623047e-20 -5.01943066357325981e-25 -1.56237587345987674e-23 4.10498654142093208e-28
2450.0 1800.0 1.48269011793327283e-20 -4.81630075672938414e-25 -1.47752030041582738e-23 4.01625919801996609e-28
2450.0 1850.0 1.41085927776366172e-20 -4.61814081329795329e-25 -1.39634417495724930e-23 3.90731516269158344e-28
2450.0 1900.0 1.34299152206203514e-20 -4.42580493403312958e-25 -1.31901533088298836e-23 3.78418709876922978e-28
2450.0 1950.0 1.27889250988879268e-20 -4.23987870714421749e-25 -1.24559804772267922e-23 3.65162865863520106e-28
2450.0 2000.0 1.21836669789368365e-20 -4.06073672425581384e-25 -1.17608009425259229e-23 3.51336342463290800e-28
2450.0 2050.0 1.16122062028251692e-20 -3.88858884179447183e-25 -1.11039365096387121e-23 3.37228758986322938e-28
2450.0 2100.0 1.10726524747938801e-20 -3.72351729493484744e-25 -1.04843143525436156e-23 3.23063441475419348e-28
2450.0 2150.0 1.05631763619399494e-20 -3.56550639909622160e-25 -9.90059074041766589e-24 3.09010731637468698e-28
2450.0 2200.0 1.00820203714151703e-20 -3.41446625906108095e-25 -9.35124546181773455e-24 2.95198734834850864e-28
2450.0 2250.0 9.62750590119201018e-21 -3.27025164288776356e-25 -8.83465340866490233e-24 2.81721985143249552e-28
2450.0 2300.0 9.19803707452404409e-21 -3.13267696045081704e-25 -8.34913839015028719e-24 2.68648421034837920e-28
2450.0 2350.0 8.79210224321943911e-21 -3.00152810805686603e-25 -7.89301315044505744e-24 2.56024993759012197e-28
2450.0 2400.0 8.40827376856868144e-21 -2.87657179493024153e-25 -7.46460870205107758e-24 2.43882170816359528e-28
2450.0 2450.0 8.04520655078273436e-21 -2.75756284889027030e-25 -7.06229540962524052e-24 2.32237547603000929e-28
2450.0 2500.0 7.70163566987613281e-21 -2.64424990246509202e-25 -6.68449772781452164e-24 2.21098739839800886e-28
2500.0 300.0 1.10591743886046189e-20 2.22198361160626520e-25 2.43861048197370947e-23 5.62126702221028272e-27
2500.0 350.0 1.28180335712190052e-20 5.05301309610090553e-25 4.65944204280812543e-23 5.33744469648939757e-27
2500.0 400.0 1.56573736445745103e-20 7.27136023407237033e-25 6.55131490347966876e-23 3.34622642255863215e-27
2500.0 450.0 1.91876944995919666e-20 8.30923509361185256e-25 7.37871177119281967e-23 8.02469075143162458e-28
2500.0 500.0 2.28604982108540078e-20 8.13181947752775901e-25 7.16195991281126346e-23 -1.41161415679664827e-27
2500.0 550.0 2.62301527349250275e-20 7.01721211519041739e-25 6.22837055599147559e-23 -2.92020609725653559e-27
2500.0 600.0 2.90288487323261258e-20 5.33263323361015295e-25 4.93149458011981955e-23 -3.70786952595150918e-27
2500.0 650.0 3.11465475656611494e-20 3.40465519840552354e-25 3.54053565786098046e-23 -3.92459184585944188e-27
2500.0 700.0 3.25822245681943155e-20 1.47195636599840646e-25 2.22389644698832887e-23 -3.75685470855666847e-27
2500.0 750.0 3.33976719271723352e-20 -3.15421274049126204e-26 1.06882141413399835e-23 -3.36695854199634418e-27
2500.0 800.0 3.36835658371107859e-20 -1.87817556146661789e-25 1.07807240359348553e-24 -2.87472312999479836e-27
2500.0 850.0 3.35378990565623429e-20 -3.18645461960571712e-25 -6.59231507041150713e-24 -2.35928404572177424e-27
2500.0 900.0 3.30538515831650711e-20 -4.24158331560517697e-25 -1.24938962188304004e-23 -1.86784605212577675e-27
2500.0 950.0 3.23139510815296204e-20 -5.06250506185313811e-25 -1.68693678845120181e-23 -1.42515658556168680e-27
2500.0 1000.0 3.13880485419875004e-20 -5.67660455052731201e-25 -1.99762492932261693e-23 -1.04136832153996838e-27
2500.0 1050.0 3.03334120945282734e-20 -6.11393813122837105e-25 -2.20569874582380060e-23 -7.17810884172367958e-28
2500.0 1100.0 2.91958685299459130e-20 -6.40387201635892148e-25 -2.33254954014676685e-23 -4.50917644580367025e-28
2500.0 1150.0 2.80113605226518619e-20 -6.57331386818889034e-25 -2.39630575864457448e-23 -2.34747530466584659e-28
2500.0 1200.0 2.68075707466499998e-20 -6.64594286066683432e-25 -2.41191852131520963e-23 -6.25202423447254039e-29
2500.0 1250.0 2.56054369607212359e-20 -6.64203157348886696e-25 -2.39147962129242816e-23 7.25045775758087917e-29
2500.0 1300.0 2.44204826208185057e-20 -6.57859482985682649e-25 -2.34462355312908747e-23 1.76565974422443805e-28
2500.0 1350.0 2.32639429415768014e-20 -6.46969990076777282e-25 -2.27893460416813361e-23 2.55195789661363728e-28
2500.0 1400.0 2.21436946932460737e-20 -6.32683884280788409e-25 -2.20032077593420684e-23 3.13162021043247560e-28
2500.0 1450.0 2.10650108316820296e-20 -6.15930648124852969e-25 -2.11333925152000882e-23 3.54494170671418574e-28
2500.0 1500.0 2.00311652930730731e-20 -5.97455422750949122e-25 -2.02147041806559332e-23 3.82549312650642370e-28
2500.0 1550.0 1.90439130654199247e-20 -5.77850603497087961e-25 -1.92734354846560193e-23 4.00094434440708578e-28
2500.0 1600.0 1.81038683398302654e-20 -5.57583215863909221e-25 -1.83291985249420068e-23 4.09391217147905622e-28
2500.0 1650.0 1.72108004534852590e-20 -5.37018153409415732e-25 -1.73963933152805522e-23 4.12275948751420412e-28
2500.0 1700.0 1.63638641495357606e-20 -5.16437618139092432e-25 -1.64853764357898545e-23 4.10231171837539411e-28
2500.0 1750.0 1.55617777289857890e-20 -4.96057212079297813e-25 -1.56033853072589025e-23 4.04447925684317420e-28
2500.0 1800.0 1.48029600907124633e-20 -4.76039151448480669e-25 -1.47552656404824026e-23 3.95878683445650147e-28
2500.0 1850.0 1.40856354784919386e-20 -4.56503052188431465e-25 -1.39440416815791879e-23 3.85281712224042631e-28
2500.0 1900.0 1.34079129568294958e-20 -4.37534691444236413e-25 -1.31713616662016272e-23 3.73257850520601995e-28
2500.0 1950.0 1.27678461767734277e-20 -4.19193097665978845e-25 -1.24378446642401327e-23 3.60280760665430688e-28
2500.0 2000.0 1.21634778184752656e-20 -4.01516269946038556e-25 -1.17433497741299780e-23 3.46721668575090387e-28
2500.0 2050.0 1.15928721601861422e-20 -3.84525778880621320e-25 -1.10871843372635757e-23 3.32869506122834395e-28
2500.0 2100.0 1.10541384797966035e-20 -3.68230458352360305e-25 -1.04682643701641924e-23 3.18947255168972323e-28
2500.0 2150.0 1.05454474073828959e-20 -3.52629360633249512e-25 -9.88523762720828575e-24 3.05125174876250587e-28
2500.0 2200.0 1.00650418841427011e-20 -3.37714115905221635e-25 -9.33657748903786914e-24 2.91531484555297444e-28
2500.0 2250.0 9.61124401900782718e-21 -3.23470811169536756e-25 -8.82065411458032578e-24 2.78260977027204868e-28
2500.0 2300.0 9.18245884836438936e-21 -3.09881481921252989e-25 -8.33578790719567964e-24 2.65381953528436848e-28
2500.0 2350.0 8.77717578021598726e-21 -2.96925292241855261e-25 -7.88028925276333163e-24 2.52941800126663293e-28
2500.0 2400.0 8.39396832855134760e-21 -2.84579464493446911e-25 -7.45248762848608792e-24 2.40971466311710063e-28
2500.0 2450.0 8.03149260630384930e-21 -2.72820008029495519e-25 -7.05075250661123245e-24 2.29489057423674564e-28
2500.0 2500.0 7.68848493782744482e-21 -2.61622286792578630e-25 -6.67350794801505478e-24 2.18502712382457553e-28
