# HITEMP pruned exponential-sum Planck-mean surface v1
# T_grid 300.0 2500.0 50.0
# columns T_gas T_rad kappaP_cm2_per_molecule d_dTgas d_dTrad d2_dTgas_dTrad
300.0 300.0 2.13745398855302685e-20 4.05356536322362101e-23 -1.30215536702261321e-22 -2.31337003496384058e-25
300.0 350.0 1.64359544790405068e-20 3.06137792095314843e-23 -7.35831817013764554e-23 -1.68290636491963229e-25
300.0 400.0 1.35627395545615893e-20 2.34231149212936692e-23 -4.45440833921317107e-23 -1.21958632090878283e-25
300.0 450.0 1.17523094938846648e-20 1.81909968033249109e-23 -2.94698514970520166e-23 -8.92407762584597029e-26
300.0 500.0 1.05022835194030630e-20 1.43388358392426205e-23 -2.13164395901833711e-23 -6.61721722886226946e-26
300.0 550.0 9.56485346708075667e-21 1.14633385676387976e-23 -1.65693234786662401e-23 -4.97614467315839508e-26
300.0 600.0 8.81732793726015329e-21 9.28641540051418465e-24 -1.35317592887267787e-23 -3.79491090192056186e-26
300.0 650.0 8.19675263026035707e-21 7.61528725190947614e-24 -1.14029092783864761e-23 -2.93398018680149990e-26
300.0 700.0 7.66827603322710520e-21 6.31502465844723172e-24 -9.80571058087175891e-24 -2.29848742663722876e-26
300.0 750.0 7.21042512076237972e-21 5.29017516790089913e-24 -8.55655246635760496e-24 -1.82339755403990919e-26
300.0 800.0 6.80846416070250492e-21 4.47246747296427323e-24 -7.55797122561219964e-24 -1.46370938933670467e-26
300.0 850.0 6.45144603316142285e-21 3.81252162450930074e-24 -6.75086546172580637e-24 -1.18798957716925490e-26
300.0 900.0 6.13087618668207930e-21 3.27421246974873229e-24 -6.09415087710364723e-24 -9.74071415577531947e-27
300.0 950.0 5.84005108834976441e-21 2.83080507465397494e-24 -5.55643168147405218e-24 -8.06169324938531585e-27
300.0 1000.0 5.57367043805924702e-21 2.46228333102114178e-24 -5.11262619043187839e-24 -6.72927886459312071e-27
300.0 1050.0 5.32756295895274706e-21 2.15348804295192277e-24 -4.74248409548084247e-24 -5.66093242360026225e-27
300.0 1100.0 5.09846697454141744e-21 1.89280807547127307e-24 -4.42975760164104152e-24 -4.79601973513464225e-27
300.0 1150.0 4.88384634303962992e-21 1.67125204234500161e-24 -4.16157632936037020e-24 -4.08951801111815345e-27
300.0 1200.0 4.68173568532814068e-21 1.48178374153810319e-24 -3.92789126468556368e-24 -3.50763679691292506e-27
300.0 1250.0 4.49061226813427004e-21 1.31884179983514995e-24 -3.72096466394210248e-24 -3.02474655519651732e-27
300.0 1300.0 4.30929210973904911e-21 1.17798902271354817e-24 -3.53491298174668099e-24 -2.62120638477249863e-27
300.0 1350.0 4.13684742299369702e-21 1.05565385472958750e-24 -3.36531146765917626e-24 -2.28181419322355977e-27
300.0 1400.0 3.97254221415690132e-21 9.48937836396872927e-25 -3.20886328713288364e-24 -1.99469092259697226e-27
300.0 1450.0 3.81578286200610413e-21 8.55470782092237634e-25 -3.06313035041378126e-24 -1.75046979331153202e-27
300.0 1500.0 3.66608074225866348e-21 7.73300787733653632e-25 -2.92631940893287400e-24 -1.54170163388003342e-27
300.0 1550.0 3.52302433234987522e-21 7.00809899487371583e-25 -2.79711534760043043e-24 -1.36241458740896248e-27
300.0 1600.0 3.38625864530368948e-21 6.36648866426302366e-25 -2.67455337917466254e-24 -1.20778506655725637e-27
300.0 1650.0 3.25547024345051635e-21 5.79686217781693716e-25 -2.55792245044265886e-24 -1.07388958552095562e-27
300.0 1700.0 3.13037644331544894e-21 5.28968190224187330e-25 -2.44669316547896808e-24 -9.57515911930766140e-28
300.0 1750.0 3.01071763006949003e-21 4.83686946015403130e-25 -2.34046464062362282e-24 -8.56018113161952149e-28
300.0 1800.0 2.89625185218060048e-21 4.43155180460990407e-25 -2.23892577128704493e-24 -7.67204367471464601e-28
300.0 1850.0 2.78675106868553453e-21 4.06785693426402005e-25 -2.14182733554459835e-24 -6.89249442579190994e-28
300.0 1900.0 2.68199857969638440e-21 3.74074847610053114e-25 -2.04896215664588961e-24 -6.20625900954079747e-28
300.0 1950.0 2.58178729281047656e-21 3.44589092543009176e-25 -1.96015119664055041e-24 -5.60049636982000493e-28
300.0 2000.0 2.48591857103394520e-21 3.17953923611035868e-25 -1.87523397058779975e-24 -5.06436468103219350e-28
300.0 2050.0 2.39420147782756355e-21 2.93844787897534681e-25 -1.79406207483951756e-24 -4.58867315385534068e-28
300.0 2100.0 2.30645228708544729e-21 2.71979556188309486e-25 -1.71649493392177327e-24 -4.16560106025781586e-28
300.0 2150.0 2.22249416444090433e-21 2.52112262266758361e-25 -1.64239710718492394e-24 -3.78846971934739157e-28
300.0 2200.0 2.14215695456414534e-21 2.34027873291866550e-25 -1.57163667469324273e-24 -3.45155647809110644e-28
300.0 2250.0 2.06527702964915645e-21 2.17537903407941480e-25 -1.50408435501395238e-24 -3.14994219396904020e-28
300.0 2300.0 1.99169716906147036e-21 2.02476720307977837e-25 -1.43961310630341786e-24 -2.87938559778284909e-28
300.0 2350.0 1.92126645063815103e-21 1.88698423856970140e-25 -1.37809803474982105e-24 -2.63621934069356972e-28
300.0 2400.0 1.85384014153067281e-21 1.76074199007664888e-25 -1.31941648752151208e-24 -2.41726362356113872e-28
300.0 2450.0 1.78927958160982500e-21 1.64490063548550377e-25 -1.26344824587225463e-24 -2.21975415157417051e-28
300.0 2500.0 1.72745205593804505e-21 1.53844945799292021e-25 -1.21007576174944223e-24 -2.04128181384372044e-28
350.0 300.0 2.32974944168292625e-20 3.64952462667498144e-23 -1.40802311295544759e-22 -1.93404270851592045e-25
350.0 350.0 1.79002986461705145e-20 2.80264563390826440e-23 -8.14341532093969514e-23 -1.46406464920806177e-25
350.0 400.0 1.46895910730958497e-20 2.16926391774801936e-23 -5.03017569277730991e-23 -1.08714829665929340e-25
350.0 450.0 1.26311473331464223e-20 1.69900196066086200e-23 -3.37169807303605018e-23 -8.08611265873061962e-26
350.0 500.0 1.11972602187815242e-20 1.34791438507285034e-23 -2.44838746232438507e-23 -6.06599090404201680e-26
350.0 550.0 1.01218944105856230e-20 1.08317666741589555e-23 -1.89614924332220474e-23 -4.60125066225085931e-26
350.0 600.0 9.26954464809054016e-21 8.81213745302124229e-24 -1.53621673332763774e-23 -3.53256309279035260e-26
350.0 650.0 8.56825851819517229e-21 7.25239844319138865e-24 -1.28218521152508920e-23 -2.74582000671430411e-26
350.0 700.0 7.97682934227019198e-21 6.03285883442967261e-24 -1.09197740249804381e-23 -2.16061485754089153e-26
350.0 750.0 7.46925860161611655e-21 5.06770126992742104e-24 -9.44200037140049504e-24 -1.72045223484595716e-26
350.0 800.0 7.02755772811624720e-21 4.29492712265313042e-24 -8.26990663220075998e-24 -1.38554823567856140e-26
350.0 850.0 6.63841786108058870e-21 3.66934581669593423e-24 -7.32951718447481409e-24 -1.12775346249939524e-26
350.0 900.0 6.29161140199437595e-21 3.15769387142494774e-24 -6.56920827831405587e-24 -9.27023238566495657e-27
350.0 950.0 5.97914905674831126e-21 2.73523059718029676e-24 -5.95005075965356561e-24 -7.68975355046625267e-27
350.0 1000.0 5.69476587282557262e-21 2.38335481365617328e-24 -5.44152772503019983e-24 -6.43201822609619784e-27
350.0 1050.0 5.43355867073716692e-21 2.08792768909450213e-24 -5.01942859999004808e-24 -5.42100332807387373e-27
350.0 1100.0 5.19170427975162674e-21 1.83808493575185074e-24 -4.66459036509364348e-24 -4.60063091056806894e-27
350.0 1150.0 4.96623112662893875e-21 1.62538934597398700e-24 -4.36197417121415339e-24 -3.92911330624964210e-27
350.0 1200.0 4.75483264135162033e-21 1.44322117184934177e-24 -4.09990098379223238e-24 -3.37498957950091800e-27
350.0 1250.0 4.55571609276015220e-21 1.28633570316529468e-24 -3.86939497063589049e-24 -2.91432955420273653e-27
350.0 1300.0 4.36748184104790328e-21 1.15053918746012803e-24 -3.66362256564375661e-24 -2.52874710014096186e-27
350.0 1350.0 4.18902833580584960e-21 1.03244915120808924e-24 -3.47742282022126169e-24 -2.20397718641601345e-27
350.0 1400.0 4.01947843400333031e-21 9.29315412015696598e-25 -3.30692298455092785e-24 -1.92884805020112945e-27
350.0 1450.0 3.85812298970012140e-21 8.38885112381619479e-25 -3.14923037675689604e-24 -1.69453216912400947e-27
350.0 1500.0 3.70437816381210492e-21 7.59299971925822757e-25 -3.00218986620388633e-24 -1.49399543169429183e-27
350.0 1550.0 3.55775344964219990e-21 6.89017336266354864e-25 -2.86419595546050946e-24 -1.32158832564909299e-27
350.0 1600.0 3.41782794733056506e-21 6.26748964376319211e-25 -2.73404910589932287e-24 -1.17273973619112641e-27
350.0 1650.0 3.28423290933063064e-21 5.71413159653270276e-25 -2.61084716293823590e-24 -1.04372551705247976e-27
350.0 1700.0 3.15663900111995756e-21 5.22097029024439888e-25 -2.49390415299899457e-24 -9.31492023686622850e-28
350.0 1750.0 3.03474707232846413e-21 4.78026496604388894e-25 -2.38269012665069240e-24 -8.33520399542980635e-28
350.0 1800.0 2.91828151727323311e-21 4.38542304771396433e-25 -2.27678699344492857e-24 -7.47721341771504498e-28
350.0 1850.0 2.80698552856925873e-21 4.03080675639741493e-25 -2.17585638407601296e-24 -6.72352857021859598e-28
350.0 1900.0 2.70061772241289560e-21 3.71157627997604437e-25 -2.07961647609089799e-24 -6.05955502492350569e-28
350.0 1950.0 2.59894974852738494e-21 3.42356182452972402e-25 -1.98782544366329239e-24 -5.47301032601847649e-28
350.0 2000.0 2.50176459987431069e-21 3.16315864353140091e-25 -1.90026976287156872e-24 -4.95351403186502480e-28
350.0 2050.0 2.40885541410405944e-21 2.92724046662414034e-25 -1.81675604705963364e-24 -4.49225837580215662e-28
350.0 2100.0 2.32002461611398077e-21 2.71308775235690955e-25 -1.73710542662196327e-24 -4.08174212142991784e-28
350.0 2150.0 2.23508329361398617e-21 2.51832795295430082e-25 -1.66114974547539530e-24 -3.71555428691883218e-28
350.0 2200.0 2.15385072890322429e-21 2.34088556528858230e-25 -1.58872904064566706e-24 -3.38819747332785763e-28
350.0 2250.0 2.07615403293073454e-21 2.17894019522451175e-25 -1.51968991651980499e-24 -3.09494283418474273e-28
350.0 2300.0 2.00182784430940988e-21 2.03089121504123259e-25 -1.45388453308222303e-24 -2.83171046824189758e-28
350.0 2350.0 1.93071406789335292e-21 1.89532786977449090e-25 -1.39117000700391504e-24 -2.59497034882245681e-28
350.0 2400.0 1.86266163605360141e-21 1.77100390596736435e-25 -1.33140808283312229e-24 -2.38165992632058977e-28
350.0 2450.0 1.79752628179937151e-21 1.65681596886703114e-25 -1.27446497412510203e-24 -2.18911533182262651e-28
350.0 2500.0 1.73517031709081502e-21 1.55178515167301747e-25 -1.22021130522380908e-24 -2.01501372581179124e-28
400.0 300.0 2.50340301786043984e-20 3.30543783972653862e-23 -1.49666733169497889e-22 -1.62139338335186962e-25
400.0 350.0 1.92445172950101167e-20 2.57950124554267231e-23 -8.82816953750610371e-23 -1.28004445964741688e-25
400.0 400.0 1.57357361939439764e-20 2.01866081781844349e-23 -5.54479898476060479e-23 -9.74216234224026167e-26
400.0 450.0 1.34537857638251834e-20 1.59377881373853674e-23 -3.75752373795388287e-23 -7.36407263262065009e-26
400.0 500.0 1.18519065924263176e-20 1.27221503932079671e-23 -2.73944620645224978e-23 -5.58712061312763544e-26
400.0 550.0 1.06492515156146824e-20 1.02735893177882393e-23 -2.11783959930974047e-23 -4.27338971481139193e-26
400.0 600.0 9.69944106491196700e-21 8.39189320773685129e-24 -1.70695827036332195e-23 -3.30184218256566297e-26
400.0 650.0 8.92267229786447951e-21 6.93034328351119084e-24 -1.41523698181928778e-23 -2.57954591250771535e-26
400.0 700.0 8.27208797354609045e-21 5.78228291226197572e-24 -1.19689077477104984e-23 -2.03826535488967050e-26
400.0 750.0 7.71761109793966576e-21 4.87019261234809931e-24 -1.02788761321436904e-23 -1.62875595564172922e-26
400.0 800.0 7.23829211768625715e-21 4.13750699865024717e-24 -8.94490173541230591e-24 -1.31569540121284304e-26
400.0 850.0 6.81865582867808830e-21 3.54268208823213763e-24 -7.87965749395673749e-24 -1.07375951325962272e-26
400.0 900.0 6.44687534200200863e-21 3.05495596409943903e-24 -7.02196670526260909e-24 -8.84738601905795974e-27
400.0 950.0 6.11376899109565600e-21 2.65133781884064196e-24 -6.32602069718670264e-24 -7.35469382121459730e-27
400.0 1000.0 5.81217354396656514e-21 2.31447225013979635e-24 -5.75630961389042731e-24 -6.16369946177298996e-27
400.0 1050.0 5.53650185798714675e-21 2.03112161876192176e-24 -5.28496727756680567e-24 -5.20408007146030989e-27
400.0 1100.0 5.28240440887080845e-21 1.79108319278871542e-24 -4.89012881393896278e-24 -4.42375581078105195e-27
400.0 1150.0 5.04650030403202335e-21 1.58641203425843705e-24 -4.55473861143013585e-24 -3.78378551654819135e-27
400.0 1200.0 4.82616143237767670e-21 1.41085934045846058e-24 -4.26559699136533617e-24 -3.25476303084240295e-27
400.0 1250.0 4.61934002662531697e-21 1.25946322657782720e-24 -4.01256991568009809e-24 -2.81426060734281585e-27
400.0 1300.0 4.42443230686523410e-21 1.12824796088218742e-24 -3.78793284758025911e-24 -2.44500395502006095e-27
400.0 1350.0 4.24017191785441049e-21 1.01400087233765856e-24 -3.58583278759716544e-24 -2.13356018388049687e-27
400.0 1400.0 4.06554760226943246e-21 9.14105307188616227e-25 -3.40185443001027758e-24 -1.86938701178226573e-27
400.0 1450.0 3.89974026396706531e-21 8.26414363236528454e-25 -3.23267596344819736e-24 -1.64413791958487962e-27
400.0 1500.0 3.74207530368264528e-21 7.49154548540186417e-25 -3.07579999628818476e-24 -1.45114987118990867e-27
400.0 1550.0 3.59198681847102049e-21 6.80851596151153616e-25 -2.92934590528475345e-24 -1.28506222778458384e-27
400.0 1600.0 3.44899090674703198e-21 6.20272831566620867e-25 -2.79189136488637787e-24 -1.14153069279007191e-27
400.0 1650.0 3.31266588946252893e-21 5.66382018251821072e-25 -2.66235257796333504e-24 -1.01701066568368522e-27
400.0 1700.0 3.18263773665392642e-21 5.18303693195649810e-25 -2.53989452853404196e-24 -9.08591723467309588e-28
400.0 1750.0 3.05856938003814563e-21 4.75294782488409852e-25 -2.42386424774178515e-24 -8.13870087852940353e-28
400.0 1800.0 2.94015290531241844e-21 4.36721848278979147e-25 -2.31374154409524131e-24 -7.30849556424306997e-28
400.0 1850.0 2.82710386368483557e-21 4.02042726744408803e-25 -2.20910287278074401e-24 -6.57863943230086323e-28
400.0 1900.0 2.71915713261696795e-21 3.70791616057659931e-25 -2.10959501482125380e-24 -5.93515907727140461e-28
400.0 1950.0 2.61606390161580814e-21 3.42566894629151626e-25 -2.01491602969740086e-24 -5.36628370189922770e-28
400.0 2000.0 2.51758946956615563e-21 3.17021114816687771e-25 -1.92480156563456650e-24 -4.86205668143043101e-28
400.0 2050.0 2.42351162337143129e-21 2.93852741199285329e-25 -1.83901509115332549e-24 -4.41402307213227760e-28
400.0 2100.0 2.33361942991457012e-21 2.72799296329334173e-25 -1.75734097791906031e-24 -4.01497674400312120e-28
400.0 2150.0 2.24771231958041248e-21 2.53631648461561221e-25 -1.67957964262725050e-24 -3.65875463659096690e-28
400.0 2200.0 2.16559937372094821e-21 2.36149230783899911e-25 -1.60554416460776963e-24 -3.34006849260875324e-28
400.0 2250.0 2.08709875351308679e-21 2.20176024271285655e-25 -1.53505795208095639e-24 -3.05436657570508252e-28
400.0 2300.0 2.01203722596252161e-21 2.05557169485279591e-25 -1.46795314620423531e-24 -2.79771951174985777e-28
400.0 2350.0 1.94024975609226743e-21 1.92156098686727482e-25 -1.40406953804442105e-24 -2.56672564119565956e-28
400.0 2400.0 1.87157914393205307e-21 1.79852100186233787e-25 -1.34325383694563550e-24 -2.35843223065259388e-28
400.0 2450.0 1.80587569178159049e-21 1.68538243178325364e-25 -1.28535917518944376e-24 -2.17026963592419521e-28
400.0 2500.0 1.74299689208295908e-21 1.58119604334196841e-25 -1.23024476770608986e-24 -1.99999608877940446e-28
450.0 300.0 2.66107891863228694e-20 3.00865877894831261e-23 -1.57101357089533854e-22 -1.35998639958520290e-25
450.0 350.0 2.04845229884322266e-20 2.38479890796418660e-23 -9.42797613034143576e-23 -1.12320996222493887e-25
450.0 400.0 1.67112604720037591e-20 1.88618002139228828e-23 -6.00695290918415801e-23 -8.76697954436865337e-26
450.0 450.0 1.42269360981629882e-20 1.50066768459468984e-23 -4.10964290401992144e-23 -6.73456965314206853e-26
450.0 500.0 1.24708718903379241e-20 1.20493650217248836e-23 -3.00806783030935795e-23 -5.16652785072061404e-26
450.0 550.0 1.11502563141979739e-20 9.77592685066413623e-24 -2.32412274327888584e-23 -3.98372087875180867e-26
450.0 600.0 1.01094748203846058e-20 8.01638594365194594e-24 -1.86683081534118285e-23 -3.09699827080408323e-26
450.0 650.0 9.26185369762764741e-21 6.64218846436032968e-24 -1.54043932932073468e-23 -2.43130629711225024e-26
450.0 700.0 8.55549158908195343e-21 5.55796608772012961e-24 -1.29601774964632344e-23 -1.92879267720559947e-26
450.0 750.0 7.95662031026576176e-21 4.69343118926779677e-24 -1.10723150124847969e-23 -1.54644975743241315e-26
450.0 800.0 7.44158356406963799e-21 3.99677834668763762e-24 -9.58675958362328526e-24 -1.25281862515405716e-26
450.0 850.0 6.99291081446050142e-21 3.42967234124008008e-24 -8.40415070686220003e-24 -1.02503512300040311e-26
450.0 900.0 6.59729341734981189e-21 2.96356077344711941e-24 -7.45461675872727915e-24 -8.46494829927834300e-27
450.0 950.0 6.24443968728612519e-21 2.57700351774944412e-24 -6.68604064363184046e-24 -7.05105045984144038e-27
450.0 1000.0 5.92634682848470650e-21 2.25375236768015811e-24 -6.05830725548153537e-24 -5.92011907422969408e-27
450.0 1050.0 5.63678626695134493e-21 1.98137275337401225e-24 -5.54016273906161520e-24 -5.00687001162029702e-27
450.0 1100.0 5.37091338590429991e-21 1.75025291666513111e-24 -5.10722853471282450e-24 -4.26276686587534173e-27
450.0 1150.0 5.12496126258074527e-21 1.55288869006752932e-24 -4.74056639561933564e-24 -3.65139717161906780e-27
450.0 1200.0 4.89599781424217491e-21 1.38336415279125166e-24 -4.42555292347981996e-24 -3.14518400582369582e-27
450.0 1250.0 4.68173364830390812e-21 1.23697178099658045e-24 -4.15096681459355655e-24 -2.72303975560109568e-27
450.0 1300.0 4.48037119431673686e-21 1.10993234850992465e-24 -3.90824510845379292e-24 -2.36868369701761325e-27
450.0 1350.0 4.29048736192090610e-21 9.99186564161860391e-25 -3.69088211857149378e-24 -2.06942788677852225e-27
450.0 1400.0 4.11094313257057792e-21 9.02238653901396724e-25 -3.49394978729759685e-24 -1.81529455352422357e-27
450.0 1450.0 3.94081450691247376e-21 8.17037847056637834e-25 -3.31371996846680287e-24 -1.59836929520278770e-27
450.0 1500.0 3.77934016895622403e-21 7.41887751405268428e-25 -3.14737061100752601e-24 -1.41232303389557918e-27
450.0 1550.0 3.62588208464556421e-21 6.75376426317066972e-25 -2.99275968134239506e-24 -1.25205558704165319e-27
450.0 1600.0 3.47989600679320133e-21 6.16321953464006054e-25 -2.84825284680601558e-24 -1.11342755157855661e-27
450.0 1650.0 3.34090950041605737e-21 5.63729714382557343e-25 -2.71259320960962043e-24 -9.93056835843975776e-28
450.0 1700.0 3.20850563345370483e-21 5.16758589028731661e-25 -2.58480353237545046e-24 -8.88162911368994343e-28
450.0 1750.0 3.08231090675275406e-21 4.74694010671879765e-25 -2.46411331349998466e-24 -7.96446588323194248e-28
450.0 1800.0 2.96198633722297386e-21 4.36926333951996177e-25 -2.34990470427161805e-24 -7.15996460107167927e-28
450.0 1850.0 2.84722087364241312e-21 4.02933352935385953e-25 -2.24167260692931918e-24 -6.45215537651638869e-28
450.0 1900.0 2.73772652949137743e-21 3.72266085145924811e-25 -2.13899537707459438e-24 -5.82763293609985594e-28
450.0 1950.0 2.63323477374745160e-21 3.44537144263044431e-25 -2.04151341025321755e-24 -5.27509561750641066e-28
450.0 2000.0 2.53349383920060266e-21 3.19411178498688785e-25 -1.94891355923653062e-24 -4.78497626605401211e-28
450.0 2050.0 2.43826669712516382e-21 2.96596967799733047e-25 -1.86091784164938386e-24 -4.34914489595583886e-28
450.0 2100.0 2.34732951393112083e-21 2.75840861103371760e-25 -1.77727528888886818e-24 -3.96066778119179280e-28
450.0 2150.0 2.26047045511814161e-21 2.56921302190955043e-25 -1.69775608343783489e-24 -3.61361121042699491e-28
450.0 2200.0 2.17748873866699559e-21 2.39644244511665096e-25 -1.62214735443699824e-24 -3.30288081392204717e-28
450.0 2250.0 2.09819386713740770e-21 2.23839295531660853e-25 -1.55025016804809940e-24 -3.02408938778064228e-28
450.0 2300.0 2.02240498766145286e-21 2.09356462530852254e-25 -1.48187737325531972e-24 -2.77344767436382439e-28
450.0 2350.0 1.94995034356987646e-21 1.96063396411923937e-25 -1.41685205580271645e-24 -2.54767373158007217e-28
450.0 2400.0 1.88066679196979129e-21 1.83843049563932513e-25 -1.35500642096001393e-24 -2.34391742852455657e-28
450.0 2450.0 1.81439936924207245e-21 1.72591679307558863e-25 -1.29618097584817901e-24 -2.15969730682250471e-28
450.0 2500.0 1.75100089192415076e-21 1.62217140826643692e-25 -1.24022391873887950e-24 -1.99284759495237021e-28
500.0 300.0 2.80490589422389471e-20 2.75019902387081421e-23 -1.63333641257982788e-22 -1.13891487775343963e-25
500.0 350.0 2.16331995295540208e-20 2.21345683357221798e-23 -9.95499235110187238e-23 -9.88107351157391989e-26
500.0 400.0 1.76244202465207519e-20 1.76876326814715980e-23 -6.42357042522183980e-23 -7.91650605297194842e-26
500.0 450.0 1.49561449930193506e-20 1.41773409179711341e-23 -4.43223866087925326e-23 -6.18072086709990790e-26
500.0 500.0 1.30580305835099572e-20 1.14480414520144964e-23 -3.25689891293340108e-23 -4.79404097568458683e-26
500.0 550.0 1.16277050680786149e-20 9.33008385314267332e-24 -2.51674077202136128e-23 -3.72587002352751484e-26
500.0 600.0 1.05017210274326945e-20 7.67949787700535450e-24 -2.01701981232148354e-23 -2.91390744870470195e-26
500.0 650.0 9.58738040252022449e-21 6.38350498530058630e-24 -1.65862194150220455e-23 -2.29836237291550794e-26
500.0 700.0 8.82826563290949960e-21 5.35661270100203585e-24 -1.38995323525164922e-23 -1.83033808011842720e-26
500.0 750.0 8.18725652825693338e-21 4.53489728177676834e-24 -1.18266734426322184e-23 -1.47224903867953323e-26
500.0 800.0 7.63821382083959098e-21 3.87076172575290500e-24 -1.01987301409081484e-23 -1.19601626804284435e-26
500.0 850.0 7.16182278510788183e-21 3.32871881709828833e-24 -8.90546187135500177e-24 -9.80938844332897110e-27
500.0 900.0 6.74339726765890636e-21 2.88218367531504871e-24 -7.86905630147481366e-24 -8.11829951559217355e-27
500.0 950.0 6.37160882913863930e-21 2.51110088220835064e-24 -7.03159180646329656e-24 -6.77545693786433306e-27
500.0 1000.0 6.03766748609613203e-21 2.20021332654247626e-24 -6.34869121978223465e-24 -5.69879393562067531e-27
500.0 1050.0 5.73474126417594564e-21 1.93780684434854469e-24 -5.78595083853309071e-24 -4.82751719800455036e-27
500.0 1100.0 5.45751846864777560e-21 1.71480084468335466e-24 -5.31664585913764433e-24 -4.11625559968524867e-27
500.0 1150.0 5.20186705997730132e-21 1.52408802467432104e-24 -4.92007501060546634e-24 -3.53086001440641454e-27
500.0 1200.0 4.96456679169881140e-21 1.36005267883099616e-24 -4.58027777795537830e-24 -3.04539369544793718e-27
500.0 1250.0 4.74309873491139157e-21 1.21821703904036754e-24 -4.28500909028613038e-24 -2.63997256877584999e-27
500.0 1300.0 4.53548087531557599e-21 1.09497964007503700e-24 -4.02491467580137186e-24 -2.29920950174985961e-27
500.0 1350.0 4.34014068852831427e-21 9.87420140396715600e-25 -3.79287150903546304e-24 -2.01108743730481138e-27
500.0 1400.0 4.15581715323870616e-21 8.93152428768745174e-25 -3.58346558439240857e-24 -1.76613763245225194e-27
500.0 1450.0 3.98148594989386488e-21 8.10213068635058389e-25 -3.39258295170014370e-24 -1.55683579929541684e-27
500.0 1500.0 3.81630272427409522e-21 7.36975810436706661e-25 -3.21709277743122684e-24 -1.37715470657811432e-27
500.0 1550.0 3.65956028714536594e-21 6.72085496015666452e-25 -3.05460400796650833e-24 -1.22222985271035590e-27
500.0 1600.0 3.51065647107653493e-21 6.14406514242963673e-25 -2.90328005673089625e-24 -1.08810744901305432e-27
500.0 1650.0 3.36907007538882404e-21 5.62982271034147850e-25 -2.76169866584341524e-24 -9.71552790476564218e-28
500.0 1700.0 3.23434290953149682e-21 5.17003068911283833e-25 -2.62874656765265145e-24 -8.69903293332782968e-28
500.0 1750.0 3.10606640884816842e-21 4.75780461754574979e-25 -2.50354071610766574e-24 -7.80954847991457926e-28
500.0 1800.0 2.98387166188980828e-21 4.38726636211558464e-25 -2.38536965235520561e-24 -7.02873229681516188e-28
500.0 1850.0 2.86742197235544379e-21 4.05337725942560690e-25 -2.27365003060445390e-24 -6.34124512852587002e-28
500.0 1900.0 2.75640729714277998e-21 3.75180225913419309e-25 -2.16789449646476670e-24 -5.73420015491109512e-28
500.0 1950.0 2.65054006854591829e-21 3.47879867586807955e-25 -2.06768802548094152e-24 -5.19672440497937471e-28
500.0 2000.0 2.54955203473775177e-21 3.23112460669364900e-25 -1.97267053927125245e-24 -4.71960711312564396e-28
500.0 2050.0 2.45319184758184489e-21 3.00596316226231860e-25 -1.88252416126348571e-24 -4.29501607408845769e-28
500.0 2100.0 2.36122319787694919e-21 2.80085948897913023e-25 -1.79696388854883377e-24 -3.91626754736718138e-28
500.0 2150.0 2.27342335110779278e-21 2.61366819430450480e-25 -1.71573076981295966e-24 -3.57763860761207923e-28
500.0 2200.0 2.18958197610301110e-21 2.44250927677810166e-25 -1.63858691501560236e-24 -3.27421334717424077e-28
500.0 2250.0 2.10950018809094321e-21 2.28573104243570560e-25 -1.56531183893492550e-24 -3.00175623370186621e-28
500.0 2300.0 2.03298974909007960e-21 2.14187878644103818e-25 -1.49569977225284350e-24 -2.75660736956964223e-28
500.0 2350.0 1.95987238431884935e-21 2.00966825252578776e-25 -1.42955767160199147e-24 -2.53559550691708793e-28
500.0 2400.0 1.88997918484013522e-21 1.88796306787419164e-25 -1.36670373238961996e-24 -2.33596552654151816e-28
500.0 2450.0 1.82315007506062500e-21 1.77575549839298669e-25 -1.30696626166334020e-24 -2.15531775274143951e-28
500.0 2500.0 1.75923332980549762e-21 1.67214998719990614e-25 -1.25018280763262466e-24 -1.99155699516618475e-28
550.0 300.0 2.93662252892488738e-20 2.52330556319374496e-23 -1.68544135517802809e-22 -9.50139764159438235e-26
550.0 350.0 2.27012134363441369e-20 2.06161605444952760e-23 -1.04190176145767763e-22 -8.70674355065600543e-26
550.0 400.0 1.84821308716889145e-20 1.66406386321839664e-23 -6.80030771320969087e-23 -7.16866777790827945e-26
550.0 450.0 1.56461063072164011e-20 1.34347643192883606e-23 -4.72875961212101184e-23 -5.68979330695739855e-26
550.0 500.0 1.36166917380631804e-20 1.09081516547105032e-23 -3.48814243369879668e-23 -4.46195025974711575e-26
550.0 550.0 1.20840054937429604e-20 8.92910983366945265e-24 -2.69715712777499102e-23 -3.49498120769581119e-26
550.0 600.0 1.08779790676921889e-20 7.37624709796304382e-24 -2.15852997467391044e-23 -2.74941092233210564e-26
550.0 650.0 9.90062846642775649e-21 6.15060801027574923e-24 -1.77049416517244336e-23 -2.17860386544571239e-26
550.0 700.0 9.09148377984944868e-21 5.17541378081354320e-24 -1.47921024180050133e-23 -1.74146005286287349e-26
550.0 750.0 8.41037250803136532e-21 4.39238568186454108e-24 -1.25457401606901776e-23 -1.40515034966133380e-26
550.0 800.0 7.82887102025312435e-21 3.75767554497427162e-24 -1.07836636053108418e-23 -1.14457825298516905e-26
550.0 850.0 7.32595503823004089e-21 3.23834182563870928e-24 -9.38577055710078548e-24 -9.40960695359085752e-27
550.0 900.0 6.88565404445845187e-21 2.80956326207214739e-24 -8.26697666637275060e-24 -7.80372498095709505e-27
550.0 950.0 6.49566847821246400e-21 2.45252856831196436e-24 -7.36400405100739168e-24 -6.52516877216663827e-27
550.0 1000.0 6.14646819218563746e-21 2.15287288409898327e-24 -6.62851966758239474e-24 -5.49766534412303739e-27
550.0 1050.0 5.83065202201792754e-21 1.89953169877449276e-24 -6.02318267228240136e-24 -4.66445095170036256e-27
550.0 1100.0 5.54246643780608391e-21 1.68390411020128886e-24 -5.51907209050369798e-24 -3.98300027517260690e-27
550.0 1150.0 5.27743315576531094e-21 1.49924165686368998e-24 -5.09383103005064205e-24 -3.42120257255410227e-27
550.0 1200.0 5.03205805021823345e-21 1.34020036888227774e-24 -4.73023974969605764e-24 -2.95460043883535540e-27
550.0 1250.0 4.80360359334300456e-21 1.20251062413635813e-24 -4.41508660353348336e-24 -2.56439669709368031e-27
550.0 1300.0 4.58991179291447994e-21 1.08273212298165938e-24 -4.13826849580574540e-24 -2.23601207193959709e-27
550.0 1350.0 4.38926731066704130e-21 9.78070586278704425e-25 -3.89207697583493751e-24 -1.95803657254423075e-27
550.0 1400.0 4.20029234922523420e-21 8.86239454642235445e-25 -3.67063631421865931e-24 -1.72146240376089266e-27
550.0 1450.0 4.02186643275633177e-21 8.05354617702578032e-25 -3.46946532832078545e-24 -1.51911875594280670e-27
550.0 1500.0 3.85306551420845505e-21 7.33853571377684598e-25 -3.28513877587763016e-24 -1.34525202897876732e-27
550.0 1550.0 3.69311595828481002e-21 6.70432789367396835e-25 -3.11502780897521318e-24 -1.19521145259375889e-27
550.0 1600.0 3.54135988742521813e-21 6.13998791292669946e-25 -2.95710243006041601e-24 -1.06521161647512610e-27
550.0 1650.0 3.39722915072643043e-21 5.63629599209555548e-25 -2.80978204424218538e-24 -9.52151549413762077e-28
550.0 1700.0 3.26022580000908800e-21 5.18544140862969665e-25 -2.67182297479435051e-24 -8.53475710627307533e-28
550.0 1750.0 3.12990745326399438e-21 4.78077782955724408e-25 -2.54223416355788409e-24 -7.67066301509373304e-28
550.0 1800.0 3.00587631438205074e-21 4.41662631446568318e-25 -2.42021422142222765e-24 -6.91159177674702427e-28
550.0 1850.0 2.88777091915270244e-21 4.08811567802189516e-25 -2.30510456198276756e-24 -6.24277691107051041e-28
550.0 1900.0 2.77525990855258126e-21 3.79105234816212121e-25 -2.19635459391307563e-24 -5.65180264882306839e-28
550.0 1950.0 2.66803730628084663e-21 3.52181367434922620e-25 -2.09349591822960740e-24 -5.12818568205667304e-28
550.0 2000.0 2.56581891062452872e-21 3.27726000227067872e-25 -1.99612322644303905e-24 -4.66303935712892868e-28
550.0 2050.0 2.46833951093564550e-21 3.05466185967813968e-25 -1.90388016962095759e-24 -4.24880244856779190e-28
550.0 2100.0 2.37535071409277535e-21 2.85163938053988169e-25 -1.81644890467554367e-24 -3.87901886800558622e-28
550.0 2150.0 2.28661922237164120e-21 2.66611169460198076e-25 -1.73354235384539231e-24 -3.54815780557006413e-28
550.0 2200.0 2.20192544585970540e-21 2.49625447277632215e-25 -1.65489846122069467e-24 -3.25146616238245658e-28
550.0 2250.0 2.12106236349056129e-21 2.34046417912001779e-25 -1.58027591581569349e-24 -2.98484692001490762e-28
550.0 2300.0 2.04383456966340925e-21 2.19732786229726070e-25 -1.50945094926035798e-24 -2.74475845534842103e-28
550.0 2350.0 1.97005746030674567e-21 2.06559754169731359e-25 -1.44221491931319932e-24 -2.52813085548880972e-28
550.0 2400.0 1.89955652467388142e-21 1.94416841958304749e-25 -1.37837246694376760e-24 -2.33229609615237844e-28
550.0 2450.0 1.83216671828262033e-21 1.83206029108488397e-25 -1.31774009141823695e-24 -2.15492957618790845e-28
550.0 2500.0 1.76773189909077575e-21 1.72840163641629289e-25 -1.26014502969468865e-24 -1.99400099352873010e-28
600.0 300.0 3.05767793184259504e-20 2.32299717288923621e-23 -1.72878839789383911e-22 -7.87726013381543435e-26
600.0 350.0 2.36975815663448226e-20 1.92643722931280241e-23 -1.08281020753757787e-22 -7.67897734335580999e-26
600.0 400.0 1.92903093823732639e-20 1.57036510727733147e-23 -7.14187019514016849e-23 -6.50706937813285269e-26
600.0 450.0 1.63008794577165740e-20 1.27680559284987653e-23 -5.00210640727346186e-23 -5.25233551879306761e-26
600.0 500.0 1.41497444796681167e-20 1.04225041249304969e-23 -3.70367015502497093e-23 -4.16454379143082804e-26
600.0 550.0 1.25212774387575388e-20 8.56809046695076591e-24 -2.86662715123865924e-23 -3.28746723622836741e-26
600.0 600.0 1.12398446969311623e-20 7.10317106268067989e-24 -2.29223108053127099e-23 -2.60118406374669997e-26
600.0 650.0 1.02028256251141959e-20 5.94098752670556348e-24 -1.87667556299357337e-23 -2.07048505384232902e-26
600.0 700.0 9.34610856870962083e-21 5.01249921171481063e-24 -1.56424074928308606e-23 -1.66110872384036678e-26
600.0 750.0 8.62673536242220093e-21 4.26446463016665106e-24 -1.32328816008317291e-23 -1.34442788561453292e-26
600.0 800.0 8.01417542033035236e-21 3.65639328455930563e-24 -1.13441135087018307e-23 -1.09799527170340590e-26
600.0 850.0 7.48581555933564170e-21 3.15763037285205072e-24 -9.84704515782301326e-24 -9.04738649283535675e-27
600.0 900.0 7.02448458100239948e-21 2.74494259343607424e-24 -8.64991703692889627e-24 -7.51862128612350085e-27
600.0 950.0 6.61697089394142163e-21 2.40064100312312977e-24 -7.68449631909711497e-24 -6.29829290476280900e-27
600.0 1000.0 6.25304659820295650e-21 2.11116688194593322e-24 -6.89876888114535117e-24 -5.31534096822608058e-27
600.0 1050.0 5.92477223882272072e-21 1.86604338965602281e-24 -6.25264804816270046e-24 -4.51663422297099264e-27
600.0 1100.0 5.62597527750563943e-21 1.65710395416449079e-24 -5.71515189735762650e-24 -3.86221701957083714e-27
600.0 1150.0 5.35184826875067459e-21 1.47792524770571396e-24 -5.26236484148084773e-24 -3.32182180829346708e-27
600.0 1200.0 5.09863614707445697e-21 1.32340962441825350e-24 -4.87587829839836641e-24 -2.87233042832980020e-27
600.0 1250.0 4.86339269889938097e-21 1.18947619214089542e-24 -4.54156578545935623e-24 -2.49593058399814257e-27
600.0 1300.0 4.64379163047136337e-21 1.07283079541312844e-24 -4.24861385272414935e-24 -2.17877554250274087e-27
600.0 1350.0 4.43798079421745735e-21 9.70793461002969367e-25 -3.98875754013855220e-24 -1.91000604083373531e-27
600.0 1400.0 4.24447035841346754e-21 8.81167881962021556e-25 -3.75568135390198808e-24 -1.68103255495322543e-27
600.0 1450.0 4.06204746908222051e-21 8.02141846712857493e-25 -3.54455371952012096e-24 -1.48500503604460769e-27
600.0 1500.0 3.88971142217588771e-21 7.32210612292901137e-25 -3.35166802209141144e-24 -1.31641814691360208e-27
600.0 1550.0 3.72662459509223939e-21 6.70117424585731200e-25 -3.17416780070391793e-24 -1.17081496822263107e-27
600.0 1600.0 3.57207540633863141e-21 6.14806959929928820e-25 -3.00983766630647884e-24 -1.04456273317929843e-27
600.0 1650.0 3.42545040311837745e-21 5.65388586587127534e-25 -2.85694505502916117e-24 -9.34681636298456590e-28
600.0 1700.0 3.28621324271696487e-21 5.21107152285401666e-25 -2.71412097687963494e-24 -8.38713056971325674e-28
600.0 1750.0 3.15388885979921682e-21 4.81319587829161204e-25 -2.58027046936696296e-24 -7.54617292384100115e-28
600.0 1800.0 3.02805152234358395e-21 4.45476041497251756e-25 -2.45450554758420704e-24 -6.80693566029812554e-28
600.0 1850.0 2.90831579609307000e-21 4.13104570215210814e-25 -2.33609510917259715e-24 -6.15516989401803776e-28
600.0 1900.0 2.79432968029840718e-21 3.83798643355342790e-25 -2.22442756619805519e-24 -5.57888530138013975e-28
600.0 1950.0 2.68576936228143201e-21 3.57206886112904003e-25 -2.11898299813460927e-24 -5.06795036681089783e-28
600.0 2000.0 2.58233517808462846e-21 3.33024617775705734e-25 -2.01931240753664167e-24 -4.61377096981943493e-28
600.0 2050.0 2.48374847166659577e-21 3.10986837280444334e-25 -1.92502226161790171e-24 -4.20903043655621571e-28
600.0 2100.0 2.38974912399935609e-21 2.90862382433253803e-25 -1.83576295968199365e-24 -3.84747814295343392e-28
600.0 2150.0 2.30009358239340124e-21 2.72449045984706861e-25 -1.75122021125116413e-24 -3.52375671532265462e-28
600.0 2200.0 2.21455326434286655e-21 2.55569475694971912e-25 -1.67110856908534776e-24 -3.23326010027936589e-28
600.0 2250.0 2.13291324287949942e-21 2.40067719755624620e-25 -1.59516655561816532e-24 -2.97201646317192092e-28
600.0 2300.0 2.05497114469171147e-21 2.25806305775143986e-25 -1.52315296653204411e-24 -2.73659116249341541e-28
600.0 2350.0 1.98053621024039235e-21 2.12663762714006136e-25 -1.45484404341147717e-24 -2.52400603841213997e-28
600.0 2400.0 1.90942847839419736e-21 2.00532511967175895e-25 -1.39003128790073483e-24 -2.33167202047410617e-28
600.0 2450.0 1.84147806791757394e-21 1.89317067210602853e-25 -1.32851974954100637e-24 -2.15733265713391921e-28
600.0 2500.0 1.77652453537551637e-21 1.78932493397673701e-25 -1.27012666373892392e-24 -1.99901663827483773e-28
650.0 300.0 3.16930298828233615e-20 2.14551366793959003e-23 -1.76457880268646983e-22 -6.47211022580165679e-26
650.0 350.0 2.46300735337144839e-20 1.80577420033177177e-23 -1.11889787750797145e-22 -6.77502178338043173e-26
650.0 400.0 2.00541166363506131e-20 1.48636933612294769e-23 -7.45224559191751710e-23 -5.91930870722605266e-26
650.0 450.0 1.69240425490703830e-20 1.21689884185607902e-23 -5.25476550214445004e-23 -4.86119212888081541e-26
650.0 500.0 1.46597588373471886e-20 9.98567314521716361e-24 -3.90510322224180679e-23 -3.89749474650200983e-26
650.0 550.0 1.29414216361020765e-20 8.24332554840032744e-24 -3.02624854595732508e-23 -3.10060884818379044e-26
650.0 600.0 1.15887584118650537e-20 6.85767058619184630e-24 -2.41889054349448851e-23 -2.46746282404102826e-26
650.0 650.0 1.04950863499012313e-20 5.75276768034613193e-24 -1.97771744931438419e-23 -1.97283109464610747e-26
650.0 700.0 9.59301757076215224e-21 4.86647998735476319e-24 -1.64545022335230589e-23 -1.58848431534903817e-26
650.0 750.0 8.83704669576483888e-21 4.15007950707842558e-24 -1.38911412440524430e-23 -1.28952706246270757e-26
650.0 800.0 8.19469538523456506e-21 3.56609395876511320e-24 -1.18824055574220181e-23 -1.05587668936048401e-26
650.0 850.0 7.64187010930023547e-21 3.08592911568952138e-24 -1.02910910840170113e-23 -8.71993811938043448e-27
650.0 900.0 7.16027444554005871e-21 2.68778526654369534e-24 -9.01929850173597622e-24 -7.26097345503324913e-27
650.0 950.0 6.73583814300632882e-21 2.35498816272440142e-24 -7.99420092837817191e-24 -6.09335774560219086e-27
650.0 1000.0 6.35767390526009711e-21 2.07470868914362497e-24 -7.16035080801186309e-24 -5.15073502567686477e-27
650.0 1050.0 6.01733195942770272e-21 1.83700228536376335e-24 -6.47508835271097572e-24 -4.38325768131992869e-27
650.0 1100.0 5.70824143805770333e-21 1.63409595476995841e-24 -5.90549295753767884e-24 -3.75329605531330560e-27
650.0 1150.0 5.42528121614564374e-21 1.45986105104860527e-24 -5.42617808886830588e-24 -3.23225281234699285e-27
650.0 1200.0 5.16444701791363532e-21 1.30942316631075155e-24 -5.01761010871835512e-24 -2.79822436866526264e-27
650.0 1250.0 4.92259293003553816e-21 1.17887239798112016e-24 -4.66479461998026504e-24 -2.43429215263052019e-27
650.0 1300.0 4.69723131413588576e-21 1.06504692918646075e-24 -4.35624272530547621e-24 -2.12727438817516608e-27
650.0 1350.0 4.48637865304080673e-21 9.65370223045357000e-25 -4.08315919982871781e-24 -1.86681175699068541e-27
650.0 1400.0 4.28843737415689205e-21 8.77727575216894770e-25 -3.83880871638039172e-24 -1.64469435599445259e-27
650.0 1450.0 4.10210566434749680e-21 8.00371722481337626e-25 -3.61802459018278953e-24 -1.45436311885397854e-27
650.0 1500.0 3.92630890810543967e-21 7.31850049239011669e-25 -3.41683065764406588e-24 -1.29053776069273678e-27
650.0 1550.0 3.76014771779356059e-21 6.70947971512790241e-25 -3.23215207347609319e-24 -1.14893692388174407e-27
650.0 1600.0 3.60285862019990038e-21 6.16644537278109487e-25 -3.06159532031483960e-24 -1.02606592765186885e-27
650.0 1650.0 3.45378434887313583e-21 5.68077329143381415e-25 -2.90328162738565853e-24 -9.19054437257240055e-28
650.0 1700.0 3.31235139683320453e-21 5.24514509905672098e-25 -2.75572129763965755e-24 -8.25531277590937748e-28
650.0 1750.0 3.17805303873528839e-21 4.85332398051008914e-25 -2.61771917343790260e-24 -7.43527107503168886e-28
650.0 1800.0 3.05043646274543744e-21 4.49997358699515942e-25 -2.48830368183182259e-24 -6.71398162376798463e-28
650.0 1850.0 2.92909298462566268e-21 4.18051088014548753e-25 -2.36667365976976257e-24 -6.07766058617557291e-28
650.0 1900.0 2.81365057057539554e-21 3.89098585479458081e-25 -2.25215853971674571e-24 -5.51469941615578172e-28
650.0 1950.0 2.70376808843705817e-21 3.62798269768150091e-25 -2.14418854660404675e-24 -5.01528193454110221e-28
650.0 2000.0 2.59913085284163718e-21 3.38853815161307106e-25 -2.04227237966086909e-24 -4.57107599830642939e-28
650.0 2050.0 2.49944713979480418e-21 3.17007377278257779e-25 -1.94598048025131495e-24 -4.17498378703767104e-28
650.0 2100.0 2.40444542869082186e-21 2.97033946981139437e-25 -1.85493246279805820e-24 -3.82093846417014435e-28
650.0 2150.0 2.31387219148413210e-21 2.78736625209908675e-25 -1.76878764514146848e-24 -3.50373776100636409e-28
650.0 2200.0 2.22749009485474286e-21 2.61942653267804659e-25 -1.68723788484611699e-24 -3.21890713388800602e-28
650.0 2250.0 2.14507651557047171e-21 2.46500065653846711e-25 -1.61000213050414134e-24 -2.96258674070627274e-28
650.0 2300.0 2.06642229482596952e-21 2.32274858123638485e-25 -1.53682224855094377e-24 -2.73143770317146717e-28
650.0 2350.0 1.99133067634759562e-21 2.19148583877381169e-25 -1.46745979914905329e-24 -2.52256406092697868e-28
650.0 2400.0 1.91961638716940552e-21 2.07016306846505230e-25 -1.40169351891931078e-24 -2.33344755212012798e-28
650.0 2450.0 1.85110483044894148e-21 1.95784853897339121e-25 -1.33931733096376652e-24 -2.16189292355225759e-28
650.0 2500.0 1.78563136745051446e-21 1.85371318095143216e-25 -1.28013874918607592e-24 -2.00598191990312227e-28
700.0 300.0 3.27255796621725448e-20 1.98775338780564594e-23 -1.79381563868603906e-22 -5.25080353324681364e-26
700.0 350.0 2.55054716276025758e-20 1.69780417639710613e-23 -1.15073639721122061e-22 -5.97671614971427493e-26
700.0 400.0 2.07781063550110036e-20 1.41093500538084152e-23 -7.73486404580760142e-23 -5.39535406599122345e-26
700.0 450.0 1.75187807214926939e-20 1.16300138807543788e-23 -5.48889942401648694e-23 -4.51048622325284137e-26
700.0 500.0 1.51490391789314990e-20 9.59243066483300855e-24 -4.09386524735817556e-23 -3.65718351814384427e-26
700.0 550.0 1.33461522938413295e-20 7.95104481237602394e-24 -3.17699359243894349e-23 -2.93208058412395992e-26
700.0 600.0 1.19260252505769633e-20 6.63692811886987883e-24 -2.53919340078736237e-23 -2.34669881411321933e-26
700.0 650.0 1.07784236566071317e-20 5.58377466363154458e-24 -2.07411546428548164e-23 -1.88457896041664293e-26
700.0 700.0 9.83301015553643997e-21 4.73562994568552587e-24 -1.72320556698901733e-23 -1.52283732774407267e-26
700.0 750.0 9.04194618412917411e-21 4.04782336912143874e-24 -1.45232896840341733e-23 -1.23990683203311742e-26
700.0 800.0 8.37094897271379187e-21 3.48560343195702501e-24 -1.24006686362659174e-23 -1.01782354665299081e-26
700.0 850.0 7.79454259489373589e-21 3.02223720597669065e-24 -1.07195693105446796e-23 -8.42426213179453321e-27
700.0 900.0 7.29337360287661056e-21 2.63722186775702350e-24 -9.37643444061209558e-24 -7.02848487973789885e-27
700.0 950.0 6.85256138411825565e-21 2.31480209173677536e-24 -8.29416864128070062e-24 -5.90857482731800743e-27
700.0 1000.0 6.46059398713385752e-21 2.04280997874916722e-24 -7.41411472280663106e-24 -5.00243214315116223e-27
700.0 1050.0 6.10853667230610322e-21 1.81178354668966366e-24 -6.69119609997862083e-24 -4.26318389989385143e-27
700.0 1100.0 5.78943898948318828e-21 1.61430665782667028e-24 -6.09066427395940568e-24 -3.65530982433408995e-27
700.0 1150.0 5.49788016923974625e-21 1.44451780386112244e-24 -5.58574135182227660e-24 -3.15172849046204738e-27
700.0 1200.0 5.22961735572727862e-21 1.29774485321834540e-24 -5.15582653273792561e-24 -2.73163929992872236e-27
700.0 1250.0 4.98131307543684806e-21 1.17023272395753766e-24 -4.78510011187989684e-24 -2.37893553161441479e-27
700.0 1300.0 4.75032464227019367e-21 1.05893930858354264e-24 -4.46142944614182644e-24 -2.08103945743642357e-27
700.0 1350.0 4.53454208850019363e-21 9.61381527614232214e-25 -4.17551287790747974e-24 -1.82804578196952702e-27
700.0 1400.0 4.33226397902770340e-21 8.75518310872735651e-25 -3.92021333825511032e-24 -1.61208915351540892e-27
700.0 1450.0 4.14210262636928806e-21 7.99660919526886298e-25 -3.69004289391856135e-24 -1.42687437656774932e-27
700.0 1500.0 3.96291197775756708e-21 7.32403642079363041e-25 -3.48076654787867322e-24 -1.26732501521730897e-27
700.0 1550.0 3.79373288077739955e-21 6.72569785426001796e-25 -3.28909942386878477e-24 -1.12931851057936532e-27
700.0 1600.0 3.63375159982755381e-21 6.19169239868779155e-25 -3.11247644148158005e-24 -1.00948488215954208e-27
700.0 1650.0 3.48226839150016643e-21 5.71364874604722072e-25 -2.94887782342536408e-24 -9.05052478729741245e-28
700.0 1700.0 3.33867368860957223e-21 5.28445726493048731e-25 -2.79669731596389091e-24 -8.13728805230947093e-28
700.0 1750.0 3.20243002353990546e-21 4.89805457666762225e-25 -2.65464290277050712e-24 -7.33607706484422421e-28
700.0 1800.0 3.07305827209279533e-21 4.54924932087870282e-25 -2.52166212381217980e-24 -6.63096516625518894e-28
700.0 1850.0 2.95012714543480396e-21 4.23358036601799383e-25 -2.39688595658473206e-24 -6.00858455826777013e-28
700.0 1900.0 2.83324512230861112e-21 3.94720076142418678e-25 -2.27958665955187850e-24 -5.45766764138316107e-28
700.0 1950.0 2.72205421456678690e-21 3.68678225137949877e-25 -2.16914609337064995e-24 -4.96867940578841117e-28
700.0 2000.0 2.61622511095901263e-21 3.44943631864038700e-25 -2.06503189125807346e-24 -4.53352098493767154e-28
700.0 2050.0 2.51545335848643726e-21 3.23264859496404701e-25 -1.96677950184269939e-24 -4.14528922218121447e-28
700.0 2100.0 2.41945632654591798e-21 3.03422414129010949e-25 -1.87397862192751712e-24 -3.79808062250246426e-28
700.0 2150.0 2.32797076345328838e-21 2.85224161259393266e-25 -1.78626290942180804e-24 -3.48683069795666552e-28
700.0 2200.0 2.24075080307835273e-21 2.68501471997041545e-25 -1.70330214708444013e-24 -3.20718170441708955e-28
700.0 2250.0 2.15756631528202237e-21 2.53105971312481836e-25 -1.62479623803020096e-24 -2.95537327913275414e-28
700.0 2300.0 2.07820152067301264e-21 2.38906785077002434e-25 -1.55047057135236223e-24 -2.72815164628333913e-28
700.0 2350.0 2.00245381020024538e-21 2.25788201978500062e-25 -1.48007241383974316e-24 -2.52269395050923267e-28
700.0 2400.0 1.93013272499580118e-21 2.13647681795594035e-25 -1.41336807154199159e-24 -2.33654497160459262e-28
700.0 2450.0 1.86105906298201401e-21 2.02394153835369550e-25 -1.35014063037449720e-24 -2.16756401530801708e-28
700.0 2500.0 1.79506408701490236e-21 1.91946559259655083e-25 -1.29018813369858383e-24 -2.01388020113151528e-28
750.0 300.0 3.36836549191370263e-20 1.84720951770730196e-23 -1.81734740474620420e-22 -4.18587374865813236e-26
750.0 350.0 2.63297452515295670e-20 1.60102533560301384e-23 -1.17881718281422128e-22 -5.26969130368830104e-26
750.0 400.0 2.14663208368294561e-20 1.34310244130872595e-23 -7.99271070580947966e-23 -4.92716354553488270e-26
750.0 450.0 1.80879396197834015e-20 1.11446563768824485e-23 -5.70640875598799700e-23 -4.19543697334118788e-26
750.0 500.0 1.56196540205870684e-20 9.23820183340346411e-24 -4.27121767307258043e-23 -3.44061751320571292e-26
750.0 550.0 1.37370132452811335e-20 7.68788835563590859e-24 -3.31972981499120329e-23 -2.77992594105372875e-26
750.0 600.0 1.22528229063408259e-20 6.43839221420887254e-24 -2.65375454377982774e-23 -2.23756495134284509e-26
750.0 650.0 1.10537524587015068e-20 5.43201378552251535e-24 -2.16631680890054358e-23 -1.80479966443791848e-26
750.0 700.0 1.00668080455541945e-20 4.61834932734664384e-24 -1.79783932544395296e-23 -1.46349936954885687e-26
750.0 750.0 9.24201053194764472e-21 3.95638394608771939e-24 -1.51318479810542377e-23 -1.19507452792515775e-26
750.0 800.0 8.54340203688495451e-21 3.41382356351109323e-24 -1.29008465206961892e-23 -9.83464800825331434e-27
750.0 850.0 7.94421278149621524e-21 2.96561928876724324e-24 -1.11340008425460162e-23 -8.15750974190647979e-27
750.0 900.0 7.42409402429136979e-21 2.59244308180673863e-24 -9.72253054035067942e-24 -6.81893027205017034e-27
750.0 950.0 6.96739854923842187e-21 2.27937267430836074e-24 -8.58536603782246592e-24 -5.74217891370613753e-27
750.0 1000.0 6.56202124335624783e-21 2.01483985770446220e-24 -7.66084313696267438e-24 -4.86901269494449928e-27
750.0 1050.0 6.19856538701015821e-21 1.78982037531281653e-24 -6.90161015075563085e-24 -4.15525722588548793e-27
750.0 1100.0 5.86971794434867527e-21 1.59722171983107100e-24 -6.27119120613385916e-24 -3.56730736646086638e-27
750.0 1150.0 5.56977122236882030e-21 1.43142453111450508e-24 -5.74148931062821268e-24 -3.07945878886280327e-27
750.0 1200.0 5.29425341391157539e-21 1.28793989325941607e-24 -5.29088908617549031e-24 -2.67191319844295210e-27
750.0 1250.0 5.03964285149541658e-21 1.16315281413877217e-24 -4.90278422726118925e-24 -2.32930165366381057e-27
750.0 1300.0 4.80314749355185097e-21 1.05412937108057204e-24 -4.56442714161613206e-24 -2.03959523289124231e-27
750.0 1350.0 4.58253536268318608e-21 9.58470823712784906e-25 -4.26603137801205916e-24 -1.79330092212489594e-27
750.0 1400.0 4.37600465753968076e-21 8.74202446937034615e-25 -4.00007454090916439e-24 -1.58286598297812230e-27
750.0 1450.0 4.18208459286444040e-21 7.99688144890655742e-25 -3.76076001309646605e-24 -1.40223436084410321e-27
750.0 1500.0 3.99955990206089058e-21 7.33564324678786648e-25 -3.54360366406616288e-24 -1.24651410380476626e-27
750.0 1550.0 3.82741346264363806e-21 6.74688261130461718e-25 -3.34511813677762483e-24 -1.11172612772706917e-27
750.0 1600.0 3.66478273634449736e-21 6.22097449743478349e-25 -3.16257271136068037e-24 -9.94612907697639144e-28
750.0 1650.0 3.51092669873499460e-21 5.74977359564819608e-25 -2.99381128707991522e-24 -8.92491604287119630e-28
750.0 1700.0 3.36520070906426783e-21 5.32635660271097628e-25 -2.83711478340212389e-24 -8.03140379216875940e-28
750.0 1750.0 3.22703737681123180e-21 4.94481479774400022e-25 -2.69109731747876915e-24 -7.24709694659745077e-28
750.0 1800.0 3.09593195013300210e-21 4.60008601463224986e-25 -2.55462795937895876e-24 -6.55652570656227341e-28
750.0 1850.0 2.97143111118994530e-21 4.28781770092627832e-25 -2.42677179314154172e-24 -5.94669344824509693e-28
750.0 1900.0 2.85312433781195785e-21 4.00425468217645157e-25 -2.30674551281229507e-24 -5.40663614422867205e-28
750.0 1950.0 2.74063719927901786e-21 3.74614669305827155e-25 -2.19388394098190433e-24 -4.92706867776601567e-28
750.0 2000.0 2.63362611144134236e-21 3.51067182388434140e-25 -2.08761474431848728e-24 -4.50009918218200895e-28
750.0 2050.0 2.53177419503094670e-21 3.29537285705312602e-25 -1.98743929560957607e-24 -4.11899701201718851e-28
750.0 2100.0 2.43478797016364884e-21 3.09810410039410950e-25 -1.89291814302849703e-24 -3.77800328152104444e-28
750.0 2150.0 2.34239468689818539e-21 2.91698681224777709e-25 -1.80365993299596538e-24 -3.47217540159530921e-28
750.0 2200.0 2.25434014180453605e-21 2.75037169226620325e-25 -1.71931292307848785e-24 -3.19725893136476885e-28
750.0 2250.0 2.17038686796870118e-21 2.59680720863553786e-25 -1.63955843903064649e-24 -2.94958149538337924e-28
750.0 2300.0 2.09031261388091886e-21 2.45501276616454797e-25 -1.56410579314090012e-24 -2.72596461768973394e-28
750.0 2350.0 2.01390904760346687e-21 2.32385590498187631e-25 -1.49268830301456336e-24 -2.52365017362200449e-28
750.0 2400.0 1.94098063826342033e-21 2.20233286733807826e-25 -1.42506014108904556e-24 -2.34023882101110517e-28
750.0 2450.0 1.87134367861929183e-21 2.08955198847657599e-25 -1.36099381326030060e-24 -2.17363828951676484e-28
750.0 2500.0 1.80482542119738110e-21 1.98471946302140190e-25 -1.30027811582652066e-24 -2.02201981413635268e-28
800.0 300.0 3.45753211515265097e-20 1.72178108687867438e-23 -1.83589896451919189e-22 -3.25536661198598398e-26
800.0 350.0 2.71081572983653275e-20 1.51414617501602463e-23 -1.20356636399695258e-22 -4.64226196575843919e-26
800.0 400.0 2.21223433077201489e-20 1.28202471485612636e-23 -8.22840160356604101e-23 -4.50807353783111347e-26
800.0 450.0 1.86340497866540695e-20 1.07070565830441659e-23 -5.90897215337144054e-23 -3.91200088579969909e-26
800.0 500.0 1.60734455207260343e-20 8.91875130130663274e-24 -4.43828130882011979e-23 -3.24521013641250833e-26
800.0 550.0 1.41153794043929286e-20 7.45068186855188813e-24 -3.45523159162057938e-23 -2.64241575506430745e-26
800.0 600.0 1.25701988848820442e-20 6.25961061426573327e-24 -2.76312482670847442e-23 -2.13886182305580155e-26
800.0 650.0 1.13218845217775489e-20 5.29554127582119581e-24 -2.25472323658481100e-23 -1.73263478702265597e-26
800.0 700.0 1.02950492631861432e-20 4.51306308069201894e-24 -1.86965088893091123e-23 -1.40983927037752957e-26
800.0 750.0 9.43774709831229555e-21 3.87446041297321114e-24 -1.57190894090516784e-23 -1.15455502823543599e-26
800.0 800.0 8.71246192675420317e-21 3.34966204291791566e-24 -1.33846938047835827e-23 -9.52435351784224684e-27
800.0 850.0 8.09121028260281609e-21 2.91514470600785698e-24 -1.15357594878890253e-23 -7.91682432921655867e-27
800.0 900.0 7.55270408218180710e-21 2.55264571164869554e-24 -1.00586760231393488e-23 -6.63003919867471811e-27
800.0 950.0 7.08056919402009198e-21 2.24799869850735384e-24 -8.86866618086823869e-24 -5.59234089913400276e-27
800.0 1000.0 6.66213591749839633e-21 1.99017974673661181e-24 -7.90124249558131783e-24 -4.74898602807708373e-27
800.0 1050.0 6.28756640907950357e-21 1.77056186151967718e-24 -7.10690679483302457e-24 -4.05825095510634093e-27
800.0 1100.0 5.94920046450234004e-21 1.58234614528045735e-24 -6.44754713887877559e-24 -3.48827093377240078e-27
800.0 1150.0 5.64105499925271540e-21 1.42013278486827512e-24 -5.89381310453678289e-24 -3.01459356814615029e-27
800.0 1200.0 5.35843797651914936e-21 1.27959883084457304e-24 -5.42312253633881182e-24 -2.61833188699088981e-27
800.0 1250.0 5.09765019986696296e-21 1.15725604782524848e-24 -5.01811771084973041e-24 -2.28478767181300032e-27
800.0 1300.0 4.85575541593052402e-21 1.05026826961687934e-24 -4.66546225280316718e-24 -2.00243072534678910e-27
800.0 1350.0 4.63040364455703604e-21 9.56312849231285802e-25 -4.35490456776662100e-24 -1.76214243561557267e-27
800.0 1400.0 4.41969586760141142e-21 8.73474821308768437e-25 -4.07855182654709250e-24 -1.55665368160914887e-27
800.0 1450.0 4.22208069889853534e-21 8.00165425608547975e-25 -3.83031011380064972e-24 -1.38012509996087018e-27
800.0 1500.0 4.03627565398091707e-21 7.35058875102652826e-25 -3.60545494259604644e-24 -1.22783165429227340e-27
800.0 1550.0 3.86120724862637289e-21 6.77042881970436538e-25 -3.40030329530667380e-24 -1.09592384823591263e-27
800.0 1600.0 3.69596544791162486e-21 6.25179637384246721e-25 -3.21196415319335646e-24 -9.81245532873692287e-28
800.0 1650.0 3.53976901480710472e-21 5.78674798309722437e-25 -3.03814930548438395e-24 -8.81193764657018265e-28
800.0 1700.0 3.39193911530992631e-21 5.36852657272620454e-25 -2.87703019333908008e-24 -7.93610130672590814e-28
800.0 1750.0 3.25187916629762182e-21 4.99136125163222626e-25 -2.72712974758180151e-24 -7.16695803126076084e-28
800.0 1800.0 3.11905939810870051e-21 4.65030490111797617e-25 -2.58724072873012320e-24 -6.48944630884405164e-28
800.0 1850.0 2.99300497629132381e-21 4.34110161184026813e-25 -2.45636408067494846e-24 -5.89090052012864632e-28
800.0 1900.0 2.87328681082368685e-21 4.06007788278472905e-25 -2.33366236559252402e-24 -5.36062681232103495e-28
800.0 1950.0 2.75951439644813029e-21 3.80405286394628961e-25 -2.21842454617616229e-24 -4.88956206365659069e-28
800.0 2000.0 2.65133019050550154e-21 3.57026395692944726e-25 -2.11003929771331407e-24 -4.46999800442382847e-28
800.0 2050.0 2.54840515731213842e-21 3.35630487327389086e-25 -2.00797472930870987e-24 -4.09535679401305040e-28
800.0 2100.0 2.45043520035596716e-21 3.16007385271658673e-25 -1.91176292095961819e-24 -3.76000750614211036e-28
800.0 2150.0 2.35713827283678167e-21 2.97973020903910540e-25 -1.82098808099077535e-24 -3.45911534067131461e-28
800.0 2200.0 2.26825200901473753e-21 2.81365773344325954e-25 -1.73527742761062815e-24 -3.18851717018254320e-28
800.0 2250.0 2.18353175775689464e-21 2.66043376936298680e-25 -1.65429412301427772e-24 -2.94461839359292236e-28
800.0 2300.0 2.10274892883836982e-21 2.51880299668642073e-25 -1.57773175687396244e-24 -2.72430711650305497e-28
800.0 2350.0 2.02568958440603043e-21 2.38765514127136461e-25 -1.50531000218403305e-24 -2.52488248806288652e-28
800.0 2400.0 1.95215322439298606e-21 2.26600596772757597e-25 -1.43677116081392695e-24 -2.34399465501408005e-28
800.0 2450.0 1.88195172695135398e-21 2.15298102755121424e-25 -1.37187738673589274e-24 -2.17959428808915477e-28
800.0 2500.0 1.81490841418951500e-21 2.04780172680215836e-25 -1.31040842771432498e-24 -2.02989002602671024e-28
850.0 300.0 3.54076357469544513e-20 1.60952870920817067e-23 -1.85009419156625183e-22 -2.44067149013230890e-26
850.0 350.0 2.78453372180183196e-20 1.43592233866127370e-23 -1.22535556639603466e-22 -4.08423481974297261e-26
850.0 400.0 2.27493322813798937e-20 1.22685050897267353e-23 -8.44423737478674815e-23 -4.13209599682917472e-26
850.0 450.0 1.91593414592381202e-20 1.03110800493336240e-23 -6.09807390063731599e-23 -3.65643043218232513e-26
850.0 500.0 1.65120341771618693e-20 8.62947182274309795e-24 -4.59605061473591731e-23 -3.06848757778718303e-26
850.0 550.0 1.44824562481802305e-20 7.23584785237064385e-24 -3.58418745356279412e-23 -2.51784383266610570e-26
850.0 600.0 1.28790673746958780e-20 6.09772860442127183e-24 -2.86779459394325198e-23 -2.04936946126298381e-26
850.0 650.0 1.15835241386176478e-20 5.17202685907202515e-24 -2.33969251140139385e-23 -1.66718540657272208e-26
850.0 700.0 1.05182833895593061e-20 4.41783220346499574e-24 -1.93890681238390690e-23 -1.36117755891261189e-26
850.0 750.0 9.62958916647689519e-21 3.80041271882069772e-24 -1.62870364756061343e-23 -1.11782332918441896e-26
850.0 800.0 8.87847299421708134e-21 3.29171198429736974e-24 -1.38537697096299625e-23 -9.24321722946778270e-27
850.0 850.0 8.23581042027728559e-21 2.86959171749215433e-24 -1.19260641635340348e-23 -7.69889477325849514e-27
850.0 900.0 7.67942481109728777e-21 2.51675734705707680e-24 -1.03858354400694295e-23 -6.45912139512910069e-27
850.0 950.0 7.19225116952907533e-21 2.21972984056590677e-24 -9.14484046517408920e-24 -5.45684735717779069e-27
850.0 1000.0 6.76108116804396004e-21 1.96798030973491214e-24 -8.13593540059286720e-24 -4.64051126301386430e-27
850.0 1050.0 6.37565478667125752e-21 1.75324304726009823e-24 -7.30759251671083060e-24 -3.97061982147098263e-27
850.0 1100.0 6.02797865410496404e-21 1.56898608456569067e-24 -6.62014686809571148e-24 -3.41689309936777824e-27
850.0 1150.0 5.71180476068533132e-21 1.41000908339094047e-24 -6.04305436005719013e-24 -2.95601909918324461e-27
850.0 1200.0 5.42222874864346322e-21 1.27213975930535235e-24 -5.55280956236156120e-24 -2.56994104677763270e-27
850.0 1250.0 5.15537992963813741e-21 1.15200482501029383e-24 -5.13133534834310709e-24 -2.24457162667256454e-27
850.0 1300.0 4.90818249145313604e-21 1.04685665357988810e-24 -4.76473035952919845e-24 -1.96883468499929770e-27
850.0 1350.0 4.67817207049071028e-21 9.54441421158717189e-25 -4.44229571907798553e-24 -1.73395223049215043e-27
850.0 1400.0 4.46335527209698408e-21 8.72898132042354269e-25 -4.15578168768163937e-24 -1.53291292451534502e-27
850.0 1450.0 4.26210235723417502e-21 8.00680709436601103e-25 -3.89880737807887487e-24 -1.36007412275680803e-27
850.0 1500.0 4.07306541761820123e-21 7.36497404008948281e-25 -3.66641589551798235e-24 -1.21086210745412834e-27
850.0 1550.0 3.89511605058371087e-21 6.79263290644386205e-25 -3.45473472787298111e-24 -1.08154467402136951e-27
850.0 1600.0 3.72729789475698841e-21 6.28062730645409235e-25 -3.26071737698369727e-24 -9.69057270003624557e-28
850.0 1650.0 3.56879045650940772e-21 5.82119481822382412e-25 -3.08194731673586466e-24 -8.70869005688332727e-28
850.0 1700.0 3.41888149534186770e-21 5.40772725382805697e-25 -2.91648951944312624e-24 -7.84878557283849079e-28
850.0 1750.0 3.27694588760217254e-21 5.03457707147810468e-25 -2.76277813334271552e-24 -7.09332651519669351e-28
850.0 1800.0 3.14242938994183823e-21 4.69690005480408425e-25 -2.61953154285438794e-24 -6.42761744200596903e-28
850.0 1850.0 3.01483610831383918e-21 4.39052671049756517e-25 -2.48568811771749827e-24 -5.83928895994838038e-28
850.0 1900.0 2.89371877107079189e-21 4.11185656812606523e-25 -2.36035756532224933e-24 -5.31788858579013415e-28
850.0 1950.0 2.77867112672296142e-21 3.85777086547843334e-25 -2.24278403697930174e-24 -4.85455121627063948e-28
850.0 2000.0 2.66932195470071320e-21 3.62556008521816505e-25 -2.13231808315843278e-24 -4.44173213035425374e-28
850.0 2050.0 2.56533030395222117e-21 3.41286355719806099e-25 -2.02839527010910228e-24 -4.07298945870159157e-28
850.0 2100.0 2.46638166938349683e-21 3.21761891566053130e-25 -1.93051981302737026e-24 -3.74280604624215170e-28
850.0 2150.0 2.37218488767582150e-21 3.03801964543436354e-25 -1.83825199027217160e-24 -3.44644288144203466e-28
850.0 2200.0 2.28246958772065239e-21 2.87247929805809250e-25 -1.75119841111155581e-24 -3.17981796812121332e-28
850.0 2250.0 2.19698407123361544e-21 2.71960123104488427e-25 -1.66900444079921038e-24 -2.93940581480380552e-28
850.0 2300.0 2.11549352936925057e-21 2.57815293871577656e-25 -1.59134826031327940e-24 -2.72215371552569372e-28
850.0 2350.0 2.03777852388600783e-21 2.44704421416384244e-25 -1.51793616817040652e-24 -2.52541176973403300e-28
850.0 2400.0 1.96363367848501773e-21 2.32530851883962590e-25 -1.44849882920329914e-24 -2.34687419236231050e-28
850.0 2450.0 1.89286653878842697e-21 2.21208704637347658e-25 -1.38278824821987191e-24 -2.18452993893783324e-28
850.0 2500.0 1.82529656909370522e-21 2.10661505628838086e-25 -1.32057530119490411e-24 -2.03662104486759904e-28
900.0 300.0 3.61867644473493670e-20 1.50877854666829607e-23 -1.86047289328912845e-22 -1.72642519643980706e-26
900.0 350.0 2.85453380637554862e-20 1.36525923581722879e-23 -1.24450994889186694e-22 -3.58701644575305908e-26
900.0 400.0 2.33500497875501872e-20 1.17681971068810796e-23 -8.64224320612646798e-23 -3.79407844364743656e-26
900.0 450.0 1.96657582525797602e-20 9.95119102894131436e-24 -6.27502440897287714e-23 -3.42543821081407689e-26
900.0 500.0 1.69368249830590254e-20 8.36617846430250652e-24 -4.74540439026810097e-23 -2.90824181946226568e-26
900.0 550.0 1.48392820457809994e-20 7.04012714954461267e-24 -3.70720564075111060e-23 -2.40466435649877938e-26
900.0 600.0 1.31802094580016970e-20 5.95014588713395242e-24 -2.96819647581860207e-23 -1.96796865132401124e-26
900.0 650.0 1.18392673568810903e-20 5.05935379702554066e-24 -2.42153969487375186e-23 -1.60761835731127530e-26
900.0 700.0 1.07369703769353350e-20 4.33090408551440510e-24 -2.00584127229116016e-23 -1.31687929585669458e-26
900.0 750.0 9.81789465253348704e-21 3.73276850074410236e-24 -1.68374609644983178e-23 -1.08438571946326336e-26
900.0 800.0 9.04171536699160485e-21 3.23872081225093422e-24 -1.43094357341841958e-23 -8.98733268989987808e-27
900.0 850.0 8.37823314863255932e-21 2.82788295375991308e-24 -1.23059753740164938e-23 -7.50058305721831032e-27
900.0 900.0 7.80442902129993868e-21 2.48384227147133005e-24 -1.07048446758888625e-23 -6.30362301498250623e-27
900.0 950.0 7.30257993870446664e-21 2.19374630871657156e-24 -9.41455454539537645e-24 -5.33359649040841233e-27
900.0 1000.0 6.85896258551912713e-21 1.94751761284020775e-24 -8.36545668213075043e-24 -4.54184211944677641e-27
900.0 1050.0 6.46291201797511177e-21 1.73721996168549127e-24 -7.50410032594765688e-24 -3.89090125101474655e-27
900.0 1100.0 6.10611444284157576e-21 1.55656476452782474e-24 -6.78934324385733425e-24 -3.35194063579821754e-27
900.0 1150.0 5.78206644735883348e-21 1.40053347418711610e-24 -6.18950216420211704e-24 -2.90268965312928399e-27
900.0 1200.0 5.48565854237032341e-21 1.26509102268082988e-24 -5.68018805506238998e-24 -2.52584971101375254e-27
900.0 1250.0 5.21285403042225734e-21 1.14696872222005992e-24 -5.24263357771068745e-24 -2.20789131806494181e-27
900.0 1300.0 4.96044176143930035e-21 1.04349943514698774e-24 -4.86239408197360428e-24 -1.93815275182032844e-27
900.0 1350.0 4.72584626758491364e-21 9.52491835747631923e-25 -4.52833967636136871e-24 -1.70816673503836009e-27
900.0 1400.0 4.50698234764337552e-21 8.72133882166076930e-25 -4.23187601779661087e-24 -1.51115688663195501e-27
900.0 1450.0 4.30214394098656411e-21 8.00918169309631965e-25 -3.96634463352893643e-24 -1.34165968467780672e-27
900.0 1500.0 4.10991933437784169e-21 7.37583751413538032e-25 -3.72656343684498007e-24 -1.19523903550356051e-27
900.0 1550.0 3.92912650736574672e-21 6.81070439710120784e-25 -3.50847601064399115e-24 -1.06826927428854934e-27
900.0 1600.0 3.75876382541654685e-21 6.30482618367628401e-25 -3.30888473922923403e-24 -9.57768933412636252e-28
900.0 1650.0 3.59797239787931291e-21 5.85060379468546147e-25 -3.12524820980481351e-24 -8.61272386707899147e-28
900.0 1700.0 3.44600728454338278e-21 5.44156331104800600e-25 -2.95552764030724168e-24 -7.76729943078383722e-28
900.0 1750.0 3.30221540663105896e-21 5.07216837949712305e-25 -2.79807056073925844e-24 -7.02429469298419212e-28
900.0 1800.0 3.16601853539999945e-21 4.73766751937114982e-25 -2.65152271735913908e-24 -6.36934433733634996e-28
900.0 1850.0 3.03690012725842483e-21 4.43396911524496647e-25 -2.51476131110966262e-24 -5.79034575403366969e-28
900.0 1900.0 2.91439507550095990e-21 4.15753852672259024e-25 -2.38684433895956826e-24 -5.27706357567076884e-28
900.0 1950.0 2.79808167710721988e-21 3.90531298358242780e-25 -2.26697207913400798e-24 -4.82081063169125880e-28
900.0 2000.0 2.68757528563036584e-21 3.67463087088011471e-25 -2.15445773188293169e-24 -4.41418903230947938e-28
900.0 2050.0 2.58252325134516521e-21 3.46317272320491707e-25 -2.04870496434928191e-24 -4.05087890002939757e-28
900.0 2100.0 2.48260084780870695e-21 3.26891179689876873e-25 -1.94919066543720258e-24 -3.72546510945444156e-28
900.0 2150.0 2.38750795769390684e-21 3.09007251505639040e-25 -1.85545163687494747e-24 -3.43329453486069262e-28
900.0 2200.0 2.29696634615998488e-21 2.92509541275574549e-25 -1.76707426295603235e-24 -3.17035792685702183e-28
900.0 2250.0 2.21071739167661777e-21 2.77260747155579237e-25 -1.68368643910464096e-24 -2.93319177888401703e-28
900.0 2300.0 2.12852017553700389e-21 2.63139693937431189e-25 -1.60495121782534550e-24 -2.71879649867645305e-28
900.0 2350.0 2.05014985486236230e-21 2.50039189682601013e-25 -1.53056176446208772e-24 -2.52456794011000053e-28
900.0 2400.0 1.97539626164353025e-21 2.37864196328650336e-25 -1.46023731561803985e-24 -2.34823992912216491e-28
900.0 2450.0 1.90406268375663498e-21 2.26530264244619931e-25 -1.39371990844285913e-24 -2.18783587211817861e-28
900.0 2500.0 1.83596479398927201e-21 2.15962189335552215e-25 -1.33077170555563321e-24 -2.04162789509742216e-28
950.0 300.0 3.69180758496632598e-20 1.41802161463853361e-23 -1.86750366638698205e-22 -1.09946789516227904e-26
950.0 350.0 2.92116857051932225e-20 1.30114946878288679e-23 -1.26131436272339675e-22 -3.14307101966455674e-26
950.0 400.0 2.39268883543856188e-20 1.13122113579456038e-23 -8.82419996864285480e-23 -3.48940640965890831e-26
950.0 450.0 2.01549726698784327e-20 9.62214384802884152e-24 -6.44097667210448408e-23 -3.21602461990885966e-26
950.0 500.0 1.73490167728164387e-20 8.12486771408566118e-24 -4.88711478164218660e-23 -2.76242532776682124e-26
950.0 550.0 1.51867337878456431e-20 6.86038046116241668e-24 -3.82481916246887539e-23 -2.30142410173791918e-26
950.0 600.0 1.34742771036864206e-20 5.81434602681643839e-24 -3.06470828344584233e-23 -1.89359514291274672e-26
950.0 650.0 1.20896048584463535e-20 4.95546759727819333e-24 -2.50053881906203045e-23 -1.55313391596774306e-26
950.0 700.0 1.09514827832946712e-20 4.25057507228212841e-24 -2.07065703597417678e-23 -1.27633035166866380e-26
950.0 750.0 1.00029479673159587e-20 3.67009599899000182e-24 -1.73718895124587818e-23 -1.05376171694268019e-26
950.0 800.0 9.20240659772495312e-21 3.18947119270530919e-24 -1.47528588014330660e-23 -8.75287932802834581e-27
950.0 850.0 8.51864458478819553e-21 2.78897277251462562e-24 -1.26763969160864995e-23 -7.31880806266666314e-27
950.0 900.0 7.92784276770265915e-21 2.45299414655026442e-24 -1.10164117996254488e-23 -6.16102861367615396e-27
950.0 950.0 7.41165001643301701e-21 2.16925609247220036e-24 -9.67836868457158316e-24 -5.22051280155120434e-27
950.0 1000.0 6.95584962308515419e-21 1.92809440506977175e-24 -8.59025345651675550e-24 -4.45125046652154693e-27
950.0 1050.0 6.54938748338984450e-21 1.72187455926455829e-24 -7.69678965208243516e-24 -3.81764514833578456e-27
950.0 1100.0 6.18364102575643090e-21 1.54453082071943792e-24 -6.95542697889843127e-24 -3.29218871313680235e-27
950.0 1150.0 5.85186013043184822e-21 1.39121107294133253e-24 -6.33339283250453444e-24 -2.85356486758647878e-27
950.0 1200.0 5.54873673935750989e-21 1.25800582512085654e-24 -5.80545087196913252e-24 -2.48516996976358491e-27
950.0 1250.0 5.27007314715187287e-21 1.14174206984362988e-24 -5.35217024764381724e-24 -2.17398581343408221e-27
950.0 1300.0 5.01252671305530939e-21 1.03982625327764581e-24 -4.95858285239162034e-24 -1.90973043961222649e-27
950.0 1350.0 4.77341385119502069e-21 9.50124150484452741e-25 -4.61314264750819838e-24 -1.68422117317835225e-27
950.0 1400.0 4.55055989200496662e-21 8.70868417567455847e-25 -4.30692192525983315e-24 -1.49089672237760562e-27
950.0 1450.0 4.34218429971704111e-21 8.00586937727000382e-25 -4.03299319250381813e-24 -1.32445742803772526e-27
950.0 1500.0 4.14681302643683233e-21 7.38046858280625807e-25 -3.78595574858588170e-24 -1.18059299849042820e-27
950.0 1550.0 3.96321161428897177e-21 6.82210539699990871e-25 -3.56157436140766013e-24 -1.05577507552347567e-27
950.0 1600.0 3.79033411080354172e-21 6.32200612175939613e-25 -3.35650426526312744e-24 -9.47098010383915597e-28
950.0 1650.0 3.62728400743198853e-21 5.87272049195711519e-25 -3.16808227569362036e-24 -8.52155681545120288e-28
950.0 1700.0 3.47328430463952275e-21 5.46789690493875016e-25 -2.99416831951834628e-24 -7.68945435081738552e-28
950.0 1750.0 3.32765449882282660e-21 5.10210030583996001e-25 -2.83302527030485856e-24 -6.95792586757252826e-28
950.0 1800.0 3.18979281817109298e-21 4.77066372101787750e-25 -2.68322780973179397e-24 -6.31290634335439421e-28
950.0 1850.0 3.05916244106408987e-21 4.46956653096594937e-25 -2.54359324113254233e-24 -5.74253569583583283e-28
950.0 1900.0 2.93528073985700892e-21 4.19533414148238524e-25 -2.41312888526114675e-24 -5.23677583557570342e-28
950.0 1950.0 2.81771082726039113e-21 3.94495489106760749e-25 -2.29099199461494495e-24 -4.78710120832266519e-28
950.0 2000.0 2.70605485969186053e-21 3.71581092658852852e-25 -2.17645911835078337e-24 -4.38624726179645469e-28
950.0 2050.0 2.59994868560442899e-21 3.50562046258477703e-25 -2.06890260530985431e-24 -4.02800489161484465e-28
950.0 2100.0 2.49905752747926031e-21 3.31238936596729414e-25 -1.96777250386564254e-24 -3.70705162686937905e-28
950.0 2150.0 2.40307246195423140e-21 3.13437041651287287e-25 -1.87258254804744262e-24 -3.41881235430356532e-28
950.0 2200.0 2.31170751959808413e-21 2.97002891316715992e-25 -1.78289924360114398e-24 -3.15934392785196913e-28
950.0 2250.0 2.22469726877639400e-21 2.81801354791681106e-25 -1.69833331136911538e-24 -2.92523919475497298e-28
950.0 2300.0 2.14179478038851362e-21 2.67713166862436608e-25 -1.61853292845260830e-24 -2.71354688284185243e-28
950.0 2350.0 2.06276989463314694e-21 2.54632821151845894e-25 -1.54317834510996198e-24 -2.52170450313030635e-28
950.0 2400.0 1.98740772935368972e-21 2.42466771188298384e-25 -1.47197755860254377e-24 -2.34748197701997984e-28
950.0 2450.0 1.91550738342853127e-21 2.31131890466898495e-25 -1.40466280278282991e-24 -2.18893413458630921e-28
950.0 2500.0 1.84688079919867054e-21 2.20554151043219241e-25 -1.34098767055011161e-24 -2.04436057702541734e-28
1000.0 300.0 3.76062266615222257e-20 1.33591843784298927e-23 -1.87159408571064061e-22 -5.48494546328496735e-27
1000.0 350.0 2.98474277666093184e-20 1.24268837396218066e-23 -1.27601837678848088e-22 -2.74579971060922446e-26
1000.0 400.0 2.44819014743207473e-20 1.08941141598935933e-23 -8.99167076832485565e-23 -3.21397664124327335e-26
1000.0 450.0 2.06284065197058720e-20 9.31917406545812502e-24 -6.59694121635537791e-23 -3.02548974301002873e-26
1000.0 500.0 1.77496168293313233e-20 7.90189834553795503e-24 -5.02185619393971850e-23 -2.62917781237491971e-26
1000.0 550.0 1.55255382466593164e-20 6.69375447101178038e-24 -3.93749138814890082e-23 -2.20679350574967944e-26
1000.0 600.0 1.37618019532628691e-20 5.68804700325803463e-24 -3.15765668188210349e-23 -1.82527037714551769e-26
1000.0 650.0 1.23349292209165548e-20 4.85851172261355200e-24 -2.57692540448487001e-23 -1.50299426685839565e-26
1000.0 700.0 1.11621119691002228e-20 4.17531265606735328e-24 -2.13352725669960631e-23 -1.23896297046931448e-26
1000.0 750.0 1.01849654407695295e-20 3.61111420891107983e-24 -1.78916168780412760e-23 -1.02550668165294400e-26
1000.0 800.0 9.36070650830295587e-21 3.14288057631111868e-24 -1.51850213923724561e-23 -8.53632111738080002e-27
1000.0 850.0 8.65716140385242834e-21 2.75193749472192981e-24 -1.30380838447123531e-23 -7.15071971826573751e-27
1000.0 900.0 8.04974938732330711e-21 2.42341808893786739e-24 -1.13211234822046727e-23 -6.02901387874148840e-27
1000.0 950.0 7.51951871604189348e-21 2.14556987734544162e-24 -9.93674303003116724e-24 -5.11568130281796394e-27
1000.0 1000.0 7.05177910186784822e-21 1.90910873124772344e-24 -8.81068953409010950e-24 -4.36714458478382997e-27
1000.0 1050.0 6.63510174809083096e-21 1.70667777123411766e-24 -7.88595007349509042e-24 -3.74951843643214647e-27
1000.0 1100.0 6.26056599346177657e-21 1.53241642473233085e-24 -7.11862983313328520e-24 -3.23651361515056502e-27
1000.0 1150.0 5.92118299400260561e-21 1.38162581654018848e-24 -6.47491264815628705e-24 -2.80769224921440123e-27
1000.0 1200.0 5.61145214587996180e-21 1.25051208524766020e-24 -5.92874820631095967e-24 -2.44709062264244382e-27
1000.0 1250.0 5.32701932467205220e-21 1.13599032063136375e-24 -5.46006667549224498e-24 -2.14216140701561679e-27
1000.0 1300.0 5.06441392776803660e-21 1.03553471578465717e-24 -5.05339470980062097e-24 -1.88297238500285937e-27
1000.0 1350.0 4.82084698939554661e-21 9.47063613715390128e-25 -4.69678377496312479e-24 -1.66160294247442892e-27
1000.0 1400.0 4.59405651488346220e-21 8.68850819293524195e-25 -4.38098311429246937e-24 -1.47168979154740995e-27
1000.0 1450.0 4.38218918532129106e-21 7.99456703494651492e-25 -4.09880407167952593e-24 -1.30808407399452160e-27
1000.0 1500.0 4.18370996516550017e-21 7.37674280741145778e-25 -3.84463336371071167e-24 -1.16659123587899539e-27
1000.0 1550.0 3.99733304036894126e-21 6.82486679011336457e-25 -3.61406160744698318e-24 -1.04377241465346598e-27
1000.0 1600.0 3.82196901553104805e-21 6.33033338699067809e-25 -3.40360052073056033e-24 -9.36791677144448608e-28
1000.0 1650.0 3.65668447797682542e-21 5.88582950005199810e-25 -3.21046799872969735e-24 -8.43297606781614723e-28
1000.0 1700.0 3.50067095565494300e-21 5.48511633471253350e-25 -3.03242493078380050e-24 -7.61330788894397387e-28
1000.0 1750.0 3.35322100624975673e-21 5.12285232328100974e-25 -2.86765132816088563e-24 -6.89250964843875595e-28
1000.0 1800.0 3.21370972054724045e-21 4.79444854280700550e-25 -2.71465224661015627e-24 -6.25679240633153846e-28
1000.0 1850.0 3.08158033983596522e-21 4.49595000148341095e-25 -2.57218625380234659e-24 -5.69451910403600659e-28
1000.0 1900.0 2.95633300400620760e-21 4.22393766211777182e-25 -2.43921093951995649e-24 -5.19583312564161205e-28
1000.0 1950.0 2.83751588714861685e-21 3.97544719708974617e-25 -2.31484130501699684e-24 -4.75235765026137442e-28
1000.0 2000.0 2.72471815898248289e-21 3.74790132420887338e-25 -2.19831788745028482e-24 -4.35695089894676268e-28
1000.0 2050.0 2.61756434742378616e-21 3.53905322734310886e-25 -2.08898224842691165e-24 -4.00350582588198213e-28
1000.0 2100.0 2.51570978085555403e-21 3.34693907065584867e-25 -1.98625804011705663e-24 -3.68678538300577718e-28
1000.0 2150.0 2.41883686645486055e-21 3.16983800793613617e-25 -1.88963630307999929e-24 -3.40228643294985053e-28
1000.0 2200.0 2.32665201953711553e-21 3.00623839611302459e-25 -1.79866398172252858e-24 -3.14612686459186422e-28
1000.0 2250.0 2.23888310304575899e-21 2.85480916475468263e-25 -1.71293489282737067e-24 -2.91495159925554696e-28
1000.0 2300.0 2.15527726963473084e-21 2.71437548612973644e-25 -1.63208257013753270e-24 -2.70585405114368686e-28
1000.0 2350.0 2.07559912394844445e-21 2.58389804450071262e-25 -1.55577454895239452e-24 -2.51631028683040413e-28
1000.0 2400.0 1.99962914173086976e-21 2.46245532719798014e-25 -1.48370776066743242e-24 -2.34412366245413230e-28
1000.0 2450.0 1.92716229681268278e-21 2.34922846014919240e-25 -1.41560478692195874e-24 -2.18737813839932052e-28
1000.0 2500.0 1.85800685797005647e-21 2.24348819187851919e-25 -1.35121078304805348e-24 -2.04439880558623316e-28
1050.0 300.0 3.82552410937183173e-20 1.26130439432386549e-23 -1.87309899055243754e-22 -6.38066636367034244e-28
1050.0 350.0 3.04551830061544464e-20 1.18908688681486789e-23 -1.28884052561927604e-22 -2.38946234491720802e-26
1050.0 400.0 2.50168370151009372e-20 1.05082982718929400e-23 -9.14602459399420705e-23 -2.96418665673635595e-26
1050.0 450.0 2.10872551186757835e-20 9.03814427753547710e-24 -6.74380030308693255e-23 -2.85144944134797825e-26
1050.0 500.0 1.81394593817490719e-20 7.69412644314266351e-24 -5.15021439882692383e-23 -2.50685142797840018e-26
1050.0 550.0 1.58562867172445919e-20 6.53780366061815452e-24 -4.04562221925585791e-23 -2.11959353709144414e-26
1050.0 600.0 1.40432074587253781e-20 5.56930986940477787e-24 -3.24732157009016701e-23 -1.76212694276676120e-26
1050.0 650.0 1.25755451727952743e-20 4.76692413129862485e-24 -2.65089969132759560e-23 -1.45654642322610721e-26
1050.0 700.0 1.13690769411049765e-20 4.10384125033999262e-24 -2.19459793682372994e-23 -1.20427591373289086e-26
1050.0 750.0 1.03641030750890474e-20 3.55476925368669785e-24 -1.83977252456340044e-23 -9.99229317792462560e-27
1050.0 800.0 9.51672407828888694e-21 3.09806942360168343e-24 -1.56067370311806771e-23 -8.33455797415413574e-27
1050.0 850.0 8.79385702701600265e-21 2.71603658499662216e-24 -1.33916551370800998e-23 -6.99382991248965850e-27
1050.0 900.0 8.17019511008272601e-21 2.39448575413045601e-24 -1.16194555175331095e-23 -5.90555905256881998e-27
1050.0 950.0 7.62621127742898292e-21 2.12215083850020212e-24 -1.01900464648103768e-23 -5.01744611496675937e-27
1050.0 1000.0 7.14675993099013137e-21 1.89009911781245012e-24 -9.02705293972772523e-24 -4.28815523146650526e-27
1050.0 1050.0 6.72005093397908261e-21 1.69123066058789617e-24 -8.07180775595251759e-24 -3.68538051771805208e-27
1050.0 1100.0 6.33687540519630036e-21 1.51987489710037824e-24 -7.27913015805711207e-24 -3.18395920585856853e-27
1050.0 1150.0 5.99001315019788129e-21 1.37147494914200452e-24 -6.61420265780388284e-24 -2.76426598310399262e-27
1050.0 1200.0 5.67377658438527824e-21 1.24234414964330641e-24 -6.05019174985549121e-24 -2.41092944096089542e-27
1050.0 1250.0 5.38365940498129162e-21 1.12947929419224742e-24 -5.56641127116515349e-24 -2.11183825735432188e-27
1050.0 1300.0 5.11606630921444319e-21 1.03041743626716029e-24 -5.14689946289934641e-24 -1.85738412946496897e-27
1050.0 1350.0 4.86810548283580330e-21 9.43125720226569677e-25 -4.77931790332443149e-24 -1.63988918432298555e-27
1050.0 1400.0 4.63742958809504378e-21 8.65916174456607719e-25 -4.45410231323263195e-24 -1.45317355877161574e-27
1050.0 1450.0 4.42211408825875162e-21 7.97379369750726408e-25 -4.16381012911113310e-24 -1.29222810830880585e-27
1050.0 1500.0 4.22056420690495927e-21 7.36332385963475007e-25 -3.90262105360290522e-24 -1.15296552654938871e-27
1050.0 1550.0 4.03144377520371800e-21 6.81777690422038488e-25 -3.66595585947235433e-24 -1.03202990421327144e-27
1050.0 1600.0 3.85362076577516402e-21 6.32870394200583091e-25 -3.45018610331285918e-24 -9.26649952854278699e-28
1050.0 1650.0 3.68612552387380057e-21 5.88891989000673867e-25 -3.25241339325100351e-24 -8.34525008853932457e-28
1050.0 1700.0 3.52811864971810398e-21 5.49229136225113009e-25 -3.07030166312074074e-24 -7.53735800252344300e-28
1050.0 1750.0 3.37886621401833948e-21 5.13356425556091271e-25 -2.90194972005041986e-24 -6.82674054811659095e-28
1050.0 1800.0 3.23772054753181169e-21 4.80822276234036443e-25 -2.74579432418848592e-24 -6.19986554990023737e-28
1050.0 1850.0 3.10410527195506818e-21 4.51237344656938668e-25 -2.60053638269810834e-24 -5.64530358853953806e-28
1050.0 1900.0 2.97750356365204390e-21 4.24264944567172800e-25 -2.46508462968428255e-24 -5.15336719858243923e-28
1050.0 1950.0 2.85744888735919079e-21 3.99613093742647770e-25 -2.33851253292607289e-24 -4.71581836173314398e-28
1050.0 2000.0 2.74351762271804580e-21 3.77027882983876118e-25 -2.22002521040420779e-24 -4.32563001858629104e-28
1050.0 2050.0 2.63532314667217608e-21 3.56287925962315260e-25 -2.10893392957478107e-24 -3.97679060695478392e-28
1050.0 2100.0 2.53251104049175506e-21 3.37199697007461751e-25 -2.00463635935026500e-24 -3.66414309700199243e-28
1050.0 2150.0 2.43475516990867170e-21 3.19593601696187660e-25 -1.90660119495329101e-24 -3.38325185314788189e-28
1050.0 2200.0 2.34175444695674858e-21 3.03320654759448864e-25 -1.81435611482151316e-24 -3.13029206873894953e-28
1050.0 2250.0 2.25323012747735268e-21 2.88249663256764378e-25 -1.72747828380701721e-24 -2.90195760622614572e-28
1050.0 2300.0 2.16892353251207555e-21 2.74264831615378897e-25 -1.64558680875216456e-24 -2.69538391618110074e-28
1050.0 2350.0 2.08859410772436886e-21 2.61263720059535205e-25 -1.56833669683280190e-24 -2.50808336354095466e-28
1050.0 2400.0 2.01201775462742893e-21 2.49155499976977276e-25 -1.49541397565774445e-24 -2.33789080362932996e-28
1050.0 2450.0 1.93898538230448201e-21 2.37859459502074310e-25 -1.42653171590988096e-24 -2.18291765679760418e-28
1050.0 2500.0 1.86930163965639805e-21 2.27303720512410773e-25 -1.36142675899021879e-24 -2.04151305363237512e-28
1100.0 300.0 3.88685876387012663e-20 1.19308518594462624e-23 -1.87232749440984384e-22 3.63390912610798306e-27
1100.0 350.0 3.10371921928387847e-20 1.13959423839581077e-23 -1.29997207364408638e-22 -2.06876085228063387e-26
1100.0 400.0 2.55331736024265414e-20 1.01493760621151691e-23 -9.28845843683101510e-23 -2.73667118147484233e-26
1100.0 450.0 2.15325148315959952e-20 8.77504569492079822e-24 -6.88232199555662005e-23 -2.69165744046726589e-26
1100.0 500.0 1.85192273454791572e-20 7.49848222115761298e-24 -5.27269607027180122e-23 -2.39388357206977584e-26
1100.0 550.0 1.61794527279848471e-20 6.39012218449453444e-24 -4.14955488467771410e-23 -2.03870037898104277e-26
1100.0 600.0 1.43188236657692483e-20 5.45621263998100526e-24 -3.33394111677398056e-23 -1.70333450238757282e-26
1100.0 650.0 1.28116821735970851e-20 4.67914427749574396e-24 -2.72263048966046645e-23 -1.41316302652358126e-26
1100.0 700.0 1.15725352266693220e-20 4.03487594833395229e-24 -2.25399094747913602e-23 -1.17178608580296146e-26
1100.0 750.0 1.05404660671010220e-20 3.49999020908866504e-24 -1.88911084147635456e-23 -9.74551409781568989e-27
1100.0 800.0 9.67052587477523353e-21 3.05413554351986456e-24 -1.60186700080705200e-23 -8.14458517264302257e-27
1100.0 850.0 8.92876915400491047e-21 2.68050276401661864e-24 -1.37376100131733172e-23 -6.84572015897594663e-27
1100.0 900.0 8.28919584409382877e-21 2.36553907838528672e-24 -1.19117864941890984e-23 -5.78869461915572426e-27
1100.0 950.0 7.73172702329233950e-21 2.09843031230878839e-24 -1.04385681759531526e-23 -4.92418648396845921e-27
1100.0 1000.0 7.24077872933097820e-21 1.87057081017355126e-24 -9.23956578136883528e-24 -4.21293614449636413e-27
1100.0 1050.0 6.80421188398941003e-21 1.67510011757860345e-24 -8.25453392643089742e-24 -3.62410379323545360e-27
1100.0 1100.0 6.41253855928629964e-21 1.50652495003057028e-24 -7.43706021139407264e-24 -3.13357401785058560e-27
1100.0 1150.0 6.05831406893131311e-21 1.36042105330092259e-24 -6.75136501263350002e-24 -2.72247791681575744e-27
1100.0 1200.0 5.73566902736556593e-21 1.23320197192208454e-24 -6.16986020957847451e-24 -2.37599595814880955e-27
1100.0 1250.0 5.43994890329283861e-21 1.12194095646113512e-24 -5.67126435135205705e-24 -2.08242333746831459e-27
1100.0 1300.0 5.16743673396610556e-21 1.02423393995866144e-24 -5.23914290310575566e-24 -1.83245391902946227e-27
1100.0 1350.0 4.91514021808094286e-21 9.38093828267428861e-25 -4.86077927634537901e-24 -1.61863637957783235e-27
1100.0 1400.0 4.68062852543072370e-21 8.61868536781658931e-25 -4.52630452779894658e-24 -1.43496212784934954e-27
1100.0 1450.0 4.46190736453653618e-21 7.94177029303280649e-25 -4.22802893560741413e-24 -1.27655254837297100e-27
1100.0 1500.0 4.25732338480519687e-21 7.33859045798761845e-25 -3.95993037073609938e-24 -1.13942059961515090e-27
1100.0 1550.0 4.06549100092578368e-21 6.79935293627456232e-25 -3.71726377148735225e-24 -1.02028798944882826e-27
1100.0 1600.0 3.88523631446488933e-21 6.31575689597966391e-25 -3.49626365945906030e-24 -9.16443977461705521e-28
1100.0 1650.0 3.71555405074308764e-21 5.88073842271748418e-25 -3.29391781152046171e-24 -8.25635494361944537e-28
1100.0 1700.0 3.55557439496465933e-21 5.48826408565715596e-25 -3.10779514963121843e-24 -7.45980965501239267e-28
1100.0 1750.0 3.40453735667239960e-21 5.13316287319023735e-25 -2.93591482661951431e-24 -6.75902203993557985e-28
1100.0 1800.0 3.26177286284814119e-21 4.81098856185129194e-25 -2.77664655213056395e-24 -6.14070184517333014e-28
1100.0 1850.0 3.12668521577196893e-21 4.51790639877986554e-25 -2.62863458056219458e-24 -5.59361564903150543e-28
1100.0 1900.0 2.99874088290835477e-21 4.25059934119523681e-25 -2.49073961201962369e-24 -5.10823595922115211e-28
1100.0 1950.0 2.87745883699497872e-21 4.00619012672500577e-25 -2.36199425568025141e-24 -4.67645628486953416e-28
1100.0 2000.0 2.76240285423228026e-21 3.78217623341689797e-25 -2.24156876863395113e-24 -4.29135848292889884e-28
1100.0 2050.0 2.65317532172940021e-21 3.57637539108277671e-25 -2.12874458927031016e-24 -3.94702181389976970e-28
1100.0 2100.0 2.54941221346963271e-21 3.38687977229908535e-25 -2.02289379332551587e-24 -3.63836549432188257e-28
1100.0 2150.0 2.45077897563229638e-21 3.21201735548646344e-25 -1.92346306000644516e-24 -3.36101831303588557e-28
1100.0 2200.0 2.35696712367739335e-21 3.05031923871242861e-25 -1.82996108154982075e-24 -3.11121023516108468e-28
1100.0 2250.0 2.26769140011242355e-21 2.90049190946057612e-25 -1.74194860996151142e-24 -2.88568196079724117e-28
1100.0 2300.0 2.18268737704797478e-21 2.76139365621456590e-25 -1.65903053064539597e-24 -2.68160921351381453e-28
1100.0 2350.0 2.10170941429539589e-21 2.63201445254030065e-25 -1.58084950014772203e-24 -2.49653916446350263e-28
1100.0 2400.0 2.02452890399287003e-21 2.51145876117205289e-25 -1.50708079636991868e-24 -2.32833689387580843e-28
1100.0 2450.0 1.95093274813516241e-21 2.39893080033003894e-25 -1.43742811339466504e-24 -2.17514018423673172e-28
1100.0 2500.0 1.88072202711845452e-21 2.29372189167083844e-25 -1.37162009633376354e-24 -2.03532125215326051e-28
1150.0 300.0 3.94492507172743687e-20 1.13041911278949732e-23 -1.86954894072669869e-22 7.40229022953559570e-27
1150.0 350.0 3.15953673562388721e-20 1.09364705177892414e-23 -1.30958034287405011e-22 -1.77941128639846580e-26
1150.0 400.0 2.60321568128138942e-20 9.81342244480476932e-24 -9.42001766305145594e-23 -2.52873022779664142e-26
1150.0 450.0 2.19650109715010405e-20 8.52705392102976492e-24 -7.01317361892188520e-23 -2.54433190684125408e-26
1150.0 500.0 1.88894745840394669e-20 7.31288141975782025e-24 -5.38973821044479153e-23 -2.28905185781539884e-26
1150.0 550.0 1.64954102681290930e-20 6.24914140183845457e-24 -4.24958283432978103e-23 -1.96324856537175133e-26
1150.0 600.0 1.45889024422193447e-20 5.34755636701336268e-24 -3.41771697041357819e-23 -1.64826428207276093e-26
1150.0 650.0 1.30435073464212978e-20 4.59424463927068778e-24 -2.79225921993396356e-23 -1.37237732291786362e-26
1150.0 700.0 1.17725940072347574e-20 3.96769252854319401e-24 -2.31180722860016585e-23 -1.14114058630607845e-26
1150.0 750.0 1.07141185044027713e-20 3.44620776287898127e-24 -1.93724975938034527e-23 -9.51201864065362498e-27
1150.0 800.0 9.82214458133540952e-21 3.01062943445643516e-24 -1.64213564831347099e-23 -7.96429111807783648e-27
1150.0 850.0 9.06190733101715112e-21 2.64498040958129147e-24 -1.40763454232877882e-23 -6.70472565555996401e-27
1150.0 900.0 8.40674394297970623e-21 2.33629683974887198e-24 -1.21984124428186275e-23 -5.67709414452028405e-27
1150.0 950.0 7.83604545282602744e-21 2.07418662149367486e-24 -1.06825300339490945e-23 -4.83483595195741190e-27
1150.0 1000.0 7.33380534775927269e-21 1.85035018851220045e-24 -9.44839479106194800e-24 -4.14062326015401028e-27
1150.0 1050.0 6.88754719622189636e-21 1.65815158449766077e-24 -8.43425390417851294e-24 -3.56498366485851928e-27
1150.0 1100.0 6.48751260802580778e-21 1.49226396286727074e-24 -7.59251393377372039e-24 -3.08478046318393203e-27
1150.0 1150.0 6.12603883099950049e-21 1.34838774339222331e-24 -6.88646969312206346e-24 -2.68185260916629154e-27
1150.0 1200.0 5.79707953705166453e-21 1.22303079617836621e-24 -6.28780514351953413e-24 -2.34189759509275457e-27
1150.0 1250.0 5.49583567532862889e-21 1.11333843135074678e-24 -5.77466321976480858e-24 -2.05359179917280236e-27
1150.0 1300.0 5.21847148136070058e-21 1.01696215535261915e-24 -5.33015123960317329e-24 -1.80791263720735830e-27
1150.0 1350.0 4.96189638986157733e-21 9.31958133246151033e-25 -4.94118541928119717e-24 -1.59762153471906778e-27
1150.0 1400.0 4.72359782295195196e-21 8.56708263271647269e-25 -4.59760044893540092e-24 -1.41687086543951102e-27
1150.0 1450.0 4.50151311606600033e-21 7.89858446087799298e-25 -4.29146577464808698e-24 -1.26090479940316866e-27
1150.0 1500.0 4.29393144817998665e-21 7.30269963014826016e-25 -4.01656229763839802e-24 -1.12583071402534358e-27
1150.0 1550.0 4.09941870684760231e-21 6.76980897895329822e-25 -3.76798288774300717e-24 -1.00844350353429856e-27
1150.0 1600.0 3.91675984524094381e-21 6.29175303468161259e-25 -3.54182797146570296e-24 -9.06089606203504944e-28
1150.0 1650.0 3.74491456079553163e-21 5.86158382887470907e-25 -3.33497380726743667e-24 -8.16560977519540639e-28
1150.0 1700.0 3.58298311261983064e-21 5.47336378976074942e-25 -3.14489613884521218e-24 -7.38011775338721749e-28
1150.0 1750.0 3.43017985594082856e-21 5.12200176375183975e-25 -2.96953592959507603e-24 -6.68892391758511236e-28
1150.0 1800.0 3.28581265501461056e-21 4.80311854012223654e-25 -2.80719701788345768e-24 -6.07896835499739872e-28
1150.0 1850.0 3.14926678058956019e-21 4.51293598765768446e-25 -2.65646796181263725e-24 -5.53920470798929173e-28
1150.0 1900.0 3.01999223583734118e-21 4.24818521584866400e-25 -2.51616220907438403e-24 -5.06025854000399443e-28
1150.0 1950.0 2.89749371061353488e-21 4.00603016037940997e-25 -2.38527215360325159e-24 -4.63414950634815970e-28
1150.0 2000.0 2.78132255747911575e-21 3.78400374600598775e-25 -2.26293372496190279e-24 -4.25406417043226356e-28
1150.0 2050.0 2.67107032912511634e-21 3.57995435944793508e-25 -2.14839897770938231e-24 -3.91416929943809590e-28
1150.0 2100.0 2.56636352724248185e-21 3.39200081433773944e-25 -2.04101476855665912e-24 -3.60945772318781543e-28
1150.0 2150.0 2.46685929623793733e-21 3.21849434153366725e-25 -1.94020607711545717e-24 -3.33562054436735252e-28
1150.0 2200.0 2.37224185817433653e-21 3.05798641471906820e-25 -1.84546287864136817e-24 -3.08894078997404078e-28
1150.0 2250.0 2.28221953294399443e-21 2.90920144057908880e-25 -1.75632974266523962e-24 -2.86620459604867082e-28
1150.0 2300.0 2.19652222375608734e-21 2.77101351800318177e-25 -1.67239753133806539e-24 -2.66462679549396363e-28
1150.0 2350.0 2.11489927538028793e-21 2.64242661144406818e-25 -1.59329672192666370e-24 -2.48178838690451306e-28
1150.0 2400.0 2.03711763340260640e-21 2.52255759723368743e-25 -1.51869199146130821e-24 -2.31558384128547979e-28
1150.0 2450.0 1.96296024859812657e-21 2.41062173395169118e-25 -1.44827778725826214e-24 -2.16417658330640229e-28
1150.0 2500.0 1.89222468264959377e-21 2.30592018325458322e-25 -1.38177467184369629e-24 -2.02596128676609608e-28
1200.0 300.0 3.99997970134834216e-20 1.07250085597968779e-23 -1.86499805391334030e-22 1.07331798082707477e-26
1200.0 350.0 3.21313384438901307e-20 1.05069973844732303e-23 -1.31781169150169188e-22 -1.51738953805097955e-26
1200.0 400.0 2.65148339711402978e-20 9.49659285466271816e-24 -9.54161482413294935e-23 -2.33780787415169954e-26
1200.0 450.0 2.23854248446715785e-20 8.29136891873485577e-24 -7.13693450945680476e-23 -2.40777766163342767e-26
1200.0 500.0 1.92506475617972650e-20 7.13522946938895957e-24 -5.50171725313364891e-23 -2.19118877716732381e-26
1200.0 550.0 1.68044515167955451e-20 6.11326007638688485e-24 -4.34595649006940991e-23 -1.89240840540024524e-26
1200.0 600.0 1.48536322558961364e-20 5.24209486660485650e-24 -3.49881940933281106e-23 -1.59631117140211807e-26
1200.0 650.0 1.32711379795379867e-20 4.51124074699060993e-24 -2.85990393010111452e-23 -1.33373828128016433e-26
1200.0 700.0 1.19693208282306784e-20 3.90150338018316595e-24 -2.36812998018445633e-23 -1.11199690041389362e-26
1200.0 750.0 1.08850926409429407e-20 3.39278499405747652e-24 -1.98424871495524055e-23 -9.28916299888853585e-27
1200.0 800.0 9.97158710855519786e-21 2.96703131413574224e-24 -1.68152255447487838e-23 -7.79160540083757079e-27
1200.0 850.0 9.19326010291985930e-21 2.60904205511272863e-24 -1.44081734722847168e-23 -6.56920391240785892e-27
1200.0 900.0 8.52281456113659987e-21 2.30640522636490246e-24 -1.24795613995263169e-23 -5.56943934251613248e-27
1200.0 950.0 7.93913192802211733e-21 2.04912537640131894e-24 -1.09220988704663102e-23 -4.74832525526444091e-27
1200.0 1000.0 7.42579798940172735e-21 1.82919128613367857e-24 -9.65366175178019974e-24 -4.07034101983387286e-27
1200.0 1050.0 6.97000986201489130e-21 1.64017891309071031e-24 -8.61105601042554556e-24 -3.50729701701930450e-27
1200.0 1100.0 6.56174678264171888e-21 1.47691879846868386e-24 -7.74555460173410322e-24 -3.03697669948987639e-27
1200.0 1150.0 6.19313399742588390e-21 1.33522945143621115e-24 -7.01956111157805537e-24 -2.64188566529546706e-27
1200.0 1200.0 5.85795282736468686e-21 1.21170823091169554e-24 -6.40405667865260944e-24 -2.30820898985958572e-27
1200.0 1250.0 5.55126321262809424e-21 1.10356892621600612e-24 -5.87662713542655935e-24 -2.02498293229814863e-27
1200.0 1300.0 5.26911329677268973e-21 1.00851595059486493e-24 -5.41993542945864551e-24 -1.78345288397116938e-27
1200.0 1350.0 5.00831636182345903e-21 9.24646732681366403e-25 -5.02054092369565297e-24 -1.57658153259174731e-27
1200.0 1400.0 4.76627974247941519e-21 8.50375654364991328e-25 -4.66798977037691228e-24 -1.39867368949555958e-27
1200.0 1450.0 4.54087371855627532e-21 7.84374423441770650e-25 -4.35411655881298323e-24 -1.24508994771029169e-27
1200.0 1500.0 4.33033105341543038e-21 7.25525009052344232e-25 -4.07250981846524502e-24 -1.11202733893092717e-27
1200.0 1550.0 4.13316995939613527e-21 6.72882225083431987e-25 -3.81810391757400234e-24 -9.96350366580005684e-28
1200.0 1600.0 3.94813493519275391e-21 6.25643769375949754e-25 -3.58686797684084757e-24 -8.95459957591535378e-28
1200.0 1650.0 3.77415122024142728e-21 5.83126065927469323e-25 -3.37556893502712092e-24 -8.07191067389629198e-28
1200.0 1700.0 3.61028961929415230e-21 5.44744657868342212e-25 -3.18159110453821864e-24 -7.29732061446129226e-28
1200.0 1750.0 3.45573922672599401e-21 5.09998196436994790e-25 -3.00279865833123598e-24 -6.61560762202663886e-28
1200.0 1800.0 3.30978617461005461e-21 4.78455292646017798e-25 -2.83743069255368441e-24 -6.01393347043231966e-28
1200.0 1850.0 3.17179698173953612e-21 4.49743664036941342e-25 -2.68402098720143776e-24 -5.48143234398041146e-28
1200.0 1900.0 3.04120542496957686e-21 4.23541133697771982e-25 -2.54133648985325022e-24 -5.00887794225141899e-28
1200.0 1950.0 2.91750211504675748e-21 3.99568133361261245e-25 -2.40833000007779868e-24 -4.58841234998066374e-28
1200.0 2000.0 2.80022615633975046e-21 3.77581434754936864e-25 -2.28410363593437569e-24 -4.21332402134970453e-28
1200.0 2050.0 2.68895841894924419e-21 3.57368889135455277e-25 -2.16788049993824787e-24 -3.87786508798959845e-28
1200.0 2100.0 2.58331606427486220e-21 3.38744998259813261e-25 -2.05898259341104891e-24 -3.57710035286652925e-28
1200.0 2150.0 2.48294805020432756e-21 3.21547173966870159e-25 -1.95681350449364140e-24 -3.30678196578519084e-28
1200.0 2200.0 2.38753140642609901e-21 3.05632570302147957e-25 -1.86084475405900953e-24 -3.06324502595311619e-28
1200.0 2250.0 2.29676811907941854e-21 2.90875393379672772e-25 -1.77060495417977792e-24 -2.84332032087809555e-28
1200.0 2300.0 2.21038250088653654e-21 2.77164611178043895e-25 -1.68567113754650671e-24 -2.64426116013548310e-28
1200.0 2350.0 2.12811895097341420e-21 2.64401999148697570e-25 -1.60566176983461087e-24 -2.46368184946432136e-28
1200.0 2400.0 2.04974002995086709e-21 2.52500468584882753e-25 -1.53023107293665262e-24 -2.29950581371692730e-28
1200.0 2450.0 1.97502479214211155e-21 2.41382633702429430e-25 -1.45906437456564326e-24 -2.14992174501232431e-28
1200.0 2500.0 1.90376732933115948e-21 2.30979580740109031e-25 -1.39187426603188906e-24 -2.01334644644443315e-28
1250.0 300.0 4.05224371534176903e-20 1.01870116354943255e-23 -1.85887949366515000e-22 1.36813536629491786e-26
1250.0 350.0 3.26464973590906216e-20 1.01033781522920496e-23 -1.32479422588727281e-22 -1.27938076682770273e-26
1250.0 400.0 2.69820872687537968e-20 9.19606311066700785e-24 -9.65404718147962044e-23 -2.16182323953866691e-26
1250.0 450.0 2.27943195859120382e-20 8.06601102414585803e-24 -7.25410809187414913e-23 -2.28063572080944293e-26
1250.0 500.0 1.96031060418240822e-20 6.96410765991840110e-24 -5.60895778525067336e-23 -2.09937485925527597e-26
1250.0 550.0 1.71068037677883501e-20 5.98144455597142636e-24 -4.43888975970068835e-23 -1.82553892788327902e-26
1250.0 600.0 1.51131522457443329e-20 5.13906619199826543e-24 -3.57739233123894937e-23 -1.54701703598366034e-26
1250.0 650.0 1.34946533899073923e-20 4.42956685651805126e-24 -2.92566319456770920e-23 -1.29691147853953511e-26
1250.0 700.0 1.21627537232772182e-20 3.83588724072633152e-24 -2.42302776023055581e-23 -1.08410648157848663e-26
1250.0 750.0 1.10533976293852273e-20 3.33940883575947911e-24 -2.03015595795985941e-23 -9.07507108356093981e-27
1250.0 800.0 1.01188421973960789e-20 2.92311032331441698e-24 -1.72006195970589285e-23 -7.62509272008248006e-27
1250.0 850.0 9.32280168976425822e-21 2.57252009564367140e-24 -1.47333382521265181e-23 -6.43804393611139886e-27
1250.0 900.0 8.63737156124775416e-21 2.27574583959601178e-24 -1.27554074417331448e-23 -5.46486148800616497e-27
1250.0 950.0 8.04094293718585144e-21 2.02316682036333094e-24 -1.11573982840987469e-23 -4.66396915375069459e-27
1250.0 1000.0 7.51670792944535797e-21 1.80704493881278640e-24 -9.85545350243602631e-24 -4.00154488782519220e-27
1250.0 1050.0 7.05154752347390669e-21 1.62115732481967965e-24 -8.78500010266190227e-24 -3.45060843906445405e-27
1250.0 1100.0 6.63518625539554107e-21 1.46048422605834951e-24 -7.89622214841990169e-24 -2.98981282550515387e-27
1250.0 1150.0 6.25954313153910608e-21 1.32095668603816107e-24 -7.15066442246774725e-24 -2.60229482162763385e-27
1250.0 1200.0 5.91823149227967032e-21 1.19925749899562314e-24 -6.51862897354109469e-24 -2.27470184316475031e-27
1250.0 1250.0 5.60617361616582213e-21 1.09266595527934059e-24 -5.97716205956112433e-24 -1.99641183483445967e-27
1250.0 1300.0 5.31930414348565443e-21 9.98937175824350775e-25 -5.50849531691146034e-24 -1.75892491206947701e-27
1250.0 1350.0 5.05434222472834133e-21 9.16208223375400517e-25 -5.09884106873869903e-24 -1.55539529571514435e-27
1250.0 1400.0 4.80861670009425616e-21 8.42924753503178843e-25 -4.73746436676902277e-24 -1.38027304887205120e-27
1250.0 1450.0 4.57993206085350439e-21 7.77783381661693256e-25 -4.41597062773775440e-24 -1.22902985809071044e-27
1250.0 1500.0 4.36646567178773555e-21 7.19686095917880076e-25 -4.12776039012748882e-24 -1.09794844662522793e-27
1250.0 1550.0 4.16668889358352835e-21 6.67703942872021616e-25 -3.86761292506532059e-24 -9.83959977195617123e-28
1250.0 1600.0 3.97930644306505613e-21 6.21047895861673648e-25 -3.63136871524199222e-24 -8.84517669489473643e-28
1250.0 1650.0 3.80320965551549971e-21 5.79045325162304915e-25 -3.41568748752005052e-24 -7.97497845880296004e-28
1250.0 1700.0 3.63744034097792406e-21 5.41120870265553710e-25 -3.21786380200408462e-24 -7.21121867322495294e-28
1250.0 1750.0 3.48116271729429617e-21 5.06780797419714650e-25 -3.03568638942906210e-24 -6.53894089139688697e-28
1250.0 1800.0 3.33364150795568210e-21 4.75600136846201144e-25 -2.86733069490308528e-24 -5.94552194942984741e-28
1250.0 1850.0 3.19422475407234467e-21 4.47212052400460897e-25 -2.71127661028748646e-24 -5.42027170088135449e-28
1250.0 1900.0 3.06233024007931227e-21 4.21299015908358425e-25 -2.56624531434909408e-24 -4.95410841027926871e-28
1250.0 1950.0 2.93743469821449057e-21 3.97585449192402057e-25 -2.43115061755038868e-24 -4.53929398368230285e-28
1250.0 2000.0 2.81906515760533054e-21 3.75831566334106872e-25 -2.30506133085341244e-24 -4.16921686702667635e-28
1250.0 2050.0 2.70679195559677783e-21 3.55828202406486322e-25 -2.18717202785336415e-24 -3.83821317631825468e-28
1250.0 2100.0 2.60022304368136759e-21 3.37392456698924076e-25 -2.07678021163631455e-24 -3.54141868467957334e-28
1250.0 2150.0 2.49899930714624264e-21 3.20364011239909984e-25 -1.97326838210799432e-24 -3.27464585778533934e-28
1250.0 2200.0 2.40279068320712953e-21 3.04602011332503180e-25 -1.87608986463345285e-24 -3.03428132974902708e-28
1250.0 2250.0 2.31129291215449800e-21 2.89982415440745482e-25 -1.78475753596236423e-24 -2.81720013912228721e-28
1250.0 2300.0 2.22422479381007820e-21 2.76395738286445485e-25 -1.69883479084278958e-24 -2.62069376710694703e-28
1250.0 2350.0 2.14132585032624320e-21 2.63745124331827387e-25 -1.61792824920810165e-24 -2.44240958702959756e-28
1250.0 2400.0 2.06235431827281697e-21 2.51944699614574139e-25 -1.54168182201913979e-24 -2.28029978226621323e-28
1250.0 2450.0 1.98708540971598038e-21 2.40918158690946622e-25 -1.46977184324307196e-24 -2.13257814641131772e-28
1250.0 2500.0 1.91530979484453413e-21 2.30597550633950715e-25 -1.40190304319804825e-24 -1.99768346500855159e-28
1300.0 300.0 4.10190805084401195e-20 9.68438325707611738e-24 -1.85137182555116240e-22 1.62967367511602961e-26
1300.0 350.0 3.31420372424363519e-20 9.72176074829770666e-24 -1.33064020977440109e-22 -1.06234186730414694e-26
1300.0 400.0 2.74346632841395680e-20 8.90919518873074802e-24 -9.75801246692799883e-23 -1.99886152034443273e-26
1300.0 450.0 2.31921631054584244e-20 7.84911943996556525e-24 -7.36513281721269653e-23 -2.16165547766673132e-26
1300.0 500.0 1.99471413719392392e-20 6.79817126557414409e-24 -5.71174047020883506e-23 -2.01276450289872261e-26
1300.0 550.0 1.74026442865795136e-20 5.85270414000117227e-24 -4.52856595735575444e-23 -1.76205096510733857e-26
1300.0 600.0 1.53675644866012611e-20 5.03772937077910909e-24 -3.65355778160275902e-23 -1.49996079142188686e-26
1300.0 650.0 1.37141051867970665e-20 4.34866236647009005e-24 -2.98961964327069737e-23 -1.26158937650772430e-26
1300.0 700.0 1.23529099060704999e-20 3.77041644009519869e-24 -2.47655727884253821e-23 -1.05724050413300592e-26
1300.0 750.0 1.12190269601185805e-20 3.28575130905629338e-24 -2.07501079425948492e-23 -8.86801252286654476e-27
1300.0 800.0 1.02638868463052994e-20 2.87861439505241555e-24 -1.75778125900331117e-23 -7.46342577642088091e-27
1300.0 850.0 9.45049758699181508e-21 2.53522105530935055e-24 -1.50520308230318901e-23 -6.31021458564955449e-27
1300.0 900.0 8.75037243163352859e-21 2.24417097587011497e-24 -1.30260831215933829e-23 -5.36255030895817236e-27
1300.0 950.0 8.14143044309573996e-21 1.99619940004649937e-24 -1.13885190500149904e-23 -4.58112430831214403e-27
1300.0 1000.0 7.60648338493063446e-21 1.78382842832702882e-24 -1.00538307204950258e-23 -3.93371922812017977e-27
1300.0 1050.0 7.13210593831024665e-21 1.60102731035970927e-24 -8.95612503455789558e-24 -3.39450107660401489e-27
1300.0 1100.0 6.70777525944801270e-21 1.44291957142364616e-24 -8.04453953734618919e-24 -2.94294918742467052e-27
1300.0 1150.0 6.32520962333973079e-21 1.30554417380366168e-24 -7.27979099621145800e-24 -2.56280134525156769e-27
1300.0 1200.0 5.97785857584327579e-21 1.18566600566235963e-24 -6.63152494057229992e-24 -2.24114594063332233e-27
1300.0 1250.0 5.66050994650498908e-21 1.08062742509288764e-24 -6.07626474596059315e-24 -1.96768727656310149e-27
1300.0 1300.0 5.36898736205088022e-21 9.88232482198698871e-25 -5.59582318946428211e-24 -1.73416908386428503e-27
1300.0 1350.0 5.09991778965771224e-21 9.06656571700594757e-25 -5.17607492331753172e-24 -1.53392900287743262e-27
1300.0 1400.0 4.85055311416650976e-21 8.34375669614980072e-25 -4.80601100865966298e-24 -1.36155639030480952e-27
1300.0 1450.0 4.61863326571641191e-21 7.70110602472032080e-25 -4.47701313177685839e-24 -1.21262963657142982e-27
1300.0 1500.0 4.40228119834266100e-21 7.12782869920789810e-25 -4.18229804164958732e-24 -1.08351391806081719e-27
1300.0 1550.0 4.19992222318523120e-21 6.61479383533606430e-25 -3.91649318391117433e-24 -9.71204668582503049e-28
1300.0 1600.0 4.01022193208727157e-21 6.15424127270596557e-25 -3.67531297267453001e-24 -8.73205642868219138e-28
1300.0 1650.0 3.83203829855314800e-21 5.73955228404458439e-25 -3.45531195804731787e-24 -7.87433241108664215e-28
1300.0 1700.0 3.66438458922022732e-21 5.36506288824340034e-25 -3.25369657333329735e-24 -7.12140879004197013e-28
1300.0 1750.0 3.50640052367353621e-21 5.02591096070967584e-25 -3.06818141605047636e-24 -6.45858762772165027e-28
1300.0 1800.0 3.35732973606043642e-21 4.71791034924373353e-25 -2.89687934286124972e-24 -5.87345591931875264e-28
1300.0 1850.0 3.21650206094276323e-21 4.43744671704072454e-25 -2.73821722675438259e-24 -5.35549569851771417e-28
1300.0 1900.0 3.08331952197459177e-21 4.18139097840701149e-25 -2.59087119409654316e-24 -4.89576734312755644e-28
1300.0 1950.0 2.95724517186160928e-21 3.94702706381607014e-25 -2.45371666088493496e-24 -4.48665088456538309e-28
1300.0 2000.0 2.83779413626594574e-21 3.73199141938318384e-25 -2.32578962788754935e-24 -4.12163361003037840e-28
1300.0 2050.0 2.72452636875148270e-21 3.53422216299786885e-25 -2.20625655765478963e-24 -3.79513485864806900e-28
1300.0 2100.0 2.61704074064790531e-21 3.35191622268336083e-25 -2.09439080855265895e-24 -3.50236088619672441e-28
1300.0 2150.0 2.51497017807260784e-21 3.18349309977622472e-25 -1.98955409299122147e-24 -3.23918417568903448e-28
1300.0 2200.0 2.41797762528560496e-21 3.02756415056610627e-25 -1.89118179799618147e-24 -3.00204272486919415e-28
1300.0 2250.0 2.32575266431985118e-21 2.88290648021431222e-25 -1.79877128596496670e-24 -2.78785573488049855e-28
1300.0 2300.0 2.23800865941789804e-21 2.74844070342418560e-25 -1.71187250441491146e-24 -2.59395282135779006e-28
1300.0 2350.0 2.15448032419814946e-21 2.62321195603170576e-25 -1.63008039281110116e-24 -2.41801441725619574e-28
1300.0 2400.0 2.07492163191814251e-21 2.50637364695612419e-25 -1.55302869495275235e-24 -2.25802147073646555e-28
1300.0 2450.0 1.99910400639585163e-21 2.39717352580918896e-25 -1.48038487656296650e-24 -2.11221288744091371e-28
1300.0 2500.0 1.92681474435835481e-21 2.29494171180695059e-25 -1.41184591687361795e-24 -1.97904944402005721e-28
1350.0 300.0 4.14913839931097104e-20 9.21261373252601243e-24 -1.84263102776556683e-22 1.86208432219086094e-26
1350.0 350.0 3.36189874631463168e-20 9.35926349358347226e-24 -1.33544822216749547e-22 -8.63766090466697889e-27
1350.0 400.0 2.78731991987498484e-20 8.63410064173820168e-24 -9.85412309897490431e-23 -1.84737016784292929e-26
1350.0 450.0 2.35793483667442433e-20 7.63943022625571454e-24 -7.47039205241224937e-23 -2.04984316018962430e-26
1350.0 500.0 2.02829925485546226e-20 6.63656211367942788e-24 -5.81030920823643728e-23 -1.93070113664692423e-26
1350.0 550.0 1.76921132782763904e-20 5.72645234665828753e-24 -4.61514314175464904e-23 -1.70149845815293850e-26
1350.0 600.0 1.56169446233475787e-20 4.93768463633808032e-24 -3.72742002338705536e-23 -1.45483208655938220e-26
1350.0 650.0 1.39295261107764600e-20 4.26825869524591643e-24 -3.05184312083539200e-23 -1.22755164864327185e-26
1350.0 700.0 1.25397932053175161e-20 3.70491630036685203e-24 -2.52876588856662360e-23 -1.03123987722310424e-26
1350.0 750.0 1.13819647819693499e-20 3.23170601257422528e-24 -2.11884557582498328e-23 -8.66682216143407494e-27
1350.0 800.0 1.04066917362074852e-20 2.83348742159758309e-24 -1.79470261174385697e-23 -7.30574115363591594e-27
1350.0 850.0 9.57630926187456416e-21 2.49712627141687087e-24 -1.53644023812933047e-23 -6.18506991155948451e-27
1350.0 900.0 8.86177238379557616e-21 2.21169009131077417e-24 -1.32916903457424770e-23 -5.26201890615375206e-27
1350.0 950.0 8.24054548350865801e-21 1.96825382667947403e-24 -1.16155281907274290e-23 -4.49942165034645614e-27
1350.0 1000.0 7.69507269920291236e-21 1.75958860818583028e-24 -1.02488355457384710e-23 -3.86658325384337937e-27
1350.0 1050.0 7.21163181336795853e-21 1.57984801633266314e-24 -9.12445510956436494e-24 -3.33876094395704454e-27
1350.0 1100.0 6.77945962439109367e-21 1.42429334921573495e-24 -8.19051826015026209e-24 -2.89622279328478201e-27
1350.0 1150.0 6.39007897045975441e-21 1.28906755589294713e-24 -7.40694312900728648e-24 -2.52328148076305663e-27
1350.0 1200.0 6.03677963450630819e-21 1.17101478777035221e-24 -6.74274030096773839e-24 -2.20744793767913392e-27
1350.0 1250.0 5.71421809747944446e-21 1.06753842228075207e-24 -6.17392624788570692e-24 -1.93873964506021921e-27
1350.0 1300.0 5.41810938049176578e-21 9.76489952427666076e-25 -5.68190682311698738e-24 -1.70913442932524760e-27
1350.0 1350.0 5.14499015599799157e-21 8.96082026183075215e-25 -5.25222800036776065e-24 -1.51214642282386048e-27
1350.0 1400.0 4.89203684916204359e-21 8.24820158608953187e-25 -4.87361368414386173e-24 -1.34249920975344578e-27
1350.0 1450.0 4.65692602482856362e-21 7.61448823656121800e-25 -4.53722706952204900e-24 -1.19587416981579799e-27
1350.0 1500.0 4.43772719127462064e-21 7.04908628619998044e-25 -4.23610516816045080e-24 -1.06871620760594381e-27
1350.0 1550.0 4.23282039578352402e-21 6.54302063208038272e-25 -3.96472676205743167e-24 -9.58083032198669174e-28
1350.0 1600.0 4.04083275040824673e-21 6.08865920804361262e-25 -3.71868268570151922e-24 -8.61527476678200356e-28
1350.0 1650.0 3.86058940100480588e-21 5.67948946833590936e-25 -3.49442428883582970e-24 -7.77004961690730725e-28
1350.0 1700.0 3.69107551637984892e-21 5.30993611841498191e-25 -3.28907146083412704e-24 -7.02800196035277258e-28
1350.0 1750.0 3.53140669222586742e-21 4.97521163263067272e-25 -3.10026594432342284e-24 -6.37468693723876624e-28
1350.0 1800.0 3.38080578997591032e-21 4.67119301963866107e-25 -2.92605904825998330e-24 -5.79789788004414296e-28
1350.0 1850.0 3.23858470709047319e-21 4.39431974263020873e-25 -2.76482548065777010e-24 -5.28728635916923244e-28
1350.0 1900.0 3.10412993703855533e-21 4.14150879692007278e-25 -2.61519702127046557e-24 -4.83405307880587532e-28
1350.0 1950.0 2.97689105136682474e-21 3.91008378326415809e-25 -2.47601127908211229e-24 -4.43069502537628387e-28
1350.0 2000.0 2.85637144373913537e-21 3.69771545803650602e-25 -2.34627193684248371e-24 -4.07079759525368129e-28
1350.0 2050.0 2.74212083279535113e-21 3.50237173971985380e-25 -2.22511776094595905e-24 -3.74886292508206373e-28
1350.0 2100.0 2.63372913944508421e-21 3.32227554059271069e-25 -2.11179831677832287e-24 -3.46016753741901908e-28
1350.0 2150.0 2.53082144413277654e-21 3.15586909923471517e-25 -2.00565482903746311e-24 -3.20064385602180514e-28
1350.0 2200.0 2.43305379777882835e-21 3.00178373282309755e-25 -1.90610500316464742e-24 -2.96678125422838111e-28
1350.0 2250.0 2.34010971186049933e-21 2.85881412263350879e-25 -1.81263090809881984e-24 -2.75554316027129315e-28
1350.0 2300.0 2.25169719247141656e-21 2.72589640245020155e-25 -1.72476923496007260e-24 -2.56429741614099377e-28
1350.0 2350.0 2.16754621323604351e-21 2.60208944600731637e-25 -1.64210340823814408e-24 -2.39075761668247992e-28
1350.0 2400.0 2.08740654491616539e-21 2.48655885232271006e-25 -1.56425714859520773e-24 -2.23293357622154936e-28
1350.0 2450.0 2.01104587716577822e-21 2.37856321171871218e-25 -1.49088917925678486e-24 -2.08908940595417814e-28
1350.0 2500.0 1.93824818144843710e-21 2.27744230416927575e-25 -1.42168883848525724e-24 -1.95770795528241992e-28
1400.0 300.0 4.19407940319301122e-20 8.76802023861435539e-24 -1.83279354544925484e-22 2.06892906443987659e-26
1400.0 350.0 3.40782435165737220e-20 9.01359731956152272e-24 -1.33930504911653302e-22 -6.81515848183657164e-27
1400.0 400.0 2.82982449968456422e-20 8.36933292332488777e-24 -9.94291865021580277e-23 -1.70604151324347868e-26
1400.0 450.0 2.39562103855290455e-20 7.43601898828941256e-24 -7.57022272501294973e-23 -1.94437546020350450e-26
1400.0 500.0 2.06108595409545442e-20 6.47868902136761720e-24 -5.90487736297367379e-23 -1.85265127574657226e-26
1400.0 550.0 1.79753245274501478e-20 5.60231657251084364e-24 -4.69875872988247576e-23 -1.64352670600185641e-26
1400.0 600.0 1.58613505000092736e-20 4.83870625981869067e-24 -3.79906903114276278e-23 -1.41138984631944018e-26
1400.0 650.0 1.41409371266147235e-20 4.18823082602771176e-24 -3.11239338032202181e-23 -1.19463143043506936e-26
1400.0 700.0 1.27233999644087946e-20 3.63933201678912643e-24 -2.57969369306866479e-23 -1.00598739696940919e-26
1400.0 750.0 1.15421908616035740e-20 3.17726773289361161e-24 -2.16168737395998255e-23 -8.47066749446184905e-27
1400.0 800.0 1.05472254393051565e-20 2.78775955423833548e-24 -1.83084428580139024e-23 -7.15144289886820270e-27
1400.0 850.0 9.70019775602870809e-21 2.45829126988911729e-24 -1.56705751784322658e-23 -6.06218147769776649e-27
1400.0 900.0 8.97152745993017977e-21 2.17837696378897244e-24 -1.35523093367389072e-23 -5.16295913968565376e-27
1400.0 950.0 8.33824087056155358e-21 1.93941698578581846e-24 -1.18384763992665836e-23 -4.41864044637040416e-27
1400.0 1000.0 7.78242670186133851e-21 1.73442171594747604e-24 -1.04404977807540489e-23 -3.79998035868916036e-27
1400.0 1050.0 7.29007487998489116e-21 1.55772226628267603e-24 -9.29000529897685264e-24 -3.28327885347870752e-27
1400.0 1100.0 6.85018861131335127e-21 1.40471291728516971e-24 -8.33416275728521576e-24 -2.84955973871961539e-27
1400.0 1150.0 6.45410040905678122e-21 1.27163719413570187e-24 -7.53211781032915322e-24 -2.48368770620652736e-27
1400.0 1200.0 6.09494419355403627e-21 1.15541606469311127e-24 -6.85226681267177809e-24 -2.17358011428178464e-27
1400.0 1250.0 5.76724810279489293e-21 1.05351216202178547e-24 -6.27013469680030168e-24 -1.90955612668030742e-27
1400.0 1300.0 5.46662089164855010e-21 9.63823148068766304e-25 -5.76673188471561159e-24 -1.68381938142010345e-27
1400.0 1350.0 5.18951077682074896e-21 8.84598004344611845e-25 -5.32728434191709318e-24 -1.49005448905012177e-27
1400.0 1400.0 4.93302018367601124e-21 8.14371123039145736e-25 -4.94025541505964349e-24 -1.32311487482799859e-27
1400.0 1450.0 4.69476348189512863e-21 7.51910151880715463e-25 -4.59659487511188129e-24 -1.17878170099433352e-27
1400.0 1500.0 4.47275768067585163e-21 6.96174469832480049e-25 -4.28916392256703869e-24 -1.05357725606622518e-27
1400.0 1550.0 4.26533833623322328e-21 6.46281909311274670e-25 -4.01229574556371963e-24 -9.44619814352436370e-28
1400.0 1600.0 4.07109471706791891e-21 6.01481910909129135e-25 -3.76146002090384266e-24 -8.49510045366117111e-28
1400.0 1650.0 3.88881966942670337e-21 5.61133728998054525e-25 -3.53300682589060940e-24 -7.66241494259175049e-28
1400.0 1700.0 3.71747070583279375e-21 5.24688631661525113e-25 -3.32397105408609083e-24 -6.93129522540765969e-28
1400.0 1750.0 3.55613966989521954e-21 4.91675282180541743e-25 -3.13192284691682763e-24 -6.28754499947422623e-28
1400.0 1800.0 3.40402896544228263e-21 4.61687672427549575e-25 -2.95485298917374028e-24 -5.71916079558044646e-28
1400.0 1850.0 3.26043282147804450e-21 4.34375116684880969e-25 -2.79108486602568862e-24 -5.21596158932821551e-28
1400.0 1900.0 3.12472243156452762e-21 4.09433919285232782e-25 -2.63920660856695736e-24 -4.76928700815612565e-28
1400.0 1950.0 2.99633408446233734e-21 3.86600409672391568e-25 -2.49801860120901097e-24 -4.37175011111013584e-28
1400.0 2000.0 2.87475961350115677e-21 3.65645100289537247e-25 -2.36649269784168922e-24 -4.01703388826876855e-28
1400.0 2050.0 2.75953865156470189e-21 3.46367770727250979e-25 -2.24374038196043211e-24 -3.69972301187143636e-28
1400.0 2100.0 2.65025229925356590e-21 3.28593319175918986e-25 -2.12898777701738192e-24 -3.41516417994734513e-28
1400.0 2150.0 2.54651790522149827e-21 3.12168251913652140e-25 -2.02155591970352578e-24 -3.15934977621713267e-28
1400.0 2200.0 2.44798472704547080e-21 2.96957705163208558e-25 -1.92084509093205479e-24 -2.92882063634040899e-28
1400.0 2250.0 2.35433029370679654e-21 2.82842912542508672e-25 -1.82632228759805264e-24 -2.72058453956876311e-28
1400.0 2300.0 2.26525733091030374e-21 2.69719046549701074e-25 -1.73751113588002027e-24 -2.53204769446683254e-28
1400.0 2350.0 2.18049114112378884e-21 2.57493374848076704e-25 -1.65398371143560917e-24 -2.36095700026645368e-28
1400.0 2400.0 2.09977735369499980e-21 2.46083682150811767e-25 -1.57535385643956416e-24 -2.20535127322938079e-28
1400.0 2450.0 2.02287997843409805e-21 2.35416916712553271e-25 -1.50127167793838064e-24 -2.06351995374848902e-28
1400.0 2500.0 1.94957970994694514e-21 2.25428027176277396e-25 -1.43141898384377403e-24 -1.93396807263041698e-28
1450.0 300.0 4.23685828435593029e-20 8.34729736903138638e-24 -1.82197897583763703e-22 2.25339764046254450e-26
1450.0 350.0 3.45205926724239470e-20 8.68270715409226059e-24 -1.34228735317303779e-22 -5.13671613776335742e-27
1450.0 400.0 2.87102823254057357e-20 8.11359316248497573e-24 -1.00248768246746837e-22 -1.57370320897562996e-26
1450.0 450.0 2.43230405214853118e-20 7.23805419920368423e-24 -7.66492289357826814e-23 -1.84451709498792445e-26
1450.0 500.0 2.09309143747785188e-20 6.32401741436384444e-24 -5.99563317746237721e-23 -1.77814068434173346e-26
1450.0 550.0 1.82523741546140471e-20 5.47995612438698815e-24 -4.77953348104204724e-23 -1.58782185462100285e-26
1450.0 600.0 1.61008291859728847e-20 4.74058325061690986e-24 -3.86858348617984944e-23 -1.36942163899724139e-26
1450.0 650.0 1.43483531372529766e-20 4.10845636514489413e-24 -3.17132237551138058e-23 -1.16268218938503486e-26
1450.0 700.0 1.29037237435270466e-20 3.57360277147125883e-24 -2.62937532861402000e-23 -9.81380412892024580e-27
1450.0 750.0 1.16996844939809366e-20 3.12241904622021194e-24 -2.20355938286499192e-23 -8.27882066945135392e-27
1450.0 800.0 1.06854577020194994e-20 2.74144427519379787e-24 -1.86622177721321205e-23 -7.00001033191269058e-27
1450.0 850.0 9.82212646496659215e-21 2.41875170708292821e-24 -1.59706515557676200e-23 -5.94117469478984337e-27
1450.0 900.0 9.07959690419768828e-21 2.14428322477964955e-24 -1.38080060000364761e-23 -5.06510087406329641e-27
1450.0 950.0 8.43447322754586288e-21 1.90975202685976579e-24 -1.20574041044988173e-23 -4.33858610258126702e-27
1450.0 1000.0 7.86850046894840421e-21 1.70839918104629240e-24 -1.06288399286360566e-23 -3.73377108788994319e-27
1450.0 1050.0 7.36738942354564470e-21 1.53472739749409799e-24 -9.45278545959972778e-24 -3.22795589293233679e-27
1450.0 1100.0 6.91991624857831398e-21 1.38425977166516339e-24 -8.47547397464294850e-24 -2.80289109281287404e-27
1450.0 1150.0 6.51722808565775522e-21 1.25333744697291914e-24 -7.65530974161492785e-24 -2.44397336166347329e-27
1450.0 1200.0 6.15230677941093902e-21 1.13895609260853775e-24 -6.96009484743037624e-24 -2.13951241393923025e-27
1450.0 1250.0 5.81955504889893766e-21 1.03863607796762681e-24 -6.36487751399433150e-24 -1.88011908165474235e-27
1450.0 1300.0 5.51447766331110409e-21 9.50320140839015567e-25 -5.85028383890950168e-24 -1.65821561400844738e-27
1450.0 1350.0 5.23343618024372325e-21 8.72292810749270135e-25 -5.40122817036035443e-24 -1.46765188432290010e-27
1450.0 1400.0 4.97346045477499437e-21 8.03116794822820974e-25 -5.00591969239393678e-24 -1.30340736356499390e-27
1450.0 1450.0 4.73210380991912272e-21 7.41582515090374553e-25 -4.65509967039204042e-24 -1.16136022865004887e-27
1450.0 1500.0 4.50733168721404849e-21 6.86667841383696304e-25 -4.34145731139670921e-24 -1.03810813397926326e-27
1450.0 1550.0 4.29743591398247999e-21 6.37505754467235029e-25 -4.05918320051020896e-24 -9.30828451528116907e-28
1450.0 1600.0 4.10096854417402012e-21 5.93358210505054797e-25 -3.80362822157716063e-24 -8.37168625234166623e-28
1450.0 1650.0 3.91669064766869083e-21 5.53594886421904282e-25 -3.57104306622731836e-24 -7.55159561961462076e-28
1450.0 1700.0 3.74353251920347713e-21 5.17675793788401380e-25 -3.35837915101761831e-24 -6.83146733739395041e-28
1450.0 1750.0 3.58056262029849482e-21 4.85136980525980410e-25 -3.16313624927156757e-24 -6.19734986062999018e-28
1450.0 1800.0 3.42696321133579735e-21 4.55578714182539385e-25 -2.98324563094616576e-24 -5.63744030627467751e-28
1450.0 1850.0 3.28201112114316128e-21 4.28655672457925641e-25 -2.81698019093530978e-24 -5.14172330651746423e-28
1450.0 1900.0 3.14506247367889437e-21 4.04068767041590999e-25 -2.66288510342184190e-24 -4.70167628571785280e-28
1450.0 1950.0 3.01554047356286904e-21 3.81558303760974021e-25 -2.51972410686905284e-24 -4.31002769232546700e-28
1450.0 2000.0 2.89292556587383476e-21 3.60898241473018295e-25 -2.38643771332919649e-24 -3.96055773745311443e-28
1450.0 2050.0 2.77674744740202290e-21 3.41891358414865866e-25 -2.26211053567306115e-24 -3.64793346931264248e-28
1450.0 2100.0 2.66657852907330069e-21 3.24365171061825829e-25 -2.14594560625426304e-24 -3.36757174366380151e-28
1450.0 2150.0 2.56202854215370602e-21 3.08168479279315813e-25 -2.03724407374399089e-24 -3.11552497688236536e-28
1450.0 2200.0 2.46274005137095254e-21 2.93168434451571821e-25 -1.93538905216399725e-24 -2.88838559336612334e-28
1450.0 2250.0 2.36838469173599429e-21 2.79248045632644398e-25 -1.83983268851442132e-24 -2.68320587776065621e-28
1450.0 2300.0 2.27865998675060828e-21 2.66304053582476884e-25 -1.75008573628591507e-24 -2.49743056985618116e-28
1450.0 2350.0 2.19328663694961789e-21 2.54245114572977041e-25 -1.66570908924154200e-24 -2.32884003644032190e-28
1450.0 2400.0 2.11200619169653346e-21 2.42990245651496948e-25 -1.58630685647134610e-24 -2.17550224993470679e-28
1450.0 2450.0 2.03457903558871789e-21 2.32467491078804203e-25 -1.51152065584687355e-24 -2.03573212081996559e-28
1450.0 2500.0 1.96078263505977587e-21 2.22612776261066929e-25 -1.44102487615427966e-24 -1.90805698664512138e-28
1500.0 300.0 4.27758787043481113e-20 7.94790441060276431e-24 -1.81029238814036185e-22 2.41815431301278621e-26
1500.0 350.0 3.49467350528498378e-20 8.36509166287143377e-24 -1.34446311260633343e-22 -3.58649336790332865e-27
1500.0 400.0 2.91097397387475933e-20 7.86599873318582196e-24 -1.01004228502244812e-22 -1.44940696269525689e-26
1500.0 450.0 2.46800978319876715e-20 7.04502685382769671e-24 -7.75475816014162819e-23 -1.74968891625649756e-26
1500.0 500.0 2.12433097824024485e-20 6.17226880000135022e-24 -6.08274431142042312e-23 -1.70680779916662494e-26
1500.0 550.0 1.85233473274761194e-20 5.35923778594523992e-24 -4.85757479734049848e-23 -1.53415363924975452e-26
1500.0 600.0 1.63354222614253831e-20 4.64327564070832902e-24 -3.93603323044820667e-23 -1.32877843180303192e-26
1500.0 650.0 1.45517871997561948e-20 4.02895604258119171e-24 -3.22867611848499542e-23 -1.13160636673158396e-26
1500.0 700.0 1.30807587198569429e-20 3.50778915124711987e-24 -2.67784139218740316e-23 -9.57354709920966823e-27
1500.0 750.0 1.18544272711986448e-20 3.06724676879977774e-24 -2.24448203281161965e-23 -8.09085982745648707e-27
1500.0 800.0 1.08213617186893656e-20 2.69464555283320798e-24 -1.90084868879694674e-23 -6.85116963939352655e-27
1500.0 850.0 9.94206301878348035e-21 2.37862256125578880e-24 -1.62647209595850931e-23 -5.82187665315528428e-27
1500.0 900.0 9.18594472798456985e-21 2.10953065372897388e-24 -1.40588375849892548e-23 -4.96834071414315307e-27
1500.0 950.0 8.52920429840633184e-21 1.87938462059570012e-24 -1.22723460843407059e-23 -4.25920345018703137e-27
1500.0 1000.0 7.95325442310088448e-21 1.68164854315484989e-24 -1.08138809863254303e-23 -3.66793382702506610e-27
1500.0 1050.0 7.44353521079823410e-21 1.51099141214025477e-24 -9.61280347867671325e-24 -3.17279375425308557e-27
1500.0 1100.0 6.98860211531554394e-21 1.36306140286365207e-24 -8.61445199046110523e-24 -2.75623462204650037e-27
1500.0 1150.0 6.57942172011896835e-21 1.23429462523955283e-24 -7.77651354533907162e-24 -2.40416714936388850e-27
1500.0 1200.0 6.20882748093329524e-21 1.12175955263999206e-24 -7.06621525980244764e-24 -2.10528081049383313e-27
1500.0 1250.0 5.87109955002439801e-21 1.02303292694565700e-24 -6.45814300048406625e-24 -1.85046914319271504e-27
1500.0 1300.0 5.56164093971915010e-21 9.36101579343057406e-25 -5.93254930716400143e-24 -1.63236656466454662e-27
1500.0 1350.0 5.27672830793265921e-21 8.59284880162052506e-25 -5.47404505507768542e-24 -1.44498354394052506e-27
1500.0 1400.0 5.01332034231952005e-21 7.91173344116461298e-25 -5.07059148150223724e-24 -1.28342220049677026e-27
1500.0 1450.0 4.76891044876408994e-21 7.30579805879100472e-25 -4.71272613389495618e-24 -1.14365524697634358e-27
1500.0 1500.0 4.54141341921455583e-21 6.76500370823862738e-25 -4.39296994812459884e-24 -1.02235389446971392e-27
1500.0 1550.0 4.32907810501854039e-21 6.28082990281346036e-25 -4.10537382763544405e-24 -9.16753294911354984e-28
1500.0 1600.0 4.13041996828529917e-21 5.84602014581777653e-25 -3.84517217775036142e-24 -8.24546710989516792e-28
1500.0 1650.0 3.94416882162343585e-21 5.45437462565200940e-25 -3.60851815502723798e-24 -7.43801722724990420e-28
1500.0 1700.0 3.76922817786821588e-21 5.10058037903532398e-25 -3.39228119207425818e-24 -6.72893421142572672e-28
1500.0 1750.0 3.60464348491999607e-21 4.78007142537733903e-25 -3.19389190912169129e-24 -6.10450780993786533e-28
1500.0 1800.0 3.44957717310230975e-21 4.48891303598704043e-25 -3.01122305815030021e-24 -5.55313332409361664e-28
1500.0 1850.0 3.30328893909457390e-21 4.22370556080174943e-25 -2.84249786795867570e-24 -5.06495941576038428e-28
1500.0 1900.0 3.16512006764282603e-21 3.98150419561767194e-25 -2.68621924212343332e-24 -4.63160023955269110e-28
1500.0 1950.0 3.03448087817642548e-21 3.75975181062582029e-25 -2.54111484844409656e-24 -4.24589896740762213e-28
1500.0 2000.0 2.91084060003900423e-21 3.55622253242191151e-25 -2.40609434229441248e-24 -3.90173264822630616e-28
1500.0 2050.0 2.79371914408904019e-21 3.36897421769226042e-25 -2.28021587734921516e-24 -3.59385051864436848e-28
1500.0 2100.0 2.68268036273472340e-21 3.19630830774030807e-25 -2.16265974553423584e-24 -3.31773953666710876e-28
1500.0 2150.0 2.57732648477716273e-21 3.03673583125815048e-25 -2.05270750776219573e-24 -3.06951218177021054e-28
1500.0 2200.0 2.47729348308713173e-21 2.88894854490865429e-25 -1.94972536933583649e-24 -2.84581255038677950e-28
1500.0 2250.0 2.38224718769821077e-21 2.75179437981663861e-25 -1.85315085018981994e-24 -2.64373754534295100e-28
1500.0 2300.0 2.29187999852738770e-21 2.62425650639531394e-25 -1.76248202411608368e-24 -2.46077056375399371e-28
1500.0 2350.0 2.20590808379544755e-21 2.50543544724363745e-25 -1.67726877065849315e-24 -2.29472556846636796e-28
1500.0 2400.0 2.12406897466964578e-21 2.39453376363985711e-25 -1.59710561192651568e-24 -2.14369981189799222e-28
1500.0 2450.0 2.04611948549081028e-21 2.29084291973483552e-25 -1.52162580426642012e-24 -2.00603378947394119e-28
1500.0 2500.0 1.97183390350079955e-21 2.19373199323739995e-25 -1.45049642914112297e-24 -1.88027724900523575e-28
1550.0 300.0 4.31636913549217849e-20 7.56762801007400215e-24 -1.79782634213747371e-22 2.56554608216355879e-26
1550.0 350.0 3.53573010544672054e-20 8.05945356210928432e-24 -1.34589286939114526e-22 -2.15053605130438690e-27
1550.0 400.0 2.94970050810914049e-20 7.62579634762548738e-24 -1.01699375522155025e-22 -1.33232144345410918e-26
1550.0 450.0 2.50276181271913772e-20 6.85651008017241376e-24 -7.83996712108927656e-23 -1.65938722191343050e-26
1550.0 500.0 2.15481859728414664e-20 6.02321589695534445e-24 -6.16636165228945885e-23 -1.63834128655064316e-26
1550.0 550.0 1.87883234113240165e-20 5.24005872225813450e-24 -4.93297946283798636e-23 -1.48232604523921590e-26
1550.0 600.0 1.65651697910463820e-20 4.54675951476049094e-24 -4.00148127919694016e-23 -1.28933496570174355e-26
1550.0 650.0 1.47512536266648152e-20 3.94975663009568191e-24 -3.28449618567132958e-23 -1.10132312365167777e-26
1550.0 700.0 1.32545021311753902e-20 3.44195071113941356e-24 -2.72511958620078466e-23 -9.33857941593341932e-27
1550.0 750.0 1.20064050227468991e-20 3.01183164891320217e-24 -2.28447387234429551e-23 -7.90644783820444599e-27
1550.0 800.0 1.09549156815443199e-20 2.64745768796127577e-24 -1.93473741864885791e-23 -6.70470760583346669e-27
1550.0 850.0 1.00599805258227439e-20 2.33800657091830192e-24 -1.65528653769304831e-23 -5.70415766330542772e-27
1550.0 900.0 9.29054071046546919e-21 2.07422696229196089e-24 -1.43048570227593955e-23 -4.87260582128188462e-27
1550.0 950.0 8.62240175335613512e-21 1.84842508689512357e-24 -1.24833349621830894e-23 -4.18045855104466433e-27
1550.0 1000.0 8.03665498132214402e-21 1.65428111133184193e-24 -1.09956392889344223e-23 -3.60246126132457014e-27
1550.0 1050.0 7.51847800868416202e-21 1.48662550274994236e-24 -9.77006760755243911e-24 -3.11780323758312453e-27
1550.0 1100.0 7.05621175405615904e-21 1.34122813872465178e-24 -8.75109794505765340e-24 -2.70961328774692224e-27
1550.0 1150.0 6.64064693013315659e-21 1.21461769487626005e-24 -7.89572537216569961e-24 -2.36430000196106163e-27
1550.0 1200.0 6.26447220028797117e-21 1.10393372838402690e-24 -7.17062073430196368e-24 -2.07092125511307899e-27
1550.0 1250.0 5.92184793717702248e-21 1.00680811421737174e-24 -6.54992147271805332e-24 -1.82064520654932401e-27
1550.0 1300.0 5.60807757823753922e-21 9.21270881642750068e-25 -6.01351703007015831e-24 -1.60631262750846024e-27
1550.0 1350.0 5.31935460735687043e-21 8.45675594900769864e-25 -5.54572273139180353e-24 -1.42209036862122001e-27
1550.0 1400.0 5.05256792334559448e-21 7.78640109956870527e-25 -5.13425792163710416e-24 -1.26320012710814189e-27
1550.0 1450.0 4.80515212713522771e-21 7.18999339566952400e-25 -4.76946110015317785e-24 -1.12570690697412550e-27
1550.0 1500.0 4.57497226685233909e-21 6.65767386460358832e-25 -4.44368856781235772e-24 -1.00635383418644042e-27
1550.0 1550.0 4.36023496217629119e-21 6.18107004819613683e-25 -4.15085440498103499e-24 -9.02432640953143110e-28
1550.0 1600.0 4.15941970016583457e-21 5.75304822855479963e-25 -3.88607880725975763e-24 -8.11681534778449918e-28
1550.0 1650.0 3.97122555128282340e-21 5.36751122418090466e-25 -3.64541921376463637e-24 -7.32204135427396472e-28
1550.0 1700.0 3.79452967977702683e-21 5.01923247380897967e-25 -3.42566454259254948e-24 -6.62404697159240407e-28
1550.0 1750.0 3.62835488682921146e-21 4.70371921149919908e-25 -3.22417745915731118e-24 -6.00935999260313752e-28
1550.0 1800.0 3.47184408522835503e-21 4.41709911587382283e-25 -3.03877318264508789e-24 -5.46657161946124266e-28
1550.0 1850.0 3.32424010715372886e-21 4.15602601690671130e-25 -2.86762609195632241e-24 -4.98599296568331460e-28
1550.0 1900.0 3.18486962848215198e-21 3.91760116177899794e-25 -2.70919750106056022e-24 -4.55937385123667699e-28
1550.0 1950.0 3.05313028256722774e-21 3.69930724856418777e-25 -2.56217957899460591e-24 -4.17967147670334678e-28
1550.0 2000.0 2.92848025583152939e-21 3.49895298561538436e-25 -2.42545160759251024e-24 -3.84085929786213287e-28
1550.0 2050.0 2.81042982373705048e-21 3.31462636429340226e-25 -2.29804569169140536e-24 -3.53776849439269523e-28
1550.0 2100.0 2.69853441174217032e-21 3.14465517167856958e-25 -2.17911973303721224e-24 -3.26595600910183217e-28
1550.0 2150.0 2.59238886152474981e-21 2.98757353930220958e-25 -2.06793600505016823e-24 -3.02159435305053846e-28
1550.0 2200.0 2.49162265550376994e-21 2.84209353953018202e-25 -1.96384406276238273e-24 -2.80137931876757338e-28
1550.0 2250.0 2.39589590812248900e-21 2.70708101482702843e-25 -1.86626702230413562e-24 -2.60245248522327242e-28
1550.0 2300.0 2.30489597470183666e-21 2.58153496575889455e-25 -1.77469047126955598e-24 -2.42233598348331223e-28
1550.0 2350.0 2.21833456111054935e-21 2.46456993807194091e-25 -1.68865344319582290e-24 -2.25887745724630055e-28
1550.0 2400.0 2.13594524242559771e-21 2.35540094282510666e-25 -1.60774101984388354e-24 -2.11020352485927036e-28
1550.0 2450.0 2.05748131797917652e-21 2.25333052046130025e-25 -1.53157822418075476e-24 -1.97468034925085955e-28
1550.0 2500.0 1.98271394506864667e-21 2.15773762310216682e-25 -1.45982494260105554e-24 -1.85088016496069403e-28
1600.0 300.0 4.35329329470061229e-20 7.20475668289451840e-24 -1.78466263067338405e-22 2.69754449551061054e-26
1600.0 350.0 3.57528654193806567e-20 7.76484751387366268e-24 -1.34663079949457851e-22 -8.17254998861792277e-28
1600.0 400.0 2.98724352577155489e-20 7.39248863476558281e-24 -1.02337641972801827e-22 -1.22177001688528983e-26
1600.0 450.0 2.53658209387053035e-20 6.67226892100873341e-24 -7.92076592309430222e-23 -1.57321358409640383e-26
1600.0 500.0 2.18456757037515918e-20 5.87677905105481026e-24 -6.24662245324744779e-23 -1.57250396522316419e-26
1600.0 550.0 1.90473797169949775e-20 5.12243209549194949e-24 -5.00583586512914692e-23 -1.43219678899771016e-26
1600.0 600.0 1.67901131244087661e-20 4.45110377371615278e-24 -4.06498542897444285e-23 -1.25100582712147878e-26
1600.0 650.0 1.49467700943746395e-20 3.87096036178337981e-24 -3.33882090319612450e-23 -1.07178174743450335e-26
1600.0 700.0 1.34249558702314504e-20 3.37620923974658975e-24 -2.77123560599040310e-23 -9.10860924761805698e-27
1600.0 750.0 1.21556090224816440e-20 2.95630642212459837e-24 -2.32355224190692640e-23 -7.72542838051765829e-27
1600.0 800.0 1.10861036918662770e-20 2.60001891600644742e-24 -1.96789967775021435e-23 -6.56055414424958635e-27
1600.0 850.0 1.01758582552971970e-20 2.29704399354574536e-24 -1.68351633576915370e-23 -5.58800285042942449e-27
1600.0 900.0 9.39336090274375686e-21 2.03851220269160474e-24 -1.45461160842448950e-23 -4.77791663832513938e-27
1600.0 950.0 8.71403955222604685e-21 1.81701185388506591e-24 -1.26904037102910208e-23 -4.10239418783970444e-27
1600.0 1000.0 8.11867480623691595e-21 1.62643280186536899e-24 -1.11741345121115760e-23 -3.53740992329798900e-27
1600.0 1050.0 7.59218974556712956e-21 1.46176253947465600e-24 -9.92458807662673624e-24 -3.06304887751348027e-27
1600.0 1100.0 7.12271675907577056e-21 1.31888950621722854e-24 -8.88541535332384881e-24 -2.66309575827208264e-27
1600.0 1150.0 6.70087526013966825e-21 1.19443270234099692e-24 -8.01294397507103465e-24 -2.32444212005826323e-27
1600.0 1200.0 6.31921263307288506e-21 1.08560115549599444e-24 -7.27330666993373418e-24 -2.03650374718142529e-27
1600.0 1250.0 5.97177219796795674e-21 9.90080705054248710e-25 -6.64020599495236228e-24 -1.79071593884824102e-27
1600.0 1300.0 5.65375995575733422e-21 9.05943728439354244e-25 -6.09317847650603081e-24 -1.58012042777522073e-27
1600.0 1350.0 5.36128791033209395e-21 8.31577364566627608e-25 -5.61625160907442195e-24 -1.39903652760410427e-27
1600.0 1400.0 5.09117652732197514e-21 7.65626359547367566e-25 -5.19690875151733646e-24 -1.24280264898610874e-27
1600.0 1450.0 4.84080269833380174e-21 7.06947376254929306e-25 -4.82529391634680383e-24 -1.10757398554222177e-27
1600.0 1500.0 4.60798262155774886e-21 6.54572277263771160e-25 -4.49360232602114997e-24 -9.90164032810072917e-28
1600.0 1550.0 4.39088142084955296e-21 6.07678448625824874e-25 -4.19561403806060701e-24 -8.87919966668288603e-28
1600.0 1600.0 4.18794321905298413e-21 5.65564674361386428e-25 -3.92633726445897432e-24 -7.98624104408230707e-28
1600.0 1650.0 3.99783685548076152e-21 5.27631413153612035e-25 -3.68173551342071941e-24 -7.20415493665757226e-28
1600.0 1700.0 3.81941357631841681e-21 4.93364589154325417e-25 -3.45851863543011927e-24 -6.51727105401269314e-28
1600.0 1750.0 3.65167390109270772e-21 4.62322206422830338e-25 -3.25398252315610320e-24 -5.91235199390493432e-28
1600.0 1800.0 3.49374153643432992e-21 4.34123246563887065e-25 -3.06588583663595775e-24 -5.37818252501601502e-28
1600.0 1850.0 3.34484271701145360e-21 4.08438423504736694e-25 -2.89235491296533563e-24 -4.90523454672936033e-28
1600.0 1900.0 3.20428973985145311e-21 3.84982457065498154e-25 -2.73181015191007233e-24 -4.48539236988788481e-28
1600.0 1950.0 3.07146775125838304e-21 3.63507594732512893e-25 -2.58290879187170529e-24 -4.11172640838084261e-28
1600.0 2000.0 2.94582406761183805e-21 3.43798163797203002e-25 -2.44450022181889443e-24 -3.77830597026835836e-28
1600.0 2050.0 2.82685947967617935e-21 3.25665977421285420e-25 -2.31559090657806455e-24 -3.48004381134001638e-28
1600.0 2100.0 2.71412111774912795e-21 3.08946450929985853e-25 -2.19531670708505148e-24 -3.21256662586168157e-28
1600.0 2150.0 2.60719655198219967e-21 2.93495310718177682e-25 -2.08292090910492338e-24 -2.97210681691011003e-28
1600.0 2200.0 2.50570887601499345e-21 2.79185799076399970e-25 -1.97773667571819671e-24 -2.75541179817449815e-28
1600.0 2250.0 2.40931257835634722e-21 2.65906295127373285e-25 -1.87917294257676647e-24 -2.55966779330786653e-28
1600.0 2300.0 2.31769004898187409e-21 2.53558285766515310e-25 -1.78670300475985172e-24 -2.38243566412217632e-28
1600.0 2350.0 2.23054860162286606e-21 2.42054631675457907e-25 -1.69985521825616089e-24 -2.22159674941372600e-28
1600.0 2400.0 2.14761791760948212e-21 2.31318082631816560e-25 -1.61820537138432316e-24 -2.07530705759861371e-28
1600.0 2450.0 2.06864783673780319e-21 2.21280003868541676e-25 -1.54137038215503681e-24 -1.94195844797174239e-28
1600.0 2500.0 1.99340643581979715e-21 2.11879281449780780e-25 -1.46900305441500224e-24 -1.82014567195118506e-28
1650.0 300.0 4.38844351567024725e-20 6.85785081335448164e-24 -1.77087377945663579e-22 2.81585936710084154e-26
1650.0 350.0 3.61339584496559768e-20 7.48049786153569531e-24 -1.34672562641996891e-22 4.23371437433108836e-28
1650.0 400.0 3.02363638011036189e-20 7.16568588575012950e-24 -1.02922142560290274e-22 -1.11717288476290376e-26
1650.0 450.0 2.56949147434190246e-20 6.49213714896150155e-24 -7.99735203740825201e-23 -1.49083148848022021e-26
1650.0 500.0 2.21359079466924427e-20 5.73292208436741707e-24 -6.32365288783717704e-23 -1.50909944771740319e-26
1650.0 550.0 1.93005940972892505e-20 5.00639770761309091e-24 -5.07622577174968872e-23 -1.38365112498051264e-26
1650.0 600.0 1.70102967411722803e-20 4.35639248714293454e-24 -4.12659952021218866e-23 -1.21372454674086918e-26
1650.0 650.0 1.51383589497193111e-20 3.79267669275659631e-24 -3.39168626050774217e-23 -1.04294474672300879e-26
1650.0 700.0 1.35921273986986405e-20 3.31068817060880749e-24 -2.81621381093735072e-23 -8.88343801869191126e-27
1650.0 750.0 1.23020366123564289e-20 2.90080152148244674e-24 -2.36173377321237924e-23 -7.54771138398627937e-27
1650.0 800.0 1.12149161665889322e-20 2.55246235968847005e-24 -2.00034686574441307e-23 -6.41868641313080413e-27
1650.0 850.0 1.02896818797027047e-20 2.25586796904231894e-24 -1.71116928707187749e-23 -5.47343103853774308e-27
1650.0 900.0 9.49438774492552600e-21 2.00251788174414431e-24 -1.47826675704438908e-23 -4.68431754708895539e-27
1650.0 950.0 8.80409796503644490e-21 1.78527379400170914e-24 -1.28935873432953663e-23 -4.02506998728061629e-27
1650.0 1000.0 8.19929275178169037e-21 1.59822926971537883e-24 -1.13493889910236478e-23 -3.47284799332709270e-27
1650.0 1050.0 7.66464839841609852e-21 1.43652464928356902e-24 -1.00763781294484543e-23 -3.00860302777860875e-27
1650.0 1100.0 7.18809461757921254e-21 1.29616397256568992e-24 -9.01741092019707963e-24 -2.61675568606734237e-27
1650.0 1150.0 6.76008398614201379e-21 1.17385444041621244e-24 -8.12817135560924970e-24 -2.28466658079956378e-27
1650.0 1200.0 6.37302604425769162e-21 1.06687301332942524e-24 -7.37427169436359525e-24 -2.00209959097373225e-27
1650.0 1250.0 6.02084972954804979e-21 9.72958373972416881e-25 -6.72899278940892788e-24 -1.76075013713648446e-27
1650.0 1300.0 5.69866570326623977e-21 8.90224426242055538e-25 -6.17152817115037142e-24 -1.55385584042507960e-27
1650.0 1350.0 5.40250615293064917e-21 8.17091279381451422e-25 -5.68562503358734057e-24 -1.37588477936933647e-27
1650.0 1400.0 5.12912444438476848e-21 7.52230124246436308e-25 -5.25853651691657513e-24 -1.22228936466242912e-27
1650.0 1450.0 4.87584083924444213e-21 6.94519045326551990e-25 -4.88021660603595623e-24 -1.08931297920622524e-27
1650.0 1500.0 4.64042356775101015e-21 6.43007422862728455e-25 -4.54270292633784657e-24 -9.73838008659049431e-28
1650.0 1550.0 4.42099698512759302e-21 5.96887096507173790e-25 -4.23964425720475119e-24 -8.73265976234462731e-28
1650.0 1600.0 4.21597045457726751e-21 5.55468875203524369e-25 -3.96593901217209848e-24 -7.85422495895518758e-28
1650.0 1650.0 4.02398309076850492e-21 5.18163298724444537e-25 -3.71745852487431631e-24 -7.08481440165585060e-28
1650.0 1700.0 3.84386064914853434e-21 4.84464801807104437e-25 -3.49083500289870009e-24 -6.40904049989241776e-28
1650.0 1750.0 3.67458173041416907e-21 4.53938618755530527e-25 -3.28329873199798843e-24 -5.81389735266510943e-28
1650.0 1800.0 3.51525114486892189e-21 4.26209908753891673e-25 -3.09255277487365213e-24 -5.28836085806479664e-28
1650.0 1850.0 3.36507879561855620e-21 4.00954690990179241e-25 -2.91667622634127418e-24 -4.82306190918915013e-28
1650.0 1900.0 3.22336283018823633e-21 3.77892262420207808e-25 -2.75404924121264191e-24 -4.41001799497395891e-28
1650.0 1950.0 3.08947610644421551e-21 3.56778835873697629e-25 -2.60329469100190101e-24 -4.04241178536251992e-28
1650.0 2000.0 2.96285524337326185e-21 3.37402186858409364e-25 -2.46323254940937316e-24 -3.71440774635607041e-28
1650.0 2050.0 2.84299169764093570e-21 3.19577137284496254e-25 -2.33284404794655870e-24 -3.42099970923221650e-28
1650.0 2100.0 2.72942443616310454e-21 3.03141735946618475e-25 -2.21124335466153848e-24 -3.15788376119071040e-28
1650.0 2150.0 2.62173387320960763e-21 2.87954020853311224e-25 -2.09765506654294684e-24 -2.92135194248122107e-28
1650.0 2200.0 2.51953681540038063e-21 2.73889268797080404e-25 -1.99139621242713840e-24 -2.70820310828758991e-28
1650.0 2250.0 2.42248221507726841e-21 2.60837653980437446e-25 -1.89186177044237425e-24 -2.51566800138823183e-28
1650.0 2300.0 2.33024757624713636e-21 2.48702250867040365e-25 -1.79851293662967025e-24 -2.34134612739564191e-28
1650.0 2350.0 2.24253589085051055e-21 2.37397327337363493e-25 -1.71086755779131458e-24 -2.18315246053008057e-28
1650.0 2400.0 2.15907300895092329e-21 2.26846883180528076e-25 -1.62849227568350585e-24 -2.03927235864175470e-28
1650.0 2450.0 2.07960536641674045e-21 2.16983396326184638e-25 -1.55099603180126545e-24 -1.90812334986275222e-28
1650.0 2500.0 2.00389800916740558e-21 2.07746745312585353e-25 -1.47802466000509703e-24 -1.78832268383502852e-28
1700.0 300.0 4.42189630559170235e-20 6.52563455671241612e-24 -1.75652433486988173e-22 2.92199649532419250e-26
1700.0 350.0 3.65010748332722973e-20 7.20571456284212742e-24 -1.34622139804227356e-22 1.58019586171471110e-27
1700.0 400.0 3.05891066151128638e-20 6.94503890916474801e-24 -1.03455722295236710e-22 -1.01801841919959776e-26
1700.0 450.0 2.60151007621644430e-20 6.31596249811655374e-24 -8.06990736350266447e-23 -1.41194501340820977e-26
1700.0 500.0 2.24190104160024638e-20 5.59160684831094195e-24 -6.39757010880390438e-23 -1.44795588003575411e-26
1700.0 550.0 1.95480466229058198e-20 4.89198373003991858e-24 -5.14422573175091729e-23 -1.33658920811730211e-26
1700.0 600.0 1.72257693404274744e-20 4.26269224222665716e-24 -4.18637441152548640e-23 -1.17743362880465426e-26
1700.0 650.0 1.53260478881733436e-20 3.71499410967658631e-24 -3.44312659912533193e-23 -1.01477988323914756e-26
1700.0 700.0 1.37560301328259804e-20 3.24548797867783696e-24 -2.86007771795718565e-23 -8.66289597902833000e-27
1700.0 750.0 1.24456913773369040e-20 2.84542338929463077e-24 -2.39903474666438439e-23 -7.37322034673136534e-27
1700.0 800.0 1.13413498599374056e-20 2.50489673711743741e-24 -2.03209033203236089e-23 -6.27908527021229939e-27
1700.0 850.0 1.04014433841206060e-20 2.21458721884642914e-24 -1.73825332237543057e-23 -5.36045837219842095e-27
1700.0 900.0 9.59360989261896287e-21 1.96635133163058338e-24 -1.50145667310692585e-23 -4.59184616332248702e-27
1700.0 950.0 8.89256333721484845e-21 1.75331601260421755e-24 -1.30929239695819963e-23 -3.94853624515923781e-27
1700.0 1000.0 8.27849358297274425e-21 1.56977291140952426e-24 -1.15214285005177754e-23 -3.40883277486885039e-27
1700.0 1050.0 7.73583767885319645e-21 1.41101126839409308e-24 -1.02254546010780384e-23 -2.95452630474414678e-27
1700.0 1100.0 7.25232837078647621e-21 1.27314791264329061e-24 -9.14709496786628936e-24 -2.57065458741750766e-27
1700.0 1150.0 6.81825575841628947e-21 1.15297621961875767e-24 -8.24141307717123139e-24 -2.24503423573559153e-27
1700.0 1200.0 6.42589489748825904e-21 1.04783960805173695e-24 -7.47351789074204749e-24 -1.96776798046372122e-27
1700.0 1250.0 6.06906295829551735e-21 9.55528522059437709e-25 -6.81628139707789555e-24 -1.73080473574763755e-27
1700.0 1300.0 5.74277731882039765e-21 8.74197593287178116e-25 -6.24856380449892385e-24 -1.52757320726347587e-27
1700.0 1350.0 5.44299198397738019e-21 8.02299308676542950e-25 -5.75383935670808614e-24 -1.35268672581249700e-27
1700.0 1400.0 5.16639453110487861e-21 7.38530862421444937e-25 -5.31913661045502650e-24 -1.20170911551486843e-27
1700.0 1450.0 4.91024965474650051e-21 6.81791430886880676e-25 -4.93422388456365878e-24 -1.07097003314249134e-27
1700.0 1500.0 4.67227848698834503e-21 6.31147665109112175e-25 -4.59098461626864080e-24 -9.57419329861360588e-28
1700.0 1550.0 4.45056533255302724e-21 5.85805673209083856e-25 -4.28293899765522155e-24 -8.58511813028467470e-28
1700.0 1600.0 4.24348539285208551e-21 5.45088150058913537e-25 -4.00487778882450965e-24 -7.72115597732903777e-28
1700.0 1650.0 4.04964855942551569e-21 5.08415612083007487e-25 -3.75258187526653751e-24 -6.96438784909091335e-28
1700.0 1700.0 3.86785552061636033e-21 4.75290926095654792e-25 -3.52260722407413779e-24 -6.29970437572405068e-28
1700.0 1750.0 3.69706331839135341e-21 4.45286497620681712e-25 -3.31211966327606176e-24 -5.71432778984298251e-28
1700.0 1800.0 3.53635817455343268e-21 4.18033619052457320e-25 -3.11876760765138158e-24 -5.19742258446028487e-28
1700.0 1850.0 3.38493392512884716e-21 3.93213581504981626e-25 -2.94058370003216275e-24 -4.73977673719589237e-28
1700.0 1900.0 3.24207479641865467e-21 3.70550234051080884e-25 -2.77590851266337793e-24 -4.33353947559328567e-28
1700.0 1950.0 3.10714155569288832e-21 3.49803736118005452e-25 -2.62333110882590476e-24 -3.97200463917461833e-28
1700.0 2000.0 2.97956029664466842e-21 3.30765297421426713e-25 -2.48164252077187516e-24 -3.64943103078233724e-28
1700.0 2050.0 2.85881329205218821e-21 3.13252738194651827e-25 -2.34979915059734856e-24 -3.36089293559082718e-28
1700.0 2100.0 2.74443147696063847e-21 2.97106732991578503e-25 -2.22689381931797842e-24 -3.10215536213428174e-28
1700.0 2150.0 2.63598822522551558e-21 2.82187625786948651e-25 -2.11213273249756454e-24 -2.86956962899433554e-28
1700.0 2200.0 2.53309415809499685e-21 2.68372723799967234e-25 -2.00481704130707768e-24 -2.65998575878692437e-28
1700.0 2250.0 2.43539278144783773e-21 2.55553993441097774e-25 -1.90432798847121308e-24 -2.47067880311502722e-28
1700.0 2300.0 2.34255679267145324e-21 2.43636094796147756e-25 -1.81011486385106780e-24 -2.29928674907679447e-28
1700.0 2350.0 2.25428493226252730e-21 2.32534701715374186e-25 -1.72168517296376821e-24 -2.14375808016511164e-28
1700.0 2400.0 2.17029928151716865e-21 2.22175063329583838e-25 -1.63859655753872496e-24 -2.00230740481827796e-28
1700.0 2450.0 2.09034292801883672e-21 2.12490770035556933e-25 -1.56045011073487525e-24 -1.87337784184111135e-28
1700.0 2500.0 2.01417793643360766e-21 2.03422692965694855e-25 -1.48688480878878183e-24 -1.75560907667006892e-28
1750.0 300.0 4.45372254724172769e-20 6.20708877793777873e-24 -1.74167193612726944e-22 3.01723361969457647e-26
1750.0 350.0 3.68546798376248288e-20 6.93997445932499948e-24 -1.34515812096129221e-22 2.66068092449104414e-27
1750.0 400.0 3.09309656813384419e-20 6.73031010326418753e-24 -1.03940994865975840e-22 -9.23881827943942150e-27
1750.0 450.0 2.63265751415739369e-20 6.14366922113688432e-24 -8.13860061808514066e-23 -1.33631431142785254e-26
1750.0 500.0 2.26951107895839038e-20 5.45284872006869694e-24 -6.46848377516690739e-23 -1.38893879557070217e-26
1750.0 550.0 1.97898201825259932e-20 4.77925632185768121e-24 -5.20990807278743755e-23 -1.29093682899091608e-26
1750.0 600.0 1.74365840323391116e-20 4.17009683712793885e-24 -4.24435864102818327e-23 -1.14209357552491056e-26
1750.0 650.0 1.55098698732049508e-20 3.63802067098295385e-24 -3.49317505569280993e-23 -9.87267807622728862e-27
1750.0 700.0 1.39166831799002898e-20 3.18072319503033671e-24 -2.90285029962976955e-23 -8.44690725015975063e-27
1750.0 750.0 1.25865827588418384e-20 2.79028847817260538e-24 -2.43547129157265796e-23 -7.20194814675471311e-27
1750.0 800.0 1.14654073945716135e-20 2.45743776734289925e-24 -2.06314150890204028e-23 -6.14178353301029970e-27
1750.0 850.0 1.05111405431138192e-20 2.17331519821436234e-24 -1.76477659301184375e-23 -5.24914039053246442e-27
1750.0 900.0 9.69102165908346467e-21 1.93012288971032359e-24 -1.52418718069389438e-23 -4.50057032586247216e-27
1750.0 950.0 8.97942751064408090e-21 1.72124528659019245e-24 -1.32884551062511731e-23 -3.87286671712110198e-27
1750.0 1000.0 8.35626738543477870e-21 1.54116675394450945e-24 -1.16902824102761845e-23 -3.34543999807279122e-27
1750.0 1050.0 7.80574643789716129e-21 1.38532164104538043e-24 -1.03718379611172255e-23 -2.90089397368703296e-27
1750.0 1100.0 7.31540601860155804e-21 1.24993685164873252e-24 -9.27448140052004296e-24 -2.52486576800397483e-27
1750.0 1150.0 6.87537800937981950e-21 1.13188996831739363e-24 -8.35267817556599420e-24 -2.20561554227394556e-27
1750.0 1200.0 6.47780626840961023e-21 1.02858942726014230e-24 -7.57105067132165535e-24 -1.93357603207543503e-27
1750.0 1250.0 6.11639876011741577e-21 9.37876369835958571e-25 -6.90207452664533486e-24 -1.70094327961793271e-27
1750.0 1300.0 5.78608159582809623e-21 8.57945363577860556e-25 -6.32428606581097772e-24 -1.50133244585789049e-27
1750.0 1350.0 5.48273220195545872e-21 7.87280680196517302e-25 -5.82089375963657942e-24 -1.32949871696104391e-27
1750.0 1400.0 5.20297365639097331e-21 7.24605070807863489e-25 -5.37870708914903412e-24 -1.18111481898629857e-27
1750.0 1450.0 4.94401613281397392e-21 6.68838465898231117e-25 -4.98731297399417445e-24 -1.05259481383034924e-27
1750.0 1500.0 4.70353452233792375e-21 6.19064530614083470e-25 -4.63844400155001570e-24 -9.40954620046947532e-28
1750.0 1550.0 4.47957378777154587e-21 5.74503445653913817e-25 -4.32549441455305700e-24 -8.43701278112207440e-28
1750.0 1600.0 4.27047555933751753e-21 5.34489641722973420e-25 -4.04314942493109511e-24 -7.58744610759493085e-28
1750.0 1650.0 4.07482100144979441e-21 4.98453496441613295e-25 -3.78710116647595212e-24 -6.84326345925418102e-28
1750.0 1700.0 3.89138615477528010e-21 4.65906219547550819e-25 -3.55383074552121391e-24 -6.18962911160922272e-28
1750.0 1750.0 3.71910685943248208e-21 4.36427318675369908e-25 -3.34044066438163066e-24 -5.61398993732730003e-28
1750.0 1800.0 3.55705105408591185e-21 4.09654165652760659e-25 -3.14452562627358539e-24 -5.10569634693833424e-28
1750.0 1850.0 3.40439677026920573e-21 3.85273281514692585e-25 -2.96407260239562387e-24 -4.65569134283263974e-28
1750.0 1900.0 3.26041453987989199e-21 3.63013034519038014e-25 -2.79738323721670220e-24 -4.25625430020466229e-28
1750.0 1950.0 3.12445323630794472e-21 3.42637504781154140e-25 -2.64301333861747219e-24 -3.90078899401494167e-28
1750.0 2000.0 2.99592859918251315e-21 3.23941315774576499e-25 -2.49972546674783956e-24 -3.58364760217303720e-28
1750.0 2050.0 2.87431386693291765e-21 3.06745269870103806e-25 -2.36645159473605063e-24 -3.29998411048869166e-28
1750.0 2100.0 2.75913207372571584e-21 2.90892654543881709e-25 -2.24226353974507567e-24 -3.04563185570212429e-28
1750.0 2150.0 2.64994966806697894e-21 2.76246109543604014e-25 -2.12634941118219388e-24 -2.81700096499408845e-28
1750.0 2200.0 2.54637118717156671e-21 2.62684964421932690e-25 -2.01799473749994226e-24 -2.61099225412213766e-28
1750.0 2250.0 2.44803477992230531e-21 2.50102971382388898e-25 -1.91656724685421219e-24 -2.42492478335022941e-28
1750.0 2300.0 2.35460841625701690e-21 2.38406371068413472e-25 -1.82150451476426839e-24 -2.25647477893894603e-28
1750.0 2350.0 2.26578665544115183e-21 2.27512239329122130e-25 -1.73230387254874451e-24 -2.10362403669255216e-28
1750.0 2400.0 2.18128787240551876e-21 2.17347071558027011e-25 -1.64851410778844752e-24 -1.96461625445747646e-28
1750.0 2450.0 2.10085186202416466e-21 2.07845568272165034e-25 -1.56972859295292887e-24 -1.83792000893362510e-28
1750.0 2500.0 2.02423775730550322e-21 1.98949591456381056e-25 -1.49557955858082379e-24 -1.72219731127212811e-28
1800.0 300.0 4.48398844016779461e-20 5.90139599203464952e-24 -1.72636828063133359e-22 3.10265741271098403e-26
1800.0 350.0 3.71952149637776214e-20 6.68288112209075867e-24 -1.34357233317967255e-22 3.67113741350929979e-27
1800.0 400.0 3.12622324686512922e-20 6.52134309725693237e-24 -1.04380377243600075e-22 -8.34409123880257376e-27
1800.0 450.0 2.66295309904536298e-20 5.97523445899565880e-24 -8.20358948371300706e-23 -1.26374436009599586e-26
1800.0 500.0 2.29643378820818220e-20 5.31669777222442750e-24 -6.53649742166192211e-23 -1.33194295280949186e-26
1800.0 550.0 2.00260010999713754e-20 4.66830432743357537e-24 -5.27334179332062042e-23 -1.24663933502642610e-26
1800.0 600.0 1.76427985900481695e-20 4.07871463292539177e-24 -4.30059901750434799e-23 -1.10767826568715209e-26
1800.0 650.0 1.56898631447314750e-20 3.56187339374960159e-24 -3.54186395830519366e-23 -9.60398485674122715e-27
1800.0 700.0 1.40741111829187759e-20 3.11651337880478123e-24 -2.94455425162223638e-23 -8.23546177476498556e-27
1800.0 750.0 1.27247257888135502e-20 2.73551547539131393e-24 -2.47105956674484213e-23 -7.03393472213462342e-27
1800.0 800.0 1.15870969211155846e-20 2.41020139755820378e-24 -2.09351203278284437e-23 -6.00684798687434155e-27
1800.0 850.0 1.06187765305008068e-20 2.13216413675775712e-24 -1.79074755112205609e-23 -5.13955734053302553e-27
1800.0 900.0 9.78662259244208334e-21 1.89394060693213272e-24 -1.54646445469038411e-23 -4.41057596046802231e-27
1800.0 950.0 9.06468738032434307e-21 1.68916532789963374e-24 -1.34802259961795504e-23 -3.79814847032871922e-27
1800.0 1000.0 8.43260910991950877e-21 1.51251018506195567e-24 -1.18559838617789452e-23 -3.28275523617592064e-27
1800.0 1050.0 7.87436820422893020e-21 1.35955094669059082e-24 -1.05155523926060757e-23 -2.84778860929929008e-27
1800.0 1100.0 7.37732005574345911e-21 1.22662193340057491e-24 -9.39958771492980519e-24 -2.47946798274324397e-27
1800.0 1150.0 6.93144249044663912e-21 1.11068299707158898e-24 -8.46197912241651820e-24 -2.16648503460044335e-27
1800.0 1200.0 6.52875138421003871e-21 1.00920616360967806e-24 -7.66687870867586186e-24 -1.89959392082728910e-27
1800.0 1250.0 6.16284800400858453e-21 9.20082209873744136e-25 -6.98637796416373311e-24 -1.67123161175427577e-27
1800.0 1300.0 5.82856917150386420e-21 8.41544843255227954e-25 -6.39869853871018591e-24 -1.47519519868370272e-27
1800.0 1350.0 5.52171730891826608e-21 7.72109518986264362e-25 -5.88679013974207095e-24 -1.30637839064710170e-27
1800.0 1400.0 5.23885226120846613e-21 7.10524087861117782e-25 -5.43724855589173087e-24 -1.16056034182231294e-27
1800.0 1450.0 4.97713071024002478e-21 6.55728884508689593e-25 -5.03948348174922566e-24 -1.03423766984211312e-27
1800.0 1500.0 4.73418215020888368e-21 6.06824318644832875e-25 -4.68507992353085656e-24 -9.24490969183476687e-28
1800.0 1550.0 4.50801290050061812e-21 5.63044434699647732e-25 -4.36730876006779214e-24 -8.28878460251611629e-28
1800.0 1600.0 4.29693160294623510e-21 5.23735236430889982e-25 -4.08075172057541554e-24 -7.45350871729555447e-28
1800.0 1650.0 4.09949118477461521e-21 4.88336835032113853e-25 -3.82101385327417061e-24 -6.72182944919320905e-28
1800.0 1700.0 3.91444345367056251e-21 4.56368682523144512e-25 -3.58450276027323669e-24 -6.07917999633438736e-28
1800.0 1750.0 3.74070340107376051e-21 4.27417308828349330e-25 -3.36825873234653005e-24 -5.51322821660315504e-28
1800.0 1800.0 3.57732098494404263e-21 4.01126101543482560e-25 -3.16982368372798944e-24 -5.01350759377242569e-28
1800.0 1850.0 3.42345869259057392e-21 3.77186760566143833e-25 -2.98713968363938427e-24 -4.57111392883445388e-28
1800.0 1900.0 3.27837358648156822e-21 3.55332132175828942e-25 -2.81847009521982725e-24 -4.17845499200442975e-28
1800.0 1950.0 3.14140284136698539e-21 3.35330183825217915e-25 -2.66233801724046918e-24 -3.82904310555596310e-28
1800.0 2000.0 3.01195201285675416e-21 3.16978925600798212e-25 -2.51747800193467101e-24 -3.51732271627229760e-28
1800.0 2050.0 2.88948545361600889e-21 3.00102119826360551e-25 -2.38279798981832284e-24 -3.23852662357379771e-28
1800.0 2100.0 2.77351842715236664e-21 2.84545648705307870e-25 -2.25734913411584626e-24 -2.98855577664316369e-28
1800.0 2150.0 2.66361057106255032e-21 2.70174432792360433e-25 -2.14030174072462457e-24 -2.76387853005812780e-28
1800.0 2200.0 2.55936043935944741e-21 2.56869811637654746e-25 -2.03092596820800482e-24 -2.56144601784132126e-28
1800.0 2250.0 2.46040091298589470e-21 2.44527313056910566e-25 -1.92857624926642930e-24 -2.37862091855373831e-28
1800.0 2300.0 2.36639531326602157e-21 2.33054749846941115e-25 -1.83267863550633932e-24 -2.21311737483937189e-28
1800.0 2350.0 2.27703408817741895e-21 2.22370592924638741e-25 -1.74272044997463763e-24 -2.06295022642392961e-28
1800.0 2400.0 2.19203196847104835e-21 2.12402578243072252e-25 -1.65824177102172625e-24 -1.92639203622449603e-28
1800.0 2450.0 2.11112551171395249e-21 2.03086511765342738e-25 -1.57882837727481787e-24 -1.80193665040801950e-28
1800.0 2500.0 2.03407096871621103e-21 1.94365242520579866e-25 -1.50410586483079281e-24 -1.68826824687790668e-28
1850.0 300.0 4.51275612610585537e-20 5.60768731678488611e-24 -1.71065989996132677e-22 3.17927353422634486e-26
1850.0 350.0 3.75231012201876430e-20 6.43395940979750786e-24 -1.34149755011034955e-22 4.61754260094521677e-27
1850.0 400.0 3.15831894917320014e-20 6.31789289092541436e-24 -1.04776115472250552e-22 -7.49255459239784446e-27
1850.0 450.0 2.69241589401753702e-20 5.81054544649974517e-24 -8.26502212131789523e-23 -1.19403755916188479e-26
1850.0 500.0 2.32268216166563141e-20 5.18311697593954653e-24 -6.60170935556090124e-23 -1.27685520901068332e-26
1850.0 550.0 2.02566787562921253e-20 4.55913405337175286e-24 -5.33459309558887113e-23 -1.20363209427127414e-26
1850.0 600.0 1.78444748647285573e-20 3.98857660146354423e-24 -4.35514093355245743e-23 -1.07415114817554922e-26
1850.0 650.0 1.58660705141027709e-20 3.48659705816284692e-24 -3.58922500434536487e-23 -9.34151789596283958e-27
1850.0 700.0 1.42283435494127908e-20 3.05291073680599078e-24 -2.98521208606334707e-23 -8.02845539152088795e-27
1850.0 750.0 1.28601402861579226e-20 2.68116022257231675e-24 -2.50581580066833480e-23 -6.86913392514271041e-27
1850.0 800.0 1.17064313035493285e-20 2.36324483087980509e-24 -2.12321375083455630e-23 -5.87426738847617956e-27
1850.0 850.0 1.07243591071429611e-20 2.09119122976675696e-24 -1.81617493514536997e-23 -5.03171900012611827e-27
1850.0 900.0 9.88041667425032387e-21 1.85786084898920566e-24 -1.56829499325005140e-23 -4.32188537384141290e-27
1850.0 950.0 9.14834410881826296e-21 1.65713118868238943e-24 -1.36682852551892077e-23 -3.72441104785856660e-27
1850.0 1000.0 8.50751780557974950e-21 1.48385667167904924e-24 -1.20185693726895098e-23 -3.22081191299940714e-27
1850.0 1050.0 7.94170043782230246e-21 1.33375093080421251e-24 -1.06566253764922961e-23 -2.79524535965582589e-27
1850.0 1100.0 7.43806674632726897e-21 1.20325313311727093e-24 -9.52243457998142410e-24 -2.43449670886131972e-27
1850.0 1150.0 6.98644456754572248e-21 1.08940351852717945e-24 -8.56933140942277655e-24 -2.12767762009770258e-27
1850.0 1200.0 6.57872493967493468e-21 9.89736310987335331e-25 -7.76101353074392966e-24 -1.86585541641276403e-27
1850.0 1250.0 6.20840488800490202e-21 9.02190883517868368e-25 -7.06920018245275791e-24 -1.64170202177090364e-27
1850.0 1300.0 5.87023388195118193e-21 8.25039300333156110e-25 -6.47180732683860249e-24 -1.44919208842571939e-27
1850.0 1350.0 5.55994088386514772e-21 7.56827605421030888e-25 -5.95153275321400748e-24 -1.28335462360842989e-27
1850.0 1400.0 5.27402374939734552e-21 6.96328293985428589e-25 -5.49476381908172374e-24 -1.14007281017417107e-27
1850.0 1450.0 5.00958668005920301e-21 6.42501753705943811e-25 -5.09073707669578055e-24 -1.01592402252084523e-27
1850.0 1500.0 4.76421460357466691e-21 5.94464866151003130e-25 -4.73089315089776803e-24 -9.08052172601725204e-28
1850.0 1550.0 4.53587588379444493e-21 5.51465326144198234e-25 -4.40838208977444888e-24 -8.14065627865753347e-28
1850.0 1600.0 4.32284674864656606e-21 5.12860542451264118e-25 -4.11768416536623888e-24 -7.31955232281852361e-28
1850.0 1650.0 4.12365237155604656e-21 4.78100226578236938e-25 -3.85431897578129836e-24 -6.60028131204983772e-28
1850.0 1700.0 3.93702073671505386e-21 4.46711966457443424e-25 -3.61462195173517562e-24 -5.96854063998021086e-28
1850.0 1750.0 3.76184633589455893e-21 4.18289228863165063e-25 -3.39557226819713865e-24 -5.41221545760877193e-28
1850.0 1800.0 3.59716144544136981e-21 3.92481348119688633e-25 -3.19465995857279860e-24 -4.92101941868444881e-28
1850.0 1850.0 3.44211326600858167e-21 3.68985146885918611e-25 -3.00978294839919942e-24 -4.48619882431071571e-28
1850.0 1900.0 3.29594561341535353e-21 3.47537903638267199e-25 -2.83916695692804669e-24 -4.10028800768576686e-28
1850.0 1950.0 3.15798415722125654e-21 3.27911435559465854e-25 -2.68130291292666306e-24 -3.75690636833224619e-28
1850.0 2000.0 3.02762443759361540e-21 3.09907108356648804e-25 -2.53489781913140805e-24 -3.45058943450303339e-28
1850.0 2050.0 2.90432206880818329e-21 2.93351618674073116e-25 -2.39883597514013203e-24 -3.17664785395809746e-28
1850.0 2100.0 2.78758467293482676e-21 2.78093422179925097e-25 -2.27214820636487470e-24 -2.93104939875696199e-28
1850.0 2150.0 2.67696519027490241e-21 2.63999702558640679e-25 -2.15398730473964559e-24 -2.71032000120285942e-28
1850.0 2200.0 2.57205629178364671e-21 2.50953794638297760e-25 -2.04360830921757052e-24 -2.51146057602759400e-28
1850.0 2250.0 2.47248567894979427e-21 2.38852989581048270e-25 -1.94035257404488874e-24 -2.33187697297956106e-28
1850.0 2300.0 2.37791210284623899e-21 2.27606662116989313e-25 -1.84363481558866442e-24 -2.16932087741737706e-28
1850.0 2350.0 2.28802196971247829e-21 2.17134669723996593e-25 -1.75293251308127814e-24 -2.02183985933144533e-28
1850.0 2400.0 2.20252642797897816e-21 2.07365981848904567e-25 -1.66777717932799696e-24 -1.88773508239448560e-28
1850.0 2450.0 2.12115885303894969e-21 1.98237504051497746e-25 -1.58774712491942163e-24 -1.76552543873858068e-28
1850.0 2500.0 2.04367266274233593e-21 1.89693067585811927e-25 -1.51246142188610404e-24 -1.65391708346485312e-28
1900.0 300.0 4.54008420248665726e-20 5.32540385761611874e-24 -1.69458883472430788e-22 3.24787830213610815e-26
1900.0 350.0 3.78387416740933410e-20 6.19295908535659625e-24 -1.33896464918232934e-22 5.50450956611495507e-27
1900.0 400.0 3.18941113930508436e-20 6.11988348738740154e-24 -1.05130306562065967e-22 -6.68166822066257412e-27
1900.0 450.0 2.72106473875759944e-20 5.64962062554448549e-24 -8.32303842524554147e-23 -1.12705885185537942e-26
1900.0 500.0 2.34826927859417689e-20 5.05217406277466001e-24 -6.66421337807399391e-23 -1.22360696535794948e-26
1900.0 550.0 2.04819450745285155e-20 4.45183745428869037e-24 -5.39372579634177356e-23 -1.16188316742033504e-26
1900.0 600.0 1.80416781149627807e-20 3.89978515852913121e-24 -4.40802859212893307e-23 -1.04150028814827535e-26
1900.0 650.0 1.60385386102183504e-20 3.41229707869711465e-24 -3.63528937622055263e-23 -9.08526533949126178e-27
1900.0 700.0 1.43794136578950265e-20 2.99001971481854194e-24 -3.02484617998127357e-23 -7.82593247986396347e-27
1900.0 750.0 1.29928500500774104e-20 2.62732416229776728e-24 -2.53975629895232960e-23 -6.70761807911834421e-27
1900.0 800.0 1.18234273155514259e-20 2.31666553657076510e-24 -2.15225870357380164e-23 -5.74412647446500857e-27
1900.0 850.0 1.08278998299785821e-20 2.05048958536451136e-24 -1.84106773772854485e-23 -4.92571406586327574e-27
1900.0 900.0 9.97241154687068405e-21 1.82197229012722559e-24 -1.58968557736201413e-23 -4.23458668811813498e-27
1900.0 950.0 9.23040237504922296e-21 1.62522720378790454e-24 -1.38526844248548662e-23 -3.65173963001835785e-27
1900.0 1000.0 8.58099589163575216e-21 1.45528638923335558e-24 -1.21780783726722478e-23 -3.15969109652690355e-27
1900.0 1050.0 8.00774382488565535e-21 1.30799782977002249e-24 -1.07950872268578838e-23 -2.74334067098847124e-27
1900.0 1100.0 7.49764544183747430e-21 1.17990298392752729e-24 -9.64304538154123039e-24 -2.39002362675623079e-27
1900.0 1150.0 7.04038256147460540e-21 1.06812060001639390e-24 -8.67475310900740358e-24 -2.08926027113408922e-27
1900.0 1200.0 6.62772445903804627e-21 9.70245702444989578e-25 -7.85346910067594050e-24 -1.83242295193532169e-27
1900.0 1250.0 6.25306632152630218e-21 8.84265210966401776e-25 -7.15055194175991971e-24 -1.61241263199149640e-27
1900.0 1300.0 5.91107216393972550e-21 8.08488751310226631e-25 -6.54362067572809673e-24 -1.42337718531149952e-27
1900.0 1350.0 5.59739900290383493e-21 7.41492348147896463e-25 -6.01512785776773882e-24 -1.26047770531722378e-27
1900.0 1400.0 5.30848392519473735e-21 6.82072672175297144e-25 -5.55125755528617048e-24 -1.11969900594901572e-27
1900.0 1450.0 5.04137964546200601e-21 6.29209799474745796e-25 -5.14107717059998722e-24 -9.97697414355205202e-28
1900.0 1500.0 4.79362734137150626e-21 5.82036797566605192e-25 -4.77588607860089953e-24 -8.91678791977376800e-28
1900.0 1550.0 4.56315809809105155e-21 5.39814785701536105e-25 -4.44871597766749642e-24 -7.99300607944441149e-28
1900.0 1600.0 4.34821629538345302e-21 5.01912397655228221e-25 -4.15394766817383234e-24 -7.18593016514235944e-28
1900.0 1650.0 4.14729982926765362e-21 4.67788800777398499e-25 -3.88701690261002057e-24 -6.47894942386464011e-28
1900.0 1700.0 3.95911326431655553e-21 4.36979602118963154e-25 -3.64418824899737715e-24 -5.85802055897730628e-28
1900.0 1750.0 3.78253093709799005e-21 4.09085110235556980e-25 -3.42238084329833549e-24 -5.31124216367922164e-28
1900.0 1800.0 3.61656773773726348e-21 3.83760528298610001e-25 -3.21903373126815333e-24 -4.82850500287073606e-28
1900.0 1850.0 3.46035583476682326e-21 3.60707737549613461e-25 -3.03200144112573997e-24 -4.40120342948470738e-28
1900.0 1900.0 3.31312601764116155e-21 3.39668395490334848e-25 -2.85947267610881136e-24 -4.02199636541547806e-28
1900.0 1950.0 3.17419264211215873e-21 3.20418124769356848e-25 -2.69990672635924564e-24 -3.68460868383791716e-28
1900.0 2000.0 3.04294139976309293e-21 3.02761609709667745e-25 -2.55198349724844172e-24 -3.38366568293103273e-28
1900.0 2050.0 2.91881931242352813e-21 2.86528450227246829e-25 -2.41456403400560943e-24 -3.11455477907373000e-28
1900.0 2100.0 2.80132648874828308e-21 2.71569649324732379e-25 -2.28665916611630999e-24 -2.87330967286752394e-28
1900.0 2150.0 2.69000928434950470e-21 2.57754631770877606e-25 -2.16740445758620392e-24 -2.65651312934761834e-28
1900.0 2200.0 2.58445458642531868e-21 2.44968709038073462e-25 -2.05604007510998781e-24 -2.46121522013569810e-28
1900.0 2250.0 2.48428500478429531e-21 2.33110919864594894e-25 -1.95189450903183268e-24 -2.28486444134887237e-28
1900.0 2300.0 2.38915479801167179e-21 2.22092187557612483e-25 -1.85437132709169535e-24 -2.12524957766440166e-28
1900.0 2350.0 2.29874639965452011e-21 2.11833744843012322e-25 -1.76293832742594766e-24 -1.98045055333159419e-28
1900.0 2400.0 2.21276743725824268e-21 2.02265785084016912e-25 -1.67711859950392595e-24 -1.84879681287532195e-28
1900.0 2450.0 2.13094815881944577e-21 1.93326305338302859e-25 -1.59648311043245365e-24 -1.72883202145227397e-28
1900.0 2500.0 2.05303919816788349e-21 1.84960112249270125e-25 -1.52064451748286958e-24 -1.61928407793174300e-28
1950.0 300.0 4.56602815520201079e-20 5.05394063522356365e-24 -1.67819322447080161e-22 3.30920647453168413e-26
1950.0 350.0 3.81425235242076043e-20 5.95956323645656161e-24 -1.33600220445636687e-22 6.33640501124429397e-27
1950.0 400.0 3.21952657428749452e-20 5.92716518682406863e-24 -1.05444917328544365e-22 -5.90894879610902010e-27
1950.0 450.0 2.74891825780745825e-20 5.49240446311708516e-24 -8.37777108500318812e-23 -1.06266974591971486e-26
1950.0 500.0 2.37320827316448895e-20 4.92386566035492484e-24 -6.72409937995860723e-23 -1.17212216456719523e-26
1950.0 550.0 2.07018939746344169e-20 4.34643954471545741e-24 -5.45080165414515632e-23 -1.12135171393617689e-26
1950.0 600.0 1.82344763406413165e-20 3.81238030781810579e-24 -4.45930517713877581e-23 -1.00970468289305525e-26
1950.0 650.0 1.62073171532797904e-20 3.33902089965328081e-24 -3.68008781940506720e-23 -8.83512896868966648e-27
1950.0 700.0 1.45273581075174828e-20 2.92789094280017581e-24 -3.06347879840933498e-23 -7.62785783384910266e-27
1950.0 750.0 1.31228821070096568e-20 2.57405871477859750e-24 -2.57289743492968686e-23 -6.54938737432288632e-27
1950.0 800.0 1.19381048972999158e-20 2.27051438493187771e-24 -2.18065909655116822e-23 -5.61644510284529014e-27
1950.0 850.0 1.09294133259092636e-20 2.01010878698650521e-24 -1.86543516680248075e-23 -4.82157302897100837e-27
1950.0 900.0 1.00626178083488721e-20 1.78632283807298059e-24 -1.61064322647568461e-23 -4.14871578273353390e-27
1950.0 950.0 9.31086969203252192e-21 1.59349941958218651e-24 -1.40334775062288293e-23 -3.58017240277909917e-27
1950.0 1000.0 8.65304849855020160e-21 1.42684345709895669e-24 -1.23345527344079268e-23 -3.09943144812024420e-27
1950.0 1050.0 8.07250164229335489e-21 1.28233384191888121e-24 -1.09309706313516734e-23 -2.69211258460175833e-27
1950.0 1100.0 7.55605796814264671e-21 1.15661181186085233e-24 -9.76144577946564567e-24 -2.34608550509731503e-27
1950.0 1150.0 7.09325715656443112e-21 1.04687276925976778e-24 -8.77826445185330475e-24 -2.05126810514519945e-27
1950.0 1200.0 6.67574972521335144e-21 9.50771155637832546e-25 -7.94426141676035189e-24 -1.79932978948761038e-27
1950.0 1250.0 6.29683137404058444e-21 8.66340395209691810e-25 -7.23044591255877259e-24 -1.58339475917848250e-27
1950.0 1300.0 5.95108252186666958e-21 7.91926882383201184e-25 -6.61414861808708855e-24 -1.39777984689739127e-27
1950.0 1350.0 5.63408972340119239e-21 7.26136013770891496e-25 -6.07758337947504368e-24 -1.23777507141241352e-27
1950.0 1400.0 5.34223049353288522e-21 6.67788163867006723e-25 -5.60673599634938963e-24 -1.09946451426716968e-27
1950.0 1450.0 5.07250703525919097e-21 6.15882728344891758e-25 -5.19050862407512902e-24 -9.79581673389890246e-28
1950.0 1500.0 4.82241757822739198e-21 5.69568669740860497e-25 -4.82006245113466324e-24 -8.75393005018112768e-28
1950.0 1550.0 4.58985659437233693e-21 5.28120300234624988e-25 -4.48831325527952112e-24 -7.84604041470160514e-28
1950.0 1600.0 4.37303717191811606e-21 4.90917292862508544e-25 -4.18954431064247390e-24 -7.05283444448147552e-28
1950.0 1650.0 4.17043039853289050e-21 4.57428120580956194e-25 -3.91910909740718004e-24 -6.35801292007496221e-28
1950.0 1700.0 3.98071781708378810e-21 4.27196287126103077e-25 -3.67320260514893736e-24 -5.74778693161808445e-28
1950.0 1750.0 3.80275394853224714e-21 3.99828842357174527e-25 -3.44868498828620419e-24 -5.21046460971106993e-28
1950.0 1800.0 3.63553658816668891e-21 3.74986775300732724e-25 -3.24294518268922925e-24 -4.73611070700281852e-28
1950.0 1850.0 3.47818312362220513e-21 3.52376956831193945e-25 -3.05379505324333072e-24 -4.31626510931251212e-28
1950.0 1900.0 3.32991153551476403e-21 3.31745365894189689e-25 -2.87938690502117173e-24 -3.94370927969707376e-28
1950.0 1950.0 3.19002505486921053e-21 3.12871382297252835e-25 -2.71814891273952319e-24 -3.61227188814402035e-28
1950.0 2000.0 3.05789968961184307e-21 2.95562968293675545e-25 -2.56873432982207122e-24 -3.31666661985595366e-28
1950.0 2050.0 2.93297401344169037e-21 2.79652592691319339e-25 -2.42998132812644369e-24 -3.05235651193181796e-28
1950.0 2100.0 2.81474074824757570e-21 2.64993776696512475e-25 -2.30088106848083335e-24 -2.81544023503596520e-28
1950.0 2150.0 2.70273977639883642e-21 2.51458161426270491e-25 -2.18055216913581928e-24 -2.60255658233598205e-28
1950.0 2200.0 2.59655229965096273e-21 2.38933013959078676e-25 -2.06822016863530440e-24 -2.41080410369277614e-28
1950.0 2250.0 2.49579592307083117e-21 2.27319102696592849e-25 -1.96320090523415861e-24 -2.23767336676377727e-28
1950.0 2300.0 2.40012048981070123e-21 2.16528884262468897e-25 -1.86488698233626136e-24 -2.08098976686556233e-28
1950.0 2350.0 2.30920452916847588e-21 2.06484953628359728e-25 -1.77273667772652957e-24 -1.93886516574503500e-28
1950.0 2400.0 2.22275220872899988e-21 1.97118717000093404e-25 -1.68626479806480301e-24 -1.80965693239555233e-28
1950.0 2450.0 2.14049070343625201e-21 1.88369253510556105e-25 -1.60503509008794391e-24 -1.69193319955245206e-28
1950.0 2500.0 2.06216791167325788e-21 1.80182337186131429e-25 -1.52865390438109882e-24 -1.58444334757783809e-28
2000.0 300.0 4.59064062973755387e-20 4.79270126764816270e-24 -1.66150778791427344e-22 3.36391747164854448e-26
2000.0 350.0 3.84348190015537767e-20 5.73343626285163574e-24 -1.33263674995709663e-22 7.11722182764881709e-27
2000.0 400.0 3.24869129608729151e-20 5.73955664361580604e-24 -1.05721798430603052e-22 -5.17207926198350455e-27
2000.0 450.0 2.77599480116427673e-20 5.33880447891797413e-24 -8.42934631130334729e-23 -1.00073751844083358e-26
2000.0 500.0 2.39751224898913823e-20 4.79815010264645338e-24 -6.78145369480582974e-23 -1.12232499966544795e-26
2000.0 550.0 2.09166203986132903e-20 4.24292767535023092e-24 -5.50588051721434209e-23 -1.08199445926429623e-26
2000.0 600.0 1.84229392652354020e-20 3.72636594730690370e-24 -4.50901288832098281e-23 -9.78739707629938316e-27
2000.0 650.0 1.63724579365081051e-20 3.26678179511673988e-24 -3.72365061608609928e-23 -8.59097027609151989e-27
2000.0 700.0 1.46722157218852383e-20 2.86654290855475487e-24 -3.10113203595509098e-23 -7.43415586615387366e-27
2000.0 750.0 1.32502657480567433e-20 2.52138513672696625e-24 -2.60525557567841213e-23 -6.39440344301670908e-27
2000.0 800.0 1.20504862317247916e-20 2.22481394654167669e-24 -2.20842722019273320e-23 -5.49120721583822862e-27
2000.0 850.0 1.10289164085175218e-20 1.97007184219863399e-24 -1.88928656450677534e-23 -4.71929335320562779e-27
2000.0 900.0 1.01510481692619942e-20 1.75093540434928823e-24 -1.63117511940754635e-23 -4.06427835662299879e-27
2000.0 950.0 9.38975560243479057e-21 1.56197032757078722e-24 -1.42107202039939624e-23 -3.50972004360560854e-27
2000.0 1000.0 8.72368270034321311e-21 1.39854975310571446e-24 -1.24880360601369768e-23 -3.04004656536325567e-27
2000.0 1050.0 8.13597902444668187e-21 1.25678012107540887e-24 -1.10643099827691082e-23 -2.64157628478351329e-27
2000.0 1100.0 7.61330792465075171e-21 1.13339999091906104e-24 -9.87766308420185264e-24 -2.30269823367287814e-27
2000.0 1150.0 7.14507072990533469e-21 1.02567960087223163e-24 -8.87988724699350651e-24 -2.01371712814645662e-27
2000.0 1200.0 6.72280213698050792e-21 9.31331450502009286e-25 -8.03340797362970935e-24 -1.76659165720771685e-27
2000.0 1250.0 6.33970065821661417e-21 8.48434442351503312e-25 -7.30889617510149023e-24 -1.55466359416067508e-27
2000.0 1300.0 5.99026493503263296e-21 7.75370957126774458e-25 -6.68340250876113446e-24 -1.37241456253746669e-27
2000.0 1350.0 5.67001251368937816e-21 7.10775161042950402e-25 -6.13890848019468869e-24 -1.21526041407863229e-27
2000.0 1400.0 5.37526251062070366e-21 6.53490664178875546e-25 -5.66120652644573613e-24 -1.07938218396222774e-27
2000.0 1450.0 5.10296757392810084e-21 6.02535814355704813e-25 -5.23903737055542418e-24 -9.61588794584812902e-28
2000.0 1500.0 4.85058377268766432e-21 5.57075178045528512e-25 -4.86342701091155867e-24 -8.59205967589968310e-28
2000.0 1550.0 4.61596961941218608e-21 5.16396027655519929e-25 -4.52717768212948681e-24 -7.69986277451963355e-28
2000.0 1600.0 4.39730745804591151e-21 4.79888887812684830e-25 -4.22447703758270744e-24 -6.92036101962722924e-28
2000.0 1650.0 4.19304202936423766e-21 4.47031384466370948e-25 -3.95059782726364818e-24 -6.23756053508488708e-28
2000.0 1700.0 4.00183224623267910e-21 4.17374792968752455e-25 -3.70166672196072008e-24 -5.63792191046745075e-28
2000.0 1750.0 3.82251314848794074e-21 3.90532801257020692e-25 -3.47448593246097129e-24 -5.10995891947054466e-28
2000.0 1800.0 3.65406572373126163e-21 3.66172098468630678e-25 -3.26639514683492796e-24 -4.64390717140948141e-28
2000.0 1850.0 3.49559282639174005e-21 3.44004473480954230e-25 -3.07516428793380797e-24 -4.23144954565897888e-28
2000.0 1900.0 3.34629984281783024e-21 3.23780166546622307e-25 -2.89890987017017883e-24 -3.86548797004514668e-28
2000.0 1950.0 3.20547906589941713e-21 3.05282263928074421e-25 -2.73602946753838061e-24 -3.53995320046205969e-28
2000.0 2000.0 3.07249698273152556e-21 2.88321962904603555e-25 -2.58515011989938547e-24 -3.24964588941271678e-28
2000.0 2050.0 2.94678386141931097e-21 2.72734564764098963e-25 -2.44508750088025241e-24 -2.99010350907308510e-28
2000.0 2100.0 2.82782516222336910e-21 2.58376077942253884e-25 -2.31481342501623352e-24 -2.75748870433848641e-28
2000.0 2150.0 2.71515440442906802e-21 2.45120333508492787e-25 -2.19342984284563534e-24 -2.54849545587281497e-28
2000.0 2200.0 2.60834720156817633e-21 2.32856531624764023e-25 -2.08014790537603640e-24 -2.36027007902161611e-28
2000.0 2250.0 2.50701623996981583e-21 2.21487151123956322e-25 -1.97427100761896487e-24 -2.19034460636135700e-28
2000.0 2300.0 2.41080702360901735e-21 2.10926165518933363e-25 -1.87518097040571989e-24 -2.03658052589081527e-28
2000.0 2350.0 2.31939424529710356e-21 2.01097517998001304e-25 -1.78232670975262359e-24 -1.89712119340776070e-28
2000.0 2400.0 2.23247867300140828e-21 1.91933815636107704e-25 -1.69521488818596327e-24 -1.77035152186929424e-28
2000.0 2450.0 2.14978446246248188e-21 1.83375209433103283e-25 -1.61340215359611714e-24 -1.65486378450675198e-28
2000.0 2500.0 2.07105682476854704e-21 1.75368432108807161e-25 -1.53648865658964292e-24 -1.54942856161461768e-28
2050.0 300.0 4.61397164716755068e-20 4.54126065916893233e-24 -1.64456423966482805e-22 3.41254468843724705e-26
2050.0 350.0 3.87159859634689985e-20 5.51436300059815401e-24 -1.32889300610758195e-22 7.85014610370949752e-27
2050.0 400.0 3.27693060747076633e-20 5.55696426992834714e-24 -1.05962696204243382e-22 -4.46926601735440249e-27
2050.0 450.0 2.80231237728563830e-20 5.18879446238706828e-24 -8.47788442641135316e-23 -9.41164452441620061e-27
2050.0 500.0 2.42119419149095325e-20 4.67503739371337787e-24 -6.83635936679806473e-23 -1.07416388069708779e-26
2050.0 550.0 2.11262193484468427e-20 4.14133061030105980e-24 -5.55902041654446202e-23 -1.04378542989748725e-26
2050.0 600.0 1.86071373529850510e-20 3.64177995844105395e-24 -4.55719294096044029e-23 -9.48593457135162984e-27
2050.0 650.0 1.65340138569840053e-20 3.19562149328740305e-24 -3.76600753631099945e-23 -8.35274663607619016e-27
2050.0 700.0 1.48140266110003735e-20 2.80601834107369938e-24 -3.13782774424745401e-23 -7.24482486908016984e-27
2050.0 750.0 1.33750316301046574e-20 2.46934564873524070e-24 -2.63684699953009459e-23 -6.24268596895927775e-27
2050.0 800.0 1.21605948876995839e-20 2.17960515815957871e-24 -2.23557536491280291e-23 -5.36844319279023170e-27
2050.0 850.0 1.11264272634106406e-20 1.93041802982825823e-24 -1.91263132395206206e-23 -4.61891027309048058e-27
2050.0 900.0 1.02377166788084896e-20 1.71584745463582723e-24 -1.65128851482157789e-23 -3.98131131860874383e-27
2050.0 950.0 9.46707094328068357e-21 1.53067554413773793e-24 -1.43844691780348120e-23 -3.44041940826391652e-27
2050.0 1000.0 8.79290681546830487e-21 1.37043907270602221e-24 -1.26385729833464453e-23 -2.98157231860835814e-27
2050.0 1050.0 8.19818229781448636e-21 1.23136870473631378e-24 -1.11951407307908597e-23 -2.59176616143569306e-27
2050.0 1100.0 7.66940005004596985e-21 1.11029788169673910e-24 -9.99172565666372799e-24 -2.25989447065339810e-27
2050.0 1150.0 7.19582674594899829e-21 1.00456986837461545e-24 -8.97964432696560201e-24 -1.97663815428319132e-27
2050.0 1200.0 6.76888413026107564e-21 9.11953866707866063e-25 -8.12092724943457175e-24 -1.73423749477716433e-27
2050.0 1250.0 6.38167577586391670e-21 8.30573231607309955e-25 -7.38591774521546985e-24 -1.52624622180173131e-27
2050.0 1300.0 6.02862032639663914e-21 7.58845545862400636e-25 -6.75139458581229432e-24 -1.34730661367608851e-27
2050.0 1350.0 5.70516774295120626e-21 6.95433139831553427e-25 -6.19911315074043981e-24 -1.19295728330965190e-27
2050.0 1400.0 5.40757989343200803e-21 6.39202387009655805e-25 -5.71467730433207745e-24 -1.05947391880755781e-27
2050.0 1450.0 5.13276080931883591e-21 5.89190215438947326e-25 -5.28667006485072295e-24 -9.43739128869869713e-28
2050.0 1500.0 4.87812517189066585e-21 5.44576499655640193e-25 -4.90598517056403991e-24 -8.43136575526797256e-28
2050.0 1550.0 4.64149617629057006e-21 5.04661234657422148e-25 -4.56531363943986983e-24 -7.55464855869699483e-28
2050.0 1600.0 4.42102595993472779e-21 4.68845604039779789e-25 -4.25874936999674823e-24 -6.78867271708543796e-28
2050.0 1650.0 4.21513337040933216e-21 4.36616229258986221e-25 -3.98148589314305446e-24 -6.11774348334202889e-28
2050.0 1700.0 4.02245507590943130e-21 4.07532027494762714e-25 -3.72958279601422837e-24 -5.52856602264373421e-28
2050.0 1750.0 3.84180696435476950e-21 3.81213217023457425e-25 -3.49978536409295022e-24 -5.00985581209048594e-28
2050.0 1800.0 3.67215349841344369e-21 3.57332097078512463e-25 -3.28938488395046987e-24 -4.55201613532606557e-28
2050.0 1850.0 3.51258324331797395e-21 3.35605298905786525e-25 -3.09611004486751246e-24 -4.14687027127316513e-28
2050.0 1900.0 3.36228920261845097e-21 3.15787260200826055e-25 -2.91804216757805738e-24 -3.78743848001511153e-28
2050.0 1950.0 3.22055291503984604e-21 2.97664719531093181e-25 -2.75354873135896994e-24 -3.46775183641130675e-28
2050.0 2000.0 3.08673150744731000e-21 2.81052063128805086e-25 -2.60123099365566103e-24 -3.18269648576417036e-28
2050.0 2050.0 2.96024708299451260e-21 2.65787385450379085e-25 -2.45988249894381602e-24 -2.92788309700749030e-28
2050.0 2100.0 2.84057796383636711e-21 2.51729148543730273e-25 -2.32845603272302767e-24 -2.69953724345288325e-28
2050.0 2150.0 2.72725141495342797e-21 2.38753344634235742e-25 -2.20603715154102170e-24 -2.49440720570989503e-28
2050.0 2200.0 2.61983755769186679e-21 2.26751082270765365e-25 -2.09182285580814339e-24 -2.30968630821626757e-28
2050.0 2250.0 2.51794424463558984e-21 2.15626529520978903e-25 -1.98510430300343265e-24 -2.14294740156512067e-28
2050.0 2300.0 2.42121271597315268e-21 2.05295158588485429e-25 -1.88525271046514063e-24 -1.99208751153510544e-28
2050.0 2350.0 2.32931389504995533e-21 1.95682245254572221e-25 -1.79170778872246390e-24 -1.85528101082543251e-28
2050.0 2400.0 2.24194520992487005e-21 1.86721584055749344e-25 -1.70396819286323494e-24 -1.73093994525436164e-28
2050.0 2450.0 2.15882785044130879e-21 1.78354386362362495e-25 -1.62158359175023519e-24 -1.61768037379531972e-28
2050.0 2500.0 2.07970438808145439e-21 1.70528333741132260e-25 -1.54414804124753922e-24 -1.51429377017675549e-28
2100.0 300.0 4.63606875733486853e-20 4.29908472611138486e-24 -1.62739164512867305e-22 3.45560499162950485e-26
2100.0 350.0 3.89863681008475637e-20 5.30201692098076846e-24 -1.32479406917140016e-22 8.53840898692333046e-27
2100.0 400.0 3.30426902380167971e-20 5.37918805557711024e-24 -1.06169262217849122e-22 -3.79857697706134363e-27
2100.0 450.0 2.82788857118211129e-20 5.04224966903810801e-24 -8.52350030926948569e-23 -8.83835828494673690e-27
2100.0 500.0 2.44426687127540564e-20 4.55444762946214497e-24 -6.88889632303638210e-23 -1.02757004103598675e-26
2100.0 550.0 2.13307848734103440e-20 4.04159554138972768e-24 -5.61027759477024317e-23 -1.00668261802554922e-26
2100.0 600.0 1.87871408021916714e-20 3.55858627024723793e-24 -4.60388552152011645e-23 -9.19239619160106158e-27
2100.0 650.0 1.66920379410516813e-20 3.12551454474583709e-24 -3.80718775850036424e-23 -8.12028843631009299e-27
2100.0 700.0 1.49528312406570503e-20 2.74629873344279832e-24 -3.17358743790580750e-23 -7.05975219664899075e-27
2100.0 750.0 1.34972108934564269e-20 2.41792641725210075e-24 -2.66768779844601556e-23 -6.09415798487726620e-27
2100.0 800.0 1.22684549861326995e-20 2.13487741800974127e-24 -2.26211572555108254e-23 -5.24809912154517363e-27
2100.0 850.0 1.12219646609620886e-20 1.89113903427235434e-24 -1.93547879846643516e-23 -4.52038526074591864e-27
2100.0 900.0 1.03226379814607859e-20 1.68105231940934462e-24 -1.67099066645429526e-23 -3.89978671947014795e-27
2100.0 950.0 9.54282714341782239e-21 1.49960960020349806e-24 -1.45547812586913308e-23 -3.37225000869601228e-27
2100.0 1000.0 8.86072974196121003e-21 1.34250682993155568e-24 -1.27862084458686814e-23 -2.92399358371501382e-27
2100.0 1050.0 8.25911835074242392e-21 1.20609566045178562e-24 -1.13234987176085242e-23 -2.54267099419513523e-27
2100.0 1100.0 7.72433962394625252e-21 1.08730203763528509e-24 -1.01036622981310638e-23 -2.21766585273490264e-27
2100.0 1150.0 7.24552918740419030e-21 9.83540488390319780e-25 -9.07755898745399218e-24 -1.94002491006408323e-27
2100.0 1200.0 6.81399863588538121e-21 8.92635594529725013e-25 -8.20683819073365103e-24 -1.70226254774989139e-27
2100.0 1250.0 6.42275880041163794e-21 8.12754162156892629e-25 -7.46152610018615869e-24 -1.49813897880797610e-27
2100.0 1300.0 6.06615006782018349e-21 7.42348210533869204e-25 -6.81813753342670686e-24 -1.32245310691959630e-27
2100.0 1350.0 5.73955620746822236e-21 6.80107642649305585e-25 -6.25820780716294881e-24 -1.17086331538832162e-27
2100.0 1400.0 5.43918296537496636e-21 6.24921133633940177e-25 -5.76715688968329216e-24 -1.03973770674938999e-27
2100.0 1450.0 5.16188667631895476e-21 5.75843827474105877e-25 -5.33341373652559371e-24 -9.26030885800500889e-28
2100.0 1500.0 4.90504139194440090e-21 5.32070616437382617e-25 -4.94774269065007603e-24 -8.27183166877930689e-28
2100.0 1550.0 4.66643562032950383e-21 4.92913984391259721e-25 -4.60272582972942682e-24 -7.41038178460807325e-28
2100.0 1600.0 4.44419182057842928e-21 4.57785583954789378e-25 -4.29236512436959151e-24 -6.65775375819472209e-28
2100.0 1650.0 4.23670339298809326e-21 4.26180876346274071e-25 -4.01177636691789911e-24 -5.99854591879588690e-28
2100.0 1700.0 4.04258513997076909e-21 3.97666291827030847e-25 -3.75695327173591763e-24 -5.41970320279630954e-28
2100.0 1750.0 3.86063412138300473e-21 3.71868471804958818e-25 -3.52458519790107541e-24 -4.91013893752710580e-28
2100.0 1800.0 3.68979855323309945e-21 3.48465235759987492e-25 -3.31191586106891606e-24 -4.46042095959097364e-28
2100.0 1850.0 3.52915295179590905e-21 3.27177981583436632e-25 -3.11663341258394187e-24 -4.06251039479768859e-28
2100.0 1900.0 3.37787814610611577e-21 3.07765280293837069e-25 -2.93678456591476704e-24 -3.70954372941449767e-28
2100.0 1950.0 3.23524510198859359e-21 2.90017468254498711e-25 -2.77070720285522683e-24 -3.39565060561445635e-28
2100.0 2000.0 3.10060174437532477e-21 2.73752074163795289e-25 -2.61697722224776009e-24 -3.11580119408989643e-28
2100.0 2050.0 2.97336215014408597e-21 2.58809945901411506e-25 -2.47436640232508017e-24 -2.86567812341395664e-28
2100.0 2100.0 2.85299762518335719e-21 2.45051965081441092e-25 -2.34180881158847706e-24 -2.64156884659559808e-28
2100.0 2150.0 2.73902928750565469e-21 2.32356255881838913e-25 -2.21837388187692678e-24 -2.44027505099828609e-28
2100.0 2200.0 2.63102186107207528e-21 2.20615810167615627e-25 -2.10324469615492634e-24 -2.25903630641476078e-28
2100.0 2250.0 2.52857844865242222e-21 2.09736463709983096e-25 -1.99570037683480860e-24 -2.09546562627374482e-28
2100.0 2300.0 2.43133610112757007e-21 1.99635168912488035e-25 -1.89510171405494111e-24 -1.94749501058237906e-28
2100.0 2350.0 2.33896203861632298e-21 1.90238518276706406e-25 -1.80087936673879921e-24 -1.81332936317545901e-28
2100.0 2400.0 2.25115040830724665e-21 1.81481480186621086e-25 -1.71252411716270597e-24 -1.69140744332399865e-28
2100.0 2450.0 2.16761948687854717e-21 1.73306314720269930e-25 -1.62957877319425686e-24 -1.58036873317820215e-28
2100.0 2500.0 2.08810925340434272e-21 1.65661642316147089e-25 -1.55163139964697443e-24 -1.47902528619874284e-28
2150.0 300.0 4.65697716489822975e-20 4.06573996226530054e-24 -1.61001673073462169e-22 3.49352928843729720e-26
2150.0 350.0 3.92462950423444490e-20 5.09613787801693377e-24 -1.32036157607614565e-22 9.18470928511356362e-27
2150.0 400.0 3.33073022382577263e-20 5.20607323268183964e-24 -1.06343061463933798e-22 -3.15841046330561686e-27
2150.0 450.0 2.85274046665629332e-20 4.89907734819710577e-24 -8.56630376467413822e-23 -8.28657912996415472e-27
2150.0 500.0 2.46674275451665616e-20 4.43632436859061337e-24 -6.93914150394135700e-23 -9.82488452203886110e-27
2150.0 550.0 2.15304091431270014e-20 3.94368745548949202e-24 -5.65970651276701473e-23 -9.70653298102143900e-27
2150.0 600.0 1.89630186322504332e-20 3.47676272183640933e-24 -4.64912973259904513e-23 -8.90658346482606436e-27
2150.0 650.0 1.68465824669075812e-20 3.05644666768433117e-24 -3.84721978621075334e-23 -7.89347237621525462e-27
2150.0 700.0 1.50886695997798118e-20 2.68737475743049074e-24 -3.20843220090570012e-23 -6.87885923941225877e-27
2150.0 750.0 1.36168343765367766e-20 2.36712130904525865e-24 -2.69779378324987237e-23 -5.94876813133677803e-27
2150.0 800.0 1.23740904613109175e-20 2.09062670066264529e-24 -2.28806031009056447e-23 -5.13014077853696109e-27
2150.0 850.0 1.13155472619585381e-20 1.85223224354084612e-24 -1.95783821590000959e-23 -4.42369523814045655e-27
2150.0 900.0 1.04058266638822300e-20 1.64654834140461965e-24 -1.69028874376649738e-23 -3.81968897322778409e-27
2150.0 950.0 9.61703560850150324e-21 1.46877148060311267e-24 -1.47217127174290851e-23 -3.30520143959606061e-27
2150.0 1000.0 8.92716037733898925e-21 1.31475243327414916e-24 -1.29309870299531601e-23 -2.86730361250772865e-27
2150.0 1050.0 8.31879408530515074e-21 1.18096066521694174e-24 -1.14494195671153193e-23 -2.49428664583129962e-27
2150.0 1100.0 7.77813194796195123e-21 1.06441229330799360e-24 -1.02135016917484374e-23 -2.17601010885083512e-27
2150.0 1150.0 7.29418206301857096e-21 9.62591374074850360e-25 -9.17365447626419537e-24 -1.90387644539851090e-27
2150.0 1200.0 6.85814861183234731e-21 8.73376570303587186e-25 -8.29115974435151037e-24 -1.67066678056786116e-27
2150.0 1250.0 6.46295183157356276e-21 7.94977155793373130e-25 -7.53573674922115910e-24 -1.47034243843012937e-27
2150.0 1300.0 6.10285555532418711e-21 7.25878833977422480e-25 -6.88364408708341029e-24 -1.29785499423632059e-27
2150.0 1350.0 5.77317872482900150e-21 6.64798498951727723e-25 -6.31620292709204121e-24 -1.14897966902641353e-27
2150.0 1400.0 5.47007206797021500e-21 6.10646673123664076e-25 -5.81865390742339940e-24 -1.02017478650635824e-27
2150.0 1450.0 5.19034512467597083e-21 5.62496357563124502e-25 -5.37927547935585150e-24 -9.08465292746201588e-28
2150.0 1500.0 4.93133206070273309e-21 5.19557175784454532e-25 -4.98870539167443097e-24 -8.11346893935285640e-28
2150.0 1550.0 4.69078731575099694e-21 4.81153869431821975e-25 -4.63941900910544931e-24 -7.26707280146393263e-28
2150.0 1600.0 4.46680418937847565e-21 4.46708371887814919e-25 -4.32532816318501626e-24 -6.52761306007890909e-28
2150.0 1650.0 4.25775107272969571e-21 4.15724829353166186e-25 -4.04147235828183837e-24 -5.87997519262382584e-28
2150.0 1700.0 4.06222127490030485e-21 3.87777056851419910e-25 -3.78378062308125419e-24 -5.31133919475069824e-28
2150.0 1750.0 3.87899334617657489e-21 3.62498011744566581e-25 -3.54888737006178457e-24 -4.81081245780266466e-28
2150.0 1800.0 3.70699952968281730e-21 3.39570943657146243e-25 -3.33398955906241635e-24 -4.36912429683902895e-28
2150.0 1850.0 3.54530052917996009e-21 3.18721940957208018e-25 -3.13673548644272575e-24 -3.97837116310860215e-28
2150.0 1900.0 3.39306520424989038e-21 2.99713643295754873e-25 -2.95513783433970695e-24 -3.63180368216823303e-28
2150.0 1950.0 3.24955412634170512e-21 2.82339929680495437e-25 -2.78750537556579249e-24 -3.32364832192132090e-28
2150.0 2000.0 3.11410617441063159e-21 2.66421424113993154e-25 -2.63238906684631296e-24 -3.04895781433745757e-28
2150.0 2050.0 2.98612753573014357e-21 2.51801687475469132e-25 -2.48853927689029061e-24 -2.80348550890023607e-28
2150.0 2100.0 2.86508262004337501e-21 2.38343986237765346e-25 -2.35487166398125258e-24 -2.58357968453853157e-28
2150.0 2150.0 2.75048650425596851e-21 2.25928546698191163e-25 -2.23043980004839701e-24 -2.38609453480478276e-28
2150.0 2200.0 2.64189860847710806e-21 2.14450218378118719e-25 -2.11441307992028682e-24 -2.20831510229315418e-28
2150.0 2250.0 2.53891736850385133e-21 2.03816482678230032e-25 -2.00605879010927002e-24 -2.04789389848328288e-28
2150.0 2300.0 2.44117571945200825e-21 1.93945753217436957e-25 -1.90472746700410003e-24 -1.90279732415719639e-28
2150.0 2350.0 2.34833724364873599e-21 1.84765922900525823e-25 -1.80984086935146363e-24 -1.77126031867289816e-28
2150.0 2400.0 2.26009286576054075e-21 1.76213119949072096e-25 -1.72088203912193407e-24 -1.65174792580379714e-28
2150.0 2450.0 2.17615800144105755e-21 1.68230641136832105e-25 -1.63738703938493902e-24 -1.54292267924466622e-28
2150.0 2500.0 2.09627008404788212e-21 1.60768035493574317e-25 -1.55893804600608382e-24 -1.44361689000188667e-28
2200.0 300.0 4.67673980360808508e-20 3.84069144807920055e-24 -1.59246414457215111e-22 3.52673940642707307e-26
2200.0 350.0 3.94960821352031080e-20 4.89636437611750638e-24 -1.31561583934866743e-22 9.79181933352345341e-27
2200.0 400.0 3.35633697994542782e-20 5.03736942343739609e-24 -1.06485578703954300e-22 -2.54702014884814183e-27
2200.0 450.0 2.87688455545621731e-20 4.75909704140980665e-24 -8.60639977440967192e-23 -7.75520397383434331e-27
2200.0 500.0 2.48863390507502345e-20 4.32053174174246040e-24 -6.98716891574458077e-23 -9.38847799689509552e-27
2200.0 550.0 2.17251814701631410e-20 3.84749974984309279e-24 -5.70735980340868687e-23 -9.35649776544104209e-27
2200.0 600.0 1.91348377422961741e-20 3.39622263719596534e-24 -4.69296350126765489e-23 -8.62816483794305249e-27
2200.0 650.0 1.69976980742559135e-20 2.98834529776055123e-24 -3.88613133907546057e-23 -7.67205879150122291e-27
2200.0 700.0 1.52215803657658564e-20 2.62918422894084597e-24 -3.24238257450312948e-23 -6.70196639773611163e-27
2200.0 750.0 1.37339318364659653e-20 2.31687603874428176e-24 -2.72718037556120759e-23 -5.80637756415987376e-27
2200.0 800.0 1.24775243338048482e-20 2.04680490559927703e-24 -2.31342083871107669e-23 -5.01445802942483700e-27
2200.0 850.0 1.14071929389418188e-20 1.81365451436987385e-24 -1.97971858586750895e-23 -4.32875100558615981e-27
2200.0 900.0 1.04872966205849527e-20 1.61229642642063075e-24 -1.70918974741675159e-23 -3.74094460236603149e-27
2200.0 950.0 9.68970712693987240e-21 1.43812545003425797e-24 -1.48853184994397172e-23 -3.23921231467732404e-27
2200.0 1000.0 8.99220706110027117e-21 1.28714297065613196e-24 -1.30729522623227835e-23 -2.81145048934087065e-27
2200.0 1050.0 8.37721589296022333e-21 1.15593320767353883e-24 -1.15729380535011832e-23 -2.44656872187599164e-27
2200.0 1100.0 7.83078185145050231e-21 1.04160020077053284e-24 -1.03212718289365023e-23 -2.13488888027944018e-27
2200.0 1150.0 7.34178894069365830e-21 9.41695869100129709e-25 -9.26795347132894530e-24 -1.86815928502882953e-27
2200.0 1200.0 6.90133660127658187e-21 8.54151708665781333e-25 -8.37391038135429222e-24 -1.63942069619823246e-27
2200.0 1250.0 6.50225657615272661e-21 7.77218517823546680e-25 -7.60856479839127052e-24 -1.44283036457510404e-27
2200.0 1300.0 6.13873781071784472e-21 7.09414963947483759e-25 -6.94792663502257011e-24 -1.27348872892370515e-27
2200.0 1350.0 5.80603575465170772e-21 6.49484376320465355e-25 -6.37310868380462252e-24 -1.12728502985028655e-27
2200.0 1400.0 5.50024719912982774e-21 5.96358690766398324e-25 -5.86917671091975544e-24 -1.00076570967557201e-27
2200.0 1450.0 5.21813577345246961e-21 5.49128423022278581e-25 -5.42426214058274874e-24 -8.91024473135637043e-28
2200.0 1500.0 4.95699648716220032e-21 5.07017654576718693e-25 -5.02887886668422828e-24 -7.95611215469028753e-28
2200.0 1550.0 4.71455031891195883e-21 4.69363164387210623e-25 -4.67539772079543539e-24 -7.12456764607459910e-28
2200.0 1600.0 4.48886191822237014e-21 4.35596986907020015e-25 -4.35764214726202264e-24 -6.39810657228740185e-28
2200.0 1650.0 4.27827509760741382e-21 4.05231805460101764e-25 -4.07057678400333863e-24 -5.76189592441351137e-28
2200.0 1700.0 4.08136203899045261e-21 3.77848697118606828e-25 -3.81006713802969921e-24 -5.20334627954823037e-28
2200.0 1750.0 3.89688309630018333e-21 3.53086832580471489e-25 -3.57269363646023465e-24 -4.71175549321899721e-28
2200.0 1800.0 3.72375480910790458e-21 3.30634805239268013e-25 -3.35560728333010851e-24 -4.27801143263810265e-28
2200.0 1850.0 3.56102430134258758e-21 3.10223320835449674e-25 -3.15641719057932612e-24 -3.89434347074157675e-28
2200.0 1900.0 3.40784866499988551e-21 2.91619025500979671e-25 -2.97310257468518765e-24 -3.55411437887483479e-28
2200.0 1950.0 3.26347825294968650e-21 2.74619287858650254e-25 -2.80394357940502641e-24 -3.25164578316070815e-28
2200.0 2000.0 3.12724305179291818e-21 2.59047781844971911e-25 -2.64746662861390576e-24 -2.98207157148986425e-28
2200.0 2050.0 2.99854149386972299e-21 2.44750742444156158e-25 -2.50240103209987823e-24 -2.74121462217135136e-28
2200.0 2100.0 2.87683121117970173e-21 2.31593787601362487e-25 -2.36764433949982699e-24 -2.52548302336783196e-28
2200.0 2150.0 2.76162134390540847e-21 2.19459217055010620e-25 -2.24223452317276701e-24 -2.33178260383448027e-28
2200.0 2200.0 2.65246610056630710e-21 2.08243713345433452e-25 -2.12532751529208141e-24 -2.15744313009695779e-28
2200.0 2250.0 2.54895933173492660e-21 1.97856382344784486e-25 -2.01617896233657056e-24 -2.00015596597250651e-28
2200.0 2300.0 2.45072992936522728e-21 1.88217080732761636e-25 -1.91412931754703148e-24 -1.85792135503609636e-28
2200.0 2350.0 2.35743790262021157e-21 1.79254986260297819e-25 -1.81859158845752290e-24 -1.72900378922346138e-28
2200.0 2400.0 2.26877101130043994e-21 1.70907373679017344e-25 -1.72904120710424779e-24 -1.61189417834855178e-28
2200.0 2450.0 2.18444186158306530e-21 1.63118565100645811e-25 -1.64500760610441895e-24 -1.50527774481642615e-28
2200.0 2500.0 2.10418538729397096e-21 1.55839028479522428e-25 -1.56606717287312118e-24 -1.40800674247916265e-28
2250.0 300.0 4.69539736632770097e-20 3.62362346792212786e-24 -1.57475667429911172e-22 3.55554287719444269e-26
2250.0 350.0 3.97360299511745623e-20 4.70250577317780863e-24 -1.31057595625296514e-22 1.03617029244097345e-26
2250.0 400.0 3.38111107121298469e-20 4.87296287604479204e-24 -1.06598223219719861e-22 -1.96323562037979596e-27
2250.0 450.0 2.90033663554763375e-20 4.62224027108508584e-24 -8.64388864667928890e-23 -7.24355000086164873e-27
2250.0 500.0 2.50995187988246345e-20 4.20702764341370301e-24 -7.03304961596541060e-23 -8.96608273329534882e-27
2250.0 550.0 2.19151872929854759e-20 3.75300576535561025e-24 -5.75328817994865248e-23 -9.01648561607256242e-27
2250.0 600.0 1.93026619491683744e-20 3.31694855676459148e-24 -4.73542345599363324e-23 -8.35699862755434148e-27
2250.0 650.0 1.71454328664982155e-20 2.92119859642249388e-24 -3.92394922163462632e-23 -7.45595967720709596e-27
2250.0 700.0 1.53516000717505122e-20 2.57171885506820184e-24 -3.27545842938447579e-23 -6.52901713014390867e-27
2250.0 750.0 1.38485311782642556e-20 2.26718462779524468e-24 -2.75586248836593911e-23 -5.66694871547790768e-27
2250.0 800.0 1.25787779968631773e-20 2.00340761357046341e-24 -2.33820863460105932e-23 -4.90102519038700092e-27
2250.0 850.0 1.14969181145831814e-20 1.77540250430076406e-24 -2.00112860098715695e-23 -4.23553465787419501e-27
2250.0 900.0 1.05670604391852660e-20 1.57829398626827440e-24 -1.72770042034999172e-23 -3.66354102462510367e-27
2250.0 950.0 9.76085129732811479e-21 1.40766944965797665e-24 -1.50456514242208011e-23 -3.17427383830858229e-27
2250.0 1000.0 9.05587704008815460e-21 1.25967675024147917e-24 -1.32121458949103409e-23 -2.75642819092778585e-27
2250.0 1050.0 8.43438915406061401e-21 1.13101184304512327e-24 -1.16940874529647845e-23 -2.39951326362163527e-27
2250.0 1100.0 7.88229322184675394e-21 1.01886447266615435e-24 -1.04269994237116879e-23 -2.09429975431845657e-27
2250.0 1150.0 7.38835250569307250e-21 9.20852776509596434e-25 -9.36047755021122719e-24 -1.83287216809349833e-27
2250.0 1200.0 6.94356431607430007e-21 8.34959853444794853e-25 -8.45510761524586962e-24 -1.60852387897528930e-27
2250.0 1250.0 6.54067395452077068e-21 7.59477096871009191e-25 -7.68002451186740316e-24 -1.41560294550390389e-27
2250.0 1300.0 6.17379710904225400e-21 6.92955428610817945e-25 -7.01099681760933026e-24 -1.24935491297283721e-27
2250.0 1350.0 5.83812704519753920e-21 6.34164065661910691e-25 -6.42893457944701906e-24 -1.10578026441440010e-27
2250.0 1400.0 5.52970767734044879e-21 5.82055929999113387e-25 -5.91873304534117361e-24 -9.81511491631966912e-28
2250.0 1450.0 5.24525759135733449e-21 5.35738714691181882e-25 -5.46838001115230657e-24 -8.73709502754349954e-28
2250.0 1500.0 4.98203335666982243e-21 4.94450689772209458e-25 -5.06826819553748159e-24 -7.79977201555546334e-28
2250.0 1550.0 4.73772308725188183e-21 4.57540453888418537e-25 -4.71066603093935365e-24 -6.98287648143709283e-28
2250.0 1600.0 4.51036328315041338e-21 4.24449964898652309e-25 -4.38931029086339233e-24 -6.26924358415474033e-28
2250.0 1650.0 4.29827360140469643e-21 3.94700296771957918e-25 -4.09909214040105558e-24 -5.64431630868932612e-28
2250.0 1700.0 4.10000545678964777e-21 3.67879666787560525e-25 -3.83581470670467816e-24 -5.09573142544144174e-28
2250.0 1750.0 3.91430131496197292e-21 3.43633356838289464e-25 -3.59600537493127277e-24 -4.61297372326280455e-28
2250.0 1800.0 3.74006227695130417e-21 3.21655217887197642e-25 -3.37676997880829033e-24 -4.18708674722594420e-28
2250.0 1850.0 3.57632211587531679e-21 3.01680499894437840e-25 -3.17567910448700518e-24 -3.81043042648272526e-28
2250.0 1900.0 3.42222635489178455e-21 2.83479793110200634e-25 -2.99067905854582323e-24 -3.47647771194566789e-28
2250.0 1950.0 3.27701530142436563e-21 2.66853902418001618e-25 -2.82002182731353704e-24 -3.17964373901966984e-28
2250.0 2000.0 3.14001020106055594e-21 2.51629505917864943e-25 -2.66220970407521370e-24 -2.91514215793044855e-28
2250.0 2050.0 3.01060186391799761e-21 2.37655473359195773e-25 -2.51595128434973123e-24 -2.67886419025402707e-28
2250.0 2100.0 2.88824126097123285e-21 2.24799740305469137e-25 -2.38012630561416937e-24 -2.46727671925406418e-28
2250.0 2150.0 2.77243169861522504e-21 2.12946650785366130e-25 -2.25375739663542836e-24 -2.27733633750213627e-28
2250.0 2200.0 2.66272226479567452e-21 2.01994695255941053e-25 -2.13598724865653907e-24 -2.10641678404845458e-28
2250.0 2250.0 2.55870230553764213e-21 1.91854582454559480e-25 -2.02606006074665793e-24 -1.95224762530331688e-28
2250.0 2300.0 2.45999674131640976e-21 1.82447593541692050e-25 -1.92330637079345065e-24 -1.81286238462714995e-28
2250.0 2350.0 2.36626207196856875e-21 1.73704175158724110e-25 -1.82713058164991731e-24 -1.68655461795830905e-28
2250.0 2400.0 2.27718294940887809e-21 1.65562734910128684e-25 -1.73700064367859954e-24 -1.57184067674889363e-28
2250.0 2450.0 2.19246922130796012e-21 1.57968608548337566e-25 -1.65243947155913137e-24 -1.46742810324831746e-28
2250.0 2500.0 2.11185336765287039e-21 1.50873172975924545e-25 -1.57301776316215887e-24 -1.37218877349574118e-28
2300.0 300.0 4.71298839216758793e-20 3.41400691136016719e-24 -1.55691545964782515e-22 3.58028593783513303e-26
2300.0 350.0 3.99664243636559815e-20 4.51417896679329457e-24 -1.30525992197182152e-22 1.08967593032896163e-26
2300.0 400.0 3.40507325033735959e-20 4.71256894285917169e-24 -1.06682334339225298e-22 -1.40546612665858302e-27
2300.0 450.0 2.92311175921110086e-20 4.48828770789319043e-24 -8.67886625269296220e-23 -6.75055531782359729e-27
2300.0 500.0 2.53070766981995755e-20 4.09563686512640793e-24 -7.07685178374274085e-23 -8.55697003588527713e-27
2300.0 550.0 2.21005075730789772e-20 3.66006107481638052e-24 -5.79754042216202068e-23 -8.68597820880395259e-27
2300.0 600.0 1.94665514027700649e-20 3.23881833912414702e-24 -4.77654487280414144e-23 -8.09270217849709082e-27
2300.0 650.0 1.72898318578345113e-20 2.85490115155667248e-24 -3.96069925296621017e-23 -7.24488268371874385e-27
2300.0 700.0 1.54787625903346081e-20 2.51488619152440212e-24 -3.30767889091939746e-23 -6.35978143224344430e-27
2300.0 750.0 1.39606579757142581e-20 2.21796495705467628e-24 -2.78385445293235253e-23 -5.53029624051730259e-27
2300.0 800.0 1.26778707727722782e-20 1.96036110624465861e-24 -2.36243455531379416e-23 -4.78969001017435577e-27
2300.0 850.0 1.15847373510087122e-20 1.73740944942655524e-24 -2.02207657373486937e-23 -4.14391918566681812e-27
2300.0 900.0 1.06451290198795243e-20 1.54448009534400579e-24 -1.74582719033484559e-23 -3.58737093848093721e-27
2300.0 950.0 9.83047617527495816e-21 1.37734751275359251e-24 -1.52027616654478065e-23 -3.11029437886884975e-27
2300.0 1000.0 9.11817614004211130e-21 1.23230205999929228e-24 -1.33486074350872974e-23 -2.70215772109240655e-27
2300.0 1050.0 8.49031793173835215e-21 1.10614854303953451e-24 -1.18128991195868590e-23 -2.35305157537179446e-27
2300.0 1100.0 7.93266871870575101e-21 9.96160296955728575e-25 -1.05307095295270944e-23 -2.05418250621469780e-27
2300.0 1150.0 7.43387429291259403e-21 9.00020114653048304e-25 -9.45124684354423101e-24 -1.79796188787868612e-27
2300.0 1200.0 6.98483238553375051e-21 8.15761532658297565e-25 -8.53476768803128241e-24 -1.57792897500636456e-27
2300.0 1250.0 6.57820386434229846e-21 7.41715662337096720e-25 -7.75012902705389407e-24 -1.38861773884888361e-27
2300.0 1300.0 6.20803275587857187e-21 6.76465012945492782e-25 -7.07286526838193057e-24 -1.22541525094041740e-27
2300.0 1350.0 5.86945142303808040e-21 6.18804176303237185e-25 -6.48368920919293603e-24 -1.08443060039316719e-27
2300.0 1400.0 5.55845194259689425e-21 5.67706661534695147e-25 -5.96732983245020970e-24 -9.62380372308086075e-28
2300.0 1450.0 5.27170870797038559e-21 5.22297024891166100e-25 -5.51163462893958388e-24 -8.56491213967666711e-28
2300.0 1500.0 5.00644055156791995e-21 4.81827474609769695e-25 -5.10687776460979788e-24 -7.64417930783306560e-28
2300.0 1550.0 4.76030330857444315e-21 4.45658227167444642e-25 -4.74522736304660907e-24 -6.84174969031497964e-28
2300.0 1600.0 4.53130582157901372e-21 4.13240999236791374e-25 -4.42033520936325947e-24 -6.14079169463264740e-28
2300.0 1650.0 4.31774400825524457e-21 3.84105119837814366e-25 -4.12702036285511621e-24 -5.52701917418066075e-28
2300.0 1700.0 4.11814887039435141e-21 3.57845833716974658e-25 -3.86102469151419414e-24 -4.98829102580178708e-28
2300.0 1750.0 3.93124528855607587e-21 3.34114439468878855e-25 -3.61882346494672171e-24 -4.51427570303432157e-28
2300.0 1800.0 3.75591918609399542e-21 3.12609965887312416e-25 -3.39747811824388873e-24 -4.09616976894166645e-28
2300.0 1850.0 3.59119121081798087e-21 2.93072139487917451e-25 -3.19452135902050581e-24 -3.72646151912347827e-28
2300.0 1900.0 3.43619551279888113e-21 2.75275436967871282e-25 -3.00786713025304283e-24 -3.39873226216589966e-28
2300.0 1950.0 3.29016252458260722e-21 2.59024050152610635e-25 -2.83573972452641056e-24 -3.10748911270247115e-28
2300.0 2000.0 3.15240489988507604e-21 2.44147619029748127e-25 -2.67661770007862142e-24 -2.84802418794515669e-28
2300.0 2050.0 3.02230595742418108e-21 2.30497611820816551e-25 -2.52918927709048237e-24 -2.61629594864757680e-28
2300.0 2100.0 2.89931012224372762e-21 2.17944250528234030e-25 -2.39231667246915517e-24 -2.40882912688032047e-28
2300.0 2150.0 2.78291496848922022e-21 2.06373896684292590e-25 -2.26500742315445585e-24 -2.22263026439087298e-28
2300.0 2200.0 2.67266455334841873e-21 1.95686825664219083e-25 -2.14639119754891453e-24 -2.05511636904851773e-28
2300.0 2250.0 2.56814379794452393e-21 1.85795329348690235e-25 -2.03570093678957333e-24 -1.90405460042880064e-28
2300.0 2300.0 2.46897372207105812e-21 1.76622096497312013e-25 -1.93225742847841750e-24 -1.76751123294634074e-28
2300.0 2350.0 2.37480737931937252e-21 1.68098828226004568e-25 -1.83545661495135089e-24 -1.64380842728591931e-28
2300.0 2400.0 2.28532637005028664e-21 1.60165052718618631e-25 -1.74475909110076834e-24 -1.53148757737771415e-28
2300.0 2450.0 2.20023783384639322e-21 1.52767108957135643e-25 -1.65968136439457193e-24 -1.42927819832929611e-28
2300.0 2500.0 2.11927184208106292e-21 1.45857274000032308e-25 -1.57978854051095328e-24 -1.33607148680117369e-28
2350.0 300.0 4.72954926002740840e-20 3.21147582025803430e-24 -1.53896015064424209e-22 3.60122969029165962e-26
2350.0 350.0 4.01875359148172780e-20 4.33112796493072952e-24 -1.29968470557716307e-22 1.13987851120463798e-26
2350.0 400.0 3.42824315530456092e-20 4.55600461093405253e-24 -1.06739184356413425e-22 -8.72548772231758200e-28
2350.0 450.0 2.94522413684712292e-20 4.35710338495268927e-24 -8.71142407505659373e-23 -6.27546890907623969e-27
2350.0 500.0 2.55091160442939406e-20 3.98625411249517485e-24 -7.11864065024579269e-23 -8.16064329899195173e-27
2350.0 550.0 2.22812178915487997e-20 3.56858100031966393e-24 -5.84016325589050778e-23 -8.36463494400975771e-27
2350.0 600.0 1.96265617479397612e-20 3.16176172331700812e-24 -4.81636153859956823e-23 -7.83503197464989496e-27
2350.0 650.0 1.74309362037440097e-20 2.78939321301827796e-24 -3.99640613084341573e-23 -7.03864648569171403e-27
2350.0 700.0 1.56030984300311794e-20 2.45863445326735750e-24 -3.33906221191220522e-23 -6.19411937459745191e-27
2350.0 750.0 1.40703348286131928e-20 2.16917147810350699e-24 -2.81116990306994077e-23 -5.39630896811713841e-27
2350.0 800.0 1.27748193249730236e-20 1.91762484666146833e-24 -2.38610888902843630e-23 -4.68036215497614061e-27
2350.0 850.0 1.16706628109043246e-20 1.69963892022051995e-24 -2.04257034407911048e-23 -4.05382992612993954e-27
2350.0 900.0 1.07215110801078846e-20 1.51082174137416170e-24 -1.76357608789367019e-23 -3.51237182759463042e-27
2350.0 950.0 9.89858781677909011e-21 1.34712950314796653e-24 -1.53566960212999076e-23 -3.04722105166384037e-27
2350.0 1000.0 9.17910834342687626e-21 1.20499120714752561e-24 -1.34823734955583583e-23 -2.64859395861400608e-27
2350.0 1050.0 8.54500458046430497e-21 1.08131770743626668e-24 -1.19294019044702259e-23 -2.30714486541963778e-27
2350.0 1100.0 7.98190940976877380e-21 9.73463878783750055e-25 -1.06324250186340213e-23 -2.01450354582093019e-27
2350.0 1150.0 7.47835434763135949e-21 8.79175657338290514e-25 -9.54027956685356007e-24 -1.76339915325095782e-27
2350.0 1200.0 7.02514003940204560e-21 7.96535892716567269e-25 -8.61290514788038228e-24 -1.54761026181143179e-27
2350.0 1250.0 6.61484488365407641e-21 7.23914570182979881e-25 -7.81888997244792280e-24 -1.36185199557344522e-27
2350.0 1300.0 6.24144280863234262e-21 6.59925146372755839e-25 -7.13354126728358432e-24 -1.20164948011546735e-27
2350.0 1350.0 5.90000653087956083e-21 6.03387097128164478e-25 -6.53737994572210835e-24 -1.06321786177582172e-27
2350.0 1400.0 5.58647730929844980e-21 5.53294137860066897e-25 -6.01497288276485172e-24 -9.43355934093616808e-28
2350.0 1450.0 5.29748618040163231e-21 5.08787388760128347e-25 -5.55403051552380743e-24 -8.39354677632484691e-28
2350.0 1500.0 5.03021493045473621e-21 4.69132758187320577e-25 -5.14471102550988488e-24 -7.48919740384981545e-28
2350.0 1550.0 4.78228769187504698e-21 4.33701888682647932e-25 -4.77908427631806072e-24 -6.70106148017288340e-28
2350.0 1600.0 4.55168613376389451e-21 4.01956099453229744e-25 -4.45071871513499085e-24 -6.01263443925663820e-28
2350.0 1650.0 4.33668284391064890e-21 3.73432845830874158e-25 -4.15436263746278776e-24 -5.40989614081202525e-28
2350.0 1700.0 4.13578875977459213e-21 3.47734292950843448e-25 -3.88569775298769150e-24 -4.88092375680863240e-28
2350.0 1750.0 3.94771147537000047e-21 3.24517666301727147e-25 -3.64114812623420924e-24 -4.41556631309161951e-28
2350.0 1800.0 3.77132199333752484e-21 3.03487096656279834e-25 -3.41773155235590743e-24 -4.00517087487225608e-28
2350.0 1850.0 3.60562805836863096e-21 2.84386722656977362e-25 -3.21294349699741678e-24 -3.64235203206283877e-28
2350.0 1900.0 3.44975264037127611e-21 2.66994852479367777e-25 -3.02466607693808668e-24 -3.32079772507679220e-28
2350.0 1950.0 3.30291646516450734e-21 2.51119017840229791e-25 -2.85109634722698453e-24 -3.03510559614915711e-28
2350.0 2000.0 3.16442374165924904e-21 2.36591780252075221e-25 -2.69068952026306045e-24 -2.78064499818760161e-28
2350.0 2050.0 3.03365042621508971e-21 2.23267171738601932e-25 -2.54211377441476396e-24 -2.55344057939685291e-28
2350.0 2100.0 2.91003451150820497e-21 2.11017670947717040e-25 -2.40421409296974933e-24 -2.35007401720510687e-28
2350.0 2150.0 2.79306793965785730e-21 1.99731631320356181e-25 -2.27598316880898975e-24 -2.16760102300865994e-28
2350.0 2200.0 2.68228982577980585e-21 1.89311091183816485e-25 -2.15653786212614918e-24 -2.00348119862600999e-28
2350.0 2250.0 2.57728074477182181e-21 1.79669906741541533e-25 -2.04510004260694032e-24 -1.85551871111161887e-28
2350.0 2300.0 2.47765788571535427e-21 1.70732158264004120e-25 -1.94098091003183191e-24 -1.72181207681078280e-28
2350.0 2350.0 2.38307091832903603e-21 1.62430787629707443e-25 -1.84356808812004120e-24 -1.60071161815556476e-28
2350.0 2400.0 2.29319844715043798e-21 1.54706431958202919e-25 -1.75231494052861829e-24 -1.49078338593412666e-28
2350.0 2450.0 2.20774495358345687e-21 1.47506423617617267e-25 -1.66673167652683203e-24 -1.39077853246056449e-28
2350.0 2500.0 2.12643814518184704e-21 1.40783931545652616e-25 -1.58637790546358860e-24 -1.29960728299767861e-28
2400.0 300.0 4.74511423837670506e-20 3.01558926908945592e-24 -1.52090906480006861e-22 3.61863417493059881e-26
2400.0 350.0 4.03996197301614380e-20 4.15302388027099697e-24 -1.29386633198106754e-22 1.18696593943607263e-26
2400.0 400.0 3.45063927199052775e-20 4.40301923807271056e-24 -1.06769982302434563e-22 -3.63199254491988258e-28
2400.0 450.0 2.96668708735608914e-20 4.22849008155332560e-24 -8.74164934539331281e-23 -5.81740962589484979e-27
2400.0 500.0 2.57057329884106467e-20 3.87871923539667353e-24 -7.15847851328465313e-23 -7.77648168224830039e-27
2400.0 550.0 2.24573879278085049e-20 3.47843193495916341e-24 -5.88120130838621448e-23 -8.05200293932246904e-27
2400.0 600.0 1.97827436328184997e-20 3.08566479414266131e-24 -4.85490568116230866e-23 -7.58364584851242880e-27
2400.0 650.0 1.75687827467875288e-20 2.72457597435885074e-24 -4.03109335395328972e-23 -6.83698432237608538e-27
2400.0 700.0 1.57246343199871328e-20 2.40287676669356189e-24 -3.36962569571244044e-23 -6.03181749940896742e-27
2400.0 750.0 1.41775809848173681e-20 2.12072696565759072e-24 -2.83782170308909819e-23 -5.26481251909201786e-27
2400.0 800.0 1.28696373145698947e-20 1.87512955624420402e-24 -2.40924128885683435e-23 -4.57289683881064839e-27
2400.0 850.0 1.17547039452129838e-20 1.66202827904287870e-24 -2.06261722039837841e-23 -3.96514510931420267e-27
2400.0 900.0 1.07962128701989211e-20 1.47726190140265914e-24 -1.78095269351534268e-23 -3.43844020015835365e-27
2400.0 950.0 9.96519001880442503e-21 1.31696319101947382e-24 -1.55074974440113777e-23 -2.98496511247187805e-27
2400.0 1000.0 9.23867555222107470e-21 1.17769608811030447e-24 -1.36134773751930891e-23 -2.59566020166822564e-27
2400.0 1050.0 8.59844952863940582e-21 1.05647481181239685e-24 -1.20436217818759391e-23 -2.26172635633629751e-27
2400.0 1100.0 8.03001457122688881e-21 9.50733820345624651e-25 -1.07321662480713835e-23 -1.97520433500060077e-27
2400.0 1150.0 7.52179104158736652e-21 8.58280756523104297e-25 -9.62759172157589257e-24 -1.72913230894038980e-27
2400.0 1200.0 7.06448493810488519e-21 7.77246719664799756e-25 -8.68953258096817223e-24 -1.51752186585289193e-27
2400.0 1250.0 6.65059411381714400e-21 7.06039774689481069e-25 -7.88631722664983507e-24 -1.33526472438151776e-27
2400.0 1300.0 6.27402393092032570e-21 6.43303726355332882e-25 -7.19303252368552410e-24 -1.17802075313385530e-27
2400.0 1350.0 5.92978869225762111e-21 5.87882477280227720e-25 -6.59001274350903564e-24 -1.04210873674109126e-27
2400.0 1400.0 5.61377984024629582e-21 5.38789595993418576e-25 -6.06166671872866449e-24 -9.24407897654795839e-28
2400.0 1450.0 5.32258587570496803e-21 4.95182490321264798e-25 -5.59557101614526119e-24 -8.22272229601991587e-28
2400.0 1500.0 5.05335221821912322e-21 4.56340549718684487e-25 -5.18177034999086355e-24 -7.33457234128529171e-28
2400.0 1550.0 4.80367186428840803e-21 4.21646666907218674e-25 -4.81223833390134114e-24 -6.56057766834774297e-28
2400.0 1600.0 4.57149978603276803e-21 3.90571620632668038e-25 -4.48046169772166136e-24 -5.88455498572860107e-28
2400.0 1650.0 4.35508564469305896e-21 3.62660874948351518e-25 -4.18111929186756969e-24 -5.29274568375951123e-28
2400.0 1700.0 4.15292065694097321e-21 3.37523417693535522e-25 -3.90983375014817316e-24 -4.77344167636334255e-28
2400.0 1750.0 3.96369542451666205e-21 3.14822319389661769e-25 -3.66297882769961670e-24 -4.31666973175463637e-28
2400.0 1800.0 3.78626628269500485e-21 2.94266743688815399e-25 -3.43752942642391931e-24 -3.91392511839681084e-28
2400.0 1850.0 3.61962829216962459e-21 2.75605182695002467e-25 -3.23094439667205391e-24 -3.55794682812172549e-28
2400.0 1900.0 3.46289343299180663e-21 2.58619726037014002e-25 -3.04107455819063540e-24 -3.24252785660839690e-28
2400.0 1950.0 3.31527289016346679e-21 2.43121202533851251e-25 -2.86609017776818676e-24 -2.96235504638781066e-28
2400.0 2000.0 3.17606257293816669e-21 2.28945058552922125e-25 -2.70442350528770016e-24 -2.71287385861233077e-28
2400.0 2050.0 3.04463120271001112e-21 2.15947858467159553e-25 -2.55472300579953670e-24 -2.49017416421470859e-28
2400.0 2100.0 2.92041045193572678e-21 2.04004310594249792e-25 -2.41581671159732487e-24 -2.29089375568749991e-28
2400.0 2150.0 2.80288672971845565e-21 1.93004737170204920e-25 -2.28668271553498252e-24 -2.11213679628356567e-28
2400.0 2200.0 2.69159429674731980e-21 1.82852919705323198e-25 -2.16642528099274253e-24 -1.95140485920584883e-28
2400.0 2250.0 2.58610945948333351e-21 1.73464261860937921e-25 -2.05425538987337489e-24 -1.80653857780292319e-28
2400.0 2300.0 2.48604564550704096e-21 1.64764221079940892e-25 -1.94947481415499734e-24 -1.67566823925746630e-28
2400.0 2350.0 2.39104920239394449e-21 1.56686967865043997e-25 -1.85146299871169385e-24 -1.55717191739951463e-28
2400.0 2400.0 2.30079579404558611e-21 1.49174238049578049e-25 -1.75966619834592410e-24 -1.44963996241937724e-28
2400.0 2450.0 2.21498729313768916e-21 1.42174348835130081e-25 -1.67358843152850754e-24 -1.35184485260250830e-28
2400.0 2500.0 2.13334908781815488e-21 1.35641353938629260e-25 -1.59278390573743186e-24 -1.26271557106789127e-28
2450.0 300.0 4.75971549424663431e-20 2.82592823357298765e-24 -1.50277931254766886e-22 3.63272925895058245e-26
2450.0 350.0 4.06029151530726400e-20 3.97954812762329142e-24 -1.28781994363487845e-22 1.23110898592962620e-26
2450.0 400.0 3.47227887697104995e-20 4.25336610056911621e-24 -1.06775876403815520e-22 1.23775509663338576e-28
2450.0 450.0 2.98751297410818138e-20 4.10225118137153954e-24 -8.76962509415112548e-23 -5.37554210388340750e-27
2450.0 500.0 2.58970158995279551e-20 3.77287108390894226e-24 -7.19642469120846451e-23 -7.40388526848450148e-27
2450.0 550.0 2.26290808564715185e-20 3.38947859247352695e-24 -5.92069702039799730e-23 -7.74763698406383615e-27
2450.0 600.0 1.99351421539118295e-20 3.01041176379100634e-24 -4.89220786753191261e-23 -7.33820246495758504e-27
2450.0 650.0 1.77034035128332830e-20 2.66034880901087292e-24 -4.06478312047523638e-23 -6.63962691944836723e-27
2450.0 700.0 1.58433927554398322e-20 2.34752460607287367e-24 -3.39938560132213330e-23 -5.87265836517533254e-27
2450.0 750.0 1.42824119309758475e-20 2.07255275645747706e-24 -2.86382186182249977e-23 -5.13562804696196919e-27
2450.0 800.0 1.29623350317103361e-20 1.83280474277751508e-24 -2.43184069619571108e-23 -4.46714482642598397e-27
2450.0 850.0 1.18368671605997608e-20 1.62451389126978240e-24 -2.08222391166836518e-23 -3.87773877411371112e-27
2450.0 900.0 1.08692378727095593e-20 1.44374275629675210e-24 -1.79796207781591147e-23 -3.36546873266789192e-27
2450.0 950.0 1.00302840467439259e-20 1.28679573225756045e-24 -1.56552045117566157e-23 -2.92343437442668861e-27
2450.0 1000.0 9.29687734022029036e-21 1.15036814751008608e-24 -1.37419485921085989e-23 -2.54327668880853829e-27
2450.0 1050.0 8.65065105288525516e-21 1.03157502379824799e-24 -1.21555814353561918e-23 -2.21672657163478424e-27
2450.0 1100.0 8.07698148153238905e-21 9.27928542425634139e-25 -1.08299506917758158e-23 -1.93622396818848308e-27
2450.0 1150.0 7.56418088415868668e-21 8.37296693469606708e-25 -9.71319676709377880e-24 -1.69510763345319707e-27
2450.0 1200.0 7.10286299943261584e-21 7.57857825252712930e-25 -8.76466031828553142e-24 -1.48761611901841041e-27
2450.0 1250.0 6.68544702008714428e-21 6.88057339360743020e-25 -7.95241865559074043e-24 -1.30881338337092144e-27
2450.0 1300.0 6.30577124560036373e-21 6.26568831545680417e-25 -7.25134494031154419e-24 -1.15449089052583741e-27
2450.0 1350.0 5.95879277576998216e-21 5.72260208724014699e-25 -6.64159192626977778e-24 -1.02106877662586983e-27
2450.0 1400.0 5.64035422097379347e-21 5.24164568178839950e-25 -6.10741438295202809e-24 -9.05505020963833806e-28
2450.0 1450.0 5.34700235432454007e-21 4.81455353007414207e-25 -5.63625812638949707e-24 -8.05215398029232354e-28
2450.0 1500.0 5.07584689773545749e-21 4.43425234702635868e-25 -5.21805687303018729e-24 -7.18004345719581647e-28
2450.0 1550.0 4.82445027025943085e-21 4.09468196992011032e-25 -4.84468996057713338e-24 -6.42005859081944336e-28
2450.0 1600.0 4.59074121673736969e-21 3.79064349194897143e-25 -4.50956399456861016e-24 -5.75633209758577669e-28
2450.0 1650.0 4.37294686961287901e-21 3.51767058320481009e-25 -4.20728967765535670e-24 -5.17536282294259648e-28
2450.0 1700.0 4.16953906367812138e-21 3.27192047229919056e-25 -3.93343163335499661e-24 -4.66565422037045400e-28
2450.0 1750.0 3.97919169878586651e-21 3.05008158111905334e-25 -3.68431418963988308e-24 -4.21740824455824382e-28
2450.0 1800.0 3.80074669291861220e-21 2.84929525643650639e-25 -3.45687009091639609e-24 -3.82226629590490723e-28
2450.0 1850.0 3.63318663911131148e-21 2.66708942931119825e-25 -3.24852218992686126e-24 -3.47309006524414790e-28
2450.0 1900.0 3.47561271549533488e-21 2.50132236370534578e-25 -3.05709053105853197e-24 -3.16377618514018354e-28
2450.0 1950.0 3.32722673014136407e-21 2.35013493708755282e-25 -2.88071903580622853e-24 -2.88909950354747499e-28
2450.0 2000.0 3.18731643605730275e-21 2.21191013505538360e-25 -2.71781736949779289e-24 -2.64458057362452200e-28
2450.0 2050.0 3.05524344557836628e-21 2.08523864526563303e-25 -2.56701460776829495e-24 -2.42637361800574437e-28
2450.0 2100.0 2.93043322181781159e-21 1.96888960848992002e-25 -2.42712211058650301e-24 -2.23117179315720948e-28
2450.0 2150.0 2.81236673878210691e-21 1.86178573090709844e-25 -2.29710361138864614e-24 -2.05612706358894435e-28
2450.0 2200.0 2.70057348945112046e-21 1.76298208565986574e-25 -2.17605098516399708e-24 -1.89878240853860937e-28
2450.0 2250.0 2.59462558884635077e-21 1.67164803654605654e-25 -2.06316450711689230e-24 -1.75701443537119115e-28
2450.0 2300.0 2.49413277158861945e-21 1.58705180532162735e-25 -1.95773667918901869e-24 -1.62898477298649004e-28
2450.0 2350.0 2.39873812427536923e-21 1.50854727890982168e-25 -1.85913890521848912e-24 -1.51309887243463898e-28
2450.0 2400.0 2.30811442488509983e-21 1.43556271591760829e-25 -1.76681045182421471e-24 -1.40797105715524789e-28
2450.0 2450.0 2.22196098642437677e-21 1.36759106506262799e-25 -1.68024925258855380e-24 -1.31239484737621941e-28
2450.0 2500.0 2.14000092172334311e-21 1.30418165293024654e-25 -1.59900420628289833e-24 -1.22531773707497176e-28
2500.0 300.0 4.77338316777247637e-20 2.64208967533777667e-24 -1.48458692704108539e-22 3.64372008086294406e-26
2500.0 350.0 4.07976459975684939e-20 3.81038866415023477e-24 -1.28155987191310472e-22 1.27246462810047953e-26
2500.0 400.0 3.49317803682586411e-20 4.10679995552583221e-24 -1.06757957660511396e-22 5.89497972416456051e-28
2500.0 450.0 3.00771319182240348e-20 3.97818905778409461e-24 -8.79543030985832844e-23 -4.94906377555713787e-27
2500.0 500.0 2.60830451827083583e-20 3.66854641959152240e-24 -7.23253557660836118e-23 -7.04226663443600296e-27
2500.0 550.0 2.27963531538724631e-20 3.30158326446009432e-24 -5.95869064628300778e-23 -7.45109391179175416e-27
2500.0 600.0 2.00837966697539869e-20 2.93588446283634324e-24 -4.92829697876918592e-23 -7.09835746732892864e-27
2500.0 650.0 1.78348255403584863e-20 2.59660892309592409e-24 -4.09749629246744823e-23 -6.44629979083649831e-27
2500.0 700.0 1.59593918457162106e-20 2.29248756068389327e-24 -3.42835710510636180e-23 -5.71641862165337817e-27
2500.0 750.0 1.43848392595019302e-20 2.02456859862143438e-24 -2.88918149542017712e-23 -5.00857084185461094e-27
2500.0 800.0 1.30529192805138252e-20 1.79057860980783981e-24 -2.45391530627624180e-23 -4.36295140584673573e-27
2500.0 850.0 1.19171557207788611e-20 1.58703107917767431e-24 -2.10139649635266419e-23 -3.79148000165680602e-27
2500.0 900.0 1.09405867184536900e-20 1.41020567803554497e-24 -1.81460877382538296e-23 -3.29334569019274342e-27
2500.0 950.0 1.00938685634954629e-20 1.25657368117678893e-24 -1.57998511835440345e-23 -2.86253276358582077e-27
2500.0 1000.0 9.35371089362667527e-21 1.12295841050372257e-24 -1.38678126677186731e-23 -2.49136025341505248e-27
2500.0 1050.0 8.70160522876801428e-21 1.00657325077665768e-24 -1.22653000678752874e-23 -2.17207306314056276e-27
2500.0 1100.0 8.12280538102183224e-21 9.05006344305656469e-25 -1.09257927738212776e-23 -1.89749895405172618e-27
2500.0 1150.0 7.60551848980377803e-21 8.16184748500747529e-25 -9.79710547440782823e-24 -1.66126916158280336e-27
2500.0 1200.0 7.14026837284102794e-21 7.38333124753416095e-25 -8.83829630736752894e-24 -1.45784341225234453e-27
2500.0 1250.0 6.71939741192124028e-21 6.69933521434861235e-25 -8.01720000021560521e-24 -1.28245375772381722e-27
2500.0 1300.0 6.33667832033138725e-21 6.09688811920846597e-25 -7.30848251504441415e-24 -1.13102027732680426e-27
2500.0 1350.0 5.98701218522720860e-21 5.56490521157045975e-25 -6.69212010128467455e-24 -1.00006230771033250e-27
2500.0 1400.0 5.66619375389853611e-21 5.09390980888122381e-25 -6.15221736363349532e-24 -8.86615023515175968e-28
2500.0 1450.0 5.37072886772479289e-21 4.67579442184801186e-25 -5.67609242745491155e-24 -7.88154837995295443e-28
2500.0 1500.0 5.09769221050718351e-21 4.30361680486925471e-25 -5.25357043683715354e-24 -7.02534282344277070e-28
2500.0 1550.0 4.84461617478616215e-21 3.97142628953683790e-25 -4.87643839452421571e-24 -6.27925861552599943e-28
2500.0 1600.0 4.60940374173588620e-21 3.67411613340289312e-25 -4.53802434966334497e-24 -5.62773971680585950e-28
2500.0 1650.0 4.39025990776471219e-21 3.40729810383896185e-25 -4.23287213508789929e-24 -5.05753876819097105e-28
2500.0 1700.0 4.18563746056476693e-21 3.16719600927862224e-25 -3.95648941443094488e-24 -4.55736790507073508e-28
2500.0 1750.0 3.99419388503800495e-21 2.95055534531493260e-25 -3.70515195863587168e-24 -4.11760199927245701e-28
2500.0 1800.0 3.81475692903953451e-21 2.75456662802127621e-25 -3.47575108059074281e-24 -3.73002675067073386e-28
2500.0 1850.0 3.64629693182200519e-21 2.57680034054414574e-25 -3.26567424507925972e-24 -3.38762504584460199e-28
2500.0 1900.0 3.48790445543748530e-21 2.41515172517297087e-25 -3.07271123611413252e-24 -3.08439590325376705e-28
2500.0 1950.0 3.33877209311925287e-21 2.26779391674035207e-25 -2.89498006722787871e-24 -2.81520112217149862e-28
2500.0 2000.0 3.19817958351253284e-21 2.13313813949931036e-25 -2.73086819235806380e-24 -2.57563545027861128e-28
2500.0 2050.0 3.06548155449273988e-21 2.00979988336067990e-25 -2.57898561751261215e-24 -2.36191669139665726e-28
2500.0 2100.0 2.94009736958800842e-21 1.89657014084288752e-25 -2.43812730545439735e-24 -2.17079270023520302e-28
2500.0 2150.0 2.82150266467773294e-21 1.79239092712364769e-25 -2.30724286773127423e-24 -1.99946266470476463e-28
2500.0 2200.0 2.70922225094169451e-21 1.69633442554230620e-25 -2.18541199668765905e-24 -1.84551046693978708e-28
2500.0 2250.0 2.60282412827656630e-21 1.60758520274883497e-25 -2.07182443957784954e-24 -1.70684824944245488e-28
2500.0 2300.0 2.50191440631193911e-21 1.52542502401207687e-25 -1.96576358403844480e-24 -1.58166859971339174e-28
2500.0 2350.0 2.40613297135367965e-21 1.44921987224808894e-25 -1.86659292890411386e-24 -1.46840401162527402e-28
2500.0 2400.0 2.31514976977587746e-21 1.37840883606214695e-25 -1.77374487173215765e-24 -1.36569249024552000e-28
2500.0 2450.0 2.22866160365058301e-21 1.31249458421749220e-25 -1.68671136577805688e-24 -1.27234834380344403e-28
2500.0 2500.0 2.14638935432010701e-21 1.25103518790752194e-25 -1.60503609309729196e-24 -1.18733735645483659e-28
