PROJECTED_HEUN_OWNER_ITERATION_TRACE_COUNT stage=R0 metal=4 fp64=4 qualification_staging=14
PROJECTED_HEUN_OWNER_ITERATION_FIELD stage=R0 iteration=0 field=projection_target units=s^-1 scope=every_value worst_index=0 max_residual=0 max_local_termwise_enclosure=0 worst_residual_over_local_bound=0 passed=1
PROJECTED_HEUN_OWNER_ITERATION_FIELD stage=R0 iteration=0 field=shared_alpha units=dimensionless scope=not_applicable passed=1
PROJECTED_HEUN_OWNER_ITERATION_FIELD stage=R0 iteration=0 field=transport_rhoZ units=kg_m^-3 scope=every_value worst_index=0 max_residual=0 max_local_termwise_enclosure=0 worst_residual_over_local_bound=0 passed=1
PROJECTED_HEUN_OWNER_ITERATION_FIELD stage=R0 iteration=0 field=transport_CH4 units=kg_m^-3 scope=every_value worst_index=0 max_residual=0 max_local_termwise_enclosure=0 worst_residual_over_local_bound=0 passed=1
PROJECTED_HEUN_OWNER_ITERATION_FIELD stage=R0 iteration=0 field=transport_O2 units=kg_m^-3 scope=every_value worst_index=0 max_residual=0 max_local_termwise_enclosure=0 worst_residual_over_local_bound=0 passed=1
PROJECTED_HEUN_OWNER_ITERATION_FIELD stage=R0 iteration=0 field=transport_CO2 units=kg_m^-3 scope=every_value worst_index=0 max_residual=0 max_local_termwise_enclosure=0 worst_residual_over_local_bound=0 passed=1
PROJECTED_HEUN_OWNER_ITERATION_FIELD stage=R0 iteration=0 field=transport_H2O units=kg_m^-3 scope=every_value worst_index=0 max_residual=0 max_local_termwise_enclosure=0 worst_residual_over_local_bound=0 passed=1
PROJECTED_HEUN_OWNER_ITERATION_FIELD stage=R0 iteration=0 field=transport_N2 units=kg_m^-3 scope=every_value worst_index=0 max_residual=0 max_local_termwise_enclosure=0 worst_residual_over_local_bound=0 passed=1
PROJECTED_HEUN_OWNER_ITERATION_FIELD stage=R0 iteration=0 field=transport_CO units=kg_m^-3 scope=every_value worst_index=0 max_residual=0 max_local_termwise_enclosure=0 worst_residual_over_local_bound=0 passed=1
PROJECTED_HEUN_OWNER_ITERATION_FIELD stage=R0 iteration=0 field=transport_carbon units=kg_m^-3 scope=every_value worst_index=0 max_residual=0 max_local_termwise_enclosure=0 worst_residual_over_local_bound=0 passed=1
PROJECTED_HEUN_OWNER_ITERATION_FIELD stage=R0 iteration=0 field=transport_sensible_energy units=J_m^-3 scope=every_value worst_index=0 max_residual=0 max_local_termwise_enclosure=0 worst_residual_over_local_bound=0 passed=1
PROJECTED_HEUN_OWNER_ITERATION_FIELD stage=R0 iteration=0 field=provisional_momentum units=kg_m^-2_s^-1 scope=every_value worst_index=0 max_residual=0 max_local_termwise_enclosure=4.9406564584124654e-324 worst_residual_over_local_bound=0 passed=1
PROJECTED_HEUN_OWNER_ITERATION_FIELD stage=R0 iteration=0 field=projected_velocity units=m_s^-1 scope=every_value worst_index=0 max_residual=0 max_local_termwise_enclosure=0 worst_residual_over_local_bound=0 passed=1
PROJECTED_HEUN_OWNER_ITERATION_FIELD stage=R0 iteration=0 field=transport_temperature units=K scope=every_value worst_index=0 max_residual=0 max_local_termwise_enclosure=8.9406972492156767e-05 worst_residual_over_local_bound=0 passed=1
PROJECTED_HEUN_OWNER_ITERATION_FIELD stage=R0 iteration=0 field=diffusivity units=m^2_s^-1 scope=every_value worst_index=5 max_residual=1.0167403122771437e-10 max_local_termwise_enclosure=1.0478795986869216e-07 worst_residual_over_local_bound=0.0022806770678088636 passed=1
PROJECTED_HEUN_OWNER_ITERATION_FIELD stage=R0 iteration=0 field=conductivity units=W_m^-1_K^-1 scope=every_value worst_index=5 max_residual=1.1307128608417649e-08 max_local_termwise_enclosure=2.4223968530394842e-06 worst_residual_over_local_bound=0.017286410599880616 passed=1
PROJECTED_HEUN_OWNER_ITERATION_FIELD stage=R0 iteration=0 field=molecular_kinematic_viscosity units=m^2_s^-1 scope=every_value worst_index=28 max_residual=2.7890175249584842e-11 max_local_termwise_enclosure=3.931465840310251e-09 worst_residual_over_local_bound=0.025227258135167512 passed=1
PROJECTED_HEUN_OWNER_ITERATION_FIELD stage=R0 iteration=0 field=gas_density units=kg_m^-3 scope=every_value worst_index=8 max_residual=1.1431984603404999e-07 max_local_termwise_enclosure=2.7051475689341017e-07 worst_residual_over_local_bound=0.42447024486042262 passed=1
PROJECTED_HEUN_OWNER_ITERATION_FIELD stage=R0 iteration=0 field=physical_rhoZ_flux units=kg_m^-2_s^-1 scope=every_value worst_index=11 max_residual=7.7941006770896985e-11 max_local_termwise_enclosure=7.6100741627478832e-08 worst_residual_over_local_bound=0.015422112637316425 passed=1
PROJECTED_HEUN_OWNER_ITERATION_FIELD stage=R0 iteration=0 field=physical_CH4_flux units=kg_m^-2_s^-1 scope=every_value worst_index=11 max_residual=5.9074708402232379e-11 max_local_termwise_enclosure=7.7771395477955101e-08 worst_residual_over_local_bound=0.01258690408866869 passed=1
PROJECTED_HEUN_OWNER_ITERATION_FIELD stage=R0 iteration=0 field=physical_O2_flux units=kg_m^-2_s^-1 scope=every_value worst_index=11 max_residual=6.1409224849439748e-11 max_local_termwise_enclosure=4.3929727718940687e-08 worst_residual_over_local_bound=0.017200104431411241 passed=1
PROJECTED_HEUN_OWNER_ITERATION_FIELD stage=R0 iteration=0 field=physical_CO2_flux units=kg_m^-2_s^-1 scope=every_value worst_index=11 max_residual=6.0647138217439708e-11 max_local_termwise_enclosure=5.8374498378342304e-08 worst_residual_over_local_bound=0.015623979051098543 passed=1
PROJECTED_HEUN_OWNER_ITERATION_FIELD stage=R0 iteration=0 field=physical_H2O_flux units=kg_m^-2_s^-1 scope=every_value worst_index=21 max_residual=1.2204793628167667e-11 max_local_termwise_enclosure=2.8883446706784522e-08 worst_residual_over_local_bound=0.0045550721312155101 passed=1
PROJECTED_HEUN_OWNER_ITERATION_FIELD stage=R0 iteration=0 field=physical_N2_flux units=kg_m^-2_s^-1 scope=every_value worst_index=11 max_residual=3.7730699187015718e-11 max_local_termwise_enclosure=3.9682103212181906e-08 worst_residual_over_local_bound=0.011886269338613191 passed=1
PROJECTED_HEUN_OWNER_ITERATION_FIELD stage=R0 iteration=0 field=physical_CO_flux units=kg_m^-2_s^-1 scope=every_value worst_index=21 max_residual=1.0270281073738729e-11 max_local_termwise_enclosure=1.4717372509971634e-08 worst_residual_over_local_bound=0.0078178699324663956 passed=1
PROJECTED_HEUN_OWNER_ITERATION_FIELD stage=R0 iteration=0 field=physical_carbon_flux units=kg_m^-2_s^-1 scope=every_value worst_index=11 max_residual=6.9092020673685933e-12 max_local_termwise_enclosure=1.7028005268671251e-08 worst_residual_over_local_bound=0.0064894930778718538 passed=1
PROJECTED_HEUN_OWNER_ITERATION_FIELD stage=R3 iteration=0 field=quiet_physical_flux_local_mutant units=kg_m^-2_s^-1 scope=every_value worst_index=1698 max_residual=3.8935244361937293e-08 max_local_termwise_enclosure=7.7771395477955101e-08 worst_residual_over_local_bound=392.9120799154972 passed=0
PROJECTED_HEUN_OWNER_ITERATION_FIELD stage=R3 iteration=0 field=quiet_physical_flux_pooled_mutant units=kg_m^-2_s^-1 scope=every_value worst_index=1698 max_residual=3.8935244361937293e-08 max_local_termwise_enclosure=7.7771395477955101e-08 worst_residual_over_local_bound=0.50063708028710618 passed=1
PROJECTED_HEUN_OWNER_ITERATION_FIELD stage=R0 iteration=0 field=physical_energy_flux units=W_m^-2 scope=every_value worst_index=11 max_residual=0.00037174834363185028 max_local_termwise_enclosure=0.37064355488393691 worst_residual_over_local_bound=0.0034492827903302059 passed=1
PROJECTED_HEUN_OWNER_ITERATION_FIELD stage=R3 iteration=0 field=recorded_r201_physical_energy_defect units=W_m^-2 scope=every_value worst_index=16 max_residual=10714.999585621501 max_local_termwise_enclosure=0.37064355488393691 worst_residual_over_local_bound=28909.175525733313 passed=0
PROJECTED_HEUN_OWNER_ITERATION_FIELD stage=R0 iteration=0 field=represented_pressure_ratio units=dimensionless scope=not_applicable passed=1
PROJECTED_HEUN_OWNER_ITERATION_FIELD stage=R0 iteration=0 field=face_density units=kg_m^-3 scope=every_value worst_index=35 max_residual=8.8242813944816589e-08 max_local_termwise_enclosure=3.959283084933505e-07 worst_residual_over_local_bound=0.33998492556261617 passed=1
PROJECTED_HEUN_OWNER_ITERATION_FIELD stage=R0 iteration=0 field=projected_momentum units=kg_m^-2_s^-1 scope=every_value worst_index=0 max_residual=0 max_local_termwise_enclosure=1.4012984643248171e-45 worst_residual_over_local_bound=0 passed=1
PROJECTED_HEUN_OWNER_ITERATION_FIELD stage=R0 iteration=0 field=stress_input units=kg_m^-2_s^-2 scope=every_value worst_index=0 max_residual=0 max_local_termwise_enclosure=5.7159931605835142e-43 worst_residual_over_local_bound=0 passed=1
PROJECTED_HEUN_OWNER_TARGET_ENCLOSURE stage=R0 iteration=0 units=s^-1 scope=every_cell worst_cell=61 max_residual=1.1689371515188896e-07 max_local_termwise_enclosure=0.00019033869306470642 worst_residual_over_local_bound=0.0010020720945898278 passed=1
PROJECTED_HEUN_OWNER_ITERATION_TRACE stage=R0 iteration=0 active_equal=1 next_active_equal=1 input_target_residual=0 input_target_bit_mismatches=0 output_target_residual=1.1689371515188896e-07 output_target_bit_mismatches=34 alpha_residual=0 alpha_bit_mismatches=0 velocity_residual=0 velocity_bit_mismatches=0 transport_state_residual=0 transport_temperature_residual=0 diffusivity_residual=1.0167403122771437e-10 conductivity_residual=1.1307128608417649e-08 molecular_nu_residual=2.7890175249584842e-11 gas_density_residual=1.1431984603404999e-07 molecular_nu_worst=28 molecular_nu_metal=0.00012265818077139556 molecular_nu_fp64=0.00012265815288122031 face_density_residual=8.8242813944816589e-08 momentum_residual=0 stress_residual=0
PROJECTED_HEUN_OWNER_ITERATION_TRACE_FP32 stage=R0 iteration=0 active_equal=1 next_active_equal=1 input_target_residual=0 input_target_mismatches=0 output_target_residual=2.384185791015625e-07 output_target_mismatches=26 alpha_residual=0 alpha_mismatches=0 velocity_residual=0 velocity_mismatches=0 transport_state_residual=0 transport_temperature_residual=0 diffusivity_residual=8.7311491370201111e-11 conductivity_residual=1.4901161193847656e-08 molecular_nu_residual=2.9103830456733704e-11 gas_density_residual=0 face_density_residual=0 momentum_residual=0 stress_residual=0
PROJECTED_HEUN_OWNER_ITERATION_FIELD stage=R0 iteration=1 field=projection_target units=s^-1 scope=every_value worst_index=61 max_residual=1.1689371515188896e-07 max_local_termwise_enclosure=0.00019033869306470642 worst_residual_over_local_bound=0.0010020720945898278 passed=1
PROJECTED_HEUN_OWNER_ITERATION_FIELD stage=R0 iteration=1 field=shared_alpha units=dimensionless scope=every_value worst_index=0 max_residual=0 max_local_termwise_enclosure=0.00048851978505129456 worst_residual_over_local_bound=0 passed=1
PROJECTED_HEUN_OWNER_ITERATION_FIELD stage=R0 iteration=1 field=transport_rhoZ units=kg_m^-3 scope=every_value worst_index=0 max_residual=0 max_local_termwise_enclosure=0 worst_residual_over_local_bound=0 passed=1
PROJECTED_HEUN_OWNER_ITERATION_FIELD stage=R0 iteration=1 field=transport_CH4 units=kg_m^-3 scope=every_value worst_index=0 max_residual=0 max_local_termwise_enclosure=0 worst_residual_over_local_bound=0 passed=1
PROJECTED_HEUN_OWNER_ITERATION_FIELD stage=R0 iteration=1 field=transport_O2 units=kg_m^-3 scope=every_value worst_index=0 max_residual=0 max_local_termwise_enclosure=0 worst_residual_over_local_bound=0 passed=1
PROJECTED_HEUN_OWNER_ITERATION_FIELD stage=R0 iteration=1 field=transport_CO2 units=kg_m^-3 scope=every_value worst_index=0 max_residual=0 max_local_termwise_enclosure=0 worst_residual_over_local_bound=0 passed=1
PROJECTED_HEUN_OWNER_ITERATION_FIELD stage=R0 iteration=1 field=transport_H2O units=kg_m^-3 scope=every_value worst_index=0 max_residual=0 max_local_termwise_enclosure=0 worst_residual_over_local_bound=0 passed=1
PROJECTED_HEUN_OWNER_ITERATION_FIELD stage=R0 iteration=1 field=transport_N2 units=kg_m^-3 scope=every_value worst_index=0 max_residual=0 max_local_termwise_enclosure=0 worst_residual_over_local_bound=0 passed=1
PROJECTED_HEUN_OWNER_ITERATION_FIELD stage=R0 iteration=1 field=transport_CO units=kg_m^-3 scope=every_value worst_index=0 max_residual=0 max_local_termwise_enclosure=0 worst_residual_over_local_bound=0 passed=1
PROJECTED_HEUN_OWNER_ITERATION_FIELD stage=R0 iteration=1 field=transport_carbon units=kg_m^-3 scope=every_value worst_index=0 max_residual=0 max_local_termwise_enclosure=0 worst_residual_over_local_bound=0 passed=1
PROJECTED_HEUN_OWNER_ITERATION_FIELD stage=R0 iteration=1 field=transport_sensible_energy units=J_m^-3 scope=every_value worst_index=0 max_residual=0 max_local_termwise_enclosure=0 worst_residual_over_local_bound=0 passed=1
PROJECTED_HEUN_OWNER_ITERATION_FIELD stage=R0 iteration=1 field=provisional_momentum units=kg_m^-2_s^-1 scope=every_value worst_index=0 max_residual=0 max_local_termwise_enclosure=4.9406564584124654e-324 worst_residual_over_local_bound=0 passed=1
PROJECTED_HEUN_OWNER_ITERATION_FIELD stage=R0 iteration=1 field=projected_velocity units=m_s^-1 scope=every_value worst_index=45 max_residual=2.7220568230013065e-09 max_local_termwise_enclosure=0.00081498517020506798 worst_residual_over_local_bound=3.3400077970944891e-06 passed=1
PROJECTED_HEUN_OWNER_ITERATION_FIELD stage=R0 iteration=1 field=transport_temperature units=K scope=every_value worst_index=0 max_residual=0 max_local_termwise_enclosure=8.9406972492156767e-05 worst_residual_over_local_bound=0 passed=1
PROJECTED_HEUN_OWNER_ITERATION_FIELD stage=R0 iteration=1 field=diffusivity units=m^2_s^-1 scope=every_value worst_index=31 max_residual=1.1382566482247281e-10 max_local_termwise_enclosure=0.00025807872285781599 worst_residual_over_local_bound=6.1376518088349858e-06 passed=1
PROJECTED_HEUN_OWNER_ITERATION_FIELD stage=R0 iteration=1 field=conductivity units=W_m^-1_K^-1 scope=every_value worst_index=12 max_residual=1.1955709089406241e-08 max_local_termwise_enclosure=0.28820765847518565 worst_residual_over_local_bound=2.1138947648862085e-06 passed=1
PROJECTED_HEUN_OWNER_ITERATION_FIELD stage=R0 iteration=1 field=molecular_kinematic_viscosity units=m^2_s^-1 scope=every_value worst_index=28 max_residual=2.7890175249584842e-11 max_local_termwise_enclosure=3.931465840310251e-09 worst_residual_over_local_bound=0.025227258135167512 passed=1
PROJECTED_HEUN_OWNER_ITERATION_FIELD stage=R0 iteration=1 field=gas_density units=kg_m^-3 scope=every_value worst_index=8 max_residual=1.1431984603404999e-07 max_local_termwise_enclosure=2.7051475689341017e-07 worst_residual_over_local_bound=0.42447024486042262 passed=1
PROJECTED_HEUN_OWNER_ITERATION_FIELD stage=R0 iteration=1 field=physical_rhoZ_flux units=kg_m^-2_s^-1 scope=every_value worst_index=27 max_residual=8.6456700556603126e-11 max_local_termwise_enclosure=0.0046640949564545472 worst_residual_over_local_bound=6.1175619302335467e-06 passed=1
PROJECTED_HEUN_OWNER_ITERATION_FIELD stage=R0 iteration=1 field=physical_CH4_flux units=kg_m^-2_s^-1 scope=every_value worst_index=27 max_residual=7.0479905941935213e-11 max_local_termwise_enclosure=0.0047694773936173673 worst_residual_over_local_bound=5.4914941416655219e-06 passed=1
PROJECTED_HEUN_OWNER_ITERATION_FIELD stage=R0 iteration=1 field=physical_O2_flux units=kg_m^-2_s^-1 scope=every_value worst_index=47 max_residual=6.7874656585573557e-11 max_local_termwise_enclosure=0.0026877517851330254 worst_residual_over_local_bound=9.7291685393297341e-06 passed=1
PROJECTED_HEUN_OWNER_ITERATION_FIELD stage=R0 iteration=1 field=physical_CO2_flux units=kg_m^-2_s^-1 scope=every_value worst_index=27 max_residual=6.7959599441545261e-11 max_local_termwise_enclosure=0.0035777455656903355 worst_residual_over_local_bound=6.3121996581978022e-06 passed=1
PROJECTED_HEUN_OWNER_ITERATION_FIELD stage=R0 iteration=1 field=physical_H2O_flux units=kg_m^-2_s^-1 scope=every_value worst_index=46 max_residual=1.1995065412538338e-11 max_local_termwise_enclosure=0.0017708381862072298 worst_residual_over_local_bound=3.4229479266177274e-06 passed=1
PROJECTED_HEUN_OWNER_ITERATION_FIELD stage=R0 iteration=1 field=physical_N2_flux units=kg_m^-2_s^-1 scope=every_value worst_index=47 max_residual=4.0602989560328199e-11 max_local_termwise_enclosure=0.0024342249055538472 worst_residual_over_local_bound=6.5093541598800631e-06 passed=1
PROJECTED_HEUN_OWNER_ITERATION_FIELD stage=R0 iteration=1 field=physical_CO_flux units=kg_m^-2_s^-1 scope=every_value worst_index=46 max_residual=1.1213722337521624e-11 max_local_termwise_enclosure=0.00090063412453107923 worst_residual_over_local_bound=5.1979773751360799e-06 passed=1
PROJECTED_HEUN_OWNER_ITERATION_FIELD stage=R0 iteration=1 field=physical_carbon_flux units=kg_m^-2_s^-1 scope=every_value worst_index=27 max_residual=7.2408670826750247e-12 max_local_termwise_enclosure=0.0010453484324634034 worst_residual_over_local_bound=3.486021470409094e-06 passed=1
PROJECTED_HEUN_OWNER_ITERATION_FIELD stage=R0 iteration=1 field=physical_energy_flux units=W_m^-2 scope=every_value worst_index=188 max_residual=0.00042298739344914793 max_local_termwise_enclosure=441522.12069692061 worst_residual_over_local_bound=2.9354248153614042e-06 passed=1
PROJECTED_HEUN_OWNER_ITERATION_FIELD stage=R0 iteration=1 field=represented_pressure_ratio units=dimensionless scope=every_value worst_index=44 max_residual=1.416326514958044e-07 max_local_termwise_enclosure=0.00048857985357164289 worst_residual_over_local_bound=0.00028988672666233983 passed=1
PROJECTED_HEUN_OWNER_ITERATION_FIELD stage=R0 iteration=1 field=face_density units=kg_m^-3 scope=every_value worst_index=35 max_residual=8.8242813944816589e-08 max_local_termwise_enclosure=3.959283084933505e-07 worst_residual_over_local_bound=0.33998492556261617 passed=1
PROJECTED_HEUN_OWNER_ITERATION_FIELD stage=R0 iteration=1 field=projected_momentum units=kg_m^-2_s^-1 scope=every_value worst_index=142 max_residual=1.8072519140932553e-09 max_local_termwise_enclosure=0.00086549568032663409 worst_residual_over_local_bound=2.9823783683217394e-06 passed=1
PROJECTED_HEUN_OWNER_ITERATION_FIELD stage=R0 iteration=1 field=stress_input units=kg_m^-2_s^-2 scope=every_value worst_index=181 max_residual=1.88975752743719e-10 max_local_termwise_enclosure=0.0019054607875884468 worst_residual_over_local_bound=1.8367619830229871e-07 passed=1
PROJECTED_HEUN_OWNER_TARGET_ENCLOSURE stage=R0 iteration=1 units=s^-1 scope=every_cell worst_cell=60 max_residual=1.1689371515188896e-07 max_local_termwise_enclosure=55.105136344712832 worst_residual_over_local_bound=3.507440035341009e-07 passed=1
PROJECTED_HEUN_OWNER_ITERATION_TRACE stage=R0 iteration=1 active_equal=1 next_active_equal=1 input_target_residual=1.1689371515188896e-07 input_target_bit_mismatches=34 output_target_residual=1.1689371515188896e-07 output_target_bit_mismatches=34 alpha_residual=0 alpha_bit_mismatches=0 velocity_residual=2.7220568230013065e-09 velocity_bit_mismatches=194 transport_state_residual=0 transport_temperature_residual=0 diffusivity_residual=1.1382566482247281e-10 conductivity_residual=1.1955709089406241e-08 molecular_nu_residual=2.7890175249584842e-11 gas_density_residual=1.1431984603404999e-07 molecular_nu_worst=28 molecular_nu_metal=0.00012265818077139556 molecular_nu_fp64=0.00012265815288122031 face_density_residual=8.8242813944816589e-08 momentum_residual=1.8072519140932553e-09 stress_residual=1.88975752743719e-10
PROJECTED_HEUN_OWNER_ITERATION_TRACE_FP32 stage=R0 iteration=1 active_equal=1 next_active_equal=1 input_target_residual=2.384185791015625e-07 input_target_mismatches=26 output_target_residual=2.384185791015625e-07 output_target_mismatches=26 alpha_residual=0 alpha_mismatches=0 velocity_residual=1.862645149230957e-09 velocity_mismatches=77 transport_state_residual=0 transport_temperature_residual=0 diffusivity_residual=1.1641532182693481e-10 conductivity_residual=1.4901161193847656e-08 molecular_nu_residual=2.9103830456733704e-11 gas_density_residual=0 face_density_residual=0 momentum_residual=9.3132257461547852e-10 stress_residual=2.3283064365386963e-10
PROJECTED_HEUN_OWNER_ITERATION_FIELD stage=R0 iteration=2 field=projection_target units=s^-1 scope=every_value worst_index=60 max_residual=1.1689371515188896e-07 max_local_termwise_enclosure=55.105136344712832 worst_residual_over_local_bound=3.507440035341009e-07 passed=1
PROJECTED_HEUN_OWNER_ITERATION_FIELD stage=R0 iteration=2 field=shared_alpha units=dimensionless scope=every_value worst_index=0 max_residual=0 max_local_termwise_enclosure=0.00048851978505129456 worst_residual_over_local_bound=0 passed=1
PROJECTED_HEUN_OWNER_ITERATION_FIELD stage=R0 iteration=2 field=transport_rhoZ units=kg_m^-3 scope=every_value worst_index=0 max_residual=0 max_local_termwise_enclosure=0 worst_residual_over_local_bound=0 passed=1
PROJECTED_HEUN_OWNER_ITERATION_FIELD stage=R0 iteration=2 field=transport_CH4 units=kg_m^-3 scope=every_value worst_index=0 max_residual=0 max_local_termwise_enclosure=0 worst_residual_over_local_bound=0 passed=1
PROJECTED_HEUN_OWNER_ITERATION_FIELD stage=R0 iteration=2 field=transport_O2 units=kg_m^-3 scope=every_value worst_index=0 max_residual=0 max_local_termwise_enclosure=0 worst_residual_over_local_bound=0 passed=1
PROJECTED_HEUN_OWNER_ITERATION_FIELD stage=R0 iteration=2 field=transport_CO2 units=kg_m^-3 scope=every_value worst_index=0 max_residual=0 max_local_termwise_enclosure=0 worst_residual_over_local_bound=0 passed=1
PROJECTED_HEUN_OWNER_ITERATION_FIELD stage=R0 iteration=2 field=transport_H2O units=kg_m^-3 scope=every_value worst_index=0 max_residual=0 max_local_termwise_enclosure=0 worst_residual_over_local_bound=0 passed=1
PROJECTED_HEUN_OWNER_ITERATION_FIELD stage=R0 iteration=2 field=transport_N2 units=kg_m^-3 scope=every_value worst_index=0 max_residual=0 max_local_termwise_enclosure=0 worst_residual_over_local_bound=0 passed=1
PROJECTED_HEUN_OWNER_ITERATION_FIELD stage=R0 iteration=2 field=transport_CO units=kg_m^-3 scope=every_value worst_index=0 max_residual=0 max_local_termwise_enclosure=0 worst_residual_over_local_bound=0 passed=1
PROJECTED_HEUN_OWNER_ITERATION_FIELD stage=R0 iteration=2 field=transport_carbon units=kg_m^-3 scope=every_value worst_index=0 max_residual=0 max_local_termwise_enclosure=0 worst_residual_over_local_bound=0 passed=1
PROJECTED_HEUN_OWNER_ITERATION_FIELD stage=R0 iteration=2 field=transport_sensible_energy units=J_m^-3 scope=every_value worst_index=0 max_residual=0 max_local_termwise_enclosure=0 worst_residual_over_local_bound=0 passed=1
PROJECTED_HEUN_OWNER_ITERATION_FIELD stage=R0 iteration=2 field=provisional_momentum units=kg_m^-2_s^-1 scope=every_value worst_index=0 max_residual=0 max_local_termwise_enclosure=4.9406564584124654e-324 worst_residual_over_local_bound=0 passed=1
PROJECTED_HEUN_OWNER_ITERATION_FIELD stage=R0 iteration=2 field=projected_velocity units=m_s^-1 scope=every_value worst_index=45 max_residual=2.7220568230013065e-09 max_local_termwise_enclosure=0.00081498517020506798 worst_residual_over_local_bound=3.3400077970944891e-06 passed=1
PROJECTED_HEUN_OWNER_ITERATION_FIELD stage=R0 iteration=2 field=transport_temperature units=K scope=every_value worst_index=0 max_residual=0 max_local_termwise_enclosure=8.9406972492156767e-05 worst_residual_over_local_bound=0 passed=1
PROJECTED_HEUN_OWNER_ITERATION_FIELD stage=R0 iteration=2 field=diffusivity units=m^2_s^-1 scope=every_value worst_index=31 max_residual=1.1382566482247281e-10 max_local_termwise_enclosure=0.00025807872285781599 worst_residual_over_local_bound=6.1376518088349858e-06 passed=1
PROJECTED_HEUN_OWNER_ITERATION_FIELD stage=R0 iteration=2 field=conductivity units=W_m^-1_K^-1 scope=every_value worst_index=12 max_residual=1.1955709089406241e-08 max_local_termwise_enclosure=0.28820765847518565 worst_residual_over_local_bound=2.1138947648862085e-06 passed=1
PROJECTED_HEUN_OWNER_ITERATION_FIELD stage=R0 iteration=2 field=molecular_kinematic_viscosity units=m^2_s^-1 scope=every_value worst_index=28 max_residual=2.7890175249584842e-11 max_local_termwise_enclosure=3.931465840310251e-09 worst_residual_over_local_bound=0.025227258135167512 passed=1
PROJECTED_HEUN_OWNER_ITERATION_FIELD stage=R0 iteration=2 field=gas_density units=kg_m^-3 scope=every_value worst_index=8 max_residual=1.1431984603404999e-07 max_local_termwise_enclosure=2.7051475689341017e-07 worst_residual_over_local_bound=0.42447024486042262 passed=1
PROJECTED_HEUN_OWNER_ITERATION_FIELD stage=R0 iteration=2 field=physical_rhoZ_flux units=kg_m^-2_s^-1 scope=every_value worst_index=27 max_residual=8.6456700556603126e-11 max_local_termwise_enclosure=0.0046640949564545472 worst_residual_over_local_bound=6.1175619302335467e-06 passed=1
PROJECTED_HEUN_OWNER_ITERATION_FIELD stage=R0 iteration=2 field=physical_CH4_flux units=kg_m^-2_s^-1 scope=every_value worst_index=27 max_residual=7.0479905941935213e-11 max_local_termwise_enclosure=0.0047694773936173673 worst_residual_over_local_bound=5.4914941416655219e-06 passed=1
PROJECTED_HEUN_OWNER_ITERATION_FIELD stage=R0 iteration=2 field=physical_O2_flux units=kg_m^-2_s^-1 scope=every_value worst_index=47 max_residual=6.7874656585573557e-11 max_local_termwise_enclosure=0.0026877517851330254 worst_residual_over_local_bound=9.7291685393297341e-06 passed=1
PROJECTED_HEUN_OWNER_ITERATION_FIELD stage=R0 iteration=2 field=physical_CO2_flux units=kg_m^-2_s^-1 scope=every_value worst_index=27 max_residual=6.7959599441545261e-11 max_local_termwise_enclosure=0.0035777455656903355 worst_residual_over_local_bound=6.3121996581978022e-06 passed=1
PROJECTED_HEUN_OWNER_ITERATION_FIELD stage=R0 iteration=2 field=physical_H2O_flux units=kg_m^-2_s^-1 scope=every_value worst_index=46 max_residual=1.1995065412538338e-11 max_local_termwise_enclosure=0.0017708381862072298 worst_residual_over_local_bound=3.4229479266177274e-06 passed=1
PROJECTED_HEUN_OWNER_ITERATION_FIELD stage=R0 iteration=2 field=physical_N2_flux units=kg_m^-2_s^-1 scope=every_value worst_index=47 max_residual=4.0602989560328199e-11 max_local_termwise_enclosure=0.0024342249055538472 worst_residual_over_local_bound=6.5093541598800631e-06 passed=1
PROJECTED_HEUN_OWNER_ITERATION_FIELD stage=R0 iteration=2 field=physical_CO_flux units=kg_m^-2_s^-1 scope=every_value worst_index=46 max_residual=1.1213722337521624e-11 max_local_termwise_enclosure=0.00090063412453107923 worst_residual_over_local_bound=5.1979773751360799e-06 passed=1
PROJECTED_HEUN_OWNER_ITERATION_FIELD stage=R0 iteration=2 field=physical_carbon_flux units=kg_m^-2_s^-1 scope=every_value worst_index=27 max_residual=7.2408670826750247e-12 max_local_termwise_enclosure=0.0010453484324634034 worst_residual_over_local_bound=3.486021470409094e-06 passed=1
PROJECTED_HEUN_OWNER_ITERATION_FIELD stage=R0 iteration=2 field=physical_energy_flux units=W_m^-2 scope=every_value worst_index=188 max_residual=0.00042298739344914793 max_local_termwise_enclosure=441522.12069692061 worst_residual_over_local_bound=2.9354248153614042e-06 passed=1
PROJECTED_HEUN_OWNER_ITERATION_FIELD stage=R0 iteration=2 field=represented_pressure_ratio units=dimensionless scope=every_value worst_index=44 max_residual=1.416326514958044e-07 max_local_termwise_enclosure=0.00048857985357164289 worst_residual_over_local_bound=0.00028988672666233983 passed=1
PROJECTED_HEUN_OWNER_ITERATION_FIELD stage=R0 iteration=2 field=face_density units=kg_m^-3 scope=every_value worst_index=35 max_residual=8.8242813944816589e-08 max_local_termwise_enclosure=3.959283084933505e-07 worst_residual_over_local_bound=0.33998492556261617 passed=1
PROJECTED_HEUN_OWNER_ITERATION_FIELD stage=R0 iteration=2 field=projected_momentum units=kg_m^-2_s^-1 scope=every_value worst_index=142 max_residual=1.8072519140932553e-09 max_local_termwise_enclosure=0.00086549568032663409 worst_residual_over_local_bound=2.9823783683217394e-06 passed=1
PROJECTED_HEUN_OWNER_ITERATION_FIELD stage=R0 iteration=2 field=stress_input units=kg_m^-2_s^-2 scope=every_value worst_index=181 max_residual=1.88975752743719e-10 max_local_termwise_enclosure=0.0019054607875884468 worst_residual_over_local_bound=1.8367619830229871e-07 passed=1
PROJECTED_HEUN_OWNER_TARGET_ENCLOSURE stage=R0 iteration=2 units=s^-1 scope=every_cell worst_cell=60 max_residual=1.1689371515188896e-07 max_local_termwise_enclosure=110.21021000691491 worst_residual_over_local_bound=1.754351881486983e-07 passed=1
PROJECTED_HEUN_OWNER_ITERATION_TRACE stage=R0 iteration=2 active_equal=1 next_active_equal=1 input_target_residual=1.1689371515188896e-07 input_target_bit_mismatches=34 output_target_residual=1.1689371515188896e-07 output_target_bit_mismatches=34 alpha_residual=0 alpha_bit_mismatches=0 velocity_residual=2.7220568230013065e-09 velocity_bit_mismatches=194 transport_state_residual=0 transport_temperature_residual=0 diffusivity_residual=1.1382566482247281e-10 conductivity_residual=1.1955709089406241e-08 molecular_nu_residual=2.7890175249584842e-11 gas_density_residual=1.1431984603404999e-07 molecular_nu_worst=28 molecular_nu_metal=0.00012265818077139556 molecular_nu_fp64=0.00012265815288122031 face_density_residual=8.8242813944816589e-08 momentum_residual=1.8072519140932553e-09 stress_residual=1.88975752743719e-10
PROJECTED_HEUN_OWNER_ITERATION_TRACE_FP32 stage=R0 iteration=2 active_equal=1 next_active_equal=1 input_target_residual=2.384185791015625e-07 input_target_mismatches=26 output_target_residual=2.384185791015625e-07 output_target_mismatches=26 alpha_residual=0 alpha_mismatches=0 velocity_residual=1.862645149230957e-09 velocity_mismatches=77 transport_state_residual=0 transport_temperature_residual=0 diffusivity_residual=1.1641532182693481e-10 conductivity_residual=1.4901161193847656e-08 molecular_nu_residual=2.9103830456733704e-11 gas_density_residual=0 face_density_residual=0 momentum_residual=9.3132257461547852e-10 stress_residual=2.3283064365386963e-10
PROJECTED_HEUN_OWNER_ITERATION_FIELD stage=R0 iteration=3 field=projection_target units=s^-1 scope=every_value worst_index=60 max_residual=1.1689371515188896e-07 max_local_termwise_enclosure=110.21021000691491 worst_residual_over_local_bound=1.754351881486983e-07 passed=1
PROJECTED_HEUN_OWNER_ITERATION_FIELD stage=R0 iteration=3 field=shared_alpha units=dimensionless scope=every_value worst_index=0 max_residual=0 max_local_termwise_enclosure=0.00048851978505129456 worst_residual_over_local_bound=0 passed=1
PROJECTED_HEUN_OWNER_ITERATION_FIELD stage=R0 iteration=3 field=transport_rhoZ units=kg_m^-3 scope=every_value worst_index=0 max_residual=0 max_local_termwise_enclosure=0 worst_residual_over_local_bound=0 passed=1
PROJECTED_HEUN_OWNER_ITERATION_FIELD stage=R0 iteration=3 field=transport_CH4 units=kg_m^-3 scope=every_value worst_index=0 max_residual=0 max_local_termwise_enclosure=0 worst_residual_over_local_bound=0 passed=1
PROJECTED_HEUN_OWNER_ITERATION_FIELD stage=R0 iteration=3 field=transport_O2 units=kg_m^-3 scope=every_value worst_index=0 max_residual=0 max_local_termwise_enclosure=0 worst_residual_over_local_bound=0 passed=1
PROJECTED_HEUN_OWNER_ITERATION_FIELD stage=R0 iteration=3 field=transport_CO2 units=kg_m^-3 scope=every_value worst_index=0 max_residual=0 max_local_termwise_enclosure=0 worst_residual_over_local_bound=0 passed=1
PROJECTED_HEUN_OWNER_ITERATION_FIELD stage=R0 iteration=3 field=transport_H2O units=kg_m^-3 scope=every_value worst_index=0 max_residual=0 max_local_termwise_enclosure=0 worst_residual_over_local_bound=0 passed=1
PROJECTED_HEUN_OWNER_ITERATION_FIELD stage=R0 iteration=3 field=transport_N2 units=kg_m^-3 scope=every_value worst_index=0 max_residual=0 max_local_termwise_enclosure=0 worst_residual_over_local_bound=0 passed=1
PROJECTED_HEUN_OWNER_ITERATION_FIELD stage=R0 iteration=3 field=transport_CO units=kg_m^-3 scope=every_value worst_index=0 max_residual=0 max_local_termwise_enclosure=0 worst_residual_over_local_bound=0 passed=1
PROJECTED_HEUN_OWNER_ITERATION_FIELD stage=R0 iteration=3 field=transport_carbon units=kg_m^-3 scope=every_value worst_index=0 max_residual=0 max_local_termwise_enclosure=0 worst_residual_over_local_bound=0 passed=1
PROJECTED_HEUN_OWNER_ITERATION_FIELD stage=R0 iteration=3 field=transport_sensible_energy units=J_m^-3 scope=every_value worst_index=0 max_residual=0 max_local_termwise_enclosure=0 worst_residual_over_local_bound=0 passed=1
PROJECTED_HEUN_OWNER_ITERATION_FIELD stage=R0 iteration=3 field=provisional_momentum units=kg_m^-2_s^-1 scope=every_value worst_index=0 max_residual=0 max_local_termwise_enclosure=4.9406564584124654e-324 worst_residual_over_local_bound=0 passed=1
PROJECTED_HEUN_OWNER_ITERATION_FIELD stage=R0 iteration=3 field=projected_velocity units=m_s^-1 scope=every_value worst_index=45 max_residual=2.7220568230013065e-09 max_local_termwise_enclosure=0.00081498517020506798 worst_residual_over_local_bound=3.3400077970944891e-06 passed=1
PROJECTED_HEUN_OWNER_ITERATION_FIELD stage=R0 iteration=3 field=transport_temperature units=K scope=every_value worst_index=0 max_residual=0 max_local_termwise_enclosure=8.9406972492156767e-05 worst_residual_over_local_bound=0 passed=1
PROJECTED_HEUN_OWNER_ITERATION_FIELD stage=R0 iteration=3 field=diffusivity units=m^2_s^-1 scope=every_value worst_index=31 max_residual=1.1382566482247281e-10 max_local_termwise_enclosure=0.00025807872285781599 worst_residual_over_local_bound=6.1376518088349858e-06 passed=1
PROJECTED_HEUN_OWNER_ITERATION_FIELD stage=R0 iteration=3 field=conductivity units=W_m^-1_K^-1 scope=every_value worst_index=12 max_residual=1.1955709089406241e-08 max_local_termwise_enclosure=0.28820765847518565 worst_residual_over_local_bound=2.1138947648862085e-06 passed=1
PROJECTED_HEUN_OWNER_ITERATION_FIELD stage=R0 iteration=3 field=molecular_kinematic_viscosity units=m^2_s^-1 scope=every_value worst_index=28 max_residual=2.7890175249584842e-11 max_local_termwise_enclosure=3.931465840310251e-09 worst_residual_over_local_bound=0.025227258135167512 passed=1
PROJECTED_HEUN_OWNER_ITERATION_FIELD stage=R0 iteration=3 field=gas_density units=kg_m^-3 scope=every_value worst_index=8 max_residual=1.1431984603404999e-07 max_local_termwise_enclosure=2.7051475689341017e-07 worst_residual_over_local_bound=0.42447024486042262 passed=1
PROJECTED_HEUN_OWNER_ITERATION_FIELD stage=R0 iteration=3 field=physical_rhoZ_flux units=kg_m^-2_s^-1 scope=every_value worst_index=27 max_residual=8.6456700556603126e-11 max_local_termwise_enclosure=0.0046640949564545472 worst_residual_over_local_bound=6.1175619302335467e-06 passed=1
PROJECTED_HEUN_OWNER_ITERATION_FIELD stage=R0 iteration=3 field=physical_CH4_flux units=kg_m^-2_s^-1 scope=every_value worst_index=27 max_residual=7.0479905941935213e-11 max_local_termwise_enclosure=0.0047694773936173673 worst_residual_over_local_bound=5.4914941416655219e-06 passed=1
PROJECTED_HEUN_OWNER_ITERATION_FIELD stage=R0 iteration=3 field=physical_O2_flux units=kg_m^-2_s^-1 scope=every_value worst_index=47 max_residual=6.7874656585573557e-11 max_local_termwise_enclosure=0.0026877517851330254 worst_residual_over_local_bound=9.7291685393297341e-06 passed=1
PROJECTED_HEUN_OWNER_ITERATION_FIELD stage=R0 iteration=3 field=physical_CO2_flux units=kg_m^-2_s^-1 scope=every_value worst_index=27 max_residual=6.7959599441545261e-11 max_local_termwise_enclosure=0.0035777455656903355 worst_residual_over_local_bound=6.3121996581978022e-06 passed=1
PROJECTED_HEUN_OWNER_ITERATION_FIELD stage=R0 iteration=3 field=physical_H2O_flux units=kg_m^-2_s^-1 scope=every_value worst_index=46 max_residual=1.1995065412538338e-11 max_local_termwise_enclosure=0.0017708381862072298 worst_residual_over_local_bound=3.4229479266177274e-06 passed=1
PROJECTED_HEUN_OWNER_ITERATION_FIELD stage=R0 iteration=3 field=physical_N2_flux units=kg_m^-2_s^-1 scope=every_value worst_index=47 max_residual=4.0602989560328199e-11 max_local_termwise_enclosure=0.0024342249055538472 worst_residual_over_local_bound=6.5093541598800631e-06 passed=1
PROJECTED_HEUN_OWNER_ITERATION_FIELD stage=R0 iteration=3 field=physical_CO_flux units=kg_m^-2_s^-1 scope=every_value worst_index=46 max_residual=1.1213722337521624e-11 max_local_termwise_enclosure=0.00090063412453107923 worst_residual_over_local_bound=5.1979773751360799e-06 passed=1
PROJECTED_HEUN_OWNER_ITERATION_FIELD stage=R0 iteration=3 field=physical_carbon_flux units=kg_m^-2_s^-1 scope=every_value worst_index=27 max_residual=7.2408670826750247e-12 max_local_termwise_enclosure=0.0010453484324634034 worst_residual_over_local_bound=3.486021470409094e-06 passed=1
PROJECTED_HEUN_OWNER_ITERATION_FIELD stage=R0 iteration=3 field=physical_energy_flux units=W_m^-2 scope=every_value worst_index=188 max_residual=0.00042298739344914793 max_local_termwise_enclosure=441522.12069692061 worst_residual_over_local_bound=2.9354248153614042e-06 passed=1
PROJECTED_HEUN_OWNER_ITERATION_FIELD stage=R0 iteration=3 field=represented_pressure_ratio units=dimensionless scope=every_value worst_index=44 max_residual=1.416326514958044e-07 max_local_termwise_enclosure=0.00048857985357164289 worst_residual_over_local_bound=0.00028988672666233983 passed=1
PROJECTED_HEUN_OWNER_ITERATION_FIELD stage=R0 iteration=3 field=face_density units=kg_m^-3 scope=every_value worst_index=35 max_residual=8.8242813944816589e-08 max_local_termwise_enclosure=3.959283084933505e-07 worst_residual_over_local_bound=0.33998492556261617 passed=1
PROJECTED_HEUN_OWNER_ITERATION_FIELD stage=R0 iteration=3 field=projected_momentum units=kg_m^-2_s^-1 scope=every_value worst_index=142 max_residual=1.8072519140932553e-09 max_local_termwise_enclosure=0.00086549568032663409 worst_residual_over_local_bound=2.9823783683217394e-06 passed=1
PROJECTED_HEUN_OWNER_ITERATION_FIELD stage=R0 iteration=3 field=stress_input units=kg_m^-2_s^-2 scope=every_value worst_index=181 max_residual=1.88975752743719e-10 max_local_termwise_enclosure=0.0019054607875884468 worst_residual_over_local_bound=1.8367619830229871e-07 passed=1
PROJECTED_HEUN_OWNER_RATE_PARENT_CERTIFICATE stage=R0 compatible_trace=1 branch_obligations=240 passed=1 error=
PROJECTED_HEUN_OWNER_TARGET_ENCLOSURE stage=R0 iteration=3 units=s^-1 scope=every_cell worst_cell=60 max_residual=1.1689371515188896e-07 max_local_termwise_enclosure=165.31528366911698 worst_residual_over_local_bound=1.169708402635676e-07 passed=1
PROJECTED_HEUN_OWNER_ITERATION_TRACE stage=R0 iteration=3 active_equal=1 next_active_equal=1 input_target_residual=1.1689371515188896e-07 input_target_bit_mismatches=34 output_target_residual=1.1689371515188896e-07 output_target_bit_mismatches=34 alpha_residual=0 alpha_bit_mismatches=0 velocity_residual=2.7220568230013065e-09 velocity_bit_mismatches=194 transport_state_residual=0 transport_temperature_residual=0 diffusivity_residual=1.1382566482247281e-10 conductivity_residual=1.1955709089406241e-08 molecular_nu_residual=2.7890175249584842e-11 gas_density_residual=1.1431984603404999e-07 molecular_nu_worst=28 molecular_nu_metal=0.00012265818077139556 molecular_nu_fp64=0.00012265815288122031 face_density_residual=8.8242813944816589e-08 momentum_residual=1.8072519140932553e-09 stress_residual=1.88975752743719e-10
PROJECTED_HEUN_OWNER_ITERATION_TRACE_FP32 stage=R0 iteration=3 active_equal=1 next_active_equal=1 input_target_residual=2.384185791015625e-07 input_target_mismatches=26 output_target_residual=2.384185791015625e-07 output_target_mismatches=26 alpha_residual=0 alpha_mismatches=0 velocity_residual=1.862645149230957e-09 velocity_mismatches=77 transport_state_residual=0 transport_temperature_residual=0 diffusivity_residual=1.1641532182693481e-10 conductivity_residual=1.4901161193847656e-08 molecular_nu_residual=2.9103830456733704e-11 gas_density_residual=0 face_density_residual=0 momentum_residual=9.3132257461547852e-10 stress_residual=2.3283064365386963e-10
PROJECTED_HEUN_OWNER_ITERATION_TRACE_COUNT stage=R1 metal=4 fp64=4 qualification_staging=14
PROJECTED_HEUN_OWNER_ITERATION_FIELD stage=R1 iteration=0 field=projection_target units=s^-1 scope=every_value worst_index=0 max_residual=0 max_local_termwise_enclosure=0 worst_residual_over_local_bound=0 passed=1
PROJECTED_HEUN_OWNER_ITERATION_FIELD stage=R1 iteration=0 field=shared_alpha units=dimensionless scope=not_applicable passed=1
PROJECTED_HEUN_OWNER_ITERATION_FIELD stage=R1 iteration=0 field=transport_rhoZ units=kg_m^-3 scope=every_value worst_index=0 max_residual=2.8550353539658069e-09 max_local_termwise_enclosure=2.8550353539658073e-09 worst_residual_over_local_bound=0.99999999999999989 passed=1
PROJECTED_HEUN_OWNER_ITERATION_FIELD stage=R1 iteration=0 field=transport_CH4 units=kg_m^-3 scope=every_value worst_index=0 max_residual=3.2070383432225569e-09 max_local_termwise_enclosure=3.2070383432225573e-09 worst_residual_over_local_bound=0.99999999999999989 passed=1
PROJECTED_HEUN_OWNER_ITERATION_FIELD stage=R1 iteration=0 field=transport_O2 units=kg_m^-3 scope=every_value worst_index=2 max_residual=1.8733007672855351e-08 max_local_termwise_enclosure=1.8733007672855354e-08 worst_residual_over_local_bound=0.99999999999999989 passed=1
PROJECTED_HEUN_OWNER_ITERATION_FIELD stage=R1 iteration=0 field=transport_CO2 units=kg_m^-3 scope=every_value worst_index=1 max_residual=6.8373820716338685e-08 max_local_termwise_enclosure=6.8373820716338698e-08 worst_residual_over_local_bound=0.99999999999999989 passed=1
PROJECTED_HEUN_OWNER_ITERATION_FIELD stage=R1 iteration=0 field=transport_H2O units=kg_m^-3 scope=every_value worst_index=0 max_residual=4.7704309166091141e-10 max_local_termwise_enclosure=4.7704309166091151e-10 worst_residual_over_local_bound=0.99999999999999989 passed=1
PROJECTED_HEUN_OWNER_ITERATION_FIELD stage=R1 iteration=0 field=transport_N2 units=kg_m^-3 scope=every_value worst_index=0 max_residual=4.2871783553777298e-10 max_local_termwise_enclosure=4.2871783553777304e-10 worst_residual_over_local_bound=0.99999999999999989 passed=1
PROJECTED_HEUN_OWNER_ITERATION_FIELD stage=R1 iteration=0 field=transport_CO units=kg_m^-3 scope=every_value worst_index=0 max_residual=1.9650819179394945e-14 max_local_termwise_enclosure=1.9650819179394948e-14 worst_residual_over_local_bound=0.99999999999999989 passed=1
PROJECTED_HEUN_OWNER_ITERATION_FIELD stage=R1 iteration=0 field=transport_carbon units=kg_m^-3 scope=every_value worst_index=2 max_residual=1.5045617688578001e-14 max_local_termwise_enclosure=1.5045617688578004e-14 worst_residual_over_local_bound=0.99999999999999989 passed=1
PROJECTED_HEUN_OWNER_ITERATION_FIELD stage=R1 iteration=0 field=transport_sensible_energy units=J_m^-3 scope=every_value worst_index=0 max_residual=0.049258690269198269 max_local_termwise_enclosure=0.049258690269198276 worst_residual_over_local_bound=0.99999999999999989 passed=1
PROJECTED_HEUN_OWNER_ITERATION_FIELD stage=R1 iteration=0 field=provisional_momentum units=kg_m^-2_s^-1 scope=every_value worst_index=226 max_residual=5.0794356731974393e-14 max_local_termwise_enclosure=1.4988365175555352e-07 worst_residual_over_local_bound=1.6210211407402338e-06 passed=1
PROJECTED_HEUN_OWNER_ITERATION_FIELD stage=R1 iteration=0 field=projected_velocity units=m_s^-1 scope=every_value worst_index=226 max_residual=5.5374612736238655e-14 max_local_termwise_enclosure=1.0462135428040901e-08 worst_residual_over_local_bound=5.2928594852463969e-06 passed=1
PROJECTED_HEUN_OWNER_ITERATION_FIELD stage=R1 iteration=0 field=transport_temperature units=K scope=every_value worst_index=21 max_residual=0.00015812316451047082 max_local_termwise_enclosure=0.00062552815426072104 worst_residual_over_local_bound=0.41005639778252939 passed=1
PROJECTED_HEUN_OWNER_ITERATION_FIELD stage=R1 iteration=0 field=diffusivity units=m^2_s^-1 scope=every_value worst_index=45 max_residual=8.1980352194255257e-11 max_local_termwise_enclosure=8.9571551037108582e-08 worst_residual_over_local_bound=0.0026418472171158337 passed=1
PROJECTED_HEUN_OWNER_ITERATION_FIELD stage=R1 iteration=0 field=conductivity units=W_m^-1_K^-1 scope=every_value worst_index=41 max_residual=1.344643117684452e-08 max_local_termwise_enclosure=3.9876003184353591e-06 worst_residual_over_local_bound=0.018813981635173869 passed=1
PROJECTED_HEUN_OWNER_ITERATION_FIELD stage=R1 iteration=0 field=molecular_kinematic_viscosity units=m^2_s^-1 scope=every_value worst_index=21 max_residual=3.1958089657686123e-11 max_local_termwise_enclosure=8.5153817966061025e-09 worst_residual_over_local_bound=0.021618780206539272 passed=1
PROJECTED_HEUN_OWNER_ITERATION_FIELD stage=R1 iteration=0 field=gas_density units=kg_m^-3 scope=every_value worst_index=48 max_residual=1.6523781476429633e-07 max_local_termwise_enclosure=3.5111902799257772e-07 worst_residual_over_local_bound=0.48334391576805519 passed=1
PROJECTED_HEUN_OWNER_ITERATION_FIELD stage=R1 iteration=0 field=physical_rhoZ_flux units=kg_m^-2_s^-1 scope=every_value worst_index=8 max_residual=1.4893950970543829e-10 max_local_termwise_enclosure=7.2558461409219548e-08 worst_residual_over_local_bound=0.10355060838857279 passed=1
PROJECTED_HEUN_OWNER_ITERATION_FIELD stage=R1 iteration=0 field=physical_CH4_flux units=kg_m^-2_s^-1 scope=every_value worst_index=8 max_residual=1.5105136602243038e-10 max_local_termwise_enclosure=7.408548303240389e-08 worst_residual_over_local_bound=0.10384584590675291 passed=1
PROJECTED_HEUN_OWNER_ITERATION_FIELD stage=R1 iteration=0 field=physical_O2_flux units=kg_m^-2_s^-1 scope=every_value worst_index=18 max_residual=1.1004943969137476e-10 max_local_termwise_enclosure=4.194813288129798e-08 worst_residual_over_local_bound=0.19861490780498159 passed=1
PROJECTED_HEUN_OWNER_ITERATION_FIELD stage=R1 iteration=0 field=physical_CO2_flux units=kg_m^-2_s^-1 scope=every_value worst_index=8 max_residual=1.0360850824747518e-10 max_local_termwise_enclosure=5.5658168455102963e-08 worst_residual_over_local_bound=0.1035505761186073 passed=1
PROJECTED_HEUN_OWNER_ITERATION_FIELD stage=R1 iteration=0 field=physical_H2O_flux units=kg_m^-2_s^-1 scope=every_value worst_index=18 max_residual=4.2001342075277064e-11 max_local_termwise_enclosure=2.7513968267985942e-08 worst_residual_over_local_bound=0.15675148962544813 passed=1
PROJECTED_HEUN_OWNER_ITERATION_FIELD stage=R1 iteration=0 field=physical_N2_flux units=kg_m^-2_s^-1 scope=every_value worst_index=18 max_residual=6.0511696914114545e-11 max_local_termwise_enclosure=3.7769906105056156e-08 worst_residual_over_local_bound=0.18178927321647434 passed=1
PROJECTED_HEUN_OWNER_ITERATION_FIELD stage=R1 iteration=0 field=physical_CO_flux units=kg_m^-2_s^-1 scope=every_value worst_index=18 max_residual=3.3512361587302928e-11 max_local_termwise_enclosure=1.4050557896750205e-08 worst_residual_over_local_bound=0.18497499653357555 passed=1
PROJECTED_HEUN_OWNER_ITERATION_FIELD stage=R1 iteration=0 field=physical_carbon_flux units=kg_m^-2_s^-1 scope=every_value worst_index=8 max_residual=1.7125113702539583e-11 max_local_termwise_enclosure=1.6197274556995387e-08 worst_residual_over_local_bound=0.092556074494944823 passed=1
PROJECTED_HEUN_OWNER_ITERATION_FIELD stage=R1 iteration=0 field=physical_energy_flux units=W_m^-2 scope=every_value worst_index=8 max_residual=0.001287031139327155 max_local_termwise_enclosure=0.46339987587431447 worst_residual_over_local_bound=0.080823801437176962 passed=1
PROJECTED_HEUN_OWNER_ITERATION_FIELD stage=R1 iteration=0 field=represented_pressure_ratio units=dimensionless scope=not_applicable passed=1
PROJECTED_HEUN_OWNER_ITERATION_FIELD stage=R1 iteration=0 field=face_density units=kg_m^-3 scope=every_value worst_index=50 max_residual=1.4975173323605873e-07 max_local_termwise_enclosure=4.7121933729231974e-07 worst_residual_over_local_bound=0.41707144189400519 passed=1
PROJECTED_HEUN_OWNER_ITERATION_FIELD stage=R1 iteration=0 field=projected_momentum units=kg_m^-2_s^-1 scope=every_value worst_index=226 max_residual=3.914007257706138e-14 max_local_termwise_enclosure=1.1110506335068323e-08 worst_residual_over_local_bound=5.0315551676342607e-06 passed=1
PROJECTED_HEUN_OWNER_ITERATION_FIELD stage=R1 iteration=0 field=stress_input units=kg_m^-2_s^-2 scope=every_value worst_index=51 max_residual=2.0853925204473252e-15 max_local_termwise_enclosure=1.4258429863228656e-08 worst_residual_over_local_bound=2.2090771521758239e-07 passed=1
PROJECTED_HEUN_OWNER_TARGET_ENCLOSURE stage=R1 iteration=0 units=s^-1 scope=every_cell worst_cell=28 max_residual=3.035552857966195e-07 max_local_termwise_enclosure=0.00032882674739785926 worst_residual_over_local_bound=0.0020856587102246393 passed=1
PROJECTED_HEUN_OWNER_ITERATION_TRACE stage=R1 iteration=0 active_equal=1 next_active_equal=1 input_target_residual=0 input_target_bit_mismatches=0 output_target_residual=3.035552857966195e-07 output_target_bit_mismatches=52 alpha_residual=0 alpha_bit_mismatches=0 velocity_residual=5.5374612736238655e-14 velocity_bit_mismatches=223 transport_state_residual=0.049258690269198269 transport_temperature_residual=0.00015812316451047082 diffusivity_residual=8.1980352194255257e-11 conductivity_residual=1.344643117684452e-08 molecular_nu_residual=3.1958089657686123e-11 gas_density_residual=1.6523781476429633e-07 molecular_nu_worst=63 molecular_nu_metal=0.00024012713402044028 molecular_nu_fp64=0.00024012716597852994 face_density_residual=1.4975173323605873e-07 momentum_residual=3.914007257706138e-14 stress_residual=2.0853925204473252e-15
PROJECTED_HEUN_OWNER_ITERATION_TRACE_FP32 stage=R1 iteration=0 active_equal=1 next_active_equal=1 input_target_residual=0 input_target_mismatches=0 output_target_residual=2.384185791015625e-07 output_target_mismatches=40 alpha_residual=0 alpha_mismatches=0 velocity_residual=6.0396132539608516e-14 velocity_mismatches=188 transport_state_residual=9.2948059324119217e-16 transport_temperature_residual=0 diffusivity_residual=5.8207660913467407e-11 conductivity_residual=1.4901161193847656e-08 molecular_nu_residual=4.3655745685100555e-11 gas_density_residual=0 face_density_residual=0 momentum_residual=4.2632564145606011e-14 stress_residual=3.9968028886505635e-15
PROJECTED_HEUN_OWNER_ITERATION_FIELD stage=R1 iteration=1 field=projection_target units=s^-1 scope=every_value worst_index=28 max_residual=3.035552857966195e-07 max_local_termwise_enclosure=0.00032882674739785926 worst_residual_over_local_bound=0.0020856587102246393 passed=1
PROJECTED_HEUN_OWNER_ITERATION_FIELD stage=R1 iteration=1 field=shared_alpha units=dimensionless scope=every_value worst_index=0 max_residual=0 max_local_termwise_enclosure=0.00048851978505129456 worst_residual_over_local_bound=0 passed=1
PROJECTED_HEUN_OWNER_ITERATION_FIELD stage=R1 iteration=1 field=transport_rhoZ units=kg_m^-3 scope=every_value worst_index=0 max_residual=2.8550353539658069e-09 max_local_termwise_enclosure=2.8550353539658073e-09 worst_residual_over_local_bound=0.99999999999999989 passed=1
PROJECTED_HEUN_OWNER_ITERATION_FIELD stage=R1 iteration=1 field=transport_CH4 units=kg_m^-3 scope=every_value worst_index=0 max_residual=3.2070383432225569e-09 max_local_termwise_enclosure=3.2070383432225573e-09 worst_residual_over_local_bound=0.99999999999999989 passed=1
PROJECTED_HEUN_OWNER_ITERATION_FIELD stage=R1 iteration=1 field=transport_O2 units=kg_m^-3 scope=every_value worst_index=2 max_residual=1.8733007672855351e-08 max_local_termwise_enclosure=1.8733007672855354e-08 worst_residual_over_local_bound=0.99999999999999989 passed=1
PROJECTED_HEUN_OWNER_ITERATION_FIELD stage=R1 iteration=1 field=transport_CO2 units=kg_m^-3 scope=every_value worst_index=1 max_residual=6.8373820716338685e-08 max_local_termwise_enclosure=6.8373820716338698e-08 worst_residual_over_local_bound=0.99999999999999989 passed=1
PROJECTED_HEUN_OWNER_ITERATION_FIELD stage=R1 iteration=1 field=transport_H2O units=kg_m^-3 scope=every_value worst_index=0 max_residual=4.7704309166091141e-10 max_local_termwise_enclosure=4.7704309166091151e-10 worst_residual_over_local_bound=0.99999999999999989 passed=1
PROJECTED_HEUN_OWNER_ITERATION_FIELD stage=R1 iteration=1 field=transport_N2 units=kg_m^-3 scope=every_value worst_index=0 max_residual=4.2871783553777298e-10 max_local_termwise_enclosure=4.2871783553777304e-10 worst_residual_over_local_bound=0.99999999999999989 passed=1
PROJECTED_HEUN_OWNER_ITERATION_FIELD stage=R1 iteration=1 field=transport_CO units=kg_m^-3 scope=every_value worst_index=0 max_residual=1.9650819179394945e-14 max_local_termwise_enclosure=1.9650819179394948e-14 worst_residual_over_local_bound=0.99999999999999989 passed=1
PROJECTED_HEUN_OWNER_ITERATION_FIELD stage=R1 iteration=1 field=transport_carbon units=kg_m^-3 scope=every_value worst_index=2 max_residual=1.5045617688578001e-14 max_local_termwise_enclosure=1.5045617688578004e-14 worst_residual_over_local_bound=0.99999999999999989 passed=1
PROJECTED_HEUN_OWNER_ITERATION_FIELD stage=R1 iteration=1 field=transport_sensible_energy units=J_m^-3 scope=every_value worst_index=0 max_residual=0.049258690269198269 max_local_termwise_enclosure=0.049258690269198276 worst_residual_over_local_bound=0.99999999999999989 passed=1
PROJECTED_HEUN_OWNER_ITERATION_FIELD stage=R1 iteration=1 field=provisional_momentum units=kg_m^-2_s^-1 scope=every_value worst_index=226 max_residual=5.0794356731974393e-14 max_local_termwise_enclosure=1.4988365175555352e-07 worst_residual_over_local_bound=1.6210211407402338e-06 passed=1
PROJECTED_HEUN_OWNER_ITERATION_FIELD stage=R1 iteration=1 field=projected_velocity units=m_s^-1 scope=every_value worst_index=204 max_residual=2.6528477400922235e-09 max_local_termwise_enclosure=0.00061356847943011398 worst_residual_over_local_bound=4.3236375873744424e-06 passed=1
PROJECTED_HEUN_OWNER_ITERATION_FIELD stage=R1 iteration=1 field=transport_temperature units=K scope=every_value worst_index=21 max_residual=0.00015812316451047082 max_local_termwise_enclosure=0.00062552815426072104 worst_residual_over_local_bound=0.41005639778252939 passed=1
PROJECTED_HEUN_OWNER_ITERATION_FIELD stage=R1 iteration=1 field=diffusivity units=m^2_s^-1 scope=every_value worst_index=23 max_residual=8.615599124970133e-11 max_local_termwise_enclosure=0.00013752668276764799 worst_residual_over_local_bound=6.3805089740491651e-06 passed=1
PROJECTED_HEUN_OWNER_ITERATION_FIELD stage=R1 iteration=1 field=conductivity units=W_m^-1_K^-1 scope=every_value worst_index=28 max_residual=1.2417978492718085e-08 max_local_termwise_enclosure=0.11961755450642464 worst_residual_over_local_bound=2.9776747494834911e-06 passed=1
PROJECTED_HEUN_OWNER_ITERATION_FIELD stage=R1 iteration=1 field=molecular_kinematic_viscosity units=m^2_s^-1 scope=every_value worst_index=21 max_residual=3.1958089657686123e-11 max_local_termwise_enclosure=8.5153817966061025e-09 worst_residual_over_local_bound=0.021618780206539272 passed=1
PROJECTED_HEUN_OWNER_ITERATION_FIELD stage=R1 iteration=1 field=gas_density units=kg_m^-3 scope=every_value worst_index=48 max_residual=1.6523781476429633e-07 max_local_termwise_enclosure=3.5111902799257772e-07 worst_residual_over_local_bound=0.48334391576805519 passed=1
PROJECTED_HEUN_OWNER_ITERATION_FIELD stage=R1 iteration=1 field=physical_rhoZ_flux units=kg_m^-2_s^-1 scope=every_value worst_index=40 max_residual=1.3402102225310714e-10 max_local_termwise_enclosure=0.00051445367158769204 worst_residual_over_local_bound=0.063769481374888679 passed=1
PROJECTED_HEUN_OWNER_ITERATION_FIELD stage=R1 iteration=1 field=physical_CH4_flux units=kg_m^-2_s^-1 scope=every_value worst_index=40 max_residual=1.3136706503960767e-10 max_local_termwise_enclosure=0.00052607732678405404 worst_residual_over_local_bound=0.063786163088283263 passed=1
PROJECTED_HEUN_OWNER_ITERATION_FIELD stage=R1 iteration=1 field=physical_O2_flux units=kg_m^-2_s^-1 scope=every_value worst_index=18 max_residual=1.1236988877151315e-10 max_local_termwise_enclosure=0.00029646182544706685 worst_residual_over_local_bound=0.14135253039095502 passed=1
PROJECTED_HEUN_OWNER_ITERATION_FIELD stage=R1 iteration=1 field=physical_CO2_flux units=kg_m^-2_s^-1 scope=every_value worst_index=40 max_residual=9.1731961761841452e-11 max_local_termwise_enclosure=0.00039462840301489419 worst_residual_over_local_bound=0.063769476141584513 passed=1
PROJECTED_HEUN_OWNER_ITERATION_FIELD stage=R1 iteration=1 field=physical_H2O_flux units=kg_m^-2_s^-1 scope=every_value worst_index=18 max_residual=4.2886960076871733e-11 max_local_termwise_enclosure=0.00019532510032807293 worst_residual_over_local_bound=0.11082788516576497 passed=1
PROJECTED_HEUN_OWNER_ITERATION_FIELD stage=R1 iteration=1 field=physical_N2_flux units=kg_m^-2_s^-1 scope=every_value worst_index=18 max_residual=6.2865548524645249e-11 max_local_termwise_enclosure=0.00026849720736896773 worst_residual_over_local_bound=0.12814745377857489 passed=1
PROJECTED_HEUN_OWNER_ITERATION_FIELD stage=R1 iteration=1 field=physical_CO_flux units=kg_m^-2_s^-1 scope=every_value worst_index=18 max_residual=3.4218990683462936e-11 max_local_termwise_enclosure=9.9340872439309863e-05 worst_residual_over_local_bound=0.13168336483443069 passed=1
PROJECTED_HEUN_OWNER_ITERATION_FIELD stage=R1 iteration=1 field=physical_carbon_flux units=kg_m^-2_s^-1 scope=every_value worst_index=40 max_residual=1.9261784751725322e-11 max_local_termwise_enclosure=0.0001153027938729176 worst_residual_over_local_bound=0.053757012489492738 passed=1
PROJECTED_HEUN_OWNER_ITERATION_FIELD stage=R1 iteration=1 field=physical_energy_flux units=W_m^-2 scope=every_value worst_index=8 max_residual=0.0015953587735566543 max_local_termwise_enclosure=83961.020830336347 worst_residual_over_local_bound=0.021735613334742492 passed=1
PROJECTED_HEUN_OWNER_ITERATION_FIELD stage=R1 iteration=1 field=represented_pressure_ratio units=dimensionless scope=every_value worst_index=19 max_residual=1.5652539930854914e-07 max_local_termwise_enclosure=0.00049010794377257619 worst_residual_over_local_bound=0.00031998113620158489 passed=1
PROJECTED_HEUN_OWNER_ITERATION_FIELD stage=R1 iteration=1 field=face_density units=kg_m^-3 scope=every_value worst_index=50 max_residual=1.4975173323605873e-07 max_local_termwise_enclosure=4.7121933729231974e-07 worst_residual_over_local_bound=0.41707144189400519 passed=1
PROJECTED_HEUN_OWNER_ITERATION_FIELD stage=R1 iteration=1 field=projected_momentum units=kg_m^-2_s^-1 scope=every_value worst_index=94 max_residual=1.6460677682017533e-09 max_local_termwise_enclosure=0.00065159350025057654 worst_residual_over_local_bound=5.6479890647434121e-06 passed=1
PROJECTED_HEUN_OWNER_ITERATION_FIELD stage=R1 iteration=1 field=stress_input units=kg_m^-2_s^-2 scope=every_value worst_index=203 max_residual=1.9677067082928684e-10 max_local_termwise_enclosure=0.0009892133589070064 worst_residual_over_local_bound=2.4180888734307837e-07 passed=1
PROJECTED_HEUN_OWNER_TARGET_ENCLOSURE stage=R1 iteration=1 units=s^-1 scope=every_cell worst_cell=28 max_residual=3.035552857966195e-07 max_local_termwise_enclosure=13.7152102185742 worst_residual_over_local_bound=2.257008984808139e-06 passed=1
PROJECTED_HEUN_OWNER_ITERATION_TRACE stage=R1 iteration=1 active_equal=1 next_active_equal=1 input_target_residual=3.035552857966195e-07 input_target_bit_mismatches=52 output_target_residual=3.035552857966195e-07 output_target_bit_mismatches=52 alpha_residual=0 alpha_bit_mismatches=0 velocity_residual=2.6528477400922235e-09 velocity_bit_mismatches=196 transport_state_residual=0.049258690269198269 transport_temperature_residual=0.00015812316451047082 diffusivity_residual=8.615599124970133e-11 conductivity_residual=1.2417978492718085e-08 molecular_nu_residual=3.1958089657686123e-11 gas_density_residual=1.6523781476429633e-07 molecular_nu_worst=63 molecular_nu_metal=0.00024012713402044028 molecular_nu_fp64=0.00024012716597852994 face_density_residual=1.4975173323605873e-07 momentum_residual=1.6460677682017533e-09 stress_residual=1.9677067082928684e-10
PROJECTED_HEUN_OWNER_ITERATION_TRACE_FP32 stage=R1 iteration=1 active_equal=1 next_active_equal=1 input_target_residual=2.384185791015625e-07 input_target_mismatches=40 output_target_residual=2.384185791015625e-07 output_target_mismatches=40 alpha_residual=0 alpha_mismatches=0 velocity_residual=1.862645149230957e-09 velocity_mismatches=128 transport_state_residual=9.2948059324119217e-16 transport_temperature_residual=0 diffusivity_residual=5.8207660913467407e-11 conductivity_residual=1.4901161193847656e-08 molecular_nu_residual=4.3655745685100555e-11 gas_density_residual=0 face_density_residual=0 momentum_residual=9.3132257461547852e-10 stress_residual=3.4924596548080444e-10
PROJECTED_HEUN_OWNER_ITERATION_FIELD stage=R1 iteration=2 field=projection_target units=s^-1 scope=every_value worst_index=28 max_residual=3.035552857966195e-07 max_local_termwise_enclosure=13.7152102185742 worst_residual_over_local_bound=2.257008984808139e-06 passed=1
PROJECTED_HEUN_OWNER_ITERATION_FIELD stage=R1 iteration=2 field=shared_alpha units=dimensionless scope=every_value worst_index=0 max_residual=0 max_local_termwise_enclosure=0.00048851978505129456 worst_residual_over_local_bound=0 passed=1
PROJECTED_HEUN_OWNER_ITERATION_FIELD stage=R1 iteration=2 field=transport_rhoZ units=kg_m^-3 scope=every_value worst_index=0 max_residual=2.8550353539658069e-09 max_local_termwise_enclosure=2.8550353539658073e-09 worst_residual_over_local_bound=0.99999999999999989 passed=1
PROJECTED_HEUN_OWNER_ITERATION_FIELD stage=R1 iteration=2 field=transport_CH4 units=kg_m^-3 scope=every_value worst_index=0 max_residual=3.2070383432225569e-09 max_local_termwise_enclosure=3.2070383432225573e-09 worst_residual_over_local_bound=0.99999999999999989 passed=1
PROJECTED_HEUN_OWNER_ITERATION_FIELD stage=R1 iteration=2 field=transport_O2 units=kg_m^-3 scope=every_value worst_index=2 max_residual=1.8733007672855351e-08 max_local_termwise_enclosure=1.8733007672855354e-08 worst_residual_over_local_bound=0.99999999999999989 passed=1
PROJECTED_HEUN_OWNER_ITERATION_FIELD stage=R1 iteration=2 field=transport_CO2 units=kg_m^-3 scope=every_value worst_index=1 max_residual=6.8373820716338685e-08 max_local_termwise_enclosure=6.8373820716338698e-08 worst_residual_over_local_bound=0.99999999999999989 passed=1
PROJECTED_HEUN_OWNER_ITERATION_FIELD stage=R1 iteration=2 field=transport_H2O units=kg_m^-3 scope=every_value worst_index=0 max_residual=4.7704309166091141e-10 max_local_termwise_enclosure=4.7704309166091151e-10 worst_residual_over_local_bound=0.99999999999999989 passed=1
PROJECTED_HEUN_OWNER_ITERATION_FIELD stage=R1 iteration=2 field=transport_N2 units=kg_m^-3 scope=every_value worst_index=0 max_residual=4.2871783553777298e-10 max_local_termwise_enclosure=4.2871783553777304e-10 worst_residual_over_local_bound=0.99999999999999989 passed=1
PROJECTED_HEUN_OWNER_ITERATION_FIELD stage=R1 iteration=2 field=transport_CO units=kg_m^-3 scope=every_value worst_index=0 max_residual=1.9650819179394945e-14 max_local_termwise_enclosure=1.9650819179394948e-14 worst_residual_over_local_bound=0.99999999999999989 passed=1
PROJECTED_HEUN_OWNER_ITERATION_FIELD stage=R1 iteration=2 field=transport_carbon units=kg_m^-3 scope=every_value worst_index=2 max_residual=1.5045617688578001e-14 max_local_termwise_enclosure=1.5045617688578004e-14 worst_residual_over_local_bound=0.99999999999999989 passed=1
PROJECTED_HEUN_OWNER_ITERATION_FIELD stage=R1 iteration=2 field=transport_sensible_energy units=J_m^-3 scope=every_value worst_index=0 max_residual=0.049258690269198269 max_local_termwise_enclosure=0.049258690269198276 worst_residual_over_local_bound=0.99999999999999989 passed=1
PROJECTED_HEUN_OWNER_ITERATION_FIELD stage=R1 iteration=2 field=provisional_momentum units=kg_m^-2_s^-1 scope=every_value worst_index=226 max_residual=5.0794356731974393e-14 max_local_termwise_enclosure=1.4988365175555352e-07 worst_residual_over_local_bound=1.6210211407402338e-06 passed=1
PROJECTED_HEUN_OWNER_ITERATION_FIELD stage=R1 iteration=2 field=projected_velocity units=m_s^-1 scope=every_value worst_index=204 max_residual=2.6528477403090639e-09 max_local_termwise_enclosure=0.00061356847943011355 worst_residual_over_local_bound=4.3236375877278542e-06 passed=1
PROJECTED_HEUN_OWNER_ITERATION_FIELD stage=R1 iteration=2 field=transport_temperature units=K scope=every_value worst_index=21 max_residual=0.00015812316451047082 max_local_termwise_enclosure=0.00062552815426072104 worst_residual_over_local_bound=0.41005639778252939 passed=1
PROJECTED_HEUN_OWNER_ITERATION_FIELD stage=R1 iteration=2 field=diffusivity units=m^2_s^-1 scope=every_value worst_index=23 max_residual=8.615599124970133e-11 max_local_termwise_enclosure=0.00013752668276764874 worst_residual_over_local_bound=6.3805089740491634e-06 passed=1
PROJECTED_HEUN_OWNER_ITERATION_FIELD stage=R1 iteration=2 field=conductivity units=W_m^-1_K^-1 scope=every_value worst_index=28 max_residual=1.2417978492718085e-08 max_local_termwise_enclosure=0.11961755450642528 worst_residual_over_local_bound=2.9776747494834924e-06 passed=1
PROJECTED_HEUN_OWNER_ITERATION_FIELD stage=R1 iteration=2 field=molecular_kinematic_viscosity units=m^2_s^-1 scope=every_value worst_index=21 max_residual=3.1958089657686123e-11 max_local_termwise_enclosure=8.5153817966061025e-09 worst_residual_over_local_bound=0.021618780206539272 passed=1
PROJECTED_HEUN_OWNER_ITERATION_FIELD stage=R1 iteration=2 field=gas_density units=kg_m^-3 scope=every_value worst_index=48 max_residual=1.6523781476429633e-07 max_local_termwise_enclosure=3.5111902799257772e-07 worst_residual_over_local_bound=0.48334391576805519 passed=1
PROJECTED_HEUN_OWNER_ITERATION_FIELD stage=R1 iteration=2 field=physical_rhoZ_flux units=kg_m^-2_s^-1 scope=every_value worst_index=8 max_residual=1.3402102225310714e-10 max_local_termwise_enclosure=0.00051445367158766623 worst_residual_over_local_bound=0.062284113873025432 passed=1
PROJECTED_HEUN_OWNER_ITERATION_FIELD stage=R1 iteration=2 field=physical_CH4_flux units=kg_m^-2_s^-1 scope=every_value worst_index=8 max_residual=1.3136706503960767e-10 max_local_termwise_enclosure=0.00052607732678402769 worst_residual_over_local_bound=0.061256580770036505 passed=1
PROJECTED_HEUN_OWNER_ITERATION_FIELD stage=R1 iteration=2 field=physical_O2_flux units=kg_m^-2_s^-1 scope=every_value worst_index=18 max_residual=1.1236988877151315e-10 max_local_termwise_enclosure=0.000296461825447052 worst_residual_over_local_bound=0.14135253039095508 passed=1
PROJECTED_HEUN_OWNER_ITERATION_FIELD stage=R1 iteration=2 field=physical_CO2_flux units=kg_m^-2_s^-1 scope=every_value worst_index=8 max_residual=9.1731961761841452e-11 max_local_termwise_enclosure=0.00039462840301487435 worst_residual_over_local_bound=0.062284111277527338 passed=1
PROJECTED_HEUN_OWNER_ITERATION_FIELD stage=R1 iteration=2 field=physical_H2O_flux units=kg_m^-2_s^-1 scope=every_value worst_index=18 max_residual=4.2886960076871733e-11 max_local_termwise_enclosure=0.00019532510032806315 worst_residual_over_local_bound=0.11082788516576506 passed=1
PROJECTED_HEUN_OWNER_ITERATION_FIELD stage=R1 iteration=2 field=physical_N2_flux units=kg_m^-2_s^-1 scope=every_value worst_index=18 max_residual=6.1787623940668376e-11 max_local_termwise_enclosure=0.00026849720736895428 worst_residual_over_local_bound=0.12814745377857498 passed=1
PROJECTED_HEUN_OWNER_ITERATION_FIELD stage=R1 iteration=2 field=physical_CO_flux units=kg_m^-2_s^-1 scope=every_value worst_index=18 max_residual=3.4218990683462936e-11 max_local_termwise_enclosure=9.9340872439304876e-05 worst_residual_over_local_bound=0.13168336483443077 passed=1
PROJECTED_HEUN_OWNER_ITERATION_FIELD stage=R1 iteration=2 field=physical_carbon_flux units=kg_m^-2_s^-1 scope=every_value worst_index=8 max_residual=1.9261784751725322e-11 max_local_termwise_enclosure=0.00011530279387291183 worst_residual_over_local_bound=0.052464915308634529 passed=1
PROJECTED_HEUN_OWNER_ITERATION_FIELD stage=R1 iteration=2 field=physical_energy_flux units=W_m^-2 scope=every_value worst_index=8 max_residual=0.0015953587735566543 max_local_termwise_enclosure=83961.02083032667 worst_residual_over_local_bound=0.021735613334742138 passed=1
PROJECTED_HEUN_OWNER_ITERATION_FIELD stage=R1 iteration=2 field=represented_pressure_ratio units=dimensionless scope=every_value worst_index=59 max_residual=1.5339669567904224e-07 max_local_termwise_enclosure=0.00049010794377688091 worst_residual_over_local_bound=0.0003137737094541971 passed=1
PROJECTED_HEUN_OWNER_ITERATION_FIELD stage=R1 iteration=2 field=face_density units=kg_m^-3 scope=every_value worst_index=50 max_residual=1.4975173323605873e-07 max_local_termwise_enclosure=4.7121933729231974e-07 worst_residual_over_local_bound=0.41707144189400519 passed=1
PROJECTED_HEUN_OWNER_ITERATION_FIELD stage=R1 iteration=2 field=projected_momentum units=kg_m^-2_s^-1 scope=every_value worst_index=94 max_residual=1.6460677404461777e-09 max_local_termwise_enclosure=0.0006515935002505761 worst_residual_over_local_bound=5.6479890804324325e-06 passed=1
PROJECTED_HEUN_OWNER_ITERATION_FIELD stage=R1 iteration=2 field=stress_input units=kg_m^-2_s^-2 scope=every_value worst_index=203 max_residual=1.9677067082928684e-10 max_local_termwise_enclosure=0.00098921335890700553 worst_residual_over_local_bound=2.4180888791572489e-07 passed=1
PROJECTED_HEUN_OWNER_TARGET_ENCLOSURE stage=R1 iteration=2 units=s^-1 scope=every_cell worst_cell=28 max_residual=3.035552857966195e-07 max_local_termwise_enclosure=27.421040039806172 worst_residual_over_local_bound=1.3326342586577231e-06 passed=1
PROJECTED_HEUN_OWNER_ITERATION_TRACE stage=R1 iteration=2 active_equal=1 next_active_equal=1 input_target_residual=3.035552857966195e-07 input_target_bit_mismatches=52 output_target_residual=3.035552857966195e-07 output_target_bit_mismatches=52 alpha_residual=0 alpha_bit_mismatches=0 velocity_residual=2.6528477403090639e-09 velocity_bit_mismatches=196 transport_state_residual=0.049258690269198269 transport_temperature_residual=0.00015812316451047082 diffusivity_residual=8.615599124970133e-11 conductivity_residual=1.2417978492718085e-08 molecular_nu_residual=3.1958089657686123e-11 gas_density_residual=1.6523781476429633e-07 molecular_nu_worst=63 molecular_nu_metal=0.00024012713402044028 molecular_nu_fp64=0.00024012716597852994 face_density_residual=1.4975173323605873e-07 momentum_residual=1.6460677404461777e-09 stress_residual=1.9677067082928684e-10
PROJECTED_HEUN_OWNER_ITERATION_TRACE_FP32 stage=R1 iteration=2 active_equal=1 next_active_equal=1 input_target_residual=2.384185791015625e-07 input_target_mismatches=40 output_target_residual=2.384185791015625e-07 output_target_mismatches=40 alpha_residual=0 alpha_mismatches=0 velocity_residual=1.862645149230957e-09 velocity_mismatches=128 transport_state_residual=9.2948059324119217e-16 transport_temperature_residual=0 diffusivity_residual=5.8207660913467407e-11 conductivity_residual=1.4901161193847656e-08 molecular_nu_residual=4.3655745685100555e-11 gas_density_residual=0 face_density_residual=0 momentum_residual=9.3132257461547852e-10 stress_residual=3.4924596548080444e-10
PROJECTED_HEUN_OWNER_ITERATION_FIELD stage=R1 iteration=3 field=projection_target units=s^-1 scope=every_value worst_index=28 max_residual=3.035552857966195e-07 max_local_termwise_enclosure=27.421040039806172 worst_residual_over_local_bound=1.3326342586577231e-06 passed=1
PROJECTED_HEUN_OWNER_ITERATION_FIELD stage=R1 iteration=3 field=shared_alpha units=dimensionless scope=every_value worst_index=0 max_residual=0 max_local_termwise_enclosure=0.00048851978505129456 worst_residual_over_local_bound=0 passed=1
PROJECTED_HEUN_OWNER_ITERATION_FIELD stage=R1 iteration=3 field=transport_rhoZ units=kg_m^-3 scope=every_value worst_index=0 max_residual=2.8550353539658069e-09 max_local_termwise_enclosure=2.8550353539658073e-09 worst_residual_over_local_bound=0.99999999999999989 passed=1
PROJECTED_HEUN_OWNER_ITERATION_FIELD stage=R1 iteration=3 field=transport_CH4 units=kg_m^-3 scope=every_value worst_index=0 max_residual=3.2070383432225569e-09 max_local_termwise_enclosure=3.2070383432225573e-09 worst_residual_over_local_bound=0.99999999999999989 passed=1
PROJECTED_HEUN_OWNER_ITERATION_FIELD stage=R1 iteration=3 field=transport_O2 units=kg_m^-3 scope=every_value worst_index=2 max_residual=1.8733007672855351e-08 max_local_termwise_enclosure=1.8733007672855354e-08 worst_residual_over_local_bound=0.99999999999999989 passed=1
PROJECTED_HEUN_OWNER_ITERATION_FIELD stage=R1 iteration=3 field=transport_CO2 units=kg_m^-3 scope=every_value worst_index=1 max_residual=6.8373820716338685e-08 max_local_termwise_enclosure=6.8373820716338698e-08 worst_residual_over_local_bound=0.99999999999999989 passed=1
PROJECTED_HEUN_OWNER_ITERATION_FIELD stage=R1 iteration=3 field=transport_H2O units=kg_m^-3 scope=every_value worst_index=0 max_residual=4.7704309166091141e-10 max_local_termwise_enclosure=4.7704309166091151e-10 worst_residual_over_local_bound=0.99999999999999989 passed=1
PROJECTED_HEUN_OWNER_ITERATION_FIELD stage=R1 iteration=3 field=transport_N2 units=kg_m^-3 scope=every_value worst_index=0 max_residual=4.2871783553777298e-10 max_local_termwise_enclosure=4.2871783553777304e-10 worst_residual_over_local_bound=0.99999999999999989 passed=1
PROJECTED_HEUN_OWNER_ITERATION_FIELD stage=R1 iteration=3 field=transport_CO units=kg_m^-3 scope=every_value worst_index=0 max_residual=1.9650819179394945e-14 max_local_termwise_enclosure=1.9650819179394948e-14 worst_residual_over_local_bound=0.99999999999999989 passed=1
PROJECTED_HEUN_OWNER_ITERATION_FIELD stage=R1 iteration=3 field=transport_carbon units=kg_m^-3 scope=every_value worst_index=2 max_residual=1.5045617688578001e-14 max_local_termwise_enclosure=1.5045617688578004e-14 worst_residual_over_local_bound=0.99999999999999989 passed=1
PROJECTED_HEUN_OWNER_ITERATION_FIELD stage=R1 iteration=3 field=transport_sensible_energy units=J_m^-3 scope=every_value worst_index=0 max_residual=0.049258690269198269 max_local_termwise_enclosure=0.049258690269198276 worst_residual_over_local_bound=0.99999999999999989 passed=1
PROJECTED_HEUN_OWNER_ITERATION_FIELD stage=R1 iteration=3 field=provisional_momentum units=kg_m^-2_s^-1 scope=every_value worst_index=226 max_residual=5.0794356731974393e-14 max_local_termwise_enclosure=1.4988365175555352e-07 worst_residual_over_local_bound=1.6210211407402338e-06 passed=1
PROJECTED_HEUN_OWNER_ITERATION_FIELD stage=R1 iteration=3 field=projected_velocity units=m_s^-1 scope=every_value worst_index=204 max_residual=2.6528477403090639e-09 max_local_termwise_enclosure=0.00061356847943011355 worst_residual_over_local_bound=4.3236375877278542e-06 passed=1
PROJECTED_HEUN_OWNER_ITERATION_FIELD stage=R1 iteration=3 field=transport_temperature units=K scope=every_value worst_index=21 max_residual=0.00015812316451047082 max_local_termwise_enclosure=0.00062552815426072104 worst_residual_over_local_bound=0.41005639778252939 passed=1
PROJECTED_HEUN_OWNER_ITERATION_FIELD stage=R1 iteration=3 field=diffusivity units=m^2_s^-1 scope=every_value worst_index=23 max_residual=8.615599124970133e-11 max_local_termwise_enclosure=0.00013752668276764874 worst_residual_over_local_bound=6.3805089740491634e-06 passed=1
PROJECTED_HEUN_OWNER_ITERATION_FIELD stage=R1 iteration=3 field=conductivity units=W_m^-1_K^-1 scope=every_value worst_index=28 max_residual=1.2417978492718085e-08 max_local_termwise_enclosure=0.11961755450642528 worst_residual_over_local_bound=2.9776747494834924e-06 passed=1
PROJECTED_HEUN_OWNER_ITERATION_FIELD stage=R1 iteration=3 field=molecular_kinematic_viscosity units=m^2_s^-1 scope=every_value worst_index=21 max_residual=3.1958089657686123e-11 max_local_termwise_enclosure=8.5153817966061025e-09 worst_residual_over_local_bound=0.021618780206539272 passed=1
PROJECTED_HEUN_OWNER_ITERATION_FIELD stage=R1 iteration=3 field=gas_density units=kg_m^-3 scope=every_value worst_index=48 max_residual=1.6523781476429633e-07 max_local_termwise_enclosure=3.5111902799257772e-07 worst_residual_over_local_bound=0.48334391576805519 passed=1
PROJECTED_HEUN_OWNER_ITERATION_FIELD stage=R1 iteration=3 field=physical_rhoZ_flux units=kg_m^-2_s^-1 scope=every_value worst_index=8 max_residual=1.3402102225310714e-10 max_local_termwise_enclosure=0.00051445367158766623 worst_residual_over_local_bound=0.062284113873025432 passed=1
PROJECTED_HEUN_OWNER_ITERATION_FIELD stage=R1 iteration=3 field=physical_CH4_flux units=kg_m^-2_s^-1 scope=every_value worst_index=8 max_residual=1.3136706503960767e-10 max_local_termwise_enclosure=0.00052607732678402769 worst_residual_over_local_bound=0.061256580770036505 passed=1
PROJECTED_HEUN_OWNER_ITERATION_FIELD stage=R1 iteration=3 field=physical_O2_flux units=kg_m^-2_s^-1 scope=every_value worst_index=18 max_residual=1.1236988877151315e-10 max_local_termwise_enclosure=0.000296461825447052 worst_residual_over_local_bound=0.14135253039095508 passed=1
PROJECTED_HEUN_OWNER_ITERATION_FIELD stage=R1 iteration=3 field=physical_CO2_flux units=kg_m^-2_s^-1 scope=every_value worst_index=8 max_residual=9.1731961761841452e-11 max_local_termwise_enclosure=0.00039462840301487435 worst_residual_over_local_bound=0.062284111277527338 passed=1
PROJECTED_HEUN_OWNER_ITERATION_FIELD stage=R1 iteration=3 field=physical_H2O_flux units=kg_m^-2_s^-1 scope=every_value worst_index=18 max_residual=4.2886960076871733e-11 max_local_termwise_enclosure=0.00019532510032806315 worst_residual_over_local_bound=0.11082788516576506 passed=1
PROJECTED_HEUN_OWNER_ITERATION_FIELD stage=R1 iteration=3 field=physical_N2_flux units=kg_m^-2_s^-1 scope=every_value worst_index=18 max_residual=6.1787623940668376e-11 max_local_termwise_enclosure=0.00026849720736895428 worst_residual_over_local_bound=0.12814745377857498 passed=1
PROJECTED_HEUN_OWNER_ITERATION_FIELD stage=R1 iteration=3 field=physical_CO_flux units=kg_m^-2_s^-1 scope=every_value worst_index=18 max_residual=3.4218990683462936e-11 max_local_termwise_enclosure=9.9340872439304876e-05 worst_residual_over_local_bound=0.13168336483443077 passed=1
PROJECTED_HEUN_OWNER_ITERATION_FIELD stage=R1 iteration=3 field=physical_carbon_flux units=kg_m^-2_s^-1 scope=every_value worst_index=8 max_residual=1.9261784751725322e-11 max_local_termwise_enclosure=0.00011530279387291183 worst_residual_over_local_bound=0.052464915308634529 passed=1
PROJECTED_HEUN_OWNER_ITERATION_FIELD stage=R1 iteration=3 field=physical_energy_flux units=W_m^-2 scope=every_value worst_index=8 max_residual=0.0015953587735566543 max_local_termwise_enclosure=83961.02083032667 worst_residual_over_local_bound=0.021735613334742138 passed=1
PROJECTED_HEUN_OWNER_ITERATION_FIELD stage=R1 iteration=3 field=represented_pressure_ratio units=dimensionless scope=every_value worst_index=59 max_residual=1.5339669567904224e-07 max_local_termwise_enclosure=0.00049010794377688091 worst_residual_over_local_bound=0.0003137737094541971 passed=1
PROJECTED_HEUN_OWNER_ITERATION_FIELD stage=R1 iteration=3 field=face_density units=kg_m^-3 scope=every_value worst_index=50 max_residual=1.4975173323605873e-07 max_local_termwise_enclosure=4.7121933729231974e-07 worst_residual_over_local_bound=0.41707144189400519 passed=1
PROJECTED_HEUN_OWNER_ITERATION_FIELD stage=R1 iteration=3 field=projected_momentum units=kg_m^-2_s^-1 scope=every_value worst_index=94 max_residual=1.6460677404461777e-09 max_local_termwise_enclosure=0.0006515935002505761 worst_residual_over_local_bound=5.6479890804324325e-06 passed=1
PROJECTED_HEUN_OWNER_ITERATION_FIELD stage=R1 iteration=3 field=stress_input units=kg_m^-2_s^-2 scope=every_value worst_index=203 max_residual=1.9677067082928684e-10 max_local_termwise_enclosure=0.00098921335890700553 worst_residual_over_local_bound=2.4180888791572489e-07 passed=1
PROJECTED_HEUN_OWNER_RATE_PARENT_CERTIFICATE stage=R1 compatible_trace=1 branch_obligations=240 passed=1 error=
PROJECTED_HEUN_OWNER_TARGET_ENCLOSURE stage=R1 iteration=3 units=s^-1 scope=every_cell worst_cell=28 max_residual=3.035552857966195e-07 max_local_termwise_enclosure=41.126869861038145 worst_residual_over_local_bound=9.4542745186413585e-07 passed=1
PROJECTED_HEUN_OWNER_ITERATION_TRACE stage=R1 iteration=3 active_equal=1 next_active_equal=1 input_target_residual=3.035552857966195e-07 input_target_bit_mismatches=52 output_target_residual=3.035552857966195e-07 output_target_bit_mismatches=52 alpha_residual=0 alpha_bit_mismatches=0 velocity_residual=2.6528477403090639e-09 velocity_bit_mismatches=196 transport_state_residual=0.049258690269198269 transport_temperature_residual=0.00015812316451047082 diffusivity_residual=8.615599124970133e-11 conductivity_residual=1.2417978492718085e-08 molecular_nu_residual=3.1958089657686123e-11 gas_density_residual=1.6523781476429633e-07 molecular_nu_worst=63 molecular_nu_metal=0.00024012713402044028 molecular_nu_fp64=0.00024012716597852994 face_density_residual=1.4975173323605873e-07 momentum_residual=1.6460677404461777e-09 stress_residual=1.9677067082928684e-10
PROJECTED_HEUN_OWNER_ITERATION_TRACE_FP32 stage=R1 iteration=3 active_equal=1 next_active_equal=1 input_target_residual=2.384185791015625e-07 input_target_mismatches=40 output_target_residual=2.384185791015625e-07 output_target_mismatches=40 alpha_residual=0 alpha_mismatches=0 velocity_residual=1.862645149230957e-09 velocity_mismatches=128 transport_state_residual=9.2948059324119217e-16 transport_temperature_residual=0 diffusivity_residual=5.8207660913467407e-11 conductivity_residual=1.4901161193847656e-08 molecular_nu_residual=4.3655745685100555e-11 gas_density_residual=0 face_density_residual=0 momentum_residual=9.3132257461547852e-10 stress_residual=3.4924596548080444e-10
PROJECTED_HEUN_OWNER_ITERATION_TRACE_COUNT stage=R2 metal=6 fp64=6 qualification_staging=14
PROJECTED_HEUN_OWNER_ITERATION_FIELD stage=R2 iteration=0 field=projection_target units=s^-1 scope=every_value worst_index=0 max_residual=0 max_local_termwise_enclosure=0 worst_residual_over_local_bound=0 passed=1
PROJECTED_HEUN_OWNER_ITERATION_FIELD stage=R2 iteration=0 field=shared_alpha units=dimensionless scope=not_applicable passed=1
PROJECTED_HEUN_OWNER_ITERATION_FIELD stage=R2 iteration=0 field=transport_rhoZ units=kg_m^-3 scope=every_value worst_index=1 max_residual=2.2550482939309724e-09 max_local_termwise_enclosure=2.2550482939309728e-09 worst_residual_over_local_bound=0.99999999999999989 passed=1
PROJECTED_HEUN_OWNER_ITERATION_FIELD stage=R2 iteration=0 field=transport_CH4 units=kg_m^-3 scope=every_value worst_index=1 max_residual=2.4415880393868772e-09 max_local_termwise_enclosure=2.4415880393868776e-09 worst_residual_over_local_bound=0.99999999999999989 passed=1
PROJECTED_HEUN_OWNER_ITERATION_FIELD stage=R2 iteration=0 field=transport_O2 units=kg_m^-3 scope=every_value worst_index=0 max_residual=1.3613253635469391e-08 max_local_termwise_enclosure=1.3613253635469393e-08 worst_residual_over_local_bound=0.99999999999999989 passed=1
PROJECTED_HEUN_OWNER_ITERATION_FIELD stage=R2 iteration=0 field=transport_CO2 units=kg_m^-3 scope=every_value worst_index=1 max_residual=4.7633119226730969e-08 max_local_termwise_enclosure=4.7633119226730975e-08 worst_residual_over_local_bound=0.99999999999999989 passed=1
PROJECTED_HEUN_OWNER_ITERATION_FIELD stage=R2 iteration=0 field=transport_H2O units=kg_m^-3 scope=every_value worst_index=1 max_residual=5.0657222427225035e-10 max_local_termwise_enclosure=5.0657222427225045e-10 worst_residual_over_local_bound=0.99999999999999989 passed=1
PROJECTED_HEUN_OWNER_ITERATION_FIELD stage=R2 iteration=0 field=transport_N2 units=kg_m^-3 scope=every_value worst_index=0 max_residual=4.7052989369383846e-10 max_local_termwise_enclosure=4.7052989369383857e-10 worst_residual_over_local_bound=0.99999999999999989 passed=1
PROJECTED_HEUN_OWNER_ITERATION_FIELD stage=R2 iteration=0 field=transport_CO units=kg_m^-3 scope=every_value worst_index=2 max_residual=2.8269272857166813e-14 max_local_termwise_enclosure=2.8269272857166816e-14 worst_residual_over_local_bound=0.99999999999999989 passed=1
PROJECTED_HEUN_OWNER_ITERATION_FIELD stage=R2 iteration=0 field=transport_carbon units=kg_m^-3 scope=every_value worst_index=0 max_residual=2.4836677590165931e-14 max_local_termwise_enclosure=2.4836677590165934e-14 worst_residual_over_local_bound=0.99999999999999989 passed=1
PROJECTED_HEUN_OWNER_ITERATION_FIELD stage=R2 iteration=0 field=transport_sensible_energy units=J_m^-3 scope=every_value worst_index=0 max_residual=0.042433801689185202 max_local_termwise_enclosure=0.042433801689185209 worst_residual_over_local_bound=0.99999999999999989 passed=1
PROJECTED_HEUN_OWNER_ITERATION_FIELD stage=R2 iteration=0 field=provisional_momentum units=kg_m^-2_s^-1 scope=every_value worst_index=79 max_residual=2.0721318202952594e-14 max_local_termwise_enclosure=8.8143520750250583e-08 worst_residual_over_local_bound=1.1401782584442459e-06 passed=1
PROJECTED_HEUN_OWNER_ITERATION_FIELD stage=R2 iteration=0 field=projected_velocity units=m_s^-1 scope=every_value worst_index=78 max_residual=2.8265935677420528e-14 max_local_termwise_enclosure=9.664276692720025e-09 worst_residual_over_local_bound=2.9247854315587729e-06 passed=1
PROJECTED_HEUN_OWNER_ITERATION_FIELD stage=R2 iteration=0 field=transport_temperature units=K scope=every_value worst_index=55 max_residual=0.00015167020637818496 max_local_termwise_enclosure=0.00075370888739819547 worst_residual_over_local_bound=0.43230749352167058 passed=1
PROJECTED_HEUN_OWNER_ITERATION_FIELD stage=R2 iteration=0 field=diffusivity units=m^2_s^-1 scope=every_value worst_index=45 max_residual=7.4552111120791686e-11 max_local_termwise_enclosure=8.9871622667857994e-08 worst_residual_over_local_bound=0.0013651695167009991 passed=1
PROJECTED_HEUN_OWNER_ITERATION_FIELD stage=R2 iteration=0 field=conductivity units=W_m^-1_K^-1 scope=every_value worst_index=12 max_residual=1.7858652584523682e-08 max_local_termwise_enclosure=4.1238277298347979e-06 worst_residual_over_local_bound=0.021872297100530892 passed=1
PROJECTED_HEUN_OWNER_ITERATION_FIELD stage=R2 iteration=0 field=molecular_kinematic_viscosity units=m^2_s^-1 scope=every_value worst_index=58 max_residual=6.7886259656237125e-11 max_local_termwise_enclosure=8.4610106194230335e-09 worst_residual_over_local_bound=0.02268014394158907 passed=1
PROJECTED_HEUN_OWNER_ITERATION_FIELD stage=R2 iteration=0 field=gas_density units=kg_m^-3 scope=every_value worst_index=1 max_residual=1.0434453234786645e-07 max_local_termwise_enclosure=3.2650055794813006e-07 worst_residual_over_local_bound=0.39558474120050413 passed=1
PROJECTED_HEUN_OWNER_ITERATION_FIELD stage=R2 iteration=0 field=physical_rhoZ_flux units=kg_m^-2_s^-1 scope=every_value worst_index=78 max_residual=9.3152729711202913e-11 max_local_termwise_enclosure=6.107428149817337e-08 worst_residual_over_local_bound=0.077601387632897464 passed=1
PROJECTED_HEUN_OWNER_ITERATION_FIELD stage=R2 iteration=0 field=physical_CH4_flux units=kg_m^-2_s^-1 scope=every_value worst_index=8 max_residual=8.8129032080352422e-11 max_local_termwise_enclosure=6.2391127730660391e-08 worst_residual_over_local_bound=0.078478648763500733 passed=1
PROJECTED_HEUN_OWNER_ITERATION_FIELD stage=R2 iteration=0 field=physical_O2_flux units=kg_m^-2_s^-1 scope=every_value worst_index=18 max_residual=8.3380972750650437e-11 max_local_termwise_enclosure=3.5316312644986145e-08 worst_residual_over_local_bound=0.1510400823621785 passed=1
PROJECTED_HEUN_OWNER_ITERATION_FIELD stage=R2 iteration=0 field=physical_CO2_flux units=kg_m^-2_s^-1 scope=every_value worst_index=78 max_residual=6.7692991870835304e-11 max_local_termwise_enclosure=4.6849638717163781e-08 worst_residual_over_local_bound=0.077601252705289767 passed=1
PROJECTED_HEUN_OWNER_ITERATION_FIELD stage=R2 iteration=0 field=physical_H2O_flux units=kg_m^-2_s^-1 scope=every_value worst_index=18 max_residual=4.3135461212145838e-11 max_local_termwise_enclosure=2.3188654579214982e-08 worst_residual_over_local_bound=0.16316005119387544 passed=1
PROJECTED_HEUN_OWNER_ITERATION_FIELD stage=R2 iteration=0 field=physical_N2_flux units=kg_m^-2_s^-1 scope=every_value worst_index=18 max_residual=4.2894259371698787e-11 max_local_termwise_enclosure=3.1845697571710683e-08 worst_residual_over_local_bound=0.13051044085193278 passed=1
PROJECTED_HEUN_OWNER_ITERATION_FIELD stage=R2 iteration=0 field=physical_CO_flux units=kg_m^-2_s^-1 scope=every_value worst_index=18 max_residual=3.1869302002935296e-11 max_local_termwise_enclosure=1.1830256500074889e-08 worst_residual_over_local_bound=0.17688804376051429 passed=1
PROJECTED_HEUN_OWNER_ITERATION_FIELD stage=R2 iteration=0 field=physical_carbon_flux units=kg_m^-2_s^-1 scope=every_value worst_index=18 max_residual=1.1741510335289248e-11 max_local_termwise_enclosure=1.3655399199162255e-08 worst_residual_over_local_bound=0.09646616448127078 passed=1
PROJECTED_HEUN_OWNER_ITERATION_FIELD stage=R2 iteration=0 field=physical_energy_flux units=W_m^-2 scope=every_value worst_index=68 max_residual=0.0015705732821515994 max_local_termwise_enclosure=0.50555639679419762 worst_residual_over_local_bound=0.12937232438638122 passed=1
PROJECTED_HEUN_OWNER_ITERATION_FIELD stage=R2 iteration=0 field=represented_pressure_ratio units=dimensionless scope=every_value worst_index=59 max_residual=1.5339669567904224e-07 max_local_termwise_enclosure=0.00048974825091550975 worst_residual_over_local_bound=0.00031371189767244613 passed=1
PROJECTED_HEUN_OWNER_ITERATION_FIELD stage=R2 iteration=0 field=face_density units=kg_m^-3 scope=every_value worst_index=81 max_residual=9.7762616668717328e-08 max_local_termwise_enclosure=4.2707228437770718e-07 worst_residual_over_local_bound=0.33783539107480276 passed=1
PROJECTED_HEUN_OWNER_ITERATION_FIELD stage=R2 iteration=0 field=projected_momentum units=kg_m^-2_s^-1 scope=every_value worst_index=223 max_residual=1.2768165104555777e-14 max_local_termwise_enclosure=1.0263206354471149e-08 worst_residual_over_local_bound=2.6557291749570608e-06 passed=1
PROJECTED_HEUN_OWNER_ITERATION_FIELD stage=R2 iteration=0 field=stress_input units=kg_m^-2_s^-2 scope=not_applicable passed=1
PROJECTED_HEUN_OWNER_TARGET_ENCLOSURE stage=R2 iteration=0 units=s^-1 scope=every_cell worst_cell=54 max_residual=2.7186222084640832e-07 max_local_termwise_enclosure=0.00040501687839052152 worst_residual_over_local_bound=0.0016706500910522405 passed=1
PROJECTED_HEUN_OWNER_ITERATION_TRACE stage=R2 iteration=0 active_equal=1 next_active_equal=1 input_target_residual=0 input_target_bit_mismatches=0 output_target_residual=2.7186222084640832e-07 output_target_bit_mismatches=49 alpha_residual=0 alpha_bit_mismatches=0 velocity_residual=2.8265935677420528e-14 velocity_bit_mismatches=224 transport_state_residual=0.042433801689185202 transport_temperature_residual=0.00015167020637818496 diffusivity_residual=7.4552111120791686e-11 conductivity_residual=1.7858652584523682e-08 molecular_nu_residual=6.7886259656237125e-11 gas_density_residual=1.0434453234786645e-07 molecular_nu_worst=22 molecular_nu_metal=0.00023964345746207982 molecular_nu_fp64=0.00023964338957582017 face_density_residual=9.7762616668717328e-08 momentum_residual=1.2768165104555777e-14 stress_residual=0
PROJECTED_HEUN_OWNER_ITERATION_TRACE_FP32 stage=R2 iteration=0 active_equal=1 next_active_equal=1 input_target_residual=0 input_target_mismatches=0 output_target_residual=2.384185791015625e-07 output_target_mismatches=34 alpha_residual=0 alpha_mismatches=0 velocity_residual=3.9968028886505635e-14 velocity_mismatches=198 transport_state_residual=9.8856042662813037e-16 transport_temperature_residual=0 diffusivity_residual=8.7311491370201111e-11 conductivity_residual=1.4901161193847656e-08 molecular_nu_residual=5.8207660913467407e-11 gas_density_residual=0 face_density_residual=0 momentum_residual=1.7763568394002505e-14 stress_residual=0
PROJECTED_HEUN_OWNER_ITERATION_FIELD stage=R2 iteration=1 field=projection_target units=s^-1 scope=every_value worst_index=54 max_residual=2.7186222084640832e-07 max_local_termwise_enclosure=0.00040501687839052152 worst_residual_over_local_bound=0.0016706500910522405 passed=1
PROJECTED_HEUN_OWNER_ITERATION_FIELD stage=R2 iteration=1 field=shared_alpha units=dimensionless scope=not_applicable passed=1
PROJECTED_HEUN_OWNER_ITERATION_FIELD stage=R2 iteration=1 field=transport_rhoZ units=kg_m^-3 scope=every_value worst_index=1 max_residual=2.2550482939309724e-09 max_local_termwise_enclosure=2.2550482939309728e-09 worst_residual_over_local_bound=0.99999999999999989 passed=1
PROJECTED_HEUN_OWNER_ITERATION_FIELD stage=R2 iteration=1 field=transport_CH4 units=kg_m^-3 scope=every_value worst_index=1 max_residual=2.4415880393868772e-09 max_local_termwise_enclosure=2.4415880393868776e-09 worst_residual_over_local_bound=0.99999999999999989 passed=1
PROJECTED_HEUN_OWNER_ITERATION_FIELD stage=R2 iteration=1 field=transport_O2 units=kg_m^-3 scope=every_value worst_index=0 max_residual=1.3613253635469391e-08 max_local_termwise_enclosure=1.3613253635469393e-08 worst_residual_over_local_bound=0.99999999999999989 passed=1
PROJECTED_HEUN_OWNER_ITERATION_FIELD stage=R2 iteration=1 field=transport_CO2 units=kg_m^-3 scope=every_value worst_index=1 max_residual=4.7633119226730969e-08 max_local_termwise_enclosure=4.7633119226730975e-08 worst_residual_over_local_bound=0.99999999999999989 passed=1
PROJECTED_HEUN_OWNER_ITERATION_FIELD stage=R2 iteration=1 field=transport_H2O units=kg_m^-3 scope=every_value worst_index=1 max_residual=5.0657222427225035e-10 max_local_termwise_enclosure=5.0657222427225045e-10 worst_residual_over_local_bound=0.99999999999999989 passed=1
PROJECTED_HEUN_OWNER_ITERATION_FIELD stage=R2 iteration=1 field=transport_N2 units=kg_m^-3 scope=every_value worst_index=0 max_residual=4.7052989369383846e-10 max_local_termwise_enclosure=4.7052989369383857e-10 worst_residual_over_local_bound=0.99999999999999989 passed=1
PROJECTED_HEUN_OWNER_ITERATION_FIELD stage=R2 iteration=1 field=transport_CO units=kg_m^-3 scope=every_value worst_index=2 max_residual=2.8269272857166813e-14 max_local_termwise_enclosure=2.8269272857166816e-14 worst_residual_over_local_bound=0.99999999999999989 passed=1
PROJECTED_HEUN_OWNER_ITERATION_FIELD stage=R2 iteration=1 field=transport_carbon units=kg_m^-3 scope=every_value worst_index=0 max_residual=2.4836677590165931e-14 max_local_termwise_enclosure=2.4836677590165934e-14 worst_residual_over_local_bound=0.99999999999999989 passed=1
PROJECTED_HEUN_OWNER_ITERATION_FIELD stage=R2 iteration=1 field=transport_sensible_energy units=J_m^-3 scope=every_value worst_index=0 max_residual=0.042433801689185202 max_local_termwise_enclosure=0.042433801689185209 worst_residual_over_local_bound=0.99999999999999989 passed=1
PROJECTED_HEUN_OWNER_ITERATION_FIELD stage=R2 iteration=1 field=provisional_momentum units=kg_m^-2_s^-1 scope=every_value worst_index=79 max_residual=2.0721318202952594e-14 max_local_termwise_enclosure=8.8143520750250583e-08 worst_residual_over_local_bound=1.1401782584442459e-06 passed=1
PROJECTED_HEUN_OWNER_ITERATION_FIELD stage=R2 iteration=1 field=projected_velocity units=m_s^-1 scope=every_value worst_index=102 max_residual=3.6125412869458806e-09 max_local_termwise_enclosure=0.00078844819305287693 worst_residual_over_local_bound=4.5818372326507537e-06 passed=1
PROJECTED_HEUN_OWNER_ITERATION_FIELD stage=R2 iteration=1 field=transport_temperature units=K scope=every_value worst_index=55 max_residual=0.00015167020637818496 max_local_termwise_enclosure=0.00075370888739819547 worst_residual_over_local_bound=0.43230749352167058 passed=1
PROJECTED_HEUN_OWNER_ITERATION_FIELD stage=R2 iteration=1 field=diffusivity units=m^2_s^-1 scope=every_value worst_index=7 max_residual=8.6246141196670567e-11 max_local_termwise_enclosure=0.00015721458733201395 worst_residual_over_local_bound=4.4701932135123319e-06 passed=1
PROJECTED_HEUN_OWNER_ITERATION_FIELD stage=R2 iteration=1 field=conductivity units=W_m^-1_K^-1 scope=every_value worst_index=12 max_residual=1.9656652514021822e-08 max_local_termwise_enclosure=0.17556585125320992 worst_residual_over_local_bound=3.8619962087395998e-06 passed=1
PROJECTED_HEUN_OWNER_ITERATION_FIELD stage=R2 iteration=1 field=molecular_kinematic_viscosity units=m^2_s^-1 scope=every_value worst_index=58 max_residual=6.7886259656237125e-11 max_local_termwise_enclosure=8.4610106194230335e-09 worst_residual_over_local_bound=0.02268014394158907 passed=1
PROJECTED_HEUN_OWNER_ITERATION_FIELD stage=R2 iteration=1 field=gas_density units=kg_m^-3 scope=every_value worst_index=1 max_residual=1.0434453234786645e-07 max_local_termwise_enclosure=3.2650055794813006e-07 worst_residual_over_local_bound=0.39558474120050413 passed=1
PROJECTED_HEUN_OWNER_ITERATION_FIELD stage=R2 iteration=1 field=physical_rhoZ_flux units=kg_m^-2_s^-1 scope=every_value worst_index=8 max_residual=1.0040649286665888e-10 max_local_termwise_enclosure=0.0040381107150020733 worst_residual_over_local_bound=0.033685368229682842 passed=1
PROJECTED_HEUN_OWNER_ITERATION_FIELD stage=R2 iteration=1 field=physical_CH4_flux units=kg_m^-2_s^-1 scope=every_value worst_index=8 max_residual=9.3049973074724093e-11 max_local_termwise_enclosure=0.0041293432713480115 worst_residual_over_local_bound=0.038177120415734789 passed=1
PROJECTED_HEUN_OWNER_ITERATION_FIELD stage=R2 iteration=1 field=physical_O2_flux units=kg_m^-2_s^-1 scope=every_value worst_index=18 max_residual=8.7078864033888906e-11 max_local_termwise_enclosure=0.002327486931170485 worst_residual_over_local_bound=0.090332073784284012 passed=1
PROJECTED_HEUN_OWNER_ITERATION_FIELD stage=R2 iteration=1 field=physical_CO2_flux units=kg_m^-2_s^-1 scope=every_value worst_index=8 max_residual=7.4905855020605426e-11 max_local_termwise_enclosure=0.003097564015327989 worst_residual_over_local_bound=0.033685478943344623 passed=1
PROJECTED_HEUN_OWNER_ITERATION_FIELD stage=R2 iteration=1 field=physical_H2O_flux units=kg_m^-2_s^-1 scope=every_value worst_index=18 max_residual=4.4131571119182441e-11 max_local_termwise_enclosure=0.0015335938085860154 worst_residual_over_local_bound=0.096089156588929234 passed=1
PROJECTED_HEUN_OWNER_ITERATION_FIELD stage=R2 iteration=1 field=physical_N2_flux units=kg_m^-2_s^-1 scope=every_value worst_index=18 max_residual=4.5981360275971171e-11 max_local_termwise_enclosure=0.0021078553698795619 worst_residual_over_local_bound=0.076373215068324021 passed=1
PROJECTED_HEUN_OWNER_ITERATION_FIELD stage=R2 iteration=1 field=physical_CO_flux units=kg_m^-2_s^-1 scope=every_value worst_index=18 max_residual=3.260525730825988e-11 max_local_termwise_enclosure=0.00077994733593617386 worst_residual_over_local_bound=0.10577746516233322 passed=1
PROJECTED_HEUN_OWNER_ITERATION_FIELD stage=R2 iteration=1 field=physical_carbon_flux units=kg_m^-2_s^-1 scope=every_value worst_index=18 max_residual=1.2179155008696961e-11 max_local_termwise_enclosure=0.00090518689563019315 worst_residual_over_local_bound=0.055708334336303129 passed=1
PROJECTED_HEUN_OWNER_ITERATION_FIELD stage=R2 iteration=1 field=physical_energy_flux units=W_m^-2 scope=every_value worst_index=68 max_residual=0.0020777147510671057 max_local_termwise_enclosure=76499.69184875222 worst_residual_over_local_bound=0.030256834981545844 passed=1
PROJECTED_HEUN_OWNER_ITERATION_FIELD stage=R2 iteration=1 field=represented_pressure_ratio units=dimensionless scope=every_value worst_index=59 max_residual=1.5339669567904224e-07 max_local_termwise_enclosure=0.00048974825091550975 worst_residual_over_local_bound=0.00031371189767244613 passed=1
PROJECTED_HEUN_OWNER_ITERATION_FIELD stage=R2 iteration=1 field=face_density units=kg_m^-3 scope=every_value worst_index=81 max_residual=9.7762616668717328e-08 max_local_termwise_enclosure=4.2707228437770718e-07 worst_residual_over_local_bound=0.33783539107480276 passed=1
PROJECTED_HEUN_OWNER_ITERATION_FIELD stage=R2 iteration=1 field=projected_momentum units=kg_m^-2_s^-1 scope=every_value worst_index=159 max_residual=2.2903678641161829e-09 max_local_termwise_enclosure=0.00083731145189080752 worst_residual_over_local_bound=3.9097486504035986e-06 passed=1
PROJECTED_HEUN_OWNER_ITERATION_FIELD stage=R2 iteration=1 field=stress_input units=kg_m^-2_s^-2 scope=not_applicable passed=1
PROJECTED_HEUN_OWNER_TARGET_ENCLOSURE stage=R2 iteration=1 units=s^-1 scope=every_cell worst_cell=31 max_residual=4.0677549861811713e-07 max_local_termwise_enclosure=10.124072196135135 worst_residual_over_local_bound=1.2324710424055927e-06 passed=1
PROJECTED_HEUN_OWNER_ITERATION_TRACE stage=R2 iteration=1 active_equal=1 next_active_equal=1 input_target_residual=2.7186222084640832e-07 input_target_bit_mismatches=49 output_target_residual=4.0677549861811713e-07 output_target_bit_mismatches=53 alpha_residual=0 alpha_bit_mismatches=0 velocity_residual=3.6125412869458806e-09 velocity_bit_mismatches=200 transport_state_residual=0.042433801689185202 transport_temperature_residual=0.00015167020637818496 diffusivity_residual=8.6246141196670567e-11 conductivity_residual=1.9656652514021822e-08 molecular_nu_residual=6.7886259656237125e-11 gas_density_residual=1.0434453234786645e-07 molecular_nu_worst=22 molecular_nu_metal=0.00023964345746207982 molecular_nu_fp64=0.00023964338957582017 face_density_residual=9.7762616668717328e-08 momentum_residual=2.2903678641161829e-09 stress_residual=0
PROJECTED_HEUN_OWNER_ITERATION_TRACE_FP32 stage=R2 iteration=1 active_equal=1 next_active_equal=1 input_target_residual=2.384185791015625e-07 input_target_mismatches=34 output_target_residual=2.384185791015625e-07 output_target_mismatches=42 alpha_residual=0 alpha_mismatches=0 velocity_residual=1.862645149230957e-09 velocity_mismatches=98 transport_state_residual=9.8856042662813037e-16 transport_temperature_residual=0 diffusivity_residual=8.7311491370201111e-11 conductivity_residual=1.4901161193847656e-08 molecular_nu_residual=5.8207660913467407e-11 gas_density_residual=0 face_density_residual=0 momentum_residual=9.3132257461547852e-10 stress_residual=0
PROJECTED_HEUN_OWNER_ITERATION_FIELD stage=R2 iteration=2 field=projection_target units=s^-1 scope=every_value worst_index=31 max_residual=4.0677549861811713e-07 max_local_termwise_enclosure=10.124072196135135 worst_residual_over_local_bound=1.2324710424055927e-06 passed=1
PROJECTED_HEUN_OWNER_ITERATION_FIELD stage=R2 iteration=2 field=shared_alpha units=dimensionless scope=not_applicable passed=1
PROJECTED_HEUN_OWNER_ITERATION_FIELD stage=R2 iteration=2 field=transport_rhoZ units=kg_m^-3 scope=every_value worst_index=1 max_residual=2.2550482939309724e-09 max_local_termwise_enclosure=2.2550482939309728e-09 worst_residual_over_local_bound=0.99999999999999989 passed=1
PROJECTED_HEUN_OWNER_ITERATION_FIELD stage=R2 iteration=2 field=transport_CH4 units=kg_m^-3 scope=every_value worst_index=1 max_residual=2.4415880393868772e-09 max_local_termwise_enclosure=2.4415880393868776e-09 worst_residual_over_local_bound=0.99999999999999989 passed=1
PROJECTED_HEUN_OWNER_ITERATION_FIELD stage=R2 iteration=2 field=transport_O2 units=kg_m^-3 scope=every_value worst_index=0 max_residual=1.3613253635469391e-08 max_local_termwise_enclosure=1.3613253635469393e-08 worst_residual_over_local_bound=0.99999999999999989 passed=1
PROJECTED_HEUN_OWNER_ITERATION_FIELD stage=R2 iteration=2 field=transport_CO2 units=kg_m^-3 scope=every_value worst_index=1 max_residual=4.7633119226730969e-08 max_local_termwise_enclosure=4.7633119226730975e-08 worst_residual_over_local_bound=0.99999999999999989 passed=1
PROJECTED_HEUN_OWNER_ITERATION_FIELD stage=R2 iteration=2 field=transport_H2O units=kg_m^-3 scope=every_value worst_index=1 max_residual=5.0657222427225035e-10 max_local_termwise_enclosure=5.0657222427225045e-10 worst_residual_over_local_bound=0.99999999999999989 passed=1
PROJECTED_HEUN_OWNER_ITERATION_FIELD stage=R2 iteration=2 field=transport_N2 units=kg_m^-3 scope=every_value worst_index=0 max_residual=4.7052989369383846e-10 max_local_termwise_enclosure=4.7052989369383857e-10 worst_residual_over_local_bound=0.99999999999999989 passed=1
PROJECTED_HEUN_OWNER_ITERATION_FIELD stage=R2 iteration=2 field=transport_CO units=kg_m^-3 scope=every_value worst_index=2 max_residual=2.8269272857166813e-14 max_local_termwise_enclosure=2.8269272857166816e-14 worst_residual_over_local_bound=0.99999999999999989 passed=1
PROJECTED_HEUN_OWNER_ITERATION_FIELD stage=R2 iteration=2 field=transport_carbon units=kg_m^-3 scope=every_value worst_index=0 max_residual=2.4836677590165931e-14 max_local_termwise_enclosure=2.4836677590165934e-14 worst_residual_over_local_bound=0.99999999999999989 passed=1
PROJECTED_HEUN_OWNER_ITERATION_FIELD stage=R2 iteration=2 field=transport_sensible_energy units=J_m^-3 scope=every_value worst_index=0 max_residual=0.042433801689185202 max_local_termwise_enclosure=0.042433801689185209 worst_residual_over_local_bound=0.99999999999999989 passed=1
PROJECTED_HEUN_OWNER_ITERATION_FIELD stage=R2 iteration=2 field=provisional_momentum units=kg_m^-2_s^-1 scope=every_value worst_index=79 max_residual=2.0721318202952594e-14 max_local_termwise_enclosure=8.8143520750250583e-08 worst_residual_over_local_bound=1.1401782584442459e-06 passed=1
PROJECTED_HEUN_OWNER_ITERATION_FIELD stage=R2 iteration=2 field=projected_velocity units=m_s^-1 scope=every_value worst_index=159 max_residual=3.5227191060027696e-09 max_local_termwise_enclosure=0.00081292141919218268 worst_residual_over_local_bound=4.3334066772448563e-06 passed=1
PROJECTED_HEUN_OWNER_ITERATION_FIELD stage=R2 iteration=2 field=transport_temperature units=K scope=every_value worst_index=55 max_residual=0.00015167020637818496 max_local_termwise_enclosure=0.00075370888739819547 worst_residual_over_local_bound=0.43230749352167058 passed=1
PROJECTED_HEUN_OWNER_ITERATION_FIELD stage=R2 iteration=2 field=diffusivity units=m^2_s^-1 scope=every_value worst_index=54 max_residual=8.8866849968192996e-11 max_local_termwise_enclosure=0.00040322682999091602 worst_residual_over_local_bound=1.6831363459474183e-06 passed=1
PROJECTED_HEUN_OWNER_ITERATION_FIELD stage=R2 iteration=2 field=conductivity units=W_m^-1_K^-1 scope=every_value worst_index=12 max_residual=1.7675774760528284e-08 max_local_termwise_enclosure=0.17685699017790446 worst_residual_over_local_bound=2.5780242550489667e-06 passed=1
PROJECTED_HEUN_OWNER_ITERATION_FIELD stage=R2 iteration=2 field=molecular_kinematic_viscosity units=m^2_s^-1 scope=every_value worst_index=58 max_residual=6.7886259656237125e-11 max_local_termwise_enclosure=8.4610106194230335e-09 worst_residual_over_local_bound=0.02268014394158907 passed=1
PROJECTED_HEUN_OWNER_ITERATION_FIELD stage=R2 iteration=2 field=gas_density units=kg_m^-3 scope=every_value worst_index=1 max_residual=1.0434453234786645e-07 max_local_termwise_enclosure=3.2650055794813006e-07 worst_residual_over_local_bound=0.39558474120050413 passed=1
PROJECTED_HEUN_OWNER_ITERATION_FIELD stage=R2 iteration=2 field=physical_rhoZ_flux units=kg_m^-2_s^-1 scope=every_value worst_index=28 max_residual=9.2838891542696474e-11 max_local_termwise_enclosure=0.0011344091974889597 worst_residual_over_local_bound=0.035438213844775024 passed=1
PROJECTED_HEUN_OWNER_ITERATION_FIELD stage=R2 iteration=2 field=physical_CH4_flux units=kg_m^-2_s^-1 scope=every_value worst_index=28 max_residual=8.3499941166866997e-11 max_local_termwise_enclosure=0.0011600369836180591 worst_residual_over_local_bound=0.035719645657181068 passed=1
PROJECTED_HEUN_OWNER_ITERATION_FIELD stage=R2 iteration=2 field=physical_O2_flux units=kg_m^-2_s^-1 scope=every_value worst_index=18 max_residual=8.5246750044742136e-11 max_local_termwise_enclosure=0.00065389922637174936 worst_residual_over_local_bound=0.077255405265850743 passed=1
PROJECTED_HEUN_OWNER_ITERATION_FIELD stage=R2 iteration=2 field=physical_CO2_flux units=kg_m^-2_s^-1 scope=every_value worst_index=28 max_residual=6.820792018078772e-11 max_local_termwise_enclosure=0.00087018543039150541 worst_residual_over_local_bound=0.035438240731559739 passed=1
PROJECTED_HEUN_OWNER_ITERATION_FIELD stage=R2 iteration=2 field=physical_H2O_flux units=kg_m^-2_s^-1 scope=every_value worst_index=18 max_residual=4.4100676978801886e-11 max_local_termwise_enclosure=0.00043086869412823178 worst_residual_over_local_bound=0.081908766666918389 passed=1
PROJECTED_HEUN_OWNER_ITERATION_FIELD stage=R2 iteration=2 field=physical_N2_flux units=kg_m^-2_s^-1 scope=every_value worst_index=18 max_residual=4.3854086237186954e-11 max_local_termwise_enclosure=0.00059218360531650095 worst_residual_over_local_bound=0.065015420566625765 passed=1
PROJECTED_HEUN_OWNER_ITERATION_FIELD stage=R2 iteration=2 field=physical_CO_flux units=kg_m^-2_s^-1 scope=every_value worst_index=18 max_residual=3.2582428382339557e-11 max_local_termwise_enclosure=0.00021912684655353015 worst_residual_over_local_bound=0.090461109818257626 passed=1
PROJECTED_HEUN_OWNER_ITERATION_FIELD stage=R2 iteration=2 field=physical_carbon_flux units=kg_m^-2_s^-1 scope=every_value worst_index=18 max_residual=1.2323023857666799e-11 max_local_termwise_enclosure=0.0002543036611382044 worst_residual_over_local_bound=0.047292625705810588 passed=1
PROJECTED_HEUN_OWNER_ITERATION_FIELD stage=R2 iteration=2 field=physical_energy_flux units=W_m^-2 scope=every_value worst_index=68 max_residual=0.0018202064493380021 max_local_termwise_enclosure=22766001.782858245 worst_residual_over_local_bound=0.028107940347436938 passed=1
PROJECTED_HEUN_OWNER_ITERATION_FIELD stage=R2 iteration=2 field=represented_pressure_ratio units=dimensionless scope=every_value worst_index=59 max_residual=1.5339669567904224e-07 max_local_termwise_enclosure=0.00048974825091550975 worst_residual_over_local_bound=0.00031371189767244613 passed=1
PROJECTED_HEUN_OWNER_ITERATION_FIELD stage=R2 iteration=2 field=face_density units=kg_m^-3 scope=every_value worst_index=81 max_residual=9.7762616668717328e-08 max_local_termwise_enclosure=4.2707228437770718e-07 worst_residual_over_local_bound=0.33783539107480276 passed=1
PROJECTED_HEUN_OWNER_ITERATION_FIELD stage=R2 iteration=2 field=projected_momentum units=kg_m^-2_s^-1 scope=every_value worst_index=159 max_residual=2.1377529568593345e-09 max_local_termwise_enclosure=0.0008633013848401847 worst_residual_over_local_bound=4.2829091658150441e-06 passed=1
PROJECTED_HEUN_OWNER_ITERATION_FIELD stage=R2 iteration=2 field=stress_input units=kg_m^-2_s^-2 scope=not_applicable passed=1
PROJECTED_HEUN_OWNER_TARGET_ENCLOSURE stage=R2 iteration=2 units=s^-1 scope=every_cell worst_cell=54 max_residual=2.5953157500868684e-07 max_local_termwise_enclosure=2187.4438894823766 worst_residual_over_local_bound=3.8966704299365809e-07 passed=1
PROJECTED_HEUN_OWNER_ITERATION_TRACE stage=R2 iteration=2 active_equal=1 next_active_equal=1 input_target_residual=4.0677549861811713e-07 input_target_bit_mismatches=53 output_target_residual=2.5953157500868684e-07 output_target_bit_mismatches=48 alpha_residual=0 alpha_bit_mismatches=0 velocity_residual=3.5227191060027696e-09 velocity_bit_mismatches=189 transport_state_residual=0.042433801689185202 transport_temperature_residual=0.00015167020637818496 diffusivity_residual=8.8866849968192996e-11 conductivity_residual=1.7675774760528284e-08 molecular_nu_residual=6.7886259656237125e-11 gas_density_residual=1.0434453234786645e-07 molecular_nu_worst=22 molecular_nu_metal=0.00023964345746207982 molecular_nu_fp64=0.00023964338957582017 face_density_residual=9.7762616668717328e-08 momentum_residual=2.1377529568593345e-09 stress_residual=0
PROJECTED_HEUN_OWNER_ITERATION_TRACE_FP32 stage=R2 iteration=2 active_equal=1 next_active_equal=1 input_target_residual=2.384185791015625e-07 input_target_mismatches=42 output_target_residual=2.384185791015625e-07 output_target_mismatches=41 alpha_residual=0 alpha_mismatches=0 velocity_residual=3.7252902984619141e-09 velocity_mismatches=110 transport_state_residual=9.8856042662813037e-16 transport_temperature_residual=0 diffusivity_residual=8.7311491370201111e-11 conductivity_residual=1.4901161193847656e-08 molecular_nu_residual=5.8207660913467407e-11 gas_density_residual=0 face_density_residual=0 momentum_residual=2.7939677238464355e-09 stress_residual=0
PROJECTED_HEUN_OWNER_ITERATION_FIELD stage=R2 iteration=3 field=projection_target units=s^-1 scope=every_value worst_index=54 max_residual=2.5953157500868684e-07 max_local_termwise_enclosure=2187.4438894823766 worst_residual_over_local_bound=3.8966704299365809e-07 passed=1
PROJECTED_HEUN_OWNER_ITERATION_FIELD stage=R2 iteration=3 field=shared_alpha units=dimensionless scope=not_applicable passed=1
PROJECTED_HEUN_OWNER_ITERATION_FIELD stage=R2 iteration=3 field=transport_rhoZ units=kg_m^-3 scope=every_value worst_index=1 max_residual=2.2550482939309724e-09 max_local_termwise_enclosure=2.2550482939309728e-09 worst_residual_over_local_bound=0.99999999999999989 passed=1
PROJECTED_HEUN_OWNER_ITERATION_FIELD stage=R2 iteration=3 field=transport_CH4 units=kg_m^-3 scope=every_value worst_index=1 max_residual=2.4415880393868772e-09 max_local_termwise_enclosure=2.4415880393868776e-09 worst_residual_over_local_bound=0.99999999999999989 passed=1
PROJECTED_HEUN_OWNER_ITERATION_FIELD stage=R2 iteration=3 field=transport_O2 units=kg_m^-3 scope=every_value worst_index=0 max_residual=1.3613253635469391e-08 max_local_termwise_enclosure=1.3613253635469393e-08 worst_residual_over_local_bound=0.99999999999999989 passed=1
PROJECTED_HEUN_OWNER_ITERATION_FIELD stage=R2 iteration=3 field=transport_CO2 units=kg_m^-3 scope=every_value worst_index=1 max_residual=4.7633119226730969e-08 max_local_termwise_enclosure=4.7633119226730975e-08 worst_residual_over_local_bound=0.99999999999999989 passed=1
PROJECTED_HEUN_OWNER_ITERATION_FIELD stage=R2 iteration=3 field=transport_H2O units=kg_m^-3 scope=every_value worst_index=1 max_residual=5.0657222427225035e-10 max_local_termwise_enclosure=5.0657222427225045e-10 worst_residual_over_local_bound=0.99999999999999989 passed=1
PROJECTED_HEUN_OWNER_ITERATION_FIELD stage=R2 iteration=3 field=transport_N2 units=kg_m^-3 scope=every_value worst_index=0 max_residual=4.7052989369383846e-10 max_local_termwise_enclosure=4.7052989369383857e-10 worst_residual_over_local_bound=0.99999999999999989 passed=1
PROJECTED_HEUN_OWNER_ITERATION_FIELD stage=R2 iteration=3 field=transport_CO units=kg_m^-3 scope=every_value worst_index=2 max_residual=2.8269272857166813e-14 max_local_termwise_enclosure=2.8269272857166816e-14 worst_residual_over_local_bound=0.99999999999999989 passed=1
PROJECTED_HEUN_OWNER_ITERATION_FIELD stage=R2 iteration=3 field=transport_carbon units=kg_m^-3 scope=every_value worst_index=0 max_residual=2.4836677590165931e-14 max_local_termwise_enclosure=2.4836677590165934e-14 worst_residual_over_local_bound=0.99999999999999989 passed=1
PROJECTED_HEUN_OWNER_ITERATION_FIELD stage=R2 iteration=3 field=transport_sensible_energy units=J_m^-3 scope=every_value worst_index=0 max_residual=0.042433801689185202 max_local_termwise_enclosure=0.042433801689185209 worst_residual_over_local_bound=0.99999999999999989 passed=1
PROJECTED_HEUN_OWNER_ITERATION_FIELD stage=R2 iteration=3 field=provisional_momentum units=kg_m^-2_s^-1 scope=every_value worst_index=79 max_residual=2.0721318202952594e-14 max_local_termwise_enclosure=8.8143520750250583e-08 worst_residual_over_local_bound=1.1401782584442459e-06 passed=1
PROJECTED_HEUN_OWNER_ITERATION_FIELD stage=R2 iteration=3 field=projected_velocity units=m_s^-1 scope=every_value worst_index=159 max_residual=3.4537683702567934e-09 max_local_termwise_enclosure=0.00081285536174187671 worst_residual_over_local_bound=4.2489334915078561e-06 passed=1
PROJECTED_HEUN_OWNER_ITERATION_FIELD stage=R2 iteration=3 field=transport_temperature units=K scope=every_value worst_index=55 max_residual=0.00015167020637818496 max_local_termwise_enclosure=0.00075370888739819547 worst_residual_over_local_bound=0.43230749352167058 passed=1
PROJECTED_HEUN_OWNER_ITERATION_FIELD stage=R2 iteration=3 field=diffusivity units=m^2_s^-1 scope=every_value worst_index=54 max_residual=8.8334589751389025e-11 max_local_termwise_enclosure=0.0004036424375755942 worst_residual_over_local_bound=1.5684600022116999e-06 passed=1
PROJECTED_HEUN_OWNER_ITERATION_FIELD stage=R2 iteration=3 field=conductivity units=W_m^-1_K^-1 scope=every_value worst_index=12 max_residual=1.8697551076862773e-08 max_local_termwise_enclosure=0.17703931268779072 worst_residual_over_local_bound=3.5687880934193761e-06 passed=1
PROJECTED_HEUN_OWNER_ITERATION_FIELD stage=R2 iteration=3 field=molecular_kinematic_viscosity units=m^2_s^-1 scope=every_value worst_index=58 max_residual=6.7886259656237125e-11 max_local_termwise_enclosure=8.4610106194230335e-09 worst_residual_over_local_bound=0.02268014394158907 passed=1
PROJECTED_HEUN_OWNER_ITERATION_FIELD stage=R2 iteration=3 field=gas_density units=kg_m^-3 scope=every_value worst_index=1 max_residual=1.0434453234786645e-07 max_local_termwise_enclosure=3.2650055794813006e-07 worst_residual_over_local_bound=0.39558474120050413 passed=1
PROJECTED_HEUN_OWNER_ITERATION_FIELD stage=R2 iteration=3 field=physical_rhoZ_flux units=kg_m^-2_s^-1 scope=every_value worst_index=28 max_residual=9.3105508532412805e-11 max_local_termwise_enclosure=0.0010880280201088007 worst_residual_over_local_bound=0.035419751116291073 passed=1
PROJECTED_HEUN_OWNER_ITERATION_FIELD stage=R2 iteration=3 field=physical_CH4_flux units=kg_m^-2_s^-1 scope=every_value worst_index=28 max_residual=8.764603487963242e-11 max_local_termwise_enclosure=0.0011126079931642748 worst_residual_over_local_bound=0.03570050875937264 passed=1
PROJECTED_HEUN_OWNER_ITERATION_FIELD stage=R2 iteration=3 field=physical_O2_flux units=kg_m^-2_s^-1 scope=every_value worst_index=18 max_residual=8.5248472930599295e-11 max_local_termwise_enclosure=0.00062716406473188342 worst_residual_over_local_bound=0.077439036231639238 passed=1
PROJECTED_HEUN_OWNER_ITERATION_FIELD stage=R2 iteration=3 field=physical_CO2_flux units=kg_m^-2_s^-1 scope=every_value worst_index=28 max_residual=6.9926626233238762e-11 max_local_termwise_enclosure=0.00083460724100521916 worst_residual_over_local_bound=0.035419768619364099 passed=1
PROJECTED_HEUN_OWNER_ITERATION_FIELD stage=R2 iteration=3 field=physical_H2O_flux units=kg_m^-2_s^-1 scope=every_value worst_index=18 max_residual=4.4101570876694174e-11 max_local_termwise_enclosure=0.00041325230167267346 worst_residual_over_local_bound=0.082107256342784929 passed=1
PROJECTED_HEUN_OWNER_ITERATION_FIELD stage=R2 iteration=3 field=physical_N2_flux units=kg_m^-2_s^-1 scope=every_value worst_index=18 max_residual=4.4436741151966316e-11 max_local_termwise_enclosure=0.00056797172968147726 worst_residual_over_local_bound=0.065174184537941868 passed=1
PROJECTED_HEUN_OWNER_ITERATION_FIELD stage=R2 iteration=3 field=physical_CO_flux units=kg_m^-2_s^-1 scope=every_value worst_index=18 max_residual=3.2583091045695977e-11 max_local_termwise_enclosure=0.00021016768061656209 worst_residual_over_local_bound=0.090676195327603376 passed=1
PROJECTED_HEUN_OWNER_ITERATION_FIELD stage=R2 iteration=3 field=physical_carbon_flux units=kg_m^-2_s^-1 scope=every_value worst_index=18 max_residual=1.2438580161338042e-11 max_local_termwise_enclosure=0.00024390626276261267 worst_residual_over_local_bound=0.047409958991481704 passed=1
PROJECTED_HEUN_OWNER_ITERATION_FIELD stage=R2 iteration=3 field=physical_energy_flux units=W_m^-2 scope=every_value worst_index=68 max_residual=0.002775693796138512 max_local_termwise_enclosure=62082.225192600745 worst_residual_over_local_bound=0.028107392464167602 passed=1
PROJECTED_HEUN_OWNER_ITERATION_FIELD stage=R2 iteration=3 field=represented_pressure_ratio units=dimensionless scope=every_value worst_index=59 max_residual=1.5339669567904224e-07 max_local_termwise_enclosure=0.00048974825091550975 worst_residual_over_local_bound=0.00031371189767244613 passed=1
PROJECTED_HEUN_OWNER_ITERATION_FIELD stage=R2 iteration=3 field=face_density units=kg_m^-3 scope=every_value worst_index=81 max_residual=9.7762616668717328e-08 max_local_termwise_enclosure=4.2707228437770718e-07 worst_residual_over_local_bound=0.33783539107480276 passed=1
PROJECTED_HEUN_OWNER_ITERATION_FIELD stage=R2 iteration=3 field=projected_momentum units=kg_m^-2_s^-1 scope=every_value worst_index=159 max_residual=1.9610315992596439e-09 max_local_termwise_enclosure=0.00086323123406553605 worst_residual_over_local_bound=3.8498641629631362e-06 passed=1
PROJECTED_HEUN_OWNER_ITERATION_FIELD stage=R2 iteration=3 field=stress_input units=kg_m^-2_s^-2 scope=not_applicable passed=1
PROJECTED_HEUN_OWNER_TARGET_ENCLOSURE stage=R2 iteration=3 units=s^-1 scope=every_cell worst_cell=12 max_residual=5.4080051592464429e-07 max_local_termwise_enclosure=10.775804556963944 worst_residual_over_local_bound=5.2880425217406981e-07 passed=1
PROJECTED_HEUN_OWNER_ITERATION_TRACE stage=R2 iteration=3 active_equal=1 next_active_equal=1 input_target_residual=2.5953157500868684e-07 input_target_bit_mismatches=48 output_target_residual=5.4080051592464429e-07 output_target_bit_mismatches=50 alpha_residual=0 alpha_bit_mismatches=0 velocity_residual=3.4537683702567934e-09 velocity_bit_mismatches=196 transport_state_residual=0.042433801689185202 transport_temperature_residual=0.00015167020637818496 diffusivity_residual=8.8334589751389025e-11 conductivity_residual=1.8697551076862773e-08 molecular_nu_residual=6.7886259656237125e-11 gas_density_residual=1.0434453234786645e-07 molecular_nu_worst=22 molecular_nu_metal=0.00023964345746207982 molecular_nu_fp64=0.00023964338957582017 face_density_residual=9.7762616668717328e-08 momentum_residual=1.9610315992596439e-09 stress_residual=0
PROJECTED_HEUN_OWNER_ITERATION_TRACE_FP32 stage=R2 iteration=3 active_equal=1 next_active_equal=1 input_target_residual=2.384185791015625e-07 input_target_mismatches=41 output_target_residual=2.384185791015625e-07 output_target_mismatches=40 alpha_residual=0 alpha_mismatches=0 velocity_residual=1.862645149230957e-09 velocity_mismatches=80 transport_state_residual=9.8856042662813037e-16 transport_temperature_residual=0 diffusivity_residual=8.7311491370201111e-11 conductivity_residual=1.4901161193847656e-08 molecular_nu_residual=5.8207660913467407e-11 gas_density_residual=0 face_density_residual=0 momentum_residual=9.3132257461547852e-10 stress_residual=0
PROJECTED_HEUN_OWNER_ITERATION_FIELD stage=R2 iteration=4 field=projection_target units=s^-1 scope=every_value worst_index=12 max_residual=5.4080051592464429e-07 max_local_termwise_enclosure=10.775804556963944 worst_residual_over_local_bound=5.2880425217406981e-07 passed=1
PROJECTED_HEUN_OWNER_ITERATION_FIELD stage=R2 iteration=4 field=shared_alpha units=dimensionless scope=not_applicable passed=1
PROJECTED_HEUN_OWNER_ITERATION_FIELD stage=R2 iteration=4 field=transport_rhoZ units=kg_m^-3 scope=every_value worst_index=1 max_residual=2.2550482939309724e-09 max_local_termwise_enclosure=2.2550482939309728e-09 worst_residual_over_local_bound=0.99999999999999989 passed=1
PROJECTED_HEUN_OWNER_ITERATION_FIELD stage=R2 iteration=4 field=transport_CH4 units=kg_m^-3 scope=every_value worst_index=1 max_residual=2.4415880393868772e-09 max_local_termwise_enclosure=2.4415880393868776e-09 worst_residual_over_local_bound=0.99999999999999989 passed=1
PROJECTED_HEUN_OWNER_ITERATION_FIELD stage=R2 iteration=4 field=transport_O2 units=kg_m^-3 scope=every_value worst_index=0 max_residual=1.3613253635469391e-08 max_local_termwise_enclosure=1.3613253635469393e-08 worst_residual_over_local_bound=0.99999999999999989 passed=1
PROJECTED_HEUN_OWNER_ITERATION_FIELD stage=R2 iteration=4 field=transport_CO2 units=kg_m^-3 scope=every_value worst_index=1 max_residual=4.7633119226730969e-08 max_local_termwise_enclosure=4.7633119226730975e-08 worst_residual_over_local_bound=0.99999999999999989 passed=1
PROJECTED_HEUN_OWNER_ITERATION_FIELD stage=R2 iteration=4 field=transport_H2O units=kg_m^-3 scope=every_value worst_index=1 max_residual=5.0657222427225035e-10 max_local_termwise_enclosure=5.0657222427225045e-10 worst_residual_over_local_bound=0.99999999999999989 passed=1
PROJECTED_HEUN_OWNER_ITERATION_FIELD stage=R2 iteration=4 field=transport_N2 units=kg_m^-3 scope=every_value worst_index=0 max_residual=4.7052989369383846e-10 max_local_termwise_enclosure=4.7052989369383857e-10 worst_residual_over_local_bound=0.99999999999999989 passed=1
PROJECTED_HEUN_OWNER_ITERATION_FIELD stage=R2 iteration=4 field=transport_CO units=kg_m^-3 scope=every_value worst_index=2 max_residual=2.8269272857166813e-14 max_local_termwise_enclosure=2.8269272857166816e-14 worst_residual_over_local_bound=0.99999999999999989 passed=1
PROJECTED_HEUN_OWNER_ITERATION_FIELD stage=R2 iteration=4 field=transport_carbon units=kg_m^-3 scope=every_value worst_index=0 max_residual=2.4836677590165931e-14 max_local_termwise_enclosure=2.4836677590165934e-14 worst_residual_over_local_bound=0.99999999999999989 passed=1
PROJECTED_HEUN_OWNER_ITERATION_FIELD stage=R2 iteration=4 field=transport_sensible_energy units=J_m^-3 scope=every_value worst_index=0 max_residual=0.042433801689185202 max_local_termwise_enclosure=0.042433801689185209 worst_residual_over_local_bound=0.99999999999999989 passed=1
PROJECTED_HEUN_OWNER_ITERATION_FIELD stage=R2 iteration=4 field=provisional_momentum units=kg_m^-2_s^-1 scope=every_value worst_index=79 max_residual=2.0721318202952594e-14 max_local_termwise_enclosure=8.8143520750250583e-08 worst_residual_over_local_bound=1.1401782584442459e-06 passed=1
PROJECTED_HEUN_OWNER_ITERATION_FIELD stage=R2 iteration=4 field=projected_velocity units=m_s^-1 scope=every_value worst_index=159 max_residual=5.0001244455630256e-09 max_local_termwise_enclosure=0.00081323588955441823 worst_residual_over_local_bound=6.1484306211604292e-06 passed=1
PROJECTED_HEUN_OWNER_ITERATION_FIELD stage=R2 iteration=4 field=transport_temperature units=K scope=every_value worst_index=55 max_residual=0.00015167020637818496 max_local_termwise_enclosure=0.00075370888739819547 worst_residual_over_local_bound=0.43230749352167058 passed=1
PROJECTED_HEUN_OWNER_ITERATION_FIELD stage=R2 iteration=4 field=diffusivity units=m^2_s^-1 scope=every_value worst_index=54 max_residual=9.5376557021110975e-11 max_local_termwise_enclosure=0.00042130562037913453 worst_residual_over_local_bound=1.9924657708321816e-06 passed=1
PROJECTED_HEUN_OWNER_ITERATION_FIELD stage=R2 iteration=4 field=conductivity units=W_m^-1_K^-1 scope=every_value worst_index=12 max_residual=1.9214286134383585e-08 max_local_termwise_enclosure=0.18478796807200704 worst_residual_over_local_bound=3.6662488031362015e-06 passed=1
PROJECTED_HEUN_OWNER_ITERATION_FIELD stage=R2 iteration=4 field=molecular_kinematic_viscosity units=m^2_s^-1 scope=every_value worst_index=58 max_residual=6.7886259656237125e-11 max_local_termwise_enclosure=8.4610106194230335e-09 worst_residual_over_local_bound=0.02268014394158907 passed=1
PROJECTED_HEUN_OWNER_ITERATION_FIELD stage=R2 iteration=4 field=gas_density units=kg_m^-3 scope=every_value worst_index=1 max_residual=1.0434453234786645e-07 max_local_termwise_enclosure=3.2650055794813006e-07 worst_residual_over_local_bound=0.39558474120050413 passed=1
PROJECTED_HEUN_OWNER_ITERATION_FIELD stage=R2 iteration=4 field=physical_rhoZ_flux units=kg_m^-2_s^-1 scope=every_value worst_index=28 max_residual=9.9010720331022331e-11 max_local_termwise_enclosure=0.0011139925657711605 worst_residual_over_local_bound=0.035408645446623969 passed=1
PROJECTED_HEUN_OWNER_ITERATION_FIELD stage=R2 iteration=4 field=physical_CH4_flux units=kg_m^-2_s^-1 scope=every_value worst_index=28 max_residual=9.352615376763667e-11 max_local_termwise_enclosure=0.001139159112187549 worst_residual_over_local_bound=0.035689026239077361 passed=1
PROJECTED_HEUN_OWNER_ITERATION_FIELD stage=R2 iteration=4 field=physical_O2_flux units=kg_m^-2_s^-1 scope=every_value worst_index=18 max_residual=8.5248523010795014e-11 max_local_termwise_enclosure=0.00064213061714120552 worst_residual_over_local_bound=0.077339249427123558 passed=1
PROJECTED_HEUN_OWNER_ITERATION_FIELD stage=R2 iteration=4 field=physical_CO2_flux units=kg_m^-2_s^-1 scope=every_value worst_index=28 max_residual=7.7856418360944257e-11 max_local_termwise_enclosure=0.00085452418971217593 worst_residual_over_local_bound=0.035408662944218912 passed=1
PROJECTED_HEUN_OWNER_ITERATION_FIELD stage=R2 iteration=4 field=physical_H2O_flux units=kg_m^-2_s^-1 scope=every_value worst_index=18 max_residual=4.4101590452305372e-11 max_local_termwise_enclosure=0.00042311409573706637 worst_residual_over_local_bound=0.081999384223136351 passed=1
PROJECTED_HEUN_OWNER_ITERATION_FIELD stage=R2 iteration=4 field=physical_N2_flux units=kg_m^-2_s^-1 scope=every_value worst_index=18 max_residual=4.4287890746867546e-11 max_local_termwise_enclosure=0.00058152572682677525 worst_residual_over_local_bound=0.065087905238565225 passed=1
PROJECTED_HEUN_OWNER_ITERATION_FIELD stage=R2 iteration=4 field=physical_CO_flux units=kg_m^-2_s^-1 scope=every_value worst_index=18 max_residual=3.2583108392907427e-11 max_local_termwise_enclosure=0.00021518309168864393 worst_residual_over_local_bound=0.09055931840933143 passed=1
PROJECTED_HEUN_OWNER_ITERATION_FIELD stage=R2 iteration=4 field=physical_carbon_flux units=kg_m^-2_s^-1 scope=every_value worst_index=18 max_residual=1.2150729332977567e-11 max_local_termwise_enclosure=0.00024972680758195598 worst_residual_over_local_bound=0.047346190239272466 passed=1
PROJECTED_HEUN_OWNER_ITERATION_FIELD stage=R2 iteration=4 field=physical_energy_flux units=W_m^-2 scope=every_value worst_index=68 max_residual=0.0020180608007649425 max_local_termwise_enclosure=63347.036536503336 worst_residual_over_local_bound=0.028080724532387288 passed=1
PROJECTED_HEUN_OWNER_ITERATION_FIELD stage=R2 iteration=4 field=represented_pressure_ratio units=dimensionless scope=every_value worst_index=59 max_residual=1.5339669567904224e-07 max_local_termwise_enclosure=0.00048974825091550975 worst_residual_over_local_bound=0.00031371189767244613 passed=1
PROJECTED_HEUN_OWNER_ITERATION_FIELD stage=R2 iteration=4 field=face_density units=kg_m^-3 scope=every_value worst_index=81 max_residual=9.7762616668717328e-08 max_local_termwise_enclosure=4.2707228437770718e-07 worst_residual_over_local_bound=0.33783539107480276 passed=1
PROJECTED_HEUN_OWNER_ITERATION_FIELD stage=R2 iteration=4 field=projected_momentum units=kg_m^-2_s^-1 scope=every_value worst_index=159 max_residual=2.9082866093675663e-09 max_local_termwise_enclosure=0.00086363534451378921 worst_residual_over_local_bound=5.824391829948668e-06 passed=1
PROJECTED_HEUN_OWNER_ITERATION_FIELD stage=R2 iteration=4 field=stress_input units=kg_m^-2_s^-2 scope=not_applicable passed=1
PROJECTED_HEUN_OWNER_TARGET_ENCLOSURE stage=R2 iteration=4 units=s^-1 scope=every_cell worst_cell=38 max_residual=3.404099833126395e-07 max_local_termwise_enclosure=10.961123302515423 worst_residual_over_local_bound=4.082315396117809e-07 passed=1
PROJECTED_HEUN_OWNER_ITERATION_TRACE stage=R2 iteration=4 active_equal=1 next_active_equal=1 input_target_residual=5.4080051592464429e-07 input_target_bit_mismatches=50 output_target_residual=3.404099833126395e-07 output_target_bit_mismatches=46 alpha_residual=0 alpha_bit_mismatches=0 velocity_residual=5.0001244455630256e-09 velocity_bit_mismatches=197 transport_state_residual=0.042433801689185202 transport_temperature_residual=0.00015167020637818496 diffusivity_residual=9.5376557021110975e-11 conductivity_residual=1.9214286134383585e-08 molecular_nu_residual=6.7886259656237125e-11 gas_density_residual=1.0434453234786645e-07 molecular_nu_worst=22 molecular_nu_metal=0.00023964345746207982 molecular_nu_fp64=0.00023964338957582017 face_density_residual=9.7762616668717328e-08 momentum_residual=2.9082866093675663e-09 stress_residual=0
PROJECTED_HEUN_OWNER_ITERATION_TRACE_FP32 stage=R2 iteration=4 active_equal=1 next_active_equal=1 input_target_residual=2.384185791015625e-07 input_target_mismatches=40 output_target_residual=1.1920928955078125e-07 output_target_mismatches=36 alpha_residual=0 alpha_mismatches=0 velocity_residual=2.7939677238464355e-09 velocity_mismatches=133 transport_state_residual=9.8856042662813037e-16 transport_temperature_residual=0 diffusivity_residual=8.7311491370201111e-11 conductivity_residual=1.4901161193847656e-08 molecular_nu_residual=5.8207660913467407e-11 gas_density_residual=0 face_density_residual=0 momentum_residual=1.862645149230957e-09 stress_residual=0
PROJECTED_HEUN_OWNER_ITERATION_FIELD stage=R2 iteration=5 field=projection_target units=s^-1 scope=every_value worst_index=38 max_residual=3.404099833126395e-07 max_local_termwise_enclosure=10.961123302515423 worst_residual_over_local_bound=4.082315396117809e-07 passed=1
PROJECTED_HEUN_OWNER_ITERATION_FIELD stage=R2 iteration=5 field=shared_alpha units=dimensionless scope=not_applicable passed=1
PROJECTED_HEUN_OWNER_ITERATION_FIELD stage=R2 iteration=5 field=transport_rhoZ units=kg_m^-3 scope=every_value worst_index=1 max_residual=2.2550482939309724e-09 max_local_termwise_enclosure=2.2550482939309728e-09 worst_residual_over_local_bound=0.99999999999999989 passed=1
PROJECTED_HEUN_OWNER_ITERATION_FIELD stage=R2 iteration=5 field=transport_CH4 units=kg_m^-3 scope=every_value worst_index=1 max_residual=2.4415880393868772e-09 max_local_termwise_enclosure=2.4415880393868776e-09 worst_residual_over_local_bound=0.99999999999999989 passed=1
PROJECTED_HEUN_OWNER_ITERATION_FIELD stage=R2 iteration=5 field=transport_O2 units=kg_m^-3 scope=every_value worst_index=0 max_residual=1.3613253635469391e-08 max_local_termwise_enclosure=1.3613253635469393e-08 worst_residual_over_local_bound=0.99999999999999989 passed=1
PROJECTED_HEUN_OWNER_ITERATION_FIELD stage=R2 iteration=5 field=transport_CO2 units=kg_m^-3 scope=every_value worst_index=1 max_residual=4.7633119226730969e-08 max_local_termwise_enclosure=4.7633119226730975e-08 worst_residual_over_local_bound=0.99999999999999989 passed=1
PROJECTED_HEUN_OWNER_ITERATION_FIELD stage=R2 iteration=5 field=transport_H2O units=kg_m^-3 scope=every_value worst_index=1 max_residual=5.0657222427225035e-10 max_local_termwise_enclosure=5.0657222427225045e-10 worst_residual_over_local_bound=0.99999999999999989 passed=1
PROJECTED_HEUN_OWNER_ITERATION_FIELD stage=R2 iteration=5 field=transport_N2 units=kg_m^-3 scope=every_value worst_index=0 max_residual=4.7052989369383846e-10 max_local_termwise_enclosure=4.7052989369383857e-10 worst_residual_over_local_bound=0.99999999999999989 passed=1
PROJECTED_HEUN_OWNER_ITERATION_FIELD stage=R2 iteration=5 field=transport_CO units=kg_m^-3 scope=every_value worst_index=2 max_residual=2.8269272857166813e-14 max_local_termwise_enclosure=2.8269272857166816e-14 worst_residual_over_local_bound=0.99999999999999989 passed=1
PROJECTED_HEUN_OWNER_ITERATION_FIELD stage=R2 iteration=5 field=transport_carbon units=kg_m^-3 scope=every_value worst_index=0 max_residual=2.4836677590165931e-14 max_local_termwise_enclosure=2.4836677590165934e-14 worst_residual_over_local_bound=0.99999999999999989 passed=1
PROJECTED_HEUN_OWNER_ITERATION_FIELD stage=R2 iteration=5 field=transport_sensible_energy units=J_m^-3 scope=every_value worst_index=0 max_residual=0.042433801689185202 max_local_termwise_enclosure=0.042433801689185209 worst_residual_over_local_bound=0.99999999999999989 passed=1
PROJECTED_HEUN_OWNER_ITERATION_FIELD stage=R2 iteration=5 field=provisional_momentum units=kg_m^-2_s^-1 scope=every_value worst_index=79 max_residual=2.0721318202952594e-14 max_local_termwise_enclosure=8.8143520750250583e-08 worst_residual_over_local_bound=1.1401782584442459e-06 passed=1
PROJECTED_HEUN_OWNER_ITERATION_FIELD stage=R2 iteration=5 field=projected_velocity units=m_s^-1 scope=every_value worst_index=159 max_residual=4.3241729303158949e-09 max_local_termwise_enclosure=0.00081302685065978112 worst_residual_over_local_bound=5.3186102363123388e-06 passed=1
PROJECTED_HEUN_OWNER_ITERATION_FIELD stage=R2 iteration=5 field=transport_temperature units=K scope=every_value worst_index=55 max_residual=0.00015167020637818496 max_local_termwise_enclosure=0.00075370888739819547 worst_residual_over_local_bound=0.43230749352167058 passed=1
PROJECTED_HEUN_OWNER_ITERATION_FIELD stage=R2 iteration=5 field=diffusivity units=m^2_s^-1 scope=every_value worst_index=54 max_residual=9.6622952911254445e-11 max_local_termwise_enclosure=0.0004113980429484826 worst_residual_over_local_bound=2.019550327655097e-06 passed=1
PROJECTED_HEUN_OWNER_ITERATION_FIELD stage=R2 iteration=5 field=conductivity units=W_m^-1_K^-1 scope=every_value worst_index=12 max_residual=1.9229859121727699e-08 max_local_termwise_enclosure=0.18044161645131057 worst_residual_over_local_bound=3.6698510667143414e-06 passed=1
PROJECTED_HEUN_OWNER_ITERATION_FIELD stage=R2 iteration=5 field=molecular_kinematic_viscosity units=m^2_s^-1 scope=every_value worst_index=58 max_residual=6.7886259656237125e-11 max_local_termwise_enclosure=8.4610106194230335e-09 worst_residual_over_local_bound=0.02268014394158907 passed=1
PROJECTED_HEUN_OWNER_ITERATION_FIELD stage=R2 iteration=5 field=gas_density units=kg_m^-3 scope=every_value worst_index=1 max_residual=1.0434453234786645e-07 max_local_termwise_enclosure=3.2650055794813006e-07 worst_residual_over_local_bound=0.39558474120050413 passed=1
PROJECTED_HEUN_OWNER_ITERATION_FIELD stage=R2 iteration=5 field=physical_rhoZ_flux units=kg_m^-2_s^-1 scope=every_value worst_index=28 max_residual=9.8815433022562613e-11 max_local_termwise_enclosure=0.0010985035269376825 worst_residual_over_local_bound=0.035414666686596451 passed=1
PROJECTED_HEUN_OWNER_ITERATION_FIELD stage=R2 iteration=5 field=physical_CH4_flux units=kg_m^-2_s^-1 scope=every_value worst_index=28 max_residual=9.2104555766644482e-11 max_local_termwise_enclosure=0.0011233201559494711 worst_residual_over_local_bound=0.035695251698064895 passed=1
PROJECTED_HEUN_OWNER_ITERATION_FIELD stage=R2 iteration=5 field=physical_O2_flux units=kg_m^-2_s^-1 scope=every_value worst_index=18 max_residual=8.5248523312266132e-11 max_local_termwise_enclosure=0.0006332023843540047 worst_residual_over_local_bound=0.077396689716939651 passed=1
PROJECTED_HEUN_OWNER_ITERATION_FIELD stage=R2 iteration=5 field=physical_CO2_flux units=kg_m^-2_s^-1 scope=every_value worst_index=28 max_residual=7.6693204589220638e-11 max_local_termwise_enclosure=0.00084264281909759585 worst_residual_over_local_bound=0.035414684187159609 passed=1
PROJECTED_HEUN_OWNER_ITERATION_FIELD stage=R2 iteration=5 field=physical_H2O_flux units=kg_m^-2_s^-1 scope=every_value worst_index=18 max_residual=4.4101590559448907e-11 max_local_termwise_enclosure=0.00041723108477667863 worst_residual_over_local_bound=0.082061470985649074 passed=1
PROJECTED_HEUN_OWNER_ITERATION_FIELD stage=R2 iteration=5 field=physical_N2_flux units=kg_m^-2_s^-1 scope=every_value worst_index=18 max_residual=4.4272232194260874e-11 max_local_termwise_enclosure=0.00057344014789365656 worst_residual_over_local_bound=0.065137568477622851 passed=1
PROJECTED_HEUN_OWNER_ITERATION_FIELD stage=R2 iteration=5 field=physical_CO_flux units=kg_m^-2_s^-1 scope=every_value worst_index=18 max_residual=3.2583108392907162e-11 max_local_termwise_enclosure=0.00021219116970178762 worst_residual_over_local_bound=0.090626593105232023 passed=1
PROJECTED_HEUN_OWNER_ITERATION_FIELD stage=R2 iteration=5 field=physical_carbon_flux units=kg_m^-2_s^-1 scope=every_value worst_index=18 max_residual=1.215072932381655e-11 max_local_termwise_enclosure=0.00024625458650743751 worst_residual_over_local_bound=0.047382888537052366 passed=1
PROJECTED_HEUN_OWNER_ITERATION_FIELD stage=R2 iteration=5 field=physical_energy_flux units=W_m^-2 scope=every_value worst_index=68 max_residual=0.0019943487877753796 max_local_termwise_enclosure=62600.93607379841 worst_residual_over_local_bound=0.02809547492668003 passed=1
PROJECTED_HEUN_OWNER_ITERATION_FIELD stage=R2 iteration=5 field=represented_pressure_ratio units=dimensionless scope=every_value worst_index=59 max_residual=1.5339669567904224e-07 max_local_termwise_enclosure=0.00048974825091550975 worst_residual_over_local_bound=0.00031371189767244613 passed=1
PROJECTED_HEUN_OWNER_ITERATION_FIELD stage=R2 iteration=5 field=face_density units=kg_m^-3 scope=every_value worst_index=81 max_residual=9.7762616668717328e-08 max_local_termwise_enclosure=4.2707228437770718e-07 worst_residual_over_local_bound=0.33783539107480276 passed=1
PROJECTED_HEUN_OWNER_ITERATION_FIELD stage=R2 iteration=5 field=projected_momentum units=kg_m^-2_s^-1 scope=every_value worst_index=159 max_residual=2.6532978869564516e-09 max_local_termwise_enclosure=0.00086341335075154895 worst_residual_over_local_bound=4.9944898105541513e-06 passed=1
PROJECTED_HEUN_OWNER_ITERATION_FIELD stage=R2 iteration=5 field=stress_input units=kg_m^-2_s^-2 scope=not_applicable passed=1
PROJECTED_HEUN_OWNER_TARGET_ENCLOSURE stage=R2 iteration=5 units=s^-1 scope=every_cell worst_cell=46 max_residual=3.3390873488414741e-07 max_local_termwise_enclosure=10.851648991098859 worst_residual_over_local_bound=4.4109548835656576e-07 passed=1
PROJECTED_HEUN_OWNER_ITERATION_TRACE stage=R2 iteration=5 active_equal=1 next_active_equal=1 input_target_residual=3.404099833126395e-07 input_target_bit_mismatches=46 output_target_residual=3.3390873488414741e-07 output_target_bit_mismatches=44 alpha_residual=0 alpha_bit_mismatches=0 velocity_residual=4.3241729303158949e-09 velocity_bit_mismatches=205 transport_state_residual=0.042433801689185202 transport_temperature_residual=0.00015167020637818496 diffusivity_residual=9.6622952911254445e-11 conductivity_residual=1.9229859121727699e-08 molecular_nu_residual=6.7886259656237125e-11 gas_density_residual=1.0434453234786645e-07 molecular_nu_worst=22 molecular_nu_metal=0.00023964345746207982 molecular_nu_fp64=0.00023964338957582017 face_density_residual=9.7762616668717328e-08 momentum_residual=2.6532978869564516e-09 stress_residual=0
PROJECTED_HEUN_OWNER_ITERATION_TRACE_FP32 stage=R2 iteration=5 active_equal=1 next_active_equal=1 input_target_residual=1.1920928955078125e-07 input_target_mismatches=36 output_target_residual=1.1920928955078125e-07 output_target_mismatches=37 alpha_residual=0 alpha_mismatches=0 velocity_residual=2.7939677238464355e-09 velocity_mismatches=104 transport_state_residual=9.8856042662813037e-16 transport_temperature_residual=0 diffusivity_residual=8.7311491370201111e-11 conductivity_residual=1.4901161193847656e-08 molecular_nu_residual=5.8207660913467407e-11 gas_density_residual=0 face_density_residual=0 momentum_residual=1.862645149230957e-09 stress_residual=0
PROJECTED_HEUN_OWNER_ITERATION_FIELD stage=R3 iteration=0 field=physical_energy_flux_mutant units=W_m^-2 scope=every_value worst_index=0 max_residual=0.00097703957010253362 max_local_termwise_enclosure=0.00048851978505129456 worst_residual_over_local_bound=1.9999999999998863 passed=0
