OWNER_COST_SNAPSHOT_SCOPE_RED count=2 passed=1
capstone probe workers=8 target=0.00493879791 grid=69x69x106 dx=0.0305931161 t_ft=2.09320803
capstone step-start=0 speed=0 gprime=0 nu=2.23472097e-05 selected=5.23521035 previous=0
capstone event-step=0.00164626597 pilot_ceiling=0.0115509308 ramp_end=0.209320803
RISE_FIRE_OWNER_PROFILE_V1 {"scope":2,"parent":1,"phase":"Prepare","stage":4294967295,"raw_iteration":4294967295,"iteration_kind":"owner","wall_ms":106.339125000,"device_sum_ms":2.780375071,"wall_minus_device_ms":103.558749929,"exclusive_wall_ms":106.339125000,"exclusive_device_sum_ms":2.780375071,"child_observer_wall_ms":0.000000000,"count_scope":"inclusive","owner_commits":1,"projection_invocations":0}
RISE_FIRE_OWNER_PROFILE_V1 {"scope":5,"parent":4,"phase":"ProjectionAdapter","stage":0,"raw_iteration":4294967295,"iteration_kind":"bootstrap","wall_ms":30.797584000,"device_sum_ms":16.051624902,"wall_minus_device_ms":14.745959098,"exclusive_wall_ms":30.797584000,"exclusive_device_sum_ms":16.051624902,"child_observer_wall_ms":0.000000000,"count_scope":"inclusive","owner_commits":0,"projection_invocations":1}
RISE_FIRE_OWNER_PROFILE_V1 {"scope":4,"parent":3,"phase":"Project","stage":0,"raw_iteration":4294967295,"iteration_kind":"bootstrap","wall_ms":32.465667000,"device_sum_ms":16.105624847,"wall_minus_device_ms":16.360042153,"exclusive_wall_ms":1.659833000,"exclusive_device_sum_ms":0.053999946,"child_observer_wall_ms":0.008250000,"count_scope":"inclusive","owner_commits":2,"projection_invocations":1}
PRODUCER_COMMAND_V1 stage=0 raw_iteration=4294967295 cpu_begin=1975675218898416 cpu_end=1975676016305958 gpu_begin=1975675218898416 gpu_end=1975676016305958 device_ms=705.10229165665805 encoders=38 interval_scope=possibly_overlapping
PRODUCER_KERNEL_V1 stage=0 raw_iteration=4294967295 ordinal=0 kernel=owner_pack_faces threads=1533387 begin_tick=1975675311268666 end_tick=1975675311319583 ms_per_tick=9.9999999999999995e-07 device_ms=0.050916999999999997
PRODUCER_KERNEL_V1 stage=0 raw_iteration=4294967295 ordinal=1 kernel=owner_pack_faces threads=1533387 begin_tick=1975675311315000 end_tick=1975675311369000 ms_per_tick=9.9999999999999995e-07 device_ms=0.053999999999999999
PRODUCER_KERNEL_V1 stage=0 raw_iteration=4294967295 ordinal=2 kernel=owner_pack_faces threads=1533387 begin_tick=1975675311482958 end_tick=1975675311581041 ms_per_tick=9.9999999999999995e-07 device_ms=0.09808299999999999
PRODUCER_KERNEL_V1 stage=0 raw_iteration=4294967295 ordinal=3 kernel=fct_extract_gas_density threads=504666 begin_tick=1975675311476875 end_tick=1975675311529083 ms_per_tick=9.9999999999999995e-07 device_ms=0.052207999999999997
PRODUCER_KERNEL_V1 stage=0 raw_iteration=4294967295 ordinal=4 kernel=owner_gas_source threads=504666 begin_tick=1975675311529083 end_tick=1975675311576791 ms_per_tick=9.9999999999999995e-07 device_ms=0.047708
PRODUCER_KERNEL_V1 stage=0 raw_iteration=4294967295 ordinal=5 kernel=evaluate_resident_transport threads=504666 begin_tick=1975675311629541 end_tick=1975675312106708 ms_per_tick=9.9999999999999995e-07 device_ms=0.47716699999999995
PRODUCER_KERNEL_V1 stage=0 raw_iteration=4294967295 ordinal=6 kernel=identify_resident_transport threads=1 begin_tick=1975675312107083 end_tick=1975675312110666 ms_per_tick=9.9999999999999995e-07 device_ms=0.0035829999999999998
PRODUCER_KERNEL_V1 stage=0 raw_iteration=4294967295 ordinal=7 kernel=owner_bind_transport threads=1 begin_tick=1975675312111125 end_tick=1975675312114666 ms_per_tick=9.9999999999999995e-07 device_ms=0.0035409999999999999
PRODUCER_KERNEL_V1 stage=0 raw_iteration=4294967295 ordinal=8 kernel=identify_resident_owner_endpoint_class threads=1 begin_tick=1975675312115666 end_tick=1975675312119291 ms_per_tick=9.9999999999999995e-07 device_ms=0.0036249999999999998
PRODUCER_KERNEL_V1 stage=0 raw_iteration=4294967295 ordinal=9 kernel=evaluate_resident_physical_flux threads=1533387 begin_tick=1975675313067875 end_tick=1975675314403791 ms_per_tick=9.9999999999999995e-07 device_ms=1.3359159999999999
PRODUCER_KERNEL_V1 stage=0 raw_iteration=4294967295 ordinal=10 kernel=evaluate_resident_advective_pair threads=13800483 begin_tick=1975675314746083 end_tick=1975675322204375 ms_per_tick=9.9999999999999995e-07 device_ms=7.4582919999999993
PRODUCER_KERNEL_V1 stage=0 raw_iteration=4294967295 ordinal=11 kernel=finalize_resident_advective_high threads=13800483 begin_tick=1975675322205083 end_tick=1975675322630375 ms_per_tick=9.9999999999999995e-07 device_ms=0.425292
PRODUCER_KERNEL_V1 stage=0 raw_iteration=4294967295 ordinal=12 kernel=compose_resident_flux_pair threads=13800483 begin_tick=1975675322630875 end_tick=1975675323512916 ms_per_tick=9.9999999999999995e-07 device_ms=0.88204099999999996
PRODUCER_KERNEL_V1 stage=0 raw_iteration=4294967295 ordinal=13 kernel=validate_resident_physical_flux threads=13800483 begin_tick=1975675323513666 end_tick=1975675324460333 ms_per_tick=9.9999999999999995e-07 device_ms=0.94666699999999993
PRODUCER_KERNEL_V1 stage=0 raw_iteration=4294967295 ordinal=14 kernel=identify_resident_physical_flux threads=32 begin_tick=1975675324460958 end_tick=1975675324464583 ms_per_tick=9.9999999999999995e-07 device_ms=0.0036249999999999998
PRODUCER_KERNEL_V1 stage=0 raw_iteration=4294967295 ordinal=15 kernel=fct_build_ratios threads=5551326 begin_tick=1975675324465083 end_tick=1975675328399958 ms_per_tick=9.9999999999999995e-07 device_ms=3.9348749999999999
PRODUCER_KERNEL_V1 stage=0 raw_iteration=4294967295 ordinal=16 kernel=fct_build_face_alpha threads=1533387 begin_tick=1975675328400541 end_tick=1975675328680583 ms_per_tick=9.9999999999999995e-07 device_ms=0.28004200000000001
PRODUCER_KERNEL_V1 stage=0 raw_iteration=4294967295 ordinal=17 kernel=fct_commit_scalar threads=504666 begin_tick=1975675328681166 end_tick=1975675328876000 ms_per_tick=9.9999999999999995e-07 device_ms=0.19483399999999998
PRODUCER_KERNEL_V1 stage=0 raw_iteration=4294967295 ordinal=18 kernel=owner_bind_candidate threads=1 begin_tick=1975675328876541 end_tick=1975675328880458 ms_per_tick=9.9999999999999995e-07 device_ms=0.0039169999999999995
PRODUCER_KERNEL_V1 stage=0 raw_iteration=4294967295 ordinal=19 kernel=finalize_resident_eos_candidate threads=1 begin_tick=1975675328881000 end_tick=1975675328883416 ms_per_tick=9.9999999999999995e-07 device_ms=0.0024159999999999997
PRODUCER_KERNEL_V1 stage=0 raw_iteration=4294967295 ordinal=20 kernel=evaluate_resident_eos_candidate threads=504666 begin_tick=1975675328883791 end_tick=1975675898371416 ms_per_tick=9.9999999999999995e-07 device_ms=569.48762499999998
PRODUCER_KERNEL_V1 stage=0 raw_iteration=4294967295 ordinal=21 kernel=finalize_resident_eos_candidate threads=1 begin_tick=1975675898389708 end_tick=1975675898392541 ms_per_tick=9.9999999999999995e-07 device_ms=0.002833
PRODUCER_KERNEL_V1 stage=0 raw_iteration=4294967295 ordinal=22 kernel=identify_resident_eos threads=1 begin_tick=1975675898393000 end_tick=1975675898395666 ms_per_tick=9.9999999999999995e-07 device_ms=0.002666
PRODUCER_KERNEL_V1 stage=0 raw_iteration=4294967295 ordinal=23 kernel=produce_resident_frozen_source threads=504666 begin_tick=1975675898396125 end_tick=1975675898427708 ms_per_tick=9.9999999999999995e-07 device_ms=0.031583
PRODUCER_KERNEL_V1 stage=0 raw_iteration=4294967295 ordinal=24 kernel=identify_resident_frozen_source threads=1 begin_tick=1975675898428083 end_tick=1975675898430916 ms_per_tick=9.9999999999999995e-07 device_ms=0.002833
PRODUCER_KERNEL_V1 stage=0 raw_iteration=4294967295 ordinal=25 kernel=evaluate_resident_target_terms threads=504666 begin_tick=1975675898431375 end_tick=1975676015564958 ms_per_tick=9.9999999999999995e-07 device_ms=117.133583
PRODUCER_KERNEL_V1 stage=0 raw_iteration=4294967295 ordinal=26 kernel=finalize_resident_target threads=1 begin_tick=1975676015581416 end_tick=1975676015584625 ms_per_tick=9.9999999999999995e-07 device_ms=0.003209
PRODUCER_KERNEL_V1 stage=0 raw_iteration=4294967295 ordinal=27 kernel=identify_resident_target threads=1 begin_tick=1975676015584916 end_tick=1975676015587791 ms_per_tick=9.9999999999999995e-07 device_ms=0.002875
PRODUCER_KERNEL_V1 stage=0 raw_iteration=4294967295 ordinal=28 kernel=issue_resident_projection_consumer threads=1 begin_tick=1975676015588125 end_tick=1975676015592000 ms_per_tick=9.9999999999999995e-07 device_ms=0.003875
PRODUCER_KERNEL_V1 stage=0 raw_iteration=4294967295 ordinal=29 kernel=consume_resident_target threads=1 begin_tick=1975676015592416 end_tick=1975676015596583 ms_per_tick=9.9999999999999995e-07 device_ms=0.0041669999999999997
PRODUCER_KERNEL_V1 stage=0 raw_iteration=4294967295 ordinal=30 kernel=owner_compose_target threads=504666 begin_tick=1975676015597000 end_tick=1975676015628625 ms_per_tick=9.9999999999999995e-07 device_ms=0.031625
PRODUCER_KERNEL_V1 stage=0 raw_iteration=4294967295 ordinal=31 kernel=finalize_resident_target threads=1 begin_tick=1975676015628958 end_tick=1975676015631416 ms_per_tick=9.9999999999999995e-07 device_ms=0.0024579999999999997
PRODUCER_KERNEL_V1 stage=0 raw_iteration=4294967295 ordinal=32 kernel=owner_identify_target threads=1 begin_tick=1975676015631833 end_tick=1975676015634958 ms_per_tick=9.9999999999999995e-07 device_ms=0.0031249999999999997
PRODUCER_KERNEL_V1 stage=0 raw_iteration=4294967295 ordinal=33 kernel=issue_resident_projection_consumer threads=1 begin_tick=1975676015635375 end_tick=1975676015638416 ms_per_tick=9.9999999999999995e-07 device_ms=0.0030409999999999999
PRODUCER_KERNEL_V1 stage=0 raw_iteration=4294967295 ordinal=34 kernel=consume_resident_target threads=1 begin_tick=1975676015638750 end_tick=1975676015641750 ms_per_tick=9.9999999999999995e-07 device_ms=0.0030000000000000001
PRODUCER_KERNEL_V1 stage=0 raw_iteration=4294967295 ordinal=35 kernel=owner_issue_stage_seal threads=1 begin_tick=1975676015642083 end_tick=1975676015645083 ms_per_tick=9.9999999999999995e-07 device_ms=0.0030000000000000001
PRODUCER_KERNEL_V1 stage=0 raw_iteration=4294967295 ordinal=36 kernel=fct_compatible_stage_rate threads=1533387 begin_tick=1975676015645583 end_tick=1975676016161708 ms_per_tick=9.9999999999999995e-07 device_ms=0.51612499999999994
PRODUCER_KERNEL_V1 stage=0 raw_iteration=4294967295 ordinal=37 kernel=owner_predict_momentum threads=1533387 begin_tick=1975676016162125 end_tick=1975676016211625 ms_per_tick=9.9999999999999995e-07 device_ms=0.049499999999999995
RISE_FIRE_OWNER_PROFILE_V1 {"scope":6,"parent":3,"phase":"BuildStageProducerGroup","stage":0,"raw_iteration":4294967295,"iteration_kind":"bootstrap","wall_ms":797.601542000,"device_sum_ms":705.102291657,"wall_minus_device_ms":92.499250343,"exclusive_wall_ms":797.601542000,"exclusive_device_sum_ms":705.102291657,"child_observer_wall_ms":0.000000000,"count_scope":"inclusive","owner_commits":1,"projection_invocations":0}
RISE_FIRE_OWNER_PROFILE_V1 {"scope":9,"parent":8,"phase":"ProjectionAdapter","stage":0,"raw_iteration":0,"iteration_kind":"picard","wall_ms":14.773000000,"device_sum_ms":8.705583401,"wall_minus_device_ms":6.067416599,"exclusive_wall_ms":14.773000000,"exclusive_device_sum_ms":8.705583401,"child_observer_wall_ms":0.000000000,"count_scope":"inclusive","owner_commits":0,"projection_invocations":1}
RISE_FIRE_OWNER_PROFILE_V1 {"scope":8,"parent":7,"phase":"Project","stage":0,"raw_iteration":0,"iteration_kind":"picard","wall_ms":15.845291000,"device_sum_ms":8.748541819,"wall_minus_device_ms":7.096749181,"exclusive_wall_ms":1.066333000,"exclusive_device_sum_ms":0.042958418,"child_observer_wall_ms":0.005958000,"count_scope":"inclusive","owner_commits":2,"projection_invocations":1}
RISE_FIRE_OWNER_PROFILE_V1 {"scope":10,"parent":7,"phase":"ReadOpenClass","stage":0,"raw_iteration":0,"iteration_kind":"picard","wall_ms":0.202209000,"device_sum_ms":0.002250075,"wall_minus_device_ms":0.199958925,"exclusive_wall_ms":0.202209000,"exclusive_device_sum_ms":0.002250075,"child_observer_wall_ms":0.000000000,"count_scope":"inclusive","owner_commits":1,"projection_invocations":0}
RISE_FIRE_OWNER_PROFILE_V1 {"scope":11,"parent":7,"phase":"ReadOpenClass","stage":0,"raw_iteration":0,"iteration_kind":"picard","wall_ms":0.167292000,"device_sum_ms":0.002249843,"wall_minus_device_ms":0.165042157,"exclusive_wall_ms":0.167292000,"exclusive_device_sum_ms":0.002249843,"child_observer_wall_ms":0.000000000,"count_scope":"inclusive","owner_commits":1,"projection_invocations":0}
PRODUCER_COMMAND_V1 stage=0 raw_iteration=0 cpu_begin=1975676032678916 cpu_end=1975676851659416 gpu_begin=1975676032678916 gpu_end=1975676851659416 device_ms=726.83787508867681 encoders=38 interval_scope=possibly_overlapping
PRODUCER_KERNEL_V1 stage=0 raw_iteration=0 ordinal=0 kernel=owner_pack_faces threads=1533387 begin_tick=1975676124685041 end_tick=1975676124777458 ms_per_tick=9.9999999999999995e-07 device_ms=0.092416999999999999
PRODUCER_KERNEL_V1 stage=0 raw_iteration=0 ordinal=1 kernel=owner_pack_faces threads=1533387 begin_tick=1975676124728291 end_tick=1975676124781166 ms_per_tick=9.9999999999999995e-07 device_ms=0.052874999999999998
PRODUCER_KERNEL_V1 stage=0 raw_iteration=0 ordinal=2 kernel=owner_pack_faces threads=1533387 begin_tick=1975676124777458 end_tick=1975676124876833 ms_per_tick=9.9999999999999995e-07 device_ms=0.099374999999999991
PRODUCER_KERNEL_V1 stage=0 raw_iteration=0 ordinal=3 kernel=fct_extract_gas_density threads=504666 begin_tick=1975676124781166 end_tick=1975676124831083 ms_per_tick=9.9999999999999995e-07 device_ms=0.049916999999999996
PRODUCER_KERNEL_V1 stage=0 raw_iteration=0 ordinal=4 kernel=owner_gas_source threads=504666 begin_tick=1975676124831083 end_tick=1975676124877000 ms_per_tick=9.9999999999999995e-07 device_ms=0.045916999999999999
PRODUCER_KERNEL_V1 stage=0 raw_iteration=0 ordinal=5 kernel=evaluate_resident_transport threads=504666 begin_tick=1975676124877416 end_tick=1975676125338833 ms_per_tick=9.9999999999999995e-07 device_ms=0.46141699999999997
PRODUCER_KERNEL_V1 stage=0 raw_iteration=0 ordinal=6 kernel=identify_resident_transport threads=1 begin_tick=1975676125339166 end_tick=1975676125341833 ms_per_tick=9.9999999999999995e-07 device_ms=0.0026669999999999997
PRODUCER_KERNEL_V1 stage=0 raw_iteration=0 ordinal=7 kernel=owner_bind_transport threads=1 begin_tick=1975676125342333 end_tick=1975676125345916 ms_per_tick=9.9999999999999995e-07 device_ms=0.0035829999999999998
PRODUCER_KERNEL_V1 stage=0 raw_iteration=0 ordinal=8 kernel=identify_resident_owner_endpoint_class threads=1 begin_tick=1975676125346208 end_tick=1975676125349958 ms_per_tick=9.9999999999999995e-07 device_ms=0.0037499999999999999
PRODUCER_KERNEL_V1 stage=0 raw_iteration=0 ordinal=9 kernel=evaluate_resident_physical_flux threads=1533387 begin_tick=1975676126115625 end_tick=1975676127232416 ms_per_tick=9.9999999999999995e-07 device_ms=1.1167909999999999
PRODUCER_KERNEL_V1 stage=0 raw_iteration=0 ordinal=10 kernel=evaluate_resident_advective_pair threads=13800483 begin_tick=1975676127547125 end_tick=1975676134621083 ms_per_tick=9.9999999999999995e-07 device_ms=7.0739579999999993
PRODUCER_KERNEL_V1 stage=0 raw_iteration=0 ordinal=11 kernel=finalize_resident_advective_high threads=13800483 begin_tick=1975676134621791 end_tick=1975676135044416 ms_per_tick=9.9999999999999995e-07 device_ms=0.42262499999999997
PRODUCER_KERNEL_V1 stage=0 raw_iteration=0 ordinal=12 kernel=compose_resident_flux_pair threads=13800483 begin_tick=1975676135044833 end_tick=1975676135930500 ms_per_tick=9.9999999999999995e-07 device_ms=0.88566699999999998
PRODUCER_KERNEL_V1 stage=0 raw_iteration=0 ordinal=13 kernel=validate_resident_physical_flux threads=13800483 begin_tick=1975676135931041 end_tick=1975676136956375 ms_per_tick=9.9999999999999995e-07 device_ms=1.025334
PRODUCER_KERNEL_V1 stage=0 raw_iteration=0 ordinal=14 kernel=identify_resident_physical_flux threads=32 begin_tick=1975676136957375 end_tick=1975676136961000 ms_per_tick=9.9999999999999995e-07 device_ms=0.0036249999999999998
PRODUCER_KERNEL_V1 stage=0 raw_iteration=0 ordinal=15 kernel=fct_build_ratios threads=5551326 begin_tick=1975676136961541 end_tick=1975676140586166 ms_per_tick=9.9999999999999995e-07 device_ms=3.624625
PRODUCER_KERNEL_V1 stage=0 raw_iteration=0 ordinal=16 kernel=fct_build_face_alpha threads=1533387 begin_tick=1975676140586750 end_tick=1975676140848041 ms_per_tick=9.9999999999999995e-07 device_ms=0.261291
PRODUCER_KERNEL_V1 stage=0 raw_iteration=0 ordinal=17 kernel=fct_commit_scalar threads=504666 begin_tick=1975676140848625 end_tick=1975676141093958 ms_per_tick=9.9999999999999995e-07 device_ms=0.245333
PRODUCER_KERNEL_V1 stage=0 raw_iteration=0 ordinal=18 kernel=owner_bind_candidate threads=1 begin_tick=1975676141094416 end_tick=1975676141098375 ms_per_tick=9.9999999999999995e-07 device_ms=0.0039589999999999998
PRODUCER_KERNEL_V1 stage=0 raw_iteration=0 ordinal=19 kernel=finalize_resident_eos_candidate threads=1 begin_tick=1975676141098958 end_tick=1975676141101291 ms_per_tick=9.9999999999999995e-07 device_ms=0.002333
PRODUCER_KERNEL_V1 stage=0 raw_iteration=0 ordinal=20 kernel=evaluate_resident_eos_candidate threads=504666 begin_tick=1975676141101958 end_tick=1975676736210125 ms_per_tick=9.9999999999999995e-07 device_ms=595.10816699999998
PRODUCER_KERNEL_V1 stage=0 raw_iteration=0 ordinal=21 kernel=finalize_resident_eos_candidate threads=1 begin_tick=1975676736230708 end_tick=1975676736233541 ms_per_tick=9.9999999999999995e-07 device_ms=0.002833
PRODUCER_KERNEL_V1 stage=0 raw_iteration=0 ordinal=22 kernel=identify_resident_eos threads=1 begin_tick=1975676736233958 end_tick=1975676736236833 ms_per_tick=9.9999999999999995e-07 device_ms=0.002875
PRODUCER_KERNEL_V1 stage=0 raw_iteration=0 ordinal=23 kernel=produce_resident_frozen_source threads=504666 begin_tick=1975676736237250 end_tick=1975676736268833 ms_per_tick=9.9999999999999995e-07 device_ms=0.031583
PRODUCER_KERNEL_V1 stage=0 raw_iteration=0 ordinal=24 kernel=identify_resident_frozen_source threads=1 begin_tick=1975676736269166 end_tick=1975676736271916 ms_per_tick=9.9999999999999995e-07 device_ms=0.0027499999999999998
PRODUCER_KERNEL_V1 stage=0 raw_iteration=0 ordinal=25 kernel=evaluate_resident_target_terms threads=504666 begin_tick=1975676736272375 end_tick=1975676850776000 ms_per_tick=9.9999999999999995e-07 device_ms=114.503625
PRODUCER_KERNEL_V1 stage=0 raw_iteration=0 ordinal=26 kernel=finalize_resident_target threads=1 begin_tick=1975676850796166 end_tick=1975676850799166 ms_per_tick=9.9999999999999995e-07 device_ms=0.0030000000000000001
PRODUCER_KERNEL_V1 stage=0 raw_iteration=0 ordinal=27 kernel=identify_resident_target threads=1 begin_tick=1975676850799458 end_tick=1975676850802291 ms_per_tick=9.9999999999999995e-07 device_ms=0.002833
PRODUCER_KERNEL_V1 stage=0 raw_iteration=0 ordinal=28 kernel=issue_resident_projection_consumer threads=1 begin_tick=1975676850802625 end_tick=1975676850806916 ms_per_tick=9.9999999999999995e-07 device_ms=0.0042909999999999997
PRODUCER_KERNEL_V1 stage=0 raw_iteration=0 ordinal=29 kernel=consume_resident_target threads=1 begin_tick=1975676850807333 end_tick=1975676850811208 ms_per_tick=9.9999999999999995e-07 device_ms=0.003875
PRODUCER_KERNEL_V1 stage=0 raw_iteration=0 ordinal=30 kernel=owner_compose_target threads=504666 begin_tick=1975676850811750 end_tick=1975676850891083 ms_per_tick=9.9999999999999995e-07 device_ms=0.079333000000000001
PRODUCER_KERNEL_V1 stage=0 raw_iteration=0 ordinal=31 kernel=finalize_resident_target threads=1 begin_tick=1975676850891416 end_tick=1975676850893666 ms_per_tick=9.9999999999999995e-07 device_ms=0.0022499999999999998
PRODUCER_KERNEL_V1 stage=0 raw_iteration=0 ordinal=32 kernel=owner_identify_target threads=1 begin_tick=1975676850894125 end_tick=1975676850897250 ms_per_tick=9.9999999999999995e-07 device_ms=0.0031249999999999997
PRODUCER_KERNEL_V1 stage=0 raw_iteration=0 ordinal=33 kernel=issue_resident_projection_consumer threads=1 begin_tick=1975676850897666 end_tick=1975676850900458 ms_per_tick=9.9999999999999995e-07 device_ms=0.0027919999999999998
PRODUCER_KERNEL_V1 stage=0 raw_iteration=0 ordinal=34 kernel=consume_resident_target threads=1 begin_tick=1975676850900875 end_tick=1975676850904291 ms_per_tick=9.9999999999999995e-07 device_ms=0.0034159999999999998
PRODUCER_KERNEL_V1 stage=0 raw_iteration=0 ordinal=35 kernel=owner_issue_stage_seal threads=1 begin_tick=1975676850904708 end_tick=1975676850907333 ms_per_tick=9.9999999999999995e-07 device_ms=0.0026249999999999997
PRODUCER_KERNEL_V1 stage=0 raw_iteration=0 ordinal=36 kernel=fct_compatible_stage_rate threads=1533387 begin_tick=1975676850908000 end_tick=1975676851460541 ms_per_tick=9.9999999999999995e-07 device_ms=0.55254099999999995
PRODUCER_KERNEL_V1 stage=0 raw_iteration=0 ordinal=37 kernel=owner_predict_momentum threads=1533387 begin_tick=1975676851461041 end_tick=1975676851510666 ms_per_tick=9.9999999999999995e-07 device_ms=0.049624999999999996
RISE_FIRE_OWNER_PROFILE_V1 {"scope":12,"parent":7,"phase":"BuildStageProducerGroup","stage":0,"raw_iteration":0,"iteration_kind":"picard","wall_ms":819.119459000,"device_sum_ms":726.837875089,"wall_minus_device_ms":92.281583911,"exclusive_wall_ms":819.119459000,"exclusive_device_sum_ms":726.837875089,"child_observer_wall_ms":0.000000000,"count_scope":"inclusive","owner_commits":1,"projection_invocations":0}
RISE_FIRE_OWNER_PROFILE_V1 {"scope":13,"parent":7,"phase":"Residual","stage":0,"raw_iteration":0,"iteration_kind":"picard","wall_ms":0.300417000,"device_sum_ms":0.021624845,"wall_minus_device_ms":0.278792155,"exclusive_wall_ms":0.300417000,"exclusive_device_sum_ms":0.021624845,"child_observer_wall_ms":0.000000000,"count_scope":"inclusive","owner_commits":1,"projection_invocations":0}
RISE_FIRE_OWNER_PROFILE_V1 {"scope":7,"parent":3,"phase":"PicardIteration","stage":0,"raw_iteration":0,"iteration_kind":"picard","wall_ms":836.395917000,"device_sum_ms":735.612541670,"wall_minus_device_ms":100.783375330,"exclusive_wall_ms":0.744000000,"exclusive_device_sum_ms":0.000000000,"child_observer_wall_ms":0.017249000,"count_scope":"inclusive","owner_commits":6,"projection_invocations":1}
RISE_FIRE_OWNER_PROFILE_V1 {"scope":16,"parent":15,"phase":"ProjectionAdapter","stage":0,"raw_iteration":1,"iteration_kind":"picard","wall_ms":15.155750000,"device_sum_ms":8.501041448,"wall_minus_device_ms":6.654708552,"exclusive_wall_ms":15.155750000,"exclusive_device_sum_ms":8.501041448,"child_observer_wall_ms":0.000000000,"count_scope":"inclusive","owner_commits":0,"projection_invocations":1}
RISE_FIRE_OWNER_PROFILE_V1 {"scope":15,"parent":14,"phase":"Project","stage":0,"raw_iteration":1,"iteration_kind":"picard","wall_ms":16.388625000,"device_sum_ms":8.555291453,"wall_minus_device_ms":7.833333547,"exclusive_wall_ms":1.227833000,"exclusive_device_sum_ms":0.054250006,"child_observer_wall_ms":0.005042000,"count_scope":"inclusive","owner_commits":2,"projection_invocations":1}
RISE_FIRE_OWNER_PROFILE_V1 {"scope":17,"parent":14,"phase":"ReadOpenClass","stage":0,"raw_iteration":1,"iteration_kind":"picard","wall_ms":0.162625000,"device_sum_ms":0.002416549,"wall_minus_device_ms":0.160208451,"exclusive_wall_ms":0.162625000,"exclusive_device_sum_ms":0.002416549,"child_observer_wall_ms":0.000000000,"count_scope":"inclusive","owner_commits":1,"projection_invocations":0}
RISE_FIRE_OWNER_PROFILE_V1 {"scope":18,"parent":14,"phase":"ReadOpenClass","stage":0,"raw_iteration":1,"iteration_kind":"picard","wall_ms":0.278417000,"device_sum_ms":0.002541579,"wall_minus_device_ms":0.275875421,"exclusive_wall_ms":0.278417000,"exclusive_device_sum_ms":0.002541579,"child_observer_wall_ms":0.000000000,"count_scope":"inclusive","owner_commits":1,"projection_invocations":0}
PRODUCER_COMMAND_V1 stage=0 raw_iteration=1 cpu_begin=1975676869677291 cpu_end=1975677644279666 gpu_begin=1975676869677291 gpu_end=1975677644279666 device_ms=687.0152500923723 encoders=38 interval_scope=possibly_overlapping
PRODUCER_KERNEL_V1 stage=0 raw_iteration=1 ordinal=0 kernel=owner_pack_faces threads=1533387 begin_tick=1975676957117666 end_tick=1975676957180375 ms_per_tick=9.9999999999999995e-07 device_ms=0.062709000000000001
PRODUCER_KERNEL_V1 stage=0 raw_iteration=1 ordinal=1 kernel=owner_pack_faces threads=1533387 begin_tick=1975676957180166 end_tick=1975676957621833 ms_per_tick=9.9999999999999995e-07 device_ms=0.44166699999999998
PRODUCER_KERNEL_V1 stage=0 raw_iteration=1 ordinal=2 kernel=owner_pack_faces threads=1533387 begin_tick=1975676957112666 end_tick=1975676957180125 ms_per_tick=9.9999999999999995e-07 device_ms=0.067458999999999991
PRODUCER_KERNEL_V1 stage=0 raw_iteration=1 ordinal=3 kernel=fct_extract_gas_density threads=504666 begin_tick=1975676957621875 end_tick=1975676957646750 ms_per_tick=9.9999999999999995e-07 device_ms=0.024874999999999998
PRODUCER_KERNEL_V1 stage=0 raw_iteration=1 ordinal=4 kernel=owner_gas_source threads=504666 begin_tick=1975676957646750 end_tick=1975676957689708 ms_per_tick=9.9999999999999995e-07 device_ms=0.042957999999999996
PRODUCER_KERNEL_V1 stage=0 raw_iteration=1 ordinal=5 kernel=evaluate_resident_transport threads=504666 begin_tick=1975676957180791 end_tick=1975676957699166 ms_per_tick=9.9999999999999995e-07 device_ms=0.51837500000000003
PRODUCER_KERNEL_V1 stage=0 raw_iteration=1 ordinal=6 kernel=identify_resident_transport threads=1 begin_tick=1975676957699916 end_tick=1975676957703125 ms_per_tick=9.9999999999999995e-07 device_ms=0.003209
PRODUCER_KERNEL_V1 stage=0 raw_iteration=1 ordinal=7 kernel=owner_bind_transport threads=1 begin_tick=1975676957703666 end_tick=1975676957707083 ms_per_tick=9.9999999999999995e-07 device_ms=0.0034169999999999999
PRODUCER_KERNEL_V1 stage=0 raw_iteration=1 ordinal=8 kernel=identify_resident_owner_endpoint_class threads=1 begin_tick=1975676957707500 end_tick=1975676957710833 ms_per_tick=9.9999999999999995e-07 device_ms=0.003333
PRODUCER_KERNEL_V1 stage=0 raw_iteration=1 ordinal=9 kernel=evaluate_resident_physical_flux threads=1533387 begin_tick=1975676958669958 end_tick=1975676959785833 ms_per_tick=9.9999999999999995e-07 device_ms=1.115875
PRODUCER_KERNEL_V1 stage=0 raw_iteration=1 ordinal=10 kernel=evaluate_resident_advective_pair threads=13800483 begin_tick=1975676960286291 end_tick=1975676967359083 ms_per_tick=9.9999999999999995e-07 device_ms=7.0727919999999997
PRODUCER_KERNEL_V1 stage=0 raw_iteration=1 ordinal=11 kernel=finalize_resident_advective_high threads=13800483 begin_tick=1975676967359750 end_tick=1975676967779833 ms_per_tick=9.9999999999999995e-07 device_ms=0.42008299999999998
PRODUCER_KERNEL_V1 stage=0 raw_iteration=1 ordinal=12 kernel=compose_resident_flux_pair threads=13800483 begin_tick=1975676967780250 end_tick=1975676968672625 ms_per_tick=9.9999999999999995e-07 device_ms=0.89237499999999992
PRODUCER_KERNEL_V1 stage=0 raw_iteration=1 ordinal=13 kernel=validate_resident_physical_flux threads=13800483 begin_tick=1975676968673208 end_tick=1975676969657833 ms_per_tick=9.9999999999999995e-07 device_ms=0.98462499999999997
PRODUCER_KERNEL_V1 stage=0 raw_iteration=1 ordinal=14 kernel=identify_resident_physical_flux threads=32 begin_tick=1975676969658250 end_tick=1975676969661500 ms_per_tick=9.9999999999999995e-07 device_ms=0.0032499999999999999
PRODUCER_KERNEL_V1 stage=0 raw_iteration=1 ordinal=15 kernel=fct_build_ratios threads=5551326 begin_tick=1975676969662083 end_tick=1975676973264458 ms_per_tick=9.9999999999999995e-07 device_ms=3.6023749999999999
PRODUCER_KERNEL_V1 stage=0 raw_iteration=1 ordinal=16 kernel=fct_build_face_alpha threads=1533387 begin_tick=1975676973265125 end_tick=1975676973525958 ms_per_tick=9.9999999999999995e-07 device_ms=0.26083299999999998
PRODUCER_KERNEL_V1 stage=0 raw_iteration=1 ordinal=17 kernel=fct_commit_scalar threads=504666 begin_tick=1975676973526541 end_tick=1975676973712625 ms_per_tick=9.9999999999999995e-07 device_ms=0.186084
PRODUCER_KERNEL_V1 stage=0 raw_iteration=1 ordinal=18 kernel=owner_bind_candidate threads=1 begin_tick=1975676973713291 end_tick=1975676973716750 ms_per_tick=9.9999999999999995e-07 device_ms=0.0034589999999999998
PRODUCER_KERNEL_V1 stage=0 raw_iteration=1 ordinal=19 kernel=finalize_resident_eos_candidate threads=1 begin_tick=1975676973717333 end_tick=1975676973719750 ms_per_tick=9.9999999999999995e-07 device_ms=0.0024169999999999999
PRODUCER_KERNEL_V1 stage=0 raw_iteration=1 ordinal=20 kernel=evaluate_resident_eos_candidate threads=504666 begin_tick=1975676973720208 end_tick=1975677528874958 ms_per_tick=9.9999999999999995e-07 device_ms=555.15474999999992
PRODUCER_KERNEL_V1 stage=0 raw_iteration=1 ordinal=21 kernel=finalize_resident_eos_candidate threads=1 begin_tick=1975677528895333 end_tick=1975677528897750 ms_per_tick=9.9999999999999995e-07 device_ms=0.0024169999999999999
PRODUCER_KERNEL_V1 stage=0 raw_iteration=1 ordinal=22 kernel=identify_resident_eos threads=1 begin_tick=1975677528898083 end_tick=1975677528900750 ms_per_tick=9.9999999999999995e-07 device_ms=0.0026669999999999997
PRODUCER_KERNEL_V1 stage=0 raw_iteration=1 ordinal=23 kernel=produce_resident_frozen_source threads=504666 begin_tick=1975677528901083 end_tick=1975677528932875 ms_per_tick=9.9999999999999995e-07 device_ms=0.031792000000000001
PRODUCER_KERNEL_V1 stage=0 raw_iteration=1 ordinal=24 kernel=identify_resident_frozen_source threads=1 begin_tick=1975677528933208 end_tick=1975677528935875 ms_per_tick=9.9999999999999995e-07 device_ms=0.0026669999999999997
PRODUCER_KERNEL_V1 stage=0 raw_iteration=1 ordinal=25 kernel=evaluate_resident_target_terms threads=504666 begin_tick=1975677528936291 end_tick=1975677643429000 ms_per_tick=9.9999999999999995e-07 device_ms=114.49270899999999
PRODUCER_KERNEL_V1 stage=0 raw_iteration=1 ordinal=26 kernel=finalize_resident_target threads=1 begin_tick=1975677643450041 end_tick=1975677643453125 ms_per_tick=9.9999999999999995e-07 device_ms=0.0030839999999999999
PRODUCER_KERNEL_V1 stage=0 raw_iteration=1 ordinal=27 kernel=identify_resident_target threads=1 begin_tick=1975677643453541 end_tick=1975677643456416 ms_per_tick=9.9999999999999995e-07 device_ms=0.002875
PRODUCER_KERNEL_V1 stage=0 raw_iteration=1 ordinal=28 kernel=issue_resident_projection_consumer threads=1 begin_tick=1975677643456833 end_tick=1975677643460750 ms_per_tick=9.9999999999999995e-07 device_ms=0.0039169999999999995
PRODUCER_KERNEL_V1 stage=0 raw_iteration=1 ordinal=29 kernel=consume_resident_target threads=1 begin_tick=1975677643461166 end_tick=1975677643465250 ms_per_tick=9.9999999999999995e-07 device_ms=0.004084
PRODUCER_KERNEL_V1 stage=0 raw_iteration=1 ordinal=30 kernel=owner_compose_target threads=504666 begin_tick=1975677643465666 end_tick=1975677643545083 ms_per_tick=9.9999999999999995e-07 device_ms=0.079417000000000001
PRODUCER_KERNEL_V1 stage=0 raw_iteration=1 ordinal=31 kernel=finalize_resident_target threads=1 begin_tick=1975677643545541 end_tick=1975677643548000 ms_per_tick=9.9999999999999995e-07 device_ms=0.0024589999999999998
PRODUCER_KERNEL_V1 stage=0 raw_iteration=1 ordinal=32 kernel=owner_identify_target threads=1 begin_tick=1975677643548458 end_tick=1975677643551416 ms_per_tick=9.9999999999999995e-07 device_ms=0.0029579999999999997
PRODUCER_KERNEL_V1 stage=0 raw_iteration=1 ordinal=33 kernel=issue_resident_projection_consumer threads=1 begin_tick=1975677643551833 end_tick=1975677643554750 ms_per_tick=9.9999999999999995e-07 device_ms=0.0029169999999999999
PRODUCER_KERNEL_V1 stage=0 raw_iteration=1 ordinal=34 kernel=consume_resident_target threads=1 begin_tick=1975677643555208 end_tick=1975677643558250 ms_per_tick=9.9999999999999995e-07 device_ms=0.003042
PRODUCER_KERNEL_V1 stage=0 raw_iteration=1 ordinal=35 kernel=owner_issue_stage_seal threads=1 begin_tick=1975677643558708 end_tick=1975677643561791 ms_per_tick=9.9999999999999995e-07 device_ms=0.0030829999999999998
PRODUCER_KERNEL_V1 stage=0 raw_iteration=1 ordinal=36 kernel=fct_compatible_stage_rate threads=1533387 begin_tick=1975677643562458 end_tick=1975677644071791 ms_per_tick=9.9999999999999995e-07 device_ms=0.50933299999999992
PRODUCER_KERNEL_V1 stage=0 raw_iteration=1 ordinal=37 kernel=owner_predict_momentum threads=1533387 begin_tick=1975677644072208 end_tick=1975677644121625 ms_per_tick=9.9999999999999995e-07 device_ms=0.049416999999999996
RISE_FIRE_OWNER_PROFILE_V1 {"scope":19,"parent":14,"phase":"BuildStageProducerGroup","stage":0,"raw_iteration":1,"iteration_kind":"picard","wall_ms":774.718083000,"device_sum_ms":687.015250092,"wall_minus_device_ms":87.702832908,"exclusive_wall_ms":774.718083000,"exclusive_device_sum_ms":687.015250092,"child_observer_wall_ms":0.000000000,"count_scope":"inclusive","owner_commits":1,"projection_invocations":0}
RISE_FIRE_OWNER_PROFILE_V1 {"scope":20,"parent":14,"phase":"Residual","stage":0,"raw_iteration":1,"iteration_kind":"picard","wall_ms":0.379583000,"device_sum_ms":0.115250004,"wall_minus_device_ms":0.264332996,"exclusive_wall_ms":0.379583000,"exclusive_device_sum_ms":0.115250004,"child_observer_wall_ms":0.000000000,"count_scope":"inclusive","owner_commits":1,"projection_invocations":0}
RISE_FIRE_OWNER_PROFILE_V1 {"scope":23,"parent":22,"phase":"ProjectionAdapter","stage":0,"raw_iteration":2147483649,"iteration_kind":"terminal","wall_ms":15.393958000,"device_sum_ms":8.755041519,"wall_minus_device_ms":6.638916481,"exclusive_wall_ms":15.393958000,"exclusive_device_sum_ms":8.755041519,"child_observer_wall_ms":0.000000000,"count_scope":"inclusive","owner_commits":0,"projection_invocations":1}
RISE_FIRE_OWNER_PROFILE_V1 {"scope":22,"parent":21,"phase":"Project","stage":0,"raw_iteration":2147483649,"iteration_kind":"terminal","wall_ms":16.033500000,"device_sum_ms":8.799541509,"wall_minus_device_ms":7.233958491,"exclusive_wall_ms":0.633375000,"exclusive_device_sum_ms":0.044499990,"child_observer_wall_ms":0.006167000,"count_scope":"inclusive","owner_commits":2,"projection_invocations":1}
RISE_FIRE_OWNER_PROFILE_V1 {"scope":24,"parent":21,"phase":"ReadOpenClass","stage":0,"raw_iteration":2147483649,"iteration_kind":"terminal","wall_ms":0.169417000,"device_sum_ms":0.002374873,"wall_minus_device_ms":0.167042127,"exclusive_wall_ms":0.169417000,"exclusive_device_sum_ms":0.002374873,"child_observer_wall_ms":0.000000000,"count_scope":"inclusive","owner_commits":1,"projection_invocations":0}
RISE_FIRE_OWNER_PROFILE_V1 {"scope":25,"parent":21,"phase":"ReadOpenClass","stage":0,"raw_iteration":2147483649,"iteration_kind":"terminal","wall_ms":0.146792000,"device_sum_ms":0.002250075,"wall_minus_device_ms":0.144541925,"exclusive_wall_ms":0.146792000,"exclusive_device_sum_ms":0.002250075,"child_observer_wall_ms":0.000000000,"count_scope":"inclusive","owner_commits":1,"projection_invocations":0}
PRODUCER_COMMAND_V1 stage=0 raw_iteration=2147483649 cpu_begin=1975677661148708 cpu_end=1975678454579916 gpu_begin=1975677661148708 gpu_end=1975678454579916 device_ms=705.3148748818785 encoders=38 interval_scope=possibly_overlapping
PRODUCER_KERNEL_V1 stage=0 raw_iteration=2147483649 ordinal=0 kernel=owner_pack_faces threads=1533387 begin_tick=1975677749174000 end_tick=1975677749234375 ms_per_tick=9.9999999999999995e-07 device_ms=0.060374999999999998
PRODUCER_KERNEL_V1 stage=0 raw_iteration=2147483649 ordinal=1 kernel=owner_pack_faces threads=1533387 begin_tick=1975677749234125 end_tick=1975677749567541 ms_per_tick=9.9999999999999995e-07 device_ms=0.33341599999999999
PRODUCER_KERNEL_V1 stage=0 raw_iteration=2147483649 ordinal=2 kernel=owner_pack_faces threads=1533387 begin_tick=1975677749169791 end_tick=1975677749234125 ms_per_tick=9.9999999999999995e-07 device_ms=0.064334000000000002
PRODUCER_KERNEL_V1 stage=0 raw_iteration=2147483649 ordinal=3 kernel=fct_extract_gas_density threads=504666 begin_tick=1975677749234916 end_tick=1975677749301083 ms_per_tick=9.9999999999999995e-07 device_ms=0.066167000000000004
PRODUCER_KERNEL_V1 stage=0 raw_iteration=2147483649 ordinal=4 kernel=owner_gas_source threads=504666 begin_tick=1975677749567875 end_tick=1975677749757958 ms_per_tick=9.9999999999999995e-07 device_ms=0.190083
PRODUCER_KERNEL_V1 stage=0 raw_iteration=2147483649 ordinal=5 kernel=evaluate_resident_transport threads=504666 begin_tick=1975677749301125 end_tick=1975677749772125 ms_per_tick=9.9999999999999995e-07 device_ms=0.47099999999999997
PRODUCER_KERNEL_V1 stage=0 raw_iteration=2147483649 ordinal=6 kernel=identify_resident_transport threads=1 begin_tick=1975677749772541 end_tick=1975677749775291 ms_per_tick=9.9999999999999995e-07 device_ms=0.0027499999999999998
PRODUCER_KERNEL_V1 stage=0 raw_iteration=2147483649 ordinal=7 kernel=owner_bind_transport threads=1 begin_tick=1975677749775875 end_tick=1975677749779500 ms_per_tick=9.9999999999999995e-07 device_ms=0.0036249999999999998
PRODUCER_KERNEL_V1 stage=0 raw_iteration=2147483649 ordinal=8 kernel=identify_resident_owner_endpoint_class threads=1 begin_tick=1975677749779916 end_tick=1975677749783333 ms_per_tick=9.9999999999999995e-07 device_ms=0.0034169999999999999
PRODUCER_KERNEL_V1 stage=0 raw_iteration=2147483649 ordinal=9 kernel=evaluate_resident_physical_flux threads=1533387 begin_tick=1975677750597708 end_tick=1975677751717416 ms_per_tick=9.9999999999999995e-07 device_ms=1.1197079999999999
PRODUCER_KERNEL_V1 stage=0 raw_iteration=2147483649 ordinal=10 kernel=evaluate_resident_advective_pair threads=13800483 begin_tick=1975677752038125 end_tick=1975677759333958 ms_per_tick=9.9999999999999995e-07 device_ms=7.295833
PRODUCER_KERNEL_V1 stage=0 raw_iteration=2147483649 ordinal=11 kernel=finalize_resident_advective_high threads=13800483 begin_tick=1975677759353875 end_tick=1975677759957541 ms_per_tick=9.9999999999999995e-07 device_ms=0.60366599999999992
PRODUCER_KERNEL_V1 stage=0 raw_iteration=2147483649 ordinal=12 kernel=compose_resident_flux_pair threads=13800483 begin_tick=1975677759957916 end_tick=1975677760836875 ms_per_tick=9.9999999999999995e-07 device_ms=0.87895899999999993
PRODUCER_KERNEL_V1 stage=0 raw_iteration=2147483649 ordinal=13 kernel=validate_resident_physical_flux threads=13800483 begin_tick=1975677760837583 end_tick=1975677761711125 ms_per_tick=9.9999999999999995e-07 device_ms=0.87354199999999993
PRODUCER_KERNEL_V1 stage=0 raw_iteration=2147483649 ordinal=14 kernel=identify_resident_physical_flux threads=32 begin_tick=1975677761711625 end_tick=1975677761714958 ms_per_tick=9.9999999999999995e-07 device_ms=0.003333
PRODUCER_KERNEL_V1 stage=0 raw_iteration=2147483649 ordinal=15 kernel=fct_build_ratios threads=5551326 begin_tick=1975677761715500 end_tick=1975677765430291 ms_per_tick=9.9999999999999995e-07 device_ms=3.714791
PRODUCER_KERNEL_V1 stage=0 raw_iteration=2147483649 ordinal=16 kernel=fct_build_face_alpha threads=1533387 begin_tick=1975677765430958 end_tick=1975677765692833 ms_per_tick=9.9999999999999995e-07 device_ms=0.26187499999999997
PRODUCER_KERNEL_V1 stage=0 raw_iteration=2147483649 ordinal=17 kernel=fct_commit_scalar threads=504666 begin_tick=1975677765693416 end_tick=1975677765893041 ms_per_tick=9.9999999999999995e-07 device_ms=0.199625
PRODUCER_KERNEL_V1 stage=0 raw_iteration=2147483649 ordinal=18 kernel=owner_bind_candidate threads=1 begin_tick=1975677765893458 end_tick=1975677765897458 ms_per_tick=9.9999999999999995e-07 device_ms=0.0040000000000000001
PRODUCER_KERNEL_V1 stage=0 raw_iteration=2147483649 ordinal=19 kernel=finalize_resident_eos_candidate threads=1 begin_tick=1975677765897916 end_tick=1975677765900250 ms_per_tick=9.9999999999999995e-07 device_ms=0.0023339999999999997
PRODUCER_KERNEL_V1 stage=0 raw_iteration=2147483649 ordinal=20 kernel=evaluate_resident_eos_candidate threads=504666 begin_tick=1975677765900750 end_tick=1975678339112458 ms_per_tick=9.9999999999999995e-07 device_ms=573.21170799999993
PRODUCER_KERNEL_V1 stage=0 raw_iteration=2147483649 ordinal=21 kernel=finalize_resident_eos_candidate threads=1 begin_tick=1975678339156333 end_tick=1975678339159208 ms_per_tick=9.9999999999999995e-07 device_ms=0.002875
PRODUCER_KERNEL_V1 stage=0 raw_iteration=2147483649 ordinal=22 kernel=identify_resident_eos threads=1 begin_tick=1975678339159541 end_tick=1975678339162333 ms_per_tick=9.9999999999999995e-07 device_ms=0.0027919999999999998
PRODUCER_KERNEL_V1 stage=0 raw_iteration=2147483649 ordinal=23 kernel=produce_resident_frozen_source threads=504666 begin_tick=1975678339162625 end_tick=1975678339194708 ms_per_tick=9.9999999999999995e-07 device_ms=0.032083
PRODUCER_KERNEL_V1 stage=0 raw_iteration=2147483649 ordinal=24 kernel=identify_resident_frozen_source threads=1 begin_tick=1975678339195041 end_tick=1975678339197625 ms_per_tick=9.9999999999999995e-07 device_ms=0.0025839999999999999
PRODUCER_KERNEL_V1 stage=0 raw_iteration=2147483649 ordinal=25 kernel=evaluate_resident_target_terms threads=504666 begin_tick=1975678339198041 end_tick=1975678453745583 ms_per_tick=9.9999999999999995e-07 device_ms=114.54754199999999
PRODUCER_KERNEL_V1 stage=0 raw_iteration=2147483649 ordinal=26 kernel=finalize_resident_target threads=1 begin_tick=1975678453766166 end_tick=1975678453769250 ms_per_tick=9.9999999999999995e-07 device_ms=0.0030839999999999999
PRODUCER_KERNEL_V1 stage=0 raw_iteration=2147483649 ordinal=27 kernel=identify_resident_target threads=1 begin_tick=1975678453769583 end_tick=1975678453772375 ms_per_tick=9.9999999999999995e-07 device_ms=0.0027919999999999998
PRODUCER_KERNEL_V1 stage=0 raw_iteration=2147483649 ordinal=28 kernel=issue_resident_projection_consumer threads=1 begin_tick=1975678453772708 end_tick=1975678453776791 ms_per_tick=9.9999999999999995e-07 device_ms=0.0040829999999999998
PRODUCER_KERNEL_V1 stage=0 raw_iteration=2147483649 ordinal=29 kernel=consume_resident_target threads=1 begin_tick=1975678453777083 end_tick=1975678453781083 ms_per_tick=9.9999999999999995e-07 device_ms=0.0040000000000000001
PRODUCER_KERNEL_V1 stage=0 raw_iteration=2147483649 ordinal=30 kernel=owner_compose_target threads=504666 begin_tick=1975678453781541 end_tick=1975678453861041 ms_per_tick=9.9999999999999995e-07 device_ms=0.079500000000000001
PRODUCER_KERNEL_V1 stage=0 raw_iteration=2147483649 ordinal=31 kernel=finalize_resident_target threads=1 begin_tick=1975678453861375 end_tick=1975678453863541 ms_per_tick=9.9999999999999995e-07 device_ms=0.002166
PRODUCER_KERNEL_V1 stage=0 raw_iteration=2147483649 ordinal=32 kernel=owner_identify_target threads=1 begin_tick=1975678453863875 end_tick=1975678453867291 ms_per_tick=9.9999999999999995e-07 device_ms=0.0034159999999999998
PRODUCER_KERNEL_V1 stage=0 raw_iteration=2147483649 ordinal=33 kernel=issue_resident_projection_consumer threads=1 begin_tick=1975678453867708 end_tick=1975678453870791 ms_per_tick=9.9999999999999995e-07 device_ms=0.0030829999999999998
PRODUCER_KERNEL_V1 stage=0 raw_iteration=2147483649 ordinal=34 kernel=consume_resident_target threads=1 begin_tick=1975678453871208 end_tick=1975678453874583 ms_per_tick=9.9999999999999995e-07 device_ms=0.003375
PRODUCER_KERNEL_V1 stage=0 raw_iteration=2147483649 ordinal=35 kernel=owner_issue_stage_seal threads=1 begin_tick=1975678453874916 end_tick=1975678453877750 ms_per_tick=9.9999999999999995e-07 device_ms=0.0028339999999999997
PRODUCER_KERNEL_V1 stage=0 raw_iteration=2147483649 ordinal=36 kernel=fct_compatible_stage_rate threads=1533387 begin_tick=1975678453878333 end_tick=1975678454427958 ms_per_tick=9.9999999999999995e-07 device_ms=0.54962500000000003
PRODUCER_KERNEL_V1 stage=0 raw_iteration=2147483649 ordinal=37 kernel=owner_predict_momentum threads=1533387 begin_tick=1975678454428375 end_tick=1975678454478416 ms_per_tick=9.9999999999999995e-07 device_ms=0.050040999999999995
RISE_FIRE_OWNER_PROFILE_V1 {"scope":26,"parent":21,"phase":"BuildStageProducerGroup","stage":0,"raw_iteration":2147483649,"iteration_kind":"terminal","wall_ms":793.551459000,"device_sum_ms":705.314874882,"wall_minus_device_ms":88.236584118,"exclusive_wall_ms":793.551459000,"exclusive_device_sum_ms":705.314874882,"child_observer_wall_ms":0.000000000,"count_scope":"inclusive","owner_commits":1,"projection_invocations":0}
RISE_FIRE_OWNER_PROFILE_V1 {"scope":27,"parent":21,"phase":"AlphaResidual","stage":0,"raw_iteration":2147483649,"iteration_kind":"terminal","wall_ms":0.292166000,"device_sum_ms":0.051999930,"wall_minus_device_ms":0.240166070,"exclusive_wall_ms":0.292166000,"exclusive_device_sum_ms":0.051999930,"child_observer_wall_ms":0.000000000,"count_scope":"inclusive","owner_commits":1,"projection_invocations":0}
RISE_FIRE_OWNER_PROFILE_V1 {"scope":28,"parent":21,"phase":"Residual","stage":0,"raw_iteration":2147483649,"iteration_kind":"terminal","wall_ms":0.378208000,"device_sum_ms":0.111541711,"wall_minus_device_ms":0.266666289,"exclusive_wall_ms":0.378208000,"exclusive_device_sum_ms":0.111541711,"child_observer_wall_ms":0.000000000,"count_scope":"inclusive","owner_commits":1,"projection_invocations":0}
RISE_FIRE_OWNER_PROFILE_V1 {"scope":21,"parent":14,"phase":"TerminalVerification","stage":0,"raw_iteration":2147483649,"iteration_kind":"terminal","wall_ms":810.597375000,"device_sum_ms":714.282582980,"wall_minus_device_ms":96.314792020,"exclusive_wall_ms":0.004708000,"exclusive_device_sum_ms":0.000000000,"child_observer_wall_ms":0.021125000,"count_scope":"inclusive","owner_commits":7,"projection_invocations":1}
RISE_FIRE_OWNER_PROFILE_V1 {"scope":14,"parent":3,"phase":"PicardIteration","stage":0,"raw_iteration":1,"iteration_kind":"picard","wall_ms":1603.420750000,"device_sum_ms":1409.973332658,"wall_minus_device_ms":193.447417342,"exclusive_wall_ms":0.877209000,"exclusive_device_sum_ms":0.000000000,"child_observer_wall_ms":0.018833000,"count_scope":"inclusive","owner_commits":13,"projection_invocations":2}
RISE_FIRE_OWNER_PROFILE_V1 {"scope":3,"parent":1,"phase":"SolveStage","stage":0,"raw_iteration":4294967295,"iteration_kind":"bootstrap","wall_ms":3272.161917000,"device_sum_ms":2866.793790832,"wall_minus_device_ms":405.368126168,"exclusive_wall_ms":2.262124000,"exclusive_device_sum_ms":0.000000000,"child_observer_wall_ms":0.015917000,"count_scope":"inclusive","owner_commits":22,"projection_invocations":4}
RISE_FIRE_OWNER_PROFILE_V1 {"scope":31,"parent":30,"phase":"ProjectionAdapter","stage":1,"raw_iteration":4294967295,"iteration_kind":"bootstrap","wall_ms":14.419084000,"device_sum_ms":8.576124907,"wall_minus_device_ms":5.842959093,"exclusive_wall_ms":14.419084000,"exclusive_device_sum_ms":8.576124907,"child_observer_wall_ms":0.000000000,"count_scope":"inclusive","owner_commits":0,"projection_invocations":1}
RISE_FIRE_OWNER_PROFILE_V1 {"scope":30,"parent":29,"phase":"Project","stage":1,"raw_iteration":4294967295,"iteration_kind":"bootstrap","wall_ms":15.742500000,"device_sum_ms":8.624999784,"wall_minus_device_ms":7.117500216,"exclusive_wall_ms":1.316666000,"exclusive_device_sum_ms":0.048874877,"child_observer_wall_ms":0.006750000,"count_scope":"inclusive","owner_commits":2,"projection_invocations":1}
PRODUCER_COMMAND_V1 stage=1 raw_iteration=4294967295 cpu_begin=1975678474289000 cpu_end=1975679251729250 gpu_begin=1975678474289000 gpu_end=1975679251729250 device_ms=691.2863333709538 encoders=41 interval_scope=possibly_overlapping
PRODUCER_KERNEL_V1 stage=1 raw_iteration=4294967295 ordinal=0 kernel=owner_pack_faces threads=1533387 begin_tick=1975678560470333 end_tick=1975678560520666 ms_per_tick=9.9999999999999995e-07 device_ms=0.050332999999999996
PRODUCER_KERNEL_V1 stage=1 raw_iteration=4294967295 ordinal=1 kernel=owner_pack_faces threads=1533387 begin_tick=1975678560544458 end_tick=1975678560595916 ms_per_tick=9.9999999999999995e-07 device_ms=0.051457999999999997
PRODUCER_KERNEL_V1 stage=1 raw_iteration=4294967295 ordinal=2 kernel=owner_pack_faces threads=1533387 begin_tick=1975678560666666 end_tick=1975678560761041 ms_per_tick=9.9999999999999995e-07 device_ms=0.094375000000000001
PRODUCER_KERNEL_V1 stage=1 raw_iteration=4294967295 ordinal=3 kernel=fct_extract_gas_density threads=504666 begin_tick=1975678560690166 end_tick=1975678560739791 ms_per_tick=9.9999999999999995e-07 device_ms=0.049624999999999996
PRODUCER_KERNEL_V1 stage=1 raw_iteration=4294967295 ordinal=4 kernel=owner_gas_source threads=504666 begin_tick=1975678560739791 end_tick=1975678560788166 ms_per_tick=9.9999999999999995e-07 device_ms=0.048374999999999994
PRODUCER_KERNEL_V1 stage=1 raw_iteration=4294967295 ordinal=5 kernel=evaluate_resident_transport threads=504666 begin_tick=1975678560873750 end_tick=1975678561324166 ms_per_tick=9.9999999999999995e-07 device_ms=0.45041599999999998
PRODUCER_KERNEL_V1 stage=1 raw_iteration=4294967295 ordinal=6 kernel=identify_resident_transport threads=1 begin_tick=1975678561324583 end_tick=1975678561327333 ms_per_tick=9.9999999999999995e-07 device_ms=0.0027499999999999998
PRODUCER_KERNEL_V1 stage=1 raw_iteration=4294967295 ordinal=7 kernel=owner_bind_transport threads=1 begin_tick=1975678561327916 end_tick=1975678561331541 ms_per_tick=9.9999999999999995e-07 device_ms=0.0036249999999999998
PRODUCER_KERNEL_V1 stage=1 raw_iteration=4294967295 ordinal=8 kernel=identify_resident_owner_endpoint_class threads=1 begin_tick=1975678561331958 end_tick=1975678561335625 ms_per_tick=9.9999999999999995e-07 device_ms=0.0036669999999999997
PRODUCER_KERNEL_V1 stage=1 raw_iteration=4294967295 ordinal=9 kernel=evaluate_resident_physical_flux threads=1533387 begin_tick=1975678562383541 end_tick=1975678563715583 ms_per_tick=9.9999999999999995e-07 device_ms=1.3320419999999999
PRODUCER_KERNEL_V1 stage=1 raw_iteration=4294967295 ordinal=10 kernel=evaluate_resident_advective_pair threads=13800483 begin_tick=1975678563914500 end_tick=1975678571144500 ms_per_tick=9.9999999999999995e-07 device_ms=7.2299999999999995
PRODUCER_KERNEL_V1 stage=1 raw_iteration=4294967295 ordinal=11 kernel=finalize_resident_advective_high threads=13800483 begin_tick=1975678571146541 end_tick=1975678571583833 ms_per_tick=9.9999999999999995e-07 device_ms=0.43729199999999996
PRODUCER_KERNEL_V1 stage=1 raw_iteration=4294967295 ordinal=12 kernel=compose_resident_flux_pair threads=13800483 begin_tick=1975678571584208 end_tick=1975678572468416 ms_per_tick=9.9999999999999995e-07 device_ms=0.88420799999999999
PRODUCER_KERNEL_V1 stage=1 raw_iteration=4294967295 ordinal=13 kernel=validate_resident_physical_flux threads=13800483 begin_tick=1975678572469000 end_tick=1975678573307625 ms_per_tick=9.9999999999999995e-07 device_ms=0.83862499999999995
PRODUCER_KERNEL_V1 stage=1 raw_iteration=4294967295 ordinal=14 kernel=identify_resident_physical_flux threads=32 begin_tick=1975678573308125 end_tick=1975678573311375 ms_per_tick=9.9999999999999995e-07 device_ms=0.0032499999999999999
PRODUCER_KERNEL_V1 stage=1 raw_iteration=4294967295 ordinal=15 kernel=owner_average_flux threads=13800483 begin_tick=1975678573311958 end_tick=1975678574150125 ms_per_tick=9.9999999999999995e-07 device_ms=0.838167
PRODUCER_KERNEL_V1 stage=1 raw_iteration=4294967295 ordinal=16 kernel=owner_bind_averaged_flux threads=1 begin_tick=1975678574150708 end_tick=1975678574154125 ms_per_tick=9.9999999999999995e-07 device_ms=0.0034169999999999999
PRODUCER_KERNEL_V1 stage=1 raw_iteration=4294967295 ordinal=17 kernel=fct_build_ratios threads=5551326 begin_tick=1975678574154625 end_tick=1975678577937000 ms_per_tick=9.9999999999999995e-07 device_ms=3.782375
PRODUCER_KERNEL_V1 stage=1 raw_iteration=4294967295 ordinal=18 kernel=fct_build_face_alpha threads=1533387 begin_tick=1975678577937541 end_tick=1975678578201041 ms_per_tick=9.9999999999999995e-07 device_ms=0.26350000000000001
PRODUCER_KERNEL_V1 stage=1 raw_iteration=4294967295 ordinal=19 kernel=fct_commit_scalar threads=504666 begin_tick=1975678578201791 end_tick=1975678578393666 ms_per_tick=9.9999999999999995e-07 device_ms=0.19187499999999999
PRODUCER_KERNEL_V1 stage=1 raw_iteration=4294967295 ordinal=20 kernel=owner_bind_candidate threads=1 begin_tick=1975678578394208 end_tick=1975678578398125 ms_per_tick=9.9999999999999995e-07 device_ms=0.0039169999999999995
PRODUCER_KERNEL_V1 stage=1 raw_iteration=4294967295 ordinal=21 kernel=finalize_resident_eos_candidate threads=1 begin_tick=1975678578398750 end_tick=1975678578401125 ms_per_tick=9.9999999999999995e-07 device_ms=0.0023749999999999999
PRODUCER_KERNEL_V1 stage=1 raw_iteration=4294967295 ordinal=22 kernel=evaluate_resident_eos_candidate threads=504666 begin_tick=1975678578401625 end_tick=1975679133821833 ms_per_tick=9.9999999999999995e-07 device_ms=555.420208
PRODUCER_KERNEL_V1 stage=1 raw_iteration=4294967295 ordinal=23 kernel=finalize_resident_eos_candidate threads=1 begin_tick=1975679133843375 end_tick=1975679133846000 ms_per_tick=9.9999999999999995e-07 device_ms=0.0026249999999999997
PRODUCER_KERNEL_V1 stage=1 raw_iteration=4294967295 ordinal=24 kernel=identify_resident_eos threads=1 begin_tick=1975679133846333 end_tick=1975679133849000 ms_per_tick=9.9999999999999995e-07 device_ms=0.0026669999999999997
PRODUCER_KERNEL_V1 stage=1 raw_iteration=4294967295 ordinal=25 kernel=produce_resident_frozen_source threads=504666 begin_tick=1975679133849375 end_tick=1975679133880291 ms_per_tick=9.9999999999999995e-07 device_ms=0.030915999999999999
PRODUCER_KERNEL_V1 stage=1 raw_iteration=4294967295 ordinal=26 kernel=identify_resident_frozen_source threads=1 begin_tick=1975679133880583 end_tick=1975679133883333 ms_per_tick=9.9999999999999995e-07 device_ms=0.0027499999999999998
PRODUCER_KERNEL_V1 stage=1 raw_iteration=4294967295 ordinal=27 kernel=evaluate_resident_target_terms threads=504666 begin_tick=1975679133883750 end_tick=1975679250357625 ms_per_tick=9.9999999999999995e-07 device_ms=116.47387499999999
PRODUCER_KERNEL_V1 stage=1 raw_iteration=4294967295 ordinal=28 kernel=finalize_resident_target threads=1 begin_tick=1975679250374791 end_tick=1975679250377833 ms_per_tick=9.9999999999999995e-07 device_ms=0.003042
PRODUCER_KERNEL_V1 stage=1 raw_iteration=4294967295 ordinal=29 kernel=identify_resident_target threads=1 begin_tick=1975679250378166 end_tick=1975679250381000 ms_per_tick=9.9999999999999995e-07 device_ms=0.0028339999999999997
PRODUCER_KERNEL_V1 stage=1 raw_iteration=4294967295 ordinal=30 kernel=issue_resident_projection_consumer threads=1 begin_tick=1975679250381416 end_tick=1975679250385416 ms_per_tick=9.9999999999999995e-07 device_ms=0.0040000000000000001
PRODUCER_KERNEL_V1 stage=1 raw_iteration=4294967295 ordinal=31 kernel=consume_resident_target threads=1 begin_tick=1975679250385833 end_tick=1975679250389916 ms_per_tick=9.9999999999999995e-07 device_ms=0.0040829999999999998
PRODUCER_KERNEL_V1 stage=1 raw_iteration=4294967295 ordinal=32 kernel=owner_compose_target threads=504666 begin_tick=1975679250390250 end_tick=1975679250421791 ms_per_tick=9.9999999999999995e-07 device_ms=0.031541
PRODUCER_KERNEL_V1 stage=1 raw_iteration=4294967295 ordinal=33 kernel=finalize_resident_target threads=1 begin_tick=1975679250422125 end_tick=1975679250424625 ms_per_tick=9.9999999999999995e-07 device_ms=0.0025000000000000001
PRODUCER_KERNEL_V1 stage=1 raw_iteration=4294967295 ordinal=34 kernel=owner_identify_target threads=1 begin_tick=1975679250424958 end_tick=1975679250427791 ms_per_tick=9.9999999999999995e-07 device_ms=0.002833
PRODUCER_KERNEL_V1 stage=1 raw_iteration=4294967295 ordinal=35 kernel=issue_resident_projection_consumer threads=1 begin_tick=1975679250428125 end_tick=1975679250431083 ms_per_tick=9.9999999999999995e-07 device_ms=0.0029579999999999997
PRODUCER_KERNEL_V1 stage=1 raw_iteration=4294967295 ordinal=36 kernel=consume_resident_target threads=1 begin_tick=1975679250432125 end_tick=1975679250435166 ms_per_tick=9.9999999999999995e-07 device_ms=0.0030409999999999999
PRODUCER_KERNEL_V1 stage=1 raw_iteration=4294967295 ordinal=37 kernel=owner_issue_stage_seal threads=1 begin_tick=1975679250435541 end_tick=1975679250438333 ms_per_tick=9.9999999999999995e-07 device_ms=0.0027919999999999998
PRODUCER_KERNEL_V1 stage=1 raw_iteration=4294967295 ordinal=38 kernel=fct_compatible_stage_rate threads=1533387 begin_tick=1975679250439041 end_tick=1975679250995666 ms_per_tick=9.9999999999999995e-07 device_ms=0.55662499999999993
PRODUCER_KERNEL_V1 stage=1 raw_iteration=4294967295 ordinal=39 kernel=fct_compatible_stage_rate threads=1533387 begin_tick=1975679250996208 end_tick=1975679251538291 ms_per_tick=9.9999999999999995e-07 device_ms=0.54208299999999998
PRODUCER_KERNEL_V1 stage=1 raw_iteration=4294967295 ordinal=40 kernel=owner_heun_momentum threads=1533387 begin_tick=1975679251538875 end_tick=1975679251633666 ms_per_tick=9.9999999999999995e-07 device_ms=0.094791
RISE_FIRE_OWNER_PROFILE_V1 {"scope":32,"parent":29,"phase":"BuildStageProducerGroup","stage":1,"raw_iteration":4294967295,"iteration_kind":"bootstrap","wall_ms":777.572833000,"device_sum_ms":691.286333371,"wall_minus_device_ms":86.286499629,"exclusive_wall_ms":777.572833000,"exclusive_device_sum_ms":691.286333371,"child_observer_wall_ms":0.000000000,"count_scope":"inclusive","owner_commits":1,"projection_invocations":0}
RISE_FIRE_OWNER_PROFILE_V1 {"scope":35,"parent":34,"phase":"ProjectionAdapter","stage":1,"raw_iteration":0,"iteration_kind":"picard","wall_ms":15.032458000,"device_sum_ms":8.947124938,"wall_minus_device_ms":6.085333062,"exclusive_wall_ms":15.032458000,"exclusive_device_sum_ms":8.947124938,"child_observer_wall_ms":0.000000000,"count_scope":"inclusive","owner_commits":0,"projection_invocations":1}
RISE_FIRE_OWNER_PROFILE_V1 {"scope":34,"parent":33,"phase":"Project","stage":1,"raw_iteration":0,"iteration_kind":"picard","wall_ms":15.770125000,"device_sum_ms":8.996166755,"wall_minus_device_ms":6.773958245,"exclusive_wall_ms":0.731334000,"exclusive_device_sum_ms":0.049041817,"child_observer_wall_ms":0.006333000,"count_scope":"inclusive","owner_commits":2,"projection_invocations":1}
RISE_FIRE_OWNER_PROFILE_V1 {"scope":36,"parent":33,"phase":"ReadOpenClass","stage":1,"raw_iteration":0,"iteration_kind":"picard","wall_ms":0.172167000,"device_sum_ms":0.002749963,"wall_minus_device_ms":0.169417037,"exclusive_wall_ms":0.172167000,"exclusive_device_sum_ms":0.002749963,"child_observer_wall_ms":0.000000000,"count_scope":"inclusive","owner_commits":1,"projection_invocations":0}
RISE_FIRE_OWNER_PROFILE_V1 {"scope":37,"parent":33,"phase":"ReadOpenClass","stage":1,"raw_iteration":0,"iteration_kind":"picard","wall_ms":0.146000000,"device_sum_ms":0.002291752,"wall_minus_device_ms":0.143708248,"exclusive_wall_ms":0.146000000,"exclusive_device_sum_ms":0.002291752,"child_observer_wall_ms":0.000000000,"count_scope":"inclusive","owner_commits":1,"projection_invocations":0}
PRODUCER_COMMAND_V1 stage=1 raw_iteration=0 cpu_begin=1975679267952375 cpu_end=1975680045314958 gpu_begin=1975679267952375 gpu_end=1975680045314958 device_ms=691.95370841771364 encoders=41 interval_scope=possibly_overlapping
PRODUCER_KERNEL_V1 stage=1 raw_iteration=0 ordinal=0 kernel=owner_pack_faces threads=1533387 begin_tick=1975679353252833 end_tick=1975679353316375 ms_per_tick=9.9999999999999995e-07 device_ms=0.063542000000000001
PRODUCER_KERNEL_V1 stage=1 raw_iteration=0 ordinal=1 kernel=owner_pack_faces threads=1533387 begin_tick=1975679353316166 end_tick=1975679353628333 ms_per_tick=9.9999999999999995e-07 device_ms=0.31216699999999997
PRODUCER_KERNEL_V1 stage=1 raw_iteration=0 ordinal=2 kernel=owner_pack_faces threads=1533387 begin_tick=1975679353247666 end_tick=1975679353316166 ms_per_tick=9.9999999999999995e-07 device_ms=0.068499999999999991
PRODUCER_KERNEL_V1 stage=1 raw_iteration=0 ordinal=3 kernel=fct_extract_gas_density threads=504666 begin_tick=1975679353316916 end_tick=1975679353386666 ms_per_tick=9.9999999999999995e-07 device_ms=0.069749999999999993
PRODUCER_KERNEL_V1 stage=1 raw_iteration=0 ordinal=4 kernel=owner_gas_source threads=504666 begin_tick=1975679353628750 end_tick=1975679353833583 ms_per_tick=9.9999999999999995e-07 device_ms=0.20483299999999999
PRODUCER_KERNEL_V1 stage=1 raw_iteration=0 ordinal=5 kernel=evaluate_resident_transport threads=504666 begin_tick=1975679353386666 end_tick=1975679353847291 ms_per_tick=9.9999999999999995e-07 device_ms=0.46062500000000001
PRODUCER_KERNEL_V1 stage=1 raw_iteration=0 ordinal=6 kernel=identify_resident_transport threads=1 begin_tick=1975679353847708 end_tick=1975679353850791 ms_per_tick=9.9999999999999995e-07 device_ms=0.0030829999999999998
PRODUCER_KERNEL_V1 stage=1 raw_iteration=0 ordinal=7 kernel=owner_bind_transport threads=1 begin_tick=1975679353851250 end_tick=1975679353854708 ms_per_tick=9.9999999999999995e-07 device_ms=0.0034579999999999997
PRODUCER_KERNEL_V1 stage=1 raw_iteration=0 ordinal=8 kernel=identify_resident_owner_endpoint_class threads=1 begin_tick=1975679353855166 end_tick=1975679353858541 ms_per_tick=9.9999999999999995e-07 device_ms=0.003375
PRODUCER_KERNEL_V1 stage=1 raw_iteration=0 ordinal=9 kernel=evaluate_resident_physical_flux threads=1533387 begin_tick=1975679355007625 end_tick=1975679356338333 ms_per_tick=9.9999999999999995e-07 device_ms=1.330708
PRODUCER_KERNEL_V1 stage=1 raw_iteration=0 ordinal=10 kernel=evaluate_resident_advective_pair threads=13800483 begin_tick=1975679356691291 end_tick=1975679364126625 ms_per_tick=9.9999999999999995e-07 device_ms=7.4353339999999992
PRODUCER_KERNEL_V1 stage=1 raw_iteration=0 ordinal=11 kernel=finalize_resident_advective_high threads=13800483 begin_tick=1975679364156208 end_tick=1975679364819083 ms_per_tick=9.9999999999999995e-07 device_ms=0.66287499999999999
PRODUCER_KERNEL_V1 stage=1 raw_iteration=0 ordinal=12 kernel=compose_resident_flux_pair threads=13800483 begin_tick=1975679364819625 end_tick=1975679365694750 ms_per_tick=9.9999999999999995e-07 device_ms=0.87512499999999993
PRODUCER_KERNEL_V1 stage=1 raw_iteration=0 ordinal=13 kernel=validate_resident_physical_flux threads=13800483 begin_tick=1975679365695458 end_tick=1975679366596000 ms_per_tick=9.9999999999999995e-07 device_ms=0.90054199999999995
PRODUCER_KERNEL_V1 stage=1 raw_iteration=0 ordinal=14 kernel=identify_resident_physical_flux threads=32 begin_tick=1975679366596708 end_tick=1975679366600166 ms_per_tick=9.9999999999999995e-07 device_ms=0.0034579999999999997
PRODUCER_KERNEL_V1 stage=1 raw_iteration=0 ordinal=15 kernel=owner_average_flux threads=13800483 begin_tick=1975679366600583 end_tick=1975679367429041 ms_per_tick=9.9999999999999995e-07 device_ms=0.82845799999999992
PRODUCER_KERNEL_V1 stage=1 raw_iteration=0 ordinal=16 kernel=owner_bind_averaged_flux threads=1 begin_tick=1975679367429541 end_tick=1975679367433458 ms_per_tick=9.9999999999999995e-07 device_ms=0.0039169999999999995
PRODUCER_KERNEL_V1 stage=1 raw_iteration=0 ordinal=17 kernel=fct_build_ratios threads=5551326 begin_tick=1975679367433916 end_tick=1975679371325833 ms_per_tick=9.9999999999999995e-07 device_ms=3.8919169999999998
PRODUCER_KERNEL_V1 stage=1 raw_iteration=0 ordinal=18 kernel=fct_build_face_alpha threads=1533387 begin_tick=1975679371326375 end_tick=1975679371589750 ms_per_tick=9.9999999999999995e-07 device_ms=0.26337499999999997
PRODUCER_KERNEL_V1 stage=1 raw_iteration=0 ordinal=19 kernel=fct_commit_scalar threads=504666 begin_tick=1975679371590375 end_tick=1975679371792416 ms_per_tick=9.9999999999999995e-07 device_ms=0.202041
PRODUCER_KERNEL_V1 stage=1 raw_iteration=0 ordinal=20 kernel=owner_bind_candidate threads=1 begin_tick=1975679371792833 end_tick=1975679371796666 ms_per_tick=9.9999999999999995e-07 device_ms=0.003833
PRODUCER_KERNEL_V1 stage=1 raw_iteration=0 ordinal=21 kernel=finalize_resident_eos_candidate threads=1 begin_tick=1975679371797166 end_tick=1975679371800125 ms_per_tick=9.9999999999999995e-07 device_ms=0.0029589999999999998
PRODUCER_KERNEL_V1 stage=1 raw_iteration=0 ordinal=22 kernel=evaluate_resident_eos_candidate threads=504666 begin_tick=1975679371800750 end_tick=1975679929295291 ms_per_tick=9.9999999999999995e-07 device_ms=557.49454100000003
PRODUCER_KERNEL_V1 stage=1 raw_iteration=0 ordinal=23 kernel=finalize_resident_eos_candidate threads=1 begin_tick=1975679929316666 end_tick=1975679929319458 ms_per_tick=9.9999999999999995e-07 device_ms=0.0027919999999999998
PRODUCER_KERNEL_V1 stage=1 raw_iteration=0 ordinal=24 kernel=identify_resident_eos threads=1 begin_tick=1975679929319750 end_tick=1975679929322375 ms_per_tick=9.9999999999999995e-07 device_ms=0.0026249999999999997
PRODUCER_KERNEL_V1 stage=1 raw_iteration=0 ordinal=25 kernel=produce_resident_frozen_source threads=504666 begin_tick=1975679929322791 end_tick=1975679929354416 ms_per_tick=9.9999999999999995e-07 device_ms=0.031625
PRODUCER_KERNEL_V1 stage=1 raw_iteration=0 ordinal=26 kernel=identify_resident_frozen_source threads=1 begin_tick=1975679929354833 end_tick=1975679929357375 ms_per_tick=9.9999999999999995e-07 device_ms=0.002542
PRODUCER_KERNEL_V1 stage=1 raw_iteration=0 ordinal=27 kernel=evaluate_resident_target_terms threads=504666 begin_tick=1975679929357708 end_tick=1975680043936166 ms_per_tick=9.9999999999999995e-07 device_ms=114.578458
PRODUCER_KERNEL_V1 stage=1 raw_iteration=0 ordinal=28 kernel=finalize_resident_target threads=1 begin_tick=1975680043953541 end_tick=1975680043956875 ms_per_tick=9.9999999999999995e-07 device_ms=0.0033339999999999997
PRODUCER_KERNEL_V1 stage=1 raw_iteration=0 ordinal=29 kernel=identify_resident_target threads=1 begin_tick=1975680043957291 end_tick=1975680043960291 ms_per_tick=9.9999999999999995e-07 device_ms=0.0030000000000000001
PRODUCER_KERNEL_V1 stage=1 raw_iteration=0 ordinal=30 kernel=issue_resident_projection_consumer threads=1 begin_tick=1975680043960708 end_tick=1975680043964250 ms_per_tick=9.9999999999999995e-07 device_ms=0.003542
PRODUCER_KERNEL_V1 stage=1 raw_iteration=0 ordinal=31 kernel=consume_resident_target threads=1 begin_tick=1975680043964666 end_tick=1975680043968833 ms_per_tick=9.9999999999999995e-07 device_ms=0.0041669999999999997
PRODUCER_KERNEL_V1 stage=1 raw_iteration=0 ordinal=32 kernel=owner_compose_target threads=504666 begin_tick=1975680043969166 end_tick=1975680044048708 ms_per_tick=9.9999999999999995e-07 device_ms=0.079542000000000002
PRODUCER_KERNEL_V1 stage=1 raw_iteration=0 ordinal=33 kernel=finalize_resident_target threads=1 begin_tick=1975680044049041 end_tick=1975680044051541 ms_per_tick=9.9999999999999995e-07 device_ms=0.0025000000000000001
PRODUCER_KERNEL_V1 stage=1 raw_iteration=0 ordinal=34 kernel=owner_identify_target threads=1 begin_tick=1975680044051875 end_tick=1975680044054958 ms_per_tick=9.9999999999999995e-07 device_ms=0.0030829999999999998
PRODUCER_KERNEL_V1 stage=1 raw_iteration=0 ordinal=35 kernel=issue_resident_projection_consumer threads=1 begin_tick=1975680044055375 end_tick=1975680044058375 ms_per_tick=9.9999999999999995e-07 device_ms=0.0030000000000000001
PRODUCER_KERNEL_V1 stage=1 raw_iteration=0 ordinal=36 kernel=consume_resident_target threads=1 begin_tick=1975680044058791 end_tick=1975680044061958 ms_per_tick=9.9999999999999995e-07 device_ms=0.0031669999999999997
PRODUCER_KERNEL_V1 stage=1 raw_iteration=0 ordinal=37 kernel=owner_issue_stage_seal threads=1 begin_tick=1975680044062291 end_tick=1975680044065125 ms_per_tick=9.9999999999999995e-07 device_ms=0.0028339999999999997
PRODUCER_KERNEL_V1 stage=1 raw_iteration=0 ordinal=38 kernel=fct_compatible_stage_rate threads=1533387 begin_tick=1975680044065750 end_tick=1975680044589708 ms_per_tick=9.9999999999999995e-07 device_ms=0.52395799999999992
PRODUCER_KERNEL_V1 stage=1 raw_iteration=0 ordinal=39 kernel=fct_compatible_stage_rate threads=1533387 begin_tick=1975680044590208 end_tick=1975680045102708 ms_per_tick=9.9999999999999995e-07 device_ms=0.51249999999999996
PRODUCER_KERNEL_V1 stage=1 raw_iteration=0 ordinal=40 kernel=owner_heun_momentum threads=1533387 begin_tick=1975680045103208 end_tick=1975680045195375 ms_per_tick=9.9999999999999995e-07 device_ms=0.092166999999999999
RISE_FIRE_OWNER_PROFILE_V1 {"scope":38,"parent":33,"phase":"BuildStageProducerGroup","stage":1,"raw_iteration":0,"iteration_kind":"picard","wall_ms":777.499084000,"device_sum_ms":691.953708418,"wall_minus_device_ms":85.545375582,"exclusive_wall_ms":777.499084000,"exclusive_device_sum_ms":691.953708418,"child_observer_wall_ms":0.000000000,"count_scope":"inclusive","owner_commits":1,"projection_invocations":0}
RISE_FIRE_OWNER_PROFILE_V1 {"scope":39,"parent":33,"phase":"Residual","stage":1,"raw_iteration":0,"iteration_kind":"picard","wall_ms":0.327000000,"device_sum_ms":0.021500047,"wall_minus_device_ms":0.305499953,"exclusive_wall_ms":0.327000000,"exclusive_device_sum_ms":0.021500047,"child_observer_wall_ms":0.000000000,"count_scope":"inclusive","owner_commits":1,"projection_invocations":0}
RISE_FIRE_OWNER_PROFILE_V1 {"scope":33,"parent":29,"phase":"PicardIteration","stage":1,"raw_iteration":0,"iteration_kind":"picard","wall_ms":794.820292000,"device_sum_ms":700.976416934,"wall_minus_device_ms":93.843875066,"exclusive_wall_ms":0.889458000,"exclusive_device_sum_ms":0.000000000,"child_observer_wall_ms":0.016458000,"count_scope":"inclusive","owner_commits":6,"projection_invocations":1}
RISE_FIRE_OWNER_PROFILE_V1 {"scope":42,"parent":41,"phase":"ProjectionAdapter","stage":1,"raw_iteration":1,"iteration_kind":"picard","wall_ms":14.789000000,"device_sum_ms":8.774749935,"wall_minus_device_ms":6.014250065,"exclusive_wall_ms":14.789000000,"exclusive_device_sum_ms":8.774749935,"child_observer_wall_ms":0.000000000,"count_scope":"inclusive","owner_commits":0,"projection_invocations":1}
RISE_FIRE_OWNER_PROFILE_V1 {"scope":41,"parent":40,"phase":"Project","stage":1,"raw_iteration":1,"iteration_kind":"picard","wall_ms":17.022459000,"device_sum_ms":8.821374970,"wall_minus_device_ms":8.201084030,"exclusive_wall_ms":2.207959000,"exclusive_device_sum_ms":0.046625035,"child_observer_wall_ms":0.025500000,"count_scope":"inclusive","owner_commits":2,"projection_invocations":1}
RISE_FIRE_OWNER_PROFILE_V1 {"scope":43,"parent":40,"phase":"ReadOpenClass","stage":1,"raw_iteration":1,"iteration_kind":"picard","wall_ms":0.207291000,"device_sum_ms":0.002166722,"wall_minus_device_ms":0.205124278,"exclusive_wall_ms":0.207291000,"exclusive_device_sum_ms":0.002166722,"child_observer_wall_ms":0.000000000,"count_scope":"inclusive","owner_commits":1,"projection_invocations":0}
RISE_FIRE_OWNER_PROFILE_V1 {"scope":44,"parent":40,"phase":"ReadOpenClass","stage":1,"raw_iteration":1,"iteration_kind":"picard","wall_ms":0.168750000,"device_sum_ms":0.002500135,"wall_minus_device_ms":0.166249865,"exclusive_wall_ms":0.168750000,"exclusive_device_sum_ms":0.002500135,"child_observer_wall_ms":0.000000000,"count_scope":"inclusive","owner_commits":1,"projection_invocations":0}
PRODUCER_COMMAND_V1 stage=1 raw_iteration=1 cpu_begin=1975680064115083 cpu_end=1975680845824083 gpu_begin=1975680064115083 gpu_end=1975680845824083 device_ms=690.15466677956283 encoders=41 interval_scope=possibly_overlapping
PRODUCER_KERNEL_V1 stage=1 raw_iteration=1 ordinal=0 kernel=owner_pack_faces threads=1533387 begin_tick=1975680155519708 end_tick=1975680155582875 ms_per_tick=9.9999999999999995e-07 device_ms=0.063167000000000001
PRODUCER_KERNEL_V1 stage=1 raw_iteration=1 ordinal=1 kernel=owner_pack_faces threads=1533387 begin_tick=1975680155582625 end_tick=1975680156025125 ms_per_tick=9.9999999999999995e-07 device_ms=0.4425
PRODUCER_KERNEL_V1 stage=1 raw_iteration=1 ordinal=2 kernel=owner_pack_faces threads=1533387 begin_tick=1975680155514750 end_tick=1975680155582625 ms_per_tick=9.9999999999999995e-07 device_ms=0.067874999999999991
PRODUCER_KERNEL_V1 stage=1 raw_iteration=1 ordinal=3 kernel=fct_extract_gas_density threads=504666 begin_tick=1975680156025125 end_tick=1975680156049833 ms_per_tick=9.9999999999999995e-07 device_ms=0.024707999999999997
PRODUCER_KERNEL_V1 stage=1 raw_iteration=1 ordinal=4 kernel=owner_gas_source threads=504666 begin_tick=1975680156049833 end_tick=1975680156094333 ms_per_tick=9.9999999999999995e-07 device_ms=0.044499999999999998
PRODUCER_KERNEL_V1 stage=1 raw_iteration=1 ordinal=5 kernel=evaluate_resident_transport threads=504666 begin_tick=1975680155583250 end_tick=1975680156091875 ms_per_tick=9.9999999999999995e-07 device_ms=0.50862499999999999
PRODUCER_KERNEL_V1 stage=1 raw_iteration=1 ordinal=6 kernel=identify_resident_transport threads=1 begin_tick=1975680156092458 end_tick=1975680156095375 ms_per_tick=9.9999999999999995e-07 device_ms=0.0029169999999999999
PRODUCER_KERNEL_V1 stage=1 raw_iteration=1 ordinal=7 kernel=owner_bind_transport threads=1 begin_tick=1975680156095916 end_tick=1975680156099625 ms_per_tick=9.9999999999999995e-07 device_ms=0.0037089999999999996
PRODUCER_KERNEL_V1 stage=1 raw_iteration=1 ordinal=8 kernel=identify_resident_owner_endpoint_class threads=1 begin_tick=1975680156100083 end_tick=1975680156103583 ms_per_tick=9.9999999999999995e-07 device_ms=0.0034999999999999996
PRODUCER_KERNEL_V1 stage=1 raw_iteration=1 ordinal=9 kernel=evaluate_resident_physical_flux threads=1533387 begin_tick=1975680157162083 end_tick=1975680158575541 ms_per_tick=9.9999999999999995e-07 device_ms=1.4134579999999999
PRODUCER_KERNEL_V1 stage=1 raw_iteration=1 ordinal=10 kernel=evaluate_resident_advective_pair threads=13800483 begin_tick=1975680158750166 end_tick=1975680166169791 ms_per_tick=9.9999999999999995e-07 device_ms=7.4196249999999999
PRODUCER_KERNEL_V1 stage=1 raw_iteration=1 ordinal=11 kernel=finalize_resident_advective_high threads=13800483 begin_tick=1975680166170416 end_tick=1975680166595166 ms_per_tick=9.9999999999999995e-07 device_ms=0.42474999999999996
PRODUCER_KERNEL_V1 stage=1 raw_iteration=1 ordinal=12 kernel=compose_resident_flux_pair threads=13800483 begin_tick=1975680166595583 end_tick=1975680167484125 ms_per_tick=9.9999999999999995e-07 device_ms=0.88854199999999994
PRODUCER_KERNEL_V1 stage=1 raw_iteration=1 ordinal=13 kernel=validate_resident_physical_flux threads=13800483 begin_tick=1975680167484833 end_tick=1975680168507791 ms_per_tick=9.9999999999999995e-07 device_ms=1.022958
PRODUCER_KERNEL_V1 stage=1 raw_iteration=1 ordinal=14 kernel=identify_resident_physical_flux threads=32 begin_tick=1975680168508333 end_tick=1975680168511666 ms_per_tick=9.9999999999999995e-07 device_ms=0.003333
PRODUCER_KERNEL_V1 stage=1 raw_iteration=1 ordinal=15 kernel=owner_average_flux threads=13800483 begin_tick=1975680168512166 end_tick=1975680169324833 ms_per_tick=9.9999999999999995e-07 device_ms=0.81266699999999992
PRODUCER_KERNEL_V1 stage=1 raw_iteration=1 ordinal=16 kernel=owner_bind_averaged_flux threads=1 begin_tick=1975680169325416 end_tick=1975680169329000 ms_per_tick=9.9999999999999995e-07 device_ms=0.0035839999999999999
PRODUCER_KERNEL_V1 stage=1 raw_iteration=1 ordinal=17 kernel=fct_build_ratios threads=5551326 begin_tick=1975680169329458 end_tick=1975680173057250 ms_per_tick=9.9999999999999995e-07 device_ms=3.727792
PRODUCER_KERNEL_V1 stage=1 raw_iteration=1 ordinal=18 kernel=fct_build_face_alpha threads=1533387 begin_tick=1975680173057875 end_tick=1975680173322375 ms_per_tick=9.9999999999999995e-07 device_ms=0.26450000000000001
PRODUCER_KERNEL_V1 stage=1 raw_iteration=1 ordinal=19 kernel=fct_commit_scalar threads=504666 begin_tick=1975680173323000 end_tick=1975680173524166 ms_per_tick=9.9999999999999995e-07 device_ms=0.20116599999999998
PRODUCER_KERNEL_V1 stage=1 raw_iteration=1 ordinal=20 kernel=owner_bind_candidate threads=1 begin_tick=1975680173524708 end_tick=1975680173528541 ms_per_tick=9.9999999999999995e-07 device_ms=0.003833
PRODUCER_KERNEL_V1 stage=1 raw_iteration=1 ordinal=21 kernel=finalize_resident_eos_candidate threads=1 begin_tick=1975680173529000 end_tick=1975680173531458 ms_per_tick=9.9999999999999995e-07 device_ms=0.0024579999999999997
PRODUCER_KERNEL_V1 stage=1 raw_iteration=1 ordinal=22 kernel=evaluate_resident_eos_candidate threads=504666 begin_tick=1975680173531958 end_tick=1975680729838250 ms_per_tick=9.9999999999999995e-07 device_ms=556.30629199999998
PRODUCER_KERNEL_V1 stage=1 raw_iteration=1 ordinal=23 kernel=finalize_resident_eos_candidate threads=1 begin_tick=1975680729855041 end_tick=1975680729857583 ms_per_tick=9.9999999999999995e-07 device_ms=0.002542
PRODUCER_KERNEL_V1 stage=1 raw_iteration=1 ordinal=24 kernel=identify_resident_eos threads=1 begin_tick=1975680729857916 end_tick=1975680729860500 ms_per_tick=9.9999999999999995e-07 device_ms=0.0025839999999999999
PRODUCER_KERNEL_V1 stage=1 raw_iteration=1 ordinal=25 kernel=produce_resident_frozen_source threads=504666 begin_tick=1975680729860791 end_tick=1975680729890500 ms_per_tick=9.9999999999999995e-07 device_ms=0.029708999999999999
PRODUCER_KERNEL_V1 stage=1 raw_iteration=1 ordinal=26 kernel=identify_resident_frozen_source threads=1 begin_tick=1975680729890916 end_tick=1975680729893541 ms_per_tick=9.9999999999999995e-07 device_ms=0.0026249999999999997
PRODUCER_KERNEL_V1 stage=1 raw_iteration=1 ordinal=27 kernel=evaluate_resident_target_terms threads=504666 begin_tick=1975680729893958 end_tick=1975680844425041 ms_per_tick=9.9999999999999995e-07 device_ms=114.531083
PRODUCER_KERNEL_V1 stage=1 raw_iteration=1 ordinal=28 kernel=finalize_resident_target threads=1 begin_tick=1975680844446875 end_tick=1975680844450208 ms_per_tick=9.9999999999999995e-07 device_ms=0.003333
PRODUCER_KERNEL_V1 stage=1 raw_iteration=1 ordinal=29 kernel=identify_resident_target threads=1 begin_tick=1975680844450500 end_tick=1975680844453416 ms_per_tick=9.9999999999999995e-07 device_ms=0.0029159999999999998
PRODUCER_KERNEL_V1 stage=1 raw_iteration=1 ordinal=30 kernel=issue_resident_projection_consumer threads=1 begin_tick=1975680844453875 end_tick=1975680844457583 ms_per_tick=9.9999999999999995e-07 device_ms=0.0037079999999999999
PRODUCER_KERNEL_V1 stage=1 raw_iteration=1 ordinal=31 kernel=consume_resident_target threads=1 begin_tick=1975680844458000 end_tick=1975680844462041 ms_per_tick=9.9999999999999995e-07 device_ms=0.0040409999999999995
PRODUCER_KERNEL_V1 stage=1 raw_iteration=1 ordinal=32 kernel=owner_compose_target threads=504666 begin_tick=1975680844463250 end_tick=1975680844542250 ms_per_tick=9.9999999999999995e-07 device_ms=0.079000000000000001
PRODUCER_KERNEL_V1 stage=1 raw_iteration=1 ordinal=33 kernel=finalize_resident_target threads=1 begin_tick=1975680844542583 end_tick=1975680844545125 ms_per_tick=9.9999999999999995e-07 device_ms=0.002542
PRODUCER_KERNEL_V1 stage=1 raw_iteration=1 ordinal=34 kernel=owner_identify_target threads=1 begin_tick=1975680844545458 end_tick=1975680844548416 ms_per_tick=9.9999999999999995e-07 device_ms=0.0029579999999999997
PRODUCER_KERNEL_V1 stage=1 raw_iteration=1 ordinal=35 kernel=issue_resident_projection_consumer threads=1 begin_tick=1975680844548833 end_tick=1975680844551750 ms_per_tick=9.9999999999999995e-07 device_ms=0.0029169999999999999
PRODUCER_KERNEL_V1 stage=1 raw_iteration=1 ordinal=36 kernel=consume_resident_target threads=1 begin_tick=1975680844552125 end_tick=1975680844555125 ms_per_tick=9.9999999999999995e-07 device_ms=0.0030000000000000001
PRODUCER_KERNEL_V1 stage=1 raw_iteration=1 ordinal=37 kernel=owner_issue_stage_seal threads=1 begin_tick=1975680844555416 end_tick=1975680844558208 ms_per_tick=9.9999999999999995e-07 device_ms=0.0027919999999999998
PRODUCER_KERNEL_V1 stage=1 raw_iteration=1 ordinal=38 kernel=fct_compatible_stage_rate threads=1533387 begin_tick=1975680844558916 end_tick=1975680845072500 ms_per_tick=9.9999999999999995e-07 device_ms=0.51358399999999993
PRODUCER_KERNEL_V1 stage=1 raw_iteration=1 ordinal=39 kernel=fct_compatible_stage_rate threads=1533387 begin_tick=1975680845073041 end_tick=1975680845572375 ms_per_tick=9.9999999999999995e-07 device_ms=0.499334
PRODUCER_KERNEL_V1 stage=1 raw_iteration=1 ordinal=40 kernel=owner_heun_momentum threads=1533387 begin_tick=1975680845572958 end_tick=1975680845663750 ms_per_tick=9.9999999999999995e-07 device_ms=0.090791999999999998
RISE_FIRE_OWNER_PROFILE_V1 {"scope":45,"parent":40,"phase":"BuildStageProducerGroup","stage":1,"raw_iteration":1,"iteration_kind":"picard","wall_ms":781.844000000,"device_sum_ms":690.154666780,"wall_minus_device_ms":91.689333220,"exclusive_wall_ms":781.844000000,"exclusive_device_sum_ms":690.154666780,"child_observer_wall_ms":0.000000000,"count_scope":"inclusive","owner_commits":1,"projection_invocations":0}
RISE_FIRE_OWNER_PROFILE_V1 {"scope":46,"parent":40,"phase":"Residual","stage":1,"raw_iteration":1,"iteration_kind":"picard","wall_ms":0.383750000,"device_sum_ms":0.112625072,"wall_minus_device_ms":0.271124928,"exclusive_wall_ms":0.383750000,"exclusive_device_sum_ms":0.112625072,"child_observer_wall_ms":0.000000000,"count_scope":"inclusive","owner_commits":1,"projection_invocations":0}
RISE_FIRE_OWNER_PROFILE_V1 {"scope":49,"parent":48,"phase":"ProjectionAdapter","stage":1,"raw_iteration":2147483649,"iteration_kind":"terminal","wall_ms":14.006458000,"device_sum_ms":8.794249734,"wall_minus_device_ms":5.212208266,"exclusive_wall_ms":14.006458000,"exclusive_device_sum_ms":8.794249734,"child_observer_wall_ms":0.000000000,"count_scope":"inclusive","owner_commits":0,"projection_invocations":1}
RISE_FIRE_OWNER_PROFILE_V1 {"scope":48,"parent":47,"phase":"Project","stage":1,"raw_iteration":2147483649,"iteration_kind":"terminal","wall_ms":14.676791000,"device_sum_ms":8.834666340,"wall_minus_device_ms":5.842124660,"exclusive_wall_ms":0.665041000,"exclusive_device_sum_ms":0.040416606,"child_observer_wall_ms":0.005292000,"count_scope":"inclusive","owner_commits":2,"projection_invocations":1}
RISE_FIRE_OWNER_PROFILE_V1 {"scope":50,"parent":47,"phase":"ReadOpenClass","stage":1,"raw_iteration":2147483649,"iteration_kind":"terminal","wall_ms":0.161542000,"device_sum_ms":0.002416549,"wall_minus_device_ms":0.159125451,"exclusive_wall_ms":0.161542000,"exclusive_device_sum_ms":0.002416549,"child_observer_wall_ms":0.000000000,"count_scope":"inclusive","owner_commits":1,"projection_invocations":0}
RISE_FIRE_OWNER_PROFILE_V1 {"scope":51,"parent":47,"phase":"ReadOpenClass","stage":1,"raw_iteration":2147483649,"iteration_kind":"terminal","wall_ms":0.152209000,"device_sum_ms":0.002250075,"wall_minus_device_ms":0.149958925,"exclusive_wall_ms":0.152209000,"exclusive_device_sum_ms":0.002250075,"child_observer_wall_ms":0.000000000,"count_scope":"inclusive","owner_commits":1,"projection_invocations":0}
PRODUCER_COMMAND_V1 stage=1 raw_iteration=2147483649 cpu_begin=1975680861336916 cpu_end=1975681648601291 gpu_begin=1975680861336916 gpu_end=1975681648601291 device_ms=701.20500004850328 encoders=41 interval_scope=possibly_overlapping
PRODUCER_KERNEL_V1 stage=1 raw_iteration=2147483649 ordinal=0 kernel=owner_pack_faces threads=1533387 begin_tick=1975680947263375 end_tick=1975680947314625 ms_per_tick=9.9999999999999995e-07 device_ms=0.051249999999999997
PRODUCER_KERNEL_V1 stage=1 raw_iteration=2147483649 ordinal=1 kernel=owner_pack_faces threads=1533387 begin_tick=1975680947412083 end_tick=1975680947463000 ms_per_tick=9.9999999999999995e-07 device_ms=0.050916999999999997
PRODUCER_KERNEL_V1 stage=1 raw_iteration=2147483649 ordinal=2 kernel=owner_pack_faces threads=1533387 begin_tick=1975680947490916 end_tick=1975680947565541 ms_per_tick=9.9999999999999995e-07 device_ms=0.074624999999999997
PRODUCER_KERNEL_V1 stage=1 raw_iteration=2147483649 ordinal=3 kernel=fct_extract_gas_density threads=504666 begin_tick=1975680947531416 end_tick=1975680947578583 ms_per_tick=9.9999999999999995e-07 device_ms=0.047167000000000001
PRODUCER_KERNEL_V1 stage=1 raw_iteration=2147483649 ordinal=4 kernel=owner_gas_source threads=504666 begin_tick=1975680947583750 end_tick=1975680947624708 ms_per_tick=9.9999999999999995e-07 device_ms=0.040958000000000001
PRODUCER_KERNEL_V1 stage=1 raw_iteration=2147483649 ordinal=5 kernel=evaluate_resident_transport threads=504666 begin_tick=1975680947716208 end_tick=1975680948177500 ms_per_tick=9.9999999999999995e-07 device_ms=0.46129199999999998
PRODUCER_KERNEL_V1 stage=1 raw_iteration=2147483649 ordinal=6 kernel=identify_resident_transport threads=1 begin_tick=1975680948177916 end_tick=1975680948180666 ms_per_tick=9.9999999999999995e-07 device_ms=0.0027499999999999998
PRODUCER_KERNEL_V1 stage=1 raw_iteration=2147483649 ordinal=7 kernel=owner_bind_transport threads=1 begin_tick=1975680948181208 end_tick=1975680948184708 ms_per_tick=9.9999999999999995e-07 device_ms=0.0034999999999999996
PRODUCER_KERNEL_V1 stage=1 raw_iteration=2147483649 ordinal=8 kernel=identify_resident_owner_endpoint_class threads=1 begin_tick=1975680948185041 end_tick=1975680948188375 ms_per_tick=9.9999999999999995e-07 device_ms=0.0033339999999999997
PRODUCER_KERNEL_V1 stage=1 raw_iteration=2147483649 ordinal=9 kernel=evaluate_resident_physical_flux threads=1533387 begin_tick=1975680949147500 end_tick=1975680950504583 ms_per_tick=9.9999999999999995e-07 device_ms=1.357083
PRODUCER_KERNEL_V1 stage=1 raw_iteration=2147483649 ordinal=10 kernel=evaluate_resident_advective_pair threads=13800483 begin_tick=1975680950530250 end_tick=1975680957604125 ms_per_tick=9.9999999999999995e-07 device_ms=7.0738749999999992
PRODUCER_KERNEL_V1 stage=1 raw_iteration=2147483649 ordinal=11 kernel=finalize_resident_advective_high threads=13800483 begin_tick=1975680957604791 end_tick=1975680958032208 ms_per_tick=9.9999999999999995e-07 device_ms=0.42741699999999999
PRODUCER_KERNEL_V1 stage=1 raw_iteration=2147483649 ordinal=12 kernel=compose_resident_flux_pair threads=13800483 begin_tick=1975680958032583 end_tick=1975680959093041 ms_per_tick=9.9999999999999995e-07 device_ms=1.0604579999999999
PRODUCER_KERNEL_V1 stage=1 raw_iteration=2147483649 ordinal=13 kernel=validate_resident_physical_flux threads=13800483 begin_tick=1975680959093750 end_tick=1975680959966833 ms_per_tick=9.9999999999999995e-07 device_ms=0.87308299999999994
PRODUCER_KERNEL_V1 stage=1 raw_iteration=2147483649 ordinal=14 kernel=identify_resident_physical_flux threads=32 begin_tick=1975680959967500 end_tick=1975680959970916 ms_per_tick=9.9999999999999995e-07 device_ms=0.0034159999999999998
PRODUCER_KERNEL_V1 stage=1 raw_iteration=2147483649 ordinal=15 kernel=owner_average_flux threads=13800483 begin_tick=1975680959971375 end_tick=1975680960782708 ms_per_tick=9.9999999999999995e-07 device_ms=0.81133299999999997
PRODUCER_KERNEL_V1 stage=1 raw_iteration=2147483649 ordinal=16 kernel=owner_bind_averaged_flux threads=1 begin_tick=1975680960783333 end_tick=1975680960786958 ms_per_tick=9.9999999999999995e-07 device_ms=0.0036249999999999998
PRODUCER_KERNEL_V1 stage=1 raw_iteration=2147483649 ordinal=17 kernel=fct_build_ratios threads=5551326 begin_tick=1975680960787458 end_tick=1975680964686125 ms_per_tick=9.9999999999999995e-07 device_ms=3.8986669999999997
PRODUCER_KERNEL_V1 stage=1 raw_iteration=2147483649 ordinal=18 kernel=fct_build_face_alpha threads=1533387 begin_tick=1975680964686666 end_tick=1975680964950416 ms_per_tick=9.9999999999999995e-07 device_ms=0.26374999999999998
PRODUCER_KERNEL_V1 stage=1 raw_iteration=2147483649 ordinal=19 kernel=fct_commit_scalar threads=504666 begin_tick=1975680964951041 end_tick=1975680965146500 ms_per_tick=9.9999999999999995e-07 device_ms=0.19545899999999999
PRODUCER_KERNEL_V1 stage=1 raw_iteration=2147483649 ordinal=20 kernel=owner_bind_candidate threads=1 begin_tick=1975680965147083 end_tick=1975680965150750 ms_per_tick=9.9999999999999995e-07 device_ms=0.0036669999999999997
PRODUCER_KERNEL_V1 stage=1 raw_iteration=2147483649 ordinal=21 kernel=finalize_resident_eos_candidate threads=1 begin_tick=1975680965151250 end_tick=1975680965153958 ms_per_tick=9.9999999999999995e-07 device_ms=0.0027079999999999999
PRODUCER_KERNEL_V1 stage=1 raw_iteration=2147483649 ordinal=22 kernel=evaluate_resident_eos_candidate threads=504666 begin_tick=1975680965154375 end_tick=1975681532844375 ms_per_tick=9.9999999999999995e-07 device_ms=567.68999999999994
PRODUCER_KERNEL_V1 stage=1 raw_iteration=2147483649 ordinal=23 kernel=finalize_resident_eos_candidate threads=1 begin_tick=1975681532865625 end_tick=1975681532868125 ms_per_tick=9.9999999999999995e-07 device_ms=0.0025000000000000001
PRODUCER_KERNEL_V1 stage=1 raw_iteration=2147483649 ordinal=24 kernel=identify_resident_eos threads=1 begin_tick=1975681532868458 end_tick=1975681532871041 ms_per_tick=9.9999999999999995e-07 device_ms=0.0025829999999999998
PRODUCER_KERNEL_V1 stage=1 raw_iteration=2147483649 ordinal=25 kernel=produce_resident_frozen_source threads=504666 begin_tick=1975681532871375 end_tick=1975681532903208 ms_per_tick=9.9999999999999995e-07 device_ms=0.031833
PRODUCER_KERNEL_V1 stage=1 raw_iteration=2147483649 ordinal=26 kernel=identify_resident_frozen_source threads=1 begin_tick=1975681532903541 end_tick=1975681532906083 ms_per_tick=9.9999999999999995e-07 device_ms=0.002542
PRODUCER_KERNEL_V1 stage=1 raw_iteration=2147483649 ordinal=27 kernel=evaluate_resident_target_terms threads=504666 begin_tick=1975681532906541 end_tick=1975681647193375 ms_per_tick=9.9999999999999995e-07 device_ms=114.286834
PRODUCER_KERNEL_V1 stage=1 raw_iteration=2147483649 ordinal=28 kernel=finalize_resident_target threads=1 begin_tick=1975681647214166 end_tick=1975681647217416 ms_per_tick=9.9999999999999995e-07 device_ms=0.0032499999999999999
PRODUCER_KERNEL_V1 stage=1 raw_iteration=2147483649 ordinal=29 kernel=identify_resident_target threads=1 begin_tick=1975681647217791 end_tick=1975681647220708 ms_per_tick=9.9999999999999995e-07 device_ms=0.0029169999999999999
PRODUCER_KERNEL_V1 stage=1 raw_iteration=2147483649 ordinal=30 kernel=issue_resident_projection_consumer threads=1 begin_tick=1975681647221041 end_tick=1975681647224708 ms_per_tick=9.9999999999999995e-07 device_ms=0.0036669999999999997
PRODUCER_KERNEL_V1 stage=1 raw_iteration=2147483649 ordinal=31 kernel=consume_resident_target threads=1 begin_tick=1975681647225166 end_tick=1975681647229250 ms_per_tick=9.9999999999999995e-07 device_ms=0.004084
PRODUCER_KERNEL_V1 stage=1 raw_iteration=2147483649 ordinal=32 kernel=owner_compose_target threads=504666 begin_tick=1975681647229666 end_tick=1975681647308791 ms_per_tick=9.9999999999999995e-07 device_ms=0.079125000000000001
PRODUCER_KERNEL_V1 stage=1 raw_iteration=2147483649 ordinal=33 kernel=finalize_resident_target threads=1 begin_tick=1975681647309083 end_tick=1975681647311666 ms_per_tick=9.9999999999999995e-07 device_ms=0.0025829999999999998
PRODUCER_KERNEL_V1 stage=1 raw_iteration=2147483649 ordinal=34 kernel=owner_identify_target threads=1 begin_tick=1975681647312000 end_tick=1975681647315166 ms_per_tick=9.9999999999999995e-07 device_ms=0.003166
PRODUCER_KERNEL_V1 stage=1 raw_iteration=2147483649 ordinal=35 kernel=issue_resident_projection_consumer threads=1 begin_tick=1975681647315500 end_tick=1975681647318375 ms_per_tick=9.9999999999999995e-07 device_ms=0.002875
PRODUCER_KERNEL_V1 stage=1 raw_iteration=2147483649 ordinal=36 kernel=consume_resident_target threads=1 begin_tick=1975681647318791 end_tick=1975681647322000 ms_per_tick=9.9999999999999995e-07 device_ms=0.003209
PRODUCER_KERNEL_V1 stage=1 raw_iteration=2147483649 ordinal=37 kernel=owner_issue_stage_seal threads=1 begin_tick=1975681647322416 end_tick=1975681647325625 ms_per_tick=9.9999999999999995e-07 device_ms=0.003209
PRODUCER_KERNEL_V1 stage=1 raw_iteration=2147483649 ordinal=38 kernel=fct_compatible_stage_rate threads=1533387 begin_tick=1975681647326208 end_tick=1975681647845333 ms_per_tick=9.9999999999999995e-07 device_ms=0.51912499999999995
PRODUCER_KERNEL_V1 stage=1 raw_iteration=2147483649 ordinal=39 kernel=fct_compatible_stage_rate threads=1533387 begin_tick=1975681647845833 end_tick=1975681648357250 ms_per_tick=9.9999999999999995e-07 device_ms=0.51141700000000001
PRODUCER_KERNEL_V1 stage=1 raw_iteration=2147483649 ordinal=40 kernel=owner_heun_momentum threads=1533387 begin_tick=1975681648357750 end_tick=1975681648450333 ms_per_tick=9.9999999999999995e-07 device_ms=0.092582999999999999
RISE_FIRE_OWNER_PROFILE_V1 {"scope":52,"parent":47,"phase":"BuildStageProducerGroup","stage":1,"raw_iteration":2147483649,"iteration_kind":"terminal","wall_ms":787.379875000,"device_sum_ms":701.205000049,"wall_minus_device_ms":86.174874951,"exclusive_wall_ms":787.379875000,"exclusive_device_sum_ms":701.205000049,"child_observer_wall_ms":0.000000000,"count_scope":"inclusive","owner_commits":1,"projection_invocations":0}
RISE_FIRE_OWNER_PROFILE_V1 {"scope":53,"parent":47,"phase":"AlphaResidual","stage":1,"raw_iteration":2147483649,"iteration_kind":"terminal","wall_ms":0.278167000,"device_sum_ms":0.052500051,"wall_minus_device_ms":0.225666949,"exclusive_wall_ms":0.278167000,"exclusive_device_sum_ms":0.052500051,"child_observer_wall_ms":0.000000000,"count_scope":"inclusive","owner_commits":1,"projection_invocations":0}
RISE_FIRE_OWNER_PROFILE_V1 {"scope":54,"parent":47,"phase":"Residual","stage":1,"raw_iteration":2147483649,"iteration_kind":"terminal","wall_ms":0.343375000,"device_sum_ms":0.112875132,"wall_minus_device_ms":0.230499868,"exclusive_wall_ms":0.343375000,"exclusive_device_sum_ms":0.112875132,"child_observer_wall_ms":0.000000000,"count_scope":"inclusive","owner_commits":1,"projection_invocations":0}
RISE_FIRE_OWNER_PROFILE_V1 {"scope":47,"parent":40,"phase":"TerminalVerification","stage":1,"raw_iteration":2147483649,"iteration_kind":"terminal","wall_ms":803.022750000,"device_sum_ms":710.209708195,"wall_minus_device_ms":92.813041805,"exclusive_wall_ms":0.004499000,"exclusive_device_sum_ms":0.000000000,"child_observer_wall_ms":0.026292000,"count_scope":"inclusive","owner_commits":7,"projection_invocations":1}
RISE_FIRE_OWNER_PROFILE_V1 {"scope":40,"parent":29,"phase":"PicardIteration","stage":1,"raw_iteration":1,"iteration_kind":"picard","wall_ms":1603.425625000,"device_sum_ms":1409.303041873,"wall_minus_device_ms":194.122583127,"exclusive_wall_ms":0.752958000,"exclusive_device_sum_ms":0.000000000,"child_observer_wall_ms":0.023667000,"count_scope":"inclusive","owner_commits":13,"projection_invocations":2}
RISE_FIRE_OWNER_PROFILE_V1 {"scope":29,"parent":1,"phase":"SolveStage","stage":1,"raw_iteration":4294967295,"iteration_kind":"bootstrap","wall_ms":3193.865375000,"device_sum_ms":2810.190791963,"wall_minus_device_ms":383.674583037,"exclusive_wall_ms":2.289792000,"exclusive_device_sum_ms":0.000000000,"child_observer_wall_ms":0.014333000,"count_scope":"inclusive","owner_commits":22,"projection_invocations":4}
RISE_FIRE_OWNER_PROFILE_V1 {"scope":57,"parent":56,"phase":"ProjectionAdapter","stage":2,"raw_iteration":4294967295,"iteration_kind":"bootstrap","wall_ms":14.927250000,"device_sum_ms":8.500208380,"wall_minus_device_ms":6.427041620,"exclusive_wall_ms":14.927250000,"exclusive_device_sum_ms":8.500208380,"child_observer_wall_ms":0.000000000,"count_scope":"inclusive","owner_commits":0,"projection_invocations":1}
RISE_FIRE_OWNER_PROFILE_V1 {"scope":56,"parent":55,"phase":"Project","stage":2,"raw_iteration":4294967295,"iteration_kind":"bootstrap","wall_ms":15.509333000,"device_sum_ms":8.549249964,"wall_minus_device_ms":6.960083036,"exclusive_wall_ms":0.574917000,"exclusive_device_sum_ms":0.049041584,"child_observer_wall_ms":0.007166000,"count_scope":"inclusive","owner_commits":2,"projection_invocations":1}
PRODUCER_COMMAND_V1 stage=2 raw_iteration=4294967295 cpu_begin=1975681669154958 cpu_end=1975682441603500 gpu_begin=1975681669154958 gpu_end=1975682441603500 device_ms=686.47225014865398 encoders=35 interval_scope=possibly_overlapping
PRODUCER_KERNEL_V1 stage=2 raw_iteration=4294967295 ordinal=0 kernel=owner_pack_faces threads=1533387 begin_tick=1975681755004541 end_tick=1975681755058708 ms_per_tick=9.9999999999999995e-07 device_ms=0.054167
PRODUCER_KERNEL_V1 stage=2 raw_iteration=4294967295 ordinal=1 kernel=owner_pack_faces threads=1533387 begin_tick=1975681755055208 end_tick=1975681755398125 ms_per_tick=9.9999999999999995e-07 device_ms=0.34291699999999997
PRODUCER_KERNEL_V1 stage=2 raw_iteration=4294967295 ordinal=2 kernel=owner_pack_faces threads=1533387 begin_tick=1975681755000000 end_tick=1975681755055208 ms_per_tick=9.9999999999999995e-07 device_ms=0.055208
PRODUCER_KERNEL_V1 stage=2 raw_iteration=4294967295 ordinal=3 kernel=fct_extract_gas_density threads=504666 begin_tick=1975681755059166 end_tick=1975681755115333 ms_per_tick=9.9999999999999995e-07 device_ms=0.056166999999999995
PRODUCER_KERNEL_V1 stage=2 raw_iteration=4294967295 ordinal=4 kernel=owner_gas_source threads=504666 begin_tick=1975681755398625 end_tick=1975681755573583 ms_per_tick=9.9999999999999995e-07 device_ms=0.174958
PRODUCER_KERNEL_V1 stage=2 raw_iteration=4294967295 ordinal=5 kernel=evaluate_resident_transport threads=504666 begin_tick=1975681755115333 end_tick=1975681755582416 ms_per_tick=9.9999999999999995e-07 device_ms=0.46708299999999997
PRODUCER_KERNEL_V1 stage=2 raw_iteration=4294967295 ordinal=6 kernel=identify_resident_transport threads=1 begin_tick=1975681755582958 end_tick=1975681755585791 ms_per_tick=9.9999999999999995e-07 device_ms=0.002833
PRODUCER_KERNEL_V1 stage=2 raw_iteration=4294967295 ordinal=7 kernel=owner_bind_transport threads=1 begin_tick=1975681755586250 end_tick=1975681755590041 ms_per_tick=9.9999999999999995e-07 device_ms=0.0037909999999999997
PRODUCER_KERNEL_V1 stage=2 raw_iteration=4294967295 ordinal=8 kernel=identify_resident_owner_endpoint_class threads=1 begin_tick=1975681755590458 end_tick=1975681755593791 ms_per_tick=9.9999999999999995e-07 device_ms=0.003333
PRODUCER_KERNEL_V1 stage=2 raw_iteration=4294967295 ordinal=9 kernel=evaluate_resident_physical_flux threads=1533387 begin_tick=1975681756720458 end_tick=1975681758061375 ms_per_tick=9.9999999999999995e-07 device_ms=1.3409169999999999
PRODUCER_KERNEL_V1 stage=2 raw_iteration=4294967295 ordinal=10 kernel=evaluate_resident_advective_pair threads=13800483 begin_tick=1975681758318458 end_tick=1975681765591000 ms_per_tick=9.9999999999999995e-07 device_ms=7.2725419999999996
PRODUCER_KERNEL_V1 stage=2 raw_iteration=4294967295 ordinal=11 kernel=finalize_resident_advective_high threads=13800483 begin_tick=1975681765591625 end_tick=1975681766008541 ms_per_tick=9.9999999999999995e-07 device_ms=0.41691600000000001
PRODUCER_KERNEL_V1 stage=2 raw_iteration=4294967295 ordinal=12 kernel=compose_resident_flux_pair threads=13800483 begin_tick=1975681766008958 end_tick=1975681766893500 ms_per_tick=9.9999999999999995e-07 device_ms=0.88454199999999994
PRODUCER_KERNEL_V1 stage=2 raw_iteration=4294967295 ordinal=13 kernel=validate_resident_physical_flux threads=13800483 begin_tick=1975681766894208 end_tick=1975681767766916 ms_per_tick=9.9999999999999995e-07 device_ms=0.87270799999999993
PRODUCER_KERNEL_V1 stage=2 raw_iteration=4294967295 ordinal=14 kernel=identify_resident_physical_flux threads=32 begin_tick=1975681767767541 end_tick=1975681767770833 ms_per_tick=9.9999999999999995e-07 device_ms=0.0032919999999999998
PRODUCER_KERNEL_V1 stage=2 raw_iteration=4294967295 ordinal=15 kernel=owner_bind_candidate threads=1 begin_tick=1975681767771333 end_tick=1975681767774791 ms_per_tick=9.9999999999999995e-07 device_ms=0.0034579999999999997
PRODUCER_KERNEL_V1 stage=2 raw_iteration=4294967295 ordinal=16 kernel=finalize_resident_eos_candidate threads=1 begin_tick=1975681767775125 end_tick=1975681767777375 ms_per_tick=9.9999999999999995e-07 device_ms=0.0022499999999999998
PRODUCER_KERNEL_V1 stage=2 raw_iteration=4294967295 ordinal=17 kernel=evaluate_resident_eos_candidate threads=504666 begin_tick=1975681767778000 end_tick=1975682322717625 ms_per_tick=9.9999999999999995e-07 device_ms=554.93962499999998
PRODUCER_KERNEL_V1 stage=2 raw_iteration=4294967295 ordinal=18 kernel=finalize_resident_eos_candidate threads=1 begin_tick=1975682322734750 end_tick=1975682322737500 ms_per_tick=9.9999999999999995e-07 device_ms=0.0027499999999999998
PRODUCER_KERNEL_V1 stage=2 raw_iteration=4294967295 ordinal=19 kernel=identify_resident_eos threads=1 begin_tick=1975682322738000 end_tick=1975682322740708 ms_per_tick=9.9999999999999995e-07 device_ms=0.0027079999999999999
PRODUCER_KERNEL_V1 stage=2 raw_iteration=4294967295 ordinal=20 kernel=produce_resident_frozen_source threads=504666 begin_tick=1975682322741125 end_tick=1975682322771750 ms_per_tick=9.9999999999999995e-07 device_ms=0.030624999999999999
PRODUCER_KERNEL_V1 stage=2 raw_iteration=4294967295 ordinal=21 kernel=identify_resident_frozen_source threads=1 begin_tick=1975682322772291 end_tick=1975682322774875 ms_per_tick=9.9999999999999995e-07 device_ms=0.0025839999999999999
PRODUCER_KERNEL_V1 stage=2 raw_iteration=4294967295 ordinal=22 kernel=evaluate_resident_target_terms threads=504666 begin_tick=1975682322775250 end_tick=1975682440777458 ms_per_tick=9.9999999999999995e-07 device_ms=118.002208
PRODUCER_KERNEL_V1 stage=2 raw_iteration=4294967295 ordinal=23 kernel=finalize_resident_target threads=1 begin_tick=1975682440796208 end_tick=1975682440799458 ms_per_tick=9.9999999999999995e-07 device_ms=0.0032499999999999999
PRODUCER_KERNEL_V1 stage=2 raw_iteration=4294967295 ordinal=24 kernel=identify_resident_target threads=1 begin_tick=1975682440799750 end_tick=1975682440802708 ms_per_tick=9.9999999999999995e-07 device_ms=0.0029579999999999997
PRODUCER_KERNEL_V1 stage=2 raw_iteration=4294967295 ordinal=25 kernel=issue_resident_projection_consumer threads=1 begin_tick=1975682440803166 end_tick=1975682440807125 ms_per_tick=9.9999999999999995e-07 device_ms=0.0039589999999999998
PRODUCER_KERNEL_V1 stage=2 raw_iteration=4294967295 ordinal=26 kernel=consume_resident_target threads=1 begin_tick=1975682440807500 end_tick=1975682440811583 ms_per_tick=9.9999999999999995e-07 device_ms=0.0040829999999999998
PRODUCER_KERNEL_V1 stage=2 raw_iteration=4294967295 ordinal=27 kernel=owner_compose_target threads=504666 begin_tick=1975682440811916 end_tick=1975682440843416 ms_per_tick=9.9999999999999995e-07 device_ms=0.0315
PRODUCER_KERNEL_V1 stage=2 raw_iteration=4294967295 ordinal=28 kernel=finalize_resident_target threads=1 begin_tick=1975682440843875 end_tick=1975682440846083 ms_per_tick=9.9999999999999995e-07 device_ms=0.0022079999999999999
PRODUCER_KERNEL_V1 stage=2 raw_iteration=4294967295 ordinal=29 kernel=owner_identify_target threads=1 begin_tick=1975682440846666 end_tick=1975682440849750 ms_per_tick=9.9999999999999995e-07 device_ms=0.0030839999999999999
PRODUCER_KERNEL_V1 stage=2 raw_iteration=4294967295 ordinal=30 kernel=issue_resident_projection_consumer threads=1 begin_tick=1975682440850166 end_tick=1975682440853291 ms_per_tick=9.9999999999999995e-07 device_ms=0.0031249999999999997
PRODUCER_KERNEL_V1 stage=2 raw_iteration=4294967295 ordinal=31 kernel=consume_resident_target threads=1 begin_tick=1975682440853875 end_tick=1975682440856958 ms_per_tick=9.9999999999999995e-07 device_ms=0.0030829999999999998
PRODUCER_KERNEL_V1 stage=2 raw_iteration=4294967295 ordinal=32 kernel=owner_issue_stage_seal threads=1 begin_tick=1975682440857375 end_tick=1975682440860333 ms_per_tick=9.9999999999999995e-07 device_ms=0.0029579999999999997
PRODUCER_KERNEL_V1 stage=2 raw_iteration=4294967295 ordinal=33 kernel=fct_compatible_stage_rate threads=1533387 begin_tick=1975682440860750 end_tick=1975682441378291 ms_per_tick=9.9999999999999995e-07 device_ms=0.51754100000000003
PRODUCER_KERNEL_V1 stage=2 raw_iteration=4294967295 ordinal=34 kernel=owner_heun_momentum threads=1533387 begin_tick=1975682441378750 end_tick=1975682441466833 ms_per_tick=9.9999999999999995e-07 device_ms=0.088082999999999995
RISE_FIRE_OWNER_PROFILE_V1 {"scope":58,"parent":55,"phase":"BuildStageProducerGroup","stage":2,"raw_iteration":4294967295,"iteration_kind":"bootstrap","wall_ms":772.605000000,"device_sum_ms":686.472250149,"wall_minus_device_ms":86.132749851,"exclusive_wall_ms":772.605000000,"exclusive_device_sum_ms":686.472250149,"child_observer_wall_ms":0.000000000,"count_scope":"inclusive","owner_commits":1,"projection_invocations":0}
RISE_FIRE_OWNER_PROFILE_V1 {"scope":61,"parent":60,"phase":"ProjectionAdapter","stage":2,"raw_iteration":0,"iteration_kind":"picard","wall_ms":17.082292000,"device_sum_ms":8.643125184,"wall_minus_device_ms":8.439166816,"exclusive_wall_ms":17.082292000,"exclusive_device_sum_ms":8.643125184,"child_observer_wall_ms":0.000000000,"count_scope":"inclusive","owner_commits":0,"projection_invocations":1}
RISE_FIRE_OWNER_PROFILE_V1 {"scope":60,"parent":59,"phase":"Project","stage":2,"raw_iteration":0,"iteration_kind":"picard","wall_ms":18.001291000,"device_sum_ms":8.689250331,"wall_minus_device_ms":9.312040669,"exclusive_wall_ms":0.910374000,"exclusive_device_sum_ms":0.046125147,"child_observer_wall_ms":0.008625000,"count_scope":"inclusive","owner_commits":2,"projection_invocations":1}
RISE_FIRE_OWNER_PROFILE_V1 {"scope":62,"parent":59,"phase":"ReadOpenClass","stage":2,"raw_iteration":0,"iteration_kind":"picard","wall_ms":0.236667000,"device_sum_ms":0.002291752,"wall_minus_device_ms":0.234375248,"exclusive_wall_ms":0.236667000,"exclusive_device_sum_ms":0.002291752,"child_observer_wall_ms":0.000000000,"count_scope":"inclusive","owner_commits":1,"projection_invocations":0}
RISE_FIRE_OWNER_PROFILE_V1 {"scope":63,"parent":59,"phase":"ReadOpenClass","stage":2,"raw_iteration":0,"iteration_kind":"picard","wall_ms":0.205208000,"device_sum_ms":0.002250075,"wall_minus_device_ms":0.202957925,"exclusive_wall_ms":0.205208000,"exclusive_device_sum_ms":0.002250075,"child_observer_wall_ms":0.000000000,"count_scope":"inclusive","owner_commits":1,"projection_invocations":0}
PRODUCER_COMMAND_V1 stage=2 raw_iteration=0 cpu_begin=1975682460217833 cpu_end=1975683270524875 gpu_begin=1975682460217833 gpu_end=1975683270524875 device_ms=716.82570828124881 encoders=35 interval_scope=possibly_overlapping
PRODUCER_KERNEL_V1 stage=2 raw_iteration=0 ordinal=0 kernel=owner_pack_faces threads=1533387 begin_tick=1975682553607541 end_tick=1975682553666708 ms_per_tick=9.9999999999999995e-07 device_ms=0.059166999999999997
PRODUCER_KERNEL_V1 stage=2 raw_iteration=0 ordinal=1 kernel=owner_pack_faces threads=1533387 begin_tick=1975682553666041 end_tick=1975682554104708 ms_per_tick=9.9999999999999995e-07 device_ms=0.43866699999999997
PRODUCER_KERNEL_V1 stage=2 raw_iteration=0 ordinal=2 kernel=owner_pack_faces threads=1533387 begin_tick=1975682553600875 end_tick=1975682553666041 ms_per_tick=9.9999999999999995e-07 device_ms=0.065166000000000002
PRODUCER_KERNEL_V1 stage=2 raw_iteration=0 ordinal=3 kernel=fct_extract_gas_density threads=504666 begin_tick=1975682554104708 end_tick=1975682554128958 ms_per_tick=9.9999999999999995e-07 device_ms=0.024249999999999997
PRODUCER_KERNEL_V1 stage=2 raw_iteration=0 ordinal=4 kernel=owner_gas_source threads=504666 begin_tick=1975682554128958 end_tick=1975682554173208 ms_per_tick=9.9999999999999995e-07 device_ms=0.044249999999999998
PRODUCER_KERNEL_V1 stage=2 raw_iteration=0 ordinal=5 kernel=evaluate_resident_transport threads=504666 begin_tick=1975682553667250 end_tick=1975682554159083 ms_per_tick=9.9999999999999995e-07 device_ms=0.49183299999999996
PRODUCER_KERNEL_V1 stage=2 raw_iteration=0 ordinal=6 kernel=identify_resident_transport threads=1 begin_tick=1975682554160708 end_tick=1975682554172583 ms_per_tick=9.9999999999999995e-07 device_ms=0.011875
PRODUCER_KERNEL_V1 stage=2 raw_iteration=0 ordinal=7 kernel=owner_bind_transport threads=1 begin_tick=1975682554173041 end_tick=1975682554176333 ms_per_tick=9.9999999999999995e-07 device_ms=0.0032919999999999998
PRODUCER_KERNEL_V1 stage=2 raw_iteration=0 ordinal=8 kernel=identify_resident_owner_endpoint_class threads=1 begin_tick=1975682554176666 end_tick=1975682554180208 ms_per_tick=9.9999999999999995e-07 device_ms=0.003542
PRODUCER_KERNEL_V1 stage=2 raw_iteration=0 ordinal=9 kernel=evaluate_resident_physical_flux threads=1533387 begin_tick=1975682555386708 end_tick=1975682556722750 ms_per_tick=9.9999999999999995e-07 device_ms=1.336042
PRODUCER_KERNEL_V1 stage=2 raw_iteration=0 ordinal=10 kernel=evaluate_resident_advective_pair threads=13800483 begin_tick=1975682556974708 end_tick=1975682564241541 ms_per_tick=9.9999999999999995e-07 device_ms=7.2668330000000001
PRODUCER_KERNEL_V1 stage=2 raw_iteration=0 ordinal=11 kernel=finalize_resident_advective_high threads=13800483 begin_tick=1975682564277291 end_tick=1975682564736000 ms_per_tick=9.9999999999999995e-07 device_ms=0.45870899999999998
PRODUCER_KERNEL_V1 stage=2 raw_iteration=0 ordinal=12 kernel=compose_resident_flux_pair threads=13800483 begin_tick=1975682564736416 end_tick=1975682565611875 ms_per_tick=9.9999999999999995e-07 device_ms=0.87545899999999999
PRODUCER_KERNEL_V1 stage=2 raw_iteration=0 ordinal=13 kernel=validate_resident_physical_flux threads=13800483 begin_tick=1975682565612458 end_tick=1975682566496625 ms_per_tick=9.9999999999999995e-07 device_ms=0.88416699999999993
PRODUCER_KERNEL_V1 stage=2 raw_iteration=0 ordinal=14 kernel=identify_resident_physical_flux threads=32 begin_tick=1975682566497125 end_tick=1975682566500250 ms_per_tick=9.9999999999999995e-07 device_ms=0.0031249999999999997
PRODUCER_KERNEL_V1 stage=2 raw_iteration=0 ordinal=15 kernel=owner_bind_candidate threads=1 begin_tick=1975682566500625 end_tick=1975682566503958 ms_per_tick=9.9999999999999995e-07 device_ms=0.003333
PRODUCER_KERNEL_V1 stage=2 raw_iteration=0 ordinal=16 kernel=finalize_resident_eos_candidate threads=1 begin_tick=1975682566504416 end_tick=1975682566506541 ms_per_tick=9.9999999999999995e-07 device_ms=0.0021249999999999997
PRODUCER_KERNEL_V1 stage=2 raw_iteration=0 ordinal=17 kernel=evaluate_resident_eos_candidate threads=504666 begin_tick=1975682566507291 end_tick=1975683150745416 ms_per_tick=9.9999999999999995e-07 device_ms=584.23812499999997
PRODUCER_KERNEL_V1 stage=2 raw_iteration=0 ordinal=18 kernel=finalize_resident_eos_candidate threads=1 begin_tick=1975683150764458 end_tick=1975683150767041 ms_per_tick=9.9999999999999995e-07 device_ms=0.0025829999999999998
PRODUCER_KERNEL_V1 stage=2 raw_iteration=0 ordinal=19 kernel=identify_resident_eos threads=1 begin_tick=1975683150767500 end_tick=1975683150770250 ms_per_tick=9.9999999999999995e-07 device_ms=0.0027499999999999998
PRODUCER_KERNEL_V1 stage=2 raw_iteration=0 ordinal=20 kernel=produce_resident_frozen_source threads=504666 begin_tick=1975683150770666 end_tick=1975683150803041 ms_per_tick=9.9999999999999995e-07 device_ms=0.032375000000000001
PRODUCER_KERNEL_V1 stage=2 raw_iteration=0 ordinal=21 kernel=identify_resident_frozen_source threads=1 begin_tick=1975683150803583 end_tick=1975683150806291 ms_per_tick=9.9999999999999995e-07 device_ms=0.0027079999999999999
PRODUCER_KERNEL_V1 stage=2 raw_iteration=0 ordinal=22 kernel=evaluate_resident_target_terms threads=504666 begin_tick=1975683150806708 end_tick=1975683269705750 ms_per_tick=9.9999999999999995e-07 device_ms=118.89904199999999
PRODUCER_KERNEL_V1 stage=2 raw_iteration=0 ordinal=23 kernel=finalize_resident_target threads=1 begin_tick=1975683269723875 end_tick=1975683269727125 ms_per_tick=9.9999999999999995e-07 device_ms=0.0032499999999999999
PRODUCER_KERNEL_V1 stage=2 raw_iteration=0 ordinal=24 kernel=identify_resident_target threads=1 begin_tick=1975683269727541 end_tick=1975683269730416 ms_per_tick=9.9999999999999995e-07 device_ms=0.002875
PRODUCER_KERNEL_V1 stage=2 raw_iteration=0 ordinal=25 kernel=issue_resident_projection_consumer threads=1 begin_tick=1975683269731000 end_tick=1975683269734875 ms_per_tick=9.9999999999999995e-07 device_ms=0.003875
PRODUCER_KERNEL_V1 stage=2 raw_iteration=0 ordinal=26 kernel=consume_resident_target threads=1 begin_tick=1975683269735291 end_tick=1975683269739583 ms_per_tick=9.9999999999999995e-07 device_ms=0.0042919999999999998
PRODUCER_KERNEL_V1 stage=2 raw_iteration=0 ordinal=27 kernel=owner_compose_target threads=504666 begin_tick=1975683269740000 end_tick=1975683269770750 ms_per_tick=9.9999999999999995e-07 device_ms=0.03075
PRODUCER_KERNEL_V1 stage=2 raw_iteration=0 ordinal=28 kernel=finalize_resident_target threads=1 begin_tick=1975683269771250 end_tick=1975683269773500 ms_per_tick=9.9999999999999995e-07 device_ms=0.0022499999999999998
PRODUCER_KERNEL_V1 stage=2 raw_iteration=0 ordinal=29 kernel=owner_identify_target threads=1 begin_tick=1975683269774083 end_tick=1975683269777125 ms_per_tick=9.9999999999999995e-07 device_ms=0.003042
PRODUCER_KERNEL_V1 stage=2 raw_iteration=0 ordinal=30 kernel=issue_resident_projection_consumer threads=1 begin_tick=1975683269777541 end_tick=1975683269780208 ms_per_tick=9.9999999999999995e-07 device_ms=0.0026669999999999997
PRODUCER_KERNEL_V1 stage=2 raw_iteration=0 ordinal=31 kernel=consume_resident_target threads=1 begin_tick=1975683269780791 end_tick=1975683269784125 ms_per_tick=9.9999999999999995e-07 device_ms=0.0033339999999999997
PRODUCER_KERNEL_V1 stage=2 raw_iteration=0 ordinal=32 kernel=owner_issue_stage_seal threads=1 begin_tick=1975683269784541 end_tick=1975683269787541 ms_per_tick=9.9999999999999995e-07 device_ms=0.0030000000000000001
PRODUCER_KERNEL_V1 stage=2 raw_iteration=0 ordinal=33 kernel=fct_compatible_stage_rate threads=1533387 begin_tick=1975683269788083 end_tick=1975683270328750 ms_per_tick=9.9999999999999995e-07 device_ms=0.54066700000000001
PRODUCER_KERNEL_V1 stage=2 raw_iteration=0 ordinal=34 kernel=owner_heun_momentum threads=1533387 begin_tick=1975683270329125 end_tick=1975683270421125 ms_per_tick=9.9999999999999995e-07 device_ms=0.091999999999999998
RISE_FIRE_OWNER_PROFILE_V1 {"scope":64,"parent":59,"phase":"BuildStageProducerGroup","stage":2,"raw_iteration":0,"iteration_kind":"picard","wall_ms":810.435416000,"device_sum_ms":716.825708281,"wall_minus_device_ms":93.609707719,"exclusive_wall_ms":810.435416000,"exclusive_device_sum_ms":716.825708281,"child_observer_wall_ms":0.000000000,"count_scope":"inclusive","owner_commits":1,"projection_invocations":0}
RISE_FIRE_OWNER_PROFILE_V1 {"scope":65,"parent":59,"phase":"Residual","stage":2,"raw_iteration":0,"iteration_kind":"picard","wall_ms":0.318625000,"device_sum_ms":0.021666754,"wall_minus_device_ms":0.296958246,"exclusive_wall_ms":0.318625000,"exclusive_device_sum_ms":0.021666754,"child_observer_wall_ms":0.000000000,"count_scope":"inclusive","owner_commits":1,"projection_invocations":0}
RISE_FIRE_OWNER_PROFILE_V1 {"scope":59,"parent":55,"phase":"PicardIteration","stage":2,"raw_iteration":0,"iteration_kind":"picard","wall_ms":830.002708000,"device_sum_ms":725.541167194,"wall_minus_device_ms":104.461540806,"exclusive_wall_ms":0.785000000,"exclusive_device_sum_ms":0.000000000,"child_observer_wall_ms":0.020501000,"count_scope":"inclusive","owner_commits":6,"projection_invocations":1}
RISE_FIRE_OWNER_PROFILE_V1 {"scope":68,"parent":67,"phase":"ProjectionAdapter","stage":2,"raw_iteration":1,"iteration_kind":"picard","wall_ms":14.782666000,"device_sum_ms":8.869291516,"wall_minus_device_ms":5.913374484,"exclusive_wall_ms":14.782666000,"exclusive_device_sum_ms":8.869291516,"child_observer_wall_ms":0.000000000,"count_scope":"inclusive","owner_commits":0,"projection_invocations":1}
RISE_FIRE_OWNER_PROFILE_V1 {"scope":67,"parent":66,"phase":"Project","stage":2,"raw_iteration":1,"iteration_kind":"picard","wall_ms":16.152291000,"device_sum_ms":8.917666739,"wall_minus_device_ms":7.234624261,"exclusive_wall_ms":1.364375000,"exclusive_device_sum_ms":0.048375223,"child_observer_wall_ms":0.005250000,"count_scope":"inclusive","owner_commits":2,"projection_invocations":1}
RISE_FIRE_OWNER_PROFILE_V1 {"scope":69,"parent":66,"phase":"ReadOpenClass","stage":2,"raw_iteration":1,"iteration_kind":"picard","wall_ms":0.221500000,"device_sum_ms":0.002333429,"wall_minus_device_ms":0.219166571,"exclusive_wall_ms":0.221500000,"exclusive_device_sum_ms":0.002333429,"child_observer_wall_ms":0.000000000,"count_scope":"inclusive","owner_commits":1,"projection_invocations":0}
RISE_FIRE_OWNER_PROFILE_V1 {"scope":70,"parent":66,"phase":"ReadOpenClass","stage":2,"raw_iteration":1,"iteration_kind":"picard","wall_ms":0.205334000,"device_sum_ms":0.002583256,"wall_minus_device_ms":0.202750744,"exclusive_wall_ms":0.205334000,"exclusive_device_sum_ms":0.002583256,"child_observer_wall_ms":0.000000000,"count_scope":"inclusive","owner_commits":1,"projection_invocations":0}
PRODUCER_COMMAND_V1 stage=2 raw_iteration=1 cpu_begin=1975683288356333 cpu_end=1975684090591125 gpu_begin=1975683288356333 gpu_end=1975684090591125 device_ms=716.75104182213545 encoders=35 interval_scope=possibly_overlapping
PRODUCER_KERNEL_V1 stage=2 raw_iteration=1 ordinal=0 kernel=owner_pack_faces threads=1533387 begin_tick=1975683373813916 end_tick=1975683373864833 ms_per_tick=9.9999999999999995e-07 device_ms=0.050916999999999997
PRODUCER_KERNEL_V1 stage=2 raw_iteration=1 ordinal=1 kernel=owner_pack_faces threads=1533387 begin_tick=1975683373861208 end_tick=1975683373913375 ms_per_tick=9.9999999999999995e-07 device_ms=0.052166999999999998
PRODUCER_KERNEL_V1 stage=2 raw_iteration=1 ordinal=2 kernel=owner_pack_faces threads=1533387 begin_tick=1975683373977166 end_tick=1975683374053750 ms_per_tick=9.9999999999999995e-07 device_ms=0.076583999999999999
PRODUCER_KERNEL_V1 stage=2 raw_iteration=1 ordinal=3 kernel=fct_extract_gas_density threads=504666 begin_tick=1975683373997041 end_tick=1975683374040500 ms_per_tick=9.9999999999999995e-07 device_ms=0.043458999999999998
PRODUCER_KERNEL_V1 stage=2 raw_iteration=1 ordinal=4 kernel=owner_gas_source threads=504666 begin_tick=1975683374049791 end_tick=1975683374097666 ms_per_tick=9.9999999999999995e-07 device_ms=0.047875000000000001
PRODUCER_KERNEL_V1 stage=2 raw_iteration=1 ordinal=5 kernel=evaluate_resident_transport threads=504666 begin_tick=1975683374190416 end_tick=1975683374805291 ms_per_tick=9.9999999999999995e-07 device_ms=0.61487499999999995
PRODUCER_KERNEL_V1 stage=2 raw_iteration=1 ordinal=6 kernel=identify_resident_transport threads=1 begin_tick=1975683374805958 end_tick=1975683374808875 ms_per_tick=9.9999999999999995e-07 device_ms=0.0029169999999999999
PRODUCER_KERNEL_V1 stage=2 raw_iteration=1 ordinal=7 kernel=owner_bind_transport threads=1 begin_tick=1975683374809333 end_tick=1975683374812791 ms_per_tick=9.9999999999999995e-07 device_ms=0.0034579999999999997
PRODUCER_KERNEL_V1 stage=2 raw_iteration=1 ordinal=8 kernel=identify_resident_owner_endpoint_class threads=1 begin_tick=1975683374813125 end_tick=1975683374816708 ms_per_tick=9.9999999999999995e-07 device_ms=0.0035829999999999998
PRODUCER_KERNEL_V1 stage=2 raw_iteration=1 ordinal=9 kernel=evaluate_resident_physical_flux threads=1533387 begin_tick=1975683375774875 end_tick=1975683377115500 ms_per_tick=9.9999999999999995e-07 device_ms=1.340625
PRODUCER_KERNEL_V1 stage=2 raw_iteration=1 ordinal=10 kernel=evaluate_resident_advective_pair threads=13800483 begin_tick=1975683377307958 end_tick=1975683384762166 ms_per_tick=9.9999999999999995e-07 device_ms=7.4542079999999995
PRODUCER_KERNEL_V1 stage=2 raw_iteration=1 ordinal=11 kernel=finalize_resident_advective_high threads=13800483 begin_tick=1975683384762791 end_tick=1975683385180333 ms_per_tick=9.9999999999999995e-07 device_ms=0.41754199999999997
PRODUCER_KERNEL_V1 stage=2 raw_iteration=1 ordinal=12 kernel=compose_resident_flux_pair threads=13800483 begin_tick=1975683385180750 end_tick=1975683386066708 ms_per_tick=9.9999999999999995e-07 device_ms=0.88595799999999991
PRODUCER_KERNEL_V1 stage=2 raw_iteration=1 ordinal=13 kernel=validate_resident_physical_flux threads=13800483 begin_tick=1975683386067458 end_tick=1975683386914625 ms_per_tick=9.9999999999999995e-07 device_ms=0.847167
PRODUCER_KERNEL_V1 stage=2 raw_iteration=1 ordinal=14 kernel=identify_resident_physical_flux threads=32 begin_tick=1975683386915333 end_tick=1975683386918625 ms_per_tick=9.9999999999999995e-07 device_ms=0.0032919999999999998
PRODUCER_KERNEL_V1 stage=2 raw_iteration=1 ordinal=15 kernel=owner_bind_candidate threads=1 begin_tick=1975683386919041 end_tick=1975683386922583 ms_per_tick=9.9999999999999995e-07 device_ms=0.003542
PRODUCER_KERNEL_V1 stage=2 raw_iteration=1 ordinal=16 kernel=finalize_resident_eos_candidate threads=1 begin_tick=1975683386922916 end_tick=1975683386925166 ms_per_tick=9.9999999999999995e-07 device_ms=0.0022499999999999998
PRODUCER_KERNEL_V1 stage=2 raw_iteration=1 ordinal=17 kernel=evaluate_resident_eos_candidate threads=504666 begin_tick=1975683386925916 end_tick=1975683975030125 ms_per_tick=9.9999999999999995e-07 device_ms=588.10420899999997
PRODUCER_KERNEL_V1 stage=2 raw_iteration=1 ordinal=18 kernel=finalize_resident_eos_candidate threads=1 begin_tick=1975683975047583 end_tick=1975683975050583 ms_per_tick=9.9999999999999995e-07 device_ms=0.0030000000000000001
PRODUCER_KERNEL_V1 stage=2 raw_iteration=1 ordinal=19 kernel=identify_resident_eos threads=1 begin_tick=1975683975051083 end_tick=1975683975053833 ms_per_tick=9.9999999999999995e-07 device_ms=0.0027499999999999998
PRODUCER_KERNEL_V1 stage=2 raw_iteration=1 ordinal=20 kernel=produce_resident_frozen_source threads=504666 begin_tick=1975683975054125 end_tick=1975683975086083 ms_per_tick=9.9999999999999995e-07 device_ms=0.031958
PRODUCER_KERNEL_V1 stage=2 raw_iteration=1 ordinal=21 kernel=identify_resident_frozen_source threads=1 begin_tick=1975683975086541 end_tick=1975683975089375 ms_per_tick=9.9999999999999995e-07 device_ms=0.0028339999999999997
PRODUCER_KERNEL_V1 stage=2 raw_iteration=1 ordinal=22 kernel=evaluate_resident_target_terms threads=504666 begin_tick=1975683975089666 end_tick=1975684089744625 ms_per_tick=9.9999999999999995e-07 device_ms=114.65495899999999
PRODUCER_KERNEL_V1 stage=2 raw_iteration=1 ordinal=23 kernel=finalize_resident_target threads=1 begin_tick=1975684089763333 end_tick=1975684089766458 ms_per_tick=9.9999999999999995e-07 device_ms=0.0031249999999999997
PRODUCER_KERNEL_V1 stage=2 raw_iteration=1 ordinal=24 kernel=identify_resident_target threads=1 begin_tick=1975684089766791 end_tick=1975684089769833 ms_per_tick=9.9999999999999995e-07 device_ms=0.003042
PRODUCER_KERNEL_V1 stage=2 raw_iteration=1 ordinal=25 kernel=issue_resident_projection_consumer threads=1 begin_tick=1975684089770416 end_tick=1975684089774291 ms_per_tick=9.9999999999999995e-07 device_ms=0.003875
PRODUCER_KERNEL_V1 stage=2 raw_iteration=1 ordinal=26 kernel=consume_resident_target threads=1 begin_tick=1975684089774708 end_tick=1975684089778958 ms_per_tick=9.9999999999999995e-07 device_ms=0.0042499999999999994
PRODUCER_KERNEL_V1 stage=2 raw_iteration=1 ordinal=27 kernel=owner_compose_target threads=504666 begin_tick=1975684089779291 end_tick=1975684089809916 ms_per_tick=9.9999999999999995e-07 device_ms=0.030624999999999999
PRODUCER_KERNEL_V1 stage=2 raw_iteration=1 ordinal=28 kernel=finalize_resident_target threads=1 begin_tick=1975684089810250 end_tick=1975684089812500 ms_per_tick=9.9999999999999995e-07 device_ms=0.0022499999999999998
PRODUCER_KERNEL_V1 stage=2 raw_iteration=1 ordinal=29 kernel=owner_identify_target threads=1 begin_tick=1975684089813000 end_tick=1975684089816041 ms_per_tick=9.9999999999999995e-07 device_ms=0.0030409999999999999
PRODUCER_KERNEL_V1 stage=2 raw_iteration=1 ordinal=30 kernel=issue_resident_projection_consumer threads=1 begin_tick=1975684089816500 end_tick=1975684089819375 ms_per_tick=9.9999999999999995e-07 device_ms=0.002875
PRODUCER_KERNEL_V1 stage=2 raw_iteration=1 ordinal=31 kernel=consume_resident_target threads=1 begin_tick=1975684089819833 end_tick=1975684089822916 ms_per_tick=9.9999999999999995e-07 device_ms=0.0030829999999999998
PRODUCER_KERNEL_V1 stage=2 raw_iteration=1 ordinal=32 kernel=owner_issue_stage_seal threads=1 begin_tick=1975684089823250 end_tick=1975684089826166 ms_per_tick=9.9999999999999995e-07 device_ms=0.0029159999999999998
PRODUCER_KERNEL_V1 stage=2 raw_iteration=1 ordinal=33 kernel=fct_compatible_stage_rate threads=1533387 begin_tick=1975684089826666 end_tick=1975684090328916 ms_per_tick=9.9999999999999995e-07 device_ms=0.50224999999999997
PRODUCER_KERNEL_V1 stage=2 raw_iteration=1 ordinal=34 kernel=owner_heun_momentum threads=1533387 begin_tick=1975684090329500 end_tick=1975684090421333 ms_per_tick=9.9999999999999995e-07 device_ms=0.091832999999999998
RISE_FIRE_OWNER_PROFILE_V1 {"scope":71,"parent":66,"phase":"BuildStageProducerGroup","stage":2,"raw_iteration":1,"iteration_kind":"picard","wall_ms":802.374167000,"device_sum_ms":716.751041822,"wall_minus_device_ms":85.623125178,"exclusive_wall_ms":802.374167000,"exclusive_device_sum_ms":716.751041822,"child_observer_wall_ms":0.000000000,"count_scope":"inclusive","owner_commits":1,"projection_invocations":0}
RISE_FIRE_OWNER_PROFILE_V1 {"scope":72,"parent":66,"phase":"Residual","stage":2,"raw_iteration":1,"iteration_kind":"picard","wall_ms":0.421083000,"device_sum_ms":0.107624801,"wall_minus_device_ms":0.313458199,"exclusive_wall_ms":0.421083000,"exclusive_device_sum_ms":0.107624801,"child_observer_wall_ms":0.000000000,"count_scope":"inclusive","owner_commits":1,"projection_invocations":0}
RISE_FIRE_OWNER_PROFILE_V1 {"scope":75,"parent":74,"phase":"ProjectionAdapter","stage":2,"raw_iteration":2147483649,"iteration_kind":"terminal","wall_ms":16.759791000,"device_sum_ms":8.821500000,"wall_minus_device_ms":7.938291000,"exclusive_wall_ms":16.759791000,"exclusive_device_sum_ms":8.821500000,"child_observer_wall_ms":0.000000000,"count_scope":"inclusive","owner_commits":0,"projection_invocations":1}
RISE_FIRE_OWNER_PROFILE_V1 {"scope":74,"parent":73,"phase":"Project","stage":2,"raw_iteration":2147483649,"iteration_kind":"terminal","wall_ms":17.516625000,"device_sum_ms":8.861166658,"wall_minus_device_ms":8.655458342,"exclusive_wall_ms":0.749542000,"exclusive_device_sum_ms":0.039666658,"child_observer_wall_ms":0.007292000,"count_scope":"inclusive","owner_commits":2,"projection_invocations":1}
RISE_FIRE_OWNER_PROFILE_V1 {"scope":76,"parent":73,"phase":"ReadOpenClass","stage":2,"raw_iteration":2147483649,"iteration_kind":"terminal","wall_ms":0.243833000,"device_sum_ms":0.002458226,"wall_minus_device_ms":0.241374774,"exclusive_wall_ms":0.243833000,"exclusive_device_sum_ms":0.002458226,"child_observer_wall_ms":0.000000000,"count_scope":"inclusive","owner_commits":1,"projection_invocations":0}
RISE_FIRE_OWNER_PROFILE_V1 {"scope":77,"parent":73,"phase":"ReadOpenClass","stage":2,"raw_iteration":2147483649,"iteration_kind":"terminal","wall_ms":0.225667000,"device_sum_ms":0.002416549,"wall_minus_device_ms":0.223250451,"exclusive_wall_ms":0.225667000,"exclusive_device_sum_ms":0.002416549,"child_observer_wall_ms":0.000000000,"count_scope":"inclusive","owner_commits":1,"projection_invocations":0}
PRODUCER_COMMAND_V1 stage=2 raw_iteration=2147483649 cpu_begin=1975684109175666 cpu_end=1975684888919333 gpu_begin=1975684109175666 gpu_end=1975684888919333 device_ms=683.51187510415912 encoders=35 interval_scope=possibly_overlapping
PRODUCER_KERNEL_V1 stage=2 raw_iteration=2147483649 ordinal=0 kernel=owner_pack_faces threads=1533387 begin_tick=1975684205291208 end_tick=1975684205356083 ms_per_tick=9.9999999999999995e-07 device_ms=0.064875000000000002
PRODUCER_KERNEL_V1 stage=2 raw_iteration=2147483649 ordinal=1 kernel=owner_pack_faces threads=1533387 begin_tick=1975684205355791 end_tick=1975684205798500 ms_per_tick=9.9999999999999995e-07 device_ms=0.44270899999999996
PRODUCER_KERNEL_V1 stage=2 raw_iteration=2147483649 ordinal=2 kernel=owner_pack_faces threads=1533387 begin_tick=1975684205286166 end_tick=1975684205355750 ms_per_tick=9.9999999999999995e-07 device_ms=0.069583999999999993
PRODUCER_KERNEL_V1 stage=2 raw_iteration=2147483649 ordinal=3 kernel=fct_extract_gas_density threads=504666 begin_tick=1975684205798500 end_tick=1975684205821791 ms_per_tick=9.9999999999999995e-07 device_ms=0.023290999999999999
PRODUCER_KERNEL_V1 stage=2 raw_iteration=2147483649 ordinal=4 kernel=owner_gas_source threads=504666 begin_tick=1975684205821791 end_tick=1975684205870000 ms_per_tick=9.9999999999999995e-07 device_ms=0.048208999999999995
PRODUCER_KERNEL_V1 stage=2 raw_iteration=2147483649 ordinal=5 kernel=evaluate_resident_transport threads=504666 begin_tick=1975684205356458 end_tick=1975684205884666 ms_per_tick=9.9999999999999995e-07 device_ms=0.52820800000000001
PRODUCER_KERNEL_V1 stage=2 raw_iteration=2147483649 ordinal=6 kernel=identify_resident_transport threads=1 begin_tick=1975684205885166 end_tick=1975684205887916 ms_per_tick=9.9999999999999995e-07 device_ms=0.0027499999999999998
PRODUCER_KERNEL_V1 stage=2 raw_iteration=2147483649 ordinal=7 kernel=owner_bind_transport threads=1 begin_tick=1975684205888500 end_tick=1975684205892083 ms_per_tick=9.9999999999999995e-07 device_ms=0.0035829999999999998
PRODUCER_KERNEL_V1 stage=2 raw_iteration=2147483649 ordinal=8 kernel=identify_resident_owner_endpoint_class threads=1 begin_tick=1975684205892541 end_tick=1975684205896166 ms_per_tick=9.9999999999999995e-07 device_ms=0.0036249999999999998
PRODUCER_KERNEL_V1 stage=2 raw_iteration=2147483649 ordinal=9 kernel=evaluate_resident_physical_flux threads=1533387 begin_tick=1975684206669250 end_tick=1975684208003458 ms_per_tick=9.9999999999999995e-07 device_ms=1.3342079999999998
PRODUCER_KERNEL_V1 stage=2 raw_iteration=2147483649 ordinal=10 kernel=evaluate_resident_advective_pair threads=13800483 begin_tick=1975684208053166 end_tick=1975684215408750 ms_per_tick=9.9999999999999995e-07 device_ms=7.3555839999999995
PRODUCER_KERNEL_V1 stage=2 raw_iteration=2147483649 ordinal=11 kernel=finalize_resident_advective_high threads=13800483 begin_tick=1975684215433833 end_tick=1975684215854875 ms_per_tick=9.9999999999999995e-07 device_ms=0.42104199999999997
PRODUCER_KERNEL_V1 stage=2 raw_iteration=2147483649 ordinal=12 kernel=compose_resident_flux_pair threads=13800483 begin_tick=1975684215855291 end_tick=1975684216741750 ms_per_tick=9.9999999999999995e-07 device_ms=0.886459
PRODUCER_KERNEL_V1 stage=2 raw_iteration=2147483649 ordinal=13 kernel=validate_resident_physical_flux threads=13800483 begin_tick=1975684216742458 end_tick=1975684217583208 ms_per_tick=9.9999999999999995e-07 device_ms=0.84075
PRODUCER_KERNEL_V1 stage=2 raw_iteration=2147483649 ordinal=14 kernel=identify_resident_physical_flux threads=32 begin_tick=1975684217583708 end_tick=1975684217586958 ms_per_tick=9.9999999999999995e-07 device_ms=0.0032499999999999999
PRODUCER_KERNEL_V1 stage=2 raw_iteration=2147483649 ordinal=15 kernel=owner_bind_candidate threads=1 begin_tick=1975684217587375 end_tick=1975684217591125 ms_per_tick=9.9999999999999995e-07 device_ms=0.0037499999999999999
PRODUCER_KERNEL_V1 stage=2 raw_iteration=2147483649 ordinal=16 kernel=finalize_resident_eos_candidate threads=1 begin_tick=1975684217591458 end_tick=1975684217593625 ms_per_tick=9.9999999999999995e-07 device_ms=0.0021670000000000001
PRODUCER_KERNEL_V1 stage=2 raw_iteration=2147483649 ordinal=17 kernel=evaluate_resident_eos_candidate threads=504666 begin_tick=1975684217594333 end_tick=1975684773411333 ms_per_tick=9.9999999999999995e-07 device_ms=555.81700000000001
PRODUCER_KERNEL_V1 stage=2 raw_iteration=2147483649 ordinal=18 kernel=finalize_resident_eos_candidate threads=1 begin_tick=1975684773428250 end_tick=1975684773431041 ms_per_tick=9.9999999999999995e-07 device_ms=0.0027910000000000001
PRODUCER_KERNEL_V1 stage=2 raw_iteration=2147483649 ordinal=19 kernel=identify_resident_eos threads=1 begin_tick=1975684773431500 end_tick=1975684773434250 ms_per_tick=9.9999999999999995e-07 device_ms=0.0027499999999999998
PRODUCER_KERNEL_V1 stage=2 raw_iteration=2147483649 ordinal=20 kernel=produce_resident_frozen_source threads=504666 begin_tick=1975684773434708 end_tick=1975684773466791 ms_per_tick=9.9999999999999995e-07 device_ms=0.032083
PRODUCER_KERNEL_V1 stage=2 raw_iteration=2147483649 ordinal=21 kernel=identify_resident_frozen_source threads=1 begin_tick=1975684773467250 end_tick=1975684773469958 ms_per_tick=9.9999999999999995e-07 device_ms=0.0027079999999999999
PRODUCER_KERNEL_V1 stage=2 raw_iteration=2147483649 ordinal=22 kernel=evaluate_resident_target_terms threads=504666 begin_tick=1975684773470375 end_tick=1975684888044458 ms_per_tick=9.9999999999999995e-07 device_ms=114.574083
PRODUCER_KERNEL_V1 stage=2 raw_iteration=2147483649 ordinal=23 kernel=finalize_resident_target threads=1 begin_tick=1975684888063333 end_tick=1975684888066750 ms_per_tick=9.9999999999999995e-07 device_ms=0.0034169999999999999
PRODUCER_KERNEL_V1 stage=2 raw_iteration=2147483649 ordinal=24 kernel=identify_resident_target threads=1 begin_tick=1975684888067041 end_tick=1975684888070208 ms_per_tick=9.9999999999999995e-07 device_ms=0.0031669999999999997
PRODUCER_KERNEL_V1 stage=2 raw_iteration=2147483649 ordinal=25 kernel=issue_resident_projection_consumer threads=1 begin_tick=1975684888070708 end_tick=1975684888074833 ms_per_tick=9.9999999999999995e-07 device_ms=0.0041250000000000002
PRODUCER_KERNEL_V1 stage=2 raw_iteration=2147483649 ordinal=26 kernel=consume_resident_target threads=1 begin_tick=1975684888075291 end_tick=1975684888079333 ms_per_tick=9.9999999999999995e-07 device_ms=0.0040419999999999996
PRODUCER_KERNEL_V1 stage=2 raw_iteration=2147483649 ordinal=27 kernel=owner_compose_target threads=504666 begin_tick=1975684888079916 end_tick=1975684888112333 ms_per_tick=9.9999999999999995e-07 device_ms=0.032417000000000001
PRODUCER_KERNEL_V1 stage=2 raw_iteration=2147483649 ordinal=28 kernel=finalize_resident_target threads=1 begin_tick=1975684888112625 end_tick=1975684888115041 ms_per_tick=9.9999999999999995e-07 device_ms=0.0024159999999999997
PRODUCER_KERNEL_V1 stage=2 raw_iteration=2147483649 ordinal=29 kernel=owner_identify_target threads=1 begin_tick=1975684888115625 end_tick=1975684888118750 ms_per_tick=9.9999999999999995e-07 device_ms=0.0031249999999999997
PRODUCER_KERNEL_V1 stage=2 raw_iteration=2147483649 ordinal=30 kernel=issue_resident_projection_consumer threads=1 begin_tick=1975684888119166 end_tick=1975684888122083 ms_per_tick=9.9999999999999995e-07 device_ms=0.0029169999999999999
PRODUCER_KERNEL_V1 stage=2 raw_iteration=2147483649 ordinal=31 kernel=consume_resident_target threads=1 begin_tick=1975684888122541 end_tick=1975684888125833 ms_per_tick=9.9999999999999995e-07 device_ms=0.0032919999999999998
PRODUCER_KERNEL_V1 stage=2 raw_iteration=2147483649 ordinal=32 kernel=owner_issue_stage_seal threads=1 begin_tick=1975684888126250 end_tick=1975684888129000 ms_per_tick=9.9999999999999995e-07 device_ms=0.0027499999999999998
PRODUCER_KERNEL_V1 stage=2 raw_iteration=2147483649 ordinal=33 kernel=fct_compatible_stage_rate threads=1533387 begin_tick=1975684888129458 end_tick=1975684888699083 ms_per_tick=9.9999999999999995e-07 device_ms=0.56962499999999994
PRODUCER_KERNEL_V1 stage=2 raw_iteration=2147483649 ordinal=34 kernel=owner_heun_momentum threads=1533387 begin_tick=1975684888699458 end_tick=1975684888791958 ms_per_tick=9.9999999999999995e-07 device_ms=0.092499999999999999
RISE_FIRE_OWNER_PROFILE_V1 {"scope":78,"parent":73,"phase":"BuildStageProducerGroup","stage":2,"raw_iteration":2147483649,"iteration_kind":"terminal","wall_ms":779.881208000,"device_sum_ms":683.511875104,"wall_minus_device_ms":96.369332896,"exclusive_wall_ms":779.881208000,"exclusive_device_sum_ms":683.511875104,"child_observer_wall_ms":0.000000000,"count_scope":"inclusive","owner_commits":1,"projection_invocations":0}
RISE_FIRE_OWNER_PROFILE_V1 {"scope":79,"parent":73,"phase":"Residual","stage":2,"raw_iteration":2147483649,"iteration_kind":"terminal","wall_ms":0.414334000,"device_sum_ms":0.113708200,"wall_minus_device_ms":0.300625800,"exclusive_wall_ms":0.414334000,"exclusive_device_sum_ms":0.113708200,"child_observer_wall_ms":0.000000000,"count_scope":"inclusive","owner_commits":1,"projection_invocations":0}
RISE_FIRE_OWNER_PROFILE_V1 {"scope":73,"parent":66,"phase":"TerminalVerification","stage":2,"raw_iteration":2147483649,"iteration_kind":"terminal","wall_ms":798.306625000,"device_sum_ms":692.491624737,"wall_minus_device_ms":105.815000263,"exclusive_wall_ms":0.004500000,"exclusive_device_sum_ms":0.000000000,"child_observer_wall_ms":0.020458000,"count_scope":"inclusive","owner_commits":6,"projection_invocations":1}
RISE_FIRE_OWNER_PROFILE_V1 {"scope":66,"parent":55,"phase":"PicardIteration","stage":2,"raw_iteration":1,"iteration_kind":"picard","wall_ms":1618.632167000,"device_sum_ms":1418.272874784,"wall_minus_device_ms":200.359292216,"exclusive_wall_ms":0.930334000,"exclusive_device_sum_ms":0.000000000,"child_observer_wall_ms":0.020833000,"count_scope":"inclusive","owner_commits":12,"projection_invocations":2}
RISE_FIRE_OWNER_PROFILE_V1 {"scope":55,"parent":1,"phase":"SolveStage","stage":2,"raw_iteration":4294967295,"iteration_kind":"bootstrap","wall_ms":3239.161000000,"device_sum_ms":2838.835542090,"wall_minus_device_ms":400.325457910,"exclusive_wall_ms":2.395626000,"exclusive_device_sum_ms":0.000000000,"child_observer_wall_ms":0.016166000,"count_scope":"inclusive","owner_commits":21,"projection_invocations":4}
RISE_FIRE_OWNER_PROFILE_V1 {"scope":80,"parent":1,"phase":"TerminalPublication","stage":4294967295,"raw_iteration":4294967295,"iteration_kind":"owner","wall_ms":16.282958000,"device_sum_ms":6.358041661,"wall_minus_device_ms":9.924916339,"exclusive_wall_ms":16.282958000,"exclusive_device_sum_ms":6.358041661,"child_observer_wall_ms":0.000000000,"count_scope":"inclusive","owner_commits":1,"projection_invocations":0}
RISE_FIRE_OWNER_PROFILE_V1 {"scope":1,"parent":0,"phase":"OwnerRun","stage":4294967295,"raw_iteration":4294967295,"iteration_kind":"owner","wall_ms":9835.063958000,"device_sum_ms":8524.979958311,"wall_minus_device_ms":1310.083999689,"exclusive_wall_ms":7.226082000,"exclusive_device_sum_ms":0.021416694,"child_observer_wall_ms":0.027501000,"count_scope":"inclusive","owner_commits":68,"projection_invocations":12}
capstone accepted step=1 time=0.00164626597 dt=0.00164626597 Tmax=302.592941 qmax=0 eos_max=1.45011372e-05 approach_eos_max=1.45011372e-05 limiter_class=continuous limiter_discrepancy=0 active_set_class=continuous active_set_discrepancy=0 active_set_cycle=0 active_set_faces=0
capstone step-start=1 speed=0.129151717 gprime=0.0884640856 nu=8.61405907e-05 selected=0.00181089257 previous=0.00164626597
capstone event-step=0.00164626597 pilot_ceiling=0.0115509308 ramp_end=0.209320803
RISE_FIRE_OWNER_PROFILE_V1 {"scope":2,"parent":1,"phase":"Prepare","stage":4294967295,"raw_iteration":4294967295,"iteration_kind":"owner","wall_ms":94.411500000,"device_sum_ms":3.078916576,"wall_minus_device_ms":91.332583424,"exclusive_wall_ms":94.411500000,"exclusive_device_sum_ms":3.078916576,"child_observer_wall_ms":0.000000000,"count_scope":"inclusive","owner_commits":1,"projection_invocations":0}
RISE_FIRE_OWNER_PROFILE_V1 {"scope":5,"parent":4,"phase":"ProjectionAdapter","stage":0,"raw_iteration":4294967295,"iteration_kind":"bootstrap","wall_ms":20.667459000,"device_sum_ms":15.222500078,"wall_minus_device_ms":5.444958922,"exclusive_wall_ms":20.667459000,"exclusive_device_sum_ms":15.222500078,"child_observer_wall_ms":0.000000000,"count_scope":"inclusive","owner_commits":0,"projection_invocations":1}
RISE_FIRE_OWNER_PROFILE_V1 {"scope":4,"parent":3,"phase":"Project","stage":0,"raw_iteration":4294967295,"iteration_kind":"bootstrap","wall_ms":22.250667000,"device_sum_ms":15.445999801,"wall_minus_device_ms":6.804667199,"exclusive_wall_ms":1.576083000,"exclusive_device_sum_ms":0.223499723,"child_observer_wall_ms":0.007125000,"count_scope":"inclusive","owner_commits":2,"projection_invocations":1}
PRODUCER_COMMAND_V1 stage=0 raw_iteration=4294967295 cpu_begin=1975686142783666 cpu_end=1975686918422916 gpu_begin=1975686142783666 gpu_end=1975686918422916 device_ms=690.22470829077065 encoders=38 interval_scope=possibly_overlapping
PRODUCER_KERNEL_V1 stage=0 raw_iteration=4294967295 ordinal=0 kernel=owner_pack_faces threads=1533387 begin_tick=1975686228356375 end_tick=1975686228437708 ms_per_tick=9.9999999999999995e-07 device_ms=0.081333000000000003
PRODUCER_KERNEL_V1 stage=0 raw_iteration=4294967295 ordinal=1 kernel=owner_pack_faces threads=1533387 begin_tick=1975686228340750 end_tick=1975686228417041 ms_per_tick=9.9999999999999995e-07 device_ms=0.076290999999999998
PRODUCER_KERNEL_V1 stage=0 raw_iteration=4294967295 ordinal=2 kernel=owner_pack_faces threads=1533387 begin_tick=1975686228417041 end_tick=1975686228521250 ms_per_tick=9.9999999999999995e-07 device_ms=0.104209
PRODUCER_KERNEL_V1 stage=0 raw_iteration=4294967295 ordinal=3 kernel=fct_extract_gas_density threads=504666 begin_tick=1975686228437750 end_tick=1975686228491041 ms_per_tick=9.9999999999999995e-07 device_ms=0.053290999999999998
PRODUCER_KERNEL_V1 stage=0 raw_iteration=4294967295 ordinal=4 kernel=owner_gas_source threads=504666 begin_tick=1975686228491041 end_tick=1975686228545708 ms_per_tick=9.9999999999999995e-07 device_ms=0.054667
PRODUCER_KERNEL_V1 stage=0 raw_iteration=4294967295 ordinal=5 kernel=evaluate_resident_transport threads=504666 begin_tick=1975686228568916 end_tick=1975686229411666 ms_per_tick=9.9999999999999995e-07 device_ms=0.84275
PRODUCER_KERNEL_V1 stage=0 raw_iteration=4294967295 ordinal=6 kernel=identify_resident_transport threads=1 begin_tick=1975686229412291 end_tick=1975686229417291 ms_per_tick=9.9999999999999995e-07 device_ms=0.0050000000000000001
PRODUCER_KERNEL_V1 stage=0 raw_iteration=4294967295 ordinal=7 kernel=owner_bind_transport threads=1 begin_tick=1975686229417875 end_tick=1975686229423541 ms_per_tick=9.9999999999999995e-07 device_ms=0.005666
PRODUCER_KERNEL_V1 stage=0 raw_iteration=4294967295 ordinal=8 kernel=identify_resident_owner_endpoint_class threads=1 begin_tick=1975686229423916 end_tick=1975686229429833 ms_per_tick=9.9999999999999995e-07 device_ms=0.0059169999999999995
PRODUCER_KERNEL_V1 stage=0 raw_iteration=4294967295 ordinal=9 kernel=evaluate_resident_physical_flux threads=1533387 begin_tick=1975686229998541 end_tick=1975686232781333 ms_per_tick=9.9999999999999995e-07 device_ms=2.7827919999999997
PRODUCER_KERNEL_V1 stage=0 raw_iteration=4294967295 ordinal=10 kernel=evaluate_resident_advective_pair threads=13800483 begin_tick=1975686231451916 end_tick=1975686241731291 ms_per_tick=9.9999999999999995e-07 device_ms=10.279375
PRODUCER_KERNEL_V1 stage=0 raw_iteration=4294967295 ordinal=11 kernel=finalize_resident_advective_high threads=13800483 begin_tick=1975686241732083 end_tick=1975686242151708 ms_per_tick=9.9999999999999995e-07 device_ms=0.41962499999999997
PRODUCER_KERNEL_V1 stage=0 raw_iteration=4294967295 ordinal=12 kernel=compose_resident_flux_pair threads=13800483 begin_tick=1975686242152125 end_tick=1975686243085333 ms_per_tick=9.9999999999999995e-07 device_ms=0.93320799999999993
PRODUCER_KERNEL_V1 stage=0 raw_iteration=4294967295 ordinal=13 kernel=validate_resident_physical_flux threads=13800483 begin_tick=1975686243086041 end_tick=1975686243946166 ms_per_tick=9.9999999999999995e-07 device_ms=0.86012499999999992
PRODUCER_KERNEL_V1 stage=0 raw_iteration=4294967295 ordinal=14 kernel=identify_resident_physical_flux threads=32 begin_tick=1975686243946583 end_tick=1975686243949958 ms_per_tick=9.9999999999999995e-07 device_ms=0.003375
PRODUCER_KERNEL_V1 stage=0 raw_iteration=4294967295 ordinal=15 kernel=fct_build_ratios threads=5551326 begin_tick=1975686243950458 end_tick=1975686247765833 ms_per_tick=9.9999999999999995e-07 device_ms=3.815375
PRODUCER_KERNEL_V1 stage=0 raw_iteration=4294967295 ordinal=16 kernel=fct_build_face_alpha threads=1533387 begin_tick=1975686247787666 end_tick=1975686248055666 ms_per_tick=9.9999999999999995e-07 device_ms=0.26799999999999996
PRODUCER_KERNEL_V1 stage=0 raw_iteration=4294967295 ordinal=17 kernel=fct_commit_scalar threads=504666 begin_tick=1975686248056250 end_tick=1975686248244875 ms_per_tick=9.9999999999999995e-07 device_ms=0.18862499999999999
PRODUCER_KERNEL_V1 stage=0 raw_iteration=4294967295 ordinal=18 kernel=owner_bind_candidate threads=1 begin_tick=1975686248245458 end_tick=1975686248249583 ms_per_tick=9.9999999999999995e-07 device_ms=0.0041250000000000002
PRODUCER_KERNEL_V1 stage=0 raw_iteration=4294967295 ordinal=19 kernel=finalize_resident_eos_candidate threads=1 begin_tick=1975686248250166 end_tick=1975686248252500 ms_per_tick=9.9999999999999995e-07 device_ms=0.0023339999999999997
PRODUCER_KERNEL_V1 stage=0 raw_iteration=4294967295 ordinal=20 kernel=evaluate_resident_eos_candidate threads=504666 begin_tick=1975686248253125 end_tick=1975686803021833 ms_per_tick=9.9999999999999995e-07 device_ms=554.76870799999995
PRODUCER_KERNEL_V1 stage=0 raw_iteration=4294967295 ordinal=21 kernel=finalize_resident_eos_candidate threads=1 begin_tick=1975686803040125 end_tick=1975686803042833 ms_per_tick=9.9999999999999995e-07 device_ms=0.0027079999999999999
PRODUCER_KERNEL_V1 stage=0 raw_iteration=4294967295 ordinal=22 kernel=identify_resident_eos threads=1 begin_tick=1975686803043166 end_tick=1975686803045875 ms_per_tick=9.9999999999999995e-07 device_ms=0.002709
PRODUCER_KERNEL_V1 stage=0 raw_iteration=4294967295 ordinal=23 kernel=produce_resident_frozen_source threads=504666 begin_tick=1975686803046333 end_tick=1975686803078458 ms_per_tick=9.9999999999999995e-07 device_ms=0.032125000000000001
PRODUCER_KERNEL_V1 stage=0 raw_iteration=4294967295 ordinal=24 kernel=identify_resident_frozen_source threads=1 begin_tick=1975686803078875 end_tick=1975686803081583 ms_per_tick=9.9999999999999995e-07 device_ms=0.0027079999999999999
PRODUCER_KERNEL_V1 stage=0 raw_iteration=4294967295 ordinal=25 kernel=evaluate_resident_target_terms threads=504666 begin_tick=1975686803082000 end_tick=1975686917621125 ms_per_tick=9.9999999999999995e-07 device_ms=114.539125
PRODUCER_KERNEL_V1 stage=0 raw_iteration=4294967295 ordinal=26 kernel=finalize_resident_target threads=1 begin_tick=1975686917640875 end_tick=1975686917644125 ms_per_tick=9.9999999999999995e-07 device_ms=0.0032499999999999999
PRODUCER_KERNEL_V1 stage=0 raw_iteration=4294967295 ordinal=27 kernel=identify_resident_target threads=1 begin_tick=1975686917644416 end_tick=1975686917647458 ms_per_tick=9.9999999999999995e-07 device_ms=0.003042
PRODUCER_KERNEL_V1 stage=0 raw_iteration=4294967295 ordinal=28 kernel=issue_resident_projection_consumer threads=1 begin_tick=1975686917647750 end_tick=1975686917652041 ms_per_tick=9.9999999999999995e-07 device_ms=0.0042909999999999997
PRODUCER_KERNEL_V1 stage=0 raw_iteration=4294967295 ordinal=29 kernel=consume_resident_target threads=1 begin_tick=1975686917652458 end_tick=1975686917656541 ms_per_tick=9.9999999999999995e-07 device_ms=0.0040829999999999998
PRODUCER_KERNEL_V1 stage=0 raw_iteration=4294967295 ordinal=30 kernel=owner_compose_target threads=504666 begin_tick=1975686917656958 end_tick=1975686917687916 ms_per_tick=9.9999999999999995e-07 device_ms=0.030957999999999999
PRODUCER_KERNEL_V1 stage=0 raw_iteration=4294967295 ordinal=31 kernel=finalize_resident_target threads=1 begin_tick=1975686917688250 end_tick=1975686917690583 ms_per_tick=9.9999999999999995e-07 device_ms=0.002333
PRODUCER_KERNEL_V1 stage=0 raw_iteration=4294967295 ordinal=32 kernel=owner_identify_target threads=1 begin_tick=1975686917691000 end_tick=1975686917694125 ms_per_tick=9.9999999999999995e-07 device_ms=0.0031249999999999997
PRODUCER_KERNEL_V1 stage=0 raw_iteration=4294967295 ordinal=33 kernel=issue_resident_projection_consumer threads=1 begin_tick=1975686917694541 end_tick=1975686917697458 ms_per_tick=9.9999999999999995e-07 device_ms=0.0029169999999999999
PRODUCER_KERNEL_V1 stage=0 raw_iteration=4294967295 ordinal=34 kernel=consume_resident_target threads=1 begin_tick=1975686917697791 end_tick=1975686917700875 ms_per_tick=9.9999999999999995e-07 device_ms=0.0030839999999999999
PRODUCER_KERNEL_V1 stage=0 raw_iteration=4294967295 ordinal=35 kernel=owner_issue_stage_seal threads=1 begin_tick=1975686917701208 end_tick=1975686917704250 ms_per_tick=9.9999999999999995e-07 device_ms=0.003042
PRODUCER_KERNEL_V1 stage=0 raw_iteration=4294967295 ordinal=36 kernel=fct_compatible_stage_rate threads=1533387 begin_tick=1975686917704916 end_tick=1975686918222000 ms_per_tick=9.9999999999999995e-07 device_ms=0.51708399999999999
PRODUCER_KERNEL_V1 stage=0 raw_iteration=4294967295 ordinal=37 kernel=owner_predict_momentum threads=1533387 begin_tick=1975686918222458 end_tick=1975686918271666 ms_per_tick=9.9999999999999995e-07 device_ms=0.049207999999999995
RISE_FIRE_OWNER_PROFILE_V1 {"scope":6,"parent":3,"phase":"BuildStageProducerGroup","stage":0,"raw_iteration":4294967295,"iteration_kind":"bootstrap","wall_ms":775.788250000,"device_sum_ms":690.224708291,"wall_minus_device_ms":85.563541709,"exclusive_wall_ms":775.788250000,"exclusive_device_sum_ms":690.224708291,"child_observer_wall_ms":0.000000000,"count_scope":"inclusive","owner_commits":1,"projection_invocations":0}
RISE_FIRE_OWNER_PROFILE_V1 {"scope":9,"parent":8,"phase":"ProjectionAdapter","stage":0,"raw_iteration":0,"iteration_kind":"picard","wall_ms":14.943292000,"device_sum_ms":9.270041715,"wall_minus_device_ms":5.673250285,"exclusive_wall_ms":14.943292000,"exclusive_device_sum_ms":9.270041715,"child_observer_wall_ms":0.000000000,"count_scope":"inclusive","owner_commits":0,"projection_invocations":1}
RISE_FIRE_OWNER_PROFILE_V1 {"scope":8,"parent":7,"phase":"Project","stage":0,"raw_iteration":0,"iteration_kind":"picard","wall_ms":15.698792000,"device_sum_ms":9.312791750,"wall_minus_device_ms":6.386000250,"exclusive_wall_ms":0.751000000,"exclusive_device_sum_ms":0.042750034,"child_observer_wall_ms":0.004500000,"count_scope":"inclusive","owner_commits":2,"projection_invocations":1}
RISE_FIRE_OWNER_PROFILE_V1 {"scope":10,"parent":7,"phase":"ReadOpenClass","stage":0,"raw_iteration":0,"iteration_kind":"picard","wall_ms":0.211958000,"device_sum_ms":0.002375105,"wall_minus_device_ms":0.209582895,"exclusive_wall_ms":0.211958000,"exclusive_device_sum_ms":0.002375105,"child_observer_wall_ms":0.000000000,"count_scope":"inclusive","owner_commits":1,"projection_invocations":0}
RISE_FIRE_OWNER_PROFILE_V1 {"scope":11,"parent":7,"phase":"ReadOpenClass","stage":0,"raw_iteration":0,"iteration_kind":"picard","wall_ms":0.212041000,"device_sum_ms":0.002250075,"wall_minus_device_ms":0.209790925,"exclusive_wall_ms":0.212041000,"exclusive_device_sum_ms":0.002250075,"child_observer_wall_ms":0.000000000,"count_scope":"inclusive","owner_commits":1,"projection_invocations":0}
PRODUCER_COMMAND_V1 stage=0 raw_iteration=0 cpu_begin=1975686934704208 cpu_end=1975687724465125 gpu_begin=1975686934704208 gpu_end=1975687724465125 device_ms=703.68529157713056 encoders=38 interval_scope=possibly_overlapping
PRODUCER_KERNEL_V1 stage=0 raw_iteration=0 ordinal=0 kernel=owner_pack_faces threads=1533387 begin_tick=1975687020764500 end_tick=1975687020815208 ms_per_tick=9.9999999999999995e-07 device_ms=0.050707999999999996
PRODUCER_KERNEL_V1 stage=0 raw_iteration=0 ordinal=1 kernel=owner_pack_faces threads=1533387 begin_tick=1975687020824875 end_tick=1975687020876250 ms_per_tick=9.9999999999999995e-07 device_ms=0.051374999999999997
PRODUCER_KERNEL_V1 stage=0 raw_iteration=0 ordinal=2 kernel=owner_pack_faces threads=1533387 begin_tick=1975687020942125 end_tick=1975687021024750 ms_per_tick=9.9999999999999995e-07 device_ms=0.08262499999999999
PRODUCER_KERNEL_V1 stage=0 raw_iteration=0 ordinal=3 kernel=fct_extract_gas_density threads=504666 begin_tick=1975687020978125 end_tick=1975687021025000 ms_per_tick=9.9999999999999995e-07 device_ms=0.046875
PRODUCER_KERNEL_V1 stage=0 raw_iteration=0 ordinal=4 kernel=owner_gas_source threads=504666 begin_tick=1975687021024791 end_tick=1975687021067708 ms_per_tick=9.9999999999999995e-07 device_ms=0.042916999999999997
PRODUCER_KERNEL_V1 stage=0 raw_iteration=0 ordinal=5 kernel=evaluate_resident_transport threads=504666 begin_tick=1975687021159750 end_tick=1975687021607541 ms_per_tick=9.9999999999999995e-07 device_ms=0.44779099999999999
PRODUCER_KERNEL_V1 stage=0 raw_iteration=0 ordinal=6 kernel=identify_resident_transport threads=1 begin_tick=1975687021607875 end_tick=1975687021610708 ms_per_tick=9.9999999999999995e-07 device_ms=0.002833
PRODUCER_KERNEL_V1 stage=0 raw_iteration=0 ordinal=7 kernel=owner_bind_transport threads=1 begin_tick=1975687021611166 end_tick=1975687021614583 ms_per_tick=9.9999999999999995e-07 device_ms=0.0034169999999999999
PRODUCER_KERNEL_V1 stage=0 raw_iteration=0 ordinal=8 kernel=identify_resident_owner_endpoint_class threads=1 begin_tick=1975687021614916 end_tick=1975687021618125 ms_per_tick=9.9999999999999995e-07 device_ms=0.003209
PRODUCER_KERNEL_V1 stage=0 raw_iteration=0 ordinal=9 kernel=evaluate_resident_physical_flux threads=1533387 begin_tick=1975687022604708 end_tick=1975687023718041 ms_per_tick=9.9999999999999995e-07 device_ms=1.1133329999999999
PRODUCER_KERNEL_V1 stage=0 raw_iteration=0 ordinal=10 kernel=evaluate_resident_advective_pair threads=13800483 begin_tick=1975687024014000 end_tick=1975687031487708 ms_per_tick=9.9999999999999995e-07 device_ms=7.4737079999999994
PRODUCER_KERNEL_V1 stage=0 raw_iteration=0 ordinal=11 kernel=finalize_resident_advective_high threads=13800483 begin_tick=1975687031488625 end_tick=1975687031906708 ms_per_tick=9.9999999999999995e-07 device_ms=0.41808299999999998
PRODUCER_KERNEL_V1 stage=0 raw_iteration=0 ordinal=12 kernel=compose_resident_flux_pair threads=13800483 begin_tick=1975687031907083 end_tick=1975687032792416 ms_per_tick=9.9999999999999995e-07 device_ms=0.88533299999999993
PRODUCER_KERNEL_V1 stage=0 raw_iteration=0 ordinal=13 kernel=validate_resident_physical_flux threads=13800483 begin_tick=1975687032792958 end_tick=1975687033671208 ms_per_tick=9.9999999999999995e-07 device_ms=0.87824999999999998
PRODUCER_KERNEL_V1 stage=0 raw_iteration=0 ordinal=14 kernel=identify_resident_physical_flux threads=32 begin_tick=1975687033671875 end_tick=1975687033675291 ms_per_tick=9.9999999999999995e-07 device_ms=0.0034159999999999998
PRODUCER_KERNEL_V1 stage=0 raw_iteration=0 ordinal=15 kernel=fct_build_ratios threads=5551326 begin_tick=1975687033675750 end_tick=1975687037283750 ms_per_tick=9.9999999999999995e-07 device_ms=3.6079999999999997
PRODUCER_KERNEL_V1 stage=0 raw_iteration=0 ordinal=16 kernel=fct_build_face_alpha threads=1533387 begin_tick=1975687037284333 end_tick=1975687037552250 ms_per_tick=9.9999999999999995e-07 device_ms=0.26791699999999996
PRODUCER_KERNEL_V1 stage=0 raw_iteration=0 ordinal=17 kernel=fct_commit_scalar threads=504666 begin_tick=1975687037552833 end_tick=1975687037745833 ms_per_tick=9.9999999999999995e-07 device_ms=0.193
PRODUCER_KERNEL_V1 stage=0 raw_iteration=0 ordinal=18 kernel=owner_bind_candidate threads=1 begin_tick=1975687037746250 end_tick=1975687037750250 ms_per_tick=9.9999999999999995e-07 device_ms=0.0040000000000000001
PRODUCER_KERNEL_V1 stage=0 raw_iteration=0 ordinal=19 kernel=finalize_resident_eos_candidate threads=1 begin_tick=1975687037750750 end_tick=1975687037753166 ms_per_tick=9.9999999999999995e-07 device_ms=0.0024159999999999997
PRODUCER_KERNEL_V1 stage=0 raw_iteration=0 ordinal=20 kernel=evaluate_resident_eos_candidate threads=504666 begin_tick=1975687037753583 end_tick=1975687609059208 ms_per_tick=9.9999999999999995e-07 device_ms=571.30562499999996
PRODUCER_KERNEL_V1 stage=0 raw_iteration=0 ordinal=21 kernel=finalize_resident_eos_candidate threads=1 begin_tick=1975687609077375 end_tick=1975687609080166 ms_per_tick=9.9999999999999995e-07 device_ms=0.0027910000000000001
PRODUCER_KERNEL_V1 stage=0 raw_iteration=0 ordinal=22 kernel=identify_resident_eos threads=1 begin_tick=1975687609080458 end_tick=1975687609083208 ms_per_tick=9.9999999999999995e-07 device_ms=0.0027499999999999998
PRODUCER_KERNEL_V1 stage=0 raw_iteration=0 ordinal=23 kernel=produce_resident_frozen_source threads=504666 begin_tick=1975687609083625 end_tick=1975687609115625 ms_per_tick=9.9999999999999995e-07 device_ms=0.032000000000000001
PRODUCER_KERNEL_V1 stage=0 raw_iteration=0 ordinal=24 kernel=identify_resident_frozen_source threads=1 begin_tick=1975687609116041 end_tick=1975687609118916 ms_per_tick=9.9999999999999995e-07 device_ms=0.002875
PRODUCER_KERNEL_V1 stage=0 raw_iteration=0 ordinal=25 kernel=evaluate_resident_target_terms threads=504666 begin_tick=1975687609119333 end_tick=1975687723620083 ms_per_tick=9.9999999999999995e-07 device_ms=114.50075
PRODUCER_KERNEL_V1 stage=0 raw_iteration=0 ordinal=26 kernel=finalize_resident_target threads=1 begin_tick=1975687723637583 end_tick=1975687723640791 ms_per_tick=9.9999999999999995e-07 device_ms=0.0032079999999999999
PRODUCER_KERNEL_V1 stage=0 raw_iteration=0 ordinal=27 kernel=identify_resident_target threads=1 begin_tick=1975687723641083 end_tick=1975687723643916 ms_per_tick=9.9999999999999995e-07 device_ms=0.002833
PRODUCER_KERNEL_V1 stage=0 raw_iteration=0 ordinal=28 kernel=issue_resident_projection_consumer threads=1 begin_tick=1975687723644333 end_tick=1975687723648291 ms_per_tick=9.9999999999999995e-07 device_ms=0.0039579999999999997
PRODUCER_KERNEL_V1 stage=0 raw_iteration=0 ordinal=29 kernel=consume_resident_target threads=1 begin_tick=1975687723648708 end_tick=1975687723652583 ms_per_tick=9.9999999999999995e-07 device_ms=0.003875
PRODUCER_KERNEL_V1 stage=0 raw_iteration=0 ordinal=30 kernel=owner_compose_target threads=504666 begin_tick=1975687723653000 end_tick=1975687723732458 ms_per_tick=9.9999999999999995e-07 device_ms=0.079458000000000001
PRODUCER_KERNEL_V1 stage=0 raw_iteration=0 ordinal=31 kernel=finalize_resident_target threads=1 begin_tick=1975687723732791 end_tick=1975687723735166 ms_per_tick=9.9999999999999995e-07 device_ms=0.0023749999999999999
PRODUCER_KERNEL_V1 stage=0 raw_iteration=0 ordinal=32 kernel=owner_identify_target threads=1 begin_tick=1975687723735500 end_tick=1975687723738583 ms_per_tick=9.9999999999999995e-07 device_ms=0.0030829999999999998
PRODUCER_KERNEL_V1 stage=0 raw_iteration=0 ordinal=33 kernel=issue_resident_projection_consumer threads=1 begin_tick=1975687723739000 end_tick=1975687723741791 ms_per_tick=9.9999999999999995e-07 device_ms=0.0027910000000000001
PRODUCER_KERNEL_V1 stage=0 raw_iteration=0 ordinal=34 kernel=consume_resident_target threads=1 begin_tick=1975687723742125 end_tick=1975687723745541 ms_per_tick=9.9999999999999995e-07 device_ms=0.0034159999999999998
PRODUCER_KERNEL_V1 stage=0 raw_iteration=0 ordinal=35 kernel=owner_issue_stage_seal threads=1 begin_tick=1975687723745833 end_tick=1975687723748666 ms_per_tick=9.9999999999999995e-07 device_ms=0.002833
PRODUCER_KERNEL_V1 stage=0 raw_iteration=0 ordinal=36 kernel=fct_compatible_stage_rate threads=1533387 begin_tick=1975687723749375 end_tick=1975687724261208 ms_per_tick=9.9999999999999995e-07 device_ms=0.51183299999999998
PRODUCER_KERNEL_V1 stage=0 raw_iteration=0 ordinal=37 kernel=owner_predict_momentum threads=1533387 begin_tick=1975687724261708 end_tick=1975687724310666 ms_per_tick=9.9999999999999995e-07 device_ms=0.048957999999999995
RISE_FIRE_OWNER_PROFILE_V1 {"scope":12,"parent":7,"phase":"BuildStageProducerGroup","stage":0,"raw_iteration":0,"iteration_kind":"picard","wall_ms":789.900833000,"device_sum_ms":703.685291577,"wall_minus_device_ms":86.215541423,"exclusive_wall_ms":789.900833000,"exclusive_device_sum_ms":703.685291577,"child_observer_wall_ms":0.000000000,"count_scope":"inclusive","owner_commits":1,"projection_invocations":0}
RISE_FIRE_OWNER_PROFILE_V1 {"scope":13,"parent":7,"phase":"Residual","stage":0,"raw_iteration":0,"iteration_kind":"picard","wall_ms":0.362834000,"device_sum_ms":0.059624901,"wall_minus_device_ms":0.303209099,"exclusive_wall_ms":0.362834000,"exclusive_device_sum_ms":0.059624901,"child_observer_wall_ms":0.000000000,"count_scope":"inclusive","owner_commits":1,"projection_invocations":0}
RISE_FIRE_OWNER_PROFILE_V1 {"scope":7,"parent":3,"phase":"PicardIteration","stage":0,"raw_iteration":0,"iteration_kind":"picard","wall_ms":807.000791000,"device_sum_ms":713.062333409,"wall_minus_device_ms":93.938457591,"exclusive_wall_ms":0.596334000,"exclusive_device_sum_ms":0.000000000,"child_observer_wall_ms":0.017999000,"count_scope":"inclusive","owner_commits":6,"projection_invocations":1}
RISE_FIRE_OWNER_PROFILE_V1 {"scope":16,"parent":15,"phase":"ProjectionAdapter","stage":0,"raw_iteration":1,"iteration_kind":"picard","wall_ms":14.026833000,"device_sum_ms":8.743874962,"wall_minus_device_ms":5.282958038,"exclusive_wall_ms":14.026833000,"exclusive_device_sum_ms":8.743874962,"child_observer_wall_ms":0.000000000,"count_scope":"inclusive","owner_commits":0,"projection_invocations":1}
RISE_FIRE_OWNER_PROFILE_V1 {"scope":15,"parent":14,"phase":"Project","stage":0,"raw_iteration":1,"iteration_kind":"picard","wall_ms":15.467042000,"device_sum_ms":8.831041632,"wall_minus_device_ms":6.636000368,"exclusive_wall_ms":1.436542000,"exclusive_device_sum_ms":0.087166671,"child_observer_wall_ms":0.003667000,"count_scope":"inclusive","owner_commits":2,"projection_invocations":1}
RISE_FIRE_OWNER_PROFILE_V1 {"scope":17,"parent":14,"phase":"ReadOpenClass","stage":0,"raw_iteration":1,"iteration_kind":"picard","wall_ms":0.212083000,"device_sum_ms":0.002250075,"wall_minus_device_ms":0.209832925,"exclusive_wall_ms":0.212083000,"exclusive_device_sum_ms":0.002250075,"child_observer_wall_ms":0.000000000,"count_scope":"inclusive","owner_commits":1,"projection_invocations":0}
RISE_FIRE_OWNER_PROFILE_V1 {"scope":18,"parent":14,"phase":"ReadOpenClass","stage":0,"raw_iteration":1,"iteration_kind":"picard","wall_ms":0.199917000,"device_sum_ms":0.002458226,"wall_minus_device_ms":0.197458774,"exclusive_wall_ms":0.199917000,"exclusive_device_sum_ms":0.002458226,"child_observer_wall_ms":0.000000000,"count_scope":"inclusive","owner_commits":1,"projection_invocations":0}
PRODUCER_COMMAND_V1 stage=0 raw_iteration=1 cpu_begin=1975687741461291 cpu_end=1975688515040416 gpu_begin=1975687741461291 gpu_end=1975688515040416 device_ms=687.84841685555875 encoders=38 interval_scope=possibly_overlapping
PRODUCER_KERNEL_V1 stage=0 raw_iteration=1 ordinal=0 kernel=owner_pack_faces threads=1533387 begin_tick=1975687827185875 end_tick=1975687827236791 ms_per_tick=9.9999999999999995e-07 device_ms=0.050915999999999996
PRODUCER_KERNEL_V1 stage=0 raw_iteration=1 ordinal=1 kernel=owner_pack_faces threads=1533387 begin_tick=1975687827254458 end_tick=1975687827305708 ms_per_tick=9.9999999999999995e-07 device_ms=0.051249999999999997
PRODUCER_KERNEL_V1 stage=0 raw_iteration=1 ordinal=2 kernel=owner_pack_faces threads=1533387 begin_tick=1975687827371916 end_tick=1975687827462250 ms_per_tick=9.9999999999999995e-07 device_ms=0.090333999999999998
PRODUCER_KERNEL_V1 stage=0 raw_iteration=1 ordinal=3 kernel=fct_extract_gas_density threads=504666 begin_tick=1975687827393250 end_tick=1975687827442083 ms_per_tick=9.9999999999999995e-07 device_ms=0.048832999999999994
PRODUCER_KERNEL_V1 stage=0 raw_iteration=1 ordinal=4 kernel=owner_gas_source threads=504666 begin_tick=1975687827443166 end_tick=1975687827491875 ms_per_tick=9.9999999999999995e-07 device_ms=0.048708999999999995
PRODUCER_KERNEL_V1 stage=0 raw_iteration=1 ordinal=5 kernel=evaluate_resident_transport threads=504666 begin_tick=1975687827539041 end_tick=1975687827988000 ms_per_tick=9.9999999999999995e-07 device_ms=0.448959
PRODUCER_KERNEL_V1 stage=0 raw_iteration=1 ordinal=6 kernel=identify_resident_transport threads=1 begin_tick=1975687827988375 end_tick=1975687827991375 ms_per_tick=9.9999999999999995e-07 device_ms=0.0030000000000000001
PRODUCER_KERNEL_V1 stage=0 raw_iteration=1 ordinal=7 kernel=owner_bind_transport threads=1 begin_tick=1975687827991791 end_tick=1975687827995708 ms_per_tick=9.9999999999999995e-07 device_ms=0.0039169999999999995
PRODUCER_KERNEL_V1 stage=0 raw_iteration=1 ordinal=8 kernel=identify_resident_owner_endpoint_class threads=1 begin_tick=1975687827996125 end_tick=1975687827999541 ms_per_tick=9.9999999999999995e-07 device_ms=0.0034159999999999998
PRODUCER_KERNEL_V1 stage=0 raw_iteration=1 ordinal=9 kernel=evaluate_resident_physical_flux threads=1533387 begin_tick=1975687829001916 end_tick=1975687830113125 ms_per_tick=9.9999999999999995e-07 device_ms=1.1112089999999999
PRODUCER_KERNEL_V1 stage=0 raw_iteration=1 ordinal=10 kernel=evaluate_resident_advective_pair threads=13800483 begin_tick=1975687830474916 end_tick=1975687837747000 ms_per_tick=9.9999999999999995e-07 device_ms=7.2720839999999995
PRODUCER_KERNEL_V1 stage=0 raw_iteration=1 ordinal=11 kernel=finalize_resident_advective_high threads=13800483 begin_tick=1975687837747666 end_tick=1975687838165666 ms_per_tick=9.9999999999999995e-07 device_ms=0.41799999999999998
PRODUCER_KERNEL_V1 stage=0 raw_iteration=1 ordinal=12 kernel=compose_resident_flux_pair threads=13800483 begin_tick=1975687838166083 end_tick=1975687839052708 ms_per_tick=9.9999999999999995e-07 device_ms=0.886625
PRODUCER_KERNEL_V1 stage=0 raw_iteration=1 ordinal=13 kernel=validate_resident_physical_flux threads=13800483 begin_tick=1975687839053375 end_tick=1975687839906125 ms_per_tick=9.9999999999999995e-07 device_ms=0.85275000000000001
PRODUCER_KERNEL_V1 stage=0 raw_iteration=1 ordinal=14 kernel=identify_resident_physical_flux threads=32 begin_tick=1975687839906583 end_tick=1975687839909875 ms_per_tick=9.9999999999999995e-07 device_ms=0.0032919999999999998
PRODUCER_KERNEL_V1 stage=0 raw_iteration=1 ordinal=15 kernel=fct_build_ratios threads=5551326 begin_tick=1975687839910375 end_tick=1975687843546333 ms_per_tick=9.9999999999999995e-07 device_ms=3.635958
PRODUCER_KERNEL_V1 stage=0 raw_iteration=1 ordinal=16 kernel=fct_build_face_alpha threads=1533387 begin_tick=1975687843546916 end_tick=1975687843958208 ms_per_tick=9.9999999999999995e-07 device_ms=0.41129199999999999
PRODUCER_KERNEL_V1 stage=0 raw_iteration=1 ordinal=17 kernel=fct_commit_scalar threads=504666 begin_tick=1975687843958791 end_tick=1975687844162166 ms_per_tick=9.9999999999999995e-07 device_ms=0.203375
PRODUCER_KERNEL_V1 stage=0 raw_iteration=1 ordinal=18 kernel=owner_bind_candidate threads=1 begin_tick=1975687844162583 end_tick=1975687844166166 ms_per_tick=9.9999999999999995e-07 device_ms=0.0035829999999999998
PRODUCER_KERNEL_V1 stage=0 raw_iteration=1 ordinal=19 kernel=finalize_resident_eos_candidate threads=1 begin_tick=1975687844166750 end_tick=1975687844169208 ms_per_tick=9.9999999999999995e-07 device_ms=0.0024579999999999997
PRODUCER_KERNEL_V1 stage=0 raw_iteration=1 ordinal=20 kernel=evaluate_resident_eos_candidate threads=504666 begin_tick=1975687844169666 end_tick=1975688399681583 ms_per_tick=9.9999999999999995e-07 device_ms=555.51191699999993
PRODUCER_KERNEL_V1 stage=0 raw_iteration=1 ordinal=21 kernel=finalize_resident_eos_candidate threads=1 begin_tick=1975688399708916 end_tick=1975688399711625 ms_per_tick=9.9999999999999995e-07 device_ms=0.002709
PRODUCER_KERNEL_V1 stage=0 raw_iteration=1 ordinal=22 kernel=identify_resident_eos threads=1 begin_tick=1975688399711958 end_tick=1975688399714625 ms_per_tick=9.9999999999999995e-07 device_ms=0.0026669999999999997
PRODUCER_KERNEL_V1 stage=0 raw_iteration=1 ordinal=23 kernel=produce_resident_frozen_source threads=504666 begin_tick=1975688399714916 end_tick=1975688399746458 ms_per_tick=9.9999999999999995e-07 device_ms=0.031542000000000001
PRODUCER_KERNEL_V1 stage=0 raw_iteration=1 ordinal=24 kernel=identify_resident_frozen_source threads=1 begin_tick=1975688399746791 end_tick=1975688399749458 ms_per_tick=9.9999999999999995e-07 device_ms=0.0026669999999999997
PRODUCER_KERNEL_V1 stage=0 raw_iteration=1 ordinal=25 kernel=evaluate_resident_target_terms threads=504666 begin_tick=1975688399749833 end_tick=1975688514205875 ms_per_tick=9.9999999999999995e-07 device_ms=114.456042
PRODUCER_KERNEL_V1 stage=0 raw_iteration=1 ordinal=26 kernel=finalize_resident_target threads=1 begin_tick=1975688514226791 end_tick=1975688514230000 ms_per_tick=9.9999999999999995e-07 device_ms=0.003209
PRODUCER_KERNEL_V1 stage=0 raw_iteration=1 ordinal=27 kernel=identify_resident_target threads=1 begin_tick=1975688514230416 end_tick=1975688514233166 ms_per_tick=9.9999999999999995e-07 device_ms=0.0027499999999999998
PRODUCER_KERNEL_V1 stage=0 raw_iteration=1 ordinal=28 kernel=issue_resident_projection_consumer threads=1 begin_tick=1975688514233500 end_tick=1975688514237500 ms_per_tick=9.9999999999999995e-07 device_ms=0.0040000000000000001
PRODUCER_KERNEL_V1 stage=0 raw_iteration=1 ordinal=29 kernel=consume_resident_target threads=1 begin_tick=1975688514237833 end_tick=1975688514242125 ms_per_tick=9.9999999999999995e-07 device_ms=0.0042919999999999998
PRODUCER_KERNEL_V1 stage=0 raw_iteration=1 ordinal=30 kernel=owner_compose_target threads=504666 begin_tick=1975688514242458 end_tick=1975688514321666 ms_per_tick=9.9999999999999995e-07 device_ms=0.079208000000000001
PRODUCER_KERNEL_V1 stage=0 raw_iteration=1 ordinal=31 kernel=finalize_resident_target threads=1 begin_tick=1975688514322000 end_tick=1975688514324416 ms_per_tick=9.9999999999999995e-07 device_ms=0.0024159999999999997
PRODUCER_KERNEL_V1 stage=0 raw_iteration=1 ordinal=32 kernel=owner_identify_target threads=1 begin_tick=1975688514324875 end_tick=1975688514328000 ms_per_tick=9.9999999999999995e-07 device_ms=0.0031249999999999997
PRODUCER_KERNEL_V1 stage=0 raw_iteration=1 ordinal=33 kernel=issue_resident_projection_consumer threads=1 begin_tick=1975688514328458 end_tick=1975688514331333 ms_per_tick=9.9999999999999995e-07 device_ms=0.002875
PRODUCER_KERNEL_V1 stage=0 raw_iteration=1 ordinal=34 kernel=consume_resident_target threads=1 begin_tick=1975688514331750 end_tick=1975688514334791 ms_per_tick=9.9999999999999995e-07 device_ms=0.0030409999999999999
PRODUCER_KERNEL_V1 stage=0 raw_iteration=1 ordinal=35 kernel=owner_issue_stage_seal threads=1 begin_tick=1975688514335083 end_tick=1975688514338208 ms_per_tick=9.9999999999999995e-07 device_ms=0.0031249999999999997
PRODUCER_KERNEL_V1 stage=0 raw_iteration=1 ordinal=36 kernel=fct_compatible_stage_rate threads=1533387 begin_tick=1975688514338791 end_tick=1975688514850458 ms_per_tick=9.9999999999999995e-07 device_ms=0.51166699999999998
PRODUCER_KERNEL_V1 stage=0 raw_iteration=1 ordinal=37 kernel=owner_predict_momentum threads=1533387 begin_tick=1975688514851000 end_tick=1975688514899833 ms_per_tick=9.9999999999999995e-07 device_ms=0.048832999999999994
RISE_FIRE_OWNER_PROFILE_V1 {"scope":19,"parent":14,"phase":"BuildStageProducerGroup","stage":0,"raw_iteration":1,"iteration_kind":"picard","wall_ms":773.715167000,"device_sum_ms":687.848416856,"wall_minus_device_ms":85.866750144,"exclusive_wall_ms":773.715167000,"exclusive_device_sum_ms":687.848416856,"child_observer_wall_ms":0.000000000,"count_scope":"inclusive","owner_commits":1,"projection_invocations":0}
RISE_FIRE_OWNER_PROFILE_V1 {"scope":20,"parent":14,"phase":"Residual","stage":0,"raw_iteration":1,"iteration_kind":"picard","wall_ms":0.445500000,"device_sum_ms":0.116624869,"wall_minus_device_ms":0.328875131,"exclusive_wall_ms":0.445500000,"exclusive_device_sum_ms":0.116624869,"child_observer_wall_ms":0.000000000,"count_scope":"inclusive","owner_commits":1,"projection_invocations":0}
RISE_FIRE_OWNER_PROFILE_V1 {"scope":14,"parent":3,"phase":"PicardIteration","stage":0,"raw_iteration":1,"iteration_kind":"picard","wall_ms":790.851500000,"device_sum_ms":696.800791658,"wall_minus_device_ms":94.050708342,"exclusive_wall_ms":0.794458000,"exclusive_device_sum_ms":0.000000000,"child_observer_wall_ms":0.017333000,"count_scope":"inclusive","owner_commits":6,"projection_invocations":1}
RISE_FIRE_OWNER_PROFILE_V1 {"scope":23,"parent":22,"phase":"ProjectionAdapter","stage":0,"raw_iteration":2,"iteration_kind":"picard","wall_ms":14.461500000,"device_sum_ms":9.375166846,"wall_minus_device_ms":5.086333154,"exclusive_wall_ms":14.461500000,"exclusive_device_sum_ms":9.375166846,"child_observer_wall_ms":0.000000000,"count_scope":"inclusive","owner_commits":0,"projection_invocations":1}
RISE_FIRE_OWNER_PROFILE_V1 {"scope":22,"parent":21,"phase":"Project","stage":0,"raw_iteration":2,"iteration_kind":"picard","wall_ms":15.719625000,"device_sum_ms":9.416792076,"wall_minus_device_ms":6.302832924,"exclusive_wall_ms":1.254250000,"exclusive_device_sum_ms":0.041625230,"child_observer_wall_ms":0.003875000,"count_scope":"inclusive","owner_commits":2,"projection_invocations":1}
RISE_FIRE_OWNER_PROFILE_V1 {"scope":24,"parent":21,"phase":"ReadOpenClass","stage":0,"raw_iteration":2,"iteration_kind":"picard","wall_ms":0.206042000,"device_sum_ms":0.002416549,"wall_minus_device_ms":0.203625451,"exclusive_wall_ms":0.206042000,"exclusive_device_sum_ms":0.002416549,"child_observer_wall_ms":0.000000000,"count_scope":"inclusive","owner_commits":1,"projection_invocations":0}
RISE_FIRE_OWNER_PROFILE_V1 {"scope":25,"parent":21,"phase":"ReadOpenClass","stage":0,"raw_iteration":2,"iteration_kind":"picard","wall_ms":0.192792000,"device_sum_ms":0.002375105,"wall_minus_device_ms":0.190416895,"exclusive_wall_ms":0.192792000,"exclusive_device_sum_ms":0.002375105,"child_observer_wall_ms":0.000000000,"count_scope":"inclusive","owner_commits":1,"projection_invocations":0}
PRODUCER_COMMAND_V1 stage=0 raw_iteration=2 cpu_begin=1975688532548833 cpu_end=1975689307863625 gpu_begin=1975688532548833 gpu_end=1975689307863625 device_ms=688.61624994315207 encoders=38 interval_scope=possibly_overlapping
PRODUCER_KERNEL_V1 stage=0 raw_iteration=2 ordinal=0 kernel=owner_pack_faces threads=1533387 begin_tick=1975688619110500 end_tick=1975688619166291 ms_per_tick=9.9999999999999995e-07 device_ms=0.055791
PRODUCER_KERNEL_V1 stage=0 raw_iteration=2 ordinal=1 kernel=owner_pack_faces threads=1533387 begin_tick=1975688619165625 end_tick=1975688619603625 ms_per_tick=9.9999999999999995e-07 device_ms=0.438
PRODUCER_KERNEL_V1 stage=0 raw_iteration=2 ordinal=2 kernel=owner_pack_faces threads=1533387 begin_tick=1975688619103625 end_tick=1975688619165625 ms_per_tick=9.9999999999999995e-07 device_ms=0.062
PRODUCER_KERNEL_V1 stage=0 raw_iteration=2 ordinal=3 kernel=fct_extract_gas_density threads=504666 begin_tick=1975688619603625 end_tick=1975688619626166 ms_per_tick=9.9999999999999995e-07 device_ms=0.022540999999999999
PRODUCER_KERNEL_V1 stage=0 raw_iteration=2 ordinal=4 kernel=owner_gas_source threads=504666 begin_tick=1975688619626166 end_tick=1975688619667541 ms_per_tick=9.9999999999999995e-07 device_ms=0.041374999999999995
PRODUCER_KERNEL_V1 stage=0 raw_iteration=2 ordinal=5 kernel=evaluate_resident_transport threads=504666 begin_tick=1975688619166666 end_tick=1975688619688833 ms_per_tick=9.9999999999999995e-07 device_ms=0.52216699999999994
PRODUCER_KERNEL_V1 stage=0 raw_iteration=2 ordinal=6 kernel=identify_resident_transport threads=1 begin_tick=1975688619689333 end_tick=1975688619692166 ms_per_tick=9.9999999999999995e-07 device_ms=0.002833
PRODUCER_KERNEL_V1 stage=0 raw_iteration=2 ordinal=7 kernel=owner_bind_transport threads=1 begin_tick=1975688619692666 end_tick=1975688619696500 ms_per_tick=9.9999999999999995e-07 device_ms=0.0038339999999999997
PRODUCER_KERNEL_V1 stage=0 raw_iteration=2 ordinal=8 kernel=identify_resident_owner_endpoint_class threads=1 begin_tick=1975688619696916 end_tick=1975688619700291 ms_per_tick=9.9999999999999995e-07 device_ms=0.003375
PRODUCER_KERNEL_V1 stage=0 raw_iteration=2 ordinal=9 kernel=evaluate_resident_physical_flux threads=1533387 begin_tick=1975688620601166 end_tick=1975688621718958 ms_per_tick=9.9999999999999995e-07 device_ms=1.1177919999999999
PRODUCER_KERNEL_V1 stage=0 raw_iteration=2 ordinal=10 kernel=evaluate_resident_advective_pair threads=13800483 begin_tick=1975688622024666 end_tick=1975688629306875 ms_per_tick=9.9999999999999995e-07 device_ms=7.2822089999999999
PRODUCER_KERNEL_V1 stage=0 raw_iteration=2 ordinal=11 kernel=finalize_resident_advective_high threads=13800483 begin_tick=1975688629307541 end_tick=1975688629733083 ms_per_tick=9.9999999999999995e-07 device_ms=0.42554199999999998
PRODUCER_KERNEL_V1 stage=0 raw_iteration=2 ordinal=12 kernel=compose_resident_flux_pair threads=13800483 begin_tick=1975688629733500 end_tick=1975688630619416 ms_per_tick=9.9999999999999995e-07 device_ms=0.88591599999999993
PRODUCER_KERNEL_V1 stage=0 raw_iteration=2 ordinal=13 kernel=validate_resident_physical_flux threads=13800483 begin_tick=1975688630620125 end_tick=1975688631516250 ms_per_tick=9.9999999999999995e-07 device_ms=0.89612499999999995
PRODUCER_KERNEL_V1 stage=0 raw_iteration=2 ordinal=14 kernel=identify_resident_physical_flux threads=32 begin_tick=1975688631517000 end_tick=1975688631520666 ms_per_tick=9.9999999999999995e-07 device_ms=0.003666
PRODUCER_KERNEL_V1 stage=0 raw_iteration=2 ordinal=15 kernel=fct_build_ratios threads=5551326 begin_tick=1975688631521125 end_tick=1975688635549625 ms_per_tick=9.9999999999999995e-07 device_ms=4.0285000000000002
PRODUCER_KERNEL_V1 stage=0 raw_iteration=2 ordinal=16 kernel=fct_build_face_alpha threads=1533387 begin_tick=1975688635550291 end_tick=1975688635818291 ms_per_tick=9.9999999999999995e-07 device_ms=0.26799999999999996
PRODUCER_KERNEL_V1 stage=0 raw_iteration=2 ordinal=17 kernel=fct_commit_scalar threads=504666 begin_tick=1975688635818833 end_tick=1975688636014333 ms_per_tick=9.9999999999999995e-07 device_ms=0.19549999999999998
PRODUCER_KERNEL_V1 stage=0 raw_iteration=2 ordinal=18 kernel=owner_bind_candidate threads=1 begin_tick=1975688636014708 end_tick=1975688636018750 ms_per_tick=9.9999999999999995e-07 device_ms=0.0040419999999999996
PRODUCER_KERNEL_V1 stage=0 raw_iteration=2 ordinal=19 kernel=finalize_resident_eos_candidate threads=1 begin_tick=1975688636019250 end_tick=1975688636021541 ms_per_tick=9.9999999999999995e-07 device_ms=0.0022910000000000001
PRODUCER_KERNEL_V1 stage=0 raw_iteration=2 ordinal=20 kernel=evaluate_resident_eos_candidate threads=504666 begin_tick=1975688636022083 end_tick=1975689192527208 ms_per_tick=9.9999999999999995e-07 device_ms=556.50512500000002
PRODUCER_KERNEL_V1 stage=0 raw_iteration=2 ordinal=21 kernel=finalize_resident_eos_candidate threads=1 begin_tick=1975689192544833 end_tick=1975689192547625 ms_per_tick=9.9999999999999995e-07 device_ms=0.0027919999999999998
PRODUCER_KERNEL_V1 stage=0 raw_iteration=2 ordinal=22 kernel=identify_resident_eos threads=1 begin_tick=1975689192547958 end_tick=1975689192550583 ms_per_tick=9.9999999999999995e-07 device_ms=0.0026249999999999997
PRODUCER_KERNEL_V1 stage=0 raw_iteration=2 ordinal=23 kernel=produce_resident_frozen_source threads=504666 begin_tick=1975689192550916 end_tick=1975689192583041 ms_per_tick=9.9999999999999995e-07 device_ms=0.032125000000000001
PRODUCER_KERNEL_V1 stage=0 raw_iteration=2 ordinal=24 kernel=identify_resident_frozen_source threads=1 begin_tick=1975689192583458 end_tick=1975689192586208 ms_per_tick=9.9999999999999995e-07 device_ms=0.0027499999999999998
PRODUCER_KERNEL_V1 stage=0 raw_iteration=2 ordinal=25 kernel=evaluate_resident_target_terms threads=504666 begin_tick=1975689192586625 end_tick=1975689306998541 ms_per_tick=9.9999999999999995e-07 device_ms=114.41191599999999
PRODUCER_KERNEL_V1 stage=0 raw_iteration=2 ordinal=26 kernel=finalize_resident_target threads=1 begin_tick=1975689307016291 end_tick=1975689307019375 ms_per_tick=9.9999999999999995e-07 device_ms=0.0030839999999999999
PRODUCER_KERNEL_V1 stage=0 raw_iteration=2 ordinal=27 kernel=identify_resident_target threads=1 begin_tick=1975689307019666 end_tick=1975689307022625 ms_per_tick=9.9999999999999995e-07 device_ms=0.0029589999999999998
PRODUCER_KERNEL_V1 stage=0 raw_iteration=2 ordinal=28 kernel=issue_resident_projection_consumer threads=1 begin_tick=1975689307022916 end_tick=1975689307027000 ms_per_tick=9.9999999999999995e-07 device_ms=0.004084
PRODUCER_KERNEL_V1 stage=0 raw_iteration=2 ordinal=29 kernel=consume_resident_target threads=1 begin_tick=1975689307027333 end_tick=1975689307031250 ms_per_tick=9.9999999999999995e-07 device_ms=0.0039169999999999995
PRODUCER_KERNEL_V1 stage=0 raw_iteration=2 ordinal=30 kernel=owner_compose_target threads=504666 begin_tick=1975689307031583 end_tick=1975689307110666 ms_per_tick=9.9999999999999995e-07 device_ms=0.079083000000000001
PRODUCER_KERNEL_V1 stage=0 raw_iteration=2 ordinal=31 kernel=finalize_resident_target threads=1 begin_tick=1975689307111000 end_tick=1975689307113458 ms_per_tick=9.9999999999999995e-07 device_ms=0.0024579999999999997
PRODUCER_KERNEL_V1 stage=0 raw_iteration=2 ordinal=32 kernel=owner_identify_target threads=1 begin_tick=1975689307113750 end_tick=1975689307117000 ms_per_tick=9.9999999999999995e-07 device_ms=0.0032499999999999999
PRODUCER_KERNEL_V1 stage=0 raw_iteration=2 ordinal=33 kernel=issue_resident_projection_consumer threads=1 begin_tick=1975689307118208 end_tick=1975689307121333 ms_per_tick=9.9999999999999995e-07 device_ms=0.0031249999999999997
PRODUCER_KERNEL_V1 stage=0 raw_iteration=2 ordinal=34 kernel=consume_resident_target threads=1 begin_tick=1975689307121666 end_tick=1975689307124875 ms_per_tick=9.9999999999999995e-07 device_ms=0.003209
PRODUCER_KERNEL_V1 stage=0 raw_iteration=2 ordinal=35 kernel=owner_issue_stage_seal threads=1 begin_tick=1975689307125208 end_tick=1975689307127916 ms_per_tick=9.9999999999999995e-07 device_ms=0.0027079999999999999
PRODUCER_KERNEL_V1 stage=0 raw_iteration=2 ordinal=36 kernel=fct_compatible_stage_rate threads=1533387 begin_tick=1975689307128500 end_tick=1975689307664458 ms_per_tick=9.9999999999999995e-07 device_ms=0.53595799999999993
PRODUCER_KERNEL_V1 stage=0 raw_iteration=2 ordinal=37 kernel=owner_predict_momentum threads=1533387 begin_tick=1975689307664958 end_tick=1975689307714125 ms_per_tick=9.9999999999999995e-07 device_ms=0.049166999999999995
RISE_FIRE_OWNER_PROFILE_V1 {"scope":26,"parent":21,"phase":"BuildStageProducerGroup","stage":0,"raw_iteration":2,"iteration_kind":"picard","wall_ms":775.454667000,"device_sum_ms":688.616249943,"wall_minus_device_ms":86.838417057,"exclusive_wall_ms":775.454667000,"exclusive_device_sum_ms":688.616249943,"child_observer_wall_ms":0.000000000,"count_scope":"inclusive","owner_commits":1,"projection_invocations":0}
RISE_FIRE_OWNER_PROFILE_V1 {"scope":27,"parent":21,"phase":"Residual","stage":0,"raw_iteration":2,"iteration_kind":"picard","wall_ms":0.460834000,"device_sum_ms":0.155666610,"wall_minus_device_ms":0.305167390,"exclusive_wall_ms":0.460834000,"exclusive_device_sum_ms":0.155666610,"child_observer_wall_ms":0.000000000,"count_scope":"inclusive","owner_commits":1,"projection_invocations":0}
RISE_FIRE_OWNER_PROFILE_V1 {"scope":30,"parent":29,"phase":"ProjectionAdapter","stage":0,"raw_iteration":2147483650,"iteration_kind":"terminal","wall_ms":14.028875000,"device_sum_ms":8.782291785,"wall_minus_device_ms":5.246583215,"exclusive_wall_ms":14.028875000,"exclusive_device_sum_ms":8.782291785,"child_observer_wall_ms":0.000000000,"count_scope":"inclusive","owner_commits":0,"projection_invocations":1}
RISE_FIRE_OWNER_PROFILE_V1 {"scope":29,"parent":28,"phase":"Project","stage":0,"raw_iteration":2147483650,"iteration_kind":"terminal","wall_ms":14.737167000,"device_sum_ms":8.821874857,"wall_minus_device_ms":5.915292143,"exclusive_wall_ms":0.704583000,"exclusive_device_sum_ms":0.039583072,"child_observer_wall_ms":0.003709000,"count_scope":"inclusive","owner_commits":2,"projection_invocations":1}
RISE_FIRE_OWNER_PROFILE_V1 {"scope":31,"parent":28,"phase":"ReadOpenClass","stage":0,"raw_iteration":2147483650,"iteration_kind":"terminal","wall_ms":0.198166000,"device_sum_ms":0.002375105,"wall_minus_device_ms":0.195790895,"exclusive_wall_ms":0.198166000,"exclusive_device_sum_ms":0.002375105,"child_observer_wall_ms":0.000000000,"count_scope":"inclusive","owner_commits":1,"projection_invocations":0}
RISE_FIRE_OWNER_PROFILE_V1 {"scope":32,"parent":28,"phase":"ReadOpenClass","stage":0,"raw_iteration":2147483650,"iteration_kind":"terminal","wall_ms":0.210042000,"device_sum_ms":0.002374873,"wall_minus_device_ms":0.207667127,"exclusive_wall_ms":0.210042000,"exclusive_device_sum_ms":0.002374873,"child_observer_wall_ms":0.000000000,"count_scope":"inclusive","owner_commits":1,"projection_invocations":0}
PRODUCER_COMMAND_V1 stage=0 raw_iteration=2147483650 cpu_begin=1975689323637083 cpu_end=1975690129199583 gpu_begin=1975689323637083 gpu_end=1975690129199583 device_ms=719.09983339719474 encoders=38 interval_scope=possibly_overlapping
PRODUCER_KERNEL_V1 stage=0 raw_iteration=2147483650 ordinal=0 kernel=owner_pack_faces threads=1533387 begin_tick=1975689410112666 end_tick=1975689410163333 ms_per_tick=9.9999999999999995e-07 device_ms=0.050666999999999997
PRODUCER_KERNEL_V1 stage=0 raw_iteration=2147483650 ordinal=1 kernel=owner_pack_faces threads=1533387 begin_tick=1975689410173958 end_tick=1975689410224416 ms_per_tick=9.9999999999999995e-07 device_ms=0.050457999999999996
PRODUCER_KERNEL_V1 stage=0 raw_iteration=2147483650 ordinal=2 kernel=owner_pack_faces threads=1533387 begin_tick=1975689410294250 end_tick=1975689410374208 ms_per_tick=9.9999999999999995e-07 device_ms=0.079958000000000001
PRODUCER_KERNEL_V1 stage=0 raw_iteration=2147483650 ordinal=3 kernel=fct_extract_gas_density threads=504666 begin_tick=1975689410321750 end_tick=1975689410368500 ms_per_tick=9.9999999999999995e-07 device_ms=0.04675
PRODUCER_KERNEL_V1 stage=0 raw_iteration=2147483650 ordinal=4 kernel=owner_gas_source threads=504666 begin_tick=1975689410376041 end_tick=1975689410419375 ms_per_tick=9.9999999999999995e-07 device_ms=0.043333999999999998
PRODUCER_KERNEL_V1 stage=0 raw_iteration=2147483650 ordinal=5 kernel=evaluate_resident_transport threads=504666 begin_tick=1975689410510791 end_tick=1975689410959708 ms_per_tick=9.9999999999999995e-07 device_ms=0.44891699999999995
PRODUCER_KERNEL_V1 stage=0 raw_iteration=2147483650 ordinal=6 kernel=identify_resident_transport threads=1 begin_tick=1975689410960291 end_tick=1975689410963083 ms_per_tick=9.9999999999999995e-07 device_ms=0.0027919999999999998
PRODUCER_KERNEL_V1 stage=0 raw_iteration=2147483650 ordinal=7 kernel=owner_bind_transport threads=1 begin_tick=1975689410963625 end_tick=1975689410967291 ms_per_tick=9.9999999999999995e-07 device_ms=0.003666
PRODUCER_KERNEL_V1 stage=0 raw_iteration=2147483650 ordinal=8 kernel=identify_resident_owner_endpoint_class threads=1 begin_tick=1975689410968458 end_tick=1975689410971916 ms_per_tick=9.9999999999999995e-07 device_ms=0.0034579999999999997
PRODUCER_KERNEL_V1 stage=0 raw_iteration=2147483650 ordinal=9 kernel=evaluate_resident_physical_flux threads=1533387 begin_tick=1975689411967833 end_tick=1975689413077666 ms_per_tick=9.9999999999999995e-07 device_ms=1.1098329999999998
PRODUCER_KERNEL_V1 stage=0 raw_iteration=2147483650 ordinal=10 kernel=evaluate_resident_advective_pair threads=13800483 begin_tick=1975689413382500 end_tick=1975689420655916 ms_per_tick=9.9999999999999995e-07 device_ms=7.2734160000000001
PRODUCER_KERNEL_V1 stage=0 raw_iteration=2147483650 ordinal=11 kernel=finalize_resident_advective_high threads=13800483 begin_tick=1975689420656541 end_tick=1975689421078791 ms_per_tick=9.9999999999999995e-07 device_ms=0.42224999999999996
PRODUCER_KERNEL_V1 stage=0 raw_iteration=2147483650 ordinal=12 kernel=compose_resident_flux_pair threads=13800483 begin_tick=1975689421079375 end_tick=1975689421954291 ms_per_tick=9.9999999999999995e-07 device_ms=0.87491599999999992
PRODUCER_KERNEL_V1 stage=0 raw_iteration=2147483650 ordinal=13 kernel=validate_resident_physical_flux threads=13800483 begin_tick=1975689421955041 end_tick=1975689422852833 ms_per_tick=9.9999999999999995e-07 device_ms=0.89779199999999992
PRODUCER_KERNEL_V1 stage=0 raw_iteration=2147483650 ordinal=14 kernel=identify_resident_physical_flux threads=32 begin_tick=1975689422853500 end_tick=1975689422856750 ms_per_tick=9.9999999999999995e-07 device_ms=0.0032499999999999999
PRODUCER_KERNEL_V1 stage=0 raw_iteration=2147483650 ordinal=15 kernel=fct_build_ratios threads=5551326 begin_tick=1975689422857333 end_tick=1975689426611916 ms_per_tick=9.9999999999999995e-07 device_ms=3.7545829999999998
PRODUCER_KERNEL_V1 stage=0 raw_iteration=2147483650 ordinal=16 kernel=fct_build_face_alpha threads=1533387 begin_tick=1975689426612583 end_tick=1975689426881708 ms_per_tick=9.9999999999999995e-07 device_ms=0.269125
PRODUCER_KERNEL_V1 stage=0 raw_iteration=2147483650 ordinal=17 kernel=fct_commit_scalar threads=504666 begin_tick=1975689426882291 end_tick=1975689427073375 ms_per_tick=9.9999999999999995e-07 device_ms=0.191084
PRODUCER_KERNEL_V1 stage=0 raw_iteration=2147483650 ordinal=18 kernel=owner_bind_candidate threads=1 begin_tick=1975689427074083 end_tick=1975689427079875 ms_per_tick=9.9999999999999995e-07 device_ms=0.0057919999999999994
PRODUCER_KERNEL_V1 stage=0 raw_iteration=2147483650 ordinal=19 kernel=finalize_resident_eos_candidate threads=1 begin_tick=1975689427080416 end_tick=1975689427082791 ms_per_tick=9.9999999999999995e-07 device_ms=0.0023749999999999999
PRODUCER_KERNEL_V1 stage=0 raw_iteration=2147483650 ordinal=20 kernel=evaluate_resident_eos_candidate threads=504666 begin_tick=1975689427083291 end_tick=1975690013934291 ms_per_tick=9.9999999999999995e-07 device_ms=586.851
PRODUCER_KERNEL_V1 stage=0 raw_iteration=2147483650 ordinal=21 kernel=finalize_resident_eos_candidate threads=1 begin_tick=1975690013972291 end_tick=1975690013975125 ms_per_tick=9.9999999999999995e-07 device_ms=0.0028339999999999997
PRODUCER_KERNEL_V1 stage=0 raw_iteration=2147483650 ordinal=22 kernel=identify_resident_eos threads=1 begin_tick=1975690013975541 end_tick=1975690013978250 ms_per_tick=9.9999999999999995e-07 device_ms=0.002709
PRODUCER_KERNEL_V1 stage=0 raw_iteration=2147483650 ordinal=23 kernel=produce_resident_frozen_source threads=504666 begin_tick=1975690013978708 end_tick=1975690014010041 ms_per_tick=9.9999999999999995e-07 device_ms=0.031333
PRODUCER_KERNEL_V1 stage=0 raw_iteration=2147483650 ordinal=24 kernel=identify_resident_frozen_source threads=1 begin_tick=1975690014010500 end_tick=1975690014013125 ms_per_tick=9.9999999999999995e-07 device_ms=0.0026249999999999997
PRODUCER_KERNEL_V1 stage=0 raw_iteration=2147483650 ordinal=25 kernel=evaluate_resident_target_terms threads=504666 begin_tick=1975690014013541 end_tick=1975690128348916 ms_per_tick=9.9999999999999995e-07 device_ms=114.335375
PRODUCER_KERNEL_V1 stage=0 raw_iteration=2147483650 ordinal=26 kernel=finalize_resident_target threads=1 begin_tick=1975690128366125 end_tick=1975690128369625 ms_per_tick=9.9999999999999995e-07 device_ms=0.0034999999999999996
PRODUCER_KERNEL_V1 stage=0 raw_iteration=2147483650 ordinal=27 kernel=identify_resident_target threads=1 begin_tick=1975690128369916 end_tick=1975690128372750 ms_per_tick=9.9999999999999995e-07 device_ms=0.0028339999999999997
PRODUCER_KERNEL_V1 stage=0 raw_iteration=2147483650 ordinal=28 kernel=issue_resident_projection_consumer threads=1 begin_tick=1975690128373166 end_tick=1975690128377333 ms_per_tick=9.9999999999999995e-07 device_ms=0.0041669999999999997
PRODUCER_KERNEL_V1 stage=0 raw_iteration=2147483650 ordinal=29 kernel=consume_resident_target threads=1 begin_tick=1975690128377625 end_tick=1975690128381875 ms_per_tick=9.9999999999999995e-07 device_ms=0.0042499999999999994
PRODUCER_KERNEL_V1 stage=0 raw_iteration=2147483650 ordinal=30 kernel=owner_compose_target threads=504666 begin_tick=1975690128382291 end_tick=1975690128461708 ms_per_tick=9.9999999999999995e-07 device_ms=0.079417000000000001
PRODUCER_KERNEL_V1 stage=0 raw_iteration=2147483650 ordinal=31 kernel=finalize_resident_target threads=1 begin_tick=1975690128462041 end_tick=1975690128464416 ms_per_tick=9.9999999999999995e-07 device_ms=0.0023749999999999999
PRODUCER_KERNEL_V1 stage=0 raw_iteration=2147483650 ordinal=32 kernel=owner_identify_target threads=1 begin_tick=1975690128464750 end_tick=1975690128467791 ms_per_tick=9.9999999999999995e-07 device_ms=0.0030409999999999999
PRODUCER_KERNEL_V1 stage=0 raw_iteration=2147483650 ordinal=33 kernel=issue_resident_projection_consumer threads=1 begin_tick=1975690128468208 end_tick=1975690128471083 ms_per_tick=9.9999999999999995e-07 device_ms=0.002875
PRODUCER_KERNEL_V1 stage=0 raw_iteration=2147483650 ordinal=34 kernel=consume_resident_target threads=1 begin_tick=1975690128471416 end_tick=1975690128474500 ms_per_tick=9.9999999999999995e-07 device_ms=0.0030839999999999999
PRODUCER_KERNEL_V1 stage=0 raw_iteration=2147483650 ordinal=35 kernel=owner_issue_stage_seal threads=1 begin_tick=1975690128474916 end_tick=1975690128478166 ms_per_tick=9.9999999999999995e-07 device_ms=0.0032499999999999999
PRODUCER_KERNEL_V1 stage=0 raw_iteration=2147483650 ordinal=36 kernel=fct_compatible_stage_rate threads=1533387 begin_tick=1975690128478833 end_tick=1975690128998791 ms_per_tick=9.9999999999999995e-07 device_ms=0.51995800000000003
PRODUCER_KERNEL_V1 stage=0 raw_iteration=2147483650 ordinal=37 kernel=owner_predict_momentum threads=1533387 begin_tick=1975690128999250 end_tick=1975690129048583 ms_per_tick=9.9999999999999995e-07 device_ms=0.049332999999999995
RISE_FIRE_OWNER_PROFILE_V1 {"scope":33,"parent":28,"phase":"BuildStageProducerGroup","stage":0,"raw_iteration":2147483650,"iteration_kind":"terminal","wall_ms":805.705500000,"device_sum_ms":719.099833397,"wall_minus_device_ms":86.605666603,"exclusive_wall_ms":805.705500000,"exclusive_device_sum_ms":719.099833397,"child_observer_wall_ms":0.000000000,"count_scope":"inclusive","owner_commits":1,"projection_invocations":0}
RISE_FIRE_OWNER_PROFILE_V1 {"scope":34,"parent":28,"phase":"AlphaResidual","stage":0,"raw_iteration":2147483650,"iteration_kind":"terminal","wall_ms":0.334875000,"device_sum_ms":0.053708442,"wall_minus_device_ms":0.281166558,"exclusive_wall_ms":0.334875000,"exclusive_device_sum_ms":0.053708442,"child_observer_wall_ms":0.000000000,"count_scope":"inclusive","owner_commits":1,"projection_invocations":0}
RISE_FIRE_OWNER_PROFILE_V1 {"scope":35,"parent":28,"phase":"Residual","stage":0,"raw_iteration":2147483650,"iteration_kind":"terminal","wall_ms":0.415917000,"device_sum_ms":0.117124990,"wall_minus_device_ms":0.298792010,"exclusive_wall_ms":0.415917000,"exclusive_device_sum_ms":0.117124990,"child_observer_wall_ms":0.000000000,"count_scope":"inclusive","owner_commits":1,"projection_invocations":0}
RISE_FIRE_OWNER_PROFILE_V1 {"scope":28,"parent":21,"phase":"TerminalVerification","stage":0,"raw_iteration":2147483650,"iteration_kind":"terminal","wall_ms":821.626416000,"device_sum_ms":728.097291663,"wall_minus_device_ms":93.529124337,"exclusive_wall_ms":0.004083000,"exclusive_device_sum_ms":0.000000000,"child_observer_wall_ms":0.020666000,"count_scope":"inclusive","owner_commits":7,"projection_invocations":1}
RISE_FIRE_OWNER_PROFILE_V1 {"scope":21,"parent":3,"phase":"PicardIteration","stage":0,"raw_iteration":2,"iteration_kind":"picard","wall_ms":1614.508875000,"device_sum_ms":1426.290791947,"wall_minus_device_ms":188.218083053,"exclusive_wall_ms":0.831125000,"exclusive_device_sum_ms":0.000000000,"child_observer_wall_ms":0.017374000,"count_scope":"inclusive","owner_commits":13,"projection_invocations":2}
RISE_FIRE_OWNER_PROFILE_V1 {"scope":3,"parent":1,"phase":"SolveStage","stage":0,"raw_iteration":4294967295,"iteration_kind":"bootstrap","wall_ms":4012.509291000,"device_sum_ms":3541.824625107,"wall_minus_device_ms":470.684665893,"exclusive_wall_ms":2.091416000,"exclusive_device_sum_ms":0.000000000,"child_observer_wall_ms":0.017792000,"count_scope":"inclusive","owner_commits":28,"projection_invocations":5}
RISE_FIRE_OWNER_PROFILE_V1 {"scope":38,"parent":37,"phase":"ProjectionAdapter","stage":1,"raw_iteration":4294967295,"iteration_kind":"bootstrap","wall_ms":14.489125000,"device_sum_ms":9.221375221,"wall_minus_device_ms":5.267749779,"exclusive_wall_ms":14.489125000,"exclusive_device_sum_ms":9.221375221,"child_observer_wall_ms":0.000000000,"count_scope":"inclusive","owner_commits":0,"projection_invocations":1}
RISE_FIRE_OWNER_PROFILE_V1 {"scope":37,"parent":36,"phase":"Project","stage":1,"raw_iteration":4294967295,"iteration_kind":"bootstrap","wall_ms":15.834292000,"device_sum_ms":9.263833752,"wall_minus_device_ms":6.570458248,"exclusive_wall_ms":1.342000000,"exclusive_device_sum_ms":0.042458531,"child_observer_wall_ms":0.003167000,"count_scope":"inclusive","owner_commits":2,"projection_invocations":1}
PRODUCER_COMMAND_V1 stage=1 raw_iteration=4294967295 cpu_begin=1975690148870416 cpu_end=1975690934413000 gpu_begin=1975690148870416 gpu_end=1975690934413000 device_ms=699.9788333196193 encoders=41 interval_scope=possibly_overlapping
PRODUCER_KERNEL_V1 stage=1 raw_iteration=4294967295 ordinal=0 kernel=owner_pack_faces threads=1533387 begin_tick=1975690234298208 end_tick=1975690234351458 ms_per_tick=9.9999999999999995e-07 device_ms=0.053249999999999999
PRODUCER_KERNEL_V1 stage=1 raw_iteration=4294967295 ordinal=1 kernel=owner_pack_faces threads=1533387 begin_tick=1975690234347666 end_tick=1975690234694541 ms_per_tick=9.9999999999999995e-07 device_ms=0.34687499999999999
PRODUCER_KERNEL_V1 stage=1 raw_iteration=4294967295 ordinal=2 kernel=owner_pack_faces threads=1533387 begin_tick=1975690234292458 end_tick=1975690234347666 ms_per_tick=9.9999999999999995e-07 device_ms=0.055208
PRODUCER_KERNEL_V1 stage=1 raw_iteration=4294967295 ordinal=3 kernel=fct_extract_gas_density threads=504666 begin_tick=1975690234352000 end_tick=1975690234406875 ms_per_tick=9.9999999999999995e-07 device_ms=0.054875
PRODUCER_KERNEL_V1 stage=1 raw_iteration=4294967295 ordinal=4 kernel=owner_gas_source threads=504666 begin_tick=1975690234694958 end_tick=1975690234856875 ms_per_tick=9.9999999999999995e-07 device_ms=0.16191700000000001
PRODUCER_KERNEL_V1 stage=1 raw_iteration=4294967295 ordinal=5 kernel=evaluate_resident_transport threads=504666 begin_tick=1975690234406875 end_tick=1975690234867333 ms_per_tick=9.9999999999999995e-07 device_ms=0.46045799999999998
PRODUCER_KERNEL_V1 stage=1 raw_iteration=4294967295 ordinal=6 kernel=identify_resident_transport threads=1 begin_tick=1975690234867791 end_tick=1975690234870708 ms_per_tick=9.9999999999999995e-07 device_ms=0.0029169999999999999
PRODUCER_KERNEL_V1 stage=1 raw_iteration=4294967295 ordinal=7 kernel=owner_bind_transport threads=1 begin_tick=1975690234871166 end_tick=1975690234874708 ms_per_tick=9.9999999999999995e-07 device_ms=0.003542
PRODUCER_KERNEL_V1 stage=1 raw_iteration=4294967295 ordinal=8 kernel=identify_resident_owner_endpoint_class threads=1 begin_tick=1975690234875041 end_tick=1975690234878375 ms_per_tick=9.9999999999999995e-07 device_ms=0.0033339999999999997
PRODUCER_KERNEL_V1 stage=1 raw_iteration=4294967295 ordinal=9 kernel=evaluate_resident_physical_flux threads=1533387 begin_tick=1975690235758833 end_tick=1975690236875291 ms_per_tick=9.9999999999999995e-07 device_ms=1.116458
PRODUCER_KERNEL_V1 stage=1 raw_iteration=4294967295 ordinal=10 kernel=evaluate_resident_advective_pair threads=13800483 begin_tick=1975690237203375 end_tick=1975690244323666 ms_per_tick=9.9999999999999995e-07 device_ms=7.1202909999999999
PRODUCER_KERNEL_V1 stage=1 raw_iteration=4294967295 ordinal=11 kernel=finalize_resident_advective_high threads=13800483 begin_tick=1975690244324541 end_tick=1975690244897708 ms_per_tick=9.9999999999999995e-07 device_ms=0.57316699999999998
PRODUCER_KERNEL_V1 stage=1 raw_iteration=4294967295 ordinal=12 kernel=compose_resident_flux_pair threads=13800483 begin_tick=1975690244898291 end_tick=1975690245778625 ms_per_tick=9.9999999999999995e-07 device_ms=0.88033399999999995
PRODUCER_KERNEL_V1 stage=1 raw_iteration=4294967295 ordinal=13 kernel=validate_resident_physical_flux threads=13800483 begin_tick=1975690245779166 end_tick=1975690246643083 ms_per_tick=9.9999999999999995e-07 device_ms=0.86391699999999993
PRODUCER_KERNEL_V1 stage=1 raw_iteration=4294967295 ordinal=14 kernel=identify_resident_physical_flux threads=32 begin_tick=1975690246643791 end_tick=1975690246649708 ms_per_tick=9.9999999999999995e-07 device_ms=0.0059169999999999995
PRODUCER_KERNEL_V1 stage=1 raw_iteration=4294967295 ordinal=15 kernel=owner_average_flux threads=13800483 begin_tick=1975690246650166 end_tick=1975690247689041 ms_per_tick=9.9999999999999995e-07 device_ms=1.038875
PRODUCER_KERNEL_V1 stage=1 raw_iteration=4294967295 ordinal=16 kernel=owner_bind_averaged_flux threads=1 begin_tick=1975690247689583 end_tick=1975690247693250 ms_per_tick=9.9999999999999995e-07 device_ms=0.0036669999999999997
PRODUCER_KERNEL_V1 stage=1 raw_iteration=4294967295 ordinal=17 kernel=fct_build_ratios threads=5551326 begin_tick=1975690247693750 end_tick=1975690251368250 ms_per_tick=9.9999999999999995e-07 device_ms=3.6744999999999997
PRODUCER_KERNEL_V1 stage=1 raw_iteration=4294967295 ordinal=18 kernel=fct_build_face_alpha threads=1533387 begin_tick=1975690251368875 end_tick=1975690251640583 ms_per_tick=9.9999999999999995e-07 device_ms=0.27170800000000001
PRODUCER_KERNEL_V1 stage=1 raw_iteration=4294967295 ordinal=19 kernel=fct_commit_scalar threads=504666 begin_tick=1975690251641250 end_tick=1975690251843583 ms_per_tick=9.9999999999999995e-07 device_ms=0.20233299999999999
PRODUCER_KERNEL_V1 stage=1 raw_iteration=4294967295 ordinal=20 kernel=owner_bind_candidate threads=1 begin_tick=1975690251844000 end_tick=1975690251850333 ms_per_tick=9.9999999999999995e-07 device_ms=0.0063330000000000001
PRODUCER_KERNEL_V1 stage=1 raw_iteration=4294967295 ordinal=21 kernel=finalize_resident_eos_candidate threads=1 begin_tick=1975690251850958 end_tick=1975690251853500 ms_per_tick=9.9999999999999995e-07 device_ms=0.002542
PRODUCER_KERNEL_V1 stage=1 raw_iteration=4294967295 ordinal=22 kernel=evaluate_resident_eos_candidate threads=504666 begin_tick=1975690251854000 end_tick=1975690818527291 ms_per_tick=9.9999999999999995e-07 device_ms=566.67329099999995
PRODUCER_KERNEL_V1 stage=1 raw_iteration=4294967295 ordinal=23 kernel=finalize_resident_eos_candidate threads=1 begin_tick=1975690818545375 end_tick=1975690818548125 ms_per_tick=9.9999999999999995e-07 device_ms=0.0027499999999999998
PRODUCER_KERNEL_V1 stage=1 raw_iteration=4294967295 ordinal=24 kernel=identify_resident_eos threads=1 begin_tick=1975690818548458 end_tick=1975690818551166 ms_per_tick=9.9999999999999995e-07 device_ms=0.0027079999999999999
PRODUCER_KERNEL_V1 stage=1 raw_iteration=4294967295 ordinal=25 kernel=produce_resident_frozen_source threads=504666 begin_tick=1975690818551500 end_tick=1975690818583416 ms_per_tick=9.9999999999999995e-07 device_ms=0.031916
PRODUCER_KERNEL_V1 stage=1 raw_iteration=4294967295 ordinal=26 kernel=identify_resident_frozen_source threads=1 begin_tick=1975690818583833 end_tick=1975690818586583 ms_per_tick=9.9999999999999995e-07 device_ms=0.0027499999999999998
PRODUCER_KERNEL_V1 stage=1 raw_iteration=4294967295 ordinal=27 kernel=evaluate_resident_target_terms threads=504666 begin_tick=1975690818587000 end_tick=1975690933066458 ms_per_tick=9.9999999999999995e-07 device_ms=114.47945799999999
PRODUCER_KERNEL_V1 stage=1 raw_iteration=4294967295 ordinal=28 kernel=finalize_resident_target threads=1 begin_tick=1975690933084291 end_tick=1975690933087291 ms_per_tick=9.9999999999999995e-07 device_ms=0.0030000000000000001
PRODUCER_KERNEL_V1 stage=1 raw_iteration=4294967295 ordinal=29 kernel=identify_resident_target threads=1 begin_tick=1975690933087625 end_tick=1975690933090625 ms_per_tick=9.9999999999999995e-07 device_ms=0.0030000000000000001
PRODUCER_KERNEL_V1 stage=1 raw_iteration=4294967295 ordinal=30 kernel=issue_resident_projection_consumer threads=1 begin_tick=1975690933091041 end_tick=1975690933095000 ms_per_tick=9.9999999999999995e-07 device_ms=0.0039589999999999998
PRODUCER_KERNEL_V1 stage=1 raw_iteration=4294967295 ordinal=31 kernel=consume_resident_target threads=1 begin_tick=1975690933095416 end_tick=1975690933099416 ms_per_tick=9.9999999999999995e-07 device_ms=0.0040000000000000001
PRODUCER_KERNEL_V1 stage=1 raw_iteration=4294967295 ordinal=32 kernel=owner_compose_target threads=504666 begin_tick=1975690933099833 end_tick=1975690933130750 ms_per_tick=9.9999999999999995e-07 device_ms=0.030917
PRODUCER_KERNEL_V1 stage=1 raw_iteration=4294967295 ordinal=33 kernel=finalize_resident_target threads=1 begin_tick=1975690933131166 end_tick=1975690933133500 ms_per_tick=9.9999999999999995e-07 device_ms=0.0023339999999999997
PRODUCER_KERNEL_V1 stage=1 raw_iteration=4294967295 ordinal=34 kernel=owner_identify_target threads=1 begin_tick=1975690933133916 end_tick=1975690933137083 ms_per_tick=9.9999999999999995e-07 device_ms=0.0031669999999999997
PRODUCER_KERNEL_V1 stage=1 raw_iteration=4294967295 ordinal=35 kernel=issue_resident_projection_consumer threads=1 begin_tick=1975690933137541 end_tick=1975690933140416 ms_per_tick=9.9999999999999995e-07 device_ms=0.002875
PRODUCER_KERNEL_V1 stage=1 raw_iteration=4294967295 ordinal=36 kernel=consume_resident_target threads=1 begin_tick=1975690933140833 end_tick=1975690933144041 ms_per_tick=9.9999999999999995e-07 device_ms=0.0032079999999999999
PRODUCER_KERNEL_V1 stage=1 raw_iteration=4294967295 ordinal=37 kernel=owner_issue_stage_seal threads=1 begin_tick=1975690933144375 end_tick=1975690933147291 ms_per_tick=9.9999999999999995e-07 device_ms=0.0029159999999999998
PRODUCER_KERNEL_V1 stage=1 raw_iteration=4294967295 ordinal=38 kernel=fct_compatible_stage_rate threads=1533387 begin_tick=1975690933147916 end_tick=1975690933670250 ms_per_tick=9.9999999999999995e-07 device_ms=0.52233399999999996
PRODUCER_KERNEL_V1 stage=1 raw_iteration=4294967295 ordinal=39 kernel=fct_compatible_stage_rate threads=1533387 begin_tick=1975690933670666 end_tick=1975690934170041 ms_per_tick=9.9999999999999995e-07 device_ms=0.49937499999999996
PRODUCER_KERNEL_V1 stage=1 raw_iteration=4294967295 ordinal=40 kernel=owner_heun_momentum threads=1533387 begin_tick=1975690934170583 end_tick=1975690934265625 ms_per_tick=9.9999999999999995e-07 device_ms=0.095042000000000001
RISE_FIRE_OWNER_PROFILE_V1 {"scope":39,"parent":36,"phase":"BuildStageProducerGroup","stage":1,"raw_iteration":4294967295,"iteration_kind":"bootstrap","wall_ms":785.684667000,"device_sum_ms":699.978833320,"wall_minus_device_ms":85.705833680,"exclusive_wall_ms":785.684667000,"exclusive_device_sum_ms":699.978833320,"child_observer_wall_ms":0.000000000,"count_scope":"inclusive","owner_commits":1,"projection_invocations":0}
RISE_FIRE_OWNER_PROFILE_V1 {"scope":42,"parent":41,"phase":"ProjectionAdapter","stage":1,"raw_iteration":0,"iteration_kind":"picard","wall_ms":14.449541000,"device_sum_ms":9.070041589,"wall_minus_device_ms":5.379499411,"exclusive_wall_ms":14.449541000,"exclusive_device_sum_ms":9.070041589,"child_observer_wall_ms":0.000000000,"count_scope":"inclusive","owner_commits":0,"projection_invocations":1}
RISE_FIRE_OWNER_PROFILE_V1 {"scope":41,"parent":40,"phase":"Project","stage":1,"raw_iteration":0,"iteration_kind":"picard","wall_ms":15.202792000,"device_sum_ms":9.114666609,"wall_minus_device_ms":6.088125391,"exclusive_wall_ms":0.749209000,"exclusive_device_sum_ms":0.044625020,"child_observer_wall_ms":0.004042000,"count_scope":"inclusive","owner_commits":2,"projection_invocations":1}
RISE_FIRE_OWNER_PROFILE_V1 {"scope":43,"parent":40,"phase":"ReadOpenClass","stage":1,"raw_iteration":0,"iteration_kind":"picard","wall_ms":0.220000000,"device_sum_ms":0.002375105,"wall_minus_device_ms":0.217624895,"exclusive_wall_ms":0.220000000,"exclusive_device_sum_ms":0.002375105,"child_observer_wall_ms":0.000000000,"count_scope":"inclusive","owner_commits":1,"projection_invocations":0}
RISE_FIRE_OWNER_PROFILE_V1 {"scope":44,"parent":40,"phase":"ReadOpenClass","stage":1,"raw_iteration":0,"iteration_kind":"picard","wall_ms":0.199541000,"device_sum_ms":0.002333196,"wall_minus_device_ms":0.197207804,"exclusive_wall_ms":0.199541000,"exclusive_device_sum_ms":0.002333196,"child_observer_wall_ms":0.000000000,"count_scope":"inclusive","owner_commits":1,"projection_invocations":0}
PRODUCER_COMMAND_V1 stage=1 raw_iteration=0 cpu_begin=1975690950189250 cpu_end=1975691757317375 gpu_begin=1975690950189250 gpu_end=1975691757317375 device_ms=722.90337504819036 encoders=41 interval_scope=possibly_overlapping
PRODUCER_KERNEL_V1 stage=1 raw_iteration=0 ordinal=0 kernel=owner_pack_faces threads=1533387 begin_tick=1975691034428166 end_tick=1975691034478750 ms_per_tick=9.9999999999999995e-07 device_ms=0.050583999999999997
PRODUCER_KERNEL_V1 stage=1 raw_iteration=0 ordinal=1 kernel=owner_pack_faces threads=1533387 begin_tick=1975691034498708 end_tick=1975691034549875 ms_per_tick=9.9999999999999995e-07 device_ms=0.051166999999999997
PRODUCER_KERNEL_V1 stage=1 raw_iteration=0 ordinal=2 kernel=owner_pack_faces threads=1533387 begin_tick=1975691034659708 end_tick=1975691034749250 ms_per_tick=9.9999999999999995e-07 device_ms=0.089541999999999997
PRODUCER_KERNEL_V1 stage=1 raw_iteration=0 ordinal=3 kernel=fct_extract_gas_density threads=504666 begin_tick=1975691034648583 end_tick=1975691034695000 ms_per_tick=9.9999999999999995e-07 device_ms=0.046417
PRODUCER_KERNEL_V1 stage=1 raw_iteration=0 ordinal=4 kernel=owner_gas_source threads=504666 begin_tick=1975691034697583 end_tick=1975691034744541 ms_per_tick=9.9999999999999995e-07 device_ms=0.046958
PRODUCER_KERNEL_V1 stage=1 raw_iteration=0 ordinal=5 kernel=evaluate_resident_transport threads=504666 begin_tick=1975691034797958 end_tick=1975691035253000 ms_per_tick=9.9999999999999995e-07 device_ms=0.455042
PRODUCER_KERNEL_V1 stage=1 raw_iteration=0 ordinal=6 kernel=identify_resident_transport threads=1 begin_tick=1975691035253583 end_tick=1975691035256416 ms_per_tick=9.9999999999999995e-07 device_ms=0.002833
PRODUCER_KERNEL_V1 stage=1 raw_iteration=0 ordinal=7 kernel=owner_bind_transport threads=1 begin_tick=1975691035256958 end_tick=1975691035261000 ms_per_tick=9.9999999999999995e-07 device_ms=0.0040419999999999996
PRODUCER_KERNEL_V1 stage=1 raw_iteration=0 ordinal=8 kernel=identify_resident_owner_endpoint_class threads=1 begin_tick=1975691035261333 end_tick=1975691035264625 ms_per_tick=9.9999999999999995e-07 device_ms=0.0032919999999999998
PRODUCER_KERNEL_V1 stage=1 raw_iteration=0 ordinal=9 kernel=evaluate_resident_physical_flux threads=1533387 begin_tick=1975691036285416 end_tick=1975691037396833 ms_per_tick=9.9999999999999995e-07 device_ms=1.1114169999999999
PRODUCER_KERNEL_V1 stage=1 raw_iteration=0 ordinal=10 kernel=evaluate_resident_advective_pair threads=13800483 begin_tick=1975691037722833 end_tick=1975691045169250 ms_per_tick=9.9999999999999995e-07 device_ms=7.4464169999999994
PRODUCER_KERNEL_V1 stage=1 raw_iteration=0 ordinal=11 kernel=finalize_resident_advective_high threads=13800483 begin_tick=1975691045170833 end_tick=1975691045599958 ms_per_tick=9.9999999999999995e-07 device_ms=0.42912499999999998
PRODUCER_KERNEL_V1 stage=1 raw_iteration=0 ordinal=12 kernel=compose_resident_flux_pair threads=13800483 begin_tick=1975691045600375 end_tick=1975691046483166 ms_per_tick=9.9999999999999995e-07 device_ms=0.88279099999999999
PRODUCER_KERNEL_V1 stage=1 raw_iteration=0 ordinal=13 kernel=validate_resident_physical_flux threads=13800483 begin_tick=1975691046483875 end_tick=1975691047340458 ms_per_tick=9.9999999999999995e-07 device_ms=0.85658299999999998
PRODUCER_KERNEL_V1 stage=1 raw_iteration=0 ordinal=14 kernel=identify_resident_physical_flux threads=32 begin_tick=1975691047341041 end_tick=1975691047344458 ms_per_tick=9.9999999999999995e-07 device_ms=0.0034169999999999999
PRODUCER_KERNEL_V1 stage=1 raw_iteration=0 ordinal=15 kernel=owner_average_flux threads=13800483 begin_tick=1975691047344958 end_tick=1975691048144125 ms_per_tick=9.9999999999999995e-07 device_ms=0.79916699999999996
PRODUCER_KERNEL_V1 stage=1 raw_iteration=0 ordinal=16 kernel=owner_bind_averaged_flux threads=1 begin_tick=1975691048144666 end_tick=1975691048148291 ms_per_tick=9.9999999999999995e-07 device_ms=0.0036249999999999998
PRODUCER_KERNEL_V1 stage=1 raw_iteration=0 ordinal=17 kernel=fct_build_ratios threads=5551326 begin_tick=1975691048148750 end_tick=1975691051850333 ms_per_tick=9.9999999999999995e-07 device_ms=3.7015829999999998
PRODUCER_KERNEL_V1 stage=1 raw_iteration=0 ordinal=18 kernel=fct_build_face_alpha threads=1533387 begin_tick=1975691051851000 end_tick=1975691052121916 ms_per_tick=9.9999999999999995e-07 device_ms=0.27091599999999999
PRODUCER_KERNEL_V1 stage=1 raw_iteration=0 ordinal=19 kernel=fct_commit_scalar threads=504666 begin_tick=1975691052122541 end_tick=1975691052324416 ms_per_tick=9.9999999999999995e-07 device_ms=0.201875
PRODUCER_KERNEL_V1 stage=1 raw_iteration=0 ordinal=20 kernel=owner_bind_candidate threads=1 begin_tick=1975691052325166 end_tick=1975691052331250 ms_per_tick=9.9999999999999995e-07 device_ms=0.006084
PRODUCER_KERNEL_V1 stage=1 raw_iteration=0 ordinal=21 kernel=finalize_resident_eos_candidate threads=1 begin_tick=1975691052331750 end_tick=1975691052334458 ms_per_tick=9.9999999999999995e-07 device_ms=0.0027079999999999999
PRODUCER_KERNEL_V1 stage=1 raw_iteration=0 ordinal=22 kernel=evaluate_resident_eos_candidate threads=504666 begin_tick=1975691052334916 end_tick=1975691641161875 ms_per_tick=9.9999999999999995e-07 device_ms=588.82695899999999
PRODUCER_KERNEL_V1 stage=1 raw_iteration=0 ordinal=23 kernel=finalize_resident_eos_candidate threads=1 begin_tick=1975691641179500 end_tick=1975691641181958 ms_per_tick=9.9999999999999995e-07 device_ms=0.0024579999999999997
PRODUCER_KERNEL_V1 stage=1 raw_iteration=0 ordinal=24 kernel=identify_resident_eos threads=1 begin_tick=1975691641182291 end_tick=1975691641185041 ms_per_tick=9.9999999999999995e-07 device_ms=0.0027499999999999998
PRODUCER_KERNEL_V1 stage=1 raw_iteration=0 ordinal=25 kernel=produce_resident_frozen_source threads=504666 begin_tick=1975691641185333 end_tick=1975691641217250 ms_per_tick=9.9999999999999995e-07 device_ms=0.031917000000000001
PRODUCER_KERNEL_V1 stage=1 raw_iteration=0 ordinal=26 kernel=identify_resident_frozen_source threads=1 begin_tick=1975691641217541 end_tick=1975691641220375 ms_per_tick=9.9999999999999995e-07 device_ms=0.0028339999999999997
PRODUCER_KERNEL_V1 stage=1 raw_iteration=0 ordinal=27 kernel=evaluate_resident_target_terms threads=504666 begin_tick=1975691641220750 end_tick=1975691755893666 ms_per_tick=9.9999999999999995e-07 device_ms=114.672916
PRODUCER_KERNEL_V1 stage=1 raw_iteration=0 ordinal=28 kernel=finalize_resident_target threads=1 begin_tick=1975691755911500 end_tick=1975691755914875 ms_per_tick=9.9999999999999995e-07 device_ms=0.003375
PRODUCER_KERNEL_V1 stage=1 raw_iteration=0 ordinal=29 kernel=identify_resident_target threads=1 begin_tick=1975691755915166 end_tick=1975691755918208 ms_per_tick=9.9999999999999995e-07 device_ms=0.003042
PRODUCER_KERNEL_V1 stage=1 raw_iteration=0 ordinal=30 kernel=issue_resident_projection_consumer threads=1 begin_tick=1975691755918583 end_tick=1975691755922375 ms_per_tick=9.9999999999999995e-07 device_ms=0.0037919999999999998
PRODUCER_KERNEL_V1 stage=1 raw_iteration=0 ordinal=31 kernel=consume_resident_target threads=1 begin_tick=1975691755922708 end_tick=1975691755927041 ms_per_tick=9.9999999999999995e-07 device_ms=0.004333
PRODUCER_KERNEL_V1 stage=1 raw_iteration=0 ordinal=32 kernel=owner_compose_target threads=504666 begin_tick=1975691755927375 end_tick=1975691756006583 ms_per_tick=9.9999999999999995e-07 device_ms=0.079208000000000001
PRODUCER_KERNEL_V1 stage=1 raw_iteration=0 ordinal=33 kernel=finalize_resident_target threads=1 begin_tick=1975691756006916 end_tick=1975691756009458 ms_per_tick=9.9999999999999995e-07 device_ms=0.002542
PRODUCER_KERNEL_V1 stage=1 raw_iteration=0 ordinal=34 kernel=owner_identify_target threads=1 begin_tick=1975691756009791 end_tick=1975691756013083 ms_per_tick=9.9999999999999995e-07 device_ms=0.0032919999999999998
PRODUCER_KERNEL_V1 stage=1 raw_iteration=0 ordinal=35 kernel=issue_resident_projection_consumer threads=1 begin_tick=1975691756013416 end_tick=1975691756016125 ms_per_tick=9.9999999999999995e-07 device_ms=0.002709
PRODUCER_KERNEL_V1 stage=1 raw_iteration=0 ordinal=36 kernel=consume_resident_target threads=1 begin_tick=1975691756016416 end_tick=1975691756019750 ms_per_tick=9.9999999999999995e-07 device_ms=0.0033339999999999997
PRODUCER_KERNEL_V1 stage=1 raw_iteration=0 ordinal=37 kernel=owner_issue_stage_seal threads=1 begin_tick=1975691756020083 end_tick=1975691756022791 ms_per_tick=9.9999999999999995e-07 device_ms=0.0027079999999999999
PRODUCER_KERNEL_V1 stage=1 raw_iteration=0 ordinal=38 kernel=fct_compatible_stage_rate threads=1533387 begin_tick=1975691756023416 end_tick=1975691756585833 ms_per_tick=9.9999999999999995e-07 device_ms=0.56241699999999994
PRODUCER_KERNEL_V1 stage=1 raw_iteration=0 ordinal=39 kernel=fct_compatible_stage_rate threads=1533387 begin_tick=1975691756586375 end_tick=1975691757104708 ms_per_tick=9.9999999999999995e-07 device_ms=0.51833299999999993
PRODUCER_KERNEL_V1 stage=1 raw_iteration=0 ordinal=40 kernel=owner_heun_momentum threads=1533387 begin_tick=1975691757105166 end_tick=1975691757197583 ms_per_tick=9.9999999999999995e-07 device_ms=0.092416999999999999
RISE_FIRE_OWNER_PROFILE_V1 {"scope":45,"parent":40,"phase":"BuildStageProducerGroup","stage":1,"raw_iteration":0,"iteration_kind":"picard","wall_ms":807.257208000,"device_sum_ms":722.903375048,"wall_minus_device_ms":84.353832952,"exclusive_wall_ms":807.257208000,"exclusive_device_sum_ms":722.903375048,"child_observer_wall_ms":0.000000000,"count_scope":"inclusive","owner_commits":1,"projection_invocations":0}
RISE_FIRE_OWNER_PROFILE_V1 {"scope":46,"parent":40,"phase":"Residual","stage":1,"raw_iteration":0,"iteration_kind":"picard","wall_ms":0.402833000,"device_sum_ms":0.021583168,"wall_minus_device_ms":0.381249832,"exclusive_wall_ms":0.402833000,"exclusive_device_sum_ms":0.021583168,"child_observer_wall_ms":0.000000000,"count_scope":"inclusive","owner_commits":1,"projection_invocations":0}
RISE_FIRE_OWNER_PROFILE_V1 {"scope":40,"parent":36,"phase":"PicardIteration","stage":1,"raw_iteration":0,"iteration_kind":"picard","wall_ms":824.482958000,"device_sum_ms":732.044333126,"wall_minus_device_ms":92.438624874,"exclusive_wall_ms":1.181625000,"exclusive_device_sum_ms":0.000000000,"child_observer_wall_ms":0.018959000,"count_scope":"inclusive","owner_commits":6,"projection_invocations":1}
RISE_FIRE_OWNER_PROFILE_V1 {"scope":49,"parent":48,"phase":"ProjectionAdapter","stage":1,"raw_iteration":1,"iteration_kind":"picard","wall_ms":17.190708000,"device_sum_ms":8.981625084,"wall_minus_device_ms":8.209082916,"exclusive_wall_ms":17.190708000,"exclusive_device_sum_ms":8.981625084,"child_observer_wall_ms":0.000000000,"count_scope":"inclusive","owner_commits":0,"projection_invocations":1}
RISE_FIRE_OWNER_PROFILE_V1 {"scope":48,"parent":47,"phase":"Project","stage":1,"raw_iteration":1,"iteration_kind":"picard","wall_ms":19.535208000,"device_sum_ms":9.030291811,"wall_minus_device_ms":10.504916189,"exclusive_wall_ms":2.335458000,"exclusive_device_sum_ms":0.048666727,"child_observer_wall_ms":0.009042000,"count_scope":"inclusive","owner_commits":2,"projection_invocations":1}
RISE_FIRE_OWNER_PROFILE_V1 {"scope":50,"parent":47,"phase":"ReadOpenClass","stage":1,"raw_iteration":1,"iteration_kind":"picard","wall_ms":0.233791000,"device_sum_ms":0.002291752,"wall_minus_device_ms":0.231499248,"exclusive_wall_ms":0.233791000,"exclusive_device_sum_ms":0.002291752,"child_observer_wall_ms":0.000000000,"count_scope":"inclusive","owner_commits":1,"projection_invocations":0}
RISE_FIRE_OWNER_PROFILE_V1 {"scope":51,"parent":47,"phase":"ReadOpenClass","stage":1,"raw_iteration":1,"iteration_kind":"picard","wall_ms":0.226333000,"device_sum_ms":0.002708519,"wall_minus_device_ms":0.223624481,"exclusive_wall_ms":0.226333000,"exclusive_device_sum_ms":0.002708519,"child_observer_wall_ms":0.000000000,"count_scope":"inclusive","owner_commits":1,"projection_invocations":0}
PRODUCER_COMMAND_V1 stage=1 raw_iteration=1 cpu_begin=1975691779070083 cpu_end=1975692567100916 gpu_begin=1975691779070083 gpu_end=1975692567100916 device_ms=690.93799986876547 encoders=41 interval_scope=possibly_overlapping
PRODUCER_KERNEL_V1 stage=1 raw_iteration=1 ordinal=0 kernel=owner_pack_faces threads=1533387 begin_tick=1975691876167833 end_tick=1975691876219500 ms_per_tick=9.9999999999999995e-07 device_ms=0.051666999999999998
PRODUCER_KERNEL_V1 stage=1 raw_iteration=1 ordinal=1 kernel=owner_pack_faces threads=1533387 begin_tick=1975691876220916 end_tick=1975691876271625 ms_per_tick=9.9999999999999995e-07 device_ms=0.050708999999999997
PRODUCER_KERNEL_V1 stage=1 raw_iteration=1 ordinal=2 kernel=owner_pack_faces threads=1533387 begin_tick=1975691876339125 end_tick=1975691876430916 ms_per_tick=9.9999999999999995e-07 device_ms=0.091790999999999998
PRODUCER_KERNEL_V1 stage=1 raw_iteration=1 ordinal=3 kernel=fct_extract_gas_density threads=504666 begin_tick=1975691876353625 end_tick=1975691876402958 ms_per_tick=9.9999999999999995e-07 device_ms=0.049332999999999995
PRODUCER_KERNEL_V1 stage=1 raw_iteration=1 ordinal=4 kernel=owner_gas_source threads=504666 begin_tick=1975691876402958 end_tick=1975691876450916 ms_per_tick=9.9999999999999995e-07 device_ms=0.047958000000000001
PRODUCER_KERNEL_V1 stage=1 raw_iteration=1 ordinal=5 kernel=evaluate_resident_transport threads=504666 begin_tick=1975691876546875 end_tick=1975691877000125 ms_per_tick=9.9999999999999995e-07 device_ms=0.45324999999999999
PRODUCER_KERNEL_V1 stage=1 raw_iteration=1 ordinal=6 kernel=identify_resident_transport threads=1 begin_tick=1975691877000500 end_tick=1975691877003125 ms_per_tick=9.9999999999999995e-07 device_ms=0.0026249999999999997
PRODUCER_KERNEL_V1 stage=1 raw_iteration=1 ordinal=7 kernel=owner_bind_transport threads=1 begin_tick=1975691877003625 end_tick=1975691877006916 ms_per_tick=9.9999999999999995e-07 device_ms=0.0032909999999999997
PRODUCER_KERNEL_V1 stage=1 raw_iteration=1 ordinal=8 kernel=identify_resident_owner_endpoint_class threads=1 begin_tick=1975691877007375 end_tick=1975691877010750 ms_per_tick=9.9999999999999995e-07 device_ms=0.003375
PRODUCER_KERNEL_V1 stage=1 raw_iteration=1 ordinal=9 kernel=evaluate_resident_physical_flux threads=1533387 begin_tick=1975691878041791 end_tick=1975691879153291 ms_per_tick=9.9999999999999995e-07 device_ms=1.1114999999999999
PRODUCER_KERNEL_V1 stage=1 raw_iteration=1 ordinal=10 kernel=evaluate_resident_advective_pair threads=13800483 begin_tick=1975691879496916 end_tick=1975691886681875 ms_per_tick=9.9999999999999995e-07 device_ms=7.1849590000000001
PRODUCER_KERNEL_V1 stage=1 raw_iteration=1 ordinal=11 kernel=finalize_resident_advective_high threads=13800483 begin_tick=1975691886683041 end_tick=1975691887175000 ms_per_tick=9.9999999999999995e-07 device_ms=0.49195899999999998
PRODUCER_KERNEL_V1 stage=1 raw_iteration=1 ordinal=12 kernel=compose_resident_flux_pair threads=13800483 begin_tick=1975691887178500 end_tick=1975691888062541 ms_per_tick=9.9999999999999995e-07 device_ms=0.88404099999999997
PRODUCER_KERNEL_V1 stage=1 raw_iteration=1 ordinal=13 kernel=validate_resident_physical_flux threads=13800483 begin_tick=1975691888063458 end_tick=1975691888919875 ms_per_tick=9.9999999999999995e-07 device_ms=0.85641699999999998
PRODUCER_KERNEL_V1 stage=1 raw_iteration=1 ordinal=14 kernel=identify_resident_physical_flux threads=32 begin_tick=1975691888920625 end_tick=1975691888929125 ms_per_tick=9.9999999999999995e-07 device_ms=0.0084999999999999989
PRODUCER_KERNEL_V1 stage=1 raw_iteration=1 ordinal=15 kernel=owner_average_flux threads=13800483 begin_tick=1975691888929583 end_tick=1975691889727958 ms_per_tick=9.9999999999999995e-07 device_ms=0.79837499999999995
PRODUCER_KERNEL_V1 stage=1 raw_iteration=1 ordinal=16 kernel=owner_bind_averaged_flux threads=1 begin_tick=1975691889728500 end_tick=1975691889732416 ms_per_tick=9.9999999999999995e-07 device_ms=0.0039160000000000002
PRODUCER_KERNEL_V1 stage=1 raw_iteration=1 ordinal=17 kernel=fct_build_ratios threads=5551326 begin_tick=1975691889733000 end_tick=1975691893397833 ms_per_tick=9.9999999999999995e-07 device_ms=3.6648329999999998
PRODUCER_KERNEL_V1 stage=1 raw_iteration=1 ordinal=18 kernel=fct_build_face_alpha threads=1533387 begin_tick=1975691893398458 end_tick=1975691893669208 ms_per_tick=9.9999999999999995e-07 device_ms=0.27074999999999999
PRODUCER_KERNEL_V1 stage=1 raw_iteration=1 ordinal=19 kernel=fct_commit_scalar threads=504666 begin_tick=1975691893669875 end_tick=1975691894007166 ms_per_tick=9.9999999999999995e-07 device_ms=0.33729100000000001
PRODUCER_KERNEL_V1 stage=1 raw_iteration=1 ordinal=20 kernel=owner_bind_candidate threads=1 begin_tick=1975691894007750 end_tick=1975691894011583 ms_per_tick=9.9999999999999995e-07 device_ms=0.003833
PRODUCER_KERNEL_V1 stage=1 raw_iteration=1 ordinal=21 kernel=finalize_resident_eos_candidate threads=1 begin_tick=1975691894012083 end_tick=1975691894014541 ms_per_tick=9.9999999999999995e-07 device_ms=0.0024579999999999997
PRODUCER_KERNEL_V1 stage=1 raw_iteration=1 ordinal=22 kernel=evaluate_resident_eos_candidate threads=504666 begin_tick=1975691894015041 end_tick=1975692451178833 ms_per_tick=9.9999999999999995e-07 device_ms=557.16379199999994
PRODUCER_KERNEL_V1 stage=1 raw_iteration=1 ordinal=23 kernel=finalize_resident_eos_candidate threads=1 begin_tick=1975692451196541 end_tick=1975692451199000 ms_per_tick=9.9999999999999995e-07 device_ms=0.0024589999999999998
PRODUCER_KERNEL_V1 stage=1 raw_iteration=1 ordinal=24 kernel=identify_resident_eos threads=1 begin_tick=1975692451199375 end_tick=1975692451202000 ms_per_tick=9.9999999999999995e-07 device_ms=0.0026249999999999997
PRODUCER_KERNEL_V1 stage=1 raw_iteration=1 ordinal=25 kernel=produce_resident_frozen_source threads=504666 begin_tick=1975692451202416 end_tick=1975692451234500 ms_per_tick=9.9999999999999995e-07 device_ms=0.032084000000000001
PRODUCER_KERNEL_V1 stage=1 raw_iteration=1 ordinal=26 kernel=identify_resident_frozen_source threads=1 begin_tick=1975692451234916 end_tick=1975692451237625 ms_per_tick=9.9999999999999995e-07 device_ms=0.002709
PRODUCER_KERNEL_V1 stage=1 raw_iteration=1 ordinal=27 kernel=evaluate_resident_target_terms threads=504666 begin_tick=1975692451238000 end_tick=1975692565703666 ms_per_tick=9.9999999999999995e-07 device_ms=114.465666
PRODUCER_KERNEL_V1 stage=1 raw_iteration=1 ordinal=28 kernel=finalize_resident_target threads=1 begin_tick=1975692565721208 end_tick=1975692565724333 ms_per_tick=9.9999999999999995e-07 device_ms=0.0031249999999999997
PRODUCER_KERNEL_V1 stage=1 raw_iteration=1 ordinal=29 kernel=identify_resident_target threads=1 begin_tick=1975692565724666 end_tick=1975692565727500 ms_per_tick=9.9999999999999995e-07 device_ms=0.0028339999999999997
PRODUCER_KERNEL_V1 stage=1 raw_iteration=1 ordinal=30 kernel=issue_resident_projection_consumer threads=1 begin_tick=1975692565727916 end_tick=1975692565731750 ms_per_tick=9.9999999999999995e-07 device_ms=0.0038339999999999997
PRODUCER_KERNEL_V1 stage=1 raw_iteration=1 ordinal=31 kernel=consume_resident_target threads=1 begin_tick=1975692565732166 end_tick=1975692565736250 ms_per_tick=9.9999999999999995e-07 device_ms=0.004084
PRODUCER_KERNEL_V1 stage=1 raw_iteration=1 ordinal=32 kernel=owner_compose_target threads=504666 begin_tick=1975692565736583 end_tick=1975692565815875 ms_per_tick=9.9999999999999995e-07 device_ms=0.079292000000000001
PRODUCER_KERNEL_V1 stage=1 raw_iteration=1 ordinal=33 kernel=finalize_resident_target threads=1 begin_tick=1975692565816208 end_tick=1975692565818458 ms_per_tick=9.9999999999999995e-07 device_ms=0.0022499999999999998
PRODUCER_KERNEL_V1 stage=1 raw_iteration=1 ordinal=34 kernel=owner_identify_target threads=1 begin_tick=1975692565818875 end_tick=1975692565821916 ms_per_tick=9.9999999999999995e-07 device_ms=0.0030409999999999999
PRODUCER_KERNEL_V1 stage=1 raw_iteration=1 ordinal=35 kernel=issue_resident_projection_consumer threads=1 begin_tick=1975692565822333 end_tick=1975692565824916 ms_per_tick=9.9999999999999995e-07 device_ms=0.0025829999999999998
PRODUCER_KERNEL_V1 stage=1 raw_iteration=1 ordinal=36 kernel=consume_resident_target threads=1 begin_tick=1975692565825250 end_tick=1975692565828666 ms_per_tick=9.9999999999999995e-07 device_ms=0.0034159999999999998
PRODUCER_KERNEL_V1 stage=1 raw_iteration=1 ordinal=37 kernel=owner_issue_stage_seal threads=1 begin_tick=1975692565829083 end_tick=1975692565831833 ms_per_tick=9.9999999999999995e-07 device_ms=0.0027499999999999998
PRODUCER_KERNEL_V1 stage=1 raw_iteration=1 ordinal=38 kernel=fct_compatible_stage_rate threads=1533387 begin_tick=1975692565832541 end_tick=1975692566375458 ms_per_tick=9.9999999999999995e-07 device_ms=0.54291699999999998
PRODUCER_KERNEL_V1 stage=1 raw_iteration=1 ordinal=39 kernel=fct_compatible_stage_rate threads=1533387 begin_tick=1975692566375791 end_tick=1975692566887291 ms_per_tick=9.9999999999999995e-07 device_ms=0.51149999999999995
PRODUCER_KERNEL_V1 stage=1 raw_iteration=1 ordinal=40 kernel=owner_heun_momentum threads=1533387 begin_tick=1975692566887791 end_tick=1975692566981208 ms_per_tick=9.9999999999999995e-07 device_ms=0.093417
RISE_FIRE_OWNER_PROFILE_V1 {"scope":52,"parent":47,"phase":"BuildStageProducerGroup","stage":1,"raw_iteration":1,"iteration_kind":"picard","wall_ms":788.165375000,"device_sum_ms":690.937999869,"wall_minus_device_ms":97.227375131,"exclusive_wall_ms":788.165375000,"exclusive_device_sum_ms":690.937999869,"child_observer_wall_ms":0.000000000,"count_scope":"inclusive","owner_commits":1,"projection_invocations":0}
RISE_FIRE_OWNER_PROFILE_V1 {"scope":53,"parent":47,"phase":"Residual","stage":1,"raw_iteration":1,"iteration_kind":"picard","wall_ms":0.420666000,"device_sum_ms":0.112500042,"wall_minus_device_ms":0.308165958,"exclusive_wall_ms":0.420666000,"exclusive_device_sum_ms":0.112500042,"child_observer_wall_ms":0.000000000,"count_scope":"inclusive","owner_commits":1,"projection_invocations":0}
RISE_FIRE_OWNER_PROFILE_V1 {"scope":47,"parent":36,"phase":"PicardIteration","stage":1,"raw_iteration":1,"iteration_kind":"picard","wall_ms":809.456000000,"device_sum_ms":700.085791992,"wall_minus_device_ms":109.370208008,"exclusive_wall_ms":0.852501000,"exclusive_device_sum_ms":0.000000000,"child_observer_wall_ms":0.022126000,"count_scope":"inclusive","owner_commits":6,"projection_invocations":1}
RISE_FIRE_OWNER_PROFILE_V1 {"scope":56,"parent":55,"phase":"ProjectionAdapter","stage":1,"raw_iteration":2,"iteration_kind":"picard","wall_ms":14.464083000,"device_sum_ms":8.502375102,"wall_minus_device_ms":5.961707898,"exclusive_wall_ms":14.464083000,"exclusive_device_sum_ms":8.502375102,"child_observer_wall_ms":0.000000000,"count_scope":"inclusive","owner_commits":0,"projection_invocations":1}
RISE_FIRE_OWNER_PROFILE_V1 {"scope":55,"parent":54,"phase":"Project","stage":1,"raw_iteration":2,"iteration_kind":"picard","wall_ms":16.152167000,"device_sum_ms":8.546416648,"wall_minus_device_ms":7.605750352,"exclusive_wall_ms":1.682417000,"exclusive_device_sum_ms":0.044041546,"child_observer_wall_ms":0.005667000,"count_scope":"inclusive","owner_commits":2,"projection_invocations":1}
RISE_FIRE_OWNER_PROFILE_V1 {"scope":57,"parent":54,"phase":"ReadOpenClass","stage":1,"raw_iteration":2,"iteration_kind":"picard","wall_ms":0.193000000,"device_sum_ms":0.002375105,"wall_minus_device_ms":0.190624895,"exclusive_wall_ms":0.193000000,"exclusive_device_sum_ms":0.002375105,"child_observer_wall_ms":0.000000000,"count_scope":"inclusive","owner_commits":1,"projection_invocations":0}
RISE_FIRE_OWNER_PROFILE_V1 {"scope":58,"parent":54,"phase":"ReadOpenClass","stage":1,"raw_iteration":2,"iteration_kind":"picard","wall_ms":0.176292000,"device_sum_ms":0.002458459,"wall_minus_device_ms":0.173833541,"exclusive_wall_ms":0.176292000,"exclusive_device_sum_ms":0.002458459,"child_observer_wall_ms":0.000000000,"count_scope":"inclusive","owner_commits":1,"projection_invocations":0}
PRODUCER_COMMAND_V1 stage=1 raw_iteration=2 cpu_begin=1975692585033458 cpu_end=1975693368169166 gpu_begin=1975692585033458 gpu_end=1975693368169166 device_ms=698.26262490823865 encoders=41 interval_scope=possibly_overlapping
PRODUCER_KERNEL_V1 stage=1 raw_iteration=2 ordinal=0 kernel=owner_pack_faces threads=1533387 begin_tick=1975692669802708 end_tick=1975692669866541 ms_per_tick=9.9999999999999995e-07 device_ms=0.063833000000000001
PRODUCER_KERNEL_V1 stage=1 raw_iteration=2 ordinal=1 kernel=owner_pack_faces threads=1533387 begin_tick=1975692669866333 end_tick=1975692670310791 ms_per_tick=9.9999999999999995e-07 device_ms=0.44445799999999996
PRODUCER_KERNEL_V1 stage=1 raw_iteration=2 ordinal=2 kernel=owner_pack_faces threads=1533387 begin_tick=1975692669797291 end_tick=1975692669866333 ms_per_tick=9.9999999999999995e-07 device_ms=0.069041999999999992
PRODUCER_KERNEL_V1 stage=1 raw_iteration=2 ordinal=3 kernel=fct_extract_gas_density threads=504666 begin_tick=1975692670310791 end_tick=1975692670334708 ms_per_tick=9.9999999999999995e-07 device_ms=0.023916999999999997
PRODUCER_KERNEL_V1 stage=1 raw_iteration=2 ordinal=4 kernel=owner_gas_source threads=504666 begin_tick=1975692670334708 end_tick=1975692670378708 ms_per_tick=9.9999999999999995e-07 device_ms=0.043999999999999997
PRODUCER_KERNEL_V1 stage=1 raw_iteration=2 ordinal=5 kernel=evaluate_resident_transport threads=504666 begin_tick=1975692669866916 end_tick=1975692670348833 ms_per_tick=9.9999999999999995e-07 device_ms=0.48191699999999998
PRODUCER_KERNEL_V1 stage=1 raw_iteration=2 ordinal=6 kernel=identify_resident_transport threads=1 begin_tick=1975692670349666 end_tick=1975692670373541 ms_per_tick=9.9999999999999995e-07 device_ms=0.023875
PRODUCER_KERNEL_V1 stage=1 raw_iteration=2 ordinal=7 kernel=owner_bind_transport threads=1 begin_tick=1975692670374416 end_tick=1975692670379625 ms_per_tick=9.9999999999999995e-07 device_ms=0.0052090000000000001
PRODUCER_KERNEL_V1 stage=1 raw_iteration=2 ordinal=8 kernel=identify_resident_owner_endpoint_class threads=1 begin_tick=1975692670380041 end_tick=1975692670383500 ms_per_tick=9.9999999999999995e-07 device_ms=0.0034589999999999998
PRODUCER_KERNEL_V1 stage=1 raw_iteration=2 ordinal=9 kernel=evaluate_resident_physical_flux threads=1533387 begin_tick=1975692671459458 end_tick=1975692672575291 ms_per_tick=9.9999999999999995e-07 device_ms=1.1158329999999999
PRODUCER_KERNEL_V1 stage=1 raw_iteration=2 ordinal=10 kernel=evaluate_resident_advective_pair threads=13800483 begin_tick=1975692673086083 end_tick=1975692680341625 ms_per_tick=9.9999999999999995e-07 device_ms=7.2555419999999993
PRODUCER_KERNEL_V1 stage=1 raw_iteration=2 ordinal=11 kernel=finalize_resident_advective_high threads=13800483 begin_tick=1975692680342333 end_tick=1975692680760125 ms_per_tick=9.9999999999999995e-07 device_ms=0.417792
PRODUCER_KERNEL_V1 stage=1 raw_iteration=2 ordinal=12 kernel=compose_resident_flux_pair threads=13800483 begin_tick=1975692680760541 end_tick=1975692681653625 ms_per_tick=9.9999999999999995e-07 device_ms=0.89308399999999999
PRODUCER_KERNEL_V1 stage=1 raw_iteration=2 ordinal=13 kernel=validate_resident_physical_flux threads=13800483 begin_tick=1975692681654333 end_tick=1975692682623083 ms_per_tick=9.9999999999999995e-07 device_ms=0.96875
PRODUCER_KERNEL_V1 stage=1 raw_iteration=2 ordinal=14 kernel=identify_resident_physical_flux threads=32 begin_tick=1975692682623625 end_tick=1975692682629666 ms_per_tick=9.9999999999999995e-07 device_ms=0.0060409999999999995
PRODUCER_KERNEL_V1 stage=1 raw_iteration=2 ordinal=15 kernel=owner_average_flux threads=13800483 begin_tick=1975692682630250 end_tick=1975692683427500 ms_per_tick=9.9999999999999995e-07 device_ms=0.79725000000000001
PRODUCER_KERNEL_V1 stage=1 raw_iteration=2 ordinal=16 kernel=owner_bind_averaged_flux threads=1 begin_tick=1975692683428041 end_tick=1975692683431666 ms_per_tick=9.9999999999999995e-07 device_ms=0.0036249999999999998
PRODUCER_KERNEL_V1 stage=1 raw_iteration=2 ordinal=17 kernel=fct_build_ratios threads=5551326 begin_tick=1975692683432125 end_tick=1975692687044875 ms_per_tick=9.9999999999999995e-07 device_ms=3.6127499999999997
PRODUCER_KERNEL_V1 stage=1 raw_iteration=2 ordinal=18 kernel=fct_build_face_alpha threads=1533387 begin_tick=1975692687045416 end_tick=1975692687315125 ms_per_tick=9.9999999999999995e-07 device_ms=0.26970899999999998
PRODUCER_KERNEL_V1 stage=1 raw_iteration=2 ordinal=19 kernel=fct_commit_scalar threads=504666 begin_tick=1975692687315750 end_tick=1975692687509666 ms_per_tick=9.9999999999999995e-07 device_ms=0.19391600000000001
PRODUCER_KERNEL_V1 stage=1 raw_iteration=2 ordinal=20 kernel=owner_bind_candidate threads=1 begin_tick=1975692687510208 end_tick=1975692687514083 ms_per_tick=9.9999999999999995e-07 device_ms=0.003875
PRODUCER_KERNEL_V1 stage=1 raw_iteration=2 ordinal=21 kernel=finalize_resident_eos_candidate threads=1 begin_tick=1975692687514583 end_tick=1975692687516958 ms_per_tick=9.9999999999999995e-07 device_ms=0.0023749999999999999
PRODUCER_KERNEL_V1 stage=1 raw_iteration=2 ordinal=22 kernel=evaluate_resident_eos_candidate threads=504666 begin_tick=1975692687517458 end_tick=1975693252291791 ms_per_tick=9.9999999999999995e-07 device_ms=564.77433299999996
PRODUCER_KERNEL_V1 stage=1 raw_iteration=2 ordinal=23 kernel=finalize_resident_eos_candidate threads=1 begin_tick=1975693252310000 end_tick=1975693252312750 ms_per_tick=9.9999999999999995e-07 device_ms=0.0027499999999999998
PRODUCER_KERNEL_V1 stage=1 raw_iteration=2 ordinal=24 kernel=identify_resident_eos threads=1 begin_tick=1975693252313083 end_tick=1975693252315666 ms_per_tick=9.9999999999999995e-07 device_ms=0.0025829999999999998
PRODUCER_KERNEL_V1 stage=1 raw_iteration=2 ordinal=25 kernel=produce_resident_frozen_source threads=504666 begin_tick=1975693252316000 end_tick=1975693252347875 ms_per_tick=9.9999999999999995e-07 device_ms=0.031875000000000001
PRODUCER_KERNEL_V1 stage=1 raw_iteration=2 ordinal=26 kernel=identify_resident_frozen_source threads=1 begin_tick=1975693252348208 end_tick=1975693252350708 ms_per_tick=9.9999999999999995e-07 device_ms=0.0025000000000000001
PRODUCER_KERNEL_V1 stage=1 raw_iteration=2 ordinal=27 kernel=evaluate_resident_target_terms threads=504666 begin_tick=1975693252351083 end_tick=1975693366751875 ms_per_tick=9.9999999999999995e-07 device_ms=114.400792
PRODUCER_KERNEL_V1 stage=1 raw_iteration=2 ordinal=28 kernel=finalize_resident_target threads=1 begin_tick=1975693366768208 end_tick=1975693366771458 ms_per_tick=9.9999999999999995e-07 device_ms=0.0032499999999999999
PRODUCER_KERNEL_V1 stage=1 raw_iteration=2 ordinal=29 kernel=identify_resident_target threads=1 begin_tick=1975693366771791 end_tick=1975693366775375 ms_per_tick=9.9999999999999995e-07 device_ms=0.0035839999999999999
PRODUCER_KERNEL_V1 stage=1 raw_iteration=2 ordinal=30 kernel=issue_resident_projection_consumer threads=1 begin_tick=1975693366775833 end_tick=1975693366779416 ms_per_tick=9.9999999999999995e-07 device_ms=0.0035829999999999998
PRODUCER_KERNEL_V1 stage=1 raw_iteration=2 ordinal=31 kernel=consume_resident_target threads=1 begin_tick=1975693366779750 end_tick=1975693366783750 ms_per_tick=9.9999999999999995e-07 device_ms=0.0040000000000000001
PRODUCER_KERNEL_V1 stage=1 raw_iteration=2 ordinal=32 kernel=owner_compose_target threads=504666 begin_tick=1975693366784208 end_tick=1975693366863416 ms_per_tick=9.9999999999999995e-07 device_ms=0.079208000000000001
PRODUCER_KERNEL_V1 stage=1 raw_iteration=2 ordinal=33 kernel=finalize_resident_target threads=1 begin_tick=1975693366863750 end_tick=1975693366866291 ms_per_tick=9.9999999999999995e-07 device_ms=0.0025409999999999999
PRODUCER_KERNEL_V1 stage=1 raw_iteration=2 ordinal=34 kernel=owner_identify_target threads=1 begin_tick=1975693366866625 end_tick=1975693366869875 ms_per_tick=9.9999999999999995e-07 device_ms=0.0032499999999999999
PRODUCER_KERNEL_V1 stage=1 raw_iteration=2 ordinal=35 kernel=issue_resident_projection_consumer threads=1 begin_tick=1975693366870291 end_tick=1975693366873541 ms_per_tick=9.9999999999999995e-07 device_ms=0.0032499999999999999
PRODUCER_KERNEL_V1 stage=1 raw_iteration=2 ordinal=36 kernel=consume_resident_target threads=1 begin_tick=1975693366873916 end_tick=1975693366877500 ms_per_tick=9.9999999999999995e-07 device_ms=0.0035839999999999999
PRODUCER_KERNEL_V1 stage=1 raw_iteration=2 ordinal=37 kernel=owner_issue_stage_seal threads=1 begin_tick=1975693366877916 end_tick=1975693366880791 ms_per_tick=9.9999999999999995e-07 device_ms=0.002875
PRODUCER_KERNEL_V1 stage=1 raw_iteration=2 ordinal=38 kernel=fct_compatible_stage_rate threads=1533387 begin_tick=1975693366881500 end_tick=1975693367438291 ms_per_tick=9.9999999999999995e-07 device_ms=0.55679099999999992
PRODUCER_KERNEL_V1 stage=1 raw_iteration=2 ordinal=39 kernel=fct_compatible_stage_rate threads=1533387 begin_tick=1975693367438916 end_tick=1975693367958083 ms_per_tick=9.9999999999999995e-07 device_ms=0.51916699999999993
PRODUCER_KERNEL_V1 stage=1 raw_iteration=2 ordinal=40 kernel=owner_heun_momentum threads=1533387 begin_tick=1975693367958750 end_tick=1975693368053875 ms_per_tick=9.9999999999999995e-07 device_ms=0.095125000000000001
RISE_FIRE_OWNER_PROFILE_V1 {"scope":59,"parent":54,"phase":"BuildStageProducerGroup","stage":1,"raw_iteration":2,"iteration_kind":"picard","wall_ms":783.266083000,"device_sum_ms":698.262624908,"wall_minus_device_ms":85.003458092,"exclusive_wall_ms":783.266083000,"exclusive_device_sum_ms":698.262624908,"child_observer_wall_ms":0.000000000,"count_scope":"inclusive","owner_commits":1,"projection_invocations":0}
RISE_FIRE_OWNER_PROFILE_V1 {"scope":60,"parent":54,"phase":"Residual","stage":1,"raw_iteration":2,"iteration_kind":"picard","wall_ms":0.459541000,"device_sum_ms":0.112124952,"wall_minus_device_ms":0.347416048,"exclusive_wall_ms":0.459541000,"exclusive_device_sum_ms":0.112124952,"child_observer_wall_ms":0.000000000,"count_scope":"inclusive","owner_commits":1,"projection_invocations":0}
RISE_FIRE_OWNER_PROFILE_V1 {"scope":63,"parent":62,"phase":"ProjectionAdapter","stage":1,"raw_iteration":2147483650,"iteration_kind":"terminal","wall_ms":16.467875000,"device_sum_ms":8.485125145,"wall_minus_device_ms":7.982749855,"exclusive_wall_ms":16.467875000,"exclusive_device_sum_ms":8.485125145,"child_observer_wall_ms":0.000000000,"count_scope":"inclusive","owner_commits":0,"projection_invocations":1}
RISE_FIRE_OWNER_PROFILE_V1 {"scope":62,"parent":61,"phase":"Project","stage":1,"raw_iteration":2147483650,"iteration_kind":"terminal","wall_ms":17.318209000,"device_sum_ms":8.528291713,"wall_minus_device_ms":8.789917287,"exclusive_wall_ms":0.842584000,"exclusive_device_sum_ms":0.043166569,"child_observer_wall_ms":0.007750000,"count_scope":"inclusive","owner_commits":2,"projection_invocations":1}
RISE_FIRE_OWNER_PROFILE_V1 {"scope":64,"parent":61,"phase":"ReadOpenClass","stage":1,"raw_iteration":2147483650,"iteration_kind":"terminal","wall_ms":0.219291000,"device_sum_ms":0.002500135,"wall_minus_device_ms":0.216790865,"exclusive_wall_ms":0.219291000,"exclusive_device_sum_ms":0.002500135,"child_observer_wall_ms":0.000000000,"count_scope":"inclusive","owner_commits":1,"projection_invocations":0}
RISE_FIRE_OWNER_PROFILE_V1 {"scope":65,"parent":61,"phase":"ReadOpenClass","stage":1,"raw_iteration":2147483650,"iteration_kind":"terminal","wall_ms":0.196417000,"device_sum_ms":0.002249843,"wall_minus_device_ms":0.194167157,"exclusive_wall_ms":0.196417000,"exclusive_device_sum_ms":0.002249843,"child_observer_wall_ms":0.000000000,"count_scope":"inclusive","owner_commits":1,"projection_invocations":0}
PRODUCER_COMMAND_V1 stage=1 raw_iteration=2147483650 cpu_begin=1975693386518791 cpu_end=1975694171760791 gpu_begin=1975693386518791 gpu_end=1975694171760791 device_ms=688.35362489335239 encoders=41 interval_scope=possibly_overlapping
PRODUCER_KERNEL_V1 stage=1 raw_iteration=2147483650 ordinal=0 kernel=owner_pack_faces threads=1533387 begin_tick=1975693483305833 end_tick=1975693483365916 ms_per_tick=9.9999999999999995e-07 device_ms=0.060082999999999998
PRODUCER_KERNEL_V1 stage=1 raw_iteration=2147483650 ordinal=1 kernel=owner_pack_faces threads=1533387 begin_tick=1975693483365708 end_tick=1975693483806791 ms_per_tick=9.9999999999999995e-07 device_ms=0.441083
PRODUCER_KERNEL_V1 stage=1 raw_iteration=2147483650 ordinal=2 kernel=owner_pack_faces threads=1533387 begin_tick=1975693483300625 end_tick=1975693483365708 ms_per_tick=9.9999999999999995e-07 device_ms=0.065083000000000002
PRODUCER_KERNEL_V1 stage=1 raw_iteration=2147483650 ordinal=3 kernel=fct_extract_gas_density threads=504666 begin_tick=1975693483806791 end_tick=1975693483831125 ms_per_tick=9.9999999999999995e-07 device_ms=0.024333999999999998
PRODUCER_KERNEL_V1 stage=1 raw_iteration=2147483650 ordinal=4 kernel=owner_gas_source threads=504666 begin_tick=1975693483831125 end_tick=1975693483874041 ms_per_tick=9.9999999999999995e-07 device_ms=0.042915999999999996
PRODUCER_KERNEL_V1 stage=1 raw_iteration=2147483650 ordinal=5 kernel=evaluate_resident_transport threads=504666 begin_tick=1975693483366333 end_tick=1975693483890041 ms_per_tick=9.9999999999999995e-07 device_ms=0.52370799999999995
PRODUCER_KERNEL_V1 stage=1 raw_iteration=2147483650 ordinal=6 kernel=identify_resident_transport threads=1 begin_tick=1975693483890833 end_tick=1975693483893708 ms_per_tick=9.9999999999999995e-07 device_ms=0.002875
PRODUCER_KERNEL_V1 stage=1 raw_iteration=2147483650 ordinal=7 kernel=owner_bind_transport threads=1 begin_tick=1975693483894166 end_tick=1975693483897666 ms_per_tick=9.9999999999999995e-07 device_ms=0.0034999999999999996
PRODUCER_KERNEL_V1 stage=1 raw_iteration=2147483650 ordinal=8 kernel=identify_resident_owner_endpoint_class threads=1 begin_tick=1975693483898125 end_tick=1975693483901750 ms_per_tick=9.9999999999999995e-07 device_ms=0.0036249999999999998
PRODUCER_KERNEL_V1 stage=1 raw_iteration=2147483650 ordinal=9 kernel=evaluate_resident_physical_flux threads=1533387 begin_tick=1975693484768416 end_tick=1975693485886125 ms_per_tick=9.9999999999999995e-07 device_ms=1.1177089999999998
PRODUCER_KERNEL_V1 stage=1 raw_iteration=2147483650 ordinal=10 kernel=evaluate_resident_advective_pair threads=13800483 begin_tick=1975693486236833 end_tick=1975693493513875 ms_per_tick=9.9999999999999995e-07 device_ms=7.2770419999999998
PRODUCER_KERNEL_V1 stage=1 raw_iteration=2147483650 ordinal=11 kernel=finalize_resident_advective_high threads=13800483 begin_tick=1975693493514666 end_tick=1975693493935750 ms_per_tick=9.9999999999999995e-07 device_ms=0.42108399999999996
PRODUCER_KERNEL_V1 stage=1 raw_iteration=2147483650 ordinal=12 kernel=compose_resident_flux_pair threads=13800483 begin_tick=1975693493936125 end_tick=1975693494822791 ms_per_tick=9.9999999999999995e-07 device_ms=0.88666599999999995
PRODUCER_KERNEL_V1 stage=1 raw_iteration=2147483650 ordinal=13 kernel=validate_resident_physical_flux threads=13800483 begin_tick=1975693494823333 end_tick=1975693495866250 ms_per_tick=9.9999999999999995e-07 device_ms=1.0429169999999999
PRODUCER_KERNEL_V1 stage=1 raw_iteration=2147483650 ordinal=14 kernel=identify_resident_physical_flux threads=32 begin_tick=1975693495866916 end_tick=1975693495872416 ms_per_tick=9.9999999999999995e-07 device_ms=0.0054999999999999997
PRODUCER_KERNEL_V1 stage=1 raw_iteration=2147483650 ordinal=15 kernel=owner_average_flux threads=13800483 begin_tick=1975693495872875 end_tick=1975693496697666 ms_per_tick=9.9999999999999995e-07 device_ms=0.82479099999999994
PRODUCER_KERNEL_V1 stage=1 raw_iteration=2147483650 ordinal=16 kernel=owner_bind_averaged_flux threads=1 begin_tick=1975693496698333 end_tick=1975693496702041 ms_per_tick=9.9999999999999995e-07 device_ms=0.0037079999999999999
PRODUCER_KERNEL_V1 stage=1 raw_iteration=2147483650 ordinal=17 kernel=fct_build_ratios threads=5551326 begin_tick=1975693496702541 end_tick=1975693500497541 ms_per_tick=9.9999999999999995e-07 device_ms=3.7949999999999999
PRODUCER_KERNEL_V1 stage=1 raw_iteration=2147483650 ordinal=18 kernel=fct_build_face_alpha threads=1533387 begin_tick=1975693500498125 end_tick=1975693500771166 ms_per_tick=9.9999999999999995e-07 device_ms=0.27304099999999998
PRODUCER_KERNEL_V1 stage=1 raw_iteration=2147483650 ordinal=19 kernel=fct_commit_scalar threads=504666 begin_tick=1975693500771833 end_tick=1975693500969041 ms_per_tick=9.9999999999999995e-07 device_ms=0.19720799999999999
PRODUCER_KERNEL_V1 stage=1 raw_iteration=2147483650 ordinal=20 kernel=owner_bind_candidate threads=1 begin_tick=1975693500969666 end_tick=1975693500973666 ms_per_tick=9.9999999999999995e-07 device_ms=0.0040000000000000001
PRODUCER_KERNEL_V1 stage=1 raw_iteration=2147483650 ordinal=21 kernel=finalize_resident_eos_candidate threads=1 begin_tick=1975693500974208 end_tick=1975693500976708 ms_per_tick=9.9999999999999995e-07 device_ms=0.0025000000000000001
PRODUCER_KERNEL_V1 stage=1 raw_iteration=2147483650 ordinal=22 kernel=evaluate_resident_eos_candidate threads=504666 begin_tick=1975693500977875 end_tick=1975694055668958 ms_per_tick=9.9999999999999995e-07 device_ms=554.69108299999994
PRODUCER_KERNEL_V1 stage=1 raw_iteration=2147483650 ordinal=23 kernel=finalize_resident_eos_candidate threads=1 begin_tick=1975694055687541 end_tick=1975694055690333 ms_per_tick=9.9999999999999995e-07 device_ms=0.0027919999999999998
PRODUCER_KERNEL_V1 stage=1 raw_iteration=2147483650 ordinal=24 kernel=identify_resident_eos threads=1 begin_tick=1975694055690666 end_tick=1975694055693416 ms_per_tick=9.9999999999999995e-07 device_ms=0.0027499999999999998
PRODUCER_KERNEL_V1 stage=1 raw_iteration=2147483650 ordinal=25 kernel=produce_resident_frozen_source threads=504666 begin_tick=1975694055693708 end_tick=1975694055726208 ms_per_tick=9.9999999999999995e-07 device_ms=0.032500000000000001
PRODUCER_KERNEL_V1 stage=1 raw_iteration=2147483650 ordinal=26 kernel=identify_resident_frozen_source threads=1 begin_tick=1975694055726583 end_tick=1975694055729208 ms_per_tick=9.9999999999999995e-07 device_ms=0.0026249999999999997
PRODUCER_KERNEL_V1 stage=1 raw_iteration=2147483650 ordinal=27 kernel=evaluate_resident_target_terms threads=504666 begin_tick=1975694055729541 end_tick=1975694170373000 ms_per_tick=9.9999999999999995e-07 device_ms=114.64345899999999
PRODUCER_KERNEL_V1 stage=1 raw_iteration=2147483650 ordinal=28 kernel=finalize_resident_target threads=1 begin_tick=1975694170390625 end_tick=1975694170393625 ms_per_tick=9.9999999999999995e-07 device_ms=0.0030000000000000001
PRODUCER_KERNEL_V1 stage=1 raw_iteration=2147483650 ordinal=29 kernel=identify_resident_target threads=1 begin_tick=1975694170393958 end_tick=1975694170396916 ms_per_tick=9.9999999999999995e-07 device_ms=0.0029579999999999997
PRODUCER_KERNEL_V1 stage=1 raw_iteration=2147483650 ordinal=30 kernel=issue_resident_projection_consumer threads=1 begin_tick=1975694170397208 end_tick=1975694170401083 ms_per_tick=9.9999999999999995e-07 device_ms=0.003875
PRODUCER_KERNEL_V1 stage=1 raw_iteration=2147483650 ordinal=31 kernel=consume_resident_target threads=1 begin_tick=1975694170401416 end_tick=1975694170405458 ms_per_tick=9.9999999999999995e-07 device_ms=0.0040419999999999996
PRODUCER_KERNEL_V1 stage=1 raw_iteration=2147483650 ordinal=32 kernel=owner_compose_target threads=504666 begin_tick=1975694170405875 end_tick=1975694170485500 ms_per_tick=9.9999999999999995e-07 device_ms=0.079625000000000001
PRODUCER_KERNEL_V1 stage=1 raw_iteration=2147483650 ordinal=33 kernel=finalize_resident_target threads=1 begin_tick=1975694170485791 end_tick=1975694170488041 ms_per_tick=9.9999999999999995e-07 device_ms=0.0022499999999999998
PRODUCER_KERNEL_V1 stage=1 raw_iteration=2147483650 ordinal=34 kernel=owner_identify_target threads=1 begin_tick=1975694170488375 end_tick=1975694170491625 ms_per_tick=9.9999999999999995e-07 device_ms=0.0032499999999999999
PRODUCER_KERNEL_V1 stage=1 raw_iteration=2147483650 ordinal=35 kernel=issue_resident_projection_consumer threads=1 begin_tick=1975694170491958 end_tick=1975694170494625 ms_per_tick=9.9999999999999995e-07 device_ms=0.0026669999999999997
PRODUCER_KERNEL_V1 stage=1 raw_iteration=2147483650 ordinal=36 kernel=consume_resident_target threads=1 begin_tick=1975694170494958 end_tick=1975694170498291 ms_per_tick=9.9999999999999995e-07 device_ms=0.003333
PRODUCER_KERNEL_V1 stage=1 raw_iteration=2147483650 ordinal=37 kernel=owner_issue_stage_seal threads=1 begin_tick=1975694170498708 end_tick=1975694170501500 ms_per_tick=9.9999999999999995e-07 device_ms=0.0027919999999999998
PRODUCER_KERNEL_V1 stage=1 raw_iteration=2147483650 ordinal=38 kernel=fct_compatible_stage_rate threads=1533387 begin_tick=1975694170502250 end_tick=1975694171043541 ms_per_tick=9.9999999999999995e-07 device_ms=0.54129099999999997
PRODUCER_KERNEL_V1 stage=1 raw_iteration=2147483650 ordinal=39 kernel=fct_compatible_stage_rate threads=1533387 begin_tick=1975694171044000 end_tick=1975694171554291 ms_per_tick=9.9999999999999995e-07 device_ms=0.51029099999999994
PRODUCER_KERNEL_V1 stage=1 raw_iteration=2147483650 ordinal=40 kernel=owner_heun_momentum threads=1533387 begin_tick=1975694171554791 end_tick=1975694171648375 ms_per_tick=9.9999999999999995e-07 device_ms=0.093584000000000001
RISE_FIRE_OWNER_PROFILE_V1 {"scope":66,"parent":61,"phase":"BuildStageProducerGroup","stage":1,"raw_iteration":2147483650,"iteration_kind":"terminal","wall_ms":785.362667000,"device_sum_ms":688.353624893,"wall_minus_device_ms":97.009042107,"exclusive_wall_ms":785.362667000,"exclusive_device_sum_ms":688.353624893,"child_observer_wall_ms":0.000000000,"count_scope":"inclusive","owner_commits":1,"projection_invocations":0}
RISE_FIRE_OWNER_PROFILE_V1 {"scope":67,"parent":61,"phase":"AlphaResidual","stage":1,"raw_iteration":2147483650,"iteration_kind":"terminal","wall_ms":0.348875000,"device_sum_ms":0.051749870,"wall_minus_device_ms":0.297125130,"exclusive_wall_ms":0.348875000,"exclusive_device_sum_ms":0.051749870,"child_observer_wall_ms":0.000000000,"count_scope":"inclusive","owner_commits":1,"projection_invocations":0}
RISE_FIRE_OWNER_PROFILE_V1 {"scope":68,"parent":61,"phase":"Residual","stage":1,"raw_iteration":2147483650,"iteration_kind":"terminal","wall_ms":0.392291000,"device_sum_ms":0.111375004,"wall_minus_device_ms":0.280915996,"exclusive_wall_ms":0.392291000,"exclusive_device_sum_ms":0.111375004,"child_observer_wall_ms":0.000000000,"count_scope":"inclusive","owner_commits":1,"projection_invocations":0}
RISE_FIRE_OWNER_PROFILE_V1 {"scope":61,"parent":54,"phase":"TerminalVerification","stage":1,"raw_iteration":2147483650,"iteration_kind":"terminal","wall_ms":803.867417000,"device_sum_ms":697.049791459,"wall_minus_device_ms":106.817625541,"exclusive_wall_ms":0.004834000,"exclusive_device_sum_ms":0.000000000,"child_observer_wall_ms":0.024833000,"count_scope":"inclusive","owner_commits":7,"projection_invocations":1}
RISE_FIRE_OWNER_PROFILE_V1 {"scope":54,"parent":36,"phase":"PicardIteration","stage":1,"raw_iteration":2,"iteration_kind":"picard","wall_ms":1605.159000000,"device_sum_ms":1403.975791531,"wall_minus_device_ms":201.183208469,"exclusive_wall_ms":1.024459000,"exclusive_device_sum_ms":0.000000000,"child_observer_wall_ms":0.020041000,"count_scope":"inclusive","owner_commits":13,"projection_invocations":2}
RISE_FIRE_OWNER_PROFILE_V1 {"scope":36,"parent":1,"phase":"SolveStage","stage":1,"raw_iteration":4294967295,"iteration_kind":"bootstrap","wall_ms":4044.023167000,"device_sum_ms":3545.348583721,"wall_minus_device_ms":498.674583279,"exclusive_wall_ms":3.387501000,"exclusive_device_sum_ms":0.000000000,"child_observer_wall_ms":0.018749000,"count_scope":"inclusive","owner_commits":28,"projection_invocations":5}
RISE_FIRE_OWNER_PROFILE_V1 {"scope":71,"parent":70,"phase":"ProjectionAdapter","stage":2,"raw_iteration":4294967295,"iteration_kind":"bootstrap","wall_ms":16.287709000,"device_sum_ms":9.161750088,"wall_minus_device_ms":7.125958912,"exclusive_wall_ms":16.287709000,"exclusive_device_sum_ms":9.161750088,"child_observer_wall_ms":0.000000000,"count_scope":"inclusive","owner_commits":0,"projection_invocations":1}
RISE_FIRE_OWNER_PROFILE_V1 {"scope":70,"parent":69,"phase":"Project","stage":2,"raw_iteration":4294967295,"iteration_kind":"bootstrap","wall_ms":16.954833000,"device_sum_ms":9.210292017,"wall_minus_device_ms":7.744540983,"exclusive_wall_ms":0.661166000,"exclusive_device_sum_ms":0.048541930,"child_observer_wall_ms":0.005958000,"count_scope":"inclusive","owner_commits":2,"projection_invocations":1}
PRODUCER_COMMAND_V1 stage=2 raw_iteration=4294967295 cpu_begin=1975694195688625 cpu_end=1975694985806833 gpu_begin=1975694195688625 gpu_end=1975694985806833 device_ms=695.11345820501447 encoders=35 interval_scope=possibly_overlapping
PRODUCER_KERNEL_V1 stage=2 raw_iteration=4294967295 ordinal=0 kernel=owner_pack_faces threads=1533387 begin_tick=1975694290552541 end_tick=1975694290653333 ms_per_tick=9.9999999999999995e-07 device_ms=0.10079199999999999
PRODUCER_KERNEL_V1 stage=2 raw_iteration=4294967295 ordinal=1 kernel=owner_pack_faces threads=1533387 begin_tick=1975694290600708 end_tick=1975694290653625 ms_per_tick=9.9999999999999995e-07 device_ms=0.052916999999999999
PRODUCER_KERNEL_V1 stage=2 raw_iteration=4294967295 ordinal=2 kernel=owner_pack_faces threads=1533387 begin_tick=1975694290653333 end_tick=1975694290748333 ms_per_tick=9.9999999999999995e-07 device_ms=0.095000000000000001
PRODUCER_KERNEL_V1 stage=2 raw_iteration=4294967295 ordinal=3 kernel=fct_extract_gas_density threads=504666 begin_tick=1975694290653875 end_tick=1975694290702041 ms_per_tick=9.9999999999999995e-07 device_ms=0.048166
PRODUCER_KERNEL_V1 stage=2 raw_iteration=4294967295 ordinal=4 kernel=owner_gas_source threads=504666 begin_tick=1975694290702041 end_tick=1975694290748500 ms_per_tick=9.9999999999999995e-07 device_ms=0.046459
PRODUCER_KERNEL_V1 stage=2 raw_iteration=4294967295 ordinal=5 kernel=evaluate_resident_transport threads=504666 begin_tick=1975694290748916 end_tick=1975694291204708 ms_per_tick=9.9999999999999995e-07 device_ms=0.45579199999999997
PRODUCER_KERNEL_V1 stage=2 raw_iteration=4294967295 ordinal=6 kernel=identify_resident_transport threads=1 begin_tick=1975694291205083 end_tick=1975694291207833 ms_per_tick=9.9999999999999995e-07 device_ms=0.0027499999999999998
PRODUCER_KERNEL_V1 stage=2 raw_iteration=4294967295 ordinal=7 kernel=owner_bind_transport threads=1 begin_tick=1975694291208291 end_tick=1975694291211625 ms_per_tick=9.9999999999999995e-07 device_ms=0.0033339999999999997
PRODUCER_KERNEL_V1 stage=2 raw_iteration=4294967295 ordinal=8 kernel=identify_resident_owner_endpoint_class threads=1 begin_tick=1975694291211958 end_tick=1975694291215750 ms_per_tick=9.9999999999999995e-07 device_ms=0.0037919999999999998
PRODUCER_KERNEL_V1 stage=2 raw_iteration=4294967295 ordinal=9 kernel=evaluate_resident_physical_flux threads=1533387 begin_tick=1975694291970041 end_tick=1975694293089833 ms_per_tick=9.9999999999999995e-07 device_ms=1.1197919999999999
PRODUCER_KERNEL_V1 stage=2 raw_iteration=4294967295 ordinal=10 kernel=evaluate_resident_advective_pair threads=13800483 begin_tick=1975694293425625 end_tick=1975694300513291 ms_per_tick=9.9999999999999995e-07 device_ms=7.0876659999999996
PRODUCER_KERNEL_V1 stage=2 raw_iteration=4294967295 ordinal=11 kernel=finalize_resident_advective_high threads=13800483 begin_tick=1975694300514125 end_tick=1975694300933250 ms_per_tick=9.9999999999999995e-07 device_ms=0.41912499999999997
PRODUCER_KERNEL_V1 stage=2 raw_iteration=4294967295 ordinal=12 kernel=compose_resident_flux_pair threads=13800483 begin_tick=1975694300933666 end_tick=1975694301815208 ms_per_tick=9.9999999999999995e-07 device_ms=0.88154199999999994
PRODUCER_KERNEL_V1 stage=2 raw_iteration=4294967295 ordinal=13 kernel=validate_resident_physical_flux threads=13800483 begin_tick=1975694301815791 end_tick=1975694302651833 ms_per_tick=9.9999999999999995e-07 device_ms=0.83604199999999995
PRODUCER_KERNEL_V1 stage=2 raw_iteration=4294967295 ordinal=14 kernel=identify_resident_physical_flux threads=32 begin_tick=1975694302652375 end_tick=1975694302658291 ms_per_tick=9.9999999999999995e-07 device_ms=0.0059159999999999994
PRODUCER_KERNEL_V1 stage=2 raw_iteration=4294967295 ordinal=15 kernel=owner_bind_candidate threads=1 begin_tick=1975694302658791 end_tick=1975694302662083 ms_per_tick=9.9999999999999995e-07 device_ms=0.0032919999999999998
PRODUCER_KERNEL_V1 stage=2 raw_iteration=4294967295 ordinal=16 kernel=finalize_resident_eos_candidate threads=1 begin_tick=1975694302662541 end_tick=1975694302665125 ms_per_tick=9.9999999999999995e-07 device_ms=0.0025839999999999999
PRODUCER_KERNEL_V1 stage=2 raw_iteration=4294967295 ordinal=17 kernel=evaluate_resident_eos_candidate threads=504666 begin_tick=1975694302665750 end_tick=1975694870288791 ms_per_tick=9.9999999999999995e-07 device_ms=567.62304099999994
PRODUCER_KERNEL_V1 stage=2 raw_iteration=4294967295 ordinal=18 kernel=finalize_resident_eos_candidate threads=1 begin_tick=1975694870404375 end_tick=1975694870406958 ms_per_tick=9.9999999999999995e-07 device_ms=0.0025829999999999998
PRODUCER_KERNEL_V1 stage=2 raw_iteration=4294967295 ordinal=19 kernel=identify_resident_eos threads=1 begin_tick=1975694870407458 end_tick=1975694870410166 ms_per_tick=9.9999999999999995e-07 device_ms=0.0027079999999999999
PRODUCER_KERNEL_V1 stage=2 raw_iteration=4294967295 ordinal=20 kernel=produce_resident_frozen_source threads=504666 begin_tick=1975694870410500 end_tick=1975694870442208 ms_per_tick=9.9999999999999995e-07 device_ms=0.031708
PRODUCER_KERNEL_V1 stage=2 raw_iteration=4294967295 ordinal=21 kernel=identify_resident_frozen_source threads=1 begin_tick=1975694870442875 end_tick=1975694870445541 ms_per_tick=9.9999999999999995e-07 device_ms=0.002666
PRODUCER_KERNEL_V1 stage=2 raw_iteration=4294967295 ordinal=22 kernel=evaluate_resident_target_terms threads=504666 begin_tick=1975694870445875 end_tick=1975694984967708 ms_per_tick=9.9999999999999995e-07 device_ms=114.521833
PRODUCER_KERNEL_V1 stage=2 raw_iteration=4294967295 ordinal=23 kernel=finalize_resident_target threads=1 begin_tick=1975694984985500 end_tick=1975694984988833 ms_per_tick=9.9999999999999995e-07 device_ms=0.003333
PRODUCER_KERNEL_V1 stage=2 raw_iteration=4294967295 ordinal=24 kernel=identify_resident_target threads=1 begin_tick=1975694984989125 end_tick=1975694984992208 ms_per_tick=9.9999999999999995e-07 device_ms=0.0030829999999999998
PRODUCER_KERNEL_V1 stage=2 raw_iteration=4294967295 ordinal=25 kernel=issue_resident_projection_consumer threads=1 begin_tick=1975694984992666 end_tick=1975694984996458 ms_per_tick=9.9999999999999995e-07 device_ms=0.0037919999999999998
PRODUCER_KERNEL_V1 stage=2 raw_iteration=4294967295 ordinal=26 kernel=consume_resident_target threads=1 begin_tick=1975694984996833 end_tick=1975694985001083 ms_per_tick=9.9999999999999995e-07 device_ms=0.0042499999999999994
PRODUCER_KERNEL_V1 stage=2 raw_iteration=4294967295 ordinal=27 kernel=owner_compose_target threads=504666 begin_tick=1975694985001416 end_tick=1975694985032583 ms_per_tick=9.9999999999999995e-07 device_ms=0.031167
PRODUCER_KERNEL_V1 stage=2 raw_iteration=4294967295 ordinal=28 kernel=finalize_resident_target threads=1 begin_tick=1975694985032916 end_tick=1975694985035333 ms_per_tick=9.9999999999999995e-07 device_ms=0.0024169999999999999
PRODUCER_KERNEL_V1 stage=2 raw_iteration=4294967295 ordinal=29 kernel=owner_identify_target threads=1 begin_tick=1975694985035916 end_tick=1975694985038791 ms_per_tick=9.9999999999999995e-07 device_ms=0.002875
PRODUCER_KERNEL_V1 stage=2 raw_iteration=4294967295 ordinal=30 kernel=issue_resident_projection_consumer threads=1 begin_tick=1975694985039166 end_tick=1975694985042166 ms_per_tick=9.9999999999999995e-07 device_ms=0.0030000000000000001
PRODUCER_KERNEL_V1 stage=2 raw_iteration=4294967295 ordinal=31 kernel=consume_resident_target threads=1 begin_tick=1975694985042833 end_tick=1975694985045750 ms_per_tick=9.9999999999999995e-07 device_ms=0.0029169999999999999
PRODUCER_KERNEL_V1 stage=2 raw_iteration=4294967295 ordinal=32 kernel=owner_issue_stage_seal threads=1 begin_tick=1975694985046083 end_tick=1975694985049125 ms_per_tick=9.9999999999999995e-07 device_ms=0.003042
PRODUCER_KERNEL_V1 stage=2 raw_iteration=4294967295 ordinal=33 kernel=fct_compatible_stage_rate threads=1533387 begin_tick=1975694985049541 end_tick=1975694985566583 ms_per_tick=9.9999999999999995e-07 device_ms=0.517042
PRODUCER_KERNEL_V1 stage=2 raw_iteration=4294967295 ordinal=34 kernel=owner_heun_momentum threads=1533387 begin_tick=1975694985567041 end_tick=1975694985655958 ms_per_tick=9.9999999999999995e-07 device_ms=0.088916999999999996
RISE_FIRE_OWNER_PROFILE_V1 {"scope":72,"parent":69,"phase":"BuildStageProducerGroup","stage":2,"raw_iteration":4294967295,"iteration_kind":"bootstrap","wall_ms":790.280667000,"device_sum_ms":695.113458205,"wall_minus_device_ms":95.167208795,"exclusive_wall_ms":790.280667000,"exclusive_device_sum_ms":695.113458205,"child_observer_wall_ms":0.000000000,"count_scope":"inclusive","owner_commits":1,"projection_invocations":0}
RISE_FIRE_OWNER_PROFILE_V1 {"scope":75,"parent":74,"phase":"ProjectionAdapter","stage":2,"raw_iteration":0,"iteration_kind":"picard","wall_ms":14.870458000,"device_sum_ms":9.139541537,"wall_minus_device_ms":5.730916463,"exclusive_wall_ms":14.870458000,"exclusive_device_sum_ms":9.139541537,"child_observer_wall_ms":0.000000000,"count_scope":"inclusive","owner_commits":0,"projection_invocations":1}
RISE_FIRE_OWNER_PROFILE_V1 {"scope":74,"parent":73,"phase":"Project","stage":2,"raw_iteration":0,"iteration_kind":"picard","wall_ms":15.547709000,"device_sum_ms":9.185707895,"wall_minus_device_ms":6.362001105,"exclusive_wall_ms":0.673334000,"exclusive_device_sum_ms":0.046166359,"child_observer_wall_ms":0.003917000,"count_scope":"inclusive","owner_commits":2,"projection_invocations":1}
RISE_FIRE_OWNER_PROFILE_V1 {"scope":76,"parent":73,"phase":"ReadOpenClass","stage":2,"raw_iteration":0,"iteration_kind":"picard","wall_ms":0.216958000,"device_sum_ms":0.002208399,"wall_minus_device_ms":0.214749601,"exclusive_wall_ms":0.216958000,"exclusive_device_sum_ms":0.002208399,"child_observer_wall_ms":0.000000000,"count_scope":"inclusive","owner_commits":1,"projection_invocations":0}
RISE_FIRE_OWNER_PROFILE_V1 {"scope":77,"parent":73,"phase":"ReadOpenClass","stage":2,"raw_iteration":0,"iteration_kind":"picard","wall_ms":0.207416000,"device_sum_ms":0.002374873,"wall_minus_device_ms":0.205041127,"exclusive_wall_ms":0.207416000,"exclusive_device_sum_ms":0.002374873,"child_observer_wall_ms":0.000000000,"count_scope":"inclusive","owner_commits":1,"projection_invocations":0}
PRODUCER_COMMAND_V1 stage=2 raw_iteration=0 cpu_begin=1975695001930791 cpu_end=1975695804153708 gpu_begin=1975695001930791 gpu_end=1975695804153708 device_ms=716.32487489841878 encoders=35 interval_scope=possibly_overlapping
PRODUCER_KERNEL_V1 stage=2 raw_iteration=0 ordinal=0 kernel=owner_pack_faces threads=1533387 begin_tick=1975695087698291 end_tick=1975695087756875 ms_per_tick=9.9999999999999995e-07 device_ms=0.058583999999999997
PRODUCER_KERNEL_V1 stage=2 raw_iteration=0 ordinal=1 kernel=owner_pack_faces threads=1533387 begin_tick=1975695087756583 end_tick=1975695088191250 ms_per_tick=9.9999999999999995e-07 device_ms=0.43466699999999997
PRODUCER_KERNEL_V1 stage=2 raw_iteration=0 ordinal=2 kernel=owner_pack_faces threads=1533387 begin_tick=1975695087692416 end_tick=1975695087756583 ms_per_tick=9.9999999999999995e-07 device_ms=0.064167000000000002
PRODUCER_KERNEL_V1 stage=2 raw_iteration=0 ordinal=3 kernel=fct_extract_gas_density threads=504666 begin_tick=1975695088191250 end_tick=1975695088214958 ms_per_tick=9.9999999999999995e-07 device_ms=0.023708
PRODUCER_KERNEL_V1 stage=2 raw_iteration=0 ordinal=4 kernel=owner_gas_source threads=504666 begin_tick=1975695088214958 end_tick=1975695088264833 ms_per_tick=9.9999999999999995e-07 device_ms=0.049874999999999996
PRODUCER_KERNEL_V1 stage=2 raw_iteration=0 ordinal=5 kernel=evaluate_resident_transport threads=504666 begin_tick=1975695087757250 end_tick=1975695088270375 ms_per_tick=9.9999999999999995e-07 device_ms=0.51312499999999994
PRODUCER_KERNEL_V1 stage=2 raw_iteration=0 ordinal=6 kernel=identify_resident_transport threads=1 begin_tick=1975695088270833 end_tick=1975695088273666 ms_per_tick=9.9999999999999995e-07 device_ms=0.002833
PRODUCER_KERNEL_V1 stage=2 raw_iteration=0 ordinal=7 kernel=owner_bind_transport threads=1 begin_tick=1975695088274125 end_tick=1975695088278333 ms_per_tick=9.9999999999999995e-07 device_ms=0.0042079999999999999
PRODUCER_KERNEL_V1 stage=2 raw_iteration=0 ordinal=8 kernel=identify_resident_owner_endpoint_class threads=1 begin_tick=1975695088278666 end_tick=1975695088282000 ms_per_tick=9.9999999999999995e-07 device_ms=0.0033339999999999997
PRODUCER_KERNEL_V1 stage=2 raw_iteration=0 ordinal=9 kernel=evaluate_resident_physical_flux threads=1533387 begin_tick=1975695089055000 end_tick=1975695090173583 ms_per_tick=9.9999999999999995e-07 device_ms=1.1185829999999999
PRODUCER_KERNEL_V1 stage=2 raw_iteration=0 ordinal=10 kernel=evaluate_resident_advective_pair threads=13800483 begin_tick=1975695090531666 end_tick=1975695097779458 ms_per_tick=9.9999999999999995e-07 device_ms=7.2477919999999996
PRODUCER_KERNEL_V1 stage=2 raw_iteration=0 ordinal=11 kernel=finalize_resident_advective_high threads=13800483 begin_tick=1975695097780333 end_tick=1975695098257583 ms_per_tick=9.9999999999999995e-07 device_ms=0.47724999999999995
PRODUCER_KERNEL_V1 stage=2 raw_iteration=0 ordinal=12 kernel=compose_resident_flux_pair threads=13800483 begin_tick=1975695098258833 end_tick=1975695099366333 ms_per_tick=9.9999999999999995e-07 device_ms=1.1074999999999999
PRODUCER_KERNEL_V1 stage=2 raw_iteration=0 ordinal=13 kernel=validate_resident_physical_flux threads=13800483 begin_tick=1975695099385125 end_tick=1975695100253291 ms_per_tick=9.9999999999999995e-07 device_ms=0.86816599999999999
PRODUCER_KERNEL_V1 stage=2 raw_iteration=0 ordinal=14 kernel=identify_resident_physical_flux threads=32 begin_tick=1975695100253916 end_tick=1975695100257125 ms_per_tick=9.9999999999999995e-07 device_ms=0.003209
PRODUCER_KERNEL_V1 stage=2 raw_iteration=0 ordinal=15 kernel=owner_bind_candidate threads=1 begin_tick=1975695100257500 end_tick=1975695100263375 ms_per_tick=9.9999999999999995e-07 device_ms=0.005875
PRODUCER_KERNEL_V1 stage=2 raw_iteration=0 ordinal=16 kernel=finalize_resident_eos_candidate threads=1 begin_tick=1975695100263666 end_tick=1975695100265833 ms_per_tick=9.9999999999999995e-07 device_ms=0.0021670000000000001
PRODUCER_KERNEL_V1 stage=2 raw_iteration=0 ordinal=17 kernel=evaluate_resident_eos_candidate threads=504666 begin_tick=1975695100266666 end_tick=1975695688610166 ms_per_tick=9.9999999999999995e-07 device_ms=588.34349999999995
PRODUCER_KERNEL_V1 stage=2 raw_iteration=0 ordinal=18 kernel=finalize_resident_eos_candidate threads=1 begin_tick=1975695688628208 end_tick=1975695688630708 ms_per_tick=9.9999999999999995e-07 device_ms=0.0025000000000000001
PRODUCER_KERNEL_V1 stage=2 raw_iteration=0 ordinal=19 kernel=identify_resident_eos threads=1 begin_tick=1975695688631166 end_tick=1975695688633750 ms_per_tick=9.9999999999999995e-07 device_ms=0.0025839999999999999
PRODUCER_KERNEL_V1 stage=2 raw_iteration=0 ordinal=20 kernel=produce_resident_frozen_source threads=504666 begin_tick=1975695688634083 end_tick=1975695688665500 ms_per_tick=9.9999999999999995e-07 device_ms=0.031417
PRODUCER_KERNEL_V1 stage=2 raw_iteration=0 ordinal=21 kernel=identify_resident_frozen_source threads=1 begin_tick=1975695688666166 end_tick=1975695688668833 ms_per_tick=9.9999999999999995e-07 device_ms=0.0026669999999999997
PRODUCER_KERNEL_V1 stage=2 raw_iteration=0 ordinal=22 kernel=evaluate_resident_target_terms threads=504666 begin_tick=1975695688669166 end_tick=1975695803316541 ms_per_tick=9.9999999999999995e-07 device_ms=114.647375
PRODUCER_KERNEL_V1 stage=2 raw_iteration=0 ordinal=23 kernel=finalize_resident_target threads=1 begin_tick=1975695803333791 end_tick=1975695803336875 ms_per_tick=9.9999999999999995e-07 device_ms=0.0030839999999999999
PRODUCER_KERNEL_V1 stage=2 raw_iteration=0 ordinal=24 kernel=identify_resident_target threads=1 begin_tick=1975695803337166 end_tick=1975695803340208 ms_per_tick=9.9999999999999995e-07 device_ms=0.003042
PRODUCER_KERNEL_V1 stage=2 raw_iteration=0 ordinal=25 kernel=issue_resident_projection_consumer threads=1 begin_tick=1975695803340750 end_tick=1975695803344583 ms_per_tick=9.9999999999999995e-07 device_ms=0.003833
PRODUCER_KERNEL_V1 stage=2 raw_iteration=0 ordinal=26 kernel=consume_resident_target threads=1 begin_tick=1975695803344958 end_tick=1975695803349208 ms_per_tick=9.9999999999999995e-07 device_ms=0.0042499999999999994
PRODUCER_KERNEL_V1 stage=2 raw_iteration=0 ordinal=27 kernel=owner_compose_target threads=504666 begin_tick=1975695803349708 end_tick=1975695803380875 ms_per_tick=9.9999999999999995e-07 device_ms=0.031167
PRODUCER_KERNEL_V1 stage=2 raw_iteration=0 ordinal=28 kernel=finalize_resident_target threads=1 begin_tick=1975695803381208 end_tick=1975695803383583 ms_per_tick=9.9999999999999995e-07 device_ms=0.0023749999999999999
PRODUCER_KERNEL_V1 stage=2 raw_iteration=0 ordinal=29 kernel=owner_identify_target threads=1 begin_tick=1975695803384166 end_tick=1975695803387166 ms_per_tick=9.9999999999999995e-07 device_ms=0.0030000000000000001
PRODUCER_KERNEL_V1 stage=2 raw_iteration=0 ordinal=30 kernel=issue_resident_projection_consumer threads=1 begin_tick=1975695803387500 end_tick=1975695803390333 ms_per_tick=9.9999999999999995e-07 device_ms=0.002833
PRODUCER_KERNEL_V1 stage=2 raw_iteration=0 ordinal=31 kernel=consume_resident_target threads=1 begin_tick=1975695803390916 end_tick=1975695803394333 ms_per_tick=9.9999999999999995e-07 device_ms=0.0034169999999999999
PRODUCER_KERNEL_V1 stage=2 raw_iteration=0 ordinal=32 kernel=owner_issue_stage_seal threads=1 begin_tick=1975695803394750 end_tick=1975695803397625 ms_per_tick=9.9999999999999995e-07 device_ms=0.002875
PRODUCER_KERNEL_V1 stage=2 raw_iteration=0 ordinal=33 kernel=fct_compatible_stage_rate threads=1533387 begin_tick=1975695803398041 end_tick=1975695803921708 ms_per_tick=9.9999999999999995e-07 device_ms=0.52366699999999999
PRODUCER_KERNEL_V1 stage=2 raw_iteration=0 ordinal=34 kernel=owner_heun_momentum threads=1533387 begin_tick=1975695803922125 end_tick=1975695804011500 ms_per_tick=9.9999999999999995e-07 device_ms=0.089374999999999996
RISE_FIRE_OWNER_PROFILE_V1 {"scope":78,"parent":73,"phase":"BuildStageProducerGroup","stage":2,"raw_iteration":0,"iteration_kind":"picard","wall_ms":802.362833000,"device_sum_ms":716.324874898,"wall_minus_device_ms":86.037958102,"exclusive_wall_ms":802.362833000,"exclusive_device_sum_ms":716.324874898,"child_observer_wall_ms":0.000000000,"count_scope":"inclusive","owner_commits":1,"projection_invocations":0}
RISE_FIRE_OWNER_PROFILE_V1 {"scope":79,"parent":73,"phase":"Residual","stage":2,"raw_iteration":0,"iteration_kind":"picard","wall_ms":0.374334000,"device_sum_ms":0.022958266,"wall_minus_device_ms":0.351375734,"exclusive_wall_ms":0.374334000,"exclusive_device_sum_ms":0.022958266,"child_observer_wall_ms":0.000000000,"count_scope":"inclusive","owner_commits":1,"projection_invocations":0}
RISE_FIRE_OWNER_PROFILE_V1 {"scope":73,"parent":69,"phase":"PicardIteration","stage":2,"raw_iteration":0,"iteration_kind":"picard","wall_ms":819.603792000,"device_sum_ms":725.538124330,"wall_minus_device_ms":94.065667670,"exclusive_wall_ms":0.876791000,"exclusive_device_sum_ms":0.000000000,"child_observer_wall_ms":0.017751000,"count_scope":"inclusive","owner_commits":6,"projection_invocations":1}
RISE_FIRE_OWNER_PROFILE_V1 {"scope":82,"parent":81,"phase":"ProjectionAdapter","stage":2,"raw_iteration":1,"iteration_kind":"picard","wall_ms":15.507625000,"device_sum_ms":9.075708454,"wall_minus_device_ms":6.431916546,"exclusive_wall_ms":15.507625000,"exclusive_device_sum_ms":9.075708454,"child_observer_wall_ms":0.000000000,"count_scope":"inclusive","owner_commits":0,"projection_invocations":1}
RISE_FIRE_OWNER_PROFILE_V1 {"scope":81,"parent":80,"phase":"Project","stage":2,"raw_iteration":1,"iteration_kind":"picard","wall_ms":16.895875000,"device_sum_ms":9.121750016,"wall_minus_device_ms":7.774124984,"exclusive_wall_ms":1.384541000,"exclusive_device_sum_ms":0.046041561,"child_observer_wall_ms":0.003709000,"count_scope":"inclusive","owner_commits":2,"projection_invocations":1}
RISE_FIRE_OWNER_PROFILE_V1 {"scope":83,"parent":80,"phase":"ReadOpenClass","stage":2,"raw_iteration":1,"iteration_kind":"picard","wall_ms":0.218958000,"device_sum_ms":0.002291752,"wall_minus_device_ms":0.216666248,"exclusive_wall_ms":0.218958000,"exclusive_device_sum_ms":0.002291752,"child_observer_wall_ms":0.000000000,"count_scope":"inclusive","owner_commits":1,"projection_invocations":0}
RISE_FIRE_OWNER_PROFILE_V1 {"scope":84,"parent":80,"phase":"ReadOpenClass","stage":2,"raw_iteration":1,"iteration_kind":"picard","wall_ms":0.204000000,"device_sum_ms":0.002333196,"wall_minus_device_ms":0.201666804,"exclusive_wall_ms":0.204000000,"exclusive_device_sum_ms":0.002333196,"child_observer_wall_ms":0.000000000,"count_scope":"inclusive","owner_commits":1,"projection_invocations":0}
PRODUCER_COMMAND_V1 stage=2 raw_iteration=1 cpu_begin=1975695822886166 cpu_end=1975696596435208 gpu_begin=1975695822886166 gpu_end=1975696596435208 device_ms=687.26887484081089 encoders=35 interval_scope=possibly_overlapping
PRODUCER_KERNEL_V1 stage=2 raw_iteration=1 ordinal=0 kernel=owner_pack_faces threads=1533387 begin_tick=1975695909038416 end_tick=1975695909114583 ms_per_tick=9.9999999999999995e-07 device_ms=0.076166999999999999
PRODUCER_KERNEL_V1 stage=2 raw_iteration=1 ordinal=1 kernel=owner_pack_faces threads=1533387 begin_tick=1975695909191041 end_tick=1975695909240750 ms_per_tick=9.9999999999999995e-07 device_ms=0.049708999999999996
PRODUCER_KERNEL_V1 stage=2 raw_iteration=1 ordinal=2 kernel=owner_pack_faces threads=1533387 begin_tick=1975695909241041 end_tick=1975695909307458 ms_per_tick=9.9999999999999995e-07 device_ms=0.066417000000000004
PRODUCER_KERNEL_V1 stage=2 raw_iteration=1 ordinal=3 kernel=fct_extract_gas_density threads=504666 begin_tick=1975695909283625 end_tick=1975695909325625 ms_per_tick=9.9999999999999995e-07 device_ms=0.041999999999999996
PRODUCER_KERNEL_V1 stage=2 raw_iteration=1 ordinal=4 kernel=owner_gas_source threads=504666 begin_tick=1975695909326333 end_tick=1975695909364458 ms_per_tick=9.9999999999999995e-07 device_ms=0.038124999999999999
PRODUCER_KERNEL_V1 stage=2 raw_iteration=1 ordinal=5 kernel=evaluate_resident_transport threads=504666 begin_tick=1975695909474375 end_tick=1975695909926416 ms_per_tick=9.9999999999999995e-07 device_ms=0.45204099999999997
PRODUCER_KERNEL_V1 stage=2 raw_iteration=1 ordinal=6 kernel=identify_resident_transport threads=1 begin_tick=1975695909926791 end_tick=1975695909929625 ms_per_tick=9.9999999999999995e-07 device_ms=0.0028339999999999997
PRODUCER_KERNEL_V1 stage=2 raw_iteration=1 ordinal=7 kernel=owner_bind_transport threads=1 begin_tick=1975695909930166 end_tick=1975695909933833 ms_per_tick=9.9999999999999995e-07 device_ms=0.0036669999999999997
PRODUCER_KERNEL_V1 stage=2 raw_iteration=1 ordinal=8 kernel=identify_resident_owner_endpoint_class threads=1 begin_tick=1975695909934125 end_tick=1975695909937291 ms_per_tick=9.9999999999999995e-07 device_ms=0.003166
PRODUCER_KERNEL_V1 stage=2 raw_iteration=1 ordinal=9 kernel=evaluate_resident_physical_flux threads=1533387 begin_tick=1975695911019833 end_tick=1975695912140416 ms_per_tick=9.9999999999999995e-07 device_ms=1.1205829999999999
PRODUCER_KERNEL_V1 stage=2 raw_iteration=1 ordinal=10 kernel=evaluate_resident_advective_pair threads=13800483 begin_tick=1975695912466541 end_tick=1975695919557166 ms_per_tick=9.9999999999999995e-07 device_ms=7.0906249999999993
PRODUCER_KERNEL_V1 stage=2 raw_iteration=1 ordinal=11 kernel=finalize_resident_advective_high threads=13800483 begin_tick=1975695919557791 end_tick=1975695919977625 ms_per_tick=9.9999999999999995e-07 device_ms=0.41983399999999998
PRODUCER_KERNEL_V1 stage=2 raw_iteration=1 ordinal=12 kernel=compose_resident_flux_pair threads=13800483 begin_tick=1975695919978041 end_tick=1975695920863583 ms_per_tick=9.9999999999999995e-07 device_ms=0.88554199999999994
PRODUCER_KERNEL_V1 stage=2 raw_iteration=1 ordinal=13 kernel=validate_resident_physical_flux threads=13800483 begin_tick=1975695920864166 end_tick=1975695921728541 ms_per_tick=9.9999999999999995e-07 device_ms=0.864375
PRODUCER_KERNEL_V1 stage=2 raw_iteration=1 ordinal=14 kernel=identify_resident_physical_flux threads=32 begin_tick=1975695921729083 end_tick=1975695921734708 ms_per_tick=9.9999999999999995e-07 device_ms=0.0056249999999999998
PRODUCER_KERNEL_V1 stage=2 raw_iteration=1 ordinal=15 kernel=owner_bind_candidate threads=1 begin_tick=1975695921735125 end_tick=1975695921738791 ms_per_tick=9.9999999999999995e-07 device_ms=0.003666
PRODUCER_KERNEL_V1 stage=2 raw_iteration=1 ordinal=16 kernel=finalize_resident_eos_candidate threads=1 begin_tick=1975695921739250 end_tick=1975695921741833 ms_per_tick=9.9999999999999995e-07 device_ms=0.0025829999999999998
PRODUCER_KERNEL_V1 stage=2 raw_iteration=1 ordinal=17 kernel=evaluate_resident_eos_candidate threads=504666 begin_tick=1975695921742583 end_tick=1975696478763583 ms_per_tick=9.9999999999999995e-07 device_ms=557.02099999999996
PRODUCER_KERNEL_V1 stage=2 raw_iteration=1 ordinal=18 kernel=finalize_resident_eos_candidate threads=1 begin_tick=1975696478780000 end_tick=1975696478782958 ms_per_tick=9.9999999999999995e-07 device_ms=0.0029579999999999997
PRODUCER_KERNEL_V1 stage=2 raw_iteration=1 ordinal=19 kernel=identify_resident_eos threads=1 begin_tick=1975696478783458 end_tick=1975696478786375 ms_per_tick=9.9999999999999995e-07 device_ms=0.0029169999999999999
PRODUCER_KERNEL_V1 stage=2 raw_iteration=1 ordinal=20 kernel=produce_resident_frozen_source threads=504666 begin_tick=1975696478786791 end_tick=1975696478818250 ms_per_tick=9.9999999999999995e-07 device_ms=0.031459000000000001
PRODUCER_KERNEL_V1 stage=2 raw_iteration=1 ordinal=21 kernel=identify_resident_frozen_source threads=1 begin_tick=1975696478818750 end_tick=1975696478821375 ms_per_tick=9.9999999999999995e-07 device_ms=0.0026249999999999997
PRODUCER_KERNEL_V1 stage=2 raw_iteration=1 ordinal=22 kernel=evaluate_resident_target_terms threads=504666 begin_tick=1975696478821708 end_tick=1975696595599041 ms_per_tick=9.9999999999999995e-07 device_ms=116.777333
PRODUCER_KERNEL_V1 stage=2 raw_iteration=1 ordinal=23 kernel=finalize_resident_target threads=1 begin_tick=1975696595619541 end_tick=1975696595622541 ms_per_tick=9.9999999999999995e-07 device_ms=0.0030000000000000001
PRODUCER_KERNEL_V1 stage=2 raw_iteration=1 ordinal=24 kernel=identify_resident_target threads=1 begin_tick=1975696595622833 end_tick=1975696595625750 ms_per_tick=9.9999999999999995e-07 device_ms=0.0029169999999999999
PRODUCER_KERNEL_V1 stage=2 raw_iteration=1 ordinal=25 kernel=issue_resident_projection_consumer threads=1 begin_tick=1975696595626333 end_tick=1975696595630166 ms_per_tick=9.9999999999999995e-07 device_ms=0.003833
PRODUCER_KERNEL_V1 stage=2 raw_iteration=1 ordinal=26 kernel=consume_resident_target threads=1 begin_tick=1975696595630583 end_tick=1975696595634833 ms_per_tick=9.9999999999999995e-07 device_ms=0.0042499999999999994
PRODUCER_KERNEL_V1 stage=2 raw_iteration=1 ordinal=27 kernel=owner_compose_target threads=504666 begin_tick=1975696595635791 end_tick=1975696595666583 ms_per_tick=9.9999999999999995e-07 device_ms=0.030792
PRODUCER_KERNEL_V1 stage=2 raw_iteration=1 ordinal=28 kernel=finalize_resident_target threads=1 begin_tick=1975696595667000 end_tick=1975696595669625 ms_per_tick=9.9999999999999995e-07 device_ms=0.0026249999999999997
PRODUCER_KERNEL_V1 stage=2 raw_iteration=1 ordinal=29 kernel=owner_identify_target threads=1 begin_tick=1975696595670208 end_tick=1975696595673208 ms_per_tick=9.9999999999999995e-07 device_ms=0.0030000000000000001
PRODUCER_KERNEL_V1 stage=2 raw_iteration=1 ordinal=30 kernel=issue_resident_projection_consumer threads=1 begin_tick=1975696595673541 end_tick=1975696595676666 ms_per_tick=9.9999999999999995e-07 device_ms=0.0031249999999999997
PRODUCER_KERNEL_V1 stage=2 raw_iteration=1 ordinal=31 kernel=consume_resident_target threads=1 begin_tick=1975696595677250 end_tick=1975696595680500 ms_per_tick=9.9999999999999995e-07 device_ms=0.0032499999999999999
PRODUCER_KERNEL_V1 stage=2 raw_iteration=1 ordinal=32 kernel=owner_issue_stage_seal threads=1 begin_tick=1975696595680916 end_tick=1975696595683750 ms_per_tick=9.9999999999999995e-07 device_ms=0.0028339999999999997
PRODUCER_KERNEL_V1 stage=2 raw_iteration=1 ordinal=33 kernel=fct_compatible_stage_rate threads=1533387 begin_tick=1975696595684166 end_tick=1975696596198916 ms_per_tick=9.9999999999999995e-07 device_ms=0.51474999999999993
PRODUCER_KERNEL_V1 stage=2 raw_iteration=1 ordinal=34 kernel=owner_heun_momentum threads=1533387 begin_tick=1975696596199458 end_tick=1975696596289625 ms_per_tick=9.9999999999999995e-07 device_ms=0.090166999999999997
RISE_FIRE_OWNER_PROFILE_V1 {"scope":85,"parent":80,"phase":"BuildStageProducerGroup","stage":2,"raw_iteration":1,"iteration_kind":"picard","wall_ms":773.679958000,"device_sum_ms":687.268874841,"wall_minus_device_ms":86.411083159,"exclusive_wall_ms":773.679958000,"exclusive_device_sum_ms":687.268874841,"child_observer_wall_ms":0.000000000,"count_scope":"inclusive","owner_commits":1,"projection_invocations":0}
RISE_FIRE_OWNER_PROFILE_V1 {"scope":86,"parent":80,"phase":"Residual","stage":2,"raw_iteration":1,"iteration_kind":"picard","wall_ms":0.433208000,"device_sum_ms":0.115874922,"wall_minus_device_ms":0.317333078,"exclusive_wall_ms":0.433208000,"exclusive_device_sum_ms":0.115874922,"child_observer_wall_ms":0.000000000,"count_scope":"inclusive","owner_commits":1,"projection_invocations":0}
RISE_FIRE_OWNER_PROFILE_V1 {"scope":80,"parent":69,"phase":"PicardIteration","stage":2,"raw_iteration":1,"iteration_kind":"picard","wall_ms":792.285292000,"device_sum_ms":696.511124726,"wall_minus_device_ms":95.774167274,"exclusive_wall_ms":0.834125000,"exclusive_device_sum_ms":0.000000000,"child_observer_wall_ms":0.019168000,"count_scope":"inclusive","owner_commits":6,"projection_invocations":1}
RISE_FIRE_OWNER_PROFILE_V1 {"scope":89,"parent":88,"phase":"ProjectionAdapter","stage":2,"raw_iteration":2,"iteration_kind":"picard","wall_ms":14.406250000,"device_sum_ms":9.075583424,"wall_minus_device_ms":5.330666576,"exclusive_wall_ms":14.406250000,"exclusive_device_sum_ms":9.075583424,"child_observer_wall_ms":0.000000000,"count_scope":"inclusive","owner_commits":0,"projection_invocations":1}
RISE_FIRE_OWNER_PROFILE_V1 {"scope":88,"parent":87,"phase":"Project","stage":2,"raw_iteration":2,"iteration_kind":"picard","wall_ms":15.730667000,"device_sum_ms":9.120375151,"wall_minus_device_ms":6.610291849,"exclusive_wall_ms":1.319958000,"exclusive_device_sum_ms":0.044791726,"child_observer_wall_ms":0.004459000,"count_scope":"inclusive","owner_commits":2,"projection_invocations":1}
RISE_FIRE_OWNER_PROFILE_V1 {"scope":90,"parent":87,"phase":"ReadOpenClass","stage":2,"raw_iteration":2,"iteration_kind":"picard","wall_ms":0.218416000,"device_sum_ms":0.002499903,"wall_minus_device_ms":0.215916097,"exclusive_wall_ms":0.218416000,"exclusive_device_sum_ms":0.002499903,"child_observer_wall_ms":0.000000000,"count_scope":"inclusive","owner_commits":1,"projection_invocations":0}
RISE_FIRE_OWNER_PROFILE_V1 {"scope":91,"parent":87,"phase":"ReadOpenClass","stage":2,"raw_iteration":2,"iteration_kind":"picard","wall_ms":0.203958000,"device_sum_ms":0.002458226,"wall_minus_device_ms":0.201499774,"exclusive_wall_ms":0.203958000,"exclusive_device_sum_ms":0.002458226,"child_observer_wall_ms":0.000000000,"count_scope":"inclusive","owner_commits":1,"projection_invocations":0}
PRODUCER_COMMAND_V1 stage=2 raw_iteration=2 cpu_begin=1975696614008833 cpu_end=1975697380057291 gpu_begin=1975696614008833 gpu_end=1975697380057291 device_ms=683.02258313633502 encoders=35 interval_scope=possibly_overlapping
PRODUCER_KERNEL_V1 stage=2 raw_iteration=2 ordinal=0 kernel=owner_pack_faces threads=1533387 begin_tick=1975696697086208 end_tick=1975696697136875 ms_per_tick=9.9999999999999995e-07 device_ms=0.050666999999999997
PRODUCER_KERNEL_V1 stage=2 raw_iteration=2 ordinal=1 kernel=owner_pack_faces threads=1533387 begin_tick=1975696697138791 end_tick=1975696697189500 ms_per_tick=9.9999999999999995e-07 device_ms=0.050708999999999997
PRODUCER_KERNEL_V1 stage=2 raw_iteration=2 ordinal=2 kernel=owner_pack_faces threads=1533387 begin_tick=1975696697254375 end_tick=1975696697338625 ms_per_tick=9.9999999999999995e-07 device_ms=0.084249999999999992
PRODUCER_KERNEL_V1 stage=2 raw_iteration=2 ordinal=3 kernel=fct_extract_gas_density threads=504666 begin_tick=1975696697289875 end_tick=1975696697338833 ms_per_tick=9.9999999999999995e-07 device_ms=0.048957999999999995
PRODUCER_KERNEL_V1 stage=2 raw_iteration=2 ordinal=4 kernel=owner_gas_source threads=504666 begin_tick=1975696697340416 end_tick=1975696697384666 ms_per_tick=9.9999999999999995e-07 device_ms=0.044249999999999998
PRODUCER_KERNEL_V1 stage=2 raw_iteration=2 ordinal=5 kernel=evaluate_resident_transport threads=504666 begin_tick=1975696697477958 end_tick=1975696697928541 ms_per_tick=9.9999999999999995e-07 device_ms=0.45058299999999996
PRODUCER_KERNEL_V1 stage=2 raw_iteration=2 ordinal=6 kernel=identify_resident_transport threads=1 begin_tick=1975696697928875 end_tick=1975696697931708 ms_per_tick=9.9999999999999995e-07 device_ms=0.002833
PRODUCER_KERNEL_V1 stage=2 raw_iteration=2 ordinal=7 kernel=owner_bind_transport threads=1 begin_tick=1975696697932208 end_tick=1975696697935833 ms_per_tick=9.9999999999999995e-07 device_ms=0.0036249999999999998
PRODUCER_KERNEL_V1 stage=2 raw_iteration=2 ordinal=8 kernel=identify_resident_owner_endpoint_class threads=1 begin_tick=1975696697936416 end_tick=1975696697939833 ms_per_tick=9.9999999999999995e-07 device_ms=0.0034169999999999999
PRODUCER_KERNEL_V1 stage=2 raw_iteration=2 ordinal=9 kernel=evaluate_resident_physical_flux threads=1533387 begin_tick=1975696699074625 end_tick=1975696700185500 ms_per_tick=9.9999999999999995e-07 device_ms=1.1108750000000001
PRODUCER_KERNEL_V1 stage=2 raw_iteration=2 ordinal=10 kernel=evaluate_resident_advective_pair threads=13800483 begin_tick=1975696700533041 end_tick=1975696707820000 ms_per_tick=9.9999999999999995e-07 device_ms=7.2869589999999995
PRODUCER_KERNEL_V1 stage=2 raw_iteration=2 ordinal=11 kernel=finalize_resident_advective_high threads=13800483 begin_tick=1975696707820791 end_tick=1975696708239791 ms_per_tick=9.9999999999999995e-07 device_ms=0.41899999999999998
PRODUCER_KERNEL_V1 stage=2 raw_iteration=2 ordinal=12 kernel=compose_resident_flux_pair threads=13800483 begin_tick=1975696708240208 end_tick=1975696709176083 ms_per_tick=9.9999999999999995e-07 device_ms=0.93587500000000001
PRODUCER_KERNEL_V1 stage=2 raw_iteration=2 ordinal=13 kernel=validate_resident_physical_flux threads=13800483 begin_tick=1975696709176625 end_tick=1975696710008791 ms_per_tick=9.9999999999999995e-07 device_ms=0.83216599999999996
PRODUCER_KERNEL_V1 stage=2 raw_iteration=2 ordinal=14 kernel=identify_resident_physical_flux threads=32 begin_tick=1975696710009541 end_tick=1975696710012833 ms_per_tick=9.9999999999999995e-07 device_ms=0.0032919999999999998
PRODUCER_KERNEL_V1 stage=2 raw_iteration=2 ordinal=15 kernel=owner_bind_candidate threads=1 begin_tick=1975696710013208 end_tick=1975696710016875 ms_per_tick=9.9999999999999995e-07 device_ms=0.0036669999999999997
PRODUCER_KERNEL_V1 stage=2 raw_iteration=2 ordinal=16 kernel=finalize_resident_eos_candidate threads=1 begin_tick=1975696710017708 end_tick=1975696710019791 ms_per_tick=9.9999999999999995e-07 device_ms=0.0020829999999999998
PRODUCER_KERNEL_V1 stage=2 raw_iteration=2 ordinal=17 kernel=evaluate_resident_eos_candidate threads=504666 begin_tick=1975696710020416 end_tick=1975697264831458 ms_per_tick=9.9999999999999995e-07 device_ms=554.81104199999993
PRODUCER_KERNEL_V1 stage=2 raw_iteration=2 ordinal=18 kernel=finalize_resident_eos_candidate threads=1 begin_tick=1975697264849958 end_tick=1975697264852583 ms_per_tick=9.9999999999999995e-07 device_ms=0.0026249999999999997
PRODUCER_KERNEL_V1 stage=2 raw_iteration=2 ordinal=19 kernel=identify_resident_eos threads=1 begin_tick=1975697264853041 end_tick=1975697264855708 ms_per_tick=9.9999999999999995e-07 device_ms=0.0026669999999999997
PRODUCER_KERNEL_V1 stage=2 raw_iteration=2 ordinal=20 kernel=produce_resident_frozen_source threads=504666 begin_tick=1975697264856125 end_tick=1975697264887791 ms_per_tick=9.9999999999999995e-07 device_ms=0.031666
PRODUCER_KERNEL_V1 stage=2 raw_iteration=2 ordinal=21 kernel=identify_resident_frozen_source threads=1 begin_tick=1975697264888333 end_tick=1975697264890875 ms_per_tick=9.9999999999999995e-07 device_ms=0.002542
PRODUCER_KERNEL_V1 stage=2 raw_iteration=2 ordinal=22 kernel=evaluate_resident_target_terms threads=504666 begin_tick=1975697264891291 end_tick=1975697379212583 ms_per_tick=9.9999999999999995e-07 device_ms=114.321292
PRODUCER_KERNEL_V1 stage=2 raw_iteration=2 ordinal=23 kernel=finalize_resident_target threads=1 begin_tick=1975697379230541 end_tick=1975697379233958 ms_per_tick=9.9999999999999995e-07 device_ms=0.0034169999999999999
PRODUCER_KERNEL_V1 stage=2 raw_iteration=2 ordinal=24 kernel=identify_resident_target threads=1 begin_tick=1975697379234375 end_tick=1975697379237541 ms_per_tick=9.9999999999999995e-07 device_ms=0.003166
PRODUCER_KERNEL_V1 stage=2 raw_iteration=2 ordinal=25 kernel=issue_resident_projection_consumer threads=1 begin_tick=1975697379238125 end_tick=1975697379241833 ms_per_tick=9.9999999999999995e-07 device_ms=0.0037079999999999999
PRODUCER_KERNEL_V1 stage=2 raw_iteration=2 ordinal=26 kernel=consume_resident_target threads=1 begin_tick=1975697379242208 end_tick=1975697379246541 ms_per_tick=9.9999999999999995e-07 device_ms=0.004333
PRODUCER_KERNEL_V1 stage=2 raw_iteration=2 ordinal=27 kernel=owner_compose_target threads=504666 begin_tick=1975697379247125 end_tick=1975697379279791 ms_per_tick=9.9999999999999995e-07 device_ms=0.032666000000000001
PRODUCER_KERNEL_V1 stage=2 raw_iteration=2 ordinal=28 kernel=finalize_resident_target threads=1 begin_tick=1975697379280125 end_tick=1975697379282666 ms_per_tick=9.9999999999999995e-07 device_ms=0.0025409999999999999
PRODUCER_KERNEL_V1 stage=2 raw_iteration=2 ordinal=29 kernel=owner_identify_target threads=1 begin_tick=1975697379283166 end_tick=1975697379286208 ms_per_tick=9.9999999999999995e-07 device_ms=0.003042
PRODUCER_KERNEL_V1 stage=2 raw_iteration=2 ordinal=30 kernel=issue_resident_projection_consumer threads=1 begin_tick=1975697379286625 end_tick=1975697379289583 ms_per_tick=9.9999999999999995e-07 device_ms=0.0029579999999999997
PRODUCER_KERNEL_V1 stage=2 raw_iteration=2 ordinal=31 kernel=consume_resident_target threads=1 begin_tick=1975697379290125 end_tick=1975697379293458 ms_per_tick=9.9999999999999995e-07 device_ms=0.003333
PRODUCER_KERNEL_V1 stage=2 raw_iteration=2 ordinal=32 kernel=owner_issue_stage_seal threads=1 begin_tick=1975697379293875 end_tick=1975697379296833 ms_per_tick=9.9999999999999995e-07 device_ms=0.0029579999999999997
PRODUCER_KERNEL_V1 stage=2 raw_iteration=2 ordinal=33 kernel=fct_compatible_stage_rate threads=1533387 begin_tick=1975697379297333 end_tick=1975697379872333 ms_per_tick=9.9999999999999995e-07 device_ms=0.57499999999999996
PRODUCER_KERNEL_V1 stage=2 raw_iteration=2 ordinal=34 kernel=owner_heun_momentum threads=1533387 begin_tick=1975697379872708 end_tick=1975697379963208 ms_per_tick=9.9999999999999995e-07 device_ms=0.090499999999999997
RISE_FIRE_OWNER_PROFILE_V1 {"scope":92,"parent":87,"phase":"BuildStageProducerGroup","stage":2,"raw_iteration":2,"iteration_kind":"picard","wall_ms":766.162542000,"device_sum_ms":683.022583136,"wall_minus_device_ms":83.139958864,"exclusive_wall_ms":766.162542000,"exclusive_device_sum_ms":683.022583136,"child_observer_wall_ms":0.000000000,"count_scope":"inclusive","owner_commits":1,"projection_invocations":0}
RISE_FIRE_OWNER_PROFILE_V1 {"scope":93,"parent":87,"phase":"Residual","stage":2,"raw_iteration":2,"iteration_kind":"picard","wall_ms":0.377833000,"device_sum_ms":0.108500011,"wall_minus_device_ms":0.269332989,"exclusive_wall_ms":0.377833000,"exclusive_device_sum_ms":0.108500011,"child_observer_wall_ms":0.000000000,"count_scope":"inclusive","owner_commits":1,"projection_invocations":0}
RISE_FIRE_OWNER_PROFILE_V1 {"scope":96,"parent":95,"phase":"ProjectionAdapter","stage":2,"raw_iteration":2147483650,"iteration_kind":"terminal","wall_ms":14.737125000,"device_sum_ms":8.785583079,"wall_minus_device_ms":5.951541921,"exclusive_wall_ms":14.737125000,"exclusive_device_sum_ms":8.785583079,"child_observer_wall_ms":0.000000000,"count_scope":"inclusive","owner_commits":0,"projection_invocations":1}
RISE_FIRE_OWNER_PROFILE_V1 {"scope":95,"parent":94,"phase":"Project","stage":2,"raw_iteration":2147483650,"iteration_kind":"terminal","wall_ms":15.382583000,"device_sum_ms":8.825208060,"wall_minus_device_ms":6.557374940,"exclusive_wall_ms":0.639500000,"exclusive_device_sum_ms":0.039624982,"child_observer_wall_ms":0.005958000,"count_scope":"inclusive","owner_commits":2,"projection_invocations":1}
RISE_FIRE_OWNER_PROFILE_V1 {"scope":97,"parent":94,"phase":"ReadOpenClass","stage":2,"raw_iteration":2147483650,"iteration_kind":"terminal","wall_ms":0.217833000,"device_sum_ms":0.002375105,"wall_minus_device_ms":0.215457895,"exclusive_wall_ms":0.217833000,"exclusive_device_sum_ms":0.002375105,"child_observer_wall_ms":0.000000000,"count_scope":"inclusive","owner_commits":1,"projection_invocations":0}
RISE_FIRE_OWNER_PROFILE_V1 {"scope":98,"parent":94,"phase":"ReadOpenClass","stage":2,"raw_iteration":2147483650,"iteration_kind":"terminal","wall_ms":0.224166000,"device_sum_ms":0.002249843,"wall_minus_device_ms":0.221916157,"exclusive_wall_ms":0.224166000,"exclusive_device_sum_ms":0.002249843,"child_observer_wall_ms":0.000000000,"count_scope":"inclusive","owner_commits":1,"projection_invocations":0}
PRODUCER_COMMAND_V1 stage=2 raw_iteration=2147483650 cpu_begin=1975697396396625 cpu_end=1975698168651250 gpu_begin=1975697396396625 gpu_end=1975698168651250 device_ms=683.36591683328152 encoders=35 interval_scope=possibly_overlapping
PRODUCER_KERNEL_V1 stage=2 raw_iteration=2147483650 ordinal=0 kernel=owner_pack_faces threads=1533387 begin_tick=1975697485190416 end_tick=1975697485249000 ms_per_tick=9.9999999999999995e-07 device_ms=0.058583999999999997
PRODUCER_KERNEL_V1 stage=2 raw_iteration=2147483650 ordinal=1 kernel=owner_pack_faces threads=1533387 begin_tick=1975697485248708 end_tick=1975697485555833 ms_per_tick=9.9999999999999995e-07 device_ms=0.30712499999999998
PRODUCER_KERNEL_V1 stage=2 raw_iteration=2147483650 ordinal=2 kernel=owner_pack_faces threads=1533387 begin_tick=1975697485185500 end_tick=1975697485248708 ms_per_tick=9.9999999999999995e-07 device_ms=0.063208
PRODUCER_KERNEL_V1 stage=2 raw_iteration=2147483650 ordinal=3 kernel=fct_extract_gas_density threads=504666 begin_tick=1975697485249583 end_tick=1975697485308833 ms_per_tick=9.9999999999999995e-07 device_ms=0.059249999999999997
PRODUCER_KERNEL_V1 stage=2 raw_iteration=2147483650 ordinal=4 kernel=owner_gas_source threads=504666 begin_tick=1975697485556208 end_tick=1975697485751250 ms_per_tick=9.9999999999999995e-07 device_ms=0.19504199999999999
PRODUCER_KERNEL_V1 stage=2 raw_iteration=2147483650 ordinal=5 kernel=evaluate_resident_transport threads=504666 begin_tick=1975697485308833 end_tick=1975697485765166 ms_per_tick=9.9999999999999995e-07 device_ms=0.45633299999999999
PRODUCER_KERNEL_V1 stage=2 raw_iteration=2147483650 ordinal=6 kernel=identify_resident_transport threads=1 begin_tick=1975697485765583 end_tick=1975697485768333 ms_per_tick=9.9999999999999995e-07 device_ms=0.0027499999999999998
PRODUCER_KERNEL_V1 stage=2 raw_iteration=2147483650 ordinal=7 kernel=owner_bind_transport threads=1 begin_tick=1975697485768875 end_tick=1975697485772333 ms_per_tick=9.9999999999999995e-07 device_ms=0.0034579999999999997
PRODUCER_KERNEL_V1 stage=2 raw_iteration=2147483650 ordinal=8 kernel=identify_resident_owner_endpoint_class threads=1 begin_tick=1975697485772750 end_tick=1975697485776000 ms_per_tick=9.9999999999999995e-07 device_ms=0.0032499999999999999
PRODUCER_KERNEL_V1 stage=2 raw_iteration=2147483650 ordinal=9 kernel=evaluate_resident_physical_flux threads=1533387 begin_tick=1975697486701541 end_tick=1975697487817375 ms_per_tick=9.9999999999999995e-07 device_ms=1.115834
PRODUCER_KERNEL_V1 stage=2 raw_iteration=2147483650 ordinal=10 kernel=evaluate_resident_advective_pair threads=13800483 begin_tick=1975697488220791 end_tick=1975697495579916 ms_per_tick=9.9999999999999995e-07 device_ms=7.3591249999999997
PRODUCER_KERNEL_V1 stage=2 raw_iteration=2147483650 ordinal=11 kernel=finalize_resident_advective_high threads=13800483 begin_tick=1975697495614458 end_tick=1975697496035416 ms_per_tick=9.9999999999999995e-07 device_ms=0.420958
PRODUCER_KERNEL_V1 stage=2 raw_iteration=2147483650 ordinal=12 kernel=compose_resident_flux_pair threads=13800483 begin_tick=1975697496035875 end_tick=1975697496913000 ms_per_tick=9.9999999999999995e-07 device_ms=0.87712499999999993
PRODUCER_KERNEL_V1 stage=2 raw_iteration=2147483650 ordinal=13 kernel=validate_resident_physical_flux threads=13800483 begin_tick=1975697496913583 end_tick=1975697497799333 ms_per_tick=9.9999999999999995e-07 device_ms=0.88574999999999993
PRODUCER_KERNEL_V1 stage=2 raw_iteration=2147483650 ordinal=14 kernel=identify_resident_physical_flux threads=32 begin_tick=1975697497800000 end_tick=1975697497803416 ms_per_tick=9.9999999999999995e-07 device_ms=0.0034159999999999998
PRODUCER_KERNEL_V1 stage=2 raw_iteration=2147483650 ordinal=15 kernel=owner_bind_candidate threads=1 begin_tick=1975697497803791 end_tick=1975697497807416 ms_per_tick=9.9999999999999995e-07 device_ms=0.0036249999999999998
PRODUCER_KERNEL_V1 stage=2 raw_iteration=2147483650 ordinal=16 kernel=finalize_resident_eos_candidate threads=1 begin_tick=1975697497807708 end_tick=1975697497810083 ms_per_tick=9.9999999999999995e-07 device_ms=0.0023749999999999999
PRODUCER_KERNEL_V1 stage=2 raw_iteration=2147483650 ordinal=17 kernel=evaluate_resident_eos_candidate threads=504666 begin_tick=1975697497811166 end_tick=1975698053161291 ms_per_tick=9.9999999999999995e-07 device_ms=555.35012499999993
PRODUCER_KERNEL_V1 stage=2 raw_iteration=2147483650 ordinal=18 kernel=finalize_resident_eos_candidate threads=1 begin_tick=1975698053180125 end_tick=1975698053182708 ms_per_tick=9.9999999999999995e-07 device_ms=0.0025829999999999998
PRODUCER_KERNEL_V1 stage=2 raw_iteration=2147483650 ordinal=19 kernel=identify_resident_eos threads=1 begin_tick=1975698053183208 end_tick=1975698053186000 ms_per_tick=9.9999999999999995e-07 device_ms=0.0027919999999999998
PRODUCER_KERNEL_V1 stage=2 raw_iteration=2147483650 ordinal=20 kernel=produce_resident_frozen_source threads=504666 begin_tick=1975698053186333 end_tick=1975698053219000 ms_per_tick=9.9999999999999995e-07 device_ms=0.032667000000000002
PRODUCER_KERNEL_V1 stage=2 raw_iteration=2147483650 ordinal=21 kernel=identify_resident_frozen_source threads=1 begin_tick=1975698053219541 end_tick=1975698053222375 ms_per_tick=9.9999999999999995e-07 device_ms=0.0028339999999999997
PRODUCER_KERNEL_V1 stage=2 raw_iteration=2147483650 ordinal=22 kernel=evaluate_resident_target_terms threads=504666 begin_tick=1975698053222625 end_tick=1975698167813916 ms_per_tick=9.9999999999999995e-07 device_ms=114.591291
PRODUCER_KERNEL_V1 stage=2 raw_iteration=2147483650 ordinal=23 kernel=finalize_resident_target threads=1 begin_tick=1975698167831458 end_tick=1975698167834583 ms_per_tick=9.9999999999999995e-07 device_ms=0.0031249999999999997
PRODUCER_KERNEL_V1 stage=2 raw_iteration=2147483650 ordinal=24 kernel=identify_resident_target threads=1 begin_tick=1975698167834875 end_tick=1975698167837916 ms_per_tick=9.9999999999999995e-07 device_ms=0.0030409999999999999
PRODUCER_KERNEL_V1 stage=2 raw_iteration=2147483650 ordinal=25 kernel=issue_resident_projection_consumer threads=1 begin_tick=1975698167838375 end_tick=1975698167842333 ms_per_tick=9.9999999999999995e-07 device_ms=0.0039579999999999997
PRODUCER_KERNEL_V1 stage=2 raw_iteration=2147483650 ordinal=26 kernel=consume_resident_target threads=1 begin_tick=1975698167842750 end_tick=1975698167847000 ms_per_tick=9.9999999999999995e-07 device_ms=0.0042499999999999994
PRODUCER_KERNEL_V1 stage=2 raw_iteration=2147483650 ordinal=27 kernel=owner_compose_target threads=504666 begin_tick=1975698167847416 end_tick=1975698167877750 ms_per_tick=9.9999999999999995e-07 device_ms=0.030334
PRODUCER_KERNEL_V1 stage=2 raw_iteration=2147483650 ordinal=28 kernel=finalize_resident_target threads=1 begin_tick=1975698167878083 end_tick=1975698167880583 ms_per_tick=9.9999999999999995e-07 device_ms=0.0025000000000000001
PRODUCER_KERNEL_V1 stage=2 raw_iteration=2147483650 ordinal=29 kernel=owner_identify_target threads=1 begin_tick=1975698167881166 end_tick=1975698167884208 ms_per_tick=9.9999999999999995e-07 device_ms=0.003042
PRODUCER_KERNEL_V1 stage=2 raw_iteration=2147483650 ordinal=30 kernel=issue_resident_projection_consumer threads=1 begin_tick=1975698167884625 end_tick=1975698167887458 ms_per_tick=9.9999999999999995e-07 device_ms=0.002833
PRODUCER_KERNEL_V1 stage=2 raw_iteration=2147483650 ordinal=31 kernel=consume_resident_target threads=1 begin_tick=1975698167887958 end_tick=1975698167891000 ms_per_tick=9.9999999999999995e-07 device_ms=0.003042
PRODUCER_KERNEL_V1 stage=2 raw_iteration=2147483650 ordinal=32 kernel=owner_issue_stage_seal threads=1 begin_tick=1975698167891416 end_tick=1975698167894416 ms_per_tick=9.9999999999999995e-07 device_ms=0.0030000000000000001
PRODUCER_KERNEL_V1 stage=2 raw_iteration=2147483650 ordinal=33 kernel=fct_compatible_stage_rate threads=1533387 begin_tick=1975698167894916 end_tick=1975698168455250 ms_per_tick=9.9999999999999995e-07 device_ms=0.560334
PRODUCER_KERNEL_V1 stage=2 raw_iteration=2147483650 ordinal=34 kernel=owner_heun_momentum threads=1533387 begin_tick=1975698168455750 end_tick=1975698168545458 ms_per_tick=9.9999999999999995e-07 device_ms=0.089707999999999996
RISE_FIRE_OWNER_PROFILE_V1 {"scope":99,"parent":94,"phase":"BuildStageProducerGroup","stage":2,"raw_iteration":2147483650,"iteration_kind":"terminal","wall_ms":772.370083000,"device_sum_ms":683.365916833,"wall_minus_device_ms":89.004166167,"exclusive_wall_ms":772.370083000,"exclusive_device_sum_ms":683.365916833,"child_observer_wall_ms":0.000000000,"count_scope":"inclusive","owner_commits":1,"projection_invocations":0}
RISE_FIRE_OWNER_PROFILE_V1 {"scope":100,"parent":94,"phase":"Residual","stage":2,"raw_iteration":2147483650,"iteration_kind":"terminal","wall_ms":0.426791000,"device_sum_ms":0.112624839,"wall_minus_device_ms":0.314166161,"exclusive_wall_ms":0.426791000,"exclusive_device_sum_ms":0.112624839,"child_observer_wall_ms":0.000000000,"count_scope":"inclusive","owner_commits":1,"projection_invocations":0}
RISE_FIRE_OWNER_PROFILE_V1 {"scope":94,"parent":87,"phase":"TerminalVerification","stage":2,"raw_iteration":2147483650,"iteration_kind":"terminal","wall_ms":788.645708000,"device_sum_ms":692.308374681,"wall_minus_device_ms":96.337333319,"exclusive_wall_ms":0.004375000,"exclusive_device_sum_ms":0.000000000,"child_observer_wall_ms":0.019877000,"count_scope":"inclusive","owner_commits":6,"projection_invocations":1}
RISE_FIRE_OWNER_PROFILE_V1 {"scope":87,"parent":69,"phase":"PicardIteration","stage":2,"raw_iteration":2,"iteration_kind":"picard","wall_ms":1572.407666000,"device_sum_ms":1384.564791108,"wall_minus_device_ms":187.842874892,"exclusive_wall_ms":1.045875000,"exclusive_device_sum_ms":0.000000000,"child_observer_wall_ms":0.022667000,"count_scope":"inclusive","owner_commits":12,"projection_invocations":2}
RISE_FIRE_OWNER_PROFILE_V1 {"scope":69,"parent":1,"phase":"SolveStage","stage":2,"raw_iteration":4294967295,"iteration_kind":"bootstrap","wall_ms":3994.240625000,"device_sum_ms":3510.937790386,"wall_minus_device_ms":483.302834614,"exclusive_wall_ms":2.687459000,"exclusive_device_sum_ms":0.000000000,"child_observer_wall_ms":0.020916000,"count_scope":"inclusive","owner_commits":27,"projection_invocations":5}
RISE_FIRE_OWNER_PROFILE_V1 {"scope":101,"parent":1,"phase":"TerminalPublication","stage":4294967295,"raw_iteration":4294967295,"iteration_kind":"owner","wall_ms":15.213667000,"device_sum_ms":7.596374955,"wall_minus_device_ms":7.617292045,"exclusive_wall_ms":15.213667000,"exclusive_device_sum_ms":7.596374955,"child_observer_wall_ms":0.000000000,"count_scope":"inclusive","owner_commits":1,"projection_invocations":0}
RISE_FIRE_OWNER_PROFILE_V1 {"scope":1,"parent":0,"phase":"OwnerRun","stage":4294967295,"raw_iteration":4294967295,"iteration_kind":"owner","wall_ms":12169.118041000,"device_sum_ms":10608.806332573,"wall_minus_device_ms":1560.311708427,"exclusive_wall_ms":8.686374000,"exclusive_device_sum_ms":0.020041829,"child_observer_wall_ms":0.033417000,"count_scope":"inclusive","owner_commits":86,"projection_invocations":15}
capstone accepted step=2 time=0.00329253194 dt=0.00164626597 Tmax=305.218193 qmax=0 eos_max=4.70601489e-05 approach_eos_max=4.70601489e-05 limiter_class=continuous limiter_discrepancy=0 active_set_class=continuous active_set_discrepancy=0 active_set_cycle=0 active_set_faces=0
capstone step-start=2 speed=0.154281661 gprime=0.178086095 nu=0.000104673754 selected=0.00181089257 previous=0.00164626597
capstone event-step=0.00164626597 pilot_ceiling=0.0115509308 ramp_end=0.209320803
RISE_FIRE_OWNER_PROFILE_V1 {"scope":2,"parent":1,"phase":"Prepare","stage":4294967295,"raw_iteration":4294967295,"iteration_kind":"owner","wall_ms":97.528667000,"device_sum_ms":3.478999948,"wall_minus_device_ms":94.049667052,"exclusive_wall_ms":97.528667000,"exclusive_device_sum_ms":3.478999948,"child_observer_wall_ms":0.000000000,"count_scope":"inclusive","owner_commits":1,"projection_invocations":0}
RISE_FIRE_OWNER_PROFILE_V1 {"scope":5,"parent":4,"phase":"ProjectionAdapter","stage":0,"raw_iteration":4294967295,"iteration_kind":"bootstrap","wall_ms":21.656792000,"device_sum_ms":15.749333194,"wall_minus_device_ms":5.907458806,"exclusive_wall_ms":21.656792000,"exclusive_device_sum_ms":15.749333194,"child_observer_wall_ms":0.000000000,"count_scope":"inclusive","owner_commits":0,"projection_invocations":1}
RISE_FIRE_OWNER_PROFILE_V1 {"scope":4,"parent":3,"phase":"Project","stage":0,"raw_iteration":4294967295,"iteration_kind":"bootstrap","wall_ms":23.151125000,"device_sum_ms":15.839249594,"wall_minus_device_ms":7.311875406,"exclusive_wall_ms":1.486958000,"exclusive_device_sum_ms":0.089916401,"child_observer_wall_ms":0.007375000,"count_scope":"inclusive","owner_commits":2,"projection_invocations":1}
PRODUCER_COMMAND_V1 stage=0 raw_iteration=4294967295 cpu_begin=1975699433565958 cpu_end=1975700255675666 gpu_begin=1975699433565958 gpu_end=1975700255675666 device_ms=735.91170832514763 encoders=38 interval_scope=possibly_overlapping
PRODUCER_KERNEL_V1 stage=0 raw_iteration=4294967295 ordinal=0 kernel=owner_pack_faces threads=1533387 begin_tick=1975699519626875 end_tick=1975699519706541 ms_per_tick=9.9999999999999995e-07 device_ms=0.079666000000000001
PRODUCER_KERNEL_V1 stage=0 raw_iteration=4294967295 ordinal=1 kernel=owner_pack_faces threads=1533387 begin_tick=1975699519685708 end_tick=1975699520094583 ms_per_tick=9.9999999999999995e-07 device_ms=0.40887499999999999
PRODUCER_KERNEL_V1 stage=0 raw_iteration=4294967295 ordinal=2 kernel=owner_pack_faces threads=1533387 begin_tick=1975699519609166 end_tick=1975699519685708 ms_per_tick=9.9999999999999995e-07 device_ms=0.076541999999999999
PRODUCER_KERNEL_V1 stage=0 raw_iteration=4294967295 ordinal=3 kernel=fct_extract_gas_density threads=504666 begin_tick=1975699519707125 end_tick=1975699519754375 ms_per_tick=9.9999999999999995e-07 device_ms=0.04725
PRODUCER_KERNEL_V1 stage=0 raw_iteration=4294967295 ordinal=4 kernel=owner_gas_source threads=504666 begin_tick=1975699520095041 end_tick=1975699520571625 ms_per_tick=9.9999999999999995e-07 device_ms=0.47658399999999995
PRODUCER_KERNEL_V1 stage=0 raw_iteration=4294967295 ordinal=5 kernel=evaluate_resident_transport threads=504666 begin_tick=1975699519754375 end_tick=1975699520605333 ms_per_tick=9.9999999999999995e-07 device_ms=0.85095799999999999
PRODUCER_KERNEL_V1 stage=0 raw_iteration=4294967295 ordinal=6 kernel=identify_resident_transport threads=1 begin_tick=1975699520606250 end_tick=1975699520611291 ms_per_tick=9.9999999999999995e-07 device_ms=0.0050409999999999995
PRODUCER_KERNEL_V1 stage=0 raw_iteration=4294967295 ordinal=7 kernel=owner_bind_transport threads=1 begin_tick=1975699520611916 end_tick=1975699520617791 ms_per_tick=9.9999999999999995e-07 device_ms=0.005875
PRODUCER_KERNEL_V1 stage=0 raw_iteration=4294967295 ordinal=8 kernel=identify_resident_owner_endpoint_class threads=1 begin_tick=1975699520618208 end_tick=1975699520623500 ms_per_tick=9.9999999999999995e-07 device_ms=0.0052919999999999998
PRODUCER_KERNEL_V1 stage=0 raw_iteration=4294967295 ordinal=9 kernel=evaluate_resident_physical_flux threads=1533387 begin_tick=1975699521247083 end_tick=1975699523993958 ms_per_tick=9.9999999999999995e-07 device_ms=2.7468749999999997
PRODUCER_KERNEL_V1 stage=0 raw_iteration=4294967295 ordinal=10 kernel=evaluate_resident_advective_pair threads=13800483 begin_tick=1975699522648708 end_tick=1975699537537000 ms_per_tick=9.9999999999999995e-07 device_ms=14.888292
PRODUCER_KERNEL_V1 stage=0 raw_iteration=4294967295 ordinal=11 kernel=finalize_resident_advective_high threads=13800483 begin_tick=1975699537539375 end_tick=1975699538152208 ms_per_tick=9.9999999999999995e-07 device_ms=0.61283299999999996
PRODUCER_KERNEL_V1 stage=0 raw_iteration=4294967295 ordinal=12 kernel=compose_resident_flux_pair threads=13800483 begin_tick=1975699538152625 end_tick=1975699539123000 ms_per_tick=9.9999999999999995e-07 device_ms=0.97037499999999999
PRODUCER_KERNEL_V1 stage=0 raw_iteration=4294967295 ordinal=13 kernel=validate_resident_physical_flux threads=13800483 begin_tick=1975699539123708 end_tick=1975699540012416 ms_per_tick=9.9999999999999995e-07 device_ms=0.88870799999999994
PRODUCER_KERNEL_V1 stage=0 raw_iteration=4294967295 ordinal=14 kernel=identify_resident_physical_flux threads=32 begin_tick=1975699540013166 end_tick=1975699540016583 ms_per_tick=9.9999999999999995e-07 device_ms=0.0034169999999999999
PRODUCER_KERNEL_V1 stage=0 raw_iteration=4294967295 ordinal=15 kernel=fct_build_ratios threads=5551326 begin_tick=1975699540017083 end_tick=1975699544088041 ms_per_tick=9.9999999999999995e-07 device_ms=4.0709580000000001
PRODUCER_KERNEL_V1 stage=0 raw_iteration=4294967295 ordinal=16 kernel=fct_build_face_alpha threads=1533387 begin_tick=1975699544104083 end_tick=1975699544379500 ms_per_tick=9.9999999999999995e-07 device_ms=0.27541699999999997
PRODUCER_KERNEL_V1 stage=0 raw_iteration=4294967295 ordinal=17 kernel=fct_commit_scalar threads=504666 begin_tick=1975699544380041 end_tick=1975699544578875 ms_per_tick=9.9999999999999995e-07 device_ms=0.19883399999999998
PRODUCER_KERNEL_V1 stage=0 raw_iteration=4294967295 ordinal=18 kernel=owner_bind_candidate threads=1 begin_tick=1975699544579250 end_tick=1975699544583291 ms_per_tick=9.9999999999999995e-07 device_ms=0.0040409999999999995
PRODUCER_KERNEL_V1 stage=0 raw_iteration=4294967295 ordinal=19 kernel=finalize_resident_eos_candidate threads=1 begin_tick=1975699544583750 end_tick=1975699544586416 ms_per_tick=9.9999999999999995e-07 device_ms=0.002666
PRODUCER_KERNEL_V1 stage=0 raw_iteration=4294967295 ordinal=20 kernel=evaluate_resident_eos_candidate threads=504666 begin_tick=1975699544587500 end_tick=1975700140093375 ms_per_tick=9.9999999999999995e-07 device_ms=595.50587499999995
PRODUCER_KERNEL_V1 stage=0 raw_iteration=4294967295 ordinal=21 kernel=finalize_resident_eos_candidate threads=1 begin_tick=1975700140111375 end_tick=1975700140113958 ms_per_tick=9.9999999999999995e-07 device_ms=0.0025829999999999998
PRODUCER_KERNEL_V1 stage=0 raw_iteration=4294967295 ordinal=22 kernel=identify_resident_eos threads=1 begin_tick=1975700140114291 end_tick=1975700140116916 ms_per_tick=9.9999999999999995e-07 device_ms=0.0026249999999999997
PRODUCER_KERNEL_V1 stage=0 raw_iteration=4294967295 ordinal=23 kernel=produce_resident_frozen_source threads=504666 begin_tick=1975700140117208 end_tick=1975700140148833 ms_per_tick=9.9999999999999995e-07 device_ms=0.031625
PRODUCER_KERNEL_V1 stage=0 raw_iteration=4294967295 ordinal=24 kernel=identify_resident_frozen_source threads=1 begin_tick=1975700140149166 end_tick=1975700140151666 ms_per_tick=9.9999999999999995e-07 device_ms=0.0025000000000000001
PRODUCER_KERNEL_V1 stage=0 raw_iteration=4294967295 ordinal=25 kernel=evaluate_resident_target_terms threads=504666 begin_tick=1975700140152125 end_tick=1975700254829125 ms_per_tick=9.9999999999999995e-07 device_ms=114.67699999999999
PRODUCER_KERNEL_V1 stage=0 raw_iteration=4294967295 ordinal=26 kernel=finalize_resident_target threads=1 begin_tick=1975700254846208 end_tick=1975700254849333 ms_per_tick=9.9999999999999995e-07 device_ms=0.0031249999999999997
PRODUCER_KERNEL_V1 stage=0 raw_iteration=4294967295 ordinal=27 kernel=identify_resident_target threads=1 begin_tick=1975700254849666 end_tick=1975700254852916 ms_per_tick=9.9999999999999995e-07 device_ms=0.0032499999999999999
PRODUCER_KERNEL_V1 stage=0 raw_iteration=4294967295 ordinal=28 kernel=issue_resident_projection_consumer threads=1 begin_tick=1975700254853375 end_tick=1975700254857333 ms_per_tick=9.9999999999999995e-07 device_ms=0.0039579999999999997
PRODUCER_KERNEL_V1 stage=0 raw_iteration=4294967295 ordinal=29 kernel=consume_resident_target threads=1 begin_tick=1975700254857750 end_tick=1975700254861958 ms_per_tick=9.9999999999999995e-07 device_ms=0.0042079999999999999
PRODUCER_KERNEL_V1 stage=0 raw_iteration=4294967295 ordinal=30 kernel=owner_compose_target threads=504666 begin_tick=1975700254862375 end_tick=1975700254893500 ms_per_tick=9.9999999999999995e-07 device_ms=0.031125
PRODUCER_KERNEL_V1 stage=0 raw_iteration=4294967295 ordinal=31 kernel=finalize_resident_target threads=1 begin_tick=1975700254893833 end_tick=1975700254896250 ms_per_tick=9.9999999999999995e-07 device_ms=0.0024169999999999999
PRODUCER_KERNEL_V1 stage=0 raw_iteration=4294967295 ordinal=32 kernel=owner_identify_target threads=1 begin_tick=1975700254896583 end_tick=1975700254899708 ms_per_tick=9.9999999999999995e-07 device_ms=0.0031249999999999997
PRODUCER_KERNEL_V1 stage=0 raw_iteration=4294967295 ordinal=33 kernel=issue_resident_projection_consumer threads=1 begin_tick=1975700254900041 end_tick=1975700254902916 ms_per_tick=9.9999999999999995e-07 device_ms=0.002875
PRODUCER_KERNEL_V1 stage=0 raw_iteration=4294967295 ordinal=34 kernel=consume_resident_target threads=1 begin_tick=1975700254903833 end_tick=1975700254907041 ms_per_tick=9.9999999999999995e-07 device_ms=0.0032079999999999999
PRODUCER_KERNEL_V1 stage=0 raw_iteration=4294967295 ordinal=35 kernel=owner_issue_stage_seal threads=1 begin_tick=1975700254907333 end_tick=1975700254910250 ms_per_tick=9.9999999999999995e-07 device_ms=0.0029169999999999999
PRODUCER_KERNEL_V1 stage=0 raw_iteration=4294967295 ordinal=36 kernel=fct_compatible_stage_rate threads=1533387 begin_tick=1975700254910916 end_tick=1975700255463625 ms_per_tick=9.9999999999999995e-07 device_ms=0.55270900000000001
PRODUCER_KERNEL_V1 stage=0 raw_iteration=4294967295 ordinal=37 kernel=owner_predict_momentum threads=1533387 begin_tick=1975700255464125 end_tick=1975700255513625 ms_per_tick=9.9999999999999995e-07 device_ms=0.049499999999999995
RISE_FIRE_OWNER_PROFILE_V1 {"scope":6,"parent":3,"phase":"BuildStageProducerGroup","stage":0,"raw_iteration":4294967295,"iteration_kind":"bootstrap","wall_ms":822.253792000,"device_sum_ms":735.911708325,"wall_minus_device_ms":86.342083675,"exclusive_wall_ms":822.253792000,"exclusive_device_sum_ms":735.911708325,"child_observer_wall_ms":0.000000000,"count_scope":"inclusive","owner_commits":1,"projection_invocations":0}
RISE_FIRE_OWNER_PROFILE_V1 {"scope":9,"parent":8,"phase":"ProjectionAdapter","stage":0,"raw_iteration":0,"iteration_kind":"picard","wall_ms":14.619750000,"device_sum_ms":8.522208314,"wall_minus_device_ms":6.097541686,"exclusive_wall_ms":14.619750000,"exclusive_device_sum_ms":8.522208314,"child_observer_wall_ms":0.000000000,"count_scope":"inclusive","owner_commits":0,"projection_invocations":1}
RISE_FIRE_OWNER_PROFILE_V1 {"scope":8,"parent":7,"phase":"Project","stage":0,"raw_iteration":0,"iteration_kind":"picard","wall_ms":15.414750000,"device_sum_ms":8.566624951,"wall_minus_device_ms":6.848125049,"exclusive_wall_ms":0.788417000,"exclusive_device_sum_ms":0.044416636,"child_observer_wall_ms":0.006583000,"count_scope":"inclusive","owner_commits":2,"projection_invocations":1}
RISE_FIRE_OWNER_PROFILE_V1 {"scope":10,"parent":7,"phase":"ReadOpenClass","stage":0,"raw_iteration":0,"iteration_kind":"picard","wall_ms":0.203166000,"device_sum_ms":0.002291752,"wall_minus_device_ms":0.200874248,"exclusive_wall_ms":0.203166000,"exclusive_device_sum_ms":0.002291752,"child_observer_wall_ms":0.000000000,"count_scope":"inclusive","owner_commits":1,"projection_invocations":0}
RISE_FIRE_OWNER_PROFILE_V1 {"scope":11,"parent":7,"phase":"ReadOpenClass","stage":0,"raw_iteration":0,"iteration_kind":"picard","wall_ms":0.173584000,"device_sum_ms":0.002374873,"wall_minus_device_ms":0.171209127,"exclusive_wall_ms":0.173584000,"exclusive_device_sum_ms":0.002374873,"child_observer_wall_ms":0.000000000,"count_scope":"inclusive","owner_commits":1,"projection_invocations":0}
PRODUCER_COMMAND_V1 stage=0 raw_iteration=0 cpu_begin=1975700271611333 cpu_end=1975701044196708 gpu_begin=1975700271611333 gpu_end=1975701044196708 device_ms=688.57975001446903 encoders=38 interval_scope=possibly_overlapping
PRODUCER_KERNEL_V1 stage=0 raw_iteration=0 ordinal=0 kernel=owner_pack_faces threads=1533387 begin_tick=1975700355480458 end_tick=1975700355541125 ms_per_tick=9.9999999999999995e-07 device_ms=0.060666999999999999
PRODUCER_KERNEL_V1 stage=0 raw_iteration=0 ordinal=1 kernel=owner_pack_faces threads=1533387 begin_tick=1975700355540833 end_tick=1975700355983333 ms_per_tick=9.9999999999999995e-07 device_ms=0.4425
PRODUCER_KERNEL_V1 stage=0 raw_iteration=0 ordinal=2 kernel=owner_pack_faces threads=1533387 begin_tick=1975700355475666 end_tick=1975700355540833 ms_per_tick=9.9999999999999995e-07 device_ms=0.065167000000000003
PRODUCER_KERNEL_V1 stage=0 raw_iteration=0 ordinal=3 kernel=fct_extract_gas_density threads=504666 begin_tick=1975700355983333 end_tick=1975700356009250 ms_per_tick=9.9999999999999995e-07 device_ms=0.025916999999999999
PRODUCER_KERNEL_V1 stage=0 raw_iteration=0 ordinal=4 kernel=owner_gas_source threads=504666 begin_tick=1975700356009250 end_tick=1975700356054416 ms_per_tick=9.9999999999999995e-07 device_ms=0.045165999999999998
PRODUCER_KERNEL_V1 stage=0 raw_iteration=0 ordinal=5 kernel=evaluate_resident_transport threads=504666 begin_tick=1975700355541500 end_tick=1975700356019625 ms_per_tick=9.9999999999999995e-07 device_ms=0.47812499999999997
PRODUCER_KERNEL_V1 stage=0 raw_iteration=0 ordinal=6 kernel=identify_resident_transport threads=1 begin_tick=1975700356020750 end_tick=1975700356045791 ms_per_tick=9.9999999999999995e-07 device_ms=0.025040999999999997
PRODUCER_KERNEL_V1 stage=0 raw_iteration=0 ordinal=7 kernel=owner_bind_transport threads=1 begin_tick=1975700356046250 end_tick=1975700356054958 ms_per_tick=9.9999999999999995e-07 device_ms=0.0087080000000000005
PRODUCER_KERNEL_V1 stage=0 raw_iteration=0 ordinal=8 kernel=identify_resident_owner_endpoint_class threads=1 begin_tick=1975700356055291 end_tick=1975700356058625 ms_per_tick=9.9999999999999995e-07 device_ms=0.0033339999999999997
PRODUCER_KERNEL_V1 stage=0 raw_iteration=0 ordinal=9 kernel=evaluate_resident_physical_flux threads=1533387 begin_tick=1975700357264250 end_tick=1975700358377208 ms_per_tick=9.9999999999999995e-07 device_ms=1.1129579999999999
PRODUCER_KERNEL_V1 stage=0 raw_iteration=0 ordinal=10 kernel=evaluate_resident_advective_pair threads=13800483 begin_tick=1975700358969958 end_tick=1975700366181500 ms_per_tick=9.9999999999999995e-07 device_ms=7.2115419999999997
PRODUCER_KERNEL_V1 stage=0 raw_iteration=0 ordinal=11 kernel=finalize_resident_advective_high threads=13800483 begin_tick=1975700366182125 end_tick=1975700366601666 ms_per_tick=9.9999999999999995e-07 device_ms=0.419541
PRODUCER_KERNEL_V1 stage=0 raw_iteration=0 ordinal=12 kernel=compose_resident_flux_pair threads=13800483 begin_tick=1975700366602083 end_tick=1975700367489333 ms_per_tick=9.9999999999999995e-07 device_ms=0.88724999999999998
PRODUCER_KERNEL_V1 stage=0 raw_iteration=0 ordinal=13 kernel=validate_resident_physical_flux threads=13800483 begin_tick=1975700367490041 end_tick=1975700368506791 ms_per_tick=9.9999999999999995e-07 device_ms=1.01675
PRODUCER_KERNEL_V1 stage=0 raw_iteration=0 ordinal=14 kernel=identify_resident_physical_flux threads=32 begin_tick=1975700368507208 end_tick=1975700368510583 ms_per_tick=9.9999999999999995e-07 device_ms=0.003375
PRODUCER_KERNEL_V1 stage=0 raw_iteration=0 ordinal=15 kernel=fct_build_ratios threads=5551326 begin_tick=1975700368511166 end_tick=1975700372212166 ms_per_tick=9.9999999999999995e-07 device_ms=3.7009999999999996
PRODUCER_KERNEL_V1 stage=0 raw_iteration=0 ordinal=16 kernel=fct_build_face_alpha threads=1533387 begin_tick=1975700372212750 end_tick=1975700372481791 ms_per_tick=9.9999999999999995e-07 device_ms=0.26904099999999997
PRODUCER_KERNEL_V1 stage=0 raw_iteration=0 ordinal=17 kernel=fct_commit_scalar threads=504666 begin_tick=1975700372482333 end_tick=1975700372677458 ms_per_tick=9.9999999999999995e-07 device_ms=0.19512499999999999
PRODUCER_KERNEL_V1 stage=0 raw_iteration=0 ordinal=18 kernel=owner_bind_candidate threads=1 begin_tick=1975700372677875 end_tick=1975700372681750 ms_per_tick=9.9999999999999995e-07 device_ms=0.003875
PRODUCER_KERNEL_V1 stage=0 raw_iteration=0 ordinal=19 kernel=finalize_resident_eos_candidate threads=1 begin_tick=1975700372682250 end_tick=1975700372684666 ms_per_tick=9.9999999999999995e-07 device_ms=0.0024159999999999997
PRODUCER_KERNEL_V1 stage=0 raw_iteration=0 ordinal=20 kernel=evaluate_resident_eos_candidate threads=504666 begin_tick=1975700372685791 end_tick=1975700928891416 ms_per_tick=9.9999999999999995e-07 device_ms=556.20562499999994
PRODUCER_KERNEL_V1 stage=0 raw_iteration=0 ordinal=21 kernel=finalize_resident_eos_candidate threads=1 begin_tick=1975700928910208 end_tick=1975700928912875 ms_per_tick=9.9999999999999995e-07 device_ms=0.0026669999999999997
PRODUCER_KERNEL_V1 stage=0 raw_iteration=0 ordinal=22 kernel=identify_resident_eos threads=1 begin_tick=1975700928913208 end_tick=1975700928915958 ms_per_tick=9.9999999999999995e-07 device_ms=0.0027499999999999998
PRODUCER_KERNEL_V1 stage=0 raw_iteration=0 ordinal=23 kernel=produce_resident_frozen_source threads=504666 begin_tick=1975700928916291 end_tick=1975700928948291 ms_per_tick=9.9999999999999995e-07 device_ms=0.032000000000000001
PRODUCER_KERNEL_V1 stage=0 raw_iteration=0 ordinal=24 kernel=identify_resident_frozen_source threads=1 begin_tick=1975700928948708 end_tick=1975700928951541 ms_per_tick=9.9999999999999995e-07 device_ms=0.002833
PRODUCER_KERNEL_V1 stage=0 raw_iteration=0 ordinal=25 kernel=evaluate_resident_target_terms threads=504666 begin_tick=1975700928951875 end_tick=1975701043349708 ms_per_tick=9.9999999999999995e-07 device_ms=114.39783299999999
PRODUCER_KERNEL_V1 stage=0 raw_iteration=0 ordinal=26 kernel=finalize_resident_target threads=1 begin_tick=1975701043367458 end_tick=1975701043370791 ms_per_tick=9.9999999999999995e-07 device_ms=0.003333
PRODUCER_KERNEL_V1 stage=0 raw_iteration=0 ordinal=27 kernel=identify_resident_target threads=1 begin_tick=1975701043371208 end_tick=1975701043374291 ms_per_tick=9.9999999999999995e-07 device_ms=0.0030829999999999998
PRODUCER_KERNEL_V1 stage=0 raw_iteration=0 ordinal=28 kernel=issue_resident_projection_consumer threads=1 begin_tick=1975701043374625 end_tick=1975701043378625 ms_per_tick=9.9999999999999995e-07 device_ms=0.0040000000000000001
PRODUCER_KERNEL_V1 stage=0 raw_iteration=0 ordinal=29 kernel=consume_resident_target threads=1 begin_tick=1975701043379083 end_tick=1975701043383208 ms_per_tick=9.9999999999999995e-07 device_ms=0.0041250000000000002
PRODUCER_KERNEL_V1 stage=0 raw_iteration=0 ordinal=30 kernel=owner_compose_target threads=504666 begin_tick=1975701043383666 end_tick=1975701043463166 ms_per_tick=9.9999999999999995e-07 device_ms=0.079500000000000001
PRODUCER_KERNEL_V1 stage=0 raw_iteration=0 ordinal=31 kernel=finalize_resident_target threads=1 begin_tick=1975701043463500 end_tick=1975701043466041 ms_per_tick=9.9999999999999995e-07 device_ms=0.0025409999999999999
PRODUCER_KERNEL_V1 stage=0 raw_iteration=0 ordinal=32 kernel=owner_identify_target threads=1 begin_tick=1975701043466375 end_tick=1975701043469375 ms_per_tick=9.9999999999999995e-07 device_ms=0.0030000000000000001
PRODUCER_KERNEL_V1 stage=0 raw_iteration=0 ordinal=33 kernel=issue_resident_projection_consumer threads=1 begin_tick=1975701043469791 end_tick=1975701043472833 ms_per_tick=9.9999999999999995e-07 device_ms=0.003042
PRODUCER_KERNEL_V1 stage=0 raw_iteration=0 ordinal=34 kernel=consume_resident_target threads=1 begin_tick=1975701043473166 end_tick=1975701043476166 ms_per_tick=9.9999999999999995e-07 device_ms=0.0030000000000000001
PRODUCER_KERNEL_V1 stage=0 raw_iteration=0 ordinal=35 kernel=owner_issue_stage_seal threads=1 begin_tick=1975701043476500 end_tick=1975701043479416 ms_per_tick=9.9999999999999995e-07 device_ms=0.0029159999999999998
PRODUCER_KERNEL_V1 stage=0 raw_iteration=0 ordinal=36 kernel=fct_compatible_stage_rate threads=1533387 begin_tick=1975701043480041 end_tick=1975701043999583 ms_per_tick=9.9999999999999995e-07 device_ms=0.51954199999999995
PRODUCER_KERNEL_V1 stage=0 raw_iteration=0 ordinal=37 kernel=owner_predict_momentum threads=1533387 begin_tick=1975701044000000 end_tick=1975701044049583 ms_per_tick=9.9999999999999995e-07 device_ms=0.049582999999999995
RISE_FIRE_OWNER_PROFILE_V1 {"scope":12,"parent":7,"phase":"BuildStageProducerGroup","stage":0,"raw_iteration":0,"iteration_kind":"picard","wall_ms":772.720042000,"device_sum_ms":688.579750014,"wall_minus_device_ms":84.140291986,"exclusive_wall_ms":772.720042000,"exclusive_device_sum_ms":688.579750014,"child_observer_wall_ms":0.000000000,"count_scope":"inclusive","owner_commits":1,"projection_invocations":0}
RISE_FIRE_OWNER_PROFILE_V1 {"scope":13,"parent":7,"phase":"Residual","stage":0,"raw_iteration":0,"iteration_kind":"picard","wall_ms":0.327417000,"device_sum_ms":0.021750107,"wall_minus_device_ms":0.305666893,"exclusive_wall_ms":0.327417000,"exclusive_device_sum_ms":0.021750107,"child_observer_wall_ms":0.000000000,"count_scope":"inclusive","owner_commits":1,"projection_invocations":0}
RISE_FIRE_OWNER_PROFILE_V1 {"scope":7,"parent":3,"phase":"PicardIteration","stage":0,"raw_iteration":0,"iteration_kind":"picard","wall_ms":789.465458000,"device_sum_ms":697.172791697,"wall_minus_device_ms":92.292666303,"exclusive_wall_ms":0.610291000,"exclusive_device_sum_ms":0.000000000,"child_observer_wall_ms":0.016208000,"count_scope":"inclusive","owner_commits":6,"projection_invocations":1}
RISE_FIRE_OWNER_PROFILE_V1 {"scope":16,"parent":15,"phase":"ProjectionAdapter","stage":0,"raw_iteration":1,"iteration_kind":"picard","wall_ms":14.032166000,"device_sum_ms":8.752624970,"wall_minus_device_ms":5.279541030,"exclusive_wall_ms":14.032166000,"exclusive_device_sum_ms":8.752624970,"child_observer_wall_ms":0.000000000,"count_scope":"inclusive","owner_commits":0,"projection_invocations":1}
RISE_FIRE_OWNER_PROFILE_V1 {"scope":15,"parent":14,"phase":"Project","stage":0,"raw_iteration":1,"iteration_kind":"picard","wall_ms":15.411375000,"device_sum_ms":8.800000185,"wall_minus_device_ms":6.611374815,"exclusive_wall_ms":1.374750000,"exclusive_device_sum_ms":0.047375215,"child_observer_wall_ms":0.004459000,"count_scope":"inclusive","owner_commits":2,"projection_invocations":1}
RISE_FIRE_OWNER_PROFILE_V1 {"scope":17,"parent":14,"phase":"ReadOpenClass","stage":0,"raw_iteration":1,"iteration_kind":"picard","wall_ms":0.186875000,"device_sum_ms":0.002458459,"wall_minus_device_ms":0.184416541,"exclusive_wall_ms":0.186875000,"exclusive_device_sum_ms":0.002458459,"child_observer_wall_ms":0.000000000,"count_scope":"inclusive","owner_commits":1,"projection_invocations":0}
RISE_FIRE_OWNER_PROFILE_V1 {"scope":18,"parent":14,"phase":"ReadOpenClass","stage":0,"raw_iteration":1,"iteration_kind":"picard","wall_ms":0.178083000,"device_sum_ms":0.002374873,"wall_minus_device_ms":0.175708127,"exclusive_wall_ms":0.178083000,"exclusive_device_sum_ms":0.002374873,"child_observer_wall_ms":0.000000000,"count_scope":"inclusive","owner_commits":1,"projection_invocations":0}
PRODUCER_COMMAND_V1 stage=0 raw_iteration=1 cpu_begin=1975701061073041 cpu_end=1975701865640458 gpu_begin=1975701061073041 gpu_end=1975701865640458 device_ms=721.49162483401597 encoders=38 interval_scope=possibly_overlapping
PRODUCER_KERNEL_V1 stage=0 raw_iteration=1 ordinal=0 kernel=owner_pack_faces threads=1533387 begin_tick=1975701144158125 end_tick=1975701144209166 ms_per_tick=9.9999999999999995e-07 device_ms=0.051040999999999996
PRODUCER_KERNEL_V1 stage=0 raw_iteration=1 ordinal=1 kernel=owner_pack_faces threads=1533387 begin_tick=1975701144227000 end_tick=1975701144278875 ms_per_tick=9.9999999999999995e-07 device_ms=0.051874999999999998
PRODUCER_KERNEL_V1 stage=0 raw_iteration=1 ordinal=2 kernel=owner_pack_faces threads=1533387 begin_tick=1975701144349666 end_tick=1975701144440125 ms_per_tick=9.9999999999999995e-07 device_ms=0.090458999999999998
PRODUCER_KERNEL_V1 stage=0 raw_iteration=1 ordinal=3 kernel=fct_extract_gas_density threads=504666 begin_tick=1975701144372875 end_tick=1975701144421708 ms_per_tick=9.9999999999999995e-07 device_ms=0.048832999999999994
PRODUCER_KERNEL_V1 stage=0 raw_iteration=1 ordinal=4 kernel=owner_gas_source threads=504666 begin_tick=1975701144421708 end_tick=1975701144470333 ms_per_tick=9.9999999999999995e-07 device_ms=0.048624999999999995
PRODUCER_KERNEL_V1 stage=0 raw_iteration=1 ordinal=5 kernel=evaluate_resident_transport threads=504666 begin_tick=1975701144562833 end_tick=1975701145014208 ms_per_tick=9.9999999999999995e-07 device_ms=0.45137499999999997
PRODUCER_KERNEL_V1 stage=0 raw_iteration=1 ordinal=6 kernel=identify_resident_transport threads=1 begin_tick=1975701145014625 end_tick=1975701145017166 ms_per_tick=9.9999999999999995e-07 device_ms=0.0025409999999999999
PRODUCER_KERNEL_V1 stage=0 raw_iteration=1 ordinal=7 kernel=owner_bind_transport threads=1 begin_tick=1975701145017625 end_tick=1975701145021000 ms_per_tick=9.9999999999999995e-07 device_ms=0.003375
PRODUCER_KERNEL_V1 stage=0 raw_iteration=1 ordinal=8 kernel=identify_resident_owner_endpoint_class threads=1 begin_tick=1975701145021333 end_tick=1975701145024541 ms_per_tick=9.9999999999999995e-07 device_ms=0.0032079999999999999
PRODUCER_KERNEL_V1 stage=0 raw_iteration=1 ordinal=9 kernel=evaluate_resident_physical_flux threads=1533387 begin_tick=1975701146044250 end_tick=1975701147156750 ms_per_tick=9.9999999999999995e-07 device_ms=1.1125
PRODUCER_KERNEL_V1 stage=0 raw_iteration=1 ordinal=10 kernel=evaluate_resident_advective_pair threads=13800483 begin_tick=1975701147514125 end_tick=1975701154786458 ms_per_tick=9.9999999999999995e-07 device_ms=7.2723329999999997
PRODUCER_KERNEL_V1 stage=0 raw_iteration=1 ordinal=11 kernel=finalize_resident_advective_high threads=13800483 begin_tick=1975701154787708 end_tick=1975701155206458 ms_per_tick=9.9999999999999995e-07 device_ms=0.41874999999999996
PRODUCER_KERNEL_V1 stage=0 raw_iteration=1 ordinal=12 kernel=compose_resident_flux_pair threads=13800483 begin_tick=1975701155206958 end_tick=1975701156072208 ms_per_tick=9.9999999999999995e-07 device_ms=0.86524999999999996
PRODUCER_KERNEL_V1 stage=0 raw_iteration=1 ordinal=13 kernel=validate_resident_physical_flux threads=13800483 begin_tick=1975701156072916 end_tick=1975701156964958 ms_per_tick=9.9999999999999995e-07 device_ms=0.892042
PRODUCER_KERNEL_V1 stage=0 raw_iteration=1 ordinal=14 kernel=identify_resident_physical_flux threads=32 begin_tick=1975701156965458 end_tick=1975701156968750 ms_per_tick=9.9999999999999995e-07 device_ms=0.0032919999999999998
PRODUCER_KERNEL_V1 stage=0 raw_iteration=1 ordinal=15 kernel=fct_build_ratios threads=5551326 begin_tick=1975701156969208 end_tick=1975701160896000 ms_per_tick=9.9999999999999995e-07 device_ms=3.9267919999999998
PRODUCER_KERNEL_V1 stage=0 raw_iteration=1 ordinal=16 kernel=fct_build_face_alpha threads=1533387 begin_tick=1975701160913833 end_tick=1975701161326500 ms_per_tick=9.9999999999999995e-07 device_ms=0.41266700000000001
PRODUCER_KERNEL_V1 stage=0 raw_iteration=1 ordinal=17 kernel=fct_commit_scalar threads=504666 begin_tick=1975701161327208 end_tick=1975701161534208 ms_per_tick=9.9999999999999995e-07 device_ms=0.20699999999999999
PRODUCER_KERNEL_V1 stage=0 raw_iteration=1 ordinal=18 kernel=owner_bind_candidate threads=1 begin_tick=1975701161534750 end_tick=1975701161538791 ms_per_tick=9.9999999999999995e-07 device_ms=0.0040409999999999995
PRODUCER_KERNEL_V1 stage=0 raw_iteration=1 ordinal=19 kernel=finalize_resident_eos_candidate threads=1 begin_tick=1975701161539375 end_tick=1975701161541708 ms_per_tick=9.9999999999999995e-07 device_ms=0.002333
PRODUCER_KERNEL_V1 stage=0 raw_iteration=1 ordinal=20 kernel=evaluate_resident_eos_candidate threads=504666 begin_tick=1975701161542166 end_tick=1975701750330875 ms_per_tick=9.9999999999999995e-07 device_ms=588.78870899999993
PRODUCER_KERNEL_V1 stage=0 raw_iteration=1 ordinal=21 kernel=finalize_resident_eos_candidate threads=1 begin_tick=1975701750348875 end_tick=1975701750351583 ms_per_tick=9.9999999999999995e-07 device_ms=0.0027079999999999999
PRODUCER_KERNEL_V1 stage=0 raw_iteration=1 ordinal=22 kernel=identify_resident_eos threads=1 begin_tick=1975701750351916 end_tick=1975701750354458 ms_per_tick=9.9999999999999995e-07 device_ms=0.002542
PRODUCER_KERNEL_V1 stage=0 raw_iteration=1 ordinal=23 kernel=produce_resident_frozen_source threads=504666 begin_tick=1975701750354791 end_tick=1975701750386458 ms_per_tick=9.9999999999999995e-07 device_ms=0.031667000000000001
PRODUCER_KERNEL_V1 stage=0 raw_iteration=1 ordinal=24 kernel=identify_resident_frozen_source threads=1 begin_tick=1975701750386875 end_tick=1975701750389625 ms_per_tick=9.9999999999999995e-07 device_ms=0.0027499999999999998
PRODUCER_KERNEL_V1 stage=0 raw_iteration=1 ordinal=25 kernel=evaluate_resident_target_terms threads=504666 begin_tick=1975701750390041 end_tick=1975701864803791 ms_per_tick=9.9999999999999995e-07 device_ms=114.41374999999999
PRODUCER_KERNEL_V1 stage=0 raw_iteration=1 ordinal=26 kernel=finalize_resident_target threads=1 begin_tick=1975701864821416 end_tick=1975701864824583 ms_per_tick=9.9999999999999995e-07 device_ms=0.0031669999999999997
PRODUCER_KERNEL_V1 stage=0 raw_iteration=1 ordinal=27 kernel=identify_resident_target threads=1 begin_tick=1975701864824958 end_tick=1975701864828125 ms_per_tick=9.9999999999999995e-07 device_ms=0.0031669999999999997
PRODUCER_KERNEL_V1 stage=0 raw_iteration=1 ordinal=28 kernel=issue_resident_projection_consumer threads=1 begin_tick=1975701864828458 end_tick=1975701864832375 ms_per_tick=9.9999999999999995e-07 device_ms=0.0039169999999999995
PRODUCER_KERNEL_V1 stage=0 raw_iteration=1 ordinal=29 kernel=consume_resident_target threads=1 begin_tick=1975701864832791 end_tick=1975701864837041 ms_per_tick=9.9999999999999995e-07 device_ms=0.0042499999999999994
PRODUCER_KERNEL_V1 stage=0 raw_iteration=1 ordinal=30 kernel=owner_compose_target threads=504666 begin_tick=1975701864837500 end_tick=1975701864916875 ms_per_tick=9.9999999999999995e-07 device_ms=0.079375000000000001
PRODUCER_KERNEL_V1 stage=0 raw_iteration=1 ordinal=31 kernel=finalize_resident_target threads=1 begin_tick=1975701864917166 end_tick=1975701864919666 ms_per_tick=9.9999999999999995e-07 device_ms=0.0025000000000000001
PRODUCER_KERNEL_V1 stage=0 raw_iteration=1 ordinal=32 kernel=owner_identify_target threads=1 begin_tick=1975701864920000 end_tick=1975701864923041 ms_per_tick=9.9999999999999995e-07 device_ms=0.0030409999999999999
PRODUCER_KERNEL_V1 stage=0 raw_iteration=1 ordinal=33 kernel=issue_resident_projection_consumer threads=1 begin_tick=1975701864923500 end_tick=1975701864926541 ms_per_tick=9.9999999999999995e-07 device_ms=0.0030409999999999999
PRODUCER_KERNEL_V1 stage=0 raw_iteration=1 ordinal=34 kernel=consume_resident_target threads=1 begin_tick=1975701864926958 end_tick=1975701864930000 ms_per_tick=9.9999999999999995e-07 device_ms=0.003042
PRODUCER_KERNEL_V1 stage=0 raw_iteration=1 ordinal=35 kernel=owner_issue_stage_seal threads=1 begin_tick=1975701864930333 end_tick=1975701864933333 ms_per_tick=9.9999999999999995e-07 device_ms=0.0030000000000000001
PRODUCER_KERNEL_V1 stage=0 raw_iteration=1 ordinal=36 kernel=fct_compatible_stage_rate threads=1533387 begin_tick=1975701864934000 end_tick=1975701865477958 ms_per_tick=9.9999999999999995e-07 device_ms=0.54395799999999994
PRODUCER_KERNEL_V1 stage=0 raw_iteration=1 ordinal=37 kernel=owner_predict_momentum threads=1533387 begin_tick=1975701865478375 end_tick=1975701865528416 ms_per_tick=9.9999999999999995e-07 device_ms=0.050040999999999995
RISE_FIRE_OWNER_PROFILE_V1 {"scope":19,"parent":14,"phase":"BuildStageProducerGroup","stage":0,"raw_iteration":1,"iteration_kind":"picard","wall_ms":804.722041000,"device_sum_ms":721.491624834,"wall_minus_device_ms":83.230416166,"exclusive_wall_ms":804.722041000,"exclusive_device_sum_ms":721.491624834,"child_observer_wall_ms":0.000000000,"count_scope":"inclusive","owner_commits":1,"projection_invocations":0}
RISE_FIRE_OWNER_PROFILE_V1 {"scope":20,"parent":14,"phase":"Residual","stage":0,"raw_iteration":1,"iteration_kind":"picard","wall_ms":0.434500000,"device_sum_ms":0.111416681,"wall_minus_device_ms":0.323083319,"exclusive_wall_ms":0.434500000,"exclusive_device_sum_ms":0.111416681,"child_observer_wall_ms":0.000000000,"count_scope":"inclusive","owner_commits":1,"projection_invocations":0}
RISE_FIRE_OWNER_PROFILE_V1 {"scope":14,"parent":3,"phase":"PicardIteration","stage":0,"raw_iteration":1,"iteration_kind":"picard","wall_ms":822.069834000,"device_sum_ms":730.407875031,"wall_minus_device_ms":91.661958969,"exclusive_wall_ms":1.114418000,"exclusive_device_sum_ms":0.000000000,"child_observer_wall_ms":0.022542000,"count_scope":"inclusive","owner_commits":6,"projection_invocations":1}
RISE_FIRE_OWNER_PROFILE_V1 {"scope":23,"parent":22,"phase":"ProjectionAdapter","stage":0,"raw_iteration":2,"iteration_kind":"picard","wall_ms":16.794208000,"device_sum_ms":9.045374813,"wall_minus_device_ms":7.748833187,"exclusive_wall_ms":16.794208000,"exclusive_device_sum_ms":9.045374813,"child_observer_wall_ms":0.000000000,"count_scope":"inclusive","owner_commits":0,"projection_invocations":1}
RISE_FIRE_OWNER_PROFILE_V1 {"scope":22,"parent":21,"phase":"Project","stage":0,"raw_iteration":2,"iteration_kind":"picard","wall_ms":18.498916000,"device_sum_ms":9.088749764,"wall_minus_device_ms":9.410166236,"exclusive_wall_ms":1.699541000,"exclusive_device_sum_ms":0.043374952,"child_observer_wall_ms":0.005167000,"count_scope":"inclusive","owner_commits":2,"projection_invocations":1}
RISE_FIRE_OWNER_PROFILE_V1 {"scope":24,"parent":21,"phase":"ReadOpenClass","stage":0,"raw_iteration":2,"iteration_kind":"picard","wall_ms":0.230750000,"device_sum_ms":0.002458459,"wall_minus_device_ms":0.228291541,"exclusive_wall_ms":0.230750000,"exclusive_device_sum_ms":0.002458459,"child_observer_wall_ms":0.000000000,"count_scope":"inclusive","owner_commits":1,"projection_invocations":0}
RISE_FIRE_OWNER_PROFILE_V1 {"scope":25,"parent":21,"phase":"ReadOpenClass","stage":0,"raw_iteration":2,"iteration_kind":"picard","wall_ms":0.211000000,"device_sum_ms":0.002375105,"wall_minus_device_ms":0.208624895,"exclusive_wall_ms":0.211000000,"exclusive_device_sum_ms":0.002375105,"child_observer_wall_ms":0.000000000,"count_scope":"inclusive","owner_commits":1,"projection_invocations":0}
PRODUCER_COMMAND_V1 stage=0 raw_iteration=2 cpu_begin=1975701886329666 cpu_end=1975702671804916 gpu_begin=1975701886329666 gpu_end=1975702671804916 device_ms=686.89362495206296 encoders=38 interval_scope=possibly_overlapping
PRODUCER_KERNEL_V1 stage=0 raw_iteration=2 ordinal=0 kernel=owner_pack_faces threads=1533387 begin_tick=1975701984773250 end_tick=1975701984833291 ms_per_tick=9.9999999999999995e-07 device_ms=0.060040999999999997
PRODUCER_KERNEL_V1 stage=0 raw_iteration=2 ordinal=1 kernel=owner_pack_faces threads=1533387 begin_tick=1975701984833041 end_tick=1975701985176000 ms_per_tick=9.9999999999999995e-07 device_ms=0.34295899999999996
PRODUCER_KERNEL_V1 stage=0 raw_iteration=2 ordinal=2 kernel=owner_pack_faces threads=1533387 begin_tick=1975701984767791 end_tick=1975701984833041 ms_per_tick=9.9999999999999995e-07 device_ms=0.065250000000000002
PRODUCER_KERNEL_V1 stage=0 raw_iteration=2 ordinal=3 kernel=fct_extract_gas_density threads=504666 begin_tick=1975701984833750 end_tick=1975701984898541 ms_per_tick=9.9999999999999995e-07 device_ms=0.064791000000000001
PRODUCER_KERNEL_V1 stage=0 raw_iteration=2 ordinal=4 kernel=owner_gas_source threads=504666 begin_tick=1975701985176708 end_tick=1975701985356125 ms_per_tick=9.9999999999999995e-07 device_ms=0.17941699999999999
PRODUCER_KERNEL_V1 stage=0 raw_iteration=2 ordinal=5 kernel=evaluate_resident_transport threads=504666 begin_tick=1975701984898541 end_tick=1975701985369416 ms_per_tick=9.9999999999999995e-07 device_ms=0.47087499999999999
PRODUCER_KERNEL_V1 stage=0 raw_iteration=2 ordinal=6 kernel=identify_resident_transport threads=1 begin_tick=1975701985370041 end_tick=1975701985372833 ms_per_tick=9.9999999999999995e-07 device_ms=0.0027919999999999998
PRODUCER_KERNEL_V1 stage=0 raw_iteration=2 ordinal=7 kernel=owner_bind_transport threads=1 begin_tick=1975701985373375 end_tick=1975701985377250 ms_per_tick=9.9999999999999995e-07 device_ms=0.003875
PRODUCER_KERNEL_V1 stage=0 raw_iteration=2 ordinal=8 kernel=identify_resident_owner_endpoint_class threads=1 begin_tick=1975701985377666 end_tick=1975701985381125 ms_per_tick=9.9999999999999995e-07 device_ms=0.0034589999999999998
PRODUCER_KERNEL_V1 stage=0 raw_iteration=2 ordinal=9 kernel=evaluate_resident_physical_flux threads=1533387 begin_tick=1975701986665958 end_tick=1975701987780458 ms_per_tick=9.9999999999999995e-07 device_ms=1.1145
PRODUCER_KERNEL_V1 stage=0 raw_iteration=2 ordinal=10 kernel=evaluate_resident_advective_pair threads=13800483 begin_tick=1975701988221166 end_tick=1975701995617166 ms_per_tick=9.9999999999999995e-07 device_ms=7.3959999999999999
PRODUCER_KERNEL_V1 stage=0 raw_iteration=2 ordinal=11 kernel=finalize_resident_advective_high threads=13800483 begin_tick=1975701995635958 end_tick=1975701996237500 ms_per_tick=9.9999999999999995e-07 device_ms=0.60154200000000002
PRODUCER_KERNEL_V1 stage=0 raw_iteration=2 ordinal=12 kernel=compose_resident_flux_pair threads=13800483 begin_tick=1975701996237916 end_tick=1975701997122958 ms_per_tick=9.9999999999999995e-07 device_ms=0.885042
PRODUCER_KERNEL_V1 stage=0 raw_iteration=2 ordinal=13 kernel=validate_resident_physical_flux threads=13800483 begin_tick=1975701997123500 end_tick=1975701997991458 ms_per_tick=9.9999999999999995e-07 device_ms=0.86795800000000001
PRODUCER_KERNEL_V1 stage=0 raw_iteration=2 ordinal=14 kernel=identify_resident_physical_flux threads=32 begin_tick=1975701997992166 end_tick=1975701997995375 ms_per_tick=9.9999999999999995e-07 device_ms=0.003209
PRODUCER_KERNEL_V1 stage=0 raw_iteration=2 ordinal=15 kernel=fct_build_ratios threads=5551326 begin_tick=1975701997995958 end_tick=1975702001614625 ms_per_tick=9.9999999999999995e-07 device_ms=3.6186669999999999
PRODUCER_KERNEL_V1 stage=0 raw_iteration=2 ordinal=16 kernel=fct_build_face_alpha threads=1533387 begin_tick=1975702001615166 end_tick=1975702001886083 ms_per_tick=9.9999999999999995e-07 device_ms=0.27091699999999996
PRODUCER_KERNEL_V1 stage=0 raw_iteration=2 ordinal=17 kernel=fct_commit_scalar threads=504666 begin_tick=1975702001886666 end_tick=1975702002079625 ms_per_tick=9.9999999999999995e-07 device_ms=0.19295899999999999
PRODUCER_KERNEL_V1 stage=0 raw_iteration=2 ordinal=18 kernel=owner_bind_candidate threads=1 begin_tick=1975702002080166 end_tick=1975702002088625 ms_per_tick=9.9999999999999995e-07 device_ms=0.0084589999999999995
PRODUCER_KERNEL_V1 stage=0 raw_iteration=2 ordinal=19 kernel=finalize_resident_eos_candidate threads=1 begin_tick=1975702002089083 end_tick=1975702002091750 ms_per_tick=9.9999999999999995e-07 device_ms=0.0026669999999999997
PRODUCER_KERNEL_V1 stage=0 raw_iteration=2 ordinal=20 kernel=evaluate_resident_eos_candidate threads=504666 begin_tick=1975702002092166 end_tick=1975702556213500 ms_per_tick=9.9999999999999995e-07 device_ms=554.12133399999993
PRODUCER_KERNEL_V1 stage=0 raw_iteration=2 ordinal=21 kernel=finalize_resident_eos_candidate threads=1 begin_tick=1975702556227250 end_tick=1975702556229958 ms_per_tick=9.9999999999999995e-07 device_ms=0.0027079999999999999
PRODUCER_KERNEL_V1 stage=0 raw_iteration=2 ordinal=22 kernel=identify_resident_eos threads=1 begin_tick=1975702556230291 end_tick=1975702556233166 ms_per_tick=9.9999999999999995e-07 device_ms=0.002875
PRODUCER_KERNEL_V1 stage=0 raw_iteration=2 ordinal=23 kernel=produce_resident_frozen_source threads=504666 begin_tick=1975702556233583 end_tick=1975702556266041 ms_per_tick=9.9999999999999995e-07 device_ms=0.032458000000000001
PRODUCER_KERNEL_V1 stage=0 raw_iteration=2 ordinal=24 kernel=identify_resident_frozen_source threads=1 begin_tick=1975702556266500 end_tick=1975702556269291 ms_per_tick=9.9999999999999995e-07 device_ms=0.0027910000000000001
PRODUCER_KERNEL_V1 stage=0 raw_iteration=2 ordinal=25 kernel=evaluate_resident_target_terms threads=504666 begin_tick=1975702556269708 end_tick=1975702670928250 ms_per_tick=9.9999999999999995e-07 device_ms=114.658542
PRODUCER_KERNEL_V1 stage=0 raw_iteration=2 ordinal=26 kernel=finalize_resident_target threads=1 begin_tick=1975702670945958 end_tick=1975702670948958 ms_per_tick=9.9999999999999995e-07 device_ms=0.0030000000000000001
PRODUCER_KERNEL_V1 stage=0 raw_iteration=2 ordinal=27 kernel=identify_resident_target threads=1 begin_tick=1975702670949250 end_tick=1975702670952416 ms_per_tick=9.9999999999999995e-07 device_ms=0.003166
PRODUCER_KERNEL_V1 stage=0 raw_iteration=2 ordinal=28 kernel=issue_resident_projection_consumer threads=1 begin_tick=1975702670952833 end_tick=1975702670956791 ms_per_tick=9.9999999999999995e-07 device_ms=0.0039579999999999997
PRODUCER_KERNEL_V1 stage=0 raw_iteration=2 ordinal=29 kernel=consume_resident_target threads=1 begin_tick=1975702670957083 end_tick=1975702670961166 ms_per_tick=9.9999999999999995e-07 device_ms=0.0040829999999999998
PRODUCER_KERNEL_V1 stage=0 raw_iteration=2 ordinal=30 kernel=owner_compose_target threads=504666 begin_tick=1975702670961583 end_tick=1975702671041250 ms_per_tick=9.9999999999999995e-07 device_ms=0.079667000000000002
PRODUCER_KERNEL_V1 stage=0 raw_iteration=2 ordinal=31 kernel=finalize_resident_target threads=1 begin_tick=1975702671041583 end_tick=1975702671044166 ms_per_tick=9.9999999999999995e-07 device_ms=0.0025829999999999998
PRODUCER_KERNEL_V1 stage=0 raw_iteration=2 ordinal=32 kernel=owner_identify_target threads=1 begin_tick=1975702671044583 end_tick=1975702671047625 ms_per_tick=9.9999999999999995e-07 device_ms=0.003042
PRODUCER_KERNEL_V1 stage=0 raw_iteration=2 ordinal=33 kernel=issue_resident_projection_consumer threads=1 begin_tick=1975702671047958 end_tick=1975702671050958 ms_per_tick=9.9999999999999995e-07 device_ms=0.0030000000000000001
PRODUCER_KERNEL_V1 stage=0 raw_iteration=2 ordinal=34 kernel=consume_resident_target threads=1 begin_tick=1975702671051291 end_tick=1975702671054416 ms_per_tick=9.9999999999999995e-07 device_ms=0.0031249999999999997
PRODUCER_KERNEL_V1 stage=0 raw_iteration=2 ordinal=35 kernel=owner_issue_stage_seal threads=1 begin_tick=1975702671054833 end_tick=1975702671057875 ms_per_tick=9.9999999999999995e-07 device_ms=0.003042
PRODUCER_KERNEL_V1 stage=0 raw_iteration=2 ordinal=36 kernel=fct_compatible_stage_rate threads=1533387 begin_tick=1975702671058416 end_tick=1975702671604708 ms_per_tick=9.9999999999999995e-07 device_ms=0.546292
PRODUCER_KERNEL_V1 stage=0 raw_iteration=2 ordinal=37 kernel=owner_predict_momentum threads=1533387 begin_tick=1975702671605125 end_tick=1975702671655250 ms_per_tick=9.9999999999999995e-07 device_ms=0.050124999999999996
RISE_FIRE_OWNER_PROFILE_V1 {"scope":26,"parent":21,"phase":"BuildStageProducerGroup","stage":0,"raw_iteration":2,"iteration_kind":"picard","wall_ms":785.634542000,"device_sum_ms":686.893624952,"wall_minus_device_ms":98.740917048,"exclusive_wall_ms":785.634542000,"exclusive_device_sum_ms":686.893624952,"child_observer_wall_ms":0.000000000,"count_scope":"inclusive","owner_commits":1,"projection_invocations":0}
RISE_FIRE_OWNER_PROFILE_V1 {"scope":27,"parent":21,"phase":"Residual","stage":0,"raw_iteration":2,"iteration_kind":"picard","wall_ms":0.398417000,"device_sum_ms":0.111791771,"wall_minus_device_ms":0.286625229,"exclusive_wall_ms":0.398417000,"exclusive_device_sum_ms":0.111791771,"child_observer_wall_ms":0.000000000,"count_scope":"inclusive","owner_commits":1,"projection_invocations":0}
RISE_FIRE_OWNER_PROFILE_V1 {"scope":30,"parent":29,"phase":"ProjectionAdapter","stage":0,"raw_iteration":2147483650,"iteration_kind":"terminal","wall_ms":14.368625000,"device_sum_ms":8.996333461,"wall_minus_device_ms":5.372291539,"exclusive_wall_ms":14.368625000,"exclusive_device_sum_ms":8.996333461,"child_observer_wall_ms":0.000000000,"count_scope":"inclusive","owner_commits":0,"projection_invocations":1}
RISE_FIRE_OWNER_PROFILE_V1 {"scope":29,"parent":28,"phase":"Project","stage":0,"raw_iteration":2147483650,"iteration_kind":"terminal","wall_ms":15.207584000,"device_sum_ms":9.038583376,"wall_minus_device_ms":6.169000624,"exclusive_wall_ms":0.834500000,"exclusive_device_sum_ms":0.042249914,"child_observer_wall_ms":0.004459000,"count_scope":"inclusive","owner_commits":2,"projection_invocations":1}
RISE_FIRE_OWNER_PROFILE_V1 {"scope":31,"parent":28,"phase":"ReadOpenClass","stage":0,"raw_iteration":2147483650,"iteration_kind":"terminal","wall_ms":0.214666000,"device_sum_ms":0.002250075,"wall_minus_device_ms":0.212415925,"exclusive_wall_ms":0.214666000,"exclusive_device_sum_ms":0.002250075,"child_observer_wall_ms":0.000000000,"count_scope":"inclusive","owner_commits":1,"projection_invocations":0}
RISE_FIRE_OWNER_PROFILE_V1 {"scope":32,"parent":28,"phase":"ReadOpenClass","stage":0,"raw_iteration":2147483650,"iteration_kind":"terminal","wall_ms":0.202416000,"device_sum_ms":0.002499903,"wall_minus_device_ms":0.199916097,"exclusive_wall_ms":0.202416000,"exclusive_device_sum_ms":0.002499903,"child_observer_wall_ms":0.000000000,"count_scope":"inclusive","owner_commits":1,"projection_invocations":0}
PRODUCER_COMMAND_V1 stage=0 raw_iteration=2147483650 cpu_begin=1975702687986291 cpu_end=1975703466124583 gpu_begin=1975702687986291 gpu_end=1975703466124583 device_ms=693.88124998658895 encoders=38 interval_scope=possibly_overlapping
PRODUCER_KERNEL_V1 stage=0 raw_iteration=2147483650 ordinal=0 kernel=owner_pack_faces threads=1533387 begin_tick=1975702772156625 end_tick=1975702772220583 ms_per_tick=9.9999999999999995e-07 device_ms=0.063958000000000001
PRODUCER_KERNEL_V1 stage=0 raw_iteration=2147483650 ordinal=1 kernel=owner_pack_faces threads=1533387 begin_tick=1975702772220375 end_tick=1975702772534791 ms_per_tick=9.9999999999999995e-07 device_ms=0.31441599999999997
PRODUCER_KERNEL_V1 stage=0 raw_iteration=2147483650 ordinal=2 kernel=owner_pack_faces threads=1533387 begin_tick=1975702772151416 end_tick=1975702772220375 ms_per_tick=9.9999999999999995e-07 device_ms=0.068958999999999993
PRODUCER_KERNEL_V1 stage=0 raw_iteration=2147483650 ordinal=3 kernel=fct_extract_gas_density threads=504666 begin_tick=1975702772221125 end_tick=1975702772288166 ms_per_tick=9.9999999999999995e-07 device_ms=0.067041000000000003
PRODUCER_KERNEL_V1 stage=0 raw_iteration=2147483650 ordinal=4 kernel=owner_gas_source threads=504666 begin_tick=1975702772535333 end_tick=1975702772745125 ms_per_tick=9.9999999999999995e-07 device_ms=0.20979199999999998
PRODUCER_KERNEL_V1 stage=0 raw_iteration=2147483650 ordinal=5 kernel=evaluate_resident_transport threads=504666 begin_tick=1975702772288166 end_tick=1975702772754916 ms_per_tick=9.9999999999999995e-07 device_ms=0.46675
PRODUCER_KERNEL_V1 stage=0 raw_iteration=2147483650 ordinal=6 kernel=identify_resident_transport threads=1 begin_tick=1975702772755333 end_tick=1975702772758291 ms_per_tick=9.9999999999999995e-07 device_ms=0.0029579999999999997
PRODUCER_KERNEL_V1 stage=0 raw_iteration=2147483650 ordinal=7 kernel=owner_bind_transport threads=1 begin_tick=1975702772758833 end_tick=1975702772762750 ms_per_tick=9.9999999999999995e-07 device_ms=0.0039169999999999995
PRODUCER_KERNEL_V1 stage=0 raw_iteration=2147483650 ordinal=8 kernel=identify_resident_owner_endpoint_class threads=1 begin_tick=1975702772763083 end_tick=1975702772766500 ms_per_tick=9.9999999999999995e-07 device_ms=0.0034169999999999999
PRODUCER_KERNEL_V1 stage=0 raw_iteration=2147483650 ordinal=9 kernel=evaluate_resident_physical_flux threads=1533387 begin_tick=1975702773746333 end_tick=1975702774912833 ms_per_tick=9.9999999999999995e-07 device_ms=1.1664999999999999
PRODUCER_KERNEL_V1 stage=0 raw_iteration=2147483650 ordinal=10 kernel=evaluate_resident_advective_pair threads=13800483 begin_tick=1975702775418333 end_tick=1975702782785916 ms_per_tick=9.9999999999999995e-07 device_ms=7.3675829999999998
PRODUCER_KERNEL_V1 stage=0 raw_iteration=2147483650 ordinal=11 kernel=finalize_resident_advective_high threads=13800483 begin_tick=1975702782803958 end_tick=1975702783420666 ms_per_tick=9.9999999999999995e-07 device_ms=0.61670799999999992
PRODUCER_KERNEL_V1 stage=0 raw_iteration=2147483650 ordinal=12 kernel=compose_resident_flux_pair threads=13800483 begin_tick=1975702783421208 end_tick=1975702784305208 ms_per_tick=9.9999999999999995e-07 device_ms=0.88400000000000001
PRODUCER_KERNEL_V1 stage=0 raw_iteration=2147483650 ordinal=13 kernel=validate_resident_physical_flux threads=13800483 begin_tick=1975702784305916 end_tick=1975702785158916 ms_per_tick=9.9999999999999995e-07 device_ms=0.85299999999999998
PRODUCER_KERNEL_V1 stage=0 raw_iteration=2147483650 ordinal=14 kernel=identify_resident_physical_flux threads=32 begin_tick=1975702785159541 end_tick=1975702785162666 ms_per_tick=9.9999999999999995e-07 device_ms=0.0031249999999999997
PRODUCER_KERNEL_V1 stage=0 raw_iteration=2147483650 ordinal=15 kernel=fct_build_ratios threads=5551326 begin_tick=1975702785163125 end_tick=1975702788762875 ms_per_tick=9.9999999999999995e-07 device_ms=3.5997499999999998
PRODUCER_KERNEL_V1 stage=0 raw_iteration=2147483650 ordinal=16 kernel=fct_build_face_alpha threads=1533387 begin_tick=1975702788763541 end_tick=1975702789031791 ms_per_tick=9.9999999999999995e-07 device_ms=0.26824999999999999
PRODUCER_KERNEL_V1 stage=0 raw_iteration=2147483650 ordinal=17 kernel=fct_commit_scalar threads=504666 begin_tick=1975702789032375 end_tick=1975702789225375 ms_per_tick=9.9999999999999995e-07 device_ms=0.193
PRODUCER_KERNEL_V1 stage=0 raw_iteration=2147483650 ordinal=18 kernel=owner_bind_candidate threads=1 begin_tick=1975702789225916 end_tick=1975702789229750 ms_per_tick=9.9999999999999995e-07 device_ms=0.0038339999999999997
PRODUCER_KERNEL_V1 stage=0 raw_iteration=2147483650 ordinal=19 kernel=finalize_resident_eos_candidate threads=1 begin_tick=1975702789230333 end_tick=1975702789232625 ms_per_tick=9.9999999999999995e-07 device_ms=0.0022919999999999998
PRODUCER_KERNEL_V1 stage=0 raw_iteration=2147483650 ordinal=20 kernel=evaluate_resident_eos_candidate threads=504666 begin_tick=1975702789233041 end_tick=1975703348702875 ms_per_tick=9.9999999999999995e-07 device_ms=559.46983399999999
PRODUCER_KERNEL_V1 stage=0 raw_iteration=2147483650 ordinal=21 kernel=finalize_resident_eos_candidate threads=1 begin_tick=1975703348730583 end_tick=1975703348733166 ms_per_tick=9.9999999999999995e-07 device_ms=0.0025829999999999998
PRODUCER_KERNEL_V1 stage=0 raw_iteration=2147483650 ordinal=22 kernel=identify_resident_eos threads=1 begin_tick=1975703348733500 end_tick=1975703348736166 ms_per_tick=9.9999999999999995e-07 device_ms=0.002666
PRODUCER_KERNEL_V1 stage=0 raw_iteration=2147483650 ordinal=23 kernel=produce_resident_frozen_source threads=504666 begin_tick=1975703348736500 end_tick=1975703348768083 ms_per_tick=9.9999999999999995e-07 device_ms=0.031583
PRODUCER_KERNEL_V1 stage=0 raw_iteration=2147483650 ordinal=24 kernel=identify_resident_frozen_source threads=1 begin_tick=1975703348768375 end_tick=1975703348771000 ms_per_tick=9.9999999999999995e-07 device_ms=0.0026249999999999997
PRODUCER_KERNEL_V1 stage=0 raw_iteration=2147483650 ordinal=25 kernel=evaluate_resident_target_terms threads=504666 begin_tick=1975703348771333 end_tick=1975703465156458 ms_per_tick=9.9999999999999995e-07 device_ms=116.38512499999999
PRODUCER_KERNEL_V1 stage=0 raw_iteration=2147483650 ordinal=26 kernel=finalize_resident_target threads=1 begin_tick=1975703465351208 end_tick=1975703465354375 ms_per_tick=9.9999999999999995e-07 device_ms=0.0031669999999999997
PRODUCER_KERNEL_V1 stage=0 raw_iteration=2147483650 ordinal=27 kernel=identify_resident_target threads=1 begin_tick=1975703465354708 end_tick=1975703465357750 ms_per_tick=9.9999999999999995e-07 device_ms=0.003042
PRODUCER_KERNEL_V1 stage=0 raw_iteration=2147483650 ordinal=28 kernel=issue_resident_projection_consumer threads=1 begin_tick=1975703465358083 end_tick=1975703465362125 ms_per_tick=9.9999999999999995e-07 device_ms=0.0040419999999999996
PRODUCER_KERNEL_V1 stage=0 raw_iteration=2147483650 ordinal=29 kernel=consume_resident_target threads=1 begin_tick=1975703465362458 end_tick=1975703465366875 ms_per_tick=9.9999999999999995e-07 device_ms=0.0044169999999999999
PRODUCER_KERNEL_V1 stage=0 raw_iteration=2147483650 ordinal=30 kernel=owner_compose_target threads=504666 begin_tick=1975703465367208 end_tick=1975703465446625 ms_per_tick=9.9999999999999995e-07 device_ms=0.079417000000000001
PRODUCER_KERNEL_V1 stage=0 raw_iteration=2147483650 ordinal=31 kernel=finalize_resident_target threads=1 begin_tick=1975703465446958 end_tick=1975703465449375 ms_per_tick=9.9999999999999995e-07 device_ms=0.0024169999999999999
PRODUCER_KERNEL_V1 stage=0 raw_iteration=2147483650 ordinal=32 kernel=owner_identify_target threads=1 begin_tick=1975703465449708 end_tick=1975703465452833 ms_per_tick=9.9999999999999995e-07 device_ms=0.0031249999999999997
PRODUCER_KERNEL_V1 stage=0 raw_iteration=2147483650 ordinal=33 kernel=issue_resident_projection_consumer threads=1 begin_tick=1975703465453125 end_tick=1975703465456291 ms_per_tick=9.9999999999999995e-07 device_ms=0.003166
PRODUCER_KERNEL_V1 stage=0 raw_iteration=2147483650 ordinal=34 kernel=consume_resident_target threads=1 begin_tick=1975703465456708 end_tick=1975703465459791 ms_per_tick=9.9999999999999995e-07 device_ms=0.0030829999999999998
PRODUCER_KERNEL_V1 stage=0 raw_iteration=2147483650 ordinal=35 kernel=owner_issue_stage_seal threads=1 begin_tick=1975703465460125 end_tick=1975703465463125 ms_per_tick=9.9999999999999995e-07 device_ms=0.0030000000000000001
PRODUCER_KERNEL_V1 stage=0 raw_iteration=2147483650 ordinal=36 kernel=fct_compatible_stage_rate threads=1533387 begin_tick=1975703465463791 end_tick=1975703465977083 ms_per_tick=9.9999999999999995e-07 device_ms=0.51329199999999997
PRODUCER_KERNEL_V1 stage=0 raw_iteration=2147483650 ordinal=37 kernel=owner_predict_momentum threads=1533387 begin_tick=1975703465977541 end_tick=1975703466027166 ms_per_tick=9.9999999999999995e-07 device_ms=0.049624999999999996
RISE_FIRE_OWNER_PROFILE_V1 {"scope":33,"parent":28,"phase":"BuildStageProducerGroup","stage":0,"raw_iteration":2147483650,"iteration_kind":"terminal","wall_ms":778.254750000,"device_sum_ms":693.881249987,"wall_minus_device_ms":84.373500013,"exclusive_wall_ms":778.254750000,"exclusive_device_sum_ms":693.881249987,"child_observer_wall_ms":0.000000000,"count_scope":"inclusive","owner_commits":1,"projection_invocations":0}
RISE_FIRE_OWNER_PROFILE_V1 {"scope":34,"parent":28,"phase":"AlphaResidual","stage":0,"raw_iteration":2147483650,"iteration_kind":"terminal","wall_ms":0.280917000,"device_sum_ms":0.051791780,"wall_minus_device_ms":0.229125220,"exclusive_wall_ms":0.280917000,"exclusive_device_sum_ms":0.051791780,"child_observer_wall_ms":0.000000000,"count_scope":"inclusive","owner_commits":1,"projection_invocations":0}
RISE_FIRE_OWNER_PROFILE_V1 {"scope":35,"parent":28,"phase":"Residual","stage":0,"raw_iteration":2147483650,"iteration_kind":"terminal","wall_ms":0.338458000,"device_sum_ms":0.107625034,"wall_minus_device_ms":0.230832966,"exclusive_wall_ms":0.338458000,"exclusive_device_sum_ms":0.107625034,"child_observer_wall_ms":0.000000000,"count_scope":"inclusive","owner_commits":1,"projection_invocations":0}
RISE_FIRE_OWNER_PROFILE_V1 {"scope":28,"parent":21,"phase":"TerminalVerification","stage":0,"raw_iteration":2147483650,"iteration_kind":"terminal","wall_ms":794.521750000,"device_sum_ms":703.084000153,"wall_minus_device_ms":91.437749847,"exclusive_wall_ms":0.003793000,"exclusive_device_sum_ms":0.000000000,"child_observer_wall_ms":0.019166000,"count_scope":"inclusive","owner_commits":7,"projection_invocations":1}
RISE_FIRE_OWNER_PROFILE_V1 {"scope":21,"parent":3,"phase":"PicardIteration","stage":0,"raw_iteration":2,"iteration_kind":"picard","wall_ms":1600.409291000,"device_sum_ms":1399.183000205,"wall_minus_device_ms":201.226290795,"exclusive_wall_ms":0.891749000,"exclusive_device_sum_ms":0.000000000,"child_observer_wall_ms":0.022167000,"count_scope":"inclusive","owner_commits":13,"projection_invocations":2}
RISE_FIRE_OWNER_PROFILE_V1 {"scope":3,"parent":1,"phase":"SolveStage","stage":0,"raw_iteration":4294967295,"iteration_kind":"bootstrap","wall_ms":4059.814375000,"device_sum_ms":3578.514624853,"wall_minus_device_ms":481.299750147,"exclusive_wall_ms":2.446999000,"exclusive_device_sum_ms":0.000000000,"child_observer_wall_ms":0.017876000,"count_scope":"inclusive","owner_commits":28,"projection_invocations":5}
RISE_FIRE_OWNER_PROFILE_V1 {"scope":38,"parent":37,"phase":"ProjectionAdapter","stage":1,"raw_iteration":4294967295,"iteration_kind":"bootstrap","wall_ms":14.873667000,"device_sum_ms":8.806208381,"wall_minus_device_ms":6.067458619,"exclusive_wall_ms":14.873667000,"exclusive_device_sum_ms":8.806208381,"child_observer_wall_ms":0.000000000,"count_scope":"inclusive","owner_commits":0,"projection_invocations":1}
RISE_FIRE_OWNER_PROFILE_V1 {"scope":37,"parent":36,"phase":"Project","stage":1,"raw_iteration":4294967295,"iteration_kind":"bootstrap","wall_ms":16.317750000,"device_sum_ms":8.858875139,"wall_minus_device_ms":7.458874861,"exclusive_wall_ms":1.438625000,"exclusive_device_sum_ms":0.052666757,"child_observer_wall_ms":0.005458000,"count_scope":"inclusive","owner_commits":2,"projection_invocations":1}
PRODUCER_COMMAND_V1 stage=1 raw_iteration=4294967295 cpu_begin=1975703486541875 cpu_end=1975704260001333 gpu_begin=1975703486541875 gpu_end=1975704260001333 device_ms=688.38862492702901 encoders=41 interval_scope=possibly_overlapping
PRODUCER_KERNEL_V1 stage=1 raw_iteration=4294967295 ordinal=0 kernel=owner_pack_faces threads=1533387 begin_tick=1975703571530083 end_tick=1975703571595958 ms_per_tick=9.9999999999999995e-07 device_ms=0.065875000000000003
PRODUCER_KERNEL_V1 stage=1 raw_iteration=4294967295 ordinal=1 kernel=owner_pack_faces threads=1533387 begin_tick=1975703571595666 end_tick=1975703571908208 ms_per_tick=9.9999999999999995e-07 device_ms=0.31254199999999999
PRODUCER_KERNEL_V1 stage=1 raw_iteration=4294967295 ordinal=2 kernel=owner_pack_faces threads=1533387 begin_tick=1975703571524875 end_tick=1975703571595666 ms_per_tick=9.9999999999999995e-07 device_ms=0.070790999999999993
PRODUCER_KERNEL_V1 stage=1 raw_iteration=4294967295 ordinal=3 kernel=fct_extract_gas_density threads=504666 begin_tick=1975703571596500 end_tick=1975703571663625 ms_per_tick=9.9999999999999995e-07 device_ms=0.06712499999999999
PRODUCER_KERNEL_V1 stage=1 raw_iteration=4294967295 ordinal=4 kernel=owner_gas_source threads=504666 begin_tick=1975703571908666 end_tick=1975703572108916 ms_per_tick=9.9999999999999995e-07 device_ms=0.20024999999999998
PRODUCER_KERNEL_V1 stage=1 raw_iteration=4294967295 ordinal=5 kernel=evaluate_resident_transport threads=504666 begin_tick=1975703571663625 end_tick=1975703572125875 ms_per_tick=9.9999999999999995e-07 device_ms=0.46224999999999999
PRODUCER_KERNEL_V1 stage=1 raw_iteration=4294967295 ordinal=6 kernel=identify_resident_transport threads=1 begin_tick=1975703572126291 end_tick=1975703572129291 ms_per_tick=9.9999999999999995e-07 device_ms=0.0030000000000000001
PRODUCER_KERNEL_V1 stage=1 raw_iteration=4294967295 ordinal=7 kernel=owner_bind_transport threads=1 begin_tick=1975703572129833 end_tick=1975703572133375 ms_per_tick=9.9999999999999995e-07 device_ms=0.003542
PRODUCER_KERNEL_V1 stage=1 raw_iteration=4294967295 ordinal=8 kernel=identify_resident_owner_endpoint_class threads=1 begin_tick=1975703572133666 end_tick=1975703572137125 ms_per_tick=9.9999999999999995e-07 device_ms=0.0034589999999999998
PRODUCER_KERNEL_V1 stage=1 raw_iteration=4294967295 ordinal=9 kernel=evaluate_resident_physical_flux threads=1533387 begin_tick=1975703573146750 end_tick=1975703574261791 ms_per_tick=9.9999999999999995e-07 device_ms=1.1150409999999999
PRODUCER_KERNEL_V1 stage=1 raw_iteration=4294967295 ordinal=10 kernel=evaluate_resident_advective_pair threads=13800483 begin_tick=1975703574809625 end_tick=1975703582043916 ms_per_tick=9.9999999999999995e-07 device_ms=7.2342909999999998
PRODUCER_KERNEL_V1 stage=1 raw_iteration=4294967295 ordinal=11 kernel=finalize_resident_advective_high threads=13800483 begin_tick=1975703582066208 end_tick=1975703582669333 ms_per_tick=9.9999999999999995e-07 device_ms=0.60312500000000002
PRODUCER_KERNEL_V1 stage=1 raw_iteration=4294967295 ordinal=12 kernel=compose_resident_flux_pair threads=13800483 begin_tick=1975703582669750 end_tick=1975703583554416 ms_per_tick=9.9999999999999995e-07 device_ms=0.88466599999999995
PRODUCER_KERNEL_V1 stage=1 raw_iteration=4294967295 ordinal=13 kernel=validate_resident_physical_flux threads=13800483 begin_tick=1975703583555000 end_tick=1975703584388416 ms_per_tick=9.9999999999999995e-07 device_ms=0.83341599999999993
PRODUCER_KERNEL_V1 stage=1 raw_iteration=4294967295 ordinal=14 kernel=identify_resident_physical_flux threads=32 begin_tick=1975703584389125 end_tick=1975703584395041 ms_per_tick=9.9999999999999995e-07 device_ms=0.0059159999999999994
PRODUCER_KERNEL_V1 stage=1 raw_iteration=4294967295 ordinal=15 kernel=owner_average_flux threads=13800483 begin_tick=1975703584395625 end_tick=1975703585193041 ms_per_tick=9.9999999999999995e-07 device_ms=0.79741600000000001
PRODUCER_KERNEL_V1 stage=1 raw_iteration=4294967295 ordinal=16 kernel=owner_bind_averaged_flux threads=1 begin_tick=1975703585193583 end_tick=1975703585197208 ms_per_tick=9.9999999999999995e-07 device_ms=0.0036249999999999998
PRODUCER_KERNEL_V1 stage=1 raw_iteration=4294967295 ordinal=17 kernel=fct_build_ratios threads=5551326 begin_tick=1975703585197708 end_tick=1975703588804041 ms_per_tick=9.9999999999999995e-07 device_ms=3.6063329999999998
PRODUCER_KERNEL_V1 stage=1 raw_iteration=4294967295 ordinal=18 kernel=fct_build_face_alpha threads=1533387 begin_tick=1975703588804708 end_tick=1975703589075666 ms_per_tick=9.9999999999999995e-07 device_ms=0.27095799999999998
PRODUCER_KERNEL_V1 stage=1 raw_iteration=4294967295 ordinal=19 kernel=fct_commit_scalar threads=504666 begin_tick=1975703589076333 end_tick=1975703589271625 ms_per_tick=9.9999999999999995e-07 device_ms=0.19529199999999999
PRODUCER_KERNEL_V1 stage=1 raw_iteration=4294967295 ordinal=20 kernel=owner_bind_candidate threads=1 begin_tick=1975703589272250 end_tick=1975703589276291 ms_per_tick=9.9999999999999995e-07 device_ms=0.0040409999999999995
PRODUCER_KERNEL_V1 stage=1 raw_iteration=4294967295 ordinal=21 kernel=finalize_resident_eos_candidate threads=1 begin_tick=1975703589276791 end_tick=1975703589279291 ms_per_tick=9.9999999999999995e-07 device_ms=0.0025000000000000001
PRODUCER_KERNEL_V1 stage=1 raw_iteration=4294967295 ordinal=22 kernel=evaluate_resident_eos_candidate threads=504666 begin_tick=1975703589279750 end_tick=1975704144062375 ms_per_tick=9.9999999999999995e-07 device_ms=554.78262499999994
PRODUCER_KERNEL_V1 stage=1 raw_iteration=4294967295 ordinal=23 kernel=finalize_resident_eos_candidate threads=1 begin_tick=1975704144080416 end_tick=1975704144083083 ms_per_tick=9.9999999999999995e-07 device_ms=0.0026669999999999997
PRODUCER_KERNEL_V1 stage=1 raw_iteration=4294967295 ordinal=24 kernel=identify_resident_eos threads=1 begin_tick=1975704144083541 end_tick=1975704144086291 ms_per_tick=9.9999999999999995e-07 device_ms=0.0027499999999999998
PRODUCER_KERNEL_V1 stage=1 raw_iteration=4294967295 ordinal=25 kernel=produce_resident_frozen_source threads=504666 begin_tick=1975704144086750 end_tick=1975704144118625 ms_per_tick=9.9999999999999995e-07 device_ms=0.031875000000000001
PRODUCER_KERNEL_V1 stage=1 raw_iteration=4294967295 ordinal=26 kernel=identify_resident_frozen_source threads=1 begin_tick=1975704144118958 end_tick=1975704144121625 ms_per_tick=9.9999999999999995e-07 device_ms=0.0026669999999999997
PRODUCER_KERNEL_V1 stage=1 raw_iteration=4294967295 ordinal=27 kernel=evaluate_resident_target_terms threads=504666 begin_tick=1975704144122041 end_tick=1975704258528708 ms_per_tick=9.9999999999999995e-07 device_ms=114.406667
PRODUCER_KERNEL_V1 stage=1 raw_iteration=4294967295 ordinal=28 kernel=finalize_resident_target threads=1 begin_tick=1975704258546625 end_tick=1975704258549791 ms_per_tick=9.9999999999999995e-07 device_ms=0.003166
PRODUCER_KERNEL_V1 stage=1 raw_iteration=4294967295 ordinal=29 kernel=identify_resident_target threads=1 begin_tick=1975704258550125 end_tick=1975704258552916 ms_per_tick=9.9999999999999995e-07 device_ms=0.0027910000000000001
PRODUCER_KERNEL_V1 stage=1 raw_iteration=4294967295 ordinal=30 kernel=issue_resident_projection_consumer threads=1 begin_tick=1975704258553333 end_tick=1975704258557125 ms_per_tick=9.9999999999999995e-07 device_ms=0.0037919999999999998
PRODUCER_KERNEL_V1 stage=1 raw_iteration=4294967295 ordinal=31 kernel=consume_resident_target threads=1 begin_tick=1975704258557458 end_tick=1975704258561791 ms_per_tick=9.9999999999999995e-07 device_ms=0.004333
PRODUCER_KERNEL_V1 stage=1 raw_iteration=4294967295 ordinal=32 kernel=owner_compose_target threads=504666 begin_tick=1975704258562208 end_tick=1975704258594000 ms_per_tick=9.9999999999999995e-07 device_ms=0.031792000000000001
PRODUCER_KERNEL_V1 stage=1 raw_iteration=4294967295 ordinal=33 kernel=finalize_resident_target threads=1 begin_tick=1975704258594333 end_tick=1975704258596958 ms_per_tick=9.9999999999999995e-07 device_ms=0.0026249999999999997
PRODUCER_KERNEL_V1 stage=1 raw_iteration=4294967295 ordinal=34 kernel=owner_identify_target threads=1 begin_tick=1975704258597375 end_tick=1975704258600208 ms_per_tick=9.9999999999999995e-07 device_ms=0.002833
PRODUCER_KERNEL_V1 stage=1 raw_iteration=4294967295 ordinal=35 kernel=issue_resident_projection_consumer threads=1 begin_tick=1975704258600875 end_tick=1975704258603625 ms_per_tick=9.9999999999999995e-07 device_ms=0.0027499999999999998
PRODUCER_KERNEL_V1 stage=1 raw_iteration=4294967295 ordinal=36 kernel=consume_resident_target threads=1 begin_tick=1975704258603916 end_tick=1975704258607416 ms_per_tick=9.9999999999999995e-07 device_ms=0.0034999999999999996
PRODUCER_KERNEL_V1 stage=1 raw_iteration=4294967295 ordinal=37 kernel=owner_issue_stage_seal threads=1 begin_tick=1975704258607791 end_tick=1975704258610541 ms_per_tick=9.9999999999999995e-07 device_ms=0.0027499999999999998
PRODUCER_KERNEL_V1 stage=1 raw_iteration=4294967295 ordinal=38 kernel=fct_compatible_stage_rate threads=1533387 begin_tick=1975704258611250 end_tick=1975704259146500 ms_per_tick=9.9999999999999995e-07 device_ms=0.53525
PRODUCER_KERNEL_V1 stage=1 raw_iteration=4294967295 ordinal=39 kernel=fct_compatible_stage_rate threads=1533387 begin_tick=1975704259147041 end_tick=1975704259671416 ms_per_tick=9.9999999999999995e-07 device_ms=0.52437499999999992
PRODUCER_KERNEL_V1 stage=1 raw_iteration=4294967295 ordinal=40 kernel=owner_heun_momentum threads=1533387 begin_tick=1975704259672375 end_tick=1975704259907666 ms_per_tick=9.9999999999999995e-07 device_ms=0.235291
RISE_FIRE_OWNER_PROFILE_V1 {"scope":39,"parent":36,"phase":"BuildStageProducerGroup","stage":1,"raw_iteration":4294967295,"iteration_kind":"bootstrap","wall_ms":773.566458000,"device_sum_ms":688.388624927,"wall_minus_device_ms":85.177833073,"exclusive_wall_ms":773.566458000,"exclusive_device_sum_ms":688.388624927,"child_observer_wall_ms":0.000000000,"count_scope":"inclusive","owner_commits":1,"projection_invocations":0}
RISE_FIRE_OWNER_PROFILE_V1 {"scope":42,"parent":41,"phase":"ProjectionAdapter","stage":1,"raw_iteration":0,"iteration_kind":"picard","wall_ms":14.668125000,"device_sum_ms":8.601000067,"wall_minus_device_ms":6.067124933,"exclusive_wall_ms":14.668125000,"exclusive_device_sum_ms":8.601000067,"child_observer_wall_ms":0.000000000,"count_scope":"inclusive","owner_commits":0,"projection_invocations":1}
RISE_FIRE_OWNER_PROFILE_V1 {"scope":41,"parent":40,"phase":"Project","stage":1,"raw_iteration":0,"iteration_kind":"picard","wall_ms":15.455792000,"device_sum_ms":8.646208327,"wall_minus_device_ms":6.809583673,"exclusive_wall_ms":0.780375000,"exclusive_device_sum_ms":0.045208260,"child_observer_wall_ms":0.007292000,"count_scope":"inclusive","owner_commits":2,"projection_invocations":1}
RISE_FIRE_OWNER_PROFILE_V1 {"scope":43,"parent":40,"phase":"ReadOpenClass","stage":1,"raw_iteration":0,"iteration_kind":"picard","wall_ms":0.190792000,"device_sum_ms":0.002416549,"wall_minus_device_ms":0.188375451,"exclusive_wall_ms":0.190792000,"exclusive_device_sum_ms":0.002416549,"child_observer_wall_ms":0.000000000,"count_scope":"inclusive","owner_commits":1,"projection_invocations":0}
RISE_FIRE_OWNER_PROFILE_V1 {"scope":44,"parent":40,"phase":"ReadOpenClass","stage":1,"raw_iteration":0,"iteration_kind":"picard","wall_ms":0.156834000,"device_sum_ms":0.002333196,"wall_minus_device_ms":0.154500804,"exclusive_wall_ms":0.156834000,"exclusive_device_sum_ms":0.002333196,"child_observer_wall_ms":0.000000000,"count_scope":"inclusive","owner_commits":1,"projection_invocations":0}
PRODUCER_COMMAND_V1 stage=1 raw_iteration=0 cpu_begin=1975704275915208 cpu_end=1975705049191458 gpu_begin=1975704275915208 gpu_end=1975705049191458 device_ms=690.34304167144001 encoders=41 interval_scope=possibly_overlapping
PRODUCER_KERNEL_V1 stage=1 raw_iteration=0 ordinal=0 kernel=owner_pack_faces threads=1533387 begin_tick=1975704358833833 end_tick=1975704358884833 ms_per_tick=9.9999999999999995e-07 device_ms=0.050999999999999997
PRODUCER_KERNEL_V1 stage=1 raw_iteration=0 ordinal=1 kernel=owner_pack_faces threads=1533387 begin_tick=1975704358902333 end_tick=1975704358952958 ms_per_tick=9.9999999999999995e-07 device_ms=0.050624999999999996
PRODUCER_KERNEL_V1 stage=1 raw_iteration=0 ordinal=2 kernel=owner_pack_faces threads=1533387 begin_tick=1975704359064041 end_tick=1975704359151125 ms_per_tick=9.9999999999999995e-07 device_ms=0.087083999999999995
PRODUCER_KERNEL_V1 stage=1 raw_iteration=0 ordinal=3 kernel=fct_extract_gas_density threads=504666 begin_tick=1975704359048000 end_tick=1975704359094291 ms_per_tick=9.9999999999999995e-07 device_ms=0.046290999999999999
PRODUCER_KERNEL_V1 stage=1 raw_iteration=0 ordinal=4 kernel=owner_gas_source threads=504666 begin_tick=1975704359096083 end_tick=1975704359142458 ms_per_tick=9.9999999999999995e-07 device_ms=0.046375
PRODUCER_KERNEL_V1 stage=1 raw_iteration=0 ordinal=5 kernel=evaluate_resident_transport threads=504666 begin_tick=1975704359257916 end_tick=1975704359905750 ms_per_tick=9.9999999999999995e-07 device_ms=0.64783400000000002
PRODUCER_KERNEL_V1 stage=1 raw_iteration=0 ordinal=6 kernel=identify_resident_transport threads=1 begin_tick=1975704359906291 end_tick=1975704359909333 ms_per_tick=9.9999999999999995e-07 device_ms=0.003042
PRODUCER_KERNEL_V1 stage=1 raw_iteration=0 ordinal=7 kernel=owner_bind_transport threads=1 begin_tick=1975704359909791 end_tick=1975704359913333 ms_per_tick=9.9999999999999995e-07 device_ms=0.003542
PRODUCER_KERNEL_V1 stage=1 raw_iteration=0 ordinal=8 kernel=identify_resident_owner_endpoint_class threads=1 begin_tick=1975704359914000 end_tick=1975704359917333 ms_per_tick=9.9999999999999995e-07 device_ms=0.003333
PRODUCER_KERNEL_V1 stage=1 raw_iteration=0 ordinal=9 kernel=evaluate_resident_physical_flux threads=1533387 begin_tick=1975704361010500 end_tick=1975704362125875 ms_per_tick=9.9999999999999995e-07 device_ms=1.115375
PRODUCER_KERNEL_V1 stage=1 raw_iteration=0 ordinal=10 kernel=evaluate_resident_advective_pair threads=13800483 begin_tick=1975704362690958 end_tick=1975704369763625 ms_per_tick=9.9999999999999995e-07 device_ms=7.072667
PRODUCER_KERNEL_V1 stage=1 raw_iteration=0 ordinal=11 kernel=finalize_resident_advective_high threads=13800483 begin_tick=1975704369764333 end_tick=1975704370201291 ms_per_tick=9.9999999999999995e-07 device_ms=0.43695799999999996
PRODUCER_KERNEL_V1 stage=1 raw_iteration=0 ordinal=12 kernel=compose_resident_flux_pair threads=13800483 begin_tick=1975704370201708 end_tick=1975704371240916 ms_per_tick=9.9999999999999995e-07 device_ms=1.0392079999999999
PRODUCER_KERNEL_V1 stage=1 raw_iteration=0 ordinal=13 kernel=validate_resident_physical_flux threads=13800483 begin_tick=1975704371241541 end_tick=1975704372143625 ms_per_tick=9.9999999999999995e-07 device_ms=0.902084
PRODUCER_KERNEL_V1 stage=1 raw_iteration=0 ordinal=14 kernel=identify_resident_physical_flux threads=32 begin_tick=1975704372144375 end_tick=1975704372148208 ms_per_tick=9.9999999999999995e-07 device_ms=0.003833
PRODUCER_KERNEL_V1 stage=1 raw_iteration=0 ordinal=15 kernel=owner_average_flux threads=13800483 begin_tick=1975704372148791 end_tick=1975704372955125 ms_per_tick=9.9999999999999995e-07 device_ms=0.806334
PRODUCER_KERNEL_V1 stage=1 raw_iteration=0 ordinal=16 kernel=owner_bind_averaged_flux threads=1 begin_tick=1975704372955625 end_tick=1975704372959208 ms_per_tick=9.9999999999999995e-07 device_ms=0.0035829999999999998
PRODUCER_KERNEL_V1 stage=1 raw_iteration=0 ordinal=17 kernel=fct_build_ratios threads=5551326 begin_tick=1975704372959625 end_tick=1975704376787666 ms_per_tick=9.9999999999999995e-07 device_ms=3.8280409999999998
PRODUCER_KERNEL_V1 stage=1 raw_iteration=0 ordinal=18 kernel=fct_build_face_alpha threads=1533387 begin_tick=1975704376788208 end_tick=1975704377057666 ms_per_tick=9.9999999999999995e-07 device_ms=0.26945799999999998
PRODUCER_KERNEL_V1 stage=1 raw_iteration=0 ordinal=19 kernel=fct_commit_scalar threads=504666 begin_tick=1975704377058333 end_tick=1975704377253333 ms_per_tick=9.9999999999999995e-07 device_ms=0.19499999999999998
PRODUCER_KERNEL_V1 stage=1 raw_iteration=0 ordinal=20 kernel=owner_bind_candidate threads=1 begin_tick=1975704377253750 end_tick=1975704377257541 ms_per_tick=9.9999999999999995e-07 device_ms=0.0037909999999999997
PRODUCER_KERNEL_V1 stage=1 raw_iteration=0 ordinal=21 kernel=finalize_resident_eos_candidate threads=1 begin_tick=1975704377258041 end_tick=1975704377260583 ms_per_tick=9.9999999999999995e-07 device_ms=0.002542
PRODUCER_KERNEL_V1 stage=1 raw_iteration=0 ordinal=22 kernel=evaluate_resident_eos_candidate threads=504666 begin_tick=1975704377261083 end_tick=1975704933310458 ms_per_tick=9.9999999999999995e-07 device_ms=556.04937499999994
PRODUCER_KERNEL_V1 stage=1 raw_iteration=0 ordinal=23 kernel=finalize_resident_eos_candidate threads=1 begin_tick=1975704933331708 end_tick=1975704933334125 ms_per_tick=9.9999999999999995e-07 device_ms=0.0024169999999999999
PRODUCER_KERNEL_V1 stage=1 raw_iteration=0 ordinal=24 kernel=identify_resident_eos threads=1 begin_tick=1975704933334458 end_tick=1975704933337125 ms_per_tick=9.9999999999999995e-07 device_ms=0.0026669999999999997
PRODUCER_KERNEL_V1 stage=1 raw_iteration=0 ordinal=25 kernel=produce_resident_frozen_source threads=504666 begin_tick=1975704933337458 end_tick=1975704933367916 ms_per_tick=9.9999999999999995e-07 device_ms=0.030457999999999999
PRODUCER_KERNEL_V1 stage=1 raw_iteration=0 ordinal=26 kernel=identify_resident_frozen_source threads=1 begin_tick=1975704933368333 end_tick=1975704933371125 ms_per_tick=9.9999999999999995e-07 device_ms=0.0027919999999999998
PRODUCER_KERNEL_V1 stage=1 raw_iteration=0 ordinal=27 kernel=evaluate_resident_target_terms threads=504666 begin_tick=1975704933371541 end_tick=1975705047759125 ms_per_tick=9.9999999999999995e-07 device_ms=114.38758399999999
PRODUCER_KERNEL_V1 stage=1 raw_iteration=0 ordinal=28 kernel=finalize_resident_target threads=1 begin_tick=1975705047775916 end_tick=1975705047779000 ms_per_tick=9.9999999999999995e-07 device_ms=0.0030839999999999999
PRODUCER_KERNEL_V1 stage=1 raw_iteration=0 ordinal=29 kernel=identify_resident_target threads=1 begin_tick=1975705047779333 end_tick=1975705047782375 ms_per_tick=9.9999999999999995e-07 device_ms=0.003042
PRODUCER_KERNEL_V1 stage=1 raw_iteration=0 ordinal=30 kernel=issue_resident_projection_consumer threads=1 begin_tick=1975705047782791 end_tick=1975705047787041 ms_per_tick=9.9999999999999995e-07 device_ms=0.0042499999999999994
PRODUCER_KERNEL_V1 stage=1 raw_iteration=0 ordinal=31 kernel=consume_resident_target threads=1 begin_tick=1975705047787375 end_tick=1975705047791250 ms_per_tick=9.9999999999999995e-07 device_ms=0.003875
PRODUCER_KERNEL_V1 stage=1 raw_iteration=0 ordinal=32 kernel=owner_compose_target threads=504666 begin_tick=1975705047791666 end_tick=1975705047871291 ms_per_tick=9.9999999999999995e-07 device_ms=0.079625000000000001
PRODUCER_KERNEL_V1 stage=1 raw_iteration=0 ordinal=33 kernel=finalize_resident_target threads=1 begin_tick=1975705047871625 end_tick=1975705047874166 ms_per_tick=9.9999999999999995e-07 device_ms=0.0025409999999999999
PRODUCER_KERNEL_V1 stage=1 raw_iteration=0 ordinal=34 kernel=owner_identify_target threads=1 begin_tick=1975705047874583 end_tick=1975705047877708 ms_per_tick=9.9999999999999995e-07 device_ms=0.0031249999999999997
PRODUCER_KERNEL_V1 stage=1 raw_iteration=0 ordinal=35 kernel=issue_resident_projection_consumer threads=1 begin_tick=1975705047878125 end_tick=1975705047881083 ms_per_tick=9.9999999999999995e-07 device_ms=0.0029579999999999997
PRODUCER_KERNEL_V1 stage=1 raw_iteration=0 ordinal=36 kernel=consume_resident_target threads=1 begin_tick=1975705047881500 end_tick=1975705047884916 ms_per_tick=9.9999999999999995e-07 device_ms=0.0034159999999999998
PRODUCER_KERNEL_V1 stage=1 raw_iteration=0 ordinal=37 kernel=owner_issue_stage_seal threads=1 begin_tick=1975705047885333 end_tick=1975705047888208 ms_per_tick=9.9999999999999995e-07 device_ms=0.002875
PRODUCER_KERNEL_V1 stage=1 raw_iteration=0 ordinal=38 kernel=fct_compatible_stage_rate threads=1533387 begin_tick=1975705047888833 end_tick=1975705048437041 ms_per_tick=9.9999999999999995e-07 device_ms=0.54820800000000003
PRODUCER_KERNEL_V1 stage=1 raw_iteration=0 ordinal=39 kernel=fct_compatible_stage_rate threads=1533387 begin_tick=1975705048437750 end_tick=1975705048957541 ms_per_tick=9.9999999999999995e-07 device_ms=0.519791
PRODUCER_KERNEL_V1 stage=1 raw_iteration=0 ordinal=40 kernel=owner_heun_momentum threads=1533387 begin_tick=1975705048958083 end_tick=1975705049052791 ms_per_tick=9.9999999999999995e-07 device_ms=0.094708000000000001
RISE_FIRE_OWNER_PROFILE_V1 {"scope":45,"parent":40,"phase":"BuildStageProducerGroup","stage":1,"raw_iteration":0,"iteration_kind":"picard","wall_ms":773.380208000,"device_sum_ms":690.343041671,"wall_minus_device_ms":83.037166329,"exclusive_wall_ms":773.380208000,"exclusive_device_sum_ms":690.343041671,"child_observer_wall_ms":0.000000000,"count_scope":"inclusive","owner_commits":1,"projection_invocations":0}
RISE_FIRE_OWNER_PROFILE_V1 {"scope":46,"parent":40,"phase":"Residual","stage":1,"raw_iteration":0,"iteration_kind":"picard","wall_ms":0.340417000,"device_sum_ms":0.021249987,"wall_minus_device_ms":0.319167013,"exclusive_wall_ms":0.340417000,"exclusive_device_sum_ms":0.021249987,"child_observer_wall_ms":0.000000000,"count_scope":"inclusive","owner_commits":1,"projection_invocations":0}
RISE_FIRE_OWNER_PROFILE_V1 {"scope":40,"parent":36,"phase":"PicardIteration","stage":1,"raw_iteration":0,"iteration_kind":"picard","wall_ms":790.421125000,"device_sum_ms":699.015249731,"wall_minus_device_ms":91.405875269,"exclusive_wall_ms":0.882375000,"exclusive_device_sum_ms":0.000000000,"child_observer_wall_ms":0.014707000,"count_scope":"inclusive","owner_commits":6,"projection_invocations":1}
RISE_FIRE_OWNER_PROFILE_V1 {"scope":49,"parent":48,"phase":"ProjectionAdapter","stage":1,"raw_iteration":1,"iteration_kind":"picard","wall_ms":14.356875000,"device_sum_ms":8.777874988,"wall_minus_device_ms":5.579000012,"exclusive_wall_ms":14.356875000,"exclusive_device_sum_ms":8.777874988,"child_observer_wall_ms":0.000000000,"count_scope":"inclusive","owner_commits":0,"projection_invocations":1}
RISE_FIRE_OWNER_PROFILE_V1 {"scope":48,"parent":47,"phase":"Project","stage":1,"raw_iteration":1,"iteration_kind":"picard","wall_ms":16.040958000,"device_sum_ms":8.829333354,"wall_minus_device_ms":7.211624646,"exclusive_wall_ms":1.678042000,"exclusive_device_sum_ms":0.051458366,"child_observer_wall_ms":0.006041000,"count_scope":"inclusive","owner_commits":2,"projection_invocations":1}
RISE_FIRE_OWNER_PROFILE_V1 {"scope":50,"parent":47,"phase":"ReadOpenClass","stage":1,"raw_iteration":1,"iteration_kind":"picard","wall_ms":0.195750000,"device_sum_ms":0.002624933,"wall_minus_device_ms":0.193125067,"exclusive_wall_ms":0.195750000,"exclusive_device_sum_ms":0.002624933,"child_observer_wall_ms":0.000000000,"count_scope":"inclusive","owner_commits":1,"projection_invocations":0}
RISE_FIRE_OWNER_PROFILE_V1 {"scope":51,"parent":47,"phase":"ReadOpenClass","stage":1,"raw_iteration":1,"iteration_kind":"picard","wall_ms":0.172833000,"device_sum_ms":0.002249843,"wall_minus_device_ms":0.170583157,"exclusive_wall_ms":0.172833000,"exclusive_device_sum_ms":0.002249843,"child_observer_wall_ms":0.000000000,"count_scope":"inclusive","owner_commits":1,"projection_invocations":0}
PRODUCER_COMMAND_V1 stage=1 raw_iteration=1 cpu_begin=1975705066952583 cpu_end=1975705840741125 gpu_begin=1975705066952583 gpu_end=1975705840741125 device_ms=690.49404165707529 encoders=41 interval_scope=possibly_overlapping
PRODUCER_KERNEL_V1 stage=1 raw_iteration=1 ordinal=0 kernel=owner_pack_faces threads=1533387 begin_tick=1975705150255166 end_tick=1975705150305708 ms_per_tick=9.9999999999999995e-07 device_ms=0.050541999999999997
PRODUCER_KERNEL_V1 stage=1 raw_iteration=1 ordinal=1 kernel=owner_pack_faces threads=1533387 begin_tick=1975705150347458 end_tick=1975705150397291 ms_per_tick=9.9999999999999995e-07 device_ms=0.049832999999999995
PRODUCER_KERNEL_V1 stage=1 raw_iteration=1 ordinal=2 kernel=owner_pack_faces threads=1533387 begin_tick=1975705150443833 end_tick=1975705150501583 ms_per_tick=9.9999999999999995e-07 device_ms=0.057749999999999996
PRODUCER_KERNEL_V1 stage=1 raw_iteration=1 ordinal=3 kernel=fct_extract_gas_density threads=504666 begin_tick=1975705150488375 end_tick=1975705150540416 ms_per_tick=9.9999999999999995e-07 device_ms=0.052040999999999997
PRODUCER_KERNEL_V1 stage=1 raw_iteration=1 ordinal=4 kernel=owner_gas_source threads=504666 begin_tick=1975705150584041 end_tick=1975705150625666 ms_per_tick=9.9999999999999995e-07 device_ms=0.041624999999999995
PRODUCER_KERNEL_V1 stage=1 raw_iteration=1 ordinal=5 kernel=evaluate_resident_transport threads=504666 begin_tick=1975705150635333 end_tick=1975705151089375 ms_per_tick=9.9999999999999995e-07 device_ms=0.454042
PRODUCER_KERNEL_V1 stage=1 raw_iteration=1 ordinal=6 kernel=identify_resident_transport threads=1 begin_tick=1975705151089833 end_tick=1975705151092750 ms_per_tick=9.9999999999999995e-07 device_ms=0.0029169999999999999
PRODUCER_KERNEL_V1 stage=1 raw_iteration=1 ordinal=7 kernel=owner_bind_transport threads=1 begin_tick=1975705151093208 end_tick=1975705151096500 ms_per_tick=9.9999999999999995e-07 device_ms=0.0032919999999999998
PRODUCER_KERNEL_V1 stage=1 raw_iteration=1 ordinal=8 kernel=identify_resident_owner_endpoint_class threads=1 begin_tick=1975705151096916 end_tick=1975705151100166 ms_per_tick=9.9999999999999995e-07 device_ms=0.0032499999999999999
PRODUCER_KERNEL_V1 stage=1 raw_iteration=1 ordinal=9 kernel=evaluate_resident_physical_flux threads=1533387 begin_tick=1975705152131333 end_tick=1975705153242666 ms_per_tick=9.9999999999999995e-07 device_ms=1.1113329999999999
PRODUCER_KERNEL_V1 stage=1 raw_iteration=1 ordinal=10 kernel=evaluate_resident_advective_pair threads=13800483 begin_tick=1975705153648500 end_tick=1975705160768916 ms_per_tick=9.9999999999999995e-07 device_ms=7.1204159999999996
PRODUCER_KERNEL_V1 stage=1 raw_iteration=1 ordinal=11 kernel=finalize_resident_advective_high threads=13800483 begin_tick=1975705160769833 end_tick=1975705161196125 ms_per_tick=9.9999999999999995e-07 device_ms=0.426292
PRODUCER_KERNEL_V1 stage=1 raw_iteration=1 ordinal=12 kernel=compose_resident_flux_pair threads=13800483 begin_tick=1975705161196500 end_tick=1975705162081208 ms_per_tick=9.9999999999999995e-07 device_ms=0.88470799999999994
PRODUCER_KERNEL_V1 stage=1 raw_iteration=1 ordinal=13 kernel=validate_resident_physical_flux threads=13800483 begin_tick=1975705162082083 end_tick=1975705163297416 ms_per_tick=9.9999999999999995e-07 device_ms=1.215333
PRODUCER_KERNEL_V1 stage=1 raw_iteration=1 ordinal=14 kernel=identify_resident_physical_flux threads=32 begin_tick=1975705163298000 end_tick=1975705163301291 ms_per_tick=9.9999999999999995e-07 device_ms=0.0032909999999999997
PRODUCER_KERNEL_V1 stage=1 raw_iteration=1 ordinal=15 kernel=owner_average_flux threads=13800483 begin_tick=1975705163301875 end_tick=1975705164135583 ms_per_tick=9.9999999999999995e-07 device_ms=0.833708
PRODUCER_KERNEL_V1 stage=1 raw_iteration=1 ordinal=16 kernel=owner_bind_averaged_flux threads=1 begin_tick=1975705164136166 end_tick=1975705164139583 ms_per_tick=9.9999999999999995e-07 device_ms=0.0034169999999999999
PRODUCER_KERNEL_V1 stage=1 raw_iteration=1 ordinal=17 kernel=fct_build_ratios threads=5551326 begin_tick=1975705164140041 end_tick=1975705167915416 ms_per_tick=9.9999999999999995e-07 device_ms=3.7753749999999999
PRODUCER_KERNEL_V1 stage=1 raw_iteration=1 ordinal=18 kernel=fct_build_face_alpha threads=1533387 begin_tick=1975705167916083 end_tick=1975705168186500 ms_per_tick=9.9999999999999995e-07 device_ms=0.27041699999999996
PRODUCER_KERNEL_V1 stage=1 raw_iteration=1 ordinal=19 kernel=fct_commit_scalar threads=504666 begin_tick=1975705168187125 end_tick=1975705168382333 ms_per_tick=9.9999999999999995e-07 device_ms=0.19520799999999999
PRODUCER_KERNEL_V1 stage=1 raw_iteration=1 ordinal=20 kernel=owner_bind_candidate threads=1 begin_tick=1975705168382791 end_tick=1975705168386750 ms_per_tick=9.9999999999999995e-07 device_ms=0.0039589999999999998
PRODUCER_KERNEL_V1 stage=1 raw_iteration=1 ordinal=21 kernel=finalize_resident_eos_candidate threads=1 begin_tick=1975705168387333 end_tick=1975705168389875 ms_per_tick=9.9999999999999995e-07 device_ms=0.002542
PRODUCER_KERNEL_V1 stage=1 raw_iteration=1 ordinal=22 kernel=evaluate_resident_eos_candidate threads=504666 begin_tick=1975705168390291 end_tick=1975705724682333 ms_per_tick=9.9999999999999995e-07 device_ms=556.29204199999992
PRODUCER_KERNEL_V1 stage=1 raw_iteration=1 ordinal=23 kernel=finalize_resident_eos_candidate threads=1 begin_tick=1975705724700500 end_tick=1975705724703208 ms_per_tick=9.9999999999999995e-07 device_ms=0.0027079999999999999
PRODUCER_KERNEL_V1 stage=1 raw_iteration=1 ordinal=24 kernel=identify_resident_eos threads=1 begin_tick=1975705724703500 end_tick=1975705724706166 ms_per_tick=9.9999999999999995e-07 device_ms=0.002666
PRODUCER_KERNEL_V1 stage=1 raw_iteration=1 ordinal=25 kernel=produce_resident_frozen_source threads=504666 begin_tick=1975705724706500 end_tick=1975705724737500 ms_per_tick=9.9999999999999995e-07 device_ms=0.031
PRODUCER_KERNEL_V1 stage=1 raw_iteration=1 ordinal=26 kernel=identify_resident_frozen_source threads=1 begin_tick=1975705724737791 end_tick=1975705724740250 ms_per_tick=9.9999999999999995e-07 device_ms=0.0024589999999999998
PRODUCER_KERNEL_V1 stage=1 raw_iteration=1 ordinal=27 kernel=evaluate_resident_target_terms threads=504666 begin_tick=1975705724740541 end_tick=1975705839382666 ms_per_tick=9.9999999999999995e-07 device_ms=114.64212499999999
PRODUCER_KERNEL_V1 stage=1 raw_iteration=1 ordinal=28 kernel=finalize_resident_target threads=1 begin_tick=1975705839399750 end_tick=1975705839402916 ms_per_tick=9.9999999999999995e-07 device_ms=0.003166
PRODUCER_KERNEL_V1 stage=1 raw_iteration=1 ordinal=29 kernel=identify_resident_target threads=1 begin_tick=1975705839403250 end_tick=1975705839406208 ms_per_tick=9.9999999999999995e-07 device_ms=0.0029579999999999997
PRODUCER_KERNEL_V1 stage=1 raw_iteration=1 ordinal=30 kernel=issue_resident_projection_consumer threads=1 begin_tick=1975705839406666 end_tick=1975705839410458 ms_per_tick=9.9999999999999995e-07 device_ms=0.0037919999999999998
PRODUCER_KERNEL_V1 stage=1 raw_iteration=1 ordinal=31 kernel=consume_resident_target threads=1 begin_tick=1975705839410875 end_tick=1975705839415208 ms_per_tick=9.9999999999999995e-07 device_ms=0.004333
PRODUCER_KERNEL_V1 stage=1 raw_iteration=1 ordinal=32 kernel=owner_compose_target threads=504666 begin_tick=1975705839415541 end_tick=1975705839494625 ms_per_tick=9.9999999999999995e-07 device_ms=0.079084000000000002
PRODUCER_KERNEL_V1 stage=1 raw_iteration=1 ordinal=33 kernel=finalize_resident_target threads=1 begin_tick=1975705839494958 end_tick=1975705839497750 ms_per_tick=9.9999999999999995e-07 device_ms=0.0027919999999999998
PRODUCER_KERNEL_V1 stage=1 raw_iteration=1 ordinal=34 kernel=owner_identify_target threads=1 begin_tick=1975705839498083 end_tick=1975705839500958 ms_per_tick=9.9999999999999995e-07 device_ms=0.002875
PRODUCER_KERNEL_V1 stage=1 raw_iteration=1 ordinal=35 kernel=issue_resident_projection_consumer threads=1 begin_tick=1975705839501291 end_tick=1975705839504208 ms_per_tick=9.9999999999999995e-07 device_ms=0.0029169999999999999
PRODUCER_KERNEL_V1 stage=1 raw_iteration=1 ordinal=36 kernel=consume_resident_target threads=1 begin_tick=1975705839504583 end_tick=1975705839507833 ms_per_tick=9.9999999999999995e-07 device_ms=0.0032499999999999999
PRODUCER_KERNEL_V1 stage=1 raw_iteration=1 ordinal=37 kernel=owner_issue_stage_seal threads=1 begin_tick=1975705839508166 end_tick=1975705839510875 ms_per_tick=9.9999999999999995e-07 device_ms=0.002709
PRODUCER_KERNEL_V1 stage=1 raw_iteration=1 ordinal=38 kernel=fct_compatible_stage_rate threads=1533387 begin_tick=1975705839511500 end_tick=1975705840022375 ms_per_tick=9.9999999999999995e-07 device_ms=0.51087499999999997
PRODUCER_KERNEL_V1 stage=1 raw_iteration=1 ordinal=39 kernel=fct_compatible_stage_rate threads=1533387 begin_tick=1975705840022791 end_tick=1975705840518500 ms_per_tick=9.9999999999999995e-07 device_ms=0.49570899999999996
PRODUCER_KERNEL_V1 stage=1 raw_iteration=1 ordinal=40 kernel=owner_heun_momentum threads=1533387 begin_tick=1975705840519041 end_tick=1975705840610583 ms_per_tick=9.9999999999999995e-07 device_ms=0.091541999999999998
RISE_FIRE_OWNER_PROFILE_V1 {"scope":52,"parent":47,"phase":"BuildStageProducerGroup","stage":1,"raw_iteration":1,"iteration_kind":"picard","wall_ms":773.896125000,"device_sum_ms":690.494041657,"wall_minus_device_ms":83.402083343,"exclusive_wall_ms":773.896125000,"exclusive_device_sum_ms":690.494041657,"child_observer_wall_ms":0.000000000,"count_scope":"inclusive","owner_commits":1,"projection_invocations":0}
RISE_FIRE_OWNER_PROFILE_V1 {"scope":53,"parent":47,"phase":"Residual","stage":1,"raw_iteration":1,"iteration_kind":"picard","wall_ms":0.459000000,"device_sum_ms":0.109625049,"wall_minus_device_ms":0.349374951,"exclusive_wall_ms":0.459000000,"exclusive_device_sum_ms":0.109625049,"child_observer_wall_ms":0.000000000,"count_scope":"inclusive","owner_commits":1,"projection_invocations":0}
RISE_FIRE_OWNER_PROFILE_V1 {"scope":47,"parent":36,"phase":"PicardIteration","stage":1,"raw_iteration":1,"iteration_kind":"picard","wall_ms":791.698375000,"device_sum_ms":699.437874835,"wall_minus_device_ms":92.260500165,"exclusive_wall_ms":0.914084000,"exclusive_device_sum_ms":0.000000000,"child_observer_wall_ms":0.019625000,"count_scope":"inclusive","owner_commits":6,"projection_invocations":1}
RISE_FIRE_OWNER_PROFILE_V1 {"scope":56,"parent":55,"phase":"ProjectionAdapter","stage":1,"raw_iteration":2,"iteration_kind":"picard","wall_ms":14.434958000,"device_sum_ms":8.519916795,"wall_minus_device_ms":5.915041205,"exclusive_wall_ms":14.434958000,"exclusive_device_sum_ms":8.519916795,"child_observer_wall_ms":0.000000000,"count_scope":"inclusive","owner_commits":0,"projection_invocations":1}
RISE_FIRE_OWNER_PROFILE_V1 {"scope":55,"parent":54,"phase":"Project","stage":1,"raw_iteration":2,"iteration_kind":"picard","wall_ms":16.227833000,"device_sum_ms":8.558833739,"wall_minus_device_ms":7.668999261,"exclusive_wall_ms":1.785708000,"exclusive_device_sum_ms":0.038916944,"child_observer_wall_ms":0.007167000,"count_scope":"inclusive","owner_commits":2,"projection_invocations":1}
RISE_FIRE_OWNER_PROFILE_V1 {"scope":57,"parent":54,"phase":"ReadOpenClass","stage":1,"raw_iteration":2,"iteration_kind":"picard","wall_ms":0.219750000,"device_sum_ms":0.002333196,"wall_minus_device_ms":0.217416804,"exclusive_wall_ms":0.219750000,"exclusive_device_sum_ms":0.002333196,"child_observer_wall_ms":0.000000000,"count_scope":"inclusive","owner_commits":1,"projection_invocations":0}
RISE_FIRE_OWNER_PROFILE_V1 {"scope":58,"parent":54,"phase":"ReadOpenClass","stage":1,"raw_iteration":2,"iteration_kind":"picard","wall_ms":0.183458000,"device_sum_ms":0.002291752,"wall_minus_device_ms":0.181166248,"exclusive_wall_ms":0.183458000,"exclusive_device_sum_ms":0.002291752,"child_observer_wall_ms":0.000000000,"count_scope":"inclusive","owner_commits":1,"projection_invocations":0}
PRODUCER_COMMAND_V1 stage=1 raw_iteration=2 cpu_begin=1975705858870708 cpu_end=1975706633692375 gpu_begin=1975705858870708 gpu_end=1975706633692375 device_ms=690.45937503688037 encoders=41 interval_scope=possibly_overlapping
PRODUCER_KERNEL_V1 stage=1 raw_iteration=2 ordinal=0 kernel=owner_pack_faces threads=1533387 begin_tick=1975705943239958 end_tick=1975705943289500 ms_per_tick=9.9999999999999995e-07 device_ms=0.049541999999999996
PRODUCER_KERNEL_V1 stage=1 raw_iteration=2 ordinal=1 kernel=owner_pack_faces threads=1533387 begin_tick=1975705943305625 end_tick=1975705943356500 ms_per_tick=9.9999999999999995e-07 device_ms=0.050874999999999997
PRODUCER_KERNEL_V1 stage=1 raw_iteration=2 ordinal=2 kernel=owner_pack_faces threads=1533387 begin_tick=1975705943465541 end_tick=1975705943549625 ms_per_tick=9.9999999999999995e-07 device_ms=0.084083999999999992
PRODUCER_KERNEL_V1 stage=1 raw_iteration=2 ordinal=3 kernel=fct_extract_gas_density threads=504666 begin_tick=1975705943450458 end_tick=1975705943490458 ms_per_tick=9.9999999999999995e-07 device_ms=0.040000000000000001
PRODUCER_KERNEL_V1 stage=1 raw_iteration=2 ordinal=4 kernel=owner_gas_source threads=504666 begin_tick=1975705943508916 end_tick=1975705943553375 ms_per_tick=9.9999999999999995e-07 device_ms=0.044458999999999999
PRODUCER_KERNEL_V1 stage=1 raw_iteration=2 ordinal=5 kernel=evaluate_resident_transport threads=504666 begin_tick=1975705943654458 end_tick=1975705944306083 ms_per_tick=9.9999999999999995e-07 device_ms=0.65162500000000001
PRODUCER_KERNEL_V1 stage=1 raw_iteration=2 ordinal=6 kernel=identify_resident_transport threads=1 begin_tick=1975705944306666 end_tick=1975705944309500 ms_per_tick=9.9999999999999995e-07 device_ms=0.0028339999999999997
PRODUCER_KERNEL_V1 stage=1 raw_iteration=2 ordinal=7 kernel=owner_bind_transport threads=1 begin_tick=1975705944310041 end_tick=1975705944313708 ms_per_tick=9.9999999999999995e-07 device_ms=0.0036669999999999997
PRODUCER_KERNEL_V1 stage=1 raw_iteration=2 ordinal=8 kernel=identify_resident_owner_endpoint_class threads=1 begin_tick=1975705944314291 end_tick=1975705944317666 ms_per_tick=9.9999999999999995e-07 device_ms=0.003375
PRODUCER_KERNEL_V1 stage=1 raw_iteration=2 ordinal=9 kernel=evaluate_resident_physical_flux threads=1533387 begin_tick=1975705945312583 end_tick=1975705946428458 ms_per_tick=9.9999999999999995e-07 device_ms=1.115875
PRODUCER_KERNEL_V1 stage=1 raw_iteration=2 ordinal=10 kernel=evaluate_resident_advective_pair threads=13800483 begin_tick=1975705946862833 end_tick=1975705953960875 ms_per_tick=9.9999999999999995e-07 device_ms=7.0980419999999995
PRODUCER_KERNEL_V1 stage=1 raw_iteration=2 ordinal=11 kernel=finalize_resident_advective_high threads=13800483 begin_tick=1975705953961500 end_tick=1975705954561791 ms_per_tick=9.9999999999999995e-07 device_ms=0.60029100000000002
PRODUCER_KERNEL_V1 stage=1 raw_iteration=2 ordinal=12 kernel=compose_resident_flux_pair threads=13800483 begin_tick=1975705954562333 end_tick=1975705955438875 ms_per_tick=9.9999999999999995e-07 device_ms=0.87654199999999993
PRODUCER_KERNEL_V1 stage=1 raw_iteration=2 ordinal=13 kernel=validate_resident_physical_flux threads=13800483 begin_tick=1975705955439416 end_tick=1975705956317708 ms_per_tick=9.9999999999999995e-07 device_ms=0.87829199999999996
PRODUCER_KERNEL_V1 stage=1 raw_iteration=2 ordinal=14 kernel=identify_resident_physical_flux threads=32 begin_tick=1975705956318291 end_tick=1975705956321833 ms_per_tick=9.9999999999999995e-07 device_ms=0.003542
PRODUCER_KERNEL_V1 stage=1 raw_iteration=2 ordinal=15 kernel=owner_average_flux threads=13800483 begin_tick=1975705956322291 end_tick=1975705957146041 ms_per_tick=9.9999999999999995e-07 device_ms=0.82374999999999998
PRODUCER_KERNEL_V1 stage=1 raw_iteration=2 ordinal=16 kernel=owner_bind_averaged_flux threads=1 begin_tick=1975705957146583 end_tick=1975705957150375 ms_per_tick=9.9999999999999995e-07 device_ms=0.0037919999999999998
PRODUCER_KERNEL_V1 stage=1 raw_iteration=2 ordinal=17 kernel=fct_build_ratios threads=5551326 begin_tick=1975705957150875 end_tick=1975705960940333 ms_per_tick=9.9999999999999995e-07 device_ms=3.7894579999999998
PRODUCER_KERNEL_V1 stage=1 raw_iteration=2 ordinal=18 kernel=fct_build_face_alpha threads=1533387 begin_tick=1975705960940875 end_tick=1975705961213500 ms_per_tick=9.9999999999999995e-07 device_ms=0.27262500000000001
PRODUCER_KERNEL_V1 stage=1 raw_iteration=2 ordinal=19 kernel=fct_commit_scalar threads=504666 begin_tick=1975705961214166 end_tick=1975705961408916 ms_per_tick=9.9999999999999995e-07 device_ms=0.19474999999999998
PRODUCER_KERNEL_V1 stage=1 raw_iteration=2 ordinal=20 kernel=owner_bind_candidate threads=1 begin_tick=1975705961409333 end_tick=1975705961413333 ms_per_tick=9.9999999999999995e-07 device_ms=0.0040000000000000001
PRODUCER_KERNEL_V1 stage=1 raw_iteration=2 ordinal=21 kernel=finalize_resident_eos_candidate threads=1 begin_tick=1975705961413791 end_tick=1975705961416416 ms_per_tick=9.9999999999999995e-07 device_ms=0.0026249999999999997
PRODUCER_KERNEL_V1 stage=1 raw_iteration=2 ordinal=22 kernel=evaluate_resident_eos_candidate threads=504666 begin_tick=1975705961416916 end_tick=1975706517810000 ms_per_tick=9.9999999999999995e-07 device_ms=556.39308399999993
PRODUCER_KERNEL_V1 stage=1 raw_iteration=2 ordinal=23 kernel=finalize_resident_eos_candidate threads=1 begin_tick=1975706517828250 end_tick=1975706517831083 ms_per_tick=9.9999999999999995e-07 device_ms=0.002833
PRODUCER_KERNEL_V1 stage=1 raw_iteration=2 ordinal=24 kernel=identify_resident_eos threads=1 begin_tick=1975706517831416 end_tick=1975706517834416 ms_per_tick=9.9999999999999995e-07 device_ms=0.0030000000000000001
PRODUCER_KERNEL_V1 stage=1 raw_iteration=2 ordinal=25 kernel=produce_resident_frozen_source threads=504666 begin_tick=1975706517834833 end_tick=1975706517866458 ms_per_tick=9.9999999999999995e-07 device_ms=0.031625
PRODUCER_KERNEL_V1 stage=1 raw_iteration=2 ordinal=26 kernel=identify_resident_frozen_source threads=1 begin_tick=1975706517866875 end_tick=1975706517869458 ms_per_tick=9.9999999999999995e-07 device_ms=0.0025829999999999998
PRODUCER_KERNEL_V1 stage=1 raw_iteration=2 ordinal=27 kernel=evaluate_resident_target_terms threads=504666 begin_tick=1975706517869875 end_tick=1975706632311541 ms_per_tick=9.9999999999999995e-07 device_ms=114.441666
PRODUCER_KERNEL_V1 stage=1 raw_iteration=2 ordinal=28 kernel=finalize_resident_target threads=1 begin_tick=1975706632332208 end_tick=1975706632335291 ms_per_tick=9.9999999999999995e-07 device_ms=0.0030829999999999998
PRODUCER_KERNEL_V1 stage=1 raw_iteration=2 ordinal=29 kernel=identify_resident_target threads=1 begin_tick=1975706632335625 end_tick=1975706632338625 ms_per_tick=9.9999999999999995e-07 device_ms=0.0030000000000000001
PRODUCER_KERNEL_V1 stage=1 raw_iteration=2 ordinal=30 kernel=issue_resident_projection_consumer threads=1 begin_tick=1975706632338958 end_tick=1975706632342958 ms_per_tick=9.9999999999999995e-07 device_ms=0.0040000000000000001
PRODUCER_KERNEL_V1 stage=1 raw_iteration=2 ordinal=31 kernel=consume_resident_target threads=1 begin_tick=1975706632343291 end_tick=1975706632347333 ms_per_tick=9.9999999999999995e-07 device_ms=0.0040419999999999996
PRODUCER_KERNEL_V1 stage=1 raw_iteration=2 ordinal=32 kernel=owner_compose_target threads=504666 begin_tick=1975706632347666 end_tick=1975706632426875 ms_per_tick=9.9999999999999995e-07 device_ms=0.079209000000000002
PRODUCER_KERNEL_V1 stage=1 raw_iteration=2 ordinal=33 kernel=finalize_resident_target threads=1 begin_tick=1975706632427208 end_tick=1975706632429416 ms_per_tick=9.9999999999999995e-07 device_ms=0.0022079999999999999
PRODUCER_KERNEL_V1 stage=1 raw_iteration=2 ordinal=34 kernel=owner_identify_target threads=1 begin_tick=1975706632429750 end_tick=1975706632432750 ms_per_tick=9.9999999999999995e-07 device_ms=0.0030000000000000001
PRODUCER_KERNEL_V1 stage=1 raw_iteration=2 ordinal=35 kernel=issue_resident_projection_consumer threads=1 begin_tick=1975706632433208 end_tick=1975706632436375 ms_per_tick=9.9999999999999995e-07 device_ms=0.0031669999999999997
PRODUCER_KERNEL_V1 stage=1 raw_iteration=2 ordinal=36 kernel=consume_resident_target threads=1 begin_tick=1975706632436791 end_tick=1975706632440083 ms_per_tick=9.9999999999999995e-07 device_ms=0.0032919999999999998
PRODUCER_KERNEL_V1 stage=1 raw_iteration=2 ordinal=37 kernel=owner_issue_stage_seal threads=1 begin_tick=1975706632440416 end_tick=1975706632443083 ms_per_tick=9.9999999999999995e-07 device_ms=0.0026669999999999997
PRODUCER_KERNEL_V1 stage=1 raw_iteration=2 ordinal=38 kernel=fct_compatible_stage_rate threads=1533387 begin_tick=1975706632443666 end_tick=1975706632956541 ms_per_tick=9.9999999999999995e-07 device_ms=0.51287499999999997
PRODUCER_KERNEL_V1 stage=1 raw_iteration=2 ordinal=39 kernel=fct_compatible_stage_rate threads=1533387 begin_tick=1975706632957041 end_tick=1975706633452791 ms_per_tick=9.9999999999999995e-07 device_ms=0.49574999999999997
PRODUCER_KERNEL_V1 stage=1 raw_iteration=2 ordinal=40 kernel=owner_heun_momentum threads=1533387 begin_tick=1975706633453375 end_tick=1975706633544166 ms_per_tick=9.9999999999999995e-07 device_ms=0.090790999999999997
RISE_FIRE_OWNER_PROFILE_V1 {"scope":59,"parent":54,"phase":"BuildStageProducerGroup","stage":1,"raw_iteration":2,"iteration_kind":"picard","wall_ms":774.973709000,"device_sum_ms":690.459375037,"wall_minus_device_ms":84.514333963,"exclusive_wall_ms":774.973709000,"exclusive_device_sum_ms":690.459375037,"child_observer_wall_ms":0.000000000,"count_scope":"inclusive","owner_commits":1,"projection_invocations":0}
RISE_FIRE_OWNER_PROFILE_V1 {"scope":60,"parent":54,"phase":"Residual","stage":1,"raw_iteration":2,"iteration_kind":"picard","wall_ms":0.486708000,"device_sum_ms":0.117333140,"wall_minus_device_ms":0.369374860,"exclusive_wall_ms":0.486708000,"exclusive_device_sum_ms":0.117333140,"child_observer_wall_ms":0.000000000,"count_scope":"inclusive","owner_commits":1,"projection_invocations":0}
RISE_FIRE_OWNER_PROFILE_V1 {"scope":63,"parent":62,"phase":"ProjectionAdapter","stage":1,"raw_iteration":2147483650,"iteration_kind":"terminal","wall_ms":16.899334000,"device_sum_ms":8.683416527,"wall_minus_device_ms":8.215917473,"exclusive_wall_ms":16.899334000,"exclusive_device_sum_ms":8.683416527,"child_observer_wall_ms":0.000000000,"count_scope":"inclusive","owner_commits":0,"projection_invocations":1}
RISE_FIRE_OWNER_PROFILE_V1 {"scope":62,"parent":61,"phase":"Project","stage":1,"raw_iteration":2147483650,"iteration_kind":"terminal","wall_ms":17.854000000,"device_sum_ms":8.722749772,"wall_minus_device_ms":9.131250228,"exclusive_wall_ms":0.945708000,"exclusive_device_sum_ms":0.039333245,"child_observer_wall_ms":0.008958000,"count_scope":"inclusive","owner_commits":2,"projection_invocations":1}
RISE_FIRE_OWNER_PROFILE_V1 {"scope":64,"parent":61,"phase":"ReadOpenClass","stage":1,"raw_iteration":2147483650,"iteration_kind":"terminal","wall_ms":0.227750000,"device_sum_ms":0.002333429,"wall_minus_device_ms":0.225416571,"exclusive_wall_ms":0.227750000,"exclusive_device_sum_ms":0.002333429,"child_observer_wall_ms":0.000000000,"count_scope":"inclusive","owner_commits":1,"projection_invocations":0}
RISE_FIRE_OWNER_PROFILE_V1 {"scope":65,"parent":61,"phase":"ReadOpenClass","stage":1,"raw_iteration":2147483650,"iteration_kind":"terminal","wall_ms":0.197750000,"device_sum_ms":0.002374873,"wall_minus_device_ms":0.195375127,"exclusive_wall_ms":0.197750000,"exclusive_device_sum_ms":0.002374873,"child_observer_wall_ms":0.000000000,"count_scope":"inclusive","owner_commits":1,"projection_invocations":0}
PRODUCER_COMMAND_V1 stage=1 raw_iteration=2147483650 cpu_begin=1975706652647083 cpu_end=1975707450029416 gpu_begin=1975706652647083 gpu_end=1975707450029416 device_ms=706.60325000062585 encoders=41 interval_scope=possibly_overlapping
PRODUCER_KERNEL_V1 stage=1 raw_iteration=2147483650 ordinal=0 kernel=owner_pack_faces threads=1533387 begin_tick=1975706743300833 end_tick=1975706743396708 ms_per_tick=9.9999999999999995e-07 device_ms=0.095875000000000002
PRODUCER_KERNEL_V1 stage=1 raw_iteration=2147483650 ordinal=1 kernel=owner_pack_faces threads=1533387 begin_tick=1975706743346916 end_tick=1975706743400500 ms_per_tick=9.9999999999999995e-07 device_ms=0.053584
PRODUCER_KERNEL_V1 stage=1 raw_iteration=2147483650 ordinal=2 kernel=owner_pack_faces threads=1533387 begin_tick=1975706743396750 end_tick=1975706743487791 ms_per_tick=9.9999999999999995e-07 device_ms=0.091040999999999997
PRODUCER_KERNEL_V1 stage=1 raw_iteration=2147483650 ordinal=3 kernel=fct_extract_gas_density threads=504666 begin_tick=1975706743400500 end_tick=1975706743448041 ms_per_tick=9.9999999999999995e-07 device_ms=0.047541
PRODUCER_KERNEL_V1 stage=1 raw_iteration=2147483650 ordinal=4 kernel=owner_gas_source threads=504666 begin_tick=1975706743448041 end_tick=1975706743488416 ms_per_tick=9.9999999999999995e-07 device_ms=0.040375000000000001
PRODUCER_KERNEL_V1 stage=1 raw_iteration=2147483650 ordinal=5 kernel=evaluate_resident_transport threads=504666 begin_tick=1975706743528541 end_tick=1975706743980750 ms_per_tick=9.9999999999999995e-07 device_ms=0.45220899999999997
PRODUCER_KERNEL_V1 stage=1 raw_iteration=2147483650 ordinal=6 kernel=identify_resident_transport threads=1 begin_tick=1975706743981208 end_tick=1975706743984041 ms_per_tick=9.9999999999999995e-07 device_ms=0.002833
PRODUCER_KERNEL_V1 stage=1 raw_iteration=2147483650 ordinal=7 kernel=owner_bind_transport threads=1 begin_tick=1975706743984500 end_tick=1975706743987958 ms_per_tick=9.9999999999999995e-07 device_ms=0.0034579999999999997
PRODUCER_KERNEL_V1 stage=1 raw_iteration=2147483650 ordinal=8 kernel=identify_resident_owner_endpoint_class threads=1 begin_tick=1975706743988416 end_tick=1975706743991625 ms_per_tick=9.9999999999999995e-07 device_ms=0.003209
PRODUCER_KERNEL_V1 stage=1 raw_iteration=2147483650 ordinal=9 kernel=evaluate_resident_physical_flux threads=1533387 begin_tick=1975706745154041 end_tick=1975706746271500 ms_per_tick=9.9999999999999995e-07 device_ms=1.117459
PRODUCER_KERNEL_V1 stage=1 raw_iteration=2147483650 ordinal=10 kernel=evaluate_resident_advective_pair threads=13800483 begin_tick=1975706746707041 end_tick=1975706753774291 ms_per_tick=9.9999999999999995e-07 device_ms=7.0672499999999996
PRODUCER_KERNEL_V1 stage=1 raw_iteration=2147483650 ordinal=11 kernel=finalize_resident_advective_high threads=13800483 begin_tick=1975706753774958 end_tick=1975706754194541 ms_per_tick=9.9999999999999995e-07 device_ms=0.41958299999999998
PRODUCER_KERNEL_V1 stage=1 raw_iteration=2147483650 ordinal=12 kernel=compose_resident_flux_pair threads=13800483 begin_tick=1975706754194958 end_tick=1975706755083708 ms_per_tick=9.9999999999999995e-07 device_ms=0.88874999999999993
PRODUCER_KERNEL_V1 stage=1 raw_iteration=2147483650 ordinal=13 kernel=validate_resident_physical_flux threads=13800483 begin_tick=1975706755084291 end_tick=1975706756109791 ms_per_tick=9.9999999999999995e-07 device_ms=1.0254999999999999
PRODUCER_KERNEL_V1 stage=1 raw_iteration=2147483650 ordinal=14 kernel=identify_resident_physical_flux threads=32 begin_tick=1975706756110333 end_tick=1975706756113833 ms_per_tick=9.9999999999999995e-07 device_ms=0.0034999999999999996
PRODUCER_KERNEL_V1 stage=1 raw_iteration=2147483650 ordinal=15 kernel=owner_average_flux threads=13800483 begin_tick=1975706756114291 end_tick=1975706756926791 ms_per_tick=9.9999999999999995e-07 device_ms=0.8125
PRODUCER_KERNEL_V1 stage=1 raw_iteration=2147483650 ordinal=16 kernel=owner_bind_averaged_flux threads=1 begin_tick=1975706756927416 end_tick=1975706756930916 ms_per_tick=9.9999999999999995e-07 device_ms=0.0034999999999999996
PRODUCER_KERNEL_V1 stage=1 raw_iteration=2147483650 ordinal=17 kernel=fct_build_ratios threads=5551326 begin_tick=1975706756931333 end_tick=1975706760672791 ms_per_tick=9.9999999999999995e-07 device_ms=3.7414579999999997
PRODUCER_KERNEL_V1 stage=1 raw_iteration=2147483650 ordinal=18 kernel=fct_build_face_alpha threads=1533387 begin_tick=1975706760673583 end_tick=1975706760943458 ms_per_tick=9.9999999999999995e-07 device_ms=0.26987499999999998
PRODUCER_KERNEL_V1 stage=1 raw_iteration=2147483650 ordinal=19 kernel=fct_commit_scalar threads=504666 begin_tick=1975706760944125 end_tick=1975706761142916 ms_per_tick=9.9999999999999995e-07 device_ms=0.198791
PRODUCER_KERNEL_V1 stage=1 raw_iteration=2147483650 ordinal=20 kernel=owner_bind_candidate threads=1 begin_tick=1975706761143458 end_tick=1975706761147041 ms_per_tick=9.9999999999999995e-07 device_ms=0.0035829999999999998
PRODUCER_KERNEL_V1 stage=1 raw_iteration=2147483650 ordinal=21 kernel=finalize_resident_eos_candidate threads=1 begin_tick=1975706761147500 end_tick=1975706761150041 ms_per_tick=9.9999999999999995e-07 device_ms=0.0025409999999999999
PRODUCER_KERNEL_V1 stage=1 raw_iteration=2147483650 ordinal=22 kernel=evaluate_resident_eos_candidate threads=504666 begin_tick=1975706761151083 end_tick=1975707331728958 ms_per_tick=9.9999999999999995e-07 device_ms=570.57787499999995
PRODUCER_KERNEL_V1 stage=1 raw_iteration=2147483650 ordinal=23 kernel=finalize_resident_eos_candidate threads=1 begin_tick=1975707331747083 end_tick=1975707331749750 ms_per_tick=9.9999999999999995e-07 device_ms=0.0026669999999999997
PRODUCER_KERNEL_V1 stage=1 raw_iteration=2147483650 ordinal=24 kernel=identify_resident_eos threads=1 begin_tick=1975707331750083 end_tick=1975707331752833 ms_per_tick=9.9999999999999995e-07 device_ms=0.0027499999999999998
PRODUCER_KERNEL_V1 stage=1 raw_iteration=2147483650 ordinal=25 kernel=produce_resident_frozen_source threads=504666 begin_tick=1975707331753166 end_tick=1975707331785166 ms_per_tick=9.9999999999999995e-07 device_ms=0.032000000000000001
PRODUCER_KERNEL_V1 stage=1 raw_iteration=2147483650 ordinal=26 kernel=identify_resident_frozen_source threads=1 begin_tick=1975707331785541 end_tick=1975707331788166 ms_per_tick=9.9999999999999995e-07 device_ms=0.0026249999999999997
PRODUCER_KERNEL_V1 stage=1 raw_iteration=2147483650 ordinal=27 kernel=evaluate_resident_target_terms threads=504666 begin_tick=1975707331788541 end_tick=1975707448500791 ms_per_tick=9.9999999999999995e-07 device_ms=116.71225
PRODUCER_KERNEL_V1 stage=1 raw_iteration=2147483650 ordinal=28 kernel=finalize_resident_target threads=1 begin_tick=1975707448598958 end_tick=1975707448602291 ms_per_tick=9.9999999999999995e-07 device_ms=0.003333
PRODUCER_KERNEL_V1 stage=1 raw_iteration=2147483650 ordinal=29 kernel=identify_resident_target threads=1 begin_tick=1975707448602625 end_tick=1975707448605625 ms_per_tick=9.9999999999999995e-07 device_ms=0.0030000000000000001
PRODUCER_KERNEL_V1 stage=1 raw_iteration=2147483650 ordinal=30 kernel=issue_resident_projection_consumer threads=1 begin_tick=1975707448606083 end_tick=1975707448610041 ms_per_tick=9.9999999999999995e-07 device_ms=0.0039579999999999997
PRODUCER_KERNEL_V1 stage=1 raw_iteration=2147483650 ordinal=31 kernel=consume_resident_target threads=1 begin_tick=1975707448610416 end_tick=1975707448614250 ms_per_tick=9.9999999999999995e-07 device_ms=0.0038339999999999997
PRODUCER_KERNEL_V1 stage=1 raw_iteration=2147483650 ordinal=32 kernel=owner_compose_target threads=504666 begin_tick=1975707448614708 end_tick=1975707448693958 ms_per_tick=9.9999999999999995e-07 device_ms=0.079250000000000001
PRODUCER_KERNEL_V1 stage=1 raw_iteration=2147483650 ordinal=33 kernel=finalize_resident_target threads=1 begin_tick=1975707448694416 end_tick=1975707448697083 ms_per_tick=9.9999999999999995e-07 device_ms=0.0026669999999999997
PRODUCER_KERNEL_V1 stage=1 raw_iteration=2147483650 ordinal=34 kernel=owner_identify_target threads=1 begin_tick=1975707448697500 end_tick=1975707448700583 ms_per_tick=9.9999999999999995e-07 device_ms=0.0030829999999999998
PRODUCER_KERNEL_V1 stage=1 raw_iteration=2147483650 ordinal=35 kernel=issue_resident_projection_consumer threads=1 begin_tick=1975707448701000 end_tick=1975707448703916 ms_per_tick=9.9999999999999995e-07 device_ms=0.0029159999999999998
PRODUCER_KERNEL_V1 stage=1 raw_iteration=2147483650 ordinal=36 kernel=consume_resident_target threads=1 begin_tick=1975707448704250 end_tick=1975707448707625 ms_per_tick=9.9999999999999995e-07 device_ms=0.003375
PRODUCER_KERNEL_V1 stage=1 raw_iteration=2147483650 ordinal=37 kernel=owner_issue_stage_seal threads=1 begin_tick=1975707448708041 end_tick=1975707448710833 ms_per_tick=9.9999999999999995e-07 device_ms=0.0027919999999999998
PRODUCER_KERNEL_V1 stage=1 raw_iteration=2147483650 ordinal=38 kernel=fct_compatible_stage_rate threads=1533387 begin_tick=1975707448711416 end_tick=1975707449256208 ms_per_tick=9.9999999999999995e-07 device_ms=0.54479199999999994
PRODUCER_KERNEL_V1 stage=1 raw_iteration=2147483650 ordinal=39 kernel=fct_compatible_stage_rate threads=1533387 begin_tick=1975707449256791 end_tick=1975707449799708 ms_per_tick=9.9999999999999995e-07 device_ms=0.54291699999999998
PRODUCER_KERNEL_V1 stage=1 raw_iteration=2147483650 ordinal=40 kernel=owner_heun_momentum threads=1533387 begin_tick=1975707449800250 end_tick=1975707449894083 ms_per_tick=9.9999999999999995e-07 device_ms=0.093833
RISE_FIRE_OWNER_PROFILE_V1 {"scope":66,"parent":61,"phase":"BuildStageProducerGroup","stage":1,"raw_iteration":2147483650,"iteration_kind":"terminal","wall_ms":797.516084000,"device_sum_ms":706.603250001,"wall_minus_device_ms":90.912833999,"exclusive_wall_ms":797.516084000,"exclusive_device_sum_ms":706.603250001,"child_observer_wall_ms":0.000000000,"count_scope":"inclusive","owner_commits":1,"projection_invocations":0}
RISE_FIRE_OWNER_PROFILE_V1 {"scope":67,"parent":61,"phase":"AlphaResidual","stage":1,"raw_iteration":2147483650,"iteration_kind":"terminal","wall_ms":0.374042000,"device_sum_ms":0.053083291,"wall_minus_device_ms":0.320958709,"exclusive_wall_ms":0.374042000,"exclusive_device_sum_ms":0.053083291,"child_observer_wall_ms":0.000000000,"count_scope":"inclusive","owner_commits":1,"projection_invocations":0}
RISE_FIRE_OWNER_PROFILE_V1 {"scope":68,"parent":61,"phase":"Residual","stage":1,"raw_iteration":2147483650,"iteration_kind":"terminal","wall_ms":0.422250000,"device_sum_ms":0.114166643,"wall_minus_device_ms":0.308083357,"exclusive_wall_ms":0.422250000,"exclusive_device_sum_ms":0.114166643,"child_observer_wall_ms":0.000000000,"count_scope":"inclusive","owner_commits":1,"projection_invocations":0}
RISE_FIRE_OWNER_PROFILE_V1 {"scope":61,"parent":54,"phase":"TerminalVerification","stage":1,"raw_iteration":2147483650,"iteration_kind":"terminal","wall_ms":816.622167000,"device_sum_ms":715.497958008,"wall_minus_device_ms":101.124208992,"exclusive_wall_ms":0.005417000,"exclusive_device_sum_ms":0.000000000,"child_observer_wall_ms":0.024874000,"count_scope":"inclusive","owner_commits":7,"projection_invocations":1}
RISE_FIRE_OWNER_PROFILE_V1 {"scope":54,"parent":36,"phase":"PicardIteration","stage":1,"raw_iteration":2,"iteration_kind":"picard","wall_ms":1609.955500000,"device_sum_ms":1414.638124872,"wall_minus_device_ms":195.317375128,"exclusive_wall_ms":1.220999000,"exclusive_device_sum_ms":0.000000000,"child_observer_wall_ms":0.020876000,"count_scope":"inclusive","owner_commits":13,"projection_invocations":2}
RISE_FIRE_OWNER_PROFILE_V1 {"scope":36,"parent":1,"phase":"SolveStage","stage":1,"raw_iteration":4294967295,"iteration_kind":"bootstrap","wall_ms":3985.939125000,"device_sum_ms":3510.338749504,"wall_minus_device_ms":475.600375496,"exclusive_wall_ms":3.963043000,"exclusive_device_sum_ms":0.000000000,"child_observer_wall_ms":0.016874000,"count_scope":"inclusive","owner_commits":28,"projection_invocations":5}
RISE_FIRE_OWNER_PROFILE_V1 {"scope":71,"parent":70,"phase":"ProjectionAdapter","stage":2,"raw_iteration":4294967295,"iteration_kind":"bootstrap","wall_ms":15.177666000,"device_sum_ms":8.683666820,"wall_minus_device_ms":6.493999180,"exclusive_wall_ms":15.177666000,"exclusive_device_sum_ms":8.683666820,"child_observer_wall_ms":0.000000000,"count_scope":"inclusive","owner_commits":0,"projection_invocations":1}
RISE_FIRE_OWNER_PROFILE_V1 {"scope":70,"parent":69,"phase":"Project","stage":2,"raw_iteration":4294967295,"iteration_kind":"bootstrap","wall_ms":15.914708000,"device_sum_ms":8.735500043,"wall_minus_device_ms":7.179207957,"exclusive_wall_ms":0.729500000,"exclusive_device_sum_ms":0.051833224,"child_observer_wall_ms":0.007542000,"count_scope":"inclusive","owner_commits":2,"projection_invocations":1}
PRODUCER_COMMAND_V1 stage=2 raw_iteration=4294967295 cpu_begin=1975707473836000 cpu_end=1975708244882666 gpu_begin=1975707473836000 gpu_end=1975708244882666 device_ms=683.82462509907782 encoders=35 interval_scope=possibly_overlapping
PRODUCER_KERNEL_V1 stage=2 raw_iteration=4294967295 ordinal=0 kernel=owner_pack_faces threads=1533387 begin_tick=1975707561076208 end_tick=1975707561128125 ms_per_tick=9.9999999999999995e-07 device_ms=0.051916999999999998
PRODUCER_KERNEL_V1 stage=2 raw_iteration=4294967295 ordinal=1 kernel=owner_pack_faces threads=1533387 begin_tick=1975707561156458 end_tick=1975707561207958 ms_per_tick=9.9999999999999995e-07 device_ms=0.051499999999999997
PRODUCER_KERNEL_V1 stage=2 raw_iteration=4294967295 ordinal=2 kernel=owner_pack_faces threads=1533387 begin_tick=1975707561315916 end_tick=1975707561380208 ms_per_tick=9.9999999999999995e-07 device_ms=0.064292000000000002
PRODUCER_KERNEL_V1 stage=2 raw_iteration=4294967295 ordinal=3 kernel=fct_extract_gas_density threads=504666 begin_tick=1975707561358625 end_tick=1975707561409750 ms_per_tick=9.9999999999999995e-07 device_ms=0.051124999999999997
PRODUCER_KERNEL_V1 stage=2 raw_iteration=4294967295 ordinal=4 kernel=owner_gas_source threads=504666 begin_tick=1975707561407500 end_tick=1975707561450250 ms_per_tick=9.9999999999999995e-07 device_ms=0.042749999999999996
PRODUCER_KERNEL_V1 stage=2 raw_iteration=4294967295 ordinal=5 kernel=evaluate_resident_transport threads=504666 begin_tick=1975707561557250 end_tick=1975707562005500 ms_per_tick=9.9999999999999995e-07 device_ms=0.44824999999999998
PRODUCER_KERNEL_V1 stage=2 raw_iteration=4294967295 ordinal=6 kernel=identify_resident_transport threads=1 begin_tick=1975707562005875 end_tick=1975707562008583 ms_per_tick=9.9999999999999995e-07 device_ms=0.0027079999999999999
PRODUCER_KERNEL_V1 stage=2 raw_iteration=4294967295 ordinal=7 kernel=owner_bind_transport threads=1 begin_tick=1975707562009083 end_tick=1975707562012625 ms_per_tick=9.9999999999999995e-07 device_ms=0.003542
PRODUCER_KERNEL_V1 stage=2 raw_iteration=4294967295 ordinal=8 kernel=identify_resident_owner_endpoint_class threads=1 begin_tick=1975707562013083 end_tick=1975707562016625 ms_per_tick=9.9999999999999995e-07 device_ms=0.003542
PRODUCER_KERNEL_V1 stage=2 raw_iteration=4294967295 ordinal=9 kernel=evaluate_resident_physical_flux threads=1533387 begin_tick=1975707563263041 end_tick=1975707564377041 ms_per_tick=9.9999999999999995e-07 device_ms=1.1139999999999999
PRODUCER_KERNEL_V1 stage=2 raw_iteration=4294967295 ordinal=10 kernel=evaluate_resident_advective_pair threads=13800483 begin_tick=1975707565044666 end_tick=1975707572327166 ms_per_tick=9.9999999999999995e-07 device_ms=7.2824999999999998
PRODUCER_KERNEL_V1 stage=2 raw_iteration=4294967295 ordinal=11 kernel=finalize_resident_advective_high threads=13800483 begin_tick=1975707572328041 end_tick=1975707572746666 ms_per_tick=9.9999999999999995e-07 device_ms=0.41862499999999997
PRODUCER_KERNEL_V1 stage=2 raw_iteration=4294967295 ordinal=12 kernel=compose_resident_flux_pair threads=13800483 begin_tick=1975707572747083 end_tick=1975707573623166 ms_per_tick=9.9999999999999995e-07 device_ms=0.87608299999999995
PRODUCER_KERNEL_V1 stage=2 raw_iteration=4294967295 ordinal=13 kernel=validate_resident_physical_flux threads=13800483 begin_tick=1975707573623875 end_tick=1975707574501541 ms_per_tick=9.9999999999999995e-07 device_ms=0.87766599999999995
PRODUCER_KERNEL_V1 stage=2 raw_iteration=4294967295 ordinal=14 kernel=identify_resident_physical_flux threads=32 begin_tick=1975707574502041 end_tick=1975707574505458 ms_per_tick=9.9999999999999995e-07 device_ms=0.0034169999999999999
PRODUCER_KERNEL_V1 stage=2 raw_iteration=4294967295 ordinal=15 kernel=owner_bind_candidate threads=1 begin_tick=1975707574505958 end_tick=1975707574509500 ms_per_tick=9.9999999999999995e-07 device_ms=0.003542
PRODUCER_KERNEL_V1 stage=2 raw_iteration=4294967295 ordinal=16 kernel=finalize_resident_eos_candidate threads=1 begin_tick=1975707574509833 end_tick=1975707574512208 ms_per_tick=9.9999999999999995e-07 device_ms=0.0023749999999999999
PRODUCER_KERNEL_V1 stage=2 raw_iteration=4294967295 ordinal=17 kernel=evaluate_resident_eos_candidate threads=504666 begin_tick=1975707574512916 end_tick=1975708129563875 ms_per_tick=9.9999999999999995e-07 device_ms=555.05095899999992
PRODUCER_KERNEL_V1 stage=2 raw_iteration=4294967295 ordinal=18 kernel=finalize_resident_eos_candidate threads=1 begin_tick=1975708129582166 end_tick=1975708129584833 ms_per_tick=9.9999999999999995e-07 device_ms=0.0026669999999999997
PRODUCER_KERNEL_V1 stage=2 raw_iteration=4294967295 ordinal=19 kernel=identify_resident_eos threads=1 begin_tick=1975708129585291 end_tick=1975708129587958 ms_per_tick=9.9999999999999995e-07 device_ms=0.0026669999999999997
PRODUCER_KERNEL_V1 stage=2 raw_iteration=4294967295 ordinal=20 kernel=produce_resident_frozen_source threads=504666 begin_tick=1975708129588291 end_tick=1975708129619083 ms_per_tick=9.9999999999999995e-07 device_ms=0.030792
PRODUCER_KERNEL_V1 stage=2 raw_iteration=4294967295 ordinal=21 kernel=identify_resident_frozen_source threads=1 begin_tick=1975708129619541 end_tick=1975708129622125 ms_per_tick=9.9999999999999995e-07 device_ms=0.0025839999999999999
PRODUCER_KERNEL_V1 stage=2 raw_iteration=4294967295 ordinal=22 kernel=evaluate_resident_target_terms threads=504666 begin_tick=1975708129622541 end_tick=1975708244064833 ms_per_tick=9.9999999999999995e-07 device_ms=114.44229199999999
PRODUCER_KERNEL_V1 stage=2 raw_iteration=4294967295 ordinal=23 kernel=finalize_resident_target threads=1 begin_tick=1975708244083208 end_tick=1975708244086458 ms_per_tick=9.9999999999999995e-07 device_ms=0.0032499999999999999
PRODUCER_KERNEL_V1 stage=2 raw_iteration=4294967295 ordinal=24 kernel=identify_resident_target threads=1 begin_tick=1975708244086791 end_tick=1975708244089916 ms_per_tick=9.9999999999999995e-07 device_ms=0.0031249999999999997
PRODUCER_KERNEL_V1 stage=2 raw_iteration=4294967295 ordinal=25 kernel=issue_resident_projection_consumer threads=1 begin_tick=1975708244090500 end_tick=1975708244094458 ms_per_tick=9.9999999999999995e-07 device_ms=0.0039579999999999997
PRODUCER_KERNEL_V1 stage=2 raw_iteration=4294967295 ordinal=26 kernel=consume_resident_target threads=1 begin_tick=1975708244094875 end_tick=1975708244098750 ms_per_tick=9.9999999999999995e-07 device_ms=0.003875
PRODUCER_KERNEL_V1 stage=2 raw_iteration=4294967295 ordinal=27 kernel=owner_compose_target threads=504666 begin_tick=1975708244099333 end_tick=1975708244130208 ms_per_tick=9.9999999999999995e-07 device_ms=0.030875
PRODUCER_KERNEL_V1 stage=2 raw_iteration=4294967295 ordinal=28 kernel=finalize_resident_target threads=1 begin_tick=1975708244130625 end_tick=1975708244132958 ms_per_tick=9.9999999999999995e-07 device_ms=0.002333
PRODUCER_KERNEL_V1 stage=2 raw_iteration=4294967295 ordinal=29 kernel=owner_identify_target threads=1 begin_tick=1975708244133541 end_tick=1975708244136500 ms_per_tick=9.9999999999999995e-07 device_ms=0.0029589999999999998
PRODUCER_KERNEL_V1 stage=2 raw_iteration=4294967295 ordinal=30 kernel=issue_resident_projection_consumer threads=1 begin_tick=1975708244136833 end_tick=1975708244139541 ms_per_tick=9.9999999999999995e-07 device_ms=0.0027079999999999999
PRODUCER_KERNEL_V1 stage=2 raw_iteration=4294967295 ordinal=31 kernel=consume_resident_target threads=1 begin_tick=1975708244140000 end_tick=1975708244143291 ms_per_tick=9.9999999999999995e-07 device_ms=0.0032909999999999997
PRODUCER_KERNEL_V1 stage=2 raw_iteration=4294967295 ordinal=32 kernel=owner_issue_stage_seal threads=1 begin_tick=1975708244143750 end_tick=1975708244146541 ms_per_tick=9.9999999999999995e-07 device_ms=0.0027910000000000001
PRODUCER_KERNEL_V1 stage=2 raw_iteration=4294967295 ordinal=33 kernel=fct_compatible_stage_rate threads=1533387 begin_tick=1975708244147083 end_tick=1975708244664375 ms_per_tick=9.9999999999999995e-07 device_ms=0.51729199999999997
PRODUCER_KERNEL_V1 stage=2 raw_iteration=4294967295 ordinal=34 kernel=owner_heun_momentum threads=1533387 begin_tick=1975708244664791 end_tick=1975708244757625 ms_per_tick=9.9999999999999995e-07 device_ms=0.092834
RISE_FIRE_OWNER_PROFILE_V1 {"scope":72,"parent":69,"phase":"BuildStageProducerGroup","stage":2,"raw_iteration":4294967295,"iteration_kind":"bootstrap","wall_ms":771.169333000,"device_sum_ms":683.824625099,"wall_minus_device_ms":87.344707901,"exclusive_wall_ms":771.169333000,"exclusive_device_sum_ms":683.824625099,"child_observer_wall_ms":0.000000000,"count_scope":"inclusive","owner_commits":1,"projection_invocations":0}
RISE_FIRE_OWNER_PROFILE_V1 {"scope":75,"parent":74,"phase":"ProjectionAdapter","stage":2,"raw_iteration":0,"iteration_kind":"picard","wall_ms":16.416666000,"device_sum_ms":8.762041572,"wall_minus_device_ms":7.654624428,"exclusive_wall_ms":16.416666000,"exclusive_device_sum_ms":8.762041572,"child_observer_wall_ms":0.000000000,"count_scope":"inclusive","owner_commits":0,"projection_invocations":1}
RISE_FIRE_OWNER_PROFILE_V1 {"scope":74,"parent":73,"phase":"Project","stage":2,"raw_iteration":0,"iteration_kind":"picard","wall_ms":17.181292000,"device_sum_ms":8.807041449,"wall_minus_device_ms":8.374250551,"exclusive_wall_ms":0.758459000,"exclusive_device_sum_ms":0.044999877,"child_observer_wall_ms":0.006167000,"count_scope":"inclusive","owner_commits":2,"projection_invocations":1}
RISE_FIRE_OWNER_PROFILE_V1 {"scope":76,"parent":73,"phase":"ReadOpenClass","stage":2,"raw_iteration":0,"iteration_kind":"picard","wall_ms":0.203000000,"device_sum_ms":0.002375105,"wall_minus_device_ms":0.200624895,"exclusive_wall_ms":0.203000000,"exclusive_device_sum_ms":0.002375105,"child_observer_wall_ms":0.000000000,"count_scope":"inclusive","owner_commits":1,"projection_invocations":0}
RISE_FIRE_OWNER_PROFILE_V1 {"scope":77,"parent":73,"phase":"ReadOpenClass","stage":2,"raw_iteration":0,"iteration_kind":"picard","wall_ms":0.197500000,"device_sum_ms":0.002374873,"wall_minus_device_ms":0.195125127,"exclusive_wall_ms":0.197500000,"exclusive_device_sum_ms":0.002374873,"child_observer_wall_ms":0.000000000,"count_scope":"inclusive","owner_commits":1,"projection_invocations":0}
PRODUCER_COMMAND_V1 stage=2 raw_iteration=0 cpu_begin=1975708262609666 cpu_end=1975709046519666 gpu_begin=1975708262609666 gpu_end=1975709046519666 device_ms=695.24154160171747 encoders=35 interval_scope=possibly_overlapping
PRODUCER_KERNEL_V1 stage=2 raw_iteration=0 ordinal=0 kernel=owner_pack_faces threads=1533387 begin_tick=1975708351143500 end_tick=1975708351199916 ms_per_tick=9.9999999999999995e-07 device_ms=0.056416000000000001
PRODUCER_KERNEL_V1 stage=2 raw_iteration=0 ordinal=1 kernel=owner_pack_faces threads=1533387 begin_tick=1975708351199250 end_tick=1975708351642541 ms_per_tick=9.9999999999999995e-07 device_ms=0.44329099999999999
PRODUCER_KERNEL_V1 stage=2 raw_iteration=0 ordinal=2 kernel=owner_pack_faces threads=1533387 begin_tick=1975708351136750 end_tick=1975708351199250 ms_per_tick=9.9999999999999995e-07 device_ms=0.0625
PRODUCER_KERNEL_V1 stage=2 raw_iteration=0 ordinal=3 kernel=fct_extract_gas_density threads=504666 begin_tick=1975708351642541 end_tick=1975708351666666 ms_per_tick=9.9999999999999995e-07 device_ms=0.024125000000000001
PRODUCER_KERNEL_V1 stage=2 raw_iteration=0 ordinal=4 kernel=owner_gas_source threads=504666 begin_tick=1975708351666666 end_tick=1975708351711208 ms_per_tick=9.9999999999999995e-07 device_ms=0.044541999999999998
PRODUCER_KERNEL_V1 stage=2 raw_iteration=0 ordinal=5 kernel=evaluate_resident_transport threads=504666 begin_tick=1975708351200375 end_tick=1975708351739250 ms_per_tick=9.9999999999999995e-07 device_ms=0.53887499999999999
PRODUCER_KERNEL_V1 stage=2 raw_iteration=0 ordinal=6 kernel=identify_resident_transport threads=1 begin_tick=1975708351739666 end_tick=1975708351742458 ms_per_tick=9.9999999999999995e-07 device_ms=0.0027919999999999998
PRODUCER_KERNEL_V1 stage=2 raw_iteration=0 ordinal=7 kernel=owner_bind_transport threads=1 begin_tick=1975708351743000 end_tick=1975708351746416 ms_per_tick=9.9999999999999995e-07 device_ms=0.0034159999999999998
PRODUCER_KERNEL_V1 stage=2 raw_iteration=0 ordinal=8 kernel=identify_resident_owner_endpoint_class threads=1 begin_tick=1975708351746833 end_tick=1975708351750291 ms_per_tick=9.9999999999999995e-07 device_ms=0.0034579999999999997
PRODUCER_KERNEL_V1 stage=2 raw_iteration=0 ordinal=9 kernel=evaluate_resident_physical_flux threads=1533387 begin_tick=1975708352720416 end_tick=1975708353834875 ms_per_tick=9.9999999999999995e-07 device_ms=1.1144589999999999
PRODUCER_KERNEL_V1 stage=2 raw_iteration=0 ordinal=10 kernel=evaluate_resident_advective_pair threads=13800483 begin_tick=1975708354415416 end_tick=1975708361666500 ms_per_tick=9.9999999999999995e-07 device_ms=7.2510839999999996
PRODUCER_KERNEL_V1 stage=2 raw_iteration=0 ordinal=11 kernel=finalize_resident_advective_high threads=13800483 begin_tick=1975708361667166 end_tick=1975708362086791 ms_per_tick=9.9999999999999995e-07 device_ms=0.41962499999999997
PRODUCER_KERNEL_V1 stage=2 raw_iteration=0 ordinal=12 kernel=compose_resident_flux_pair threads=13800483 begin_tick=1975708362087166 end_tick=1975708362968750 ms_per_tick=9.9999999999999995e-07 device_ms=0.88158399999999992
PRODUCER_KERNEL_V1 stage=2 raw_iteration=0 ordinal=13 kernel=validate_resident_physical_flux threads=13800483 begin_tick=1975708362969458 end_tick=1975708363858750 ms_per_tick=9.9999999999999995e-07 device_ms=0.88929199999999997
PRODUCER_KERNEL_V1 stage=2 raw_iteration=0 ordinal=14 kernel=identify_resident_physical_flux threads=32 begin_tick=1975708363859458 end_tick=1975708363862666 ms_per_tick=9.9999999999999995e-07 device_ms=0.0032079999999999999
PRODUCER_KERNEL_V1 stage=2 raw_iteration=0 ordinal=15 kernel=owner_bind_candidate threads=1 begin_tick=1975708363863083 end_tick=1975708363866791 ms_per_tick=9.9999999999999995e-07 device_ms=0.0037079999999999999
PRODUCER_KERNEL_V1 stage=2 raw_iteration=0 ordinal=16 kernel=finalize_resident_eos_candidate threads=1 begin_tick=1975708363867458 end_tick=1975708363869541 ms_per_tick=9.9999999999999995e-07 device_ms=0.0020829999999999998
PRODUCER_KERNEL_V1 stage=2 raw_iteration=0 ordinal=17 kernel=evaluate_resident_eos_candidate threads=504666 begin_tick=1975708363870291 end_tick=1975708931187958 ms_per_tick=9.9999999999999995e-07 device_ms=567.31766700000003
PRODUCER_KERNEL_V1 stage=2 raw_iteration=0 ordinal=18 kernel=finalize_resident_eos_candidate threads=1 begin_tick=1975708931205083 end_tick=1975708931207666 ms_per_tick=9.9999999999999995e-07 device_ms=0.0025829999999999998
PRODUCER_KERNEL_V1 stage=2 raw_iteration=0 ordinal=19 kernel=identify_resident_eos threads=1 begin_tick=1975708931208125 end_tick=1975708931210791 ms_per_tick=9.9999999999999995e-07 device_ms=0.002666
PRODUCER_KERNEL_V1 stage=2 raw_iteration=0 ordinal=20 kernel=produce_resident_frozen_source threads=504666 begin_tick=1975708931211125 end_tick=1975708931241375 ms_per_tick=9.9999999999999995e-07 device_ms=0.030249999999999999
PRODUCER_KERNEL_V1 stage=2 raw_iteration=0 ordinal=21 kernel=identify_resident_frozen_source threads=1 begin_tick=1975708931241875 end_tick=1975708931244583 ms_per_tick=9.9999999999999995e-07 device_ms=0.0027079999999999999
PRODUCER_KERNEL_V1 stage=2 raw_iteration=0 ordinal=22 kernel=evaluate_resident_target_terms threads=504666 begin_tick=1975708931244875 end_tick=1975709045677125 ms_per_tick=9.9999999999999995e-07 device_ms=114.43225
PRODUCER_KERNEL_V1 stage=2 raw_iteration=0 ordinal=23 kernel=finalize_resident_target threads=1 begin_tick=1975709045695333 end_tick=1975709045698625 ms_per_tick=9.9999999999999995e-07 device_ms=0.0032919999999999998
PRODUCER_KERNEL_V1 stage=2 raw_iteration=0 ordinal=24 kernel=identify_resident_target threads=1 begin_tick=1975709045698916 end_tick=1975709045701791 ms_per_tick=9.9999999999999995e-07 device_ms=0.002875
PRODUCER_KERNEL_V1 stage=2 raw_iteration=0 ordinal=25 kernel=issue_resident_projection_consumer threads=1 begin_tick=1975709045702250 end_tick=1975709045706125 ms_per_tick=9.9999999999999995e-07 device_ms=0.003875
PRODUCER_KERNEL_V1 stage=2 raw_iteration=0 ordinal=26 kernel=consume_resident_target threads=1 begin_tick=1975709045706541 end_tick=1975709045710583 ms_per_tick=9.9999999999999995e-07 device_ms=0.0040419999999999996
PRODUCER_KERNEL_V1 stage=2 raw_iteration=0 ordinal=27 kernel=owner_compose_target threads=504666 begin_tick=1975709045711166 end_tick=1975709045742541 ms_per_tick=9.9999999999999995e-07 device_ms=0.031375
PRODUCER_KERNEL_V1 stage=2 raw_iteration=0 ordinal=28 kernel=finalize_resident_target threads=1 begin_tick=1975709045742875 end_tick=1975709045745083 ms_per_tick=9.9999999999999995e-07 device_ms=0.0022079999999999999
PRODUCER_KERNEL_V1 stage=2 raw_iteration=0 ordinal=29 kernel=owner_identify_target threads=1 begin_tick=1975709045745583 end_tick=1975709045748750 ms_per_tick=9.9999999999999995e-07 device_ms=0.0031669999999999997
PRODUCER_KERNEL_V1 stage=2 raw_iteration=0 ordinal=30 kernel=issue_resident_projection_consumer threads=1 begin_tick=1975709045749166 end_tick=1975709045752208 ms_per_tick=9.9999999999999995e-07 device_ms=0.003042
PRODUCER_KERNEL_V1 stage=2 raw_iteration=0 ordinal=31 kernel=consume_resident_target threads=1 begin_tick=1975709045752791 end_tick=1975709045756000 ms_per_tick=9.9999999999999995e-07 device_ms=0.003209
PRODUCER_KERNEL_V1 stage=2 raw_iteration=0 ordinal=32 kernel=owner_issue_stage_seal threads=1 begin_tick=1975709045756375 end_tick=1975709045759333 ms_per_tick=9.9999999999999995e-07 device_ms=0.0029579999999999997
PRODUCER_KERNEL_V1 stage=2 raw_iteration=0 ordinal=33 kernel=fct_compatible_stage_rate threads=1533387 begin_tick=1975709045759833 end_tick=1975709046280666 ms_per_tick=9.9999999999999995e-07 device_ms=0.52083299999999999
PRODUCER_KERNEL_V1 stage=2 raw_iteration=0 ordinal=34 kernel=owner_heun_momentum threads=1533387 begin_tick=1975709046281083 end_tick=1975709046372666 ms_per_tick=9.9999999999999995e-07 device_ms=0.091582999999999998
RISE_FIRE_OWNER_PROFILE_V1 {"scope":78,"parent":73,"phase":"BuildStageProducerGroup","stage":2,"raw_iteration":0,"iteration_kind":"picard","wall_ms":784.072916000,"device_sum_ms":695.241541602,"wall_minus_device_ms":88.831374398,"exclusive_wall_ms":784.072916000,"exclusive_device_sum_ms":695.241541602,"child_observer_wall_ms":0.000000000,"count_scope":"inclusive","owner_commits":1,"projection_invocations":0}
RISE_FIRE_OWNER_PROFILE_V1 {"scope":79,"parent":73,"phase":"Residual","stage":2,"raw_iteration":0,"iteration_kind":"picard","wall_ms":0.382250000,"device_sum_ms":0.021624845,"wall_minus_device_ms":0.360625155,"exclusive_wall_ms":0.382250000,"exclusive_device_sum_ms":0.021624845,"child_observer_wall_ms":0.000000000,"count_scope":"inclusive","owner_commits":1,"projection_invocations":0}
RISE_FIRE_OWNER_PROFILE_V1 {"scope":73,"parent":69,"phase":"PicardIteration","stage":2,"raw_iteration":0,"iteration_kind":"picard","wall_ms":803.154375000,"device_sum_ms":704.074957874,"wall_minus_device_ms":99.079417126,"exclusive_wall_ms":1.094166000,"exclusive_device_sum_ms":0.000000000,"child_observer_wall_ms":0.023251000,"count_scope":"inclusive","owner_commits":6,"projection_invocations":1}
RISE_FIRE_OWNER_PROFILE_V1 {"scope":82,"parent":81,"phase":"ProjectionAdapter","stage":2,"raw_iteration":1,"iteration_kind":"picard","wall_ms":16.901167000,"device_sum_ms":8.728291607,"wall_minus_device_ms":8.172875393,"exclusive_wall_ms":16.901167000,"exclusive_device_sum_ms":8.728291607,"child_observer_wall_ms":0.000000000,"count_scope":"inclusive","owner_commits":0,"projection_invocations":1}
RISE_FIRE_OWNER_PROFILE_V1 {"scope":81,"parent":80,"phase":"Project","stage":2,"raw_iteration":1,"iteration_kind":"picard","wall_ms":18.580208000,"device_sum_ms":8.784083417,"wall_minus_device_ms":9.796124583,"exclusive_wall_ms":1.672458000,"exclusive_device_sum_ms":0.055791810,"child_observer_wall_ms":0.006583000,"count_scope":"inclusive","owner_commits":2,"projection_invocations":1}
RISE_FIRE_OWNER_PROFILE_V1 {"scope":83,"parent":80,"phase":"ReadOpenClass","stage":2,"raw_iteration":1,"iteration_kind":"picard","wall_ms":0.205208000,"device_sum_ms":0.002250075,"wall_minus_device_ms":0.202957925,"exclusive_wall_ms":0.205208000,"exclusive_device_sum_ms":0.002250075,"child_observer_wall_ms":0.000000000,"count_scope":"inclusive","owner_commits":1,"projection_invocations":0}
RISE_FIRE_OWNER_PROFILE_V1 {"scope":84,"parent":80,"phase":"ReadOpenClass","stage":2,"raw_iteration":1,"iteration_kind":"picard","wall_ms":0.177666000,"device_sum_ms":0.002166722,"wall_minus_device_ms":0.175499278,"exclusive_wall_ms":0.177666000,"exclusive_device_sum_ms":0.002166722,"child_observer_wall_ms":0.000000000,"count_scope":"inclusive","owner_commits":1,"projection_invocations":0}
PRODUCER_COMMAND_V1 stage=2 raw_iteration=1 cpu_begin=1975709067138375 cpu_end=1975709841921000 gpu_begin=1975709067138375 gpu_end=1975709841921000 device_ms=684.25299995578825 encoders=35 interval_scope=possibly_overlapping
PRODUCER_KERNEL_V1 stage=2 raw_iteration=1 ordinal=0 kernel=owner_pack_faces threads=1533387 begin_tick=1975709157572583 end_tick=1975709157629875 ms_per_tick=9.9999999999999995e-07 device_ms=0.057291999999999996
PRODUCER_KERNEL_V1 stage=2 raw_iteration=1 ordinal=1 kernel=owner_pack_faces threads=1533387 begin_tick=1975709157629583 end_tick=1975709158082041 ms_per_tick=9.9999999999999995e-07 device_ms=0.45245799999999997
PRODUCER_KERNEL_V1 stage=2 raw_iteration=1 ordinal=2 kernel=owner_pack_faces threads=1533387 begin_tick=1975709157566791 end_tick=1975709157629583 ms_per_tick=9.9999999999999995e-07 device_ms=0.062792000000000001
PRODUCER_KERNEL_V1 stage=2 raw_iteration=1 ordinal=3 kernel=fct_extract_gas_density threads=504666 begin_tick=1975709158082041 end_tick=1975709158108250 ms_per_tick=9.9999999999999995e-07 device_ms=0.026209
PRODUCER_KERNEL_V1 stage=2 raw_iteration=1 ordinal=4 kernel=owner_gas_source threads=504666 begin_tick=1975709158108250 end_tick=1975709158153083 ms_per_tick=9.9999999999999995e-07 device_ms=0.044832999999999998
PRODUCER_KERNEL_V1 stage=2 raw_iteration=1 ordinal=5 kernel=evaluate_resident_transport threads=504666 begin_tick=1975709157630250 end_tick=1975709158152833 ms_per_tick=9.9999999999999995e-07 device_ms=0.52258300000000002
PRODUCER_KERNEL_V1 stage=2 raw_iteration=1 ordinal=6 kernel=identify_resident_transport threads=1 begin_tick=1975709158153333 end_tick=1975709158156208 ms_per_tick=9.9999999999999995e-07 device_ms=0.002875
PRODUCER_KERNEL_V1 stage=2 raw_iteration=1 ordinal=7 kernel=owner_bind_transport threads=1 begin_tick=1975709158156791 end_tick=1975709158160458 ms_per_tick=9.9999999999999995e-07 device_ms=0.0036669999999999997
PRODUCER_KERNEL_V1 stage=2 raw_iteration=1 ordinal=8 kernel=identify_resident_owner_endpoint_class threads=1 begin_tick=1975709158160791 end_tick=1975709158164416 ms_per_tick=9.9999999999999995e-07 device_ms=0.0036249999999999998
PRODUCER_KERNEL_V1 stage=2 raw_iteration=1 ordinal=9 kernel=evaluate_resident_physical_flux threads=1533387 begin_tick=1975709159383833 end_tick=1975709160558375 ms_per_tick=9.9999999999999995e-07 device_ms=1.174542
PRODUCER_KERNEL_V1 stage=2 raw_iteration=1 ordinal=10 kernel=evaluate_resident_advective_pair threads=13800483 begin_tick=1975709161242083 end_tick=1975709168461958 ms_per_tick=9.9999999999999995e-07 device_ms=7.219875
PRODUCER_KERNEL_V1 stage=2 raw_iteration=1 ordinal=11 kernel=finalize_resident_advective_high threads=13800483 begin_tick=1975709168462916 end_tick=1975709168884041 ms_per_tick=9.9999999999999995e-07 device_ms=0.42112499999999997
PRODUCER_KERNEL_V1 stage=2 raw_iteration=1 ordinal=12 kernel=compose_resident_flux_pair threads=13800483 begin_tick=1975709168884458 end_tick=1975709169766666 ms_per_tick=9.9999999999999995e-07 device_ms=0.88220799999999999
PRODUCER_KERNEL_V1 stage=2 raw_iteration=1 ordinal=13 kernel=validate_resident_physical_flux threads=13800483 begin_tick=1975709169767291 end_tick=1975709170641166 ms_per_tick=9.9999999999999995e-07 device_ms=0.87387499999999996
PRODUCER_KERNEL_V1 stage=2 raw_iteration=1 ordinal=14 kernel=identify_resident_physical_flux threads=32 begin_tick=1975709170641833 end_tick=1975709170645291 ms_per_tick=9.9999999999999995e-07 device_ms=0.0034579999999999997
PRODUCER_KERNEL_V1 stage=2 raw_iteration=1 ordinal=15 kernel=owner_bind_candidate threads=1 begin_tick=1975709170645708 end_tick=1975709170649166 ms_per_tick=9.9999999999999995e-07 device_ms=0.0034579999999999997
PRODUCER_KERNEL_V1 stage=2 raw_iteration=1 ordinal=16 kernel=finalize_resident_eos_candidate threads=1 begin_tick=1975709170649875 end_tick=1975709170652041 ms_per_tick=9.9999999999999995e-07 device_ms=0.002166
PRODUCER_KERNEL_V1 stage=2 raw_iteration=1 ordinal=17 kernel=evaluate_resident_eos_candidate threads=504666 begin_tick=1975709170652791 end_tick=1975709726429041 ms_per_tick=9.9999999999999995e-07 device_ms=555.77625
PRODUCER_KERNEL_V1 stage=2 raw_iteration=1 ordinal=18 kernel=finalize_resident_eos_candidate threads=1 begin_tick=1975709726447333 end_tick=1975709726450000 ms_per_tick=9.9999999999999995e-07 device_ms=0.0026669999999999997
PRODUCER_KERNEL_V1 stage=2 raw_iteration=1 ordinal=19 kernel=identify_resident_eos threads=1 begin_tick=1975709726450500 end_tick=1975709726453125 ms_per_tick=9.9999999999999995e-07 device_ms=0.0026249999999999997
PRODUCER_KERNEL_V1 stage=2 raw_iteration=1 ordinal=20 kernel=produce_resident_frozen_source threads=504666 begin_tick=1975709726453458 end_tick=1975709726485041 ms_per_tick=9.9999999999999995e-07 device_ms=0.031583
PRODUCER_KERNEL_V1 stage=2 raw_iteration=1 ordinal=21 kernel=identify_resident_frozen_source threads=1 begin_tick=1975709726485708 end_tick=1975709726488541 ms_per_tick=9.9999999999999995e-07 device_ms=0.002833
PRODUCER_KERNEL_V1 stage=2 raw_iteration=1 ordinal=22 kernel=evaluate_resident_target_terms threads=504666 begin_tick=1975709726488958 end_tick=1975709840992833 ms_per_tick=9.9999999999999995e-07 device_ms=114.50387499999999
PRODUCER_KERNEL_V1 stage=2 raw_iteration=1 ordinal=23 kernel=finalize_resident_target threads=1 begin_tick=1975709841011166 end_tick=1975709841014416 ms_per_tick=9.9999999999999995e-07 device_ms=0.0032499999999999999
PRODUCER_KERNEL_V1 stage=2 raw_iteration=1 ordinal=24 kernel=identify_resident_target threads=1 begin_tick=1975709841014708 end_tick=1975709841017625 ms_per_tick=9.9999999999999995e-07 device_ms=0.0029169999999999999
PRODUCER_KERNEL_V1 stage=2 raw_iteration=1 ordinal=25 kernel=issue_resident_projection_consumer threads=1 begin_tick=1975709841018208 end_tick=1975709841021916 ms_per_tick=9.9999999999999995e-07 device_ms=0.0037079999999999999
PRODUCER_KERNEL_V1 stage=2 raw_iteration=1 ordinal=26 kernel=consume_resident_target threads=1 begin_tick=1975709841022333 end_tick=1975709841026333 ms_per_tick=9.9999999999999995e-07 device_ms=0.0040000000000000001
PRODUCER_KERNEL_V1 stage=2 raw_iteration=1 ordinal=27 kernel=owner_compose_target threads=504666 begin_tick=1975709841026875 end_tick=1975709841058375 ms_per_tick=9.9999999999999995e-07 device_ms=0.0315
PRODUCER_KERNEL_V1 stage=2 raw_iteration=1 ordinal=28 kernel=finalize_resident_target threads=1 begin_tick=1975709841058791 end_tick=1975709841061041 ms_per_tick=9.9999999999999995e-07 device_ms=0.0022499999999999998
PRODUCER_KERNEL_V1 stage=2 raw_iteration=1 ordinal=29 kernel=owner_identify_target threads=1 begin_tick=1975709841061625 end_tick=1975709841064708 ms_per_tick=9.9999999999999995e-07 device_ms=0.0030829999999999998
PRODUCER_KERNEL_V1 stage=2 raw_iteration=1 ordinal=30 kernel=issue_resident_projection_consumer threads=1 begin_tick=1975709841065000 end_tick=1975709841067666 ms_per_tick=9.9999999999999995e-07 device_ms=0.002666
PRODUCER_KERNEL_V1 stage=2 raw_iteration=1 ordinal=31 kernel=consume_resident_target threads=1 begin_tick=1975709841068250 end_tick=1975709841071791 ms_per_tick=9.9999999999999995e-07 device_ms=0.0035409999999999999
PRODUCER_KERNEL_V1 stage=2 raw_iteration=1 ordinal=32 kernel=owner_issue_stage_seal threads=1 begin_tick=1975709841072250 end_tick=1975709841074833 ms_per_tick=9.9999999999999995e-07 device_ms=0.0025829999999999998
PRODUCER_KERNEL_V1 stage=2 raw_iteration=1 ordinal=33 kernel=fct_compatible_stage_rate threads=1533387 begin_tick=1975709841075291 end_tick=1975709841580416 ms_per_tick=9.9999999999999995e-07 device_ms=0.50512499999999994
PRODUCER_KERNEL_V1 stage=2 raw_iteration=1 ordinal=34 kernel=owner_heun_momentum threads=1533387 begin_tick=1975709841580916 end_tick=1975709841814041 ms_per_tick=9.9999999999999995e-07 device_ms=0.233125
RISE_FIRE_OWNER_PROFILE_V1 {"scope":85,"parent":80,"phase":"BuildStageProducerGroup","stage":2,"raw_iteration":1,"iteration_kind":"picard","wall_ms":774.903917000,"device_sum_ms":684.252999956,"wall_minus_device_ms":90.650917044,"exclusive_wall_ms":774.903917000,"exclusive_device_sum_ms":684.252999956,"child_observer_wall_ms":0.000000000,"count_scope":"inclusive","owner_commits":1,"projection_invocations":0}
RISE_FIRE_OWNER_PROFILE_V1 {"scope":86,"parent":80,"phase":"Residual","stage":2,"raw_iteration":1,"iteration_kind":"picard","wall_ms":0.409750000,"device_sum_ms":0.111375004,"wall_minus_device_ms":0.298374996,"exclusive_wall_ms":0.409750000,"exclusive_device_sum_ms":0.111375004,"child_observer_wall_ms":0.000000000,"count_scope":"inclusive","owner_commits":1,"projection_invocations":0}
RISE_FIRE_OWNER_PROFILE_V1 {"scope":80,"parent":69,"phase":"PicardIteration","stage":2,"raw_iteration":1,"iteration_kind":"picard","wall_ms":795.218500000,"device_sum_ms":693.152875174,"wall_minus_device_ms":102.065624826,"exclusive_wall_ms":0.919792000,"exclusive_device_sum_ms":0.000000000,"child_observer_wall_ms":0.021959000,"count_scope":"inclusive","owner_commits":6,"projection_invocations":1}
RISE_FIRE_OWNER_PROFILE_V1 {"scope":89,"parent":88,"phase":"ProjectionAdapter","stage":2,"raw_iteration":2,"iteration_kind":"picard","wall_ms":14.150250000,"device_sum_ms":8.582249749,"wall_minus_device_ms":5.568000251,"exclusive_wall_ms":14.150250000,"exclusive_device_sum_ms":8.582249749,"child_observer_wall_ms":0.000000000,"count_scope":"inclusive","owner_commits":0,"projection_invocations":1}
RISE_FIRE_OWNER_PROFILE_V1 {"scope":88,"parent":87,"phase":"Project","stage":2,"raw_iteration":2,"iteration_kind":"picard","wall_ms":15.540542000,"device_sum_ms":8.624833310,"wall_minus_device_ms":6.915708690,"exclusive_wall_ms":1.383417000,"exclusive_device_sum_ms":0.042583561,"child_observer_wall_ms":0.006875000,"count_scope":"inclusive","owner_commits":2,"projection_invocations":1}
RISE_FIRE_OWNER_PROFILE_V1 {"scope":90,"parent":87,"phase":"ReadOpenClass","stage":2,"raw_iteration":2,"iteration_kind":"picard","wall_ms":0.207666000,"device_sum_ms":0.002250075,"wall_minus_device_ms":0.205415925,"exclusive_wall_ms":0.207666000,"exclusive_device_sum_ms":0.002250075,"child_observer_wall_ms":0.000000000,"count_scope":"inclusive","owner_commits":1,"projection_invocations":0}
RISE_FIRE_OWNER_PROFILE_V1 {"scope":91,"parent":87,"phase":"ReadOpenClass","stage":2,"raw_iteration":2,"iteration_kind":"picard","wall_ms":0.200666000,"device_sum_ms":0.002374873,"wall_minus_device_ms":0.198291127,"exclusive_wall_ms":0.200666000,"exclusive_device_sum_ms":0.002374873,"child_observer_wall_ms":0.000000000,"count_scope":"inclusive","owner_commits":1,"projection_invocations":0}
PRODUCER_COMMAND_V1 stage=2 raw_iteration=2 cpu_begin=1975709859339583 cpu_end=1975710628160166 gpu_begin=1975709859339583 gpu_end=1975710628160166 device_ms=684.80725004337728 encoders=35 interval_scope=possibly_overlapping
PRODUCER_KERNEL_V1 stage=2 raw_iteration=2 ordinal=0 kernel=owner_pack_faces threads=1533387 begin_tick=1975709943338458 end_tick=1975709943389458 ms_per_tick=9.9999999999999995e-07 device_ms=0.050999999999999997
PRODUCER_KERNEL_V1 stage=2 raw_iteration=2 ordinal=1 kernel=owner_pack_faces threads=1533387 begin_tick=1975709943479125 end_tick=1975709943529500 ms_per_tick=9.9999999999999995e-07 device_ms=0.050374999999999996
PRODUCER_KERNEL_V1 stage=2 raw_iteration=2 ordinal=2 kernel=owner_pack_faces threads=1533387 begin_tick=1975709943559583 end_tick=1975709943610583 ms_per_tick=9.9999999999999995e-07 device_ms=0.050999999999999997
PRODUCER_KERNEL_V1 stage=2 raw_iteration=2 ordinal=3 kernel=fct_extract_gas_density threads=504666 begin_tick=1975709943663500 end_tick=1975709943729666 ms_per_tick=9.9999999999999995e-07 device_ms=0.066166000000000003
PRODUCER_KERNEL_V1 stage=2 raw_iteration=2 ordinal=4 kernel=owner_gas_source threads=504666 begin_tick=1975709943647500 end_tick=1975709943720583 ms_per_tick=9.9999999999999995e-07 device_ms=0.073082999999999995
PRODUCER_KERNEL_V1 stage=2 raw_iteration=2 ordinal=5 kernel=evaluate_resident_transport threads=504666 begin_tick=1975709943779833 end_tick=1975709944229875 ms_per_tick=9.9999999999999995e-07 device_ms=0.450042
PRODUCER_KERNEL_V1 stage=2 raw_iteration=2 ordinal=6 kernel=identify_resident_transport threads=1 begin_tick=1975709944230333 end_tick=1975709944233250 ms_per_tick=9.9999999999999995e-07 device_ms=0.0029169999999999999
PRODUCER_KERNEL_V1 stage=2 raw_iteration=2 ordinal=7 kernel=owner_bind_transport threads=1 begin_tick=1975709944233666 end_tick=1975709944237291 ms_per_tick=9.9999999999999995e-07 device_ms=0.0036249999999999998
PRODUCER_KERNEL_V1 stage=2 raw_iteration=2 ordinal=8 kernel=identify_resident_owner_endpoint_class threads=1 begin_tick=1975709944237625 end_tick=1975709944241250 ms_per_tick=9.9999999999999995e-07 device_ms=0.0036249999999999998
PRODUCER_KERNEL_V1 stage=2 raw_iteration=2 ordinal=9 kernel=evaluate_resident_physical_flux threads=1533387 begin_tick=1975709945379791 end_tick=1975709946492791 ms_per_tick=9.9999999999999995e-07 device_ms=1.113
PRODUCER_KERNEL_V1 stage=2 raw_iteration=2 ordinal=10 kernel=evaluate_resident_advective_pair threads=13800483 begin_tick=1975709946941416 end_tick=1975709954224916 ms_per_tick=9.9999999999999995e-07 device_ms=7.2835000000000001
PRODUCER_KERNEL_V1 stage=2 raw_iteration=2 ordinal=11 kernel=finalize_resident_advective_high threads=13800483 begin_tick=1975709954225541 end_tick=1975709954647041 ms_per_tick=9.9999999999999995e-07 device_ms=0.42149999999999999
PRODUCER_KERNEL_V1 stage=2 raw_iteration=2 ordinal=12 kernel=compose_resident_flux_pair threads=13800483 begin_tick=1975709954647416 end_tick=1975709955529291 ms_per_tick=9.9999999999999995e-07 device_ms=0.88187499999999996
PRODUCER_KERNEL_V1 stage=2 raw_iteration=2 ordinal=13 kernel=validate_resident_physical_flux threads=13800483 begin_tick=1975709955530083 end_tick=1975709956422541 ms_per_tick=9.9999999999999995e-07 device_ms=0.89245799999999997
PRODUCER_KERNEL_V1 stage=2 raw_iteration=2 ordinal=14 kernel=identify_resident_physical_flux threads=32 begin_tick=1975709956423250 end_tick=1975709956426458 ms_per_tick=9.9999999999999995e-07 device_ms=0.0032079999999999999
PRODUCER_KERNEL_V1 stage=2 raw_iteration=2 ordinal=15 kernel=owner_bind_candidate threads=1 begin_tick=1975709956426833 end_tick=1975709956431250 ms_per_tick=9.9999999999999995e-07 device_ms=0.0044169999999999999
PRODUCER_KERNEL_V1 stage=2 raw_iteration=2 ordinal=16 kernel=finalize_resident_eos_candidate threads=1 begin_tick=1975709956431666 end_tick=1975709956433916 ms_per_tick=9.9999999999999995e-07 device_ms=0.0022499999999999998
PRODUCER_KERNEL_V1 stage=2 raw_iteration=2 ordinal=17 kernel=evaluate_resident_eos_candidate threads=504666 begin_tick=1975709956434875 end_tick=1975710512833416 ms_per_tick=9.9999999999999995e-07 device_ms=556.39854100000002
PRODUCER_KERNEL_V1 stage=2 raw_iteration=2 ordinal=18 kernel=finalize_resident_eos_candidate threads=1 begin_tick=1975710512850666 end_tick=1975710512853166 ms_per_tick=9.9999999999999995e-07 device_ms=0.0025000000000000001
PRODUCER_KERNEL_V1 stage=2 raw_iteration=2 ordinal=19 kernel=identify_resident_eos threads=1 begin_tick=1975710512853666 end_tick=1975710512856333 ms_per_tick=9.9999999999999995e-07 device_ms=0.0026669999999999997
PRODUCER_KERNEL_V1 stage=2 raw_iteration=2 ordinal=20 kernel=produce_resident_frozen_source threads=504666 begin_tick=1975710512856666 end_tick=1975710512888250 ms_per_tick=9.9999999999999995e-07 device_ms=0.031584000000000001
PRODUCER_KERNEL_V1 stage=2 raw_iteration=2 ordinal=21 kernel=identify_resident_frozen_source threads=1 begin_tick=1975710512888791 end_tick=1975710512891708 ms_per_tick=9.9999999999999995e-07 device_ms=0.0029169999999999999
PRODUCER_KERNEL_V1 stage=2 raw_iteration=2 ordinal=22 kernel=evaluate_resident_target_terms threads=504666 begin_tick=1975710512892125 end_tick=1975710627321000 ms_per_tick=9.9999999999999995e-07 device_ms=114.42887499999999
PRODUCER_KERNEL_V1 stage=2 raw_iteration=2 ordinal=23 kernel=finalize_resident_target threads=1 begin_tick=1975710627338625 end_tick=1975710627341750 ms_per_tick=9.9999999999999995e-07 device_ms=0.0031249999999999997
PRODUCER_KERNEL_V1 stage=2 raw_iteration=2 ordinal=24 kernel=identify_resident_target threads=1 begin_tick=1975710627342041 end_tick=1975710627344875 ms_per_tick=9.9999999999999995e-07 device_ms=0.0028339999999999997
PRODUCER_KERNEL_V1 stage=2 raw_iteration=2 ordinal=25 kernel=issue_resident_projection_consumer threads=1 begin_tick=1975710627345416 end_tick=1975710627349458 ms_per_tick=9.9999999999999995e-07 device_ms=0.0040419999999999996
PRODUCER_KERNEL_V1 stage=2 raw_iteration=2 ordinal=26 kernel=consume_resident_target threads=1 begin_tick=1975710627349875 end_tick=1975710627354000 ms_per_tick=9.9999999999999995e-07 device_ms=0.0041250000000000002
PRODUCER_KERNEL_V1 stage=2 raw_iteration=2 ordinal=27 kernel=owner_compose_target threads=504666 begin_tick=1975710627354458 end_tick=1975710627386291 ms_per_tick=9.9999999999999995e-07 device_ms=0.031833
PRODUCER_KERNEL_V1 stage=2 raw_iteration=2 ordinal=28 kernel=finalize_resident_target threads=1 begin_tick=1975710627386625 end_tick=1975710627388916 ms_per_tick=9.9999999999999995e-07 device_ms=0.0022910000000000001
PRODUCER_KERNEL_V1 stage=2 raw_iteration=2 ordinal=29 kernel=owner_identify_target threads=1 begin_tick=1975710627389500 end_tick=1975710627392666 ms_per_tick=9.9999999999999995e-07 device_ms=0.003166
PRODUCER_KERNEL_V1 stage=2 raw_iteration=2 ordinal=30 kernel=issue_resident_projection_consumer threads=1 begin_tick=1975710627393083 end_tick=1975710627396041 ms_per_tick=9.9999999999999995e-07 device_ms=0.0029579999999999997
PRODUCER_KERNEL_V1 stage=2 raw_iteration=2 ordinal=31 kernel=consume_resident_target threads=1 begin_tick=1975710627397208 end_tick=1975710627400541 ms_per_tick=9.9999999999999995e-07 device_ms=0.003333
PRODUCER_KERNEL_V1 stage=2 raw_iteration=2 ordinal=32 kernel=owner_issue_stage_seal threads=1 begin_tick=1975710627400958 end_tick=1975710627403791 ms_per_tick=9.9999999999999995e-07 device_ms=0.002833
PRODUCER_KERNEL_V1 stage=2 raw_iteration=2 ordinal=33 kernel=fct_compatible_stage_rate threads=1533387 begin_tick=1975710627404166 end_tick=1975710627917250 ms_per_tick=9.9999999999999995e-07 device_ms=0.51308399999999998
PRODUCER_KERNEL_V1 stage=2 raw_iteration=2 ordinal=34 kernel=owner_heun_momentum threads=1533387 begin_tick=1975710627917666 end_tick=1975710628008291 ms_per_tick=9.9999999999999995e-07 device_ms=0.090624999999999997
RISE_FIRE_OWNER_PROFILE_V1 {"scope":92,"parent":87,"phase":"BuildStageProducerGroup","stage":2,"raw_iteration":2,"iteration_kind":"picard","wall_ms":768.976000000,"device_sum_ms":684.807250043,"wall_minus_device_ms":84.168749957,"exclusive_wall_ms":768.976000000,"exclusive_device_sum_ms":684.807250043,"child_observer_wall_ms":0.000000000,"count_scope":"inclusive","owner_commits":1,"projection_invocations":0}
RISE_FIRE_OWNER_PROFILE_V1 {"scope":93,"parent":87,"phase":"Residual","stage":2,"raw_iteration":2,"iteration_kind":"picard","wall_ms":0.486959000,"device_sum_ms":0.117333373,"wall_minus_device_ms":0.369625627,"exclusive_wall_ms":0.486959000,"exclusive_device_sum_ms":0.117333373,"child_observer_wall_ms":0.000000000,"count_scope":"inclusive","owner_commits":1,"projection_invocations":0}
RISE_FIRE_OWNER_PROFILE_V1 {"scope":96,"parent":95,"phase":"ProjectionAdapter","stage":2,"raw_iteration":2147483650,"iteration_kind":"terminal","wall_ms":16.352000000,"device_sum_ms":9.195166407,"wall_minus_device_ms":7.156833593,"exclusive_wall_ms":16.352000000,"exclusive_device_sum_ms":9.195166407,"child_observer_wall_ms":0.000000000,"count_scope":"inclusive","owner_commits":0,"projection_invocations":1}
RISE_FIRE_OWNER_PROFILE_V1 {"scope":95,"parent":94,"phase":"Project","stage":2,"raw_iteration":2147483650,"iteration_kind":"terminal","wall_ms":17.072375000,"device_sum_ms":9.233541554,"wall_minus_device_ms":7.838833446,"exclusive_wall_ms":0.714875000,"exclusive_device_sum_ms":0.038375147,"child_observer_wall_ms":0.005500000,"count_scope":"inclusive","owner_commits":2,"projection_invocations":1}
RISE_FIRE_OWNER_PROFILE_V1 {"scope":97,"parent":94,"phase":"ReadOpenClass","stage":2,"raw_iteration":2147483650,"iteration_kind":"terminal","wall_ms":0.232916000,"device_sum_ms":0.002458459,"wall_minus_device_ms":0.230457541,"exclusive_wall_ms":0.232916000,"exclusive_device_sum_ms":0.002458459,"child_observer_wall_ms":0.000000000,"count_scope":"inclusive","owner_commits":1,"projection_invocations":0}
RISE_FIRE_OWNER_PROFILE_V1 {"scope":98,"parent":94,"phase":"ReadOpenClass","stage":2,"raw_iteration":2147483650,"iteration_kind":"terminal","wall_ms":0.218625000,"device_sum_ms":0.002375105,"wall_minus_device_ms":0.216249895,"exclusive_wall_ms":0.218625000,"exclusive_device_sum_ms":0.002375105,"child_observer_wall_ms":0.000000000,"count_scope":"inclusive","owner_commits":1,"projection_invocations":0}
PRODUCER_COMMAND_V1 stage=2 raw_iteration=2147483650 cpu_begin=1975710646363291 cpu_end=1975711451810916 gpu_begin=1975710646363291 gpu_end=1975711451810916 device_ms=712.28074980899692 encoders=35 interval_scope=possibly_overlapping
PRODUCER_KERNEL_V1 stage=2 raw_iteration=2147483650 ordinal=0 kernel=owner_pack_faces threads=1533387 begin_tick=1975710739419458 end_tick=1975710739479166 ms_per_tick=9.9999999999999995e-07 device_ms=0.059707999999999997
PRODUCER_KERNEL_V1 stage=2 raw_iteration=2147483650 ordinal=1 kernel=owner_pack_faces threads=1533387 begin_tick=1975710739479166 end_tick=1975710739856500 ms_per_tick=9.9999999999999995e-07 device_ms=0.377334
PRODUCER_KERNEL_V1 stage=2 raw_iteration=2147483650 ordinal=2 kernel=owner_pack_faces threads=1533387 begin_tick=1975710739414833 end_tick=1975710739479375 ms_per_tick=9.9999999999999995e-07 device_ms=0.064542000000000002
PRODUCER_KERNEL_V1 stage=2 raw_iteration=2147483650 ordinal=3 kernel=fct_extract_gas_density threads=504666 begin_tick=1975710739479708 end_tick=1975710739534541 ms_per_tick=9.9999999999999995e-07 device_ms=0.054833
PRODUCER_KERNEL_V1 stage=2 raw_iteration=2147483650 ordinal=4 kernel=owner_gas_source threads=504666 begin_tick=1975710739856916 end_tick=1975710739995291 ms_per_tick=9.9999999999999995e-07 device_ms=0.138375
PRODUCER_KERNEL_V1 stage=2 raw_iteration=2147483650 ordinal=5 kernel=evaluate_resident_transport threads=504666 begin_tick=1975710739534541 end_tick=1975710740009791 ms_per_tick=9.9999999999999995e-07 device_ms=0.47525000000000001
PRODUCER_KERNEL_V1 stage=2 raw_iteration=2147483650 ordinal=6 kernel=identify_resident_transport threads=1 begin_tick=1975710740010166 end_tick=1975710740012958 ms_per_tick=9.9999999999999995e-07 device_ms=0.0027919999999999998
PRODUCER_KERNEL_V1 stage=2 raw_iteration=2147483650 ordinal=7 kernel=owner_bind_transport threads=1 begin_tick=1975710740013541 end_tick=1975710740017000 ms_per_tick=9.9999999999999995e-07 device_ms=0.0034589999999999998
PRODUCER_KERNEL_V1 stage=2 raw_iteration=2147483650 ordinal=8 kernel=identify_resident_owner_endpoint_class threads=1 begin_tick=1975710740017333 end_tick=1975710740020791 ms_per_tick=9.9999999999999995e-07 device_ms=0.0034579999999999997
PRODUCER_KERNEL_V1 stage=2 raw_iteration=2147483650 ordinal=9 kernel=evaluate_resident_physical_flux threads=1533387 begin_tick=1975710741064916 end_tick=1975710742179416 ms_per_tick=9.9999999999999995e-07 device_ms=1.1145
PRODUCER_KERNEL_V1 stage=2 raw_iteration=2147483650 ordinal=10 kernel=evaluate_resident_advective_pair threads=13800483 begin_tick=1975710742736416 end_tick=1975710749966833 ms_per_tick=9.9999999999999995e-07 device_ms=7.2304170000000001
PRODUCER_KERNEL_V1 stage=2 raw_iteration=2147483650 ordinal=11 kernel=finalize_resident_advective_high threads=13800483 begin_tick=1975710749967666 end_tick=1975710750387250 ms_per_tick=9.9999999999999995e-07 device_ms=0.41958399999999996
PRODUCER_KERNEL_V1 stage=2 raw_iteration=2147483650 ordinal=12 kernel=compose_resident_flux_pair threads=13800483 begin_tick=1975710750387666 end_tick=1975710751259375 ms_per_tick=9.9999999999999995e-07 device_ms=0.87170899999999996
PRODUCER_KERNEL_V1 stage=2 raw_iteration=2147483650 ordinal=13 kernel=validate_resident_physical_flux threads=13800483 begin_tick=1975710751259958 end_tick=1975710752159291 ms_per_tick=9.9999999999999995e-07 device_ms=0.89933299999999994
PRODUCER_KERNEL_V1 stage=2 raw_iteration=2147483650 ordinal=14 kernel=identify_resident_physical_flux threads=32 begin_tick=1975710752160000 end_tick=1975710752163041 ms_per_tick=9.9999999999999995e-07 device_ms=0.0030409999999999999
PRODUCER_KERNEL_V1 stage=2 raw_iteration=2147483650 ordinal=15 kernel=owner_bind_candidate threads=1 begin_tick=1975710752163458 end_tick=1975710752167083 ms_per_tick=9.9999999999999995e-07 device_ms=0.0036249999999999998
PRODUCER_KERNEL_V1 stage=2 raw_iteration=2147483650 ordinal=16 kernel=finalize_resident_eos_candidate threads=1 begin_tick=1975710752167500 end_tick=1975710752169958 ms_per_tick=9.9999999999999995e-07 device_ms=0.0024579999999999997
PRODUCER_KERNEL_V1 stage=2 raw_iteration=2147483650 ordinal=17 kernel=evaluate_resident_eos_candidate threads=504666 begin_tick=1975710752170916 end_tick=1975711334130666 ms_per_tick=9.9999999999999995e-07 device_ms=581.95974999999999
PRODUCER_KERNEL_V1 stage=2 raw_iteration=2147483650 ordinal=18 kernel=finalize_resident_eos_candidate threads=1 begin_tick=1975711334154416 end_tick=1975711334157250 ms_per_tick=9.9999999999999995e-07 device_ms=0.0028339999999999997
PRODUCER_KERNEL_V1 stage=2 raw_iteration=2147483650 ordinal=19 kernel=identify_resident_eos threads=1 begin_tick=1975711334157750 end_tick=1975711334160500 ms_per_tick=9.9999999999999995e-07 device_ms=0.0027499999999999998
PRODUCER_KERNEL_V1 stage=2 raw_iteration=2147483650 ordinal=20 kernel=produce_resident_frozen_source threads=504666 begin_tick=1975711334160958 end_tick=1975711334192708 ms_per_tick=9.9999999999999995e-07 device_ms=0.03175
PRODUCER_KERNEL_V1 stage=2 raw_iteration=2147483650 ordinal=21 kernel=identify_resident_frozen_source threads=1 begin_tick=1975711334193291 end_tick=1975711334196125 ms_per_tick=9.9999999999999995e-07 device_ms=0.0028339999999999997
PRODUCER_KERNEL_V1 stage=2 raw_iteration=2147483650 ordinal=22 kernel=evaluate_resident_target_terms threads=504666 begin_tick=1975711334196541 end_tick=1975711450964333 ms_per_tick=9.9999999999999995e-07 device_ms=116.767792
PRODUCER_KERNEL_V1 stage=2 raw_iteration=2147483650 ordinal=23 kernel=finalize_resident_target threads=1 begin_tick=1975711450983083 end_tick=1975711450986416 ms_per_tick=9.9999999999999995e-07 device_ms=0.003333
PRODUCER_KERNEL_V1 stage=2 raw_iteration=2147483650 ordinal=24 kernel=identify_resident_target threads=1 begin_tick=1975711450986833 end_tick=1975711450989708 ms_per_tick=9.9999999999999995e-07 device_ms=0.002875
PRODUCER_KERNEL_V1 stage=2 raw_iteration=2147483650 ordinal=25 kernel=issue_resident_projection_consumer threads=1 begin_tick=1975711450990250 end_tick=1975711450994291 ms_per_tick=9.9999999999999995e-07 device_ms=0.0040409999999999995
PRODUCER_KERNEL_V1 stage=2 raw_iteration=2147483650 ordinal=26 kernel=consume_resident_target threads=1 begin_tick=1975711450994708 end_tick=1975711450998583 ms_per_tick=9.9999999999999995e-07 device_ms=0.003875
PRODUCER_KERNEL_V1 stage=2 raw_iteration=2147483650 ordinal=27 kernel=owner_compose_target threads=504666 begin_tick=1975711450999083 end_tick=1975711451030875 ms_per_tick=9.9999999999999995e-07 device_ms=0.031792000000000001
PRODUCER_KERNEL_V1 stage=2 raw_iteration=2147483650 ordinal=28 kernel=finalize_resident_target threads=1 begin_tick=1975711451031291 end_tick=1975711451033541 ms_per_tick=9.9999999999999995e-07 device_ms=0.0022499999999999998
PRODUCER_KERNEL_V1 stage=2 raw_iteration=2147483650 ordinal=29 kernel=owner_identify_target threads=1 begin_tick=1975711451034000 end_tick=1975711451037125 ms_per_tick=9.9999999999999995e-07 device_ms=0.0031249999999999997
PRODUCER_KERNEL_V1 stage=2 raw_iteration=2147483650 ordinal=30 kernel=issue_resident_projection_consumer threads=1 begin_tick=1975711451037458 end_tick=1975711451040458 ms_per_tick=9.9999999999999995e-07 device_ms=0.0030000000000000001
PRODUCER_KERNEL_V1 stage=2 raw_iteration=2147483650 ordinal=31 kernel=consume_resident_target threads=1 begin_tick=1975711451041000 end_tick=1975711451044333 ms_per_tick=9.9999999999999995e-07 device_ms=0.003333
PRODUCER_KERNEL_V1 stage=2 raw_iteration=2147483650 ordinal=32 kernel=owner_issue_stage_seal threads=1 begin_tick=1975711451044750 end_tick=1975711451047666 ms_per_tick=9.9999999999999995e-07 device_ms=0.0029159999999999998
PRODUCER_KERNEL_V1 stage=2 raw_iteration=2147483650 ordinal=33 kernel=fct_compatible_stage_rate threads=1533387 begin_tick=1975711451048166 end_tick=1975711451597875 ms_per_tick=9.9999999999999995e-07 device_ms=0.549709
PRODUCER_KERNEL_V1 stage=2 raw_iteration=2147483650 ordinal=34 kernel=owner_heun_momentum threads=1533387 begin_tick=1975711451598291 end_tick=1975711451689500 ms_per_tick=9.9999999999999995e-07 device_ms=0.091208999999999998
RISE_FIRE_OWNER_PROFILE_V1 {"scope":99,"parent":94,"phase":"BuildStageProducerGroup","stage":2,"raw_iteration":2147483650,"iteration_kind":"terminal","wall_ms":805.585458000,"device_sum_ms":712.280749809,"wall_minus_device_ms":93.304708191,"exclusive_wall_ms":805.585458000,"exclusive_device_sum_ms":712.280749809,"child_observer_wall_ms":0.000000000,"count_scope":"inclusive","owner_commits":1,"projection_invocations":0}
RISE_FIRE_OWNER_PROFILE_V1 {"scope":100,"parent":94,"phase":"Residual","stage":2,"raw_iteration":2147483650,"iteration_kind":"terminal","wall_ms":0.442250000,"device_sum_ms":0.113375019,"wall_minus_device_ms":0.328874981,"exclusive_wall_ms":0.442250000,"exclusive_device_sum_ms":0.113375019,"child_observer_wall_ms":0.000000000,"count_scope":"inclusive","owner_commits":1,"projection_invocations":0}
RISE_FIRE_OWNER_PROFILE_V1 {"scope":94,"parent":87,"phase":"TerminalVerification","stage":2,"raw_iteration":2147483650,"iteration_kind":"terminal","wall_ms":823.579917000,"device_sum_ms":721.632499946,"wall_minus_device_ms":101.947417054,"exclusive_wall_ms":0.004876000,"exclusive_device_sum_ms":0.000000000,"child_observer_wall_ms":0.023417000,"count_scope":"inclusive","owner_commits":6,"projection_invocations":1}
RISE_FIRE_OWNER_PROFILE_V1 {"scope":87,"parent":69,"phase":"PicardIteration","stage":2,"raw_iteration":2,"iteration_kind":"picard","wall_ms":1610.021417000,"device_sum_ms":1415.186541621,"wall_minus_device_ms":194.834875379,"exclusive_wall_ms":1.006417000,"exclusive_device_sum_ms":0.000000000,"child_observer_wall_ms":0.023250000,"count_scope":"inclusive","owner_commits":12,"projection_invocations":2}
RISE_FIRE_OWNER_PROFILE_V1 {"scope":69,"parent":1,"phase":"SolveStage","stage":2,"raw_iteration":4294967295,"iteration_kind":"bootstrap","wall_ms":3998.648875000,"device_sum_ms":3504.974499810,"wall_minus_device_ms":493.674375190,"exclusive_wall_ms":3.152335000,"exclusive_device_sum_ms":0.000000000,"child_observer_wall_ms":0.018207000,"count_scope":"inclusive","owner_commits":27,"projection_invocations":5}
RISE_FIRE_OWNER_PROFILE_V1 {"scope":101,"parent":1,"phase":"TerminalPublication","stage":4294967295,"raw_iteration":4294967295,"iteration_kind":"owner","wall_ms":16.764750000,"device_sum_ms":7.671500091,"wall_minus_device_ms":9.093249909,"exclusive_wall_ms":16.764750000,"exclusive_device_sum_ms":7.671500091,"child_observer_wall_ms":0.000000000,"count_scope":"inclusive","owner_commits":1,"projection_invocations":0}
RISE_FIRE_OWNER_PROFILE_V1 {"scope":1,"parent":0,"phase":"OwnerRun","stage":4294967295,"raw_iteration":4294967295,"iteration_kind":"owner","wall_ms":12168.338792000,"device_sum_ms":10605.001249351,"wall_minus_device_ms":1563.337542649,"exclusive_wall_ms":9.597332000,"exclusive_device_sum_ms":0.022875145,"child_observer_wall_ms":0.045668000,"count_scope":"inclusive","owner_commits":86,"projection_invocations":15}
capstone accepted step=3 time=0.00493879791 dt=0.00164626597 Tmax=307.866404 qmax=0 eos_max=7.67236907e-05 approach_eos_max=7.67236907e-05 limiter_class=continuous limiter_discrepancy=0 active_set_class=continuous active_set_discrepancy=0 active_set_cycle=0 active_set_faces=0
capstone pilot diagnostic Tmax=307.866045 CH4max=8.07286779e-06 O2max=0.265995681 eos_max=7.67236907e-05 approach_eos_max=7.67236907e-05
OWNER_COST_PREFIX complete=1 steps=3 time=0.004938797908835113 wall_s=38.141257625000001 outcome_sha256=f234b89ab2853505b031f96e41f910af58e99a540be0a3f71e42902e136fc742 full_verdict=unavailable error=
