ply
format ascii 1.0
element vertex 11104
property float x
property float y
property float z
property float nx
property float ny
property float nz
element face 5552
property list uchar int vertex_indices
end_header
-0.0562 19.6253 -0.8000 0 0 1
0.0937 19.6253 -0.8000 0 0 1
0.0937 19.6628 -0.8000 0 0 1
-0.0562 19.6628 -0.8000 0 0 1
-0.0562 19.5878 -0.8000 0 0 1
0.0937 19.5878 -0.8000 0 0 1
0.0937 19.6253 -0.8000 0 0 1
-0.0562 19.6253 -0.8000 0 0 1
-0.0562 19.5503 -0.8000 0 0 1
0.0937 19.5503 -0.8000 0 0 1
0.0937 19.5878 -0.8000 0 0 1
-0.0562 19.5878 -0.8000 0 0 1
-0.0562 19.5128 -0.8000 0 0 1
0.0937 19.5128 -0.8000 0 0 1
0.0937 19.5503 -0.8000 0 0 1
-0.0562 19.5503 -0.8000 0 0 1
-0.0562 19.4753 -0.8000 0 0 1
0.0937 19.4753 -0.8000 0 0 1
0.0937 19.5128 -0.8000 0 0 1
-0.0562 19.5128 -0.8000 0 0 1
-2.0431 19.4379 -0.8000 0 0 1
-2.0056 19.4379 -0.8000 0 0 1
-2.0056 19.4753 -0.8000 0 0 1
-2.0431 19.4753 -0.8000 0 0 1
-0.0562 19.4379 -0.8000 0 0 1
0.0937 19.4379 -0.8000 0 0 1
0.0937 19.4753 -0.8000 0 0 1
-0.0562 19.4753 -0.8000 0 0 1
2.0431 19.4379 -0.8000 0 0 1
2.0806 19.4379 -0.8000 0 0 1
2.0806 19.4753 -0.8000 0 0 1
2.0431 19.4753 -0.8000 0 0 1
-2.0431 19.4004 -0.8000 0 0 1
-2.0056 19.4004 -0.8000 0 0 1
-2.0056 19.4379 -0.8000 0 0 1
-2.0431 19.4379 -0.8000 0 0 1
-0.0562 19.4004 -0.8000 0 0 1
0.0937 19.4004 -0.8000 0 0 1
0.0937 19.4379 -0.8000 0 0 1
-0.0562 19.4379 -0.8000 0 0 1
2.0431 19.4004 -0.8000 0 0 1
2.0806 19.4004 -0.8000 0 0 1
2.0806 19.4379 -0.8000 0 0 1
2.0431 19.4379 -0.8000 0 0 1
-2.0431 19.3629 -0.8000 0 0 1
-2.0056 19.3629 -0.8000 0 0 1
-2.0056 19.4004 -0.8000 0 0 1
-2.0431 19.4004 -0.8000 0 0 1
-0.0562 19.3629 -0.8000 0 0 1
0.0937 19.3629 -0.8000 0 0 1
0.0937 19.4004 -0.8000 0 0 1
-0.0562 19.4004 -0.8000 0 0 1
2.0431 19.3629 -0.8000 0 0 1
2.0806 19.3629 -0.8000 0 0 1
2.0806 19.4004 -0.8000 0 0 1
2.0431 19.4004 -0.8000 0 0 1
-2.0431 19.3254 -0.8000 0 0 1
-2.0056 19.3254 -0.8000 0 0 1
-2.0056 19.3629 -0.8000 0 0 1
-2.0431 19.3629 -0.8000 0 0 1
-0.0562 19.3254 -0.8000 0 0 1
0.0937 19.3254 -0.8000 0 0 1
0.0937 19.3629 -0.8000 0 0 1
-0.0562 19.3629 -0.8000 0 0 1
2.0431 19.3254 -0.8000 0 0 1
2.0806 19.3254 -0.8000 0 0 1
2.0806 19.3629 -0.8000 0 0 1
2.0431 19.3629 -0.8000 0 0 1
-2.0431 19.2879 -0.8000 0 0 1
-1.9682 19.2879 -0.8000 0 0 1
-1.9682 19.3254 -0.8000 0 0 1
-2.0431 19.3254 -0.8000 0 0 1
-0.0562 19.2879 -0.8000 0 0 1
0.0937 19.2879 -0.8000 0 0 1
0.0937 19.3254 -0.8000 0 0 1
-0.0562 19.3254 -0.8000 0 0 1
2.0056 19.2879 -0.8000 0 0 1
2.0806 19.2879 -0.8000 0 0 1
2.0806 19.3254 -0.8000 0 0 1
2.0056 19.3254 -0.8000 0 0 1
-2.0431 19.2504 -0.8000 0 0 1
-1.9682 19.2504 -0.8000 0 0 1
-1.9682 19.2879 -0.8000 0 0 1
-2.0431 19.2879 -0.8000 0 0 1
-0.0562 19.2504 -0.8000 0 0 1
0.0937 19.2504 -0.8000 0 0 1
0.0937 19.2879 -0.8000 0 0 1
-0.0562 19.2879 -0.8000 0 0 1
2.0056 19.2504 -0.8000 0 0 1
2.0806 19.2504 -0.8000 0 0 1
2.0806 19.2879 -0.8000 0 0 1
2.0056 19.2879 -0.8000 0 0 1
-2.0431 19.2129 -0.8000 0 0 1
-1.9682 19.2129 -0.8000 0 0 1
-1.9682 19.2504 -0.8000 0 0 1
-2.0431 19.2504 -0.8000 0 0 1
-0.0562 19.2129 -0.8000 0 0 1
0.0937 19.2129 -0.8000 0 0 1
0.0937 19.2504 -0.8000 0 0 1
-0.0562 19.2504 -0.8000 0 0 1
2.0056 19.2129 -0.8000 0 0 1
2.0806 19.2129 -0.8000 0 0 1
2.0806 19.2504 -0.8000 0 0 1
2.0056 19.2504 -0.8000 0 0 1
-2.0431 19.1754 -0.8000 0 0 1
-1.9682 19.1754 -0.8000 0 0 1
-1.9682 19.2129 -0.8000 0 0 1
-2.0431 19.2129 -0.8000 0 0 1
-0.0562 19.1754 -0.8000 0 0 1
0.0937 19.1754 -0.8000 0 0 1
0.0937 19.2129 -0.8000 0 0 1
-0.0562 19.2129 -0.8000 0 0 1
2.0056 19.1754 -0.8000 0 0 1
2.0806 19.1754 -0.8000 0 0 1
2.0806 19.2129 -0.8000 0 0 1
2.0056 19.2129 -0.8000 0 0 1
-2.0431 19.1379 -0.8000 0 0 1
-1.9682 19.1379 -0.8000 0 0 1
-1.9682 19.1754 -0.8000 0 0 1
-2.0431 19.1754 -0.8000 0 0 1
-0.0562 19.1379 -0.8000 0 0 1
0.0937 19.1379 -0.8000 0 0 1
0.0937 19.1754 -0.8000 0 0 1
-0.0562 19.1754 -0.8000 0 0 1
2.0056 19.1379 -0.8000 0 0 1
2.0806 19.1379 -0.8000 0 0 1
2.0806 19.1754 -0.8000 0 0 1
2.0056 19.1754 -0.8000 0 0 1
-4.0675 19.1005 -0.8000 0 0 1
-4.0300 19.1005 -0.8000 0 0 1
-4.0300 19.1379 -0.8000 0 0 1
-4.0675 19.1379 -0.8000 0 0 1
-2.0056 19.1005 -0.8000 0 0 1
-1.9682 19.1005 -0.8000 0 0 1
-1.9682 19.1379 -0.8000 0 0 1
-2.0056 19.1379 -0.8000 0 0 1
-0.0562 19.1005 -0.8000 0 0 1
0.0937 19.1005 -0.8000 0 0 1
0.0937 19.1379 -0.8000 0 0 1
-0.0562 19.1379 -0.8000 0 0 1
2.0056 19.1005 -0.8000 0 0 1
2.0431 19.1005 -0.8000 0 0 1
2.0431 19.1379 -0.8000 0 0 1
2.0056 19.1379 -0.8000 0 0 1
4.0675 19.1005 -0.8000 0 0 1
4.1050 19.1005 -0.8000 0 0 1
4.1050 19.1379 -0.8000 0 0 1
4.0675 19.1379 -0.8000 0 0 1
-4.0675 19.0630 -0.8000 0 0 1
-4.0300 19.0630 -0.8000 0 0 1
-4.0300 19.1005 -0.8000 0 0 1
-4.0675 19.1005 -0.8000 0 0 1
-2.0056 19.0630 -0.8000 0 0 1
-1.9682 19.0630 -0.8000 0 0 1
-1.9682 19.1005 -0.8000 0 0 1
-2.0056 19.1005 -0.8000 0 0 1
-0.0562 19.0630 -0.8000 0 0 1
0.0937 19.0630 -0.8000 0 0 1
0.0937 19.1005 -0.8000 0 0 1
-0.0562 19.1005 -0.8000 0 0 1
2.0056 19.0630 -0.8000 0 0 1
2.0431 19.0630 -0.8000 0 0 1
2.0431 19.1005 -0.8000 0 0 1
2.0056 19.1005 -0.8000 0 0 1
4.0675 19.0630 -0.8000 0 0 1
4.1050 19.0630 -0.8000 0 0 1
4.1050 19.1005 -0.8000 0 0 1
4.0675 19.1005 -0.8000 0 0 1
-4.0675 19.0255 -0.8000 0 0 1
-3.9925 19.0255 -0.8000 0 0 1
-3.9925 19.0630 -0.8000 0 0 1
-4.0675 19.0630 -0.8000 0 0 1
-2.0056 19.0255 -0.8000 0 0 1
-1.9682 19.0255 -0.8000 0 0 1
-1.9682 19.0630 -0.8000 0 0 1
-2.0056 19.0630 -0.8000 0 0 1
-0.0562 19.0255 -0.8000 0 0 1
0.0937 19.0255 -0.8000 0 0 1
0.0937 19.0630 -0.8000 0 0 1
-0.0562 19.0630 -0.8000 0 0 1
2.0056 19.0255 -0.8000 0 0 1
2.0431 19.0255 -0.8000 0 0 1
2.0431 19.0630 -0.8000 0 0 1
2.0056 19.0630 -0.8000 0 0 1
4.0300 19.0255 -0.8000 0 0 1
4.1050 19.0255 -0.8000 0 0 1
4.1050 19.0630 -0.8000 0 0 1
4.0300 19.0630 -0.8000 0 0 1
-4.0675 18.9880 -0.8000 0 0 1
-3.9925 18.9880 -0.8000 0 0 1
-3.9925 19.0255 -0.8000 0 0 1
-4.0675 19.0255 -0.8000 0 0 1
-2.0056 18.9880 -0.8000 0 0 1
-1.9682 18.9880 -0.8000 0 0 1
-1.9682 19.0255 -0.8000 0 0 1
-2.0056 19.0255 -0.8000 0 0 1
-0.0562 18.9880 -0.8000 0 0 1
0.0937 18.9880 -0.8000 0 0 1
0.0937 19.0255 -0.8000 0 0 1
-0.0562 19.0255 -0.8000 0 0 1
2.0056 18.9880 -0.8000 0 0 1
2.0431 18.9880 -0.8000 0 0 1
2.0431 19.0255 -0.8000 0 0 1
2.0056 19.0255 -0.8000 0 0 1
4.0300 18.9880 -0.8000 0 0 1
4.1050 18.9880 -0.8000 0 0 1
4.1050 19.0255 -0.8000 0 0 1
4.0300 19.0255 -0.8000 0 0 1
-4.0300 18.9505 -0.8000 0 0 1
-3.9925 18.9505 -0.8000 0 0 1
-3.9925 18.9880 -0.8000 0 0 1
-4.0300 18.9880 -0.8000 0 0 1
-2.0056 18.9505 -0.8000 0 0 1
-1.9307 18.9505 -0.8000 0 0 1
-1.9307 18.9880 -0.8000 0 0 1
-2.0056 18.9880 -0.8000 0 0 1
-0.0562 18.9505 -0.8000 0 0 1
0.0937 18.9505 -0.8000 0 0 1
0.0937 18.9880 -0.8000 0 0 1
-0.0562 18.9880 -0.8000 0 0 1
1.9682 18.9505 -0.8000 0 0 1
2.0431 18.9505 -0.8000 0 0 1
2.0431 18.9880 -0.8000 0 0 1
1.9682 18.9880 -0.8000 0 0 1
4.0300 18.9505 -0.8000 0 0 1
4.0675 18.9505 -0.8000 0 0 1
4.0675 18.9880 -0.8000 0 0 1
4.0300 18.9880 -0.8000 0 0 1
-4.0300 18.9130 -0.8000 0 0 1
-3.9925 18.9130 -0.8000 0 0 1
-3.9925 18.9505 -0.8000 0 0 1
-4.0300 18.9505 -0.8000 0 0 1
-2.0056 18.9130 -0.8000 0 0 1
-1.9307 18.9130 -0.8000 0 0 1
-1.9307 18.9505 -0.8000 0 0 1
-2.0056 18.9505 -0.8000 0 0 1
-0.0562 18.9130 -0.8000 0 0 1
0.0937 18.9130 -0.8000 0 0 1
0.0937 18.9505 -0.8000 0 0 1
-0.0562 18.9505 -0.8000 0 0 1
1.9682 18.9130 -0.8000 0 0 1
2.0431 18.9130 -0.8000 0 0 1
2.0431 18.9505 -0.8000 0 0 1
1.9682 18.9505 -0.8000 0 0 1
4.0300 18.9130 -0.8000 0 0 1
4.0675 18.9130 -0.8000 0 0 1
4.0675 18.9505 -0.8000 0 0 1
4.0300 18.9505 -0.8000 0 0 1
-4.0300 18.8755 -0.8000 0 0 1
-3.9551 18.8755 -0.8000 0 0 1
-3.9551 18.9130 -0.8000 0 0 1
-4.0300 18.9130 -0.8000 0 0 1
-2.0056 18.8755 -0.8000 0 0 1
-1.9307 18.8755 -0.8000 0 0 1
-1.9307 18.9130 -0.8000 0 0 1
-2.0056 18.9130 -0.8000 0 0 1
-0.0562 18.8755 -0.8000 0 0 1
0.0937 18.8755 -0.8000 0 0 1
0.0937 18.9130 -0.8000 0 0 1
-0.0562 18.9130 -0.8000 0 0 1
1.9682 18.8755 -0.8000 0 0 1
2.0431 18.8755 -0.8000 0 0 1
2.0431 18.9130 -0.8000 0 0 1
1.9682 18.9130 -0.8000 0 0 1
3.9925 18.8755 -0.8000 0 0 1
4.0675 18.8755 -0.8000 0 0 1
4.0675 18.9130 -0.8000 0 0 1
3.9925 18.9130 -0.8000 0 0 1
-4.0300 18.8380 -0.8000 0 0 1
-3.9551 18.8380 -0.8000 0 0 1
-3.9551 18.8755 -0.8000 0 0 1
-4.0300 18.8755 -0.8000 0 0 1
-2.0056 18.8380 -0.8000 0 0 1
-1.9307 18.8380 -0.8000 0 0 1
-1.9307 18.8755 -0.8000 0 0 1
-2.0056 18.8755 -0.8000 0 0 1
-0.0562 18.8380 -0.8000 0 0 1
0.0937 18.8380 -0.8000 0 0 1
0.0937 18.8755 -0.8000 0 0 1
-0.0562 18.8755 -0.8000 0 0 1
1.9682 18.8380 -0.8000 0 0 1
2.0431 18.8380 -0.8000 0 0 1
2.0431 18.8755 -0.8000 0 0 1
1.9682 18.8755 -0.8000 0 0 1
3.9925 18.8380 -0.8000 0 0 1
4.0675 18.8380 -0.8000 0 0 1
4.0675 18.8755 -0.8000 0 0 1
3.9925 18.8755 -0.8000 0 0 1
-4.0300 18.8005 -0.8000 0 0 1
-3.9551 18.8005 -0.8000 0 0 1
-3.9551 18.8380 -0.8000 0 0 1
-4.0300 18.8380 -0.8000 0 0 1
-2.0056 18.8005 -0.8000 0 0 1
-1.9307 18.8005 -0.8000 0 0 1
-1.9307 18.8380 -0.8000 0 0 1
-2.0056 18.8380 -0.8000 0 0 1
-0.0562 18.8005 -0.8000 0 0 1
0.0937 18.8005 -0.8000 0 0 1
0.0937 18.8380 -0.8000 0 0 1
-0.0562 18.8380 -0.8000 0 0 1
1.9682 18.8005 -0.8000 0 0 1
2.0431 18.8005 -0.8000 0 0 1
2.0431 18.8380 -0.8000 0 0 1
1.9682 18.8380 -0.8000 0 0 1
3.9925 18.8005 -0.8000 0 0 1
4.0675 18.8005 -0.8000 0 0 1
4.0675 18.8380 -0.8000 0 0 1
3.9925 18.8380 -0.8000 0 0 1
-3.9925 18.7631 -0.8000 0 0 1
-3.9551 18.7631 -0.8000 0 0 1
-3.9551 18.8005 -0.8000 0 0 1
-3.9925 18.8005 -0.8000 0 0 1
-1.9682 18.7631 -0.8000 0 0 1
-1.9307 18.7631 -0.8000 0 0 1
-1.9307 18.8005 -0.8000 0 0 1
-1.9682 18.8005 -0.8000 0 0 1
-0.0562 18.7631 -0.8000 0 0 1
0.0937 18.7631 -0.8000 0 0 1
0.0937 18.8005 -0.8000 0 0 1
-0.0562 18.8005 -0.8000 0 0 1
1.9682 18.7631 -0.8000 0 0 1
2.0056 18.7631 -0.8000 0 0 1
2.0056 18.8005 -0.8000 0 0 1
1.9682 18.8005 -0.8000 0 0 1
3.9925 18.7631 -0.8000 0 0 1
4.0300 18.7631 -0.8000 0 0 1
4.0300 18.8005 -0.8000 0 0 1
3.9925 18.8005 -0.8000 0 0 1
-3.9925 18.7256 -0.8000 0 0 1
-3.9551 18.7256 -0.8000 0 0 1
-3.9551 18.7631 -0.8000 0 0 1
-3.9925 18.7631 -0.8000 0 0 1
-1.9682 18.7256 -0.8000 0 0 1
-1.9307 18.7256 -0.8000 0 0 1
-1.9307 18.7631 -0.8000 0 0 1
-1.9682 18.7631 -0.8000 0 0 1
-0.0562 18.7256 -0.8000 0 0 1
0.0937 18.7256 -0.8000 0 0 1
0.0937 18.7631 -0.8000 0 0 1
-0.0562 18.7631 -0.8000 0 0 1
1.9682 18.7256 -0.8000 0 0 1
2.0056 18.7256 -0.8000 0 0 1
2.0056 18.7631 -0.8000 0 0 1
1.9682 18.7631 -0.8000 0 0 1
3.9925 18.7256 -0.8000 0 0 1
4.0300 18.7256 -0.8000 0 0 1
4.0300 18.7631 -0.8000 0 0 1
3.9925 18.7631 -0.8000 0 0 1
-3.9925 18.6881 -0.8000 0 0 1
-3.9176 18.6881 -0.8000 0 0 1
-3.9176 18.7256 -0.8000 0 0 1
-3.9925 18.7256 -0.8000 0 0 1
-1.9682 18.6881 -0.8000 0 0 1
-1.9307 18.6881 -0.8000 0 0 1
-1.9307 18.7256 -0.8000 0 0 1
-1.9682 18.7256 -0.8000 0 0 1
-0.0562 18.6881 -0.8000 0 0 1
0.0937 18.6881 -0.8000 0 0 1
0.0937 18.7256 -0.8000 0 0 1
-0.0562 18.7256 -0.8000 0 0 1
1.9682 18.6881 -0.8000 0 0 1
2.0056 18.6881 -0.8000 0 0 1
2.0056 18.7256 -0.8000 0 0 1
1.9682 18.7256 -0.8000 0 0 1
3.9551 18.6881 -0.8000 0 0 1
4.0300 18.6881 -0.8000 0 0 1
4.0300 18.7256 -0.8000 0 0 1
3.9551 18.7256 -0.8000 0 0 1
-3.9925 18.6506 -0.8000 0 0 1
-3.9176 18.6506 -0.8000 0 0 1
-3.9176 18.6881 -0.8000 0 0 1
-3.9925 18.6881 -0.8000 0 0 1
-1.9682 18.6506 -0.8000 0 0 1
-1.9307 18.6506 -0.8000 0 0 1
-1.9307 18.6881 -0.8000 0 0 1
-1.9682 18.6881 -0.8000 0 0 1
-0.0562 18.6506 -0.8000 0 0 1
0.0937 18.6506 -0.8000 0 0 1
0.0937 18.6881 -0.8000 0 0 1
-0.0562 18.6881 -0.8000 0 0 1
1.9682 18.6506 -0.8000 0 0 1
2.0056 18.6506 -0.8000 0 0 1
2.0056 18.6881 -0.8000 0 0 1
1.9682 18.6881 -0.8000 0 0 1
3.9551 18.6506 -0.8000 0 0 1
4.0300 18.6506 -0.8000 0 0 1
4.0300 18.6881 -0.8000 0 0 1
3.9551 18.6881 -0.8000 0 0 1
-3.9925 18.6131 -0.8000 0 0 1
-3.9176 18.6131 -0.8000 0 0 1
-3.9176 18.6506 -0.8000 0 0 1
-3.9925 18.6506 -0.8000 0 0 1
-1.9682 18.6131 -0.8000 0 0 1
-1.9307 18.6131 -0.8000 0 0 1
-1.9307 18.6506 -0.8000 0 0 1
-1.9682 18.6506 -0.8000 0 0 1
-0.0562 18.6131 -0.8000 0 0 1
0.0937 18.6131 -0.8000 0 0 1
0.0937 18.6506 -0.8000 0 0 1
-0.0562 18.6506 -0.8000 0 0 1
1.9682 18.6131 -0.8000 0 0 1
2.0056 18.6131 -0.8000 0 0 1
2.0056 18.6506 -0.8000 0 0 1
1.9682 18.6506 -0.8000 0 0 1
3.9551 18.6131 -0.8000 0 0 1
4.0300 18.6131 -0.8000 0 0 1
4.0300 18.6506 -0.8000 0 0 1
3.9551 18.6506 -0.8000 0 0 1
-6.0544 18.5756 -0.8000 0 0 1
-6.0169 18.5756 -0.8000 0 0 1
-6.0169 18.6131 -0.8000 0 0 1
-6.0544 18.6131 -0.8000 0 0 1
-3.9551 18.5756 -0.8000 0 0 1
-3.9176 18.5756 -0.8000 0 0 1
-3.9176 18.6131 -0.8000 0 0 1
-3.9551 18.6131 -0.8000 0 0 1
-1.9682 18.5756 -0.8000 0 0 1
-1.8932 18.5756 -0.8000 0 0 1
-1.8932 18.6131 -0.8000 0 0 1
-1.9682 18.6131 -0.8000 0 0 1
-0.0562 18.5756 -0.8000 0 0 1
0.0937 18.5756 -0.8000 0 0 1
0.0937 18.6131 -0.8000 0 0 1
-0.0562 18.6131 -0.8000 0 0 1
1.9307 18.5756 -0.8000 0 0 1
2.0056 18.5756 -0.8000 0 0 1
2.0056 18.6131 -0.8000 0 0 1
1.9307 18.6131 -0.8000 0 0 1
3.9551 18.5756 -0.8000 0 0 1
3.9925 18.5756 -0.8000 0 0 1
3.9925 18.6131 -0.8000 0 0 1
3.9551 18.6131 -0.8000 0 0 1
6.0544 18.5756 -0.8000 0 0 1
6.0919 18.5756 -0.8000 0 0 1
6.0919 18.6131 -0.8000 0 0 1
6.0544 18.6131 -0.8000 0 0 1
-6.0544 18.5381 -0.8000 0 0 1
-5.9794 18.5381 -0.8000 0 0 1
-5.9794 18.5756 -0.8000 0 0 1
-6.0544 18.5756 -0.8000 0 0 1
-3.9551 18.5381 -0.8000 0 0 1
-3.9176 18.5381 -0.8000 0 0 1
-3.9176 18.5756 -0.8000 0 0 1
-3.9551 18.5756 -0.8000 0 0 1
-1.9682 18.5381 -0.8000 0 0 1
-1.8932 18.5381 -0.8000 0 0 1
-1.8932 18.5756 -0.8000 0 0 1
-1.9682 18.5756 -0.8000 0 0 1
-0.0562 18.5381 -0.8000 0 0 1
0.0937 18.5381 -0.8000 0 0 1
0.0937 18.5756 -0.8000 0 0 1
-0.0562 18.5756 -0.8000 0 0 1
1.9307 18.5381 -0.8000 0 0 1
2.0056 18.5381 -0.8000 0 0 1
2.0056 18.5756 -0.8000 0 0 1
1.9307 18.5756 -0.8000 0 0 1
3.9551 18.5381 -0.8000 0 0 1
3.9925 18.5381 -0.8000 0 0 1
3.9925 18.5756 -0.8000 0 0 1
3.9551 18.5756 -0.8000 0 0 1
6.0169 18.5381 -0.8000 0 0 1
6.0919 18.5381 -0.8000 0 0 1
6.0919 18.5756 -0.8000 0 0 1
6.0169 18.5756 -0.8000 0 0 1
-6.0169 18.5006 -0.8000 0 0 1
-5.9794 18.5006 -0.8000 0 0 1
-5.9794 18.5381 -0.8000 0 0 1
-6.0169 18.5381 -0.8000 0 0 1
-3.9551 18.5006 -0.8000 0 0 1
-3.8801 18.5006 -0.8000 0 0 1
-3.8801 18.5381 -0.8000 0 0 1
-3.9551 18.5381 -0.8000 0 0 1
-1.9682 18.5006 -0.8000 0 0 1
-1.8932 18.5006 -0.8000 0 0 1
-1.8932 18.5381 -0.8000 0 0 1
-1.9682 18.5381 -0.8000 0 0 1
-0.0562 18.5006 -0.8000 0 0 1
0.0937 18.5006 -0.8000 0 0 1
0.0937 18.5381 -0.8000 0 0 1
-0.0562 18.5381 -0.8000 0 0 1
1.9307 18.5006 -0.8000 0 0 1
2.0056 18.5006 -0.8000 0 0 1
2.0056 18.5381 -0.8000 0 0 1
1.9307 18.5381 -0.8000 0 0 1
3.9176 18.5006 -0.8000 0 0 1
3.9925 18.5006 -0.8000 0 0 1
3.9925 18.5381 -0.8000 0 0 1
3.9176 18.5381 -0.8000 0 0 1
6.0169 18.5006 -0.8000 0 0 1
6.0544 18.5006 -0.8000 0 0 1
6.0544 18.5381 -0.8000 0 0 1
6.0169 18.5381 -0.8000 0 0 1
-6.0169 18.4631 -0.8000 0 0 1
-5.9794 18.4631 -0.8000 0 0 1
-5.9794 18.5006 -0.8000 0 0 1
-6.0169 18.5006 -0.8000 0 0 1
-3.9551 18.4631 -0.8000 0 0 1
-3.8801 18.4631 -0.8000 0 0 1
-3.8801 18.5006 -0.8000 0 0 1
-3.9551 18.5006 -0.8000 0 0 1
-1.9682 18.4631 -0.8000 0 0 1
-1.8932 18.4631 -0.8000 0 0 1
-1.8932 18.5006 -0.8000 0 0 1
-1.9682 18.5006 -0.8000 0 0 1
-0.0562 18.4631 -0.8000 0 0 1
0.0937 18.4631 -0.8000 0 0 1
0.0937 18.5006 -0.8000 0 0 1
-0.0562 18.5006 -0.8000 0 0 1
1.9307 18.4631 -0.8000 0 0 1
2.0056 18.4631 -0.8000 0 0 1
2.0056 18.5006 -0.8000 0 0 1
1.9307 18.5006 -0.8000 0 0 1
3.9176 18.4631 -0.8000 0 0 1
3.9925 18.4631 -0.8000 0 0 1
3.9925 18.5006 -0.8000 0 0 1
3.9176 18.5006 -0.8000 0 0 1
6.0169 18.4631 -0.8000 0 0 1
6.0544 18.4631 -0.8000 0 0 1
6.0544 18.5006 -0.8000 0 0 1
6.0169 18.5006 -0.8000 0 0 1
-6.0169 18.4257 -0.8000 0 0 1
-5.9419 18.4257 -0.8000 0 0 1
-5.9419 18.4631 -0.8000 0 0 1
-6.0169 18.4631 -0.8000 0 0 1
-3.9176 18.4257 -0.8000 0 0 1
-3.8801 18.4257 -0.8000 0 0 1
-3.8801 18.4631 -0.8000 0 0 1
-3.9176 18.4631 -0.8000 0 0 1
-1.9682 18.4257 -0.8000 0 0 1
-1.8932 18.4257 -0.8000 0 0 1
-1.8932 18.4631 -0.8000 0 0 1
-1.9682 18.4631 -0.8000 0 0 1
-0.0562 18.4257 -0.8000 0 0 1
0.0937 18.4257 -0.8000 0 0 1
0.0937 18.4631 -0.8000 0 0 1
-0.0562 18.4631 -0.8000 0 0 1
1.9307 18.4257 -0.8000 0 0 1
2.0056 18.4257 -0.8000 0 0 1
2.0056 18.4631 -0.8000 0 0 1
1.9307 18.4631 -0.8000 0 0 1
3.9176 18.4257 -0.8000 0 0 1
3.9551 18.4257 -0.8000 0 0 1
3.9551 18.4631 -0.8000 0 0 1
3.9176 18.4631 -0.8000 0 0 1
5.9794 18.4257 -0.8000 0 0 1
6.0544 18.4257 -0.8000 0 0 1
6.0544 18.4631 -0.8000 0 0 1
5.9794 18.4631 -0.8000 0 0 1
-5.9794 18.3882 -0.8000 0 0 1
-5.9419 18.3882 -0.8000 0 0 1
-5.9419 18.4257 -0.8000 0 0 1
-5.9794 18.4257 -0.8000 0 0 1
-3.9176 18.3882 -0.8000 0 0 1
-3.8801 18.3882 -0.8000 0 0 1
-3.8801 18.4257 -0.8000 0 0 1
-3.9176 18.4257 -0.8000 0 0 1
-1.9307 18.3882 -0.8000 0 0 1
-1.8932 18.3882 -0.8000 0 0 1
-1.8932 18.4257 -0.8000 0 0 1
-1.9307 18.4257 -0.8000 0 0 1
-0.0562 18.3882 -0.8000 0 0 1
0.0937 18.3882 -0.8000 0 0 1
0.0937 18.4257 -0.8000 0 0 1
-0.0562 18.4257 -0.8000 0 0 1
1.9307 18.3882 -0.8000 0 0 1
1.9682 18.3882 -0.8000 0 0 1
1.9682 18.4257 -0.8000 0 0 1
1.9307 18.4257 -0.8000 0 0 1
3.9176 18.3882 -0.8000 0 0 1
3.9551 18.3882 -0.8000 0 0 1
3.9551 18.4257 -0.8000 0 0 1
3.9176 18.4257 -0.8000 0 0 1
5.9794 18.3882 -0.8000 0 0 1
6.0169 18.3882 -0.8000 0 0 1
6.0169 18.4257 -0.8000 0 0 1
5.9794 18.4257 -0.8000 0 0 1
-5.9794 18.3507 -0.8000 0 0 1
-5.9419 18.3507 -0.8000 0 0 1
-5.9419 18.3882 -0.8000 0 0 1
-5.9794 18.3882 -0.8000 0 0 1
-3.9176 18.3507 -0.8000 0 0 1
-3.8426 18.3507 -0.8000 0 0 1
-3.8426 18.3882 -0.8000 0 0 1
-3.9176 18.3882 -0.8000 0 0 1
-1.9307 18.3507 -0.8000 0 0 1
-1.8932 18.3507 -0.8000 0 0 1
-1.8932 18.3882 -0.8000 0 0 1
-1.9307 18.3882 -0.8000 0 0 1
-0.0562 18.3507 -0.8000 0 0 1
0.0937 18.3507 -0.8000 0 0 1
0.0937 18.3882 -0.8000 0 0 1
-0.0562 18.3882 -0.8000 0 0 1
1.9307 18.3507 -0.8000 0 0 1
1.9682 18.3507 -0.8000 0 0 1
1.9682 18.3882 -0.8000 0 0 1
1.9307 18.3882 -0.8000 0 0 1
3.8801 18.3507 -0.8000 0 0 1
3.9551 18.3507 -0.8000 0 0 1
3.9551 18.3882 -0.8000 0 0 1
3.8801 18.3882 -0.8000 0 0 1
5.9794 18.3507 -0.8000 0 0 1
6.0169 18.3507 -0.8000 0 0 1
6.0169 18.3882 -0.8000 0 0 1
5.9794 18.3882 -0.8000 0 0 1
-5.9794 18.3132 -0.8000 0 0 1
-5.9045 18.3132 -0.8000 0 0 1
-5.9045 18.3507 -0.8000 0 0 1
-5.9794 18.3507 -0.8000 0 0 1
-3.9176 18.3132 -0.8000 0 0 1
-3.8426 18.3132 -0.8000 0 0 1
-3.8426 18.3507 -0.8000 0 0 1
-3.9176 18.3507 -0.8000 0 0 1
-0.0562 18.3132 -0.8000 0 0 1
0.0937 18.3132 -0.8000 0 0 1
0.0937 18.3507 -0.8000 0 0 1
-0.0562 18.3507 -0.8000 0 0 1
3.8801 18.3132 -0.8000 0 0 1
3.9551 18.3132 -0.8000 0 0 1
3.9551 18.3507 -0.8000 0 0 1
3.8801 18.3507 -0.8000 0 0 1
5.9419 18.3132 -0.8000 0 0 1
6.0169 18.3132 -0.8000 0 0 1
6.0169 18.3507 -0.8000 0 0 1
5.9419 18.3507 -0.8000 0 0 1
-5.9794 18.2757 -0.8000 0 0 1
-5.9045 18.2757 -0.8000 0 0 1
-5.9045 18.3132 -0.8000 0 0 1
-5.9794 18.3132 -0.8000 0 0 1
-3.9176 18.2757 -0.8000 0 0 1
-3.8426 18.2757 -0.8000 0 0 1
-3.8426 18.3132 -0.8000 0 0 1
-3.9176 18.3132 -0.8000 0 0 1
-0.0562 18.2757 -0.8000 0 0 1
0.0937 18.2757 -0.8000 0 0 1
0.0937 18.3132 -0.8000 0 0 1
-0.0562 18.3132 -0.8000 0 0 1
3.8801 18.2757 -0.8000 0 0 1
3.9551 18.2757 -0.8000 0 0 1
3.9551 18.3132 -0.8000 0 0 1
3.8801 18.3132 -0.8000 0 0 1
5.9419 18.2757 -0.8000 0 0 1
6.0169 18.2757 -0.8000 0 0 1
6.0169 18.3132 -0.8000 0 0 1
5.9419 18.3132 -0.8000 0 0 1
-5.9419 18.2382 -0.8000 0 0 1
-5.9045 18.2382 -0.8000 0 0 1
-5.9045 18.2757 -0.8000 0 0 1
-5.9419 18.2757 -0.8000 0 0 1
-3.8801 18.2382 -0.8000 0 0 1
-3.8426 18.2382 -0.8000 0 0 1
-3.8426 18.2757 -0.8000 0 0 1
-3.8801 18.2757 -0.8000 0 0 1
-0.0562 18.2382 -0.8000 0 0 1
0.0937 18.2382 -0.8000 0 0 1
0.0937 18.2757 -0.8000 0 0 1
-0.0562 18.2757 -0.8000 0 0 1
3.8801 18.2382 -0.8000 0 0 1
3.9176 18.2382 -0.8000 0 0 1
3.9176 18.2757 -0.8000 0 0 1
3.8801 18.2757 -0.8000 0 0 1
5.9419 18.2382 -0.8000 0 0 1
5.9794 18.2382 -0.8000 0 0 1
5.9794 18.2757 -0.8000 0 0 1
5.9419 18.2757 -0.8000 0 0 1
-5.9419 18.2007 -0.8000 0 0 1
-5.8670 18.2007 -0.8000 0 0 1
-5.8670 18.2382 -0.8000 0 0 1
-5.9419 18.2382 -0.8000 0 0 1
-3.8801 18.2007 -0.8000 0 0 1
-3.8426 18.2007 -0.8000 0 0 1
-3.8426 18.2382 -0.8000 0 0 1
-3.8801 18.2382 -0.8000 0 0 1
-0.0562 18.2007 -0.8000 0 0 1
0.0937 18.2007 -0.8000 0 0 1
0.0937 18.2382 -0.8000 0 0 1
-0.0562 18.2382 -0.8000 0 0 1
3.8801 18.2007 -0.8000 0 0 1
3.9176 18.2007 -0.8000 0 0 1
3.9176 18.2382 -0.8000 0 0 1
3.8801 18.2382 -0.8000 0 0 1
5.9045 18.2007 -0.8000 0 0 1
5.9794 18.2007 -0.8000 0 0 1
5.9794 18.2382 -0.8000 0 0 1
5.9045 18.2382 -0.8000 0 0 1
-5.9419 18.1632 -0.8000 0 0 1
-5.8670 18.1632 -0.8000 0 0 1
-5.8670 18.2007 -0.8000 0 0 1
-5.9419 18.2007 -0.8000 0 0 1
-3.8801 18.1632 -0.8000 0 0 1
-3.8051 18.1632 -0.8000 0 0 1
-3.8051 18.2007 -0.8000 0 0 1
-3.8801 18.2007 -0.8000 0 0 1
-0.0562 18.1632 -0.8000 0 0 1
0.0937 18.1632 -0.8000 0 0 1
0.0937 18.2007 -0.8000 0 0 1
-0.0562 18.2007 -0.8000 0 0 1
3.8426 18.1632 -0.8000 0 0 1
3.9176 18.1632 -0.8000 0 0 1
3.9176 18.2007 -0.8000 0 0 1
3.8426 18.2007 -0.8000 0 0 1
5.9045 18.1632 -0.8000 0 0 1
5.9794 18.1632 -0.8000 0 0 1
5.9794 18.2007 -0.8000 0 0 1
5.9045 18.2007 -0.8000 0 0 1
-5.9045 18.1258 -0.8000 0 0 1
-5.8670 18.1258 -0.8000 0 0 1
-5.8670 18.1632 -0.8000 0 0 1
-5.9045 18.1632 -0.8000 0 0 1
-3.8801 18.1258 -0.8000 0 0 1
-3.8051 18.1258 -0.8000 0 0 1
-3.8051 18.1632 -0.8000 0 0 1
-3.8801 18.1632 -0.8000 0 0 1
-0.0562 18.1258 -0.8000 0 0 1
0.0937 18.1258 -0.8000 0 0 1
0.0937 18.1632 -0.8000 0 0 1
-0.0562 18.1632 -0.8000 0 0 1
3.8426 18.1258 -0.8000 0 0 1
3.9176 18.1258 -0.8000 0 0 1
3.9176 18.1632 -0.8000 0 0 1
3.8426 18.1632 -0.8000 0 0 1
5.9045 18.1258 -0.8000 0 0 1
5.9419 18.1258 -0.8000 0 0 1
5.9419 18.1632 -0.8000 0 0 1
5.9045 18.1632 -0.8000 0 0 1
-5.9045 18.0883 -0.8000 0 0 1
-5.8295 18.0883 -0.8000 0 0 1
-5.8295 18.1258 -0.8000 0 0 1
-5.9045 18.1258 -0.8000 0 0 1
-3.8801 18.0883 -0.8000 0 0 1
-3.8051 18.0883 -0.8000 0 0 1
-3.8051 18.1258 -0.8000 0 0 1
-3.8801 18.1258 -0.8000 0 0 1
-0.0562 18.0883 -0.8000 0 0 1
0.0937 18.0883 -0.8000 0 0 1
0.0937 18.1258 -0.8000 0 0 1
-0.0562 18.1258 -0.8000 0 0 1
3.8426 18.0883 -0.8000 0 0 1
3.9176 18.0883 -0.8000 0 0 1
3.9176 18.1258 -0.8000 0 0 1
3.8426 18.1258 -0.8000 0 0 1
5.8670 18.0883 -0.8000 0 0 1
5.9419 18.0883 -0.8000 0 0 1
5.9419 18.1258 -0.8000 0 0 1
5.8670 18.1258 -0.8000 0 0 1
-5.9045 18.0508 -0.8000 0 0 1
-5.8295 18.0508 -0.8000 0 0 1
-5.8295 18.0883 -0.8000 0 0 1
-5.9045 18.0883 -0.8000 0 0 1
-3.8426 18.0508 -0.8000 0 0 1
-3.8051 18.0508 -0.8000 0 0 1
-3.8051 18.0883 -0.8000 0 0 1
-3.8426 18.0883 -0.8000 0 0 1
-0.0562 18.0508 -0.8000 0 0 1
0.0937 18.0508 -0.8000 0 0 1
0.0937 18.0883 -0.8000 0 0 1
-0.0562 18.0883 -0.8000 0 0 1
3.8426 18.0508 -0.8000 0 0 1
3.8801 18.0508 -0.8000 0 0 1
3.8801 18.0883 -0.8000 0 0 1
3.8426 18.0883 -0.8000 0 0 1
5.8670 18.0508 -0.8000 0 0 1
5.9419 18.0508 -0.8000 0 0 1
5.9419 18.0883 -0.8000 0 0 1
5.8670 18.0883 -0.8000 0 0 1
-5.8670 18.0133 -0.8000 0 0 1
-5.8295 18.0133 -0.8000 0 0 1
-5.8295 18.0508 -0.8000 0 0 1
-5.8670 18.0508 -0.8000 0 0 1
-3.8426 18.0133 -0.8000 0 0 1
-3.8051 18.0133 -0.8000 0 0 1
-3.8051 18.0508 -0.8000 0 0 1
-3.8426 18.0508 -0.8000 0 0 1
-0.0562 18.0133 -0.8000 0 0 1
0.0937 18.0133 -0.8000 0 0 1
0.0937 18.0508 -0.8000 0 0 1
-0.0562 18.0508 -0.8000 0 0 1
3.8426 18.0133 -0.8000 0 0 1
3.8801 18.0133 -0.8000 0 0 1
3.8801 18.0508 -0.8000 0 0 1
3.8426 18.0508 -0.8000 0 0 1
5.8670 18.0133 -0.8000 0 0 1
5.9045 18.0133 -0.8000 0 0 1
5.9045 18.0508 -0.8000 0 0 1
5.8670 18.0508 -0.8000 0 0 1
-5.8670 17.9758 -0.8000 0 0 1
-5.7920 17.9758 -0.8000 0 0 1
-5.7920 18.0133 -0.8000 0 0 1
-5.8670 18.0133 -0.8000 0 0 1
-0.0562 17.9758 -0.8000 0 0 1
0.0937 17.9758 -0.8000 0 0 1
0.0937 18.0133 -0.8000 0 0 1
-0.0562 18.0133 -0.8000 0 0 1
5.8295 17.9758 -0.8000 0 0 1
5.9045 17.9758 -0.8000 0 0 1
5.9045 18.0133 -0.8000 0 0 1
5.8295 18.0133 -0.8000 0 0 1
-5.8670 17.9383 -0.8000 0 0 1
-5.7920 17.9383 -0.8000 0 0 1
-5.7920 17.9758 -0.8000 0 0 1
-5.8670 17.9758 -0.8000 0 0 1
-0.0562 17.9383 -0.8000 0 0 1
0.0937 17.9383 -0.8000 0 0 1
0.0937 17.9758 -0.8000 0 0 1
-0.0562 17.9758 -0.8000 0 0 1
5.8295 17.9383 -0.8000 0 0 1
5.9045 17.9383 -0.8000 0 0 1
5.9045 17.9758 -0.8000 0 0 1
5.8295 17.9758 -0.8000 0 0 1
-5.8295 17.9008 -0.8000 0 0 1
-5.7920 17.9008 -0.8000 0 0 1
-5.7920 17.9383 -0.8000 0 0 1
-5.8295 17.9383 -0.8000 0 0 1
-0.0562 17.9008 -0.8000 0 0 1
0.0937 17.9008 -0.8000 0 0 1
0.0937 17.9383 -0.8000 0 0 1
-0.0562 17.9383 -0.8000 0 0 1
5.8295 17.9008 -0.8000 0 0 1
5.8670 17.9008 -0.8000 0 0 1
5.8670 17.9383 -0.8000 0 0 1
5.8295 17.9383 -0.8000 0 0 1
-5.8295 17.8633 -0.8000 0 0 1
-5.7545 17.8633 -0.8000 0 0 1
-5.7545 17.9008 -0.8000 0 0 1
-5.8295 17.9008 -0.8000 0 0 1
-0.0562 17.8633 -0.8000 0 0 1
0.0937 17.8633 -0.8000 0 0 1
0.0937 17.9008 -0.8000 0 0 1
-0.0562 17.9008 -0.8000 0 0 1
5.7920 17.8633 -0.8000 0 0 1
5.8670 17.8633 -0.8000 0 0 1
5.8670 17.9008 -0.8000 0 0 1
5.7920 17.9008 -0.8000 0 0 1
-7.9663 17.8258 -0.8000 0 0 1
-7.8914 17.8258 -0.8000 0 0 1
-7.8914 17.8633 -0.8000 0 0 1
-7.9663 17.8633 -0.8000 0 0 1
-5.8295 17.8258 -0.8000 0 0 1
-5.7545 17.8258 -0.8000 0 0 1
-5.7545 17.8633 -0.8000 0 0 1
-5.8295 17.8633 -0.8000 0 0 1
-0.0562 17.8258 -0.8000 0 0 1
0.0937 17.8258 -0.8000 0 0 1
0.0937 17.8633 -0.8000 0 0 1
-0.0562 17.8633 -0.8000 0 0 1
5.7920 17.8258 -0.8000 0 0 1
5.8670 17.8258 -0.8000 0 0 1
5.8670 17.8633 -0.8000 0 0 1
5.7920 17.8633 -0.8000 0 0 1
7.9288 17.8258 -0.8000 0 0 1
8.0038 17.8258 -0.8000 0 0 1
8.0038 17.8633 -0.8000 0 0 1
7.9288 17.8633 -0.8000 0 0 1
-7.9663 17.7884 -0.8000 0 0 1
-7.8914 17.7884 -0.8000 0 0 1
-7.8914 17.8258 -0.8000 0 0 1
-7.9663 17.8258 -0.8000 0 0 1
-5.7920 17.7884 -0.8000 0 0 1
-5.7545 17.7884 -0.8000 0 0 1
-5.7545 17.8258 -0.8000 0 0 1
-5.7920 17.8258 -0.8000 0 0 1
-0.0562 17.7884 -0.8000 0 0 1
0.0937 17.7884 -0.8000 0 0 1
0.0937 17.8258 -0.8000 0 0 1
-0.0562 17.8258 -0.8000 0 0 1
5.7920 17.7884 -0.8000 0 0 1
5.8295 17.7884 -0.8000 0 0 1
5.8295 17.8258 -0.8000 0 0 1
5.7920 17.8258 -0.8000 0 0 1
7.9288 17.7884 -0.8000 0 0 1
8.0038 17.7884 -0.8000 0 0 1
8.0038 17.8258 -0.8000 0 0 1
7.9288 17.8258 -0.8000 0 0 1
-7.9288 17.7509 -0.8000 0 0 1
-7.8539 17.7509 -0.8000 0 0 1
-7.8539 17.7884 -0.8000 0 0 1
-7.9288 17.7884 -0.8000 0 0 1
-5.7920 17.7509 -0.8000 0 0 1
-5.7170 17.7509 -0.8000 0 0 1
-5.7170 17.7884 -0.8000 0 0 1
-5.7920 17.7884 -0.8000 0 0 1
-0.0562 17.7509 -0.8000 0 0 1
0.0937 17.7509 -0.8000 0 0 1
0.0937 17.7884 -0.8000 0 0 1
-0.0562 17.7884 -0.8000 0 0 1
5.7545 17.7509 -0.8000 0 0 1
5.8295 17.7509 -0.8000 0 0 1
5.8295 17.7884 -0.8000 0 0 1
5.7545 17.7884 -0.8000 0 0 1
7.8914 17.7509 -0.8000 0 0 1
7.9663 17.7509 -0.8000 0 0 1
7.9663 17.7884 -0.8000 0 0 1
7.8914 17.7884 -0.8000 0 0 1
-7.9288 17.7134 -0.8000 0 0 1
-7.8539 17.7134 -0.8000 0 0 1
-7.8539 17.7509 -0.8000 0 0 1
-7.9288 17.7509 -0.8000 0 0 1
-5.7920 17.7134 -0.8000 0 0 1
-5.7170 17.7134 -0.8000 0 0 1
-5.7170 17.7509 -0.8000 0 0 1
-5.7920 17.7509 -0.8000 0 0 1
-0.0562 17.7134 -0.8000 0 0 1
0.0937 17.7134 -0.8000 0 0 1
0.0937 17.7509 -0.8000 0 0 1
-0.0562 17.7509 -0.8000 0 0 1
5.7545 17.7134 -0.8000 0 0 1
5.8295 17.7134 -0.8000 0 0 1
5.8295 17.7509 -0.8000 0 0 1
5.7545 17.7509 -0.8000 0 0 1
7.8914 17.7134 -0.8000 0 0 1
7.9663 17.7134 -0.8000 0 0 1
7.9663 17.7509 -0.8000 0 0 1
7.8914 17.7509 -0.8000 0 0 1
-7.8914 17.6759 -0.8000 0 0 1
-7.8539 17.6759 -0.8000 0 0 1
-7.8539 17.7134 -0.8000 0 0 1
-7.8914 17.7134 -0.8000 0 0 1
-5.7545 17.6759 -0.8000 0 0 1
-5.7170 17.6759 -0.8000 0 0 1
-5.7170 17.7134 -0.8000 0 0 1
-5.7545 17.7134 -0.8000 0 0 1
-0.0562 17.6759 -0.8000 0 0 1
0.0937 17.6759 -0.8000 0 0 1
0.0937 17.7134 -0.8000 0 0 1
-0.0562 17.7134 -0.8000 0 0 1
5.7545 17.6759 -0.8000 0 0 1
5.7920 17.6759 -0.8000 0 0 1
5.7920 17.7134 -0.8000 0 0 1
5.7545 17.7134 -0.8000 0 0 1
7.8914 17.6759 -0.8000 0 0 1
7.9288 17.6759 -0.8000 0 0 1
7.9288 17.7134 -0.8000 0 0 1
7.8914 17.7134 -0.8000 0 0 1
-7.8914 17.6384 -0.8000 0 0 1
-7.8164 17.6384 -0.8000 0 0 1
-7.8164 17.6759 -0.8000 0 0 1
-7.8914 17.6759 -0.8000 0 0 1
-5.7545 17.6384 -0.8000 0 0 1
-5.6795 17.6384 -0.8000 0 0 1
-5.6795 17.6759 -0.8000 0 0 1
-5.7545 17.6759 -0.8000 0 0 1
-0.0562 17.6384 -0.8000 0 0 1
0.0937 17.6384 -0.8000 0 0 1
0.0937 17.6759 -0.8000 0 0 1
-0.0562 17.6759 -0.8000 0 0 1
5.7170 17.6384 -0.8000 0 0 1
5.7920 17.6384 -0.8000 0 0 1
5.7920 17.6759 -0.8000 0 0 1
5.7170 17.6759 -0.8000 0 0 1
7.8539 17.6384 -0.8000 0 0 1
7.9288 17.6384 -0.8000 0 0 1
7.9288 17.6759 -0.8000 0 0 1
7.8539 17.6759 -0.8000 0 0 1
-7.8539 17.6009 -0.8000 0 0 1
-7.8164 17.6009 -0.8000 0 0 1
-7.8164 17.6384 -0.8000 0 0 1
-7.8539 17.6384 -0.8000 0 0 1
-5.7545 17.6009 -0.8000 0 0 1
-5.6795 17.6009 -0.8000 0 0 1
-5.6795 17.6384 -0.8000 0 0 1
-5.7545 17.6384 -0.8000 0 0 1
-0.0562 17.6009 -0.8000 0 0 1
0.0937 17.6009 -0.8000 0 0 1
0.0937 17.6384 -0.8000 0 0 1
-0.0562 17.6384 -0.8000 0 0 1
5.7170 17.6009 -0.8000 0 0 1
5.7920 17.6009 -0.8000 0 0 1
5.7920 17.6384 -0.8000 0 0 1
5.7170 17.6384 -0.8000 0 0 1
7.8539 17.6009 -0.8000 0 0 1
7.8914 17.6009 -0.8000 0 0 1
7.8914 17.6384 -0.8000 0 0 1
7.8539 17.6384 -0.8000 0 0 1
-7.8539 17.5634 -0.8000 0 0 1
-7.7789 17.5634 -0.8000 0 0 1
-7.7789 17.6009 -0.8000 0 0 1
-7.8539 17.6009 -0.8000 0 0 1
-5.7170 17.5634 -0.8000 0 0 1
-5.6795 17.5634 -0.8000 0 0 1
-5.6795 17.6009 -0.8000 0 0 1
-5.7170 17.6009 -0.8000 0 0 1
-0.0562 17.5634 -0.8000 0 0 1
0.0937 17.5634 -0.8000 0 0 1
0.0937 17.6009 -0.8000 0 0 1
-0.0562 17.6009 -0.8000 0 0 1
5.7170 17.5634 -0.8000 0 0 1
5.7545 17.5634 -0.8000 0 0 1
5.7545 17.6009 -0.8000 0 0 1
5.7170 17.6009 -0.8000 0 0 1
7.8164 17.5634 -0.8000 0 0 1
7.8914 17.5634 -0.8000 0 0 1
7.8914 17.6009 -0.8000 0 0 1
7.8164 17.6009 -0.8000 0 0 1
-7.8164 17.5259 -0.8000 0 0 1
-7.7789 17.5259 -0.8000 0 0 1
-7.7789 17.5634 -0.8000 0 0 1
-7.8164 17.5634 -0.8000 0 0 1
-5.7170 17.5259 -0.8000 0 0 1
-5.6795 17.5259 -0.8000 0 0 1
-5.6795 17.5634 -0.8000 0 0 1
-5.7170 17.5634 -0.8000 0 0 1
-0.0562 17.5259 -0.8000 0 0 1
0.0937 17.5259 -0.8000 0 0 1
0.0937 17.5634 -0.8000 0 0 1
-0.0562 17.5634 -0.8000 0 0 1
5.7170 17.5259 -0.8000 0 0 1
5.7545 17.5259 -0.8000 0 0 1
5.7545 17.5634 -0.8000 0 0 1
5.7170 17.5634 -0.8000 0 0 1
7.8164 17.5259 -0.8000 0 0 1
7.8539 17.5259 -0.8000 0 0 1
7.8539 17.5634 -0.8000 0 0 1
7.8164 17.5634 -0.8000 0 0 1
-7.8164 17.4884 -0.8000 0 0 1
-7.7414 17.4884 -0.8000 0 0 1
-7.7414 17.5259 -0.8000 0 0 1
-7.8164 17.5259 -0.8000 0 0 1
-0.0562 17.4884 -0.8000 0 0 1
0.0937 17.4884 -0.8000 0 0 1
0.0937 17.5259 -0.8000 0 0 1
-0.0562 17.5259 -0.8000 0 0 1
7.7789 17.4884 -0.8000 0 0 1
7.8539 17.4884 -0.8000 0 0 1
7.8539 17.5259 -0.8000 0 0 1
7.7789 17.5259 -0.8000 0 0 1
-7.8164 17.4510 -0.8000 0 0 1
-7.7414 17.4510 -0.8000 0 0 1
-7.7414 17.4884 -0.8000 0 0 1
-7.8164 17.4884 -0.8000 0 0 1
-0.0562 17.4510 -0.8000 0 0 1
0.0937 17.4510 -0.8000 0 0 1
0.0937 17.4884 -0.8000 0 0 1
-0.0562 17.4884 -0.8000 0 0 1
7.7789 17.4510 -0.8000 0 0 1
7.8539 17.4510 -0.8000 0 0 1
7.8539 17.4884 -0.8000 0 0 1
7.7789 17.4884 -0.8000 0 0 1
-7.7789 17.4135 -0.8000 0 0 1
-7.7039 17.4135 -0.8000 0 0 1
-7.7039 17.4510 -0.8000 0 0 1
-7.7789 17.4510 -0.8000 0 0 1
-0.0562 17.4135 -0.8000 0 0 1
0.0937 17.4135 -0.8000 0 0 1
0.0937 17.4510 -0.8000 0 0 1
-0.0562 17.4510 -0.8000 0 0 1
7.7414 17.4135 -0.8000 0 0 1
7.8164 17.4135 -0.8000 0 0 1
7.8164 17.4510 -0.8000 0 0 1
7.7414 17.4510 -0.8000 0 0 1
-7.7789 17.3760 -0.8000 0 0 1
-7.7039 17.3760 -0.8000 0 0 1
-7.7039 17.4135 -0.8000 0 0 1
-7.7789 17.4135 -0.8000 0 0 1
-0.0562 17.3760 -0.8000 0 0 1
0.0937 17.3760 -0.8000 0 0 1
0.0937 17.4135 -0.8000 0 0 1
-0.0562 17.4135 -0.8000 0 0 1
7.7414 17.3760 -0.8000 0 0 1
7.8164 17.3760 -0.8000 0 0 1
7.8164 17.4135 -0.8000 0 0 1
7.7414 17.4135 -0.8000 0 0 1
-7.7414 17.3385 -0.8000 0 0 1
-7.7039 17.3385 -0.8000 0 0 1
-7.7039 17.3760 -0.8000 0 0 1
-7.7414 17.3760 -0.8000 0 0 1
-0.0562 17.3385 -0.8000 0 0 1
0.0937 17.3385 -0.8000 0 0 1
0.0937 17.3760 -0.8000 0 0 1
-0.0562 17.3760 -0.8000 0 0 1
7.7414 17.3385 -0.8000 0 0 1
7.7789 17.3385 -0.8000 0 0 1
7.7789 17.3760 -0.8000 0 0 1
7.7414 17.3760 -0.8000 0 0 1
-7.7414 17.3010 -0.8000 0 0 1
-7.6664 17.3010 -0.8000 0 0 1
-7.6664 17.3385 -0.8000 0 0 1
-7.7414 17.3385 -0.8000 0 0 1
-0.0562 17.3010 -0.8000 0 0 1
0.0937 17.3010 -0.8000 0 0 1
0.0937 17.3385 -0.8000 0 0 1
-0.0562 17.3385 -0.8000 0 0 1
7.7039 17.3010 -0.8000 0 0 1
7.7789 17.3010 -0.8000 0 0 1
7.7789 17.3385 -0.8000 0 0 1
7.7039 17.3385 -0.8000 0 0 1
-7.7039 17.2635 -0.8000 0 0 1
-7.6664 17.2635 -0.8000 0 0 1
-7.6664 17.3010 -0.8000 0 0 1
-7.7039 17.3010 -0.8000 0 0 1
-0.0562 17.2635 -0.8000 0 0 1
0.0937 17.2635 -0.8000 0 0 1
0.0937 17.3010 -0.8000 0 0 1
-0.0562 17.3010 -0.8000 0 0 1
7.7039 17.2635 -0.8000 0 0 1
7.7414 17.2635 -0.8000 0 0 1
7.7414 17.3010 -0.8000 0 0 1
7.7039 17.3010 -0.8000 0 0 1
-7.7039 17.2260 -0.8000 0 0 1
-7.6289 17.2260 -0.8000 0 0 1
-7.6289 17.2635 -0.8000 0 0 1
-7.7039 17.2635 -0.8000 0 0 1
-0.0562 17.2260 -0.8000 0 0 1
0.0937 17.2260 -0.8000 0 0 1
0.0937 17.2635 -0.8000 0 0 1
-0.0562 17.2635 -0.8000 0 0 1
7.6664 17.2260 -0.8000 0 0 1
7.7414 17.2260 -0.8000 0 0 1
7.7414 17.2635 -0.8000 0 0 1
7.6664 17.2635 -0.8000 0 0 1
-7.6664 17.1885 -0.8000 0 0 1
-7.6289 17.1885 -0.8000 0 0 1
-7.6289 17.2260 -0.8000 0 0 1
-7.6664 17.2260 -0.8000 0 0 1
-0.0562 17.1885 -0.8000 0 0 1
0.0937 17.1885 -0.8000 0 0 1
0.0937 17.2260 -0.8000 0 0 1
-0.0562 17.2260 -0.8000 0 0 1
7.6664 17.1885 -0.8000 0 0 1
7.7039 17.1885 -0.8000 0 0 1
7.7039 17.2260 -0.8000 0 0 1
7.6664 17.2260 -0.8000 0 0 1
-7.6664 17.1510 -0.8000 0 0 1
-7.5914 17.1510 -0.8000 0 0 1
-7.5914 17.1885 -0.8000 0 0 1
-7.6664 17.1885 -0.8000 0 0 1
-0.0562 17.1510 -0.8000 0 0 1
0.0937 17.1510 -0.8000 0 0 1
0.0937 17.1885 -0.8000 0 0 1
-0.0562 17.1885 -0.8000 0 0 1
7.6289 17.1510 -0.8000 0 0 1
7.7039 17.1510 -0.8000 0 0 1
7.7039 17.1885 -0.8000 0 0 1
7.6289 17.1885 -0.8000 0 0 1
-7.6664 17.1136 -0.8000 0 0 1
-7.5914 17.1136 -0.8000 0 0 1
-7.5914 17.1510 -0.8000 0 0 1
-7.6664 17.1510 -0.8000 0 0 1
-0.0562 17.1136 -0.8000 0 0 1
0.0937 17.1136 -0.8000 0 0 1
0.0937 17.1510 -0.8000 0 0 1
-0.0562 17.1510 -0.8000 0 0 1
7.6289 17.1136 -0.8000 0 0 1
7.7039 17.1136 -0.8000 0 0 1
7.7039 17.1510 -0.8000 0 0 1
7.6289 17.1510 -0.8000 0 0 1
-7.6289 17.0761 -0.8000 0 0 1
-7.5540 17.0761 -0.8000 0 0 1
-7.5540 17.1136 -0.8000 0 0 1
-7.6289 17.1136 -0.8000 0 0 1
-0.0562 17.0761 -0.8000 0 0 1
0.0937 17.0761 -0.8000 0 0 1
0.0937 17.1136 -0.8000 0 0 1
-0.0562 17.1136 -0.8000 0 0 1
7.5914 17.0761 -0.8000 0 0 1
7.6664 17.0761 -0.8000 0 0 1
7.6664 17.1136 -0.8000 0 0 1
7.5914 17.1136 -0.8000 0 0 1
-9.8033 17.0386 -0.8000 0 0 1
-9.7658 17.0386 -0.8000 0 0 1
-9.7658 17.0761 -0.8000 0 0 1
-9.8033 17.0761 -0.8000 0 0 1
-7.6289 17.0386 -0.8000 0 0 1
-7.5540 17.0386 -0.8000 0 0 1
-7.5540 17.0761 -0.8000 0 0 1
-7.6289 17.0761 -0.8000 0 0 1
7.5914 17.0386 -0.8000 0 0 1
7.6664 17.0386 -0.8000 0 0 1
7.6664 17.0761 -0.8000 0 0 1
7.5914 17.0761 -0.8000 0 0 1
9.8033 17.0386 -0.8000 0 0 1
9.8408 17.0386 -0.8000 0 0 1
9.8408 17.0761 -0.8000 0 0 1
9.8033 17.0761 -0.8000 0 0 1
-9.8408 17.0011 -0.8000 0 0 1
-9.7283 17.0011 -0.8000 0 0 1
-9.7283 17.0386 -0.8000 0 0 1
-9.8408 17.0386 -0.8000 0 0 1
-7.5914 17.0011 -0.8000 0 0 1
-7.5540 17.0011 -0.8000 0 0 1
-7.5540 17.0386 -0.8000 0 0 1
-7.5914 17.0386 -0.8000 0 0 1
7.5914 17.0011 -0.8000 0 0 1
7.6289 17.0011 -0.8000 0 0 1
7.6289 17.0386 -0.8000 0 0 1
7.5914 17.0386 -0.8000 0 0 1
9.7658 17.0011 -0.8000 0 0 1
9.8783 17.0011 -0.8000 0 0 1
9.8783 17.0386 -0.8000 0 0 1
9.7658 17.0386 -0.8000 0 0 1
-9.8783 16.9636 -0.8000 0 0 1
-9.7283 16.9636 -0.8000 0 0 1
-9.7283 17.0011 -0.8000 0 0 1
-9.8783 17.0011 -0.8000 0 0 1
-7.5914 16.9636 -0.8000 0 0 1
-7.5165 16.9636 -0.8000 0 0 1
-7.5165 17.0011 -0.8000 0 0 1
-7.5914 17.0011 -0.8000 0 0 1
7.5540 16.9636 -0.8000 0 0 1
7.6289 16.9636 -0.8000 0 0 1
7.6289 17.0011 -0.8000 0 0 1
7.5540 17.0011 -0.8000 0 0 1
9.7658 16.9636 -0.8000 0 0 1
9.9157 16.9636 -0.8000 0 0 1
9.9157 17.0011 -0.8000 0 0 1
9.7658 17.0011 -0.8000 0 0 1
-9.8408 16.9261 -0.8000 0 0 1
-9.6908 16.9261 -0.8000 0 0 1
-9.6908 16.9636 -0.8000 0 0 1
-9.8408 16.9636 -0.8000 0 0 1
-7.5540 16.9261 -0.8000 0 0 1
-7.5165 16.9261 -0.8000 0 0 1
-7.5165 16.9636 -0.8000 0 0 1
-7.5540 16.9636 -0.8000 0 0 1
7.5540 16.9261 -0.8000 0 0 1
7.5914 16.9261 -0.8000 0 0 1
7.5914 16.9636 -0.8000 0 0 1
7.5540 16.9636 -0.8000 0 0 1
9.7283 16.9261 -0.8000 0 0 1
9.8783 16.9261 -0.8000 0 0 1
9.8783 16.9636 -0.8000 0 0 1
9.7283 16.9636 -0.8000 0 0 1
-9.8408 16.8886 -0.8000 0 0 1
-9.6908 16.8886 -0.8000 0 0 1
-9.6908 16.9261 -0.8000 0 0 1
-9.8408 16.9261 -0.8000 0 0 1
-7.5540 16.8886 -0.8000 0 0 1
-7.4790 16.8886 -0.8000 0 0 1
-7.4790 16.9261 -0.8000 0 0 1
-7.5540 16.9261 -0.8000 0 0 1
7.5165 16.8886 -0.8000 0 0 1
7.5914 16.8886 -0.8000 0 0 1
7.5914 16.9261 -0.8000 0 0 1
7.5165 16.9261 -0.8000 0 0 1
9.7283 16.8886 -0.8000 0 0 1
9.8783 16.8886 -0.8000 0 0 1
9.8783 16.9261 -0.8000 0 0 1
9.7283 16.9261 -0.8000 0 0 1
-9.8033 16.8511 -0.8000 0 0 1
-9.6533 16.8511 -0.8000 0 0 1
-9.6533 16.8886 -0.8000 0 0 1
-9.8033 16.8886 -0.8000 0 0 1
-7.5165 16.8511 -0.8000 0 0 1
-7.4790 16.8511 -0.8000 0 0 1
-7.4790 16.8886 -0.8000 0 0 1
-7.5165 16.8886 -0.8000 0 0 1
7.5165 16.8511 -0.8000 0 0 1
7.5540 16.8511 -0.8000 0 0 1
7.5540 16.8886 -0.8000 0 0 1
7.5165 16.8886 -0.8000 0 0 1
9.6908 16.8511 -0.8000 0 0 1
9.8408 16.8511 -0.8000 0 0 1
9.8408 16.8886 -0.8000 0 0 1
9.6908 16.8886 -0.8000 0 0 1
-9.8033 16.8136 -0.8000 0 0 1
-9.6158 16.8136 -0.8000 0 0 1
-9.6158 16.8511 -0.8000 0 0 1
-9.8033 16.8511 -0.8000 0 0 1
9.6533 16.8136 -0.8000 0 0 1
9.8408 16.8136 -0.8000 0 0 1
9.8408 16.8511 -0.8000 0 0 1
9.6533 16.8511 -0.8000 0 0 1
-9.7658 16.7762 -0.8000 0 0 1
-9.6158 16.7762 -0.8000 0 0 1
-9.6158 16.8136 -0.8000 0 0 1
-9.7658 16.8136 -0.8000 0 0 1
9.6533 16.7762 -0.8000 0 0 1
9.8033 16.7762 -0.8000 0 0 1
9.8033 16.8136 -0.8000 0 0 1
9.6533 16.8136 -0.8000 0 0 1
-9.7283 16.7387 -0.8000 0 0 1
-9.5783 16.7387 -0.8000 0 0 1
-9.5783 16.7762 -0.8000 0 0 1
-9.7283 16.7762 -0.8000 0 0 1
9.6158 16.7387 -0.8000 0 0 1
9.7658 16.7387 -0.8000 0 0 1
9.7658 16.7762 -0.8000 0 0 1
9.6158 16.7762 -0.8000 0 0 1
-9.7283 16.7012 -0.8000 0 0 1
-9.5783 16.7012 -0.8000 0 0 1
-9.5783 16.7387 -0.8000 0 0 1
-9.7283 16.7387 -0.8000 0 0 1
9.6158 16.7012 -0.8000 0 0 1
9.7658 16.7012 -0.8000 0 0 1
9.7658 16.7387 -0.8000 0 0 1
9.6158 16.7387 -0.8000 0 0 1
-9.6908 16.6637 -0.8000 0 0 1
-9.5409 16.6637 -0.8000 0 0 1
-9.5409 16.7012 -0.8000 0 0 1
-9.6908 16.7012 -0.8000 0 0 1
9.5783 16.6637 -0.8000 0 0 1
9.7283 16.6637 -0.8000 0 0 1
9.7283 16.7012 -0.8000 0 0 1
9.5783 16.7012 -0.8000 0 0 1
-9.6908 16.6262 -0.8000 0 0 1
-9.5409 16.6262 -0.8000 0 0 1
-9.5409 16.6637 -0.8000 0 0 1
-9.6908 16.6637 -0.8000 0 0 1
9.5783 16.6262 -0.8000 0 0 1
9.7283 16.6262 -0.8000 0 0 1
9.7283 16.6637 -0.8000 0 0 1
9.5783 16.6637 -0.8000 0 0 1
-9.6533 16.5887 -0.8000 0 0 1
-9.5034 16.5887 -0.8000 0 0 1
-9.5034 16.6262 -0.8000 0 0 1
-9.6533 16.6262 -0.8000 0 0 1
9.5409 16.5887 -0.8000 0 0 1
9.6908 16.5887 -0.8000 0 0 1
9.6908 16.6262 -0.8000 0 0 1
9.5409 16.6262 -0.8000 0 0 1
-9.6533 16.5512 -0.8000 0 0 1
-9.4659 16.5512 -0.8000 0 0 1
-9.4659 16.5887 -0.8000 0 0 1
-9.6533 16.5887 -0.8000 0 0 1
9.5034 16.5512 -0.8000 0 0 1
9.6908 16.5512 -0.8000 0 0 1
9.6908 16.5887 -0.8000 0 0 1
9.5034 16.5887 -0.8000 0 0 1
-9.6158 16.5137 -0.8000 0 0 1
-9.4659 16.5137 -0.8000 0 0 1
-9.4659 16.5512 -0.8000 0 0 1
-9.6158 16.5512 -0.8000 0 0 1
9.5034 16.5137 -0.8000 0 0 1
9.6533 16.5137 -0.8000 0 0 1
9.6533 16.5512 -0.8000 0 0 1
9.5034 16.5512 -0.8000 0 0 1
-9.5783 16.4763 -0.8000 0 0 1
-9.4284 16.4763 -0.8000 0 0 1
-9.4284 16.5137 -0.8000 0 0 1
-9.5783 16.5137 -0.8000 0 0 1
9.4659 16.4763 -0.8000 0 0 1
9.6158 16.4763 -0.8000 0 0 1
9.6158 16.5137 -0.8000 0 0 1
9.4659 16.5137 -0.8000 0 0 1
-9.5783 16.4388 -0.8000 0 0 1
-9.4284 16.4388 -0.8000 0 0 1
-9.4284 16.4763 -0.8000 0 0 1
-9.5783 16.4763 -0.8000 0 0 1
9.4659 16.4388 -0.8000 0 0 1
9.6158 16.4388 -0.8000 0 0 1
9.6158 16.4763 -0.8000 0 0 1
9.4659 16.4763 -0.8000 0 0 1
-9.5409 16.4013 -0.8000 0 0 1
-9.3909 16.4013 -0.8000 0 0 1
-9.3909 16.4388 -0.8000 0 0 1
-9.5409 16.4388 -0.8000 0 0 1
9.4284 16.4013 -0.8000 0 0 1
9.5783 16.4013 -0.8000 0 0 1
9.5783 16.4388 -0.8000 0 0 1
9.4284 16.4388 -0.8000 0 0 1
-9.5409 16.3638 -0.8000 0 0 1
-9.3534 16.3638 -0.8000 0 0 1
-9.3534 16.4013 -0.8000 0 0 1
-9.5409 16.4013 -0.8000 0 0 1
9.3909 16.3638 -0.8000 0 0 1
9.5783 16.3638 -0.8000 0 0 1
9.5783 16.4013 -0.8000 0 0 1
9.3909 16.4013 -0.8000 0 0 1
-9.5034 16.3263 -0.8000 0 0 1
-9.3534 16.3263 -0.8000 0 0 1
-9.3534 16.3638 -0.8000 0 0 1
-9.5034 16.3638 -0.8000 0 0 1
9.3909 16.3263 -0.8000 0 0 1
9.5409 16.3263 -0.8000 0 0 1
9.5409 16.3638 -0.8000 0 0 1
9.3909 16.3638 -0.8000 0 0 1
-9.5034 16.2888 -0.8000 0 0 1
-9.3159 16.2888 -0.8000 0 0 1
-9.3159 16.3263 -0.8000 0 0 1
-9.5034 16.3263 -0.8000 0 0 1
9.3534 16.2888 -0.8000 0 0 1
9.5409 16.2888 -0.8000 0 0 1
9.5409 16.3263 -0.8000 0 0 1
9.3534 16.3263 -0.8000 0 0 1
-9.4659 16.2513 -0.8000 0 0 1
-9.3159 16.2513 -0.8000 0 0 1
-9.3159 16.2888 -0.8000 0 0 1
-9.4659 16.2888 -0.8000 0 0 1
9.3534 16.2513 -0.8000 0 0 1
9.5034 16.2513 -0.8000 0 0 1
9.5034 16.2888 -0.8000 0 0 1
9.3534 16.2888 -0.8000 0 0 1
-9.4284 16.2138 -0.8000 0 0 1
-9.2784 16.2138 -0.8000 0 0 1
-9.2784 16.2513 -0.8000 0 0 1
-9.4284 16.2513 -0.8000 0 0 1
9.3159 16.2138 -0.8000 0 0 1
9.4659 16.2138 -0.8000 0 0 1
9.4659 16.2513 -0.8000 0 0 1
9.3159 16.2513 -0.8000 0 0 1
-9.4284 16.1763 -0.8000 0 0 1
-9.2784 16.1763 -0.8000 0 0 1
-9.2784 16.2138 -0.8000 0 0 1
-9.4284 16.2138 -0.8000 0 0 1
9.3159 16.1763 -0.8000 0 0 1
9.4659 16.1763 -0.8000 0 0 1
9.4659 16.2138 -0.8000 0 0 1
9.3159 16.2138 -0.8000 0 0 1
-9.3909 16.1389 -0.8000 0 0 1
-9.2409 16.1389 -0.8000 0 0 1
-9.2409 16.1763 -0.8000 0 0 1
-9.3909 16.1763 -0.8000 0 0 1
9.2784 16.1389 -0.8000 0 0 1
9.4284 16.1389 -0.8000 0 0 1
9.4284 16.1763 -0.8000 0 0 1
9.2784 16.1763 -0.8000 0 0 1
-9.3909 16.1014 -0.8000 0 0 1
-9.2035 16.1014 -0.8000 0 0 1
-9.2035 16.1389 -0.8000 0 0 1
-9.3909 16.1389 -0.8000 0 0 1
9.2409 16.1014 -0.8000 0 0 1
9.4284 16.1014 -0.8000 0 0 1
9.4284 16.1389 -0.8000 0 0 1
9.2409 16.1389 -0.8000 0 0 1
-9.3534 16.0639 -0.8000 0 0 1
-9.2035 16.0639 -0.8000 0 0 1
-9.2035 16.1014 -0.8000 0 0 1
-9.3534 16.1014 -0.8000 0 0 1
9.2409 16.0639 -0.8000 0 0 1
9.3909 16.0639 -0.8000 0 0 1
9.3909 16.1014 -0.8000 0 0 1
9.2409 16.1014 -0.8000 0 0 1
-9.3534 16.0264 -0.8000 0 0 1
-9.1660 16.0264 -0.8000 0 0 1
-9.1660 16.0639 -0.8000 0 0 1
-9.3534 16.0639 -0.8000 0 0 1
9.2035 16.0264 -0.8000 0 0 1
9.3909 16.0264 -0.8000 0 0 1
9.3909 16.0639 -0.8000 0 0 1
9.2035 16.0639 -0.8000 0 0 1
-9.3159 15.9889 -0.8000 0 0 1
-9.1660 15.9889 -0.8000 0 0 1
-9.1660 16.0264 -0.8000 0 0 1
-9.3159 16.0264 -0.8000 0 0 1
9.2035 15.9889 -0.8000 0 0 1
9.3534 15.9889 -0.8000 0 0 1
9.3534 16.0264 -0.8000 0 0 1
9.2035 16.0264 -0.8000 0 0 1
-9.2784 15.9514 -0.8000 0 0 1
-9.1285 15.9514 -0.8000 0 0 1
-9.1285 15.9889 -0.8000 0 0 1
-9.2784 15.9889 -0.8000 0 0 1
9.1660 15.9514 -0.8000 0 0 1
9.3159 15.9514 -0.8000 0 0 1
9.3159 15.9889 -0.8000 0 0 1
9.1660 15.9889 -0.8000 0 0 1
-9.2784 15.9139 -0.8000 0 0 1
-9.1285 15.9139 -0.8000 0 0 1
-9.1285 15.9514 -0.8000 0 0 1
-9.2784 15.9514 -0.8000 0 0 1
9.1660 15.9139 -0.8000 0 0 1
9.3159 15.9139 -0.8000 0 0 1
9.3159 15.9514 -0.8000 0 0 1
9.1660 15.9514 -0.8000 0 0 1
-9.2409 15.8764 -0.8000 0 0 1
-9.0910 15.8764 -0.8000 0 0 1
-9.0910 15.9139 -0.8000 0 0 1
-9.2409 15.9139 -0.8000 0 0 1
9.1285 15.8764 -0.8000 0 0 1
9.2784 15.8764 -0.8000 0 0 1
9.2784 15.9139 -0.8000 0 0 1
9.1285 15.9139 -0.8000 0 0 1
-9.2409 15.8389 -0.8000 0 0 1
-9.0535 15.8389 -0.8000 0 0 1
-9.0535 15.8764 -0.8000 0 0 1
-9.2409 15.8764 -0.8000 0 0 1
9.0910 15.8389 -0.8000 0 0 1
9.2784 15.8389 -0.8000 0 0 1
9.2784 15.8764 -0.8000 0 0 1
9.0910 15.8764 -0.8000 0 0 1
-11.4903 15.8015 -0.8000 0 0 1
-11.4528 15.8015 -0.8000 0 0 1
-11.4528 15.8389 -0.8000 0 0 1
-11.4903 15.8389 -0.8000 0 0 1
-9.2035 15.8015 -0.8000 0 0 1
-9.0535 15.8015 -0.8000 0 0 1
-9.0535 15.8389 -0.8000 0 0 1
-9.2035 15.8389 -0.8000 0 0 1
9.0910 15.8015 -0.8000 0 0 1
9.2409 15.8015 -0.8000 0 0 1
9.2409 15.8389 -0.8000 0 0 1
9.0910 15.8389 -0.8000 0 0 1
11.4903 15.8015 -0.8000 0 0 1
11.5278 15.8015 -0.8000 0 0 1
11.5278 15.8389 -0.8000 0 0 1
11.4903 15.8389 -0.8000 0 0 1
-11.4903 15.7640 -0.8000 0 0 1
-11.4153 15.7640 -0.8000 0 0 1
-11.4153 15.8015 -0.8000 0 0 1
-11.4903 15.8015 -0.8000 0 0 1
-9.1660 15.7640 -0.8000 0 0 1
-9.0160 15.7640 -0.8000 0 0 1
-9.0160 15.8015 -0.8000 0 0 1
-9.1660 15.8015 -0.8000 0 0 1
9.0535 15.7640 -0.8000 0 0 1
9.2035 15.7640 -0.8000 0 0 1
9.2035 15.8015 -0.8000 0 0 1
9.0535 15.8015 -0.8000 0 0 1
11.4528 15.7640 -0.8000 0 0 1
11.5278 15.7640 -0.8000 0 0 1
11.5278 15.8015 -0.8000 0 0 1
11.4528 15.8015 -0.8000 0 0 1
-11.4528 15.7265 -0.8000 0 0 1
-11.4153 15.7265 -0.8000 0 0 1
-11.4153 15.7640 -0.8000 0 0 1
-11.4528 15.7640 -0.8000 0 0 1
-9.1660 15.7265 -0.8000 0 0 1
-9.0160 15.7265 -0.8000 0 0 1
-9.0160 15.7640 -0.8000 0 0 1
-9.1660 15.7640 -0.8000 0 0 1
9.0535 15.7265 -0.8000 0 0 1
9.2035 15.7265 -0.8000 0 0 1
9.2035 15.7640 -0.8000 0 0 1
9.0535 15.7640 -0.8000 0 0 1
11.4528 15.7265 -0.8000 0 0 1
11.4903 15.7265 -0.8000 0 0 1
11.4903 15.7640 -0.8000 0 0 1
11.4528 15.7640 -0.8000 0 0 1
-11.4528 15.6890 -0.8000 0 0 1
-11.3778 15.6890 -0.8000 0 0 1
-11.3778 15.7265 -0.8000 0 0 1
-11.4528 15.7265 -0.8000 0 0 1
-9.1285 15.6890 -0.8000 0 0 1
-8.9785 15.6890 -0.8000 0 0 1
-8.9785 15.7265 -0.8000 0 0 1
-9.1285 15.7265 -0.8000 0 0 1
-0.2812 15.6890 -0.8000 0 0 1
-0.1312 15.6890 -0.8000 0 0 1
-0.1312 15.7265 -0.8000 0 0 1
-0.2812 15.7265 -0.8000 0 0 1
0.0937 15.6890 -0.8000 0 0 1
0.2437 15.6890 -0.8000 0 0 1
0.2437 15.7265 -0.8000 0 0 1
0.0937 15.7265 -0.8000 0 0 1
9.0160 15.6890 -0.8000 0 0 1
9.1660 15.6890 -0.8000 0 0 1
9.1660 15.7265 -0.8000 0 0 1
9.0160 15.7265 -0.8000 0 0 1
11.4153 15.6890 -0.8000 0 0 1
11.4903 15.6890 -0.8000 0 0 1
11.4903 15.7265 -0.8000 0 0 1
11.4153 15.7265 -0.8000 0 0 1
-11.4153 15.6515 -0.8000 0 0 1
-11.3403 15.6515 -0.8000 0 0 1
-11.3403 15.6890 -0.8000 0 0 1
-11.4153 15.6890 -0.8000 0 0 1
-9.1285 15.6515 -0.8000 0 0 1
-8.9785 15.6515 -0.8000 0 0 1
-8.9785 15.6890 -0.8000 0 0 1
-9.1285 15.6890 -0.8000 0 0 1
-0.3187 15.6515 -0.8000 0 0 1
-0.2437 15.6515 -0.8000 0 0 1
-0.2437 15.6890 -0.8000 0 0 1
-0.3187 15.6890 -0.8000 0 0 1
-0.1312 15.6515 -0.8000 0 0 1
-0.0937 15.6515 -0.8000 0 0 1
-0.0937 15.6890 -0.8000 0 0 1
-0.1312 15.6890 -0.8000 0 0 1
0.0562 15.6515 -0.8000 0 0 1
0.1312 15.6515 -0.8000 0 0 1
0.1312 15.6890 -0.8000 0 0 1
0.0562 15.6890 -0.8000 0 0 1
0.2437 15.6515 -0.8000 0 0 1
0.2812 15.6515 -0.8000 0 0 1
0.2812 15.6890 -0.8000 0 0 1
0.2437 15.6890 -0.8000 0 0 1
9.0160 15.6515 -0.8000 0 0 1
9.1660 15.6515 -0.8000 0 0 1
9.1660 15.6890 -0.8000 0 0 1
9.0160 15.6890 -0.8000 0 0 1
11.3778 15.6515 -0.8000 0 0 1
11.4528 15.6515 -0.8000 0 0 1
11.4528 15.6890 -0.8000 0 0 1
11.3778 15.6890 -0.8000 0 0 1
-11.3778 15.6140 -0.8000 0 0 1
-11.3028 15.6140 -0.8000 0 0 1
-11.3028 15.6515 -0.8000 0 0 1
-11.3778 15.6515 -0.8000 0 0 1
-9.0910 15.6140 -0.8000 0 0 1
-8.9410 15.6140 -0.8000 0 0 1
-8.9410 15.6515 -0.8000 0 0 1
-9.0910 15.6515 -0.8000 0 0 1
-0.3187 15.6140 -0.8000 0 0 1
-0.2812 15.6140 -0.8000 0 0 1
-0.2812 15.6515 -0.8000 0 0 1
-0.3187 15.6515 -0.8000 0 0 1
-0.1312 15.6140 -0.8000 0 0 1
-0.0562 15.6140 -0.8000 0 0 1
-0.0562 15.6515 -0.8000 0 0 1
-0.1312 15.6515 -0.8000 0 0 1
0.0562 15.6140 -0.8000 0 0 1
0.0937 15.6140 -0.8000 0 0 1
0.0937 15.6515 -0.8000 0 0 1
0.0562 15.6515 -0.8000 0 0 1
0.2437 15.6140 -0.8000 0 0 1
0.3187 15.6140 -0.8000 0 0 1
0.3187 15.6515 -0.8000 0 0 1
0.2437 15.6515 -0.8000 0 0 1
8.9785 15.6140 -0.8000 0 0 1
9.1285 15.6140 -0.8000 0 0 1
9.1285 15.6515 -0.8000 0 0 1
8.9785 15.6515 -0.8000 0 0 1
11.3403 15.6140 -0.8000 0 0 1
11.4153 15.6140 -0.8000 0 0 1
11.4153 15.6515 -0.8000 0 0 1
11.3403 15.6515 -0.8000 0 0 1
-11.3778 15.5765 -0.8000 0 0 1
-11.3028 15.5765 -0.8000 0 0 1
-11.3028 15.6140 -0.8000 0 0 1
-11.3778 15.6140 -0.8000 0 0 1
-9.0910 15.5765 -0.8000 0 0 1
-8.9035 15.5765 -0.8000 0 0 1
-8.9035 15.6140 -0.8000 0 0 1
-9.0910 15.6140 -0.8000 0 0 1
-0.3561 15.5765 -0.8000 0 0 1
-0.2812 15.5765 -0.8000 0 0 1
-0.2812 15.6140 -0.8000 0 0 1
-0.3561 15.6140 -0.8000 0 0 1
-0.0937 15.5765 -0.8000 0 0 1
-0.0562 15.5765 -0.8000 0 0 1
-0.0562 15.6140 -0.8000 0 0 1
-0.0937 15.6140 -0.8000 0 0 1
0.0187 15.5765 -0.8000 0 0 1
0.0937 15.5765 -0.8000 0 0 1
0.0937 15.6140 -0.8000 0 0 1
0.0187 15.6140 -0.8000 0 0 1
0.2437 15.5765 -0.8000 0 0 1
0.3187 15.5765 -0.8000 0 0 1
0.3187 15.6140 -0.8000 0 0 1
0.2437 15.6140 -0.8000 0 0 1
8.9410 15.5765 -0.8000 0 0 1
9.1285 15.5765 -0.8000 0 0 1
9.1285 15.6140 -0.8000 0 0 1
8.9410 15.6140 -0.8000 0 0 1
11.3403 15.5765 -0.8000 0 0 1
11.4153 15.5765 -0.8000 0 0 1
11.4153 15.6140 -0.8000 0 0 1
11.3403 15.6140 -0.8000 0 0 1
-11.3403 15.5390 -0.8000 0 0 1
-11.2653 15.5390 -0.8000 0 0 1
-11.2653 15.5765 -0.8000 0 0 1
-11.3403 15.5765 -0.8000 0 0 1
-9.0535 15.5390 -0.8000 0 0 1
-8.9035 15.5390 -0.8000 0 0 1
-8.9035 15.5765 -0.8000 0 0 1
-9.0535 15.5765 -0.8000 0 0 1
-0.3561 15.5390 -0.8000 0 0 1
-0.2812 15.5390 -0.8000 0 0 1
-0.2812 15.5765 -0.8000 0 0 1
-0.3561 15.5765 -0.8000 0 0 1
-0.0937 15.5390 -0.8000 0 0 1
-0.0187 15.5390 -0.8000 0 0 1
-0.0187 15.5765 -0.8000 0 0 1
-0.0937 15.5765 -0.8000 0 0 1
0.0187 15.5390 -0.8000 0 0 1
0.0937 15.5390 -0.8000 0 0 1
0.0937 15.5765 -0.8000 0 0 1
0.0187 15.5765 -0.8000 0 0 1
0.2812 15.5390 -0.8000 0 0 1
0.3187 15.5390 -0.8000 0 0 1
0.3187 15.5765 -0.8000 0 0 1
0.2812 15.5765 -0.8000 0 0 1
8.9410 15.5390 -0.8000 0 0 1
9.0910 15.5390 -0.8000 0 0 1
9.0910 15.5765 -0.8000 0 0 1
8.9410 15.5765 -0.8000 0 0 1
11.3028 15.5390 -0.8000 0 0 1
11.3778 15.5390 -0.8000 0 0 1
11.3778 15.5765 -0.8000 0 0 1
11.3028 15.5765 -0.8000 0 0 1
-11.3028 15.5015 -0.8000 0 0 1
-11.2278 15.5015 -0.8000 0 0 1
-11.2278 15.5390 -0.8000 0 0 1
-11.3028 15.5390 -0.8000 0 0 1
-9.0160 15.5015 -0.8000 0 0 1
-8.8661 15.5015 -0.8000 0 0 1
-8.8661 15.5390 -0.8000 0 0 1
-9.0160 15.5390 -0.8000 0 0 1
-0.3561 15.5015 -0.8000 0 0 1
-0.2812 15.5015 -0.8000 0 0 1
-0.2812 15.5390 -0.8000 0 0 1
-0.3561 15.5390 -0.8000 0 0 1
-0.0937 15.5015 -0.8000 0 0 1
-0.0187 15.5015 -0.8000 0 0 1
-0.0187 15.5390 -0.8000 0 0 1
-0.0937 15.5390 -0.8000 0 0 1
0.0187 15.5015 -0.8000 0 0 1
0.0937 15.5015 -0.8000 0 0 1
0.0937 15.5390 -0.8000 0 0 1
0.0187 15.5390 -0.8000 0 0 1
0.2812 15.5015 -0.8000 0 0 1
0.3187 15.5015 -0.8000 0 0 1
0.3187 15.5390 -0.8000 0 0 1
0.2812 15.5390 -0.8000 0 0 1
8.9035 15.5015 -0.8000 0 0 1
9.0535 15.5015 -0.8000 0 0 1
9.0535 15.5390 -0.8000 0 0 1
8.9035 15.5390 -0.8000 0 0 1
11.2653 15.5015 -0.8000 0 0 1
11.3403 15.5015 -0.8000 0 0 1
11.3403 15.5390 -0.8000 0 0 1
11.2653 15.5390 -0.8000 0 0 1
-11.2653 15.4641 -0.8000 0 0 1
-11.1904 15.4641 -0.8000 0 0 1
-11.1904 15.5015 -0.8000 0 0 1
-11.2653 15.5015 -0.8000 0 0 1
-9.0160 15.4641 -0.8000 0 0 1
-8.8661 15.4641 -0.8000 0 0 1
-8.8661 15.5015 -0.8000 0 0 1
-9.0160 15.5015 -0.8000 0 0 1
-0.3561 15.4641 -0.8000 0 0 1
-0.2812 15.4641 -0.8000 0 0 1
-0.2812 15.5015 -0.8000 0 0 1
-0.3561 15.5015 -0.8000 0 0 1
-0.0937 15.4641 -0.8000 0 0 1
-0.0187 15.4641 -0.8000 0 0 1
-0.0187 15.5015 -0.8000 0 0 1
-0.0937 15.5015 -0.8000 0 0 1
0.0187 15.4641 -0.8000 0 0 1
0.0937 15.4641 -0.8000 0 0 1
0.0937 15.5015 -0.8000 0 0 1
0.0187 15.5015 -0.8000 0 0 1
0.2812 15.4641 -0.8000 0 0 1
0.3187 15.4641 -0.8000 0 0 1
0.3187 15.5015 -0.8000 0 0 1
0.2812 15.5015 -0.8000 0 0 1
8.9035 15.4641 -0.8000 0 0 1
9.0535 15.4641 -0.8000 0 0 1
9.0535 15.5015 -0.8000 0 0 1
8.9035 15.5015 -0.8000 0 0 1
11.2278 15.4641 -0.8000 0 0 1
11.3028 15.4641 -0.8000 0 0 1
11.3028 15.5015 -0.8000 0 0 1
11.2278 15.5015 -0.8000 0 0 1
-11.2653 15.4266 -0.8000 0 0 1
-11.1904 15.4266 -0.8000 0 0 1
-11.1904 15.4641 -0.8000 0 0 1
-11.2653 15.4641 -0.8000 0 0 1
-8.9785 15.4266 -0.8000 0 0 1
-8.8286 15.4266 -0.8000 0 0 1
-8.8286 15.4641 -0.8000 0 0 1
-8.9785 15.4641 -0.8000 0 0 1
-0.3561 15.4266 -0.8000 0 0 1
-0.2812 15.4266 -0.8000 0 0 1
-0.2812 15.4641 -0.8000 0 0 1
-0.3561 15.4641 -0.8000 0 0 1
-0.0937 15.4266 -0.8000 0 0 1
-0.0187 15.4266 -0.8000 0 0 1
-0.0187 15.4641 -0.8000 0 0 1
-0.0937 15.4641 -0.8000 0 0 1
0.0187 15.4266 -0.8000 0 0 1
0.0937 15.4266 -0.8000 0 0 1
0.0937 15.4641 -0.8000 0 0 1
0.0187 15.4641 -0.8000 0 0 1
0.2812 15.4266 -0.8000 0 0 1
0.3187 15.4266 -0.8000 0 0 1
0.3187 15.4641 -0.8000 0 0 1
0.2812 15.4641 -0.8000 0 0 1
8.8661 15.4266 -0.8000 0 0 1
9.0160 15.4266 -0.8000 0 0 1
9.0160 15.4641 -0.8000 0 0 1
8.8661 15.4641 -0.8000 0 0 1
11.2278 15.4266 -0.8000 0 0 1
11.3028 15.4266 -0.8000 0 0 1
11.3028 15.4641 -0.8000 0 0 1
11.2278 15.4641 -0.8000 0 0 1
-11.2278 15.3891 -0.8000 0 0 1
-11.1529 15.3891 -0.8000 0 0 1
-11.1529 15.4266 -0.8000 0 0 1
-11.2278 15.4266 -0.8000 0 0 1
-8.9785 15.3891 -0.8000 0 0 1
-8.7911 15.3891 -0.8000 0 0 1
-8.7911 15.4266 -0.8000 0 0 1
-8.9785 15.4266 -0.8000 0 0 1
-0.3561 15.3891 -0.8000 0 0 1
-0.2812 15.3891 -0.8000 0 0 1
-0.2812 15.4266 -0.8000 0 0 1
-0.3561 15.4266 -0.8000 0 0 1
-0.0937 15.3891 -0.8000 0 0 1
-0.0562 15.3891 -0.8000 0 0 1
-0.0562 15.4266 -0.8000 0 0 1
-0.0937 15.4266 -0.8000 0 0 1
0.0187 15.3891 -0.8000 0 0 1
0.0937 15.3891 -0.8000 0 0 1
0.0937 15.4266 -0.8000 0 0 1
0.0187 15.4266 -0.8000 0 0 1
0.2437 15.3891 -0.8000 0 0 1
0.3187 15.3891 -0.8000 0 0 1
0.3187 15.4266 -0.8000 0 0 1
0.2437 15.4266 -0.8000 0 0 1
8.8286 15.3891 -0.8000 0 0 1
9.0160 15.3891 -0.8000 0 0 1
9.0160 15.4266 -0.8000 0 0 1
8.8286 15.4266 -0.8000 0 0 1
11.1904 15.3891 -0.8000 0 0 1
11.2653 15.3891 -0.8000 0 0 1
11.2653 15.4266 -0.8000 0 0 1
11.1904 15.4266 -0.8000 0 0 1
-11.1904 15.3516 -0.8000 0 0 1
-11.1154 15.3516 -0.8000 0 0 1
-11.1154 15.3891 -0.8000 0 0 1
-11.1904 15.3891 -0.8000 0 0 1
-8.9410 15.3516 -0.8000 0 0 1
-8.7911 15.3516 -0.8000 0 0 1
-8.7911 15.3891 -0.8000 0 0 1
-8.9410 15.3891 -0.8000 0 0 1
-0.3187 15.3516 -0.8000 0 0 1
-0.2812 15.3516 -0.8000 0 0 1
-0.2812 15.3891 -0.8000 0 0 1
-0.3187 15.3891 -0.8000 0 0 1
-0.1312 15.3516 -0.8000 0 0 1
-0.0562 15.3516 -0.8000 0 0 1
-0.0562 15.3891 -0.8000 0 0 1
-0.1312 15.3891 -0.8000 0 0 1
0.0562 15.3516 -0.8000 0 0 1
0.0937 15.3516 -0.8000 0 0 1
0.0937 15.3891 -0.8000 0 0 1
0.0562 15.3891 -0.8000 0 0 1
0.2437 15.3516 -0.8000 0 0 1
0.3187 15.3516 -0.8000 0 0 1
0.3187 15.3891 -0.8000 0 0 1
0.2437 15.3891 -0.8000 0 0 1
8.8286 15.3516 -0.8000 0 0 1
8.9785 15.3516 -0.8000 0 0 1
8.9785 15.3891 -0.8000 0 0 1
8.8286 15.3891 -0.8000 0 0 1
11.1529 15.3516 -0.8000 0 0 1
11.2278 15.3516 -0.8000 0 0 1
11.2278 15.3891 -0.8000 0 0 1
11.1529 15.3891 -0.8000 0 0 1
-11.1529 15.3141 -0.8000 0 0 1
-11.1154 15.3141 -0.8000 0 0 1
-11.1154 15.3516 -0.8000 0 0 1
-11.1529 15.3516 -0.8000 0 0 1
-8.9410 15.3141 -0.8000 0 0 1
-8.7536 15.3141 -0.8000 0 0 1
-8.7536 15.3516 -0.8000 0 0 1
-8.9410 15.3516 -0.8000 0 0 1
-0.3187 15.3141 -0.8000 0 0 1
-0.2437 15.3141 -0.8000 0 0 1
-0.2437 15.3516 -0.8000 0 0 1
-0.3187 15.3516 -0.8000 0 0 1
-0.1312 15.3141 -0.8000 0 0 1
-0.0937 15.3141 -0.8000 0 0 1
-0.0937 15.3516 -0.8000 0 0 1
-0.1312 15.3516 -0.8000 0 0 1
0.0562 15.3141 -0.8000 0 0 1
0.1312 15.3141 -0.8000 0 0 1
0.1312 15.3516 -0.8000 0 0 1
0.0562 15.3516 -0.8000 0 0 1
0.2437 15.3141 -0.8000 0 0 1
0.2812 15.3141 -0.8000 0 0 1
0.2812 15.3516 -0.8000 0 0 1
0.2437 15.3516 -0.8000 0 0 1
8.7911 15.3141 -0.8000 0 0 1
8.9785 15.3141 -0.8000 0 0 1
8.9785 15.3516 -0.8000 0 0 1
8.7911 15.3516 -0.8000 0 0 1
11.1529 15.3141 -0.8000 0 0 1
11.1904 15.3141 -0.8000 0 0 1
11.1904 15.3516 -0.8000 0 0 1
11.1529 15.3516 -0.8000 0 0 1
-11.1529 15.2766 -0.8000 0 0 1
-11.0779 15.2766 -0.8000 0 0 1
-11.0779 15.3141 -0.8000 0 0 1
-11.1529 15.3141 -0.8000 0 0 1
-8.9035 15.2766 -0.8000 0 0 1
-8.7536 15.2766 -0.8000 0 0 1
-8.7536 15.3141 -0.8000 0 0 1
-8.9035 15.3141 -0.8000 0 0 1
-0.2812 15.2766 -0.8000 0 0 1
-0.1312 15.2766 -0.8000 0 0 1
-0.1312 15.3141 -0.8000 0 0 1
-0.2812 15.3141 -0.8000 0 0 1
0.0937 15.2766 -0.8000 0 0 1
0.2437 15.2766 -0.8000 0 0 1
0.2437 15.3141 -0.8000 0 0 1
0.0937 15.3141 -0.8000 0 0 1
8.7911 15.2766 -0.8000 0 0 1
8.9410 15.2766 -0.8000 0 0 1
8.9410 15.3141 -0.8000 0 0 1
8.7911 15.3141 -0.8000 0 0 1
11.1154 15.2766 -0.8000 0 0 1
11.1904 15.2766 -0.8000 0 0 1
11.1904 15.3141 -0.8000 0 0 1
11.1154 15.3141 -0.8000 0 0 1
-11.1154 15.2391 -0.8000 0 0 1
-11.0404 15.2391 -0.8000 0 0 1
-11.0404 15.2766 -0.8000 0 0 1
-11.1154 15.2766 -0.8000 0 0 1
-8.8661 15.2391 -0.8000 0 0 1
-8.7161 15.2391 -0.8000 0 0 1
-8.7161 15.2766 -0.8000 0 0 1
-8.8661 15.2766 -0.8000 0 0 1
8.7536 15.2391 -0.8000 0 0 1
8.9035 15.2391 -0.8000 0 0 1
8.9035 15.2766 -0.8000 0 0 1
8.7536 15.2766 -0.8000 0 0 1
11.0779 15.2391 -0.8000 0 0 1
11.1529 15.2391 -0.8000 0 0 1
11.1529 15.2766 -0.8000 0 0 1
11.0779 15.2766 -0.8000 0 0 1
-11.0779 15.2016 -0.8000 0 0 1
-11.0029 15.2016 -0.8000 0 0 1
-11.0029 15.2391 -0.8000 0 0 1
-11.0779 15.2391 -0.8000 0 0 1
-8.8661 15.2016 -0.8000 0 0 1
-8.7161 15.2016 -0.8000 0 0 1
-8.7161 15.2391 -0.8000 0 0 1
-8.8661 15.2391 -0.8000 0 0 1
8.7536 15.2016 -0.8000 0 0 1
8.9035 15.2016 -0.8000 0 0 1
8.9035 15.2391 -0.8000 0 0 1
8.7536 15.2391 -0.8000 0 0 1
11.0404 15.2016 -0.8000 0 0 1
11.1154 15.2016 -0.8000 0 0 1
11.1154 15.2391 -0.8000 0 0 1
11.0404 15.2391 -0.8000 0 0 1
-11.0779 15.1641 -0.8000 0 0 1
-11.0029 15.1641 -0.8000 0 0 1
-11.0029 15.2016 -0.8000 0 0 1
-11.0779 15.2016 -0.8000 0 0 1
-8.8286 15.1641 -0.8000 0 0 1
-8.6786 15.1641 -0.8000 0 0 1
-8.6786 15.2016 -0.8000 0 0 1
-8.8286 15.2016 -0.8000 0 0 1
8.7161 15.1641 -0.8000 0 0 1
8.8661 15.1641 -0.8000 0 0 1
8.8661 15.2016 -0.8000 0 0 1
8.7161 15.2016 -0.8000 0 0 1
11.0404 15.1641 -0.8000 0 0 1
11.1154 15.1641 -0.8000 0 0 1
11.1154 15.2016 -0.8000 0 0 1
11.0404 15.2016 -0.8000 0 0 1
-11.0404 15.1267 -0.8000 0 0 1
-10.9654 15.1267 -0.8000 0 0 1
-10.9654 15.1641 -0.8000 0 0 1
-11.0404 15.1641 -0.8000 0 0 1
-8.8286 15.1267 -0.8000 0 0 1
-8.6411 15.1267 -0.8000 0 0 1
-8.6411 15.1641 -0.8000 0 0 1
-8.8286 15.1641 -0.8000 0 0 1
8.6786 15.1267 -0.8000 0 0 1
8.8661 15.1267 -0.8000 0 0 1
8.8661 15.1641 -0.8000 0 0 1
8.6786 15.1641 -0.8000 0 0 1
11.0029 15.1267 -0.8000 0 0 1
11.0779 15.1267 -0.8000 0 0 1
11.0779 15.1641 -0.8000 0 0 1
11.0029 15.1641 -0.8000 0 0 1
-11.0029 15.0892 -0.8000 0 0 1
-10.9279 15.0892 -0.8000 0 0 1
-10.9279 15.1267 -0.8000 0 0 1
-11.0029 15.1267 -0.8000 0 0 1
-8.7911 15.0892 -0.8000 0 0 1
-8.6411 15.0892 -0.8000 0 0 1
-8.6411 15.1267 -0.8000 0 0 1
-8.7911 15.1267 -0.8000 0 0 1
8.6786 15.0892 -0.8000 0 0 1
8.8286 15.0892 -0.8000 0 0 1
8.8286 15.1267 -0.8000 0 0 1
8.6786 15.1267 -0.8000 0 0 1
10.9654 15.0892 -0.8000 0 0 1
11.0404 15.0892 -0.8000 0 0 1
11.0404 15.1267 -0.8000 0 0 1
10.9654 15.1267 -0.8000 0 0 1
-10.9654 15.0517 -0.8000 0 0 1
-10.8904 15.0517 -0.8000 0 0 1
-10.8904 15.0892 -0.8000 0 0 1
-10.9654 15.0892 -0.8000 0 0 1
-8.7536 15.0517 -0.8000 0 0 1
-8.6036 15.0517 -0.8000 0 0 1
-8.6036 15.0892 -0.8000 0 0 1
-8.7536 15.0892 -0.8000 0 0 1
8.6411 15.0517 -0.8000 0 0 1
8.7911 15.0517 -0.8000 0 0 1
8.7911 15.0892 -0.8000 0 0 1
8.6411 15.0892 -0.8000 0 0 1
10.9279 15.0517 -0.8000 0 0 1
11.0029 15.0517 -0.8000 0 0 1
11.0029 15.0892 -0.8000 0 0 1
10.9279 15.0892 -0.8000 0 0 1
-10.9654 15.0142 -0.8000 0 0 1
-10.8904 15.0142 -0.8000 0 0 1
-10.8904 15.0517 -0.8000 0 0 1
-10.9654 15.0517 -0.8000 0 0 1
-8.7536 15.0142 -0.8000 0 0 1
-8.6036 15.0142 -0.8000 0 0 1
-8.6036 15.0517 -0.8000 0 0 1
-8.7536 15.0517 -0.8000 0 0 1
8.6411 15.0142 -0.8000 0 0 1
8.7911 15.0142 -0.8000 0 0 1
8.7911 15.0517 -0.8000 0 0 1
8.6411 15.0517 -0.8000 0 0 1
10.9279 15.0142 -0.8000 0 0 1
11.0029 15.0142 -0.8000 0 0 1
11.0029 15.0517 -0.8000 0 0 1
10.9279 15.0517 -0.8000 0 0 1
-10.9279 14.9767 -0.8000 0 0 1
-10.8530 14.9767 -0.8000 0 0 1
-10.8530 15.0142 -0.8000 0 0 1
-10.9279 15.0142 -0.8000 0 0 1
-8.7161 14.9767 -0.8000 0 0 1
-8.5662 14.9767 -0.8000 0 0 1
-8.5662 15.0142 -0.8000 0 0 1
-8.7161 15.0142 -0.8000 0 0 1
8.6036 14.9767 -0.8000 0 0 1
8.7536 14.9767 -0.8000 0 0 1
8.7536 15.0142 -0.8000 0 0 1
8.6036 15.0142 -0.8000 0 0 1
10.8904 14.9767 -0.8000 0 0 1
10.9654 14.9767 -0.8000 0 0 1
10.9654 15.0142 -0.8000 0 0 1
10.8904 15.0142 -0.8000 0 0 1
-10.8904 14.9392 -0.8000 0 0 1
-10.8155 14.9392 -0.8000 0 0 1
-10.8155 14.9767 -0.8000 0 0 1
-10.8904 14.9767 -0.8000 0 0 1
-8.7161 14.9392 -0.8000 0 0 1
-8.5662 14.9392 -0.8000 0 0 1
-8.5662 14.9767 -0.8000 0 0 1
-8.7161 14.9767 -0.8000 0 0 1
8.6036 14.9392 -0.8000 0 0 1
8.7536 14.9392 -0.8000 0 0 1
8.7536 14.9767 -0.8000 0 0 1
8.6036 14.9767 -0.8000 0 0 1
10.8530 14.9392 -0.8000 0 0 1
10.9279 14.9392 -0.8000 0 0 1
10.9279 14.9767 -0.8000 0 0 1
10.8530 14.9767 -0.8000 0 0 1
-10.8530 14.9017 -0.8000 0 0 1
-10.8155 14.9017 -0.8000 0 0 1
-10.8155 14.9392 -0.8000 0 0 1
-10.8530 14.9392 -0.8000 0 0 1
-8.6786 14.9017 -0.8000 0 0 1
-8.5287 14.9017 -0.8000 0 0 1
-8.5287 14.9392 -0.8000 0 0 1
-8.6786 14.9392 -0.8000 0 0 1
8.5662 14.9017 -0.8000 0 0 1
8.7161 14.9017 -0.8000 0 0 1
8.7161 14.9392 -0.8000 0 0 1
8.5662 14.9392 -0.8000 0 0 1
10.8530 14.9017 -0.8000 0 0 1
10.8904 14.9017 -0.8000 0 0 1
10.8904 14.9392 -0.8000 0 0 1
10.8530 14.9392 -0.8000 0 0 1
-8.6786 14.8642 -0.8000 0 0 1
-8.4912 14.8642 -0.8000 0 0 1
-8.4912 14.9017 -0.8000 0 0 1
-8.6786 14.9017 -0.8000 0 0 1
8.5287 14.8642 -0.8000 0 0 1
8.7161 14.8642 -0.8000 0 0 1
8.7161 14.9017 -0.8000 0 0 1
8.5287 14.9017 -0.8000 0 0 1
-8.6411 14.8268 -0.8000 0 0 1
-8.4912 14.8268 -0.8000 0 0 1
-8.4912 14.8642 -0.8000 0 0 1
-8.6411 14.8642 -0.8000 0 0 1
8.5287 14.8268 -0.8000 0 0 1
8.6786 14.8268 -0.8000 0 0 1
8.6786 14.8642 -0.8000 0 0 1
8.5287 14.8642 -0.8000 0 0 1
-8.6036 14.7893 -0.8000 0 0 1
-8.5287 14.7893 -0.8000 0 0 1
-8.5287 14.8268 -0.8000 0 0 1
-8.6036 14.8268 -0.8000 0 0 1
8.5662 14.7893 -0.8000 0 0 1
8.6411 14.7893 -0.8000 0 0 1
8.6411 14.8268 -0.8000 0 0 1
8.5662 14.8268 -0.8000 0 0 1
-13.1023 14.4894 -0.8000 0 0 1
-13.0273 14.4894 -0.8000 0 0 1
-13.0273 14.5268 -0.8000 0 0 1
-13.1023 14.5268 -0.8000 0 0 1
13.0648 14.4894 -0.8000 0 0 1
13.1398 14.4894 -0.8000 0 0 1
13.1398 14.5268 -0.8000 0 0 1
13.0648 14.5268 -0.8000 0 0 1
-13.0648 14.4519 -0.8000 0 0 1
-12.9898 14.4519 -0.8000 0 0 1
-12.9898 14.4894 -0.8000 0 0 1
-13.0648 14.4894 -0.8000 0 0 1
-0.6561 14.4519 -0.8000 0 0 1
-0.5061 14.4519 -0.8000 0 0 1
-0.5061 14.4894 -0.8000 0 0 1
-0.6561 14.4894 -0.8000 0 0 1
13.0273 14.4519 -0.8000 0 0 1
13.1023 14.4519 -0.8000 0 0 1
13.1023 14.4894 -0.8000 0 0 1
13.0273 14.4894 -0.8000 0 0 1
-13.0273 14.4144 -0.8000 0 0 1
-12.9523 14.4144 -0.8000 0 0 1
-12.9523 14.4519 -0.8000 0 0 1
-13.0273 14.4519 -0.8000 0 0 1
-0.7310 14.4144 -0.8000 0 0 1
-0.5061 14.4144 -0.8000 0 0 1
-0.5061 14.4519 -0.8000 0 0 1
-0.7310 14.4519 -0.8000 0 0 1
0.3187 14.4144 -0.8000 0 0 1
0.7685 14.4144 -0.8000 0 0 1
0.7685 14.4519 -0.8000 0 0 1
0.3187 14.4519 -0.8000 0 0 1
12.9898 14.4144 -0.8000 0 0 1
13.0648 14.4144 -0.8000 0 0 1
13.0648 14.4519 -0.8000 0 0 1
12.9898 14.4519 -0.8000 0 0 1
-12.9898 14.3769 -0.8000 0 0 1
-12.9148 14.3769 -0.8000 0 0 1
-12.9148 14.4144 -0.8000 0 0 1
-12.9898 14.4144 -0.8000 0 0 1
-0.7685 14.3769 -0.8000 0 0 1
-0.5061 14.3769 -0.8000 0 0 1
-0.5061 14.4144 -0.8000 0 0 1
-0.7685 14.4144 -0.8000 0 0 1
0.2062 14.3769 -0.8000 0 0 1
0.8435 14.3769 -0.8000 0 0 1
0.8435 14.4144 -0.8000 0 0 1
0.2062 14.4144 -0.8000 0 0 1
12.9523 14.3769 -0.8000 0 0 1
13.0273 14.3769 -0.8000 0 0 1
13.0273 14.4144 -0.8000 0 0 1
12.9523 14.4144 -0.8000 0 0 1
-12.9523 14.3394 -0.8000 0 0 1
-12.8773 14.3394 -0.8000 0 0 1
-12.8773 14.3769 -0.8000 0 0 1
-12.9523 14.3769 -0.8000 0 0 1
-0.8435 14.3394 -0.8000 0 0 1
-0.5061 14.3394 -0.8000 0 0 1
-0.5061 14.3769 -0.8000 0 0 1
-0.8435 14.3769 -0.8000 0 0 1
0.1312 14.3394 -0.8000 0 0 1
0.3936 14.3394 -0.8000 0 0 1
0.3936 14.3769 -0.8000 0 0 1
0.1312 14.3769 -0.8000 0 0 1
0.6561 14.3394 -0.8000 0 0 1
0.8810 14.3394 -0.8000 0 0 1
0.8810 14.3769 -0.8000 0 0 1
0.6561 14.3769 -0.8000 0 0 1
12.9148 14.3394 -0.8000 0 0 1
12.9898 14.3394 -0.8000 0 0 1
12.9898 14.3769 -0.8000 0 0 1
12.9148 14.3769 -0.8000 0 0 1
-12.9148 14.3019 -0.8000 0 0 1
-12.8399 14.3019 -0.8000 0 0 1
-12.8399 14.3394 -0.8000 0 0 1
-12.9148 14.3394 -0.8000 0 0 1
-0.8810 14.3019 -0.8000 0 0 1
-0.5061 14.3019 -0.8000 0 0 1
-0.5061 14.3394 -0.8000 0 0 1
-0.8810 14.3394 -0.8000 0 0 1
0.1312 14.3019 -0.8000 0 0 1
0.3187 14.3019 -0.8000 0 0 1
0.3187 14.3394 -0.8000 0 0 1
0.1312 14.3394 -0.8000 0 0 1
0.6935 14.3019 -0.8000 0 0 1
0.9185 14.3019 -0.8000 0 0 1
0.9185 14.3394 -0.8000 0 0 1
0.6935 14.3394 -0.8000 0 0 1
12.8773 14.3019 -0.8000 0 0 1
12.9523 14.3019 -0.8000 0 0 1
12.9523 14.3394 -0.8000 0 0 1
12.8773 14.3394 -0.8000 0 0 1
-12.9148 14.2644 -0.8000 0 0 1
-12.8024 14.2644 -0.8000 0 0 1
-12.8024 14.3019 -0.8000 0 0 1
-12.9148 14.3019 -0.8000 0 0 1
-0.9560 14.2644 -0.8000 0 0 1
-0.7685 14.2644 -0.8000 0 0 1
-0.7685 14.3019 -0.8000 0 0 1
-0.9560 14.3019 -0.8000 0 0 1
-0.6935 14.2644 -0.8000 0 0 1
-0.5061 14.2644 -0.8000 0 0 1
-0.5061 14.3019 -0.8000 0 0 1
-0.6935 14.3019 -0.8000 0 0 1
0.1312 14.2644 -0.8000 0 0 1
0.2812 14.2644 -0.8000 0 0 1
0.2812 14.3019 -0.8000 0 0 1
0.1312 14.3019 -0.8000 0 0 1
0.7310 14.2644 -0.8000 0 0 1
0.9560 14.2644 -0.8000 0 0 1
0.9560 14.3019 -0.8000 0 0 1
0.7310 14.3019 -0.8000 0 0 1
12.8399 14.2644 -0.8000 0 0 1
12.9523 14.2644 -0.8000 0 0 1
12.9523 14.3019 -0.8000 0 0 1
12.8399 14.3019 -0.8000 0 0 1
-12.8773 14.2269 -0.8000 0 0 1
-12.8024 14.2269 -0.8000 0 0 1
-12.8024 14.2644 -0.8000 0 0 1
-12.8773 14.2644 -0.8000 0 0 1
-0.9934 14.2269 -0.8000 0 0 1
-0.8060 14.2269 -0.8000 0 0 1
-0.8060 14.2644 -0.8000 0 0 1
-0.9934 14.2644 -0.8000 0 0 1
-0.6935 14.2269 -0.8000 0 0 1
-0.5061 14.2269 -0.8000 0 0 1
-0.5061 14.2644 -0.8000 0 0 1
-0.6935 14.2644 -0.8000 0 0 1
0.1312 14.2269 -0.8000 0 0 1
0.2812 14.2269 -0.8000 0 0 1
0.2812 14.2644 -0.8000 0 0 1
0.1312 14.2644 -0.8000 0 0 1
0.7685 14.2269 -0.8000 0 0 1
0.9560 14.2269 -0.8000 0 0 1
0.9560 14.2644 -0.8000 0 0 1
0.7685 14.2644 -0.8000 0 0 1
12.8399 14.2269 -0.8000 0 0 1
12.9148 14.2269 -0.8000 0 0 1
12.9148 14.2644 -0.8000 0 0 1
12.8399 14.2644 -0.8000 0 0 1
-12.8399 14.1894 -0.8000 0 0 1
-12.7649 14.1894 -0.8000 0 0 1
-12.7649 14.2269 -0.8000 0 0 1
-12.8399 14.2269 -0.8000 0 0 1
-0.9934 14.1894 -0.8000 0 0 1
-0.8810 14.1894 -0.8000 0 0 1
-0.8810 14.2269 -0.8000 0 0 1
-0.9934 14.2269 -0.8000 0 0 1
-0.6935 14.1894 -0.8000 0 0 1
-0.5061 14.1894 -0.8000 0 0 1
-0.5061 14.2269 -0.8000 0 0 1
-0.6935 14.2269 -0.8000 0 0 1
0.1312 14.1894 -0.8000 0 0 1
0.2437 14.1894 -0.8000 0 0 1
0.2437 14.2269 -0.8000 0 0 1
0.1312 14.2269 -0.8000 0 0 1
0.8060 14.1894 -0.8000 0 0 1
0.9934 14.1894 -0.8000 0 0 1
0.9934 14.2269 -0.8000 0 0 1
0.8060 14.2269 -0.8000 0 0 1
12.8024 14.1894 -0.8000 0 0 1
12.8773 14.1894 -0.8000 0 0 1
12.8773 14.2269 -0.8000 0 0 1
12.8024 14.2269 -0.8000 0 0 1
-12.8024 14.1520 -0.8000 0 0 1
-12.7274 14.1520 -0.8000 0 0 1
-12.7274 14.1894 -0.8000 0 0 1
-12.8024 14.1894 -0.8000 0 0 1
-0.9934 14.1520 -0.8000 0 0 1
-0.9185 14.1520 -0.8000 0 0 1
-0.9185 14.1894 -0.8000 0 0 1
-0.9934 14.1894 -0.8000 0 0 1
-0.6935 14.1520 -0.8000 0 0 1
-0.5061 14.1520 -0.8000 0 0 1
-0.5061 14.1894 -0.8000 0 0 1
-0.6935 14.1894 -0.8000 0 0 1
0.1312 14.1520 -0.8000 0 0 1
0.2437 14.1520 -0.8000 0 0 1
0.2437 14.1894 -0.8000 0 0 1
0.1312 14.1894 -0.8000 0 0 1
0.8060 14.1520 -0.8000 0 0 1
0.9934 14.1520 -0.8000 0 0 1
0.9934 14.1894 -0.8000 0 0 1
0.8060 14.1894 -0.8000 0 0 1
12.7649 14.1520 -0.8000 0 0 1
12.8399 14.1520 -0.8000 0 0 1
12.8399 14.1894 -0.8000 0 0 1
12.7649 14.1894 -0.8000 0 0 1
-12.7649 14.1145 -0.8000 0 0 1
-12.6899 14.1145 -0.8000 0 0 1
-12.6899 14.1520 -0.8000 0 0 1
-12.7649 14.1520 -0.8000 0 0 1
-0.6935 14.1145 -0.8000 0 0 1
-0.5061 14.1145 -0.8000 0 0 1
-0.5061 14.1520 -0.8000 0 0 1
-0.6935 14.1520 -0.8000 0 0 1
0.1312 14.1145 -0.8000 0 0 1
0.2437 14.1145 -0.8000 0 0 1
0.2437 14.1520 -0.8000 0 0 1
0.1312 14.1520 -0.8000 0 0 1
0.8060 14.1145 -0.8000 0 0 1
0.9934 14.1145 -0.8000 0 0 1
0.9934 14.1520 -0.8000 0 0 1
0.8060 14.1520 -0.8000 0 0 1
12.7274 14.1145 -0.8000 0 0 1
12.8024 14.1145 -0.8000 0 0 1
12.8024 14.1520 -0.8000 0 0 1
12.7274 14.1520 -0.8000 0 0 1
-12.7274 14.0770 -0.8000 0 0 1
-12.6524 14.0770 -0.8000 0 0 1
-12.6524 14.1145 -0.8000 0 0 1
-12.7274 14.1145 -0.8000 0 0 1
-0.6935 14.0770 -0.8000 0 0 1
-0.5061 14.0770 -0.8000 0 0 1
-0.5061 14.1145 -0.8000 0 0 1
-0.6935 14.1145 -0.8000 0 0 1
0.8060 14.0770 -0.8000 0 0 1
0.9934 14.0770 -0.8000 0 0 1
0.9934 14.1145 -0.8000 0 0 1
0.8060 14.1145 -0.8000 0 0 1
12.6899 14.0770 -0.8000 0 0 1
12.7649 14.0770 -0.8000 0 0 1
12.7649 14.1145 -0.8000 0 0 1
12.6899 14.1145 -0.8000 0 0 1
-12.6899 14.0395 -0.8000 0 0 1
-12.6149 14.0395 -0.8000 0 0 1
-12.6149 14.0770 -0.8000 0 0 1
-12.6899 14.0770 -0.8000 0 0 1
-0.6935 14.0395 -0.8000 0 0 1
-0.5061 14.0395 -0.8000 0 0 1
-0.5061 14.0770 -0.8000 0 0 1
-0.6935 14.0770 -0.8000 0 0 1
0.8060 14.0395 -0.8000 0 0 1
0.9934 14.0395 -0.8000 0 0 1
0.9934 14.0770 -0.8000 0 0 1
0.8060 14.0770 -0.8000 0 0 1
12.6524 14.0395 -0.8000 0 0 1
12.7274 14.0395 -0.8000 0 0 1
12.7274 14.0770 -0.8000 0 0 1
12.6524 14.0770 -0.8000 0 0 1
-12.6524 14.0020 -0.8000 0 0 1
-12.5774 14.0020 -0.8000 0 0 1
-12.5774 14.0395 -0.8000 0 0 1
-12.6524 14.0395 -0.8000 0 0 1
-0.6935 14.0020 -0.8000 0 0 1
-0.5061 14.0020 -0.8000 0 0 1
-0.5061 14.0395 -0.8000 0 0 1
-0.6935 14.0395 -0.8000 0 0 1
0.8060 14.0020 -0.8000 0 0 1
0.9934 14.0020 -0.8000 0 0 1
0.9934 14.0395 -0.8000 0 0 1
0.8060 14.0395 -0.8000 0 0 1
12.6149 14.0020 -0.8000 0 0 1
12.6899 14.0020 -0.8000 0 0 1
12.6899 14.0395 -0.8000 0 0 1
12.6149 14.0395 -0.8000 0 0 1
-12.6149 13.9645 -0.8000 0 0 1
-12.5399 13.9645 -0.8000 0 0 1
-12.5399 14.0020 -0.8000 0 0 1
-12.6149 14.0020 -0.8000 0 0 1
-0.6935 13.9645 -0.8000 0 0 1
-0.5061 13.9645 -0.8000 0 0 1
-0.5061 14.0020 -0.8000 0 0 1
-0.6935 14.0020 -0.8000 0 0 1
0.8060 13.9645 -0.8000 0 0 1
0.9934 13.9645 -0.8000 0 0 1
0.9934 14.0020 -0.8000 0 0 1
0.8060 14.0020 -0.8000 0 0 1
12.5774 13.9645 -0.8000 0 0 1
12.6524 13.9645 -0.8000 0 0 1
12.6524 14.0020 -0.8000 0 0 1
12.5774 14.0020 -0.8000 0 0 1
-12.5774 13.9270 -0.8000 0 0 1
-12.5025 13.9270 -0.8000 0 0 1
-12.5025 13.9645 -0.8000 0 0 1
-12.5774 13.9645 -0.8000 0 0 1
-0.6935 13.9270 -0.8000 0 0 1
-0.5061 13.9270 -0.8000 0 0 1
-0.5061 13.9645 -0.8000 0 0 1
-0.6935 13.9645 -0.8000 0 0 1
0.8060 13.9270 -0.8000 0 0 1
0.9934 13.9270 -0.8000 0 0 1
0.9934 13.9645 -0.8000 0 0 1
0.8060 13.9645 -0.8000 0 0 1
12.5399 13.9270 -0.8000 0 0 1
12.6149 13.9270 -0.8000 0 0 1
12.6149 13.9645 -0.8000 0 0 1
12.5399 13.9645 -0.8000 0 0 1
-12.5774 13.8895 -0.8000 0 0 1
-12.4650 13.8895 -0.8000 0 0 1
-12.4650 13.9270 -0.8000 0 0 1
-12.5774 13.9270 -0.8000 0 0 1
-0.6935 13.8895 -0.8000 0 0 1
-0.5061 13.8895 -0.8000 0 0 1
-0.5061 13.9270 -0.8000 0 0 1
-0.6935 13.9270 -0.8000 0 0 1
0.7685 13.8895 -0.8000 0 0 1
0.9560 13.8895 -0.8000 0 0 1
0.9560 13.9270 -0.8000 0 0 1
0.7685 13.9270 -0.8000 0 0 1
12.5025 13.8895 -0.8000 0 0 1
12.6149 13.8895 -0.8000 0 0 1
12.6149 13.9270 -0.8000 0 0 1
12.5025 13.9270 -0.8000 0 0 1
-12.5399 13.8520 -0.8000 0 0 1
-12.4650 13.8520 -0.8000 0 0 1
-12.4650 13.8895 -0.8000 0 0 1
-12.5399 13.8895 -0.8000 0 0 1
-0.6935 13.8520 -0.8000 0 0 1
-0.5061 13.8520 -0.8000 0 0 1
-0.5061 13.8895 -0.8000 0 0 1
-0.6935 13.8895 -0.8000 0 0 1
0.7685 13.8520 -0.8000 0 0 1
0.9560 13.8520 -0.8000 0 0 1
0.9560 13.8895 -0.8000 0 0 1
0.7685 13.8895 -0.8000 0 0 1
12.5025 13.8520 -0.8000 0 0 1
12.5774 13.8520 -0.8000 0 0 1
12.5774 13.8895 -0.8000 0 0 1
12.5025 13.8895 -0.8000 0 0 1
-12.5025 13.8146 -0.8000 0 0 1
-12.4275 13.8146 -0.8000 0 0 1
-12.4275 13.8520 -0.8000 0 0 1
-12.5025 13.8520 -0.8000 0 0 1
-0.6935 13.8146 -0.8000 0 0 1
-0.5061 13.8146 -0.8000 0 0 1
-0.5061 13.8520 -0.8000 0 0 1
-0.6935 13.8520 -0.8000 0 0 1
0.7685 13.8146 -0.8000 0 0 1
0.9185 13.8146 -0.8000 0 0 1
0.9185 13.8520 -0.8000 0 0 1
0.7685 13.8520 -0.8000 0 0 1
12.4650 13.8146 -0.8000 0 0 1
12.5399 13.8146 -0.8000 0 0 1
12.5399 13.8520 -0.8000 0 0 1
12.4650 13.8520 -0.8000 0 0 1
-12.4650 13.7771 -0.8000 0 0 1
-12.3900 13.7771 -0.8000 0 0 1
-12.3900 13.8146 -0.8000 0 0 1
-12.4650 13.8146 -0.8000 0 0 1
-0.6935 13.7771 -0.8000 0 0 1
-0.5061 13.7771 -0.8000 0 0 1
-0.5061 13.8146 -0.8000 0 0 1
-0.6935 13.8146 -0.8000 0 0 1
0.7310 13.7771 -0.8000 0 0 1
0.9185 13.7771 -0.8000 0 0 1
0.9185 13.8146 -0.8000 0 0 1
0.7310 13.8146 -0.8000 0 0 1
12.4275 13.7771 -0.8000 0 0 1
12.5025 13.7771 -0.8000 0 0 1
12.5025 13.8146 -0.8000 0 0 1
12.4275 13.8146 -0.8000 0 0 1
-12.4275 13.7396 -0.8000 0 0 1
-12.3525 13.7396 -0.8000 0 0 1
-12.3525 13.7771 -0.8000 0 0 1
-12.4275 13.7771 -0.8000 0 0 1
-0.6935 13.7396 -0.8000 0 0 1
-0.5061 13.7396 -0.8000 0 0 1
-0.5061 13.7771 -0.8000 0 0 1
-0.6935 13.7771 -0.8000 0 0 1
0.7310 13.7396 -0.8000 0 0 1
0.8810 13.7396 -0.8000 0 0 1
0.8810 13.7771 -0.8000 0 0 1
0.7310 13.7771 -0.8000 0 0 1
7.6664 13.7396 -0.8000 0 0 1
7.7414 13.7396 -0.8000 0 0 1
7.7414 13.7771 -0.8000 0 0 1
7.6664 13.7771 -0.8000 0 0 1
12.3900 13.7396 -0.8000 0 0 1
12.4650 13.7396 -0.8000 0 0 1
12.4650 13.7771 -0.8000 0 0 1
12.3900 13.7771 -0.8000 0 0 1
-12.3900 13.7021 -0.8000 0 0 1
-12.3150 13.7021 -0.8000 0 0 1
-12.3150 13.7396 -0.8000 0 0 1
-12.3900 13.7396 -0.8000 0 0 1
-0.6935 13.7021 -0.8000 0 0 1
-0.5061 13.7021 -0.8000 0 0 1
-0.5061 13.7396 -0.8000 0 0 1
-0.6935 13.7396 -0.8000 0 0 1
0.6935 13.7021 -0.8000 0 0 1
0.8435 13.7021 -0.8000 0 0 1
0.8435 13.7396 -0.8000 0 0 1
0.6935 13.7396 -0.8000 0 0 1
7.5914 13.7021 -0.8000 0 0 1
7.6664 13.7021 -0.8000 0 0 1
7.6664 13.7396 -0.8000 0 0 1
7.5914 13.7396 -0.8000 0 0 1
7.7039 13.7021 -0.8000 0 0 1
7.7789 13.7021 -0.8000 0 0 1
7.7789 13.7396 -0.8000 0 0 1
7.7039 13.7396 -0.8000 0 0 1
12.3525 13.7021 -0.8000 0 0 1
12.4275 13.7021 -0.8000 0 0 1
12.4275 13.7396 -0.8000 0 0 1
12.3525 13.7396 -0.8000 0 0 1
-7.7039 13.6646 -0.8000 0 0 1
-7.6289 13.6646 -0.8000 0 0 1
-7.6289 13.7021 -0.8000 0 0 1
-7.7039 13.7021 -0.8000 0 0 1
-0.6935 13.6646 -0.8000 0 0 1
-0.5061 13.6646 -0.8000 0 0 1
-0.5061 13.7021 -0.8000 0 0 1
-0.6935 13.7021 -0.8000 0 0 1
0.6561 13.6646 -0.8000 0 0 1
0.8060 13.6646 -0.8000 0 0 1
0.8060 13.7021 -0.8000 0 0 1
0.6561 13.7021 -0.8000 0 0 1
7.5540 13.6646 -0.8000 0 0 1
7.6289 13.6646 -0.8000 0 0 1
7.6289 13.7021 -0.8000 0 0 1
7.5540 13.7021 -0.8000 0 0 1
7.7789 13.6646 -0.8000 0 0 1
7.8164 13.6646 -0.8000 0 0 1
7.8164 13.7021 -0.8000 0 0 1
7.7789 13.7021 -0.8000 0 0 1
-7.7789 13.6271 -0.8000 0 0 1
-7.7039 13.6271 -0.8000 0 0 1
-7.7039 13.6646 -0.8000 0 0 1
-7.7789 13.6646 -0.8000 0 0 1
-0.6935 13.6271 -0.8000 0 0 1
-0.5061 13.6271 -0.8000 0 0 1
-0.5061 13.6646 -0.8000 0 0 1
-0.6935 13.6646 -0.8000 0 0 1
0.6186 13.6271 -0.8000 0 0 1
0.8060 13.6271 -0.8000 0 0 1
0.8060 13.6646 -0.8000 0 0 1
0.6186 13.6646 -0.8000 0 0 1
7.5165 13.6271 -0.8000 0 0 1
7.5914 13.6271 -0.8000 0 0 1
7.5914 13.6646 -0.8000 0 0 1
7.5165 13.6646 -0.8000 0 0 1
7.7789 13.6271 -0.8000 0 0 1
7.8164 13.6271 -0.8000 0 0 1
7.8164 13.6646 -0.8000 0 0 1
7.7789 13.6646 -0.8000 0 0 1
-7.8164 13.5896 -0.8000 0 0 1
-7.7414 13.5896 -0.8000 0 0 1
-7.7414 13.6271 -0.8000 0 0 1
-7.8164 13.6271 -0.8000 0 0 1
-0.6935 13.5896 -0.8000 0 0 1
-0.5061 13.5896 -0.8000 0 0 1
-0.5061 13.6271 -0.8000 0 0 1
-0.6935 13.6271 -0.8000 0 0 1
0.5811 13.5896 -0.8000 0 0 1
0.7685 13.5896 -0.8000 0 0 1
0.7685 13.6271 -0.8000 0 0 1
0.5811 13.6271 -0.8000 0 0 1
7.4790 13.5896 -0.8000 0 0 1
7.5540 13.5896 -0.8000 0 0 1
7.5540 13.6271 -0.8000 0 0 1
7.4790 13.6271 -0.8000 0 0 1
7.7789 13.5896 -0.8000 0 0 1
7.8164 13.5896 -0.8000 0 0 1
7.8164 13.6271 -0.8000 0 0 1
7.7789 13.6271 -0.8000 0 0 1
-7.8164 13.5521 -0.8000 0 0 1
-7.7789 13.5521 -0.8000 0 0 1
-7.7789 13.5896 -0.8000 0 0 1
-7.8164 13.5896 -0.8000 0 0 1
-0.6935 13.5521 -0.8000 0 0 1
-0.5061 13.5521 -0.8000 0 0 1
-0.5061 13.5896 -0.8000 0 0 1
-0.6935 13.5896 -0.8000 0 0 1
0.5436 13.5521 -0.8000 0 0 1
0.7310 13.5521 -0.8000 0 0 1
0.7310 13.5896 -0.8000 0 0 1
0.5436 13.5896 -0.8000 0 0 1
7.4790 13.5521 -0.8000 0 0 1
7.5540 13.5521 -0.8000 0 0 1
7.5540 13.5896 -0.8000 0 0 1
7.4790 13.5896 -0.8000 0 0 1
7.7414 13.5521 -0.8000 0 0 1
7.8164 13.5521 -0.8000 0 0 1
7.8164 13.5896 -0.8000 0 0 1
7.7414 13.5896 -0.8000 0 0 1
7.9288 13.5521 -0.8000 0 0 1
8.0413 13.5521 -0.8000 0 0 1
8.0413 13.5896 -0.8000 0 0 1
7.9288 13.5896 -0.8000 0 0 1
-7.9663 13.5146 -0.8000 0 0 1
-7.9288 13.5146 -0.8000 0 0 1
-7.9288 13.5521 -0.8000 0 0 1
-7.9663 13.5521 -0.8000 0 0 1
-7.6664 13.5146 -0.8000 0 0 1
-7.4790 13.5146 -0.8000 0 0 1
-7.4790 13.5521 -0.8000 0 0 1
-7.6664 13.5521 -0.8000 0 0 1
-0.6935 13.5146 -0.8000 0 0 1
-0.5061 13.5146 -0.8000 0 0 1
-0.5061 13.5521 -0.8000 0 0 1
-0.6935 13.5521 -0.8000 0 0 1
0.5061 13.5146 -0.8000 0 0 1
0.6935 13.5146 -0.8000 0 0 1
0.6935 13.5521 -0.8000 0 0 1
0.5061 13.5521 -0.8000 0 0 1
7.4790 13.5146 -0.8000 0 0 1
7.5165 13.5146 -0.8000 0 0 1
7.5165 13.5521 -0.8000 0 0 1
7.4790 13.5521 -0.8000 0 0 1
7.7414 13.5146 -0.8000 0 0 1
7.8164 13.5146 -0.8000 0 0 1
7.8164 13.5521 -0.8000 0 0 1
7.7414 13.5521 -0.8000 0 0 1
8.0413 13.5146 -0.8000 0 0 1
8.1163 13.5146 -0.8000 0 0 1
8.1163 13.5521 -0.8000 0 0 1
8.0413 13.5521 -0.8000 0 0 1
-8.0413 13.4772 -0.8000 0 0 1
-7.9663 13.4772 -0.8000 0 0 1
-7.9663 13.5146 -0.8000 0 0 1
-8.0413 13.5146 -0.8000 0 0 1
-7.7789 13.4772 -0.8000 0 0 1
-7.6664 13.4772 -0.8000 0 0 1
-7.6664 13.5146 -0.8000 0 0 1
-7.7789 13.5146 -0.8000 0 0 1
-7.5165 13.4772 -0.8000 0 0 1
-7.4415 13.4772 -0.8000 0 0 1
-7.4415 13.5146 -0.8000 0 0 1
-7.5165 13.5146 -0.8000 0 0 1
-0.6935 13.4772 -0.8000 0 0 1
-0.5061 13.4772 -0.8000 0 0 1
-0.5061 13.5146 -0.8000 0 0 1
-0.6935 13.5146 -0.8000 0 0 1
0.4686 13.4772 -0.8000 0 0 1
0.6561 13.4772 -0.8000 0 0 1
0.6561 13.5146 -0.8000 0 0 1
0.4686 13.5146 -0.8000 0 0 1
7.4415 13.4772 -0.8000 0 0 1
7.5165 13.4772 -0.8000 0 0 1
7.5165 13.5146 -0.8000 0 0 1
7.4415 13.5146 -0.8000 0 0 1
7.7039 13.4772 -0.8000 0 0 1
7.7789 13.4772 -0.8000 0 0 1
7.7789 13.5146 -0.8000 0 0 1
7.7039 13.5146 -0.8000 0 0 1
7.8914 13.4772 -0.8000 0 0 1
7.9288 13.4772 -0.8000 0 0 1
7.9288 13.5146 -0.8000 0 0 1
7.8914 13.5146 -0.8000 0 0 1
8.1163 13.4772 -0.8000 0 0 1
8.1538 13.4772 -0.8000 0 0 1
8.1538 13.5146 -0.8000 0 0 1
8.1163 13.5146 -0.8000 0 0 1
-8.0788 13.4397 -0.8000 0 0 1
-8.0038 13.4397 -0.8000 0 0 1
-8.0038 13.4772 -0.8000 0 0 1
-8.0788 13.4772 -0.8000 0 0 1
-7.7414 13.4397 -0.8000 0 0 1
-7.7039 13.4397 -0.8000 0 0 1
-7.7039 13.4772 -0.8000 0 0 1
-7.7414 13.4772 -0.8000 0 0 1
-7.5165 13.4397 -0.8000 0 0 1
-7.4415 13.4397 -0.8000 0 0 1
-7.4415 13.4772 -0.8000 0 0 1
-7.5165 13.4772 -0.8000 0 0 1
-0.6935 13.4397 -0.8000 0 0 1
-0.5061 13.4397 -0.8000 0 0 1
-0.5061 13.4772 -0.8000 0 0 1
-0.6935 13.4772 -0.8000 0 0 1
0.4311 13.4397 -0.8000 0 0 1
0.6186 13.4397 -0.8000 0 0 1
0.6186 13.4772 -0.8000 0 0 1
0.4311 13.4772 -0.8000 0 0 1
7.4415 13.4397 -0.8000 0 0 1
7.5165 13.4397 -0.8000 0 0 1
7.5165 13.4772 -0.8000 0 0 1
7.4415 13.4772 -0.8000 0 0 1
7.7039 13.4397 -0.8000 0 0 1
7.7789 13.4397 -0.8000 0 0 1
7.7789 13.4772 -0.8000 0 0 1
7.7039 13.4772 -0.8000 0 0 1
7.8539 13.4397 -0.8000 0 0 1
7.9288 13.4397 -0.8000 0 0 1
7.9288 13.4772 -0.8000 0 0 1
7.8539 13.4772 -0.8000 0 0 1
-8.1163 13.4022 -0.8000 0 0 1
-8.0788 13.4022 -0.8000 0 0 1
-8.0788 13.4397 -0.8000 0 0 1
-8.1163 13.4397 -0.8000 0 0 1
-7.4790 13.4022 -0.8000 0 0 1
-7.4040 13.4022 -0.8000 0 0 1
-7.4040 13.4397 -0.8000 0 0 1
-7.4790 13.4397 -0.8000 0 0 1
-0.6935 13.4022 -0.8000 0 0 1
-0.5061 13.4022 -0.8000 0 0 1
-0.5061 13.4397 -0.8000 0 0 1
-0.6935 13.4397 -0.8000 0 0 1
0.3936 13.4022 -0.8000 0 0 1
0.5811 13.4022 -0.8000 0 0 1
0.5811 13.4397 -0.8000 0 0 1
0.3936 13.4397 -0.8000 0 0 1
7.4790 13.4022 -0.8000 0 0 1
7.5165 13.4022 -0.8000 0 0 1
7.5165 13.4397 -0.8000 0 0 1
7.4790 13.4397 -0.8000 0 0 1
7.6664 13.4022 -0.8000 0 0 1
7.7414 13.4022 -0.8000 0 0 1
7.7414 13.4397 -0.8000 0 0 1
7.6664 13.4397 -0.8000 0 0 1
7.8539 13.4022 -0.8000 0 0 1
7.8914 13.4022 -0.8000 0 0 1
7.8914 13.4397 -0.8000 0 0 1
7.8539 13.4397 -0.8000 0 0 1
7.9288 13.4022 -0.8000 0 0 1
8.0038 13.4022 -0.8000 0 0 1
8.0038 13.4397 -0.8000 0 0 1
7.9288 13.4397 -0.8000 0 0 1
-8.1163 13.3647 -0.8000 0 0 1
-8.0788 13.3647 -0.8000 0 0 1
-8.0788 13.4022 -0.8000 0 0 1
-8.1163 13.4022 -0.8000 0 0 1
-7.4790 13.3647 -0.8000 0 0 1
-7.4040 13.3647 -0.8000 0 0 1
-7.4040 13.4022 -0.8000 0 0 1
-7.4790 13.4022 -0.8000 0 0 1
-0.6935 13.3647 -0.8000 0 0 1
-0.5061 13.3647 -0.8000 0 0 1
-0.5061 13.4022 -0.8000 0 0 1
-0.6935 13.4022 -0.8000 0 0 1
0.3561 13.3647 -0.8000 0 0 1
0.5436 13.3647 -0.8000 0 0 1
0.5436 13.4022 -0.8000 0 0 1
0.3561 13.4022 -0.8000 0 0 1
7.4790 13.3647 -0.8000 0 0 1
7.5540 13.3647 -0.8000 0 0 1
7.5540 13.4022 -0.8000 0 0 1
7.4790 13.4022 -0.8000 0 0 1
7.6289 13.3647 -0.8000 0 0 1
7.7039 13.3647 -0.8000 0 0 1
7.7039 13.4022 -0.8000 0 0 1
7.6289 13.4022 -0.8000 0 0 1
8.0038 13.3647 -0.8000 0 0 1
8.0413 13.3647 -0.8000 0 0 1
8.0413 13.4022 -0.8000 0 0 1
8.0038 13.4022 -0.8000 0 0 1
-8.0788 13.3272 -0.8000 0 0 1
-8.0413 13.3272 -0.8000 0 0 1
-8.0413 13.3647 -0.8000 0 0 1
-8.0788 13.3647 -0.8000 0 0 1
-7.9663 13.3272 -0.8000 0 0 1
-7.7789 13.3272 -0.8000 0 0 1
-7.7789 13.3647 -0.8000 0 0 1
-7.9663 13.3647 -0.8000 0 0 1
-7.4790 13.3272 -0.8000 0 0 1
-7.4415 13.3272 -0.8000 0 0 1
-7.4415 13.3647 -0.8000 0 0 1
-7.4790 13.3647 -0.8000 0 0 1
-0.6935 13.3272 -0.8000 0 0 1
-0.5061 13.3272 -0.8000 0 0 1
-0.5061 13.3647 -0.8000 0 0 1
-0.6935 13.3647 -0.8000 0 0 1
0.3187 13.3272 -0.8000 0 0 1
0.5061 13.3272 -0.8000 0 0 1
0.5061 13.3647 -0.8000 0 0 1
0.3187 13.3647 -0.8000 0 0 1
0.9185 13.3272 -0.8000 0 0 1
1.0309 13.3272 -0.8000 0 0 1
1.0309 13.3647 -0.8000 0 0 1
0.9185 13.3647 -0.8000 0 0 1
7.5540 13.3272 -0.8000 0 0 1
7.6664 13.3272 -0.8000 0 0 1
7.6664 13.3647 -0.8000 0 0 1
7.5540 13.3647 -0.8000 0 0 1
8.0038 13.3272 -0.8000 0 0 1
8.0413 13.3272 -0.8000 0 0 1
8.0413 13.3647 -0.8000 0 0 1
8.0038 13.3647 -0.8000 0 0 1
-8.0788 13.2897 -0.8000 0 0 1
-7.9663 13.2897 -0.8000 0 0 1
-7.9663 13.3272 -0.8000 0 0 1
-8.0788 13.3272 -0.8000 0 0 1
-7.8164 13.2897 -0.8000 0 0 1
-7.7414 13.2897 -0.8000 0 0 1
-7.7414 13.3272 -0.8000 0 0 1
-7.8164 13.3272 -0.8000 0 0 1
-7.6664 13.2897 -0.8000 0 0 1
-7.6289 13.2897 -0.8000 0 0 1
-7.6289 13.3272 -0.8000 0 0 1
-7.6664 13.3272 -0.8000 0 0 1
-7.5165 13.2897 -0.8000 0 0 1
-7.4415 13.2897 -0.8000 0 0 1
-7.4415 13.3272 -0.8000 0 0 1
-7.5165 13.3272 -0.8000 0 0 1
-0.6935 13.2897 -0.8000 0 0 1
-0.5061 13.2897 -0.8000 0 0 1
-0.5061 13.3272 -0.8000 0 0 1
-0.6935 13.3272 -0.8000 0 0 1
0.2812 13.2897 -0.8000 0 0 1
0.4686 13.2897 -0.8000 0 0 1
0.4686 13.3272 -0.8000 0 0 1
0.2812 13.3272 -0.8000 0 0 1
0.9185 13.2897 -0.8000 0 0 1
1.0309 13.2897 -0.8000 0 0 1
1.0309 13.3272 -0.8000 0 0 1
0.9185 13.3272 -0.8000 0 0 1
7.7414 13.2897 -0.8000 0 0 1
7.7789 13.2897 -0.8000 0 0 1
7.7789 13.3272 -0.8000 0 0 1
7.7414 13.3272 -0.8000 0 0 1
8.0038 13.2897 -0.8000 0 0 1
8.0788 13.2897 -0.8000 0 0 1
8.0788 13.3272 -0.8000 0 0 1
8.0038 13.3272 -0.8000 0 0 1
-8.0413 13.2522 -0.8000 0 0 1
-8.0038 13.2522 -0.8000 0 0 1
-8.0038 13.2897 -0.8000 0 0 1
-8.0413 13.2897 -0.8000 0 0 1
-7.8164 13.2522 -0.8000 0 0 1
-7.7414 13.2522 -0.8000 0 0 1
-7.7414 13.2897 -0.8000 0 0 1
-7.8164 13.2897 -0.8000 0 0 1
-7.6664 13.2522 -0.8000 0 0 1
-7.5165 13.2522 -0.8000 0 0 1
-7.5165 13.2897 -0.8000 0 0 1
-7.6664 13.2897 -0.8000 0 0 1
-0.6935 13.2522 -0.8000 0 0 1
-0.5061 13.2522 -0.8000 0 0 1
-0.5061 13.2897 -0.8000 0 0 1
-0.6935 13.2897 -0.8000 0 0 1
0.2437 13.2522 -0.8000 0 0 1
0.4311 13.2522 -0.8000 0 0 1
0.4311 13.2897 -0.8000 0 0 1
0.2437 13.2897 -0.8000 0 0 1
0.9185 13.2522 -0.8000 0 0 1
1.0309 13.2522 -0.8000 0 0 1
1.0309 13.2897 -0.8000 0 0 1
0.9185 13.2897 -0.8000 0 0 1
7.7414 13.2522 -0.8000 0 0 1
7.7789 13.2522 -0.8000 0 0 1
7.7789 13.2897 -0.8000 0 0 1
7.7414 13.2897 -0.8000 0 0 1
8.0038 13.2522 -0.8000 0 0 1
8.0788 13.2522 -0.8000 0 0 1
8.0788 13.2897 -0.8000 0 0 1
8.0038 13.2897 -0.8000 0 0 1
-7.7789 13.2147 -0.8000 0 0 1
-7.7414 13.2147 -0.8000 0 0 1
-7.7414 13.2522 -0.8000 0 0 1
-7.7789 13.2522 -0.8000 0 0 1
-0.6935 13.2147 -0.8000 0 0 1
-0.5061 13.2147 -0.8000 0 0 1
-0.5061 13.2522 -0.8000 0 0 1
-0.6935 13.2522 -0.8000 0 0 1
0.2062 13.2147 -0.8000 0 0 1
0.3936 13.2147 -0.8000 0 0 1
0.3936 13.2522 -0.8000 0 0 1
0.2062 13.2522 -0.8000 0 0 1
0.9185 13.2147 -0.8000 0 0 1
1.0309 13.2147 -0.8000 0 0 1
1.0309 13.2522 -0.8000 0 0 1
0.9185 13.2522 -0.8000 0 0 1
7.7789 13.2147 -0.8000 0 0 1
7.8164 13.2147 -0.8000 0 0 1
7.8164 13.2522 -0.8000 0 0 1
7.7789 13.2522 -0.8000 0 0 1
7.9663 13.2147 -0.8000 0 0 1
8.0413 13.2147 -0.8000 0 0 1
8.0413 13.2522 -0.8000 0 0 1
7.9663 13.2522 -0.8000 0 0 1
-7.7789 13.1773 -0.8000 0 0 1
-7.7414 13.1773 -0.8000 0 0 1
-7.7414 13.2147 -0.8000 0 0 1
-7.7789 13.2147 -0.8000 0 0 1
-0.6935 13.1773 -0.8000 0 0 1
-0.5061 13.1773 -0.8000 0 0 1
-0.5061 13.2147 -0.8000 0 0 1
-0.6935 13.2147 -0.8000 0 0 1
0.1687 13.1773 -0.8000 0 0 1
0.3561 13.1773 -0.8000 0 0 1
0.3561 13.2147 -0.8000 0 0 1
0.1687 13.2147 -0.8000 0 0 1
0.9185 13.1773 -0.8000 0 0 1
1.0309 13.1773 -0.8000 0 0 1
1.0309 13.2147 -0.8000 0 0 1
0.9185 13.2147 -0.8000 0 0 1
7.8164 13.1773 -0.8000 0 0 1
7.8914 13.1773 -0.8000 0 0 1
7.8914 13.2147 -0.8000 0 0 1
7.8164 13.2147 -0.8000 0 0 1
7.9288 13.1773 -0.8000 0 0 1
8.0413 13.1773 -0.8000 0 0 1
8.0413 13.2147 -0.8000 0 0 1
7.9288 13.2147 -0.8000 0 0 1
-7.7789 13.1398 -0.8000 0 0 1
-7.7414 13.1398 -0.8000 0 0 1
-7.7414 13.1773 -0.8000 0 0 1
-7.7789 13.1773 -0.8000 0 0 1
-0.6935 13.1398 -0.8000 0 0 1
-0.5061 13.1398 -0.8000 0 0 1
-0.5061 13.1773 -0.8000 0 0 1
-0.6935 13.1773 -0.8000 0 0 1
0.1312 13.1398 -0.8000 0 0 1
1.0309 13.1398 -0.8000 0 0 1
1.0309 13.1773 -0.8000 0 0 1
0.1312 13.1773 -0.8000 0 0 1
7.8539 13.1398 -0.8000 0 0 1
7.9663 13.1398 -0.8000 0 0 1
7.9663 13.1773 -0.8000 0 0 1
7.8539 13.1773 -0.8000 0 0 1
-7.9663 13.1023 -0.8000 0 0 1
-7.9288 13.1023 -0.8000 0 0 1
-7.9288 13.1398 -0.8000 0 0 1
-7.9663 13.1398 -0.8000 0 0 1
-7.8539 13.1023 -0.8000 0 0 1
-7.7789 13.1023 -0.8000 0 0 1
-7.7789 13.1398 -0.8000 0 0 1
-7.8539 13.1398 -0.8000 0 0 1
-0.9185 13.1023 -0.8000 0 0 1
-0.2812 13.1023 -0.8000 0 0 1
-0.2812 13.1398 -0.8000 0 0 1
-0.9185 13.1398 -0.8000 0 0 1
0.1312 13.1023 -0.8000 0 0 1
1.0309 13.1023 -0.8000 0 0 1
1.0309 13.1398 -0.8000 0 0 1
0.1312 13.1398 -0.8000 0 0 1
-14.5268 13.0648 -0.8000 0 0 1
-14.4894 13.0648 -0.8000 0 0 1
-14.4894 13.1023 -0.8000 0 0 1
-14.5268 13.1023 -0.8000 0 0 1
-7.9663 13.0648 -0.8000 0 0 1
-7.8539 13.0648 -0.8000 0 0 1
-7.8539 13.1023 -0.8000 0 0 1
-7.9663 13.1023 -0.8000 0 0 1
-0.9560 13.0648 -0.8000 0 0 1
-0.2437 13.0648 -0.8000 0 0 1
-0.2437 13.1023 -0.8000 0 0 1
-0.9560 13.1023 -0.8000 0 0 1
0.1312 13.0648 -0.8000 0 0 1
1.0309 13.0648 -0.8000 0 0 1
1.0309 13.1023 -0.8000 0 0 1
0.1312 13.1023 -0.8000 0 0 1
14.5268 13.0648 -0.8000 0 0 1
14.5643 13.0648 -0.8000 0 0 1
14.5643 13.1023 -0.8000 0 0 1
14.5268 13.1023 -0.8000 0 0 1
-14.5268 13.0273 -0.8000 0 0 1
-14.4519 13.0273 -0.8000 0 0 1
-14.4519 13.0648 -0.8000 0 0 1
-14.5268 13.0648 -0.8000 0 0 1
-0.9560 13.0273 -0.8000 0 0 1
-0.2437 13.0273 -0.8000 0 0 1
-0.2437 13.0648 -0.8000 0 0 1
-0.9560 13.0648 -0.8000 0 0 1
0.1312 13.0273 -0.8000 0 0 1
1.0309 13.0273 -0.8000 0 0 1
1.0309 13.0648 -0.8000 0 0 1
0.1312 13.0648 -0.8000 0 0 1
14.4894 13.0273 -0.8000 0 0 1
14.5643 13.0273 -0.8000 0 0 1
14.5643 13.0648 -0.8000 0 0 1
14.4894 13.0648 -0.8000 0 0 1
-14.4894 12.9898 -0.8000 0 0 1
-14.4144 12.9898 -0.8000 0 0 1
-14.4144 13.0273 -0.8000 0 0 1
-14.4894 13.0273 -0.8000 0 0 1
14.4519 12.9898 -0.8000 0 0 1
14.5268 12.9898 -0.8000 0 0 1
14.5268 13.0273 -0.8000 0 0 1
14.4519 13.0273 -0.8000 0 0 1
-14.4519 12.9523 -0.8000 0 0 1
-14.3769 12.9523 -0.8000 0 0 1
-14.3769 12.9898 -0.8000 0 0 1
-14.4519 12.9898 -0.8000 0 0 1
14.4144 12.9523 -0.8000 0 0 1
14.4894 12.9523 -0.8000 0 0 1
14.4894 12.9898 -0.8000 0 0 1
14.4144 12.9898 -0.8000 0 0 1
-14.4144 12.9148 -0.8000 0 0 1
-14.3394 12.9148 -0.8000 0 0 1
-14.3394 12.9523 -0.8000 0 0 1
-14.4144 12.9523 -0.8000 0 0 1
14.3769 12.9148 -0.8000 0 0 1
14.4519 12.9148 -0.8000 0 0 1
14.4519 12.9523 -0.8000 0 0 1
14.3769 12.9523 -0.8000 0 0 1
-14.3769 12.8773 -0.8000 0 0 1
-14.2644 12.8773 -0.8000 0 0 1
-14.2644 12.9148 -0.8000 0 0 1
-14.3769 12.9148 -0.8000 0 0 1
14.3019 12.8773 -0.8000 0 0 1
14.4144 12.8773 -0.8000 0 0 1
14.4144 12.9148 -0.8000 0 0 1
14.3019 12.9148 -0.8000 0 0 1
-14.3394 12.8399 -0.8000 0 0 1
-14.2269 12.8399 -0.8000 0 0 1
-14.2269 12.8773 -0.8000 0 0 1
-14.3394 12.8773 -0.8000 0 0 1
14.2644 12.8399 -0.8000 0 0 1
14.3769 12.8399 -0.8000 0 0 1
14.3769 12.8773 -0.8000 0 0 1
14.2644 12.8773 -0.8000 0 0 1
-14.3019 12.8024 -0.8000 0 0 1
-14.1894 12.8024 -0.8000 0 0 1
-14.1894 12.8399 -0.8000 0 0 1
-14.3019 12.8399 -0.8000 0 0 1
14.2269 12.8024 -0.8000 0 0 1
14.3394 12.8024 -0.8000 0 0 1
14.3394 12.8399 -0.8000 0 0 1
14.2269 12.8399 -0.8000 0 0 1
-14.2269 12.7649 -0.8000 0 0 1
-14.1520 12.7649 -0.8000 0 0 1
-14.1520 12.8024 -0.8000 0 0 1
-14.2269 12.8024 -0.8000 0 0 1
14.1894 12.7649 -0.8000 0 0 1
14.2644 12.7649 -0.8000 0 0 1
14.2644 12.8024 -0.8000 0 0 1
14.1894 12.8024 -0.8000 0 0 1
-14.1894 12.7274 -0.8000 0 0 1
-14.1145 12.7274 -0.8000 0 0 1
-14.1145 12.7649 -0.8000 0 0 1
-14.1894 12.7649 -0.8000 0 0 1
14.1520 12.7274 -0.8000 0 0 1
14.2269 12.7274 -0.8000 0 0 1
14.2269 12.7649 -0.8000 0 0 1
14.1520 12.7649 -0.8000 0 0 1
-14.1520 12.6899 -0.8000 0 0 1
-14.0770 12.6899 -0.8000 0 0 1
-14.0770 12.7274 -0.8000 0 0 1
-14.1520 12.7274 -0.8000 0 0 1
14.1145 12.6899 -0.8000 0 0 1
14.1894 12.6899 -0.8000 0 0 1
14.1894 12.7274 -0.8000 0 0 1
14.1145 12.7274 -0.8000 0 0 1
-14.1145 12.6524 -0.8000 0 0 1
-14.0395 12.6524 -0.8000 0 0 1
-14.0395 12.6899 -0.8000 0 0 1
-14.1145 12.6899 -0.8000 0 0 1
14.0770 12.6524 -0.8000 0 0 1
14.1520 12.6524 -0.8000 0 0 1
14.1520 12.6899 -0.8000 0 0 1
14.0770 12.6899 -0.8000 0 0 1
-14.0770 12.6149 -0.8000 0 0 1
-14.0020 12.6149 -0.8000 0 0 1
-14.0020 12.6524 -0.8000 0 0 1
-14.0770 12.6524 -0.8000 0 0 1
14.0395 12.6149 -0.8000 0 0 1
14.1145 12.6149 -0.8000 0 0 1
14.1145 12.6524 -0.8000 0 0 1
14.0395 12.6524 -0.8000 0 0 1
-14.0395 12.5774 -0.8000 0 0 1
-13.9645 12.5774 -0.8000 0 0 1
-13.9645 12.6149 -0.8000 0 0 1
-14.0395 12.6149 -0.8000 0 0 1
14.0020 12.5774 -0.8000 0 0 1
14.0770 12.5774 -0.8000 0 0 1
14.0770 12.6149 -0.8000 0 0 1
14.0020 12.6149 -0.8000 0 0 1
-14.0020 12.5399 -0.8000 0 0 1
-13.8895 12.5399 -0.8000 0 0 1
-13.8895 12.5774 -0.8000 0 0 1
-14.0020 12.5774 -0.8000 0 0 1
13.9270 12.5399 -0.8000 0 0 1
14.0395 12.5399 -0.8000 0 0 1
14.0395 12.5774 -0.8000 0 0 1
13.9270 12.5774 -0.8000 0 0 1
-13.9645 12.5025 -0.8000 0 0 1
-13.8520 12.5025 -0.8000 0 0 1
-13.8520 12.5399 -0.8000 0 0 1
-13.9645 12.5399 -0.8000 0 0 1
13.8895 12.5025 -0.8000 0 0 1
14.0020 12.5025 -0.8000 0 0 1
14.0020 12.5399 -0.8000 0 0 1
13.8895 12.5399 -0.8000 0 0 1
-13.9270 12.4650 -0.8000 0 0 1
-13.8146 12.4650 -0.8000 0 0 1
-13.8146 12.5025 -0.8000 0 0 1
-13.9270 12.5025 -0.8000 0 0 1
13.8520 12.4650 -0.8000 0 0 1
13.9645 12.4650 -0.8000 0 0 1
13.9645 12.5025 -0.8000 0 0 1
13.8520 12.5025 -0.8000 0 0 1
-13.8520 12.4275 -0.8000 0 0 1
-13.7771 12.4275 -0.8000 0 0 1
-13.7771 12.4650 -0.8000 0 0 1
-13.8520 12.4650 -0.8000 0 0 1
13.8146 12.4275 -0.8000 0 0 1
13.8895 12.4275 -0.8000 0 0 1
13.8895 12.4650 -0.8000 0 0 1
13.8146 12.4650 -0.8000 0 0 1
-13.8146 12.3900 -0.8000 0 0 1
-13.7396 12.3900 -0.8000 0 0 1
-13.7396 12.4275 -0.8000 0 0 1
-13.8146 12.4275 -0.8000 0 0 1
13.7771 12.3900 -0.8000 0 0 1
13.8520 12.3900 -0.8000 0 0 1
13.8520 12.4275 -0.8000 0 0 1
13.7771 12.4275 -0.8000 0 0 1
-13.7771 12.3525 -0.8000 0 0 1
-13.7021 12.3525 -0.8000 0 0 1
-13.7021 12.3900 -0.8000 0 0 1
-13.7771 12.3900 -0.8000 0 0 1
13.7396 12.3525 -0.8000 0 0 1
13.8146 12.3525 -0.8000 0 0 1
13.8146 12.3900 -0.8000 0 0 1
13.7396 12.3900 -0.8000 0 0 1
-13.7396 12.3150 -0.8000 0 0 1
-13.7021 12.3150 -0.8000 0 0 1
-13.7021 12.3525 -0.8000 0 0 1
-13.7396 12.3525 -0.8000 0 0 1
13.7396 12.3150 -0.8000 0 0 1
13.7771 12.3150 -0.8000 0 0 1
13.7771 12.3525 -0.8000 0 0 1
13.7396 12.3525 -0.8000 0 0 1
-15.8389 11.4528 -0.8000 0 0 1
-15.7640 11.4528 -0.8000 0 0 1
-15.7640 11.4903 -0.8000 0 0 1
-15.8389 11.4903 -0.8000 0 0 1
15.8015 11.4528 -0.8000 0 0 1
15.8764 11.4528 -0.8000 0 0 1
15.8764 11.4903 -0.8000 0 0 1
15.8015 11.4903 -0.8000 0 0 1
-15.8015 11.4153 -0.8000 0 0 1
-15.6890 11.4153 -0.8000 0 0 1
-15.6890 11.4528 -0.8000 0 0 1
-15.8015 11.4528 -0.8000 0 0 1
15.7265 11.4153 -0.8000 0 0 1
15.8389 11.4153 -0.8000 0 0 1
15.8389 11.4528 -0.8000 0 0 1
15.7265 11.4528 -0.8000 0 0 1
-15.7265 11.3778 -0.8000 0 0 1
-15.6515 11.3778 -0.8000 0 0 1
-15.6515 11.4153 -0.8000 0 0 1
-15.7265 11.4153 -0.8000 0 0 1
15.6890 11.3778 -0.8000 0 0 1
15.7640 11.3778 -0.8000 0 0 1
15.7640 11.4153 -0.8000 0 0 1
15.6890 11.4153 -0.8000 0 0 1
-15.6890 11.3403 -0.8000 0 0 1
-15.5765 11.3403 -0.8000 0 0 1
-15.5765 11.3778 -0.8000 0 0 1
-15.6890 11.3778 -0.8000 0 0 1
15.6140 11.3403 -0.8000 0 0 1
15.7265 11.3403 -0.8000 0 0 1
15.7265 11.3778 -0.8000 0 0 1
15.6140 11.3778 -0.8000 0 0 1
-15.6515 11.3028 -0.8000 0 0 1
-15.5390 11.3028 -0.8000 0 0 1
-15.5390 11.3403 -0.8000 0 0 1
-15.6515 11.3403 -0.8000 0 0 1
15.5765 11.3028 -0.8000 0 0 1
15.6890 11.3028 -0.8000 0 0 1
15.6890 11.3403 -0.8000 0 0 1
15.5765 11.3403 -0.8000 0 0 1
-15.5765 11.2653 -0.8000 0 0 1
-15.5015 11.2653 -0.8000 0 0 1
-15.5015 11.3028 -0.8000 0 0 1
-15.5765 11.3028 -0.8000 0 0 1
15.5390 11.2653 -0.8000 0 0 1
15.6140 11.2653 -0.8000 0 0 1
15.6140 11.3028 -0.8000 0 0 1
15.5390 11.3028 -0.8000 0 0 1
-15.5390 11.2278 -0.8000 0 0 1
-15.4266 11.2278 -0.8000 0 0 1
-15.4266 11.2653 -0.8000 0 0 1
-15.5390 11.2653 -0.8000 0 0 1
15.4641 11.2278 -0.8000 0 0 1
15.5765 11.2278 -0.8000 0 0 1
15.5765 11.2653 -0.8000 0 0 1
15.4641 11.2653 -0.8000 0 0 1
-15.5015 11.1904 -0.8000 0 0 1
-15.3891 11.1904 -0.8000 0 0 1
-15.3891 11.2278 -0.8000 0 0 1
-15.5015 11.2278 -0.8000 0 0 1
15.4266 11.1904 -0.8000 0 0 1
15.5390 11.1904 -0.8000 0 0 1
15.5390 11.2278 -0.8000 0 0 1
15.4266 11.2278 -0.8000 0 0 1
-15.4266 11.1529 -0.8000 0 0 1
-15.3516 11.1529 -0.8000 0 0 1
-15.3516 11.1904 -0.8000 0 0 1
-15.4266 11.1904 -0.8000 0 0 1
15.3891 11.1529 -0.8000 0 0 1
15.4641 11.1529 -0.8000 0 0 1
15.4641 11.1904 -0.8000 0 0 1
15.3891 11.1904 -0.8000 0 0 1
-15.3891 11.1154 -0.8000 0 0 1
-15.2766 11.1154 -0.8000 0 0 1
-15.2766 11.1529 -0.8000 0 0 1
-15.3891 11.1529 -0.8000 0 0 1
15.3141 11.1154 -0.8000 0 0 1
15.4266 11.1154 -0.8000 0 0 1
15.4266 11.1529 -0.8000 0 0 1
15.3141 11.1529 -0.8000 0 0 1
-15.3141 11.0779 -0.8000 0 0 1
-15.2391 11.0779 -0.8000 0 0 1
-15.2391 11.1154 -0.8000 0 0 1
-15.3141 11.1154 -0.8000 0 0 1
15.2766 11.0779 -0.8000 0 0 1
15.3516 11.0779 -0.8000 0 0 1
15.3516 11.1154 -0.8000 0 0 1
15.2766 11.1154 -0.8000 0 0 1
-15.2766 11.0404 -0.8000 0 0 1
-15.1641 11.0404 -0.8000 0 0 1
-15.1641 11.0779 -0.8000 0 0 1
-15.2766 11.0779 -0.8000 0 0 1
15.2016 11.0404 -0.8000 0 0 1
15.3141 11.0404 -0.8000 0 0 1
15.3141 11.0779 -0.8000 0 0 1
15.2016 11.0779 -0.8000 0 0 1
-15.2391 11.0029 -0.8000 0 0 1
-15.1267 11.0029 -0.8000 0 0 1
-15.1267 11.0404 -0.8000 0 0 1
-15.2391 11.0404 -0.8000 0 0 1
15.1641 11.0029 -0.8000 0 0 1
15.2766 11.0029 -0.8000 0 0 1
15.2766 11.0404 -0.8000 0 0 1
15.1641 11.0404 -0.8000 0 0 1
-15.1641 10.9654 -0.8000 0 0 1
-15.0892 10.9654 -0.8000 0 0 1
-15.0892 11.0029 -0.8000 0 0 1
-15.1641 11.0029 -0.8000 0 0 1
15.1267 10.9654 -0.8000 0 0 1
15.2016 10.9654 -0.8000 0 0 1
15.2016 11.0029 -0.8000 0 0 1
15.1267 11.0029 -0.8000 0 0 1
-15.1267 10.9279 -0.8000 0 0 1
-15.0142 10.9279 -0.8000 0 0 1
-15.0142 10.9654 -0.8000 0 0 1
-15.1267 10.9654 -0.8000 0 0 1
15.0517 10.9279 -0.8000 0 0 1
15.1641 10.9279 -0.8000 0 0 1
15.1641 10.9654 -0.8000 0 0 1
15.0517 10.9654 -0.8000 0 0 1
-15.0892 10.8904 -0.8000 0 0 1
-14.9767 10.8904 -0.8000 0 0 1
-14.9767 10.9279 -0.8000 0 0 1
-15.0892 10.9279 -0.8000 0 0 1
15.0142 10.8904 -0.8000 0 0 1
15.1267 10.8904 -0.8000 0 0 1
15.1267 10.9279 -0.8000 0 0 1
15.0142 10.9279 -0.8000 0 0 1
-15.0142 10.8530 -0.8000 0 0 1
-14.9392 10.8530 -0.8000 0 0 1
-14.9392 10.8904 -0.8000 0 0 1
-15.0142 10.8904 -0.8000 0 0 1
14.9767 10.8530 -0.8000 0 0 1
15.0517 10.8530 -0.8000 0 0 1
15.0517 10.8904 -0.8000 0 0 1
14.9767 10.8904 -0.8000 0 0 1
-14.9767 10.8155 -0.8000 0 0 1
-14.9017 10.8155 -0.8000 0 0 1
-14.9017 10.8530 -0.8000 0 0 1
-14.9767 10.8530 -0.8000 0 0 1
14.9392 10.8155 -0.8000 0 0 1
15.0142 10.8155 -0.8000 0 0 1
15.0142 10.8530 -0.8000 0 0 1
14.9392 10.8530 -0.8000 0 0 1
-17.0011 9.8408 -0.8000 0 0 1
-16.9636 9.8408 -0.8000 0 0 1
-16.9636 9.8783 -0.8000 0 0 1
-17.0011 9.8783 -0.8000 0 0 1
17.0011 9.8408 -0.8000 0 0 1
17.0386 9.8408 -0.8000 0 0 1
17.0386 9.8783 -0.8000 0 0 1
17.0011 9.8783 -0.8000 0 0 1
-17.0386 9.8033 -0.8000 0 0 1
-16.8886 9.8033 -0.8000 0 0 1
-16.8886 9.8408 -0.8000 0 0 1
-17.0386 9.8408 -0.8000 0 0 1
16.9261 9.8033 -0.8000 0 0 1
17.0761 9.8033 -0.8000 0 0 1
17.0761 9.8408 -0.8000 0 0 1
16.9261 9.8408 -0.8000 0 0 1
-17.0761 9.7658 -0.8000 0 0 1
-16.8136 9.7658 -0.8000 0 0 1
-16.8136 9.8033 -0.8000 0 0 1
-17.0761 9.8033 -0.8000 0 0 1
16.8511 9.7658 -0.8000 0 0 1
17.1136 9.7658 -0.8000 0 0 1
17.1136 9.8033 -0.8000 0 0 1
16.8511 9.8033 -0.8000 0 0 1
-17.0386 9.7283 -0.8000 0 0 1
-16.7762 9.7283 -0.8000 0 0 1
-16.7762 9.7658 -0.8000 0 0 1
-17.0386 9.7658 -0.8000 0 0 1
16.8136 9.7283 -0.8000 0 0 1
17.0761 9.7283 -0.8000 0 0 1
17.0761 9.7658 -0.8000 0 0 1
16.8136 9.7658 -0.8000 0 0 1
-16.9636 9.6908 -0.8000 0 0 1
-16.7012 9.6908 -0.8000 0 0 1
-16.7012 9.7283 -0.8000 0 0 1
-16.9636 9.7283 -0.8000 0 0 1
16.7387 9.6908 -0.8000 0 0 1
17.0011 9.6908 -0.8000 0 0 1
17.0011 9.7283 -0.8000 0 0 1
16.7387 9.7283 -0.8000 0 0 1
-16.8886 9.6533 -0.8000 0 0 1
-16.6262 9.6533 -0.8000 0 0 1
-16.6262 9.6908 -0.8000 0 0 1
-16.8886 9.6908 -0.8000 0 0 1
16.6637 9.6533 -0.8000 0 0 1
16.9261 9.6533 -0.8000 0 0 1
16.9261 9.6908 -0.8000 0 0 1
16.6637 9.6908 -0.8000 0 0 1
-16.8511 9.6158 -0.8000 0 0 1
-16.5512 9.6158 -0.8000 0 0 1
-16.5512 9.6533 -0.8000 0 0 1
-16.8511 9.6533 -0.8000 0 0 1
16.5887 9.6158 -0.8000 0 0 1
16.8886 9.6158 -0.8000 0 0 1
16.8886 9.6533 -0.8000 0 0 1
16.5887 9.6533 -0.8000 0 0 1
-16.7762 9.5783 -0.8000 0 0 1
-16.5137 9.5783 -0.8000 0 0 1
-16.5137 9.6158 -0.8000 0 0 1
-16.7762 9.6158 -0.8000 0 0 1
16.5512 9.5783 -0.8000 0 0 1
16.8136 9.5783 -0.8000 0 0 1
16.8136 9.6158 -0.8000 0 0 1
16.5512 9.6158 -0.8000 0 0 1
-16.7012 9.5409 -0.8000 0 0 1
-16.4388 9.5409 -0.8000 0 0 1
-16.4388 9.5783 -0.8000 0 0 1
-16.7012 9.5783 -0.8000 0 0 1
16.4763 9.5409 -0.8000 0 0 1
16.7387 9.5409 -0.8000 0 0 1
16.7387 9.5783 -0.8000 0 0 1
16.4763 9.5783 -0.8000 0 0 1
-16.6262 9.5034 -0.8000 0 0 1
-16.3638 9.5034 -0.8000 0 0 1
-16.3638 9.5409 -0.8000 0 0 1
-16.6262 9.5409 -0.8000 0 0 1
16.4013 9.5034 -0.8000 0 0 1
16.6637 9.5034 -0.8000 0 0 1
16.6637 9.5409 -0.8000 0 0 1
16.4013 9.5409 -0.8000 0 0 1
-16.5887 9.4659 -0.8000 0 0 1
-16.2888 9.4659 -0.8000 0 0 1
-16.2888 9.5034 -0.8000 0 0 1
-16.5887 9.5034 -0.8000 0 0 1
16.3263 9.4659 -0.8000 0 0 1
16.6262 9.4659 -0.8000 0 0 1
16.6262 9.5034 -0.8000 0 0 1
16.3263 9.5034 -0.8000 0 0 1
-16.5137 9.4284 -0.8000 0 0 1
-16.2513 9.4284 -0.8000 0 0 1
-16.2513 9.4659 -0.8000 0 0 1
-16.5137 9.4659 -0.8000 0 0 1
16.2888 9.4284 -0.8000 0 0 1
16.5512 9.4284 -0.8000 0 0 1
16.5512 9.4659 -0.8000 0 0 1
16.2888 9.4659 -0.8000 0 0 1
-16.4388 9.3909 -0.8000 0 0 1
-16.1763 9.3909 -0.8000 0 0 1
-16.1763 9.4284 -0.8000 0 0 1
-16.4388 9.4284 -0.8000 0 0 1
16.2138 9.3909 -0.8000 0 0 1
16.4763 9.3909 -0.8000 0 0 1
16.4763 9.4284 -0.8000 0 0 1
16.2138 9.4284 -0.8000 0 0 1
-16.4013 9.3534 -0.8000 0 0 1
-16.1014 9.3534 -0.8000 0 0 1
-16.1014 9.3909 -0.8000 0 0 1
-16.4013 9.3909 -0.8000 0 0 1
16.1389 9.3534 -0.8000 0 0 1
16.4388 9.3534 -0.8000 0 0 1
16.4388 9.3909 -0.8000 0 0 1
16.1389 9.3909 -0.8000 0 0 1
-16.3263 9.3159 -0.8000 0 0 1
-16.0264 9.3159 -0.8000 0 0 1
-16.0264 9.3534 -0.8000 0 0 1
-16.3263 9.3534 -0.8000 0 0 1
16.0639 9.3159 -0.8000 0 0 1
16.3638 9.3159 -0.8000 0 0 1
16.3638 9.3534 -0.8000 0 0 1
16.0639 9.3534 -0.8000 0 0 1
-16.2513 9.2784 -0.8000 0 0 1
-15.9889 9.2784 -0.8000 0 0 1
-15.9889 9.3159 -0.8000 0 0 1
-16.2513 9.3159 -0.8000 0 0 1
16.0264 9.2784 -0.8000 0 0 1
16.2888 9.2784 -0.8000 0 0 1
16.2888 9.3159 -0.8000 0 0 1
16.0264 9.3159 -0.8000 0 0 1
-16.1763 9.2409 -0.8000 0 0 1
-15.9139 9.2409 -0.8000 0 0 1
-15.9139 9.2784 -0.8000 0 0 1
-16.1763 9.2784 -0.8000 0 0 1
15.9514 9.2409 -0.8000 0 0 1
16.2138 9.2409 -0.8000 0 0 1
16.2138 9.2784 -0.8000 0 0 1
15.9514 9.2784 -0.8000 0 0 1
-16.1389 9.2035 -0.8000 0 0 1
-15.8389 9.2035 -0.8000 0 0 1
-15.8389 9.2409 -0.8000 0 0 1
-16.1389 9.2409 -0.8000 0 0 1
15.8764 9.2035 -0.8000 0 0 1
16.1763 9.2035 -0.8000 0 0 1
16.1763 9.2409 -0.8000 0 0 1
15.8764 9.2409 -0.8000 0 0 1
-16.0639 9.1660 -0.8000 0 0 1
-15.8015 9.1660 -0.8000 0 0 1
-15.8015 9.2035 -0.8000 0 0 1
-16.0639 9.2035 -0.8000 0 0 1
15.8389 9.1660 -0.8000 0 0 1
16.1014 9.1660 -0.8000 0 0 1
16.1014 9.2035 -0.8000 0 0 1
15.8389 9.2035 -0.8000 0 0 1
-15.9889 9.1285 -0.8000 0 0 1
-15.7265 9.1285 -0.8000 0 0 1
-15.7265 9.1660 -0.8000 0 0 1
-15.9889 9.1660 -0.8000 0 0 1
15.7640 9.1285 -0.8000 0 0 1
16.0264 9.1285 -0.8000 0 0 1
16.0264 9.1660 -0.8000 0 0 1
15.7640 9.1660 -0.8000 0 0 1
-15.9139 9.0910 -0.8000 0 0 1
-15.6515 9.0910 -0.8000 0 0 1
-15.6515 9.1285 -0.8000 0 0 1
-15.9139 9.1285 -0.8000 0 0 1
15.6890 9.0910 -0.8000 0 0 1
15.9514 9.0910 -0.8000 0 0 1
15.9514 9.1285 -0.8000 0 0 1
15.6890 9.1285 -0.8000 0 0 1
-15.8764 9.0535 -0.8000 0 0 1
-15.5765 9.0535 -0.8000 0 0 1
-15.5765 9.0910 -0.8000 0 0 1
-15.8764 9.0910 -0.8000 0 0 1
15.6140 9.0535 -0.8000 0 0 1
15.9139 9.0535 -0.8000 0 0 1
15.9139 9.0910 -0.8000 0 0 1
15.6140 9.0910 -0.8000 0 0 1
-15.8015 9.0160 -0.8000 0 0 1
-15.5390 9.0160 -0.8000 0 0 1
-15.5390 9.0535 -0.8000 0 0 1
-15.8015 9.0535 -0.8000 0 0 1
0.5436 9.0160 -0.8000 0 0 1
0.6935 9.0160 -0.8000 0 0 1
0.6935 9.0535 -0.8000 0 0 1
0.5436 9.0535 -0.8000 0 0 1
15.5765 9.0160 -0.8000 0 0 1
15.8389 9.0160 -0.8000 0 0 1
15.8389 9.0535 -0.8000 0 0 1
15.5765 9.0535 -0.8000 0 0 1
-15.7265 8.9785 -0.8000 0 0 1
-15.4641 8.9785 -0.8000 0 0 1
-15.4641 9.0160 -0.8000 0 0 1
-15.7265 9.0160 -0.8000 0 0 1
-0.6561 8.9785 -0.8000 0 0 1
-0.4311 8.9785 -0.8000 0 0 1
-0.4311 9.0160 -0.8000 0 0 1
-0.6561 9.0160 -0.8000 0 0 1
0.5811 8.9785 -0.8000 0 0 1
0.6561 8.9785 -0.8000 0 0 1
0.6561 9.0160 -0.8000 0 0 1
0.5811 9.0160 -0.8000 0 0 1
1.3683 8.9785 -0.8000 0 0 1
1.4433 8.9785 -0.8000 0 0 1
1.4433 9.0160 -0.8000 0 0 1
1.3683 9.0160 -0.8000 0 0 1
15.5015 8.9785 -0.8000 0 0 1
15.7640 8.9785 -0.8000 0 0 1
15.7640 9.0160 -0.8000 0 0 1
15.5015 9.0160 -0.8000 0 0 1
-15.6515 8.9410 -0.8000 0 0 1
-15.3891 8.9410 -0.8000 0 0 1
-15.3891 8.9785 -0.8000 0 0 1
-15.6515 8.9785 -0.8000 0 0 1
-0.7310 8.9410 -0.8000 0 0 1
-0.6186 8.9410 -0.8000 0 0 1
-0.6186 8.9785 -0.8000 0 0 1
-0.7310 8.9785 -0.8000 0 0 1
-0.4686 8.9410 -0.8000 0 0 1
-0.3561 8.9410 -0.8000 0 0 1
-0.3561 8.9785 -0.8000 0 0 1
-0.4686 8.9785 -0.8000 0 0 1
0.5811 8.9410 -0.8000 0 0 1
0.6561 8.9410 -0.8000 0 0 1
0.6561 8.9785 -0.8000 0 0 1
0.5811 8.9785 -0.8000 0 0 1
1.3683 8.9410 -0.8000 0 0 1
1.4433 8.9410 -0.8000 0 0 1
1.4433 8.9785 -0.8000 0 0 1
1.3683 8.9785 -0.8000 0 0 1
15.4266 8.9410 -0.8000 0 0 1
15.6890 8.9410 -0.8000 0 0 1
15.6890 8.9785 -0.8000 0 0 1
15.4266 8.9785 -0.8000 0 0 1
-15.6140 8.9035 -0.8000 0 0 1
-15.3141 8.9035 -0.8000 0 0 1
-15.3141 8.9410 -0.8000 0 0 1
-15.6140 8.9410 -0.8000 0 0 1
-0.7685 8.9035 -0.8000 0 0 1
-0.6935 8.9035 -0.8000 0 0 1
-0.6935 8.9410 -0.8000 0 0 1
-0.7685 8.9410 -0.8000 0 0 1
-0.3936 8.9035 -0.8000 0 0 1
-0.3187 8.9035 -0.8000 0 0 1
-0.3187 8.9410 -0.8000 0 0 1
-0.3936 8.9410 -0.8000 0 0 1
0.5811 8.9035 -0.8000 0 0 1
0.6561 8.9035 -0.8000 0 0 1
0.6561 8.9410 -0.8000 0 0 1
0.5811 8.9410 -0.8000 0 0 1
1.3683 8.9035 -0.8000 0 0 1
1.4433 8.9035 -0.8000 0 0 1
1.4433 8.9410 -0.8000 0 0 1
1.3683 8.9410 -0.8000 0 0 1
15.3516 8.9035 -0.8000 0 0 1
15.6515 8.9035 -0.8000 0 0 1
15.6515 8.9410 -0.8000 0 0 1
15.3516 8.9410 -0.8000 0 0 1
-15.5390 8.8661 -0.8000 0 0 1
-15.2766 8.8661 -0.8000 0 0 1
-15.2766 8.9035 -0.8000 0 0 1
-15.5390 8.9035 -0.8000 0 0 1
-0.8060 8.8661 -0.8000 0 0 1
-0.7310 8.8661 -0.8000 0 0 1
-0.7310 8.9035 -0.8000 0 0 1
-0.8060 8.9035 -0.8000 0 0 1
-0.3936 8.8661 -0.8000 0 0 1
-0.2812 8.8661 -0.8000 0 0 1
-0.2812 8.9035 -0.8000 0 0 1
-0.3936 8.9035 -0.8000 0 0 1
0.5811 8.8661 -0.8000 0 0 1
0.6561 8.8661 -0.8000 0 0 1
0.6561 8.9035 -0.8000 0 0 1
0.5811 8.9035 -0.8000 0 0 1
15.3141 8.8661 -0.8000 0 0 1
15.5765 8.8661 -0.8000 0 0 1
15.5765 8.9035 -0.8000 0 0 1
15.3141 8.9035 -0.8000 0 0 1
-15.4641 8.8286 -0.8000 0 0 1
-15.2016 8.8286 -0.8000 0 0 1
-15.2016 8.8661 -0.8000 0 0 1
-15.4641 8.8661 -0.8000 0 0 1
-1.7057 8.8286 -0.8000 0 0 1
-1.5183 8.8286 -0.8000 0 0 1
-1.5183 8.8661 -0.8000 0 0 1
-1.7057 8.8661 -0.8000 0 0 1
-1.4433 8.8286 -0.8000 0 0 1
-1.2934 8.8286 -0.8000 0 0 1
-1.2934 8.8661 -0.8000 0 0 1
-1.4433 8.8661 -0.8000 0 0 1
-1.2184 8.8286 -0.8000 0 0 1
-1.0684 8.8286 -0.8000 0 0 1
-1.0684 8.8661 -0.8000 0 0 1
-1.2184 8.8661 -0.8000 0 0 1
-0.8435 8.8286 -0.8000 0 0 1
-0.7685 8.8286 -0.8000 0 0 1
-0.7685 8.8661 -0.8000 0 0 1
-0.8435 8.8661 -0.8000 0 0 1
-0.3936 8.8286 -0.8000 0 0 1
-0.2812 8.8286 -0.8000 0 0 1
-0.2812 8.8661 -0.8000 0 0 1
-0.3936 8.8661 -0.8000 0 0 1
-0.1687 8.8286 -0.8000 0 0 1
-0.0187 8.8286 -0.8000 0 0 1
-0.0187 8.8661 -0.8000 0 0 1
-0.1687 8.8661 -0.8000 0 0 1
0.0562 8.8286 -0.8000 0 0 1
0.2062 8.8286 -0.8000 0 0 1
0.2062 8.8661 -0.8000 0 0 1
0.0562 8.8661 -0.8000 0 0 1
0.3561 8.8286 -0.8000 0 0 1
0.5061 8.8286 -0.8000 0 0 1
0.5061 8.8661 -0.8000 0 0 1
0.3561 8.8661 -0.8000 0 0 1
0.5811 8.8286 -0.8000 0 0 1
0.6561 8.8286 -0.8000 0 0 1
0.6561 8.8661 -0.8000 0 0 1
0.5811 8.8661 -0.8000 0 0 1
0.9560 8.8286 -0.8000 0 0 1
1.1809 8.8286 -0.8000 0 0 1
1.1809 8.8661 -0.8000 0 0 1
0.9560 8.8661 -0.8000 0 0 1
1.2934 8.8286 -0.8000 0 0 1
1.4433 8.8286 -0.8000 0 0 1
1.4433 8.8661 -0.8000 0 0 1
1.2934 8.8661 -0.8000 0 0 1
1.5558 8.8286 -0.8000 0 0 1
1.7057 8.8286 -0.8000 0 0 1
1.7057 8.8661 -0.8000 0 0 1
1.5558 8.8661 -0.8000 0 0 1
1.7807 8.8286 -0.8000 0 0 1
1.9307 8.8286 -0.8000 0 0 1
1.9307 8.8661 -0.8000 0 0 1
1.7807 8.8661 -0.8000 0 0 1
15.2391 8.8286 -0.8000 0 0 1
15.5015 8.8286 -0.8000 0 0 1
15.5015 8.8661 -0.8000 0 0 1
15.2391 8.8661 -0.8000 0 0 1
-15.4266 8.7911 -0.8000 0 0 1
-15.1267 8.7911 -0.8000 0 0 1
-15.1267 8.8286 -0.8000 0 0 1
-15.4266 8.8286 -0.8000 0 0 1
-1.7807 8.7911 -0.8000 0 0 1
-1.7057 8.7911 -0.8000 0 0 1
-1.7057 8.8286 -0.8000 0 0 1
-1.7807 8.8286 -0.8000 0 0 1
-1.5933 8.7911 -0.8000 0 0 1
-1.5183 8.7911 -0.8000 0 0 1
-1.5183 8.8286 -0.8000 0 0 1
-1.5933 8.8286 -0.8000 0 0 1
-1.3683 8.7911 -0.8000 0 0 1
-1.2184 8.7911 -0.8000 0 0 1
-1.2184 8.8286 -0.8000 0 0 1
-1.3683 8.8286 -0.8000 0 0 1
-1.1059 8.7911 -0.8000 0 0 1
-1.0309 8.7911 -0.8000 0 0 1
-1.0309 8.8286 -0.8000 0 0 1
-1.1059 8.8286 -0.8000 0 0 1
-0.8435 8.7911 -0.8000 0 0 1
-0.7685 8.7911 -0.8000 0 0 1
-0.7685 8.8286 -0.8000 0 0 1
-0.8435 8.8286 -0.8000 0 0 1
-0.3561 8.7911 -0.8000 0 0 1
-0.2812 8.7911 -0.8000 0 0 1
-0.2812 8.8286 -0.8000 0 0 1
-0.3561 8.8286 -0.8000 0 0 1
-0.0937 8.7911 -0.8000 0 0 1
0.0187 8.7911 -0.8000 0 0 1
0.0187 8.8286 -0.8000 0 0 1
-0.0937 8.8286 -0.8000 0 0 1
0.1312 8.7911 -0.8000 0 0 1
0.2062 8.7911 -0.8000 0 0 1
0.2062 8.8286 -0.8000 0 0 1
0.1312 8.8286 -0.8000 0 0 1
0.2812 8.7911 -0.8000 0 0 1
0.3936 8.7911 -0.8000 0 0 1
0.3936 8.8286 -0.8000 0 0 1
0.2812 8.8286 -0.8000 0 0 1
0.5061 8.7911 -0.8000 0 0 1
0.6186 8.7911 -0.8000 0 0 1
0.6186 8.8286 -0.8000 0 0 1
0.5061 8.8286 -0.8000 0 0 1
0.8810 8.7911 -0.8000 0 0 1
0.9934 8.7911 -0.8000 0 0 1
0.9934 8.8286 -0.8000 0 0 1
0.8810 8.8286 -0.8000 0 0 1
1.0684 8.7911 -0.8000 0 0 1
1.1434 8.7911 -0.8000 0 0 1
1.1434 8.8286 -0.8000 0 0 1
1.0684 8.8286 -0.8000 0 0 1
1.3308 8.7911 -0.8000 0 0 1
1.4058 8.7911 -0.8000 0 0 1
1.4058 8.8286 -0.8000 0 0 1
1.3308 8.8286 -0.8000 0 0 1
1.6308 8.7911 -0.8000 0 0 1
1.7807 8.7911 -0.8000 0 0 1
1.7807 8.8286 -0.8000 0 0 1
1.6308 8.8286 -0.8000 0 0 1
1.8932 8.7911 -0.8000 0 0 1
1.9682 8.7911 -0.8000 0 0 1
1.9682 8.8286 -0.8000 0 0 1
1.8932 8.8286 -0.8000 0 0 1
15.1641 8.7911 -0.8000 0 0 1
15.4641 8.7911 -0.8000 0 0 1
15.4641 8.8286 -0.8000 0 0 1
15.1641 8.8286 -0.8000 0 0 1
-15.3516 8.7536 -0.8000 0 0 1
-15.0892 8.7536 -0.8000 0 0 1
-15.0892 8.7911 -0.8000 0 0 1
-15.3516 8.7911 -0.8000 0 0 1
-1.8557 8.7536 -0.8000 0 0 1
-1.7432 8.7536 -0.8000 0 0 1
-1.7432 8.7911 -0.8000 0 0 1
-1.8557 8.7911 -0.8000 0 0 1
-1.5933 8.7536 -0.8000 0 0 1
-1.5183 8.7536 -0.8000 0 0 1
-1.5183 8.7911 -0.8000 0 0 1
-1.5933 8.7911 -0.8000 0 0 1
-1.3683 8.7536 -0.8000 0 0 1
-1.2559 8.7536 -0.8000 0 0 1
-1.2559 8.7911 -0.8000 0 0 1
-1.3683 8.7911 -0.8000 0 0 1
-1.1059 8.7536 -0.8000 0 0 1
-1.0309 8.7536 -0.8000 0 0 1
-1.0309 8.7911 -0.8000 0 0 1
-1.1059 8.7911 -0.8000 0 0 1
-0.8810 8.7536 -0.8000 0 0 1
-0.7685 8.7536 -0.8000 0 0 1
-0.7685 8.7911 -0.8000 0 0 1
-0.8810 8.7911 -0.8000 0 0 1
-0.3561 8.7536 -0.8000 0 0 1
-0.2812 8.7536 -0.8000 0 0 1
-0.2812 8.7911 -0.8000 0 0 1
-0.3561 8.7911 -0.8000 0 0 1
-0.0937 8.7536 -0.8000 0 0 1
-0.0187 8.7536 -0.8000 0 0 1
-0.0187 8.7911 -0.8000 0 0 1
-0.0937 8.7911 -0.8000 0 0 1
0.1687 8.7536 -0.8000 0 0 1
0.2062 8.7536 -0.8000 0 0 1
0.2062 8.7911 -0.8000 0 0 1
0.1687 8.7911 -0.8000 0 0 1
0.2437 8.7536 -0.8000 0 0 1
0.3187 8.7536 -0.8000 0 0 1
0.3187 8.7911 -0.8000 0 0 1
0.2437 8.7911 -0.8000 0 0 1
0.5061 8.7536 -0.8000 0 0 1
0.6186 8.7536 -0.8000 0 0 1
0.6186 8.7911 -0.8000 0 0 1
0.5061 8.7911 -0.8000 0 0 1
0.8435 8.7536 -0.8000 0 0 1
0.9185 8.7536 -0.8000 0 0 1
0.9185 8.7911 -0.8000 0 0 1
0.8435 8.7911 -0.8000 0 0 1
1.0684 8.7536 -0.8000 0 0 1
1.1434 8.7536 -0.8000 0 0 1
1.1434 8.7911 -0.8000 0 0 1
1.0684 8.7911 -0.8000 0 0 1
1.3308 8.7536 -0.8000 0 0 1
1.4058 8.7536 -0.8000 0 0 1
1.4058 8.7911 -0.8000 0 0 1
1.3308 8.7911 -0.8000 0 0 1
1.6308 8.7536 -0.8000 0 0 1
1.7432 8.7536 -0.8000 0 0 1
1.7432 8.7911 -0.8000 0 0 1
1.6308 8.7911 -0.8000 0 0 1
1.8932 8.7536 -0.8000 0 0 1
1.9682 8.7536 -0.8000 0 0 1
1.9682 8.7911 -0.8000 0 0 1
1.8932 8.7911 -0.8000 0 0 1
15.1267 8.7536 -0.8000 0 0 1
15.3891 8.7536 -0.8000 0 0 1
15.3891 8.7911 -0.8000 0 0 1
15.1267 8.7911 -0.8000 0 0 1
-15.2766 8.7161 -0.8000 0 0 1
-15.0142 8.7161 -0.8000 0 0 1
-15.0142 8.7536 -0.8000 0 0 1
-15.2766 8.7536 -0.8000 0 0 1
-1.8557 8.7161 -0.8000 0 0 1
-1.7807 8.7161 -0.8000 0 0 1
-1.7807 8.7536 -0.8000 0 0 1
-1.8557 8.7536 -0.8000 0 0 1
-1.5933 8.7161 -0.8000 0 0 1
-1.5558 8.7161 -0.8000 0 0 1
-1.5558 8.7536 -0.8000 0 0 1
-1.5933 8.7536 -0.8000 0 0 1
-1.3683 8.7161 -0.8000 0 0 1
-1.2934 8.7161 -0.8000 0 0 1
-1.2934 8.7536 -0.8000 0 0 1
-1.3683 8.7536 -0.8000 0 0 1
-1.1059 8.7161 -0.8000 0 0 1
-1.0309 8.7161 -0.8000 0 0 1
-1.0309 8.7536 -0.8000 0 0 1
-1.1059 8.7536 -0.8000 0 0 1
-0.8810 8.7161 -0.8000 0 0 1
-0.8060 8.7161 -0.8000 0 0 1
-0.8060 8.7536 -0.8000 0 0 1
-0.8810 8.7536 -0.8000 0 0 1
-0.3936 8.7161 -0.8000 0 0 1
-0.2812 8.7161 -0.8000 0 0 1
-0.2812 8.7536 -0.8000 0 0 1
-0.3936 8.7536 -0.8000 0 0 1
-0.1312 8.7161 -0.8000 0 0 1
-0.0187 8.7161 -0.8000 0 0 1
-0.0187 8.7536 -0.8000 0 0 1
-0.1312 8.7536 -0.8000 0 0 1
0.2437 8.7161 -0.8000 0 0 1
0.3187 8.7161 -0.8000 0 0 1
0.3187 8.7536 -0.8000 0 0 1
0.2437 8.7536 -0.8000 0 0 1
0.5436 8.7161 -0.8000 0 0 1
0.6186 8.7161 -0.8000 0 0 1
0.6186 8.7536 -0.8000 0 0 1
0.5436 8.7536 -0.8000 0 0 1
0.8060 8.7161 -0.8000 0 0 1
0.8810 8.7161 -0.8000 0 0 1
0.8810 8.7536 -0.8000 0 0 1
0.8060 8.7536 -0.8000 0 0 1
1.0684 8.7161 -0.8000 0 0 1
1.1434 8.7161 -0.8000 0 0 1
1.1434 8.7536 -0.8000 0 0 1
1.0684 8.7536 -0.8000 0 0 1
1.3308 8.7161 -0.8000 0 0 1
1.4058 8.7161 -0.8000 0 0 1
1.4058 8.7536 -0.8000 0 0 1
1.3308 8.7536 -0.8000 0 0 1
1.6308 8.7161 -0.8000 0 0 1
1.7057 8.7161 -0.8000 0 0 1
1.7057 8.7536 -0.8000 0 0 1
1.6308 8.7536 -0.8000 0 0 1
1.8932 8.7161 -0.8000 0 0 1
1.9682 8.7161 -0.8000 0 0 1
1.9682 8.7536 -0.8000 0 0 1
1.8932 8.7536 -0.8000 0 0 1
15.0517 8.7161 -0.8000 0 0 1
15.3141 8.7161 -0.8000 0 0 1
15.3141 8.7536 -0.8000 0 0 1
15.0517 8.7536 -0.8000 0 0 1
-15.2016 8.6786 -0.8000 0 0 1
-14.9392 8.6786 -0.8000 0 0 1
-14.9392 8.7161 -0.8000 0 0 1
-15.2016 8.7161 -0.8000 0 0 1
-1.8932 8.6786 -0.8000 0 0 1
-1.8182 8.6786 -0.8000 0 0 1
-1.8182 8.7161 -0.8000 0 0 1
-1.8932 8.7161 -0.8000 0 0 1
-1.6308 8.6786 -0.8000 0 0 1
-1.5558 8.6786 -0.8000 0 0 1
-1.5558 8.7161 -0.8000 0 0 1
-1.6308 8.7161 -0.8000 0 0 1
-1.3683 8.6786 -0.8000 0 0 1
-1.2934 8.6786 -0.8000 0 0 1
-1.2934 8.7161 -0.8000 0 0 1
-1.3683 8.7161 -0.8000 0 0 1
-1.1059 8.6786 -0.8000 0 0 1
-1.0309 8.6786 -0.8000 0 0 1
-1.0309 8.7161 -0.8000 0 0 1
-1.1059 8.7161 -0.8000 0 0 1
-0.8810 8.6786 -0.8000 0 0 1
-0.8060 8.6786 -0.8000 0 0 1
-0.8060 8.7161 -0.8000 0 0 1
-0.8810 8.7161 -0.8000 0 0 1
-0.3936 8.6786 -0.8000 0 0 1
-0.2812 8.6786 -0.8000 0 0 1
-0.2812 8.7161 -0.8000 0 0 1
-0.3936 8.7161 -0.8000 0 0 1
-0.1312 8.6786 -0.8000 0 0 1
-0.0562 8.6786 -0.8000 0 0 1
-0.0562 8.7161 -0.8000 0 0 1
-0.1312 8.7161 -0.8000 0 0 1
0.2062 8.6786 -0.8000 0 0 1
0.2812 8.6786 -0.8000 0 0 1
0.2812 8.7161 -0.8000 0 0 1
0.2062 8.7161 -0.8000 0 0 1
0.5436 8.6786 -0.8000 0 0 1
0.6186 8.6786 -0.8000 0 0 1
0.6186 8.7161 -0.8000 0 0 1
0.5436 8.7161 -0.8000 0 0 1
0.8060 8.6786 -0.8000 0 0 1
0.8810 8.6786 -0.8000 0 0 1
0.8810 8.7161 -0.8000 0 0 1
0.8060 8.7161 -0.8000 0 0 1
1.0684 8.6786 -0.8000 0 0 1
1.1434 8.6786 -0.8000 0 0 1
1.1434 8.7161 -0.8000 0 0 1
1.0684 8.7161 -0.8000 0 0 1
1.3308 8.6786 -0.8000 0 0 1
1.4058 8.6786 -0.8000 0 0 1
1.4058 8.7161 -0.8000 0 0 1
1.3308 8.7161 -0.8000 0 0 1
1.6308 8.6786 -0.8000 0 0 1
1.7057 8.6786 -0.8000 0 0 1
1.7057 8.7161 -0.8000 0 0 1
1.6308 8.7161 -0.8000 0 0 1
1.8932 8.6786 -0.8000 0 0 1
1.9682 8.6786 -0.8000 0 0 1
1.9682 8.7161 -0.8000 0 0 1
1.8932 8.7161 -0.8000 0 0 1
14.9767 8.6786 -0.8000 0 0 1
15.2391 8.6786 -0.8000 0 0 1
15.2391 8.7161 -0.8000 0 0 1
14.9767 8.7161 -0.8000 0 0 1
-15.1641 8.6411 -0.8000 0 0 1
-14.8642 8.6411 -0.8000 0 0 1
-14.8642 8.6786 -0.8000 0 0 1
-15.1641 8.6786 -0.8000 0 0 1
-1.9307 8.6411 -0.8000 0 0 1
-1.8182 8.6411 -0.8000 0 0 1
-1.8182 8.6786 -0.8000 0 0 1
-1.9307 8.6786 -0.8000 0 0 1
-1.6308 8.6411 -0.8000 0 0 1
-1.5558 8.6411 -0.8000 0 0 1
-1.5558 8.6786 -0.8000 0 0 1
-1.6308 8.6786 -0.8000 0 0 1
-1.4058 8.6411 -0.8000 0 0 1
-1.2934 8.6411 -0.8000 0 0 1
-1.2934 8.6786 -0.8000 0 0 1
-1.4058 8.6786 -0.8000 0 0 1
-1.1059 8.6411 -0.8000 0 0 1
-1.0309 8.6411 -0.8000 0 0 1
-1.0309 8.6786 -0.8000 0 0 1
-1.1059 8.6786 -0.8000 0 0 1
-0.9185 8.6411 -0.8000 0 0 1
-0.8060 8.6411 -0.8000 0 0 1
-0.8060 8.6786 -0.8000 0 0 1
-0.9185 8.6786 -0.8000 0 0 1
-0.3936 8.6411 -0.8000 0 0 1
-0.3187 8.6411 -0.8000 0 0 1
-0.3187 8.6786 -0.8000 0 0 1
-0.3936 8.6786 -0.8000 0 0 1
-0.1312 8.6411 -0.8000 0 0 1
-0.0562 8.6411 -0.8000 0 0 1
-0.0562 8.6786 -0.8000 0 0 1
-0.1312 8.6786 -0.8000 0 0 1
0.2062 8.6411 -0.8000 0 0 1
0.2812 8.6411 -0.8000 0 0 1
0.2812 8.6786 -0.8000 0 0 1
0.2062 8.6786 -0.8000 0 0 1
0.5436 8.6411 -0.8000 0 0 1
0.6186 8.6411 -0.8000 0 0 1
0.6186 8.6786 -0.8000 0 0 1
0.5436 8.6786 -0.8000 0 0 1
0.7685 8.6411 -0.8000 0 0 1
0.8435 8.6411 -0.8000 0 0 1
0.8435 8.6786 -0.8000 0 0 1
0.7685 8.6786 -0.8000 0 0 1
1.0684 8.6411 -0.8000 0 0 1
1.1434 8.6411 -0.8000 0 0 1
1.1434 8.6786 -0.8000 0 0 1
1.0684 8.6786 -0.8000 0 0 1
1.3308 8.6411 -0.8000 0 0 1
1.4058 8.6411 -0.8000 0 0 1
1.4058 8.6786 -0.8000 0 0 1
1.3308 8.6786 -0.8000 0 0 1
1.5933 8.6411 -0.8000 0 0 1
1.7057 8.6411 -0.8000 0 0 1
1.7057 8.6786 -0.8000 0 0 1
1.5933 8.6786 -0.8000 0 0 1
1.8932 8.6411 -0.8000 0 0 1
1.9682 8.6411 -0.8000 0 0 1
1.9682 8.6786 -0.8000 0 0 1
1.8932 8.6786 -0.8000 0 0 1
14.9017 8.6411 -0.8000 0 0 1
15.2016 8.6411 -0.8000 0 0 1
15.2016 8.6786 -0.8000 0 0 1
14.9017 8.6786 -0.8000 0 0 1
-15.0892 8.6036 -0.8000 0 0 1
-14.8268 8.6036 -0.8000 0 0 1
-14.8268 8.6411 -0.8000 0 0 1
-15.0892 8.6411 -0.8000 0 0 1
-1.9307 8.6036 -0.8000 0 0 1
-1.8557 8.6036 -0.8000 0 0 1
-1.8557 8.6411 -0.8000 0 0 1
-1.9307 8.6411 -0.8000 0 0 1
-1.6308 8.6036 -0.8000 0 0 1
-1.5558 8.6036 -0.8000 0 0 1
-1.5558 8.6411 -0.8000 0 0 1
-1.6308 8.6411 -0.8000 0 0 1
-1.4058 8.6036 -0.8000 0 0 1
-1.3308 8.6036 -0.8000 0 0 1
-1.3308 8.6411 -0.8000 0 0 1
-1.4058 8.6411 -0.8000 0 0 1
-1.1059 8.6036 -0.8000 0 0 1
-1.0309 8.6036 -0.8000 0 0 1
-1.0309 8.6411 -0.8000 0 0 1
-1.1059 8.6411 -0.8000 0 0 1
-0.9185 8.6036 -0.8000 0 0 1
-0.8060 8.6036 -0.8000 0 0 1
-0.8060 8.6411 -0.8000 0 0 1
-0.9185 8.6411 -0.8000 0 0 1
-0.3936 8.6036 -0.8000 0 0 1
-0.3187 8.6036 -0.8000 0 0 1
-0.3187 8.6411 -0.8000 0 0 1
-0.3936 8.6411 -0.8000 0 0 1
-0.1312 8.6036 -0.8000 0 0 1
-0.0562 8.6036 -0.8000 0 0 1
-0.0562 8.6411 -0.8000 0 0 1
-0.1312 8.6411 -0.8000 0 0 1
0.2062 8.6036 -0.8000 0 0 1
0.2812 8.6036 -0.8000 0 0 1
0.2812 8.6411 -0.8000 0 0 1
0.2062 8.6411 -0.8000 0 0 1
0.5061 8.6036 -0.8000 0 0 1
0.5811 8.6036 -0.8000 0 0 1
0.5811 8.6411 -0.8000 0 0 1
0.5061 8.6411 -0.8000 0 0 1
0.7685 8.6036 -0.8000 0 0 1
0.8435 8.6036 -0.8000 0 0 1
0.8435 8.6411 -0.8000 0 0 1
0.7685 8.6411 -0.8000 0 0 1
1.0684 8.6036 -0.8000 0 0 1
1.1434 8.6036 -0.8000 0 0 1
1.1434 8.6411 -0.8000 0 0 1
1.0684 8.6411 -0.8000 0 0 1
1.2934 8.6036 -0.8000 0 0 1
1.4058 8.6036 -0.8000 0 0 1
1.4058 8.6411 -0.8000 0 0 1
1.2934 8.6411 -0.8000 0 0 1
1.5933 8.6036 -0.8000 0 0 1
1.6682 8.6036 -0.8000 0 0 1
1.6682 8.6411 -0.8000 0 0 1
1.5933 8.6411 -0.8000 0 0 1
1.8932 8.6036 -0.8000 0 0 1
1.9682 8.6036 -0.8000 0 0 1
1.9682 8.6411 -0.8000 0 0 1
1.8932 8.6411 -0.8000 0 0 1
14.8642 8.6036 -0.8000 0 0 1
15.1267 8.6036 -0.8000 0 0 1
15.1267 8.6411 -0.8000 0 0 1
14.8642 8.6411 -0.8000 0 0 1
-15.0142 8.5662 -0.8000 0 0 1
-14.7893 8.5662 -0.8000 0 0 1
-14.7893 8.6036 -0.8000 0 0 1
-15.0142 8.6036 -0.8000 0 0 1
-1.9307 8.5662 -0.8000 0 0 1
-1.8557 8.5662 -0.8000 0 0 1
-1.8557 8.6036 -0.8000 0 0 1
-1.9307 8.6036 -0.8000 0 0 1
-1.6308 8.5662 -0.8000 0 0 1
-1.5558 8.5662 -0.8000 0 0 1
-1.5558 8.6036 -0.8000 0 0 1
-1.6308 8.6036 -0.8000 0 0 1
-1.4058 8.5662 -0.8000 0 0 1
-1.3308 8.5662 -0.8000 0 0 1
-1.3308 8.6036 -0.8000 0 0 1
-1.4058 8.6036 -0.8000 0 0 1
-1.1059 8.5662 -0.8000 0 0 1
-1.0309 8.5662 -0.8000 0 0 1
-1.0309 8.6036 -0.8000 0 0 1
-1.1059 8.6036 -0.8000 0 0 1
-0.8810 8.5662 -0.8000 0 0 1
-0.8060 8.5662 -0.8000 0 0 1
-0.8060 8.6036 -0.8000 0 0 1
-0.8810 8.6036 -0.8000 0 0 1
-0.4311 8.5662 -0.8000 0 0 1
-0.3561 8.5662 -0.8000 0 0 1
-0.3561 8.6036 -0.8000 0 0 1
-0.4311 8.6036 -0.8000 0 0 1
-0.1312 8.5662 -0.8000 0 0 1
-0.0562 8.5662 -0.8000 0 0 1
-0.0562 8.6036 -0.8000 0 0 1
-0.1312 8.6036 -0.8000 0 0 1
0.1687 8.5662 -0.8000 0 0 1
0.2812 8.5662 -0.8000 0 0 1
0.2812 8.6036 -0.8000 0 0 1
0.1687 8.6036 -0.8000 0 0 1
0.5061 8.5662 -0.8000 0 0 1
0.5811 8.5662 -0.8000 0 0 1
0.5811 8.6036 -0.8000 0 0 1
0.5061 8.6036 -0.8000 0 0 1
0.7685 8.5662 -0.8000 0 0 1
0.8435 8.5662 -0.8000 0 0 1
0.8435 8.6036 -0.8000 0 0 1
0.7685 8.6036 -0.8000 0 0 1
1.0309 8.5662 -0.8000 0 0 1
1.1059 8.5662 -0.8000 0 0 1
1.1059 8.6036 -0.8000 0 0 1
1.0309 8.6036 -0.8000 0 0 1
1.2934 8.5662 -0.8000 0 0 1
1.3683 8.5662 -0.8000 0 0 1
1.3683 8.6036 -0.8000 0 0 1
1.2934 8.6036 -0.8000 0 0 1
1.5933 8.5662 -0.8000 0 0 1
1.6682 8.5662 -0.8000 0 0 1
1.6682 8.6036 -0.8000 0 0 1
1.5933 8.6036 -0.8000 0 0 1
1.8932 8.5662 -0.8000 0 0 1
1.9682 8.5662 -0.8000 0 0 1
1.9682 8.6036 -0.8000 0 0 1
1.8932 8.6036 -0.8000 0 0 1
14.8268 8.5662 -0.8000 0 0 1
15.0517 8.5662 -0.8000 0 0 1
15.0517 8.6036 -0.8000 0 0 1
14.8268 8.6036 -0.8000 0 0 1
-14.9392 8.5287 -0.8000 0 0 1
-14.7893 8.5287 -0.8000 0 0 1
-14.7893 8.5662 -0.8000 0 0 1
-14.9392 8.5662 -0.8000 0 0 1
-1.9307 8.5287 -0.8000 0 0 1
-1.8557 8.5287 -0.8000 0 0 1
-1.8557 8.5662 -0.8000 0 0 1
-1.9307 8.5662 -0.8000 0 0 1
-1.6682 8.5287 -0.8000 0 0 1
-1.5933 8.5287 -0.8000 0 0 1
-1.5933 8.5662 -0.8000 0 0 1
-1.6682 8.5662 -0.8000 0 0 1
-1.4058 8.5287 -0.8000 0 0 1
-1.3308 8.5287 -0.8000 0 0 1
-1.3308 8.5662 -0.8000 0 0 1
-1.4058 8.5662 -0.8000 0 0 1
-1.1434 8.5287 -0.8000 0 0 1
-1.0684 8.5287 -0.8000 0 0 1
-1.0684 8.5662 -0.8000 0 0 1
-1.1434 8.5662 -0.8000 0 0 1
-0.8810 8.5287 -0.8000 0 0 1
-0.8060 8.5287 -0.8000 0 0 1
-0.8060 8.5662 -0.8000 0 0 1
-0.8810 8.5662 -0.8000 0 0 1
-0.4686 8.5287 -0.8000 0 0 1
-0.3561 8.5287 -0.8000 0 0 1
-0.3561 8.5662 -0.8000 0 0 1
-0.4686 8.5662 -0.8000 0 0 1
-0.1687 8.5287 -0.8000 0 0 1
-0.0937 8.5287 -0.8000 0 0 1
-0.0937 8.5662 -0.8000 0 0 1
-0.1687 8.5662 -0.8000 0 0 1
0.2062 8.5287 -0.8000 0 0 1
0.2812 8.5287 -0.8000 0 0 1
0.2812 8.5662 -0.8000 0 0 1
0.2062 8.5662 -0.8000 0 0 1
0.5061 8.5287 -0.8000 0 0 1
0.5811 8.5287 -0.8000 0 0 1
0.5811 8.5662 -0.8000 0 0 1
0.5061 8.5662 -0.8000 0 0 1
0.7310 8.5287 -0.8000 0 0 1
0.8435 8.5287 -0.8000 0 0 1
0.8435 8.5662 -0.8000 0 0 1
0.7310 8.5662 -0.8000 0 0 1
1.0309 8.5287 -0.8000 0 0 1
1.1059 8.5287 -0.8000 0 0 1
1.1059 8.5662 -0.8000 0 0 1
1.0309 8.5662 -0.8000 0 0 1
1.2934 8.5287 -0.8000 0 0 1
1.3683 8.5287 -0.8000 0 0 1
1.3683 8.5662 -0.8000 0 0 1
1.2934 8.5662 -0.8000 0 0 1
1.5933 8.5287 -0.8000 0 0 1
1.6682 8.5287 -0.8000 0 0 1
1.6682 8.5662 -0.8000 0 0 1
1.5933 8.5662 -0.8000 0 0 1
1.8557 8.5287 -0.8000 0 0 1
1.9307 8.5287 -0.8000 0 0 1
1.9307 8.5662 -0.8000 0 0 1
1.8557 8.5662 -0.8000 0 0 1
14.8268 8.5287 -0.8000 0 0 1
14.9767 8.5287 -0.8000 0 0 1
14.9767 8.5662 -0.8000 0 0 1
14.8268 8.5662 -0.8000 0 0 1
-14.9017 8.4912 -0.8000 0 0 1
-14.8268 8.4912 -0.8000 0 0 1
-14.8268 8.5287 -0.8000 0 0 1
-14.9017 8.5287 -0.8000 0 0 1
-1.9307 8.4912 -0.8000 0 0 1
-1.8557 8.4912 -0.8000 0 0 1
-1.8557 8.5287 -0.8000 0 0 1
-1.9307 8.5287 -0.8000 0 0 1
-1.6682 8.4912 -0.8000 0 0 1
-1.5933 8.4912 -0.8000 0 0 1
-1.5933 8.5287 -0.8000 0 0 1
-1.6682 8.5287 -0.8000 0 0 1
-1.4058 8.4912 -0.8000 0 0 1
-1.3308 8.4912 -0.8000 0 0 1
-1.3308 8.5287 -0.8000 0 0 1
-1.4058 8.5287 -0.8000 0 0 1
-1.1434 8.4912 -0.8000 0 0 1
-1.0684 8.4912 -0.8000 0 0 1
-1.0684 8.5287 -0.8000 0 0 1
-1.1434 8.5287 -0.8000 0 0 1
-0.8435 8.4912 -0.8000 0 0 1
-0.7685 8.4912 -0.8000 0 0 1
-0.7685 8.5287 -0.8000 0 0 1
-0.8435 8.5287 -0.8000 0 0 1
-0.5061 8.4912 -0.8000 0 0 1
-0.3936 8.4912 -0.8000 0 0 1
-0.3936 8.5287 -0.8000 0 0 1
-0.5061 8.5287 -0.8000 0 0 1
-0.1687 8.4912 -0.8000 0 0 1
-0.0937 8.4912 -0.8000 0 0 1
-0.0937 8.5287 -0.8000 0 0 1
-0.1687 8.5287 -0.8000 0 0 1
0.2062 8.4912 -0.8000 0 0 1
0.2812 8.4912 -0.8000 0 0 1
0.2812 8.5287 -0.8000 0 0 1
0.2062 8.5287 -0.8000 0 0 1
0.4686 8.4912 -0.8000 0 0 1
0.5811 8.4912 -0.8000 0 0 1
0.5811 8.5287 -0.8000 0 0 1
0.4686 8.5287 -0.8000 0 0 1
0.7685 8.4912 -0.8000 0 0 1
0.8435 8.4912 -0.8000 0 0 1
0.8435 8.5287 -0.8000 0 0 1
0.7685 8.5287 -0.8000 0 0 1
0.9934 8.4912 -0.8000 0 0 1
1.1059 8.4912 -0.8000 0 0 1
1.1059 8.5287 -0.8000 0 0 1
0.9934 8.5287 -0.8000 0 0 1
1.2934 8.4912 -0.8000 0 0 1
1.3683 8.4912 -0.8000 0 0 1
1.3683 8.5287 -0.8000 0 0 1
1.2934 8.5287 -0.8000 0 0 1
1.5933 8.4912 -0.8000 0 0 1
1.6682 8.4912 -0.8000 0 0 1
1.6682 8.5287 -0.8000 0 0 1
1.5933 8.5287 -0.8000 0 0 1
1.8557 8.4912 -0.8000 0 0 1
1.9307 8.4912 -0.8000 0 0 1
1.9307 8.5287 -0.8000 0 0 1
1.8557 8.5287 -0.8000 0 0 1
14.8642 8.4912 -0.8000 0 0 1
14.9392 8.4912 -0.8000 0 0 1
14.9392 8.5287 -0.8000 0 0 1
14.8642 8.5287 -0.8000 0 0 1
-1.9307 8.4537 -0.8000 0 0 1
-1.8182 8.4537 -0.8000 0 0 1
-1.8182 8.4912 -0.8000 0 0 1
-1.9307 8.4912 -0.8000 0 0 1
-1.7057 8.4537 -0.8000 0 0 1
-1.5933 8.4537 -0.8000 0 0 1
-1.5933 8.4912 -0.8000 0 0 1
-1.7057 8.4912 -0.8000 0 0 1
-1.4058 8.4537 -0.8000 0 0 1
-1.3308 8.4537 -0.8000 0 0 1
-1.3308 8.4912 -0.8000 0 0 1
-1.4058 8.4912 -0.8000 0 0 1
-1.1434 8.4537 -0.8000 0 0 1
-1.0684 8.4537 -0.8000 0 0 1
-1.0684 8.4912 -0.8000 0 0 1
-1.1434 8.4912 -0.8000 0 0 1
-0.8435 8.4537 -0.8000 0 0 1
-0.7310 8.4537 -0.8000 0 0 1
-0.7310 8.4912 -0.8000 0 0 1
-0.8435 8.4912 -0.8000 0 0 1
-0.5436 8.4537 -0.8000 0 0 1
-0.4686 8.4537 -0.8000 0 0 1
-0.4686 8.4912 -0.8000 0 0 1
-0.5436 8.4912 -0.8000 0 0 1
-0.1687 8.4537 -0.8000 0 0 1
-0.0937 8.4537 -0.8000 0 0 1
-0.0937 8.4912 -0.8000 0 0 1
-0.1687 8.4912 -0.8000 0 0 1
0.2062 8.4537 -0.8000 0 0 1
0.3187 8.4537 -0.8000 0 0 1
0.3187 8.4912 -0.8000 0 0 1
0.2062 8.4912 -0.8000 0 0 1
0.4311 8.4537 -0.8000 0 0 1
0.5811 8.4537 -0.8000 0 0 1
0.5811 8.4912 -0.8000 0 0 1
0.4311 8.4912 -0.8000 0 0 1
0.7685 8.4537 -0.8000 0 0 1
0.8435 8.4537 -0.8000 0 0 1
0.8435 8.4912 -0.8000 0 0 1
0.7685 8.4912 -0.8000 0 0 1
0.9560 8.4537 -0.8000 0 0 1
1.1059 8.4537 -0.8000 0 0 1
1.1059 8.4912 -0.8000 0 0 1
0.9560 8.4912 -0.8000 0 0 1
1.2934 8.4537 -0.8000 0 0 1
1.3683 8.4537 -0.8000 0 0 1
1.3683 8.4912 -0.8000 0 0 1
1.2934 8.4912 -0.8000 0 0 1
1.5933 8.4537 -0.8000 0 0 1
1.6682 8.4537 -0.8000 0 0 1
1.6682 8.4912 -0.8000 0 0 1
1.5933 8.4912 -0.8000 0 0 1
1.8557 8.4537 -0.8000 0 0 1
1.9307 8.4537 -0.8000 0 0 1
1.9307 8.4912 -0.8000 0 0 1
1.8557 8.4912 -0.8000 0 0 1
-1.8932 8.4162 -0.8000 0 0 1
-1.7057 8.4162 -0.8000 0 0 1
-1.7057 8.4537 -0.8000 0 0 1
-1.8932 8.4537 -0.8000 0 0 1
-1.6682 8.4162 -0.8000 0 0 1
-1.5183 8.4162 -0.8000 0 0 1
-1.5183 8.4537 -0.8000 0 0 1
-1.6682 8.4537 -0.8000 0 0 1
-1.4433 8.4162 -0.8000 0 0 1
-1.3683 8.4162 -0.8000 0 0 1
-1.3683 8.4537 -0.8000 0 0 1
-1.4433 8.4537 -0.8000 0 0 1
-1.1434 8.4162 -0.8000 0 0 1
-0.9934 8.4162 -0.8000 0 0 1
-0.9934 8.4537 -0.8000 0 0 1
-1.1434 8.4537 -0.8000 0 0 1
-0.7685 8.4162 -0.8000 0 0 1
-0.5436 8.4162 -0.8000 0 0 1
-0.5436 8.4537 -0.8000 0 0 1
-0.7685 8.4537 -0.8000 0 0 1
-0.1687 8.4162 -0.8000 0 0 1
-0.0937 8.4162 -0.8000 0 0 1
-0.0937 8.4537 -0.8000 0 0 1
-0.1687 8.4537 -0.8000 0 0 1
0.2437 8.4162 -0.8000 0 0 1
0.4311 8.4162 -0.8000 0 0 1
0.4311 8.4537 -0.8000 0 0 1
0.2437 8.4537 -0.8000 0 0 1
0.4686 8.4162 -0.8000 0 0 1
0.5436 8.4162 -0.8000 0 0 1
0.5436 8.4537 -0.8000 0 0 1
0.4686 8.4537 -0.8000 0 0 1
0.8060 8.4162 -0.8000 0 0 1
0.9560 8.4162 -0.8000 0 0 1
0.9560 8.4537 -0.8000 0 0 1
0.8060 8.4537 -0.8000 0 0 1
1.0309 8.4162 -0.8000 0 0 1
1.1434 8.4162 -0.8000 0 0 1
1.1434 8.4537 -0.8000 0 0 1
1.0309 8.4537 -0.8000 0 0 1
1.2934 8.4162 -0.8000 0 0 1
1.4433 8.4162 -0.8000 0 0 1
1.4433 8.4537 -0.8000 0 0 1
1.2934 8.4537 -0.8000 0 0 1
1.5558 8.4162 -0.8000 0 0 1
1.6308 8.4162 -0.8000 0 0 1
1.6308 8.4537 -0.8000 0 0 1
1.5558 8.4537 -0.8000 0 0 1
1.8557 8.4162 -0.8000 0 0 1
2.0056 8.4162 -0.8000 0 0 1
2.0056 8.4537 -0.8000 0 0 1
1.8557 8.4537 -0.8000 0 0 1
13.5146 8.1163 -0.8000 0 0 1
13.5521 8.1163 -0.8000 0 0 1
13.5521 8.1538 -0.8000 0 0 1
13.5146 8.1538 -0.8000 0 0 1
13.5521 8.0788 -0.8000 0 0 1
13.6271 8.0788 -0.8000 0 0 1
13.6271 8.1163 -0.8000 0 0 1
13.5521 8.1163 -0.8000 0 0 1
13.5521 8.0413 -0.8000 0 0 1
13.6646 8.0413 -0.8000 0 0 1
13.6646 8.0788 -0.8000 0 0 1
13.5521 8.0788 -0.8000 0 0 1
-13.4397 8.0038 -0.8000 0 0 1
-13.4022 8.0038 -0.8000 0 0 1
-13.4022 8.0413 -0.8000 0 0 1
-13.4397 8.0413 -0.8000 0 0 1
13.4772 8.0038 -0.8000 0 0 1
13.5896 8.0038 -0.8000 0 0 1
13.5896 8.0413 -0.8000 0 0 1
13.4772 8.0413 -0.8000 0 0 1
-13.5146 7.9663 -0.8000 0 0 1
-13.2522 7.9663 -0.8000 0 0 1
-13.2522 8.0038 -0.8000 0 0 1
-13.5146 8.0038 -0.8000 0 0 1
13.4397 7.9663 -0.8000 0 0 1
13.5521 7.9663 -0.8000 0 0 1
13.5521 8.0038 -0.8000 0 0 1
13.4397 8.0038 -0.8000 0 0 1
-17.8633 7.9288 -0.8000 0 0 1
-17.7884 7.9288 -0.8000 0 0 1
-17.7884 7.9663 -0.8000 0 0 1
-17.8633 7.9663 -0.8000 0 0 1
-13.5146 7.9288 -0.8000 0 0 1
-13.4772 7.9288 -0.8000 0 0 1
-13.4772 7.9663 -0.8000 0 0 1
-13.5146 7.9663 -0.8000 0 0 1
-13.3272 7.9288 -0.8000 0 0 1
-13.2147 7.9288 -0.8000 0 0 1
-13.2147 7.9663 -0.8000 0 0 1
-13.3272 7.9663 -0.8000 0 0 1
13.3647 7.9288 -0.8000 0 0 1
13.4772 7.9288 -0.8000 0 0 1
13.4772 7.9663 -0.8000 0 0 1
13.3647 7.9663 -0.8000 0 0 1
17.8258 7.9288 -0.8000 0 0 1
17.9008 7.9288 -0.8000 0 0 1
17.9008 7.9663 -0.8000 0 0 1
17.8258 7.9663 -0.8000 0 0 1
-17.8633 7.8914 -0.8000 0 0 1
-17.7134 7.8914 -0.8000 0 0 1
-17.7134 7.9288 -0.8000 0 0 1
-17.8633 7.9288 -0.8000 0 0 1
-13.5521 7.8914 -0.8000 0 0 1
-13.5146 7.8914 -0.8000 0 0 1
-13.5146 7.9288 -0.8000 0 0 1
-13.5521 7.9288 -0.8000 0 0 1
-13.2522 7.8914 -0.8000 0 0 1
-13.1773 7.8914 -0.8000 0 0 1
-13.1773 7.9288 -0.8000 0 0 1
-13.2522 7.9288 -0.8000 0 0 1
13.2147 7.8914 -0.8000 0 0 1
13.2522 7.8914 -0.8000 0 0 1
13.2522 7.9288 -0.8000 0 0 1
13.2147 7.9288 -0.8000 0 0 1
13.2897 7.8914 -0.8000 0 0 1
13.4022 7.8914 -0.8000 0 0 1
13.4022 7.9288 -0.8000 0 0 1
13.2897 7.9288 -0.8000 0 0 1
17.7509 7.8914 -0.8000 0 0 1
17.9008 7.8914 -0.8000 0 0 1
17.9008 7.9288 -0.8000 0 0 1
17.7509 7.9288 -0.8000 0 0 1
-17.7884 7.8539 -0.8000 0 0 1
-17.6384 7.8539 -0.8000 0 0 1
-17.6384 7.8914 -0.8000 0 0 1
-17.7884 7.8914 -0.8000 0 0 1
-13.5521 7.8539 -0.8000 0 0 1
-13.5146 7.8539 -0.8000 0 0 1
-13.5146 7.8914 -0.8000 0 0 1
-13.5521 7.8914 -0.8000 0 0 1
-13.2147 7.8539 -0.8000 0 0 1
-13.1398 7.8539 -0.8000 0 0 1
-13.1398 7.8914 -0.8000 0 0 1
-13.2147 7.8914 -0.8000 0 0 1
13.2147 7.8539 -0.8000 0 0 1
13.3647 7.8539 -0.8000 0 0 1
13.3647 7.8914 -0.8000 0 0 1
13.2147 7.8914 -0.8000 0 0 1
17.6759 7.8539 -0.8000 0 0 1
17.8258 7.8539 -0.8000 0 0 1
17.8258 7.8914 -0.8000 0 0 1
17.6759 7.8914 -0.8000 0 0 1
-17.6759 7.8164 -0.8000 0 0 1
-17.5634 7.8164 -0.8000 0 0 1
-17.5634 7.8539 -0.8000 0 0 1
-17.6759 7.8539 -0.8000 0 0 1
-13.5521 7.8164 -0.8000 0 0 1
-13.4772 7.8164 -0.8000 0 0 1
-13.4772 7.8539 -0.8000 0 0 1
-13.5521 7.8539 -0.8000 0 0 1
-13.1773 7.8164 -0.8000 0 0 1
-13.1023 7.8164 -0.8000 0 0 1
-13.1023 7.8539 -0.8000 0 0 1
-13.1773 7.8539 -0.8000 0 0 1
13.2522 7.8164 -0.8000 0 0 1
13.2897 7.8164 -0.8000 0 0 1
13.2897 7.8539 -0.8000 0 0 1
13.2522 7.8539 -0.8000 0 0 1
17.6009 7.8164 -0.8000 0 0 1
17.7134 7.8164 -0.8000 0 0 1
17.7134 7.8539 -0.8000 0 0 1
17.6009 7.8539 -0.8000 0 0 1
-17.6009 7.7789 -0.8000 0 0 1
-17.4510 7.7789 -0.8000 0 0 1
-17.4510 7.8164 -0.8000 0 0 1
-17.6009 7.8164 -0.8000 0 0 1
-13.5146 7.7789 -0.8000 0 0 1
-13.4397 7.7789 -0.8000 0 0 1
-13.4397 7.8164 -0.8000 0 0 1
-13.5146 7.8164 -0.8000 0 0 1
-13.1398 7.7789 -0.8000 0 0 1
-13.1023 7.7789 -0.8000 0 0 1
-13.1023 7.8164 -0.8000 0 0 1
-13.1398 7.8164 -0.8000 0 0 1
13.2522 7.7789 -0.8000 0 0 1
13.2897 7.7789 -0.8000 0 0 1
13.2897 7.8164 -0.8000 0 0 1
13.2522 7.8164 -0.8000 0 0 1
13.5896 7.7789 -0.8000 0 0 1
13.7771 7.7789 -0.8000 0 0 1
13.7771 7.8164 -0.8000 0 0 1
13.5896 7.8164 -0.8000 0 0 1
17.4884 7.7789 -0.8000 0 0 1
17.6384 7.7789 -0.8000 0 0 1
17.6384 7.8164 -0.8000 0 0 1
17.4884 7.8164 -0.8000 0 0 1
-17.5259 7.7414 -0.8000 0 0 1
-17.3760 7.7414 -0.8000 0 0 1
-17.3760 7.7789 -0.8000 0 0 1
-17.5259 7.7789 -0.8000 0 0 1
-13.4772 7.7414 -0.8000 0 0 1
-13.3647 7.7414 -0.8000 0 0 1
-13.3647 7.7789 -0.8000 0 0 1
-13.4772 7.7789 -0.8000 0 0 1
-13.1773 7.7414 -0.8000 0 0 1
-13.1023 7.7414 -0.8000 0 0 1
-13.1023 7.7789 -0.8000 0 0 1
-13.1773 7.7789 -0.8000 0 0 1
13.5146 7.7414 -0.8000 0 0 1
13.6646 7.7414 -0.8000 0 0 1
13.6646 7.7789 -0.8000 0 0 1
13.5146 7.7789 -0.8000 0 0 1
13.7396 7.7414 -0.8000 0 0 1
13.8146 7.7414 -0.8000 0 0 1
13.8146 7.7789 -0.8000 0 0 1
13.7396 7.7789 -0.8000 0 0 1
17.4135 7.7414 -0.8000 0 0 1
17.5634 7.7414 -0.8000 0 0 1
17.5634 7.7789 -0.8000 0 0 1
17.4135 7.7789 -0.8000 0 0 1
-17.4510 7.7039 -0.8000 0 0 1
-17.3010 7.7039 -0.8000 0 0 1
-17.3010 7.7414 -0.8000 0 0 1
-17.4510 7.7414 -0.8000 0 0 1
-13.4397 7.7039 -0.8000 0 0 1
-13.2897 7.7039 -0.8000 0 0 1
-13.2897 7.7414 -0.8000 0 0 1
-13.4397 7.7414 -0.8000 0 0 1
-13.1773 7.7039 -0.8000 0 0 1
-13.1398 7.7039 -0.8000 0 0 1
-13.1398 7.7414 -0.8000 0 0 1
-13.1773 7.7414 -0.8000 0 0 1
13.4397 7.7039 -0.8000 0 0 1
13.5521 7.7039 -0.8000 0 0 1
13.5521 7.7414 -0.8000 0 0 1
13.4397 7.7414 -0.8000 0 0 1
13.7771 7.7039 -0.8000 0 0 1
13.8146 7.7039 -0.8000 0 0 1
13.8146 7.7414 -0.8000 0 0 1
13.7771 7.7414 -0.8000 0 0 1
17.3385 7.7039 -0.8000 0 0 1
17.4884 7.7039 -0.8000 0 0 1
17.4884 7.7414 -0.8000 0 0 1
17.3385 7.7414 -0.8000 0 0 1
-17.3385 7.6664 -0.8000 0 0 1
-17.2260 7.6664 -0.8000 0 0 1
-17.2260 7.7039 -0.8000 0 0 1
-17.3385 7.7039 -0.8000 0 0 1
-13.6646 7.6664 -0.8000 0 0 1
-13.6271 7.6664 -0.8000 0 0 1
-13.6271 7.7039 -0.8000 0 0 1
-13.6646 7.7039 -0.8000 0 0 1
-13.3647 7.6664 -0.8000 0 0 1
-13.1773 7.6664 -0.8000 0 0 1
-13.1773 7.7039 -0.8000 0 0 1
-13.3647 7.7039 -0.8000 0 0 1
-12.4275 7.6664 -0.8000 0 0 1
-12.2775 7.6664 -0.8000 0 0 1
-12.2775 7.7039 -0.8000 0 0 1
-12.4275 7.7039 -0.8000 0 0 1
13.4397 7.6664 -0.8000 0 0 1
13.5146 7.6664 -0.8000 0 0 1
13.5146 7.7039 -0.8000 0 0 1
13.4397 7.7039 -0.8000 0 0 1
13.7771 7.6664 -0.8000 0 0 1
13.8146 7.6664 -0.8000 0 0 1
13.8146 7.7039 -0.8000 0 0 1
13.7771 7.7039 -0.8000 0 0 1
17.2635 7.6664 -0.8000 0 0 1
17.3760 7.6664 -0.8000 0 0 1
17.3760 7.7039 -0.8000 0 0 1
17.2635 7.7039 -0.8000 0 0 1
-17.2635 7.6289 -0.8000 0 0 1
-17.1136 7.6289 -0.8000 0 0 1
-17.1136 7.6664 -0.8000 0 0 1
-17.2635 7.6664 -0.8000 0 0 1
-13.7021 7.6289 -0.8000 0 0 1
-13.6646 7.6289 -0.8000 0 0 1
-13.6646 7.6664 -0.8000 0 0 1
-13.7021 7.6664 -0.8000 0 0 1
-12.5025 7.6289 -0.8000 0 0 1
-12.2775 7.6289 -0.8000 0 0 1
-12.2775 7.6664 -0.8000 0 0 1
-12.5025 7.6664 -0.8000 0 0 1
-11.3403 7.6289 -0.8000 0 0 1
-11.0029 7.6289 -0.8000 0 0 1
-11.0029 7.6664 -0.8000 0 0 1
-11.3403 7.6664 -0.8000 0 0 1
11.5278 7.6289 -0.8000 0 0 1
11.9776 7.6289 -0.8000 0 0 1
11.9776 7.6664 -0.8000 0 0 1
11.5278 7.6664 -0.8000 0 0 1
13.4022 7.6289 -0.8000 0 0 1
13.4772 7.6289 -0.8000 0 0 1
13.4772 7.6664 -0.8000 0 0 1
13.4022 7.6664 -0.8000 0 0 1
13.7771 7.6289 -0.8000 0 0 1
13.8146 7.6289 -0.8000 0 0 1
13.8146 7.6664 -0.8000 0 0 1
13.7771 7.6664 -0.8000 0 0 1
17.1510 7.6289 -0.8000 0 0 1
17.3010 7.6289 -0.8000 0 0 1
17.3010 7.6664 -0.8000 0 0 1
17.1510 7.6664 -0.8000 0 0 1
-17.1885 7.5914 -0.8000 0 0 1
-17.0386 7.5914 -0.8000 0 0 1
-17.0386 7.6289 -0.8000 0 0 1
-17.1885 7.6289 -0.8000 0 0 1
-13.7396 7.5914 -0.8000 0 0 1
-13.6646 7.5914 -0.8000 0 0 1
-13.6646 7.6289 -0.8000 0 0 1
-13.7396 7.6289 -0.8000 0 0 1
-13.5146 7.5914 -0.8000 0 0 1
-13.3647 7.5914 -0.8000 0 0 1
-13.3647 7.6289 -0.8000 0 0 1
-13.5146 7.6289 -0.8000 0 0 1
-12.5399 7.5914 -0.8000 0 0 1
-12.2775 7.5914 -0.8000 0 0 1
-12.2775 7.6289 -0.8000 0 0 1
-12.5399 7.6289 -0.8000 0 0 1
-11.4153 7.5914 -0.8000 0 0 1
-10.9279 7.5914 -0.8000 0 0 1
-10.9279 7.6289 -0.8000 0 0 1
-11.4153 7.6289 -0.8000 0 0 1
11.4153 7.5914 -0.8000 0 0 1
12.0526 7.5914 -0.8000 0 0 1
12.0526 7.6289 -0.8000 0 0 1
11.4153 7.6289 -0.8000 0 0 1
13.4022 7.5914 -0.8000 0 0 1
13.4397 7.5914 -0.8000 0 0 1
13.4397 7.6289 -0.8000 0 0 1
13.4022 7.6289 -0.8000 0 0 1
13.7396 7.5914 -0.8000 0 0 1
13.8146 7.5914 -0.8000 0 0 1
13.8146 7.6289 -0.8000 0 0 1
13.7396 7.6289 -0.8000 0 0 1
17.0761 7.5914 -0.8000 0 0 1
17.2260 7.5914 -0.8000 0 0 1
17.2260 7.6289 -0.8000 0 0 1
17.0761 7.6289 -0.8000 0 0 1
-17.1136 7.5540 -0.8000 0 0 1
-16.9636 7.5540 -0.8000 0 0 1
-16.9636 7.5914 -0.8000 0 0 1
-17.1136 7.5914 -0.8000 0 0 1
-13.7396 7.5540 -0.8000 0 0 1
-13.7021 7.5540 -0.8000 0 0 1
-13.7021 7.5914 -0.8000 0 0 1
-13.7396 7.5914 -0.8000 0 0 1
-13.5521 7.5540 -0.8000 0 0 1
-13.5146 7.5540 -0.8000 0 0 1
-13.5146 7.5914 -0.8000 0 0 1
-13.5521 7.5914 -0.8000 0 0 1
-13.4397 7.5540 -0.8000 0 0 1
-13.3272 7.5540 -0.8000 0 0 1
-13.3272 7.5914 -0.8000 0 0 1
-13.4397 7.5914 -0.8000 0 0 1
-12.6149 7.5540 -0.8000 0 0 1
-12.2775 7.5540 -0.8000 0 0 1
-12.2775 7.5914 -0.8000 0 0 1
-12.6149 7.5914 -0.8000 0 0 1
-11.4528 7.5540 -0.8000 0 0 1
-11.2653 7.5540 -0.8000 0 0 1
-11.2653 7.5914 -0.8000 0 0 1
-11.4528 7.5914 -0.8000 0 0 1
-11.0779 7.5540 -0.8000 0 0 1
-10.8904 7.5540 -0.8000 0 0 1
-10.8904 7.5914 -0.8000 0 0 1
-11.0779 7.5914 -0.8000 0 0 1
11.3403 7.5540 -0.8000 0 0 1
11.6027 7.5540 -0.8000 0 0 1
11.6027 7.5914 -0.8000 0 0 1
11.3403 7.5914 -0.8000 0 0 1
11.8652 7.5540 -0.8000 0 0 1
12.0901 7.5540 -0.8000 0 0 1
12.0901 7.5914 -0.8000 0 0 1
11.8652 7.5914 -0.8000 0 0 1
13.4022 7.5540 -0.8000 0 0 1
13.4397 7.5540 -0.8000 0 0 1
13.4397 7.5914 -0.8000 0 0 1
13.4022 7.5914 -0.8000 0 0 1
13.7021 7.5540 -0.8000 0 0 1
13.7771 7.5540 -0.8000 0 0 1
13.7771 7.5914 -0.8000 0 0 1
13.7021 7.5914 -0.8000 0 0 1
17.0011 7.5540 -0.8000 0 0 1
17.1510 7.5540 -0.8000 0 0 1
17.1510 7.5914 -0.8000 0 0 1
17.0011 7.5914 -0.8000 0 0 1
-17.0011 7.5165 -0.8000 0 0 1
-16.8886 7.5165 -0.8000 0 0 1
-16.8886 7.5540 -0.8000 0 0 1
-17.0011 7.5540 -0.8000 0 0 1
-13.7771 7.5165 -0.8000 0 0 1
-13.7021 7.5165 -0.8000 0 0 1
-13.7021 7.5540 -0.8000 0 0 1
-13.7771 7.5540 -0.8000 0 0 1
-13.5896 7.5165 -0.8000 0 0 1
-13.5521 7.5165 -0.8000 0 0 1
-13.5521 7.5540 -0.8000 0 0 1
-13.5896 7.5540 -0.8000 0 0 1
-13.3647 7.5165 -0.8000 0 0 1
-13.2897 7.5165 -0.8000 0 0 1
-13.2897 7.5540 -0.8000 0 0 1
-13.3647 7.5540 -0.8000 0 0 1
-12.6524 7.5165 -0.8000 0 0 1
-12.2775 7.5165 -0.8000 0 0 1
-12.2775 7.5540 -0.8000 0 0 1
-12.6524 7.5540 -0.8000 0 0 1
-11.4903 7.5165 -0.8000 0 0 1
-11.3028 7.5165 -0.8000 0 0 1
-11.3028 7.5540 -0.8000 0 0 1
-11.4903 7.5540 -0.8000 0 0 1
-11.0404 7.5165 -0.8000 0 0 1
-10.8530 7.5165 -0.8000 0 0 1
-10.8530 7.5540 -0.8000 0 0 1
-11.0404 7.5540 -0.8000 0 0 1
11.3403 7.5165 -0.8000 0 0 1
11.5278 7.5165 -0.8000 0 0 1
11.5278 7.5540 -0.8000 0 0 1
11.3403 7.5540 -0.8000 0 0 1
11.9026 7.5165 -0.8000 0 0 1
12.1276 7.5165 -0.8000 0 0 1
12.1276 7.5540 -0.8000 0 0 1
11.9026 7.5540 -0.8000 0 0 1
13.4022 7.5165 -0.8000 0 0 1
13.4397 7.5165 -0.8000 0 0 1
13.4397 7.5540 -0.8000 0 0 1
13.4022 7.5540 -0.8000 0 0 1
13.6271 7.5165 -0.8000 0 0 1
13.7396 7.5165 -0.8000 0 0 1
13.7396 7.5540 -0.8000 0 0 1
13.6271 7.5540 -0.8000 0 0 1
16.9261 7.5165 -0.8000 0 0 1
17.0386 7.5165 -0.8000 0 0 1
17.0386 7.5540 -0.8000 0 0 1
16.9261 7.5540 -0.8000 0 0 1
-16.9261 7.4790 -0.8000 0 0 1
-16.8511 7.4790 -0.8000 0 0 1
-16.8511 7.5165 -0.8000 0 0 1
-16.9261 7.5165 -0.8000 0 0 1
-13.7021 7.4790 -0.8000 0 0 1
-13.6271 7.4790 -0.8000 0 0 1
-13.6271 7.5165 -0.8000 0 0 1
-13.7021 7.5165 -0.8000 0 0 1
-13.3272 7.4790 -0.8000 0 0 1
-13.2897 7.4790 -0.8000 0 0 1
-13.2897 7.5165 -0.8000 0 0 1
-13.3272 7.5165 -0.8000 0 0 1
-12.7274 7.4790 -0.8000 0 0 1
-12.5399 7.4790 -0.8000 0 0 1
-12.5399 7.5165 -0.8000 0 0 1
-12.7274 7.5165 -0.8000 0 0 1
-12.4650 7.4790 -0.8000 0 0 1
-12.2775 7.4790 -0.8000 0 0 1
-12.2775 7.5165 -0.8000 0 0 1
-12.4650 7.5165 -0.8000 0 0 1
-11.5278 7.4790 -0.8000 0 0 1
-11.3403 7.4790 -0.8000 0 0 1
-11.3403 7.5165 -0.8000 0 0 1
-11.5278 7.5165 -0.8000 0 0 1
-11.0029 7.4790 -0.8000 0 0 1
-10.8155 7.4790 -0.8000 0 0 1
-10.8155 7.5165 -0.8000 0 0 1
-11.0029 7.5165 -0.8000 0 0 1
11.3403 7.4790 -0.8000 0 0 1
11.4903 7.4790 -0.8000 0 0 1
11.4903 7.5165 -0.8000 0 0 1
11.3403 7.5165 -0.8000 0 0 1
11.9401 7.4790 -0.8000 0 0 1
12.1651 7.4790 -0.8000 0 0 1
12.1651 7.5165 -0.8000 0 0 1
11.9401 7.5165 -0.8000 0 0 1
13.4397 7.4790 -0.8000 0 0 1
13.6646 7.4790 -0.8000 0 0 1
13.6646 7.5165 -0.8000 0 0 1
13.4397 7.5165 -0.8000 0 0 1
16.8886 7.4790 -0.8000 0 0 1
16.9636 7.4790 -0.8000 0 0 1
16.9636 7.5165 -0.8000 0 0 1
16.8886 7.5165 -0.8000 0 0 1
-13.6646 7.4415 -0.8000 0 0 1
-13.5521 7.4415 -0.8000 0 0 1
-13.5521 7.4790 -0.8000 0 0 1
-13.6646 7.4790 -0.8000 0 0 1
-13.3272 7.4415 -0.8000 0 0 1
-13.2897 7.4415 -0.8000 0 0 1
-13.2897 7.4790 -0.8000 0 0 1
-13.3272 7.4790 -0.8000 0 0 1
-12.7649 7.4415 -0.8000 0 0 1
-12.5774 7.4415 -0.8000 0 0 1
-12.5774 7.4790 -0.8000 0 0 1
-12.7649 7.4790 -0.8000 0 0 1
-12.4650 7.4415 -0.8000 0 0 1
-12.2775 7.4415 -0.8000 0 0 1
-12.2775 7.4790 -0.8000 0 0 1
-12.4650 7.4790 -0.8000 0 0 1
-11.5652 7.4415 -0.8000 0 0 1
-11.3778 7.4415 -0.8000 0 0 1
-11.3778 7.4790 -0.8000 0 0 1
-11.5652 7.4790 -0.8000 0 0 1
-10.9654 7.4415 -0.8000 0 0 1
-10.7780 7.4415 -0.8000 0 0 1
-10.7780 7.4790 -0.8000 0 0 1
-10.9654 7.4790 -0.8000 0 0 1
11.3403 7.4415 -0.8000 0 0 1
11.4903 7.4415 -0.8000 0 0 1
11.4903 7.4790 -0.8000 0 0 1
11.3403 7.4790 -0.8000 0 0 1
11.9776 7.4415 -0.8000 0 0 1
12.1651 7.4415 -0.8000 0 0 1
12.1651 7.4790 -0.8000 0 0 1
11.9776 7.4790 -0.8000 0 0 1
13.5146 7.4415 -0.8000 0 0 1
13.5896 7.4415 -0.8000 0 0 1
13.5896 7.4790 -0.8000 0 0 1
13.5146 7.4790 -0.8000 0 0 1
-13.3647 7.4040 -0.8000 0 0 1
-13.3272 7.4040 -0.8000 0 0 1
-13.3272 7.4415 -0.8000 0 0 1
-13.3647 7.4415 -0.8000 0 0 1
-12.7649 7.4040 -0.8000 0 0 1
-12.6524 7.4040 -0.8000 0 0 1
-12.6524 7.4415 -0.8000 0 0 1
-12.7649 7.4415 -0.8000 0 0 1
-12.4650 7.4040 -0.8000 0 0 1
-12.2775 7.4040 -0.8000 0 0 1
-12.2775 7.4415 -0.8000 0 0 1
-12.4650 7.4415 -0.8000 0 0 1
-11.5652 7.4040 -0.8000 0 0 1
-11.3778 7.4040 -0.8000 0 0 1
-11.3778 7.4415 -0.8000 0 0 1
-11.5652 7.4415 -0.8000 0 0 1
-10.9654 7.4040 -0.8000 0 0 1
-10.7780 7.4040 -0.8000 0 0 1
-10.7780 7.4415 -0.8000 0 0 1
-10.9654 7.4415 -0.8000 0 0 1
11.3403 7.4040 -0.8000 0 0 1
11.4528 7.4040 -0.8000 0 0 1
11.4528 7.4415 -0.8000 0 0 1
11.3403 7.4415 -0.8000 0 0 1
12.0151 7.4040 -0.8000 0 0 1
12.2025 7.4040 -0.8000 0 0 1
12.2025 7.4415 -0.8000 0 0 1
12.0151 7.4415 -0.8000 0 0 1
-13.3647 7.3665 -0.8000 0 0 1
-13.3272 7.3665 -0.8000 0 0 1
-13.3272 7.4040 -0.8000 0 0 1
-13.3647 7.4040 -0.8000 0 0 1
-12.7649 7.3665 -0.8000 0 0 1
-12.6899 7.3665 -0.8000 0 0 1
-12.6899 7.4040 -0.8000 0 0 1
-12.7649 7.4040 -0.8000 0 0 1
-12.4650 7.3665 -0.8000 0 0 1
-12.2775 7.3665 -0.8000 0 0 1
-12.2775 7.4040 -0.8000 0 0 1
-12.4650 7.4040 -0.8000 0 0 1
-11.6027 7.3665 -0.8000 0 0 1
-11.4153 7.3665 -0.8000 0 0 1
-11.4153 7.4040 -0.8000 0 0 1
-11.6027 7.4040 -0.8000 0 0 1
-10.9279 7.3665 -0.8000 0 0 1
-10.7405 7.3665 -0.8000 0 0 1
-10.7405 7.4040 -0.8000 0 0 1
-10.9279 7.4040 -0.8000 0 0 1
11.3403 7.3665 -0.8000 0 0 1
11.4528 7.3665 -0.8000 0 0 1
11.4528 7.4040 -0.8000 0 0 1
11.3403 7.4040 -0.8000 0 0 1
12.0151 7.3665 -0.8000 0 0 1
12.2025 7.3665 -0.8000 0 0 1
12.2025 7.4040 -0.8000 0 0 1
12.0151 7.4040 -0.8000 0 0 1
-13.4772 7.3290 -0.8000 0 0 1
-13.3647 7.3290 -0.8000 0 0 1
-13.3647 7.3665 -0.8000 0 0 1
-13.4772 7.3665 -0.8000 0 0 1
-12.4650 7.3290 -0.8000 0 0 1
-12.2775 7.3290 -0.8000 0 0 1
-12.2775 7.3665 -0.8000 0 0 1
-12.4650 7.3665 -0.8000 0 0 1
-11.6027 7.3290 -0.8000 0 0 1
-11.4153 7.3290 -0.8000 0 0 1
-11.4153 7.3665 -0.8000 0 0 1
-11.6027 7.3665 -0.8000 0 0 1
-10.9279 7.3290 -0.8000 0 0 1
-10.7405 7.3290 -0.8000 0 0 1
-10.7405 7.3665 -0.8000 0 0 1
-10.9279 7.3665 -0.8000 0 0 1
11.3403 7.3290 -0.8000 0 0 1
11.4528 7.3290 -0.8000 0 0 1
11.4528 7.3665 -0.8000 0 0 1
11.3403 7.3665 -0.8000 0 0 1
12.0151 7.3290 -0.8000 0 0 1
12.2025 7.3290 -0.8000 0 0 1
12.2025 7.3665 -0.8000 0 0 1
12.0151 7.3665 -0.8000 0 0 1
-12.4650 7.2915 -0.8000 0 0 1
-12.2775 7.2915 -0.8000 0 0 1
-12.2775 7.3290 -0.8000 0 0 1
-12.4650 7.3290 -0.8000 0 0 1
-11.6027 7.2915 -0.8000 0 0 1
-11.4153 7.2915 -0.8000 0 0 1
-11.4153 7.3290 -0.8000 0 0 1
-11.6027 7.3290 -0.8000 0 0 1
-10.9279 7.2915 -0.8000 0 0 1
-10.7405 7.2915 -0.8000 0 0 1
-10.7405 7.3290 -0.8000 0 0 1
-10.9279 7.3290 -0.8000 0 0 1
12.0151 7.2915 -0.8000 0 0 1
12.2025 7.2915 -0.8000 0 0 1
12.2025 7.3290 -0.8000 0 0 1
12.0151 7.3290 -0.8000 0 0 1
-12.4650 7.2540 -0.8000 0 0 1
-12.2775 7.2540 -0.8000 0 0 1
-12.2775 7.2915 -0.8000 0 0 1
-12.4650 7.2915 -0.8000 0 0 1
-11.6402 7.2540 -0.8000 0 0 1
-11.4528 7.2540 -0.8000 0 0 1
-11.4528 7.2915 -0.8000 0 0 1
-11.6402 7.2915 -0.8000 0 0 1
-10.8904 7.2540 -0.8000 0 0 1
-10.7030 7.2540 -0.8000 0 0 1
-10.7030 7.2915 -0.8000 0 0 1
-10.8904 7.2915 -0.8000 0 0 1
12.0151 7.2540 -0.8000 0 0 1
12.2025 7.2540 -0.8000 0 0 1
12.2025 7.2915 -0.8000 0 0 1
12.0151 7.2915 -0.8000 0 0 1
-12.4650 7.2166 -0.8000 0 0 1
-12.2775 7.2166 -0.8000 0 0 1
-12.2775 7.2540 -0.8000 0 0 1
-12.4650 7.2540 -0.8000 0 0 1
-11.6402 7.2166 -0.8000 0 0 1
-11.4528 7.2166 -0.8000 0 0 1
-11.4528 7.2540 -0.8000 0 0 1
-11.6402 7.2540 -0.8000 0 0 1
-10.8904 7.2166 -0.8000 0 0 1
-10.7030 7.2166 -0.8000 0 0 1
-10.7030 7.2540 -0.8000 0 0 1
-10.8904 7.2540 -0.8000 0 0 1
12.0151 7.2166 -0.8000 0 0 1
12.2025 7.2166 -0.8000 0 0 1
12.2025 7.2540 -0.8000 0 0 1
12.0151 7.2540 -0.8000 0 0 1
-12.4650 7.1791 -0.8000 0 0 1
-12.2775 7.1791 -0.8000 0 0 1
-12.2775 7.2166 -0.8000 0 0 1
-12.4650 7.2166 -0.8000 0 0 1
-11.6402 7.1791 -0.8000 0 0 1
-11.4528 7.1791 -0.8000 0 0 1
-11.4528 7.2166 -0.8000 0 0 1
-11.6402 7.2166 -0.8000 0 0 1
-10.8904 7.1791 -0.8000 0 0 1
-10.7030 7.1791 -0.8000 0 0 1
-10.7030 7.2166 -0.8000 0 0 1
-10.8904 7.2166 -0.8000 0 0 1
12.0151 7.1791 -0.8000 0 0 1
12.2025 7.1791 -0.8000 0 0 1
12.2025 7.2166 -0.8000 0 0 1
12.0151 7.2166 -0.8000 0 0 1
-12.4650 7.1416 -0.8000 0 0 1
-12.2775 7.1416 -0.8000 0 0 1
-12.2775 7.1791 -0.8000 0 0 1
-12.4650 7.1791 -0.8000 0 0 1
-11.6402 7.1416 -0.8000 0 0 1
-11.4528 7.1416 -0.8000 0 0 1
-11.4528 7.1791 -0.8000 0 0 1
-11.6402 7.1791 -0.8000 0 0 1
-10.8904 7.1416 -0.8000 0 0 1
-10.7030 7.1416 -0.8000 0 0 1
-10.7030 7.1791 -0.8000 0 0 1
-10.8904 7.1791 -0.8000 0 0 1
12.0151 7.1416 -0.8000 0 0 1
12.2025 7.1416 -0.8000 0 0 1
12.2025 7.1791 -0.8000 0 0 1
12.0151 7.1791 -0.8000 0 0 1
-12.4650 7.1041 -0.8000 0 0 1
-12.2775 7.1041 -0.8000 0 0 1
-12.2775 7.1416 -0.8000 0 0 1
-12.4650 7.1416 -0.8000 0 0 1
-11.6402 7.1041 -0.8000 0 0 1
-11.4528 7.1041 -0.8000 0 0 1
-11.4528 7.1416 -0.8000 0 0 1
-11.6402 7.1416 -0.8000 0 0 1
-10.8904 7.1041 -0.8000 0 0 1
-10.7030 7.1041 -0.8000 0 0 1
-10.7030 7.1416 -0.8000 0 0 1
-10.8904 7.1416 -0.8000 0 0 1
11.9776 7.1041 -0.8000 0 0 1
12.1651 7.1041 -0.8000 0 0 1
12.1651 7.1416 -0.8000 0 0 1
11.9776 7.1416 -0.8000 0 0 1
-12.4650 7.0666 -0.8000 0 0 1
-12.2775 7.0666 -0.8000 0 0 1
-12.2775 7.1041 -0.8000 0 0 1
-12.4650 7.1041 -0.8000 0 0 1
-11.6402 7.0666 -0.8000 0 0 1
-11.4528 7.0666 -0.8000 0 0 1
-11.4528 7.1041 -0.8000 0 0 1
-11.6402 7.1041 -0.8000 0 0 1
-10.8904 7.0666 -0.8000 0 0 1
-10.7030 7.0666 -0.8000 0 0 1
-10.7030 7.1041 -0.8000 0 0 1
-10.8904 7.1041 -0.8000 0 0 1
11.9776 7.0666 -0.8000 0 0 1
12.1651 7.0666 -0.8000 0 0 1
12.1651 7.1041 -0.8000 0 0 1
11.9776 7.1041 -0.8000 0 0 1
-12.4650 7.0291 -0.8000 0 0 1
-12.2775 7.0291 -0.8000 0 0 1
-12.2775 7.0666 -0.8000 0 0 1
-12.4650 7.0666 -0.8000 0 0 1
-11.6777 7.0291 -0.8000 0 0 1
-11.4528 7.0291 -0.8000 0 0 1
-11.4528 7.0666 -0.8000 0 0 1
-11.6777 7.0666 -0.8000 0 0 1
-10.8904 7.0291 -0.8000 0 0 1
-10.6655 7.0291 -0.8000 0 0 1
-10.6655 7.0666 -0.8000 0 0 1
-10.8904 7.0666 -0.8000 0 0 1
11.9776 7.0291 -0.8000 0 0 1
12.1276 7.0291 -0.8000 0 0 1
12.1276 7.0666 -0.8000 0 0 1
11.9776 7.0666 -0.8000 0 0 1
-12.4650 6.9916 -0.8000 0 0 1
-12.2775 6.9916 -0.8000 0 0 1
-12.2775 7.0291 -0.8000 0 0 1
-12.4650 7.0291 -0.8000 0 0 1
-11.6777 6.9916 -0.8000 0 0 1
-11.4528 6.9916 -0.8000 0 0 1
-11.4528 7.0291 -0.8000 0 0 1
-11.6777 7.0291 -0.8000 0 0 1
-10.8904 6.9916 -0.8000 0 0 1
-10.6655 6.9916 -0.8000 0 0 1
-10.6655 7.0291 -0.8000 0 0 1
-10.8904 7.0291 -0.8000 0 0 1
11.9401 6.9916 -0.8000 0 0 1
12.1276 6.9916 -0.8000 0 0 1
12.1276 7.0291 -0.8000 0 0 1
11.9401 7.0291 -0.8000 0 0 1
-12.4650 6.9541 -0.8000 0 0 1
-12.2775 6.9541 -0.8000 0 0 1
-12.2775 6.9916 -0.8000 0 0 1
-12.4650 6.9916 -0.8000 0 0 1
-11.6777 6.9541 -0.8000 0 0 1
-11.4528 6.9541 -0.8000 0 0 1
-11.4528 6.9916 -0.8000 0 0 1
-11.6777 6.9916 -0.8000 0 0 1
-10.8904 6.9541 -0.8000 0 0 1
-10.6655 6.9541 -0.8000 0 0 1
-10.6655 6.9916 -0.8000 0 0 1
-10.8904 6.9916 -0.8000 0 0 1
11.9401 6.9541 -0.8000 0 0 1
12.0901 6.9541 -0.8000 0 0 1
12.0901 6.9916 -0.8000 0 0 1
11.9401 6.9916 -0.8000 0 0 1
-12.4650 6.9167 -0.8000 0 0 1
-12.2775 6.9167 -0.8000 0 0 1
-12.2775 6.9541 -0.8000 0 0 1
-12.4650 6.9541 -0.8000 0 0 1
-11.6777 6.9167 -0.8000 0 0 1
-11.4528 6.9167 -0.8000 0 0 1
-11.4528 6.9541 -0.8000 0 0 1
-11.6777 6.9541 -0.8000 0 0 1
-10.8904 6.9167 -0.8000 0 0 1
-10.6655 6.9167 -0.8000 0 0 1
-10.6655 6.9541 -0.8000 0 0 1
-10.8904 6.9541 -0.8000 0 0 1
11.9026 6.9167 -0.8000 0 0 1
12.0526 6.9167 -0.8000 0 0 1
12.0526 6.9541 -0.8000 0 0 1
11.9026 6.9541 -0.8000 0 0 1
-12.4650 6.8792 -0.8000 0 0 1
-12.2775 6.8792 -0.8000 0 0 1
-12.2775 6.9167 -0.8000 0 0 1
-12.4650 6.9167 -0.8000 0 0 1
-11.6777 6.8792 -0.8000 0 0 1
-11.4528 6.8792 -0.8000 0 0 1
-11.4528 6.9167 -0.8000 0 0 1
-11.6777 6.9167 -0.8000 0 0 1
-10.8904 6.8792 -0.8000 0 0 1
-10.6655 6.8792 -0.8000 0 0 1
-10.6655 6.9167 -0.8000 0 0 1
-10.8904 6.9167 -0.8000 0 0 1
11.8652 6.8792 -0.8000 0 0 1
12.0151 6.8792 -0.8000 0 0 1
12.0151 6.9167 -0.8000 0 0 1
11.8652 6.9167 -0.8000 0 0 1
-12.4650 6.8417 -0.8000 0 0 1
-12.2775 6.8417 -0.8000 0 0 1
-12.2775 6.8792 -0.8000 0 0 1
-12.4650 6.8792 -0.8000 0 0 1
-11.6777 6.8417 -0.8000 0 0 1
-11.4528 6.8417 -0.8000 0 0 1
-11.4528 6.8792 -0.8000 0 0 1
-11.6777 6.8792 -0.8000 0 0 1
-10.8904 6.8417 -0.8000 0 0 1
-10.6655 6.8417 -0.8000 0 0 1
-10.6655 6.8792 -0.8000 0 0 1
-10.8904 6.8792 -0.8000 0 0 1
11.8277 6.8417 -0.8000 0 0 1
12.0151 6.8417 -0.8000 0 0 1
12.0151 6.8792 -0.8000 0 0 1
11.8277 6.8792 -0.8000 0 0 1
-12.4650 6.8042 -0.8000 0 0 1
-12.2775 6.8042 -0.8000 0 0 1
-12.2775 6.8417 -0.8000 0 0 1
-12.4650 6.8417 -0.8000 0 0 1
-11.6402 6.8042 -0.8000 0 0 1
-11.4528 6.8042 -0.8000 0 0 1
-11.4528 6.8417 -0.8000 0 0 1
-11.6402 6.8417 -0.8000 0 0 1
-10.8904 6.8042 -0.8000 0 0 1
-10.7030 6.8042 -0.8000 0 0 1
-10.7030 6.8417 -0.8000 0 0 1
-10.8904 6.8417 -0.8000 0 0 1
11.7902 6.8042 -0.8000 0 0 1
11.9776 6.8042 -0.8000 0 0 1
11.9776 6.8417 -0.8000 0 0 1
11.7902 6.8417 -0.8000 0 0 1
-12.4650 6.7667 -0.8000 0 0 1
-12.2775 6.7667 -0.8000 0 0 1
-12.2775 6.8042 -0.8000 0 0 1
-12.4650 6.8042 -0.8000 0 0 1
-11.6402 6.7667 -0.8000 0 0 1
-11.4528 6.7667 -0.8000 0 0 1
-11.4528 6.8042 -0.8000 0 0 1
-11.6402 6.8042 -0.8000 0 0 1
-10.8904 6.7667 -0.8000 0 0 1
-10.7030 6.7667 -0.8000 0 0 1
-10.7030 6.8042 -0.8000 0 0 1
-10.8904 6.8042 -0.8000 0 0 1
11.7527 6.7667 -0.8000 0 0 1
11.9401 6.7667 -0.8000 0 0 1
11.9401 6.8042 -0.8000 0 0 1
11.7527 6.8042 -0.8000 0 0 1
-12.4650 6.7292 -0.8000 0 0 1
-12.2775 6.7292 -0.8000 0 0 1
-12.2775 6.7667 -0.8000 0 0 1
-12.4650 6.7667 -0.8000 0 0 1
-11.6402 6.7292 -0.8000 0 0 1
-11.4528 6.7292 -0.8000 0 0 1
-11.4528 6.7667 -0.8000 0 0 1
-11.6402 6.7667 -0.8000 0 0 1
-10.8904 6.7292 -0.8000 0 0 1
-10.7030 6.7292 -0.8000 0 0 1
-10.7030 6.7667 -0.8000 0 0 1
-10.8904 6.7667 -0.8000 0 0 1
11.7152 6.7292 -0.8000 0 0 1
11.9026 6.7292 -0.8000 0 0 1
11.9026 6.7667 -0.8000 0 0 1
11.7152 6.7667 -0.8000 0 0 1
-12.4650 6.6917 -0.8000 0 0 1
-12.2775 6.6917 -0.8000 0 0 1
-12.2775 6.7292 -0.8000 0 0 1
-12.4650 6.7292 -0.8000 0 0 1
-11.6402 6.6917 -0.8000 0 0 1
-11.4528 6.6917 -0.8000 0 0 1
-11.4528 6.7292 -0.8000 0 0 1
-11.6402 6.7292 -0.8000 0 0 1
-10.8904 6.6917 -0.8000 0 0 1
-10.7030 6.6917 -0.8000 0 0 1
-10.7030 6.7292 -0.8000 0 0 1
-10.8904 6.7292 -0.8000 0 0 1
11.6777 6.6917 -0.8000 0 0 1
11.8652 6.6917 -0.8000 0 0 1
11.8652 6.7292 -0.8000 0 0 1
11.6777 6.7292 -0.8000 0 0 1
-12.4650 6.6542 -0.8000 0 0 1
-12.2775 6.6542 -0.8000 0 0 1
-12.2775 6.6917 -0.8000 0 0 1
-12.4650 6.6917 -0.8000 0 0 1
-11.6402 6.6542 -0.8000 0 0 1
-11.4528 6.6542 -0.8000 0 0 1
-11.4528 6.6917 -0.8000 0 0 1
-11.6402 6.6917 -0.8000 0 0 1
-10.8904 6.6542 -0.8000 0 0 1
-10.7030 6.6542 -0.8000 0 0 1
-10.7030 6.6917 -0.8000 0 0 1
-10.8904 6.6917 -0.8000 0 0 1
11.6402 6.6542 -0.8000 0 0 1
11.8277 6.6542 -0.8000 0 0 1
11.8277 6.6917 -0.8000 0 0 1
11.6402 6.6917 -0.8000 0 0 1
-12.4650 6.6167 -0.8000 0 0 1
-12.2775 6.6167 -0.8000 0 0 1
-12.2775 6.6542 -0.8000 0 0 1
-12.4650 6.6542 -0.8000 0 0 1
-11.6402 6.6167 -0.8000 0 0 1
-11.4528 6.6167 -0.8000 0 0 1
-11.4528 6.6542 -0.8000 0 0 1
-11.6402 6.6542 -0.8000 0 0 1
-10.8904 6.6167 -0.8000 0 0 1
-10.7030 6.6167 -0.8000 0 0 1
-10.7030 6.6542 -0.8000 0 0 1
-10.8904 6.6542 -0.8000 0 0 1
11.6027 6.6167 -0.8000 0 0 1
11.7902 6.6167 -0.8000 0 0 1
11.7902 6.6542 -0.8000 0 0 1
11.6027 6.6542 -0.8000 0 0 1
-12.4650 6.5793 -0.8000 0 0 1
-12.2775 6.5793 -0.8000 0 0 1
-12.2775 6.6167 -0.8000 0 0 1
-12.4650 6.6167 -0.8000 0 0 1
-11.6027 6.5793 -0.8000 0 0 1
-11.4153 6.5793 -0.8000 0 0 1
-11.4153 6.6167 -0.8000 0 0 1
-11.6027 6.6167 -0.8000 0 0 1
-10.9279 6.5793 -0.8000 0 0 1
-10.7405 6.5793 -0.8000 0 0 1
-10.7405 6.6167 -0.8000 0 0 1
-10.9279 6.6167 -0.8000 0 0 1
11.5652 6.5793 -0.8000 0 0 1
11.7527 6.5793 -0.8000 0 0 1
11.7527 6.6167 -0.8000 0 0 1
11.5652 6.6167 -0.8000 0 0 1
-12.4650 6.5418 -0.8000 0 0 1
-12.2775 6.5418 -0.8000 0 0 1
-12.2775 6.5793 -0.8000 0 0 1
-12.4650 6.5793 -0.8000 0 0 1
-11.6027 6.5418 -0.8000 0 0 1
-11.4153 6.5418 -0.8000 0 0 1
-11.4153 6.5793 -0.8000 0 0 1
-11.6027 6.5793 -0.8000 0 0 1
-10.9279 6.5418 -0.8000 0 0 1
-10.7405 6.5418 -0.8000 0 0 1
-10.7405 6.5793 -0.8000 0 0 1
-10.9279 6.5793 -0.8000 0 0 1
11.5278 6.5418 -0.8000 0 0 1
11.7152 6.5418 -0.8000 0 0 1
11.7152 6.5793 -0.8000 0 0 1
11.5278 6.5793 -0.8000 0 0 1
12.1276 6.5418 -0.8000 0 0 1
12.2400 6.5418 -0.8000 0 0 1
12.2400 6.5793 -0.8000 0 0 1
12.1276 6.5793 -0.8000 0 0 1
-12.4650 6.5043 -0.8000 0 0 1
-12.2775 6.5043 -0.8000 0 0 1
-12.2775 6.5418 -0.8000 0 0 1
-12.4650 6.5418 -0.8000 0 0 1
-11.6027 6.5043 -0.8000 0 0 1
-11.4153 6.5043 -0.8000 0 0 1
-11.4153 6.5418 -0.8000 0 0 1
-11.6027 6.5418 -0.8000 0 0 1
-10.9279 6.5043 -0.8000 0 0 1
-10.7405 6.5043 -0.8000 0 0 1
-10.7405 6.5418 -0.8000 0 0 1
-10.9279 6.5418 -0.8000 0 0 1
11.4903 6.5043 -0.8000 0 0 1
11.6777 6.5043 -0.8000 0 0 1
11.6777 6.5418 -0.8000 0 0 1
11.4903 6.5418 -0.8000 0 0 1
12.1276 6.5043 -0.8000 0 0 1
12.2400 6.5043 -0.8000 0 0 1
12.2400 6.5418 -0.8000 0 0 1
12.1276 6.5418 -0.8000 0 0 1
-12.4650 6.4668 -0.8000 0 0 1
-12.2775 6.4668 -0.8000 0 0 1
-12.2775 6.5043 -0.8000 0 0 1
-12.4650 6.5043 -0.8000 0 0 1
-11.5652 6.4668 -0.8000 0 0 1
-11.4153 6.4668 -0.8000 0 0 1
-11.4153 6.5043 -0.8000 0 0 1
-11.5652 6.5043 -0.8000 0 0 1
-10.9279 6.4668 -0.8000 0 0 1
-10.7780 6.4668 -0.8000 0 0 1
-10.7780 6.5043 -0.8000 0 0 1
-10.9279 6.5043 -0.8000 0 0 1
11.4528 6.4668 -0.8000 0 0 1
11.6402 6.4668 -0.8000 0 0 1
11.6402 6.5043 -0.8000 0 0 1
11.4528 6.5043 -0.8000 0 0 1
12.1276 6.4668 -0.8000 0 0 1
12.2400 6.4668 -0.8000 0 0 1
12.2400 6.5043 -0.8000 0 0 1
12.1276 6.5043 -0.8000 0 0 1
-12.4650 6.4293 -0.8000 0 0 1
-12.2775 6.4293 -0.8000 0 0 1
-12.2775 6.4668 -0.8000 0 0 1
-12.4650 6.4668 -0.8000 0 0 1
-11.5652 6.4293 -0.8000 0 0 1
-11.3778 6.4293 -0.8000 0 0 1
-11.3778 6.4668 -0.8000 0 0 1
-11.5652 6.4668 -0.8000 0 0 1
-10.9654 6.4293 -0.8000 0 0 1
-10.7780 6.4293 -0.8000 0 0 1
-10.7780 6.4668 -0.8000 0 0 1
-10.9654 6.4668 -0.8000 0 0 1
11.4153 6.4293 -0.8000 0 0 1
11.6027 6.4293 -0.8000 0 0 1
11.6027 6.4668 -0.8000 0 0 1
11.4153 6.4668 -0.8000 0 0 1
12.1276 6.4293 -0.8000 0 0 1
12.2400 6.4293 -0.8000 0 0 1
12.2400 6.4668 -0.8000 0 0 1
12.1276 6.4668 -0.8000 0 0 1
-12.4650 6.3918 -0.8000 0 0 1
-12.2775 6.3918 -0.8000 0 0 1
-12.2775 6.4293 -0.8000 0 0 1
-12.4650 6.4293 -0.8000 0 0 1
-11.5278 6.3918 -0.8000 0 0 1
-11.3778 6.3918 -0.8000 0 0 1
-11.3778 6.4293 -0.8000 0 0 1
-11.5278 6.4293 -0.8000 0 0 1
-10.9654 6.3918 -0.8000 0 0 1
-10.8155 6.3918 -0.8000 0 0 1
-10.8155 6.4293 -0.8000 0 0 1
-10.9654 6.4293 -0.8000 0 0 1
11.3778 6.3918 -0.8000 0 0 1
11.5652 6.3918 -0.8000 0 0 1
11.5652 6.4293 -0.8000 0 0 1
11.3778 6.4293 -0.8000 0 0 1
12.1276 6.3918 -0.8000 0 0 1
12.2400 6.3918 -0.8000 0 0 1
12.2400 6.4293 -0.8000 0 0 1
12.1276 6.4293 -0.8000 0 0 1
-12.4650 6.3543 -0.8000 0 0 1
-12.2775 6.3543 -0.8000 0 0 1
-12.2775 6.3918 -0.8000 0 0 1
-12.4650 6.3918 -0.8000 0 0 1
-11.5278 6.3543 -0.8000 0 0 1
-11.3403 6.3543 -0.8000 0 0 1
-11.3403 6.3918 -0.8000 0 0 1
-11.5278 6.3918 -0.8000 0 0 1
-11.0029 6.3543 -0.8000 0 0 1
-10.8155 6.3543 -0.8000 0 0 1
-10.8155 6.3918 -0.8000 0 0 1
-11.0029 6.3918 -0.8000 0 0 1
11.3403 6.3543 -0.8000 0 0 1
12.2400 6.3543 -0.8000 0 0 1
12.2400 6.3918 -0.8000 0 0 1
11.3403 6.3918 -0.8000 0 0 1
-12.6899 6.3168 -0.8000 0 0 1
-12.0526 6.3168 -0.8000 0 0 1
-12.0526 6.3543 -0.8000 0 0 1
-12.6899 6.3543 -0.8000 0 0 1
-11.4903 6.3168 -0.8000 0 0 1
-11.3028 6.3168 -0.8000 0 0 1
-11.3028 6.3543 -0.8000 0 0 1
-11.4903 6.3543 -0.8000 0 0 1
-11.0404 6.3168 -0.8000 0 0 1
-10.8530 6.3168 -0.8000 0 0 1
-10.8530 6.3543 -0.8000 0 0 1
-11.0404 6.3543 -0.8000 0 0 1
11.3403 6.3168 -0.8000 0 0 1
12.2400 6.3168 -0.8000 0 0 1
12.2400 6.3543 -0.8000 0 0 1
11.3403 6.3543 -0.8000 0 0 1
-12.7274 6.2793 -0.8000 0 0 1
-12.0151 6.2793 -0.8000 0 0 1
-12.0151 6.3168 -0.8000 0 0 1
-12.7274 6.3168 -0.8000 0 0 1
-11.4528 6.2793 -0.8000 0 0 1
-10.8904 6.2793 -0.8000 0 0 1
-10.8904 6.3168 -0.8000 0 0 1
-11.4528 6.3168 -0.8000 0 0 1
11.3403 6.2793 -0.8000 0 0 1
12.2400 6.2793 -0.8000 0 0 1
12.2400 6.3168 -0.8000 0 0 1
11.3403 6.3168 -0.8000 0 0 1
-12.7274 6.2419 -0.8000 0 0 1
-12.0151 6.2419 -0.8000 0 0 1
-12.0151 6.2793 -0.8000 0 0 1
-12.7274 6.2793 -0.8000 0 0 1
-11.3778 6.2419 -0.8000 0 0 1
-10.9654 6.2419 -0.8000 0 0 1
-10.9654 6.2793 -0.8000 0 0 1
-11.3778 6.2793 -0.8000 0 0 1
11.3403 6.2419 -0.8000 0 0 1
12.2400 6.2419 -0.8000 0 0 1
12.2400 6.2793 -0.8000 0 0 1
11.3403 6.2793 -0.8000 0 0 1
-11.3028 6.2044 -0.8000 0 0 1
-11.0404 6.2044 -0.8000 0 0 1
-11.0404 6.2419 -0.8000 0 0 1
-11.3028 6.2419 -0.8000 0 0 1
-18.6131 6.0169 -0.8000 0 0 1
-18.5381 6.0169 -0.8000 0 0 1
-18.5381 6.0544 -0.8000 0 0 1
-18.6131 6.0544 -0.8000 0 0 1
18.5756 6.0169 -0.8000 0 0 1
18.6506 6.0169 -0.8000 0 0 1
18.6506 6.0544 -0.8000 0 0 1
18.5756 6.0544 -0.8000 0 0 1
-18.5756 5.9794 -0.8000 0 0 1
-18.4257 5.9794 -0.8000 0 0 1
-18.4257 6.0169 -0.8000 0 0 1
-18.5756 6.0169 -0.8000 0 0 1
18.4631 5.9794 -0.8000 0 0 1
18.6131 5.9794 -0.8000 0 0 1
18.6131 6.0169 -0.8000 0 0 1
18.4631 6.0169 -0.8000 0 0 1
-18.4631 5.9419 -0.8000 0 0 1
-18.2757 5.9419 -0.8000 0 0 1
-18.2757 5.9794 -0.8000 0 0 1
-18.4631 5.9794 -0.8000 0 0 1
18.3132 5.9419 -0.8000 0 0 1
18.5006 5.9419 -0.8000 0 0 1
18.5006 5.9794 -0.8000 0 0 1
18.3132 5.9794 -0.8000 0 0 1
-18.3507 5.9045 -0.8000 0 0 1
-18.1632 5.9045 -0.8000 0 0 1
-18.1632 5.9419 -0.8000 0 0 1
-18.3507 5.9419 -0.8000 0 0 1
18.2007 5.9045 -0.8000 0 0 1
18.3882 5.9045 -0.8000 0 0 1
18.3882 5.9419 -0.8000 0 0 1
18.2007 5.9419 -0.8000 0 0 1
-18.2382 5.8670 -0.8000 0 0 1
-18.0508 5.8670 -0.8000 0 0 1
-18.0508 5.9045 -0.8000 0 0 1
-18.2382 5.9045 -0.8000 0 0 1
18.0883 5.8670 -0.8000 0 0 1
18.2757 5.8670 -0.8000 0 0 1
18.2757 5.9045 -0.8000 0 0 1
18.0883 5.9045 -0.8000 0 0 1
-18.1258 5.8295 -0.8000 0 0 1
-17.9383 5.8295 -0.8000 0 0 1
-17.9383 5.8670 -0.8000 0 0 1
-18.1258 5.8670 -0.8000 0 0 1
17.9758 5.8295 -0.8000 0 0 1
18.1632 5.8295 -0.8000 0 0 1
18.1632 5.8670 -0.8000 0 0 1
17.9758 5.8670 -0.8000 0 0 1
-18.0133 5.7920 -0.8000 0 0 1
-17.8258 5.7920 -0.8000 0 0 1
-17.8258 5.8295 -0.8000 0 0 1
-18.0133 5.8295 -0.8000 0 0 1
17.8633 5.7920 -0.8000 0 0 1
18.0508 5.7920 -0.8000 0 0 1
18.0508 5.8295 -0.8000 0 0 1
17.8633 5.8295 -0.8000 0 0 1
-17.9008 5.7545 -0.8000 0 0 1
-17.7134 5.7545 -0.8000 0 0 1
-17.7134 5.7920 -0.8000 0 0 1
-17.9008 5.7920 -0.8000 0 0 1
17.7509 5.7545 -0.8000 0 0 1
17.9383 5.7545 -0.8000 0 0 1
17.9383 5.7920 -0.8000 0 0 1
17.7509 5.7920 -0.8000 0 0 1
-17.7884 5.7170 -0.8000 0 0 1
-17.6009 5.7170 -0.8000 0 0 1
-17.6009 5.7545 -0.8000 0 0 1
-17.7884 5.7545 -0.8000 0 0 1
17.6384 5.7170 -0.8000 0 0 1
17.8258 5.7170 -0.8000 0 0 1
17.8258 5.7545 -0.8000 0 0 1
17.6384 5.7545 -0.8000 0 0 1
-17.6759 5.6795 -0.8000 0 0 1
-17.5259 5.6795 -0.8000 0 0 1
-17.5259 5.7170 -0.8000 0 0 1
-17.6759 5.7170 -0.8000 0 0 1
17.5634 5.6795 -0.8000 0 0 1
17.7134 5.6795 -0.8000 0 0 1
17.7134 5.7170 -0.8000 0 0 1
17.5634 5.7170 -0.8000 0 0 1
-19.1379 4.0300 -0.8000 0 0 1
-18.9880 4.0300 -0.8000 0 0 1
-18.9880 4.0675 -0.8000 0 0 1
-19.1379 4.0675 -0.8000 0 0 1
19.0255 4.0300 -0.8000 0 0 1
19.1754 4.0300 -0.8000 0 0 1
19.1754 4.0675 -0.8000 0 0 1
19.0255 4.0675 -0.8000 0 0 1
-19.0630 3.9925 -0.8000 0 0 1
-18.8005 3.9925 -0.8000 0 0 1
-18.8005 4.0300 -0.8000 0 0 1
-19.0630 4.0300 -0.8000 0 0 1
18.8380 3.9925 -0.8000 0 0 1
19.1005 3.9925 -0.8000 0 0 1
19.1005 4.0300 -0.8000 0 0 1
18.8380 4.0300 -0.8000 0 0 1
-18.9130 3.9551 -0.8000 0 0 1
-18.6131 3.9551 -0.8000 0 0 1
-18.6131 3.9925 -0.8000 0 0 1
-18.9130 3.9925 -0.8000 0 0 1
18.6506 3.9551 -0.8000 0 0 1
18.9505 3.9551 -0.8000 0 0 1
18.9505 3.9925 -0.8000 0 0 1
18.6506 3.9925 -0.8000 0 0 1
-18.7256 3.9176 -0.8000 0 0 1
-18.4631 3.9176 -0.8000 0 0 1
-18.4631 3.9551 -0.8000 0 0 1
-18.7256 3.9551 -0.8000 0 0 1
18.5006 3.9176 -0.8000 0 0 1
18.7631 3.9176 -0.8000 0 0 1
18.7631 3.9551 -0.8000 0 0 1
18.5006 3.9551 -0.8000 0 0 1
-18.5381 3.8801 -0.8000 0 0 1
-18.2757 3.8801 -0.8000 0 0 1
-18.2757 3.9176 -0.8000 0 0 1
-18.5381 3.9176 -0.8000 0 0 1
18.3132 3.8801 -0.8000 0 0 1
18.5756 3.8801 -0.8000 0 0 1
18.5756 3.9176 -0.8000 0 0 1
18.3132 3.9176 -0.8000 0 0 1
-18.3882 3.8426 -0.8000 0 0 1
-18.0883 3.8426 -0.8000 0 0 1
-18.0883 3.8801 -0.8000 0 0 1
-18.3882 3.8801 -0.8000 0 0 1
18.1258 3.8426 -0.8000 0 0 1
18.4257 3.8426 -0.8000 0 0 1
18.4257 3.8801 -0.8000 0 0 1
18.1258 3.8801 -0.8000 0 0 1
-18.2007 3.8051 -0.8000 0 0 1
-18.0133 3.8051 -0.8000 0 0 1
-18.0133 3.8426 -0.8000 0 0 1
-18.2007 3.8426 -0.8000 0 0 1
18.0508 3.8051 -0.8000 0 0 1
18.2382 3.8051 -0.8000 0 0 1
18.2382 3.8426 -0.8000 0 0 1
18.0508 3.8426 -0.8000 0 0 1
-19.4753 2.0056 -0.8000 0 0 1
-19.1379 2.0056 -0.8000 0 0 1
-19.1379 2.0431 -0.8000 0 0 1
-19.4753 2.0431 -0.8000 0 0 1
19.1754 2.0056 -0.8000 0 0 1
19.5128 2.0056 -0.8000 0 0 1
19.5128 2.0431 -0.8000 0 0 1
19.1754 2.0431 -0.8000 0 0 1
-19.3254 1.9682 -0.8000 0 0 1
-18.8005 1.9682 -0.8000 0 0 1
-18.8005 2.0056 -0.8000 0 0 1
-19.3254 2.0056 -0.8000 0 0 1
18.8380 1.9682 -0.8000 0 0 1
19.3629 1.9682 -0.8000 0 0 1
19.3629 2.0056 -0.8000 0 0 1
18.8380 2.0056 -0.8000 0 0 1
-18.9880 1.9307 -0.8000 0 0 1
-18.4257 1.9307 -0.8000 0 0 1
-18.4257 1.9682 -0.8000 0 0 1
-18.9880 1.9682 -0.8000 0 0 1
18.4631 1.9307 -0.8000 0 0 1
19.0255 1.9307 -0.8000 0 0 1
19.0255 1.9682 -0.8000 0 0 1
18.4631 1.9682 -0.8000 0 0 1
-18.6131 1.8932 -0.8000 0 0 1
-18.3507 1.8932 -0.8000 0 0 1
-18.3507 1.9307 -0.8000 0 0 1
-18.6131 1.9307 -0.8000 0 0 1
18.3882 1.8932 -0.8000 0 0 1
18.6506 1.8932 -0.8000 0 0 1
18.6506 1.9307 -0.8000 0 0 1
18.3882 1.9307 -0.8000 0 0 1
15.8015 0.3187 -0.8000 0 0 1
15.8389 0.3187 -0.8000 0 0 1
15.8389 0.3561 -0.8000 0 0 1
15.8015 0.3561 -0.8000 0 0 1
15.4266 0.2812 -0.8000 0 0 1
15.4641 0.2812 -0.8000 0 0 1
15.4641 0.3187 -0.8000 0 0 1
15.4266 0.3187 -0.8000 0 0 1
15.8389 0.2812 -0.8000 0 0 1
15.8764 0.2812 -0.8000 0 0 1
15.8764 0.3187 -0.8000 0 0 1
15.8389 0.3187 -0.8000 0 0 1
15.4266 0.2437 -0.8000 0 0 1
15.4641 0.2437 -0.8000 0 0 1
15.4641 0.2812 -0.8000 0 0 1
15.4266 0.2812 -0.8000 0 0 1
15.8389 0.2437 -0.8000 0 0 1
15.9139 0.2437 -0.8000 0 0 1
15.9139 0.2812 -0.8000 0 0 1
15.8389 0.2812 -0.8000 0 0 1
-15.5015 0.2062 -0.8000 0 0 1
-15.3516 0.2062 -0.8000 0 0 1
-15.3516 0.2437 -0.8000 0 0 1
-15.5015 0.2437 -0.8000 0 0 1
15.4266 0.2062 -0.8000 0 0 1
15.9139 0.2062 -0.8000 0 0 1
15.9139 0.2437 -0.8000 0 0 1
15.4266 0.2437 -0.8000 0 0 1
-15.7265 0.1687 -0.8000 0 0 1
-15.6890 0.1687 -0.8000 0 0 1
-15.6890 0.2062 -0.8000 0 0 1
-15.7265 0.2062 -0.8000 0 0 1
-15.5390 0.1687 -0.8000 0 0 1
-15.3141 0.1687 -0.8000 0 0 1
-15.3141 0.2062 -0.8000 0 0 1
-15.5390 0.2062 -0.8000 0 0 1
15.4266 0.1687 -0.8000 0 0 1
15.4641 0.1687 -0.8000 0 0 1
15.4641 0.2062 -0.8000 0 0 1
15.4266 0.2062 -0.8000 0 0 1
-15.7265 0.1312 -0.8000 0 0 1
-15.6890 0.1312 -0.8000 0 0 1
-15.6890 0.1687 -0.8000 0 0 1
-15.7265 0.1687 -0.8000 0 0 1
-15.5765 0.1312 -0.8000 0 0 1
-15.5015 0.1312 -0.8000 0 0 1
-15.5015 0.1687 -0.8000 0 0 1
-15.5765 0.1687 -0.8000 0 0 1
-15.3516 0.1312 -0.8000 0 0 1
-15.2766 0.1312 -0.8000 0 0 1
-15.2766 0.1687 -0.8000 0 0 1
-15.3516 0.1687 -0.8000 0 0 1
15.4266 0.1312 -0.8000 0 0 1
15.4641 0.1312 -0.8000 0 0 1
15.4641 0.1687 -0.8000 0 0 1
15.4266 0.1687 -0.8000 0 0 1
-15.7265 0.0937 -0.8000 0 0 1
-15.6890 0.0937 -0.8000 0 0 1
-15.6890 0.1312 -0.8000 0 0 1
-15.7265 0.1312 -0.8000 0 0 1
-15.5765 0.0937 -0.8000 0 0 1
-15.5390 0.0937 -0.8000 0 0 1
-15.5390 0.1312 -0.8000 0 0 1
-15.5765 0.1312 -0.8000 0 0 1
-15.3141 0.0937 -0.8000 0 0 1
-15.2766 0.0937 -0.8000 0 0 1
-15.2766 0.1312 -0.8000 0 0 1
-15.3141 0.1312 -0.8000 0 0 1
-15.7265 0.0562 -0.8000 0 0 1
-15.6890 0.0562 -0.8000 0 0 1
-15.6890 0.0937 -0.8000 0 0 1
-15.7265 0.0937 -0.8000 0 0 1
-15.5765 0.0562 -0.8000 0 0 1
-15.5390 0.0562 -0.8000 0 0 1
-15.5390 0.0937 -0.8000 0 0 1
-15.5765 0.0937 -0.8000 0 0 1
-15.3141 0.0562 -0.8000 0 0 1
-15.2766 0.0562 -0.8000 0 0 1
-15.2766 0.0937 -0.8000 0 0 1
-15.3141 0.0937 -0.8000 0 0 1
-19.6628 0.0187 -0.8000 0 0 1
-17.0761 0.0187 -0.8000 0 0 1
-17.0761 0.0562 -0.8000 0 0 1
-19.6628 0.0562 -0.8000 0 0 1
-15.7265 0.0187 -0.8000 0 0 1
-15.6890 0.0187 -0.8000 0 0 1
-15.6890 0.0562 -0.8000 0 0 1
-15.7265 0.0562 -0.8000 0 0 1
-15.5765 0.0187 -0.8000 0 0 1
-15.5390 0.0187 -0.8000 0 0 1
-15.5390 0.0562 -0.8000 0 0 1
-15.5765 0.0562 -0.8000 0 0 1
-15.3141 0.0187 -0.8000 0 0 1
-15.2766 0.0187 -0.8000 0 0 1
-15.2766 0.0562 -0.8000 0 0 1
-15.3141 0.0562 -0.8000 0 0 1
17.1510 0.0187 -0.8000 0 0 1
19.7003 0.0187 -0.8000 0 0 1
19.7003 0.0562 -0.8000 0 0 1
17.1510 0.0562 -0.8000 0 0 1
-19.6628 -0.0187 -0.8000 0 0 1
-17.0761 -0.0187 -0.8000 0 0 1
-17.0761 0.0187 -0.8000 0 0 1
-19.6628 0.0187 -0.8000 0 0 1
-15.7265 -0.0187 -0.8000 0 0 1
-15.6890 -0.0187 -0.8000 0 0 1
-15.6890 0.0187 -0.8000 0 0 1
-15.7265 0.0187 -0.8000 0 0 1
-15.5765 -0.0187 -0.8000 0 0 1
-15.5015 -0.0187 -0.8000 0 0 1
-15.5015 0.0187 -0.8000 0 0 1
-15.5765 0.0187 -0.8000 0 0 1
-15.3516 -0.0187 -0.8000 0 0 1
-15.2766 -0.0187 -0.8000 0 0 1
-15.2766 0.0187 -0.8000 0 0 1
-15.3516 0.0187 -0.8000 0 0 1
15.4641 -0.0187 -0.8000 0 0 1
15.5390 -0.0187 -0.8000 0 0 1
15.5390 0.0187 -0.8000 0 0 1
15.4641 0.0187 -0.8000 0 0 1
17.1510 -0.0187 -0.8000 0 0 1
19.7003 -0.0187 -0.8000 0 0 1
19.7003 0.0187 -0.8000 0 0 1
17.1510 0.0187 -0.8000 0 0 1
-19.6628 -0.0562 -0.8000 0 0 1
-17.0761 -0.0562 -0.8000 0 0 1
-17.0761 -0.0187 -0.8000 0 0 1
-19.6628 -0.0187 -0.8000 0 0 1
-15.3891 -0.0562 -0.8000 0 0 1
-15.3141 -0.0562 -0.8000 0 0 1
-15.3141 -0.0187 -0.8000 0 0 1
-15.3891 -0.0187 -0.8000 0 0 1
15.4266 -0.0562 -0.8000 0 0 1
15.5015 -0.0562 -0.8000 0 0 1
15.5015 -0.0187 -0.8000 0 0 1
15.4266 -0.0187 -0.8000 0 0 1
15.6515 -0.0562 -0.8000 0 0 1
15.7265 -0.0562 -0.8000 0 0 1
15.7265 -0.0187 -0.8000 0 0 1
15.6515 -0.0187 -0.8000 0 0 1
15.8389 -0.0562 -0.8000 0 0 1
15.8764 -0.0562 -0.8000 0 0 1
15.8764 -0.0187 -0.8000 0 0 1
15.8389 -0.0187 -0.8000 0 0 1
17.1510 -0.0562 -0.8000 0 0 1
19.7003 -0.0562 -0.8000 0 0 1
19.7003 -0.0187 -0.8000 0 0 1
17.1510 -0.0187 -0.8000 0 0 1
-19.6628 -0.0937 -0.8000 0 0 1
-17.0761 -0.0937 -0.8000 0 0 1
-17.0761 -0.0562 -0.8000 0 0 1
-19.6628 -0.0562 -0.8000 0 0 1
15.4266 -0.0937 -0.8000 0 0 1
15.4641 -0.0937 -0.8000 0 0 1
15.4641 -0.0562 -0.8000 0 0 1
15.4266 -0.0562 -0.8000 0 0 1
15.6890 -0.0937 -0.8000 0 0 1
15.7265 -0.0937 -0.8000 0 0 1
15.7265 -0.0562 -0.8000 0 0 1
15.6890 -0.0562 -0.8000 0 0 1
15.8389 -0.0937 -0.8000 0 0 1
15.8764 -0.0937 -0.8000 0 0 1
15.8764 -0.0562 -0.8000 0 0 1
15.8389 -0.0562 -0.8000 0 0 1
17.1510 -0.0937 -0.8000 0 0 1
19.7003 -0.0937 -0.8000 0 0 1
19.7003 -0.0562 -0.8000 0 0 1
17.1510 -0.0562 -0.8000 0 0 1
-15.4266 -0.1312 -0.8000 0 0 1
-15.3891 -0.1312 -0.8000 0 0 1
-15.3891 -0.0937 -0.8000 0 0 1
-15.4266 -0.0937 -0.8000 0 0 1
15.4266 -0.1312 -0.8000 0 0 1
15.4641 -0.1312 -0.8000 0 0 1
15.4641 -0.0937 -0.8000 0 0 1
15.4266 -0.0937 -0.8000 0 0 1
15.6890 -0.1312 -0.8000 0 0 1
15.7265 -0.1312 -0.8000 0 0 1
15.7265 -0.0937 -0.8000 0 0 1
15.6890 -0.0937 -0.8000 0 0 1
15.8389 -0.1312 -0.8000 0 0 1
15.8764 -0.1312 -0.8000 0 0 1
15.8764 -0.0937 -0.8000 0 0 1
15.8389 -0.0937 -0.8000 0 0 1
-15.4266 -0.1687 -0.8000 0 0 1
-15.3891 -0.1687 -0.8000 0 0 1
-15.3891 -0.1312 -0.8000 0 0 1
-15.4266 -0.1312 -0.8000 0 0 1
-15.3141 -0.1687 -0.8000 0 0 1
-15.2766 -0.1687 -0.8000 0 0 1
-15.2766 -0.1312 -0.8000 0 0 1
-15.3141 -0.1312 -0.8000 0 0 1
15.4266 -0.1687 -0.8000 0 0 1
15.4641 -0.1687 -0.8000 0 0 1
15.4641 -0.1312 -0.8000 0 0 1
15.4266 -0.1312 -0.8000 0 0 1
15.6890 -0.1687 -0.8000 0 0 1
15.7265 -0.1687 -0.8000 0 0 1
15.7265 -0.1312 -0.8000 0 0 1
15.6890 -0.1312 -0.8000 0 0 1
15.8389 -0.1687 -0.8000 0 0 1
15.8764 -0.1687 -0.8000 0 0 1
15.8764 -0.1312 -0.8000 0 0 1
15.8389 -0.1312 -0.8000 0 0 1
-15.4266 -0.2062 -0.8000 0 0 1
-15.3891 -0.2062 -0.8000 0 0 1
-15.3891 -0.1687 -0.8000 0 0 1
-15.4266 -0.1687 -0.8000 0 0 1
-15.3141 -0.2062 -0.8000 0 0 1
-15.2766 -0.2062 -0.8000 0 0 1
-15.2766 -0.1687 -0.8000 0 0 1
-15.3141 -0.1687 -0.8000 0 0 1
15.4266 -0.2062 -0.8000 0 0 1
15.5015 -0.2062 -0.8000 0 0 1
15.5015 -0.1687 -0.8000 0 0 1
15.4266 -0.1687 -0.8000 0 0 1
15.6515 -0.2062 -0.8000 0 0 1
15.7265 -0.2062 -0.8000 0 0 1
15.7265 -0.1687 -0.8000 0 0 1
15.6515 -0.1687 -0.8000 0 0 1
15.8389 -0.2062 -0.8000 0 0 1
15.8764 -0.2062 -0.8000 0 0 1
15.8764 -0.1687 -0.8000 0 0 1
15.8389 -0.1687 -0.8000 0 0 1
-15.7640 -0.2437 -0.8000 0 0 1
-15.2766 -0.2437 -0.8000 0 0 1
-15.2766 -0.2062 -0.8000 0 0 1
-15.7640 -0.2062 -0.8000 0 0 1
15.4641 -0.2437 -0.8000 0 0 1
15.6890 -0.2437 -0.8000 0 0 1
15.6890 -0.2062 -0.8000 0 0 1
15.4641 -0.2062 -0.8000 0 0 1
15.8389 -0.2437 -0.8000 0 0 1
15.8764 -0.2437 -0.8000 0 0 1
15.8764 -0.2062 -0.8000 0 0 1
15.8389 -0.2062 -0.8000 0 0 1
-15.7265 -0.2812 -0.8000 0 0 1
-15.6515 -0.2812 -0.8000 0 0 1
-15.6515 -0.2437 -0.8000 0 0 1
-15.7265 -0.2437 -0.8000 0 0 1
-15.4266 -0.2812 -0.8000 0 0 1
-15.3891 -0.2812 -0.8000 0 0 1
-15.3891 -0.2437 -0.8000 0 0 1
-15.4266 -0.2437 -0.8000 0 0 1
-15.3141 -0.2812 -0.8000 0 0 1
-15.2766 -0.2812 -0.8000 0 0 1
-15.2766 -0.2437 -0.8000 0 0 1
-15.3141 -0.2437 -0.8000 0 0 1
15.5015 -0.2812 -0.8000 0 0 1
15.6515 -0.2812 -0.8000 0 0 1
15.6515 -0.2437 -0.8000 0 0 1
15.5015 -0.2437 -0.8000 0 0 1
-15.6890 -0.3187 -0.8000 0 0 1
-15.6140 -0.3187 -0.8000 0 0 1
-15.6140 -0.2812 -0.8000 0 0 1
-15.6890 -0.2812 -0.8000 0 0 1
-15.4266 -0.3187 -0.8000 0 0 1
-15.3891 -0.3187 -0.8000 0 0 1
-15.3891 -0.2812 -0.8000 0 0 1
-15.4266 -0.2812 -0.8000 0 0 1
-15.3141 -0.3187 -0.8000 0 0 1
-15.2766 -0.3187 -0.8000 0 0 1
-15.2766 -0.2812 -0.8000 0 0 1
-15.3141 -0.2812 -0.8000 0 0 1
-15.6140 -0.3561 -0.8000 0 0 1
-15.5390 -0.3561 -0.8000 0 0 1
-15.5390 -0.3187 -0.8000 0 0 1
-15.6140 -0.3187 -0.8000 0 0 1
-15.4266 -0.3561 -0.8000 0 0 1
-15.3891 -0.3561 -0.8000 0 0 1
-15.3891 -0.3187 -0.8000 0 0 1
-15.4266 -0.3187 -0.8000 0 0 1
-15.5390 -0.3936 -0.8000 0 0 1
-15.4641 -0.3936 -0.8000 0 0 1
-15.4641 -0.3561 -0.8000 0 0 1
-15.5390 -0.3561 -0.8000 0 0 1
-15.4266 -0.3936 -0.8000 0 0 1
-15.3891 -0.3936 -0.8000 0 0 1
-15.3891 -0.3561 -0.8000 0 0 1
-15.4266 -0.3561 -0.8000 0 0 1
-15.5015 -0.4311 -0.8000 0 0 1
-15.3891 -0.4311 -0.8000 0 0 1
-15.3891 -0.3936 -0.8000 0 0 1
-15.5015 -0.3936 -0.8000 0 0 1
-18.6131 -1.9682 -0.8000 0 0 1
-18.3507 -1.9682 -0.8000 0 0 1
-18.3507 -1.9307 -0.8000 0 0 1
-18.6131 -1.9307 -0.8000 0 0 1
18.3882 -1.9682 -0.8000 0 0 1
18.6506 -1.9682 -0.8000 0 0 1
18.6506 -1.9307 -0.8000 0 0 1
18.3882 -1.9307 -0.8000 0 0 1
-18.9880 -2.0056 -0.8000 0 0 1
-18.4257 -2.0056 -0.8000 0 0 1
-18.4257 -1.9682 -0.8000 0 0 1
-18.9880 -1.9682 -0.8000 0 0 1
18.4631 -2.0056 -0.8000 0 0 1
19.0255 -2.0056 -0.8000 0 0 1
19.0255 -1.9682 -0.8000 0 0 1
18.4631 -1.9682 -0.8000 0 0 1
-19.3254 -2.0431 -0.8000 0 0 1
-18.8005 -2.0431 -0.8000 0 0 1
-18.8005 -2.0056 -0.8000 0 0 1
-19.3254 -2.0056 -0.8000 0 0 1
18.8380 -2.0431 -0.8000 0 0 1
19.3629 -2.0431 -0.8000 0 0 1
19.3629 -2.0056 -0.8000 0 0 1
18.8380 -2.0056 -0.8000 0 0 1
-19.4753 -2.0806 -0.8000 0 0 1
-19.1379 -2.0806 -0.8000 0 0 1
-19.1379 -2.0431 -0.8000 0 0 1
-19.4753 -2.0431 -0.8000 0 0 1
19.1754 -2.0806 -0.8000 0 0 1
19.5128 -2.0806 -0.8000 0 0 1
19.5128 -2.0431 -0.8000 0 0 1
19.1754 -2.0431 -0.8000 0 0 1
-18.2007 -3.8801 -0.8000 0 0 1
-18.0133 -3.8801 -0.8000 0 0 1
-18.0133 -3.8426 -0.8000 0 0 1
-18.2007 -3.8426 -0.8000 0 0 1
18.0508 -3.8801 -0.8000 0 0 1
18.2382 -3.8801 -0.8000 0 0 1
18.2382 -3.8426 -0.8000 0 0 1
18.0508 -3.8426 -0.8000 0 0 1
-18.3882 -3.9176 -0.8000 0 0 1
-18.0883 -3.9176 -0.8000 0 0 1
-18.0883 -3.8801 -0.8000 0 0 1
-18.3882 -3.8801 -0.8000 0 0 1
18.1258 -3.9176 -0.8000 0 0 1
18.4257 -3.9176 -0.8000 0 0 1
18.4257 -3.8801 -0.8000 0 0 1
18.1258 -3.8801 -0.8000 0 0 1
-18.5381 -3.9551 -0.8000 0 0 1
-18.2757 -3.9551 -0.8000 0 0 1
-18.2757 -3.9176 -0.8000 0 0 1
-18.5381 -3.9176 -0.8000 0 0 1
18.3132 -3.9551 -0.8000 0 0 1
18.5756 -3.9551 -0.8000 0 0 1
18.5756 -3.9176 -0.8000 0 0 1
18.3132 -3.9176 -0.8000 0 0 1
-18.7256 -3.9925 -0.8000 0 0 1
-18.4631 -3.9925 -0.8000 0 0 1
-18.4631 -3.9551 -0.8000 0 0 1
-18.7256 -3.9551 -0.8000 0 0 1
18.5006 -3.9925 -0.8000 0 0 1
18.7631 -3.9925 -0.8000 0 0 1
18.7631 -3.9551 -0.8000 0 0 1
18.5006 -3.9551 -0.8000 0 0 1
-18.9130 -4.0300 -0.8000 0 0 1
-18.6131 -4.0300 -0.8000 0 0 1
-18.6131 -3.9925 -0.8000 0 0 1
-18.9130 -3.9925 -0.8000 0 0 1
18.6506 -4.0300 -0.8000 0 0 1
18.9505 -4.0300 -0.8000 0 0 1
18.9505 -3.9925 -0.8000 0 0 1
18.6506 -3.9925 -0.8000 0 0 1
-19.0630 -4.0675 -0.8000 0 0 1
-18.8005 -4.0675 -0.8000 0 0 1
-18.8005 -4.0300 -0.8000 0 0 1
-19.0630 -4.0300 -0.8000 0 0 1
18.8380 -4.0675 -0.8000 0 0 1
19.1005 -4.0675 -0.8000 0 0 1
19.1005 -4.0300 -0.8000 0 0 1
18.8380 -4.0300 -0.8000 0 0 1
-19.1379 -4.1050 -0.8000 0 0 1
-18.9880 -4.1050 -0.8000 0 0 1
-18.9880 -4.0675 -0.8000 0 0 1
-19.1379 -4.0675 -0.8000 0 0 1
19.0255 -4.1050 -0.8000 0 0 1
19.1754 -4.1050 -0.8000 0 0 1
19.1754 -4.0675 -0.8000 0 0 1
19.0255 -4.0675 -0.8000 0 0 1
-17.6759 -5.7545 -0.8000 0 0 1
-17.5259 -5.7545 -0.8000 0 0 1
-17.5259 -5.7170 -0.8000 0 0 1
-17.6759 -5.7170 -0.8000 0 0 1
17.5634 -5.7545 -0.8000 0 0 1
17.7134 -5.7545 -0.8000 0 0 1
17.7134 -5.7170 -0.8000 0 0 1
17.5634 -5.7170 -0.8000 0 0 1
-17.7884 -5.7920 -0.8000 0 0 1
-17.6009 -5.7920 -0.8000 0 0 1
-17.6009 -5.7545 -0.8000 0 0 1
-17.7884 -5.7545 -0.8000 0 0 1
17.6384 -5.7920 -0.8000 0 0 1
17.8258 -5.7920 -0.8000 0 0 1
17.8258 -5.7545 -0.8000 0 0 1
17.6384 -5.7545 -0.8000 0 0 1
-17.9008 -5.8295 -0.8000 0 0 1
-17.7134 -5.8295 -0.8000 0 0 1
-17.7134 -5.7920 -0.8000 0 0 1
-17.9008 -5.7920 -0.8000 0 0 1
17.7509 -5.8295 -0.8000 0 0 1
17.9383 -5.8295 -0.8000 0 0 1
17.9383 -5.7920 -0.8000 0 0 1
17.7509 -5.7920 -0.8000 0 0 1
-18.0133 -5.8670 -0.8000 0 0 1
-17.8258 -5.8670 -0.8000 0 0 1
-17.8258 -5.8295 -0.8000 0 0 1
-18.0133 -5.8295 -0.8000 0 0 1
17.8633 -5.8670 -0.8000 0 0 1
18.0508 -5.8670 -0.8000 0 0 1
18.0508 -5.8295 -0.8000 0 0 1
17.8633 -5.8295 -0.8000 0 0 1
-18.1258 -5.9045 -0.8000 0 0 1
-17.9383 -5.9045 -0.8000 0 0 1
-17.9383 -5.8670 -0.8000 0 0 1
-18.1258 -5.8670 -0.8000 0 0 1
17.9758 -5.9045 -0.8000 0 0 1
18.1632 -5.9045 -0.8000 0 0 1
18.1632 -5.8670 -0.8000 0 0 1
17.9758 -5.8670 -0.8000 0 0 1
-18.2382 -5.9419 -0.8000 0 0 1
-18.0508 -5.9419 -0.8000 0 0 1
-18.0508 -5.9045 -0.8000 0 0 1
-18.2382 -5.9045 -0.8000 0 0 1
11.8652 -5.9419 -0.8000 0 0 1
12.0526 -5.9419 -0.8000 0 0 1
12.0526 -5.9045 -0.8000 0 0 1
11.8652 -5.9045 -0.8000 0 0 1
18.0883 -5.9419 -0.8000 0 0 1
18.2757 -5.9419 -0.8000 0 0 1
18.2757 -5.9045 -0.8000 0 0 1
18.0883 -5.9045 -0.8000 0 0 1
-18.3507 -5.9794 -0.8000 0 0 1
-18.1632 -5.9794 -0.8000 0 0 1
-18.1632 -5.9419 -0.8000 0 0 1
-18.3507 -5.9419 -0.8000 0 0 1
-11.9401 -5.9794 -0.8000 0 0 1
-11.5278 -5.9794 -0.8000 0 0 1
-11.5278 -5.9419 -0.8000 0 0 1
-11.9401 -5.9419 -0.8000 0 0 1
11.8277 -5.9794 -0.8000 0 0 1
12.0526 -5.9794 -0.8000 0 0 1
12.0526 -5.9419 -0.8000 0 0 1
11.8277 -5.9419 -0.8000 0 0 1
18.2007 -5.9794 -0.8000 0 0 1
18.3882 -5.9794 -0.8000 0 0 1
18.3882 -5.9419 -0.8000 0 0 1
18.2007 -5.9419 -0.8000 0 0 1
-18.4631 -6.0169 -0.8000 0 0 1
-18.2757 -6.0169 -0.8000 0 0 1
-18.2757 -5.9794 -0.8000 0 0 1
-18.4631 -5.9794 -0.8000 0 0 1
-12.0151 -6.0169 -0.8000 0 0 1
-11.4528 -6.0169 -0.8000 0 0 1
-11.4528 -5.9794 -0.8000 0 0 1
-12.0151 -5.9794 -0.8000 0 0 1
11.8277 -6.0169 -0.8000 0 0 1
12.0526 -6.0169 -0.8000 0 0 1
12.0526 -5.9794 -0.8000 0 0 1
11.8277 -5.9794 -0.8000 0 0 1
18.3132 -6.0169 -0.8000 0 0 1
18.5006 -6.0169 -0.8000 0 0 1
18.5006 -5.9794 -0.8000 0 0 1
18.3132 -5.9794 -0.8000 0 0 1
-18.5756 -6.0544 -0.8000 0 0 1
-18.4257 -6.0544 -0.8000 0 0 1
-18.4257 -6.0169 -0.8000 0 0 1
-18.5756 -6.0169 -0.8000 0 0 1
-12.0526 -6.0544 -0.8000 0 0 1
-11.8277 -6.0544 -0.8000 0 0 1
-11.8277 -6.0169 -0.8000 0 0 1
-12.0526 -6.0169 -0.8000 0 0 1
-11.6402 -6.0544 -0.8000 0 0 1
-11.3778 -6.0544 -0.8000 0 0 1
-11.3778 -6.0169 -0.8000 0 0 1
-11.6402 -6.0169 -0.8000 0 0 1
11.7902 -6.0544 -0.8000 0 0 1
12.0526 -6.0544 -0.8000 0 0 1
12.0526 -6.0169 -0.8000 0 0 1
11.7902 -6.0169 -0.8000 0 0 1
18.4631 -6.0544 -0.8000 0 0 1
18.6131 -6.0544 -0.8000 0 0 1
18.6131 -6.0169 -0.8000 0 0 1
18.4631 -6.0169 -0.8000 0 0 1
-18.6131 -6.0919 -0.8000 0 0 1
-18.5381 -6.0919 -0.8000 0 0 1
-18.5381 -6.0544 -0.8000 0 0 1
-18.6131 -6.0544 -0.8000 0 0 1
-12.0901 -6.0919 -0.8000 0 0 1
-11.9026 -6.0919 -0.8000 0 0 1
-11.9026 -6.0544 -0.8000 0 0 1
-12.0901 -6.0544 -0.8000 0 0 1
-11.5652 -6.0919 -0.8000 0 0 1
-11.3778 -6.0919 -0.8000 0 0 1
-11.3778 -6.0544 -0.8000 0 0 1
-11.5652 -6.0544 -0.8000 0 0 1
11.7527 -6.0919 -0.8000 0 0 1
12.0526 -6.0919 -0.8000 0 0 1
12.0526 -6.0544 -0.8000 0 0 1
11.7527 -6.0544 -0.8000 0 0 1
18.5756 -6.0919 -0.8000 0 0 1
18.6506 -6.0919 -0.8000 0 0 1
18.6506 -6.0544 -0.8000 0 0 1
18.5756 -6.0544 -0.8000 0 0 1
-12.1276 -6.1294 -0.8000 0 0 1
-11.9401 -6.1294 -0.8000 0 0 1
-11.9401 -6.0919 -0.8000 0 0 1
-12.1276 -6.0919 -0.8000 0 0 1
-11.5278 -6.1294 -0.8000 0 0 1
-11.3403 -6.1294 -0.8000 0 0 1
-11.3403 -6.0919 -0.8000 0 0 1
-11.5278 -6.0919 -0.8000 0 0 1
11.7527 -6.1294 -0.8000 0 0 1
12.0526 -6.1294 -0.8000 0 0 1
12.0526 -6.0919 -0.8000 0 0 1
11.7527 -6.0919 -0.8000 0 0 1
-12.1651 -6.1669 -0.8000 0 0 1
-11.9401 -6.1669 -0.8000 0 0 1
-11.9401 -6.1294 -0.8000 0 0 1
-12.1651 -6.1294 -0.8000 0 0 1
-11.5278 -6.1669 -0.8000 0 0 1
-11.3028 -6.1669 -0.8000 0 0 1
-11.3028 -6.1294 -0.8000 0 0 1
-11.5278 -6.1294 -0.8000 0 0 1
11.7152 -6.1669 -0.8000 0 0 1
12.0526 -6.1669 -0.8000 0 0 1
12.0526 -6.1294 -0.8000 0 0 1
11.7152 -6.1294 -0.8000 0 0 1
-12.1651 -6.2044 -0.8000 0 0 1
-11.9776 -6.2044 -0.8000 0 0 1
-11.9776 -6.1669 -0.8000 0 0 1
-12.1651 -6.1669 -0.8000 0 0 1
-11.4903 -6.2044 -0.8000 0 0 1
-11.3028 -6.2044 -0.8000 0 0 1
-11.3028 -6.1669 -0.8000 0 0 1
-11.4903 -6.1669 -0.8000 0 0 1
11.6777 -6.2044 -0.8000 0 0 1
11.8277 -6.2044 -0.8000 0 0 1
11.8277 -6.1669 -0.8000 0 0 1
11.6777 -6.1669 -0.8000 0 0 1
11.8652 -6.2044 -0.8000 0 0 1
12.0526 -6.2044 -0.8000 0 0 1
12.0526 -6.1669 -0.8000 0 0 1
11.8652 -6.1669 -0.8000 0 0 1
-12.1651 -6.2419 -0.8000 0 0 1
-11.9776 -6.2419 -0.8000 0 0 1
-11.9776 -6.2044 -0.8000 0 0 1
-12.1651 -6.2044 -0.8000 0 0 1
-11.4903 -6.2419 -0.8000 0 0 1
-11.3028 -6.2419 -0.8000 0 0 1
-11.3028 -6.2044 -0.8000 0 0 1
-11.4903 -6.2044 -0.8000 0 0 1
11.6777 -6.2419 -0.8000 0 0 1
11.7902 -6.2419 -0.8000 0 0 1
11.7902 -6.2044 -0.8000 0 0 1
11.6777 -6.2044 -0.8000 0 0 1
11.8652 -6.2419 -0.8000 0 0 1
12.0526 -6.2419 -0.8000 0 0 1
12.0526 -6.2044 -0.8000 0 0 1
11.8652 -6.2044 -0.8000 0 0 1
-12.1651 -6.2793 -0.8000 0 0 1
-11.9776 -6.2793 -0.8000 0 0 1
-11.9776 -6.2419 -0.8000 0 0 1
-12.1651 -6.2419 -0.8000 0 0 1
-11.4903 -6.2793 -0.8000 0 0 1
-11.3028 -6.2793 -0.8000 0 0 1
-11.3028 -6.2419 -0.8000 0 0 1
-11.4903 -6.2419 -0.8000 0 0 1
11.6402 -6.2793 -0.8000 0 0 1
11.7902 -6.2793 -0.8000 0 0 1
11.7902 -6.2419 -0.8000 0 0 1
11.6402 -6.2419 -0.8000 0 0 1
11.8652 -6.2793 -0.8000 0 0 1
12.0526 -6.2793 -0.8000 0 0 1
12.0526 -6.2419 -0.8000 0 0 1
11.8652 -6.2419 -0.8000 0 0 1
-12.1651 -6.3168 -0.8000 0 0 1
-11.9776 -6.3168 -0.8000 0 0 1
-11.9776 -6.2793 -0.8000 0 0 1
-12.1651 -6.2793 -0.8000 0 0 1
-11.4903 -6.3168 -0.8000 0 0 1
-11.3028 -6.3168 -0.8000 0 0 1
-11.3028 -6.2793 -0.8000 0 0 1
-11.4903 -6.2793 -0.8000 0 0 1
11.6027 -6.3168 -0.8000 0 0 1
11.7527 -6.3168 -0.8000 0 0 1
11.7527 -6.2793 -0.8000 0 0 1
11.6027 -6.2793 -0.8000 0 0 1
11.8652 -6.3168 -0.8000 0 0 1
12.0526 -6.3168 -0.8000 0 0 1
12.0526 -6.2793 -0.8000 0 0 1
11.8652 -6.2793 -0.8000 0 0 1
-12.1651 -6.3543 -0.8000 0 0 1
-11.9776 -6.3543 -0.8000 0 0 1
-11.9776 -6.3168 -0.8000 0 0 1
-12.1651 -6.3168 -0.8000 0 0 1
-11.4903 -6.3543 -0.8000 0 0 1
-11.3028 -6.3543 -0.8000 0 0 1
-11.3028 -6.3168 -0.8000 0 0 1
-11.4903 -6.3168 -0.8000 0 0 1
11.6027 -6.3543 -0.8000 0 0 1
11.7152 -6.3543 -0.8000 0 0 1
11.7152 -6.3168 -0.8000 0 0 1
11.6027 -6.3168 -0.8000 0 0 1
11.8652 -6.3543 -0.8000 0 0 1
12.0526 -6.3543 -0.8000 0 0 1
12.0526 -6.3168 -0.8000 0 0 1
11.8652 -6.3168 -0.8000 0 0 1
-12.1651 -6.3918 -0.8000 0 0 1
-11.9776 -6.3918 -0.8000 0 0 1
-11.9776 -6.3543 -0.8000 0 0 1
-12.1651 -6.3543 -0.8000 0 0 1
-11.4903 -6.3918 -0.8000 0 0 1
-11.3028 -6.3918 -0.8000 0 0 1
-11.3028 -6.3543 -0.8000 0 0 1
-11.4903 -6.3543 -0.8000 0 0 1
11.5652 -6.3918 -0.8000 0 0 1
11.7152 -6.3918 -0.8000 0 0 1
11.7152 -6.3543 -0.8000 0 0 1
11.5652 -6.3543 -0.8000 0 0 1
11.8652 -6.3918 -0.8000 0 0 1
12.0526 -6.3918 -0.8000 0 0 1
12.0526 -6.3543 -0.8000 0 0 1
11.8652 -6.3543 -0.8000 0 0 1
-12.1651 -6.4293 -0.8000 0 0 1
-11.9776 -6.4293 -0.8000 0 0 1
-11.9776 -6.3918 -0.8000 0 0 1
-12.1651 -6.3918 -0.8000 0 0 1
-11.4903 -6.4293 -0.8000 0 0 1
-11.3028 -6.4293 -0.8000 0 0 1
-11.3028 -6.3918 -0.8000 0 0 1
-11.4903 -6.3918 -0.8000 0 0 1
11.5652 -6.4293 -0.8000 0 0 1
11.6777 -6.4293 -0.8000 0 0 1
11.6777 -6.3918 -0.8000 0 0 1
11.5652 -6.3918 -0.8000 0 0 1
11.8652 -6.4293 -0.8000 0 0 1
12.0526 -6.4293 -0.8000 0 0 1
12.0526 -6.3918 -0.8000 0 0 1
11.8652 -6.3918 -0.8000 0 0 1
-12.1276 -6.4668 -0.8000 0 0 1
-11.9401 -6.4668 -0.8000 0 0 1
-11.9401 -6.4293 -0.8000 0 0 1
-12.1276 -6.4293 -0.8000 0 0 1
-11.5278 -6.4668 -0.8000 0 0 1
-11.3403 -6.4668 -0.8000 0 0 1
-11.3403 -6.4293 -0.8000 0 0 1
-11.5278 -6.4293 -0.8000 0 0 1
11.5278 -6.4668 -0.8000 0 0 1
11.6777 -6.4668 -0.8000 0 0 1
11.6777 -6.4293 -0.8000 0 0 1
11.5278 -6.4293 -0.8000 0 0 1
11.8652 -6.4668 -0.8000 0 0 1
12.0526 -6.4668 -0.8000 0 0 1
12.0526 -6.4293 -0.8000 0 0 1
11.8652 -6.4293 -0.8000 0 0 1
-12.0901 -6.5043 -0.8000 0 0 1
-11.9026 -6.5043 -0.8000 0 0 1
-11.9026 -6.4668 -0.8000 0 0 1
-12.0901 -6.4668 -0.8000 0 0 1
-11.5278 -6.5043 -0.8000 0 0 1
-11.3403 -6.5043 -0.8000 0 0 1
-11.3403 -6.4668 -0.8000 0 0 1
-11.5278 -6.4668 -0.8000 0 0 1
11.4903 -6.5043 -0.8000 0 0 1
11.6402 -6.5043 -0.8000 0 0 1
11.6402 -6.4668 -0.8000 0 0 1
11.4903 -6.4668 -0.8000 0 0 1
11.8652 -6.5043 -0.8000 0 0 1
12.0526 -6.5043 -0.8000 0 0 1
12.0526 -6.4668 -0.8000 0 0 1
11.8652 -6.4668 -0.8000 0 0 1
-12.0526 -6.5418 -0.8000 0 0 1
-11.8652 -6.5418 -0.8000 0 0 1
-11.8652 -6.5043 -0.8000 0 0 1
-12.0526 -6.5043 -0.8000 0 0 1
-11.6027 -6.5418 -0.8000 0 0 1
-11.3778 -6.5418 -0.8000 0 0 1
-11.3778 -6.5043 -0.8000 0 0 1
-11.6027 -6.5043 -0.8000 0 0 1
11.4903 -6.5418 -0.8000 0 0 1
11.6027 -6.5418 -0.8000 0 0 1
11.6027 -6.5043 -0.8000 0 0 1
11.4903 -6.5043 -0.8000 0 0 1
11.8652 -6.5418 -0.8000 0 0 1
12.0526 -6.5418 -0.8000 0 0 1
12.0526 -6.5043 -0.8000 0 0 1
11.8652 -6.5043 -0.8000 0 0 1
-12.0151 -6.5793 -0.8000 0 0 1
-11.4153 -6.5793 -0.8000 0 0 1
-11.4153 -6.5418 -0.8000 0 0 1
-12.0151 -6.5418 -0.8000 0 0 1
11.4528 -6.5793 -0.8000 0 0 1
11.6027 -6.5793 -0.8000 0 0 1
11.6027 -6.5418 -0.8000 0 0 1
11.4528 -6.5418 -0.8000 0 0 1
11.8652 -6.5793 -0.8000 0 0 1
12.0526 -6.5793 -0.8000 0 0 1
12.0526 -6.5418 -0.8000 0 0 1
11.8652 -6.5418 -0.8000 0 0 1
-11.9026 -6.6167 -0.8000 0 0 1
-11.5278 -6.6167 -0.8000 0 0 1
-11.5278 -6.5793 -0.8000 0 0 1
-11.9026 -6.5793 -0.8000 0 0 1
11.4153 -6.6167 -0.8000 0 0 1
11.5652 -6.6167 -0.8000 0 0 1
11.5652 -6.5793 -0.8000 0 0 1
11.4153 -6.5793 -0.8000 0 0 1
11.8652 -6.6167 -0.8000 0 0 1
12.0526 -6.6167 -0.8000 0 0 1
12.0526 -6.5793 -0.8000 0 0 1
11.8652 -6.5793 -0.8000 0 0 1
-11.9776 -6.6542 -0.8000 0 0 1
-11.4903 -6.6542 -0.8000 0 0 1
-11.4903 -6.6167 -0.8000 0 0 1
-11.9776 -6.6167 -0.8000 0 0 1
11.4153 -6.6542 -0.8000 0 0 1
11.5278 -6.6542 -0.8000 0 0 1
11.5278 -6.6167 -0.8000 0 0 1
11.4153 -6.6167 -0.8000 0 0 1
11.8652 -6.6542 -0.8000 0 0 1
12.0526 -6.6542 -0.8000 0 0 1
12.0526 -6.6167 -0.8000 0 0 1
11.8652 -6.6167 -0.8000 0 0 1
-12.0526 -6.6917 -0.8000 0 0 1
-11.8277 -6.6917 -0.8000 0 0 1
-11.8277 -6.6542 -0.8000 0 0 1
-12.0526 -6.6542 -0.8000 0 0 1
-11.6027 -6.6917 -0.8000 0 0 1
-11.4153 -6.6917 -0.8000 0 0 1
-11.4153 -6.6542 -0.8000 0 0 1
-11.6027 -6.6542 -0.8000 0 0 1
11.3778 -6.6917 -0.8000 0 0 1
11.5278 -6.6917 -0.8000 0 0 1
11.5278 -6.6542 -0.8000 0 0 1
11.3778 -6.6542 -0.8000 0 0 1
11.8652 -6.6917 -0.8000 0 0 1
12.0526 -6.6917 -0.8000 0 0 1
12.0526 -6.6542 -0.8000 0 0 1
11.8652 -6.6542 -0.8000 0 0 1
-12.1276 -6.7292 -0.8000 0 0 1
-11.9026 -6.7292 -0.8000 0 0 1
-11.9026 -6.6917 -0.8000 0 0 1
-12.1276 -6.6917 -0.8000 0 0 1
-11.5652 -6.7292 -0.8000 0 0 1
-11.3778 -6.7292 -0.8000 0 0 1
-11.3778 -6.6917 -0.8000 0 0 1
-11.5652 -6.6917 -0.8000 0 0 1
11.3403 -6.7292 -0.8000 0 0 1
11.4903 -6.7292 -0.8000 0 0 1
11.4903 -6.6917 -0.8000 0 0 1
11.3403 -6.6917 -0.8000 0 0 1
11.8652 -6.7292 -0.8000 0 0 1
12.0526 -6.7292 -0.8000 0 0 1
12.0526 -6.6917 -0.8000 0 0 1
11.8652 -6.6917 -0.8000 0 0 1
-12.1276 -6.7667 -0.8000 0 0 1
-11.9401 -6.7667 -0.8000 0 0 1
-11.9401 -6.7292 -0.8000 0 0 1
-12.1276 -6.7292 -0.8000 0 0 1
-11.5278 -6.7667 -0.8000 0 0 1
-11.3403 -6.7667 -0.8000 0 0 1
-11.3403 -6.7292 -0.8000 0 0 1
-11.5278 -6.7292 -0.8000 0 0 1
11.3403 -6.7667 -0.8000 0 0 1
11.4528 -6.7667 -0.8000 0 0 1
11.4528 -6.7292 -0.8000 0 0 1
11.3403 -6.7292 -0.8000 0 0 1
11.8652 -6.7667 -0.8000 0 0 1
12.0526 -6.7667 -0.8000 0 0 1
12.0526 -6.7292 -0.8000 0 0 1
11.8652 -6.7292 -0.8000 0 0 1
-12.1651 -6.8042 -0.8000 0 0 1
-11.9776 -6.8042 -0.8000 0 0 1
-11.9776 -6.7667 -0.8000 0 0 1
-12.1651 -6.7667 -0.8000 0 0 1
-11.4903 -6.8042 -0.8000 0 0 1
-11.3028 -6.8042 -0.8000 0 0 1
-11.3028 -6.7667 -0.8000 0 0 1
-11.4903 -6.7667 -0.8000 0 0 1
11.3028 -6.8042 -0.8000 0 0 1
11.4528 -6.8042 -0.8000 0 0 1
11.4528 -6.7667 -0.8000 0 0 1
11.3028 -6.7667 -0.8000 0 0 1
11.8652 -6.8042 -0.8000 0 0 1
12.0526 -6.8042 -0.8000 0 0 1
12.0526 -6.7667 -0.8000 0 0 1
11.8652 -6.7667 -0.8000 0 0 1
-12.2025 -6.8417 -0.8000 0 0 1
-11.9776 -6.8417 -0.8000 0 0 1
-11.9776 -6.8042 -0.8000 0 0 1
-12.2025 -6.8042 -0.8000 0 0 1
-11.4528 -6.8417 -0.8000 0 0 1
-11.2653 -6.8417 -0.8000 0 0 1
-11.2653 -6.8042 -0.8000 0 0 1
-11.4528 -6.8042 -0.8000 0 0 1
11.3028 -6.8417 -0.8000 0 0 1
11.4153 -6.8417 -0.8000 0 0 1
11.4153 -6.8042 -0.8000 0 0 1
11.3028 -6.8042 -0.8000 0 0 1
11.8652 -6.8417 -0.8000 0 0 1
12.0526 -6.8417 -0.8000 0 0 1
12.0526 -6.8042 -0.8000 0 0 1
11.8652 -6.8042 -0.8000 0 0 1
-12.2025 -6.8792 -0.8000 0 0 1
-12.0151 -6.8792 -0.8000 0 0 1
-12.0151 -6.8417 -0.8000 0 0 1
-12.2025 -6.8417 -0.8000 0 0 1
-11.4528 -6.8792 -0.8000 0 0 1
-11.2653 -6.8792 -0.8000 0 0 1
-11.2653 -6.8417 -0.8000 0 0 1
-11.4528 -6.8417 -0.8000 0 0 1
11.2653 -6.8792 -0.8000 0 0 1
11.4153 -6.8792 -0.8000 0 0 1
11.4153 -6.8417 -0.8000 0 0 1
11.2653 -6.8417 -0.8000 0 0 1
11.8652 -6.8792 -0.8000 0 0 1
12.0526 -6.8792 -0.8000 0 0 1
12.0526 -6.8417 -0.8000 0 0 1
11.8652 -6.8417 -0.8000 0 0 1
-12.2025 -6.9167 -0.8000 0 0 1
-12.0151 -6.9167 -0.8000 0 0 1
-12.0151 -6.8792 -0.8000 0 0 1
-12.2025 -6.8792 -0.8000 0 0 1
-11.4528 -6.9167 -0.8000 0 0 1
-11.2653 -6.9167 -0.8000 0 0 1
-11.2653 -6.8792 -0.8000 0 0 1
-11.4528 -6.8792 -0.8000 0 0 1
11.2653 -6.9167 -0.8000 0 0 1
12.3150 -6.9167 -0.8000 0 0 1
12.3150 -6.8792 -0.8000 0 0 1
11.2653 -6.8792 -0.8000 0 0 1
-12.2025 -6.9541 -0.8000 0 0 1
-12.0151 -6.9541 -0.8000 0 0 1
-12.0151 -6.9167 -0.8000 0 0 1
-12.2025 -6.9167 -0.8000 0 0 1
-11.4528 -6.9541 -0.8000 0 0 1
-11.2278 -6.9541 -0.8000 0 0 1
-11.2278 -6.9167 -0.8000 0 0 1
-11.4528 -6.9167 -0.8000 0 0 1
11.2653 -6.9541 -0.8000 0 0 1
12.3150 -6.9541 -0.8000 0 0 1
12.3150 -6.9167 -0.8000 0 0 1
11.2653 -6.9167 -0.8000 0 0 1
-12.2025 -6.9916 -0.8000 0 0 1
-12.0151 -6.9916 -0.8000 0 0 1
-12.0151 -6.9541 -0.8000 0 0 1
-12.2025 -6.9541 -0.8000 0 0 1
-11.4528 -6.9916 -0.8000 0 0 1
-11.2278 -6.9916 -0.8000 0 0 1
-11.2278 -6.9541 -0.8000 0 0 1
-11.4528 -6.9541 -0.8000 0 0 1
11.2653 -6.9916 -0.8000 0 0 1
12.3150 -6.9916 -0.8000 0 0 1
12.3150 -6.9541 -0.8000 0 0 1
11.2653 -6.9541 -0.8000 0 0 1
-12.2025 -7.0291 -0.8000 0 0 1
-12.0151 -7.0291 -0.8000 0 0 1
-12.0151 -6.9916 -0.8000 0 0 1
-12.2025 -6.9916 -0.8000 0 0 1
-11.4528 -7.0291 -0.8000 0 0 1
-11.2278 -7.0291 -0.8000 0 0 1
-11.2278 -6.9916 -0.8000 0 0 1
-11.4528 -6.9916 -0.8000 0 0 1
11.8652 -7.0291 -0.8000 0 0 1
12.0526 -7.0291 -0.8000 0 0 1
12.0526 -6.9916 -0.8000 0 0 1
11.8652 -6.9916 -0.8000 0 0 1
-12.2025 -7.0666 -0.8000 0 0 1
-12.0151 -7.0666 -0.8000 0 0 1
-12.0151 -7.0291 -0.8000 0 0 1
-12.2025 -7.0291 -0.8000 0 0 1
-11.4528 -7.0666 -0.8000 0 0 1
-11.2653 -7.0666 -0.8000 0 0 1
-11.2653 -7.0291 -0.8000 0 0 1
-11.4528 -7.0291 -0.8000 0 0 1
11.8652 -7.0666 -0.8000 0 0 1
12.0526 -7.0666 -0.8000 0 0 1
12.0526 -7.0291 -0.8000 0 0 1
11.8652 -7.0291 -0.8000 0 0 1
-12.2025 -7.1041 -0.8000 0 0 1
-12.0151 -7.1041 -0.8000 0 0 1
-12.0151 -7.0666 -0.8000 0 0 1
-12.2025 -7.0666 -0.8000 0 0 1
-11.4528 -7.1041 -0.8000 0 0 1
-11.2653 -7.1041 -0.8000 0 0 1
-11.2653 -7.0666 -0.8000 0 0 1
-11.4528 -7.0666 -0.8000 0 0 1
11.8652 -7.1041 -0.8000 0 0 1
12.0526 -7.1041 -0.8000 0 0 1
12.0526 -7.0666 -0.8000 0 0 1
11.8652 -7.0666 -0.8000 0 0 1
-12.2025 -7.1416 -0.8000 0 0 1
-12.0151 -7.1416 -0.8000 0 0 1
-12.0151 -7.1041 -0.8000 0 0 1
-12.2025 -7.1041 -0.8000 0 0 1
-11.4528 -7.1416 -0.8000 0 0 1
-11.2653 -7.1416 -0.8000 0 0 1
-11.2653 -7.1041 -0.8000 0 0 1
-11.4528 -7.1041 -0.8000 0 0 1
11.8652 -7.1416 -0.8000 0 0 1
12.0526 -7.1416 -0.8000 0 0 1
12.0526 -7.1041 -0.8000 0 0 1
11.8652 -7.1041 -0.8000 0 0 1
-12.2025 -7.1791 -0.8000 0 0 1
-11.9776 -7.1791 -0.8000 0 0 1
-11.9776 -7.1416 -0.8000 0 0 1
-12.2025 -7.1416 -0.8000 0 0 1
-11.4903 -7.1791 -0.8000 0 0 1
-11.2653 -7.1791 -0.8000 0 0 1
-11.2653 -7.1416 -0.8000 0 0 1
-11.4903 -7.1416 -0.8000 0 0 1
11.8652 -7.1791 -0.8000 0 0 1
12.0526 -7.1791 -0.8000 0 0 1
12.0526 -7.1416 -0.8000 0 0 1
11.8652 -7.1416 -0.8000 0 0 1
-12.1651 -7.2166 -0.8000 0 0 1
-11.9776 -7.2166 -0.8000 0 0 1
-11.9776 -7.1791 -0.8000 0 0 1
-12.1651 -7.1791 -0.8000 0 0 1
-11.4903 -7.2166 -0.8000 0 0 1
-11.3028 -7.2166 -0.8000 0 0 1
-11.3028 -7.1791 -0.8000 0 0 1
-11.4903 -7.1791 -0.8000 0 0 1
11.8652 -7.2166 -0.8000 0 0 1
12.0526 -7.2166 -0.8000 0 0 1
12.0526 -7.1791 -0.8000 0 0 1
11.8652 -7.1791 -0.8000 0 0 1
-12.1276 -7.2540 -0.8000 0 0 1
-11.9401 -7.2540 -0.8000 0 0 1
-11.9401 -7.2166 -0.8000 0 0 1
-12.1276 -7.2166 -0.8000 0 0 1
-11.5278 -7.2540 -0.8000 0 0 1
-11.3028 -7.2540 -0.8000 0 0 1
-11.3028 -7.2166 -0.8000 0 0 1
-11.5278 -7.2166 -0.8000 0 0 1
11.8652 -7.2540 -0.8000 0 0 1
12.0526 -7.2540 -0.8000 0 0 1
12.0526 -7.2166 -0.8000 0 0 1
11.8652 -7.2166 -0.8000 0 0 1
-12.1276 -7.2915 -0.8000 0 0 1
-11.8652 -7.2915 -0.8000 0 0 1
-11.8652 -7.2540 -0.8000 0 0 1
-12.1276 -7.2540 -0.8000 0 0 1
-11.5652 -7.2915 -0.8000 0 0 1
-11.3403 -7.2915 -0.8000 0 0 1
-11.3403 -7.2540 -0.8000 0 0 1
-11.5652 -7.2540 -0.8000 0 0 1
11.6777 -7.2915 -0.8000 0 0 1
12.2775 -7.2915 -0.8000 0 0 1
12.2775 -7.2540 -0.8000 0 0 1
11.6777 -7.2540 -0.8000 0 0 1
-12.0526 -7.3290 -0.8000 0 0 1
-11.3778 -7.3290 -0.8000 0 0 1
-11.3778 -7.2915 -0.8000 0 0 1
-12.0526 -7.2915 -0.8000 0 0 1
11.6402 -7.3290 -0.8000 0 0 1
12.2775 -7.3290 -0.8000 0 0 1
12.2775 -7.2915 -0.8000 0 0 1
11.6402 -7.2915 -0.8000 0 0 1
-12.0151 -7.3665 -0.8000 0 0 1
-11.4528 -7.3665 -0.8000 0 0 1
-11.4528 -7.3290 -0.8000 0 0 1
-12.0151 -7.3290 -0.8000 0 0 1
11.6402 -7.3665 -0.8000 0 0 1
12.2775 -7.3665 -0.8000 0 0 1
12.2775 -7.3290 -0.8000 0 0 1
11.6402 -7.3290 -0.8000 0 0 1
-11.9026 -7.4040 -0.8000 0 0 1
-11.5652 -7.4040 -0.8000 0 0 1
-11.5652 -7.3665 -0.8000 0 0 1
-11.9026 -7.3665 -0.8000 0 0 1
13.5146 -7.4415 -0.8000 0 0 1
13.5896 -7.4415 -0.8000 0 0 1
13.5896 -7.4040 -0.8000 0 0 1
13.5146 -7.4040 -0.8000 0 0 1
13.5146 -7.4790 -0.8000 0 0 1
13.5896 -7.4790 -0.8000 0 0 1
13.5896 -7.4415 -0.8000 0 0 1
13.5146 -7.4415 -0.8000 0 0 1
13.4772 -7.5165 -0.8000 0 0 1
13.5896 -7.5165 -0.8000 0 0 1
13.5896 -7.4790 -0.8000 0 0 1
13.4772 -7.4790 -0.8000 0 0 1
-16.9261 -7.5540 -0.8000 0 0 1
-16.8511 -7.5540 -0.8000 0 0 1
-16.8511 -7.5165 -0.8000 0 0 1
-16.9261 -7.5165 -0.8000 0 0 1
-13.5521 -7.5540 -0.8000 0 0 1
-13.3272 -7.5540 -0.8000 0 0 1
-13.3272 -7.5165 -0.8000 0 0 1
-13.5521 -7.5165 -0.8000 0 0 1
13.4772 -7.5540 -0.8000 0 0 1
13.5146 -7.5540 -0.8000 0 0 1
13.5146 -7.5165 -0.8000 0 0 1
13.4772 -7.5165 -0.8000 0 0 1
13.5521 -7.5540 -0.8000 0 0 1
13.5896 -7.5540 -0.8000 0 0 1
13.5896 -7.5165 -0.8000 0 0 1
13.5521 -7.5165 -0.8000 0 0 1
16.8886 -7.5540 -0.8000 0 0 1
16.9636 -7.5540 -0.8000 0 0 1
16.9636 -7.5165 -0.8000 0 0 1
16.8886 -7.5165 -0.8000 0 0 1
-17.0011 -7.5914 -0.8000 0 0 1
-16.8886 -7.5914 -0.8000 0 0 1
-16.8886 -7.5540 -0.8000 0 0 1
-17.0011 -7.5540 -0.8000 0 0 1
-13.6271 -7.5914 -0.8000 0 0 1
-13.4772 -7.5914 -0.8000 0 0 1
-13.4772 -7.5540 -0.8000 0 0 1
-13.6271 -7.5540 -0.8000 0 0 1
-13.3647 -7.5914 -0.8000 0 0 1
-13.2897 -7.5914 -0.8000 0 0 1
-13.2897 -7.5540 -0.8000 0 0 1
-13.3647 -7.5540 -0.8000 0 0 1
13.4397 -7.5914 -0.8000 0 0 1
13.5146 -7.5914 -0.8000 0 0 1
13.5146 -7.5540 -0.8000 0 0 1
13.4397 -7.5540 -0.8000 0 0 1
13.5896 -7.5914 -0.8000 0 0 1
13.6271 -7.5914 -0.8000 0 0 1
13.6271 -7.5540 -0.8000 0 0 1
13.5896 -7.5540 -0.8000 0 0 1
16.9261 -7.5914 -0.8000 0 0 1
17.0386 -7.5914 -0.8000 0 0 1
17.0386 -7.5540 -0.8000 0 0 1
16.9261 -7.5540 -0.8000 0 0 1
-17.1136 -7.6289 -0.8000 0 0 1
-16.9636 -7.6289 -0.8000 0 0 1
-16.9636 -7.5914 -0.8000 0 0 1
-17.1136 -7.5914 -0.8000 0 0 1
-13.6646 -7.6289 -0.8000 0 0 1
-13.5521 -7.6289 -0.8000 0 0 1
-13.5521 -7.5914 -0.8000 0 0 1
-13.6646 -7.5914 -0.8000 0 0 1
-13.3272 -7.6289 -0.8000 0 0 1
-13.2897 -7.6289 -0.8000 0 0 1
-13.2897 -7.5914 -0.8000 0 0 1
-13.3272 -7.5914 -0.8000 0 0 1
13.4022 -7.6289 -0.8000 0 0 1
13.4772 -7.6289 -0.8000 0 0 1
13.4772 -7.5914 -0.8000 0 0 1
13.4022 -7.5914 -0.8000 0 0 1
13.5896 -7.6289 -0.8000 0 0 1
13.6271 -7.6289 -0.8000 0 0 1
13.6271 -7.5914 -0.8000 0 0 1
13.5896 -7.5914 -0.8000 0 0 1
13.8520 -7.6289 -0.8000 0 0 1
13.8895 -7.6289 -0.8000 0 0 1
13.8895 -7.5914 -0.8000 0 0 1
13.8520 -7.5914 -0.8000 0 0 1
17.0011 -7.6289 -0.8000 0 0 1
17.1510 -7.6289 -0.8000 0 0 1
17.1510 -7.5914 -0.8000 0 0 1
17.0011 -7.5914 -0.8000 0 0 1
-17.1885 -7.6664 -0.8000 0 0 1
-17.0386 -7.6664 -0.8000 0 0 1
-17.0386 -7.6289 -0.8000 0 0 1
-17.1885 -7.6289 -0.8000 0 0 1
-13.7021 -7.6664 -0.8000 0 0 1
-13.5896 -7.6664 -0.8000 0 0 1
-13.5896 -7.6289 -0.8000 0 0 1
-13.7021 -7.6289 -0.8000 0 0 1
-13.3272 -7.6664 -0.8000 0 0 1
-13.2897 -7.6664 -0.8000 0 0 1
-13.2897 -7.6289 -0.8000 0 0 1
-13.3272 -7.6289 -0.8000 0 0 1
13.4022 -7.6664 -0.8000 0 0 1
13.4772 -7.6664 -0.8000 0 0 1
13.4772 -7.6289 -0.8000 0 0 1
13.4022 -7.6289 -0.8000 0 0 1
13.5896 -7.6664 -0.8000 0 0 1
13.6271 -7.6664 -0.8000 0 0 1
13.6271 -7.6289 -0.8000 0 0 1
13.5896 -7.6289 -0.8000 0 0 1
13.8520 -7.6664 -0.8000 0 0 1
13.8895 -7.6664 -0.8000 0 0 1
13.8895 -7.6289 -0.8000 0 0 1
13.8520 -7.6289 -0.8000 0 0 1
17.0761 -7.6664 -0.8000 0 0 1
17.2260 -7.6664 -0.8000 0 0 1
17.2260 -7.6289 -0.8000 0 0 1
17.0761 -7.6289 -0.8000 0 0 1
-17.2635 -7.7039 -0.8000 0 0 1
-17.1136 -7.7039 -0.8000 0 0 1
-17.1136 -7.6664 -0.8000 0 0 1
-17.2635 -7.6664 -0.8000 0 0 1
-13.7021 -7.7039 -0.8000 0 0 1
-13.6646 -7.7039 -0.8000 0 0 1
-13.6646 -7.6664 -0.8000 0 0 1
-13.7021 -7.6664 -0.8000 0 0 1
-13.3647 -7.7039 -0.8000 0 0 1
-13.2897 -7.7039 -0.8000 0 0 1
-13.2897 -7.6664 -0.8000 0 0 1
-13.3647 -7.6664 -0.8000 0 0 1
13.4772 -7.7039 -0.8000 0 0 1
13.5146 -7.7039 -0.8000 0 0 1
13.5146 -7.6664 -0.8000 0 0 1
13.4772 -7.6664 -0.8000 0 0 1
13.5896 -7.7039 -0.8000 0 0 1
13.6646 -7.7039 -0.8000 0 0 1
13.6646 -7.6664 -0.8000 0 0 1
13.5896 -7.6664 -0.8000 0 0 1
13.8520 -7.7039 -0.8000 0 0 1
13.8895 -7.7039 -0.8000 0 0 1
13.8895 -7.6664 -0.8000 0 0 1
13.8520 -7.6664 -0.8000 0 0 1
17.1510 -7.7039 -0.8000 0 0 1
17.3010 -7.7039 -0.8000 0 0 1
17.3010 -7.6664 -0.8000 0 0 1
17.1510 -7.6664 -0.8000 0 0 1
-17.3385 -7.7414 -0.8000 0 0 1
-17.2260 -7.7414 -0.8000 0 0 1
-17.2260 -7.7039 -0.8000 0 0 1
-17.3385 -7.7039 -0.8000 0 0 1
-13.7021 -7.7414 -0.8000 0 0 1
-13.6646 -7.7414 -0.8000 0 0 1
-13.6646 -7.7039 -0.8000 0 0 1
-13.7021 -7.7039 -0.8000 0 0 1
-13.4022 -7.7414 -0.8000 0 0 1
-13.3272 -7.7414 -0.8000 0 0 1
-13.3272 -7.7039 -0.8000 0 0 1
-13.4022 -7.7039 -0.8000 0 0 1
13.6271 -7.7414 -0.8000 0 0 1
13.7021 -7.7414 -0.8000 0 0 1
13.7021 -7.7039 -0.8000 0 0 1
13.6271 -7.7039 -0.8000 0 0 1
13.8146 -7.7414 -0.8000 0 0 1
13.8895 -7.7414 -0.8000 0 0 1
13.8895 -7.7039 -0.8000 0 0 1
13.8146 -7.7039 -0.8000 0 0 1
17.2635 -7.7414 -0.8000 0 0 1
17.3760 -7.7414 -0.8000 0 0 1
17.3760 -7.7039 -0.8000 0 0 1
17.2635 -7.7039 -0.8000 0 0 1
-17.4510 -7.7789 -0.8000 0 0 1
-17.3010 -7.7789 -0.8000 0 0 1
-17.3010 -7.7414 -0.8000 0 0 1
-17.4510 -7.7414 -0.8000 0 0 1
-13.7021 -7.7789 -0.8000 0 0 1
-13.6646 -7.7789 -0.8000 0 0 1
-13.6646 -7.7414 -0.8000 0 0 1
-13.7021 -7.7414 -0.8000 0 0 1
-13.4397 -7.7789 -0.8000 0 0 1
-13.3272 -7.7789 -0.8000 0 0 1
-13.3272 -7.7414 -0.8000 0 0 1
-13.4397 -7.7414 -0.8000 0 0 1
13.6271 -7.7789 -0.8000 0 0 1
13.8520 -7.7789 -0.8000 0 0 1
13.8520 -7.7414 -0.8000 0 0 1
13.6271 -7.7414 -0.8000 0 0 1
17.3385 -7.7789 -0.8000 0 0 1
17.4884 -7.7789 -0.8000 0 0 1
17.4884 -7.7414 -0.8000 0 0 1
17.3385 -7.7414 -0.8000 0 0 1
-17.5259 -7.8164 -0.8000 0 0 1
-17.3760 -7.8164 -0.8000 0 0 1
-17.3760 -7.7789 -0.8000 0 0 1
-17.5259 -7.7789 -0.8000 0 0 1
-13.7021 -7.8164 -0.8000 0 0 1
-13.6646 -7.8164 -0.8000 0 0 1
-13.6646 -7.7789 -0.8000 0 0 1
-13.7021 -7.7789 -0.8000 0 0 1
-13.5146 -7.8164 -0.8000 0 0 1
-13.3647 -7.8164 -0.8000 0 0 1
-13.3647 -7.7789 -0.8000 0 0 1
-13.5146 -7.7789 -0.8000 0 0 1
-13.2147 -7.8164 -0.8000 0 0 1
-13.1773 -7.8164 -0.8000 0 0 1
-13.1773 -7.7789 -0.8000 0 0 1
-13.2147 -7.7789 -0.8000 0 0 1
13.3272 -7.8164 -0.8000 0 0 1
13.5146 -7.8164 -0.8000 0 0 1
13.5146 -7.7789 -0.8000 0 0 1
13.3272 -7.7789 -0.8000 0 0 1
13.6646 -7.8164 -0.8000 0 0 1
13.8146 -7.8164 -0.8000 0 0 1
13.8146 -7.7789 -0.8000 0 0 1
13.6646 -7.7789 -0.8000 0 0 1
17.4135 -7.8164 -0.8000 0 0 1
17.5634 -7.8164 -0.8000 0 0 1
17.5634 -7.7789 -0.8000 0 0 1
17.4135 -7.7789 -0.8000 0 0 1
-17.6009 -7.8539 -0.8000 0 0 1
-17.4510 -7.8539 -0.8000 0 0 1
-17.4510 -7.8164 -0.8000 0 0 1
-17.6009 -7.8164 -0.8000 0 0 1
-13.6646 -7.8539 -0.8000 0 0 1
-13.4397 -7.8539 -0.8000 0 0 1
-13.4397 -7.8164 -0.8000 0 0 1
-13.6646 -7.8164 -0.8000 0 0 1
-13.3272 -7.8539 -0.8000 0 0 1
-13.2897 -7.8539 -0.8000 0 0 1
-13.2897 -7.8164 -0.8000 0 0 1
-13.3272 -7.8164 -0.8000 0 0 1
-13.2147 -7.8539 -0.8000 0 0 1
-13.1398 -7.8539 -0.8000 0 0 1
-13.1398 -7.8164 -0.8000 0 0 1
-13.2147 -7.8164 -0.8000 0 0 1
13.2897 -7.8539 -0.8000 0 0 1
13.3272 -7.8539 -0.8000 0 0 1
13.3272 -7.8164 -0.8000 0 0 1
13.2897 -7.8164 -0.8000 0 0 1
13.4397 -7.8539 -0.8000 0 0 1
13.5896 -7.8539 -0.8000 0 0 1
13.5896 -7.8164 -0.8000 0 0 1
13.4397 -7.8164 -0.8000 0 0 1
17.4884 -7.8539 -0.8000 0 0 1
17.6384 -7.8539 -0.8000 0 0 1
17.6384 -7.8164 -0.8000 0 0 1
17.4884 -7.8164 -0.8000 0 0 1
-17.6759 -7.8914 -0.8000 0 0 1
-17.5634 -7.8914 -0.8000 0 0 1
-17.5634 -7.8539 -0.8000 0 0 1
-17.6759 -7.8539 -0.8000 0 0 1
-13.2897 -7.8914 -0.8000 0 0 1
-13.1398 -7.8914 -0.8000 0 0 1
-13.1398 -7.8539 -0.8000 0 0 1
-13.2897 -7.8539 -0.8000 0 0 1
13.2522 -7.8914 -0.8000 0 0 1
13.3272 -7.8914 -0.8000 0 0 1
13.3272 -7.8539 -0.8000 0 0 1
13.2522 -7.8539 -0.8000 0 0 1
13.5146 -7.8914 -0.8000 0 0 1
13.6271 -7.8914 -0.8000 0 0 1
13.6271 -7.8539 -0.8000 0 0 1
13.5146 -7.8539 -0.8000 0 0 1
17.6009 -7.8914 -0.8000 0 0 1
17.7134 -7.8914 -0.8000 0 0 1
17.7134 -7.8539 -0.8000 0 0 1
17.6009 -7.8539 -0.8000 0 0 1
-17.7884 -7.9288 -0.8000 0 0 1
-17.6384 -7.9288 -0.8000 0 0 1
-17.6384 -7.8914 -0.8000 0 0 1
-17.7884 -7.8914 -0.8000 0 0 1
-13.3272 -7.9288 -0.8000 0 0 1
-13.2147 -7.9288 -0.8000 0 0 1
-13.2147 -7.8914 -0.8000 0 0 1
-13.3272 -7.8914 -0.8000 0 0 1
-13.1398 -7.9288 -0.8000 0 0 1
-13.1023 -7.9288 -0.8000 0 0 1
-13.1023 -7.8914 -0.8000 0 0 1
-13.1398 -7.8914 -0.8000 0 0 1
13.2522 -7.9288 -0.8000 0 0 1
13.2897 -7.9288 -0.8000 0 0 1
13.2897 -7.8914 -0.8000 0 0 1
13.2522 -7.8914 -0.8000 0 0 1
13.5896 -7.9288 -0.8000 0 0 1
13.6646 -7.9288 -0.8000 0 0 1
13.6646 -7.8914 -0.8000 0 0 1
13.5896 -7.8914 -0.8000 0 0 1
17.6759 -7.9288 -0.8000 0 0 1
17.8258 -7.9288 -0.8000 0 0 1
17.8258 -7.8914 -0.8000 0 0 1
17.6759 -7.8914 -0.8000 0 0 1
-17.8633 -7.9663 -0.8000 0 0 1
-17.7134 -7.9663 -0.8000 0 0 1
-17.7134 -7.9288 -0.8000 0 0 1
-17.8633 -7.9288 -0.8000 0 0 1
-13.4022 -7.9663 -0.8000 0 0 1
-13.2147 -7.9663 -0.8000 0 0 1
-13.2147 -7.9288 -0.8000 0 0 1
-13.4022 -7.9288 -0.8000 0 0 1
13.2522 -7.9663 -0.8000 0 0 1
13.3272 -7.9663 -0.8000 0 0 1
13.3272 -7.9288 -0.8000 0 0 1
13.2522 -7.9288 -0.8000 0 0 1
13.6271 -7.9663 -0.8000 0 0 1
13.7021 -7.9663 -0.8000 0 0 1
13.7021 -7.9288 -0.8000 0 0 1
13.6271 -7.9288 -0.8000 0 0 1
17.7509 -7.9663 -0.8000 0 0 1
17.9008 -7.9663 -0.8000 0 0 1
17.9008 -7.9288 -0.8000 0 0 1
17.7509 -7.9288 -0.8000 0 0 1
-17.8633 -8.0038 -0.8000 0 0 1
-17.7884 -8.0038 -0.8000 0 0 1
-17.7884 -7.9663 -0.8000 0 0 1
-17.8633 -7.9663 -0.8000 0 0 1
-13.4397 -8.0038 -0.8000 0 0 1
-13.3272 -8.0038 -0.8000 0 0 1
-13.3272 -7.9663 -0.8000 0 0 1
-13.4397 -7.9663 -0.8000 0 0 1
-13.2522 -8.0038 -0.8000 0 0 1
-13.2147 -8.0038 -0.8000 0 0 1
-13.2147 -7.9663 -0.8000 0 0 1
-13.2522 -7.9663 -0.8000 0 0 1
13.2897 -8.0038 -0.8000 0 0 1
13.3647 -8.0038 -0.8000 0 0 1
13.3647 -7.9663 -0.8000 0 0 1
13.2897 -7.9663 -0.8000 0 0 1
13.6646 -8.0038 -0.8000 0 0 1
13.7021 -8.0038 -0.8000 0 0 1
13.7021 -7.9663 -0.8000 0 0 1
13.6646 -7.9663 -0.8000 0 0 1
17.8258 -8.0038 -0.8000 0 0 1
17.9008 -8.0038 -0.8000 0 0 1
17.9008 -7.9663 -0.8000 0 0 1
17.8258 -7.9663 -0.8000 0 0 1
-13.5146 -8.0413 -0.8000 0 0 1
-13.4022 -8.0413 -0.8000 0 0 1
-13.4022 -8.0038 -0.8000 0 0 1
-13.5146 -8.0038 -0.8000 0 0 1
-13.2147 -8.0413 -0.8000 0 0 1
-13.1773 -8.0413 -0.8000 0 0 1
-13.1773 -8.0038 -0.8000 0 0 1
-13.2147 -8.0038 -0.8000 0 0 1
13.3272 -8.0413 -0.8000 0 0 1
13.4022 -8.0413 -0.8000 0 0 1
13.4022 -8.0038 -0.8000 0 0 1
13.3272 -8.0038 -0.8000 0 0 1
13.6646 -8.0413 -0.8000 0 0 1
13.7021 -8.0413 -0.8000 0 0 1
13.7021 -8.0038 -0.8000 0 0 1
13.6646 -8.0038 -0.8000 0 0 1
-13.5896 -8.0788 -0.8000 0 0 1
-13.4397 -8.0788 -0.8000 0 0 1
-13.4397 -8.0413 -0.8000 0 0 1
-13.5896 -8.0413 -0.8000 0 0 1
-13.2147 -8.0788 -0.8000 0 0 1
-13.1398 -8.0788 -0.8000 0 0 1
-13.1398 -8.0413 -0.8000 0 0 1
-13.2147 -8.0413 -0.8000 0 0 1
13.3647 -8.0788 -0.8000 0 0 1
13.4772 -8.0788 -0.8000 0 0 1
13.4772 -8.0413 -0.8000 0 0 1
13.3647 -8.0413 -0.8000 0 0 1
13.6271 -8.0788 -0.8000 0 0 1
13.6646 -8.0788 -0.8000 0 0 1
13.6646 -8.0413 -0.8000 0 0 1
13.6271 -8.0413 -0.8000 0 0 1
-13.5521 -8.1163 -0.8000 0 0 1
-13.1398 -8.1163 -0.8000 0 0 1
-13.1398 -8.0788 -0.8000 0 0 1
-13.5521 -8.0788 -0.8000 0 0 1
13.4022 -8.1163 -0.8000 0 0 1
13.6646 -8.1163 -0.8000 0 0 1
13.6646 -8.0788 -0.8000 0 0 1
13.4022 -8.0788 -0.8000 0 0 1
-2.6804 -8.4537 -0.8000 0 0 1
-2.5680 -8.4537 -0.8000 0 0 1
-2.5680 -8.4162 -0.8000 0 0 1
-2.6804 -8.4162 -0.8000 0 0 1
-2.4180 -8.4537 -0.8000 0 0 1
-2.1931 -8.4537 -0.8000 0 0 1
-2.1931 -8.4162 -0.8000 0 0 1
-2.4180 -8.4162 -0.8000 0 0 1
-2.1556 -8.4537 -0.8000 0 0 1
-1.8182 -8.4537 -0.8000 0 0 1
-1.8182 -8.4162 -0.8000 0 0 1
-2.1556 -8.4162 -0.8000 0 0 1
-1.7807 -8.4537 -0.8000 0 0 1
-1.5183 -8.4537 -0.8000 0 0 1
-1.5183 -8.4162 -0.8000 0 0 1
-1.7807 -8.4162 -0.8000 0 0 1
-1.3683 -8.4537 -0.8000 0 0 1
-1.0684 -8.4537 -0.8000 0 0 1
-1.0684 -8.4162 -0.8000 0 0 1
-1.3683 -8.4162 -0.8000 0 0 1
-0.9185 -8.4537 -0.8000 0 0 1
-0.7310 -8.4537 -0.8000 0 0 1
-0.7310 -8.4162 -0.8000 0 0 1
-0.9185 -8.4162 -0.8000 0 0 1
-0.5811 -8.4537 -0.8000 0 0 1
-0.4686 -8.4537 -0.8000 0 0 1
-0.4686 -8.4162 -0.8000 0 0 1
-0.5811 -8.4162 -0.8000 0 0 1
-0.3187 -8.4537 -0.8000 0 0 1
-0.2062 -8.4537 -0.8000 0 0 1
-0.2062 -8.4162 -0.8000 0 0 1
-0.3187 -8.4162 -0.8000 0 0 1
-0.0937 -8.4537 -0.8000 0 0 1
0.0937 -8.4537 -0.8000 0 0 1
0.0937 -8.4162 -0.8000 0 0 1
-0.0937 -8.4162 -0.8000 0 0 1
0.3561 -8.4537 -0.8000 0 0 1
0.6561 -8.4537 -0.8000 0 0 1
0.6561 -8.4162 -0.8000 0 0 1
0.3561 -8.4162 -0.8000 0 0 1
0.7310 -8.4537 -0.8000 0 0 1
0.8435 -8.4537 -0.8000 0 0 1
0.8435 -8.4162 -0.8000 0 0 1
0.7310 -8.4162 -0.8000 0 0 1
0.9934 -8.4537 -0.8000 0 0 1
1.1434 -8.4537 -0.8000 0 0 1
1.1434 -8.4162 -0.8000 0 0 1
0.9934 -8.4162 -0.8000 0 0 1
1.3308 -8.4537 -0.8000 0 0 1
1.3683 -8.4537 -0.8000 0 0 1
1.3683 -8.4162 -0.8000 0 0 1
1.3308 -8.4162 -0.8000 0 0 1
1.5558 -8.4537 -0.8000 0 0 1
1.6682 -8.4537 -0.8000 0 0 1
1.6682 -8.4162 -0.8000 0 0 1
1.5558 -8.4162 -0.8000 0 0 1
1.9307 -8.4537 -0.8000 0 0 1
2.0056 -8.4537 -0.8000 0 0 1
2.0056 -8.4162 -0.8000 0 0 1
1.9307 -8.4162 -0.8000 0 0 1
2.0806 -8.4537 -0.8000 0 0 1
2.3805 -8.4537 -0.8000 0 0 1
2.3805 -8.4162 -0.8000 0 0 1
2.0806 -8.4162 -0.8000 0 0 1
2.4555 -8.4537 -0.8000 0 0 1
2.6055 -8.4537 -0.8000 0 0 1
2.6055 -8.4162 -0.8000 0 0 1
2.4555 -8.4162 -0.8000 0 0 1
-2.6429 -8.4912 -0.8000 0 0 1
-2.5680 -8.4912 -0.8000 0 0 1
-2.5680 -8.4537 -0.8000 0 0 1
-2.6429 -8.4537 -0.8000 0 0 1
-2.3805 -8.4912 -0.8000 0 0 1
-2.3430 -8.4912 -0.8000 0 0 1
-2.3430 -8.4537 -0.8000 0 0 1
-2.3805 -8.4537 -0.8000 0 0 1
-2.2681 -8.4912 -0.8000 0 0 1
-2.2306 -8.4912 -0.8000 0 0 1
-2.2306 -8.4537 -0.8000 0 0 1
-2.2681 -8.4537 -0.8000 0 0 1
-2.1556 -8.4912 -0.8000 0 0 1
-2.1181 -8.4912 -0.8000 0 0 1
-2.1181 -8.4537 -0.8000 0 0 1
-2.1556 -8.4537 -0.8000 0 0 1
-2.0056 -8.4912 -0.8000 0 0 1
-1.9682 -8.4912 -0.8000 0 0 1
-1.9682 -8.4537 -0.8000 0 0 1
-2.0056 -8.4537 -0.8000 0 0 1
-1.8557 -8.4912 -0.8000 0 0 1
-1.8182 -8.4912 -0.8000 0 0 1
-1.8182 -8.4537 -0.8000 0 0 1
-1.8557 -8.4537 -0.8000 0 0 1
-1.7432 -8.4912 -0.8000 0 0 1
-1.6682 -8.4912 -0.8000 0 0 1
-1.6682 -8.4537 -0.8000 0 0 1
-1.7432 -8.4537 -0.8000 0 0 1
-1.5558 -8.4912 -0.8000 0 0 1
-1.4808 -8.4912 -0.8000 0 0 1
-1.4808 -8.4537 -0.8000 0 0 1
-1.5558 -8.4537 -0.8000 0 0 1
-1.3308 -8.4912 -0.8000 0 0 1
-1.2934 -8.4912 -0.8000 0 0 1
-1.2934 -8.4537 -0.8000 0 0 1
-1.3308 -8.4537 -0.8000 0 0 1
-1.1059 -8.4912 -0.8000 0 0 1
-1.0684 -8.4912 -0.8000 0 0 1
-1.0684 -8.4537 -0.8000 0 0 1
-1.1059 -8.4537 -0.8000 0 0 1
-0.9560 -8.4912 -0.8000 0 0 1
-0.9185 -8.4912 -0.8000 0 0 1
-0.9185 -8.4537 -0.8000 0 0 1
-0.9560 -8.4537 -0.8000 0 0 1
-0.7685 -8.4912 -0.8000 0 0 1
-0.6935 -8.4912 -0.8000 0 0 1
-0.6935 -8.4537 -0.8000 0 0 1
-0.7685 -8.4537 -0.8000 0 0 1
-0.5436 -8.4912 -0.8000 0 0 1
-0.5061 -8.4912 -0.8000 0 0 1
-0.5061 -8.4537 -0.8000 0 0 1
-0.5436 -8.4537 -0.8000 0 0 1
-0.2812 -8.4912 -0.8000 0 0 1
-0.2437 -8.4912 -0.8000 0 0 1
-0.2437 -8.4537 -0.8000 0 0 1
-0.2812 -8.4537 -0.8000 0 0 1
-0.1312 -8.4912 -0.8000 0 0 1
-0.0937 -8.4912 -0.8000 0 0 1
-0.0937 -8.4537 -0.8000 0 0 1
-0.1312 -8.4537 -0.8000 0 0 1
0.0562 -8.4912 -0.8000 0 0 1
0.0937 -8.4912 -0.8000 0 0 1
0.0937 -8.4537 -0.8000 0 0 1
0.0562 -8.4537 -0.8000 0 0 1
0.3936 -8.4912 -0.8000 0 0 1
0.4686 -8.4912 -0.8000 0 0 1
0.4686 -8.4537 -0.8000 0 0 1
0.3936 -8.4537 -0.8000 0 0 1
0.6186 -8.4912 -0.8000 0 0 1
0.6561 -8.4912 -0.8000 0 0 1
0.6561 -8.4537 -0.8000 0 0 1
0.6186 -8.4537 -0.8000 0 0 1
0.7685 -8.4912 -0.8000 0 0 1
0.8810 -8.4912 -0.8000 0 0 1
0.8810 -8.4537 -0.8000 0 0 1
0.7685 -8.4537 -0.8000 0 0 1
1.2934 -8.4912 -0.8000 0 0 1
1.3683 -8.4912 -0.8000 0 0 1
1.3683 -8.4537 -0.8000 0 0 1
1.2934 -8.4537 -0.8000 0 0 1
1.5933 -8.4912 -0.8000 0 0 1
1.7057 -8.4912 -0.8000 0 0 1
1.7057 -8.4537 -0.8000 0 0 1
1.5933 -8.4537 -0.8000 0 0 1
1.8932 -8.4912 -0.8000 0 0 1
1.9682 -8.4912 -0.8000 0 0 1
1.9682 -8.4537 -0.8000 0 0 1
1.8932 -8.4537 -0.8000 0 0 1
2.1181 -8.4912 -0.8000 0 0 1
2.1931 -8.4912 -0.8000 0 0 1
2.1931 -8.4537 -0.8000 0 0 1
2.1181 -8.4537 -0.8000 0 0 1
2.3430 -8.4912 -0.8000 0 0 1
2.3805 -8.4912 -0.8000 0 0 1
2.3805 -8.4537 -0.8000 0 0 1
2.3430 -8.4537 -0.8000 0 0 1
2.4930 -8.4912 -0.8000 0 0 1
2.5680 -8.4912 -0.8000 0 0 1
2.5680 -8.4537 -0.8000 0 0 1
2.4930 -8.4537 -0.8000 0 0 1
-2.6429 -8.5287 -0.8000 0 0 1
-2.5680 -8.5287 -0.8000 0 0 1
-2.5680 -8.4912 -0.8000 0 0 1
-2.6429 -8.4912 -0.8000 0 0 1
-2.3805 -8.5287 -0.8000 0 0 1
-2.3430 -8.5287 -0.8000 0 0 1
-2.3430 -8.4912 -0.8000 0 0 1
-2.3805 -8.4912 -0.8000 0 0 1
-2.2681 -8.5287 -0.8000 0 0 1
-2.2306 -8.5287 -0.8000 0 0 1
-2.2306 -8.4912 -0.8000 0 0 1
-2.2681 -8.4912 -0.8000 0 0 1
-2.0056 -8.5287 -0.8000 0 0 1
-1.9682 -8.5287 -0.8000 0 0 1
-1.9682 -8.4912 -0.8000 0 0 1
-2.0056 -8.4912 -0.8000 0 0 1
-1.7432 -8.5287 -0.8000 0 0 1
-1.6682 -8.5287 -0.8000 0 0 1
-1.6682 -8.4912 -0.8000 0 0 1
-1.7432 -8.4912 -0.8000 0 0 1
-1.5183 -8.5287 -0.8000 0 0 1
-1.4808 -8.5287 -0.8000 0 0 1
-1.4808 -8.4912 -0.8000 0 0 1
-1.5183 -8.4912 -0.8000 0 0 1
-1.3308 -8.5287 -0.8000 0 0 1
-1.2934 -8.5287 -0.8000 0 0 1
-1.2934 -8.4912 -0.8000 0 0 1
-1.3308 -8.4912 -0.8000 0 0 1
-0.9934 -8.5287 -0.8000 0 0 1
-0.9185 -8.5287 -0.8000 0 0 1
-0.9185 -8.4912 -0.8000 0 0 1
-0.9934 -8.4912 -0.8000 0 0 1
-0.7310 -8.5287 -0.8000 0 0 1
-0.6561 -8.5287 -0.8000 0 0 1
-0.6561 -8.4912 -0.8000 0 0 1
-0.7310 -8.4912 -0.8000 0 0 1
-0.5436 -8.5287 -0.8000 0 0 1
-0.5061 -8.5287 -0.8000 0 0 1
-0.5061 -8.4912 -0.8000 0 0 1
-0.5436 -8.4912 -0.8000 0 0 1
-0.2812 -8.5287 -0.8000 0 0 1
-0.2437 -8.5287 -0.8000 0 0 1
-0.2437 -8.4912 -0.8000 0 0 1
-0.2812 -8.4912 -0.8000 0 0 1
-0.1312 -8.5287 -0.8000 0 0 1
-0.0937 -8.5287 -0.8000 0 0 1
-0.0937 -8.4912 -0.8000 0 0 1
-0.1312 -8.4912 -0.8000 0 0 1
0.3936 -8.5287 -0.8000 0 0 1
0.4686 -8.5287 -0.8000 0 0 1
0.4686 -8.4912 -0.8000 0 0 1
0.3936 -8.4912 -0.8000 0 0 1
0.7685 -8.5287 -0.8000 0 0 1
0.8810 -8.5287 -0.8000 0 0 1
0.8810 -8.4912 -0.8000 0 0 1
0.7685 -8.4912 -0.8000 0 0 1
1.2934 -8.5287 -0.8000 0 0 1
1.4058 -8.5287 -0.8000 0 0 1
1.4058 -8.4912 -0.8000 0 0 1
1.2934 -8.4912 -0.8000 0 0 1
1.5933 -8.5287 -0.8000 0 0 1
1.7057 -8.5287 -0.8000 0 0 1
1.7057 -8.4912 -0.8000 0 0 1
1.5933 -8.4912 -0.8000 0 0 1
1.8932 -8.5287 -0.8000 0 0 1
1.9682 -8.5287 -0.8000 0 0 1
1.9682 -8.4912 -0.8000 0 0 1
1.8932 -8.4912 -0.8000 0 0 1
2.1181 -8.5287 -0.8000 0 0 1
2.1931 -8.5287 -0.8000 0 0 1
2.1931 -8.4912 -0.8000 0 0 1
2.1181 -8.4912 -0.8000 0 0 1
2.4930 -8.5287 -0.8000 0 0 1
2.5680 -8.5287 -0.8000 0 0 1
2.5680 -8.4912 -0.8000 0 0 1
2.4930 -8.4912 -0.8000 0 0 1
-14.9017 -8.5662 -0.8000 0 0 1
-14.8268 -8.5662 -0.8000 0 0 1
-14.8268 -8.5287 -0.8000 0 0 1
-14.9017 -8.5287 -0.8000 0 0 1
-2.6055 -8.5662 -0.8000 0 0 1
-2.5680 -8.5662 -0.8000 0 0 1
-2.5680 -8.5287 -0.8000 0 0 1
-2.6055 -8.5287 -0.8000 0 0 1
-2.4180 -8.5662 -0.8000 0 0 1
-2.3805 -8.5662 -0.8000 0 0 1
-2.3805 -8.5287 -0.8000 0 0 1
-2.4180 -8.5287 -0.8000 0 0 1
-2.2681 -8.5662 -0.8000 0 0 1
-2.2306 -8.5662 -0.8000 0 0 1
-2.2306 -8.5287 -0.8000 0 0 1
-2.2681 -8.5287 -0.8000 0 0 1
-2.0056 -8.5662 -0.8000 0 0 1
-1.9682 -8.5662 -0.8000 0 0 1
-1.9682 -8.5287 -0.8000 0 0 1
-2.0056 -8.5287 -0.8000 0 0 1
-1.7432 -8.5662 -0.8000 0 0 1
-1.6682 -8.5662 -0.8000 0 0 1
-1.6682 -8.5287 -0.8000 0 0 1
-1.7432 -8.5287 -0.8000 0 0 1
-1.5183 -8.5662 -0.8000 0 0 1
-1.4808 -8.5662 -0.8000 0 0 1
-1.4808 -8.5287 -0.8000 0 0 1
-1.5183 -8.5287 -0.8000 0 0 1
-1.3308 -8.5662 -0.8000 0 0 1
-1.2934 -8.5662 -0.8000 0 0 1
-1.2934 -8.5287 -0.8000 0 0 1
-1.3308 -8.5287 -0.8000 0 0 1
-1.1809 -8.5662 -0.8000 0 0 1
-1.1434 -8.5662 -0.8000 0 0 1
-1.1434 -8.5287 -0.8000 0 0 1
-1.1809 -8.5287 -0.8000 0 0 1
-0.9934 -8.5662 -0.8000 0 0 1
-0.9560 -8.5662 -0.8000 0 0 1
-0.9560 -8.5287 -0.8000 0 0 1
-0.9934 -8.5287 -0.8000 0 0 1
-0.6935 -8.5662 -0.8000 0 0 1
-0.6561 -8.5662 -0.8000 0 0 1
-0.6561 -8.5287 -0.8000 0 0 1
-0.6935 -8.5287 -0.8000 0 0 1
-0.5436 -8.5662 -0.8000 0 0 1
-0.5061 -8.5662 -0.8000 0 0 1
-0.5061 -8.5287 -0.8000 0 0 1
-0.5436 -8.5287 -0.8000 0 0 1
-0.2812 -8.5662 -0.8000 0 0 1
-0.2437 -8.5662 -0.8000 0 0 1
-0.2437 -8.5287 -0.8000 0 0 1
-0.2812 -8.5287 -0.8000 0 0 1
-0.1312 -8.5662 -0.8000 0 0 1
-0.0937 -8.5662 -0.8000 0 0 1
-0.0937 -8.5287 -0.8000 0 0 1
-0.1312 -8.5287 -0.8000 0 0 1
0.3936 -8.5662 -0.8000 0 0 1
0.4686 -8.5662 -0.8000 0 0 1
0.4686 -8.5287 -0.8000 0 0 1
0.3936 -8.5287 -0.8000 0 0 1
0.5811 -8.5662 -0.8000 0 0 1
0.6186 -8.5662 -0.8000 0 0 1
0.6186 -8.5287 -0.8000 0 0 1
0.5811 -8.5287 -0.8000 0 0 1
0.7685 -8.5662 -0.8000 0 0 1
0.8060 -8.5662 -0.8000 0 0 1
0.8060 -8.5287 -0.8000 0 0 1
0.7685 -8.5287 -0.8000 0 0 1
0.8435 -8.5662 -0.8000 0 0 1
0.9185 -8.5662 -0.8000 0 0 1
0.9185 -8.5287 -0.8000 0 0 1
0.8435 -8.5287 -0.8000 0 0 1
1.3683 -8.5662 -0.8000 0 0 1
1.4058 -8.5662 -0.8000 0 0 1
1.4058 -8.5287 -0.8000 0 0 1
1.3683 -8.5287 -0.8000 0 0 1
1.5933 -8.5662 -0.8000 0 0 1
1.6308 -8.5662 -0.8000 0 0 1
1.6308 -8.5287 -0.8000 0 0 1
1.5933 -8.5287 -0.8000 0 0 1
1.6682 -8.5662 -0.8000 0 0 1
1.7057 -8.5662 -0.8000 0 0 1
1.7057 -8.5287 -0.8000 0 0 1
1.6682 -8.5287 -0.8000 0 0 1
1.8557 -8.5662 -0.8000 0 0 1
1.8932 -8.5662 -0.8000 0 0 1
1.8932 -8.5287 -0.8000 0 0 1
1.8557 -8.5287 -0.8000 0 0 1
1.9307 -8.5662 -0.8000 0 0 1
1.9682 -8.5662 -0.8000 0 0 1
1.9682 -8.5287 -0.8000 0 0 1
1.9307 -8.5287 -0.8000 0 0 1
2.1181 -8.5662 -0.8000 0 0 1
2.1931 -8.5662 -0.8000 0 0 1
2.1931 -8.5287 -0.8000 0 0 1
2.1181 -8.5287 -0.8000 0 0 1
2.3056 -8.5662 -0.8000 0 0 1
2.3430 -8.5662 -0.8000 0 0 1
2.3430 -8.5287 -0.8000 0 0 1
2.3056 -8.5287 -0.8000 0 0 1
2.4930 -8.5662 -0.8000 0 0 1
2.5680 -8.5662 -0.8000 0 0 1
2.5680 -8.5287 -0.8000 0 0 1
2.4930 -8.5287 -0.8000 0 0 1
14.8642 -8.5662 -0.8000 0 0 1
14.9392 -8.5662 -0.8000 0 0 1
14.9392 -8.5287 -0.8000 0 0 1
14.8642 -8.5287 -0.8000 0 0 1
-14.9392 -8.6036 -0.8000 0 0 1
-14.7893 -8.6036 -0.8000 0 0 1
-14.7893 -8.5662 -0.8000 0 0 1
-14.9392 -8.5662 -0.8000 0 0 1
-2.6055 -8.6036 -0.8000 0 0 1
-2.5305 -8.6036 -0.8000 0 0 1
-2.5305 -8.5662 -0.8000 0 0 1
-2.6055 -8.5662 -0.8000 0 0 1
-2.4180 -8.6036 -0.8000 0 0 1
-2.3805 -8.6036 -0.8000 0 0 1
-2.3805 -8.5662 -0.8000 0 0 1
-2.4180 -8.5662 -0.8000 0 0 1
-2.2681 -8.6036 -0.8000 0 0 1
-2.2306 -8.6036 -0.8000 0 0 1
-2.2306 -8.5662 -0.8000 0 0 1
-2.2681 -8.5662 -0.8000 0 0 1
-2.0056 -8.6036 -0.8000 0 0 1
-1.9682 -8.6036 -0.8000 0 0 1
-1.9682 -8.5662 -0.8000 0 0 1
-2.0056 -8.5662 -0.8000 0 0 1
-1.7432 -8.6036 -0.8000 0 0 1
-1.6682 -8.6036 -0.8000 0 0 1
-1.6682 -8.5662 -0.8000 0 0 1
-1.7432 -8.5662 -0.8000 0 0 1
-1.5558 -8.6036 -0.8000 0 0 1
-1.4808 -8.6036 -0.8000 0 0 1
-1.4808 -8.5662 -0.8000 0 0 1
-1.5558 -8.5662 -0.8000 0 0 1
-1.3308 -8.6036 -0.8000 0 0 1
-1.2934 -8.6036 -0.8000 0 0 1
-1.2934 -8.5662 -0.8000 0 0 1
-1.3308 -8.5662 -0.8000 0 0 1
-1.1809 -8.6036 -0.8000 0 0 1
-1.1434 -8.6036 -0.8000 0 0 1
-1.1434 -8.5662 -0.8000 0 0 1
-1.1809 -8.5662 -0.8000 0 0 1
-0.9934 -8.6036 -0.8000 0 0 1
-0.9560 -8.6036 -0.8000 0 0 1
-0.9560 -8.5662 -0.8000 0 0 1
-0.9934 -8.5662 -0.8000 0 0 1
-0.6935 -8.6036 -0.8000 0 0 1
-0.6561 -8.6036 -0.8000 0 0 1
-0.6561 -8.5662 -0.8000 0 0 1
-0.6935 -8.5662 -0.8000 0 0 1
-0.5436 -8.6036 -0.8000 0 0 1
-0.5061 -8.6036 -0.8000 0 0 1
-0.5061 -8.5662 -0.8000 0 0 1
-0.5436 -8.5662 -0.8000 0 0 1
-0.2812 -8.6036 -0.8000 0 0 1
-0.2437 -8.6036 -0.8000 0 0 1
-0.2437 -8.5662 -0.8000 0 0 1
-0.2812 -8.5662 -0.8000 0 0 1
-0.1312 -8.6036 -0.8000 0 0 1
-0.0187 -8.6036 -0.8000 0 0 1
-0.0187 -8.5662 -0.8000 0 0 1
-0.1312 -8.5662 -0.8000 0 0 1
0.3936 -8.6036 -0.8000 0 0 1
0.4686 -8.6036 -0.8000 0 0 1
0.4686 -8.5662 -0.8000 0 0 1
0.3936 -8.5662 -0.8000 0 0 1
0.5811 -8.6036 -0.8000 0 0 1
0.6186 -8.6036 -0.8000 0 0 1
0.6186 -8.5662 -0.8000 0 0 1
0.5811 -8.5662 -0.8000 0 0 1
0.7685 -8.6036 -0.8000 0 0 1
0.8060 -8.6036 -0.8000 0 0 1
0.8060 -8.5662 -0.8000 0 0 1
0.7685 -8.5662 -0.8000 0 0 1
0.8810 -8.6036 -0.8000 0 0 1
0.9560 -8.6036 -0.8000 0 0 1
0.9560 -8.5662 -0.8000 0 0 1
0.8810 -8.5662 -0.8000 0 0 1
1.2559 -8.6036 -0.8000 0 0 1
1.2934 -8.6036 -0.8000 0 0 1
1.2934 -8.5662 -0.8000 0 0 1
1.2559 -8.5662 -0.8000 0 0 1
1.3683 -8.6036 -0.8000 0 0 1
1.4058 -8.6036 -0.8000 0 0 1
1.4058 -8.5662 -0.8000 0 0 1
1.3683 -8.5662 -0.8000 0 0 1
1.5933 -8.6036 -0.8000 0 0 1
1.6308 -8.6036 -0.8000 0 0 1
1.6308 -8.5662 -0.8000 0 0 1
1.5933 -8.5662 -0.8000 0 0 1
1.6682 -8.6036 -0.8000 0 0 1
1.7432 -8.6036 -0.8000 0 0 1
1.7432 -8.5662 -0.8000 0 0 1
1.6682 -8.5662 -0.8000 0 0 1
1.8557 -8.6036 -0.8000 0 0 1
1.8932 -8.6036 -0.8000 0 0 1
1.8932 -8.5662 -0.8000 0 0 1
1.8557 -8.5662 -0.8000 0 0 1
1.9307 -8.6036 -0.8000 0 0 1
1.9682 -8.6036 -0.8000 0 0 1
1.9682 -8.5662 -0.8000 0 0 1
1.9307 -8.5662 -0.8000 0 0 1
2.1181 -8.6036 -0.8000 0 0 1
2.1931 -8.6036 -0.8000 0 0 1
2.1931 -8.5662 -0.8000 0 0 1
2.1181 -8.5662 -0.8000 0 0 1
2.3056 -8.6036 -0.8000 0 0 1
2.3430 -8.6036 -0.8000 0 0 1
2.3430 -8.5662 -0.8000 0 0 1
2.3056 -8.5662 -0.8000 0 0 1
2.4930 -8.6036 -0.8000 0 0 1
2.5680 -8.6036 -0.8000 0 0 1
2.5680 -8.5662 -0.8000 0 0 1
2.4930 -8.5662 -0.8000 0 0 1
14.8268 -8.6036 -0.8000 0 0 1
14.9767 -8.6036 -0.8000 0 0 1
14.9767 -8.5662 -0.8000 0 0 1
14.8268 -8.5662 -0.8000 0 0 1
-15.0142 -8.6411 -0.8000 0 0 1
-14.7893 -8.6411 -0.8000 0 0 1
-14.7893 -8.6036 -0.8000 0 0 1
-15.0142 -8.6036 -0.8000 0 0 1
-2.5680 -8.6411 -0.8000 0 0 1
-2.5305 -8.6411 -0.8000 0 0 1
-2.5305 -8.6036 -0.8000 0 0 1
-2.5680 -8.6036 -0.8000 0 0 1
-2.2681 -8.6411 -0.8000 0 0 1
-2.2306 -8.6411 -0.8000 0 0 1
-2.2306 -8.6036 -0.8000 0 0 1
-2.2681 -8.6036 -0.8000 0 0 1
-2.0056 -8.6411 -0.8000 0 0 1
-1.9682 -8.6411 -0.8000 0 0 1
-1.9682 -8.6036 -0.8000 0 0 1
-2.0056 -8.6036 -0.8000 0 0 1
-1.7432 -8.6411 -0.8000 0 0 1
-1.5183 -8.6411 -0.8000 0 0 1
-1.5183 -8.6036 -0.8000 0 0 1
-1.7432 -8.6036 -0.8000 0 0 1
-1.3308 -8.6411 -0.8000 0 0 1
-1.1434 -8.6411 -0.8000 0 0 1
-1.1434 -8.6036 -0.8000 0 0 1
-1.3308 -8.6036 -0.8000 0 0 1
-0.9934 -8.6411 -0.8000 0 0 1
-0.9560 -8.6411 -0.8000 0 0 1
-0.9560 -8.6036 -0.8000 0 0 1
-0.9934 -8.6036 -0.8000 0 0 1
-0.6935 -8.6411 -0.8000 0 0 1
-0.6561 -8.6411 -0.8000 0 0 1
-0.6561 -8.6036 -0.8000 0 0 1
-0.6935 -8.6036 -0.8000 0 0 1
-0.5436 -8.6411 -0.8000 0 0 1
-0.5061 -8.6411 -0.8000 0 0 1
-0.5061 -8.6036 -0.8000 0 0 1
-0.5436 -8.6036 -0.8000 0 0 1
-0.2812 -8.6411 -0.8000 0 0 1
-0.2437 -8.6411 -0.8000 0 0 1
-0.2437 -8.6036 -0.8000 0 0 1
-0.2812 -8.6036 -0.8000 0 0 1
-0.0937 -8.6411 -0.8000 0 0 1
0.0562 -8.6411 -0.8000 0 0 1
0.0562 -8.6036 -0.8000 0 0 1
-0.0937 -8.6036 -0.8000 0 0 1
0.3936 -8.6411 -0.8000 0 0 1
0.6186 -8.6411 -0.8000 0 0 1
0.6186 -8.6036 -0.8000 0 0 1
0.3936 -8.6036 -0.8000 0 0 1
0.7685 -8.6411 -0.8000 0 0 1
0.8060 -8.6411 -0.8000 0 0 1
0.8060 -8.6036 -0.8000 0 0 1
0.7685 -8.6036 -0.8000 0 0 1
0.9185 -8.6411 -0.8000 0 0 1
0.9560 -8.6411 -0.8000 0 0 1
0.9560 -8.6036 -0.8000 0 0 1
0.9185 -8.6036 -0.8000 0 0 1
1.2559 -8.6411 -0.8000 0 0 1
1.2934 -8.6411 -0.8000 0 0 1
1.2934 -8.6036 -0.8000 0 0 1
1.2559 -8.6036 -0.8000 0 0 1
1.3683 -8.6411 -0.8000 0 0 1
1.4433 -8.6411 -0.8000 0 0 1
1.4433 -8.6036 -0.8000 0 0 1
1.3683 -8.6036 -0.8000 0 0 1
1.5933 -8.6411 -0.8000 0 0 1
1.6308 -8.6411 -0.8000 0 0 1
1.6308 -8.6036 -0.8000 0 0 1
1.5933 -8.6036 -0.8000 0 0 1
1.7057 -8.6411 -0.8000 0 0 1
1.7432 -8.6411 -0.8000 0 0 1
1.7432 -8.6036 -0.8000 0 0 1
1.7057 -8.6036 -0.8000 0 0 1
1.8182 -8.6411 -0.8000 0 0 1
1.8557 -8.6411 -0.8000 0 0 1
1.8557 -8.6036 -0.8000 0 0 1
1.8182 -8.6036 -0.8000 0 0 1
1.9307 -8.6411 -0.8000 0 0 1
1.9682 -8.6411 -0.8000 0 0 1
1.9682 -8.6036 -0.8000 0 0 1
1.9307 -8.6036 -0.8000 0 0 1
2.1181 -8.6411 -0.8000 0 0 1
2.3430 -8.6411 -0.8000 0 0 1
2.3430 -8.6036 -0.8000 0 0 1
2.1181 -8.6036 -0.8000 0 0 1
2.4930 -8.6411 -0.8000 0 0 1
2.5680 -8.6411 -0.8000 0 0 1
2.5680 -8.6036 -0.8000 0 0 1
2.4930 -8.6036 -0.8000 0 0 1
14.8268 -8.6411 -0.8000 0 0 1
15.0517 -8.6411 -0.8000 0 0 1
15.0517 -8.6036 -0.8000 0 0 1
14.8268 -8.6036 -0.8000 0 0 1
-15.0892 -8.6786 -0.8000 0 0 1
-14.8268 -8.6786 -0.8000 0 0 1
-14.8268 -8.6411 -0.8000 0 0 1
-15.0892 -8.6411 -0.8000 0 0 1
-2.5680 -8.6786 -0.8000 0 0 1
-2.5305 -8.6786 -0.8000 0 0 1
-2.5305 -8.6411 -0.8000 0 0 1
-2.5680 -8.6411 -0.8000 0 0 1
-2.4555 -8.6786 -0.8000 0 0 1
-2.4180 -8.6786 -0.8000 0 0 1
-2.4180 -8.6411 -0.8000 0 0 1
-2.4555 -8.6411 -0.8000 0 0 1
-2.2681 -8.6786 -0.8000 0 0 1
-2.2306 -8.6786 -0.8000 0 0 1
-2.2306 -8.6411 -0.8000 0 0 1
-2.2681 -8.6411 -0.8000 0 0 1
-2.0056 -8.6786 -0.8000 0 0 1
-1.9682 -8.6786 -0.8000 0 0 1
-1.9682 -8.6411 -0.8000 0 0 1
-2.0056 -8.6411 -0.8000 0 0 1
-1.7432 -8.6786 -0.8000 0 0 1
-1.6682 -8.6786 -0.8000 0 0 1
-1.6682 -8.6411 -0.8000 0 0 1
-1.7432 -8.6411 -0.8000 0 0 1
-1.5558 -8.6786 -0.8000 0 0 1
-1.5183 -8.6786 -0.8000 0 0 1
-1.5183 -8.6411 -0.8000 0 0 1
-1.5558 -8.6411 -0.8000 0 0 1
-1.3308 -8.6786 -0.8000 0 0 1
-1.2934 -8.6786 -0.8000 0 0 1
-1.2934 -8.6411 -0.8000 0 0 1
-1.3308 -8.6411 -0.8000 0 0 1
-1.1809 -8.6786 -0.8000 0 0 1
-1.1434 -8.6786 -0.8000 0 0 1
-1.1434 -8.6411 -0.8000 0 0 1
-1.1809 -8.6411 -0.8000 0 0 1
-0.9934 -8.6786 -0.8000 0 0 1
-0.9560 -8.6786 -0.8000 0 0 1
-0.9560 -8.6411 -0.8000 0 0 1
-0.9934 -8.6411 -0.8000 0 0 1
-0.6935 -8.6786 -0.8000 0 0 1
-0.6561 -8.6786 -0.8000 0 0 1
-0.6561 -8.6411 -0.8000 0 0 1
-0.6935 -8.6411 -0.8000 0 0 1
-0.5436 -8.6786 -0.8000 0 0 1
-0.5061 -8.6786 -0.8000 0 0 1
-0.5061 -8.6411 -0.8000 0 0 1
-0.5436 -8.6411 -0.8000 0 0 1
-0.2812 -8.6786 -0.8000 0 0 1
-0.2437 -8.6786 -0.8000 0 0 1
-0.2437 -8.6411 -0.8000 0 0 1
-0.2812 -8.6411 -0.8000 0 0 1
0.0187 -8.6786 -0.8000 0 0 1
0.0937 -8.6786 -0.8000 0 0 1
0.0937 -8.6411 -0.8000 0 0 1
0.0187 -8.6411 -0.8000 0 0 1
0.3936 -8.6786 -0.8000 0 0 1
0.4686 -8.6786 -0.8000 0 0 1
0.4686 -8.6411 -0.8000 0 0 1
0.3936 -8.6411 -0.8000 0 0 1
0.5811 -8.6786 -0.8000 0 0 1
0.6186 -8.6786 -0.8000 0 0 1
0.6186 -8.6411 -0.8000 0 0 1
0.5811 -8.6411 -0.8000 0 0 1
0.7685 -8.6786 -0.8000 0 0 1
0.8060 -8.6786 -0.8000 0 0 1
0.8060 -8.6411 -0.8000 0 0 1
0.7685 -8.6411 -0.8000 0 0 1
0.9185 -8.6786 -0.8000 0 0 1
0.9934 -8.6786 -0.8000 0 0 1
0.9934 -8.6411 -0.8000 0 0 1
0.9185 -8.6411 -0.8000 0 0 1
1.2184 -8.6786 -0.8000 0 0 1
1.2559 -8.6786 -0.8000 0 0 1
1.2559 -8.6411 -0.8000 0 0 1
1.2184 -8.6411 -0.8000 0 0 1
1.4058 -8.6786 -0.8000 0 0 1
1.4433 -8.6786 -0.8000 0 0 1
1.4433 -8.6411 -0.8000 0 0 1
1.4058 -8.6411 -0.8000 0 0 1
1.5933 -8.6786 -0.8000 0 0 1
1.6308 -8.6786 -0.8000 0 0 1
1.6308 -8.6411 -0.8000 0 0 1
1.5933 -8.6411 -0.8000 0 0 1
1.7057 -8.6786 -0.8000 0 0 1
1.7807 -8.6786 -0.8000 0 0 1
1.7807 -8.6411 -0.8000 0 0 1
1.7057 -8.6411 -0.8000 0 0 1
1.8182 -8.6786 -0.8000 0 0 1
1.8557 -8.6786 -0.8000 0 0 1
1.8557 -8.6411 -0.8000 0 0 1
1.8182 -8.6411 -0.8000 0 0 1
1.9307 -8.6786 -0.8000 0 0 1
1.9682 -8.6786 -0.8000 0 0 1
1.9682 -8.6411 -0.8000 0 0 1
1.9307 -8.6411 -0.8000 0 0 1
2.1181 -8.6786 -0.8000 0 0 1
2.1931 -8.6786 -0.8000 0 0 1
2.1931 -8.6411 -0.8000 0 0 1
2.1181 -8.6411 -0.8000 0 0 1
2.3056 -8.6786 -0.8000 0 0 1
2.3430 -8.6786 -0.8000 0 0 1
2.3430 -8.6411 -0.8000 0 0 1
2.3056 -8.6411 -0.8000 0 0 1
2.4930 -8.6786 -0.8000 0 0 1
2.5680 -8.6786 -0.8000 0 0 1
2.5680 -8.6411 -0.8000 0 0 1
2.4930 -8.6411 -0.8000 0 0 1
14.8642 -8.6786 -0.8000 0 0 1
15.1267 -8.6786 -0.8000 0 0 1
15.1267 -8.6411 -0.8000 0 0 1
14.8642 -8.6411 -0.8000 0 0 1
-15.1641 -8.7161 -0.8000 0 0 1
-14.8642 -8.7161 -0.8000 0 0 1
-14.8642 -8.6786 -0.8000 0 0 1
-15.1641 -8.6786 -0.8000 0 0 1
-2.5680 -8.7161 -0.8000 0 0 1
-2.4930 -8.7161 -0.8000 0 0 1
-2.4930 -8.6786 -0.8000 0 0 1
-2.5680 -8.6786 -0.8000 0 0 1
-2.4555 -8.7161 -0.8000 0 0 1
-2.4180 -8.7161 -0.8000 0 0 1
-2.4180 -8.6786 -0.8000 0 0 1
-2.4555 -8.6786 -0.8000 0 0 1
-2.2681 -8.7161 -0.8000 0 0 1
-2.2306 -8.7161 -0.8000 0 0 1
-2.2306 -8.6786 -0.8000 0 0 1
-2.2681 -8.6786 -0.8000 0 0 1
-2.0056 -8.7161 -0.8000 0 0 1
-1.9682 -8.7161 -0.8000 0 0 1
-1.9682 -8.6786 -0.8000 0 0 1
-2.0056 -8.6786 -0.8000 0 0 1
-1.7432 -8.7161 -0.8000 0 0 1
-1.6682 -8.7161 -0.8000 0 0 1
-1.6682 -8.6786 -0.8000 0 0 1
-1.7432 -8.6786 -0.8000 0 0 1
-1.5558 -8.7161 -0.8000 0 0 1
-1.4808 -8.7161 -0.8000 0 0 1
-1.4808 -8.6786 -0.8000 0 0 1
-1.5558 -8.6786 -0.8000 0 0 1
-1.3308 -8.7161 -0.8000 0 0 1
-1.2934 -8.7161 -0.8000 0 0 1
-1.2934 -8.6786 -0.8000 0 0 1
-1.3308 -8.6786 -0.8000 0 0 1
-0.9934 -8.7161 -0.8000 0 0 1
-0.9560 -8.7161 -0.8000 0 0 1
-0.9560 -8.6786 -0.8000 0 0 1
-0.9934 -8.6786 -0.8000 0 0 1
-0.6935 -8.7161 -0.8000 0 0 1
-0.6561 -8.7161 -0.8000 0 0 1
-0.6561 -8.6786 -0.8000 0 0 1
-0.6935 -8.6786 -0.8000 0 0 1
-0.5436 -8.7161 -0.8000 0 0 1
-0.5061 -8.7161 -0.8000 0 0 1
-0.5061 -8.6786 -0.8000 0 0 1
-0.5436 -8.6786 -0.8000 0 0 1
-0.2812 -8.7161 -0.8000 0 0 1
-0.2437 -8.7161 -0.8000 0 0 1
-0.2437 -8.6786 -0.8000 0 0 1
-0.2812 -8.6786 -0.8000 0 0 1
0.0562 -8.7161 -0.8000 0 0 1
0.1312 -8.7161 -0.8000 0 0 1
0.1312 -8.6786 -0.8000 0 0 1
0.0562 -8.6786 -0.8000 0 0 1
0.3936 -8.7161 -0.8000 0 0 1
0.4686 -8.7161 -0.8000 0 0 1
0.4686 -8.6786 -0.8000 0 0 1
0.3936 -8.6786 -0.8000 0 0 1
0.7685 -8.7161 -0.8000 0 0 1
0.8060 -8.7161 -0.8000 0 0 1
0.8060 -8.6786 -0.8000 0 0 1
0.7685 -8.6786 -0.8000 0 0 1
0.9560 -8.7161 -0.8000 0 0 1
1.0309 -8.7161 -0.8000 0 0 1
1.0309 -8.6786 -0.8000 0 0 1
0.9560 -8.6786 -0.8000 0 0 1
1.2184 -8.7161 -0.8000 0 0 1
1.4433 -8.7161 -0.8000 0 0 1
1.4433 -8.6786 -0.8000 0 0 1
1.2184 -8.6786 -0.8000 0 0 1
1.5933 -8.7161 -0.8000 0 0 1
1.6308 -8.7161 -0.8000 0 0 1
1.6308 -8.6786 -0.8000 0 0 1
1.5933 -8.6786 -0.8000 0 0 1
1.7432 -8.7161 -0.8000 0 0 1
1.8182 -8.7161 -0.8000 0 0 1
1.8182 -8.6786 -0.8000 0 0 1
1.7432 -8.6786 -0.8000 0 0 1
1.9307 -8.7161 -0.8000 0 0 1
1.9682 -8.7161 -0.8000 0 0 1
1.9682 -8.6786 -0.8000 0 0 1
1.9307 -8.6786 -0.8000 0 0 1
2.1181 -8.7161 -0.8000 0 0 1
2.1931 -8.7161 -0.8000 0 0 1
2.1931 -8.6786 -0.8000 0 0 1
2.1181 -8.6786 -0.8000 0 0 1
2.4930 -8.7161 -0.8000 0 0 1
2.5680 -8.7161 -0.8000 0 0 1
2.5680 -8.6786 -0.8000 0 0 1
2.4930 -8.6786 -0.8000 0 0 1
14.9017 -8.7161 -0.8000 0 0 1
15.2016 -8.7161 -0.8000 0 0 1
15.2016 -8.6786 -0.8000 0 0 1
14.9017 -8.6786 -0.8000 0 0 1
-15.2016 -8.7536 -0.8000 0 0 1
-14.9392 -8.7536 -0.8000 0 0 1
-14.9392 -8.7161 -0.8000 0 0 1
-15.2016 -8.7161 -0.8000 0 0 1
-2.5305 -8.7536 -0.8000 0 0 1
-2.4930 -8.7536 -0.8000 0 0 1
-2.4930 -8.7161 -0.8000 0 0 1
-2.5305 -8.7161 -0.8000 0 0 1
-2.2681 -8.7536 -0.8000 0 0 1
-2.2306 -8.7536 -0.8000 0 0 1
-2.2306 -8.7161 -0.8000 0 0 1
-2.2681 -8.7161 -0.8000 0 0 1
-2.0056 -8.7536 -0.8000 0 0 1
-1.9682 -8.7536 -0.8000 0 0 1
-1.9682 -8.7161 -0.8000 0 0 1
-2.0056 -8.7161 -0.8000 0 0 1
-1.7432 -8.7536 -0.8000 0 0 1
-1.6682 -8.7536 -0.8000 0 0 1
-1.6682 -8.7161 -0.8000 0 0 1
-1.7432 -8.7161 -0.8000 0 0 1
-1.5183 -8.7536 -0.8000 0 0 1
-1.4808 -8.7536 -0.8000 0 0 1
-1.4808 -8.7161 -0.8000 0 0 1
-1.5183 -8.7161 -0.8000 0 0 1
-1.3308 -8.7536 -0.8000 0 0 1
-1.2934 -8.7536 -0.8000 0 0 1
-1.2934 -8.7161 -0.8000 0 0 1
-1.3308 -8.7161 -0.8000 0 0 1
-0.9934 -8.7536 -0.8000 0 0 1
-0.9185 -8.7536 -0.8000 0 0 1
-0.9185 -8.7161 -0.8000 0 0 1
-0.9934 -8.7161 -0.8000 0 0 1
-0.7310 -8.7536 -0.8000 0 0 1
-0.6561 -8.7536 -0.8000 0 0 1
-0.6561 -8.7161 -0.8000 0 0 1
-0.7310 -8.7161 -0.8000 0 0 1
-0.5436 -8.7536 -0.8000 0 0 1
-0.5061 -8.7536 -0.8000 0 0 1
-0.5061 -8.7161 -0.8000 0 0 1
-0.5436 -8.7161 -0.8000 0 0 1
-0.1312 -8.7536 -0.8000 0 0 1
-0.0937 -8.7536 -0.8000 0 0 1
-0.0937 -8.7161 -0.8000 0 0 1
-0.1312 -8.7161 -0.8000 0 0 1
0.0562 -8.7536 -0.8000 0 0 1
0.1312 -8.7536 -0.8000 0 0 1
0.1312 -8.7161 -0.8000 0 0 1
0.0562 -8.7161 -0.8000 0 0 1
0.3936 -8.7536 -0.8000 0 0 1
0.4686 -8.7536 -0.8000 0 0 1
0.4686 -8.7161 -0.8000 0 0 1
0.3936 -8.7161 -0.8000 0 0 1
0.7685 -8.7536 -0.8000 0 0 1
0.8060 -8.7536 -0.8000 0 0 1
0.8060 -8.7161 -0.8000 0 0 1
0.7685 -8.7161 -0.8000 0 0 1
0.9934 -8.7536 -0.8000 0 0 1
1.0684 -8.7536 -0.8000 0 0 1
1.0684 -8.7161 -0.8000 0 0 1
0.9934 -8.7161 -0.8000 0 0 1
1.2184 -8.7536 -0.8000 0 0 1
1.2559 -8.7536 -0.8000 0 0 1
1.2559 -8.7161 -0.8000 0 0 1
1.2184 -8.7161 -0.8000 0 0 1
1.4058 -8.7536 -0.8000 0 0 1
1.4808 -8.7536 -0.8000 0 0 1
1.4808 -8.7161 -0.8000 0 0 1
1.4058 -8.7161 -0.8000 0 0 1
1.5933 -8.7536 -0.8000 0 0 1
1.6308 -8.7536 -0.8000 0 0 1
1.6308 -8.7161 -0.8000 0 0 1
1.5933 -8.7161 -0.8000 0 0 1
1.7432 -8.7536 -0.8000 0 0 1
1.8182 -8.7536 -0.8000 0 0 1
1.8182 -8.7161 -0.8000 0 0 1
1.7432 -8.7161 -0.8000 0 0 1
1.9307 -8.7536 -0.8000 0 0 1
1.9682 -8.7536 -0.8000 0 0 1
1.9682 -8.7161 -0.8000 0 0 1
1.9307 -8.7161 -0.8000 0 0 1
2.1181 -8.7536 -0.8000 0 0 1
2.1931 -8.7536 -0.8000 0 0 1
2.1931 -8.7161 -0.8000 0 0 1
2.1181 -8.7161 -0.8000 0 0 1
2.4930 -8.7536 -0.8000 0 0 1
2.5680 -8.7536 -0.8000 0 0 1
2.5680 -8.7161 -0.8000 0 0 1
2.4930 -8.7161 -0.8000 0 0 1
2.7179 -8.7536 -0.8000 0 0 1
2.7554 -8.7536 -0.8000 0 0 1
2.7554 -8.7161 -0.8000 0 0 1
2.7179 -8.7161 -0.8000 0 0 1
14.9767 -8.7536 -0.8000 0 0 1
15.2391 -8.7536 -0.8000 0 0 1
15.2391 -8.7161 -0.8000 0 0 1
14.9767 -8.7161 -0.8000 0 0 1
-15.2766 -8.7911 -0.8000 0 0 1
-15.0142 -8.7911 -0.8000 0 0 1
-15.0142 -8.7536 -0.8000 0 0 1
-15.2766 -8.7536 -0.8000 0 0 1
-2.5305 -8.7911 -0.8000 0 0 1
-2.4555 -8.7911 -0.8000 0 0 1
-2.4555 -8.7536 -0.8000 0 0 1
-2.5305 -8.7536 -0.8000 0 0 1
-2.2681 -8.7911 -0.8000 0 0 1
-2.2306 -8.7911 -0.8000 0 0 1
-2.2306 -8.7536 -0.8000 0 0 1
-2.2681 -8.7536 -0.8000 0 0 1
-2.0056 -8.7911 -0.8000 0 0 1
-1.9682 -8.7911 -0.8000 0 0 1
-1.9682 -8.7536 -0.8000 0 0 1
-2.0056 -8.7536 -0.8000 0 0 1
-1.7432 -8.7911 -0.8000 0 0 1
-1.6682 -8.7911 -0.8000 0 0 1
-1.6682 -8.7536 -0.8000 0 0 1
-1.7432 -8.7536 -0.8000 0 0 1
-1.5183 -8.7911 -0.8000 0 0 1
-1.4808 -8.7911 -0.8000 0 0 1
-1.4808 -8.7536 -0.8000 0 0 1
-1.5183 -8.7536 -0.8000 0 0 1
-1.3308 -8.7911 -0.8000 0 0 1
-1.2934 -8.7911 -0.8000 0 0 1
-1.2934 -8.7536 -0.8000 0 0 1
-1.3308 -8.7536 -0.8000 0 0 1
-1.1059 -8.7911 -0.8000 0 0 1
-1.0684 -8.7911 -0.8000 0 0 1
-1.0684 -8.7536 -0.8000 0 0 1
-1.1059 -8.7536 -0.8000 0 0 1
-0.9560 -8.7911 -0.8000 0 0 1
-0.9185 -8.7911 -0.8000 0 0 1
-0.9185 -8.7536 -0.8000 0 0 1
-0.9560 -8.7536 -0.8000 0 0 1
-0.7685 -8.7911 -0.8000 0 0 1
-0.6935 -8.7911 -0.8000 0 0 1
-0.6935 -8.7536 -0.8000 0 0 1
-0.7685 -8.7536 -0.8000 0 0 1
-0.5436 -8.7911 -0.8000 0 0 1
-0.4686 -8.7911 -0.8000 0 0 1
-0.4686 -8.7536 -0.8000 0 0 1
-0.5436 -8.7536 -0.8000 0 0 1
-0.3187 -8.7911 -0.8000 0 0 1
-0.2812 -8.7911 -0.8000 0 0 1
-0.2812 -8.7536 -0.8000 0 0 1
-0.3187 -8.7536 -0.8000 0 0 1
-0.1312 -8.7911 -0.8000 0 0 1
-0.0937 -8.7911 -0.8000 0 0 1
-0.0937 -8.7536 -0.8000 0 0 1
-0.1312 -8.7536 -0.8000 0 0 1
0.0562 -8.7911 -0.8000 0 0 1
0.0937 -8.7911 -0.8000 0 0 1
0.0937 -8.7536 -0.8000 0 0 1
0.0562 -8.7536 -0.8000 0 0 1
0.3936 -8.7911 -0.8000 0 0 1
0.4686 -8.7911 -0.8000 0 0 1
0.4686 -8.7536 -0.8000 0 0 1
0.3936 -8.7536 -0.8000 0 0 1
0.6186 -8.7911 -0.8000 0 0 1
0.6561 -8.7911 -0.8000 0 0 1
0.6561 -8.7536 -0.8000 0 0 1
0.6186 -8.7536 -0.8000 0 0 1
0.7685 -8.7911 -0.8000 0 0 1
0.8060 -8.7911 -0.8000 0 0 1
0.8060 -8.7536 -0.8000 0 0 1
0.7685 -8.7536 -0.8000 0 0 1
0.9934 -8.7911 -0.8000 0 0 1
1.0684 -8.7911 -0.8000 0 0 1
1.0684 -8.7536 -0.8000 0 0 1
0.9934 -8.7536 -0.8000 0 0 1
1.1809 -8.7911 -0.8000 0 0 1
1.2184 -8.7911 -0.8000 0 0 1
1.2184 -8.7536 -0.8000 0 0 1
1.1809 -8.7536 -0.8000 0 0 1
1.4433 -8.7911 -0.8000 0 0 1
1.4808 -8.7911 -0.8000 0 0 1
1.4808 -8.7536 -0.8000 0 0 1
1.4433 -8.7536 -0.8000 0 0 1
1.5933 -8.7911 -0.8000 0 0 1
1.6308 -8.7911 -0.8000 0 0 1
1.6308 -8.7536 -0.8000 0 0 1
1.5933 -8.7536 -0.8000 0 0 1
1.9307 -8.7911 -0.8000 0 0 1
1.9682 -8.7911 -0.8000 0 0 1
1.9682 -8.7536 -0.8000 0 0 1
1.9307 -8.7536 -0.8000 0 0 1
2.1181 -8.7911 -0.8000 0 0 1
2.1931 -8.7911 -0.8000 0 0 1
2.1931 -8.7536 -0.8000 0 0 1
2.1181 -8.7536 -0.8000 0 0 1
2.3430 -8.7911 -0.8000 0 0 1
2.3805 -8.7911 -0.8000 0 0 1
2.3805 -8.7536 -0.8000 0 0 1
2.3430 -8.7536 -0.8000 0 0 1
2.4930 -8.7911 -0.8000 0 0 1
2.5680 -8.7911 -0.8000 0 0 1
2.5680 -8.7536 -0.8000 0 0 1
2.4930 -8.7536 -0.8000 0 0 1
2.7179 -8.7911 -0.8000 0 0 1
2.7554 -8.7911 -0.8000 0 0 1
2.7554 -8.7536 -0.8000 0 0 1
2.7179 -8.7536 -0.8000 0 0 1
15.0517 -8.7911 -0.8000 0 0 1
15.3141 -8.7911 -0.8000 0 0 1
15.3141 -8.7536 -0.8000 0 0 1
15.0517 -8.7536 -0.8000 0 0 1
-15.3516 -8.8286 -0.8000 0 0 1
-15.0892 -8.8286 -0.8000 0 0 1
-15.0892 -8.7911 -0.8000 0 0 1
-15.3516 -8.7911 -0.8000 0 0 1
-2.5305 -8.8286 -0.8000 0 0 1
-2.4555 -8.8286 -0.8000 0 0 1
-2.4555 -8.7911 -0.8000 0 0 1
-2.5305 -8.7911 -0.8000 0 0 1
-2.3056 -8.8286 -0.8000 0 0 1
-2.1931 -8.8286 -0.8000 0 0 1
-2.1931 -8.7911 -0.8000 0 0 1
-2.3056 -8.7911 -0.8000 0 0 1
-2.0431 -8.8286 -0.8000 0 0 1
-1.8932 -8.8286 -0.8000 0 0 1
-1.8932 -8.7911 -0.8000 0 0 1
-2.0431 -8.7911 -0.8000 0 0 1
-1.7807 -8.8286 -0.8000 0 0 1
-1.6308 -8.8286 -0.8000 0 0 1
-1.6308 -8.7911 -0.8000 0 0 1
-1.7807 -8.7911 -0.8000 0 0 1
-1.5183 -8.8286 -0.8000 0 0 1
-1.4058 -8.8286 -0.8000 0 0 1
-1.4058 -8.7911 -0.8000 0 0 1
-1.5183 -8.7911 -0.8000 0 0 1
-1.3683 -8.8286 -0.8000 0 0 1
-1.0684 -8.8286 -0.8000 0 0 1
-1.0684 -8.7911 -0.8000 0 0 1
-1.3683 -8.7911 -0.8000 0 0 1
-0.9185 -8.8286 -0.8000 0 0 1
-0.7685 -8.8286 -0.8000 0 0 1
-0.7685 -8.7911 -0.8000 0 0 1
-0.9185 -8.7911 -0.8000 0 0 1
-0.4686 -8.8286 -0.8000 0 0 1
-0.3187 -8.8286 -0.8000 0 0 1
-0.3187 -8.7911 -0.8000 0 0 1
-0.4686 -8.7911 -0.8000 0 0 1
-0.1312 -8.8286 -0.8000 0 0 1
0.0562 -8.8286 -0.8000 0 0 1
0.0562 -8.7911 -0.8000 0 0 1
-0.1312 -8.7911 -0.8000 0 0 1
0.3561 -8.8286 -0.8000 0 0 1
0.6561 -8.8286 -0.8000 0 0 1
0.6561 -8.7911 -0.8000 0 0 1
0.3561 -8.7911 -0.8000 0 0 1
0.7310 -8.8286 -0.8000 0 0 1
0.8435 -8.8286 -0.8000 0 0 1
0.8435 -8.7911 -0.8000 0 0 1
0.7310 -8.7911 -0.8000 0 0 1
1.0309 -8.8286 -0.8000 0 0 1
1.0684 -8.8286 -0.8000 0 0 1
1.0684 -8.7911 -0.8000 0 0 1
1.0309 -8.7911 -0.8000 0 0 1
1.1434 -8.8286 -0.8000 0 0 1
1.2559 -8.8286 -0.8000 0 0 1
1.2559 -8.7911 -0.8000 0 0 1
1.1434 -8.7911 -0.8000 0 0 1
1.4058 -8.8286 -0.8000 0 0 1
1.5183 -8.8286 -0.8000 0 0 1
1.5183 -8.7911 -0.8000 0 0 1
1.4058 -8.7911 -0.8000 0 0 1
1.5558 -8.8286 -0.8000 0 0 1
1.6682 -8.8286 -0.8000 0 0 1
1.6682 -8.7911 -0.8000 0 0 1
1.5558 -8.7911 -0.8000 0 0 1
1.8932 -8.8286 -0.8000 0 0 1
2.0056 -8.8286 -0.8000 0 0 1
2.0056 -8.7911 -0.8000 0 0 1
1.8932 -8.7911 -0.8000 0 0 1
2.0806 -8.8286 -0.8000 0 0 1
2.3805 -8.8286 -0.8000 0 0 1
2.3805 -8.7911 -0.8000 0 0 1
2.0806 -8.7911 -0.8000 0 0 1
2.4555 -8.8286 -0.8000 0 0 1
2.7554 -8.8286 -0.8000 0 0 1
2.7554 -8.7911 -0.8000 0 0 1
2.4555 -8.7911 -0.8000 0 0 1
15.1267 -8.8286 -0.8000 0 0 1
15.3891 -8.8286 -0.8000 0 0 1
15.3891 -8.7911 -0.8000 0 0 1
15.1267 -8.7911 -0.8000 0 0 1
-15.4266 -8.8661 -0.8000 0 0 1
-15.1267 -8.8661 -0.8000 0 0 1
-15.1267 -8.8286 -0.8000 0 0 1
-15.4266 -8.8286 -0.8000 0 0 1
15.1641 -8.8661 -0.8000 0 0 1
15.4641 -8.8661 -0.8000 0 0 1
15.4641 -8.8286 -0.8000 0 0 1
15.1641 -8.8286 -0.8000 0 0 1
-15.4641 -8.9035 -0.8000 0 0 1
-15.2016 -8.9035 -0.8000 0 0 1
-15.2016 -8.8661 -0.8000 0 0 1
-15.4641 -8.8661 -0.8000 0 0 1
15.2391 -8.9035 -0.8000 0 0 1
15.5015 -8.9035 -0.8000 0 0 1
15.5015 -8.8661 -0.8000 0 0 1
15.2391 -8.8661 -0.8000 0 0 1
-15.5390 -8.9410 -0.8000 0 0 1
-15.2766 -8.9410 -0.8000 0 0 1
-15.2766 -8.9035 -0.8000 0 0 1
-15.5390 -8.9035 -0.8000 0 0 1
15.3141 -8.9410 -0.8000 0 0 1
15.5765 -8.9410 -0.8000 0 0 1
15.5765 -8.9035 -0.8000 0 0 1
15.3141 -8.9035 -0.8000 0 0 1
-15.6140 -8.9785 -0.8000 0 0 1
-15.3141 -8.9785 -0.8000 0 0 1
-15.3141 -8.9410 -0.8000 0 0 1
-15.6140 -8.9410 -0.8000 0 0 1
15.3516 -8.9785 -0.8000 0 0 1
15.6515 -8.9785 -0.8000 0 0 1
15.6515 -8.9410 -0.8000 0 0 1
15.3516 -8.9410 -0.8000 0 0 1
-15.6515 -9.0160 -0.8000 0 0 1
-15.3891 -9.0160 -0.8000 0 0 1
-15.3891 -8.9785 -0.8000 0 0 1
-15.6515 -8.9785 -0.8000 0 0 1
15.4266 -9.0160 -0.8000 0 0 1
15.6890 -9.0160 -0.8000 0 0 1
15.6890 -8.9785 -0.8000 0 0 1
15.4266 -8.9785 -0.8000 0 0 1
-15.7265 -9.0535 -0.8000 0 0 1
-15.4641 -9.0535 -0.8000 0 0 1
-15.4641 -9.0160 -0.8000 0 0 1
-15.7265 -9.0160 -0.8000 0 0 1
15.5015 -9.0535 -0.8000 0 0 1
15.7640 -9.0535 -0.8000 0 0 1
15.7640 -9.0160 -0.8000 0 0 1
15.5015 -9.0160 -0.8000 0 0 1
-15.8015 -9.0910 -0.8000 0 0 1
-15.5390 -9.0910 -0.8000 0 0 1
-15.5390 -9.0535 -0.8000 0 0 1
-15.8015 -9.0535 -0.8000 0 0 1
15.5765 -9.0910 -0.8000 0 0 1
15.8389 -9.0910 -0.8000 0 0 1
15.8389 -9.0535 -0.8000 0 0 1
15.5765 -9.0535 -0.8000 0 0 1
-15.8764 -9.1285 -0.8000 0 0 1
-15.5765 -9.1285 -0.8000 0 0 1
-15.5765 -9.0910 -0.8000 0 0 1
-15.8764 -9.0910 -0.8000 0 0 1
15.6140 -9.1285 -0.8000 0 0 1
15.9139 -9.1285 -0.8000 0 0 1
15.9139 -9.0910 -0.8000 0 0 1
15.6140 -9.0910 -0.8000 0 0 1
-15.9139 -9.1660 -0.8000 0 0 1
-15.6515 -9.1660 -0.8000 0 0 1
-15.6515 -9.1285 -0.8000 0 0 1
-15.9139 -9.1285 -0.8000 0 0 1
15.6890 -9.1660 -0.8000 0 0 1
15.9514 -9.1660 -0.8000 0 0 1
15.9514 -9.1285 -0.8000 0 0 1
15.6890 -9.1285 -0.8000 0 0 1
-15.9889 -9.2035 -0.8000 0 0 1
-15.7265 -9.2035 -0.8000 0 0 1
-15.7265 -9.1660 -0.8000 0 0 1
-15.9889 -9.1660 -0.8000 0 0 1
15.7640 -9.2035 -0.8000 0 0 1
16.0264 -9.2035 -0.8000 0 0 1
16.0264 -9.1660 -0.8000 0 0 1
15.7640 -9.1660 -0.8000 0 0 1
-16.0639 -9.2409 -0.8000 0 0 1
-15.8015 -9.2409 -0.8000 0 0 1
-15.8015 -9.2035 -0.8000 0 0 1
-16.0639 -9.2035 -0.8000 0 0 1
15.8389 -9.2409 -0.8000 0 0 1
16.1014 -9.2409 -0.8000 0 0 1
16.1014 -9.2035 -0.8000 0 0 1
15.8389 -9.2035 -0.8000 0 0 1
-16.1389 -9.2784 -0.8000 0 0 1
-15.8389 -9.2784 -0.8000 0 0 1
-15.8389 -9.2409 -0.8000 0 0 1
-16.1389 -9.2409 -0.8000 0 0 1
15.8764 -9.2784 -0.8000 0 0 1
16.1763 -9.2784 -0.8000 0 0 1
16.1763 -9.2409 -0.8000 0 0 1
15.8764 -9.2409 -0.8000 0 0 1
-16.1763 -9.3159 -0.8000 0 0 1
-15.9139 -9.3159 -0.8000 0 0 1
-15.9139 -9.2784 -0.8000 0 0 1
-16.1763 -9.2784 -0.8000 0 0 1
15.9514 -9.3159 -0.8000 0 0 1
16.2138 -9.3159 -0.8000 0 0 1
16.2138 -9.2784 -0.8000 0 0 1
15.9514 -9.2784 -0.8000 0 0 1
-16.2513 -9.3534 -0.8000 0 0 1
-15.9889 -9.3534 -0.8000 0 0 1
-15.9889 -9.3159 -0.8000 0 0 1
-16.2513 -9.3159 -0.8000 0 0 1
16.0264 -9.3534 -0.8000 0 0 1
16.2888 -9.3534 -0.8000 0 0 1
16.2888 -9.3159 -0.8000 0 0 1
16.0264 -9.3159 -0.8000 0 0 1
-16.3263 -9.3909 -0.8000 0 0 1
-16.0264 -9.3909 -0.8000 0 0 1
-16.0264 -9.3534 -0.8000 0 0 1
-16.3263 -9.3534 -0.8000 0 0 1
16.0639 -9.3909 -0.8000 0 0 1
16.3638 -9.3909 -0.8000 0 0 1
16.3638 -9.3534 -0.8000 0 0 1
16.0639 -9.3534 -0.8000 0 0 1
-16.4013 -9.4284 -0.8000 0 0 1
-16.1014 -9.4284 -0.8000 0 0 1
-16.1014 -9.3909 -0.8000 0 0 1
-16.4013 -9.3909 -0.8000 0 0 1
16.1389 -9.4284 -0.8000 0 0 1
16.4388 -9.4284 -0.8000 0 0 1
16.4388 -9.3909 -0.8000 0 0 1
16.1389 -9.3909 -0.8000 0 0 1
-16.4388 -9.4659 -0.8000 0 0 1
-16.1763 -9.4659 -0.8000 0 0 1
-16.1763 -9.4284 -0.8000 0 0 1
-16.4388 -9.4284 -0.8000 0 0 1
16.2138 -9.4659 -0.8000 0 0 1
16.4763 -9.4659 -0.8000 0 0 1
16.4763 -9.4284 -0.8000 0 0 1
16.2138 -9.4284 -0.8000 0 0 1
-16.5137 -9.5034 -0.8000 0 0 1
-16.2513 -9.5034 -0.8000 0 0 1
-16.2513 -9.4659 -0.8000 0 0 1
-16.5137 -9.4659 -0.8000 0 0 1
16.2888 -9.5034 -0.8000 0 0 1
16.5512 -9.5034 -0.8000 0 0 1
16.5512 -9.4659 -0.8000 0 0 1
16.2888 -9.4659 -0.8000 0 0 1
-16.5887 -9.5409 -0.8000 0 0 1
-16.2888 -9.5409 -0.8000 0 0 1
-16.2888 -9.5034 -0.8000 0 0 1
-16.5887 -9.5034 -0.8000 0 0 1
16.3263 -9.5409 -0.8000 0 0 1
16.6262 -9.5409 -0.8000 0 0 1
16.6262 -9.5034 -0.8000 0 0 1
16.3263 -9.5034 -0.8000 0 0 1
-16.6262 -9.5783 -0.8000 0 0 1
-16.3638 -9.5783 -0.8000 0 0 1
-16.3638 -9.5409 -0.8000 0 0 1
-16.6262 -9.5409 -0.8000 0 0 1
16.4013 -9.5783 -0.8000 0 0 1
16.6637 -9.5783 -0.8000 0 0 1
16.6637 -9.5409 -0.8000 0 0 1
16.4013 -9.5409 -0.8000 0 0 1
-16.7012 -9.6158 -0.8000 0 0 1
-16.4388 -9.6158 -0.8000 0 0 1
-16.4388 -9.5783 -0.8000 0 0 1
-16.7012 -9.5783 -0.8000 0 0 1
16.4763 -9.6158 -0.8000 0 0 1
16.7387 -9.6158 -0.8000 0 0 1
16.7387 -9.5783 -0.8000 0 0 1
16.4763 -9.5783 -0.8000 0 0 1
-16.7762 -9.6533 -0.8000 0 0 1
-16.5137 -9.6533 -0.8000 0 0 1
-16.5137 -9.6158 -0.8000 0 0 1
-16.7762 -9.6158 -0.8000 0 0 1
16.5512 -9.6533 -0.8000 0 0 1
16.8136 -9.6533 -0.8000 0 0 1
16.8136 -9.6158 -0.8000 0 0 1
16.5512 -9.6158 -0.8000 0 0 1
-16.8511 -9.6908 -0.8000 0 0 1
-16.5512 -9.6908 -0.8000 0 0 1
-16.5512 -9.6533 -0.8000 0 0 1
-16.8511 -9.6533 -0.8000 0 0 1
16.5887 -9.6908 -0.8000 0 0 1
16.8886 -9.6908 -0.8000 0 0 1
16.8886 -9.6533 -0.8000 0 0 1
16.5887 -9.6533 -0.8000 0 0 1
-16.8886 -9.7283 -0.8000 0 0 1
-16.6262 -9.7283 -0.8000 0 0 1
-16.6262 -9.6908 -0.8000 0 0 1
-16.8886 -9.6908 -0.8000 0 0 1
16.6637 -9.7283 -0.8000 0 0 1
16.9261 -9.7283 -0.8000 0 0 1
16.9261 -9.6908 -0.8000 0 0 1
16.6637 -9.6908 -0.8000 0 0 1
-16.9636 -9.7658 -0.8000 0 0 1
-16.7012 -9.7658 -0.8000 0 0 1
-16.7012 -9.7283 -0.8000 0 0 1
-16.9636 -9.7283 -0.8000 0 0 1
16.7387 -9.7658 -0.8000 0 0 1
17.0011 -9.7658 -0.8000 0 0 1
17.0011 -9.7283 -0.8000 0 0 1
16.7387 -9.7283 -0.8000 0 0 1
-17.0386 -9.8033 -0.8000 0 0 1
-16.7762 -9.8033 -0.8000 0 0 1
-16.7762 -9.7658 -0.8000 0 0 1
-17.0386 -9.7658 -0.8000 0 0 1
16.8136 -9.8033 -0.8000 0 0 1
17.0761 -9.8033 -0.8000 0 0 1
17.0761 -9.7658 -0.8000 0 0 1
16.8136 -9.7658 -0.8000 0 0 1
-17.0761 -9.8408 -0.8000 0 0 1
-16.8136 -9.8408 -0.8000 0 0 1
-16.8136 -9.8033 -0.8000 0 0 1
-17.0761 -9.8033 -0.8000 0 0 1
16.8511 -9.8408 -0.8000 0 0 1
17.1136 -9.8408 -0.8000 0 0 1
17.1136 -9.8033 -0.8000 0 0 1
16.8511 -9.8033 -0.8000 0 0 1
-17.0386 -9.8783 -0.8000 0 0 1
-16.8886 -9.8783 -0.8000 0 0 1
-16.8886 -9.8408 -0.8000 0 0 1
-17.0386 -9.8408 -0.8000 0 0 1
16.9261 -9.8783 -0.8000 0 0 1
17.0761 -9.8783 -0.8000 0 0 1
17.0761 -9.8408 -0.8000 0 0 1
16.9261 -9.8408 -0.8000 0 0 1
-17.0011 -9.9157 -0.8000 0 0 1
-16.9636 -9.9157 -0.8000 0 0 1
-16.9636 -9.8783 -0.8000 0 0 1
-17.0011 -9.8783 -0.8000 0 0 1
17.0011 -9.9157 -0.8000 0 0 1
17.0386 -9.9157 -0.8000 0 0 1
17.0386 -9.8783 -0.8000 0 0 1
17.0011 -9.8783 -0.8000 0 0 1
-14.9767 -10.8904 -0.8000 0 0 1
-14.9017 -10.8904 -0.8000 0 0 1
-14.9017 -10.8530 -0.8000 0 0 1
-14.9767 -10.8530 -0.8000 0 0 1
14.9392 -10.8904 -0.8000 0 0 1
15.0142 -10.8904 -0.8000 0 0 1
15.0142 -10.8530 -0.8000 0 0 1
14.9392 -10.8530 -0.8000 0 0 1
-15.0142 -10.9279 -0.8000 0 0 1
-14.9392 -10.9279 -0.8000 0 0 1
-14.9392 -10.8904 -0.8000 0 0 1
-15.0142 -10.8904 -0.8000 0 0 1
14.9767 -10.9279 -0.8000 0 0 1
15.0517 -10.9279 -0.8000 0 0 1
15.0517 -10.8904 -0.8000 0 0 1
14.9767 -10.8904 -0.8000 0 0 1
-15.0892 -10.9654 -0.8000 0 0 1
-14.9767 -10.9654 -0.8000 0 0 1
-14.9767 -10.9279 -0.8000 0 0 1
-15.0892 -10.9279 -0.8000 0 0 1
15.0142 -10.9654 -0.8000 0 0 1
15.1267 -10.9654 -0.8000 0 0 1
15.1267 -10.9279 -0.8000 0 0 1
15.0142 -10.9279 -0.8000 0 0 1
-15.1267 -11.0029 -0.8000 0 0 1
-15.0142 -11.0029 -0.8000 0 0 1
-15.0142 -10.9654 -0.8000 0 0 1
-15.1267 -10.9654 -0.8000 0 0 1
15.0517 -11.0029 -0.8000 0 0 1
15.1641 -11.0029 -0.8000 0 0 1
15.1641 -10.9654 -0.8000 0 0 1
15.0517 -10.9654 -0.8000 0 0 1
-15.1641 -11.0404 -0.8000 0 0 1
-15.0892 -11.0404 -0.8000 0 0 1
-15.0892 -11.0029 -0.8000 0 0 1
-15.1641 -11.0029 -0.8000 0 0 1
15.1267 -11.0404 -0.8000 0 0 1
15.2016 -11.0404 -0.8000 0 0 1
15.2016 -11.0029 -0.8000 0 0 1
15.1267 -11.0029 -0.8000 0 0 1
-15.2391 -11.0779 -0.8000 0 0 1
-15.1267 -11.0779 -0.8000 0 0 1
-15.1267 -11.0404 -0.8000 0 0 1
-15.2391 -11.0404 -0.8000 0 0 1
15.1641 -11.0779 -0.8000 0 0 1
15.2766 -11.0779 -0.8000 0 0 1
15.2766 -11.0404 -0.8000 0 0 1
15.1641 -11.0404 -0.8000 0 0 1
-15.2766 -11.1154 -0.8000 0 0 1
-15.1641 -11.1154 -0.8000 0 0 1
-15.1641 -11.0779 -0.8000 0 0 1
-15.2766 -11.0779 -0.8000 0 0 1
15.2016 -11.1154 -0.8000 0 0 1
15.3141 -11.1154 -0.8000 0 0 1
15.3141 -11.0779 -0.8000 0 0 1
15.2016 -11.0779 -0.8000 0 0 1
-15.3141 -11.1529 -0.8000 0 0 1
-15.2391 -11.1529 -0.8000 0 0 1
-15.2391 -11.1154 -0.8000 0 0 1
-15.3141 -11.1154 -0.8000 0 0 1
15.2766 -11.1529 -0.8000 0 0 1
15.3516 -11.1529 -0.8000 0 0 1
15.3516 -11.1154 -0.8000 0 0 1
15.2766 -11.1154 -0.8000 0 0 1
-15.3891 -11.1904 -0.8000 0 0 1
-15.2766 -11.1904 -0.8000 0 0 1
-15.2766 -11.1529 -0.8000 0 0 1
-15.3891 -11.1529 -0.8000 0 0 1
15.3141 -11.1904 -0.8000 0 0 1
15.4266 -11.1904 -0.8000 0 0 1
15.4266 -11.1529 -0.8000 0 0 1
15.3141 -11.1529 -0.8000 0 0 1
-15.4266 -11.2278 -0.8000 0 0 1
-15.3516 -11.2278 -0.8000 0 0 1
-15.3516 -11.1904 -0.8000 0 0 1
-15.4266 -11.1904 -0.8000 0 0 1
15.3891 -11.2278 -0.8000 0 0 1
15.4641 -11.2278 -0.8000 0 0 1
15.4641 -11.1904 -0.8000 0 0 1
15.3891 -11.1904 -0.8000 0 0 1
-15.5015 -11.2653 -0.8000 0 0 1
-15.3891 -11.2653 -0.8000 0 0 1
-15.3891 -11.2278 -0.8000 0 0 1
-15.5015 -11.2278 -0.8000 0 0 1
15.4266 -11.2653 -0.8000 0 0 1
15.5390 -11.2653 -0.8000 0 0 1
15.5390 -11.2278 -0.8000 0 0 1
15.4266 -11.2278 -0.8000 0 0 1
-15.5390 -11.3028 -0.8000 0 0 1
-15.4266 -11.3028 -0.8000 0 0 1
-15.4266 -11.2653 -0.8000 0 0 1
-15.5390 -11.2653 -0.8000 0 0 1
15.4641 -11.3028 -0.8000 0 0 1
15.5765 -11.3028 -0.8000 0 0 1
15.5765 -11.2653 -0.8000 0 0 1
15.4641 -11.2653 -0.8000 0 0 1
-15.5765 -11.3403 -0.8000 0 0 1
-15.5015 -11.3403 -0.8000 0 0 1
-15.5015 -11.3028 -0.8000 0 0 1
-15.5765 -11.3028 -0.8000 0 0 1
15.5390 -11.3403 -0.8000 0 0 1
15.6140 -11.3403 -0.8000 0 0 1
15.6140 -11.3028 -0.8000 0 0 1
15.5390 -11.3028 -0.8000 0 0 1
-15.6515 -11.3778 -0.8000 0 0 1
-15.5390 -11.3778 -0.8000 0 0 1
-15.5390 -11.3403 -0.8000 0 0 1
-15.6515 -11.3403 -0.8000 0 0 1
15.5765 -11.3778 -0.8000 0 0 1
15.6890 -11.3778 -0.8000 0 0 1
15.6890 -11.3403 -0.8000 0 0 1
15.5765 -11.3403 -0.8000 0 0 1
-15.6890 -11.4153 -0.8000 0 0 1
-15.5765 -11.4153 -0.8000 0 0 1
-15.5765 -11.3778 -0.8000 0 0 1
-15.6890 -11.3778 -0.8000 0 0 1
15.6140 -11.4153 -0.8000 0 0 1
15.7265 -11.4153 -0.8000 0 0 1
15.7265 -11.3778 -0.8000 0 0 1
15.6140 -11.3778 -0.8000 0 0 1
-15.7265 -11.4528 -0.8000 0 0 1
-15.6515 -11.4528 -0.8000 0 0 1
-15.6515 -11.4153 -0.8000 0 0 1
-15.7265 -11.4153 -0.8000 0 0 1
15.6890 -11.4528 -0.8000 0 0 1
15.7640 -11.4528 -0.8000 0 0 1
15.7640 -11.4153 -0.8000 0 0 1
15.6890 -11.4153 -0.8000 0 0 1
-15.8015 -11.4903 -0.8000 0 0 1
-15.6890 -11.4903 -0.8000 0 0 1
-15.6890 -11.4528 -0.8000 0 0 1
-15.8015 -11.4528 -0.8000 0 0 1
15.7265 -11.4903 -0.8000 0 0 1
15.8389 -11.4903 -0.8000 0 0 1
15.8389 -11.4528 -0.8000 0 0 1
15.7265 -11.4528 -0.8000 0 0 1
-15.8389 -11.5278 -0.8000 0 0 1
-15.7640 -11.5278 -0.8000 0 0 1
-15.7640 -11.4903 -0.8000 0 0 1
-15.8389 -11.4903 -0.8000 0 0 1
15.8015 -11.5278 -0.8000 0 0 1
15.8764 -11.5278 -0.8000 0 0 1
15.8764 -11.4903 -0.8000 0 0 1
15.8015 -11.4903 -0.8000 0 0 1
-13.7396 -12.3900 -0.8000 0 0 1
-13.7021 -12.3900 -0.8000 0 0 1
-13.7021 -12.3525 -0.8000 0 0 1
-13.7396 -12.3525 -0.8000 0 0 1
13.7396 -12.3900 -0.8000 0 0 1
13.7771 -12.3900 -0.8000 0 0 1
13.7771 -12.3525 -0.8000 0 0 1
13.7396 -12.3525 -0.8000 0 0 1
-13.7771 -12.4275 -0.8000 0 0 1
-13.7021 -12.4275 -0.8000 0 0 1
-13.7021 -12.3900 -0.8000 0 0 1
-13.7771 -12.3900 -0.8000 0 0 1
13.7396 -12.4275 -0.8000 0 0 1
13.8146 -12.4275 -0.8000 0 0 1
13.8146 -12.3900 -0.8000 0 0 1
13.7396 -12.3900 -0.8000 0 0 1
-13.8146 -12.4650 -0.8000 0 0 1
-13.7396 -12.4650 -0.8000 0 0 1
-13.7396 -12.4275 -0.8000 0 0 1
-13.8146 -12.4275 -0.8000 0 0 1
13.7771 -12.4650 -0.8000 0 0 1
13.8520 -12.4650 -0.8000 0 0 1
13.8520 -12.4275 -0.8000 0 0 1
13.7771 -12.4275 -0.8000 0 0 1
-13.8520 -12.5025 -0.8000 0 0 1
-13.7771 -12.5025 -0.8000 0 0 1
-13.7771 -12.4650 -0.8000 0 0 1
-13.8520 -12.4650 -0.8000 0 0 1
13.8146 -12.5025 -0.8000 0 0 1
13.8895 -12.5025 -0.8000 0 0 1
13.8895 -12.4650 -0.8000 0 0 1
13.8146 -12.4650 -0.8000 0 0 1
-13.9270 -12.5399 -0.8000 0 0 1
-13.8146 -12.5399 -0.8000 0 0 1
-13.8146 -12.5025 -0.8000 0 0 1
-13.9270 -12.5025 -0.8000 0 0 1
13.8520 -12.5399 -0.8000 0 0 1
13.9645 -12.5399 -0.8000 0 0 1
13.9645 -12.5025 -0.8000 0 0 1
13.8520 -12.5025 -0.8000 0 0 1
-13.9645 -12.5774 -0.8000 0 0 1
-13.8520 -12.5774 -0.8000 0 0 1
-13.8520 -12.5399 -0.8000 0 0 1
-13.9645 -12.5399 -0.8000 0 0 1
13.8895 -12.5774 -0.8000 0 0 1
14.0020 -12.5774 -0.8000 0 0 1
14.0020 -12.5399 -0.8000 0 0 1
13.8895 -12.5399 -0.8000 0 0 1
-14.0020 -12.6149 -0.8000 0 0 1
-13.8895 -12.6149 -0.8000 0 0 1
-13.8895 -12.5774 -0.8000 0 0 1
-14.0020 -12.5774 -0.8000 0 0 1
13.9270 -12.6149 -0.8000 0 0 1
14.0395 -12.6149 -0.8000 0 0 1
14.0395 -12.5774 -0.8000 0 0 1
13.9270 -12.5774 -0.8000 0 0 1
-14.0395 -12.6524 -0.8000 0 0 1
-13.9645 -12.6524 -0.8000 0 0 1
-13.9645 -12.6149 -0.8000 0 0 1
-14.0395 -12.6149 -0.8000 0 0 1
14.0020 -12.6524 -0.8000 0 0 1
14.0770 -12.6524 -0.8000 0 0 1
14.0770 -12.6149 -0.8000 0 0 1
14.0020 -12.6149 -0.8000 0 0 1
-14.0770 -12.6899 -0.8000 0 0 1
-14.0020 -12.6899 -0.8000 0 0 1
-14.0020 -12.6524 -0.8000 0 0 1
-14.0770 -12.6524 -0.8000 0 0 1
14.0395 -12.6899 -0.8000 0 0 1
14.1145 -12.6899 -0.8000 0 0 1
14.1145 -12.6524 -0.8000 0 0 1
14.0395 -12.6524 -0.8000 0 0 1
-14.1145 -12.7274 -0.8000 0 0 1
-14.0395 -12.7274 -0.8000 0 0 1
-14.0395 -12.6899 -0.8000 0 0 1
-14.1145 -12.6899 -0.8000 0 0 1
14.0770 -12.7274 -0.8000 0 0 1
14.1520 -12.7274 -0.8000 0 0 1
14.1520 -12.6899 -0.8000 0 0 1
14.0770 -12.6899 -0.8000 0 0 1
-14.1520 -12.7649 -0.8000 0 0 1
-14.0770 -12.7649 -0.8000 0 0 1
-14.0770 -12.7274 -0.8000 0 0 1
-14.1520 -12.7274 -0.8000 0 0 1
-0.0937 -12.7649 -0.8000 0 0 1
0.3936 -12.7649 -0.8000 0 0 1
0.3936 -12.7274 -0.8000 0 0 1
-0.0937 -12.7274 -0.8000 0 0 1
14.1145 -12.7649 -0.8000 0 0 1
14.1894 -12.7649 -0.8000 0 0 1
14.1894 -12.7274 -0.8000 0 0 1
14.1145 -12.7274 -0.8000 0 0 1
-14.1894 -12.8024 -0.8000 0 0 1
-14.1145 -12.8024 -0.8000 0 0 1
-14.1145 -12.7649 -0.8000 0 0 1
-14.1894 -12.7649 -0.8000 0 0 1
-0.1687 -12.8024 -0.8000 0 0 1
0.4686 -12.8024 -0.8000 0 0 1
0.4686 -12.7649 -0.8000 0 0 1
-0.1687 -12.7649 -0.8000 0 0 1
14.1520 -12.8024 -0.8000 0 0 1
14.2269 -12.8024 -0.8000 0 0 1
14.2269 -12.7649 -0.8000 0 0 1
14.1520 -12.7649 -0.8000 0 0 1
-14.2269 -12.8399 -0.8000 0 0 1
-14.1520 -12.8399 -0.8000 0 0 1
-14.1520 -12.8024 -0.8000 0 0 1
-14.2269 -12.8024 -0.8000 0 0 1
-0.2062 -12.8399 -0.8000 0 0 1
0.0187 -12.8399 -0.8000 0 0 1
0.0187 -12.8024 -0.8000 0 0 1
-0.2062 -12.8024 -0.8000 0 0 1
0.2062 -12.8399 -0.8000 0 0 1
0.4686 -12.8399 -0.8000 0 0 1
0.4686 -12.8024 -0.8000 0 0 1
0.2062 -12.8024 -0.8000 0 0 1
14.1894 -12.8399 -0.8000 0 0 1
14.2644 -12.8399 -0.8000 0 0 1
14.2644 -12.8024 -0.8000 0 0 1
14.1894 -12.8024 -0.8000 0 0 1
-14.3019 -12.8773 -0.8000 0 0 1
-14.1894 -12.8773 -0.8000 0 0 1
-14.1894 -12.8399 -0.8000 0 0 1
-14.3019 -12.8399 -0.8000 0 0 1
-0.2437 -12.8773 -0.8000 0 0 1
-0.0562 -12.8773 -0.8000 0 0 1
-0.0562 -12.8399 -0.8000 0 0 1
-0.2437 -12.8399 -0.8000 0 0 1
0.2812 -12.8773 -0.8000 0 0 1
0.4686 -12.8773 -0.8000 0 0 1
0.4686 -12.8399 -0.8000 0 0 1
0.2812 -12.8399 -0.8000 0 0 1
14.2269 -12.8773 -0.8000 0 0 1
14.3394 -12.8773 -0.8000 0 0 1
14.3394 -12.8399 -0.8000 0 0 1
14.2269 -12.8399 -0.8000 0 0 1
-14.3394 -12.9148 -0.8000 0 0 1
-14.2269 -12.9148 -0.8000 0 0 1
-14.2269 -12.8773 -0.8000 0 0 1
-14.3394 -12.8773 -0.8000 0 0 1
-0.2812 -12.9148 -0.8000 0 0 1
-0.1312 -12.9148 -0.8000 0 0 1
-0.1312 -12.8773 -0.8000 0 0 1
-0.2812 -12.8773 -0.8000 0 0 1
0.3187 -12.9148 -0.8000 0 0 1
0.4686 -12.9148 -0.8000 0 0 1
0.4686 -12.8773 -0.8000 0 0 1
0.3187 -12.8773 -0.8000 0 0 1
14.2644 -12.9148 -0.8000 0 0 1
14.3769 -12.9148 -0.8000 0 0 1
14.3769 -12.8773 -0.8000 0 0 1
14.2644 -12.8773 -0.8000 0 0 1
-14.3769 -12.9523 -0.8000 0 0 1
-14.2644 -12.9523 -0.8000 0 0 1
-14.2644 -12.9148 -0.8000 0 0 1
-14.3769 -12.9148 -0.8000 0 0 1
-0.3187 -12.9523 -0.8000 0 0 1
-0.1687 -12.9523 -0.8000 0 0 1
-0.1687 -12.9148 -0.8000 0 0 1
-0.3187 -12.9148 -0.8000 0 0 1
0.3561 -12.9523 -0.8000 0 0 1
0.4686 -12.9523 -0.8000 0 0 1
0.4686 -12.9148 -0.8000 0 0 1
0.3561 -12.9148 -0.8000 0 0 1
14.3019 -12.9523 -0.8000 0 0 1
14.4144 -12.9523 -0.8000 0 0 1
14.4144 -12.9148 -0.8000 0 0 1
14.3019 -12.9148 -0.8000 0 0 1
-14.4144 -12.9898 -0.8000 0 0 1
-14.3394 -12.9898 -0.8000 0 0 1
-14.3394 -12.9523 -0.8000 0 0 1
-14.4144 -12.9523 -0.8000 0 0 1
-0.3187 -12.9898 -0.8000 0 0 1
-0.1687 -12.9898 -0.8000 0 0 1
-0.1687 -12.9523 -0.8000 0 0 1
-0.3187 -12.9523 -0.8000 0 0 1
0.3561 -12.9898 -0.8000 0 0 1
0.4686 -12.9898 -0.8000 0 0 1
0.4686 -12.9523 -0.8000 0 0 1
0.3561 -12.9523 -0.8000 0 0 1
14.3769 -12.9898 -0.8000 0 0 1
14.4519 -12.9898 -0.8000 0 0 1
14.4519 -12.9523 -0.8000 0 0 1
14.3769 -12.9523 -0.8000 0 0 1
-14.4519 -13.0273 -0.8000 0 0 1
-14.3769 -13.0273 -0.8000 0 0 1
-14.3769 -12.9898 -0.8000 0 0 1
-14.4519 -12.9898 -0.8000 0 0 1
-0.3561 -13.0273 -0.8000 0 0 1
-0.2062 -13.0273 -0.8000 0 0 1
-0.2062 -12.9898 -0.8000 0 0 1
-0.3561 -12.9898 -0.8000 0 0 1
14.4144 -13.0273 -0.8000 0 0 1
14.4894 -13.0273 -0.8000 0 0 1
14.4894 -12.9898 -0.8000 0 0 1
14.4144 -12.9898 -0.8000 0 0 1
-14.4894 -13.0648 -0.8000 0 0 1
-14.4144 -13.0648 -0.8000 0 0 1
-14.4144 -13.0273 -0.8000 0 0 1
-14.4894 -13.0273 -0.8000 0 0 1
-0.3561 -13.0648 -0.8000 0 0 1
-0.2062 -13.0648 -0.8000 0 0 1
-0.2062 -13.0273 -0.8000 0 0 1
-0.3561 -13.0273 -0.8000 0 0 1
14.4519 -13.0648 -0.8000 0 0 1
14.5268 -13.0648 -0.8000 0 0 1
14.5268 -13.0273 -0.8000 0 0 1
14.4519 -13.0273 -0.8000 0 0 1
-14.5268 -13.1023 -0.8000 0 0 1
-14.4519 -13.1023 -0.8000 0 0 1
-14.4519 -13.0648 -0.8000 0 0 1
-14.5268 -13.0648 -0.8000 0 0 1
-0.3936 -13.1023 -0.8000 0 0 1
-0.2062 -13.1023 -0.8000 0 0 1
-0.2062 -13.0648 -0.8000 0 0 1
-0.3936 -13.0648 -0.8000 0 0 1
14.4894 -13.1023 -0.8000 0 0 1
14.5643 -13.1023 -0.8000 0 0 1
14.5643 -13.0648 -0.8000 0 0 1
14.4894 -13.0648 -0.8000 0 0 1
-14.5268 -13.1398 -0.8000 0 0 1
-14.4894 -13.1398 -0.8000 0 0 1
-14.4894 -13.1023 -0.8000 0 0 1
-14.5268 -13.1023 -0.8000 0 0 1
-0.3936 -13.1398 -0.8000 0 0 1
-0.2437 -13.1398 -0.8000 0 0 1
-0.2437 -13.1023 -0.8000 0 0 1
-0.3936 -13.1023 -0.8000 0 0 1
14.5268 -13.1398 -0.8000 0 0 1
14.5643 -13.1398 -0.8000 0 0 1
14.5643 -13.1023 -0.8000 0 0 1
14.5268 -13.1023 -0.8000 0 0 1
-0.3936 -13.1773 -0.8000 0 0 1
-0.2437 -13.1773 -0.8000 0 0 1
-0.2437 -13.1398 -0.8000 0 0 1
-0.3936 -13.1398 -0.8000 0 0 1
8.0038 -13.1773 -0.8000 0 0 1
8.0788 -13.1773 -0.8000 0 0 1
8.0788 -13.1398 -0.8000 0 0 1
8.0038 -13.1398 -0.8000 0 0 1
-0.4311 -13.2147 -0.8000 0 0 1
-0.2437 -13.2147 -0.8000 0 0 1
-0.2437 -13.1773 -0.8000 0 0 1
-0.4311 -13.1773 -0.8000 0 0 1
7.9663 -13.2147 -0.8000 0 0 1
8.0788 -13.2147 -0.8000 0 0 1
8.0788 -13.1773 -0.8000 0 0 1
7.9663 -13.1773 -0.8000 0 0 1
-0.4311 -13.2522 -0.8000 0 0 1
-0.2437 -13.2522 -0.8000 0 0 1
-0.2437 -13.2147 -0.8000 0 0 1
-0.4311 -13.2147 -0.8000 0 0 1
7.8914 -13.2522 -0.8000 0 0 1
8.0413 -13.2522 -0.8000 0 0 1
8.0413 -13.2147 -0.8000 0 0 1
7.8914 -13.2147 -0.8000 0 0 1
-7.8539 -13.2897 -0.8000 0 0 1
-7.7414 -13.2897 -0.8000 0 0 1
-7.7414 -13.2522 -0.8000 0 0 1
-7.8539 -13.2522 -0.8000 0 0 1
-0.4311 -13.2897 -0.8000 0 0 1
-0.2437 -13.2897 -0.8000 0 0 1
-0.2437 -13.2522 -0.8000 0 0 1
-0.4311 -13.2522 -0.8000 0 0 1
-0.0937 -13.2897 -0.8000 0 0 1
0.2812 -13.2897 -0.8000 0 0 1
0.2812 -13.2522 -0.8000 0 0 1
-0.0937 -13.2522 -0.8000 0 0 1
7.8164 -13.2897 -0.8000 0 0 1
7.9288 -13.2897 -0.8000 0 0 1
7.9288 -13.2522 -0.8000 0 0 1
7.8164 -13.2522 -0.8000 0 0 1
8.0038 -13.2897 -0.8000 0 0 1
8.0413 -13.2897 -0.8000 0 0 1
8.0413 -13.2522 -0.8000 0 0 1
8.0038 -13.2522 -0.8000 0 0 1
-7.9288 -13.3272 -0.8000 0 0 1
-7.7039 -13.3272 -0.8000 0 0 1
-7.7039 -13.2897 -0.8000 0 0 1
-7.9288 -13.2897 -0.8000 0 0 1
-0.4311 -13.3272 -0.8000 0 0 1
-0.2437 -13.3272 -0.8000 0 0 1
-0.2437 -13.2897 -0.8000 0 0 1
-0.4311 -13.2897 -0.8000 0 0 1
-0.1687 -13.3272 -0.8000 0 0 1
0.3561 -13.3272 -0.8000 0 0 1
0.3561 -13.2897 -0.8000 0 0 1
-0.1687 -13.2897 -0.8000 0 0 1
7.8164 -13.3272 -0.8000 0 0 1
7.8539 -13.3272 -0.8000 0 0 1
7.8539 -13.2897 -0.8000 0 0 1
7.8164 -13.2897 -0.8000 0 0 1
8.0038 -13.3272 -0.8000 0 0 1
8.0413 -13.3272 -0.8000 0 0 1
8.0413 -13.2897 -0.8000 0 0 1
8.0038 -13.2897 -0.8000 0 0 1
-7.9288 -13.3647 -0.8000 0 0 1
-7.8539 -13.3647 -0.8000 0 0 1
-7.8539 -13.3272 -0.8000 0 0 1
-7.9288 -13.3272 -0.8000 0 0 1
-7.7039 -13.3647 -0.8000 0 0 1
-7.6289 -13.3647 -0.8000 0 0 1
-7.6289 -13.3272 -0.8000 0 0 1
-7.7039 -13.3272 -0.8000 0 0 1
-0.4311 -13.3647 -0.8000 0 0 1
-0.2437 -13.3647 -0.8000 0 0 1
-0.2437 -13.3272 -0.8000 0 0 1
-0.4311 -13.3272 -0.8000 0 0 1
-0.2062 -13.3647 -0.8000 0 0 1
-0.0562 -13.3647 -0.8000 0 0 1
-0.0562 -13.3272 -0.8000 0 0 1
-0.2062 -13.3272 -0.8000 0 0 1
0.1687 -13.3647 -0.8000 0 0 1
0.3936 -13.3647 -0.8000 0 0 1
0.3936 -13.3272 -0.8000 0 0 1
0.1687 -13.3272 -0.8000 0 0 1
7.8164 -13.3647 -0.8000 0 0 1
7.8914 -13.3647 -0.8000 0 0 1
7.8914 -13.3272 -0.8000 0 0 1
7.8164 -13.3272 -0.8000 0 0 1
7.9663 -13.3647 -0.8000 0 0 1
8.0038 -13.3647 -0.8000 0 0 1
8.0038 -13.3272 -0.8000 0 0 1
7.9663 -13.3272 -0.8000 0 0 1
-7.9663 -13.4022 -0.8000 0 0 1
-7.8914 -13.4022 -0.8000 0 0 1
-7.8914 -13.3647 -0.8000 0 0 1
-7.9663 -13.3647 -0.8000 0 0 1
-7.6664 -13.4022 -0.8000 0 0 1
-7.6289 -13.4022 -0.8000 0 0 1
-7.6289 -13.3647 -0.8000 0 0 1
-7.6664 -13.3647 -0.8000 0 0 1
-0.4311 -13.4022 -0.8000 0 0 1
-0.0937 -13.4022 -0.8000 0 0 1
-0.0937 -13.3647 -0.8000 0 0 1
-0.4311 -13.3647 -0.8000 0 0 1
0.2062 -13.4022 -0.8000 0 0 1
0.4311 -13.4022 -0.8000 0 0 1
0.4311 -13.3647 -0.8000 0 0 1
0.2062 -13.3647 -0.8000 0 0 1
7.6289 -13.4022 -0.8000 0 0 1
7.7789 -13.4022 -0.8000 0 0 1
7.7789 -13.3647 -0.8000 0 0 1
7.6289 -13.3647 -0.8000 0 0 1
7.9663 -13.4022 -0.8000 0 0 1
8.0038 -13.4022 -0.8000 0 0 1
8.0038 -13.3647 -0.8000 0 0 1
7.9663 -13.3647 -0.8000 0 0 1
-7.9663 -13.4397 -0.8000 0 0 1
-7.8914 -13.4397 -0.8000 0 0 1
-7.8914 -13.4022 -0.8000 0 0 1
-7.9663 -13.4022 -0.8000 0 0 1
-7.6664 -13.4397 -0.8000 0 0 1
-7.6289 -13.4397 -0.8000 0 0 1
-7.6289 -13.4022 -0.8000 0 0 1
-7.6664 -13.4022 -0.8000 0 0 1
-0.4311 -13.4397 -0.8000 0 0 1
-0.1312 -13.4397 -0.8000 0 0 1
-0.1312 -13.4022 -0.8000 0 0 1
-0.4311 -13.4022 -0.8000 0 0 1
0.2437 -13.4397 -0.8000 0 0 1
0.4686 -13.4397 -0.8000 0 0 1
0.4686 -13.4022 -0.8000 0 0 1
0.2437 -13.4022 -0.8000 0 0 1
7.5540 -13.4397 -0.8000 0 0 1
7.6289 -13.4397 -0.8000 0 0 1
7.6289 -13.4022 -0.8000 0 0 1
7.5540 -13.4022 -0.8000 0 0 1
7.7414 -13.4397 -0.8000 0 0 1
7.7789 -13.4397 -0.8000 0 0 1
7.7789 -13.4022 -0.8000 0 0 1
7.7414 -13.4022 -0.8000 0 0 1
7.9663 -13.4397 -0.8000 0 0 1
8.0038 -13.4397 -0.8000 0 0 1
8.0038 -13.4022 -0.8000 0 0 1
7.9663 -13.4022 -0.8000 0 0 1
-7.9288 -13.4772 -0.8000 0 0 1
-7.8914 -13.4772 -0.8000 0 0 1
-7.8914 -13.4397 -0.8000 0 0 1
-7.9288 -13.4397 -0.8000 0 0 1
-7.5540 -13.4772 -0.8000 0 0 1
-7.4415 -13.4772 -0.8000 0 0 1
-7.4415 -13.4397 -0.8000 0 0 1
-7.5540 -13.4397 -0.8000 0 0 1
-0.4311 -13.4772 -0.8000 0 0 1
-0.1687 -13.4772 -0.8000 0 0 1
-0.1687 -13.4397 -0.8000 0 0 1
-0.4311 -13.4397 -0.8000 0 0 1
0.2812 -13.4772 -0.8000 0 0 1
0.4686 -13.4772 -0.8000 0 0 1
0.4686 -13.4397 -0.8000 0 0 1
0.2812 -13.4397 -0.8000 0 0 1
7.5540 -13.4772 -0.8000 0 0 1
7.5914 -13.4772 -0.8000 0 0 1
7.5914 -13.4397 -0.8000 0 0 1
7.5540 -13.4397 -0.8000 0 0 1
7.9663 -13.4772 -0.8000 0 0 1
8.0038 -13.4772 -0.8000 0 0 1
8.0038 -13.4397 -0.8000 0 0 1
7.9663 -13.4397 -0.8000 0 0 1
8.1913 -13.4772 -0.8000 0 0 1
8.2288 -13.4772 -0.8000 0 0 1
8.2288 -13.4397 -0.8000 0 0 1
8.1913 -13.4397 -0.8000 0 0 1
-7.9288 -13.5146 -0.8000 0 0 1
-7.8914 -13.5146 -0.8000 0 0 1
-7.8914 -13.4772 -0.8000 0 0 1
-7.9288 -13.4772 -0.8000 0 0 1
-7.5914 -13.5146 -0.8000 0 0 1
-7.5165 -13.5146 -0.8000 0 0 1
-7.5165 -13.4772 -0.8000 0 0 1
-7.5914 -13.4772 -0.8000 0 0 1
-7.4415 -13.5146 -0.8000 0 0 1
-7.3665 -13.5146 -0.8000 0 0 1
-7.3665 -13.4772 -0.8000 0 0 1
-7.4415 -13.4772 -0.8000 0 0 1
-0.4311 -13.5146 -0.8000 0 0 1
-0.1687 -13.5146 -0.8000 0 0 1
-0.1687 -13.4772 -0.8000 0 0 1
-0.4311 -13.4772 -0.8000 0 0 1
0.3187 -13.5146 -0.8000 0 0 1
0.5061 -13.5146 -0.8000 0 0 1
0.5061 -13.4772 -0.8000 0 0 1
0.3187 -13.4772 -0.8000 0 0 1
7.5165 -13.5146 -0.8000 0 0 1
7.5914 -13.5146 -0.8000 0 0 1
7.5914 -13.4772 -0.8000 0 0 1
7.5165 -13.4772 -0.8000 0 0 1
7.9663 -13.5146 -0.8000 0 0 1
8.0038 -13.5146 -0.8000 0 0 1
8.0038 -13.4772 -0.8000 0 0 1
7.9663 -13.4772 -0.8000 0 0 1
8.1913 -13.5146 -0.8000 0 0 1
8.2662 -13.5146 -0.8000 0 0 1
8.2662 -13.4772 -0.8000 0 0 1
8.1913 -13.4772 -0.8000 0 0 1
-7.8914 -13.5521 -0.8000 0 0 1
-7.8164 -13.5521 -0.8000 0 0 1
-7.8164 -13.5146 -0.8000 0 0 1
-7.8914 -13.5146 -0.8000 0 0 1
-7.6289 -13.5521 -0.8000 0 0 1
-7.5540 -13.5521 -0.8000 0 0 1
-7.5540 -13.5146 -0.8000 0 0 1
-7.6289 -13.5146 -0.8000 0 0 1
-7.3665 -13.5521 -0.8000 0 0 1
-7.3290 -13.5521 -0.8000 0 0 1
-7.3290 -13.5146 -0.8000 0 0 1
-7.3665 -13.5146 -0.8000 0 0 1
-0.4311 -13.5521 -0.8000 0 0 1
-0.2062 -13.5521 -0.8000 0 0 1
-0.2062 -13.5146 -0.8000 0 0 1
-0.4311 -13.5146 -0.8000 0 0 1
0.3187 -13.5521 -0.8000 0 0 1
0.5061 -13.5521 -0.8000 0 0 1
0.5061 -13.5146 -0.8000 0 0 1
0.3187 -13.5146 -0.8000 0 0 1
7.5165 -13.5521 -0.8000 0 0 1
7.5914 -13.5521 -0.8000 0 0 1
7.5914 -13.5146 -0.8000 0 0 1
7.5165 -13.5146 -0.8000 0 0 1
7.9663 -13.5521 -0.8000 0 0 1
8.0413 -13.5521 -0.8000 0 0 1
8.0413 -13.5146 -0.8000 0 0 1
7.9663 -13.5146 -0.8000 0 0 1
8.1913 -13.5521 -0.8000 0 0 1
8.2288 -13.5521 -0.8000 0 0 1
8.2288 -13.5146 -0.8000 0 0 1
8.1913 -13.5146 -0.8000 0 0 1
-7.8164 -13.5896 -0.8000 0 0 1
-7.7414 -13.5896 -0.8000 0 0 1
-7.7414 -13.5521 -0.8000 0 0 1
-7.8164 -13.5521 -0.8000 0 0 1
-7.6289 -13.5896 -0.8000 0 0 1
-7.5540 -13.5896 -0.8000 0 0 1
-7.5540 -13.5521 -0.8000 0 0 1
-7.6289 -13.5521 -0.8000 0 0 1
-7.3665 -13.5896 -0.8000 0 0 1
-7.2915 -13.5896 -0.8000 0 0 1
-7.2915 -13.5521 -0.8000 0 0 1
-7.3665 -13.5521 -0.8000 0 0 1
-0.4311 -13.5896 -0.8000 0 0 1
-0.2062 -13.5896 -0.8000 0 0 1
-0.2062 -13.5521 -0.8000 0 0 1
-0.4311 -13.5521 -0.8000 0 0 1
0.3187 -13.5896 -0.8000 0 0 1
0.5061 -13.5896 -0.8000 0 0 1
0.5061 -13.5521 -0.8000 0 0 1
0.3187 -13.5521 -0.8000 0 0 1
7.5540 -13.5896 -0.8000 0 0 1
7.6289 -13.5896 -0.8000 0 0 1
7.6289 -13.5521 -0.8000 0 0 1
7.5540 -13.5521 -0.8000 0 0 1
7.8164 -13.5896 -0.8000 0 0 1
7.8539 -13.5896 -0.8000 0 0 1
7.8539 -13.5521 -0.8000 0 0 1
7.8164 -13.5521 -0.8000 0 0 1
7.9663 -13.5896 -0.8000 0 0 1
8.0788 -13.5896 -0.8000 0 0 1
8.0788 -13.5521 -0.8000 0 0 1
7.9663 -13.5521 -0.8000 0 0 1
8.1163 -13.5896 -0.8000 0 0 1
8.1913 -13.5896 -0.8000 0 0 1
8.1913 -13.5521 -0.8000 0 0 1
8.1163 -13.5521 -0.8000 0 0 1
-8.0413 -13.6271 -0.8000 0 0 1
-8.0038 -13.6271 -0.8000 0 0 1
-8.0038 -13.5896 -0.8000 0 0 1
-8.0413 -13.5896 -0.8000 0 0 1
-7.5914 -13.6271 -0.8000 0 0 1
-7.5540 -13.6271 -0.8000 0 0 1
-7.5540 -13.5896 -0.8000 0 0 1
-7.5914 -13.5896 -0.8000 0 0 1
-7.3665 -13.6271 -0.8000 0 0 1
-7.3290 -13.6271 -0.8000 0 0 1
-7.3290 -13.5896 -0.8000 0 0 1
-7.3665 -13.5896 -0.8000 0 0 1
-0.4311 -13.6271 -0.8000 0 0 1
-0.2062 -13.6271 -0.8000 0 0 1
-0.2062 -13.5896 -0.8000 0 0 1
-0.4311 -13.5896 -0.8000 0 0 1
0.3187 -13.6271 -0.8000 0 0 1
0.5436 -13.6271 -0.8000 0 0 1
0.5436 -13.5896 -0.8000 0 0 1
0.3187 -13.5896 -0.8000 0 0 1
7.5540 -13.6271 -0.8000 0 0 1
7.6289 -13.6271 -0.8000 0 0 1
7.6289 -13.5896 -0.8000 0 0 1
7.5540 -13.5896 -0.8000 0 0 1
7.7789 -13.6271 -0.8000 0 0 1
7.8914 -13.6271 -0.8000 0 0 1
7.8914 -13.5896 -0.8000 0 0 1
7.7789 -13.5896 -0.8000 0 0 1
8.0038 -13.6271 -0.8000 0 0 1
8.1538 -13.6271 -0.8000 0 0 1
8.1538 -13.5896 -0.8000 0 0 1
8.0038 -13.5896 -0.8000 0 0 1
-8.0038 -13.6646 -0.8000 0 0 1
-7.9288 -13.6646 -0.8000 0 0 1
-7.9288 -13.6271 -0.8000 0 0 1
-8.0038 -13.6271 -0.8000 0 0 1
-7.8164 -13.6646 -0.8000 0 0 1
-7.7789 -13.6646 -0.8000 0 0 1
-7.7789 -13.6271 -0.8000 0 0 1
-7.8164 -13.6271 -0.8000 0 0 1
-7.5914 -13.6646 -0.8000 0 0 1
-7.5540 -13.6646 -0.8000 0 0 1
-7.5540 -13.6271 -0.8000 0 0 1
-7.5914 -13.6271 -0.8000 0 0 1
-0.4311 -13.6646 -0.8000 0 0 1
-0.2062 -13.6646 -0.8000 0 0 1
-0.2062 -13.6271 -0.8000 0 0 1
-0.4311 -13.6271 -0.8000 0 0 1
0.3187 -13.6646 -0.8000 0 0 1
0.5436 -13.6646 -0.8000 0 0 1
0.5436 -13.6271 -0.8000 0 0 1
0.3187 -13.6271 -0.8000 0 0 1
7.5914 -13.6646 -0.8000 0 0 1
7.7789 -13.6646 -0.8000 0 0 1
7.7789 -13.6271 -0.8000 0 0 1
7.5914 -13.6271 -0.8000 0 0 1
-7.9288 -13.7021 -0.8000 0 0 1
-7.8164 -13.7021 -0.8000 0 0 1
-7.8164 -13.6646 -0.8000 0 0 1
-7.9288 -13.6646 -0.8000 0 0 1
-7.7039 -13.7021 -0.8000 0 0 1
-7.4790 -13.7021 -0.8000 0 0 1
-7.4790 -13.6646 -0.8000 0 0 1
-7.7039 -13.6646 -0.8000 0 0 1
-0.4311 -13.7021 -0.8000 0 0 1
-0.2062 -13.7021 -0.8000 0 0 1
-0.2062 -13.6646 -0.8000 0 0 1
-0.4311 -13.6646 -0.8000 0 0 1
0.3187 -13.7021 -0.8000 0 0 1
0.5436 -13.7021 -0.8000 0 0 1
0.5436 -13.6646 -0.8000 0 0 1
0.3187 -13.6646 -0.8000 0 0 1
7.8914 -13.7021 -0.8000 0 0 1
7.9288 -13.7021 -0.8000 0 0 1
7.9288 -13.6646 -0.8000 0 0 1
7.8914 -13.6646 -0.8000 0 0 1
-7.8539 -13.7396 -0.8000 0 0 1
-7.8164 -13.7396 -0.8000 0 0 1
-7.8164 -13.7021 -0.8000 0 0 1
-7.8539 -13.7021 -0.8000 0 0 1
-7.7039 -13.7396 -0.8000 0 0 1
-7.6289 -13.7396 -0.8000 0 0 1
-7.6289 -13.7021 -0.8000 0 0 1
-7.7039 -13.7021 -0.8000 0 0 1
-0.4311 -13.7396 -0.8000 0 0 1
-0.2062 -13.7396 -0.8000 0 0 1
-0.2062 -13.7021 -0.8000 0 0 1
-0.4311 -13.7021 -0.8000 0 0 1
0.3187 -13.7396 -0.8000 0 0 1
0.5436 -13.7396 -0.8000 0 0 1
0.5436 -13.7021 -0.8000 0 0 1
0.3187 -13.7021 -0.8000 0 0 1
7.8539 -13.7396 -0.8000 0 0 1
7.9288 -13.7396 -0.8000 0 0 1
7.9288 -13.7021 -0.8000 0 0 1
7.8539 -13.7021 -0.8000 0 0 1
-12.3900 -13.7771 -0.8000 0 0 1
-12.3150 -13.7771 -0.8000 0 0 1
-12.3150 -13.7396 -0.8000 0 0 1
-12.3900 -13.7396 -0.8000 0 0 1
-7.7039 -13.7771 -0.8000 0 0 1
-7.6664 -13.7771 -0.8000 0 0 1
-7.6664 -13.7396 -0.8000 0 0 1
-7.7039 -13.7396 -0.8000 0 0 1
-0.4311 -13.7771 -0.8000 0 0 1
-0.2062 -13.7771 -0.8000 0 0 1
-0.2062 -13.7396 -0.8000 0 0 1
-0.4311 -13.7396 -0.8000 0 0 1
0.3187 -13.7771 -0.8000 0 0 1
0.5436 -13.7771 -0.8000 0 0 1
0.5436 -13.7396 -0.8000 0 0 1
0.3187 -13.7396 -0.8000 0 0 1
7.8164 -13.7771 -0.8000 0 0 1
7.8914 -13.7771 -0.8000 0 0 1
7.8914 -13.7396 -0.8000 0 0 1
7.8164 -13.7396 -0.8000 0 0 1
12.3525 -13.7771 -0.8000 0 0 1
12.4275 -13.7771 -0.8000 0 0 1
12.4275 -13.7396 -0.8000 0 0 1
12.3525 -13.7396 -0.8000 0 0 1
-12.4275 -13.8146 -0.8000 0 0 1
-12.3525 -13.8146 -0.8000 0 0 1
-12.3525 -13.7771 -0.8000 0 0 1
-12.4275 -13.7771 -0.8000 0 0 1
-7.7039 -13.8146 -0.8000 0 0 1
-7.6664 -13.8146 -0.8000 0 0 1
-7.6664 -13.7771 -0.8000 0 0 1
-7.7039 -13.7771 -0.8000 0 0 1
-0.4311 -13.8146 -0.8000 0 0 1
-0.2062 -13.8146 -0.8000 0 0 1
-0.2062 -13.7771 -0.8000 0 0 1
-0.4311 -13.7771 -0.8000 0 0 1
0.3187 -13.8146 -0.8000 0 0 1
0.5436 -13.8146 -0.8000 0 0 1
0.5436 -13.7771 -0.8000 0 0 1
0.3187 -13.7771 -0.8000 0 0 1
7.7414 -13.8146 -0.8000 0 0 1
7.8164 -13.8146 -0.8000 0 0 1
7.8164 -13.7771 -0.8000 0 0 1
7.7414 -13.7771 -0.8000 0 0 1
12.3900 -13.8146 -0.8000 0 0 1
12.4650 -13.8146 -0.8000 0 0 1
12.4650 -13.7771 -0.8000 0 0 1
12.3900 -13.7771 -0.8000 0 0 1
-12.4650 -13.8520 -0.8000 0 0 1
-12.3900 -13.8520 -0.8000 0 0 1
-12.3900 -13.8146 -0.8000 0 0 1
-12.4650 -13.8146 -0.8000 0 0 1
-7.6664 -13.8520 -0.8000 0 0 1
-7.5914 -13.8520 -0.8000 0 0 1
-7.5914 -13.8146 -0.8000 0 0 1
-7.6664 -13.8146 -0.8000 0 0 1
-7.5165 -13.8520 -0.8000 0 0 1
-7.4790 -13.8520 -0.8000 0 0 1
-7.4790 -13.8146 -0.8000 0 0 1
-7.5165 -13.8146 -0.8000 0 0 1
-0.3936 -13.8520 -0.8000 0 0 1
-0.2062 -13.8520 -0.8000 0 0 1
-0.2062 -13.8146 -0.8000 0 0 1
-0.3936 -13.8146 -0.8000 0 0 1
0.3187 -13.8520 -0.8000 0 0 1
0.5436 -13.8520 -0.8000 0 0 1
0.5436 -13.8146 -0.8000 0 0 1
0.3187 -13.8146 -0.8000 0 0 1
12.4275 -13.8520 -0.8000 0 0 1
12.5025 -13.8520 -0.8000 0 0 1
12.5025 -13.8146 -0.8000 0 0 1
12.4275 -13.8146 -0.8000 0 0 1
-12.5025 -13.8895 -0.8000 0 0 1
-12.4275 -13.8895 -0.8000 0 0 1
-12.4275 -13.8520 -0.8000 0 0 1
-12.5025 -13.8520 -0.8000 0 0 1
-7.5914 -13.8895 -0.8000 0 0 1
-7.4790 -13.8895 -0.8000 0 0 1
-7.4790 -13.8520 -0.8000 0 0 1
-7.5914 -13.8520 -0.8000 0 0 1
-0.3936 -13.8895 -0.8000 0 0 1
-0.2062 -13.8895 -0.8000 0 0 1
-0.2062 -13.8520 -0.8000 0 0 1
-0.3936 -13.8520 -0.8000 0 0 1
0.3187 -13.8895 -0.8000 0 0 1
0.5061 -13.8895 -0.8000 0 0 1
0.5061 -13.8520 -0.8000 0 0 1
0.3187 -13.8520 -0.8000 0 0 1
12.4650 -13.8895 -0.8000 0 0 1
12.5399 -13.8895 -0.8000 0 0 1
12.5399 -13.8520 -0.8000 0 0 1
12.4650 -13.8520 -0.8000 0 0 1
-12.5399 -13.9270 -0.8000 0 0 1
-12.4650 -13.9270 -0.8000 0 0 1
-12.4650 -13.8895 -0.8000 0 0 1
-12.5399 -13.8895 -0.8000 0 0 1
-0.3936 -13.9270 -0.8000 0 0 1
-0.2062 -13.9270 -0.8000 0 0 1
-0.2062 -13.8895 -0.8000 0 0 1
-0.3936 -13.8895 -0.8000 0 0 1
0.3187 -13.9270 -0.8000 0 0 1
0.5061 -13.9270 -0.8000 0 0 1
0.5061 -13.8895 -0.8000 0 0 1
0.3187 -13.8895 -0.8000 0 0 1
12.5025 -13.9270 -0.8000 0 0 1
12.5774 -13.9270 -0.8000 0 0 1
12.5774 -13.8895 -0.8000 0 0 1
12.5025 -13.8895 -0.8000 0 0 1
-12.5774 -13.9645 -0.8000 0 0 1
-12.4650 -13.9645 -0.8000 0 0 1
-12.4650 -13.9270 -0.8000 0 0 1
-12.5774 -13.9270 -0.8000 0 0 1
-0.3561 -13.9645 -0.8000 0 0 1
-0.1687 -13.9645 -0.8000 0 0 1
-0.1687 -13.9270 -0.8000 0 0 1
-0.3561 -13.9270 -0.8000 0 0 1
0.2812 -13.9645 -0.8000 0 0 1
0.4686 -13.9645 -0.8000 0 0 1
0.4686 -13.9270 -0.8000 0 0 1
0.2812 -13.9270 -0.8000 0 0 1
12.5025 -13.9645 -0.8000 0 0 1
12.6149 -13.9645 -0.8000 0 0 1
12.6149 -13.9270 -0.8000 0 0 1
12.5025 -13.9270 -0.8000 0 0 1
-12.5774 -14.0020 -0.8000 0 0 1
-12.5025 -14.0020 -0.8000 0 0 1
-12.5025 -13.9645 -0.8000 0 0 1
-12.5774 -13.9645 -0.8000 0 0 1
-0.3187 -14.0020 -0.8000 0 0 1
-0.1687 -14.0020 -0.8000 0 0 1
-0.1687 -13.9645 -0.8000 0 0 1
-0.3187 -13.9645 -0.8000 0 0 1
0.2812 -14.0020 -0.8000 0 0 1
0.4686 -14.0020 -0.8000 0 0 1
0.4686 -13.9645 -0.8000 0 0 1
0.2812 -13.9645 -0.8000 0 0 1
12.5399 -14.0020 -0.8000 0 0 1
12.6149 -14.0020 -0.8000 0 0 1
12.6149 -13.9645 -0.8000 0 0 1
12.5399 -13.9645 -0.8000 0 0 1
-12.6149 -14.0395 -0.8000 0 0 1
-12.5399 -14.0395 -0.8000 0 0 1
-12.5399 -14.0020 -0.8000 0 0 1
-12.6149 -14.0020 -0.8000 0 0 1
-0.3187 -14.0395 -0.8000 0 0 1
-0.1312 -14.0395 -0.8000 0 0 1
-0.1312 -14.0020 -0.8000 0 0 1
-0.3187 -14.0020 -0.8000 0 0 1
0.2437 -14.0395 -0.8000 0 0 1
0.4311 -14.0395 -0.8000 0 0 1
0.4311 -14.0020 -0.8000 0 0 1
0.2437 -14.0020 -0.8000 0 0 1
12.5774 -14.0395 -0.8000 0 0 1
12.6524 -14.0395 -0.8000 0 0 1
12.6524 -14.0020 -0.8000 0 0 1
12.5774 -14.0020 -0.8000 0 0 1
-12.6524 -14.0770 -0.8000 0 0 1
-12.5774 -14.0770 -0.8000 0 0 1
-12.5774 -14.0395 -0.8000 0 0 1
-12.6524 -14.0395 -0.8000 0 0 1
-0.2812 -14.0770 -0.8000 0 0 1
-0.0937 -14.0770 -0.8000 0 0 1
-0.0937 -14.0395 -0.8000 0 0 1
-0.2812 -14.0395 -0.8000 0 0 1
0.2062 -14.0770 -0.8000 0 0 1
0.3936 -14.0770 -0.8000 0 0 1
0.3936 -14.0395 -0.8000 0 0 1
0.2062 -14.0395 -0.8000 0 0 1
12.6149 -14.0770 -0.8000 0 0 1
12.6899 -14.0770 -0.8000 0 0 1
12.6899 -14.0395 -0.8000 0 0 1
12.6149 -14.0395 -0.8000 0 0 1
-12.6899 -14.1145 -0.8000 0 0 1
-12.6149 -14.1145 -0.8000 0 0 1
-12.6149 -14.0770 -0.8000 0 0 1
-12.6899 -14.0770 -0.8000 0 0 1
-0.2437 -14.1145 -0.8000 0 0 1
0.3561 -14.1145 -0.8000 0 0 1
0.3561 -14.0770 -0.8000 0 0 1
-0.2437 -14.0770 -0.8000 0 0 1
12.6524 -14.1145 -0.8000 0 0 1
12.7274 -14.1145 -0.8000 0 0 1
12.7274 -14.0770 -0.8000 0 0 1
12.6524 -14.0770 -0.8000 0 0 1
-12.7274 -14.1520 -0.8000 0 0 1
-12.6524 -14.1520 -0.8000 0 0 1
-12.6524 -14.1145 -0.8000 0 0 1
-12.7274 -14.1145 -0.8000 0 0 1
-0.1687 -14.1520 -0.8000 0 0 1
0.2812 -14.1520 -0.8000 0 0 1
0.2812 -14.1145 -0.8000 0 0 1
-0.1687 -14.1145 -0.8000 0 0 1
12.6899 -14.1520 -0.8000 0 0 1
12.7649 -14.1520 -0.8000 0 0 1
12.7649 -14.1145 -0.8000 0 0 1
12.6899 -14.1145 -0.8000 0 0 1
-12.7649 -14.1894 -0.8000 0 0 1
-12.6899 -14.1894 -0.8000 0 0 1
-12.6899 -14.1520 -0.8000 0 0 1
-12.7649 -14.1520 -0.8000 0 0 1
-0.0937 -14.1894 -0.8000 0 0 1
0.2062 -14.1894 -0.8000 0 0 1
0.2062 -14.1520 -0.8000 0 0 1
-0.0937 -14.1520 -0.8000 0 0 1
12.7274 -14.1894 -0.8000 0 0 1
12.8024 -14.1894 -0.8000 0 0 1
12.8024 -14.1520 -0.8000 0 0 1
12.7274 -14.1520 -0.8000 0 0 1
-12.8024 -14.2269 -0.8000 0 0 1
-12.7274 -14.2269 -0.8000 0 0 1
-12.7274 -14.1894 -0.8000 0 0 1
-12.8024 -14.1894 -0.8000 0 0 1
12.7649 -14.2269 -0.8000 0 0 1
12.8399 -14.2269 -0.8000 0 0 1
12.8399 -14.1894 -0.8000 0 0 1
12.7649 -14.1894 -0.8000 0 0 1
-12.8399 -14.2644 -0.8000 0 0 1
-12.7649 -14.2644 -0.8000 0 0 1
-12.7649 -14.2269 -0.8000 0 0 1
-12.8399 -14.2269 -0.8000 0 0 1
12.8024 -14.2644 -0.8000 0 0 1
12.8773 -14.2644 -0.8000 0 0 1
12.8773 -14.2269 -0.8000 0 0 1
12.8024 -14.2269 -0.8000 0 0 1
-12.8773 -14.3019 -0.8000 0 0 1
-12.8024 -14.3019 -0.8000 0 0 1
-12.8024 -14.2644 -0.8000 0 0 1
-12.8773 -14.2644 -0.8000 0 0 1
12.8399 -14.3019 -0.8000 0 0 1
12.9148 -14.3019 -0.8000 0 0 1
12.9148 -14.2644 -0.8000 0 0 1
12.8399 -14.2644 -0.8000 0 0 1
-12.9148 -14.3394 -0.8000 0 0 1
-12.8024 -14.3394 -0.8000 0 0 1
-12.8024 -14.3019 -0.8000 0 0 1
-12.9148 -14.3019 -0.8000 0 0 1
12.8399 -14.3394 -0.8000 0 0 1
12.9523 -14.3394 -0.8000 0 0 1
12.9523 -14.3019 -0.8000 0 0 1
12.8399 -14.3019 -0.8000 0 0 1
-12.9148 -14.3769 -0.8000 0 0 1
-12.8399 -14.3769 -0.8000 0 0 1
-12.8399 -14.3394 -0.8000 0 0 1
-12.9148 -14.3394 -0.8000 0 0 1
12.8773 -14.3769 -0.8000 0 0 1
12.9523 -14.3769 -0.8000 0 0 1
12.9523 -14.3394 -0.8000 0 0 1
12.8773 -14.3394 -0.8000 0 0 1
-12.9523 -14.4144 -0.8000 0 0 1
-12.8773 -14.4144 -0.8000 0 0 1
-12.8773 -14.3769 -0.8000 0 0 1
-12.9523 -14.3769 -0.8000 0 0 1
12.9148 -14.4144 -0.8000 0 0 1
12.9898 -14.4144 -0.8000 0 0 1
12.9898 -14.3769 -0.8000 0 0 1
12.9148 -14.3769 -0.8000 0 0 1
-12.9898 -14.4519 -0.8000 0 0 1
-12.9148 -14.4519 -0.8000 0 0 1
-12.9148 -14.4144 -0.8000 0 0 1
-12.9898 -14.4144 -0.8000 0 0 1
12.9523 -14.4519 -0.8000 0 0 1
13.0273 -14.4519 -0.8000 0 0 1
13.0273 -14.4144 -0.8000 0 0 1
12.9523 -14.4144 -0.8000 0 0 1
-13.0273 -14.4894 -0.8000 0 0 1
-12.9523 -14.4894 -0.8000 0 0 1
-12.9523 -14.4519 -0.8000 0 0 1
-13.0273 -14.4519 -0.8000 0 0 1
12.9898 -14.4894 -0.8000 0 0 1
13.0648 -14.4894 -0.8000 0 0 1
13.0648 -14.4519 -0.8000 0 0 1
12.9898 -14.4519 -0.8000 0 0 1
-13.0648 -14.5268 -0.8000 0 0 1
-12.9898 -14.5268 -0.8000 0 0 1
-12.9898 -14.4894 -0.8000 0 0 1
-13.0648 -14.4894 -0.8000 0 0 1
13.0273 -14.5268 -0.8000 0 0 1
13.1023 -14.5268 -0.8000 0 0 1
13.1023 -14.4894 -0.8000 0 0 1
13.0273 -14.4894 -0.8000 0 0 1
-13.1023 -14.5643 -0.8000 0 0 1
-13.0273 -14.5643 -0.8000 0 0 1
-13.0273 -14.5268 -0.8000 0 0 1
-13.1023 -14.5268 -0.8000 0 0 1
13.0648 -14.5643 -0.8000 0 0 1
13.1398 -14.5643 -0.8000 0 0 1
13.1398 -14.5268 -0.8000 0 0 1
13.0648 -14.5268 -0.8000 0 0 1
-8.6036 -14.8642 -0.8000 0 0 1
-8.5287 -14.8642 -0.8000 0 0 1
-8.5287 -14.8268 -0.8000 0 0 1
-8.6036 -14.8268 -0.8000 0 0 1
8.5662 -14.8642 -0.8000 0 0 1
8.6411 -14.8642 -0.8000 0 0 1
8.6411 -14.8268 -0.8000 0 0 1
8.5662 -14.8268 -0.8000 0 0 1
-8.6411 -14.9017 -0.8000 0 0 1
-8.4912 -14.9017 -0.8000 0 0 1
-8.4912 -14.8642 -0.8000 0 0 1
-8.6411 -14.8642 -0.8000 0 0 1
8.5287 -14.9017 -0.8000 0 0 1
8.6786 -14.9017 -0.8000 0 0 1
8.6786 -14.8642 -0.8000 0 0 1
8.5287 -14.8642 -0.8000 0 0 1
-8.6786 -14.9392 -0.8000 0 0 1
-8.4912 -14.9392 -0.8000 0 0 1
-8.4912 -14.9017 -0.8000 0 0 1
-8.6786 -14.9017 -0.8000 0 0 1
8.5287 -14.9392 -0.8000 0 0 1
8.7161 -14.9392 -0.8000 0 0 1
8.7161 -14.9017 -0.8000 0 0 1
8.5287 -14.9017 -0.8000 0 0 1
-10.8530 -14.9767 -0.8000 0 0 1
-10.8155 -14.9767 -0.8000 0 0 1
-10.8155 -14.9392 -0.8000 0 0 1
-10.8530 -14.9392 -0.8000 0 0 1
-8.6786 -14.9767 -0.8000 0 0 1
-8.5287 -14.9767 -0.8000 0 0 1
-8.5287 -14.9392 -0.8000 0 0 1
-8.6786 -14.9392 -0.8000 0 0 1
8.5662 -14.9767 -0.8000 0 0 1
8.7161 -14.9767 -0.8000 0 0 1
8.7161 -14.9392 -0.8000 0 0 1
8.5662 -14.9392 -0.8000 0 0 1
10.8530 -14.9767 -0.8000 0 0 1
10.8904 -14.9767 -0.8000 0 0 1
10.8904 -14.9392 -0.8000 0 0 1
10.8530 -14.9392 -0.8000 0 0 1
-10.8904 -15.0142 -0.8000 0 0 1
-10.8155 -15.0142 -0.8000 0 0 1
-10.8155 -14.9767 -0.8000 0 0 1
-10.8904 -14.9767 -0.8000 0 0 1
-8.7161 -15.0142 -0.8000 0 0 1
-8.5662 -15.0142 -0.8000 0 0 1
-8.5662 -14.9767 -0.8000 0 0 1
-8.7161 -14.9767 -0.8000 0 0 1
8.6036 -15.0142 -0.8000 0 0 1
8.7536 -15.0142 -0.8000 0 0 1
8.7536 -14.9767 -0.8000 0 0 1
8.6036 -14.9767 -0.8000 0 0 1
10.8530 -15.0142 -0.8000 0 0 1
10.9279 -15.0142 -0.8000 0 0 1
10.9279 -14.9767 -0.8000 0 0 1
10.8530 -14.9767 -0.8000 0 0 1
-10.9279 -15.0517 -0.8000 0 0 1
-10.8530 -15.0517 -0.8000 0 0 1
-10.8530 -15.0142 -0.8000 0 0 1
-10.9279 -15.0142 -0.8000 0 0 1
-8.7161 -15.0517 -0.8000 0 0 1
-8.5662 -15.0517 -0.8000 0 0 1
-8.5662 -15.0142 -0.8000 0 0 1
-8.7161 -15.0142 -0.8000 0 0 1
8.6036 -15.0517 -0.8000 0 0 1
8.7536 -15.0517 -0.8000 0 0 1
8.7536 -15.0142 -0.8000 0 0 1
8.6036 -15.0142 -0.8000 0 0 1
10.8904 -15.0517 -0.8000 0 0 1
10.9654 -15.0517 -0.8000 0 0 1
10.9654 -15.0142 -0.8000 0 0 1
10.8904 -15.0142 -0.8000 0 0 1
-10.9654 -15.0892 -0.8000 0 0 1
-10.8904 -15.0892 -0.8000 0 0 1
-10.8904 -15.0517 -0.8000 0 0 1
-10.9654 -15.0517 -0.8000 0 0 1
-8.7536 -15.0892 -0.8000 0 0 1
-8.6036 -15.0892 -0.8000 0 0 1
-8.6036 -15.0517 -0.8000 0 0 1
-8.7536 -15.0517 -0.8000 0 0 1
8.6411 -15.0892 -0.8000 0 0 1
8.7911 -15.0892 -0.8000 0 0 1
8.7911 -15.0517 -0.8000 0 0 1
8.6411 -15.0517 -0.8000 0 0 1
10.9279 -15.0892 -0.8000 0 0 1
11.0029 -15.0892 -0.8000 0 0 1
11.0029 -15.0517 -0.8000 0 0 1
10.9279 -15.0517 -0.8000 0 0 1
-10.9654 -15.1267 -0.8000 0 0 1
-10.8904 -15.1267 -0.8000 0 0 1
-10.8904 -15.0892 -0.8000 0 0 1
-10.9654 -15.0892 -0.8000 0 0 1
-8.7536 -15.1267 -0.8000 0 0 1
-8.6036 -15.1267 -0.8000 0 0 1
-8.6036 -15.0892 -0.8000 0 0 1
-8.7536 -15.0892 -0.8000 0 0 1
8.6411 -15.1267 -0.8000 0 0 1
8.7911 -15.1267 -0.8000 0 0 1
8.7911 -15.0892 -0.8000 0 0 1
8.6411 -15.0892 -0.8000 0 0 1
10.9279 -15.1267 -0.8000 0 0 1
11.0029 -15.1267 -0.8000 0 0 1
11.0029 -15.0892 -0.8000 0 0 1
10.9279 -15.0892 -0.8000 0 0 1
-11.0029 -15.1641 -0.8000 0 0 1
-10.9279 -15.1641 -0.8000 0 0 1
-10.9279 -15.1267 -0.8000 0 0 1
-11.0029 -15.1267 -0.8000 0 0 1
-8.7911 -15.1641 -0.8000 0 0 1
-8.6411 -15.1641 -0.8000 0 0 1
-8.6411 -15.1267 -0.8000 0 0 1
-8.7911 -15.1267 -0.8000 0 0 1
8.6786 -15.1641 -0.8000 0 0 1
8.8286 -15.1641 -0.8000 0 0 1
8.8286 -15.1267 -0.8000 0 0 1
8.6786 -15.1267 -0.8000 0 0 1
10.9654 -15.1641 -0.8000 0 0 1
11.0404 -15.1641 -0.8000 0 0 1
11.0404 -15.1267 -0.8000 0 0 1
10.9654 -15.1267 -0.8000 0 0 1
-11.0404 -15.2016 -0.8000 0 0 1
-10.9654 -15.2016 -0.8000 0 0 1
-10.9654 -15.1641 -0.8000 0 0 1
-11.0404 -15.1641 -0.8000 0 0 1
-8.8286 -15.2016 -0.8000 0 0 1
-8.6411 -15.2016 -0.8000 0 0 1
-8.6411 -15.1641 -0.8000 0 0 1
-8.8286 -15.1641 -0.8000 0 0 1
8.6786 -15.2016 -0.8000 0 0 1
8.8661 -15.2016 -0.8000 0 0 1
8.8661 -15.1641 -0.8000 0 0 1
8.6786 -15.1641 -0.8000 0 0 1
11.0029 -15.2016 -0.8000 0 0 1
11.0779 -15.2016 -0.8000 0 0 1
11.0779 -15.1641 -0.8000 0 0 1
11.0029 -15.1641 -0.8000 0 0 1
-11.0779 -15.2391 -0.8000 0 0 1
-11.0029 -15.2391 -0.8000 0 0 1
-11.0029 -15.2016 -0.8000 0 0 1
-11.0779 -15.2016 -0.8000 0 0 1
-8.8286 -15.2391 -0.8000 0 0 1
-8.6786 -15.2391 -0.8000 0 0 1
-8.6786 -15.2016 -0.8000 0 0 1
-8.8286 -15.2016 -0.8000 0 0 1
8.7161 -15.2391 -0.8000 0 0 1
8.8661 -15.2391 -0.8000 0 0 1
8.8661 -15.2016 -0.8000 0 0 1
8.7161 -15.2016 -0.8000 0 0 1
11.0404 -15.2391 -0.8000 0 0 1
11.1154 -15.2391 -0.8000 0 0 1
11.1154 -15.2016 -0.8000 0 0 1
11.0404 -15.2016 -0.8000 0 0 1
-11.0779 -15.2766 -0.8000 0 0 1
-11.0029 -15.2766 -0.8000 0 0 1
-11.0029 -15.2391 -0.8000 0 0 1
-11.0779 -15.2391 -0.8000 0 0 1
-8.8661 -15.2766 -0.8000 0 0 1
-8.7161 -15.2766 -0.8000 0 0 1
-8.7161 -15.2391 -0.8000 0 0 1
-8.8661 -15.2391 -0.8000 0 0 1
8.7536 -15.2766 -0.8000 0 0 1
8.9035 -15.2766 -0.8000 0 0 1
8.9035 -15.2391 -0.8000 0 0 1
8.7536 -15.2391 -0.8000 0 0 1
11.0404 -15.2766 -0.8000 0 0 1
11.1154 -15.2766 -0.8000 0 0 1
11.1154 -15.2391 -0.8000 0 0 1
11.0404 -15.2391 -0.8000 0 0 1
-11.1154 -15.3141 -0.8000 0 0 1
-11.0404 -15.3141 -0.8000 0 0 1
-11.0404 -15.2766 -0.8000 0 0 1
-11.1154 -15.2766 -0.8000 0 0 1
-8.8661 -15.3141 -0.8000 0 0 1
-8.7161 -15.3141 -0.8000 0 0 1
-8.7161 -15.2766 -0.8000 0 0 1
-8.8661 -15.2766 -0.8000 0 0 1
8.7536 -15.3141 -0.8000 0 0 1
8.9035 -15.3141 -0.8000 0 0 1
8.9035 -15.2766 -0.8000 0 0 1
8.7536 -15.2766 -0.8000 0 0 1
11.0779 -15.3141 -0.8000 0 0 1
11.1529 -15.3141 -0.8000 0 0 1
11.1529 -15.2766 -0.8000 0 0 1
11.0779 -15.2766 -0.8000 0 0 1
-11.1529 -15.3516 -0.8000 0 0 1
-11.0779 -15.3516 -0.8000 0 0 1
-11.0779 -15.3141 -0.8000 0 0 1
-11.1529 -15.3141 -0.8000 0 0 1
-8.9035 -15.3516 -0.8000 0 0 1
-8.7536 -15.3516 -0.8000 0 0 1
-8.7536 -15.3141 -0.8000 0 0 1
-8.9035 -15.3141 -0.8000 0 0 1
8.7911 -15.3516 -0.8000 0 0 1
8.9410 -15.3516 -0.8000 0 0 1
8.9410 -15.3141 -0.8000 0 0 1
8.7911 -15.3141 -0.8000 0 0 1
11.1154 -15.3516 -0.8000 0 0 1
11.1904 -15.3516 -0.8000 0 0 1
11.1904 -15.3141 -0.8000 0 0 1
11.1154 -15.3141 -0.8000 0 0 1
-11.1529 -15.3891 -0.8000 0 0 1
-11.1154 -15.3891 -0.8000 0 0 1
-11.1154 -15.3516 -0.8000 0 0 1
-11.1529 -15.3516 -0.8000 0 0 1
-8.9410 -15.3891 -0.8000 0 0 1
-8.7536 -15.3891 -0.8000 0 0 1
-8.7536 -15.3516 -0.8000 0 0 1
-8.9410 -15.3516 -0.8000 0 0 1
8.7911 -15.3891 -0.8000 0 0 1
8.9785 -15.3891 -0.8000 0 0 1
8.9785 -15.3516 -0.8000 0 0 1
8.7911 -15.3516 -0.8000 0 0 1
11.1529 -15.3891 -0.8000 0 0 1
11.1904 -15.3891 -0.8000 0 0 1
11.1904 -15.3516 -0.8000 0 0 1
11.1529 -15.3516 -0.8000 0 0 1
-11.1904 -15.4266 -0.8000 0 0 1
-11.1154 -15.4266 -0.8000 0 0 1
-11.1154 -15.3891 -0.8000 0 0 1
-11.1904 -15.3891 -0.8000 0 0 1
-8.9410 -15.4266 -0.8000 0 0 1
-8.7911 -15.4266 -0.8000 0 0 1
-8.7911 -15.3891 -0.8000 0 0 1
-8.9410 -15.3891 -0.8000 0 0 1
-0.1312 -15.4266 -0.8000 0 0 1
0.0187 -15.4266 -0.8000 0 0 1
0.0187 -15.3891 -0.8000 0 0 1
-0.1312 -15.3891 -0.8000 0 0 1
0.2062 -15.4266 -0.8000 0 0 1
0.4311 -15.4266 -0.8000 0 0 1
0.4311 -15.3891 -0.8000 0 0 1
0.2062 -15.3891 -0.8000 0 0 1
8.8286 -15.4266 -0.8000 0 0 1
8.9785 -15.4266 -0.8000 0 0 1
8.9785 -15.3891 -0.8000 0 0 1
8.8286 -15.3891 -0.8000 0 0 1
11.1529 -15.4266 -0.8000 0 0 1
11.2278 -15.4266 -0.8000 0 0 1
11.2278 -15.3891 -0.8000 0 0 1
11.1529 -15.3891 -0.8000 0 0 1
-11.2278 -15.4641 -0.8000 0 0 1
-11.1529 -15.4641 -0.8000 0 0 1
-11.1529 -15.4266 -0.8000 0 0 1
-11.2278 -15.4266 -0.8000 0 0 1
-8.9785 -15.4641 -0.8000 0 0 1
-8.7911 -15.4641 -0.8000 0 0 1
-8.7911 -15.4266 -0.8000 0 0 1
-8.9785 -15.4266 -0.8000 0 0 1
-0.1687 -15.4641 -0.8000 0 0 1
-0.0937 -15.4641 -0.8000 0 0 1
-0.0937 -15.4266 -0.8000 0 0 1
-0.1687 -15.4266 -0.8000 0 0 1
-0.0187 -15.4641 -0.8000 0 0 1
0.0562 -15.4641 -0.8000 0 0 1
0.0562 -15.4266 -0.8000 0 0 1
-0.0187 -15.4266 -0.8000 0 0 1
0.1687 -15.4641 -0.8000 0 0 1
0.2437 -15.4641 -0.8000 0 0 1
0.2437 -15.4266 -0.8000 0 0 1
0.1687 -15.4266 -0.8000 0 0 1
0.3936 -15.4641 -0.8000 0 0 1
0.4686 -15.4641 -0.8000 0 0 1
0.4686 -15.4266 -0.8000 0 0 1
0.3936 -15.4266 -0.8000 0 0 1
8.8286 -15.4641 -0.8000 0 0 1
9.0160 -15.4641 -0.8000 0 0 1
9.0160 -15.4266 -0.8000 0 0 1
8.8286 -15.4266 -0.8000 0 0 1
11.1904 -15.4641 -0.8000 0 0 1
11.2653 -15.4641 -0.8000 0 0 1
11.2653 -15.4266 -0.8000 0 0 1
11.1904 -15.4266 -0.8000 0 0 1
-11.2653 -15.5015 -0.8000 0 0 1
-11.1904 -15.5015 -0.8000 0 0 1
-11.1904 -15.4641 -0.8000 0 0 1
-11.2653 -15.4641 -0.8000 0 0 1
-8.9785 -15.5015 -0.8000 0 0 1
-8.8286 -15.5015 -0.8000 0 0 1
-8.8286 -15.4641 -0.8000 0 0 1
-8.9785 -15.4641 -0.8000 0 0 1
-0.2062 -15.5015 -0.8000 0 0 1
-0.1312 -15.5015 -0.8000 0 0 1
-0.1312 -15.4641 -0.8000 0 0 1
-0.2062 -15.4641 -0.8000 0 0 1
0.0187 -15.5015 -0.8000 0 0 1
0.0937 -15.5015 -0.8000 0 0 1
0.0937 -15.4641 -0.8000 0 0 1
0.0187 -15.4641 -0.8000 0 0 1
0.1687 -15.5015 -0.8000 0 0 1
0.2437 -15.5015 -0.8000 0 0 1
0.2437 -15.4641 -0.8000 0 0 1
0.1687 -15.4641 -0.8000 0 0 1
0.4311 -15.5015 -0.8000 0 0 1
0.4686 -15.5015 -0.8000 0 0 1
0.4686 -15.4641 -0.8000 0 0 1
0.4311 -15.4641 -0.8000 0 0 1
8.8661 -15.5015 -0.8000 0 0 1
9.0160 -15.5015 -0.8000 0 0 1
9.0160 -15.4641 -0.8000 0 0 1
8.8661 -15.4641 -0.8000 0 0 1
11.2278 -15.5015 -0.8000 0 0 1
11.3028 -15.5015 -0.8000 0 0 1
11.3028 -15.4641 -0.8000 0 0 1
11.2278 -15.4641 -0.8000 0 0 1
-11.2653 -15.5390 -0.8000 0 0 1
-11.1904 -15.5390 -0.8000 0 0 1
-11.1904 -15.5015 -0.8000 0 0 1
-11.2653 -15.5015 -0.8000 0 0 1
-9.0160 -15.5390 -0.8000 0 0 1
-8.8661 -15.5390 -0.8000 0 0 1
-8.8661 -15.5015 -0.8000 0 0 1
-9.0160 -15.5015 -0.8000 0 0 1
-0.2062 -15.5390 -0.8000 0 0 1
-0.1312 -15.5390 -0.8000 0 0 1
-0.1312 -15.5015 -0.8000 0 0 1
-0.2062 -15.5015 -0.8000 0 0 1
0.0187 -15.5390 -0.8000 0 0 1
0.0937 -15.5390 -0.8000 0 0 1
0.0937 -15.5015 -0.8000 0 0 1
0.0187 -15.5015 -0.8000 0 0 1
0.1687 -15.5390 -0.8000 0 0 1
0.2062 -15.5390 -0.8000 0 0 1
0.2062 -15.5015 -0.8000 0 0 1
0.1687 -15.5015 -0.8000 0 0 1
8.9035 -15.5390 -0.8000 0 0 1
9.0535 -15.5390 -0.8000 0 0 1
9.0535 -15.5015 -0.8000 0 0 1
8.9035 -15.5015 -0.8000 0 0 1
11.2278 -15.5390 -0.8000 0 0 1
11.3028 -15.5390 -0.8000 0 0 1
11.3028 -15.5015 -0.8000 0 0 1
11.2278 -15.5015 -0.8000 0 0 1
-11.3028 -15.5765 -0.8000 0 0 1
-11.2278 -15.5765 -0.8000 0 0 1
-11.2278 -15.5390 -0.8000 0 0 1
-11.3028 -15.5390 -0.8000 0 0 1
-9.0160 -15.5765 -0.8000 0 0 1
-8.8661 -15.5765 -0.8000 0 0 1
-8.8661 -15.5390 -0.8000 0 0 1
-9.0160 -15.5390 -0.8000 0 0 1
-0.2062 -15.5765 -0.8000 0 0 1
-0.1312 -15.5765 -0.8000 0 0 1
-0.1312 -15.5390 -0.8000 0 0 1
-0.2062 -15.5390 -0.8000 0 0 1
0.0187 -15.5765 -0.8000 0 0 1
0.0937 -15.5765 -0.8000 0 0 1
0.0937 -15.5390 -0.8000 0 0 1
0.0187 -15.5390 -0.8000 0 0 1
0.1687 -15.5765 -0.8000 0 0 1
0.2437 -15.5765 -0.8000 0 0 1
0.2437 -15.5390 -0.8000 0 0 1
0.1687 -15.5390 -0.8000 0 0 1
8.9035 -15.5765 -0.8000 0 0 1
9.0535 -15.5765 -0.8000 0 0 1
9.0535 -15.5390 -0.8000 0 0 1
8.9035 -15.5390 -0.8000 0 0 1
11.2653 -15.5765 -0.8000 0 0 1
11.3403 -15.5765 -0.8000 0 0 1
11.3403 -15.5390 -0.8000 0 0 1
11.2653 -15.5390 -0.8000 0 0 1
-11.3403 -15.6140 -0.8000 0 0 1
-11.2653 -15.6140 -0.8000 0 0 1
-11.2653 -15.5765 -0.8000 0 0 1
-11.3403 -15.5765 -0.8000 0 0 1
-9.0535 -15.6140 -0.8000 0 0 1
-8.9035 -15.6140 -0.8000 0 0 1
-8.9035 -15.5765 -0.8000 0 0 1
-9.0535 -15.5765 -0.8000 0 0 1
-0.2062 -15.6140 -0.8000 0 0 1
-0.1312 -15.6140 -0.8000 0 0 1
-0.1312 -15.5765 -0.8000 0 0 1
-0.2062 -15.5765 -0.8000 0 0 1
0.0187 -15.6140 -0.8000 0 0 1
0.0937 -15.6140 -0.8000 0 0 1
0.0937 -15.5765 -0.8000 0 0 1
0.0187 -15.5765 -0.8000 0 0 1
0.2062 -15.6140 -0.8000 0 0 1
0.2437 -15.6140 -0.8000 0 0 1
0.2437 -15.5765 -0.8000 0 0 1
0.2062 -15.5765 -0.8000 0 0 1
8.9410 -15.6140 -0.8000 0 0 1
9.0910 -15.6140 -0.8000 0 0 1
9.0910 -15.5765 -0.8000 0 0 1
8.9410 -15.5765 -0.8000 0 0 1
11.3028 -15.6140 -0.8000 0 0 1
11.3778 -15.6140 -0.8000 0 0 1
11.3778 -15.5765 -0.8000 0 0 1
11.3028 -15.5765 -0.8000 0 0 1
-11.3778 -15.6515 -0.8000 0 0 1
-11.3028 -15.6515 -0.8000 0 0 1
-11.3028 -15.6140 -0.8000 0 0 1
-11.3778 -15.6140 -0.8000 0 0 1
-9.0910 -15.6515 -0.8000 0 0 1
-8.9035 -15.6515 -0.8000 0 0 1
-8.9035 -15.6140 -0.8000 0 0 1
-9.0910 -15.6140 -0.8000 0 0 1
-0.2062 -15.6515 -0.8000 0 0 1
-0.1312 -15.6515 -0.8000 0 0 1
-0.1312 -15.6140 -0.8000 0 0 1
-0.2062 -15.6140 -0.8000 0 0 1
0.0187 -15.6515 -0.8000 0 0 1
0.0937 -15.6515 -0.8000 0 0 1
0.0937 -15.6140 -0.8000 0 0 1
0.0187 -15.6140 -0.8000 0 0 1
0.2437 -15.6515 -0.8000 0 0 1
0.3561 -15.6515 -0.8000 0 0 1
0.3561 -15.6140 -0.8000 0 0 1
0.2437 -15.6140 -0.8000 0 0 1
8.9410 -15.6515 -0.8000 0 0 1
9.1285 -15.6515 -0.8000 0 0 1
9.1285 -15.6140 -0.8000 0 0 1
8.9410 -15.6140 -0.8000 0 0 1
11.3403 -15.6515 -0.8000 0 0 1
11.4153 -15.6515 -0.8000 0 0 1
11.4153 -15.6140 -0.8000 0 0 1
11.3403 -15.6140 -0.8000 0 0 1
-11.3778 -15.6890 -0.8000 0 0 1
-11.3028 -15.6890 -0.8000 0 0 1
-11.3028 -15.6515 -0.8000 0 0 1
-11.3778 -15.6515 -0.8000 0 0 1
-9.0910 -15.6890 -0.8000 0 0 1
-8.9410 -15.6890 -0.8000 0 0 1
-8.9410 -15.6515 -0.8000 0 0 1
-9.0910 -15.6515 -0.8000 0 0 1
-0.2062 -15.6890 -0.8000 0 0 1
-0.1312 -15.6890 -0.8000 0 0 1
-0.1312 -15.6515 -0.8000 0 0 1
-0.2062 -15.6515 -0.8000 0 0 1
0.0187 -15.6890 -0.8000 0 0 1
0.0937 -15.6890 -0.8000 0 0 1
0.0937 -15.6515 -0.8000 0 0 1
0.0187 -15.6515 -0.8000 0 0 1
0.2062 -15.6890 -0.8000 0 0 1
0.2812 -15.6890 -0.8000 0 0 1
0.2812 -15.6515 -0.8000 0 0 1
0.2062 -15.6515 -0.8000 0 0 1
8.9785 -15.6890 -0.8000 0 0 1
9.1285 -15.6890 -0.8000 0 0 1
9.1285 -15.6515 -0.8000 0 0 1
8.9785 -15.6515 -0.8000 0 0 1
11.3403 -15.6890 -0.8000 0 0 1
11.4153 -15.6890 -0.8000 0 0 1
11.4153 -15.6515 -0.8000 0 0 1
11.3403 -15.6515 -0.8000 0 0 1
-11.4153 -15.7265 -0.8000 0 0 1
-11.3403 -15.7265 -0.8000 0 0 1
-11.3403 -15.6890 -0.8000 0 0 1
-11.4153 -15.6890 -0.8000 0 0 1
-9.1285 -15.7265 -0.8000 0 0 1
-8.9785 -15.7265 -0.8000 0 0 1
-8.9785 -15.6890 -0.8000 0 0 1
-9.1285 -15.6890 -0.8000 0 0 1
-0.2062 -15.7265 -0.8000 0 0 1
-0.1312 -15.7265 -0.8000 0 0 1
-0.1312 -15.6890 -0.8000 0 0 1
-0.2062 -15.6890 -0.8000 0 0 1
0.0187 -15.7265 -0.8000 0 0 1
0.0937 -15.7265 -0.8000 0 0 1
0.0937 -15.6890 -0.8000 0 0 1
0.0187 -15.6890 -0.8000 0 0 1
0.1687 -15.7265 -0.8000 0 0 1
0.2437 -15.7265 -0.8000 0 0 1
0.2437 -15.6890 -0.8000 0 0 1
0.1687 -15.6890 -0.8000 0 0 1
9.0160 -15.7265 -0.8000 0 0 1
9.1660 -15.7265 -0.8000 0 0 1
9.1660 -15.6890 -0.8000 0 0 1
9.0160 -15.6890 -0.8000 0 0 1
11.3778 -15.7265 -0.8000 0 0 1
11.4528 -15.7265 -0.8000 0 0 1
11.4528 -15.6890 -0.8000 0 0 1
11.3778 -15.6890 -0.8000 0 0 1
-11.4528 -15.7640 -0.8000 0 0 1
-11.3778 -15.7640 -0.8000 0 0 1
-11.3778 -15.7265 -0.8000 0 0 1
-11.4528 -15.7265 -0.8000 0 0 1
-9.1285 -15.7640 -0.8000 0 0 1
-8.9785 -15.7640 -0.8000 0 0 1
-8.9785 -15.7265 -0.8000 0 0 1
-9.1285 -15.7265 -0.8000 0 0 1
-0.2062 -15.7640 -0.8000 0 0 1
-0.1312 -15.7640 -0.8000 0 0 1
-0.1312 -15.7265 -0.8000 0 0 1
-0.2062 -15.7265 -0.8000 0 0 1
0.0187 -15.7640 -0.8000 0 0 1
0.0937 -15.7640 -0.8000 0 0 1
0.0937 -15.7265 -0.8000 0 0 1
0.0187 -15.7265 -0.8000 0 0 1
0.1687 -15.7640 -0.8000 0 0 1
0.2437 -15.7640 -0.8000 0 0 1
0.2437 -15.7265 -0.8000 0 0 1
0.1687 -15.7265 -0.8000 0 0 1
9.0160 -15.7640 -0.8000 0 0 1
9.1660 -15.7640 -0.8000 0 0 1
9.1660 -15.7265 -0.8000 0 0 1
9.0160 -15.7265 -0.8000 0 0 1
11.4153 -15.7640 -0.8000 0 0 1
11.4903 -15.7640 -0.8000 0 0 1
11.4903 -15.7265 -0.8000 0 0 1
11.4153 -15.7265 -0.8000 0 0 1
-11.4528 -15.8015 -0.8000 0 0 1
-11.4153 -15.8015 -0.8000 0 0 1
-11.4153 -15.7640 -0.8000 0 0 1
-11.4528 -15.7640 -0.8000 0 0 1
-9.1660 -15.8015 -0.8000 0 0 1
-9.0160 -15.8015 -0.8000 0 0 1
-9.0160 -15.7640 -0.8000 0 0 1
-9.1660 -15.7640 -0.8000 0 0 1
-0.1687 -15.8015 -0.8000 0 0 1
-0.0937 -15.8015 -0.8000 0 0 1
-0.0937 -15.7640 -0.8000 0 0 1
-0.1687 -15.7640 -0.8000 0 0 1
-0.0187 -15.8015 -0.8000 0 0 1
0.0562 -15.8015 -0.8000 0 0 1
0.0562 -15.7640 -0.8000 0 0 1
-0.0187 -15.7640 -0.8000 0 0 1
0.2062 -15.8015 -0.8000 0 0 1
0.2437 -15.8015 -0.8000 0 0 1
0.2437 -15.7640 -0.8000 0 0 1
0.2062 -15.7640 -0.8000 0 0 1
0.3936 -15.8015 -0.8000 0 0 1
0.4311 -15.8015 -0.8000 0 0 1
0.4311 -15.7640 -0.8000 0 0 1
0.3936 -15.7640 -0.8000 0 0 1
9.0535 -15.8015 -0.8000 0 0 1
9.2035 -15.8015 -0.8000 0 0 1
9.2035 -15.7640 -0.8000 0 0 1
9.0535 -15.7640 -0.8000 0 0 1
11.4528 -15.8015 -0.8000 0 0 1
11.4903 -15.8015 -0.8000 0 0 1
11.4903 -15.7640 -0.8000 0 0 1
11.4528 -15.7640 -0.8000 0 0 1
-11.4903 -15.8389 -0.8000 0 0 1
-11.4153 -15.8389 -0.8000 0 0 1
-11.4153 -15.8015 -0.8000 0 0 1
-11.4903 -15.8015 -0.8000 0 0 1
-9.1660 -15.8389 -0.8000 0 0 1
-9.0160 -15.8389 -0.8000 0 0 1
-9.0160 -15.8015 -0.8000 0 0 1
-9.1660 -15.8015 -0.8000 0 0 1
-0.1312 -15.8389 -0.8000 0 0 1
0.0187 -15.8389 -0.8000 0 0 1
0.0187 -15.8015 -0.8000 0 0 1
-0.1312 -15.8015 -0.8000 0 0 1
0.2437 -15.8389 -0.8000 0 0 1
0.4311 -15.8389 -0.8000 0 0 1
0.4311 -15.8015 -0.8000 0 0 1
0.2437 -15.8015 -0.8000 0 0 1
9.0535 -15.8389 -0.8000 0 0 1
9.2035 -15.8389 -0.8000 0 0 1
9.2035 -15.8015 -0.8000 0 0 1
9.0535 -15.8015 -0.8000 0 0 1
11.4528 -15.8389 -0.8000 0 0 1
11.5278 -15.8389 -0.8000 0 0 1
11.5278 -15.8015 -0.8000 0 0 1
11.4528 -15.8015 -0.8000 0 0 1
-11.4903 -15.8764 -0.8000 0 0 1
-11.4528 -15.8764 -0.8000 0 0 1
-11.4528 -15.8389 -0.8000 0 0 1
-11.4903 -15.8389 -0.8000 0 0 1
-9.2035 -15.8764 -0.8000 0 0 1
-9.0535 -15.8764 -0.8000 0 0 1
-9.0535 -15.8389 -0.8000 0 0 1
-9.2035 -15.8389 -0.8000 0 0 1
9.0910 -15.8764 -0.8000 0 0 1
9.2409 -15.8764 -0.8000 0 0 1
9.2409 -15.8389 -0.8000 0 0 1
9.0910 -15.8389 -0.8000 0 0 1
11.4903 -15.8764 -0.8000 0 0 1
11.5278 -15.8764 -0.8000 0 0 1
11.5278 -15.8389 -0.8000 0 0 1
11.4903 -15.8389 -0.8000 0 0 1
-9.2409 -15.9139 -0.8000 0 0 1
-9.0535 -15.9139 -0.8000 0 0 1
-9.0535 -15.8764 -0.8000 0 0 1
-9.2409 -15.8764 -0.8000 0 0 1
9.0910 -15.9139 -0.8000 0 0 1
9.2784 -15.9139 -0.8000 0 0 1
9.2784 -15.8764 -0.8000 0 0 1
9.0910 -15.8764 -0.8000 0 0 1
-9.2409 -15.9514 -0.8000 0 0 1
-9.0910 -15.9514 -0.8000 0 0 1
-9.0910 -15.9139 -0.8000 0 0 1
-9.2409 -15.9139 -0.8000 0 0 1
9.1285 -15.9514 -0.8000 0 0 1
9.2784 -15.9514 -0.8000 0 0 1
9.2784 -15.9139 -0.8000 0 0 1
9.1285 -15.9139 -0.8000 0 0 1
-9.2784 -15.9889 -0.8000 0 0 1
-9.1285 -15.9889 -0.8000 0 0 1
-9.1285 -15.9514 -0.8000 0 0 1
-9.2784 -15.9514 -0.8000 0 0 1
9.1660 -15.9889 -0.8000 0 0 1
9.3159 -15.9889 -0.8000 0 0 1
9.3159 -15.9514 -0.8000 0 0 1
9.1660 -15.9514 -0.8000 0 0 1
-9.2784 -16.0264 -0.8000 0 0 1
-9.1285 -16.0264 -0.8000 0 0 1
-9.1285 -15.9889 -0.8000 0 0 1
-9.2784 -15.9889 -0.8000 0 0 1
9.1660 -16.0264 -0.8000 0 0 1
9.3159 -16.0264 -0.8000 0 0 1
9.3159 -15.9889 -0.8000 0 0 1
9.1660 -15.9889 -0.8000 0 0 1
-9.3159 -16.0639 -0.8000 0 0 1
-9.1660 -16.0639 -0.8000 0 0 1
-9.1660 -16.0264 -0.8000 0 0 1
-9.3159 -16.0264 -0.8000 0 0 1
9.2035 -16.0639 -0.8000 0 0 1
9.3534 -16.0639 -0.8000 0 0 1
9.3534 -16.0264 -0.8000 0 0 1
9.2035 -16.0264 -0.8000 0 0 1
-9.3534 -16.1014 -0.8000 0 0 1
-9.1660 -16.1014 -0.8000 0 0 1
-9.1660 -16.0639 -0.8000 0 0 1
-9.3534 -16.0639 -0.8000 0 0 1
9.2035 -16.1014 -0.8000 0 0 1
9.3909 -16.1014 -0.8000 0 0 1
9.3909 -16.0639 -0.8000 0 0 1
9.2035 -16.0639 -0.8000 0 0 1
-9.3534 -16.1389 -0.8000 0 0 1
-9.2035 -16.1389 -0.8000 0 0 1
-9.2035 -16.1014 -0.8000 0 0 1
-9.3534 -16.1014 -0.8000 0 0 1
9.2409 -16.1389 -0.8000 0 0 1
9.3909 -16.1389 -0.8000 0 0 1
9.3909 -16.1014 -0.8000 0 0 1
9.2409 -16.1014 -0.8000 0 0 1
-9.3909 -16.1763 -0.8000 0 0 1
-9.2035 -16.1763 -0.8000 0 0 1
-9.2035 -16.1389 -0.8000 0 0 1
-9.3909 -16.1389 -0.8000 0 0 1
9.2409 -16.1763 -0.8000 0 0 1
9.4284 -16.1763 -0.8000 0 0 1
9.4284 -16.1389 -0.8000 0 0 1
9.2409 -16.1389 -0.8000 0 0 1
-9.3909 -16.2138 -0.8000 0 0 1
-9.2409 -16.2138 -0.8000 0 0 1
-9.2409 -16.1763 -0.8000 0 0 1
-9.3909 -16.1763 -0.8000 0 0 1
9.2784 -16.2138 -0.8000 0 0 1
9.4284 -16.2138 -0.8000 0 0 1
9.4284 -16.1763 -0.8000 0 0 1
9.2784 -16.1763 -0.8000 0 0 1
-9.4284 -16.2513 -0.8000 0 0 1
-9.2784 -16.2513 -0.8000 0 0 1
-9.2784 -16.2138 -0.8000 0 0 1
-9.4284 -16.2138 -0.8000 0 0 1
9.3159 -16.2513 -0.8000 0 0 1
9.4659 -16.2513 -0.8000 0 0 1
9.4659 -16.2138 -0.8000 0 0 1
9.3159 -16.2138 -0.8000 0 0 1
-9.4284 -16.2888 -0.8000 0 0 1
-9.2784 -16.2888 -0.8000 0 0 1
-9.2784 -16.2513 -0.8000 0 0 1
-9.4284 -16.2513 -0.8000 0 0 1
9.3159 -16.2888 -0.8000 0 0 1
9.4659 -16.2888 -0.8000 0 0 1
9.4659 -16.2513 -0.8000 0 0 1
9.3159 -16.2513 -0.8000 0 0 1
-9.4659 -16.3263 -0.8000 0 0 1
-9.3159 -16.3263 -0.8000 0 0 1
-9.3159 -16.2888 -0.8000 0 0 1
-9.4659 -16.2888 -0.8000 0 0 1
9.3534 -16.3263 -0.8000 0 0 1
9.5034 -16.3263 -0.8000 0 0 1
9.5034 -16.2888 -0.8000 0 0 1
9.3534 -16.2888 -0.8000 0 0 1
-9.5034 -16.3638 -0.8000 0 0 1
-9.3159 -16.3638 -0.8000 0 0 1
-9.3159 -16.3263 -0.8000 0 0 1
-9.5034 -16.3263 -0.8000 0 0 1
9.3534 -16.3638 -0.8000 0 0 1
9.5409 -16.3638 -0.8000 0 0 1
9.5409 -16.3263 -0.8000 0 0 1
9.3534 -16.3263 -0.8000 0 0 1
-9.5034 -16.4013 -0.8000 0 0 1
-9.3534 -16.4013 -0.8000 0 0 1
-9.3534 -16.3638 -0.8000 0 0 1
-9.5034 -16.3638 -0.8000 0 0 1
9.3909 -16.4013 -0.8000 0 0 1
9.5409 -16.4013 -0.8000 0 0 1
9.5409 -16.3638 -0.8000 0 0 1
9.3909 -16.3638 -0.8000 0 0 1
-9.5409 -16.4388 -0.8000 0 0 1
-9.3534 -16.4388 -0.8000 0 0 1
-9.3534 -16.4013 -0.8000 0 0 1
-9.5409 -16.4013 -0.8000 0 0 1
9.3909 -16.4388 -0.8000 0 0 1
9.5783 -16.4388 -0.8000 0 0 1
9.5783 -16.4013 -0.8000 0 0 1
9.3909 -16.4013 -0.8000 0 0 1
-9.5409 -16.4763 -0.8000 0 0 1
-9.3909 -16.4763 -0.8000 0 0 1
-9.3909 -16.4388 -0.8000 0 0 1
-9.5409 -16.4388 -0.8000 0 0 1
9.4284 -16.4763 -0.8000 0 0 1
9.5783 -16.4763 -0.8000 0 0 1
9.5783 -16.4388 -0.8000 0 0 1
9.4284 -16.4388 -0.8000 0 0 1
-9.5783 -16.5137 -0.8000 0 0 1
-9.4284 -16.5137 -0.8000 0 0 1
-9.4284 -16.4763 -0.8000 0 0 1
-9.5783 -16.4763 -0.8000 0 0 1
9.4659 -16.5137 -0.8000 0 0 1
9.6158 -16.5137 -0.8000 0 0 1
9.6158 -16.4763 -0.8000 0 0 1
9.4659 -16.4763 -0.8000 0 0 1
-9.5783 -16.5512 -0.8000 0 0 1
-9.4284 -16.5512 -0.8000 0 0 1
-9.4284 -16.5137 -0.8000 0 0 1
-9.5783 -16.5137 -0.8000 0 0 1
9.4659 -16.5512 -0.8000 0 0 1
9.6158 -16.5512 -0.8000 0 0 1
9.6158 -16.5137 -0.8000 0 0 1
9.4659 -16.5137 -0.8000 0 0 1
-9.6158 -16.5887 -0.8000 0 0 1
-9.4659 -16.5887 -0.8000 0 0 1
-9.4659 -16.5512 -0.8000 0 0 1
-9.6158 -16.5512 -0.8000 0 0 1
9.5034 -16.5887 -0.8000 0 0 1
9.6533 -16.5887 -0.8000 0 0 1
9.6533 -16.5512 -0.8000 0 0 1
9.5034 -16.5512 -0.8000 0 0 1
-9.6533 -16.6262 -0.8000 0 0 1
-9.4659 -16.6262 -0.8000 0 0 1
-9.4659 -16.5887 -0.8000 0 0 1
-9.6533 -16.5887 -0.8000 0 0 1
9.5034 -16.6262 -0.8000 0 0 1
9.6908 -16.6262 -0.8000 0 0 1
9.6908 -16.5887 -0.8000 0 0 1
9.5034 -16.5887 -0.8000 0 0 1
-9.6533 -16.6637 -0.8000 0 0 1
-9.5034 -16.6637 -0.8000 0 0 1
-9.5034 -16.6262 -0.8000 0 0 1
-9.6533 -16.6262 -0.8000 0 0 1
9.5409 -16.6637 -0.8000 0 0 1
9.6908 -16.6637 -0.8000 0 0 1
9.6908 -16.6262 -0.8000 0 0 1
9.5409 -16.6262 -0.8000 0 0 1
-9.6908 -16.7012 -0.8000 0 0 1
-9.5409 -16.7012 -0.8000 0 0 1
-9.5409 -16.6637 -0.8000 0 0 1
-9.6908 -16.6637 -0.8000 0 0 1
9.5783 -16.7012 -0.8000 0 0 1
9.7283 -16.7012 -0.8000 0 0 1
9.7283 -16.6637 -0.8000 0 0 1
9.5783 -16.6637 -0.8000 0 0 1
-9.6908 -16.7387 -0.8000 0 0 1
-9.5409 -16.7387 -0.8000 0 0 1
-9.5409 -16.7012 -0.8000 0 0 1
-9.6908 -16.7012 -0.8000 0 0 1
9.5783 -16.7387 -0.8000 0 0 1
9.7283 -16.7387 -0.8000 0 0 1
9.7283 -16.7012 -0.8000 0 0 1
9.5783 -16.7012 -0.8000 0 0 1
-9.7283 -16.7762 -0.8000 0 0 1
-9.5783 -16.7762 -0.8000 0 0 1
-9.5783 -16.7387 -0.8000 0 0 1
-9.7283 -16.7387 -0.8000 0 0 1
9.6158 -16.7762 -0.8000 0 0 1
9.7658 -16.7762 -0.8000 0 0 1
9.7658 -16.7387 -0.8000 0 0 1
9.6158 -16.7387 -0.8000 0 0 1
-9.7283 -16.8136 -0.8000 0 0 1
-9.5783 -16.8136 -0.8000 0 0 1
-9.5783 -16.7762 -0.8000 0 0 1
-9.7283 -16.7762 -0.8000 0 0 1
9.6158 -16.8136 -0.8000 0 0 1
9.7658 -16.8136 -0.8000 0 0 1
9.7658 -16.7762 -0.8000 0 0 1
9.6158 -16.7762 -0.8000 0 0 1
-9.7658 -16.8511 -0.8000 0 0 1
-9.6158 -16.8511 -0.8000 0 0 1
-9.6158 -16.8136 -0.8000 0 0 1
-9.7658 -16.8136 -0.8000 0 0 1
9.6533 -16.8511 -0.8000 0 0 1
9.8033 -16.8511 -0.8000 0 0 1
9.8033 -16.8136 -0.8000 0 0 1
9.6533 -16.8136 -0.8000 0 0 1
-9.8033 -16.8886 -0.8000 0 0 1
-9.6158 -16.8886 -0.8000 0 0 1
-9.6158 -16.8511 -0.8000 0 0 1
-9.8033 -16.8511 -0.8000 0 0 1
9.6533 -16.8886 -0.8000 0 0 1
9.8408 -16.8886 -0.8000 0 0 1
9.8408 -16.8511 -0.8000 0 0 1
9.6533 -16.8511 -0.8000 0 0 1
-9.8033 -16.9261 -0.8000 0 0 1
-9.6533 -16.9261 -0.8000 0 0 1
-9.6533 -16.8886 -0.8000 0 0 1
-9.8033 -16.8886 -0.8000 0 0 1
-7.5165 -16.9261 -0.8000 0 0 1
-7.4790 -16.9261 -0.8000 0 0 1
-7.4790 -16.8886 -0.8000 0 0 1
-7.5165 -16.8886 -0.8000 0 0 1
7.5165 -16.9261 -0.8000 0 0 1
7.5540 -16.9261 -0.8000 0 0 1
7.5540 -16.8886 -0.8000 0 0 1
7.5165 -16.8886 -0.8000 0 0 1
9.6908 -16.9261 -0.8000 0 0 1
9.8408 -16.9261 -0.8000 0 0 1
9.8408 -16.8886 -0.8000 0 0 1
9.6908 -16.8886 -0.8000 0 0 1
-9.8408 -16.9636 -0.8000 0 0 1
-9.6908 -16.9636 -0.8000 0 0 1
-9.6908 -16.9261 -0.8000 0 0 1
-9.8408 -16.9261 -0.8000 0 0 1
-7.5540 -16.9636 -0.8000 0 0 1
-7.4790 -16.9636 -0.8000 0 0 1
-7.4790 -16.9261 -0.8000 0 0 1
-7.5540 -16.9261 -0.8000 0 0 1
7.5165 -16.9636 -0.8000 0 0 1
7.5914 -16.9636 -0.8000 0 0 1
7.5914 -16.9261 -0.8000 0 0 1
7.5165 -16.9261 -0.8000 0 0 1
9.7283 -16.9636 -0.8000 0 0 1
9.8783 -16.9636 -0.8000 0 0 1
9.8783 -16.9261 -0.8000 0 0 1
9.7283 -16.9261 -0.8000 0 0 1
-9.8408 -17.0011 -0.8000 0 0 1
-9.6908 -17.0011 -0.8000 0 0 1
-9.6908 -16.9636 -0.8000 0 0 1
-9.8408 -16.9636 -0.8000 0 0 1
-7.5540 -17.0011 -0.8000 0 0 1
-7.5165 -17.0011 -0.8000 0 0 1
-7.5165 -16.9636 -0.8000 0 0 1
-7.5540 -16.9636 -0.8000 0 0 1
7.5540 -17.0011 -0.8000 0 0 1
7.5914 -17.0011 -0.8000 0 0 1
7.5914 -16.9636 -0.8000 0 0 1
7.5540 -16.9636 -0.8000 0 0 1
9.7283 -17.0011 -0.8000 0 0 1
9.8783 -17.0011 -0.8000 0 0 1
9.8783 -16.9636 -0.8000 0 0 1
9.7283 -16.9636 -0.8000 0 0 1
-9.8783 -17.0386 -0.8000 0 0 1
-9.7283 -17.0386 -0.8000 0 0 1
-9.7283 -17.0011 -0.8000 0 0 1
-9.8783 -17.0011 -0.8000 0 0 1
-7.5914 -17.0386 -0.8000 0 0 1
-7.5165 -17.0386 -0.8000 0 0 1
-7.5165 -17.0011 -0.8000 0 0 1
-7.5914 -17.0011 -0.8000 0 0 1
7.5540 -17.0386 -0.8000 0 0 1
7.6289 -17.0386 -0.8000 0 0 1
7.6289 -17.0011 -0.8000 0 0 1
7.5540 -17.0011 -0.8000 0 0 1
9.7658 -17.0386 -0.8000 0 0 1
9.9157 -17.0386 -0.8000 0 0 1
9.9157 -17.0011 -0.8000 0 0 1
9.7658 -17.0011 -0.8000 0 0 1
-9.8408 -17.0761 -0.8000 0 0 1
-9.7283 -17.0761 -0.8000 0 0 1
-9.7283 -17.0386 -0.8000 0 0 1
-9.8408 -17.0386 -0.8000 0 0 1
-7.5914 -17.0761 -0.8000 0 0 1
-7.5540 -17.0761 -0.8000 0 0 1
-7.5540 -17.0386 -0.8000 0 0 1
-7.5914 -17.0386 -0.8000 0 0 1
7.5914 -17.0761 -0.8000 0 0 1
7.6289 -17.0761 -0.8000 0 0 1
7.6289 -17.0386 -0.8000 0 0 1
7.5914 -17.0386 -0.8000 0 0 1
9.7658 -17.0761 -0.8000 0 0 1
9.8783 -17.0761 -0.8000 0 0 1
9.8783 -17.0386 -0.8000 0 0 1
9.7658 -17.0386 -0.8000 0 0 1
-9.8033 -17.1136 -0.8000 0 0 1
-9.7658 -17.1136 -0.8000 0 0 1
-9.7658 -17.0761 -0.8000 0 0 1
-9.8033 -17.0761 -0.8000 0 0 1
-7.6289 -17.1136 -0.8000 0 0 1
-7.5540 -17.1136 -0.8000 0 0 1
-7.5540 -17.0761 -0.8000 0 0 1
-7.6289 -17.0761 -0.8000 0 0 1
7.5914 -17.1136 -0.8000 0 0 1
7.6664 -17.1136 -0.8000 0 0 1
7.6664 -17.0761 -0.8000 0 0 1
7.5914 -17.0761 -0.8000 0 0 1
9.8033 -17.1136 -0.8000 0 0 1
9.8408 -17.1136 -0.8000 0 0 1
9.8408 -17.0761 -0.8000 0 0 1
9.8033 -17.0761 -0.8000 0 0 1
-7.6289 -17.1510 -0.8000 0 0 1
-7.5540 -17.1510 -0.8000 0 0 1
-7.5540 -17.1136 -0.8000 0 0 1
-7.6289 -17.1136 -0.8000 0 0 1
7.5914 -17.1510 -0.8000 0 0 1
7.6664 -17.1510 -0.8000 0 0 1
7.6664 -17.1136 -0.8000 0 0 1
7.5914 -17.1136 -0.8000 0 0 1
-7.6664 -17.1885 -0.8000 0 0 1
-7.5914 -17.1885 -0.8000 0 0 1
-7.5914 -17.1510 -0.8000 0 0 1
-7.6664 -17.1510 -0.8000 0 0 1
-0.0562 -17.1885 -0.8000 0 0 1
0.0937 -17.1885 -0.8000 0 0 1
0.0937 -17.1510 -0.8000 0 0 1
-0.0562 -17.1510 -0.8000 0 0 1
7.6289 -17.1885 -0.8000 0 0 1
7.7039 -17.1885 -0.8000 0 0 1
7.7039 -17.1510 -0.8000 0 0 1
7.6289 -17.1510 -0.8000 0 0 1
-7.6664 -17.2260 -0.8000 0 0 1
-7.5914 -17.2260 -0.8000 0 0 1
-7.5914 -17.1885 -0.8000 0 0 1
-7.6664 -17.1885 -0.8000 0 0 1
-0.0562 -17.2260 -0.8000 0 0 1
0.0937 -17.2260 -0.8000 0 0 1
0.0937 -17.1885 -0.8000 0 0 1
-0.0562 -17.1885 -0.8000 0 0 1
7.6289 -17.2260 -0.8000 0 0 1
7.7039 -17.2260 -0.8000 0 0 1
7.7039 -17.1885 -0.8000 0 0 1
7.6289 -17.1885 -0.8000 0 0 1
-7.6664 -17.2635 -0.8000 0 0 1
-7.6289 -17.2635 -0.8000 0 0 1
-7.6289 -17.2260 -0.8000 0 0 1
-7.6664 -17.2260 -0.8000 0 0 1
-0.0562 -17.2635 -0.8000 0 0 1
0.0937 -17.2635 -0.8000 0 0 1
0.0937 -17.2260 -0.8000 0 0 1
-0.0562 -17.2260 -0.8000 0 0 1
7.6664 -17.2635 -0.8000 0 0 1
7.7039 -17.2635 -0.8000 0 0 1
7.7039 -17.2260 -0.8000 0 0 1
7.6664 -17.2260 -0.8000 0 0 1
-7.7039 -17.3010 -0.8000 0 0 1
-7.6289 -17.3010 -0.8000 0 0 1
-7.6289 -17.2635 -0.8000 0 0 1
-7.7039 -17.2635 -0.8000 0 0 1
-0.0562 -17.3010 -0.8000 0 0 1
0.0937 -17.3010 -0.8000 0 0 1
0.0937 -17.2635 -0.8000 0 0 1
-0.0562 -17.2635 -0.8000 0 0 1
7.6664 -17.3010 -0.8000 0 0 1
7.7414 -17.3010 -0.8000 0 0 1
7.7414 -17.2635 -0.8000 0 0 1
7.6664 -17.2635 -0.8000 0 0 1
-7.7039 -17.3385 -0.8000 0 0 1
-7.6664 -17.3385 -0.8000 0 0 1
-7.6664 -17.3010 -0.8000 0 0 1
-7.7039 -17.3010 -0.8000 0 0 1
-0.0562 -17.3385 -0.8000 0 0 1
0.0937 -17.3385 -0.8000 0 0 1
0.0937 -17.3010 -0.8000 0 0 1
-0.0562 -17.3010 -0.8000 0 0 1
7.7039 -17.3385 -0.8000 0 0 1
7.7414 -17.3385 -0.8000 0 0 1
7.7414 -17.3010 -0.8000 0 0 1
7.7039 -17.3010 -0.8000 0 0 1
-7.7414 -17.3760 -0.8000 0 0 1
-7.6664 -17.3760 -0.8000 0 0 1
-7.6664 -17.3385 -0.8000 0 0 1
-7.7414 -17.3385 -0.8000 0 0 1
-0.0562 -17.3760 -0.8000 0 0 1
0.0937 -17.3760 -0.8000 0 0 1
0.0937 -17.3385 -0.8000 0 0 1
-0.0562 -17.3385 -0.8000 0 0 1
7.7039 -17.3760 -0.8000 0 0 1
7.7789 -17.3760 -0.8000 0 0 1
7.7789 -17.3385 -0.8000 0 0 1
7.7039 -17.3385 -0.8000 0 0 1
-7.7414 -17.4135 -0.8000 0 0 1
-7.7039 -17.4135 -0.8000 0 0 1
-7.7039 -17.3760 -0.8000 0 0 1
-7.7414 -17.3760 -0.8000 0 0 1
-0.0562 -17.4135 -0.8000 0 0 1
0.0937 -17.4135 -0.8000 0 0 1
0.0937 -17.3760 -0.8000 0 0 1
-0.0562 -17.3760 -0.8000 0 0 1
7.7414 -17.4135 -0.8000 0 0 1
7.7789 -17.4135 -0.8000 0 0 1
7.7789 -17.3760 -0.8000 0 0 1
7.7414 -17.3760 -0.8000 0 0 1
-7.7789 -17.4510 -0.8000 0 0 1
-7.7039 -17.4510 -0.8000 0 0 1
-7.7039 -17.4135 -0.8000 0 0 1
-7.7789 -17.4135 -0.8000 0 0 1
-0.0562 -17.4510 -0.8000 0 0 1
0.0937 -17.4510 -0.8000 0 0 1
0.0937 -17.4135 -0.8000 0 0 1
-0.0562 -17.4135 -0.8000 0 0 1
7.7414 -17.4510 -0.8000 0 0 1
7.8164 -17.4510 -0.8000 0 0 1
7.8164 -17.4135 -0.8000 0 0 1
7.7414 -17.4135 -0.8000 0 0 1
-7.7789 -17.4884 -0.8000 0 0 1
-7.7039 -17.4884 -0.8000 0 0 1
-7.7039 -17.4510 -0.8000 0 0 1
-7.7789 -17.4510 -0.8000 0 0 1
-0.0562 -17.4884 -0.8000 0 0 1
0.0937 -17.4884 -0.8000 0 0 1
0.0937 -17.4510 -0.8000 0 0 1
-0.0562 -17.4510 -0.8000 0 0 1
7.7414 -17.4884 -0.8000 0 0 1
7.8164 -17.4884 -0.8000 0 0 1
7.8164 -17.4510 -0.8000 0 0 1
7.7414 -17.4510 -0.8000 0 0 1
-7.8164 -17.5259 -0.8000 0 0 1
-7.7414 -17.5259 -0.8000 0 0 1
-7.7414 -17.4884 -0.8000 0 0 1
-7.8164 -17.4884 -0.8000 0 0 1
-0.0562 -17.5259 -0.8000 0 0 1
0.0937 -17.5259 -0.8000 0 0 1
0.0937 -17.4884 -0.8000 0 0 1
-0.0562 -17.4884 -0.8000 0 0 1
7.7789 -17.5259 -0.8000 0 0 1
7.8539 -17.5259 -0.8000 0 0 1
7.8539 -17.4884 -0.8000 0 0 1
7.7789 -17.4884 -0.8000 0 0 1
-7.8164 -17.5634 -0.8000 0 0 1
-7.7414 -17.5634 -0.8000 0 0 1
-7.7414 -17.5259 -0.8000 0 0 1
-7.8164 -17.5259 -0.8000 0 0 1
-0.0562 -17.5634 -0.8000 0 0 1
0.0937 -17.5634 -0.8000 0 0 1
0.0937 -17.5259 -0.8000 0 0 1
-0.0562 -17.5259 -0.8000 0 0 1
7.7789 -17.5634 -0.8000 0 0 1
7.8539 -17.5634 -0.8000 0 0 1
7.8539 -17.5259 -0.8000 0 0 1
7.7789 -17.5259 -0.8000 0 0 1
-7.8164 -17.6009 -0.8000 0 0 1
-7.7789 -17.6009 -0.8000 0 0 1
-7.7789 -17.5634 -0.8000 0 0 1
-7.8164 -17.5634 -0.8000 0 0 1
-5.7170 -17.6009 -0.8000 0 0 1
-5.6795 -17.6009 -0.8000 0 0 1
-5.6795 -17.5634 -0.8000 0 0 1
-5.7170 -17.5634 -0.8000 0 0 1
-0.0562 -17.6009 -0.8000 0 0 1
0.0937 -17.6009 -0.8000 0 0 1
0.0937 -17.5634 -0.8000 0 0 1
-0.0562 -17.5634 -0.8000 0 0 1
5.7170 -17.6009 -0.8000 0 0 1
5.7545 -17.6009 -0.8000 0 0 1
5.7545 -17.5634 -0.8000 0 0 1
5.7170 -17.5634 -0.8000 0 0 1
7.8164 -17.6009 -0.8000 0 0 1
7.8539 -17.6009 -0.8000 0 0 1
7.8539 -17.5634 -0.8000 0 0 1
7.8164 -17.5634 -0.8000 0 0 1
-7.8539 -17.6384 -0.8000 0 0 1
-7.7789 -17.6384 -0.8000 0 0 1
-7.7789 -17.6009 -0.8000 0 0 1
-7.8539 -17.6009 -0.8000 0 0 1
-5.7170 -17.6384 -0.8000 0 0 1
-5.6795 -17.6384 -0.8000 0 0 1
-5.6795 -17.6009 -0.8000 0 0 1
-5.7170 -17.6009 -0.8000 0 0 1
-0.0562 -17.6384 -0.8000 0 0 1
0.0937 -17.6384 -0.8000 0 0 1
0.0937 -17.6009 -0.8000 0 0 1
-0.0562 -17.6009 -0.8000 0 0 1
5.7170 -17.6384 -0.8000 0 0 1
5.7545 -17.6384 -0.8000 0 0 1
5.7545 -17.6009 -0.8000 0 0 1
5.7170 -17.6009 -0.8000 0 0 1
7.8164 -17.6384 -0.8000 0 0 1
7.8914 -17.6384 -0.8000 0 0 1
7.8914 -17.6009 -0.8000 0 0 1
7.8164 -17.6009 -0.8000 0 0 1
-7.8539 -17.6759 -0.8000 0 0 1
-7.8164 -17.6759 -0.8000 0 0 1
-7.8164 -17.6384 -0.8000 0 0 1
-7.8539 -17.6384 -0.8000 0 0 1
-5.7545 -17.6759 -0.8000 0 0 1
-5.6795 -17.6759 -0.8000 0 0 1
-5.6795 -17.6384 -0.8000 0 0 1
-5.7545 -17.6384 -0.8000 0 0 1
-0.0562 -17.6759 -0.8000 0 0 1
0.0937 -17.6759 -0.8000 0 0 1
0.0937 -17.6384 -0.8000 0 0 1
-0.0562 -17.6384 -0.8000 0 0 1
5.7170 -17.6759 -0.8000 0 0 1
5.7920 -17.6759 -0.8000 0 0 1
5.7920 -17.6384 -0.8000 0 0 1
5.7170 -17.6384 -0.8000 0 0 1
7.8539 -17.6759 -0.8000 0 0 1
7.8914 -17.6759 -0.8000 0 0 1
7.8914 -17.6384 -0.8000 0 0 1
7.8539 -17.6384 -0.8000 0 0 1
-7.8914 -17.7134 -0.8000 0 0 1
-7.8164 -17.7134 -0.8000 0 0 1
-7.8164 -17.6759 -0.8000 0 0 1
-7.8914 -17.6759 -0.8000 0 0 1
-5.7545 -17.7134 -0.8000 0 0 1
-5.6795 -17.7134 -0.8000 0 0 1
-5.6795 -17.6759 -0.8000 0 0 1
-5.7545 -17.6759 -0.8000 0 0 1
-0.0562 -17.7134 -0.8000 0 0 1
0.0937 -17.7134 -0.8000 0 0 1
0.0937 -17.6759 -0.8000 0 0 1
-0.0562 -17.6759 -0.8000 0 0 1
5.7170 -17.7134 -0.8000 0 0 1
5.7920 -17.7134 -0.8000 0 0 1
5.7920 -17.6759 -0.8000 0 0 1
5.7170 -17.6759 -0.8000 0 0 1
7.8539 -17.7134 -0.8000 0 0 1
7.9288 -17.7134 -0.8000 0 0 1
7.9288 -17.6759 -0.8000 0 0 1
7.8539 -17.6759 -0.8000 0 0 1
-7.8914 -17.7509 -0.8000 0 0 1
-7.8539 -17.7509 -0.8000 0 0 1
-7.8539 -17.7134 -0.8000 0 0 1
-7.8914 -17.7134 -0.8000 0 0 1
-5.7545 -17.7509 -0.8000 0 0 1
-5.7170 -17.7509 -0.8000 0 0 1
-5.7170 -17.7134 -0.8000 0 0 1
-5.7545 -17.7134 -0.8000 0 0 1
-0.0562 -17.7509 -0.8000 0 0 1
0.0937 -17.7509 -0.8000 0 0 1
0.0937 -17.7134 -0.8000 0 0 1
-0.0562 -17.7134 -0.8000 0 0 1
5.7545 -17.7509 -0.8000 0 0 1
5.7920 -17.7509 -0.8000 0 0 1
5.7920 -17.7134 -0.8000 0 0 1
5.7545 -17.7134 -0.8000 0 0 1
7.8914 -17.7509 -0.8000 0 0 1
7.9288 -17.7509 -0.8000 0 0 1
7.9288 -17.7134 -0.8000 0 0 1
7.8914 -17.7134 -0.8000 0 0 1
-7.9288 -17.7884 -0.8000 0 0 1
-7.8539 -17.7884 -0.8000 0 0 1
-7.8539 -17.7509 -0.8000 0 0 1
-7.9288 -17.7509 -0.8000 0 0 1
-5.7920 -17.7884 -0.8000 0 0 1
-5.7170 -17.7884 -0.8000 0 0 1
-5.7170 -17.7509 -0.8000 0 0 1
-5.7920 -17.7509 -0.8000 0 0 1
-0.0562 -17.7884 -0.8000 0 0 1
0.0937 -17.7884 -0.8000 0 0 1
0.0937 -17.7509 -0.8000 0 0 1
-0.0562 -17.7509 -0.8000 0 0 1
5.7545 -17.7884 -0.8000 0 0 1
5.8295 -17.7884 -0.8000 0 0 1
5.8295 -17.7509 -0.8000 0 0 1
5.7545 -17.7509 -0.8000 0 0 1
7.8914 -17.7884 -0.8000 0 0 1
7.9663 -17.7884 -0.8000 0 0 1
7.9663 -17.7509 -0.8000 0 0 1
7.8914 -17.7509 -0.8000 0 0 1
-7.9288 -17.8258 -0.8000 0 0 1
-7.8539 -17.8258 -0.8000 0 0 1
-7.8539 -17.7884 -0.8000 0 0 1
-7.9288 -17.7884 -0.8000 0 0 1
-5.7920 -17.8258 -0.8000 0 0 1
-5.7170 -17.8258 -0.8000 0 0 1
-5.7170 -17.7884 -0.8000 0 0 1
-5.7920 -17.7884 -0.8000 0 0 1
-0.0562 -17.8258 -0.8000 0 0 1
0.0937 -17.8258 -0.8000 0 0 1
0.0937 -17.7884 -0.8000 0 0 1
-0.0562 -17.7884 -0.8000 0 0 1
5.7545 -17.8258 -0.8000 0 0 1
5.8295 -17.8258 -0.8000 0 0 1
5.8295 -17.7884 -0.8000 0 0 1
5.7545 -17.7884 -0.8000 0 0 1
7.8914 -17.8258 -0.8000 0 0 1
7.9663 -17.8258 -0.8000 0 0 1
7.9663 -17.7884 -0.8000 0 0 1
7.8914 -17.7884 -0.8000 0 0 1
-7.9663 -17.8633 -0.8000 0 0 1
-7.8914 -17.8633 -0.8000 0 0 1
-7.8914 -17.8258 -0.8000 0 0 1
-7.9663 -17.8258 -0.8000 0 0 1
-5.7920 -17.8633 -0.8000 0 0 1
-5.7545 -17.8633 -0.8000 0 0 1
-5.7545 -17.8258 -0.8000 0 0 1
-5.7920 -17.8258 -0.8000 0 0 1
-0.0562 -17.8633 -0.8000 0 0 1
0.0937 -17.8633 -0.8000 0 0 1
0.0937 -17.8258 -0.8000 0 0 1
-0.0562 -17.8258 -0.8000 0 0 1
5.7920 -17.8633 -0.8000 0 0 1
5.8295 -17.8633 -0.8000 0 0 1
5.8295 -17.8258 -0.8000 0 0 1
5.7920 -17.8258 -0.8000 0 0 1
7.9288 -17.8633 -0.8000 0 0 1
8.0038 -17.8633 -0.8000 0 0 1
8.0038 -17.8258 -0.8000 0 0 1
7.9288 -17.8258 -0.8000 0 0 1
-7.9663 -17.9008 -0.8000 0 0 1
-7.8914 -17.9008 -0.8000 0 0 1
-7.8914 -17.8633 -0.8000 0 0 1
-7.9663 -17.8633 -0.8000 0 0 1
-5.8295 -17.9008 -0.8000 0 0 1
-5.7545 -17.9008 -0.8000 0 0 1
-5.7545 -17.8633 -0.8000 0 0 1
-5.8295 -17.8633 -0.8000 0 0 1
-0.0562 -17.9008 -0.8000 0 0 1
0.0937 -17.9008 -0.8000 0 0 1
0.0937 -17.8633 -0.8000 0 0 1
-0.0562 -17.8633 -0.8000 0 0 1
5.7920 -17.9008 -0.8000 0 0 1
5.8670 -17.9008 -0.8000 0 0 1
5.8670 -17.8633 -0.8000 0 0 1
5.7920 -17.8633 -0.8000 0 0 1
7.9288 -17.9008 -0.8000 0 0 1
8.0038 -17.9008 -0.8000 0 0 1
8.0038 -17.8633 -0.8000 0 0 1
7.9288 -17.8633 -0.8000 0 0 1
-5.8295 -17.9383 -0.8000 0 0 1
-5.7545 -17.9383 -0.8000 0 0 1
-5.7545 -17.9008 -0.8000 0 0 1
-5.8295 -17.9008 -0.8000 0 0 1
-0.0562 -17.9383 -0.8000 0 0 1
0.0937 -17.9383 -0.8000 0 0 1
0.0937 -17.9008 -0.8000 0 0 1
-0.0562 -17.9008 -0.8000 0 0 1
5.7920 -17.9383 -0.8000 0 0 1
5.8670 -17.9383 -0.8000 0 0 1
5.8670 -17.9008 -0.8000 0 0 1
5.7920 -17.9008 -0.8000 0 0 1
-5.8295 -17.9758 -0.8000 0 0 1
-5.7920 -17.9758 -0.8000 0 0 1
-5.7920 -17.9383 -0.8000 0 0 1
-5.8295 -17.9383 -0.8000 0 0 1
-0.0562 -17.9758 -0.8000 0 0 1
0.0937 -17.9758 -0.8000 0 0 1
0.0937 -17.9383 -0.8000 0 0 1
-0.0562 -17.9383 -0.8000 0 0 1
5.8295 -17.9758 -0.8000 0 0 1
5.8670 -17.9758 -0.8000 0 0 1
5.8670 -17.9383 -0.8000 0 0 1
5.8295 -17.9383 -0.8000 0 0 1
-5.8670 -18.0133 -0.8000 0 0 1
-5.7920 -18.0133 -0.8000 0 0 1
-5.7920 -17.9758 -0.8000 0 0 1
-5.8670 -17.9758 -0.8000 0 0 1
-0.0562 -18.0133 -0.8000 0 0 1
0.0937 -18.0133 -0.8000 0 0 1
0.0937 -17.9758 -0.8000 0 0 1
-0.0562 -17.9758 -0.8000 0 0 1
5.8295 -18.0133 -0.8000 0 0 1
5.9045 -18.0133 -0.8000 0 0 1
5.9045 -17.9758 -0.8000 0 0 1
5.8295 -17.9758 -0.8000 0 0 1
-5.8670 -18.0508 -0.8000 0 0 1
-5.7920 -18.0508 -0.8000 0 0 1
-5.7920 -18.0133 -0.8000 0 0 1
-5.8670 -18.0133 -0.8000 0 0 1
-0.0562 -18.0508 -0.8000 0 0 1
0.0937 -18.0508 -0.8000 0 0 1
0.0937 -18.0133 -0.8000 0 0 1
-0.0562 -18.0133 -0.8000 0 0 1
5.8295 -18.0508 -0.8000 0 0 1
5.9045 -18.0508 -0.8000 0 0 1
5.9045 -18.0133 -0.8000 0 0 1
5.8295 -18.0133 -0.8000 0 0 1
-5.8670 -18.0883 -0.8000 0 0 1
-5.8295 -18.0883 -0.8000 0 0 1
-5.8295 -18.0508 -0.8000 0 0 1
-5.8670 -18.0508 -0.8000 0 0 1
-3.8426 -18.0883 -0.8000 0 0 1
-3.8051 -18.0883 -0.8000 0 0 1
-3.8051 -18.0508 -0.8000 0 0 1
-3.8426 -18.0508 -0.8000 0 0 1
-0.0562 -18.0883 -0.8000 0 0 1
0.0937 -18.0883 -0.8000 0 0 1
0.0937 -18.0508 -0.8000 0 0 1
-0.0562 -18.0508 -0.8000 0 0 1
3.8426 -18.0883 -0.8000 0 0 1
3.8801 -18.0883 -0.8000 0 0 1
3.8801 -18.0508 -0.8000 0 0 1
3.8426 -18.0508 -0.8000 0 0 1
5.8670 -18.0883 -0.8000 0 0 1
5.9045 -18.0883 -0.8000 0 0 1
5.9045 -18.0508 -0.8000 0 0 1
5.8670 -18.0508 -0.8000 0 0 1
-5.9045 -18.1258 -0.8000 0 0 1
-5.8295 -18.1258 -0.8000 0 0 1
-5.8295 -18.0883 -0.8000 0 0 1
-5.9045 -18.0883 -0.8000 0 0 1
-3.8426 -18.1258 -0.8000 0 0 1
-3.8051 -18.1258 -0.8000 0 0 1
-3.8051 -18.0883 -0.8000 0 0 1
-3.8426 -18.0883 -0.8000 0 0 1
-0.0562 -18.1258 -0.8000 0 0 1
0.0937 -18.1258 -0.8000 0 0 1
0.0937 -18.0883 -0.8000 0 0 1
-0.0562 -18.0883 -0.8000 0 0 1
3.8426 -18.1258 -0.8000 0 0 1
3.8801 -18.1258 -0.8000 0 0 1
3.8801 -18.0883 -0.8000 0 0 1
3.8426 -18.0883 -0.8000 0 0 1
5.8670 -18.1258 -0.8000 0 0 1
5.9419 -18.1258 -0.8000 0 0 1
5.9419 -18.0883 -0.8000 0 0 1
5.8670 -18.0883 -0.8000 0 0 1
-5.9045 -18.1632 -0.8000 0 0 1
-5.8295 -18.1632 -0.8000 0 0 1
-5.8295 -18.1258 -0.8000 0 0 1
-5.9045 -18.1258 -0.8000 0 0 1
-3.8801 -18.1632 -0.8000 0 0 1
-3.8051 -18.1632 -0.8000 0 0 1
-3.8051 -18.1258 -0.8000 0 0 1
-3.8801 -18.1258 -0.8000 0 0 1
-0.0562 -18.1632 -0.8000 0 0 1
0.0937 -18.1632 -0.8000 0 0 1
0.0937 -18.1258 -0.8000 0 0 1
-0.0562 -18.1258 -0.8000 0 0 1
3.8426 -18.1632 -0.8000 0 0 1
3.9176 -18.1632 -0.8000 0 0 1
3.9176 -18.1258 -0.8000 0 0 1
3.8426 -18.1258 -0.8000 0 0 1
5.8670 -18.1632 -0.8000 0 0 1
5.9419 -18.1632 -0.8000 0 0 1
5.9419 -18.1258 -0.8000 0 0 1
5.8670 -18.1258 -0.8000 0 0 1
-5.9045 -18.2007 -0.8000 0 0 1
-5.8670 -18.2007 -0.8000 0 0 1
-5.8670 -18.1632 -0.8000 0 0 1
-5.9045 -18.1632 -0.8000 0 0 1
-3.8801 -18.2007 -0.8000 0 0 1
-3.8051 -18.2007 -0.8000 0 0 1
-3.8051 -18.1632 -0.8000 0 0 1
-3.8801 -18.1632 -0.8000 0 0 1
-0.0562 -18.2007 -0.8000 0 0 1
0.0937 -18.2007 -0.8000 0 0 1
0.0937 -18.1632 -0.8000 0 0 1
-0.0562 -18.1632 -0.8000 0 0 1
3.8426 -18.2007 -0.8000 0 0 1
3.9176 -18.2007 -0.8000 0 0 1
3.9176 -18.1632 -0.8000 0 0 1
3.8426 -18.1632 -0.8000 0 0 1
5.9045 -18.2007 -0.8000 0 0 1
5.9419 -18.2007 -0.8000 0 0 1
5.9419 -18.1632 -0.8000 0 0 1
5.9045 -18.1632 -0.8000 0 0 1
-5.9419 -18.2382 -0.8000 0 0 1
-5.8670 -18.2382 -0.8000 0 0 1
-5.8670 -18.2007 -0.8000 0 0 1
-5.9419 -18.2007 -0.8000 0 0 1
-3.8801 -18.2382 -0.8000 0 0 1
-3.8051 -18.2382 -0.8000 0 0 1
-3.8051 -18.2007 -0.8000 0 0 1
-3.8801 -18.2007 -0.8000 0 0 1
-0.0562 -18.2382 -0.8000 0 0 1
0.0937 -18.2382 -0.8000 0 0 1
0.0937 -18.2007 -0.8000 0 0 1
-0.0562 -18.2007 -0.8000 0 0 1
3.8426 -18.2382 -0.8000 0 0 1
3.9176 -18.2382 -0.8000 0 0 1
3.9176 -18.2007 -0.8000 0 0 1
3.8426 -18.2007 -0.8000 0 0 1
5.9045 -18.2382 -0.8000 0 0 1
5.9794 -18.2382 -0.8000 0 0 1
5.9794 -18.2007 -0.8000 0 0 1
5.9045 -18.2007 -0.8000 0 0 1
-5.9419 -18.2757 -0.8000 0 0 1
-5.8670 -18.2757 -0.8000 0 0 1
-5.8670 -18.2382 -0.8000 0 0 1
-5.9419 -18.2382 -0.8000 0 0 1
-3.8801 -18.2757 -0.8000 0 0 1
-3.8426 -18.2757 -0.8000 0 0 1
-3.8426 -18.2382 -0.8000 0 0 1
-3.8801 -18.2382 -0.8000 0 0 1
-0.0562 -18.2757 -0.8000 0 0 1
0.0937 -18.2757 -0.8000 0 0 1
0.0937 -18.2382 -0.8000 0 0 1
-0.0562 -18.2382 -0.8000 0 0 1
3.8801 -18.2757 -0.8000 0 0 1
3.9176 -18.2757 -0.8000 0 0 1
3.9176 -18.2382 -0.8000 0 0 1
3.8801 -18.2382 -0.8000 0 0 1
5.9045 -18.2757 -0.8000 0 0 1
5.9794 -18.2757 -0.8000 0 0 1
5.9794 -18.2382 -0.8000 0 0 1
5.9045 -18.2382 -0.8000 0 0 1
-5.9419 -18.3132 -0.8000 0 0 1
-5.9045 -18.3132 -0.8000 0 0 1
-5.9045 -18.2757 -0.8000 0 0 1
-5.9419 -18.2757 -0.8000 0 0 1
-3.8801 -18.3132 -0.8000 0 0 1
-3.8426 -18.3132 -0.8000 0 0 1
-3.8426 -18.2757 -0.8000 0 0 1
-3.8801 -18.2757 -0.8000 0 0 1
-0.0562 -18.3132 -0.8000 0 0 1
0.0937 -18.3132 -0.8000 0 0 1
0.0937 -18.2757 -0.8000 0 0 1
-0.0562 -18.2757 -0.8000 0 0 1
3.8801 -18.3132 -0.8000 0 0 1
3.9176 -18.3132 -0.8000 0 0 1
3.9176 -18.2757 -0.8000 0 0 1
3.8801 -18.2757 -0.8000 0 0 1
5.9419 -18.3132 -0.8000 0 0 1
5.9794 -18.3132 -0.8000 0 0 1
5.9794 -18.2757 -0.8000 0 0 1
5.9419 -18.2757 -0.8000 0 0 1
-5.9794 -18.3507 -0.8000 0 0 1
-5.9045 -18.3507 -0.8000 0 0 1
-5.9045 -18.3132 -0.8000 0 0 1
-5.9794 -18.3132 -0.8000 0 0 1
-3.9176 -18.3507 -0.8000 0 0 1
-3.8426 -18.3507 -0.8000 0 0 1
-3.8426 -18.3132 -0.8000 0 0 1
-3.9176 -18.3132 -0.8000 0 0 1
-0.0562 -18.3507 -0.8000 0 0 1
0.0937 -18.3507 -0.8000 0 0 1
0.0937 -18.3132 -0.8000 0 0 1
-0.0562 -18.3132 -0.8000 0 0 1
3.8801 -18.3507 -0.8000 0 0 1
3.9551 -18.3507 -0.8000 0 0 1
3.9551 -18.3132 -0.8000 0 0 1
3.8801 -18.3132 -0.8000 0 0 1
5.9419 -18.3507 -0.8000 0 0 1
6.0169 -18.3507 -0.8000 0 0 1
6.0169 -18.3132 -0.8000 0 0 1
5.9419 -18.3132 -0.8000 0 0 1
-5.9794 -18.3882 -0.8000 0 0 1
-5.9045 -18.3882 -0.8000 0 0 1
-5.9045 -18.3507 -0.8000 0 0 1
-5.9794 -18.3507 -0.8000 0 0 1
-3.9176 -18.3882 -0.8000 0 0 1
-3.8426 -18.3882 -0.8000 0 0 1
-3.8426 -18.3507 -0.8000 0 0 1
-3.9176 -18.3507 -0.8000 0 0 1
-0.0562 -18.3882 -0.8000 0 0 1
0.0937 -18.3882 -0.8000 0 0 1
0.0937 -18.3507 -0.8000 0 0 1
-0.0562 -18.3507 -0.8000 0 0 1
3.8801 -18.3882 -0.8000 0 0 1
3.9551 -18.3882 -0.8000 0 0 1
3.9551 -18.3507 -0.8000 0 0 1
3.8801 -18.3507 -0.8000 0 0 1
5.9419 -18.3882 -0.8000 0 0 1
6.0169 -18.3882 -0.8000 0 0 1
6.0169 -18.3507 -0.8000 0 0 1
5.9419 -18.3507 -0.8000 0 0 1
-5.9794 -18.4257 -0.8000 0 0 1
-5.9419 -18.4257 -0.8000 0 0 1
-5.9419 -18.3882 -0.8000 0 0 1
-5.9794 -18.3882 -0.8000 0 0 1
-3.9176 -18.4257 -0.8000 0 0 1
-3.8426 -18.4257 -0.8000 0 0 1
-3.8426 -18.3882 -0.8000 0 0 1
-3.9176 -18.3882 -0.8000 0 0 1
-1.9307 -18.4257 -0.8000 0 0 1
-1.8932 -18.4257 -0.8000 0 0 1
-1.8932 -18.3882 -0.8000 0 0 1
-1.9307 -18.3882 -0.8000 0 0 1
-0.0562 -18.4257 -0.8000 0 0 1
0.0937 -18.4257 -0.8000 0 0 1
0.0937 -18.3882 -0.8000 0 0 1
-0.0562 -18.3882 -0.8000 0 0 1
1.9307 -18.4257 -0.8000 0 0 1
1.9682 -18.4257 -0.8000 0 0 1
1.9682 -18.3882 -0.8000 0 0 1
1.9307 -18.3882 -0.8000 0 0 1
3.8801 -18.4257 -0.8000 0 0 1
3.9551 -18.4257 -0.8000 0 0 1
3.9551 -18.3882 -0.8000 0 0 1
3.8801 -18.3882 -0.8000 0 0 1
5.9794 -18.4257 -0.8000 0 0 1
6.0169 -18.4257 -0.8000 0 0 1
6.0169 -18.3882 -0.8000 0 0 1
5.9794 -18.3882 -0.8000 0 0 1
-5.9794 -18.4631 -0.8000 0 0 1
-5.9419 -18.4631 -0.8000 0 0 1
-5.9419 -18.4257 -0.8000 0 0 1
-5.9794 -18.4257 -0.8000 0 0 1
-3.9176 -18.4631 -0.8000 0 0 1
-3.8801 -18.4631 -0.8000 0 0 1
-3.8801 -18.4257 -0.8000 0 0 1
-3.9176 -18.4257 -0.8000 0 0 1
-1.9307 -18.4631 -0.8000 0 0 1
-1.8932 -18.4631 -0.8000 0 0 1
-1.8932 -18.4257 -0.8000 0 0 1
-1.9307 -18.4257 -0.8000 0 0 1
-0.0562 -18.4631 -0.8000 0 0 1
0.0937 -18.4631 -0.8000 0 0 1
0.0937 -18.4257 -0.8000 0 0 1
-0.0562 -18.4257 -0.8000 0 0 1
1.9307 -18.4631 -0.8000 0 0 1
1.9682 -18.4631 -0.8000 0 0 1
1.9682 -18.4257 -0.8000 0 0 1
1.9307 -18.4257 -0.8000 0 0 1
3.9176 -18.4631 -0.8000 0 0 1
3.9551 -18.4631 -0.8000 0 0 1
3.9551 -18.4257 -0.8000 0 0 1
3.9176 -18.4257 -0.8000 0 0 1
5.9794 -18.4631 -0.8000 0 0 1
6.0169 -18.4631 -0.8000 0 0 1
6.0169 -18.4257 -0.8000 0 0 1
5.9794 -18.4257 -0.8000 0 0 1
-6.0169 -18.5006 -0.8000 0 0 1
-5.9419 -18.5006 -0.8000 0 0 1
-5.9419 -18.4631 -0.8000 0 0 1
-6.0169 -18.4631 -0.8000 0 0 1
-3.9176 -18.5006 -0.8000 0 0 1
-3.8801 -18.5006 -0.8000 0 0 1
-3.8801 -18.4631 -0.8000 0 0 1
-3.9176 -18.4631 -0.8000 0 0 1
-1.9682 -18.5006 -0.8000 0 0 1
-1.8932 -18.5006 -0.8000 0 0 1
-1.8932 -18.4631 -0.8000 0 0 1
-1.9682 -18.4631 -0.8000 0 0 1
-0.0562 -18.5006 -0.8000 0 0 1
0.0937 -18.5006 -0.8000 0 0 1
0.0937 -18.4631 -0.8000 0 0 1
-0.0562 -18.4631 -0.8000 0 0 1
1.9307 -18.5006 -0.8000 0 0 1
2.0056 -18.5006 -0.8000 0 0 1
2.0056 -18.4631 -0.8000 0 0 1
1.9307 -18.4631 -0.8000 0 0 1
3.9176 -18.5006 -0.8000 0 0 1
3.9551 -18.5006 -0.8000 0 0 1
3.9551 -18.4631 -0.8000 0 0 1
3.9176 -18.4631 -0.8000 0 0 1
5.9794 -18.5006 -0.8000 0 0 1
6.0544 -18.5006 -0.8000 0 0 1
6.0544 -18.4631 -0.8000 0 0 1
5.9794 -18.4631 -0.8000 0 0 1
-6.0169 -18.5381 -0.8000 0 0 1
-5.9794 -18.5381 -0.8000 0 0 1
-5.9794 -18.5006 -0.8000 0 0 1
-6.0169 -18.5006 -0.8000 0 0 1
-3.9551 -18.5381 -0.8000 0 0 1
-3.8801 -18.5381 -0.8000 0 0 1
-3.8801 -18.5006 -0.8000 0 0 1
-3.9551 -18.5006 -0.8000 0 0 1
-1.9682 -18.5381 -0.8000 0 0 1
-1.8932 -18.5381 -0.8000 0 0 1
-1.8932 -18.5006 -0.8000 0 0 1
-1.9682 -18.5006 -0.8000 0 0 1
-0.0562 -18.5381 -0.8000 0 0 1
0.0937 -18.5381 -0.8000 0 0 1
0.0937 -18.5006 -0.8000 0 0 1
-0.0562 -18.5006 -0.8000 0 0 1
1.9307 -18.5381 -0.8000 0 0 1
2.0056 -18.5381 -0.8000 0 0 1
2.0056 -18.5006 -0.8000 0 0 1
1.9307 -18.5006 -0.8000 0 0 1
3.9176 -18.5381 -0.8000 0 0 1
3.9925 -18.5381 -0.8000 0 0 1
3.9925 -18.5006 -0.8000 0 0 1
3.9176 -18.5006 -0.8000 0 0 1
6.0169 -18.5381 -0.8000 0 0 1
6.0544 -18.5381 -0.8000 0 0 1
6.0544 -18.5006 -0.8000 0 0 1
6.0169 -18.5006 -0.8000 0 0 1
-6.0169 -18.5756 -0.8000 0 0 1
-5.9794 -18.5756 -0.8000 0 0 1
-5.9794 -18.5381 -0.8000 0 0 1
-6.0169 -18.5381 -0.8000 0 0 1
-3.9551 -18.5756 -0.8000 0 0 1
-3.8801 -18.5756 -0.8000 0 0 1
-3.8801 -18.5381 -0.8000 0 0 1
-3.9551 -18.5381 -0.8000 0 0 1
-1.9682 -18.5756 -0.8000 0 0 1
-1.8932 -18.5756 -0.8000 0 0 1
-1.8932 -18.5381 -0.8000 0 0 1
-1.9682 -18.5381 -0.8000 0 0 1
-0.0562 -18.5756 -0.8000 0 0 1
0.0937 -18.5756 -0.8000 0 0 1
0.0937 -18.5381 -0.8000 0 0 1
-0.0562 -18.5381 -0.8000 0 0 1
1.9307 -18.5756 -0.8000 0 0 1
2.0056 -18.5756 -0.8000 0 0 1
2.0056 -18.5381 -0.8000 0 0 1
1.9307 -18.5381 -0.8000 0 0 1
3.9176 -18.5756 -0.8000 0 0 1
3.9925 -18.5756 -0.8000 0 0 1
3.9925 -18.5381 -0.8000 0 0 1
3.9176 -18.5381 -0.8000 0 0 1
6.0169 -18.5756 -0.8000 0 0 1
6.0544 -18.5756 -0.8000 0 0 1
6.0544 -18.5381 -0.8000 0 0 1
6.0169 -18.5381 -0.8000 0 0 1
-6.0544 -18.6131 -0.8000 0 0 1
-5.9794 -18.6131 -0.8000 0 0 1
-5.9794 -18.5756 -0.8000 0 0 1
-6.0544 -18.5756 -0.8000 0 0 1
-3.9551 -18.6131 -0.8000 0 0 1
-3.9176 -18.6131 -0.8000 0 0 1
-3.9176 -18.5756 -0.8000 0 0 1
-3.9551 -18.5756 -0.8000 0 0 1
-1.9682 -18.6131 -0.8000 0 0 1
-1.8932 -18.6131 -0.8000 0 0 1
-1.8932 -18.5756 -0.8000 0 0 1
-1.9682 -18.5756 -0.8000 0 0 1
-0.0562 -18.6131 -0.8000 0 0 1
0.0937 -18.6131 -0.8000 0 0 1
0.0937 -18.5756 -0.8000 0 0 1
-0.0562 -18.5756 -0.8000 0 0 1
1.9307 -18.6131 -0.8000 0 0 1
2.0056 -18.6131 -0.8000 0 0 1
2.0056 -18.5756 -0.8000 0 0 1
1.9307 -18.5756 -0.8000 0 0 1
3.9551 -18.6131 -0.8000 0 0 1
3.9925 -18.6131 -0.8000 0 0 1
3.9925 -18.5756 -0.8000 0 0 1
3.9551 -18.5756 -0.8000 0 0 1
6.0169 -18.6131 -0.8000 0 0 1
6.0919 -18.6131 -0.8000 0 0 1
6.0919 -18.5756 -0.8000 0 0 1
6.0169 -18.5756 -0.8000 0 0 1
-6.0544 -18.6506 -0.8000 0 0 1
-6.0169 -18.6506 -0.8000 0 0 1
-6.0169 -18.6131 -0.8000 0 0 1
-6.0544 -18.6131 -0.8000 0 0 1
-3.9551 -18.6506 -0.8000 0 0 1
-3.9176 -18.6506 -0.8000 0 0 1
-3.9176 -18.6131 -0.8000 0 0 1
-3.9551 -18.6131 -0.8000 0 0 1
-1.9682 -18.6506 -0.8000 0 0 1
-1.8932 -18.6506 -0.8000 0 0 1
-1.8932 -18.6131 -0.8000 0 0 1
-1.9682 -18.6131 -0.8000 0 0 1
-0.0562 -18.6506 -0.8000 0 0 1
0.0937 -18.6506 -0.8000 0 0 1
0.0937 -18.6131 -0.8000 0 0 1
-0.0562 -18.6131 -0.8000 0 0 1
1.9307 -18.6506 -0.8000 0 0 1
2.0056 -18.6506 -0.8000 0 0 1
2.0056 -18.6131 -0.8000 0 0 1
1.9307 -18.6131 -0.8000 0 0 1
3.9551 -18.6506 -0.8000 0 0 1
3.9925 -18.6506 -0.8000 0 0 1
3.9925 -18.6131 -0.8000 0 0 1
3.9551 -18.6131 -0.8000 0 0 1
6.0544 -18.6506 -0.8000 0 0 1
6.0919 -18.6506 -0.8000 0 0 1
6.0919 -18.6131 -0.8000 0 0 1
6.0544 -18.6131 -0.8000 0 0 1
-3.9925 -18.6881 -0.8000 0 0 1
-3.9176 -18.6881 -0.8000 0 0 1
-3.9176 -18.6506 -0.8000 0 0 1
-3.9925 -18.6506 -0.8000 0 0 1
-1.9682 -18.6881 -0.8000 0 0 1
-1.9307 -18.6881 -0.8000 0 0 1
-1.9307 -18.6506 -0.8000 0 0 1
-1.9682 -18.6506 -0.8000 0 0 1
-0.0562 -18.6881 -0.8000 0 0 1
0.0937 -18.6881 -0.8000 0 0 1
0.0937 -18.6506 -0.8000 0 0 1
-0.0562 -18.6506 -0.8000 0 0 1
1.9682 -18.6881 -0.8000 0 0 1
2.0056 -18.6881 -0.8000 0 0 1
2.0056 -18.6506 -0.8000 0 0 1
1.9682 -18.6506 -0.8000 0 0 1
3.9551 -18.6881 -0.8000 0 0 1
4.0300 -18.6881 -0.8000 0 0 1
4.0300 -18.6506 -0.8000 0 0 1
3.9551 -18.6506 -0.8000 0 0 1
-3.9925 -18.7256 -0.8000 0 0 1
-3.9176 -18.7256 -0.8000 0 0 1
-3.9176 -18.6881 -0.8000 0 0 1
-3.9925 -18.6881 -0.8000 0 0 1
-1.9682 -18.7256 -0.8000 0 0 1
-1.9307 -18.7256 -0.8000 0 0 1
-1.9307 -18.6881 -0.8000 0 0 1
-1.9682 -18.6881 -0.8000 0 0 1
-0.0562 -18.7256 -0.8000 0 0 1
0.0937 -18.7256 -0.8000 0 0 1
0.0937 -18.6881 -0.8000 0 0 1
-0.0562 -18.6881 -0.8000 0 0 1
1.9682 -18.7256 -0.8000 0 0 1
2.0056 -18.7256 -0.8000 0 0 1
2.0056 -18.6881 -0.8000 0 0 1
1.9682 -18.6881 -0.8000 0 0 1
3.9551 -18.7256 -0.8000 0 0 1
4.0300 -18.7256 -0.8000 0 0 1
4.0300 -18.6881 -0.8000 0 0 1
3.9551 -18.6881 -0.8000 0 0 1
-3.9925 -18.7631 -0.8000 0 0 1
-3.9176 -18.7631 -0.8000 0 0 1
-3.9176 -18.7256 -0.8000 0 0 1
-3.9925 -18.7256 -0.8000 0 0 1
-1.9682 -18.7631 -0.8000 0 0 1
-1.9307 -18.7631 -0.8000 0 0 1
-1.9307 -18.7256 -0.8000 0 0 1
-1.9682 -18.7256 -0.8000 0 0 1
-0.0562 -18.7631 -0.8000 0 0 1
0.0937 -18.7631 -0.8000 0 0 1
0.0937 -18.7256 -0.8000 0 0 1
-0.0562 -18.7256 -0.8000 0 0 1
1.9682 -18.7631 -0.8000 0 0 1
2.0056 -18.7631 -0.8000 0 0 1
2.0056 -18.7256 -0.8000 0 0 1
1.9682 -18.7256 -0.8000 0 0 1
3.9551 -18.7631 -0.8000 0 0 1
4.0300 -18.7631 -0.8000 0 0 1
4.0300 -18.7256 -0.8000 0 0 1
3.9551 -18.7256 -0.8000 0 0 1
-3.9925 -18.8005 -0.8000 0 0 1
-3.9551 -18.8005 -0.8000 0 0 1
-3.9551 -18.7631 -0.8000 0 0 1
-3.9925 -18.7631 -0.8000 0 0 1
-1.9682 -18.8005 -0.8000 0 0 1
-1.9307 -18.8005 -0.8000 0 0 1
-1.9307 -18.7631 -0.8000 0 0 1
-1.9682 -18.7631 -0.8000 0 0 1
-0.0562 -18.8005 -0.8000 0 0 1
0.0937 -18.8005 -0.8000 0 0 1
0.0937 -18.7631 -0.8000 0 0 1
-0.0562 -18.7631 -0.8000 0 0 1
1.9682 -18.8005 -0.8000 0 0 1
2.0056 -18.8005 -0.8000 0 0 1
2.0056 -18.7631 -0.8000 0 0 1
1.9682 -18.7631 -0.8000 0 0 1
3.9925 -18.8005 -0.8000 0 0 1
4.0300 -18.8005 -0.8000 0 0 1
4.0300 -18.7631 -0.8000 0 0 1
3.9925 -18.7631 -0.8000 0 0 1
-3.9925 -18.8380 -0.8000 0 0 1
-3.9551 -18.8380 -0.8000 0 0 1
-3.9551 -18.8005 -0.8000 0 0 1
-3.9925 -18.8005 -0.8000 0 0 1
-1.9682 -18.8380 -0.8000 0 0 1
-1.9307 -18.8380 -0.8000 0 0 1
-1.9307 -18.8005 -0.8000 0 0 1
-1.9682 -18.8005 -0.8000 0 0 1
-0.0562 -18.8380 -0.8000 0 0 1
0.0937 -18.8380 -0.8000 0 0 1
0.0937 -18.8005 -0.8000 0 0 1
-0.0562 -18.8005 -0.8000 0 0 1
1.9682 -18.8380 -0.8000 0 0 1
2.0056 -18.8380 -0.8000 0 0 1
2.0056 -18.8005 -0.8000 0 0 1
1.9682 -18.8005 -0.8000 0 0 1
3.9925 -18.8380 -0.8000 0 0 1
4.0300 -18.8380 -0.8000 0 0 1
4.0300 -18.8005 -0.8000 0 0 1
3.9925 -18.8005 -0.8000 0 0 1
-4.0300 -18.8755 -0.8000 0 0 1
-3.9551 -18.8755 -0.8000 0 0 1
-3.9551 -18.8380 -0.8000 0 0 1
-4.0300 -18.8380 -0.8000 0 0 1
-2.0056 -18.8755 -0.8000 0 0 1
-1.9307 -18.8755 -0.8000 0 0 1
-1.9307 -18.8380 -0.8000 0 0 1
-2.0056 -18.8380 -0.8000 0 0 1
-0.0562 -18.8755 -0.8000 0 0 1
0.0937 -18.8755 -0.8000 0 0 1
0.0937 -18.8380 -0.8000 0 0 1
-0.0562 -18.8380 -0.8000 0 0 1
1.9682 -18.8755 -0.8000 0 0 1
2.0431 -18.8755 -0.8000 0 0 1
2.0431 -18.8380 -0.8000 0 0 1
1.9682 -18.8380 -0.8000 0 0 1
3.9925 -18.8755 -0.8000 0 0 1
4.0675 -18.8755 -0.8000 0 0 1
4.0675 -18.8380 -0.8000 0 0 1
3.9925 -18.8380 -0.8000 0 0 1
-4.0300 -18.9130 -0.8000 0 0 1
-3.9551 -18.9130 -0.8000 0 0 1
-3.9551 -18.8755 -0.8000 0 0 1
-4.0300 -18.8755 -0.8000 0 0 1
-2.0056 -18.9130 -0.8000 0 0 1
-1.9307 -18.9130 -0.8000 0 0 1
-1.9307 -18.8755 -0.8000 0 0 1
-2.0056 -18.8755 -0.8000 0 0 1
-0.0562 -18.9130 -0.8000 0 0 1
0.0937 -18.9130 -0.8000 0 0 1
0.0937 -18.8755 -0.8000 0 0 1
-0.0562 -18.8755 -0.8000 0 0 1
1.9682 -18.9130 -0.8000 0 0 1
2.0431 -18.9130 -0.8000 0 0 1
2.0431 -18.8755 -0.8000 0 0 1
1.9682 -18.8755 -0.8000 0 0 1
3.9925 -18.9130 -0.8000 0 0 1
4.0675 -18.9130 -0.8000 0 0 1
4.0675 -18.8755 -0.8000 0 0 1
3.9925 -18.8755 -0.8000 0 0 1
-4.0300 -18.9505 -0.8000 0 0 1
-3.9551 -18.9505 -0.8000 0 0 1
-3.9551 -18.9130 -0.8000 0 0 1
-4.0300 -18.9130 -0.8000 0 0 1
-2.0056 -18.9505 -0.8000 0 0 1
-1.9307 -18.9505 -0.8000 0 0 1
-1.9307 -18.9130 -0.8000 0 0 1
-2.0056 -18.9130 -0.8000 0 0 1
-0.0562 -18.9505 -0.8000 0 0 1
0.0937 -18.9505 -0.8000 0 0 1
0.0937 -18.9130 -0.8000 0 0 1
-0.0562 -18.9130 -0.8000 0 0 1
1.9682 -18.9505 -0.8000 0 0 1
2.0431 -18.9505 -0.8000 0 0 1
2.0431 -18.9130 -0.8000 0 0 1
1.9682 -18.9130 -0.8000 0 0 1
3.9925 -18.9505 -0.8000 0 0 1
4.0675 -18.9505 -0.8000 0 0 1
4.0675 -18.9130 -0.8000 0 0 1
3.9925 -18.9130 -0.8000 0 0 1
-4.0300 -18.9880 -0.8000 0 0 1
-3.9925 -18.9880 -0.8000 0 0 1
-3.9925 -18.9505 -0.8000 0 0 1
-4.0300 -18.9505 -0.8000 0 0 1
-2.0056 -18.9880 -0.8000 0 0 1
-1.9307 -18.9880 -0.8000 0 0 1
-1.9307 -18.9505 -0.8000 0 0 1
-2.0056 -18.9505 -0.8000 0 0 1
-0.0562 -18.9880 -0.8000 0 0 1
0.0937 -18.9880 -0.8000 0 0 1
0.0937 -18.9505 -0.8000 0 0 1
-0.0562 -18.9505 -0.8000 0 0 1
1.9682 -18.9880 -0.8000 0 0 1
2.0431 -18.9880 -0.8000 0 0 1
2.0431 -18.9505 -0.8000 0 0 1
1.9682 -18.9505 -0.8000 0 0 1
4.0300 -18.9880 -0.8000 0 0 1
4.0675 -18.9880 -0.8000 0 0 1
4.0675 -18.9505 -0.8000 0 0 1
4.0300 -18.9505 -0.8000 0 0 1
-4.0300 -19.0255 -0.8000 0 0 1
-3.9925 -19.0255 -0.8000 0 0 1
-3.9925 -18.9880 -0.8000 0 0 1
-4.0300 -18.9880 -0.8000 0 0 1
-2.0056 -19.0255 -0.8000 0 0 1
-1.9307 -19.0255 -0.8000 0 0 1
-1.9307 -18.9880 -0.8000 0 0 1
-2.0056 -18.9880 -0.8000 0 0 1
-0.0562 -19.0255 -0.8000 0 0 1
0.0937 -19.0255 -0.8000 0 0 1
0.0937 -18.9880 -0.8000 0 0 1
-0.0562 -18.9880 -0.8000 0 0 1
1.9682 -19.0255 -0.8000 0 0 1
2.0431 -19.0255 -0.8000 0 0 1
2.0431 -18.9880 -0.8000 0 0 1
1.9682 -18.9880 -0.8000 0 0 1
4.0300 -19.0255 -0.8000 0 0 1
4.0675 -19.0255 -0.8000 0 0 1
4.0675 -18.9880 -0.8000 0 0 1
4.0300 -18.9880 -0.8000 0 0 1
-4.0675 -19.0630 -0.8000 0 0 1
-3.9925 -19.0630 -0.8000 0 0 1
-3.9925 -19.0255 -0.8000 0 0 1
-4.0675 -19.0255 -0.8000 0 0 1
-2.0056 -19.0630 -0.8000 0 0 1
-1.9682 -19.0630 -0.8000 0 0 1
-1.9682 -19.0255 -0.8000 0 0 1
-2.0056 -19.0255 -0.8000 0 0 1
-0.0562 -19.0630 -0.8000 0 0 1
0.0937 -19.0630 -0.8000 0 0 1
0.0937 -19.0255 -0.8000 0 0 1
-0.0562 -19.0255 -0.8000 0 0 1
2.0056 -19.0630 -0.8000 0 0 1
2.0431 -19.0630 -0.8000 0 0 1
2.0431 -19.0255 -0.8000 0 0 1
2.0056 -19.0255 -0.8000 0 0 1
4.0300 -19.0630 -0.8000 0 0 1
4.1050 -19.0630 -0.8000 0 0 1
4.1050 -19.0255 -0.8000 0 0 1
4.0300 -19.0255 -0.8000 0 0 1
-4.0675 -19.1005 -0.8000 0 0 1
-3.9925 -19.1005 -0.8000 0 0 1
-3.9925 -19.0630 -0.8000 0 0 1
-4.0675 -19.0630 -0.8000 0 0 1
-2.0056 -19.1005 -0.8000 0 0 1
-1.9682 -19.1005 -0.8000 0 0 1
-1.9682 -19.0630 -0.8000 0 0 1
-2.0056 -19.0630 -0.8000 0 0 1
-0.0562 -19.1005 -0.8000 0 0 1
0.0937 -19.1005 -0.8000 0 0 1
0.0937 -19.0630 -0.8000 0 0 1
-0.0562 -19.0630 -0.8000 0 0 1
2.0056 -19.1005 -0.8000 0 0 1
2.0431 -19.1005 -0.8000 0 0 1
2.0431 -19.0630 -0.8000 0 0 1
2.0056 -19.0630 -0.8000 0 0 1
4.0300 -19.1005 -0.8000 0 0 1
4.1050 -19.1005 -0.8000 0 0 1
4.1050 -19.0630 -0.8000 0 0 1
4.0300 -19.0630 -0.8000 0 0 1
-4.0675 -19.1379 -0.8000 0 0 1
-4.0300 -19.1379 -0.8000 0 0 1
-4.0300 -19.1005 -0.8000 0 0 1
-4.0675 -19.1005 -0.8000 0 0 1
-2.0056 -19.1379 -0.8000 0 0 1
-1.9682 -19.1379 -0.8000 0 0 1
-1.9682 -19.1005 -0.8000 0 0 1
-2.0056 -19.1005 -0.8000 0 0 1
-0.0562 -19.1379 -0.8000 0 0 1
0.0937 -19.1379 -0.8000 0 0 1
0.0937 -19.1005 -0.8000 0 0 1
-0.0562 -19.1005 -0.8000 0 0 1
2.0056 -19.1379 -0.8000 0 0 1
2.0431 -19.1379 -0.8000 0 0 1
2.0431 -19.1005 -0.8000 0 0 1
2.0056 -19.1005 -0.8000 0 0 1
4.0675 -19.1379 -0.8000 0 0 1
4.1050 -19.1379 -0.8000 0 0 1
4.1050 -19.1005 -0.8000 0 0 1
4.0675 -19.1005 -0.8000 0 0 1
-4.0675 -19.1754 -0.8000 0 0 1
-4.0300 -19.1754 -0.8000 0 0 1
-4.0300 -19.1379 -0.8000 0 0 1
-4.0675 -19.1379 -0.8000 0 0 1
-2.0056 -19.1754 -0.8000 0 0 1
-1.9682 -19.1754 -0.8000 0 0 1
-1.9682 -19.1379 -0.8000 0 0 1
-2.0056 -19.1379 -0.8000 0 0 1
-0.0562 -19.1754 -0.8000 0 0 1
0.0937 -19.1754 -0.8000 0 0 1
0.0937 -19.1379 -0.8000 0 0 1
-0.0562 -19.1379 -0.8000 0 0 1
2.0056 -19.1754 -0.8000 0 0 1
2.0431 -19.1754 -0.8000 0 0 1
2.0431 -19.1379 -0.8000 0 0 1
2.0056 -19.1379 -0.8000 0 0 1
4.0675 -19.1754 -0.8000 0 0 1
4.1050 -19.1754 -0.8000 0 0 1
4.1050 -19.1379 -0.8000 0 0 1
4.0675 -19.1379 -0.8000 0 0 1
-2.0431 -19.2129 -0.8000 0 0 1
-1.9682 -19.2129 -0.8000 0 0 1
-1.9682 -19.1754 -0.8000 0 0 1
-2.0431 -19.1754 -0.8000 0 0 1
-0.0562 -19.2129 -0.8000 0 0 1
0.0937 -19.2129 -0.8000 0 0 1
0.0937 -19.1754 -0.8000 0 0 1
-0.0562 -19.1754 -0.8000 0 0 1
2.0056 -19.2129 -0.8000 0 0 1
2.0806 -19.2129 -0.8000 0 0 1
2.0806 -19.1754 -0.8000 0 0 1
2.0056 -19.1754 -0.8000 0 0 1
-2.0431 -19.2504 -0.8000 0 0 1
-1.9682 -19.2504 -0.8000 0 0 1
-1.9682 -19.2129 -0.8000 0 0 1
-2.0431 -19.2129 -0.8000 0 0 1
-0.0562 -19.2504 -0.8000 0 0 1
0.0937 -19.2504 -0.8000 0 0 1
0.0937 -19.2129 -0.8000 0 0 1
-0.0562 -19.2129 -0.8000 0 0 1
2.0056 -19.2504 -0.8000 0 0 1
2.0806 -19.2504 -0.8000 0 0 1
2.0806 -19.2129 -0.8000 0 0 1
2.0056 -19.2129 -0.8000 0 0 1
-2.0431 -19.2879 -0.8000 0 0 1
-1.9682 -19.2879 -0.8000 0 0 1
-1.9682 -19.2504 -0.8000 0 0 1
-2.0431 -19.2504 -0.8000 0 0 1
-0.0562 -19.2879 -0.8000 0 0 1
0.0937 -19.2879 -0.8000 0 0 1
0.0937 -19.2504 -0.8000 0 0 1
-0.0562 -19.2504 -0.8000 0 0 1
2.0056 -19.2879 -0.8000 0 0 1
2.0806 -19.2879 -0.8000 0 0 1
2.0806 -19.2504 -0.8000 0 0 1
2.0056 -19.2504 -0.8000 0 0 1
-2.0431 -19.3254 -0.8000 0 0 1
-1.9682 -19.3254 -0.8000 0 0 1
-1.9682 -19.2879 -0.8000 0 0 1
-2.0431 -19.2879 -0.8000 0 0 1
-0.0562 -19.3254 -0.8000 0 0 1
0.0937 -19.3254 -0.8000 0 0 1
0.0937 -19.2879 -0.8000 0 0 1
-0.0562 -19.2879 -0.8000 0 0 1
2.0056 -19.3254 -0.8000 0 0 1
2.0806 -19.3254 -0.8000 0 0 1
2.0806 -19.2879 -0.8000 0 0 1
2.0056 -19.2879 -0.8000 0 0 1
-2.0431 -19.3629 -0.8000 0 0 1
-1.9682 -19.3629 -0.8000 0 0 1
-1.9682 -19.3254 -0.8000 0 0 1
-2.0431 -19.3254 -0.8000 0 0 1
-0.0562 -19.3629 -0.8000 0 0 1
0.0937 -19.3629 -0.8000 0 0 1
0.0937 -19.3254 -0.8000 0 0 1
-0.0562 -19.3254 -0.8000 0 0 1
2.0056 -19.3629 -0.8000 0 0 1
2.0806 -19.3629 -0.8000 0 0 1
2.0806 -19.3254 -0.8000 0 0 1
2.0056 -19.3254 -0.8000 0 0 1
-2.0431 -19.4004 -0.8000 0 0 1
-2.0056 -19.4004 -0.8000 0 0 1
-2.0056 -19.3629 -0.8000 0 0 1
-2.0431 -19.3629 -0.8000 0 0 1
-0.0562 -19.4004 -0.8000 0 0 1
0.0937 -19.4004 -0.8000 0 0 1
0.0937 -19.3629 -0.8000 0 0 1
-0.0562 -19.3629 -0.8000 0 0 1
2.0431 -19.4004 -0.8000 0 0 1
2.0806 -19.4004 -0.8000 0 0 1
2.0806 -19.3629 -0.8000 0 0 1
2.0431 -19.3629 -0.8000 0 0 1
-2.0431 -19.4379 -0.8000 0 0 1
-2.0056 -19.4379 -0.8000 0 0 1
-2.0056 -19.4004 -0.8000 0 0 1
-2.0431 -19.4004 -0.8000 0 0 1
-0.0562 -19.4379 -0.8000 0 0 1
0.0937 -19.4379 -0.8000 0 0 1
0.0937 -19.4004 -0.8000 0 0 1
-0.0562 -19.4004 -0.8000 0 0 1
2.0431 -19.4379 -0.8000 0 0 1
2.0806 -19.4379 -0.8000 0 0 1
2.0806 -19.4004 -0.8000 0 0 1
2.0431 -19.4004 -0.8000 0 0 1
-2.0431 -19.4753 -0.8000 0 0 1
-2.0056 -19.4753 -0.8000 0 0 1
-2.0056 -19.4379 -0.8000 0 0 1
-2.0431 -19.4379 -0.8000 0 0 1
-0.0562 -19.4753 -0.8000 0 0 1
0.0937 -19.4753 -0.8000 0 0 1
0.0937 -19.4379 -0.8000 0 0 1
-0.0562 -19.4379 -0.8000 0 0 1
2.0431 -19.4753 -0.8000 0 0 1
2.0806 -19.4753 -0.8000 0 0 1
2.0806 -19.4379 -0.8000 0 0 1
2.0431 -19.4379 -0.8000 0 0 1
-2.0431 -19.5128 -0.8000 0 0 1
-2.0056 -19.5128 -0.8000 0 0 1
-2.0056 -19.4753 -0.8000 0 0 1
-2.0431 -19.4753 -0.8000 0 0 1
-0.0562 -19.5128 -0.8000 0 0 1
0.0937 -19.5128 -0.8000 0 0 1
0.0937 -19.4753 -0.8000 0 0 1
-0.0562 -19.4753 -0.8000 0 0 1
2.0431 -19.5128 -0.8000 0 0 1
2.0806 -19.5128 -0.8000 0 0 1
2.0806 -19.4753 -0.8000 0 0 1
2.0431 -19.4753 -0.8000 0 0 1
-0.0562 -19.5503 -0.8000 0 0 1
0.0937 -19.5503 -0.8000 0 0 1
0.0937 -19.5128 -0.8000 0 0 1
-0.0562 -19.5128 -0.8000 0 0 1
-0.0562 -19.5878 -0.8000 0 0 1
0.0937 -19.5878 -0.8000 0 0 1
0.0937 -19.5503 -0.8000 0 0 1
-0.0562 -19.5503 -0.8000 0 0 1
-0.0562 -19.6253 -0.8000 0 0 1
0.0937 -19.6253 -0.8000 0 0 1
0.0937 -19.5878 -0.8000 0 0 1
-0.0562 -19.5878 -0.8000 0 0 1
-0.0562 -19.6628 -0.8000 0 0 1
0.0937 -19.6628 -0.8000 0 0 1
0.0937 -19.6253 -0.8000 0 0 1
-0.0562 -19.6253 -0.8000 0 0 1
-0.0562 -19.7003 -0.8000 0 0 1
0.0937 -19.7003 -0.8000 0 0 1
0.0937 -19.6628 -0.8000 0 0 1
-0.0562 -19.6628 -0.8000 0 0 1
3 0 1 2
3 0 2 3
3 4 5 6
3 4 6 7
3 8 9 10
3 8 10 11
3 12 13 14
3 12 14 15
3 16 17 18
3 16 18 19
3 20 21 22
3 20 22 23
3 24 25 26
3 24 26 27
3 28 29 30
3 28 30 31
3 32 33 34
3 32 34 35
3 36 37 38
3 36 38 39
3 40 41 42
3 40 42 43
3 44 45 46
3 44 46 47
3 48 49 50
3 48 50 51
3 52 53 54
3 52 54 55
3 56 57 58
3 56 58 59
3 60 61 62
3 60 62 63
3 64 65 66
3 64 66 67
3 68 69 70
3 68 70 71
3 72 73 74
3 72 74 75
3 76 77 78
3 76 78 79
3 80 81 82
3 80 82 83
3 84 85 86
3 84 86 87
3 88 89 90
3 88 90 91
3 92 93 94
3 92 94 95
3 96 97 98
3 96 98 99
3 100 101 102
3 100 102 103
3 104 105 106
3 104 106 107
3 108 109 110
3 108 110 111
3 112 113 114
3 112 114 115
3 116 117 118
3 116 118 119
3 120 121 122
3 120 122 123
3 124 125 126
3 124 126 127
3 128 129 130
3 128 130 131
3 132 133 134
3 132 134 135
3 136 137 138
3 136 138 139
3 140 141 142
3 140 142 143
3 144 145 146
3 144 146 147
3 148 149 150
3 148 150 151
3 152 153 154
3 152 154 155
3 156 157 158
3 156 158 159
3 160 161 162
3 160 162 163
3 164 165 166
3 164 166 167
3 168 169 170
3 168 170 171
3 172 173 174
3 172 174 175
3 176 177 178
3 176 178 179
3 180 181 182
3 180 182 183
3 184 185 186
3 184 186 187
3 188 189 190
3 188 190 191
3 192 193 194
3 192 194 195
3 196 197 198
3 196 198 199
3 200 201 202
3 200 202 203
3 204 205 206
3 204 206 207
3 208 209 210
3 208 210 211
3 212 213 214
3 212 214 215
3 216 217 218
3 216 218 219
3 220 221 222
3 220 222 223
3 224 225 226
3 224 226 227
3 228 229 230
3 228 230 231
3 232 233 234
3 232 234 235
3 236 237 238
3 236 238 239
3 240 241 242
3 240 242 243
3 244 245 246
3 244 246 247
3 248 249 250
3 248 250 251
3 252 253 254
3 252 254 255
3 256 257 258
3 256 258 259
3 260 261 262
3 260 262 263
3 264 265 266
3 264 266 267
3 268 269 270
3 268 270 271
3 272 273 274
3 272 274 275
3 276 277 278
3 276 278 279
3 280 281 282
3 280 282 283
3 284 285 286
3 284 286 287
3 288 289 290
3 288 290 291
3 292 293 294
3 292 294 295
3 296 297 298
3 296 298 299
3 300 301 302
3 300 302 303
3 304 305 306
3 304 306 307
3 308 309 310
3 308 310 311
3 312 313 314
3 312 314 315
3 316 317 318
3 316 318 319
3 320 321 322
3 320 322 323
3 324 325 326
3 324 326 327
3 328 329 330
3 328 330 331
3 332 333 334
3 332 334 335
3 336 337 338
3 336 338 339
3 340 341 342
3 340 342 343
3 344 345 346
3 344 346 347
3 348 349 350
3 348 350 351
3 352 353 354
3 352 354 355
3 356 357 358
3 356 358 359
3 360 361 362
3 360 362 363
3 364 365 366
3 364 366 367
3 368 369 370
3 368 370 371
3 372 373 374
3 372 374 375
3 376 377 378
3 376 378 379
3 380 381 382
3 380 382 383
3 384 385 386
3 384 386 387
3 388 389 390
3 388 390 391
3 392 393 394
3 392 394 395
3 396 397 398
3 396 398 399
3 400 401 402
3 400 402 403
3 404 405 406
3 404 406 407
3 408 409 410
3 408 410 411
3 412 413 414
3 412 414 415
3 416 417 418
3 416 418 419
3 420 421 422
3 420 422 423
3 424 425 426
3 424 426 427
3 428 429 430
3 428 430 431
3 432 433 434
3 432 434 435
3 436 437 438
3 436 438 439
3 440 441 442
3 440 442 443
3 444 445 446
3 444 446 447
3 448 449 450
3 448 450 451
3 452 453 454
3 452 454 455
3 456 457 458
3 456 458 459
3 460 461 462
3 460 462 463
3 464 465 466
3 464 466 467
3 468 469 470
3 468 470 471
3 472 473 474
3 472 474 475
3 476 477 478
3 476 478 479
3 480 481 482
3 480 482 483
3 484 485 486
3 484 486 487
3 488 489 490
3 488 490 491
3 492 493 494
3 492 494 495
3 496 497 498
3 496 498 499
3 500 501 502
3 500 502 503
3 504 505 506
3 504 506 507
3 508 509 510
3 508 510 511
3 512 513 514
3 512 514 515
3 516 517 518
3 516 518 519
3 520 521 522
3 520 522 523
3 524 525 526
3 524 526 527
3 528 529 530
3 528 530 531
3 532 533 534
3 532 534 535
3 536 537 538
3 536 538 539
3 540 541 542
3 540 542 543
3 544 545 546
3 544 546 547
3 548 549 550
3 548 550 551
3 552 553 554
3 552 554 555
3 556 557 558
3 556 558 559
3 560 561 562
3 560 562 563
3 564 565 566
3 564 566 567
3 568 569 570
3 568 570 571
3 572 573 574
3 572 574 575
3 576 577 578
3 576 578 579
3 580 581 582
3 580 582 583
3 584 585 586
3 584 586 587
3 588 589 590
3 588 590 591
3 592 593 594
3 592 594 595
3 596 597 598
3 596 598 599
3 600 601 602
3 600 602 603
3 604 605 606
3 604 606 607
3 608 609 610
3 608 610 611
3 612 613 614
3 612 614 615
3 616 617 618
3 616 618 619
3 620 621 622
3 620 622 623
3 624 625 626
3 624 626 627
3 628 629 630
3 628 630 631
3 632 633 634
3 632 634 635
3 636 637 638
3 636 638 639
3 640 641 642
3 640 642 643
3 644 645 646
3 644 646 647
3 648 649 650
3 648 650 651
3 652 653 654
3 652 654 655
3 656 657 658
3 656 658 659
3 660 661 662
3 660 662 663
3 664 665 666
3 664 666 667
3 668 669 670
3 668 670 671
3 672 673 674
3 672 674 675
3 676 677 678
3 676 678 679
3 680 681 682
3 680 682 683
3 684 685 686
3 684 686 687
3 688 689 690
3 688 690 691
3 692 693 694
3 692 694 695
3 696 697 698
3 696 698 699
3 700 701 702
3 700 702 703
3 704 705 706
3 704 706 707
3 708 709 710
3 708 710 711
3 712 713 714
3 712 714 715
3 716 717 718
3 716 718 719
3 720 721 722
3 720 722 723
3 724 725 726
3 724 726 727
3 728 729 730
3 728 730 731
3 732 733 734
3 732 734 735
3 736 737 738
3 736 738 739
3 740 741 742
3 740 742 743
3 744 745 746
3 744 746 747
3 748 749 750
3 748 750 751
3 752 753 754
3 752 754 755
3 756 757 758
3 756 758 759
3 760 761 762
3 760 762 763
3 764 765 766
3 764 766 767
3 768 769 770
3 768 770 771
3 772 773 774
3 772 774 775
3 776 777 778
3 776 778 779
3 780 781 782
3 780 782 783
3 784 785 786
3 784 786 787
3 788 789 790
3 788 790 791
3 792 793 794
3 792 794 795
3 796 797 798
3 796 798 799
3 800 801 802
3 800 802 803
3 804 805 806
3 804 806 807
3 808 809 810
3 808 810 811
3 812 813 814
3 812 814 815
3 816 817 818
3 816 818 819
3 820 821 822
3 820 822 823
3 824 825 826
3 824 826 827
3 828 829 830
3 828 830 831
3 832 833 834
3 832 834 835
3 836 837 838
3 836 838 839
3 840 841 842
3 840 842 843
3 844 845 846
3 844 846 847
3 848 849 850
3 848 850 851
3 852 853 854
3 852 854 855
3 856 857 858
3 856 858 859
3 860 861 862
3 860 862 863
3 864 865 866
3 864 866 867
3 868 869 870
3 868 870 871
3 872 873 874
3 872 874 875
3 876 877 878
3 876 878 879
3 880 881 882
3 880 882 883
3 884 885 886
3 884 886 887
3 888 889 890
3 888 890 891
3 892 893 894
3 892 894 895
3 896 897 898
3 896 898 899
3 900 901 902
3 900 902 903
3 904 905 906
3 904 906 907
3 908 909 910
3 908 910 911
3 912 913 914
3 912 914 915
3 916 917 918
3 916 918 919
3 920 921 922
3 920 922 923
3 924 925 926
3 924 926 927
3 928 929 930
3 928 930 931
3 932 933 934
3 932 934 935
3 936 937 938
3 936 938 939
3 940 941 942
3 940 942 943
3 944 945 946
3 944 946 947
3 948 949 950
3 948 950 951
3 952 953 954
3 952 954 955
3 956 957 958
3 956 958 959
3 960 961 962
3 960 962 963
3 964 965 966
3 964 966 967
3 968 969 970
3 968 970 971
3 972 973 974
3 972 974 975
3 976 977 978
3 976 978 979
3 980 981 982
3 980 982 983
3 984 985 986
3 984 986 987
3 988 989 990
3 988 990 991
3 992 993 994
3 992 994 995
3 996 997 998
3 996 998 999
3 1000 1001 1002
3 1000 1002 1003
3 1004 1005 1006
3 1004 1006 1007
3 1008 1009 1010
3 1008 1010 1011
3 1012 1013 1014
3 1012 1014 1015
3 1016 1017 1018
3 1016 1018 1019
3 1020 1021 1022
3 1020 1022 1023
3 1024 1025 1026
3 1024 1026 1027
3 1028 1029 1030
3 1028 1030 1031
3 1032 1033 1034
3 1032 1034 1035
3 1036 1037 1038
3 1036 1038 1039
3 1040 1041 1042
3 1040 1042 1043
3 1044 1045 1046
3 1044 1046 1047
3 1048 1049 1050
3 1048 1050 1051
3 1052 1053 1054
3 1052 1054 1055
3 1056 1057 1058
3 1056 1058 1059
3 1060 1061 1062
3 1060 1062 1063
3 1064 1065 1066
3 1064 1066 1067
3 1068 1069 1070
3 1068 1070 1071
3 1072 1073 1074
3 1072 1074 1075
3 1076 1077 1078
3 1076 1078 1079
3 1080 1081 1082
3 1080 1082 1083
3 1084 1085 1086
3 1084 1086 1087
3 1088 1089 1090
3 1088 1090 1091
3 1092 1093 1094
3 1092 1094 1095
3 1096 1097 1098
3 1096 1098 1099
3 1100 1101 1102
3 1100 1102 1103
3 1104 1105 1106
3 1104 1106 1107
3 1108 1109 1110
3 1108 1110 1111
3 1112 1113 1114
3 1112 1114 1115
3 1116 1117 1118
3 1116 1118 1119
3 1120 1121 1122
3 1120 1122 1123
3 1124 1125 1126
3 1124 1126 1127
3 1128 1129 1130
3 1128 1130 1131
3 1132 1133 1134
3 1132 1134 1135
3 1136 1137 1138
3 1136 1138 1139
3 1140 1141 1142
3 1140 1142 1143
3 1144 1145 1146
3 1144 1146 1147
3 1148 1149 1150
3 1148 1150 1151
3 1152 1153 1154
3 1152 1154 1155
3 1156 1157 1158
3 1156 1158 1159
3 1160 1161 1162
3 1160 1162 1163
3 1164 1165 1166
3 1164 1166 1167
3 1168 1169 1170
3 1168 1170 1171
3 1172 1173 1174
3 1172 1174 1175
3 1176 1177 1178
3 1176 1178 1179
3 1180 1181 1182
3 1180 1182 1183
3 1184 1185 1186
3 1184 1186 1187
3 1188 1189 1190
3 1188 1190 1191
3 1192 1193 1194
3 1192 1194 1195
3 1196 1197 1198
3 1196 1198 1199
3 1200 1201 1202
3 1200 1202 1203
3 1204 1205 1206
3 1204 1206 1207
3 1208 1209 1210
3 1208 1210 1211
3 1212 1213 1214
3 1212 1214 1215
3 1216 1217 1218
3 1216 1218 1219
3 1220 1221 1222
3 1220 1222 1223
3 1224 1225 1226
3 1224 1226 1227
3 1228 1229 1230
3 1228 1230 1231
3 1232 1233 1234
3 1232 1234 1235
3 1236 1237 1238
3 1236 1238 1239
3 1240 1241 1242
3 1240 1242 1243
3 1244 1245 1246
3 1244 1246 1247
3 1248 1249 1250
3 1248 1250 1251
3 1252 1253 1254
3 1252 1254 1255
3 1256 1257 1258
3 1256 1258 1259
3 1260 1261 1262
3 1260 1262 1263
3 1264 1265 1266
3 1264 1266 1267
3 1268 1269 1270
3 1268 1270 1271
3 1272 1273 1274
3 1272 1274 1275
3 1276 1277 1278
3 1276 1278 1279
3 1280 1281 1282
3 1280 1282 1283
3 1284 1285 1286
3 1284 1286 1287
3 1288 1289 1290
3 1288 1290 1291
3 1292 1293 1294
3 1292 1294 1295
3 1296 1297 1298
3 1296 1298 1299
3 1300 1301 1302
3 1300 1302 1303
3 1304 1305 1306
3 1304 1306 1307
3 1308 1309 1310
3 1308 1310 1311
3 1312 1313 1314
3 1312 1314 1315
3 1316 1317 1318
3 1316 1318 1319
3 1320 1321 1322
3 1320 1322 1323
3 1324 1325 1326
3 1324 1326 1327
3 1328 1329 1330
3 1328 1330 1331
3 1332 1333 1334
3 1332 1334 1335
3 1336 1337 1338
3 1336 1338 1339
3 1340 1341 1342
3 1340 1342 1343
3 1344 1345 1346
3 1344 1346 1347
3 1348 1349 1350
3 1348 1350 1351
3 1352 1353 1354
3 1352 1354 1355
3 1356 1357 1358
3 1356 1358 1359
3 1360 1361 1362
3 1360 1362 1363
3 1364 1365 1366
3 1364 1366 1367
3 1368 1369 1370
3 1368 1370 1371
3 1372 1373 1374
3 1372 1374 1375
3 1376 1377 1378
3 1376 1378 1379
3 1380 1381 1382
3 1380 1382 1383
3 1384 1385 1386
3 1384 1386 1387
3 1388 1389 1390
3 1388 1390 1391
3 1392 1393 1394
3 1392 1394 1395
3 1396 1397 1398
3 1396 1398 1399
3 1400 1401 1402
3 1400 1402 1403
3 1404 1405 1406
3 1404 1406 1407
3 1408 1409 1410
3 1408 1410 1411
3 1412 1413 1414
3 1412 1414 1415
3 1416 1417 1418
3 1416 1418 1419
3 1420 1421 1422
3 1420 1422 1423
3 1424 1425 1426
3 1424 1426 1427
3 1428 1429 1430
3 1428 1430 1431
3 1432 1433 1434
3 1432 1434 1435
3 1436 1437 1438
3 1436 1438 1439
3 1440 1441 1442
3 1440 1442 1443
3 1444 1445 1446
3 1444 1446 1447
3 1448 1449 1450
3 1448 1450 1451
3 1452 1453 1454
3 1452 1454 1455
3 1456 1457 1458
3 1456 1458 1459
3 1460 1461 1462
3 1460 1462 1463
3 1464 1465 1466
3 1464 1466 1467
3 1468 1469 1470
3 1468 1470 1471
3 1472 1473 1474
3 1472 1474 1475
3 1476 1477 1478
3 1476 1478 1479
3 1480 1481 1482
3 1480 1482 1483
3 1484 1485 1486
3 1484 1486 1487
3 1488 1489 1490
3 1488 1490 1491
3 1492 1493 1494
3 1492 1494 1495
3 1496 1497 1498
3 1496 1498 1499
3 1500 1501 1502
3 1500 1502 1503
3 1504 1505 1506
3 1504 1506 1507
3 1508 1509 1510
3 1508 1510 1511
3 1512 1513 1514
3 1512 1514 1515
3 1516 1517 1518
3 1516 1518 1519
3 1520 1521 1522
3 1520 1522 1523
3 1524 1525 1526
3 1524 1526 1527
3 1528 1529 1530
3 1528 1530 1531
3 1532 1533 1534
3 1532 1534 1535
3 1536 1537 1538
3 1536 1538 1539
3 1540 1541 1542
3 1540 1542 1543
3 1544 1545 1546
3 1544 1546 1547
3 1548 1549 1550
3 1548 1550 1551
3 1552 1553 1554
3 1552 1554 1555
3 1556 1557 1558
3 1556 1558 1559
3 1560 1561 1562
3 1560 1562 1563
3 1564 1565 1566
3 1564 1566 1567
3 1568 1569 1570
3 1568 1570 1571
3 1572 1573 1574
3 1572 1574 1575
3 1576 1577 1578
3 1576 1578 1579
3 1580 1581 1582
3 1580 1582 1583
3 1584 1585 1586
3 1584 1586 1587
3 1588 1589 1590
3 1588 1590 1591
3 1592 1593 1594
3 1592 1594 1595
3 1596 1597 1598
3 1596 1598 1599
3 1600 1601 1602
3 1600 1602 1603
3 1604 1605 1606
3 1604 1606 1607
3 1608 1609 1610
3 1608 1610 1611
3 1612 1613 1614
3 1612 1614 1615
3 1616 1617 1618
3 1616 1618 1619
3 1620 1621 1622
3 1620 1622 1623
3 1624 1625 1626
3 1624 1626 1627
3 1628 1629 1630
3 1628 1630 1631
3 1632 1633 1634
3 1632 1634 1635
3 1636 1637 1638
3 1636 1638 1639
3 1640 1641 1642
3 1640 1642 1643
3 1644 1645 1646
3 1644 1646 1647
3 1648 1649 1650
3 1648 1650 1651
3 1652 1653 1654
3 1652 1654 1655
3 1656 1657 1658
3 1656 1658 1659
3 1660 1661 1662
3 1660 1662 1663
3 1664 1665 1666
3 1664 1666 1667
3 1668 1669 1670
3 1668 1670 1671
3 1672 1673 1674
3 1672 1674 1675
3 1676 1677 1678
3 1676 1678 1679
3 1680 1681 1682
3 1680 1682 1683
3 1684 1685 1686
3 1684 1686 1687
3 1688 1689 1690
3 1688 1690 1691
3 1692 1693 1694
3 1692 1694 1695
3 1696 1697 1698
3 1696 1698 1699
3 1700 1701 1702
3 1700 1702 1703
3 1704 1705 1706
3 1704 1706 1707
3 1708 1709 1710
3 1708 1710 1711
3 1712 1713 1714
3 1712 1714 1715
3 1716 1717 1718
3 1716 1718 1719
3 1720 1721 1722
3 1720 1722 1723
3 1724 1725 1726
3 1724 1726 1727
3 1728 1729 1730
3 1728 1730 1731
3 1732 1733 1734
3 1732 1734 1735
3 1736 1737 1738
3 1736 1738 1739
3 1740 1741 1742
3 1740 1742 1743
3 1744 1745 1746
3 1744 1746 1747
3 1748 1749 1750
3 1748 1750 1751
3 1752 1753 1754
3 1752 1754 1755
3 1756 1757 1758
3 1756 1758 1759
3 1760 1761 1762
3 1760 1762 1763
3 1764 1765 1766
3 1764 1766 1767
3 1768 1769 1770
3 1768 1770 1771
3 1772 1773 1774
3 1772 1774 1775
3 1776 1777 1778
3 1776 1778 1779
3 1780 1781 1782
3 1780 1782 1783
3 1784 1785 1786
3 1784 1786 1787
3 1788 1789 1790
3 1788 1790 1791
3 1792 1793 1794
3 1792 1794 1795
3 1796 1797 1798
3 1796 1798 1799
3 1800 1801 1802
3 1800 1802 1803
3 1804 1805 1806
3 1804 1806 1807
3 1808 1809 1810
3 1808 1810 1811
3 1812 1813 1814
3 1812 1814 1815
3 1816 1817 1818
3 1816 1818 1819
3 1820 1821 1822
3 1820 1822 1823
3 1824 1825 1826
3 1824 1826 1827
3 1828 1829 1830
3 1828 1830 1831
3 1832 1833 1834
3 1832 1834 1835
3 1836 1837 1838
3 1836 1838 1839
3 1840 1841 1842
3 1840 1842 1843
3 1844 1845 1846
3 1844 1846 1847
3 1848 1849 1850
3 1848 1850 1851
3 1852 1853 1854
3 1852 1854 1855
3 1856 1857 1858
3 1856 1858 1859
3 1860 1861 1862
3 1860 1862 1863
3 1864 1865 1866
3 1864 1866 1867
3 1868 1869 1870
3 1868 1870 1871
3 1872 1873 1874
3 1872 1874 1875
3 1876 1877 1878
3 1876 1878 1879
3 1880 1881 1882
3 1880 1882 1883
3 1884 1885 1886
3 1884 1886 1887
3 1888 1889 1890
3 1888 1890 1891
3 1892 1893 1894
3 1892 1894 1895
3 1896 1897 1898
3 1896 1898 1899
3 1900 1901 1902
3 1900 1902 1903
3 1904 1905 1906
3 1904 1906 1907
3 1908 1909 1910
3 1908 1910 1911
3 1912 1913 1914
3 1912 1914 1915
3 1916 1917 1918
3 1916 1918 1919
3 1920 1921 1922
3 1920 1922 1923
3 1924 1925 1926
3 1924 1926 1927
3 1928 1929 1930
3 1928 1930 1931
3 1932 1933 1934
3 1932 1934 1935
3 1936 1937 1938
3 1936 1938 1939
3 1940 1941 1942
3 1940 1942 1943
3 1944 1945 1946
3 1944 1946 1947
3 1948 1949 1950
3 1948 1950 1951
3 1952 1953 1954
3 1952 1954 1955
3 1956 1957 1958
3 1956 1958 1959
3 1960 1961 1962
3 1960 1962 1963
3 1964 1965 1966
3 1964 1966 1967
3 1968 1969 1970
3 1968 1970 1971
3 1972 1973 1974
3 1972 1974 1975
3 1976 1977 1978
3 1976 1978 1979
3 1980 1981 1982
3 1980 1982 1983
3 1984 1985 1986
3 1984 1986 1987
3 1988 1989 1990
3 1988 1990 1991
3 1992 1993 1994
3 1992 1994 1995
3 1996 1997 1998
3 1996 1998 1999
3 2000 2001 2002
3 2000 2002 2003
3 2004 2005 2006
3 2004 2006 2007
3 2008 2009 2010
3 2008 2010 2011
3 2012 2013 2014
3 2012 2014 2015
3 2016 2017 2018
3 2016 2018 2019
3 2020 2021 2022
3 2020 2022 2023
3 2024 2025 2026
3 2024 2026 2027
3 2028 2029 2030
3 2028 2030 2031
3 2032 2033 2034
3 2032 2034 2035
3 2036 2037 2038
3 2036 2038 2039
3 2040 2041 2042
3 2040 2042 2043
3 2044 2045 2046
3 2044 2046 2047
3 2048 2049 2050
3 2048 2050 2051
3 2052 2053 2054
3 2052 2054 2055
3 2056 2057 2058
3 2056 2058 2059
3 2060 2061 2062
3 2060 2062 2063
3 2064 2065 2066
3 2064 2066 2067
3 2068 2069 2070
3 2068 2070 2071
3 2072 2073 2074
3 2072 2074 2075
3 2076 2077 2078
3 2076 2078 2079
3 2080 2081 2082
3 2080 2082 2083
3 2084 2085 2086
3 2084 2086 2087
3 2088 2089 2090
3 2088 2090 2091
3 2092 2093 2094
3 2092 2094 2095
3 2096 2097 2098
3 2096 2098 2099
3 2100 2101 2102
3 2100 2102 2103
3 2104 2105 2106
3 2104 2106 2107
3 2108 2109 2110
3 2108 2110 2111
3 2112 2113 2114
3 2112 2114 2115
3 2116 2117 2118
3 2116 2118 2119
3 2120 2121 2122
3 2120 2122 2123
3 2124 2125 2126
3 2124 2126 2127
3 2128 2129 2130
3 2128 2130 2131
3 2132 2133 2134
3 2132 2134 2135
3 2136 2137 2138
3 2136 2138 2139
3 2140 2141 2142
3 2140 2142 2143
3 2144 2145 2146
3 2144 2146 2147
3 2148 2149 2150
3 2148 2150 2151
3 2152 2153 2154
3 2152 2154 2155
3 2156 2157 2158
3 2156 2158 2159
3 2160 2161 2162
3 2160 2162 2163
3 2164 2165 2166
3 2164 2166 2167
3 2168 2169 2170
3 2168 2170 2171
3 2172 2173 2174
3 2172 2174 2175
3 2176 2177 2178
3 2176 2178 2179
3 2180 2181 2182
3 2180 2182 2183
3 2184 2185 2186
3 2184 2186 2187
3 2188 2189 2190
3 2188 2190 2191
3 2192 2193 2194
3 2192 2194 2195
3 2196 2197 2198
3 2196 2198 2199
3 2200 2201 2202
3 2200 2202 2203
3 2204 2205 2206
3 2204 2206 2207
3 2208 2209 2210
3 2208 2210 2211
3 2212 2213 2214
3 2212 2214 2215
3 2216 2217 2218
3 2216 2218 2219
3 2220 2221 2222
3 2220 2222 2223
3 2224 2225 2226
3 2224 2226 2227
3 2228 2229 2230
3 2228 2230 2231
3 2232 2233 2234
3 2232 2234 2235
3 2236 2237 2238
3 2236 2238 2239
3 2240 2241 2242
3 2240 2242 2243
3 2244 2245 2246
3 2244 2246 2247
3 2248 2249 2250
3 2248 2250 2251
3 2252 2253 2254
3 2252 2254 2255
3 2256 2257 2258
3 2256 2258 2259
3 2260 2261 2262
3 2260 2262 2263
3 2264 2265 2266
3 2264 2266 2267
3 2268 2269 2270
3 2268 2270 2271
3 2272 2273 2274
3 2272 2274 2275
3 2276 2277 2278
3 2276 2278 2279
3 2280 2281 2282
3 2280 2282 2283
3 2284 2285 2286
3 2284 2286 2287
3 2288 2289 2290
3 2288 2290 2291
3 2292 2293 2294
3 2292 2294 2295
3 2296 2297 2298
3 2296 2298 2299
3 2300 2301 2302
3 2300 2302 2303
3 2304 2305 2306
3 2304 2306 2307
3 2308 2309 2310
3 2308 2310 2311
3 2312 2313 2314
3 2312 2314 2315
3 2316 2317 2318
3 2316 2318 2319
3 2320 2321 2322
3 2320 2322 2323
3 2324 2325 2326
3 2324 2326 2327
3 2328 2329 2330
3 2328 2330 2331
3 2332 2333 2334
3 2332 2334 2335
3 2336 2337 2338
3 2336 2338 2339
3 2340 2341 2342
3 2340 2342 2343
3 2344 2345 2346
3 2344 2346 2347
3 2348 2349 2350
3 2348 2350 2351
3 2352 2353 2354
3 2352 2354 2355
3 2356 2357 2358
3 2356 2358 2359
3 2360 2361 2362
3 2360 2362 2363
3 2364 2365 2366
3 2364 2366 2367
3 2368 2369 2370
3 2368 2370 2371
3 2372 2373 2374
3 2372 2374 2375
3 2376 2377 2378
3 2376 2378 2379
3 2380 2381 2382
3 2380 2382 2383
3 2384 2385 2386
3 2384 2386 2387
3 2388 2389 2390
3 2388 2390 2391
3 2392 2393 2394
3 2392 2394 2395
3 2396 2397 2398
3 2396 2398 2399
3 2400 2401 2402
3 2400 2402 2403
3 2404 2405 2406
3 2404 2406 2407
3 2408 2409 2410
3 2408 2410 2411
3 2412 2413 2414
3 2412 2414 2415
3 2416 2417 2418
3 2416 2418 2419
3 2420 2421 2422
3 2420 2422 2423
3 2424 2425 2426
3 2424 2426 2427
3 2428 2429 2430
3 2428 2430 2431
3 2432 2433 2434
3 2432 2434 2435
3 2436 2437 2438
3 2436 2438 2439
3 2440 2441 2442
3 2440 2442 2443
3 2444 2445 2446
3 2444 2446 2447
3 2448 2449 2450
3 2448 2450 2451
3 2452 2453 2454
3 2452 2454 2455
3 2456 2457 2458
3 2456 2458 2459
3 2460 2461 2462
3 2460 2462 2463
3 2464 2465 2466
3 2464 2466 2467
3 2468 2469 2470
3 2468 2470 2471
3 2472 2473 2474
3 2472 2474 2475
3 2476 2477 2478
3 2476 2478 2479
3 2480 2481 2482
3 2480 2482 2483
3 2484 2485 2486
3 2484 2486 2487
3 2488 2489 2490
3 2488 2490 2491
3 2492 2493 2494
3 2492 2494 2495
3 2496 2497 2498
3 2496 2498 2499
3 2500 2501 2502
3 2500 2502 2503
3 2504 2505 2506
3 2504 2506 2507
3 2508 2509 2510
3 2508 2510 2511
3 2512 2513 2514
3 2512 2514 2515
3 2516 2517 2518
3 2516 2518 2519
3 2520 2521 2522
3 2520 2522 2523
3 2524 2525 2526
3 2524 2526 2527
3 2528 2529 2530
3 2528 2530 2531
3 2532 2533 2534
3 2532 2534 2535
3 2536 2537 2538
3 2536 2538 2539
3 2540 2541 2542
3 2540 2542 2543
3 2544 2545 2546
3 2544 2546 2547
3 2548 2549 2550
3 2548 2550 2551
3 2552 2553 2554
3 2552 2554 2555
3 2556 2557 2558
3 2556 2558 2559
3 2560 2561 2562
3 2560 2562 2563
3 2564 2565 2566
3 2564 2566 2567
3 2568 2569 2570
3 2568 2570 2571
3 2572 2573 2574
3 2572 2574 2575
3 2576 2577 2578
3 2576 2578 2579
3 2580 2581 2582
3 2580 2582 2583
3 2584 2585 2586
3 2584 2586 2587
3 2588 2589 2590
3 2588 2590 2591
3 2592 2593 2594
3 2592 2594 2595
3 2596 2597 2598
3 2596 2598 2599
3 2600 2601 2602
3 2600 2602 2603
3 2604 2605 2606
3 2604 2606 2607
3 2608 2609 2610
3 2608 2610 2611
3 2612 2613 2614
3 2612 2614 2615
3 2616 2617 2618
3 2616 2618 2619
3 2620 2621 2622
3 2620 2622 2623
3 2624 2625 2626
3 2624 2626 2627
3 2628 2629 2630
3 2628 2630 2631
3 2632 2633 2634
3 2632 2634 2635
3 2636 2637 2638
3 2636 2638 2639
3 2640 2641 2642
3 2640 2642 2643
3 2644 2645 2646
3 2644 2646 2647
3 2648 2649 2650
3 2648 2650 2651
3 2652 2653 2654
3 2652 2654 2655
3 2656 2657 2658
3 2656 2658 2659
3 2660 2661 2662
3 2660 2662 2663
3 2664 2665 2666
3 2664 2666 2667
3 2668 2669 2670
3 2668 2670 2671
3 2672 2673 2674
3 2672 2674 2675
3 2676 2677 2678
3 2676 2678 2679
3 2680 2681 2682
3 2680 2682 2683
3 2684 2685 2686
3 2684 2686 2687
3 2688 2689 2690
3 2688 2690 2691
3 2692 2693 2694
3 2692 2694 2695
3 2696 2697 2698
3 2696 2698 2699
3 2700 2701 2702
3 2700 2702 2703
3 2704 2705 2706
3 2704 2706 2707
3 2708 2709 2710
3 2708 2710 2711
3 2712 2713 2714
3 2712 2714 2715
3 2716 2717 2718
3 2716 2718 2719
3 2720 2721 2722
3 2720 2722 2723
3 2724 2725 2726
3 2724 2726 2727
3 2728 2729 2730
3 2728 2730 2731
3 2732 2733 2734
3 2732 2734 2735
3 2736 2737 2738
3 2736 2738 2739
3 2740 2741 2742
3 2740 2742 2743
3 2744 2745 2746
3 2744 2746 2747
3 2748 2749 2750
3 2748 2750 2751
3 2752 2753 2754
3 2752 2754 2755
3 2756 2757 2758
3 2756 2758 2759
3 2760 2761 2762
3 2760 2762 2763
3 2764 2765 2766
3 2764 2766 2767
3 2768 2769 2770
3 2768 2770 2771
3 2772 2773 2774
3 2772 2774 2775
3 2776 2777 2778
3 2776 2778 2779
3 2780 2781 2782
3 2780 2782 2783
3 2784 2785 2786
3 2784 2786 2787
3 2788 2789 2790
3 2788 2790 2791
3 2792 2793 2794
3 2792 2794 2795
3 2796 2797 2798
3 2796 2798 2799
3 2800 2801 2802
3 2800 2802 2803
3 2804 2805 2806
3 2804 2806 2807
3 2808 2809 2810
3 2808 2810 2811
3 2812 2813 2814
3 2812 2814 2815
3 2816 2817 2818
3 2816 2818 2819
3 2820 2821 2822
3 2820 2822 2823
3 2824 2825 2826
3 2824 2826 2827
3 2828 2829 2830
3 2828 2830 2831
3 2832 2833 2834
3 2832 2834 2835
3 2836 2837 2838
3 2836 2838 2839
3 2840 2841 2842
3 2840 2842 2843
3 2844 2845 2846
3 2844 2846 2847
3 2848 2849 2850
3 2848 2850 2851
3 2852 2853 2854
3 2852 2854 2855
3 2856 2857 2858
3 2856 2858 2859
3 2860 2861 2862
3 2860 2862 2863
3 2864 2865 2866
3 2864 2866 2867
3 2868 2869 2870
3 2868 2870 2871
3 2872 2873 2874
3 2872 2874 2875
3 2876 2877 2878
3 2876 2878 2879
3 2880 2881 2882
3 2880 2882 2883
3 2884 2885 2886
3 2884 2886 2887
3 2888 2889 2890
3 2888 2890 2891
3 2892 2893 2894
3 2892 2894 2895
3 2896 2897 2898
3 2896 2898 2899
3 2900 2901 2902
3 2900 2902 2903
3 2904 2905 2906
3 2904 2906 2907
3 2908 2909 2910
3 2908 2910 2911
3 2912 2913 2914
3 2912 2914 2915
3 2916 2917 2918
3 2916 2918 2919
3 2920 2921 2922
3 2920 2922 2923
3 2924 2925 2926
3 2924 2926 2927
3 2928 2929 2930
3 2928 2930 2931
3 2932 2933 2934
3 2932 2934 2935
3 2936 2937 2938
3 2936 2938 2939
3 2940 2941 2942
3 2940 2942 2943
3 2944 2945 2946
3 2944 2946 2947
3 2948 2949 2950
3 2948 2950 2951
3 2952 2953 2954
3 2952 2954 2955
3 2956 2957 2958
3 2956 2958 2959
3 2960 2961 2962
3 2960 2962 2963
3 2964 2965 2966
3 2964 2966 2967
3 2968 2969 2970
3 2968 2970 2971
3 2972 2973 2974
3 2972 2974 2975
3 2976 2977 2978
3 2976 2978 2979
3 2980 2981 2982
3 2980 2982 2983
3 2984 2985 2986
3 2984 2986 2987
3 2988 2989 2990
3 2988 2990 2991
3 2992 2993 2994
3 2992 2994 2995
3 2996 2997 2998
3 2996 2998 2999
3 3000 3001 3002
3 3000 3002 3003
3 3004 3005 3006
3 3004 3006 3007
3 3008 3009 3010
3 3008 3010 3011
3 3012 3013 3014
3 3012 3014 3015
3 3016 3017 3018
3 3016 3018 3019
3 3020 3021 3022
3 3020 3022 3023
3 3024 3025 3026
3 3024 3026 3027
3 3028 3029 3030
3 3028 3030 3031
3 3032 3033 3034
3 3032 3034 3035
3 3036 3037 3038
3 3036 3038 3039
3 3040 3041 3042
3 3040 3042 3043
3 3044 3045 3046
3 3044 3046 3047
3 3048 3049 3050
3 3048 3050 3051
3 3052 3053 3054
3 3052 3054 3055
3 3056 3057 3058
3 3056 3058 3059
3 3060 3061 3062
3 3060 3062 3063
3 3064 3065 3066
3 3064 3066 3067
3 3068 3069 3070
3 3068 3070 3071
3 3072 3073 3074
3 3072 3074 3075
3 3076 3077 3078
3 3076 3078 3079
3 3080 3081 3082
3 3080 3082 3083
3 3084 3085 3086
3 3084 3086 3087
3 3088 3089 3090
3 3088 3090 3091
3 3092 3093 3094
3 3092 3094 3095
3 3096 3097 3098
3 3096 3098 3099
3 3100 3101 3102
3 3100 3102 3103
3 3104 3105 3106
3 3104 3106 3107
3 3108 3109 3110
3 3108 3110 3111
3 3112 3113 3114
3 3112 3114 3115
3 3116 3117 3118
3 3116 3118 3119
3 3120 3121 3122
3 3120 3122 3123
3 3124 3125 3126
3 3124 3126 3127
3 3128 3129 3130
3 3128 3130 3131
3 3132 3133 3134
3 3132 3134 3135
3 3136 3137 3138
3 3136 3138 3139
3 3140 3141 3142
3 3140 3142 3143
3 3144 3145 3146
3 3144 3146 3147
3 3148 3149 3150
3 3148 3150 3151
3 3152 3153 3154
3 3152 3154 3155
3 3156 3157 3158
3 3156 3158 3159
3 3160 3161 3162
3 3160 3162 3163
3 3164 3165 3166
3 3164 3166 3167
3 3168 3169 3170
3 3168 3170 3171
3 3172 3173 3174
3 3172 3174 3175
3 3176 3177 3178
3 3176 3178 3179
3 3180 3181 3182
3 3180 3182 3183
3 3184 3185 3186
3 3184 3186 3187
3 3188 3189 3190
3 3188 3190 3191
3 3192 3193 3194
3 3192 3194 3195
3 3196 3197 3198
3 3196 3198 3199
3 3200 3201 3202
3 3200 3202 3203
3 3204 3205 3206
3 3204 3206 3207
3 3208 3209 3210
3 3208 3210 3211
3 3212 3213 3214
3 3212 3214 3215
3 3216 3217 3218
3 3216 3218 3219
3 3220 3221 3222
3 3220 3222 3223
3 3224 3225 3226
3 3224 3226 3227
3 3228 3229 3230
3 3228 3230 3231
3 3232 3233 3234
3 3232 3234 3235
3 3236 3237 3238
3 3236 3238 3239
3 3240 3241 3242
3 3240 3242 3243
3 3244 3245 3246
3 3244 3246 3247
3 3248 3249 3250
3 3248 3250 3251
3 3252 3253 3254
3 3252 3254 3255
3 3256 3257 3258
3 3256 3258 3259
3 3260 3261 3262
3 3260 3262 3263
3 3264 3265 3266
3 3264 3266 3267
3 3268 3269 3270
3 3268 3270 3271
3 3272 3273 3274
3 3272 3274 3275
3 3276 3277 3278
3 3276 3278 3279
3 3280 3281 3282
3 3280 3282 3283
3 3284 3285 3286
3 3284 3286 3287
3 3288 3289 3290
3 3288 3290 3291
3 3292 3293 3294
3 3292 3294 3295
3 3296 3297 3298
3 3296 3298 3299
3 3300 3301 3302
3 3300 3302 3303
3 3304 3305 3306
3 3304 3306 3307
3 3308 3309 3310
3 3308 3310 3311
3 3312 3313 3314
3 3312 3314 3315
3 3316 3317 3318
3 3316 3318 3319
3 3320 3321 3322
3 3320 3322 3323
3 3324 3325 3326
3 3324 3326 3327
3 3328 3329 3330
3 3328 3330 3331
3 3332 3333 3334
3 3332 3334 3335
3 3336 3337 3338
3 3336 3338 3339
3 3340 3341 3342
3 3340 3342 3343
3 3344 3345 3346
3 3344 3346 3347
3 3348 3349 3350
3 3348 3350 3351
3 3352 3353 3354
3 3352 3354 3355
3 3356 3357 3358
3 3356 3358 3359
3 3360 3361 3362
3 3360 3362 3363
3 3364 3365 3366
3 3364 3366 3367
3 3368 3369 3370
3 3368 3370 3371
3 3372 3373 3374
3 3372 3374 3375
3 3376 3377 3378
3 3376 3378 3379
3 3380 3381 3382
3 3380 3382 3383
3 3384 3385 3386
3 3384 3386 3387
3 3388 3389 3390
3 3388 3390 3391
3 3392 3393 3394
3 3392 3394 3395
3 3396 3397 3398
3 3396 3398 3399
3 3400 3401 3402
3 3400 3402 3403
3 3404 3405 3406
3 3404 3406 3407
3 3408 3409 3410
3 3408 3410 3411
3 3412 3413 3414
3 3412 3414 3415
3 3416 3417 3418
3 3416 3418 3419
3 3420 3421 3422
3 3420 3422 3423
3 3424 3425 3426
3 3424 3426 3427
3 3428 3429 3430
3 3428 3430 3431
3 3432 3433 3434
3 3432 3434 3435
3 3436 3437 3438
3 3436 3438 3439
3 3440 3441 3442
3 3440 3442 3443
3 3444 3445 3446
3 3444 3446 3447
3 3448 3449 3450
3 3448 3450 3451
3 3452 3453 3454
3 3452 3454 3455
3 3456 3457 3458
3 3456 3458 3459
3 3460 3461 3462
3 3460 3462 3463
3 3464 3465 3466
3 3464 3466 3467
3 3468 3469 3470
3 3468 3470 3471
3 3472 3473 3474
3 3472 3474 3475
3 3476 3477 3478
3 3476 3478 3479
3 3480 3481 3482
3 3480 3482 3483
3 3484 3485 3486
3 3484 3486 3487
3 3488 3489 3490
3 3488 3490 3491
3 3492 3493 3494
3 3492 3494 3495
3 3496 3497 3498
3 3496 3498 3499
3 3500 3501 3502
3 3500 3502 3503
3 3504 3505 3506
3 3504 3506 3507
3 3508 3509 3510
3 3508 3510 3511
3 3512 3513 3514
3 3512 3514 3515
3 3516 3517 3518
3 3516 3518 3519
3 3520 3521 3522
3 3520 3522 3523
3 3524 3525 3526
3 3524 3526 3527
3 3528 3529 3530
3 3528 3530 3531
3 3532 3533 3534
3 3532 3534 3535
3 3536 3537 3538
3 3536 3538 3539
3 3540 3541 3542
3 3540 3542 3543
3 3544 3545 3546
3 3544 3546 3547
3 3548 3549 3550
3 3548 3550 3551
3 3552 3553 3554
3 3552 3554 3555
3 3556 3557 3558
3 3556 3558 3559
3 3560 3561 3562
3 3560 3562 3563
3 3564 3565 3566
3 3564 3566 3567
3 3568 3569 3570
3 3568 3570 3571
3 3572 3573 3574
3 3572 3574 3575
3 3576 3577 3578
3 3576 3578 3579
3 3580 3581 3582
3 3580 3582 3583
3 3584 3585 3586
3 3584 3586 3587
3 3588 3589 3590
3 3588 3590 3591
3 3592 3593 3594
3 3592 3594 3595
3 3596 3597 3598
3 3596 3598 3599
3 3600 3601 3602
3 3600 3602 3603
3 3604 3605 3606
3 3604 3606 3607
3 3608 3609 3610
3 3608 3610 3611
3 3612 3613 3614
3 3612 3614 3615
3 3616 3617 3618
3 3616 3618 3619
3 3620 3621 3622
3 3620 3622 3623
3 3624 3625 3626
3 3624 3626 3627
3 3628 3629 3630
3 3628 3630 3631
3 3632 3633 3634
3 3632 3634 3635
3 3636 3637 3638
3 3636 3638 3639
3 3640 3641 3642
3 3640 3642 3643
3 3644 3645 3646
3 3644 3646 3647
3 3648 3649 3650
3 3648 3650 3651
3 3652 3653 3654
3 3652 3654 3655
3 3656 3657 3658
3 3656 3658 3659
3 3660 3661 3662
3 3660 3662 3663
3 3664 3665 3666
3 3664 3666 3667
3 3668 3669 3670
3 3668 3670 3671
3 3672 3673 3674
3 3672 3674 3675
3 3676 3677 3678
3 3676 3678 3679
3 3680 3681 3682
3 3680 3682 3683
3 3684 3685 3686
3 3684 3686 3687
3 3688 3689 3690
3 3688 3690 3691
3 3692 3693 3694
3 3692 3694 3695
3 3696 3697 3698
3 3696 3698 3699
3 3700 3701 3702
3 3700 3702 3703
3 3704 3705 3706
3 3704 3706 3707
3 3708 3709 3710
3 3708 3710 3711
3 3712 3713 3714
3 3712 3714 3715
3 3716 3717 3718
3 3716 3718 3719
3 3720 3721 3722
3 3720 3722 3723
3 3724 3725 3726
3 3724 3726 3727
3 3728 3729 3730
3 3728 3730 3731
3 3732 3733 3734
3 3732 3734 3735
3 3736 3737 3738
3 3736 3738 3739
3 3740 3741 3742
3 3740 3742 3743
3 3744 3745 3746
3 3744 3746 3747
3 3748 3749 3750
3 3748 3750 3751
3 3752 3753 3754
3 3752 3754 3755
3 3756 3757 3758
3 3756 3758 3759
3 3760 3761 3762
3 3760 3762 3763
3 3764 3765 3766
3 3764 3766 3767
3 3768 3769 3770
3 3768 3770 3771
3 3772 3773 3774
3 3772 3774 3775
3 3776 3777 3778
3 3776 3778 3779
3 3780 3781 3782
3 3780 3782 3783
3 3784 3785 3786
3 3784 3786 3787
3 3788 3789 3790
3 3788 3790 3791
3 3792 3793 3794
3 3792 3794 3795
3 3796 3797 3798
3 3796 3798 3799
3 3800 3801 3802
3 3800 3802 3803
3 3804 3805 3806
3 3804 3806 3807
3 3808 3809 3810
3 3808 3810 3811
3 3812 3813 3814
3 3812 3814 3815
3 3816 3817 3818
3 3816 3818 3819
3 3820 3821 3822
3 3820 3822 3823
3 3824 3825 3826
3 3824 3826 3827
3 3828 3829 3830
3 3828 3830 3831
3 3832 3833 3834
3 3832 3834 3835
3 3836 3837 3838
3 3836 3838 3839
3 3840 3841 3842
3 3840 3842 3843
3 3844 3845 3846
3 3844 3846 3847
3 3848 3849 3850
3 3848 3850 3851
3 3852 3853 3854
3 3852 3854 3855
3 3856 3857 3858
3 3856 3858 3859
3 3860 3861 3862
3 3860 3862 3863
3 3864 3865 3866
3 3864 3866 3867
3 3868 3869 3870
3 3868 3870 3871
3 3872 3873 3874
3 3872 3874 3875
3 3876 3877 3878
3 3876 3878 3879
3 3880 3881 3882
3 3880 3882 3883
3 3884 3885 3886
3 3884 3886 3887
3 3888 3889 3890
3 3888 3890 3891
3 3892 3893 3894
3 3892 3894 3895
3 3896 3897 3898
3 3896 3898 3899
3 3900 3901 3902
3 3900 3902 3903
3 3904 3905 3906
3 3904 3906 3907
3 3908 3909 3910
3 3908 3910 3911
3 3912 3913 3914
3 3912 3914 3915
3 3916 3917 3918
3 3916 3918 3919
3 3920 3921 3922
3 3920 3922 3923
3 3924 3925 3926
3 3924 3926 3927
3 3928 3929 3930
3 3928 3930 3931
3 3932 3933 3934
3 3932 3934 3935
3 3936 3937 3938
3 3936 3938 3939
3 3940 3941 3942
3 3940 3942 3943
3 3944 3945 3946
3 3944 3946 3947
3 3948 3949 3950
3 3948 3950 3951
3 3952 3953 3954
3 3952 3954 3955
3 3956 3957 3958
3 3956 3958 3959
3 3960 3961 3962
3 3960 3962 3963
3 3964 3965 3966
3 3964 3966 3967
3 3968 3969 3970
3 3968 3970 3971
3 3972 3973 3974
3 3972 3974 3975
3 3976 3977 3978
3 3976 3978 3979
3 3980 3981 3982
3 3980 3982 3983
3 3984 3985 3986
3 3984 3986 3987
3 3988 3989 3990
3 3988 3990 3991
3 3992 3993 3994
3 3992 3994 3995
3 3996 3997 3998
3 3996 3998 3999
3 4000 4001 4002
3 4000 4002 4003
3 4004 4005 4006
3 4004 4006 4007
3 4008 4009 4010
3 4008 4010 4011
3 4012 4013 4014
3 4012 4014 4015
3 4016 4017 4018
3 4016 4018 4019
3 4020 4021 4022
3 4020 4022 4023
3 4024 4025 4026
3 4024 4026 4027
3 4028 4029 4030
3 4028 4030 4031
3 4032 4033 4034
3 4032 4034 4035
3 4036 4037 4038
3 4036 4038 4039
3 4040 4041 4042
3 4040 4042 4043
3 4044 4045 4046
3 4044 4046 4047
3 4048 4049 4050
3 4048 4050 4051
3 4052 4053 4054
3 4052 4054 4055
3 4056 4057 4058
3 4056 4058 4059
3 4060 4061 4062
3 4060 4062 4063
3 4064 4065 4066
3 4064 4066 4067
3 4068 4069 4070
3 4068 4070 4071
3 4072 4073 4074
3 4072 4074 4075
3 4076 4077 4078
3 4076 4078 4079
3 4080 4081 4082
3 4080 4082 4083
3 4084 4085 4086
3 4084 4086 4087
3 4088 4089 4090
3 4088 4090 4091
3 4092 4093 4094
3 4092 4094 4095
3 4096 4097 4098
3 4096 4098 4099
3 4100 4101 4102
3 4100 4102 4103
3 4104 4105 4106
3 4104 4106 4107
3 4108 4109 4110
3 4108 4110 4111
3 4112 4113 4114
3 4112 4114 4115
3 4116 4117 4118
3 4116 4118 4119
3 4120 4121 4122
3 4120 4122 4123
3 4124 4125 4126
3 4124 4126 4127
3 4128 4129 4130
3 4128 4130 4131
3 4132 4133 4134
3 4132 4134 4135
3 4136 4137 4138
3 4136 4138 4139
3 4140 4141 4142
3 4140 4142 4143
3 4144 4145 4146
3 4144 4146 4147
3 4148 4149 4150
3 4148 4150 4151
3 4152 4153 4154
3 4152 4154 4155
3 4156 4157 4158
3 4156 4158 4159
3 4160 4161 4162
3 4160 4162 4163
3 4164 4165 4166
3 4164 4166 4167
3 4168 4169 4170
3 4168 4170 4171
3 4172 4173 4174
3 4172 4174 4175
3 4176 4177 4178
3 4176 4178 4179
3 4180 4181 4182
3 4180 4182 4183
3 4184 4185 4186
3 4184 4186 4187
3 4188 4189 4190
3 4188 4190 4191
3 4192 4193 4194
3 4192 4194 4195
3 4196 4197 4198
3 4196 4198 4199
3 4200 4201 4202
3 4200 4202 4203
3 4204 4205 4206
3 4204 4206 4207
3 4208 4209 4210
3 4208 4210 4211
3 4212 4213 4214
3 4212 4214 4215
3 4216 4217 4218
3 4216 4218 4219
3 4220 4221 4222
3 4220 4222 4223
3 4224 4225 4226
3 4224 4226 4227
3 4228 4229 4230
3 4228 4230 4231
3 4232 4233 4234
3 4232 4234 4235
3 4236 4237 4238
3 4236 4238 4239
3 4240 4241 4242
3 4240 4242 4243
3 4244 4245 4246
3 4244 4246 4247
3 4248 4249 4250
3 4248 4250 4251
3 4252 4253 4254
3 4252 4254 4255
3 4256 4257 4258
3 4256 4258 4259
3 4260 4261 4262
3 4260 4262 4263
3 4264 4265 4266
3 4264 4266 4267
3 4268 4269 4270
3 4268 4270 4271
3 4272 4273 4274
3 4272 4274 4275
3 4276 4277 4278
3 4276 4278 4279
3 4280 4281 4282
3 4280 4282 4283
3 4284 4285 4286
3 4284 4286 4287
3 4288 4289 4290
3 4288 4290 4291
3 4292 4293 4294
3 4292 4294 4295
3 4296 4297 4298
3 4296 4298 4299
3 4300 4301 4302
3 4300 4302 4303
3 4304 4305 4306
3 4304 4306 4307
3 4308 4309 4310
3 4308 4310 4311
3 4312 4313 4314
3 4312 4314 4315
3 4316 4317 4318
3 4316 4318 4319
3 4320 4321 4322
3 4320 4322 4323
3 4324 4325 4326
3 4324 4326 4327
3 4328 4329 4330
3 4328 4330 4331
3 4332 4333 4334
3 4332 4334 4335
3 4336 4337 4338
3 4336 4338 4339
3 4340 4341 4342
3 4340 4342 4343
3 4344 4345 4346
3 4344 4346 4347
3 4348 4349 4350
3 4348 4350 4351
3 4352 4353 4354
3 4352 4354 4355
3 4356 4357 4358
3 4356 4358 4359
3 4360 4361 4362
3 4360 4362 4363
3 4364 4365 4366
3 4364 4366 4367
3 4368 4369 4370
3 4368 4370 4371
3 4372 4373 4374
3 4372 4374 4375
3 4376 4377 4378
3 4376 4378 4379
3 4380 4381 4382
3 4380 4382 4383
3 4384 4385 4386
3 4384 4386 4387
3 4388 4389 4390
3 4388 4390 4391
3 4392 4393 4394
3 4392 4394 4395
3 4396 4397 4398
3 4396 4398 4399
3 4400 4401 4402
3 4400 4402 4403
3 4404 4405 4406
3 4404 4406 4407
3 4408 4409 4410
3 4408 4410 4411
3 4412 4413 4414
3 4412 4414 4415
3 4416 4417 4418
3 4416 4418 4419
3 4420 4421 4422
3 4420 4422 4423
3 4424 4425 4426
3 4424 4426 4427
3 4428 4429 4430
3 4428 4430 4431
3 4432 4433 4434
3 4432 4434 4435
3 4436 4437 4438
3 4436 4438 4439
3 4440 4441 4442
3 4440 4442 4443
3 4444 4445 4446
3 4444 4446 4447
3 4448 4449 4450
3 4448 4450 4451
3 4452 4453 4454
3 4452 4454 4455
3 4456 4457 4458
3 4456 4458 4459
3 4460 4461 4462
3 4460 4462 4463
3 4464 4465 4466
3 4464 4466 4467
3 4468 4469 4470
3 4468 4470 4471
3 4472 4473 4474
3 4472 4474 4475
3 4476 4477 4478
3 4476 4478 4479
3 4480 4481 4482
3 4480 4482 4483
3 4484 4485 4486
3 4484 4486 4487
3 4488 4489 4490
3 4488 4490 4491
3 4492 4493 4494
3 4492 4494 4495
3 4496 4497 4498
3 4496 4498 4499
3 4500 4501 4502
3 4500 4502 4503
3 4504 4505 4506
3 4504 4506 4507
3 4508 4509 4510
3 4508 4510 4511
3 4512 4513 4514
3 4512 4514 4515
3 4516 4517 4518
3 4516 4518 4519
3 4520 4521 4522
3 4520 4522 4523
3 4524 4525 4526
3 4524 4526 4527
3 4528 4529 4530
3 4528 4530 4531
3 4532 4533 4534
3 4532 4534 4535
3 4536 4537 4538
3 4536 4538 4539
3 4540 4541 4542
3 4540 4542 4543
3 4544 4545 4546
3 4544 4546 4547
3 4548 4549 4550
3 4548 4550 4551
3 4552 4553 4554
3 4552 4554 4555
3 4556 4557 4558
3 4556 4558 4559
3 4560 4561 4562
3 4560 4562 4563
3 4564 4565 4566
3 4564 4566 4567
3 4568 4569 4570
3 4568 4570 4571
3 4572 4573 4574
3 4572 4574 4575
3 4576 4577 4578
3 4576 4578 4579
3 4580 4581 4582
3 4580 4582 4583
3 4584 4585 4586
3 4584 4586 4587
3 4588 4589 4590
3 4588 4590 4591
3 4592 4593 4594
3 4592 4594 4595
3 4596 4597 4598
3 4596 4598 4599
3 4600 4601 4602
3 4600 4602 4603
3 4604 4605 4606
3 4604 4606 4607
3 4608 4609 4610
3 4608 4610 4611
3 4612 4613 4614
3 4612 4614 4615
3 4616 4617 4618
3 4616 4618 4619
3 4620 4621 4622
3 4620 4622 4623
3 4624 4625 4626
3 4624 4626 4627
3 4628 4629 4630
3 4628 4630 4631
3 4632 4633 4634
3 4632 4634 4635
3 4636 4637 4638
3 4636 4638 4639
3 4640 4641 4642
3 4640 4642 4643
3 4644 4645 4646
3 4644 4646 4647
3 4648 4649 4650
3 4648 4650 4651
3 4652 4653 4654
3 4652 4654 4655
3 4656 4657 4658
3 4656 4658 4659
3 4660 4661 4662
3 4660 4662 4663
3 4664 4665 4666
3 4664 4666 4667
3 4668 4669 4670
3 4668 4670 4671
3 4672 4673 4674
3 4672 4674 4675
3 4676 4677 4678
3 4676 4678 4679
3 4680 4681 4682
3 4680 4682 4683
3 4684 4685 4686
3 4684 4686 4687
3 4688 4689 4690
3 4688 4690 4691
3 4692 4693 4694
3 4692 4694 4695
3 4696 4697 4698
3 4696 4698 4699
3 4700 4701 4702
3 4700 4702 4703
3 4704 4705 4706
3 4704 4706 4707
3 4708 4709 4710
3 4708 4710 4711
3 4712 4713 4714
3 4712 4714 4715
3 4716 4717 4718
3 4716 4718 4719
3 4720 4721 4722
3 4720 4722 4723
3 4724 4725 4726
3 4724 4726 4727
3 4728 4729 4730
3 4728 4730 4731
3 4732 4733 4734
3 4732 4734 4735
3 4736 4737 4738
3 4736 4738 4739
3 4740 4741 4742
3 4740 4742 4743
3 4744 4745 4746
3 4744 4746 4747
3 4748 4749 4750
3 4748 4750 4751
3 4752 4753 4754
3 4752 4754 4755
3 4756 4757 4758
3 4756 4758 4759
3 4760 4761 4762
3 4760 4762 4763
3 4764 4765 4766
3 4764 4766 4767
3 4768 4769 4770
3 4768 4770 4771
3 4772 4773 4774
3 4772 4774 4775
3 4776 4777 4778
3 4776 4778 4779
3 4780 4781 4782
3 4780 4782 4783
3 4784 4785 4786
3 4784 4786 4787
3 4788 4789 4790
3 4788 4790 4791
3 4792 4793 4794
3 4792 4794 4795
3 4796 4797 4798
3 4796 4798 4799
3 4800 4801 4802
3 4800 4802 4803
3 4804 4805 4806
3 4804 4806 4807
3 4808 4809 4810
3 4808 4810 4811
3 4812 4813 4814
3 4812 4814 4815
3 4816 4817 4818
3 4816 4818 4819
3 4820 4821 4822
3 4820 4822 4823
3 4824 4825 4826
3 4824 4826 4827
3 4828 4829 4830
3 4828 4830 4831
3 4832 4833 4834
3 4832 4834 4835
3 4836 4837 4838
3 4836 4838 4839
3 4840 4841 4842
3 4840 4842 4843
3 4844 4845 4846
3 4844 4846 4847
3 4848 4849 4850
3 4848 4850 4851
3 4852 4853 4854
3 4852 4854 4855
3 4856 4857 4858
3 4856 4858 4859
3 4860 4861 4862
3 4860 4862 4863
3 4864 4865 4866
3 4864 4866 4867
3 4868 4869 4870
3 4868 4870 4871
3 4872 4873 4874
3 4872 4874 4875
3 4876 4877 4878
3 4876 4878 4879
3 4880 4881 4882
3 4880 4882 4883
3 4884 4885 4886
3 4884 4886 4887
3 4888 4889 4890
3 4888 4890 4891
3 4892 4893 4894
3 4892 4894 4895
3 4896 4897 4898
3 4896 4898 4899
3 4900 4901 4902
3 4900 4902 4903
3 4904 4905 4906
3 4904 4906 4907
3 4908 4909 4910
3 4908 4910 4911
3 4912 4913 4914
3 4912 4914 4915
3 4916 4917 4918
3 4916 4918 4919
3 4920 4921 4922
3 4920 4922 4923
3 4924 4925 4926
3 4924 4926 4927
3 4928 4929 4930
3 4928 4930 4931
3 4932 4933 4934
3 4932 4934 4935
3 4936 4937 4938
3 4936 4938 4939
3 4940 4941 4942
3 4940 4942 4943
3 4944 4945 4946
3 4944 4946 4947
3 4948 4949 4950
3 4948 4950 4951
3 4952 4953 4954
3 4952 4954 4955
3 4956 4957 4958
3 4956 4958 4959
3 4960 4961 4962
3 4960 4962 4963
3 4964 4965 4966
3 4964 4966 4967
3 4968 4969 4970
3 4968 4970 4971
3 4972 4973 4974
3 4972 4974 4975
3 4976 4977 4978
3 4976 4978 4979
3 4980 4981 4982
3 4980 4982 4983
3 4984 4985 4986
3 4984 4986 4987
3 4988 4989 4990
3 4988 4990 4991
3 4992 4993 4994
3 4992 4994 4995
3 4996 4997 4998
3 4996 4998 4999
3 5000 5001 5002
3 5000 5002 5003
3 5004 5005 5006
3 5004 5006 5007
3 5008 5009 5010
3 5008 5010 5011
3 5012 5013 5014
3 5012 5014 5015
3 5016 5017 5018
3 5016 5018 5019
3 5020 5021 5022
3 5020 5022 5023
3 5024 5025 5026
3 5024 5026 5027
3 5028 5029 5030
3 5028 5030 5031
3 5032 5033 5034
3 5032 5034 5035
3 5036 5037 5038
3 5036 5038 5039
3 5040 5041 5042
3 5040 5042 5043
3 5044 5045 5046
3 5044 5046 5047
3 5048 5049 5050
3 5048 5050 5051
3 5052 5053 5054
3 5052 5054 5055
3 5056 5057 5058
3 5056 5058 5059
3 5060 5061 5062
3 5060 5062 5063
3 5064 5065 5066
3 5064 5066 5067
3 5068 5069 5070
3 5068 5070 5071
3 5072 5073 5074
3 5072 5074 5075
3 5076 5077 5078
3 5076 5078 5079
3 5080 5081 5082
3 5080 5082 5083
3 5084 5085 5086
3 5084 5086 5087
3 5088 5089 5090
3 5088 5090 5091
3 5092 5093 5094
3 5092 5094 5095
3 5096 5097 5098
3 5096 5098 5099
3 5100 5101 5102
3 5100 5102 5103
3 5104 5105 5106
3 5104 5106 5107
3 5108 5109 5110
3 5108 5110 5111
3 5112 5113 5114
3 5112 5114 5115
3 5116 5117 5118
3 5116 5118 5119
3 5120 5121 5122
3 5120 5122 5123
3 5124 5125 5126
3 5124 5126 5127
3 5128 5129 5130
3 5128 5130 5131
3 5132 5133 5134
3 5132 5134 5135
3 5136 5137 5138
3 5136 5138 5139
3 5140 5141 5142
3 5140 5142 5143
3 5144 5145 5146
3 5144 5146 5147
3 5148 5149 5150
3 5148 5150 5151
3 5152 5153 5154
3 5152 5154 5155
3 5156 5157 5158
3 5156 5158 5159
3 5160 5161 5162
3 5160 5162 5163
3 5164 5165 5166
3 5164 5166 5167
3 5168 5169 5170
3 5168 5170 5171
3 5172 5173 5174
3 5172 5174 5175
3 5176 5177 5178
3 5176 5178 5179
3 5180 5181 5182
3 5180 5182 5183
3 5184 5185 5186
3 5184 5186 5187
3 5188 5189 5190
3 5188 5190 5191
3 5192 5193 5194
3 5192 5194 5195
3 5196 5197 5198
3 5196 5198 5199
3 5200 5201 5202
3 5200 5202 5203
3 5204 5205 5206
3 5204 5206 5207
3 5208 5209 5210
3 5208 5210 5211
3 5212 5213 5214
3 5212 5214 5215
3 5216 5217 5218
3 5216 5218 5219
3 5220 5221 5222
3 5220 5222 5223
3 5224 5225 5226
3 5224 5226 5227
3 5228 5229 5230
3 5228 5230 5231
3 5232 5233 5234
3 5232 5234 5235
3 5236 5237 5238
3 5236 5238 5239
3 5240 5241 5242
3 5240 5242 5243
3 5244 5245 5246
3 5244 5246 5247
3 5248 5249 5250
3 5248 5250 5251
3 5252 5253 5254
3 5252 5254 5255
3 5256 5257 5258
3 5256 5258 5259
3 5260 5261 5262
3 5260 5262 5263
3 5264 5265 5266
3 5264 5266 5267
3 5268 5269 5270
3 5268 5270 5271
3 5272 5273 5274
3 5272 5274 5275
3 5276 5277 5278
3 5276 5278 5279
3 5280 5281 5282
3 5280 5282 5283
3 5284 5285 5286
3 5284 5286 5287
3 5288 5289 5290
3 5288 5290 5291
3 5292 5293 5294
3 5292 5294 5295
3 5296 5297 5298
3 5296 5298 5299
3 5300 5301 5302
3 5300 5302 5303
3 5304 5305 5306
3 5304 5306 5307
3 5308 5309 5310
3 5308 5310 5311
3 5312 5313 5314
3 5312 5314 5315
3 5316 5317 5318
3 5316 5318 5319
3 5320 5321 5322
3 5320 5322 5323
3 5324 5325 5326
3 5324 5326 5327
3 5328 5329 5330
3 5328 5330 5331
3 5332 5333 5334
3 5332 5334 5335
3 5336 5337 5338
3 5336 5338 5339
3 5340 5341 5342
3 5340 5342 5343
3 5344 5345 5346
3 5344 5346 5347
3 5348 5349 5350
3 5348 5350 5351
3 5352 5353 5354
3 5352 5354 5355
3 5356 5357 5358
3 5356 5358 5359
3 5360 5361 5362
3 5360 5362 5363
3 5364 5365 5366
3 5364 5366 5367
3 5368 5369 5370
3 5368 5370 5371
3 5372 5373 5374
3 5372 5374 5375
3 5376 5377 5378
3 5376 5378 5379
3 5380 5381 5382
3 5380 5382 5383
3 5384 5385 5386
3 5384 5386 5387
3 5388 5389 5390
3 5388 5390 5391
3 5392 5393 5394
3 5392 5394 5395
3 5396 5397 5398
3 5396 5398 5399
3 5400 5401 5402
3 5400 5402 5403
3 5404 5405 5406
3 5404 5406 5407
3 5408 5409 5410
3 5408 5410 5411
3 5412 5413 5414
3 5412 5414 5415
3 5416 5417 5418
3 5416 5418 5419
3 5420 5421 5422
3 5420 5422 5423
3 5424 5425 5426
3 5424 5426 5427
3 5428 5429 5430
3 5428 5430 5431
3 5432 5433 5434
3 5432 5434 5435
3 5436 5437 5438
3 5436 5438 5439
3 5440 5441 5442
3 5440 5442 5443
3 5444 5445 5446
3 5444 5446 5447
3 5448 5449 5450
3 5448 5450 5451
3 5452 5453 5454
3 5452 5454 5455
3 5456 5457 5458
3 5456 5458 5459
3 5460 5461 5462
3 5460 5462 5463
3 5464 5465 5466
3 5464 5466 5467
3 5468 5469 5470
3 5468 5470 5471
3 5472 5473 5474
3 5472 5474 5475
3 5476 5477 5478
3 5476 5478 5479
3 5480 5481 5482
3 5480 5482 5483
3 5484 5485 5486
3 5484 5486 5487
3 5488 5489 5490
3 5488 5490 5491
3 5492 5493 5494
3 5492 5494 5495
3 5496 5497 5498
3 5496 5498 5499
3 5500 5501 5502
3 5500 5502 5503
3 5504 5505 5506
3 5504 5506 5507
3 5508 5509 5510
3 5508 5510 5511
3 5512 5513 5514
3 5512 5514 5515
3 5516 5517 5518
3 5516 5518 5519
3 5520 5521 5522
3 5520 5522 5523
3 5524 5525 5526
3 5524 5526 5527
3 5528 5529 5530
3 5528 5530 5531
3 5532 5533 5534
3 5532 5534 5535
3 5536 5537 5538
3 5536 5538 5539
3 5540 5541 5542
3 5540 5542 5543
3 5544 5545 5546
3 5544 5546 5547
3 5548 5549 5550
3 5548 5550 5551
3 5552 5553 5554
3 5552 5554 5555
3 5556 5557 5558
3 5556 5558 5559
3 5560 5561 5562
3 5560 5562 5563
3 5564 5565 5566
3 5564 5566 5567
3 5568 5569 5570
3 5568 5570 5571
3 5572 5573 5574
3 5572 5574 5575
3 5576 5577 5578
3 5576 5578 5579
3 5580 5581 5582
3 5580 5582 5583
3 5584 5585 5586
3 5584 5586 5587
3 5588 5589 5590
3 5588 5590 5591
3 5592 5593 5594
3 5592 5594 5595
3 5596 5597 5598
3 5596 5598 5599
3 5600 5601 5602
3 5600 5602 5603
3 5604 5605 5606
3 5604 5606 5607
3 5608 5609 5610
3 5608 5610 5611
3 5612 5613 5614
3 5612 5614 5615
3 5616 5617 5618
3 5616 5618 5619
3 5620 5621 5622
3 5620 5622 5623
3 5624 5625 5626
3 5624 5626 5627
3 5628 5629 5630
3 5628 5630 5631
3 5632 5633 5634
3 5632 5634 5635
3 5636 5637 5638
3 5636 5638 5639
3 5640 5641 5642
3 5640 5642 5643
3 5644 5645 5646
3 5644 5646 5647
3 5648 5649 5650
3 5648 5650 5651
3 5652 5653 5654
3 5652 5654 5655
3 5656 5657 5658
3 5656 5658 5659
3 5660 5661 5662
3 5660 5662 5663
3 5664 5665 5666
3 5664 5666 5667
3 5668 5669 5670
3 5668 5670 5671
3 5672 5673 5674
3 5672 5674 5675
3 5676 5677 5678
3 5676 5678 5679
3 5680 5681 5682
3 5680 5682 5683
3 5684 5685 5686
3 5684 5686 5687
3 5688 5689 5690
3 5688 5690 5691
3 5692 5693 5694
3 5692 5694 5695
3 5696 5697 5698
3 5696 5698 5699
3 5700 5701 5702
3 5700 5702 5703
3 5704 5705 5706
3 5704 5706 5707
3 5708 5709 5710
3 5708 5710 5711
3 5712 5713 5714
3 5712 5714 5715
3 5716 5717 5718
3 5716 5718 5719
3 5720 5721 5722
3 5720 5722 5723
3 5724 5725 5726
3 5724 5726 5727
3 5728 5729 5730
3 5728 5730 5731
3 5732 5733 5734
3 5732 5734 5735
3 5736 5737 5738
3 5736 5738 5739
3 5740 5741 5742
3 5740 5742 5743
3 5744 5745 5746
3 5744 5746 5747
3 5748 5749 5750
3 5748 5750 5751
3 5752 5753 5754
3 5752 5754 5755
3 5756 5757 5758
3 5756 5758 5759
3 5760 5761 5762
3 5760 5762 5763
3 5764 5765 5766
3 5764 5766 5767
3 5768 5769 5770
3 5768 5770 5771
3 5772 5773 5774
3 5772 5774 5775
3 5776 5777 5778
3 5776 5778 5779
3 5780 5781 5782
3 5780 5782 5783
3 5784 5785 5786
3 5784 5786 5787
3 5788 5789 5790
3 5788 5790 5791
3 5792 5793 5794
3 5792 5794 5795
3 5796 5797 5798
3 5796 5798 5799
3 5800 5801 5802
3 5800 5802 5803
3 5804 5805 5806
3 5804 5806 5807
3 5808 5809 5810
3 5808 5810 5811
3 5812 5813 5814
3 5812 5814 5815
3 5816 5817 5818
3 5816 5818 5819
3 5820 5821 5822
3 5820 5822 5823
3 5824 5825 5826
3 5824 5826 5827
3 5828 5829 5830
3 5828 5830 5831
3 5832 5833 5834
3 5832 5834 5835
3 5836 5837 5838
3 5836 5838 5839
3 5840 5841 5842
3 5840 5842 5843
3 5844 5845 5846
3 5844 5846 5847
3 5848 5849 5850
3 5848 5850 5851
3 5852 5853 5854
3 5852 5854 5855
3 5856 5857 5858
3 5856 5858 5859
3 5860 5861 5862
3 5860 5862 5863
3 5864 5865 5866
3 5864 5866 5867
3 5868 5869 5870
3 5868 5870 5871
3 5872 5873 5874
3 5872 5874 5875
3 5876 5877 5878
3 5876 5878 5879
3 5880 5881 5882
3 5880 5882 5883
3 5884 5885 5886
3 5884 5886 5887
3 5888 5889 5890
3 5888 5890 5891
3 5892 5893 5894
3 5892 5894 5895
3 5896 5897 5898
3 5896 5898 5899
3 5900 5901 5902
3 5900 5902 5903
3 5904 5905 5906
3 5904 5906 5907
3 5908 5909 5910
3 5908 5910 5911
3 5912 5913 5914
3 5912 5914 5915
3 5916 5917 5918
3 5916 5918 5919
3 5920 5921 5922
3 5920 5922 5923
3 5924 5925 5926
3 5924 5926 5927
3 5928 5929 5930
3 5928 5930 5931
3 5932 5933 5934
3 5932 5934 5935
3 5936 5937 5938
3 5936 5938 5939
3 5940 5941 5942
3 5940 5942 5943
3 5944 5945 5946
3 5944 5946 5947
3 5948 5949 5950
3 5948 5950 5951
3 5952 5953 5954
3 5952 5954 5955
3 5956 5957 5958
3 5956 5958 5959
3 5960 5961 5962
3 5960 5962 5963
3 5964 5965 5966
3 5964 5966 5967
3 5968 5969 5970
3 5968 5970 5971
3 5972 5973 5974
3 5972 5974 5975
3 5976 5977 5978
3 5976 5978 5979
3 5980 5981 5982
3 5980 5982 5983
3 5984 5985 5986
3 5984 5986 5987
3 5988 5989 5990
3 5988 5990 5991
3 5992 5993 5994
3 5992 5994 5995
3 5996 5997 5998
3 5996 5998 5999
3 6000 6001 6002
3 6000 6002 6003
3 6004 6005 6006
3 6004 6006 6007
3 6008 6009 6010
3 6008 6010 6011
3 6012 6013 6014
3 6012 6014 6015
3 6016 6017 6018
3 6016 6018 6019
3 6020 6021 6022
3 6020 6022 6023
3 6024 6025 6026
3 6024 6026 6027
3 6028 6029 6030
3 6028 6030 6031
3 6032 6033 6034
3 6032 6034 6035
3 6036 6037 6038
3 6036 6038 6039
3 6040 6041 6042
3 6040 6042 6043
3 6044 6045 6046
3 6044 6046 6047
3 6048 6049 6050
3 6048 6050 6051
3 6052 6053 6054
3 6052 6054 6055
3 6056 6057 6058
3 6056 6058 6059
3 6060 6061 6062
3 6060 6062 6063
3 6064 6065 6066
3 6064 6066 6067
3 6068 6069 6070
3 6068 6070 6071
3 6072 6073 6074
3 6072 6074 6075
3 6076 6077 6078
3 6076 6078 6079
3 6080 6081 6082
3 6080 6082 6083
3 6084 6085 6086
3 6084 6086 6087
3 6088 6089 6090
3 6088 6090 6091
3 6092 6093 6094
3 6092 6094 6095
3 6096 6097 6098
3 6096 6098 6099
3 6100 6101 6102
3 6100 6102 6103
3 6104 6105 6106
3 6104 6106 6107
3 6108 6109 6110
3 6108 6110 6111
3 6112 6113 6114
3 6112 6114 6115
3 6116 6117 6118
3 6116 6118 6119
3 6120 6121 6122
3 6120 6122 6123
3 6124 6125 6126
3 6124 6126 6127
3 6128 6129 6130
3 6128 6130 6131
3 6132 6133 6134
3 6132 6134 6135
3 6136 6137 6138
3 6136 6138 6139
3 6140 6141 6142
3 6140 6142 6143
3 6144 6145 6146
3 6144 6146 6147
3 6148 6149 6150
3 6148 6150 6151
3 6152 6153 6154
3 6152 6154 6155
3 6156 6157 6158
3 6156 6158 6159
3 6160 6161 6162
3 6160 6162 6163
3 6164 6165 6166
3 6164 6166 6167
3 6168 6169 6170
3 6168 6170 6171
3 6172 6173 6174
3 6172 6174 6175
3 6176 6177 6178
3 6176 6178 6179
3 6180 6181 6182
3 6180 6182 6183
3 6184 6185 6186
3 6184 6186 6187
3 6188 6189 6190
3 6188 6190 6191
3 6192 6193 6194
3 6192 6194 6195
3 6196 6197 6198
3 6196 6198 6199
3 6200 6201 6202
3 6200 6202 6203
3 6204 6205 6206
3 6204 6206 6207
3 6208 6209 6210
3 6208 6210 6211
3 6212 6213 6214
3 6212 6214 6215
3 6216 6217 6218
3 6216 6218 6219
3 6220 6221 6222
3 6220 6222 6223
3 6224 6225 6226
3 6224 6226 6227
3 6228 6229 6230
3 6228 6230 6231
3 6232 6233 6234
3 6232 6234 6235
3 6236 6237 6238
3 6236 6238 6239
3 6240 6241 6242
3 6240 6242 6243
3 6244 6245 6246
3 6244 6246 6247
3 6248 6249 6250
3 6248 6250 6251
3 6252 6253 6254
3 6252 6254 6255
3 6256 6257 6258
3 6256 6258 6259
3 6260 6261 6262
3 6260 6262 6263
3 6264 6265 6266
3 6264 6266 6267
3 6268 6269 6270
3 6268 6270 6271
3 6272 6273 6274
3 6272 6274 6275
3 6276 6277 6278
3 6276 6278 6279
3 6280 6281 6282
3 6280 6282 6283
3 6284 6285 6286
3 6284 6286 6287
3 6288 6289 6290
3 6288 6290 6291
3 6292 6293 6294
3 6292 6294 6295
3 6296 6297 6298
3 6296 6298 6299
3 6300 6301 6302
3 6300 6302 6303
3 6304 6305 6306
3 6304 6306 6307
3 6308 6309 6310
3 6308 6310 6311
3 6312 6313 6314
3 6312 6314 6315
3 6316 6317 6318
3 6316 6318 6319
3 6320 6321 6322
3 6320 6322 6323
3 6324 6325 6326
3 6324 6326 6327
3 6328 6329 6330
3 6328 6330 6331
3 6332 6333 6334
3 6332 6334 6335
3 6336 6337 6338
3 6336 6338 6339
3 6340 6341 6342
3 6340 6342 6343
3 6344 6345 6346
3 6344 6346 6347
3 6348 6349 6350
3 6348 6350 6351
3 6352 6353 6354
3 6352 6354 6355
3 6356 6357 6358
3 6356 6358 6359
3 6360 6361 6362
3 6360 6362 6363
3 6364 6365 6366
3 6364 6366 6367
3 6368 6369 6370
3 6368 6370 6371
3 6372 6373 6374
3 6372 6374 6375
3 6376 6377 6378
3 6376 6378 6379
3 6380 6381 6382
3 6380 6382 6383
3 6384 6385 6386
3 6384 6386 6387
3 6388 6389 6390
3 6388 6390 6391
3 6392 6393 6394
3 6392 6394 6395
3 6396 6397 6398
3 6396 6398 6399
3 6400 6401 6402
3 6400 6402 6403
3 6404 6405 6406
3 6404 6406 6407
3 6408 6409 6410
3 6408 6410 6411
3 6412 6413 6414
3 6412 6414 6415
3 6416 6417 6418
3 6416 6418 6419
3 6420 6421 6422
3 6420 6422 6423
3 6424 6425 6426
3 6424 6426 6427
3 6428 6429 6430
3 6428 6430 6431
3 6432 6433 6434
3 6432 6434 6435
3 6436 6437 6438
3 6436 6438 6439
3 6440 6441 6442
3 6440 6442 6443
3 6444 6445 6446
3 6444 6446 6447
3 6448 6449 6450
3 6448 6450 6451
3 6452 6453 6454
3 6452 6454 6455
3 6456 6457 6458
3 6456 6458 6459
3 6460 6461 6462
3 6460 6462 6463
3 6464 6465 6466
3 6464 6466 6467
3 6468 6469 6470
3 6468 6470 6471
3 6472 6473 6474
3 6472 6474 6475
3 6476 6477 6478
3 6476 6478 6479
3 6480 6481 6482
3 6480 6482 6483
3 6484 6485 6486
3 6484 6486 6487
3 6488 6489 6490
3 6488 6490 6491
3 6492 6493 6494
3 6492 6494 6495
3 6496 6497 6498
3 6496 6498 6499
3 6500 6501 6502
3 6500 6502 6503
3 6504 6505 6506
3 6504 6506 6507
3 6508 6509 6510
3 6508 6510 6511
3 6512 6513 6514
3 6512 6514 6515
3 6516 6517 6518
3 6516 6518 6519
3 6520 6521 6522
3 6520 6522 6523
3 6524 6525 6526
3 6524 6526 6527
3 6528 6529 6530
3 6528 6530 6531
3 6532 6533 6534
3 6532 6534 6535
3 6536 6537 6538
3 6536 6538 6539
3 6540 6541 6542
3 6540 6542 6543
3 6544 6545 6546
3 6544 6546 6547
3 6548 6549 6550
3 6548 6550 6551
3 6552 6553 6554
3 6552 6554 6555
3 6556 6557 6558
3 6556 6558 6559
3 6560 6561 6562
3 6560 6562 6563
3 6564 6565 6566
3 6564 6566 6567
3 6568 6569 6570
3 6568 6570 6571
3 6572 6573 6574
3 6572 6574 6575
3 6576 6577 6578
3 6576 6578 6579
3 6580 6581 6582
3 6580 6582 6583
3 6584 6585 6586
3 6584 6586 6587
3 6588 6589 6590
3 6588 6590 6591
3 6592 6593 6594
3 6592 6594 6595
3 6596 6597 6598
3 6596 6598 6599
3 6600 6601 6602
3 6600 6602 6603
3 6604 6605 6606
3 6604 6606 6607
3 6608 6609 6610
3 6608 6610 6611
3 6612 6613 6614
3 6612 6614 6615
3 6616 6617 6618
3 6616 6618 6619
3 6620 6621 6622
3 6620 6622 6623
3 6624 6625 6626
3 6624 6626 6627
3 6628 6629 6630
3 6628 6630 6631
3 6632 6633 6634
3 6632 6634 6635
3 6636 6637 6638
3 6636 6638 6639
3 6640 6641 6642
3 6640 6642 6643
3 6644 6645 6646
3 6644 6646 6647
3 6648 6649 6650
3 6648 6650 6651
3 6652 6653 6654
3 6652 6654 6655
3 6656 6657 6658
3 6656 6658 6659
3 6660 6661 6662
3 6660 6662 6663
3 6664 6665 6666
3 6664 6666 6667
3 6668 6669 6670
3 6668 6670 6671
3 6672 6673 6674
3 6672 6674 6675
3 6676 6677 6678
3 6676 6678 6679
3 6680 6681 6682
3 6680 6682 6683
3 6684 6685 6686
3 6684 6686 6687
3 6688 6689 6690
3 6688 6690 6691
3 6692 6693 6694
3 6692 6694 6695
3 6696 6697 6698
3 6696 6698 6699
3 6700 6701 6702
3 6700 6702 6703
3 6704 6705 6706
3 6704 6706 6707
3 6708 6709 6710
3 6708 6710 6711
3 6712 6713 6714
3 6712 6714 6715
3 6716 6717 6718
3 6716 6718 6719
3 6720 6721 6722
3 6720 6722 6723
3 6724 6725 6726
3 6724 6726 6727
3 6728 6729 6730
3 6728 6730 6731
3 6732 6733 6734
3 6732 6734 6735
3 6736 6737 6738
3 6736 6738 6739
3 6740 6741 6742
3 6740 6742 6743
3 6744 6745 6746
3 6744 6746 6747
3 6748 6749 6750
3 6748 6750 6751
3 6752 6753 6754
3 6752 6754 6755
3 6756 6757 6758
3 6756 6758 6759
3 6760 6761 6762
3 6760 6762 6763
3 6764 6765 6766
3 6764 6766 6767
3 6768 6769 6770
3 6768 6770 6771
3 6772 6773 6774
3 6772 6774 6775
3 6776 6777 6778
3 6776 6778 6779
3 6780 6781 6782
3 6780 6782 6783
3 6784 6785 6786
3 6784 6786 6787
3 6788 6789 6790
3 6788 6790 6791
3 6792 6793 6794
3 6792 6794 6795
3 6796 6797 6798
3 6796 6798 6799
3 6800 6801 6802
3 6800 6802 6803
3 6804 6805 6806
3 6804 6806 6807
3 6808 6809 6810
3 6808 6810 6811
3 6812 6813 6814
3 6812 6814 6815
3 6816 6817 6818
3 6816 6818 6819
3 6820 6821 6822
3 6820 6822 6823
3 6824 6825 6826
3 6824 6826 6827
3 6828 6829 6830
3 6828 6830 6831
3 6832 6833 6834
3 6832 6834 6835
3 6836 6837 6838
3 6836 6838 6839
3 6840 6841 6842
3 6840 6842 6843
3 6844 6845 6846
3 6844 6846 6847
3 6848 6849 6850
3 6848 6850 6851
3 6852 6853 6854
3 6852 6854 6855
3 6856 6857 6858
3 6856 6858 6859
3 6860 6861 6862
3 6860 6862 6863
3 6864 6865 6866
3 6864 6866 6867
3 6868 6869 6870
3 6868 6870 6871
3 6872 6873 6874
3 6872 6874 6875
3 6876 6877 6878
3 6876 6878 6879
3 6880 6881 6882
3 6880 6882 6883
3 6884 6885 6886
3 6884 6886 6887
3 6888 6889 6890
3 6888 6890 6891
3 6892 6893 6894
3 6892 6894 6895
3 6896 6897 6898
3 6896 6898 6899
3 6900 6901 6902
3 6900 6902 6903
3 6904 6905 6906
3 6904 6906 6907
3 6908 6909 6910
3 6908 6910 6911
3 6912 6913 6914
3 6912 6914 6915
3 6916 6917 6918
3 6916 6918 6919
3 6920 6921 6922
3 6920 6922 6923
3 6924 6925 6926
3 6924 6926 6927
3 6928 6929 6930
3 6928 6930 6931
3 6932 6933 6934
3 6932 6934 6935
3 6936 6937 6938
3 6936 6938 6939
3 6940 6941 6942
3 6940 6942 6943
3 6944 6945 6946
3 6944 6946 6947
3 6948 6949 6950
3 6948 6950 6951
3 6952 6953 6954
3 6952 6954 6955
3 6956 6957 6958
3 6956 6958 6959
3 6960 6961 6962
3 6960 6962 6963
3 6964 6965 6966
3 6964 6966 6967
3 6968 6969 6970
3 6968 6970 6971
3 6972 6973 6974
3 6972 6974 6975
3 6976 6977 6978
3 6976 6978 6979
3 6980 6981 6982
3 6980 6982 6983
3 6984 6985 6986
3 6984 6986 6987
3 6988 6989 6990
3 6988 6990 6991
3 6992 6993 6994
3 6992 6994 6995
3 6996 6997 6998
3 6996 6998 6999
3 7000 7001 7002
3 7000 7002 7003
3 7004 7005 7006
3 7004 7006 7007
3 7008 7009 7010
3 7008 7010 7011
3 7012 7013 7014
3 7012 7014 7015
3 7016 7017 7018
3 7016 7018 7019
3 7020 7021 7022
3 7020 7022 7023
3 7024 7025 7026
3 7024 7026 7027
3 7028 7029 7030
3 7028 7030 7031
3 7032 7033 7034
3 7032 7034 7035
3 7036 7037 7038
3 7036 7038 7039
3 7040 7041 7042
3 7040 7042 7043
3 7044 7045 7046
3 7044 7046 7047
3 7048 7049 7050
3 7048 7050 7051
3 7052 7053 7054
3 7052 7054 7055
3 7056 7057 7058
3 7056 7058 7059
3 7060 7061 7062
3 7060 7062 7063
3 7064 7065 7066
3 7064 7066 7067
3 7068 7069 7070
3 7068 7070 7071
3 7072 7073 7074
3 7072 7074 7075
3 7076 7077 7078
3 7076 7078 7079
3 7080 7081 7082
3 7080 7082 7083
3 7084 7085 7086
3 7084 7086 7087
3 7088 7089 7090
3 7088 7090 7091
3 7092 7093 7094
3 7092 7094 7095
3 7096 7097 7098
3 7096 7098 7099
3 7100 7101 7102
3 7100 7102 7103
3 7104 7105 7106
3 7104 7106 7107
3 7108 7109 7110
3 7108 7110 7111
3 7112 7113 7114
3 7112 7114 7115
3 7116 7117 7118
3 7116 7118 7119
3 7120 7121 7122
3 7120 7122 7123
3 7124 7125 7126
3 7124 7126 7127
3 7128 7129 7130
3 7128 7130 7131
3 7132 7133 7134
3 7132 7134 7135
3 7136 7137 7138
3 7136 7138 7139
3 7140 7141 7142
3 7140 7142 7143
3 7144 7145 7146
3 7144 7146 7147
3 7148 7149 7150
3 7148 7150 7151
3 7152 7153 7154
3 7152 7154 7155
3 7156 7157 7158
3 7156 7158 7159
3 7160 7161 7162
3 7160 7162 7163
3 7164 7165 7166
3 7164 7166 7167
3 7168 7169 7170
3 7168 7170 7171
3 7172 7173 7174
3 7172 7174 7175
3 7176 7177 7178
3 7176 7178 7179
3 7180 7181 7182
3 7180 7182 7183
3 7184 7185 7186
3 7184 7186 7187
3 7188 7189 7190
3 7188 7190 7191
3 7192 7193 7194
3 7192 7194 7195
3 7196 7197 7198
3 7196 7198 7199
3 7200 7201 7202
3 7200 7202 7203
3 7204 7205 7206
3 7204 7206 7207
3 7208 7209 7210
3 7208 7210 7211
3 7212 7213 7214
3 7212 7214 7215
3 7216 7217 7218
3 7216 7218 7219
3 7220 7221 7222
3 7220 7222 7223
3 7224 7225 7226
3 7224 7226 7227
3 7228 7229 7230
3 7228 7230 7231
3 7232 7233 7234
3 7232 7234 7235
3 7236 7237 7238
3 7236 7238 7239
3 7240 7241 7242
3 7240 7242 7243
3 7244 7245 7246
3 7244 7246 7247
3 7248 7249 7250
3 7248 7250 7251
3 7252 7253 7254
3 7252 7254 7255
3 7256 7257 7258
3 7256 7258 7259
3 7260 7261 7262
3 7260 7262 7263
3 7264 7265 7266
3 7264 7266 7267
3 7268 7269 7270
3 7268 7270 7271
3 7272 7273 7274
3 7272 7274 7275
3 7276 7277 7278
3 7276 7278 7279
3 7280 7281 7282
3 7280 7282 7283
3 7284 7285 7286
3 7284 7286 7287
3 7288 7289 7290
3 7288 7290 7291
3 7292 7293 7294
3 7292 7294 7295
3 7296 7297 7298
3 7296 7298 7299
3 7300 7301 7302
3 7300 7302 7303
3 7304 7305 7306
3 7304 7306 7307
3 7308 7309 7310
3 7308 7310 7311
3 7312 7313 7314
3 7312 7314 7315
3 7316 7317 7318
3 7316 7318 7319
3 7320 7321 7322
3 7320 7322 7323
3 7324 7325 7326
3 7324 7326 7327
3 7328 7329 7330
3 7328 7330 7331
3 7332 7333 7334
3 7332 7334 7335
3 7336 7337 7338
3 7336 7338 7339
3 7340 7341 7342
3 7340 7342 7343
3 7344 7345 7346
3 7344 7346 7347
3 7348 7349 7350
3 7348 7350 7351
3 7352 7353 7354
3 7352 7354 7355
3 7356 7357 7358
3 7356 7358 7359
3 7360 7361 7362
3 7360 7362 7363
3 7364 7365 7366
3 7364 7366 7367
3 7368 7369 7370
3 7368 7370 7371
3 7372 7373 7374
3 7372 7374 7375
3 7376 7377 7378
3 7376 7378 7379
3 7380 7381 7382
3 7380 7382 7383
3 7384 7385 7386
3 7384 7386 7387
3 7388 7389 7390
3 7388 7390 7391
3 7392 7393 7394
3 7392 7394 7395
3 7396 7397 7398
3 7396 7398 7399
3 7400 7401 7402
3 7400 7402 7403
3 7404 7405 7406
3 7404 7406 7407
3 7408 7409 7410
3 7408 7410 7411
3 7412 7413 7414
3 7412 7414 7415
3 7416 7417 7418
3 7416 7418 7419
3 7420 7421 7422
3 7420 7422 7423
3 7424 7425 7426
3 7424 7426 7427
3 7428 7429 7430
3 7428 7430 7431
3 7432 7433 7434
3 7432 7434 7435
3 7436 7437 7438
3 7436 7438 7439
3 7440 7441 7442
3 7440 7442 7443
3 7444 7445 7446
3 7444 7446 7447
3 7448 7449 7450
3 7448 7450 7451
3 7452 7453 7454
3 7452 7454 7455
3 7456 7457 7458
3 7456 7458 7459
3 7460 7461 7462
3 7460 7462 7463
3 7464 7465 7466
3 7464 7466 7467
3 7468 7469 7470
3 7468 7470 7471
3 7472 7473 7474
3 7472 7474 7475
3 7476 7477 7478
3 7476 7478 7479
3 7480 7481 7482
3 7480 7482 7483
3 7484 7485 7486
3 7484 7486 7487
3 7488 7489 7490
3 7488 7490 7491
3 7492 7493 7494
3 7492 7494 7495
3 7496 7497 7498
3 7496 7498 7499
3 7500 7501 7502
3 7500 7502 7503
3 7504 7505 7506
3 7504 7506 7507
3 7508 7509 7510
3 7508 7510 7511
3 7512 7513 7514
3 7512 7514 7515
3 7516 7517 7518
3 7516 7518 7519
3 7520 7521 7522
3 7520 7522 7523
3 7524 7525 7526
3 7524 7526 7527
3 7528 7529 7530
3 7528 7530 7531
3 7532 7533 7534
3 7532 7534 7535
3 7536 7537 7538
3 7536 7538 7539
3 7540 7541 7542
3 7540 7542 7543
3 7544 7545 7546
3 7544 7546 7547
3 7548 7549 7550
3 7548 7550 7551
3 7552 7553 7554
3 7552 7554 7555
3 7556 7557 7558
3 7556 7558 7559
3 7560 7561 7562
3 7560 7562 7563
3 7564 7565 7566
3 7564 7566 7567
3 7568 7569 7570
3 7568 7570 7571
3 7572 7573 7574
3 7572 7574 7575
3 7576 7577 7578
3 7576 7578 7579
3 7580 7581 7582
3 7580 7582 7583
3 7584 7585 7586
3 7584 7586 7587
3 7588 7589 7590
3 7588 7590 7591
3 7592 7593 7594
3 7592 7594 7595
3 7596 7597 7598
3 7596 7598 7599
3 7600 7601 7602
3 7600 7602 7603
3 7604 7605 7606
3 7604 7606 7607
3 7608 7609 7610
3 7608 7610 7611
3 7612 7613 7614
3 7612 7614 7615
3 7616 7617 7618
3 7616 7618 7619
3 7620 7621 7622
3 7620 7622 7623
3 7624 7625 7626
3 7624 7626 7627
3 7628 7629 7630
3 7628 7630 7631
3 7632 7633 7634
3 7632 7634 7635
3 7636 7637 7638
3 7636 7638 7639
3 7640 7641 7642
3 7640 7642 7643
3 7644 7645 7646
3 7644 7646 7647
3 7648 7649 7650
3 7648 7650 7651
3 7652 7653 7654
3 7652 7654 7655
3 7656 7657 7658
3 7656 7658 7659
3 7660 7661 7662
3 7660 7662 7663
3 7664 7665 7666
3 7664 7666 7667
3 7668 7669 7670
3 7668 7670 7671
3 7672 7673 7674
3 7672 7674 7675
3 7676 7677 7678
3 7676 7678 7679
3 7680 7681 7682
3 7680 7682 7683
3 7684 7685 7686
3 7684 7686 7687
3 7688 7689 7690
3 7688 7690 7691
3 7692 7693 7694
3 7692 7694 7695
3 7696 7697 7698
3 7696 7698 7699
3 7700 7701 7702
3 7700 7702 7703
3 7704 7705 7706
3 7704 7706 7707
3 7708 7709 7710
3 7708 7710 7711
3 7712 7713 7714
3 7712 7714 7715
3 7716 7717 7718
3 7716 7718 7719
3 7720 7721 7722
3 7720 7722 7723
3 7724 7725 7726
3 7724 7726 7727
3 7728 7729 7730
3 7728 7730 7731
3 7732 7733 7734
3 7732 7734 7735
3 7736 7737 7738
3 7736 7738 7739
3 7740 7741 7742
3 7740 7742 7743
3 7744 7745 7746
3 7744 7746 7747
3 7748 7749 7750
3 7748 7750 7751
3 7752 7753 7754
3 7752 7754 7755
3 7756 7757 7758
3 7756 7758 7759
3 7760 7761 7762
3 7760 7762 7763
3 7764 7765 7766
3 7764 7766 7767
3 7768 7769 7770
3 7768 7770 7771
3 7772 7773 7774
3 7772 7774 7775
3 7776 7777 7778
3 7776 7778 7779
3 7780 7781 7782
3 7780 7782 7783
3 7784 7785 7786
3 7784 7786 7787
3 7788 7789 7790
3 7788 7790 7791
3 7792 7793 7794
3 7792 7794 7795
3 7796 7797 7798
3 7796 7798 7799
3 7800 7801 7802
3 7800 7802 7803
3 7804 7805 7806
3 7804 7806 7807
3 7808 7809 7810
3 7808 7810 7811
3 7812 7813 7814
3 7812 7814 7815
3 7816 7817 7818
3 7816 7818 7819
3 7820 7821 7822
3 7820 7822 7823
3 7824 7825 7826
3 7824 7826 7827
3 7828 7829 7830
3 7828 7830 7831
3 7832 7833 7834
3 7832 7834 7835
3 7836 7837 7838
3 7836 7838 7839
3 7840 7841 7842
3 7840 7842 7843
3 7844 7845 7846
3 7844 7846 7847
3 7848 7849 7850
3 7848 7850 7851
3 7852 7853 7854
3 7852 7854 7855
3 7856 7857 7858
3 7856 7858 7859
3 7860 7861 7862
3 7860 7862 7863
3 7864 7865 7866
3 7864 7866 7867
3 7868 7869 7870
3 7868 7870 7871
3 7872 7873 7874
3 7872 7874 7875
3 7876 7877 7878
3 7876 7878 7879
3 7880 7881 7882
3 7880 7882 7883
3 7884 7885 7886
3 7884 7886 7887
3 7888 7889 7890
3 7888 7890 7891
3 7892 7893 7894
3 7892 7894 7895
3 7896 7897 7898
3 7896 7898 7899
3 7900 7901 7902
3 7900 7902 7903
3 7904 7905 7906
3 7904 7906 7907
3 7908 7909 7910
3 7908 7910 7911
3 7912 7913 7914
3 7912 7914 7915
3 7916 7917 7918
3 7916 7918 7919
3 7920 7921 7922
3 7920 7922 7923
3 7924 7925 7926
3 7924 7926 7927
3 7928 7929 7930
3 7928 7930 7931
3 7932 7933 7934
3 7932 7934 7935
3 7936 7937 7938
3 7936 7938 7939
3 7940 7941 7942
3 7940 7942 7943
3 7944 7945 7946
3 7944 7946 7947
3 7948 7949 7950
3 7948 7950 7951
3 7952 7953 7954
3 7952 7954 7955
3 7956 7957 7958
3 7956 7958 7959
3 7960 7961 7962
3 7960 7962 7963
3 7964 7965 7966
3 7964 7966 7967
3 7968 7969 7970
3 7968 7970 7971
3 7972 7973 7974
3 7972 7974 7975
3 7976 7977 7978
3 7976 7978 7979
3 7980 7981 7982
3 7980 7982 7983
3 7984 7985 7986
3 7984 7986 7987
3 7988 7989 7990
3 7988 7990 7991
3 7992 7993 7994
3 7992 7994 7995
3 7996 7997 7998
3 7996 7998 7999
3 8000 8001 8002
3 8000 8002 8003
3 8004 8005 8006
3 8004 8006 8007
3 8008 8009 8010
3 8008 8010 8011
3 8012 8013 8014
3 8012 8014 8015
3 8016 8017 8018
3 8016 8018 8019
3 8020 8021 8022
3 8020 8022 8023
3 8024 8025 8026
3 8024 8026 8027
3 8028 8029 8030
3 8028 8030 8031
3 8032 8033 8034
3 8032 8034 8035
3 8036 8037 8038
3 8036 8038 8039
3 8040 8041 8042
3 8040 8042 8043
3 8044 8045 8046
3 8044 8046 8047
3 8048 8049 8050
3 8048 8050 8051
3 8052 8053 8054
3 8052 8054 8055
3 8056 8057 8058
3 8056 8058 8059
3 8060 8061 8062
3 8060 8062 8063
3 8064 8065 8066
3 8064 8066 8067
3 8068 8069 8070
3 8068 8070 8071
3 8072 8073 8074
3 8072 8074 8075
3 8076 8077 8078
3 8076 8078 8079
3 8080 8081 8082
3 8080 8082 8083
3 8084 8085 8086
3 8084 8086 8087
3 8088 8089 8090
3 8088 8090 8091
3 8092 8093 8094
3 8092 8094 8095
3 8096 8097 8098
3 8096 8098 8099
3 8100 8101 8102
3 8100 8102 8103
3 8104 8105 8106
3 8104 8106 8107
3 8108 8109 8110
3 8108 8110 8111
3 8112 8113 8114
3 8112 8114 8115
3 8116 8117 8118
3 8116 8118 8119
3 8120 8121 8122
3 8120 8122 8123
3 8124 8125 8126
3 8124 8126 8127
3 8128 8129 8130
3 8128 8130 8131
3 8132 8133 8134
3 8132 8134 8135
3 8136 8137 8138
3 8136 8138 8139
3 8140 8141 8142
3 8140 8142 8143
3 8144 8145 8146
3 8144 8146 8147
3 8148 8149 8150
3 8148 8150 8151
3 8152 8153 8154
3 8152 8154 8155
3 8156 8157 8158
3 8156 8158 8159
3 8160 8161 8162
3 8160 8162 8163
3 8164 8165 8166
3 8164 8166 8167
3 8168 8169 8170
3 8168 8170 8171
3 8172 8173 8174
3 8172 8174 8175
3 8176 8177 8178
3 8176 8178 8179
3 8180 8181 8182
3 8180 8182 8183
3 8184 8185 8186
3 8184 8186 8187
3 8188 8189 8190
3 8188 8190 8191
3 8192 8193 8194
3 8192 8194 8195
3 8196 8197 8198
3 8196 8198 8199
3 8200 8201 8202
3 8200 8202 8203
3 8204 8205 8206
3 8204 8206 8207
3 8208 8209 8210
3 8208 8210 8211
3 8212 8213 8214
3 8212 8214 8215
3 8216 8217 8218
3 8216 8218 8219
3 8220 8221 8222
3 8220 8222 8223
3 8224 8225 8226
3 8224 8226 8227
3 8228 8229 8230
3 8228 8230 8231
3 8232 8233 8234
3 8232 8234 8235
3 8236 8237 8238
3 8236 8238 8239
3 8240 8241 8242
3 8240 8242 8243
3 8244 8245 8246
3 8244 8246 8247
3 8248 8249 8250
3 8248 8250 8251
3 8252 8253 8254
3 8252 8254 8255
3 8256 8257 8258
3 8256 8258 8259
3 8260 8261 8262
3 8260 8262 8263
3 8264 8265 8266
3 8264 8266 8267
3 8268 8269 8270
3 8268 8270 8271
3 8272 8273 8274
3 8272 8274 8275
3 8276 8277 8278
3 8276 8278 8279
3 8280 8281 8282
3 8280 8282 8283
3 8284 8285 8286
3 8284 8286 8287
3 8288 8289 8290
3 8288 8290 8291
3 8292 8293 8294
3 8292 8294 8295
3 8296 8297 8298
3 8296 8298 8299
3 8300 8301 8302
3 8300 8302 8303
3 8304 8305 8306
3 8304 8306 8307
3 8308 8309 8310
3 8308 8310 8311
3 8312 8313 8314
3 8312 8314 8315
3 8316 8317 8318
3 8316 8318 8319
3 8320 8321 8322
3 8320 8322 8323
3 8324 8325 8326
3 8324 8326 8327
3 8328 8329 8330
3 8328 8330 8331
3 8332 8333 8334
3 8332 8334 8335
3 8336 8337 8338
3 8336 8338 8339
3 8340 8341 8342
3 8340 8342 8343
3 8344 8345 8346
3 8344 8346 8347
3 8348 8349 8350
3 8348 8350 8351
3 8352 8353 8354
3 8352 8354 8355
3 8356 8357 8358
3 8356 8358 8359
3 8360 8361 8362
3 8360 8362 8363
3 8364 8365 8366
3 8364 8366 8367
3 8368 8369 8370
3 8368 8370 8371
3 8372 8373 8374
3 8372 8374 8375
3 8376 8377 8378
3 8376 8378 8379
3 8380 8381 8382
3 8380 8382 8383
3 8384 8385 8386
3 8384 8386 8387
3 8388 8389 8390
3 8388 8390 8391
3 8392 8393 8394
3 8392 8394 8395
3 8396 8397 8398
3 8396 8398 8399
3 8400 8401 8402
3 8400 8402 8403
3 8404 8405 8406
3 8404 8406 8407
3 8408 8409 8410
3 8408 8410 8411
3 8412 8413 8414
3 8412 8414 8415
3 8416 8417 8418
3 8416 8418 8419
3 8420 8421 8422
3 8420 8422 8423
3 8424 8425 8426
3 8424 8426 8427
3 8428 8429 8430
3 8428 8430 8431
3 8432 8433 8434
3 8432 8434 8435
3 8436 8437 8438
3 8436 8438 8439
3 8440 8441 8442
3 8440 8442 8443
3 8444 8445 8446
3 8444 8446 8447
3 8448 8449 8450
3 8448 8450 8451
3 8452 8453 8454
3 8452 8454 8455
3 8456 8457 8458
3 8456 8458 8459
3 8460 8461 8462
3 8460 8462 8463
3 8464 8465 8466
3 8464 8466 8467
3 8468 8469 8470
3 8468 8470 8471
3 8472 8473 8474
3 8472 8474 8475
3 8476 8477 8478
3 8476 8478 8479
3 8480 8481 8482
3 8480 8482 8483
3 8484 8485 8486
3 8484 8486 8487
3 8488 8489 8490
3 8488 8490 8491
3 8492 8493 8494
3 8492 8494 8495
3 8496 8497 8498
3 8496 8498 8499
3 8500 8501 8502
3 8500 8502 8503
3 8504 8505 8506
3 8504 8506 8507
3 8508 8509 8510
3 8508 8510 8511
3 8512 8513 8514
3 8512 8514 8515
3 8516 8517 8518
3 8516 8518 8519
3 8520 8521 8522
3 8520 8522 8523
3 8524 8525 8526
3 8524 8526 8527
3 8528 8529 8530
3 8528 8530 8531
3 8532 8533 8534
3 8532 8534 8535
3 8536 8537 8538
3 8536 8538 8539
3 8540 8541 8542
3 8540 8542 8543
3 8544 8545 8546
3 8544 8546 8547
3 8548 8549 8550
3 8548 8550 8551
3 8552 8553 8554
3 8552 8554 8555
3 8556 8557 8558
3 8556 8558 8559
3 8560 8561 8562
3 8560 8562 8563
3 8564 8565 8566
3 8564 8566 8567
3 8568 8569 8570
3 8568 8570 8571
3 8572 8573 8574
3 8572 8574 8575
3 8576 8577 8578
3 8576 8578 8579
3 8580 8581 8582
3 8580 8582 8583
3 8584 8585 8586
3 8584 8586 8587
3 8588 8589 8590
3 8588 8590 8591
3 8592 8593 8594
3 8592 8594 8595
3 8596 8597 8598
3 8596 8598 8599
3 8600 8601 8602
3 8600 8602 8603
3 8604 8605 8606
3 8604 8606 8607
3 8608 8609 8610
3 8608 8610 8611
3 8612 8613 8614
3 8612 8614 8615
3 8616 8617 8618
3 8616 8618 8619
3 8620 8621 8622
3 8620 8622 8623
3 8624 8625 8626
3 8624 8626 8627
3 8628 8629 8630
3 8628 8630 8631
3 8632 8633 8634
3 8632 8634 8635
3 8636 8637 8638
3 8636 8638 8639
3 8640 8641 8642
3 8640 8642 8643
3 8644 8645 8646
3 8644 8646 8647
3 8648 8649 8650
3 8648 8650 8651
3 8652 8653 8654
3 8652 8654 8655
3 8656 8657 8658
3 8656 8658 8659
3 8660 8661 8662
3 8660 8662 8663
3 8664 8665 8666
3 8664 8666 8667
3 8668 8669 8670
3 8668 8670 8671
3 8672 8673 8674
3 8672 8674 8675
3 8676 8677 8678
3 8676 8678 8679
3 8680 8681 8682
3 8680 8682 8683
3 8684 8685 8686
3 8684 8686 8687
3 8688 8689 8690
3 8688 8690 8691
3 8692 8693 8694
3 8692 8694 8695
3 8696 8697 8698
3 8696 8698 8699
3 8700 8701 8702
3 8700 8702 8703
3 8704 8705 8706
3 8704 8706 8707
3 8708 8709 8710
3 8708 8710 8711
3 8712 8713 8714
3 8712 8714 8715
3 8716 8717 8718
3 8716 8718 8719
3 8720 8721 8722
3 8720 8722 8723
3 8724 8725 8726
3 8724 8726 8727
3 8728 8729 8730
3 8728 8730 8731
3 8732 8733 8734
3 8732 8734 8735
3 8736 8737 8738
3 8736 8738 8739
3 8740 8741 8742
3 8740 8742 8743
3 8744 8745 8746
3 8744 8746 8747
3 8748 8749 8750
3 8748 8750 8751
3 8752 8753 8754
3 8752 8754 8755
3 8756 8757 8758
3 8756 8758 8759
3 8760 8761 8762
3 8760 8762 8763
3 8764 8765 8766
3 8764 8766 8767
3 8768 8769 8770
3 8768 8770 8771
3 8772 8773 8774
3 8772 8774 8775
3 8776 8777 8778
3 8776 8778 8779
3 8780 8781 8782
3 8780 8782 8783
3 8784 8785 8786
3 8784 8786 8787
3 8788 8789 8790
3 8788 8790 8791
3 8792 8793 8794
3 8792 8794 8795
3 8796 8797 8798
3 8796 8798 8799
3 8800 8801 8802
3 8800 8802 8803
3 8804 8805 8806
3 8804 8806 8807
3 8808 8809 8810
3 8808 8810 8811
3 8812 8813 8814
3 8812 8814 8815
3 8816 8817 8818
3 8816 8818 8819
3 8820 8821 8822
3 8820 8822 8823
3 8824 8825 8826
3 8824 8826 8827
3 8828 8829 8830
3 8828 8830 8831
3 8832 8833 8834
3 8832 8834 8835
3 8836 8837 8838
3 8836 8838 8839
3 8840 8841 8842
3 8840 8842 8843
3 8844 8845 8846
3 8844 8846 8847
3 8848 8849 8850
3 8848 8850 8851
3 8852 8853 8854
3 8852 8854 8855
3 8856 8857 8858
3 8856 8858 8859
3 8860 8861 8862
3 8860 8862 8863
3 8864 8865 8866
3 8864 8866 8867
3 8868 8869 8870
3 8868 8870 8871
3 8872 8873 8874
3 8872 8874 8875
3 8876 8877 8878
3 8876 8878 8879
3 8880 8881 8882
3 8880 8882 8883
3 8884 8885 8886
3 8884 8886 8887
3 8888 8889 8890
3 8888 8890 8891
3 8892 8893 8894
3 8892 8894 8895
3 8896 8897 8898
3 8896 8898 8899
3 8900 8901 8902
3 8900 8902 8903
3 8904 8905 8906
3 8904 8906 8907
3 8908 8909 8910
3 8908 8910 8911
3 8912 8913 8914
3 8912 8914 8915
3 8916 8917 8918
3 8916 8918 8919
3 8920 8921 8922
3 8920 8922 8923
3 8924 8925 8926
3 8924 8926 8927
3 8928 8929 8930
3 8928 8930 8931
3 8932 8933 8934
3 8932 8934 8935
3 8936 8937 8938
3 8936 8938 8939
3 8940 8941 8942
3 8940 8942 8943
3 8944 8945 8946
3 8944 8946 8947
3 8948 8949 8950
3 8948 8950 8951
3 8952 8953 8954
3 8952 8954 8955
3 8956 8957 8958
3 8956 8958 8959
3 8960 8961 8962
3 8960 8962 8963
3 8964 8965 8966
3 8964 8966 8967
3 8968 8969 8970
3 8968 8970 8971
3 8972 8973 8974
3 8972 8974 8975
3 8976 8977 8978
3 8976 8978 8979
3 8980 8981 8982
3 8980 8982 8983
3 8984 8985 8986
3 8984 8986 8987
3 8988 8989 8990
3 8988 8990 8991
3 8992 8993 8994
3 8992 8994 8995
3 8996 8997 8998
3 8996 8998 8999
3 9000 9001 9002
3 9000 9002 9003
3 9004 9005 9006
3 9004 9006 9007
3 9008 9009 9010
3 9008 9010 9011
3 9012 9013 9014
3 9012 9014 9015
3 9016 9017 9018
3 9016 9018 9019
3 9020 9021 9022
3 9020 9022 9023
3 9024 9025 9026
3 9024 9026 9027
3 9028 9029 9030
3 9028 9030 9031
3 9032 9033 9034
3 9032 9034 9035
3 9036 9037 9038
3 9036 9038 9039
3 9040 9041 9042
3 9040 9042 9043
3 9044 9045 9046
3 9044 9046 9047
3 9048 9049 9050
3 9048 9050 9051
3 9052 9053 9054
3 9052 9054 9055
3 9056 9057 9058
3 9056 9058 9059
3 9060 9061 9062
3 9060 9062 9063
3 9064 9065 9066
3 9064 9066 9067
3 9068 9069 9070
3 9068 9070 9071
3 9072 9073 9074
3 9072 9074 9075
3 9076 9077 9078
3 9076 9078 9079
3 9080 9081 9082
3 9080 9082 9083
3 9084 9085 9086
3 9084 9086 9087
3 9088 9089 9090
3 9088 9090 9091
3 9092 9093 9094
3 9092 9094 9095
3 9096 9097 9098
3 9096 9098 9099
3 9100 9101 9102
3 9100 9102 9103
3 9104 9105 9106
3 9104 9106 9107
3 9108 9109 9110
3 9108 9110 9111
3 9112 9113 9114
3 9112 9114 9115
3 9116 9117 9118
3 9116 9118 9119
3 9120 9121 9122
3 9120 9122 9123
3 9124 9125 9126
3 9124 9126 9127
3 9128 9129 9130
3 9128 9130 9131
3 9132 9133 9134
3 9132 9134 9135
3 9136 9137 9138
3 9136 9138 9139
3 9140 9141 9142
3 9140 9142 9143
3 9144 9145 9146
3 9144 9146 9147
3 9148 9149 9150
3 9148 9150 9151
3 9152 9153 9154
3 9152 9154 9155
3 9156 9157 9158
3 9156 9158 9159
3 9160 9161 9162
3 9160 9162 9163
3 9164 9165 9166
3 9164 9166 9167
3 9168 9169 9170
3 9168 9170 9171
3 9172 9173 9174
3 9172 9174 9175
3 9176 9177 9178
3 9176 9178 9179
3 9180 9181 9182
3 9180 9182 9183
3 9184 9185 9186
3 9184 9186 9187
3 9188 9189 9190
3 9188 9190 9191
3 9192 9193 9194
3 9192 9194 9195
3 9196 9197 9198
3 9196 9198 9199
3 9200 9201 9202
3 9200 9202 9203
3 9204 9205 9206
3 9204 9206 9207
3 9208 9209 9210
3 9208 9210 9211
3 9212 9213 9214
3 9212 9214 9215
3 9216 9217 9218
3 9216 9218 9219
3 9220 9221 9222
3 9220 9222 9223
3 9224 9225 9226
3 9224 9226 9227
3 9228 9229 9230
3 9228 9230 9231
3 9232 9233 9234
3 9232 9234 9235
3 9236 9237 9238
3 9236 9238 9239
3 9240 9241 9242
3 9240 9242 9243
3 9244 9245 9246
3 9244 9246 9247
3 9248 9249 9250
3 9248 9250 9251
3 9252 9253 9254
3 9252 9254 9255
3 9256 9257 9258
3 9256 9258 9259
3 9260 9261 9262
3 9260 9262 9263
3 9264 9265 9266
3 9264 9266 9267
3 9268 9269 9270
3 9268 9270 9271
3 9272 9273 9274
3 9272 9274 9275
3 9276 9277 9278
3 9276 9278 9279
3 9280 9281 9282
3 9280 9282 9283
3 9284 9285 9286
3 9284 9286 9287
3 9288 9289 9290
3 9288 9290 9291
3 9292 9293 9294
3 9292 9294 9295
3 9296 9297 9298
3 9296 9298 9299
3 9300 9301 9302
3 9300 9302 9303
3 9304 9305 9306
3 9304 9306 9307
3 9308 9309 9310
3 9308 9310 9311
3 9312 9313 9314
3 9312 9314 9315
3 9316 9317 9318
3 9316 9318 9319
3 9320 9321 9322
3 9320 9322 9323
3 9324 9325 9326
3 9324 9326 9327
3 9328 9329 9330
3 9328 9330 9331
3 9332 9333 9334
3 9332 9334 9335
3 9336 9337 9338
3 9336 9338 9339
3 9340 9341 9342
3 9340 9342 9343
3 9344 9345 9346
3 9344 9346 9347
3 9348 9349 9350
3 9348 9350 9351
3 9352 9353 9354
3 9352 9354 9355
3 9356 9357 9358
3 9356 9358 9359
3 9360 9361 9362
3 9360 9362 9363
3 9364 9365 9366
3 9364 9366 9367
3 9368 9369 9370
3 9368 9370 9371
3 9372 9373 9374
3 9372 9374 9375
3 9376 9377 9378
3 9376 9378 9379
3 9380 9381 9382
3 9380 9382 9383
3 9384 9385 9386
3 9384 9386 9387
3 9388 9389 9390
3 9388 9390 9391
3 9392 9393 9394
3 9392 9394 9395
3 9396 9397 9398
3 9396 9398 9399
3 9400 9401 9402
3 9400 9402 9403
3 9404 9405 9406
3 9404 9406 9407
3 9408 9409 9410
3 9408 9410 9411
3 9412 9413 9414
3 9412 9414 9415
3 9416 9417 9418
3 9416 9418 9419
3 9420 9421 9422
3 9420 9422 9423
3 9424 9425 9426
3 9424 9426 9427
3 9428 9429 9430
3 9428 9430 9431
3 9432 9433 9434
3 9432 9434 9435
3 9436 9437 9438
3 9436 9438 9439
3 9440 9441 9442
3 9440 9442 9443
3 9444 9445 9446
3 9444 9446 9447
3 9448 9449 9450
3 9448 9450 9451
3 9452 9453 9454
3 9452 9454 9455
3 9456 9457 9458
3 9456 9458 9459
3 9460 9461 9462
3 9460 9462 9463
3 9464 9465 9466
3 9464 9466 9467
3 9468 9469 9470
3 9468 9470 9471
3 9472 9473 9474
3 9472 9474 9475
3 9476 9477 9478
3 9476 9478 9479
3 9480 9481 9482
3 9480 9482 9483
3 9484 9485 9486
3 9484 9486 9487
3 9488 9489 9490
3 9488 9490 9491
3 9492 9493 9494
3 9492 9494 9495
3 9496 9497 9498
3 9496 9498 9499
3 9500 9501 9502
3 9500 9502 9503
3 9504 9505 9506
3 9504 9506 9507
3 9508 9509 9510
3 9508 9510 9511
3 9512 9513 9514
3 9512 9514 9515
3 9516 9517 9518
3 9516 9518 9519
3 9520 9521 9522
3 9520 9522 9523
3 9524 9525 9526
3 9524 9526 9527
3 9528 9529 9530
3 9528 9530 9531
3 9532 9533 9534
3 9532 9534 9535
3 9536 9537 9538
3 9536 9538 9539
3 9540 9541 9542
3 9540 9542 9543
3 9544 9545 9546
3 9544 9546 9547
3 9548 9549 9550
3 9548 9550 9551
3 9552 9553 9554
3 9552 9554 9555
3 9556 9557 9558
3 9556 9558 9559
3 9560 9561 9562
3 9560 9562 9563
3 9564 9565 9566
3 9564 9566 9567
3 9568 9569 9570
3 9568 9570 9571
3 9572 9573 9574
3 9572 9574 9575
3 9576 9577 9578
3 9576 9578 9579
3 9580 9581 9582
3 9580 9582 9583
3 9584 9585 9586
3 9584 9586 9587
3 9588 9589 9590
3 9588 9590 9591
3 9592 9593 9594
3 9592 9594 9595
3 9596 9597 9598
3 9596 9598 9599
3 9600 9601 9602
3 9600 9602 9603
3 9604 9605 9606
3 9604 9606 9607
3 9608 9609 9610
3 9608 9610 9611
3 9612 9613 9614
3 9612 9614 9615
3 9616 9617 9618
3 9616 9618 9619
3 9620 9621 9622
3 9620 9622 9623
3 9624 9625 9626
3 9624 9626 9627
3 9628 9629 9630
3 9628 9630 9631
3 9632 9633 9634
3 9632 9634 9635
3 9636 9637 9638
3 9636 9638 9639
3 9640 9641 9642
3 9640 9642 9643
3 9644 9645 9646
3 9644 9646 9647
3 9648 9649 9650
3 9648 9650 9651
3 9652 9653 9654
3 9652 9654 9655
3 9656 9657 9658
3 9656 9658 9659
3 9660 9661 9662
3 9660 9662 9663
3 9664 9665 9666
3 9664 9666 9667
3 9668 9669 9670
3 9668 9670 9671
3 9672 9673 9674
3 9672 9674 9675
3 9676 9677 9678
3 9676 9678 9679
3 9680 9681 9682
3 9680 9682 9683
3 9684 9685 9686
3 9684 9686 9687
3 9688 9689 9690
3 9688 9690 9691
3 9692 9693 9694
3 9692 9694 9695
3 9696 9697 9698
3 9696 9698 9699
3 9700 9701 9702
3 9700 9702 9703
3 9704 9705 9706
3 9704 9706 9707
3 9708 9709 9710
3 9708 9710 9711
3 9712 9713 9714
3 9712 9714 9715
3 9716 9717 9718
3 9716 9718 9719
3 9720 9721 9722
3 9720 9722 9723
3 9724 9725 9726
3 9724 9726 9727
3 9728 9729 9730
3 9728 9730 9731
3 9732 9733 9734
3 9732 9734 9735
3 9736 9737 9738
3 9736 9738 9739
3 9740 9741 9742
3 9740 9742 9743
3 9744 9745 9746
3 9744 9746 9747
3 9748 9749 9750
3 9748 9750 9751
3 9752 9753 9754
3 9752 9754 9755
3 9756 9757 9758
3 9756 9758 9759
3 9760 9761 9762
3 9760 9762 9763
3 9764 9765 9766
3 9764 9766 9767
3 9768 9769 9770
3 9768 9770 9771
3 9772 9773 9774
3 9772 9774 9775
3 9776 9777 9778
3 9776 9778 9779
3 9780 9781 9782
3 9780 9782 9783
3 9784 9785 9786
3 9784 9786 9787
3 9788 9789 9790
3 9788 9790 9791
3 9792 9793 9794
3 9792 9794 9795
3 9796 9797 9798
3 9796 9798 9799
3 9800 9801 9802
3 9800 9802 9803
3 9804 9805 9806
3 9804 9806 9807
3 9808 9809 9810
3 9808 9810 9811
3 9812 9813 9814
3 9812 9814 9815
3 9816 9817 9818
3 9816 9818 9819
3 9820 9821 9822
3 9820 9822 9823
3 9824 9825 9826
3 9824 9826 9827
3 9828 9829 9830
3 9828 9830 9831
3 9832 9833 9834
3 9832 9834 9835
3 9836 9837 9838
3 9836 9838 9839
3 9840 9841 9842
3 9840 9842 9843
3 9844 9845 9846
3 9844 9846 9847
3 9848 9849 9850
3 9848 9850 9851
3 9852 9853 9854
3 9852 9854 9855
3 9856 9857 9858
3 9856 9858 9859
3 9860 9861 9862
3 9860 9862 9863
3 9864 9865 9866
3 9864 9866 9867
3 9868 9869 9870
3 9868 9870 9871
3 9872 9873 9874
3 9872 9874 9875
3 9876 9877 9878
3 9876 9878 9879
3 9880 9881 9882
3 9880 9882 9883
3 9884 9885 9886
3 9884 9886 9887
3 9888 9889 9890
3 9888 9890 9891
3 9892 9893 9894
3 9892 9894 9895
3 9896 9897 9898
3 9896 9898 9899
3 9900 9901 9902
3 9900 9902 9903
3 9904 9905 9906
3 9904 9906 9907
3 9908 9909 9910
3 9908 9910 9911
3 9912 9913 9914
3 9912 9914 9915
3 9916 9917 9918
3 9916 9918 9919
3 9920 9921 9922
3 9920 9922 9923
3 9924 9925 9926
3 9924 9926 9927
3 9928 9929 9930
3 9928 9930 9931
3 9932 9933 9934
3 9932 9934 9935
3 9936 9937 9938
3 9936 9938 9939
3 9940 9941 9942
3 9940 9942 9943
3 9944 9945 9946
3 9944 9946 9947
3 9948 9949 9950
3 9948 9950 9951
3 9952 9953 9954
3 9952 9954 9955
3 9956 9957 9958
3 9956 9958 9959
3 9960 9961 9962
3 9960 9962 9963
3 9964 9965 9966
3 9964 9966 9967
3 9968 9969 9970
3 9968 9970 9971
3 9972 9973 9974
3 9972 9974 9975
3 9976 9977 9978
3 9976 9978 9979
3 9980 9981 9982
3 9980 9982 9983
3 9984 9985 9986
3 9984 9986 9987
3 9988 9989 9990
3 9988 9990 9991
3 9992 9993 9994
3 9992 9994 9995
3 9996 9997 9998
3 9996 9998 9999
3 10000 10001 10002
3 10000 10002 10003
3 10004 10005 10006
3 10004 10006 10007
3 10008 10009 10010
3 10008 10010 10011
3 10012 10013 10014
3 10012 10014 10015
3 10016 10017 10018
3 10016 10018 10019
3 10020 10021 10022
3 10020 10022 10023
3 10024 10025 10026
3 10024 10026 10027
3 10028 10029 10030
3 10028 10030 10031
3 10032 10033 10034
3 10032 10034 10035
3 10036 10037 10038
3 10036 10038 10039
3 10040 10041 10042
3 10040 10042 10043
3 10044 10045 10046
3 10044 10046 10047
3 10048 10049 10050
3 10048 10050 10051
3 10052 10053 10054
3 10052 10054 10055
3 10056 10057 10058
3 10056 10058 10059
3 10060 10061 10062
3 10060 10062 10063
3 10064 10065 10066
3 10064 10066 10067
3 10068 10069 10070
3 10068 10070 10071
3 10072 10073 10074
3 10072 10074 10075
3 10076 10077 10078
3 10076 10078 10079
3 10080 10081 10082
3 10080 10082 10083
3 10084 10085 10086
3 10084 10086 10087
3 10088 10089 10090
3 10088 10090 10091
3 10092 10093 10094
3 10092 10094 10095
3 10096 10097 10098
3 10096 10098 10099
3 10100 10101 10102
3 10100 10102 10103
3 10104 10105 10106
3 10104 10106 10107
3 10108 10109 10110
3 10108 10110 10111
3 10112 10113 10114
3 10112 10114 10115
3 10116 10117 10118
3 10116 10118 10119
3 10120 10121 10122
3 10120 10122 10123
3 10124 10125 10126
3 10124 10126 10127
3 10128 10129 10130
3 10128 10130 10131
3 10132 10133 10134
3 10132 10134 10135
3 10136 10137 10138
3 10136 10138 10139
3 10140 10141 10142
3 10140 10142 10143
3 10144 10145 10146
3 10144 10146 10147
3 10148 10149 10150
3 10148 10150 10151
3 10152 10153 10154
3 10152 10154 10155
3 10156 10157 10158
3 10156 10158 10159
3 10160 10161 10162
3 10160 10162 10163
3 10164 10165 10166
3 10164 10166 10167
3 10168 10169 10170
3 10168 10170 10171
3 10172 10173 10174
3 10172 10174 10175
3 10176 10177 10178
3 10176 10178 10179
3 10180 10181 10182
3 10180 10182 10183
3 10184 10185 10186
3 10184 10186 10187
3 10188 10189 10190
3 10188 10190 10191
3 10192 10193 10194
3 10192 10194 10195
3 10196 10197 10198
3 10196 10198 10199
3 10200 10201 10202
3 10200 10202 10203
3 10204 10205 10206
3 10204 10206 10207
3 10208 10209 10210
3 10208 10210 10211
3 10212 10213 10214
3 10212 10214 10215
3 10216 10217 10218
3 10216 10218 10219
3 10220 10221 10222
3 10220 10222 10223
3 10224 10225 10226
3 10224 10226 10227
3 10228 10229 10230
3 10228 10230 10231
3 10232 10233 10234
3 10232 10234 10235
3 10236 10237 10238
3 10236 10238 10239
3 10240 10241 10242
3 10240 10242 10243
3 10244 10245 10246
3 10244 10246 10247
3 10248 10249 10250
3 10248 10250 10251
3 10252 10253 10254
3 10252 10254 10255
3 10256 10257 10258
3 10256 10258 10259
3 10260 10261 10262
3 10260 10262 10263
3 10264 10265 10266
3 10264 10266 10267
3 10268 10269 10270
3 10268 10270 10271
3 10272 10273 10274
3 10272 10274 10275
3 10276 10277 10278
3 10276 10278 10279
3 10280 10281 10282
3 10280 10282 10283
3 10284 10285 10286
3 10284 10286 10287
3 10288 10289 10290
3 10288 10290 10291
3 10292 10293 10294
3 10292 10294 10295
3 10296 10297 10298
3 10296 10298 10299
3 10300 10301 10302
3 10300 10302 10303
3 10304 10305 10306
3 10304 10306 10307
3 10308 10309 10310
3 10308 10310 10311
3 10312 10313 10314
3 10312 10314 10315
3 10316 10317 10318
3 10316 10318 10319
3 10320 10321 10322
3 10320 10322 10323
3 10324 10325 10326
3 10324 10326 10327
3 10328 10329 10330
3 10328 10330 10331
3 10332 10333 10334
3 10332 10334 10335
3 10336 10337 10338
3 10336 10338 10339
3 10340 10341 10342
3 10340 10342 10343
3 10344 10345 10346
3 10344 10346 10347
3 10348 10349 10350
3 10348 10350 10351
3 10352 10353 10354
3 10352 10354 10355
3 10356 10357 10358
3 10356 10358 10359
3 10360 10361 10362
3 10360 10362 10363
3 10364 10365 10366
3 10364 10366 10367
3 10368 10369 10370
3 10368 10370 10371
3 10372 10373 10374
3 10372 10374 10375
3 10376 10377 10378
3 10376 10378 10379
3 10380 10381 10382
3 10380 10382 10383
3 10384 10385 10386
3 10384 10386 10387
3 10388 10389 10390
3 10388 10390 10391
3 10392 10393 10394
3 10392 10394 10395
3 10396 10397 10398
3 10396 10398 10399
3 10400 10401 10402
3 10400 10402 10403
3 10404 10405 10406
3 10404 10406 10407
3 10408 10409 10410
3 10408 10410 10411
3 10412 10413 10414
3 10412 10414 10415
3 10416 10417 10418
3 10416 10418 10419
3 10420 10421 10422
3 10420 10422 10423
3 10424 10425 10426
3 10424 10426 10427
3 10428 10429 10430
3 10428 10430 10431
3 10432 10433 10434
3 10432 10434 10435
3 10436 10437 10438
3 10436 10438 10439
3 10440 10441 10442
3 10440 10442 10443
3 10444 10445 10446
3 10444 10446 10447
3 10448 10449 10450
3 10448 10450 10451
3 10452 10453 10454
3 10452 10454 10455
3 10456 10457 10458
3 10456 10458 10459
3 10460 10461 10462
3 10460 10462 10463
3 10464 10465 10466
3 10464 10466 10467
3 10468 10469 10470
3 10468 10470 10471
3 10472 10473 10474
3 10472 10474 10475
3 10476 10477 10478
3 10476 10478 10479
3 10480 10481 10482
3 10480 10482 10483
3 10484 10485 10486
3 10484 10486 10487
3 10488 10489 10490
3 10488 10490 10491
3 10492 10493 10494
3 10492 10494 10495
3 10496 10497 10498
3 10496 10498 10499
3 10500 10501 10502
3 10500 10502 10503
3 10504 10505 10506
3 10504 10506 10507
3 10508 10509 10510
3 10508 10510 10511
3 10512 10513 10514
3 10512 10514 10515
3 10516 10517 10518
3 10516 10518 10519
3 10520 10521 10522
3 10520 10522 10523
3 10524 10525 10526
3 10524 10526 10527
3 10528 10529 10530
3 10528 10530 10531
3 10532 10533 10534
3 10532 10534 10535
3 10536 10537 10538
3 10536 10538 10539
3 10540 10541 10542
3 10540 10542 10543
3 10544 10545 10546
3 10544 10546 10547
3 10548 10549 10550
3 10548 10550 10551
3 10552 10553 10554
3 10552 10554 10555
3 10556 10557 10558
3 10556 10558 10559
3 10560 10561 10562
3 10560 10562 10563
3 10564 10565 10566
3 10564 10566 10567
3 10568 10569 10570
3 10568 10570 10571
3 10572 10573 10574
3 10572 10574 10575
3 10576 10577 10578
3 10576 10578 10579
3 10580 10581 10582
3 10580 10582 10583
3 10584 10585 10586
3 10584 10586 10587
3 10588 10589 10590
3 10588 10590 10591
3 10592 10593 10594
3 10592 10594 10595
3 10596 10597 10598
3 10596 10598 10599
3 10600 10601 10602
3 10600 10602 10603
3 10604 10605 10606
3 10604 10606 10607
3 10608 10609 10610
3 10608 10610 10611
3 10612 10613 10614
3 10612 10614 10615
3 10616 10617 10618
3 10616 10618 10619
3 10620 10621 10622
3 10620 10622 10623
3 10624 10625 10626
3 10624 10626 10627
3 10628 10629 10630
3 10628 10630 10631
3 10632 10633 10634
3 10632 10634 10635
3 10636 10637 10638
3 10636 10638 10639
3 10640 10641 10642
3 10640 10642 10643
3 10644 10645 10646
3 10644 10646 10647
3 10648 10649 10650
3 10648 10650 10651
3 10652 10653 10654
3 10652 10654 10655
3 10656 10657 10658
3 10656 10658 10659
3 10660 10661 10662
3 10660 10662 10663
3 10664 10665 10666
3 10664 10666 10667
3 10668 10669 10670
3 10668 10670 10671
3 10672 10673 10674
3 10672 10674 10675
3 10676 10677 10678
3 10676 10678 10679
3 10680 10681 10682
3 10680 10682 10683
3 10684 10685 10686
3 10684 10686 10687
3 10688 10689 10690
3 10688 10690 10691
3 10692 10693 10694
3 10692 10694 10695
3 10696 10697 10698
3 10696 10698 10699
3 10700 10701 10702
3 10700 10702 10703
3 10704 10705 10706
3 10704 10706 10707
3 10708 10709 10710
3 10708 10710 10711
3 10712 10713 10714
3 10712 10714 10715
3 10716 10717 10718
3 10716 10718 10719
3 10720 10721 10722
3 10720 10722 10723
3 10724 10725 10726
3 10724 10726 10727
3 10728 10729 10730
3 10728 10730 10731
3 10732 10733 10734
3 10732 10734 10735
3 10736 10737 10738
3 10736 10738 10739
3 10740 10741 10742
3 10740 10742 10743
3 10744 10745 10746
3 10744 10746 10747
3 10748 10749 10750
3 10748 10750 10751
3 10752 10753 10754
3 10752 10754 10755
3 10756 10757 10758
3 10756 10758 10759
3 10760 10761 10762
3 10760 10762 10763
3 10764 10765 10766
3 10764 10766 10767
3 10768 10769 10770
3 10768 10770 10771
3 10772 10773 10774
3 10772 10774 10775
3 10776 10777 10778
3 10776 10778 10779
3 10780 10781 10782
3 10780 10782 10783
3 10784 10785 10786
3 10784 10786 10787
3 10788 10789 10790
3 10788 10790 10791
3 10792 10793 10794
3 10792 10794 10795
3 10796 10797 10798
3 10796 10798 10799
3 10800 10801 10802
3 10800 10802 10803
3 10804 10805 10806
3 10804 10806 10807
3 10808 10809 10810
3 10808 10810 10811
3 10812 10813 10814
3 10812 10814 10815
3 10816 10817 10818
3 10816 10818 10819
3 10820 10821 10822
3 10820 10822 10823
3 10824 10825 10826
3 10824 10826 10827
3 10828 10829 10830
3 10828 10830 10831
3 10832 10833 10834
3 10832 10834 10835
3 10836 10837 10838
3 10836 10838 10839
3 10840 10841 10842
3 10840 10842 10843
3 10844 10845 10846
3 10844 10846 10847
3 10848 10849 10850
3 10848 10850 10851
3 10852 10853 10854
3 10852 10854 10855
3 10856 10857 10858
3 10856 10858 10859
3 10860 10861 10862
3 10860 10862 10863
3 10864 10865 10866
3 10864 10866 10867
3 10868 10869 10870
3 10868 10870 10871
3 10872 10873 10874
3 10872 10874 10875
3 10876 10877 10878
3 10876 10878 10879
3 10880 10881 10882
3 10880 10882 10883
3 10884 10885 10886
3 10884 10886 10887
3 10888 10889 10890
3 10888 10890 10891
3 10892 10893 10894
3 10892 10894 10895
3 10896 10897 10898
3 10896 10898 10899
3 10900 10901 10902
3 10900 10902 10903
3 10904 10905 10906
3 10904 10906 10907
3 10908 10909 10910
3 10908 10910 10911
3 10912 10913 10914
3 10912 10914 10915
3 10916 10917 10918
3 10916 10918 10919
3 10920 10921 10922
3 10920 10922 10923
3 10924 10925 10926
3 10924 10926 10927
3 10928 10929 10930
3 10928 10930 10931
3 10932 10933 10934
3 10932 10934 10935
3 10936 10937 10938
3 10936 10938 10939
3 10940 10941 10942
3 10940 10942 10943
3 10944 10945 10946
3 10944 10946 10947
3 10948 10949 10950
3 10948 10950 10951
3 10952 10953 10954
3 10952 10954 10955
3 10956 10957 10958
3 10956 10958 10959
3 10960 10961 10962
3 10960 10962 10963
3 10964 10965 10966
3 10964 10966 10967
3 10968 10969 10970
3 10968 10970 10971
3 10972 10973 10974
3 10972 10974 10975
3 10976 10977 10978
3 10976 10978 10979
3 10980 10981 10982
3 10980 10982 10983
3 10984 10985 10986
3 10984 10986 10987
3 10988 10989 10990
3 10988 10990 10991
3 10992 10993 10994
3 10992 10994 10995
3 10996 10997 10998
3 10996 10998 10999
3 11000 11001 11002
3 11000 11002 11003
3 11004 11005 11006
3 11004 11006 11007
3 11008 11009 11010
3 11008 11010 11011
3 11012 11013 11014
3 11012 11014 11015
3 11016 11017 11018
3 11016 11018 11019
3 11020 11021 11022
3 11020 11022 11023
3 11024 11025 11026
3 11024 11026 11027
3 11028 11029 11030
3 11028 11030 11031
3 11032 11033 11034
3 11032 11034 11035
3 11036 11037 11038
3 11036 11038 11039
3 11040 11041 11042
3 11040 11042 11043
3 11044 11045 11046
3 11044 11046 11047
3 11048 11049 11050
3 11048 11050 11051
3 11052 11053 11054
3 11052 11054 11055
3 11056 11057 11058
3 11056 11058 11059
3 11060 11061 11062
3 11060 11062 11063
3 11064 11065 11066
3 11064 11066 11067
3 11068 11069 11070
3 11068 11070 11071
3 11072 11073 11074
3 11072 11074 11075
3 11076 11077 11078
3 11076 11078 11079
3 11080 11081 11082
3 11080 11082 11083
3 11084 11085 11086
3 11084 11086 11087
3 11088 11089 11090
3 11088 11090 11091
3 11092 11093 11094
3 11092 11094 11095
3 11096 11097 11098
3 11096 11098 11099
3 11100 11101 11102
3 11100 11102 11103
