accepted_step,time_s,dt_s,maximum_velocity_m_per_s,axis,face,x,y,z,manifold_max,manifold_p95,manifold_p50,tail_cells,tail_drained_m3,device_ms,wall_ms,owner_identity,owner_commits,owner_projections,owner_r0_iterations,owner_r1_iterations,owner_r2_iterations,owner_actual_working_set_bytes,owner_certified_working_set_bytes,owner_projection_device_ms,owner_nonprojection_device_ms,intermediate_seal_format,intermediate_digest_version,payload_digest_format,payload_digest_version,qualified_kernel_set_sha256,input_payload_root_sha256,publication_payload_root_sha256,publication_payload_bytes
1,0.0016462659696117043,0.0016462659696117043,0.12915171682834625,2,2725,34,39,0,1.4483928680419922e-05,5.9604644775390625e-08,0,0,0,2549.5176243130118,3790.6465830000002,6595963005543842725,68,12,2,2,2,3015917568,5584011264,117.94141633436084,2431.5762079786509,qualified-kernel-stage-token,2,rise-payload-sha256-merkle,2,fed58566caf6a669e9a47f042123c206dce427d4d402cf8f82dcb1f48844f341,8d706581dc02ea40739ceb147ff1bc8fa0f5c1f4de705b4fd8ea10da12d640ed,ff414f915e4242442ad52d942345925b703c1d15923a293d9f1d2e31c2d0cfd1,93556764
2,0.0032925319392234087,0.0016462659696117043,0.15428166091442108,2,2659,37,38,0,4.7087669372558594e-05,5.9604644775390625e-08,0,0,0,3155.7957916520536,4619.5059170000004,12767193507821324487,86,15,3,3,3,3016212480,5584011264,135.41733403690159,3020.378457615152,qualified-kernel-stage-token,2,rise-payload-sha256-merkle,2,fed58566caf6a669e9a47f042123c206dce427d4d402cf8f82dcb1f48844f341,cacda6a5a7548754d19d8e6df1fe8e90a01c05a80508f364d9282a88cb968559,3a4cb9ab393e9395928afb007aa7a32f7852238cbf25a893b4d754cf7d8d46aa,93556764
3,0.004938797908835113,0.0016462659696117043,0.16907502710819244,2,2659,37,38,0,7.6711177825927734e-05,5.9604644775390625e-08,0,0,0,3156.0091264545918,4629.6849579999998,5166631406016365777,86,15,3,3,3,3016212480,5584011264,135.96445834264159,3020.0446681119502,qualified-kernel-stage-token,2,rise-payload-sha256-merkle,2,fed58566caf6a669e9a47f042123c206dce427d4d402cf8f82dcb1f48844f341,bf85a613b8fcf2645d70e918d48bfa8d047c54d479dacf23b2e8a44f5527bac7,60687bb6d6e4c3e8946f8f551079f58bdb477a8e6ad16032375105d465dc6a6d,93556764
4,0.0065850638784468174,0.0016462659696117043,0.17861329019069672,2,2659,37,38,0,0.00010895729064941406,5.9604644775390625e-08,0,0,0,3153.8032083772123,4613.3202499999998,8797290214862851779,86,15,3,3,3,3016212480,5584011264,136.82808331213892,3016.9751250650734,qualified-kernel-stage-token,2,rise-payload-sha256-merkle,2,fed58566caf6a669e9a47f042123c206dce427d4d402cf8f82dcb1f48844f341,9eb60f1007c83d85ceca73c458cc30134447259c28c0a95603b366959a8b4fd8,cdcb03d6e82630d71e2748d671b55a29ae5cd93f58f2e8cc74084ee6f0b9b19f,93556764
5,0.0082313298480585217,0.0016462659696117043,0.18507428467273712,2,2659,37,38,0,0.00014138221740722656,5.9604644775390625e-08,0,0,0,3167.8403753321618,4625.7595419999998,7628333881709819669,86,15,3,3,3,3016212480,5584011264,137.29812507517636,3030.5422502569854,qualified-kernel-stage-token,2,rise-payload-sha256-merkle,2,fed58566caf6a669e9a47f042123c206dce427d4d402cf8f82dcb1f48844f341,411ad64ad2aa4c8c7b11598779db92487c99041709c3747fdf69ff894cfe033b,2160eb361a2deb6a03e22cf93eff10b0d3679574466d61c0a143b0b618932514,93556764
6,0.0098775958176702261,0.0016462659696117043,0.18956141173839569,2,2659,37,38,0,0.00017404556274414062,5.9604644775390625e-08,0,0,0,3153.5109179094434,4610.8715840000004,11559012863306541801,86,15,3,3,3,3016212480,5584011264,135.75449935160577,3017.7564185578376,qualified-kernel-stage-token,2,rise-payload-sha256-merkle,2,fed58566caf6a669e9a47f042123c206dce427d4d402cf8f82dcb1f48844f341,bc5deb82b1d5ad3eca589e79a5d9fc8c1e35460a949ee2c0378d45076dd25af3,46d824842a98eff58ae740e066cd8062e527e0de48ac09fdf138b54a66feeb12,93556764
7,0.01152386178728193,0.0016462659696117043,0.19265487790107727,2,2659,37,38,0,0.00020676851272583008,5.9604644775390625e-08,0,0,0,3151.9245423842221,4625.2072079999998,1118627786488148375,86,15,3,3,3,3016212480,5584011264,134.55866673029959,3017.3658756539226,qualified-kernel-stage-token,2,rise-payload-sha256-merkle,2,fed58566caf6a669e9a47f042123c206dce427d4d402cf8f82dcb1f48844f341,c1da8a7d88cad02617ba1b084a2377bf0add0fc0a9927124bdf266b47d7461d2,bebf932073446169a5f42cdb9f4223cf4f9f630eb6efacafb4e26b0369ce81cb,93556764
8,0.013170127756893635,0.0016462659696117043,0.19477759301662445,2,2659,37,38,0,0.00023949146270751953,5.9604644775390625e-08,0,0,0,3169.2147492431104,4646.7767089999998,17694701037062425951,86,15,3,3,3,3016212480,5584011264,137.09670724347234,3032.1180419996381,qualified-kernel-stage-token,2,rise-payload-sha256-merkle,2,fed58566caf6a669e9a47f042123c206dce427d4d402cf8f82dcb1f48844f341,35c589aa160d2673609f4537f489b29d02cf263e3848bf36596271a75308a6f7,ac91d017cab508eee855b041e90d70ba743876390ea08bde75eb438ecbf38f87,93556764
9,0.014816393726505339,0.0016462659696117043,0.19619107246398926,2,2659,37,38,0,0.00027215480804443359,5.9604644775390625e-08,0,0,0,3156.537750037387,4649.2910830000001,15430065166839283495,86,15,3,3,3,3016212480,5584011264,134.94804129004478,3021.5897087473422,qualified-kernel-stage-token,2,rise-payload-sha256-merkle,2,fed58566caf6a669e9a47f042123c206dce427d4d402cf8f82dcb1f48844f341,d1df66fb940f39f3fc49e1e01e4318ddd091db82ef412007cabde9e6128b3f91,7c63f0600aab15d88cc6a831b56ee702918973a5a3b77e6c589bb130f73e7c9c,93556764
10,0.016462659696117043,0.0016462659696117043,0.19705566763877869,2,2659,37,38,0,0.00030505657196044922,5.9604644775390625e-08,0,0,0,2724.7120852116495,4040.1685419999999,18029681182131545439,74,13,2,2,3,3016015872,5584011264,115.83187454380095,2608.8802106678486,qualified-kernel-stage-token,2,rise-payload-sha256-merkle,2,fed58566caf6a669e9a47f042123c206dce427d4d402cf8f82dcb1f48844f341,79a6666725848e3042c64a41f38ca55e1c0daa92570909ba8de8a6df06106071,8471d2c753592446f9bb77809aa20e512d95cf2d5ba20ddd23a6db2199a4ae82,93556764
11,0.018108925665728748,0.0016462659696117043,0.19748370349407196,2,2659,37,38,0,0.00033777952194213867,5.9604644775390625e-08,0,0,0,2738.6004165746272,4027.2727920000002,17628703485867059791,74,13,2,2,3,3016015872,5584011264,119.36287535354495,2619.2375412210822,qualified-kernel-stage-token,2,rise-payload-sha256-merkle,2,fed58566caf6a669e9a47f042123c206dce427d4d402cf8f82dcb1f48844f341,e8faa8eb801ffdb7a8c1d4fa128aee50af5326a6e7a66ea1c71566ac77bce7d2,7f8072acfdb4ee1b86f2ffe7bb1f6206227644d8d7e912919a2788764d580d80,93556764
12,0.019755191635340452,0.0016462659696117043,0.19756114482879639,2,2659,37,38,0,0.00037038326263427734,5.9604644775390625e-08,0,0,0,2731.4663324505091,4024.8910000000001,5519699300492869005,74,13,2,2,3,3016015872,5584011264,118.94716671667993,2612.5191657338291,qualified-kernel-stage-token,2,rise-payload-sha256-merkle,2,fed58566caf6a669e9a47f042123c206dce427d4d402cf8f82dcb1f48844f341,c0c36d5dc65382f50317a35e61905d470e60e1e39fd33e07919527774863ecf9,2e09a6cbc7170a73cf8978efa8c37b5887ff480c7e2981d43519991db0a44226,93556764
13,0.021401457604952157,0.0016462659696117043,0.19735218584537506,2,2659,37,38,0,0.0004031062126159668,5.9604644775390625e-08,0,0,0,2743.2682912331074,4063.1282500000002,422400416321721413,74,13,2,2,3,3016015872,5584011264,118.74874983914196,2624.5195413939655,qualified-kernel-stage-token,2,rise-payload-sha256-merkle,2,fed58566caf6a669e9a47f042123c206dce427d4d402cf8f82dcb1f48844f341,1babe7f61722e3832329b47053beeef14beecb6cc2d315f071ba37d61407c002,4cb84adcee850900ed0250d562718432b8f677271a9d18c148d5b826c6844af8,93556764
14,0.023047723574563861,0.0016462659696117043,0.19690728187561035,2,2659,37,38,0,0.00043570995330810547,5.9604644775390625e-08,0,0,0,2742.6042929291725,4025.6754999999998,4384414221118219351,74,13,2,2,3,3016015872,5584011264,119.73995808511972,2622.8643348440528,qualified-kernel-stage-token,2,rise-payload-sha256-merkle,2,fed58566caf6a669e9a47f042123c206dce427d4d402cf8f82dcb1f48844f341,93596251ba1e8344ae720d801e171994a11ca3a6641b02cecdce00eee180db26,cb91668e302e996b2e1bca5d1c7703de0e6d93f0d5ccc585d7904217c41d2560,93556764
15,0.024693989544175565,0.0016462659696117043,0.19626599550247192,2,2659,37,38,0,0.00046831369400024414,5.9604644775390625e-08,0,0,0,2737.2530417051166,4020.9406669999998,13771224922859119025,74,13,2,2,3,3016015872,5584011264,123.22591640986502,2614.0271252952516,qualified-kernel-stage-token,2,rise-payload-sha256-merkle,2,fed58566caf6a669e9a47f042123c206dce427d4d402cf8f82dcb1f48844f341,977f15308c904df3984a7a140cc1cef1fc2f76933619fd15a993a7764040304f,ba34c5bc9ae10659cff0eed2b118e85f46c99f5c90d8ad48b9248c17b01b4a5d,93556764
16,0.02634025551378727,0.0016462659696117043,0.19546021521091461,2,2659,37,38,0,0.00050091743469238281,5.9604644775390625e-08,0,0,0,2728.2786669675261,4010.6422080000002,17106210580447417735,74,13,2,2,3,3016015872,5584011264,118.18662518635392,2610.0920417811722,qualified-kernel-stage-token,2,rise-payload-sha256-merkle,2,fed58566caf6a669e9a47f042123c206dce427d4d402cf8f82dcb1f48844f341,23cc1bf2e2ebc9f22c39555f9a6a53df73286b53e2ebc468150d1143e414115f,090ba9d1c76979054038aa2f1c9471bd42863fea2b4c8838c6c0acc68b414d90,93556764
17,0.027986521483398974,0.0016462659696117043,0.19451293349266052,2,2659,37,38,0,0.00053334236145019531,5.9604644775390625e-08,0,0,0,2731.2121670693159,4014.2770829999999,1633048078127297943,74,13,2,2,3,3016146944,5584011264,117.13829240761697,2614.0738746616989,qualified-kernel-stage-token,2,rise-payload-sha256-merkle,2,fed58566caf6a669e9a47f042123c206dce427d4d402cf8f82dcb1f48844f341,9b20fc9a42717d645ba0b8836eece66354fe0ab686704556f62683a1fd5eb59c,ebc5c643d1b2cadbb508138c809da2dda4a9f9747fe11b86bc52c34916f28350,93556764
18,0.029632787453010678,0.0016462659696117043,0.19344562292098999,2,2659,37,38,0,0.00056844949722290039,5.9604644775390625e-08,0,0,0,2737.2491650748998,4021.6054170000002,292485147280459329,74,13,2,2,3,3016015872,5584011264,118.03970788605511,2619.2094571888447,qualified-kernel-stage-token,2,rise-payload-sha256-merkle,2,fed58566caf6a669e9a47f042123c206dce427d4d402cf8f82dcb1f48844f341,81f6175da0bf77f9dc861ea089230e9ee922719be9996182a24ddfef9d0583ee,6497968d94e48c85419d1b9cb6e6f253736f11c768bbd94a476278f938c528d0,93556764
19,0.031279053422622383,0.0016462659696117043,0.19227264821529388,2,2659,37,38,0,0.00060510635375976562,5.9604644775390625e-08,0,0,0,2743.1253346148878,4026.9870000000001,6544450472049824323,74,13,2,2,3,3016015872,5584011264,119.81479148380458,2623.3105431310833,qualified-kernel-stage-token,2,rise-payload-sha256-merkle,2,fed58566caf6a669e9a47f042123c206dce427d4d402cf8f82dcb1f48844f341,ebc5ef4d0715fd1fe17a94f29711d731bd32fea7d3b5ca319341688447a37dd4,cc2669b365719fdd7c502b123b55068cf0b349f329c51f05f3b3320af0de1313,93556764
20,0.032925319392234087,0.0016462659696117043,0.19100779294967651,2,2659,37,38,0,0.00064235925674438477,5.9604644775390625e-08,0,0,0,2743.4992503840476,4035.5445420000001,9172073983067719809,74,13,2,2,3,3016015872,5584011264,117.52487532794476,2625.9743750561029,qualified-kernel-stage-token,2,rise-payload-sha256-merkle,2,fed58566caf6a669e9a47f042123c206dce427d4d402cf8f82dcb1f48844f341,aca68a041330853de90ca9c7cbe1245d2aeb33913548b915d54d107be642bdcb,00e95514db7dd78cb60b660e696011cd9ae08e28f6fae1480a8d193675bcb752,93556764
21,0.034571585361845791,0.0016462659696117043,0.18966178596019745,2,2659,37,38,0,0.00068008899688720703,5.9604644775390625e-08,0,0,0,2751.1030421592295,4033.8931670000002,9697422363027502889,74,13,2,2,3,3016015872,5584011264,120.31212518922985,2630.7909169699997,qualified-kernel-stage-token,2,rise-payload-sha256-merkle,2,fed58566caf6a669e9a47f042123c206dce427d4d402cf8f82dcb1f48844f341,6cd78d34696e1e1dc18f572fb2a5ce82827613e98c17f85937a8ccf0dd856284,3c5f7e0dcda92a13a44284c6f711ec9c258adfac27146723c290dff1d1d72bdd,93556764
22,0.036217851331457496,0.0016462659696117043,0.18824183940887451,2,2659,37,38,0,0.0007184147834777832,5.9604644775390625e-08,0,0,0,2731.9479172583669,4017.9808750000002,12077248866249757185,74,13,2,2,3,3016015872,5584011264,118.95087501034141,2612.9970422480255,qualified-kernel-stage-token,2,rise-payload-sha256-merkle,2,fed58566caf6a669e9a47f042123c206dce427d4d402cf8f82dcb1f48844f341,d59ffdef87e114d0fd337e80ef4838604ae706fdd1578363538f45da91e150f2,2f396d46647c0a5a460fb75d879c4f8d3c832396d1bee67fc91d51b9d53e835d,93556764
23,0.0378641173010692,0.0016462659696117043,0.18675491213798523,2,2659,37,38,0,0.00075733661651611328,5.9604644775390625e-08,0,0,0,2731.0247502755374,4023.5442079999998,1445465857888279977,74,13,2,2,3,3016015872,5584011264,119.85212517902255,2611.1726250965148,qualified-kernel-stage-token,2,rise-payload-sha256-merkle,2,fed58566caf6a669e9a47f042123c206dce427d4d402cf8f82dcb1f48844f341,973e52f320e21e9ced01d5ef74243c081d4531ea38c743fcbf80bb78b418d0e6,12834e7d10c8edd743d7ca7f4e9bd79dd4672a559c1c5aa8d51b4460335a82d8,93556764
24,0.039510383270680904,0.0016462659696117043,0.18520702421665192,2,2659,37,38,0,0.00079697370529174805,5.9604644775390625e-08,0,0,0,2762.9603743553162,4048.3110419999998,10835635526091133325,74,13,2,2,3,3016015872,5584011264,124.29650011472404,2638.6638742405921,qualified-kernel-stage-token,2,rise-payload-sha256-merkle,2,fed58566caf6a669e9a47f042123c206dce427d4d402cf8f82dcb1f48844f341,25ad2d97a47a1fceff7941a0eb57bd2e886e71ab49ce021dd0dd75033faa82fd,b8d69cc1eceb06d93f9aeea5947546d19795b0f9cb40ad1b7cdab1d3e7f8577a,93556764
25,0.041156649240292609,0.0016462659696117043,0.18360202014446259,2,2659,37,38,0,0.00083726644515991211,5.9604644775390625e-08,0,0,0,2734.7295409999788,4066.3617089999998,8857970334303715923,74,13,2,2,3,3016015872,5584011264,117.42037441581488,2617.3091665841639,qualified-kernel-stage-token,2,rise-payload-sha256-merkle,2,fed58566caf6a669e9a47f042123c206dce427d4d402cf8f82dcb1f48844f341,510393fe8f1e2c61d57717241746b6256992c21b43403359929ff8f69db4f64e,8cab1b57174fb8e6a660cd5ad05d9571a0631a3480084b2749aef30d7ced91b6,93556764
26,0.042802915209904313,0.0016462659696117043,0.18194150924682617,2,2659,37,38,0,0.00087833404541015625,5.9604644775390625e-08,0,0,0,2739.6648754365742,4034.3784999999998,6639051979395290013,74,13,2,2,3,3016015872,5584011264,119.47212461382151,2620.1927508227527,qualified-kernel-stage-token,2,rise-payload-sha256-merkle,2,fed58566caf6a669e9a47f042123c206dce427d4d402cf8f82dcb1f48844f341,362dbe88eb2196295489025551ff0f8030115491f60b3803782f30c50ba60583,2acdcfc0d311556184a5a20f1b8ddb27e5c63a3968b2d932ddb107519886bdee,93556764
27,0.044449181179516017,0.0016462659696117043,0.18023167550563812,2,2659,37,38,0,0.00092017650604248047,5.9604644775390625e-08,0,0,0,2739.4986245781183,4040.542833,9905568765974997567,74,13,2,2,3,3016015872,5584011264,118.90741693787277,2620.5912076402456,qualified-kernel-stage-token,2,rise-payload-sha256-merkle,2,fed58566caf6a669e9a47f042123c206dce427d4d402cf8f82dcb1f48844f341,249db714e84d7ad3e602c855db139e95a6f3069ff72a94f62e14b8fd3b94a5d0,ac7e29a920d36bc8ee71edc313f6a8ad0de9f17e24d5e1d01aea24485d5c4687,93556764
28,0.046095447149127722,0.0016462659696117043,0.17847231030464172,2,2659,37,38,0,0.00089776515960693359,5.9604644775390625e-08,0,0,0,2743.1473738979548,4056.8818329999999,14095737265754700197,74,13,2,2,3,3016015872,5584011264,119.16395765729249,2623.9834162406623,qualified-kernel-stage-token,2,rise-payload-sha256-merkle,2,fed58566caf6a669e9a47f042123c206dce427d4d402cf8f82dcb1f48844f341,39106526a2a2bf8f51c53e5c2a57b09f95205c11695dc48101fd0a1f37224214,680d3646449e25621da8f2344cf2f784a025296c5f38a932567ed97e12f26763,93556764
29,0.047741713118739426,0.0016462659696117043,0.17666482925415039,2,2659,37,38,0,0.00090795755386352539,5.9604644775390625e-08,0,0,0,2746.8473312910646,4050.9230830000001,3133943060071079983,74,13,2,2,3,3016015872,5584011264,117.57966573350132,2629.2676655575633,qualified-kernel-stage-token,2,rise-payload-sha256-merkle,2,fed58566caf6a669e9a47f042123c206dce427d4d402cf8f82dcb1f48844f341,942fb4cea62ee1fb4f233fee3208dcf809d3c3e3bf27d81550df86ca9c9c6ca3,7c177402947dad46f99d88cf2ca98b6faf5c24d814b711ab1eeb8e473eb8aab9,93556764
30,0.04938797908835113,0.0016462659696117043,0.17481236159801483,2,2659,37,38,0,0.00089997053146362305,5.9604644775390625e-08,0,0,0,2748.479290632531,4045.5459580000002,7777742658816440877,74,13,2,2,3,3016015872,5584011264,119.50795794837177,2628.9713326841593,qualified-kernel-stage-token,2,rise-payload-sha256-merkle,2,fed58566caf6a669e9a47f042123c206dce427d4d402cf8f82dcb1f48844f341,dcc3b61b6186cb29668539792bbfd1935486384bd38bfd2967da7fefe4674ea5,eca385bba3c364f888ceca740a1e9f8df81c428f510eb13aef0552bf927dac98,93556764
31,0.051034245057962835,0.0016462659696117043,0.17291352152824402,2,2659,37,38,0,0.00094145536422729492,5.9604644775390625e-08,0,0,0,2754.9862484447658,4039.8828749999998,8112077021946088583,74,13,2,2,3,3016015872,5584011264,118.37366595864296,2636.6125824861228,qualified-kernel-stage-token,2,rise-payload-sha256-merkle,2,fed58566caf6a669e9a47f042123c206dce427d4d402cf8f82dcb1f48844f341,a20fb0ecb29a2be5cbac6376becbdf3b0b6af09f05e2056b16de7c8a67f3bee5,68e1cda7c31dc86edad4be2746176c3320fa1c6327f2675cf8a035af24e81fa4,93556764
32,0.052680511027574539,0.0016462659696117043,0.17097154259681702,2,2659,37,38,0,0.00067555904388427734,5.9604644775390625e-08,0,0,0,2730.1943744532764,4033.7033750000001,14531468401586893241,74,13,2,2,3,3016015872,5584011264,117.21245781518519,2612.9819166380912,qualified-kernel-stage-token,2,rise-payload-sha256-merkle,2,fed58566caf6a669e9a47f042123c206dce427d4d402cf8f82dcb1f48844f341,956c4f6b3e0fa075b62951f13e11cfc24b9dc6cfb98fdaca1a6a432cf9f39d2f,cd6dc740331dac96caacd32f688b905885a6f9742e416fe4e078ef5b221f5c78,93556764
33,0.054326776997186244,0.0016462659696117043,0.16898517310619354,2,2659,37,38,0,0.00069755315780639648,5.9604644775390625e-08,0,0,0,2726.1898736469448,4009.539084,15386729647878374527,74,13,2,2,3,3016015872,5584011264,117.76133324019611,2608.4285404067487,qualified-kernel-stage-token,2,rise-payload-sha256-merkle,2,fed58566caf6a669e9a47f042123c206dce427d4d402cf8f82dcb1f48844f341,5c25247a772f6e4f7a2197f5aa97e5df6039d052161d90928220a0d0d3a29e0f,d6b6d1eb0a6a424012e1a9300dd5e01dc5bf424c2770deaa881d2a832ae41dc5,93556764
34,0.055973042966797948,0.0016462659696117043,0.16695626080036163,2,2659,37,38,0,0.00071978569030761719,5.9604644775390625e-08,0,0,0,2727.6929160580039,4017.8054590000002,10287350860092156893,74,13,2,2,3,3016015872,5584011264,116.65008356794715,2611.0428324900568,qualified-kernel-stage-token,2,rise-payload-sha256-merkle,2,fed58566caf6a669e9a47f042123c206dce427d4d402cf8f82dcb1f48844f341,b4d251cec4bd2639fa306e71ca0011efe6f9e7e8037249c773e74d7af6bb3f94,68fb9ad965e13baba5a73063bc58ca468ca24ca1c9be39916597db990d53c85d,93556764
35,0.057619308936409652,0.0016462659696117043,0.16488371789455414,2,2659,37,38,0,0.00074815750122070312,5.9604644775390625e-08,0,0,0,2744.9450809508562,4030.3711250000001,8329669712572794535,74,13,2,2,3,3016015872,5584011264,118.51737461984158,2626.4277063310146,qualified-kernel-stage-token,2,rise-payload-sha256-merkle,2,fed58566caf6a669e9a47f042123c206dce427d4d402cf8f82dcb1f48844f341,d7377ecf4deab25270674e4413ae64811aab8cfa7d49d1a9b02f5d7fe3b511cf,f81a1b2aece0a1ffb9fb02e54d1376412002f919b4bcff129858f06a6824733d,93556764
36,0.059265574906021357,0.0016462659696117043,0.16276903450489044,2,2659,37,38,0,0.00078874826431274414,5.9604644775390625e-08,0,0,0,2730.9081670828164,4015.917833,9736723867768889431,74,13,2,2,3,3016015872,5584011264,117.00562457554042,2613.9025425072759,qualified-kernel-stage-token,2,rise-payload-sha256-merkle,2,fed58566caf6a669e9a47f042123c206dce427d4d402cf8f82dcb1f48844f341,d704c3fef5c0dbeaf4ef167c425cf115a9cdb461098c9d0257dbbc123fbbeb27,7cf4903183a2adec97d34805cffe1dc5bb268440efdee7919f9c815930234b03,93556764
37,0.060911840875633061,0.0016462659696117043,0.16061154007911682,2,2659,37,38,0,0.00083076953887939453,5.9604644775390625e-08,0,0,0,2729.932333342731,4013.6951250000002,868580133147771637,74,13,2,2,3,3016146944,5584011264,117.94129176996648,2611.9910415727645,qualified-kernel-stage-token,2,rise-payload-sha256-merkle,2,fed58566caf6a669e9a47f042123c206dce427d4d402cf8f82dcb1f48844f341,355c1765e7bf230fca68755ae37f837b847634c90bd0d241aa4587fda5b47ace,6b08ed188e0dcb226610c6d147dd98bffd181f8aebea16c7d338c58353ba15a5,93556764
38,0.062558106845244765,0.0016462659696117043,0.1584106981754303,2,2659,37,38,0,0.00087416172027587891,5.9604644775390625e-08,0,0,0,2736.6787060163915,4036.9902080000002,13611327747451291433,74,13,2,2,3,3016015872,5584011264,119.45741577073932,2617.2212902456522,qualified-kernel-stage-token,2,rise-payload-sha256-merkle,2,fed58566caf6a669e9a47f042123c206dce427d4d402cf8f82dcb1f48844f341,1632e9243ec754e2ca69ae6be0934e9d12f72730ed96cff8617f259f6a223e89,d815bb8f8093c6604309711ad2c6da8723ba9a47c2ab4b67670ed79e3a1e112d,93556764
39,0.06420437281485647,0.0016462659696117043,0.15616780519485474,2,2659,37,38,0,0.00091898441314697266,5.9604644775390625e-08,0,0,0,2746.4729158673435,4042.8256660000002,2821794132417357167,74,13,2,2,3,3016015872,5584011264,118.67587547749281,2627.7970403898507,qualified-kernel-stage-token,2,rise-payload-sha256-merkle,2,fed58566caf6a669e9a47f042123c206dce427d4d402cf8f82dcb1f48844f341,65a190a0a1f4a400a72376523d3d7d83c14e408b473cfacf936cd90d3611fe11,e7c056635a05e131d0f2845c6bc9bad3da68c6d50fb72b85b9b6eed6f20ea45f,93556764
40,0.065850638784468174,0.0016462659696117043,0.15388128161430359,2,2659,37,38,0,0.00087738037109375,5.9604644775390625e-08,0,0,0,2742.9601678159088,4035.6787089999998,5388741136212898021,74,13,2,2,3,3016015872,5584011264,119.45895850658417,2623.5012093093246,qualified-kernel-stage-token,2,rise-payload-sha256-merkle,2,fed58566caf6a669e9a47f042123c206dce427d4d402cf8f82dcb1f48844f341,fa11572bfbbc99ad0be3c26db0aac67b2663ea4088d757cedec6b127ff67647c,8258244a147c8e0fcdaff65db0c342593d7fb82f2c8c897f6d9c4fa2c362598e,93556764
41,0.067496904754079878,0.0016462659696117043,0.15155290067195892,2,2659,37,38,0,0.0009225010871887207,5.9604644775390625e-08,0,0,0,2737.1012503281236,4023.1360410000002,8573555394130328829,74,13,2,2,3,3016015872,5584011264,118.20658389478922,2618.8946664333344,qualified-kernel-stage-token,2,rise-payload-sha256-merkle,2,fed58566caf6a669e9a47f042123c206dce427d4d402cf8f82dcb1f48844f341,9c13f946d4bdfa4661adced236656523ab990ff0dbc06855aace1e5174df1878,e38d7f09b4bc0aca1cf5bab7711a15beb10f0d6f69a116325208782202a95448,93556764
42,0.069143170723691583,0.0016462659696117043,0.14917980134487152,2,2659,37,38,0,0.00090324878692626953,5.9604644775390625e-08,0,0,0,2735.4459587950259,4021.9295419999999,4970730836579075023,74,13,2,2,3,3016015872,5584011264,118.45891713164747,2616.9870416633785,qualified-kernel-stage-token,2,rise-payload-sha256-merkle,2,fed58566caf6a669e9a47f042123c206dce427d4d402cf8f82dcb1f48844f341,9855218b5fce1f037b060a2a9fcd08569b030945c406cf4240735f4daf83b6c4,a274e3fa3d0e2ad43fee75edd59ded0100c7731ef53af8c949c1451513d07689,93556764
43,0.070789436693303287,0.0016462659696117043,0.1467633843421936,2,2659,37,38,0,0.00092035531997680664,5.9604644775390625e-08,0,0,0,2754.0265016723424,4039.8781669999998,14764894645042161865,74,13,2,2,3,3016015872,5584011264,120.46695873141289,2633.5595429409295,qualified-kernel-stage-token,2,rise-payload-sha256-merkle,2,fed58566caf6a669e9a47f042123c206dce427d4d402cf8f82dcb1f48844f341,47849f349bf28ebb6712eacb393a85de13ce0779b2a3f2a77db60def7db7552d,51844188a135d6bee856cf80a2f021ff58d90af8b76e6921ba44a1d97d1863e6,93556764
44,0.072435702662914991,0.0016462659696117043,0.14430356025695801,2,2659,37,38,0,0.00092893838882446289,5.9604644775390625e-08,0,0,0,2747.2014161758125,4074.3266250000001,10325325088782879729,74,13,2,2,3,3016015872,5584011264,119.66129252687097,2627.5401236489415,qualified-kernel-stage-token,2,rise-payload-sha256-merkle,2,fed58566caf6a669e9a47f042123c206dce427d4d402cf8f82dcb1f48844f341,8cb6a19dfbb68034312f3f2ed61773a99fb8764a3dd0bfec6580f2028e87f4d8,cb574c4a7de66cf2b5312f2d7f0683c8ba24c10863bda350fc34d4981b3f861c,93556764
45,0.074081968632526696,0.0016462659696117043,0.14180015027523041,2,2659,37,38,0,0.00082337856292724609,5.9604644775390625e-08,0,0,0,2748.0192084331065,4044.3102079999999,6917521936681882217,74,13,2,2,3,3016015872,5584011264,119.29116607643664,2628.7280423566699,qualified-kernel-stage-token,2,rise-payload-sha256-merkle,2,fed58566caf6a669e9a47f042123c206dce427d4d402cf8f82dcb1f48844f341,ce9cefc7414259c0aa04644ab59642e6fd8599d7fc6f2a6733df6bfa3fa7c715,e8c665e7fc73dd3ddf12dad87fa871cb6f487350590a6bd4a55cd037cc47e3ce,93556764
46,0.0757282346021384,0.0016462659696117043,0.13927048444747925,2,2659,37,38,0,0.00084364414215087891,5.9604644775390625e-08,0,0,0,2752.6220402214676,4038.4982500000001,1882971205783058865,74,13,2,2,3,3016015872,5584011264,118.84499923326075,2633.7770409882069,qualified-kernel-stage-token,2,rise-payload-sha256-merkle,2,fed58566caf6a669e9a47f042123c206dce427d4d402cf8f82dcb1f48844f341,90545d7b1b8b20d0769aca0caf630e6d5d077ad70dd3b3ffcaf7e503a2c85e02,f4522c70bdff2c73666eaf8dfa8c32ec488fb915a69b7619e79e2fd8b69c8ea8,93556764
47,0.077374500571750104,0.0016462659696117043,0.13669930398464203,2,2659,37,38,0,0.00086396932601928711,5.9604644775390625e-08,0,0,0,2748.6897076014429,4038.3232079999998,8491650944375952061,74,13,2,2,3,3016015872,5584011264,118.61604196019471,2630.0736656412482,qualified-kernel-stage-token,2,rise-payload-sha256-merkle,2,fed58566caf6a669e9a47f042123c206dce427d4d402cf8f82dcb1f48844f341,1880fd3a88344040870ac2853ce3c2615b14f1e127e94bb929bbcefdc4aa597c,abc187d6c2784808d3b606765308260ecec74dbbc6b67c3f1197dff287f23a9f,93556764
48,0.079020766541361809,0.0016462659696117043,0.13408470153808594,2,2659,37,38,0,0.00088447332382202148,5.9604644775390625e-08,0,0,0,2765.6812914647162,4051.412542,8969861800711755441,74,13,2,2,3,3016015872,5584011264,122.37866595387459,2643.3026255108416,qualified-kernel-stage-token,2,rise-payload-sha256-merkle,2,fed58566caf6a669e9a47f042123c206dce427d4d402cf8f82dcb1f48844f341,5d40fe9266b386b245ee432d3f319f46b227a1d451511c82a27d48a366cfaaab,b8b255030129c76f2043c485f046cf5e46cadbad355bab04f98b3d8cbb15ad75,93556764
49,0.080667032510973513,0.0016462659696117043,0.13142494857311249,2,2659,37,38,0,0.00090497732162475586,5.9604644775390625e-08,0,0,0,2751.7048332374543,4051.583834,7681394805267592061,74,13,2,2,3,3016015872,5584011264,115.59550045058131,2636.109332786873,qualified-kernel-stage-token,2,rise-payload-sha256-merkle,2,fed58566caf6a669e9a47f042123c206dce427d4d402cf8f82dcb1f48844f341,f9da87d262b0b5b9180b948d6b5e0cfce7cd6b591f6e0d408ebe4845f7e1bcfb,4fe9b61b28345ee561996b55dec92b412a264a6c22773e270d7c0ed09ec60f54,93556764
50,0.082313298480585217,0.0016462659696117043,0.12872017920017242,2,2659,37,38,0,0.00092566013336181641,5.9604644775390625e-08,0,0,0,2755.1802075468004,4043.6518339999998,17836534642808055731,74,13,2,2,3,3016015872,5584011264,123.87770786881447,2631.3024996779859,qualified-kernel-stage-token,2,rise-payload-sha256-merkle,2,fed58566caf6a669e9a47f042123c206dce427d4d402cf8f82dcb1f48844f341,24bf83148b8383997832f1ba2bed8baa1264fc357912f74b0b2b81145d513de5,7f9b869c6725866e0cafc6ab9459bc8a67619d5c6c64c896762311c4897e54b1,93556764
51,0.083959564450196922,0.0016462659696117043,0.12596912682056427,2,2659,37,38,0,0.00022286176681518555,5.9604644775390625e-08,0,0,0,2743.4259997680783,4038.113625,5757324577904917769,74,13,2,2,3,3016015872,5584011264,115.81937503069639,2627.6066247373819,qualified-kernel-stage-token,2,rise-payload-sha256-merkle,2,fed58566caf6a669e9a47f042123c206dce427d4d402cf8f82dcb1f48844f341,5e30f474a7a86711981f5dbcf9517f39fe42bf02432b492de96ca50a04e1e0b0,e45094f257ec052f1eac4cdf161e2359bbdad4b0d2c70f2b8cd350e77c0ae4f5,93556764
52,0.085605830419808626,0.0016462659696117043,0.12317398190498352,2,2659,37,38,0,0.00021433830261230469,5.9604644775390625e-08,0,0,0,2747.7446249686182,4083.3321249999999,523451292945387363,74,13,2,2,3,3016015872,5584011264,117.09554120898247,2630.6490837596357,qualified-kernel-stage-token,2,rise-payload-sha256-merkle,2,fed58566caf6a669e9a47f042123c206dce427d4d402cf8f82dcb1f48844f341,38b1b20a27595948f690b7ee2bba3c76cab52d254738fe1fce9a510a2d5448f0,2533f68a978b3cae9297f3062f91a550eb3ada202b0b3e213c189b561e142ed0,93556764
53,0.087252096389420331,0.0016462659696117043,0.20707744359970093,2,2656,34,38,0,0.00045716762542724609,5.9604644775390625e-08,0,0,0,3184.4077506102622,4654.3768749999999,14793452060445053485,86,15,3,3,3,3016212480,5584011264,134.47391684167087,3049.9338337685913,qualified-kernel-stage-token,2,rise-payload-sha256-merkle,2,fed58566caf6a669e9a47f042123c206dce427d4d402cf8f82dcb1f48844f341,92c410b8a30963fffd415788d8e616778003c674cd765f1e752da55adfb4f928,14ef42a9da09f80d58ed428c265a6fcdce812640e4fe67409142a392dc64aef4,93556764
54,0.088898362359032035,0.0016462659696117043,0.33719396591186523,2,2105,35,30,0,0.00084209442138671875,5.9604644775390625e-08,0,0,0,3188.6150413192809,4680.0734160000002,10951140811499480879,86,15,3,3,3,3016212480,5584011264,133.80316691473126,3054.8118744045496,qualified-kernel-stage-token,2,rise-payload-sha256-merkle,2,fed58566caf6a669e9a47f042123c206dce427d4d402cf8f82dcb1f48844f341,8c7c90af2df633505550fd3c727ad776ad3614b0457a7c4c3494b5fb17232b15,3879beda2bbb7b5b54a696beae0cb849fdeaf192521458f8692c2262ee889f30,93556764
55,0.090544628328643739,0.0016462659696117043,0.30505207180976868,2,2315,38,33,0,0.00052511692047119141,5.9604644775390625e-08,0,0,0,3373.5074577853084,4950.503667,9080420599271116987,92,16,3,3,4,3016310784,5584011264,144.2072915378958,3229.3001662474126,qualified-kernel-stage-token,2,rise-payload-sha256-merkle,2,fed58566caf6a669e9a47f042123c206dce427d4d402cf8f82dcb1f48844f341,07df8be19d5146d92c9ea079faae37efddfe321d20b9482447e5890f96302b1c,5be5e1a76fd885f207ca3a55d2aa1e979ae19a5d3d8ce16b1c4445276bfbf83b,93556764
56,0.092190894298255444,0.0016462659696117043,0.31580421328544617,2,2584,31,37,0,0.00050115585327148438,5.9604644775390625e-08,0,0,0,3385.8473324216902,4934.0640000000003,6976432165840828783,92,16,3,3,4,3016310784,5584011264,146.71554183587432,3239.1317905858159,qualified-kernel-stage-token,2,rise-payload-sha256-merkle,2,fed58566caf6a669e9a47f042123c206dce427d4d402cf8f82dcb1f48844f341,4b24f3f781970b0e43cdb29926053eec986cd4bb5d0beccce7be97e40c369c67,e8c92a958d90e38a2501159b0aa97fdcdf7e7d6a0460ab2958ca006dcbc7e3dd,93556764
57,0.093837160267867148,0.0016462659696117043,0.33180588483810425,0,2410,30,34,0,0.000576019287109375,5.9604644775390625e-08,0,0,0,3384.6589180175215,4969.6364169999997,420384343039535603,92,16,3,3,4,3016441856,5584011264,145.09695838205516,3239.5619596354663,qualified-kernel-stage-token,2,rise-payload-sha256-merkle,2,fed58566caf6a669e9a47f042123c206dce427d4d402cf8f82dcb1f48844f341,f5927912b94851acef34a34d07106ba3eac88c6e9c91f5bbbcaa6d953effec2b,b7d336db3642fbc757055f28d7be9cbdf369db5408c21a7273904cd5b9bcee47,93556764
58,0.095483426237478852,0.0016462659696117043,0.36348786950111389,0,2340,30,33,0,0.00070774555206298828,5.9604644775390625e-08,0,0,0,3383.2781680393964,4969.7953749999997,1393840908864206351,92,16,3,3,4,3016310784,5584011264,145.60345862992108,3237.6747094094753,qualified-kernel-stage-token,2,rise-payload-sha256-merkle,2,fed58566caf6a669e9a47f042123c206dce427d4d402cf8f82dcb1f48844f341,5c6da5471970d86310706046c126d1bbf8faef2bf9f47d046f7cac4129c1ba67,8f532c71580b00f75033ac6ad165473177133803302e451e906db2384dc70f71,93556764
59,0.097129692207090557,0.0016462659696117043,0.38467442989349365,0,2340,30,33,0,0.00079643726348876953,5.9604644775390625e-08,0,0,0,3604.9314169213176,5242.7814580000004,14137406096279365379,98,17,3,4,4,3016458240,5584011264,154.479542048648,3450.4518748726696,qualified-kernel-stage-token,2,rise-payload-sha256-merkle,2,fed58566caf6a669e9a47f042123c206dce427d4d402cf8f82dcb1f48844f341,dcf198db500e8fdb2b962dec95522587d1591f31e3e365feab90e95b487ef017,7cb1dace52c572afbe3f0f014b403300f4e420b4aaaad9bac803f5da939c1571,93556764
60,0.098775958176702261,0.0016462659696117043,0.39491558074951172,0,2340,30,33,0,0.00078999996185302734,5.9604644775390625e-08,0,0,0,3599.4456268381327,5227.7733749999998,7731919685872805251,98,17,4,3,4,3016458240,5584011264,155.46379215084016,3443.9818346872926,qualified-kernel-stage-token,2,rise-payload-sha256-merkle,2,fed58566caf6a669e9a47f042123c206dce427d4d402cf8f82dcb1f48844f341,223126a886ed2d11f604e14c28309f70e4115a72ff381d4679351d8f3a28782b,2bf1b7d3aeb40129e05a88b72a039576a490b26b483e57041035f0b4801ba176,93556764
61,0.10042222414631397,0.0016462659696117043,0.39979994297027588,0,2340,30,33,0,0.00077795982360839844,5.9604644775390625e-08,0,0,0,3389.2396676819772,4953.1116659999998,13389380564037633599,92,16,3,3,4,3016310784,5584011264,145.60895832255483,3243.6307093594223,qualified-kernel-stage-token,2,rise-payload-sha256-merkle,2,fed58566caf6a669e9a47f042123c206dce427d4d402cf8f82dcb1f48844f341,727798144fecee70e3de093fd04939a251aaa0e484498b801b9f3dd67ee89477,ffcd289d5ce7d5c4ccaaa18ec78a1a6249cd77a0516a728bf62b0e1e9383f494,93556764
62,0.10206849011592567,0.0016462659696117043,0.40258142352104187,0,2410,30,34,0,0.00083649158477783203,5.9604644775390625e-08,0,0,0,3392.9300010204315,4960.0448329999999,14315539077734515909,92,16,3,3,4,3016359936,5584011264,143.47045868635178,3249.4595423340797,qualified-kernel-stage-token,2,rise-payload-sha256-merkle,2,fed58566caf6a669e9a47f042123c206dce427d4d402cf8f82dcb1f48844f341,362f38f19d1290f365f8983bea3242aa40d2e2221cf13d8f55fd56216893d713,3dcdfcd0be94a797358d6218ef24b2f67d9cc7c080c9fc0027d8c6d66d7c599b,93556764
63,0.10371475608553737,0.0016462659696117043,0.40428367257118225,0,2410,30,34,0,0.00088977813720703125,5.9604644775390625e-08,0,0,0,3598.1238759122789,5265.6887500000003,8859062464141017271,98,17,4,3,4,3016409088,5584011264,154.71845865249634,3443.4054172597826,qualified-kernel-stage-token,2,rise-payload-sha256-merkle,2,fed58566caf6a669e9a47f042123c206dce427d4d402cf8f82dcb1f48844f341,ef373eda02f1368097f2f8e1471d3ffc7d03e250f1b160199d5cd5a8fae514e3,8a823b872f9aee60c79bd0b31963f2d537007741dd2afd1f7baaefb29bf945ea,93556764
64,0.10536102205514908,0.0016462659696117043,0.40433299541473389,0,2410,30,34,0,0.00094175338745117188,5.9604644775390625e-08,0,0,0,3378.7167083937675,4940.3932919999997,12873217802423057199,92,16,3,3,4,3016310784,5584011264,143.48495821468532,3235.2317501790822,qualified-kernel-stage-token,2,rise-payload-sha256-merkle,2,fed58566caf6a669e9a47f042123c206dce427d4d402cf8f82dcb1f48844f341,f5e897fa1a2b2bd137281485dc66a813d56b7d29cbd39d1446ad0a3a7dd66f2a,41f68f2fc64311a486e10e9e9d8b596289e9babe0214d60e14645ea27a483a39,93556764
65,0.10700728802476078,0.0016462659696117043,0.40023046731948853,0,2410,30,34,0,0.00098621845245361328,5.9604644775390625e-08,0,0,0,2964.9621676653624,4345.7872500000003,7530398224378182135,80,14,2,2,4,3016114176,5584011264,125.11533382348716,2839.8468338418752,qualified-kernel-stage-token,2,rise-payload-sha256-merkle,2,fed58566caf6a669e9a47f042123c206dce427d4d402cf8f82dcb1f48844f341,2d63b25832ab295eee18fc4ec6e28fc706dc90077e4f030e9f7fc2b7badcfec3,d8184d9b27cbf91bfda9cda90b34f4c18bfe03930f84644ef2995da20b9b1dd9,93556764
66,0.10865355399437249,0.0016462659696117043,0.39853581786155701,0,2410,30,34,0,0.0010317564010620117,5.9604644775390625e-08,0,0,0,2950.675708707422,4319.8188330000003,12673106811060717443,80,14,2,2,4,3016114176,5584011264,125.52208360284567,2825.1536251045763,qualified-kernel-stage-token,2,rise-payload-sha256-merkle,2,fed58566caf6a669e9a47f042123c206dce427d4d402cf8f82dcb1f48844f341,0b18c639a0c47484f4fc1d2a7a350c3ed430a8570bcb7923363325ddca1cfc8e,e542cf84f55b04900f440f277f1a262a75f449d9a78c629fa0fc8b73e3f1d0f5,93556764
67,0.11029981996398419,0.0016462659696117043,0.39583343267440796,0,2410,30,34,0,0.0010645389556884766,5.9604644775390625e-08,0,0,0,2946.7092517297715,4344.2695839999997,14830599635326036105,80,14,2,2,4,3016114176,5584011264,125.05804235115647,2821.651209378615,qualified-kernel-stage-token,2,rise-payload-sha256-merkle,2,fed58566caf6a669e9a47f042123c206dce427d4d402cf8f82dcb1f48844f341,4c7d2ec2f5ea0232c891f9e18a259e50f875531d04d3ec789bed6d8540b72333,707447fd70bd0c97f557f991f79cdccc17ffe49aeab6633a5f91b6437de5fc78,93556764
68,0.1119460859335959,0.0016462659696117043,0.39289373159408569,0,2410,30,34,0,0.0011198520660400391,5.9604644775390625e-08,0,0,0,2964.4932507071644,4342.4802090000003,13676831944586636617,80,14,2,2,4,3016114176,5584011264,124.56429214216769,2839.9289585649967,qualified-kernel-stage-token,2,rise-payload-sha256-merkle,2,fed58566caf6a669e9a47f042123c206dce427d4d402cf8f82dcb1f48844f341,6c86c4654915f2b2f06c656dcec60e2d46513ba44b775c983cdba9cd5c236082,affe6625645fa4210ada49c04339e927f06d0fef3389bf5ef7bd5c0ba8ce64a2,93556764
69,0.1135923519032076,0.0016462659696117043,0.38930261135101318,0,2410,30,34,0,0.0011736154556274414,5.9604644775390625e-08,0,0,0,2956.3309596851468,4371.809209,8266590377888856397,80,14,2,2,4,3016114176,5584011264,124.71662578172982,2831.614333903417,qualified-kernel-stage-token,2,rise-payload-sha256-merkle,2,fed58566caf6a669e9a47f042123c206dce427d4d402cf8f82dcb1f48844f341,166bd8fc695a10447dafcf76d70beb910712019c09aed70bcb4b092df50b9ef6,d7e72aea7ae2eca3932397bd1f81f10a083b92020daf0b4d7e623cb07701c0bd,93556764
70,0.1152386178728193,0.0016462659696117043,0.38499701023101807,0,2410,30,34,0,0.0012140274047851562,5.9604644775390625e-08,0,0,0,2964.6396646276116,4336.6934160000001,533355324871754259,80,14,2,2,4,3016114176,5584011264,135.66837459802628,2828.9712900295854,qualified-kernel-stage-token,2,rise-payload-sha256-merkle,2,fed58566caf6a669e9a47f042123c206dce427d4d402cf8f82dcb1f48844f341,3dbd6e922bcde7225e54cc9e637269dac043e4eac26fc6adea5240a9fa808093,c0701a183cdc5393a987d49661a8787ca5e3c293b62e1f3428dc39312a498143,93556764
71,0.11688488384243101,0.0016462659696117043,0.38021934032440186,0,2410,30,34,0,0.0012693405151367188,5.9604644775390625e-08,0,0,0,2961.6446667350829,4331.8343329999998,4138463928383119425,80,14,2,2,4,3016114176,5584011264,128.77437518909574,2832.8702915459871,qualified-kernel-stage-token,2,rise-payload-sha256-merkle,2,fed58566caf6a669e9a47f042123c206dce427d4d402cf8f82dcb1f48844f341,20080832933a46deed7a571e6f52fd564715242d069674c2a9fa39a8d45b6b00,c0f62951b893d22f4c4a9f03b4004dbbfc1b773b36372f5b92b75f2671a1a32c,93556764
72,0.11853114981204271,0.0016462659696117043,0.37423726916313171,0,2410,30,34,0,0.001292109489440918,5.9604644775390625e-08,0,0,0,2955.8723336085677,4350.8384580000002,2071668358946289003,80,14,2,2,4,3016114176,5584011264,126.18904164992273,2829.683291958645,qualified-kernel-stage-token,2,rise-payload-sha256-merkle,2,fed58566caf6a669e9a47f042123c206dce427d4d402cf8f82dcb1f48844f341,74051a32a94ca775006714110a33e594212d3eef77518f40912748ad7203532c,25eaad795e669015870a3ad10d074f177fe498c58f2e8f678f3524f7f9ca2f35,93556764
73,0.12017741578165442,0.0016462659696117043,0.36770510673522949,0,2410,30,34,0,0.0013725757598876953,5.9604644775390625e-08,0,0,0,2955.148792359978,4325.5249160000003,13084756372786846637,80,14,2,2,4,3016114176,5584011264,125.98587432876229,2829.1629180312157,qualified-kernel-stage-token,2,rise-payload-sha256-merkle,2,fed58566caf6a669e9a47f042123c206dce427d4d402cf8f82dcb1f48844f341,60e7e972437f32d53b0da6bd5ec35b09b482dc5d696dded2cf32472078c7c60f,1c4d8e549b28f0b9d8706fb5fc4fbe245ef214b063b600451f9a6eaf349c245e,93556764
74,0.12182368175126612,0.0016462659696117043,0.36165538430213928,0,2410,30,34,0,0.0017220973968505859,5.9604644775390625e-08,0,0,0,2959.9325011949986,4330.9481669999996,15989853123940453785,80,14,2,2,4,3016245248,5584011264,128.31504200585186,2831.6174591891468,qualified-kernel-stage-token,2,rise-payload-sha256-merkle,2,fed58566caf6a669e9a47f042123c206dce427d4d402cf8f82dcb1f48844f341,82698edaa38a706c12697f3f06f6e678ab4bef197ec83c1927382513c9b9e97d,889763c45e751643e1a679b8572283810858a42f93f392424d8101bcdab89ba0,93556764
75,0.12346994772087783,0.0016462659696117043,0.34850868582725525,0,2410,30,34,0,0.0018732547760009766,5.9604644775390625e-08,0,0,0,2952.0084175746888,4339.8791250000004,1379264460093453411,80,14,2,2,4,3016114176,5584011264,125.59516704641283,2826.413250528276,qualified-kernel-stage-token,2,rise-payload-sha256-merkle,2,fed58566caf6a669e9a47f042123c206dce427d4d402cf8f82dcb1f48844f341,fc0d932dd302fd55821654f41f5cad66c200a06ceb3c619ddda12678caeb9d6d,9836d776d574dc734cb012caf75f3f68cbc5740c9942fb053401f4fe5a2e9d1e,93556764
76,0.12511621369048953,0.0016462659696117043,0.33394348621368408,0,2410,30,34,0,0.0020910501480102539,5.9604644775390625e-08,0,0,0,2952.3348747752607,4322.9855829999997,12163400110602444477,80,14,2,2,4,3016114176,5584011264,125.74470811523497,2826.5901666600257,qualified-kernel-stage-token,2,rise-payload-sha256-merkle,2,fed58566caf6a669e9a47f042123c206dce427d4d402cf8f82dcb1f48844f341,d33e26c170c5480ed2acecd747d7fae5b75f8d5209587f5123ca9984fa5200d9,91fd04653aa14a939c29f6107b502260a0d8b6fcb0cde44b3dbf8576002398cd,93556764
77,0.12676247966010123,0.0016462659696117043,0.31909382343292236,0,2410,30,34,0,0.0022474527359008789,5.9604644775390625e-08,0,0,0,2951.9911252427846,4345.3914580000001,12786245427804942603,80,14,2,2,4,3016114176,5584011264,126.56541750766337,2825.4257077351213,qualified-kernel-stage-token,2,rise-payload-sha256-merkle,2,fed58566caf6a669e9a47f042123c206dce427d4d402cf8f82dcb1f48844f341,9cc9d02f4d114a8a0ad4f9b64f2351f2e286fe5aec7cecdea87e21df5b370839,d4d7cddb37a35afbd0e80ff9e6933c8633bde2d17d4f68e88a5bb20bb5ef5628,93556764
78,0.12840874562971294,0.0016462659696117043,0.30338886380195618,0,2410,30,34,0,0.002348780632019043,5.9604644775390625e-08,0,0,0,2965.6339578796178,4337.8292499999998,13390015216068492177,80,14,2,2,4,3016114176,5584011264,126.16649968549609,2839.4674581941217,qualified-kernel-stage-token,2,rise-payload-sha256-merkle,2,fed58566caf6a669e9a47f042123c206dce427d4d402cf8f82dcb1f48844f341,983eb1cd237d68c8363e08af94a320456229449ecaefc5b5160698317b8120ba,8ec06f154d31ed57a0a00ab6d7d6ccaeabd17b1224af00062035f3b2f74b21d1,93556764
79,0.13005501159932464,0.0016462659696117043,0.28757396340370178,0,2410,30,34,0,0.0022786855697631836,5.9604644775390625e-08,0,0,0,2959.8531243391335,4332.8329169999997,10926750649764298015,80,14,2,2,4,3016114176,5584011264,127.97883292660117,2831.8742914125323,qualified-kernel-stage-token,2,rise-payload-sha256-merkle,2,fed58566caf6a669e9a47f042123c206dce427d4d402cf8f82dcb1f48844f341,06c9f84f68315074254aa62a62c6e1b9eeff95830b62d81eaa757c82fb2158c0,53c7e56ad69862b939cf91ed387c94b55de215a5e8bd2d0498378703df624809,93556764
80,0.13170127756893635,0.0016462659696117043,0.28125700354576111,2,7137,30,34,1,0.0023550987243652344,5.9604644775390625e-08,0,0,0,2964.1033753287047,4340.5858749999998,16933618244935042427,80,14,2,2,4,3016114176,5584011264,125.24658348411322,2838.8567918445915,qualified-kernel-stage-token,2,rise-payload-sha256-merkle,2,fed58566caf6a669e9a47f042123c206dce427d4d402cf8f82dcb1f48844f341,138e1bc44e28f9167ceaaaafd347c6bf424f0e381c3c83029911cf6a57682860,30d516d9302a67f48280416ef87b97db2b8473ac87fad9bfc98e3115c218dadd,93556764
81,0.13334754353854805,0.0016462659696117043,0.282022625207901,2,7137,30,34,1,0.0022842884063720703,5.9604644775390625e-08,0,0,0,2957.7857474796474,4332.8183330000002,1345461202550388565,80,14,2,2,4,3016114176,5584011264,127.79924971982837,2829.986497759819,qualified-kernel-stage-token,2,rise-payload-sha256-merkle,2,fed58566caf6a669e9a47f042123c206dce427d4d402cf8f82dcb1f48844f341,f9e7581994ddd4281183e134e0bb467a7cc592beedffb3ac532da6e571bf6d19,2acddcf557c8956aa7ee6b75f1b63e59b9403815b786017e2a339fb116bf6251,93556764
82,0.13499380950815976,0.0016462659696117043,0.28305071592330933,2,7137,30,34,1,0.0022634267807006836,5.9604644775390625e-08,0,0,0,2956.0095411725342,4330.2335830000002,6259132355808716621,80,14,2,2,4,3016114176,5584011264,130.32195833511651,2825.6875828374177,qualified-kernel-stage-token,2,rise-payload-sha256-merkle,2,fed58566caf6a669e9a47f042123c206dce427d4d402cf8f82dcb1f48844f341,b57acd7528533339a8064241c925b5dc1bed97cc423af2bf688294cf52469e97,05f159a6e995f17cf492fa2f0e38d33e1c80bfba28e65dba94872b54d98fecf0,93556764
83,0.13664007547777146,0.0016462659696117043,0.28474569320678711,2,7137,30,34,1,0.0022062063217163086,5.9604644775390625e-08,0,0,0,2951.5423746779561,4324.6272090000002,18124476680058079617,80,14,2,2,4,3016114176,5584011264,126.90404173918068,2824.6383329387754,qualified-kernel-stage-token,2,rise-payload-sha256-merkle,2,fed58566caf6a669e9a47f042123c206dce427d4d402cf8f82dcb1f48844f341,6c6dab4a308a288c24faf867e331d427a06d85020531c45f897866a107839a40,d4c805c263d07041c3a0d21505725092ebf41474429b794a59d1ac251c6137a2,93556764
84,0.13828634144738317,0.0016462659696117043,0.28696095943450928,2,7137,30,34,1,0.0022103786468505859,5.9604644775390625e-08,0,0,0,2958.7484556250274,4367.1444170000004,16655671986385351305,80,14,2,2,4,3016114176,5584011264,127.01545679010451,2831.7329988349229,qualified-kernel-stage-token,2,rise-payload-sha256-merkle,2,fed58566caf6a669e9a47f042123c206dce427d4d402cf8f82dcb1f48844f341,5f384022dba58d0d21458b796a881ba330efccc113991dc3a0cba4a021598072,97a5fac17a614bab365929947c4ebaa1cdb1123f23509c467081b4584f00ae10,93556764
85,0.13993260741699487,0.0016462659696117043,0.28977787494659424,2,7145,38,34,1,0.0022732019424438477,5.9604644775390625e-08,0,0,0,2954.5106664299965,4354.4881670000004,9975418722110946013,80,14,2,2,4,3016114176,5584011264,123.42949979938567,2831.0811666306108,qualified-kernel-stage-token,2,rise-payload-sha256-merkle,2,fed58566caf6a669e9a47f042123c206dce427d4d402cf8f82dcb1f48844f341,4dfcde346d6fe0d604f17ead40b35d2288a4b9dbdb7c9ef0e2c0b0a86bdc5448,e1556e513d6a8f77c6746e7cc6e22dca18720963f4cfad325e14fb5e79995b45,93556764
86,0.14157887338660657,0.0016462659696117043,0.2935885488986969,2,7145,38,34,1,0.0023745298385620117,5.9604644775390625e-08,0,0,0,2960.5944582726806,4340.9283340000002,5348067571083228897,80,14,2,2,4,3016114176,5584011264,127.27091647684574,2833.3235417958349,qualified-kernel-stage-token,2,rise-payload-sha256-merkle,2,fed58566caf6a669e9a47f042123c206dce427d4d402cf8f82dcb1f48844f341,824b02ad58c70a7076f58b3060b730af9a48039cb16895cdbf38cf61526220ca,0b33fbb5ba3bb69957bcf027e9ae3511ae33eb2c3285c346f6eee2abd467ffe6,93556764
87,0.14322513935621828,0.0016462659696117043,0.29753059148788452,2,7145,38,34,1,0.0024845600128173828,5.9604644775390625e-08,0,0,0,2966.7518332134932,4354.7061249999997,11830923834412179769,80,14,2,2,4,3016114176,5584011264,124.91916608996689,2841.8326671235263,qualified-kernel-stage-token,2,rise-payload-sha256-merkle,2,fed58566caf6a669e9a47f042123c206dce427d4d402cf8f82dcb1f48844f341,bbdafd13a35eae3ffa4b69a9af8a0292de561eace8bd68c6516cbaa39fd76b47,6a287c7cd41eccec2b99cbd673825389c103ead78df8dcc34d1dfa015c5f3928,93556764
88,0.14487140532582998,0.0016462659696117043,0.30223044753074646,2,7145,38,34,1,0.002602696418762207,5.9604644775390625e-08,0,0,0,2955.8316650800407,4344.9304590000002,7428039432350698003,80,14,2,2,4,3016114176,5584011264,127.63974955305457,2828.1919155269861,qualified-kernel-stage-token,2,rise-payload-sha256-merkle,2,fed58566caf6a669e9a47f042123c206dce427d4d402cf8f82dcb1f48844f341,c89536463e4be30bfc37c31525c86ec9c87a7cf806905e32576e0f9b7d82e2a1,8fc635389841f34bbece43b8f09944d7428473f799768deac8325e85661ced2a,93556764
89,0.14651767129544169,0.0016462659696117043,0.30740159749984741,2,7145,38,34,1,0.0027005672454833984,5.9604644775390625e-08,0,0,0,2959.4851648434997,4362.9393749999999,1470299124554361193,80,14,2,2,4,3016114176,5584011264,127.97445873729885,2831.5107061062008,qualified-kernel-stage-token,2,rise-payload-sha256-merkle,2,fed58566caf6a669e9a47f042123c206dce427d4d402cf8f82dcb1f48844f341,9a4d0e885e448d35f56c42ded5530b1f0a17bfb027ff85c1bc56495d064ca499,fa5e4d74a1c162f516aeed4fd288188b62fc654d7743124f99ba2f4675449970,93556764
90,0.14816393726505339,0.0016462659696117043,0.31303480267524719,2,7145,38,34,1,0.0027879476547241211,5.9604644775390625e-08,0,0,0,2952.7712480630726,4332.1614170000003,1657078745922824671,80,14,2,2,4,3016114176,5584011264,127.96095758676529,2824.8102904763073,qualified-kernel-stage-token,2,rise-payload-sha256-merkle,2,fed58566caf6a669e9a47f042123c206dce427d4d402cf8f82dcb1f48844f341,17c1666842279be6f67248f3acd2d2bb60c86fe66b1075b213064ce7aacf0f14,d6c48f71b0e68ee07740a1b46de16504c809d0a1a03a5182f3e9e89af5a51d14,93556764
91,0.1498102032346651,0.0016462659696117043,0.31923821568489075,2,7145,38,34,1,0.0028978586196899414,5.9604644775390625e-08,0,0,0,2965.1713741477579,4335.9593750000004,17535320975437571805,80,14,2,2,4,3016114176,5584011264,129.19837492518127,2835.9729992225766,qualified-kernel-stage-token,2,rise-payload-sha256-merkle,2,fed58566caf6a669e9a47f042123c206dce427d4d402cf8f82dcb1f48844f341,a7fd8b97f60b9ed9ccf8884a2b71302a10e77bf86b7ec86e95583baf8efad766,06af64c7722365f068b6c23e7b8de42997efee981c7208baa99c7712aab2b5f2,93556764
92,0.1514564692042768,0.0016462659696117043,0.32587769627571106,2,7145,38,34,1,0.0029786825180053711,5.9604644775390625e-08,0,0,0,2980.0128734204918,4374.9997080000003,3578708499246043735,80,14,2,2,4,3016114176,5584011264,126.02074933238328,2853.9921240881085,qualified-kernel-stage-token,2,rise-payload-sha256-merkle,2,fed58566caf6a669e9a47f042123c206dce427d4d402cf8f82dcb1f48844f341,02c4501a07c6b908ccb7171ae12ef8a25b72481828f901aa39e5a5c6317fcad9,9e6392c1e021488025e520a0d343ef9a417860c08348f1f1e9279cc2bf1ed881,93556764
93,0.1531027351738885,0.0016462659696117043,0.33292296528816223,2,7145,38,34,1,0.003069758415222168,5.9604644775390625e-08,0,0,0,2979.9525828566402,4356.9130420000001,17990393343497848145,80,14,2,2,4,3016245248,5584011264,135.23437548428774,2844.7182073723525,qualified-kernel-stage-token,2,rise-payload-sha256-merkle,2,fed58566caf6a669e9a47f042123c206dce427d4d402cf8f82dcb1f48844f341,1b804c810c7d6174d110eb6772cb0a78553c614b0be72567d4f738ba03e290d2,02c5e360466a27eba94f134e4e476e0bd894d793e2b33ba760a5eb3286438669,93556764
94,0.15474900114350021,0.0016462659696117043,0.33900061249732971,2,7137,30,34,1,0.0030782222747802734,5.9604644775390625e-08,0,0,0,3014.5171247422695,4468.9646249999996,4272163549823691361,80,14,2,2,4,3016114176,5584011264,125.51237572915852,2889.004749013111,qualified-kernel-stage-token,2,rise-payload-sha256-merkle,2,fed58566caf6a669e9a47f042123c206dce427d4d402cf8f82dcb1f48844f341,4a48aaf0b35b4b6680e338d3ef997415a6c28397844877b9f48cb263b2d0d688,7e5fe6bf83ee89e5580c7042cdfe94192453211e2ea680c8c5100439d4c7e123,93556764
95,0.15639526711311191,0.0016462659696117043,0.34635186195373535,2,7145,38,34,1,0.0032685995101928711,5.9604644775390625e-08,0,0,0,2972.6430841255933,4350.5304169999999,15667331642201710623,80,14,2,2,4,3016114176,5584011264,127.07808334380388,2845.5650007817894,qualified-kernel-stage-token,2,rise-payload-sha256-merkle,2,fed58566caf6a669e9a47f042123c206dce427d4d402cf8f82dcb1f48844f341,5913953ab8dd3609d0fd80cb71f4c539b128b686f1c71b2c9f6dce5ee06c9dfe,8639f9805e765b8d1136b055bf872478dc510c61fe4db3db03701cd8e495aae4,93556764
96,0.15804153308272362,0.0016462659696117043,0.35457867383956909,2,7145,38,34,1,0.0033013820648193359,5.9604644775390625e-08,0,0,0,2987.6374574378133,4361.873834,3658235509027236199,80,14,2,2,4,3016114176,5584011264,125.57224975898862,2862.0652076788247,qualified-kernel-stage-token,2,rise-payload-sha256-merkle,2,fed58566caf6a669e9a47f042123c206dce427d4d402cf8f82dcb1f48844f341,0b1bd791401b3570a609ec72fbaec87d56c1cbbaf34d11c026640558fefa43ab,2c368ff5a27ac230cef32d855f78a87d17c79fee97ff9ca8e8a0ef0a6e484dc5,93556764
97,0.15968779905233532,0.0016462659696117043,0.36310231685638428,2,7145,38,34,1,0.0034351348876953125,5.9604644775390625e-08,0,0,0,2978.6113773006946,4350.4614579999998,2913829523082713183,80,14,2,2,4,3016114176,5584011264,126.93108315579593,2851.6802941448987,qualified-kernel-stage-token,2,rise-payload-sha256-merkle,2,fed58566caf6a669e9a47f042123c206dce427d4d402cf8f82dcb1f48844f341,dbca8b2fd3053f57e05d21ad57a86f2f172519220c789e1b4eb0c3a4a8818815,67347c3feecbb5fc76c31a72f0d9aba517c7ed2e9a7fa91248dbe8027fb47fbd,93556764
98,0.16133406502194703,0.0016462659696117043,0.36833444237709045,2,7145,38,34,1,0.0034716129302978516,5.9604644775390625e-08,0,0,0,3021.7342514079064,4392.9683329999998,17946292987453973723,80,14,2,2,4,3016114176,5584011264,125.72958343662322,2896.0046679712832,qualified-kernel-stage-token,2,rise-payload-sha256-merkle,2,fed58566caf6a669e9a47f042123c206dce427d4d402cf8f82dcb1f48844f341,4b9e33745e385343e89004cbad068c65197136c33c0964db9ca85141d85c01ea,f63290904ace4a883b494807b2fe9ebd8b6bc6e9614bdd2c204e3ca578b396a7,93556764
99,0.16298033099155873,0.0016462659696117043,0.3651864230632782,2,7145,38,34,1,0.0034549236297607422,5.9604644775390625e-08,0,0,0,3190.4578753747046,4648.4262500000004,153674882358176109,86,15,2,3,4,3016261632,5584011264,134.9130414891988,3055.5448338855058,qualified-kernel-stage-token,2,rise-payload-sha256-merkle,2,fed58566caf6a669e9a47f042123c206dce427d4d402cf8f82dcb1f48844f341,ddc196852450ef329b0af9ec1a694b211924fabcf2331b6e00dc532c31529863,e82aa91ce99b9520fd1a15c2c204585d78523766278788334ca269c03d6b3998,93556764
100,0.16462659696117043,0.0016462659696117043,0.37472867965698242,2,7145,38,34,1,0.0036987066268920898,5.9604644775390625e-08,0,0,0,3010.2432924322784,4387.2054170000001,2528399019221873139,80,14,2,2,4,3016163328,5584011264,127.18441663309932,2883.0588757991791,qualified-kernel-stage-token,2,rise-payload-sha256-merkle,2,fed58566caf6a669e9a47f042123c206dce427d4d402cf8f82dcb1f48844f341,c67233cbc372d8877d1f962ed238391ed8db8dc1085453ed38beee4b4911b086,fa679432d0e839c95ae56081f04825267b9a9ddf0bfdc1ae7f141bc5ddb9b157,93556764
101,0.16627286293078214,0.0016462659696117043,0.38813874125480652,2,6937,37,31,1,0.0037055015563964844,5.9604644775390625e-08,0,0,0,3198.887123959139,4657.305625,3793226023260041411,86,15,3,2,4,3016212480,5584011264,135.8307080809027,3063.0564158782363,qualified-kernel-stage-token,2,rise-payload-sha256-merkle,2,fed58566caf6a669e9a47f042123c206dce427d4d402cf8f82dcb1f48844f341,e98b7049ccea77ed665ca6cd86369c24f606cc68d7fa451706d8e7c495dda68b,52c2234beb6a71ad08981c51649a2dfe8ead92fc010f0a2f3f6efe7ec8b262be,93556764
102,0.16791912890039384,0.0016462659696117043,0.39523521065711975,2,6937,37,31,1,0.0036033391952514648,5.9604644775390625e-08,0,0,0,3196.1176234763116,4655.2049159999997,6855176765807413383,86,15,3,2,4,3016261632,5584011264,137.38874928094447,3058.7288741953671,qualified-kernel-stage-token,2,rise-payload-sha256-merkle,2,fed58566caf6a669e9a47f042123c206dce427d4d402cf8f82dcb1f48844f341,e9ecfd62d868759a74e33870ad1d605a12cc444d7ae38967e3c3abe471f366e8,79ffaccdfba92c77d5dd7beb368c653a9a7fe2133b72599d5cbb4ea2c384f0f0,93556764
103,0.16956539487000555,0.0016462659696117043,0.4024660587310791,2,6937,37,31,1,0.0038226842880249023,5.9604644775390625e-08,0,0,0,2972.4723750259727,4343.5866249999999,14918670914394333325,80,14,2,2,4,3016114176,5584011264,125.71287527680397,2846.7594997491688,qualified-kernel-stage-token,2,rise-payload-sha256-merkle,2,fed58566caf6a669e9a47f042123c206dce427d4d402cf8f82dcb1f48844f341,12d4ebb8513be377dae4355b3bdadbf804770a5a1cf992848c2a64f066f5ccbf,2e7a6ced174f084f1f9bdd58971d96839efd42e41ec3b01b8b0756d1b89637d6,93556764
104,0.17121166083961725,0.0016462659696117043,0.41281658411026001,2,6937,37,31,1,0.0038679838180541992,5.9604644775390625e-08,0,0,0,2988.7231255415827,4361.132791,10721411000844917725,80,14,2,2,4,3016114176,5584011264,127.91941687464714,2860.8037086669356,qualified-kernel-stage-token,2,rise-payload-sha256-merkle,2,fed58566caf6a669e9a47f042123c206dce427d4d402cf8f82dcb1f48844f341,c8fea1ae70f8260edd935d59e64a492c7ddcd36283b6d9da33610eb9847ba19e,55c0ec462fb81d3c7a5f7d1241f53c5fe94062a4cbd0ff0e14623eb1f1f4a2ed,93556764
105,0.17285792680922896,0.0016462659696117043,0.42404070496559143,2,6937,37,31,1,0.0039991140365600586,5.9604644775390625e-08,0,0,0,3012.4671678058803,4406.675792,3094618003216168945,80,14,2,2,4,3016114176,5584011264,126.34775042533875,2886.1194173805416,qualified-kernel-stage-token,2,rise-payload-sha256-merkle,2,fed58566caf6a669e9a47f042123c206dce427d4d402cf8f82dcb1f48844f341,d7a80ca453aa681d0710c142d337f63a38e21c66f8f3b6901e4e5fc33c5eb97b,e8a9fbeeb14d74bf3429cc24e62129aed1fb67efe80bd746763fe53e82a06752,93556764
106,0.17450419277884066,0.0016462659696117043,0.43482103943824768,2,6937,37,31,1,0.0040390491485595703,5.9604644775390625e-08,0,0,0,2991.7831656057388,4368.5094589999999,3343266915812033385,80,14,2,2,4,3016114176,5584011264,126.34412501938641,2865.4390405863523,qualified-kernel-stage-token,2,rise-payload-sha256-merkle,2,fed58566caf6a669e9a47f042123c206dce427d4d402cf8f82dcb1f48844f341,c174810127eb644de677c066a1af3d2042d902a42609339b12417a2cb5345f5f,59e611931a752308c7c676c53592807609960c5ffa30bfb024729c5d83d59382,93556764
107,0.17615045874845237,0.0016462659696117043,0.44624194502830505,2,6937,37,31,1,0.0041469335556030273,5.9604644775390625e-08,0,0,0,2985.1557929068804,4392.8874580000002,922639799988436215,80,14,2,2,4,3016114176,5584011264,125.85933366790414,2859.2964592389762,qualified-kernel-stage-token,2,rise-payload-sha256-merkle,2,fed58566caf6a669e9a47f042123c206dce427d4d402cf8f82dcb1f48844f341,596e30dd27ffc37ad38beee54606ec1ef0b838fba9da5230c6350aa3895ba999,ea3feba3dafcb62a3982bbc9190230d5fc9a848508b8c543429b484672da4311,93556764
108,0.17779672471806407,0.0016462659696117043,0.45766335725784302,2,6937,37,31,1,0.0041840076446533203,5.9604644775390625e-08,0,0,0,2967.5424583256245,4341.3059169999997,12902862273221301325,80,14,2,2,4,3016114176,5584011264,126.06233358383179,2841.4801247417927,qualified-kernel-stage-token,2,rise-payload-sha256-merkle,2,fed58566caf6a669e9a47f042123c206dce427d4d402cf8f82dcb1f48844f341,6ad639e4e1bcca9b31ac0604af54c1e7eb560834a76e5fe619202aeb29ee5177,19208789dc526035ae54d51049dda1982439862f83d8a5e98fd8d4080e76cea4,93556764
109,0.17944299068767577,0.0016462659696117043,0.4695112407207489,2,6937,37,31,1,0.0042810440063476562,5.9604644775390625e-08,0,0,0,2994.846208486706,4365.5446250000005,13111470156611871131,80,14,2,2,4,3016114176,5584011264,127.22491659224033,2867.6212918944657,qualified-kernel-stage-token,2,rise-payload-sha256-merkle,2,fed58566caf6a669e9a47f042123c206dce427d4d402cf8f82dcb1f48844f341,56e878fdbd91cfff283bee7ef609423205d5bea6404b1a1b82da34a87ad9f588,6bd445458851e96d07fc26f4ae029172a1d20bcc99974d6fc9d9d29631ebac14,93556764
110,0.18108925665728748,0.0016462659696117043,0.48149317502975464,2,6937,37,31,1,0.0043256282806396484,5.9604644775390625e-08,0,0,0,2984.6047486644238,4357.5658329999997,6723343794084460915,80,14,2,2,4,3016114176,5584011264,128.90800018794835,2855.6967484764755,qualified-kernel-stage-token,2,rise-payload-sha256-merkle,2,fed58566caf6a669e9a47f042123c206dce427d4d402cf8f82dcb1f48844f341,677edd809e2a9a912469fd775d4ee24ac7897a1ed80f91d4768400a4c8ff952b,55f41c69440d4774679fa9bace982a7e2c3e78a96c2c7dce9206599f9936c810,93556764
111,0.18273552262689918,0.0016462659696117043,0.49306127429008484,2,6937,37,31,1,0.004365086555480957,5.9604644775390625e-08,0,0,0,3196.6519181150943,4676.0018749999999,8846794747569546217,86,15,2,3,4,3016212480,5584011264,135.61808411031961,3061.0338340047747,qualified-kernel-stage-token,2,rise-payload-sha256-merkle,2,fed58566caf6a669e9a47f042123c206dce427d4d402cf8f82dcb1f48844f341,4e503ab410105dbf7560168d6a183a9a06436ddddd160dd4a2e2925107cfc42c,13eae21b7de2a975335ab3f168611f7c9257a6a0b4efad68fe3423b982699e1e,93556764
112,0.18438178859651089,0.0016462659696117043,0.50511634349822998,2,6937,37,31,1,0.004441380500793457,5.9604644775390625e-08,0,0,0,3192.7853762172163,4652.6485830000001,9232852633433107629,86,15,2,3,4,3016343552,5584011264,133.97916662506759,3058.8062095921487,qualified-kernel-stage-token,2,rise-payload-sha256-merkle,2,fed58566caf6a669e9a47f042123c206dce427d4d402cf8f82dcb1f48844f341,c3dd63ae557eb97c52c38ad0dfab19f52420514207a32fd74f1196db64f89ce3,a46f79afcafc0ce12d996691605575dfecd60f66ff8eb954d571b9f6e0748932,93556764
113,0.18602805456612259,0.0016462659696117043,0.51784801483154297,2,6937,37,31,1,0.0045092105865478516,5.9604644775390625e-08,0,0,0,2972.0904575660825,4345.7416249999997,14955274975738813595,80,14,2,2,4,3016114176,5584011264,125.08579040877521,2847.0046671573073,qualified-kernel-stage-token,2,rise-payload-sha256-merkle,2,fed58566caf6a669e9a47f042123c206dce427d4d402cf8f82dcb1f48844f341,c6dbd630dbc594b91a79d23c622c37b629e6bbcc2acd999d45e533953908c71c,47362c41b77694ab62ada976c99234d4f8561f80c9d4483b996a52548269a7cc,93556764
114,0.1876743205357343,0.0016462659696117043,0.5307193398475647,2,6937,37,31,1,0.004549860954284668,5.9604644775390625e-08,0,0,0,2994.364665588364,4366.2772080000004,2177806375604009707,80,14,2,2,4,3016114176,5584011264,127.09383247420192,2867.2708331141621,qualified-kernel-stage-token,2,rise-payload-sha256-merkle,2,fed58566caf6a669e9a47f042123c206dce427d4d402cf8f82dcb1f48844f341,7e4274f03e6ef09af913f2678baacdc895d93899eef6469981b1a1041ce99eef,b9fa320999c872f09e2e5c8c27b8f63379caafc8b27c118ee8ce3ec4697b176c,93556764
115,0.189320586505346,0.0016462659696117043,0.5438191294670105,2,6937,37,31,1,0.0046074390411376953,5.9604644775390625e-08,0,0,0,2985.4540005326271,4359.7700000000004,762939284611241289,80,14,2,2,4,3016114176,5584011264,133.11687461100519,2852.3371259216219,qualified-kernel-stage-token,2,rise-payload-sha256-merkle,2,fed58566caf6a669e9a47f042123c206dce427d4d402cf8f82dcb1f48844f341,a02740aba0ee9b115d70c6185aa30299835ca72ea598516eebdf4bc54e3d5ac9,d5f119279cd2d19ba775f48682f017608c1f32cbacfcfed93b29cac226134658,93556764
116,0.1909668524749577,0.0016462659696117043,0.55721282958984375,2,6937,37,31,1,0.0046470165252685547,5.9604644775390625e-08,0,0,0,3208.4241250995547,4665.8028329999997,10035477033972005965,86,15,2,3,4,3016212480,5584011264,135.34449995495379,3073.0796251446009,qualified-kernel-stage-token,2,rise-payload-sha256-merkle,2,fed58566caf6a669e9a47f042123c206dce427d4d402cf8f82dcb1f48844f341,15d1d6815b0a5b7e565b7924e05c568fd93072af82dcaa6005427300d278108b,793376c4322851356afdb8b52f871e82a79e2306c9f5e1dc0caad1bb5c130306,93556764
117,0.19261311844456941,0.0016462659696117043,0.54198622703552246,2,6937,37,31,1,0.0054860115051269531,5.9604644775390625e-08,0,0,0,3897.908793296665,5617.2111670000004,3392231635152576735,104,18,4,4,4,3016507392,5584011264,162.73037483915687,3735.1784184575081,qualified-kernel-stage-token,2,rise-payload-sha256-merkle,2,fed58566caf6a669e9a47f042123c206dce427d4d402cf8f82dcb1f48844f341,7d8cc01563e354c1ce1ab014d0899561d3655c3fe14d85f4374b3e9aa5514ab7,f8fc1effa28c1eed7b708febdd6c5395f7d578a88259e30da4daecc6f8662e15,93556764
118,0.19425938441418111,0.0016462659696117043,0.55005621910095215,2,6937,37,31,1,0.0052546262741088867,5.9604644775390625e-08,0,0,0,3455.2459148690104,5001.6372920000003,16705535369137688515,92,16,3,3,4,3016310784,5584011264,143.43008282594383,3311.8158320430666,qualified-kernel-stage-token,2,rise-payload-sha256-merkle,2,fed58566caf6a669e9a47f042123c206dce427d4d402cf8f82dcb1f48844f341,1222c52a12f3ca3fa970136c2851010803aee2b695424cd1729ccbd1d304963e,3b11d4ff1bb56e61b998b973f81fd5ec9c3799a49c968cddf0913b2fdc789cfa,93556764
119,0.19590565038379282,0.0016462659696117043,0.56216222047805786,2,7345,31,37,1,0.005456089973449707,5.9604644775390625e-08,0,0,0,3883.1626251339912,5599.6467910000001,9356554261045931281,104,18,4,3,5,3016556544,5584011264,162.85658325068653,3720.3060418833047,qualified-kernel-stage-token,2,rise-payload-sha256-merkle,2,fed58566caf6a669e9a47f042123c206dce427d4d402cf8f82dcb1f48844f341,39f9a34219ec0180b9ab192a032aa8004e4231a68f57c9720ccc565a088b7aab,f82edca9f32b01a75025ea12bd128835f6586e450056a016849b042147268166,93556764
120,0.19755191635340452,0.0016462659696117043,0.4818229079246521,2,6863,32,30,1,0.0047397613525390625,5.9604644775390625e-08,0,0,0,4106.0942099429667,5907.0416249999998,10335089909124782529,110,19,5,3,5,3016654848,5584011264,169.73891714587808,3936.3552927970886,qualified-kernel-stage-token,2,rise-payload-sha256-merkle,2,fed58566caf6a669e9a47f042123c206dce427d4d402cf8f82dcb1f48844f341,cd3953c8a37529997eaebec3b7286a8c02bd005e2a23e3c42d46560dfe0d162a,69fa8ca8f5e9933f9b507bd4bd793ab99266f95998f0797e3a91d47bd2649d44,93556764
121,0.19919818232301623,0.0016462659696117043,0.47387197613716125,2,11906,38,34,2,0.0055617094039916992,5.9604644775390625e-08,0,0,0,3444.6682492271066,4991.1118329999999,15380263106533137387,92,16,3,3,4,3016310784,5584011264,144.49383364990354,3300.174415577203,qualified-kernel-stage-token,2,rise-payload-sha256-merkle,2,fed58566caf6a669e9a47f042123c206dce427d4d402cf8f82dcb1f48844f341,064b9bbf6f9e53d7cc7221268398100d81c806416d3cba200cc4a166d9272c16,6ed6142e6d367c37e81bf5e1ff6313c33a3836dcfda7c318545dd63608b7ba0f,93556764
122,0.20084444829262793,0.0016462659696117043,0.48383098840713501,2,11906,38,34,2,0.0056635141372680664,5.9604644775390625e-08,0,0,0,3424.2374976165593,4970.2010829999999,2697827146158387039,92,16,3,3,4,3016359936,5584011264,145.1502488926053,3279.087248723954,qualified-kernel-stage-token,2,rise-payload-sha256-merkle,2,fed58566caf6a669e9a47f042123c206dce427d4d402cf8f82dcb1f48844f341,a5390ec593967e7679e1a67622f59928c6531e69977e9cd49d007d67dbbdf4f8,c405546a5b22d1ae0e169b5487d73f27a21fecf00be87569d630a9bed02ec61f,93556764
123,0.20249071426223963,0.0016462659696117043,0.4920538067817688,2,11906,38,34,2,0.0050168037414550781,5.9604644775390625e-08,0,0,0,3430.05924904719,4973.1227079999999,13747672665817015417,92,16,3,3,4,3016310784,5584011264,142.97641604207456,3287.0828330051154,qualified-kernel-stage-token,2,rise-payload-sha256-merkle,2,fed58566caf6a669e9a47f042123c206dce427d4d402cf8f82dcb1f48844f341,d567ce9499572b4b57c7ca3b0ca3992867b03341a29ff543517a9680369f916f,6d5634ab9efd83eb6391968cf19e7ef656bfccaa2f743bec0e690923388e294f,93556764
124,0.20413698023185134,0.0016462659696117043,0.49459323287010193,2,11906,38,34,2,0.0053554773330688477,5.9604644775390625e-08,0,0,0,3457.2757496498525,5006.2810410000002,15914336505747927355,92,16,3,3,4,3016310784,5584011264,143.26404198072851,3314.011707669124,qualified-kernel-stage-token,2,rise-payload-sha256-merkle,2,fed58566caf6a669e9a47f042123c206dce427d4d402cf8f82dcb1f48844f341,8cbc1622b322577e10ab026db1027c9411808253cd1d9d183dccffdb1546efed,81f81466a3a830f4e28f561561fe60559edd4fa1520046e2c22d74bea8e12b8e,93556764
125,0.20578324620146304,0.0016462659696117043,0.50235974788665771,2,11906,38,34,2,0.0052418708801269531,5.9604644775390625e-08,0,0,0,3426.344750681892,4972.466958,11711347082897801321,92,16,3,3,4,3016310784,5584011264,143.19295785389841,3283.1517928279936,qualified-kernel-stage-token,2,rise-payload-sha256-merkle,2,fed58566caf6a669e9a47f042123c206dce427d4d402cf8f82dcb1f48844f341,9b53a4da39c7bf56027dcf5ed80d0a5a458ede4d373c39dcb3765aa016924baf,5818ebcb41a2da2f568d34a5a30ef986cda397843447b0fd031cdc87e3ea8bb3,93556764
126,0.20742951217107475,0.0016462659696117043,0.51003485918045044,2,11906,38,34,2,0.0053238868713378906,5.9604644775390625e-08,0,0,0,3478.57595840469,5037.4418750000004,13731295183080140781,92,16,3,3,4,3016310784,5584011264,143.08883342891932,3335.4871249757707,qualified-kernel-stage-token,2,rise-payload-sha256-merkle,2,fed58566caf6a669e9a47f042123c206dce427d4d402cf8f82dcb1f48844f341,fa837e652f59836aece96e4cfb0a88756ba806ba612db25a05eb72dba0f4951b,b46229377aa977ffd963a7928c1d2b1ee47b11ef3c9211cdc50b811529065c8d,93556764
127,0.20907577814068645,0.0016462659696117043,0.51760494709014893,2,11906,38,34,2,0.0052511692047119141,5.9604644775390625e-08,0,0,0,3433.586000232026,4974.9547089999996,7122761634027703311,92,16,3,3,4,3016310784,5584011264,142.99445948563516,3290.5915407463908,qualified-kernel-stage-token,2,rise-payload-sha256-merkle,2,fed58566caf6a669e9a47f042123c206dce427d4d402cf8f82dcb1f48844f341,f56678734a9cda5cce7a6fe746aec136a203b652b4303671b47fcb24be314509,84e50baceddcbbd00bff4db1d96251112b1396187207425dc4ffc4870e3e07f8,93556764
128,0.20932080256170593,0.00024502442101947963,0.53468292951583862,2,6937,37,31,1,0.00066918134689331055,5.9604644775390625e-08,0,0,0,3453.4713325556368,4998.8574159999998,9371262535104854917,92,16,3,3,4,3016310784,5584011264,143.56450061313808,3309.9068319424987,qualified-kernel-stage-token,2,rise-payload-sha256-merkle,2,fed58566caf6a669e9a47f042123c206dce427d4d402cf8f82dcb1f48844f341,b0ad1b7798eb341271a5288197da0d01b1f98269c86577bf1e30e076edfe7f40,e95be2095b9833df0b4f1f6dc3f9b15826222b258e8bc39bcd21b5db2032b066,93556764
129,0.20959032941027544,0.00026952684856951237,0.56320923566818237,2,7137,30,34,1,0.0021070241928100586,5.9604644775390625e-08,0,0,0,3220.2897511888295,4679.4402499999997,249744162369815947,86,15,3,3,3,3016261632,5584011264,135.88850060477853,3084.401250584051,qualified-kernel-stage-token,2,rise-payload-sha256-merkle,2,fed58566caf6a669e9a47f042123c206dce427d4d402cf8f82dcb1f48844f341,010f928de70ddf696a1a6aa0f7db61a47e390eb9ca4e5f5a0f03f2b2712568a0,c200d132208da7a7ee9fb2ebe29d5c42f2e984c998d639eb32b027c50faf53ca,93556764
130,0.20988680893788114,0.00029647952760569751,0.53978246450424194,2,7137,30,34,1,0.00095927715301513672,5.9604644775390625e-08,0,0,0,3447.3166691605002,4989.8053330000002,15188587531645146389,92,16,3,3,4,3016310784,5584011264,143.00487586297095,3304.3117932975292,qualified-kernel-stage-token,2,rise-payload-sha256-merkle,2,fed58566caf6a669e9a47f042123c206dce427d4d402cf8f82dcb1f48844f341,bf338267c49bbd23c2f5687206d879c69b06c2bba7e99237cdb3e49262ceae07,d0af174d0306975d935eefb2f4303d46a646432df117805cde55fe0e7f14a478,93556764
131,0.21021293642115779,0.00032612748327665031,0.53101140260696411,2,6937,37,31,1,0.0015512704849243164,5.9604644775390625e-08,0,0,0,3479.1028338950127,5028.2640000000001,4594915456355266643,92,16,3,3,4,3016310784,5584011264,143.38883361779153,3335.7140002772212,qualified-kernel-stage-token,2,rise-payload-sha256-merkle,2,fed58566caf6a669e9a47f042123c206dce427d4d402cf8f82dcb1f48844f341,e80620acdea59db10ec04dee6a4428ddeb1b18a4cd1e08ed14807b7d906b0405,0cab3ef9574cdec5428869ae70697eb7aa70953a0882160bde6d82d0c4265e3b,93556764
132,0.21057167666731402,0.00035874024615623057,0.52576965093612671,2,6937,37,31,1,0.0011934041976928711,5.9604644775390625e-08,0,0,0,3017.3291657119989,4390.541209,10824159920016570105,80,14,2,2,4,3016114176,5584011264,126.05691561475396,2891.272250097245,qualified-kernel-stage-token,2,rise-payload-sha256-merkle,2,fed58566caf6a669e9a47f042123c206dce427d4d402cf8f82dcb1f48844f341,03e417b1e9b7f0ceaac21b7f5ea3abdeac2ae23d27f21dd5a7a96181b9d43e79,4a2a9e4bbfde3a3bd4421e9b1854bffb5bf372a57fbedd61e40b130ced35985e,93556764
133,0.21096629093517549,0.00039461426786147058,0.53041243553161621,2,6937,37,31,1,0.0015904903411865234,5.9604644775390625e-08,0,0,0,3025.9370023850352,4399.873208,9690345073524596745,80,14,2,2,4,3016114176,5584011264,126.41208409331739,2899.5249182917178,qualified-kernel-stage-token,2,rise-payload-sha256-merkle,2,fed58566caf6a669e9a47f042123c206dce427d4d402cf8f82dcb1f48844f341,0cb612df54a747312daf06f892c1a71100fa7a1db87b08ba88a25e998eb5f74d,26c73524c0d2cf678cb449be1bf3c24ae48eef7173f569bc9c31fb1fb1c23c6a,93556764
134,0.21140036662109196,0.0004340756859164685,0.53205931186676025,2,6937,37,31,1,0.0016366243362426758,5.9604644775390625e-08,0,0,0,3878.1639584340155,5597.7861249999996,16574428319372541651,104,18,3,4,5,3016556544,5584011264,161.90954088233411,3716.2544175516814,qualified-kernel-stage-token,2,rise-payload-sha256-merkle,2,fed58566caf6a669e9a47f042123c206dce427d4d402cf8f82dcb1f48844f341,48287eb9474c215d572bc60014871b706d41278f540c0060883c61ef6804d4b0,7ed845046be4df606522d70b5e2e2aa22c227b7ee3ea25a97a292180fd90ef77,93556764
135,0.21187784988433123,0.00047748326323926449,0.54086530208587646,2,6937,37,31,1,0.0017971992492675781,5.9604644775390625e-08,0,0,0,3001.7982493154705,4374.9634159999996,18439069435506608067,80,14,2,2,4,3016114176,5584011264,129.95787523686886,2871.8403740786016,qualified-kernel-stage-token,2,rise-payload-sha256-merkle,2,fed58566caf6a669e9a47f042123c206dce427d4d402cf8f82dcb1f48844f341,e61a2adf5270053e8e8e8ed0a14da69c71ff66ff96158d08d751d812c703516c,fe1b63bb5a9d048e2b41d056a6b447a9cd00793ec8eef85e6f89e16fec2e973b,93556764
136,0.21240308147389442,0.00052523158956319094,0.54361546039581299,2,7137,30,34,1,0.0017982721328735352,5.9604644775390625e-08,0,0,0,3915.5242943670601,5637.1567919999998,14312778672601909069,104,18,3,4,5,3016556544,5584011264,160.15441692434251,3755.3698774427176,qualified-kernel-stage-token,2,rise-payload-sha256-merkle,2,fed58566caf6a669e9a47f042123c206dce427d4d402cf8f82dcb1f48844f341,ee93c81de8a86702595140c1f0dd7475c4942fdcb136ee7c09ec1ef11afde77e,63fdd97592b0bef641a37c49a769728db62cb44fe93d7e312060001c1b646e08,93556764
137,0.21298083622241393,0.00057775474851951003,0.55477958917617798,2,7137,30,34,1,0.0021631717681884766,5.9604644775390625e-08,0,0,0,3016.9990842696279,4392.0154169999996,12355100471740793087,80,14,2,2,4,3016114176,5584011264,126.11445807851851,2890.8846261911094,qualified-kernel-stage-token,2,rise-payload-sha256-merkle,2,fed58566caf6a669e9a47f042123c206dce427d4d402cf8f82dcb1f48844f341,350f98db483d729696ea9a401b07ec8db1bde69878d28aa9e33c09d81fb480b9,21682fc6c52ef9740b66c8c5014c7a94dcf426745b810dd9f1c733b50ff43ba7,93556764
138,0.21361636643996462,0.00063553021755069494,0.56405669450759888,2,7137,30,34,1,0.0023425817489624023,5.9604644775390625e-08,0,0,0,4097.5441264454275,5900.7392920000002,2034898345534480975,110,19,3,5,5,3016654848,5584011264,169.42249867133796,3928.1216277740896,qualified-kernel-stage-token,2,rise-payload-sha256-merkle,2,fed58566caf6a669e9a47f042123c206dce427d4d402cf8f82dcb1f48844f341,7b6d0d1f0e26e56d1bd4bfba49b6a58bb31fe4e544fe64f9b24b91aa437b356a,546fb9e8e1d84c2b3fa37a8049013c3fdbb864182f30b8f88ff444eb63019481,93556764
139,0.21431544970255345,0.0006990832625888288,0.57653570175170898,2,7137,30,34,1,0.00261688232421875,5.9604644775390625e-08,0,0,0,3488.3337896317244,5033.718417,8768691474366942675,92,16,3,3,4,3016310784,5584011264,143.15041620284319,3345.1833734288812,qualified-kernel-stage-token,2,rise-payload-sha256-merkle,2,fed58566caf6a669e9a47f042123c206dce427d4d402cf8f82dcb1f48844f341,6de9042e835eb1df06c62127a5ca819cca9112f7e4851e1e04941e1d3940489f,c918bc0656b867cb72dc4c4ec6cba24460e8e40ad7ecdf6ca9e045ba0dbff8f2,93556764
140,0.21508444129722193,0.00076899159466847777,0.59117001295089722,2,7137,30,34,1,0.0027734041213989258,5.9604644775390625e-08,0,0,0,4075.8304190821946,5878.6481670000003,16797147406122129043,110,19,3,3,7,3016802304,5584011264,170.23908416740596,3905.5913349147886,qualified-kernel-stage-token,2,rise-payload-sha256-merkle,2,fed58566caf6a669e9a47f042123c206dce427d4d402cf8f82dcb1f48844f341,92ed0e716ddda4e800993b0327803673ed35d6fde4c3c1fdfa6b8cf11389c86e,cf6e28d189cae5c7fc37af3793a3e45c65f3ee3712a02145c25d9c75e3e07c8b,93556764
141,0.21593033208046108,0.00084589078323915601,0.60536038875579834,2,7137,30,34,1,0.0033038854598999023,5.9604644775390625e-08,0,0,0,3477.8760012704879,5027.0838750000003,10330386552845627555,92,16,3,3,4,3016310784,5584011264,143.40641698800027,3334.4695842824876,qualified-kernel-stage-token,2,rise-payload-sha256-merkle,2,fed58566caf6a669e9a47f042123c206dce427d4d402cf8f82dcb1f48844f341,8f831ae7557a888240b70a54ffe330dfec74369038c512364a786b0e66a57e96,107c06451baf326d8448aab7c9abbc24049cf41ab44158760985581563098bb6,93556764
142,0.21686081192456186,0.00093047984410077333,0.6222272515296936,2,7137,30,34,1,0.003285527229309082,5.9604644775390625e-08,0,0,0,3909.3258320353925,5623.841042,17416688136210848521,104,18,3,3,6,3016605696,5584011264,161.42845852300525,3747.8973735123873,qualified-kernel-stage-token,2,rise-payload-sha256-merkle,2,fed58566caf6a669e9a47f042123c206dce427d4d402cf8f82dcb1f48844f341,c2332f2cf06b3602586c5fa4252c760214e653c665707acdf5eead6c4f11c946,90609025ca3af71b64f0071ff537b1615464b0d71fcbc18e27295b8376c1e96b,93556764
143,0.21788433974143118,0.0010235278168693185,0.6357460618019104,2,7137,30,34,1,0.0039696693420410156,5.9604644775390625e-08,0,0,0,3522.8629584889859,5068.844709,12914957175923277235,92,16,3,3,4,3016310784,5584011264,142.61729177087545,3380.2456667181104,qualified-kernel-stage-token,2,rise-payload-sha256-merkle,2,fed58566caf6a669e9a47f042123c206dce427d4d402cf8f82dcb1f48844f341,57481679a852951ccd2ddc8dfd96c42c3c35f38524b140e9f161957e81d5520c,3bb24bb3c6eafa7bce3c309259a858db92cace15be40ec8988e4308b3d9544e2,93556764
144,0.21901022037491202,0.0011258806334808469,0.65646439790725708,2,7137,30,34,1,0.0036020278930664062,5.9604644775390625e-08,0,0,0,3928.644833387807,5645.752125,14802267109147114467,104,18,3,3,6,3016605696,5584011264,161.23224934563041,3767.4125840421766,qualified-kernel-stage-token,2,rise-payload-sha256-merkle,2,fed58566caf6a669e9a47f042123c206dce427d4d402cf8f82dcb1f48844f341,9f83cb38ec56a51b5c109587ba45efe466b350dc2b290a661076f457d62f3506,3519fd062e83b1355fef04bdc2480b784ca5b05056b58ee3c72aea740e91bfa8,93556764
145,0.22024868906009942,0.0012384686851873994,0.65714973211288452,2,7145,38,34,1,0.0045856237411499023,5.9604644775390625e-08,0,0,0,3640.880040358752,5186.913125,12893889848844637035,92,16,3,3,4,3016441856,5584011264,143.1926665827632,3497.6873737759888,qualified-kernel-stage-token,2,rise-payload-sha256-merkle,2,fed58566caf6a669e9a47f042123c206dce427d4d402cf8f82dcb1f48844f341,b94468c6c36fce7c450f54f3a8bbda27e89eb343d1fe307ffa7035194d1223eb,d288567cec72ef575602e046294f75c640759aa8fa5bed43ffc7c38419bab869,93556764
146,0.22161100467201322,0.0013623156119138002,0.68073064088821411,2,7145,38,34,1,0.0041726827621459961,5.9604644775390625e-08,0,0,0,4474.8580418527126,6369.5556660000002,16964908254875155349,116,20,3,3,8,3016949760,5584011264,179.27174898795784,4295.5862928647548,qualified-kernel-stage-token,2,rise-payload-sha256-merkle,2,fed58566caf6a669e9a47f042123c206dce427d4d402cf8f82dcb1f48844f341,9c320cf8d0177d6523e00fcc5a8e41d0415b2a116a19c6d66d616ac523bbaa2c,daae380c3477ab341ec13c2bde324c52f66b2e08f77578ec0b9e03148ecc11f7,93556764
147,0.22310955182183534,0.0014985471498221159,0.69777238368988037,2,7137,30,34,1,0.0055965185165405273,5.9604644775390625e-08,0,0,0,3627.9985001310706,5174.9547499999999,2280538088089157629,92,16,3,3,4,3016359936,5584011264,143.78020842559636,3484.2182917054743,qualified-kernel-stage-token,2,rise-payload-sha256-merkle,2,fed58566caf6a669e9a47f042123c206dce427d4d402cf8f82dcb1f48844f341,858375f95dafc1fb2cbb0c878a8aa3d88aa3e0e8a22af9d6117fb77b2d0ecb67,1a2e1ea896269deb01850099def9e5d07c526d4b7b760ea81c5802d5cd9b9bf1,93556764
148,0.22475581779144704,0.0016462659696117043,0.7219889760017395,2,7137,30,34,1,0.005046844482421875,5.9604644775390625e-08,0,0,0,4041.9920403510332,5759.3195830000004,16223808404249126685,104,18,3,3,6,3016654848,5584011264,161.8497499730438,3880.1422903779894,qualified-kernel-stage-token,2,rise-payload-sha256-merkle,2,fed58566caf6a669e9a47f042123c206dce427d4d402cf8f82dcb1f48844f341,cc7566aa5ccd693fa94a7663066af7ca2155fde2d09b09de0f27305854321b7b,1b8a50f1a96f1a1825ce33b871c32d464c91cc3fa5cbd9b57db88c60a99c424c,93556764
149,0.22640208376105875,0.0016462659696117043,0.7398533821105957,2,7137,30,34,1,0.0058377981185913086,5.9604644775390625e-08,0,0,0,3630.3733340464532,5176.3869590000004,665411819387307093,92,16,3,3,4,3016359936,5584011264,143.04129150696099,3487.3320425394922,qualified-kernel-stage-token,2,rise-payload-sha256-merkle,2,fed58566caf6a669e9a47f042123c206dce427d4d402cf8f82dcb1f48844f341,e53613bccf7cf3b8f598bd172af9c71d3b7ca6af1b07dbc89491864b0f946147,cb3a2beb68b0f5d2ebed5efb6e27ee8ff682e6b79d3eabc6cdfdcbfb3084c1a4,93556764
150,0.22804834973067045,0.0016462659696117043,0.76355189085006714,2,7145,38,34,1,0.0049735307693481445,5.9604644775390625e-08,0,0,0,4215.5934155452996,5936.6669590000001,296958117169987565,104,18,4,3,5,3016654848,5584011264,162.26424998603761,4053.329165559262,qualified-kernel-stage-token,2,rise-payload-sha256-merkle,2,fed58566caf6a669e9a47f042123c206dce427d4d402cf8f82dcb1f48844f341,9cd7c276b9de01276a7735c25da35a3d893996d0a5a215bfe6c26ea0c986148d,7f26a9a6df666a5b93afe91d0e28ac28a1bfa49164e137e2ec550297005b8000,93556764
151,0.22969461570028216,0.0016462659696117043,0.77792668342590332,2,7137,30,34,1,0.0057876110076904297,5.9604644775390625e-08,0,0,0,3634.4423326663673,5182.0822500000004,16931631856900030679,92,16,3,3,4,3016310784,5584011264,143.6429163441062,3490.7994163222611,qualified-kernel-stage-token,2,rise-payload-sha256-merkle,2,fed58566caf6a669e9a47f042123c206dce427d4d402cf8f82dcb1f48844f341,81b57ac5a3886cb2f2be2cf35d6ae23d68c54a089282b730587e9eb6882a07a4,8647b649440a7158f695db65f15c33130e6934d2922e6d6c07ea2aa23c65b634,93556764
152,0.23134088166989386,0.0016462659696117043,0.80352997779846191,2,7137,30,34,1,0.005001068115234375,5.9604644775390625e-08,0,0,0,4085.8523750212044,5803.7231250000004,2052886012103286465,104,18,3,3,6,3016654848,5584011264,161.60308360122144,3924.2492914199829,qualified-kernel-stage-token,2,rise-payload-sha256-merkle,2,fed58566caf6a669e9a47f042123c206dce427d4d402cf8f82dcb1f48844f341,e19253f7be8a7994c3ee9db6836964a10f7c6d9dd0d7fc3ec39a763b2bbe7453,2a75428ce07737f04380096b295214d00b52bb306f341f125fd17b0ffba69911,93556764
153,0.23298714763950557,0.0016462659696117043,0.81222552061080933,2,7137,30,34,1,0.0057812929153442383,5.9604644775390625e-08,0,0,0,3223.1102925725281,4599.2907500000001,12707204022145000395,80,14,2,2,4,3016114176,5584011264,126.78941618651152,3096.3208763860166,qualified-kernel-stage-token,2,rise-payload-sha256-merkle,2,fed58566caf6a669e9a47f042123c206dce427d4d402cf8f82dcb1f48844f341,3cd94faf25db7499cc5e0adf5150d10ece6a9c7cfa24e4f93cf5edee731e469d,b758d69460f2500eb7047c770ce9d38733f61f4beac555209af4a5651f86de48,93556764
154,0.23463341360911727,0.0016462659696117043,0.83791416883468628,2,7137,30,34,1,0.0049363374710083008,5.9604644775390625e-08,0,0,0,3885.4526684153825,5519.3908330000004,2811571610688798827,98,17,3,3,5,3016507392,5584011264,157.37291681580245,3728.07975159958,qualified-kernel-stage-token,2,rise-payload-sha256-merkle,2,fed58566caf6a669e9a47f042123c206dce427d4d402cf8f82dcb1f48844f341,70b14f67c291d9dc520372b86eaf426ed2ca6b96f33c20d61e6bf41d1950d249,7327b2a236c4087b124367808c402b6ac77026de35b78df6ecc813012b106887,93556764
155,0.23627967957872897,0.0016462659696117043,0.84143781661987305,2,7137,30,34,1,0.0056573152542114258,5.9604644775390625e-08,0,0,0,3212.3248327989131,4587.3673339999996,2452360117382314985,80,14,2,2,4,3016114176,5584011264,125.53983344696462,3086.7849993519485,qualified-kernel-stage-token,2,rise-payload-sha256-merkle,2,fed58566caf6a669e9a47f042123c206dce427d4d402cf8f82dcb1f48844f341,ed63f8c4a0872e79bc7e6f4f71792d4fc2c20d0d8c4bc46ec335a7d712af3a29,5e10b1c04eb3f31f77a92d8202e2dd7e740bc830a3ffbe498e37b0f8d8b8d4aa,93556764
156,0.23792594554834068,0.0016462659696117043,0.8670424222946167,2,7137,30,34,1,0.0047773122787475586,5.9604644775390625e-08,0,0,0,3884.9244175944477,5518.6535000000003,13680111855669978045,98,17,3,3,5,3016507392,5584011264,152.70900097675622,3732.2154166176915,qualified-kernel-stage-token,2,rise-payload-sha256-merkle,2,fed58566caf6a669e9a47f042123c206dce427d4d402cf8f82dcb1f48844f341,b423d5f173b53846165d13b141198c34e4fc653151814842e5bcdf706d444d79,760f05425ac13549b01332ab7bd6e3cd0061b3ed09c8771472cf2239b889cf50,93556764
157,0.23957221151795238,0.0016462659696117043,0.86808222532272339,2,7137,30,34,1,0.0061522722244262695,5.9604644775390625e-08,0,0,0,3146.2618755176663,4527.116,11488904796568568537,80,14,2,2,4,3016114176,5584011264,125.3759996034205,3020.8858759142458,qualified-kernel-stage-token,2,rise-payload-sha256-merkle,2,fed58566caf6a669e9a47f042123c206dce427d4d402cf8f82dcb1f48844f341,f94135e75310ea19f4e5fb7420c4c25f930a4484583c173935e902c139f9335a,a9141f3757db1a768c890cda26824dad8e5b8142d67fd3c053a80865a18fc0fb,93556764
158,0.24121847748756409,0.0016462659696117043,0.89198631048202515,2,7137,30,34,1,0.0052484273910522461,5.9604644775390625e-08,0,0,0,4082.7613330911845,5810.0618329999998,2511736370557618149,104,18,3,3,6,3016654848,5584011264,160.45883391052485,3922.3024991806597,qualified-kernel-stage-token,2,rise-payload-sha256-merkle,2,fed58566caf6a669e9a47f042123c206dce427d4d402cf8f82dcb1f48844f341,2c4b0723d9e1b535874c19d01468cc413493ff5c3657628c1c3b2c2f35938b58,1070cba99072e74b3ca92b3c4cc9b7646e48253a9362bb7214d23609a7967fd3,93556764
159,0.24286474345717579,0.0016462659696117043,0.89836537837982178,2,6865,34,30,1,0.0055445432662963867,5.9604644775390625e-08,0,0,0,3246.7815827112645,4624.70525,11916411650708884443,80,14,2,2,4,3016114176,5584011264,124.89883438684046,3121.882748324424,qualified-kernel-stage-token,2,rise-payload-sha256-merkle,2,fed58566caf6a669e9a47f042123c206dce427d4d402cf8f82dcb1f48844f341,6201ee564bcd0efadcf730a8863f789924eeb7de09cfb0cd008d7e1d2974cdc9,89498891d1719b6612a30f29af7a195a6b81ca47c14c6e4c618ead88ec0ef209,93556764
160,0.2445110094267875,0.0016462659696117043,0.92061567306518555,2,6865,34,30,1,0.0045043230056762695,5.9604644775390625e-08,0,0,0,3851.2537507340312,5491.2554170000003,1207417664991253639,98,17,3,3,5,3016507392,5584011264,151.3097919523716,3699.9439587816596,qualified-kernel-stage-token,2,rise-payload-sha256-merkle,2,fed58566caf6a669e9a47f042123c206dce427d4d402cf8f82dcb1f48844f341,1a7c1c59f24245503ac67c4f02194ff319163aafc559e12b852174c558682dbf,1478a3044a248fad6843de9df1764a555ee498ae68896bedd75b9453eb08b7ce,93556764
161,0.2461572753963992,0.0016462659696117043,0.92159903049468994,2,6865,34,30,1,0.0054259300231933594,5.9604644775390625e-08,0,0,0,3240.4211238026619,4615.0030829999996,5298135983120783467,80,14,2,2,4,3016245248,5584011264,125.62058330513537,3114.8005404975265,qualified-kernel-stage-token,2,rise-payload-sha256-merkle,2,fed58566caf6a669e9a47f042123c206dce427d4d402cf8f82dcb1f48844f341,87cdf21da2842d17d85899b5a226dcd3addc3912b2ce52861de90523d0a393c5,da62f5f64852bcdd33effc5b54f683469aae4f9efd0a06d27375eb1bc30f157b,93556764
162,0.2478035413660109,0.0016462659696117043,0.94473481178283691,2,6865,34,30,1,0.0050600767135620117,5.9604644775390625e-08,0,0,0,4319.6632494218647,6140.4040000000005,7030851925366872799,118,23,3,3,7,3016802304,5584011264,206.31287549622357,4113.3503739256412,qualified-kernel-stage-token,2,rise-payload-sha256-merkle,2,fed58566caf6a669e9a47f042123c206dce427d4d402cf8f82dcb1f48844f341,382cb28265b743f2b64c962da2e26fc0cded3b4899d78ae208d124535eebc732,49bd68de7ca009fa81cd69bbbea1ae15e6d8d8292dddfb3fdf07d401dcbea05a,93556764
163,0.24944980733562261,0.0016462659696117043,0.9458688497543335,2,6865,34,30,1,0.00527191162109375,5.9604644775390625e-08,0,0,0,3204.7943731304258,4581.7004999999999,8919595878856363141,80,14,2,2,4,3016114176,5584011264,126.3558748178184,3078.4384983126074,qualified-kernel-stage-token,2,rise-payload-sha256-merkle,2,fed58566caf6a669e9a47f042123c206dce427d4d402cf8f82dcb1f48844f341,ca6077fb91b531e2497ccc43418f1c5f2d35eeeb9abda9e924ea1f9eae708fd9,4bfd5fdcd65be21ca92812190f1ce8754b62cc22da5811a620d24f6927ef37ba,93556764
164,0.25109607330523431,0.0016462659696117043,0.96679586172103882,2,6865,34,30,1,0.004416346549987793,5.9604644775390625e-08,0,0,0,3836.2415430601686,5469.4557500000001,298317680312976345,98,17,3,4,4,3016458240,5584011264,151.80141758173704,3684.4401254784316,qualified-kernel-stage-token,2,rise-payload-sha256-merkle,2,fed58566caf6a669e9a47f042123c206dce427d4d402cf8f82dcb1f48844f341,328e8bbbb20071ffee3b88bed3c8f928257ce7969f9f7c9d2bd0a3c20af492a6,8491fd51e6273d6023e71ed3c9a5d34a62f2dd3ff70d6263953300ccc72f3102,93556764
165,0.25274233927484602,0.0016462659696117043,0.96695345640182495,2,11898,30,34,2,0.0051337480545043945,5.9604644775390625e-08,0,0,0,3280.5272080004215,4663.4000830000004,9187916792422038027,80,14,2,2,4,3016114176,5584011264,125.37458329461515,3155.1526247058064,qualified-kernel-stage-token,2,rise-payload-sha256-merkle,2,fed58566caf6a669e9a47f042123c206dce427d4d402cf8f82dcb1f48844f341,1205d962a786fc885cc83ccb71f1d6f7dab0ae5039dacf870b8a9e69bbbcd97a,6a1cbb659e5c99c6c7c202d4cc2e2403f488ae142cc86ca8681c10aae6f6ab31,93556764
166,0.25438860524445772,0.0016462659696117043,0.98938244581222534,2,11898,30,34,2,0.0049811601638793945,5.9604644775390625e-08,0,0,0,4535.6448332313448,6431.4441660000002,14272639288417560481,116,20,4,3,7,3016900608,5584011264,178.27083333395422,4357.3739998973906,qualified-kernel-stage-token,2,rise-payload-sha256-merkle,2,fed58566caf6a669e9a47f042123c206dce427d4d402cf8f82dcb1f48844f341,a40e17f6afd0818d94357b7af96dd2587d84f575985bcbc6e63d6eeba568986c,27b210ba603107066b0b1f4a3e7319145162ca92476f9b75dbcfd8c20f8281de,93556764
167,0.25603487121406943,0.0016462659696117043,1.0125514268875122,2,11898,30,34,2,0.0049139261245727539,5.9604644775390625e-08,0,0,0,3182.4367083609104,4558.7414589999998,16760060104007168941,80,14,2,2,4,3016114176,5584011264,125.67975046113133,3056.7569578997791,qualified-kernel-stage-token,2,rise-payload-sha256-merkle,2,fed58566caf6a669e9a47f042123c206dce427d4d402cf8f82dcb1f48844f341,922f6e812b6bd26383e3d7424a2ff108b15cb36da894a18a159aa57317dabada,b376a69ab2a165099be2593e1709dd61e537657330954ad1f79e9836eca6980a,93556764
168,0.25768113718368113,0.0016462659696117043,1.0333399772644043,2,11906,38,34,2,0.0049223899841308594,5.9604644775390625e-08,0,0,0,4652.4350005201995,6547.5994579999997,17095867961477129397,116,20,4,4,6,3016900608,5584011264,178.85179142467678,4473.5832090955228,qualified-kernel-stage-token,2,rise-payload-sha256-merkle,2,fed58566caf6a669e9a47f042123c206dce427d4d402cf8f82dcb1f48844f341,5ed67bf5fb7d68ad79c6879661cf43cd58b3546e9c1acf18b184e4451948bf62,7212e429c751840b2ca37f34d8d60fe90a8d6af0fd7c89fdf736c8e5e5a7b2a7,93556764
169,0.25932740315329283,0.0016462659696117043,0.98229265213012695,2,11837,38,33,2,0.0046485662460327148,5.9604644775390625e-08,0,0,0,3957.2598752565682,5593.2783339999996,7824854232505941701,98,17,3,3,5,3016458240,5584011264,151.39366732910275,3805.8662079274654,qualified-kernel-stage-token,2,rise-payload-sha256-merkle,2,fed58566caf6a669e9a47f042123c206dce427d4d402cf8f82dcb1f48844f341,82a07b80dfaf9e9aeb5a814835bba8f0c03c4c055f079d3e4b4fc2b858c5c2ca,9ec121b8644ab6bb4457fedeee387734a5597d43237ac119148b49ee5eaf2717,93556764
170,0.26097366912290454,0.0016462659696117043,0.94634848833084106,2,11624,32,30,2,0.0051798820495605469,5.9604644775390625e-08,0,0,0,3913.3869588840753,5565.4417080000003,7654977454196820253,106,21,3,3,5,3016458240,5584011264,187.48087412677705,3725.9060847572982,qualified-kernel-stage-token,2,rise-payload-sha256-merkle,2,fed58566caf6a669e9a47f042123c206dce427d4d402cf8f82dcb1f48844f341,53a53277512c58097edc51d4ba52572cf2dc19bb5d0c7672b2f13c0748fb699b,2db2541f38644fc1cd230a6a274abc236928cac77747eb26ec173c375caa4e8e,93556764
171,0.26261993509251624,0.0016462659696117043,0.97389757633209229,2,12180,36,38,2,0.0046025514602661133,5.9604644775390625e-08,0,0,0,3698.5306264832616,5253.5963330000004,12529867606758065111,92,16,3,3,4,3016310784,5584011264,143.38912582024932,3555.1415006630123,qualified-kernel-stage-token,2,rise-payload-sha256-merkle,2,fed58566caf6a669e9a47f042123c206dce427d4d402cf8f82dcb1f48844f341,96044727f9421df8e8938643f3cc7e31cff1182c3ba74b2ef68ff6fecdcc3399,2d2ba66df114d0ca235ffe6858452959d8ebebc35d18e618084510d59575c2ab,93556764
172,0.26426620106212795,0.0016462659696117043,1.0001921653747559,2,12180,36,38,2,0.0051800012588500977,5.9604644775390625e-08,0,0,0,5487.1097065042704,7738.5372500000003,8063667163295190005,148,28,6,5,7,3017244672,5584011264,251.28687592223287,5235.8228305820376,qualified-kernel-stage-token,2,rise-payload-sha256-merkle,2,fed58566caf6a669e9a47f042123c206dce427d4d402cf8f82dcb1f48844f341,d22a5a67d199a37e9fd127d5c76367f015548c219c1a53ba5a5d21b5d46dcf5d,73973cbf2d728340c0df51eec1c41bf60b0172dd0cefd3e10f88b48ad46f3cac,93556764
173,0.26591246703173965,0.0016462659696117043,0.95950675010681152,2,11898,30,34,2,0.0049213171005249023,5.9604644775390625e-08,0,0,0,4123.7391678150743,5845.128291,6421786037447310225,104,18,4,4,4,3016507392,5584011264,168.50570775568485,3955.2334600593895,qualified-kernel-stage-token,2,rise-payload-sha256-merkle,2,fed58566caf6a669e9a47f042123c206dce427d4d402cf8f82dcb1f48844f341,c22c80086f4c2eb71d85ed88eb51afab1d04311c2320cb1bc204ed9c33e95eef,09aa5830a79f7cd7f96a39a189497dc3666efd27916c2d00708d66eae92d1e14,93556764
174,0.26755873300135136,0.0016462659696117043,0.97535103559494019,2,11898,30,34,2,0.0051826238632202148,5.9604644775390625e-08,0,0,0,3928.5438763909042,5563.9951250000004,13840507180068268709,98,17,3,3,5,3016458240,5584011264,151.9061247818172,3776.637751609087,qualified-kernel-stage-token,2,rise-payload-sha256-merkle,2,fed58566caf6a669e9a47f042123c206dce427d4d402cf8f82dcb1f48844f341,196d7ef57a1cc8fb21d42a315ad92991d0dbb7cc598b494ce1bfcac0738e19f8,b2827c1c9cc969ccb3dea4552d6fb0acc946c304373fc0909323c26ca91783f2,93556764
175,0.26920499897096306,0.0016462659696117043,1.0073292255401611,2,11898,30,34,2,0.0044999122619628906,5.9604644775390625e-08,0,0,0,3679.1295832954347,5230.1986669999997,1466015537341934379,92,16,3,3,4,3016310784,5584011264,143.38962477631867,3535.739958519116,qualified-kernel-stage-token,2,rise-payload-sha256-merkle,2,fed58566caf6a669e9a47f042123c206dce427d4d402cf8f82dcb1f48844f341,ad0c5d8479f7ab224c2a6589e8bd64ecb92d9ae0f5b18aba3d52208389edb5ef,5f96cebf49fd1a639cbc459c79999b29318dc938bd84005fb90736cb077a69ad,93556764
176,0.27085126494057477,0.0016462659696117043,1.0278170108795166,2,11898,30,34,2,0.0052280426025390625,5.9604644775390625e-08,0,0,0,4156.1359586194158,5879.4599580000004,11748256285135911305,104,18,4,4,4,3016638464,5584011264,160.83179111592472,3995.304167503491,qualified-kernel-stage-token,2,rise-payload-sha256-merkle,2,fed58566caf6a669e9a47f042123c206dce427d4d402cf8f82dcb1f48844f341,b614253ff3620df21f91cfb8b54e3f1a7f93d6604892975d8ec404d313d21378,20e04ed530f9fcf1a4587d6d2dfd7383e11a1d031b319142e583b077c813414e,93556764
177,0.27249753091018647,0.0016462659696117043,1.0702015161514282,2,11898,30,34,2,0.0046538114547729492,5.9604644775390625e-08,0,0,0,3702.4002075195312,5253.3485000000001,2745328455909246379,92,16,3,3,4,3016310784,5584011264,143.01995863206685,3559.3802488874644,qualified-kernel-stage-token,2,rise-payload-sha256-merkle,2,fed58566caf6a669e9a47f042123c206dce427d4d402cf8f82dcb1f48844f341,8713bd614172ad936f383c62f8195812b1f2faeade1f74e84a865de35c6ca434,c9cbe20019b3cf04cfd6f104321fddadb547c04bb4a960d0e7dbd9dda24778b2,93556764
178,0.27414379687979817,0.0016462659696117043,1.1009675264358521,2,11898,30,34,2,0.0052106380462646484,5.9604644775390625e-08,0,0,0,4728.8565814960748,6635.8839580000003,10963697045631153975,124,24,5,4,5,3016802304,5584011264,217.18662395142019,4511.6699575446546,qualified-kernel-stage-token,2,rise-payload-sha256-merkle,2,fed58566caf6a669e9a47f042123c206dce427d4d402cf8f82dcb1f48844f341,8c4fa9224027b39fb714b5ef737e41fc0a4fc442a37e9d440641397cf0ab58ec,940d4dacee8828e9ebc1de52767915c7a09cec1cf3402316b9b244b62772c8aa,93556764
179,0.27579006284940988,0.0016462659696117043,1.1403549909591675,2,11898,30,34,2,0.0046731233596801758,5.9604644775390625e-08,0,0,0,3485.5035822838545,4950.9789579999997,3220024160979095485,86,15,2,3,4,3016261632,5584011264,134.81791643425822,3350.6856658495963,qualified-kernel-stage-token,2,rise-payload-sha256-merkle,2,fed58566caf6a669e9a47f042123c206dce427d4d402cf8f82dcb1f48844f341,83461d87177aaa73cbbdbb0764d6b110ccf00703628c007be5249e547c7ae828,239ad3fa499e2761e9a7bb05607d4efe2a32129443138975f8d2a725a7b26f2c,93556764
180,0.27743632881902158,0.0016462659696117043,1.1650019884109497,2,11898,30,34,2,0.0051798820495605469,5.9604644775390625e-08,0,0,0,4913.4772084653378,6910.5105839999997,3534683700287990729,130,25,4,5,6,3016998912,5584011264,228.38112525641918,4685.0960832089186,qualified-kernel-stage-token,2,rise-payload-sha256-merkle,2,fed58566caf6a669e9a47f042123c206dce427d4d402cf8f82dcb1f48844f341,df2d5c645aabe616f393739a2fb53351fd9fdf298d39d1f1af4f48476b501234,95b43b33a60d59df9cb13151c627adbb4767651c6840d9337f1a5db187a5ed35,93556764
181,0.27908259478863329,0.0016462659696117043,1.2031553983688354,2,11898,30,34,2,0.0048841238021850586,5.9604644775390625e-08,0,0,0,3743.6007901560515,5295.627958,756325151023609165,92,16,3,3,4,3016359936,5584011264,143.34337436594069,3600.2574157901108,qualified-kernel-stage-token,2,rise-payload-sha256-merkle,2,fed58566caf6a669e9a47f042123c206dce427d4d402cf8f82dcb1f48844f341,64f3fb3b4b52c697fecbf8805b9b7b347b690a25b1a8abacdcafaaf84c82663f,ddc7584672a6a069059434a8b498d927a3b2d7afb13988fbcae143807f623cc7,93556764
182,0.28072886075824499,0.0016462659696117043,1.2247606515884399,2,11898,30,34,2,0.0051532983779907227,5.9604644775390625e-08,0,0,0,4236.0349991358817,5972.6125840000004,4172278225328053387,112,22,3,3,6,3016605696,5584011264,198.64529115147889,4037.3897079844028,qualified-kernel-stage-token,2,rise-payload-sha256-merkle,2,fed58566caf6a669e9a47f042123c206dce427d4d402cf8f82dcb1f48844f341,48ba9d0c72cad17db110a6a24fc93449c866f03743fd48a9caadcb4eb12ae7a8,f8f84dc63017e5f0b9ecdf5c9f716a9a5cea10f30d71d12f0a6d086cf7eac724,93556764
183,0.2823751267278567,0.0016462659696117043,1.2647769451141357,2,11898,30,34,2,0.005115509033203125,5.9604644775390625e-08,0,0,0,3758.9650398585945,5310.141791,86170956157799017,92,16,3,3,4,3016310784,5584011264,143.09291518293321,3615.8721246756613,qualified-kernel-stage-token,2,rise-payload-sha256-merkle,2,fed58566caf6a669e9a47f042123c206dce427d4d402cf8f82dcb1f48844f341,58e41b1c9f2769cf8dcec1e97d3d50ea1df53d95c1b18db4025c4b633f43f95c,55c00f563c92e23ed0d48b9d84c2a4f1d86df74a1f93f0aa9c85dbfd8483cb76,93556764
184,0.2840213926974684,0.0016462659696117043,1.2893369197845459,2,11898,30,34,2,0.0051233768463134766,5.9604644775390625e-08,0,0,0,4266.6845414787531,6015.4860410000001,6834252632217701393,120,26,5,3,4,3016605696,5584011264,234.25258346833289,4032.4319580104202,qualified-kernel-stage-token,2,rise-payload-sha256-merkle,2,fed58566caf6a669e9a47f042123c206dce427d4d402cf8f82dcb1f48844f341,3cbf1e8c6b268cd1d2448745cb5533d569238237d08fe3620c41b2339bf7e7aa,21c1ef8e51866949dd95fb0e71d44b11a4741e58ec348244ab53ae124f8ddff8,93556764
185,0.2856676586670801,0.0016462659696117043,1.3262448310852051,2,11898,30,34,2,0.0049712657928466797,5.9604644775390625e-08,0,0,0,3693.5702501796186,5243.7474160000002,3231376083716333013,92,16,3,3,4,3016310784,5584011264,144.23466636799276,3549.3355838116258,qualified-kernel-stage-token,2,rise-payload-sha256-merkle,2,fed58566caf6a669e9a47f042123c206dce427d4d402cf8f82dcb1f48844f341,54902ae045d8cae669e2a64c98c3ff2f51ab8def2c9a018d3dadc287a6539c37,0a435104267b05e43e2907b54b48d4e0970c0d4ed1fdbb1cce76d2a1111993a6,93556764
186,0.28731392463669181,0.0016462659696117043,1.3486360311508179,2,11898,30,34,2,0.0050973892211914062,5.9604644775390625e-08,0,0,0,4514.7502077743411,6351.1834170000002,5840486082510988273,126,27,5,3,5,3016704000,5584011264,241.67737457901239,4273.0728331953287,qualified-kernel-stage-token,2,rise-payload-sha256-merkle,2,fed58566caf6a669e9a47f042123c206dce427d4d402cf8f82dcb1f48844f341,eb12aadc51c7ca9ce31fef3b60a1419dcdea4ec962ecc5526079625504922b6e,92df0efea6f1b4ca2615d71e633ed29e6ae57297908273721353caa234a04ad1,93556764
187,0.28896019060630351,0.0016462659696117043,1.3823038339614868,2,11898,30,34,2,0.0048840045928955078,5.9604644775390625e-08,0,0,0,3496.8045831192285,4960.3289999999997,13224472985410835149,86,15,3,2,4,3016212480,5584011264,134.73787484690547,3362.066708272323,qualified-kernel-stage-token,2,rise-payload-sha256-merkle,2,fed58566caf6a669e9a47f042123c206dce427d4d402cf8f82dcb1f48844f341,3a7a72becc542afff58203c68156bb1a52ab30a1f9c138f6f9971b2e62422269,d7f63a782ed43e921c802649809aa7c68390003d19f1e13f95414c937ab58d62,93556764
188,0.29060645657591522,0.0016462659696117043,1.402918815612793,2,11898,30,34,2,0.0050889253616333008,5.9604644775390625e-08,0,0,0,4291.5699987206608,6045.5051249999997,12151613756642411117,120,26,5,3,4,3016556544,5584011264,233.94429171457887,4057.6257070060819,qualified-kernel-stage-token,2,rise-payload-sha256-merkle,2,fed58566caf6a669e9a47f042123c206dce427d4d402cf8f82dcb1f48844f341,214598cccdb1739bad9239a01e110922184c068a1d8b7f4c9c762e466bc8e88e,e9814f9d56070ff07ff7b14c3f636b071584aad9584b7f5f852a0e3f014f5a91,93556764
189,0.29225272254552692,0.0016462659696117043,1.4342858791351318,2,11898,30,34,2,0.0047769546508789062,5.9604644775390625e-08,0,0,0,3285.0853328127414,4664.7602500000003,10444318520755518837,80,14,2,2,4,3016114176,5584011264,126.19229150004685,3158.8930413126945,qualified-kernel-stage-token,2,rise-payload-sha256-merkle,2,fed58566caf6a669e9a47f042123c206dce427d4d402cf8f82dcb1f48844f341,24e090275666dfc446cb0732d79b4eaabfcf8e5107e161f93af9c591d777b16e,182bf1015863dd6605d17bc4a807bd6de7a6b5bcc1b4afbf856847ed64680453,93556764
190,0.29389898851513863,0.0016462659696117043,1.4526408910751343,2,11898,30,34,2,0.0050837993621826172,5.9604644775390625e-08,0,0,0,4237.7055406104773,5994.2055419999997,820966125678651367,120,26,4,3,5,3016605696,5584011264,235.75420863926411,4001.9513319712132,qualified-kernel-stage-token,2,rise-payload-sha256-merkle,2,fed58566caf6a669e9a47f042123c206dce427d4d402cf8f82dcb1f48844f341,6d6b19e135103a09d8a5bfce67413c38db89737dec253be0c1bb28958a068841,88852c89b30ee24ed59d6cae728deadf8f46dbab52e88c4ca27cc6180f6aadd7,93556764
191,0.29554525448475033,0.0016462659696117043,1.4757606983184814,2,11898,30,34,2,0.0048363208770751953,5.9604644775390625e-08,0,0,0,3253.9515423122793,4633.568792,6013374081248748973,80,14,2,2,4,3016114176,5584011264,130.1770000718534,3123.7745422404259,qualified-kernel-stage-token,2,rise-payload-sha256-merkle,2,fed58566caf6a669e9a47f042123c206dce427d4d402cf8f82dcb1f48844f341,ca425aea808064bcd5b39bf504387c16ccbfc601741df1243c5842edd1f9a4d3,1b3a0fa38a22493b75ae37367be5fa43e32d2471a173b37a843ed03df76d2164,93556764
192,0.29719152045436203,0.0016462659696117043,1.4880176782608032,2,11898,30,34,2,0.0050786733627319336,5.9604644775390625e-08,0,0,0,4249.589208047837,5988.2805829999998,17302910966040965251,112,22,5,3,4,3016638464,5584011264,197.48266716487706,4052.10654088296,qualified-kernel-stage-token,2,rise-payload-sha256-merkle,2,fed58566caf6a669e9a47f042123c206dce427d4d402cf8f82dcb1f48844f341,2bd35a909e04aa3f8173fe9d87f028fe3908eebe0bcaac7e12431ad12f673eec,79c97b2c6b68be508fa1eae1274ae4d0a0599b6113742f672c9bdf3ea4c210e2,93556764
193,0.29883778642397374,0.0016462659696117043,1.5145506858825684,2,11626,34,30,2,0.0050389766693115234,5.9604644775390625e-08,0,0,0,3254.5856665819883,4639.195917,16983832796542313217,80,14,2,2,4,3016114176,5584011264,126.27841718494892,3128.3072493970394,qualified-kernel-stage-token,2,rise-payload-sha256-merkle,2,fed58566caf6a669e9a47f042123c206dce427d4d402cf8f82dcb1f48844f341,c5ae545c8b55bd971446d202f2cb5e87b26fe58b4ea0293cecbec5c119567643,2af647a31c79868aa3feafc57b2d6e6b06735e8f699eae78ff6b7dfbc35cfb62,93556764
194,0.30048405239358544,0.0016462659696117043,1.5221956968307495,2,11626,34,30,2,0.005076289176940918,5.9604644775390625e-08,0,0,0,4534.9858324043453,6369.696833,4888590566575219223,126,27,4,3,6,3016753152,5584011264,243.40112507343292,4291.5847073309124,qualified-kernel-stage-token,2,rise-payload-sha256-merkle,2,fed58566caf6a669e9a47f042123c206dce427d4d402cf8f82dcb1f48844f341,e0854682b3d646f7ddb9c298ea9850c63ed30c5cca0a56b0ab9a2df93c347b68,eb92d3db5a48c64cb310bc23f404185efaab7299019dedbff5eae3cb723999fa,93556764
195,0.30213031836319715,0.0016462659696117043,1.5415595769882202,2,11626,34,30,2,0.0051320791244506836,5.9604644775390625e-08,0,0,0,3244.3146263249218,4623.4470419999998,17395367869884921611,80,14,2,2,4,3016114176,5584011264,126.40408240258694,3117.9105439223349,qualified-kernel-stage-token,2,rise-payload-sha256-merkle,2,fed58566caf6a669e9a47f042123c206dce427d4d402cf8f82dcb1f48844f341,4ead68513091a7e452a3674b543097af8d925c9432e22c2e649b02903a58dc76,bc46a7ee382b46d9d2fffb85655cf7cd69fd87040ef7124957f7cc825dd4bce5,93556764
196,0.30377658433280885,0.0016462659696117043,1.5496324300765991,2,11628,36,30,2,0.0050873756408691406,5.9604644775390625e-08,0,0,0,4894.4756237324327,6895.3487500000001,1711359889683977389,130,25,4,3,8,3017048064,5584011264,225.05633300170302,4669.4192907307297,qualified-kernel-stage-token,2,rise-payload-sha256-merkle,2,fed58566caf6a669e9a47f042123c206dce427d4d402cf8f82dcb1f48844f341,b9b5d828e14394057bc563ca22eee79afcda2c4f0294720f33207074d6564621,c6c19e17cab9dfaf9ae39ad193b08a82d61eeafb8b847217f1107bd719b582af,93556764
197,0.30542285030242056,0.0016462659696117043,1.5633219480514526,2,11626,34,30,2,0.0052906274795532227,5.9604644775390625e-08,0,0,0,3212.1873756404966,4591.328458,697346118863281575,80,14,2,2,4,3016114176,5584011264,125.36841654218733,3086.8189590983093,qualified-kernel-stage-token,2,rise-payload-sha256-merkle,2,fed58566caf6a669e9a47f042123c206dce427d4d402cf8f82dcb1f48844f341,06e1cec6c529b0779f1cdf2b6388ad95567fa26f3c59e9e315759b877a851eed,d4505116ed0b994b44c0095eb4636b6ebede81fafdd18212b50d4c3762353b37,93556764
198,0.30706911627203226,0.0016462659696117043,1.5655359029769897,2,11628,36,30,2,0.0051170587539672852,5.9604644775390625e-08,0,0,0,4942.5431669224054,6942.3111660000004,17396011400424574239,130,25,4,6,5,3016900608,5584011264,232.53254173323512,4710.0106251891702,qualified-kernel-stage-token,2,rise-payload-sha256-merkle,2,fed58566caf6a669e9a47f042123c206dce427d4d402cf8f82dcb1f48844f341,c87cc843a2403123dbd4f6fd0585e4d18a7b3202314a6c21cdab7fa883b3c85c,d25cd5f8bc08ecc1f859a4c197425baabfe60b89394afd8a37e468ed5b8af261,93556764
199,0.30871538224164397,0.0016462659696117043,1.5477995872497559,2,11628,36,30,2,0.0050541162490844727,5.9604644775390625e-08,0,0,0,3773.2367096468806,5342.5352499999999,834031213936535655,92,16,3,3,4,3016359936,5584011264,144.43095866590738,3628.8057509809732,qualified-kernel-stage-token,2,rise-payload-sha256-merkle,2,fed58566caf6a669e9a47f042123c206dce427d4d402cf8f82dcb1f48844f341,bf04a96525753d993f0a8344a94d288b212c5e08343dd6064c11ac689e22a1d6,5ce870ecb6972700e9a41bd036426f34fb0b33ae5ca03b35b86728b0e53010a2,93556764
200,0.31036164821125567,0.0016462659696117043,1.5603160858154297,2,11628,36,30,2,0.0052150487899780273,5.9604644775390625e-08,0,0,0,4964.9914593901485,6958.8764579999997,12816138505635533101,130,25,4,5,6,3016949760,5584011264,226.04562481865287,4738.9458345714957,qualified-kernel-stage-token,2,rise-payload-sha256-merkle,2,fed58566caf6a669e9a47f042123c206dce427d4d402cf8f82dcb1f48844f341,76b06146ae17c881f487490d45b5d0956d48f50adfed381d6b997bc23f6e65a9,6499c5ac7e82e48c30f7faf24d2a0e34c3bef1d3bbd7904cde966295eb45d6c2,93556764
201,0.31200791418086737,0.0016462659696117043,1.5639979839324951,2,11628,36,30,2,0.0053609609603881836,5.9604644775390625e-08,0,0,0,3751.6760840080678,5302.6260830000001,15178080631459846841,92,16,3,3,4,3016359936,5584011264,145.26858343742788,3606.40750057064,qualified-kernel-stage-token,2,rise-payload-sha256-merkle,2,fed58566caf6a669e9a47f042123c206dce427d4d402cf8f82dcb1f48844f341,627117eae28b58d8a51a895e84211f5204c2daf179b9454d85804476a5a4976e,3ca3dff9c1d9a02f420317603e270975a03ffcb72f6c67163ae41d7d9f3f53a2,93556764
202,0.31365418015047908,0.0016462659696117043,1.5338922739028931,2,11768,38,32,2,0.0052711963653564453,5.9604644775390625e-08,0,0,0,4052.8702491428703,5694.6378340000001,441188264404376397,98,17,3,4,4,3016409088,5584011264,153.82824931293726,3899.041999829933,qualified-kernel-stage-token,2,rise-payload-sha256-merkle,2,fed58566caf6a669e9a47f042123c206dce427d4d402cf8f82dcb1f48844f341,fd4c4395182b9e9c2866698d10c00a48f34d87dbffffc96709f11979920ae6ec,032546c842ae21bc0281affe6f65222122fbd3bd5220bc2b4fd783ef73261dd5,93556764
203,0.31530044612009078,0.0016462659696117043,1.5375486612319946,2,11760,30,32,2,0.0054996013641357422,5.9604644775390625e-08,0,0,0,3713.2692916784436,5264.0223329999999,1211539192958996137,92,16,3,3,4,3016359936,5584011264,143.3464998845011,3569.9227917939425,qualified-kernel-stage-token,2,rise-payload-sha256-merkle,2,fed58566caf6a669e9a47f042123c206dce427d4d402cf8f82dcb1f48844f341,d31137b774f332907f14a0d666610917404bfe88a978541bee4bb6b971dcb9cc,6fd763b96e3c0a4ee17935b9fe2ed920d47efff4ccd710f939b82485fad4d4f9,93556764
204,0.31694671208970249,0.0016462659696117043,1.5476725101470947,2,11760,30,32,2,0.005335688591003418,5.9604644775390625e-08,0,0,0,4681.5428312402219,6600.2200830000002,17066267279175805733,124,24,4,4,6,3016851456,5584011264,216.43287572078407,4465.1099555194378,qualified-kernel-stage-token,2,rise-payload-sha256-merkle,2,fed58566caf6a669e9a47f042123c206dce427d4d402cf8f82dcb1f48844f341,a5f03ce7303ad216ee201df2eeadbd275f38892aaf90051c14e4feb275c3c26b,893e5b81c9b53bf1c1f33ad69ed8f139cf91593c0cc50023b65bd628573f625e,93556764
205,0.31859297805931419,0.0016462659696117043,1.5544202327728271,2,11760,30,32,2,0.0057440996170043945,5.9604644775390625e-08,0,0,0,3776.2550013139844,5327.014083,1194926918156637947,92,16,3,3,4,3016310784,5584011264,142.99166738055646,3633.2633339334279,qualified-kernel-stage-token,2,rise-payload-sha256-merkle,2,fed58566caf6a669e9a47f042123c206dce427d4d402cf8f82dcb1f48844f341,42bba7e6132809d5df14aa590009667bcbe39eff983065e09b4fb8f834693091,f5a73984d4414d09807c549fee801a9c78972b2d08c5c54e4ef730d6cc7e8f3f,93556764
206,0.3202392440289259,0.0016462659696117043,1.5971344709396362,2,16659,30,34,3,0.0054070949554443359,5.9604644775390625e-08,0,0,0,5462.0798728428781,7627.6438749999998,11510826986257102833,142,27,6,3,8,3017293824,5584011264,242.34304111450911,5219.736831728369,qualified-kernel-stage-token,2,rise-payload-sha256-merkle,2,fed58566caf6a669e9a47f042123c206dce427d4d402cf8f82dcb1f48844f341,a89060ab6e86e1df88bc8486ea16588e7320da994a550423976c14bb5fd2db1e,bfa890588be0aacc17d7373be136a865e46bb835c4ad8d426eba997645f76a12,93556764
207,0.3218855099985376,0.0016462659696117043,1.6325262784957886,2,16659,30,34,3,0.0057039260864257812,5.9604644775390625e-08,0,0,0,3736.9827488437295,5285.6447909999997,5630771943663094923,92,16,3,3,4,3016310784,5584011264,143.50058301351964,3593.4821658302099,qualified-kernel-stage-token,2,rise-payload-sha256-merkle,2,fed58566caf6a669e9a47f042123c206dce427d4d402cf8f82dcb1f48844f341,1571d651efccdaa3f2335256c88d0e304fc84ec4464a07009ce1d6f42a09f260,b5a0a98ea0149c4b62e476fcfcbd0ebaa8fa52d0f065a2d2ad3aefc961ec605f,93556764
208,0.3235317759681493,0.0016462659696117043,1.6724728345870972,2,16659,30,34,3,0.0055173635482788086,5.9604644775390625e-08,0,0,0,5082.9535834491253,7089.9090839999999,12332153266916459773,138,29,4,4,7,3017048064,5584011264,261.55729265883565,4821.3962907902896,qualified-kernel-stage-token,2,rise-payload-sha256-merkle,2,fed58566caf6a669e9a47f042123c206dce427d4d402cf8f82dcb1f48844f341,1e23800c540b7cf4ba8b0b3ce1a8bef57e21fa5c74a49598039f0d935f8a5732,dfa7d5c483e765101ae95cd7a06213baca52bbfb13f89260891ec04d4c516703,93556764
209,0.32517804193776101,0.0016462659696117043,1.7050727605819702,2,16659,30,34,3,0.0058879852294921875,5.9604644775390625e-08,0,0,0,3360.0584988016635,4738.7127090000004,354246057129094997,80,14,2,2,4,3016114176,5584011264,130.86141576059163,3229.1970830410719,qualified-kernel-stage-token,2,rise-payload-sha256-merkle,2,fed58566caf6a669e9a47f042123c206dce427d4d402cf8f82dcb1f48844f341,e5b4bd875e7a326955f15a874081ceb66475e7c17c6e40a4493e997b22ccc2f4,8e390b428d99b0bc51a15d7e61ad7be75fc7bd9e55fa10abba7f3ace1975a4f4,93556764
210,0.32682430790737271,0.0016462659696117043,1.7447997331619263,2,16659,30,34,3,0.0056101083755493164,5.9604644775390625e-08,0,0,0,4509.9261242430657,6331.0468330000003,2189319313739650443,118,23,4,3,6,3016704000,5584011264,208.08399980887771,4301.842124434188,qualified-kernel-stage-token,2,rise-payload-sha256-merkle,2,fed58566caf6a669e9a47f042123c206dce427d4d402cf8f82dcb1f48844f341,80c39cf8b0e53855d52067a254a2dcd4c72f5fac61ec0d923bdd8133d60a273a,8c67058b1ad510a70f7c848b2d2063d0ca74b115db2c8304312236f8c3b4d1b3,93556764
211,0.32847057387698442,0.0016462659696117043,1.7760413885116577,2,16659,30,34,3,0.0060825347900390625,5.9604644775390625e-08,0,0,0,3358.7448338512331,4736.1694580000003,16957875411468047347,80,14,2,2,4,3016114176,5584011264,126.61612522788346,3232.1287086233497,qualified-kernel-stage-token,2,rise-payload-sha256-merkle,2,fed58566caf6a669e9a47f042123c206dce427d4d402cf8f82dcb1f48844f341,34e6187d4f695f378d97e30cfbf5d105526d97588d177d49291c1e72e6228311,825cd2155cfa4f6978aefb98f117fc6477deb3eaec99a1de1916ddde1a5bb78f,93556764
212,0.33011683984659612,0.0016462659696117043,1.815266489982605,2,16389,36,30,3,0.0056850910186767578,5.9604644775390625e-08,0,0,0,4552.0667482633144,6376.6347500000002,7798101483029704443,118,23,4,3,6,3016753152,5584011264,205.89941740036011,4346.1673308629543,qualified-kernel-stage-token,2,rise-payload-sha256-merkle,2,fed58566caf6a669e9a47f042123c206dce427d4d402cf8f82dcb1f48844f341,1cbdbf4017962fbc21d4dae9a5898dde59c49fd05b0d6abdbcd2e4133c34d773,d84c75a5bef238ebb509150e0983f822a4bf880fe25ad79934932f08c36e15ad,93556764
213,0.33176310581620783,0.0016462659696117043,1.8441635370254517,2,16389,36,30,3,0.0061315298080444336,5.9604644775390625e-08,0,0,0,3298.2142495457083,4676.5426669999997,1696887769123156425,80,14,2,2,4,3016114176,5584011264,125.8623746689409,3172.3518748767674,qualified-kernel-stage-token,2,rise-payload-sha256-merkle,2,fed58566caf6a669e9a47f042123c206dce427d4d402cf8f82dcb1f48844f341,440e3f68845dd1d4860ebaa19131ec711ecb556ebfc64345504664350c7236ca,03472d82ad05c69ec5fa578393feaf932c42bff5ad97bbb98fa3bfb59d29c45d,93556764
214,0.33340937178581953,0.0016462659696117043,1.88838791847229,2,16389,36,30,3,0.0057626962661743164,5.9604644775390625e-08,0,0,0,4343.0481248069555,6078.16525,15709687318797275071,112,22,4,3,5,3016556544,5584011264,199.54983261413872,4143.4982921928167,qualified-kernel-stage-token,2,rise-payload-sha256-merkle,2,fed58566caf6a669e9a47f042123c206dce427d4d402cf8f82dcb1f48844f341,ef911bb8209db1b5663620513ae4d320d02d0916e45206d3ca1d365cdccecd2c,74595fefa5973fbb668025c80e689dfeb624dfccd8c03ad26bfa71624208184b,93556764
215,0.33505563775543123,0.0016462659696117043,1.917854905128479,2,16389,36,30,3,0.0062913894653320312,5.9604644775390625e-08,0,0,0,3349.6319602709264,4728.4941250000002,9893231510448687797,80,14,2,2,4,3016114176,5584011264,127.86633381620049,3221.7656264547259,qualified-kernel-stage-token,2,rise-payload-sha256-merkle,2,fed58566caf6a669e9a47f042123c206dce427d4d402cf8f82dcb1f48844f341,d6113ccba591d6ee1b46a52c1d8d64e2cf30c4efa6a7763b9741487958377a0d,877477704e69cfb5b853b48b2f05dc040f7fddfdff950b0fb4ce716757f078d6,93556764
216,0.33670190372504294,0.0016462659696117043,1.9608205556869507,2,16389,36,30,3,0.005822300910949707,5.9604644775390625e-08,0,0,0,4611.0471258871257,6444.4887909999998,7263925939560496313,126,27,4,3,6,3016753152,5584011264,242.488625459373,4368.5585004277527,qualified-kernel-stage-token,2,rise-payload-sha256-merkle,2,fed58566caf6a669e9a47f042123c206dce427d4d402cf8f82dcb1f48844f341,13caedf78a5759ae6fcb8bbb4199369a424bbac84c1f99a61a3c4c0e05265f60,bf7c35d3f8ee7f47071606b15767d70a9d3fdc4ddb6a63d821290c108ad3b872,93556764
217,0.33834816969465464,0.0016462659696117043,1.9811546802520752,2,16389,36,30,3,0.0064110755920410156,5.9604644775390625e-08,0,0,0,3349.8729590792209,4725.6945839999998,631893416672030549,80,14,2,2,4,3016114176,5584011264,125.61679258942604,3224.2561664897949,qualified-kernel-stage-token,2,rise-payload-sha256-merkle,2,fed58566caf6a669e9a47f042123c206dce427d4d402cf8f82dcb1f48844f341,e8714e0067f2a8a13cbfbe2897b810303fab203287d2635a90a62f4fa6dfb936,87fa3258a937454fe91e14661ba6e0e82ecb689298ad3e79103d41e5ad60effb,93556764
218,0.33999443566426635,0.0016462659696117043,2.0145001411437988,2,16389,36,30,3,0.0058764219284057617,5.9604644775390625e-08,0,0,0,4867.9650421254337,6792.1040419999999,4137615013905511447,132,28,5,4,5,3016802304,5584011264,253.22941783815622,4614.7356242872775,qualified-kernel-stage-token,2,rise-payload-sha256-merkle,2,fed58566caf6a669e9a47f042123c206dce427d4d402cf8f82dcb1f48844f341,b25df81ac6a56e159c9b7790736300b81e7df3b87da0c202c8503156cfd4efd9,b63c0e9e53fa296a39e8f23efd346b73878d7759c0042d85e574fc2b67f888f4,93556764
219,0.34164070163387805,0.0016462659696117043,2.02921462059021,2,16389,36,30,3,0.0066001415252685547,5.9604644775390625e-08,0,0,0,3369.9717905838042,4747.3673330000001,17987648368836581035,80,14,2,2,4,3016114176,5584011264,127.57083238102496,3242.4009582027793,qualified-kernel-stage-token,2,rise-payload-sha256-merkle,2,fed58566caf6a669e9a47f042123c206dce427d4d402cf8f82dcb1f48844f341,9160553754cb835d1b501f9be857e2c245be87bf1f82d92c073d96e1fa53bdd8,d0fe45026b613066bcd9c144dd61a9972d9926ae9c9d8ac9394e12127cb5bf0d,93556764
220,0.34328696760348976,0.0016462659696117043,2.0566794872283936,2,16389,36,30,3,0.0059249401092529297,5.9604644775390625e-08,0,0,0,4401.1098330374807,6138.1199999999999,13632496807624754857,112,22,4,4,4,3016556544,5584011264,198.55616637505591,4202.5536666624248,qualified-kernel-stage-token,2,rise-payload-sha256-merkle,2,fed58566caf6a669e9a47f042123c206dce427d4d402cf8f82dcb1f48844f341,f52c67c6736579052d00723c4f8452e7781d6381c133b1c5db1b485632d71110,d264124f9de4c1eaf2cfa6995172d71ae11dd0c32bb26855a13b7cbf4e3d8268,93556764
221,0.34493323357310146,0.0016462659696117043,2.0568742752075195,2,16389,36,30,3,0.0067818164825439453,5.9604644775390625e-08,0,0,0,3351.4113740529865,4731.5655829999996,3464881136564508495,80,14,2,2,4,3016114176,5584011264,125.96145807765424,3225.4499159753323,qualified-kernel-stage-token,2,rise-payload-sha256-merkle,2,fed58566caf6a669e9a47f042123c206dce427d4d402cf8f82dcb1f48844f341,53bbc0c3bb3b6fda9d22cbfd754f77ef85b55f20430a2d6440a43f9cb4e7f5b6,25eaccbeaa084da5dc1bc65f2e90fe71112e09300ea217c335688be62cdfeb56,93556764
222,0.34657949954271317,0.0016462659696117043,2.0796072483062744,2,16521,30,32,3,0.0059801340103149414,5.9604644775390625e-08,0,0,0,5288.4142941329628,7357.5843750000004,8342670034828713587,128,22,4,4,8,3017326592,5584011264,198.75316834077239,5089.6611257921904,qualified-kernel-stage-token,2,rise-payload-sha256-merkle,2,fed58566caf6a669e9a47f042123c206dce427d4d402cf8f82dcb1f48844f341,c728dcf920581f30e9eea9934933b3035e9fdd7e633c21b15ef23adb7e40fe55,ccde258595c02c79a9007833d8e667a48d3e7e0a0758f47f7fa57ef4ec6bf612,93556764
223,0.34822576551232487,0.0016462659696117043,2.0585610866546631,2,16521,30,32,3,0.0067006349563598633,5.9604644775390625e-08,0,0,0,3336.7197071202099,4715.2497910000002,4793533191007588277,80,14,2,2,4,3016114176,5584011264,125.98412460647523,3210.7355825137347,qualified-kernel-stage-token,2,rise-payload-sha256-merkle,2,fed58566caf6a669e9a47f042123c206dce427d4d402cf8f82dcb1f48844f341,4b7aa2e75e2503dc2e087130a243ea3f3c988d75ca92d309cf278eae1e3ff2fd,37fc80714ba1c1fa9da817217c8e6af64e0eabcf46871af422109b63aaec3a07,93556764
224,0.34987203148193657,0.0016462659696117043,2.0765101909637451,2,16521,30,32,3,0.0060290098190307617,5.9604644775390625e-08,0,0,0,4857.4958755634725,6754.0378330000003,7324491284633627779,116,20,5,5,4,3016704000,5584011264,182.70395859144628,4674.7919169720262,qualified-kernel-stage-token,2,rise-payload-sha256-merkle,2,fed58566caf6a669e9a47f042123c206dce427d4d402cf8f82dcb1f48844f341,e88224b0f0e86e7a08e1a1f2aff31413504474d00f1b05133bbef182a1e7fc79,ae8ca1f413dfe6174e41b5ab24af2bf4d7df9e1e9d6f5e74402757af1c429605,93556764
225,0.35151829745154828,0.0016462659696117043,2.0644676685333252,2,16521,30,32,3,0.0070796012878417969,5.9604644775390625e-08,0,0,0,3334.5485422760248,4711.4800830000004,18289909128801300201,80,14,2,2,4,3016114176,5584011264,126.63304200395942,3207.9155002720654,qualified-kernel-stage-token,2,rise-payload-sha256-merkle,2,fed58566caf6a669e9a47f042123c206dce427d4d402cf8f82dcb1f48844f341,c538116aaa0234ed2ece890403fcb9d2d26d03c14ccc17f1a577e21dad76ddc7,99ef28ab63a3a849892fe782fc626885fef5bd89153b65494dfac4125ee32d3b,93556764
226,0.35316456342115998,0.0016462659696117043,2.0741138458251953,2,16521,30,32,3,0.0060192346572875977,5.9604644775390625e-08,0,0,0,4390.5509584583342,6112.2504580000004,16799058246153258755,104,18,4,4,4,3016507392,5584011264,162.91854181326926,4227.6324166450649,qualified-kernel-stage-token,2,rise-payload-sha256-merkle,2,fed58566caf6a669e9a47f042123c206dce427d4d402cf8f82dcb1f48844f341,14e6c115d6e384fae53f2f891c44412a16685ce0291dbec9ff433f005b642da5,9357bd500db3e6e8b432380b6b415ec67a15049c1e353094cca8b1a7b5471965,93556764
227,0.35481082939077169,0.0016462659696117043,2.0329921245574951,2,16521,30,32,3,0.0071873664855957031,5.9604644775390625e-08,0,0,0,3345.3970411792397,4722.8597909999999,15229250590771538547,80,14,2,2,4,3016114176,5584011264,131.70983316376805,3213.6872080154717,qualified-kernel-stage-token,2,rise-payload-sha256-merkle,2,fed58566caf6a669e9a47f042123c206dce427d4d402cf8f82dcb1f48844f341,4b6c1ae3080836739a39ce95619ab8de8f15041629fd15d455b640d5191ec941,2e0a4495579f966a68e8938d2bcb060456dee8ed82080f7de1cc89a2a987a32f,93556764
228,0.35645709536038339,0.0016462659696117043,2.0449032783508301,2,16521,30,32,3,0.0060952901840209961,5.9604644775390625e-08,0,0,0,4647.6667928509414,6457.5467909999998,6712944599533923657,110,19,4,5,4,3016605696,5584011264,170.40604120120406,4477.2607516497374,qualified-kernel-stage-token,2,rise-payload-sha256-merkle,2,fed58566caf6a669e9a47f042123c206dce427d4d402cf8f82dcb1f48844f341,97aadc65657e4db7b99e14dd896738bd53d46c7e157ef657fc1de6f08f83d7a4,54980e6ae75425f5677f3eb273e2abed38590a066cab0bd3b0d624fb03f84e1e,93556764
229,0.3581033613299951,0.0016462659696117043,2.0246713161468506,2,16521,30,32,3,0.0076256990432739258,5.9604644775390625e-08,0,0,0,3432.5492500793189,4809.823292,16553426643122959001,80,14,2,2,4,3016114176,5584011264,128.54395806789398,3304.0052920114249,qualified-kernel-stage-token,2,rise-payload-sha256-merkle,2,fed58566caf6a669e9a47f042123c206dce427d4d402cf8f82dcb1f48844f341,de725bc655dab2aae623d9ad2379942105f84424fbcaf58b994137c6dc40bd39,fcbfc9fad6ebc24045c3e64f6972273983722f1a2e24cda3478d27e3c179569e,93556764
230,0.3597496272996068,0.0016462659696117043,2.0865063667297363,2,21150,36,30,4,0.0059237480163574219,5.9604644775390625e-08,0,0,0,4314.8774583823979,6047.5631249999997,16060206402188168263,104,18,4,4,4,3016556544,5584011264,163.60924928449094,4151.2682090979069,qualified-kernel-stage-token,2,rise-payload-sha256-merkle,2,fed58566caf6a669e9a47f042123c206dce427d4d402cf8f82dcb1f48844f341,693659705ccdd41b3f4dc083a7c014724f3782c0423b51cbf2099861fb0bb3ca,d02c7bf7940ffc27dd7514ee2d49f60a112884aee7d952a3c21cd9c3cb665a66,93556764
231,0.3613958932692185,0.0016462659696117043,2.1196005344390869,2,21150,36,30,4,0.0078662633895874023,5.9604644775390625e-08,0,0,0,3916.8282938189805,5467.8664589999998,14619796392666435109,92,16,3,3,4,3016310784,5584011264,144.1996255889535,3772.628668230027,qualified-kernel-stage-token,2,rise-payload-sha256-merkle,2,fed58566caf6a669e9a47f042123c206dce427d4d402cf8f82dcb1f48844f341,9d4f3e0ecaeb9594e9eaead9ecc1f5143b068a6f948411fb3839801db584f167,d0deb93f2f69c5164eefcc183e16a78a37514799787f4a67a8e235e3a7e1b16a,93556764
232,0.36304215923883021,0.0016462659696117043,2.1841273307800293,2,21150,36,30,4,0.0057741403579711914,5.9604644775390625e-08,0,0,0,4390.9652093425393,6124.3268749999997,17169503877224000677,104,18,4,4,4,3016605696,5584011264,163.49650034680963,4227.4687089957297,qualified-kernel-stage-token,2,rise-payload-sha256-merkle,2,fed58566caf6a669e9a47f042123c206dce427d4d402cf8f82dcb1f48844f341,558a872f35cb95c7dbb71d2e3fc79e219178e84ed94a8a975dc927aed7d19edc,834e3284da0c21251dfdf8c0be406353a4790193e0f1814460e72e78f7842988,93556764
233,0.36468842520844191,0.0016462659696117043,2.1992969512939453,2,21150,36,30,4,0.008107304573059082,5.9604644775390625e-08,0,0,0,3975.5016665440053,5527.02225,6235738072410247235,92,16,3,3,4,3016310784,5584011264,144.91850044578314,3830.5831660982221,qualified-kernel-stage-token,2,rise-payload-sha256-merkle,2,fed58566caf6a669e9a47f042123c206dce427d4d402cf8f82dcb1f48844f341,a5d191f226bd5a93ed893aa72802fe1d97db41e92e7d169fda3098b0ce219318,21e1def3729e1ec2c8bda965aea21458d49e4932280e068041bca382c9521990,93556764
234,0.36633469117805362,0.0016462659696117043,2.2591617107391357,2,21150,36,30,4,0.0055407285690307617,5.9604644775390625e-08,0,0,0,4804.7586695756763,6644.5139589999999,14977943258096463387,126,27,5,4,4,3016704000,5584011264,242.97745991498232,4561.781209660694,qualified-kernel-stage-token,2,rise-payload-sha256-merkle,2,fed58566caf6a669e9a47f042123c206dce427d4d402cf8f82dcb1f48844f341,fe0181a984d5eea6799f903e8b62d7e7882f8a85700d79a51b77f8cc0c93cd88,b8b7f0bf582c2d83193c8640edf55632ebaf5be44b5d1449cb859fe5857315e0,93556764
235,0.36798095714766532,0.0016462659696117043,2.2662372589111328,2,21150,36,30,4,0.0083990097045898438,5.9604644775390625e-08,0,0,0,3960.811082739383,5511.1076249999996,14023794993233651945,92,16,3,3,4,3016310784,5584011264,144.48625035583973,3816.3248323835433,qualified-kernel-stage-token,2,rise-payload-sha256-merkle,2,fed58566caf6a669e9a47f042123c206dce427d4d402cf8f82dcb1f48844f341,d9b23e799047384099139dbb98ef8068fe2e372c963ee72d0fd7950bb50b5d12,3507fd5afd11b19ea08c58f4b38a7bf09c48f9c3a19c33e92289eaa5f9bf4084,93556764
236,0.36962722311727703,0.0016462659696117043,2.3245353698730469,2,21150,36,30,4,0.0053232908248901367,5.9604644775390625e-08,0,0,0,4265.5517891980708,5942.5378330000003,7025537317510652225,122,29,4,3,4,3016507392,5584011264,262.41487474180758,4003.1369144562632,qualified-kernel-stage-token,2,rise-payload-sha256-merkle,2,fed58566caf6a669e9a47f042123c206dce427d4d402cf8f82dcb1f48844f341,9089152ba0ed3e30d475bada8e4a4f56acf0d076df301f0d4b6947b658da0e25,243ce19b2441f258b51d529163ffd1f2071ea1ecf0392a24ad180e5cde4628aa,93556764
237,0.37127348908688873,0.0016462659696117043,2.3246781826019287,2,21150,36,30,4,0.0089697837829589844,5.9604644775390625e-08,0,0,0,3927.5702077429742,5480.619917,3049520746092087075,92,16,3,3,4,3016310784,5584011264,145.35250049084425,3782.2177072521299,qualified-kernel-stage-token,2,rise-payload-sha256-merkle,2,fed58566caf6a669e9a47f042123c206dce427d4d402cf8f82dcb1f48844f341,9debb923e7a440c495d39d7c9755499a9365dbfa165da187cb2c490fcf4e8636,e8290f9a538c520c6e404f00ea382c5070c34d60eff5348b726fc3d0031c72f8,93556764
238,0.37291975505650043,0.0016462659696117043,2.3771557807922363,2,21150,36,30,4,0.0051188468933105469,5.9604644775390625e-08,0,0,0,4198.6049159895629,5863.0934580000003,1363334912524414973,114,25,4,3,4,3016638464,5584011264,225.63733160495758,3972.9675843846053,qualified-kernel-stage-token,2,rise-payload-sha256-merkle,2,fed58566caf6a669e9a47f042123c206dce427d4d402cf8f82dcb1f48844f341,1651765665a7db6e46ec9dd25e32dd456b071a1029cfb78adc67691b6b305ec5,3422dcd0ec3e0048d9a67cfd0284f48556bc40286f9227c54967687135b94747,93556764
239,0.37456602102611214,0.0016462659696117043,2.3638002872467041,2,21150,36,30,4,0.009234309196472168,5.9604644775390625e-08,0,0,0,3918.8355857040733,5471.1613749999997,15534689311623041539,92,16,3,3,4,3016310784,5584011264,144.16054240427911,3774.6750432997942,qualified-kernel-stage-token,2,rise-payload-sha256-merkle,2,fed58566caf6a669e9a47f042123c206dce427d4d402cf8f82dcb1f48844f341,4dd709e4e4b9f9e1a45eded3d3a13214271645bf337978cd896924703a548471,8044219a0b0fc76fcbda115656d4d5e7087feeb35f7596ca7fd7624c3c9fd042,93556764
240,0.37621228699572384,0.0016462659696117043,2.4121377468109131,2,21282,30,32,4,0.0049778223037719727,5.9604644775390625e-08,0,0,0,4876.186540350318,6797.9040830000004,12376875821026442257,132,28,5,4,5,3016802304,5584011264,252.57354113273323,4623.6129992175847,qualified-kernel-stage-token,2,rise-payload-sha256-merkle,2,fed58566caf6a669e9a47f042123c206dce427d4d402cf8f82dcb1f48844f341,4053df3ecd59489063529abce16f4491472acb23b217596bb9f88d2611ce2dc2,43f65fdd5a197fb124816e814e1ddcd9fbbdf006ca0e5255e08704b52671419f,93556764
241,0.37785855296533555,0.0016462659696117043,2.3934848308563232,2,21282,30,32,4,0.0093523263931274414,5.9604644775390625e-08,0,0,0,3961.2210823688656,5513.3924580000003,13884298404990684163,92,16,3,3,4,3016310784,5584011264,149.92162468843162,3811.299457680434,qualified-kernel-stage-token,2,rise-payload-sha256-merkle,2,fed58566caf6a669e9a47f042123c206dce427d4d402cf8f82dcb1f48844f341,93e6cbbacf10a6cbb4a7c1216219eb1e5d11e4f0867de7d3dae9fecb0cfcd5ba,4931de01e7cd4e5a6c145d5cd16bd6e1c22a04876f06e039ddcfd6f7ddcf4667,93556764
242,0.37950481893494725,0.0016462659696117043,2.434528112411499,2,21282,30,32,4,0.0050002336502075195,5.9604644775390625e-08,0,0,0,4774.7403753455728,6610.6887919999999,4974267581243846311,126,27,4,5,4,3016704000,5584011264,243.89962502755225,4530.8407503180206,qualified-kernel-stage-token,2,rise-payload-sha256-merkle,2,fed58566caf6a669e9a47f042123c206dce427d4d402cf8f82dcb1f48844f341,4891c06d185d8592378a016f377141022e4876f020f6a2e44dfea4e829ed391f,043acfd287e5248435d1f0b91b015a26f887fcf352e5505f7d98486742f725b9,93556764
243,0.38115108490455896,0.0016462659696117043,2.4091787338256836,2,21282,30,32,4,0.0093312263488769531,5.9604644775390625e-08,0,0,0,3901.2175002135336,5452.069125,12579448577497301387,92,16,3,3,4,3016310784,5584011264,144.37466650269926,3756.8428337108344,qualified-kernel-stage-token,2,rise-payload-sha256-merkle,2,fed58566caf6a669e9a47f042123c206dce427d4d402cf8f82dcb1f48844f341,5614dad59c1ebf2d71438e1d187f959ac9c0a53bde3ca2daff6dc8c055d1ebb9,a4adabb9fbfc3e435be04b5989486f8dffaaf45428994fb3dd857e725e7c602e,93556764
244,0.38279735087417066,0.0016462659696117043,2.4338288307189941,2,21282,30,32,4,0.0049549341201782227,5.9604644775390625e-08,0,0,0,4913.005334790796,6835.3498749999999,6064144918556947117,132,28,5,5,4,3016753152,5584011264,252.08100001327693,4660.9243347775191,qualified-kernel-stage-token,2,rise-payload-sha256-merkle,2,fed58566caf6a669e9a47f042123c206dce427d4d402cf8f82dcb1f48844f341,975d979e8c94f7493345eace86c5a669e80dd67a5221c92a9d1082047c025f1b,2c844ad29ff503d4d6e13eb4c0c15193c5e5545eeeaa1274edcf9296d7d66b3a,93556764
245,0.38444361684378237,0.0016462659696117043,2.4032807350158691,2,21359,38,33,4,0.0092352628707885742,5.9604644775390625e-08,0,0,0,3884.4722919166088,5436.7605000000003,17177633369167319545,92,16,3,3,4,3016310784,5584011264,149.80779145844281,3734.664500458166,qualified-kernel-stage-token,2,rise-payload-sha256-merkle,2,fed58566caf6a669e9a47f042123c206dce427d4d402cf8f82dcb1f48844f341,8e049d069afa358f1bcbd6ad03db3009c10c971e50c2906ff10a81f5e0c017b8,4baea3092ec4feea98e8495c1aed1284565ca4071cd6d71509f36caeca9b252b,93556764
246,0.38608988281339407,0.0016462659696117043,2.4303154945373535,2,21359,38,33,4,0.0055330991744995117,5.9604644775390625e-08,0,0,0,4758.7827499955893,6597.637291,18050010359253815391,126,27,4,5,4,3016704000,5584011264,245.09904184378684,4513.6837081518024,qualified-kernel-stage-token,2,rise-payload-sha256-merkle,2,fed58566caf6a669e9a47f042123c206dce427d4d402cf8f82dcb1f48844f341,639daca18246098cc6906f9ee8fb3a57a8309d29c98ea86aec04f06612e08978,05f17a10de3411d60059e96787ecf82adc943fd57cd879bc62001f664eb18dae,93556764
247,0.38773614878300577,0.0016462659696117043,2.4270825386047363,2,21220,37,31,4,0.0091975927352905273,5.9604644775390625e-08,0,0,0,3923.3191260136664,5476.557084,1609768927685591853,92,16,3,3,4,3016310784,5584011264,144.74104135297239,3778.578084660694,qualified-kernel-stage-token,2,rise-payload-sha256-merkle,2,fed58566caf6a669e9a47f042123c206dce427d4d402cf8f82dcb1f48844f341,dbc9116e6a11c24021270d58ad2e8eed682bcdb1609403d992bec462be4cbcdb,45f9fe640815397baa3e177a739732204d9cd28cd70e4582e9dc7c316c8bb2b3,93556764
248,0.38938241475261748,0.0016462659696117043,2.5054292678833008,2,21220,37,31,4,0.0055935382843017578,5.9604644775390625e-08,0,0,0,5445.9825437515974,7542.9031670000004,16731552117348074689,144,30,5,5,6,3017097216,5584011264,271.84533514082432,5174.1372086107731,qualified-kernel-stage-token,2,rise-payload-sha256-merkle,2,fed58566caf6a669e9a47f042123c206dce427d4d402cf8f82dcb1f48844f341,5cc2e7d465722c76c41dfdd6594f0f4032ac3da9cf1e5371f15caa91c36e8b30,ab7c12c79ffd2adb952f9c72d207e2d859d88bd59639e82a713ac1990fb949a5,93556764
249,0.39102868072222918,0.0016462659696117043,2.5211582183837891,2,21214,31,31,4,0.0092452764511108398,5.9604644775390625e-08,0,0,0,3961.4207502454519,5518.9297919999999,13850572015469593203,92,16,3,3,4,3016310784,5584011264,143.57150066643953,3817.8492495790124,qualified-kernel-stage-token,2,rise-payload-sha256-merkle,2,fed58566caf6a669e9a47f042123c206dce427d4d402cf8f82dcb1f48844f341,1b5ba32fca8220dd627f5f89253749a703db187caabb661abc2ce5ec78385926,8080073c179ef2f6fb0ab320437662924ecc2119e3278806c3d742b9a080016d,93556764
250,0.39267494669184089,0.0016462659696117043,2.5875101089477539,2,21214,31,31,4,0.0050588846206665039,5.9604644775390625e-08,0,0,0,4703.3662097528577,6545.5154169999996,5808015430061095105,126,27,4,5,4,3016605696,5584011264,244.23995963297784,4459.1262501198798,qualified-kernel-stage-token,2,rise-payload-sha256-merkle,2,fed58566caf6a669e9a47f042123c206dce427d4d402cf8f82dcb1f48844f341,8774a01c3678b6dafff5d84fc73c6b94e25f389e46e902179dac779e3c690eb1,36b8210e89cf7a95c01f1d1bce4d32b46cd62fe53a7fd35512f4487a02a12638,93556764
251,0.39432121266145259,0.0016462659696117043,2.5897977352142334,2,21214,31,31,4,0.0092736482620239258,5.9604644775390625e-08,0,0,0,3934.6307935193181,5486.1532500000003,3489047101363952515,92,16,3,3,4,3016310784,5584011264,144.40558408387005,3790.2252094354481,qualified-kernel-stage-token,2,rise-payload-sha256-merkle,2,fed58566caf6a669e9a47f042123c206dce427d4d402cf8f82dcb1f48844f341,8b03331bcd1f37f93b94906741a5c32ce4e0ec887ba922bd0695a30111d568c4,a4c42a79358fd29e1fa4ac7aeb4d0550f92865cf84643445321774fe06ec8cb8,93556764
252,0.3959674786310643,0.0016462659696117043,2.65187668800354,2,21634,37,37,4,0.0050569772720336914,5.9604644775390625e-08,0,0,0,4725.5840394645929,6564.9342500000002,14211174710442072997,126,27,4,4,5,3016753152,5584011264,243.06141654960811,4482.5226229149848,qualified-kernel-stage-token,2,rise-payload-sha256-merkle,2,fed58566caf6a669e9a47f042123c206dce427d4d402cf8f82dcb1f48844f341,aaee35a4c7b4832f09f971c37f4ca11f103a81c505ac880da597ada85b58d074,ed8788365f3b1e852c2c49f13dbafad0a0702d6d0141c8a4ff4b4441ccfbd5fe,93556764
253,0.397613744600676,0.0016462659696117043,2.6422960758209229,2,21634,37,37,4,0.0091131925582885742,5.9604644775390625e-08,0,0,0,3878.5077061038464,5430.5472499999996,3285795623944048365,92,16,3,3,4,3016441856,5584011264,144.35312454588711,3734.1545815579593,qualified-kernel-stage-token,2,rise-payload-sha256-merkle,2,fed58566caf6a669e9a47f042123c206dce427d4d402cf8f82dcb1f48844f341,1db450f1aee0c8dbc467cad081c0f74048caa3a71e5f49a8185a4a0985c11918,5cb65daf316be61700870cb4abba7da3612cc24efcdebabf09fe5ec49adc3d9b,93556764
254,0.3992600105702877,0.0016462659696117043,2.6882855892181396,2,21634,37,37,4,0.0051211118698120117,5.9604644775390625e-08,0,0,0,5932.6833765953779,8202.4184590000004,12691650972039940411,156,32,7,7,4,3017195520,5584011264,287.29129093699157,5645.3920856583863,qualified-kernel-stage-token,2,rise-payload-sha256-merkle,2,fed58566caf6a669e9a47f042123c206dce427d4d402cf8f82dcb1f48844f341,a110a5b3fa50f7ab6263c32e5082a6dcf287869b823e76d4ecf690d747804ecc,8df2bec2a4c320b4ba1b012581720c2af3a1b89ce16aa2716c96a5834bc79240,93556764
255,0.40090627653989941,0.0016462659696117043,2.6695852279663086,2,21634,37,37,4,0.009007573127746582,5.9604644775390625e-08,0,0,0,3974.5872090570629,5526.916166,18029197323052592589,92,16,3,3,4,3016359936,5584011264,142.57070934399962,3832.0164997130632,qualified-kernel-stage-token,2,rise-payload-sha256-merkle,2,fed58566caf6a669e9a47f042123c206dce427d4d402cf8f82dcb1f48844f341,be0c05d9a97c3c749070dc243ece03f7e3fd476c9f4ee6aabef0f67632bf2053,2852f6836274c245a9c4f11d1535bdad27717352653bb0dc3fd29e8270191630,93556764
256,0.40255254250951111,0.0016462659696117043,2.7008287906646729,2,21634,37,37,4,0.0051012039184570312,5.9604644775390625e-08,0,0,0,4097.6067911833525,5675.7808329999998,8301815304879488163,108,24,3,3,4,3016409088,5584011264,218.38066563941538,3879.2261255439371,qualified-kernel-stage-token,2,rise-payload-sha256-merkle,2,fed58566caf6a669e9a47f042123c206dce427d4d402cf8f82dcb1f48844f341,c79d1f8fa523b4e1648680a88b5294e17511761ecc4d6d49c30b749c3b9ab007,34d9057a81bef35a3496ec884c848110631070a30f57fad8b669ea1cc2b5198e,93556764
257,0.40419880847912282,0.0016462659696117043,2.6699705123901367,2,21634,37,37,4,0.0091737508773803711,5.9604644775390625e-08,0,0,0,3919.0725032240152,5477.3154169999998,6634002335939085171,92,16,3,3,4,3016310784,5584011264,143.59279233030975,3775.4797108937055,qualified-kernel-stage-token,2,rise-payload-sha256-merkle,2,fed58566caf6a669e9a47f042123c206dce427d4d402cf8f82dcb1f48844f341,2a4ab35f1744e74610992d5063c735995444864d6a0d39edfc6e3ef2ab5c2379,e0640bc8f9ba736dc36ee262dd051a188fc3ad31e331aec5c63bda3df86f983c,93556764
258,0.40584507444873452,0.0016462659696117043,2.7227070331573486,2,25908,33,30,5,0.0050758123397827148,5.9604644775390625e-08,0,0,0,5462.7989614382386,7558.3532919999998,6686414190808493155,144,30,7,5,4,3016998912,5584011264,272.4095827434212,5190.3893786948174,qualified-kernel-stage-token,2,rise-payload-sha256-merkle,2,fed58566caf6a669e9a47f042123c206dce427d4d402cf8f82dcb1f48844f341,a629647add2822cea901b076dcb44c056b501603fd38aa120a59538661e2e362,07011e8deac13b6667305e2761d7a52d8cb8c79044ecb0132c4ec914b33519ea,93556764
259,0.40749134041834623,0.0016462659696117043,2.7155663967132568,2,26250,30,35,5,0.0091921091079711914,5.9604644775390625e-08,0,0,0,4006.9919559173286,5558.1777080000002,17980553586274232549,92,16,3,3,4,3016310784,5584011264,146.6198330745101,3860.3721228428185,qualified-kernel-stage-token,2,rise-payload-sha256-merkle,2,fed58566caf6a669e9a47f042123c206dce427d4d402cf8f82dcb1f48844f341,83ffef6945c221162399a412ee209dcff55e95ae7b2c47d5f5913d9067322bb6,6f09d5a10e42e86af7541fe35bcdc4e7dc8ca197d5e5abbfee088a99e1d767e5,93556764
260,0.40913760638795793,0.0016462659696117043,2.7551321983337402,2,26120,38,33,5,0.0050460100173950195,5.9604644775390625e-08,0,0,0,4720.1379586476833,6546.2166669999997,15164910362088599249,118,23,5,4,4,3016704000,5584011264,207.47237559407949,4512.6655830536038,qualified-kernel-stage-token,2,rise-payload-sha256-merkle,2,fed58566caf6a669e9a47f042123c206dce427d4d402cf8f82dcb1f48844f341,65106ce8a6e0363804d64857e22cce8fb6fdb94e9de4bcbd18368a4537306273,78cf0823eb88477c08a1e4df6b3dcf6ed4e19ef645a6ad468b731e1a658acdf6,93556764
261,0.41078387235756963,0.0016462659696117043,2.7354640960693359,2,26120,38,33,5,0.0091673135757446289,5.9604644775390625e-08,0,0,0,3993.9173753373325,5545.4787500000002,10250875565815461365,92,16,3,3,4,3016310784,5584011264,144.70379124395549,3849.213584093377,qualified-kernel-stage-token,2,rise-payload-sha256-merkle,2,fed58566caf6a669e9a47f042123c206dce427d4d402cf8f82dcb1f48844f341,e36cbce221636c96a53375e01091f3738573cf50e6197f027427f5f2f42dcd9e,2d8e06d2880b6b4873ce28f35cb7089ec48cb95d209f48835d6e4532dd8f5939,93556764
262,0.41243013832718134,0.0016462659696117043,2.7595980167388916,2,26120,38,33,5,0.0050170421600341797,5.9604644775390625e-08,0,0,0,4252.4799578823149,5903.000959,1483588630081955063,106,21,4,3,4,3016458240,5584011264,195.52041729912162,4056.9595405831933,qualified-kernel-stage-token,2,rise-payload-sha256-merkle,2,fed58566caf6a669e9a47f042123c206dce427d4d402cf8f82dcb1f48844f341,932d8a6819fc79e316c6f2af059f3ee58c4bb516d9fc0a574b71b5eb4ca461f5,733adc2fbc053a21b824703629c43358dbd5e4eb0328988517bd2460588aead0,93556764
263,0.41407640429679304,0.0016462659696117043,2.7257606983184814,2,26120,38,33,5,0.0092418193817138672,5.9604644775390625e-08,0,0,0,3957.1782513521612,5511.7427909999997,14685474790192355171,92,16,3,3,4,3016310784,5584011264,143.95166700705886,3813.2265843451023,qualified-kernel-stage-token,2,rise-payload-sha256-merkle,2,fed58566caf6a669e9a47f042123c206dce427d4d402cf8f82dcb1f48844f341,8e688b806fb0bd116cd405b20b64a4b377219eb85774337ef785f09e431b7054,27de2b5405e58bab8369d70c954f39afa7bf31f038c9bac6312a5c15742f32f8,93556764
264,0.41572267026640475,0.0016462659696117043,2.7903084754943848,2,25981,37,31,5,0.0049964189529418945,5.9604644775390625e-08,0,0,0,4712.0438332203776,6536.8763749999998,9055514551076976051,118,23,5,4,4,3016704000,5584011264,208.60362611711025,4503.4402071032673,qualified-kernel-stage-token,2,rise-payload-sha256-merkle,2,fed58566caf6a669e9a47f042123c206dce427d4d402cf8f82dcb1f48844f341,cf64d094c57208abfe2fe7e247f8eb5e20f15698b28afca3c69e2e73a66e6ba1,e75bcacc8ca71e73e48d3354c6ff2b9adf27d8cb975a047c1491a3161ac8dcde,93556764
265,0.41736893623601645,0.0016462659696117043,2.8207495212554932,2,25981,37,31,5,0.0092638731002807617,5.9604644775390625e-08,0,0,0,3938.4227092377841,5497.972667,14119005499650200081,92,16,3,3,4,3016359936,5584011264,144.10395873710513,3794.318750500679,qualified-kernel-stage-token,2,rise-payload-sha256-merkle,2,fed58566caf6a669e9a47f042123c206dce427d4d402cf8f82dcb1f48844f341,5dab52a9a27ed0be2f9e0766b4ab1302b30f3847e3a17ec9d40b6159d2ea0ac4,f50df7e0db06edb51439e042a9a7ed2450ed314042865e2996193451d20da4a9,93556764
266,0.41901520220562816,0.0016462659696117043,2.8939557075500488,2,25975,31,31,5,0.0049873590469360352,5.9604644775390625e-08,0,0,0,4522.06029323861,6263.6738340000002,10142196389690041655,112,22,3,5,4,3016605696,5584011264,199.07508348114789,4322.9852097574621,qualified-kernel-stage-token,2,rise-payload-sha256-merkle,2,fed58566caf6a669e9a47f042123c206dce427d4d402cf8f82dcb1f48844f341,ff93453bbebf7bb8f35b445eda0982e37c6cd7e28ec822e713ea1721d3d344ad,c5558fe31e07e1cd736190db2e45fc60d656fa6c4863c02c4ab0e65c241fb011,93556764
267,0.42066146817523986,0.0016462659696117043,2.9110023975372314,2,26395,37,37,5,0.0092723369598388672,5.9604644775390625e-08,0,0,0,4011.7841267492622,5566.1134590000001,14379996287317046789,92,16,3,3,4,3016310784,5584011264,144.79183359071612,3866.9922931585461,qualified-kernel-stage-token,2,rise-payload-sha256-merkle,2,fed58566caf6a669e9a47f042123c206dce427d4d402cf8f82dcb1f48844f341,cede4172ecf0509b14266c0fbdea57b93a7b84bf658fdcbd9db8b77a06c8b1a6,9afc45801d29879ef8d4c952d205a37b2daad31cb7e355c6d035d4c5a2b269c5,93556764
268,0.42230773414485157,0.0016462659696117043,2.9707560539245605,2,26395,37,37,5,0.0049455165863037109,5.9604644775390625e-08,0,0,0,4293.1627067737281,5940.778292,8391696568454620047,98,17,3,4,4,3016589312,5584011264,153.55958300642669,4139.6031237673014,qualified-kernel-stage-token,2,rise-payload-sha256-merkle,2,fed58566caf6a669e9a47f042123c206dce427d4d402cf8f82dcb1f48844f341,ddb3e3b8bf675c6e93a499081c21abf77fc733e5102c722a89b7ccb2e253c9f9,cc7bf3ed05ca0306cf9e8b150b1c2376ab18b920b222c7af59a1d01465ce7bba,93556764
269,0.42395400011446327,0.0016462659696117043,2.9723923206329346,2,26395,37,37,5,0.0093561410903930664,5.9604644775390625e-08,0,0,0,3967.4492084886879,5519.8208340000001,18413792761307953445,92,16,3,3,4,3016310784,5584011264,142.97558413818479,3824.4736243505031,qualified-kernel-stage-token,2,rise-payload-sha256-merkle,2,fed58566caf6a669e9a47f042123c206dce427d4d402cf8f82dcb1f48844f341,83a8521ecb8465231a33da40940104170ce35b8337ae49d945c583f760b9c38f,2759b593e905c2c393d8c7aaab7fba7afa92079783c14dbb61c7e7b4fc9a0af8,93556764
270,0.42560026608407497,0.0016462659696117043,3.0183794498443604,2,26395,37,37,5,0.0049424171447753906,5.9604644775390625e-08,0,0,0,4218.5821665916592,5856.2014159999999,5736907449622930673,98,17,3,4,4,3016458240,5584011264,152.56791701540351,4066.0142495762557,qualified-kernel-stage-token,2,rise-payload-sha256-merkle,2,fed58566caf6a669e9a47f042123c206dce427d4d402cf8f82dcb1f48844f341,23ea00e8ddf4328ff8e09249a900e82a995bef5fbd2f5d4f4b481ed607216179,937e6af72c399949665fadfc971cd0c74049720795ce29e924618a4b057dd175,93556764
271,0.42724653205368668,0.0016462659696117043,2.9975802898406982,2,26395,37,37,5,0.0093826055526733398,5.9604644775390625e-08,0,0,0,4024.2939160671085,5586.3610410000001,2363705718605603627,92,16,3,3,4,3016310784,5584011264,142.50454143621027,3881.7893746308982,qualified-kernel-stage-token,2,rise-payload-sha256-merkle,2,fed58566caf6a669e9a47f042123c206dce427d4d402cf8f82dcb1f48844f341,2dba87d9f87cc18c88c14435f6c0aa3dc8c7d2a7ff6cb12fadb52058eca06bc2,102059f78e9c1375e89303993a7f6e279c7364e078d8572016ef7fc48d9a5366,93556764
272,0.42889279802329838,0.0016462659696117043,3.0144591331481934,2,26395,37,37,5,0.0049014091491699219,5.9604644775390625e-08,0,0,0,4784.3169982079417,6616.1550829999996,15416212228111911327,118,23,4,5,4,3016654848,5584011264,206.42716693691909,4577.8898312710226,qualified-kernel-stage-token,2,rise-payload-sha256-merkle,2,fed58566caf6a669e9a47f042123c206dce427d4d402cf8f82dcb1f48844f341,8fcf45ebb7afd05a0c67dee4cd83d38fe2bcce22912a0c5847827aff93b7fa4b,55b3431c49556ea7596101d22719a46d63948bc110dcb4718e6e7ba205cae188,93556764
273,0.43053906399291009,0.0016462659696117043,2.9742352962493896,2,26395,37,37,5,0.0095551013946533203,5.9604644775390625e-08,0,0,0,3997.4682535976171,5550.1319579999999,17734634492691326835,92,16,3,3,4,3016310784,5584011264,144.01325047947466,3853.4550031181425,qualified-kernel-stage-token,2,rise-payload-sha256-merkle,2,fed58566caf6a669e9a47f042123c206dce427d4d402cf8f82dcb1f48844f341,d735c9c9ea53b451ca25f886ab0e813ad60a242be308f5941e79829a0d2debce,1d91a4e2de396fce01e10b137715ffdd4bb808401fdff10c76e42ff1038995d5,93556764
274,0.43218532996252179,0.0016462659696117043,2.9782381057739258,2,31011,30,35,6,0.0048681497573852539,5.9604644775390625e-08,0,0,0,4864.5296674221754,6702.3949579999999,14853725033129229845,126,27,3,5,5,3016753152,5584011264,244.14670863188803,4620.3829587902874,qualified-kernel-stage-token,2,rise-payload-sha256-merkle,2,fed58566caf6a669e9a47f042123c206dce427d4d402cf8f82dcb1f48844f341,0dff40275496dd3aaddbe51dc5ca98f04a1b3f5804397a81842c5ccf2fbc6c60,3f4b6d274fb4748be7435e61ffe165c22a8064399cc50d273c0ac66b06232178,93556764
275,0.4338315959321335,0.0016462659696117043,2.9715290069580078,2,30881,38,33,6,0.0096989870071411133,5.9604644775390625e-08,0,0,0,4041.6932902298868,5593.9311250000001,18279607779757526091,92,16,3,3,4,3016310784,5584011264,144.68549960292876,3897.007790626958,qualified-kernel-stage-token,2,rise-payload-sha256-merkle,2,fed58566caf6a669e9a47f042123c206dce427d4d402cf8f82dcb1f48844f341,43e396ae8823b4b8bb9c3dd19275c585a2473c1b85c5d2af1fb6747496e669e5,7a420c30c432b32b5ee596a2193001a1d9fb555eeea7311fe1235b89786d8e78,93556764
276,0.4354778619017452,0.0016462659696117043,3.0025093555450439,2,30881,38,33,6,0.0048176050186157227,5.9604644775390625e-08,0,0,0,5632.2291244287044,7728.6675420000001,16023113023708750829,144,30,5,7,4,3016998912,5584011264,270.37566667422652,5361.8534577544779,qualified-kernel-stage-token,2,rise-payload-sha256-merkle,2,fed58566caf6a669e9a47f042123c206dce427d4d402cf8f82dcb1f48844f341,c9a15b731d683c4bea5b5fed21629145b47897fd445ef7c3e8b6fa91fe24bcf0,8094c78e3ff6f9d6214e1365dab80d9928b7fafc26c3c883be6ae2238e816196,93556764
277,0.4371241278713569,0.0016462659696117043,2.9865403175354004,2,30881,38,33,6,0.009716033935546875,5.9604644775390625e-08,0,0,0,4074.8984143137932,5631.7456249999996,9424804452219714497,92,16,3,3,4,3016310784,5584011264,143.35658238269389,3931.5418319310993,qualified-kernel-stage-token,2,rise-payload-sha256-merkle,2,fed58566caf6a669e9a47f042123c206dce427d4d402cf8f82dcb1f48844f341,9df05ac2808d2aae164ae54b00e1412592ec51c694f8048f573f6761482f0399,ad6c69b9d121d607e9d8802f3174e82adad903897590cd2f74b6ae0ed7481336,93556764
278,0.43877039384096861,0.0016462659696117043,2.9993665218353271,2,30881,38,33,6,0.0048218965530395508,5.9604644775390625e-08,0,0,0,4245.3322093933821,5892.7149579999996,3355693725573854185,98,17,3,4,4,3016409088,5584011264,151.79549949243665,4093.5367099009454,qualified-kernel-stage-token,2,rise-payload-sha256-merkle,2,fed58566caf6a669e9a47f042123c206dce427d4d402cf8f82dcb1f48844f341,4ff905265f0eb1f6df464fa71517485b571b1ae915b96aea1877d298e3a95de2,872e026c52c93544f6455d69555937a91447d2974cba788668a31ddaeb0d1e77,93556764
279,0.44041665981058031,0.0016462659696117043,2.9683470726013184,2,30881,38,33,6,0.0096000432968139648,5.9604644775390625e-08,0,0,0,3593.7287490814924,4982.170709,3907467108454224267,80,14,2,2,4,3016114176,5584011264,132.79916578903794,3460.9295832924545,qualified-kernel-stage-token,2,rise-payload-sha256-merkle,2,fed58566caf6a669e9a47f042123c206dce427d4d402cf8f82dcb1f48844f341,86a75ecb58b80a5851051d3cc03d23aa256b5affe7095a281d853bc0a7969442,4ba7d0f9646140e93393484f4ff5c8a37ffc82f41df539dab8b09eedc35c5fee,93556764
280,0.44206292578019202,0.0016462659696117043,2.960526704788208,2,30881,38,33,6,0.0048905611038208008,5.9604644775390625e-08,0,0,0,3992.6402501296252,5548.9026670000003,7187264955767903249,92,16,3,3,4,3016310784,5584011264,143.78162380307913,3848.8586263265461,qualified-kernel-stage-token,2,rise-payload-sha256-merkle,2,fed58566caf6a669e9a47f042123c206dce427d4d402cf8f82dcb1f48844f341,7d0be0e4489fdf95de01e77e4cf0d812e31383606fc33844d4ff5fe4de3aaf45,f8151dc24e797008fc573a9b317010bb50ae2ab80c9bb26156d51424ba3fafc2,93556764
281,0.44370919174980372,0.0016462659696117043,2.9364018440246582,2,30742,37,31,6,0.0093655586242675781,5.9604644775390625e-08,0,0,0,3570.3070829622447,4951.1674169999997,9476464641054839619,80,14,2,2,4,3016114176,5584011264,125.61112572439015,3444.6959572378546,qualified-kernel-stage-token,2,rise-payload-sha256-merkle,2,fed58566caf6a669e9a47f042123c206dce427d4d402cf8f82dcb1f48844f341,611e573b66390002cb33209b8afe66c765ad662169d72b87416ee89f1a92b14a,6d0f966c03f35f21bf4ddb7238d27a81646dee8551cd24596f6c7514b7d0ed42,93556764
282,0.44535545771941543,0.0016462659696117043,3.0022194385528564,2,30736,31,31,6,0.0050451755523681641,5.9604644775390625e-08,0,0,0,4327.1279998589307,5993.5887089999997,12193410451203446413,114,25,3,4,4,3016458240,5584011264,225.70629138499498,4101.4217084739357,qualified-kernel-stage-token,2,rise-payload-sha256-merkle,2,fed58566caf6a669e9a47f042123c206dce427d4d402cf8f82dcb1f48844f341,c93e1c0104b164adf292561142b52a3e1dfa330e327ff77de34238715343fbd7,956d9bc8eafc69248991fa56ec065170724fbdd67bcfc77fc22cbd83a9df848b,93556764
283,0.44700172368902713,0.0016462659696117043,3.0409653186798096,2,30736,31,31,6,0.0090147256851196289,5.9604644775390625e-08,0,0,0,4010.5942911468446,5561.8770409999997,1117943171303358655,92,16,3,3,4,3016310784,5584011264,145.20516712218523,3865.3891240246594,qualified-kernel-stage-token,2,rise-payload-sha256-merkle,2,fed58566caf6a669e9a47f042123c206dce427d4d402cf8f82dcb1f48844f341,d37e55db4afbb45bbc13037822065579f2b353add383b40acb5ecc56e8848fd4,a18b2aed3316344dbe9aefa90f2ce6462d5925e50fb20f95389f27f78518a761,93556764
284,0.44864798965863883,0.0016462659696117043,3.0903468132019043,2,31156,37,37,6,0.0051628351211547852,5.9604644775390625e-08,0,0,0,4623.4682090580463,6384.430042,5644174199450377419,120,26,5,3,4,3016687616,5584011264,236.08433338813484,4387.3838756699115,qualified-kernel-stage-token,2,rise-payload-sha256-merkle,2,fed58566caf6a669e9a47f042123c206dce427d4d402cf8f82dcb1f48844f341,a1deed28cc479fb5557b00ec760a9dbe2c2f1ae0b15c86b06bac4d32432960e2,601e61e09108db181e9e20e2e99a6e8d004f657b1cb67a0e38d65c202661394c,93556764
285,0.45029425562825054,0.0016462659696117043,3.1153914928436279,2,31156,37,37,6,0.0086779594421386719,5.9604644775390625e-08,0,0,0,4042.5198767334223,5592.179459,4461131209617682447,92,16,3,3,4,3016310784,5584011264,144.38625029288232,3898.13362644054,qualified-kernel-stage-token,2,rise-payload-sha256-merkle,2,fed58566caf6a669e9a47f042123c206dce427d4d402cf8f82dcb1f48844f341,c1ccdcd84c1993ad73610376746e21a4764dfe7ff52f82442dc0d65064d7c731,77edd3ff40f6d6fad45c022173372bb74e6f01bf9cab5b16ea665cd646080829,93556764
286,0.45194052159786224,0.0016462659696117043,3.1450915336608887,2,31156,37,37,6,0.0052179098129272461,5.9604644775390625e-08,0,0,0,4265.3324988204986,5914.0028750000001,12796758274122394461,106,21,4,3,4,3016409088,5584011264,187.72941641509533,4077.6030824054033,qualified-kernel-stage-token,2,rise-payload-sha256-merkle,2,fed58566caf6a669e9a47f042123c206dce427d4d402cf8f82dcb1f48844f341,a17c1bac0e9031bba829b78891b4b52be2e624fdca8d09e6bce08d37512b4138,fd0d7baa4bf2d2d0d889833bb4d59adcb4578b2913ff23517a41c7edb88dbf25,93556764
287,0.45358678756747395,0.0016462659696117043,3.1455216407775879,2,31156,37,37,6,0.0083396434783935547,5.9604644775390625e-08,0,0,0,3614.920292282477,4993.9444999999996,12245222543412835693,80,14,2,2,4,3016114176,5584011264,126.17187504656613,3488.7484172359109,qualified-kernel-stage-token,2,rise-payload-sha256-merkle,2,fed58566caf6a669e9a47f042123c206dce427d4d402cf8f82dcb1f48844f341,40d718c5f53b7f566bf9658275aafaab3d044d7e0b9c43b30e51129ac7ebc649,c965ffc91db8dd6119df5b8b3fba8cbf7177841267fb12353db1461b0e0a4498,93556764
288,0.45523305353708565,0.0016462659696117043,3.1484596729278564,2,31156,37,37,6,0.0053172111511230469,5.9604644775390625e-08,0,0,0,4453.9563315920532,6107.5923329999996,242921199675920725,106,21,3,4,4,3016458240,5584011264,190.83012407645583,4263.1262075155973,qualified-kernel-stage-token,2,rise-payload-sha256-merkle,2,fed58566caf6a669e9a47f042123c206dce427d4d402cf8f82dcb1f48844f341,f528a2285913c6b3f7b809039137384f6cce8409bc1b9b8753c617dd3edcb6d6,7df3e880d1a742ea866f053b4f5348c09d219749ac8da5794335bf7218e91d5c,93556764
289,0.45687931950669736,0.0016462659696117043,3.1510045528411865,2,35772,30,35,7,0.0080635547637939453,5.9604644775390625e-08,0,0,0,3560.0606673397124,4939.5346250000002,17695988510708806151,80,14,2,2,4,3016114176,5584011264,125.61662448570132,3434.4440428540111,qualified-kernel-stage-token,2,rise-payload-sha256-merkle,2,fed58566caf6a669e9a47f042123c206dce427d4d402cf8f82dcb1f48844f341,66ce1a9e132b38f5f9c6ab5d27f01d1b6b2ec3451824392e4599d2e32fdec69d,4abaad3376c208d76d119296e33d5b6755e7bc6660139c845f690da7cce26b27,93556764
290,0.45852558547630906,0.0016462659696117043,3.1748561859130859,2,35642,38,33,7,0.0054031610488891602,5.9604644775390625e-08,0,0,0,4440.7936674542725,6107.524375,16935282779185174685,114,25,3,4,4,3016458240,5584011264,227.23295912146568,4213.5607083328068,qualified-kernel-stage-token,2,rise-payload-sha256-merkle,2,fed58566caf6a669e9a47f042123c206dce427d4d402cf8f82dcb1f48844f341,4f5f07eaec5e4264a92ebe1ad4100d635d2e04aa3e3aa1bf118fad3fffdcb690,2374ebfdc7af586bd121dd9e7c893097735ab66bcc94c963ee50283480294192,93556764
291,0.46017185144592077,0.0016462659696117043,3.1815204620361328,2,35642,38,33,7,0.0075744390487670898,5.9604644775390625e-08,0,0,0,3599.2200842592865,4987.3061669999997,10061474250827860077,80,14,2,2,4,3016114176,5584011264,126.97354145348072,3472.2465428058058,qualified-kernel-stage-token,2,rise-payload-sha256-merkle,2,fed58566caf6a669e9a47f042123c206dce427d4d402cf8f82dcb1f48844f341,17eb987b5a2adbc8656c5f3f8820692aff53280ee7dccdd37282e40abe37e81b,efe63df840f0e7171027a6b8ee4b3addecde04d2af9821f1fc54a2e5e7a0f2b3,93556764
292,0.46181811741553247,0.0016462659696117043,3.1871566772460938,2,35642,38,33,7,0.0055791139602661133,5.9604644775390625e-08,0,0,0,4963.308623759076,6802.9067080000004,2977922974083479245,126,27,4,4,5,3016704000,5584011264,244.51850051991642,4718.7901232391596,qualified-kernel-stage-token,2,rise-payload-sha256-merkle,2,fed58566caf6a669e9a47f042123c206dce427d4d402cf8f82dcb1f48844f341,36e09447d1dfbb8f23f4852adc13a31ce6d2acfdc33a50b32bcd5d3217d27e1d,0cf2fecc977e4c947f74452343a35a6ce94f0cabbdc10a97381a687f42a3a966,93556764
293,0.46346438338514417,0.0016462659696117043,3.1712141036987305,2,35642,38,33,7,0.0071710348129272461,5.9604644775390625e-08,0,0,0,3575.5991248879582,4955.189875,18400843563055067111,80,14,2,2,4,3016114176,5584011264,127.94854072853923,3447.6505841594189,qualified-kernel-stage-token,2,rise-payload-sha256-merkle,2,fed58566caf6a669e9a47f042123c206dce427d4d402cf8f82dcb1f48844f341,1f848cb51d569c44b368d375fe180ffe4c2c0619390022db11e0a846c0131c20,f2e92cb33bc009dc48d927118b4c9a4e6ef0fd6865219632966cadd24d2db7a7,93556764
294,0.46511064935475588,0.0016462659696117043,3.1518974304199219,2,35642,38,33,7,0.0056378841400146484,5.9604644775390625e-08,0,0,0,5002.3464171681553,6840.0685830000002,251561841261952531,126,27,4,4,5,3016654848,5584011264,244.14712539874017,4758.1992917694151,qualified-kernel-stage-token,2,rise-payload-sha256-merkle,2,fed58566caf6a669e9a47f042123c206dce427d4d402cf8f82dcb1f48844f341,9da299b50e3915404c046a7c664f62d3dadc3b40d4e8b7f79b7afe908596e897,fb7c736a89f56b2c0c35635d03c6ad8aa2028d97b64f453c122646bd6c0bbd2d,93556764
295,0.46675691532436758,0.0016462659696117043,3.1151149272918701,2,35642,38,33,7,0.0068053007125854492,5.9604644775390625e-08,0,0,0,3630.7926659937948,5017.7809589999997,14402357688344549343,80,14,2,2,4,3016114176,5584011264,128.09904152527452,3502.6936244685203,qualified-kernel-stage-token,2,rise-payload-sha256-merkle,2,fed58566caf6a669e9a47f042123c206dce427d4d402cf8f82dcb1f48844f341,49b60400186d41bf59d8689f471b30bc62fd8153bc91f4d28b775c0e2170b36c,b3d4958b53b18e41fad530b300dd4a13b44421ac887fc688e5916566672723e7,93556764
296,0.46840318129397929,0.0016462659696117043,3.0761337280273438,2,35642,38,33,7,0.0049842596054077148,5.9604644775390625e-08,0,0,0,4233.3894991315901,5815.6797079999997,7291732131192900663,108,24,4,2,4,3016310784,5584011264,216.89466689713299,4016.4948322344571,qualified-kernel-stage-token,2,rise-payload-sha256-merkle,2,fed58566caf6a669e9a47f042123c206dce427d4d402cf8f82dcb1f48844f341,f7cacb35039c1a9e3767165c16664ab64cc9dfbefe85936ea49c9d3bb910fecb,3450c48e93b38e041900ee6bf7b5360650ade569ebb01aa0872eb72ff0a42436,93556764
297,0.47004944726359099,0.0016462659696117043,3.127164363861084,2,40464,30,34,8,0.0062768459320068359,5.9604644775390625e-08,0,0,0,3605.4162490181625,4996.1755000000003,3776628491798374331,80,14,2,2,4,3016114176,5584011264,132.6538750436157,3472.7623739745468,qualified-kernel-stage-token,2,rise-payload-sha256-merkle,2,fed58566caf6a669e9a47f042123c206dce427d4d402cf8f82dcb1f48844f341,04599a66658e9675be7db6be825d775fd643a36fa88638e8dbe51e32bdb5f71b,00bc383134c42901b7b67c6c733af38217d20a1879ae42ead9cc0c804cd0259b,93556764
298,0.4716957132332027,0.0016462659696117043,3.1708557605743408,2,40464,30,34,8,0.0055290460586547852,5.9604644775390625e-08,0,0,0,4177.817499730736,5754.6681669999998,7578216366494050195,108,24,3,3,4,3016359936,5584011264,217.51912520267069,3960.2983745280653,qualified-kernel-stage-token,2,rise-payload-sha256-merkle,2,fed58566caf6a669e9a47f042123c206dce427d4d402cf8f82dcb1f48844f341,2e76920d8da639fe330123dca45b0d8b049a57a819423eef29f68b7e3f86d822,b2772224f488de1eebbe45d80f13e9d19b58a5229885a50f99ce8a048338dfbd,93556764
299,0.4733419792028144,0.0016462659696117043,3.2018105983734131,2,40464,30,34,8,0.0066508054733276367,5.9604644775390625e-08,0,0,0,3588.9927491080016,4969.1317499999996,8401632532748638135,80,14,2,2,4,3016114176,5584011264,127.76049925014377,3461.2322498578578,qualified-kernel-stage-token,2,rise-payload-sha256-merkle,2,fed58566caf6a669e9a47f042123c206dce427d4d402cf8f82dcb1f48844f341,1e411a52541d289c59afe66506e1ad9a87e2ae9cf947f80c522d411e1936ec49,ffd1cc52f7396092506b3c0e81520912a4d78bb89ab6dd225da05a3e5dfed99f,93556764
300,0.4749882451724261,0.0016462659696117043,3.2300100326538086,2,40744,34,38,8,0.0050599575042724609,5.9604644775390625e-08,0,0,0,3884.417874738574,5367.9391249999999,5855916092197987809,94,19,3,2,4,3016343552,5584011264,173.11724973842502,3711.300625000149,qualified-kernel-stage-token,2,rise-payload-sha256-merkle,2,fed58566caf6a669e9a47f042123c206dce427d4d402cf8f82dcb1f48844f341,186962c39aaceaee8789d018bfa0b206c809d7aa054e8ffd550704acda821ebc,009922b8124c1a916f2a05f7a827d1670668b2189231295682e63ba3003bef55,93556764
301,0.47663451114203781,0.0016462659696117043,3.2575442790985107,2,40533,30,35,8,0.0055061578750610352,5.9604644775390625e-08,0,0,0,3583.8134989608079,4965.2639589999999,13030299974908873379,80,14,2,2,4,3016114176,5584011264,125.78641530126333,3458.0270836595446,qualified-kernel-stage-token,2,rise-payload-sha256-merkle,2,fed58566caf6a669e9a47f042123c206dce427d4d402cf8f82dcb1f48844f341,8a422b2eb05a5b176c06c2d39fe8a01921136b61d6fb19c1013b032e8b9d61ca,6373b89183619470f4cf4a0b8b7ee1fe02c9b6c821f1608b08d243f2fc24acc4,93556764
302,0.47828077711164951,0.0016462659696117043,3.2867779731750488,2,40533,30,35,8,0.0050036907196044922,5.9604644775390625e-08,0,0,0,4425.2903312444687,6081.1879170000002,1406135656699887477,106,21,4,3,4,3016409088,5584011264,190.19174901768565,4235.098582226783,qualified-kernel-stage-token,2,rise-payload-sha256-merkle,2,fed58566caf6a669e9a47f042123c206dce427d4d402cf8f82dcb1f48844f341,733a2dcaf55521e7e888a78128ee763eb113dae9a3469e8489f1a7fbf854bc22,8473c7f863971443536e7a613812812d4514d086f5bdc7006fdf035bd08a1336,93556764
303,0.47992704308126122,0.0016462659696117043,3.3106417655944824,2,40403,38,33,8,0.0062581300735473633,5.9604644775390625e-08,0,0,0,3591.0400422289968,4971.313666,9635236957138225705,80,14,2,2,4,3016114176,5584011264,126.17308390326798,3464.8669583257288,qualified-kernel-stage-token,2,rise-payload-sha256-merkle,2,fed58566caf6a669e9a47f042123c206dce427d4d402cf8f82dcb1f48844f341,645ede2cf935f84a4e3bdcf0c1e9192f04352da530afd1fa3b1589ee3f8b0a0e,3cba9f732b5a98d670b801ea4e750a2b0dcd66a668672841ed041b4c67ad0992,93556764
304,0.48157330905087292,0.0016462659696117043,3.3317108154296875,2,40403,38,33,8,0.0045344829559326172,5.9604644775390625e-08,0,0,0,3818.1084191892296,5288.6032910000004,2073317026937852579,86,15,3,2,4,3016212480,5584011264,134.69812553375959,3683.41029365547,qualified-kernel-stage-token,2,rise-payload-sha256-merkle,2,fed58566caf6a669e9a47f042123c206dce427d4d402cf8f82dcb1f48844f341,1bb385dd62adabc095dfd1b4034f4e0bcb705984a55f4ee9e3f5db0669bc89ff,b1166b8d47253d38dd105728070c2c76225e63c5316324fd989967dfdd3ceae8,93556764
305,0.48321957502048463,0.0016462659696117043,3.3343634605407715,2,40403,38,33,8,0.0059434175491333008,5.9604644775390625e-08,0,0,0,4088.4637502022088,5639.9073749999998,8712543868527925793,92,16,3,3,4,3016310784,5584011264,145.12412482872605,3943.3396253734827,qualified-kernel-stage-token,2,rise-payload-sha256-merkle,2,fed58566caf6a669e9a47f042123c206dce427d4d402cf8f82dcb1f48844f341,72eeb28d3e94e727e283a345d2f44476cfecc1f88007d4820714bb163ae48e7f,e879dc6b4f5eec909b237623fce3b6af7520267df528ce9d9e53075cf5ddc58d,93556764
306,0.48486584099009633,0.0016462659696117043,3.3278861045837402,2,40403,38,33,8,0.0045038461685180664,5.9604644775390625e-08,0,0,0,3865.3321643359959,5331.2803329999997,10755392805053579995,86,15,2,3,4,3016212480,5584011264,135.01770747825503,3730.3144568577409,qualified-kernel-stage-token,2,rise-payload-sha256-merkle,2,fed58566caf6a669e9a47f042123c206dce427d4d402cf8f82dcb1f48844f341,b5e7a66ec013ea8895f6ac637c3c26a094a607651c846b457494467a011a61ad,df814fc7a2b9d5cad2b476fd61e7834d95bcef5a29e993f73c9d83a7babbec12,93556764
307,0.48651210695970803,0.0016462659696117043,3.306598424911499,2,40403,38,33,8,0.0053168535232543945,5.9604644775390625e-08,0,0,0,4101.4202511869371,5653.7497080000003,12490187795376621189,92,16,3,3,4,3016310784,5584011264,144.87812574952841,3956.5421254374087,qualified-kernel-stage-token,2,rise-payload-sha256-merkle,2,fed58566caf6a669e9a47f042123c206dce427d4d402cf8f82dcb1f48844f341,0b54ad35453eccc1f352557c12c873d4862bb73fcda92b437d7df541bd815823,fb05f1ce7e321a24644f4c74d8319856cd9cf377866a48f3592dedeae9b035f4,93556764
308,0.48815837292931974,0.0016462659696117043,3.2766392230987549,2,40403,38,33,8,0.0040756464004516602,5.9604644775390625e-08,0,0,0,3893.1603343226016,5375.2511249999998,613352736753350763,94,19,3,2,4,3016212480,5584011264,172.10866720415652,3721.051667118445,qualified-kernel-stage-token,2,rise-payload-sha256-merkle,2,fed58566caf6a669e9a47f042123c206dce427d4d402cf8f82dcb1f48844f341,cff25c8f65108b178f40ef098cdbd4c20960e0e74dee84009d710009e706b5bd,ddf8e3e61a642c37c3e92f779aeadb88754b8ac4e33b3e713ae5b2343cf6e73a,93556764
309,0.48980463889893144,0.0016462659696117043,3.2321107387542725,2,40403,38,33,8,0.005214691162109375,5.9604644775390625e-08,0,0,0,4167.0945424120873,5727.3618329999999,17172234814913719853,92,16,3,3,4,3016310784,5584011264,144.6800003759563,4022.414542036131,qualified-kernel-stage-token,2,rise-payload-sha256-merkle,2,fed58566caf6a669e9a47f042123c206dce427d4d402cf8f82dcb1f48844f341,fff76a70abf235c9da53c77c905489b8c435d7c44be25fbd4e3bba662b41c3da,f13c2a1d4fe044e54c411e275fd8bdb7f94037e8e845c608e549c8180e55ec0b,93556764
310,0.49145090486854315,0.0016462659696117043,3.2669494152069092,2,45225,30,34,9,0.0040328502655029297,5.9604644775390625e-08,0,0,0,3614.2116251867265,4993.0730000000003,6627699679310417277,80,14,2,2,4,3016114176,5584011264,125.34912442788482,3488.8625007588416,qualified-kernel-stage-token,2,rise-payload-sha256-merkle,2,fed58566caf6a669e9a47f042123c206dce427d4d402cf8f82dcb1f48844f341,787bef6aa0c5bc0c6315e94dc8598f708dba8b77c61b114e9ac38f6b4c1e2908,07372601bfaa8ee735584a279943b29447179cf4a4929f6de283893b2c54945f,93556764
311,0.49309717083815485,0.0016462659696117043,3.313159704208374,2,45225,30,34,9,0.0045249462127685547,5.9604644775390625e-08,0,0,0,3892.425125464797,5364.7946250000005,2298674609920111915,86,15,2,3,4,3016212480,5584011264,135.58412529528141,3756.8410001695156,qualified-kernel-stage-token,2,rise-payload-sha256-merkle,2,fed58566caf6a669e9a47f042123c206dce427d4d402cf8f82dcb1f48844f341,b9c0b338a9a77da41e45090ccf41626ef770c60bded8205149ab343e70302068,bbf66a858712235490769bb0280d6473d8a92e5347cf6fa756d01d2614286b59,93556764
312,0.49474343680776656,0.0016462659696117043,3.3513057231903076,2,45225,30,34,9,0.0039522647857666016,5.9604644775390625e-08,0,0,0,3617.9617091547698,4998.6554999999998,7872593359272389413,80,14,2,2,4,3016114176,5584011264,126.65770831517875,3491.304000839591,qualified-kernel-stage-token,2,rise-payload-sha256-merkle,2,fed58566caf6a669e9a47f042123c206dce427d4d402cf8f82dcb1f48844f341,1cd13357171025377179785a52646e2f5c869e819a81a24edebc5b73381ec97f,fd51289df5db9305681c897f8ceda76c5644a2a9ad43fb5a0285110e754dc966,93556764
313,0.49638970277737826,0.0016462659696117043,3.3838796615600586,2,45505,34,38,9,0.0044161081314086914,5.9604644775390625e-08,0,0,0,3681.5222506411374,5060.5960839999998,9338379830548641311,80,14,2,2,4,3016114176,5584011264,126.99241656810045,3554.5298340730369,qualified-kernel-stage-token,2,rise-payload-sha256-merkle,2,fed58566caf6a669e9a47f042123c206dce427d4d402cf8f82dcb1f48844f341,553ae4af8ed4e088377fa82af68c5204335946eb071547265d9e2429c725065c,4a5fad9f2c1d12c36a2d1d81956480decc464a80e0c6e54d59d5e6595224b6c6,93556764
314,0.49803596874698997,0.0016462659696117043,3.4072091579437256,2,45505,34,38,9,0.0039861202239990234,5.9604644775390625e-08,0,0,0,3714.3410835415125,5096.9968339999996,14226014435891346459,80,14,2,2,4,3016114176,5584011264,127.7451254427433,3586.5959580987692,qualified-kernel-stage-token,2,rise-payload-sha256-merkle,2,fed58566caf6a669e9a47f042123c206dce427d4d402cf8f82dcb1f48844f341,e829070ad708936e9cfd1e84cde9a37fa3cd1eb9226e021a908403f4eb8ca7af,099b2920ae7709ffa98f37719041d705b38a9d2219e0602862648bac97082142,93556764
315,0.49968223471660167,0.0016462659696117043,3.41802978515625,2,45505,34,38,9,0.0043441057205200195,5.9604644775390625e-08,0,0,0,3996.7096245381981,5462.9909589999997,7044271573576004987,86,15,2,3,4,3016212480,5584011264,136.02020777761936,3860.6894167605788,qualified-kernel-stage-token,2,rise-payload-sha256-merkle,2,fed58566caf6a669e9a47f042123c206dce427d4d402cf8f82dcb1f48844f341,bd18be0c30ee02cbd58ac95299847f42341f3f096aeb9f269544b5a239c79088,4068aec49b98be29086a2a6697c150e02a727779ed78580c20110f58b0d59358,93556764
316,0.50132850068621337,0.0016462659696117043,3.4360113143920898,2,45164,38,33,9,0.0039298534393310547,5.9604644775390625e-08,0,0,0,3712.3239180073142,5098.6010839999999,10015578159718267161,80,14,2,2,4,3016114176,5584011264,131.4532917458564,3580.8706262614578,qualified-kernel-stage-token,2,rise-payload-sha256-merkle,2,fed58566caf6a669e9a47f042123c206dce427d4d402cf8f82dcb1f48844f341,76cb58286f58051732a917e060c8bd8ceadfcd265a963b59a28634a7cadbc4c4,de70b84c42933f4e082a3e8cf977df9a0c516f446a3b4377013e048fd79ea3b8,93556764
317,0.50297476665582508,0.0016462659696117043,3.4556200504302979,2,45164,38,33,9,0.0042221546173095703,5.9604644775390625e-08,0,0,0,3740.1664978824556,5120.9386249999998,6773781189253268375,80,14,2,2,4,3016114176,5584011264,128.26124927960336,3611.9052486028522,qualified-kernel-stage-token,2,rise-payload-sha256-merkle,2,fed58566caf6a669e9a47f042123c206dce427d4d402cf8f82dcb1f48844f341,6c69a503a0f9e407fd154ddcfcc25d06daea333f4478e94c96347354eb1c9b19,f78b4d8ac09cab3566b79eb6dd6baa9e7de6043fba5c7e1aeda5de65170131f1,93556764
318,0.50462103262543678,0.0016462659696117043,3.4623532295227051,2,45164,38,33,9,0.0039764642715454102,5.9604644775390625e-08,0,0,0,3694.7539153043181,5106.6332910000001,16091893790618354095,80,14,2,2,4,3016245248,5584011264,126.45316636189818,3568.3007489424199,qualified-kernel-stage-token,2,rise-payload-sha256-merkle,2,fed58566caf6a669e9a47f042123c206dce427d4d402cf8f82dcb1f48844f341,28eefbd7ed0463f9c7b6fc5527460a844304aaa47377b684d9e6a5a9585a8ff7,4df3334a1f2c41a52a0d2f57225a7f57bad3cac5b54479a2754fca5d3cb3c217,93556764
319,0.50626729859504849,0.0016462659696117043,3.4535002708435059,2,45164,38,33,9,0.0041189193725585938,5.9604644775390625e-08,0,0,0,3656.4653320237994,5034.2614999999996,13096739431591318129,80,14,2,2,4,3016114176,5584011264,126.74162467010319,3529.7237073536962,qualified-kernel-stage-token,2,rise-payload-sha256-merkle,2,fed58566caf6a669e9a47f042123c206dce427d4d402cf8f82dcb1f48844f341,e05e0f438a470ca29a5ac6c9ff1c3c1d9499e0eec1dcf884c78d8f0181df0bc3,e385db08c710bd9cf159e2accef271622c5508c222622f91449e052068ca5628,93556764
320,0.50791356456466019,0.0016462659696117043,3.4302775859832764,2,45164,38,33,9,0.004025578498840332,5.9604644775390625e-08,0,0,0,3712.5053331255913,5092.4338749999997,7933602361646277235,80,14,2,2,4,3016114176,5584011264,127.90037482045591,3584.6049583051354,qualified-kernel-stage-token,2,rise-payload-sha256-merkle,2,fed58566caf6a669e9a47f042123c206dce427d4d402cf8f82dcb1f48844f341,dfe336904d204554d37226ffdeb1205e5a17774a750d342684f4c070a7a1bb23,2938fdeef3d07384a30723a16d4662b9b11a10fa0155a9f3f2cff1850dfad196,93556764
321,0.5095598305342719,0.0016462659696117043,3.3908658027648926,2,45164,38,33,9,0.0038467645645141602,5.9604644775390625e-08,0,0,0,3703.9268328808248,5083.3048330000001,7760507228943777855,80,14,2,2,4,3016114176,5584011264,125.64037460833788,3578.2864582724869,qualified-kernel-stage-token,2,rise-payload-sha256-merkle,2,fed58566caf6a669e9a47f042123c206dce427d4d402cf8f82dcb1f48844f341,61bb70e2324439bba18a5cc4ec30910019022f7de54b6ec0db45931795851a96,b39788b6143c5f6255cb711498b34305b4c3a3c8fe33ebfbc2ebc2d39d5b850a,93556764
322,0.5112060965038836,0.0016462659696117043,3.3834288120269775,2,49986,30,34,10,0.0037680864334106445,5.9604644775390625e-08,0,0,0,3728.6284158471972,5108.9502920000004,15327715852044127461,80,14,2,2,4,3016114176,5584011264,127.70016654394567,3600.9282493032515,qualified-kernel-stage-token,2,rise-payload-sha256-merkle,2,fed58566caf6a669e9a47f042123c206dce427d4d402cf8f82dcb1f48844f341,59692cd24f51419148458ded8d47e6afb96f5f85f100abc27810dee9772729dd,10f50adb492b4f8cb30419494a0ef467098ce2543d182589a600c014f3873193,93556764
323,0.5128523624734953,0.0016462659696117043,3.440117359161377,2,49986,30,34,10,0.0037282705307006836,5.9604644775390625e-08,0,0,0,3654.6459579840302,5033.9851669999998,3363169846699059399,80,14,2,2,4,3016114176,5584011264,127.13524978607893,3527.5107081979513,qualified-kernel-stage-token,2,rise-payload-sha256-merkle,2,fed58566caf6a669e9a47f042123c206dce427d4d402cf8f82dcb1f48844f341,b8824673f707a937cb362c4018f875ed4b529ad1d128092e4d539e681c4c8718,e928e06ee29471f9b737f18aa8aba2df7796e82421d4b318b266b49751c8f592,93556764
324,0.51449862844310701,0.0016462659696117043,3.4847464561462402,2,50266,34,38,10,0.0037022829055786133,5.9604644775390625e-08,0,0,0,3733.5727068129927,5113.5683339999996,17813926920513692225,80,14,2,2,4,3016114176,5584011264,126.98204116895795,3606.5906656440347,qualified-kernel-stage-token,2,rise-payload-sha256-merkle,2,fed58566caf6a669e9a47f042123c206dce427d4d402cf8f82dcb1f48844f341,736f638eed8dac9a5d5ff701e98a1630ebc3e91aa40778005fc2093eaa3d4140,6768aa744c491ba886d9af26f65cea0a024a9e03f577865831528c626aa9a1bb,93556764
325,0.51614489441271871,0.0016462659696117043,3.5250141620635986,2,50266,34,38,10,0.0037575960159301758,5.9604644775390625e-08,0,0,0,3786.6386228706688,5180.9629999999997,5272541888094396141,80,14,2,2,4,3016114176,5584011264,126.67995784431696,3659.9586650263518,qualified-kernel-stage-token,2,rise-payload-sha256-merkle,2,fed58566caf6a669e9a47f042123c206dce427d4d402cf8f82dcb1f48844f341,ee15f835930502426863accfb38482c7e22009867fcfbeae82804e34d1c29203,659bdc06490cd998678a6a0a542b191028e326ab7d7c6617da72e05f564bc730,93556764
326,0.51779116038233042,0.0016462659696117043,3.5542824268341064,2,50266,34,38,10,0.003910064697265625,5.9604644775390625e-08,0,0,0,4235.0255826022476,5789.5731249999999,11442260473101143677,92,16,3,3,4,3016310784,5584011264,144.40154121257365,4090.6240413896739,qualified-kernel-stage-token,2,rise-payload-sha256-merkle,2,fed58566caf6a669e9a47f042123c206dce427d4d402cf8f82dcb1f48844f341,b8f3bf7e8088ac10020d8d1c519348d97e82d06920febfce6321104ea8c02113,e6d90645d3e1a6c81626326c06e7be67032708d7f9460e98d9d892a5bffa4d9f,93556764
327,0.51943742635194212,0.0016462659696117043,3.5621128082275391,2,50266,34,38,10,0.0038962364196777344,5.9604644775390625e-08,0,0,0,3645.5711252056062,5025.7814170000001,359877924135457449,80,14,2,2,4,3016114176,5584011264,127.21016746945679,3518.3609577361494,qualified-kernel-stage-token,2,rise-payload-sha256-merkle,2,fed58566caf6a669e9a47f042123c206dce427d4d402cf8f82dcb1f48844f341,015e6d02a5fc3cbe5634e50d67c1813822a308511a0e6b2445a079c479b5bae0,d91c7f441ad0592c3ca07c8e55129766d496e706a5194ecf48d12d68d1682a2c,93556764
328,0.52108369232155383,0.0016462659696117043,3.5585842132568359,2,50266,34,38,10,0.0037629604339599609,5.9604644775390625e-08,0,0,0,3732.4298326857388,5113.9918340000004,12116628130215227137,80,14,2,2,4,3016114176,5584011264,129.51975013129413,3602.9100825544447,qualified-kernel-stage-token,2,rise-payload-sha256-merkle,2,fed58566caf6a669e9a47f042123c206dce427d4d402cf8f82dcb1f48844f341,9a47329b18817f39177e946e1e8f31312ac1b73093b6f386e5b78a097cf2c886,b4aa95aea8dc20ce7ec0792e3cf7bf1cef7bf68d7cb0a8183d72df0e547ade8c,93556764
329,0.52272995829116553,0.0016462659696117043,3.5654842853546143,2,49925,38,33,10,0.0037205219268798828,5.9604644775390625e-08,0,0,0,3758.7109992746264,5137.6762079999999,8067684344517481499,80,14,2,2,4,3016114176,5584011264,126.19900004938245,3632.5119992252439,qualified-kernel-stage-token,2,rise-payload-sha256-merkle,2,fed58566caf6a669e9a47f042123c206dce427d4d402cf8f82dcb1f48844f341,5182144a4dfe71c6b3e4769948a35ec6d7f32ba0e082ce0c22b4fa5c5734eabe,f911445ce768a7eae04040221808a5f1d610a5f96cae14cde701a4dc8b4ea153,93556764
330,0.52437622426077724,0.0016462659696117043,3.5808670520782471,2,49925,38,33,10,0.0037087202072143555,5.9604644775390625e-08,0,0,0,4271.6451657470316,5827.9407920000003,8084533062143068155,92,16,3,3,4,3016310784,5584011264,145.66566655412316,4125.9794991929084,qualified-kernel-stage-token,2,rise-payload-sha256-merkle,2,fed58566caf6a669e9a47f042123c206dce427d4d402cf8f82dcb1f48844f341,245965c0e09f47513f4d82eb803b4e5f1cb07ce44967d55e9bfa0df1c82d510f,6f8223d8c4623368ec160308bcfe9b7df4f971a2b97546872d5ad5667771da1c,93556764
331,0.52602249023038894,0.0016462659696117043,3.5772645473480225,2,49925,38,33,10,0.003765106201171875,5.9604644775390625e-08,0,0,0,3743.4478341601789,5126.8022920000003,10004797855208352197,80,14,2,2,4,3016114176,5584011264,127.31479178182781,3616.1330423783511,qualified-kernel-stage-token,2,rise-payload-sha256-merkle,2,fed58566caf6a669e9a47f042123c206dce427d4d402cf8f82dcb1f48844f341,1f25ff931b9716a76d2ed7c300e04cd564e18ed7b6790874de5d39ba1da7ee49,3e022e8e63751a3fcefc517ef11876232d00472ce34fe30426ba7e267a3166ab,93556764
332,0.52766875620000064,0.0016462659696117043,3.558452844619751,2,49925,38,33,10,0.0037785768508911133,5.9604644775390625e-08,0,0,0,3727.8160424903035,5111.6909999999998,11260412106250347515,80,14,2,2,4,3016114176,5584011264,127.768958453089,3600.0470840372145,qualified-kernel-stage-token,2,rise-payload-sha256-merkle,2,fed58566caf6a669e9a47f042123c206dce427d4d402cf8f82dcb1f48844f341,e98a9a7557e4f53c40ce98ff939ee24df6859a9ad65b5061a037c9f7bf9d3541,a419cbffdf9f47d11b961df58bdfdc5b9be341f8459bd5113b116b18a49ce680,93556764
333,0.52931502216961235,0.0016462659696117043,3.5233194828033447,2,49925,38,33,10,0.0038049221038818359,5.9604644775390625e-08,0,0,0,3681.2231258954853,5063.1899999999996,12023342331155527585,80,14,2,2,4,3016114176,5584011264,127.41899979300797,3553.8041261024773,qualified-kernel-stage-token,2,rise-payload-sha256-merkle,2,fed58566caf6a669e9a47f042123c206dce427d4d402cf8f82dcb1f48844f341,4739f84b6ab423c9e4dbc1825e1140db5ac36d171a0ffecaa76fdc92223b7a76,fc422f2cc21570ec0a157a00c72116c159614a346b83c434a978f2b015ba4b5d,93556764
334,0.53096128813922405,0.0016462659696117043,3.543712854385376,2,54747,30,34,11,0.0038175582885742188,5.9604644775390625e-08,0,0,0,3668.2952928822488,5048.4481669999996,5850901043811477907,80,14,2,2,4,3016114176,5584011264,125.90433261357248,3542.3909602686763,qualified-kernel-stage-token,2,rise-payload-sha256-merkle,2,fed58566caf6a669e9a47f042123c206dce427d4d402cf8f82dcb1f48844f341,603aab67ab0a45f7d115ad496ba73ca6397623c940fea72bb1ce462cee277252,f07bf2840fe3d95172445531882b0aae6e976fa3d610528a30fe1d238de28096,93556764
335,0.53260755410883576,0.0016462659696117043,3.6074223518371582,2,55027,34,38,11,0.0038399696350097656,5.9604644775390625e-08,0,0,0,3727.7125422842801,5120.2311250000002,14504872584031414819,80,14,2,2,4,3016114176,5584011264,128.96183459088206,3598.750707693398,qualified-kernel-stage-token,2,rise-payload-sha256-merkle,2,fed58566caf6a669e9a47f042123c206dce427d4d402cf8f82dcb1f48844f341,61299b1773f0b3864905bb5d324bb1d3698f7bf6daa35f8b6d44e85fe00af91a,f3cfc00cc3d32b8a3b8082c4fb38e8c64ffb6571732642b846a287e4f1b2addd,93556764
336,0.53425382007844746,0.0016462659696117043,3.661407470703125,2,55027,34,38,11,0.0038597583770751953,5.9604644775390625e-08,0,0,0,3669.406499247998,5051.8390410000002,5792811756146567833,80,14,2,2,4,3016114176,5584011264,126.12641602754593,3543.2800832204521,qualified-kernel-stage-token,2,rise-payload-sha256-merkle,2,fed58566caf6a669e9a47f042123c206dce427d4d402cf8f82dcb1f48844f341,2fb97903742e9d22c57f562555b65f35dfb743104a7ab98694bebe26044ac6be,38b545003ba8976f57220f90bdbf21dcabe27de0ac35e8c621a2fd519334e368,93556764
337,0.53590008604805917,0.0016462659696117043,3.6985652446746826,2,55027,34,38,11,0.0038650035858154297,5.9604644775390625e-08,0,0,0,3749.1410016082227,5140.2688330000001,11003787304611344239,80,14,2,2,4,3016245248,5584011264,125.44187577441335,3623.6991258338094,qualified-kernel-stage-token,2,rise-payload-sha256-merkle,2,fed58566caf6a669e9a47f042123c206dce427d4d402cf8f82dcb1f48844f341,15342526ceb0876587d631eb48d931a26c4c4a225bb0d25dff70da01b85d0d0a,514ee84760b2dd0b488726c2e74e5fac017a6cabe0b3b6c017bbff122d5b3b95,93556764
338,0.53754635201767087,0.0016462659696117043,3.7196881771087646,2,55027,34,38,11,0.0039252042770385742,5.9604644775390625e-08,0,0,0,4043.5202498920262,5511.8000419999998,11440552604466514845,86,15,2,3,4,3016212480,5584011264,137.69562519155443,3905.8246247004718,qualified-kernel-stage-token,2,rise-payload-sha256-merkle,2,fed58566caf6a669e9a47f042123c206dce427d4d402cf8f82dcb1f48844f341,38a88c443745b4ca2334ed57040379a6644e81fc642eacd3a0956c59259e4005,dd643f0c6b7f440f6a1a94d029425bb0569142db8d2f12b31bc026b2b1548dd4,93556764
339,0.53919261798728257,0.0016462659696117043,3.7254021167755127,2,55027,34,38,11,0.0040165185928344727,5.9604644775390625e-08,0,0,0,4362.5947937835008,5915.9457499999999,18225512303190539957,92,16,3,3,4,3016310784,5584011264,143.49520881660283,4219.099584966898,qualified-kernel-stage-token,2,rise-payload-sha256-merkle,2,fed58566caf6a669e9a47f042123c206dce427d4d402cf8f82dcb1f48844f341,973c88f6891a35a6d3e4de19aab2a21944b899bacb4147284582c717a61a3f2b,fcf7eeba559f591db682d47c17c12db3b495bc0dc7bb7d6b4b38d757454e5a00,93556764
340,0.54083888395689428,0.0016462659696117043,3.7060084342956543,2,55027,34,38,11,0.0041220188140869141,5.9604644775390625e-08,0,0,0,4136.615292634815,5608.0495000000001,12722877711889384927,86,15,2,3,4,3016261632,5584011264,136.69095886871219,3999.9243337661028,qualified-kernel-stage-token,2,rise-payload-sha256-merkle,2,fed58566caf6a669e9a47f042123c206dce427d4d402cf8f82dcb1f48844f341,77f75d86746e1c8badbf8a5eabc946b1bc5dbc854c81e60b3b49bb945f19a4c4,c5d2534ef6df3fdf3d718eb9ae20b7ae80d3c4f03b4724d8241559b8e3755e69,93556764
341,0.54248514992650598,0.0016462659696117043,3.6930344104766846,2,54686,38,33,11,0.0042070150375366211,5.9604644775390625e-08,0,0,0,4054.6682081185281,5523.4290419999998,3927445672577918925,86,15,2,3,4,3016212480,5584011264,136.55545865185559,3918.1127494666725,qualified-kernel-stage-token,2,rise-payload-sha256-merkle,2,fed58566caf6a669e9a47f042123c206dce427d4d402cf8f82dcb1f48844f341,3122a694a8a394aeba1a011ecd41fb0717a6bd3ad091f7eb0f03aaab60df9bc9,78b434a6ba01015ad2390228542492d0ee841a55f5d269bb5fb64d451a4b6158,93556764
342,0.54413141589611769,0.0016462659696117043,3.7099959850311279,2,54686,38,33,11,0.004208683967590332,5.9604644775390625e-08,0,0,0,3857.72549896501,5240.0263750000004,8540445631414757717,80,14,2,2,4,3016114176,5584011264,126.69191602617502,3731.033582938835,qualified-kernel-stage-token,2,rise-payload-sha256-merkle,2,fed58566caf6a669e9a47f042123c206dce427d4d402cf8f82dcb1f48844f341,e9e5ab5c5692ee01f0eee1a533d0ded5a443388353cc50fa5e4ae500ed92a970,3ef2027d4874283d19ea3c5529c19284726400c5f8216dba4073ceddf0ee3df2,93556764
343,0.54577768186572939,0.0016462659696117043,3.7061765193939209,2,54686,38,33,11,0.0040144920349121094,5.9604644775390625e-08,0,0,0,3764.434959506616,5145.1154589999996,15802850708948698705,80,14,2,2,4,3016114176,5584011264,127.07462580874562,3637.3603336978704,qualified-kernel-stage-token,2,rise-payload-sha256-merkle,2,fed58566caf6a669e9a47f042123c206dce427d4d402cf8f82dcb1f48844f341,293a98ee3cb567846c573b480115d2a338f07bd5169c0d7420717ac299771937,067958cf076dca166c67d0930802a92b9f9c5dd5efe1d283aa688fdb04ef4d6f,93556764
344,0.5474239478353411,0.0016462659696117043,3.6801774501800537,2,54686,38,33,11,0.0038956403732299805,5.9604644775390625e-08,0,0,0,3733.6655836552382,5120.2379170000004,10388120200135848429,80,14,2,2,4,3016114176,5584011264,127.09795753471553,3606.5676261205226,qualified-kernel-stage-token,2,rise-payload-sha256-merkle,2,fed58566caf6a669e9a47f042123c206dce427d4d402cf8f82dcb1f48844f341,424d381dba2304689ea1667f5e3fbb0b06603ab38f16af539078deebcc6117bf,1a614bbbeddd68b11fbb108ea982f71863ccd6d8092741be15ed96c0d7df6290,93556764
345,0.5490702138049528,0.0016462659696117043,3.6928675174713135,2,59788,34,38,12,0.0039889812469482422,5.9604644775390625e-08,0,0,0,3765.7732905354351,5145.7026249999999,7125604064352892649,80,14,2,2,4,3016114176,5584011264,127.68329167738557,3638.0899988580495,qualified-kernel-stage-token,2,rise-payload-sha256-merkle,2,fed58566caf6a669e9a47f042123c206dce427d4d402cf8f82dcb1f48844f341,220847f24833a4d1a0708f117d94c4facd5f696fbbfedf2157f957e06ad8a242,5dbb23d3b0875c7a0b3f3fa2926de8b6b5ac54760c9512999e6cb11811a85af0,93556764
346,0.5507164797745645,0.0016462659696117043,3.7725551128387451,2,59788,34,38,12,0.0039459466934204102,5.9604644775390625e-08,0,0,0,4046.8383750412613,5523.7578329999997,3179515712623177835,86,15,2,3,4,3016212480,5584011264,135.49262471497059,3911.3457503262907,qualified-kernel-stage-token,2,rise-payload-sha256-merkle,2,fed58566caf6a669e9a47f042123c206dce427d4d402cf8f82dcb1f48844f341,a979bf4e420e91e8ae6a5e97d08fe7d379c65c1c80b9344efeb4536792479b54,85c83f561379f5544e82c279f83c55108849580c70489ee17f584283504ca0a5,93556764
347,0.55236274574417621,0.0016462659696117043,3.8369240760803223,2,59788,34,38,12,0.0039445161819458008,5.9604644775390625e-08,0,0,0,3815.3485837392509,5196.7887499999997,15168287377014822319,80,14,2,2,4,3016114176,5584011264,127.32879212126136,3688.0197916179895,qualified-kernel-stage-token,2,rise-payload-sha256-merkle,2,fed58566caf6a669e9a47f042123c206dce427d4d402cf8f82dcb1f48844f341,84ab92e9a1a7c49082e2b6a52b6f40db6d53f2f25f07e54ddeea54decf9d2fba,d8fe7b37f728aae507522634770e230fe24f9925ac47daf915041101fb251d26,93556764
348,0.55400901171378791,0.0016462659696117043,3.880943775177002,2,59788,34,38,12,0.0039570331573486328,5.9604644775390625e-08,0,0,0,3791.9734171591699,5174.6852500000005,5295763517596043489,80,14,2,2,4,3016114176,5584011264,126.12691684626043,3665.8465003129095,qualified-kernel-stage-token,2,rise-payload-sha256-merkle,2,fed58566caf6a669e9a47f042123c206dce427d4d402cf8f82dcb1f48844f341,287728bcbd304ed641ae2ea1b08216ed4a44db64abe431441465e80494872675,6b4c745133d3081a640b8a7cbb9886f4d7837b80327517c5eed38d8dcd13ce0c,93556764
349,0.55565527768339962,0.0016462659696117043,3.9041116237640381,2,59788,34,38,12,0.0039545297622680664,5.9604644775390625e-08,0,0,0,3794.5487494580448,5178.0951249999998,16985485484443110385,80,14,2,2,4,3016114176,5584011264,125.81370864063501,3668.7350408174098,qualified-kernel-stage-token,2,rise-payload-sha256-merkle,2,fed58566caf6a669e9a47f042123c206dce427d4d402cf8f82dcb1f48844f341,996e62f7655aaa953574cb5bdb409b4cfcd682f4281075f97fc77f64da5a65df,d74992c32c24daec5fdfc5a942a73c26ba98bd27682fc082c522575a1b9a4cb9,93556764
350,0.55730154365301132,0.0016462659696117043,3.9092459678649902,2,59788,34,38,12,0.0039538145065307617,5.9604644775390625e-08,0,0,0,4066.1197500303388,5536.8966250000003,4806862327088839275,86,15,2,3,4,3016212480,5584011264,134.66004165820777,3931.459708372131,qualified-kernel-stage-token,2,rise-payload-sha256-merkle,2,fed58566caf6a669e9a47f042123c206dce427d4d402cf8f82dcb1f48844f341,09fc9a829aca26c8d6c4996e5f28c6cd7fd187ba9eb5e306d6ffb55e00f7c30d,d797ae1e6f6ab63df39a677a7a03dfc87e2334fe3534d4d14b5fd2aecd1628ce,93556764
351,0.55894780962262303,0.0016462659696117043,3.8937356472015381,2,59788,34,38,12,0.0039235353469848633,5.9604644775390625e-08,0,0,0,3780.5466253776103,5161.9987499999997,4739793017369658439,80,14,2,2,4,3016114176,5584011264,126.65145844221115,3653.8951669353992,qualified-kernel-stage-token,2,rise-payload-sha256-merkle,2,fed58566caf6a669e9a47f042123c206dce427d4d402cf8f82dcb1f48844f341,7a6bddf9d0f3c433b08ee6645a6b76db94b5b431b14b725e08d92388b6536e2e,83681f55b99c1e5b73d92ab3b43f2c787675b16cb6e5b3391bfed5246a6c594c,93556764
352,0.56059407559223473,0.0016462659696117043,3.850367546081543,2,59788,34,38,12,0.0039130449295043945,5.9604644775390625e-08,0,0,0,3832.5705842580646,5217.01325,15288016790751829347,80,14,2,2,4,3016114176,5584011264,126.52654177509248,3706.0440424829721,qualified-kernel-stage-token,2,rise-payload-sha256-merkle,2,fed58566caf6a669e9a47f042123c206dce427d4d402cf8f82dcb1f48844f341,c876ec136d3728f8c1e90450e952406fa11c02520e8eb9bc770b8f842ca2cecb,49e42c71cd431750256ad533a8cdd9a53066179ea7cad9ead23728024fddd562,93556764
353,0.56224034156184644,0.0016462659696117043,3.8373653888702393,2,59447,38,33,12,0.0038783550262451172,5.9604644775390625e-08,0,0,0,4353.9377090055496,5909.7347909999999,7944198173560636045,92,16,3,3,4,3016310784,5584011264,145.02920839004219,4208.9085006155074,qualified-kernel-stage-token,2,rise-payload-sha256-merkle,2,fed58566caf6a669e9a47f042123c206dce427d4d402cf8f82dcb1f48844f341,7438d39c5ca8a399f874dcf32229ef3dfcbf6a3f91c6297a5c11a3b9be00947d,932a1205dcf0eb045d0e7e862de36ebb436f1eaad4cdb579f6e6a0cf8ac6632a,93556764
354,0.56388660753145814,0.0016462659696117043,3.8396661281585693,2,59447,38,33,12,0.0038700103759765625,5.9604644775390625e-08,0,0,0,4046.5632081031799,5517.0545419999999,4777246784855027649,86,15,2,3,4,3016212480,5584011264,141.49349927902222,3905.0697088241577,qualified-kernel-stage-token,2,rise-payload-sha256-merkle,2,fed58566caf6a669e9a47f042123c206dce427d4d402cf8f82dcb1f48844f341,af9f7cee16d5aeb3b49e9135f22f44563324ec0187ad98e35122e4489ddad575,445ad48aa3b9af24dcfcb0c84dc14e6c7235cc0c4fa0bb086445e2589ffc230c,93556764
355,0.56553287350106984,0.0016462659696117043,3.8213238716125488,2,59447,38,33,12,0.0038734674453735352,5.9604644775390625e-08,0,0,0,3820.4942480660975,5207.603333,17093676535672505151,80,14,2,2,4,3016245248,5584011264,126.19687430560589,3694.2973737604916,qualified-kernel-stage-token,2,rise-payload-sha256-merkle,2,fed58566caf6a669e9a47f042123c206dce427d4d402cf8f82dcb1f48844f341,f0e7bfaa6c0a0f193f2dc589dd180fe4c65c489a5bba95b25922d38e62fced26,6489dfba5e660fa723bbf2f2ccc96bda9cd961fb6c2a48ae2557fddbfc15c43a,93556764
356,0.56717913947068155,0.0016462659696117043,3.9117329120635986,2,64549,34,38,13,0.0039322376251220703,5.9604644775390625e-08,0,0,0,4339.8938318714499,5893.7560000000003,11943864764175458925,92,16,3,3,4,3016359936,5584011264,143.80012592300773,4196.0937059484422,qualified-kernel-stage-token,2,rise-payload-sha256-merkle,2,fed58566caf6a669e9a47f042123c206dce427d4d402cf8f82dcb1f48844f341,1cf97106cef4d565ab561327619eeff9aeedcbea068562fb5b36143eae13f391,d9636d1c0b465760e8a337f7dff68cea70a46c2c1df8d60f10ec84c2ec18fbdb,93556764
357,0.56882540544029325,0.0016462659696117043,3.9977433681488037,2,64549,34,38,13,0.0045145750045776367,5.9604644775390625e-08,0,0,0,3756.6468338482082,5139.3909169999997,8210342943344387555,80,14,2,2,4,3016114176,5584011264,126.83633319102228,3629.8105006571859,qualified-kernel-stage-token,2,rise-payload-sha256-merkle,2,fed58566caf6a669e9a47f042123c206dce427d4d402cf8f82dcb1f48844f341,908a4d5a09dee206bab0b99faa0bc06e659434051e6461796349bc5210ad20ea,5aa5953afc66cf7139691f791e8c85bc8f1cad2883822e6b6931c77b9ea195f8,93556764
358,0.57047167140990496,0.0016462659696117043,4.0576801300048828,2,64549,34,38,13,0.005124211311340332,5.9604644775390625e-08,0,0,0,4366.4632495492697,5922.0953749999999,7536410958945797571,92,16,3,3,4,3016310784,5584011264,145.44645883142948,4221.0167907178402,qualified-kernel-stage-token,2,rise-payload-sha256-merkle,2,fed58566caf6a669e9a47f042123c206dce427d4d402cf8f82dcb1f48844f341,246ec1f8bc7d2207dad3064bfe20b45d5e41e620b1659292dcd5fed0792b2333,c0837d92ee6432bef0865b6fcf58979699456cb494cc5bd4e169034109fe758f,93556764
359,0.57211793737951666,0.0016462659696117043,4.0936269760131836,2,64549,34,38,13,0.0054274797439575195,5.9604644775390625e-08,0,0,0,3811.9509583339095,5202.4579590000003,17906116495399863171,80,14,2,2,4,3016163328,5584011264,128.26570821925998,3683.6852501146495,qualified-kernel-stage-token,2,rise-payload-sha256-merkle,2,fed58566caf6a669e9a47f042123c206dce427d4d402cf8f82dcb1f48844f341,aaf68890542b6caaeb4baa2cbcecafdff5e86eb6969a800f3c14878b71032270,1504cd6f1f54ba82a64f1f29e4f8594fdeea891401095255e2f5139736b3cf42,93556764
360,0.57376420334912837,0.0016462659696117043,4.1105775833129883,2,64549,34,38,13,0.005694270133972168,5.9604644775390625e-08,0,0,0,4362.8834593109787,5916.9924579999997,2796595149604731971,92,16,3,3,4,3016310784,5584011264,143.91975081525743,4218.9637084957212,qualified-kernel-stage-token,2,rise-payload-sha256-merkle,2,fed58566caf6a669e9a47f042123c206dce427d4d402cf8f82dcb1f48844f341,dbb349010b0573cc4624d4f6da737ab0b3b7355a97de2906249f7b423547933c,b7ad526edec66828587bc83e21d710bbe809045ad0fcff89c1e111632fec3fdf,93556764
361,0.57541046931874007,0.0016462659696117043,4.1012153625488281,2,64549,34,38,13,0.0058799982070922852,5.9604644775390625e-08,0,0,0,4053.0087889637798,5519.5897500000001,5957166999135487343,86,15,2,3,4,3016212480,5584011264,135.69191633723676,3917.316872626543,qualified-kernel-stage-token,2,rise-payload-sha256-merkle,2,fed58566caf6a669e9a47f042123c206dce427d4d402cf8f82dcb1f48844f341,4e77e821589a017ec2777d5b42d110f37a84c64912556eb00b3b12694edb6f73,8ce0330ecefc4d5e7a41520c043c8ee08a3192184621cd19e816cac7a6db6806,93556764
362,0.57705673528835177,0.0016462659696117043,4.070281982421875,2,64549,34,38,13,0.0057681798934936523,5.9604644775390625e-08,0,0,0,4701.3428346253932,6371.518,13927793989334852077,114,25,3,4,4,3016409088,5584011264,225.89687537401915,4475.445959251374,qualified-kernel-stage-token,2,rise-payload-sha256-merkle,2,fed58566caf6a669e9a47f042123c206dce427d4d402cf8f82dcb1f48844f341,1f66be6de8146e0c8492980776f29738e6654f6914d684beebe82a5106d68d87,25fcfe7b5df6a5edda63c6a3ccdea608da5403bda0bff3621a2efbcb722b6f2d,93556764
363,0.57870300125796348,0.0016462659696117043,4.0114212036132812,2,64549,34,38,13,0.0054520368576049805,5.9604644775390625e-08,0,0,0,3862.1764562558383,5242.3018750000001,7501942289430200727,80,14,2,2,4,3016114176,5584011264,127.66841589473188,3734.5080403611064,qualified-kernel-stage-token,2,rise-payload-sha256-merkle,2,fed58566caf6a669e9a47f042123c206dce427d4d402cf8f82dcb1f48844f341,0360dea4b6b3199e0ce169ed5d3a55a6bce7f5a6fa698193d666bb662b45468d,61c26a7d09427e467a64408a1774cbe7a0e33e800910fc9b5e72bd0efcd3ad8a,93556764
364,0.58034926722757518,0.0016462659696117043,3.9596765041351318,2,64208,38,33,13,0.0046570301055908203,5.9604644775390625e-08,0,0,0,4405.8803329244256,5976.4683340000001,1445799399547813441,100,20,3,3,4,3016359936,5584011264,181.77650007419288,4224.1038328502327,qualified-kernel-stage-token,2,rise-payload-sha256-merkle,2,fed58566caf6a669e9a47f042123c206dce427d4d402cf8f82dcb1f48844f341,37e13e97bba39493fdea309c377054395396944218c60760b27cafdcfee62fb1,08883641952b13c60855d0e3088c991208b7bdb857b21484e45ae9e8d04d3cd0,93556764
365,0.58199553319718689,0.0016462659696117043,3.956895112991333,2,64208,38,33,13,0.0035998821258544922,5.9604644775390625e-08,0,0,0,3838.2101254537702,5217.6327920000003,9950201087788014133,80,14,2,2,4,3016114176,5584011264,127.72841705009341,3710.4817084036767,qualified-kernel-stage-token,2,rise-payload-sha256-merkle,2,fed58566caf6a669e9a47f042123c206dce427d4d402cf8f82dcb1f48844f341,0d25e63096be4d3be4225fb4220c3d579054176590f400030de8c18d89d8b966,e804e7319e11a712416d8b87d8c88fd11b1ff2c9d32dfe50172d58b7efbe3d43,93556764
366,0.58364179916679859,0.0016462659696117043,4.0640263557434082,2,69310,34,38,14,0.0034099817276000977,5.9604644775390625e-08,0,0,0,4791.4439162705094,6458.0445419999996,7721801109548214183,114,25,3,4,4,3016409088,5584011264,226.76125122234225,4564.6826650481671,qualified-kernel-stage-token,2,rise-payload-sha256-merkle,2,fed58566caf6a669e9a47f042123c206dce427d4d402cf8f82dcb1f48844f341,8f72ed55c10f4c0cdc1be69b753533f1e7085853b2fc8905d67d2235897b8bd8,061a587467144d9361bd87797568bb214e355c433295b0b45042b2b0cb50c154,93556764
367,0.5852880651364103,0.0016462659696117043,4.1623711585998535,2,69310,34,38,14,0.0034682750701904297,5.9604644775390625e-08,0,0,0,3873.6292503308505,5253.8088749999997,16751662935085308753,80,14,2,2,4,3016114176,5584011264,128.88162583112717,3744.7476244997233,qualified-kernel-stage-token,2,rise-payload-sha256-merkle,2,fed58566caf6a669e9a47f042123c206dce427d4d402cf8f82dcb1f48844f341,c54c03c2792db26e3d91d888e7c10cbf3e45786357400f4903f4ee67b5f10b6f,9905489373e529e6f708a26b2a2e0fd5130dc4d9b0d478dd3ebb21300702d28b,93556764
368,0.586934331106022,0.0016462659696117043,4.2390203475952148,2,69310,34,38,14,0.0032995939254760742,5.9604644775390625e-08,0,0,0,4776.7610009759665,6442.2371670000002,412129476865881553,114,25,4,3,4,3016458240,5584011264,226.25087480992079,4550.5101261660457,qualified-kernel-stage-token,2,rise-payload-sha256-merkle,2,fed58566caf6a669e9a47f042123c206dce427d4d402cf8f82dcb1f48844f341,6e90d8e6f735518765b09b1b2ca10e303f0636b12cbd193855b8335f2bc8d0d9,2722258ebf364b6df8b7e991503e0b980b6e166c12c6d112e4a0f3275df7fcfc,93556764
369,0.5885805970756337,0.0016462659696117043,4.2832717895507812,2,69310,34,38,14,0.0034292936325073242,5.9604644775390625e-08,0,0,0,3869.1784583497792,5250.9730419999996,12614216059971780293,80,14,2,2,4,3016114176,5584011264,127.68724979832768,3741.4912085514516,qualified-kernel-stage-token,2,rise-payload-sha256-merkle,2,fed58566caf6a669e9a47f042123c206dce427d4d402cf8f82dcb1f48844f341,26523c5f11f0d11424c62d54a15d7ac5abca999544653b8799b4c86b44ea3617,c6ba4a396f9b9bc9a057e9650b202d7c931a10a5445d1b3230f6d0c2f4bed3b6,93556764
370,0.59022686304524541,0.0016462659696117043,4.3067946434020996,2,69310,34,38,14,0.0034139156341552734,5.9604644775390625e-08,0,0,0,4691.7725407984108,6355.7504589999999,7643349292164588589,106,21,4,3,4,3016409088,5584011264,188.70400008745492,4503.0685407109559,qualified-kernel-stage-token,2,rise-payload-sha256-merkle,2,fed58566caf6a669e9a47f042123c206dce427d4d402cf8f82dcb1f48844f341,383ebb7ba187cea69314b3850370241df1b7b7871120edc6363f40cfc6a37f3e,f51474c3e65933c5a30480696b3831e14cc20bb3e7a60f3b9bd8068e7bb9a876,93556764
371,0.59187312901485711,0.0016462659696117043,4.2974586486816406,2,69310,34,38,14,0.0040345191955566406,5.9604644775390625e-08,0,0,0,3886.0069999936968,5270.1854169999997,5364280165814370871,80,14,2,2,4,3016114176,5584011264,126.38416746631265,3759.6228325273842,qualified-kernel-stage-token,2,rise-payload-sha256-merkle,2,fed58566caf6a669e9a47f042123c206dce427d4d402cf8f82dcb1f48844f341,8b65efe447e311a288de5b90e5bc5d90c30c566254dc47fe0695a2a98f0f0c61,81ffd052c5a34d8a454723ea98d83bfcc72fd8c0f553cf0b234dc555322731dc,93556764
372,0.59351939498446882,0.0016462659696117043,4.2625346183776855,2,69310,34,38,14,0.0045025348663330078,5.9604644775390625e-08,0,0,0,4775.8988752029836,6458.8736250000002,12059848137987657133,114,25,3,4,4,3016589312,5584011264,232.02125006355345,4543.8776251394302,qualified-kernel-stage-token,2,rise-payload-sha256-merkle,2,fed58566caf6a669e9a47f042123c206dce427d4d402cf8f82dcb1f48844f341,cf2e3c51ca98594abc08609634bbfa8cb983518ad0f6388c61de29ea0d1ac7a7,dfa638a553d41e38495c9eacecb7a8dd4ddddb498753a07432e3c448dc6475d6,93556764
373,0.59516566095408052,0.0016462659696117043,4.2029280662536621,2,69310,34,38,14,0.0049408674240112305,5.9604644775390625e-08,0,0,0,3849.9797498807311,5233.3822920000002,7082087222402029561,80,14,2,2,4,3016114176,5584011264,126.27208395861089,3723.7076659221202,qualified-kernel-stage-token,2,rise-payload-sha256-merkle,2,fed58566caf6a669e9a47f042123c206dce427d4d402cf8f82dcb1f48844f341,055bd8c89bc42e1b01487c9cedeb509c09bfc6e67714e71fb3bbf641c296849e,46e156d645434349dc014c68d26b8776d00a265af1d85c2b9d649ca1558114b2,93556764
374,0.59681192692369223,0.0016462659696117043,4.1212296485900879,2,35497,31,31,7,0.0053285360336303711,5.9604644775390625e-08,0,0,0,5571.2430840358138,7513.0298329999996,12299739655646216527,132,28,5,4,5,3016802304,5584011264,254.29612584412098,5316.9469581916928,qualified-kernel-stage-token,2,rise-payload-sha256-merkle,2,fed58566caf6a669e9a47f042123c206dce427d4d402cf8f82dcb1f48844f341,449abbfd507618a9e062558fcfe8c8ad2796336ac2e56afa98ae15a46b412177,2746fc82b25c6af2a0bc41a37f8bc340eb023a6c039d5347d5d9528249c3f99e,93556764
375,0.59845819289330393,0.0016462659696117043,4.1040444374084473,2,35911,31,37,7,0.0052933692932128906,5.9604644775390625e-08,0,0,0,3965.7348725013435,5343.3151250000001,15258641931566947137,80,14,2,2,4,3016163328,5584011264,126.6375407576561,3839.0973317436874,qualified-kernel-stage-token,2,rise-payload-sha256-merkle,2,fed58566caf6a669e9a47f042123c206dce427d4d402cf8f82dcb1f48844f341,092d91ebab3a67ba47d1487b8439c20eb5620b45ee3d7659778365dc6c5c877b,a5e1e07c8834723290930c77cc5079a557338f600a3f3bc36b433acb0c448ac2,93556764
376,0.60010445886291564,0.0016462659696117043,4.2423672676086426,2,74071,34,38,15,0.0051507949829101562,5.9604644775390625e-08,0,0,0,5050.3941252827644,6804.6219579999997,12269711964185900387,120,26,4,4,4,3016556544,5584011264,236.27458373084664,4814.1195415519178,qualified-kernel-stage-token,2,rise-payload-sha256-merkle,2,fed58566caf6a669e9a47f042123c206dce427d4d402cf8f82dcb1f48844f341,84150dd0901cfdd971cddf02fcd89feb71057ee6ee2e2544a95d0f5a2324381f,0bd330ce373b43d06744b487c8b5614f04c22fb8ec41840133613fe277a2db4a,93556764
377,0.60175072483252734,0.0016462659696117043,4.3518357276916504,2,74071,34,38,15,0.0049393177032470703,5.9604644775390625e-08,0,0,0,3926.5711652114987,5315.4544999999998,17796258993875828053,80,14,2,2,4,3016114176,5584011264,126.48299941793084,3800.0881657935679,qualified-kernel-stage-token,2,rise-payload-sha256-merkle,2,fed58566caf6a669e9a47f042123c206dce427d4d402cf8f82dcb1f48844f341,fe26963130fda91c8e29735bf3f8778b10956cb8d2f1e23d5360ee8a59069e09,b1d2ba797d134b64f9a91f49933a1271032cbb313f0aaddf2cd1e28596527b56,93556764
378,0.60339699080213904,0.0016462659696117043,4.4309144020080566,2,74071,34,38,15,0.0045136213302612305,5.9604644775390625e-08,0,0,0,5349.2020005360246,7191.4561249999997,7736333472265221377,126,27,3,4,6,3016753152,5584011264,243.33083326928318,5105.8711672667414,qualified-kernel-stage-token,2,rise-payload-sha256-merkle,2,fed58566caf6a669e9a47f042123c206dce427d4d402cf8f82dcb1f48844f341,6b39ed2765451c1675fbd0419b207487f42874501c7a68ca91f0d2c788c6d3fc,1fc5335c6a89ec6e9d75368997aaee815f1d0aee06908be2c76f38855c920bb2,93556764
379,0.60504325677175075,0.0016462659696117043,4.4807147979736328,2,74071,34,38,15,0.0038923025131225586,5.9604644775390625e-08,0,0,0,3900.5449179094285,5281.777916,15949760263022192913,80,14,2,2,4,3016114176,5584011264,126.61629170179367,3773.9286262076348,qualified-kernel-stage-token,2,rise-payload-sha256-merkle,2,fed58566caf6a669e9a47f042123c206dce427d4d402cf8f82dcb1f48844f341,02676ec4591a532e73871457cd02677389c11ed495c566a8292babbed1a4950d,b9c6e113e09ca8bd7ea625c900c87670225a339d9d32140d38991a839122b94a,93556764
380,0.60668952274136245,0.0016462659696117043,4.4977645874023438,2,74071,34,38,15,0.003367304801940918,5.9604644775390625e-08,0,0,0,5132.7264164574444,6892.4477500000003,15215112726023741891,120,26,3,4,5,3016605696,5584011264,236.34637473151088,4896.3800417259336,qualified-kernel-stage-token,2,rise-payload-sha256-merkle,2,fed58566caf6a669e9a47f042123c206dce427d4d402cf8f82dcb1f48844f341,cc64c847d110d9c94e5389c1a808b07beaeeb6f47563ffd50d4aa1989f28b30c,99dbd7415133b8fb5b6bf576fa6fb9eaf27bbb82e083053e1e439d88e5637c0f,93556764
381,0.60833578871097416,0.0016462659696117043,4.4829306602478027,2,74071,34,38,15,0.003533482551574707,5.9604644775390625e-08,0,0,0,3935.1332080550492,5317.5767919999998,4205670163005971303,80,14,2,2,4,3016163328,5584011264,128.3505002502352,3806.782707804814,qualified-kernel-stage-token,2,rise-payload-sha256-merkle,2,fed58566caf6a669e9a47f042123c206dce427d4d402cf8f82dcb1f48844f341,a8a8d2c02f26acc3808d261d27bf6227ab55da4c4e0102b2de9640169db076f7,4de3b9104cbf0cde3d46836cc990805a4f5b1334bb27fbe7ad93aa65b9ec5a76,93556764
382,0.60998205468058586,0.0016462659696117043,4.4375543594360352,2,74071,34,38,15,0.0033768415451049805,5.9604644775390625e-08,0,0,0,5177.195335039869,6934.1249159999998,5535060770897724943,120,26,4,4,4,3016556544,5584011264,235.56179227307439,4941.6335427667946,qualified-kernel-stage-token,2,rise-payload-sha256-merkle,2,fed58566caf6a669e9a47f042123c206dce427d4d402cf8f82dcb1f48844f341,699fb78a31dec14a9a2c0e3f45b16e587e335070735bd2cc5a39271226ed0e77,444045fb864bf4d6c001e0e8267246733a147f0d8e92849ba166e64d4c6795fe,93556764
383,0.61162832065019757,0.0016462659696117043,4.3628644943237305,2,74071,34,38,15,0.003497004508972168,5.9604644775390625e-08,0,0,0,3958.4966672118753,5339.7350420000002,13442579118859756049,80,14,2,2,4,3016114176,5584011264,126.71470805071294,3831.7819591611624,qualified-kernel-stage-token,2,rise-payload-sha256-merkle,2,fed58566caf6a669e9a47f042123c206dce427d4d402cf8f82dcb1f48844f341,d5a00751711f2ebfa87722ad74c55f1be2a44da05f0f3e1105c898847915f7c9,68f50333b0259e716e234dff388a235b45cdc2ccb3fe07f07c84b9112a9d24d3,93556764
384,0.61327458661980927,0.0016462659696117043,4.3046002388000488,2,25981,37,31,5,0.0032901763916015625,5.9604644775390625e-08,0,0,0,4891.3749577477574,6558.9634999999998,13656856468891448745,114,25,3,4,4,3016458240,5584011264,226.63908288814127,4664.7358748596162,qualified-kernel-stage-token,2,rise-payload-sha256-merkle,2,fed58566caf6a669e9a47f042123c206dce427d4d402cf8f82dcb1f48844f341,e8b9ccc572974df7ff2781c806034af63598b3c38aced477e3e28f6762aecda5,2f8918be46404a73d3286931f3170cc6ae765503da759d3e0d10a0d15832c595,93556764
385,0.61492085258942097,0.0016462659696117043,4.3055992126464844,2,78832,34,38,16,0.0032826662063598633,5.9604644775390625e-08,0,0,0,3909.4527068082243,5295.3567910000002,3550284849126936861,80,14,2,2,4,3016114176,5584011264,125.87916618213058,3783.5735406260937,qualified-kernel-stage-token,2,rise-payload-sha256-merkle,2,fed58566caf6a669e9a47f042123c206dce427d4d402cf8f82dcb1f48844f341,bea62578a4c6fa5861c9e25bcbaba4eaae110845e4cdec88db89dcca1d49d30c,0c30d9a05ba598e971b64e872c0a29039515d6237d1b48069f7a2dee64da9cd0,93556764
386,0.61656711855903268,0.0016462659696117043,4.4490799903869629,2,78832,34,38,16,0.0031462907791137695,5.9604644775390625e-08,0,0,0,4861.6617489606142,6528.7717919999996,11773460569775671567,114,25,3,4,4,3016458240,5584011264,227.67087514512241,4633.9908738154918,qualified-kernel-stage-token,2,rise-payload-sha256-merkle,2,fed58566caf6a669e9a47f042123c206dce427d4d402cf8f82dcb1f48844f341,15500c643d1d714b189f50a86d259fc1f34722a8f47e56e5a3007cdef0303c6b,fd7f2b40d948a3c57faee24f7dae4fba346d5095b3466c7811e37a6a09eed013,93556764
387,0.61821338452864438,0.0016462659696117043,4.5606517791748047,2,78832,34,38,16,0.0032467842102050781,5.9604644775390625e-08,0,0,0,3952.7337087783962,5336.5414170000004,16236848401677213099,80,14,2,2,4,3016114176,5584011264,127.32758303172886,3825.4061257466674,qualified-kernel-stage-token,2,rise-payload-sha256-merkle,2,fed58566caf6a669e9a47f042123c206dce427d4d402cf8f82dcb1f48844f341,a70e8d515f67824159df4fe614913bc3c4a5aa2d9adff525c3ae1f68a1156934,cccee155c112802ce2c0f595510172a247593e2ffb13ee771673f504dc80daa3,93556764
388,0.61985965049825609,0.0016462659696117043,4.6374435424804688,2,78832,34,38,16,0.0032470226287841797,5.9604644775390625e-08,0,0,0,4317.4624179955572,5811.3352919999998,17279164640524057589,102,23,2,3,4,3016261632,5584011264,210.06062463857234,4107.4017933569849,qualified-kernel-stage-token,2,rise-payload-sha256-merkle,2,fed58566caf6a669e9a47f042123c206dce427d4d402cf8f82dcb1f48844f341,ca36d541d5ddaa30085b840ac0db6c2a28db98ca6b6623e4cd8fe291ae8b6d2c,e83d23faa6da0436dc762838317ee1e1d76e73a68a5bcedbb3caf70d9b6438a5,93556764
389,0.62150591646786779,0.0016462659696117043,4.6700572967529297,2,78832,34,38,16,0.0032029151916503906,5.9604644775390625e-08,0,0,0,4039.4789993297309,5442.2350829999996,4496602230065941457,80,14,2,2,4,3016245248,5584011264,128.89354233630002,3910.5854569934309,qualified-kernel-stage-token,2,rise-payload-sha256-merkle,2,fed58566caf6a669e9a47f042123c206dce427d4d402cf8f82dcb1f48844f341,7dc206654736510e0404fe2faa6f0ccf811a3c07a18559c37879ce59ce407616,d4b7da10fce8aeb4f0a22391b430cc5329513632fbcd9c81faf62d269ad56666,93556764
390,0.6231521824374795,0.0016462659696117043,4.6702094078063965,2,78832,34,38,16,0.0030810832977294922,5.9604644775390625e-08,0,0,0,4054.6285838354379,5463.9300000000003,1836569354206560051,96,22,2,2,4,3016163328,5584011264,200.2629991620779,3854.36558467336,qualified-kernel-stage-token,2,rise-payload-sha256-merkle,2,fed58566caf6a669e9a47f042123c206dce427d4d402cf8f82dcb1f48844f341,f7f9d9ba7baad4becc7f356a4d7e755a11f653fab0bfe2a97edc0e91e13c99a6,3f62bd68aac9ffed99a39f07e91ccbe7f057e7d79615dfef3d0c8f43ff20cd89,93556764
