accepted_step,time_s,dt_s,maximum_velocity_m_per_s,axis,face,x,y,z,manifold_max,manifold_p95,manifold_p50,tail_cells,tail_drained_m3
1,0.0016462659696117043,0.0016462659696117043,0.16540423035621643,2,1168,24,22,0,0.0096801519393920898,1.1920928955078125e-07,1.1920928955078125e-07,0,0
2,0.0032925319392234087,0.0016462659696117043,0.3704243004322052,2,1168,24,22,0,0.017024397850036621,1.1920928955078125e-07,1.1920928955078125e-07,0,0
3,0.004938797908835113,0.0016462659696117043,0.4668445885181427,2,1168,24,22,0,0.018282175064086914,1.1920928955078125e-07,1.1920928955078125e-07,0,0
4,0.0065850638784468174,0.0016462659696117043,0.4128536581993103,2,1168,24,22,0,0.014499902725219727,3.5762786865234375e-07,1.1920928955078125e-07,0,0
5,0.0082313298480585217,0.0016462659696117043,0.30022186040878296,2,1168,24,22,0,0.013223171234130859,3.5762786865234375e-07,1.1920928955078125e-07,0,0
6,0.0098775958176702261,0.0016462659696117043,0.25237664580345154,2,1532,24,29,0,0.016312897205352783,3.5762786865234375e-07,1.1920928955078125e-07,0,0
7,0.01152386178728193,0.0016462659696117043,0.29939410090446472,2,1532,24,29,0,0.018809378147125244,3.5762786865234375e-07,1.1920928955078125e-07,0,0
8,0.013170127756893635,0.0016462659696117043,0.36121141910552979,2,1532,24,29,0,0.01620858907699585,3.5762786865234375e-07,1.1920928955078125e-07,0,0
9,0.014816393726505339,0.0016462659696117043,0.34068486094474792,2,1168,24,22,0,0.016625463962554932,3.5762786865234375e-07,1.1920928955078125e-07,0,0
10,0.016462659696117043,0.0016462659696117043,0.40443804860115051,2,1377,25,26,0,0.021714150905609131,3.5762786865234375e-07,1.1920928955078125e-07,0,0
11,0.018108925665728748,0.0016462659696117043,0.40813732147216797,2,1325,25,25,0,0.025141716003417969,3.5762786865234375e-07,1.1920928955078125e-07,0,0
12,0.019755191635340452,0.0016462659696117043,0.27054059505462646,2,1325,25,25,0,0.019382297992706299,3.5762786865234375e-07,1.1920928955078125e-07,0,0
13,0.021401457604952157,0.0016462659696117043,0.20422759652137756,2,1168,24,22,0,0.01704108715057373,3.5762786865234375e-07,1.1920928955078125e-07,0,0
14,0.023047723574563861,0.0016462659696117043,0.30495879054069519,2,1584,24,30,0,0.017142772674560547,3.5762786865234375e-07,1.1920928955078125e-07,0,0
15,0.024693989544175565,0.0016462659696117043,0.4366229772567749,2,1326,26,25,0,0.029726147651672363,3.5762786865234375e-07,1.1920928955078125e-07,0,0
16,0.02634025551378727,0.0016462659696117043,0.46589118242263794,2,1326,26,25,0,0.033507943153381348,3.5762786865234375e-07,1.1920928955078125e-07,0,0
17,0.027986521483398974,0.0016462659696117043,0.31759446859359741,2,1326,26,25,0,0.022812247276306152,3.5762786865234375e-07,1.1920928955078125e-07,0,0
18,0.029632787453010678,0.0016462659696117043,0.25108474493026733,2,1277,29,24,0,0.014272451400756836,3.5762786865234375e-07,1.1920928955078125e-07,0,0
19,0.031279053422622383,0.0016462659696117043,0.40677320957183838,2,1168,24,22,0,0.017601251602172852,3.5762786865234375e-07,1.1920928955078125e-07,0,0
20,0.032925319392234087,0.0016462659696117043,0.50571483373641968,2,1168,24,22,0,0.027521491050720215,3.5762786865234375e-07,1.1920928955078125e-07,0,0
21,0.034571585361845791,0.0016462659696117043,0.43655404448509216,2,1168,24,22,0,0.023581206798553467,3.5762786865234375e-07,1.1920928955078125e-07,0,0
22,0.036217851331457496,0.0016462659696117043,0.23229445517063141,2,1328,28,25,0,0.013967633247375488,3.5762786865234375e-07,1.1920928955078125e-07,0,0
23,0.0378641173010692,0.0016462659696117043,0.29880139231681824,2,1221,25,23,0,0.021532654762268066,3.5762786865234375e-07,1.1920928955078125e-07,0,0
24,0.039510383270680904,0.0016462659696117043,0.24901282787322998,2,1221,25,23,0,0.019662201404571533,3.5762786865234375e-07,1.1920928955078125e-07,0,0
25,0.041156649240292609,0.0016462659696117043,0.16874097287654877,1,1222,26,23,0,0.011740446090698242,3.5762786865234375e-07,1.1920928955078125e-07,0,0
26,0.042802915209904313,0.0016462659696117043,0.32540971040725708,2,1116,24,21,0,0.0099364519119262695,4.76837158203125e-07,1.1920928955078125e-07,0,0
27,0.044449181179516017,0.0016462659696117043,0.30784550309181213,2,1116,24,21,0,0.015486836433410645,3.5762786865234375e-07,1.1920928955078125e-07,0,0
28,0.046095447149127722,0.0016462659696117043,0.25167387723922729,2,1222,26,23,0,0.02034461498260498,3.5762786865234375e-07,1.1920928955078125e-07,0,0
29,0.047741713118739426,0.0016462659696117043,0.26188898086547852,1,1220,24,23,0,0.01572418212890625,4.76837158203125e-07,1.1920928955078125e-07,0,0
30,0.04938797908835113,0.0016462659696117043,0.2681143581867218,1,1220,24,23,0,0.012973904609680176,3.5762786865234375e-07,1.1920928955078125e-07,0,0
31,0.051034245057962835,0.0016462659696117043,0.38030579686164856,2,1532,24,29,0,0.026018261909484863,4.76837158203125e-07,1.1920928955078125e-07,0,0
32,0.052680511027574539,0.0016462659696117043,0.46388491988182068,2,1532,24,29,0,0.026342153549194336,4.76837158203125e-07,1.1920928955078125e-07,0,0
33,0.054326776997186244,0.0016462659696117043,0.3758297860622406,2,1426,22,27,0,0.011270046234130859,4.76837158203125e-07,1.1920928955078125e-07,0,0
34,0.055973042966797948,0.0016462659696117043,0.22982265055179596,2,1325,25,25,0,0.01260608434677124,4.76837158203125e-07,1.1920928955078125e-07,0,0
35,0.057619308936409652,0.0016462659696117043,0.45214876532554626,2,1325,25,25,0,0.031882226467132568,4.76837158203125e-07,1.1920928955078125e-07,0,0
36,0.059265574906021357,0.0016462659696117043,0.49530982971191406,2,1325,25,25,0,0.037042021751403809,4.76837158203125e-07,1.1920928955078125e-07,0,0
37,0.060911840875633061,0.0016462659696117043,0.33548963069915771,2,1377,25,26,0,0.024668276309967041,4.76837158203125e-07,1.1920928955078125e-07,0,0
38,0.062558106845244765,0.0016462659696117043,0.39631548523902893,2,1116,24,21,0,0.011048674583435059,4.76837158203125e-07,1.1920928955078125e-07,0,0
39,0.06420437281485647,0.0016462659696117043,0.32639569044113159,2,1116,24,21,0,0.022666454315185547,4.76837158203125e-07,1.1920928955078125e-07,0,0
40,0.065850638784468174,0.0016462659696117043,0.41495597362518311,2,1326,26,25,0,0.033900022506713867,4.76837158203125e-07,1.1920928955078125e-07,0,0
41,0.067496904754079878,0.0016462659696117043,0.39819151163101196,2,1378,26,26,0,0.028347492218017578,4.76837158203125e-07,1.1920928955078125e-07,0,0
42,0.069143170723691583,0.0016462659696117043,0.22872991859912872,2,1376,24,26,0,0.016387701034545898,4.76837158203125e-07,1.1920928955078125e-07,0,0
43,0.070789436693303287,0.0016462659696117043,0.27600166201591492,2,1116,24,21,0,0.01950371265411377,4.76837158203125e-07,1.1920928955078125e-07,0,0
44,0.072435702662914991,0.0016462659696117043,0.4814353883266449,2,1584,24,30,0,0.01815563440322876,4.76837158203125e-07,1.1920928955078125e-07,0,0
45,0.074081968632526696,0.0016462659696117043,0.41239252686500549,2,1532,24,29,0,0.021465539932250977,4.76837158203125e-07,1.1920928955078125e-07,0,0
46,0.0757282346021384,0.0016462659696117043,0.29989597201347351,1,1585,25,30,0,0.027907133102416992,4.76837158203125e-07,1.1920928955078125e-07,0,0
47,0.077374500571750104,0.0016462659696117043,0.3939230740070343,1,1169,25,22,0,0.014529287815093994,4.76837158203125e-07,1.1920928955078125e-07,0,0
48,0.079020766541361809,0.0016462659696117043,0.23521842062473297,1,1169,25,22,0,0.019420206546783447,4.76837158203125e-07,1.1920928955078125e-07,0,0
49,0.080667032510973513,0.0016462659696117043,0.29753953218460083,2,1331,31,25,0,0.035874068737030029,5.3644180297851562e-07,1.1920928955078125e-07,0,0
50,0.082313298480585217,0.0016462659696117043,0.49692142009735107,2,1331,31,25,0,0.025710821151733398,5.3644180297851562e-07,1.1920928955078125e-07,0,0
51,0.083959564450196922,0.0016462659696117043,0.28025439381599426,2,1116,24,21,0,0.015117526054382324,5.3644180297851562e-07,1.1920928955078125e-07,0,0
52,0.085605830419808626,0.0016462659696117043,0.18676656484603882,2,1331,31,25,0,0.028435945510864258,5.3644180297851562e-07,1.1920928955078125e-07,0,0
53,0.087252096389420331,0.0016462659696117043,0.37208682298660278,2,1638,26,31,0,0.030088901519775391,5.3644180297851562e-07,1.1920928955078125e-07,0,0
54,0.088898362359032035,0.0016462659696117043,0.27503353357315063,1,1585,25,30,0,0.020385503768920898,5.3644180297851562e-07,1.1920928955078125e-07,0,0
55,0.090544628328643739,0.0016462659696117043,0.53776365518569946,2,1638,26,31,0,0.039627909660339355,5.9604644775390625e-07,1.1920928955078125e-07,0,0
56,0.092190894298255444,0.0016462659696117043,0.71176266670227051,2,1638,26,31,0,0.012606620788574219,5.9604644775390625e-07,1.1920928955078125e-07,0,0
57,0.093837160267867148,0.0016462659696117043,0.36252176761627197,2,1426,22,27,0,0.031104028224945068,5.9604644775390625e-07,1.1920928955078125e-07,0,0
58,0.095483426237478852,0.0016462659696117043,0.37443017959594727,2,1638,26,31,0,0.040462017059326172,5.9604644775390625e-07,1.1920928955078125e-07,0,0
59,0.097129692207090557,0.0016462659696117043,0.54451406002044678,2,1638,26,31,0,0.010899543762207031,5.9604644775390625e-07,1.1920928955078125e-07,0,0
60,0.098775958176702261,0.0016462659696117043,0.2174583226442337,2,1325,25,25,0,0.044934988021850586,5.9604644775390625e-07,1.1920928955078125e-07,0,0
61,0.10042222414631397,0.0016462659696117043,0.88634300231933594,2,1638,26,31,0,0.060625195503234863,5.9604644775390625e-07,1.1920928955078125e-07,0,0
62,0.10206849011592567,0.0016462659696117043,0.91343510150909424,2,1638,26,31,0,0.0171852707862854,5.9604644775390625e-07,1.1920928955078125e-07,0,0
63,0.10371475608553737,0.0016462659696117043,0.30481874942779541,2,1426,22,27,0,0.06455683708190918,5.9604644775390625e-07,1.1920928955078125e-07,0,0
64,0.10536102205514908,0.0016462659696117043,0.73942655324935913,2,1638,26,31,0,0.059082329273223877,5.9604644775390625e-07,1.1920928955078125e-07,8,1.1066002035875881e-06
65,0.10700728802476078,0.0016462659696117043,0.75723397731781006,2,1331,31,25,0,0.019504785537719727,5.9604644775390625e-07,1.1920928955078125e-07,0,0
66,0.10865355399437249,0.0016462659696117043,0.39681994915008545,2,1065,25,20,0,0.096561312675476074,5.9604644775390625e-07,1.1920928955078125e-07,0,0
67,0.11029981996398419,0.0016462659696117043,1.2799620628356934,2,1638,26,31,0,0.091451764106750488,5.9604644775390625e-07,1.1920928955078125e-07,16,2.5666867840414272e-05
68,0.1119460859335959,0.0016462659696117043,0.99414169788360596,2,1587,27,30,0,0.029090046882629395,5.9604644775390625e-07,1.1920928955078125e-07,20,2.7047147557788898e-05
69,0.1135923519032076,0.0016462659696117043,0.38049042224884033,1,1586,26,30,0,0.075608491897583008,5.9604644775390625e-07,1.1920928955078125e-07,0,0
70,0.1152386178728193,0.0016462659696117043,0.83465564250946045,1,1169,25,22,0,0.060283482074737549,5.9604644775390625e-07,1.1920928955078125e-07,28,1.4557804175708969e-05
71,0.11688488384243101,0.0016462659696117043,0.79880750179290771,2,1331,31,25,0,0.02750927209854126,5.9604644775390625e-07,1.1920928955078125e-07,0,0
72,0.11853114981204271,0.0016462659696117043,0.617989182472229,2,1585,25,30,0,0.10302603244781494,5.9604644775390625e-07,1.1920928955078125e-07,0,0
73,0.12017741578165442,0.0016462659696117043,1.3911868333816528,2,1637,25,31,0,0.095885157585144043,5.9604644775390625e-07,1.1920928955078125e-07,36,7.6169778591789723e-05
74,0.12182368175126612,0.0016462659696117043,1.0500785112380981,2,1278,30,24,0,0.032209396362304688,5.9604644775390625e-07,1.1920928955078125e-07,28,5.0029457671761808e-05
75,0.12346994772087783,0.0016462659696117043,0.35442972183227539,0,1355,30,25,0,0.081854283809661865,5.9604644775390625e-07,1.1920928955078125e-07,0,0
76,0.12511621369048953,0.0016462659696117043,0.87075024843215942,2,1320,20,25,0,0.060262382030487061,5.9604644775390625e-07,1.1920928955078125e-07,44,3.103238883721517e-05
77,0.12676247966010123,0.0016462659696117043,0.83942294120788574,2,1331,31,25,0,0.035450875759124756,5.9604644775390625e-07,1.1920928955078125e-07,0,0
78,0.12840874562971294,0.0016462659696117043,0.70175111293792725,2,1485,29,28,0,0.10827767848968506,5.9604644775390625e-07,1.1920928955078125e-07,0,0
79,0.13005501159932464,0.0016462659696117043,1.5044341087341309,2,1278,30,24,0,0.095153331756591797,5.9604644775390625e-07,1.1920928955078125e-07,52,0.00011222936390734142
80,0.13170127756893635,0.0016462659696117043,1.1709984540939331,2,1330,30,25,0,0.058941960334777832,5.9604644775390625e-07,1.1920928955078125e-07,36,6.4541996305322427e-05
81,0.13334754353854805,0.0016462659696117043,0.60021555423736572,0,1355,30,25,0,0.092376112937927246,5.9604644775390625e-07,1.1920928955078125e-07,0,0
82,0.13499380950815976,0.0016462659696117043,1.1269357204437256,0,1347,22,25,0,0.067291855812072754,5.9604644775390625e-07,1.1920928955078125e-07,60,6.2094466709795341e-05
83,0.13664007547777146,0.0016462659696117043,1.0796892642974854,0,1347,22,25,0,0.02551734447479248,5.9604644775390625e-07,1.1920928955078125e-07,12,2.8841770788002025e-06
84,0.13828634144738317,0.0016462659696117043,0.86863428354263306,2,1168,24,22,0,0.10998702049255371,5.9604644775390625e-07,1.1920928955078125e-07,0,0
85,0.13993260741699487,0.0016462659696117043,1.5920242071151733,2,1434,30,27,0,0.098517775535583496,5.9604644775390625e-07,1.1920928955078125e-07,60,0.00011592002596874257
86,0.14157887338660657,0.0016462659696117043,1.2411412000656128,2,1434,30,27,0,0.03066641092300415,7.152557373046875e-07,1.1920928955078125e-07,44,7.0408129156750881e-05
87,0.14322513935621828,0.0016462659696117043,0.73206841945648193,1,1532,24,29,0,0.075373470783233643,5.9604644775390625e-07,1.1920928955078125e-07,0,0
88,0.14487140532582998,0.0016462659696117043,1.1059868335723877,0,1408,30,26,0,0.060409367084503174,5.9604644775390625e-07,1.1920928955078125e-07,60,3.7845530340406276e-05
89,0.14651767129544169,0.0016462659696117043,0.99371939897537231,0,1355,30,25,0,0.033051848411560059,7.152557373046875e-07,1.1920928955078125e-07,0,0
90,0.14816393726505339,0.0016462659696117043,0.62339639663696289,2,1270,22,24,0,0.11467409133911133,7.152557373046875e-07,1.1920928955078125e-07,0,0
91,0.1498102032346651,0.0016462659696117043,1.5605599880218506,2,1116,24,21,0,0.10751140117645264,7.152557373046875e-07,1.1920928955078125e-07,63,0.0001172585976124647
92,0.1514564692042768,0.0016462659696117043,1.1767559051513672,2,1116,24,21,0,0.043234586715698242,7.152557373046875e-07,1.1920928955078125e-07,44,9.8292893798419229e-05
93,0.1531027351738885,0.0016462659696117043,0.6322360634803772,1,1220,24,23,0,0.080446004867553711,7.152557373046875e-07,1.1920928955078125e-07,0,0
94,0.15474900114350021,0.0016462659696117043,1.0856291055679321,1,1169,25,22,0,0.060315489768981934,7.152557373046875e-07,1.1920928955078125e-07,63,3.8958318317694132e-05
95,0.15639526711311191,0.0016462659696117043,1.0520834922790527,1,1170,26,22,0,0.033178091049194336,7.152557373046875e-07,1.1920928955078125e-07,0,0
96,0.15804153308272362,0.0016462659696117043,0.63566547632217407,2,1270,22,24,0,0.11979544162750244,7.152557373046875e-07,1.1920928955078125e-07,0,0
97,0.15968779905233532,0.0016462659696117043,1.6137063503265381,2,1638,26,31,0,0.11264228820800781,7.152557373046875e-07,1.1920928955078125e-07,50,0.00012278953975109358
98,0.16133406502194703,0.0016462659696117043,1.2048925161361694,2,1434,30,27,0,0.047147154808044434,7.152557373046875e-07,1.1920928955078125e-07,44,0.00011157305016798011
99,0.16298033099155873,0.0016462659696117043,0.65665137767791748,1,1220,24,23,0,0.082897663116455078,7.152557373046875e-07,1.7881393432617188e-07,0,0
100,0.16462659696117043,0.0016462659696117043,1.1206803321838379,1,1169,25,22,0,0.059984087944030762,7.152557373046875e-07,1.7881393432617188e-07,56,3.7755144611610976e-05
101,0.16627286293078214,0.0016462659696117043,1.063306450843811,1,1169,25,22,0,0.04555821418762207,7.152557373046875e-07,1.1920928955078125e-07,0,0
102,0.16791912890039384,0.0016462659696117043,0.56516361236572266,2,4342,26,31,1,0.12100708484649658,7.152557373046875e-07,1.7881393432617188e-07,0,0
103,0.16956539487000555,0.0016462659696117043,1.5787540674209595,2,1066,26,20,0,0.11468005180358887,7.152557373046875e-07,1.1920928955078125e-07,56,0.00013382778185321123
104,0.17121166083961725,0.0016462659696117043,1.1956088542938232,2,1331,31,25,0,0.039613127708435059,7.152557373046875e-07,1.1920928955078125e-07,44,0.00012232887610956548
105,0.17285792680922896,0.0016462659696117043,0.46770548820495605,0,1301,29,24,0,0.080897927284240723,7.152557373046875e-07,1.7881393432617188e-07,0,0
106,0.17450419277884066,0.0016462659696117043,1.0847156047821045,0,1408,30,26,0,0.069026172161102295,7.152557373046875e-07,1.7881393432617188e-07,56,3.913915289546613e-05
107,0.17615045874845237,0.0016462659696117043,1.1033743619918823,0,1408,30,26,0,0.029017806053161621,7.152557373046875e-07,1.7881393432617188e-07,10,3.365010950777653e-06
108,0.17779672471806407,0.0016462659696117043,0.61445873975753784,2,3769,25,20,1,0.12144982814788818,7.152557373046875e-07,1.7881393432617188e-07,0,0
109,0.17944299068767577,0.0016462659696117043,1.5955798625946045,2,1066,26,20,0,0.11960375308990479,7.152557373046875e-07,1.7881393432617188e-07,56,0.00013797303905113757
110,0.18108925665728748,0.0016462659696117043,1.4149514436721802,2,1372,20,26,0,0.043027043342590332,8.3446502685546875e-07,1.7881393432617188e-07,44,0.00013602440195743516
111,0.18273552262689918,0.0016462659696117043,0.61734300851821899,0,1295,23,24,0,0.086660146713256836,8.3446502685546875e-07,1.7881393432617188e-07,0,0
112,0.18438178859651089,0.0016462659696117043,1.1875168085098267,0,1347,22,25,0,0.086154460906982422,7.152557373046875e-07,1.7881393432617188e-07,56,4.2070951672454439e-05
113,0.18602805456612259,0.0016462659696117043,1.1677511930465698,0,1347,22,25,0,0.028157055377960205,8.3446502685546875e-07,1.7881393432617188e-07,19,1.9405553625630174e-05
114,0.1876743205357343,0.0016462659696117043,0.67027097940444946,2,4292,28,30,1,0.12263906002044678,8.3446502685546875e-07,1.7881393432617188e-07,0,0
115,0.189320586505346,0.0016462659696117043,1.5335155725479126,2,1383,31,26,0,0.12411653995513916,8.3446502685546875e-07,1.7881393432617188e-07,58,0.00012969255263511984
116,0.1909668524749577,0.0016462659696117043,1.5323116779327393,2,1383,31,26,0,0.040892839431762695,8.3446502685546875e-07,1.7881393432617188e-07,44,0.0001479179888353537
117,0.19261311844456941,0.0016462659696117043,0.63038069009780884,2,1435,31,27,0,0.079368710517883301,8.3446502685546875e-07,1.7881393432617188e-07,0,0
118,0.19425938441418111,0.0016462659696117043,1.1302686929702759,0,1347,22,25,0,0.10230571031570435,8.3446502685546875e-07,1.7881393432617188e-07,59,3.3350478221624333e-05
119,0.19590565038379282,0.0016462659696117043,1.2631239891052246,0,1347,22,25,0,0.035511374473571777,8.3446502685546875e-07,1.7881393432617188e-07,52,4.0390146381808467e-05
120,0.19755191635340452,0.0016462659696117043,0.74223262071609497,2,3930,30,23,1,0.11806797981262207,8.3446502685546875e-07,1.7881393432617188e-07,0,0
121,0.19919818232301623,0.0016462659696117043,1.5427118539810181,2,1278,30,24,0,0.12630617618560791,8.3446502685546875e-07,1.7881393432617188e-07,44,0.00011555655537666905
122,0.20084444829262793,0.0016462659696117043,1.679101824760437,2,1372,20,26,0,0.055221199989318848,8.3446502685546875e-07,1.7881393432617188e-07,44,0.00014685979115162742
123,0.20249071426223963,0.0016462659696117043,0.75017720460891724,2,1383,31,26,0,0.076496243476867676,8.3446502685546875e-07,1.7881393432617188e-07,0,0
124,0.20413698023185134,0.0016462659696117043,1.1393647193908691,0,1347,22,25,0,0.11415117979049683,8.3446502685546875e-07,1.7881393432617188e-07,54,2.3157451065326202e-05
125,0.20578324620146304,0.0016462659696117043,1.2902129888534546,2,1372,20,26,0,0.045678913593292236,8.3446502685546875e-07,1.7881393432617188e-07,20,5.0834945919842713e-05
126,0.20742951217107475,0.0016462659696117043,0.85435199737548828,2,4181,21,28,1,0.12513577938079834,8.3446502685546875e-07,1.7881393432617188e-07,0,0
127,0.20907577814068645,0.0016462659696117043,1.4748529195785522,2,1278,30,24,0,0.12852859497070312,8.3446502685546875e-07,1.7881393432617188e-07,56,0.00012006465906475543
128,0.21063728560693562,0.0015615074662491679,1.7990195751190186,2,1372,20,26,0,0.064617395401000977,8.3446502685546875e-07,1.7881393432617188e-07,44,0.0001571539879979237
129,0.21228355157654732,0.0016462659696117043,1.0961657762527466,2,1320,20,25,0,0.088471770286560059,8.3446502685546875e-07,1.7881393432617188e-07,8,1.1295984818121886e-06
130,0.21392981754615903,0.0016462659696117043,1.2154262065887451,0,1347,22,25,0,0.12807726860046387,9.5367431640625e-07,2.9802322387695312e-07,48,4.6175634465755667e-05
131,0.21557608351577073,0.0016462659696117043,1.4978293180465698,2,1331,31,25,0,0.082099974155426025,8.3446502685546875e-07,1.7881393432617188e-07,58,0.0001085898379723246
132,0.21722234948538244,0.0016462659696117043,0.90979081392288208,2,4190,30,28,1,0.11961781978607178,8.3446502685546875e-07,1.7881393432617188e-07,8,1.0036952212739856e-05
133,0.21886861545499414,0.0016462659696117043,1.4199562072753906,2,1434,30,27,0,0.13747644424438477,9.5367431640625e-07,1.7881393432617188e-07,48,8.5838304103694321e-05
134,0.22051488142460585,0.0016462659696117043,1.6971864700317383,2,1372,20,26,0,0.069329738616943359,8.3446502685546875e-07,1.7881393432617188e-07,44,0.00017844058862118395
135,0.22216114739421755,0.0016462659696117043,1.2861685752868652,2,1372,20,26,0,0.09194648265838623,8.3446502685546875e-07,1.7881393432617188e-07,20,6.4113001131906313e-06
136,0.22380741336382926,0.0016462659696117043,1.1013681888580322,0,1347,22,25,0,0.1201590895652771,9.5367431640625e-07,2.9802322387695312e-07,23,2.7014152275455502e-05
137,0.22545367933344096,0.0016462659696117043,1.5597052574157715,2,1331,31,25,0,0.10059523582458496,8.3446502685546875e-07,1.7881393432617188e-07,46,0.00010188920966422089
138,0.22709994530305266,0.0016462659696117043,1.08376145362854,2,4190,30,28,1,0.11740994453430176,8.3446502685546875e-07,1.7881393432617188e-07,16,3.0073577918720229e-05
139,0.22874621127266437,0.0016462659696117043,1.2653533220291138,2,1434,30,27,0,0.13792753219604492,9.5367431640625e-07,1.7881393432617188e-07,34,6.4946815365324721e-05
140,0.23039247724227607,0.0016462659696117043,1.6812396049499512,2,1372,20,26,0,0.082844376564025879,8.3446502685546875e-07,1.7881393432617188e-07,61,0.00014690862316289727
141,0.23203874321188778,0.0016462659696117043,1.3656306266784668,2,1372,20,26,0,0.085230112075805664,9.5367431640625e-07,1.7881393432617188e-07,20,1.5132850185912462e-05
142,0.23368500918149948,0.0016462659696117043,1.0818495750427246,1,1169,25,22,0,0.11799490451812744,9.5367431640625e-07,3.5762786865234375e-07,37,2.520979569814361e-05
143,0.23533127515111119,0.0016462659696117043,1.6201325654983521,2,1637,25,31,0,0.11213314533233643,8.3446502685546875e-07,2.9802322387695312e-07,48,0.00011203346047329052
144,0.23697754112072289,0.0016462659696117043,1.2567927837371826,2,4190,30,28,1,0.11104202270507812,9.5367431640625e-07,1.7881393432617188e-07,20,3.8326583981219934e-05
145,0.23862380709033459,0.0016462659696117043,1.2386475801467896,2,1434,30,27,0,0.13689136505126953,9.5367431640625e-07,1.7881393432617188e-07,25,5.2187889346923728e-05
146,0.2402700730599463,0.0016462659696117043,1.6784310340881348,2,1331,31,25,0,0.098464369773864746,9.5367431640625e-07,1.7881393432617188e-07,44,0.00012706625464550732
147,0.241916339029558,0.0016462659696117043,1.3634275197982788,2,1372,20,26,0,0.079042017459869385,9.5367431640625e-07,2.9802322387695312e-07,40,2.9499147201149256e-05
148,0.24356260499916971,0.0016462659696117043,0.96992462873458862,1,1169,25,22,0,0.11906915903091431,9.5367431640625e-07,3.5762786865234375e-07,36,2.7645673369771733e-05
149,0.24520887096878141,0.0016462659696117043,1.6982107162475586,2,1383,31,26,0,0.11502104997634888,9.5367431640625e-07,2.9802322387695312e-07,41,7.6247743644506464e-05
150,0.24685513693839312,0.0016462659696117043,1.4107296466827393,2,4190,30,28,1,0.10988283157348633,9.5367431640625e-07,1.7881393432617188e-07,20,4.4111420155528809e-05
151,0.24850140290800482,0.0016462659696117043,1.2506811618804932,2,3930,30,23,1,0.13230228424072266,9.5367431640625e-07,2.9802322387695312e-07,28,4.9262229461484925e-05
152,0.25014766887761652,0.0016462659696117043,1.6853945255279541,2,1383,31,26,0,0.12355279922485352,9.5367431640625e-07,1.7881393432617188e-07,60,0.00012432641156914448
153,0.25179393484722823,0.0016462659696117043,1.4249204397201538,2,1383,31,26,0,0.095904111862182617,9.5367431640625e-07,2.9802322387695312e-07,43,4.61054748047561e-05
154,0.25344020081683993,0.0016462659696117043,0.9071962833404541,2,4024,20,25,1,0.11930853128433228,9.5367431640625e-07,3.5762786865234375e-07,36,4.4036673055684187e-05
155,0.25508646678645164,0.0016462659696117043,1.6922154426574707,2,1486,30,28,0,0.12013083696365356,9.5367431640625e-07,2.9802322387695312e-07,49,9.3417145657025683e-05
156,0.25673273275606334,0.0016462659696117043,1.5208594799041748,2,4292,28,30,1,0.091391801834106445,9.5367431640625e-07,2.9802322387695312e-07,23,6.0596850067340507e-05
157,0.25837899872567505,0.0016462659696117043,1.3553698062896729,2,4181,21,28,1,0.13288712501525879,9.5367431640625e-07,2.9802322387695312e-07,34,3.9855694673616411e-05
158,0.26002526469528675,0.0016462659696117043,1.7103866338729858,2,1434,30,27,0,0.11342012882232666,9.5367431640625e-07,2.9802322387695312e-07,52,0.00010935782621317127
159,0.26167153066489846,0.0016462659696117043,1.5093526840209961,2,1383,31,26,0,0.09769141674041748,9.5367431640625e-07,2.9802322387695312e-07,41,4.6865341514410406e-05
160,0.26331779663451016,0.0016462659696117043,0.95824652910232544,2,4342,26,31,1,0.12308931350708008,9.5367431640625e-07,3.5762786865234375e-07,43,3.2970388026222425e-05
161,0.26496406260412186,0.0016462659696117043,1.6887085437774658,2,1486,30,28,0,0.11166125535964966,9.5367431640625e-07,3.5762786865234375e-07,41,0.000106732208357522
162,0.26661032857373357,0.0016462659696117043,1.5825133323669434,2,3819,23,21,1,0.10484689474105835,9.5367431640625e-07,2.9802322387695312e-07,25,5.9894596964165654e-05
163,0.26825659454334527,0.0016462659696117043,1.4556818008422852,2,4181,21,28,1,0.13519227504730225,9.5367431640625e-07,2.9802322387695312e-07,22,3.0157371169757499e-05
164,0.26990286051295698,0.0016462659696117043,1.7583171129226685,2,1434,30,27,0,0.099104762077331543,9.5367431640625e-07,2.9802322387695312e-07,52,0.00011089114181416832
165,0.27154912648256868,0.0016462659696117043,1.6196773052215576,2,1383,31,26,0,0.10103201866149902,9.5367431640625e-07,2.9802322387695312e-07,48,5.0787818950514791e-05
166,0.27319539245218039,0.0016462659696117043,0.96590417623519897,2,4342,26,31,1,0.12351542711257935,1.0132789611816406e-06,3.5762786865234375e-07,28,3.2350753511975939e-05
167,0.27484165842179209,0.0016462659696117043,1.7329041957855225,2,1537,29,29,0,0.11606413125991821,9.5367431640625e-07,3.5762786865234375e-07,49,0.00010753674065323865
168,0.27648792439140379,0.0016462659696117043,1.7323565483093262,2,1383,31,26,0,0.10553061962127686,9.5367431640625e-07,2.9802322387695312e-07,28,6.9774098620970588e-05
169,0.2781341903610155,0.0016462659696117043,1.5517364740371704,2,3819,23,21,1,0.12702441215515137,1.0132789611816406e-06,2.9802322387695312e-07,11,2.3581231076641356e-05
170,0.2797804563306272,0.0016462659696117043,1.7105710506439209,2,1434,30,27,0,0.12723052501678467,9.5367431640625e-07,2.9802322387695312e-07,53,0.00013249733447394859
171,0.28142672230023891,0.0016462659696117043,1.6928223371505737,2,1434,30,27,0,0.10007369518280029,1.0132789611816406e-06,3.5762786865234375e-07,56,0.00010957551832451468
172,0.28307298826985061,0.0016462659696117043,0.95868885517120361,2,4342,26,31,1,0.12423872947692871,1.0132789611816406e-06,3.5762786865234375e-07,28,2.8670309962727263e-05
173,0.28471925423946232,0.0016462659696117043,1.6838288307189941,0,1460,29,27,0,0.12172454595565796,1.0132789611816406e-06,3.5762786865234375e-07,46,0.00010028857309097528
174,0.28636552020907402,0.0016462659696117043,1.8257386684417725,2,1372,20,26,0,0.10774481296539307,1.0132789611816406e-06,3.5762786865234375e-07,35,8.5917122142451654e-05
175,0.28801178617868572,0.0016462659696117043,1.5645018815994263,2,4190,30,28,1,0.11984884738922119,1.0728836059570312e-06,3.5762786865234375e-07,16,3.7983543742119993e-05
176,0.28965805214829743,0.0016462659696117043,1.5700511932373047,2,1585,25,30,0,0.13869798183441162,1.0132789611816406e-06,2.9802322387695312e-07,46,0.00010207364650184626
177,0.29130431811790913,0.0016462659696117043,1.630335807800293,2,1278,30,24,0,0.071326971054077148,1.0728836059570312e-06,3.5762786865234375e-07,70,0.00016184882995735035
178,0.29295058408752084,0.0016462659696117043,1.0272120237350464,2,4292,28,30,1,0.12327206134796143,1.0728836059570312e-06,3.5762786865234375e-07,27,8.4753254692350075e-06
179,0.29459685005713254,0.0016462659696117043,1.6423079967498779,0,1301,29,24,0,0.12244957685470581,1.0132789611816406e-06,3.5762786865234375e-07,32,7.1470689742234538e-05
180,0.29624311602674425,0.0016462659696117043,1.9069622755050659,2,1115,23,21,0,0.10944616794586182,1.0728836059570312e-06,3.5762786865234375e-07,57,7.4555314989689002e-05
181,0.29788938199635595,0.0016462659696117043,1.7384859323501587,2,3824,28,21,1,0.10451233386993408,1.0728836059570312e-06,3.5762786865234375e-07,28,7.5457658462878033e-05
182,0.29953564796596766,0.0016462659696117043,1.4206371307373047,2,1585,25,30,0,0.1313316822052002,1.0728836059570312e-06,3.5762786865234375e-07,44,7.8870465256695592e-05
183,0.30118191393557936,0.0016462659696117043,1.6243340969085693,2,1278,30,24,0,0.078026175498962402,1.0728836059570312e-06,3.5762786865234375e-07,52,0.00014718913525484282
184,0.30282817990519106,0.0016462659696117043,1.1620420217514038,2,1277,29,24,0,0.11917948722839355,1.0728836059570312e-06,3.5762786865234375e-07,31,1.8151529975857117e-05
185,0.30447444587480277,0.0016462659696117043,1.6126830577850342,0,1301,29,24,0,0.12213629484176636,1.0728836059570312e-06,3.5762786865234375e-07,33,6.8574862151364228e-05
186,0.30612071184441447,0.0016462659696117043,1.9984925985336304,2,1166,22,22,0,0.11228650808334351,1.0728836059570312e-06,3.5762786865234375e-07,59,9.8969923485706112e-05
187,0.30776697781402618,0.0016462659696117043,1.9129338264465332,2,3824,28,21,1,0.098709464073181152,1.0728836059570312e-06,3.5762786865234375e-07,36,8.4866952222850358e-05
188,0.30941324378363788,0.0016462659696117043,1.5699405670166016,2,3824,28,21,1,0.13414585590362549,1.0728836059570312e-06,3.5762786865234375e-07,44,5.6085660690661817e-05
189,0.31105950975324959,0.0016462659696117043,1.6398664712905884,2,1321,21,25,0,0.098544001579284668,1.0728836059570312e-06,3.5762786865234375e-07,52,0.00015165188415181636
190,0.31270577572286129,0.0016462659696117043,1.2392622232437134,2,1270,22,24,0,0.11897695064544678,1.0728836059570312e-06,3.5762786865234375e-07,45,3.4206181064116619e-05
191,0.31435204169247299,0.0016462659696117043,1.5812978744506836,2,4287,23,30,1,0.12247854471206665,1.0728836059570312e-06,3.5762786865234375e-07,25,6.0318718605817966e-05
192,0.3159983076620847,0.0016462659696117043,2.0158312320709229,2,1530,22,29,0,0.11207950115203857,1.0728836059570312e-06,3.5762786865234375e-07,59,0.00012271402761623114
193,0.3176445736316964,0.0016462659696117043,2.0374054908752441,2,4190,30,28,1,0.093614101409912109,1.0728836059570312e-06,3.5762786865234375e-07,38,8.0530516620910036e-05
194,0.31929083960130811,0.0016462659696117043,1.7234982252120972,2,3824,28,21,1,0.13593137264251709,1.0728836059570312e-06,3.5762786865234375e-07,34,1.7996133764383279e-05
195,0.32093710557091981,0.0016462659696117043,1.6575171947479248,2,1585,25,30,0,0.11958682537078857,1.1920928955078125e-06,3.5762786865234375e-07,60,0.00014255314635594729
196,0.32258337154053152,0.0016462659696117043,1.3685897588729858,2,1426,22,27,0,0.12042069435119629,1.1324882507324219e-06,3.5762786865234375e-07,48,6.1462216243979471e-05
197,0.32422963751014322,0.0016462659696117043,1.6405543088912964,2,4292,28,30,1,0.12155032157897949,1.0728836059570312e-06,3.5762786865234375e-07,22,6.3321161402818369e-05
198,0.32587590347975492,0.0016462659696117043,2.1024205684661865,2,4087,31,26,1,0.11631530523300171,1.1324882507324219e-06,3.5762786865234375e-07,50,0.00013728071881748631
199,0.32752216944936663,0.0016462659696117043,2.1327533721923828,2,3824,28,21,1,0.088563382625579834,1.1324882507324219e-06,3.5762786865234375e-07,41,7.9930652227178816e-05
200,0.32916843541897833,0.0016462659696117043,1.8259382247924805,2,3824,28,21,1,0.13897848129272461,1.1324882507324219e-06,3.5762786865234375e-07,29,2.0732846630853969e-05
201,0.33081470138859004,0.0016462659696117043,1.5324050188064575,2,6894,30,28,2,0.11770880222320557,1.1920928955078125e-06,3.5762786865234375e-07,61,0.00013943004143911937
202,0.33246096735820174,0.0016462659696117043,1.3022916316986084,2,6634,30,23,2,0.10528838634490967,1.1920928955078125e-06,3.5762786865234375e-07,64,0.0001184669794508038
203,0.33410723332781345,0.0016462659696117043,1.6856238842010498,2,3819,23,21,1,0.12696385383605957,1.1324882507324219e-06,3.5762786865234375e-07,29,4.8560496971890502e-05
204,0.33575349929742515,0.0016462659696117043,2.2183206081390381,2,3770,26,20,1,0.12380659580230713,1.1324882507324219e-06,3.5762786865234375e-07,45,0.00010791966275550156
205,0.33739976526703686,0.0016462659696117043,2.1753263473510742,2,3824,28,21,1,0.10238164663314819,1.1920928955078125e-06,3.5762786865234375e-07,52,8.1669638110388036e-05
206,0.33904603123664856,0.0016462659696117043,1.8333548307418823,2,3824,28,21,1,0.13938367366790771,1.1920928955078125e-06,3.5762786865234375e-07,20,2.7777229088717921e-05
207,0.34069229720626026,0.0016462659696117043,1.6356881856918335,2,6894,30,28,2,0.13737571239471436,1.1920928955078125e-06,3.5762786865234375e-07,57,0.00010990818710978922
208,0.34233856317587197,0.0016462659696117043,1.3892234563827515,2,6528,28,21,2,0.081775307655334473,1.1920928955078125e-06,3.5762786865234375e-07,60,0.00017884696952084599
209,0.34398482914548367,0.0016462659696117043,1.792804479598999,2,3819,23,21,1,0.12138879299163818,1.1324882507324219e-06,3.5762786865234375e-07,36,2.2101353992200991e-05
210,0.34563109511509538,0.0016462659696117043,2.3236620426177979,2,4190,30,28,1,0.12672126293182373,1.1920928955078125e-06,3.5762786865234375e-07,33,5.873268343602705e-05
211,0.34727736108470708,0.0016462659696117043,2.2785100936889648,2,3930,30,23,1,0.10216683149337769,1.1920928955078125e-06,3.5762786865234375e-07,34,5.8698993543146022e-05
212,0.34892362705431879,0.0016462659696117043,1.9499775171279907,2,3824,28,21,1,0.11909425258636475,1.1920928955078125e-06,3.5762786865234375e-07,35,5.2435219423079487e-05
213,0.35056989302393049,0.0016462659696117043,1.7179000377655029,2,6528,28,21,2,0.13668298721313477,1.1920928955078125e-06,3.5762786865234375e-07,44,8.6738395648653727e-05
214,0.35221615899354219,0.0016462659696117043,1.4689303636550903,2,6528,28,21,2,0.077295184135437012,1.1920928955078125e-06,3.5762786865234375e-07,44,0.00015830753399135775
215,0.3538624249631539,0.0016462659696117043,1.8218605518341064,2,4234,22,29,1,0.1185373067855835,1.1920928955078125e-06,3.5762786865234375e-07,40,1.5615113070570389e-05
216,0.3555086909327656,0.0016462659696117043,2.4187676906585693,2,4241,29,29,1,0.12638139724731445,1.1920928955078125e-06,3.5762786865234375e-07,33,5.9070646302987238e-05
217,0.35715495690237731,0.0016462659696117043,2.4162905216217041,2,3824,28,21,1,0.10761898756027222,1.1920928955078125e-06,3.5762786865234375e-07,38,6.4328395570574274e-05
218,0.35880122287198901,0.0016462659696117043,2.1248044967651367,2,3824,28,21,1,0.11285734176635742,1.1920928955078125e-06,3.5762786865234375e-07,33,6.028245802157816e-05
219,0.36044748884160072,0.0016462659696117043,1.8038700819015503,2,6528,28,21,2,0.13364696502685547,1.1920928955078125e-06,3.5762786865234375e-07,42,7.41915317745322e-05
220,0.36209375481121242,0.0016462659696117043,1.5449191331863403,2,6528,28,21,2,0.071474671363830566,1.2516975402832031e-06,3.5762786865234375e-07,48,0.00015240732454319551
221,0.36374002078082412,0.0016462659696117043,1.8481773138046265,2,4234,22,29,1,0.11120831966400146,1.1920928955078125e-06,3.5762786865234375e-07,33,1.2494243854488422e-05
222,0.36538628675043583,0.0016462659696117043,2.4421250820159912,2,4241,29,29,1,0.12706565856933594,1.2516975402832031e-06,3.5762786865234375e-07,28,5.8678215167167134e-05
223,0.36703255272004753,0.0016462659696117043,2.4995968341827393,2,3824,28,21,1,0.10279536247253418,1.2516975402832031e-06,3.5762786865234375e-07,48,8.5058021740092837e-05
224,0.36867881868965924,0.0016462659696117043,2.2948381900787354,2,3824,28,21,1,0.096713423728942871,1.1920928955078125e-06,3.5762786865234375e-07,33,5.6626922252699485e-05
225,0.37032508465927094,0.0016462659696117043,1.9347286224365234,2,3824,28,21,1,0.13546860218048096,1.2516975402832031e-06,3.5762786865234375e-07,44,5.3137237067161105e-05
226,0.37197135062888265,0.0016462659696117043,1.6366090774536133,2,6528,28,21,2,0.070484042167663574,1.2516975402832031e-06,3.5762786865234375e-07,52,0.00015037016511337858
227,0.37361761659849435,0.0016462659696117043,1.8814657926559448,2,4241,29,29,1,0.1074676513671875,1.1920928955078125e-06,3.5762786865234375e-07,34,1.254814981451239e-05
228,0.37526388256810606,0.0016462659696117043,2.4545986652374268,2,4241,29,29,1,0.12534326314926147,1.2516975402832031e-06,3.5762786865234375e-07,27,5.5097776526643447e-05
229,0.37691014853771776,0.0016462659696117043,2.6355741024017334,2,3824,28,21,1,0.10886126756668091,1.2516975402832031e-06,3.5762786865234375e-07,53,0.00011079366588561318
230,0.37855641450732946,0.0016462659696117043,2.486253023147583,2,3824,28,21,1,0.086716651916503906,1.1920928955078125e-06,3.5762786865234375e-07,33,5.4708398353045075e-05
231,0.38020268047694117,0.0016462659696117043,2.1302247047424316,2,4241,29,29,1,0.13742911815643311,1.3709068298339844e-06,3.5762786865234375e-07,36,2.4717675422181364e-05
232,0.38184894644655287,0.0016462659696117043,1.7736219167709351,2,4234,22,29,1,0.075899004936218262,1.430511474609375e-06,3.5762786865234375e-07,58,0.00015175317682598115
233,0.38349521241616458,0.0016462659696117043,1.923852801322937,2,4241,29,29,1,0.099168777465820312,1.1920928955078125e-06,3.5762786865234375e-07,36,1.9240260034466624e-05
234,0.38514147838577628,0.0016462659696117043,2.4683394432067871,2,4241,29,29,1,0.12391215562820435,1.3709068298339844e-06,3.5762786865234375e-07,20,4.3197480478058314e-05
235,0.38678774435538799,0.0016462659696117043,2.7827804088592529,2,4241,29,29,1,0.11149096488952637,1.2516975402832031e-06,3.5762786865234375e-07,56,0.00012773526815451701
236,0.38843401032499969,0.0016462659696117043,2.6915555000305176,2,4241,29,29,1,0.071755409240722656,1.1920928955078125e-06,3.5762786865234375e-07,41,4.9609363680955433e-05
237,0.39008027629461139,0.0016462659696117043,2.3623547554016113,2,4241,29,29,1,0.13909053802490234,1.430511474609375e-06,3.5762786865234375e-07,18,4.8277645980202681e-06
238,0.3917265422642231,0.0016462659696117043,1.9200676679611206,2,4241,29,29,1,0.10004150867462158,1.430511474609375e-06,3.5762786865234375e-07,57,0.00015130667523544864
239,0.3933728082338348,0.0016462659696117043,1.9785590171813965,2,4241,29,29,1,0.097818851470947266,1.1920928955078125e-06,3.5762786865234375e-07,61,4.4413796001066517e-05
240,0.39501907420344651,0.0016462659696117043,2.4926958084106445,2,4241,29,29,1,0.11681109666824341,1.3709068298339844e-06,3.5762786865234375e-07,27,2.7958510123162423e-05
241,0.39666534017305821,0.0016462659696117043,2.9783585071563721,2,3877,29,22,1,0.11552268266677856,1.3709068298339844e-06,3.5762786865234375e-07,56,0.00011569059905645674
242,0.39831160614266992,0.0016462659696117043,2.9459469318389893,2,3877,29,22,1,0.069156050682067871,1.1920928955078125e-06,3.5762786865234375e-07,36,4.2018964539659551e-05
243,0.39995787211228162,0.0016462659696117043,2.6043682098388672,2,3877,29,22,1,0.13660109043121338,1.430511474609375e-06,3.5762786865234375e-07,17,4.0343395089070573e-06
244,0.40160413808189332,0.0016462659696117043,2.1121213436126709,2,6528,28,21,2,0.12893271446228027,1.430511474609375e-06,3.5762786865234375e-07,57,0.0001375027492320879
245,0.40325040405150503,0.0016462659696117043,2.0569412708282471,2,4241,29,29,1,0.091291904449462891,1.2516975402832031e-06,3.5762786865234375e-07,80,9.0284792875138176e-05
246,0.40489667002111673,0.0016462659696117043,2.5471439361572266,2,4241,29,29,1,0.11478352546691895,1.430511474609375e-06,3.5762786865234375e-07,27,1.718087822308199e-05
247,0.40654293599072844,0.0016462659696117043,3.1892464160919189,2,3877,29,22,1,0.12375897169113159,1.3709068298339844e-06,3.5762786865234375e-07,52,8.4172681793835019e-05
248,0.40818920196034014,0.0016462659696117043,3.2252495288848877,2,3877,29,22,1,0.067915081977844238,1.2516975402832031e-06,3.5762786865234375e-07,41,5.6332928038921253e-05
249,0.40983546792995185,0.0016462659696117043,2.8628914356231689,2,3877,29,22,1,0.13561427593231201,1.430511474609375e-06,3.5762786865234375e-07,16,2.6151509285873871e-06
250,0.41148173389956355,0.0016462659696117043,2.3291032314300537,2,6528,28,21,2,0.13544714450836182,1.430511474609375e-06,3.5762786865234375e-07,73,0.00011956984365409883
251,0.41312799986917526,0.0016462659696117043,2.2104544639587402,2,4241,29,29,1,0.085012435913085938,1.2516975402832031e-06,3.5762786865234375e-07,86,0.00012157789789200798
252,0.41477426583878696,0.0016462659696117043,2.6351590156555176,2,3877,29,22,1,0.11980199813842773,1.430511474609375e-06,3.5762786865234375e-07,25,1.40526377428354e-05
253,0.41642053180839866,0.0016462659696117043,3.3202235698699951,2,3877,29,22,1,0.12317043542861938,1.430511474609375e-06,3.5762786865234375e-07,42,7.6303696430486377e-05
254,0.41806679777801037,0.0016462659696117043,3.4364347457885742,2,3877,29,22,1,0.10562902688980103,1.2516975402832031e-06,3.5762786865234375e-07,51,6.8696012498386828e-05
255,0.41971306374762207,0.0016462659696117043,3.1006488800048828,2,4241,29,29,1,0.13537847995758057,1.430511474609375e-06,3.5762786865234375e-07,22,1.3782971311527358e-05
256,0.42135932971723378,0.0016462659696117043,2.5736274719238281,2,6581,29,22,2,0.13709878921508789,1.430511474609375e-06,3.5762786865234375e-07,72,8.9972965712391888e-05
257,0.42300559568684548,0.0016462659696117043,2.3723559379577637,2,3877,29,22,1,0.077955722808837891,1.3709068298339844e-06,3.5762786865234375e-07,78,0.00012534323544299755
258,0.42465186165645719,0.0016462659696117043,2.738835334777832,2,3877,29,22,1,0.12483000755310059,1.430511474609375e-06,3.5762786865234375e-07,30,1.2575415407264282e-05
259,0.42629812762606889,0.0016462659696117043,3.4094774723052979,2,3877,29,22,1,0.12167638540267944,1.430511474609375e-06,3.5762786865234375e-07,47,7.0423936361290872e-05
260,0.42794439359568059,0.0016462659696117043,3.6140627861022949,2,3877,29,22,1,0.10806602239608765,1.2516975402832031e-06,3.5762786865234375e-07,55,8.2099018569725836e-05
261,0.4295906595652923,0.0016462659696117043,3.2929854393005371,2,4241,29,29,1,0.11999142169952393,1.430511474609375e-06,3.5762786865234375e-07,31,3.1280101141566028e-05
262,0.431236925534904,0.0016462659696117043,2.8016741275787354,2,6581,29,22,2,0.13421022891998291,1.430511474609375e-06,3.5762786865234375e-07,62,6.9943857666044485e-05
263,0.43288319150451571,0.0016462659696117043,2.4829795360565186,2,3877,29,22,1,0.077027320861816406,1.430511474609375e-06,3.5762786865234375e-07,78,0.00012336148709004224
264,0.43452945747412741,0.0016462659696117043,2.7840275764465332,2,3877,29,22,1,0.11416137218475342,1.430511474609375e-06,3.5762786865234375e-07,49,1.5050926568628028e-05
265,0.43617572344373912,0.0016462659696117043,3.4544141292572021,2,3877,29,22,1,0.11947888135910034,1.4901161193847656e-06,3.5762786865234375e-07,44,6.4535562690290553e-05
266,0.43782198941335082,0.0016462659696117043,3.7510507106781006,2,3877,29,22,1,0.10749292373657227,1.3709068298339844e-06,3.5762786865234375e-07,65,0.00010635528737096223
267,0.43946825538296252,0.0016462659696117043,3.4536271095275879,2,3877,29,22,1,0.094864606857299805,1.430511474609375e-06,3.5762786865234375e-07,31,3.8197431578499108e-05
268,0.44111452135257423,0.0016462659696117043,3.0085556507110596,2,6581,29,22,2,0.13726532459259033,1.4901161193847656e-06,3.5762786865234375e-07,64,5.3064600331715517e-05
269,0.44276078732218593,0.0016462659696117043,2.5951955318450928,2,6945,29,29,2,0.083445906639099121,1.430511474609375e-06,3.5762786865234375e-07,88,0.00012527532191373853
270,0.44440705329179764,0.0016462659696117043,2.7699875831604004,2,3877,29,22,1,0.11300361156463623,1.430511474609375e-06,3.5762786865234375e-07,58,2.7311037907139304e-05
271,0.44605331926140934,0.0016462659696117043,3.4314916133880615,2,3877,29,22,1,0.12288498878479004,1.4901161193847656e-06,3.5762786865234375e-07,44,6.3358650065336602e-05
272,0.44769958523102105,0.0016462659696117043,3.8078610897064209,2,3877,29,22,1,0.10630851984024048,1.3709068298339844e-06,3.5762786865234375e-07,76,0.00011900078749768366
273,0.44934585120063275,0.0016462659696117043,3.5882220268249512,2,6581,29,22,2,0.10290932655334473,1.430511474609375e-06,3.5762786865234375e-07,38,3.40797793093327e-05
274,0.45099211717024446,0.0016462659696117043,3.1743416786193848,2,6938,22,29,2,0.1396629810333252,1.5497207641601562e-06,4.76837158203125e-07,51,3.1416540211545295e-05
275,0.45263838313985616,0.0016462659696117043,2.6913845539093018,2,6945,29,29,2,0.10040283203125,1.430511474609375e-06,3.5762786865234375e-07,91,0.00012484333312180542
276,0.45428464910946786,0.0016462659696117043,2.7300658226013184,2,6945,29,29,2,0.11047947406768799,1.4901161193847656e-06,3.5762786865234375e-07,59,4.1021748333871303e-05
277,0.45593091507907957,0.0016462659696117043,3.3210835456848145,2,3877,29,22,1,0.13580918312072754,1.5497207641601562e-06,4.76837158203125e-07,44,5.8587266385564438e-05
278,0.45757718104869127,0.0016462659696117043,3.7743628025054932,2,3877,29,22,1,0.1157233715057373,1.430511474609375e-06,3.5762786865234375e-07,71,0.00011232313663663608
279,0.45922344701830298,0.0016462659696117043,3.7211968898773193,2,6581,29,22,2,0.10299801826477051,1.430511474609375e-06,3.5762786865234375e-07,39,4.8208349243433018e-05
280,0.46086971298791468,0.0016462659696117043,3.2941024303436279,2,6938,22,29,2,0.12099611759185791,1.5497207641601562e-06,4.76837158203125e-07,48,2.6667535013874201e-05
281,0.46251597895752639,0.0016462659696117043,2.7715082168579102,2,9642,22,29,3,0.13079452514648438,1.430511474609375e-06,3.5762786865234375e-07,94,0.00012689651359640199
282,0.46416224492713809,0.0016462659696117043,2.7259631156921387,2,6581,29,22,2,0.098600625991821289,1.4901161193847656e-06,3.5762786865234375e-07,64,6.5762690853060616e-05
283,0.46580851089674979,0.0016462659696117043,3.2335970401763916,2,6581,29,22,2,0.13892006874084473,1.5497207641601562e-06,4.76837158203125e-07,53,4.9898899776304532e-05
284,0.4674547768663615,0.0016462659696117043,3.7691123485565186,2,6581,29,22,2,0.1066935658454895,1.430511474609375e-06,3.5762786865234375e-07,85,0.00010512024977480352
285,0.4691010428359732,0.0016462659696117043,3.8196010589599609,2,6938,22,29,2,0.1006695032119751,1.430511474609375e-06,3.5762786865234375e-07,48,5.3135647838353253e-05
286,0.47074730880558491,0.0016462659696117043,3.3325724601745605,2,6938,22,29,2,0.11814278364181519,1.5497207641601562e-06,4.76837158203125e-07,54,3.9322372286316569e-05
287,0.47239357477519661,0.0016462659696117043,2.866070032119751,2,6686,30,24,2,0.13239431381225586,1.430511474609375e-06,3.5762786865234375e-07,116,0.00011809156530313323
288,0.47403984074480832,0.0016462659696117043,2.6557834148406982,2,6581,29,22,2,0.084781289100646973,1.4901161193847656e-06,3.5762786865234375e-07,64,7.6273838414388893e-05
289,0.47568610671442002,0.0016462659696117043,3.1881327629089355,2,6581,29,22,2,0.14768099784851074,1.6093254089355469e-06,4.76837158203125e-07,57,3.18547168975421e-05
290,0.47733237268403172,0.0016462659696117043,3.7904317378997803,2,6938,22,29,2,0.1139150857925415,1.4901161193847656e-06,3.5762786865234375e-07,102,0.00010459371470376032
291,0.47897863865364343,0.0016462659696117043,3.9496572017669678,2,3982,30,24,1,0.099524378776550293,1.4901161193847656e-06,3.5762786865234375e-07,63,4.5224553425507129e-05
292,0.48062490462325513,0.0016462659696117043,3.5113863945007324,2,3982,30,24,1,0.12263476848602295,1.6093254089355469e-06,4.76837158203125e-07,53,3.9772625006168244e-05
293,0.48227117059286684,0.0016462659696117043,3.1137230396270752,2,6686,30,24,2,0.13534176349639893,1.430511474609375e-06,4.76837158203125e-07,130,0.00012191569744572926
294,0.48391743656247854,0.0016462659696117043,2.7522249221801758,2,6686,30,24,2,0.07715153694152832,1.5497207641601562e-06,3.5762786865234375e-07,95,0.00010002789792632133
295,0.48556370253209025,0.0016462659696117043,3.0930271148681641,2,6581,29,22,2,0.15720748901367188,1.6093254089355469e-06,4.76837158203125e-07,55,1.6934274915534521e-05
296,0.48720996850170195,0.0016462659696117043,3.7563679218292236,2,6938,22,29,2,0.10697484016418457,1.5497207641601562e-06,4.76837158203125e-07,106,0.00012981342402091853
297,0.48885623447131366,0.0016462659696117043,4.066864013671875,2,3982,30,24,1,0.095919311046600342,1.4901161193847656e-06,3.5762786865234375e-07,92,4.4572191568392496e-05
298,0.49050250044092536,0.0016462659696117043,3.7303812503814697,2,6686,30,24,2,0.12525570392608643,1.6689300537109375e-06,4.76837158203125e-07,54,4.5454749618621871e-05
299,0.49214876641053706,0.0016462659696117043,3.3111722469329834,2,6686,30,24,2,0.11580979824066162,1.5497207641601562e-06,4.76837158203125e-07,133,0.0001475060293406794
300,0.49379503238014877,0.0016462659696117043,2.8480751514434814,2,6686,30,24,2,0.073232293128967285,1.5497207641601562e-06,4.76837158203125e-07,126,0.00011814445001116086
301,0.49544129834976047,0.0016462659696117043,2.9947128295898438,2,6842,30,27,2,0.15648126602172852,1.6689300537109375e-06,4.76837158203125e-07,46,1.273631582647606e-05
302,0.49708756431937218,0.0016462659696117043,3.6639771461486816,2,6938,22,29,2,0.11881601810455322,1.5497207641601562e-06,4.76837158203125e-07,113,0.00014824322716167811
303,0.49873383028898388,0.0016462659696117043,4.1244559288024902,2,3982,30,24,1,0.097591936588287354,1.5497207641601562e-06,4.76837158203125e-07,114,8.5555967526757201e-05
304,0.50038009625859559,0.0016462659696117043,3.9017961025238037,2,6686,30,24,2,0.12912261486053467,1.6689300537109375e-06,4.76837158203125e-07,58,3.3958598305843965e-05
305,0.50202636222820729,0.0016462659696117043,3.4448075294494629,2,6686,30,24,2,0.13278985023498535,1.5497207641601562e-06,4.76837158203125e-07,153,0.00014164322962382115
306,0.50367262819781899,0.0016462659696117043,2.9949538707733154,2,9228,24,21,3,0.074302196502685547,1.6093254089355469e-06,4.76837158203125e-07,150,0.00016703559263327264
307,0.5053188941674307,0.0016462659696117043,3.0198957920074463,2,6842,30,27,2,0.15127992630004883,1.6689300537109375e-06,4.76837158203125e-07,55,2.0620725051249233e-05
308,0.5069651601370424,0.0016462659696117043,3.5363600254058838,2,6938,22,29,2,0.13372623920440674,1.6689300537109375e-06,4.76837158203125e-07,99,0.00011526372523792603
309,0.50861142610665411,0.0016462659696117043,4.1059126853942871,2,4034,30,25,1,0.093328773975372314,1.5497207641601562e-06,4.76837158203125e-07,122,0.00013690618625878317
310,0.51025769207626581,0.0016462659696117043,4.016258716583252,2,6686,30,24,2,0.10814595222473145,1.6689300537109375e-06,4.76837158203125e-07,67,3.1138420940594554e-05
311,0.51190395804587752,0.0016462659696117043,3.5699913501739502,2,6524,24,21,2,0.13378965854644775,1.6689300537109375e-06,4.76837158203125e-07,153,0.00011199516015845184
312,0.51355022401548922,0.0016462659696117043,3.2104423046112061,2,9228,24,21,3,0.080033779144287109,1.6093254089355469e-06,4.76837158203125e-07,171,0.00016735971431141395
313,0.51519648998510092,0.0016462659696117043,2.9882819652557373,2,6527,27,21,2,0.13869714736938477,1.7881393432617188e-06,4.76837158203125e-07,80,3.4694284522461564e-05
314,0.51684275595471263,0.0016462659696117043,3.4582304954528809,2,4034,30,25,1,0.13800859451293945,1.6689300537109375e-06,4.76837158203125e-07,88,0.00010104298387061752
315,0.51848902192432433,0.0016462659696117043,4.3818798065185547,2,4034,30,25,1,0.10107946395874023,1.6093254089355469e-06,4.76837158203125e-07,111,0.00012513691585533916
316,0.52013528789393604,0.0016462659696117043,4.192624568939209,2,4034,30,25,1,0.1038593053817749,1.7881393432617188e-06,4.76837158203125e-07,94,5.1136394067503407e-05
317,0.52178155386354774,0.0016462659696117043,3.8206257820129395,2,9696,24,30,3,0.1191590428352356,1.6689300537109375e-06,4.76837158203125e-07,158,0.0001051022080662178
318,0.52342781983315945,0.0016462659696117043,3.4313220977783203,2,9228,24,21,3,0.091042637825012207,1.6689300537109375e-06,4.76837158203125e-07,169,0.00015969063874328476
319,0.52507408580277115,0.0016462659696117043,3.0572712421417236,2,9228,24,21,3,0.12726867198944092,1.9073486328125e-06,4.76837158203125e-07,107,5.5833568734406526e-05
320,0.52672035177238286,0.0016462659696117043,3.4654304981231689,2,4025,21,25,1,0.14114773273468018,1.7881393432617188e-06,4.76837158203125e-07,98,9.1161803691892202e-05
321,0.52836661774199456,0.0016462659696117043,4.5465054512023926,2,4034,30,25,1,0.10860860347747803,1.6689300537109375e-06,4.76837158203125e-07,109,0.00010160185757209413
322,0.53001288371160626,0.0016462659696117043,4.5969295501708984,2,4034,30,25,1,0.093895792961120605,1.9073486328125e-06,4.76837158203125e-07,110,5.1570896353211221e-05
323,0.53165914968121797,0.0016462659696117043,4.0538697242736816,2,9228,24,21,3,0.12398356199264526,1.7881393432617188e-06,4.76837158203125e-07,171,9.4852124901875835e-05
324,0.53330541565082967,0.0016462659696117043,3.608405590057373,2,9228,24,21,3,0.10475361347198486,1.6689300537109375e-06,4.76837158203125e-07,155,0.00014524878876731969
325,0.53495168162044138,0.0016462659696117043,3.1070163249969482,2,9228,24,21,3,0.1182781457901001,2.0265579223632812e-06,4.76837158203125e-07,126,7.7317945460445413e-05
326,0.53659794759005308,0.0016462659696117043,3.5001289844512939,2,4034,30,25,1,0.13951683044433594,1.9073486328125e-06,4.76837158203125e-07,127,9.3692289309118773e-05
327,0.53824421355966479,0.0016462659696117043,4.6831326484680176,2,4034,30,25,1,0.10604715347290039,1.7881393432617188e-06,4.76837158203125e-07,98,9.6735085420985065e-05
328,0.53989047952927649,0.0016462659696117043,4.8608860969543457,2,4034,30,25,1,0.084707021713256836,2.0265579223632812e-06,4.76837158203125e-07,120,4.5391042305818855e-05
329,0.54153674549888819,0.0016462659696117043,4.3787841796875,2,9442,30,25,3,0.1234171986579895,1.9073486328125e-06,4.76837158203125e-07,156,7.7369714864438665e-05
330,0.5431830114684999,0.0016462659696117043,3.7227118015289307,2,9442,30,25,3,0.10921919345855713,1.6689300537109375e-06,4.76837158203125e-07,163,0.00013145441296771363
331,0.5448292774381116,0.0016462659696117043,3.0305399894714355,2,9228,24,21,3,0.10560083389282227,2.1457672119140625e-06,4.76837158203125e-07,133,9.0953559510210334e-05
332,0.54647554340772331,0.0016462659696117043,3.5815572738647461,2,4034,30,25,1,0.13199722766876221,2.0265579223632812e-06,4.76837158203125e-07,143,8.1971403603532206e-05
333,0.54812180937733501,0.0016462659696117043,4.811337947845459,2,4034,30,25,1,0.095662295818328857,1.9073486328125e-06,4.76837158203125e-07,97,9.2191419121290312e-05
334,0.54976807534694672,0.0016462659696117043,5.0729804039001465,2,3821,25,21,1,0.080167293548583984,2.1457672119140625e-06,4.76837158203125e-07,121,4.251190059781056e-05
335,0.55141434131655842,0.0016462659696117043,4.6792664527893066,2,9698,26,30,3,0.11979353427886963,2.0265579223632812e-06,4.76837158203125e-07,153,6.3644987279123908e-05
336,0.55306060728617013,0.0016462659696117043,3.9894375801086426,2,12146,30,25,4,0.10660958290100098,1.9073486328125e-06,4.76837158203125e-07,156,0.00011842655810968795
337,0.55470687325578183,0.0016462659696117043,3.2445106506347656,2,12146,30,25,4,0.096446990966796875,2.2649765014648438e-06,5.3644180297851562e-07,149,9.9719215761654147e-05
338,0.55635313922539353,0.0016462659696117043,3.6768913269042969,2,4034,30,25,1,0.11982309818267822,2.1457672119140625e-06,4.76837158203125e-07,169,8.2066753582453488e-05
339,0.55799940519500524,0.0016462659696117043,4.8874650001525879,2,4034,30,25,1,0.086558103561401367,2.0265579223632812e-06,4.76837158203125e-07,113,8.3648695444180023e-05
340,0.55964567116461694,0.0016462659696117043,5.3141703605651855,2,6738,30,25,2,0.080318450927734375,2.2649765014648438e-06,5.3644180297851562e-07,136,4.5693767985165355e-05
341,0.56129193713422865,0.0016462659696117043,5.0581092834472656,2,9698,26,30,3,0.11174219846725464,2.1457672119140625e-06,4.76837158203125e-07,165,6.4936538550179038e-05
342,0.56293820310384035,0.0016462659696117043,4.2979254722595215,2,12146,30,25,4,0.095437169075012207,2.0265579223632812e-06,4.76837158203125e-07,152,0.00012288676726083281
343,0.56458446907345206,0.0016462659696117043,3.5039136409759521,2,12146,30,25,4,0.089690923690795898,2.5033950805664062e-06,5.3644180297851562e-07,163,0.00011225579587118409
344,0.56623073504306376,0.0016462659696117043,3.754586935043335,2,4077,21,26,1,0.10775601863861084,2.3245811462402344e-06,4.76837158203125e-07,185,8.5575168911799701e-05
345,0.56787700101267546,0.0016462659696117043,4.8544173240661621,2,4290,26,30,1,0.078888058662414551,2.1457672119140625e-06,4.76837158203125e-07,136,8.3291750265556075e-05
346,0.56952326698228717,0.0016462659696117043,5.5214853286743164,2,6994,26,30,2,0.094003796577453613,2.3245811462402344e-06,5.3644180297851562e-07,137,4.7873522247235401e-05
347,0.57116953295189887,0.0016462659696117043,5.3736677169799805,2,9698,26,30,3,0.10493099689483643,2.2649765014648438e-06,4.76837158203125e-07,176,6.9690829916787492e-05
348,0.57281579892151058,0.0016462659696117043,4.6644716262817383,2,12402,26,30,4,0.097507834434509277,2.0265579223632812e-06,4.76837158203125e-07,169,0.00012252440153325835
349,0.57446206489112228,0.0016462659696117043,3.8098897933959961,2,11933,25,21,4,0.090011954307556152,2.5033950805664062e-06,5.3644180297851562e-07,188,0.00011852867543052663
350,0.57610833086073399,0.0016462659696117043,3.6980865001678467,2,4077,21,26,1,0.092708468437194824,2.6226043701171875e-06,5.3644180297851562e-07,206,9.7584836315607756e-05
351,0.57775459683034569,0.0016462659696117043,4.7005472183227539,2,4077,21,26,1,0.080683112144470215,2.2649765014648438e-06,4.76837158203125e-07,168,8.6390423951950482e-05
352,0.57940086279995739,0.0016462659696117043,5.4371137619018555,2,6994,26,30,2,0.092797279357910156,2.5033950805664062e-06,5.3644180297851562e-07,161,5.5552925260973632e-05
353,0.5810471287695691,0.0016462659696117043,5.4661130905151367,2,9698,26,30,3,0.10151636600494385,2.5629997253417969e-06,5.3644180297851562e-07,180,7.1030817830261035e-05
354,0.5826933947391808,0.0016462659696117043,4.9782476425170898,2,12402,26,30,4,0.095484256744384766,2.1457672119140625e-06,4.76837158203125e-07,183,0.00010576106023751134
355,0.58433966070879251,0.0016462659696117043,4.0628466606140137,2,14850,30,25,5,0.092220425605773926,2.5033950805664062e-06,5.3644180297851562e-07,208,0.00012248547493345829
356,0.58598592667840421,0.0016462659696117043,3.68695068359375,2,3929,29,23,1,0.084629297256469727,2.8014183044433594e-06,5.3644180297851562e-07,229,0.00011141173984344399
357,0.58763219264801592,0.0016462659696117043,4.5638489723205566,2,4034,30,25,1,0.08265310525894165,2.4437904357910156e-06,4.76837158203125e-07,189,7.8615444389228736e-05
358,0.58927845861762762,0.0016462659696117043,5.3102025985717773,2,6994,26,30,2,0.090871691703796387,2.6226043701171875e-06,5.3644180297851562e-07,189,6.6230975787380091e-05
359,0.59092472458723933,0.0016462659696117043,5.4453506469726562,2,9698,26,30,3,0.10111415386199951,2.7418136596679688e-06,5.3644180297851562e-07,214,8.0612505482655712e-05
360,0.59257099055685103,0.0016462659696117043,5.143794059753418,2,12402,26,30,4,0.091110467910766602,2.2649765014648438e-06,4.76837158203125e-07,176,9.0476515852787155e-05
361,0.59421725652646273,0.0016462659696117043,4.3285727500915527,2,15106,26,30,5,0.095047473907470703,2.6226043701171875e-06,5.3644180297851562e-07,221,0.00012483039401704779
362,0.59586352249607444,0.0016462659696117043,3.6819119453430176,2,4240,28,29,1,0.088638544082641602,2.9802322387695312e-06,5.3644180297851562e-07,247,0.00013211743950228456
363,0.59750978846568614,0.0016462659696117043,4.4930195808410645,2,4034,30,25,1,0.07992100715637207,2.6226043701171875e-06,4.76837158203125e-07,220,9.0980750084157343e-05
364,0.59915605443529785,0.0016462659696117043,5.1920580863952637,2,6790,30,26,2,0.090049505233764648,2.7418136596679688e-06,5.3644180297851562e-07,211,8.0627525683068106e-05
365,0.60080232040490955,0.0016462659696117043,5.3367667198181152,2,9698,26,30,3,0.099635124206542969,2.9802322387695312e-06,5.3644180297851562e-07,226,9.3557472556538495e-05
366,0.60244858637452126,0.0016462659696117043,5.1428608894348145,2,12402,26,30,4,0.090696454048156738,2.4437904357910156e-06,4.76837158203125e-07,179,9.8400990646922845e-05
367,0.60409485234413296,0.0016462659696117043,4.5435571670532227,2,15106,26,30,5,0.095526576042175293,2.6822090148925781e-06,5.3644180297851562e-07,233,0.00012648911944734075
368,0.60574111831374466,0.0016462659696117043,3.6849474906921387,2,4189,29,28,1,0.091198086738586426,3.1590461730957031e-06,5.3644180297851562e-07,267,0.00015219263827129421
369,0.60738738428335637,0.0016462659696117043,4.3782753944396973,2,4034,30,25,1,0.08216094970703125,2.9206275939941406e-06,4.76837158203125e-07,233,0.00011402988604360504
370,0.60903365025296807,0.0016462659696117043,5.0832982063293457,2,6790,30,26,2,0.08880162239074707,2.9802322387695312e-06,5.9604644775390625e-07,245,9.0129969576970961e-05
371,0.61067991622257978,0.0016462659696117043,5.2239108085632324,2,9698,26,30,3,0.09951317310333252,2.9802322387695312e-06,5.9604644775390625e-07,234,9.7970868923470921e-05
372,0.61232618219219148,0.0016462659696117043,5.1045012474060059,2,12402,26,30,4,0.097829580307006836,2.5629997253417969e-06,4.76837158203125e-07,199,0.00010561751540024837
373,0.61397244816180319,0.0016462659696117043,4.626309871673584,2,15106,26,30,5,0.091460108757019043,2.7418136596679688e-06,5.9604644775390625e-07,259,0.00012670286480658243
374,0.61561871413141489,0.0016462659696117043,3.7414300441741943,2,12301,29,28,4,0.092806339263916016,3.2186508178710938e-06,5.9604644775390625e-07,266,0.00015593020576202019
375,0.61726498010102659,0.0016462659696117043,4.2995762825012207,2,3981,29,24,1,0.083322048187255859,2.9802322387695312e-06,4.76837158203125e-07,260,0.00013578862720712036
376,0.6189112460706383,0.0016462659696117043,5.040036678314209,2,6738,30,25,2,0.090004563331604004,3.0994415283203125e-06,5.9604644775390625e-07,302,0.0001160233038462343
377,0.62055751204025,0.0016462659696117043,5.1729674339294434,2,9494,30,26,3,0.096887588500976562,3.0994415283203125e-06,5.9604644775390625e-07,254,0.00010213774625099602
378,0.62220377800986171,0.0016462659696117043,5.0099983215332031,2,12402,26,30,4,0.097463488578796387,2.6226043701171875e-06,4.76837158203125e-07,240,0.00011133694815886019
379,0.62385004397947341,0.0016462659696117043,4.7237744331359863,2,12301,29,28,4,0.088058710098266602,2.7418136596679688e-06,5.9604644775390625e-07,289,0.00012261031680573135
380,0.62549630994908512,0.0016462659696117043,3.9133307933807373,2,17810,26,30,6,0.097054600715637207,3.2186508178710938e-06,5.9604644775390625e-07,292,0.00015845519853986665
381,0.62714257591869682,0.0016462659696117043,4.238032341003418,2,4239,27,29,1,0.090205669403076172,3.0994415283203125e-06,5.3644180297851562e-07,295,0.00017647876220021992
382,0.62878884188830853,0.0016462659696117043,4.9833240509033203,2,6738,30,25,2,0.088441252708435059,3.0994415283203125e-06,5.9604644775390625e-07,300,0.00013537313591204667
383,0.63043510785792023,0.0016462659696117043,5.1586718559265137,2,9336,28,23,3,0.098278999328613281,3.0994415283203125e-06,5.9604644775390625e-07,259,0.00010154975235361265
384,0.63208137382753193,0.0016462659696117043,4.9648890495300293,2,12402,26,30,4,0.095000028610229492,2.5629997253417969e-06,5.3644180297851562e-07,253,0.00012590501053656676
385,0.63372763979714364,0.0016462659696117043,4.7847127914428711,2,15106,26,30,5,0.088205933570861816,2.7418136596679688e-06,5.9604644775390625e-07,292,0.00012981511586062302
386,0.63537390576675534,0.0016462659696117043,4.2185392379760742,2,15005,29,28,5,0.095409512519836426,3.0994415283203125e-06,5.9604644775390625e-07,287,0.00015582903989444936
387,0.63702017173636705,0.0016462659696117043,4.194580078125,2,4130,22,27,1,0.090434789657592773,2.9802322387695312e-06,5.3644180297851562e-07,327,0.00019499411278566271
388,0.63866643770597875,0.0016462659696117043,4.8253049850463867,2,6685,29,24,2,0.086182117462158203,3.0994415283203125e-06,5.9604644775390625e-07,334,0.00017502439786021924
389,0.64031270367559046,0.0016462659696117043,5.0776610374450684,2,9336,28,23,3,0.094515442848205566,3.0994415283203125e-06,5.9604644775390625e-07,280,9.4167538634844079e-05
390,0.64195896964520216,0.0016462659696117043,4.9436464309692383,2,12402,26,30,4,0.098881721496582031,2.5033950805664062e-06,5.3644180297851562e-07,290,0.00012664642521040582
391,0.64360523561481386,0.0016462659696117043,4.8240971565246582,2,15106,26,30,5,0.089856505393981934,2.6822090148925781e-06,5.9604644775390625e-07,302,0.00013932962223915779
392,0.64525150158442557,0.0016462659696117043,4.527346134185791,2,15005,29,28,5,0.091995000839233398,2.9802322387695312e-06,5.9604644775390625e-07,301,0.00014680884279594694
393,0.64689776755403727,0.0016462659696117043,4.2316417694091797,2,6685,29,24,2,0.090622782707214355,2.7418136596679688e-06,5.3644180297851562e-07,357,0.00020835218327445404
394,0.64854403352364898,0.0016462659696117043,4.6678667068481445,2,6685,29,24,2,0.085136890411376953,2.9802322387695312e-06,5.9604644775390625e-07,367,0.00021514942964782712
395,0.65019029949326068,0.0016462659696117043,5.0623126029968262,2,9591,23,28,3,0.088754057884216309,2.9802322387695312e-06,5.9604644775390625e-07,308,0.00010050427089349879
396,0.65183656546287239,0.0016462659696117043,5.0770058631896973,2,12295,23,28,4,0.096959233283996582,2.2649765014648438e-06,5.3644180297851562e-07,303,0.00011928709396252989
397,0.65348283143248409,0.0016462659696117043,4.7965054512023926,2,14745,29,23,5,0.09461367130279541,2.5629997253417969e-06,5.9604644775390625e-07,309,0.00015339349768949355
398,0.65512909740209579,0.0016462659696117043,4.659487247467041,2,15005,29,28,5,0.089749336242675781,2.7418136596679688e-06,5.9604644775390625e-07,320,0.0001621312156812233
399,0.6567753633717075,0.0016462659696117043,4.2951264381408691,2,6685,29,24,2,0.097360670566558838,2.5033950805664062e-06,5.3644180297851562e-07,369,0.00019368493633222371
400,0.6584216293413192,0.0016462659696117043,4.4151878356933594,2,6685,29,24,2,0.090502142906188965,2.9206275939941406e-06,5.9604644775390625e-07,410,0.00025056106783070487
401,0.66006789531093091,0.0016462659696117043,4.9636282920837402,2,9591,23,28,3,0.087126970291137695,2.9206275939941406e-06,5.9604644775390625e-07,342,0.00013911316716777478
402,0.66171416128054261,0.0016462659696117043,5.1156888008117676,2,12295,23,28,4,0.10228383541107178,2.1457672119140625e-06,5.3644180297851562e-07,339,0.0001119247076954878
403,0.66336042725015432,0.0016462659696117043,4.8686790466308594,2,14745,29,23,5,0.10021328926086426,2.4437904357910156e-06,5.9604644775390625e-07,346,0.000158134786025371
404,0.66500669321976602,0.0016462659696117043,4.6580972671508789,2,14999,23,28,5,0.092214226722717285,2.6226043701171875e-06,5.9604644775390625e-07,357,0.00018548539567013402
405,0.66665295918937773,0.0016462659696117043,4.4036316871643066,2,6685,29,24,2,0.10339021682739258,2.2649765014648438e-06,5.3644180297851562e-07,387,0.00018690569990261472
406,0.66829922515898943,0.0016462659696117043,4.4167647361755371,2,9389,29,24,3,0.091136932373046875,2.6226043701171875e-06,5.9604644775390625e-07,434,0.00028298594079014677
407,0.66994549112860113,0.0016462659696117043,4.767127513885498,2,9545,29,27,3,0.080151557922363281,2.7418136596679688e-06,5.9604644775390625e-07,355,0.00018571291005661046
408,0.67159175709821284,0.0016462659696117043,5.1270933151245117,2,12035,23,23,4,0.1068263053894043,2.2649765014648438e-06,5.3644180297851562e-07,344,0.00011417477407820452
409,0.67323802306782454,0.0016462659696117043,4.9605073928833008,2,14739,23,23,5,0.099788308143615723,2.2649765014648438e-06,5.9604644775390625e-07,354,0.00017504828667210258
410,0.67488428903743625,0.0016462659696117043,4.7932815551757812,2,14999,23,28,5,0.095470786094665527,2.4437904357910156e-06,5.3644180297851562e-07,375,0.00019340180826067893
411,0.67653055500704795,0.0016462659696117043,4.5886087417602539,2,6685,29,24,2,0.098383128643035889,2.1457672119140625e-06,5.3644180297851562e-07,401,0.00018408318058547708
412,0.67817682097665966,0.0016462659696117043,4.3963770866394043,2,9389,29,24,3,0.092443227767944336,2.5033950805664062e-06,5.9604644775390625e-07,436,0.00028403767649713251
413,0.67982308694627136,0.0016462659696117043,4.5943841934204102,2,9545,29,27,3,0.084233403205871582,2.6226043701171875e-06,5.9604644775390625e-07,380,0.00022245025484143516
414,0.68146935291588306,0.0016462659696117043,5.1419363021850586,2,12035,23,23,4,0.098414421081542969,2.3245811462402344e-06,5.3644180297851562e-07,343,0.00012808040873658658
415,0.68311561888549477,0.0016462659696117043,5.0204248428344727,2,14739,23,23,5,0.10189104080200195,2.4437904357910156e-06,5.9604644775390625e-07,354,0.00017768907934997101
416,0.68476188485510647,0.0016462659696117043,4.7675094604492188,2,17449,29,23,6,0.090224742889404297,2.2649765014648438e-06,5.3644180297851562e-07,390,0.00020033493562535929
417,0.68640815082471818,0.0016462659696117043,4.7334160804748535,2,6685,29,24,2,0.090201735496520996,2.1457672119140625e-06,5.3644180297851562e-07,422,0.00019307298467197435
418,0.68805441679432988,0.0016462659696117043,4.4287862777709961,2,9389,29,24,3,0.095206975936889648,2.3245811462402344e-06,5.9604644775390625e-07,461,0.00027374916143125665
419,0.68970068276394159,0.0016462659696117043,4.4510903358459473,2,9591,23,28,3,0.088943243026733398,2.4437904357910156e-06,5.3644180297851562e-07,417,0.00025274634474819227
420,0.69134694873355329,0.0016462659696117043,5.0675520896911621,2,12035,23,23,4,0.094670653343200684,2.6226043701171875e-06,5.3644180297851562e-07,368,0.00014563364712603252
421,0.69299321470316499,0.0016462659696117043,5.0901622772216797,2,14739,23,23,5,0.10228776931762695,2.6226043701171875e-06,5.9604644775390625e-07,385,0.00017863120411629042
422,0.6946394806727767,0.0016462659696117043,4.8205490112304688,2,17703,23,28,6,0.096120119094848633,2.2649765014648438e-06,5.3644180297851562e-07,431,0.00021478993440717065
423,0.6962857466423884,0.0016462659696117043,4.7825593948364258,2,6834,22,27,2,0.091929078102111816,2.2649765014648438e-06,5.3644180297851562e-07,431,0.00022564709878546179
424,0.69793201261200011,0.0016462659696117043,4.5199995040893555,2,9389,29,24,3,0.092769145965576172,2.5033950805664062e-06,5.9604644775390625e-07,482,0.00026976671112379695
425,0.69957827858161181,0.0016462659696117043,4.2588043212890625,2,12351,27,29,4,0.091289997100830078,2.2649765014648438e-06,5.3644180297851562e-07,455,0.00027423547743333322
426,0.70122454455122352,0.0016462659696117043,4.925835132598877,2,12295,23,28,4,0.089210271835327148,2.9206275939941406e-06,5.3644180297851562e-07,405,0.00018967258152846893
427,0.70287081052083522,0.0016462659696117043,5.1209096908569336,2,14739,23,23,5,0.10541963577270508,2.9802322387695312e-06,5.9604644775390625e-07,405,0.00019598442462944159
428,0.70451707649044693,0.0016462659696117043,4.9051694869995117,2,17703,23,28,6,0.09530484676361084,2.5033950805664062e-06,5.3644180297851562e-07,438,0.00022075152728487509
429,0.70616334246005863,0.0016462659696117043,4.7608323097229004,2,17703,23,28,6,0.094712972640991211,2.5033950805664062e-06,5.3644180297851562e-07,464,0.00025740002800872459
430,0.70780960842967033,0.0016462659696117043,4.6631579399108887,2,9389,29,24,3,0.089702248573303223,2.6822090148925781e-06,5.9604644775390625e-07,516,0.00025904790781074752
431,0.70945587439928204,0.0016462659696117043,4.3338680267333984,2,12300,28,28,4,0.094283938407897949,2.2649765014648438e-06,5.3644180297851562e-07,484,0.00028693226566789474
432,0.71110214036889374,0.0016462659696117043,4.695713996887207,2,12295,23,28,4,0.086999297142028809,3.2186508178710938e-06,5.9604644775390625e-07,465,0.00024376113847734669
433,0.71274840633850545,0.0016462659696117043,5.0795683860778809,2,14739,23,23,5,0.10465121269226074,3.5762786865234375e-06,5.9604644775390625e-07,457,0.000203344393011869
434,0.71439467230811715,0.0016462659696117043,4.9966883659362793,2,17703,23,28,6,0.097124338150024414,2.9802322387695312e-06,5.3644180297851562e-07,451,0.00021252446648807371
435,0.71604093827772886,0.0016462659696117043,4.8027791976928711,2,17703,23,28,6,0.093108773231506348,2.7418136596679688e-06,5.9604644775390625e-07,476,0.00027038859915317476
436,0.71768720424734056,0.0016462659696117043,4.7452287673950195,2,9389,29,24,3,0.091423153877258301,3.0994415283203125e-06,5.9604644775390625e-07,541,0.00025957506870502751
437,0.71933347021695226,0.0016462659696117043,4.3818206787109375,2,12300,28,28,4,0.09383392333984375,2.3245811462402344e-06,5.3644180297851562e-07,496,0.00029031908953062514
438,0.72097973618656397,0.0016462659696117043,4.476130485534668,2,12249,29,27,4,0.085616707801818848,3.337860107421875e-06,5.9604644775390625e-07,483,0.00027115025347370991
439,0.72262600215617567,0.0016462659696117043,4.9778428077697754,2,14739,23,23,5,0.099501609802246094,4.1127204895019531e-06,5.9604644775390625e-07,495,0.00021452920872961557
440,0.72427226812578738,0.0016462659696117043,4.998206615447998,2,17443,23,23,6,0.10081362724304199,3.5762786865234375e-06,5.9604644775390625e-07,471,0.00020694308090976921
441,0.72591853409539908,0.0016462659696117043,4.8262519836425781,2,20407,23,28,7,0.097048282623291016,3.0994415283203125e-06,5.9604644775390625e-07,488,0.0002757306889121597
442,0.72756480006501079,0.0016462659696117043,4.6645526885986328,2,9389,29,24,3,0.092322707176208496,3.5762786865234375e-06,5.9604644775390625e-07,569,0.00025650353149470978
443,0.72921106603462249,0.0016462659696117043,4.410616397857666,2,12093,29,24,4,0.09417039155960083,2.7418136596679688e-06,5.9604644775390625e-07,512,0.00027613465294904871
444,0.73085733200423419,0.0016462659696117043,4.2935042381286621,2,12249,29,27,4,0.091789901256561279,3.5762786865234375e-06,5.9604644775390625e-07,521,0.00029674783214039081
445,0.7325035979738459,0.0016462659696117043,4.8555998802185059,2,14739,23,23,5,0.096571564674377441,4.5299530029296875e-06,5.9604644775390625e-07,548,0.00024134401158115988
446,0.7341498639434576,0.0016462659696117043,4.9603939056396484,2,17443,23,23,6,0.1019209623336792,4.1723251342773438e-06,5.9604644775390625e-07,495,0.00021208585355162317
447,0.73579612991306931,0.0016462659696117043,4.8615846633911133,2,20407,23,28,7,0.091022372245788574,3.5762786865234375e-06,5.9604644775390625e-07,542,0.00027874789238136648
448,0.73744239588268101,0.0016462659696117043,4.6033334732055664,2,20407,23,28,7,0.08997797966003418,3.8743019104003906e-06,5.9604644775390625e-07,594,0.00026967975975816024
449,0.73908866185229272,0.0016462659696117043,4.4950809478759766,2,12093,29,24,4,0.091942667961120605,3.2186508178710938e-06,5.9604644775390625e-07,560,0.00027441028522937072
450,0.74073492782190442,0.0016462659696117043,4.1271743774414062,2,15106,26,30,5,0.10402685403823853,3.5762786865234375e-06,5.9604644775390625e-07,553,0.00031623263268394387
451,0.74238119379151613,0.0016462659696117043,4.7258071899414062,2,14946,22,27,5,0.0908927321434021,4.8875808715820312e-06,5.9604644775390625e-07,567,0.00027102910259961077
452,0.74402745976112783,0.0016462659696117043,4.8185558319091797,2,17443,23,23,6,0.10388505458831787,4.76837158203125e-06,5.9604644775390625e-07,547,0.00024625168240490148
453,0.74567372573073953,0.0016462659696117043,4.859126091003418,2,20407,23,28,7,0.089553356170654297,3.9935111999511719e-06,5.9604644775390625e-07,573,0.00029328089617202275
454,0.74731999170035124,0.0016462659696117043,4.6364884376525879,2,20407,23,28,7,0.10045421123504639,4.291534423828125e-06,5.9604644775390625e-07,602,0.0002881855306280653
455,0.74896625766996294,0.0016462659696117043,4.5177459716796875,2,12093,29,24,4,0.089557409286499023,3.6954879760742188e-06,5.9604644775390625e-07,605,0.00029361257373440336
456,0.75061252363957465,0.0016462659696117043,4.126070499420166,2,14797,29,24,5,0.10292583703994751,3.5762786865234375e-06,5.9604644775390625e-07,579,0.00033017620832886648
457,0.75225878960918635,0.0016462659696117043,4.6090679168701172,2,14946,22,27,5,0.099342942237854004,5.245208740234375e-06,5.9604644775390625e-07,578,0.00029746514892171026
458,0.75390505557879806,0.0016462659696117043,4.780062198638916,2,17597,21,26,6,0.10840439796447754,5.3048133850097656e-06,5.9604644775390625e-07,589,0.00028372172139517002
459,0.75555132154840976,0.0016462659696117043,4.7188735008239746,2,20407,23,28,7,0.11598289012908936,4.291534423828125e-06,5.9604644775390625e-07,587,0.00030607460990145918
460,0.75719758751802146,0.0016462659696117043,4.6475582122802734,2,23111,23,28,8,0.10142421722412109,4.5299530029296875e-06,5.9604644775390625e-07,632,0.00031210238056372238
461,0.75884385348763317,0.0016462659696117043,4.4504261016845703,2,12093,29,24,4,0.092673301696777344,4.0531158447265625e-06,5.9604644775390625e-07,638,0.00030136377171014606
462,0.76049011945724487,0.0016462659696117043,4.1892147064208984,2,14797,29,24,5,0.091360569000244141,3.6358833312988281e-06,5.9604644775390625e-07,630,0.00033323793658969616
463,0.76213638542685658,0.0016462659696117043,4.4860219955444336,2,14946,22,27,5,0.12128978967666626,5.245208740234375e-06,5.9604644775390625e-07,618,0.00031380567412403281
464,0.76378265139646828,0.0016462659696117043,4.7593183517456055,2,17650,22,27,6,0.10823965072631836,5.7220458984375e-06,5.9604644775390625e-07,628,0.00030786256580952445
465,0.76542891736607999,0.0016462659696117043,4.6791176795959473,2,20513,25,30,7,0.12312209606170654,4.76837158203125e-06,5.9604644775390625e-07,606,0.00031454797602221209
466,0.76707518333569169,0.0016462659696117043,4.6404833793640137,2,23111,23,28,8,0.10822141170501709,4.5299530029296875e-06,5.9604644775390625e-07,629,0.00033180493979998739
467,0.76872144930530339,0.0016462659696117043,4.3940954208374023,2,22804,28,22,8,0.092279732227325439,4.1723251342773438e-06,5.9604644775390625e-07,661,0.00030063259789263867
468,0.7703677152749151,0.0016462659696117043,4.2894692420959473,2,14797,29,24,5,0.1117052435874939,3.6954879760742188e-06,5.9604644775390625e-07,646,0.00032726182344584739
469,0.7720139812445268,0.0016462659696117043,4.3996429443359375,2,14690,26,22,5,0.11586350202560425,4.8875808715820312e-06,5.9604644775390625e-07,636,0.00035245668346893375
470,0.77366024721413851,0.0016462659696117043,4.8141975402832031,2,17650,22,27,6,0.10410916805267334,5.9604644775390625e-06,5.9604644775390625e-07,651,0.00032434389678412254
471,0.77530651318375021,0.0016462659696117043,4.6850361824035645,2,20513,25,30,7,0.12606513500213623,5.245208740234375e-06,5.9604644775390625e-07,626,0.00029668292314900249
472,0.77695277915336192,0.0016462659696117043,4.5559277534484863,2,23217,25,30,8,0.10775506496429443,4.6491622924804688e-06,5.9604644775390625e-07,630,0.00033675386808077449
473,0.77859904512297362,0.0016462659696117043,4.3991284370422363,2,22804,28,22,8,0.086089849472045898,4.291534423828125e-06,5.9604644775390625e-07,685,0.00032143727879078814
474,0.78024531109258533,0.0016462659696117043,4.390810489654541,2,14797,29,24,5,0.11010611057281494,3.7550926208496094e-06,5.9604644775390625e-07,683,0.00032701876504544295
475,0.78189157706219703,0.0016462659696117043,4.2921977043151855,2,14690,26,22,5,0.096513152122497559,4.6491622924804688e-06,5.9604644775390625e-07,659,0.0003582433463672598
476,0.78353784303180873,0.0016462659696117043,4.8611745834350586,2,17650,22,27,6,0.091300606727600098,5.8412551879882812e-06,5.9604644775390625e-07,677,0.0003429251362961315
477,0.78518410900142044,0.0016462659696117043,4.687014102935791,2,20513,25,30,7,0.10269105434417725,5.9604644775390625e-06,5.9604644775390625e-07,670,0.00029096325944700781
478,0.78683037497103214,0.0016462659696117043,4.5430769920349121,2,23217,25,30,8,0.099937558174133301,4.76837158203125e-06,5.9604644775390625e-07,652,0.00032998568770338369
479,0.78847664094064385,0.0016462659696117043,4.402106761932373,2,22804,28,22,8,0.085487961769104004,4.291534423828125e-06,5.9604644775390625e-07,702,0.00033273106400175963
480,0.79012290691025555,0.0016462659696117043,4.369347095489502,2,14688,24,22,5,0.10100036859512329,3.8743019104003906e-06,5.9604644775390625e-07,729,0.00032596390238826152
481,0.79176917287986726,0.0016462659696117043,4.088191032409668,2,14690,26,22,5,0.090990662574768066,4.291534423828125e-06,5.9604644775390625e-07,678,0.00036266000784547812
482,0.79341543884947896,0.0016462659696117043,4.7826213836669922,2,17650,22,27,6,0.083770632743835449,5.6028366088867188e-06,5.9604644775390625e-07,700,0.00035066182335590114
483,0.79506170481909066,0.0016462659696117043,4.6881170272827148,2,20513,25,30,7,0.10043764114379883,6.4373016357421875e-06,5.9604644775390625e-07,704,0.00028555376855281885
484,0.79670797078870237,0.0016462659696117043,4.5345058441162109,2,23217,25,30,8,0.096729397773742676,5.1259994506835938e-06,5.9604644775390625e-07,665,0.00033132198702816952
485,0.79835423675831407,0.0016462659696117043,4.4142885208129883,2,23065,29,27,8,0.08542323112487793,4.291534423828125e-06,5.9604644775390625e-07,730,0.00034490988155311882
486,0.80000050272792578,0.0016462659696117043,4.3021502494812012,2,25814,22,28,9,0.09161984920501709,4.0531158447265625e-06,5.9604644775390625e-07,769,0.00033141142415303652
487,0.80164676869753748,0.0016462659696117043,4.1098918914794922,2,17392,24,22,6,0.090720534324645996,4.1127204895019531e-06,5.9604644775390625e-07,755,0.0003741494156677184
488,0.80329303466714919,0.0016462659696117043,4.6801466941833496,2,17394,26,22,6,0.084275960922241211,5.3048133850097656e-06,5.9604644775390625e-07,729,0.00036855173033733163
489,0.80493930063676089,0.0016462659696117043,4.6593689918518066,2,20460,24,29,7,0.097191929817199707,6.8545341491699219e-06,5.9604644775390625e-07,728,0.00029096439040897137
490,0.80658556660637259,0.0016462659696117043,4.5173110961914062,2,23217,25,30,8,0.09509122371673584,5.4836273193359375e-06,5.9604644775390625e-07,696,0.00035451113588044417
491,0.8082318325759843,0.0016462659696117043,4.5330262184143066,2,23065,29,27,8,0.085175871849060059,4.6491622924804688e-06,5.9604644775390625e-07,746,0.00035922078394940257
492,0.809878098545596,0.0016462659696117043,4.3339762687683105,2,25814,22,28,9,0.08663642406463623,4.291534423828125e-06,5.9604644775390625e-07,753,0.00033198164594208575
493,0.81152436451520771,0.0016462659696117043,4.125516414642334,2,17392,24,22,6,0.090703845024108887,4.0531158447265625e-06,5.9604644775390625e-07,820,0.00040292706936917683
494,0.81317063048481941,0.0016462659696117043,4.5987124443054199,2,17394,26,22,6,0.085294127464294434,4.76837158203125e-06,5.9604644775390625e-07,756,0.00038934290445194844
495,0.81481689645443112,0.0016462659696117043,4.6492910385131836,2,20460,24,29,7,0.094319581985473633,6.7949295043945312e-06,5.9604644775390625e-07,735,0.00029827738475704421
496,0.81646316242404282,0.0016462659696117043,4.5027556419372559,2,23217,25,30,8,0.091861724853515625,6.3180923461914062e-06,5.9604644775390625e-07,725,0.00036713550947095819
497,0.81810942839365453,0.0016462659696117043,4.5675439834594727,2,23065,29,27,8,0.085946559906005859,5.3644180297851562e-06,5.9604644775390625e-07,757,0.00036303386747852073
498,0.81975569436326623,0.0016462659696117043,4.4054226875305176,2,25868,24,29,9,0.087674796581268311,4.76837158203125e-06,5.9604644775390625e-07,758,0.00032817677504689137
499,0.82140196033287793,0.0016462659696117043,4.1705846786499023,2,17392,24,22,6,0.091202378273010254,4.1127204895019531e-06,5.9604644775390625e-07,845,0.00039583155645622693
500,0.82304822630248964,0.0016462659696117043,4.4347004890441895,2,17394,26,22,6,0.087462663650512695,4.6491622924804688e-06,5.9604644775390625e-07,833,0.00040700813692009504
501,0.82469449227210134,0.0016462659696117043,4.6596565246582031,2,20462,26,29,7,0.095412135124206543,6.6161155700683594e-06,5.9604644775390625e-07,769,0.0003011099187522264
502,0.82634075824171305,0.0016462659696117043,4.4957432746887207,2,23217,25,30,8,0.09589838981628418,7.0333480834960938e-06,5.9604644775390625e-07,743,0.00037272642925996794
503,0.82798702421132475,0.0016462659696117043,4.4512133598327637,2,23065,29,27,8,0.097142994403839111,6.3776969909667969e-06,5.9604644775390625e-07,825,0.0003825553513511472
504,0.82963329018093646,0.0016462659696117043,4.5572566986083984,2,25868,24,29,9,0.086939692497253418,5.3644180297851562e-06,5.9604644775390625e-07,797,0.00034746706818905039
505,0.83127955615054816,0.0016462659696117043,4.2365813255310059,2,17758,26,29,6,0.093143939971923828,4.5299530029296875e-06,5.9604644775390625e-07,840,0.00037407915337384263
506,0.83292582212015986,0.0016462659696117043,4.172821044921875,2,17394,26,22,6,0.089162707328796387,4.8875808715820312e-06,5.9604644775390625e-07,881,0.00042961395130745969
507,0.83457208808977157,0.0016462659696117043,4.6252498626708984,2,20462,26,29,7,0.086030364036560059,6.3180923461914062e-06,5.9604644775390625e-07,813,0.00033312204183045976
508,0.83621835405938327,0.0016462659696117043,4.473322868347168,2,23217,25,30,8,0.096759557723999023,7.7486038208007812e-06,5.9604644775390625e-07,786,0.00036859084671937308
509,0.83786462002899498,0.0016462659696117043,4.3360452651977539,2,25922,26,30,9,0.10011690855026245,7.5101852416992188e-06,5.9604644775390625e-07,861,0.00039748833565329502
510,0.83951088599860668,0.0016462659696117043,4.6201572418212891,2,25868,24,29,9,0.086654901504516602,6.3776969909667969e-06,5.9604644775390625e-07,857,0.00038248459205045645
511,0.84115715196821839,0.0016462659696117043,4.3249912261962891,2,17393,25,22,6,0.092413663864135742,5.245208740234375e-06,5.9604644775390625e-07,841,0.00037683381028122967
512,0.84280341793783009,0.0016462659696117043,3.9505507946014404,2,17394,26,22,6,0.091487526893615723,5.4836273193359375e-06,5.9604644775390625e-07,893,0.00042889267105855378
513,0.84444968390744179,0.0016462659696117043,4.554039478302002,2,20098,26,22,7,0.085495948791503906,6.2584877014160156e-06,5.9604644775390625e-07,850,0.00037359187501619258
514,0.8460959498770535,0.0016462659696117043,4.3819656372070312,2,23217,25,30,8,0.10040396451950073,8.106231689453125e-06,5.9604644775390625e-07,842,0.00036671387805718356
515,0.8477422158466652,0.0016462659696117043,4.3198437690734863,2,25922,26,30,9,0.10370862483978271,8.8810920715332031e-06,5.9604644775390625e-07,894,0.0004116266937458101
516,0.84938848181627691,0.0016462659696117043,4.6445517539978027,2,25868,24,29,9,0.086535096168518066,7.6889991760253906e-06,5.9604644775390625e-07,902,0.0004122701954389201
517,0.85103474778588861,0.0016462659696117043,4.4555869102478027,2,28572,24,29,10,0.090857267379760742,6.3180923461914062e-06,5.9604644775390625e-07,854,0.00038398141546219734
518,0.85268101375550032,0.0016462659696117043,4.1341738700866699,2,30911,23,22,11,0.093434691429138184,6.4373016357421875e-06,5.9604644775390625e-07,953,0.00043309428451641739
519,0.85432727972511202,0.0016462659696117043,4.5084819793701172,2,20309,29,26,7,0.088108181953430176,6.67572021484375e-06,5.9604644775390625e-07,900,0.00040947276467278925
520,0.85597354569472373,0.0016462659696117043,4.4066505432128906,2,23166,26,29,8,0.099876880645751953,8.4638595581054688e-06,5.9604644775390625e-07,861,0.00036004801859973267
521,0.85761981166433543,0.0016462659696117043,4.3234262466430664,2,25922,26,30,9,0.10817134380340576,9.8943710327148438e-06,5.9604644775390625e-07,912,0.00044745796316279226
522,0.85926607763394713,0.0016462659696117043,4.6733617782592773,2,25868,24,29,9,0.086452603340148926,9.0003013610839844e-06,5.9604644775390625e-07,942,0.00045785658709690747
523,0.86091234360355884,0.0016462659696117043,4.5875954627990723,2,28572,24,29,10,0.092004895210266113,7.4505805969238281e-06,5.9604644775390625e-07,889,0.00039134360227877714
524,0.86255860957317054,0.0016462659696117043,4.3003044128417969,2,31275,23,29,11,0.096761226654052734,7.3909759521484375e-06,5.9604644775390625e-07,942,0.00043548719943167991
525,0.86420487554278225,0.0016462659696117043,4.4588537216186523,2,20309,29,26,7,0.090544819831848145,7.152557373046875e-06,5.9604644775390625e-07,974,0.00045259764659290888
526,0.86585114151239395,0.0016462659696117043,4.4264812469482422,2,23166,26,29,8,0.10674220323562622,8.58306884765625e-06,5.9604644775390625e-07,882,0.00037106656526262455
527,0.86749740748200566,0.0016462659696117043,4.3266167640686035,2,25870,26,29,9,0.11208033561706543,1.0550022125244141e-05,5.9604644775390625e-07,903,0.00045517545867280714
528,0.86914367345161736,0.0016462659696117043,4.6643109321594238,2,25868,24,29,9,0.086589813232421875,1.0073184967041016e-05,5.9604644775390625e-07,1000,0.00048613025167470238
529,0.87078993942122906,0.0016462659696117043,4.6939840316772461,2,28572,24,29,10,0.091849446296691895,8.8214874267578125e-06,5.9604644775390625e-07,898,0.00040516717792080928
530,0.87243620539084077,0.0016462659696117043,4.3912582397460938,2,31275,23,29,11,0.097838640213012695,8.4638595581054688e-06,5.9604644775390625e-07,956,0.0004216394694351319
531,0.87408247136045247,0.0016462659696117043,4.326148509979248,2,20309,29,26,7,0.091451764106750488,7.8678131103515625e-06,5.9604644775390625e-07,982,0.00046667943729397263
532,0.87572873733006418,0.0016462659696117043,4.4596171379089355,2,23166,26,29,8,0.11010521650314331,9.059906005859375e-06,5.9604644775390625e-07,895,0.00037071159245953984
533,0.87737500329967588,0.0016462659696117043,4.346616268157959,2,25870,26,29,9,0.11077868938446045,1.1205673217773438e-05,5.9604644775390625e-07,919,0.00044572185337127382
534,0.87902126926928759,0.0016462659696117043,4.5429482460021973,2,25868,24,29,9,0.087337613105773926,1.1563301086425781e-05,5.9604644775390625e-07,1040,0.00047911596352893596
535,0.88066753523889929,0.0016462659696117043,4.8065147399902344,2,28572,24,29,10,0.089133858680725098,1.0311603546142578e-05,5.9604644775390625e-07,960,0.00043151358438638858
536,0.88231380120851099,0.0016462659696117043,4.4047689437866211,2,31275,23,29,11,0.09731900691986084,9.8943710327148438e-06,5.9604644775390625e-07,977,0.00041342703678491903
537,0.8839600671781227,0.0016462659696117043,4.2119708061218262,2,33615,23,22,12,0.092580914497375488,8.8214874267578125e-06,5.9604644775390625e-07,1015,0.00046972919564596677
538,0.8856063331477344,0.0016462659696117043,4.5079770088195801,2,23165,25,29,8,0.11101728677749634,9.6559524536132812e-06,5.9604644775390625e-07,969,0.00038782733626630667
539,0.88725259911734611,0.0016462659696117043,4.3685450553894043,2,25870,26,29,9,0.10390496253967285,1.1742115020751953e-05,5.9604644775390625e-07,938,0.00045902947563026023
540,0.88889886508695781,0.0016462659696117043,4.441474437713623,2,25769,29,27,9,0.087940692901611328,1.2576580047607422e-05,5.9604644775390625e-07,1079,0.00046670697311736967
541,0.89054513105656952,0.0016462659696117043,4.8449292182922363,2,28572,24,29,10,0.087921857833862305,1.1682510375976562e-05,5.9604644775390625e-07,1031,0.00045214518468193792
542,0.89219139702618122,0.0016462659696117043,4.4178972244262695,2,31276,24,29,11,0.10322356224060059,1.1682510375976562e-05,5.9604644775390625e-07,1012,0.00041817621842068624
543,0.89383766299579293,0.0016462659696117043,4.3405652046203613,2,33615,23,22,12,0.091935396194458008,9.6559524536132812e-06,5.9604644775390625e-07,1040,0.00048312865020276168
544,0.89548392896540463,0.0016462659696117043,4.5720930099487305,2,23165,25,29,8,0.09054410457611084,1.0311603546142578e-05,5.9604644775390625e-07,1018,0.00041291498779694083
545,0.89713019493501633,0.0016462659696117043,4.4272022247314453,2,25870,26,29,9,0.092870831489562988,1.2636184692382812e-05,5.9604644775390625e-07,1020,0.00047769311270182569
546,0.89877646090462804,0.0016462659696117043,4.3375368118286133,2,25769,29,27,9,0.090575218200683594,1.33514404296875e-05,5.9604644775390625e-07,1093,0.00047758002109480821
547,0.90042272687423974,0.0016462659696117043,4.8344416618347168,2,28572,24,29,10,0.086603164672851562,1.3709068298339844e-05,5.9604644775390625e-07,1101,0.00047270708090159022
548,0.90206899284385145,0.0016462659696117043,4.4761171340942383,2,31276,24,29,11,0.1022794246673584,1.4066696166992188e-05,5.9604644775390625e-07,1054,0.00043912263247670682
549,0.90371525881346315,0.0016462659696117043,4.3553571701049805,2,33615,23,22,12,0.092309832572937012,1.0967254638671875e-05,5.9604644775390625e-07,1100,0.00048225805455251702
550,0.90536152478307486,0.0016462659696117043,4.5847887992858887,2,23165,25,29,8,0.094205677509307861,1.1444091796875e-05,5.9604644775390625e-07,1060,0.00045115690165785339
551,0.90700779075268656,0.0016462659696117043,4.4931788444519043,2,25870,26,29,9,0.092860102653503418,1.3887882232666016e-05,5.9604644775390625e-07,1075,0.0004955956730913132
552,0.90865405672229826,0.0016462659696117043,4.3370733261108398,2,28574,26,29,10,0.088839054107666016,1.3887882232666016e-05,5.9604644775390625e-07,1117,0.00049661736620111216
553,0.91030032269190997,0.0016462659696117043,4.8895416259765625,2,28572,24,29,10,0.089022636413574219,1.5377998352050781e-05,5.9604644775390625e-07,1148,0.00050603480778034905
554,0.91194658866152167,0.0016462659696117043,4.5897383689880371,2,31276,24,29,11,0.10303974151611328,1.6808509826660156e-05,5.9604644775390625e-07,1067,0.00045679930780924302
555,0.91359285463113338,0.0016462659696117043,4.3340034484863281,2,33615,23,22,12,0.092037558555603027,1.2934207916259766e-05,5.9604644775390625e-07,1126,0.00050519275697291372
556,0.91523912060074508,0.0016462659696117043,4.4219546318054199,2,23165,25,29,8,0.094881415367126465,1.2516975402832031e-05,5.9604644775390625e-07,1101,0.00048289682884776144
557,0.91688538657035679,0.0016462659696117043,4.5439119338989258,2,25870,26,29,9,0.090912342071533203,1.5616416931152344e-05,5.9604644775390625e-07,1076,0.00048609819350861025
558,0.91853165253996849,0.0016462659696117043,4.3843855857849121,2,28574,26,29,10,0.090919375419616699,1.4662742614746094e-05,5.9604644775390625e-07,1142,0.00050907057268755539
559,0.92017791850958019,0.0016462659696117043,4.9192600250244141,2,28572,24,29,10,0.089676618576049805,1.6450881958007812e-05,5.9604644775390625e-07,1142,0.00051234388907381366
560,0.9218241844791919,0.0016462659696117043,4.6987366676330566,2,31276,24,29,11,0.1031116247177124,1.9490718841552734e-05,5.9604644775390625e-07,1106,0.00047120173199875564
561,0.9234704504488036,0.0016462659696117043,4.3432273864746094,2,33980,24,29,12,0.096631169319152832,1.5318393707275391e-05,5.9604644775390625e-07,1161,0.00050668161460574426
562,0.92511671641841531,0.0016462659696117043,4.3391947746276855,2,23112,24,28,8,0.095678210258483887,1.3709068298339844e-05,5.9604644775390625e-07,1132,0.00048724549982979179
563,0.92676298238802701,0.0016462659696117043,4.6181831359863281,2,25870,26,29,9,0.092010498046875,1.71661376953125e-05,5.9604644775390625e-07,1099,0.00048704600102056258
564,0.92840924835763872,0.0016462659696117043,4.4379134178161621,2,28575,27,29,10,0.09257042407989502,1.6331672668457031e-05,5.9604644775390625e-07,1154,0.00051209508250257059
565,0.93005551432725042,0.0016462659696117043,4.8731265068054199,2,28572,24,29,10,0.091248869895935059,1.7046928405761719e-05,5.9604644775390625e-07,1181,0.00052284563999274866
566,0.93170178029686213,0.0016462659696117043,4.8295464515686035,2,31276,24,29,11,0.099836111068725586,2.2053718566894531e-05,5.9604644775390625e-07,1159,0.00049919708270491437
567,0.93334804626647383,0.0016462659696117043,4.4603590965270996,2,33980,24,29,12,0.099840044975280762,1.8596649169921875e-05,7.152557373046875e-07,1184,0.00051653760429901943
568,0.93499431223608553,0.0016462659696117043,4.2228460311889648,2,23112,24,28,8,0.096104323863983154,1.5377998352050781e-05,7.152557373046875e-07,1183,0.00050957867961921009
569,0.93664057820569724,0.0016462659696117043,4.714268684387207,2,25870,26,29,9,0.087496399879455566,1.8835067749023438e-05,5.9604644775390625e-07,1133,0.00049551405094926104
570,0.93828684417530894,0.0016462659696117043,4.4536104202270508,2,28574,26,29,10,0.093843698501586914,1.8239021301269531e-05,5.9604644775390625e-07,1221,0.00053245604666349387
571,0.93993311014492065,0.0016462659696117043,4.7054133415222168,2,28572,24,29,10,0.093578696250915527,1.8239021301269531e-05,7.152557373046875e-07,1206,0.00054341832276558742
572,0.94157937611453235,0.0016462659696117043,4.9256477355957031,2,31276,24,29,11,0.096535444259643555,2.3961067199707031e-05,5.9604644775390625e-07,1199,0.00051980283160813607
573,0.94322564208414406,0.0016462659696117043,4.6350460052490234,2,33980,24,29,12,0.10065186023712158,2.2053718566894531e-05,7.152557373046875e-07,1252,0.00054036631901467603
574,0.94487190805375576,0.0016462659696117043,4.3025674819946289,2,36684,24,29,13,0.091853618621826172,1.8060207366943359e-05,7.152557373046875e-07,1196,0.00052698186417649256
575,0.94651817402336746,0.0016462659696117043,4.616147518157959,2,25869,25,29,9,0.088170528411865234,2.0623207092285156e-05,5.9604644775390625e-07,1181,0.00050704619681839669
576,0.94816443999297917,0.0016462659696117043,4.5857415199279785,2,28574,26,29,10,0.090842723846435547,2.0682811737060547e-05,5.9604644775390625e-07,1268,0.00055182379042043527
577,0.94981070596259087,0.0016462659696117043,4.4775347709655762,2,28572,24,29,10,0.092016339302062988,1.9371509552001953e-05,7.152557373046875e-07,1247,0.00056839441094780742
578,0.95145697193220258,0.0016462659696117043,4.9451031684875488,2,31276,24,29,11,0.09318697452545166,2.5928020477294922e-05,5.9604644775390625e-07,1259,0.00056530156741365842
579,0.95310323790181428,0.0016462659696117043,4.7595963478088379,2,33980,24,29,12,0.10105299949645996,2.6345252990722656e-05,7.152557373046875e-07,1295,0.00054947867542373859
580,0.95474950387142599,0.0016462659696117043,4.3961057662963867,2,36684,24,29,13,0.09139716625213623,2.1696090698242188e-05,7.152557373046875e-07,1243,0.00055829099527775216
581,0.95639576984103769,0.0016462659696117043,4.5742092132568359,2,25819,27,28,9,0.089891552925109863,2.2649765014648438e-05,7.152557373046875e-07,1249,0.00052380858859230972
582,0.95804203581064939,0.0016462659696117043,4.7234048843383789,2,28574,26,29,10,0.094326615333557129,2.3603439331054688e-05,5.9604644775390625e-07,1261,0.00055346184511733071
583,0.9596883017802611,0.0016462659696117043,4.3115143775939941,2,28572,24,29,10,0.090795278549194336,2.1636486053466797e-05,7.152557373046875e-07,1286,0.00056982775911477654
584,0.9613345677498728,0.0016462659696117043,4.8538975715637207,2,31276,24,29,11,0.092701911926269531,2.6941299438476562e-05,7.152557373046875e-07,1303,0.00059280456275695003
585,0.96298083371948451,0.0016462659696117043,4.7674045562744141,2,33980,24,29,12,0.09950864315032959,3.0159950256347656e-05,5.9604644775390625e-07,1345,0.00055678935121700396
586,0.96462709968909621,0.0016462659696117043,4.4638066291809082,2,36684,24,29,13,0.091202855110168457,2.6822090148925781e-05,7.152557373046875e-07,1297,0.0005834722706039967
587,0.96627336565870792,0.0016462659696117043,4.474977970123291,2,25768,28,27,9,0.089502215385437012,2.6226043701171875e-05,7.152557373046875e-07,1297,0.00052406684344090849
588,0.96791963162831962,0.0016462659696117043,4.8275012969970703,2,28574,26,29,10,0.092643380165100098,2.6345252990722656e-05,5.9604644775390625e-07,1284,0.0005493152995151826
589,0.96956589759793133,0.0016462659696117043,4.3796987533569336,2,31278,26,29,11,0.092539072036743164,2.5272369384765625e-05,7.152557373046875e-07,1336,0.00059259607553107556
590,0.97121216356754303,0.0016462659696117043,4.7383213043212891,2,31276,24,29,11,0.093657732009887695,2.8848648071289062e-05,7.152557373046875e-07,1348,0.00062195997082519644
591,0.97285842953715473,0.0016462659696117043,4.7959051132202148,2,33980,24,29,12,0.10084325075149536,3.3617019653320312e-05,7.152557373046875e-07,1377,0.00056586824193834682
592,0.97450469550676644,0.0016462659696117043,4.5591621398925781,2,36684,24,29,13,0.096632719039916992,3.3020973205566406e-05,7.152557373046875e-07,1359,0.00062106550750104462
593,0.97615096147637814,0.0016462659696117043,4.3301200866699219,2,25607,23,24,9,0.08806157112121582,2.9981136322021484e-05,7.152557373046875e-07,1345,0.00053577401801387255
594,0.97779722744598985,0.0016462659696117043,4.717534065246582,2,28574,26,29,10,0.093340516090393066,3.0159950256347656e-05,7.152557373046875e-07,1311,0.00055100405315784359
595,0.97944349341560155,0.0016462659696117043,4.541287899017334,2,31278,26,29,11,0.091890215873718262,3.0279159545898438e-05,7.152557373046875e-07,1382,0.00059622660085405254
596,0.98108975938521326,0.0016462659696117043,4.5003519058227539,2,31276,24,29,11,0.091251373291015625,3.0934810638427734e-05,7.152557373046875e-07,1403,0.00064429681674593698
597,0.98273602535482496,0.0016462659696117043,4.868006706237793,2,33617,25,22,12,0.099748194217681885,3.5643577575683594e-05,7.152557373046875e-07,1414,0.00059627897355041715
598,0.98438229132443666,0.0016462659696117043,4.6390113830566406,2,36684,24,29,13,0.098397493362426758,3.8921833038330078e-05,7.152557373046875e-07,1358,0.00064196848139537303
599,0.98602855729404837,0.0016462659696117043,4.3261528015136719,2,39388,24,29,14,0.087153911590576172,3.5405158996582031e-05,7.152557373046875e-07,1360,0.00055295173504488551
600,0.98767482326366007,0.0016462659696117043,4.7397708892822266,2,28523,27,28,10,0.093067288398742676,3.4570693969726562e-05,7.152557373046875e-07,1339,0.00055061691809643999
601,0.98932108923327178,0.0016462659696117043,4.6954965591430664,2,31278,26,29,11,0.094027161598205566,3.5762786865234375e-05,7.152557373046875e-07,1396,0.00059746492478413569
602,0.99096735520288348,0.0016462659696117043,4.3212952613830566,2,31276,24,29,11,0.08836066722869873,3.528594970703125e-05,7.152557373046875e-07,1417,0.00064495630647753576
603,0.99261362117249519,0.0016462659696117043,4.8329677581787109,2,33617,25,22,12,0.099000751972198486,3.7491321563720703e-05,7.152557373046875e-07,1463,0.00061841596003098492
604,0.99425988714210689,0.0016462659696117043,4.6734681129455566,2,36684,24,29,13,0.09875023365020752,4.5180320739746094e-05,7.152557373046875e-07,1427,0.00067135115404155148
605,0.9959061531117186,0.0016462659696117043,4.4237923622131348,2,39178,22,25,14,0.088093757629394531,4.2200088500976562e-05,7.152557373046875e-07,1378,0.00056614330688929183
606,0.9975524190813303,0.0016462659696117043,4.5775442123413086,2,28523,27,28,10,0.09154057502746582,4.0292739868164062e-05,7.152557373046875e-07,1369,0.00054641261176181463
607,0.999198685050942,0.0016462659696117043,4.7097945213317871,2,31278,26,29,11,0.090653657913208008,4.2080879211425781e-05,7.152557373046875e-07,1442,0.00060564930956268092
608,1.0008449510205537,0.0016462659696117043,4.3205528259277344,2,31175,27,27,11,0.08936309814453125,4.0888786315917969e-05,7.152557373046875e-07,1458,0.00064813255079482321
609,1.0024912169901654,0.0016462659696117043,4.7908062934875488,2,33617,25,22,12,0.10191214084625244,4.100799560546875e-05,7.152557373046875e-07,1472,0.00062570552300547872
610,1.0041374829597771,0.0016462659696117043,4.7648162841796875,2,36684,24,29,13,0.096375942230224609,5.0485134124755859e-05,7.152557373046875e-07,1493,0.00068177455177915677
611,1.0057837489293888,0.0016462659696117043,4.5318007469177246,2,39178,22,25,14,0.09424746036529541,5.0604343414306641e-05,7.152557373046875e-07,1443,0.00059683575418392342
612,1.0074300148990005,0.0016462659696117043,4.4126687049865723,2,28368,28,25,10,0.091631293296813965,4.7445297241210938e-05,8.3446502685546875e-07,1374,0.00055248956916244859
613,1.0090762808686122,0.0016462659696117043,4.6546921730041504,2,31227,27,28,11,0.090968847274780273,4.9352645874023438e-05,8.3446502685546875e-07,1491,0.00061471501885048449
614,1.0107225468382239,0.0016462659696117043,4.4271039962768555,2,33982,26,29,12,0.088692307472229004,4.7743320465087891e-05,7.152557373046875e-07,1507,0.00064902900243241817
615,1.0123688128078356,0.0016462659696117043,4.6741442680358887,2,33617,25,22,12,0.10016453266143799,4.57763671875e-05,8.3446502685546875e-07,1494,0.00063598786613001175
616,1.0140150787774473,0.0016462659696117043,4.8505396842956543,2,36684,24,29,13,0.090573310852050781,5.4717063903808594e-05,8.3446502685546875e-07,1544,0.00069183930800008223
617,1.015661344747059,0.0016462659696117043,4.6572933197021484,2,39178,22,25,14,0.095673084259033203,5.9306621551513672e-05,7.152557373046875e-07,1476,0.00061977469549442227
618,1.0173076107166708,0.0016462659696117043,4.4118437767028809,2,41882,22,25,15,0.092367172241210938,5.7339668273925781e-05,8.3446502685546875e-07,1404,0.00056696119927981167
619,1.0189538766862825,0.0016462659696117043,4.6822695732116699,2,31176,28,27,11,0.088968157768249512,6.1511993408203125e-05,8.3446502685546875e-07,1519,0.0006144355590220231
620,1.0206001426558942,0.0016462659696117043,4.5913724899291992,2,33982,26,29,12,0.087568044662475586,5.7697296142578125e-05,7.152557373046875e-07,1542,0.000662161029183079
621,1.0222464086255059,0.0016462659696117043,4.5187973976135254,2,33617,25,22,12,0.091609597206115723,5.245208740234375e-05,8.3446502685546875e-07,1517,0.00066583921318584191
622,1.0238926745951176,0.0016462659696117043,4.8678011894226074,2,36474,22,25,13,0.090489029884338379,6.0915946960449219e-05,8.3446502685546875e-07,1611,0.00069374247551713057
623,1.0255389405647293,0.0016462659696117043,4.7159299850463867,2,39178,22,25,14,0.097416996955871582,6.580352783203125e-05,7.152557373046875e-07,1532,0.0006362374739635726
624,1.027185206534341,0.0016462659696117043,4.5086660385131836,2,41882,22,25,15,0.092876553535461426,6.9081783294677734e-05,8.3446502685546875e-07,1440,0.00059201940000508727
625,1.0288314725039527,0.0016462659696117043,4.5979976654052734,2,31124,28,26,11,0.087341427803039551,7.3671340942382812e-05,9.5367431640625e-07,1563,0.00063253847297996973
626,1.0304777384735644,0.0016462659696117043,4.6135849952697754,2,33982,26,29,12,0.093950152397155762,6.7114830017089844e-05,7.152557373046875e-07,1564,0.00067137087571349089
627,1.0321240044431761,0.0016462659696117043,4.4723000526428223,2,33776,28,25,12,0.091942787170410156,6.2465667724609375e-05,8.3446502685546875e-07,1584,0.00069414353028790683
628,1.0337702704127878,0.0016462659696117043,4.8212904930114746,2,36321,25,22,13,0.09166264533996582,7.0929527282714844e-05,9.5367431640625e-07,1693,0.00070629936716848894
629,1.0354165363823995,0.0016462659696117043,4.7608847618103027,2,39178,22,25,14,0.096941828727722168,7.2956085205078125e-05,7.152557373046875e-07,1545,0.00064753532752054755
630,1.0370628023520112,0.0016462659696117043,4.5885019302368164,2,41882,22,25,15,0.093203186988830566,7.7664852142333984e-05,8.3446502685546875e-07,1535,0.00064054067830837647
631,1.0387090683216229,0.0016462659696117043,4.367729663848877,2,31124,28,26,11,0.10937166213989258,8.869171142578125e-05,9.5367431640625e-07,1614,0.0006723375982326384
632,1.0403553342912346,0.0016462659696117043,4.7069797515869141,2,33931,27,28,12,0.11035895347595215,8.0049037933349609e-05,8.3446502685546875e-07,1613,0.00068517463246492406
633,1.0420016002608463,0.0016462659696117043,4.4675107002258301,2,36686,26,29,13,0.097378730773925781,7.4028968811035156e-05,8.3446502685546875e-07,1670,0.00072984084554442792
634,1.043647866230458,0.0016462659696117043,4.7200002670288086,2,36634,26,28,13,0.091347813606262207,8.1300735473632812e-05,9.5367431640625e-07,1728,0.00073329596642361498
635,1.0452941322000697,0.0016462659696117043,4.8461103439331055,2,39026,26,22,14,0.092551946640014648,8.1896781921386719e-05,8.3446502685546875e-07,1599,0.00068202392913009006
636,1.0469403981696814,0.0016462659696117043,4.6443500518798828,2,41882,22,25,15,0.14099347591400146,9.0479850769042969e-05,9.5367431640625e-07,1616,0.00067799460121207048
637,1.0485866641392931,0.0016462659696117043,4.4513149261474609,2,44586,22,25,16,0.089702725410461426,0.00010359287261962891,9.5367431640625e-07,1666,0.00072137828822445738
638,1.0502329301089048,0.0016462659696117043,4.7176575660705566,2,33828,28,26,12,0.10130453109741211,9.6559524536132812e-05,8.3446502685546875e-07,1652,0.00069311491531756815
639,1.0518791960785165,0.0016462659696117043,4.5454196929931641,2,36686,26,29,13,0.093147039413452148,8.9287757873535156e-05,8.3446502685546875e-07,1709,0.0007635909735800643
640,1.0535254620481282,0.0016462659696117043,4.6834897994995117,2,36634,26,28,13,0.10229527950286865,9.8764896392822266e-05,9.5367431640625e-07,1776,0.00075629406189493917
641,1.05517172801774,0.0016462659696117043,4.8869776725769043,2,39026,26,22,14,0.10605835914611816,9.5725059509277344e-05,8.3446502685546875e-07,1675,0.00072194536129410432
642,1.0568179939873517,0.0016462659696117043,4.6821074485778809,2,41882,22,25,15,0.096024632453918457,0.00010639429092407227,9.5367431640625e-07,1672,0.00070085562217643788
643,1.0584642599569634,0.0016462659696117043,4.5124268531799316,2,44586,22,25,16,0.089523077011108398,0.00012576580047607422,1.0132789611816406e-06,1700,0.00073177173556237347
644,1.0601105259265751,0.0016462659696117043,4.624119758605957,2,33828,28,26,12,0.094255328178405762,0.00011837482452392578,8.3446502685546875e-07,1692,0.00071190680161985025
645,1.0617567918961868,0.0016462659696117043,4.6333684921264648,2,36635,27,28,13,0.096578538417816162,0.00011140108108520508,8.3446502685546875e-07,1759,0.00076317500789659424
646,1.0634030578657985,0.0016462659696117043,4.5970745086669922,2,36634,26,28,13,0.092525660991668701,0.00012040138244628906,9.5367431640625e-07,1840,0.00076957659200003862
647,1.0650493238354102,0.0016462659696117043,4.8016915321350098,2,39338,26,28,14,0.092632651329040527,0.00011754035949707031,8.3446502685546875e-07,1733,0.00075339667341422936
648,1.0666955898050219,0.0016462659696117043,4.7352123260498047,2,42094,26,29,15,0.09417879581451416,0.0001239776611328125,9.5367431640625e-07,1720,0.00067805249847890264
649,1.0683418557746336,0.0016462659696117043,4.5204424858093262,2,44586,22,25,16,0.094633817672729492,0.00014436244964599609,1.0728836059570312e-06,1750,0.00073713363815035369
650,1.0699881217442453,0.0016462659696117043,4.3856091499328613,2,47290,22,25,17,0.11317253112792969,0.00014024972915649414,9.5367431640625e-07,1708,0.00072960670424278219
651,1.071634387713857,0.0016462659696117043,4.7270073890686035,2,36532,28,26,13,0.094920992851257324,0.0001392364501953125,8.3446502685546875e-07,1807,0.00077066173643586928
652,1.0732806536834687,0.0016462659696117043,4.5099949836730957,2,39390,26,29,14,0.089549899101257324,0.0001417994499206543,1.0132789611816406e-06,1828,0.00077264154355031892
653,1.0749269196530804,0.0016462659696117043,4.7223620414733887,2,39338,26,28,14,0.093045234680175781,0.00014042854309082031,9.5367431640625e-07,1769,0.00078200895146179927
654,1.0765731856226921,0.0016462659696117043,4.7921357154846191,2,42094,26,29,15,0.091700911521911621,0.00014913082122802734,9.5367431640625e-07,1814,0.00072486599284208491
655,1.0782194515923038,0.0016462659696117043,4.5222887992858887,2,44586,22,25,16,0.095122098922729492,0.00017201900482177734,1.0728836059570312e-06,1731,0.00073407074530230714
656,1.0798657175619155,0.0016462659696117043,4.4222440719604492,2,47290,22,25,17,0.089091658592224121,0.00017350912094116211,9.5367431640625e-07,1744,0.00076083294853634216
657,1.0815119835315272,0.0016462659696117043,4.7340512275695801,2,36532,28,26,13,0.095441222190856934,0.00017452239990234375,8.3446502685546875e-07,1873,0.00078756964321894947
658,1.0831582495011389,0.0016462659696117043,4.5296530723571777,2,39339,27,28,14,0.09794914722442627,0.00017666816711425781,1.0728836059570312e-06,1822,0.0007809692472951613
659,1.0848045154707506,0.0016462659696117043,4.6434054374694824,2,39184,28,25,14,0.092156887054443359,0.00017011165618896484,9.5367431640625e-07,1853,0.00081967295003871547
660,1.0864507814403623,0.0016462659696117043,4.7708945274353027,2,42043,27,28,15,0.095140814781188965,0.00018620491027832031,9.5367431640625e-07,1866,0.00077898566055085029
661,1.088097047409974,0.0016462659696117043,4.621147632598877,2,44798,26,29,16,0.092611789703369141,0.00020301342010498047,1.0728836059570312e-06,1809,0.00072825316927119287
662,1.0897433133795857,0.0016462659696117043,4.4703121185302734,2,36532,28,26,13,0.093190908432006836,0.00020658969879150391,9.5367431640625e-07,1825,0.00079589585773221026
663,1.0913895793491974,0.0016462659696117043,4.5504999160766602,2,36532,28,26,13,0.090741395950317383,0.00021082162857055664,8.3446502685546875e-07,1910,0.00080564783919205151
664,1.0930358453188092,0.0016462659696117043,4.7112603187561035,2,39339,27,28,14,0.10008502006530762,0.00021767616271972656,1.0728836059570312e-06,1853,0.00078603532507227241
665,1.0946821112884209,0.0016462659696117043,4.5279760360717773,2,39184,28,25,14,0.091860175132751465,0.00020819902420043945,9.5367431640625e-07,1938,0.00084113916260113403
666,1.0963283772580326,0.0016462659696117043,4.7721529006958008,2,42042,26,28,15,0.098178386688232422,0.00021964311599731445,9.5367431640625e-07,1894,0.00079680877029514048
667,1.0979746432276443,0.0016462659696117043,4.7713489532470703,2,44798,26,29,16,0.10674422979354858,0.0002339482307434082,1.1324882507324219e-06,1826,0.00075628713111328377
668,1.099620909197256,0.0016462659696117043,4.5045652389526367,2,36532,28,26,13,0.097579240798950195,0.00024783611297607422,9.5367431640625e-07,1908,0.00081941402332521771
669,1.1012671751668677,0.0016462659696117043,4.3434643745422363,2,49994,22,25,18,0.089516043663024902,0.00026011466979980469,8.3446502685546875e-07,1960,0.00084329584698297397
670,1.1029134411364794,0.0016462659696117043,4.7973966598510742,2,39236,28,26,14,0.095256567001342773,0.00026643276214599609,1.0728836059570312e-06,1888,0.00080543489769775007
671,1.1045597071060911,0.0016462659696117043,4.4506006240844727,2,42094,26,29,15,0.095033407211303711,0.00025439262390136719,9.5367431640625e-07,1972,0.0008596665819742852
672,1.1062059730757028,0.0016462659696117043,4.6888585090637207,2,42042,26,28,15,0.098218441009521484,0.00027501583099365234,9.5367431640625e-07,1952,0.00083030195697813788
673,1.1078522390453145,0.0016462659696117043,4.7624530792236328,2,44798,26,29,16,0.10191750526428223,0.00029480457305908203,1.1920928955078125e-06,1840,0.00080170439671525178
674,1.1094985050149262,0.0016462659696117043,4.5368685722351074,2,36532,28,26,13,0.096388816833496094,0.00029391050338745117,1.0132789611816406e-06,1953,0.0008388988486866441
675,1.1111447709845379,0.0016462659696117043,4.4947237968444824,2,31124,28,26,11,0.092885017395019531,0.00032597780227661133,8.3446502685546875e-07,2001,0.00087894808565690838
676,1.1127910369541496,0.0016462659696117043,4.7483696937561035,2,39236,28,26,14,0.093718886375427246,0.00032079219818115234,1.0728836059570312e-06,1953,0.00084455619190459703
677,1.1144373029237613,0.0016462659696117043,4.636073112487793,2,33828,28,26,12,0.10339522361755371,0.00031101703643798828,9.5367431640625e-07,2020,0.00086937157564645701
678,1.116083568893373,0.0016462659696117043,4.6003189086914062,2,41888,28,25,15,0.096846342086791992,0.0003312230110168457,9.5367431640625e-07,1983,0.00086571246241062307
679,1.1177298348629847,0.0016462659696117043,4.765200138092041,2,44747,27,28,16,0.10170668363571167,0.00035709142684936523,1.1920928955078125e-06,1924,0.0008397433327502051
680,1.1193761008325964,0.0016462659696117043,4.5844268798828125,2,47502,26,29,17,0.092175126075744629,0.00035655498504638672,1.0728836059570312e-06,1984,0.00084854194744544303
681,1.1210223668022081,0.0016462659696117043,4.6900510787963867,2,31124,28,26,11,0.097078680992126465,0.00038754940032958984,9.5367431640625e-07,2031,0.00087518252488572458
682,1.1226686327718198,0.0016462659696117043,4.5668363571166992,2,39179,23,25,14,0.09431004524230957,0.00039172172546386719,1.1324882507324219e-06,2006,0.0008684789916771215
683,1.1243148987414315,0.0016462659696117043,4.8324103355407715,2,41940,28,26,15,0.10271930694580078,0.00037932395935058594,1.0132789611816406e-06,2068,0.0008601822133090497
684,1.1259611647110432,0.0016462659696117043,4.5001006126403809,2,41940,28,26,15,0.09187626838684082,0.00041496753692626953,9.5367431640625e-07,2038,0.00086872362726791454
685,1.1276074306806549,0.0016462659696117043,4.78857421875,2,44747,27,28,16,0.10030710697174072,0.00042986869812011719,1.1920928955078125e-06,1959,0.00085056402856136784
686,1.1292536966502666,0.0016462659696117043,4.7246928215026855,2,47502,26,29,17,0.099946975708007812,0.00043416023254394531,1.0728836059570312e-06,2051,0.00088144382457057381
687,1.1308999626198784,0.0016462659696117043,4.7713384628295898,2,31124,28,26,11,0.10136938095092773,0.00047028064727783203,9.5367431640625e-07,2085,0.00089534929402964854
688,1.1325462285894901,0.0016462659696117043,4.5648488998413086,2,33828,28,26,12,0.09308171272277832,0.00047206878662109375,1.1920928955078125e-06,2015,0.00091081984013640022
689,1.1341924945591018,0.0016462659696117043,4.9230828285217285,2,41940,28,26,15,0.095014691352844238,0.00046592950820922852,1.0728836059570312e-06,2155,0.00088882145832374357
690,1.1358387605287135,0.0016462659696117043,4.7916569709777832,2,36532,28,26,13,0.10210037231445312,0.00050199031829833984,9.5367431640625e-07,2076,0.0008784827117032639
691,1.1374850264983252,0.0016462659696117043,4.7073616981506348,2,44644,28,26,16,0.097596645355224609,0.00051939487457275391,1.2516975402832031e-06,2045,0.00088784375848124366
692,1.1391312924679369,0.0016462659696117043,4.7267112731933594,2,47502,26,29,17,0.10794270038604736,0.00054556131362915039,1.1324882507324219e-06,2145,0.00092439332575391844
693,1.1407775584375486,0.0016462659696117043,4.7982807159423828,2,31124,28,26,11,0.094394922256469727,0.00055098533630371094,9.5367431640625e-07,2073,0.00090930746208345802
694,1.1424238244071603,0.0016462659696117043,4.8179183006286621,2,33828,28,26,12,0.096822261810302734,0.00058281421661376953,1.1920928955078125e-06,2097,0.00095211824170375028
695,1.144070090376772,0.0016462659696117043,4.8280539512634277,2,33771,23,25,12,0.092240452766418457,0.00058090686798095703,1.0728836059570312e-06,2219,0.00093999370755968312
696,1.1457163563463837,0.0016462659696117043,4.9899296760559082,2,36532,28,26,13,0.10424435138702393,0.00062394142150878906,9.5367431640625e-07,2077,0.00088774665417513585
697,1.1473626223159954,0.0016462659696117043,4.6599626541137695,2,28521,25,28,10,0.098917722702026367,0.00064140558242797852,1.2516975402832031e-06,2094,0.00092116841539584314
698,1.1490088882856071,0.0016462659696117043,4.9308810234069824,2,39236,28,26,14,0.10128104686737061,0.00066089630126953125,1.1920928955078125e-06,2206,0.00094724344178975242
699,1.1506551542552188,0.0016462659696117043,4.7653264999389648,2,31124,28,26,11,0.09305727481842041,0.00067293643951416016,8.3446502685546875e-07,2147,0.00091225952799142652
700,1.1523014202248305,0.0016462659696117043,4.9919848442077637,2,33828,28,26,12,0.10368740558624268,0.00072896480560302734,1.1920928955078125e-06,2169,0.00097208167986502481
701,1.1539476861944422,0.0016462659696117043,4.6725082397460938,2,33771,23,25,12,0.097623229026794434,0.00070518255233764648,1.1324882507324219e-06,2267,0.0009680455347313349
702,1.1555939521640539,0.0016462659696117043,5.2348551750183105,2,36532,28,26,13,0.096365094184875488,0.00071740150451660156,9.5367431640625e-07,2155,0.00090960376551337875
703,1.1572402181336656,0.0016462659696117043,4.8801517486572266,2,39236,28,26,14,0.10052204132080078,0.00076431035995483398,1.3709068298339844e-06,2176,0.00093708256188358274
704,1.1588864841032773,0.0016462659696117043,4.8983454704284668,2,39236,28,26,14,0.099732518196105957,0.00076633691787719727,1.1920928955078125e-06,2269,0.00098008928066089271
705,1.160532750072889,0.0016462659696117043,4.6886944770812988,2,50206,26,29,18,0.10592079162597656,0.00078511238098144531,8.3446502685546875e-07,2202,0.00096247579358564638
706,1.1621790160425007,0.0016462659696117043,5.0797247886657715,2,33828,28,26,12,0.10058426856994629,0.00084912776947021484,1.1920928955078125e-06,2229,0.00098988613951780566
707,1.1638252820121124,0.0016462659696117043,4.9286494255065918,2,36480,28,25,13,0.10082483291625977,0.00082993507385253906,1.1920928955078125e-06,2300,0.001004273515644931
708,1.1654715479817241,0.0016462659696117043,5.1928119659423828,2,36633,25,28,13,0.093323588371276855,0.00085568428039550781,9.5367431640625e-07,2249,0.00096677292248008133
709,1.1671178139513358,0.0016462659696117043,5.1802239418029785,2,39236,28,26,14,0.10867178440093994,0.00091564655303955078,1.3709068298339844e-06,2248,0.00096246975840097329
710,1.1687640799209476,0.0016462659696117043,4.9433760643005371,2,31124,28,26,11,0.10157179832458496,0.00090837478637695312,1.1920928955078125e-06,2298,0.0010121757141253478
711,1.1704103458905593,0.0016462659696117043,4.9462070465087891,2,41940,28,26,15,0.10152137279510498,0.00096476078033447266,8.3446502685546875e-07,2285,0.0010143024123017192
712,1.172056611860171,0.0016462659696117043,5.1107759475708008,2,33828,28,26,12,0.09895014762878418,0.00097954273223876953,1.2516975402832031e-06,2357,0.0009964573606868973
713,1.1737028778297827,0.0016462659696117043,5.2066168785095215,2,36532,28,26,13,0.10712707042694092,0.001003265380859375,1.1920928955078125e-06,2330,0.001028804794876208
714,1.1753491437993944,0.0016462659696117043,4.9847579002380371,2,36633,25,28,13,0.094002485275268555,0.0010333061218261719,9.5367431640625e-07,2338,0.001021116943920518
715,1.1769954097690061,0.0016462659696117043,5.4385600090026855,2,39236,28,26,14,0.098472237586975098,0.0011086463928222656,1.430511474609375e-06,2331,0.00099240628701930799
716,1.1786416757386178,0.0016462659696117043,5.0192971229553223,2,31124,28,26,11,0.10414409637451172,0.0010455846786499023,1.2516975402832031e-06,2347,0.001002984151824142
717,1.1802879417082295,0.0016462659696117043,5.0499882698059082,2,41940,28,26,15,0.1014549732208252,0.0011202096939086914,8.3446502685546875e-07,2380,0.0011031577291919024
718,1.1819342076778412,0.0016462659696117043,4.9719705581665039,2,33828,28,26,12,0.10366570949554443,0.0011693239212036133,1.2516975402832031e-06,2435,0.0010471984382452231
719,1.1835804736474529,0.0016462659696117043,5.3358793258666992,2,36480,28,25,13,0.10337519645690918,0.0012050271034240723,1.2516975402832031e-06,2369,0.001083087573636227
720,1.1852267396170646,0.0016462659696117043,5.030418872833252,2,39184,28,25,14,0.10030484199523926,0.0012333393096923828,9.5367431640625e-07,2396,0.0010577815105150086
721,1.1868730055866763,0.0016462659696117043,5.4899773597717285,2,39236,28,26,14,0.092443227767944336,0.0012831687927246094,1.430511474609375e-06,2388,0.0010529968721433738
722,1.188519271556288,0.0016462659696117043,5.2477498054504395,2,41940,28,26,15,0.11270630359649658,0.0012047290802001953,1.430511474609375e-06,2389,0.0010159261780034686
723,1.1901655375258997,0.0016462659696117043,5.1241273880004883,2,33776,28,25,12,0.10128962993621826,0.0012602806091308594,9.5367431640625e-07,2448,0.0011368224507266062
724,1.1918118034955114,0.0016462659696117043,5.0594081878662109,2,44644,28,26,16,0.10328125953674316,0.0013346672058105469,1.2516975402832031e-06,2489,0.0010624656165146224
725,1.1934580694651231,0.0016462659696117043,5.5317525863647461,2,36532,28,26,13,0.099161267280578613,0.0013585090637207031,1.2516975402832031e-06,2418,0.0010976336119354385
726,1.1951043354347348,0.0016462659696117043,5.3076558113098145,2,39184,28,25,14,0.10900723934173584,0.0014137029647827148,9.5367431640625e-07,2454,0.0010833505013357816
727,1.1967506014043465,0.0016462659696117043,5.3227128982543945,2,39236,28,26,14,0.0945281982421875,0.0014722943305969238,1.430511474609375e-06,2477,0.0010855810800768468
728,1.1983968673739582,0.0016462659696117043,5.5147590637207031,2,41888,28,25,15,0.10675251483917236,0.0013875961303710938,1.430511474609375e-06,2451,0.0010311856328596902
729,1.2000431333435699,0.0016462659696117043,5.1238040924072266,2,33670,26,23,12,0.10423433780670166,0.0014836788177490234,9.5367431640625e-07,2494,0.0011405763154210765
730,1.2016893993131816,0.0016462659696117043,5.3077902793884277,2,44644,28,26,16,0.098782658576965332,0.001514434814453125,1.3709068298339844e-06,2600,0.0011177173496448854
731,1.2033356652827933,0.0016462659696117043,5.4319496154785156,2,36532,28,26,13,0.10339033603668213,0.001542210578918457,1.3709068298339844e-06,2466,0.0011083210368046797
732,1.204981931252405,0.0016462659696117043,5.5459108352661133,2,39236,28,26,14,0.10835623741149902,0.0016802549362182617,9.5367431640625e-07,2510,0.0011198180304370104
733,1.2066281972220168,0.0016462659696117043,5.0285649299621582,2,41888,28,25,15,0.10226941108703613,0.0016383528709411621,1.430511474609375e-06,2557,0.0011225315834047466
734,1.2082744631916285,0.0016462659696117043,5.8167080879211426,2,41940,28,26,15,0.09777987003326416,0.0016445517539978027,1.430511474609375e-06,2494,0.0011059488702681714
735,1.2099207291612402,0.0016462659696117043,5.1933822631835938,2,33828,28,26,12,0.11428403854370117,0.0017459392547607422,9.5367431640625e-07,2550,0.0011452453121807659
736,1.2115669951308519,0.0016462659696117043,5.3010396957397461,2,44644,28,26,16,0.098732233047485352,0.0017083883285522461,1.3709068298339844e-06,2632,0.0011701817801878336
737,1.2132132611004636,0.0016462659696117043,5.1890630722045898,2,36532,28,26,13,0.10986840724945068,0.0017822980880737305,1.430511474609375e-06,2560,0.0011783010697785613
738,1.2148595270700753,0.0016462659696117043,5.688962459564209,2,39184,28,25,14,0.10302352905273438,0.0019192099571228027,9.5367431640625e-07,2548,0.0011425595015849509
739,1.216505793039687,0.0016462659696117043,5.2534699440002441,2,41888,28,25,15,0.10506582260131836,0.0018849968910217285,1.430511474609375e-06,2620,0.0011445653817370597
740,1.2181520590092987,0.0016462659696117043,5.7247414588928223,2,41940,28,26,15,0.093443751335144043,0.0019180774688720703,1.4901161193847656e-06,2540,0.0011650398521869953
741,1.2197983249789104,0.0016462659696117043,5.3992438316345215,2,44592,28,25,16,0.11223232746124268,0.0019720792770385742,9.5367431640625e-07,2610,0.001130578860945746
742,1.2214445909485221,0.0016462659696117043,5.2427964210510254,2,36480,28,25,13,0.10524511337280273,0.0018938183784484863,1.3709068298339844e-06,2652,0.0011718797378608981
743,1.2230908569181338,0.0016462659696117043,5.5099654197692871,2,47348,28,26,17,0.10070455074310303,0.0020288825035095215,1.430511474609375e-06,2631,0.001217293570479591
744,1.2247371228877455,0.0016462659696117043,5.7885398864746094,2,39236,28,26,14,0.10396790504455566,0.0021707415580749512,9.5367431640625e-07,2658,0.0011754114799921306
745,1.2263833888573572,0.0016462659696117043,5.5092902183532715,2,41888,28,25,15,0.10678267478942871,0.0020861625671386719,1.4901161193847656e-06,2683,0.0011817163994289528
746,1.2280296548269689,0.0016462659696117043,5.4776816368103027,2,41940,28,26,15,0.1048053503036499,0.0021453499794006348,1.5497207641601562e-06,2611,0.0011858779108672346
747,1.2296759207965806,0.0016462659696117043,5.7892513275146484,2,44592,28,25,16,0.10901474952697754,0.0022709369659423828,1.0132789611816406e-06,2718,0.0011740331210703669
748,1.2313221867661923,0.0016462659696117043,5.2663173675537109,2,36480,28,25,13,0.10626256465911865,0.00215911865234375,1.430511474609375e-06,2730,0.0011982482759064664
749,1.232968452735804,0.0016462659696117043,5.5373806953430176,2,47348,28,26,17,0.095710039138793945,0.0022959709167480469,1.4901161193847656e-06,2659,0.0012954730528196914
750,1.2346147187054157,0.0016462659696117043,5.6665635108947754,2,39236,28,26,14,0.11226058006286621,0.0024263858795166016,9.5367431640625e-07,2764,0.0012355725726856085
751,1.2362609846750274,0.0016462659696117043,5.6747198104858398,2,41888,28,25,15,0.10462391376495361,0.0024157166481018066,1.4901161193847656e-06,2755,0.0012310485273128477
752,1.2379072506446391,0.0016462659696117043,5.2058296203613281,2,52704,28,25,19,0.10183584690093994,0.0024355649948120117,1.5497207641601562e-06,2664,0.0012331635572046568
753,1.2395535166142508,0.0016462659696117043,5.906829833984375,2,44644,28,26,16,0.098717570304870605,0.0025687217712402344,1.0728836059570312e-06,2811,0.0012501402323988762
754,1.2411997825838625,0.0016462659696117043,5.4150485992431641,2,36480,28,25,13,0.11391150951385498,0.002442479133605957,1.430511474609375e-06,2806,0.0012305313053774082
755,1.2428460485534742,0.0016462659696117043,5.3611750602722168,2,47348,28,26,17,0.095988750457763672,0.0025596022605895996,1.5497207641601562e-06,2716,0.0013224556437454891
756,1.244492314523086,0.0016462659696117043,5.5956521034240723,2,39337,25,28,14,0.10803461074829102,0.0026358366012573242,1.0132789611816406e-06,2854,0.0012858733031921709
757,1.2461385804926977,0.0016462659696117043,5.7484946250915527,2,41888,28,25,15,0.10245931148529053,0.002669215202331543,1.4901161193847656e-06,2827,0.0012675193204929945
758,1.2477848464623094,0.0016462659696117043,5.6176280975341797,2,52756,28,26,19,0.10320365428924561,0.0026497244834899902,1.6093254089355469e-06,2699,0.0012559900731327733
759,1.2494311124319211,0.0016462659696117043,5.807734489440918,2,44644,28,26,16,0.1033707857131958,0.0027466416358947754,1.0728836059570312e-06,2913,0.001281082251429342
760,1.2510773784015328,0.0016462659696117043,5.4819998741149902,2,36532,28,26,13,0.11062908172607422,0.0026606321334838867,1.3709068298339844e-06,2860,0.0012493670162121941
761,1.2527236443711445,0.0016462659696117043,5.1601920127868652,2,39131,27,24,14,0.099514007568359375,0.0027977824211120605,1.5497207641601562e-06,2837,0.0013499836572309772
762,1.2543699103407562,0.0016462659696117043,5.6622605323791504,2,50000,28,25,18,0.10425615310668945,0.0028816461563110352,1.0728836059570312e-06,2952,0.0013573074622367733
763,1.2560161763103679,0.0016462659696117043,5.8035273551940918,2,41888,28,25,15,0.1119239330291748,0.0029292106628417969,1.4901161193847656e-06,2917,0.0013123062476982812
764,1.2576624422799796,0.0016462659696117043,5.6250014305114746,2,52704,28,25,19,0.10289323329925537,0.0029628276824951172,1.6093254089355469e-06,2770,0.0013094929922725417
765,1.2593087082495913,0.0016462659696117043,5.680483341217041,2,44644,28,26,16,0.10757112503051758,0.0030376911163330078,1.0728836059570312e-06,2936,0.001311133683338183
766,1.260954974219203,0.0016462659696117043,5.6520113945007324,2,47296,28,25,17,0.10773587226867676,0.0029935836791992188,1.3709068298339844e-06,2932,0.0012796877477422005
767,1.2626012401888147,0.0016462659696117043,5.4200105667114258,2,39131,27,24,14,0.10300529003143311,0.00312042236328125,1.5497207641601562e-06,2900,0.0013651629670116247
768,1.2642475061584264,0.0016462659696117043,5.5686421394348145,2,50052,28,26,18,0.10464155673980713,0.0031839609146118164,1.0728836059570312e-06,2985,0.0014316998712488706
769,1.2658937721280381,0.0016462659696117043,5.8020024299621582,2,41940,28,26,15,0.11140704154968262,0.003188788890838623,1.4901161193847656e-06,2982,0.0013537471844684628
770,1.2675400380976498,0.0016462659696117043,5.6187567710876465,2,44539,27,24,16,0.098463654518127441,0.0032821297645568848,1.6689300537109375e-06,2858,0.0013465170102081561
771,1.2691863040672615,0.0016462659696117043,5.5245394706726074,2,55408,28,25,20,0.10333740711212158,0.0033234357833862305,1.1324882507324219e-06,3006,0.0013575429114059366
772,1.2708325700368732,0.0016462659696117043,5.7472925186157227,2,47296,28,25,17,0.10669994354248047,0.003294825553894043,1.3709068298339844e-06,2988,0.001332260419487004
773,1.2724788360064849,0.0016462659696117043,5.6525545120239258,2,39131,27,24,14,0.10692870616912842,0.0033905506134033203,1.5497207641601562e-06,3012,0.0013841976258621041
774,1.2741251019760966,0.0016462659696117043,5.4492526054382324,2,50052,28,26,18,0.10533809661865234,0.0035179853439331055,1.0728836059570312e-06,3017,0.0014688500812583046
775,1.2757713679457083,0.0016462659696117043,5.7044572830200195,2,41940,28,26,15,0.10709726810455322,0.0035557746887207031,1.430511474609375e-06,3097,0.0014164639536738762
776,1.27741763391532,0.0016462659696117043,5.6451201438903809,2,44539,27,24,16,0.10242414474487305,0.0035669803619384766,1.6689300537109375e-06,2969,0.0013954166041371938
777,1.2790638998849317,0.0016462659696117043,5.7054572105407715,2,55408,28,25,20,0.10463428497314453,0.0036678314208984375,1.1920928955078125e-06,3059,0.0013646679586024723
778,1.2807101658545434,0.0016462659696117043,5.7220520973205566,2,47348,28,26,17,0.11001336574554443,0.0036913752555847168,1.2516975402832031e-06,3073,0.0013773458083943433
779,1.2823564318241552,0.0016462659696117043,5.824833869934082,2,39287,27,27,14,0.10623002052307129,0.0037224292755126953,1.5497207641601562e-06,3123,0.0014239682727300062
780,1.2840026977937669,0.0016462659696117043,5.3728690147399902,2,41835,27,24,15,0.10803627967834473,0.0038060545921325684,1.0728836059570312e-06,3075,0.00149004091849658
781,1.2856489637633786,0.0016462659696117043,5.8071990013122559,2,41883,23,25,15,0.10585999488830566,0.0039628148078918457,1.430511474609375e-06,3187,0.0014786045580026472
782,1.2872952297329903,0.0016462659696117043,5.739501953125,2,44695,27,27,16,0.10376954078674316,0.0038671493530273438,1.6689300537109375e-06,3064,0.001448850429404631
783,1.288941495702602,0.0016462659696117043,5.6674108505249023,2,55408,28,25,20,0.10596358776092529,0.0040420293807983398,1.1920928955078125e-06,3102,0.0014074372684763714
784,1.2905877616722137,0.0016462659696117043,5.7878227233886719,2,36476,24,25,13,0.11068189144134521,0.0041145086288452148,1.2516975402832031e-06,3155,0.0014359597290229148
785,1.2922340276418254,0.0016462659696117043,5.920107364654541,2,39183,27,25,14,0.10927796363830566,0.003966212272644043,1.5497207641601562e-06,3184,0.0014438146403521718
786,1.2938802936114371,0.0016462659696117043,5.733917236328125,2,41835,27,24,15,0.10435104370117188,0.0042088031768798828,1.1324882507324219e-06,3145,0.0015045783381111059
787,1.2955265595810488,0.0016462659696117043,5.7815213203430176,2,41988,24,27,15,0.11086535453796387,0.0043045878410339355,1.430511474609375e-06,3240,0.0015140053460950384
788,1.2971728255506605,0.0016462659696117043,5.8747768402099609,2,44695,27,27,16,0.10565376281738281,0.0042306780815124512,1.6689300537109375e-06,3145,0.0014931201726106813
789,1.2988190915202722,0.0016462659696117043,5.6298623085021973,2,36424,24,24,13,0.10356593132019043,0.0044188499450683594,1.1920928955078125e-06,3193,0.001433571351844518
790,1.3004653574898839,0.0016462659696117043,5.6696286201477051,2,36476,24,25,13,0.1037062406539917,0.0044666528701782227,1.2516975402832031e-06,3193,0.0014469383113004722
791,1.3021116234594956,0.0016462659696117043,6.0128846168518066,2,39284,24,27,14,0.10606575012207031,0.0043115615844726562,1.5497207641601562e-06,3277,0.0014765078268114951
792,1.3037578894291073,0.0016462659696117043,5.9730372428894043,2,41835,27,24,15,0.10698103904724121,0.0046007633209228516,1.1324882507324219e-06,3242,0.0015415802955266781
793,1.305404155398719,0.0016462659696117043,5.8325576782226562,2,41937,25,26,15,0.11197113990783691,0.0047206282615661621,1.430511474609375e-06,3290,0.0015444222468836383
794,1.3070504213683307,0.0016462659696117043,6.0538201332092285,2,44695,27,27,16,0.10662639141082764,0.0046180486679077148,1.6689300537109375e-06,3222,0.0015358901026481652
795,1.3086966873379424,0.0016462659696117043,5.7813353538513184,2,47243,27,24,17,0.10601794719696045,0.0048101544380187988,1.1920928955078125e-06,3306,0.0014997248237919416
796,1.3103429533075541,0.0016462659696117043,5.6440544128417969,2,39131,27,24,14,0.10611617565155029,0.004940032958984375,1.1920928955078125e-06,3280,0.0014949427920425138
797,1.3119892192771658,0.0016462659696117043,6.0626635551452637,2,39180,24,25,14,0.10950243473052979,0.0047644376754760742,1.5497207641601562e-06,3347,0.0014719747133796679
798,1.3136354852467775,0.0016462659696117043,6.1638698577880859,2,41991,27,27,15,0.10843074321746826,0.0049358010292053223,1.1324882507324219e-06,3330,0.0015725530435227242
799,1.3152817512163892,0.0016462659696117043,6.1603851318359375,2,41937,25,26,15,0.10808444023132324,0.0051302313804626465,1.430511474609375e-06,3361,0.0015797142655736463
800,1.3169280171860009,0.0016462659696117043,6.2279610633850098,2,44692,24,27,16,0.11602962017059326,0.0049923062324523926,1.6689300537109375e-06,3271,0.0015540793017836056
801,1.3185742831556126,0.0016462659696117043,5.9072751998901367,2,47243,27,24,17,0.10741126537322998,0.0051860213279724121,1.1920928955078125e-06,3352,0.0015418310178111573
802,1.3202205491252244,0.0016462659696117043,5.7809948921203613,2,39287,27,27,14,0.10550916194915771,0.0053216218948364258,1.1920928955078125e-06,3354,0.0015618682193696679
803,1.3218668150948361,0.0016462659696117043,6.0436553955078125,2,39232,24,26,14,0.10668492317199707,0.0051271915435791016,1.5497207641601562e-06,3412,0.0014740610670210274
804,1.3235130810644478,0.0016462659696117043,6.1906161308288574,2,41939,27,26,15,0.10764646530151367,0.005290687084197998,1.1324882507324219e-06,3394,0.0015881903374720535
805,1.3251593470340595,0.0016462659696117043,6.3485188484191895,2,41937,25,26,15,0.11276710033416748,0.0055124759674072266,1.430511474609375e-06,3473,0.001628925857270849
806,1.3268056130036712,0.0016462659696117043,6.3259983062744141,2,44693,25,27,16,0.1153494119644165,0.0053473711013793945,1.6689300537109375e-06,3367,0.0015678757491304682
807,1.3284518789732829,0.0016462659696117043,6.2309041023254395,2,47399,27,27,17,0.10982584953308105,0.0054475069046020508,1.1920928955078125e-06,3421,0.0015546686119539699
808,1.3300981449428946,0.0016462659696117043,5.8869233131408691,2,39284,24,27,14,0.10486757755279541,0.0057439208030700684,1.1920928955078125e-06,3443,0.0016464058283084183
809,1.3317444109125063,0.0016462659696117043,5.9189066886901855,2,39180,24,25,14,0.10587859153747559,0.0055884122848510742,1.5497207641601562e-06,3480,0.001508348926505377
810,1.333390676882118,0.0016462659696117043,6.3265190124511719,2,41990,26,27,15,0.10735177993774414,0.0056850910186767578,1.1324882507324219e-06,3467,0.0015871432968290126
811,1.3350369428517297,0.0016462659696117043,6.4747190475463867,2,41937,25,26,15,0.11018037796020508,0.0059099793434143066,1.430511474609375e-06,3538,0.0016473607850601599
812,1.3366832088213414,0.0016462659696117043,6.4389424324035645,2,44641,25,26,16,0.11608743667602539,0.0057376623153686523,1.6689300537109375e-06,3457,0.0016219822355721361
813,1.3383294747909531,0.0016462659696117043,6.3623886108398438,2,47399,27,27,17,0.11616921424865723,0.0060048699378967285,1.2516975402832031e-06,3518,0.0015616577727321659
814,1.3399757407605648,0.0016462659696117043,5.9164834022521973,2,39180,24,25,14,0.10800778865814209,0.0061792135238647461,1.2516975402832031e-06,3513,0.0016866473464602644
815,1.3416220067301765,0.0016462659696117043,5.9738597869873047,2,41832,24,24,15,0.10866832733154297,0.0062104463577270508,1.5497207641601562e-06,3522,0.0015696706701084505
816,1.3432682726997882,0.0016462659696117043,6.3414015769958496,2,41989,25,27,15,0.10471963882446289,0.0061985254287719727,1.0728836059570312e-06,3558,0.0016172059953972813
817,1.3449145386693999,0.0016462659696117043,6.3877534866333008,2,44692,24,27,16,0.10840427875518799,0.0062966346740722656,1.430511474609375e-06,3583,0.0016593590775215985
818,1.3465608046390116,0.0016462659696117043,6.638756275177002,2,44641,25,26,16,0.11757791042327881,0.0063588619232177734,1.6689300537109375e-06,3559,0.0016842402957955227
819,1.3482070706086233,0.0016462659696117043,6.4927258491516113,2,47398,26,27,17,0.11505293846130371,0.0065032839775085449,1.2516975402832031e-06,3565,0.0015982390878639978
820,1.349853336578235,0.0016462659696117043,6.1525955200195312,2,50103,27,27,18,0.11144447326660156,0.0065438747406005859,1.2516975402832031e-06,3586,0.0017012756096357461
821,1.3514996025478467,0.0016462659696117043,6.0652837753295898,2,41833,25,24,15,0.10719585418701172,0.0066779255867004395,1.5497207641601562e-06,3578,0.0016463972417929506
822,1.3531458685174584,0.0016462659696117043,6.1947393417358398,2,41937,25,26,15,0.10916876792907715,0.0067688822746276855,1.0728836059570312e-06,3641,0.0016518457136216308
823,1.3547921344870701,0.0016462659696117043,6.5867013931274414,2,44694,26,27,16,0.10999894142150879,0.0067827105522155762,1.4901161193847656e-06,3697,0.0016724529277481357
824,1.3564384004566818,0.0016462659696117043,6.6760916709899902,2,44641,25,26,16,0.11631155014038086,0.0068660974502563477,1.6689300537109375e-06,3636,0.0017157042879124462
825,1.3580846664262936,0.0016462659696117043,6.5754470825195312,2,47346,26,26,17,0.11960804462432861,0.0071061849594116211,1.1920928955078125e-06,3676,0.0016521184812867088
826,1.3597309323959053,0.0016462659696117043,6.3984498977661133,2,50051,27,26,18,0.11215627193450928,0.0069892406463623047,1.3709068298339844e-06,3705,0.0017157473117916692
827,1.361377198365517,0.0016462659696117043,6.3270630836486816,2,50049,25,26,18,0.11214876174926758,0.0072381496429443359,1.5497207641601562e-06,3645,0.0016936704296856536
828,1.3630234643351287,0.0016462659696117043,6.2788701057434082,2,52804,24,27,19,0.1223609447479248,0.0073168277740478516,1.0728836059570312e-06,3674,0.0017237376154864662
829,1.3646697303047404,0.0016462659696117043,6.5794739723205566,2,44640,24,26,16,0.10637533664703369,0.0073219537734985352,1.4901161193847656e-06,3761,0.001684217164596098
830,1.3663159962743521,0.0016462659696117043,6.5116572380065918,2,47347,27,26,17,0.11064767837524414,0.0074510574340820312,1.6689300537109375e-06,3718,0.001747731017225409
831,1.3679622622439638,0.0016462659696117043,6.7281951904296875,2,47345,25,26,17,0.1215130090713501,0.0075250864028930664,1.1920928955078125e-06,3735,0.0017297907188002454
832,1.3696085282135755,0.0016462659696117043,6.6444797515869141,2,50102,26,27,18,0.11570143699645996,0.0076022148132324219,1.430511474609375e-06,3739,0.0017213992685771356
833,1.3712547941831872,0.0016462659696117043,6.4379000663757324,2,50049,25,26,18,0.11068332195281982,0.007709205150604248,1.6093254089355469e-06,3750,0.0017282909708920358
834,1.3729010601527989,0.0016462659696117043,6.4520835876464844,2,44588,24,25,16,0.12373268604278564,0.0078461766242980957,1.0728836059570312e-06,3757,0.0017786729708050349
835,1.3745473261224106,0.0016462659696117043,6.5163187980651855,2,44641,25,26,16,0.11289989948272705,0.0078113675117492676,1.5497207641601562e-06,3839,0.0016804750004380728
836,1.3761935920920223,0.0016462659696117043,6.8016691207885742,2,47344,24,26,17,0.1088021993637085,0.0077786445617675781,1.7881393432617188e-06,3796,0.0017491174397062808
837,1.377839858061634,0.0016462659696117043,6.7209911346435547,2,47345,25,26,17,0.11726665496826172,0.0081399679183959961,1.1920928955078125e-06,3816,0.0017850899885891499
838,1.3794861240312457,0.0016462659696117043,6.6742873191833496,2,50050,26,26,18,0.12178444862365723,0.0081651210784912109,1.430511474609375e-06,3802,0.0017612844922971246
839,1.3811323900008574,0.0016462659696117043,6.590517520904541,2,52755,27,26,19,0.1146014928817749,0.0081769824028015137,1.6689300537109375e-06,3831,0.0017589552887171793
840,1.3827786559704691,0.0016462659696117043,6.7100248336791992,2,52753,25,26,19,0.1175311803817749,0.008633732795715332,1.0728836059570312e-06,3819,0.0018317319824572452
841,1.3844249219400808,0.0016462659696117043,6.5528593063354492,2,47241,25,24,17,0.12429416179656982,0.0085457563400268555,1.6093254089355469e-06,3839,0.0017374561271691277
842,1.3860711879096925,0.0016462659696117043,6.6201000213623047,2,47344,24,26,17,0.11022365093231201,0.0082949399948120117,1.7881393432617188e-06,3890,0.0017681486287897624
843,1.3877174538793042,0.0016462659696117043,6.686072826385498,2,49996,24,25,18,0.11517453193664551,0.0089551806449890137,1.1920928955078125e-06,3858,0.0017836346960822195
844,1.3893637198489159,0.0016462659696117043,6.8101859092712402,2,50049,25,26,18,0.12020909786224365,0.0087170600891113281,1.4901161193847656e-06,3925,0.0018140113385570437
845,1.3910099858185276,0.0016462659696117043,6.7409639358520508,2,52806,26,27,19,0.11874866485595703,0.0088076591491699219,1.6689300537109375e-06,3883,0.0017739022415113777
846,1.3926562517881393,0.0016462659696117043,6.7026314735412598,2,52753,25,26,19,0.1145637035369873,0.0092554688453674316,1.1324882507324219e-06,3888,0.0018484969571848549
847,1.394302517757751,0.0016462659696117043,6.8257451057434082,2,47292,24,25,17,0.12504005432128906,0.0090300440788269043,1.6689300537109375e-06,3948,0.0017898018866915678
848,1.3959487837273628,0.0016462659696117043,6.6576318740844727,2,47345,25,26,17,0.11405754089355469,0.0090595483779907227,1.9073486328125e-06,4000,0.0017929144920104817
849,1.3975950496969745,0.0016462659696117043,6.8540754318237305,2,50048,24,26,18,0.1150364875793457,0.0095523595809936523,1.2516975402832031e-06,3920,0.0017985199831462289
850,1.3992413156665862,0.0016462659696117043,6.6667037010192871,2,50049,25,26,18,0.11719489097595215,0.009396672248840332,1.5497207641601562e-06,4006,0.0018550723170056452
851,1.4008875816361979,0.0016462659696117043,6.8334689140319824,2,52754,26,26,19,0.12496328353881836,0.0094151496887207031,1.7881393432617188e-06,3942,0.0018107589878959176
852,1.4025338476058096,0.0016462659696117043,6.6938142776489258,2,55459,27,26,20,0.11594557762145996,0.0098128318786621094,1.1324882507324219e-06,4000,0.0018839387622358345
853,1.4041801135754213,0.0016462659696117043,6.9911918640136719,2,55457,25,26,20,0.11884617805480957,0.0097619891166687012,1.6689300537109375e-06,4014,0.0018433577156743391
854,1.405826379545033,0.0016462659696117043,6.7657270431518555,2,49996,24,25,18,0.12533533573150635,0.0096265077590942383,2.0265579223632812e-06,4080,0.0018276768853971741
855,1.4074726455146447,0.0016462659696117043,6.8133020401000977,2,50049,25,26,18,0.11873102188110352,0.0099495649337768555,1.2516975402832031e-06,4023,0.0018287233294193984
856,1.4091189114842564,0.0016462659696117043,6.8744029998779297,2,52700,24,25,19,0.11709439754486084,0.010122179985046387,1.5497207641601562e-06,4039,0.001860754220292809
857,1.4107651774538681,0.0016462659696117043,6.9087643623352051,2,52753,25,26,19,0.12403011322021484,0.010073184967041016,1.9073486328125e-06,4010,0.0018681641872471159
858,1.4124114434234798,0.0016462659696117043,6.7802700996398926,2,55510,26,27,20,0.12312150001525879,0.010438859462738037,1.1920928955078125e-06,4055,0.0019102795283758266
859,1.4140577093930915,0.0016462659696117043,6.8505687713623047,2,55457,25,26,20,0.11916077136993408,0.010410308837890625,1.7881393432617188e-06,4055,0.0018618743849461781
860,1.4157039753627032,0.0016462659696117043,6.9501175880432129,2,50048,24,26,18,0.12444484233856201,0.010427474975585938,2.0265579223632812e-06,4162,0.0018829024272893954
861,1.4173502413323149,0.0016462659696117043,6.842750072479248,2,50049,25,26,18,0.12002456188201904,0.010714054107666016,1.3709068298339844e-06,4094,0.0018414632454093454
862,1.4189965073019266,0.0016462659696117043,6.8404245376586914,2,52754,26,26,19,0.12100958824157715,0.01076042652130127,1.6093254089355469e-06,4045,0.0018537025439887417
863,1.4206427732715383,0.0016462659696117043,6.8020744323730469,2,55459,27,26,20,0.11406838893890381,0.010937631130218506,1.9073486328125e-06,4112,0.0019195677430612471
864,1.42228903924115,0.0016462659696117043,6.9887266159057617,2,55457,25,26,20,0.12342989444732666,0.011170625686645508,1.1920928955078125e-06,4153,0.0019391026241915412
865,1.4239353052107617,0.0016462659696117043,6.7641587257385254,2,58214,26,27,21,0.12396907806396484,0.011048078536987305,1.7881393432617188e-06,4133,0.0018986187358803086
866,1.4255815711803734,0.0016462659696117043,6.9939303398132324,2,58161,25,26,21,0.11936831474304199,0.011267423629760742,2.1457672119140625e-06,4241,0.0019215803786939382
867,1.4272278371499851,0.0016462659696117043,6.9017086029052734,2,52700,24,25,19,0.12903714179992676,0.011508703231811523,1.430511474609375e-06,4120,0.0018615522899946481
868,1.4288741031195968,0.0016462659696117043,7.1834659576416016,2,52753,25,26,19,0.12517499923706055,0.011452794075012207,1.6093254089355469e-06,4135,0.0018761081491439765
869,1.4305203690892085,0.0016462659696117043,6.979156494140625,2,55456,24,26,20,0.12427926063537598,0.01175534725189209,2.0265579223632812e-06,4140,0.0019246681231689111
870,1.4321666350588202,0.0016462659696117043,6.9055118560791016,2,55457,25,26,20,0.11750352382659912,0.012191295623779297,1.2516975402832031e-06,4241,0.0019740317078602984
871,1.433812901028432,0.0016462659696117043,7.0267086029052734,2,58162,26,26,21,0.13004660606384277,0.011842906475067139,1.7881393432617188e-06,4200,0.0019533736729428915
872,1.4354591669980437,0.0016462659696117043,6.9684052467346191,2,50049,25,26,18,0.12359166145324707,0.012066960334777832,2.2649765014648438e-06,4297,0.0019412241476737583
873,1.4371054329676554,0.0016462659696117043,7.130183219909668,2,52702,26,25,19,0.12406980991363525,0.012358188629150391,1.430511474609375e-06,4264,0.0019184510492034278
874,1.4387516989372671,0.0016462659696117043,6.9627270698547363,2,52753,25,26,19,0.12906825542449951,0.012137532234191895,1.6093254089355469e-06,4228,0.0019182733049835769
875,1.4403979649068788,0.0016462659696117043,7.2312812805175781,2,55405,25,25,20,0.13075101375579834,0.012407302856445312,2.0265579223632812e-06,4196,0.0019457628779087595
876,1.4420442308764905,0.0016462659696117043,6.9295182228088379,2,58163,27,26,21,0.12231361865997314,0.012777328491210938,1.2516975402832031e-06,4335,0.0020025898958815156
877,1.4436904968461022,0.0016462659696117043,7.2696981430053711,2,58161,25,26,21,0.12992405891418457,0.012522697448730469,1.7881393432617188e-06,4279,0.0020098507144714569
878,1.4453367628157139,0.0016462659696117043,6.9915103912353516,2,60866,26,26,22,0.13039267063140869,0.012965679168701172,2.2649765014648438e-06,4346,0.0019787078605129562
879,1.4469830287853256,0.0016462659696117043,7.3899273872375488,2,52701,25,25,19,0.12561929225921631,0.013117611408233643,1.4901161193847656e-06,4376,0.0019725679500998987
880,1.4486292947549373,0.0016462659696117043,7.0391569137573242,2,55406,26,25,20,0.12959861755371094,0.013020873069763184,1.5497207641601562e-06,4277,0.0019380582981058955
881,1.450275560724549,0.0016462659696117043,7.4609012603759766,2,55457,25,26,20,0.13157248497009277,0.013548374176025391,2.0265579223632812e-06,4249,0.0020005702627826937
882,1.4519218266941607,0.0016462659696117043,7.2611322402954102,2,58110,26,25,21,0.1337970495223999,0.01330864429473877,1.2516975402832031e-06,4398,0.0020331369692365426
883,1.4535680926637724,0.0016462659696117043,7.1832771301269531,2,49997,25,25,18,0.12859666347503662,0.013481736183166504,1.7881393432617188e-06,4308,0.0020440822023250621
884,1.4552143586333841,0.0016462659696117043,7.3418879508972168,2,60866,26,26,22,0.13337719440460205,0.013822078704833984,2.2649765014648438e-06,4426,0.0020513767444641376
885,1.4568606246029958,0.0016462659696117043,7.3897228240966797,2,52753,25,26,19,0.13062536716461182,0.013662099838256836,1.4901161193847656e-06,4408,0.0019965373216588112
886,1.4585068905726075,0.0016462659696117043,7.4018821716308594,2,55405,25,25,20,0.1343456506729126,0.013984560966491699,1.5497207641601562e-06,4314,0.0019650395007800169
887,1.4601531565422192,0.0016462659696117043,7.20257568359375,2,55457,25,26,20,0.13508856296539307,0.014257311820983887,2.0265579223632812e-06,4351,0.0020559825499174471
888,1.4617994225118309,0.0016462659696117043,7.6803207397460938,2,58109,25,25,21,0.13502955436706543,0.014179348945617676,1.2516975402832031e-06,4441,0.0020348206492453095
889,1.4634456884814426,0.0016462659696117043,7.3227901458740234,2,50049,25,26,18,0.13191306591033936,0.014449119567871094,1.7881393432617188e-06,4374,0.0020764604241347946
890,1.4650919544510543,0.0016462659696117043,7.3717646598815918,2,60865,25,26,22,0.13612997531890869,0.014775872230529785,2.2649765014648438e-06,4535,0.0021112893189417763
891,1.466738220420666,0.0016462659696117043,7.3506698608398438,2,63570,26,26,23,0.13826489448547363,0.014705002307891846,1.4901161193847656e-06,4435,0.0020168007049120706
892,1.4683844863902777,0.0016462659696117043,7.7397193908691406,2,55405,25,25,20,0.1347736120223999,0.014705657958984375,1.6093254089355469e-06,4425,0.0020075347825722688
893,1.4700307523598894,0.0016462659696117043,7.3598823547363281,2,58110,26,25,21,0.1302952766418457,0.015151679515838623,2.0265579223632812e-06,4453,0.0020930300011024593
894,1.4716770183295012,0.0016462659696117043,7.7393922805786133,2,58161,25,26,21,0.12981784343719482,0.015387892723083496,1.2516975402832031e-06,4475,0.0020737131952685119
895,1.4733232842991129,0.0016462659696117043,7.6407794952392578,2,60866,26,26,22,0.14351046085357666,0.014954209327697754,1.9073486328125e-06,4438,0.0020918863559122119
896,1.4749695502687246,0.0016462659696117043,7.4051775932312012,2,52701,25,25,19,0.13989758491516113,0.015388429164886475,2.2649765014648438e-06,4603,0.0021323917594274393
897,1.4766158162383363,0.0016462659696117043,7.6711692810058594,2,63569,25,26,23,0.13894617557525635,0.015859842300415039,1.4901161193847656e-06,4547,0.0020818272232858291
898,1.478262082207948,0.0016462659696117043,7.647428035736084,2,55457,25,26,20,0.13750922679901123,0.015456557273864746,1.6093254089355469e-06,4508,0.0020359517632369405
899,1.4799083481775597,0.0016462659696117043,7.6736183166503906,2,58109,25,25,21,0.14154958724975586,0.015755414962768555,2.0265579223632812e-06,4504,0.0021170403038834004
900,1.4815546141471714,0.0016462659696117043,7.6323652267456055,2,58161,25,26,21,0.14018523693084717,0.016337156295776367,1.1920928955078125e-06,4585,0.00212604946028031
901,1.4832008801167831,0.0016462659696117043,8.0503053665161133,2,60865,25,26,22,0.14612162113189697,0.01587224006652832,1.9073486328125e-06,4521,0.0021088787605451822
902,1.4848471460863948,0.0016462659696117043,7.567413330078125,2,52753,25,26,19,0.14522922039031982,0.016008913516998291,2.2649765014648438e-06,4671,0.0021612765523066264
903,1.4864934120560065,0.0016462659696117043,7.5864300727844238,2,63569,25,26,23,0.13755643367767334,0.016896307468414307,1.430511474609375e-06,4589,0.0021553623505524444
904,1.4881396780256182,0.0016462659696117043,7.7536716461181641,2,66274,26,26,24,0.14841079711914062,0.016509771347045898,1.6689300537109375e-06,4602,0.0020746453832208604
905,1.4897859439952299,0.0016462659696117043,7.8333067893981934,2,58109,25,25,21,0.1462252140045166,0.016437828540802002,2.0265579223632812e-06,4565,0.002139327586820932
906,1.4914322099648416,0.0016462659696117043,7.4650101661682129,2,60866,26,26,22,0.13977992534637451,0.017427682876586914,1.1920928955078125e-06,4632,0.0021483775903786621
907,1.4930784759344533,0.0016462659696117043,8.1243572235107422,2,60865,25,26,22,0.14054429531097412,0.01684415340423584,2.0265579223632812e-06,4609,0.0021574275459736929
908,1.494724741904065,0.0016462659696117043,7.853583812713623,2,63570,26,26,23,0.15049088001251221,0.016772627830505371,2.2649765014648438e-06,4676,0.0021597474511834015
909,1.4963710078736767,0.0016462659696117043,7.5099625587463379,2,63569,25,26,23,0.14464831352233887,0.017909646034240723,1.430511474609375e-06,4670,0.0021898708131431128
910,1.4980172738432884,0.0016462659696117043,7.9710111618041992,2,66273,25,26,24,0.15098655223846436,0.01727604866027832,1.7881393432617188e-06,4690,0.0021200727521169206
911,1.4996635398129001,0.0016462659696117043,7.919929027557373,2,58162,26,26,21,0.15168428421020508,0.017262458801269531,2.0265579223632812e-06,4661,0.0021771571366006721
912,1.5013098057825118,0.0016462659696117043,7.8273253440856934,2,60866,26,26,22,0.14182841777801514,0.018455862998962402,1.1920928955078125e-06,4705,0.0021844890455044474
913,1.5029560717521235,0.0016462659696117043,7.8988232612609863,2,60865,25,26,22,0.14802920818328857,0.01795041561126709,2.0265579223632812e-06,4701,0.0022021644521641329
914,1.5046023377217352,0.0016462659696117043,8.1612386703491211,2,63570,26,26,23,0.15275788307189941,0.017926931381225586,2.3245811462402344e-06,4770,0.0021784933550325924
915,1.5062486036913469,0.0016462659696117043,7.4508109092712402,2,55458,26,26,20,0.14731574058532715,0.019009828567504883,1.430511474609375e-06,4737,0.002246378781129421
916,1.5078948696609586,0.0016462659696117043,7.9883832931518555,2,66273,25,26,24,0.144142746925354,0.01844322681427002,1.9073486328125e-06,4759,0.0021653870620809228
917,1.5095411356305704,0.0016462659696117043,7.9578084945678711,2,68978,26,26,25,0.15028715133666992,0.01862645149230957,2.1457672119140625e-06,4754,0.0021933133963561516
918,1.5111874016001821,0.0016462659696117043,8.001368522644043,2,60866,26,26,22,0.14830589294433594,0.019400238990783691,1.1920928955078125e-06,4794,0.0022391958984186305
919,1.5128336675697938,0.0016462659696117043,7.792386531829834,2,71681,25,26,26,0.14902937412261963,0.018874526023864746,2.2649765014648438e-06,4737,0.0022024854068992618
920,1.5144799335394055,0.0016462659696117043,8.3270511627197266,2,63569,25,26,23,0.15434575080871582,0.01908797025680542,2.4437904357910156e-06,4811,0.0021810962485059675
921,1.5161261995090172,0.0016462659696117043,7.9615926742553711,2,66274,26,26,24,0.15138065814971924,0.019795000553131104,1.3709068298339844e-06,4845,0.0022706972058837162
922,1.5177724654786289,0.0016462659696117043,7.8607096672058105,2,66274,26,26,24,0.13958394527435303,0.019364297389984131,2.0265579223632812e-06,4845,0.0021979097054899656
923,1.5194187314482406,0.0016462659696117043,8.2518758773803711,2,68978,26,26,25,0.16025638580322266,0.019452691078186035,2.2649765014648438e-06,4812,0.0022036211315712489
924,1.5210649974178523,0.0016462659696117043,7.9327340126037598,2,60866,26,26,22,0.15122997760772705,0.020444869995117188,1.1920928955078125e-06,4897,0.0022634781810891113
925,1.522711263387464,0.0016462659696117043,8.0150508880615234,2,71681,25,26,26,0.1400139331817627,0.019658207893371582,2.3245811462402344e-06,4814,0.0022503328464780117
926,1.5243575293570757,0.0016462659696117043,8.2182207107543945,2,63569,25,26,23,0.15806317329406738,0.020009636878967285,2.5629997253417969e-06,4864,0.0022021841474801659
927,1.5260037953266874,0.0016462659696117043,8.256256103515625,2,66274,26,26,24,0.15760552883148193,0.020741105079650879,1.3709068298339844e-06,4883,0.0023015760697140024
928,1.5276500612962991,0.0016462659696117043,7.7369198799133301,2,66273,25,26,24,0.14066231250762939,0.020324349403381348,2.1457672119140625e-06,4932,0.0022570095888678186
929,1.5292963272659108,0.0016462659696117043,8.2731781005859375,2,68977,25,26,25,0.15399587154388428,0.020612537860870361,2.3245811462402344e-06,4926,0.0022556217868254284
930,1.5309425932355225,0.0016462659696117043,8.1605863571166992,2,71682,26,26,26,0.15496253967285156,0.021285057067871094,1.1920928955078125e-06,4955,0.0023003189388425944
931,1.5325888592051342,0.0016462659696117043,7.9836363792419434,2,71681,25,26,26,0.1389542818069458,0.020816564559936523,2.5629997253417969e-06,4936,0.002329652570156947
932,1.5342351251747459,0.0016462659696117043,8.2234287261962891,2,74386,26,26,27,0.15581965446472168,0.021163284778594971,2.6822090148925781e-06,4938,0.0022486557165405383
933,1.5358813911443576,0.0016462659696117043,8.3494577407836914,2,66274,26,26,24,0.15949583053588867,0.021675229072570801,1.3709068298339844e-06,4954,0.0023144632349664427
934,1.5375276571139693,0.0016462659696117043,7.8530402183532715,2,68978,26,26,25,0.14932215213775635,0.02153170108795166,2.2649765014648438e-06,4997,0.0023122989628658105
935,1.539173923083581,0.0016462659696117043,8.1787862777709961,2,68977,25,26,25,0.14974617958068848,0.02175295352935791,2.5033950805664062e-06,4986,0.002290980966559671
936,1.5408201890531927,0.0016462659696117043,8.278533935546875,2,71682,26,26,26,0.16251504421234131,0.022172331809997559,1.2516975402832031e-06,5075,0.0023283558555433122
937,1.5424664550228044,0.0016462659696117043,7.8969144821166992,2,63517,25,25,23,0.15024006366729736,0.022199034690856934,2.6226043701171875e-06,5049,0.0023614844542450973
938,1.5441127209924161,0.0016462659696117043,8.3125171661376953,2,74385,25,26,27,0.14999210834503174,0.022120177745819092,2.8014183044433594e-06,5013,0.0022685287958835862
939,1.5457589869620278,0.0016462659696117043,8.3402690887451172,2,66274,26,26,24,0.16078054904937744,0.022817134857177734,1.430511474609375e-06,5015,0.0023298264689353789
940,1.5474052529316396,0.0016462659696117043,8.2221860885620117,2,68926,26,25,25,0.15288782119750977,0.022547602653503418,2.3245811462402344e-06,5048,0.0023378217375008342
941,1.5490515189012513,0.0016462659696117043,7.9263701438903809,2,68978,26,26,25,0.13780152797698975,0.022708714008331299,2.6226043701171875e-06,5064,0.0023083892616028749
942,1.550697784870863,0.0016462659696117043,8.4081296920776367,2,71682,26,26,26,0.15835487842559814,0.0232391357421875,1.2516975402832031e-06,5161,0.0023808964397686316
943,1.5523440508404747,0.0016462659696117043,7.9954066276550293,2,63570,26,26,23,0.15463674068450928,0.023349463939666748,2.7418136596679688e-06,5186,0.0024268423986017443
944,1.5539903168100864,0.0016462659696117043,8.17742919921875,2,74385,25,26,27,0.14541137218475342,0.022933483123779297,2.9802322387695312e-06,5106,0.0023091124509671064
945,1.5556365827796981,0.0016462659696117043,8.400547981262207,2,77090,26,26,28,0.16266286373138428,0.023816227912902832,1.430511474609375e-06,5058,0.0023652134753559162
946,1.5572828487493098,0.0016462659696117043,8.5344409942626953,2,68978,26,26,25,0.16040587425231934,0.023647665977478027,2.5033950805664062e-06,5127,0.0023767971368437945
947,1.5589291147189215,0.0016462659696117043,7.9433021545410156,2,71682,26,26,26,0.14231729507446289,0.023527383804321289,2.7418136596679688e-06,5167,0.002358588603612979
948,1.5605753806885332,0.0016462659696117043,8.4654979705810547,2,71682,26,26,26,0.15852713584899902,0.024370551109313965,1.2516975402832031e-06,5206,0.0023865298652286154
949,1.5622216466581449,0.0016462659696117043,8.3157444000244141,2,74386,26,26,27,0.16380524635314941,0.024114131927490234,2.7418136596679688e-06,5266,0.0024883598750340898
950,1.5638679126277566,0.0016462659696117043,7.9857802391052246,2,74385,25,26,27,0.14053487777709961,0.024313867092132568,3.1590461730957031e-06,5194,0.0023763491041041986
951,1.5655141785973683,0.0016462659696117043,8.5476894378662109,2,77090,26,26,28,0.16210639476776123,0.024571537971496582,1.4901161193847656e-06,5098,0.002376596386680193
952,1.56716044456698,0.0016462659696117043,8.6116733551025391,2,68978,26,26,25,0.16581940650939941,0.024623870849609375,2.5033950805664062e-06,5169,0.0024221191349129857
953,1.5688067105365917,0.0016462659696117043,8.1767721176147461,2,71682,26,26,26,0.14376413822174072,0.025104641914367676,2.8014183044433594e-06,5198,0.0024109173005660714
954,1.5704529765062034,0.0016462659696117043,8.3369598388671875,2,71682,26,26,26,0.15817582607269287,0.024993896484375,1.3709068298339844e-06,5241,0.0023917047926197443
955,1.5720992424758151,0.0016462659696117043,8.5896978378295898,2,74386,26,26,27,0.17116212844848633,0.025478243827819824,2.9206275939941406e-06,5333,0.0025550045014548282
956,1.5737455084454268,0.0016462659696117043,7.9638128280639648,2,77090,26,26,28,0.14662349224090576,0.025833189487457275,3.2186508178710938e-06,5250,0.0024271441626666844
957,1.5753917744150385,0.0016462659696117043,8.6031398773193359,2,77090,26,26,28,0.15977537631988525,0.02540135383605957,1.5497207641601562e-06,5221,0.0024091782511100972
958,1.5770380403846502,0.0016462659696117043,8.6131687164306641,2,68978,26,26,25,0.1691443920135498,0.025851607322692871,2.5033950805664062e-06,5227,0.0024696359261715422
959,1.5786843063542619,0.0016462659696117043,8.2840900421142578,2,71682,26,26,26,0.15268063545227051,0.026384174823760986,2.9206275939941406e-06,5285,0.0024592068709307826
960,1.5803305723238736,0.0016462659696117043,8.2274742126464844,2,82498,26,26,30,0.15376377105712891,0.025911092758178711,1.430511474609375e-06,5267,0.0023967160600838235
961,1.5819768382934853,0.0016462659696117043,8.7692012786865234,2,74386,26,26,27,0.16918456554412842,0.026265144348144531,2.9802322387695312e-06,5413,0.0025759873325370301
962,1.583623104263097,0.0016462659696117043,8.2704181671142578,2,77038,26,25,28,0.15485811233520508,0.026963353157043457,3.2186508178710938e-06,5296,0.0024782177296873834
963,1.5852693702327088,0.0016462659696117043,8.4344234466552734,2,77090,26,26,28,0.15229618549346924,0.026537597179412842,1.5497207641601562e-06,5291,0.0024449556582389472
964,1.5869156362023205,0.0016462659696117043,8.8199348449707031,2,79794,26,26,29,0.17300283908843994,0.026979267597198486,2.5033950805664062e-06,5313,0.0025214680837582042
965,1.5885619021719322,0.0016462659696117043,8.5591526031494141,2,71682,26,26,26,0.16044676303863525,0.027548551559448242,2.9802322387695312e-06,5386,0.0025126866616734874
966,1.5902081681415439,0.0016462659696117043,8.2794666290283203,2,82498,26,26,30,0.15381264686584473,0.027131199836730957,1.430511474609375e-06,5323,0.0024459852224349254
967,1.5918544341111556,0.0016462659696117043,8.7585058212280273,2,74386,26,26,27,0.1778557300567627,0.027559280395507812,2.9802322387695312e-06,5502,0.0026294525181877319
968,1.5935007000807673,0.0016462659696117043,8.6410913467407227,2,77090,26,26,28,0.16418957710266113,0.028032064437866211,3.337860107421875e-06,5338,0.0025511953226053639
969,1.595146966050379,0.0016462659696117043,8.383549690246582,2,77090,26,26,28,0.14262747764587402,0.02764517068862915,1.5497207641601562e-06,5375,0.0024708955369063634
970,1.5967932320199907,0.0016462659696117043,9.0320825576782227,2,79794,26,26,29,0.16936385631561279,0.027951359748840332,2.5033950805664062e-06,5370,0.0025342867820182515
971,1.5984394979896024,0.0016462659696117043,8.6708192825317383,2,71682,26,26,26,0.16677320003509521,0.028545618057250977,2.9802322387695312e-06,5432,0.0025842614474345105
972,1.6000857639592141,0.0016462659696117043,8.3240451812744141,2,82498,26,26,30,0.14809787273406982,0.02859199047088623,1.430511474609375e-06,5441,0.0025057129917275683
973,1.6017320299288258,0.0016462659696117043,8.5653886795043945,2,85202,26,26,31,0.17107021808624268,0.028712093830108643,2.9802322387695312e-06,5577,0.0026147321829785054
974,1.6033782958984375,0.0016462659696117043,8.8467445373535156,2,77090,26,26,28,0.17253983020782471,0.028854966163635254,3.337860107421875e-06,5424,0.0025972292044038996
975,1.6050245618680492,0.0016462659696117043,8.2062778472900391,2,79794,26,26,29,0.14421272277832031,0.029050707817077637,1.6093254089355469e-06,5452,0.0025300099385610246
976,1.6066708278376609,0.0016462659696117043,9.0179805755615234,2,79794,26,26,29,0.16917622089385986,0.028839230537414551,2.5629997253417969e-06,5437,0.0025438698009464197
977,1.6083170938072726,0.0016462659696117043,8.9167671203613281,2,82498,26,26,30,0.17560744285583496,0.029167056083679199,2.9802322387695312e-06,5536,0.00265087956454868
978,1.6099633597768843,0.0016462659696117043,8.3232412338256836,2,74386,26,26,27,0.15224051475524902,0.029621362686157227,1.430511474609375e-06,5515,0.002581145845712994
979,1.611609625746496,0.0016462659696117043,8.8389968872070312,2,85202,26,26,31,0.17120969295501709,0.029563546180725098,2.9802322387695312e-06,5645,0.0026531709594168852
980,1.6132558917161077,0.0016462659696117043,8.8694820404052734,2,77090,26,26,28,0.17701220512390137,0.029688060283660889,3.337860107421875e-06,5494,0.0026213057311377836
981,1.6149021576857194,0.0016462659696117043,8.2787322998046875,2,79794,26,26,29,0.1526024341583252,0.030229508876800537,1.6093254089355469e-06,5497,0.0025924626999716811
982,1.6165484236553311,0.0016462659696117043,8.7428989410400391,2,79794,26,26,29,0.16345226764678955,0.030229449272155762,2.5033950805664062e-06,5510,0.0025695588556925294
983,1.6181946896249428,0.0016462659696117043,9.1508083343505859,2,82498,26,26,30,0.1779639720916748,0.030222654342651367,2.9802322387695312e-06,5631,0.0026739653418801942
984,1.6198409555945545,0.0016462659696117043,8.5075368881225586,2,85202,26,26,31,0.15577733516693115,0.030454516410827637,1.430511474609375e-06,5561,0.0026336997066245971
985,1.6214872215641662,0.0016462659696117043,8.8483295440673828,2,85202,26,26,31,0.17166280746459961,0.030715763568878174,2.9802322387695312e-06,5722,0.0026827970356367676
986,1.623133487533778,0.0016462659696117043,8.8252353668212891,2,77090,26,26,28,0.18439686298370361,0.03056788444519043,3.4570693969726562e-06,5614,0.0026788808273932123
987,1.6247797535033897,0.0016462659696117043,8.4193429946899414,2,79794,26,26,29,0.15831983089447021,0.031052231788635254,1.6689300537109375e-06,5563,0.0026735010251992528
988,1.6264260194730014,0.0016462659696117043,8.5953874588012695,2,79794,26,26,29,0.15725314617156982,0.031210184097290039,2.5033950805664062e-06,5594,0.0026326086538446388
989,1.6280722854426131,0.0016462659696117043,9.3011674880981445,2,82498,26,26,30,0.17809092998504639,0.031208395957946777,2.9802322387695312e-06,5712,0.0027034082520899271
990,1.6297185514122248,0.0016462659696117043,8.6534948348999023,2,85202,26,26,31,0.16238236427307129,0.031634688377380371,1.4901161193847656e-06,5673,0.0027564467093990218
991,1.6313648173818365,0.0016462659696117043,8.6749238967895508,2,85202,26,26,31,0.1579287052154541,0.031975626945495605,2.9802322387695312e-06,5823,0.0027994322403016832
992,1.6330110833514482,0.0016462659696117043,9.0025272369384766,2,87906,26,26,32,0.18643450736999512,0.031492710113525391,3.4570693969726562e-06,5694,0.0027147662393311829
993,1.6346573493210599,0.0016462659696117043,8.6630420684814453,2,79794,26,26,29,0.16577684879302979,0.032452285289764404,1.6689300537109375e-06,5611,0.0027437720754535573
994,1.6363036152906716,0.0016462659696117043,8.3794784545898438,2,79794,26,26,29,0.15436923503875732,0.032500982284545898,2.5033950805664062e-06,5683,0.0026966568028483663
995,1.6379498812602833,0.0016462659696117043,9.3263568878173828,2,82498,26,26,30,0.18024671077728271,0.032226383686065674,2.9802322387695312e-06,5751,0.0027315630729715956
996,1.639596147229895,0.0016462659696117043,8.9829692840576172,2,85202,26,26,31,0.16871929168701172,0.032828807830810547,1.4901161193847656e-06,5739,0.0028067689835632468
997,1.6412424131995067,0.0016462659696117043,8.5989456176757812,2,85202,26,26,31,0.14712345600128174,0.033086657524108887,2.9802322387695312e-06,5871,0.002838856145603899
998,1.6428886791691184,0.0016462659696117043,9.122532844543457,2,87906,26,26,32,0.17505848407745361,0.032367348670959473,3.4570693969726562e-06,5746,0.0027607324580107627
999,1.6445349451387301,0.0016462659696117043,8.7796077728271484,2,79794,26,26,29,0.17133188247680664,0.03337860107421875,1.6689300537109375e-06,5717,0.0028005278963180134
1000,1.6461812111083418,0.0016462659696117043,8.3667583465576172,2,82446,26,25,30,0.15197455883026123,0.03356778621673584,2.5033950805664062e-06,5788,0.0027486574050463596
1001,1.6478274770779535,0.0016462659696117043,9.1047201156616211,2,82498,26,26,30,0.16826260089874268,0.032893896102905273,2.9802322387695312e-06,5783,0.002751819663934793
1002,1.6494737430475652,0.0016462659696117043,9.1438236236572266,2,85202,26,26,31,0.17738854885101318,0.033860206604003906,1.4901161193847656e-06,5843,0.0028519431342213233
1003,1.6511200090171769,0.0016462659696117043,8.5617122650146484,2,87906,26,26,32,0.15678036212921143,0.034339308738708496,2.9802322387695312e-06,6004,0.0029322724548769791
1004,1.6527662749867886,0.0016462659696117043,9.0812139511108398,2,87906,26,26,32,0.1751406192779541,0.033679425716400146,3.4570693969726562e-06,5794,0.0028142625352443251
1005,1.6544125409564003,0.0016462659696117043,9.0038471221923828,2,90610,26,26,33,0.18286490440368652,0.034405350685119629,1.6689300537109375e-06,5796,0.0028528711456450358
1006,1.656058806926012,0.0016462659696117043,8.4912347793579102,2,82446,26,25,30,0.15647566318511963,0.035018086433410645,2.5033950805664062e-06,5905,0.0028448543298817226
1007,1.6577050728956237,0.0016462659696117043,8.785700798034668,2,82498,26,26,30,0.17092442512512207,0.034251093864440918,2.9802322387695312e-06,5867,0.0028097608046018423
1008,1.6593513388652354,0.0016462659696117043,9.2654027938842773,2,85202,26,26,31,0.17940247058868408,0.035225391387939453,1.4901161193847656e-06,5862,0.0028673068969052766
1009,1.6609976048348472,0.0016462659696117043,8.6419105529785156,2,87854,26,25,32,0.16250920295715332,0.035517752170562744,2.9802322387695312e-06,6042,0.0029560863161991789
1010,1.6626438708044589,0.0016462659696117043,8.9554967880249023,2,87906,26,26,32,0.1713937520980835,0.034630775451660156,3.4570693969726562e-06,5893,0.0028893048962210896
1011,1.6642901367740706,0.0016462659696117043,9.2434864044189453,2,90610,26,26,33,0.18766355514526367,0.035638093948364258,1.6689300537109375e-06,5818,0.0028826645726870719
1012,1.6659364027436823,0.0016462659696117043,8.6951465606689453,2,93314,26,26,34,0.1624913215637207,0.035846710205078125,2.5033950805664062e-06,5955,0.0028861108043112538
1013,1.667582668713294,0.0016462659696117043,8.643733024597168,2,93314,26,26,34,0.17040443420410156,0.035217642784118652,2.9802322387695312e-06,5918,0.0028389720654675224
1014,1.6692289346829057,0.0016462659696117043,9.3033170700073242,2,85202,26,26,31,0.19011247158050537,0.03617095947265625,1.4901161193847656e-06,5924,0.00291090548339855
1015,1.6708752006525174,0.0016462659696117043,8.7494411468505859,2,87854,26,25,32,0.16706240177154541,0.036280632019042969,2.9802322387695312e-06,6103,0.0030355091483592923
1016,1.6725214666221291,0.0016462659696117043,8.7237882614135742,2,87906,26,26,32,0.16100120544433594,0.035393953323364258,3.4570693969726562e-06,5954,0.0029165123765838115
1017,1.6741677325917408,0.0016462659696117043,9.3706483840942383,2,90610,26,26,33,0.18947958946228027,0.036842405796051025,1.6689300537109375e-06,5966,0.0029301980528161626
1018,1.6758139985613525,0.0016462659696117043,8.8932361602783203,2,93314,26,26,34,0.1682734489440918,0.036850810050964355,2.5033950805664062e-06,6027,0.0029443027372386753
1019,1.6774602645309642,0.0016462659696117043,8.553985595703125,2,93314,26,26,34,0.1605827808380127,0.035958051681518555,2.9206275939941406e-06,6004,0.0029043346718074683
1020,1.6791065305005759,0.0016462659696117043,9.2329626083374023,2,85202,26,26,31,0.1916351318359375,0.037063360214233398,1.4901161193847656e-06,6030,0.002950862894933013
1021,1.6807527964701876,0.0016462659696117043,8.8929471969604492,2,87854,26,25,32,0.17123985290527344,0.037433624267578125,2.9802322387695312e-06,6164,0.0030695243016098349
1022,1.6823990624397993,0.0016462659696117043,8.659454345703125,2,90558,26,25,33,0.15025579929351807,0.036196470260620117,3.4570693969726562e-06,6067,0.002974560357721067
1023,1.684045328409411,0.0016462659696117043,9.3564882278442383,2,90610,26,26,33,0.18465816974639893,0.037713587284088135,1.6689300537109375e-06,6050,0.0029983384205330274
1024,1.6856915943790227,0.0016462659696117043,9.0891075134277344,2,93314,26,26,34,0.17550098896026611,0.037777483463287354,2.5033950805664062e-06,6055,0.0029745705419728127
1025,1.6873378603486344,0.0016462659696117043,8.5571928024291992,2,95966,26,25,35,0.16179835796356201,0.036714851856231689,2.9206275939941406e-06,6115,0.00294225137680357
1026,1.6889841263182461,0.0016462659696117043,9.1630401611328125,2,85202,26,26,31,0.18193292617797852,0.038221955299377441,1.5497207641601562e-06,6107,0.0030037864163875647
1027,1.6906303922878578,0.0016462659696117043,9.0746440887451172,2,87906,26,26,32,0.17999076843261719,0.038135766983032227,2.9802322387695312e-06,6247,0.0031389869399440985
1028,1.6922766582574695,0.0016462659696117043,8.8301181793212891,2,90558,26,25,33,0.15990030765533447,0.037354648113250732,3.4570693969726562e-06,6163,0.0030355430168217202
1029,1.6939229242270812,0.0016462659696117043,9.2869491577148438,2,90610,26,26,33,0.17851781845092773,0.038877725601196289,1.7881393432617188e-06,6097,0.0030270578594428833
1030,1.6955691901966929,0.0016462659696117043,9.2824554443359375,2,93314,26,26,34,0.18271303176879883,0.038394570350646973,2.4437904357910156e-06,6150,0.0030365273419569487
1031,1.6972154561663046,0.0016462659696117043,8.9210634231567383,2,95966,26,25,35,0.16957437992095947,0.03794020414352417,2.9206275939941406e-06,6157,0.0030255952950037713
1032,1.6988617221359164,0.0016462659696117043,9.1082324981689453,2,85202,26,26,31,0.17918002605438232,0.039190411567687988,1.5497207641601562e-06,6176,0.0030213246469734051
1033,1.7005079881055281,0.0016462659696117043,9.203582763671875,2,98722,26,26,36,0.18705451488494873,0.038715004920959473,2.9802322387695312e-06,6343,0.0031371824713080942
1034,1.7021542540751398,0.0016462659696117043,8.9426679611206055,2,90558,26,25,33,0.16822946071624756,0.038351178169250488,3.4570693969726562e-06,6251,0.0030801468512259992
1035,1.7038005200447515,0.0016462659696117043,9.2486600875854492,2,90610,26,26,33,0.17858707904815674,0.039526104927062988,1.7881393432617188e-06,6185,0.0030817078667534454
1036,1.7054467860143632,0.0016462659696117043,9.4154348373413086,2,93314,26,26,34,0.18606412410736084,0.039310812950134277,2.3245811462402344e-06,6234,0.0030892934210332897
1037,1.7070930519839749,0.0016462659696117043,9.1170864105224609,2,95966,26,25,35,0.17464280128479004,0.038897275924682617,2.9206275939941406e-06,6245,0.0030813042171785768
1038,1.7087393179535866,0.0016462659696117043,9.0550317764282227,2,85202,26,26,31,0.17785465717315674,0.039901494979858398,1.5497207641601562e-06,6218,0.003108038293697205
1039,1.7103855839231983,0.0016462659696117043,9.3380327224731445,2,98722,26,26,36,0.19648611545562744,0.03989112377166748,2.9802322387695312e-06,6401,0.0031885861303363639
1040,1.71203184989281,0.0016462659696117043,9.0416717529296875,2,101374,26,25,37,0.17851364612579346,0.039245724678039551,3.5762786865234375e-06,6320,0.0031049757662070256
1041,1.7136781158624217,0.0016462659696117043,9.2325286865234375,2,90610,26,26,33,0.17606377601623535,0.04075169563293457,1.7881393432617188e-06,6231,0.0031079149428877135
1042,1.7153243818320334,0.0016462659696117043,9.4933910369873047,2,93314,26,26,34,0.19080877304077148,0.040552377700805664,2.3245811462402344e-06,6332,0.0031346261273661755
1043,1.7169706478016451,0.0016462659696117043,9.2381801605224609,2,95966,26,25,35,0.17728090286254883,0.039847254753112793,2.9206275939941406e-06,6284,0.0031089018113466611
1044,1.7186169137712568,0.0016462659696117043,8.9210710525512695,2,85202,26,26,31,0.17558372020721436,0.04098045825958252,1.5497207641601562e-06,6273,0.0031360741946021222
1045,1.7202631797408685,0.0016462659696117043,9.4584903717041016,2,98722,26,26,36,0.19932806491851807,0.040833234786987305,2.9206275939941406e-06,6523,0.003210923855401959
1046,1.7219094457104802,0.0016462659696117043,9.237518310546875,2,101374,26,25,37,0.1837158203125,0.040334343910217285,3.5762786865234375e-06,6398,0.0031240478773139047
1047,1.7235557116800919,0.0016462659696117043,9.1135520935058594,2,90610,26,26,33,0.17426741123199463,0.041335582733154297,1.9073486328125e-06,6307,0.0031232761103117336
1048,1.7252019776497036,0.0016462659696117043,9.4820337295532227,2,93314,26,26,34,0.19045209884643555,0.041258692741394043,2.2649765014648438e-06,6469,0.0032183432719270675
1049,1.7268482436193153,0.0016462659696117043,9.2952756881713867,2,95966,26,25,35,0.1788628101348877,0.041074991226196289,2.9206275939941406e-06,6386,0.0031525492076053614
1050,1.728494509588927,0.0016462659696117043,8.8958730697631836,2,96018,26,26,35,0.17245757579803467,0.041482150554656982,1.6093254089355469e-06,6341,0.0031752816443363923
1051,1.7301407755585387,0.0016462659696117043,9.5041646957397461,2,98722,26,26,36,0.19773411750793457,0.041788339614868164,2.9206275939941406e-06,6647,0.0033305625289225594
1052,1.7317870415281504,0.0016462659696117043,9.3739805221557617,2,101374,26,25,37,0.18548858165740967,0.041275858879089355,3.5762786865234375e-06,6472,0.0031632646669441707
1053,1.7334333074977621,0.0016462659696117043,9.0267868041992188,2,104078,26,25,38,0.16867733001708984,0.042013227939605713,1.9073486328125e-06,6351,0.0031296011515051813
1054,1.7350795734673738,0.0016462659696117043,9.4452524185180664,2,93314,26,26,34,0.19268631935119629,0.042394161224365234,2.2649765014648438e-06,6561,0.0032840153232299935
1055,1.7367258394369856,0.0016462659696117043,9.2397880554199219,2,95966,26,25,35,0.18397855758666992,0.041855216026306152,2.9206275939941406e-06,6517,0.0032247194168646969
1056,1.7383721054065973,0.0016462659696117043,8.8767662048339844,2,98670,26,25,36,0.16865730285644531,0.042523503303527832,1.6093254089355469e-06,6474,0.0031905690159410682
1057,1.740018371376209,0.0016462659696117043,9.566370964050293,2,98722,26,26,36,0.19623041152954102,0.042934656143188477,2.8014183044433594e-06,6692,0.0033377307284929501
1058,1.7416646373458207,0.0016462659696117043,9.5086002349853516,2,101374,26,25,37,0.18567430973052979,0.042313098907470703,3.5762786865234375e-06,6546,0.0032259687155359647
1059,1.7433109033154324,0.0016462659696117043,9.2296781539916992,2,104078,26,25,38,0.16624224185943604,0.042854428291320801,1.9073486328125e-06,6488,0.0031718906381730839
1060,1.7449571692850441,0.0016462659696117043,9.3543024063110352,2,93314,26,26,34,0.18801093101501465,0.043267428874969482,2.2649765014648438e-06,6653,0.0032877621880751011
1061,1.7466034352546558,0.0016462659696117043,9.2243566513061523,2,95966,26,25,35,0.19150412082672119,0.04294288158416748,2.8014183044433594e-06,6628,0.0033241113087684421
1062,1.7482497012242675,0.0016462659696117043,8.9266262054443359,2,98670,26,25,36,0.17948603630065918,0.043681502342224121,1.6689300537109375e-06,6590,0.0032741110045857438
1063,1.7498959671938792,0.0016462659696117043,9.5064678192138672,2,98722,26,26,36,0.18168509006500244,0.043595492839813232,2.7418136596679688e-06,6755,0.0033908938931704788
1064,1.7515422331634909,0.0016462659696117043,9.5745010375976562,2,101426,26,26,37,0.18285989761352539,0.043309807777404785,3.4570693969726562e-06,6628,0.003303491990339409
1065,1.7531884991331026,0.0016462659696117043,9.4029159545898438,2,104078,26,25,38,0.17045891284942627,0.043955326080322266,2.0265579223632812e-06,6568,0.0032151087750429659
1066,1.7548347651027143,0.0016462659696117043,9.396510124206543,2,93314,26,26,34,0.18163418769836426,0.044020533561706543,2.1457672119140625e-06,6693,0.003317083096848254
1067,1.756481031072326,0.0016462659696117043,9.2963924407958984,2,95966,26,25,35,0.19566226005554199,0.043938279151916504,2.7418136596679688e-06,6663,0.0033642427615729856
1068,1.7581272970419377,0.0016462659696117043,9.0525398254394531,2,109486,26,25,40,0.18865728378295898,0.044407010078430176,1.6689300537109375e-06,6623,0.003336488656343325
1069,1.7597735630115494,0.0016462659696117043,9.4889984130859375,2,98722,26,26,36,0.17933285236358643,0.044386506080627441,2.7418136596679688e-06,6794,0.0033881145504275137
1070,1.7614198289811611,0.0016462659696117043,9.6100673675537109,2,101426,26,26,37,0.18481004238128662,0.04423069953918457,3.4570693969726562e-06,6781,0.0033770752735993235
1071,1.7630660949507728,0.0016462659696117043,9.5305938720703125,2,104078,26,25,38,0.17715108394622803,0.044800400733947754,2.0265579223632812e-06,6673,0.0032615550645096279
1072,1.7647123609203845,0.0016462659696117043,9.3337764739990234,2,93314,26,26,34,0.17764508724212646,0.044863700866699219,2.1457672119140625e-06,6729,0.0033076824859423568
1073,1.7663586268899962,0.0016462659696117043,9.4090976715087891,2,96018,26,26,35,0.19643127918243408,0.045004963874816895,2.7418136596679688e-06,6756,0.0033786063192879083
1074,1.7680048928596079,0.0016462659696117043,9.2826423645019531,2,98670,26,25,36,0.19109213352203369,0.045434117317199707,1.6689300537109375e-06,6740,0.0034015616745252308
1075,1.7696511588292196,0.0016462659696117043,9.4372367858886719,2,98722,26,26,36,0.18098700046539307,0.045470476150512695,2.6822090148925781e-06,6889,0.003457905216536238
1076,1.7712974247988313,0.0016462659696117043,9.6484212875366211,2,101426,26,26,37,0.19494473934173584,0.045193374156951904,3.337860107421875e-06,6827,0.0034162918498949098
1077,1.772943690768443,0.0016462659696117043,9.5528421401977539,2,104078,26,25,38,0.17994451522827148,0.045898497104644775,2.0265579223632812e-06,6735,0.0033128358169521657
1078,1.7745899567380548,0.0016462659696117043,9.1520175933837891,2,93314,26,26,34,0.17370986938476562,0.045579910278320312,2.0861625671386719e-06,6766,0.0033507455109389544
1079,1.7762362227076665,0.0016462659696117043,9.6420021057128906,2,96018,26,26,35,0.19729864597320557,0.045984387397766113,2.6226043701171875e-06,6809,0.0034067753995501598
1080,1.7778824886772782,0.0016462659696117043,9.4884309768676758,2,109486,26,25,40,0.18760406970977783,0.046170532703399658,1.6689300537109375e-06,6868,0.0034363435831921267
1081,1.7795287546468899,0.0016462659696117043,9.2223873138427734,2,98722,26,26,36,0.16917002201080322,0.046068370342254639,2.6226043701171875e-06,6935,0.0034717340851155611
1082,1.7811750206165016,0.0016462659696117043,9.6849699020385742,2,101426,26,26,37,0.19656884670257568,0.046239256858825684,3.337860107421875e-06,6879,0.0034559114400384747
1083,1.7828212865861133,0.0016462659696117043,9.5728750228881836,2,104078,26,25,38,0.18496394157409668,0.046562075614929199,2.0265579223632812e-06,6839,0.0033655513860388841
1084,1.784467552555725,0.0016462659696117043,9.3019332885742188,2,85150,26,25,31,0.17251825332641602,0.046371817588806152,2.0265579223632812e-06,6838,0.0033830495919805956
1085,1.7861138185253367,0.0016462659696117043,9.6722354888916016,2,96018,26,26,35,0.19455361366271973,0.046668291091918945,2.6226043701171875e-06,6872,0.0034072955462599217
1086,1.7877600844949484,0.0016462659696117043,9.700322151184082,2,109486,26,25,40,0.18838381767272949,0.047131896018981934,1.6689300537109375e-06,6953,0.0034793453942910321
1087,1.7894063504645601,0.0016462659696117043,9.5312490463256836,2,112190,26,25,41,0.17406344413757324,0.046950638294219971,2.5629997253417969e-06,6993,0.0035478422773549132
1088,1.7910526164341718,0.0016462659696117043,9.665867805480957,2,101426,26,26,37,0.18294644355773926,0.0469818115234375,3.2186508178710938e-06,6961,0.0034926916067655259
1089,1.7926988824037835,0.0016462659696117043,9.6315116882324219,2,104078,26,25,38,0.19581341743469238,0.047377467155456543,2.0265579223632812e-06,6935,0.0034086497452884682
1090,1.7943451483733952,0.0016462659696117043,9.3729496002197266,2,106782,26,25,39,0.18640506267547607,0.047136068344116211,2.0265579223632812e-06,6928,0.003435174620188546
1091,1.7959914143430069,0.0016462659696117043,9.6245822906494141,2,106834,26,26,39,0.18463039398193359,0.047658562660217285,2.5629997253417969e-06,6914,0.0034731014224329395
1092,1.7976376803126186,0.0016462659696117043,9.8471193313598633,2,109486,26,25,40,0.18809270858764648,0.047922134399414062,1.6689300537109375e-06,6984,0.0034737995045895174
1093,1.7992839462822303,0.0016462659696117043,9.8749532699584961,2,112190,26,25,41,0.18592727184295654,0.047585368156433105,2.5033950805664062e-06,7102,0.0035771210718941117
1094,1.800930212251842,0.0016462659696117043,9.5541839599609375,2,101426,26,26,37,0.18047130107879639,0.047974705696105957,3.1590461730957031e-06,7058,0.0035368530132619523
1095,1.8025764782214537,0.0016462659696117043,9.6317310333251953,2,104130,26,26,38,0.1924893856048584,0.048437058925628662,2.0265579223632812e-06,7046,0.003491454493308089
1096,1.8042227441910654,0.0016462659696117043,9.5241308212280273,2,106782,26,25,39,0.19058454036712646,0.048013210296630859,2.0265579223632812e-06,7003,0.0034904081190878411
1097,1.8058690101606771,0.0016462659696117043,9.4091119766235352,2,106834,26,26,39,0.18167531490325928,0.048380374908447266,2.4437904357910156e-06,6995,0.0034729105073604718
1098,1.8075152761302888,0.0016462659696117043,9.9078865051269531,2,109538,26,26,40,0.20095157623291016,0.048894882202148438,1.6689300537109375e-06,7136,0.0035565941626526632
1099,1.8091615420999005,0.0016462659696117043,10.048921585083008,2,112190,26,25,41,0.18910872936248779,0.048464179039001465,2.4437904357910156e-06,7185,0.0036524631530728316
1100,1.8108078080695122,0.0016462659696117043,9.5026521682739258,2,93262,26,25,34,0.16954481601715088,0.048429727554321289,2.9802322387695312e-06,7110,0.0035608064722120426
1101,1.812454074039124,0.0016462659696117043,9.7465381622314453,2,104130,26,26,38,0.18998980522155762,0.049101948738098145,2.0265579223632812e-06,7129,0.0035340680104355704
1102,1.8141003400087357,0.0016462659696117043,9.673980712890625,2,117598,26,25,43,0.1888580322265625,0.048855423927307129,2.0265579223632812e-06,7120,0.0035593019711900068
1103,1.8157466059783474,0.0016462659696117043,9.5950689315795898,2,120302,26,25,44,0.17695391178131104,0.048675179481506348,2.3245811462402344e-06,7054,0.003569663648536359
1104,1.8173928719479591,0.0016462659696117043,9.845545768737793,2,109538,26,26,40,0.18074405193328857,0.049524545669555664,1.6689300537109375e-06,7184,0.0035824290507679877
1105,1.8190391379175708,0.0016462659696117043,10.154277801513672,2,112190,26,25,41,0.19569110870361328,0.04930800199508667,2.2649765014648438e-06,7295,0.0036354560944084117
1106,1.8206854038871825,0.0016462659696117043,9.8366727828979492,2,114894,26,25,42,0.18363416194915771,0.049044787883758545,2.9206275939941406e-06,7209,0.0036209316230540029
1107,1.8223316698567942,0.0016462659696117043,9.6225872039794922,2,104130,26,26,38,0.18351364135742188,0.049874663352966309,2.0265579223632812e-06,7222,0.003552682154172255
1108,1.8239779358264059,0.0016462659696117043,9.8508520126342773,2,117598,26,25,43,0.19370043277740479,0.049514174461364746,2.0265579223632812e-06,7202,0.0035946930223381608
1109,1.8256242017960176,0.0016462659696117043,9.909632682800293,2,120302,26,25,44,0.18969488143920898,0.049442827701568604,2.2649765014648438e-06,7100,0.0035659081021360544
1110,1.8272704677656293,0.0016462659696117043,9.6579647064208984,2,109538,26,26,40,0.1861034631729126,0.050113677978515625,1.7881393432617188e-06,7231,0.0036228448063358133
1111,1.828916733735241,0.0016462659696117043,10.187968254089355,2,112190,26,25,41,0.19065308570861816,0.050046563148498535,2.2649765014648438e-06,7350,0.0036961512475056271
1112,1.8305629997048527,0.0016462659696117043,10.188157081604004,2,114894,26,25,42,0.18752133846282959,0.049614667892456055,2.7418136596679688e-06,7340,0.0036513016879827749
1113,1.8322092656744644,0.0016462659696117043,9.5566205978393555,2,114894,26,25,42,0.17575132846832275,0.050422370433807373,2.0265579223632812e-06,7244,0.0035789694543959553
1114,1.8338555316440761,0.0016462659696117043,9.9239206314086914,2,117598,26,25,43,0.19825327396392822,0.050174832344055176,2.0861625671386719e-06,7275,0.003643168604023595
1115,1.8355017976136878,0.0016462659696117043,10.119538307189941,2,120302,26,25,44,0.19770514965057373,0.050014376640319824,2.2649765014648438e-06,7211,0.0036487993320642445
1116,1.8371480635832995,0.0016462659696117043,9.5010862350463867,2,123006,26,25,45,0.17028224468231201,0.050586462020874023,1.7881393432617188e-06,7279,0.003629094879486516
1117,1.8387943295529112,0.0016462659696117043,9.9504251480102539,2,112190,26,25,41,0.19161033630371094,0.05073624849319458,2.1457672119140625e-06,7374,0.0036990773254462184
1118,1.8404405955225229,0.0016462659696117043,10.216068267822266,2,114894,26,25,42,0.19254553318023682,0.050346910953521729,2.6226043701171875e-06,7420,0.0036660189947200677
1119,1.8420868614921346,0.0016462659696117043,9.6708898544311523,2,117598,26,25,43,0.1748884916305542,0.051036059856414795,2.0861625671386719e-06,7257,0.0035913316445379279
1120,1.8437331274617463,0.0016462659696117043,9.8645687103271484,2,117598,26,25,43,0.18668413162231445,0.05110776424407959,2.1457672119140625e-06,7315,0.0036614022172517116
1121,1.845379393431358,0.0016462659696117043,10.353557586669922,2,120302,26,25,44,0.20429539680480957,0.050817251205444336,2.2649765014648438e-06,7331,0.003633881710725245
1122,1.8470256594009697,0.0016462659696117043,9.9402742385864258,2,123006,26,25,45,0.18214297294616699,0.051443219184875488,1.7881393432617188e-06,7376,0.0036536537285801417
1123,1.8486719253705814,0.0016462659696117043,9.7142095565795898,2,112190,26,25,41,0.1836162805557251,0.051372051239013672,2.1457672119140625e-06,7459,0.0037989957158287698
1124,1.8503181913401932,0.0016462659696117043,10.302201271057129,2,114894,26,25,42,0.18953919410705566,0.051070570945739746,2.5629997253417969e-06,7453,0.0037055949228352353
1125,1.8519644573098049,0.0016462659696117043,9.9443683624267578,2,117598,26,25,43,0.18875741958618164,0.051919281482696533,2.0861625671386719e-06,7348,0.0036239609944487823
1126,1.8536107232794166,0.0016462659696117043,9.8096446990966797,2,117598,26,25,43,0.18099033832550049,0.051861941814422607,2.1457672119140625e-06,7419,0.003685049396211676
1127,1.8552569892490283,0.0016462659696117043,10.506819725036621,2,120302,26,25,44,0.19354140758514404,0.051611363887786865,2.3245811462402344e-06,7379,0.0036937883161951373
1128,1.85690325521864,0.0016462659696117043,10.445135116577148,2,123006,26,25,45,0.18922996520996094,0.052365899085998535,1.9073486328125e-06,7457,0.0036838861479609546
1129,1.8585495211882517,0.0016462659696117043,9.6698751449584961,2,123006,26,25,45,0.16840577125549316,0.05230414867401123,2.1457672119140625e-06,7542,0.0037861830260317608
1130,1.8601957871578634,0.0016462659696117043,10.086047172546387,2,125710,26,25,46,0.19295871257781982,0.051937580108642578,2.5033950805664062e-06,7522,0.0037311332572601799
1131,1.8618420531274751,0.0016462659696117043,10.147257804870605,2,117598,26,25,43,0.20164227485656738,0.052322506904602051,2.1457672119140625e-06,7443,0.0036462831451944972
1132,1.8634883190970868,0.0016462659696117043,9.725529670715332,2,117598,26,25,43,0.16935992240905762,0.052398085594177246,2.2649765014648438e-06,7439,0.0036852517368727608
1133,1.8651345850666985,0.0016462659696117043,10.328428268432617,2,120302,26,25,44,0.19182014465332031,0.052267968654632568,2.5033950805664062e-06,7418,0.0036976935575970685
1134,1.8667808510363102,0.0016462659696117043,10.535923004150391,2,123006,26,25,45,0.19970273971557617,0.052606701850891113,1.9073486328125e-06,7497,0.0037226707719388106
1135,1.8684271170059219,0.0016462659696117043,10.06535816192627,2,104078,26,25,38,0.17533135414123535,0.052743673324584961,2.1457672119140625e-06,7629,0.0038438537841411929
1136,1.8700733829755336,0.0016462659696117043,9.9449710845947266,2,125710,26,25,46,0.1866004467010498,0.052612543106079102,2.5033950805664062e-06,7562,0.0037869557931999244
1137,1.8717196489451453,0.0016462659696117043,10.362556457519531,2,117598,26,25,43,0.2112433910369873,0.053017139434814453,2.1457672119140625e-06,7566,0.0036850033706804218
1138,1.873365914914757,0.0016462659696117043,9.9378738403320312,2,131118,26,25,48,0.17663717269897461,0.053060412406921387,2.3245811462402344e-06,7524,0.0037352388382981593
1139,1.8750121808843687,0.0016462659696117043,10.129584312438965,2,120302,26,25,44,0.1795116662979126,0.052829623222351074,2.5629997253417969e-06,7511,0.0037495634880573441
1140,1.8766584468539804,0.0016462659696117043,10.630746841430664,2,123006,26,25,45,0.2008594274520874,0.053238034248352051,1.9073486328125e-06,7576,0.0037357345884974054
1141,1.8783047128235921,0.0016462659696117043,10.054047584533691,2,104078,26,25,38,0.18964481353759766,0.053336977958679199,2.2649765014648438e-06,7666,0.0038567861598115803
1142,1.8799509787932038,0.0016462659696117043,10.058151245117188,2,106782,26,25,39,0.16940927505493164,0.053152322769165039,2.5033950805664062e-06,7616,0.0037876466923285716
1143,1.8815972447628155,0.0016462659696117043,10.346807479858398,2,128414,26,25,47,0.20047259330749512,0.053335905075073242,2.1457672119140625e-06,7576,0.003697775535220688
1144,1.8832435107324272,0.0016462659696117043,10.223527908325195,2,131118,26,25,48,0.18465268611907959,0.0534210205078125,2.5033950805664062e-06,7633,0.0037926408231545232
1145,1.8848897767020389,0.0016462659696117043,10.057600021362305,2,131118,26,25,48,0.18033766746520996,0.053424298763275146,2.6822090148925781e-06,7576,0.0037755415102935404
1146,1.8865360426716506,0.0016462659696117043,10.512635231018066,2,123006,26,25,45,0.19030070304870605,0.053797662258148193,2.0265579223632812e-06,7601,0.0037261745916477053
1147,1.8881823086412624,0.0016462659696117043,10.348316192626953,2,125710,26,25,46,0.19766068458557129,0.054052352905273438,2.2649765014648438e-06,7749,0.0039097306191377282
1148,1.8898285746108741,0.0016462659696117043,10.461971282958984,2,106782,26,25,39,0.16950833797454834,0.053687572479248047,2.5033950805664062e-06,7670,0.0038163331807421603
1149,1.8914748405804858,0.0016462659696117043,10.244070053100586,2,128414,26,25,47,0.19498085975646973,0.054002106189727783,2.1457672119140625e-06,7610,0.003706953414248692
1150,1.8931211065500975,0.0016462659696117043,10.390917778015137,2,120302,26,25,44,0.19808316230773926,0.05420529842376709,2.6226043701171875e-06,7716,0.0038109122070849829
1151,1.8947673725197092,0.0016462659696117043,10.079310417175293,2,112190,26,25,41,0.17369174957275391,0.054195880889892578,2.8014183044433594e-06,7676,0.0038352500638874796
1152,1.8964136384893209,0.0016462659696117043,10.453848838806152,2,133822,26,25,49,0.18674898147583008,0.054375171661376953,2.0265579223632812e-06,7648,0.0037419510291454776
1153,1.8980599044589326,0.0016462659696117043,10.62498950958252,2,125710,26,25,46,0.20490467548370361,0.05459296703338623,2.2649765014648438e-06,7785,0.0038839724320049247
1154,1.8997061704285443,0.0016462659696117043,10.052207946777344,2,117598,26,25,43,0.18009722232818604,0.054412484169006348,2.6226043701171875e-06,7760,0.0038520032335731917
1155,1.901352436398156,0.0016462659696117043,10.615311622619629,2,109486,26,25,40,0.17451143264770508,0.054476320743560791,2.1457672119140625e-06,7649,0.0037637972801194946
1156,1.9029987023677677,0.0016462659696117043,10.399928092956543,2,131118,26,25,48,0.20683920383453369,0.054728507995605469,2.7418136596679688e-06,7730,0.003797601161282613
1157,1.9046449683373794,0.0016462659696117043,10.262715339660645,2,123006,26,25,45,0.18780529499053955,0.05471724271774292,2.9802322387695312e-06,7715,0.0038699338548525736
1158,1.9062912343069911,0.0016462659696117043,10.356992721557617,2,133822,26,25,49,0.17767536640167236,0.054825425148010254,2.0265579223632812e-06,7749,0.0038254874637788125
1159,1.9079375002766028,0.0016462659696117043,10.780540466308594,2,136526,26,25,50,0.20871305465698242,0.055123388767242432,2.5033950805664062e-06,7822,0.0039011156316034715
1160,1.9095837662462145,0.0016462659696117043,10.350461006164551,2,139230,26,25,51,0.19547319412231445,0.05498814582824707,2.6822090148925781e-06,7868,0.0039027782473213197
1161,1.9112300322158262,0.0016462659696117043,10.242213249206543,2,109486,26,25,40,0.1822507381439209,0.054972946643829346,2.1457672119140625e-06,7768,0.0037990269600573336
1162,1.9128762981854379,0.0016462659696117043,10.579685211181641,2,112190,26,25,41,0.193794846534729,0.05529487133026123,2.9206275939941406e-06,7793,0.0038325201758539831
1163,1.9145225641550496,0.0016462659696117043,10.472882270812988,2,123006,26,25,45,0.19259178638458252,0.055276751518249512,3.0994415283203125e-06,7827,0.003885952992639826
1164,1.9161688301246613,0.0016462659696117043,10.24866771697998,2,133822,26,25,49,0.17568039894104004,0.055323004722595215,2.1457672119140625e-06,7791,0.0038603826524051224
1165,1.917815096094273,0.0016462659696117043,10.874670028686523,2,136526,26,25,50,0.19421207904815674,0.055758833885192871,2.5629997253417969e-06,7874,0.0039347940744954343
1166,1.9194613620638847,0.0016462659696117043,10.678976058959961,2,139230,26,25,51,0.19722211360931396,0.055531144142150879,2.7418136596679688e-06,7946,0.0039229692583857972
1167,1.9211076280334964,0.0016462659696117043,10.4320068359375,2,139230,26,25,51,0.17162108421325684,0.055450558662414551,2.1457672119140625e-06,7844,0.003848239315764437
1168,1.9227538940031081,0.0016462659696117043,10.559585571289062,2,141934,26,25,52,0.19403612613677979,0.0559234619140625,2.9802322387695312e-06,7821,0.0038672916087477915
1169,1.9244001599727198,0.0016462659696117043,10.687732696533203,2,133822,26,25,49,0.20534026622772217,0.055947661399841309,3.2186508178710938e-06,7962,0.003917169886311106
1170,1.9260464259423316,0.0016462659696117043,10.538600921630859,2,125710,26,25,46,0.18007993698120117,0.055957615375518799,2.1457672119140625e-06,7873,0.0039280071595229693
1171,1.9276926919119433,0.0016462659696117043,10.741668701171875,2,136526,26,25,50,0.1813957691192627,0.056317925453186035,2.6822090148925781e-06,7926,0.0039815013591092433
1172,1.929338957881555,0.0016462659696117043,11.032901763916016,2,139230,26,25,51,0.20898246765136719,0.056148529052734375,2.9802322387695312e-06,8079,0.0039927180069389183
1173,1.9309852238511667,0.0016462659696117043,10.483884811401367,2,112190,26,25,41,0.19234132766723633,0.055993437767028809,2.2649765014648438e-06,7939,0.0039240966274582574
1174,1.9326314898207784,0.0016462659696117043,10.753952980041504,2,141934,26,25,52,0.19392859935760498,0.056456148624420166,3.0994415283203125e-06,7926,0.003902415860240576
1175,1.9342777557903901,0.0016462659696117043,10.855733871459961,2,144638,26,25,53,0.2219775915145874,0.056395947933197021,3.337860107421875e-06,8030,0.003939423619625208
1176,1.9359240217600018,0.0016462659696117043,10.613117218017578,2,125710,26,25,46,0.196816086769104,0.056410431861877441,2.2649765014648438e-06,7985,0.0039602541807140365
1177,1.9375702877296135,0.0016462659696117043,10.334188461303711,2,136526,26,25,50,0.18924403190612793,0.056960463523864746,2.7418136596679688e-06,7980,0.0040381512419252362
1178,1.9392165536992252,0.0016462659696117043,10.998987197875977,2,139230,26,25,51,0.19764459133148193,0.056775152683258057,3.0994415283203125e-06,8097,0.0040107107671616491
1179,1.9408628196688369,0.0016462659696117043,10.667767524719238,2,141934,26,25,52,0.19963037967681885,0.05651402473449707,2.2649765014648438e-06,8058,0.0039995539447135013
1180,1.9425090856384486,0.0016462659696117043,10.508529663085938,2,141934,26,25,52,0.18753266334533691,0.056942999362945557,3.2186508178710938e-06,7979,0.0039668743273545467
1181,1.9441553516080603,0.0016462659696117043,11.120887756347656,2,144638,26,25,53,0.2064584493637085,0.057002782821655273,3.4570693969726562e-06,8027,0.003970044781699396
1182,1.945801617577672,0.0016462659696117043,11.030094146728516,2,147342,26,25,54,0.21408891677856445,0.056837737560272217,2.2649765014648438e-06,8100,0.0040095834914151262
1183,1.9474478835472837,0.0016462659696117043,10.526270866394043,2,128414,26,25,47,0.18090260028839111,0.057273983955383301,2.9206275939941406e-06,8079,0.0041034961493542303
1184,1.9490941495168954,0.0016462659696117043,10.735859870910645,2,139230,26,25,51,0.198050856590271,0.057161569595336914,3.2186508178710938e-06,8171,0.0040950441068126637
1185,1.9507404154865071,0.0016462659696117043,11.014863967895508,2,141934,26,25,52,0.20150816440582275,0.057150542736053467,2.3245811462402344e-06,8137,0.0040344806910424377
1186,1.9523866814561188,0.0016462659696117043,10.445124626159668,2,133822,26,25,49,0.18091726303100586,0.05733335018157959,3.337860107421875e-06,8060,0.0040500312213033011
1187,1.9540329474257305,0.0016462659696117043,10.795186042785645,2,144638,26,25,53,0.19422972202301025,0.057366490364074707,3.6358833312988281e-06,8078,0.0040412028378241068
1188,1.9556792133953422,0.0016462659696117043,11.119463920593262,2,147342,26,25,54,0.22065114974975586,0.057375073432922363,2.4437904357910156e-06,8175,0.0040270422606943313
1189,1.9573254793649539,0.0016462659696117043,10.654356002807617,2,150046,26,25,55,0.1843421459197998,0.057634592056274414,2.9802322387695312e-06,8171,0.0041260131830764355
1190,1.9589717453345656,0.0016462659696117043,10.350687980651855,2,131118,26,25,48,0.18752455711364746,0.057651042938232422,3.337860107421875e-06,8263,0.0041339371199080252
1191,1.9606180113041773,0.0016462659696117043,10.872709274291992,2,141934,26,25,52,0.21831285953521729,0.057684600353240967,2.3245811462402344e-06,8214,0.004065478889428111
1192,1.962264277273789,0.0016462659696117043,10.562066078186035,2,144638,26,25,53,0.19967198371887207,0.05782705545425415,3.5762786865234375e-06,8149,0.0040967874383581338
1193,1.9639105432434008,0.0016462659696117043,10.478703498840332,2,136526,26,25,50,0.18019413948059082,0.057859539985656738,3.814697265625e-06,8153,0.0041235680060360798
1194,1.9655568092130125,0.0016462659696117043,11.100943565368652,2,147342,26,25,54,0.20181167125701904,0.058005869388580322,2.5033950805664062e-06,8222,0.0041264527517443821
1195,1.9672030751826242,0.0016462659696117043,10.941950798034668,2,150046,26,25,55,0.20601332187652588,0.057967185974121094,3.0994415283203125e-06,8292,0.0041595306829840658
1196,1.9688493411522359,0.0016462659696117043,10.399300575256348,2,150046,26,25,55,0.19070315361022949,0.058084070682525635,3.4570693969726562e-06,8373,0.0042128591093262384
1197,1.9704956071218476,0.0016462659696117043,10.666993141174316,2,152750,26,25,56,0.21140944957733154,0.058238863945007324,2.4437904357910156e-06,8251,0.0041263136422027211
1198,1.9721418730914593,0.0016462659696117043,10.876849174499512,2,144638,26,25,53,0.21861898899078369,0.058258414268493652,3.6358833312988281e-06,8251,0.0040987079944313273
1199,1.973788139061071,0.0016462659696117043,10.191157341003418,2,147342,26,25,54,0.19088172912597656,0.058379888534545898,3.9935111999511719e-06,8273,0.0041904677390956074
1200,1.9754344050306827,0.0016462659696117043,10.688919067382812,2,147342,26,25,54,0.17245757579803467,0.058426022529602051,2.6226043701171875e-06,8341,0.0041887732448322515
1201,1.9770806710002944,0.0016462659696117043,11.188804626464844,2,150046,26,25,55,0.19827055931091309,0.058485507965087891,3.2186508178710938e-06,8367,0.0042090240041206149
1202,1.9787269369699061,0.0016462659696117043,10.57288932800293,2,141934,26,25,52,0.18814277648925781,0.058521509170532227,3.5762786865234375e-06,8431,0.0042398406353751396
1203,1.9803732029395178,0.0016462659696117043,10.512651443481445,2,152750,26,25,56,0.18246054649353027,0.058574318885803223,2.5033950805664062e-06,8387,0.0041961550287199813
1204,1.9820194689091295,0.0016462659696117043,10.766397476196289,2,155454,26,25,57,0.21367645263671875,0.058541417121887207,3.6954879760742188e-06,8344,0.0041613179041208679
1205,1.9836657348787412,0.0016462659696117043,10.935639381408691,2,147342,26,25,54,0.20261812210083008,0.058676004409790039,4.1127204895019531e-06,8371,0.0041799533975461437
1206,1.9853120008483529,0.0016462659696117043,10.210140228271484,2,131118,26,25,48,0.1907341480255127,0.058933496475219727,2.6822090148925781e-06,8432,0.0042628947635931043
1207,1.9869582668179646,0.0016462659696117043,10.896327972412109,2,150046,26,25,55,0.16627359390258789,0.058770060539245605,3.2186508178710938e-06,8472,0.0042557976364808311
1208,1.9886045327875763,0.0016462659696117043,10.949577331542969,2,152750,26,25,56,0.1966249942779541,0.058866798877716064,3.6358833312988281e-06,8515,0.0043006756791123986
1209,1.990250798757188,0.0016462659696117043,10.485705375671387,2,144638,26,25,53,0.19314992427825928,0.058983325958251953,2.5033950805664062e-06,8475,0.0042593520487144198
1210,1.9918970647267997,0.0016462659696117043,10.692747116088867,2,155454,26,25,57,0.19507884979248047,0.058878302574157715,3.814697265625e-06,8493,0.0042533818590189546
1211,1.9935433306964114,0.0016462659696117043,10.681769371032715,2,158158,26,25,58,0.21449625492095947,0.059083998203277588,4.291534423828125e-06,8446,0.0042299865736191425
1212,1.9951895966660231,0.0016462659696117043,10.793476104736328,2,150046,26,25,55,0.1944420337677002,0.059111475944519043,2.7418136596679688e-06,8518,0.0042314982564218796
1213,1.9968358626356348,0.0016462659696117043,10.231829643249512,2,133822,26,25,49,0.17521870136260986,0.059074163436889648,3.337860107421875e-06,8529,0.004305732787601396
1214,1.9984821286052465,0.0016462659696117043,10.949989318847656,2,152750,26,25,56,0.19041752815246582,0.059177935123443604,3.6954879760742188e-06,8617,0.0043456291969787529
1215,2.0001283945748582,0.0016462659696117043,10.760449409484863,2,155455,27,25,57,0.19674623012542725,0.059125125408172607,2.5629997253417969e-06,8608,0.0043233845657522233
1216,2.00177466054447,0.0016462659696117043,10.400824546813965,2,147342,26,25,54,0.18949770927429199,0.059162139892578125,3.9935111999511719e-06,8553,0.0043596184824037905
1217,2.0034209265140817,0.0016462659696117043,10.809299468994141,2,158158,26,25,58,0.20166230201721191,0.059445500373840332,4.4107437133789062e-06,8521,0.0042854673988097043
1218,2.0050671924836934,0.0016462659696117043,10.67487907409668,2,160863,27,25,59,0.21117770671844482,0.059230566024780273,2.9206275939941406e-06,8621,0.0043087786285925496
1219,2.0067134584533051,0.0016462659696117043,10.618807792663574,2,152751,27,25,56,0.19514620304107666,0.05939936637878418,3.337860107421875e-06,8611,0.0043275201994291855
1220,2.0083597244229168,0.0016462659696117043,10.225088119506836,2,136526,26,25,50,0.19212675094604492,0.059658408164978027,3.814697265625e-06,8652,0.0043914110574069477
1221,2.0100059903925285,0.0016462659696117043,10.87015438079834,2,155454,26,25,57,0.20204079151153564,0.059418380260467529,2.6226043701171875e-06,8696,0.0043753496383143065
1222,2.0116522563621402,0.0016462659696117043,10.627447128295898,2,158159,27,25,58,0.20302379131317139,0.059572875499725342,4.0531158447265625e-06,8625,0.0044252120763167554
1223,2.0132985223317519,0.0016462659696117043,10.310479164123535,2,150047,27,25,55,0.17123305797576904,0.059701204299926758,4.6491622924804688e-06,8646,0.0044231784655212212
1224,2.0149447883013636,0.0016462659696117043,10.877384185791016,2,160862,26,25,59,0.18522763252258301,0.059519588947296143,3.0994415283203125e-06,8648,0.0042963789384890573
1225,2.0165910542709753,0.0016462659696117043,10.601638793945312,2,163567,27,25,60,0.20226156711578369,0.059649229049682617,3.4570693969726562e-06,8709,0.0043774489503486764
1226,2.018237320240587,0.0016462659696117043,10.544344902038574,2,155455,27,25,57,0.17782688140869141,0.059900760650634766,3.814697265625e-06,8718,0.0044253036837729369
1227,2.0198835862101987,0.0016462659696117043,10.234735488891602,2,139230,26,25,51,0.19549119472503662,0.05972057580947876,2.6226043701171875e-06,8740,0.0043787198904195711
1228,2.0215298521798104,0.0016462659696117043,10.802591323852539,2,158159,27,25,58,0.19476461410522461,0.059645652770996094,4.1723251342773438e-06,8764,0.0044960387950018776
1229,2.0231761181494221,0.0016462659696117043,10.557744026184082,2,160863,27,25,59,0.18899846076965332,0.059884130954742432,4.7087669372558594e-06,8695,0.0044649378168442177
1230,2.0248223841190338,0.0016462659696117043,10.307960510253906,2,160863,27,25,59,0.17716073989868164,0.059871315956115723,3.2186508178710938e-06,8757,0.004405591746433536
1231,2.0264686500886455,0.0016462659696117043,10.934882164001465,2,163567,27,25,60,0.19662904739379883,0.059896469116210938,3.5762786865234375e-06,8824,0.0044241091272800926
1232,2.0281149160582572,0.0016462659696117043,10.56317138671875,2,166271,27,25,61,0.19357502460479736,0.06004631519317627,3.9935111999511719e-06,8786,0.0044637843828604119
1233,2.0297611820278689,0.0016462659696117043,10.426817893981934,2,158159,27,25,58,0.17239964008331299,0.060091614723205566,2.6822090148925781e-06,8834,0.0044050605999291
1234,2.0314074479974806,0.0016462659696117043,10.313669204711914,2,141934,26,25,52,0.18918359279632568,0.060062050819396973,4.2319297790527344e-06,8858,0.0045250475333568994
1235,2.0330537139670923,0.0016462659696117043,10.714449882507324,2,160863,27,25,59,0.20247781276702881,0.060209095478057861,4.8279762268066406e-06,8878,0.0045620773419083891
1236,2.034699979936704,0.0016462659696117043,10.44503116607666,2,163567,27,25,60,0.17056894302368164,0.060138702392578125,3.337860107421875e-06,8864,0.004446023192503183
1237,2.0363462459063157,0.0016462659696117043,10.332108497619629,2,163567,27,25,60,0.19209647178649902,0.060140609741210938,3.6954879760742188e-06,8926,0.0044768845936466019
1238,2.0379925118759274,0.0016462659696117043,10.926426887512207,2,166271,27,25,61,0.20686769485473633,0.060340940952301025,4.1723251342773438e-06,8902,0.0045211440564759875
1239,2.0396387778455392,0.0016462659696117043,10.505735397338867,2,168975,27,25,62,0.18371665477752686,0.060302078723907471,2.7418136596679688e-06,8962,0.0044283355783080198
1240,2.0412850438151509,0.0016462659696117043,10.330198287963867,2,160863,27,25,59,0.18441474437713623,0.060288667678833008,4.291534423828125e-06,8887,0.0045173462974956811
1241,2.0429313097847626,0.0016462659696117043,10.450377464294434,2,133822,26,25,49,0.20698344707489014,0.060425460338592529,4.9471855163574219e-06,8936,0.0046012367629741004
1242,2.0445775757543743,0.0016462659696117043,10.631263732910156,2,163567,27,25,60,0.18743348121643066,0.060388326644897461,3.5762786865234375e-06,9016,0.0045731577402670304
1243,2.046223841723986,0.0016462659696117043,10.420584678649902,2,166271,27,25,61,0.18458211421966553,0.060268998146057129,3.814697265625e-06,9016,0.004541376470629451
1244,2.0478701076935977,0.0016462659696117043,10.474819183349609,2,128414,26,25,47,0.20226287841796875,0.060471892356872559,4.291534423828125e-06,8962,0.0046345741053807621
1245,2.0495163736632094,0.0016462659696117043,10.839095115661621,2,168975,27,25,62,0.18670809268951416,0.060488760471343994,2.9206275939941406e-06,8990,0.0045136607238021008
1246,2.0511626396328211,0.0016462659696117043,10.456245422363281,2,171679,27,25,63,0.17641270160675049,0.06045907735824585,4.5299530029296875e-06,9047,0.0045059091816561023
1247,2.0528089056024328,0.0016462659696117043,10.496709823608398,2,144638,26,25,53,0.20007038116455078,0.060594797134399414,5.1856040954589844e-06,9038,0.0046582183989077857
1248,2.0544551715720445,0.0016462659696117043,10.418846130371094,2,136526,26,25,50,0.20180642604827881,0.060581803321838379,3.5762786865234375e-06,9053,0.00461329199311767
1249,2.0561014375416562,0.0016462659696117043,10.399499893188477,2,166271,27,25,61,0.18338239192962646,0.060450494289398193,4.0531158447265625e-06,9091,0.004583680803412365
1250,2.0577477035112679,0.0016462659696117043,10.508007049560547,2,168975,27,25,62,0.1941378116607666,0.060594439506530762,4.5299530029296875e-06,9020,0.0046118509028080226
1251,2.0593939694808796,0.0016462659696117043,10.508908271789551,2,141934,26,25,52,0.20175814628601074,0.06065833568572998,2.9802322387695312e-06,9037,0.0045796771027515545
1252,2.0610402354504913,0.0016462659696117043,10.762333869934082,2,171679,27,25,63,0.1664731502532959,0.060579419136047363,4.6491622924804688e-06,9126,0.0046101652371286755
1253,2.062686501420103,0.0016462659696117043,10.534961700439453,2,144638,26,25,53,0.19552946090698242,0.060652434825897217,5.4240226745605469e-06,9090,0.0046473346643935796
1254,2.0643327673897147,0.0016462659696117043,10.670936584472656,2,147342,26,25,54,0.21318256855010986,0.060755550861358643,3.6954879760742188e-06,9112,0.0046882569514597868
1255,2.0659790333593264,0.0016462659696117043,10.049521446228027,2,150046,26,25,55,0.16632866859436035,0.060651302337646484,4.0531158447265625e-06,9168,0.004690354429699113
1256,2.0676252993289381,0.0016462659696117043,10.312809944152832,2,139230,26,25,51,0.1866379976272583,0.060717463493347168,4.76837158203125e-06,9147,0.0047224904717266562
1257,2.0692715652985498,0.0016462659696117043,10.648446083068848,2,141934,26,25,52,0.21978592872619629,0.060744047164916992,3.2186508178710938e-06,9132,0.0046515403285446802
1258,2.0709178312681615,0.0016462659696117043,10.141242980957031,2,144638,26,25,53,0.17758560180664062,0.060743093490600586,4.76837158203125e-06,9233,0.0046857828846291879
1259,2.0725640972377732,0.0016462659696117043,10.619893074035645,2,174383,27,25,64,0.18501543998718262,0.060782313346862793,5.7220458984375e-06,9210,0.0047380041540140095
1260,2.0742103632073849,0.0016462659696117043,10.857200622558594,2,147342,26,25,54,0.21869266033172607,0.060842037200927734,3.9935111999511719e-06,9252,0.0047384718210970152
1261,2.0758566291769966,0.0016462659696117043,10.428182601928711,2,150046,26,25,55,0.18723082542419434,0.060754537582397461,4.1127204895019531e-06,9263,0.0047415321362170989
1262,2.0775028951466084,0.0016462659696117043,10.276045799255371,2,150046,26,25,55,0.18133115768432617,0.060902118682861328,4.8875808715820312e-06,9229,0.0047312827098397814
1263,2.0791491611162201,0.0016462659696117043,10.707474708557129,2,141934,26,25,52,0.21785414218902588,0.060862302780151367,3.337860107421875e-06,9249,0.0047095915553343462
1264,2.0807954270858318,0.0016462659696117043,10.480828285217285,2,155454,26,25,57,0.20010638236999512,0.060883283615112305,4.8875808715820312e-06,9283,0.0047766463730272695
1265,2.0824416930554435,0.0016462659696117043,10.378497123718262,2,144638,26,25,53,0.17174351215362549,0.060975372791290283,6.0796737670898438e-06,9276,0.0047316289398615079
1266,2.0840879590250552,0.0016462659696117043,11.045080184936523,2,147342,26,25,54,0.21097815036773682,0.060979008674621582,4.2319297790527344e-06,9415,0.0047965345178591001
1267,2.0857342249946669,0.0016462659696117043,10.729875564575195,2,150046,26,25,55,0.20139014720916748,0.060929536819458008,4.1723251342773438e-06,9370,0.0048336683464358819
1268,2.0873804909642786,0.0016462659696117043,10.368083953857422,2,150046,26,25,55,0.18302440643310547,0.061013281345367432,5.1259994506835938e-06,9311,0.0048161205164700752
1269,2.0890267569338903,0.0016462659696117043,10.694805145263672,2,152750,26,25,56,0.20987105369567871,0.061000347137451172,3.5762786865234375e-06,9379,0.0047873577527428792
1270,2.090673022903502,0.0016462659696117043,10.776424407958984,2,155454,26,25,57,0.21453964710235596,0.061010777950286865,5.0663948059082031e-06,9399,0.0048252588245546396
1271,2.0923192888731137,0.0016462659696117043,10.185835838317871,2,177087,27,25,65,0.16524481773376465,0.06116640567779541,6.3776969909667969e-06,9415,0.0048300779250190079
1272,2.0939655548427254,0.0016462659696117043,10.963581085205078,2,147342,26,25,54,0.20847070217132568,0.06119692325592041,4.5299530029296875e-06,9516,0.004806361330662077
1273,2.0956118208123371,0.0016462659696117043,11.091301918029785,2,150046,26,25,55,0.22071635723114014,0.06107330322265625,4.291534423828125e-06,9505,0.0048824505141896726
1274,2.0972580867819488,0.0016462659696117043,10.399982452392578,2,163566,26,25,60,0.17865836620330811,0.061199367046356201,5.3644180297851562e-06,9460,0.0048586260688632948
1275,2.0989043527515605,0.0016462659696117043,10.68091869354248,2,152750,26,25,56,0.20897984504699707,0.061230182647705078,3.6358833312988281e-06,9522,0.0048295677471927884
1276,2.1005506187211722,0.0016462659696117043,10.835417747497559,2,155454,26,25,57,0.2273557186126709,0.06116485595703125,5.1259994506835938e-06,9566,0.0049058143384087885
1277,2.1021968846907839,0.0016462659696117043,10.507312774658203,2,168974,26,25,62,0.19254326820373535,0.061239123344421387,6.67572021484375e-06,9497,0.0049118177521415562
1278,2.1038431506603956,0.0016462659696117043,10.582302093505859,2,147342,26,25,54,0.20001637935638428,0.061309933662414551,4.8279762268066406e-06,9625,0.0048883334195068658
1279,2.1054894166300073,0.0016462659696117043,11.18107795715332,2,150046,26,25,55,0.22907030582427979,0.061273813247680664,4.4107437133789062e-06,9673,0.0049908384711547446
1280,2.1063728558365256,0.00088343920651823282,11.531502723693848,2,182494,26,25,67,0.17348361015319824,0.045078754425048828,4.5299530029296875e-06,9567,0.0049625790746102502
1281,2.1073446389636956,0.0009717831271700561,12.108193397521973,2,152750,26,25,56,0.15280842781066895,0.034690678119659424,2.0265579223632812e-06,4229,0.0021683290422154508
1282,2.108413600421045,0.00106896145734936,10.992254257202148,2,166270,26,25,61,0.13959681987762451,0.070198297500610352,5.7816505432128906e-06,160,0.00019282254015719796
1283,2.1095894580357708,0.0011758576147258282,10.672760963439941,2,171679,27,25,63,0.1506187915802002,0.052236437797546387,5.1259994506835938e-06,13758,0.010169798485745061
1284,2.1108829014119692,0.001293443376198411,10.847487449645996,2,158158,26,25,58,0.15984153747558594,0.041002392768859863,2.9206275939941406e-06,6336,0.0031125168454035849
1285,2.1123056890792213,0.0014227876672521234,10.724360466003418,2,150046,26,25,55,0.15853333473205566,0.071400225162506104,6.2584877014160156e-06,1372,0.0011706561911898675
1286,2.1138707554782741,0.0015650663990527391,10.28477954864502,2,152750,26,25,56,0.16238796710968018,0.060570120811462402,5.6028366088867188e-06,15676,0.012700560336379601
1287,2.1155170214478858,0.0016462659696117043,10.510479927062988,2,152750,26,25,56,0.17661881446838379,0.045692205429077148,3.0994415283203125e-06,9819,0.0066426701350010275
1288,2.1171632874174975,0.0016462659696117043,10.918695449829102,2,155454,26,25,57,0.20421397686004639,0.065143585205078125,7.152557373046875e-06,4084,0.0039732881541001668
1289,2.1188095533871092,0.0016462659696117043,10.686777114868164,2,168974,26,25,62,0.19417726993560791,0.060314834117889404,6.2584877014160156e-06,14309,0.0073697018822800799
1290,2.1204558193567209,0.0016462659696117043,10.341320037841797,2,171678,26,25,63,0.17734074592590332,0.047131776809692383,3.8743019104003906e-06,8361,0.0046439051566845241
1291,2.1221020853263326,0.0016462659696117043,10.81102180480957,2,160862,26,25,59,0.20537829399108887,0.062957882881164551,6.3180923461914062e-06,4827,0.0036587519442985907
1292,2.1237483512959443,0.0016462659696117043,10.755825996398926,2,152750,26,25,56,0.20297932624816895,0.060270488262176514,5.4836273193359375e-06,11641,0.0053223977495435865
1293,2.125394617265556,0.0016462659696117043,10.289514541625977,2,177086,26,25,65,0.17599320411682129,0.048792362213134766,3.2186508178710938e-06,8547,0.0044824986497253366
1294,2.1270408832351677,0.0016462659696117043,10.691394805908203,2,155454,26,25,57,0.2035287618637085,0.062776505947113037,7.152557373046875e-06,5974,0.0042144835917085691
1295,2.1286871492047794,0.0016462659696117043,10.899462699890137,2,168974,26,25,62,0.22394800186157227,0.060264527797698975,6.3180923461914062e-06,11280,0.0052914855076393943
1296,2.1303334151743911,0.0016462659696117043,10.660873413085938,2,171678,26,25,63,0.18115818500518799,0.050984084606170654,4.1723251342773438e-06,8673,0.0045997066793783837
1297,2.1319796811440028,0.0016462659696117043,10.512677192687988,2,160862,26,25,59,0.19672656059265137,0.062842965126037598,6.3180923461914062e-06,6760,0.0044818766591340339
1298,2.1336259471136145,0.0016462659696117043,10.702058792114258,2,163566,26,25,60,0.2148737907409668,0.060356318950653076,5.3644180297851562e-06,11350,0.0053985375611155873
1299,2.1352722130832262,0.0016462659696117043,10.340027809143066,2,166271,27,25,61,0.20445621013641357,0.052614569664001465,3.4570693969726562e-06,8965,0.0046751970951132609
1300,2.1369184790528379,0.0016462659696117043,10.460085868835449,2,166270,26,25,61,0.18738687038421631,0.062825322151184082,7.152557373046875e-06,7495,0.0047114199436392489
1301,2.1385647450224496,0.0016462659696117043,10.85994815826416,2,168974,26,25,62,0.21417641639709473,0.060529172420501709,6.3180923461914062e-06,11350,0.005334544251024813
1302,2.1402110109920613,0.0016462659696117043,10.696512222290039,2,171678,26,25,63,0.19617545604705811,0.054334878921508789,4.291534423828125e-06,8955,0.0046603556350188107
1303,2.1418572769616731,0.0016462659696117043,10.226042747497559,2,174383,27,25,64,0.18199253082275391,0.062867939472198486,6.3180923461914062e-06,7960,0.0048634603550324245
1304,2.1435035429312848,0.0016462659696117043,10.624514579772949,2,163566,26,25,60,0.20051980018615723,0.060700178146362305,5.245208740234375e-06,11414,0.0054345029349615395
1305,2.1451498089008965,0.0016462659696117043,10.465188026428223,2,166270,26,25,61,0.20912015438079834,0.05571901798248291,3.5762786865234375e-06,9197,0.0047724180519177675
1306,2.1467960748705082,0.0016462659696117043,10.452424049377441,2,179790,26,25,66,0.18338823318481445,0.062806844711303711,7.2717666625976562e-06,8382,0.0049872734804880213
1307,2.1484423408401199,0.0016462659696117043,10.843575477600098,2,168974,26,25,62,0.2002711296081543,0.060808658599853516,6.3776969909667969e-06,11341,0.0053440591770478139
1308,2.1500886068097316,0.0016462659696117043,10.827812194824219,2,171678,26,25,63,0.20251083374023438,0.057137250900268555,4.6491622924804688e-06,9131,0.0047837705373643393
1309,2.1517348727793433,0.0016462659696117043,10.319512367248535,2,174383,27,25,64,0.18804299831390381,0.062845349311828613,6.3180923461914062e-06,8644,0.0050420954468979422
1310,2.153381138748955,0.0016462659696117043,10.373446464538574,2,174382,26,25,64,0.18840813636779785,0.060974597930908203,5.1856040954589844e-06,11374,0.0054333155782368536
1311,2.1550274047185667,0.0016462659696117043,10.538347244262695,2,177086,26,25,65,0.21535003185272217,0.058407783508300781,3.7550926208496094e-06,9384,0.0048824324894784108
1312,2.1566736706881784,0.0016462659696117043,10.470903396606445,2,179790,26,25,66,0.18423557281494141,0.062818765640258789,7.2717666625976562e-06,8961,0.00513409076205031
1313,2.1583199366577901,0.0016462659696117043,10.41193962097168,2,168974,26,25,62,0.18253087997436523,0.060971915721893311,6.3776969909667969e-06,11335,0.0053730925316519728
1314,2.1599662026274018,0.0016462659696117043,10.790953636169434,2,171678,26,25,63,0.21033501625061035,0.05943530797958374,4.8279762268066406e-06,9229,0.0048283781162558629
1315,2.1616124685970135,0.0016462659696117043,10.27098274230957,2,174383,27,25,64,0.17327296733856201,0.062886893749237061,6.4373016357421875e-06,9106,0.0051588382575243905
1316,2.1632587345666252,0.0016462659696117043,10.368734359741211,2,174382,26,25,64,0.1812824010848999,0.061208724975585938,5.245208740234375e-06,11437,0.005454148719592984
1317,2.1649050005362369,0.0016462659696117043,10.708646774291992,2,177086,26,25,65,0.21688973903656006,0.060250163078308105,4.0531158447265625e-06,9543,0.0049514360983599409
1318,2.1665512665058486,0.0016462659696117043,10.718901634216309,2,179790,26,25,66,0.20112049579620361,0.062793254852294922,7.3313713073730469e-06,9354,0.0052058788427147458
1319,2.1681975324754603,0.0016462659696117043,10.221162796020508,2,182495,27,25,67,0.17532038688659668,0.06124645471572876,6.4373016357421875e-06,11307,0.0054585239222593842
1320,2.169843798445072,0.0016462659696117043,10.568415641784668,2,171678,26,25,63,0.18943047523498535,0.060586631298065186,5.1259994506835938e-06,9440,0.0049353812314404718
1321,2.1714900644146837,0.0016462659696117043,10.459277153015137,2,174382,26,25,64,0.209503173828125,0.06289517879486084,6.4969062805175781e-06,9428,0.0051739380560135891
1322,2.1731363303842954,0.0016462659696117043,10.26392650604248,2,174382,26,25,64,0.1844257116317749,0.061353921890258789,5.3644180297851562e-06,11457,0.0054791281123965328
1323,2.1747825963539071,0.0016462659696117043,10.750611305236816,2,177086,26,25,65,0.19575047492980957,0.061087369918823242,4.291534423828125e-06,9684,0.0050263739775985505
1324,2.1764288623235188,0.0016462659696117043,10.922242164611816,2,179790,26,25,66,0.20284509658813477,0.062844514846801758,7.3909759521484375e-06,9633,0.0052412867156499884
1325,2.1780751282931305,0.0016462659696117043,10.330862045288086,2,182494,26,25,67,0.17850852012634277,0.061333358287811279,6.4373016357421875e-06,11368,0.0055371317114980348
1326,2.1797213942627423,0.0016462659696117043,10.55082893371582,2,182494,26,25,67,0.19249987602233887,0.061198949813842773,5.3644180297851562e-06,9570,0.0050436236086398205
1327,2.181367660232354,0.0016462659696117043,10.694124221801758,2,185198,26,25,68,0.22369575500488281,0.062919497489929199,6.67572021484375e-06,9683,0.0052332905362295901
1328,2.1830139262019657,0.0016462659696117043,10.465499877929688,2,187902,26,25,69,0.19614791870117188,0.06154787540435791,5.3644180297851562e-06,11468,0.0055387015601339575
1329,2.1846601921715774,0.0016462659696117043,10.456805229187012,2,177086,26,25,65,0.18436110019683838,0.06146705150604248,4.5299530029296875e-06,9817,0.0050992895788135612
1330,2.1863064581411891,0.0016462659696117043,10.782558441162109,2,179790,26,25,66,0.21510159969329834,0.062860488891601562,7.5101852416992188e-06,9859,0.0052442800731118998
1331,2.1879527241108008,0.0016462659696117043,10.514866828918457,2,193310,26,25,71,0.20995891094207764,0.061483263969421387,6.6161155700683594e-06,11410,0.0055745525792163944
1332,2.1895989900804125,0.0016462659696117043,10.36867618560791,2,182494,26,25,67,0.18803513050079346,0.061553001403808594,5.6028366088867188e-06,9738,0.0051441050446428297
1333,2.1912452560500242,0.0016462659696117043,10.810418128967285,2,185198,26,25,68,0.22048401832580566,0.06293177604675293,6.7353248596191406e-06,9908,0.0052990098170120903
1334,2.1928915220196359,0.0016462659696117043,10.745864868164062,2,187902,26,25,69,0.20266127586364746,0.061705350875854492,5.4240226745605469e-06,11497,0.0055364230558953426
1335,2.1945377879892476,0.0016462659696117043,10.218239784240723,2,177087,27,25,65,0.16188573837280273,0.061811447143554688,4.76837158203125e-06,10002,0.005172853912434619
1336,2.1961840539588593,0.0016462659696117043,10.714785575866699,2,179791,27,25,66,0.20959877967834473,0.062841475009918213,7.5697898864746094e-06,10106,0.0053410980100447678
1337,2.197830319928471,0.0016462659696117043,10.723973274230957,2,193310,26,25,71,0.22425282001495361,0.061649024486541748,6.67572021484375e-06,11393,0.0055699845652442698
1338,2.1994765858980827,0.0016462659696117043,10.452154159545898,2,196014,26,25,72,0.18810570240020752,0.061831951141357422,5.8412551879882812e-06,9913,0.0052323009763512712
1339,2.2000000000116415,0.00052341411355882883,13.52214527130127,2,174383,27,25,64,0.17767763137817383,0.049178481101989746,5.1259994506835938e-06,10164,0.0053621915976393613
