beginning_time_s,candidate,dt_s,x,y,z_face,beginning_momentum,stress_rate,buoyancy_rate,advection_rate,source_rate,pressure_gradient_rate,restoration_rate,total_rate,closure_residual,lower_vreman_m2_per_s,upper_vreman_m2_per_s
2.0709178312681615,0,0.0016462659696117043,27,25,0,0.0089404722675681114,0,4.7621052551187422,-0.2998294996144984,0,-187.41618478674934,211.54541348588677,28.591496534587268,-7.9200543972035575e-06,0.0013232922647148371,0.0013232922647148371
2.0709178312681615,0,0.0016462659696117043,27,25,1,-0.062636137008666992,0.31653628866392008,9.2955313850895216,1.3188565110307617,0,6.9968272403482645,48.141955660848282,66.069704823108054,-2.2628726981110958e-06,0.0013232922647148371,0.0011000958038493991
2.0709178312681615,0,0.0016462659696117043,27,25,2,0.2014586329460144,0.3295110349340164,8.930127795027861,9.4993947169135655,0,128.30138748745961,50.359616151734663,197.42003718606972,2.8421709430404007e-14,0.0011000958038493991,0.0013321974547579885
2.0709178312681615,0,0.0016462659696117043,27,25,3,0.092710554599761963,0.32120459501756449,8.658684336119471,7.9471862486358233,0,106.51277472953898,72.741798518483108,196.18164842779495,2.8421709430404007e-14,0.0013321974547579885,0.0010470760753378272
2.0709178312681615,0,0.0016462659696117043,27,25,4,0.56305950880050659,0.23593276354670503,8.3481027969318564,-51.489495638913972,0,-207.6977514894829,94.166984871352511,-156.43622669656583,0,0.0010470760753378272,0.0011709991376847029
2.0709178312681615,0,0.0016462659696117043,27,25,5,1.2748440504074097,-0.53290538639364349,8.1426746886446288,-42.129620600400941,0,-315.99105401569034,82.126673774444058,-268.38423153939624,0,0.0011709991376847029,0.00078616343671455979
2.0709178312681615,0,0.0016462659696117043,27,25,6,1.3172049522399902,-0.25165463725903325,8.2514345728902061,27.745643209893391,0,78.664116503434585,32.068417955696773,146.47795760465593,2.8421709430404007e-14,0.00078616343671455979,0.00045237981248646975
2.0709178312681615,0,0.0016462659696117043,27,25,7,0.81643599271774292,-0.014507842515658195,8.3908297932929443,56.130466490497312,0,248.92950041357534,43.984669320403469,357.42095817525342,0,0.00045237981248646975,0.0008254977292381227
2.0709178312681615,0,0.0016462659696117043,27,25,8,0.69143813848495483,0.22325275644411338,8.1979283824837523,-6.0037814016898139,0,-10.996511286749318,108.98063652770107,100.4015249781898,0,0.0008254977292381227,0.00079965719487518072
2.0709178312681615,0,0.0016462659696117043,27,25,9,1.36686110496521,-0.21506228875287925,7.8031080132069732,-125.23077786885055,0,-291.26763115486347,158.06842771433523,-250.84193558492467,2.8421709430404007e-14,0.00079965719487518072,0.001034696470014751
2.0709178312681615,0,0.0016462659696117043,27,25,10,2.0561153888702393,-0.97273599057287241,7.7212378451031114,-15.292819473603483,0,-147.10439317639228,-4.1237143612578659,-159.77242515672339,0,0.001034696470014751,0.0011297370074316859
2.0709178312681615,0,0.0016462659696117043,27,25,11,1.6820229291915894,-0.36258801072064223,7.9268102115241454,125.76568476613599,0,213.38527380441298,-7.7845716915899699,338.93060907976252,0,0.0011297370074316859,0.00054188439389690757
2.0709178312681615,0,0.0016462659696117043,27,25,12,1.1334521770477295,0.045254059434492559,7.8855897226545446,60.597630616724032,0,249.70325804873761,63.555657793400712,381.78739024095137,-5.6843418860808015e-14,0.00054188439389690757,0.00099528441205620766
2.0709178312681615,0,0.0016462659696117043,27,25,13,1.3349162340164185,0.098840016103167755,7.5527109674438382,-76.467790376242888,0,-53.735224802612088,98.364722323953274,-24.186741871354698,0,0.00099528441205620766,0.00072017579805105925
2.0709178312681615,0,0.0016462659696117043,27,25,14,2.0417735576629639,-0.40907816436050476,7.2984936268665779,-117.44106493051531,0,-225.41810836996299,72.706642528415145,-263.26311530955712,-5.6843418860808015e-14,0.00072017579805105925,0.00080797227565199137
2.0709178312681615,0,0.0016462659696117043,27,25,15,2.3645246028900146,-0.62107143203140136,7.3443739363172469,-94.825589441209758,0,-1.2958838275105493,-1.030421706832539,-90.428592471266995,1.4210854715202004e-14,0.00080797227565199137,0.00049299967940896749
2.0709178312681615,0,0.0016462659696117043,27,25,16,2.0099730491638184,-0.39761162273641132,7.4569054636141736,-5.1896179118253274,0,83.228385022413406,6.1567515953429233,91.254812546808765,0,0.00049299967940896749,0.00085358292562887073
2.0709178312681615,0,0.0016462659696117043,27,25,17,2.0866789817810059,-0.51716936972702043,7.3172285155618813,-91.784071313867017,0,-149.24698965449966,65.126924175449858,-169.10407764708197,0,0.00085358292562887073,0.0013799621956422925
2.0709178312681615,0,0.0016462659696117043,27,25,18,2.4261331558227539,-0.8433194730024085,7.3294005077462021,-14.882967972502136,0,-79.421545249286183,5.409894990685804,-82.408537196358722,0,0.0013799621956422925,0.0014144381275400519
2.0709178312681615,0,0.0016462659696117043,27,25,19,1.8733668327331543,-0.28911988890426543,7.6503714611588158,114.32800382029481,0,98.342347038822481,13.3529039763411,233.38450640771293,0,0.0014144381275400519,0.0013235777150839567
2.0709178312681615,0,0.0016462659696117043,27,25,20,1.8280966281890869,-0.12383740496023107,7.4882751019583251,-20.806263518454468,0,-165.40672470605108,90.766756165638597,-88.081794361868845,1.4210854715202004e-14,0.0013235777150839567,0.0014193822862580419
2.0709178312681615,0,0.0016462659696117043,27,25,21,2.5520265102386475,-0.96518817872479623,7.0044876301125276,-164.13422993063517,0,-288.79954306943262,109.78017280851564,-337.11430074016442,-5.6843418860808015e-14,0.0014193822862580419,0.00073174684075638652
2.0709178312681615,0,0.0016462659696117043,27,25,22,2.7057535648345947,-1.1131970240112714,7.0244721902493241,28.516685397831051,0,-43.064096505297208,-33.33903002103694,-41.975165962265045,0,0.00073174684075638652,0.0016634359490126371
2.0709178312681615,0,0.0016462659696117043,27,25,23,2.0662188529968262,-0.28371558320911694,7.2603150046067135,136.03072698250099,0,92.881763699943932,14.569134685263048,250.45822478910557,0,0.0016634359490126371,0.0012343365233391523
2.0709178312681615,0,0.0016462659696117043,27,25,24,1.9761691093444824,-0.066717406872358498,6.9635912977553645,-14.081295539870862,0,-127.177210439452,95.26911248789628,-39.092519600543568,0,0.0012343365233391523,0.0011771961580961943
2.0709178312681615,0,0.0016462659696117043,27,25,25,2.6326417922973633,-0.81933585110920004,6.3075805457157914,-168.01188856738025,0,-257.99022368284369,85.794663679486149,-334.71920387613119,5.6843418860808015e-14,0.0011771961580961943,0.00066292803967371583
2.0709178312681615,0,0.0016462659696117043,27,25,26,2.8411245346069336,-0.90328050774903068,6.0626302345106895,-3.2205928203151091,0,-85.164679923376298,-20.077075423738822,-103.30299844066857,0,0.00066292803967371583,0.0013843623455613852
2.0709178312681615,0,0.0016462659696117043,27,25,27,2.4928858280181885,-0.44976914102130655,6.2243305909909239,52.061133485657663,0,13.532920024351339,49.05922468183126,120.42783964180988,1.4210854715202004e-14,0.0013843623455613852,0.0010692309588193893
2.0709178312681615,0,0.0016462659696117043,27,25,28,2.7800872325897217,-0.54986052572048272,6.0979174711945143,-63.855008695441875,0,-234.34541266559543,55.896648381476773,-236.7557160340865,0,0.0010692309588193893,0.0015942478785291314
2.0709178312681615,0,0.0016462659696117043,27,25,29,3.0707831382751465,-0.74099067293378684,6.1917259898777459,-7.8015160822715455,0,73.257552461344304,-35.488940103669272,35.417831592347447,0,0.0015942478785291314,0.00093270110664889216
2.0709178312681615,0,0.0016462659696117043,27,25,30,2.2034759521484375,-0.2519126047453713,6.6845536381088122,165.78493219549495,0,131.37941932848264,-18.768302273402117,284.8286902839389,0,0.00093270110664889216,0.0016056735767051578
2.0709178312681615,0,0.0016462659696117043,27,25,31,2.3103930950164795,-0.50048690655898598,6.6806999659225514,-44.820665005953828,0,-247.03415445675958,119.78120114272242,-165.89340526062742,2.8421709430404007e-14,0.0016056735767051578,0.00047707435442134738
2.0709178312681615,0,0.0016462659696117043,27,25,32,3.2390575408935547,-0.48459248880426059,6.3600961636034326,-237.17309837549078,0,-292.47828614548416,77.800676697934151,-445.97520414824163,5.6843418860808015e-14,0.00047707435442134738,0.0013291029026731849
2.0709178312681615,0,0.0016462659696117043,27,25,33,3.5282490253448486,-1.2643099649063803,6.3954190405320803,-62.437617656120715,0,22.748206549644564,-76.501896393384015,-111.06019842423446,1.4210854715202004e-14,0.0013291029026731849,0.0011417500209063292
2.0709178312681615,0,0.0016462659696117043,27,25,34,2.6572606563568115,-0.64206353623216283,6.8810750794993139,252.13456087576569,0,230.09338437148392,-16.763650514304999,471.70330627621178,5.6843418860808015e-14,0.0011417500209063292,0.001180270453915
2.0709178312681615,0,0.0016462659696117043,27,25,35,2.2519044876098633,-0.11581438984784798,7.1438262786980875,18.782350187044106,0,-19.022178485921785,111.14825132623785,117.93643491621042,0,0.001180270453915,0.001638934132643044
2.0709178312681615,0,0.0016462659696117043,27,25,36,3.2575318813323975,-1.3431773009543595,6.8296841093372,-252.46171795738687,0,-281.71280510860481,85.329344643076737,-443.35867161453206,5.6843418860808015e-14,0.001638934132643044,0.0017158054979518056
2.0709178312681615,0,0.0016462659696117043,27,25,37,3.6625339984893799,-1.8560738013298195,6.831062764521862,-67.689654648149101,0,119.16352741403081,-124.01078173977713,-67.561920010703389,-1.4210854715202004e-14,0.0017158054979518056,0.0016906833043321967
2.0709178312681615,0,0.0016462659696117043,27,25,38,2.6643686294555664,-0.7483857408754786,7.3581463452095726,239.75907307643268,0,233.79681991429794,-46.815903214672296,433.34975038039244,0,0.0016906833043321967,0.0019223877461627126
2.0709178312681615,0,0.0016462659696117043,27,25,39,2.5773041248321533,-0.33105601126118595,7.3369098507585964,-6.1186629222723736,0,-114.0702173637717,118.73151786357664,5.54849141702997,-8.8817841970012523e-15,0.0019223877461627126,0.0018189272377640009
2.0709178312681615,0,0.0016462659696117043,27,25,40,3.5232439041137695,-1.343052277238393,6.849110305638435,-258.86191844790693,0,-200.14323248676203,58.369226006318932,-395.12986689995,0,0.0018189272377640009,0.0018183795036748052
2.0709178312681615,0,0.0016462659696117043,27,25,41,3.8472704887390137,-1.9508219778964011,6.9491275812571063,-42.443381475714034,0,157.91737643672084,-177.93594302426004,-57.463642459892526,0,0.0018183795036748052,0.0017513470957055688
2.0709178312681615,0,0.0016462659696117043,27,25,42,3.0211427211761475,-1.0225621842718045,7.4773612669880745,259.52637028078783,0,283.78595854968813,-119.02884123169009,430.73828668150213,0,0.0017513470957055688,0.0018183721695095301
2.0709178312681615,0,0.0016462659696117043,27,25,43,2.6990282535552979,-0.42990790744596136,7.4306929121240968,52.196833434962244,0,18.267356569405806,80.020102229516525,157.48507723856272,0,0.0018183721695095301,0.001329139107838273
2.0709178312681615,0,0.0016462659696117043,27,25,44,3.4300715923309326,-0.87772871508360928,6.8212996003130399,-295.48367072175807,0,-117.67531751109179,119.33427473551438,-287.88114261210609,0,0.001329139107838273,0.0020550687331706285
2.0709178312681615,0,0.0016462659696117043,27,25,45,4.0946283340454102,-1.8496545972344727,6.7307977043439449,-78.409516171655014,0,131.23083005635189,-198.84141088132031,-141.13895388951397,0,0.0020550687331706285,0.00061722844839096069
2.0709178312681615,0,0.0016462659696117043,27,25,46,3.3279619216918945,-0.85213109924627251,7.290999558244823,328.83182464546974,0,250.58436636417952,-147.58535318881545,438.26970627983235,0,0.00061722844839096069,0.0014767989050596952
2.0709178312681615,0,0.0016462659696117043,27,25,47,2.9793558120727539,-0.58393316548946606,7.3971712818544413,34.079224728503007,0,-23.592239958979775,80.824164255705469,98.124387141593672,0,0.0014767989050596952,0.00068422156618908048
2.0709178312681615,0,0.0016462659696117043,27,25,48,3.8975458145141602,-0.78129865839228407,6.9817870570329479,-333.10398345500636,0,-113.35174623410252,1.7739473628941349,-438.48129392757409,-5.6843418860808015e-14,0.00068422156618908048,0.00083672988694161177
2.0709178312681615,0,0.0016462659696117043,27,25,49,4.1891665458679199,-1.2046453664817782,6.8385828561795199,-125.77676379081241,0,187.13978846524691,-138.40294167792152,-71.405979513789276,0,0.00083672988694161177,0.0013327670749276876
2.0709178312681615,0,0.0016462659696117043,27,25,50,3.654822826385498,-0.77365750304586201,6.9902213492562257,4.2733174003524566,0,192.08233688559559,-67.017092679557351,135.55512545260106,0,0.0013327670749276876,0.0012933315010741353
2.0709178312681615,0,0.0016462659696117043,27,25,51,3.9536423683166504,-1.1532012188115153,6.7564360518896507,-284.67749418247251,0,-259.60037526914925,129.12668431094502,-409.54795030759863,0,0.0012933315010741353,0.00094867649022489786
2.0709178312681615,0,0.0016462659696117043,27,25,52,4.8619747161865234,-1.6322745611317531,6.6845994612807278,-157.30216471351289,0,-83.576976034127512,-87.882009858063427,-323.70882570555489,-5.6843418860808015e-14,0.00094867649022489786,0.0012588200625032187
2.0709178312681615,0,0.0016462659696117043,27,25,53,3.9874157905578613,-1.0018201275029759,7.2554588798200337,362.24630789338784,0,342.0354152304202,-212.87484213811203,497.66051973801308,5.6843418860808015e-14,0.0012588200625032187,0.00055027240887284279
2.0709178312681615,0,0.0016462659696117043,27,25,54,3.6360065937042236,-0.83936906300877068,7.2553553533945951,5.6521852950471301,0,137.24159920889971,-55.38035134917066,93.929419445161997,-1.4210854715202004e-14,0.00055027240887284279,0.00076389720197767019
2.0709178312681615,0,0.0016462659696117043,27,25,55,4.0818066596984863,-0.77622586354580692,6.901405859157248,-129.78563283745072,0,-14.978262067104499,22.313155698298822,-116.32555921064495,-1.4210854715202004e-14,0.00076389720197767019,0.0011693876003846526
2.0709178312681615,0,0.0016462659696117043,27,25,56,3.750002384185791,-1.0403879638650346,7.0933008573388179,74.694349896830687,0,40.099697079133435,49.867052128171657,170.71401199760956,0,0.0011693876003846526,0.00098403729498386383
2.0709178312681615,0,0.0016462659696117043,27,25,57,4.3225460052490234,-1.0741488929213594,7.0434984238031015,-179.97173191153271,0,-57.695215799207389,-47.738865623336217,-279.43646380319456,0,0.00098403729498386383,0.00057797582121565938
2.0709178312681615,0,0.0016462659696117043,27,25,58,4.1955461502075195,-0.69069040740689147,7.0887185401472861,115.28789631121344,0,220.91285557066573,-122.62003828922016,219.9787417253994,-2.8421709430404007e-14,0.00057797582121565938,0.00026621879078447819
2.0709178312681615,0,0.0016462659696117043,27,25,59,3.4181399345397949,-0.81942636601668717,7.3477959655384293,126.10044509998609,0,-1.2401266444985286,-0.073715340657450792,131.31497271435185,0,0.00026621879078447819,0.00087935785995796323
2.0709178312681615,0,0.0016462659696117043,27,25,60,4.4853415489196777,-1.4247046438461142,6.9401762226248094,-322.80874546550365,0,-204.48041720583734,4.7728148658289751,-517.00087622673334,0,0.00087935785995796323,0.00085121003212407231
2.0709178312681615,0,0.0016462659696117043,27,25,61,4.2668647766113281,-1.0830040794644515,7.0665463478401627,160.98474562164188,0,296.38635779114492,-231.11250981786208,232.24213586330043,-2.8421709430404007e-14,0.00085121003212407231,0.00071464705979451537
2.0709178312681615,0,0.0016462659696117043,27,25,62,3.4159655570983887,-0.67365663325417291,7.385518053233656,127.43557619138302,0,-70.402929514980812,37.928932361816088,101.67344045819777,0,0.00071464705979451537,0.0010993687901645899
2.0709178312681615,0,0.0016462659696117043,27,25,63,4.7392477989196777,-1.8862939003488854,6.8714205331794771,-385.30704431560372,0,-225.08291356455697,63.067456588378576,-542.33737465895149,0,0.0010993687901645899,0.0014803883386775851
2.0709178312681615,0,0.0016462659696117043,27,25,64,4.4148850440979004,-1.8231948269033216,7.0336673734136648,239.85494646644298,0,427.82906514294251,-262.76434196334048,410.13014219255535,0,0.0014803883386775851,0.001172888558357954
2.0709178312681615,0,0.0016462659696117043,27,25,65,3.0885474681854248,-1.3796293513539086,7.4533968795127077,202.94774638034067,0,263.61503726986672,8.442216803427856,481.07876798179404,0,0.001172888558357954,0.0016942997463047504
2.0709178312681615,0,0.0016462659696117043,27,25,66,3.3176507949829102,-1.405016520031338,6.946411568314323,-177.64600567259754,0,-217.15598002647135,107.79615844832557,-281.46443220246033,0,0.0016942997463047504,0.0016607198631390929
2.0709178312681615,0,0.0016462659696117043,27,25,67,3.6346487998962402,-3.326739086606997,6.5542834518171116,-98.444737502171833,0,-246.22531324345533,-20.102998893243111,-361.54550527366018,0,0.0016607198631390929,0.0025401008315384388
2.0709178312681615,0,0.0016462659696117043,27,25,68,3.2047121524810791,-3.2683671542049444,6.0712879854118258,132.14973739716038,0,4.0285650905074828,-131.72931375486456,7.251909564010198,3.5527136788005009e-14,0.0025401008315384388,0.0027647761162370443
2.0709178312681615,0,0.0016462659696117043,27,25,69,2.5869247913360596,-0.65449038445287666,3.29926356929839,71.501563256095594,0,145.11856851805246,-87.055789782521671,132.2091151764719,2.8421709430404007e-14,0.0027647761162370443,0.0018101765308529139
2.0709178312681615,0,0.0016462659696117043,27,25,70,2.3766236305236816,1.0334993197592559,0.51307459552741796,14.06369944185538,0,65.864729289358266,-74.822953477388282,6.6520491691120425,9.7699626167013776e-15,0.0018101765308529139,0.0010713521623983979
2.0709178312681615,0,0.0016462659696117043,27,25,71,1.7428023815155029,0.30560837813939112,0.0027940146504742097,20.910536691879546,0,53.568242901279987,-58.152641935683924,16.634540050265475,-3.5527136788005009e-15,0.0010713521623983979,0.00064134591957554221
2.0709178312681615,0,0.0016462659696117043,27,25,72,1.3008849620819092,0.11483231636063317,0.0038508303363823894,12.54246970066508,0,37.769119241156957,-46.395624396228442,4.034647692290612,0,0.00064134591957554221,0.00039517140248790383
2.0709178312681615,0,0.0016462659696117043,27,25,73,1.0320841073989868,0.037585021198432225,0.0015174188359719253,4.8006934573349849,0,32.596735367717166,-39.244946704751754,-1.8084154396652024,-5.5511151231257827e-15,0.00039517140248790383,0.00026420384529046714
2.0709178312681615,0,0.0016462659696117043,27,25,74,0.85294163227081299,0.015600678192999103,0.0006195932286796555,2.5097973548008294,0,28.030584138662615,-34.537556014054417,-3.980954249169296,-2.2204460492503131e-15,0.00026420384529046714,0.00018190908303949982
2.0709178312681615,0,0.0016462659696117043,27,25,75,0.72957581281661987,0.0070445868542402205,0.00041384152269242322,1.4962476267238758,0,24.673965515375972,-31.287201892157569,-5.1095303216807881,1.7763568394002505e-15,0.00018190908303949982,0.00012734657502733171
2.0709178312681615,0,0.0016462659696117043,27,25,76,0.64347755908966064,0.0034370220130321401,0.0002197802494445443,1.0235425738635235,0,22.359680360747163,-29.000578093256802,-5.6136983563836385,1.7763568394002505e-15,0.00012734657502733171,8.9064109488390386e-05
2.0709178312681615,0,0.0016462659696117043,27,25,77,0.58342695236206055,0.0017553187011136631,9.1185411622088481e-05,0.67998419100568919,0,20.933346448566283,-27.409217401745536,-5.7940402580608295,-8.8817841970012523e-16,8.9064109488390386e-05,6.0440368542913347e-05
2.0709178312681615,0,0.0016462659696117043,27,25,78,0.54273557662963867,0.0008665706278398168,3.8578447030649621e-05,0.4416765425737928,0,20.084244204411796,-26.361634068453455,-5.8348081723929957,8.8817841970012523e-16,6.0440368542913347e-05,3.7772686482639983e-05
2.0709178312681615,0,0.0016462659696117043,27,25,79,0.51745468378067017,0.00058280253946533936,-3.5071315482408745e-06,0.23664217413413474,0,19.688259587137463,-25.776002617012264,-5.850521560332747,8.8817841970012523e-16,3.7772686482639983e-05,1.6717174730729312e-05
2.0709178312681615,0,0.0016462659696117043,27,25,80,0.50567066669464111,1.4028526192963498e-05,-1.4028526192963498e-05,-0.12150721181061142,0,19.948544255107215,-25.617529116983942,-5.7904920736873375,1.7763568394002505e-15,1.6717174730729312e-05,1.6717174730729312e-05
2.0725640972377732,0,0.0016462659696117043,26,25,0,0.0089348778128623962,5.657181717940415e-07,4.7477982425540706,-0.34548635038730835,0,-133.5494056175956,180.89737356145824,51.750282664620272,2.2628726981110958e-06,0.0010225928854197264,0.0010225928854197264
2.0725640972377732,0,0.0016462659696117043,26,25,1,0.10335696488618851,0.12441500321363279,9.3970789283628964,-1.0357258804112799,0,-80.429691237386166,54.64683664187713,-17.297086544343784,0,0.0010225928854197264,0.0011022584512829781
2.0725640972377732,0,0.0016462659696117043,26,25,2,0.3050086498260498,-0.021601382671783683,9.0843883918308315,2.2050517642734406,0,-169.15558062944208,62.47294562451291,-95.41479623149668,1.4210854715202004e-14,0.0011022584512829781,0.0010721659054979682
2.0725640972377732,0,0.0016462659696117043,26,25,3,0.2468898594379425,0.18973225761080104,8.8688005508963563,13.604716448970064,0,59.494398718308908,68.631534672477812,150.78918264826396,2.8421709430404007e-14,0.0010721659054979682,0.00091599050210788846
2.0725640972377732,0,0.0016462659696117043,26,25,4,0.076183699071407318,0.66361060995945431,8.8158572500708381,4.3449916298460742,0,16.629910212747511,86.005844010144173,116.46021371276805,0,0.00091599050210788846,0.0015362235717475414
2.0725640972377732,0,0.0016462659696117043,26,25,5,0.48605260252952576,0.31890664780373706,8.5430639876045493,-44.463221636287486,0,-277.17951079096804,99.142752262748942,-213.63800952909833,-5.6843418860808015e-14,0.0015362235717475414,0.0013886900851503015
2.0725640972377732,0,0.0016462659696117043,26,25,6,1.2476457357406616,-0.46903580479809626,8.2874238658252271,-48.8640021293632,0,-300.06075615163707,65.623307928108815,-275.48306229186431,0,0.0013886900851503015,0.00076249887933954597
2.0725640972377732,0,0.0016462659696117043,26,25,7,1.2518733739852905,-0.096335016038463742,8.4146550140980505,29.019151752273142,0,84.917827667677628,30.849363181661229,153.1046625996716,2.8421709430404007e-14,0.00076249887933954597,0.00023478831280954182
2.0725640972377732,0,0.0016462659696117043,26,25,8,0.80838841199874878,0.069547694885844086,8.5674571894541369,51.291213682572845,0,172.67094429747951,51.559898133957397,284.15906099834973,0,0.00023478831280954182,0.00087287405040115118
2.0725640972377732,0,0.0016462659696117043,26,25,9,0.83844119310379028,0.28623302907360043,8.3258983586889403,-23.808534381910821,0,-90.143904984238745,94.782685375060893,-10.557622603326125,1.2434497875801753e-14,0.00087287405040115118,0.0011502804700285196
2.0725640972377732,0,0.0016462659696117043,26,25,10,1.5572324991226196,-0.22669288864679293,8.0200988352074987,-86.934427394563045,0,-254.48780364657691,113.1520341422231,-220.47679095235614,2.8421709430404007e-14,0.0011502804700285196,0.0014048075536265969
2.0725640972377732,0,0.0016462659696117043,26,25,11,1.8815776109695435,-0.68675866611292291,8.1252013514724268,1.1061645814176997,0,46.029002814942906,-20.872375606883008,33.701234474837101,-7.1054273576010019e-15,0.0014048075536265969,0.0010321431327611208
2.0725640972377732,0,0.0016462659696117043,26,25,12,1.4006630182266235,-0.029524265667759234,8.4024428559235318,97.403236770662872,0,246.85059022437585,-15.862339271511981,336.7644063137825,0,0.0010321431327611208,0.00054687150986865163
2.0725640972377732,0,0.0016462659696117043,26,25,13,1.1976604461669922,0.12596733387703565,8.2910501193064263,5.1183645766515244,0,27.787280067337434,85.297483395641294,126.62014549281372,0,0.00054687150986865163,0.001022396027110517
2.0725640972377732,0,0.0016462659696117043,26,25,14,1.6937297582626343,-0.074378362354793406,7.9317240395643491,-148.38463602788906,0,-147.29034700233365,125.20137862689876,-162.61625872611441,-2.8421709430404007e-14,0.001022396027110517,0.0012329887831583619
2.0725640972377732,0,0.0016462659696117043,26,25,15,2.2799029350280762,-0.70079356823696126,7.8164238875346621,-78.97910838148951,0,-149.39159627070094,-0.33526721733202075,-221.59034155022476,0,0.0012329887831583619,0.00051719375187531114
2.0725640972377732,0,0.0016462659696117043,26,25,16,2.1988875865936279,-0.48212652329341038,7.9822641695960854,75.074802155980237,0,57.080873019111301,-23.836992268824748,115.81882055256946,-1.4210854715202004e-14,0.00051719375187531114,0.00095477933064103127
2.0725640972377732,0,0.0016462659696117043,26,25,17,1.7767841815948486,-0.24109267899163847,8.1932255673216297,135.60928957324131,0,90.630911392482048,28.781568223101143,262.97390207715449,0,0.00095477933064103127,0.0011302325874567032
2.0725640972377732,0,0.0016462659696117043,26,25,18,1.598604679107666,-0.023442229602801495,8.2377787019412683,47.5677562422227,0,21.525313943531568,60.140421716025457,137.44782837411819,0,0.0011302325874567032,0.0017123494762927294
2.0725640972377732,0,0.0016462659696117043,26,25,19,1.7632216215133667,-0.18488009285132354,8.0806040908353864,-50.320205961014807,0,-75.664090409683908,69.641952584755714,-48.44661978795893,7.1054273576010019e-15,0.0017123494762927294,0.00095671595772728324
2.0725640972377732,0,0.0016462659696117043,26,25,20,2.1003694534301758,-0.32247519803141389,7.7312289937351659,-118.16149118218621,0,-178.0138582566249,65.17073339067359,-223.59586225243376,2.8421709430404007e-14,0.00095671595772728324,0.0012537360889837146
2.0725640972377732,0,0.0016462659696117043,26,25,21,2.5132477283477783,-0.68724688089518116,7.3665229341793275,-113.97492326916934,0,-215.35161965466159,71.357318699524242,-251.28994817102253,2.8421709430404007e-14,0.0012537360889837146,0.00065831065876409411
2.0725640972377732,0,0.0016462659696117043,26,25,22,2.5995569229125977,-0.66714182278779266,7.387837497738011,26.560694452998966,0,-75.450764875718434,-20.350358032423713,-62.51973278019296,0,0.00065831065876409411,0.0014155018143355846
2.0725640972377732,0,0.0016462659696117043,26,25,23,2.1253869533538818,-0.22898008721535626,7.689001526519772,131.78159516542908,0,50.116728448983928,12.737547429281163,202.09589248299858,-2.8421709430404007e-14,0.0014155018143355846,0.0011073175119236112
2.0725640972377732,0,0.0016462659696117043,26,25,24,2.0969631671905518,-0.15934470601288409,7.5892427841056103,-16.444603568394655,0,-112.1402947122959,83.778715659934647,-37.376284542663178,-7.1054273576010019e-15,0.0011073175119236112,0.0011349666165187955
2.0725640972377732,0,0.0016462659696117043,26,25,25,2.781644344329834,-0.65049839417361199,7.1736543350241,-159.2167360366789,0,-233.42027789915181,87.761950884772617,-298.35190711020761,0,0.0011349666165187955,0.00063214829424396157
2.0725640972377732,0,0.0016462659696117043,26,25,26,2.7606198787689209,-0.72651281348123375,7.3687139606586856,42.262206836887962,0,99.075735025245521,-48.085718748826579,99.894424260484371,0,0.00063214829424396157,0.0011455086059868336
2.0725640972377732,0,0.0016462659696117043,26,25,27,2.0928037166595459,-0.38711528777694471,7.8301923363997847,144.29061055628694,0,51.865910933189603,-3.9463051425832543,199.65329339551613,-2.8421709430404007e-14,0.0011455086059868336,0.00094510428607463837
2.0725640972377732,0,0.0016462659696117043,26,25,28,2.3625011444091797,-0.46738277630011404,7.6001023101313692,-131.2642843661591,0,-255.64661169818908,114.22597541657541,-265.55220111394152,0,0.00094510428607463837,0.00052865408360958099
2.0725640972377732,0,0.0016462659696117043,26,25,29,3.1416635513305664,-0.98464944955268308,7.3261962800211604,-94.107842430800474,0,-154.47317558894974,-5.3293729289853271,-247.56884411826707,0,0.00052865408360958099,0.00094697193708270788
2.0725640972377732,0,0.0016462659696117043,26,25,30,2.5080897808074951,-0.79672296434624867,7.7172755550278662,247.10656638274921,0,211.32479245037786,-42.952437315421186,422.39947410838749,0,0.00094697193708270788,0.00087813439313322306
2.0725640972377732,0,0.0016462659696117043,26,25,31,1.8836905956268311,-0.20160724775492975,7.9390387755256455,52.207260752304755,0,23.31381610354962,142.550262327052,225.80877071067709,0,0.00087813439313322306,0.00096023629885166883
2.0725640972377732,0,0.0016462659696117043,26,25,32,2.6733672618865967,-0.45785381941441522,7.5000584457586239,-282.31252067965096,0,-298.60614538235723,176.28067880806293,-397.59578262760107,-5.6843418860808015e-14,0.00096023629885166883,0.0010078896302729845
2.0725640972377732,0,0.0016462659696117043,26,25,33,3.4841256141662598,-1.1136677015302041,7.3729545840744537,-93.456859216153632,0,-109.06076032380859,-104.49707110023769,-300.75540375765564,5.6843418860808015e-14,0.0010078896302729845,0.0011694780550897121
2.0725640972377732,0,0.0016462659696117043,26,25,34,2.8383722305297852,-0.63952233020446403,7.8620326522628687,290.31447297306187,0,187.71473915760464,-136.0607055198607,349.19101693286416,0,0.0011694780550897121,0.00071884709177538753
2.0725640972377732,0,0.0016462659696117043,26,25,35,2.2041218280792236,-0.16586234507012323,7.9515926274759279,63.928868859951301,0,12.721906453267401,106.10186420402003,190.53836979964456,0,0.00071884709177538753,0.0011129657505080104
2.0725640972377732,0,0.0016462659696117043,26,25,36,3.0107109546661377,-0.87789277335342952,7.4294341891918556,-285.08010449097492,0,-275.64352711985737,186.31110638422149,-367.86098381077238,0,0.0011129657505080104,0.0010559961665421724
2.0725640972377732,0,0.0016462659696117043,26,25,37,3.8119890689849854,-1.9797822225468815,7.4034354791707164,-132.04416080906751,0,24.906081944135753,-176.42456130500435,-278.13898691331224,0,0.0010559961665421724,0.0010065479436889291
2.0725640972377732,0,0.0016462659696117043,26,25,38,2.9461889266967773,-1.1131987211657868,7.9755321233517362,298.56682570654488,0,267.63216127606785,-198.54669434254251,374.51462604225617,1.1368683772161603e-13,0.0010065479436889291,0.0010466050589457154
2.0725640972377732,0,0.0016462659696117043,26,25,39,2.4288163185119629,-0.37423445072336614,7.9233225589950358,94.838333940183929,0,-61.892066205714784,121.64030493058037,162.13566077332118,-2.8421709430404007e-14,0.0010466050589457154,0.0011244947090744972
2.0725640972377732,0,0.0016462659696117043,26,25,40,3.2771601676940918,-1.0407313547953136,7.2953838740762267,-293.13795879124979,0,-233.2799435865839,227.37938538539231,-292.78386447316046,-5.6843418860808015e-14,0.0011244947090744972,0.0010861535556614399
2.0725640972377732,0,0.0016462659696117043,26,25,41,4.049048900604248,-2.0700827228468182,7.3234231295430261,-158.26466403376716,0,98.963786187665548,-170.71154999212592,-224.7590874315313,2.8421709430404007e-14,0.0010861535556614399,0.00077834102557972074
2.0725640972377732,0,0.0016462659696117043,26,25,42,3.2662761211395264,-1.1225709741178986,7.9230645915086972,357.87219309205784,0,300.33164916676429,-226.41789983210191,438.58643604411105,0,0.00077834102557972074,0.00078680779552087188
2.0725640972377732,0,0.0016462659696117043,26,25,43,2.6003973484039307,-0.37014034831409265,7.9573171296563112,98.5910095926709,0,80.431691616841633,74.071462509467821,260.68134050032256,0,0.00078680779552087188,0.00090319610899314284
2.0725640972377732,0,0.0016462659696117043,26,25,44,3.3628561496734619,-0.94814987882670332,7.3321300979251083,-340.58456988129183,0,-208.76604463360803,203.46114693560719,-339.50548736019425,0,0.00090319610899314284,0.0007131197489798069
2.0725640972377732,0,0.0016462659696117043,26,25,45,4.1805357933044434,-1.8418182691187814,7.1962457244965234,-113.48831512651898,0,15.427216008240251,-157.12099007468683,-249.82766173758782,0,0.0007131197489798069,0.0006793709471821785
2.0725640972377732,0,0.0016462659696117043,26,25,46,3.3786218166351318,-1.2546373156050459,7.8099441515949328,391.23830517341491,0,376.97011445256476,-242.85859315649313,531.9051333054764,0,0.0006793709471821785,0.00048472493654116988
2.0725640972377732,0,0.0016462659696117043,26,25,47,2.6929492950439453,-0.53453408901023858,8.0002036585418459,80.886872983612491,0,140.24930096680529,59.670757964056669,288.27260148400603,-5.6843418860808015e-14,0.00048472493654116988,0.00097645411733537912
2.0725640972377732,0,0.0016462659696117043,26,25,48,3.5917096138000488,-0.67125742248759435,7.3380786245015228,-399.31440727903913,0,-296.56173947589184,206.55979807255576,-482.64952748036126,1.1368683772161603e-13,0.00097645411733537912,0.00072615372482687235
2.0725640972377732,0,0.0016462659696117043,26,25,49,4.5853672027587891,-1.4638155696530952,7.0432992910066297,-151.38234494000807,0,-76.02296391488855,-122.9803600329446,-344.80618516648769,0,0.00072615372482687235,0.0010603319387882948
2.0725640972377732,0,0.0016462659696117043,26,25,50,3.7637569904327393,-1.4658753495165973,7.6724463499403912,438.55023008111618,0,405.74371736380704,-262.31307084057306,588.18744760477398,0,0.0010603319387882948,0.00077669956954196095
2.0725640972377732,0,0.0016462659696117043,26,25,51,2.9506993293762207,-0.8749419873693518,7.9317738227634669,111.53826195961804,0,105.3411045095729,74.501010054438353,298.43720835902343,0,0.00077669956954196095,0.00060448673320934176
2.0725640972377732,0,0.0016462659696117043,26,25,52,3.918560266494751,-0.73834141473527537,7.2362980053413697,-445.93783959443101,0,-319.65708879873068,203.700106291373,-555.39686551118257,0,0.00060448673320934176,0.0015258657513186336
2.0725640972377732,0,0.0016462659696117043,26,25,53,4.9953112602233887,-2.3455840782014858,6.8684329755142324,-182.66313837671555,0,-51.663012716566641,-177.39792241415705,-407.20122461012647,0,0.0015258657513186336,0.001029153005219996
2.0725640972377732,0,0.0016462659696117043,26,25,54,4.0131802558898926,-1.3933429255563679,7.4953511048511254,497.69267063315249,0,408.84120990993978,-310.55708205961298,602.07880666277401,-1.1368683772161603e-13,0.001029153005219996,0.00055113265989348292
2.0725640972377732,0,0.0016462659696117043,26,25,55,3.1308939456939697,-0.92200747638992886,7.8261949717978885,124.51809969326054,0,202.59032111365582,24.484499711024085,358.4971080133484,-5.6843418860808015e-14,0.00055113265989348292,0.0014217616990208626
2.0725640972377732,0,0.0016462659696117043,26,25,56,3.9140679836273193,-1.4419946883306556,7.1929498504276514,-382.2693640203384,0,-190.52272882363079,115.04314400136847,-451.99799368050373,0,0.0014217616990208626,0.00072643783641979098
2.0725640972377732,0,0.0016462659696117043,26,25,57,4.8189468383789062,-1.8091853820970141,6.7433340190309004,-143.86395948835599,0,-156.66870518495554,-105.88390430679122,-401.48242034316888,0,0.00072643783641979098,0.0010050022974610329
2.0725640972377732,0,0.0016462659696117043,26,25,58,4.0703330039978027,-0.97300640385898995,7.2375069450744931,410.0597578004934,0,359.53708809441156,-266.02490616680188,509.83644026931864,5.6843418860808015e-14,0.0010050022974610329,0.00074224197305738926
2.0725640972377732,0,0.0016462659696117043,26,25,59,3.2706480026245117,-0.63975766896393027,7.4548784954046363,108.50695391383985,0,135.90820600372652,54.739071332606436,305.96935207661352,0,0.00074224197305738926,0.00063876446802169085
2.0725640972377732,0,0.0016462659696117043,26,25,60,4.3294720649719238,-1.1953093194926612,6.7571245309047239,-392.78183778780999,0,-209.26221115048904,147.71511536018886,-448.76711836669807,5.6843418860808015e-14,0.00063876446802169085,0.0011404131073504686
2.0725640972377732,0,0.0016462659696117043,26,25,61,4.7235946655273438,-1.2467478099812062,6.6947314737375594,-46.68686516255876,0,302.33224585800599,-177.84571776447694,83.247646594726646,1.4210854715202004e-14,0.0011404131073504686,0.00052652839804068208
2.0725640972377732,0,0.0016462659696117043,26,25,62,3.4807562828063965,-0.73904799673184607,7.2035502775307281,275.41282272365436,0,179.29945959064491,-67.014920321777666,394.16186427332053,0,0.00052652839804068208,0.00060606491751968861
2.0725640972377732,0,0.0016462659696117043,26,25,63,4.251554012298584,-0.84565023187019994,6.7660493007829468,-391.97357586991365,0,-378.38243665706665,172.94618202816611,-591.48943142990152,0,0.00060606491751968861,0.0012572235427796841
2.0725640972377732,0,0.0016462659696117043,26,25,64,5.2421765327453613,-1.95297849556728,6.5438946033102861,-138.14457592599049,0,54.20814709125041,-255.36413277490351,-334.70964550190058,0,0.0012572235427796841,0.0011460606474429369
2.0725640972377732,0,0.0016462659696117043,26,25,65,3.7449393272399902,-1.1580533835709927,7.2144420494922787,497.02517749937999,0,371.97253296846395,-244.11624348708116,630.93785564668406,0,0.0011460606474429369,0.0014213124522939324
2.0725640972377732,0,0.0016462659696117043,26,25,66,2.8725085258483887,-1.0450715446093175,7.2118159857388102,99.587108046584348,0,104.68983164722211,68.368588866227952,278.81227300116387,-5.6843418860808015e-14,0.0014213124522939324,0.0020711314864456654
2.0725640972377732,0,0.0016462659696117043,26,25,67,3.1103584766387939,-2.0180343881690792,6.6932379777640234,-157.72780201447998,0,-97.148564026957317,68.372064638675454,-181.8290978131669,-2.8421709430404007e-14,0.0020711314864456654,0.002469309838488698
2.0725640972377732,0,0.0016462659696117043,26,25,68,3.2420532703399658,-3.8849756355790626,6.1346693522251146,-57.046984237748156,0,-159.18371619842762,-81.056606538132201,-295.03761325766192,0,0.002469309838488698,0.0031099880579859018
2.0725640972377732,0,0.0016462659696117043,26,25,69,2.858151912689209,-1.1667716663165106,3.6326873939676196,60.170834724941109,0,110.3675059402176,-54.119804541543054,118.88445185126675,-1.4210854715202004e-14,0.0031099880579859018,0.0019075206946581602
2.0725640972377732,0,0.0016462659696117043,26,25,70,2.4067449569702148,0.80799963680893372,0.76362880487015461,34.081976381690616,0,82.087462716520676,-52.025796465774725,65.715271074115662,0,0.0019075206946581602,0.0011590484064072371
2.0725640972377732,0,0.0016462659696117043,26,25,71,1.7853633165359497,0.45497691821242675,0.011138649382868654,19.744777095372378,0,66.409194560874354,-44.741373946995175,41.878713276846845,-1.4210854715202004e-14,0.0011590484064072371,0.00067581550683826208
2.0725640972377732,0,0.0016462659696117043,26,25,72,1.3158234357833862,0.13064589829221707,0.0041126959744979905,13.240955138761121,0,49.251478345333751,-37.88700585666809,24.740186221693495,-3.5527136788005009e-15,0.00067581550683826208,0.0004096233460586518
2.0725640972377732,0,0.0016462659696117043,26,25,73,1.0338059663772583,0.041534806360768943,0.0016951134550445338,5.8483492025530577,0,43.098636993994262,-33.34583674207996,15.644379374283174,5.3290705182007514e-15,0.0004096233460586518,0.00027089897776022553
2.0725640972377732,0,0.0016462659696117043,26,25,74,0.84915930032730103,0.016667017722231069,0.00060322662629743048,2.6078068966278036,0,38.883719811952453,-30.149682946786356,11.359114006142427,0,0.00027089897776022553,0.00018536615243647248
2.0725640972377732,0,0.0016462659696117043,26,25,75,0.72269481420516968,0.0074207094354922882,0.00036357260839372314,1.487630607531109,0,35.192920150223635,-27.821386084478554,8.8669489553200744,-1.7763568394002505e-15,0.00018536615243647248,0.0001290219952352345
2.0725640972377732,0,0.0016462659696117043,26,25,76,0.63508015871047974,0.0035445052717685346,0.00018470891669778705,1.0176410018953681,0,32.50180333274475,-26.116736934756503,7.4064366140720841,6.2172489379008766e-15,0.0001290219952352345,8.9831715740729123e-05
2.0725640972377732,0,0.0016462659696117043,26,25,77,0.57426470518112183,0.0017868484858334357,9.5861589897134404e-05,0.67665324241016589,0,30.724018137773164,-24.896016686423195,6.5065374038358659,1.7763568394002505e-15,8.9831715740729123e-05,6.0827958805020899e-05
2.0725640972377732,0,0.0016462659696117043,26,25,78,0.53325659036636353,0.00091329798547935815,2.8057052385926996e-05,0.43537670501269438,0,29.58505095388216,-24.07729124522136,5.9440777687113586,-8.8817841970012523e-16,6.0827958805020899e-05,3.7990343116689473e-05
2.0725640972377732,0,0.0016462659696117043,26,25,79,0.50784462690353394,0.00057465362669840417,-3.1564181776124309e-05,0.23081301409196894,0,28.986675003466793,-23.615737628963412,5.60229347804027,-3.5527136788005009e-15,3.7990343116689473e-05,1.6834994312375784e-05
2.0725640972377732,0,0.0016462659696117043,26,25,80,0.49611574411392212,-5.8108236294122657e-06,-3.0395139365406391e-05,-0.12138049094012955,0,29.102334952253742,-23.494592476782749,5.4863257785678661,-8.8817841970012523e-16,1.6834994312375784e-05,1.6834994312375784e-05
2.0742103632073849,0,0.0016462659696117043,26,25,0,0.0089348778128623962,0,4.7956619599150487,-0.41922092546260015,0,-76.636790760011962,131.51093748906132,59.250587763501798,-1.4210854715202004e-14,0.00094476639060303569,0.00094476639060303569
2.0742103632073849,0,0.0016462659696117043,26,25,1,0.074881359934806824,0.1883586938896851,9.4383814463674067,-0.7564376076146232,0,-215.52730909009395,46.893112430758748,-159.76388960094735,4.5257453962221916e-06,0.00094476639060303569,0.001187343499623239
2.0742103632073849,0,0.0016462659696117043,26,25,2,0.14793051779270172,0.18865795880256414,9.0269634716483615,0.17537263325615288,0,-298.11316499021979,60.680107800426228,-228.04207217757724,-9.0514907640226738e-06,0.001187343499623239,0.0014521287521347404
2.0742103632073849,0,0.0016462659696117043,26,25,3,0.49512895941734314,-0.066717406872358498,8.7289035384752349,0.95819081065787581,0,-139.54828111129962,59.561234925997347,-70.366669243041514,0,0.0014521287521347404,0.00094601174350827932
2.0742103632073849,0,0.0016462659696117043,26,25,4,0.26790818572044373,0.20850731229630168,8.7406653849850056,20.027364636546935,0,83.342524320754563,63.533535950010879,175.85259760459368,0,0.00094601174350827932,0.00085838994709774852
2.0742103632073849,0,0.0016462659696117043,26,25,5,0.13434761762619019,0.66039223928011792,8.6698120125586602,3.8236031339938141,0,-41.558041588347109,104.09956583251758,75.695336155748436,4.5257453678004822e-06,0.00085838994709774852,0.0013526106486096978
2.0742103632073849,0,0.0016462659696117043,26,25,6,0.79412734508514404,0.22932234670929164,8.3827728350902539,-87.761914678809617,0,-310.95987339793032,119.73494802499654,-270.37474486994387,0,0.0013526106486096978,0.0014969069743528962
2.0742103632073849,0,0.0016462659696117043,26,25,7,1.5039243698120117,-0.67265135206289484,8.2748174020849685,-35.131080365428481,0,-259.61623348094099,38.295626355027615,-248.84952144131978,-2.8421709430404007e-14,0.0014969069743528962,0.00088335119653493166
2.0742103632073849,0,0.0016462659696117043,26,25,8,1.2761898040771484,-0.022615715353810399,8.4528845509933763,94.107407959244526,0,86.466284293040033,33.129759554926885,222.13372064285102,0,0.00088335119653493166,0.00019276503007858992
2.0742103632073849,0,0.0016462659696117043,26,25,9,0.82106053829193115,0.15221156558473303,8.4756332101175591,20.993737994841641,0,131.08452175988984,91.827156409830849,252.53326094026463,0,0.00019276503007858992,0.00094877788797020912
2.0742103632073849,0,0.0016462659696117043,26,25,10,1.194269061088562,0.13481403464755087,8.1604065590213413,-106.43720383327805,0,-175.32064149329233,136.43619756207997,-137.02642717082151,0,0.00094877788797020912,0.0011131825158372521
2.0742103632073849,0,0.0016462659696117043,26,25,11,1.9370588064193726,-0.59438480871336097,7.9533191993362431,-73.796297190707207,0,-279.71539454210665,68.57271808559274,-277.58003925659824,0,0.0011131825158372521,0.00094960152637213469
2.0742103632073849,0,0.0016462659696117043,26,25,12,1.9550668001174927,-0.48209880310299247,8.2007032301164031,55.481148750148236,0,92.254676420873665,-14.669497614684685,140.78493198335062,-2.8421709430404007e-14,0.00094960152637213469,0.00089157139882445335
2.0742103632073849,0,0.0016462659696117043,26,25,13,1.4061108827590942,-0.031594794176525429,8.4082788045837606,89.423876998160779,0,167.34475749323772,38.219883480442448,303.36520198224821,5.6843418860808015e-14,0.00089157139882445335,0.00065300567075610161
2.0742103632073849,0,0.0016462659696117043,26,25,14,1.4260201454162598,0.064498094484410476,8.2074782709418077,-39.199254779452296,0,-44.954482245182682,75.529259403491196,-0.35250125571755447,1.5487611193520934e-14,0.00065300567075610161,0.0011807138798758388
2.0742103632073849,0,0.0016462659696117043,26,25,15,1.9151062965393066,-0.29693358829308475,7.9009823483908885,-157.38956590818239,0,-192.69675207761767,100.267273267405,-242.21499595829724,-2.8421709430404007e-14,0.0011807138798758388,0.0012078541330993176
2.0742103632073849,0,0.0016462659696117043,26,25,16,2.3895561695098877,-0.70824747086851958,7.7862235886516089,-75.20818492365315,0,-132.37334542461639,-6.3435743643961873,-206.84712859488263,-2.8421709430404007e-14,0.0012078541330993176,0.0010376616846770048
2.0742103632073849,0,0.0016462659696117043,26,25,17,2.2097091674804688,-0.52429968156431261,7.9216123929617019,92.976623322990349,0,36.488803977734179,-26.60819667644817,110.25454333567376,1.4210854715202004e-14,0.0010376616846770048,0.00086846458725631237
2.0742103632073849,0,0.0016462659696117043,26,25,18,1.8248803615570068,-0.28048137242097043,8.1087898673086816,118.86678334132529,0,68.18944176132959,23.001503466756315,217.8860370642989,0,0.00086846458725631237,0.0012588336830958724
2.0742103632073849,0,0.0016462659696117043,26,25,19,1.6834656000137329,-0.08385923319588974,8.1689404176428546,59.317387765227238,0,25.226649540491881,26.020067013560336,118.64918550372641,0,0.0012588336830958724,0.0014100673142820597
2.0742103632073849,0,0.0016462659696117043,26,25,20,1.7322711944580078,-0.11656396642547508,7.9996158773613519,-14.434448502922324,0,-34.16756727821037,69.13181056615872,28.41284669596191,7.1054273576010019e-15,0.0014100673142820597,0.00095510220853611827
2.0742103632073849,0,0.0016462659696117043,26,25,21,2.099557638168335,-0.322200258999922,7.6087227236331669,-134.35605637013865,0,-135.32992436277328,76.813050439361476,-185.5864078289172,2.8421709430404007e-14,0.00095510220853611827,0.0012302401009947062
2.0742103632073849,0,0.0016462659696117043,26,25,22,2.4966328144073486,-0.66637810325587077,7.2684630434350632,-82.763500457559928,0,-151.89241454667908,78.180404837823801,-149.87342522623601,0,0.0012302401009947062,0.00069654668914154172
2.0742103632073849,0,0.0016462659696117043,26,25,23,2.4580905437469482,-0.54146300517837198,7.4294302291646526,48.305851003835073,0,69.887356601934599,-14.967110630502095,110.11406419925386,0,0.00069654668914154172,0.0013389468658715487
2.0742103632073849,0,0.0016462659696117043,26,25,24,2.0354318618774414,-0.24369554830006285,7.7199372590261568,89.240457589629031,0,69.875191398368344,37.886064501630223,204.47795520035368,-2.8421709430404007e-14,0.0013389468658715487,0.0013587209396064281
2.0742103632073849,0,0.0016462659696117043,26,25,25,2.2904777526855469,-0.42423658277372611,7.4106840261059137,-125.26017711080235,0,-139.70657358151294,106.03314528625587,-151.94715796272723,-2.8421709430404007e-14,0.0013587209396064281,0.00089565332746133208
2.0742103632073849,0,0.0016462659696117043,26,25,26,2.9250726699829102,-0.77138218455890639,7.1720171466349276,-69.681417084420076,0,-89.393101929615185,-2.8501334069521249,-155.52401745891135,2.8421709430404007e-14,0.00089565332746133208,0.00062074384186416864
2.0742103632073849,0,0.0016462659696117043,26,25,27,2.4214861392974854,-0.62707766186133862,7.587746459541215,207.45278194385997,0,186.48214335340901,-13.719308321848665,387.17628577310018,-5.6843418860808015e-14,0.00062074384186416864,0.0012024262687191367
2.0742103632073849,0,0.0016462659696117043,26,25,28,1.9253315925598145,-0.27835087778599404,7.7965915055860782,37.979910357712789,0,35.848248080429848,108.52998090630456,189.87637997224729,2.8421709430404007e-14,0.0012024262687191367,0.00060480250976979733
2.0742103632073849,0,0.0016462659696117043,26,25,29,2.7340993881225586,-0.52745865183561047,7.4097777455946998,-232.35393987702844,0,-241.99616711795656,128.22645924704184,-339.24132865418403,0,0.00060480250976979733,0.00078320951433852315
2.0742103632073849,0,0.0016462659696117043,26,25,30,3.2034716606140137,-1.2325697811597038,7.3854111324991862,-67.836506034056086,0,91.826142642866998,-91.748517058206104,-61.606039098055717,-7.1054273576010019e-15,0.00078320951433852315,0.00077020056778565049
2.0742103632073849,0,0.0016462659696117043,26,25,31,2.2554318904876709,-0.81170261581718306,7.8893890858963136,230.67267977940102,0,232.64894606351021,-67.074587748793135,403.32472456419725,5.6843418860808015e-14,0.00077020056778565049,0.0012612518621608615
2.0742103632073849,0,0.0016462659696117043,26,25,32,2.0188188552856445,-0.1373258233303164,7.8568716053815919,24.00498793712071,0,-143.33050082959033,160.71573531659038,49.109768206172028,-7.1054273576010019e-15,0.0012612518621608615,0.0012034225510433316
2.0742103632073849,0,0.0016462659696117043,26,25,33,2.9890022277832031,-0.82310296841517661,7.3433624322260789,-239.65175860211605,0,-313.28990814646187,188.41076259021702,-358.01064469455002,0,0.0012034225510433316,0.0011182556627318263
2.0742103632073849,0,0.0016462659696117043,26,25,34,3.4132335186004639,-1.2569578915457449,7.4651219543413108,-53.396264577054595,0,129.95203544337491,-123.58702714888578,-40.823092219769912,-2.1316282072803006e-14,0.0011182556627318263,0.001035584369674325
2.0742103632073849,0,0.0016462659696117043,26,25,35,2.5177986621856689,-0.49325476545077096,7.9806479127792693,227.19705215575041,0,234.97916184185675,-103.8213230069024,365.84228413803328,0,0.001035584369674325,0.00082537590060383081
2.0742103632073849,0,0.0016462659696117043,26,25,36,2.4051139354705811,-0.23545246881885187,7.8298704427600345,-18.561059341219774,0,-158.66973634775317,126.8641012714728,-42.772276443558972,-2.1316282072803006e-14,0.00082537590060383081,0.0012147669913247228
2.0742103632073849,0,0.0016462659696117043,26,25,37,3.3540983200073242,-1.292841395182641,7.3277961310109943,-245.51379365868115,0,-292.03555962998354,195.74189080125987,-335.77250775157648,5.6843418860808015e-14,0.0012147669913247228,0.00091136468108743429
2.0742103632073849,0,0.0016462659696117043,26,25,38,3.5627396106719971,-1.5024150862327745,7.5483764348115523,15.003171769644934,0,254.14210911190239,-179.24008181133343,95.951160418792682,2.8421709430404007e-14,0.00091136468108743429,0.0011737822787836194
2.0742103632073849,0,0.0016462659696117043,26,25,39,2.6957347393035889,-0.75483775662478958,8.0180435810893709,210.69524316582394,0,243.06583608867547,-125.8991399457349,335.12514513322913,0,0.0011737822787836194,0.0010938640916720033
2.0742103632073849,0,0.0016462659696117043,26,25,40,2.7951600551605225,-0.68759196897997543,7.7390653218508572,-111.3764937169572,0,-162.70308062537597,92.377052575796156,-174.65104841366613,2.8421709430404007e-14,0.0010938640916720033,0.00095185951795428991
2.0742103632073849,0,0.0016462659696117043,26,25,41,3.6790356636047363,-1.3694747101702056,7.2229651594685276,-246.15348061287361,0,-326.74288540452068,161.46222986161754,-405.58064570647838,5.6843418860808015e-14,0.00095185951795428991,0.0014479963574558496
2.0742103632073849,0,0.0016462659696117043,26,25,42,3.9883060455322266,-2.0868285464500937,7.4490764898347166,-13.062097681566717,0,207.29811006994609,-215.23691916389399,-15.638658832129991,-1.4210854715202004e-14,0.0014479963574558496,0.0010581405367702246
2.0742103632073849,0,0.0016462659696117043,26,25,43,3.029548168182373,-0.87829556469174686,8.0014567242923693,299.73685760668542,0,273.21627936068472,-202.81045336866433,377.26584475830646,0,0.0010581405367702246,0.0010946559486910701
2.0742103632073849,0,0.0016462659696117043,26,25,44,2.8039398193359375,-0.33464379590670373,7.7771415491216267,8.9777754080472132,0,-106.51577077297681,93.160404791152061,3.0649071794373892,5.3290705182007514e-15,0.0010946559486910701,0.0011400434887036681
2.0742103632073849,0,0.0016462659696117043,26,25,45,3.7692530155181885,-1.1750062600251447,7.1515969835058506,-322.29534491023713,0,-243.61312542530516,206.25668175036313,-353.67519786169845,5.6843418860808015e-14,0.0011400434887036681,0.00066634302493184805
2.0742103632073849,0,0.0016462659696117043,26,25,46,4.2542791366577148,-1.6954601894576014,7.3346113378265967,-101.21739014831505,0,235.33209756913024,-257.17761704938795,-117.42375848020379,-2.8421709430404007e-14,0.00066634302493184805,0.0010045005474239588
2.0742103632073849,0,0.0016462659696117043,26,25,47,3.167522668838501,-0.91649794711482668,7.9982394850493765,374.13764955555411,0,300.5329543210155,-268.05417798073546,413.69816743376873,5.6843418860808015e-14,0.0010045005474239588,0.00054962380090728402
2.0742103632073849,0,0.0016462659696117043,26,25,48,2.7971401214599609,-0.36798496207955739,7.8081655336628124,72.963704865678352,0,-110.2228269120903,108.98197614833187,79.163034673503176,0,0.00054962380090728402,0.00082163186743855476
2.0742103632073849,0,0.0016462659696117043,26,25,49,4.0177245140075684,-0.91271668685455531,7.0515101245520482,-399.12164673205473,0,-297.18694404488633,228.16476513467592,-462.00503220456767,0,0.00082163186743855476,0.00045969086932018399
2.0742103632073849,0,0.0016462659696117043,26,25,50,4.7320699691772461,-1.590746887294868,7.1638583591613143,-170.79308582079025,0,228.60126422454147,-290.47870322120633,-227.09741334558868,0,0.00045969086932018399,0.0010276936227455735
2.0742103632073849,0,0.0016462659696117043,26,25,51,3.4420063495635986,-1.2052325819441003,7.8900119416034586,461.70814330801016,0,294.1230506324128,-255.91359446931287,506.60237883076945,0,0.0010276936227455735,0.0008926927694119513
2.0742103632073849,0,0.0016462659696117043,26,25,52,3.0042293071746826,-0.60592602513613125,7.7406730928950962,97.916564914003416,0,-176.98517443601611,172.88535601033482,100.95149355608109,0,0.0008926927694119513,0.00090613233624026179
2.0742103632073849,0,0.0016462659696117043,26,25,53,4.3249497413635254,-1.0298158226705476,6.9238569505230663,-438.46463918459648,0,-323.58224965892498,271.5190886393396,-484.63375907632934,0,0.00090613233624026179,0.0011880997335538268
2.0742103632073849,0,0.0016462659696117043,26,25,54,5.0043621063232422,-2.2678085782250692,6.9728458813277436,-176.41398916380984,0,300.72557004414796,-316.82534802097996,-187.80872983753918,0,0.0011880997335538268,0.0012760781683027744
2.0742103632073849,0,0.0016462659696117043,26,25,55,3.7210755348205566,-1.154695846221395,7.7117405684350331,478.96520868600851,0,303.81784893160943,-241.93432733316141,547.40577500667018,0,0.0012760781683027744,0.00042623525951057673
2.0742103632073849,0,0.0016462659696117043,26,25,56,3.1699590682983398,-0.74298030374398649,7.6591881788662262,125.26553559332557,0,-24.238443986511299,125.23497776055794,233.17827724249446,2.8421709430404007e-14,0.00042623525951057673,0.0013327555498108268
2.0742103632073849,0,0.0016462659696117043,26,25,57,4.1579999923706055,-1.220783043050375,6.8970090975260652,-425.01571699439307,0,-139.04248380826198,195.4523879211533,-362.92958682702607,-5.6843418860808015e-14,0.0013327555498108268,0.001007519313134253
2.0742103632073849,0,0.0016462659696117043,26,25,58,4.9096593856811523,-1.5788900001322366,6.7774869907802788,-111.09814227345304,0,156.93923614045283,-209.33071283247523,-158.29102197482737,2.8421709430404007e-14,0.001007519313134253,0.00060595263494178653
2.0742103632073849,0,0.0016462659696117043,26,25,59,3.7743549346923828,-0.81170091866266769,7.3800419013306895,381.34002936218741,0,373.62757994888312,-224.97313708475667,536.56281320898188,0,0.00060595263494178653,0.0010040238266810775
2.0742103632073849,0,0.0016462659696117043,26,25,60,3.5906820297241211,-0.7658664323839145,7.2486165185321845,14.428945196547112,0,-120.77932713056359,66.840842051698573,-33.026789796169624,1.4210854715202004e-14,0.0010040238266810775,0.0011661422904580832
2.0742103632073849,0,0.0016462659696117043,26,25,61,4.8606424331665039,-1.5413755310060584,6.6330925188933962,-320.15571732109532,0,-114.31236284428105,14.960883204866986,-414.41547997262205,0,0.0011661422904580832,0.00073528086068108678
2.0742103632073849,0,0.0016462659696117043,26,25,62,4.1296515464782715,-0.98948124845797603,6.9776578800970235,369.69821919698143,0,396.86601523747754,-202.74470333986574,569.80770772623225,0,0.00073528086068108678,0.00054525805171579123
2.0742103632073849,0,0.0016462659696117043,26,25,63,3.2778050899505615,-0.45711386004570859,7.2141603218427255,95.638920193925358,0,-66.783781454018751,150.00564940309309,185.61783460479671,0,0.00054525805171579123,0.00065787817584350705
2.0742103632073849,0,0.0016462659696117043,26,25,64,4.6911554336547852,-1.0703082322530497,6.5637665855308951,-403.91140598856526,0,-416.60709932462441,211.60560589936566,-603.41944106054621,0,0.00065787817584350705,0.0010678536491468549
2.0742103632073849,0,0.0016462659696117043,26,25,65,4.7836308479309082,-1.7007745459634347,6.7383274132105235,58.394135708859366,0,352.24665538577489,-297.31467868233204,118.36366527954928,-2.8421709430404007e-14,0.0010678536491468549,0.0010342854075133801
2.0742103632073849,0,0.0016462659696117043,26,25,66,3.331507682800293,-2.2928495273813607,7.3166441286904185,348.22982102727775,0,289.40859977893149,-184.36337039895224,458.29884500856605,5.6843418860808015e-14,0.0010342854075133801,0.0025424077175557613
2.0742103632073849,0,0.0016462659696117043,26,25,67,2.8110194206237793,-1.4355025065911471,7.099273709796619,17.35598006890023,0,61.428195407825172,-39.376591586200917,45.071355093729956,-7.1054273576010019e-15,0.0025424077175557613,0.0028529670089483261
2.0742103632073849,0,0.0016462659696117043,26,25,68,2.756342887878418,-2.9292417389412879,6.4711986867984077,-96.701203148193343,0,-93.434556342948824,-18.947594202152459,-205.54139674543751,0,0.0028529670089483261,0.0033017620444297791
2.0742103632073849,0,0.0016462659696117043,26,25,69,3.0538673400878906,-1.7142332641295008,4.0118636757806927,-78.424433028408885,0,0.89399763826806233,-76.031218874451369,-151.26402385294099,0,0.0033017620444297791,0.0020995025988668203
2.0742103632073849,0,0.0016462659696117043,26,25,70,2.5149297714233398,0.36393484425814088,0.99610594967922717,57.846267076821768,0,65.962630213296265,-74.151115628056431,51.017822455998974,7.1054273576010019e-15,0.0020995025988668203,0.0012587264645844698
2.0742103632073849,0,0.0016462659696117043,26,25,71,1.8543068170547485,0.58351557708521773,0.032782325012585461,22.602513754553414,0,73.36645999803271,-63.947406313004649,32.63786534167928,7.1054273576010019e-15,0.0012587264645844698,0.00072154402732849121
2.0742103632073849,0,0.0016462659696117043,26,25,72,1.3565523624420166,0.1576198561677459,0.0048000938270105964,13.920830711877827,0,62.521615490268694,-52.868598872368111,23.736267279773163,-1.0658141036401503e-14,0.00072154402732849121,0.0004305356414988637
2.0742103632073849,0,0.0016462659696117043,26,25,73,1.0595607757568359,0.047037975173652498,0.0018400748693526918,6.4253998407644772,0,56.169424106679742,-45.461003667480192,17.182698330007028,-7.1054273576010019e-15,0.0004305356414988637,0.00028128226404078305
2.0742103632073849,0,0.0016462659696117043,26,25,74,0.86785942316055298,0.018171370346795671,0.0005471125215255764,2.80020538398227,0,51.488174121264663,-40.29792472653007,14.009173261585183,0,0.00028128226404078305,0.00019145752594340593
2.0742103632073849,0,0.0016462659696117043,26,25,75,0.73729217052459717,0.0080047154208988287,0.00032265606790946348,1.5316932644958032,0,46.857612484042328,-36.589239319081805,11.808393800945131,-1.7763568394002505e-15,0.00019145752594340593,0.00013273027434479445
2.0742103632073849,0,0.0016462659696117043,26,25,76,0.64727312326431274,0.0037979814033144862,0.00014846856312074753,1.0526159621483628,0,43.189224313407301,-33.910903206540098,10.334883518982002,-1.7763568394002505e-15,0.00013273027434479445,9.2184280219953507e-05
2.0742103632073849,0,0.0016462659696117043,26,25,77,0.5849761962890625,0.0018849793707553901,7.0142630964817497e-05,0.70044056009776179,0,40.645429559354341,-32.015122778168397,9.3327024632854219,-7.1054273576010019e-15,9.2184280219953507e-05,6.235233013285324e-05
2.0742103632073849,0,0.0016462659696117043,26,25,78,0.54304212331771851,0.00094365872994645647,3.3902270913647264e-05,0.45137974065640418,0,38.934046100515246,-30.753308761835974,8.6330946403365409,3.5527136788005009e-15,6.235233013285324e-05,3.8962451071711257e-05
2.0742103632073849,0,0.0016462659696117043,26,25,79,0.51706749200820923,0.00061783945843090751,-2.3380875189902861e-06,0.23823523650590678,0,37.941025153456359,-30.041427117431848,8.1384487739013274,0,3.8962451071711257e-05,1.7329413822153583e-05
2.0742103632073849,0,0.0016462659696117043,26,25,80,0.50514769554138184,1.1690438134462321e-05,-1.1690438134462321e-05,-0.12719154800079793,0,37.807533767894462,-29.842583968664304,7.8377582512293582,-5.3290705182007514e-15,1.7329413822153583e-05,1.7329413822153583e-05
2.0758566291769966,0,0.0016462659696117043,26,25,0,0.0089348778128623962,5.657181717940415e-07,4.8429701420313256,-0.49471262117948422,0,-52.098629286084176,100.30903684571953,52.558671303387086,5.6571817168560301e-06,0.0011959198163822293,0.0011959198163822293
2.0758566291769966,0,0.0016462659696117043,26,25,1,-0.18813249468803406,0.22729141847255105,9.4460910536126157,-1.6061055699409044,0,-191.17012764794114,45.876014518308303,-137.22682717599781,9.0514907640226738e-06,0.0011959198163822293,0.00081272621173411608
2.0758566291769966,0,0.0016462659696117043,26,25,2,-0.22748738527297974,0.5440143941331631,9.0157356630927659,3.3693993282238139,0,-192.76405896282503,62.813707096729395,-117.0212024806459,1.4210854715202004e-14,0.00081272621173411608,0.0014103036373853683
2.0758566291769966,0,0.0016462659696117043,26,25,3,0.37928670644760132,-0.01614899093203271,8.6667673173580653,-15.24665687078509,0,-289.00662307478149,72.093947119635317,-223.5087133680689,1.1314363064229838e-06,0.0014103036373853683,0.0012419853592291474
2.0758566291769966,0,0.0016462659696117043,26,25,4,0.55740833282470703,-0.16456685045671487,8.5644950891066234,11.911617001443359,0,-0.82343221639116071,57.161358874848787,76.649471898550885,-1.4210854715202004e-14,0.0012419853592291474,0.00084497843636199832
2.0758566291769966,0,0.0016462659696117043,26,25,5,0.25896227359771729,0.25134575513723367,8.6835798957056127,17.240211502224298,0,163.0670229653999,59.730823656665073,248.97298377513212,0,0.00084497843636199832,0.00089614605531096458
2.0758566291769966,0,0.0016462659696117043,26,25,6,0.34901860356330872,0.71525219327167333,8.5933914076036899,-18.05091732262278,0,-127.96850081219451,108.10963872742546,-28.601135806516464,3.5527136788005009e-15,0.00089614605531096458,0.0016547964187338948
2.0758566291769966,0,0.0016462659696117043,26,25,7,1.0942518711090088,-0.063248988761089225,8.2692580896107479,-82.685295577491118,0,-389.42988973374969,129.24163824345356,-334.66753796693757,0,0.0016547964187338948,0.0017316910671070218
2.0758566291769966,0,0.0016462659696117043,26,25,8,1.641880989074707,-0.73763766132956354,8.2187309710969636,-18.389587900476315,0,-151.61884229029022,-0.13852401441817619,-162.6658608954173,2.8421709430404007e-14,0.0017316910671070218,0.0010132853640243411
2.0758566291769966,0,0.0016462659696117043,26,25,9,1.2367974519729614,0.051327609726873391,8.4620701169487962,81.327644377111412,0,118.38958874905357,-1.1668457753970156,207.06378507744364,0,0.0010132853640243411,0.00018607276433613151
2.0758566291769966,0,0.0016462659696117043,26,25,10,0.96868711709976196,0.09354036826980118,8.4059542686158579,14.427243516286355,0,-30.504899649728522,94.024206656282445,86.446045159725927,-1.4210854715202004e-14,0.00018607276433613151,0.0005770272109657526
2.0758566291769966,0,0.0016462659696117043,26,25,11,1.4800882339477539,-0.00169093161549239,8.0512902723275346,-143.15005031002417,0,-283.54880949207205,141.52056473947937,-277.12869572190482,0,0.0005770272109657526,0.00119572295807302
2.0758566291769966,0,0.0016462659696117043,26,25,12,2.1868362426757812,-0.86451580146318763,7.9930354435870434,-52.551507048459492,0,-281.79108240059958,6.4928877557868194,-320.72118205114845,-5.6843418860808015e-14,0.00119572295807302,0.0009548693778924644
2.0758566291769966,0,0.0016462659696117043,26,25,13,1.9055306911468506,-0.50146955902339219,8.2814068873500251,150.70254177881733,0,53.188587173316321,-31.132783459984669,180.53828282047564,0,0.0009548693778924644,0.001017581787891686
2.0758566291769966,0,0.0016462659696117043,26,25,14,1.4254398345947266,0.027353605042585497,8.3934292682923388,51.552874177136403,0,113.68389973861699,56.212943674199508,229.87050046328781,-2.8421709430404007e-14,0.001017581787891686,0.00057823664974421263
2.0758566291769966,0,0.0016462659696117043,26,25,15,1.5163559913635254,0.048402846778698196,8.1754919997904008,-62.106333094718124,0,-92.90370451351879,83.495585029315166,-63.290557732352653,-1.4210854715202004e-14,0.00057823664974421263,0.0012491452507674694
2.0758566291769966,0,0.0016462659696117043,26,25,16,2.0490307807922363,-0.38209680187495976,7.883537862845448,-152.03912110873407,0,-211.06077856821963,83.51636725207419,-272.08209136390906,-5.6843418860808015e-14,0.0012491452507674694,0.0012247049016878009
2.0758566291769966,0,0.0016462659696117043,26,25,17,2.3912174701690674,-0.72997444297444147,7.7490072530019658,-66.018242572456302,0,-92.487987646412279,11.417912490046012,-140.06928491879503,0,0.0012247049016878009,0.0014174358220770955
2.0758566291769966,0,0.0016462659696117043,26,25,18,2.1835787296295166,-0.4966207885729455,7.8412176178498791,85.099654013837608,0,36.932109788642741,-2.1026975068870883,127.2736631248702,0,0.0014174358220770955,0.00091041967971250415
2.0758566291769966,0,0.0016462659696117043,26,25,19,1.8787937164306641,-0.27922774095227482,7.9878393221791155,110.78409175043598,0,84.296605754612528,40.083476807711754,242.8727858939871,0,0.00091041967971250415,0.0014118885155767202
2.0758566291769966,0,0.0016462659696117043,26,25,20,1.7790462970733643,-0.12764072822920242,8.0605120442459501,59.846212060729563,0,99.206004080100882,28.145501865208171,195.13058932205536,0,0.0014118885155767202,0.00090899062342941761
2.0758566291769966,0,0.0016462659696117043,26,25,21,1.7940330505371094,-0.09322752612079907,7.9039399229930281,-14.112577491898385,0,10.91117383197053,69.936524299681565,74.545833036625936,0,0.00090899062342941761,0.0011969831539317966
2.0758566291769966,0,0.0016462659696117043,26,25,22,2.249901294708252,-0.47705825419230757,7.4745123102749202,-163.76340845764224,0,-93.895747899576818,66.262198351115387,-184.39950395002106,2.8421709430404007e-14,0.0011969831539317966,0.00097026058938354254
2.0758566291769966,0,0.0016462659696117043,26,25,23,2.6393675804138184,-0.8201584053309886,7.2517856717305751,-41.439752181497667,0,-85.67170822915574,13.623434931838386,-107.05639821241543,0,0.00097026058938354254,0.001210107933729887
2.0758566291769966,0,0.0016462659696117043,26,25,24,2.3720569610595703,-0.53679865885193012,7.5514867533200762,147.07789041148007,0,138.93647274861317,-12.037758576517307,280.99129267804403,-5.6843418860808015e-14,0.001210107933729887,0.0014036557404324412
2.0758566291769966,0,0.0016462659696117043,26,25,25,2.0403323173522949,-0.17971734881553111,7.6584210650252729,25.262203796152789,0,49.099485712681499,86.575119417802455,168.41551264284649,0,0.0014036557404324412,0.0010749371722340584
2.0758566291769966,0,0.0016462659696117043,26,25,26,2.6690387725830078,-0.53327423464165324,7.2432529445454055,-192.74505083225276,0,-137.95949104316097,122.80613693901353,-201.18842622649643,-2.8421709430404007e-14,0.0010749371722340584,0.00072069937596097589
2.0758566291769966,0,0.0016462659696117043,26,25,27,3.0588812828063965,-0.90412908500672184,7.2491516879227023,-43.168659326426244,0,77.769394745906624,-39.383398307243944,1.5623597151524147,-3.3306690738754696e-15,0.00072069937596097589,0.001121753710322082
2.0758566291769966,0,0.0016462659696117043,26,25,28,2.2379186153411865,-0.50617124274917247,7.7554739774237431,196.39837732228193,0,203.36744590337662,-5.5922282203277103,401.4228977400054,0,0.001121753710322082,0.0015027290210127831
2.0758566291769966,0,0.0016462659696117043,26,25,29,2.1756179332733154,-0.35521048004227612,7.7464405896565358,-13.506417259439132,0,-132.79094500179863,140.86994358446248,1.963811432838964,-1.6431300764452317e-14,0.0015027290210127831,0.00090386840747669339
2.0758566291769966,0,0.0016462659696117043,26,25,30,3.1020517349243164,-0.8066298209707059,7.3370269544201578,-209.64874601142171,0,-200.5165883771646,96.394031758145303,-307.24090549699156,0,0.00090386840747669339,0.0010286687174811959
2.0758566291769966,0,0.0016462659696117043,26,25,31,2.9194116592407227,-0.91962014570495798,7.5577662250269899,116.8751657289063,0,239.2377072093073,-79.993164993048381,282.75785402448724,0,0.0010286687174811959,0.00076956808334216475
2.0758566291769966,0,0.0016462659696117043,26,25,32,2.0996665954589844,-0.51314145634384689,7.9689630039408632,123.66914227295803,0,185.1868388213064,17.185956866676563,333.49775950853797,-5.6843418860808015e-14,0.00076956808334216475,0.0008378114434890449
2.0758566291769966,0,0.0016462659696117043,26,25,33,2.3996214866638184,-0.33817500873504214,7.672199696817489,-162.57563563563423,0,-197.11554503728331,136.98728852482409,-215.36986746001097,5.6843418860808015e-14,0.0008378114434890449,0.0012367096496745944
2.0758566291769966,0,0.0016462659696117043,26,25,34,3.3460278511047363,-1.299395240202875,7.3032128478556846,-152.16786951314364,0,-276.83137235379138,40.260306730978449,-382.73511752830376,0,0.0012367096496745944,0.0010714913951233029
2.0758566291769966,0,0.0016462659696117043,26,25,35,3.1200723648071289,-1.1530858123044692,7.6742142192272471,178.44268168233552,0,245.32117793554872,-169.0945916847773,261.19039634002974,0,0.0010714913951233029,0.00097317021572962403
2.0758566291769966,0,0.0016462659696117043,26,25,36,2.3346993923187256,-0.46742067941762427,8.0422874333416043,110.51030225826915,0,195.60590120425135,11.213421211051276,324.90449142749577,0,0.00097317021572962403,0.001158613245934248
2.0758566291769966,0,0.0016462659696117043,26,25,37,2.8013274669647217,-0.69155029902801834,7.6231095024600606,-240.42120772768195,0,-243.90204901000379,146.56695186169719,-330.8247456725565,0,0.001158613245934248,0.001127574359998107
2.0758566291769966,0,0.0016462659696117043,26,25,38,3.720700740814209,-1.8576668637015916,7.2949335624114786,-127.28582832843645,0,-237.33124602185214,-19.63376961283026,-378.81357726440899,-5.6843418860808015e-14,0.001127574359998107,0.00091443670680746436
2.0758566291769966,0,0.0016462659696117043,26,25,39,3.2474398612976074,-1.4319441392905625,7.7653808340482007,291.85800558745694,0,309.38893286954817,-209.63397397851983,397.94640117324292,-5.6843418860808015e-14,0.00091443670680746436,0.0010346275521442294
2.0758566291769966,0,0.0016462659696117043,26,25,40,2.5076379776000977,-0.54351033924209469,8.0614613193382194,97.129157630792093,0,195.71075367308433,54.873323043391217,355.23118532736379,0,0.0010346275521442294,0.00094983959570527077
2.0758566291769966,0,0.0016462659696117043,26,25,41,3.0113420486450195,-1.0794632494271927,7.558013443868064,-268.22695283614672,0,-233.64156874497615,172.48897312746755,-322.90099825921448,0,0.00094983959570527077,0.00042457293602637947
2.0758566291769966,0,0.0016462659696117043,26,25,42,3.9625606536865234,-1.6812335088733248,7.177877986894714,-162.73247986732778,0,-307.45611374103277,33.271397282162617,-431.4205518481765,0,0.00042457293602637947,0.0013596144272014499
2.0758566291769966,0,0.0016462659696117043,26,25,43,3.6506280899047852,-1.7623484432178418,7.6172871310359564,256.18702190184973,0,268.21898752428785,-262.33884948622534,267.92209862773035,0,0.0013596144272014499,0.00048333531594835222
2.0758566291769966,0,0.0016462659696117043,26,25,44,2.8089854717254639,-0.81015650805367001,8.0112329000191433,137.56759769970506,0,247.58014037872144,-54.736898974826744,337.61191549556526,5.6843418860808015e-14,0.00048333531594835222,0.0010636091465130448
2.0758566291769966,0,0.0016462659696117043,26,25,45,3.1870095729827881,-0.78240067739093888,7.600562804723209,-247.5784024924977,0,-189.16572933058498,125.27031478044088,-304.65565491530953,-5.6843418860808015e-14,0.0010636091465130448,0.0008901219698600471
2.0758566291769966,0,0.0016462659696117043,26,25,46,4.0609683990478516,-1.488265343319862,7.1505883080055419,-175.4374419299136,0,-307.22540934482976,101.49284511477963,-375.50768319527805,0,0.0008901219698600471,0.00067513086833059788
2.0758566291769966,0,0.0016462659696117043,26,25,47,3.8485798835754395,-1.3701139717043327,7.5158589542968315,211.44514107137263,0,362.48222594826211,-286.87172036381054,293.20139163841668,-5.6843418860808015e-14,0.00067513086833059788,0.00093500490766018629
2.0758566291769966,0,0.0016462659696117043,26,25,48,2.9274635314941406,-0.65273128379768308,7.982266432468772,188.50721527563522,0,323.3535727966497,-117.96351697653054,401.22680624442546,0,0.00093500490766018629,0.00059409270761534572
2.0758566291769966,0,0.0016462659696117043,26,25,49,3.2571413516998291,-0.62849535159985448,7.5709163439303424,-234.63158459710647,0,-200.89110285838299,139.70925282277457,-288.87101364038443,-5.6843418860808015e-14,0.00059409270761534572,0.00087515200721099973
2.0758566291769966,0,0.0016462659696117043,26,25,50,4.3582072257995605,-1.4652157221282855,6.9882181412099031,-254.3648481962465,0,-337.08113607806121,128.47106673303483,-457.45191512219122,5.6843418860808015e-14,0.00087515200721099973,0.00032489484874531627
2.0758566291769966,0,0.0016462659696117043,26,25,51,4.2760086059570312,-1.4491713890580347,7.3420539260947191,148.3940495782677,0,420.34804424510105,-317.10775453233953,257.52722182806593,5.6843418860808015e-14,0.00032489484874531627,0.00079406128497794271
2.0758566291769966,0,0.0016462659696117043,26,25,52,3.1704223155975342,-1.0059034812669851,7.9028497840759808,289.25436237657357,0,265.88616491660571,-134.31847458055003,427.71899901543821,-5.6843418860808015e-14,0.00079406128497794271,0.00070957612479105592
2.0758566291769966,0,0.0016462659696117043,26,25,53,3.527113676071167,-0.80393191100942007,7.4824838450336699,-240.21686127253918,0,-297.13697981595351,168.87808002606829,-361.79720912840014,-5.6843418860808015e-14,0.00070957612479105592,0.001107481075450778
2.0758566291769966,0,0.0016462659696117043,26,25,54,4.6951789855957031,-1.7192294041637,6.8248494818410474,-301.06300961925967,0,-335.27605158699151,129.97477278813565,-501.25866834043819,-5.6843418860808015e-14,0.001107481075450778,0.0007743377354927361
2.0758566291769966,0,0.0016462659696117043,26,25,55,4.622251033782959,-1.816994555740459,7.1462226608738071,104.33226155668528,0,397.4134493979592,-319.22363100975673,187.85130805002109,0,0.0007743377354927361,0.0010591807076707482
2.0758566291769966,0,0.0016462659696117043,26,25,56,3.5538325309753418,-1.1740575506510462,7.761804929484291,335.68923403668839,0,264.51178656132242,-214.87688706787353,391.91188090897049,0,0.0010591807076707482,0.0011945194564759731
2.0758566291769966,0,0.0016462659696117043,26,25,57,3.5605213642120361,-0.88515602896109324,7.4233736504174255,-54.801635236661483,0,-148.17797239111462,68.942380967769836,-127.49900903854994,0,0.0011945194564759731,0.00083699804963544011
2.0758566291769966,0,0.0016462659696117043,26,25,58,4.6490702629089355,-1.3604390595303111,6.7157354580199282,-362.50018410590752,0,-196.20532712759356,154.70257657048492,-398.64763826452656,0,0.00083699804963544011,0.00093008240219205618
2.0758566291769966,0,0.0016462659696117043,26,25,59,4.6576800346374512,-1.1904905321053194,6.9342045016033511,45.407491254173848,0,379.67021034886636,-240.80325304920328,190.01816252333498,2.8421709430404007e-14,0.00093008240219205618,0.00051854312187060714
2.0758566291769966,0,0.0016462659696117043,26,25,60,3.536311149597168,-0.84184860575574394,7.4335062285924289,279.53190272164892,0,206.17847687029433,-102.28995559607355,390.01208161870636,0,0.00051854312187060714,0.00065311422804370522
2.0758566291769966,0,0.0016462659696117043,26,25,61,4.1784043312072754,-1.0736804782751139,6.9002336911052913,-341.98921642163879,0,-229.53610218906769,106.57978291555165,-459.11898248232467,0,0.00065311422804370522,0.0011987939942628145
2.0758566291769966,0,0.0016462659696117043,26,25,62,5.0677065849304199,-1.5194036029317495,6.6030104551082474,-125.46988204846834,0,122.26145443171947,-197.16290243688053,-195.28772320145288,0,0.0011987939942628145,0.00068176159402355552
2.0758566291769966,0,0.0016462659696117043,26,25,63,3.5833814144134521,-0.76220680153057885,7.1818136882158852,399.06241377659518,0,303.22117466145482,-152.63796773666837,556.06522758806693,-1.1368683772161603e-13,0.00068176159402355552,0.00044078286737203598
2.0758566291769966,0,0.0016462659696117043,26,25,64,3.6977665424346924,-0.56569045160362363,6.9663254136796455,-127.22152653815766,0,-384.7696030009086,215.43576231266155,-290.15473226432869,0,0.00044078286737203598,0.00083661434473469853
2.0758566291769966,0,0.0016462659696117043,26,25,65,4.9784889221191406,-1.466683760784091,6.4790372777867864,-250.21854131407986,0,-290.0120807701291,25.672924240366015,-509.54534432684028,-5.6843418860808015e-14,0.00083661434473469853,0.0012057803105562925
2.0758566291769966,0,0.0016462659696117043,26,25,66,4.0859894752502441,-1.4161311849525755,6.9999596218654885,463.29468860644312,0,300.65142023193454,-212.35724169113811,557.17269558415251,0,0.0012057803105562925,0.0010763462632894516
2.0758566291769966,0,0.0016462659696117043,26,25,67,2.8852188587188721,-2.5753437250575741,7.3601789706008285,175.05467248913237,0,359.30725264132047,-40.982688104651075,498.16407227134505,0,0.0010763462632894516,0.0029138717800378799
2.0758566291769966,0,0.0016462659696117043,26,25,68,2.4179670810699463,-1.8363902032604176,6.9373759176744292,-2.121959079200332,0,85.876923627410378,-36.614511081252189,52.241439181371859,-1.4210854715202004e-14,0.0029138717800378799,0.0032496876083314419
2.0758566291769966,0,0.0016462659696117043,26,25,69,2.8048465251922607,-1.6564570329623471,4.5745128264927519,-95.342176121219822,0,-87.519081285003367,-46.218794472961747,-226.16199608565455,0,0.0032496876083314419,0.002185269957408309
2.0758566291769966,0,0.0016462659696117043,26,25,70,2.5989186763763428,0.15432763440632863,1.3176619971110188,26.101747666076648,0,72.118947337083242,-57.698546747802908,41.994137886874327,0,0.002185269957408309,0.0012962403707206249
2.0758566291769966,0,0.0016462659696117043,26,25,71,1.9080374240875244,0.53643137958791254,0.062415248346388105,29.488236208834014,0,107.14524764560473,-55.195990585601045,82.036339896771992,-1.4210854715202004e-14,0.0012962403707206249,0.00075400556670501828
2.0758566291769966,0,0.0016462659696117043,26,25,72,1.3956285715103149,0.18646084532826751,0.0072410566940123043,14.489264330896479,0,88.662755244083698,-46.883898013176569,56.461823463825894,7.1054273576010019e-15,0.00075400556670501828,0.00044627382885664701
2.0758566291769966,0,0.0016462659696117043,26,25,73,1.0878480672836304,0.051298381875429282,0.002069207578933419,7.2091141157503227,0,74.912816677541414,-40.746407990146885,41.428890392599222,1.4210854715202004e-14,0.00044627382885664701,0.00028968937112949789
2.0758566291769966,0,0.0016462659696117043,26,25,74,0.89092224836349487,0.019293755199635047,0.0005471125215255764,2.9742112421353681,0,66.359447567719471,-36.297926140825496,33.055573536750501,0,0.00028968937112949789,0.00019702447752933949
2.0758566291769966,0,0.0016462659696117043,26,25,75,0.75673192739486694,0.0084893870409135166,0.00034486792982223652,1.5970088217384562,0,58.762929647924587,-33.043625568962213,27.325147155671569,3.5527136788005009e-15,0.00019702447752933949,0.00013644398131873459
2.0758566291769966,0,0.0016462659696117043,26,25,76,0.66428709030151367,0.0040245351299869206,0.00017535657741204374,1.1001905975235546,0,52.98492863147046,-30.670795372170783,23.418523748530635,7.1054273576010019e-15,0.00013644398131873459,9.4735354650765657e-05
2.0758566291769966,0,0.0016462659696117043,26,25,77,0.60034030675888062,0.0020064223486237834,9.3523505075698569e-05,0.73335178046005189,0,49.015922350089461,-28.983018201204317,20.768355875198893,0,9.4735354650765657e-05,6.4085332269314677e-05
2.0758566291769966,0,0.0016462659696117043,26,25,78,0.55725449323654175,0.00097047794796700597,7.9494978882735078e-05,0.47505844045501561,0,46.376942119323118,-27.856940340139467,18.996110192565517,0,6.4085332269314677e-05,4.0090428228722885e-05
2.0758566291769966,0,0.0016462659696117043,26,25,79,0.53046554327011108,0.00064813141256187901,7.5987847334494198e-05,0.25231935611089124,0,44.849593570386688,-27.221380865728417,17.881256180029059,0,4.0090428228722885e-05,1.7877169739222154e-05
2.0758566291769966,0,0.0016462659696117043,26,25,80,0.51805073022842407,-3.4394898308004127e-08,3.6240357893126659e-05,-0.13475859426671505,0,44.487678764290486,-27.045528503462585,17.30742787252418,0,1.7877169739222154e-05,1.7877169739222154e-05
2.0775028951466084,0,0.0016462659696117043,26,25,0,0.0089348778128623962,5.657181717940415e-07,4.8406235430547238,-0.46521833857483003,0,-54.740112254042536,142.07930421190613,91.714596596625341,-1.1314363206338385e-06,0.0012526765931397676,0.0012526765931397676
2.0775028951466084,0,0.0016462659696117043,26,25,1,-0.41404435038566589,0.21456785107073126,9.411239985639245,-2.5320459190611455,0,-31.759200928739524,51.002905599245103,26.337466588154413,3.5527136788005009e-15,0.0012526765931397676,0.00045201132888905704
2.0775028951466084,0,0.0016462659696117043,26,25,2,-0.42013540863990784,0.66863927878853147,9.0643744143491016,10.147752999243281,0,26.122873845484122,64.002620406571751,110.00626094443679,0,0.00045201132888905704,0.0013731293147429824
2.0775028951466084,0,0.0016462659696117043,26,25,3,0.011331917718052864,0.4023133064621916,8.7489723906196293,-3.2255371971365894,0,-217.2074468028685,76.591144092166232,-134.69054629070263,7.9200544291779806e-06,0.0013731293147429824,0.0014225859194993973
2.0775028951466084,0,0.0016462659696117043,26,25,4,0.68359375,-0.39074380413083165,8.466701085903102,-18.486583675339432,0,-184.60511761386863,57.689404742146721,-137.32633926528908,-2.8421709430404007e-14,0.0014225859194993973,0.00079135975101962686
2.0775028951466084,0,0.0016462659696117043,26,25,5,0.6688380241394043,-0.077779460003619183,8.570394963920263,18.862799836818592,0,149.05281707495843,57.288803864590548,233.69703628028421,2.8421709430404007e-14,0.00079135975101962686,0.00066008878638967872
2.0775028951466084,0,0.0016462659696117043,26,25,6,0.30193352699279785,0.29238577991003245,8.6927213356436326,19.636774707758832,0,131.30177564084025,82.663535793731228,242.58719325788397,0,0.00066008878638967872,0.00097087246831506491
2.0775028951466084,0,0.0016462659696117043,26,25,7,0.5433000922203064,0.66672658564969589,8.429152673686616,-43.191233744353511,0,-206.98438540059601,115.80403041668609,-125.27570946892712,0,0.00097087246831506491,0.0017124752048403025
2.0775028951466084,0,0.0016462659696117043,26,25,8,1.3740897178649902,-0.4776245380822734,8.1183137327308348,-63.99606712726969,0,-356.7132402165937,114.63799927545645,-298.43061887375836,0,0.0017124752048403025,0.0014784405939280987
2.0775028951466084,0,0.0016462659696117043,26,25,9,1.5776795148849487,-0.50732757069231948,8.2656861450740404,7.4939826325935552,0,-16.592034249709556,4.2661486196794822,2.9264555769452025,-8.8817841970012523e-16,0.0014784405939280987,0.0008752521825954318
2.0775028951466084,0,0.0016462659696117043,26,25,10,1.1110002994537354,0.09382435879204179,8.4942300635789447,69.185105743687103,0,100.21224020365288,29.551234584444998,207.53663495415597,-2.8421709430404007e-14,0.0008752521825954318,0.00012130373943364248
2.0775028951466084,0,0.0016462659696117043,26,25,11,1.0238606929779053,-0.0071834893454407397,8.3184795305840318,-12.651739296983441,0,-128.17120894751176,105.08755415072019,-27.424098052536408,0,0.00012130373943364248,0.00057827832642942667
2.0775028951466084,0,0.0016462659696117043,26,25,12,1.6588438749313354,0.013032449523619335,7.9613309000851897,-117.29124465564276,0,-382.02482894627138,160.58821791492264,-330.75349233738274,-5.6843418860808015e-14,0.00057827832642942667,0.0016841707983985543
2.0775028951466084,0,0.0016462659696117043,26,25,13,2.202744722366333,-1.1095283416671871,7.9918474354262763,-42.837881648505579,0,-130.80454104805091,-33.207747199217728,-199.96785080201511,2.8421709430404007e-14,0.0016841707983985543,0.0011790242278948426
2.0775028951466084,0,0.0016462659696117043,26,25,14,1.8038678169250488,-0.37070550076771491,8.3126283075331671,155.0086617816431,0,81.424169474455596,-40.612663162844029,203.76209090002013,0,0.0011790242278948426,0.00080628390423953533
2.0775028951466084,0,0.0016462659696117043,26,25,15,1.4121628999710083,0.0077984249981808626,8.3694648808169703,40.50549351237936,0,78.663319972248701,53.244344356328341,180.79042114677154,-2.8421709430404007e-14,0.00080628390423953533,0.00055489153601229191
2.0775028951466084,0,0.0016462659696117043,26,25,16,1.6011112928390503,0.00034791667565333556,8.1520039470156842,-83.526649745564711,0,-101.22173486387442,70.844642263517599,-105.75139048223019,-1.4210854715202004e-14,0.00055489153601229191,0.0012908318312838674
2.0775028951466084,0,0.0016462659696117043,26,25,17,2.1606261730194092,-0.51438773347630917,7.8640533975725173,-143.59198029433892,0,-177.69633196116033,44.562588901726762,-269.37605768967626,0,0.0012908318312838674,0.0012380118714645505
2.0775028951466084,0,0.0016462659696117043,26,25,18,2.3931050300598145,-0.73688808475193646,7.7001637117674404,-59.573291511674618,0,-83.575093324051778,7.7052082207053276,-128.47990098800557,0,0.0012380118714645505,0.0015845830785110593
2.0775028951466084,0,0.0016462659696117043,26,25,19,2.2786269187927246,-0.53456350635517191,7.7159438544514627,39.101426267440296,0,20.756733761077559,4.1694786984833163,71.209019075097459,0,0.0015845830785110593,0.00079187244409695268
2.0775028951466084,0,0.0016462659696117043,26,25,20,2.100283145904541,-0.36790519581733439,7.8626843595967761,105.71489487153141,0,93.362868536219082,33.51875642134322,240.09129899287316,0,0.00079187244409695268,0.0015007936162874103
2.0775028951466084,0,0.0016462659696117043,26,25,21,1.9167553186416626,-0.1493371515538475,7.98133865466703,71.211191432877143,0,107.9224448472515,34.112968686014185,221.07860646925602,2.8421709430404007e-14,0.0015007936162874103,0.00090340175665915012
2.0775028951466084,0,0.0016462659696117043,26,25,22,1.9463306665420532,-0.11086831587185267,7.7960908450040405,-21.681434055965227,0,-1.457290010541451,86.107193552057424,70.653692014682932,0,0.00090340175665915012,0.0011997509282082319
2.0775028951466084,0,0.0016462659696117043,26,25,23,2.4631242752075195,-0.52689010507295753,7.3244872454241712,-181.03459416120862,0,-122.13183708419803,87.353113150635124,-209.01572095442029,2.8421709430404007e-14,0.0011997509282082319,0.00080544402590021491
2.0775028951466084,0,0.0016462659696117043,26,25,24,2.8346433639526367,-0.81935791411790004,7.2533023621491548,-19.815089075508315,0,-11.48815205825596,-12.282655710214261,-37.151952395947276,0,0.00080544402590021491,0.0014939253451302648
2.0775028951466084,0,0.0016462659696117043,26,25,25,2.3175890445709229,-0.53887201595155532,7.6453784325745611,134.88980467660826,0,138.31170265117456,-4.4553609822904043,275.85265276211544,5.6843418860808015e-14,0.0014939253451302648,0.0011761124478653073
2.0775028951466084,0,0.0016462659696117043,26,25,26,2.3378291130065918,-0.32456948670339547,7.5741618690819248,-32.361034548620893,0,-120.71893558428822,93.912185406776473,-51.918192343754122,-2.1316282072803006e-14,0.0011761124478653073,0.00095954997232183814
2.0775028951466084,0,0.0016462659696117043,26,25,27,3.0614533424377441,-0.80691437721111836,7.1856809376382698,-173.54488383224844,0,-178.68844775914437,86.122979351923163,-259.7315856790425,0,0.00095954997232183814,0.00082408194430172443
2.0775028951466084,0,0.0016462659696117043,26,25,28,2.8987674713134766,-0.95244877121416627,7.4566327874553693,107.66885828243579,0,163.30887879820528,-61.180256973236652,216.30166412364562,0,0.00082408194430172443,0.0013152577448636293
2.0775028951466084,0,0.0016462659696117043,26,25,29,2.1788508892059326,-0.49970168973653584,7.8760149425969308,112.77288529774137,0,75.159524109388116,37.854492901898745,233.16321556188862,0,0.0013152577448636293,0.00127992476336658
2.0775028951466084,0,0.0016462659696117043,26,25,30,2.5962514877319336,-0.61086983623943936,7.570524866955461,-187.64044452153925,0,-274.1108562943607,131.19534821261698,-323.59629757256698,0,0.00127992476336658,0.00062794191762804985
2.0775028951466084,0,0.0016462659696117043,26,25,31,3.3849062919616699,-0.99556102165024662,7.3466662263493561,-91.090727122516242,0,-100.65996314204681,-54.305323895928503,-239.70490895579246,-2.8421709430404007e-14,0.00062794191762804985,0.00094808498397469521
2.0775028951466084,0,0.0016462659696117043,26,25,32,2.6486926078796387,-0.83382276205250194,7.7716093911196529,288.12039161557584,0,225.22527541105259,-69.127900322155284,451.1555533335403,0,0.00094808498397469521,0.0011320201447233558
2.0775028951466084,0,0.0016462659696117043,26,25,33,2.0450654029846191,-0.17879466247733503,7.9472909064976056,49.40911910821319,0,91.875382752539949,130.13089290056931,279.18389100534273,0,0.0011320201447233558,0.00077665160642936826
2.0775028951466084,0,0.0016462659696117043,26,25,34,2.7159440517425537,-0.47794756315836778,7.4774291531686901,-269.21103091034593,0,-229.24160288606782,192.84722405982413,-298.60592814657929,5.6843418860808015e-14,0.00077665160642936826,0.0010758382268249989
2.0775028951466084,0,0.0016462659696117043,26,25,35,3.5500612258911133,-1.4221985123450667,7.360410915051264,-98.960165591366064,0,-59.762141814655592,-97.266160994764491,-250.05025599807996,-2.8421709430404007e-14,0.0010758382268249989,0.0010322552407160401
2.0775028951466084,0,0.0016462659696117043,26,25,36,2.8695785999298096,-0.81955252116899724,7.880149776714573,298.88659677171512,0,250.32600061224849,-145.31219800814875,410.96099663136044,-5.6843418860808015e-14,0.0010322552407160401,0.00069196295225992799
2.0775028951466084,0,0.0016462659696117043,26,25,37,2.2567019462585449,-0.24999878017019206,7.9649101989581306,63.724812052512505,0,41.488992291170618,121.63320856183338,234.56192432430444,0,0.00069196295225992799,0.0014489828608930111
2.0775028951466084,0,0.0016462659696117043,26,25,38,3.0970728397369385,-1.0043437962673492,7.4109165362745211,-311.57533856287927,0,-258.17907398582469,199.95235464985333,-363.39548515884343,5.6843418860808015e-14,0.0014489828608930111,0.0010792067041620612
2.0775028951466084,0,0.0016462659696117043,26,25,39,3.9025654792785645,-2.1033695800751797,7.3568548106233669,-121.72850265643575,0,21.26897572552825,-164.40070581827703,-259.60674751863633,0,0.0010792067041620612,0.0009025722392834723
2.0775028951466084,0,0.0016462659696117043,26,25,40,3.0924429893493652,-1.2594040569205824,7.9350595139052462,341.28450355790767,0,256.97370506580114,-212.90902056717914,392.02484351351433,5.6843418860808015e-14,0.0009025722392834723,0.001091230078600347
2.0775028951466084,0,0.0016462659696117043,26,25,41,2.4797611236572266,-0.32665868391183084,7.9575722685517905,87.287073474132569,0,2.7510738921983009,94.889311936080631,192.55837288705146,0,0.001091230078600347,0.00096609222237020731
2.0775028951466084,0,0.0016462659696117043,26,25,42,3.2523276805877686,-1.0147445248557825,7.3308023573759078,-331.02735424147551,0,-265.63373694260582,222.6768100877733,-367.66822326378792,-1.1368683772161603e-13,0.00096609222237020731,0.0010403667110949755
2.0775028951466084,0,0.0016462659696117043,26,25,43,4.0916991233825684,-2.1142019516286918,7.2140290752268692,-119.41204514402725,0,-71.947765544043747,-142.55359327564753,-328.81357684012033,0,0.0010403667110949755,0.00089033349649980664
2.0775028951466084,0,0.0016462659696117043,26,25,44,3.3647844791412354,-1.2981778146971743,7.812209852872968,370.63885011558682,0,280.48658155389631,-222.944444566231,434.69501914142791,0,0.00089033349649980664,0.00055424828315153718
2.0775028951466084,0,0.0016462659696117043,26,25,45,2.6854653358459473,-0.52813638220541981,8.0029298544117218,84.15612661819263,0,97.413591676079392,67.529479467860028,256.57399123433834,0,0.00055424828315153718,0.00096403155475854874
2.0775028951466084,0,0.0016462659696117043,26,25,46,3.4427828788757324,-0.80669544427863404,7.3798156140619717,-349.46328577458519,0,-286.10299535750454,198.73192404922398,-430.26123691308243,-5.6843418860808015e-14,0.00096403155475854874,0.0007946265977807343
2.0775028951466084,0,0.0016462659696117043,26,25,47,4.3312673568725586,-1.6164983784749327,7.1145910950161149,-134.94686527428811,0,-74.676536563037232,-116.09195833740237,-320.21726745818654,0,0.0007946265977807343,0.00085782643873244524
2.0775028951466084,0,0.0016462659696117043,26,25,48,3.5879895687103271,-1.2747525566395266,7.7295516393557966,397.47702706897809,0,423.72504682555382,-278.08525726422795,549.57161571302026,0,0.00085782643873244524,0.00083205808186903596
2.0775028951466084,0,0.0016462659696117043,26,25,49,2.7815828323364258,-0.57276645449642349,7.9849960226476782,108.94490124222517,0,176.77329714057043,47.707149199752756,340.83757715069959,0,0.00083205808186903596,0.00054193759569898248
2.0775028951466084,0,0.0016462659696117043,26,25,50,3.6051197052001953,-0.67325780194305807,7.3008317400706026,-390.88870039473693,0,-280.58187564849862,194.73377196763215,-470.10923013747589,-5.6843418860808015e-14,0.00054193759569898248,0.0010918051702901721
2.0775028951466084,0,0.0016462659696117043,26,25,51,4.6999669075012207,-1.8522761352425661,6.9370415782348989,-178.83805079823895,0,-102.12167028007363,-108.87393755475533,-384.74889319007559,0,0.0010918051702901721,0.00061071611708030105
2.0775028951466084,0,0.0016462659696117043,26,25,52,3.8745615482330322,-1.3645738936479537,7.5765033765949807,458.50739135541619,0,442.90030412301769,-309.43122143432612,598.18840352705479,0,0.00061071611708030105,0.00051399087533354759
2.0775028951466084,0,0.0016462659696117043,26,25,53,2.9314992427825928,-0.90570857014237072,7.9005557968893561,135.12326072599885,0,143.72246658497224,88.2889648821252,374.1295394198433,0,0.00051399087533354759,0.00086634937906637788
2.0775028951466084,0,0.0016462659696117043,26,25,54,3.86997389793396,-0.90227522655775272,7.2210847122654842,-430.71844581378099,0,-315.17681811389986,216.48921101195879,-523.08724343001438,-1.1368683772161603e-13,0.00086634937906637788,0.0011694729328155518
2.0775028951466084,0,0.0016462659696117043,26,25,55,4.9315042495727539,-1.8398490041627664,6.786742140070829,-175.77039196561395,0,-166.68182631080259,-102.04838941097212,-439.5537145514806,0,0.0011694729328155518,0.00096905778627842665
2.0775028951466084,0,0.0016462659696117043,26,25,56,4.1990237236022949,-1.4148973536198928,7.3491995123226497,426.78720235180356,0,366.42143472209835,-304.36557273979503,494.77736649280968,0,0.00096905778627842665,0.00036435821675695479
2.0775028951466084,0,0.0016462659696117043,26,25,57,3.3506240844726562,-0.92986190748711739,7.7465757962995951,140.84640970851584,0,233.40840234328954,-32.509913468455593,348.56161247216227,0,0.00036435821675695479,0.0013062108773738146
2.0775028951466084,0,0.0016462659696117043,26,25,58,3.9927902221679688,-1.2449097916410472,7.163281326626084,-355.20308950007978,0,-194.3078450189611,108.71144519283459,-434.8811177912213,-1.1368683772161603e-13,0.0013062108773738146,0.00090661627473309636
2.0775028951466084,0,0.0016462659696117043,26,25,59,4.9705004692077637,-1.7431332597946854,6.6998744176373393,-166.94917114155635,0,-182.56436850966568,-89.672901611639148,-434.22970010501848,0,0.00090661627473309636,0.00047342534526251256
2.0775028951466084,0,0.0016462659696117043,26,25,60,4.1783747673034668,-1.1203069699943788,7.1684406763528461,429.57216502536505,0,325.74215258734387,-230.76290503918412,530.59954627988327,1.1368683772161603e-13,0.00047342534526251256,0.00075716071296483278
2.0775028951466084,0,0.0016462659696117043,26,25,61,3.4225723743438721,-0.63460963360060452,7.3354644408296625,96.090046492840798,0,27.209215662162158,67.424482175175058,197.42459913740709,0,0.00075716071296483278,0.00087872333824634552
2.0775028951466084,0,0.0016462659696117043,26,25,62,4.746211051940918,-1.323168414936176,6.6654306667476586,-383.8842947937593,0,-235.92457194757745,111.16099582521204,-503.30560866431324,0,0.00087872333824634552,0.00087106716819107533
2.0775028951466084,0,0.0016462659696117043,26,25,63,4.4988126754760742,-1.0835975178266635,6.8171738176861458,193.3540351298256,0,406.22569114319407,-257.59934410635162,347.71395846652757,5.6843418860808015e-14,0.00087106716819107533,0.00071661168476566672
2.0775028951466084,0,0.0016462659696117043,26,25,64,3.2200946807861328,-0.35345675370971458,7.2276657117579646,195.88613535783125,0,83.81390785596561,54.199312836279674,340.77356500812476,0,0.00071661168476566672,0.00043176417239010334
2.0775028951466084,0,0.0016462659696117043,26,25,65,4.1396417617797852,-0.64551215420741925,6.6365852628860527,-408.37241510108288,0,-435.53818360765126,202.31341790867145,-635.60610769138407,0,0.00043176417239010334,0.00057038146769627929
2.0775028951466084,0,0.0016462659696117043,26,25,66,5.0032439231872559,-1.6400384773214545,6.5145196872398801,-117.93759350702625,0,-132.96277850217203,-221.39888441790816,-467.42477521718803,0,0.00057038146769627929,0.00079882517457008362
2.0775028951466084,0,0.0016462659696117043,26,25,67,3.705329418182373,-2.533349333728959,7.137444412002079,478.03384649392979,0,181.57551124835121,-182.88761534728343,481.32583747327072,0,0.00079882517457008362,0.002104651415720582
2.0775028951466084,0,0.0016462659696117043,26,25,68,2.5039703845977783,-2.0648645384301902,7.2313106339388336,181.61707569386925,0,237.3035846661241,-43.758671699389808,380.32843475611219,5.6843418860808015e-14,0.002104651415720582,0.0030072876252233982
2.0775028951466084,0,0.0016462659696117043,26,25,69,2.4325237274169922,-1.1683845288242956,5.1760949846467623,-12.753043581442945,0,5.2950496760662391,-58.732733874786909,-62.183017324341151,0,0.0030072876252233982,0.0022800103761255741
2.0775028951466084,0,0.0016462659696117043,26,25,70,2.6680521965026855,0.21252362845695347,1.7439017879310674,-32.026346626696792,0,59.585311891388898,-72.927498902683539,-43.412108221603404,7.1054273576010019e-15,0.0022800103761255741,0.0013728918274864554
2.0775028951466084,0,0.0016462659696117043,26,25,71,2.0430910587310791,0.43284271189168588,0.091854103829226083,40.923020677635613,0,108.89884725729577,-70.496775371063393,79.849789379588898,-1.4210854715202004e-14,0.0013728918274864554,0.00081373011926189065
2.0775028951466084,0,0.0016462659696117043,26,25,72,1.4885797500610352,0.21358994091568698,0.0093663792064063063,17.064522066791941,0,94.347019022344242,-58.470168231148484,53.164329178109789,0,0.00081373011926189065,0.00048245670041069388
2.0775028951466084,0,0.0016462659696117043,26,25,73,1.1560510396957397,0.061553712330594812,0.0023860183182549404,8.7422918247289125,0,76.368079154155154,-49.691525619572772,35.482785089960153,7.1054273576010019e-15,0.00048245670041069388,0.00031061717891134322
2.0775028951466084,0,0.0016462659696117043,26,25,74,0.94534051418304443,0.022261165577346861,0.00087444477634226006,3.4673364581247985,0,65.071673875919757,-43.533832669191987,25.028313275206262,1.0658141036401503e-14,0.00031061717891134322,0.00021097871649544686
2.0775028951466084,0,0.0016462659696117043,26,25,75,0.8017163872718811,0.0097436674764693944,0.0004302081250746483,1.7520427552822697,0,56.067974998368257,-39.142520035439418,18.687671593812656,3.5527136788005009e-15,0.00021097871649544686,0.00014584677410311997
2.0775028951466084,0,0.0016462659696117043,26,25,76,0.70284020900726318,0.0045990855870967056,0.00025251345420899447,1.2237253432618758,0,49.327691897437845,-36.000349330971083,14.555919508769939,0,0.00014584677410311997,0.00010110864241141826
2.0775028951466084,0,0.0016462659696117043,26,25,77,0.63453054428100586,0.0022749928640784923,0.00015080665657435762,0.81959438431371001,0,44.829680290739539,-33.796130303846525,11.855570170727379,3.5527136788005009e-15,0.00010110864241141826,6.8271554482635111e-05
2.0775028951466084,0,0.0016462659696117043,26,25,78,0.5885271430015564,0.0011094221843622088,0.00012158055746162557,0.532879363357741,0,41.921979402625652,-32.338840293305068,10.117249475420147,1.7763568394002505e-15,6.8271554482635111e-05,4.2593448597472161e-05
2.0775028951466084,0,0.0016462659696117043,26,25,79,0.5599028468132019,0.0007088185065977677,0.00012391864228306141,0.28294960080450782,0,40.307591718649682,-31.518811437435424,9.0725626191676483,0,4.2593448597472161e-05,1.8857432223740034e-05
2.0775028951466084,0,0.0016462659696117043,26,25,80,0.54654335975646973,5.776430889147825e-06,6.6635495100489497e-05,-0.15018233450250779,0,40.004221954716101,-31.285789859600772,8.5683221725388101,0,1.8857432223740034e-05,1.8857432223740034e-05
2.0791491611162201,0,0.0016462659696117043,26,25,0,0.0089348778128623962,-5.657181717940415e-07,4.786542017267557,-0.41675439423357813,0,-89.787982265018172,142.0771771115802,56.658973983823429,-7.9200544007562712e-06,0.0010122624225914478,0.0010122624225914478
2.0791491611162201,0,0.0016462659696117043,26,25,1,-0.370685875415802,0.13085627031767974,9.369027227096316,4.0331451448263271,0,104.10276100875187,47.350778431740125,164.98656808273233,0,0.0010122624225914478,0.00041824628715403378
2.0791491611162201,0,0.0016462659696117043,26,25,2,-0.23903584480285645,0.51843714415001096,9.1236633759076327,3.0899979117927985,0,139.35455205480508,56.390312161165753,208.47696264782127,0,0.00041824628715403378,0.001466616871766746
2.0791491611162201,0,0.0016462659696117043,26,25,3,-0.21040454506874084,0.64361530117739385,8.8882833190147714,3.9517993974677181,0,-11.382684088052054,81.880889594653738,83.981898998516186,-4.5257453820113369e-06,0.001466616871766746,0.0014946359442546964
2.0791491611162201,0,0.0016462659696117043,26,25,4,0.457518070936203,-0.021910830511755023,8.5385670938569582,-42.297670577641391,0,-229.27431497363364,90.819689283537031,-172.23564000439279,-2.8421709430404007e-14,0.0014946359442546964,0.0011117496760562062
2.0791491611162201,0,0.0016462659696117043,26,25,5,1.053565502166748,-0.40442513239749878,8.4464212208806302,-12.594606287377619,0,-111.55994933145195,42.137042822814877,-73.975516707531554,0,0.0011117496760562062,0.00062360329320654273
2.0791491611162201,0,0.0016462659696117043,26,25,6,0.70129656791687012,0.03151050216892811,8.5975652762751871,53.898115430125777,0,182.24858010042487,42.667641210503945,287.44341251949874,5.6843418860808015e-14,0.00062360329320654273,0.00046505191130563617
2.0791491611162201,0,0.0016462659696117043,26,25,7,0.33706295490264893,0.36570115782002482,8.5607885036450284,17.357373998475531,0,104.54964215850617,101.81149379509702,232.64499961354377,0,0.00046505191130563617,0.00099674728699028492
2.0791491611162201,0,0.0016462659696117043,26,25,8,0.88279354572296143,0.36859593770509491,8.2541437972149279,-89.323695098554111,0,-217.90991489689398,125.45570741395586,-173.15516284657221,2.8421709430404007e-14,0.00099674728699028492,0.0016326690092682838
2.0791491611162201,0,0.0016462659696117043,26,25,9,1.582497239112854,-0.75965201826675688,8.1278551354163131,-36.708356937334763,0,-280.16782425568988,33.397973328792503,-276.1100047470826,0,0.0016326690092682838,0.0011273197596892715
2.0791491611162201,0,0.0016462659696117043,26,25,10,1.4526607990264893,-0.23610983333447655,8.3518936744010475,88.887811510059493,0,63.969709186209457,3.974183734089265,164.94748827142479,0,0.0011273197596892715,0.00049574259901419282
2.0791491611162201,0,0.0016462659696117043,26,25,11,0.97871333360671997,0.088774192672436372,8.4750222344920214,42.490630257422275,0,145.65999248867698,67.769162942885728,264.48358211614942,0,0.00049574259901419282,0.00063244457123801112
2.0791491611162201,0,0.0016462659696117043,26,25,12,1.1143356561660767,0.15943295804768395,8.178945143511033,-61.300243534601478,0,-168.9003104873471,121.65732173318793,-100.20485418720195,-1.4210854715202004e-14,0.00063244457123801112,0.0011096983216702938
2.0791491611162201,0,0.0016462659696117043,26,25,13,1.873544454574585,-0.3479421329710663,7.8757411350017827,-93.594369463607947,0,-319.05324574790313,113.27795848151908,-291.84185772796127,0,0.0011096983216702938,0.0015258478233590722
2.0791491611162201,0,0.0016462659696117043,26,25,14,2.1393144130706787,-0.9063557517309031,8.0231446618444373,11.421388262493515,0,1.8265184211626118,-31.528007752036107,-11.163312158266447,0,0.0015258478233590722,0.0012433627853170037
2.0791491611162201,0,0.0016462659696117043,26,25,15,1.7097920179367065,-0.22338513449631317,8.3080318473873405,147.26435112090337,0,129.67426329527865,-19.203063477043898,265.82019765202915,0,0.0012433627853170037,0.00082645012298598886
2.0791491611162201,0,0.0016462659696117043,26,25,16,1.4270163774490356,-0.0057805082793915162,8.3378587722770092,38.987884367488547,0,74.533812656911664,56.208816194418098,178.06259148281592,0,0.00082645012298598886,0.00084929045988246799
2.0791491611162201,0,0.0016462659696117043,26,25,17,1.7171615362167358,-0.10446382044897233,8.1288638109166218,-93.64954735121205,0,-99.464731891661856,72.172387338463594,-112.91749191394267,0,0.00084929045988246799,0.0013024770887568593
2.0791491611162201,0,0.0016462659696117043,26,25,18,2.1815929412841797,-0.45043216271864917,7.842676039296764,-130.91721400489078,0,-135.04585237711595,48.923814380230638,-209.64700812519797,2.8421709430404007e-14,0.0013024770887568593,0.0012540903408080339
2.0791491611162201,0,0.0016462659696117043,26,25,19,2.3958559036254883,-0.63260359696342283,7.6428021520202112,-88.965437094720386,0,-96.136824597030113,36.23883800921795,-141.85322512747575,0,0.0012540903408080339,0.0013756380649283528
2.0791491611162201,0,0.0016462659696117043,26,25,20,2.495537281036377,-0.62631677092027571,7.610012561064857,0.73556034420273586,0,-65.435036920535765,17.964385071065163,-39.75139571512328,0,0.0013756380649283528,0.00065549014834687114
2.0791491611162201,0,0.0016462659696117043,26,25,21,2.2807095050811768,-0.41706497350989302,7.7797647842842359,127.21066474925921,0,54.664631872689085,25.392834910638097,214.63083134336074,0,0.00065549014834687114,0.0014797169715166092
2.0791491611162201,0,0.0016462659696117043,26,25,22,2.062645435333252,-0.13989248667574597,7.9047681343965346,72.157180834005771,0,45.852534951306161,39.869282330634412,165.64387376366713,0,0.0014797169715166092,0.00115548400208354
2.0791491611162201,0,0.0016462659696117043,26,25,23,2.1190288066864014,-0.196417914965063,7.6470258038908261,-40.883628589897249,0,-96.187006061740931,84.87872522764323,-44.741301535069191,7.1054273576010019e-15,0.00115548400208354,0.0010972388554364443
2.0791491611162201,0,0.0016462659696117043,26,25,24,2.7734813690185547,-0.68026705009158628,7.2190639669558356,-149.96060918512754,0,-194.90118834052021,77.64252905157278,-260.68047155721069,0,0.0010972388554364443,0.00067408668110147119
2.0791491611162201,0,0.0016462659696117043,26,25,25,2.7717158794403076,-0.73587148919722256,7.3866172436414512,47.520760902255425,0,59.291609119574929,-26.686111908813018,86.777003867461573,1.4210854715202004e-14,0.00067408668110147119,0.0013477858155965805
2.0791491611162201,0,0.0016462659696117043,26,25,26,2.2523579597473145,-0.50111881375687994,7.7340564531577929,103.72313243526045,0,-7.3314178587468195,55.329663000977916,158.95431521689247,0,0.0013477858155965805,0.00078393425792455673
2.0791491611162201,0,0.0016462659696117043,26,25,27,2.6338660717010498,-0.52853634495287816,7.4172276881990555,-175.56039738024401,0,-250.72593167948926,98.559655228717375,-320.83798248776969,5.6843418860808015e-14,0.00078393425792455673,0.0009281306411139667
2.0791491611162201,0,0.0016462659696117043,26,25,28,3.2548575401306152,-1.0525107385684092,7.2450338253502133,-67.19754319912353,0,-146.54160768760082,-23.434961255730283,-230.98158905567283,0,0.0009281306411139667,0.00089212338207289577
2.0791491611162201,0,0.0016462659696117043,26,25,29,2.562699556350708,-0.79187419389580194,7.6872274343330256,265.36335081096053,0,142.27321429821563,-29.39098699222993,385.14093135738347,5.6843418860808015e-14,0.00089212338207289577,0.0014804531820118427
2.0791491611162201,0,0.0016462659696117043,26,25,30,2.063525915145874,-0.18746825348728127,7.830257393989541,35.388866821951588,0,-74.495072276507202,129.96058005064168,98.49716373658832,-1.4210854715202004e-14,0.0014804531820118427,0.0011584443273022771
2.0791491611162201,0,0.0016462659696117043,26,25,31,2.990288257598877,-0.80243898075405562,7.4001792053738704,-242.28624929347103,0,-328.20951655351479,144.37576698125076,-419.52225864111523,5.6843418860808015e-14,0.0011584443273022771,0.00071817863499745727
2.0791491611162201,0,0.0016462659696117043,26,25,32,3.3914146423339844,-1.0986529755326184,7.408628206269614,-65.3865209301227,0,81.490933270218036,-128.1052416829352,-105.69085411210285,1.4210854715202004e-14,0.00071817863499745727,0.00086228264262899756
2.0791491611162201,0,0.0016462659696117043,26,25,33,2.504676342010498,-0.68960649138973407,7.9195028298990824,238.84117950258806,0,208.24120299403515,-104.36528139493656,349.94699744019601,0,0.00086228264262899756,0.0010649204486981034
2.0791491611162201,0,0.0016462659696117043,26,25,34,2.2243592739105225,-0.19704020495403646,7.8479394811671357,29.35536032464303,0,-103.20944223228996,113.46963284961366,47.26645021817982,-7.1054273576010019e-15,0.0010649204486981034,0.0011344500817358494
2.0791491611162201,0,0.0016462659696117043,26,25,35,3.1384119987487793,-1.0381324455140919,7.3271082177140929,-243.80414808606582,0,-290.50795763930614,180.14841701094741,-347.87471294222456,0,0.0011344500817358494,0.00095806369790807366
2.0791491611162201,0,0.0016462659696117043,26,25,36,3.5461297035217285,-1.4265873539218448,7.4738521171684367,-51.29588425179918,0,181.29122202691588,-162.22994110095968,-26.187338562596398,1.0658141036401503e-14,0.00095806369790807366,0.001108890981413424
2.0791491611162201,0,0.0016462659696117043,26,25,37,2.6428532600402832,-0.6051707913767862,8.0010352642543836,240.84467267086933,0,245.72248482938329,-148.44415863105255,345.51886334207768,0,0.001108890981413424,0.0008303147042170167
2.0791491611162201,0,0.0016462659696117043,26,25,38,2.4988272190093994,-0.37116712679589886,7.8226439588335372,-13.553050539776457,0,-162.59591097491131,118.13440912186609,-50.56307556078405,-7.1054273576010019e-15,0.0008303147042170167,0.0011433331528678536
2.0791491611162201,0,0.0016462659696117043,26,25,39,3.4751837253570557,-1.3276415485205515,7.2880120005795783,-269.420156552604,0,-286.62291298611012,192.32868225781235,-357.75401682884274,0,0.0011433331528678536,0.00088438764214515686
2.0791491611162201,0,0.0016462659696117043,26,25,40,3.7378201484680176,-1.6905095897362319,7.4860704982428441,-8.262055931565639,0,231.94655038141073,-189.00410591177612,40.475949446575591,7.1054273576010019e-15,0.00088438764214515686,0.0012086530914530158
2.0791491611162201,0,0.0016462659696117043,26,25,41,2.7967634201049805,-0.84040885300852808,8.007886111314809,259.42977277151766,0,277.8570148735086,-172.02249550024231,372.43176940309024,-5.6843418860808015e-14,0.0012086530914530158,0.0012989512179046869
2.0791491611162201,0,0.0016462659696117043,26,25,42,2.6470479965209961,-0.27802558983721248,7.7690393334651926,-18.031583338383548,0,-109.35866298732996,95.893954997260863,-24.005277584824668,0,0.0012989512179046869,0.00092597340699285269
2.0791491611162201,0,0.0016462659696117043,26,25,43,3.550384521484375,-1.1702768561089465,7.1636671464192476,-293.84614742742843,0,-274.23265315387528,213.99404086620785,-348.09136942478557,0,0.00092597340699285269,0.0011185642797499895
2.0791491611162201,0,0.0016462659696117043,26,25,44,4.0804080963134766,-2.1531935109014246,7.3399149456871662,-113.04602308257428,0,184.49689799047712,-219.40552891926544,-142.76793257657684,2.8421709430404007e-14,0.0011185642797499895,0.00096199422841891646
2.0791491611162201,0,0.0016462659696117043,26,25,45,3.1078543663024902,-1.0370824725872421,7.9880480721845073,333.65706574571522,0,259.53216323486703,-242.50638154847954,357.63381303169996,5.6843418860808015e-14,0.00096199422841891646,0.00067744147963821888
2.0791491611162201,0,0.0016462659696117043,26,25,46,2.7344584465026855,-0.31289306363756642,7.8263545043223344,69.909804298991389,0,-113.93350364750327,104.08490241750468,67.574664509677561,0,0.00067744147963821888,0.0011132677318528295
2.0791491611162201,0,0.0016462659696117043,26,25,47,3.8041045665740967,-0.93734862177263967,7.1253821691430863,-352.38047262500373,0,-269.11284033870396,221.10474717453826,-394.20053224179895,5.6843418860808015e-14,0.0011132677318528295,0.00059288193006068468
2.0791491611162201,0,0.0016462659696117043,26,25,48,4.4927306175231934,-1.645695659039395,7.2385031747750226,-163.64226330546157,0,212.2993121503464,-246.56231834701111,-192.31246198639067,0,0.00059288193006068468,0.00092660228256136179
2.0791491611162201,0,0.0016462659696117043,26,25,49,3.3426921367645264,-1.1228442159948751,7.9308686736885967,413.38520308964149,0,339.22525320661435,-263.35435433630403,496.06412641764553,0,0.00092660228256136179,0.00079456501407548785
2.0791491611162201,0,0.0016462659696117043,26,25,50,2.8311948776245117,-0.4345575450999366,7.7833542660842694,109.90450408543985,0,-49.910499283765439,117.0233205294811,184.36612205213984,-2.8421709430404007e-14,0.00079456501407548785,0.0006553810671903193
2.0791491611162201,0,0.0016462659696117043,26,25,51,4.0665678977966309,-0.7726578790363019,6.9882079582828105,-404.7733975555459,0,-293.62167045686056,238.43654166015796,-453.742976273002,5.6843418860808015e-14,0.0006553810671903193,0.0012261298252269626
2.0791491611162201,0,0.0016462659696117043,26,25,52,4.8593387603759766,-2.1792765129301608,7.0424614623942023,-200.2279544401699,0,286.0662100991018,-321.61148668119102,-230.91004607279507,0,0.0012261298252269626,0.0007445985684171319
2.0791491611162201,0,0.0016462659696117043,26,25,53,3.5474159717559814,-1.2380866647710393,7.8023725795836416,476.38662000151754,0,365.67356435047742,-295.78649739624677,552.83797287056075,0,0.0007445985684171319,0.00073716125916689634
2.0791491611162201,0,0.0016462659696117043,26,25,54,3.0088331699371338,-0.6971458174652333,7.7134269743051513,123.00251808229743,0,-126.84295698908383,151.96048175710933,155.13632400716284,0,0.00073716125916689634,0.001001382595859468
2.0791491611162201,0,0.0016462659696117043,26,25,55,4.2078819274902344,-1.128074280493111,6.9158147009928426,-466.84417639460315,0,-241.4312092713854,232.5141150573175,-469.97353018817131,0,0.001001382595859468,0.0010486866813153028
2.0791491611162201,0,0.0016462659696117043,26,25,56,5.0135588645935059,-1.9440373198620751,6.8500901295119823,-142.84758569516546,0,129.79808768872093,-274.39022150482873,-282.53366670162336,0,0.0010486866813153028,0.0012071727542206645
2.0791491611162201,0,0.0016462659696117043,26,25,57,3.9244492053985596,-1.1160092090432596,7.5302576132053334,495.44196314954257,0,275.19457317872161,-232.94916590866325,544.10161882376303,-1.1368683772161603e-13,0.0012071727542206645,0.00064672186272218823
2.0791491611162201,0,0.0016462659696117043,26,25,58,3.276860237121582,-0.67035623343992645,7.6162529982179175,91.50912323088437,0,29.519011277379612,97.929743884533522,225.9037751575755,2.8421709430404007e-14,0.00064672186272218823,0.0010269857011735439
2.0791491611162201,0,0.0016462659696117043,26,25,59,4.2556428909301758,-1.1530377262598668,6.8883519123431007,-441.83903493571353,0,-214.38709280047962,163.01358296401955,-487.4772305860904,0,0.0010269857011735439,0.00083127577090635896
2.0791491611162201,0,0.0016462659696117043,26,25,60,5.0518827438354492,-1.5769676897844804,6.7124214809695593,-107.55024754766477,0,81.942494040689425,-196.06484799117368,-216.53714770696394,0,0.00083127577090635896,0.00056217180099338293
2.0791491611162201,0,0.0016462659696117043,26,25,61,3.7475857734680176,-0.94518381845198718,7.2978820855228692,393.67105623896276,0,277.34926244846929,-194.63688481065802,482.73613214384488,0,0.00056217180099338293,0.00085283321095630527
2.0791491611162201,0,0.0016462659696117043,26,25,62,3.9176361560821533,-0.90992995914029784,7.0571231802525887,-131.61157196320542,0,-256.90491373611098,111.34217046403811,-271.02712201416603,0,0.00085283321095630527,0.001150095253251493
2.0791491611162201,0,0.0016462659696117043,26,25,63,5.0712423324584961,-1.516919534439402,6.6013953297277759,-214.31757735152956,0,6.2103364205752545,-124.75705904902634,-327.7798241846923,0,0.001150095253251493,0.00086480553727596998
2.0791491611162201,0,0.0016462659696117043,26,25,64,3.7810986042022705,-0.64493512167218936,7.1111752886948221,425.47480860516742,0,421.2772340794001,-198.36986441927581,654.84841843231436,0,0.00086480553727596998,0.00050901825306937099
2.0791491611162201,0,0.0016462659696117043,26,25,65,3.0932650566101074,-0.30412556341110236,7.128370292526502,93.486837753513342,0,-133.39029851321484,182.25850053428545,149.17928450369934,0,0.00050901825306937099,0.00034938415046781301
2.0791491611162201,0,0.0016462659696117043,26,25,66,4.2337384223937988,-0.9657889714232416,6.4621438017406723,-332.4580690751788,0,-417.87401838173912,258.06466314276105,-486.77106948383943,0,0.00034938415046781301,0.000941795005928725
2.0791491611162201,0,0.0016462659696117043,26,25,67,4.4977197647094727,-2.5932639795854939,6.6465939487814323,-6.3670358284168298,0,47.494113313491241,-224.1867435685092,-179.00633611423888,-2.8421709430404007e-14,0.000941795005928725,0.0015651951543986797
2.0791491611162201,0,0.0016462659696117043,26,25,68,3.1300921440124512,-2.879483997141143,7.1480222103782838,389.55747954734341,0,120.59163541839844,-137.98106979710587,376.43658338187311,0,0.0015651951543986797,0.002614783588796854
2.0791491611162201,0,0.0016462659696117043,26,25,69,2.3301539421081543,-1.4786153227453991,5.6709761898414408,136.47041219711008,0,136.03217522102079,-55.465362950282497,221.2295853349444,-2.8421709430404007e-14,0.002614783588796854,0.0023749154061079025
2.0791491611162201,0,0.0016462659696117043,26,25,70,2.5965843200683594,0.48581755150528061,2.2210850658393415,-33.76770862289559,0,52.02869294281431,-64.432855864839183,-43.464968927575839,0,0.0023749154061079025,0.0014626821503043175
2.0791491611162201,0,0.0016462659696117043,26,25,71,2.1745450496673584,0.45509102865030182,0.15302432581067238,29.184468179307487,0,105.81829910184462,-62.621978419690329,72.988904215922744,-1.4210854715202004e-14,0.0014626821503043175,0.00087781425099819899
2.0791491611162201,0,0.0016462659696117043,26,25,72,1.5761023759841919,0.21759762821684148,0.0088344643527544144,19.834640295525517,0,86.697350748872964,-51.025642944005853,55.732780192962224,0,0.00087781425099819899,0.00052621652139350772
2.0791491611162201,0,0.0016462659696117043,26,25,73,1.2144651412963867,0.075305651230185983,0.002899228838622315,9.8337567851707171,0,66.990734738497125,-42.598777468887796,34.303918934848852,-7.1054273576010019e-15,0.00052621652139350772,0.00033452536445111036
2.0791491611162201,0,0.0016462659696117043,26,25,74,0.98654377460479736,0.026048350409565813,0.001323357614517092,3.9157111038526327,0,55.504067124723953,-36.956657431553225,22.490492505047445,3.5527136788005009e-15,0.00033452536445111036,0.00022623105905950069
2.0791491611162201,0,0.0016462659696117043,26,25,75,0.8324812650680542,0.011321463468260682,0.00051788643104501864,2.0013208105015963,0,46.87082766053544,-33.060895813310744,15.823092007625599,1.7763568394002505e-15,0.00022623105905950069,0.00015564404020551592
2.0791491611162201,0,0.0016462659696117043,26,25,76,0.72680312395095825,0.0052437098594781692,0.00033200844172390378,1.3260071887222384,0,40.560490370168495,-30.335238507134804,11.556834770057131,1.7763568394002505e-15,0.00015564404020551592,0.00010748668864835054
2.0791491611162201,0,0.0016462659696117043,26,25,77,0.65404796600341797,0.0025844455380674143,0.00020341361253362221,0.89088392545050787,0,36.430874436942474,-28.452419813515249,8.8721264080283326,-3.5527136788005009e-15,0.00010748668864835054,7.23512057447806e-05
2.0791491611162201,0,0.0016462659696117043,26,25,78,0.60518282651901245,0.0012834377448719945,0.00012859481192593306,0.57849887673121247,0,33.86379924868384,-27.220222274912583,7.2234878830592653,-1.7763568394002505e-15,7.23512057447806e-05,4.5009997847955674e-05
2.0791491611162201,0,0.0016462659696117043,26,25,79,0.57483869791030884,0.00083847918487166891,0.00010287585299361615,0.30470938456439384,0,32.524287235764533,-26.531874506455093,6.2980634689117005,4.4408920985006262e-15,4.5009997847955674e-05,1.9814948245766573e-05
2.0791491611162201,0,0.0016462659696117043,26,25,80,0.56064909696578979,-1.5231963501989419e-05,5.1437926496808075e-05,-0.16187686054983422,0,32.461071624375577,-26.338932929655702,5.9602980401330372,8.8817841970012523e-16,1.9814948245766573e-05,1.9814948245766573e-05
2.0807954270858318,0,0.0016462659696117043,26,25,0,0.0089348778128623962,0,4.7426077783278604,-0.36807773985973158,0,-94.26640644573628,147.20853962894685,57.316655301624309,-7.9200543865454165e-06,0.00094536319375038147,0.00094536319375038147
2.0807954270858318,0,0.0016462659696117043,26,25,1,-0.099074102938175201,0.073509419242917762,9.3730743748973318,1.2421587041716129,0,81.189591040212164,46.651659389291673,138.5299929278157,0,0.00094536319375038147,0.00064395676599815488
2.0807954270858318,0,0.0016462659696117043,26,25,2,0.10417268425226212,0.16491193854150926,9.1301227459931766,1.4017772177796453,0,49.122567014090698,57.057230525275685,116.87660944168071,0,0.00064395676599815488,0.0010580406524240971
2.0807954270858318,0,0.0016462659696117043,26,25,3,-0.072148002684116364,0.53325500022381223,8.9311534420733238,0.98090100094637578,0,123.48052730873653,70.790161340701147,204.71599582980849,-2.2628726696893864e-06,0.0010580406524240971,0.0014208898646757007
2.0807954270858318,0,0.0016462659696117043,26,25,4,0.17397239804267883,0.57554978790165023,8.7179687719326289,-17.463774272226555,0,-128.3046731786014,89.163320785468571,-47.311603579779735,4.5257453749059096e-06,0.0014208898646757007,0.0014787070685997605
2.0807954270858318,0,0.0016462659696117043,26,25,5,0.93178212642669678,-0.35798645911126947,8.4300334968800996,-45.62078058217633,0,-333.6981957196773,100.79613376887032,-270.45079549521449,-5.6843418860808015e-14,0.0014787070685997605,0.00095547479577362537
2.0807954270858318,0,0.0016462659696117043,26,25,6,1.1745048761367798,-0.21527499878547379,8.3911607384234443,9.2318688563448514,0,1.8272425404225081,32.600066316312692,51.835063452718018,0,0.00095547479577362537,0.00035188297624699771
2.0807954270858318,0,0.0016462659696117043,26,25,7,0.72005850076675415,0.051836756081488022,8.5671375586870724,53.182758013274153,0,227.9260954266141,41.659377553024235,331.38720530768103,0,0.00035188297624699771,0.00059759389841929078
2.0807954270858318,0,0.0016462659696117043,26,25,8,0.59773409366607666,0.24899519613342944,8.4780539181746644,-0.87031893846945085,0,14.202368280125535,113.46449160286839,135.52359005883258,0,0.00059759389841929078,0.00091491459170356393
2.0807954270858318,0,0.0016462659696117043,26,25,9,1.1279467344284058,0.2483830890715483,8.1402488891239759,-93.882677546935696,0,-239.47503729673835,151.66609107199847,-173.30299179348006,0,0.00091491459170356393,0.0017327321693301201
2.0807954270858318,0,0.0016462659696117043,26,25,10,1.7242082357406616,-0.86846960576585619,8.10930014509964,-22.942849806704707,0,-120.51734078233308,9.5557674012964995,-126.6635926484075,0,0.0017327321693301201,0.0010199137032032013
2.0807954270858318,0,0.0016462659696117043,26,25,11,1.4141236543655396,-0.087732139799991754,8.3821562022829976,110.0403488585964,0,175.90674362225243,-11.377434223417804,282.86408231991408,5.6843418860808015e-14,0.0010199137032032013,0.00028087061946280301
2.0807954270858318,0,0.0016462659696117043,26,25,12,0.9493718147277832,0.10853246554051507,8.378579732000917,30.749796783425477,0,144.31595473038331,88.797803486054377,272.35066719740462,0,0.00028087061946280301,0.00069153372896835208
2.0807954270858318,0,0.0016462659696117043,26,25,13,1.3930951356887817,0.1062990101982722,8.0224465656204433,-126.69458495273106,0,-158.05075920439376,150.2388158047797,-126.3777827765264,0,0.00069153372896835208,0.0012187478132545948
2.0807954270858318,0,0.0016462659696117043,26,25,14,2.1209366321563721,-0.70774454741379467,7.8262713437510802,-81.070147568292256,0,-230.38295966351649,36.225731450613829,-268.10884898485762,5.6843418860808015e-14,0.0012187478132545948,0.00095202383818104863
2.0807954270858318,0,0.0016462659696117043,26,25,15,2.1474027633666992,-0.5973044801979901,8.0240164335471729,57.311142943758348,0,62.750002704840007,-38.162098763502719,89.325758838444827,1.4210854715202004e-14,0.00095202383818104863,0.0011348489206284285
2.0807954270858318,0,0.0016462659696117043,26,25,16,1.7201547622680664,-0.18240960159509895,8.2721975612313905,148.33206496962057,0,152.10972273657396,-6.3451674267679596,302.18640823906287,0,0.0011348489206284285,0.00091450748732313514
2.0807954270858318,0,0.0016462659696117043,26,25,17,1.5312693119049072,-0.055189767685711308,8.3045736122031624,36.462808096303903,0,37.114515430210638,51.152943109895631,132.97965048092763,0,0.00091450748732313514,0.0012675706529989839
2.0807954270858318,0,0.0016462659696117043,26,25,18,1.8364582061767578,-0.23036609673625166,8.1066112866291018,-89.592814021494604,0,-106.32996177088739,58.808404337446078,-129.23812626504306,2.8421709430404007e-14,0.0012675706529989839,0.0012473914539441466
2.0807954270858318,0,0.0016462659696117043,26,25,19,2.162327766418457,-0.37295932196414239,7.84051160157148,-116.03460809201859,0,-156.23148197583012,45.558687355640217,-219.23985043260114,2.8421709430404007e-14,0.0012473914539441466,0.001202426734380424
2.0807954270858318,0,0.0016462659696117043,26,25,20,2.430095911026001,-0.62308482300481627,7.5775261950495842,-111.30828168267496,0,-184.86105756627902,71.769414970331269,-217.44548290657795,0,0.001202426734380424,0.001326799625530839
2.0807954270858318,0,0.0016462659696117043,26,25,21,2.6340489387512207,-0.75500407776729705,7.4984370974782619,-7.8847897971596277,0,-124.52867183445503,12.117122047401949,-113.55290656450174,0,0.001326799625530839,0.0010980311781167984
2.0807954270858318,0,0.0016462659696117043,26,25,22,2.3353393077850342,-0.39681792014138428,7.7167946945818411,158.68334978983924,0,-6.9779028360654101,12.829365751436022,171.85478947965029,-2.8421709430404007e-14,0.0010980311781167984,0.0012354451464489102
2.0807954270858318,0,0.0016462659696117043,26,25,23,2.0453727245330811,-0.099376882648200299,7.8358670553810512,59.002251063320337,0,-2.8711328654891197,35.833331223675984,99.700939594240054,0,0.0012354451464489102,0.001242174650542438
2.0807954270858318,0,0.0016462659696117043,26,25,24,2.3443319797515869,-0.38675831961054263,7.4461969843402844,-132.29166477210009,0,-195.68483020358005,91.42020138576909,-229.49685492518131,0,0.001242174650542438,0.00083062669727951288
2.0807954270858318,0,0.0016462659696117043,26,25,25,2.9145739078521729,-0.87852072052412089,7.1799513439943397,-60.205882097120089,0,-177.28930452517258,0.60043969030607258,-230.59331630851639,-2.8421709430404007e-14,0.00083062669727951288,0.00077091943239793181
2.0807954270858318,0,0.0016462659696117043,26,25,26,2.5140390396118164,-0.72235817922757828,7.5676023668799735,196.98954828606134,0,33.410573003914699,-27.635142610833206,209.61022286679523,2.8421709430404007e-14,0.00077091943239793181,0.0013587310677394271
2.0807954270858318,0,0.0016462659696117043,26,25,27,2.1056814193725586,-0.31718064166159349,7.6975489623774083,34.262716548960753,0,-75.506666882582437,102.18032394012523,68.316741927219368,0,0.0013587310677394271,0.00077953829895704985
2.0807954270858318,0,0.0016462659696117043,26,25,28,2.8746004104614258,-0.73497935164030337,7.2930378408177967,-200.33468961907863,0,-284.98712757800422,107.26986857023289,-371.49389013767245,0,0.00077953829895704985,0.00096103525720536709
2.0807954270858318,0,0.0016462659696117043,26,25,29,3.1967439651489258,-1.111555309876725,7.3216020827480213,-35.031441555266738,0,24.397605399836522,-64.758275060236613,-69.182064442795536,0,0.00096103525720536709,0.00080382562009617686
2.0807954270858318,0,0.0016462659696117043,26,25,30,2.2256784439086914,-0.57797785029499016,7.8123637282156961,217.21159238563141,0,137.52458501566721,-18.427242101990924,343.54332117722839,0,0.00080382562009617686,0.0015516338171437383
2.0807954270858318,0,0.0016462659696117043,26,25,31,2.2996430397033691,-0.33164492387802352,7.7291024591273922,-58.562421024859283,0,-261.04079330093515,149.87168734001224,-162.33406945053278,5.6843418860808015e-14,0.0015516338171437383,0.0012688569258898497
2.0807954270858318,0,0.0016462659696117043,26,25,32,3.2174193859100342,-0.95160924544722392,7.3135762390447789,-191.35778315414328,0,-275.96561536665928,102.07749900521995,-358.88393252198506,5.6843418860808015e-14,0.0012688569258898497,0.00097575457766652107
2.0807954270858318,0,0.0016462659696117043,26,25,33,3.0807821750640869,-0.87258463974748601,7.5803909918715489,117.12715923135023,0,189.46913530048155,-86.963826636514824,226.34027424744102,-2.8421709430404007e-14,0.00097575457766652107,0.0009404996526427567
2.0807954270858318,0,0.0016462659696117043,26,25,34,2.3021724224090576,-0.42029409283449343,7.9831404670441941,133.55380464209946,0,195.93754782528387,19.494449067226199,356.54864790881925,5.6843418860808015e-14,0.0009404996526427567,0.00098061445169150829
2.0807954270858318,0,0.0016462659696117043,26,25,35,2.5657176971435547,-0.44428959480930946,7.665930973755839,-166.73034230121564,0,-190.58080318827447,147.87746289825765,-202.21204121228595,-5.6843418860808015e-14,0.00098061445169150829,0.0012352498015388846
2.0807954270858318,0,0.0016462659696117043,26,25,36,3.5030183792114258,-1.5780991261280686,7.2967585692336856,-157.01671690126173,0,-273.32431795426129,62.409811476540696,-362.21256393587669,0,0.0012352498015388846,0.00086157239275053144
2.0807954270858318,0,0.0016462659696117043,26,25,37,3.2116692066192627,-1.2089929106320154,7.6814605032897569,212.06962152110725,0,286.69575938365568,-177.36606116672161,327.87178733069914,0,0.00086157239275053144,0.00084437231998890638
2.0807954270858318,0,0.0016462659696117043,26,25,38,2.4155869483947754,-0.50714031797745573,8.0468148758704725,105.96949520331098,0,211.49626389112132,2.5813403376785908,327.58677399000391,0,0.00084437231998890638,0.0011488049058243632
2.0807954270858318,0,0.0016462659696117043,26,25,39,2.8862254619598389,-0.92756452599146177,7.621322964473535,-249.70572005422125,0,-223.67870149576592,146.41821776571447,-320.27244534579063,0,0.0011488049058243632,0.00068345299223437905
2.0807954270858318,0,0.0016462659696117043,26,25,40,3.8044543266296387,-1.6560828103917054,7.2501937407951464,-146.95189366025809,0,-244.20082061663706,7.183263058172022,-378.37534028831971,0,0.00068345299223437905,0.0010170636232942343
2.0807954270858318,0,0.0016462659696117043,26,25,41,3.4098851680755615,-1.4570937063358385,7.6797401543293313,266.12020026140425,0,325.71492570317179,-234.19088561553355,363.86688679703593,-5.6843418860808015e-14,0.0010170636232942343,0.0006985010695643723
2.0807954270858318,0,0.0016462659696117043,26,25,42,2.6075289249420166,-0.67582107097945687,8.0237488488519144,113.48020499080815,0,297.63488421905822,-23.34966000691449,395.11335698082434,5.6843418860808015e-14,0.0006985010695643723,0.0010704053565859795
2.0807954270858318,0,0.0016462659696117043,26,25,43,2.9773335456848145,-0.82206261269724734,7.6001085330312588,-232.17001358501474,0,-128.21574228199538,123.49028481576363,-230.11742513091249,-2.8421709430404007e-14,0.0010704053565859795,0.00056151894386857748
2.0807954270858318,0,0.0016462659696117043,26,25,44,3.8453741073608398,-1.6484631523358115,7.1704518044535739,-165.69586552652768,0,-291.33606042492363,93.945639716583685,-357.56429758274987,0,0.00056151894386857748,0.0011688908562064171
2.0807954270858318,0,0.0016462659696117043,26,25,45,3.6966147422790527,-1.7655730367970677,7.5257969254207371,167.84649972841993,0,316.40072448697669,-261.00096674164081,229.00648136237947,0,0.0011688908562064171,0.00089100864715874195
2.0807954270858318,0,0.0016462659696117043,26,25,46,2.8457043170928955,-0.71029254205955494,7.986966984758209,178.19358465693117,0,288.40612907553094,-118.78177174021344,355.09461643494734,5.6843418860808015e-14,0.00089100864715874195,0.00085022824350744486
2.0807954270858318,0,0.0016462659696117043,26,25,47,3.1551456451416016,-0.6553539532421202,7.6190640518135613,-217.41231824447468,0,-180.5112007601555,126.48784890403066,-264.47196000202808,-5.6843418860808015e-14,0.00085022824350744486,0.00087051832815632224
2.0807954270858318,0,0.0016462659696117043,26,25,48,4.1761331558227539,-1.2514687281248273,7.0841045427381335,-229.11625784217975,0,-333.06126041867248,134.91963839011601,-421.42524405612289,0,0.00087051832815632224,0.00057872495381161571
2.0807954270858318,0,0.0016462659696117043,26,25,49,4.1593456268310547,-1.4297870559015118,7.4110121426455544,113.31510579955177,0,370.28939016076083,-291.71231279236582,197.87340825469084,0,0.00057872495381161571,0.00062940403586253524
2.0807954270858318,0,0.0016462659696117043,26,25,50,3.1347105503082275,-0.93058885533787272,7.9349944563154899,278.92784243504337,0,326.65251532088558,-148.27761120127639,464.30715215563021,0,0.00062940403586253524,0.00033063991577364504
2.0807954270858318,0,0.0016462659696117043,26,25,51,3.3195862770080566,-0.69647317855897017,7.5312900488688568,-172.01366124527158,0,-191.38124461816392,151.7594662505621,-204.80062274256352,2.8421709430404007e-14,0.00033063991577364504,0.00090752635151147842
2.0807954270858318,0,0.0016462659696117043,26,25,52,4.4791994094848633,-1.4121615405410968,6.8838963160220512,-316.04923699822302,0,-292.71217666643071,163.97202721641838,-439.31765167275438,5.6843418860808015e-14,0.00090752635151147842,0.00089612411102280021
2.0807954270858318,0,0.0016462659696117043,26,25,53,4.4575343132019043,-1.618076732174238,7.22797346244342,89.250015963859667,0,511.6169047055518,-334.4614174196081,272.01539998007257,5.6843418860808015e-14,0.00089612411102280021,0.0007351594977080822
2.0807954270858318,0,0.0016462659696117043,26,25,54,3.2642288208007812,-1.0440408061003088,7.8414931225995428,329.5859224427258,0,336.17338017385509,-184.29877896096949,488.25797597211067,0,0.0007351594977080822,0.00053792312974110246
2.0807954270858318,0,0.0016462659696117043,26,25,55,3.4341804981231689,-0.83845033669777713,7.4628381500817778,-152.98511050986269,0,-202.06721736030667,126.67756815012351,-221.75037190666188,-2.8421709430404007e-14,0.00053792312974110246,0.0013021229533478618
2.0807954270858318,0,0.0016462659696117043,26,25,56,4.5484333038330078,-1.7618800285715963,6.7577236264486542,-359.23006152821551,0,-263.15420777286869,163.03950643352383,-454.34891926968328,0,0.0013021229533478618,0.00069454155163839459
2.0807954270858318,0,0.0016462659696117043,26,25,57,4.8201851844787598,-1.7202448682820701,6.9828540015049514,-48.261100433573475,0,335.89227707716333,-309.19313102167217,-16.299345244859442,2.4868995751603507e-14,0.00069454155163839459,0.00090308493236079812
2.0807954270858318,0,0.0016462659696117043,26,25,58,3.6487579345703125,-0.97232358202563451,7.6549305839053039,392.9110206637755,0,241.31563983750593,-251.91182179142154,388.9974457117396,0,0.00090308493236079812,0.0011517050443217158
2.0807954270858318,0,0.0016462659696117043,26,25,59,3.4531257152557373,-0.81838827317144502,7.4142457877155286,15.282392156260975,0,-160.17387687440993,66.212741005664469,-72.082886197940411,0,0.0011517050443217158,0.00084906286792829633
2.0807954270858318,0,0.0016462659696117043,26,25,60,4.6954050064086914,-1.460099932700752,6.6769447286981825,-380.62749601044936,0,-234.64577733460044,132.62475963165241,-477.43166891739997,0,0.00084906286792829633,0.00081308709923177958
2.0807954270858318,0,0.0016462659696117043,26,25,61,4.5422978401184082,-1.1505253718589294,6.8896049780936242,129.31727250014973,0,346.49483128056602,-229.29844624796968,252.25273713898076,-2.8421709430404007e-14,0.00081308709923177958,0.00064842932624742389
2.0807954270858318,0,0.0016462659696117043,26,25,62,3.4714534282684326,-0.64166809923007884,7.2866208995951371,197.33118775288045,0,96.17245126461701,16.284862859661516,316.43345467752403,0,0.00064842932624742389,0.00084149610484018922
2.0807954270858318,0,0.0016462659696117043,26,25,63,4.5316295623779297,-1.2364409906092906,6.7070171752744105,-361.28395339698557,0,-303.17381726185755,130.39403783961563,-528.59315663456243,0,0.00084149610484018922,0.0014160363934934139
2.0807954270858318,0,0.0016462659696117043,26,25,64,4.8591532707214355,-1.4602300478802646,6.6961915923389599,-45.587362478332111,0,370.38787038010673,-247.64704899833586,82.389420447897464,2.8421709430404007e-14,0.0014160363934934139,0.0011000116355717182
2.0807954270858318,0,0.0016462659696117043,26,25,65,3.3388538360595703,-0.60401106912460845,7.2518603465292522,343.78010817521454,0,299.93367322152528,-151.82492663165672,498.53670404248771,0,0.0011000116355717182,0.001215617754496634
2.0807954270858318,0,0.0016462659696117043,26,25,66,3.4323837757110596,-0.51572735410711745,6.8920319090506208,-140.32156806894295,0,-303.39032892056662,139.48043113664733,-297.8551612979187,0,0.001215617754496634,0.00088690133998170495
2.0807954270858318,0,0.0016462659696117043,26,25,67,4.2030277252197266,-1.8904377859572767,6.4390653289223341,-186.40683495037979,0,-368.37959802471016,73.513021736235743,-476.72478369588913,5.6843418860808015e-14,0.00088690133998170495,0.0012801977572962642
2.0807954270858318,0,0.0016462659696117043,26,25,68,3.7498068809509277,-3.5132269505025593,6.6860278996645075,185.04751827570232,0,-2.9819231122532646,-163.6470424925769,21.591353620034116,3.1974423109204508e-14,0.0012801977572962642,0.0025665098801255226
2.0807954270858318,0,0.0016462659696117043,26,25,69,2.6943566799163818,-2.0380217768967346,5.919445833793274,233.17262911226726,0,177.06308966838097,-89.931991482830071,324.18515135471472,5.6843418860808015e-14,0.0025665098801255226,0.002455931855365634
2.0807954270858318,0,0.0016462659696117043,26,25,70,2.5250294208526611,0.14555504271631842,2.7268812374406148,11.129713024607256,0,96.091929202916532,-77.146652182395741,32.947426325284979,0,0.002455931855365634,0.0016072863945737481
2.0807954270858318,0,0.0016462659696117043,26,25,71,2.2947041988372803,0.73249839459790056,0.2740273766580581,14.270363078629805,0,89.330393201708162,-71.309382004519094,33.297900047074826,-7.1054273576010019e-15,0.0016072863945737481,0.00095275271451100707
2.0807954270858318,0,0.0016462659696117043,26,25,72,1.6678533554077148,0.22622276358701243,0.0052057518758684218,22.99237956408162,0,68.850924705244921,-56.841117132159617,35.233615652629808,7.1054273576010019e-15,0.00095275271451100707,0.00057641702005639672
2.0807954270858318,0,0.0016462659696117043,26,25,73,1.270938515663147,0.091916658226564044,0.0034498483017882989,9.3525071250435872,0,52.773449601617727,-46.528572692345413,15.692750540844251,0,0.00057641702005639672,0.00036080446443520486
2.0807954270858318,0,0.0016462659696117043,26,25,74,1.0235691070556641,0.030767709927804109,0.0016004209895637727,4.4022830405400004,0,42.420861366731259,-39.963273010568962,6.8922395276196697,4.4408920985006262e-15,0.00036080446443520486,0.00024227445828728378
2.0807954270858318,0,0.0016462659696117043,26,25,75,0.85853028297424316,0.013268367812736253,0.00056231005128447374,2.2683035816253891,0,35.70856547519584,-35.561714089288856,2.4289856453963941,-8.8817841970012523e-16,0.00024227445828728378,0.00016568262071814388
2.0807954270858318,0,0.0016462659696117043,26,25,76,0.74582874774932861,0.0060413756928765902,0.00036707975720631254,1.4172462154691816,0,30.89295516110699,-32.538190325554545,-0.22158049352829018,3.0531133177191805e-15,0.00016568262071814388,0.00011381051444914192
2.0807954270858318,0,0.0016462659696117043,26,25,77,0.66865384578704834,0.0029348147180118991,0.00021510406253732415,0.95373747720951307,0,27.780038874738469,-30.473110814219073,-1.7361845434905392,1.9984014443252818e-15,0.00011381051444914192,7.6300806540530175e-05
2.0807954270858318,0,0.0016462659696117043,26,25,78,0.61707460880279541,0.0014154364993351574,0.00010521394644722624,0.61760131676561669,0,25.923433298327165,-29.13084714811216,-2.5882918825735963,0,7.6300806540530175e-05,4.7317524149548262e-05
2.0807954270858318,0,0.0016462659696117043,26,25,79,0.58520698547363281,0.00090394563756144056,3.7409400303844577e-05,0.31969865324424873,0,25.017053220714875,-28.383700895751083,-3.0460076667540936,-4.4408920985006262e-16,4.7317524149548262e-05,2.0740031686727889e-05
2.0807954270858318,0,0.0016462659696117043,26,25,80,0.57046133279800415,-7.014263096481749e-06,7.014263096481749e-06,-0.17223176596635237,0,25.178640433560751,-28.173995958085094,-3.1675872904906948,-8.8817841970012523e-16,2.0740031686727889e-05,2.0740031686727889e-05
2.0824416930554435,0,0.0016462659696117043,26,25,0,0.0089348778128623962,0,4.7536879344406184,-0.35125328143057682,0,-62.263747570328846,156.19614495594718,98.334838827246429,6.7886180517007233e-06,0.00099146144930273294,0.00099146144930273294
2.0824416930554435,0,0.0016462659696117043,26,25,1,0.12898311018943787,0.099141543888733988,9.4144278075373045,-1.0279234953858964,0,-85.346940741092226,50.84596632689869,-26.015328558153389,1.0658141036401503e-14,0.00099146144930273294,0.0010639383690431714
2.0824416930554435,0,0.0016462659696117043,26,25,2,0.2965826690196991,-0.010535369513320436,9.0790791267885442,3.1053492401026013,0,-165.69103203046788,61.519651670350079,-91.997487362739975,0,0.0010639383690431714,0.0010968304704874754
2.0824416930554435,0,0.0016462659696117043,26,25,3,0.26486897468566895,0.18601718637662956,8.8420845102333825,12.583165203071255,0,58.547648991957395,69.502016537780747,149.6609324294194,0,0.0010968304704874754,0.00093084177933633327
2.0824416930554435,0,0.0016462659696117043,26,25,4,0.096084915101528168,0.65948199874170133,8.8092598447513772,5.5904903341039596,0,19.386672966881374,85.064950598307078,119.51085574278548,0,0.00093084177933633327,0.0015751742757856846
2.0824416930554435,0,0.0016462659696117043,26,25,5,0.48654818534851074,0.32327795211718963,8.5446123582407498,-43.461402640220854,0,-274.2896051336661,97.84948431606476,-211.03363314746426,-2.8421709430404007e-14,0.0015751742757856846,0.0014270978281274438
2.0824416930554435,0,0.0016462659696117043,26,25,6,1.2598391771316528,-0.49001602891725005,8.2871873956294166,-49.421067076001478,0,-303.19380295343069,66.17095932436844,-278.64673933835161,-5.6843418860808015e-14,0.0014270978281274438,0.00081737252185121179
2.0824416930554435,0,0.0016462659696117043,26,25,7,1.2656099796295166,-0.11734522322072265,8.420603540674465,29.527773120424357,0,81.979424122944138,32.038801477967013,151.84925703878923,0,0.00081737252185121179,0.0002461281546857208
2.0824416930554435,0,0.0016462659696117043,26,25,8,0.82084196805953979,0.054634798159181354,8.5725220642462077,51.886331096318678,0,170.79927704046236,53.231382621576195,284.5441476207626,0,0.0002461281546857208,0.0008811271982267499
2.0824416930554435,0,0.0016462659696117043,26,25,9,0.84264391660690308,0.28041914342207308,8.341994737830996,-21.93241379144531,0,-82.734535687164069,91.679942964293915,-4.3645926330623945,6.2172489379008766e-15,0.0008811271982267499,0.0011688914382830262
2.0824416930554435,0,0.0016462659696117043,26,25,10,1.5156862735748291,-0.20152804721087858,8.0322985475822364,-84.444760555187329,0,-259.68082491892375,115.0129482282308,-221.28186674550892,0,0.0011688914382830262,0.0014504402643069625
2.0824416930554435,0,0.0016462659696117043,26,25,11,1.8797931671142578,-0.6975463459308634,8.116510223199155,-7.0595834885817208,0,27.521166239325517,-19.076487430414012,8.8040591975980735,-1.7763568394002505e-15,0.0014504402643069625,0.0010391883552074432
2.0824416930554435,0,0.0016462659696117043,26,25,12,1.3977334499359131,-0.037439794327501462,8.396817354423213,98.228877550796724,0,237.85833243113072,-17.395879040120519,327.05070850190259,-5.6843418860808015e-14,0.0010391883552074432,0.00056945049436762929
2.0824416930554435,0,0.0016462659696117043,26,25,13,1.1850436925888062,0.12655341790301428,8.2872054986109145,6.9014358422203532,0,25.227880543233702,90.142855011311894,130.68593031327987,0,0.00056945049436762929,0.00091680069454014301
2.0824416930554435,0,0.0016462659696117043,26,25,14,1.6795581579208374,-0.052976112479481224,7.9144492694704462,-148.54864904025558,0,-168.39893031179486,133.81427033988419,-175.27183585517531,-2.8421709430404007e-14,0.00091680069454014301,0.0012142000487074256
2.0824416930554435,0,0.0016462659696117043,26,25,15,2.2944567203521729,-0.70416015707730761,7.8027012618414533,-77.816752145503841,0,-165.1605965696123,-4.1259591309635448,-240.00476674131554,0,0.0012142000487074256,0.00051901116967201233
2.0824416930554435,0,0.0016462659696117043,26,25,16,2.2176339626312256,-0.49205600864473936,7.9956694273949163,83.051120627590763,0,72.573404584594201,-25.960109938840915,137.16802869209423,-2.8421709430404007e-14,0.00051901116967201233,0.0010334766702726483
2.0824416930554435,0,0.0016462659696117043,26,25,17,1.7501891851425171,-0.22658200788512131,8.2189035151393615,139.88079667544403,0,125.82737972707916,23.870156930928005,297.57065484070546,5.6843418860808015e-14,0.0010334766702726483,0.00093782879412174225
2.0824416930554435,0,0.0016462659696117043,26,25,18,1.6236978769302368,-0.0899203376884911,8.2512512802025437,37.656084224687135,0,-4.6946099857601666,67.862863975116326,108.98566915655734,-1.4210854715202004e-14,0.00093782879412174225,0.0016938066110014915
2.0824416930554435,0,0.0016462659696117043,26,25,19,1.8014006614685059,-0.23456542272547881,8.1031349484634276,-52.464467913419945,0,-95.619224150056183,53.597642143231781,-86.617480394506401,0,0.0016938066110014915,0.0011233646655455232
2.0824416930554435,0,0.0016462659696117043,26,25,20,2.0721228122711182,-0.35645449430205123,7.8202413537579281,-104.05362046547715,0,-167.81666601491219,51.014346683551466,-213.39215293738201,-2.8421709430404007e-14,0.0011233646655455232,0.0012119297171011567
2.0824416930554435,0,0.0016462659696117043,26,25,21,2.447110652923584,-0.70689710159244712,7.4627849725736297,-120.46983855888388,0,-234.51471174855919,82.50470023407297,-265.72396220238892,0,0.0012119297171011567,0.0010087919654324651
2.0824416930554435,0,0.0016462659696117043,26,25,22,2.618257999420166,-0.79985364870895692,7.3970145779208538,10.075105734494178,0,-107.45480862921042,6.5516862396904054,-84.230855725813939,0,0.0010087919654324651,0.0014939488610252738
2.0824416930554435,0,0.0016462659696117043,26,25,23,2.2095069885253906,-0.29140765319100054,7.6948029663715198,171.50431575786047,0,32.51729948490653,17.0305608735028,228.45557142945032,2.8421709430404007e-14,0.0014939488610252738,0.0010983102256432176
2.0824416930554435,0,0.0016462659696117043,26,25,24,1.9665191173553467,-0.056738704040083396,7.6943141858710895,19.597853297539402,0,-30.330314496167507,88.381941795095884,85.287056078298789,0,0.0010983102256432176,0.0012674606405198574
2.0824416930554435,0,0.0016462659696117043,26,25,25,2.5349559783935547,-0.50350275013281998,7.2367981002052355,-180.22720118642414,0,-192.92412552522512,110.31804859476667,-256.09998276681017,0,0.0012674606405198574,0.00085079565178602934
2.0824416930554435,0,0.0016462659696117043,26,25,26,2.8591132164001465,-0.82422761614070317,7.2025597050119163,-11.587501220713742,0,-18.856789646961452,-18.238971094417867,-42.304929873221852,0,0.00085079565178602934,0.0011497489176690578
2.0824416930554435,0,0.0016462659696117043,26,25,27,2.218148946762085,-0.48327832549118305,7.6630656112157025,153.52400006307758,0,117.0463475219458,-3.6140792261427985,274.13605564460511,0,0.0011497489176690578,0.0010380607564002275
2.0824416930554435,0,0.0016462659696117043,26,25,28,2.2630226612091064,-0.35769511425279554,7.5886052197259986,-40.579498500740776,0,-180.65131783694545,114.97761120834785,-99.022295023865169,0,0.0010380607564002275,0.00080136419273912907
2.0824416930554435,0,0.0016462659696117043,26,25,29,3.0828518867492676,-0.9527440760998428,7.2058035330089831,-179.12422272974999,0,-203.35745305759005,77.95288656636437,-298.27572976406651,0,0.00080136419273912907,0.0010480019263923168
2.0824416930554435,0,0.0016462659696117043,26,25,30,2.7912421226501465,-0.88189183510984159,7.5240929822872937,152.56150074282331,0,192.53520107073479,-86.596118876339446,265.14278408439611,0,0.0010480019263923168,0.00080420658923685551
2.0824416930554435,0,0.0016462659696117043,26,25,31,2.032397985458374,-0.39104137188919535,7.8987098584947919,84.729484248178579,0,58.858296154452944,67.705005976458907,218.80045486569603,2.8421709430404007e-14,0.00080420658923685551,0.0011718692258000374
2.0824416930554435,0,0.0016462659696117043,26,25,32,2.626600980758667,-0.49754121203845442,7.5310564072639066,-238.8604410749013,0,-303.56896914198302,124.53055454453076,-410.86534047712814,-1.1368683772161603e-13,0.0011718692258000374,0.0011096791131421924
2.0824416930554435,0,0.0016462659696117043,26,25,33,3.4533984661102295,-1.0897502686630955,7.3220999147391996,-100.18711326533447,0,-158.73635531966366,-104.91503273704988,-357.60615167597189,5.6843418860808015e-14,0.0011096791131421924,0.0012166297528892756
2.0824416930554435,0,0.0016462659696117043,26,25,34,2.8891463279724121,-0.74894636758372646,7.7866614545165769,278.84674107793495,0,182.86589176948652,-135.48923059995047,333.26111733440388,5.6843418860808015e-14,0.0012166297528892756,0.00088646053336560726
2.0824416930554435,0,0.0016462659696117043,26,25,35,2.2328228950500488,-0.23045491448922331,7.966945087222074,64.468917003982014,0,70.53920875969331,81.877033659594787,224.62164959600298,0,0.00088646053336560726,0.00092579808551818132
2.0824416930554435,0,0.0016462659696117043,26,25,36,2.9067201614379883,-0.64752724233534964,7.467427255891371,-289.68550298391585,0,-262.63791074056257,172.96645736744321,-372.53705634347921,-1.1368683772161603e-13,0.00092579808551818132,0.0011598758865147829
2.0824416930554435,0,0.0016462659696117043,26,25,37,3.7514333724975586,-1.8691294452984824,7.3476709418224626,-104.60554416537018,0,-66.580303941987864,-132.14235138070944,-297.84965799154349,0,0.0011598758865147829,0.00091017497470602393
2.0824416930554435,0,0.0016462659696117043,26,25,38,2.9548819065093994,-1.0485156368391997,7.886953103448568,336.83073563798899,0,254.05521480071482,-158.41846696456915,439.30592094074404,0,0.00091017497470602393,0.00088784733088687062
2.0824416930554435,0,0.0016462659696117043,26,25,39,2.3589718341827393,-0.35101963982562584,7.9848297015051708,61.325949768327803,0,65.492821637475487,113.38027653294245,247.83285800042529,0,0.00088784733088687062,0.0012663716915994883
2.0824416930554435,0,0.0016462659696117043,26,25,40,3.1815478801727295,-1.0745347127145231,7.4108678845117471,-335.10168366920846,0,-229.20995887441035,209.27625906413101,-348.69905030769058,0,0.0012663716915994883,0.00094420928508043289
2.0824416930554435,0,0.0016462659696117043,26,25,41,4.0089068412780762,-1.9529932042397466,7.2964140468670635,-113.02270644240561,0,9.7478038290210165,-145.28482630012465,-243.21630807088195,-2.8421709430404007e-14,0.00094420928508043289,0.00093485595425590873
2.0824416930554435,0,0.0016462659696117043,26,25,42,3.2579905986785889,-1.1888052576715451,7.8553368119815152,366.25083222446676,0,298.83605324737437,-202.34643774692273,469.40697927922838,5.6843418860808015e-14,0.00093485595425590873,0.00072927097789943218
2.0824416930554435,0,0.0016462659696117043,26,25,43,2.598499059677124,-0.45321719327839127,7.9892711548719264,76.178359908062305,0,154.78642958078092,69.128769265267167,307.6296127157039,-5.6843418860808015e-14,0.00072927097789943218,0.00081882969243451953
2.0824416930554435,0,0.0016462659696117043,26,25,44,3.2567281723022461,-0.97589778943502925,7.3921737275248125,-308.53693414835408,0,-212.895986420501,199.83244050041449,-315.18420413035079,5.6843418860808015e-14,0.00081882969243451953,0.00071720097912475467
2.0824416930554435,0,0.0016462659696117043,26,25,45,4.0736203193664551,-1.8623413929551258,7.1530463534619866,-117.35293961658593,0,-58.262780475114162,-110.47742724386985,-280.80244237506309,0,0.00071720097912475467,0.00083376379916444421
2.0824416930554435,0,0.0016462659696117043,26,25,46,3.4302845001220703,-1.4331972050410864,7.7470826797815224,350.28183018597207,0,382.39116087985298,-254.01756059920021,484.96931594136527,0,0.00083376379916444421,0.00047694850945845246
2.0824416930554435,0,0.0016462659696117043,26,25,47,2.7197544574737549,-0.59938462591567676,8.0075591262115111,94.811107056011821,0,158.60080019421105,45.423132230187612,306.24321398070634,5.6843418860808015e-14,0.00047694850945845246,0.00095527921803295612
2.0824416930554435,0,0.0016462659696117043,26,25,48,3.4823551177978516,-0.70254276882414846,7.376315515733082,-360.3511429663871,0,-300.51253415788642,194.71856546317431,-459.47133891419026,1.1368683772161603e-13,0.00095527921803295612,0.00082367303548380733
2.0824416930554435,0,0.0016462659696117043,26,25,49,4.4850978851318359,-1.5380321366107557,7.0285940128490152,-163.02067933276652,0,-173.8128079584101,-65.725408743754201,-397.06833415869255,0,0.00082367303548380733,0.00083982804790139198
2.0824416930554435,0,0.0016462659696117043,26,25,50,3.8990836143493652,-1.4948191883400959,7.6305713251460245,386.7785994755651,0,428.29366006009201,-315.45965909681536,505.74835257564763,-5.6843418860808015e-14,0.00083982804790139198,0.00056906417012214661
2.0824416930554435,0,0.0016462659696117043,26,25,51,2.9824299812316895,-0.84142601428141384,7.941705005269311,145.78157211241358,0,195.20314607189698,21.992515690016706,370.07751286531516,0,0.00056906417012214661,0.00020884741388726979
2.0824416930554435,0,0.0016462659696117043,26,25,52,3.7559657096862793,-0.59927091656314613,7.2695678910245771,-394.86440477927198,0,-287.6948991384607,197.27876151846394,-478.61024542480732,-1.1368683772161603e-13,0.00020884741388726979,0.0014113163342699409
2.0824416930554435,0,0.0016462659696117043,26,25,53,4.9053440093994141,-2.2325337873410236,6.8579179718550964,-202.63000284909813,0,-133.30311455432334,-103.84391552781116,-435.15164874671859,0,0.0014113163342699409,0.00071098096668720245
2.0824416930554435,0,0.0016462659696117043,26,25,54,4.0680313110351562,-1.5294615063080759,7.4785356979127195,467.23766280043083,0,487.31430375261368,-322.20149905415457,638.29954169049461,0,0.00071098096668720245,0.00056807120563462377
2.0824416930554435,0,0.0016462659696117043,26,25,55,3.0691204071044922,-0.95349930985918785,7.8527627942998519,149.68935411037035,0,264.48644238722602,47.809829310806059,468.88488929284307,0,0.00056807120563462377,0.00063117814715951681
2.0824416930554435,0,0.0016462659696117043,26,25,56,3.8004541397094727,-1.1370731594518388,7.2580532633558814,-368.42608648119551,0,-182.88182239320426,164.71859417337154,-380.46833459712417,-5.6843418860808015e-14,0.00063117814715951681,0.0010734965326264501
2.0824416930554435,0,0.0016462659696117043,26,25,57,4.7933521270751953,-1.8370583164213063,6.7555659773414316,-199.31237804795691,0,-180.76971133593852,16.169872721189972,-358.99370900178536,0,0.0010734965326264501,0.00086794712115079165
2.0824416930554435,0,0.0016462659696117043,26,25,58,4.2891511917114258,-1.3186952813518005,7.1863784681440919,323.61787632651186,0,363.08208634316026,-270.03768545744362,422.52996039902081,0,0.00086794712115079165,0.00049959361786022782
2.0824416930554435,0,0.0016462659696117043,26,25,59,3.3344581127166748,-0.83711128178514072,7.6633835448282506,178.38359355072799,0,291.60224666486158,-72.867541827964118,403.94457065066854,0,0.00049959361786022782,0.0010611744364723563
2.0824416930554435,0,0.0016462659696117043,26,25,60,3.9094254970550537,-1.1905635097494809,7.1186382428171298,-317.75337926446315,0,-182.6146223863025,114.17912490046012,-380.26080201723784,5.6843418860808015e-14,0.0010611744364723563,0.0010972657473757863
2.0824416930554435,0,0.0016462659696117043,26,25,61,4.9575729370117188,-1.8210066290148224,6.6679713070571855,-172.15964368806667,0,-94.725805807196039,-138.41742406311943,-400.45590888033979,0,0.0010972657473757863,0.00057124736486002803
2.0824416930554435,0,0.0016462659696117043,26,25,62,3.992387056350708,-1.1135607807957348,7.1409846763211657,369.18467381786292,0,346.57129827441105,-206.91707851538862,514.86631747241086,1.1368683772161603e-13,0.00057124736486002803,0.00074907316593453288
2.0824416930554435,0,0.0016462659696117043,26,25,63,3.6614246368408203,-0.72590240357386793,7.1478264718908431,50.931941911775262,0,-185.46461096940263,67.681544512438265,-60.429200476872133,-2.1316282072803006e-14,0.00074907316593453288,0.0012026273179799318
2.0824416930554435,0,0.0016462659696117043,26,25,64,4.9947881698608398,-1.6288123659203737,6.6124907602311724,-311.77099558690327,0,-169.78279462938283,18.609864979336791,-457.96024684263847,0,0.0012026273179799318,0.0012385746231302619
2.0824416930554435,0,0.0016462659696117043,26,25,65,4.1595778465270996,-1.0935513290593797,6.9820891505366864,450.29906507293487,0,460.18850662919164,-258.46104602562832,657.91506349797544,-1.1368683772161603e-13,0.0012385746231302619,0.0011180603178218007
2.0824416930554435,0,0.0016462659696117043,26,25,66,2.9420349597930908,-0.70416468282268196,7.2685954214872632,149.20709068327935,0,236.14426973102999,69.847240394936335,461.76303154791026,0,0.0011180603178218007,0.0017035632627084851
2.0824416930554435,0,0.0016462659696117043,26,25,67,3.4182119369506836,-1.1447923839059686,6.6889390853765605,-233.75974500819123,0,-251.54701050828575,132.2138943635872,-347.54871445141919,0,0.0017035632627084851,0.0015846922760829329
2.0824416930554435,0,0.0016462659696117043,26,25,68,3.7853519916534424,-3.6170424579266558,6.4079429094192575,-85.953390621255437,0,-250.45605243132587,-45.401987947798638,-379.02053054888734,5.6843418860808015e-14,0.0015846922760829329,0.0026235813274979591
2.0824416930554435,0,0.0016462659696117043,26,25,69,3.2280516624450684,-3.0989345617526287,5.9321235780231785,156.24205411702459,0,39.72764460339868,-134.18581593213702,64.617071804556815,0,0.0026235813274979591,0.002676644129678607
2.0824416930554435,0,0.0016462659696117043,26,25,70,2.5792696475982666,-0.46639899239936422,3.156212395210432,69.789310854144631,0,152.34455461255837,-91.584721281617547,133.23895758789652,-2.8421709430404007e-14,0.002676644129678607,0.0017430672887712717
2.0824416930554435,0,0.0016462659696117043,26,25,71,2.3495213985443115,1.0041055582022522,0.46049805686415207,14.040093153982758,0,80.164201962235907,-78.694529512350229,16.974369218934843,3.5527136788005009e-15,0.0017430672887712717,0.0010327746858820319
2.0824416930554435,0,0.0016462659696117043,26,25,72,1.7258572578430176,0.28367677930695917,0.0029296237600253214,20.436238576647423,0,64.574493592074916,-61.102776212427742,24.19456235936158,-3.5527136788005009e-15,0.0010327746858820319,0.00061986630316823721
2.0824416930554435,0,0.0016462659696117043,26,25,73,1.2967729568481445,0.10797663307278947,0.0037549687292209063,11.916975483966592,0,46.856236657448527,-48.882105110860607,10.00283863235652,-1.7763568394002505e-15,0.00061986630316823721,0.00038016334292478859
2.0824416930554435,0,0.0016462659696117043,26,25,74,1.034915566444397,0.035020139809997894,0.0016202947407585871,4.6825171941198969,0,40.332429009264132,-41.49833342962328,3.5532532083115029,0,0.00038016334292478859,0.00025292264763265848
2.0824416930554435,0,0.0016462659696117043,26,25,75,0.86252903938293457,0.01467923133143955,0.00056347908937910446,2.4207668917965703,0,35.029558845191012,-36.709877587780547,0.75569085962785498,3.3306690738754696e-16,0.00025292264763265848,0.00017185912292916328
2.0824416930554435,0,0.0016462659696117043,26,25,76,0.74546396732330322,0.00659381751161331,0.00035772738339187219,1.4415404166387049,0,31.223588015175672,-33.486279672536867,-0.81419969582748197,1.1102230246251565e-15,0.00017185912292916328,0.00011738333705579862
2.0824416930554435,0,0.0016462659696117043,26,25,77,0.66579562425613403,0.0031368873222754378,0.0001940612732478789,0.96916121744530581,0,28.71227000992906,-31.310699562141206,-1.6259373861713162,-4.4408920985006262e-16,0.00011738333705579862,7.8410266723949462e-05
2.0824416930554435,0,0.0016462659696117043,26,25,78,0.61281359195709229,0.0015100602613410451,8.3002110430975944e-05,0.62636315981036284,0,27.20809327730932,-29.906234051609196,-2.0701845521177411,0,7.8410266723949462e-05,4.8569898353889585e-05
2.0824416930554435,0,0.0016462659696117043,26,25,79,0.5801924467086792,0.00093901695034629481,2.3380875189902861e-06,0.3200245069112021,0,26.458702255242564,-29.126900698145725,-2.3472325809540937,1.7763568394002505e-15,4.8569898353889585e-05,2.1332358301151544e-05
2.0824416930554435,0,0.0016462659696117043,26,25,80,0.56524664163589478,-1.7501262842896368e-05,-1.8704700151922288e-05,-0.17567133245086014,0,26.612432774118563,-28.907275326619153,-2.470550090914446,8.8817841970012523e-16,2.1332358301151544e-05,2.1332358301151544e-05
